Date,Open,High,Low,Close,Volume,Dividends,Stock Splits
2021-10-29 00:00:00-04:00,18.20667613565398,18.25030196651598,18.119423087089817,18.17759132385254,3866300,0.0,0.0
2021-11-01 00:00:00-04:00,18.16304874303954,18.17759114880021,18.083068285036116,18.119422912597656,467000,0.0,0.0
2021-11-02 00:00:00-04:00,18.16304874303954,18.17759114880021,18.03216986487375,18.119422912597656,333800,0.0,0.0
2021-11-03 00:00:00-04:00,18.141239784069075,18.148509601416798,18.032173108087747,18.06852912902832,112000,0.0,0.0
2021-11-04 00:00:00-04:00,18.09034096323774,18.104883371299238,18.0321727178321,18.0757999420166,308000,0.0,0.0
2021-11-05 00:00:00-04:00,18.068526268228382,18.13396570871996,18.06125506519152,18.112152099609375,542700,0.0,0.0
2021-11-08 00:00:00-05:00,18.126692767505308,18.126692767505308,18.05398213094913,18.083066940307617,383100,0.0,0.0
2021-11-09 00:00:00-05:00,18.10487841940611,18.133963227574082,18.032167785826168,18.06125259399414,294500,0.0,0.0
2021-11-10 00:00:00-05:00,18.061252802042727,18.068524004168477,17.959458745962227,17.995813369750977,255700,0.0,0.0
2021-11-11 00:00:00-05:00,18.046710397791227,18.075795206294227,17.959458745962227,17.995813369750977,234100,0.0,0.0
2021-11-12 00:00:00-05:00,18.003086870219366,18.032170295595268,17.93037622651935,17.988544464111328,166000,0.0,0.0
2021-11-15 00:00:00-05:00,18.024900304803015,18.046712526913634,17.92310484987285,17.930376052856445,167800,0.0,0.0
2021-11-16 00:00:00-05:00,17.9594600841681,17.995814710665726,17.835852412500024,17.944917678833008,206000,0.0,0.0
2021-11-17 00:00:00-05:00,17.944917719964028,17.959460125332452,17.879478282646225,17.90856170654297,116500,0.0,0.0
2021-11-18 00:00:00-05:00,17.95946372404136,17.981275949624614,17.901295477752043,17.9740047454834,241700,0.0,0.0
2021-11-19 00:00:00-05:00,17.9740043069788,18.01763153076172,17.95946328589151,18.01763153076172,100200,0.0,0.0
2021-11-22 00:00:00-05:00,17.923107490299408,18.06125759365961,17.886752856865844,17.952192306518555,134800,0.0,0.0
2021-11-23 00:00:00-05:00,17.923107490299408,17.995818144006904,17.814042203158348,17.952192306518555,130700,0.0,0.0
2021-11-24 00:00:00-05:00,17.959461212158203,17.959461212158203,17.879479364631834,17.959461212158203,235500,0.0,0.0
2021-11-26 00:00:00-05:00,17.923110256365643,17.923110256365643,17.77769031334842,17.814044952392578,234500,0.0,0.0
2021-11-29 00:00:00-05:00,17.959462952040866,17.959462952040866,17.86493868910868,17.901294708251953,312500,0.0,0.0
2021-11-30 00:00:00-05:00,17.930378015276265,17.94492042283507,17.74133087753271,17.80677032470703,1645900,0.0,0.0
2021-12-01 00:00:00-05:00,17.806767282666105,17.92310374958145,17.704973220825195,17.704973220825195,112700,0.0,0.0
2021-12-02 00:00:00-05:00,17.784955588062502,17.82131160465917,17.726787348348065,17.792226791381836,99100,0.0,0.0
2021-12-03 00:00:00-05:00,17.814044952392578,17.872213206967587,17.768237607934328,17.814044952392578,102400,0.0,0.0
2021-12-06 00:00:00-05:00,17.87220993980964,17.908564572207933,17.806770492020448,17.864938735961914,158500,0.0,0.0
2021-12-07 00:00:00-05:00,17.930376399661274,17.959461212158203,17.864936958383367,17.959461212158203,113800,0.0,0.0
2021-12-08 00:00:00-05:00,17.959460474321244,17.966730290306618,17.923104460193713,17.937646865844727,156600,0.0,0.0
2021-12-09 00:00:00-05:00,17.974002231566477,17.995815840939176,17.92310519653704,17.959461212158203,107800,0.0,0.0
2021-12-10 00:00:00-05:00,17.995818357907037,17.995818357907037,17.923834407697303,17.9740047454834,59500,0.0,0.0
2021-12-13 00:00:00-05:00,17.908564858144768,18.032172551849005,17.908564858144768,18.01763153076172,65600,0.0,0.0
2021-12-14 00:00:00-05:00,17.995815840338473,18.04671287536621,17.886750567159005,18.04671287536621,77300,0.0,0.0
2021-12-15 00:00:00-05:00,18.0394418447197,18.104881286621094,18.024900825172885,18.104881286621094,62500,0.0,0.0
2021-12-16 00:00:00-05:00,18.03217064152619,18.104881286621094,18.03217064152619,18.104881286621094,512200,0.0,0.0
2021-12-17 00:00:00-05:00,18.119421565165684,18.119421565165684,18.0605266291068,18.083066940307617,123500,0.0,0.0
2021-12-20 00:00:00-05:00,18.07579864047042,18.104882067658906,18.071435640998054,18.09033966064453,61400,0.0,0.0
2021-12-21 00:00:00-05:00,18.119424039257936,18.155778669079996,18.104881632593017,18.13396644592285,61600,0.0,0.0
2021-12-22 00:00:00-05:00,18.14123652123867,18.16304874303954,18.097609303956645,18.119422912597656,149000,0.0,0.0
2021-12-23 00:00:00-05:00,18.141237474928435,18.170320901138563,18.09033905209033,18.163049697875977,59300,0.0,0.0
2021-12-27 00:00:00-05:00,18.17031938284909,18.17031938284909,18.104879945794067,18.155776977539062,57200,0.0,0.0
2021-12-28 00:00:00-05:00,18.17032012090218,18.17759132385254,18.141236695940897,18.17759132385254,79700,0.0,0.0
2021-12-29 00:00:00-05:00,18.14123876699072,18.279387478298492,18.14123876699072,18.235761642456055,95200,0.0,0.0
2021-12-30 00:00:00-05:00,18.250300590319792,18.352094650268555,18.235758185515667,18.352094650268555,75500,0.0,0.0
2021-12-31 00:00:00-05:00,18.35209908247526,18.366641490791512,18.1848655473595,18.279388427734375,1161000,0.0,0.0
2022-01-03 00:00:00-05:00,18.235756866898228,18.315738700697416,18.19213104248047,18.19213104248047,27700,0.0,0.0
2022-01-04 00:00:00-05:00,18.213946908899434,18.21976470366954,18.068527002770956,18.13396644592285,40600,0.0,0.0
2022-01-05 00:00:00-05:00,18.177589262374724,18.33755154862122,17.995813369750977,17.995813369750977,46900,0.0,0.0
2022-01-06 00:00:00-05:00,18.03217209712415,18.264846457577892,17.953645037871638,18.235761642456055,51800,0.0,0.0
2022-01-07 00:00:00-05:00,18.14123595906914,18.18122549341156,18.097608743139055,18.155776977539062,35700,0.0,0.0
2022-01-10 00:00:00-05:00,18.155776377463663,18.243029419599885,18.03943991250874,18.228487014770508,52600,0.0,0.0
2022-01-11 00:00:00-05:00,18.19213273792691,18.301198002555807,18.19213273792691,18.257572174072266,38600,0.0,0.0
2022-01-12 00:00:00-05:00,18.264847015555247,18.286659240722656,18.184865158367128,18.286659240722656,22400,0.0,0.0
2022-01-13 00:00:00-05:00,18.28665524724797,18.28665524724797,18.228487014770508,18.228487014770508,35300,0.0,0.0
2022-01-14 00:00:00-05:00,18.257574862693737,18.279387086727546,18.184864213287028,18.243032455444336,14200,0.0,0.0
2022-01-18 00:00:00-05:00,18.184862743137813,18.228488574518806,18.046712659117798,18.112152099609375,37900,0.0,0.0
2022-01-19 00:00:00-05:00,18.112149621448104,18.14850424481808,18.05761629955315,18.06125259399414,35800,0.0,0.0
2022-01-20 00:00:00-05:00,18.148509085814293,18.26484696267856,18.083071023661155,18.15287208557129,38200,0.0,0.0
2022-01-21 00:00:00-05:00,18.213943676356028,18.25029968656599,18.032167785826168,18.06125259399414,84600,0.0,0.0
2022-01-24 00:00:00-05:00,18.090342836032182,18.090342836032182,17.814043988461783,17.857669830322266,55000,0.0,0.0
2022-01-25 00:00:00-05:00,17.857667317677578,17.915835560920556,17.814041481955424,17.84312629699707,12000,0.0,0.0
2022-01-26 00:00:00-05:00,17.85839420186776,17.974002589375967,17.5231990814209,17.5231990814209,29900,0.0,0.0
2022-01-27 00:00:00-05:00,17.65407690609554,17.763142174898228,17.101477972409764,17.1741886138916,46500,0.0,0.0
2022-01-28 00:00:00-05:00,17.261440135568694,17.31960837091898,16.930608036981422,16.992412567138672,37900,0.0,0.0
2022-01-31 00:00:00-05:00,17.12510583746515,17.33889389038086,17.121420466870504,17.33889389038086,73900,0.32,0.0
2022-02-01 00:00:00-05:00,17.244536618273216,17.508453369140625,17.154598649037315,17.508453369140625,95500,0.0,0.0
2022-02-02 00:00:00-05:00,17.54530838992064,17.6116563093708,17.33889389038086,17.33889389038086,36300,0.0,0.0
2022-02-03 00:00:00-05:00,17.235686581348208,17.361010282758965,17.102992138172194,17.305721282958984,73000,0.0,0.0
2022-02-04 00:00:00-05:00,17.176710875462664,17.302772776444968,17.110362950554116,17.169340133666992,58200,0.0,0.0
2022-02-07 00:00:00-05:00,17.169342389284836,17.346269743586937,17.153123099360617,17.243061065673828,47300,0.0,0.0
2022-02-08 00:00:00-05:00,17.25043498157683,17.28582073728071,16.8818359375,16.8818359375,38200,0.0,0.0
2022-02-09 00:00:00-05:00,16.940811281025038,16.992414920858316,16.7122802734375,16.7122802734375,40800,0.0,0.0
2022-02-10 00:00:00-05:00,16.786000206923486,16.889207485639485,16.25521670245557,16.35105323791504,56100,0.0,0.0
2022-02-11 00:00:00-05:00,16.402656611152732,16.402656611152732,15.709690050503418,15.893989562988281,62500,0.0,0.0
2022-02-14 00:00:00-05:00,15.805525302099289,15.857128936433435,15.237882512236517,15.311602592468262,101500,0.0,0.0
2022-02-15 00:00:00-05:00,15.547505158460426,15.989824217658446,15.481157229276047,15.879244804382324,118900,0.0,0.0
2022-02-16 00:00:00-05:00,15.91610378619276,16.063543938011403,15.591736295847843,15.94559097290039,95800,0.0,0.0
2022-02-17 00:00:00-05:00,15.923478720533438,16.203613370691986,15.495903892758554,15.540135383605957,67400,0.0,0.0
2022-02-18 00:00:00-05:00,15.62122694356828,15.82542971059493,15.554879007131396,15.672830581665039,23200,0.0,0.0
2022-02-22 00:00:00-05:00,15.687573710020171,15.729593410452635,15.466413469693538,15.650712966918945,62200,0.0,0.0
2022-02-23 00:00:00-05:00,15.464941708555996,15.709690603599125,15.444300252420957,15.540135383605957,61000,0.0,0.0
2022-02-24 00:00:00-05:00,15.422180948902575,15.724431991577148,15.31897368733374,15.724431991577148,104000,0.0,0.0
2022-02-25 00:00:00-05:00,15.532763510004628,16.18149861572668,15.532763510004628,15.967710494995117,38300,0.0,0.0
2022-02-28 00:00:00-05:00,16.026688366407342,16.32893950964231,15.923481070500948,16.00457191467285,64800,0.0,0.0
2022-03-01 00:00:00-05:00,16.107778775047628,16.24784680783066,15.960338592529297,15.960338592529297,69800,0.0,0.0
2022-03-02 00:00:00-05:00,16.011939195701988,16.196238685825097,15.960335563442483,16.07828712463379,81000,0.0,0.0
2022-03-03 00:00:00-05:00,16.00456687103008,16.188866359122606,16.00456687103008,16.041427612304688,42900,0.0,0.0
2022-03-04 00:00:00-05:00,16.034055464049768,16.10777554050548,15.84975597595724,16.041427612304688,39900,0.0,0.0
2022-03-07 00:00:00-05:00,16.034053802490234,16.034053802490234,15.75391922830022,15.849754333496094,62800,0.0,0.0
2022-03-08 00:00:00-05:00,15.835009063041591,15.892511247491539,15.459038000723012,15.481154441833496,80600,0.0,0.0
2022-03-09 00:00:00-05:00,15.488532334378403,15.868188908003273,15.444300841842933,15.621228218078613,50800,0.0,0.0
2022-03-10 00:00:00-05:00,15.551927884914543,15.569620758810004,15.156788909373848,15.26736831665039,82100,0.0,0.0
2022-03-11 00:00:00-05:00,15.134674182305146,15.444297372692423,15.083069145496033,15.215764999389648,70100,0.0,0.0
2022-03-14 00:00:00-04:00,15.038839414368425,15.258524673080366,14.670240402221681,14.67024040222168,159500,0.0,0.0
2022-03-15 00:00:00-04:00,14.74395961612635,15.047685667914738,14.74395961612635,14.9503755569458,49700,0.0,0.0
2022-03-16 00:00:00-04:00,15.00935173034668,15.112559000399456,14.799250412828613,15.00935173034668,55400,0.0,0.0
2022-03-17 00:00:00-04:00,15.208397251669725,15.384587846158833,15.134678561371052,15.29686164855957,35300,0.0,0.0
2022-03-18 00:00:00-04:00,15.318973123782794,15.547504082889562,15.318973123782794,15.546029090881348,27100,0.0,0.0
2022-03-21 00:00:00-04:00,15.407435953554918,15.618275443313387,15.164160700828544,15.193649291992188,59500,0.0,0.0
2022-03-22 00:00:00-04:00,15.119933605550004,15.38974754370554,14.943006225532532,14.965121269226074,129100,0.0,0.0
2022-03-23 00:00:00-04:00,15.001977303698535,15.226822884538652,14.795561388841802,14.92088508605957,67500,0.0,0.0
2022-03-24 00:00:00-04:00,14.90614368357244,15.097815340401562,14.7439606229141,15.060956001281738,67500,0.0,0.0
2022-03-25 00:00:00-04:00,14.928256801151147,14.965116132049985,14.596517198688227,14.774919509887695,76800,0.0,0.0
2022-03-28 00:00:00-04:00,14.802936271569491,14.891400653165913,14.559660979796385,14.67024040222168,89700,0.0,0.0
2022-03-29 00:00:00-04:00,14.817680341763486,14.917202242244647,14.662868027872692,14.909830093383789,106100,0.0,0.0
2022-03-30 00:00:00-04:00,14.891399774725038,15.075699269926616,14.870758321252449,14.9503755569458,97100,0.0,0.0
2022-03-31 00:00:00-04:00,15.075701604077436,15.473787844179357,14.946691093805667,15.444300651550293,221300,0.0,0.0
2022-04-01 00:00:00-04:00,15.44430172271841,15.489270010967692,15.27474508048971,15.37058162689209,38700,0.0,0.0
2022-04-04 00:00:00-04:00,15.532759579932101,15.533496372879663,15.304228623874556,15.42218017578125,48600,0.0,0.0
2022-04-05 00:00:00-04:00,15.422182175476623,15.422182175476623,15.024094581604004,15.024094581604004,61800,0.0,0.0
2022-04-06 00:00:00-04:00,15.001979789330916,15.001979789330916,14.729215906865866,14.86191177368164,37100,0.0,0.0
2022-04-07 00:00:00-04:00,14.825052435607756,15.046211276238301,14.67761227112498,14.86191177368164,41100,0.0,0.0
2022-04-08 00:00:00-04:00,14.743959774792847,14.802935557648276,14.574404574845188,14.662867546081543,61800,0.0,0.0
2022-04-11 00:00:00-04:00,14.670240663311423,14.724794285472472,14.168945772895205,14.183690071105957,46600,0.0,0.0
2022-04-12 00:00:00-04:00,14.544917347621187,14.544917347621187,14.080483189738672,14.087855339050293,56300,0.0,0.0
2022-04-13 00:00:00-04:00,14.135769010564665,14.508054733276365,14.12471149213932,14.508054733276367,110700,0.0,0.0
2022-04-14 00:00:00-04:00,14.463827743056846,14.478570636835707,14.08048438292994,14.37536334991455,37800,0.0,0.0
2022-04-18 00:00:00-04:00,14.41959008730318,14.41959008730318,14.00675966969208,14.16157054901123,46800,0.0,0.0
2022-04-19 00:00:00-04:00,14.006762327435219,14.168945385032867,13.92198472418461,14.124713897705078,46000,0.0,0.0
2022-04-20 00:00:00-04:00,14.05836498458999,14.227920179282757,14.050992836199843,14.15420150756836,34800,0.0,0.0
2022-04-21 00:00:00-04:00,14.316384788400073,14.33628944877019,13.962530096437447,13.977272987365723,23400,0.0,0.0
2022-04-22 00:00:00-04:00,14.006758889834614,14.006758889834614,13.641108549300123,13.660276412963867,39600,0.0,0.0
2022-04-25 00:00:00-04:00,13.822460882831962,13.896180955425752,13.675020737644381,13.829833030700684,34600,0.0,0.0
2022-04-26 00:00:00-04:00,13.7539014301462,13.952208415068183,13.619731992271252,13.638161659240723,121000,0.0,0.0
2022-04-27 00:00:00-04:00,13.711881090605939,13.748740422817471,13.402257919311523,13.402257919311523,90700,0.0,0.0
2022-04-28 00:00:00-04:00,13.512838316556445,13.7266263961792,13.276935198416508,13.7266263961792,43400,0.0,0.0
2022-04-29 00:00:00-04:00,13.72588001578111,13.72588001578111,13.388910211917189,13.478769302368164,101200,0.289,0.0
2022-05-02 00:00:00-04:00,13.426350817668126,13.725878710245496,12.99952339221267,13.299051284790039,83300,0.0,0.0
2022-05-03 00:00:00-04:00,13.216682513959583,13.481016649847808,13.216682513959583,13.381423950195312,69800,0.0,0.0
2022-05-04 00:00:00-04:00,13.343981284774989,14.107778549194336,13.329004531763994,14.107778549194336,67600,0.0,0.0
2022-05-05 00:00:00-04:00,13.995449921164443,13.995449921164443,13.411369651689398,13.710897445678711,17700,0.0,0.0
2022-05-06 00:00:00-04:00,13.70341086188256,13.70341086188256,13.351465836515782,13.516205787658691,28900,0.0,0.0
2022-05-09 00:00:00-04:00,13.261609482338235,13.50123322604919,13.261609482338235,13.493744850158691,33200,0.0,0.0
2022-05-10 00:00:00-04:00,13.508721062325064,13.508721062325064,13.269097328186033,13.269097328186035,33400,0.0,0.0
2022-05-11 00:00:00-04:00,13.261607790973567,13.493743129187846,13.179238523206658,13.396395683288574,40200,0.0,0.0
2022-05-12 00:00:00-04:00,13.28407215900171,13.50123073497383,13.28407215900171,13.471277236938477,20200,0.0,0.0
2022-05-13 00:00:00-04:00,13.47127661977174,13.703410505865268,13.411371054706914,13.508718490600586,34900,0.0,0.0
2022-05-16 00:00:00-04:00,13.778296322515688,13.815738202864466,13.49374517317345,13.6734619140625,40200,0.0,0.0
2022-05-17 00:00:00-04:00,13.7445997507601,13.972990228725214,13.621045112609863,13.621045112609863,67500,0.0,0.0
2022-05-18 00:00:00-04:00,13.707155334577728,13.76331599813195,13.613552800392696,13.62852954864502,44500,0.0,0.0
2022-05-19 00:00:00-04:00,13.486255586824837,13.718389511108398,13.478767211427101,13.718389511108398,65400,0.0,0.0
2022-05-20 00:00:00-04:00,13.658485391698182,13.740856101589513,13.418863066481643,13.546162605285645,57000,0.0,0.0
2022-05-23 00:00:00-04:00,13.60606645014216,13.815736672078739,13.276585080887974,13.306538581848145,52000,0.0,0.0
2022-05-24 00:00:00-04:00,13.224169105536468,13.695926791459964,13.201703977738601,13.688438415527344,40900,0.0,0.0
2022-05-25 00:00:00-04:00,13.793272066775305,14.190147399902342,13.598578587973075,14.190147399902344,33700,0.0,0.0
2022-05-26 00:00:00-04:00,14.27251166973832,14.669386863708496,14.27251166973832,14.669386863708496,60200,0.0,0.0
2022-05-27 00:00:00-04:00,14.474695620151717,15.567973946336057,14.474695620151717,15.40323257446289,73000,0.0,0.0
2022-05-31 00:00:00-04:00,15.403233765082621,15.455650958998925,14.751760886035127,15.043800354003906,107600,0.0,0.0
2022-06-01 00:00:00-04:00,15.013850537179673,15.051292419344922,14.52711749512555,14.654417037963867,74000,0.0,0.0
2022-06-02 00:00:00-04:00,14.577284080865002,14.699341869824526,14.497161474175813,14.549578666687012,29700,0.0,0.0
2022-06-03 00:00:00-04:00,14.549579955397444,14.549579955397444,14.336166265121074,14.41479206085205,23800,0.0,0.0
2022-06-06 00:00:00-04:00,14.519622262292291,14.736780791519678,14.519622262292291,14.669386863708496,34700,0.0,0.0
2022-06-07 00:00:00-04:00,14.572045799579044,14.744275594800149,14.452234637497579,14.714322090148926,54500,0.0,0.0
2022-06-08 00:00:00-04:00,14.639439203987395,14.736786662166251,14.235076904296875,14.235076904296875,99800,0.0,0.0
2022-06-09 00:00:00-04:00,14.190147002426773,14.444746050016539,14.190147002426773,14.24256420135498,30800,0.0,0.0
2022-06-10 00:00:00-04:00,14.137727657740337,14.27101873197782,13.836702983706704,13.913082122802734,46300,0.0,0.0
2022-06-13 00:00:00-04:00,13.815736480807121,13.815736480807121,12.774875189035983,13.231656074523926,116200,0.0,0.0
2022-06-14 00:00:00-04:00,13.276583967542564,13.538671365919825,12.782362669236377,12.827291488647461,49800,0.0,0.0
2022-06-15 00:00:00-04:00,13.246632688076245,13.278083006367485,12.872222504691196,12.924639701843262,73200,0.0,0.0
2022-06-16 00:00:00-04:00,12.834778717178029,13.119331213982427,12.834778717178029,12.95458984375,35600,0.0,0.0
2022-06-17 00:00:00-04:00,12.954593282850409,13.269097930659784,12.812318424939305,12.977058410644531,40100,0.0,0.0
2022-06-21 00:00:00-04:00,13.02198585549012,13.508720241523543,12.932128210376716,13.231656074523926,51800,0.0,0.0
2022-06-22 00:00:00-04:00,13.186727004284517,13.576112506231407,13.014497235905989,13.24663257598877,44800,0.0,0.0
2022-06-23 00:00:00-04:00,13.403886088598078,13.83745349368357,13.302795154048919,13.6734619140625,56100,0.0,0.0
2022-06-24 00:00:00-04:00,13.591087678014214,13.861411842444944,13.54915392551677,13.62852954864502,13900,0.0,0.0
2022-06-27 00:00:00-04:00,13.926562433571188,13.928060680056758,13.598579281566183,13.606067657470703,32900,0.0,0.0
2022-06-28 00:00:00-04:00,13.606065874312772,13.853176533729929,13.59857749938965,13.598577499389648,19200,0.0,0.0
2022-06-29 00:00:00-04:00,13.778297054536498,13.778297054536498,13.596333648332902,13.686941146850586,11000,0.0,0.0
2022-06-30 00:00:00-04:00,13.617296719249081,13.763316448837609,13.478765364031938,13.48625373840332,37800,0.0,0.0
2022-07-01 00:00:00-04:00,13.755829536107708,14.384837273955096,13.645003594708237,14.00294017791748,15200,0.0,0.0
2022-07-05 00:00:00-04:00,13.853175163269043,13.981223076785584,13.748340781239284,13.853175163269043,12500,0.0,0.0
2022-07-06 00:00:00-04:00,14.00294474922517,14.100290791545556,13.860668445899828,13.958014488220215,22000,0.0,0.0
2022-07-07 00:00:00-04:00,14.047868728637695,14.369861679953537,13.876388814686193,14.047868728637695,19400,0.0,0.0
2022-07-08 00:00:00-04:00,13.972989608466344,14.3623765887528,13.972989608466344,14.339911460876465,16800,0.0,0.0
2022-07-11 00:00:00-04:00,14.257544214826652,14.33242512856831,14.190150249849657,14.261287689208984,7500,0.0,0.0
2022-07-12 00:00:00-04:00,14.339910223898572,14.407304173452426,14.24256420135498,14.24256420135498,18500,0.0,0.0
2022-07-13 00:00:00-04:00,14.09279776692978,14.407302348932161,13.950521510526915,14.265026092529297,39500,0.0,0.0
2022-07-14 00:00:00-04:00,14.145217046396121,14.265028197384023,13.950523568975385,14.196137428283691,11300,0.0,0.0
2022-07-15 00:00:00-04:00,14.092797522907144,14.369861656550889,14.077820774437463,14.28000259399414,6300,0.0,0.0
2022-07-18 00:00:00-04:00,14.235077053976909,14.512139823143356,14.235077053976909,14.339911460876465,29300,0.0,0.0
2022-07-19 00:00:00-04:00,14.504651413606846,14.504651413606846,14.160193295527318,14.197633743286133,64400,0.0,0.0
2022-07-20 00:00:00-04:00,14.333918740122593,14.378099150509264,14.190145661185747,14.2949800491333,9000,0.0,0.0
2022-07-21 00:00:00-04:00,14.294981186385634,14.392327207472626,14.24780570805614,14.369863510131836,17700,0.0,0.0
2022-07-22 00:00:00-04:00,14.39981669087663,14.691857633136,14.39981669087663,14.474699020385742,27500,0.0,0.0
2022-07-25 00:00:00-04:00,14.609483126981601,14.699340756405462,14.352637474870429,14.384836196899414,27900,0.0,0.0
2022-07-26 00:00:00-04:00,14.302469966364514,14.467209940659284,14.302469966364514,14.459721565246582,11100,0.0,0.0
2022-07-27 00:00:00-04:00,14.533105804794186,14.789950060555409,14.533105804794186,14.564556121826172,32400,0.0,0.0
2022-07-28 00:00:00-04:00,14.587018960937483,14.826641226111274,14.542090143282737,14.789200782775879,35600,0.0,0.0
2022-07-29 00:00:00-04:00,14.803639980175562,15.259604551221242,14.659252334763705,15.19120979309082,52900,0.289,0.0
2022-08-01 00:00:00-04:00,14.746651190898517,15.24441146850586,14.746651190898517,15.24441146850586,43300,0.0,0.0
2022-08-02 00:00:00-04:00,15.25960427814038,15.791563176419148,14.932070127573743,15.73836612701416,80500,0.0,0.0
2022-08-03 00:00:00-04:00,15.525587062757465,15.859961340639423,15.502788322400162,15.639577865600586,34000,0.0,0.0
2022-08-04 00:00:00-04:00,15.647176777923336,15.81436318499322,15.59398116883163,15.791565895080566,32500,0.0,0.0
2022-08-05 00:00:00-04:00,15.791565968430826,15.791565968430826,15.302163463570627,15.578782081604004,17100,0.0,0.0
2022-08-08 00:00:00-04:00,15.472390720458142,15.631977547005064,15.3052028646795,15.502787590026855,42100,0.0,0.0
2022-08-09 00:00:00-04:00,15.392597187191988,15.392597187191988,14.89483699042298,15.218570709228516,40500,0.0,0.0
2022-08-10 00:00:00-04:00,15.328002653195638,15.426794297896008,15.15321665516405,15.176013946533203,25800,0.0,0.0
2022-08-11 00:00:00-04:00,15.198812532764707,15.457192461779444,15.198812532764707,15.22921085357666,22800,0.0,0.0
2022-08-12 00:00:00-04:00,15.263405471589827,15.297602854812908,15.122816873660085,15.150935173034668,22600,0.0,0.0
2022-08-15 00:00:00-04:00,15.290004892401045,15.384997463565519,15.058222786844274,15.122817039489746,41700,0.0,0.0
2022-08-16 00:00:00-04:00,15.122816955985385,15.168412984040513,14.834040179007447,14.96323013305664,32600,0.0,0.0
2022-08-17 00:00:00-04:00,14.925231854291098,14.925231854291098,14.6288555052876,14.651654243469238,22200,0.0,0.0
2022-08-18 00:00:00-04:00,14.726128534472373,14.765645478824245,14.628855944569953,14.750446319580078,14800,0.0,0.0
2022-08-19 00:00:00-04:00,14.651652266545224,14.651652266545224,14.264082466580904,14.393272399902344,50400,0.0,0.0
2022-08-22 00:00:00-04:00,14.317279413923059,14.317279413923059,14.112095127066318,14.233685493469238,25900,0.0,0.0
2022-08-23 00:00:00-04:00,14.286122457899234,14.44647025270479,13.754924457474772,13.960108757019043,71000,0.0,0.0
2022-08-24 00:00:00-04:00,14.165288889180689,14.340076286443727,13.78531868121364,14.264081954956055,50800,0.0,0.0
2022-08-25 00:00:00-04:00,14.233686228806839,14.454069685217222,14.233686228806839,14.400113105773926,11500,0.0,0.0
2022-08-26 00:00:00-04:00,14.568060292634502,14.568060292634502,14.264084364799954,14.27928352355957,10900,0.0,0.0
2022-08-29 00:00:00-04:00,14.40087389469339,14.40087389469339,14.134894414286325,14.27928352355957,20500,0.0,0.0
2022-08-30 00:00:00-04:00,14.134893920384753,14.248884708155698,14.134893920384753,14.150093078613281,17400,0.0,0.0
2022-08-31 00:00:00-04:00,14.13489392132991,14.150093079559454,13.868914450198917,13.90691089630127,15000,0.0,0.0
2022-09-01 00:00:00-04:00,13.823321324465116,13.906154290089033,13.671332609232598,13.678932189941406,35300,0.0,0.0
2022-09-02 00:00:00-04:00,13.815719962530398,13.89931389007791,13.67133084662241,13.754924774169922,18400,0.0,0.0
2022-09-06 00:00:00-04:00,13.754924845798907,13.754924845798907,13.526941801156184,13.54214096069336,29400,0.0,0.0
2022-09-07 00:00:00-04:00,13.633332247829612,13.791400002538026,13.519341468811035,13.519341468811035,23900,0.0,0.0
2022-09-08 00:00:00-04:00,13.526939226459605,13.701726628925089,13.336954116821289,13.336954116821289,36300,0.0,0.0
2022-09-09 00:00:00-04:00,13.47374785921905,13.846118617119727,13.37495620894818,13.678932189941406,46700,0.0,0.0
2022-09-12 00:00:00-04:00,13.838515935907203,13.96770588006844,13.838515935907203,13.929709434509277,32000,0.0,0.0
2022-09-13 00:00:00-04:00,13.82331822736643,13.929709434509277,13.754923465782745,13.929709434509277,19700,0.0,0.0
2022-09-14 00:00:00-04:00,13.868913655403471,14.157690397858145,13.83851534068644,14.096895217895508,20300,0.0,0.0
2022-09-15 00:00:00-04:00,13.868913012397043,14.142492034280641,13.298957683120452,14.020901679992676,22400,0.0,0.0
2022-09-16 00:00:00-04:00,13.94490879187513,14.013303554436572,13.846115712854601,13.90691089630127,23300,0.0,0.0
2022-09-19 00:00:00-04:00,13.86891557116186,13.935030320385481,13.709328745267474,13.754924774169922,19600,0.0,0.0
2022-09-20 00:00:00-04:00,13.678930773669146,13.754925123417197,13.572539553704873,13.723767280578613,36900,0.0,0.0
2022-09-21 00:00:00-04:00,13.762523606664592,13.838516500885442,13.587736181330614,13.618134498596191,51000,0.0,0.0
2022-09-22 00:00:00-04:00,13.64853081412112,13.770122628791837,13.344554901123047,13.344554901123047,54000,0.0,0.0
2022-09-23 00:00:00-04:00,13.374955054951316,13.53454188765161,13.086176810819806,13.184969902038574,38200,0.0,0.0
2022-09-26 00:00:00-04:00,13.192567621169088,13.205486760489856,12.994982916074218,13.086174964904785,27100,0.0,0.0
2022-09-27 00:00:00-04:00,13.108973701848166,13.215364908640987,12.93418773369668,13.086174964904785,53000,0.0,0.0
2022-09-28 00:00:00-04:00,13.154568946691633,13.599134869176899,13.154568946691633,13.519341468811035,35800,0.0,0.0
2022-09-29 00:00:00-04:00,13.526941466833245,13.60293581316926,13.162170343786288,13.374954223632812,57100,0.0,0.0
2022-09-30 00:00:00-04:00,13.501862584137442,13.610533805472922,13.200166702270508,13.200166702270508,91400,0.0,0.0
2022-10-03 00:00:00-04:00,13.390154356944196,13.595337222665663,13.260964393615723,13.260964393615723,13400,0.0,0.0
2022-10-04 00:00:00-04:00,13.473746727489463,13.54670153658871,13.276161994072076,13.32935905456543,28900,0.0,0.0
2022-10-05 00:00:00-04:00,13.367352876702325,13.374952455278317,13.131771738732214,13.207764625549316,10200,0.0,0.0
2022-10-06 00:00:00-04:00,13.215367387875338,13.283762162065024,13.055780547747235,13.13177490234375,21200,0.0,0.0
2022-10-07 00:00:00-04:00,13.12417397325192,13.12645399208684,12.956986120426032,13.048179626464844,35600,0.0,0.0
2022-10-10 00:00:00-04:00,13.116571949727902,13.116571949727902,12.804996490478516,12.804996490478516,29500,0.0,0.0
2022-10-11 00:00:00-04:00,12.80499946083499,12.948627608746776,12.699367763315369,12.736604690551758,19500,0.0,0.0
2022-10-12 00:00:00-04:00,12.774599581523804,12.782199160568876,12.584614453811493,12.67580795288086,22100,0.0,0.0
2022-10-13 00:00:00-04:00,12.577015782116716,12.797399241908554,12.447825827973265,12.53141975402832,49700,0.0,0.0
2022-10-14 00:00:00-04:00,12.607416137081866,12.75864388184507,12.43263012661523,12.463027000427246,23900,0.0,0.0
2022-10-17 00:00:00-04:00,12.584616067761127,12.759403509270898,12.463025686389265,12.523820877075195,20200,0.0,0.0
2022-10-18 00:00:00-04:00,12.539016380995767,12.698603166462236,12.539016380995767,12.599811553955078,34000,0.0,0.0
2022-10-19 00:00:00-04:00,12.463025752928374,12.569418424300535,12.394630981857588,12.440228462219238,37200,0.0,0.0
2022-10-20 00:00:00-04:00,12.52230033309975,12.599813720875494,12.349033408105141,12.37943172454834,29800,0.0,0.0
2022-10-21 00:00:00-04:00,12.387030401369966,12.455425166916912,12.242642740301147,12.409829139709473,41200,0.0,0.0
2022-10-24 00:00:00-04:00,12.349035263061523,12.463026067903131,12.235044458219916,12.349035263061523,16000,0.0,0.0
2022-10-25 00:00:00-04:00,12.45542535130625,12.675808810102632,12.227443762422457,12.322436332702637,60800,0.0,0.0
2022-10-26 00:00:00-04:00,12.311035260101763,12.539016804022745,12.303435682041556,12.3566312789917,74000,0.0,0.0
2022-10-27 00:00:00-04:00,12.394628917836913,12.57701446049662,12.394628917836913,12.537497520446777,21400,0.0,0.0
2022-10-28 00:00:00-04:00,12.577018083306715,12.759405127974457,12.49114557218619,12.679610252380371,37300,0.0,0.0
2022-10-31 00:00:00-04:00,12.729100997447128,13.398037470144258,12.652541541913905,12.837368965148926,72800,0.289,0.0
2022-11-01 00:00:00-04:00,12.899235500964442,13.08483583137152,12.744567821448392,12.930168151855469,51100,0.0,0.0
2022-11-02 00:00:00-04:00,12.945632769025783,13.046167184223599,12.698165708569668,12.705899238586426,42400,0.0,0.0
2022-11-03 00:00:00-04:00,12.605364790105966,12.836593354442405,12.528032440182638,12.729098320007324,29000,0.0,0.0
2022-11-04 00:00:00-04:00,12.597632749280782,12.773952218327265,12.512565394245533,12.543498039245605,30500,0.0,0.0
2022-11-07 00:00:00-05:00,12.543497117440566,12.605363877914234,12.489363886403597,12.52029800415039,37400,0.0,0.0
2022-11-08 00:00:00-05:00,12.628567074949007,13.030701838608111,12.520300590510104,12.798700332641602,31800,0.0,0.0
2022-11-09 00:00:00-05:00,12.914703262956973,12.914703262956973,12.412034014831876,12.47390079498291,57000,0.0,0.0
2022-11-10 00:00:00-05:00,12.605367146695567,13.417370247875777,12.605367146695567,13.278169631958008,56700,0.0,0.0
2022-11-11 00:00:00-05:00,13.370970159253668,13.48310267446906,12.922434198311054,13.293636322021484,28500,0.0,0.0
2022-11-14 00:00:00-05:00,13.293637123432724,13.486970990658248,13.077102661132812,13.077102661132812,21600,0.0,0.0
2022-11-15 00:00:00-05:00,13.610704627321496,13.610704627321496,13.301370732954718,13.541104316711426,35300,0.0,0.0
2022-11-16 00:00:00-05:00,13.53337049484253,13.53337049484253,13.038436274466221,13.146702766418457,63800,0.0,0.0
2022-11-17 00:00:00-05:00,13.138967530762375,13.331528459348835,13.108034883510893,13.239501953125,15500,0.0,0.0
2022-11-18 00:00:00-05:00,13.262701276291082,13.262701276291082,13.10803508758545,13.10803508758545,22000,0.0,0.0
2022-11-21 00:00:00-05:00,13.10803410562294,13.185366456672478,13.030700279553356,13.069366455078125,24600,0.0,0.0
2022-11-22 00:00:00-05:00,13.146702766418457,13.224036607107337,13.09256952044234,13.146702766418457,26800,0.0,0.0
2022-11-23 00:00:00-05:00,13.193103229349344,13.247236478396772,13.05390260321572,13.216303825378418,51700,0.0,0.0
2022-11-25 00:00:00-05:00,13.301368722648101,13.492382355112927,13.224034891989191,13.239501953125,19900,0.0,0.0
2022-11-28 00:00:00-05:00,13.293637294750537,13.309102883312422,13.146703140759872,13.231770515441895,39000,0.0,0.0
2022-11-29 00:00:00-05:00,13.224036638729538,13.224036638729538,12.89923568707582,12.92243480682373,61800,0.0,0.0
2022-11-30 00:00:00-05:00,13.022969054569161,13.022969054569161,12.767768415881891,12.930168151855469,81800,0.0,0.0
2022-12-01 00:00:00-05:00,13.030699323424807,13.432834009463944,13.030699323424807,13.37869930267334,59800,0.0,0.0
2022-12-02 00:00:00-05:00,13.293634980947264,13.459902197966176,13.190780353545819,13.432835578918457,65400,0.0,0.0
2022-12-05 00:00:00-05:00,13.456036808321626,13.51790358657748,13.231770290276776,13.262702941894531,41900,0.0,0.0
2022-12-06 00:00:00-05:00,13.34003583793056,13.417369674024062,13.14670198520693,13.200835227966309,61400,0.0,0.0
2022-12-07 00:00:00-05:00,13.262701220169742,13.262701220169742,13.154434741031913,13.25496768951416,27200,0.0,0.0
2022-12-08 00:00:00-05:00,13.154436315374495,13.27043633905096,13.08483600616455,13.08483600616455,36000,0.0,0.0
2022-12-09 00:00:00-05:00,13.131234436124272,13.168354794074478,12.82190057823952,12.852834701538086,26900,0.0,0.0
2022-12-12 00:00:00-05:00,12.883768471305544,12.992034962234397,12.775501980376688,12.806434631347656,25800,0.0,0.0
2022-12-13 00:00:00-05:00,13.108036071007554,13.152888487336527,12.814167782885303,12.984302520751953,69200,0.0,0.0
2022-12-14 00:00:00-05:00,13.061633711279397,13.15443460315352,12.868299871976765,12.953367233276367,54100,0.0,0.0
2022-12-15 00:00:00-05:00,12.99203438163511,13.077101749289252,12.829634652499287,12.891501426696777,19200,0.0,0.0
2022-12-16 00:00:00-05:00,12.837368024651932,12.837368024651932,12.620833580132517,12.775501251220703,57400,0.0,0.0
2022-12-19 00:00:00-05:00,12.636300452485576,12.76776752843022,12.636300452485576,12.732967376708984,47400,0.0,0.0
2022-12-20 00:00:00-05:00,12.690433140604876,12.868299919414149,12.582166662202734,12.644033432006836,67400,0.0,0.0
2022-12-21 00:00:00-05:00,12.682702314794689,12.761583458756203,12.589902877807617,12.589902877807617,41200,0.0,0.0
2022-12-22 00:00:00-05:00,12.605367509980866,12.724462127597626,12.388834523441929,12.489367485046387,73600,0.0,0.0
2022-12-23 00:00:00-05:00,12.458433151245117,12.566699629896238,12.388832850677925,12.458433151245117,37900,0.0,0.0
2022-12-27 00:00:00-05:00,12.489367960917734,12.489367960917734,12.164566993713379,12.164566993713379,164300,0.0,0.0
2022-12-28 00:00:00-05:00,12.210967489344,12.351714673944238,12.033100678729886,12.040833473205566,98700,0.0,0.0
2022-12-29 00:00:00-05:00,12.094965357228366,12.205552042865364,11.909364309379665,12.048564910888672,114100,0.0,0.0
2022-12-30 00:00:00-05:00,12.141365441510686,12.326965757588711,12.110432055497682,12.195499420166016,160400,0.0,0.0
2023-01-03 00:00:00-05:00,12.357900786387617,12.504062031929749,12.296034006137408,12.412034034729004,61900,0.0,0.0
2023-01-04 00:00:00-05:00,12.56670201183621,12.744568824768066,12.489368165990056,12.744568824768066,36300,0.0,0.0
2023-01-05 00:00:00-05:00,12.682701282729408,12.937901926207378,12.566701258424937,12.837368965148926,33000,0.0,0.0
2023-01-06 00:00:00-05:00,12.961102249979769,13.23950348250368,12.914702536232554,13.154436111450195,49500,0.0,0.0
2023-01-09 00:00:00-05:00,13.29363767250096,13.363237985578484,13.108037329301032,13.115769386291504,44400,0.0,0.0
2023-01-10 00:00:00-05:00,13.231769335090492,13.425103187561035,13.115767843591977,13.425103187561035,23700,0.0,0.0
2023-01-11 00:00:00-05:00,13.432835944552215,13.468409005551765,13.21630151125641,13.25496768951416,56500,0.0,0.0
2023-01-12 00:00:00-05:00,13.378702966746719,13.425104156703869,13.2395038219363,13.262702941894531,35600,0.0,0.0
2023-01-13 00:00:00-05:00,13.28590425909869,13.510170789334733,13.28590425909869,13.494705200195312,19500,0.0,0.0
2023-01-17 00:00:00-05:00,13.510168647484406,13.749903678894043,13.502435116630528,13.749903678894043,43000,0.0,0.0
2023-01-18 00:00:00-05:00,13.850437945398602,13.98963856394859,13.695770263671875,13.695770263671875,23900,0.0,0.0
2023-01-19 00:00:00-05:00,13.672573255462947,13.920040404427255,13.672573255462947,13.865134239196777,31000,0.0,0.0
2023-01-20 00:00:00-05:00,13.920036676857851,13.966436386108398,13.77310254337426,13.966436386108398,26200,0.0,0.0
2023-01-23 00:00:00-05:00,13.958704539431052,14.167505468779346,13.94710497947404,14.097905158996582,24800,0.0,0.0
2023-01-24 00:00:00-05:00,14.152035734892406,14.275769267818893,14.074703383078399,14.252570152282715,30000,0.0,0.0
2023-01-25 00:00:00-05:00,14.198441251616758,14.291240692138672,14.15204005633529,14.291240692138672,15200,0.0,0.0
2023-01-26 00:00:00-05:00,14.360839026851114,14.561906420242465,14.275771655603151,14.538705825805664,35600,0.0,0.0
2023-01-27 00:00:00-05:00,14.54644068169338,14.670174246581265,14.414973584622448,14.623774528503418,59100,0.0,0.0
2023-01-30 00:00:00-05:00,14.623773781478384,14.654707908630371,14.407239316475579,14.654707908630371,35700,0.0,0.0
2023-01-31 00:00:00-05:00,14.638213143730535,14.804699180455644,14.58481280998676,14.724597930908203,44100,0.289,0.0
2023-02-01 00:00:00-05:00,14.748163891089176,14.763084116135907,14.496862724864389,14.685338973999023,28600,0.0,0.0
2023-02-02 00:00:00-05:00,14.685333313255539,15.015164375305176,14.677480014413451,15.015164375305176,46200,0.0,0.0
2023-02-03 00:00:00-05:00,14.920925884689877,14.99160407449907,14.834541097620072,14.91307258605957,26000,0.0,0.0
2023-02-06 00:00:00-05:00,14.787424051832268,14.790565071976795,14.528271166612644,14.657848358154297,21500,0.0,0.0
2023-02-07 00:00:00-05:00,14.646071517957429,14.646071517957429,14.347653555534434,14.457596778869629,22700,0.0,0.0
2023-02-08 00:00:00-05:00,14.520417619667128,14.638214111328125,14.441886125938579,14.638214111328125,36700,0.0,0.0
2023-02-09 00:00:00-05:00,14.716746039038192,14.763864337519328,14.450524731785553,14.551831245422363,22100,0.0,0.0
2023-02-10 00:00:00-05:00,14.457591908701689,14.481151804850333,14.324088826253183,14.402620315551758,19600,0.0,0.0
2023-02-13 00:00:00-05:00,14.394768046868961,14.551831036704924,14.308383252672813,14.543977737426758,19100,0.0,0.0
2023-02-14 00:00:00-05:00,14.520420406149219,14.614658516280592,14.394770591216687,14.49686050415039,14100,0.0,0.0
2023-02-15 00:00:00-05:00,14.60680310012696,14.614656399655852,14.371208607851397,14.38691520690918,61800,0.0,0.0
2023-02-16 00:00:00-05:00,14.371209185298726,14.371209185298726,14.159176080953896,14.16702938079834,27800,0.0,0.0
2023-02-17 00:00:00-05:00,14.159176108276133,14.16702940813573,14.025673006390551,14.080644607543945,12400,0.0,0.0
2023-02-21 00:00:00-05:00,14.143469302082467,14.151322601827419,13.640870101315762,13.656575202941895,56700,0.0,0.0
2023-02-22 00:00:00-05:00,13.664427797663938,14.127761973663704,13.640869397508363,13.994258880615234,46900,0.0,0.0
2023-02-23 00:00:00-05:00,14.08064438037806,14.253412480910537,13.970701179845006,14.174880981445312,25500,0.0,0.0
2023-02-24 00:00:00-05:00,14.096350903642753,14.214147403271928,13.994259505530712,14.01781940460205,18500,0.0,0.0
2023-02-27 00:00:00-05:00,14.159175879843282,14.182734281178211,14.017819480378634,14.174880981445312,15800,0.0,0.0
2023-02-28 00:00:00-05:00,14.174880843220482,14.30838394165039,14.02567264334169,14.30838394165039,43200,0.0,0.0
2023-03-01 00:00:00-05:00,14.300531012157522,14.300531012157522,14.057084707965151,14.080644607543945,27800,0.0,0.0
2023-03-02 00:00:00-05:00,14.057086773146475,14.069652354340649,13.813640433188455,13.9471435546875,27600,0.0,0.0
2023-03-03 00:00:00-05:00,14.080644304261861,14.214147403271928,13.986406205840265,14.01781940460205,21500,0.0,0.0
2023-03-06 00:00:00-05:00,14.09635266530226,14.182735976965207,13.562340202525,13.593751907348633,112300,0.0,0.0
2023-03-07 00:00:00-05:00,13.703696739490177,13.703696739490177,13.51522051743392,13.54663372039795,30400,0.0,0.0
2023-03-08 00:00:00-05:00,13.523072256008025,13.71861537763754,13.51521895617422,13.637727737426758,27100,0.0,0.0
2023-03-09 00:00:00-05:00,13.648720595711364,13.664427193696644,13.044031551914305,13.16182804107666,43500,0.0,0.0
2023-03-10 00:00:00-05:00,12.957647359395503,13.326743441917051,12.643522874498048,12.769172668457031,107700,0.0,0.0
2023-03-13 00:00:00-04:00,12.23515863635445,12.392220857508653,11.394875191480656,11.708999633789062,253300,0.0,0.0
2023-03-14 00:00:00-04:00,12.250866745698712,12.91052890493459,11.85821076986134,12.486459732055664,60400,0.0,0.0
2023-03-15 00:00:00-04:00,12.30583779892957,12.30583779892957,11.834650349171204,11.897475242614746,68600,0.0,0.0
2023-03-16 00:00:00-04:00,12.015272936272593,12.776239355972036,11.897475694889119,12.445623397827148,42300,0.0,0.0
2023-03-17 00:00:00-04:00,12.462901755571751,12.462901755571751,11.956375888538014,12.070245742797852,40900,0.0,0.0
2023-03-20 00:00:00-04:00,12.180188344856845,12.629387169077164,11.858210569927946,11.966583251953125,49800,0.0,0.0
2023-03-21 00:00:00-04:00,12.125214949028441,12.698493003845215,12.125214949028441,12.698493003845215,22300,0.0,0.0
2023-03-22 00:00:00-04:00,12.415782285507682,12.698494318495127,12.26657259528765,12.486459732055664,17300,0.0,0.0
2023-03-23 00:00:00-04:00,12.510019432751724,12.761319013670434,11.544085357964736,11.771825790405273,71200,0.0,0.0
2023-03-24 00:00:00-04:00,11.732561438164872,11.77968048965353,11.388594983559381,11.701148986816406,79900,0.0,0.0
2023-03-27 00:00:00-04:00,11.850359113009828,12.433845997938755,11.661884398229745,11.716856002807617,68700,0.0,0.0
2023-03-28 00:00:00-04:00,11.756120821147919,11.756120821147919,11.438068922689439,11.622617721557617,89800,0.0,0.0
2023-03-29 00:00:00-04:00,11.646178231281171,12.156630790054791,11.646178231281171,11.976009368896484,43200,0.0,0.0
2023-03-30 00:00:00-04:00,12.078096717630613,12.470752654813928,11.89747459708177,11.952446937561035,41900,0.0,0.0
2023-03-31 00:00:00-04:00,12.125217738518382,12.517873764038086,12.023127830943361,12.517873764038086,64600,0.0,0.0
2023-04-03 00:00:00-04:00,12.46290281284797,12.510021867908169,12.250083307767678,12.447196960449219,46800,0.0,0.0
2023-04-04 00:00:00-04:00,12.447194571877152,12.510019467280229,12.093803599070048,12.195894241333008,38500,0.0,0.0
2023-04-05 00:00:00-04:00,12.015274673701482,12.172336935992414,11.834652510367953,12.046687126159668,24400,0.0,0.0
2023-04-06 00:00:00-04:00,12.148777400180045,12.502167666406304,11.936742791085138,12.266573905944824,28600,0.0,0.0
2023-04-10 00:00:00-04:00,12.211601315481875,12.455047607421875,12.140923118166437,12.455047607421875,64900,0.0,0.0
2023-04-11 00:00:00-04:00,12.368664090239882,12.517873041798458,12.368664090239882,12.431488990783691,35000,0.0,0.0
2023-04-12 00:00:00-04:00,12.400077905389018,12.570490635381118,12.305840544200592,12.447196960449219,16500,0.0,0.0
2023-04-13 00:00:00-04:00,12.415784168357222,12.439343320779287,12.297986908382992,12.364738464355469,29600,0.0,0.0
2023-04-14 00:00:00-04:00,12.447196308547364,12.541433664800259,12.297986599447993,12.517873764038086,52000,0.0,0.0
2023-04-17 00:00:00-04:00,12.360810742039078,12.478607991796395,12.140923590996731,12.188042640686035,69300,0.0,0.0
2023-04-18 00:00:00-04:00,12.297984863947164,12.36866305839566,12.172335073341761,12.282279014587402,35800,0.0,0.0
2023-04-19 00:00:00-04:00,12.35295885032882,12.604258480164622,12.227309035410917,12.447196960449219,66400,0.0,0.0
2023-04-20 00:00:00-04:00,12.360810742039078,12.462901392255997,12.172336041145638,12.188042640686035,49200,0.0,0.0
2023-04-21 00:00:00-04:00,12.297986030578613,12.51787318499736,12.093804727009543,12.297986030578613,76900,0.0,0.0
2023-04-24 00:00:00-04:00,12.337251454895544,12.541432753065926,12.266573255611036,12.329398155212402,40100,0.0,0.0
2023-04-25 00:00:00-04:00,12.345104469068833,12.415782666718739,12.172335624694824,12.172335624694824,41800,0.0,0.0
2023-04-26 00:00:00-04:00,12.180189321701217,12.34510487195579,12.180189321701217,12.290132522583008,38100,0.0,0.0
2023-04-27 00:00:00-04:00,12.384372052990267,12.486461965912083,12.211603183012166,12.447196960449219,27600,0.0,0.0
2023-04-28 00:00:00-04:00,12.446394860425913,12.638369914230063,12.446394860425913,12.51838493347168,54900,0.289,0.0
2023-05-01 00:00:00-04:00,12.486390090245784,12.534384238957509,12.070444107055664,12.070444107055664,64700,0.0,0.0
2023-05-02 00:00:00-04:00,12.078443193584327,12.078443193584327,10.574636967587631,10.902594566345215,176900,0.0,0.0
2023-05-03 00:00:00-04:00,10.878598268218186,11.438525951985048,10.878598268218186,11.022579193115234,81900,0.0,0.0
2023-05-04 00:00:00-04:00,10.95858645691108,10.95858645691108,10.210683345425934,10.29867172241211,270900,0.0,0.0
2023-05-05 00:00:00-04:00,10.590633189630582,11.021777963157778,10.398658145412503,10.958585739135742,100700,0.0,0.0
2023-05-08 00:00:00-04:00,11.342537663985304,11.414528503091278,10.742615021890304,10.790608406066895,95100,0.0,0.0
2023-05-09 00:00:00-04:00,10.774610186553494,10.846601021122256,10.4762485620706,10.66262435913086,37600,0.0,0.0
2023-05-10 00:00:00-04:00,10.874597632178423,10.966585584671193,10.614631314644432,10.638628005981445,34500,0.0,0.0
2023-05-11 00:00:00-04:00,10.638627742526339,10.758611959081177,10.454651079255735,10.494646072387695,40100,0.0,0.0
2023-05-12 00:00:00-04:00,10.406657697770216,10.630628591331737,10.398658546575614,10.494646072387695,102500,0.0,0.0
2023-05-15 00:00:00-04:00,10.798609213658946,11.310543554707094,10.731418160371646,11.26254940032959,127000,0.0,0.0
2023-05-16 00:00:00-04:00,11.398528418017161,11.510514234992359,11.102566719055176,11.102566719055176,67400,0.0,0.0
2023-05-17 00:00:00-04:00,11.28654406712312,11.974455833435059,11.28654406712312,11.974455833435059,42600,0.0,0.0
2023-05-18 00:00:00-04:00,11.870468417451807,12.19042682647705,11.790478433774988,12.19042682647705,29200,0.0,0.0
2023-05-19 00:00:00-04:00,12.27841694587041,12.318411178075506,11.646498465232272,11.918462753295898,38400,0.0,0.0
2023-05-22 00:00:00-04:00,12.022449364703618,12.056845106011881,11.78248015867634,11.950458526611328,47700,0.0,0.0
2023-05-23 00:00:00-04:00,12.0384462850255,12.134433803843045,11.822473795555283,11.830472946166992,35800,0.0,0.0
2023-05-24 00:00:00-04:00,11.814474985105965,11.846470823567119,11.59050335303692,11.710488319396973,32700,0.0,0.0
2023-05-25 00:00:00-04:00,11.790476700567364,11.982451717762059,11.606500833132674,11.646495819091797,40700,0.0,0.0
2023-05-26 00:00:00-04:00,11.830475539389036,11.830475539389036,11.716090559364341,11.822476387023926,12900,0.0,0.0
2023-05-30 00:00:00-04:00,11.830472880055375,11.878467020616439,11.686491221213169,11.862468719482422,35200,0.0,0.0
2023-05-31 00:00:00-04:00,11.83847291903536,11.878467912030821,11.502516198419142,11.758482933044434,100500,0.0,0.0
2023-06-01 00:00:00-04:00,11.758483870821491,12.158432306991209,11.758483870821491,11.894466400146484,42500,0.0,0.0
2023-06-02 00:00:00-04:00,12.086439952252533,12.434395383778869,12.022448271509463,12.150431632995605,76900,0.0,0.0
2023-06-05 00:00:00-04:00,12.230424148355167,12.302414994811206,11.918464067992725,12.13443660736084,18300,0.0,0.0
2023-06-06 00:00:00-04:00,12.214425935010734,12.646370227167514,12.214425935010734,12.558381080627441,70600,0.0,0.0
2023-06-07 00:00:00-04:00,12.638370045639144,12.638370045639144,12.438395838470301,12.590375900268555,26000,0.0,0.0
2023-06-08 00:00:00-04:00,12.414399284602027,12.59037603961267,12.28641514981101,12.526384353637695,25200,0.0,0.0
2023-06-09 00:00:00-04:00,12.406399864827822,12.567179296570172,12.302413186657175,12.342408180236816,27400,0.0,0.0
2023-06-12 00:00:00-04:00,12.446394247343756,12.478390088068402,12.222422599430214,12.358405113220215,18500,0.0,0.0
2023-06-13 00:00:00-04:00,12.438395631542283,12.526384006609998,12.238421427700256,12.51038646697998,15700,0.0,0.0
2023-06-14 00:00:00-04:00,12.47838980113457,12.47838980113457,12.070442269145099,12.174428939819336,21900,0.0,0.0
2023-06-15 00:00:00-04:00,12.150432919001735,12.30241374898299,12.09444038313553,12.194427490234375,19600,0.0,0.0
2023-06-16 00:00:00-04:00,12.238420901575786,12.318410121969265,12.110437538673407,12.22242259979248,16300,0.0,0.0
2023-06-20 00:00:00-04:00,12.318410873484384,12.318410873484384,12.00645159808824,12.142434120178223,21900,0.0,0.0
2023-06-21 00:00:00-04:00,12.198427326412004,12.286415707914145,12.046447256028104,12.270418167114258,10500,0.0,0.0
2023-06-22 00:00:00-04:00,12.238421041142397,12.238421041142397,11.878467638164302,11.886466026306152,40000,0.0,0.0
2023-06-23 00:00:00-04:00,11.878468648174684,12.110438706514985,11.878468648174684,11.990453720092773,26600,0.0,0.0
2023-06-26 00:00:00-04:00,11.998451227757622,11.998451227757622,11.846471181189392,11.862468719482422,28300,0.0,0.0
2023-06-27 00:00:00-04:00,11.910463265927913,12.158430839227517,11.870468274570909,11.942459106445312,22000,0.0,0.0
2023-06-28 00:00:00-04:00,12.038446573115733,12.150431632995605,11.902464060826455,12.150431632995605,29200,0.0,0.0
2023-06-29 00:00:00-04:00,12.150432726541423,12.182428569792602,11.982454358762459,12.086441040039062,29200,0.0,0.0
2023-06-30 00:00:00-04:00,12.219225492431283,12.246422305329643,12.086442309430598,12.1984281539917,54500,0.0,0.0
2023-07-03 00:00:00-04:00,12.142433099830416,12.318409838348975,12.014449739874738,12.174428939819336,13500,0.0,0.0
2023-07-05 00:00:00-04:00,12.158433375922707,12.321612730595358,11.998454139958165,12.10244083404541,21400,0.0,0.0
2023-07-06 00:00:00-04:00,12.102440617073569,12.102440617073569,11.750485541420238,11.822476387023926,54900,0.0,0.0
2023-07-07 00:00:00-04:00,11.806477744915982,12.062444494017331,11.806477744915982,11.84647274017334,52900,0.0,0.0
2023-07-10 00:00:00-04:00,11.846471859538587,12.134434430871245,11.846471859538587,12.126435279846191,26000,0.0,0.0
2023-07-11 00:00:00-04:00,12.126436070461299,12.462392807006836,12.070443535317402,12.462392807006836,20100,0.0,0.0
2023-07-12 00:00:00-04:00,12.582376542650659,12.686363220214844,12.406399792472236,12.686363220214844,34300,0.0,0.0
2023-07-13 00:00:00-04:00,12.766354654943985,12.798350500682044,12.52638543048797,12.598376274108887,24300,0.0,0.0
2023-07-14 00:00:00-04:00,12.638369154529283,12.68636253367488,12.150431635222667,12.422396659851074,49100,0.0,0.0
2023-07-17 00:00:00-04:00,12.462392051096327,12.666365826115525,12.42239705863042,12.6383695602417,21400,0.0,0.0
2023-07-18 00:00:00-04:00,12.57437828370186,12.798349180769836,12.523984240659747,12.758354187011719,26700,0.0,0.0
2023-07-19 00:00:00-04:00,12.782350956068791,12.782350956068791,12.534383366370418,12.590375900268555,24200,0.0,0.0
2023-07-20 00:00:00-04:00,12.51838627834317,12.598376274108887,12.39840204753573,12.598376274108887,25500,0.0,0.0
2023-07-21 00:00:00-04:00,12.598376274108887,12.598376274108887,12.39840204753573,12.598376274108887,18900,0.0,0.0
2023-07-24 00:00:00-04:00,12.598376077887373,12.598376077887373,12.478391848948704,12.558381080627441,34300,0.0,0.0
2023-07-25 00:00:00-04:00,12.52638421500181,12.598375051637165,12.439995516175811,12.590375900268555,31900,0.0,0.0
2023-07-26 00:00:00-04:00,12.590375621763302,12.598374772954966,12.47039140525253,12.54238224029541,95700,0.0,0.0
2023-07-27 00:00:00-04:00,12.59837490454186,12.782350806825432,12.526384068747053,12.614373207092285,60100,0.0,0.0
2023-07-28 00:00:00-04:00,12.654367378105944,12.718359062323742,12.542382312145321,12.686363220214844,19100,0.0,0.0
2023-07-31 00:00:00-04:00,12.783316759159426,12.938118357389211,12.587778634342326,12.929970741271973,27700,0.289,0.0
2023-08-01 00:00:00-04:00,12.791464508301587,12.872939116322394,12.579631149047046,12.685547828674316,30900,0.0,0.0
2023-08-02 00:00:00-04:00,12.490009979506043,12.775170336919208,12.490009979506043,12.58777904510498,30300,0.0,0.0
2023-08-03 00:00:00-04:00,12.481861089235597,12.701842047131747,12.392239649166452,12.465566635131836,33900,0.0,0.0
2023-08-04 00:00:00-04:00,12.582075589307527,12.701843061078257,12.490009701823716,12.685547828674316,31300,0.0,0.0
2023-08-07 00:00:00-04:00,12.64481070365308,12.848496437072754,12.624441664111467,12.848496437072754,33300,0.0,0.0
2023-08-08 00:00:00-04:00,12.767022662164564,12.819980614413728,12.44112577832479,12.718137741088867,28400,0.0,0.0
2023-08-09 00:00:00-04:00,12.799613376276133,12.799613376276133,12.628517304299194,12.791465759277344,19300,0.0,0.0
2023-08-10 00:00:00-04:00,12.726285404974602,12.791464781986038,12.644811572210038,12.77517032623291,19300,0.0,0.0
2023-08-11 00:00:00-04:00,12.750727876391707,12.791465182549405,12.693696113970622,12.783317565917969,40600,0.0,0.0
2023-08-14 00:00:00-04:00,12.718138186865447,12.783317565917969,12.718138186865447,12.783317565917969,27700,0.0,0.0
2023-08-15 00:00:00-04:00,12.954412996883535,12.962560613116663,12.669253421719107,12.74258041381836,62300,0.0,0.0
2023-08-16 00:00:00-04:00,12.742580340984329,12.750727180171442,12.43379221430913,12.6692533493042,17400,0.0,0.0
2023-08-17 00:00:00-04:00,12.669253879685936,12.669253879685936,12.437052247644338,12.620368957519531,11400,0.0,0.0
2023-08-18 00:00:00-04:00,12.538894378241968,12.58777852050444,12.434607068482864,12.449272155761719,28600,0.0,0.0
2023-08-21 00:00:00-04:00,12.449272209034831,12.620368261684499,12.318913459777832,12.318913459777832,21800,0.0,0.0
2023-08-22 00:00:00-04:00,12.318912779074527,12.569038984464957,12.22114372253418,12.22114372253418,32600,0.0,0.0
2023-08-23 00:00:00-04:00,12.318913407062555,12.47941817972299,12.09893321288257,12.449272155761719,60200,0.0,0.0
2023-08-24 00:00:00-04:00,12.43297907444382,12.53074814677109,12.017459934303279,12.294472694396973,93600,0.0,0.0
2023-08-25 00:00:00-04:00,12.28632334869835,12.457419395446777,12.06063998550602,12.457419395446777,20100,0.0,0.0
2023-08-28 00:00:00-04:00,12.465566468805122,12.465566468805122,12.344169640504383,12.404460906982422,11200,0.0,0.0
2023-08-29 00:00:00-04:00,12.45741982511325,12.530746815820171,12.302619004620425,12.318913459777832,28000,0.0,0.0
2023-08-30 00:00:00-04:00,12.46556788091724,12.473715497283068,12.180407524108887,12.180407524108887,22300,0.0,0.0
2023-08-31 00:00:00-04:00,12.302620980791783,12.612222671508789,12.204851126144817,12.612222671508789,53400,0.0,0.0
2023-09-01 00:00:00-04:00,12.579632446867047,12.661107063293457,12.50630622448271,12.661107063293457,7900,0.0,0.0
2023-09-05 00:00:00-04:00,12.555190219497694,12.57963229332748,12.302620310257693,12.49815845489502,36600,0.0,0.0
2023-09-06 00:00:00-04:00,12.441126116132084,12.506305494669819,12.343356271325998,12.490010261535645,14400,0.0,0.0
2023-09-07 00:00:00-04:00,12.392240172659315,12.481861616514392,12.245586194533354,12.416682243347168,26600,0.0,0.0
2023-09-08 00:00:00-04:00,12.327061139585975,12.392240514551446,12.237439693258313,12.290397644042969,21300,0.0,0.0
2023-09-11 00:00:00-04:00,12.245586469070911,12.335208691934675,12.245586469070911,12.318913459777832,16200,0.0,0.0
2023-09-12 00:00:00-04:00,12.245587792096545,12.326247335188809,12.229293335178667,12.31076717376709,21900,0.0,0.0
2023-09-13 00:00:00-04:00,12.310766705054306,12.310766705054306,12.229292869567871,12.229292869567871,40400,0.0,0.0
2023-09-14 00:00:00-04:00,12.270029517132276,12.419127164198255,12.270029517132276,12.335208892822266,62800,0.0,0.0
2023-09-15 00:00:00-04:00,12.335208390939016,12.42482983461646,12.302618704419999,12.40038776397705,33900,0.0,0.0
2023-09-18 00:00:00-04:00,12.400390268479208,12.547043498934578,12.335210882276918,12.424832344055176,47800,0.0,0.0
2023-09-19 00:00:00-04:00,12.424829281020966,12.54704040577224,12.392239595954,12.408534049987793,26400,0.0,0.0
2023-09-20 00:00:00-04:00,12.481861089235597,12.547040459649407,12.392239649166452,12.465566635131836,16600,0.0,0.0
2023-09-21 00:00:00-04:00,12.38409533053118,12.428906450995141,12.135599206048205,12.32706356048584,57400,0.0,0.0
2023-09-22 00:00:00-04:00,12.204850549233893,12.482678383807224,12.204850549233893,12.38409423828125,21500,0.0,0.0
2023-09-25 00:00:00-04:00,12.494082963985493,12.494082963985493,12.240698016371883,12.343355178833008,15100,0.0,0.0
2023-09-26 00:00:00-04:00,12.28632397255505,12.424830340146142,12.22929221307617,12.335208892822266,20900,0.0,0.0
2023-09-27 00:00:00-04:00,12.270029042220626,12.416682243347168,12.254548882818455,12.416682243347168,19600,0.0,0.0
2023-09-28 00:00:00-04:00,12.278175806064207,12.384092481063362,12.261881351371713,12.343355178833008,10800,0.0,0.0
2023-09-29 00:00:00-04:00,12.302619004620425,12.612220645606078,12.302619004620425,12.318913459777832,104500,0.0,0.0
2023-10-02 00:00:00-04:00,12.343354848959764,12.612219948695566,12.22114372253418,12.22114372253418,19200,0.0,0.0
2023-10-03 00:00:00-04:00,12.229292792871119,12.229292792871119,11.830068903592721,11.952280044555664,51100,0.0,0.0
2023-10-04 00:00:00-04:00,11.96857456309128,12.139670627530275,11.813773731931947,11.821921348571777,25400,0.0,0.0
2023-10-05 00:00:00-04:00,11.830068588256836,11.948205917772079,11.821920971876622,11.830068588256836,14000,0.0,0.0
2023-10-06 00:00:00-04:00,11.813773003623766,11.974277001136159,11.707856324834102,11.854510307312012,38300,0.0,0.0
2023-10-09 00:00:00-04:00,11.85451047564308,12.050048603723923,11.838215243136617,12.01745891571045,15200,0.0,0.0
2023-10-10 00:00:00-04:00,12.033754903398483,12.123376356809892,11.933541392793275,12.001164436340332,27100,0.0,0.0
2023-10-11 00:00:00-04:00,12.017458616437732,12.164926892751318,11.911541938781738,11.911541938781738,14700,0.0,0.0
2023-10-12 00:00:00-04:00,11.935985409257071,12.123376715386453,11.935985409257071,11.976722717285156,26900,0.0,0.0
2023-10-13 00:00:00-04:00,11.976723750309633,12.09078806722672,11.812960208571411,11.846364974975586,18400,0.0,0.0
2023-10-16 00:00:00-04:00,11.903395366164386,12.001164436340332,11.842289794429357,12.001164436340332,7000,0.0,0.0
2023-10-17 00:00:00-04:00,11.919691980350885,11.968576132601358,11.821922898850351,11.846364974975586,17400,0.0,0.0
2023-10-18 00:00:00-04:00,11.903396008328532,11.984870626370295,11.854511859103107,11.87895393371582,49800,0.0,0.0
2023-10-19 00:00:00-04:00,11.96042915274011,12.098935544170994,11.89524976583141,11.903396606445312,18300,0.0,0.0
2023-10-20 00:00:00-04:00,12.00931231845236,12.098934550843486,11.854511481503305,12.090786933898926,24700,0.0,0.0
2023-10-23 00:00:00-04:00,12.05819686713094,12.15596593641855,11.971834150410244,12.098934173583984,15100,0.0,0.0
2023-10-24 00:00:00-04:00,12.212998101261272,12.31076717376709,12.098934571837578,12.31076717376709,27400,0.0,0.0
2023-10-25 00:00:00-04:00,12.302620559853468,12.302620559853468,12.107081634249527,12.139671325683594,11400,0.0,0.0
2023-10-26 00:00:00-04:00,12.320543683195785,12.335209548555305,12.025607109069824,12.025607109069824,34300,0.0,0.0
2023-10-27 00:00:00-04:00,12.164113663633078,12.212997810221301,11.976722363046221,12.001164436340332,16600,0.0,0.0
2023-10-30 00:00:00-04:00,12.086712455324582,12.155965641514827,11.944132274697669,11.993017196655273,30100,0.0,0.0
2023-10-31 00:00:00-04:00,12.233193747018454,12.50744326671716,12.141776712078919,12.382783889770508,220900,0.289,0.0
2023-11-01 00:00:00-04:00,12.34954253117882,12.54068660736084,12.229039329017121,12.54068660736084,32500,0.0,0.0
2023-11-02 00:00:00-04:00,12.55730622252989,13.090015875765367,12.55730622252989,12.873108863830566,94700,0.0,0.0
2023-11-03 00:00:00-04:00,13.047632357207812,13.089185485515099,12.839867508231382,13.031011581420898,27400,0.0,0.0
2023-11-06 00:00:00-05:00,13.031011324118026,13.155669914018446,12.947905069144422,13.0808744430542,23900,0.0,0.0
2023-11-07 00:00:00-05:00,12.947904935235558,13.28032836657204,12.947904935235558,12.9728364944458,19000,0.0,0.0
2023-11-08 00:00:00-05:00,13.064253532483315,13.196391509601575,12.9728364944458,12.9728364944458,25800,0.0,0.0
2023-11-09 00:00:00-05:00,13.080873695000033,13.080873695000033,12.698586370591242,12.74845027923584,39000,0.0,0.0
2023-11-10 00:00:00-05:00,12.881419389437871,12.881419389437871,12.748450025775842,12.79831314086914,12000,0.0,0.0
2023-11-13 00:00:00-05:00,12.864798196454567,12.913830710171451,12.765071170810726,12.839866638183594,17900,0.0,0.0
2023-11-14 00:00:00-05:00,13.089185073538854,13.272018356800318,12.83155632019043,12.83155632019043,41900,0.0,0.0
2023-11-15 00:00:00-05:00,13.022700290711532,13.064253417402552,12.814935449816403,12.881420135498047,44100,0.0,0.0
2023-11-16 00:00:00-05:00,12.77338302155248,12.972006486608771,12.77338302155248,12.806625366210938,21200,0.0,0.0
2023-11-17 00:00:00-05:00,12.80662417885459,13.012727013652365,12.735984103934706,12.74845027923584,19100,0.0,0.0
2023-11-20 00:00:00-05:00,12.723518440861703,12.831555454184777,12.615480634978706,12.65703296661377,22700,0.0,0.0
2023-11-21 00:00:00-05:00,12.598858344519066,12.823244726745877,12.515752893463114,12.590547561645508,15700,0.0,0.0
2023-11-22 00:00:00-05:00,12.59054849009367,12.673654739837893,12.374473667366575,12.449268341064453,35300,0.0,0.0
2023-11-24 00:00:00-05:00,12.515755166096513,12.532375942301783,12.367826215813503,12.507444381713867,14900,0.0,0.0
2023-11-27 00:00:00-05:00,12.54899523239747,12.62877668732795,12.507442110589556,12.590547561645508,27800,0.0,0.0
2023-11-28 00:00:00-05:00,12.4808476630834,12.769225327475308,12.4808476630834,12.515752792358398,32500,0.0,0.0
2023-11-29 00:00:00-05:00,12.490821311603883,12.823245513913509,12.490821311603883,12.814934730529785,57700,0.0,0.0
2023-11-30 00:00:00-05:00,12.814935292291342,12.947904662020129,12.615481237698159,12.632102012634277,127400,0.0,0.0
2023-12-01 00:00:00-05:00,12.790003659956493,12.989457713401128,12.64041272359304,12.823246002197266,66800,0.0,0.0
2023-12-04 00:00:00-05:00,12.856487831891222,12.98945719555325,12.632101436291604,12.79831314086914,58300,0.0,0.0
2023-12-05 00:00:00-05:00,12.898042073106852,12.95538458117384,12.82324660142992,12.9229736328125,23100,0.0,0.0
2023-12-06 00:00:00-05:00,12.88973116619889,13.170628691187302,12.881420382189532,13.0808744430542,34400,0.0,0.0
2023-12-07 00:00:00-05:00,13.155669234841348,13.429918752511803,13.155669234841348,13.172290802001953,49100,0.0,0.0
2023-12-08 00:00:00-05:00,13.172290168575541,13.238774848900977,13.055941581726074,13.055941581726074,22800,0.0,0.0
2023-12-11 00:00:00-05:00,13.047632463708263,13.047632463708263,12.798314484389506,12.856489181518555,25700,0.0,0.0
2023-12-12 00:00:00-05:00,12.981147164020513,12.997768731720909,12.681966078453115,12.881420135498047,59200,0.0,0.0
2023-12-13 00:00:00-05:00,12.89804185572431,13.355123877050845,12.806624817411018,13.130738258361816,60700,0.0,0.0
2023-12-14 00:00:00-05:00,13.247084140049992,13.762340781645527,13.247084140049992,13.58781909942627,61700,0.0,0.0
2023-12-15 00:00:00-05:00,13.504712857127693,13.745720801281594,13.313569609424775,13.58781909942627,53400,0.0,0.0
2023-12-18 00:00:00-05:00,13.587820517319356,13.69585753399739,13.238775531338165,13.330192565917969,137900,0.0,0.0
2023-12-19 00:00:00-05:00,13.321883874612793,13.687548900122708,13.288640734955449,13.637685775756836,45200,0.0,0.0
2023-12-20 00:00:00-05:00,13.654304061673802,13.978416669781875,13.593636772997991,13.911931991577148,38000,0.0,0.0
2023-12-21 00:00:00-05:00,13.97841786264002,14.177871914274753,13.812206945504359,14.094765663146973,72700,0.0,0.0
2023-12-22 00:00:00-05:00,14.017477696442528,14.202803565295072,13.92938466245676,14.169560432434082,35000,0.0,0.0
2023-12-26 00:00:00-05:00,14.0781464469187,14.202805037832293,14.069835662841797,14.069835662841797,18200,0.0,0.0
2023-12-27 00:00:00-05:00,14.07814512176837,14.161251369594787,14.028280422000622,14.09061050415039,49700,0.0,0.0
2023-12-28 00:00:00-05:00,14.119696328343133,14.161250241506064,14.005009747181038,14.028279304504395,28200,0.0,0.0
2023-12-29 00:00:00-05:00,13.978418309987791,14.061524563775201,13.729101133745516,13.820516586303711,67300,0.0,0.0
2024-01-02 00:00:00-05:00,13.828826718046255,14.073158680527694,13.828826718046255,13.92855453491211,13600,0.0,0.0
2024-01-03 00:00:00-05:00,13.928552851102875,14.061522200769563,13.73740960909697,13.862068176269531,24500,0.0,0.0
2024-01-04 00:00:00-05:00,14.036593259438979,14.152942657470703,14.005012912345805,14.152942657470703,22300,0.0,0.0
2024-01-05 00:00:00-05:00,14.152941469703302,14.25266770522388,14.03659208143605,14.219426155090332,20400,0.0,0.0
2024-01-08 00:00:00-05:00,14.2526665202204,14.360705115691673,14.177871057238686,14.285909652709961,24100,0.0,0.0
2024-01-09 00:00:00-05:00,14.29422254107206,14.452122688293457,14.260979403686479,14.452122688293457,15800,0.0,0.0
2024-01-10 00:00:00-05:00,14.452121312652338,14.50198601398428,14.3108411624516,14.369016647338867,31700,0.0,0.0
2024-01-11 00:00:00-05:00,14.41057038315571,14.41057038315571,14.290066387549842,14.344085693359375,17700,0.0,0.0
2024-01-12 00:00:00-05:00,14.344083510703424,14.443809737663143,14.260977264823792,14.377325057983398,19400,0.0,0.0
2024-01-16 00:00:00-05:00,14.344083249765767,14.427189494133588,14.21942467577392,14.302529335021973,25200,0.0,0.0
2024-01-17 00:00:00-05:00,14.240201574998808,14.335773206158818,14.136319160461426,14.136319160461426,22700,0.0,0.0
2024-01-18 00:00:00-05:00,14.260978165402532,14.310841282031241,14.053213330143032,14.094765663146973,16100,0.0,0.0
2024-01-19 00:00:00-05:00,14.194494745037614,14.435502736249349,14.013323450178593,14.344085693359375,23800,0.0,0.0
2024-01-22 00:00:00-05:00,14.377325614680629,14.610022795129789,14.335773282691784,14.435501098632812,29900,0.0,0.0
2024-01-23 00:00:00-05:00,14.434668910706737,14.51029497918876,14.335773282691784,14.435501098632812,16800,0.0,0.0
2024-01-24 00:00:00-05:00,14.460431342920755,14.57678072151442,14.2526665202204,14.285909652709961,27100,0.0,0.0
2024-01-25 00:00:00-05:00,14.335771857199699,14.659884452819824,14.335771857199699,14.659884452819824,26400,0.0,0.0
2024-01-26 00:00:00-05:00,14.560161086068568,14.866821573887448,14.433839702048648,14.801167488098145,38300,0.0,0.0
2024-01-29 00:00:00-05:00,14.809477362603257,14.851031281173025,14.768755631988826,14.834409713745117,11600,0.0,0.0
2024-01-30 00:00:00-05:00,14.751302497438656,14.959067321346243,14.751302497438656,14.942445755004883,32200,0.0,0.0
2024-01-31 00:00:00-05:00,14.798014063620231,15.118974838635292,14.401034355163574,14.401034355163574,146300,0.289,0.0
2024-02-01 00:00:00-05:00,14.40103453876925,14.569962282097865,13.93648566113709,14.249001502990723,67100,0.0,0.0
2024-02-02 00:00:00-05:00,14.164536413233773,14.34190907856257,14.037841422139744,14.088519096374512,27500,0.0,0.0
2024-02-05 00:00:00-05:00,14.156090675875054,14.249001093134769,13.374802704728168,13.716879844665527,103800,0.0,0.0
2024-02-06 00:00:00-05:00,13.792898217340444,13.894255190351748,13.556399687657018,13.649310111999512,58800,0.0,0.0
2024-02-07 00:00:00-05:00,13.737995615710592,13.737995615710592,13.184759599877925,13.438150405883789,136700,0.0,0.0
2024-02-08 00:00:00-05:00,13.438151254340724,13.463490094889002,13.210100078391786,13.286116600036621,43300,0.0,0.0
2024-02-09 00:00:00-05:00,13.294563958405815,13.598633285532875,13.286117409206227,13.497276306152344,46700,0.0,0.0
2024-02-12 00:00:00-05:00,13.51416766826923,13.742219634314713,13.455043442482845,13.725326538085938,41100,0.0,0.0
2024-02-13 00:00:00-05:00,13.5141679867059,13.68309573094547,13.351153470691466,13.598631858825684,49000,0.0,0.0
2024-02-14 00:00:00-05:00,13.623970058153628,13.868915129173327,13.51416815077491,13.82668399810791,54900,0.0,0.0
2024-02-15 00:00:00-05:00,14.063182119593684,14.443268775939941,13.911147457055181,14.443268775939941,42800,0.0,0.0
2024-02-16 00:00:00-05:00,14.029398180853997,14.434822892305501,14.029398180853997,14.426376342773438,29000,0.0,0.0
2024-02-20 00:00:00-05:00,14.43482155409221,14.443268102841218,14.244778234775659,14.382453918457031,19700,0.0,0.0
2024-02-21 00:00:00-05:00,14.44326709596446,14.620639774285177,14.358803225377022,14.401034355163574,41300,0.0,0.0
2024-02-22 00:00:00-05:00,14.519284300625287,14.654425848063315,14.443266978814606,14.61219310760498,25300,0.0,0.0
2024-02-23 00:00:00-05:00,14.612192590813086,14.886699755533595,14.612192590813086,14.637532234191895,24000,0.0,0.0
2024-02-26 00:00:00-05:00,14.69665826983569,14.721997916338895,14.426375151192696,14.485499382019043,27500,0.0,0.0
2024-02-27 00:00:00-05:00,14.493944454840872,14.52773064673781,14.029395593358066,14.14764404296875,31300,0.0,0.0
2024-02-28 00:00:00-05:00,14.23210988041747,14.443268775939941,14.15609254914822,14.443268775939941,27500,0.0,0.0
2024-02-29 00:00:00-05:00,14.44326723421848,14.781121108787904,14.358803362822536,14.772674560546875,100000,0.0,0.0
2024-03-01 00:00:00-05:00,14.67976493900787,14.721997682509093,14.491411574934281,14.527731895446777,29300,0.0,0.0
2024-03-04 00:00:00-05:00,14.52773115177289,14.612193412422842,14.14764453479068,14.249001502990723,45000,0.0,0.0
2024-03-05 00:00:00-05:00,14.156090902575773,14.44326709596446,14.156090902575773,14.401034355163574,29000,0.0,0.0
2024-03-06 00:00:00-05:00,14.401033655419754,14.502390617402629,13.961824449531983,14.198321342468262,48400,0.0,0.0
2024-03-07 00:00:00-05:00,14.29123181780075,14.430595828731986,14.274338722229004,14.274338722229004,22600,0.0,0.0
2024-03-08 00:00:00-05:00,14.265894753843641,14.358805185273006,14.147646285489579,14.240556716918945,27000,0.0,0.0
2024-03-11 00:00:00-04:00,14.265892816465175,14.30896972880748,14.012502815542495,14.020949363708496,17100,0.0,0.0
2024-03-12 00:00:00-04:00,14.071627724071783,14.223662376403809,14.071627724071783,14.223662376403809,11300,0.0,0.0
2024-03-13 00:00:00-04:00,14.2152153425956,14.257446473017652,14.012503016743901,14.105413436889648,24300,0.0,0.0
2024-03-14 00:00:00-04:00,14.020948515932067,14.189874635994961,13.77600346697165,13.809789657592773,41600,0.0,0.0
2024-03-15 00:00:00-04:00,13.944933030388425,13.976185099718005,13.80134492340991,13.877362251281738,19400,0.0,0.0
2024-03-18 00:00:00-04:00,13.894253730773928,13.953377954230232,13.852020991866377,13.894253730773926,20400,0.0,0.0
2024-03-19 00:00:00-04:00,13.852022892499354,14.14680148976778,13.852022892499354,14.130752563476562,22900,0.0,0.0
2024-03-20 00:00:00-04:00,14.122304313171766,14.249000921000574,14.020948960125867,14.215214729309082,29200,0.0,0.0
2024-03-21 00:00:00-04:00,14.215214729309082,14.375695917815092,14.215214729309082,14.215214729309082,35000,0.0,0.0
2024-03-22 00:00:00-04:00,14.299679086989622,14.358803313459218,14.198322119460068,14.333463668823242,39600,0.0,0.0
2024-03-25 00:00:00-04:00,14.350356508749634,14.358803056810652,14.138353468765317,14.15609073638916,9000,0.0,0.0
2024-03-26 00:00:00-04:00,14.147645371705856,14.24055579713422,14.080074592580077,14.113859176635742,21100,0.0,0.0
2024-03-27 00:00:00-04:00,14.198324338451492,14.426376342773438,14.099503092056993,14.426376342773438,25900,0.0,0.0
2024-03-28 00:00:00-04:00,14.443266950009257,14.78112081793052,14.346134063670288,14.755781173706055,42000,0.0,0.0
2024-04-01 00:00:00-04:00,14.662873550448507,14.772675462255382,14.215216132435513,14.69665813446045,37600,0.0,0.0
2024-04-02 00:00:00-04:00,14.595302273152223,14.725375575331567,14.299679520821133,14.358803749084473,21500,0.0,0.0
2024-04-03 00:00:00-04:00,14.35880250404104,14.40103363170605,14.21521441456006,14.341909408569336,24100,0.0,0.0
2024-04-04 00:00:00-04:00,14.341912026273809,14.620641708374023,14.316573989455774,14.620641708374023,21400,0.0,0.0
2024-04-05 00:00:00-04:00,14.367250692171002,14.58263204547671,14.367250692171002,14.527731895446777,11300,0.0,0.0
2024-04-08 00:00:00-04:00,14.50239234186264,14.56658482358246,14.308126553561024,14.460161209106445,9400,0.0,0.0
2024-04-09 00:00:00-04:00,14.50746073119138,14.550536035928024,14.358804371531948,14.485499382019043,10000,0.0,0.0
2024-04-10 00:00:00-04:00,14.172984372665677,14.350357055664062,14.046287757936113,14.350357055664062,23400,0.0,0.0
2024-04-11 00:00:00-04:00,14.333465295027805,14.333465295027805,14.00405793245892,14.08007526397705,15000,0.0,0.0
2024-04-12 00:00:00-04:00,13.953378789747285,14.291232666166781,13.953378789747285,14.105413436889648,12300,0.0,0.0
2024-04-15 00:00:00-04:00,14.10541284913392,14.10541284913392,13.683095118453435,13.708433151245117,64900,0.0,0.0
2024-04-16 00:00:00-04:00,13.767557144165039,13.90269868682815,13.556398282377144,13.767557144165039,33800,0.0,0.0
2024-04-17 00:00:00-04:00,13.830906355488068,13.944932341664199,13.590185366121029,13.674649238586426,24900,0.0,0.0
2024-04-18 00:00:00-04:00,13.598631948423513,13.763335614084383,13.514168075747218,13.531061172485352,53700,0.0,0.0
2024-04-19 00:00:00-04:00,13.632416496846542,13.860468469198802,13.623969948498566,13.674649238586426,26300,0.0,0.0
2024-04-22 00:00:00-04:00,13.733774707928113,13.93648705356735,13.514169264065309,13.928040504455566,51900,0.0,0.0
2024-04-23 00:00:00-04:00,13.725328719420512,14.232110409725108,13.725328719420512,14.181432723999023,20100,0.0,0.0
2024-04-24 00:00:00-04:00,14.215216150831635,14.223662699599164,14.009125516150178,14.113859176635742,11400,0.0,0.0
2024-04-25 00:00:00-04:00,13.953379498617451,14.189876418618615,13.835129427602428,14.164538383483887,12700,0.0,0.0
2024-04-26 00:00:00-04:00,14.14764538947157,14.401035408757817,14.14764538947157,14.316573143005371,17100,0.0,0.0
2024-04-29 00:00:00-04:00,14.240555292557795,14.358803749084473,14.140888276052625,14.358803749084473,21300,0.0,0.0
2024-04-30 00:00:00-04:00,14.3123490155089,14.477052688598633,14.189876475154938,14.477052688598633,31200,0.0,0.0
2024-05-01 00:00:00-04:00,14.477051709862451,14.603748321533203,14.360493211426583,14.603748321533203,13800,0.0,0.0
2024-05-02 00:00:00-04:00,14.569963027933563,14.688211487708113,14.472830134402406,14.527731895446777,20300,0.0,0.0
2024-05-03 00:00:00-04:00,14.818955435472375,14.844728121758367,14.552644231366845,14.604187965393066,44600,0.289,0.0
2024-05-06 00:00:00-04:00,14.58700453412232,14.733046462894619,14.51827901696745,14.664320945739746,17900,0.0,0.0
2024-05-07 00:00:00-04:00,14.715865994970423,14.715865994970423,14.604187634023306,14.690094947814941,19500,0.0,0.0
2024-05-08 00:00:00-04:00,14.658309548428937,14.658309548428937,14.191835219363043,14.372239112854004,22700,0.0,0.0
2024-05-09 00:00:00-04:00,14.44096384808446,14.556079877534463,14.35333933869868,14.406601905822754,20200,0.0,0.0
2024-05-10 00:00:00-04:00,14.447838816049725,14.544054229086113,14.30351405794928,14.535463333129883,14000,0.0,0.0
2024-05-13 00:00:00-04:00,14.595595556097669,14.604186450635277,14.26055886185886,14.587004661560059,10700,0.0,0.0
2024-05-14 00:00:00-04:00,14.518280968511206,14.518280968511206,14.277742445408819,14.346467971801758,25600,0.0,0.0
2024-05-15 00:00:00-04:00,14.690094653437116,14.715865700076169,14.492508982657823,14.518280029296875,25300,0.0,0.0
2024-05-16 00:00:00-04:00,14.52687105121427,14.655731201171875,14.450413231480514,14.655731201171875,43800,0.0,0.0
2024-05-17 00:00:00-04:00,14.54319322952752,14.741637486145844,14.432371836974273,14.587004661560059,26200,0.0,0.0
2024-05-20 00:00:00-04:00,14.655730545175652,14.690094124183931,14.483917565771163,14.612777709960938,8600,0.0,0.0
2024-05-21 00:00:00-04:00,14.449554878503074,14.518280402215323,14.251969202648569,14.329285621643066,35000,0.0,0.0
2024-05-22 00:00:00-04:00,14.312103904327637,14.39113915820138,14.174652856199662,14.183243751525879,16000,0.0,0.0
2024-05-23 00:00:00-04:00,14.290626452964638,14.290626452964638,13.899749755859375,13.899749755859375,22500,0.0,0.0
2024-05-24 00:00:00-04:00,14.209015020075896,14.209015020075896,13.891158478896834,14.131698608398438,18400,0.0,0.0
2024-05-28 00:00:00-04:00,14.071565229854224,14.190975901911793,13.83961758584998,13.9169340133667,18600,0.0,0.0
2024-05-29 00:00:00-04:00,13.418671455635842,13.633438926089564,12.980545619284756,13.246857643127441,144700,0.0,0.0
2024-05-30 00:00:00-04:00,13.255448238100891,13.573303988854605,13.04927084849149,13.367127418518066,67000,0.0,0.0
2024-05-31 00:00:00-04:00,13.392899800353051,13.71505101112765,13.221085985127843,13.487397193908691,37000,0.0,0.0
2024-06-03 00:00:00-04:00,13.581894936798102,13.873978002938314,13.444443070100931,13.650620460510254,42000,0.0,0.0
2024-06-04 00:00:00-04:00,13.727935298832834,13.73652619363859,13.500282321390081,13.64202880859375,29500,0.0,0.0
2024-06-05 00:00:00-04:00,13.62484602240432,13.659208779841084,13.444441341043124,13.50028133392334,18800,0.0,0.0
2024-06-06 00:00:00-04:00,13.410081411589669,13.607667922973633,13.410081411589669,13.607667922973633,18200,0.0,0.0
2024-06-07 00:00:00-04:00,13.607667922973633,13.65921166036219,13.489975269596748,13.607667922973633,11800,0.0,0.0
2024-06-10 00:00:00-04:00,13.642027960384723,13.745116233825684,13.623128156841744,13.745116233825684,28100,0.0,0.0
2024-06-11 00:00:00-04:00,13.63343838761701,13.726217760779802,13.573303760432395,13.609384536743164,16700,0.0,0.0
2024-06-12 00:00:00-04:00,13.745117819389131,13.873977971236759,13.616257667541504,13.616257667541504,28400,0.0,0.0
2024-06-13 00:00:00-04:00,13.727937276007921,13.727937276007921,13.410081495871,13.461626052856445,29500,0.0,0.0
2024-06-14 00:00:00-04:00,13.401490273500547,13.547532216656771,13.33276474957678,13.470215797424316,12000,0.0,0.0
2024-06-17 00:00:00-04:00,13.513168172205361,13.513168172205361,13.375717129069498,13.448738098144531,13800,0.0,0.0
2024-06-18 00:00:00-04:00,13.384308598377936,13.530350542794372,13.306992178478307,13.47708797454834,18600,0.0,0.0
2024-06-20 00:00:00-04:00,13.478806238213588,13.513169001105371,13.315583319295841,13.418671607971191,35500,0.0,0.0
2024-06-21 00:00:00-04:00,13.358535308490698,13.444441795349121,13.229674349293877,13.444441795349121,20000,0.0,0.0
2024-06-24 00:00:00-04:00,13.461624994370867,13.573304176330566,13.358536707778732,13.573304176330566,34800,0.0,0.0
2024-06-25 00:00:00-04:00,13.573304343212682,13.658352242142312,13.465920607616495,13.530350685119629,17600,0.0,0.0
2024-06-26 00:00:00-04:00,13.53035059337396,13.57244483392511,13.315583123637865,13.427262306213379,33400,0.0,0.0
2024-06-27 00:00:00-04:00,13.392900381621983,13.51316964786302,13.281221192060356,13.289812088012695,21400,0.0,0.0
2024-06-28 00:00:00-04:00,13.444444006016678,13.444444006016678,13.289811976536281,13.401491165161133,16000,0.0,0.0
2024-07-01 00:00:00-04:00,13.392898985214309,13.444442717008291,13.272628912240274,13.410079956054688,45900,0.0,0.0
2024-07-02 00:00:00-04:00,13.410079529864657,13.45303318450975,13.341354010141638,13.392898559570312,15700,0.0,0.0
2024-07-03 00:00:00-04:00,13.358537066870506,13.521759986877441,13.358537066870506,13.521759986877441,13600,0.0,0.0
2024-07-05 00:00:00-04:00,13.530350685119629,13.530350685119629,13.444443368933525,13.530350685119629,24700,0.0,0.0
2024-07-08 00:00:00-04:00,13.53035158135753,13.727937274691424,13.53035158135753,13.710756301879883,36600,0.0,0.0
2024-07-09 00:00:00-04:00,13.71075462355874,13.818137533850344,13.68498275785967,13.736526489257812,33300,0.0,0.0
2024-07-10 00:00:00-04:00,13.788070647313825,13.865387066076355,13.715050495452397,13.831025123596191,21300,0.0,0.0
2024-07-11 00:00:00-04:00,13.873978281229212,14.02002022686513,13.839616337956754,13.959885597229004,38000,0.0,0.0
2024-07-12 00:00:00-04:00,13.959885932872428,14.002838772632176,13.873978614807129,13.873978614807129,20400,0.0,0.0
2024-07-15 00:00:00-04:00,13.873979532220792,13.99425044088342,13.85679773976243,13.9169340133667,16800,0.0,0.0
2024-07-16 00:00:00-04:00,14.080155464433773,14.496804899967506,13.977067991619673,14.432374000549316,134000,0.0,0.0
2024-07-17 00:00:00-04:00,14.449554765854526,14.587005812207462,14.346467300362685,14.578414916992188,91700,0.0,0.0
2024-07-18 00:00:00-04:00,14.60418847765531,14.758821323703698,14.587006686195307,14.724457740783691,46800,0.0,0.0
2024-07-19 00:00:00-04:00,14.801773268257103,14.801773268257103,14.561234756553626,14.793182373046875,18800,0.0,0.0
2024-07-22 00:00:00-04:00,14.793181486293602,14.861907005310059,14.771705068828263,14.861907005310059,48100,0.0,0.0
2024-07-23 00:00:00-04:00,14.776003645825517,15.00795128468239,14.754525586456246,14.95640754699707,20900,0.0,0.0
2024-07-24 00:00:00-04:00,15.025130568852349,15.025130568852349,14.793181330165211,14.982177734375,19700,0.0,0.0
2024-07-25 00:00:00-04:00,14.879086818964508,15.11962692285453,14.818952202628353,15.050901412963867,55700,0.0,0.0
2024-07-26 00:00:00-04:00,15.050901804034947,15.089560006761998,14.861905418015832,15.033720016479492,21900,0.0,0.0
2024-07-29 00:00:00-04:00,15.007949473279082,15.171173201218956,14.87049843034414,14.922043800354004,29900,0.0,0.0
2024-07-30 00:00:00-04:00,14.922043800354004,15.07066153209997,14.861907535342496,14.922043800354004,20900,0.0,0.0
2024-07-31 00:00:00-04:00,14.853319516753968,14.956406988273589,14.853319516753968,14.939225196838379,20000,0.0,0.0
2024-08-01 00:00:00-04:00,14.859728161219032,15.300889251734121,14.859728161219032,15.244107246398926,44600,0.289,0.0
2024-08-02 00:00:00-04:00,14.938351910737477,15.287786702109827,14.92087975460973,15.209163665771484,17600,0.0,0.0
2024-08-05 00:00:00-04:00,14.824783533027183,15.11306742417666,14.772368734519025,14.894670486450195,23700,0.0,0.0
2024-08-06 00:00:00-04:00,14.807315694413118,15.069391400093986,14.807315694413118,14.824786186218262,19000,0.0,0.0
2024-08-07 00:00:00-04:00,14.816049401716503,15.034446368130272,14.519031060331468,14.597652435302734,26900,0.0,0.0
2024-08-08 00:00:00-04:00,14.59765183204302,14.807314377423992,14.422935265874282,14.501558303833008,22900,0.0,0.0
2024-08-09 00:00:00-04:00,14.484084243389661,14.676272940782736,14.484084243389661,14.650066375732422,19400,0.0,0.0
2024-08-12 00:00:00-04:00,14.53650071211033,14.658804139282347,14.502431173883519,14.615123748779297,10300,0.0,0.0
2024-08-13 00:00:00-04:00,14.676274299621582,14.676274299621582,14.545236463528557,14.676274299621582,19400,0.0,0.0
2024-08-14 00:00:00-04:00,14.667540771880029,14.754898223715575,14.51903077102838,14.58891773223877,27900,0.0,0.0
2024-08-15 00:00:00-04:00,14.719954707670526,14.807313820587993,14.632595594753061,14.641331672668457,38500,0.0,0.0
2024-08-16 00:00:00-04:00,14.702482223510742,14.719954378951353,14.603766044884097,14.702482223510742,19800,0.0,0.0
2024-08-19 00:00:00-04:00,14.702482866766653,14.859728940139,14.606387673875435,14.728691101074219,31500,0.0,0.0
2024-08-20 00:00:00-04:00,14.72869035361778,14.850992108373429,14.702482120640237,14.798577308654785,8400,0.0,0.0
2024-08-21 00:00:00-04:00,14.763634743842186,15.025712105899368,14.737428174002114,14.964559555053711,19300,0.0,0.0
2024-08-22 00:00:00-04:00,15.016977285673187,15.174223382837845,15.008241206248842,15.051919937133789,11600,0.0,0.0
2024-08-23 00:00:00-04:00,15.086861813817022,15.23537180752881,15.07812573580615,15.15674877166748,8800,0.0,0.0
2024-08-26 00:00:00-04:00,15.104331132100963,15.313991966262153,15.104331132100963,15.305255889892578,20900,0.0,0.0
2024-08-27 00:00:00-04:00,15.27031423641841,15.305258547965503,15.235371591107798,15.303510665893555,19800,0.0,0.0
2024-08-28 00:00:00-04:00,15.287784143335244,15.41008588328633,15.287784143335244,15.331462860107422,13900,0.0,0.0
2024-08-29 00:00:00-04:00,15.401351100683668,15.63722019003777,15.348936302905992,15.532390594482422,26300,0.0,0.0
2024-08-30 00:00:00-04:00,15.541128963513264,15.554232248330798,15.078126793866424,15.174221992492676,116300,0.0,0.0
2024-09-03 00:00:00-04:00,15.200426857248132,15.244107245468431,14.982029914855957,14.982029914855957,21000,0.0,0.0
2024-09-04 00:00:00-04:00,15.078124893262588,15.156747924730578,15.069388815739876,15.117436408996582,14700,0.0,0.0
2024-09-05 00:00:00-04:00,15.156749173391622,15.261578779827529,15.086862213688834,15.182955741882324,16200,0.0,0.0
2024-09-06 00:00:00-04:00,15.182955335032688,15.334961092893671,15.037066331390383,15.043181419372559,18800,0.0,0.0
2024-09-09 00:00:00-04:00,15.130538222618934,15.331462987417375,15.043179122112926,15.313992500305176,33100,0.0,0.0
2024-09-10 00:00:00-04:00,15.287786609357529,15.348937489197118,15.13927661564574,15.15674877166748,10900,0.0,0.0
2024-09-11 00:00:00-04:00,15.261577735451672,15.348936845661163,15.165484213834027,15.244107246398926,14500,0.0,0.0
2024-09-12 00:00:00-04:00,15.340202660661006,15.471240509024218,15.113069612587672,15.392619132995605,10900,0.0,0.0
2024-09-13 00:00:00-04:00,15.423190831306975,15.48870890646524,15.265944784949157,15.331462860107422,22600,0.0,0.0
2024-09-16 00:00:00-04:00,15.340200524572607,15.715843526146577,15.331464447066653,15.654692649841309,24500,0.0,0.0
2024-09-17 00:00:00-04:00,15.663425969319984,15.798830981229033,15.488707782438228,15.707104682922363,41300,0.0,0.0
2024-09-18 00:00:00-04:00,15.715843006608733,15.733315161043041,15.427559123388045,15.611013412475586,15000,0.0,0.0
2024-09-19 00:00:00-04:00,15.942976096420576,15.942976096420576,15.811938269971243,15.846880912780762,33400,0.0,0.0
2024-09-20 00:00:00-04:00,15.942979532812293,15.942979532812293,15.820677757263182,15.820677757263184,6500,0.0,0.0
2024-09-23 00:00:00-04:00,15.877458392089915,15.899299421170767,15.785732068402025,15.829412460327148,14400,0.0,0.0
2024-09-24 00:00:00-04:00,15.873088836669922,15.873088836669922,15.750787089854384,15.873088836669922,13900,0.0,0.0
2024-09-25 00:00:00-04:00,15.8730913860966,15.899299621582031,15.82067658136234,15.899299621582031,8200,0.0,0.0
2024-09-26 00:00:00-04:00,15.890560770623194,16.135164260864258,15.733314717618907,16.135164260864258,53000,0.0,0.0
2024-09-27 00:00:00-04:00,16.161373987906117,16.292411822128336,16.143901832346767,16.257469177246094,20700,0.0,0.0
2024-09-30 00:00:00-04:00,16.30114854189754,16.30988462002127,16.03033678500803,16.17011070251465,43000,0.0,0.0
2024-10-01 00:00:00-04:00,16.22252657189624,16.30988569264219,16.074016566499118,16.187583923339844,21500,0.0,0.0
2024-10-02 00:00:00-04:00,16.16137440668384,16.283676166295496,16.143902250671747,16.248733520507812,16100,0.0,0.0
2024-10-03 00:00:00-04:00,16.248732863005504,16.40597892827841,16.248732863005504,16.314250946044922,33100,0.0,0.0
2024-10-04 00:00:00-04:00,16.31861918827586,16.397242217878357,16.161373129070864,16.25309944152832,32000,0.0,0.0
2024-10-07 00:00:00-04:00,16.239995730459455,16.2819282339733,16.144775322833862,16.20505142211914,19700,0.0,0.0
2024-10-08 00:00:00-04:00,16.239997003815304,16.29241180419922,16.161373970121204,16.29241180419922,8900,0.0,0.0
2024-10-09 00:00:00-04:00,16.20505080932028,16.624374162365566,16.20505080932028,16.58942985534668,47900,0.0,0.0
2024-10-10 00:00:00-04:00,16.55448933406824,16.55448933406824,16.36229895333039,16.51080894470215,8800,0.0,0.0
2024-10-11 00:00:00-04:00,16.423448978895514,16.70823877106703,16.423448978895514,16.563222885131836,35100,0.0,0.0
2024-10-14 00:00:00-04:00,16.65931699376002,16.938864788164548,16.61563827572292,16.85500144958496,44800,0.0,0.0
2024-10-15 00:00:00-04:00,16.99128574652533,17.17473841032072,16.930133192356806,16.9825496673584,66000,0.0,0.0
2024-10-16 00:00:00-04:00,17.10484737589457,17.34945253569431,17.034960425414116,17.24462127685547,53000,0.0,0.0
2024-10-17 00:00:00-04:00,17.235885425138083,17.340716685347672,17.174734550947637,17.279565811157227,30100,0.0,0.0
2024-10-18 00:00:00-04:00,17.331981030098135,17.36692367352779,17.227149767336385,17.270830154418945,29000,0.0,0.0
2024-10-21 00:00:00-04:00,17.21841455961382,17.21841455961382,16.90392408791659,17.06990623474121,59500,0.0,0.0
2024-10-22 00:00:00-04:00,16.895187567066085,17.123193694595095,16.895187567066085,17.000017166137695,37600,0.0,0.0
2024-10-23 00:00:00-04:00,16.991282570929933,17.061169524967102,16.69862980536176,16.74667739868164,22100,0.0,0.0
2024-10-24 00:00:00-04:00,16.834038203289108,16.851510360117278,16.703000359551016,16.711734771728516,17500,0.0,0.0
2024-10-25 00:00:00-04:00,16.73794197069639,16.938866763070976,16.51080894470215,16.51080894470215,64200,0.0,0.0
2024-10-28 00:00:00-04:00,16.615638928503,16.685525879849788,16.301146814324284,16.42344856262207,35600,0.0,0.0
2024-10-29 00:00:00-04:00,16.414713942223617,16.606902639416038,16.222523578794863,16.502071380615234,38600,0.0,0.0
2024-10-30 00:00:00-04:00,16.40597974569918,16.746678459941357,16.40597974569918,16.650583267211914,73200,0.0,0.0
2024-10-31 00:00:00-04:00,16.59817191865108,16.70300321128152,16.27494362709102,16.47587013244629,50200,0.0,0.0
2024-11-01 00:00:00-04:00,16.545951513560773,16.545951513560773,15.729743633336087,15.91605281829834,50000,0.289,0.0
2024-11-04 00:00:00-05:00,16.040259715551535,16.191080809961115,15.7785408073751,15.871694564819336,45700,0.0,0.0
2024-11-05 00:00:00-05:00,15.836210629505027,16.10236474744631,15.836210629505027,16.07575035095215,25400,0.0,0.0
2024-11-06 00:00:00-05:00,15.933795707415133,16.035823176463502,15.667641653997846,15.694257736206055,30400,0.0,0.0
2024-11-07 00:00:00-05:00,15.756363296118252,16.18221054116202,15.756363296118252,15.969286918640137,29700,0.0,0.0
2024-11-08 00:00:00-05:00,16.058004186740245,16.160029974981676,15.960413566610878,16.111234664916992,22000,0.0,0.0
2024-11-11 00:00:00-05:00,16.262056129047288,16.262056129047288,15.94266986846924,15.942669868469238,29200,0.0,0.0
2024-11-12 00:00:00-05:00,15.836205971382817,15.91427743945692,15.570050239562988,15.570050239562988,34200,0.0,0.0
2024-11-13 00:00:00-05:00,15.63215730420887,15.68538778349985,15.525694653460485,15.578925132751465,28500,0.0,0.0
2024-11-14 00:00:00-05:00,15.587795854540182,15.756360999024288,15.543437407544184,15.738616943359375,33400,0.0,0.0
2024-11-15 00:00:00-05:00,15.81846501089917,15.827337039578092,15.348257643914959,15.490206718444824,51000,0.0,0.0
2024-11-18 00:00:00-05:00,15.490205724778543,15.570052285600399,15.090974612835604,15.135333061218262,58100,0.0,0.0
2024-11-19 00:00:00-05:00,15.188564268214893,15.250666768885138,15.04661351961204,15.126460075378418,33500,0.0,0.0
2024-11-20 00:00:00-05:00,15.179691665807063,15.179691665807063,15.002254505897769,15.037742614746094,34400,0.0,0.0
2024-11-21 00:00:00-05:00,15.1796951176507,15.300351669273056,15.064360429832846,15.144207000732422,31600,0.0,0.0
2024-11-22 00:00:00-05:00,15.219617250179581,15.277282897553652,15.153077882081595,15.197436332702637,42300,0.0,0.0
2024-11-25 00:00:00-05:00,15.348258983018125,15.499080099385738,15.259542072821432,15.383747100830078,36300,0.0,0.0
2024-11-26 00:00:00-05:00,15.357127733837089,15.467138844967666,15.082101648176879,15.161948204040527,47600,0.0,0.0
2024-11-27 00:00:00-05:00,15.161947845918755,15.410359535201142,15.161947845918755,15.295024871826172,36000,0.0,0.0
2024-11-29 00:00:00-05:00,15.374870558062131,15.649896621704102,15.277279954893714,15.649896621704102,59900,0.0,0.0
2024-12-02 00:00:00-05:00,15.649899850332536,15.720874387597469,15.268411077971104,15.490206718444824,68300,0.0,0.0
2024-12-03 00:00:00-05:00,15.490206521110112,15.495530076682936,15.17082195356988,15.232924461364746,60900,0.0,0.0
2024-12-04 00:00:00-05:00,15.290591793724937,15.37487352681146,15.17082194639161,15.215180397033691,32000,0.0,0.0
2024-12-05 00:00:00-05:00,15.224050369097776,15.472462058770141,15.224050369097776,15.339385032653809,41900,0.0,0.0
2024-12-06 00:00:00-05:00,15.392614337248231,15.507947299890894,15.321639815891347,15.348254203796387,15600,0.0,0.0
2024-12-09 00:00:00-05:00,15.348254203796387,15.422778889562272,15.22759768670629,15.348254203796387,37000,0.0,0.0
2024-12-10 00:00:00-05:00,15.250667198435186,15.366000175476074,15.147753029711906,15.366000175476074,52000,0.0,0.0
2024-12-11 00:00:00-05:00,15.303898043779757,15.490205555551155,15.232923511843083,15.241795539855957,65900,0.0,0.0
2024-12-12 00:00:00-05:00,15.215180766406034,15.416572266096248,15.00225715225543,15.055487632751465,34800,0.0,0.0
2024-12-13 00:00:00-05:00,15.046615025058978,15.14420564568565,14.860307504407768,14.922410011291504,41700,0.0,0.0
2024-12-16 00:00:00-05:00,14.949025519319965,15.082102556384205,14.807076454162598,14.807076454162598,53500,0.0,0.0
2024-12-17 00:00:00-05:00,14.789333517881115,14.81594960417597,14.532049760196918,14.682870864868164,73800,0.0,0.0
2024-12-18 00:00:00-05:00,14.718357639135279,14.993383737128966,14.523178100585938,14.523178100585938,39700,0.0,0.0
2024-12-19 00:00:00-05:00,14.620767797347892,14.65625591105249,14.380341411148347,14.59415340423584,51300,0.0,0.0
2024-12-20 00:00:00-05:00,14.62963982577404,14.726343751102593,14.478818726862292,14.59415340423584,26800,0.0,0.0
2024-12-23 00:00:00-05:00,14.47881716840605,14.594151833365322,14.39276036331833,14.416714668273926,43100,0.0,0.0
2024-12-24 00:00:00-05:00,14.372356223084184,14.576407778422938,14.327996085728227,14.416714668273926,16300,0.0,0.0
2024-12-26 00:00:00-05:00,14.283638961909777,14.478818507833289,14.239278820450089,14.301383018493652,47200,0.0,0.0
2024-12-27 00:00:00-05:00,14.265894889831543,14.34130628414792,14.1949203557395,14.265894889831543,53100,0.0,0.0
2024-12-30 00:00:00-05:00,14.283637659096819,14.540919687430785,14.19491907643585,14.452202796936035,69600,0.0,0.0
2024-12-31 00:00:00-05:00,14.48325465933815,14.807076061399307,14.097329908355585,14.159432411193848,253700,0.0,0.0
2025-01-02 00:00:00-05:00,14.336868176806412,14.851433927254925,14.336868176806412,14.771587371826172,57500,0.0,0.0
2025-01-03 00:00:00-05:00,14.869178962735186,15.006692859966954,14.771588345850294,14.815948486328125,18500,0.0,0.0
2025-01-06 00:00:00-05:00,14.815947887735602,14.86917836199205,14.518740881124044,14.66512680053711,34400,0.0,0.0
2025-01-07 00:00:00-05:00,14.665126380022626,14.745859630299282,14.443330769453317,14.452202796936035,39400,0.0,0.0
2025-01-08 00:00:00-05:00,14.443332301621107,14.585281372070312,14.274767145900276,14.585281372070312,77800,0.0,0.0
2025-01-10 00:00:00-05:00,14.39009874559707,14.461073273988235,14.30138185423279,14.31025218963623,31300,0.0,0.0
2025-01-13 00:00:00-05:00,14.22153547646522,14.327996424302787,14.15943212878247,14.239277839660645,46600,0.0,0.0
2025-01-14 00:00:00-05:00,14.302269320342173,14.540920613816501,14.204678703981099,14.381227493286133,41200,0.0,0.0
2025-01-15 00:00:00-05:00,14.558664744054035,14.815948482255724,14.46107412719597,14.807076454162598,25800,0.0,0.0
2025-01-16 00:00:00-05:00,14.807074374180813,15.042177163041117,14.727227824725219,14.87804889678955,21500,0.0,0.0
2025-01-17 00:00:00-05:00,14.913537627584303,15.188565426041118,14.90466559935992,15.090974807739258,66700,0.0,0.0
2025-01-21 00:00:00-05:00,15.090973485043978,15.303897067267759,15.082101457597211,15.206306457519531,45500,0.0,0.0
2025-01-22 00:00:00-05:00,15.180580662959896,15.25954053260509,15.093637152129455,15.197436332702637,13300,0.0,0.0
2025-01-23 00:00:00-05:00,15.170823675175123,15.196551376419345,15.099849130760072,15.14864444732666,15200,0.0,0.0
2025-01-24 00:00:00-05:00,15.170818746487209,15.54343540665237,15.082100171749586,15.348254203796387,22200,0.0,0.0
2025-01-27 00:00:00-05:00,15.374873551997355,15.605541218480168,15.259540564839162,15.578925132751465,22000,0.0,0.0
2025-01-28 00:00:00-05:00,15.58779456098903,15.641025031400162,15.381081236929097,15.531902313232422,21500,0.0,0.0
2025-01-29 00:00:00-05:00,15.534564203402715,15.658769199319481,15.378419571274382,15.48133373260498,19300,0.0,0.0
2025-01-30 00:00:00-05:00,15.6144100403726,15.729743003845215,15.535450186776359,15.729743003845215,17700,0.0,0.0
2025-01-31 00:00:00-05:00,15.68538645988434,15.84507957644796,15.632155985085229,15.72087287902832,26300,0.0,0.0
2025-02-03 00:00:00-05:00,15.728991230199506,15.821884930122392,15.602725226458098,15.701933860778809,41500,0.289,0.0
2025-02-04 00:00:00-05:00,15.738009824081582,15.87329322619189,15.692914209896953,15.792122840881348,53700,0.0,0.0
2025-02-05 00:00:00-05:00,15.918388193200316,15.99955858398249,15.783104781970664,15.963483810424805,25400,0.0,0.0
2025-02-06 00:00:00-05:00,15.9905368908123,15.9905368908123,15.82819613533658,15.88231086730957,21100,0.0,0.0
2025-02-07 00:00:00-05:00,15.80114314356615,15.93642655577787,15.777693078394805,15.78310489654541,21200,0.0,0.0
2025-02-10 00:00:00-05:00,15.900348570745793,15.909367693410431,15.783103416549002,15.873292922973633,16700,0.0,0.0
2025-02-11 00:00:00-05:00,15.891333026923926,15.945446049018962,15.828199160887435,15.837218284606934,19200,0.0,0.0
2025-02-12 00:00:00-05:00,15.70193378033049,15.810161537236933,15.494499109833468,15.77408504486084,28200,0.0,0.0
2025-02-13 00:00:00-05:00,15.810162687918615,16.008578249762525,15.792124440417723,15.972501754760742,12900,0.0,0.0
2025-02-14 00:00:00-05:00,16.071711584556823,16.270128881298866,15.981522060603357,16.206995010375977,20800,0.0,0.0
2025-02-18 00:00:00-05:00,16.306200993942255,16.306200993942255,16.089747203960673,16.098766326904297,33600,0.0,0.0
2025-02-19 00:00:00-05:00,16.089747283517998,16.15287942421373,15.963483002126534,16.026615142822266,24100,0.0,0.0
2025-02-20 00:00:00-05:00,16.1276278405656,16.1276278405656,15.918388643304537,15.945446014404297,12500,0.0,0.0
2025-02-21 00:00:00-05:00,16.08072897476466,16.14295972237912,15.918388193200316,15.963483810424805,18500,0.0,0.0
2025-02-24 00:00:00-05:00,16.08072897476466,16.08072897476466,15.936426440090111,15.963483810424805,9100,0.0,0.0
2025-02-25 00:00:00-05:00,16.114097203379835,16.114097203379835,15.954462354212021,16.080726623535156,14700,0.0,0.0
2025-02-26 00:00:00-05:00,16.008578350961564,16.090650141320886,15.909369709301476,16.044654846191406,8200,0.0,0.0
2025-02-27 00:00:00-05:00,15.954464686979907,16.044654201206978,15.873294296197734,15.963483810424805,17100,0.0,0.0
2025-02-28 00:00:00-05:00,15.864272717642038,16.05366912000871,15.864272717642038,15.909366607666016,13100,0.0,0.0
2025-03-03 00:00:00-05:00,15.9634816219965,15.985127171252493,15.891330364550416,15.936424255371094,12500,0.0,0.0
2025-03-04 00:00:00-05:00,15.851649399235216,15.918388851219987,15.60272639848763,15.692915916442871,25300,0.0,0.0
2025-03-05 00:00:00-05:00,15.629783769940794,15.715462865876187,15.58649266370452,15.692915916442871,12700,0.0,0.0
2025-03-06 00:00:00-05:00,15.647820052423977,15.647820052423977,15.35019588470459,15.35019588470459,26600,0.0,0.0
2025-03-07 00:00:00-05:00,15.555827456661063,15.555827456661063,15.287065145028464,15.332159042358398,14400,0.0,0.0
2025-03-10 00:00:00-04:00,15.23295166542592,15.55763325779887,15.178838640104448,15.25098991394043,17200,0.0,0.0
2025-03-11 00:00:00-04:00,15.2870653992148,15.2870653992148,15.052573344711897,15.115705490112305,29400,0.0,0.0
2025-03-12 00:00:00-04:00,15.169818426974592,15.196875797804209,15.097667158317547,15.187856674194336,24100,0.0,0.0
2025-03-13 00:00:00-04:00,15.088648535177034,15.314121472236662,15.088648535177034,15.305102348327637,10600,0.0,0.0
2025-03-14 00:00:00-04:00,15.21942205106898,15.557631429981624,15.097666468233806,15.422348022460938,18100,0.0,0.0
2025-03-17 00:00:00-04:00,15.422349702540568,15.557633124798757,15.413330578360416,15.5305757522583,14400,0.0,0.0
2025-03-18 00:00:00-04:00,15.557631348373336,15.557631348373336,15.360117195980395,15.494499206542969,11100,0.0,0.0
2025-03-19 00:00:00-04:00,15.446699961498632,15.656840549868575,15.379057395532287,15.647821426391602,15100,0.0,0.0
2025-03-20 00:00:00-04:00,15.557630896784277,15.647820405447677,15.512537002563477,15.512537002563477,7700,0.0,0.0
2025-03-21 00:00:00-04:00,15.539593246146874,15.588296167565758,15.497205259191421,15.557631492614746,8300,0.0,0.0
2025-03-24 00:00:00-04:00,15.51253858314408,15.557632481959521,15.377253446253809,15.4494047164917,21500,0.0,0.0
2025-03-25 00:00:00-04:00,15.386270354253769,15.538690600272531,15.386270354253769,15.431365966796875,14200,0.0,0.0
2025-03-26 00:00:00-04:00,15.431367247484085,15.466540624031623,14.881212770351603,15.142762184143066,28000,0.0,0.0
2025-03-27 00:00:00-04:00,15.061592049974621,15.241969357504788,15.02551555633545,15.02551555633545,20900,0.0,0.0
2025-03-28 00:00:00-04:00,14.917288658840643,15.135545240019626,14.72789051856,14.745928764343262,51500,0.0,0.0
2025-03-31 00:00:00-04:00,14.70985212645545,14.890231142050203,14.673777355469568,14.682796478271484,92900,0.0,0.0
2025-04-01 00:00:00-04:00,14.709853313886148,14.971402735589542,14.691816787048126,14.772985458374023,19100,0.0,0.0
2025-04-02 00:00:00-04:00,14.772984926644996,14.969597683989004,14.700833661224115,14.863174438476562,22500,0.0,0.0
2025-04-03 00:00:00-04:00,14.727891193617525,14.827099829750921,14.547512167960784,14.7188720703125,54900,0.0,0.0
2025-04-04 00:00:00-04:00,14.655740427713004,14.82710033591456,14.267926713467244,14.736910820007324,78900,0.0,0.0
2025-04-07 00:00:00-04:00,14.457323894583263,14.818080213678098,14.222831857116164,14.493398666381836,37400,0.0,0.0
2025-04-08 00:00:00-04:00,14.673777967672635,14.890231763283913,14.38517204674667,14.520456314086914,29800,0.0,0.0
2025-04-09 00:00:00-04:00,14.395092968901292,14.881212167274121,14.213812555289655,14.745928764343262,32300,0.0,0.0
2025-04-10 00:00:00-04:00,14.745929150902336,14.872193434251537,14.430266722307492,14.592607498168945,21300,0.0,0.0
2025-04-11 00:00:00-04:00,14.592608143235859,14.817179674452856,14.213813556221782,14.222832679748535,16500,0.0,0.0
2025-04-14 00:00:00-04:00,14.403210740358324,14.547512415135838,14.340077736261403,14.502418518066406,17900,0.0,0.0
2025-04-15 00:00:00-04:00,14.592607206853954,14.746830252754814,14.439285557181352,14.46634292602539,16100,0.0,0.0
2025-04-16 00:00:00-04:00,14.655739332725554,14.655739332725554,14.394190788269043,14.394190788269043,26400,0.0,0.0
2025-04-17 00:00:00-04:00,14.204793047270218,14.718870996602613,14.204793047270218,14.340076446533203,51100,0.0,0.0
2025-04-21 00:00:00-04:00,14.340077290966587,14.65573972131623,14.340077290966587,14.520456314086914,21500,0.0,0.0
2025-04-22 00:00:00-04:00,14.565549771513,14.718871420485634,14.565549771513,14.637701034545898,34800,0.0,0.0
2025-04-23 00:00:00-04:00,14.863174830392174,14.903760025775446,14.637701904978863,14.709853172302246,11300,0.0,0.0
2025-04-24 00:00:00-04:00,14.709853755262042,14.879409154180474,14.709853755262042,14.82078742980957,16200,0.0,0.0
2025-04-25 00:00:00-04:00,15.061590494694338,15.061590494694338,14.745928088834905,14.980420112609863,21300,0.0,0.0
2025-04-28 00:00:00-04:00,15.025515608286874,15.27984869652357,15.025515608286874,15.061592102050781,79000,0.0,0.0
2025-04-29 00:00:00-04:00,15.214912507034448,15.485479307092813,15.151778648147184,15.241968154907227,141700,0.0,0.0
2025-04-30 00:00:00-04:00,15.305099971897905,15.431365966796875,15.151778329694798,15.431365966796875,97600,0.0,0.0
2025-05-01 00:00:00-04:00,15.494664199538393,15.76070724074826,15.334122191757714,15.668968200683594,57500,0.289,0.0
2025-05-02 00:00:00-04:00,15.687318326925244,15.797403788993844,15.457971572875977,15.457971572875977,42100,0.0,0.0
2025-05-05 00:00:00-04:00,15.568056300939643,15.64144718878409,15.396506434808051,15.503839492797852,17500,0.0,0.0
2025-05-06 00:00:00-04:00,15.384579487214753,15.520351663210702,15.320362681030623,15.343297004699707,11700,0.0,0.0
2025-05-07 00:00:00-04:00,15.429533325376596,15.522189265292525,15.375407474349846,15.443293571472168,24200,0.0,0.0
2025-05-08 00:00:00-04:00,15.485490687966653,15.49191236851318,15.302014350891113,15.302014350891113,15800,0.0,0.0
2025-05-09 00:00:00-04:00,15.324033315151576,15.448797656716126,15.091017276530344,15.128628730773926,13500,0.0,0.0
2025-05-12 00:00:00-04:00,15.18275393566188,15.641447429183712,15.100188966845806,15.402928352355957,69700,0.0,0.0
2025-05-13 00:00:00-04:00,15.421275252335196,15.67814424679005,15.201102578421125,15.457971572875977,69900,0.0,0.0
2025-05-14 00:00:00-04:00,15.48549168142504,15.659795700139336,15.265319012943376,15.412100791931152,15600,0.0,0.0
2025-05-15 00:00:00-04:00,15.586403344554467,15.643281584773085,15.357056617736816,15.357056617736816,37400,0.0,0.0
2025-05-16 00:00:00-04:00,15.38458042749565,15.42127499765355,15.256145057500891,15.274493217468262,23900,0.0,0.0
2025-05-19 00:00:00-04:00,15.146059238598705,15.219450126953486,14.72406031822611,14.907538414001465,88900,0.0,0.0
2025-05-20 00:00:00-04:00,14.889190029512017,15.017625394524991,14.861669540405273,14.861669540405273,25600,0.0,0.0
2025-05-21 00:00:00-04:00,14.861670711432282,14.953408015385577,14.724061255948516,14.780022621154785,27200,0.0,0.0
2025-05-22 00:00:00-04:00,14.724060859054973,14.852496230725995,14.724060859054973,14.751583099365234,21300,0.0,0.0
2025-05-23 00:00:00-04:00,14.705713231168144,14.850659485337898,14.678190993136393,14.74240779876709,19300,0.0,0.0
2025-05-27 00:00:00-04:00,14.815800491748083,15.09101765632081,14.706631908853804,15.017626762390137,20400,0.0,0.0
2025-05-28 00:00:00-04:00,14.907538114727961,14.980929001609399,14.788278579711914,14.788278579711914,17800,0.0,0.0
2025-05-29 00:00:00-04:00,14.907538241536573,14.960747203655677,14.843321433691163,14.895611763000488,10000,0.0,0.0
2025-05-30 00:00:00-04:00,14.889190635670154,15.072668736143019,14.39380168914795,14.39380168914795,156600,0.0,0.0
2025-06-02 00:00:00-04:00,14.586452789845632,15.011204114034314,14.513061900642738,14.60296630859375,44600,0.0,0.0
2025-06-03 00:00:00-04:00,14.624065303669445,14.769930192151529,14.542418096381871,14.641495704650879,46700,0.0,0.0
2025-06-04 00:00:00-04:00,14.714887801987699,14.85249549718909,14.714887801987699,14.79745101928711,31200,0.0,0.0
2025-06-05 00:00:00-04:00,14.792865164256478,14.861669888187,14.744244115890233,14.769930839538574,12900,0.0,0.0
2025-06-06 00:00:00-04:00,14.678193484888714,14.852497522459332,14.65067211707333,14.834149360656738,18600,0.0,0.0
2025-06-09 00:00:00-04:00,14.76993117646641,14.962581608223662,14.76993117646641,14.852496147155762,28000,0.0,0.0
2025-06-10 00:00:00-04:00,14.988267947102022,14.988267947102022,14.769930796724026,14.806625366210938,24300,0.0,0.0
2025-06-11 00:00:00-04:00,14.85249549718909,14.953406873789161,14.79745101928711,14.79745101928711,15400,0.0,0.0
2025-06-12 00:00:00-04:00,14.870842175145643,14.870842175145643,14.747913355121154,14.806625366210938,11200,0.0,0.0
2025-06-13 00:00:00-04:00,14.769930868134503,14.889190406764584,14.696539979029033,14.880016326904297,12600,0.0,0.0
2025-06-16 00:00:00-04:00,14.78827939096705,14.898364852439888,14.78827939096705,14.85708236694336,14000,0.0,0.0
2025-06-17 00:00:00-04:00,14.861669916960544,14.925886726205729,14.797451357938542,14.880016326904297,12900,0.0,0.0
2025-06-18 00:00:00-04:00,14.880016441202272,14.9901036505945,14.880016441202272,14.916712760925293,28800,0.0,0.0
2025-06-20 00:00:00-04:00,14.990103155641474,14.990103155641474,14.7974509830104,14.861669540405273,17900,0.0,0.0
2025-06-23 00:00:00-04:00,14.84332202348078,14.93506107395232,14.824973863431103,14.889190673828125,15700,0.0,0.0
2025-06-24 00:00:00-04:00,14.939648436553018,15.127712717694251,14.916714109541061,15.072669982910156,30000,0.0,0.0
2025-06-25 00:00:00-04:00,15.026798713057083,15.10018960513174,14.91671324983354,14.971755981445312,12800,0.0,0.0
2025-06-26 00:00:00-04:00,14.971754760330361,15.0148727589237,14.90753795372475,14.962580680847168,27500,0.0,0.0
2025-06-27 00:00:00-04:00,14.999277928430866,15.054320658964816,14.83414798705216,14.852496147155762,12700,0.0,0.0
2025-06-30 00:00:00-04:00,14.835982434030907,15.045145494900323,14.769930112283166,14.81579875946045,66400,0.0,0.0
2025-07-01 00:00:00-04:00,14.815799979912077,15.072668974683943,14.815799979912077,14.824974060058594,26400,0.0,0.0
2025-07-02 00:00:00-04:00,14.935061253607948,15.503840223775082,14.815799961627281,15.457971572875977,42300,0.0,0.0
2025-07-03 00:00:00-04:00,15.467147091904094,15.522189828058963,15.338711707840018,15.513015747070312,11000,0.0,0.0
2025-07-07 00:00:00-04:00,15.476317744621678,15.476317744621678,15.182752467345727,15.384578704833984,11500,0.0,0.0
2025-07-08 00:00:00-04:00,15.393754035919576,15.503839492797852,15.32036314807513,15.503839492797852,18400,0.0,0.0
2025-07-09 00:00:00-04:00,15.467147091904094,15.513015747070312,15.384582112783272,15.513015747070312,25700,0.0,0.0
2025-07-10 00:00:00-04:00,15.457971417989267,15.712088010879661,15.439623257902722,15.701078414916992,27300,0.0,0.0
2025-07-11 00:00:00-04:00,15.659797415821883,15.659797415821883,15.320365170890868,15.366233825683594,15300,0.0,0.0
2025-07-14 00:00:00-04:00,15.467145653011173,15.618513600799716,15.412101172200002,15.457971572875977,32400,0.0,0.0
2025-07-15 00:00:00-04:00,15.503838278522524,15.724010924811733,15.389164915885853,15.668968200683594,34100,0.0,0.0
2025-07-16 00:00:00-04:00,15.678142279667727,15.788227727924005,15.503838278522524,15.668968200683594,27300,0.0,0.0
2025-07-17 00:00:00-04:00,15.797404067356762,15.852448549137861,15.668970442754668,15.751535415649414,27100,0.0,0.0
2025-07-18 00:00:00-04:00,15.80657726310154,15.824925422668457,15.68731772547018,15.824925422668457,11400,0.0,0.0
2025-07-21 00:00:00-04:00,15.788228611366637,15.824924929356536,15.71483772516359,15.769882202148438,27400,0.0,0.0
2025-07-22 00:00:00-04:00,15.82492699889805,15.879969733304488,15.709336731711433,15.742362022399902,11000,0.0,0.0
2025-07-23 00:00:00-04:00,15.733185500477362,15.74235957975111,15.696490933159073,15.724011421203613,13300,0.0,0.0
2025-07-24 00:00:00-04:00,15.705666391642014,15.751535042262054,15.623101420704456,15.646952629089355,16700,0.0,0.0
2025-07-25 00:00:00-04:00,15.769883931044829,15.769883931044829,15.623102142546637,15.659796714782715,22100,0.0,0.0
2025-07-28 00:00:00-04:00,15.815750122070312,15.843272359296254,15.742359239244472,15.815750122070312,19000,0.0,0.0
2025-07-29 00:00:00-04:00,15.916665718900612,16.00198309277819,15.852448905157361,15.944186210632324,38500,0.0,0.0
2025-07-30 00:00:00-04:00,15.870792889745696,16.11848777612026,15.870792889745696,16.100139617919922,20400,0.0,0.0
2025-07-31 00:00:00-04:00,16.008402326471572,16.15518409252094,15.971706010070891,16.100139617919922,21800,0.0,0.0
2025-08-01 00:00:00-04:00,16.043245250811065,16.146780199825663,15.707455842315436,15.71678352355957,69200,0.289,0.0
2025-08-04 00:00:00-04:00,15.86602120290661,16.024588209295935,15.856693522639816,15.959296226501465,23500,0.0,0.0
2025-08-05 00:00:00-04:00,15.968624819712916,16.005933763839995,15.856694429185282,15.866022109985352,21500,0.0,0.0
2025-08-06 00:00:00-04:00,15.856694429185282,15.931314096512638,15.835240585437802,15.866022109985352,14300,0.0,0.0
2025-08-07 00:00:00-04:00,15.921988643595302,16.010600734058404,15.87535201214253,15.97795295715332,16300,0.0,0.0
2025-08-08 00:00:00-04:00,15.912660961490058,15.97795295715332,15.866024330037286,15.97795295715332,11100,0.0,0.0
2025-08-11 00:00:00-04:00,16.015261800229485,16.043244843251006,15.977951076200789,16.020858764648438,12700,0.0,0.0
2025-08-12 00:00:00-04:00,16.043244900655317,16.12719225094701,15.996606495452573,16.02458953857422,9800,0.0,0.0
2025-08-13 00:00:00-04:00,16.145843595890963,16.229790934546255,16.089879296478436,16.192481994628906,20300,0.0,0.0
2025-08-14 00:00:00-04:00,16.220462147989586,16.28575412269448,16.089878198579797,16.27642822265625,21000,0.0,0.0
2025-08-15 00:00:00-04:00,16.32306860954714,16.49096331418278,16.1551739049115,16.462980270385742,42700,0.0,0.0
2025-08-18 00:00:00-04:00,16.416342527433503,16.416342527433503,16.323067500189218,16.407014846801758,24400,0.0,0.0
2025-08-19 00:00:00-04:00,16.35105161677896,16.41634360641941,16.35105161677896,16.369705200195312,32800,0.0,0.0
2025-08-20 00:00:00-04:00,16.369704728124383,16.369704728124383,16.220465390657616,16.318405151367188,16900,0.0,0.0
2025-08-21 00:00:00-04:00,16.276430082510913,16.36970332613429,16.136516658929683,16.183155059814453,14400,0.0,0.0
2025-08-22 00:00:00-04:00,16.18315359058851,16.36597112405466,16.168228947845734,16.341720581054688,19100,0.0,0.0
2025-08-25 00:00:00-04:00,16.313738935295675,16.313738935295675,16.08987994948723,16.136516571044922,24000,0.0,0.0
2025-08-26 00:00:00-04:00,16.136516983000572,16.295083991047143,15.921985671841425,16.015260696411133,44300,0.0,0.0
2025-08-27 00:00:00-04:00,16.145844233552793,16.20181031424864,15.98727722972737,16.086149215698242,10200,0.0,0.0
2025-08-28 00:00:00-04:00,16.074024271473203,16.09920883178711,15.996606121810865,16.09920883178711,36800,0.0,0.0
2025-08-29 00:00:00-04:00,16.02459100239287,16.103873629869998,15.772748928512453,15.912660598754883,114000,0.0,0.0
2025-09-02 00:00:00-04:00,15.903330515183383,15.940641237119284,15.810057268489917,15.884676933288574,22700,0.0,0.0
2025-09-03 00:00:00-04:00,15.85669389183665,15.931313556635308,15.8380385308687,15.884676933288574,22900,0.0,0.0
2025-09-04 00:00:00-04:00,15.931314094279783,16.07962119455566,15.876282022918327,16.00593376159668,13600,0.0,0.0
2025-09-05 00:00:00-04:00,16.18315766612616,16.28575860645046,16.13651925773023,16.22046661376953,18000,0.0,0.0
2025-09-08 00:00:00-04:00,16.220464001449187,16.24844704198005,16.089880037117993,16.183155059814453,16100,0.0,0.0
2025-09-09 00:00:00-04:00,16.178491777602964,16.22979313362936,16.089881476603978,16.211137771606445,10900,0.0,0.0
2025-09-10 00:00:00-04:00,16.22419616920784,16.304412802647786,16.183156507645315,16.211137771606445,27600,0.0,0.0
2025-09-11 00:00:00-04:00,16.229790208166182,16.462976854200388,16.229790208166182,16.341720581054688,28900,0.0,0.0
2025-09-12 00:00:00-04:00,16.332396300045364,16.40701597113969,16.276431991492945,16.323068618774414,11400,0.0,0.0
2025-09-15 00:00:00-04:00,16.267105134367643,16.428470648291167,16.25777745262412,16.360380172729492,24100,0.0,0.0
2025-09-16 00:00:00-04:00,16.35105049904009,16.416342484217257,16.27643083325573,16.313739776611328,25700,0.0,0.0
2025-09-17 00:00:00-04:00,16.472306789437773,16.472306789437773,16.29508441604049,16.453651428222656,18700,0.0,0.0
2025-09-18 00:00:00-04:00,16.43499784543164,16.43499784543164,16.313739776611328,16.313739776611328,15800,0.0,0.0
2025-09-19 00:00:00-04:00,16.332395180820964,16.416342527433503,16.27643087610366,16.407014846801758,9800,0.0,0.0
2025-09-22 00:00:00-04:00,16.33239694245538,16.391159735607758,16.33239694245538,16.356647491455078,6600,0.0,0.0
2025-09-23 00:00:00-04:00,16.341724809242447,16.40608456792139,16.341724809242447,16.360380172729492,5500,0.0,0.0
2025-09-24 00:00:00-04:00,16.350116860746194,16.39768749921232,16.239120483398438,16.239120483398438,23300,0.0,0.0
2025-09-25 00:00:00-04:00,16.229794343516126,16.311877230906713,16.099210357767518,16.173830032348633,14000,0.0,0.0
2025-09-26 00:00:00-04:00,16.099209157615434,16.27643153868665,16.099209157615434,16.211137771606445,5500,0.0,0.0
2025-09-29 00:00:00-04:00,16.229791674440367,16.27643007530449,15.949968385547963,16.043243408203125,27700,0.0,0.0
2025-09-30 00:00:00-04:00,15.996605794093997,16.26710319519043,15.968624531272413,16.26710319519043,23400,0.0,0.0
2025-10-01 00:00:00-04:00,16.164502351137603,16.54692840576172,16.094545627871064,16.54692840576172,22400,0.0,0.0
2025-10-02 00:00:00-04:00,16.495627408866074,16.6495314918095,16.324001975640602,16.612220764160156,21800,0.0,0.0
2025-10-03 00:00:00-04:00,16.560917545421027,16.649529624111256,16.509617969267943,16.565582275390625,8400,0.0,0.0
2025-10-06 00:00:00-04:00,16.53759964687049,16.612219316593507,16.41634335072306,16.584238052368164,29300,0.0,0.0
2025-10-07 00:00:00-04:00,16.444323376932996,16.621545746335396,16.444323376932996,16.528270721435547,13200,0.0,0.0
2025-10-08 00:00:00-04:00,16.614084355472716,16.62154578818009,16.48163414001465,16.48163414001465,12400,0.0,0.0
2025-10-09 00:00:00-04:00,16.52827193389601,16.575842573689922,16.220465574498018,16.351051330566406,19000,0.0,0.0
2025-10-10 00:00:00-04:00,16.462978259167972,16.462978259167972,16.06189690910877,16.136516571044922,6100,0.0,0.0
2025-10-13 00:00:00-04:00,16.313740573868667,16.313740573868667,16.005934215081457,16.11786460876465,8600,0.0,0.0
2025-10-14 00:00:00-04:00,16.117863450858025,16.29508404110445,16.117863450858025,16.24844741821289,15000,0.0,0.0
2025-10-15 00:00:00-04:00,16.323068573044498,16.462980233570224,16.31374089179968,16.369705200195312,19600,0.0,0.0
2025-10-16 00:00:00-04:00,16.391159063128356,16.407015943354793,16.024589907259855,16.089881896972656,24200,0.0,0.0
2025-10-17 00:00:00-04:00,16.155173849609383,16.220465839172338,15.987279145548477,15.996606826782227,17500,0.0,0.0
2025-10-20 00:00:00-04:00,15.99660603744986,16.145845371679243,15.987278356676374,16.052570343017578,21600,0.0,0.0
2025-10-21 00:00:00-04:00,16.08894858699546,16.26710319519043,16.043244197251916,16.26710319519043,10000,0.0,0.0
2025-10-22 00:00:00-04:00,16.2671061181387,16.315608998694255,16.089883712440802,16.20461082458496,22600,0.0,0.0
2025-10-23 00:00:00-04:00,16.089880037117993,16.289488478944033,16.089880037117993,16.183155059814453,12600,0.0,0.0
2025-10-24 00:00:00-04:00,16.323068203864587,16.323068203864587,16.192484227537108,16.304412841796875,8200,0.0,0.0
2025-10-27 00:00:00-04:00,16.229792430219778,16.323067457218517,16.229792430219778,16.313739776611328,17800,0.0,0.0
2025-10-28 00:00:00-04:00,16.229791419042346,16.383695470862435,16.080552096771804,16.125324249267578,34100,0.0,0.0
2025-10-29 00:00:00-04:00,16.127190669991844,16.245648471540527,16.12252594039223,16.136516571044922,9700,0.0,0.0
2025-10-30 00:00:00-04:00,16.12719262199328,16.183156930450924,16.005934544749547,16.089881896972656,9700,0.0,0.0
2025-10-31 00:00:00-04:00,16.094544477768466,16.117864569906462,15.87535020007193,16.02458953857422,15600,0.0,0.0
2025-11-03 00:00:00-05:00,16.146970862692466,16.146970862692466,15.947741731971254,16.00466537475586,11700,0.289,0.0
2025-11-04 00:00:00-05:00,15.909794809869842,16.0615875750727,15.862358439798639,15.976203918457031,15100,0.0,0.0
2025-11-05 00:00:00-05:00,15.992333178611842,16.184919606463687,15.701079456280269,16.033126831054688,62500,0.0,0.0
2025-11-06 00:00:00-05:00,16.033126713195617,16.061588536942814,15.786463002591056,15.84338665008545,20700,0.0,0.0
2025-11-07 00:00:00-05:00,15.881332742295482,15.97620367145865,15.814923634735004,15.9287691116333,22700,0.0,0.0
2025-11-10 00:00:00-05:00,15.976203192654612,16.071074118974515,15.890819539917942,15.922127723693848,14800,0.0,0.0
2025-11-11 00:00:00-05:00,15.900307290030609,16.032177320618548,15.77697453926475,15.9287691116333,15400,0.0,0.0
2025-11-12 00:00:00-05:00,15.900307774513536,15.976204158254143,15.748515007032323,15.758002281188965,12000,0.0,0.0
2025-11-13 00:00:00-05:00,15.758002525186125,15.871846197803531,15.653644317359712,15.672618865966797,27400,0.0,0.0
2025-11-14 00:00:00-05:00,15.786462661642556,16.042613641297287,15.568260779497813,15.729540824890137,25000,0.0,0.0
2025-11-17 00:00:00-05:00,15.938256150319472,15.957230699928845,15.663132419034135,15.748516082763672,24500,0.0,0.0
2025-11-18 00:00:00-05:00,15.615696655199692,15.807336718522537,15.615696655199692,15.701080322265625,15300,0.0,0.0
2025-11-19 00:00:00-05:00,15.66313063409832,15.81492339465005,15.606208801269531,15.606208801269531,25300,0.0,0.0
2025-11-20 00:00:00-05:00,15.724799432282609,15.843387657836738,15.501852989196777,15.501852989196777,35900,0.0,0.0
2025-11-21 00:00:00-05:00,15.558773284221978,15.65364421713744,15.473389625549316,15.473389625549316,36900,0.0,0.0
2025-11-24 00:00:00-05:00,15.530313982131723,15.747567686555934,15.492364883422852,15.492364883422852,52900,0.0,0.0
2025-11-25 00:00:00-05:00,15.568259952742665,15.849076383256033,15.482876297392067,15.653643608093262,22400,0.0,0.0
2025-11-26 00:00:00-05:00,15.558772802853154,15.75041103189607,15.558772802853154,15.710565567016602,17200,0.0,0.0
2025-11-28 00:00:00-05:00,15.644158125993627,15.795950906332772,15.435443505405471,15.530314445495605,43900,0.0,0.0
2025-12-01 00:00:00-05:00,15.530312546018976,15.710565319679988,15.530312546018976,15.663130760192871,20100,0.0,0.0
2025-12-02 00:00:00-05:00,15.63656938439067,15.786463989331558,15.63656938439067,15.701080322265625,8000,0.0,0.0
2025-12-03 00:00:00-05:00,15.625182030824472,15.758002057620526,15.558772922182692,15.661232948303223,21500,0.0,0.0
2025-12-04 00:00:00-05:00,15.793102859911569,15.793102859911569,15.65364373283343,15.710565567016602,12200,0.0,0.0
2025-12-05 00:00:00-05:00,15.596722017320694,15.69159294802281,15.596722017320694,15.634669303894043,15300,0.0,0.0
2025-12-08 00:00:00-05:00,15.644156450138397,15.65364372408237,15.454416399796402,15.511338233947754,46300,0.0,0.0
2025-12-09 00:00:00-05:00,15.65364505783988,15.65364505783988,15.482877731323242,15.482877731323242,33700,0.0,0.0
2025-12-10 00:00:00-05:00,15.463903181818585,15.587235944086217,15.440185899694082,15.482877731323242,50400,0.0,0.0
2025-12-11 00:00:00-05:00,15.520826570760692,15.677362077774605,15.482877472386043,15.573005676269531,39300,0.0,0.0
2025-12-12 00:00:00-05:00,15.596723931542623,15.843387657836738,15.49236571401092,15.501852989196777,26900,0.0,0.0
2025-12-15 00:00:00-05:00,15.625183230838854,15.644157780340178,15.425955889612853,15.549286842346191,42600,0.0,0.0
2025-12-16 00:00:00-05:00,15.50185120757809,15.634669425889925,15.50185120757809,15.625182151794434,27700,0.0,0.0
2025-12-17 00:00:00-05:00,15.615696301112784,15.701079966242638,15.511339895575043,15.530314445495605,31300,0.0,0.0
2025-12-18 00:00:00-05:00,15.560672054041998,15.771284845500961,15.435442924499512,15.435442924499512,56100,0.0,0.0
2025-12-19 00:00:00-05:00,15.482876536203518,15.632772932402148,15.463901988163503,15.568260192871094,28300,0.0,0.0
2025-12-22 00:00:00-05:00,15.52082658641599,15.596722973729236,15.397493826086585,15.435442924499512,57700,0.0,0.0
2025-12-23 00:00:00-05:00,15.388006037091158,15.47813423805274,15.10339504655865,15.131855964660645,90300,0.0,0.0
2025-12-24 00:00:00-05:00,15.274162875269788,15.47339021339983,15.226726502253628,15.435442924499512,35700,0.0,0.0
2025-12-26 00:00:00-05:00,15.435443286190914,15.558774239897666,15.321597797797054,15.539799690246582,46600,0.0,0.0
2025-12-29 00:00:00-05:00,15.606211189537003,15.710567597441031,15.560672992500143,15.701080322265625,77500,0.0,0.0
2025-12-30 00:00:00-05:00,15.938254575988395,15.975255486925635,15.75800180104209,15.9287691116333,74100,0.0,0.0
2025-12-31 00:00:00-05:00,15.77697526428066,15.866155280831446,15.672618865966797,15.672618865966797,97800,0.0,0.0
2026-01-02 00:00:00-05:00,15.672620051644461,15.903155587074801,15.672620051644461,15.852872848510742,21400,0.0,0.0
2026-01-05 00:00:00-05:00,15.97620511994612,16.004666944129312,15.88133418218145,15.89082145690918,26400,0.0,0.0
2026-01-06 00:00:00-05:00,15.786463737487793,15.862360128167534,15.748516446904265,15.786463737487793,18500,0.0,0.0
2026-01-07 00:00:00-05:00,15.720053780757702,15.90979565206159,15.701079231724796,15.848129272460938,21600,0.0,0.0
2026-01-08 00:00:00-05:00,15.786462539404624,15.947742583548123,15.701078880180857,15.805437088012695,18800,0.0,0.0
2026-01-09 00:00:00-05:00,15.805437210290519,15.890820870174853,15.748515373538485,15.795949935913086,40600,0.0,0.0
2026-01-12 00:00:00-05:00,15.720054872616435,15.748516698142653,15.66313303107672,15.701080322265625,58000,0.0,0.0
2026-01-13 00:00:00-05:00,15.795948490629984,15.86235759568321,15.710564838558005,15.767488479614258,29000,0.0,0.0
2026-01-14 00:00:00-05:00,15.805436012779365,15.862357845218673,15.729539633022814,15.814923286437988,37500,0.0,0.0
2026-01-15 00:00:00-05:00,15.857615462382807,15.947741849855959,15.857615462382807,15.9287691116333,13200,0.0,0.0
2026-01-16 00:00:00-05:00,15.947742560996609,16.118509879202662,15.919282547637298,16.080562591552734,29600,0.0,0.0
2026-01-20 00:00:00-05:00,15.985693470972828,16.014153487559568,15.890822526820603,15.947744369506836,34900,0.0,0.0
2026-01-21 00:00:00-05:00,15.947742803646435,16.085305568684657,15.938255529211464,16.061588287353516,35600,0.0,0.0
2026-01-22 00:00:00-05:00,16.08056283521207,16.232355607136913,16.037871005013674,16.194406509399414,19100,0.0,0.0
2026-01-23 00:00:00-05:00,16.16594637356809,16.224764579397057,15.985691779700911,16.071075439453125,35100,0.0,0.0
2026-01-26 00:00:00-05:00,16.061588900842207,16.061588900842207,15.966717962381377,16.01415252685547,21600,0.0,0.0
2026-01-27 00:00:00-05:00,15.995178117046938,15.995178117046938,15.733334426609254,15.862358093261719,113200,0.0,0.0
2026-01-28 00:00:00-05:00,15.90030802194848,15.90030802194848,15.76748980071368,15.871846199035645,39000,0.0,0.0
2026-01-29 00:00:00-05:00,15.890820747236463,15.890820747236463,15.767489800309104,15.805437088012695,17900,0.0,0.0
2026-01-30 00:00:00-05:00,15.814925068599969,15.91928328109237,15.805437793872239,15.89082145690918,31300,0.0,0.0
2026-02-02 00:00:00-05:00,15.938124114607971,16.092581860884167,15.928470275305513,15.95743179321289,35800,0.289,0.0
2026-02-03 00:00:00-05:00,15.991219103767587,16.08775565426482,15.880202715144312,15.94777774810791,35000,0.0,0.0
2026-02-04 00:00:00-05:00,15.976737424359994,16.018249116953026,15.928470069752153,15.94777774810791,15900,0.0,0.0
2026-02-05 00:00:00-05:00,15.947777454369605,16.005698647088487,15.84158706665039,15.84158706665039,22800,0.0,0.0
2026-02-06 00:00:00-05:00,15.92846965789795,15.996044689114294,15.880202304538134,15.92846965789795,41000,0.0,0.0
2026-02-09 00:00:00-05:00,15.97673755487794,15.97673755487794,15.883097339497255,15.909162521362305,18400,0.0,0.0
2026-02-10 00:00:00-05:00,15.918815369543315,16.063619266816108,15.918815369543315,16.044313430786133,21600,0.0,0.0
2026-02-11 00:00:00-05:00,16.03755637041796,16.044313873535287,15.976737001080485,16.003767013549805,34000,0.0,0.0
2026-02-12 00:00:00-05:00,16.063620145615257,16.063620145615257,15.976737434242164,15.996045112609863,22400,0.0,0.0
2026-02-13 00:00:00-05:00,16.015353489902303,16.198772759836928,15.976738131481694,16.121543884277344,27500,0.0,0.0
2026-02-17 00:00:00-05:00,16.237386782070907,16.33392333984375,16.140850224298067,16.33392333984375,32700,0.0,0.0
2026-02-18 00:00:00-05:00,16.324267581796104,16.33874741931202,16.24703871290875,16.285654067993164,20100,0.0,0.0
2026-02-19 00:00:00-05:00,16.295307159423828,16.314614838262205,16.13119557186084,16.295307159423828,16900,0.0,0.0
2026-02-20 00:00:00-05:00,16.285655490581966,16.348402686153033,16.21807861328125,16.21807861328125,11900,0.0,0.0
2026-02-23 00:00:00-05:00,16.23738620239731,16.285655400201367,16.025007255904324,16.073274612426758,30100,0.0,0.0
2026-02-24 00:00:00-05:00,16.12154381422656,16.12154381422656,16.020179419453722,16.097408294677734,22900,0.0,0.0
2026-02-25 00:00:00-05:00,16.053968094915124,16.131196975708008,16.04431609593755,16.131196975708008,19000,0.0,0.0
2026-02-26 00:00:00-05:00,16.082927703857422,16.1311950581346,16.082927703857422,16.082927703857422,10800,0.0,0.0
2026-02-27 00:00:00-05:00,16.073273667833156,16.121542862800535,15.754704346174536,15.793319702148438,78700,0.0,0.0
2026-03-02 00:00:00-05:00,15.79332054513276,16.073274525760304,15.754705187097725,15.952604293823242,20800,0.0,0.0
2026-03-03 00:00:00-05:00,15.793320622425561,16.025007247924805,15.793320622425561,16.025007247924805,25300,0.0,0.0
2026-03-04 00:00:00-05:00,15.918816862017017,16.073274612426758,15.918816862017017,16.073274612426758,15500,0.0,0.0
2026-03-05 00:00:00-05:00,15.99894166353896,16.053966522216797,15.99508049606983,16.053966522216797,13700,0.0,0.0
2026-03-06 00:00:00-05:00,16.025006845557545,16.12154339741206,15.924609126233904,16.053966522216797,24500,0.0,0.0
2026-03-09 00:00:00-04:00,15.976737140930387,16.025006335963475,15.802973562655822,15.889854431152344,31900,0.0,0.0
2026-03-10 00:00:00-04:00,15.793319595465261,15.967085013611007,15.793319595465261,15.92846965789795,13100,0.0,0.0
2026-03-11 00:00:00-04:00,15.928469993652595,15.98639118716159,15.899508476257324,15.899508476257324,14300,0.0,0.0
2026-03-12 00:00:00-04:00,15.912060226572185,16.025008130186034,15.851242691174491,15.976738929748535,32300,0.0,0.0
2026-03-13 00:00:00-04:00,15.87054846560987,15.98639085018603,15.860894626681604,15.92846965789795,23700,0.0,0.0
2026-03-16 00:00:00-04:00,16.025006620249385,16.025006620249385,15.851241197610678,15.94777774810791,20200,0.0,0.0
2026-03-17 00:00:00-04:00,15.928471360101529,16.02500791841909,15.851242481703819,15.918817520141602,21800,0.0,0.0
2026-03-18 00:00:00-04:00,15.976737228445385,16.025006423742877,15.851241003234966,15.986391067504883,19000,0.0,0.0
2026-03-19 00:00:00-04:00,15.928469983478552,15.928469983478552,15.754704561781011,15.851241111755371,17000,0.0,0.0
2026-03-20 00:00:00-04:00,15.947778747492885,15.947778747492885,15.687130597201023,15.764359474182129,14200,0.0,0.0
2026-03-23 00:00:00-04:00,15.706437217466826,15.908197483860368,15.706437217466826,15.899508476257324,20700,0.0,0.0
2026-03-24 00:00:00-04:00,15.89950955548578,15.909163395272822,15.735397961669424,15.812626838684082,12900,0.0,0.0
2026-03-25 00:00:00-04:00,15.870550161623672,15.928471360101529,15.754705923386258,15.918817520141602,20800,0.0,0.0
2026-03-26 00:00:00-04:00,15.861859369671572,15.909161891259037,15.754704151831785,15.83193302154541,19800,0.0,0.0
2026-03-27 00:00:00-04:00,15.754704595188276,15.754704595188276,15.638862207998638,15.667821884155273,34500,0.0,0.0
2026-03-30 00:00:00-04:00,15.667821960041765,15.71609115600586,15.609900766166406,15.71609115600586,19700,0.0,0.0
2026-03-31 00:00:00-04:00,15.735397178644002,15.735397178644002,15.214102745056152,15.214102745056152,162600,0.0,0.0
2026-04-01 00:00:00-04:00,15.349253276500113,15.58093990301434,15.26237148203789,15.329946517944336,57300,0.0,0.0
2026-04-02 00:00:00-04:00,15.252717154571883,15.494056692324193,15.252717154571883,15.445789337158203,29000,0.0,0.0
2026-04-06 00:00:00-04:00,15.532671818673515,15.667821884155273,15.523017979527454,15.667821884155273,30300,0.0,0.0
2026-04-07 00:00:00-04:00,15.667821960041765,15.71609115600586,15.609900766166406,15.71609115600586,13300,0.0,0.0
2026-04-08 00:00:00-04:00,15.802973551931641,15.851240905650457,15.735396678931174,15.84158706665039,41100,0.0,0.0
2026-04-09 00:00:00-04:00,15.764359763346183,15.928471360101529,15.754705923386258,15.918817520141602,21400,0.0,0.0
2026-04-10 00:00:00-04:00,15.918817597706203,16.01535415649414,15.831934878925232,16.01535415649414,18100,0.0,0.0
2026-04-13 00:00:00-04:00,15.957432879981306,16.015354078459165,15.880204001583598,15.918817520141602,20100,0.0,0.0
2026-04-14 00:00:00-04:00,15.996045810692,16.140849722206013,15.918816935132416,16.121543884277344,38900,0.0,0.0
2026-04-15 00:00:00-04:00,16.131195047848273,16.140848886953858,16.02500650024988,16.03466033935547,34600,0.0,0.0
2026-04-16 00:00:00-04:00,16.092581879471233,16.111889558098454,16.015353006243938,16.053966522216797,21100,0.0,0.0
2026-04-17 00:00:00-04:00,16.039487168274366,16.121543884277344,15.996045810692,16.121543884277344,18700,0.0,0.0
2026-04-20 00:00:00-04:00,16.063620361530408,16.145677075055296,16.025006845557545,16.053966522216797,21000,0.0,0.0
2026-04-21 00:00:00-04:00,16.073274604423204,16.11092328979449,15.889855335422363,16.025007247924805,23400,0.0,0.0
2026-04-22 00:00:00-04:00,15.93812391878832,16.107061501301803,15.92847007960447,15.996045112609863,36800,0.0,0.0
2026-04-23 00:00:00-04:00,15.938123799744343,16.082927703857422,15.928469960632599,16.082927703857422,27800,0.0,0.0
2026-04-24 00:00:00-04:00,16.073273117961655,16.12154231127773,15.976736572610964,16.092580795288086,12900,0.0,0.0
2026-04-27 00:00:00-04:00,15.986391159095607,16.16015658059907,15.986391159095607,16.1070613861084,21500,0.0,0.0
2026-04-28 00:00:00-04:00,16.092581677821638,16.16015671088857,16.025006644754708,16.149538040161133,17800,0.0,0.0
2026-04-29 00:00:00-04:00,16.169810088917313,16.169810088917313,16.034660026637937,16.16015625,11700,0.0,0.0
2026-04-30 00:00:00-04:00,16.160157416876558,16.26634781135319,16.121543899700644,16.21807861328125,22700,0.0,0.0
2026-05-01 00:00:00-04:00,16.207273605571395,16.35461208182906,16.05993512931373,16.246564865112305,16100,0.289,0.0
2026-05-04 00:00:00-04:00,16.305499908288517,16.354612109286734,16.256385833779923,16.26620864868164,31000,0.0,0.0
2026-05-05 00:00:00-04:00,16.295677093386796,16.354612109286734,16.256385833779923,16.26620864868164,14600,0.0,0.0
2026-05-06 00:00:00-04:00,16.266208621372385,16.32514551068375,16.217096420456624,16.246564865112305,31100,0.0,0.0
2026-05-07 00:00:00-04:00,16.295677035343335,16.30549985021007,16.23674201965332,16.23674201965332,16600,0.0,0.0
2026-05-08 00:00:00-04:00,16.243617982332207,16.364435046859303,16.243617982332207,16.305500030517578,20800,0.0,0.0
2026-05-11 00:00:00-04:00,16.276031432989168,16.33005597809188,16.158161401410855,16.256385803222656,34500,0.0,0.0
2026-05-12 00:00:00-04:00,16.266209942927848,16.266209942927848,16.010822355693975,16.030467987060547,23900,0.0,0.0
2026-05-13 00:00:00-04:00,16.089402052215302,16.167982699504726,16.010821404925878,16.025556564331055,25100,0.0,0.0
2026-05-14 00:00:00-04:00,15.961708585214916,16.148338317871094,15.961708585214916,16.148338317871094,15600,0.0,0.0
2026-05-15 00:00:00-04:00,16.14833837614392,16.20727339116526,16.02064365783561,16.177804946899414,33700,0.0,0.0
2026-05-18 00:00:00-04:00,16.20727323995655,16.20727323995655,16.05011195235901,16.11886978149414,21500,0.0,0.0
2026-05-19 00:00:00-04:00,16.16798362955597,16.16798362955597,15.971532936786934,16.020645141601562,30100,0.0,0.0
2026-05-20 00:00:00-04:00,15.981354003746352,16.1041363758584,15.981354003746352,16.06975746154785,10800,0.0,0.0
2026-05-21 00:00:00-04:00,16.118869660988544,16.118869660988544,15.97153118915615,16.06975746154785,21800,0.0,0.0
2026-05-22 00:00:00-04:00,16.01082057400664,16.089401217217937,16.01082057400664,16.06975746154785,10200,0.0,0.0
2026-05-26 00:00:00-04:00,16.069757731612015,16.21709620592054,16.02064365783561,16.177804946899414,19400,0.0,0.0
2026-05-27 00:00:00-04:00,16.207274705953793,16.265228006254077,16.148339686151445,16.167001724243164,13700,0.0,0.0
2026-05-28 00:00:00-04:00,16.254423229656258,16.25638666863121,16.192541178756798,16.222007751464844,20400,0.0,0.0
2026-05-29 00:00:00-04:00,16.226920643961105,16.226920643961105,16.035380420847964,16.0599365234375,27600,0.0,0.0
2026-06-01 00:00:00-04:00,16.099224746736052,16.12869319181528,15.971531898413533,15.981354713439941,12900,0.0,0.0
2026-06-02 00:00:00-04:00,15.981354031458247,16.167981888464745,15.981354031458247,16.089401245117188,19500,0.0,0.0
2026-06-03 00:00:00-04:00,16.035380361424036,16.056989431861062,15.961710180417894,16.04029083251953,13600,0.0,0.0
2026-06-04 00:00:00-04:00,16.0304662309841,16.109046874331657,16.01082060176963,16.089401245117188,7500,0.0,0.0
2026-06-05 00:00:00-04:00,16.01082128500877,16.059935360140816,15.922417823281487,15.981354713439941,19600,0.0,0.0
2026-06-08 00:00:00-04:00,15.932240727435717,16.059935449982984,15.932240727435717,16.01573371887207,33900,0.0,0.0
2026-06-09 00:00:00-04:00,15.981354713439941,16.059935360140816,15.883128436686249,15.981354713439941,29500,0.0,0.0
2026-06-10 00:00:00-04:00,15.986266197803133,16.001001358032227,15.932241648487668,16.001001358032227,14300,0.0,0.0
2026-06-11 00:00:00-04:00,15.97153118915615,16.089401217217937,15.97153118915615,16.06975746154785,24000,0.0,0.0
2026-06-12 00:00:00-04:00,16.01082128500877,16.079580990193634,15.956798612629118,15.981354713439941,17500,0.0,0.0
2026-06-15 00:00:00-04:00,16.089401217217937,16.089401217217937,15.991176818336553,16.06975746154785,23300,0.0,0.0
2026-06-16 00:00:00-04:00,16.06975746154785,16.089401217217937,16.000999632926757,16.06975746154785,19600,0.0,0.0
2026-06-17 00:00:00-04:00,16.06484696480285,16.14735636863596,15.961710210011455,16.050113677978516,52700,0.0,0.0
2026-06-18 00:00:00-04:00,16.109047318443494,16.118870133321536,15.892951011657715,15.892951011657715,13000,0.0,0.0
2026-06-22 00:00:00-04:00,15.912597475854932,15.912597475854932,15.824194010827146,15.853660583496094,33200,0.0,0.0
2026-06-23 00:00:00-04:00,15.853659752145552,15.89786148234155,15.834015995899843,15.892951011657715,13700,0.0,0.0
2026-06-24 00:00:00-04:00,15.873306244366836,16.01082191311048,15.819281696357411,15.863483428955078,29500,0.0,0.0
2026-06-25 00:00:00-04:00,15.863482567023594,15.912596641413796,15.735789720629807,15.892951011657715,35800,0.0,0.0
2026-06-26 00:00:00-04:00,15.755436206446703,15.912597506013862,15.755436206446703,15.863483428955078,21500,0.0,0.0
2026-06-29 00:00:00-04:00,15.84383773803711,15.986265750701651,15.80454835004958,15.84383773803711,38200,0.0,0.0
2026-06-30 00:00:00-04:00,15.983318114495809,15.983318114495809,15.617918014526367,15.617918014526367,130700,0.0,0.0
2026-07-01 00:00:00-04:00,15.676854237833368,15.95188650537284,15.676854237833368,15.716144561767578,18300,0.0,0.0
2026-07-02 00:00:00-04:00,15.784902004195411,15.883128279979983,15.716144173199325,15.71712589263916,26700,0.0,0.0
2026-07-06 00:00:00-04:00,15.86348331219562,15.890986445741918,15.735790459803583,15.814371109008789,22700,0.0,0.0
2026-07-07 00:00:00-04:00,15.830085963526642,15.853660345414056,15.725967494241806,15.765256881713867,38500,0.0,0.0
2026-07-08 00:00:00-04:00,15.725967407226562,15.824193685628869,15.725967407226562,15.725967407226562,30900,0.0,0.0
2026-07-09 00:00:00-04:00,15.804548293669331,15.814371109008789,15.7554360904825,15.814371109008789,35900,0.0,0.0
2026-07-10 00:00:00-04:00,15.765257118468309,15.863483398889233,15.765257118468309,15.853660583496094,14900,0.0,0.0
2026-07-13 00:00:00-04:00,15.863482925447009,16.059935480425775,15.863482925447009,16.025556564331055,30300,0.0,0.0
2026-07-14 00:00:00-04:00,16.05993464695765,16.15816091934935,16.05993464695765,16.06975746154785,19100,0.0,0.0
2026-07-15 00:00:00-04:00,16.14342606263097,16.19745060713231,16.138515591999187,16.1876277923584,8800,0.0,0.0
2026-07-16 00:00:00-04:00,16.12869265771098,16.158161101814358,16.109047028308733,16.13851547241211,17900,0.0,0.0
2026-07-17 00:00:00-04:00,16.099224274898948,16.18271726342121,16.089401460160428,16.158161163330078,21800,0.0,0.0
2026-07-20 00:00:00-04:00,16.19745045621954,16.19745045621954,16.1139593416847,16.128692626953125,20400,0.0,0.0
2026-07-21 00:00:00-04:00,16.11886981227073,16.217096085584327,16.11886981227073,16.128692626953125,20800,0.0,0.0
2026-07-22 00:00:00-04:00,16.148338104759148,16.167981860429233,16.06975746154785,16.06975746154785,28000,0.0,0.0
2026-07-23 00:00:00-04:00,15.991178686782582,16.109048728616575,15.961710239568816,16.0599365234375,38900,0.0,0.0
2026-07-24 00:00:00-04:00,16.099224090576172,16.138515349080407,15.961708432832001,16.099224090576172,20600,0.0,0.0
2026-07-27 00:00:00-04:00,16.089401275950113,16.10904690520223,16.030466261704085,16.099224090576172,16400,0.0,0.0
2026-07-28 00:00:00-04:00,16.060916608875957,16.158161163330078,16.060916608875957,16.158161163330078,12200,0.0,0.0
2026-07-29 00:00:00-04:00,16.217096267402425,16.217096267402425,16.12869280778009,16.197450637817383,11500,0.0,0.0
2026-07-30 00:00:00-04:00,16.153248999587927,16.226919174194336,16.118870084374365,16.226919174194336,12800,0.0,0.0
2026-07-31 00:00:00-04:00,16.217097681783564,16.226920497432786,16.001001358032227,16.001001358032227,35100,0.0,0.0
2026-08-03 00:00:00-04:00,16.100000381469727,16.200000762939453,16.040000915527344,16.100000381469727,29300,0.289,0.0
2026-08-04 00:00:00-04:00,16.100000381469727,16.200000762939453,16.09000015258789,16.1299991607666,31400,0.0,0.0
2026-08-05 00:00:00-04:00,16.200000762939453,16.200000762939453,16.139999389648438,16.139999389648438,16400,0.0,0.0
2026-08-06 00:00:00-04:00,16.139999389648438,16.209999084472656,16.139999389648438,16.202999114990234,16600,0.0,0.0
2026-08-07 00:00:00-04:00,16.170000076293945,16.18000030517578,16.1200008392334,16.15999984741211,11786,0.0,0.0
