Date,Open,High,Low,Close,Volume,Dividends,Stock Splits
1980-01-02 00:00:00-05:00,0.3862646818161011,0.3913138740818955,0.3862646818161011,0.3862646818161011,61800,0.0,0.0
1980-01-03 00:00:00-05:00,0.3862648784565057,0.39131407329275314,0.3862648784565057,0.38878950476646423,82500,0.0,0.0
1980-01-04 00:00:00-05:00,0.3887893726184384,0.39131394028663635,0.38626474716659037,0.39131394028663635,41100,0.0,0.0
1980-01-07 00:00:00-05:00,0.39131394028663635,0.39131394028663635,0.38626474716659037,0.39131394028663635,36600,0.0,0.0
1980-01-08 00:00:00-05:00,0.39131407329275314,0.3938386996027117,0.3862648784565057,0.38878950476646423,46200,0.0,0.0
1980-01-09 00:00:00-05:00,0.3887893068408184,0.3913138740818955,0.38374005679138373,0.3862646818161011,288300,0.0,0.0
1980-01-10 00:00:00-05:00,0.3862646818161011,0.3887893068408184,0.38374005679138373,0.3862646818161011,35100,0.0,0.0
1980-01-11 00:00:00-05:00,0.3862652325480979,0.3887898611723983,0.3837406039237976,0.3837406039237976,59400,0.0,0.0
1980-01-14 00:00:00-05:00,0.3837406039237976,0.3887898611723983,0.3837406039237976,0.3837406039237976,52500,0.0,0.0
1980-01-15 00:00:00-05:00,0.3837406039237976,0.3862652325480979,0.3837406039237976,0.3837406039237976,62100,0.0,0.0
1980-01-16 00:00:00-05:00,0.38374005679138373,0.3862646818161011,0.38374005679138373,0.3862646818161011,72900,0.0,0.0
1980-01-17 00:00:00-05:00,0.3862652325480979,0.3887898611723983,0.3812160330832199,0.3837406039237976,218700,0.0,0.0
1980-01-18 00:00:00-05:00,0.38374037589380783,0.38374037589380783,0.3736419829648183,0.37616655230522156,157200,0.0,0.0
1980-01-21 00:00:00-05:00,0.3761662717498696,0.3786908969910248,0.36354326111138385,0.36606788635253906,132900,0.0,0.0
1980-01-22 00:00:00-05:00,0.3660679921044678,0.37364181223225906,0.36354336613398336,0.3685925602912903,86100,0.0,0.0
1980-01-23 00:00:00-05:00,0.3685925602912903,0.37364181223225906,0.3685925602912903,0.3685925602912903,46200,0.0,0.0
1980-01-24 00:00:00-05:00,0.3685924538100491,0.37111707905120433,0.36606788635253906,0.36606788635253906,83400,0.0,0.0
1980-01-25 00:00:00-05:00,0.366068077391039,0.3685926461660358,0.3610188242736948,0.36354345083236694,239700,0.0,0.0
1980-01-28 00:00:00-05:00,0.36354345083236694,0.3711172727247079,0.36354345083236694,0.36354345083236694,127200,0.0,0.0
1980-01-29 00:00:00-05:00,0.36354336613398336,0.3711171862617747,0.36354336613398336,0.3685925602912903,80100,0.0,0.0
1980-01-30 00:00:00-05:00,0.3685927344597789,0.3685927344597789,0.35596971421001516,0.3584943413734436,314700,0.0,0.0
1980-01-31 00:00:00-05:00,0.3584942380438608,0.3610188066959381,0.3584942380438608,0.3610188066959381,62100,0.0,0.0
1980-02-01 00:00:00-05:00,0.3610188066959381,0.3635434331316879,0.3584942380438608,0.3610188066959381,55500,0.0,0.0
1980-02-04 00:00:00-05:00,0.36101863587022864,0.36606788635253906,0.36101863587022864,0.36606788635253906,220200,0.0,0.0
1980-02-05 00:00:00-05:00,0.36354353791661126,0.36354353791661126,0.35596971421001516,0.3584943413734436,178500,0.0,0.0
1980-02-06 00:00:00-05:00,0.3584942380438608,0.3610188066959381,0.355969611608111,0.3610188066959381,54900,0.0,0.0
1980-02-07 00:00:00-05:00,0.3610188066959381,0.3635434331316879,0.3584942380438608,0.3610188066959381,142200,0.0,0.0
1980-02-08 00:00:00-05:00,0.3610188242736948,0.3685926461660358,0.35849425549869807,0.36354345083236694,129600,0.0,0.0
1980-02-11 00:00:00-05:00,0.36354364232814057,0.36354364232814057,0.35344518855779034,0.3559698164463043,115500,0.0,0.0
1980-02-12 00:00:00-05:00,0.35596973599575626,0.35596973599575626,0.3382974603375729,0.3433467149734497,169500,0.0,0.0
1980-02-13 00:00:00-05:00,0.3433466115223567,0.35092043341046986,0.3433466115223567,0.3458711802959442,289200,0.0,0.0
1980-02-14 00:00:00-05:00,0.3458711802959442,0.34839580685320704,0.3433466115223567,0.3458711802959442,57600,0.0,0.0
1980-02-15 00:00:00-05:00,0.3458712845076954,0.3458712845076954,0.3408220876555113,0.3433467149734497,161700,0.0,0.0
1980-02-19 00:00:00-05:00,0.34334683176956043,0.34334683176956043,0.3332483768463135,0.3332483768463135,209100,0.0,0.0
1980-02-20 00:00:00-05:00,0.3332483768463135,0.3357730050230533,0.3281991782765462,0.3332483768463135,179700,0.0,0.0
1980-02-21 00:00:00-05:00,0.33324818563830233,0.33829738131098963,0.3307235589101191,0.3357728123664856,145500,0.0,0.0
1980-02-22 00:00:00-05:00,0.3357728123664856,0.3357728123664856,0.3281989899656151,0.3357728123664856,150900,0.0,0.0
1980-02-25 00:00:00-05:00,0.33681726455688477,0.33681726455688477,0.328984304916027,0.33681726455688477,112200,0.183333,0.0
1980-02-26 00:00:00-05:00,0.33681726455688477,0.33942827102408385,0.3342062580896857,0.33681726455688477,88800,0.0,0.0
1980-02-27 00:00:00-05:00,0.33681701943864045,0.33681701943864045,0.3342060148715973,0.3342060148715973,183900,0.0,0.0
1980-02-28 00:00:00-05:00,0.3342062482577617,0.33681725464814827,0.3315953016281128,0.3315953016281128,99900,0.0,0.0
1980-02-29 00:00:00-05:00,0.3315953430480189,0.35509422421455383,0.3315953430480189,0.35509422421455383,98700,0.0,0.0
1980-03-03 00:00:00-05:00,0.3550941796219354,0.3550941796219354,0.33942826081156674,0.3472612202167511,88500,0.0,0.0
1980-03-04 00:00:00-05:00,0.33942797780036926,0.33942797780036926,0.33159502492621223,0.33942797780036926,112200,0.0,0.0
1980-03-05 00:00:00-05:00,0.33942826103853485,0.34203920766818374,0.3289842952377262,0.3315953016281128,174600,0.0,0.0
1980-03-06 00:00:00-05:00,0.3315952065965381,0.3315952065965381,0.3237622494309562,0.32898420095443726,97800,0.0,0.0
1980-03-07 00:00:00-05:00,0.32898420095443726,0.3315952065965381,0.3237622494309562,0.32898420095443726,103800,0.0,0.0
1980-03-10 00:00:00-05:00,0.3342062967412258,0.34465026405714566,0.3342062967412258,0.3420392572879791,98100,0.0,0.0
1980-03-11 00:00:00-05:00,0.34203910138084614,0.3550940695152601,0.34203910138084614,0.3524830639362335,83400,0.0,0.0
1980-03-12 00:00:00-05:00,0.35248341208154504,0.3577053686365678,0.33942849081359905,0.3446504473686218,237000,0.0,0.0
1980-03-13 00:00:00-05:00,0.34203892225129645,0.34203892225129645,0.33681697358875434,0.33942797780036926,88800,0.0,0.0
1980-03-14 00:00:00-05:00,0.33942797780036926,0.34726093067452635,0.33159502492621223,0.33942797780036926,113400,0.0,0.0
1980-03-17 00:00:00-05:00,0.33942797780036926,0.34464992646291137,0.33420596937713937,0.33942797780036926,69300,0.0,0.0
1980-03-18 00:00:00-05:00,0.33942797780036926,0.34726093067452635,0.33420596937713937,0.33942797780036926,82200,0.0,0.0
1980-03-19 00:00:00-05:00,0.33942849081359905,0.34726145552652227,0.3368174826556986,0.3446504473686218,122700,0.0,0.0
1980-03-20 00:00:00-05:00,0.34464992646291137,0.34726093067452635,0.33942797780036926,0.33942797780036926,58800,0.0,0.0
1980-03-21 00:00:00-05:00,0.33942849081359905,0.34726145552652227,0.33942849081359905,0.3446504473686218,57900,0.0,0.0
1980-03-24 00:00:00-05:00,0.34203921773054347,0.34203921773054347,0.3342062580896857,0.33681726455688477,87900,0.0,0.0
1980-03-25 00:00:00-05:00,0.33681725464814827,0.33942826103853485,0.3315953016281128,0.3315953016281128,64200,0.0,0.0
1980-03-26 00:00:00-05:00,0.3315950700652501,0.33681701943864045,0.3315950700652501,0.3342060148715973,63000,0.0,0.0
1980-03-27 00:00:00-05:00,0.3342061524779183,0.3342061524779183,0.3237622494309562,0.32898420095443726,180600,0.0,0.0
1980-03-28 00:00:00-05:00,0.3315953016281128,0.33942826103853485,0.3315953016281128,0.3315953016281128,76500,0.0,0.0
1980-03-31 00:00:00-05:00,0.3368172544229261,0.34726122021675104,0.3368172544229261,0.3472612202167511,139500,0.0,0.0
1980-04-01 00:00:00-05:00,0.3472612638257089,0.35509422421455383,0.3420392503926488,0.35509422421455383,161400,0.0,0.0
1980-04-02 00:00:00-05:00,0.35509405137773764,0.36031600250834456,0.34987204048641474,0.3577049970626831,117000,0.0,0.0
1980-04-03 00:00:00-05:00,0.3577048393221336,0.3655377924442291,0.3577048393221336,0.3655377924442291,89100,0.0,0.0
1980-04-07 00:00:00-05:00,0.3655377924442291,0.3681487967384909,0.3629268479106571,0.3655377924442291,53700,0.0,0.0
1980-04-08 00:00:00-05:00,0.3655377924442291,0.37075980103275263,0.3655377924442291,0.3655377924442291,53100,0.0,0.0
1980-04-09 00:00:00-05:00,0.3655380225323578,0.37859299246043554,0.3655380225323578,0.37598198652267456,310500,0.0,0.0
1980-04-10 00:00:00-05:00,0.3785930919949456,0.3838150454826248,0.3785930919949456,0.3812040388584137,229500,0.0,0.0
1980-04-11 00:00:00-05:00,0.3812040388584137,0.3812040388584137,0.3759820853707345,0.3812040388584137,55800,0.0,0.0
1980-04-14 00:00:00-05:00,0.3812039386374692,0.38381494457523024,0.3681490284701188,0.37598198652267456,123300,0.0,0.0
1980-04-15 00:00:00-05:00,0.37598197555638835,0.37598197555638835,0.3707600235939026,0.3707600235939026,61200,0.0,0.0
1980-04-16 00:00:00-05:00,0.37598204612731934,0.39425897106764296,0.37598204612731934,0.39164796471595764,345000,0.0,0.0
1980-04-17 00:00:00-05:00,0.39164785117861256,0.39425885677337646,0.38903684558384866,0.39425885677337646,85500,0.0,0.0
1980-04-18 00:00:00-05:00,0.39425886256305404,0.3968698084354401,0.3916478569299476,0.39686980843544006,208800,0.0,0.0
1980-04-21 00:00:00-05:00,0.39686980260742094,0.40470275963099317,0.39425885677337646,0.39425885677337646,343200,0.0,0.0
1980-04-22 00:00:00-05:00,0.3942588501465264,0.4047027528285981,0.3942588501465264,0.404702752828598,186300,0.0,0.0
1980-04-23 00:00:00-05:00,0.4073137754640109,0.4151467326844726,0.4073137754640109,0.41253572702407837,300900,0.0,0.0
1980-04-24 00:00:00-05:00,0.41253553895379513,0.4282014462528088,0.41253553895379513,0.420368492603302,407100,0.0,0.0
1980-04-25 00:00:00-05:00,0.41775786394548037,0.41775786394548037,0.4125358510546723,0.4151468575000763,86100,0.0,0.0
1980-04-28 00:00:00-04:00,0.41514685750007635,0.4203688106301454,0.41514685750007635,0.4151468575000763,74100,0.0,0.0
1980-04-29 00:00:00-04:00,0.41514685750007635,0.41775786394548037,0.41514685750007635,0.4151468575000763,81900,0.0,0.0
1980-04-30 00:00:00-04:00,0.4151468030591343,0.4177578091621399,0.4151468030591343,0.4177578091621399,52200,0.0,0.0
1980-05-01 00:00:00-04:00,0.41775786394548037,0.4203688106301454,0.41514685750007635,0.4151468575000763,162900,0.0,0.0
1980-05-02 00:00:00-04:00,0.4151467326844726,0.41775773834486685,0.4099247811244051,0.41253572702407837,114000,0.0,0.0
1980-05-05 00:00:00-04:00,0.4125358510546723,0.41775786394548037,0.4099249043700072,0.4151468575000763,1952100,0.0,0.0
1980-05-06 00:00:00-04:00,0.4151467326844726,0.4151467326844726,0.41253572702407837,0.41253572702407837,441900,0.0,0.0
1980-05-07 00:00:00-04:00,0.41775787838499434,0.42559083823120836,0.41775787838499434,0.42297983169555664,80400,0.0,0.0
1980-05-08 00:00:00-04:00,0.4255906700671491,0.42820161581039423,0.4255906700671491,0.4282016158103943,588300,0.0,0.0
1980-05-09 00:00:00-04:00,0.4282018797216679,0.43081288683485786,0.4255909323692322,0.4255909323692322,627000,0.0,0.0
1980-05-12 00:00:00-04:00,0.4255906700671491,0.42820161581039423,0.4255906700671491,0.4282016158103943,220800,0.0,0.0
1980-05-13 00:00:00-04:00,0.42820174002501765,0.43342375254776677,0.42559079352437784,0.4308127462863922,253500,0.0,0.0
1980-05-14 00:00:00-04:00,0.43081301786667386,0.4360349739205579,0.43081301786667386,0.4334240257740021,383100,0.0,0.0
1980-05-15 00:00:00-04:00,0.4334240257740021,0.4334240257740021,0.42820200995934565,0.4334240257740021,186300,0.0,0.0
1980-05-16 00:00:00-04:00,0.4334240257740021,0.4360349739205579,0.42820200995934565,0.4334240257740021,137700,0.0,0.0
1980-05-19 00:00:00-04:00,0.4334237980774224,0.4334237980774224,0.41775787838499434,0.42297983169555664,416700,0.0,0.0
1980-05-20 00:00:00-04:00,0.4229798316955567,0.42559083823120836,0.41775787838499434,0.42297983169555664,113700,0.0,0.0
1980-05-21 00:00:00-04:00,0.42297949707336885,0.42297949707336885,0.41514654342386204,0.420368492603302,144000,0.0,0.0
1980-05-22 00:00:00-04:00,0.420368492603302,0.420368492603302,0.41514654342386204,0.420368492603302,75000,0.0,0.0
1980-05-23 00:00:00-04:00,0.4203687555044143,0.4203687555044143,0.4151468030591343,0.4177578091621399,158100,0.0,0.0
1980-05-27 00:00:00-04:00,0.42216765880584717,0.42216765880584717,0.4141007612588917,0.42216765880584717,93900,0.193333,0.0
1980-05-28 00:00:00-04:00,0.42216762473157154,0.4302345216274262,0.42216762473157154,0.43023452162742615,725100,0.0,0.0
1980-05-29 00:00:00-04:00,0.4302345216274262,0.43292344622901835,0.42485654933316375,0.43023452162742615,121500,0.0,0.0
1980-05-30 00:00:00-04:00,0.4302343931569027,0.43561230229975073,0.4275454078127183,0.4329233169555664,213000,0.0,0.0
1980-06-02 00:00:00-04:00,0.43292344622901835,0.43292344622901835,0.42485654933316375,0.43023452162742615,110400,0.0,0.0
1980-06-03 00:00:00-04:00,0.4302345936875065,0.4302345936875065,0.42485662049248624,0.42754560708999634,58500,0.0,0.0
1980-06-04 00:00:00-04:00,0.42754553548029495,0.4302345216274262,0.42485654933316375,0.43023452162742615,163200,0.0,0.0
1980-06-05 00:00:00-04:00,0.43023448558232746,0.43023448558232746,0.42485651373863215,0.4248565137386322,81300,0.0,0.0
1980-06-06 00:00:00-04:00,0.42485651373863215,0.42754549966047983,0.4221675893623184,0.4248565137386322,129000,0.0,0.0
1980-06-09 00:00:00-04:00,0.42485651373863215,0.42754549966047983,0.4194786034404708,0.4248565137386322,69300,0.0,0.0
1980-06-10 00:00:00-04:00,0.4248565836244696,0.4248565836244696,0.4167896860775142,0.42216765880584717,123600,0.0,0.0
1980-06-11 00:00:00-04:00,0.42216769544052546,0.42754560708999634,0.41678972224550515,0.42754560708999634,66600,0.0,0.0
1980-06-12 00:00:00-04:00,0.42754553548029495,0.4302345216274262,0.42754553548029495,0.43023452162742615,81000,0.0,0.0
1980-06-13 00:00:00-04:00,0.4302345216274262,0.44099034312487295,0.4302345216274262,0.43023452162742615,356100,0.0,0.0
1980-06-16 00:00:00-04:00,0.4329236775026576,0.43830165266990656,0.4329236775026576,0.4383016526699066,208800,0.0,0.0
1980-06-17 00:00:00-04:00,0.4383013154127681,0.44636821041088337,0.4356123298982215,0.44099023938179016,417600,0.0,0.0
1980-06-18 00:00:00-04:00,0.4409906291164612,0.44636860489845276,0.4409906291164612,0.44636860489845276,447600,0.0,0.0
1980-06-19 00:00:00-04:00,0.4463685538752081,0.4463685538752081,0.43830165266990656,0.4383016526699066,138600,0.0,0.0
1980-06-20 00:00:00-04:00,0.43830165266990656,0.4436795662915836,0.4356126650862821,0.4383016526699066,172500,0.0,0.0
1980-06-23 00:00:00-04:00,0.43830151626298597,0.4436794282109649,0.4356125295162201,0.4356125295162201,505800,0.0,0.0
1980-06-24 00:00:00-04:00,0.4356125295162201,0.4436794282109649,0.4356125295162201,0.4356125295162201,239700,0.0,0.0
1980-06-25 00:00:00-04:00,0.4356123298982215,0.44367922489633677,0.4356123298982215,0.44099023938179016,97500,0.0,0.0
1980-06-26 00:00:00-04:00,0.44367972312252124,0.4490576386451721,0.44367972312252124,0.4490576386451721,860700,0.0,0.0
1980-06-27 00:00:00-04:00,0.4490576386451721,0.45174662717929437,0.44636871165664355,0.4490576386451721,109200,0.0,0.0
1980-06-30 00:00:00-04:00,0.449057364178076,0.449057364178076,0.4436794519424439,0.44367945194244385,133200,0.0,0.0
1980-07-01 00:00:00-04:00,0.44367961700745695,0.44636860489845276,0.44367961700745695,0.44636860489845276,95100,0.0,0.0
1980-07-02 00:00:00-04:00,0.44636821041088337,0.44636821041088337,0.43023442041465293,0.44099023938179016,67500,0.0,0.0
1980-07-03 00:00:00-04:00,0.440990734588399,0.4490576386451721,0.4383018075998704,0.4490576386451721,115500,0.0,0.0
1980-07-07 00:00:00-04:00,0.4490576386451721,0.45174662717929437,0.44636871165664355,0.4490576386451721,109500,0.0,0.0
1980-07-08 00:00:00-04:00,0.44905753124386955,0.44905753124386955,0.44636860489845276,0.44636860489845276,94500,0.0,0.0
1980-07-09 00:00:00-04:00,0.446368438833038,0.449057364178076,0.4436794519424439,0.44367945194244385,114900,0.0,0.0
1980-07-10 00:00:00-04:00,0.4436794519424439,0.446368438833038,0.4436794519424439,0.44367945194244385,70500,0.0,0.0
1980-07-11 00:00:00-04:00,0.4436794519424439,0.449057364178076,0.4436794519424439,0.44367945194244385,91200,0.0,0.0
1980-07-14 00:00:00-04:00,0.4436794519424439,0.449057364178076,0.4436794519424439,0.44367945194244385,69900,0.0,0.0
1980-07-15 00:00:00-04:00,0.44367961700745695,0.44905753124386955,0.44367961700745695,0.44636860489845276,98100,0.0,0.0
1980-07-16 00:00:00-04:00,0.44636871165664355,0.45174662717929437,0.44367972312252124,0.4490576386451721,183300,0.0,0.0
1980-07-17 00:00:00-04:00,0.449057364178076,0.449057364178076,0.43292356592562353,0.44367945194244385,2199000,0.0,0.0
1980-07-18 00:00:00-04:00,0.44367922489633677,0.44367922489633677,0.43023442041465293,0.44099023938179016,63900,0.0,0.0
1980-07-21 00:00:00-04:00,0.4409905787079591,0.4436795662915836,0.4356126650862821,0.4383016526699066,104700,0.0,0.0
1980-07-22 00:00:00-04:00,0.43830153970681174,0.4436794519424439,0.43830153970681174,0.44367945194244385,170700,0.0,0.0
1980-07-23 00:00:00-04:00,0.4409902114425988,0.4409902114425988,0.4302343931569027,0.4329233169555664,135000,0.0,0.0
1980-07-24 00:00:00-04:00,0.4329235427694542,0.4356125295162201,0.43023461756824116,0.4356125295162201,138900,0.0,0.0
1980-07-25 00:00:00-04:00,0.4356124323761496,0.4356124323761496,0.4302345216274262,0.43023452162742615,90600,0.0,0.0
1980-07-28 00:00:00-04:00,0.4302345216274262,0.43292344622901835,0.4302345216274262,0.43023452162742615,86400,0.0,0.0
1980-07-29 00:00:00-04:00,0.4302343931569027,0.43561230229975073,0.4302343931569027,0.4329233169555664,120600,0.0,0.0
1980-07-30 00:00:00-04:00,0.43292344622901835,0.4356124323761496,0.4302345216274262,0.43023452162742615,87900,0.0,0.0
1980-07-31 00:00:00-04:00,0.4302345216274262,0.4302345216274262,0.42216762473157154,0.43023452162742615,628200,0.0,0.0
1980-08-01 00:00:00-04:00,0.42754549966047983,0.42754549966047983,0.4194786034404708,0.4248565137386322,110700,0.0,0.0
1980-08-04 00:00:00-04:00,0.42216759300482787,0.42216759300482787,0.41678962111473083,0.41678962111473083,131700,0.0,0.0
1980-08-05 00:00:00-04:00,0.4167895110574896,0.42216748152748235,0.4141005873680115,0.4141005873680115,165000,0.0,0.0
1980-08-06 00:00:00-04:00,0.41410080851320863,0.4167897336386726,0.4114118218421936,0.4114118218421936,168000,0.0,0.0
1980-08-07 00:00:00-04:00,0.41141177445677835,0.41678968563384244,0.4060338632797142,0.40872278809547424,629700,0.0,0.0
1980-08-08 00:00:00-04:00,0.40872283517117863,0.41410080851320863,0.40872283517117863,0.4114118218421936,140100,0.0,0.0
1980-08-11 00:00:00-04:00,0.4114116021330151,0.41947849629248596,0.4114116021330151,0.4141005873680115,74400,0.0,0.0
1980-08-12 00:00:00-04:00,0.4141005873680115,0.4167895110574896,0.40872261689801875,0.4141005873680115,297900,0.0,0.0
1980-08-13 00:00:00-04:00,0.4141005873680115,0.41947849629248596,0.4114116021330151,0.4141005873680115,159900,0.0,0.0
1980-08-14 00:00:00-04:00,0.4141006967152167,0.41947860705977935,0.4114117107701682,0.41678962111473083,93300,0.0,0.0
1980-08-15 00:00:00-04:00,0.41678990550022155,0.422167881059837,0.41678990550022155,0.4194788932800293,52200,0.0,0.0
1980-08-18 00:00:00-04:00,0.41947849629248596,0.41947849629248596,0.4141005873680115,0.4141005873680115,112200,0.0,0.0
1980-08-19 00:00:00-04:00,0.41410097926599027,0.4194788932800293,0.41410097926599027,0.4194788932800293,437100,0.0,0.0
1980-08-20 00:00:00-04:00,0.41947860705977935,0.42216759300482787,0.4114117107701682,0.41678962111473083,106800,0.0,0.0
1980-08-21 00:00:00-04:00,0.41678962111473083,0.42216759300482787,0.4114117107701682,0.41678962111473083,103500,0.0,0.0
1980-08-22 00:00:00-04:00,0.41678990550022155,0.4194788932800293,0.41410097926599027,0.4194788932800293,61800,0.0,0.0
1980-08-25 00:00:00-04:00,0.4194788932800293,0.4194788932800293,0.41410097926599027,0.4194788932800293,277800,0.0,0.0
1980-08-26 00:00:00-04:00,0.41947849629248596,0.41947849629248596,0.4141005873680115,0.4141005873680115,53400,0.0,0.0
1980-08-27 00:00:00-04:00,0.4141005873680115,0.4167895110574896,0.40872261689801875,0.4141005873680115,141000,0.0,0.0
1980-08-28 00:00:00-04:00,0.4141006967152167,0.41678962111473083,0.4114117107701682,0.41678962111473083,56400,0.0,0.0
1980-08-29 00:00:00-04:00,0.4167896175186231,0.42485651373863215,0.41410069314230935,0.4248565137386322,237300,0.0,0.0
1980-09-02 00:00:00-04:00,0.4266296415757471,0.4266296415757471,0.42108895488268794,0.42385929822921753,57000,0.193333,0.0
1980-09-03 00:00:00-04:00,0.4238591962298951,0.4293998181819915,0.4210888535500328,0.4293998181819916,69300,0.0,0.0
1980-09-04 00:00:00-04:00,0.4294001357609563,0.437711106539605,0.4294001357609563,0.43217048048973083,194700,0.0,0.0
1980-09-05 00:00:00-04:00,0.43217004455615726,0.4349403864904645,0.4210887402265393,0.4266294240951538,309000,0.0,0.0
1980-09-08 00:00:00-04:00,0.4266295901677982,0.42939986977287176,0.4210889041423798,0.42108890414237976,95100,0.0,0.0
1980-09-09 00:00:00-04:00,0.42108895488268794,0.4266296415757471,0.41554833159727206,0.42385929822921753,111600,0.0,0.0
1980-09-10 00:00:00-04:00,0.42385924715508905,0.42385924715508905,0.4183186245373063,0.42108890414237976,45900,0.0,0.0
1980-09-11 00:00:00-04:00,0.4210888789015269,0.4210888789015269,0.41831859946250916,0.41831859946250916,48000,0.0,0.0
1980-09-12 00:00:00-04:00,0.4183186245373063,0.4210889041423798,0.4155482815245971,0.42108890414237976,171000,0.0,0.0
1980-09-15 00:00:00-04:00,0.4210888789015269,0.4210888789015269,0.4127779137692097,0.41831859946250916,200100,0.0,0.0
1980-09-16 00:00:00-04:00,0.41831873722540003,0.41831873722540003,0.4127780497074127,0.4127780497074127,54600,0.0,0.0
1980-09-17 00:00:00-04:00,0.4127779516815417,0.41831863788373536,0.41000767198808263,0.41554829478263855,145800,0.0,0.0
1980-09-18 00:00:00-04:00,0.4155482815245971,0.4210889041423798,0.4127779385118879,0.42108890414237976,693300,0.0,0.0
1980-09-19 00:00:00-04:00,0.4210889041423798,0.42385924715508905,0.4155482815245971,0.42108890414237976,97800,0.0,0.0
1980-09-22 00:00:00-04:00,0.42108891757719447,0.42108891757719447,0.4127779516815417,0.41554829478263855,51300,0.0,0.0
1980-09-23 00:00:00-04:00,0.4155483934664064,0.4155483934664064,0.4100077693560719,0.4127780497074127,95400,0.0,0.0
1980-09-24 00:00:00-04:00,0.41277790519975815,0.41554824798889434,0.40446694023998025,0.41000762581825256,177300,0.0,0.0
1980-09-25 00:00:00-04:00,0.41000773329145773,0.41000773329145773,0.401696766153169,0.40446704626083374,89400,0.0,0.0
1980-09-26 00:00:00-04:00,0.40446704626083374,0.40446704626083374,0.39892642263785705,0.40446704626083374,192000,0.0,0.0
1980-09-29 00:00:00-04:00,0.4016966084605014,0.4016966084605014,0.3906153021570514,0.3961559236049652,98100,0.0,0.0
1980-09-30 00:00:00-04:00,0.39615600450064886,0.4016966904876019,0.3933857249148076,0.39892634749412537,168300,0.0,0.0
1980-10-01 00:00:00-04:00,0.39892634749412537,0.4016966904876019,0.39615600450064886,0.39892634749412537,161700,0.0,0.0
1980-10-02 00:00:00-04:00,0.39892626603273335,0.39892626603273335,0.3933856445848195,0.3961559236049652,132000,0.0,0.0
1980-10-03 00:00:00-04:00,0.39615592360496527,0.39892626603273335,0.3933856445848195,0.3961559236049652,247200,0.0,0.0
1980-10-06 00:00:00-04:00,0.3961560791225451,0.40723738977614576,0.3961560791225451,0.40446704626083374,143400,0.0,0.0
1980-10-07 00:00:00-04:00,0.40723728302911644,0.41277790519975815,0.40723728302911644,0.41000762581825256,102600,0.0,0.0
1980-10-08 00:00:00-04:00,0.4100077693560719,0.4155483934664064,0.4100077693560719,0.4127780497074127,76800,0.0,0.0
1980-10-09 00:00:00-04:00,0.41277790519975815,0.41554824798889434,0.41000762581825256,0.41000762581825256,77700,0.0,0.0
1980-10-10 00:00:00-04:00,0.41000762581825256,0.41277790519975815,0.40723728302911644,0.41000762581825256,264000,0.0,0.0
1980-10-13 00:00:00-04:00,0.41000762581825256,0.41000762581825256,0.40446694023998025,0.41000762581825256,102000,0.0,0.0
1980-10-14 00:00:00-04:00,0.41000762581825256,0.41554824798889434,0.40723728302911644,0.41000762581825256,66600,0.0,0.0
1980-10-15 00:00:00-04:00,0.4100077693560719,0.4155483934664064,0.4100077693560719,0.4127780497074127,51900,0.0,0.0
1980-10-16 00:00:00-04:00,0.41277790519975815,0.41831859077803046,0.41000762581825256,0.41000762581825256,107400,0.0,0.0
1980-10-17 00:00:00-04:00,0.41000762581825256,0.41277790519975815,0.40723728302911644,0.41000762581825256,150000,0.0,0.0
1980-10-20 00:00:00-04:00,0.41000762581825256,0.41831859077803046,0.41000762581825256,0.41000762581825256,119400,0.0,0.0
1980-10-21 00:00:00-04:00,0.41000762581825256,0.41554824798889434,0.41000762581825256,0.41000762581825256,57300,0.0,0.0
1980-10-22 00:00:00-04:00,0.41000773329145773,0.41277801339912246,0.401696766153169,0.40446704626083374,1071600,0.0,0.0
1980-10-23 00:00:00-04:00,0.404467081534872,0.404467081534872,0.3989264574286911,0.4016968011856079,49800,0.0,0.0
1980-10-24 00:00:00-04:00,0.4016966904876019,0.4044669700734432,0.39892634749412537,0.39892634749412537,210000,0.0,0.0
1980-10-27 00:00:00-05:00,0.3989264574286911,0.404467081534872,0.3989264574286911,0.4016968011856079,143100,0.0,0.0
1980-10-28 00:00:00-05:00,0.4016967344184141,0.4044670143072218,0.3933857679367065,0.39338576793670654,577500,0.0,0.0
1980-10-29 00:00:00-05:00,0.3933857679367065,0.39892639112196415,0.39061542464025656,0.39338576793670654,126300,0.0,0.0
1980-10-30 00:00:00-05:00,0.3933857083039712,0.3961559877728365,0.3795340573291142,0.3823044002056122,272400,0.0,0.0
1980-10-31 00:00:00-05:00,0.38230451022336065,0.3878451341631779,0.38230451022336065,0.3850748538970947,141300,0.0,0.0
1980-11-03 00:00:00-05:00,0.385074493473626,0.3906151122275141,0.385074493473626,0.3878447711467743,191700,0.0,0.0
1980-11-05 00:00:00-05:00,0.3878447711467743,0.393385453308254,0.385074493473626,0.3878447711467743,146700,0.0,0.0
1980-11-06 00:00:00-05:00,0.3878451341631779,0.3878451341631779,0.38230451022336065,0.3850748538970947,204900,0.0,0.0
1980-11-07 00:00:00-05:00,0.38507485389709467,0.390615477836912,0.3795341665496266,0.3850748538970947,100500,0.0,0.0
1980-11-10 00:00:00-05:00,0.38507485389709467,0.393385821510646,0.38507485389709467,0.3850748538970947,296700,0.0,0.0
1980-11-11 00:00:00-05:00,0.3878450389278546,0.4044669700734432,0.3878450389278546,0.39892634749412537,84900,0.0,0.0
1980-11-12 00:00:00-05:00,0.39892631806933854,0.41000762581825256,0.39892631806933854,0.41000762581825256,118200,0.0,0.0
1980-11-13 00:00:00-05:00,0.4100076560603962,0.41277793564623744,0.39892634749412537,0.39892634749412537,247200,0.0,0.0
1980-11-14 00:00:00-05:00,0.39892642263785705,0.40446704626083374,0.39892642263785705,0.40446704626083374,72600,0.0,0.0
1980-11-17 00:00:00-05:00,0.4044669700734432,0.4044669700734432,0.3906153819213311,0.39892634749412537,93600,0.0,0.0
1980-11-18 00:00:00-05:00,0.3989264574286911,0.4016968011856079,0.3961561136717743,0.4016968011856079,150000,0.0,0.0
1980-11-19 00:00:00-05:00,0.4016968011856079,0.404467081534872,0.3961561136717743,0.4016968011856079,69000,0.0,0.0
1980-11-20 00:00:00-05:00,0.4016966084605014,0.4044668874806472,0.3906153021570514,0.3961559236049652,69600,0.0,0.0
1980-11-21 00:00:00-05:00,0.3961560478255142,0.39892639112196415,0.3933857679367065,0.39338576793670654,77400,0.0,0.0
1980-11-24 00:00:00-05:00,0.393385821510646,0.393385821510646,0.38507485389709467,0.3850748538970947,162600,0.0,0.0
1980-11-25 00:00:00-05:00,0.385074493473626,0.3906151122275141,0.3823041523928862,0.3878447711467743,293100,0.0,0.0
1980-11-26 00:00:00-05:00,0.3878447711467743,0.3906151122275141,0.385074493473626,0.3878447711467743,188100,0.0,0.0
1980-11-28 00:00:00-05:00,0.38784491254980996,0.3906152546405792,0.38784491254980996,0.3906152546405792,215700,0.0,0.0
1980-12-01 00:00:00-05:00,0.38958400124893966,0.38958400124893966,0.38099023699760437,0.38099023699760437,404700,0.193333,0.0
1980-12-02 00:00:00-05:00,0.38099020270276135,0.3838547468185424,0.38099020270276135,0.3838547468185425,587400,0.0,0.0
1980-12-03 00:00:00-05:00,0.38385478137123746,0.38385478137123746,0.3752610171199022,0.38099023699760437,142800,0.0,0.0
1980-12-04 00:00:00-05:00,0.38099034951851984,0.38099034951851984,0.375261127948761,0.375261127948761,196500,0.0,0.0
1980-12-05 00:00:00-05:00,0.37526132351515884,0.38099054807068716,0.37526132351515884,0.378125935792923,258900,0.0,0.0
1980-12-08 00:00:00-05:00,0.3781257387336404,0.3781257387336404,0.375261127948761,0.375261127948761,175800,0.0,0.0
1980-12-09 00:00:00-05:00,0.375261127948761,0.3781257387336404,0.375261127948761,0.375261127948761,118200,0.0,0.0
1980-12-10 00:00:00-05:00,0.37526132351515884,0.3838550947831798,0.3723967768026662,0.378125935792923,282300,0.0,0.0
1980-12-11 00:00:00-05:00,0.378125935792923,0.38099054807068716,0.37526132351515884,0.378125935792923,125400,0.0,0.0
1980-12-12 00:00:00-05:00,0.378125935792923,0.38099054807068716,0.3723967768026662,0.378125935792923,123000,0.0,0.0
1980-12-15 00:00:00-05:00,0.37812577467693775,0.380990385734117,0.37239661812782293,0.3723966181278229,529200,0.0,0.0
1980-12-16 00:00:00-05:00,0.37239681024889676,0.37812596975370893,0.3666675851788071,0.36953219771385193,532800,0.0,0.0
1980-12-17 00:00:00-05:00,0.36953219771385193,0.37239681024889676,0.3666675851788071,0.36953219771385193,558900,0.0,0.0
1980-12-18 00:00:00-05:00,0.37239664714126236,0.3924487294080447,0.37239664714126236,0.38958418369293213,364200,0.0,0.0
1980-12-19 00:00:00-05:00,0.38958407770036524,0.40963615451165997,0.38958407770036524,0.39531323313713074,372600,0.0,0.0
1980-12-22 00:00:00-05:00,0.39531319510765106,0.40677157044410706,0.39531319510765106,0.40677157044410706,299100,0.0,0.0
1980-12-23 00:00:00-05:00,0.40677157044410706,0.4125007253297228,0.3981778053330712,0.40677157044410706,327900,0.0,0.0
1980-12-24 00:00:00-05:00,0.406771851642811,0.4096363982832488,0.3981780805909577,0.40390723943710327,61800,0.0,0.0
1980-12-26 00:00:00-05:00,0.40390699907489447,0.40390699907489447,0.39531323313713074,0.39531323313713074,50400,0.0,0.0
1980-12-29 00:00:00-05:00,0.39531323313713074,0.3981778436381289,0.38958407770036524,0.39531323313713074,102600,0.0,0.0
1980-12-30 00:00:00-05:00,0.3924487294080447,0.3924487294080447,0.3838549611322098,0.38958418369293213,162600,0.0,0.0
1980-12-31 00:00:00-05:00,0.3895841836929322,0.3924487294080447,0.386719572412571,0.38958418369293213,156900,0.0,0.0
1981-01-02 00:00:00-05:00,0.3895841776455455,0.3953133345520874,0.3895841776455455,0.3924487233161926,173400,0.0,0.0
1981-01-05 00:00:00-05:00,0.40104234999326677,0.4125007253297228,0.40104234999326677,0.40677157044410706,217500,0.0,0.0
1981-01-06 00:00:00-05:00,0.4096363921148715,0.43255315828490876,0.4096363921148715,0.42109477519989014,116100,0.0,0.0
1981-01-07 00:00:00-05:00,0.42109477519989014,0.423959387362462,0.4153656164400153,0.42109477519989014,60900,0.0,0.0
1981-01-08 00:00:00-05:00,0.4210946443162645,0.42395925558846476,0.4153654873371124,0.4153654873371124,46500,0.0,0.0
1981-01-09 00:00:00-05:00,0.4153652397903368,0.42109439335506377,0.4067714766606416,0.4096360206604004,50100,0.0,0.0
1981-01-12 00:00:00-05:00,0.4153655161728739,0.43255305386878246,0.4153655161728739,0.42395928502082825,196500,0.0,0.0
1981-01-13 00:00:00-05:00,0.42395925558846476,0.42395925558846476,0.41250087606491215,0.4153654873371124,83100,0.0,0.0
1981-01-14 00:00:00-05:00,0.4153654873371124,0.4268238012954165,0.4153654873371124,0.4153654873371124,103200,0.0,0.0
1981-01-15 00:00:00-05:00,0.4153654873371124,0.4210946443162645,0.4153654873371124,0.4153654873371124,55200,0.0,0.0
1981-01-16 00:00:00-05:00,0.41536539250048965,0.4210945481715554,0.41536539250048965,0.41822993755340576,39300,0.0,0.0
1981-01-19 00:00:00-05:00,0.42109484376528916,0.43255322871603646,0.42109484376528916,0.42682400345802307,395700,0.0,0.0
1981-01-20 00:00:00-05:00,0.42682400345802307,0.4411470010377771,0.42682400345802307,0.42682400345802307,408300,0.0,0.0
1981-01-21 00:00:00-05:00,0.42682361932177215,0.4354173839092254,0.4182298547343189,0.43541738390922546,121500,0.0,0.0
1981-01-22 00:00:00-05:00,0.4354172088057222,0.44114642660349357,0.42968805657314496,0.43255266547203064,128100,0.0,0.0
1981-01-23 00:00:00-05:00,0.4325529152155332,0.4325529152155332,0.4239591491222791,0.42968830466270447,40800,0.0,0.0
1981-01-26 00:00:00-05:00,0.42968854612233687,0.43255315828490876,0.42109477519989014,0.42109477519989014,65100,0.0,0.0
1981-01-27 00:00:00-05:00,0.42109484376528916,0.4296886160870298,0.42109484376528916,0.42682400345802307,58200,0.0,0.0
1981-01-28 00:00:00-05:00,0.42682369410987575,0.42968830466270447,0.4239591491222791,0.42968830466270447,62400,0.0,0.0
1981-01-29 00:00:00-05:00,0.42968830466270447,0.4325529152155332,0.42682369410987575,0.42968830466270447,144300,0.0,0.0
1981-01-30 00:00:00-05:00,0.42968805657314496,0.4382818177046079,0.42968805657314496,0.43255266547203064,109200,0.0,0.0
1981-02-02 00:00:00-05:00,0.4325529152155332,0.43828207075595854,0.42682369410987575,0.42968830466270447,437100,0.0,0.0
1981-02-03 00:00:00-05:00,0.42968854612233687,0.42968854612233687,0.42109477519989014,0.42109477519989014,126000,0.0,0.0
1981-02-04 00:00:00-05:00,0.42109477519989014,0.42682393395976503,0.41823016303731825,0.42109477519989014,169800,0.0,0.0
1981-02-05 00:00:00-05:00,0.42109477519989014,0.42682393395976503,0.4096363921148715,0.42109477519989014,201900,0.0,0.0
1981-02-06 00:00:00-05:00,0.4210945385694504,0.42968830466270447,0.4210945385694504,0.42968830466270447,66000,0.0,0.0
1981-02-09 00:00:00-05:00,0.42968844239771337,0.43255305386878246,0.4210946735497591,0.42395928502082825,129300,0.0,0.0
1981-02-10 00:00:00-05:00,0.4239592850208282,0.4239592850208282,0.4153655161728739,0.42395928502082825,49500,0.0,0.0
1981-02-11 00:00:00-05:00,0.423959387362462,0.423959387362462,0.41823016303731825,0.42109477519989014,95100,0.0,0.0
1981-02-12 00:00:00-05:00,0.4210945481715554,0.4210945481715554,0.41536539250048965,0.41822993755340576,27600,0.0,0.0
1981-02-13 00:00:00-05:00,0.4182300330440642,0.4182300330440642,0.41250087606491215,0.4153654873371124,44400,0.0,0.0
1981-02-17 00:00:00-05:00,0.41536539250048965,0.4210945481715554,0.41250078188233996,0.41822993755340576,65700,0.0,0.0
1981-02-18 00:00:00-05:00,0.41822993755340576,0.41822993755340576,0.40963617126419033,0.41822993755340576,114900,0.0,0.0
1981-02-19 00:00:00-05:00,0.4153652397903368,0.4153652397903368,0.4067714766606416,0.4096360206604004,94800,0.0,0.0
1981-02-20 00:00:00-05:00,0.40963626479271187,0.4182300330440642,0.4067717190857601,0.4153654873371124,72000,0.0,0.0
1981-02-23 00:00:00-05:00,0.4153655161728739,0.4239592850208282,0.41250090470180484,0.42395928502082825,68400,0.0,0.0
1981-02-24 00:00:00-05:00,0.4239594563942959,0.4296886160870298,0.41823023113628244,0.42682400345802307,74400,0.0,0.0
1981-02-25 00:00:00-05:00,0.42682393395976503,0.42682393395976503,0.42109477519989014,0.42109477519989014,36000,0.0,0.0
1981-02-26 00:00:00-05:00,0.42109477519989014,0.423959387362462,0.4153656164400153,0.42109477519989014,121800,0.0,0.0
1981-02-27 00:00:00-05:00,0.4210946735497591,0.4239592850208282,0.41250090470180484,0.42395928502082825,955200,0.0,0.0
1981-03-02 00:00:00-05:00,0.42360359430313116,0.42360359430313116,0.4206413764484097,0.4236035943031311,566700,0.203333,0.0
1981-03-03 00:00:00-05:00,0.4236037560122469,0.4236037560122469,0.4117547444684049,0.4176792502403259,120300,0.0,0.0
1981-03-04 00:00:00-05:00,0.41767925024032587,0.41767925024032587,0.4087924576820211,0.4176792502403259,81000,0.0,0.0
1981-03-05 00:00:00-05:00,0.41767925024032587,0.41767925024032587,0.4117547444684049,0.4176792502403259,70200,0.0,0.0
1981-03-06 00:00:00-05:00,0.4176791256934098,0.4176791256934098,0.41175462168810495,0.41471683979034424,173700,0.0,0.0
1981-03-09 00:00:00-05:00,0.4147169634539421,0.4206415370267097,0.4147169634539421,0.4176792502403259,270000,0.0,0.0
1981-03-10 00:00:00-05:00,0.41767919547837506,0.4236037004735338,0.41767919547837506,0.4206414818763733,416700,0.0,0.0
1981-03-11 00:00:00-05:00,0.4206414407327941,0.426565945148468,0.4206414407327941,0.426565945148468,58800,0.0,0.0
1981-03-12 00:00:00-05:00,0.42656589105193615,0.4295281767845154,0.4236036053193569,0.4295281767845154,165000,0.0,0.0
1981-03-13 00:00:00-05:00,0.4384147742889035,0.44433927536010737,0.4384147742889035,0.4443392753601074,618600,0.0,0.0
1981-03-16 00:00:00-05:00,0.44433927536010737,0.4473015597961057,0.4384147742889035,0.4443392753601074,89100,0.0,0.0
1981-03-17 00:00:00-05:00,0.44433983855419484,0.45026434713462454,0.43841532997376514,0.44137755036354065,257400,0.0,0.0
1981-03-18 00:00:00-05:00,0.4413769909241091,0.44433927536010737,0.4384147742889035,0.4443392753601074,237600,0.0,0.0
1981-03-19 00:00:00-05:00,0.4443395251053977,0.4443395251053977,0.43545273460328976,0.4384150207042694,60900,0.0,0.0
1981-03-20 00:00:00-05:00,0.4384150707051822,0.4413772893431698,0.4324904978275299,0.4324904978275299,64200,0.0,0.0
1981-03-23 00:00:00-05:00,0.4324904978275299,0.44433957578199595,0.4295282791895423,0.4324904978275299,126600,0.0,0.0
1981-03-24 00:00:00-05:00,0.43249044850231017,0.43841502070426935,0.43249044850231017,0.4384150207042694,65700,0.0,0.0
1981-03-25 00:00:00-05:00,0.43841532997376514,0.44137755036354065,0.43249075359245676,0.44137755036354065,83100,0.0,0.0
1981-03-26 00:00:00-05:00,0.44137755036354065,0.44137755036354065,0.42952853320268125,0.44137755036354065,72600,0.0,0.0
1981-03-27 00:00:00-05:00,0.4384150707051822,0.4384150707051822,0.4295282791895423,0.4324904978275299,97200,0.0,0.0
1981-03-30 00:00:00-05:00,0.4324904495641419,0.4354527356723944,0.426565945148468,0.426565945148468,65100,0.0,0.0
1981-03-31 00:00:00-05:00,0.426565945148468,0.42952823125672046,0.426565945148468,0.426565945148468,298500,0.0,0.0
1981-04-01 00:00:00-05:00,0.42656599275071616,0.43545278426635603,0.42656599275071616,0.4324904978275299,474300,0.0,0.0
1981-04-02 00:00:00-05:00,0.43249044850231017,0.43841502070426935,0.43249044850231017,0.4384150207042694,62400,0.0,0.0
1981-04-03 00:00:00-05:00,0.4384150707051822,0.4384150707051822,0.4324904978275299,0.4324904978275299,97500,0.0,0.0
1981-04-06 00:00:00-05:00,0.4324904978275299,0.43545278426635603,0.42656599275071616,0.4324904978275299,84600,0.0,0.0
1981-04-07 00:00:00-05:00,0.4324904495641419,0.4324904495641419,0.4236036590402155,0.426565945148468,83700,0.0,0.0
1981-04-08 00:00:00-05:00,0.42656587995867323,0.42952816561421536,0.4176790907928676,0.4236035943031311,118500,0.0,0.0
1981-04-09 00:00:00-05:00,0.42360359430313116,0.42656587995867323,0.4176790907928676,0.4236035943031311,75000,0.0,0.0
1981-04-10 00:00:00-05:00,0.4236037004735338,0.4236037004735338,0.4147169090803769,0.4206414818763733,253500,0.0,0.0
1981-04-13 00:00:00-05:00,0.4206414115964754,0.4206414115964754,0.4087923357850394,0.41471683979034424,139200,0.0,0.0
1981-04-14 00:00:00-05:00,0.41471683979034424,0.41471683979034424,0.4087923357850394,0.41471683979034424,240900,0.0,0.0
1981-04-15 00:00:00-05:00,0.41471683979034424,0.4236036296987146,0.41175462168810495,0.41471683979034424,375000,0.0,0.0
1981-04-16 00:00:00-05:00,0.4176790907928676,0.42656587995867323,0.4176790907928676,0.4236035943031311,172200,0.0,0.0
1981-04-20 00:00:00-05:00,0.4236035950175995,0.43545266985893244,0.4206413771578818,0.4354526698589325,246000,0.0,0.0
1981-04-21 00:00:00-05:00,0.43545266985893244,0.43545266985893244,0.42952816633867635,0.4354526698589325,74700,0.0,0.0
1981-04-22 00:00:00-05:00,0.43545278426635603,0.4384150707051822,0.4295282791895423,0.4324904978275299,56700,0.0,0.0
1981-04-23 00:00:00-05:00,0.4324903834689368,0.43545266912447894,0.4206413764484097,0.4236035943031311,145500,0.0,0.0
1981-04-24 00:00:00-05:00,0.4236037004735338,0.426565986871532,0.4206414818763733,0.4206414818763733,90600,0.0,0.0
1981-04-27 00:00:00-04:00,0.4206414407327941,0.426565945148468,0.4176791546245416,0.426565945148468,180900,0.0,0.0
1981-04-28 00:00:00-04:00,0.426565986871532,0.426565986871532,0.4206414818763733,0.4206414818763733,79200,0.0,0.0
1981-04-29 00:00:00-04:00,0.4206414818763733,0.426565986871532,0.4206414818763733,0.4206414818763733,118500,0.0,0.0
1981-04-30 00:00:00-04:00,0.4206414407327941,0.426565945148468,0.4206414407327941,0.426565945148468,50400,0.0,0.0
1981-05-01 00:00:00-04:00,0.42656587995867323,0.42656587995867323,0.4206413764484097,0.4236035943031311,116100,0.0,0.0
1981-05-04 00:00:00-04:00,0.4206414535103605,0.4206414535103605,0.40583009032001344,0.4087923765182495,570600,0.0,0.0
1981-05-05 00:00:00-04:00,0.40879237651824946,0.40879237651824946,0.40583009032001344,0.4087923765182495,93000,0.0,0.0
1981-05-06 00:00:00-04:00,0.4087923714389869,0.4087923714389869,0.4058300852775574,0.4058300852775574,103500,0.0,0.0
1981-05-07 00:00:00-04:00,0.4058300852775574,0.41175465760041635,0.4058300852775574,0.4058300852775574,70500,0.0,0.0
1981-05-08 00:00:00-04:00,0.4058300852775574,0.41175465760041635,0.4058300852775574,0.4058300852775574,1461600,0.0,0.0
1981-05-11 00:00:00-04:00,0.40583009528991576,0.4147168861926207,0.40583009528991576,0.41175466775894165,128700,0.0,0.0
1981-05-12 00:00:00-04:00,0.4117547444684049,0.41767925024032587,0.40286795191010005,0.4176792502403259,96900,0.0,0.0
1981-05-13 00:00:00-04:00,0.41767919547837506,0.4236037004735338,0.4147169090803769,0.4206414818763733,447300,0.0,0.0
1981-05-14 00:00:00-04:00,0.4206414407327941,0.426565945148468,0.4206414407327941,0.426565945148468,145800,0.0,0.0
1981-05-15 00:00:00-04:00,0.42656589105193615,0.4295281767845154,0.4236036053193569,0.4295281767845154,986400,0.0,0.0
1981-05-18 00:00:00-04:00,0.4295281767845154,0.4324903947162722,0.4236036053193569,0.4295281767845154,90300,0.0,0.0
1981-05-19 00:00:00-04:00,0.42952832958501447,0.4443396279152403,0.41767925024032587,0.4176792502403259,140700,0.0,0.0
1981-05-20 00:00:00-04:00,0.41767919547837506,0.4236037004735338,0.4147169090803769,0.4206414818763733,100800,0.0,0.0
1981-05-21 00:00:00-04:00,0.4206414115964754,0.4236036296987146,0.41175462168810495,0.41471683979034424,69300,0.0,0.0
1981-05-22 00:00:00-04:00,0.41471680513732545,0.42952816561421536,0.411754587282604,0.4236035943031311,66300,0.0,0.0
1981-05-26 00:00:00-04:00,0.43249044850231017,0.43841502070426935,0.43249044850231017,0.4384150207042694,197400,0.0,0.0
1981-05-27 00:00:00-04:00,0.4354527782646889,0.4354527782646889,0.4206414818763733,0.4206414818763733,111000,0.0,0.0
1981-05-28 00:00:00-04:00,0.42656599275071616,0.43545278426635603,0.42656599275071616,0.4324904978275299,75900,0.0,0.0
1981-05-29 00:00:00-04:00,0.43249038419839403,0.4384149555194709,0.43249038419839403,0.4354526698589325,53700,0.0,0.0
1981-06-01 00:00:00-04:00,0.4412131139613883,0.4412131139613883,0.42589323754737424,0.4350851774215698,103500,0.203333,0.0
1981-06-02 00:00:00-04:00,0.43508501972359437,0.4381489518185036,0.4289570152759552,0.4289570152759552,54600,0.0,0.0
1981-06-03 00:00:00-04:00,0.4289570152759552,0.4320210174997748,0.42589308318104596,0.4289570152759552,48600,0.0,0.0
1981-06-04 00:00:00-04:00,0.4289571167238661,0.4320211196723192,0.4228291809558869,0.42282918095588684,83700,0.0,0.0
1981-06-05 00:00:00-04:00,0.42282940605853464,0.4320213496685028,0.42282940605853464,0.4320213496685028,129300,0.0,0.0
1981-06-08 00:00:00-04:00,0.4320210174997748,0.4381489518185036,0.42589308318104596,0.4289570152759552,45000,0.0,0.0
1981-06-09 00:00:00-04:00,0.4289570152759552,0.43508501972359437,0.42589308318104596,0.4289570152759552,68700,0.0,0.0
1981-06-10 00:00:00-04:00,0.42895734508885863,0.4381492886988268,0.42895734508885863,0.4320213496685028,51900,0.0,0.0
1981-06-11 00:00:00-04:00,0.43814892483147705,0.45040486284296166,0.43814892483147705,0.44427692890167236,870000,0.0,0.0
1981-06-12 00:00:00-04:00,0.44427706224751445,0.45346900098278076,0.44427706224751445,0.4473409950733185,325800,0.0,0.0
1981-06-15 00:00:00-04:00,0.4657248041808084,0.4810447465767458,0.4657248041808084,0.4718528091907501,262200,0.0,0.0
1981-06-16 00:00:00-04:00,0.47185292509061133,0.4841087978630354,0.46878892183303833,0.46878892183303833,142800,0.0,0.0
1981-06-17 00:00:00-04:00,0.46878873728788817,0.4810446753645273,0.46572473523650176,0.47798067331314087,521700,0.0,0.0
1981-06-18 00:00:00-04:00,0.4779808614768234,0.4779808614768234,0.46878892183303833,0.46878892183303833,138600,0.0,0.0
1981-06-19 00:00:00-04:00,0.46878892183303833,0.47491685821925034,0.4657249185754653,0.46878892183303833,680100,0.0,0.0
1981-06-22 00:00:00-04:00,0.46878892183303833,0.47185292509061133,0.46878892183303833,0.46878892183303833,61800,0.0,0.0
1981-06-23 00:00:00-04:00,0.46878892183303833,0.47185292509061133,0.46878892183303833,0.46878892183303833,62100,0.0,0.0
1981-06-24 00:00:00-04:00,0.46878892183303833,0.47185292509061133,0.46878892183303833,0.46878892183303833,840000,0.0,0.0
1981-06-25 00:00:00-04:00,0.46878892183303833,0.47185292509061133,0.46878892183303833,0.46878892183303833,269400,0.0,0.0
1981-06-26 00:00:00-04:00,0.46878880668577927,0.4718528091907501,0.46878880668577927,0.4718528091907501,250500,0.0,0.0
1981-06-29 00:00:00-04:00,0.471852854960216,0.471852854960216,0.44734097280064394,0.4534689784049988,732900,0.0,0.0
1981-06-30 00:00:00-04:00,0.45040482282638544,0.45040482282638544,0.4442768894295373,0.4504048228263855,292200,0.0,0.0
1981-07-01 00:00:00-04:00,0.4504049980280496,0.45346900098278076,0.44427706224751445,0.4473409950733185,606600,0.0,0.0
1981-07-02 00:00:00-04:00,0.447340860807864,0.45040486284296166,0.43814892483147705,0.44427692890167236,253500,0.0,0.0
1981-07-06 00:00:00-04:00,0.4412131139613883,0.4412131139613883,0.4350851774215698,0.4350851774215698,144600,0.0,0.0
1981-07-07 00:00:00-04:00,0.43508507662153306,0.4412130117416382,0.43508507662153306,0.4412130117416382,162900,0.0,0.0
1981-07-08 00:00:00-04:00,0.4412130117416382,0.4442770143661505,0.43814900911712584,0.4412130117416382,174600,0.0,0.0
1981-07-09 00:00:00-04:00,0.4412129268665747,0.447340860807864,0.4412129268665747,0.44427692890167236,160800,0.0,0.0
1981-07-10 00:00:00-04:00,0.4442768894295373,0.45040482282638544,0.4442768894295373,0.4504048228263855,139500,0.0,0.0
1981-07-13 00:00:00-04:00,0.45040481328636855,0.4626607499493719,0.45040481328636855,0.456532746553421,208500,0.0,0.0
1981-07-14 00:00:00-04:00,0.45653291107825256,0.45959691388043,0.4534689784049988,0.4534689784049988,545700,0.0,0.0
1981-07-15 00:00:00-04:00,0.453468814984344,0.45959674825139646,0.45040481328636855,0.456532746553421,154200,0.0,0.0
1981-07-16 00:00:00-04:00,0.45653275622323364,0.4595967579861076,0.45040482282638544,0.4504048228263855,255300,0.0,0.0
1981-07-17 00:00:00-04:00,0.45040482282638544,0.45346882458925947,0.4473408210635115,0.4504048228263855,99900,0.0,0.0
1981-07-20 00:00:00-04:00,0.45040486284296166,0.45040486284296166,0.4412129268665747,0.44427692890167236,78000,0.0,0.0
1981-07-21 00:00:00-04:00,0.4412131139613883,0.4412131139613883,0.4350851774215698,0.4350851774215698,127800,0.0,0.0
1981-07-22 00:00:00-04:00,0.4350851774215698,0.4412131139613883,0.43202117408719265,0.4350851774215698,284400,0.0,0.0
1981-07-23 00:00:00-04:00,0.4350851774215698,0.4381491106270111,0.43202117408719265,0.4350851774215698,90900,0.0,0.0
1981-07-24 00:00:00-04:00,0.4350851774215698,0.4412131139613883,0.4350851774215698,0.4350851774215698,314100,0.0,0.0
1981-07-27 00:00:00-04:00,0.4350849929252854,0.44427692890167236,0.4350849929252854,0.44427692890167236,351300,0.0,0.0
1981-07-28 00:00:00-04:00,0.4442770143661505,0.4473409468617433,0.4412130117416382,0.4412130117416382,96600,0.0,0.0
1981-07-29 00:00:00-04:00,0.4412130117416382,0.4473409468617433,0.43814900911712584,0.4412130117416382,202200,0.0,0.0
1981-07-30 00:00:00-04:00,0.4412130978037746,0.44427710102594525,0.43814909458160395,0.438149094581604,91800,0.0,0.0
1981-07-31 00:00:00-04:00,0.43814900911712584,0.4442770143661505,0.43814900911712584,0.4412130117416382,58800,0.0,0.0
1981-08-03 00:00:00-04:00,0.4412129268665747,0.44427692890167236,0.43814892483147705,0.44427692890167236,76500,0.0,0.0
1981-08-04 00:00:00-04:00,0.44427706224751445,0.4473409950733185,0.4381490563380521,0.4473409950733185,174300,0.0,0.0
1981-08-05 00:00:00-04:00,0.4473409950733185,0.4504049980280496,0.4412130592927833,0.4473409950733185,156900,0.0,0.0
1981-08-06 00:00:00-04:00,0.4473408210635115,0.45346882458925947,0.4442768894295373,0.4504048228263855,304800,0.0,0.0
1981-08-07 00:00:00-04:00,0.45040482282638544,0.45346882458925947,0.4473408210635115,0.4504048228263855,72300,0.0,0.0
1981-08-10 00:00:00-04:00,0.45040481805801386,0.46266075485085817,0.44734081632757805,0.45959675312042236,921000,0.0,0.0
1981-08-11 00:00:00-04:00,0.45959698218925327,0.47185292509061133,0.45959698218925327,0.46878892183303833,983100,0.0,0.0
1981-08-12 00:00:00-04:00,0.46878892183303833,0.47185292509061133,0.4657249185754653,0.46878892183303833,758400,0.0,0.0
1981-08-13 00:00:00-04:00,0.46878892183303833,0.47185292509061133,0.46266098544682627,0.46878892183303833,588300,0.0,0.0
1981-08-14 00:00:00-04:00,0.46878903849540454,0.47185304251548255,0.46266110058420007,0.46572503447532654,44400,0.0,0.0
1981-08-17 00:00:00-04:00,0.4657246864523949,0.46878868818283076,0.4565327513899865,0.45959675312042236,144300,0.0,0.0
1981-08-18 00:00:00-04:00,0.4595966987150484,0.46266070008277893,0.4504047647407474,0.46266070008277893,79800,0.0,0.0
1981-08-19 00:00:00-04:00,0.46266070008277893,0.46266070008277893,0.45346876610847797,0.46266070008277893,70500,0.0,0.0
1981-08-20 00:00:00-04:00,0.46266075485085817,0.46266075485085817,0.4534688197884497,0.45959675312042236,68400,0.0,0.0
1981-08-21 00:00:00-04:00,0.45959691388043,0.46572484935586117,0.4534689784049988,0.4534689784049988,70500,0.0,0.0
1981-08-24 00:00:00-04:00,0.45346882458925947,0.46266075974898163,0.45040482282638544,0.4504048228263855,568500,0.0,0.0
1981-08-25 00:00:00-04:00,0.447340860807864,0.447340860807864,0.4350849929252854,0.44427692890167236,213900,0.0,0.0
1981-08-26 00:00:00-04:00,0.44427692890167236,0.45040486284296166,0.4412129268665747,0.44427692890167236,340200,0.0,0.0
1981-08-27 00:00:00-04:00,0.44427692890167236,0.447340860807864,0.4412129268665747,0.44427692890167236,119700,0.0,0.0
1981-08-28 00:00:00-04:00,0.44427704012739017,0.4534689784049988,0.4412130373252128,0.4534689784049988,615000,0.0,0.0
1981-08-31 00:00:00-04:00,0.4534689784049988,0.4626609166826074,0.44734097280064394,0.4534689784049988,240900,0.0,0.0
1981-09-01 00:00:00-04:00,0.4562572079641204,0.4562572079641204,0.44358337245840695,0.44992032647132874,116100,0.203333,0.0
1981-09-02 00:00:00-04:00,0.44992051994727067,0.45308892579608717,0.44041515736049847,0.44675204157829285,124200,0.0,0.0
1981-09-03 00:00:00-04:00,0.4467516961626568,0.4499201720818597,0.43724634092515346,0.443583220243454,168300,0.0,0.0
1981-09-04 00:00:00-04:00,0.44041480991038967,0.44041480991038967,0.4245725030839046,0.4309094548225403,286500,0.0,0.0
1981-09-08 00:00:00-04:00,0.4309095271211441,0.4309095271211441,0.42457257431928563,0.42774105072021484,137100,0.0,0.0
1981-09-09 00:00:00-04:00,0.42774139378093,0.43090987272306913,0.42140450841682625,0.4245729148387909,107100,0.0,0.0
1981-09-10 00:00:00-04:00,0.4309096067143369,0.4435833696187885,0.4309096067143369,0.4404149651527405,86700,0.0,0.0
1981-09-11 00:00:00-04:00,0.44358337245840695,0.4562572079641204,0.44358337245840695,0.44992032647132874,140700,0.0,0.0
1981-09-14 00:00:00-04:00,0.4499201720818597,0.4499201720818597,0.43724634092515346,0.443583220243454,69900,0.0,0.0
1981-09-15 00:00:00-04:00,0.4435832202434539,0.4435832202434539,0.43724634092515346,0.443583220243454,228300,0.0,0.0
1981-09-16 00:00:00-04:00,0.4435832202434539,0.4435832202434539,0.44041481684435635,0.443583220243454,111600,0.0,0.0
1981-09-17 00:00:00-04:00,0.4435832202434539,0.4467516961626568,0.43724634092515346,0.443583220243454,359400,0.0,0.0
1981-09-18 00:00:00-04:00,0.4435833696187885,0.4435833696187885,0.43724648816656275,0.4404149651527405,149100,0.0,0.0
1981-09-21 00:00:00-04:00,0.44041515736049847,0.44675204157829285,0.43724667899152064,0.44675204157829285,807000,0.0,0.0
1981-09-22 00:00:00-04:00,0.44675184660496625,0.44992032359114403,0.4404149651527405,0.4404149651527405,57000,0.0,0.0
1981-09-23 00:00:00-04:00,0.44041481684435635,0.4435832202434539,0.43724634092515346,0.443583220243454,285600,0.0,0.0
1981-09-24 00:00:00-04:00,0.4435833696187885,0.4435833696187885,0.4404149651527405,0.4404149651527405,235800,0.0,0.0
1981-09-25 00:00:00-04:00,0.4404149316240803,0.4404149316240803,0.4277410971643543,0.4340779781341553,189600,0.0,0.0
1981-09-28 00:00:00-04:00,0.4309095271211441,0.4309095271211441,0.4182356940375434,0.42774105072021484,123000,0.0,0.0
1981-09-29 00:00:00-04:00,0.42774097895322244,0.434077858171754,0.4245725030839046,0.4309094548225403,119400,0.0,0.0
1981-09-30 00:00:00-04:00,0.42774105072021484,0.42774105072021484,0.42140417043847267,0.42774105072021484,108000,0.0,0.0
1981-10-01 00:00:00-04:00,0.42774139378093,0.42774139378093,0.41823602947468713,0.4245729148387909,276900,0.0,0.0
1981-10-02 00:00:00-04:00,0.4245726204193918,0.4340779781341552,0.4214042161945534,0.4340779781341553,235800,0.0,0.0
1981-10-05 00:00:00-04:00,0.4340780835360894,0.4404150385647407,0.43090967854190554,0.43724656105041504,294600,0.0,0.0
1981-10-06 00:00:00-04:00,0.4372463340410718,0.4372463340410718,0.4245725030839046,0.4309094548225403,151200,0.0,0.0
1981-10-07 00:00:00-04:00,0.43090967854190554,0.43724656105041504,0.43090967854190554,0.43724656105041504,74400,0.0,0.0
1981-10-08 00:00:00-04:00,0.43724656105041504,0.4404150385647407,0.4340780835360894,0.43724656105041504,630600,0.0,0.0
1981-10-09 00:00:00-04:00,0.43724656105041504,0.4404150385647407,0.43090967854190554,0.43724656105041504,595500,0.0,0.0
1981-10-12 00:00:00-04:00,0.43724656105041504,0.4404150385647407,0.4340780835360894,0.43724656105041504,83400,0.0,0.0
1981-10-13 00:00:00-04:00,0.43724656105041504,0.4404150385647407,0.4340780835360894,0.43724656105041504,394200,0.0,0.0
1981-10-14 00:00:00-04:00,0.4372464548791178,0.4404149316240803,0.4309095739093169,0.4340779781341553,121800,0.0,0.0
1981-10-15 00:00:00-04:00,0.4340780835360894,0.43724656105041504,0.4340780835360894,0.43724656105041504,294000,0.0,0.0
1981-10-16 00:00:00-04:00,0.4372464548791178,0.4372464548791178,0.4309095739093169,0.4340779781341553,72000,0.0,0.0
1981-10-19 00:00:00-04:00,0.4340780835360894,0.43724656105041504,0.43090967854190554,0.43724656105041504,120000,0.0,0.0
1981-10-20 00:00:00-04:00,0.43724656105041504,0.4404150385647407,0.4340780835360894,0.43724656105041504,316200,0.0,0.0
1981-10-21 00:00:00-04:00,0.4372464548791178,0.4404149316240803,0.4309095739093169,0.4340779781341553,1350000,0.0,0.0
1981-10-22 00:00:00-04:00,0.434077858171754,0.4372463340410718,0.42774097895322244,0.4309094548225403,348900,0.0,0.0
1981-10-23 00:00:00-04:00,0.4309095739093169,0.4340779781341552,0.4245726204193918,0.4340779781341553,312000,0.0,0.0
1981-10-26 00:00:00-05:00,0.4340779781341552,0.4372464548791178,0.4277410971643543,0.4340779781341553,92400,0.0,0.0
1981-10-27 00:00:00-05:00,0.4340780835360894,0.43724656105041504,0.43090967854190554,0.43724656105041504,464700,0.0,0.0
1981-10-28 00:00:00-05:00,0.43724667899152064,0.44675204157829285,0.4309097947737263,0.44675204157829285,263400,0.0,0.0
1981-10-29 00:00:00-05:00,0.44675184946486785,0.4530887309576595,0.44358337245840695,0.44992032647132874,63300,0.0,0.0
1981-10-30 00:00:00-05:00,0.4562570690312261,0.4752677802408605,0.4562570690312261,0.47209930419921875,549900,0.0,0.0
1981-11-02 00:00:00-05:00,0.47209930419921875,0.47843625628250225,0.46893090067768506,0.47209930419921875,192600,0.0,0.0
1981-11-03 00:00:00-05:00,0.4720991439285854,0.47843609386056873,0.4720991439285854,0.475267618894577,266400,0.0,0.0
1981-11-04 00:00:00-05:00,0.4752677564692626,0.4816046357154847,0.4752677564692626,0.4816046357154846,252000,0.0,0.0
1981-11-05 00:00:00-05:00,0.48160460497163654,0.48160460497163654,0.4752677261299373,0.4784362018108368,314100,0.0,0.0
1981-11-06 00:00:00-05:00,0.47843609386056873,0.47843609386056873,0.4720991439285854,0.475267618894577,84600,0.0,0.0
1981-11-09 00:00:00-05:00,0.47843635458322537,0.487941712141037,0.47843635458322537,0.487941712141037,665700,0.0,0.0
1981-11-10 00:00:00-05:00,0.48794165736424905,0.4974470138549804,0.48794165736424905,0.49744701385498047,696000,0.0,0.0
1981-11-11 00:00:00-05:00,0.4974473864862935,0.4974473864862935,0.49111042906546437,0.4942789077758789,245100,0.0,0.0
1981-11-12 00:00:00-05:00,0.5006155238645061,0.5069524778826252,0.5006155238645061,0.5037840008735657,1250700,0.0,0.0
1981-11-13 00:00:00-05:00,0.5037842245830667,0.506952702999115,0.5006157461670184,0.506952702999115,305700,0.0,0.0
1981-11-16 00:00:00-05:00,0.5069526120713762,0.5101210173989723,0.4974472510482888,0.500615656375885,500700,0.0,0.0
1981-11-17 00:00:00-05:00,0.5006154176718144,0.5069523703457118,0.4974470138549804,0.49744701385498047,85500,0.0,0.0
1981-11-18 00:00:00-05:00,0.4974470138549804,0.5037838940087631,0.4942785375180317,0.49744701385498047,146100,0.0,0.0
1981-11-19 00:00:00-05:00,0.4974472510482888,0.5037841342236306,0.4974472510482888,0.500615656375885,121200,0.0,0.0
1981-11-20 00:00:00-05:00,0.5006155238645061,0.5037840008735657,0.4974471193755768,0.5037840008735657,243300,0.0,0.0
1981-11-23 00:00:00-05:00,0.5037838940087631,0.5037838940087631,0.4974470138549804,0.49744701385498047,134100,0.0,0.0
1981-11-24 00:00:00-05:00,0.4974471193755768,0.5037840008735657,0.4974471193755768,0.5037840008735657,202500,0.0,0.0
1981-11-25 00:00:00-05:00,0.5037841342236306,0.5037841342236306,0.4974472510482888,0.500615656375885,180300,0.0,0.0
1981-11-27 00:00:00-05:00,0.5006155238645061,0.5069524778826252,0.5006155238645061,0.5037840008735657,108600,0.0,0.0
1981-11-30 00:00:00-05:00,0.5037841342236306,0.5069526120713762,0.500615656375885,0.500615656375885,269400,0.0,0.0
1981-12-01 00:00:00-05:00,0.506761878912531,0.506761878912531,0.496953583999183,0.5002230405807495,1056000,0.203333,0.0
1981-12-02 00:00:00-05:00,0.5002229133438644,0.5002229133438644,0.49368407667530384,0.49695345759391785,93000,0.0,0.0
1981-12-03 00:00:00-05:00,0.49695345759391785,0.5002229133438644,0.49368407667530384,0.49695345759391785,255600,0.0,0.0
1981-12-04 00:00:00-05:00,0.49695345759391785,0.503492369093811,0.49368407667530384,0.49695345759391785,978000,0.0,0.0
1981-12-07 00:00:00-05:00,0.49695345759391785,0.503492369093811,0.49695345759391785,0.49695345759391785,426900,0.0,0.0
1981-12-08 00:00:00-05:00,0.49695345759391785,0.5002229133438644,0.4871451651754107,0.49695345759391785,187200,0.0,0.0
1981-12-09 00:00:00-05:00,0.4936842322349549,0.4936842322349549,0.4871453186746534,0.49368423223495483,81900,0.0,0.0
1981-12-10 00:00:00-05:00,0.49368434519493803,0.5002231854200363,0.49041488766670227,0.49041488766670227,144000,0.0,0.0
1981-12-11 00:00:00-05:00,0.49041488766670227,0.49695372789180053,0.4871454301384665,0.49041488766670227,66900,0.0,0.0
1981-12-14 00:00:00-05:00,0.49041463885920883,0.4936840947287153,0.4707980533048405,0.4740675091743469,121200,0.0,0.0
1981-12-15 00:00:00-05:00,0.4740675091743469,0.4806063460820246,0.467528597435334,0.4740675091743469,124200,0.0,0.0
1981-12-16 00:00:00-05:00,0.47406770616842236,0.4773370885651526,0.4609899520874023,0.46098995208740234,384300,0.0,0.0
1981-12-17 00:00:00-05:00,0.4609900177756152,0.4675288583321862,0.4609900177756152,0.46425947546958923,112800,0.0,0.0
1981-12-18 00:00:00-05:00,0.4642591600181314,0.4806062877178192,0.46098970454566335,0.4806062877178192,545100,0.0,0.0
1981-12-21 00:00:00-05:00,0.4806063988556465,0.4838758550841599,0.4707981050014496,0.4707981050014496,168600,0.0,0.0
1981-12-22 00:00:00-05:00,0.4707980533048405,0.4740675091743469,0.467528597435334,0.4740675091743469,402900,0.0,0.0
1981-12-23 00:00:00-05:00,0.4740675612299631,0.47733694262713305,0.46752864877293615,0.4707981050014496,97500,0.0,0.0
1981-12-24 00:00:00-05:00,0.47079831602616024,0.47406777372013426,0.46425947546958923,0.46425947546958923,591900,0.0,0.0
1981-12-28 00:00:00-05:00,0.4642594093154989,0.46752879171222916,0.4609899520874023,0.46098995208740234,123300,0.0,0.0
1981-12-29 00:00:00-05:00,0.46425947546958923,0.4675288583321862,0.46425947546958923,0.46425947546958923,101100,0.0,0.0
1981-12-30 00:00:00-05:00,0.46425926737576617,0.47733694262713305,0.46425926737576617,0.4707981050014496,165300,0.0,0.0
1981-12-31 00:00:00-05:00,0.4707981050014496,0.4707981050014496,0.46425926737576617,0.4707981050014496,116700,0.0,0.0
1982-01-04 00:00:00-05:00,0.4707980533048405,0.4740675091743469,0.4642592163971628,0.4740675091743469,139200,0.0,0.0
1982-01-05 00:00:00-05:00,0.47406791692721834,0.47733730077743525,0.4707984582456018,0.4773373007774353,44100,0.0,0.0
1982-01-06 00:00:00-05:00,0.47733730077743525,0.47733730077743525,0.4707984582456018,0.4773373007774353,144000,0.0,0.0
1982-01-07 00:00:00-05:00,0.47733689021251813,0.47733689021251813,0.4707980533048405,0.4740675091743469,65100,0.0,0.0
1982-01-08 00:00:00-05:00,0.4740677726089926,0.4871454536914825,0.4740677726089926,0.48714545369148254,68700,0.0,0.0
1982-01-11 00:00:00-05:00,0.4871456019908853,0.4871456019908853,0.47406791692721834,0.4773373007774353,111300,0.0,0.0
1982-01-12 00:00:00-05:00,0.47733689021251813,0.47733689021251813,0.4707980533048405,0.4740675091743469,102600,0.0,0.0
1982-01-13 00:00:00-05:00,0.4740675091743469,0.4740675091743469,0.4642592163971628,0.4740675091743469,111300,0.0,0.0
1982-01-14 00:00:00-05:00,0.47406755357535274,0.4773369349197331,0.46752864122390747,0.46752864122390747,47700,0.0,0.0
1982-01-15 00:00:00-05:00,0.4707979961317413,0.4806062877178192,0.4707979961317413,0.4806062877178192,187500,0.0,0.0
1982-01-18 00:00:00-05:00,0.4806062877178192,0.4806062877178192,0.4740674516042093,0.4806062877178192,93900,0.0,0.0
1982-01-19 00:00:00-05:00,0.4806063460820246,0.4806063460820246,0.4740675091743469,0.4740675091743469,60900,0.0,0.0
1982-01-20 00:00:00-05:00,0.4740675091743469,0.4806063460820246,0.4740675091743469,0.4740675091743469,57000,0.0,0.0
1982-01-21 00:00:00-05:00,0.4740675091743469,0.47733689021251813,0.4707980533048405,0.4740675091743469,64500,0.0,0.0
1982-01-22 00:00:00-05:00,0.4740675091743469,0.47733689021251813,0.4707980533048405,0.4740675091743469,57300,0.0,0.0
1982-01-25 00:00:00-05:00,0.4740675612299631,0.47733694262713305,0.4707981050014496,0.4707981050014496,40200,0.0,0.0
1982-01-26 00:00:00-05:00,0.4707980533048405,0.47733689021251813,0.467528597435334,0.4740675091743469,100200,0.0,0.0
1982-01-27 00:00:00-05:00,0.4740674516042093,0.4806062877178192,0.4740674516042093,0.4806062877178192,220200,0.0,0.0
1982-01-28 00:00:00-05:00,0.48060661315023756,0.4904149113777934,0.48060661315023756,0.48714545369148254,71100,0.0,0.0
1982-01-29 00:00:00-05:00,0.4904148978176415,0.506762036134438,0.4904148978176415,0.5034926533699036,145500,0.0,0.0
1982-02-01 00:00:00-05:00,0.49695345759391785,0.49695345759391785,0.49041462092535726,0.49695345759391785,113100,0.0,0.0
1982-02-02 00:00:00-05:00,0.49695345759391785,0.5002229133438644,0.49041462092535726,0.49695345759391785,105000,0.0,0.0
1982-02-03 00:00:00-05:00,0.49695345759391785,0.503492369093811,0.49368407667530384,0.49695345759391785,131700,0.0,0.0
1982-02-04 00:00:00-05:00,0.4969537519190384,0.5034926672916602,0.4871454536914825,0.48714545369148254,123900,0.0,0.0
1982-02-05 00:00:00-05:00,0.4871451651754107,0.5002229133438644,0.4871451651754107,0.49695345759391785,118200,0.0,0.0
1982-02-08 00:00:00-05:00,0.49695345759391785,0.49695345759391785,0.49368407667530384,0.49695345759391785,82200,0.0,0.0
1982-02-09 00:00:00-05:00,0.49695345759391785,0.49695345759391785,0.49368407667530384,0.49695345759391785,357000,0.0,0.0
1982-02-10 00:00:00-05:00,0.496953583999183,0.503492497162316,0.496953583999183,0.5002230405807495,95100,0.0,0.0
1982-02-11 00:00:00-05:00,0.5002231957739943,0.5034926533699036,0.4969537381780852,0.5034926533699036,267600,0.0,0.0
1982-02-12 00:00:00-05:00,0.503492497162316,0.503492497162316,0.5002230405807495,0.5002230405807495,124800,0.0,0.0
1982-02-16 00:00:00-05:00,0.5002230405807495,0.506761878912531,0.496953583999183,0.5002230405807495,332700,0.0,0.0
1982-02-17 00:00:00-05:00,0.5002231957739943,0.506762036134438,0.5002231957739943,0.5034926533699036,272700,0.0,0.0
1982-02-18 00:00:00-05:00,0.5034924673697843,0.5067618489265442,0.5002230109816772,0.5067618489265442,111000,0.0,0.0
1982-02-19 00:00:00-05:00,0.5067618489265442,0.5133007617027583,0.5067618489265442,0.5067618489265442,173100,0.0,0.0
1982-02-22 00:00:00-05:00,0.5067620043250126,0.5165703016656992,0.5067620043250126,0.5100314617156982,97500,0.0,0.0
1982-02-23 00:00:00-05:00,0.5100313199993877,0.5133007764816284,0.5034924818662555,0.5133007764816284,107100,0.0,0.0
1982-02-24 00:00:00-05:00,0.5133013100383665,0.5263789998983804,0.5100318501576495,0.5231096148490906,1033500,0.0,0.0
1982-02-25 00:00:00-05:00,0.5231096148490906,0.5296484597790975,0.5198401549683735,0.5231096148490906,639900,0.0,0.0
1982-02-26 00:00:00-05:00,0.5231092810403991,0.5263786640034167,0.5165703654516053,0.5198398232460022,436500,0.0,0.0
1982-03-01 00:00:00-05:00,0.5261808162162936,0.5261808162162936,0.5160619543659802,0.5228078365325928,417900,0.203333,0.0
1982-03-02 00:00:00-05:00,0.5228078365325928,0.5295537958999945,0.5194349340496811,0.5228078365325928,136800,0.0,0.0
1982-03-03 00:00:00-05:00,0.522807831343477,0.522807831343477,0.5160619492438205,0.519434928894043,340800,0.0,0.0
1982-03-04 00:00:00-05:00,0.519434833256757,0.519434833256757,0.5126888751983643,0.5126888751983643,319800,0.0,0.0
1982-03-05 00:00:00-05:00,0.5160621175399194,0.529553963339927,0.5160621175399194,0.5261809825897217,503400,0.0,0.0
1982-03-08 00:00:00-05:00,0.5261810909913989,0.539672939570942,0.5261810909913989,0.5329269766807556,1062000,0.0,0.0
1982-03-09 00:00:00-05:00,0.5363001668280284,0.5430460551425598,0.5363001668280284,0.5396731495857239,579300,0.0,0.0
1982-03-10 00:00:00-05:00,0.5396728053206834,0.5430457087258957,0.532926844108638,0.5362998247146606,99900,0.0,0.0
1982-03-11 00:00:00-05:00,0.5362998247146606,0.5396728053206834,0.5362998247146606,0.5362998247146606,503100,0.0,0.0
1982-03-12 00:00:00-05:00,0.5362995925047034,0.5362995925047034,0.5261807322687656,0.5295537114143372,108600,0.0,0.0
1982-03-15 00:00:00-05:00,0.5261809825897217,0.5261809825897217,0.5160621175399194,0.5261809825897217,96300,0.0,0.0
1982-03-16 00:00:00-05:00,0.5261807141143755,0.5295536931435719,0.5126888751983643,0.5126888751983643,111900,0.0,0.0
1982-03-17 00:00:00-05:00,0.5126889746822794,0.5228078365325928,0.5126889746822794,0.5228078365325928,168600,0.0,0.0
1982-03-18 00:00:00-05:00,0.5228080018395164,0.5261809825897217,0.5194350982901247,0.5261809825897217,40200,0.0,0.0
1982-03-19 00:00:00-05:00,0.5261809825897217,0.5329268668893187,0.5228080018395164,0.5261809825897217,134700,0.0,0.0
1982-03-22 00:00:00-05:00,0.5261809600974029,0.5396728053206834,0.5261809600974029,0.5362998247146606,388200,0.0,0.0
1982-03-23 00:00:00-05:00,0.5363001668280284,0.5430460551425598,0.5329271840703328,0.5396731495857239,562500,0.0,0.0
1982-03-24 00:00:00-05:00,0.5396728053206834,0.5396728053206834,0.532926844108638,0.5362998247146606,63300,0.0,0.0
1982-03-25 00:00:00-05:00,0.5362998247146606,0.5396728053206834,0.532926844108638,0.5362998247146606,141300,0.0,0.0
1982-03-26 00:00:00-05:00,0.5362998247146606,0.5396728053206834,0.532926844108638,0.5362998247146606,142200,0.0,0.0
1982-03-29 00:00:00-05:00,0.5362998247146606,0.5396728053206834,0.5295539407034257,0.5362998247146606,776700,0.0,0.0
1982-03-30 00:00:00-05:00,0.5329268668893187,0.5329268668893187,0.5228080018395164,0.5261809825897217,150900,0.0,0.0
1982-03-31 00:00:00-05:00,0.5261808162162936,0.5261808162162936,0.5194349340496811,0.5228078365325928,308100,0.0,0.0
1982-04-01 00:00:00-05:00,0.5228080018395164,0.5261809825897217,0.5194350982901247,0.5261809825897217,170100,0.0,0.0
1982-04-02 00:00:00-05:00,0.5261810909913989,0.5329269766807556,0.5228081095463056,0.5329269766807556,248400,0.0,0.0
1982-04-05 00:00:00-05:00,0.5329268668893187,0.5329268668893187,0.5261809825897217,0.5261809825897217,295200,0.0,0.0
1982-04-06 00:00:00-05:00,0.5261807322687656,0.5329266133591318,0.5261807322687656,0.5295537114143372,369900,0.0,0.0
1982-04-07 00:00:00-05:00,0.532926844108638,0.5396728053206834,0.532926844108638,0.5362998247146606,134700,0.0,0.0
1982-04-08 00:00:00-05:00,0.5363001668280284,0.5430460551425598,0.5363001668280284,0.5396731495857239,223800,0.0,0.0
1982-04-12 00:00:00-05:00,0.5396728419748342,0.5464187264442444,0.5396728419748342,0.5464187264442444,154200,0.0,0.0
1982-04-13 00:00:00-05:00,0.5464186536967434,0.5531645372680397,0.5464186536967434,0.5497916340827942,999300,0.0,0.0
1982-04-14 00:00:00-05:00,0.5497916254985699,0.5565375089645386,0.5497916254985699,0.5565375089645386,252300,0.0,0.0
1982-04-15 00:00:00-05:00,0.5565375221345493,0.5565375221345493,0.5497916385089446,0.553164541721344,418800,0.0,0.0
1982-04-16 00:00:00-05:00,0.553164541721344,0.5599105025477547,0.553164541721344,0.553164541721344,249600,0.0,0.0
1982-04-19 00:00:00-05:00,0.553164541721344,0.5565375221345493,0.553164541721344,0.553164541721344,199200,0.0,0.0
1982-04-20 00:00:00-05:00,0.5531645372680397,0.5565375176540904,0.5464186536967434,0.5497916340827942,582900,0.0,0.0
1982-04-21 00:00:00-05:00,0.5497916385089446,0.5565375221345493,0.5464186580957393,0.553164541721344,193800,0.0,0.0
1982-04-22 00:00:00-05:00,0.5531646923582079,0.5632835591525703,0.5531646923582079,0.5599106550216675,768900,0.0,0.0
1982-04-23 00:00:00-05:00,0.5599104597512496,0.576775206126615,0.5599104597512496,0.5734022259712219,934500,0.0,0.0
1982-04-26 00:00:00-04:00,0.5734022812168795,0.5734022812168795,0.566656397456947,0.5700293779373169,116400,0.0,0.0
1982-04-27 00:00:00-04:00,0.5700293779373169,0.5767752616972496,0.566656397456947,0.5700293779373169,564600,0.0,0.0
1982-04-28 00:00:00-04:00,0.5700290157178642,0.580147873528236,0.5700290157178642,0.5767748951911926,180000,0.0,0.0
1982-04-29 00:00:00-04:00,0.5767752616972496,0.5801482421776196,0.566656397456947,0.5700293779373169,154200,0.0,0.0
1982-04-30 00:00:00-04:00,0.5700294512127227,0.5734023549258609,0.5632834893848115,0.5666564702987671,87000,0.0,0.0
1982-05-03 00:00:00-04:00,0.566656397456947,0.5734022812168795,0.566656397456947,0.5700293779373169,170700,0.0,0.0
1982-05-04 00:00:00-04:00,0.5700293779373169,0.5734022812168795,0.566656397456947,0.5700293779373169,175200,0.0,0.0
1982-05-05 00:00:00-04:00,0.5700290157178642,0.5767748951911926,0.5700290157178642,0.5767748951911926,167400,0.0,0.0
1982-05-06 00:00:00-04:00,0.576775180452361,0.5835210632620645,0.5734022004471109,0.5801481604576111,562800,0.0,0.0
1982-05-07 00:00:00-04:00,0.580148093701241,0.5868939757347107,0.580148093701241,0.5868939757347107,302700,0.0,0.0
1982-05-10 00:00:00-04:00,0.5868938682818051,0.5868938682818051,0.5801479874834216,0.5835208892822266,262500,0.0,0.0
1982-05-11 00:00:00-04:00,0.5835208892822266,0.5868938682818051,0.5835208892822266,0.5835208892822266,681900,0.0,0.0
1982-05-12 00:00:00-04:00,0.583520996117582,0.5902669553518395,0.583520996117582,0.5868939757347107,1050900,0.0,0.0
1982-05-13 00:00:00-04:00,0.583520774664521,0.583520774664521,0.5767748951911926,0.5767748951911926,234300,0.0,0.0
1982-05-14 00:00:00-04:00,0.576775180452361,0.5868940432673146,0.576775180452361,0.5801481604576111,414900,0.0,0.0
1982-05-17 00:00:00-04:00,0.5801479874834216,0.5868938682818051,0.5801479874834216,0.5835208892822266,304800,0.0,0.0
1982-05-18 00:00:00-04:00,0.5835208892822266,0.5868938682818051,0.576775008483843,0.5835208892822266,200100,0.0,0.0
1982-05-19 00:00:00-04:00,0.580148186282008,0.580148186282008,0.5734022259712219,0.5734022259712219,356400,0.0,0.0
1982-05-20 00:00:00-04:00,0.5734019168541492,0.580147873528236,0.5734019168541492,0.5767748951911926,87300,0.0,0.0
1982-05-21 00:00:00-04:00,0.5767748951911926,0.580147873528236,0.5734019168541492,0.5767748951911926,226800,0.0,0.0
1982-05-24 00:00:00-04:00,0.5767748951911926,0.580147873528236,0.5734019168541492,0.5767748951911926,82800,0.0,0.0
1982-05-25 00:00:00-04:00,0.5767752616972496,0.5767752616972496,0.5700293779373169,0.5700293779373169,77400,0.0,0.0
1982-05-26 00:00:00-04:00,0.5700293665865647,0.573402269798964,0.5497916385089446,0.553164541721344,123900,0.0,0.0
1982-05-27 00:00:00-04:00,0.553164541721344,0.5599105025477547,0.553164541721344,0.553164541721344,102000,0.0,0.0
1982-05-28 00:00:00-04:00,0.5535822408329562,0.5535822408329562,0.5466189687690027,0.550100564956665,143100,0.213333,0.0
1982-06-01 00:00:00-04:00,0.5466189776863395,0.5466189776863395,0.5396556258201599,0.5396556258201599,379500,0.0,0.0
1982-06-02 00:00:00-04:00,0.5396555767145034,0.5466189279470567,0.5396555767145034,0.54313725233078,638100,0.0,0.0
1982-06-03 00:00:00-04:00,0.5431374404378786,0.5501007143934296,0.539655763615778,0.5466191172599792,406800,0.0,0.0
1982-06-04 00:00:00-04:00,0.5466189279470567,0.5501005238747106,0.54313725233078,0.54313725233078,138000,0.0,0.0
1982-06-07 00:00:00-04:00,0.54313725233078,0.5466189279470567,0.5396555767145034,0.54313725233078,182100,0.0,0.0
1982-06-08 00:00:00-04:00,0.5431374404378786,0.5501007143934296,0.5431374404378786,0.5466191172599792,54600,0.0,0.0
1982-06-09 00:00:00-04:00,0.5466191172599792,0.5501007143934296,0.5431374404378786,0.5466191172599792,193200,0.0,0.0
1982-06-10 00:00:00-04:00,0.5466191172599792,0.5501007143934296,0.5431374404378786,0.5466191172599792,206100,0.0,0.0
1982-06-11 00:00:00-04:00,0.5466189888629889,0.5605455335028423,0.5326923645345036,0.5570639371871948,318300,0.0,0.0
1982-06-14 00:00:00-04:00,0.5570639371871948,0.5640272095071216,0.5570639371871948,0.5570639371871948,234600,0.0,0.0
1982-06-15 00:00:00-04:00,0.5570639371871948,0.5640272095071216,0.5570639371871948,0.5570639371871948,354300,0.0,0.0
1982-06-16 00:00:00-04:00,0.5570639769955505,0.5675089260661631,0.5535823007424672,0.5640272498130798,390000,0.0,0.0
1982-06-17 00:00:00-04:00,0.5640272599346233,0.5640272599346233,0.5535823106765747,0.5535823106765747,167700,0.0,0.0
1982-06-18 00:00:00-04:00,0.5535822408329562,0.5570639167092472,0.550100564956665,0.550100564956665,114000,0.0,0.0
1982-06-21 00:00:00-04:00,0.5501006343610123,0.5570639869921371,0.5501006343610123,0.5535823106765747,268200,0.0,0.0
1982-06-22 00:00:00-04:00,0.5535823106765747,0.5535823106765747,0.5501006343610123,0.5535823106765747,136200,0.0,0.0
1982-06-23 00:00:00-04:00,0.5535822408329562,0.5535822408329562,0.550100564956665,0.550100564956665,121800,0.0,0.0
1982-06-24 00:00:00-04:00,0.550100564956665,0.5535822408329562,0.550100564956665,0.550100564956665,210300,0.0,0.0
1982-06-25 00:00:00-04:00,0.5501006343610123,0.5535823106765747,0.5501006343610123,0.5535823106765747,82500,0.0,0.0
1982-06-28 00:00:00-04:00,0.5535822408329562,0.5535822408329562,0.5466189687690027,0.550100564956665,386100,0.0,0.0
1982-06-29 00:00:00-04:00,0.5501007143934296,0.5501007143934296,0.5431374404378786,0.5466191172599792,93600,0.0,0.0
1982-06-30 00:00:00-04:00,0.5466189687690027,0.5570639167092472,0.5466189687690027,0.550100564956665,199200,0.0,0.0
1982-07-01 00:00:00-04:00,0.5501007143934296,0.5501007143934296,0.5431374404378786,0.5466191172599792,142800,0.0,0.0
1982-07-02 00:00:00-04:00,0.5466189279470567,0.5535821994909874,0.54313725233078,0.54313725233078,334800,0.0,0.0
1982-07-06 00:00:00-04:00,0.5431374404378786,0.5501007143934296,0.539655763615778,0.5466191172599792,67800,0.0,0.0
1982-07-07 00:00:00-04:00,0.5466189776863395,0.5466189776863395,0.5396556258201599,0.5396556258201599,92100,0.0,0.0
1982-07-08 00:00:00-04:00,0.5396556258201599,0.5431373017532497,0.5326923536426103,0.5396556258201599,509100,0.0,0.0
1982-07-09 00:00:00-04:00,0.5396556851029637,0.5535823106765747,0.5396556851029637,0.5535823106765747,184500,0.0,0.0
1982-07-12 00:00:00-04:00,0.5535822321385796,0.5640271799147791,0.5535822321385796,0.5605455040931702,717600,0.0,0.0
1982-07-13 00:00:00-04:00,0.5570639869921371,0.5570639869921371,0.5501006343610123,0.5535823106765747,641100,0.0,0.0
1982-07-14 00:00:00-04:00,0.5535823106765747,0.5535823106765747,0.5431373614185261,0.5535823106765747,92400,0.0,0.0
1982-07-15 00:00:00-04:00,0.5535823106765747,0.5570639869921371,0.5501006343610123,0.5535823106765747,38700,0.0,0.0
1982-07-16 00:00:00-04:00,0.5535822611829155,0.5605455335028423,0.5501005851786364,0.5570639371871948,287400,0.0,0.0
1982-07-19 00:00:00-04:00,0.5570639769955505,0.5675089260661631,0.5570639769955505,0.5640272498130798,92100,0.0,0.0
1982-07-20 00:00:00-04:00,0.5640273456062589,0.5849172472953796,0.5640273456062589,0.5849172472953796,122700,0.0,0.0
1982-07-21 00:00:00-04:00,0.5849170580843193,0.5918803298319718,0.570990434900389,0.5814353823661804,131100,0.0,0.0
1982-07-22 00:00:00-04:00,0.5814353823661804,0.5849170580843193,0.5744721106185279,0.5814353823661804,759000,0.0,0.0
1982-07-23 00:00:00-04:00,0.5814356426280689,0.5814356426280689,0.5675090928989696,0.5744723677635193,188700,0.0,0.0
1982-07-26 00:00:00-04:00,0.5744721485308946,0.577953824478807,0.5675088763237,0.5675088763237,103500,0.0,0.0
1982-07-27 00:00:00-04:00,0.5640272095071216,0.5640272095071216,0.5501005851786364,0.5570639371871948,532800,0.0,0.0
1982-07-28 00:00:00-04:00,0.5570639869921371,0.5605455836190608,0.5501006343610123,0.5535823106765747,111600,0.0,0.0
1982-07-29 00:00:00-04:00,0.5535822611829155,0.5570639371871948,0.5501005851786364,0.5570639371871948,152400,0.0,0.0
1982-07-30 00:00:00-04:00,0.5570639869921371,0.5570639869921371,0.5466190377340886,0.5535823106765747,284100,0.0,0.0
1982-08-02 00:00:00-04:00,0.5570638995312175,0.5744721189986028,0.5570638995312175,0.5709904432296753,146400,0.0,0.0
1982-08-03 00:00:00-04:00,0.5709904432296753,0.5779537947675304,0.5675088471493739,0.5709904432296753,131100,0.0,0.0
1982-08-04 00:00:00-04:00,0.5709904818270483,0.5709904818270483,0.5501005851786364,0.5570639371871948,169500,0.0,0.0
1982-08-05 00:00:00-04:00,0.5570639371871948,0.5605455335028423,0.5501005851786364,0.5570639371871948,98100,0.0,0.0
1982-08-06 00:00:00-04:00,0.5570639769955505,0.5675089260661631,0.5535823007424672,0.5640272498130798,148800,0.0,0.0
1982-08-09 00:00:00-04:00,0.5640272599346233,0.5640272599346233,0.5535823106765747,0.5535823106765747,412200,0.0,0.0
1982-08-10 00:00:00-04:00,0.5535822321385796,0.5605455040931702,0.5535822321385796,0.5605455040931702,146400,0.0,0.0
1982-08-11 00:00:00-04:00,0.5605455735599965,0.5640272498130798,0.5535823007424672,0.5640272498130798,119100,0.0,0.0
1982-08-12 00:00:00-04:00,0.5640272003757875,0.5709904725829821,0.5605455244278749,0.5675088763237,182700,0.0,0.0
1982-08-13 00:00:00-04:00,0.5675090224506626,0.5918805212955363,0.5675090224506626,0.5849172472953796,151200,0.0,0.0
1982-08-16 00:00:00-04:00,0.5849170015569319,0.5953619480133057,0.5849170015569319,0.5953619480133057,227400,0.0,0.0
1982-08-17 00:00:00-04:00,0.5988437733482922,0.6162519952384774,0.5988437733482922,0.6127703189849854,954300,0.0,0.0
1982-08-18 00:00:00-04:00,0.6197336714192261,0.6406235695604512,0.6197336714192261,0.6266969442367554,945600,0.0,0.0
1982-08-19 00:00:00-04:00,0.626696814444209,0.626696814444209,0.6127701920047974,0.6232151389122009,510000,0.0,0.0
1982-08-20 00:00:00-04:00,0.6266971015069607,0.6336603760719299,0.6266971015069607,0.6336603760719299,478800,0.0,0.0
1982-08-23 00:00:00-04:00,0.6336599811560875,0.6475866012951975,0.6301783858877656,0.6406233310699463,998700,0.0,0.0
1982-08-24 00:00:00-04:00,0.6406233310699463,0.6441049263382681,0.6336599811560875,0.6406233310699463,372900,0.0,0.0
1982-08-25 00:00:00-04:00,0.6406237303255566,0.6406237303255566,0.6301787786337739,0.6336603760719299,2077500,0.0,0.0
1982-08-26 00:00:00-04:00,0.6336602170542847,0.6406235695604512,0.623215267983672,0.6266969442367554,1340700,0.0,0.0
1982-08-27 00:00:00-04:00,0.626696814444209,0.6301784899762172,0.6197335430688137,0.6232151389122009,375900,0.0,0.0
1982-08-30 00:00:00-04:00,0.623215267983672,0.6266969442367554,0.6162519951661427,0.6266969442367554,282600,0.0,0.0
1982-08-31 00:00:00-04:00,0.6342938856546649,0.6342938856546649,0.6199595332145691,0.6199595332145691,512400,0.213333,0.0
1982-09-01 00:00:00-04:00,0.6199598475056523,0.6235434579378181,0.605625569820404,0.605625569820404,572400,0.0,0.0
1982-09-02 00:00:00-04:00,0.6056252966977809,0.612792432308197,0.6020416878817374,0.612792432308197,150600,0.0,0.0
1982-09-03 00:00:00-04:00,0.6163762437875256,0.6307105197214394,0.6163762437875256,0.6271269917488098,613800,0.0,0.0
1982-09-07 00:00:00-04:00,0.6271266919489272,0.634293826489613,0.619959475386583,0.6235430836677551,196200,0.0,0.0
1982-09-08 00:00:00-04:00,0.6235430573954446,0.6271266655256252,0.6127923150265576,0.6163759231567383,277500,0.0,0.0
1982-09-09 00:00:00-04:00,0.6163760411242405,0.6199595679186132,0.6056252966977809,0.612792432308197,138000,0.0,0.0
1982-09-10 00:00:00-04:00,0.6127927086630282,0.6199598475056523,0.6020419593882381,0.605625569820404,580200,0.0,0.0
1982-09-13 00:00:00-04:00,0.6056251807878513,0.6199594492652639,0.6056251807878513,0.6163759231567383,338100,0.0,0.0
1982-09-14 00:00:00-04:00,0.6163759491270694,0.6271266919489272,0.6163759491270694,0.6235430836677551,101700,0.0,0.0
1982-09-15 00:00:00-04:00,0.6235433817544825,0.6271269917488098,0.6163762437875256,0.6271269917488098,171300,0.0,0.0
1982-09-16 00:00:00-04:00,0.6271266919489272,0.6307102182084409,0.6163759491270694,0.6235430836677551,140700,0.0,0.0
1982-09-17 00:00:00-04:00,0.62354335848498,0.62354335848498,0.6056254732254017,0.6092090010643005,151800,0.0,0.0
1982-09-20 00:00:00-04:00,0.6092088234921536,0.612792432308197,0.6056252966977809,0.612792432308197,87900,0.0,0.0
1982-09-21 00:00:00-04:00,0.6127928872804377,0.630710780620575,0.6127928872804377,0.630710780620575,720000,0.0,0.0
1982-09-22 00:00:00-04:00,0.6342941739316625,0.6486285328865051,0.6342941739316625,0.6486285328865051,705600,0.0,0.0
1982-09-23 00:00:00-04:00,0.6414610743522644,0.6414610743522644,0.6342939385454163,0.6414610743522644,296700,0.0,0.0
1982-09-24 00:00:00-04:00,0.6378777623815225,0.6378777623815225,0.6271270140381356,0.6342941522598267,663000,0.0,0.0
1982-09-27 00:00:00-04:00,0.6342943920972951,0.6378780035740153,0.6271272511655865,0.630710780620575,179100,0.0,0.0
1982-09-28 00:00:00-04:00,0.6307102182084409,0.634293826489613,0.6235430836677551,0.6235430836677551,320400,0.0,0.0
1982-09-29 00:00:00-04:00,0.6199597486243864,0.6199597486243864,0.6092090010643005,0.6092090010643005,182100,0.0,0.0
1982-09-30 00:00:00-04:00,0.6092090010643005,0.6163762207854876,0.6092090010643005,0.6092090010643005,280500,0.0,0.0
1982-10-01 00:00:00-04:00,0.6092087893899137,0.6235431418300096,0.6056252627961394,0.6199595332145691,137400,0.0,0.0
1982-10-04 00:00:00-04:00,0.6199597717601553,0.6271269917488098,0.6127926337931984,0.6271269917488098,267900,0.0,0.0
1982-10-05 00:00:00-04:00,0.6271269917488098,0.6378777397100941,0.6271269917488098,0.6271269917488098,147000,0.0,0.0
1982-10-06 00:00:00-04:00,0.6271270140381356,0.6378777623815225,0.6271270140381356,0.6342941522598267,357300,0.0,0.0
1982-10-07 00:00:00-04:00,0.6342939982811611,0.6522118804965658,0.6342939982811611,0.64504474401474,270000,0.0,0.0
1982-10-08 00:00:00-04:00,0.6450447915585406,0.6808806406523551,0.6450447915585406,0.6629626750946045,1151100,0.0,0.0
1982-10-11 00:00:00-04:00,0.6665465831756592,0.6808809456382909,0.6665465831756592,0.6665465831756592,720300,0.0,0.0
1982-10-12 00:00:00-04:00,0.6665462846104919,0.6737134216205801,0.6593791476004037,0.6629626750946045,893700,0.0,0.0
1982-10-13 00:00:00-04:00,0.6629626750946045,0.6701298941263795,0.6522119285686288,0.6629626750946045,482100,0.0,0.0
1982-10-14 00:00:00-04:00,0.6629624722251097,0.6701296890636841,0.645044594171997,0.6593789458274841,1414200,0.0,0.0
1982-10-15 00:00:00-04:00,0.6593790990000723,0.6593790990000723,0.64504474401474,0.64504474401474,157200,0.0,0.0
1982-10-18 00:00:00-04:00,0.6450450035784796,0.6557957536381209,0.6414613928846946,0.6522121429443359,510600,0.0,0.0
1982-10-19 00:00:00-04:00,0.6522117289889098,0.6593789458274841,0.6307102425165099,0.6593789458274841,321300,0.0,0.0
1982-10-20 00:00:00-04:00,0.6593793643319059,0.6593793643319059,0.6414613928846946,0.6522121429443359,304800,0.0,0.0
1982-10-21 00:00:00-04:00,0.6522119051961215,0.6593791239710538,0.6522119051961215,0.6557955145835876,414600,0.0,0.0
1982-10-22 00:00:00-04:00,0.6557955145835876,0.6593791239710538,0.6486283778303392,0.6557955145835876,299100,0.0,0.0
1982-10-25 00:00:00-04:00,0.6557955145835876,0.6557955145835876,0.6486283778303392,0.6557955145835876,216900,0.0,0.0
1982-10-26 00:00:00-04:00,0.6486283532664933,0.6486283532664933,0.6414611347629868,0.64504474401474,184500,0.0,0.0
1982-10-27 00:00:00-04:00,0.64504474401474,0.6701298447336512,0.6414611347629868,0.64504474401474,117000,0.0,0.0
1982-10-28 00:00:00-04:00,0.645044683266525,0.6486282921807855,0.6414610743522644,0.6414610743522644,287100,0.0,0.0
1982-10-29 00:00:00-04:00,0.6414611347629868,0.6486283532664933,0.6378776075329142,0.64504474401474,764700,0.0,0.0
1982-11-01 00:00:00-05:00,0.6450449226423687,0.6486285328865051,0.637877784175799,0.6486285328865051,455100,0.0,0.0
1982-11-02 00:00:00-05:00,0.6486285328865051,0.6522120611089383,0.6450449226423687,0.6486285328865051,525600,0.0,0.0
1982-11-03 00:00:00-05:00,0.6486282025912842,0.6629624722251097,0.645044594171997,0.6593789458274841,1353600,0.0,0.0
1982-11-04 00:00:00-05:00,0.6593790369018944,0.6701297816230031,0.6378775474596768,0.6414610743522644,1356900,0.0,0.0
1982-11-05 00:00:00-05:00,0.6414613928846946,0.6522121429443359,0.6414613928846946,0.6522121429443359,259800,0.0,0.0
1982-11-08 00:00:00-05:00,0.6522118804965658,0.655795489748319,0.6414611347629868,0.64504474401474,996600,0.0,0.0
1982-11-09 00:00:00-05:00,0.6450449226423687,0.6522120611089383,0.6414613123982321,0.6486285328865051,339900,0.0,0.0
1982-11-10 00:00:00-05:00,0.6486285328865051,0.6629628098196444,0.637877784175799,0.6486285328865051,1298100,0.0,0.0
1982-11-11 00:00:00-05:00,0.6486285328865051,0.6486285328865051,0.6414613123982321,0.6486285328865051,165000,0.0,0.0
1982-11-12 00:00:00-05:00,0.6486286142722646,0.6557957536381209,0.6450450035784796,0.6522121429443359,753900,0.0,0.0
1982-11-15 00:00:00-05:00,0.6522119051961215,0.6593791239710538,0.6450447684428731,0.6557955145835876,361800,0.0,0.0
1982-11-16 00:00:00-05:00,0.6557957536381209,0.6557957536381209,0.6414613928846946,0.6522121429443359,781800,0.0,0.0
1982-11-17 00:00:00-05:00,0.6522117289889098,0.6593789458274841,0.6522117289889098,0.6593789458274841,561900,0.0,0.0
1982-11-18 00:00:00-05:00,0.6593793643319059,0.6593793643319059,0.6450450035784796,0.6522121429443359,489000,0.0,0.0
1982-11-19 00:00:00-05:00,0.6522119051961215,0.6557955145835876,0.6486283778303392,0.6557955145835876,421500,0.0,0.0
1982-11-22 00:00:00-05:00,0.6557957536381209,0.6593793643319059,0.6450450035784796,0.6522121429443359,188100,0.0,0.0
1982-11-23 00:00:00-05:00,0.6522118190733732,0.6593790369018944,0.6378775474596768,0.6414610743522644,588300,0.0,0.0
1982-11-24 00:00:00-05:00,0.6414612904815177,0.6450449006032135,0.6342941522598267,0.6342941522598267,392400,0.0,0.0
1982-11-26 00:00:00-05:00,0.6342941297157667,0.6378777397100941,0.6235433817544825,0.6271269917488098,700500,0.0,0.0
1982-11-29 00:00:00-05:00,0.6271272511655865,0.630710780620575,0.6235436396888664,0.630710780620575,434700,0.0,0.0
1982-11-30 00:00:00-05:00,0.6307102182084409,0.6307102182084409,0.619959475386583,0.6235430836677551,545100,0.0,0.0
1982-12-01 00:00:00-05:00,0.627678632736206,0.627678632736206,0.6129097794067567,0.627678632736206,449400,0.213333,0.0
1982-12-02 00:00:00-05:00,0.627678632736206,0.6350631439093096,0.6239864616580332,0.627678632736206,327300,0.0,0.0
1982-12-03 00:00:00-05:00,0.6276786657575978,0.6498320314256116,0.6276786657575978,0.6461398601531982,255600,0.0,0.0
1982-12-06 00:00:00-05:00,0.6461398601531982,0.6572165429872052,0.6424476043724014,0.6461398601531982,632100,0.0,0.0
1982-12-07 00:00:00-05:00,0.6461401354468929,0.6498323082923889,0.6387556207390618,0.6498323082923889,1702200,0.0,0.0
1982-12-08 00:00:00-05:00,0.6498323082923889,0.6535245656463045,0.6424478780929773,0.6498323082923889,924300,0.0,0.0
1982-12-09 00:00:00-05:00,0.6498323082923889,0.6498323082923889,0.6424478780929773,0.6498323082923889,203100,0.0,0.0
1982-12-10 00:00:00-05:00,0.6498323082923889,0.6498323082923889,0.6424478780929773,0.6498323082923889,814500,0.0,0.0
1982-12-13 00:00:00-05:00,0.6498317162767041,0.6498317162767041,0.6387550388145538,0.642447292804718,123300,0.0,0.0
1982-12-14 00:00:00-05:00,0.6461401354468929,0.6609089958457162,0.6461401354468929,0.6498323082923889,555000,0.0,0.0
1982-12-15 00:00:00-05:00,0.6498323082923889,0.6535245656463045,0.6387556207390618,0.6498323082923889,284400,0.0,0.0
1982-12-16 00:00:00-05:00,0.6498323082923889,0.6498323082923889,0.6387556207390618,0.6498323082923889,333300,0.0,0.0
1982-12-17 00:00:00-05:00,0.6498323082923889,0.65721682300022,0.6424478780929773,0.6498323082923889,151200,0.0,0.0
1982-12-20 00:00:00-05:00,0.6498317162767041,0.6646006477290187,0.6387550388145538,0.642447292804718,197100,0.0,0.0
1982-12-21 00:00:00-05:00,0.6424472773809831,0.6424472773809831,0.6350628540862807,0.6387550234794617,995100,0.0,0.0
1982-12-22 00:00:00-05:00,0.6387553485916047,0.6572165429872052,0.6387553485916047,0.6461398601531982,1797900,0.0,0.0
1982-12-23 00:00:00-05:00,0.6461399868824309,0.6682933568954468,0.6461399868824309,0.6682933568954468,143400,0.0,0.0
1982-12-27 00:00:00-05:00,0.6682929942147685,0.6793696732099948,0.664600739713575,0.6756774187088013,147300,0.0,0.0
1982-12-28 00:00:00-05:00,0.6756777633961589,0.6867544480419976,0.6719855070114136,0.6719855070114136,456600,0.0,0.0
1982-12-29 00:00:00-05:00,0.6719850020002485,0.6793695092201233,0.6719850020002485,0.6793695092201233,259800,0.0,0.0
1982-12-30 00:00:00-05:00,0.6793695092201233,0.6793695092201233,0.6756772556101859,0.6793695092201233,309300,0.0,0.0
1982-12-31 00:00:00-05:00,0.6793699776948664,0.6867544054985046,0.6793699776948664,0.6867544054985046,141300,0.0,0.0
1983-01-03 00:00:00-05:00,0.6867539319316643,0.6867539319316643,0.6793695092201233,0.6793695092201233,189000,0.0,0.0
1983-01-04 00:00:00-05:00,0.6830621623708822,0.690446674823761,0.6830621623708822,0.690446674823761,200700,0.0,0.0
1983-01-05 00:00:00-05:00,0.6904466664104802,0.6978310942649841,0.6904466664104802,0.6978310942649841,253200,0.0,0.0
1983-01-06 00:00:00-05:00,0.697830901286182,0.697830901286182,0.6867542203133855,0.6941386461257935,356700,0.0,0.0
1983-01-07 00:00:00-05:00,0.6941386461257935,0.7015231564465706,0.690446475473774,0.6941386461257935,338100,0.0,0.0
1983-01-10 00:00:00-05:00,0.6941388380835358,0.7015233504464323,0.6904466664104802,0.6978310942649841,174600,0.0,0.0
1983-01-11 00:00:00-05:00,0.697831144920315,0.70890782976032,0.697831144920315,0.705215573310852,270000,0.0,0.0
1983-01-12 00:00:00-05:00,0.7052152303543693,0.7125997396621102,0.7052152303543693,0.7089074850082397,158400,0.0,0.0
1983-01-13 00:00:00-05:00,0.7089075386954844,0.7199842189876013,0.7089075386954844,0.7162919640541077,172500,0.0,0.0
1983-01-14 00:00:00-05:00,0.7125998661964142,0.7125998661964142,0.6941386741573189,0.7015231847763062,610500,0.0,0.0
1983-01-17 00:00:00-05:00,0.7015231564465706,0.7015231564465706,0.690446475473774,0.6941386461257935,132000,0.0,0.0
1983-01-18 00:00:00-05:00,0.6941386461257935,0.697830901286182,0.6867542203133855,0.6941386461257935,301200,0.0,0.0
1983-01-19 00:00:00-05:00,0.694138888470847,0.70890782976032,0.694138888470847,0.705215573310852,480600,0.0,0.0
1983-01-20 00:00:00-05:00,0.705215522119488,0.7089077783009362,0.6941388380835358,0.6978310942649841,246600,0.0,0.0
1983-01-21 00:00:00-05:00,0.6978311027682461,0.6978311027682461,0.6867544185973216,0.690446674823761,485700,0.0,0.0
1983-01-24 00:00:00-05:00,0.6904461855416018,0.6941383546432054,0.6793695092201233,0.6793695092201233,240900,0.0,0.0
1983-01-25 00:00:00-05:00,0.6793697867494219,0.6867542124775742,0.6756775316311617,0.683061957359314,607800,0.0,0.0
1983-01-26 00:00:00-05:00,0.6867544102290319,0.6978310942649841,0.6867544102290319,0.6978310942649841,267300,0.0,0.0
1983-01-27 00:00:00-05:00,0.6978309294668126,0.7015231847763062,0.6941386741573189,0.7015231847763062,88800,0.0,0.0
1983-01-28 00:00:00-05:00,0.7015231564465706,0.7052153270985899,0.690446475473774,0.6941386461257935,142800,0.0,0.0
1983-01-31 00:00:00-05:00,0.6941386461257935,0.697830901286182,0.6867542203133855,0.6941386461257935,310800,0.0,0.0
1983-02-01 00:00:00-05:00,0.6941386461257935,0.697830901286182,0.6867542203133855,0.6941386461257935,521700,0.0,0.0
1983-02-02 00:00:00-05:00,0.6941388380835358,0.6978310942649841,0.6867544102290319,0.6978310942649841,242400,0.0,0.0
1983-02-03 00:00:00-05:00,0.697830901286182,0.7015231564465706,0.6941386461257935,0.6941386461257935,90900,0.0,0.0
1983-02-04 00:00:00-05:00,0.694138888470847,0.705215573310852,0.694138888470847,0.705215573310852,210300,0.0,0.0
1983-02-07 00:00:00-05:00,0.7052152303543693,0.7125997396621102,0.7015230602088565,0.7089074850082397,236700,0.0,0.0
1983-02-08 00:00:00-05:00,0.70890782976032,0.7126000862097879,0.705215573310852,0.705215573310852,115200,0.0,0.0
1983-02-09 00:00:00-05:00,0.7052153555774271,0.7125998661964142,0.7015231847763062,0.7015231847763062,460200,0.0,0.0
1983-02-10 00:00:00-05:00,0.7015230602088565,0.7125997396621102,0.7015230602088565,0.7089074850082397,137700,0.0,0.0
1983-02-11 00:00:00-05:00,0.7089074403077974,0.7125996947288513,0.7089074403077974,0.7125996947288513,137400,0.0,0.0
1983-02-14 00:00:00-05:00,0.7125996947288513,0.7125996947288513,0.7052151858867435,0.7125996947288513,472800,0.0,0.0
1983-02-15 00:00:00-05:00,0.7125999258597683,0.7199843525886536,0.7089076702411358,0.7199843525886536,186000,0.0,0.0
1983-02-16 00:00:00-05:00,0.7199843525886536,0.723676608207286,0.7125999258597683,0.7199843525886536,339300,0.0,0.0
1983-02-17 00:00:00-05:00,0.7199842189876013,0.7199842189876013,0.7052152837619907,0.7162919640541077,150000,0.0,0.0
1983-02-18 00:00:00-05:00,0.716291909807623,0.7199841644614935,0.7089074850082397,0.7089074850082397,114600,0.0,0.0
1983-02-22 00:00:00-05:00,0.7089075386954844,0.7199842189876013,0.7089075386954844,0.7162919640541077,731100,0.0,0.0
1983-02-23 00:00:00-05:00,0.7162919640541077,0.7162919640541077,0.7089075386954844,0.7162919640541077,684900,0.0,0.0
1983-02-24 00:00:00-05:00,0.7162919640541077,0.723676473921095,0.7125997936289781,0.7162919640541077,330600,0.0,0.0
1983-02-25 00:00:00-05:00,0.7162918646415528,0.7236763734836607,0.7052151858867435,0.7125996947288513,343500,0.0,0.0
1983-02-28 00:00:00-05:00,0.7168474101501793,0.7168474101501793,0.7054688798303352,0.7130545377731323,273600,0.213333,0.0
1983-03-01 00:00:00-05:00,0.7130546716272083,0.7130546716272083,0.6978833528936658,0.705469012260437,1080600,0.0,0.0
1983-03-02 00:00:00-05:00,0.705469012260437,0.7206404178052928,0.7016761391713947,0.705469012260437,1199400,0.0,0.0
1983-03-03 00:00:00-05:00,0.7054692245590939,0.724433422088623,0.7054692245590939,0.724433422088623,467700,0.0,0.0
1983-03-04 00:00:00-05:00,0.7244334963856736,0.7358120334326284,0.7206407085775874,0.7320192456245422,747000,0.0,0.0
1983-03-07 00:00:00-05:00,0.7320192981551656,0.7358120862354269,0.724433548371934,0.7282264232635498,172800,0.0,0.0
1983-03-08 00:00:00-05:00,0.7282263740660653,0.7471905736202529,0.713054962335906,0.716847836971283,279300,0.0,0.0
1983-03-09 00:00:00-05:00,0.716847836971283,0.72064071160666,0.7054692998765008,0.716847836971283,1389300,0.0,0.0
1983-03-10 00:00:00-05:00,0.7168475447162505,0.7206404178052928,0.705469012260437,0.705469012260437,132300,0.0,0.0
1983-03-11 00:00:00-05:00,0.705469012260437,0.7130546716272083,0.6978833528936658,0.705469012260437,546300,0.0,0.0
1983-03-14 00:00:00-05:00,0.705469139661365,0.7130548003980335,0.7016762658873663,0.7092620134353638,135300,0.0,0.0
1983-03-15 00:00:00-05:00,0.7092617522073822,0.7206402825272263,0.7054688798303352,0.7130545377731323,273000,0.0,0.0
1983-03-16 00:00:00-05:00,0.705469012260437,0.705469012260437,0.6978833528936658,0.705469012260437,483000,0.0,0.0
1983-03-17 00:00:00-05:00,0.7016762737529274,0.7016762737529274,0.6865049521095249,0.6978834867477417,1090500,0.0,0.0
1983-03-18 00:00:00-05:00,0.6978832847825892,0.7054689434090256,0.6902975393448482,0.701676070690155,396300,0.0,0.0
1983-03-21 00:00:00-05:00,0.701676070690155,0.701676070690155,0.6940904120637187,0.701676070690155,377400,0.0,0.0
1983-03-22 00:00:00-05:00,0.7016761391713947,0.7092618853494793,0.6978833528936658,0.705469012260437,349800,0.0,0.0
1983-03-23 00:00:00-05:00,0.7054688798303352,0.7168474101501793,0.7054688798303352,0.7130545377731323,210000,0.0,0.0
1983-03-24 00:00:00-05:00,0.7130545377731323,0.7168474101501793,0.7092617522073822,0.7130545377731323,248100,0.0,0.0
1983-03-25 00:00:00-05:00,0.7130546716272083,0.7168475447162505,0.705469012260437,0.705469012260437,212700,0.0,0.0
1983-03-28 00:00:00-05:00,0.7054693210320394,0.7054693210320394,0.6940907835960388,0.6940907835960388,251400,0.0,0.0
1983-03-29 00:00:00-05:00,0.6940910160684487,0.6940910160684487,0.686505350840893,0.6902981400489807,394500,0.0,0.0
1983-03-30 00:00:00-05:00,0.690297919714726,0.690297919714726,0.6827122569084167,0.6827122569084167,816900,0.0,0.0
1983-03-31 00:00:00-05:00,0.6827124894621648,0.6902981548523947,0.6789196133613586,0.6789196133613586,1103700,0.0,0.0
1983-04-04 00:00:00-05:00,0.6789196133613586,0.6902981548523947,0.6751268240719348,0.6789196133613586,152400,0.0,0.0
1983-04-05 00:00:00-05:00,0.6789192712852609,0.6865050196647644,0.6789192712852609,0.6865050196647644,378300,0.0,0.0
1983-04-06 00:00:00-05:00,0.6865051317172477,0.690297919714726,0.6751265941021074,0.6827122569084167,378300,0.0,0.0
1983-04-07 00:00:00-05:00,0.6827122569084167,0.6827122569084167,0.6751265941021074,0.6827122569084167,264000,0.0,0.0
1983-04-08 00:00:00-05:00,0.6827124748214249,0.7168480985624962,0.678919598801957,0.6902981400489807,745500,0.0,0.0
1983-04-11 00:00:00-05:00,0.6902977391147106,0.7016762737529274,0.6865049521095249,0.6978834867477417,340800,0.0,0.0
1983-04-12 00:00:00-05:00,0.6978833528936658,0.705469012260437,0.6978833528936658,0.705469012260437,154200,0.0,0.0
1983-04-13 00:00:00-05:00,0.705469147569443,0.7130548083911442,0.6978834867477417,0.6978834867477417,253500,0.0,0.0
1983-04-14 00:00:00-05:00,0.6978834867477417,0.705469147569443,0.6902977391147106,0.6978834867477417,281100,0.0,0.0
1983-04-15 00:00:00-05:00,0.6978834867477417,0.705469147569443,0.6978834867477417,0.6978834867477417,170700,0.0,0.0
1983-04-18 00:00:00-05:00,0.6978836583451561,0.7054693210320394,0.6902979088469214,0.6940907835960388,1026300,0.0,0.0
1983-04-19 00:00:00-05:00,0.6940906051506979,0.7092620134353638,0.6940906051506979,0.7092620134353638,214500,0.0,0.0
1983-04-20 00:00:00-05:00,0.7092621745118777,0.716847836971283,0.7054692998765008,0.716847836971283,338100,0.0,0.0
1983-04-21 00:00:00-05:00,0.7168475447162505,0.7168475447162505,0.7016761391713947,0.705469012260437,1421100,0.0,0.0
1983-04-22 00:00:00-05:00,0.7054689434090256,0.7092618161278961,0.701676070690155,0.701676070690155,184500,0.0,0.0
1983-04-25 00:00:00-04:00,0.7016761391713947,0.7092618853494793,0.6978833528936658,0.705469012260437,1249800,0.0,0.0
1983-04-26 00:00:00-04:00,0.701676070690155,0.701676070690155,0.6940904120637187,0.701676070690155,286500,0.0,0.0
1983-04-27 00:00:00-04:00,0.7016762658873663,0.7092620134353638,0.7016762658873663,0.7092620134353638,1447500,0.0,0.0
1983-04-28 00:00:00-04:00,0.7092621745118777,0.7244334994306882,0.7054692998765008,0.716847836971283,937200,0.0,0.0
1983-04-29 00:00:00-04:00,0.716847836971283,0.7244334994306882,0.713054962335906,0.716847836971283,369000,0.0,0.0
1983-05-02 00:00:00-04:00,0.7168476663901614,0.7244333270444824,0.7168476663901614,0.7206405401229858,255900,0.0,0.0
1983-05-03 00:00:00-04:00,0.7206407602916727,0.7282264232635498,0.6940908096730709,0.7282264232635498,1274100,0.0,0.0
1983-05-04 00:00:00-04:00,0.7282264232635498,0.7320192981551656,0.7206407602916727,0.7282264232635498,1311900,0.0,0.0
1983-05-05 00:00:00-04:00,0.7282263710051079,0.7358120334326284,0.7244334963856736,0.7320192456245422,1179600,0.0,0.0
1983-05-06 00:00:00-04:00,0.7320192456245422,0.7358120334326284,0.7282263710051079,0.7320192456245422,210600,0.0,0.0
1983-05-09 00:00:00-04:00,0.7320192981551656,0.7320192981551656,0.7168478854000568,0.7282264232635498,1150800,0.0,0.0
1983-05-10 00:00:00-04:00,0.7282262963190647,0.7282262963190647,0.7206406346695209,0.724433422088623,381900,0.0,0.0
1983-05-11 00:00:00-04:00,0.724433548371934,0.7358120862354269,0.724433548371934,0.7282264232635498,1197300,0.0,0.0
1983-05-12 00:00:00-04:00,0.7282264232635498,0.7358120862354269,0.7282264232635498,0.7282264232635498,198900,0.0,0.0
1983-05-13 00:00:00-04:00,0.7282263710051079,0.7358120334326284,0.7282263710051079,0.7320192456245422,440700,0.0,0.0
1983-05-16 00:00:00-04:00,0.7320192456245422,0.7358120334326284,0.7244334963856736,0.7320192456245422,347100,0.0,0.0
1983-05-17 00:00:00-04:00,0.7320187463226624,0.73960440357609,0.7320187463226624,0.7358115315437317,185700,0.0,0.0
1983-05-18 00:00:00-04:00,0.7358120231790038,0.7509834346339777,0.7358120231790038,0.7433977723121643,712500,0.0,0.0
1983-05-19 00:00:00-04:00,0.7433975252339154,0.7471903117285645,0.7358117786219807,0.739604651927948,590100,0.0,0.0
1983-05-20 00:00:00-04:00,0.739604651927948,0.7433975252339154,0.7320189921273316,0.739604651927948,124500,0.0,0.0
1983-05-23 00:00:00-04:00,0.739604651927948,0.7433975252339154,0.7320189921273316,0.739604651927948,506400,0.0,0.0
1983-05-24 00:00:00-04:00,0.739605115218596,0.7509836554527283,0.735812239536761,0.7509836554527283,1256400,0.0,0.0
1983-05-25 00:00:00-04:00,0.7509836554527283,0.7509836554527283,0.739605115218596,0.7509836554527283,1104600,0.0,0.0
1983-05-26 00:00:00-04:00,0.750982932861876,0.750982932861876,0.7358115315437317,0.7358115315437317,562500,0.0,0.0
1983-05-27 00:00:00-04:00,0.7358120231790038,0.7433977723121643,0.7054692870804034,0.7433977723121643,310800,0.0,0.0
1983-05-31 00:00:00-04:00,0.7405910544545977,0.7405910544545977,0.7211017574856285,0.7288975119590759,471300,0.22,0.0
1983-06-01 00:00:00-04:00,0.7288975119590759,0.7327952999811504,0.7288975119590759,0.7288975119590759,516000,0.0,0.0
1983-06-02 00:00:00-04:00,0.7288975119590759,0.7678759274677158,0.7288975119590759,0.7288975119590759,752700,0.0,0.0
1983-06-03 00:00:00-04:00,0.7288983825714562,0.7327961752491406,0.7211026187865759,0.7250005006790161,144300,0.0,0.0
1983-06-06 00:00:00-04:00,0.7250004835750545,0.7250004835750545,0.7172048091888428,0.7172048091888428,746400,0.0,0.0
1983-06-07 00:00:00-04:00,0.7172045807938376,0.7211023721383085,0.7016131477717786,0.7094088196754456,669000,0.0,0.0
1983-06-08 00:00:00-04:00,0.709408585172437,0.713306464443145,0.7016129158457165,0.7055107951164246,701100,0.0,0.0
1983-06-09 00:00:00-04:00,0.7055104692135956,0.7094082574690674,0.6938169260178711,0.7016125917434692,881400,0.0,0.0
1983-06-10 00:00:00-04:00,0.701613282959721,0.705511164269967,0.6977154016494751,0.6977154016494751,130800,0.0,0.0
1983-06-13 00:00:00-04:00,0.6977150365750083,0.7055107951164246,0.693817246518996,0.7055107951164246,237600,0.0,0.0
1983-06-14 00:00:00-04:00,0.7055104692135956,0.7094082574690674,0.697714714273343,0.7016125917434692,455700,0.0,0.0
1983-06-15 00:00:00-04:00,0.7016129158457165,0.7055107951164246,0.693817246518996,0.7055107951164246,438300,0.0,0.0
1983-06-16 00:00:00-04:00,0.7055107951164246,0.7055107951164246,0.6977150365750083,0.7055107951164246,213900,0.0,0.0
1983-06-17 00:00:00-04:00,0.7055109884977425,0.7055109884977425,0.6938174366950989,0.6938174366950989,871500,0.0,0.0
1983-06-20 00:00:00-04:00,0.6938172052595248,0.7016128741226575,0.6821236573574805,0.6860214471817017,544200,0.0,0.0
1983-06-21 00:00:00-04:00,0.6860216760168563,0.6938174366950989,0.6860216760168563,0.6938174366950989,915900,0.0,0.0
1983-06-22 00:00:00-04:00,0.6938174366950989,0.6977152278195,0.6899195563559776,0.6938174366950989,876600,0.0,0.0
1983-06-23 00:00:00-04:00,0.6938172916603913,0.6977150819700031,0.6860215326117645,0.6899194121360779,341100,0.0,0.0
1983-06-24 00:00:00-04:00,0.6899192425711401,0.6899192425711401,0.6743278175205715,0.6782256960868835,1582800,0.0,0.0
1983-06-27 00:00:00-04:00,0.6782256960868835,0.686021364004828,0.6782256960868835,0.6782256960868835,260700,0.0,0.0
1983-06-28 00:00:00-04:00,0.6782257783185689,0.6899193262206132,0.6782257783185689,0.6860214471817017,149700,0.0,0.0
1983-06-29 00:00:00-04:00,0.6860214471817017,0.6860214471817017,0.6782257783185689,0.6860214471817017,222900,0.0,0.0
1983-06-30 00:00:00-04:00,0.6860214471817017,0.6938172052595248,0.6743278992796574,0.6860214471817017,1327800,0.0,0.0
1983-07-01 00:00:00-04:00,0.6860211710776184,0.7016125917434692,0.6626340846861695,0.7016125917434692,1169400,0.0,0.0
1983-07-05 00:00:00-04:00,0.6977154016494751,0.6977154016494751,0.6899197282437256,0.6977154016494751,477600,0.0,0.0
1983-07-06 00:00:00-04:00,0.6977154016494751,0.701613282959721,0.6899197282437256,0.6977154016494751,265800,0.0,0.0
1983-07-07 00:00:00-04:00,0.6977152278195,0.6977152278195,0.6899195563559776,0.6938174366950989,580800,0.0,0.0
1983-07-08 00:00:00-04:00,0.6938172916603913,0.6977150819700031,0.6860215326117645,0.6899194121360779,183900,0.0,0.0
1983-07-11 00:00:00-04:00,0.6977152672125825,0.7172045807938376,0.6977152672125825,0.7094088196754456,378000,0.0,0.0
1983-07-12 00:00:00-04:00,0.709408585172437,0.709408585172437,0.7016129158457165,0.7055107951164246,1056000,0.0,0.0
1983-07-13 00:00:00-04:00,0.7055114065699585,0.7133070826530457,0.7016135239210285,0.7133070826530457,455700,0.0,0.0
1983-07-14 00:00:00-04:00,0.7133067002346416,0.7172045807938376,0.7094088196754456,0.7094088196754456,403800,0.0,0.0
1983-07-15 00:00:00-04:00,0.709408585172437,0.7172043437138532,0.7055107951164246,0.7055107951164246,245400,0.0,0.0
1983-07-18 00:00:00-04:00,0.7055110283309747,0.7133067002346416,0.7016131477717786,0.7094088196754456,171000,0.0,0.0
1983-07-19 00:00:00-04:00,0.7094090455878774,0.7172048091888428,0.7094090455878774,0.7172048091888428,612000,0.0,0.0
1983-07-20 00:00:00-04:00,0.7172042593042842,0.7366934749346987,0.7172042593042842,0.7327955961227417,389700,0.0,0.0
1983-07-21 00:00:00-04:00,0.7327955961227417,0.7366934749346987,0.724999927713513,0.7327955961227417,203400,0.0,0.0
1983-07-22 00:00:00-04:00,0.7327961579612663,0.7327961579612663,0.7172048091888428,0.7172048091888428,1678500,0.0,0.0
1983-07-25 00:00:00-04:00,0.7172048261088915,0.7250005006790161,0.7172048261088915,0.7250005006790161,163200,0.0,0.0
1983-07-26 00:00:00-04:00,0.7249996347223523,0.7327952999811504,0.7211017574856285,0.7288975119590759,251400,0.0,0.0
1983-07-27 00:00:00-04:00,0.7288975119590759,0.7327952999811504,0.7249996347223523,0.7288975119590759,394800,0.0,0.0
1983-07-28 00:00:00-04:00,0.7288975119590759,0.7327952999811504,0.7249996347223523,0.7288975119590759,544500,0.0,0.0
1983-07-29 00:00:00-04:00,0.7288975119590759,0.7327952999811504,0.7211017574856285,0.7288975119590759,625800,0.0,0.0
1983-08-01 00:00:00-04:00,0.7250002373875896,0.7250002373875896,0.7172045656485448,0.7211023569107056,135900,0.0,0.0
1983-08-02 00:00:00-04:00,0.7211023569107056,0.7250002373875896,0.6938174612166871,0.7211023569107056,723300,0.0,0.0
1983-08-03 00:00:00-04:00,0.7211023569107056,0.7444894613425632,0.7211023569107056,0.7211023569107056,151800,0.0,0.0
1983-08-04 00:00:00-04:00,0.7211026187865759,0.7288983825714562,0.7211026187865759,0.7250005006790161,95100,0.0,0.0
1983-08-05 00:00:00-04:00,0.7250005006790161,0.7288983825714562,0.7211026187865759,0.7250005006790161,204000,0.0,0.0
1983-08-08 00:00:00-04:00,0.7250006413850627,0.7250006413850627,0.7133070826530457,0.7133070826530457,431100,0.0,0.0
1983-08-09 00:00:00-04:00,0.7133069273883601,0.7211026017745719,0.7133069273883601,0.7172048091888428,485100,0.0,0.0
1983-08-10 00:00:00-04:00,0.7172049653019756,0.7211027587361327,0.7094092000041156,0.7133070826530457,633600,0.0,0.0
1983-08-11 00:00:00-04:00,0.7133066851716607,0.7211023569107056,0.7133066851716607,0.7211023569107056,229200,0.0,0.0
1983-08-12 00:00:00-04:00,0.7211026017745719,0.7211026017745719,0.7133069273883601,0.7172048091888428,204000,0.0,0.0
1983-08-15 00:00:00-04:00,0.7172045656485448,0.7250002373875896,0.7172045656485448,0.7211023569107056,1275000,0.0,0.0
1983-08-16 00:00:00-04:00,0.7211026187865759,0.7250005006790161,0.7172048261088915,0.7250005006790161,306600,0.0,0.0
1983-08-17 00:00:00-04:00,0.7250005006790161,0.7250005006790161,0.7172048261088915,0.7250005006790161,1039200,0.0,0.0
1983-08-18 00:00:00-04:00,0.7250002373875896,0.7250002373875896,0.7211023569107056,0.7211023569107056,277500,0.0,0.0
1983-08-19 00:00:00-04:00,0.7211023569107056,0.7250002373875896,0.7211023569107056,0.7211023569107056,169200,0.0,0.0
1983-08-22 00:00:00-04:00,0.7211017574856285,0.7327952999811504,0.7172039694635541,0.7288975119590759,815700,0.0,0.0
1983-08-23 00:00:00-04:00,0.7288975119590759,0.7327952999811504,0.7249996347223523,0.7288975119590759,391800,0.0,0.0
1983-08-24 00:00:00-04:00,0.7288977738085123,0.7366934418678284,0.7249998951715136,0.7366934418678284,660900,0.0,0.0
1983-08-25 00:00:00-04:00,0.7366939606145024,0.7483875155448914,0.7366939606145024,0.7483875155448914,122700,0.0,0.0
1983-08-26 00:00:00-04:00,0.7483871962542404,0.7483871962542404,0.7405915260314941,0.7405915260314941,144600,0.0,0.0
1983-08-29 00:00:00-04:00,0.7405915260314941,0.7444893165355143,0.7366936463127679,0.7405915260314941,1125900,0.0,0.0
1983-08-30 00:00:00-04:00,0.7405913537466556,0.7405913537466556,0.72889780652547,0.7327955961227417,715500,0.0,0.0
1983-08-31 00:00:00-04:00,0.7258976101875305,0.7258976101875305,0.7178765812621274,0.7258976101875305,428100,0.22,0.0
1983-09-01 00:00:00-04:00,0.7258976101875305,0.7258976101875305,0.7218870957248289,0.7258976101875305,168000,0.0,0.0
1983-09-02 00:00:00-04:00,0.7258976101875305,0.7258976101875305,0.7218870957248289,0.7258976101875305,414000,0.0,0.0
1983-09-06 00:00:00-04:00,0.7258976101875305,0.7299080328575411,0.7218870957248289,0.7258976101875305,359700,0.0,0.0
1983-09-07 00:00:00-04:00,0.7258976101875305,0.7258976101875305,0.7178765812621274,0.7258976101875305,384900,0.0,0.0
1983-09-08 00:00:00-04:00,0.7258980412873701,0.7299084663391113,0.7218875244428833,0.7299084663391113,282900,0.0,0.0
1983-09-09 00:00:00-04:00,0.7299083121823163,0.7379293441772461,0.7258978879775776,0.7379293441772461,720000,0.0,0.0
1983-09-12 00:00:00-04:00,0.7379295183387042,0.7539714025292156,0.7379295183387042,0.74595046043396,358200,0.0,0.0
1983-09-13 00:00:00-04:00,0.7459502843794498,0.7459502843794498,0.7379293441772461,0.7379293441772461,617400,0.0,0.0
1983-09-14 00:00:00-04:00,0.7379293441772461,0.7419397683819849,0.7339188281797813,0.7379293441772461,120000,0.0,0.0
1983-09-15 00:00:00-04:00,0.7379293441772461,0.7419397683819849,0.7339188281797813,0.7379293441772461,228000,0.0,0.0
1983-09-16 00:00:00-04:00,0.7379291216821894,0.7419395446777344,0.733918606893946,0.7419395446777344,293100,0.0,0.0
1983-09-19 00:00:00-04:00,0.7419395446777344,0.7459500594659778,0.733918606893946,0.7419395446777344,888900,0.0,0.0
1983-09-20 00:00:00-04:00,0.7419399434899582,0.7499609773779616,0.7379295183387042,0.74595046043396,922800,0.0,0.0
1983-09-21 00:00:00-04:00,0.7459499678249678,0.7539709046233728,0.7459499678249678,0.7499604821205139,514200,0.0,0.0
1983-09-22 00:00:00-04:00,0.7499609773779616,0.7499609773779616,0.74595046043396,0.74595046043396,560700,0.0,0.0
1983-09-23 00:00:00-04:00,0.74595046043396,0.7499609773779616,0.7419399434899582,0.74595046043396,618300,0.0,0.0
1983-09-26 00:00:00-04:00,0.7499609134626287,0.7619923714765066,0.7499609134626287,0.7539713382720947,917400,0.0,0.0
1983-09-27 00:00:00-04:00,0.7539713382720947,0.7619923714765066,0.7539713382720947,0.7539713382720947,166200,0.0,0.0
1983-09-28 00:00:00-04:00,0.7539707866857902,0.7619918140222176,0.7539707866857902,0.7579813003540039,363600,0.0,0.0
1983-09-29 00:00:00-04:00,0.7579818548743006,0.7579818548743006,0.7419398802582169,0.7539713382720947,233700,0.0,0.0
1983-09-30 00:00:00-04:00,0.7539713382720947,0.7579818548743006,0.7539713382720947,0.7539713382720947,152400,0.0,0.0
1983-10-03 00:00:00-04:00,0.7539707885549874,0.7700127514749397,0.7539707885549874,0.7660022377967834,216000,0.0,0.0
1983-10-04 00:00:00-04:00,0.7660021515682275,0.7860546259090371,0.7660021515682275,0.7820441126823425,630600,0.0,0.0
1983-10-05 00:00:00-04:00,0.7820441596435779,0.794075608253479,0.7619917758912986,0.794075608253479,564900,0.0,0.0
1983-10-06 00:00:00-04:00,0.7940755340796415,0.8020964684727917,0.7900650209867366,0.7980860471725464,1542900,0.0,0.0
1983-10-07 00:00:00-04:00,0.7980860471725464,0.8101174946586016,0.7980860471725464,0.7980860471725464,1142400,0.0,0.0
1983-10-10 00:00:00-04:00,0.7980858959774373,0.8020963165179198,0.7660019808977238,0.7900648713111877,104400,0.0,0.0
1983-10-11 00:00:00-04:00,0.7900650947859559,0.7980861217210021,0.7900650947859559,0.794075608253479,258600,0.0,0.0
1983-10-12 00:00:00-04:00,0.7940755605697633,0.7940755605697633,0.7780335994556481,0.7820441126823425,1335300,0.0,0.0
1983-10-13 00:00:00-04:00,0.7820442905383811,0.7820442905383811,0.7700128399147137,0.7740233540534973,93300,0.0,0.0
1983-10-14 00:00:00-04:00,0.7740232519462202,0.7820441873730016,0.7740232519462202,0.7780336737632751,716400,0.0,0.0
1983-10-17 00:00:00-04:00,0.7780337618919858,0.786054790019989,0.7780337618919858,0.786054790019989,225300,0.0,0.0
1983-10-18 00:00:00-04:00,0.786054790019989,0.7900652122913087,0.786054790019989,0.786054790019989,211200,0.0,0.0
1983-10-19 00:00:00-04:00,0.786054790019989,0.7900652122913087,0.7780337618919858,0.786054790019989,263700,0.0,0.0
1983-10-20 00:00:00-04:00,0.786054790019989,0.786054790019989,0.7780337618919858,0.786054790019989,749100,0.0,0.0
1983-10-21 00:00:00-04:00,0.786054790019989,0.7940757263553103,0.7780337618919858,0.786054790019989,322200,0.0,0.0
1983-10-24 00:00:00-04:00,0.7860544507707052,0.7900648713111877,0.7740230055639733,0.7900648713111877,282000,0.0,0.0
1983-10-25 00:00:00-04:00,0.7900648713111877,0.7940753836443125,0.7820439384375806,0.7900648713111877,921900,0.0,0.0
1983-10-26 00:00:00-04:00,0.7900654493153018,0.8020969033241272,0.7900654493153018,0.8020969033241272,436200,0.0,0.0
1983-10-27 00:00:00-04:00,0.8020971238963706,0.8101181566364665,0.8020971238963706,0.8061076402664185,307200,0.0,0.0
1983-10-28 00:00:00-04:00,0.8061076367963645,0.8181390940619819,0.8061076367963645,0.814128577709198,945900,0.0,0.0
1983-10-31 00:00:00-05:00,0.814128577709198,0.8181390940619819,0.8101181531491484,0.814128577709198,156900,0.0,0.0
1983-11-01 00:00:00-05:00,0.8141287429782353,0.8181392601451586,0.8020972832702182,0.8101183176040649,342300,0.0,0.0
1983-11-02 00:00:00-05:00,0.8101180153690416,0.8301704101370991,0.8101180153690416,0.8261598944664001,775200,0.0,0.0
1983-11-03 00:00:00-05:00,0.826159699665759,0.8381911520482346,0.8221492767333984,0.8221492767333984,423900,0.0,0.0
1983-11-04 00:00:00-05:00,0.8221496523951226,0.8261600771599513,0.8141286192799873,0.8181391358375549,241500,0.0,0.0
1983-11-07 00:00:00-05:00,0.818138872600131,0.818138872600131,0.8020969033241272,0.8020969033241272,270000,0.0,0.0
1983-11-08 00:00:00-05:00,0.8020972832702182,0.8101183176040649,0.7980868578960478,0.8101183176040649,183300,0.0,0.0
1983-11-09 00:00:00-05:00,0.8101183176040649,0.8101183176040649,0.7980868578960478,0.8101183176040649,400500,0.0,0.0
1983-11-10 00:00:00-05:00,0.8101181531491484,0.814128577709198,0.8020971204435806,0.814128577709198,440700,0.0,0.0
1983-11-11 00:00:00-05:00,0.814128577709198,0.8181390940619819,0.8061076367963645,0.814128577709198,237000,0.0,0.0
1983-11-14 00:00:00-05:00,0.8141282472832834,0.8221492767333984,0.8141282472832834,0.8221492767333984,419700,0.0,0.0
1983-11-15 00:00:00-05:00,0.8221492767333984,0.8221492767333984,0.8101178243509228,0.8221492767333984,420000,0.0,0.0
1983-11-16 00:00:00-05:00,0.8261595215020651,0.8301700353622437,0.8261595215020651,0.8301700353622437,2824500,0.0,0.0
1983-11-17 00:00:00-05:00,0.8301700353622437,0.8341805492224224,0.8261595215020651,0.8301700353622437,867000,0.0,0.0
1983-11-18 00:00:00-05:00,0.830170850552656,0.8341813683509827,0.830170850552656,0.8341813683509827,831600,0.0,0.0
1983-11-21 00:00:00-05:00,0.8341813683509827,0.8341813683509827,0.8261603327543295,0.8341813683509827,722400,0.0,0.0
1983-11-22 00:00:00-05:00,0.8381910179189844,0.8502224683761597,0.8381910179189844,0.8502224683761597,832200,0.0,0.0
1983-11-23 00:00:00-05:00,0.8502226039952713,0.8502226039952713,0.8381911516189575,0.8381911516189575,597000,0.0,0.0
1983-11-25 00:00:00-05:00,0.8462117910385132,0.8502222121203814,0.8462117910385132,0.8462117910385132,125700,0.0,0.0
1983-11-28 00:00:00-05:00,0.8462117910385132,0.8502222121203814,0.8422012781639903,0.8462117910385132,672900,0.0,0.0
1983-11-29 00:00:00-05:00,0.8462121810649647,0.8462121810649647,0.8301702139656474,0.8381911516189575,1916400,0.0,0.0
1983-11-30 00:00:00-05:00,0.8393434759897864,0.8393434759897864,0.831114649772644,0.831114649772644,735600,0.22,0.0
1983-12-01 00:00:00-05:00,0.8311147092035844,0.8352290755204628,0.8187714219093323,0.8187714219093323,193800,0.0,0.0
1983-12-02 00:00:00-05:00,0.8187708165633619,0.8187708165633619,0.8023130809482037,0.806427538394928,1078500,0.0,0.0
1983-12-05 00:00:00-05:00,0.8064276830109622,0.81465650520834,0.8023132248263954,0.8105420470237732,190200,0.0,0.0
1983-12-06 00:00:00-05:00,0.8105420379096716,0.8187709541862755,0.8023132158048225,0.8146564960479736,189600,0.0,0.0
1983-12-07 00:00:00-05:00,0.8146569031665575,0.831114649772644,0.8105424429720853,0.831114649772644,606900,0.0,0.0
1983-12-08 00:00:00-05:00,0.8311143171880938,0.8393431401123325,0.8269998586400923,0.835228681564331,201900,0.0,0.0
1983-12-09 00:00:00-05:00,0.8311145411961145,0.8311145411961145,0.827000081539154,0.827000081539154,404700,0.0,0.0
1983-12-12 00:00:00-05:00,0.8311144257982385,0.8434577088835005,0.8311144257982385,0.839343249797821,202200,0.0,0.0
1983-12-13 00:00:00-05:00,0.835228681564331,0.835228681564331,0.8311143171880938,0.835228681564331,186000,0.0,0.0
1983-12-14 00:00:00-05:00,0.8311142344294267,0.8311142344294267,0.8105420379096716,0.8146564960479736,207300,0.0,0.0
1983-12-15 00:00:00-05:00,0.8105421608809159,0.8105421608809159,0.7981988787651062,0.7981988787651062,418800,0.0,0.0
1983-12-16 00:00:00-05:00,0.79819898396849,0.79819898396849,0.7899701595306396,0.7899701595306396,373500,0.0,0.0
1983-12-19 00:00:00-05:00,0.7899701595306396,0.7940846188354556,0.7858557002258237,0.7899701595306396,300000,0.0,0.0
1983-12-20 00:00:00-05:00,0.7899700307116718,0.8064277710754204,0.7858555720777931,0.7940844893455505,840300,0.0,0.0
1983-12-21 00:00:00-05:00,0.7940846188354556,0.79819898396849,0.7817413350927893,0.7899701595306396,121500,0.0,0.0
1983-12-22 00:00:00-05:00,0.7858555044940596,0.7858555044940596,0.7282535594323679,0.7364823818206787,389400,0.0,0.0
1983-12-23 00:00:00-05:00,0.7364825057525096,0.7529402474703211,0.7241392230070945,0.7488257884979248,247200,0.0,0.0
1983-12-27 00:00:00-05:00,0.7488257884979248,0.7529402474703211,0.7447114236973024,0.7488257884979248,184500,0.0,0.0
1983-12-28 00:00:00-05:00,0.7488261342776941,0.7570550560222936,0.740597306704912,0.7529405951499939,804600,0.0,0.0
1983-12-29 00:00:00-05:00,0.7529405951499939,0.761169422722776,0.7488261342776941,0.7529405951499939,147600,0.0,0.0
1983-12-30 00:00:00-05:00,0.7529402474703211,0.7529402474703211,0.7447114236973024,0.7488257884979248,151500,0.0,0.0
1984-01-03 00:00:00-05:00,0.7488257884979248,0.7570547064427174,0.7447114236973024,0.7488257884979248,210900,0.0,0.0
1984-01-04 00:00:00-05:00,0.7488258553439378,0.7735124230384827,0.7488258553439378,0.7735124230384827,475800,0.0,0.0
1984-01-05 00:00:00-05:00,0.7735124266022974,0.7940846292237222,0.7693980614154385,0.7858557105064392,198300,0.0,0.0
1984-01-06 00:00:00-05:00,0.7899700458233173,0.8023133277893066,0.7899700458233173,0.8023133277893066,479100,0.0,0.0
1984-01-09 00:00:00-05:00,0.8023133375276325,0.8064277962901587,0.794084514174349,0.7981988787651062,167700,0.0,0.0
1984-01-10 00:00:00-05:00,0.798198853807663,0.8023133124415417,0.7940844893455505,0.7940844893455505,342300,0.0,0.0
1984-01-11 00:00:00-05:00,0.7981988690767209,0.8023133277893066,0.7981988690767209,0.8023133277893066,146700,0.0,0.0
1984-01-12 00:00:00-05:00,0.8023133124415417,0.8023133124415417,0.7899700307116718,0.7940844893455505,336300,0.0,0.0
1984-01-13 00:00:00-05:00,0.7940846188354556,0.8023134432733059,0.7858557002258237,0.7899701595306396,224700,0.0,0.0
1984-01-16 00:00:00-05:00,0.781741571027851,0.781741571027851,0.7570549960919379,0.7652838230133057,623700,0.0,0.0
1984-01-17 00:00:00-05:00,0.7652833895980424,0.7652833895980424,0.7529401091206547,0.7570545673370361,471000,0.0,0.0
1984-01-18 00:00:00-05:00,0.757054691445963,0.757054691445963,0.7323681264441575,0.7405969500541687,313800,0.0,0.0
1984-01-19 00:00:00-05:00,0.7405968237731417,0.7447112819624667,0.7200247211700286,0.7282535433769226,451500,0.0,0.0
1984-01-20 00:00:00-05:00,0.7323681264441575,0.7488257736641799,0.7323681264441575,0.7405969500541687,1458600,0.0,0.0
1984-01-23 00:00:00-05:00,0.7405969500541687,0.7488257736641799,0.736482491163277,0.7405969500541687,366000,0.0,0.0
1984-01-24 00:00:00-05:00,0.7405969500541687,0.7447114089450603,0.736482491163277,0.7405969500541687,250200,0.0,0.0
1984-01-25 00:00:00-05:00,0.7405969500541687,0.7447114089450603,0.7282536675532658,0.7405969500541687,680100,0.0,0.0
1984-01-26 00:00:00-05:00,0.740596964724906,0.7570547064427174,0.7282536819794909,0.7488257884979248,1053300,0.0,0.0
1984-01-27 00:00:00-05:00,0.7488256509042732,0.7570545673370361,0.7447112868596484,0.7570545673370361,759600,0.0,0.0
1984-01-30 00:00:00-05:00,0.7570547704221945,0.7611691355705261,0.7570547704221945,0.7611691355705261,348600,0.0,0.0
1984-01-31 00:00:00-05:00,0.7611687024288354,0.7693976163864136,0.7529398826429854,0.7693976163864136,583200,0.0,0.0
1984-02-01 00:00:00-05:00,0.7693979297164333,0.7776267528533936,0.7693979297164333,0.7776267528533936,337200,0.0,0.0
1984-02-02 00:00:00-05:00,0.7776268859609389,0.7858557105064392,0.7735124266022974,0.7858557105064392,283500,0.0,0.0
1984-02-03 00:00:00-05:00,0.7858555759903538,0.7858555759903538,0.7693979297164333,0.7776267528533936,278700,0.0,0.0
1984-02-06 00:00:00-05:00,0.7735124193590849,0.7735124193590849,0.7570547704221945,0.7611691355705261,228900,0.0,0.0
1984-02-07 00:00:00-05:00,0.7611687024288354,0.7693976163864136,0.7570543396217745,0.7693976163864136,355500,0.0,0.0
1984-02-08 00:00:00-05:00,0.7693982835598945,0.7693982835598945,0.7611693624667168,0.7652838230133057,613500,0.0,0.0
1984-02-09 00:00:00-05:00,0.761169046080344,0.761169046080344,0.7405969402419901,0.7447113990783691,717000,0.0,0.0
1984-02-10 00:00:00-05:00,0.7447113938613085,0.7447113938613085,0.7282536528028573,0.7323681116104126,624600,0.0,0.0
1984-02-13 00:00:00-05:00,0.7323680711174976,0.7405968941058633,0.7200247895490665,0.7241391539573669,1044900,0.0,0.0
1984-02-14 00:00:00-05:00,0.7241387091865297,0.7282531652394686,0.7159098912523589,0.7200243473052979,1423200,0.0,0.0
1984-02-15 00:00:00-05:00,0.7200248339520542,0.7282536574478807,0.7159103751182556,0.7159103751182556,1563300,0.0,0.0
1984-02-16 00:00:00-05:00,0.7159105408896717,0.7200250006761868,0.6994527959154035,0.7076817154884338,662100,0.0,0.0
1984-02-17 00:00:00-05:00,0.7076817154884338,0.7076817154884338,0.6912239705141657,0.7076817154884338,555900,0.0,0.0
1984-02-21 00:00:00-05:00,0.7076817154884338,0.7076817154884338,0.6912239705141657,0.7076817154884338,356400,0.0,0.0
1984-02-22 00:00:00-05:00,0.7076812466879857,0.7076812466879857,0.6953379696769844,0.7035667896270752,218400,0.0,0.0
1984-02-23 00:00:00-05:00,0.703567193084708,0.7076816525050379,0.6829950843266271,0.6953383684158325,570000,0.0,0.0
1984-02-24 00:00:00-05:00,0.6953385117816231,0.7117961645126343,0.6953385117816231,0.7117961645126343,479100,0.0,0.0
1984-02-27 00:00:00-05:00,0.7117961645126343,0.7117961645126343,0.7035673381471287,0.7117961645126343,1619100,0.0,0.0
1984-02-28 00:00:00-05:00,0.7117956784121919,0.7200245933297996,0.6994524002075195,0.6994524002075195,2320800,0.0,0.0
1984-02-29 00:00:00-05:00,0.7048879265785217,0.7048879265785217,0.692148988731864,0.7048879265785217,1010700,0.22,0.0
1984-03-01 00:00:00-05:00,0.7048880994719866,0.7133806943893433,0.6963954073642233,0.7133806943893433,426600,0.0,0.0
1984-03-02 00:00:00-05:00,0.7133806431389693,0.7218732374462048,0.7048880488317338,0.7176269888877869,203100,0.0,0.0
1984-03-05 00:00:00-05:00,0.7176270404432249,0.7261196353605816,0.7091343483354616,0.7133806943893433,108900,0.0,0.0
1984-03-06 00:00:00-05:00,0.7133805064072527,0.7133805064072527,0.7048879137277695,0.7091341614723206,117300,0.0,0.0
1984-03-07 00:00:00-05:00,0.7048880951093889,0.7048880951093889,0.6836564621617913,0.6879028081893921,556200,0.0,0.0
1984-03-08 00:00:00-05:00,0.6879028081893921,0.6879028081893921,0.6836564621617913,0.6879028081893921,273600,0.0,0.0
1984-03-09 00:00:00-05:00,0.6879028081893921,0.6879028081893921,0.6836564621617913,0.6879028081893921,449400,0.0,0.0
1984-03-12 00:00:00-05:00,0.6879025792594592,0.6921489238739014,0.683656234645017,0.6921489238739014,287400,0.0,0.0
1984-03-13 00:00:00-05:00,0.692148988731864,0.7091341744004858,0.692148988731864,0.7048879265785217,487500,0.0,0.0
1984-03-14 00:00:00-05:00,0.7048879137277695,0.7091341614723206,0.6963952238579053,0.7091341614723206,378900,0.0,0.0
1984-03-15 00:00:00-05:00,0.7091343483354616,0.7133806943893433,0.700641753418105,0.7133806943893433,218400,0.0,0.0
1984-03-16 00:00:00-05:00,0.7133806431389693,0.7218732374462048,0.7091342973901518,0.7176269888877869,166200,0.0,0.0
1984-03-19 00:00:00-05:00,0.7176268567954776,0.7218731045722961,0.7133805118282772,0.7218731045722961,123300,0.0,0.0
1984-03-20 00:00:00-05:00,0.7218731045722961,0.7303657945066968,0.7218731045722961,0.7218731045722961,297900,0.0,0.0
1984-03-21 00:00:00-05:00,0.7218731045722961,0.7303657945066968,0.7176268567954776,0.7218731045722961,164100,0.0,0.0
1984-03-22 00:00:00-05:00,0.7218731122471436,0.7218731122471436,0.7006415815661748,0.7048879265785217,395100,0.0,0.0
1984-03-23 00:00:00-05:00,0.7048878605268544,0.7091341079509229,0.6879025792594592,0.6921489238739014,318600,0.0,0.0
1984-03-26 00:00:00-05:00,0.6963952365538281,0.7048879265785217,0.6963952365538281,0.7048879265785217,187500,0.0,0.0
1984-03-27 00:00:00-05:00,0.7048879174326843,0.7091341651995539,0.6963952275181824,0.7006415724754333,437400,0.0,0.0
1984-03-28 00:00:00-05:00,0.7006415815661748,0.7091341744004858,0.6963952365538281,0.7048879265785217,273900,0.0,0.0
1984-03-29 00:00:00-05:00,0.7048876668491665,0.7048876668491665,0.6921487336964125,0.6963949799537659,204000,0.0,0.0
1984-03-30 00:00:00-05:00,0.6963949799537659,0.7006413234014661,0.6879023902487122,0.6963949799537659,286500,0.0,0.0
1984-04-02 00:00:00-05:00,0.6963951712979699,0.7006415159124122,0.6921489238739014,0.6921489238739014,375300,0.0,0.0
1984-04-03 00:00:00-05:00,0.692148988731864,0.7048879265785217,0.692148988731864,0.7048879265785217,1252200,0.0,0.0
1984-04-04 00:00:00-05:00,0.7048880994719866,0.7176270404432249,0.7048880994719866,0.7133806943893433,416700,0.0,0.0
1984-04-05 00:00:00-05:00,0.7133805194128326,0.7133805194128326,0.7006415815661748,0.7048879265785217,321900,0.0,0.0
1984-04-06 00:00:00-05:00,0.7048880994719866,0.7133806943893433,0.7048880994719866,0.7133806943893433,153000,0.0,0.0
1984-04-09 00:00:00-05:00,0.7133806943893433,0.7176270404432249,0.7048880994719866,0.7133806943893433,140700,0.0,0.0
1984-04-10 00:00:00-05:00,0.7133805118282772,0.7303657945066968,0.709134166861077,0.7218731045722961,200100,0.0,0.0
1984-04-11 00:00:00-05:00,0.7218731045722961,0.7261194495394965,0.7133805118282772,0.7218731045722961,102600,0.0,0.0
1984-04-12 00:00:00-05:00,0.7218731045722961,0.7218731045722961,0.7133805118282772,0.7218731045722961,166800,0.0,0.0
1984-04-13 00:00:00-05:00,0.7218729358865268,0.7261192798614502,0.7176266891019623,0.7261192798614502,119100,0.0,0.0
1984-04-16 00:00:00-05:00,0.7261195831950223,0.7261195831950223,0.7133806431389693,0.7176269888877869,134700,0.0,0.0
1984-04-17 00:00:00-05:00,0.7176266891019623,0.7303656238363737,0.7176266891019623,0.7261192798614502,167700,0.0,0.0
1984-04-18 00:00:00-05:00,0.7303661034620745,0.7515976428985596,0.7303661034620745,0.7515976428985596,404400,0.0,0.0
1984-04-19 00:00:00-05:00,0.7515976428985596,0.7558439896620257,0.7431050465620501,0.7515976428985596,443400,0.0,0.0
1984-04-23 00:00:00-05:00,0.7515971680353583,0.7558435121159609,0.7388582329839115,0.7431045770645142,155400,0.0,0.0
1984-04-24 00:00:00-05:00,0.7431052170620912,0.7515978153471651,0.7388588693243318,0.7473514676094055,222900,0.0,0.0
1984-04-25 00:00:00-05:00,0.7473512961350934,0.7515976428985596,0.738858699798584,0.7515976428985596,282600,0.0,0.0
1984-04-26 00:00:00-05:00,0.7515976428985596,0.760090239235069,0.7473512961350934,0.7515976428985596,474300,0.0,0.0
1984-04-27 00:00:00-05:00,0.7515976428985596,0.7558439896620257,0.7515976428985596,0.7515976428985596,208500,0.0,0.0
1984-04-30 00:00:00-04:00,0.7515972945782395,0.7558436393737793,0.7473509497826999,0.7558436393737793,118500,0.0,0.0
1984-05-01 00:00:00-04:00,0.7558439307196523,0.7685828728262171,0.7515975842873256,0.7643365263938904,615600,0.0,0.0
1984-05-02 00:00:00-04:00,0.7643363388673724,0.7643363388673724,0.7558437452767544,0.7600899934768677,292200,0.0,0.0
1984-05-03 00:00:00-04:00,0.7600901799615637,0.7685828728262171,0.7600901799615637,0.7643365263938904,189000,0.0,0.0
1984-05-04 00:00:00-04:00,0.7643362317744808,0.7728288241751825,0.7473509497826999,0.7558436393737793,126900,0.0,0.0
1984-05-07 00:00:00-04:00,0.7558435121159609,0.7558435121159609,0.7388582329839115,0.7431045770645142,131400,0.0,0.0
1984-05-08 00:00:00-04:00,0.7431050465620501,0.7558439896620257,0.7431050465620501,0.7515976428985596,276000,0.0,0.0
1984-05-09 00:00:00-04:00,0.7515972945782395,0.7600898869789412,0.7473509497826999,0.7558436393737793,501600,0.0,0.0
1984-05-10 00:00:00-04:00,0.755843586562939,0.7728287701775864,0.755843586562939,0.7685825228691101,633900,0.0,0.0
1984-05-11 00:00:00-04:00,0.7685825228691101,0.7770751146764339,0.7643361783702628,0.7685825228691101,992400,0.0,0.0
1984-05-14 00:00:00-04:00,0.7685823919683407,0.7770749823292527,0.7685823919683407,0.7728286385536194,237300,0.0,0.0
1984-05-15 00:00:00-04:00,0.7728293008929124,0.7813219957226882,0.7728293008929124,0.7770756483078003,831000,0.0,0.0
1984-05-16 00:00:00-04:00,0.7770756483078003,0.7770756483078003,0.768583050668462,0.7770756483078003,985500,0.0,0.0
1984-05-17 00:00:00-04:00,0.7770749823292527,0.7770749823292527,0.7728286385536194,0.7728286385536194,314400,0.0,0.0
1984-05-18 00:00:00-04:00,0.7728289324579906,0.7728289324579906,0.7558437452767544,0.7600899934768677,485400,0.0,0.0
1984-05-21 00:00:00-04:00,0.7600898869789412,0.7600898869789412,0.7515972945782395,0.7558436393737793,1690500,0.0,0.0
1984-05-22 00:00:00-04:00,0.7558436393737793,0.7558436393737793,0.7473509497826999,0.7558436393737793,158400,0.0,0.0
1984-05-23 00:00:00-04:00,0.7558439896620257,0.7558439896620257,0.7431050465620501,0.7515976428985596,433800,0.0,0.0
1984-05-24 00:00:00-04:00,0.7431045770645142,0.7431045770645142,0.7346118889033088,0.7431045770645142,244800,0.0,0.0
1984-05-25 00:00:00-04:00,0.7431045770645142,0.7431045770645142,0.7346118889033088,0.7431045770645142,443100,0.0,0.0
1984-05-29 00:00:00-04:00,0.7431047376689706,0.7431047376689706,0.7303657998643047,0.7346120476722717,100500,0.0,0.0
1984-05-30 00:00:00-04:00,0.7346120476722717,0.7431047376689706,0.7261194548659552,0.7346120476722717,2114100,0.0,0.0
1984-05-31 00:00:00-04:00,0.7346120476722717,0.7388583926706211,0.7261194548659552,0.7346120476722717,3739800,0.0,0.0
1984-06-01 00:00:00-04:00,0.7496936321258545,0.7496936321258545,0.732156905528124,0.7496936321258545,617100,0.226667,0.0
1984-06-04 00:00:00-04:00,0.749693685395904,0.7540778924433005,0.7409253716468811,0.7409253716468811,99600,0.0,0.0
1984-06-05 00:00:00-04:00,0.7409253716468811,0.749693685395904,0.7365411645994846,0.7409253716468811,487500,0.0,0.0
1984-06-06 00:00:00-04:00,0.745309425389981,0.7584619452518382,0.745309425389981,0.7496936321258545,374100,0.0,0.0
1984-06-07 00:00:00-04:00,0.74969403882617,0.74969403882617,0.7365415118292197,0.7453098297119141,192300,0.0,0.0
1984-06-08 00:00:00-04:00,0.7453099593663065,0.7584624886512756,0.7453099593663065,0.7584624886512756,138300,0.0,0.0
1984-06-11 00:00:00-04:00,0.7584623567088644,0.7584623567088644,0.7453098297119141,0.7453098297119141,823500,0.0,0.0
1984-06-12 00:00:00-04:00,0.7453094970619996,0.7540779113769531,0.7453094970619996,0.7540779113769531,1136400,0.0,0.0
1984-06-13 00:00:00-04:00,0.7540783791201758,0.7584624886512756,0.7496941692432412,0.7584624886512756,174300,0.0,0.0
1984-06-14 00:00:00-04:00,0.7584620181886571,0.7584620181886571,0.7496937042194763,0.7540779113769531,273900,0.0,0.0
1984-06-15 00:00:00-04:00,0.7540779113769531,0.7584620181886571,0.7496937042194763,0.7540779113769531,418800,0.0,0.0
1984-06-18 00:00:00-04:00,0.7540779113769531,0.7628462253461339,0.7540779113769531,0.7540779113769531,564600,0.0,0.0
1984-06-19 00:00:00-04:00,0.7540777406625003,0.7672302588115804,0.7540777406625003,0.762846052646637,1094400,0.0,0.0
1984-06-20 00:00:00-04:00,0.762846052646637,0.762846052646637,0.7540777406625003,0.762846052646637,406800,0.0,0.0
1984-06-21 00:00:00-04:00,0.7628466985282103,0.7628466985282103,0.7540783791201758,0.7584624886512756,301500,0.0,0.0
1984-06-22 00:00:00-04:00,0.7584618464816937,0.7672302588115804,0.7584618464816937,0.762846052646637,1223400,0.0,0.0
1984-06-25 00:00:00-04:00,0.7628461519877116,0.7628461519877116,0.745309425389981,0.7496936321258545,796200,0.0,0.0
1984-06-26 00:00:00-04:00,0.749693685395904,0.749693685395904,0.7365411645994846,0.7409253716468811,289500,0.0,0.0
1984-06-27 00:00:00-04:00,0.7409257209434756,0.74969403882617,0.7365415118292197,0.7453098297119141,513900,0.0,0.0
1984-06-28 00:00:00-04:00,0.7453094783485074,0.7453094783485074,0.7365411645994846,0.7409253716468811,518400,0.0,0.0
1984-06-29 00:00:00-04:00,0.7409253902502956,0.7540779113769531,0.7409253902502956,0.7540779113769531,615600,0.0,0.0
1984-07-02 00:00:00-04:00,0.754078247940426,0.7584623567088644,0.7409257209434756,0.7453098297119141,191400,0.0,0.0
1984-07-03 00:00:00-04:00,0.7453094970619996,0.7628462253461339,0.7409253902502956,0.7540779113769531,193200,0.0,0.0
1984-07-05 00:00:00-04:00,0.7540779113769531,0.7584620181886571,0.7453094970619996,0.7540779113769531,408900,0.0,0.0
1984-07-06 00:00:00-04:00,0.7540779113769531,0.7540779113769531,0.7453094970619996,0.7540779113769531,210000,0.0,0.0
1984-07-09 00:00:00-04:00,0.7540777406625003,0.7716143646307736,0.749693534497557,0.762846052646637,1046100,0.0,0.0
1984-07-10 00:00:00-04:00,0.7628462438432424,0.7716145580250328,0.7584620365794597,0.7672304511070251,344100,0.0,0.0
1984-07-11 00:00:00-04:00,0.7672309084051451,0.7672309084051451,0.7584624886512756,0.7584624886512756,111000,0.0,0.0
1984-07-12 00:00:00-04:00,0.7584618464816937,0.7716143646307736,0.7584618464816937,0.762846052646637,472500,0.0,0.0
1984-07-13 00:00:00-04:00,0.7628464947777011,0.7803832292556763,0.7584622860717553,0.7803832292556763,198300,0.0,0.0
1984-07-16 00:00:00-04:00,0.7803829842903127,0.7847670912742615,0.7716145696308617,0.7847670912742615,262200,0.0,0.0
1984-07-17 00:00:00-04:00,0.7847669387974485,0.7935353517532349,0.7803828326653125,0.7935353517532349,253800,0.0,0.0
1984-07-18 00:00:00-04:00,0.7935353517532349,0.7935353517532349,0.7847669387974485,0.7935353517532349,488100,0.0,0.0
1984-07-19 00:00:00-04:00,0.7935358779335728,0.7935358779335728,0.784767459163595,0.789151668548584,161700,0.0,0.0
1984-07-20 00:00:00-04:00,0.789151668548584,0.7935358779335728,0.784767459163595,0.789151668548584,389100,0.0,0.0
1984-07-23 00:00:00-04:00,0.7891511452753417,0.7935353517532349,0.7847669387974485,0.7935353517532349,807900,0.0,0.0
1984-07-24 00:00:00-04:00,0.7935358779335728,0.797919986972738,0.7584624035453089,0.789151668548584,286200,0.0,0.0
1984-07-25 00:00:00-04:00,0.7891515043915296,0.80668823793772,0.7891515043915296,0.8023040294647217,985500,0.0,0.0
1984-07-26 00:00:00-04:00,0.8023038627353394,0.8110721775133611,0.7979196551734374,0.8066880702972412,214200,0.0,0.0
1984-07-27 00:00:00-04:00,0.8066880702972412,0.8066880702972412,0.7979196551734374,0.8066880702972412,156000,0.0,0.0
1984-07-30 00:00:00-04:00,0.8066882869011243,0.8066882869011243,0.7979198694229126,0.7979198694229126,269400,0.0,0.0
1984-07-31 00:00:00-04:00,0.7979198209917233,0.80668823793772,0.7979198209917233,0.8023040294647217,180600,0.0,0.0
1984-08-01 00:00:00-04:00,0.8023039265986411,0.8154564499855042,0.8023039265986411,0.8154564499855042,367500,0.0,0.0
1984-08-02 00:00:00-04:00,0.8154569435864687,0.8417620062828064,0.8110727330217955,0.8417620062828064,968400,0.0,0.0
1984-08-03 00:00:00-04:00,0.8417614967592301,0.8417614967592301,0.8110722420746198,0.8154564499855042,1086600,0.0,0.0
1984-08-06 00:00:00-04:00,0.8154566904263472,0.8329934268948752,0.8110724812227603,0.8242250084877014,534000,0.0,0.0
1984-08-07 00:00:00-04:00,0.8242250084877014,0.8286092176912883,0.8154566904263472,0.8242250084877014,341700,0.0,0.0
1984-08-08 00:00:00-04:00,0.8242241295362065,0.8329925385927608,0.8242241295362065,0.8286083340644836,275400,0.0,0.0
1984-08-09 00:00:00-04:00,0.8286086871119447,0.8592979311943054,0.8242244807156773,0.8592979311943054,484800,0.0,0.0
1984-08-10 00:00:00-04:00,0.8592976884011005,0.876834308339715,0.8592976884011005,0.8636817932128906,786000,0.0,0.0
1984-08-13 00:00:00-04:00,0.8636821376048409,0.868066344510554,0.8417613037678099,0.846145510673523,519900,0.0,0.0
1984-08-14 00:00:00-04:00,0.8461462168474796,0.8592987481956484,0.8373777957181332,0.8417620062828064,338700,0.0,0.0
1984-08-15 00:00:00-04:00,0.8417608473036025,0.8417608473036025,0.8242241295362065,0.8286083340644836,118200,0.0,0.0
1984-08-16 00:00:00-04:00,0.8286091120648653,0.8417616376531966,0.8286091120648653,0.8373774290084839,181500,0.0,0.0
1984-08-17 00:00:00-04:00,0.8373774290084839,0.8461458462979092,0.8373774290084839,0.8373774290084839,348300,0.0,0.0
1984-08-20 00:00:00-04:00,0.8373770968620968,0.8505296172334689,0.8373770968620968,0.846145510673523,168600,0.0,0.0
1984-08-21 00:00:00-04:00,0.8461451732742762,0.8636817932128906,0.8461451732742762,0.8636817932128906,1090200,0.0,0.0
1984-08-22 00:00:00-04:00,0.8636817227788715,0.8636817227788715,0.8505292087246464,0.8549134135246277,606300,0.0,0.0
1984-08-23 00:00:00-04:00,0.8549138241391819,0.8592980310448949,0.846145510673523,0.846145510673523,753300,0.0,0.0
1984-08-24 00:00:00-04:00,0.8461460975563916,0.850530207157135,0.8417618876098116,0.850530207157135,100200,0.0,0.0
1984-08-27 00:00:00-04:00,0.8505296172334689,0.8505296172334689,0.8373770968620968,0.846145510673523,194100,0.0,0.0
1984-08-28 00:00:00-04:00,0.846145510673523,0.846145510673523,0.8373770968620968,0.846145510673523,605100,0.0,0.0
1984-08-29 00:00:00-04:00,0.8461451042703839,0.8592976183246089,0.8461451042703839,0.8549134135246277,1326300,0.0,0.0
1984-08-30 00:00:00-04:00,0.850530327066302,0.850530327066302,0.8373777957181332,0.8417620062828064,1129200,0.0,0.0
1984-08-31 00:00:00-04:00,0.8417618876098116,0.850530207157135,0.8417618876098116,0.850530207157135,801900,0.0,0.0
1984-09-04 00:00:00-04:00,0.8525141982074168,0.8525141982074168,0.8434929183542546,0.8480035066604614,240300,0.226667,0.0
1984-09-05 00:00:00-04:00,0.8480035066604614,0.8525141982074168,0.8434929183542546,0.8480035066604614,2775600,0.0,0.0
1984-09-06 00:00:00-04:00,0.8480035766468959,0.8615355491638184,0.8480035766468959,0.8615355491638184,358500,0.0,0.0
1984-09-07 00:00:00-04:00,0.8615355475485558,0.8660462394593254,0.8434929863869911,0.8525142669677734,460800,0.0,0.0
1984-09-10 00:00:00-04:00,0.8389827013015747,0.8389827013015747,0.8299614163463429,0.8389827013015747,749400,0.0,0.0
1984-09-11 00:00:00-04:00,0.8389827013015747,0.8434933953995941,0.8344720072035553,0.8389827013015747,498900,0.0,0.0
1984-09-12 00:00:00-04:00,0.8389827013015747,0.8434933953995941,0.8299614163463429,0.8389827013015747,619800,0.0,0.0
1984-09-13 00:00:00-04:00,0.8389822960491998,0.8615355491638184,0.8389822960491998,0.8615355491638184,1619100,0.0,0.0
1984-09-14 00:00:00-04:00,0.8615357435095843,0.8750677190790582,0.8570251538136132,0.8705571293830872,312300,0.0,0.0
1984-09-17 00:00:00-04:00,0.8705573013219876,0.8705573013219876,0.8570253230798883,0.8660466074943542,207900,0.0,0.0
1984-09-18 00:00:00-04:00,0.8660466074943542,0.8795785857364535,0.8615359136667209,0.8660466074943542,2189400,0.0,0.0
1984-09-19 00:00:00-04:00,0.8660467881422776,0.8840894639755159,0.8660467881422776,0.8795787692070007,512400,0.0,0.0
1984-09-20 00:00:00-04:00,0.8795784188039375,0.8976210874494068,0.8795784188039375,0.8931103944778442,820500,0.0,0.0
1984-09-21 00:00:00-04:00,0.8931103944778442,0.906642370151751,0.8885997015062815,0.8931103944778442,1410300,0.0,0.0
1984-09-24 00:00:00-04:00,0.8931103944778442,0.8976210874494068,0.8885997015062815,0.8931103944778442,655500,0.0,0.0
1984-09-25 00:00:00-04:00,0.8931105207803421,0.9021318047584641,0.8931105207803421,0.897621214389801,638100,0.0,0.0
1984-09-26 00:00:00-04:00,0.8976210946023239,0.9156636601507888,0.8931104015948167,0.9066423773765564,588300,0.0,0.0
1984-09-27 00:00:00-04:00,0.9066423773765564,0.9156636601507888,0.9066423773765564,0.9066423773765564,567600,0.0,0.0
1984-09-28 00:00:00-04:00,0.9066423773765564,0.9111530703840636,0.9021316843690491,0.9066423773765564,1817400,0.0,0.0
1984-10-01 00:00:00-04:00,0.9066423773765564,0.9111530703840636,0.9021316843690491,0.9066423773765564,356400,0.0,0.0
1984-10-02 00:00:00-04:00,0.9066423773765564,0.9111530703840636,0.9021316843690491,0.9066423773765564,390600,0.0,0.0
1984-10-03 00:00:00-04:00,0.906642370151751,0.9111530631233136,0.8885997015062815,0.8931103944778442,305100,0.0,0.0
1984-10-04 00:00:00-04:00,0.8931103944778442,0.8976210874494068,0.8885997015062815,0.8931103944778442,147000,0.0,0.0
1984-10-05 00:00:00-04:00,0.8931103944778442,0.8931103944778442,0.8840891117755001,0.8931103944778442,598500,0.0,0.0
1984-10-08 00:00:00-04:00,0.8931103944778442,0.8931103944778442,0.8840891117755001,0.8931103944778442,175500,0.0,0.0
1984-10-09 00:00:00-04:00,0.8931105207803421,0.9066424983679231,0.8885998271708831,0.897621214389801,447600,0.0,0.0
1984-10-10 00:00:00-04:00,0.8976210869456391,0.9066423696429203,0.8931103939766081,0.9021316766738892,500700,0.0,0.0
1984-10-11 00:00:00-04:00,0.9021316766738892,0.9021316766738892,0.8931103939766081,0.9021316766738892,414300,0.0,0.0
1984-10-12 00:00:00-04:00,0.9021316766738892,0.9156636523402014,0.8931103939766081,0.9021316766738892,315600,0.0,0.0
1984-10-15 00:00:00-04:00,0.9021316837994063,0.9291956353457963,0.9021316837994063,0.9156636595726013,1230600,0.0,0.0
1984-10-16 00:00:00-04:00,0.9156636601507888,0.920174353158296,0.9066423773765564,0.9066423773765564,342300,0.0,0.0
1984-10-17 00:00:00-04:00,0.9156633797027535,0.9246847629547119,0.9156633797027535,0.9246847629547119,2267700,0.0,0.0
1984-10-18 00:00:00-04:00,0.9291954143959676,0.9472380788835253,0.9291954143959676,0.9427273869514465,2144700,0.0,0.0
1984-10-19 00:00:00-04:00,0.9427275738575988,0.9697915243342837,0.9291955986192563,0.9382169842720032,2419500,0.0,0.0
1984-10-22 00:00:00-04:00,0.9382169081831416,0.9382169081831416,0.9246849340422346,0.9291955232620239,446100,0.0,0.0
1984-10-23 00:00:00-04:00,0.9291953513399408,0.93370604296592,0.9156633797027535,0.9246847629547119,1248000,0.0,0.0
1984-10-24 00:00:00-04:00,0.9246850455819193,0.9246850455819193,0.9111530698087242,0.9156636595726013,1183500,0.0,0.0
1984-10-25 00:00:00-04:00,0.9156637823460451,0.9156637823460451,0.897621214389801,0.897621214389801,441000,0.0,0.0
1984-10-26 00:00:00-04:00,0.897621214389801,0.9021318047584641,0.8885998271708831,0.897621214389801,110100,0.0,0.0
1984-10-29 00:00:00-05:00,0.8976210869456391,0.9066423696429203,0.8976210869456391,0.9021316766738892,144900,0.0,0.0
1984-10-30 00:00:00-05:00,0.9021316837994063,0.9156636595726013,0.9021316837994063,0.9156636595726013,170100,0.0,0.0
1984-10-31 00:00:00-05:00,0.9156636595726013,0.9201743525772603,0.9111530698087242,0.9156636595726013,1075200,0.0,0.0
1984-11-01 00:00:00-05:00,0.9156638451702627,0.924685233008143,0.9111532544921254,0.9201745390892029,358500,0.0,0.0
1984-11-02 00:00:00-05:00,0.9201742415816758,0.9291955232620239,0.9156635491211169,0.9291955232620239,727500,0.0,0.0
1984-11-05 00:00:00-05:00,0.9291955232620239,0.9337062157225827,0.9246849340422346,0.9291955232620239,456600,0.0,0.0
1984-11-06 00:00:00-05:00,0.9291955986192563,0.9382169842720032,0.9246850090336608,0.9382169842720032,363600,0.0,0.0
1984-11-07 00:00:00-05:00,0.9382169842720032,0.9382169842720032,0.9246850090336608,0.9382169842720032,479700,0.0,0.0
1984-11-08 00:00:00-05:00,0.9337062157225827,0.9337062157225827,0.9291955232620239,0.9291955232620239,238800,0.0,0.0
1984-11-09 00:00:00-05:00,0.9291945823971561,0.9382159581835934,0.9156626219581652,0.9337052702903748,201600,0.0,0.0
1984-11-12 00:00:00-05:00,0.93370604296592,0.9382167345918991,0.9246847629547119,0.9246847629547119,156000,0.0,0.0
1984-11-13 00:00:00-05:00,0.9246849329955233,0.9291955222102068,0.9021315739590283,0.9111529588699341,253500,0.0,0.0
1984-11-14 00:00:00-05:00,0.9111530698087242,0.9201743525772603,0.9066423768040653,0.9156636595726013,273000,0.0,0.0
1984-11-15 00:00:00-05:00,0.9156638451702627,0.9291958236862803,0.9156638451702627,0.9201745390892029,189000,0.0,0.0
1984-11-16 00:00:00-05:00,0.9201740713287327,0.9291953513399408,0.9201740713287327,0.9246847629547119,332700,0.0,0.0
1984-11-19 00:00:00-05:00,0.9246847629547119,0.9291953513399408,0.9201740713287327,0.9246847629547119,241800,0.0,0.0
1984-11-20 00:00:00-05:00,0.9246849340422346,0.9337062157225827,0.9246849340422346,0.9291955232620239,410100,0.0,0.0
1984-11-21 00:00:00-05:00,0.9291955986192563,0.9382169842720032,0.9291955986192563,0.9382169842720032,728700,0.0,0.0
1984-11-23 00:00:00-05:00,0.9382170430951191,0.9517490191818719,0.9382170430951191,0.9472383260726929,425100,0.0,0.0
1984-11-26 00:00:00-05:00,0.9472382666839723,0.9562595490959412,0.9337062914456298,0.9382169842720032,1170900,0.0,0.0
1984-11-27 00:00:00-05:00,0.9382167982601252,0.9427273869514465,0.9337061063280464,0.9427273869514465,324300,0.0,0.0
1984-11-28 00:00:00-05:00,0.9427276329635138,0.9517490191818719,0.9382170430951191,0.9472383260726929,402900,0.0,0.0
1984-11-29 00:00:00-05:00,0.9472380788835253,0.9517487708156042,0.9382167982601252,0.9427273869514465,2077500,0.0,0.0
1984-11-30 00:00:00-05:00,0.9427276329635138,0.9517490191818719,0.9427276329635138,0.9472383260726929,2236800,0.0,0.0
1984-12-03 00:00:00-05:00,0.9492758751834691,0.9492758751834691,0.9400145768200098,0.9446452260017395,542700,0.226667,0.0
1984-12-04 00:00:00-05:00,0.9446452500534152,0.9816901264914348,0.9400146007537842,0.9400146007537842,382800,0.0,0.0
1984-12-05 00:00:00-05:00,0.9400146007537842,0.9492758993530461,0.9400146007537842,0.9400146007537842,308700,0.0,0.0
1984-12-06 00:00:00-05:00,0.9400145768200098,0.9492758751834691,0.9400145768200098,0.9446452260017395,1371900,0.0,0.0
1984-12-07 00:00:00-05:00,0.9446449056152751,0.9539060948513628,0.9400142580040793,0.949275553226471,307500,0.0,0.0
1984-12-10 00:00:00-05:00,0.9492754584976847,0.9539059996604919,0.944644811348584,0.9539059996604919,279900,0.0,0.0
1984-12-11 00:00:00-05:00,0.9539060948513628,0.9585367424625586,0.9446449056152751,0.949275553226471,208200,0.0,0.0
1984-12-12 00:00:00-05:00,0.9492758993530461,0.9539064426663344,0.9400146007537842,0.9400146007537842,387000,0.0,0.0
1984-12-13 00:00:00-05:00,0.9400145768200098,0.9492758751834691,0.9400145768200098,0.9446452260017395,201600,0.0,0.0
1984-12-14 00:00:00-05:00,0.944644811348584,0.9585366468095926,0.944644811348584,0.9539059996604919,285000,0.0,0.0
1984-12-17 00:00:00-05:00,0.953906428531531,0.9631677269935608,0.9492758852868572,0.9631677269935608,251400,0.0,0.0
1984-12-18 00:00:00-05:00,0.9631675838647671,1.0002124542489146,0.9585369353218766,0.9955818057060242,758100,0.0,0.0
1984-12-19 00:00:00-05:00,0.9955815652589259,1.0002122126834494,0.9816897289716559,0.9863203763961792,393600,0.0,0.0
1984-12-20 00:00:00-05:00,0.9863208267423842,1.0048433189113994,0.9863208267423842,1.0002126693725586,726900,0.0,0.0
1984-12-21 00:00:00-05:00,1.000212564430513,1.0048432134835075,0.944645199739929,0.9677982330322266,461100,0.0,0.0
1984-12-24 00:00:00-05:00,0.9677982702382346,0.9677982702382346,0.953906428531531,0.9631677269935608,334200,0.0,0.0
1984-12-26 00:00:00-05:00,0.9631672939586934,0.9677978351215005,0.9492754584976847,0.9539059996604919,171300,0.0,0.0
1984-12-27 00:00:00-05:00,0.9539059996604919,0.9631672939586934,0.9539059996604919,0.9539059996604919,355200,0.0,0.0
1984-12-28 00:00:00-05:00,0.953906428531531,0.9724289194692495,0.953906428531531,0.9631677269935608,267000,0.0,0.0
1984-12-31 00:00:00-05:00,0.9631673876248538,0.9909510612487793,0.9631673876248538,0.9909510612487793,557100,0.0,0.0
1985-01-02 00:00:00-05:00,0.9909518076406959,0.9909518076406959,0.9677986581907726,0.9770599603652954,432600,0.0,0.0
1985-01-03 00:00:00-05:00,0.9770595687002643,0.9770595687002643,0.953906428531531,0.9631677269935608,1356900,0.0,0.0
1985-01-04 00:00:00-05:00,0.9631673917369287,0.9631673917369287,0.9539060964985449,0.9585367441177368,995700,0.0,0.0
1985-01-07 00:00:00-05:00,0.9631681130898949,0.9863211565534346,0.9631681130898949,0.9770599603652954,357000,0.0,0.0
1985-01-08 00:00:00-05:00,0.9770599603652954,0.9816905054661731,0.9724293092780341,0.9770599603652954,312000,0.0,0.0
1985-01-09 00:00:00-05:00,0.9770599603652954,0.9863211565534346,0.9724293092780341,0.9770599603652954,369900,0.0,0.0
1985-01-10 00:00:00-05:00,0.9770593874428609,0.9770593874428609,0.9585368999413082,0.9724287390708923,735600,0.0,0.0
1985-01-11 00:00:00-05:00,0.9724289194692495,0.9724289194692495,0.9631677269935608,0.9631677269935608,363000,0.0,0.0
1985-01-14 00:00:00-05:00,0.9631677269935608,0.9677982702382346,0.9585370777625459,0.9631677269935608,820500,0.0,0.0
1985-01-15 00:00:00-05:00,0.9631677269935608,0.9770595687002643,0.9631677269935608,0.9631677269935608,1237800,0.0,0.0
1985-01-16 00:00:00-05:00,0.9631677269935608,0.9677982702382346,0.9585370777625459,0.9631677269935608,433500,0.0,0.0
1985-01-17 00:00:00-05:00,0.9631677269935608,0.9677982702382346,0.953906428531531,0.9631677269935608,2169300,0.0,0.0
1985-01-18 00:00:00-05:00,0.9631677269935608,0.9677982702382346,0.9585370777625459,0.9631677269935608,808200,0.0,0.0
1985-01-21 00:00:00-05:00,0.9631677269935608,0.9677982702382346,0.9631677269935608,0.9631677269935608,240000,0.0,0.0
1985-01-22 00:00:00-05:00,0.9631676899655693,0.9816900742048726,0.958537040912575,0.9677982330322266,590100,0.0,0.0
1985-01-23 00:00:00-05:00,0.9677980906989238,0.9770593874428609,0.9677980906989238,0.9724287390708923,518100,0.0,0.0
1985-01-24 00:00:00-05:00,0.9724289194692495,0.9770595687002643,0.9585370777625459,0.9631677269935608,502800,0.0,0.0
1985-01-25 00:00:00-05:00,0.9631673917369287,0.9677979333698163,0.9585367441177368,0.9585367441177368,534900,0.0,0.0
1985-01-28 00:00:00-05:00,0.9585370777625459,0.9677982702382346,0.9585370777625459,0.9631677269935608,336600,0.0,0.0
1985-01-29 00:00:00-05:00,0.9631677269935608,0.9677982702382346,0.9585370777625459,0.9631677269935608,689100,0.0,0.0
1985-01-30 00:00:00-05:00,0.9631676899655693,0.9724288820852209,0.958537040912575,0.9677982330322266,322200,0.0,0.0
1985-01-31 00:00:00-05:00,0.9677982330322267,0.9724288820852209,0.958537040912575,0.9677982330322266,372300,0.0,0.0
1985-02-01 00:00:00-05:00,0.9677980906989238,0.981689929828508,0.9631675483132767,0.9724287390708923,292800,0.0,0.0
1985-02-04 00:00:00-05:00,0.9724293092780341,0.9770599603652954,0.9677986581907726,0.9770599603652954,179100,0.0,0.0
1985-02-05 00:00:00-05:00,0.9724289194692495,0.9724289194692495,0.9631677269935608,0.9631677269935608,255900,0.0,0.0
1985-02-06 00:00:00-05:00,0.9631673917369287,0.9724285809890083,0.9539060964985449,0.9585367441177368,902100,0.0,0.0
1985-02-07 00:00:00-05:00,0.958537040912575,0.9677982330322267,0.958537040912575,0.9677982330322266,2247300,0.0,0.0
1985-02-08 00:00:00-05:00,0.9677979333698163,0.9724285809890083,0.9539060964985449,0.9585367441177368,375300,0.0,0.0
1985-02-11 00:00:00-05:00,0.9585370777625459,0.9677982702382346,0.9585370777625459,0.9631677269935608,157200,0.0,0.0
1985-02-12 00:00:00-05:00,0.9631681130898949,0.9770599603652954,0.9585374620026336,0.9770599603652954,220800,0.0,0.0
1985-02-13 00:00:00-05:00,0.9770598028403462,0.9816903471946716,0.9677985021589623,0.9816903471946716,507900,0.0,0.0
1985-02-14 00:00:00-05:00,0.9816905054661731,0.9909518076406959,0.9724293092780341,0.9770599603652954,2225400,0.0,0.0
1985-02-15 00:00:00-05:00,0.9770591875334323,0.9863203763961792,0.9677978926843858,0.9863203763961792,260700,0.0,0.0
1985-02-19 00:00:00-05:00,0.9863206146065686,0.9955818057060242,0.9816899660636782,0.9955818057060242,163200,0.0,0.0
1985-02-20 00:00:00-05:00,0.9955816028618977,0.9955816028618977,0.9816897660499349,0.9909510612487793,470400,0.0,0.0
1985-02-21 00:00:00-05:00,0.9909512631494591,0.9955818057060242,0.9863206146065686,0.9955818057060242,582600,0.0,0.0
1985-02-22 00:00:00-05:00,0.9955815652589259,1.0002122126834494,0.9863203763961792,0.9863203763961792,2148300,0.0,0.0
1985-02-25 00:00:00-05:00,0.9863203763961792,0.9909510238207024,0.9816897289716559,0.9863203763961792,1159500,0.0,0.0
1985-02-26 00:00:00-05:00,0.9863211565534346,0.9863211565534346,0.9770599603652954,0.9770599603652954,839700,0.0,0.0
1985-02-27 00:00:00-05:00,0.9770591875334323,0.9863203763961792,0.9770591875334323,0.9863203763961792,1143000,0.0,0.0
1985-02-28 00:00:00-05:00,0.9863203763961792,0.9863203763961792,0.9816897289716559,0.9863203763961792,1490700,0.0,0.0
1985-03-01 00:00:00-05:00,1.012171252914097,1.012171252914097,0.974155467463116,0.9836593866348267,2387100,0.226667,0.0
1985-03-04 00:00:00-05:00,0.9836592306962687,0.9836592306962687,0.9646512866020203,0.9646512866020203,3033000,0.0,0.0
1985-03-05 00:00:00-05:00,0.9646515901734645,0.9836595402494279,0.9646515901734645,0.9789075255393982,2943900,0.0,0.0
1985-03-06 00:00:00-05:00,0.9789073726669021,0.9884114006027511,0.9789073726669021,0.9836593866348267,2605500,0.0,0.0
1985-03-07 00:00:00-05:00,0.98365970590974,0.9884117214200671,0.9741557836532593,0.9741557836532593,2708100,0.0,0.0
1985-03-08 00:00:00-05:00,0.9789075255393982,0.9931634609053319,0.9789075255393982,0.9789075255393982,419100,0.0,0.0
1985-03-11 00:00:00-05:00,0.9789073726669021,0.9884114006027511,0.9789073726669021,0.9836593866348267,308100,0.0,0.0
1985-03-12 00:00:00-05:00,0.9836596497238728,0.9979155866763927,0.9836596497238728,0.9884116649627686,149400,0.0,0.0
1985-03-13 00:00:00-05:00,0.9884116649627686,1.0026676019152885,0.9836596497238728,0.9884116649627686,149400,0.0,0.0
1985-03-14 00:00:00-05:00,0.9931638705599174,1.0026679039001465,0.9931638705599174,1.0026679039001465,147600,0.0,0.0
1985-03-15 00:00:00-05:00,1.0026676019152885,1.0074195083900168,0.9884116649627686,0.9884116649627686,339600,0.0,0.0
1985-03-18 00:00:00-05:00,0.9884115604811318,0.9979154811901286,0.9884115604811318,0.9931634664535522,471300,0.0,0.0
1985-03-19 00:00:00-05:00,0.9931634915064672,1.0074194273116517,0.9931634915064672,0.997915506362915,860100,0.0,0.0
1985-03-20 00:00:00-05:00,0.9979153094801024,1.0121712424726754,0.9979153094801024,1.007419228553772,1188900,0.0,0.0
1985-03-21 00:00:00-05:00,1.0074186895730062,1.0216746149384925,1.0074186895730062,1.0169227123260498,1260000,0.0,0.0
1985-03-22 00:00:00-05:00,1.0169232563915787,1.0216751615463449,1.007419228553772,1.007419228553772,938400,0.0,0.0
1985-03-25 00:00:00-05:00,1.0074188984733579,1.0169229231971746,1.0074188984733579,1.0121709108352661,213900,0.0,0.0
1985-03-26 00:00:00-05:00,1.0121714274711229,1.031179377856755,1.0121714274711229,1.0216753482818604,513000,0.0,0.0
1985-03-27 00:00:00-05:00,1.0216753482818604,1.0359312838800452,1.0216753482818604,1.0216753482818604,426900,0.0,0.0
1985-03-28 00:00:00-05:00,1.0216750855839338,1.0454350446477403,1.0216750855839338,1.0406830310821533,367500,0.0,0.0
1985-03-29 00:00:00-05:00,1.0406830310821533,1.0454350446477403,1.0359310175165661,1.0406830310821533,684600,0.0,0.0
1985-04-01 00:00:00-05:00,1.0406834273336911,1.0549393646944267,1.0359314119587224,1.050187349319458,1241100,0.0,0.0
1985-04-02 00:00:00-05:00,1.050187349319458,1.0549393646944267,1.0454354427086598,1.050187349319458,379200,0.0,0.0
1985-04-03 00:00:00-05:00,1.0501874924156427,1.0644434317188602,1.0454355851573602,1.0549395084381104,937200,0.0,0.0
1985-04-04 00:00:00-05:00,1.0549393646944267,1.0549393646944267,1.0454354427086598,1.050187349319458,252600,0.0,0.0
1985-04-08 00:00:00-05:00,1.0501878141707084,1.0596918491274767,1.045435905456543,1.045435905456543,338700,0.0,0.0
1985-04-09 00:00:00-05:00,1.0454350446477403,1.0549389630147854,1.0406830310821533,1.0406830310821533,174000,0.0,0.0
1985-04-10 00:00:00-05:00,1.0454355851573602,1.0549395084381104,1.0454355851573602,1.0549395084381104,272100,0.0,0.0
1985-04-11 00:00:00-05:00,1.0549390575190298,1.0644429767374612,1.0406831243093133,1.059691071510315,305100,0.0,0.0
1985-04-12 00:00:00-05:00,1.059691112533401,1.0786989517061012,1.0549390983581544,1.069195032119751,585300,0.0,0.0
1985-04-15 00:00:00-05:00,1.0691954137854311,1.0834513526359035,1.0644433979138797,1.0739474296569824,244500,0.0,0.0
1985-04-16 00:00:00-05:00,1.0739472058215143,1.083451126819598,1.0644431760592712,1.0786991119384766,249900,0.0,0.0
1985-04-17 00:00:00-05:00,1.0786996116026952,1.0834516286849976,1.0739477032846025,1.0834516286849976,307200,0.0,0.0
1985-04-18 00:00:00-05:00,1.083451126819598,1.0977070626988032,1.0691951909403927,1.0786991119384766,471600,0.0,0.0
1985-04-19 00:00:00-05:00,1.0834513090698012,1.092955231666565,1.0834513090698012,1.092955231666565,475200,0.0,0.0
1985-04-22 00:00:00-05:00,1.092955231666565,1.0977072473470355,1.0786992933893307,1.092955231666565,2206800,0.0,0.0
1985-04-23 00:00:00-05:00,1.0929555160698377,1.1024595499038696,1.069195649013169,1.1024595499038696,369300,0.0,0.0
1985-04-24 00:00:00-05:00,1.102459263027506,1.1072111699437992,1.092955231666565,1.092955231666565,220500,0.0,0.0
1985-04-25 00:00:00-05:00,1.092954978362902,1.097706992942044,1.0882030725479126,1.0882030725479126,145200,0.0,0.0
1985-04-26 00:00:00-05:00,1.0882033247502718,1.0977072473470355,1.0882033247502718,1.092955231666565,167700,0.0,0.0
1985-04-29 00:00:00-04:00,1.0882031417007194,1.0882031417007194,1.0739472058215143,1.0786991119384766,1565100,0.0,0.0
1985-04-30 00:00:00-04:00,1.078699336764352,1.0834513526359035,1.0691954137854311,1.0739474296569824,1150500,0.0,0.0
1985-05-01 00:00:00-04:00,1.0739472058215143,1.083451126819598,1.0739472058215143,1.0786991119384766,366300,0.0,0.0
1985-05-02 00:00:00-04:00,1.0786990433896289,1.0882030725479126,1.0739471375746392,1.0882030725479126,237300,0.0,0.0
1985-05-03 00:00:00-04:00,1.0882033247502718,1.0977072473470355,1.0834513090698012,1.092955231666565,560700,0.0,0.0
1985-05-06 00:00:00-04:00,1.0929552557905693,1.0977072715759277,1.0929552557905693,1.0977072715759277,946800,0.0,0.0
1985-05-07 00:00:00-04:00,1.097706718124151,1.107210636138916,1.0929547047347061,1.107210636138916,1231200,0.0,0.0
1985-05-08 00:00:00-04:00,1.107211634285223,1.116715669631958,1.1024597253760786,1.116715669631958,224100,0.0,0.0
1985-05-09 00:00:00-04:00,1.116715669631958,1.1214675785411024,1.107211634285223,1.116715669631958,411900,0.0,0.0
1985-05-10 00:00:00-04:00,1.1167150332618587,1.1357228755950928,1.1167150332618587,1.1357228755950928,563100,0.0,0.0
1985-05-13 00:00:00-04:00,1.1357231004556514,1.1404751163618867,1.126219177407363,1.1309711933135986,1280700,0.0,0.0
1985-05-14 00:00:00-04:00,1.1309711933135986,1.1357231004556514,1.126219177407363,1.1309711933135986,1108500,0.0,0.0
1985-05-15 00:00:00-04:00,1.1309709693938648,1.1357228755950928,1.1262189544284757,1.1357228755950928,246300,0.0,0.0
1985-05-16 00:00:00-04:00,1.1357226886290426,1.1499786224141944,1.1262187690269891,1.1452267169952393,879900,0.0,0.0
1985-05-17 00:00:00-04:00,1.145226614593378,1.1737384796142578,1.140474600835187,1.1737384796142578,339000,0.0,0.0
1985-05-20 00:00:00-04:00,1.1737389321323153,1.1927467769650122,1.1689869165420532,1.1689869165420532,1084500,0.0,0.0
1985-05-21 00:00:00-04:00,1.1689868361792053,1.1879947884693622,1.1689868361792053,1.1784907579421997,1226700,0.0,0.0
1985-05-22 00:00:00-04:00,1.1784908143415158,1.1832428298325155,1.159482969905864,1.1642348766326904,880200,0.0,0.0
1985-05-23 00:00:00-04:00,1.1642348766326904,1.1642348766326904,1.149978938923865,1.1642348766326904,447600,0.0,0.0
1985-05-24 00:00:00-04:00,1.1642348766326904,1.16898689212369,1.159482969905864,1.1642348766326904,218400,0.0,0.0
1985-05-28 00:00:00-04:00,1.1642344520978756,1.1784903846083152,1.159482547103818,1.1737384796142578,2156700,0.0,0.0
1985-05-29 00:00:00-04:00,1.1737388514427864,1.1784907579421997,1.1689868361792053,1.1784907579421997,1455900,0.0,0.0
1985-05-30 00:00:00-04:00,1.1784904520726034,1.1879944801330566,1.1737385468065167,1.1879944801330566,1137000,0.0,0.0
1985-05-31 00:00:00-04:00,1.1879944801330566,1.1879944801330566,1.1737385468065167,1.1879944801330566,3117300,0.0,0.0
1985-06-03 00:00:00-04:00,1.201025919379958,1.201025919379958,1.1767135803612838,1.1864385604858398,420300,0.236667,0.0
1985-06-04 00:00:00-04:00,1.1864385604858398,1.1913009392554017,1.1767135803612838,1.1864385604858398,384000,0.0,0.0
1985-06-05 00:00:00-04:00,1.1864384289458763,1.196163296699524,1.1815759394227003,1.196163296699524,372000,0.0,0.0
1985-06-06 00:00:00-04:00,1.196163296699524,1.196163296699524,1.1767134498995246,1.196163296699524,384600,0.0,0.0
1985-06-07 00:00:00-04:00,1.196163296699524,1.2058881644531716,1.1913008071763482,1.196163296699524,588300,0.0,0.0
1985-06-10 00:00:00-04:00,1.196163296699524,1.2010257862226996,1.1913008071763482,1.196163296699524,783600,0.0,0.0
1985-06-11 00:00:00-04:00,1.196163296699524,1.2010257862226996,1.1864384289458763,1.196163296699524,525600,0.0,0.0
1985-06-12 00:00:00-04:00,1.1961637494304276,1.2204759836627324,1.1913012580668683,1.215613603591919,467100,0.0,0.0
1985-06-13 00:00:00-04:00,1.2156134281235336,1.2204758074924842,1.2058884468001727,1.210750937461853,1092000,0.0,0.0
1985-06-14 00:00:00-04:00,1.2107511122283596,1.2204759836627324,1.2107511122283596,1.215613603591919,598200,0.0,0.0
1985-06-17 00:00:00-04:00,1.2156132948397136,1.220475673675537,1.2107508047111726,1.220475673675537,348600,0.0,0.0
1985-06-18 00:00:00-04:00,1.2204760864511042,1.2399259422506603,1.2204760864511042,1.2253385782241821,429900,0.0,0.0
1985-06-19 00:00:00-04:00,1.2253385144158009,1.2350633861627875,1.2253385144158009,1.230201005935669,601800,0.0,0.0
1985-06-20 00:00:00-04:00,1.2302010699972599,1.2302010699972599,1.2204760864511042,1.2253385782241821,299700,0.0,0.0
1985-06-21 00:00:00-04:00,1.2253382895642293,1.264237880706787,1.2204757989366362,1.264237880706787,522000,0.0,0.0
1985-06-24 00:00:00-04:00,1.2545130470084558,1.2545130470084558,1.2253383249850032,1.2350631952285767,728700,0.0,0.0
1985-06-25 00:00:00-04:00,1.2350633861627875,1.2350633861627875,1.2204760228959328,1.230201005935669,176100,0.0,0.0
1985-06-26 00:00:00-04:00,1.2253390427920987,1.2253390427920987,1.1961643036780012,1.2010267972946167,616800,0.0,0.0
1985-06-27 00:00:00-04:00,1.2010267972946167,1.2010267972946167,1.1913018100613857,1.2010267972946167,212400,0.0,0.0
1985-06-28 00:00:00-04:00,1.201025919379958,1.201025919379958,1.1718512015917217,1.1864385604858398,742200,0.0,0.0
1985-07-01 00:00:00-04:00,1.1864385341006496,1.205888271331787,1.1815760441465084,1.205888271331787,658200,0.0,0.0
1985-07-02 00:00:00-04:00,1.2058881644531716,1.2107506539763473,1.1864384289458763,1.196163296699524,882600,0.0,0.0
1985-07-03 00:00:00-04:00,1.196163296699524,1.2058881644531716,1.1864384289458763,1.196163296699524,430500,0.0,0.0
1985-07-05 00:00:00-04:00,1.1961635767695415,1.210750937461853,1.1961635767695415,1.210750937461853,187500,0.0,0.0
1985-07-08 00:00:00-04:00,1.2107511122283596,1.215613603591919,1.1961637494304276,1.215613603591919,354300,0.0,0.0
1985-07-09 00:00:00-04:00,1.2156134281235336,1.2156134281235336,1.2058884468001727,1.210750937461853,347700,0.0,0.0
1985-07-10 00:00:00-04:00,1.2107511122283596,1.215613603591919,1.2058886208648003,1.215613603591919,1116900,0.0,0.0
1985-07-11 00:00:00-04:00,1.2156134281235336,1.2204758074924842,1.2058884468001727,1.210750937461853,1840500,0.0,0.0
1985-07-12 00:00:00-04:00,1.210750963973277,1.2447881767648823,1.210750963973277,1.2350631952285767,442800,0.0,0.0
1985-07-15 00:00:00-04:00,1.2350632360781255,1.2545130885013058,1.2350632360781255,1.2496505975723267,373500,0.0,0.0
1985-07-16 00:00:00-04:00,1.2496505975723267,1.2545130885013058,1.2447882179360836,1.2496505975723267,179400,0.0,0.0
1985-07-17 00:00:00-04:00,1.2496512135546414,1.259376200206273,1.2350638448699849,1.2399263381958008,1097100,0.0,0.0
1985-07-18 00:00:00-04:00,1.2350634504775826,1.2350634504775826,1.2156137059707817,1.2253385782241821,1530600,0.0,0.0
1985-07-19 00:00:00-04:00,1.2253385782241821,1.2350634504775826,1.2107512141977037,1.2253385782241821,457200,0.0,0.0
1985-07-22 00:00:00-04:00,1.2204758074924842,1.2204758074924842,1.1913010861078612,1.210750937461853,372600,0.0,0.0
1985-07-23 00:00:00-04:00,1.2058885640465746,1.2058885640465746,1.0989146494305602,1.1669889688491821,887100,0.0,0.0
1985-07-24 00:00:00-04:00,1.1669885195218601,1.1669885195218601,1.132951317271573,1.1378138065338135,1934400,0.0,0.0
1985-07-25 00:00:00-04:00,1.1378145761590648,1.1475394499688163,1.118364717246789,1.1426770687103271,1402200,0.0,0.0
1985-07-26 00:00:00-04:00,1.1426763704259146,1.1524012382928428,1.1086391659526083,1.123226523399353,562200,0.0,0.0
1985-07-29 00:00:00-04:00,1.1183642925846373,1.1183642925846373,1.0794647008237024,1.1037769317626953,607500,0.0,0.0
1985-07-30 00:00:00-04:00,1.1037774323186473,1.1280897855758667,1.0940525577914284,1.1280897855758667,1428900,0.0,0.0
1985-07-31 00:00:00-04:00,1.132951317271573,1.142676295796054,1.132951317271573,1.1378138065338135,1249200,0.0,0.0
1985-08-01 00:00:00-04:00,1.1378143858203043,1.15726424147892,1.1378143858203043,1.1475392580032349,2052300,0.0,0.0
1985-08-02 00:00:00-04:00,1.1475392580032349,1.15726424147892,1.1378143858203043,1.1475392580032349,490800,0.0,0.0
1985-08-05 00:00:00-04:00,1.1475386737655964,1.1524011630278368,1.132951317271573,1.1378138065338135,221400,0.0,0.0
1985-08-06 00:00:00-04:00,1.137814186355398,1.1524015477189287,1.1183643341064453,1.1183643341064453,305100,0.0,0.0
1985-08-07 00:00:00-04:00,1.1183642925846373,1.1183642925846373,1.0891895709407535,1.1037769317626953,1237500,0.0,0.0
1985-08-08 00:00:00-04:00,1.1037774323186473,1.1280897855758667,1.1037774323186473,1.1280897855758667,1169100,0.0,0.0
1985-08-09 00:00:00-04:00,1.132951317271573,1.1475386737655964,1.132951317271573,1.1378138065338135,284400,0.0,0.0
1985-08-12 00:00:00-04:00,1.1378145761590648,1.1475394499688163,1.1378145761590648,1.1426770687103271,759600,0.0,0.0
1985-08-13 00:00:00-04:00,1.1426770687103271,1.1524019425200784,1.1426770687103271,1.1426770687103271,470400,0.0,0.0
1985-08-14 00:00:00-04:00,1.1426770687103271,1.1524019425200784,1.1426770687103271,1.1426770687103271,916200,0.0,0.0
1985-08-15 00:00:00-04:00,1.147538719421863,1.1621260764962624,1.147538719421863,1.1524012088775635,1154100,0.0,0.0
1985-08-16 00:00:00-04:00,1.1524012088775635,1.157263698333264,1.1426763412588645,1.1524012088775635,212700,0.0,0.0
1985-08-19 00:00:00-04:00,1.1524017878425243,1.1669891522455942,1.1524017878425243,1.1621266603469849,138600,0.0,0.0
1985-08-20 00:00:00-04:00,1.1621265330380943,1.1767138958431447,1.1621265330380943,1.1718515157699585,457200,0.0,0.0
1985-08-21 00:00:00-04:00,1.1718512015917217,1.19616342931768,1.1718512015917217,1.1864385604858398,355500,0.0,0.0
1985-08-22 00:00:00-04:00,1.1864377851941552,1.2010251345559988,1.1718504358323116,1.1815752983093262,919800,0.0,0.0
1985-08-23 00:00:00-04:00,1.1815760704235618,1.1913009392554017,1.1767135803612838,1.1864385604858398,239400,0.0,0.0
1985-08-26 00:00:00-04:00,1.1864385604858398,1.1913009392554017,1.1815760704235618,1.1864385604858398,188700,0.0,0.0
1985-08-27 00:00:00-04:00,1.1864384289458763,1.196163296699524,1.1864384289458763,1.196163296699524,355200,0.0,0.0
1985-08-28 00:00:00-04:00,1.1961643036780012,1.2010267972946167,1.1913018100613857,1.2010267972946167,830400,0.0,0.0
1985-08-29 00:00:00-04:00,1.2010267972946167,1.2010267972946167,1.1961643036780012,1.2010267972946167,655200,0.0,0.0
1985-08-30 00:00:00-04:00,1.2010267972946167,1.2058891796184346,1.1864394277375678,1.2010267972946167,1772400,0.0,0.0
1985-09-03 00:00:00-04:00,1.22929461422247,1.22929461422247,1.1944562684227318,1.1994332075119019,722400,0.236667,0.0
1985-09-04 00:00:00-04:00,1.1994343556191893,1.1994343556191893,1.1944574117660522,1.1944574117660522,227400,0.0,0.0
1985-09-05 00:00:00-04:00,1.1944574117660522,1.1994343556191893,1.1894804679129152,1.1944574117660522,383100,0.0,0.0
1985-09-06 00:00:00-04:00,1.1944571627846248,1.1944571627846248,1.1745495054341104,1.179526448249817,410400,0.0,0.0
1985-09-09 00:00:00-04:00,1.1795256847494962,1.1894794500255812,1.1645949798792492,1.1745487451553345,437100,0.0,0.0
1985-09-10 00:00:00-04:00,1.1745491024574843,1.1745491024574843,1.1247801470249215,1.1347339153289795,533400,0.0,0.0
1985-09-11 00:00:00-04:00,1.1347339881269811,1.1397109295544385,1.1247802191843466,1.129757046699524,1458900,0.0,0.0
1985-09-12 00:00:00-04:00,1.1297567178581085,1.1297567178581085,1.1098491857673798,1.1198029518127441,753000,0.0,0.0
1985-09-13 00:00:00-04:00,1.1198032777568894,1.129757046699524,1.114826336329432,1.129757046699524,570600,0.0,0.0
1985-09-16 00:00:00-04:00,1.1297567082718325,1.1446874141693115,1.1297567082718325,1.1446874141693115,280800,0.0,0.0
1985-09-17 00:00:00-04:00,1.1446883539595412,1.1446883539595412,1.1148269176483154,1.1148269176483154,1622700,0.0,0.0
1985-09-18 00:00:00-04:00,1.1148260118339386,1.1297567178581085,1.1148260118339386,1.1198029518127441,559500,0.0,0.0
1985-09-19 00:00:00-04:00,1.1198035928699666,1.1347343074415661,1.1148266500419959,1.124780535697937,718200,0.0,0.0
1985-09-20 00:00:00-04:00,1.124780535697937,1.1397112502695366,1.1198035928699666,1.124780535697937,695100,0.0,0.0
1985-09-23 00:00:00-04:00,1.124780535697937,1.1347343074415661,1.1098498211263375,1.124780535697937,180000,0.0,0.0
1985-09-24 00:00:00-04:00,1.124780805693617,1.124780805693617,1.1048731435153534,1.1148269176483154,470700,0.0,0.0
1985-09-25 00:00:00-04:00,1.1148259925886197,1.1148259925886197,1.094918460841556,1.104872226715088,173100,0.0,0.0
1985-09-26 00:00:00-04:00,1.0899420115495668,1.0899420115495668,1.0650575287086983,1.0799882411956787,728700,0.0,0.0
1985-09-30 00:00:00-04:00,1.0799877448864266,1.0799877448864266,1.0600800994149289,1.0650570392608643,1050600,0.0,0.0
1985-10-01 00:00:00-04:00,1.0650570392608643,1.0750108050404912,1.0600800994149289,1.0650570392608643,786000,0.0,0.0
1985-10-02 00:00:00-04:00,1.0700343569294943,1.0849650694164747,1.0700343569294943,1.0799882411956787,456300,0.0,0.0
1985-10-03 00:00:00-04:00,1.0799876177998158,1.0949183216684204,1.0799876177998158,1.089941382408142,350100,0.0,0.0
1985-10-04 00:00:00-04:00,1.0899420115495668,1.0949189536826591,1.0650575287086983,1.0799882411956787,280200,0.0,0.0
1985-10-07 00:00:00-04:00,1.0799885545619898,1.084965384226848,1.0650578377427564,1.0750116109848022,372900,0.0,0.0
1985-10-08 00:00:00-04:00,1.0750116109848022,1.0799885545619898,1.0700346674076147,1.0750116109848022,200400,0.0,0.0
1985-10-09 00:00:00-04:00,1.0750116109848022,1.0799885545619898,1.0700346674076147,1.0750116109848022,291900,0.0,0.0
1985-10-10 00:00:00-04:00,1.0750101410255384,1.0949177742004395,1.0750101410255384,1.0949177742004395,1059900,0.0,0.0
1985-10-11 00:00:00-04:00,1.0998952868221996,1.1148259925886197,1.0998952868221996,1.104872226715088,1566900,0.0,0.0
1985-10-14 00:00:00-04:00,1.1048722457885742,1.1247798917915497,1.0998953058097687,1.1198029518127441,528300,0.0,0.0
1985-10-15 00:00:00-04:00,1.1198038616709662,1.1198038616709662,1.1098500875380042,1.1148269176483154,264300,0.0,0.0
1985-10-16 00:00:00-04:00,1.1148265197248857,1.1148265197248857,1.1048727491447978,1.1098496913909912,586200,0.0,0.0
1985-10-17 00:00:00-04:00,1.104872400996791,1.104872400996791,1.0799879254315814,1.0849647521972656,1377600,0.0,0.0
1985-10-18 00:00:00-04:00,1.0849650694164747,1.0949189536826591,1.0799882411956787,1.0799882411956787,1647000,0.0,0.0
1985-10-21 00:00:00-04:00,1.0799879254315814,1.0899416928752126,1.0750109847536344,1.0849647521972656,767100,0.0,0.0
1985-10-22 00:00:00-04:00,1.0849650694164747,1.0899420115495668,1.0750112990625864,1.0799882411956787,802200,0.0,0.0
1985-10-23 00:00:00-04:00,1.0849645810557795,1.1098491666079762,1.0849645810557795,1.104872226715088,734100,0.0,0.0
1985-10-24 00:00:00-04:00,1.1048722457885742,1.1297567178581085,1.1048722457885742,1.1198029518127441,1392900,0.0,0.0
1985-10-25 00:00:00-04:00,1.1198029518127441,1.1247798917915497,1.1048722457885742,1.1198029518127441,1613400,0.0,0.0
1985-10-28 00:00:00-05:00,1.1198032777568894,1.129757046699524,1.1098495088142548,1.129757046699524,930600,0.0,0.0
1985-10-29 00:00:00-05:00,1.1297566660388059,1.1496643111286642,1.1297566660388059,1.139710545539856,1052100,0.0,0.0
1985-10-30 00:00:00-05:00,1.139710545539856,1.1596180767174726,1.1247798402005227,1.139710545539856,742800,0.0,0.0
1985-10-31 00:00:00-05:00,1.1397112502695366,1.1397112502695366,1.1148266500419959,1.124780535697937,1531200,0.0,0.0
1985-11-01 00:00:00-05:00,1.1247798402005227,1.139710545539856,1.1148259606994726,1.139710545539856,1915500,0.0,0.0
1985-11-04 00:00:00-05:00,1.1397108564371448,1.1446876836330375,1.1247801470249215,1.1347339153289795,709800,0.0,0.0
1985-11-05 00:00:00-05:00,1.134733605789331,1.1446873713781391,1.1247798402005227,1.139710545539856,1714500,0.0,0.0
1985-11-06 00:00:00-05:00,1.1397108719867737,1.1596184088664978,1.1397108719867737,1.1496646404266357,1542300,0.0,0.0
1985-11-07 00:00:00-05:00,1.1496645681927264,1.1546415090560913,1.1446876273293616,1.1546415090560913,1477200,0.0,0.0
1985-11-08 00:00:00-05:00,1.1546421220879253,1.1994342719028146,1.1496651785821617,1.1845035552978516,2694900,0.0,0.0
1985-11-11 00:00:00-05:00,1.184502641642255,1.2143640518188477,1.1795257019754095,1.2143640518188477,1043400,0.0,0.0
1985-11-12 00:00:00-05:00,1.214364465548499,1.2392489445362997,1.214364465548499,1.2342720031738281,1155600,0.0,0.0
1985-11-13 00:00:00-05:00,1.2342711937348456,1.2342711937348456,1.2193404933513103,1.2243174314498901,774900,0.0,0.0
1985-11-14 00:00:00-05:00,1.2243183658210288,1.249202847480774,1.2243183658210288,1.249202847480774,1873500,0.0,0.0
1985-11-15 00:00:00-05:00,1.2492028066733158,1.2492028066733158,1.2342720953827493,1.2442259788513184,1591800,0.0,0.0
1985-11-18 00:00:00-05:00,1.2442258858987714,1.2442258858987714,1.2292951757236352,1.2342720031738281,667500,0.0,0.0
1985-11-19 00:00:00-05:00,1.2342721357024686,1.249202847480774,1.2342721357024686,1.249202847480774,519900,0.0,0.0
1985-11-20 00:00:00-05:00,1.2492028066733158,1.2492028066733158,1.2392490371170337,1.2442259788513184,218100,0.0,0.0
1985-11-21 00:00:00-05:00,1.2442259924946875,1.2691104736144032,1.2442259924946875,1.2591567039489746,555300,0.0,0.0
1985-11-22 00:00:00-05:00,1.2591570167633868,1.269110788901647,1.2541800737380981,1.2541800737380981,458700,0.0,0.0
1985-11-25 00:00:00-05:00,1.2541797893776392,1.2591567312745044,1.239249077599334,1.249202847480774,518100,0.0,0.0
1985-11-26 00:00:00-05:00,1.2492027601985398,1.2492027601985398,1.2342720494634487,1.2392489910125732,6699000,0.0,0.0
1985-11-27 00:00:00-05:00,1.229294658572764,1.229294658572764,1.194456311516133,1.2044100761413574,7080000,0.0,0.0
1985-11-29 00:00:00-05:00,1.2044101245114969,1.214364003448708,1.194456359486521,1.2093870639801025,5865000,0.0,0.0
1985-12-02 00:00:00-05:00,1.2026609540021231,1.2128530740737915,1.1975650106049567,1.2128530740737915,1244400,0.236667,0.0
1985-12-03 00:00:00-05:00,1.217948317527771,1.2332363722107078,1.2128523770591926,1.217948317527771,401700,0.0,0.0
1985-12-04 00:00:00-05:00,1.2281405117547466,1.2434285674336911,1.2281405117547466,1.2383325099945068,1719900,0.0,0.0
1985-12-05 00:00:00-05:00,1.2383322500262695,1.2383322500262695,1.2230441975568094,1.2332361936569214,908400,0.0,0.0
1985-12-06 00:00:00-05:00,1.2230441975568094,1.2383322500262695,1.2179481411874613,1.2332361936569214,461400,0.0,0.0
1985-12-09 00:00:00-05:00,1.2281405117547466,1.2434285674336911,1.2230444543155623,1.2383325099945068,451200,0.0,0.0
1985-12-10 00:00:00-05:00,1.2434280346233098,1.2587160837513072,1.2332359241122726,1.2536200284957886,474600,0.0,0.0
1985-12-11 00:00:00-05:00,1.2485249941625924,1.2740051746368408,1.2485249941625924,1.2740051746368408,804900,0.0,0.0
1985-12-12 00:00:00-05:00,1.2689092492725706,1.2994853757610663,1.2638131893115994,1.2791012525558472,472200,0.0,0.0
1985-12-13 00:00:00-05:00,1.2994849681854248,1.304581026548048,1.279100851373561,1.2994849681854248,369900,0.0,0.0
1985-12-16 00:00:00-05:00,1.2892925346565711,1.3351566945853985,1.274004481346962,1.3096765279769897,1285200,0.0,0.0
1985-12-17 00:00:00-05:00,1.3198685835275827,1.3402525759561408,1.3147725271011508,1.3249645233154297,1032300,0.0,0.0
1985-12-18 00:00:00-05:00,1.3300608600715211,1.3504449734349127,1.324964802571021,1.3351569175720215,534000,0.0,0.0
1985-12-19 00:00:00-05:00,1.3249647228544745,1.3300607800483704,1.3045807273560968,1.3147727251052856,1166400,0.0,0.0
1985-12-20 00:00:00-05:00,1.3147738543765406,1.3147738543765406,1.284197718228249,1.2943897247314453,1084200,0.0,0.0
1985-12-23 00:00:00-05:00,1.2892930507659912,1.2892930507659912,1.2689089326471341,1.2892930507659912,242400,0.0,0.0
1985-12-24 00:00:00-05:00,1.284197449684143,1.2892935101894332,1.2689093848069508,1.284197449684143,952500,0.0,0.0
1985-12-26 00:00:00-05:00,1.2791014592761472,1.2841975200607116,1.2689094543457031,1.2689094543457031,366600,0.0,0.0
1985-12-27 00:00:00-05:00,1.2740054453122411,1.2892935101894332,1.2689093848069508,1.284197449684143,353400,0.0,0.0
1985-12-30 00:00:00-05:00,1.2791011174207676,1.284197176843348,1.2740051746368408,1.2740051746368408,396000,0.0,0.0
1985-12-31 00:00:00-05:00,1.2740049913365077,1.2892930507659912,1.2740049913365077,1.2892930507659912,596700,0.0,0.0
1986-01-02 00:00:00-05:00,1.284197449684143,1.2892935101894332,1.2740054453122411,1.284197449684143,472800,0.0,0.0
1986-01-03 00:00:00-05:00,1.279100933387244,1.2892930507659912,1.2740049913365077,1.2892930507659912,319800,0.0,0.0
1986-01-06 00:00:00-05:00,1.2943889928167278,1.2994850515061012,1.2841969920766176,1.2892930507659912,327900,0.0,0.0
1986-01-07 00:00:00-05:00,1.2994844744604397,1.3300605797418619,1.2943884180340075,1.3249645233154297,1043100,0.0,0.0
1986-01-08 00:00:00-05:00,1.3351571434465286,1.3453491435331455,1.2994849681854248,1.2994849681854248,567900,0.0,0.0
1986-01-09 00:00:00-05:00,1.2892933724777897,1.2892933724777897,1.2587172459892941,1.2791012525558472,588600,0.0,0.0
1986-01-10 00:00:00-05:00,1.274005309233542,1.2892933724777897,1.2587172459892941,1.2791012525558472,589800,0.0,0.0
1986-01-13 00:00:00-05:00,1.2791013212830962,1.2791013212830962,1.2536212533865052,1.2638132572174072,519900,0.0,0.0
1986-01-14 00:00:00-05:00,1.2689083408198696,1.2791003368063651,1.253620288520835,1.258716344833374,713700,0.0,0.0
1986-01-15 00:00:00-05:00,1.2689094543457031,1.2791014592761472,1.2638133935611386,1.2689094543457031,633900,0.0,0.0
1986-01-16 00:00:00-05:00,1.2791011174207676,1.2791011174207676,1.2689091152142604,1.2740051746368408,327000,0.0,0.0
1986-01-17 00:00:00-05:00,1.2791012525558472,1.2841973125168185,1.274005309233542,1.2791012525558472,438900,0.0,0.0
1986-01-20 00:00:00-05:00,1.2689092492725706,1.2841973125168185,1.2689092492725706,1.2791012525558472,2103300,0.0,0.0
1986-01-21 00:00:00-05:00,1.2791013891788527,1.2892935101894332,1.2740054453122411,1.284197449684143,334200,0.0,0.0
1986-01-22 00:00:00-05:00,1.294389315800095,1.2994853757610663,1.2689092492725706,1.2791012525558472,360600,0.0,0.0
1986-01-23 00:00:00-05:00,1.2689092492725706,1.2791012525558472,1.2638131893115994,1.2791012525558472,493200,0.0,0.0
1986-01-24 00:00:00-05:00,1.2841969920766176,1.2892930507659912,1.2689089326471341,1.2892930507659912,374100,0.0,0.0
1986-01-27 00:00:00-05:00,1.299484573199016,1.3249646239900537,1.2943885163853708,1.3198686838150024,2016000,0.0,0.0
1986-01-28 00:00:00-05:00,1.3249642225323393,1.3708283700427497,1.3249642225323393,1.3657324314117432,682800,0.0,0.0
1986-01-29 00:00:00-05:00,1.3759258489930228,1.3861178534393372,1.3555417234617146,1.3606377840042114,724500,0.0,0.0
1986-01-30 00:00:00-05:00,1.3504454718817889,1.370829476130268,1.3351574103761032,1.3402533531188965,488100,0.0,0.0
1986-01-31 00:00:00-05:00,1.3300616540265888,1.3810219095355198,1.3249655934840918,1.3606377840042114,645600,0.0,0.0
1986-02-03 00:00:00-05:00,1.3657324314117432,1.3759244253123148,1.3504443822416063,1.3657324314117432,2035800,0.0,0.0
1986-02-04 00:00:00-05:00,1.3759258812950697,1.3810219419572047,1.3555417552852116,1.3708298206329346,846300,0.0,0.0
1986-02-05 00:00:00-05:00,1.3759258118005588,1.3912138763761206,1.3708297513958128,1.3861178159713745,711900,0.0,0.0
1986-02-06 00:00:00-05:00,1.3861177832730391,1.3861177832730391,1.3657337754122636,1.3759257793426514,252600,0.0,0.0
1986-02-07 00:00:00-05:00,1.3759258812950697,1.3759258812950697,1.3657338766094818,1.3708298206329346,264000,0.0,0.0
1986-02-10 00:00:00-05:00,1.3708295517172628,1.396309733390808,1.3606375490310405,1.396309733390808,2031600,0.0,0.0
1986-02-11 00:00:00-05:00,1.3963090953347237,1.4217891487262684,1.3912130380009722,1.416693091392517,632700,0.0,0.0
1986-02-12 00:00:00-05:00,1.4217888524076212,1.4370769045840472,1.416692796135952,1.431980848312378,502200,0.0,0.0
1986-02-13 00:00:00-05:00,1.4268849086792903,1.431980848312378,1.416692796135952,1.431980848312378,305100,0.0,0.0
1986-02-14 00:00:00-05:00,1.4421729608557163,1.4523649567604733,1.4217888524076212,1.431980848312378,722400,0.0,0.0
1986-02-18 00:00:00-05:00,1.4319806202957979,1.4676527752401844,1.4268846814741447,1.4625567197799683,2340000,0.0,0.0
1986-02-19 00:00:00-05:00,1.457461040024043,1.4778450322110643,1.452364983657996,1.4676530361175537,567600,0.0,0.0
1986-02-20 00:00:00-05:00,1.4727492725350362,1.48803732686364,1.467653215545969,1.4829412698745728,682800,0.0,0.0
1986-02-21 00:00:00-05:00,1.482940664528271,1.5237087538832084,1.482940664528271,1.508420705795288,582900,0.0,0.0
1986-02-24 00:00:00-05:00,1.5135181292503415,1.5237101316452026,1.3861175744406262,1.5237101316452026,451800,0.0,0.0
1986-02-25 00:00:00-05:00,1.52370951771389,1.5339016326408117,1.5135175194255772,1.518613576889038,771900,0.0,0.0
1986-02-26 00:00:00-05:00,1.5186128156129353,1.528804808792032,1.508420705795288,1.508420705795288,645300,0.0,0.0
1986-02-27 00:00:00-05:00,1.5186133990566737,1.5389973932462966,1.5135173421899704,1.5339014530181885,404100,0.0,0.0
1986-02-28 00:00:00-05:00,1.5389979271339624,1.5542859863989973,1.5339019851380413,1.5491900444030762,5010000,0.0,0.0
1986-03-03 00:00:00-05:00,1.5371417999267578,1.5786862532081618,1.5215626596610834,1.5371417999267578,3960000,0.236667,0.0
1986-03-04 00:00:00-05:00,1.5371417999267578,1.5475279726768127,1.5267557460361108,1.5371417999267578,720000,0.0,0.0
1986-03-05 00:00:00-05:00,1.5267558842897415,1.531948971135023,1.4644393175840378,1.4955976009368896,1068300,0.0,0.0
1986-03-06 00:00:00-05:00,1.5059848092499981,1.51637099089567,1.4852126836776733,1.4852126836776733,1545300,0.0,0.0
1986-03-07 00:00:00-05:00,1.4955976009368896,1.4955976009368896,1.4644393175840378,1.4955976009368896,1130100,0.0,0.0
1986-03-10 00:00:00-05:00,1.490404896490078,1.500791072845459,1.4852119271718365,1.500791072845459,557700,0.0,0.0
1986-03-11 00:00:00-05:00,1.5059835193954088,1.5371417999267578,1.5007905518797888,1.5371417999267578,1442100,0.0,0.0
1986-03-12 00:00:00-05:00,1.5163700188608755,1.5423352186116308,1.5163700188608755,1.5319491624832153,679200,0.0,0.0
1986-03-13 00:00:00-05:00,1.531948657146261,1.531948657146261,1.5215624855844518,1.5267555713653564,671100,0.0,0.0
1986-03-14 00:00:00-05:00,1.526756074989291,1.5371421311177065,1.505983843873027,1.5319491624832153,930900,0.0,0.0
1986-03-17 00:00:00-05:00,1.51636895474505,1.51636895474505,1.500789822055407,1.5111758708953857,960300,0.0,0.0
1986-03-18 00:00:00-05:00,1.5059840421637007,1.5319493641927042,1.500791072845459,1.500791072845459,505200,0.0,0.0
1986-03-19 00:00:00-05:00,1.5007910616966516,1.5059840309763166,1.4644396824417565,1.4748257398605347,1460100,0.0,0.0
1986-03-20 00:00:00-05:00,1.4540543764596767,1.490405655641,1.4540543764596767,1.4852126836776733,497400,0.0,0.0
1986-03-21 00:00:00-05:00,1.4955967382057427,1.51636895474505,1.4955967382057427,1.5111758708953857,1097700,0.0,0.0
1986-03-24 00:00:00-05:00,1.5111769313669514,1.5319491624832153,1.4748255566283477,1.5319491624832153,728100,0.0,0.0
1986-03-25 00:00:00-05:00,1.5215624855844518,1.5267555713653564,1.5059833471011317,1.5267555713653564,379500,0.0,0.0
1986-03-26 00:00:00-05:00,1.526756074989291,1.5319491624832153,1.5111769313669514,1.5319491624832153,824700,0.0,0.0
1986-03-27 00:00:00-05:00,1.5267553591458465,1.552720546722412,1.5267553591458465,1.552720546722412,803100,0.0,0.0
1986-03-31 00:00:00-05:00,1.5475287253545185,1.5734939321396413,1.5423356364537077,1.5683008432388306,512400,0.0,0.0
1986-04-01 00:00:00-05:00,1.573492768099291,1.578685853158355,1.5475275805227253,1.552720546722412,797700,0.0,0.0
1986-04-02 00:00:00-05:00,1.5475275805227253,1.552720546722412,1.5319484442049107,1.552720546722412,430200,0.0,0.0
1986-04-03 00:00:00-05:00,1.5527209401924325,1.5527209401924325,1.5215626596610834,1.5371417999267578,1605300,0.0,0.0
1986-04-04 00:00:00-05:00,1.5423350159805764,1.5683002123200396,1.505983646017794,1.5163698196411133,925500,0.0,0.0
1986-04-07 00:00:00-05:00,1.5059843063354492,1.5059843063354492,1.4852121876998505,1.5059843063354492,367800,0.0,0.0
1986-04-08 00:00:00-05:00,1.5111781735886651,1.5475295782089233,1.505985081825905,1.5475295782089233,512100,0.0,0.0
1986-04-09 00:00:00-05:00,1.5423358893270367,1.5527219499720368,1.5111775885325511,1.5215636491775513,482700,0.0,0.0
1986-04-10 00:00:00-05:00,1.511176605770436,1.5371417999267578,1.5059835193954088,1.5371417999267578,446400,0.0,0.0
1986-04-11 00:00:00-05:00,1.5371416240677718,1.5423347098486764,1.5059833471011317,1.5267555713653564,301800,0.0,0.0
1986-04-14 00:00:00-05:00,1.5371416240677718,1.5423347098486764,1.5215624855844518,1.5267555713653564,267300,0.0,0.0
1986-04-15 00:00:00-05:00,1.5215624855844518,1.531948657146261,1.5111764328820365,1.5267555713653564,515100,0.0,0.0
1986-04-16 00:00:00-05:00,1.5423356613310257,1.5734939575195312,1.5267565132367729,1.5734939575195312,1138500,0.0,0.0
1986-04-17 00:00:00-05:00,1.5734939575195312,1.5786870465041047,1.5631078984098519,1.5734939575195312,378900,0.0,0.0
1986-04-18 00:00:00-05:00,1.5734939321396413,1.578687021040452,1.526756488610741,1.5683008432388306,372600,0.0,0.0
1986-04-21 00:00:00-05:00,1.573493233447911,1.5994584287034848,1.563107179117564,1.5942654609680176,1161000,0.0,0.0
1986-04-22 00:00:00-05:00,1.599459138924764,1.6098453167263853,1.5475287253545185,1.5683008432388306,669300,0.0,0.0
1986-04-23 00:00:00-05:00,1.5683017075409016,1.5734947993036617,1.5423364864461633,1.5475295782089233,630300,0.0,0.0
1986-04-24 00:00:00-05:00,1.5475289575618107,1.557915018062399,1.5371427782017393,1.542335867881775,655500,0.0,0.0
1986-04-25 00:00:00-05:00,1.5371416240677718,1.5423347098486764,1.5215624855844518,1.5267555713653564,308700,0.0,0.0
1986-04-28 00:00:00-04:00,1.5267565438305175,1.531949632919152,1.4852121876998505,1.5059843063354492,498000,0.0,0.0
1986-04-29 00:00:00-04:00,1.5007912603556761,1.5007912603556761,1.4384746698752946,1.4904050827026367,1173000,0.0,0.0
1986-04-30 00:00:00-04:00,1.4852114447550562,1.4852114447550562,1.4384740229151356,1.4540531635284424,1060200,0.0,0.0
1986-05-01 00:00:00-04:00,1.443666310074039,1.4748245766141934,1.4384733448902494,1.4592454433441162,1548600,0.0,0.0
1986-05-02 00:00:00-04:00,1.4644395903537148,1.500790967322734,1.4644395903537148,1.4800187349319458,963000,0.0,0.0
1986-05-05 00:00:00-04:00,1.4904050827026367,1.5007912603556761,1.480019023909061,1.4904050827026367,413700,0.0,0.0
1986-05-06 00:00:00-04:00,1.4955979846677685,1.5059840421637007,1.4852119271718365,1.500791072845459,387600,0.0,0.0
1986-05-07 00:00:00-04:00,1.5007910616966516,1.5007910616966516,1.4696327705808696,1.4748257398605347,741600,0.0,0.0
1986-05-08 00:00:00-04:00,1.4852119271718365,1.5059840421637007,1.480018838994146,1.500791072845459,372300,0.0,0.0
1986-05-09 00:00:00-04:00,1.5007918372866718,1.5007918372866718,1.4748265020320017,1.4852126836776733,531300,0.0,0.0
1986-05-12 00:00:00-04:00,1.4800184592604637,1.500790687782171,1.4696324044293192,1.4955976009368896,562800,0.0,0.0
1986-05-13 00:00:00-04:00,1.5059836557680342,1.5059836557680342,1.4955976009368896,1.4955976009368896,386400,0.0,0.0
1986-05-14 00:00:00-04:00,1.5059844987803084,1.5215636491775513,1.4955984381353082,1.5215636491775513,593100,0.0,0.0
1986-05-15 00:00:00-04:00,1.5215636491775513,1.5267567389297938,1.5163706782847937,1.5215636491775513,342000,0.0,0.0
1986-05-16 00:00:00-04:00,1.5215619197353647,1.5215619197353647,1.500789822055407,1.5111758708953857,754200,0.0,0.0
1986-05-19 00:00:00-04:00,1.5111773954240837,1.521563454741883,1.4904051579290154,1.5059843063354492,189900,0.0,0.0
1986-05-20 00:00:00-04:00,1.500791072845459,1.500791072845459,1.4852119271718365,1.500791072845459,269100,0.0,0.0
1986-05-21 00:00:00-04:00,1.500790687782171,1.5059836557680342,1.4904045140916082,1.4955976009368896,255900,0.0,0.0
1986-05-22 00:00:00-04:00,1.4904053483830657,1.5215636491775513,1.4904053483830657,1.5215636491775513,351900,0.0,0.0
1986-05-23 00:00:00-04:00,1.526755874405015,1.526755874405015,1.505983646017794,1.5163698196411133,618000,0.0,0.0
1986-05-27 00:00:00-04:00,1.5163712653514252,1.5475295782089233,1.5163712653514252,1.5475295782089233,648000,0.0,0.0
1986-05-28 00:00:00-04:00,1.5579144029100385,1.573493546939139,1.537142171251426,1.5631074905395508,684900,0.0,0.0
1986-05-29 00:00:00-04:00,1.5631075693577,1.5838796832042894,1.5475284245430365,1.5786867141723633,1090800,0.0,0.0
1986-05-30 00:00:00-04:00,1.5786878910664217,1.5786878910664217,1.5371433946834034,1.5475295782089233,5430000,0.0,0.0
1986-06-02 00:00:00-04:00,1.5471044778823853,1.5471044778823853,1.5312095692783487,1.5471044778823853,2973000,0.246667,0.0
1986-06-03 00:00:00-04:00,1.5418061345915302,1.5577010431955665,1.5418061345915302,1.5471044778823853,324000,0.0,0.0
1986-06-04 00:00:00-04:00,1.5524026999047114,1.5577010431955665,1.536507791300675,1.5471044778823853,849300,0.0,0.0
1986-06-05 00:00:00-04:00,1.5418057295740866,1.5577006340026855,1.5418057295740866,1.5577006340026855,1668600,0.0,0.0
1986-06-06 00:00:00-04:00,1.5524014666008725,1.5576998056824674,1.5418049097061155,1.5418049097061157,178200,0.0,0.0
1986-06-09 00:00:00-04:00,1.5418059999744098,1.5471043428026596,1.5153145283701974,1.5259110927581787,770100,0.0,0.0
1986-06-10 00:00:00-04:00,1.5259117771351187,1.5259117771351187,1.5153152079945378,1.520613431930542,301800,0.0,0.0
1986-06-11 00:00:00-04:00,1.5312103572100089,1.5312103572100089,1.4994205236434937,1.4994205236434937,474600,0.0,0.0
1986-06-12 00:00:00-04:00,1.5100165285027607,1.5153148725343908,1.483525050881701,1.5047181844711304,258300,0.0,0.0
1986-06-13 00:00:00-04:00,1.5100161855419478,1.5365076571461602,1.4994196211539665,1.5259110927581787,456600,0.0,0.0
1986-06-16 00:00:00-04:00,1.520613431930542,1.520613431930542,1.4994202936493803,1.520613431930542,697500,0.0,0.0
1986-06-17 00:00:00-04:00,1.515315532684326,1.5259121040954562,1.5100171863444618,1.5153155326843262,1381500,0.0,0.0
1986-06-18 00:00:00-04:00,1.5100171863444618,1.5259121040954562,1.5047188400045974,1.5153155326843262,410100,0.0,0.0
1986-06-19 00:00:00-04:00,1.5206130075283,1.5206130075283,1.5100164413452148,1.5100164413452148,282300,0.0,0.0
1986-06-20 00:00:00-04:00,1.5100161855419478,1.5259110927581787,1.488822935497467,1.5259110927581787,609300,0.0,0.0
1986-06-23 00:00:00-04:00,1.5153147850710267,1.5206130075283,1.504718097619403,1.5100164413452148,608100,0.0,0.0
1986-06-24 00:00:00-04:00,1.5153151838190408,1.536508321762085,1.5047184935789482,1.536508321762085,588000,0.0,0.0
1986-06-25 00:00:00-04:00,1.5365079297598965,1.5524028397962697,1.531209707260132,1.5312097072601318,1148100,0.0,0.0
1986-06-26 00:00:00-04:00,1.5418049097061155,1.5524014666008725,1.536506570624521,1.5418049097061157,459600,0.0,0.0
1986-06-27 00:00:00-04:00,1.5418057295740866,1.5577006340026855,1.5418057295740866,1.5577006340026855,496800,0.0,0.0
1986-06-30 00:00:00-04:00,1.5629987957566103,1.589490259661474,1.5577004544682445,1.584191918373108,493200,0.0,0.0
1986-07-01 00:00:00-04:00,1.578893831219312,1.5841920516850474,1.5524022438166618,1.5682971477508545,861600,0.0,0.0
1986-07-02 00:00:00-04:00,1.5629993136195064,1.6212806020277275,1.5629993136195064,1.6106840372085571,840900,0.0,0.0
1986-07-03 00:00:00-04:00,1.610684243265433,1.6265791531619058,1.600087555822092,1.6053858995437622,288300,0.0,0.0
1986-07-07 00:00:00-04:00,1.600087555822092,1.610684243265433,1.584192645925619,1.6053858995437622,1075800,0.0,0.0
1986-07-08 00:00:00-04:00,1.5894909896472895,1.6053858995437624,1.578894423472487,1.6053858995437622,884700,0.0,0.0
1986-07-09 00:00:00-04:00,1.5947885757545164,1.6212800392408537,1.5947885757545164,1.6159816980361938,1110300,0.0,0.0
1986-07-10 00:00:00-04:00,1.6265796750169623,1.6371762445914588,1.6106847600209289,1.6318778991699219,755700,0.0,0.0
1986-07-11 00:00:00-04:00,1.6477717840660207,1.6689650312346918,1.6371752211159358,1.658368468284607,899100,0.0,0.0
1986-07-14 00:00:00-04:00,1.6583699302835584,1.7113529130116432,1.6530715835033065,1.7060546875,1198800,0.0,0.0
1986-07-15 00:00:00-04:00,1.7166503419356929,1.7431418191353094,1.6530706996417783,1.6742639541625977,1238100,0.0,0.0
1986-07-16 00:00:00-04:00,1.6848603111726268,1.716650128364563,1.6742637458648242,1.716650128364563,537900,0.0,0.0
1986-07-17 00:00:00-04:00,1.7060526879035272,1.7378424887882609,1.7007543473332494,1.727245807647705,821400,0.0,0.0
1986-07-18 00:00:00-04:00,1.7272469657206442,1.737843653965996,1.7166503987438402,1.7219487428665161,390300,0.0,0.0
1986-07-21 00:00:00-04:00,1.7219486694986783,1.748440146446228,1.7166503256017511,1.748440146446228,817500,0.0,0.0
1986-07-22 00:00:00-04:00,1.7484399223398466,1.7749313958918502,1.7378433571727503,1.769633173942566,398400,0.0,0.0
1986-07-23 00:00:00-04:00,1.7749314445478792,1.8014230400946218,1.7643348790903006,1.7961246967315674,1087800,0.0,0.0
1986-07-24 00:00:00-04:00,1.806720377705709,1.8755983226319666,1.8014221582049383,1.8597034215927124,1445700,0.0,0.0
1986-07-25 00:00:00-04:00,1.8544065383204598,1.8703014518525454,1.8491083146554756,1.865003228187561,554700,0.0,0.0
1986-07-28 00:00:00-04:00,1.8650030909609168,1.8703013142360587,1.8120200093295966,1.8226165771484375,1869000,0.0,0.0
1986-07-29 00:00:00-04:00,1.8067201735090845,1.8173168538499245,1.7802287151938991,1.8120185136795044,1015800,0.0,0.0
1986-07-30 00:00:00-04:00,1.8014219546071217,1.8173168538499245,1.7590354757806765,1.8120185136795044,1280400,0.0,0.0
1986-07-31 00:00:00-04:00,1.8173168538499245,1.8173168538499245,1.7961236144367019,1.8120185136795044,424200,0.0,0.0
1986-08-01 00:00:00-04:00,1.8120196384649918,1.8173179819242835,1.79612472935565,1.8014230728149414,592500,0.0,0.0
1986-08-04 00:00:00-04:00,1.8067212950057003,1.8120196384649918,1.7855281637055993,1.8014230728149414,414900,0.0,0.0
1986-08-05 00:00:00-04:00,1.79612472935565,1.8067212950057003,1.7802298202463078,1.8014230728149414,683100,0.0,0.0
1986-08-06 00:00:00-04:00,1.8014238205548028,1.8173187362618493,1.7961254748962596,1.8067220449447632,2559000,0.0,0.0
1986-08-07 00:00:00-04:00,1.8067216647858975,1.8332132662358362,1.7961250969670564,1.8226165771484375,558900,0.0,0.0
1986-08-08 00:00:00-04:00,1.822615072751887,1.8332117530927272,1.8067201735090845,1.8120185136795044,571200,0.0,0.0
1986-08-11 00:00:00-04:00,1.8226165771484377,1.8438098340546774,1.8120200093295966,1.8226165771484375,624600,0.0,0.0
1986-08-12 00:00:00-04:00,1.8332125973282276,1.859704067843329,1.8226159121073764,1.8491075038909912,497100,0.0,0.0
1986-08-13 00:00:00-04:00,1.85440579270628,1.9020905141296003,1.85440579270628,1.8967922925949097,974700,0.0,0.0
1986-08-14 00:00:00-04:00,1.9020898575000795,1.9285814411023166,1.8967916377944127,1.9232831001281738,788700,0.0,0.0
1986-08-15 00:00:00-04:00,1.9126868805297133,1.9497749101570347,1.9126868805297133,1.9391783475875854,673200,0.0,0.0
1986-08-18 00:00:00-04:00,1.9285822264781098,1.9391787914731542,1.907388975219496,1.9338804483413696,435000,0.0,0.0
1986-08-19 00:00:00-04:00,1.9285834741908376,2.0292512099428803,1.9232851276312446,1.9444783926010132,351600,0.0,0.0
1986-08-20 00:00:00-04:00,1.9444771930595135,2.0451447454414753,1.9391788497684508,2.018653392791748,1463700,0.0,0.0
1986-08-21 00:00:00-04:00,2.0292494444524847,2.034547786402407,2.013354539871216,2.013354539871216,2272200,0.0,0.0
1986-08-22 00:00:00-04:00,2.018652351633195,2.018652351633195,1.9709676504135132,1.9709676504135132,1283100,0.0,0.0
1986-08-25 00:00:00-04:00,1.9497749101570347,1.9550732520760083,1.8703003877149207,1.9391783475875854,372300,0.0,0.0
1986-08-26 00:00:00-04:00,1.9391784175930527,1.9709682277175289,1.9338800754828058,1.949774980545044,675300,0.0,0.0
1986-08-27 00:00:00-04:00,1.9603715939949817,1.9603715939949817,1.928581785018136,1.9391783475875854,994500,0.0,0.0
1986-08-28 00:00:00-04:00,1.9285831405298421,1.9338813649041944,1.9020915335837496,1.9073898792266846,1840500,0.0,0.0
1986-08-29 00:00:00-04:00,1.907388975219496,1.944477134604939,1.907388975219496,1.9338804483413696,4440000,0.0,0.0
1986-09-02 00:00:00-04:00,1.9172929525375368,1.9334499159669762,1.8903647212444203,1.9172929525375366,3720000,0.246667,0.0
1986-09-03 00:00:00-04:00,1.901134516995381,1.9334484188325136,1.8957489488676944,1.9226771593093872,3690000,0.0,0.0
1986-09-04 00:00:00-04:00,1.911906957626343,1.922678223109109,1.8957499977682832,1.9119069576263428,872400,0.0,0.0
1986-09-05 00:00:00-04:00,1.9011363794853204,1.906522076156976,1.825737242421511,1.8365085124969482,1349400,0.0,0.0
1986-09-08 00:00:00-04:00,1.8095791339874268,1.8311217838146376,1.766493957600801,1.8095791339874268,1383600,0.0,0.0
1986-09-09 00:00:00-04:00,1.8203503972671342,1.8526643103740525,1.7988078707077193,1.8095791339874268,709500,0.0,0.0
1986-09-10 00:00:00-04:00,1.814965551654357,1.8257368192331174,1.798808588652294,1.8203511238098145,806700,0.0,0.0
1986-09-11 00:00:00-04:00,1.7988086627373108,1.8041942351145763,1.6803242214197143,1.7341808080673218,1444200,0.0,0.0
1986-09-12 00:00:00-04:00,1.7341794860681912,1.7341794860681912,1.664165989125752,1.7234081029891968,1870200,0.0,0.0
1986-09-15 00:00:00-04:00,1.7072522862926802,1.7503376007080078,1.7072522862926802,1.7503376007080078,888900,0.0,0.0
1986-09-16 00:00:00-04:00,1.750337963698833,1.7611092329025269,1.7341809982593603,1.7611092329025269,771000,0.0,0.0
1986-09-17 00:00:00-04:00,1.7664946967910482,1.777265964577996,1.744952037949305,1.7718802690505981,352500,0.0,0.0
1986-09-18 00:00:00-04:00,1.7664936558982711,1.771879224984416,1.7395653173964463,1.7449510097503662,541800,0.0,0.0
1986-09-19 00:00:00-04:00,1.7341808080673218,1.7341808080673218,1.7018668807323272,1.7341808080673218,1242300,0.0,0.0
1986-09-22 00:00:00-04:00,1.7287951124222058,1.750337771734819,1.7126381487547087,1.7341808080673218,308700,0.0,0.0
1986-09-23 00:00:00-04:00,1.7611082606680726,1.7611082606680726,1.7234086543657294,1.7395656108856201,283800,0.0,0.0
1986-09-24 00:00:00-04:00,1.7341797483103012,1.7664936558982711,1.7341797483103012,1.7449510097503662,607800,0.0,0.0
1986-09-25 00:00:00-04:00,1.7449513041481821,1.7557225674055106,1.7287943476282916,1.7395656108856201,403500,0.0,0.0
1986-09-26 00:00:00-04:00,1.7341808080673218,1.7395663804445873,1.7018668807323272,1.7341808080673218,349500,0.0,0.0
1986-09-29 00:00:00-04:00,1.712638258934021,1.7180239549256153,1.6964812942270964,1.712638258934021,315600,0.0,0.0
1986-09-30 00:00:00-04:00,1.707251697845839,1.7611082606680726,1.707251697845839,1.7395656108856201,519600,0.0,0.0
1986-10-01 00:00:00-04:00,1.7557232379913332,1.7772658960018486,1.7395662753004073,1.755723237991333,633000,0.0,0.0
1986-10-02 00:00:00-04:00,1.7395662104702567,1.755723172559045,1.7395662104702567,1.7503376007080078,507900,0.0,0.0
1986-10-03 00:00:00-04:00,1.7611088676779205,1.766494562796796,1.7449519055891323,1.7503376007080078,539400,0.0,0.0
1986-10-06 00:00:00-04:00,1.7395650543399321,1.7503364374189265,1.7234081029891968,1.7234081029891968,480000,0.0,0.0
1986-10-07 00:00:00-04:00,1.73418091963254,1.73418091963254,1.7072525629424267,1.712638258934021,655500,0.0,0.0
1986-10-08 00:00:00-04:00,1.71802329423586,1.7234088648885,1.7018663357423183,1.7072519063949585,456000,0.0,0.0
1986-10-09 00:00:00-04:00,1.7018663357423183,1.7234088648885,1.7018663357423183,1.7072519063949585,339600,0.0,0.0
1986-10-10 00:00:00-04:00,1.6964812278747559,1.7072524961688031,1.6857099595807084,1.6964812278747559,474000,0.0,0.0
1986-10-13 00:00:00-04:00,1.691095598235502,1.7180239549256153,1.6857100255117659,1.712638258934021,1266900,0.0,0.0
1986-10-14 00:00:00-04:00,1.7018670501507358,1.7180240154266357,1.7018670501507358,1.7180240154266357,472500,0.0,0.0
1986-10-15 00:00:00-04:00,1.7180242073616376,1.766495108604431,1.7126385105787016,1.7664951086044312,457800,0.0,0.0
1986-10-16 00:00:00-04:00,1.766494562796796,1.7772658297667088,1.7395662104702567,1.7503376007080078,602700,0.0,0.0
1986-10-17 00:00:00-04:00,1.7395656108856201,1.7395656108856201,1.718023084370963,1.7395656108856201,893700,0.0,0.0
1986-10-20 00:00:00-04:00,1.7287952845212815,1.7341809807025355,1.7072526230641274,1.7180240154266357,315000,0.0,0.0
1986-10-21 00:00:00-04:00,1.7287936210632324,1.7341793120623348,1.7072509803345672,1.7287936210632324,647100,0.0,0.0
1986-10-22 00:00:00-04:00,1.7234081029891968,1.7341794860681912,1.7180225347174558,1.7234081029891968,705300,0.0,0.0
1986-10-23 00:00:00-04:00,1.7287940559563815,1.7449510097503662,1.7180227945163165,1.7449510097503662,1222800,0.0,0.0
1986-10-24 00:00:00-04:00,1.7341793120623348,1.7395648797936931,1.718022362332772,1.7287936210632324,754500,0.0,0.0
1986-10-27 00:00:00-05:00,1.728794943500344,1.7503376007080078,1.7234092483814685,1.7503376007080078,447000,0.0,0.0
1986-10-28 00:00:00-05:00,1.7557237150385594,1.7718806821194906,1.7503381415234998,1.7664951086044312,454200,0.0,0.0
1986-10-29 00:00:00-05:00,1.755723374514504,1.7988086938858032,1.7449521063056053,1.7988086938858032,1773900,0.0,0.0
1986-10-30 00:00:00-05:00,1.804193440713675,1.8365073538205934,1.7988078707077193,1.8095791339874268,1504200,0.0,0.0
1986-10-31 00:00:00-05:00,1.7934233000515154,1.8149659633636475,1.788037603406514,1.8149659633636475,346800,0.0,0.0
1986-11-03 00:00:00-05:00,1.8095793975026984,1.8418933153152466,1.8095793975026984,1.8418933153152466,406500,0.0,0.0
1986-11-04 00:00:00-05:00,1.8365076115102286,1.8418933055396742,1.782651164287026,1.8311220407485962,506400,0.0,0.0
1986-11-05 00:00:00-05:00,1.8257363467191507,1.8311220407485962,1.8149650819280727,1.8311220407485962,619500,0.0,0.0
1986-11-06 00:00:00-05:00,1.8311219941888695,1.8472789525985718,1.820350606403861,1.8472789525985718,719400,0.0,0.0
1986-11-07 00:00:00-05:00,1.8526654792440413,1.8526654792440413,1.8311229390931665,1.8365085124969482,371100,0.0,0.0
1986-11-10 00:00:00-05:00,1.8311220407485962,1.8418933055396742,1.820350652689705,1.8311220407485962,435000,0.0,0.0
1986-11-11 00:00:00-05:00,1.825737242421511,1.8365085124969485,1.8203515457498554,1.8365085124969482,186900,0.0,0.0
1986-11-12 00:00:00-05:00,1.841894209168604,1.841894209168604,1.8203515457498554,1.8365085124969482,336600,0.0,0.0
1986-11-13 00:00:00-05:00,1.8311220407485962,1.8418933055396742,1.8257363467191507,1.8311220407485962,286800,0.0,0.0
1986-11-14 00:00:00-05:00,1.841894209168604,1.841894209168604,1.825737242421511,1.8365085124969482,740100,0.0,0.0
1986-11-17 00:00:00-05:00,1.825737242421511,1.841894209168604,1.825737242421511,1.8365085124969482,710400,0.0,0.0
1986-11-18 00:00:00-05:00,1.825736926041976,1.8526651581981488,1.7664947659912549,1.7988086938858032,1165800,0.0,0.0
1986-11-19 00:00:00-05:00,1.7934223309820048,1.7988080247168652,1.7557227213735946,1.7826510667800903,485700,0.0,0.0
1986-11-20 00:00:00-05:00,1.7772652208805084,1.8149648272611785,1.7718795276067567,1.8095791339874268,702000,0.0,0.0
1986-11-21 00:00:00-05:00,1.8311229390931665,1.8472799058402596,1.8203515457498554,1.8365085124969482,1194000,0.0,0.0
1986-11-24 00:00:00-05:00,1.84189356200958,1.8688217893707355,1.8311222957186837,1.852664828300476,646500,0.0,0.0
1986-11-25 00:00:00-05:00,1.847279009373276,1.8526645801634913,1.7826511737481796,1.8418933153152466,2400900,0.0,0.0
1986-11-26 00:00:00-05:00,1.8365079084163058,1.8418936033164504,1.8203509469837054,1.82573664188385,2137800,0.0,0.0
1986-11-28 00:00:00-05:00,1.83112251465642,1.83112251465642,1.8095798562310543,1.8203511238098145,3930000,0.0,0.0
1986-12-01 00:00:00-05:00,1.8418387174606323,1.8418387174606323,1.7870220471430116,1.8418387174606323,4740000,0.246667,0.0
1986-12-02 00:00:00-05:00,1.808948740363121,1.8418387174606323,1.808948740363121,1.8418387174606323,4200000,0.0,0.0
1986-12-03 00:00:00-05:00,1.8308752344047283,1.8582835038491763,1.8199118262547154,1.85280179977417,721800,0.0,0.0
1986-12-04 00:00:00-05:00,1.85280179977417,1.8637652079241827,1.8418385170894491,1.85280179977417,836700,0.0,0.0
1986-12-05 00:00:00-05:00,1.8418404792319547,1.8582854835108116,1.814432180589002,1.8308771848678589,457200,0.0,0.0
1986-12-08 00:00:00-05:00,1.830875022570712,1.8363566005462024,1.7925033494158908,1.8253933191299438,650700,0.0,0.0
1986-12-09 00:00:00-05:00,1.8363569227048688,1.8363569227048688,1.8089486516232527,1.8144303560256958,690300,0.0,0.0
1986-12-10 00:00:00-05:00,1.819911615689176,1.830875022570712,1.797985052856659,1.8253933191299438,990000,0.0,0.0
1986-12-11 00:00:00-05:00,1.8253950379151822,1.8253950379151822,1.7815417454927722,1.7979867458343506,580500,0.0,0.0
1986-12-12 00:00:00-05:00,1.7979867458343504,1.808950037573604,1.7870233286297013,1.7979867458343506,385500,0.0,0.0
1986-12-15 00:00:00-05:00,1.7925032774801348,1.803466558456421,1.7815399965038488,1.803466558456421,519900,0.0,0.0
1986-12-16 00:00:00-05:00,1.814432180589002,1.8308771848678589,1.7870237564806237,1.8308771848678589,633600,0.0,0.0
1986-12-17 00:00:00-05:00,1.819911615689176,1.8418383039869703,1.8089483342729173,1.8253933191299438,943800,0.0,0.0
1986-12-18 00:00:00-05:00,1.825395474953098,1.8418404792319547,1.8199137650383372,1.8308771848678589,671700,0.0,0.0
1986-12-19 00:00:00-05:00,1.8308753437677254,1.841838627107312,1.7979853682836662,1.8144303560256958,1175100,0.0,0.0
1986-12-22 00:00:00-05:00,1.803466558456421,1.8144299648979796,1.7760582932830693,1.803466558456421,679500,0.0,0.0
1986-12-23 00:00:00-05:00,1.8144308408350802,1.8144308408350802,1.7760591506958008,1.7760591506958008,745800,0.0,0.0
1986-12-24 00:00:00-05:00,1.7870233286297013,1.808950037573604,1.7815417454927722,1.7979867458343506,437700,0.0,0.0
1986-12-26 00:00:00-05:00,1.7979862431955413,1.7979862431955413,1.781541247451269,1.7870228290557861,140100,0.0,0.0
1986-12-29 00:00:00-05:00,1.7925041913986206,1.797985897414279,1.7815409048326403,1.7925041913986206,593700,0.0,0.0
1986-12-30 00:00:00-05:00,1.7815408565629358,1.7925041428318729,1.7760591506958008,1.7760591506958008,1095600,0.0,0.0
1986-12-31 00:00:00-05:00,1.776059116018565,1.7815408217786708,1.7431691323885916,1.765095829963684,787500,0.0,0.0
1987-01-02 00:00:00-05:00,1.7650972387186814,1.8089505434036257,1.7650972387186814,1.8089505434036255,661800,0.0,0.0
1987-01-05 00:00:00-05:00,1.819912024240523,1.8418387174606323,1.819912024240523,1.8418387174606323,571800,0.0,0.0
1987-01-06 00:00:00-05:00,1.8418387174606323,1.8528020013380342,1.8363570127892785,1.8418387174606323,884400,0.0,0.0
1987-01-07 00:00:00-05:00,1.8418381567187232,1.8911731073451177,1.8418381567187232,1.8856914043426514,901800,0.0,0.0
1987-01-08 00:00:00-05:00,1.8966555805380598,1.9021371603012087,1.885692170081125,1.9021371603012085,310500,0.0,0.0
1987-01-09 00:00:00-05:00,1.9076192378997803,1.918582525031446,1.874729251039439,1.9076192378997803,378300,0.0,0.0
1987-01-12 00:00:00-05:00,1.9076196824089955,1.945991384509128,1.902137974833156,1.9405096769332886,389100,0.0,0.0
1987-01-13 00:00:00-05:00,1.9295452970628248,1.9295452970628248,1.891173616642514,1.8966553211212158,395700,0.0,0.0
1987-01-14 00:00:00-05:00,1.9021363878847828,1.907618090887249,1.86924642080052,1.8856914043426514,830700,0.0,0.0
1987-01-15 00:00:00-05:00,1.8911731073451177,1.8911731073451177,1.863764843263321,1.8856914043426514,431700,0.0,0.0
1987-01-16 00:00:00-05:00,1.8856928909647503,1.8966563056129009,1.8637663125991821,1.8637663125991821,1010700,0.0,0.0
1987-01-19 00:00:00-05:00,1.8582838948694256,1.9131005707581432,1.8528021896409583,1.9021371603012085,1001400,0.0,0.0
1987-01-20 00:00:00-05:00,1.907618797195844,1.9240637868268429,1.8911738075648454,1.9185820817947388,635100,0.0,0.0
1987-01-21 00:00:00-05:00,1.9295452970628248,1.9459902850336293,1.885691912163812,1.8966553211212158,1186500,0.0,0.0
1987-01-22 00:00:00-05:00,1.9076196824089955,1.9514729666195954,1.902137974833156,1.9405096769332886,476400,0.0,0.0
1987-01-23 00:00:00-05:00,1.9459909310586256,2.0117709047793078,1.863765963907773,1.9076192378997803,971700,0.0,0.0
1987-01-26 00:00:00-05:00,1.9076190135745577,1.956953988063555,1.896655727732112,1.951472282409668,354600,0.0,0.0
1987-01-27 00:00:00-05:00,1.9405096645033117,1.951472954119393,1.9131013777304227,1.9350279569625854,750000,0.0,0.0
1987-01-28 00:00:00-05:00,1.940508754959571,1.940508754959571,1.885692081641767,1.9131004810333252,1594500,0.0,0.0
1987-01-29 00:00:00-05:00,1.924063592584123,1.9295452970628248,1.863765345179607,1.8966553211212158,2520300,0.0,0.0
1987-01-30 00:00:00-05:00,1.9021380527824527,1.9021380527824527,1.8692480569103334,1.8802114725112915,756000,0.0,0.0
1987-02-02 00:00:00-05:00,1.8802114725112913,1.896656470447351,1.8637664745752316,1.8802114725112915,964500,0.0,0.0
1987-02-03 00:00:00-05:00,1.880211502930457,1.9021380835563595,1.880211502930457,1.8911747932434082,700200,0.0,0.0
1987-02-04 00:00:00-05:00,1.885691912163812,1.9021369001346164,1.885691912163812,1.8966553211212158,454200,0.0,0.0
1987-02-05 00:00:00-05:00,1.8856923231664953,1.8911740288399814,1.847320759848077,1.874729037284851,821700,0.0,0.0
1987-02-06 00:00:00-05:00,1.8747289223395713,1.8802106276769577,1.808948960152218,1.8363572359085083,825900,0.0,0.0
1987-02-09 00:00:00-05:00,1.8418400969411113,1.8418400969411113,1.8034683864330383,1.819913387298584,754200,0.0,0.0
1987-02-10 00:00:00-05:00,1.8199119349628394,1.8308753437677254,1.7925036638812233,1.8144303560256958,639000,0.0,0.0
1987-02-11 00:00:00-05:00,1.8034687607594804,1.8308771848678589,1.7979871763101454,1.8308771848678589,1799100,0.0,0.0
1987-02-12 00:00:00-05:00,1.8253941765618982,1.8363574631278785,1.7815409048326403,1.7925041913986206,1011000,0.0,0.0
1987-02-13 00:00:00-05:00,1.7815422436587143,1.836358843148537,1.7650972387186814,1.8089505434036255,1528200,0.0,0.0
1987-02-17 00:00:00-05:00,1.8144317461759287,1.847321746859085,1.7979867458343504,1.7979867458343506,861000,0.0,0.0
1987-02-18 00:00:00-05:00,1.7979853682836662,1.8253936393652823,1.7815403805416368,1.8144303560256958,868200,0.0,0.0
1987-02-19 00:00:00-05:00,1.825395474953098,1.8473221891467155,1.8199137650383372,1.8308771848678589,798000,0.0,0.0
1987-02-20 00:00:00-05:00,1.8363572359085083,1.8418389412458946,1.8308756560364428,1.8363572359085083,430200,0.0,0.0
1987-02-23 00:00:00-05:00,1.8308771848678589,1.8418404792319547,1.7979871763101454,1.8308771848678589,881400,0.0,0.0
1987-02-24 00:00:00-05:00,1.8418385170894491,1.85280179977417,1.8363568130144425,1.85280179977417,405300,0.0,0.0
1987-02-25 00:00:00-05:00,1.8528020013380342,1.8692469898867898,1.8308754335832305,1.8418387174606323,821100,0.0,0.0
1987-02-26 00:00:00-05:00,1.8473221891467155,1.8473221891467155,1.825395474953098,1.8308771848678589,411600,0.0,0.0
1987-02-27 00:00:00-05:00,1.8418404792319547,1.8473221891467155,1.825395474953098,1.8308771848678589,1934400,0.0,0.0
1987-03-02 00:00:00-05:00,1.8360104560852053,1.8527521931550681,1.791365866475343,1.836010456085205,1559400,0.246667,0.0
1987-03-03 00:00:00-05:00,1.7969461435590497,1.8248489907494296,1.7969461435590497,1.8081072568893433,1114200,0.0,0.0
1987-03-04 00:00:00-05:00,1.8192687190153423,1.841591077684932,1.808107603545206,1.836010456085205,963900,0.0,0.0
1987-03-05 00:00:00-05:00,1.824849046028412,1.8583325147628782,1.8081073116611788,1.8583325147628784,994500,0.0,0.0
1987-03-06 00:00:00-05:00,1.8694929836282783,1.8694929836282783,1.841590145216566,1.8527512550354004,585000,0.0,0.0
1987-03-09 00:00:00-05:00,1.8471707639906094,1.8527512550354004,1.8360095264425225,1.8527512550354004,405900,0.0,0.0
1987-03-10 00:00:00-05:00,1.8471717834472656,1.8583328994259354,1.8415911615932694,1.8471717834472656,388200,0.0,0.0
1987-03-11 00:00:00-05:00,1.8527513959690374,1.858332015167583,1.8360096661026628,1.8415902853012085,465300,0.0,0.0
1987-03-12 00:00:00-05:00,1.8415911615932694,1.8583328994259354,1.8304300456145997,1.8471717834472656,728700,0.0,0.0
1987-03-13 00:00:00-05:00,1.847170904499754,1.858332015167583,1.8415902853012085,1.8415902853012085,251100,0.0,0.0
1987-03-16 00:00:00-05:00,1.8415904270941936,1.8415904270941936,1.8192680763105673,1.8304293155670166,461400,0.0,0.0
1987-03-17 00:00:00-05:00,1.8304300456145997,1.8862357532372713,1.8248494237606032,1.8471717834472656,474300,0.0,0.0
1987-03-18 00:00:00-05:00,1.8583324584696026,1.8583324584696026,1.7913655230292567,1.8081072568893433,411600,0.0,0.0
1987-03-19 00:00:00-05:00,1.7969459817011795,1.8081070940261486,1.7690430092948355,1.8025264739990234,362400,0.0,0.0
1987-03-20 00:00:00-05:00,1.7746241294054799,1.841591077684932,1.7746241294054799,1.836010456085205,645900,0.0,0.0
1987-03-23 00:00:00-05:00,1.8415911615932694,1.8471717834472656,1.8192688019066068,1.8471717834472656,629100,0.0,0.0
1987-03-24 00:00:00-05:00,1.836010509791476,1.836010509791476,1.8136882781982422,1.8136882781982422,415500,0.0,0.0
1987-03-25 00:00:00-05:00,1.8304300456145997,1.852752277571939,1.8136883077819335,1.8471717834472656,414600,0.0,0.0
1987-03-26 00:00:00-05:00,1.836010159696802,1.8694936284312682,1.836010159696802,1.8583325147628784,582000,0.0,0.0
1987-03-27 00:00:00-05:00,1.8527515386213707,1.8527515386213707,1.824848695938792,1.8304293155670166,1266900,0.0,0.0
1987-03-30 00:00:00-05:00,1.7411392491705389,1.785783802726712,1.7411392491705389,1.7634615898132324,1772400,0.0,0.0
1987-03-31 00:00:00-05:00,1.7634619759180037,1.7857841937188665,1.7299785214874672,1.75230073928833,1225200,0.0,0.0
1987-04-01 00:00:00-05:00,1.7188172848577936,1.7578813576031669,1.7132367942721989,1.75230073928833,790800,0.0,0.0
1987-04-02 00:00:00-05:00,1.7523021203117555,1.7690438607215153,1.7188186394922356,1.746721625328064,512100,0.0,0.0
1987-04-03 00:00:00-05:00,1.7467212154319753,1.7802046883940623,1.7467212154319753,1.7690434455871582,539100,0.0,0.0
1987-04-06 00:00:00-04:00,1.7634615898132326,1.785783802726712,1.729978142713799,1.7634615898132324,642000,0.0,0.0
1987-04-07 00:00:00-04:00,1.7578820563223014,1.7634626768553112,1.7299792091158388,1.7355597019195557,644400,0.0,0.0
1987-04-08 00:00:00-04:00,1.7355604345930615,1.7467216803708436,1.7076575756072998,1.7076575756072998,836100,0.0,0.0
1987-04-09 00:00:00-04:00,1.7076569184917656,1.713237539233204,1.6574317150067137,1.68533456325531,921600,0.0,0.0
1987-04-10 00:00:00-04:00,1.6741740293515317,1.6797546520258175,1.6406905487645012,1.668593406677246,859200,0.0,0.0
1987-04-13 00:00:00-04:00,1.6630129117323023,1.6853351469707614,1.6574322890580164,1.668593406677246,1096200,0.0,0.0
1987-04-14 00:00:00-04:00,1.6518507452826496,1.6518507452826496,1.60720617197099,1.629528522491455,1129800,0.0,0.0
1987-04-15 00:00:00-04:00,1.6295286817610433,1.6797538795441307,1.6295286817610433,1.663012146949768,1093200,0.0,0.0
1987-04-16 00:00:00-04:00,1.6797540702431693,1.724398652986783,1.6685928287602927,1.68533456325531,578700,0.0,0.0
1987-04-20 00:00:00-04:00,1.6964958047381866,1.713237539233204,1.6574317150067137,1.68533456325531,413100,0.0,0.0
1987-04-21 00:00:00-04:00,1.6741727647327243,1.7746231306166875,1.6518504186265395,1.7578814029693604,714000,0.0,0.0
1987-04-22 00:00:00-04:00,1.7411403341416183,1.7523014475532743,1.6797540187835693,1.6797540187835693,1015200,0.0,0.0
1987-04-23 00:00:00-04:00,1.6909158346699733,1.7076575756072998,1.6797547166215379,1.7076575756072998,744000,0.0,0.0
1987-04-24 00:00:00-04:00,1.6964956121384933,1.702076104517092,1.6462704143554057,1.663012146949768,1467000,0.0,0.0
1987-04-27 00:00:00-04:00,1.6630118191851126,1.6853340397585652,1.6295283605956759,1.6518505811691284,706200,0.0,0.0
1987-04-28 00:00:00-04:00,1.6518505306454243,1.6797534971026833,1.6351088018627704,1.6741728782653809,764400,0.0,0.0
1987-04-29 00:00:00-04:00,1.6964953475344593,1.718817569025802,1.6853341090595249,1.7020758390426636,1257900,0.0,0.0
1987-04-30 00:00:00-04:00,1.7188175916671753,1.7188175916671753,1.69649536988179,1.7188175916671753,263100,0.0,0.0
1987-05-01 00:00:00-04:00,1.7188173488348906,1.7188173488348906,1.6741727838421812,1.690914511680603,352200,0.0,0.0
1987-05-04 00:00:00-04:00,1.7020762977503272,1.713237539233204,1.6518510942652753,1.68533456325531,1131600,0.0,0.0
1987-05-05 00:00:00-04:00,1.6964950616928618,1.7299785160175285,1.6853338250984784,1.724397897720337,1113300,0.0,0.0
1987-05-06 00:00:00-04:00,1.7243978977203367,1.7355590065854785,1.6853338250984784,1.724397897720337,521100,0.0,0.0
1987-05-07 00:00:00-04:00,1.7076563092357544,1.729978656508064,1.6853339619634449,1.713236927986145,816000,0.0,0.0
1987-05-08 00:00:00-04:00,1.7243993165446263,1.7355604345930615,1.6964964575588644,1.7076575756072998,1043700,0.0,0.0
1987-05-11 00:00:00-04:00,1.718817498348002,1.763462194953423,1.6518505811691284,1.6518505811691284,788100,0.0,0.0
1987-05-12 00:00:00-04:00,1.6741728782653806,1.6964952258853372,1.657431149482727,1.6741728782653809,296400,0.0,0.0
1987-05-13 00:00:00-04:00,1.6909151839967482,1.6909151839967482,1.6630123357481519,1.68533456325531,354600,0.0,0.0
1987-05-14 00:00:00-04:00,1.7076564582801308,1.713237077517598,1.6797536175513208,1.7020758390426636,555300,0.0,0.0
1987-05-15 00:00:00-04:00,1.6741729294718388,1.6853340397585652,1.640689470882402,1.6518505811691284,707400,0.0,0.0
1987-05-18 00:00:00-04:00,1.6518505811691284,1.6630118191851126,1.6183671225796916,1.6518505811691284,673500,0.0,0.0
1987-05-19 00:00:00-04:00,1.6518499560022486,1.6630111897941,1.5681413412094116,1.5681413412094116,592500,0.0,0.0
1987-05-20 00:00:00-04:00,1.5793033387932833,1.640689643419635,1.5737227191984253,1.6016255617141724,690000,0.0,0.0
1987-05-21 00:00:00-04:00,1.6239479029290214,1.6462702534494864,1.6239479029290214,1.629528522491455,582000,0.0,0.0
1987-05-22 00:00:00-04:00,1.6462711714387868,1.6741740293515317,1.6351099260902153,1.668593406677246,978600,0.0,0.0
1987-05-26 00:00:00-04:00,1.6741730203671399,1.7243982109781542,1.6741730203671399,1.7188175916671753,684000,0.0,0.0
1987-05-27 00:00:00-04:00,1.718818693655735,1.718818693655735,1.7020769527184088,1.7076575756072998,553800,0.0,0.0
1987-05-28 00:00:00-04:00,1.718817279423145,1.7299785160175285,1.69091444339567,1.724397897720337,746400,0.0,0.0
1987-05-29 00:00:00-04:00,1.7299785160175285,1.7355590065854785,1.7132367888551951,1.724397897720337,432600,0.0,0.0
1987-06-01 00:00:00-04:00,1.695943236351013,1.7300897435912441,1.6902521083914452,1.6959432363510132,1112400,0.25,0.0
1987-06-02 00:00:00-04:00,1.701634234051993,1.7187074876721087,1.6731788547713295,1.6959432363510132,1227000,0.0,0.0
1987-06-03 00:00:00-04:00,1.6902515652242067,1.7357801834942324,1.6902515652242067,1.7300891876220703,500100,0.0,0.0
1987-06-04 00:00:00-04:00,1.718708210733885,1.741472601890564,1.713017210638697,1.741472601890564,195000,0.0,0.0
1987-06-05 00:00:00-04:00,1.7414708733558655,1.7414708733558655,1.7016332609380243,1.7073243856430054,322200,0.0,0.0
1987-06-08 00:00:00-04:00,1.6959439498358484,1.741472601890564,1.6902528194820179,1.741472601890564,301200,0.0,0.0
1987-06-09 00:00:00-04:00,1.7357814715367335,1.741472601890564,1.7300904714415457,1.741472601890564,219000,0.0,0.0
1987-06-10 00:00:00-04:00,1.7357803075649747,1.7699268062728664,1.7357803075649747,1.758544683456421,855000,0.0,0.0
1987-06-11 00:00:00-04:00,1.7642358099939213,1.7642358099939213,1.7471625606399754,1.758544683456421,255900,0.0,0.0
1987-06-12 00:00:00-04:00,1.769925607015955,1.809763205268396,1.769925607015955,1.7983810901641846,600600,0.0,0.0
1987-06-15 00:00:00-04:00,1.798382835816682,1.798382835816682,1.7642363271002803,1.792691707611084,728100,0.0,0.0
1987-06-16 00:00:00-04:00,1.7870005794054857,1.7926917076110838,1.769927325047285,1.792691707611084,286500,0.0,0.0
1987-06-17 00:00:00-04:00,1.798381953279086,1.798381953279086,1.7699264564739337,1.7869997024536133,312600,0.0,0.0
1987-06-18 00:00:00-04:00,1.7926917076110838,1.798382835816682,1.769927325047285,1.792691707611084,351000,0.0,0.0
1987-06-19 00:00:00-04:00,1.7926917076110838,1.7926917076110838,1.769927325047285,1.792691707611084,737100,0.0,0.0
1987-06-22 00:00:00-04:00,1.7926917076110838,1.798382835816682,1.775618453252883,1.792691707611084,435600,0.0,0.0
1987-06-23 00:00:00-04:00,1.7926909847673973,1.7926909847673973,1.7642356157302856,1.7642356157302856,1541100,0.0,0.0
1987-06-24 00:00:00-04:00,1.7642358099939213,1.7699268062728664,1.741471434102475,1.758544683456421,270300,0.0,0.0
1987-06-25 00:00:00-04:00,1.7585444268485906,1.7699265480041504,1.7528533011415428,1.7699265480041504,906900,0.0,0.0
1987-06-26 00:00:00-04:00,1.7585451175434588,1.7642362454857823,1.7414718639750757,1.7528539896011353,216000,0.0,0.0
1987-06-29 00:00:00-04:00,1.7414718639750757,1.7528539896011353,1.730089738349016,1.7528539896011353,767100,0.0,0.0
1987-06-30 00:00:00-04:00,1.7528534316278102,1.7528534316278102,1.7130159394884925,1.7300891876220703,409800,0.0,0.0
1987-07-01 00:00:00-04:00,1.7414707830636809,1.7414707830636809,1.718706415682562,1.7243975400924683,327900,0.0,0.0
1987-07-02 00:00:00-04:00,1.7243980614913625,1.7357801834942324,1.7187069353606546,1.7300891876220703,561900,0.0,0.0
1987-07-06 00:00:00-04:00,1.735780575059379,1.741471702473917,1.7130163259183782,1.7187073230743408,518700,0.0,0.0
1987-07-07 00:00:00-04:00,1.718706415682562,1.7300886645023748,1.718706415682562,1.7243975400924683,1181100,0.0,0.0
1987-07-08 00:00:00-04:00,1.7243976294994354,1.7243976294994354,1.6731778979301453,1.7073243856430054,420300,0.0,0.0
1987-07-09 00:00:00-04:00,1.6902521848678589,1.7130165674775297,1.6902521848678589,1.6902521848678589,542100,0.0,0.0
1987-07-10 00:00:00-04:00,1.6902515652242067,1.7300891876220703,1.6845604390934987,1.7300891876220703,363900,0.0,0.0
1987-07-13 00:00:00-04:00,1.7243984504888787,1.7243984504888787,1.7016340710893023,1.7187073230743408,300300,0.0,0.0
1987-07-14 00:00:00-04:00,1.7187073230743408,1.7300895779034167,1.7073251985038402,1.7187073230743408,258000,0.0,0.0
1987-07-15 00:00:00-04:00,1.6959435275745214,1.7130167841264172,1.6959435275745214,1.7016345262527466,466500,0.0,0.0
1987-07-16 00:00:00-04:00,1.701634234051993,1.7073253620115607,1.695943236351013,1.6959432363510132,381900,0.0,0.0
1987-07-17 00:00:00-04:00,1.6959422664915564,1.7130155103479865,1.6959422664915564,1.7073243856430054,392100,0.0,0.0
1987-07-20 00:00:00-04:00,1.6902521083914452,1.701634234051993,1.6902521083914452,1.6959432363510132,135300,0.0,0.0
1987-07-21 00:00:00-04:00,1.707325655189582,1.7243989117414777,1.690252398637686,1.7016345262527466,384300,0.0,0.0
1987-07-22 00:00:00-04:00,1.7016345089725098,1.7073256378515513,1.6845612525939944,1.6845612525939941,234000,0.0,0.0
1987-07-23 00:00:00-04:00,1.7016343110433976,1.7073254392604635,1.6788700586923204,1.6902521848678589,332400,0.0,0.0
1987-07-24 00:00:00-04:00,1.6902523814730357,1.6959435103520772,1.6731791250945203,1.6845612525939941,881100,0.0,0.0
1987-07-27 00:00:00-04:00,1.6987875699996948,1.7073241909544672,1.6646410861806056,1.6987875699996948,169400,0.0,1.5
1987-07-28 00:00:00-04:00,1.6987888120641612,1.6987888120641612,1.6731789304752542,1.6902521848678589,500800,0.0,0.0
1987-07-29 00:00:00-04:00,1.6817157268524168,1.6817157268524168,1.66464247074224,1.681715726852417,356000,0.0,0.0
1987-07-30 00:00:00-04:00,1.673179030418396,1.6902522858308284,1.6646424027121796,1.673179030418396,1401200,0.0,0.0
1987-07-31 00:00:00-04:00,1.6731788415175217,1.6731788415175217,1.656105588032649,1.6646422147750854,373600,0.0,0.0
1987-08-03 00:00:00-04:00,1.6475687511265278,1.6646420024335384,1.6390321254730225,1.6390321254730225,639400,0.0,0.0
1987-08-04 00:00:00-04:00,1.6390321254730225,1.6561053767800331,1.6304954998195171,1.6390321254730225,706800,0.0,0.0
1987-08-05 00:00:00-04:00,1.6475689612902127,1.6731788415175217,1.6390323345477764,1.6646422147750854,380200,0.0,0.0
1987-08-06 00:00:00-04:00,1.6731777071353777,1.6987875699996948,1.6561044652258332,1.6987875699996948,518600,0.0,0.0
1987-08-07 00:00:00-04:00,1.6817145198583603,1.7073243856430054,1.6731778979301453,1.7073243856430054,301200,0.0,0.0
1987-08-10 00:00:00-04:00,1.7073251880132236,1.7756181955337524,1.6902519361330912,1.7756181955337524,1185000,0.0,0.0
1987-08-11 00:00:00-04:00,1.7926917765377821,1.8097650315524276,1.7756185215231366,1.801228404045105,728000,0.0,0.0
1987-08-12 00:00:00-04:00,1.8097650315524276,1.8097650315524276,1.7841551490304595,1.801228404045105,715400,0.0,0.0
1987-08-13 00:00:00-04:00,1.801227717224611,1.8609840869903562,1.7926910929723616,1.8609840869903564,972000,0.0,0.0
1987-08-14 00:00:00-04:00,1.8183009873989016,1.8609841091688288,1.809764363044916,1.8353742361068726,1233000,0.0,0.0
1987-08-17 00:00:00-04:00,1.826837227378093,1.8353738499359347,1.8012273597045685,1.8183006048202515,804800,0.0,0.0
1987-08-18 00:00:00-04:00,1.8183013970772044,1.8183013970772044,1.7670816394130577,1.7841548919677734,1089600,0.0,0.0
1987-08-19 00:00:00-04:00,1.7670818260737826,1.7926917076110838,1.7500085717155818,1.792691707611084,465400,0.0,0.0
1987-08-20 00:00:00-04:00,1.7926917765377821,1.8097650315524276,1.7756185215231366,1.801228404045105,551600,0.0,0.0
1987-08-21 00:00:00-04:00,1.8012283347901843,1.8012283347901843,1.775618453252883,1.792691707611084,478000,0.0,0.0
1987-08-24 00:00:00-04:00,1.7756181955337524,1.7841548214738185,1.7500083177135541,1.7756181955337524,310200,0.0,0.0
1987-08-25 00:00:00-04:00,1.7926917076110838,1.7926917076110838,1.7670818260737826,1.792691707611084,396400,0.0,0.0
1987-08-26 00:00:00-04:00,1.7756181955337524,1.7926914474138846,1.7585449436536202,1.7756181955337524,1398600,0.0,0.0
1987-08-27 00:00:00-04:00,1.7841555928262536,1.7841555928262536,1.7585457039340107,1.7670823335647583,827400,0.0,0.0
1987-08-28 00:00:00-04:00,1.7670806475204996,1.7670806475204996,1.715860918606862,1.7243975400924683,1040200,0.0,0.0
1987-08-31 00:00:00-04:00,1.7243984664358745,1.7500083446502686,1.6817153360785508,1.7500083446502686,15818000,0.0,0.0
1987-09-01 00:00:00-04:00,1.7064764499664307,1.7500090124655745,1.7064764499664307,1.7064764499664307,2260000,0.25,0.0
1987-09-02 00:00:00-04:00,1.7151826018034808,1.7848346871559064,1.6977695804653745,1.7238891124725342,1473600,0.0,0.0
1987-09-03 00:00:00-04:00,1.7238880491256716,1.750007565021515,1.715181543827057,1.7413010597229004,624200,0.0,0.0
1987-09-04 00:00:00-04:00,1.7325942516326904,1.7500072591867877,1.7238877478556416,1.7325942516326904,926000,0.0,0.0
1987-09-08 00:00:00-04:00,1.723889172984864,1.7325956839595351,1.6803566181115088,1.7151826620101929,626600,0.0,0.0
1987-09-09 00:00:00-04:00,1.7151829624662596,1.7238894749660882,1.697769937466602,1.7064764499664307,665600,0.0,0.0
1987-09-10 00:00:00-04:00,1.7151807884580084,1.7238872899222621,1.6803547826009928,1.6890612840652466,365800,0.0,0.0
1987-09-11 00:00:00-04:00,1.6977696400608508,1.7151826620101929,1.68906312908618,1.7151826620101929,208400,0.0,0.0
1987-09-14 00:00:00-04:00,1.7325956839595351,1.7325956839595351,1.6716501071368377,1.7151826620101929,336000,0.0,0.0
1987-09-15 00:00:00-04:00,1.6890628325442474,1.697769341990352,1.65423679475983,1.6716498136520386,608000,0.0,0.0
1987-09-16 00:00:00-04:00,1.6368237758676212,1.697769341990352,1.6368237758676212,1.6716498136520386,671200,0.0,0.0
1987-09-17 00:00:00-04:00,1.6716492737775073,1.6716492737775073,1.6368232472404758,1.6629427671432495,391600,0.0,0.0
1987-09-18 00:00:00-04:00,1.6629433042059343,1.6716498136520386,1.65423679475983,1.6716498136520386,684600,0.0,0.0
1987-09-21 00:00:00-04:00,1.6716494510048314,1.6803559585621481,1.6542364358901978,1.6542364358901978,447800,0.0,0.0
1987-09-22 00:00:00-04:00,1.671648281136739,1.6890612840652468,1.6629417796724852,1.6890612840652466,643600,0.0,0.0
1987-09-23 00:00:00-04:00,1.6890634249667733,1.7151829624662596,1.6803569124669446,1.7064764499664307,506800,0.0,0.0
1987-09-24 00:00:00-04:00,1.7064742869937544,1.7151807884580084,1.6890612840652468,1.6890612840652466,630400,0.0,0.0
1987-09-25 00:00:00-04:00,1.6890612840652468,1.7064742869937544,1.671648281136739,1.6890612840652466,664400,0.0,0.0
1987-09-28 00:00:00-04:00,1.7064759125981308,1.7151824223562846,1.6716498735655159,1.6803563833236694,1394200,0.0,0.0
1987-09-29 00:00:00-04:00,1.7151826620101929,1.723889172984864,1.7151826620101929,1.7151826620101929,1565000,0.0,0.0
1987-09-30 00:00:00-04:00,1.6977695804653745,1.7325956231415873,1.6977695804653745,1.7238891124725342,1330800,0.0,0.0
1987-10-01 00:00:00-04:00,1.7325959123414136,1.776128472953007,1.7151828880967763,1.7674219608306885,439800,0.0,0.0
1987-10-02 00:00:00-04:00,1.750008875832838,1.7848349231130936,1.7413023640127743,1.7761284112930298,1269000,0.0,0.0
1987-10-05 00:00:00-04:00,1.7674219608306883,1.7674219608306883,1.750008936586051,1.7674219608306885,578400,0.0,0.0
1987-10-06 00:00:00-04:00,1.7500088214874268,1.7674218445868042,1.741302309937738,1.7500088214874268,576400,0.0,0.0
1987-10-07 00:00:00-04:00,1.7413024244637323,1.776128472953007,1.7413024244637323,1.7674219608306885,606800,0.0,0.0
1987-10-08 00:00:00-04:00,1.758715387652902,1.7848349231130936,1.750008875832838,1.7761284112930298,586800,0.0,0.0
1987-10-09 00:00:00-04:00,1.7761278757234897,1.7935408941129358,1.7761278757234897,1.784834384918213,770600,0.0,0.0
1987-10-12 00:00:00-04:00,1.776128472953007,1.7848349850753256,1.7674219608306883,1.7674219608306885,358000,0.0,0.0
1987-10-13 00:00:00-04:00,1.7848349128450667,1.8370739834649223,1.7761284010750908,1.8283674716949463,2540000,0.0,0.0
1987-10-14 00:00:00-04:00,1.8022474652299514,1.863193031687003,1.7848344462422223,1.810953974723816,1500000,0.0,0.0
1987-10-15 00:00:00-04:00,1.7587154487083696,1.8109545214422815,1.7413024244637323,1.7674219608306885,691400,0.0,0.0
1987-10-16 00:00:00-04:00,1.758714971147053,1.767421480905207,1.6803563833236697,1.6803563833236694,867600,0.0,0.0
1987-10-19 00:00:00-04:00,1.645531024669577,1.645531024669577,1.3930421372864144,1.4191616773605347,1770000,0.0,0.0
1987-10-20 00:00:00-04:00,1.6716501929543237,1.706476238640872,1.4626939188350332,1.5323460102081299,1860400,0.0,0.0
1987-10-21 00:00:00-04:00,1.5671716469984787,1.8022473940482504,1.5671716469984787,1.697769284248352,1230000,0.0,0.0
1987-10-22 00:00:00-04:00,1.6194102339719603,1.7238883135830543,1.6019972207034445,1.6629427671432495,1076600,0.0,0.0
1987-10-23 00:00:00-04:00,1.6542362605089915,1.7064753003145388,1.6368232472404758,1.6629427671432495,1900800,0.0,0.0
1987-10-26 00:00:00-05:00,1.645530463553764,1.6542369739429372,1.601997911607897,1.6107044219970703,502600,0.0,0.0
1987-10-27 00:00:00-05:00,1.61070483162048,1.6716504198439577,1.61070483162048,1.636824369430542,499400,0.0,0.0
1987-10-28 00:00:00-05:00,1.6107044809608049,1.689063077331871,1.6107044809608049,1.6194109916687012,372000,0.0,0.0
1987-10-29 00:00:00-05:00,1.636824369430542,1.6542373946372497,1.628117856827188,1.636824369430542,562800,0.0,0.0
1987-10-30 00:00:00-05:00,1.636824369430542,1.7325960080674354,1.601998319017126,1.636824369430542,1044400,0.0,0.0
1987-11-02 00:00:00-05:00,1.6629429434475147,1.6716494510048314,1.645529928332881,1.6542364358901978,927200,0.0,0.0
1987-11-03 00:00:00-05:00,1.6368237758676212,1.6716498136520386,1.6194107569754124,1.6716498136520386,623400,0.0,0.0
1987-11-04 00:00:00-05:00,1.6542368540492085,1.6890628930818232,1.636823834532901,1.6803563833236694,512200,0.0,0.0
1987-11-05 00:00:00-05:00,1.6803552289703982,1.7500072591867877,1.6542357176392521,1.7325942516326904,701000,0.0,0.0
1987-11-06 00:00:00-05:00,1.750008936586051,1.7848349850753256,1.723889400219095,1.7674219608306885,558600,0.0,0.0
1987-11-09 00:00:00-05:00,1.723889172984864,1.741302194934206,1.7151826620101929,1.7151826620101929,513800,0.0,0.0
1987-11-10 00:00:00-05:00,1.7064764499664307,1.732595987465917,1.6803569124669446,1.7064764499664307,448000,0.0,0.0
1987-11-11 00:00:00-05:00,1.7325956231415873,1.7325956231415873,1.7151826018034808,1.7238891124725342,346000,0.0,0.0
1987-11-12 00:00:00-05:00,1.7325956839595351,1.758715216883548,1.706476151035522,1.7151826620101929,278000,0.0,0.0
1987-11-13 00:00:00-05:00,1.7064742869937544,1.7151807884580084,1.6803547826009928,1.6890612840652466,443400,0.0,0.0
1987-11-16 00:00:00-05:00,1.7238872899222621,1.7238872899222621,1.671648281136739,1.6890612840652466,255800,0.0,0.0
1987-11-17 00:00:00-05:00,1.7064742869937544,1.7064742869937544,1.671648281136739,1.6890612840652466,788800,0.0,0.0
1987-11-18 00:00:00-05:00,1.6977682365244955,1.741300755409739,1.6716487251933496,1.7325942516326904,488000,0.0,0.0
1987-11-19 00:00:00-05:00,1.732595320848318,1.732595320848318,1.6629432476483856,1.697769284248352,451800,0.0,0.0
1987-11-20 00:00:00-05:00,1.6803562659483688,1.7064757933983434,1.654236738498394,1.697769284248352,662800,0.0,0.0
1987-11-23 00:00:00-05:00,1.7064742869937544,1.7064742869937544,1.6803547826009928,1.6890612840652466,252000,0.0,0.0
1987-11-24 00:00:00-05:00,1.6977692842483518,1.7238888116983264,1.6977692842483518,1.697769284248352,4289000,0.0,0.0
1987-11-25 00:00:00-05:00,1.6890628930818232,1.7064759125981308,1.6542368540492085,1.6803563833236694,938200,0.0,0.0
1987-11-27 00:00:00-05:00,1.6803563833236697,1.6890628930818232,1.662943363807362,1.6803563833236694,439800,0.0,0.0
1987-11-30 00:00:00-05:00,1.6629423878409646,1.6629423878409646,1.5845838460055264,1.6281163692474365,7617200,0.0,0.0
1987-12-01 00:00:00-05:00,1.6281173111318232,1.6459109429474716,1.6103236793161748,1.619220495223999,695000,0.25,0.0
1987-12-02 00:00:00-05:00,1.619220495223999,1.6281173111318232,1.6014268634083506,1.619220495223999,2202800,0.0,0.0
1987-12-03 00:00:00-05:00,1.628116923570633,1.628116923570633,1.5747360408306121,1.6014264822006226,1391000,0.0,0.0
1987-12-04 00:00:00-05:00,1.5836328546206155,1.610323295990626,1.5658392270406087,1.6014264822006226,971400,0.0,0.0
1987-12-07 00:00:00-05:00,1.619220495223999,1.6281173111318232,1.6014268634083506,1.619220495223999,271000,0.0,0.0
1987-12-08 00:00:00-05:00,1.6192200327180122,1.6281168460845947,1.6103232193514299,1.6281168460845947,366800,0.0,0.0
1987-12-09 00:00:00-05:00,1.6192203635010272,1.6281171786850988,1.5925299179488124,1.6103235483169556,471200,0.0,0.0
1987-12-10 00:00:00-05:00,1.5569426327444322,1.6014267079657016,1.5480458177001784,1.5925298929214478,387400,0.0,0.0
1987-12-11 00:00:00-05:00,1.57473626283294,1.5925298929214478,1.5658394477886861,1.5925298929214478,427200,0.0,0.0
1987-12-14 00:00:00-05:00,1.5747362875806694,1.6192203635010272,1.5747362875806694,1.6103235483169556,367400,0.0,0.0
1987-12-15 00:00:00-05:00,1.6370136594511773,1.6548072861843421,1.6014264059848473,1.6281168460845947,392600,0.0,0.0
1987-12-16 00:00:00-05:00,1.6281171530984633,1.6370139681427172,1.5569426327444322,1.5925298929214478,1262000,0.0,0.0
1987-12-17 00:00:00-05:00,1.610324342142452,1.610324342142452,1.565840244293213,1.565840244293213,1131200,0.0,0.0
1987-12-18 00:00:00-05:00,1.6281172402443422,1.6548076868057249,1.5925299781624986,1.654807686805725,1225600,0.0,0.0
1987-12-21 00:00:00-05:00,1.6370139938691703,1.6637044394213851,1.601426733132884,1.6103235483169556,1097400,0.0,0.0
1987-12-22 00:00:00-05:00,1.601426733132884,1.6637044394213851,1.5836331027647408,1.6103235483169556,977600,0.0,0.0
1987-12-23 00:00:00-05:00,1.6192190443130738,1.6637030839920044,1.6192190443130738,1.6637030839920044,843400,0.0,0.0
1987-12-24 00:00:00-05:00,1.6814978260742992,1.7081882677580182,1.6726010121797261,1.690394639968872,421800,0.0,0.0
1987-12-28 00:00:00-05:00,1.6992921627387798,1.6992921627387798,1.6548080747089688,1.6814985275268555,834800,0.0,0.0
1987-12-29 00:00:00-05:00,1.681498277694621,1.6903950939787196,1.6637046451264241,1.6726014614105225,264400,0.0,0.0
1987-12-30 00:00:00-05:00,1.6814978260742992,1.6992914538634452,1.6814978260742992,1.690394639968872,334000,0.0,0.0
1987-12-31 00:00:00-05:00,1.690394653699785,1.708188281633467,1.681497839732944,1.699291467666626,974200,0.0,0.0
1988-01-04 00:00:00-05:00,1.6992909696501524,1.7615686491661264,1.6992909696501524,1.7526718378067017,631800,0.0,0.0
1988-01-05 00:00:00-05:00,1.7882595978789593,1.7882595978789593,1.752672342199776,1.7704659700393677,534400,0.0,0.0
1988-01-06 00:00:00-05:00,1.761568546295166,1.7704653571350406,1.7259813029356676,1.761568546295166,295000,0.0,0.0
1988-01-07 00:00:00-05:00,1.7615696529843914,1.797156918701248,1.734879203696749,1.7882601022720337,501400,0.0,0.0
1988-01-08 00:00:00-05:00,1.7704665107825368,1.779363327419635,1.7081887943228495,1.725982427597046,633600,0.0,0.0
1988-01-11 00:00:00-05:00,1.7437753677368166,1.7526721808375145,1.7259817415354204,1.7437753677368164,585200,0.0,0.0
1988-01-12 00:00:00-05:00,1.7615695605006243,1.7615695605006243,1.6903950328036295,1.7170854806900024,413200,0.0,0.0
1988-01-13 00:00:00-05:00,1.7170850956003079,1.7348787235339898,1.672601025766103,1.699291467666626,315400,0.0,0.0
1988-01-14 00:00:00-05:00,1.717085081652591,1.717085081652591,1.6814978260742992,1.690394639968872,216400,0.0,0.0
1988-01-15 00:00:00-05:00,1.7259822966521268,1.7348791126142513,1.6992918487657538,1.7170854806900024,1048400,0.0,0.0
1988-01-18 00:00:00-05:00,1.7170854806900024,1.7259822966521268,1.6992918487657538,1.7170854806900024,217000,0.0,0.0
1988-01-19 00:00:00-05:00,1.7170861878742776,1.7437766467531524,1.6903957289954028,1.7081893682479858,689200,0.0,0.0
1988-01-20 00:00:00-05:00,1.725983007500569,1.725983007500569,1.6992925486216943,1.7081893682479858,900400,0.0,0.0
1988-01-21 00:00:00-05:00,1.725983007500569,1.725983007500569,1.7081893682479858,1.7081893682479858,326800,0.0,0.0
1988-01-22 00:00:00-05:00,1.7081882726007969,1.7704659700393677,1.7081882726007969,1.7704659700393677,562600,0.0,0.0
1988-01-25 00:00:00-05:00,1.7793632858428197,1.806053735130462,1.7615696529843914,1.7882601022720337,725200,0.0,0.0
1988-01-26 00:00:00-05:00,1.7793627839591635,1.797156411798755,1.7615691561195719,1.7704659700393677,410800,0.0,0.0
1988-01-27 00:00:00-05:00,1.7882601022720337,1.806053735130462,1.7615696529843914,1.7882601022720337,500600,0.0,0.0
1988-01-28 00:00:00-05:00,1.7971568456510216,1.8238472938537598,1.779363213515863,1.8238472938537598,498200,0.0,0.0
1988-01-29 00:00:00-05:00,1.8149494570355083,1.9128143787384033,1.8060526459716086,1.9128143787384033,2060000,0.0,0.0
1988-02-01 00:00:00-05:00,1.9128146908193262,1.9128146908193262,1.8683306282421326,1.8861242532730103,1118800,0.0,0.0
1988-02-02 00:00:00-05:00,1.8772282372251081,1.8772282372251081,1.8327441557742763,1.8594346046447754,646200,0.0,0.0
1988-02-03 00:00:00-05:00,1.8416411876678467,1.859434822331304,1.8060539183409317,1.8416411876678467,788600,0.0,0.0
1988-02-04 00:00:00-05:00,1.8238471867968735,1.8505376334329253,1.814950371251523,1.8327440023422241,263400,0.0,0.0
1988-02-05 00:00:00-05:00,1.8505376334329253,1.8683312645236265,1.8327440023422241,1.8327440023422241,198000,0.0,0.0
1988-02-08 00:00:00-05:00,1.832744370336118,1.8416411876678467,1.8149507356726604,1.8416411876678467,142000,0.0,0.0
1988-02-09 00:00:00-05:00,1.8327437902872379,1.8505374193191528,1.814950161255323,1.8505374193191528,602200,0.0,0.0
1988-02-10 00:00:00-05:00,1.859434822331304,1.8683316396630327,1.8238475530043892,1.8416411876678467,951600,0.0,0.0
1988-02-11 00:00:00-05:00,1.8416417609242832,1.8416417609242832,1.8149513006210327,1.8149513006210327,612600,0.0,0.0
1988-02-12 00:00:00-05:00,1.8238473679888902,1.8327441844181043,1.7615696529843914,1.7882601022720337,561000,0.0,0.0
1988-02-16 00:00:00-05:00,1.7793626201396087,1.7793626201396087,1.7170849284347225,1.7437753677368164,773600,0.0,0.0
1988-02-17 00:00:00-05:00,1.7526717354552914,1.7793621679749152,1.7437749246154168,1.761568546295166,751200,0.0,0.0
1988-02-18 00:00:00-05:00,1.7615686491661264,1.7615686491661264,1.734878215087852,1.7526718378067017,262800,0.0,0.0
1988-02-19 00:00:00-05:00,1.752672342199776,1.7704659700393677,1.7259819004403887,1.7704659700393677,648400,0.0,0.0
1988-02-22 00:00:00-05:00,1.7704660240652526,1.814950095021666,1.7526723956826873,1.8060532808303833,998600,0.0,0.0
1988-02-23 00:00:00-05:00,1.7793627839591635,1.7882595978789593,1.7437755282799803,1.7704659700393677,1140000,0.0,0.0
1988-02-24 00:00:00-05:00,1.7615686491661264,1.7704654605255514,1.7437750264472767,1.7526718378067017,610800,0.0,0.0
1988-02-25 00:00:00-05:00,1.7615689939382126,1.7704658070389108,1.7170849284347225,1.7437753677368164,732800,0.0,0.0
1988-02-26 00:00:00-05:00,1.7437765512710963,1.7437765512710963,1.7170860938536816,1.734879732131958,215400,0.0,0.0
1988-02-29 00:00:00-05:00,1.734878215087852,1.7526718378067017,1.734878215087852,1.7526718378067017,80302600,0.0,0.0
1988-03-01 00:00:00-05:00,1.752671762225554,1.7799153647471948,1.7254281597039134,1.761752963066101,9583400,0.25,0.0
1988-03-02 00:00:00-05:00,1.7526720413794885,1.78899685052725,1.7526720413794885,1.7708344459533691,2180000,0.0,0.0
1988-03-03 00:00:00-05:00,1.7708346879843508,1.7980782985687256,1.7617534844562261,1.7980782985687256,1077000,0.0,0.0
1988-03-04 00:00:00-05:00,1.7799158915124758,1.7980782985687256,1.7799158915124758,1.7980782985687256,324400,0.0,0.0
1988-03-07 00:00:00-05:00,1.7799156482403096,1.78899685052725,1.7526720413794885,1.7708344459533691,472200,0.0,0.0
1988-03-08 00:00:00-05:00,1.7799166142940521,1.7799166142940521,1.7435917854309082,1.7435917854309082,504200,0.0,0.0
1988-03-09 00:00:00-05:00,1.7435907030862476,1.7435907030862476,1.7072658967719507,1.716347098350525,615400,0.0,0.0
1988-03-10 00:00:00-05:00,1.7163468780724898,1.7163468780724898,1.6527784751809163,1.67094087600708,741200,0.0,0.0
1988-03-11 00:00:00-05:00,1.670941090457654,1.7163470983505251,1.670941090457654,1.716347098350525,414600,0.0,0.0
1988-03-14 00:00:00-05:00,1.7163475371156065,1.7435911488158542,1.7072663332155238,1.7345099449157715,460000,0.0,0.0
1988-03-15 00:00:00-05:00,1.7254284688228152,1.7526720762252808,1.7254284688228152,1.7526720762252808,763400,0.0,0.0
1988-03-16 00:00:00-05:00,1.7526729926466942,1.7526729926466942,1.7345105782151222,1.7435917854309082,276600,0.0,0.0
1988-03-17 00:00:00-05:00,1.7617532786927692,1.7708344811602577,1.7345096712903036,1.7526720762252808,670600,0.0,0.0
1988-03-18 00:00:00-05:00,1.761752963066101,1.770834163906648,1.752671762225554,1.761752963066101,789600,0.0,0.0
1988-03-21 00:00:00-05:00,1.7526725949125086,1.7526725949125086,1.689104158827599,1.7072665691375732,423000,0.0,0.0
1988-03-22 00:00:00-05:00,1.7163477742925601,1.7163477742925601,1.689104158827599,1.7072665691375732,178200,0.0,0.0
1988-03-23 00:00:00-05:00,1.7163479366610126,1.7163479366610126,1.6891043186187742,1.6891043186187744,772800,0.0,0.0
1988-03-24 00:00:00-05:00,1.6891038005416459,1.6981850037703645,1.6800225973129272,1.6800225973129272,856200,0.0,0.0
1988-03-25 00:00:00-05:00,1.6891043186187742,1.6891043186187742,1.680023112604695,1.6891043186187744,407600,0.0,0.0
1988-03-28 00:00:00-05:00,1.680023112604695,1.6981855246328537,1.6709419065906155,1.6891043186187744,353800,0.0,0.0
1988-03-29 00:00:00-05:00,1.6891034082932908,1.7072658105330034,1.6891034082932908,1.698184609413147,596000,0.0,0.0
1988-03-30 00:00:00-05:00,1.698184609413147,1.7072658105330034,1.698184609413147,1.698184609413147,335400,0.0,0.0
1988-03-31 00:00:00-05:00,1.6981855246328537,1.7072667306469331,1.6891043186187742,1.6891043186187744,307400,0.0,0.0
1988-04-04 00:00:00-04:00,1.6800225973129272,1.6891038005416459,1.6709413940842088,1.6800225973129272,609200,0.0,0.0
1988-04-05 00:00:00-04:00,1.6800222071734343,1.698184609413147,1.6800222071734343,1.698184609413147,471000,0.0,0.0
1988-04-06 00:00:00-04:00,1.689104158827599,1.7163477742925601,1.680022953672612,1.7072665691375732,678800,0.0,0.0
1988-04-07 00:00:00-04:00,1.7163470983505251,1.7254282999290993,1.6981846951933766,1.716347098350525,693200,0.0,0.0
1988-04-08 00:00:00-04:00,1.7163475371156065,1.7435911488158542,1.7072663332155238,1.7345099449157715,554000,0.0,0.0
1988-04-11 00:00:00-04:00,1.7163474967605188,1.734509904133646,1.7163474967605188,1.7254287004470825,594800,0.0,0.0
1988-04-12 00:00:00-04:00,1.7163475371156065,1.7345099449157717,1.7072663332155238,1.7345099449157715,460000,0.0,0.0
1988-04-13 00:00:00-04:00,1.7254282999290993,1.7345095015076735,1.7072658967719507,1.716347098350525,403200,0.0,0.0
1988-04-14 00:00:00-04:00,1.6800241679935666,1.707267803150219,1.652780532836914,1.652780532836914,593200,0.0,0.0
1988-04-15 00:00:00-04:00,1.6527796228726706,1.6527796228726706,1.6073735892772674,1.6346172094345093,1816600,0.0,0.0
1988-04-18 00:00:00-04:00,1.6346159727213767,1.652778372418281,1.6255347728729246,1.6255347728729248,427600,0.0,0.0
1988-04-19 00:00:00-04:00,1.6346172988414764,1.6436985060572624,1.5982924699783325,1.5982924699783325,687000,0.0,0.0
1988-04-20 00:00:00-04:00,1.6164549589157107,1.6436985818187844,1.5982925436469948,1.6164549589157104,2000000,0.0,0.0
1988-04-21 00:00:00-04:00,1.625535332695555,1.6527789416234135,1.625535332695555,1.643697738647461,410800,0.0,0.0
1988-04-22 00:00:00-04:00,1.643698288548377,1.7435915547032508,1.6346170825342976,1.6891043186187744,584400,0.0,0.0
1988-04-25 00:00:00-04:00,1.6800241679935666,1.6981865914313348,1.64369932111803,1.652780532836914,281200,0.0,0.0
1988-04-26 00:00:00-04:00,1.6346165356715079,1.6618601445993664,1.6346165356715079,1.643697738647461,451400,0.0,0.0
1988-04-27 00:00:00-04:00,1.6709417905963835,1.6891042013637356,1.6527793798290316,1.6618605852127075,401000,0.0,0.0
1988-04-28 00:00:00-04:00,1.6618601445993664,1.6618601445993664,1.6436977386474607,1.643697738647461,329000,0.0,0.0
1988-04-29 00:00:00-04:00,1.652780532836914,1.6618617445557984,1.6346181093991459,1.652780532836914,384000,0.0,0.0
1988-05-02 00:00:00-04:00,1.661859675593998,1.67094087600708,1.6346160743547522,1.67094087600708,494600,0.0,0.0
1988-05-03 00:00:00-04:00,1.6618601908554904,1.6891038005416459,1.6618601908554904,1.6800225973129272,508400,0.0,0.0
1988-05-04 00:00:00-04:00,1.6891042013637356,1.6891042013637356,1.6436981744453556,1.6618605852127075,344400,0.0,0.0
1988-05-05 00:00:00-04:00,1.6527789416234135,1.6618601445993664,1.6164541297196022,1.643697738647461,798600,0.0,0.0
1988-05-06 00:00:00-04:00,1.6618617445557984,1.6800241679935666,1.6346181093991459,1.652780532836914,968000,0.0,0.0
1988-05-09 00:00:00-04:00,1.64369841615359,1.64369841615359,1.6255360027154286,1.6346172094345093,303200,0.0,0.0
1988-05-10 00:00:00-04:00,1.6346159727213767,1.6436971725698288,1.6255347728729246,1.6255347728729248,323400,0.0,0.0
1988-05-11 00:00:00-04:00,1.6255347728729246,1.6346159727213767,1.6164535730244727,1.6255347728729248,327800,0.0,0.0
1988-05-12 00:00:00-04:00,1.6255347728729246,1.6436971725698288,1.6255347728729246,1.6255347728729248,338200,0.0,0.0
1988-05-13 00:00:00-04:00,1.6346172094345093,1.64369841615359,1.6255360027154286,1.6346172094345093,473000,0.0,0.0
1988-05-16 00:00:00-04:00,1.64369932111803,1.652780532836914,1.6346181093991459,1.652780532836914,494000,0.0,0.0
1988-05-17 00:00:00-04:00,1.6527797894531422,1.670942204721858,1.6164549589157107,1.6164549589157104,501800,0.0,0.0
1988-05-18 00:00:00-04:00,1.6255361665500685,1.6346173741844265,1.5982925436469948,1.6164549589157104,490600,0.0,0.0
1988-05-19 00:00:00-04:00,1.6255360027154286,1.6346172094345093,1.616454795996348,1.6346172094345093,497600,0.0,0.0
1988-05-20 00:00:00-04:00,1.6255368976802618,1.652780532836914,1.6164556859613777,1.652780532836914,545200,0.0,0.0
1988-05-23 00:00:00-04:00,1.6618617445557984,1.6709429562746825,1.6346181093991459,1.652780532836914,253400,0.0,0.0
1988-05-24 00:00:00-04:00,1.6527793798290316,1.6618605852127075,1.6436981744453556,1.6618605852127075,353800,0.0,0.0
1988-05-25 00:00:00-04:00,1.6527789416234135,1.6709413475753192,1.6436977386474607,1.643697738647461,332200,0.0,0.0
1988-05-26 00:00:00-04:00,1.6346165356715079,1.6618601445993664,1.6346165356715079,1.643697738647461,487600,0.0,0.0
1988-05-27 00:00:00-04:00,1.6436972747678342,1.67094087600708,1.6436972747678342,1.67094087600708,1223400,0.0,0.0
1988-05-31 00:00:00-04:00,1.6709415176151936,1.7345099449157717,1.6618603137151111,1.7345099449157715,73533000,0.0,0.0
1988-06-01 00:00:00-04:00,1.7437850942162318,1.7716114521026611,1.7437850942162318,1.7716114521026611,14021400,0.25,0.0
1988-06-02 00:00:00-04:00,1.7437850942162318,1.7716114521026611,1.7437850942162318,1.7716114521026611,2360000,0.0,0.0
1988-06-03 00:00:00-04:00,1.7623369063738095,1.7994387359816792,1.7623369063738095,1.790163278579712,664000,0.0,0.0
1988-06-06 00:00:00-04:00,1.7901630600293479,1.79943851629893,1.7808876037597656,1.7808876037597656,1496200,0.0,0.0
1988-06-07 00:00:00-04:00,1.7808879065135168,1.7808879065135168,1.7437860751278185,1.7530615329742432,870600,0.0,0.0
1988-06-08 00:00:00-04:00,1.7530612349510193,1.7901630600293479,1.7530612349510193,1.7808876037597656,756400,0.0,0.0
1988-06-09 00:00:00-04:00,1.7623359994738514,1.7994378099890902,1.7623359994738514,1.7716114521026611,810600,0.0,0.0
1988-06-10 00:00:00-04:00,1.7808878211777444,1.7901632785797117,1.771612363775777,1.790163278579712,446000,0.0,0.0
1988-06-13 00:00:00-04:00,1.771612363775777,1.7994387359816792,1.7623369063738095,1.790163278579712,1591000,0.0,0.0
1988-06-14 00:00:00-04:00,1.817988650004069,1.8458150068918864,1.7808868408203125,1.8087131977081299,778200,0.0,0.0
1988-06-15 00:00:00-04:00,1.7994380662889045,1.827264428138733,1.7994380662889045,1.827264428138733,900200,0.0,0.0
1988-06-16 00:00:00-04:00,1.8179894288380942,1.8179894288380942,1.7623366912206015,1.7808876037597656,313000,0.0,0.0
1988-06-17 00:00:00-04:00,1.8087134533321736,1.8087134533321736,1.7808870925116786,1.7994379997253418,1242600,0.0,0.0
1988-06-20 00:00:00-04:00,1.7901630600293479,1.79943851629893,1.7716121474901836,1.7808876037597656,295000,0.0,0.0
1988-06-21 00:00:00-04:00,1.7808868408203125,1.8087131977081299,1.7808868408203125,1.8087131977081299,385400,0.0,0.0
1988-06-22 00:00:00-04:00,1.8458153184014137,1.8550907722627272,1.808713502956159,1.8365398645401,802600,0.0,0.0
1988-06-23 00:00:00-04:00,1.8458153184014137,1.8458153184014137,1.8179889568174727,1.8365398645401,145400,0.0,0.0
1988-06-24 00:00:00-04:00,1.8365396589648968,1.8365396589648968,1.8087133004957316,1.8179887533187866,355600,0.0,0.0
1988-06-27 00:00:00-04:00,1.8272648851076763,1.8272648851076763,1.7530612349510193,1.7808876037597656,492000,0.0,0.0
1988-06-28 00:00:00-04:00,1.7994377454121908,1.8087131977081299,1.7808868408203125,1.8087131977081299,1095200,0.0,0.0
1988-06-29 00:00:00-04:00,1.8087134533321736,1.8087134533321736,1.7716116389048469,1.7994379997253418,465000,0.0,0.0
1988-06-30 00:00:00-04:00,1.7901623948496215,1.8272642061418416,1.7901623948496215,1.8179887533187866,351400,0.0,0.0
1988-07-01 00:00:00-04:00,1.8365396589648968,1.8365396589648968,1.7901623948496215,1.8179887533187866,537600,0.0,0.0
1988-07-05 00:00:00-04:00,1.7994380490948454,1.8365398645400999,1.7901625952335318,1.8365398645401,593600,0.0,0.0
1988-07-06 00:00:00-04:00,1.827264593636736,1.8365400484267702,1.7437855005264282,1.7437855005264282,615400,0.0,0.0
1988-07-07 00:00:00-04:00,1.7623369063738095,1.7994387359816792,1.7530614489718421,1.790163278579712,557200,0.0,0.0
1988-07-08 00:00:00-04:00,1.7716118648965309,1.7994382292666335,1.7437855005264282,1.7437855005264282,445400,0.0,0.0
1988-07-11 00:00:00-04:00,1.7437846800860237,1.7623355809380026,1.7252337792340446,1.7345092296600342,469600,0.0,0.0
1988-07-12 00:00:00-04:00,1.734509652429591,1.7437851051163804,1.6695814836220664,1.697407841682434,776400,0.0,0.0
1988-07-13 00:00:00-04:00,1.6974074279560762,1.7345092296600342,1.6881319775300867,1.7345092296600342,1346600,0.0,0.0
1988-07-14 00:00:00-04:00,1.7252351045608518,1.7345105621122543,1.7066841894580471,1.725235104560852,350200,0.0,0.0
1988-07-15 00:00:00-04:00,1.715958833694458,1.7345097400046683,1.6974079273842475,1.715958833694458,617800,0.0,0.0
1988-07-18 00:00:00-04:00,1.7159592677216502,1.7159592677216502,1.6603065347144617,1.678857445716858,353600,0.0,0.0
1988-07-19 00:00:00-04:00,1.6974079440469327,1.7066833972930908,1.6881324908007747,1.7066833972930908,380200,0.0,0.0
1988-07-20 00:00:00-04:00,1.7252337792340446,1.7345092296600342,1.7159583288080553,1.7345092296600342,298000,0.0,0.0
1988-07-21 00:00:00-04:00,1.7252341997428018,1.7252341997428018,1.6881323889956448,1.697407841682434,610200,0.0,0.0
1988-07-22 00:00:00-04:00,1.7066838122204522,1.7066838122204522,1.6695819902156597,1.678857445716858,527600,0.0,0.0
1988-07-25 00:00:00-04:00,1.6788569363088557,1.697407841682434,1.6788569363088557,1.697407841682434,354800,0.0,0.0
1988-07-26 00:00:00-04:00,1.6881319775300867,1.7345092296600342,1.6881319775300867,1.7345092296600342,502000,0.0,0.0
1988-07-27 00:00:00-04:00,1.7252342868495631,1.7345097400046683,1.7066833805393529,1.715958833694458,287600,0.0,0.0
1988-07-28 00:00:00-04:00,1.715958833694458,1.7252342868495631,1.6974079273842475,1.715958833694458,229000,0.0,0.0
1988-07-29 00:00:00-04:00,1.7159597015885448,1.7623369908206676,1.7066842437421204,1.7530615329742432,387000,0.0,0.0
1988-08-01 00:00:00-04:00,1.734510617281394,1.7530615329742432,1.734510617281394,1.7530615329742432,226600,0.0,0.0
1988-08-02 00:00:00-04:00,1.780887319686565,1.780887319686565,1.7345100457363942,1.7437855005264282,321800,0.0,0.0
1988-08-03 00:00:00-04:00,1.734510617281394,1.7623369908206676,1.7252351594349693,1.7530615329742432,329800,0.0,0.0
1988-08-04 00:00:00-04:00,1.7623364101064967,1.7623364101064967,1.7345100457363942,1.7437855005264282,212200,0.0,0.0
1988-08-05 00:00:00-04:00,1.7252337792340446,1.7437846800860237,1.7252337792340446,1.7345092296600342,144800,0.0,0.0
1988-08-08 00:00:00-04:00,1.7345097400046683,1.7437851931597734,1.715958833694458,1.715958833694458,242400,0.0,0.0
1988-08-09 00:00:00-04:00,1.7252341997428018,1.7252341997428018,1.660306030935277,1.697407841682434,930600,0.0,0.0
1988-08-10 00:00:00-04:00,1.697409775885907,1.697409775885907,1.6695833861172855,1.6881343126296997,231800,0.0,0.0
1988-08-11 00:00:00-04:00,1.6788570375546166,1.7066833972930908,1.6788570375546166,1.7066833972930908,381200,0.0,0.0
1988-08-12 00:00:00-04:00,1.7066832943692234,1.7066832943692234,1.6788569363088557,1.697407841682434,243200,0.0,0.0
1988-08-15 00:00:00-04:00,1.688132901218056,1.697408356719254,1.6788574457168577,1.678857445716858,205000,0.0,0.0
1988-08-16 00:00:00-04:00,1.6695815843084583,1.715958850539249,1.6603061310623002,1.7066833972930908,562400,0.0,0.0
1988-08-17 00:00:00-04:00,1.6974079273842475,1.7252342868495631,1.6881324742291424,1.715958833694458,803000,0.0,0.0
1988-08-18 00:00:00-04:00,1.7252342868495631,1.7345097400046683,1.715958833694458,1.715958833694458,544400,0.0,0.0
1988-08-19 00:00:00-04:00,1.7159583288080553,1.7345092296600342,1.7159583288080553,1.7345092296600342,406400,0.0,0.0
1988-08-22 00:00:00-04:00,1.7252337792340446,1.7437846800860237,1.7159583288080553,1.7345092296600342,590200,0.0,0.0
1988-08-23 00:00:00-04:00,1.7345092296600342,1.7437846800860237,1.7252337792340446,1.7345092296600342,282800,0.0,0.0
1988-08-24 00:00:00-04:00,1.734510617281394,1.7530615329742432,1.734510617281394,1.7530615329742432,409400,0.0,0.0
1988-08-25 00:00:00-04:00,1.7345100457363942,1.7437855005264282,1.72523459094636,1.7437855005264282,481400,0.0,0.0
1988-08-26 00:00:00-04:00,1.7437860196636568,1.7437860196636568,1.7066841894580471,1.725235104560852,741200,0.0,0.0
1988-08-29 00:00:00-04:00,1.7252342868495631,1.7252342868495631,1.6974079273842475,1.715958833694458,765800,0.0,0.0
1988-08-30 00:00:00-04:00,1.715958833694458,1.715958833694458,1.6881324742291424,1.715958833694458,1280800,0.0,0.0
1988-08-31 00:00:00-04:00,1.7252342868495631,1.7252342868495631,1.7066833805393529,1.715958833694458,13682200,0.0,0.0
1988-09-01 00:00:00-04:00,1.7159588303458824,1.7728414435065194,1.6685566527120181,1.687517523765564,2824000,0.25,0.0
1988-09-02 00:00:00-04:00,1.7064793817289583,1.725440263748169,1.696998940719353,1.725440263748169,1807200,0.0,0.0
1988-09-06 00:00:00-04:00,1.7254392692397313,1.7254392692397313,1.6969979626039116,1.715958833694458,921000,0.0,0.0
1988-09-07 00:00:00-04:00,1.7349207047577744,1.7349207047577744,1.7159598227385637,1.725440263748169,465400,0.0,0.0
1988-09-08 00:00:00-04:00,1.7254400618089352,1.7349205017089844,1.7159596219088862,1.7349205017089844,320200,0.0,0.0
1988-09-09 00:00:00-04:00,1.7349199451830075,1.7444003820419312,1.7159590714651605,1.7444003820419312,925600,0.0,0.0
1988-09-12 00:00:00-04:00,1.7444000985887316,1.7538805339071486,1.7064783573150635,1.7064783573150635,517000,0.0,0.0
1988-09-13 00:00:00-04:00,1.7064786346062368,1.7444003820419312,1.7064786346062368,1.7444003820419312,686600,0.0,0.0
1988-09-14 00:00:00-04:00,1.744400895608438,1.7633617749085297,1.744400895608438,1.7538813352584839,744000,0.0,0.0
1988-09-15 00:00:00-04:00,1.7349205017089844,1.7538813815090826,1.7349205017089844,1.7349205017089844,278800,0.0,0.0
1988-09-16 00:00:00-04:00,1.7349197883759775,1.7633610963821411,1.7349197883759775,1.7633610963821411,751600,0.0,0.0
1988-09-19 00:00:00-04:00,1.7538808189008546,1.7633612557597782,1.7254395083240839,1.7444003820419312,639600,0.0,0.0
1988-09-20 00:00:00-04:00,1.744400895608438,1.7538813352584839,1.744400895608438,1.7538813352584839,138200,0.0,0.0
1988-09-21 00:00:00-04:00,1.7538813352584839,1.7633617749085297,1.744400895608438,1.7538813352584839,219800,0.0,0.0
1988-09-22 00:00:00-04:00,1.7538813352584839,1.7633617749085297,1.744400895608438,1.7538813352584839,141400,0.0,0.0
1988-09-23 00:00:00-04:00,1.7349197883759775,1.7728415323841955,1.7349197883759775,1.7633610963821411,476000,0.0,0.0
1988-09-26 00:00:00-04:00,1.7633606622563327,1.7823215295924224,1.753880228588288,1.7728410959243774,588200,0.0,0.0
1988-09-27 00:00:00-04:00,1.7823209486509624,1.8012818098068237,1.7728405180730318,1.8012818098068237,324000,0.0,0.0
1988-09-28 00:00:00-04:00,1.7918026447296143,1.801283082003316,1.7823222074559126,1.7918026447296143,256600,0.0,0.0
1988-09-29 00:00:00-04:00,1.80128432426256,1.8392060995101929,1.7918038804506518,1.8392060995101929,631600,0.0,0.0
1988-09-30 00:00:00-04:00,1.8297243900788138,1.8676461390959913,1.8297243900788138,1.8486852645874023,770800,0.0,0.0
1988-10-03 00:00:00-04:00,1.8392060995101929,1.8581669871340092,1.8392060995101929,1.8392060995101929,389600,0.0,0.0
1988-10-04 00:00:00-04:00,1.8486852645874023,1.8581657018416968,1.839204827333108,1.8486852645874023,445200,0.0,0.0
1988-10-05 00:00:00-04:00,1.848686252321516,1.8581666946411133,1.8392058100019184,1.8581666946411133,445800,0.0,0.0
1988-10-06 00:00:00-04:00,1.8676457405090332,1.8676457405090332,1.858165305278023,1.8676457405090332,442600,0.0,0.0
1988-10-07 00:00:00-04:00,1.8866070485351112,1.9245287982544097,1.8771266111052864,1.915048360824585,2134600,0.0,0.0
1988-10-10 00:00:00-04:00,1.9055680461864375,1.915048484227166,1.8771267320642517,1.8866071701049805,340200,0.0,0.0
1988-10-11 00:00:00-04:00,1.8771267320642517,1.896087608145709,1.8676462940235232,1.8866071701049805,175000,0.0,0.0
1988-10-12 00:00:00-04:00,1.8676463744857095,1.8771268129348757,1.8486854975873774,1.8771268129348755,549800,0.0,0.0
1988-10-13 00:00:00-04:00,1.8676463744857095,1.8960876898332077,1.8676463744857095,1.8771268129348755,509400,0.0,0.0
1988-10-14 00:00:00-04:00,1.8866066109710538,1.8866066109710538,1.8486848700470127,1.8676457405090332,414800,0.0,0.0
1988-10-17 00:00:00-04:00,1.8676463744857095,1.8771268129348757,1.8581659360365435,1.8771268129348755,192800,0.0,0.0
1988-10-18 00:00:00-04:00,1.886606971025467,1.896087408065796,1.85816565990448,1.896087408065796,468200,0.0,0.0
1988-10-19 00:00:00-04:00,1.9055680461864375,1.915048484227166,1.8676462940235232,1.8866071701049805,344600,0.0,0.0
1988-10-20 00:00:00-04:00,1.867646096944809,1.896087408065796,1.867646096944809,1.896087408065796,503000,0.0,0.0
1988-10-21 00:00:00-04:00,1.8960879216739785,1.9055683612823484,1.858166163240499,1.9055683612823486,824400,0.0,0.0
1988-10-24 00:00:00-04:00,1.8960870462020643,1.8960870462020643,1.8676457405090332,1.8676457405090332,388000,0.0,0.0
1988-10-25 00:00:00-04:00,1.8771268129348757,1.8866072513840417,1.8676463744857095,1.8771268129348755,433600,0.0,0.0
1988-10-26 00:00:00-04:00,1.8676463744857095,1.8771268129348757,1.8581659360365435,1.8771268129348755,191600,0.0,0.0
1988-10-27 00:00:00-04:00,1.8676457405090332,1.8771261757400435,1.858165305278023,1.8676457405090332,649800,0.0,0.0
1988-10-28 00:00:00-04:00,1.8771267320642517,1.8866071701049805,1.8676462940235232,1.8866071701049805,237800,0.0,0.0
1988-10-31 00:00:00-05:00,1.8771267320642517,1.8866071701049805,1.8676462940235232,1.8866071701049805,266200,0.0,0.0
1988-11-01 00:00:00-05:00,1.8771267320642517,1.8866071701049805,1.8676462940235232,1.8866071701049805,788000,0.0,0.0
1988-11-02 00:00:00-05:00,1.877126533985138,1.896087408065796,1.867646096944809,1.896087408065796,451000,0.0,0.0
1988-11-03 00:00:00-05:00,1.8960874859649357,1.9150483608245852,1.8866070485351112,1.915048360824585,457000,0.0,0.0
1988-11-04 00:00:00-05:00,1.8960876898332077,1.9055681282823738,1.8676463744857095,1.8771268129348755,788600,0.0,0.0
1988-11-07 00:00:00-05:00,1.886608021599906,1.886608021599906,1.848686252321516,1.8581666946411133,327400,0.0,0.0
1988-11-08 00:00:00-05:00,1.8771268129348757,1.8866072513840417,1.8676463744857095,1.8771268129348755,133400,0.0,0.0
1988-11-09 00:00:00-05:00,1.858165305278023,1.8771261757400435,1.858165305278023,1.8676457405090332,316000,0.0,0.0
1988-11-10 00:00:00-05:00,1.8676471369607108,1.8771275792803084,1.8581666946411133,1.8581666946411133,204200,0.0,0.0
1988-11-11 00:00:00-05:00,1.8676463856051366,1.8676463856051366,1.8202441930770874,1.8202441930770874,461600,0.0,0.0
1988-11-14 00:00:00-05:00,1.8392060995101929,1.8581669871340092,1.8297256556982846,1.8392060995101929,311800,0.0,0.0
1988-11-15 00:00:00-05:00,1.8392058100019184,1.8676471369607108,1.8392058100019184,1.8581666946411133,252800,0.0,0.0
1988-11-16 00:00:00-05:00,1.8581657018416968,1.8581657018416968,1.839204827333108,1.8486852645874023,541800,0.0,0.0
1988-11-17 00:00:00-05:00,1.858165305278023,1.8676457405090332,1.8486848700470127,1.8676457405090332,268600,0.0,0.0
1988-11-18 00:00:00-05:00,1.8676461390959913,1.8676461390959913,1.8486852645874023,1.8486852645874023,1071600,0.0,0.0
1988-11-21 00:00:00-05:00,1.8676457405090332,1.8676457405090332,1.8486848700470127,1.8676457405090332,284200,0.0,0.0
1988-11-22 00:00:00-05:00,1.8676457405090332,1.8676457405090332,1.8486848700470127,1.8676457405090332,267800,0.0,0.0
1988-11-23 00:00:00-05:00,1.8581659360365435,1.8866072513840417,1.8581659360365435,1.8771268129348755,265600,0.0,0.0
1988-11-25 00:00:00-05:00,1.8581666946411133,1.8676471369607108,1.848686252321516,1.8581666946411133,150600,0.0,0.0
1988-11-28 00:00:00-05:00,1.8676457405090332,1.8771261757400435,1.8486848700470127,1.8676457405090332,465400,0.0,0.0
1988-11-29 00:00:00-05:00,1.858165305278023,1.8866066109710538,1.8486848700470127,1.8676457405090332,1149400,0.0,0.0
1988-11-30 00:00:00-05:00,1.877126533985138,1.896087408065796,1.867646096944809,1.896087408065796,1343400,0.0,0.0
1988-12-01 00:00:00-05:00,1.8871837854385376,1.9065395165712407,1.8775059198721862,1.8871837854385376,1262000,0.255,0.0
1988-12-02 00:00:00-05:00,1.8775055173765194,1.8871833808681509,1.8581497903932562,1.8678276538848877,2369400,0.0,0.0
1988-12-05 00:00:00-05:00,1.867828507398822,1.8775063753128054,1.8581506394848382,1.8775063753128052,2581800,0.0,0.0
1988-12-06 00:00:00-05:00,1.8775059198721862,1.8871837854385376,1.8581501887394833,1.8871837854385376,1024800,0.0,0.0
1988-12-07 00:00:00-05:00,1.8871826478067386,1.9065383672714231,1.8871826478067386,1.9065383672714233,500800,0.0,0.0
1988-12-08 00:00:00-05:00,1.8968621111407724,1.9162178469687394,1.8775063753128054,1.8775063753128052,908200,0.0,0.0
1988-12-09 00:00:00-05:00,1.8775063753128054,1.887184243226789,1.867828507398822,1.8775063753128052,447400,0.0,0.0
1988-12-12 00:00:00-05:00,1.887184243226789,1.8968621111407724,1.8775063753128054,1.8775063753128052,826800,0.0,0.0
1988-12-13 00:00:00-05:00,1.8775055173765194,1.8871833808681509,1.8678276538848877,1.8678276538848877,930000,0.0,0.0
1988-12-14 00:00:00-05:00,1.8678276538848877,1.8775055173765194,1.8581497903932562,1.8678276538848877,1102400,0.0,0.0
1988-12-15 00:00:00-05:00,1.8678276538848877,1.8775055173765194,1.8678276538848877,1.8678276538848877,246000,0.0,0.0
1988-12-16 00:00:00-05:00,1.8871837854385376,1.8871837854385376,1.8678280543058348,1.8871837854385376,1494400,0.0,0.0
1988-12-19 00:00:00-05:00,1.8775070029862073,1.8968627452850342,1.8678291318367939,1.8968627452850342,358400,0.0,0.0
1988-12-20 00:00:00-05:00,1.8871837854385376,1.9065395165712407,1.8871837854385376,1.8871837854385376,309400,0.0,0.0
1988-12-21 00:00:00-05:00,1.887184243226789,1.8968621111407724,1.867828507398822,1.8775063753128052,243000,0.0,0.0
1988-12-22 00:00:00-05:00,1.8775070029862073,1.9065406164344476,1.8678291318367939,1.8968627452850342,1276800,0.0,0.0
1988-12-23 00:00:00-05:00,1.896860507539081,1.9162162270037655,1.8871826478067386,1.9065383672714233,471600,0.0,0.0
1988-12-27 00:00:00-05:00,1.9065395165712407,1.9258952477039435,1.8871837854385376,1.8871837854385376,287600,0.0,0.0
1988-12-28 00:00:00-05:00,1.896860507539081,1.9162162270037655,1.896860507539081,1.9065383672714233,463400,0.0,0.0
1988-12-29 00:00:00-05:00,1.9162162270037655,1.9258940867361076,1.896860507539081,1.9065383672714233,325000,0.0,0.0
1988-12-30 00:00:00-05:00,1.916218487583861,1.9258963587332745,1.8968627452850342,1.8968627452850342,552200,0.0,0.0
1989-01-03 00:00:00-05:00,1.8968621111407724,1.906539979054756,1.8775063753128054,1.8775063753128052,277800,0.0,0.0
1989-01-04 00:00:00-05:00,1.8871826478067386,1.9065383672714231,1.8775047880743965,1.9065383672714233,432200,0.0,0.0
1989-01-05 00:00:00-05:00,1.8968616510048892,1.8968616510048892,1.8871837854385376,1.8871837854385376,180200,0.0,0.0
1989-01-06 00:00:00-05:00,1.906539979054756,1.906539979054756,1.867828507398822,1.8775063753128052,689200,0.0,0.0
1989-01-09 00:00:00-05:00,1.887184243226789,1.887184243226789,1.867828507398822,1.8775063753128052,266000,0.0,0.0
1989-01-10 00:00:00-05:00,1.8775055173765194,1.8871833808681509,1.8678276538848877,1.8678276538848877,309600,0.0,0.0
1989-01-11 00:00:00-05:00,1.8775063753128054,1.8775063753128054,1.867828507398822,1.8775063753128052,156200,0.0,0.0
1989-01-12 00:00:00-05:00,1.8775063753128054,1.8775063753128054,1.867828507398822,1.8775063753128052,511600,0.0,0.0
1989-01-13 00:00:00-05:00,1.8678276538848877,1.8775055173765194,1.8581497903932562,1.8678276538848877,233000,0.0,0.0
1989-01-16 00:00:00-05:00,1.8678277269083792,1.8678277269083792,1.8484719991683958,1.848471999168396,262400,0.0,0.0
1989-01-17 00:00:00-05:00,1.858150601387024,1.8678284691025815,1.8484727336714666,1.858150601387024,361200,0.0,0.0
1989-01-18 00:00:00-05:00,1.8581501887394833,1.8871837854385376,1.8484723231731317,1.8871837854385376,366400,0.0,0.0
1989-01-19 00:00:00-05:00,1.8775063753128054,1.887184243226789,1.867828507398822,1.8775063753128052,431800,0.0,0.0
1989-01-20 00:00:00-05:00,1.8678276538848877,1.8775055173765194,1.8581497903932562,1.8678276538848877,518400,0.0,0.0
1989-01-23 00:00:00-05:00,1.8581497903932562,1.8775055173765194,1.8581497903932562,1.8678276538848877,354000,0.0,0.0
1989-01-24 00:00:00-05:00,1.8775063753128054,1.8968621111407724,1.8581506394848382,1.8775063753128052,1123800,0.0,0.0
1989-01-25 00:00:00-05:00,1.8775063753128054,1.887184243226789,1.8775063753128054,1.8775063753128052,449600,0.0,0.0
1989-01-26 00:00:00-05:00,1.8775063753128054,1.887184243226789,1.867828507398822,1.8775063753128052,279200,0.0,0.0
1989-01-27 00:00:00-05:00,1.8871837854385376,1.8968616510048892,1.8775059198721862,1.8871837854385376,374800,0.0,0.0
1989-01-30 00:00:00-05:00,1.896860507539081,1.9065383672714231,1.8871826478067386,1.9065383672714233,287000,0.0,0.0
1989-01-31 00:00:00-05:00,1.9065388932299971,1.9258946180343626,1.8968610308278144,1.9258946180343628,350600,0.0,0.0
1989-02-01 00:00:00-05:00,1.916218487583861,1.9258963587332745,1.8968627452850342,1.8968627452850342,209800,0.0,0.0
1989-02-02 00:00:00-05:00,1.9065395165712407,1.9065395165712407,1.8871837854385376,1.8871837854385376,302200,0.0,0.0
1989-02-03 00:00:00-05:00,1.8968627452850342,1.916218487583861,1.8968627452850342,1.8968627452850342,192800,0.0,0.0
1989-02-06 00:00:00-05:00,1.896860507539081,1.9065383672714231,1.896860507539081,1.9065383672714233,182400,0.0,0.0
1989-02-07 00:00:00-05:00,1.896860507539081,1.9065383672714231,1.8775047880743965,1.9065383672714233,1018000,0.0,0.0
1989-02-08 00:00:00-05:00,1.8968616510048892,1.9065395165712407,1.8871837854385376,1.8871837854385376,369400,0.0,0.0
1989-02-09 00:00:00-05:00,1.8871833808681509,1.906539107851414,1.8581497903932562,1.8678276538848877,797800,0.0,0.0
1989-02-10 00:00:00-05:00,1.8581498630383875,1.8678277269083792,1.8484719991683958,1.848471999168396,398200,0.0,0.0
1989-02-13 00:00:00-05:00,1.8484719269016248,1.8678276538848877,1.838794063409993,1.8678276538848877,319200,0.0,0.0
1989-02-14 00:00:00-05:00,1.8775063368181388,1.8871842045336964,1.8484727336714666,1.858150601387024,419800,0.0,0.0
1989-02-15 00:00:00-05:00,1.8678284691025815,1.8678284691025815,1.858150601387024,1.858150601387024,489600,0.0,0.0
1989-02-16 00:00:00-05:00,1.8678284691025815,1.8678284691025815,1.858150601387024,1.858150601387024,360800,0.0,0.0
1989-02-17 00:00:00-05:00,1.8581497903932562,1.8775055173765194,1.8581497903932562,1.8678276538848877,372600,0.0,0.0
1989-02-21 00:00:00-05:00,1.858150601387024,1.8678284691025815,1.858150601387024,1.858150601387024,306200,0.0,0.0
1989-02-22 00:00:00-05:00,1.8678278014773415,1.8678278014773415,1.8291163444519043,1.8291163444519043,505000,0.0,0.0
1989-02-23 00:00:00-05:00,1.8291162714284126,1.8484719991683958,1.8194384075584211,1.848471999168396,1014800,0.0,0.0
1989-02-24 00:00:00-05:00,1.848472072964623,1.848472072964623,1.819438480195545,1.8291163444519043,482600,0.0,0.0
1989-02-27 00:00:00-05:00,1.8387942087082636,1.848472072964623,1.819438480195545,1.8291163444519043,555800,0.0,0.0
1989-02-28 00:00:00-05:00,1.8291162714284126,1.8484719991683958,1.8291162714284126,1.848471999168396,1538200,0.0,0.0
1989-03-01 00:00:00-05:00,1.8492628137270608,1.8690410256385803,1.8294846018155415,1.8393737077713013,4021400,0.255,0.0
1989-03-02 00:00:00-05:00,1.8294855649458532,1.8492637872695923,1.8294855649458532,1.8492637872695923,2380400,0.0,0.0
1989-03-03 00:00:00-05:00,1.8393737077713013,1.8492628137270608,1.8294846018155415,1.8393737077713013,219200,0.0,0.0
1989-03-06 00:00:00-05:00,1.8393746761077228,1.8492637872695923,1.8294855649458532,1.8492637872695923,749400,0.0,0.0
1989-03-07 00:00:00-05:00,1.8492642396205181,1.8492642396205181,1.819596898877943,1.8294860124588013,368600,0.0,0.0
1989-03-08 00:00:00-05:00,1.819596898877943,1.8393751260396596,1.819596898877943,1.8294860124588013,782600,0.0,0.0
1989-03-09 00:00:00-05:00,1.8393751260396596,1.8393751260396596,1.819596898877943,1.8294860124588013,302600,0.0,0.0
1989-03-10 00:00:00-05:00,1.8294851611489835,1.8294851611489835,1.8195960521697998,1.8195960521697998,244400,0.0,0.0
1989-03-13 00:00:00-05:00,1.8294846018155415,1.8492628137270608,1.8195954958597818,1.8393737077713013,357800,0.0,0.0
1989-03-14 00:00:00-05:00,1.849263327552917,1.8591524362564085,1.8393742188494255,1.8591524362564087,741000,0.0,0.0
1989-03-15 00:00:00-05:00,1.8591532833361752,1.8690423965454102,1.8393750569177052,1.8690423965454102,1059400,0.0,0.0
1989-03-16 00:00:00-05:00,1.8690413776785135,1.898708701133728,1.8591522698601086,1.898708701133728,1095800,0.0,0.0
1989-03-17 00:00:00-05:00,1.8690414604387786,1.8888196769513583,1.8591523521824886,1.8789305686950684,1134000,0.0,0.0
1989-03-20 00:00:00-05:00,1.8789305686950684,1.8888196769513583,1.8690414604387786,1.8789305686950684,872600,0.0,0.0
1989-03-21 00:00:00-05:00,1.8888196769513583,1.898708785207648,1.8789305686950684,1.8789305686950684,447000,0.0,0.0
1989-03-22 00:00:00-05:00,1.8789304854969182,1.898708701133728,1.8789304854969182,1.898708701133728,257800,0.0,0.0
1989-03-23 00:00:00-05:00,1.8888195933153231,1.9085978089521327,1.8888195933153231,1.898708701133728,530200,0.0,0.0
1989-03-27 00:00:00-05:00,1.8987080074962557,1.9085971117019656,1.8987080074962557,1.9085971117019653,428200,0.0,0.0
1989-03-28 00:00:00-05:00,1.908598200562074,1.9283764202570177,1.908598200562074,1.918487310409546,730200,0.0,0.0
1989-03-29 00:00:00-05:00,1.918487310409546,1.9283764202570177,1.908598200562074,1.918487310409546,387000,0.0,0.0
1989-03-30 00:00:00-05:00,1.9085971117019656,1.9184862159076752,1.9085971117019656,1.9085971117019653,264600,0.0,0.0
1989-03-31 00:00:00-05:00,1.9184869880578956,1.9382652044296265,1.9085978798720302,1.9382652044296265,593800,0.0,0.0
1989-04-03 00:00:00-04:00,1.928376939696104,1.95804427722989,1.928376939696104,1.948155164718628,549800,0.0,0.0
1989-04-04 00:00:00-04:00,1.9382644677773502,1.9481535722047856,1.9283753633499146,1.9283753633499146,442400,0.0,0.0
1989-04-05 00:00:00-04:00,1.9283753633499146,1.9481535722047856,1.9283753633499146,1.9283753633499146,283800,0.0,0.0
1989-04-06 00:00:00-04:00,1.928376096243761,1.9382652044296265,1.9184869880578956,1.9382652044296265,286800,0.0,0.0
1989-04-07 00:00:00-04:00,1.928376096243761,1.9382652044296265,1.9184869880578956,1.9382652044296265,272400,0.0,0.0
1989-04-10 00:00:00-04:00,1.9283764202570177,1.9283764202570177,1.908598200562074,1.918487310409546,177800,0.0,0.0
1989-04-11 00:00:00-04:00,1.918487310409546,1.9283764202570177,1.908598200562074,1.918487310409546,163400,0.0,0.0
1989-04-12 00:00:00-04:00,1.9283764202570177,1.9283764202570177,1.918487310409546,1.918487310409546,123200,0.0,0.0
1989-04-13 00:00:00-04:00,1.9085971117019656,1.9283753201133849,1.9085971117019656,1.9085971117019653,299800,0.0,0.0
1989-04-14 00:00:00-04:00,1.9184862589224791,1.9283753633499146,1.9085971544950437,1.9283753633499146,774000,0.0,0.0
1989-04-17 00:00:00-04:00,1.928376096243761,1.9382652044296265,1.9085978798720302,1.9382652044296265,698400,0.0,0.0
1989-04-18 00:00:00-04:00,1.948154312615492,1.9580434208013575,1.9382652044296265,1.9382652044296265,740400,0.0,0.0
1989-04-19 00:00:00-04:00,1.948155164718628,1.948155164718628,1.938266052207366,1.948155164718628,301000,0.0,0.0
1989-04-20 00:00:00-04:00,1.9382652044296265,1.9580434208013575,1.9184869880578956,1.9382652044296265,356000,0.0,0.0
1989-04-21 00:00:00-04:00,1.928376096243761,1.948154312615492,1.928376096243761,1.9382652044296265,387200,0.0,0.0
1989-04-24 00:00:00-04:00,1.928376096243761,1.948154312615492,1.9184869880578956,1.9382652044296265,146800,0.0,0.0
1989-04-25 00:00:00-04:00,1.9283764202570177,1.9382655301044898,1.918487310409546,1.918487310409546,181200,0.0,0.0
1989-04-26 00:00:00-04:00,1.9283753633499146,1.9283753633499146,1.9184862589224791,1.9283753633499146,213000,0.0,0.0
1989-04-27 00:00:00-04:00,1.9085978798720302,1.948154312615492,1.9085978798720302,1.9382652044296265,445000,0.0,0.0
1989-04-28 00:00:00-04:00,1.9382652044296265,1.948154312615492,1.9382652044296265,1.9382652044296265,170800,0.0,0.0
1989-05-01 00:00:00-04:00,1.9382652393495194,1.958043456077576,1.9283761309854914,1.9580434560775757,560800,0.0,0.0
1989-05-02 00:00:00-04:00,1.95804427722989,1.95804427722989,1.948155164718628,1.948155164718628,442200,0.0,0.0
1989-05-03 00:00:00-04:00,1.9481543477135477,1.958043456077576,1.9481543477135477,1.9580434560775757,174800,0.0,0.0
1989-05-04 00:00:00-04:00,1.9481543477135477,1.958043456077576,1.9382652393495194,1.9580434560775757,144600,0.0,0.0
1989-05-05 00:00:00-04:00,1.958043456077576,1.967932564441604,1.9481543477135477,1.9580434560775757,401200,0.0,0.0
1989-05-08 00:00:00-04:00,1.948154312615492,1.9580434208013575,1.928376096243761,1.9382652044296265,227800,0.0,0.0
1989-05-09 00:00:00-04:00,1.9382644677773502,1.9382644677773502,1.9184862589224791,1.9283753633499146,245800,0.0,0.0
1989-05-10 00:00:00-04:00,1.928376096243761,1.948154312615492,1.928376096243761,1.9382652044296265,356400,0.0,0.0
1989-05-11 00:00:00-04:00,1.9481543477135477,1.967932564441604,1.9481543477135477,1.9580434560775757,590800,0.0,0.0
1989-05-12 00:00:00-04:00,2.0173771821179436,2.0371553897857666,1.9975989744501206,2.0371553897857666,1927600,0.0,0.0
1989-05-15 00:00:00-04:00,2.0371566297905295,2.066823959350586,2.0272675199371775,2.066823959350586,591400,0.0,0.0
1989-05-16 00:00:00-04:00,2.056934849497234,2.066823959350586,2.0470457396438815,2.066823959350586,754000,0.0,0.0
1989-05-17 00:00:00-04:00,2.056934849497234,2.076713069203938,2.056934849497234,2.066823959350586,770600,0.0,0.0
1989-05-18 00:00:00-04:00,2.066823959350586,2.076713069203938,2.056934849497234,2.066823959350586,817600,0.0,0.0
1989-05-19 00:00:00-04:00,2.0668249243781682,2.076714038848877,2.056935809907459,2.076714038848877,471400,0.0,0.0
1989-05-22 00:00:00-04:00,2.1063807010650635,2.1162698123376695,2.0964915897924574,2.1063807010650635,729200,0.0,0.0
1989-05-23 00:00:00-04:00,2.0767128637051697,2.0964910814547424,2.0767128637051697,2.086601972579956,377000,0.0,0.0
1989-05-24 00:00:00-04:00,2.096492267790295,2.096492267790295,2.0668249243781682,2.076714038848877,592600,0.0,0.0
1989-05-25 00:00:00-04:00,2.066822701287501,2.0767118051214126,2.0371553897857666,2.0371553897857666,398000,0.0,0.0
1989-05-26 00:00:00-04:00,2.0371580307300277,2.056936264038086,2.0371580307300277,2.056936264038086,434600,0.0,0.0
1989-05-30 00:00:00-04:00,2.0569355104027727,2.0767137364643378,2.0173790582796425,2.027268171310425,501800,0.0,0.0
1989-05-31 00:00:00-04:00,2.0371580307300277,2.0668253806921153,2.0371580307300277,2.056936264038086,2387000,0.0,0.0
1989-06-01 00:00:00-04:00,2.0476556221644087,2.0678295691808066,2.0375686486562095,2.0577425956726074,3127000,0.255,0.0
1989-06-02 00:00:00-04:00,2.0678279874394243,2.088001919024199,2.0678279874394243,2.0779149532318115,2468400,0.0,0.0
1989-06-05 00:00:00-04:00,2.0779149532318115,2.1182628164013613,2.0779149532318115,2.0779149532318115,420000,0.0,0.0
1989-06-06 00:00:00-04:00,2.088002725289418,2.108176664664195,2.067828785914641,2.0980896949768066,885800,0.0,0.0
1989-06-07 00:00:00-04:00,2.088002725289418,2.1182636343515835,2.088002725289418,2.0980896949768066,347800,0.0,0.0
1989-06-08 00:00:00-04:00,2.088002725289418,2.108176664664195,2.088002725289418,2.0980896949768066,353600,0.0,0.0
1989-06-09 00:00:00-04:00,2.088002725289418,2.108176664664195,2.088002725289418,2.0980896949768066,314000,0.0,0.0
1989-06-12 00:00:00-04:00,2.088002725289418,2.0980896949768066,2.0779157556020293,2.0980896949768066,271800,0.0,0.0
1989-06-13 00:00:00-04:00,2.0980888848165864,2.108175850608974,2.0577410216470366,2.0779149532318115,270000,0.0,0.0
1989-06-14 00:00:00-04:00,2.0980902128812797,2.1182641572359078,2.088003240703966,2.1081771850585938,322000,0.0,0.0
1989-06-15 00:00:00-04:00,2.108175850608974,2.108175850608974,2.0678279874394243,2.0779149532318115,317600,0.0,0.0
1989-06-16 00:00:00-04:00,2.0375678768524756,2.1182636343515835,2.0375678768524756,2.0980896949768066,1271600,0.0,0.0
1989-06-19 00:00:00-04:00,2.1081765140805926,2.128350452014378,2.0980895451137,2.1182634830474854,534200,0.0,0.0
1989-06-20 00:00:00-04:00,2.1182634830474854,2.128350452014378,2.1081765140805926,2.1182634830474854,353600,0.0,0.0
1989-06-21 00:00:00-04:00,2.1081771850585938,2.1182641572359078,2.0980902128812797,2.1081771850585938,711000,0.0,0.0
1989-06-22 00:00:00-04:00,2.1081763217799474,2.128350257873535,2.0980893537331533,2.128350257873535,316200,0.0,0.0
1989-06-23 00:00:00-04:00,2.13843885174504,2.219134657471268,2.128351876029262,2.1787867546081543,976000,0.0,0.0
1989-06-26 00:00:00-04:00,2.209046757166287,2.219133728660197,2.1787858426845568,2.188872814178467,627000,0.0,0.0
1989-06-27 00:00:00-04:00,2.188872381087837,2.219133289582139,2.1787854115897365,2.1989593505859375,852200,0.0,0.0
1989-06-28 00:00:00-04:00,2.188872381087837,2.1989593505859375,2.1787854115897365,2.1989593505859375,1081400,0.0,0.0
1989-06-29 00:00:00-04:00,2.209046672111334,2.209046672111334,2.168698787689209,2.168698787689209,404600,0.0,0.0
1989-06-30 00:00:00-04:00,2.168698787689209,2.1888727299002717,2.1384378743726153,2.168698787689209,367600,0.0,0.0
1989-07-03 00:00:00-04:00,2.158611816583678,2.1787857587947403,2.158611816583678,2.168698787689209,128400,0.0,0.0
1989-07-05 00:00:00-04:00,2.158611816583678,2.168698787689209,2.1485248454781467,2.168698787689209,212000,0.0,0.0
1989-07-06 00:00:00-04:00,2.16869894327692,2.16869894327692,2.1384380277893356,2.1485249996185303,582200,0.0,0.0
1989-07-07 00:00:00-04:00,2.1586128031765974,2.1787867546081543,2.13843885174504,2.1787867546081543,735000,0.0,0.0
1989-07-10 00:00:00-04:00,2.168698871190647,2.209046757166287,2.168698871190647,2.188872814178467,540200,0.0,0.0
1989-07-11 00:00:00-04:00,2.19895939413271,2.219133333528423,2.1888724244348534,2.2090463638305664,376000,0.0,0.0
1989-07-12 00:00:00-04:00,2.2090463200840382,2.2090463200840382,2.1787854115897365,2.1989593505859375,438800,0.0,0.0
1989-07-13 00:00:00-04:00,2.2090463638305664,2.2090463638305664,2.19895939413271,2.2090463638305664,675000,0.0,0.0
1989-07-14 00:00:00-04:00,2.2090463007512113,2.249394178390503,2.1888723619315655,2.249394178390503,408600,0.0,0.0
1989-07-17 00:00:00-04:00,2.229220151901245,2.239307120914373,2.2191331828881173,2.229220151901245,188000,0.0,0.0
1989-07-18 00:00:00-04:00,2.219133728660197,2.229220700154107,2.1787858426845568,2.188872814178467,567600,0.0,0.0
1989-07-19 00:00:00-04:00,2.2090468818491154,2.2191338539123535,2.1989599097858776,2.2191338539123535,2515000,0.0,0.0
1989-07-20 00:00:00-04:00,2.209046757166287,2.219133728660197,2.188872814178467,2.188872814178467,226800,0.0,0.0
1989-07-21 00:00:00-04:00,2.168698871190647,2.198959785672377,2.168698871190647,2.188872814178467,338200,0.0,0.0
1989-07-24 00:00:00-04:00,2.1888737303239325,2.198960706039711,2.1787867546081543,2.1787867546081543,436600,0.0,0.0
1989-07-25 00:00:00-04:00,2.1686997788923756,2.1787867546081543,2.1586128031765974,2.1787867546081543,784600,0.0,0.0
1989-07-26 00:00:00-04:00,2.1686984420916358,2.1989593505859375,2.1686984420916358,2.1989593505859375,209400,0.0,0.0
1989-07-27 00:00:00-04:00,2.1989599097858776,2.2292208259755912,2.1989599097858776,2.2191338539123535,195000,0.0,0.0
1989-07-28 00:00:00-04:00,2.219133333528423,2.239307272924136,2.2090463638305664,2.2090463638305664,254200,0.0,0.0
1989-07-31 00:00:00-04:00,2.2191333558824327,2.2695682048797607,2.17878547668457,2.2695682048797607,437400,0.0,0.0
1989-08-01 00:00:00-04:00,2.2594808630041174,2.269567831142529,2.229219958588884,2.239306926727295,396600,0.0,0.0
1989-08-02 00:00:00-04:00,2.229220239570857,2.249394178390503,2.2090463007512113,2.249394178390503,508400,0.0,0.0
1989-08-03 00:00:00-04:00,2.249394178390503,2.259481147800326,2.23930720898068,2.249394178390503,238600,0.0,0.0
1989-08-04 00:00:00-04:00,2.2393065435545787,2.2594804763793945,2.2393065435545787,2.2594804763793945,655800,0.0,0.0
1989-08-07 00:00:00-04:00,2.2594813631291975,2.2998292446136475,2.249394392758085,2.2998292446136475,406400,0.0,0.0
1989-08-08 00:00:00-04:00,2.2897421881160906,2.299829158107791,2.2695682481326886,2.2796552181243896,414600,0.0,0.0
1989-08-09 00:00:00-04:00,2.2796550866199716,2.2897420560297945,2.23930720898068,2.249394178390503,414400,0.0,0.0
1989-08-10 00:00:00-04:00,2.2292195771421706,2.2695674427918027,2.2292195771421706,2.2594804763793945,332600,0.0,0.0
1989-08-11 00:00:00-04:00,2.279655686291781,2.279655686291781,2.1989599097858776,2.2191338539123535,555400,0.0,0.0
1989-08-14 00:00:00-04:00,2.209046757166287,2.219133728660197,2.1787858426845568,2.188872814178467,299800,0.0,0.0
1989-08-15 00:00:00-04:00,2.1989593505859375,2.1989593505859375,2.1787854115897365,2.1989593505859375,380000,0.0,0.0
1989-08-16 00:00:00-04:00,2.1989599097858776,2.2191338539123535,2.1888729377226395,2.2191338539123535,214600,0.0,0.0
1989-08-17 00:00:00-04:00,2.209046757166287,2.219133728660197,2.188872814178467,2.188872814178467,235200,0.0,0.0
1989-08-18 00:00:00-04:00,2.1888724244348534,2.2090463638305664,2.178785454736997,2.2090463638305664,287600,0.0,0.0
1989-08-21 00:00:00-04:00,2.1989597010058026,2.209046672111334,2.1485248454781467,2.168698787689209,337200,0.0,0.0
1989-08-22 00:00:00-04:00,2.15861177444458,2.1686987453531996,2.1485248035359605,2.15861177444458,186800,0.0,0.0
1989-08-23 00:00:00-04:00,2.168698871190647,2.188872814178467,2.148524928202827,2.188872814178467,1430600,0.0,0.0
1989-08-24 00:00:00-04:00,2.188872275848734,2.229220151901245,2.188872275848734,2.229220151901245,738400,0.0,0.0
1989-08-25 00:00:00-04:00,2.2191338539123535,2.2393077980388294,2.1989599097858776,2.2191338539123535,609600,0.0,0.0
1989-08-28 00:00:00-04:00,2.2191331828881173,2.229220151901245,2.188872275848734,2.229220151901245,306000,0.0,0.0
1989-08-29 00:00:00-04:00,2.2090463638305664,2.2292203032262794,2.19895939413271,2.2090463638305664,254600,0.0,0.0
1989-08-30 00:00:00-04:00,2.198959785672377,2.219133728660197,2.188872814178467,2.188872814178467,341200,0.0,0.0
1989-08-31 00:00:00-04:00,2.188872814178467,2.219133728660197,2.188872814178467,2.188872814178467,387000,0.0,0.0
1989-09-01 00:00:00-04:00,2.189694869241049,2.2102553844451904,2.1794146116389785,2.2102553844451904,260200,0.255,0.0
1989-09-05 00:00:00-04:00,2.1999745436434477,2.2102547985202863,2.1794140338897705,2.1794140338897705,1014600,0.0,0.0
1989-09-06 00:00:00-04:00,2.179415244147891,2.179415244147891,2.1485744623910814,2.1588547229766846,1453800,0.0,0.0
1989-09-07 00:00:00-04:00,2.158854595292801,2.1794151152479704,2.158854595292801,2.1691348552703857,597200,0.0,0.0
1989-09-08 00:00:00-04:00,2.169133779012932,2.189694288766609,2.138293014382416,2.1794140338897705,290200,0.0,0.0
1989-09-11 00:00:00-04:00,2.169134366120531,2.199975139098548,2.169134366120531,2.189694881439209,258800,0.0,0.0
1989-09-12 00:00:00-04:00,2.189694288766609,2.1999745436434477,2.169133779012932,2.1794140338897705,342200,0.0,0.0
1989-09-13 00:00:00-04:00,2.179415244147891,2.1896955047334945,2.1485744623910814,2.1588547229766846,285800,0.0,0.0
1989-09-14 00:00:00-04:00,2.1588538936450723,2.169134150281477,2.148573637008667,2.148573637008667,948800,0.0,0.0
1989-09-15 00:00:00-04:00,2.1382942018054782,2.1588547229766846,2.1280139412198746,2.1588547229766846,730000,0.0,0.0
1989-09-18 00:00:00-04:00,2.1588535241360933,2.189694288766609,2.1485732692592547,2.1794140338897705,370200,0.0,0.0
1989-09-19 00:00:00-04:00,2.1794151152479704,2.1794151152479704,2.1691348552703857,2.1691348552703857,210400,0.0,0.0
1989-09-20 00:00:00-04:00,2.169133779012932,2.1794140338897705,2.1588535241360933,2.1794140338897705,1948800,0.0,0.0
1989-09-21 00:00:00-04:00,2.1794140338897705,2.1999745436434477,2.169133779012932,2.1794140338897705,932200,0.0,0.0
1989-09-22 00:00:00-04:00,2.17941462377987,2.199975139098548,2.17941462377987,2.189694881439209,584400,0.0,0.0
1989-09-25 00:00:00-04:00,2.189695231268339,2.1999754905700684,2.17941497196661,2.1999754905700684,1016600,0.0,0.0
1989-09-26 00:00:00-04:00,2.189694881439209,2.210255396757887,2.189694881439209,2.189694881439209,1090000,0.0,0.0
1989-09-27 00:00:00-04:00,2.1794140338897705,2.1999745436434477,2.1794140338897705,2.1794140338897705,425600,0.0,0.0
1989-09-28 00:00:00-04:00,2.17941462377987,2.189694881439209,2.17941462377987,2.189694881439209,330000,0.0,0.0
1989-09-29 00:00:00-04:00,2.17941462377987,2.199975139098548,2.169134366120531,2.189694881439209,386400,0.0,0.0
1989-10-02 00:00:00-04:00,2.189695231268339,2.2102557498717976,2.17941497196661,2.1999754905700684,365000,0.0,0.0
1989-10-03 00:00:00-04:00,2.19997512684312,2.2102553844451904,2.189694869241049,2.2102553844451904,347200,0.0,0.0
1989-10-04 00:00:00-04:00,2.210255396757887,2.210255396757887,2.189694881439209,2.189694881439209,322600,0.0,0.0
1989-10-05 00:00:00-04:00,2.1999754905700684,2.1999754905700684,2.189695231268339,2.1999754905700684,203400,0.0,0.0
1989-10-06 00:00:00-04:00,2.2102553844451904,2.220535642047261,2.189694869241049,2.2102553844451904,230800,0.0,0.0
1989-10-09 00:00:00-04:00,2.2102557498717976,2.2102557498717976,2.189695231268339,2.1999754905700684,240400,0.0,0.0
1989-10-10 00:00:00-04:00,2.19997512684312,2.2102553844451904,2.189694869241049,2.2102553844451904,787200,0.0,0.0
1989-10-11 00:00:00-04:00,2.19997512684312,2.2102553844451904,2.189694869241049,2.2102553844451904,186200,0.0,0.0
1989-10-12 00:00:00-04:00,2.2102553844451904,2.2102553844451904,2.189694869241049,2.2102553844451904,465800,0.0,0.0
1989-10-13 00:00:00-04:00,2.1999757653190977,2.210256025904701,2.1382942018054782,2.1588547229766846,1115400,0.0,0.0
1989-10-16 00:00:00-04:00,2.169133779012932,2.189694288766609,2.138293014382416,2.1794140338897705,852800,0.0,0.0
1989-10-17 00:00:00-04:00,2.1794140338897705,2.189694288766609,2.1485732692592547,2.1794140338897705,379800,0.0,0.0
1989-10-18 00:00:00-04:00,2.179415244147891,2.179415244147891,2.1588547229766846,2.1588547229766846,380800,0.0,0.0
1989-10-19 00:00:00-04:00,2.1588535241360933,2.1999745436434477,2.1588535241360933,2.1794140338897705,434200,0.0,0.0
1989-10-20 00:00:00-04:00,2.17941497196661,2.2102557498717976,2.17941497196661,2.1999754905700684,297000,0.0,0.0
1989-10-23 00:00:00-04:00,2.220535053397125,2.220535053397125,2.169133779012932,2.1794140338897705,392800,0.0,0.0
1989-10-24 00:00:00-04:00,2.1691347126648806,2.1999754905700684,2.1382939347596923,2.1999754905700684,688400,0.0,0.0
1989-10-25 00:00:00-04:00,2.169134366120531,2.199975139098548,2.169134366120531,2.189694881439209,139800,0.0,0.0
1989-10-26 00:00:00-04:00,2.17941497196661,2.2102557498717976,2.1691347126648806,2.1999754905700684,263000,0.0,0.0
1989-10-27 00:00:00-04:00,2.189695231268339,2.220536009173527,2.17941497196661,2.1999754905700684,1009000,0.0,0.0
1989-10-30 00:00:00-05:00,2.2102553844451904,2.220535642047261,2.19997512684312,2.2102553844451904,740800,0.0,0.0
1989-10-31 00:00:00-05:00,2.2205347971085017,2.26165581186977,2.2205347971085017,2.2410953044891357,896000,0.0,0.0
1989-11-01 00:00:00-05:00,2.261657800375079,2.2924985885620117,2.2410972749171236,2.2924985885620117,377000,0.0,0.0
1989-11-02 00:00:00-05:00,2.282218325833034,2.2924985885620117,2.282218325833034,2.2924985885620117,406600,0.0,0.0
1989-11-03 00:00:00-05:00,2.282217251402991,2.3027777671813965,2.2719369935137883,2.3027777671813965,365600,0.0,0.0
1989-11-06 00:00:00-05:00,2.3027783907376804,2.3027783907376804,2.261657348045936,2.271937608718872,672000,0.0,0.0
1989-11-07 00:00:00-05:00,2.2719380631040567,2.3027788512909897,2.261657800375079,2.2924985885620117,344400,0.0,0.0
1989-11-08 00:00:00-05:00,2.282217251402991,2.3130580250705988,2.282217251402991,2.3027777671813965,978200,0.0,0.0
1989-11-09 00:00:00-05:00,2.3027788512909897,2.313059114019967,2.2924985885620117,2.2924985885620117,789800,0.0,0.0
1989-11-10 00:00:00-05:00,2.2924975092921938,2.3027777671813965,2.2924975092921938,2.3027777671813965,168600,0.0,0.0
1989-11-13 00:00:00-05:00,2.3027777671813965,2.3027777671813965,2.282217251402991,2.3027777671813965,418000,0.0,0.0
1989-11-14 00:00:00-05:00,2.3027777671813965,2.3027777671813965,2.2924975092921938,2.3027777671813965,352000,0.0,0.0
1989-11-15 00:00:00-05:00,2.3027777671813965,2.3027777671813965,2.2924975092921938,2.3027777671813965,270800,0.0,0.0
1989-11-16 00:00:00-05:00,2.3027764553493926,2.313056707382202,2.2924962033165825,2.313056707382202,516000,0.0,0.0
1989-11-17 00:00:00-05:00,2.3027777671813965,2.3130580250705988,2.282217251402991,2.3027777671813965,606200,0.0,0.0
1989-11-20 00:00:00-05:00,2.2924975092921938,2.3027777671813965,2.282217251402991,2.3027777671813965,440600,0.0,0.0
1989-11-21 00:00:00-05:00,2.2924985885620117,2.3027788512909897,2.2924985885620117,2.2924985885620117,555200,0.0,0.0
1989-11-22 00:00:00-05:00,2.2924963246594676,2.302776577236416,2.2822160720825195,2.2822160720825195,457000,0.0,0.0
1989-11-24 00:00:00-05:00,2.282218325833034,2.2924985885620117,2.2719380631040567,2.2924985885620117,558600,0.0,0.0
1989-11-27 00:00:00-05:00,2.282218325833034,2.3027788512909897,2.2719380631040567,2.2924985885620117,705800,0.0,0.0
1989-11-28 00:00:00-05:00,2.2924985885620117,2.313059114019967,2.282218325833034,2.2924985885620117,380600,0.0,0.0
1989-11-29 00:00:00-05:00,2.2924975092921938,2.3027777671813965,2.2924975092921938,2.3027777671813965,286400,0.0,0.0
1989-11-30 00:00:00-05:00,2.3027764553493926,2.313056707382202,2.2924962033165825,2.313056707382202,1079000,0.0,0.0
1989-12-01 00:00:00-05:00,2.3042595386505127,2.3461551666259766,2.3042595386505127,2.3461551666259766,2692200,0.26,0.0
1989-12-04 00:00:00-05:00,2.3461540840767525,2.3461540840767525,2.3147323775935815,2.3252062797546387,1335000,0.0,0.0
1989-12-05 00:00:00-05:00,2.3356812596321106,2.3461551666259766,2.3252073526382446,2.3461551666259766,519400,0.0,0.0
1989-12-06 00:00:00-05:00,2.3461540840767525,2.3461540840767525,2.3147323775935815,2.3252062797546387,581200,0.0,0.0
1989-12-07 00:00:00-05:00,2.314734403653578,2.335682226311077,2.304260492324829,2.304260492324829,528400,0.0,0.0
1989-12-08 00:00:00-05:00,2.31473480425608,2.3356826305389404,2.31473480425608,2.3356826305389404,218000,0.0,0.0
1989-12-11 00:00:00-05:00,2.3356801819156954,2.3356801819156954,2.3147323775935815,2.3252062797546387,464200,0.0,0.0
1989-12-12 00:00:00-05:00,2.3252074697376353,2.3775770073443385,2.3252074697376353,2.367103099822998,1381800,0.0,0.0
1989-12-13 00:00:00-05:00,2.3566291321833583,2.398524761199951,2.3566291321833583,2.398524761199951,1158200,0.0,0.0
1989-12-14 00:00:00-05:00,2.388051748275757,2.408999570629053,2.3775778370991087,2.388051748275757,681400,0.0,0.0
1989-12-15 00:00:00-05:00,2.408999570629053,2.408999570629053,2.3566300147458126,2.388051748275757,1810600,0.0,0.0
1989-12-18 00:00:00-05:00,2.3880509148656794,2.39852482238702,2.3461552847803167,2.367103099822998,255800,0.0,0.0
1989-12-19 00:00:00-05:00,2.356629192301657,2.3775770073443385,2.3252074697376353,2.367103099822998,1149800,0.0,0.0
1989-12-20 00:00:00-05:00,2.388050371805827,2.388050371805827,2.356628656387329,2.356628656387329,293400,0.0,0.0
1989-12-21 00:00:00-05:00,2.3775784969329834,2.3880524110163885,2.367104582849578,2.3775784969329834,516600,0.0,0.0
1989-12-22 00:00:00-05:00,2.3671030394375063,2.398524761199951,2.3671030394375063,2.398524761199951,526800,0.0,0.0
1989-12-26 00:00:00-05:00,2.388050853945803,2.4089986684540996,2.388050853945803,2.398524761199951,110400,0.0,0.0
1989-12-27 00:00:00-05:00,2.40899920463562,2.419473114220992,2.3985252950502476,2.40899920463562,241200,0.0,0.0
1989-12-28 00:00:00-05:00,2.419473103987865,2.4613687421521573,2.408999194446792,2.450894832611084,565600,0.0,0.0
1989-12-29 00:00:00-05:00,2.450894832611084,2.450894832611084,2.4299470135289383,2.450894832611084,460400,0.0,0.0
1990-01-02 00:00:00-05:00,2.450896229062762,2.4927918910980225,2.419474482536316,2.4927918910980225,449600,0.0,0.0
1990-01-03 00:00:00-05:00,2.450895438934195,2.450895438934195,2.408999790405405,2.4299476146698,453800,0.0,0.0
1990-01-04 00:00:00-05:00,2.419473481805701,2.429947392982349,2.3671039259224607,2.388051748275757,263600,0.0,0.0
1990-01-05 00:00:00-05:00,2.3671018883988664,2.398523594882037,2.3147323775935815,2.3252062797546387,312600,0.0,0.0
1990-01-08 00:00:00-05:00,2.3147334456443787,2.3461551666259766,2.3147334456443787,2.3461551666259766,283800,0.0,0.0
1990-01-09 00:00:00-05:00,2.3461540840767525,2.3566279862378092,2.3252062797546387,2.3252062797546387,217600,0.0,0.0
1990-01-10 00:00:00-05:00,2.3356808461083305,2.367102561526828,2.3147330358293323,2.356628656387329,971600,0.0,0.0
1990-01-11 00:00:00-05:00,2.3775764666663277,2.3775764666663277,2.34615475124783,2.356628656387329,238800,0.0,0.0
1990-01-12 00:00:00-05:00,2.3461565436803706,2.3461565436803706,2.3252087173975102,2.3356826305389404,375600,0.0,0.0
1990-01-15 00:00:00-05:00,2.3252080172708594,2.3356819272585656,2.283312377320033,2.2937862873077393,286000,0.0,0.0
1990-01-16 00:00:00-05:00,2.272839151690359,2.3356826305389404,2.272839151690359,2.3356826305389404,301800,0.0,0.0
1990-01-17 00:00:00-05:00,2.335682041504804,2.335682041504804,2.3147342205047607,2.3147342205047607,246400,0.0,0.0
1990-01-18 00:00:00-05:00,2.3147334456443787,2.3461551666259766,2.2937856316566467,2.3461551666259766,400200,0.0,0.0
1990-01-19 00:00:00-05:00,2.346155952004825,2.346155952004825,2.3147342205047607,2.3147342205047607,1254800,0.0,0.0
1990-01-22 00:00:00-05:00,2.3252080172708594,2.3356819272585656,2.283312377320033,2.2937862873077393,354800,0.0,0.0
1990-01-23 00:00:00-05:00,2.283312377320033,2.3252080172708594,2.283312377320033,2.2937862873077393,294200,0.0,0.0
1990-01-24 00:00:00-05:00,2.2937862873077393,2.2937862873077393,2.2309428273815,2.2937862873077393,787600,0.0,0.0
1990-01-25 00:00:00-05:00,2.2833122736971143,2.2833122736971143,2.230942726135254,2.230942726135254,386000,0.0,0.0
1990-01-26 00:00:00-05:00,2.230942130643268,2.272837757509808,2.209994317209998,2.251889944076538,675000,0.0,0.0
1990-01-29 00:00:00-05:00,2.251890545159998,2.2623644546723702,2.2204688166228816,2.230942726135254,347600,0.0,0.0
1990-01-30 00:00:00-05:00,2.251889944076538,2.262363850793173,2.230942130643268,2.251889944076538,278400,0.0,0.0
1990-01-31 00:00:00-05:00,2.2518898861123877,2.2937855119005253,2.2518898861123877,2.283311605453491,540400,0.0,0.0
1990-02-01 00:00:00-05:00,2.2728378772735596,2.293785691810643,2.251890062736476,2.2728378772735596,455800,0.0,0.0
1990-02-02 00:00:00-05:00,2.2518898861123877,2.283311605453491,2.2518898861123877,2.283311605453491,514800,0.0,0.0
1990-02-05 00:00:00-05:00,2.283311605453491,2.2937855119005253,2.2728376990064567,2.283311605453491,306800,0.0,0.0
1990-02-06 00:00:00-05:00,2.2728378772735596,2.2833117845421014,2.241416155467934,2.2728378772735596,277200,0.0,0.0
1990-02-07 00:00:00-05:00,2.2623645573446196,2.304260197295446,2.2518906473569134,2.2937862873077393,490800,0.0,0.0
1990-02-08 00:00:00-05:00,2.2833117845421014,2.293785691810643,2.2623639700050178,2.2728378772735596,303800,0.0,0.0
1990-02-09 00:00:00-05:00,2.2937862873077393,2.2937862873077393,2.2728384673323263,2.2937862873077393,186400,0.0,0.0
1990-02-12 00:00:00-05:00,2.293786840306388,2.293786840306388,2.2518911902551295,2.2623651027679443,587600,0.0,0.0
1990-02-13 00:00:00-05:00,2.2518898861123877,2.3042594183475598,2.2414159796653537,2.283311605453491,1175000,0.0,0.0
1990-02-14 00:00:00-05:00,2.29378658099608,2.314734403653578,2.2833126696673305,2.304260492324829,365200,0.0,0.0
1990-02-15 00:00:00-05:00,2.304260492324829,2.314734403653578,2.29378658099608,2.304260492324829,157400,0.0,0.0
1990-02-16 00:00:00-05:00,2.3147342205047607,2.325208131004782,2.304260310004739,2.3147342205047607,459000,0.0,0.0
1990-02-20 00:00:00-05:00,2.29378658099608,2.304260492324829,2.29378658099608,2.304260492324829,432200,0.0,0.0
1990-02-21 00:00:00-05:00,2.2833126696673305,2.304260492324829,2.2833126696673305,2.304260492324829,351600,0.0,0.0
1990-02-22 00:00:00-05:00,2.3252080172708594,2.3252080172708594,2.2937862873077393,2.2937862873077393,271400,0.0,0.0
1990-02-23 00:00:00-05:00,2.304260197295446,2.304260197295446,2.283312377320033,2.2937862873077393,359200,0.0,0.0
1990-02-26 00:00:00-05:00,2.2833126696673305,2.304260492324829,2.2728387583385814,2.304260492324829,360000,0.0,0.0
1990-02-27 00:00:00-05:00,2.29378658099608,2.314734403653578,2.29378658099608,2.304260492324829,514000,0.0,0.0
1990-02-28 00:00:00-05:00,2.3147342205047607,2.325208131004782,2.2937863995047176,2.3147342205047607,729400,0.0,0.0
1990-03-01 00:00:00-05:00,2.2944328784942627,2.2944328784942627,2.2732860316878636,2.2944328784942627,440800,0.13,0.0
1990-03-02 00:00:00-05:00,2.2944328784942627,2.305006301897462,2.2732860316878636,2.2944328784942627,927800,0.0,0.0
1990-03-05 00:00:00-05:00,2.2838592884152433,2.3050061336783476,2.2732858657836914,2.2732858657836914,405200,0.0,0.0
1990-03-06 00:00:00-05:00,2.2838587104727366,2.3050055503845215,2.262711870560952,2.3050055503845215,392600,0.0,0.0
1990-03-07 00:00:00-05:00,2.2838592884152433,2.3050061336783476,2.2627124431521395,2.2732858657836914,367400,0.0,0.0
1990-03-08 00:00:00-05:00,2.262713589050152,2.283860445022583,2.252140161063936,2.283860445022583,377000,0.0,0.0
1990-03-09 00:00:00-05:00,2.283859118609361,2.283859118609361,2.2415654312277065,2.25213885307312,475800,0.0,0.0
1990-03-12 00:00:00-05:00,2.2415647506713867,2.2415647506713867,2.2204179134009023,2.2415647506713867,496200,0.0,0.0
1990-03-13 00:00:00-05:00,2.2309921495081704,2.2309921495081704,2.199271881979618,2.2098453044891357,991000,0.0,0.0
1990-03-14 00:00:00-05:00,2.2098453044891357,2.2204187269986533,2.199271881979618,2.2098453044891357,390000,0.0,0.0
1990-03-15 00:00:00-05:00,2.2098458191523185,2.2098458191523185,2.1886989692082772,2.199272394180298,790000,0.0,0.0
1990-03-16 00:00:00-05:00,2.20984598114377,2.2309928326379684,2.19927255539667,2.220419406890869,636200,0.0,0.0
1990-03-19 00:00:00-05:00,2.220419406890869,2.2309928326379684,2.188699129649571,2.220419406890869,278800,0.0,0.0
1990-03-20 00:00:00-05:00,2.2204179134009023,2.2415647506713867,2.20984449476566,2.2415647506713867,368400,0.0,0.0
1990-03-21 00:00:00-05:00,2.2627131098792663,2.2627131098792663,2.220419406890869,2.220419406890869,258800,0.0,0.0
1990-03-22 00:00:00-05:00,2.2309912813519968,2.2309912813519968,2.1569773525867646,2.178124189376831,565000,0.0,0.0
1990-03-23 00:00:00-05:00,2.1781255442362566,2.199272394180298,2.1569786942922153,2.199272394180298,281800,0.0,0.0
1990-03-26 00:00:00-05:00,2.199272394180298,2.2098458191523185,2.1781255442362566,2.199272394180298,293800,0.0,0.0
1990-03-27 00:00:00-05:00,2.199272517344398,2.2309927940368652,2.1886990917802422,2.2309927940368652,684400,0.0,0.0
1990-03-28 00:00:00-05:00,2.220419406890869,2.2309928326379684,2.20984598114377,2.220419406890869,230800,0.0,0.0
1990-03-29 00:00:00-05:00,2.20984449476566,2.2415647506713867,2.188697657495175,2.2415647506713867,1276600,0.0,0.0
1990-03-30 00:00:00-05:00,2.2309913320361443,2.252138169306629,2.2204179134009023,2.2415647506713867,664000,0.0,0.0
1990-04-02 00:00:00-04:00,2.2309928326379684,2.2415662583850677,2.20984598114377,2.220419406890869,360000,0.0,0.0
1990-04-03 00:00:00-04:00,2.209845165691465,2.25213885307312,2.209845165691465,2.25213885307312,468600,0.0,0.0
1990-04-04 00:00:00-04:00,2.2415647506713867,2.2627115879418715,2.2415647506713867,2.2415647506713867,746000,0.0,0.0
1990-04-05 00:00:00-04:00,2.252139684132167,2.252139684132167,2.20984598114377,2.220419406890869,335800,0.0,0.0
1990-04-06 00:00:00-04:00,2.220419406890869,2.2309928326379684,2.19927255539667,2.220419406890869,188200,0.0,0.0
1990-04-09 00:00:00-04:00,2.199272394180298,2.2309926690963597,2.199272394180298,2.199272394180298,218200,0.0,0.0
1990-04-10 00:00:00-04:00,2.199272394180298,2.2098458191523185,2.1886989692082772,2.199272394180298,324400,0.0,0.0
1990-04-11 00:00:00-04:00,2.1886989692082772,2.220419244124339,2.1886989692082772,2.199272394180298,195000,0.0,0.0
1990-04-12 00:00:00-04:00,2.199272394180298,2.2098458191523185,2.1886989692082772,2.199272394180298,213800,0.0,0.0
1990-04-16 00:00:00-04:00,2.20984598114377,2.220419406890869,2.19927255539667,2.220419406890869,397000,0.0,0.0
1990-04-17 00:00:00-04:00,2.2098458191523185,2.220419244124339,2.199272394180298,2.199272394180298,353200,0.0,0.0
1990-04-18 00:00:00-04:00,2.2204178629569635,2.2204178629569635,2.178124189376831,2.178124189376831,387600,0.0,0.0
1990-04-19 00:00:00-04:00,2.1781260564131437,2.2098463387880924,2.1781260564131437,2.18869948387146,298600,0.0,0.0
1990-04-20 00:00:00-04:00,2.18869944610218,2.18869944610218,2.1146854551711884,2.1358323097229004,522600,0.0,0.0
1990-04-23 00:00:00-04:00,2.1146843433380127,2.1252577650547027,2.061817234754562,2.1146843433380127,810200,0.0,0.0
1990-04-24 00:00:00-04:00,2.1041107177734375,2.1252575591580953,2.0935372970811086,2.1041107177734375,587000,0.0,0.0
1990-04-25 00:00:00-04:00,2.093537604143172,2.135831293115761,2.0723907596568774,2.0829641819000244,401800,0.0,0.0
1990-04-26 00:00:00-04:00,2.093537604143172,2.1041110263863194,2.0723907596568774,2.0829641819000244,484200,0.0,0.0
1990-04-27 00:00:00-04:00,2.082964456811243,2.082964456811243,2.0618176095339718,2.0723910331726074,410600,0.0,0.0
1990-04-30 00:00:00-04:00,2.0723907596568774,2.0829641819000244,2.06181733741373,2.0829641819000244,387600,0.0,0.0
1990-05-01 00:00:00-04:00,2.0829640781879424,2.1146843433380127,2.0723906564712524,2.1146843433380127,382600,0.0,0.0
1990-05-02 00:00:00-04:00,2.1146854551711884,2.1358323097229004,2.1041120278953325,2.1358323097229004,467800,0.0,0.0
1990-05-03 00:00:00-04:00,2.1358323097229004,2.1569791642746123,2.1252588824470444,2.1358323097229004,238800,0.0,0.0
1990-05-04 00:00:00-04:00,2.156977415084839,2.167550833786235,2.1464039963834427,2.156977415084839,200400,0.0,0.0
1990-05-07 00:00:00-04:00,2.146405774038195,2.199272911329776,2.146405774038195,2.18869948387146,398600,0.0,0.0
1990-05-08 00:00:00-04:00,2.1886990917802422,2.2309927940368652,2.1781256662160864,2.2309927940368652,295800,0.0,0.0
1990-05-09 00:00:00-04:00,2.2309927940368652,2.2309927940368652,2.199272517344398,2.2309927940368652,370800,0.0,0.0
1990-05-10 00:00:00-04:00,2.2415647506713867,2.2627115879418715,2.2415647506713867,2.2415647506713867,823000,0.0,0.0
1990-05-11 00:00:00-04:00,2.2627126082846645,2.305006301897462,2.252139184881465,2.2944328784942627,523600,0.0,0.0
1990-05-14 00:00:00-04:00,2.2838600461728107,2.3050068984521883,2.2627131938934326,2.2627131938934326,335800,0.0,0.0
1990-05-15 00:00:00-04:00,2.2627130707293324,2.2732864962934882,2.2309927940368652,2.2309927940368652,562400,0.0,0.0
1990-05-16 00:00:00-04:00,2.230992009382293,2.25213885307312,2.2204185875368787,2.25213885307312,438600,0.0,0.0
1990-05-17 00:00:00-04:00,2.2415662583850677,2.2627131098792663,2.220419406890869,2.220419406890869,304400,0.0,0.0
1990-05-18 00:00:00-04:00,2.2415647506713867,2.2415647506713867,2.2204179134009023,2.2415647506713867,445800,0.0,0.0
1990-05-21 00:00:00-04:00,2.2309927940368652,2.252139645165177,2.2204193684727094,2.2309927940368652,312400,0.0,0.0
1990-05-22 00:00:00-04:00,2.241566219601021,2.252139645165177,2.2098459429085535,2.2309927940368652,415600,0.0,0.0
1990-05-23 00:00:00-04:00,2.241566341614055,2.2627131938934326,2.209846063194988,2.2627131938934326,315600,0.0,0.0
1990-05-24 00:00:00-04:00,2.241565572017688,2.2521389945272055,2.2098453044891357,2.2098453044891357,457200,0.0,0.0
1990-05-25 00:00:00-04:00,2.2098463387880924,2.2204197662464087,2.1781260564131437,2.18869948387146,533600,0.0,0.0
1990-05-29 00:00:00-04:00,2.188697657495175,2.2415647506713867,2.188697657495175,2.2415647506713867,212000,0.0,0.0
1990-05-30 00:00:00-04:00,2.25213885307312,2.2627122749185338,2.230992009382293,2.25213885307312,912800,0.0,0.0
1990-05-31 00:00:00-04:00,2.252139767753744,2.2627131938934326,2.252139767753744,2.2627131938934326,1101600,0.0,0.0
1990-06-01 00:00:00-04:00,2.296787192042057,2.3075702305023484,2.221305922820018,2.2428719997406006,365800,0.26,0.0
1990-06-04 00:00:00-04:00,2.2428717590621297,2.296786945578046,2.2213056844557633,2.2752208709716797,416800,0.0,0.0
1990-06-05 00:00:00-04:00,2.296787192042057,2.296787192042057,2.2428719997406006,2.2428719997406006,492200,0.0,0.0
1990-06-06 00:00:00-04:00,2.2644378336684965,2.286003908274863,2.253654796365313,2.2752208709716797,473200,0.0,0.0
1990-06-07 00:00:00-04:00,2.286003908274863,2.286003908274863,2.253654796365313,2.2752208709716797,265800,0.0,0.0
1990-06-08 00:00:00-04:00,2.2644382344478626,2.275221273659519,2.2428721560245495,2.253655195236206,351600,0.0,0.0
1990-06-11 00:00:00-04:00,2.242871835198201,2.2967870235443115,2.2320887975289785,2.2967870235443115,329400,0.0,0.0
1990-06-12 00:00:00-04:00,2.275221103819731,2.307570219039917,2.2644380654130027,2.307570219039917,330800,0.0,0.0
1990-06-13 00:00:00-04:00,2.3075699828812297,2.3075699828812297,2.253654796365313,2.2752208709716797,862000,0.0,0.0
1990-06-14 00:00:00-04:00,2.2644383907318115,2.2752214306876772,2.24287231082008,2.2644383907318115,184600,0.0,0.0
1990-06-15 00:00:00-04:00,2.24287231082008,2.2644383907318115,2.24287231082008,2.2644383907318115,668600,0.0,0.0
1990-06-18 00:00:00-04:00,2.2428720815170218,2.253655120370469,2.232089042663574,2.232089042663574,368800,0.0,0.0
1990-06-19 00:00:00-04:00,2.2428721560245495,2.2644382344478626,2.2213060776012368,2.253655195236206,310400,0.0,0.0
1990-06-20 00:00:00-04:00,2.2536547195564194,2.264437756492096,2.2213056087493896,2.2213056087493896,435200,0.0,0.0
1990-06-21 00:00:00-04:00,2.2428719997406006,2.2428719997406006,2.221305922820018,2.2428719997406006,915600,0.0,0.0
1990-06-22 00:00:00-04:00,2.2428711161893955,2.2536541504018444,2.1781729109147014,2.1997389793395996,390800,0.0,0.0
1990-06-25 00:00:00-04:00,2.199740182107954,2.210523222216326,2.1566080216744643,2.167391061782837,757800,0.0,0.0
1990-06-26 00:00:00-04:00,2.1889569759368896,2.210523054517549,2.1781739366465604,2.1889569759368896,784000,0.0,0.0
1990-06-27 00:00:00-04:00,2.1781737689788523,2.2428719997406006,2.1781737689788523,2.2428719997406006,185600,0.0,0.0
1990-06-28 00:00:00-04:00,2.1997400152272193,2.221306093807878,2.1781739366465604,2.1889569759368896,58400,0.0,0.0
1990-06-29 00:00:00-04:00,2.199739926103233,2.232089042663574,2.1889568872497853,2.232089042663574,537200,0.0,0.0
1990-07-02 00:00:00-04:00,2.221305922820018,2.2428719997406006,2.2105228843597264,2.2428719997406006,254400,0.0,0.0
1990-07-03 00:00:00-04:00,2.2320886456850664,2.2428716826207427,2.2213056087493896,2.2213056087493896,552800,0.0,0.0
1990-07-05 00:00:00-04:00,2.2213066473239804,2.232089689301281,2.2105236053466797,2.2105236053466797,319000,0.0,0.0
1990-07-06 00:00:00-04:00,2.21052296495668,2.253655120370469,2.21052296495668,2.232089042663574,519800,0.0,0.0
1990-07-09 00:00:00-04:00,2.232089042663574,2.2428720815170218,2.21052296495668,2.232089042663574,327600,0.0,0.0
1990-07-10 00:00:00-04:00,2.2213066473239804,2.2428727312785823,2.2105236053466797,2.2105236053466797,394200,0.0,0.0
1990-07-11 00:00:00-04:00,2.2105228843597264,2.2428719997406006,2.199739845899435,2.2428719997406006,489800,0.0,0.0
1990-07-12 00:00:00-04:00,2.232088961280309,2.2428719997406006,2.2105228843597264,2.2428719997406006,296400,0.0,0.0
1990-07-13 00:00:00-04:00,2.232089042663574,2.2428720815170218,2.21052296495668,2.232089042663574,266800,0.0,0.0
1990-07-16 00:00:00-04:00,2.2213056087493896,2.2320886456850664,2.199739534878036,2.2213056087493896,286200,0.0,0.0
1990-07-17 00:00:00-04:00,2.2105220135520485,2.2213050477644973,2.1566068424898033,2.1997389793395996,269200,0.0,0.0
1990-07-18 00:00:00-04:00,2.1889569759368896,2.1997400152272193,2.167390897356231,2.1889569759368896,236400,0.0,0.0
1990-07-19 00:00:00-04:00,2.1889555323123933,2.199738564491272,2.145823403596878,2.156606435775757,426600,0.0,0.0
1990-07-20 00:00:00-04:00,2.1566087549382993,2.1566087549382993,2.1242596236142246,2.135042667388916,417200,0.0,0.0
1990-07-23 00:00:00-04:00,2.124258518218994,2.1350415563825424,2.070343327401253,2.124258518218994,451600,0.0,0.0
1990-07-24 00:00:00-04:00,2.124258518218994,2.1458245945460908,2.102692441891898,2.124258518218994,880400,0.0,0.0
1990-07-25 00:00:00-04:00,2.1242573392391204,2.156606435775757,2.1134743070602418,2.156606435775757,625600,0.0,0.0
1990-07-26 00:00:00-04:00,2.135042667388916,2.145825711163608,2.1242596236142246,2.135042667388916,664800,0.0,0.0
1990-07-27 00:00:00-04:00,2.135042667388916,2.1566087549382993,2.113476579839533,2.135042667388916,696400,0.0,0.0
1990-07-30 00:00:00-04:00,2.1242589013493474,2.178174101891209,2.113475861240975,2.167391061782837,1488200,0.0,0.0
1990-07-31 00:00:00-04:00,2.1673898767022526,2.2105220135520485,2.1566068424898033,2.1997389793395996,1164200,0.0,0.0
1990-08-01 00:00:00-04:00,2.1997399991779236,2.253655195236206,2.188956959966267,2.253655195236206,869200,0.0,0.0
1990-08-02 00:00:00-04:00,2.2213050477644973,2.2428711161893955,2.1781729109147014,2.1997389793395996,551800,0.0,0.0
1990-08-03 00:00:00-04:00,2.1889575213920778,2.2105236053466797,2.156608395460175,2.2105236053466797,616800,0.0,0.0
1990-08-06 00:00:00-04:00,2.135042667388916,2.1566087549382993,2.1026935360648418,2.135042667388916,317800,0.0,0.0
1990-08-07 00:00:00-04:00,2.135042667388916,2.145825711163608,2.1242596236142246,2.135042667388916,417000,0.0,0.0
1990-08-08 00:00:00-04:00,2.124258518218994,2.1566076327096386,2.113475480055446,2.124258518218994,465600,0.0,0.0
1990-08-09 00:00:00-04:00,2.1242574015442206,2.135040434039369,2.1134743690490723,2.1134743690490723,309200,0.0,0.0
1990-08-10 00:00:00-04:00,2.1242582003275556,2.1242582003275556,2.0919090906778974,2.102692127227783,721200,0.0,0.0
1990-08-13 00:00:00-04:00,2.0919090906778974,2.102692127227783,2.081126054128011,2.102692127227783,402200,0.0,0.0
1990-08-14 00:00:00-04:00,2.0919094037283497,2.1350415563825424,2.0919094037283497,2.124258518218994,508800,0.0,0.0
1990-08-15 00:00:00-04:00,2.1350409205834473,2.1458239555358887,2.1242578856310055,2.1458239555358887,457800,0.0,0.0
1990-08-16 00:00:00-04:00,2.1242582003275556,2.1350412368774414,2.102692127227783,2.102692127227783,238800,0.0,0.0
1990-08-17 00:00:00-04:00,2.0919094037283497,2.124258518218994,2.0811263655648014,2.124258518218994,376600,0.0,0.0
1990-08-20 00:00:00-04:00,2.1134743690490723,2.1458234665345173,2.102691336553924,2.1134743690490723,301000,0.0,0.0
1990-08-21 00:00:00-04:00,2.070343412883541,2.091909490101078,2.0272112584484674,2.0811264514923096,67600,0.0,0.0
1990-08-22 00:00:00-04:00,2.0919093354038463,2.102692373215206,2.037994146347046,2.037994146347046,443000,0.0,0.0
1990-08-23 00:00:00-04:00,2.0272101484319216,2.048776213840772,2.0056440830230713,2.0056440830230713,1048800,0.0,0.0
1990-08-24 00:00:00-04:00,2.005644476932028,2.016427511754243,1.951729302820952,1.9840784072875977,867800,0.0,0.0
1990-08-27 00:00:00-04:00,2.0056440830230713,2.0272101484319216,1.9948610503186464,2.0056440830230713,1557800,0.0,0.0
1990-08-28 00:00:00-04:00,2.0164281561567976,2.027211194425016,1.9948620796203613,1.9948620796203613,733800,0.0,0.0
1990-08-29 00:00:00-04:00,2.0056448769062123,2.0379939878240543,1.9840788029609842,2.0272109508514404,1225200,0.0,0.0
1990-08-30 00:00:00-04:00,2.0379942326932343,2.0487772709614522,1.9840790413521432,1.9948620796203613,600600,0.0,0.0
1990-08-31 00:00:00-04:00,1.994861684347454,2.048776865005493,1.994861684347454,2.048776865005493,1440400,0.0,0.0
1990-09-04 00:00:00-04:00,2.0395155619549494,2.050539970397949,2.0284911535119496,2.050539970397949,333000,0.26,0.0
1990-09-05 00:00:00-04:00,2.050541105724516,2.0836143493652344,2.03951669117761,2.0836143493652344,607800,0.0,0.0
1990-09-06 00:00:00-04:00,2.0836151908425724,2.0946396098417392,2.050541933845071,2.0615663528442383,428600,0.0,0.0
1990-09-07 00:00:00-04:00,2.050540464802792,2.0946381092071533,2.050540464802792,2.0946381092071533,268000,0.0,0.0
1990-09-10 00:00:00-04:00,2.1056625203082433,2.1166869314093337,2.0395160537017016,2.0946381092071533,322200,0.0,0.0
1990-09-11 00:00:00-04:00,2.072590771843405,2.0946396098417392,2.0615663528442383,2.0615663528442383,301000,0.0,0.0
1990-09-12 00:00:00-04:00,2.061564378840949,2.061564378840949,2.0284911535119496,2.050539970397949,515000,0.0,0.0
1990-09-13 00:00:00-04:00,2.0505407996799634,2.0505407996799634,2.006443148073943,2.028491973876953,441000,0.0,0.0
1990-09-14 00:00:00-04:00,2.017467975616455,2.028492390783758,1.995419145281849,2.017467975616455,642200,0.0,0.0
1990-09-17 00:00:00-04:00,2.006443560449152,2.017467975616455,1.995419145281849,2.017467975616455,255000,0.0,0.0
1990-09-18 00:00:00-04:00,2.017467975616455,2.017467975616455,1.995419145281849,2.017467975616455,646200,0.0,0.0
1990-09-19 00:00:00-04:00,2.0174676756282426,2.0174676756282426,1.9954188485721964,2.0064432621002197,429600,0.0,0.0
1990-09-20 00:00:00-04:00,2.0064432621002197,2.0064432621002197,1.9843944350441731,2.0064432621002197,514200,0.0,0.0
1990-09-21 00:00:00-04:00,2.0395155619549494,2.050539970397949,2.01746674506895,2.050539970397949,627400,0.0,0.0
1990-09-24 00:00:00-04:00,2.050541221118364,2.050541221118364,2.017467975616455,2.017467975616455,219200,0.0,0.0
1990-09-25 00:00:00-04:00,2.0284911535119496,2.061564378840949,2.0284911535119496,2.050539970397949,343600,0.0,0.0
1990-09-26 00:00:00-04:00,2.0395171642303467,2.050541581334295,2.0064439129185034,2.0395171642303467,715600,0.0,0.0
1990-09-27 00:00:00-04:00,2.0395171642303467,2.0395171642303467,2.0064439129185034,2.0395171642303467,489600,0.0,0.0
1990-09-28 00:00:00-04:00,2.0284911535119496,2.050539970397949,2.01746674506895,2.050539970397949,334000,0.0,0.0
1990-10-01 00:00:00-04:00,2.0725889454285307,2.1166865825653076,2.061564536144336,2.1166865825653076,581400,0.0,0.0
1990-10-02 00:00:00-04:00,2.1056628227233887,2.12771164809222,2.1056628227233887,2.1056628227233887,327000,0.0,0.0
1990-10-03 00:00:00-04:00,2.094637763996919,2.1497598104178905,2.094637763996919,2.1166865825653076,436400,0.0,0.0
1990-10-04 00:00:00-04:00,2.1056630070676507,2.1387362480163574,2.1056630070676507,2.1387362480163574,557200,0.0,0.0
1990-10-05 00:00:00-04:00,2.105663300783206,2.1497609615325928,2.105663300783206,2.1497609615325928,556400,0.0,0.0
1990-10-08 00:00:00-04:00,2.1607847213745117,2.171809133218259,2.1497603095307642,2.1607847213745117,409600,0.0,0.0
1990-10-09 00:00:00-04:00,2.1497598104178905,2.160784219702085,2.1056621732811136,2.1166865825653076,365000,0.0,0.0
1990-10-10 00:00:00-04:00,2.1166869314093337,2.127711342510424,2.083613698106063,2.0946381092071533,595200,0.0,0.0
1990-10-11 00:00:00-04:00,2.1166864210559475,2.1166864210559475,2.0284911535119496,2.050539970397949,676000,0.0,0.0
1990-10-12 00:00:00-04:00,2.0836136526394387,2.138735706942069,2.0725892417789122,2.127711296081543,475200,0.0,0.0
1990-10-15 00:00:00-04:00,2.1387362480163574,2.149760661665926,2.1056630070676507,2.1387362480163574,879200,0.0,0.0
1990-10-16 00:00:00-04:00,2.1387362480163574,2.149760661665926,2.1166874207172195,2.1387362480163574,1201200,0.0,0.0
1990-10-17 00:00:00-04:00,2.1387358976870168,2.171809133218259,2.1277114858432693,2.1607847213745117,633400,0.0,0.0
1990-10-18 00:00:00-04:00,2.160786262666336,2.182835102081299,2.160786262666336,2.182835102081299,557200,0.0,0.0
1990-10-19 00:00:00-04:00,2.193859450259612,2.2159082889556885,2.1718106115635356,2.2159082889556885,1220000,0.0,0.0
1990-10-22 00:00:00-04:00,2.215907395476162,2.2269318103790283,2.2048829805732955,2.2269318103790283,379000,0.0,0.0
1990-10-23 00:00:00-04:00,2.2269318103790283,2.2489806401847616,2.215907395476162,2.2269318103790283,681200,0.0,0.0
1990-10-24 00:00:00-04:00,2.2379565238952637,2.248980940269132,2.2159076911475273,2.2379565238952637,974800,0.0,0.0
1990-10-25 00:00:00-04:00,2.2489802837371826,2.2710291100483317,2.2379558705816085,2.2489802837371826,660200,0.0,0.0
1990-10-26 00:00:00-04:00,2.2269318103790283,2.2489806401847616,2.2269318103790283,2.2269318103790283,340600,0.0,0.0
1990-10-29 00:00:00-05:00,2.2379565238952637,2.248980940269132,2.204883274773659,2.2379565238952637,491600,0.0,0.0
1990-10-30 00:00:00-05:00,2.2159070442704594,2.2489802837371826,2.2159070442704594,2.2489802837371826,410400,0.0,0.0
1990-10-31 00:00:00-05:00,2.2489807029471014,2.3261516094207764,2.2379562877365764,2.3261516094207764,499200,0.0,0.0
1990-11-01 00:00:00-05:00,2.315126545024368,2.348199781381859,2.3041021329052045,2.3371753692626953,593000,0.0,0.0
1990-11-02 00:00:00-05:00,2.3261516094207764,2.3482004398418264,2.3151271942102514,2.3261516094207764,1139000,0.0,0.0
1990-11-05 00:00:00-05:00,2.3371753692626953,2.348199781381859,2.3261509571435317,2.3371753692626953,488600,0.0,0.0
1990-11-06 00:00:00-05:00,2.3371760246313014,2.3592248550523514,2.3041027789997264,2.3261516094207764,435600,0.0,0.0
1990-11-07 00:00:00-05:00,2.32615222116796,2.337176639277761,2.2600057125091553,2.2600057125091553,823000,0.0,0.0
1990-11-08 00:00:00-05:00,2.260004706107653,2.2930779457092285,2.260004706107653,2.2930779457092285,844200,0.0,0.0
1990-11-09 00:00:00-05:00,2.293077720786041,2.3371753692626953,2.293077720786041,2.3371753692626953,606400,0.0,0.0
1990-11-12 00:00:00-05:00,2.3482000827789307,2.3592244963131037,2.337175669244757,2.3482000827789307,775200,0.0,0.0
1990-11-13 00:00:00-05:00,2.3592252799442837,2.3592252799442837,2.304103193964277,2.3151276111602783,364400,0.0,0.0
1990-11-14 00:00:00-05:00,2.326151969900542,2.326151969900542,2.282054302224702,2.304103136062622,962800,0.0,0.0
1990-11-15 00:00:00-05:00,2.293078123083437,2.293078123083437,2.248980466870294,2.2820537090301514,565400,0.0,0.0
1990-11-16 00:00:00-05:00,2.2930779457092285,2.3151267721102786,2.271029119308178,2.2930779457092285,470600,0.0,0.0
1990-11-19 00:00:00-05:00,2.293078719143662,2.326151969900542,2.293078719143662,2.304103136062622,505200,0.0,0.0
1990-11-20 00:00:00-05:00,2.304102537136723,2.304102537136723,2.2710292949768656,2.2820537090301514,1288800,0.0,0.0
1990-11-21 00:00:00-05:00,2.2930779457092285,2.2930779457092285,2.260004706107653,2.2930779457092285,349800,0.0,0.0
1990-11-23 00:00:00-05:00,2.2930779457092285,2.2930779457092285,2.271029119308178,2.2930779457092285,374400,0.0,0.0
1990-11-26 00:00:00-05:00,2.2710292949768656,2.2820537090301514,2.2710292949768656,2.2820537090301514,481000,0.0,0.0
1990-11-27 00:00:00-05:00,2.2820535325087032,2.304102358909754,2.271029119308178,2.2930779457092285,551400,0.0,0.0
1990-11-28 00:00:00-05:00,2.293078776768276,2.32615202835628,2.2820543595722746,2.3151276111602783,600400,0.0,0.0
1990-11-29 00:00:00-05:00,2.3151276111602783,2.32615202835628,2.293078776768276,2.3151276111602783,610800,0.0,0.0
1990-11-30 00:00:00-05:00,2.3041021329052045,2.3371753692626953,2.3041021329052045,2.3371753692626953,2342400,0.0,0.0
1990-12-03 00:00:00-05:00,2.3398748846615063,2.3398748846615063,2.294877290725708,2.294877290725708,789200,0.265,0.0
1990-12-04 00:00:00-05:00,2.2948780885109534,2.3398756980895996,2.283628686116292,2.3398756980895996,512400,0.0,0.0
1990-12-05 00:00:00-05:00,2.328625202178955,2.3398745992909307,2.3173758050669795,2.328625202178955,452600,0.0,0.0
1990-12-06 00:00:00-05:00,2.3173768933002763,2.351125100484261,2.3173768933002763,2.3398756980895996,2057800,0.0,0.0
1990-12-07 00:00:00-05:00,2.339876311817808,2.362375122508364,2.3286269064725302,2.351125717163086,3072000,0.0,0.0
1990-12-10 00:00:00-05:00,2.3623743057250977,2.3623743057250977,2.3286261013575964,2.3623743057250977,380400,0.0,0.0
1990-12-11 00:00:00-05:00,2.3623743057250977,2.3736237071809314,2.351124904269264,2.3623743057250977,574200,0.0,0.0
1990-12-12 00:00:00-05:00,2.3736226558685303,2.3848720523418407,2.36237325939522,2.3736226558685303,396600,0.0,0.0
1990-12-13 00:00:00-05:00,2.3623743057250977,2.3736237071809314,2.3623743057250977,2.3623743057250977,200400,0.0,0.0
1990-12-14 00:00:00-05:00,2.351124904269264,2.3736237071809314,2.351124904269264,2.3623743057250977,258400,0.0,0.0
1990-12-17 00:00:00-05:00,2.36237325939522,2.3736226558685303,2.351123862921909,2.3736226558685303,166600,0.0,0.0
1990-12-18 00:00:00-05:00,2.373623087027363,2.4186206810942323,2.362373688510645,2.4073712825775146,458600,0.0,0.0
1990-12-19 00:00:00-05:00,2.4186223910914526,2.4298717975616455,2.3961235781510672,2.4298717975616455,688600,0.0,0.0
1990-12-20 00:00:00-05:00,2.418621063232422,2.418621063232422,2.3848728623501088,2.418621063232422,992400,0.0,0.0
1990-12-21 00:00:00-05:00,2.4298717975616455,2.4298717975616455,2.4073729846212597,2.4298717975616455,775800,0.0,0.0
1990-12-24 00:00:00-05:00,2.4073725754106547,2.418621979968649,2.396123170852661,2.396123170852661,114000,0.0,0.0
1990-12-26 00:00:00-05:00,2.3961218840607974,2.4186206810942323,2.38487248554408,2.4073712825775146,347200,0.0,0.0
1990-12-27 00:00:00-05:00,2.4073716629383175,2.4298704635265262,2.396122262644213,2.418621063232422,540000,0.0,0.0
1990-12-28 00:00:00-05:00,2.418621063232422,2.418621063232422,2.4073716629383175,2.418621063232422,541000,0.0,0.0
1990-12-31 00:00:00-05:00,2.4186202417617726,2.4186202417617726,2.3736226558685303,2.3736226558685303,155400,0.0,0.0
1991-01-02 00:00:00-05:00,2.3961223138953156,2.407371714430035,2.373623512825876,2.3848729133605957,303200,0.0,0.0
1991-01-03 00:00:00-05:00,2.3848737662946675,2.396123170852661,2.3848737662946675,2.396123170852661,276400,0.0,0.0
1991-01-04 00:00:00-05:00,2.3848729133605957,2.3961223138953156,2.373623512825876,2.3848729133605957,334800,0.0,0.0
1991-01-07 00:00:00-05:00,2.384873108636765,2.384873108636765,2.3623743057250977,2.3623743057250977,534000,0.0,0.0
1991-01-08 00:00:00-05:00,2.3398744664485984,2.3736226558685303,2.328625069975288,2.3736226558685303,659600,0.0,0.0
1991-01-09 00:00:00-05:00,2.3848739331989197,2.3848739331989197,2.339876311817808,2.351125717163086,1331800,0.0,0.0
1991-01-10 00:00:00-05:00,2.351125717163086,2.362375122508364,2.339876311817808,2.351125717163086,298200,0.0,0.0
1991-01-11 00:00:00-05:00,2.339876311817808,2.362375122508364,2.339876311817808,2.351125717163086,890000,0.0,0.0
1991-01-14 00:00:00-05:00,2.328625202178955,2.328625202178955,2.306126407955004,2.328625202178955,353200,0.0,0.0
1991-01-15 00:00:00-05:00,2.328625872077011,2.328625872077011,2.2948776710324172,2.3061270713806152,330000,0.0,0.0
1991-01-16 00:00:00-05:00,2.328625872077011,2.328625872077011,2.3061270713806152,2.3061270713806152,410000,0.0,0.0
1991-01-17 00:00:00-05:00,2.351124904269264,2.384873108636765,2.33987550281343,2.3623743057250977,859400,0.0,0.0
1991-01-18 00:00:00-05:00,2.351124904269264,2.3736237071809314,2.351124904269264,2.3623743057250977,640600,0.0,0.0
1991-01-21 00:00:00-05:00,2.33987550281343,2.384873108636765,2.33987550281343,2.3623743057250977,521600,0.0,0.0
1991-01-22 00:00:00-05:00,2.3736226558685303,2.3736226558685303,2.36237325939522,2.3736226558685303,227600,0.0,0.0
1991-01-23 00:00:00-05:00,2.373623512825876,2.3848729133605957,2.362374112291156,2.3848729133605957,332800,0.0,0.0
1991-01-24 00:00:00-05:00,2.3848729133605957,2.407371714430035,2.373623512825876,2.3848729133605957,592000,0.0,0.0
1991-01-25 00:00:00-05:00,2.3848729133605957,2.3848729133605957,2.373623512825876,2.3848729133605957,285000,0.0,0.0
1991-01-28 00:00:00-05:00,2.384873108636765,2.384873108636765,2.351124904269264,2.3623743057250977,242200,0.0,0.0
1991-01-29 00:00:00-05:00,2.3623743057250977,2.3623743057250977,2.3286261013575964,2.3623743057250977,1021000,0.0,0.0
1991-01-30 00:00:00-05:00,2.362373393514882,2.384872187738833,2.3173758050669795,2.328625202178955,537200,0.0,0.0
1991-01-31 00:00:00-05:00,2.328626295694938,2.3398756980895996,2.306127490905615,2.3398756980895996,1026200,0.0,0.0
1991-02-01 00:00:00-05:00,2.33987550281343,2.3736237071809314,2.33987550281343,2.3623743057250977,619600,0.0,0.0
1991-02-04 00:00:00-05:00,2.3736226558685303,2.3848720523418407,2.36237325939522,2.3736226558685303,660600,0.0,0.0
1991-02-05 00:00:00-05:00,2.373624361736674,2.396123170852661,2.3623749571786803,2.396123170852661,1070800,0.0,0.0
1991-02-06 00:00:00-05:00,2.3848737662946675,2.396123170852661,2.373624361736674,2.396123170852661,763600,0.0,0.0
1991-02-07 00:00:00-05:00,2.3961218840607974,2.452368876644384,2.38487248554408,2.4073712825775146,1666200,0.0,0.0
1991-02-08 00:00:00-05:00,2.4073729846212597,2.4298717975616455,2.3961235781510672,2.4298717975616455,787400,0.0,0.0
1991-02-11 00:00:00-05:00,2.4298705968382133,2.5086164032172293,2.4186211959269253,2.4861176013946533,1106200,0.0,0.0
1991-02-12 00:00:00-05:00,2.497367758387407,2.519866567021528,2.4748689497532865,2.5086171627044678,772400,0.0,0.0
1991-02-13 00:00:00-05:00,2.508616113236972,2.5198655128479004,2.497366713626044,2.5198655128479004,339000,0.0,0.0
1991-02-14 00:00:00-05:00,2.519866567021528,2.5311159713385885,2.4861183540703466,2.5086171627044678,799800,0.0,0.0
1991-02-15 00:00:00-05:00,2.4973670023059413,2.5198658041285174,2.4636187995720773,2.4861176013946533,737400,0.0,0.0
1991-02-19 00:00:00-05:00,2.4861176013946533,2.4861176013946533,2.4636187995720773,2.4861176013946533,490000,0.0,0.0
1991-02-20 00:00:00-05:00,2.4748681560498937,2.4748681560498937,2.4523693546312586,2.463618755340576,359600,0.0,0.0
1991-02-21 00:00:00-05:00,2.4523699673739348,2.4748687744140625,2.4523699673739348,2.4748687744140625,320400,0.0,0.0
1991-02-22 00:00:00-05:00,2.4523699673739348,2.4973675814541902,2.441120563853871,2.4748687744140625,916200,0.0,0.0
1991-02-25 00:00:00-05:00,2.497367758387407,2.5086171627044678,2.4748689497532865,2.5086171627044678,940800,0.0,0.0
1991-02-26 00:00:00-05:00,2.4861175567592118,2.4973669574685293,2.4523693546312586,2.463618755340576,537000,0.0,0.0
1991-02-27 00:00:00-05:00,2.4636187995720773,2.4973670023059413,2.4636187995720773,2.4861176013946533,348400,0.0,0.0
1991-02-28 00:00:00-05:00,2.4861176013946533,2.4973670023059413,2.4636187995720773,2.4861176013946533,1386800,0.0,0.0
1991-03-01 00:00:00-05:00,2.488870467300768,2.5003399164588362,2.454462119826564,2.4774010181427,874000,0.265,0.0
1991-03-04 00:00:00-05:00,2.4659319137627222,2.4659319137627222,2.420054110715974,2.431523561477661,594000,0.0,0.0
1991-03-05 00:00:00-05:00,2.442993402481079,2.454462855074887,2.4200544972934632,2.442993402481079,386000,0.0,0.0
1991-03-06 00:00:00-05:00,2.442992791034388,2.4659316904807205,2.3856455424185574,2.3971149921417236,894000,0.0,0.0
1991-03-07 00:00:00-05:00,2.4085848331451416,2.420054284731547,2.397115381558736,2.4085848331451416,2997600,0.0,0.0
1991-03-08 00:00:00-05:00,2.408586213221917,2.4200556713801165,2.3741778387473182,2.3856472969055176,335600,0.0,0.0
1991-03-11 00:00:00-05:00,2.3856455424185574,2.4200538915880556,2.374176092695391,2.3971149921417236,257800,0.0,0.0
1991-03-12 00:00:00-05:00,2.431523561477661,2.442993012239348,2.408584659954287,2.431523561477661,454800,0.0,0.0
1991-03-13 00:00:00-05:00,2.420054110715974,2.442993012239348,2.420054110715974,2.431523561477661,407600,0.0,0.0
1991-03-14 00:00:00-05:00,2.4315237363179527,2.4544626394907634,2.397115381558736,2.4085848331451416,346400,0.0,0.0
1991-03-15 00:00:00-05:00,2.442992602553323,2.4544620513916016,2.420053704876766,2.4544620513916016,917600,0.0,0.0
1991-03-18 00:00:00-05:00,2.4544620513916016,2.46593150022988,2.442992602553323,2.4544620513916016,201800,0.0,0.0
1991-03-19 00:00:00-05:00,2.4085842560384876,2.4544620513916016,2.4085842560384876,2.4544620513916016,304200,0.0,0.0
1991-03-20 00:00:00-05:00,2.442992602553323,2.46593150022988,2.442992602553323,2.4544620513916016,298600,0.0,0.0
1991-03-21 00:00:00-05:00,2.454462855074887,2.454462855074887,2.442993402481079,2.442993402481079,1593000,0.0,0.0
1991-03-22 00:00:00-05:00,2.442992670668496,2.4774010181427,2.442992670668496,2.4774010181427,794400,0.0,0.0
1991-03-25 00:00:00-05:00,2.4774010181427,2.488870467300768,2.465931568984632,2.4774010181427,1171600,0.0,0.0
1991-03-26 00:00:00-05:00,2.465933374545541,2.4888722896575928,2.4544639169895155,2.4888722896575928,972800,0.0,0.0
1991-03-27 00:00:00-05:00,2.4888722896575928,2.4888722896575928,2.465933374545541,2.4888722896575928,1053200,0.0,0.0
1991-03-28 00:00:00-05:00,2.4888698234470614,2.511808715829062,2.4888698234470614,2.5003392696380615,733600,0.0,0.0
1991-04-01 00:00:00-05:00,2.5003417472136187,2.5003417472136187,2.465933374545541,2.4888722896575928,491000,0.0,0.0
1991-04-02 00:00:00-05:00,2.4888722896575928,2.5003417472136187,2.477402832101567,2.4888722896575928,268200,0.0,0.0
1991-04-03 00:00:00-05:00,2.5003410866271416,2.511810541152954,2.488871632101329,2.511810541152954,440400,0.0,0.0
1991-04-04 00:00:00-05:00,2.511810541152954,2.5232799956787666,2.5003410866271416,2.511810541152954,337400,0.0,0.0
1991-04-05 00:00:00-05:00,2.511811204769644,2.52328066232567,2.465933374545541,2.4888722896575928,462000,0.0,0.0
1991-04-08 00:00:00-04:00,2.5003399164588362,2.5003399164588362,2.42005377235236,2.4774010181427,422800,0.0,0.0
1991-04-09 00:00:00-04:00,2.4659314155578613,2.4774008640023166,2.454461967113406,2.4659314155578613,414800,0.0,0.0
1991-04-10 00:00:00-04:00,2.465933374545541,2.5003417472136187,2.465933374545541,2.4888722896575928,358200,0.0,0.0
1991-04-11 00:00:00-04:00,2.5003392696380615,2.511808715829062,2.4888698234470614,2.5003392696380615,348400,0.0,0.0
1991-04-12 00:00:00-04:00,2.5003417472136187,2.511811204769644,2.4888722896575928,2.4888722896575928,493600,0.0,0.0
1991-04-15 00:00:00-04:00,2.5003410866271416,2.5232799956787666,2.5003410866271416,2.511810541152954,701200,0.0,0.0
1991-04-16 00:00:00-04:00,2.511809264529835,2.534748161922802,2.500339815833352,2.5232787132263184,458400,0.0,0.0
1991-04-17 00:00:00-04:00,2.511810541152954,2.5347494502045795,2.5003410866271416,2.511810541152954,427000,0.0,0.0
1991-04-18 00:00:00-04:00,2.511811204769644,2.511811204769644,2.477402832101567,2.4888722896575928,639600,0.0,0.0
1991-04-19 00:00:00-04:00,2.4888708152860963,2.4888708152860963,2.431523561477661,2.431523561477661,1441800,0.0,0.0
1991-04-22 00:00:00-04:00,2.442993187904358,2.4544626394907634,2.4085848331451416,2.4085848331451416,336000,0.0,0.0
1991-04-23 00:00:00-04:00,2.442992670668496,2.4774010181427,2.442992670668496,2.4774010181427,312200,0.0,0.0
1991-04-24 00:00:00-04:00,2.465930931065061,2.5003392696380615,2.465930931065061,2.5003392696380615,260400,0.0,0.0
1991-04-25 00:00:00-04:00,2.500339846744716,2.500339846744716,2.4544620513916016,2.4544620513916016,415000,0.0,0.0
1991-04-26 00:00:00-04:00,2.454462119826564,2.4774010181427,2.442992670668496,2.4774010181427,305600,0.0,0.0
1991-04-29 00:00:00-04:00,2.46593150022988,2.488870397906437,2.4544620513916016,2.4544620513916016,294800,0.0,0.0
1991-04-30 00:00:00-04:00,2.465933374545541,2.4888722896575928,2.4544639169895155,2.4888722896575928,368000,0.0,0.0
1991-05-01 00:00:00-04:00,2.5003410866271416,2.511810541152954,2.4774021775755166,2.511810541152954,574000,0.0,0.0
1991-05-02 00:00:00-04:00,2.5003392696380615,2.511808715829062,2.4888698234470614,2.5003392696380615,431000,0.0,0.0
1991-05-03 00:00:00-04:00,2.5003417472136187,2.511811204769644,2.465933374545541,2.4888722896575928,502000,0.0,0.0
1991-05-06 00:00:00-04:00,2.4888698234470614,2.5003392696380615,2.465930931065061,2.5003392696380615,391800,0.0,0.0
1991-05-07 00:00:00-04:00,2.488871632101329,2.511810541152954,2.488871632101329,2.511810541152954,526000,0.0,0.0
1991-05-08 00:00:00-04:00,2.511808708242701,2.53474760055542,2.500339262086342,2.53474760055542,818000,0.0,0.0
1991-05-09 00:00:00-04:00,2.5232781543990606,2.5462170467117793,2.5232781543990606,2.53474760055542,443400,0.0,0.0
1991-05-10 00:00:00-04:00,2.534750119881696,2.534750119881696,2.477402832101567,2.4888722896575928,1048000,0.0,0.0
1991-05-13 00:00:00-04:00,2.5003410866271416,2.511810541152954,2.4659327230497037,2.511810541152954,297000,0.0,0.0
1991-05-14 00:00:00-04:00,2.5118093656169043,2.5118093656169043,2.4774010181427,2.4774010181427,336800,0.0,0.0
1991-05-15 00:00:00-04:00,2.4774008640023166,2.4774008640023166,2.442992518668951,2.4659314155578613,306200,0.0,0.0
1991-05-16 00:00:00-04:00,2.465933374545541,2.4888722896575928,2.4544639169895155,2.4888722896575928,450800,0.0,0.0
1991-05-17 00:00:00-04:00,2.4888698234470614,2.511808715829062,2.465930931065061,2.5003392696380615,669200,0.0,0.0
1991-05-20 00:00:00-04:00,2.4888698234470614,2.5347476082110627,2.4888698234470614,2.5003392696380615,429400,0.0,0.0
1991-05-21 00:00:00-04:00,2.5003410866271416,2.5232799956787666,2.5003410866271416,2.511810541152954,245600,0.0,0.0
1991-05-22 00:00:00-04:00,2.500339815833352,2.5232787132263184,2.4888703671368684,2.5232787132263184,382800,0.0,0.0
1991-05-23 00:00:00-04:00,2.5232787132263184,2.534748161922802,2.4888703671368684,2.5232787132263184,624600,0.0,0.0
1991-05-24 00:00:00-04:00,2.5232787132263184,2.534748161922802,2.511809264529835,2.5232787132263184,461600,0.0,0.0
1991-05-28 00:00:00-04:00,2.5232787132263184,2.534748161922802,2.511809264529835,2.5232787132263184,490200,0.0,0.0
1991-05-29 00:00:00-04:00,2.53474760055542,2.53474760055542,2.5232781543990606,2.53474760055542,557000,0.0,0.0
1991-05-30 00:00:00-04:00,2.534748161922802,2.5576870593157683,2.511809264529835,2.5232787132263184,1246200,0.0,0.0
1991-05-31 00:00:00-04:00,2.52328066232567,2.52328066232567,2.477402832101567,2.4888722896575928,1228800,0.0,0.0
1991-06-03 00:00:00-04:00,2.47998239869755,2.491680428880086,2.4448883081499435,2.4682843685150146,1141000,0.265,0.0
1991-06-04 00:00:00-04:00,2.4565830299158415,2.468281044344012,2.444885015487671,2.444885015487671,1387800,0.0,0.0
1991-06-05 00:00:00-04:00,2.4565854625425474,2.4565854625425474,2.409793358494118,2.4214913845062256,1863600,0.0,0.0
1991-06-06 00:00:00-04:00,2.4214904587443282,2.433188480284156,2.386396394124845,2.398094415664673,2657600,0.0,0.0
1991-06-07 00:00:00-04:00,2.398095332482011,2.4448874365304403,2.398095332482011,2.4214913845062256,402000,0.0,0.0
1991-06-10 00:00:00-04:00,2.4331875032591586,2.4448855201017508,2.4097914695739746,2.4097914695739746,332200,0.0,0.0
1991-06-11 00:00:00-04:00,2.4214889866313296,2.444885015487671,2.409790972203159,2.444885015487671,343000,0.0,0.0
1991-06-12 00:00:00-04:00,2.4448874365304403,2.4448874365304403,2.4214913845062256,2.4214913845062256,501000,0.0,0.0
1991-06-13 00:00:00-04:00,2.4331884111676896,2.4565844535827637,2.4214903899601525,2.4565844535827637,518800,0.0,0.0
1991-06-14 00:00:00-04:00,2.456586338332479,2.4682843685150146,2.456586338332479,2.4682843685150146,267200,0.0,0.0
1991-06-17 00:00:00-04:00,2.4565830299158415,2.468281044344012,2.444885015487671,2.444885015487671,266400,0.0,0.0
1991-06-18 00:00:00-04:00,2.433187484741211,2.4565835182483378,2.4097914512340837,2.433187484741211,819600,0.0,0.0
1991-06-19 00:00:00-04:00,2.4097924372045005,2.4214904587443282,2.36300035104519,2.398094415664673,594200,0.0,0.0
1991-06-20 00:00:00-04:00,2.3980934527313824,2.4097914695739746,2.3980934527313824,2.4097914695739746,487800,0.0,0.0
1991-06-21 00:00:00-04:00,2.4097924372045005,2.4214904587443282,2.398094415664673,2.398094415664673,1223800,0.0,0.0
1991-06-24 00:00:00-04:00,2.3980934527313824,2.4097914695739746,2.38639543588879,2.4097914695739746,990600,0.0,0.0
1991-06-25 00:00:00-04:00,2.4097924372045005,2.4097924372045005,2.398094415664673,2.398094415664673,209400,0.0,0.0
1991-06-26 00:00:00-04:00,2.4097924372045005,2.4097924372045005,2.3746983725850175,2.398094415664673,590400,0.0,0.0
1991-06-27 00:00:00-04:00,2.398095332482011,2.4214913845062256,2.398095332482011,2.4214913845062256,446800,0.0,0.0
1991-06-28 00:00:00-04:00,2.409793358494118,2.4214913845062256,2.398095332482011,2.4214913845062256,492200,0.0,0.0
1991-07-01 00:00:00-04:00,2.4214894679876475,2.4565835182483378,2.4214894679876475,2.433187484741211,467600,0.0,0.0
1991-07-02 00:00:00-04:00,2.4331870010595003,2.444885015487671,2.4214889866313296,2.444885015487671,536000,0.0,0.0
1991-07-03 00:00:00-04:00,2.4448855014947743,2.4448855014947743,2.4214894679876475,2.433187484741211,371600,0.0,0.0
1991-07-05 00:00:00-04:00,2.433187484741211,2.4448855014947743,2.4214894679876475,2.433187484741211,217800,0.0,0.0
1991-07-08 00:00:00-04:00,2.4331884111676896,2.4565844535827637,2.4214903899601525,2.4565844535827637,327400,0.0,0.0
1991-07-09 00:00:00-04:00,2.4565844535827637,2.4682824747903007,2.4448864323752266,2.4565844535827637,816800,0.0,0.0
1991-07-10 00:00:00-04:00,2.444885015487671,2.4565830299158415,2.444885015487671,2.444885015487671,464000,0.0,0.0
1991-07-11 00:00:00-04:00,2.456584426591981,2.47998046875,2.4448864055129715,2.47998046875,841800,0.0,0.0
1991-07-12 00:00:00-04:00,2.4799797334403637,2.503375768661499,2.456583698219228,2.503375768661499,301400,0.0,0.0
1991-07-15 00:00:00-04:00,2.491678489829009,2.491678489829009,2.4682824476709904,2.47998046875,287600,0.0,0.0
1991-07-16 00:00:00-04:00,2.47998046875,2.491678489829009,2.456584426591981,2.47998046875,671400,0.0,0.0
1991-07-17 00:00:00-04:00,2.47998046875,2.491678489829009,2.4682824476709904,2.47998046875,315600,0.0,0.0
1991-07-18 00:00:00-04:00,2.47998046875,2.491678489829009,2.4682824476709904,2.47998046875,664800,0.0,0.0
1991-07-19 00:00:00-04:00,2.47998239869755,2.47998239869755,2.4682843685150146,2.4682843685150146,384800,0.0,0.0
1991-07-22 00:00:00-04:00,2.4799804959978378,2.4799804959978378,2.4565844535827637,2.4565844535827637,322000,0.0,0.0
1991-07-23 00:00:00-04:00,2.468281044344012,2.468281044344012,2.4331870010595003,2.444885015487671,607000,0.0,0.0
1991-07-24 00:00:00-04:00,2.4565830299158415,2.468281044344012,2.444885015487671,2.444885015487671,692800,0.0,0.0
1991-07-25 00:00:00-04:00,2.456583943165524,2.49167799949646,2.4448859243885455,2.49167799949646,514400,0.0,0.0
1991-07-26 00:00:00-04:00,2.4799785480942838,2.5150725841522217,2.4799785480942838,2.5150725841522217,254000,0.0,0.0
1991-07-29 00:00:00-04:00,2.5150749224041578,2.56186701398377,2.491678876614352,2.550168991088867,551600,0.0,0.0
1991-07-30 00:00:00-04:00,2.5618669986724854,2.5618669986724854,2.5384709530225082,2.5618669986724854,601400,0.0,0.0
1991-07-31 00:00:00-04:00,2.56186701398377,2.56186701398377,2.538470968193964,2.550168991088867,244800,0.0,0.0
1991-08-01 00:00:00-04:00,2.5501666112978887,2.5501666112978887,2.5150725753625967,2.538468599319458,517400,0.0,0.0
1991-08-02 00:00:00-04:00,2.5618676955049686,2.573565721511841,2.550169669498097,2.573565721511841,325800,0.0,0.0
1991-08-05 00:00:00-04:00,2.5735640417936163,2.5852620601654053,2.561866023421827,2.5852620601654053,266400,0.0,0.0
1991-08-06 00:00:00-04:00,2.58526204942583,2.5969600677490234,2.550167994456248,2.5969600677490234,1063800,0.0,0.0
1991-08-07 00:00:00-04:00,2.5969600785371947,2.5969600785371947,2.5735640417936163,2.5852620601654053,500000,0.0,0.0
1991-08-08 00:00:00-04:00,2.5852620601654053,2.5969600785371947,2.5735640417936163,2.5852620601654053,326400,0.0,0.0
1991-08-09 00:00:00-04:00,2.5852620601654053,2.5969600785371947,2.5735640417936163,2.5852620601654053,290000,0.0,0.0
1991-08-12 00:00:00-04:00,2.58526204942583,2.608658086072217,2.58526204942583,2.5969600677490234,1065400,0.0,0.0
1991-08-13 00:00:00-04:00,2.5969588650124416,2.6203548908233643,2.58526085210698,2.6203548908233643,591800,0.0,0.0
1991-08-14 00:00:00-04:00,2.608658054139879,2.643752108679877,2.608658054139879,2.632054090499878,1335000,0.0,0.0
1991-08-15 00:00:00-04:00,2.632054090499878,2.655450126859877,2.620356072319878,2.632054090499878,849800,0.0,0.0
1991-08-16 00:00:00-04:00,2.6320543524395723,2.6320543524395723,2.573564255718693,2.6086583137512207,545400,0.0,0.0
1991-08-19 00:00:00-04:00,2.550168975847497,2.5852630443224625,2.550168975847497,2.5618669986724854,387600,0.0,0.0
1991-08-20 00:00:00-04:00,2.573564255718693,2.6086583137512207,2.561866236374517,2.6086583137512207,602400,0.0,0.0
1991-08-21 00:00:00-04:00,2.6203567707433106,2.6554508346371946,2.5969607281473883,2.6437528133392334,1535800,0.0,0.0
1991-08-22 00:00:00-04:00,2.643752108679877,2.643752108679877,2.608658054139879,2.632054090499878,793600,0.0,0.0
1991-08-23 00:00:00-04:00,2.6203567707433106,2.6437528133392334,2.6203567707433106,2.6437528133392334,658400,0.0,0.0
1991-08-26 00:00:00-04:00,2.632054090499878,2.643752108679877,2.608658054139879,2.632054090499878,940600,0.0,0.0
1991-08-27 00:00:00-04:00,2.632054090499878,2.643752108679877,2.620356072319878,2.632054090499878,605600,0.0,0.0
1991-08-28 00:00:00-04:00,2.6437528133392334,2.678846877233117,2.632054792041272,2.6437528133392334,471000,0.0,0.0
1991-08-29 00:00:00-04:00,2.6437539865266912,2.6671500395048033,2.6437539865266912,2.655452013015747,576600,0.0,0.0
1991-08-30 00:00:00-04:00,2.655452013015747,2.655452013015747,2.632055960037635,2.655452013015747,1447400,0.0,0.0
1991-09-03 00:00:00-04:00,2.6463916150006384,2.658312297951092,2.6225502490997314,2.6225502490997314,982000,0.265,0.0
1991-09-04 00:00:00-04:00,2.6225502490997314,2.634470932050185,2.6106295661492784,2.6225502490997314,519400,0.0,0.0
1991-09-05 00:00:00-04:00,2.6225497525766355,2.6225497525766355,2.574867029802515,2.598708391189575,510000,0.0,0.0
1991-09-06 00:00:00-04:00,2.5987093503072383,2.6106300354003906,2.574867980120933,2.6106300354003906,421800,0.0,0.0
1991-09-09 00:00:00-04:00,2.598706927564409,2.610627601544062,2.551024231645796,2.5748655796051025,1584800,0.0,0.0
1991-09-10 00:00:00-04:00,2.5867855548858643,2.598706225645707,2.5748648841260215,2.5867855548858643,475800,0.0,0.0
1991-09-11 00:00:00-04:00,2.5987093503072383,2.622550720493543,2.5987093503072383,2.6106300354003906,283600,0.0,0.0
1991-09-12 00:00:00-04:00,2.6225502490997314,2.6225502490997314,2.6106295661492784,2.6225502490997314,426200,0.0,0.0
1991-09-13 00:00:00-04:00,2.6463911139636958,2.6463911139636958,2.598708391189575,2.598708391189575,500600,0.0,0.0
1991-09-16 00:00:00-04:00,2.6106295661492784,2.6225502490997314,2.598708883198825,2.6225502490997314,511200,0.0,0.0
1991-09-17 00:00:00-04:00,2.6225497915938094,2.6583118342064522,2.6106291107229285,2.6463911533355713,519400,0.0,0.0
1991-09-18 00:00:00-04:00,2.6344702667660185,2.6821529865264893,2.6344702667660185,2.6821529865264893,296600,0.0,0.0
1991-09-19 00:00:00-04:00,2.682151299502168,2.682151299502168,2.6583099546177045,2.6702306270599365,505600,0.0,0.0
1991-09-20 00:00:00-04:00,2.694073666466607,2.694073666466607,2.670232306586372,2.6821529865264893,1007400,0.0,0.0
1991-09-23 00:00:00-04:00,2.6702306270599365,2.682151299502168,2.6583099546177045,2.6702306270599365,284000,0.0,0.0
1991-09-24 00:00:00-04:00,2.670232524786295,2.6821532057005193,2.646391162957846,2.6583118438720703,1364400,0.0,0.0
1991-09-25 00:00:00-04:00,2.6583118342064522,2.6583118342064522,2.6344704724646903,2.6463911533355713,388800,0.0,0.0
1991-09-26 00:00:00-04:00,2.646391162957846,2.670232524786295,2.6344704820436213,2.6583118438720703,591200,0.0,0.0
1991-09-27 00:00:00-04:00,2.6583099546177045,2.682151299502168,2.6583099546177045,2.6702306270599365,505800,0.0,0.0
1991-09-30 00:00:00-04:00,2.67023373910509,2.705995798110962,2.67023373910509,2.705995798110962,668000,0.0,0.0
1991-10-01 00:00:00-04:00,2.7059941406835586,2.7179148197174072,2.6940734616497104,2.7179148197174072,487600,0.0,0.0
1991-10-02 00:00:00-04:00,2.7179145937923783,2.741755949878276,2.705993915749429,2.729835271835327,515000,0.0,0.0
1991-10-03 00:00:00-04:00,2.7179143698319144,2.741755723953247,2.7179143698319144,2.741755723953247,523200,0.0,0.0
1991-10-04 00:00:00-04:00,2.7417578571168337,2.7417578571168337,2.6940751117756716,2.705995798110962,880400,0.0,0.0
1991-10-07 00:00:00-04:00,2.6940751117756716,2.705995798110962,2.6940751117756716,2.705995798110962,461800,0.0,0.0
1991-10-08 00:00:00-04:00,2.705995798110962,2.7179164844462527,2.6940751117756716,2.705995798110962,726000,0.0,0.0
1991-10-09 00:00:00-04:00,2.705992644386632,2.705992644386632,2.6702306270599365,2.6702306270599365,443800,0.0,0.0
1991-10-10 00:00:00-04:00,2.682152997075984,2.6940736770629883,2.658311637101975,2.6940736770629883,435600,0.0,0.0
1991-10-11 00:00:00-04:00,2.6940751117756716,2.7179164844462527,2.67023373910509,2.705995798110962,605800,0.0,0.0
1991-10-14 00:00:00-04:00,2.7179145937923783,2.729835271835327,2.7179145937923783,2.729835271835327,287000,0.0,0.0
1991-10-15 00:00:00-04:00,2.7179145937923783,2.729835271835327,2.705993915749429,2.729835271835327,494200,0.0,0.0
1991-10-16 00:00:00-04:00,2.7179164844462527,2.729837170781543,2.682154425440381,2.705995798110962,452400,0.0,0.0
1991-10-17 00:00:00-04:00,2.7059943570499927,2.7059943570499927,2.682152997075984,2.6940736770629883,677400,0.0,0.0
1991-10-18 00:00:00-04:00,2.7059941406835586,2.7298354987512554,2.6940734616497104,2.7179148197174072,402000,0.0,0.0
1991-10-21 00:00:00-04:00,2.7179150263468426,2.7179150263468426,2.658311626646254,2.6821529865264893,630800,0.0,0.0
1991-10-22 00:00:00-04:00,2.670232306586372,2.6821529865264893,2.658311626646254,2.6821529865264893,565000,0.0,0.0
1991-10-23 00:00:00-04:00,2.670232306586372,2.694073666466607,2.658311626646254,2.6821529865264893,567600,0.0,0.0
1991-10-24 00:00:00-04:00,2.6702323170889795,2.6940736770629883,2.658311637101975,2.6940736770629883,388800,0.0,0.0
1991-10-25 00:00:00-04:00,2.682152782615862,2.7298354987512554,2.682152782615862,2.7179148197174072,396000,0.0,0.0
1991-10-28 00:00:00-05:00,2.705995798110962,2.7179164844462527,2.6940751117756716,2.705995798110962,710000,0.0,0.0
1991-10-29 00:00:00-05:00,2.705995798110962,2.7179164844462527,2.682154425440381,2.705995798110962,551200,0.0,0.0
1991-10-30 00:00:00-05:00,2.7059941406835586,2.7179148197174072,2.6940734616497104,2.7179148197174072,537800,0.0,0.0
1991-10-31 00:00:00-05:00,2.705995798110962,2.7179164844462527,2.705995798110962,2.705995798110962,352800,0.0,0.0
1991-11-01 00:00:00-05:00,2.7179148197174072,2.7179148197174072,2.6940734616497104,2.7179148197174072,597200,0.0,0.0
1991-11-04 00:00:00-05:00,2.717915037036997,2.717915037036997,2.682152997075984,2.6940736770629883,1084400,0.0,0.0
1991-11-05 00:00:00-05:00,2.705995798110962,2.705995798110962,2.6940751117756716,2.705995798110962,448800,0.0,0.0
1991-11-06 00:00:00-05:00,2.7059941406835586,2.7179148197174072,2.6940734616497104,2.7179148197174072,392000,0.0,0.0
1991-11-07 00:00:00-05:00,2.7179146184549703,2.753676652908325,2.6940732621527337,2.753676652908325,1117000,0.0,0.0
1991-11-08 00:00:00-05:00,2.741755974757207,2.7655973310594435,2.7298352966060886,2.753676652908325,625200,0.0,0.0
1991-11-11 00:00:00-05:00,2.7536766279212253,2.7536766279212253,2.7179145937923783,2.729835271835327,363000,0.0,0.0
1991-11-12 00:00:00-05:00,2.741756600302619,2.7536772811734997,2.5629463872394047,2.6463911533355713,6074200,0.0,0.0
1991-11-13 00:00:00-05:00,2.622549781971927,2.6583118244533623,2.6106291011447817,2.6344704627990723,1723400,0.0,0.0
1991-11-14 00:00:00-05:00,2.646392090679848,2.646392090679848,2.6106300354003906,2.6106300354003906,1413000,0.0,0.0
1991-11-15 00:00:00-05:00,2.598706225645707,2.634468237925235,2.5748648841260215,2.5867855548858643,883800,0.0,0.0
1991-11-18 00:00:00-05:00,2.5987093503072383,2.622550720493543,2.5510266099346284,2.6106300354003906,965000,0.0,0.0
1991-11-19 00:00:00-05:00,2.6106300354003906,2.6106300354003906,2.5629472950277807,2.6106300354003906,602600,0.0,0.0
1991-11-20 00:00:00-05:00,2.6225497525766355,2.6463911139636958,2.5867877104960453,2.598708391189575,556200,0.0,0.0
1991-11-21 00:00:00-05:00,2.5867877394904917,2.6344704627990723,2.5867877394904917,2.6344704627990723,486600,0.0,0.0
1991-11-22 00:00:00-05:00,2.634471405586696,2.6583127757730005,2.6106300354003906,2.6106300354003906,1029400,0.0,0.0
1991-11-25 00:00:00-05:00,2.6106295661492784,2.6225502490997314,2.598708883198825,2.6225502490997314,542600,0.0,0.0
1991-11-26 00:00:00-05:00,2.646391143626217,2.6583118244533623,2.6106291011447817,2.6344704627990723,828200,0.0,0.0
1991-11-27 00:00:00-05:00,2.646390946706136,2.6821529865264893,2.6344702667660185,2.6821529865264893,789400,0.0,0.0
1991-11-29 00:00:00-05:00,2.6702323170889795,2.7059943570499927,2.658311637101975,2.6940736770629883,1709200,0.0,0.0
1991-12-02 00:00:00-05:00,2.6858095381710982,2.71011550684233,2.6615035694998666,2.697962522506714,3273000,0.27,0.0
1991-12-03 00:00:00-05:00,2.69796268608538,2.7222686562302933,2.6858097010129236,2.710115671157837,684600,0.0,0.0
1991-12-04 00:00:00-05:00,2.7101163820786907,2.7101163820786907,2.6615044290369205,2.6736574172973633,772000,0.0,0.0
1991-12-05 00:00:00-05:00,2.685810089111328,2.697963075939886,2.67365710228277,2.685810089111328,462200,0.0,0.0
1991-12-06 00:00:00-05:00,2.673656553835482,2.697962522506714,2.673656553835482,2.697962522506714,907400,0.0,0.0
1991-12-09 00:00:00-05:00,2.6979627478612613,2.7101157332119876,2.6493508064583557,2.661503791809082,738400,0.0,0.0
1991-12-10 00:00:00-05:00,2.6615035694998666,2.71011550684233,2.6493505851642505,2.697962522506714,2005600,0.0,0.0
1991-12-11 00:00:00-05:00,2.697962522506714,2.71011550684233,2.6858095381710982,2.697962522506714,972400,0.0,0.0
1991-12-12 00:00:00-05:00,2.710115671157837,2.7222686562302933,2.69796268608538,2.710115671157837,395000,0.0,0.0
1991-12-13 00:00:00-05:00,2.7222690495970023,2.7222690495970023,2.6615041154542123,2.685810089111328,552200,0.0,0.0
1991-12-16 00:00:00-05:00,2.67365676385385,2.685809749144095,2.625044822692871,2.625044822692871,608600,0.0,0.0
1991-12-17 00:00:00-05:00,2.62504403602143,2.649349999317925,2.62504403602143,2.6371970176696777,952600,0.0,0.0
1991-12-18 00:00:00-05:00,2.649350881576538,2.6736568529671487,2.637197895881233,2.649350881576538,549400,0.0,0.0
1991-12-19 00:00:00-05:00,2.6615038672718434,2.6736568529671487,2.637197895881233,2.649350881576538,543000,0.0,0.0
1991-12-20 00:00:00-05:00,2.710114409880979,2.734420368713992,2.6858084510479654,2.7222673892974854,1248200,0.0,0.0
1991-12-23 00:00:00-05:00,2.7344216686148832,2.7951865945841026,2.7222686834210394,2.783033609390259,945800,0.0,0.0
1991-12-24 00:00:00-05:00,2.795186207924054,2.831645158462194,2.7830332244113407,2.8073391914367676,517800,0.0,0.0
1991-12-26 00:00:00-05:00,2.819492816925049,2.831645803204898,2.8073398306451995,2.819492816925049,326600,0.0,0.0
1991-12-27 00:00:00-05:00,2.831645803204898,2.831645803204898,2.8073398306451995,2.819492816925049,294400,0.0,0.0
1991-12-30 00:00:00-05:00,2.8316441586677064,2.855950117111206,2.8194911794459565,2.855950117111206,576800,0.0,0.0
1991-12-31 00:00:00-05:00,2.8316441586677064,2.855950117111206,2.8073382002242067,2.855950117111206,659400,0.0,0.0
1992-01-02 00:00:00-05:00,2.8437987131110587,2.8559516990645246,2.8073397552506605,2.8316457271575928,658200,0.0,0.0
1992-01-03 00:00:00-05:00,2.8316441586677064,2.855950117111206,2.8194911794459565,2.855950117111206,673000,0.0,0.0
1992-01-06 00:00:00-05:00,2.855950523230989,2.868103504180908,2.8316445613311507,2.868103504180908,691400,0.0,0.0
1992-01-07 00:00:00-05:00,2.868103504180908,2.868103504180908,2.84379754228107,2.868103504180908,562400,0.0,0.0
1992-01-08 00:00:00-05:00,2.855950117111206,2.868103096332956,2.843797137889456,2.855950117111206,663000,0.0,0.0
1992-01-09 00:00:00-05:00,2.868104762044446,2.868104762044446,2.8073398306451995,2.819492816925049,547000,0.0,0.0
1992-01-10 00:00:00-05:00,2.819491428241395,2.819491428241395,2.7587265267706753,2.7708795070648193,701800,0.0,0.0
1992-01-13 00:00:00-05:00,2.7587276114476635,2.7587276114476635,2.69796268608538,2.710115671157837,990200,0.0,0.0
1992-01-14 00:00:00-05:00,2.710116231706407,2.734422206878662,2.6979632441202797,2.734422206878662,1370800,0.0,0.0
1992-01-15 00:00:00-05:00,2.734420368713992,2.734420368713992,2.697961430464472,2.7222673892974854,614800,0.0,0.0
1992-01-16 00:00:00-05:00,2.7222690495970023,2.7222690495970023,2.6615041154542123,2.685810089111328,863800,0.0,0.0
1992-01-17 00:00:00-05:00,2.685810089111328,2.7101160627684444,2.6615041154542123,2.685810089111328,535600,0.0,0.0
1992-01-20 00:00:00-05:00,2.6858095381710982,2.7222684911779456,2.673656553835482,2.697962522506714,640800,0.0,0.0
1992-01-21 00:00:00-05:00,2.7101160627684444,2.7222690495970023,2.685810089111328,2.685810089111328,663800,0.0,0.0
1992-01-22 00:00:00-05:00,2.697961430464472,2.7222673892974854,2.6858084510479654,2.7222673892974854,665800,0.0,0.0
1992-01-23 00:00:00-05:00,2.71011550684233,2.71011550684233,2.6858095381710982,2.697962522506714,598600,0.0,0.0
1992-01-24 00:00:00-05:00,2.69796268608538,2.710115671157837,2.6858097010129236,2.710115671157837,356000,0.0,0.0
1992-01-27 00:00:00-05:00,2.710114409880979,2.7222673892974854,2.697961430464472,2.7222673892974854,418000,0.0,0.0
1992-01-28 00:00:00-05:00,2.7222675858882437,2.7830324873589634,2.7222675858882437,2.7708795070648193,443600,0.0,0.0
1992-01-29 00:00:00-05:00,2.7465746263752067,2.783033581592577,2.710115671157837,2.710115671157837,580200,0.0,0.0
1992-01-30 00:00:00-05:00,2.7222687050148293,2.746574675595319,2.625044822692871,2.625044822692871,1268800,0.0,0.0
1992-01-31 00:00:00-05:00,2.6493508064583557,2.685809762510535,2.6493508064583557,2.661503791809082,636400,0.0,0.0
1992-02-03 00:00:00-05:00,2.6615029809661723,2.6615029809661723,2.62504403602143,2.6371970176696777,539400,0.0,0.0
1992-02-04 00:00:00-05:00,2.6371970176696777,2.6371970176696777,2.6128910543731827,2.6371970176696777,1037600,0.0,0.0
1992-02-05 00:00:00-05:00,2.637197807983116,2.649350793273361,2.625044822692871,2.625044822692871,1878200,0.0,0.0
1992-02-06 00:00:00-05:00,2.637197807983116,2.649350793273361,2.625044822692871,2.625044822692871,792200,0.0,0.0
1992-02-07 00:00:00-05:00,2.62504403602143,2.649349999317925,2.62504403602143,2.6371970176696777,1016200,0.0,0.0
1992-02-10 00:00:00-05:00,2.6371984525160355,2.6736574172973633,2.625045464255593,2.6736574172973633,976000,0.0,0.0
1992-02-11 00:00:00-05:00,2.6736567771598088,2.6736567771598088,2.6493508064583557,2.661503791809082,505600,0.0,0.0
1992-02-12 00:00:00-05:00,2.6615041154542123,2.697963075939886,2.649351128625654,2.685810089111328,691200,0.0,0.0
1992-02-13 00:00:00-05:00,2.6615044290369205,2.6858104055578056,2.649351440776478,2.6736574172973633,482800,0.0,0.0
1992-02-14 00:00:00-05:00,2.6615044290369205,2.6979633938182483,2.6615044290369205,2.6736574172973633,243800,0.0,0.0
1992-02-18 00:00:00-05:00,2.6979627478612613,2.6979627478612613,2.6493508064583557,2.661503791809082,559200,0.0,0.0
1992-02-19 00:00:00-05:00,2.6615044290369205,2.6858104055578056,2.649351440776478,2.6736574172973633,439600,0.0,0.0
1992-02-20 00:00:00-05:00,2.685809762510535,2.6979627478612613,2.6493508064583557,2.661503791809082,699600,0.0,0.0
1992-02-21 00:00:00-05:00,2.6736567771598088,2.6736567771598088,2.6493508064583557,2.661503791809082,583000,0.0,0.0
1992-02-24 00:00:00-05:00,2.661503791809082,2.661503791809082,2.6371978211076295,2.661503791809082,568000,0.0,0.0
1992-02-25 00:00:00-05:00,2.6615044290369205,2.6858104055578056,2.649351440776478,2.6736574172973633,966600,0.0,0.0
1992-02-26 00:00:00-05:00,2.673656553835482,2.697962522506714,2.6615035694998666,2.697962522506714,476800,0.0,0.0
1992-02-27 00:00:00-05:00,2.697962522506714,2.697962522506714,2.6858095381710982,2.697962522506714,530600,0.0,0.0
1992-02-28 00:00:00-05:00,2.6858084510479654,2.734420368713992,2.6858084510479654,2.7222673892974854,2758400,0.0,0.0
1992-03-02 00:00:00-05:00,2.713841696580251,2.713841696580251,2.676665782928467,2.676665782928467,1481000,0.27,0.0
1992-03-03 00:00:00-05:00,2.689056634902954,2.7014486009624146,2.6766646688434936,2.689056634902954,591800,0.0,0.0
1992-03-04 00:00:00-05:00,2.689058883800063,2.701450860223105,2.6642749309539795,2.6642749309539795,404200,0.0,0.0
1992-03-05 00:00:00-05:00,2.6766669073770215,2.6766669073770215,2.6642749309539795,2.6642749309539795,384000,0.0,0.0
1992-03-06 00:00:00-05:00,2.6766674955126266,2.6766674955126266,2.639491558074951,2.639491558074951,478600,0.0,0.0
1992-03-09 00:00:00-05:00,2.651881840493944,2.689057754145728,2.651881840493944,2.676665782928467,510600,0.0,0.0
1992-03-10 00:00:00-05:00,2.7014503055643813,2.7014503055643813,2.6518824100494385,2.6518824100494385,604600,0.0,0.0
1992-03-11 00:00:00-05:00,2.6518824100494385,2.6642743839281744,2.639490436170703,2.6518824100494385,449600,0.0,0.0
1992-03-12 00:00:00-05:00,2.651881840493944,2.70144972536299,2.6394898692766824,2.676665782928467,436400,0.0,0.0
1992-03-13 00:00:00-05:00,2.689057754145728,2.70144972536299,2.651881840493944,2.676665782928467,502600,0.0,0.0
1992-03-16 00:00:00-05:00,2.676665782928467,2.676665782928467,2.651881840493944,2.676665782928467,411200,0.0,0.0
1992-03-17 00:00:00-05:00,2.6766669073770215,2.689058883800063,2.639490978107896,2.6642749309539795,510000,0.0,0.0
1992-03-18 00:00:00-05:00,2.6642749309539795,2.6642749309539795,2.639490978107896,2.6642749309539795,598800,0.0,0.0
1992-03-19 00:00:00-05:00,2.6518835372208427,2.6642755163667347,2.639491558074951,2.639491558074951,608400,0.0,0.0
1992-03-20 00:00:00-05:00,2.639490978107896,2.6642749309539795,2.639490978107896,2.6642749309539795,1281200,0.0,0.0
1992-03-23 00:00:00-05:00,2.651882954530938,2.6642749309539795,2.651882954530938,2.6642749309539795,339800,0.0,0.0
1992-03-24 00:00:00-05:00,2.6642749309539795,2.6766669073770215,2.6642749309539795,2.6642749309539795,614800,0.0,0.0
1992-03-25 00:00:00-05:00,2.6642749309539795,2.6766669073770215,2.651882954530938,2.6642749309539795,1550600,0.0,0.0
1992-03-26 00:00:00-05:00,2.6518824100494385,2.67666635780691,2.627098462291967,2.6518824100494385,655600,0.0,0.0
1992-03-27 00:00:00-05:00,2.6518824100494385,2.6642743839281744,2.639490436170703,2.6518824100494385,378400,0.0,0.0
1992-03-30 00:00:00-05:00,2.6518824100494385,2.7386262272005886,2.627098462291967,2.6518824100494385,334200,0.0,0.0
1992-03-31 00:00:00-05:00,2.651881840493944,2.676665782928467,2.6394898692766824,2.676665782928467,567400,0.0,0.0
1992-04-01 00:00:00-05:00,2.6642749309539795,2.6766669073770215,2.651882954530938,2.6642749309539795,398400,0.0,0.0
1992-04-02 00:00:00-05:00,2.664273757979555,2.664273757979555,2.6270978450775146,2.6270978450775146,513400,0.0,0.0
1992-04-03 00:00:00-05:00,2.6270978450775146,2.6518817870122082,2.6270978450775146,2.6270978450775146,848800,0.0,0.0
1992-04-06 00:00:00-04:00,2.627098462291967,2.6518824100494385,2.627098462291967,2.6518824100494385,356600,0.0,0.0
1992-04-07 00:00:00-04:00,2.6394898160448617,2.6394898160448617,2.614705874110168,2.6270978450775146,599000,0.0,0.0
1992-04-08 00:00:00-04:00,2.6147077083587646,2.6270996880192325,2.6023157286982963,2.6147077083587646,535800,0.0,0.0
1992-04-09 00:00:00-04:00,2.627099578929059,2.6518835372208427,2.6147075997831677,2.639491558074951,768600,0.0,0.0
1992-04-10 00:00:00-04:00,2.6518824100494385,2.6518824100494385,2.627098462291967,2.6518824100494385,463800,0.0,0.0
1992-04-13 00:00:00-04:00,2.6518824100494385,2.6518824100494385,2.6023145145344957,2.6518824100494385,825800,0.0,0.0
1992-04-14 00:00:00-04:00,2.6518835372208427,2.6518835372208427,2.627099578929059,2.639491558074951,957600,0.0,0.0
1992-04-15 00:00:00-04:00,2.639488770665112,2.689056634902954,2.639488770665112,2.689056634902954,536200,0.0,0.0
1992-04-16 00:00:00-04:00,2.6766646688434936,2.689056634902954,2.6518807367245723,2.689056634902954,587000,0.0,0.0
1992-04-20 00:00:00-04:00,2.6642738117112055,2.676665782928467,2.6394898692766824,2.676665782928467,575400,0.0,0.0
1992-04-21 00:00:00-04:00,2.5899226665496826,2.6023146410307816,2.515570819663089,2.5899226665496826,2109600,0.0,0.0
1992-04-22 00:00:00-04:00,2.5899237490378284,2.6270996880192325,2.5899237490378284,2.6147077083587646,992200,0.0,0.0
1992-04-23 00:00:00-04:00,2.6023157286982963,2.6147077083587646,2.5775317693773605,2.6147077083587646,650200,0.0,0.0
1992-04-24 00:00:00-04:00,2.6147059667678105,2.6147059667678105,2.602313995361328,2.602313995361328,409400,0.0,0.0
1992-04-27 00:00:00-04:00,2.602314741715141,2.6147067166756894,2.5527468418729478,2.565138816833496,1043000,0.0,0.0
1992-04-28 00:00:00-04:00,2.565137473548331,2.577529442019579,2.540353536605835,2.540353536605835,955200,0.0,0.0
1992-04-29 00:00:00-04:00,2.552745257432644,2.577529191970825,2.5403532901635537,2.577529191970825,803000,0.0,0.0
1992-04-30 00:00:00-04:00,2.5775306920685837,2.5899226665496826,2.5651387175874847,2.5899226665496826,611400,0.0,0.0
1992-05-01 00:00:00-04:00,2.602313995361328,2.627097938174293,2.577530052548363,2.602313995361328,466400,0.0,0.0
1992-05-04 00:00:00-04:00,2.5899219321754745,2.6394898160448617,2.5775299612081275,2.6270978450775146,524800,0.0,0.0
1992-05-05 00:00:00-04:00,2.6147064884132316,2.67666635780691,2.6023145145344957,2.6518824100494385,1275000,0.0,0.0
1992-05-06 00:00:00-04:00,2.6642743839281744,2.67666635780691,2.6518824100494385,2.6518824100494385,784400,0.0,0.0
1992-05-07 00:00:00-04:00,2.651882954530938,2.6642749309539795,2.651882954530938,2.6642749309539795,888200,0.0,0.0
1992-05-08 00:00:00-04:00,2.651881840493944,2.676665782928467,2.651881840493944,2.676665782928467,1029800,0.0,0.0
1992-05-11 00:00:00-04:00,2.6766646688434936,2.7014486009624146,2.6642727027840327,2.689056634902954,544800,0.0,0.0
1992-05-12 00:00:00-04:00,2.6890588484772846,2.701450824737549,2.676666872217021,2.701450824737549,707200,0.0,0.0
1992-05-13 00:00:00-04:00,2.701450824737549,2.7138428009978126,2.6890588484772846,2.701450824737549,538400,0.0,0.0
1992-05-14 00:00:00-04:00,2.689056634902954,2.7014486009624146,2.6766646688434936,2.689056634902954,539400,0.0,0.0
1992-05-15 00:00:00-04:00,2.6766646688434936,2.689056634902954,2.6766646688434936,2.689056634902954,626200,0.0,0.0
1992-05-18 00:00:00-04:00,2.6766646688434936,2.689056634902954,2.6766646688434936,2.689056634902954,736400,0.0,0.0
1992-05-19 00:00:00-04:00,2.6890588484772846,2.7138428009978126,2.676666872217021,2.701450824737549,498600,0.0,0.0
1992-05-20 00:00:00-04:00,2.701450824737549,2.7138428009978126,2.6890588484772846,2.701450824737549,451200,0.0,0.0
1992-05-21 00:00:00-04:00,2.7014486009624146,2.7014486009624146,2.6766646688434936,2.689056634902954,553000,0.0,0.0
1992-05-22 00:00:00-04:00,2.6890588484772846,2.701450824737549,2.6890588484772846,2.701450824737549,339600,0.0,0.0
1992-05-26 00:00:00-04:00,2.701450824737549,2.7138428009978126,2.6890588484772846,2.701450824737549,525800,0.0,0.0
1992-05-27 00:00:00-04:00,2.713842698660764,2.7262346744537354,2.701450722867792,2.7262346744537354,963200,0.0,0.0
1992-05-28 00:00:00-04:00,2.7262336284190685,2.763409541533874,2.7138416573808,2.7510175704956055,801600,0.0,0.0
1992-05-29 00:00:00-04:00,2.75101811789611,2.7881940384082196,2.75101811789611,2.7634100914001465,1521200,0.0,0.0
1992-06-01 00:00:00-04:00,2.7548149675817535,2.7674517334880915,2.7295414357690766,2.742178201675415,1245800,0.27,0.0
1992-06-02 00:00:00-04:00,2.742180818735167,2.742180818735167,2.7042704848356025,2.716907262802124,846000,0.0,0.0
1992-06-03 00:00:00-04:00,2.7295427322387695,2.7295427322387695,2.7169059603302568,2.7295427322387695,405400,0.0,0.0
1992-06-04 00:00:00-04:00,2.7295440407686455,2.7295440407686455,2.716907262802124,2.716907262802124,458800,0.0,0.0
1992-06-05 00:00:00-04:00,2.7169059603302568,2.7295427322387695,2.704269188421744,2.7295427322387695,543400,0.0,0.0
1992-06-08 00:00:00-04:00,2.7295427322387695,2.7295427322387695,2.7169059603302568,2.7295427322387695,355000,0.0,0.0
1992-06-09 00:00:00-04:00,2.7295414357690766,2.742178201675415,2.7169046698627386,2.742178201675415,565200,0.0,0.0
1992-06-10 00:00:00-04:00,2.7421795041472823,2.754816276055795,2.7169059603302568,2.7295427322387695,572800,0.0,0.0
1992-06-11 00:00:00-04:00,2.7169059603302568,2.7295427322387695,2.7169059603302568,2.7295427322387695,248600,0.0,0.0
1992-06-12 00:00:00-04:00,2.7295440407686455,2.742180818735167,2.716907262802124,2.716907262802124,400600,0.0,0.0
1992-06-15 00:00:00-04:00,2.7169059603302568,2.754816276055795,2.7169059603302568,2.7295427322387695,502200,0.0,0.0
1992-06-16 00:00:00-04:00,2.742180818735167,2.742180818735167,2.716907262802124,2.716907262802124,506800,0.0,0.0
1992-06-17 00:00:00-04:00,2.7169084604917,2.7295452440288708,2.6916348934173584,2.6916348934173584,486800,0.0,0.0
1992-06-18 00:00:00-04:00,2.7042704848356025,2.716907262802124,2.691633706869081,2.716907262802124,298200,0.0,0.0
1992-06-19 00:00:00-04:00,2.704269188421744,2.7295427322387695,2.704269188421744,2.7295427322387695,446800,0.0,0.0
1992-06-22 00:00:00-04:00,2.7295427322387695,2.7295427322387695,2.704269188421744,2.7295427322387695,314200,0.0,0.0
1992-06-23 00:00:00-04:00,2.7169046698627386,2.742178201675415,2.7169046698627386,2.742178201675415,349400,0.0,0.0
1992-06-24 00:00:00-04:00,2.7295414357690766,2.7548149675817535,2.7295414357690766,2.742178201675415,270200,0.0,0.0
1992-06-25 00:00:00-04:00,2.7548149675817535,2.7674517334880915,2.7295414357690766,2.742178201675415,347200,0.0,0.0
1992-06-26 00:00:00-04:00,2.754817247390747,2.767454023754925,2.7295436946623917,2.754817247390747,285800,0.0,0.0
1992-06-29 00:00:00-04:00,2.7548183197300182,2.7674551010131836,2.7421815384468533,2.7674551010131836,536800,0.0,0.0
1992-06-30 00:00:00-04:00,2.8053642462821027,2.8053642462821027,2.767453918629642,2.792727470397949,470600,0.0,0.0
1992-07-01 00:00:00-04:00,2.792728068592312,2.8053648471832275,2.7800912900013968,2.8053648471832275,284600,0.0,0.0
1992-07-02 00:00:00-04:00,2.818002342113427,2.830639123916626,2.7927287785070285,2.830639123916626,540800,0.0,0.0
1992-07-06 00:00:00-04:00,2.830639123916626,2.8432759057198256,2.8053655603102277,2.830639123916626,633200,0.0,0.0
1992-07-07 00:00:00-04:00,2.8432759057198256,2.8559126875230247,2.830639123916626,2.830639123916626,1025200,0.0,0.0
1992-07-08 00:00:00-04:00,2.830639123916626,2.8432759057198256,2.818002342113427,2.830639123916626,566200,0.0,0.0
1992-07-09 00:00:00-04:00,2.8306375800238714,2.8432743549346924,2.8180008051130505,2.8432743549346924,602000,0.0,0.0
1992-07-10 00:00:00-04:00,2.8432751829559737,2.8432751829559737,2.8053648471832275,2.8053648471832275,734200,0.0,0.0
1992-07-13 00:00:00-04:00,2.805364121090282,2.8180008964105085,2.7674537951296028,2.780090570449829,826400,0.0,0.0
1992-07-14 00:00:00-04:00,2.7800906945137953,2.792727470397949,2.767453918629642,2.792727470397949,817200,0.0,0.0
1992-07-15 00:00:00-04:00,2.8053655603102277,2.830639123916626,2.7927287785070285,2.830639123916626,506400,0.0,0.0
1992-07-16 00:00:00-04:00,2.8306384043650583,2.8306384043650583,2.8053648471832275,2.8053648471832275,565000,0.0,0.0
1992-07-17 00:00:00-04:00,2.818002342113427,2.830639123916626,2.8053655603102277,2.830639123916626,501800,0.0,0.0
1992-07-20 00:00:00-04:00,2.818001625774143,2.818001625774143,2.792728068592312,2.8053648471832275,442800,0.0,0.0
1992-07-21 00:00:00-04:00,2.8180010221662566,2.8180010221662566,2.7800906945137953,2.792727470397949,519400,0.0,0.0
1992-07-22 00:00:00-04:00,2.780090570449829,2.805364121090282,2.780090570449829,2.780090570449829,607400,0.0,0.0
1992-07-23 00:00:00-04:00,2.792727470397949,2.8053642462821027,2.7800906945137953,2.792727470397949,438400,0.0,0.0
1992-07-24 00:00:00-04:00,2.8053642462821027,2.8053642462821027,2.792727470397949,2.792727470397949,459600,0.0,0.0
1992-07-27 00:00:00-04:00,2.792728068592312,2.818001625774143,2.792728068592312,2.8053648471832275,472200,0.0,0.0
1992-07-28 00:00:00-04:00,2.8180004579831013,2.8559107780456543,2.805363684628917,2.8559107780456543,959400,0.0,0.0
1992-07-29 00:00:00-04:00,2.8559107780456543,2.8685475513998386,2.84327400469147,2.8559107780456543,1108600,0.0,0.0
1992-07-30 00:00:00-04:00,2.8559107780456543,2.8685475513998386,2.84327400469147,2.8559107780456543,556600,0.0,0.0
1992-07-31 00:00:00-04:00,2.8559107780456543,2.8559107780456543,2.84327400469147,2.8559107780456543,438000,0.0,0.0
1992-08-03 00:00:00-04:00,2.8559107780456543,2.8685475513998386,2.84327400469147,2.8559107780456543,625200,0.0,0.0
1992-08-04 00:00:00-04:00,2.8559111298455133,2.8559111298455133,2.8306375800238714,2.8432743549346924,887400,0.0,0.0
1992-08-05 00:00:00-04:00,2.8432759057198256,2.8432759057198256,2.818002342113427,2.830639123916626,666800,0.0,0.0
1992-08-06 00:00:00-04:00,2.8180010221662566,2.83063779805041,2.7800906945137953,2.792727470397949,1029400,0.0,0.0
1992-08-07 00:00:00-04:00,2.8053642462821027,2.8053642462821027,2.7800906945137953,2.792727470397949,1107600,0.0,0.0
1992-08-10 00:00:00-04:00,2.780090570449829,2.7927273457700554,2.7674537951296028,2.780090570449829,645200,0.0,0.0
1992-08-11 00:00:00-04:00,2.78008849939443,2.78008849939443,2.7295414357690766,2.742178201675415,2763600,0.0,0.0
1992-08-12 00:00:00-04:00,2.754817247390747,2.754817247390747,2.7295436946623917,2.754817247390747,1610600,0.0,0.0
1992-08-13 00:00:00-04:00,2.7674551010131836,2.780091882296349,2.7548183197300182,2.7674551010131836,1044400,0.0,0.0
1992-08-14 00:00:00-04:00,2.7674551010131836,2.792728663579514,2.7548183197300182,2.7674551010131836,1229400,0.0,0.0
1992-08-17 00:00:00-04:00,2.7674551010131836,2.780091882296349,2.7548183197300182,2.7674551010131836,668200,0.0,0.0
1992-08-18 00:00:00-04:00,2.7674537951296028,2.805364121090282,2.754817019809376,2.780090570449829,2201800,0.0,0.0
1992-08-19 00:00:00-04:00,2.7927277163005195,2.8180012702941895,2.7800909393036846,2.8180012702941895,791600,0.0,0.0
1992-08-20 00:00:00-04:00,2.8180012702941895,2.830638047291024,2.8053644932973545,2.8180012702941895,567600,0.0,0.0
1992-08-21 00:00:00-04:00,2.8306384043650583,2.8432751829559737,2.792728068592312,2.8053648471832275,853800,0.0,0.0
1992-08-24 00:00:00-04:00,2.818001625774143,2.818001625774143,2.7800912900013968,2.8053648471832275,793400,0.0,0.0
1992-08-25 00:00:00-04:00,2.8180010221662566,2.8180010221662566,2.7800906945137953,2.792727470397949,1901200,0.0,0.0
1992-08-26 00:00:00-04:00,2.7800906945137953,2.792727470397949,2.767453918629642,2.792727470397949,752600,0.0,0.0
1992-08-27 00:00:00-04:00,2.8053642462821027,2.8053642462821027,2.7042700392088737,2.792727470397949,1141200,0.0,0.0
1992-08-28 00:00:00-04:00,2.792728068592312,2.8053648471832275,2.792728068592312,2.8053648471832275,560000,0.0,0.0
1992-08-31 00:00:00-04:00,2.8053648471832275,2.818001625774143,2.792728068592312,2.8053648471832275,3037600,0.0,0.0
1992-09-01 00:00:00-04:00,2.809487020527875,2.822374575667911,2.7837119102478027,2.7837119102478027,2570800,0.27,0.0
1992-09-02 00:00:00-04:00,2.7966009160162697,2.8481511633161087,2.7450506687164307,2.7450506687164307,2401800,0.0,0.0
1992-09-03 00:00:00-04:00,2.757937826112259,2.783712945982467,2.745050266177155,2.7708253860473633,1342600,0.0,0.0
1992-09-04 00:00:00-04:00,2.7708252234393003,2.82237546015445,2.7708252234393003,2.796600341796875,2834200,0.0,0.0
1992-09-08 00:00:00-04:00,2.796600505917571,2.8094880658526753,2.757937826112259,2.7708253860473633,1607000,0.0,0.0
1992-09-09 00:00:00-04:00,2.7837127826180876,2.796600341796875,2.757937664260513,2.796600341796875,830600,0.0,0.0
1992-09-10 00:00:00-04:00,2.8094880658526753,2.8223756257877795,2.7708253860473633,2.7708253860473633,2760200,0.0,0.0
1992-09-11 00:00:00-04:00,2.7837119102478027,2.796599465387839,2.7579367999677302,2.7837119102478027,747600,0.0,0.0
1992-09-14 00:00:00-04:00,2.783712945982467,2.783712945982467,2.7708253860473633,2.7708253860473633,528000,0.0,0.0
1992-09-15 00:00:00-04:00,2.783711825575784,2.783711825575784,2.745049161331676,2.757936716079712,999000,0.0,0.0
1992-09-16 00:00:00-04:00,2.7450492448276944,2.809487020527875,2.7450492448276944,2.7837119102478027,1172800,0.0,0.0
1992-09-17 00:00:00-04:00,2.796600341796875,2.796600341796875,2.7708252234393003,2.796600341796875,839200,0.0,0.0
1992-09-18 00:00:00-04:00,2.7966016848152933,2.822376815550918,2.7966016848152933,2.8094892501831055,1238200,0.0,0.0
1992-09-21 00:00:00-04:00,2.8094883680343625,2.83526349067688,2.8094883680343625,2.83526349067688,337600,0.0,0.0
1992-09-22 00:00:00-04:00,2.8352630954899203,2.8481506550148743,2.822375535964966,2.822375535964966,769000,0.0,0.0
1992-09-23 00:00:00-04:00,2.822374575667911,2.822374575667911,2.7837119102478027,2.7837119102478027,1695000,0.0,0.0
1992-09-24 00:00:00-04:00,2.7966016848152933,2.822376815550918,2.7966016848152933,2.8094892501831055,318600,0.0,0.0
1992-09-25 00:00:00-04:00,2.7966016848152933,2.8094892501831055,2.7966016848152933,2.8094892501831055,569000,0.0,0.0
1992-09-28 00:00:00-04:00,2.7966016848152933,2.8094892501831055,2.7966016848152933,2.8094892501831055,452200,0.0,0.0
1992-09-29 00:00:00-04:00,2.809487976440012,2.822375535964966,2.796600416915058,2.822375535964966,1017400,0.0,0.0
1992-09-30 00:00:00-04:00,2.8223749037299837,2.899700243558202,2.8223749037299837,2.886812686920166,1086400,0.0,0.0
1992-10-01 00:00:00-04:00,2.899702310562134,2.9125898763868543,2.8868147447374133,2.899702310562134,619800,0.0,0.0
1992-10-02 00:00:00-04:00,2.8997012852553294,2.8997012852553294,2.8739261627197266,2.8739261627197266,524000,0.0,0.0
1992-10-05 00:00:00-04:00,2.8610384464263916,2.87392600699588,2.822375764717927,2.8610384464263916,820400,0.0,0.0
1992-10-06 00:00:00-04:00,2.861037573644093,2.899700243558202,2.8481500170060565,2.886812686920166,664600,0.0,0.0
1992-10-07 00:00:00-04:00,2.8997012852553294,2.9125888465231307,2.8739261627197266,2.8739261627197266,460000,0.0,0.0
1992-10-08 00:00:00-04:00,2.8868130034050052,2.912588119506836,2.8868130034050052,2.912588119506836,522600,0.0,0.0
1992-10-09 00:00:00-04:00,2.912587800196239,2.912587800196239,2.886812686920166,2.886812686920166,330200,0.0,0.0
1992-10-12 00:00:00-04:00,2.8868147447374133,2.899702310562134,2.8868147447374133,2.899702310562134,336600,0.0,0.0
1992-10-13 00:00:00-04:00,2.899702310562134,2.9125898763868543,2.8868147447374133,2.899702310562134,676800,0.0,0.0
1992-10-14 00:00:00-04:00,2.912588119506836,2.912588119506836,2.8868130034050052,2.912588119506836,393600,0.0,0.0
1992-10-15 00:00:00-04:00,2.912589614851433,2.9512523088538853,2.8997020501839486,2.9383647441864014,680400,0.0,0.0
1992-10-16 00:00:00-04:00,2.9383647441864014,2.9383647441864014,2.925477179518917,2.9383647441864014,450600,0.0,0.0
1992-10-19 00:00:00-04:00,2.9383648313614765,2.9512523964113075,2.9254772663116455,2.9254772663116455,510400,0.0,0.0
1992-10-20 00:00:00-04:00,2.9254756775577513,2.938363235608666,2.8997005614559206,2.912588119506836,571000,0.0,0.0
1992-10-21 00:00:00-04:00,2.899702310562134,2.925477442211575,2.8868147447374133,2.899702310562134,462800,0.0,0.0
1992-10-22 00:00:00-04:00,2.8997005614559206,2.912588119506836,2.8868130034050052,2.912588119506836,423600,0.0,0.0
1992-10-23 00:00:00-04:00,2.912588119506836,2.912588119506836,2.8997005614559206,2.912588119506836,397200,0.0,0.0
1992-10-26 00:00:00-05:00,2.8997021362119835,2.9254772663116455,2.8997021362119835,2.9254772663116455,307600,0.0,0.0
1992-10-27 00:00:00-05:00,2.9254772663116455,2.9383648313614765,2.9254772663116455,2.9254772663116455,437400,0.0,0.0
1992-10-28 00:00:00-05:00,2.925477179518917,2.9383647441864014,2.925477179518917,2.9383647441864014,336600,0.0,0.0
1992-10-29 00:00:00-05:00,2.925477179518917,2.9383647441864014,2.925477179518917,2.9383647441864014,368600,0.0,0.0
1992-10-30 00:00:00-05:00,2.9254772663116455,2.9512523964113075,2.9254772663116455,2.9254772663116455,695400,0.0,0.0
1992-11-02 00:00:00-05:00,2.938362758753081,2.9512503147125244,2.9254752027936375,2.9512503147125244,565000,0.0,0.0
1992-11-03 00:00:00-05:00,2.938363235608666,2.9512507936595815,2.912588119506836,2.912588119506836,825800,0.0,0.0
1992-11-04 00:00:00-05:00,2.9125876468341945,2.977025426631411,2.899700090874751,2.9512503147125244,3035000,0.0,0.0
1992-11-05 00:00:00-05:00,2.9512504743493118,2.9641380310058594,2.9383629176927646,2.9641380310058594,574600,0.0,0.0
1992-11-06 00:00:00-05:00,2.9641399614611386,2.9641399614611386,2.9254772663116455,2.9254772663116455,1000600,0.0,0.0
1992-11-09 00:00:00-05:00,2.925477179518917,2.9383647441864014,2.912589614851433,2.9383647441864014,952000,0.0,0.0
1992-11-10 00:00:00-05:00,2.9254752027936375,2.9512503147125244,2.9254752027936375,2.9512503147125244,355400,0.0,0.0
1992-11-11 00:00:00-05:00,2.9512520507300573,2.977027177810669,2.9512520507300573,2.977027177810669,421000,0.0,0.0
1992-11-12 00:00:00-05:00,2.977025905559803,2.9899134635925293,2.9641383475270766,2.9899134635925293,603200,0.0,0.0
1992-11-13 00:00:00-05:00,2.9899134635925293,3.0028010216252556,2.977025905559803,2.9899134635925293,675400,0.0,0.0
1992-11-16 00:00:00-05:00,2.9899134635925293,3.015688579657982,2.9899134635925293,2.9899134635925293,732200,0.0,0.0
1992-11-17 00:00:00-05:00,2.9899122846887467,3.0285749435424805,2.977024731737502,3.0285749435424805,728600,0.0,0.0
1992-11-18 00:00:00-05:00,3.015688579657982,3.0285761376907083,2.9899134635925293,2.9899134635925293,602600,0.0,0.0
1992-11-19 00:00:00-05:00,3.002800387195033,3.015687942504883,2.9899128318851833,3.015687942504883,481600,0.0,0.0
1992-11-20 00:00:00-05:00,3.028575497814733,3.0414630531245828,3.002800387195033,3.015687942504883,679200,0.0,0.0
1992-11-23 00:00:00-05:00,3.0156888100279478,3.0672390460968018,3.0156888100279478,3.0672390460968018,436000,0.0,0.0
1992-11-24 00:00:00-05:00,3.067238969317937,3.067238969317937,3.0285762932340976,3.041463851928711,476200,0.0,0.0
1992-11-25 00:00:00-05:00,3.041462496493725,3.0543500494449694,3.0285749435424805,3.0285749435424805,385400,0.0,0.0
1992-11-27 00:00:00-05:00,3.0285749435424805,3.041462496493725,3.0285749435424805,3.0285749435424805,140000,0.0,0.0
1992-11-30 00:00:00-05:00,3.041462496493725,3.041462496493725,3.0156873905912356,3.0285749435424805,5790600,0.0,0.0
1992-12-01 00:00:00-05:00,3.019650213518857,3.032779127490678,2.9802634716033936,2.9802634716033936,2122400,0.27,0.0
1992-12-02 00:00:00-05:00,2.993391752243042,2.993391752243042,2.9802628410489937,2.993391752243042,500600,0.0,0.0
1992-12-03 00:00:00-05:00,2.9802628410489937,3.0065206634370907,2.9802628410489937,2.993391752243042,957800,0.0,0.0
1992-12-04 00:00:00-05:00,3.0065191704293954,3.0327769797781237,2.993390265755031,3.0196480751037598,2064600,0.0,0.0
1992-12-07 00:00:00-05:00,3.0196489650627663,3.072164599237771,3.006520056519015,3.0459067821502686,557600,0.0,0.0
1992-12-08 00:00:00-05:00,3.045905884452488,3.045905884452488,3.0065191704293954,3.0196480751037598,351600,0.0,0.0
1992-12-09 00:00:00-05:00,3.0196493528622055,3.032778263092041,3.0065204426323695,3.032778263092041,785400,0.0,0.0
1992-12-10 00:00:00-05:00,3.0196489650627663,3.0459067821502686,3.0196489650627663,3.0459067821502686,383200,0.0,0.0
1992-12-11 00:00:00-05:00,3.124680367473778,3.1378092765808105,3.08529364015268,3.1378092765808105,2121400,0.0,0.0
1992-12-14 00:00:00-05:00,3.137808710587125,3.150937617325983,3.1115508971094084,3.1246798038482666,890600,0.0,0.0
1992-12-15 00:00:00-05:00,3.124679714315551,3.1378086206782214,3.09842190159021,3.111550807952881,666800,0.0,0.0
1992-12-16 00:00:00-05:00,3.111550807952881,3.124679714315551,3.09842190159021,3.111550807952881,673400,0.0,0.0
1992-12-17 00:00:00-05:00,3.1115514583667454,3.1378092765808105,3.1115514583667454,3.1378092765808105,586600,0.0,0.0
1992-12-18 00:00:00-05:00,3.1378081209403423,3.177194833755493,3.1246792166686252,3.177194833755493,1447000,0.0,0.0
1992-12-21 00:00:00-05:00,3.164065929483776,3.19032373802721,3.150937025212059,3.177194833755493,468400,0.0,0.0
1992-12-22 00:00:00-05:00,3.203454103275221,3.2297119237938707,3.1903251930158967,3.216583013534546,685600,0.0,0.0
1992-12-23 00:00:00-05:00,3.2165840543417565,3.2953575413868608,3.164068396311687,3.269099712371826,980600,0.0,0.0
1992-12-24 00:00:00-05:00,3.269099712371826,3.269099712371826,3.242841883356791,3.269099712371826,236600,0.0,0.0
1992-12-28 00:00:00-05:00,3.242840528488159,3.2559694375103785,3.22971161946594,3.242840528488159,419200,0.0,0.0
1992-12-29 00:00:00-05:00,3.22971161946594,3.2559694375103785,3.2165827104437206,3.242840528488159,834400,0.0,0.0
1992-12-30 00:00:00-05:00,3.2428406150110307,3.2690984337560596,3.2165827962660023,3.255969524383545,881800,0.0,0.0
1992-12-31 00:00:00-05:00,3.242840528488159,3.2559694375103785,3.2165827104437206,3.242840528488159,843000,0.0,0.0
1993-01-04 00:00:00-05:00,3.2297099144732364,3.242838816564591,3.2034521102905273,3.2034521102905273,664000,0.0,0.0
1993-01-05 00:00:00-05:00,3.203454103275221,3.2297119237938707,3.1509384622379226,3.216583013534546,470800,0.0,0.0
1993-01-06 00:00:00-05:00,3.216583013534546,3.2297119237938707,3.203454103275221,3.216583013534546,660400,0.0,0.0
1993-01-07 00:00:00-05:00,3.2034521102905273,3.2297099144732364,3.1903232081991724,3.2034521102905273,448000,0.0,0.0
1993-01-08 00:00:00-05:00,3.203452642298927,3.203452642298927,3.164065929483776,3.177194833755493,531200,0.0,0.0
1993-01-11 00:00:00-05:00,3.164067923538084,3.22971248626709,3.164067923538084,3.22971248626709,837600,0.0,0.0
1993-01-12 00:00:00-05:00,3.2297119237938707,3.2297119237938707,3.203454103275221,3.216583013534546,537200,0.0,0.0
1993-01-13 00:00:00-05:00,3.203454103275221,3.2297119237938707,3.203454103275221,3.216583013534546,596800,0.0,0.0
1993-01-14 00:00:00-05:00,3.2428406150110307,3.255969524383545,3.2297117056385165,3.255969524383545,503200,0.0,0.0
1993-01-15 00:00:00-05:00,3.255969524383545,3.2690984337560596,3.2428406150110307,3.255969524383545,469200,0.0,0.0
1993-01-18 00:00:00-05:00,3.255969524383545,3.282227343128574,3.2428406150110307,3.255969524383545,566400,0.0,0.0
1993-01-19 00:00:00-05:00,3.255970797864309,3.2822286268793435,3.242841883356791,3.269099712371826,619800,0.0,0.0
1993-01-20 00:00:00-05:00,3.255969524383545,3.2690984337560596,3.2428406150110307,3.255969524383545,378800,0.0,0.0
1993-01-21 00:00:00-05:00,3.255968367436018,3.2953550815582275,3.2428394627286146,3.2953550815582275,605800,0.0,0.0
1993-01-22 00:00:00-05:00,3.2953550815582275,3.3084839862656312,3.2822261768508243,3.2953550815582275,523600,0.0,0.0
1993-01-25 00:00:00-05:00,3.2953564451617217,3.3216142654418945,3.2953564451617217,3.3216142654418945,624000,0.0,0.0
1993-01-26 00:00:00-05:00,3.3347417956804377,3.3347417956804377,3.2953550815582275,3.2953550815582275,941200,0.0,0.0
1993-01-27 00:00:00-05:00,3.308485355301808,3.3347431755819814,3.308485355301808,3.3216142654418945,508400,0.0,0.0
1993-01-28 00:00:00-05:00,3.3216142654418945,3.3347431755819814,3.308485355301808,3.3216142654418945,544800,0.0,0.0
1993-01-29 00:00:00-05:00,3.308484257675531,3.3478709750288114,3.2953553518911045,3.3347420692443848,757400,0.0,0.0
1993-02-01 00:00:00-05:00,3.360999200130715,3.3741281032562256,3.3478702970052048,3.3741281032562256,630200,0.0,0.0
1993-02-02 00:00:00-05:00,3.360999200130715,3.3872570063817364,3.360999200130715,3.3741281032562256,502800,0.0,0.0
1993-02-03 00:00:00-05:00,3.3741281032562256,3.4135148126327577,3.360999200130715,3.3741281032562256,1070200,0.0,0.0
1993-02-04 00:00:00-05:00,3.41351580619812,3.4397736200919518,3.4003868992512043,3.41351580619812,625600,0.0,0.0
1993-02-05 00:00:00-05:00,3.4003857632940133,3.4003857632940133,3.3741279581720516,3.3872568607330322,1773000,0.0,0.0
1993-02-08 00:00:00-05:00,3.3872570063817364,3.3872570063817364,3.360999200130715,3.3741281032562256,490400,0.0,0.0
1993-02-09 00:00:00-05:00,3.360999200130715,3.3741281032562256,3.3478702970052048,3.3741281032562256,570200,0.0,0.0
1993-02-10 00:00:00-05:00,3.3741281032562256,3.3872570063817364,3.360999200130715,3.3741281032562256,344000,0.0,0.0
1993-02-11 00:00:00-05:00,3.360999345779419,3.3872571531683207,3.360999345779419,3.360999345779419,533000,0.0,0.0
1993-02-12 00:00:00-05:00,3.3741281032562256,3.3872570063817364,3.3741281032562256,3.3741281032562256,204800,0.0,0.0
1993-02-16 00:00:00-05:00,3.37412824947387,3.3872571531683207,3.360999345779419,3.360999345779419,532600,0.0,0.0
1993-02-17 00:00:00-05:00,3.3741279581720516,3.3872568607330322,3.360999055611071,3.3872568607330322,492400,0.0,0.0
1993-02-18 00:00:00-05:00,3.413514665854994,3.413514665854994,3.360999055611071,3.3872568607330322,605800,0.0,0.0
1993-02-19 00:00:00-05:00,3.4003891980872964,3.4922916088464127,3.3872602822645654,3.4791626930236816,557200,0.0,0.0
1993-02-22 00:00:00-05:00,3.4791616948096307,3.597321903312599,3.466032782753745,3.584192991256714,664000,0.0,0.0
1993-02-23 00:00:00-05:00,3.557933930600627,3.557933930600627,3.4922893931356707,3.505418300628662,800800,0.0,0.0
1993-02-24 00:00:00-05:00,3.505418300628662,3.518547208121653,3.4922893931356707,3.505418300628662,394200,0.0,0.0
1993-02-25 00:00:00-05:00,3.50541701531948,3.50541701531948,3.4529014046030833,3.492288112640381,506600,0.0,0.0
1993-02-26 00:00:00-05:00,3.466031578149688,3.505418300628662,3.466031578149688,3.505418300628662,2946800,0.0,0.0
1993-03-01 00:00:00-05:00,3.50541701531948,3.518545917998579,3.492288112640381,3.492288112640381,1748400,0.0,0.0
1993-03-02 00:00:00-05:00,3.509908318069746,3.5766366130900833,3.4965626590656784,3.536599636077881,814600,0.27,0.0
1993-03-03 00:00:00-05:00,3.5365990440497237,3.5632903575897217,3.5232533872797247,3.5632903575897217,899000,0.0,0.0
1993-03-04 00:00:00-05:00,3.5632903575897217,3.5632903575897217,3.5365990440497237,3.5632903575897217,390600,0.0,0.0
1993-03-05 00:00:00-05:00,3.536597183256438,3.5499428330045757,3.523251533508301,3.523251533508301,376400,0.0,0.0
1993-03-08 00:00:00-05:00,3.5499447008197227,3.5632903575897217,3.5365990440497237,3.5632903575897217,534000,0.0,0.0
1993-03-09 00:00:00-05:00,3.536599636077881,3.563290954086016,3.536599636077881,3.536599636077881,746800,0.0,0.0
1993-03-10 00:00:00-05:00,3.536596393403898,3.54994204017146,3.5099050998687744,3.5099050998687744,493400,0.0,0.0
1993-03-11 00:00:00-05:00,3.5099061567664607,3.536597458338829,3.4832148551940922,3.483214855194092,395000,0.0,0.0
1993-03-12 00:00:00-05:00,3.4698678518979604,3.4965591430664062,3.4431765607295146,3.4965591430664062,802200,0.0,0.0
1993-03-15 00:00:00-05:00,3.4832138063336506,3.5232507466363363,3.4832138063336506,3.5099050998687744,1121800,0.0,0.0
1993-03-16 00:00:00-05:00,3.5099047886506294,3.523250434234852,3.4965591430664062,3.4965591430664062,510200,0.0,0.0
1993-03-17 00:00:00-05:00,3.4965591430664062,3.523250434234852,3.4965591430664062,3.4965591430664062,591400,0.0,0.0
1993-03-18 00:00:00-05:00,3.509908318069746,3.536599636077881,3.509908318069746,3.536599636077881,338800,0.0,0.0
1993-03-19 00:00:00-05:00,3.5632883812251843,3.5632883812251843,3.5232514331215303,3.5499427318573,977600,0.0,0.0
1993-03-22 00:00:00-05:00,3.523251533508301,3.536597183256438,3.496560234012026,3.523251533508301,426600,0.0,0.0
1993-03-23 00:00:00-05:00,3.509905883760163,3.536597183256438,3.509905883760163,3.523251533508301,451200,0.0,0.0
1993-03-24 00:00:00-05:00,3.5232539770738134,3.6166735901022857,3.509908318069746,3.536599636077881,436400,0.0,0.0
1993-03-25 00:00:00-05:00,3.5365990440497237,3.5632903575897217,3.5232533872797247,3.5632903575897217,383200,0.0,0.0
1993-03-26 00:00:00-05:00,3.5499427318573,3.5632883812251843,3.536597082489415,3.5499427318573,432400,0.0,0.0
1993-03-29 00:00:00-05:00,3.5499447008197227,3.5632903575897217,3.5499447008197227,3.5632903575897217,398200,0.0,0.0
1993-03-30 00:00:00-05:00,3.5632874035037587,3.5899786949157715,3.5632874035037587,3.5899786949157715,766800,0.0,0.0
1993-03-31 00:00:00-05:00,3.576633930206299,3.589979579199606,3.563288281212992,3.576633930206299,650200,0.0,0.0
1993-04-01 00:00:00-05:00,3.5632883812251843,3.576634030593069,3.536597082489415,3.5499427318573,394200,0.0,0.0
1993-04-02 00:00:00-05:00,3.5232539770738134,3.536599636077881,3.5232539770738134,3.536599636077881,414800,0.0,0.0
1993-04-05 00:00:00-04:00,3.5232539770738134,3.5499452950819483,3.509908318069746,3.536599636077881,635600,0.0,0.0
1993-04-06 00:00:00-04:00,3.5232533872797247,3.5632903575897217,3.5099077305097257,3.5632903575897217,667200,0.0,0.0
1993-04-07 00:00:00-04:00,3.563286296526591,3.603323221206665,3.549940654966566,3.603323221206665,712200,0.0,0.0
1993-04-08 00:00:00-04:00,3.5899804958118287,3.630017453014191,3.5899804958118287,3.6166718006134033,480600,0.0,0.0
1993-04-12 00:00:00-04:00,3.6166713558543813,3.6833996096524326,3.6166713558543813,3.6700539588928223,686000,0.0,0.0
1993-04-13 00:00:00-04:00,3.6833980083465576,3.7100892982621123,3.67005236338878,3.6833980083465576,984800,0.0,0.0
1993-04-14 00:00:00-04:00,3.6833980083465576,3.7100892982621123,3.67005236338878,3.6833980083465576,501400,0.0,0.0
1993-04-15 00:00:00-04:00,3.6967444155897415,3.736781358718872,3.6967444155897415,3.736781358718872,352600,0.0,0.0
1993-04-16 00:00:00-04:00,3.73678073608618,3.73678073608618,3.7100894451141357,3.7100894451141357,398400,0.0,0.0
1993-04-19 00:00:00-04:00,3.7100892982621123,3.7234349432198894,3.6833980083465576,3.6833980083465576,614600,0.0,0.0
1993-04-20 00:00:00-04:00,3.7100903587619753,3.7100903587619753,3.5899795198092495,3.656707763671875,843800,0.0,0.0
1993-04-21 00:00:00-04:00,3.6567085841122795,3.6567085841122795,3.603325977044947,3.6300172805786133,397000,0.0,0.0
1993-04-22 00:00:00-04:00,3.6033252281929133,3.61667087718622,3.576633930206299,3.576633930206299,565000,0.0,0.0
1993-04-23 00:00:00-04:00,3.5632874035037587,3.6166699863277847,3.5632874035037587,3.5899786949157715,379000,0.0,0.0
1993-04-26 00:00:00-04:00,3.5899786949157715,3.603324340621778,3.5766330492097653,3.5899786949157715,440200,0.0,0.0
1993-04-27 00:00:00-04:00,3.5766348434110413,3.6166718006134038,3.5766348434110413,3.6166718006134033,577000,0.0,0.0
1993-04-28 00:00:00-04:00,3.61667162881178,3.6433629323454464,3.61667162881178,3.6300172805786133,525000,0.0,0.0
1993-04-29 00:00:00-04:00,3.6166708173542994,3.656707763671875,3.6033251685817747,3.656707763671875,796600,0.0,0.0
1993-04-30 00:00:00-04:00,3.6567096081408823,3.6567096081408823,3.6300182971325547,3.6433639526367188,437200,0.0,0.0
1993-05-03 00:00:00-04:00,3.6567087578157658,3.6567087578157658,3.6166718006134038,3.6166718006134033,418000,0.0,0.0
1993-05-04 00:00:00-04:00,3.61667162881178,3.6433629323454464,3.603325977044947,3.6300172805786133,369600,0.0,0.0
1993-05-05 00:00:00-04:00,3.630015428515448,3.6833980083465576,3.6166697835576707,3.6833980083465576,829200,0.0,0.0
1993-05-06 00:00:00-04:00,3.6700534124443998,3.683399061216925,3.64336211489935,3.656707763671875,229000,0.0,0.0
1993-05-07 00:00:00-04:00,3.656708308133212,3.6833996096524326,3.656708308133212,3.6700539588928223,288800,0.0,0.0
1993-05-10 00:00:00-04:00,3.64336211489935,3.656707763671875,3.64336211489935,3.656707763671875,568000,0.0,0.0
1993-05-11 00:00:00-04:00,3.656707763671875,3.656707763671875,3.6300164661268246,3.656707763671875,318200,0.0,0.0
1993-05-12 00:00:00-04:00,3.6433631054149784,3.6567087578157658,3.5899804958118287,3.6166718006134033,340600,0.0,0.0
1993-05-13 00:00:00-04:00,3.61667087718622,3.61667087718622,3.563288281212992,3.576633930206299,1155600,0.0,0.0
1993-05-14 00:00:00-04:00,3.5766360143597207,3.5899816711297197,3.5499447008197227,3.5632903575897217,1046200,0.0,0.0
1993-05-17 00:00:00-04:00,3.5632883812251843,3.576634030593069,3.5499427318573,3.5499427318573,1273400,0.0,0.0
1993-05-18 00:00:00-04:00,3.5499431091250133,3.5632887599111975,3.443177902835539,3.483214855194092,863000,0.0,0.0
1993-05-19 00:00:00-04:00,3.4832134974821836,3.4965591430664062,3.4031396239768457,3.4965591430664062,1260000,0.0,0.0
1993-05-20 00:00:00-04:00,3.4965594531012125,3.5232507466363363,3.4832138063336506,3.5099050998687744,448000,0.0,0.0
1993-05-21 00:00:00-04:00,3.5099047886506294,3.5099047886506294,3.4565222063137377,3.4965591430664062,702600,0.0,0.0
1993-05-24 00:00:00-04:00,3.4965605059802765,3.5099061567664607,3.4698692044079076,3.483214855194092,588000,0.0,0.0
1993-05-25 00:00:00-04:00,3.483214584263888,3.523251533508301,3.4698689345157505,3.523251533508301,894600,0.0,0.0
1993-05-26 00:00:00-04:00,3.5232533872797247,3.5632903575897217,3.5099077305097257,3.5632903575897217,1892200,0.0,0.0
1993-05-27 00:00:00-04:00,3.5632874035037587,3.5899786949157715,3.523250466385739,3.5899786949157715,497800,0.0,0.0
1993-05-28 00:00:00-04:00,3.5766330492097653,3.6166699863277847,3.5766330492097653,3.5899786949157715,1462000,0.0,0.0
1993-06-01 00:00:00-04:00,3.607882812787902,3.635009751229916,3.5536289359038733,3.5943193435668945,1164800,0.27,0.0
1993-06-02 00:00:00-04:00,3.5943193435668945,3.607882812787902,3.5943193435668945,3.5943193435668945,510000,0.0,0.0
1993-06-03 00:00:00-04:00,3.5943202192622024,3.6078836917877197,3.5807567467366845,3.6078836917877197,246200,0.0,0.0
1993-06-04 00:00:00-04:00,3.5943202192622024,3.6078836917877197,3.5943202192622024,3.6078836917877197,398800,0.0,0.0
1993-06-07 00:00:00-04:00,3.5943196578459307,3.5943196578459307,3.567192717031999,3.580756187438965,833000,0.0,0.0
1993-06-08 00:00:00-04:00,3.5671934268483714,3.5671934268483714,3.5265030075307093,3.5400664806365967,670200,0.0,0.0
1993-06-09 00:00:00-04:00,3.553629084685003,3.567192554473877,3.5400656148961285,3.567192554473877,351200,0.0,0.0
1993-06-10 00:00:00-04:00,3.553629953742484,3.5807568999542587,3.5265030075307093,3.5400664806365967,349600,0.0,0.0
1993-06-11 00:00:00-04:00,3.5400664806365967,3.553629953742484,3.4993760613189346,3.5400664806365967,412800,0.0,0.0
1993-06-14 00:00:00-04:00,3.540066402377063,3.567193347989148,3.526502929571021,3.5536298751831055,367600,0.0,0.0
1993-06-15 00:00:00-04:00,3.5536298751831055,3.58075682079519,3.5536298751831055,3.5536298751831055,260600,0.0,0.0
1993-06-16 00:00:00-04:00,3.553629246625033,3.580756187438965,3.553629246625033,3.580756187438965,310600,0.0,0.0
1993-06-17 00:00:00-04:00,3.5807558743458876,3.607882812787902,3.5807558743458876,3.5943193435668945,484800,0.0,0.0
1993-06-18 00:00:00-04:00,3.607882963840499,3.607882963840499,3.567192554473877,3.567192554473877,598600,0.0,0.0
1993-06-21 00:00:00-04:00,3.5807558743458876,3.5943193435668945,3.5671924051248802,3.5943193435668945,229600,0.0,0.0
1993-06-22 00:00:00-04:00,3.5807558743458876,3.621446282008909,3.5807558743458876,3.5943193435668945,407000,0.0,0.0
1993-06-23 00:00:00-04:00,3.5943191953366167,3.621446132659912,3.580755726674969,3.621446132659912,418000,0.0,0.0
1993-06-24 00:00:00-04:00,3.635009691174589,3.675700098165349,3.621446222177669,3.648573160171509,694800,0.0,0.0
1993-06-25 00:00:00-04:00,3.662136880790486,3.702827290577047,3.6485734108616326,3.6892638206481934,413400,0.0,0.0
1993-06-28 00:00:00-04:00,3.6892650118741126,3.7299554347991943,3.6892650118741126,3.7299554347991943,485400,0.0,0.0
1993-06-29 00:00:00-04:00,3.7299559934295874,3.7299559934295874,3.7028290407500997,3.7163925170898438,413200,0.0,0.0
1993-06-30 00:00:00-04:00,3.7435194697693315,3.7435194697693315,3.7028290407500997,3.7163925170898438,526400,0.0,0.0
1993-07-01 00:00:00-04:00,3.7435181062300127,3.7435181062300127,3.7028276920318604,3.7028276920318604,369800,0.0,0.0
1993-07-02 00:00:00-04:00,3.7163925170898438,3.7299559934295874,3.6892655644103556,3.7163925170898438,977600,0.0,0.0
1993-07-06 00:00:00-04:00,3.702828486182473,3.757082383415916,3.702828486182473,3.7299554347991943,1098800,0.0,0.0
1993-07-07 00:00:00-04:00,3.7435156619075403,3.7570791244506836,3.7163887368212536,3.7570791244506836,559400,0.0,0.0
1993-07-08 00:00:00-04:00,3.757081194747266,3.7842081347815424,3.7435177247301277,3.7706446647644043,827000,0.0,0.0
1993-07-09 00:00:00-04:00,3.7706425869938265,3.797769512080113,3.7570791244506836,3.7570791244506836,550400,0.0,0.0
1993-07-12 00:00:00-04:00,3.7706431357756904,3.7706431357756904,3.7299527422241545,3.743516206741333,263800,0.0,0.0
1993-07-13 00:00:00-04:00,3.7299559934295874,3.7435194697693315,3.7163925170898438,3.7163925170898438,251000,0.0,0.0
1993-07-14 00:00:00-04:00,3.7299527422241545,3.743516206741333,3.7163892777069756,3.743516206741333,1057600,0.0,0.0
1993-07-15 00:00:00-04:00,3.743516206741333,3.757079671258512,3.7163892777069756,3.743516206741333,402000,0.0,0.0
1993-07-16 00:00:00-04:00,3.7570834869124985,3.784210443496704,3.7435200086203957,3.784210443496704,288200,0.0,0.0
1993-07-19 00:00:00-04:00,3.784208697080612,3.811335641145706,3.770645225048065,3.797772169113159,273000,0.0,0.0
1993-07-20 00:00:00-04:00,3.7842081347815424,3.7977716047986805,3.7435177247301277,3.7706446647644043,257000,0.0,0.0
1993-07-21 00:00:00-04:00,3.7706469652046013,3.784210443496704,3.7570834869124985,3.784210443496704,413200,0.0,0.0
1993-07-22 00:00:00-04:00,3.7706446647644043,3.7842081347815424,3.7299542547129896,3.7706446647644043,518600,0.0,0.0
1993-07-23 00:00:00-04:00,3.757081194747266,3.7842081347815424,3.7435177247301277,3.7706446647644043,287600,0.0,0.0
1993-07-26 00:00:00-04:00,3.7570834869124985,3.797773921788807,3.7570834869124985,3.784210443496704,372600,0.0,0.0
1993-07-27 00:00:00-04:00,3.784210443496704,3.784210443496704,3.7435200086203957,3.784210443496704,342200,0.0,0.0
1993-07-28 00:00:00-04:00,3.7706446647644043,3.7842081347815424,3.7435177247301277,3.7706446647644043,358400,0.0,0.0
1993-07-29 00:00:00-04:00,3.7842094872860197,3.824899911880493,3.7706460124211953,3.824899911880493,758800,0.0,0.0
1993-07-30 00:00:00-04:00,3.811335325241089,3.8248987961494203,3.797771854332758,3.811335325241089,344600,0.0,0.0
1993-08-02 00:00:00-04:00,3.797772169113159,3.824899113178253,3.784208697080612,3.797772169113159,627400,0.0,0.0
1993-08-03 00:00:00-04:00,3.7977719391192646,3.8384623527526855,3.7977719391192646,3.8384623527526855,368600,0.0,0.0
1993-08-04 00:00:00-04:00,3.824899911880493,3.852026861610142,3.824899911880493,3.824899911880493,332600,0.0,0.0
1993-08-05 00:00:00-04:00,3.8248980220995454,3.8791518947534396,3.8113345539360717,3.865588426589966,526400,0.0,0.0
1993-08-06 00:00:00-04:00,3.8791526797827456,3.8927161506910766,3.811335325241089,3.811335325241089,444400,0.0,0.0
1993-08-09 00:00:00-04:00,3.8248971482397804,3.8655875434338207,3.8113336831751004,3.8520240783691406,373800,0.0,0.0
1993-08-10 00:00:00-04:00,3.8520258239638254,3.8520258239638254,3.8384623527526855,3.8384623527526855,300000,0.0,0.0
1993-08-11 00:00:00-04:00,3.852024340878796,3.8927147388458256,3.838460874889786,3.892714738845825,297800,0.0,0.0
1993-08-12 00:00:00-04:00,3.8927153629169133,3.9062788310803866,3.865588426589966,3.865588426589966,646800,0.0,0.0
1993-08-13 00:00:00-04:00,3.865589208874414,3.865589208874414,3.797771854332758,3.811335325241089,951800,0.0,0.0
1993-08-16 00:00:00-04:00,3.8113374000809097,3.8113374000809097,3.784210443496704,3.784210443496704,1857200,0.0,0.0
1993-08-17 00:00:00-04:00,3.7706446647644043,3.7842081347815424,3.757081194747266,3.7706446647644043,1164800,0.0,0.0
1993-08-18 00:00:00-04:00,3.7706446647644043,3.7842081347815424,3.757081194747266,3.7706446647644043,713600,0.0,0.0
1993-08-19 00:00:00-04:00,3.7706446647644043,3.7842081347815424,3.757081194747266,3.7706446647644043,322200,0.0,0.0
1993-08-20 00:00:00-04:00,3.7706425869938265,3.7706425869938265,3.7570791244506836,3.7570791244506836,618800,0.0,0.0
1993-08-23 00:00:00-04:00,3.7706469652046013,3.8113374000809097,3.7570834869124985,3.784210443496704,1167600,0.0,0.0
1993-08-24 00:00:00-04:00,3.7977719391192646,3.8520258239638254,3.7842084679081243,3.8384623527526855,542800,0.0,0.0
1993-08-25 00:00:00-04:00,3.8384614902630187,3.865588426589966,3.8248980220995454,3.865588426589966,481200,0.0,0.0
1993-08-26 00:00:00-04:00,3.865589859584967,3.919843752351072,3.865589859584967,3.906280279159546,1208600,0.0,0.0
1993-08-27 00:00:00-04:00,3.8927168059680195,3.906280279159546,3.8791533327764935,3.906280279159546,492800,0.0,0.0
1993-08-30 00:00:00-04:00,3.9062792504122514,3.9198427200317383,3.9062792504122514,3.9198427200317383,513600,0.0,0.0
1993-08-31 00:00:00-04:00,3.919843752351072,3.919843752351072,3.8791533327764935,3.906280279159546,1444400,0.0,0.0
1993-09-01 00:00:00-04:00,3.8693776993768614,3.8831477267767793,3.8418376445770264,3.8418376445770264,781600,0.27,0.0
1993-09-02 00:00:00-04:00,3.8418376445770264,3.855607671976944,3.8418376445770264,3.8418376445770264,1622000,0.0,0.0
1993-09-03 00:00:00-04:00,3.841836611995493,3.8831466830922188,3.841836611995493,3.8693766593933105,547000,0.0,0.0
1993-09-07 00:00:00-04:00,3.8693760261468007,3.8969160690375255,3.8556060047014387,3.883146047592163,1059200,0.0,0.0
1993-09-08 00:00:00-04:00,3.8831466830922188,3.8831466830922188,3.855606635694402,3.8693766593933105,1138800,0.0,0.0
1993-09-09 00:00:00-04:00,3.855606635694402,3.8831466830922188,3.841836611995493,3.8693766593933105,372200,0.0,0.0
1993-09-10 00:00:00-04:00,3.8556058499501367,3.896915912628174,3.8556058499501367,3.896915912628174,321600,0.0,0.0
1993-09-13 00:00:00-04:00,3.88314723466572,3.924457311630249,3.88314723466572,3.924457311630249,295800,0.0,0.0
1993-09-14 00:00:00-04:00,3.9106860160827637,3.924456037266154,3.8831459737159837,3.9106860160827637,394200,0.0,0.0
1993-09-15 00:00:00-04:00,3.896915994899374,3.9106860160827637,3.869375952532594,3.9106860160827637,412000,0.0,0.0
1993-09-16 00:00:00-04:00,3.910684714998518,3.910684714998518,3.855604648590088,3.855604648590088,423200,0.0,0.0
1993-09-17 00:00:00-04:00,3.828065961810714,3.883146047592163,3.828065961810714,3.883146047592163,1725600,0.0,0.0
1993-09-20 00:00:00-04:00,3.8831466830922188,3.8831466830922188,3.855606635694402,3.8693766593933105,339800,0.0,0.0
1993-09-21 00:00:00-04:00,3.8693766593933105,3.8831466830922188,3.855606635694402,3.8693766593933105,674600,0.0,0.0
1993-09-22 00:00:00-04:00,3.8693760261468007,3.8969160690375255,3.8693760261468007,3.883146047592163,925800,0.0,0.0
1993-09-23 00:00:00-04:00,3.8831477267767793,3.8831477267767793,3.8280676171771084,3.8418376445770264,386800,0.0,0.0
1993-09-24 00:00:00-04:00,3.841835003832112,3.841835003832112,3.800524950027466,3.800524950027466,478600,0.0,0.0
1993-09-27 00:00:00-04:00,3.8005265408987676,3.8831466830922188,3.8005265408987676,3.8693766593933105,1371000,0.0,0.0
1993-09-28 00:00:00-04:00,3.8693766593933105,3.8831466830922188,3.855606635694402,3.8693766593933105,577000,0.0,0.0
1993-09-29 00:00:00-04:00,3.883144681794303,3.883144681794303,3.855604648590088,3.855604648590088,524600,0.0,0.0
1993-09-30 00:00:00-04:00,3.855606635694402,3.8693766593933105,3.855606635694402,3.8693766593933105,392200,0.0,0.0
1993-10-01 00:00:00-04:00,3.855606635694402,3.8693766593933105,3.841836611995493,3.8693766593933105,612000,0.0,0.0
1993-10-04 00:00:00-04:00,3.8693730436640674,3.8831430544956125,3.8280630111694336,3.8280630111694336,965400,0.0,0.0
1993-10-05 00:00:00-04:00,3.828065550284265,3.828065550284265,3.7729854704240595,3.814295530319214,925400,0.0,0.0
1993-10-06 00:00:00-04:00,3.7729858531183376,3.7867558744800833,3.745445810394846,3.759215831756592,879200,0.0,0.0
1993-10-07 00:00:00-04:00,3.7592151860029492,3.8005252429919927,3.731675148010254,3.731675148010254,692400,0.0,0.0
1993-10-08 00:00:00-04:00,3.745445810394846,3.759215831756592,3.7179057676713545,3.759215831756592,536600,0.0,0.0
1993-10-11 00:00:00-04:00,3.772985541603782,3.7867555618286133,3.759215521378951,3.7867555618286133,237200,0.0,0.0
1993-10-12 00:00:00-04:00,3.7867558744800833,3.7867558744800833,3.759215831756592,3.759215831756592,277600,0.0,0.0
1993-10-13 00:00:00-04:00,3.7592151860029492,3.772985204999297,3.731675148010254,3.731675148010254,350800,0.0,0.0
1993-10-14 00:00:00-04:00,3.731675634418961,3.7729856967926025,3.7179056136277473,3.7729856967926025,577400,0.0,0.0
1993-10-15 00:00:00-04:00,3.800524950027466,3.82806498589723,3.7867549320925837,3.800524950027466,494800,0.0,0.0
1993-10-18 00:00:00-04:00,3.814295917203575,3.814295917203575,3.759215831756592,3.759215831756592,350000,0.0,0.0
1993-10-19 00:00:00-04:00,3.759215676001389,3.7729856967926025,3.731675634418961,3.7729856967926025,328200,0.0,0.0
1993-10-20 00:00:00-04:00,3.7867557175838167,3.8005257383750304,3.7454456552101747,3.7729856967926025,824000,0.0,0.0
1993-10-21 00:00:00-04:00,3.7729872185944626,3.786757244939698,3.676597034177816,3.704137086868286,933000,0.0,0.0
1993-10-22 00:00:00-04:00,3.717906314935257,3.731676338323906,3.6765962447693097,3.690366268157959,395800,0.0,0.0
1993-10-25 00:00:00-04:00,3.7179064750671387,3.7179064750671387,3.662826379140218,3.6765964031219482,615800,0.0,0.0
1993-10-26 00:00:00-04:00,3.704136291546608,3.717906314935257,3.6765962447693097,3.690366268157959,583600,0.0,0.0
1993-10-27 00:00:00-04:00,3.6903657171461317,3.7179057598114014,3.676595695813497,3.7179057598114014,359000,0.0,0.0
1993-10-28 00:00:00-04:00,3.717905129013906,3.7454451670066016,3.6903650910212105,3.731675148010254,761800,0.0,0.0
1993-10-29 00:00:00-04:00,3.7179071132135215,3.731677139558757,3.704137086868286,3.704137086868286,311000,0.0,0.0
1993-11-01 00:00:00-05:00,3.704135110017558,3.731675148010254,3.704135110017558,3.731675148010254,358000,0.0,0.0
1993-11-02 00:00:00-05:00,3.7179063131224437,3.7179063131224437,3.6490561962127686,3.6490561962127686,700200,0.0,0.0
1993-11-03 00:00:00-05:00,3.6490550440109195,3.6490550440109195,3.4700447965688745,3.5388948917388916,1315400,0.0,0.0
1993-11-04 00:00:00-05:00,3.525125727479757,3.580205816971628,3.387425503750079,3.401195526123047,1243000,0.0,0.0
1993-11-05 00:00:00-05:00,3.401194031458782,3.4425040804238685,3.3048039172069137,3.428734064102173,2115200,0.0,0.0
1993-11-08 00:00:00-05:00,3.442504253995371,3.4562742710113525,3.387424185931445,3.4562742710113525,631600,0.0,0.0
1993-11-09 00:00:00-05:00,3.483815988217752,3.511356035555442,3.4700459645489072,3.4975860118865967,1184200,0.0,0.0
1993-11-10 00:00:00-05:00,3.525125660615809,3.5388956827275893,3.497585616392248,3.5113556385040283,852400,0.0,0.0
1993-11-11 00:00:00-05:00,3.511356676048912,3.525126702229496,3.483816623687744,3.483816623687744,524000,0.0,0.0
1993-11-12 00:00:00-05:00,3.4975852239876986,3.52512526512146,3.4975852239876986,3.52512526512146,919400,0.0,0.0
1993-11-15 00:00:00-05:00,3.4975853704270863,3.5113553915705,3.456275306996845,3.470045328140259,1278600,0.0,0.0
1993-11-16 00:00:00-05:00,3.483815988217752,3.511356035555442,3.456275940880062,3.4975860118865967,630000,0.0,0.0
1993-11-17 00:00:00-05:00,3.511356035555442,3.511356035555442,3.483815988217752,3.4975860118865967,691600,0.0,0.0
1993-11-18 00:00:00-05:00,3.497586649868328,3.497586649868328,3.442506545145992,3.483816623687744,333600,0.0,0.0
1993-11-19 00:00:00-05:00,3.4838143050433157,3.4838143050433157,3.4562742710113525,3.4562742710113525,641200,0.0,0.0
1993-11-22 00:00:00-05:00,3.4700459645489072,3.511356035555442,3.4287358935423726,3.4975860118865967,371200,0.0,0.0
1993-11-23 00:00:00-05:00,3.5251248727048883,3.5526649107728954,3.497584834636881,3.5388948917388916,801400,0.0,0.0
1993-11-24 00:00:00-05:00,3.5526649107728954,3.580204948840902,3.5388948917388916,3.5388948917388916,390200,0.0,0.0
1993-11-26 00:00:00-05:00,3.5388948917388916,3.5664349298068987,3.5388948917388916,3.5388948917388916,220600,0.0,0.0
1993-11-29 00:00:00-05:00,3.580204725265503,3.607744761613699,3.580204725265503,3.580204725265503,762600,0.0,0.0
1993-11-30 00:00:00-05:00,3.580206315029542,3.5939763393181168,3.5526662664523916,3.566436290740967,44605400,0.0,0.0
1993-12-01 00:00:00-05:00,3.528904528129758,3.5709152963217785,3.528904528129758,3.5569117069244385,528800,0.27,0.0
1993-12-02 00:00:00-05:00,3.570917844772339,3.584921444163603,3.5429106459898105,3.570917844772339,676200,0.0,0.0
1993-12-03 00:00:00-05:00,3.5709161701656527,3.5709161701656527,3.5149017988689364,3.5289053916931152,555200,0.0,0.0
1993-12-06 00:00:00-05:00,3.5149034472072826,3.5989250435548668,3.4868962484247543,3.570917844772339,2591800,0.0,0.0
1993-12-07 00:00:00-05:00,3.5989230442792177,3.612926635891199,3.570915861055255,3.5849194526672363,623800,0.0,0.0
1993-12-08 00:00:00-05:00,3.5989233558140103,3.5989233558140103,3.5289053916931152,3.5289053916931152,481400,0.0,0.0
1993-12-09 00:00:00-05:00,3.5429089845172945,3.5429089845172945,3.5289053916931152,3.5289053916931152,592200,0.0,0.0
1993-12-10 00:00:00-05:00,3.5429086685180664,3.5429086685180664,3.5008978937925557,3.5429086685180664,656800,0.0,0.0
1993-12-13 00:00:00-05:00,3.5289050769428965,3.5429086685180664,3.4868943022173857,3.5429086685180664,497200,0.0,0.0
1993-12-14 00:00:00-05:00,3.542908582079458,3.542908582079458,3.486894217145396,3.5149013996124268,361400,0.0,0.0
1993-12-15 00:00:00-05:00,3.5149017152786257,3.5289053077697754,3.486894530296326,3.5008981227874756,470000,0.0,0.0
1993-12-16 00:00:00-05:00,3.5008978937925557,3.556912260093237,3.5008978937925557,3.5429086685180664,895600,0.0,0.0
1993-12-17 00:00:00-05:00,3.5569117069244385,3.5709152963217785,3.528904528129758,3.5569117069244385,741800,0.0,0.0
1993-12-20 00:00:00-05:00,3.542908677831292,3.5849194526672363,3.5289050862193108,3.5849194526672363,485400,0.0,0.0
1993-12-21 00:00:00-05:00,3.584921444163603,3.5989250435548668,3.570917844772339,3.570917844772339,328200,0.0,0.0
1993-12-22 00:00:00-05:00,3.570919536627256,3.640937566757202,3.542912324575277,3.640937566757202,502200,0.0,0.0
1993-12-23 00:00:00-05:00,3.612927516610706,3.626931111636329,3.5849203265594602,3.598923921585083,311400,0.0,0.0
1993-12-27 00:00:00-05:00,3.59892470956309,3.62693190574646,3.5849211114714046,3.62693190574646,182000,0.0,0.0
1993-12-28 00:00:00-05:00,3.6269310315450034,3.6409346262613935,3.6129274368286133,3.6129274368286133,246200,0.0,0.0
1993-12-29 00:00:00-05:00,3.6129274368286133,3.6269310315450034,3.5849202473958335,3.6129274368286133,208600,0.0,0.0
1993-12-30 00:00:00-05:00,3.598923921585083,3.598923921585083,3.5569131365082143,3.598923921585083,261400,0.0,0.0
1993-12-31 00:00:00-05:00,3.612926635891199,3.6269302275031805,3.5849194526672363,3.5849194526672363,261000,0.0,0.0
1994-01-03 00:00:00-05:00,3.584919355780005,3.584919355780005,3.486894217145396,3.5149013996124268,754000,0.0,0.0
1994-01-04 00:00:00-05:00,3.5008982060447575,3.5289053916931152,3.5008982060447575,3.5289053916931152,266800,0.0,0.0
1994-01-05 00:00:00-05:00,3.5149017152786257,3.5429089002609255,3.486894530296326,3.5008981227874756,375200,0.0,0.0
1994-01-06 00:00:00-05:00,3.5149019468026084,3.5149019468026084,3.4028731994941586,3.416876792907715,551200,0.0,0.0
1994-01-07 00:00:00-05:00,3.444883752822876,3.5149017152786257,3.4308801603317263,3.5008981227874756,647000,0.0,0.0
1994-01-10 00:00:00-05:00,3.4868935621701755,3.4868935621701755,3.4588863849639893,3.4588863849639893,720000,0.0,0.0
1994-01-11 00:00:00-05:00,3.4588863849639893,3.4728899735670824,3.4448827963608966,3.4588863849639893,550200,0.0,0.0
1994-01-12 00:00:00-05:00,3.472892999649048,3.4868966004540844,3.444885798038975,3.472892999649048,488600,0.0,0.0
1994-01-13 00:00:00-05:00,3.4588874161728027,3.4588874161728027,3.4168766378387203,3.4448838233947754,345400,0.0,0.0
1994-01-14 00:00:00-05:00,3.4308792077578034,3.4588863849639893,3.4168756191547103,3.4588863849639893,445000,0.0,0.0
1994-01-17 00:00:00-05:00,3.4448839797348274,3.4448839797348274,3.4028731994941586,3.416876792907715,341000,0.0,0.0
1994-01-18 00:00:00-05:00,3.430879820476879,3.444883411580866,3.3748654560609297,3.388869047164917,317200,0.0,0.0
1994-01-19 00:00:00-05:00,3.374865608414014,3.3888692001501717,3.3468584249416984,3.3608620166778564,432400,0.0,0.0
1994-01-20 00:00:00-05:00,3.3748648166656494,3.388868405116544,3.3608612282147545,3.3748648166656494,462000,0.0,0.0
1994-01-21 00:00:00-05:00,3.4028731994941586,3.416876792907715,3.374866012667046,3.416876792907715,613200,0.0,0.0
1994-01-24 00:00:00-05:00,3.4168763836224874,3.430879975358645,3.3468584249416984,3.3608620166778564,833000,0.0,0.0
1994-01-25 00:00:00-05:00,3.3608620166778564,3.374865608414014,3.3468584249416984,3.3608620166778564,652200,0.0,0.0
1994-01-26 00:00:00-05:00,3.3888694522826652,3.4588874161728027,3.3748658595046375,3.4448838233947754,630000,0.0,0.0
1994-01-27 00:00:00-05:00,3.4728909378051758,3.5289053077697754,3.4728909378051758,3.5008981227874756,691000,0.0,0.0
1994-01-28 00:00:00-05:00,3.5289053077697754,3.5709160852432253,3.5008981227874756,3.5008981227874756,1115200,0.0,0.0
1994-01-31 00:00:00-05:00,3.514901485367726,3.5429086685180664,3.4868943022173857,3.5429086685180664,415800,0.0,0.0
1994-02-01 00:00:00-05:00,3.5289061098213654,3.54290970549526,3.4868953227996826,3.4868953227996826,652000,0.0,0.0
1994-02-02 00:00:00-05:00,3.4868966004540844,3.514903802064157,3.472892999649048,3.472892999649048,317200,0.0,0.0
1994-02-03 00:00:00-05:00,3.472892999649048,3.4868966004540844,3.4588893988440113,3.472892999649048,381400,0.0,0.0
1994-02-04 00:00:00-05:00,3.4868963059083913,3.5008999055305132,3.402874708175659,3.402874708175659,1144400,0.0,0.0
1994-02-07 00:00:00-05:00,3.4028733584345603,3.430880546569824,3.3748661702992964,3.430880546569824,360600,0.0,0.0
1994-02-08 00:00:00-05:00,3.4168762293728916,3.430879820476879,3.3748654560609297,3.388869047164917,322200,0.0,0.0
1994-02-09 00:00:00-05:00,3.402874708175659,3.4588891066641474,3.388871108553537,3.402874708175659,346800,0.0,0.0
1994-02-10 00:00:00-05:00,3.4168762293728916,3.4168762293728916,3.3748654560609297,3.388869047164917,640000,0.0,0.0
1994-02-11 00:00:00-05:00,3.374867508931415,3.402874708175659,3.374867508931415,3.402874708175659,312000,0.0,0.0
1994-02-14 00:00:00-05:00,3.388869047164917,3.4168762293728916,3.3608618649569424,3.388869047164917,631000,0.0,0.0
1994-02-15 00:00:00-05:00,3.3888727496652042,3.4028763560687794,3.3328583240509033,3.3328583240509033,1555400,0.0,0.0
1994-02-16 00:00:00-05:00,3.3328548332055408,3.3608620166778564,3.2908440579970675,3.3608620166778564,1501000,0.0,0.0
1994-02-17 00:00:00-05:00,3.3608655368580536,3.4028763560687794,3.3328583240509033,3.3328583240509033,702200,0.0,0.0
1994-02-18 00:00:00-05:00,3.346857919652238,3.346857919652238,3.2768399715423584,3.2768399715423584,851000,0.0,0.0
1994-02-22 00:00:00-05:00,3.2908475048401775,3.3888727496652042,3.2768438984366024,3.3328583240509033,1081600,0.0,0.0
1994-02-23 00:00:00-05:00,3.3608655368580536,3.3748691432616287,3.318854717647328,3.3328583240509033,616200,0.0,0.0
1994-02-24 00:00:00-05:00,3.318852663040161,3.3468598585088545,3.276841869837121,3.318852663040161,804000,0.0,0.0
1994-02-25 00:00:00-05:00,3.3328553842201396,3.3608625723228296,3.3188517901687944,3.3468589782714844,398400,0.0,0.0
1994-02-28 00:00:00-05:00,3.346860309687171,3.416878307797781,3.346860309687171,3.402874708175659,1995400,0.0,0.0
1994-03-01 00:00:00-05:00,3.393178420551753,3.393178420551753,3.336150211802984,3.364664316177368,1874000,0.27,0.0
1994-03-02 00:00:00-05:00,3.350408482952278,3.4074367124493383,3.307637310829483,3.3931796550750732,2371400,0.0,0.0
1994-03-03 00:00:00-05:00,3.378922597700808,3.4074367124493383,3.364665540326543,3.3931796550750732,1052200,0.0,0.0
1994-03-04 00:00:00-05:00,3.4074354597147076,3.4644636682454975,3.3789213554493123,3.4359495639801025,790600,0.0,0.0
1994-03-07 00:00:00-05:00,3.4359498426256847,3.4787210024923945,3.4359498426256847,3.464463949203491,484800,0.0,0.0
1994-03-08 00:00:00-05:00,3.4502052724361416,3.4644623190164565,3.407434132695198,3.4216911792755127,909200,0.0,0.0
1994-03-09 00:00:00-05:00,3.4359497614984233,3.4359497614984233,3.378921549689321,3.407435655593872,671800,0.0,0.0
1994-03-10 00:00:00-05:00,3.3931783773960214,3.407435429401887,3.3361501693725586,3.3361501693725586,586400,0.0,0.0
1994-03-11 00:00:00-05:00,3.350408482952278,3.4074367124493383,3.336151425578013,3.3931796550750732,700000,0.0,0.0
1994-03-14 00:00:00-05:00,3.378921948087976,3.3931790027212587,3.336150784188128,3.350407838821411,690800,0.0,0.0
1994-03-15 00:00:00-05:00,3.336150784188128,3.378921948087976,3.3218937295548456,3.350407838821411,490200,0.0,0.0
1994-03-16 00:00:00-05:00,3.350409294482525,3.3789234161376953,3.3361522336549396,3.3789234161376953,422600,0.0,0.0
1994-03-17 00:00:00-05:00,3.3789213683645607,3.393178420551753,3.350407263990176,3.364664316177368,231800,0.0,0.0
1994-03-18 00:00:00-05:00,3.3646648934546937,3.4074360573545412,3.350407838821411,3.350407838821411,1551200,0.0,0.0
1994-03-21 00:00:00-05:00,3.350407838821411,3.3646648934546937,3.307636674921563,3.350407838821411,400000,0.0,0.0
1994-03-22 00:00:00-05:00,3.350409294482525,3.4074375377928656,3.3361522336549396,3.3789234161376953,583400,0.0,0.0
1994-03-23 00:00:00-05:00,3.3789234161376953,3.4074375377928656,3.3789234161376953,3.3789234161376953,377200,0.0,0.0
1994-03-24 00:00:00-05:00,3.3646642733842897,3.3789213253901558,3.321893117366693,3.3361501693725586,370600,0.0,0.0
1994-03-25 00:00:00-05:00,3.336150746488776,3.3646648554331247,3.3218936920166016,3.3218936920166016,588200,0.0,0.0
1994-03-28 00:00:00-05:00,3.3218931596157915,3.364664316177368,3.3076361074285994,3.364664316177368,742600,0.0,0.0
1994-03-29 00:00:00-05:00,3.350408627041455,3.3646656850288656,3.3076374530792236,3.3076374530792236,485400,0.0,0.0
1994-03-30 00:00:00-05:00,3.307634236519797,3.307634236519797,3.2363490159051462,3.250606060028076,1080800,0.0,0.0
1994-03-31 00:00:00-05:00,3.2506082261089784,3.2648652797322635,3.1080376898761286,3.1793229579925537,1153800,0.0,0.0
1994-04-04 00:00:00-04:00,3.1650659043692686,3.1793229579925537,3.0795235826295584,3.1793229579925537,773600,0.0,0.0
1994-04-05 00:00:00-04:00,3.2078376162944915,3.2506087845117513,3.1793235041496515,3.236351728439331,1278200,0.0,0.0
1994-04-06 00:00:00-04:00,3.222095595465766,3.2363526556226945,3.19358147515191,3.207838535308838,790200,0.0,0.0
1994-04-07 00:00:00-04:00,3.222095595465766,3.2363526556226945,3.19358147515191,3.207838535308838,673200,0.0,0.0
1994-04-08 00:00:00-04:00,3.2078370652391235,3.2078370652391235,3.1793229579925537,3.1793229579925537,725800,0.0,0.0
1994-04-11 00:00:00-04:00,3.1793230963604793,3.193580150604248,3.16506604211671,3.193580150604248,399400,0.0,0.0
1994-04-12 00:00:00-04:00,3.1935800116158384,3.2078370652391235,3.1650659043692686,3.1793229579925537,629400,0.0,0.0
1994-04-13 00:00:00-04:00,3.1935800116158384,3.2220941188624086,3.1793229579925537,3.1793229579925537,351600,0.0,0.0
1994-04-14 00:00:00-04:00,3.1935801119417757,3.1935801119417757,3.1650660037994385,3.1650660037994385,649800,0.0,0.0
1994-04-15 00:00:00-04:00,3.179323057870607,3.179323057870607,3.15080894972827,3.1650660037994385,881800,0.0,0.0
1994-04-18 00:00:00-04:00,3.1793254353783347,3.1793254353783347,3.122297176447782,3.13655424118042,645600,0.0,0.0
1994-04-19 00:00:00-04:00,3.1508088507459835,3.1935800116158384,3.1365517971226984,3.1793229579925537,1293800,0.0,0.0
1994-04-20 00:00:00-04:00,3.1650644525305016,3.2933778762817383,3.1650644525305016,3.2933778762817383,1161600,0.0,0.0
1994-04-21 00:00:00-04:00,3.293377192396867,3.336148324765657,3.250606060028076,3.250606060028076,900800,0.0,0.0
1994-04-22 00:00:00-04:00,3.2648644943152907,3.2791215445088073,3.193579243347708,3.222093343734741,1350800,0.0,0.0
1994-04-25 00:00:00-04:00,3.2363490159051462,3.2648631041510066,3.2363490159051462,3.250606060028076,500600,0.0,0.0
1994-04-26 00:00:00-04:00,3.2506083442654674,3.2648653984069824,3.222094235982437,3.2648653984069824,416000,0.0,0.0
1994-04-28 00:00:00-04:00,3.250606060028076,3.2648631041510066,3.2363490159051462,3.250606060028076,966200,0.0,0.0
1994-04-29 00:00:00-04:00,3.236351290123952,3.293379506690013,3.236351290123952,3.2648653984069824,611400,0.0,0.0
1994-05-02 00:00:00-04:00,3.2791216373443604,3.2933786879415097,3.2506075361500617,3.2791216373443604,324400,0.0,0.0
1994-05-03 00:00:00-04:00,3.293377192396867,3.293377192396867,3.2363490159051462,3.250606060028076,459600,0.0,0.0
1994-05-04 00:00:00-04:00,3.250606060028076,3.250606060028076,3.222091971782216,3.250606060028076,441800,0.0,0.0
1994-05-05 00:00:00-04:00,3.250608367579324,3.250608367579324,3.193580150604248,3.193580150604248,795000,0.0,0.0
1994-05-06 00:00:00-04:00,3.1508076113683208,3.179321707398803,3.0795223712921143,3.0795223712921143,1315400,0.0,0.0
1994-05-09 00:00:00-04:00,3.0795228515191098,3.093779901757624,3.008237600326538,3.008237600326538,959600,0.0,0.0
1994-05-10 00:00:00-04:00,3.02249544720317,3.0652666091918945,2.9512101772219634,3.0652666091918945,1540000,0.0,0.0
1994-05-11 00:00:00-04:00,3.0367528321086494,3.0510098876584557,2.922696387710203,2.9512104988098145,696600,0.0,0.0
1994-05-12 00:00:00-04:00,2.9654672145843506,3.0082383763331633,2.8514107832541833,2.9654672145843506,1009000,0.0,0.0
1994-05-13 00:00:00-04:00,2.965466449610995,3.008237600326538,2.9512093993724804,3.008237600326538,732000,0.0,0.0
1994-05-16 00:00:00-04:00,2.9939818382263184,3.022495950971331,2.979724781853812,2.9939818382263184,440800,0.0,0.0
1994-05-17 00:00:00-04:00,2.99398069111806,3.0652659456684903,2.9797236402079745,3.0224947929382324,969800,0.0,0.0
1994-05-18 00:00:00-04:00,3.022493764894818,3.1650642255030643,3.022493764894818,3.1080360412597656,1053800,0.0,0.0
1994-05-19 00:00:00-04:00,3.108037611120912,3.1508087709069796,3.0937805578588895,3.1222946643829346,586600,0.0,0.0
1994-05-20 00:00:00-04:00,3.1222948415859326,3.1650660037994385,3.0795236793724268,3.1650660037994385,1183400,0.0,0.0
1994-05-23 00:00:00-04:00,3.1508087709069796,3.1508087709069796,3.1222946643829346,3.1222946643829346,440800,0.0,0.0
1994-05-24 00:00:00-04:00,3.13655424118042,3.1793254353783347,3.122297176447782,3.13655424118042,389400,0.0,0.0
1994-05-25 00:00:00-04:00,3.136550133381415,3.1508071794422396,3.065264903077292,3.1080360412597656,1319200,0.0,0.0
1994-05-26 00:00:00-04:00,3.1365519336291725,3.193580150604248,3.1222948793854033,3.193580150604248,710800,0.0,0.0
1994-05-27 00:00:00-04:00,3.1650660037994385,3.1650660037994385,3.1365518956571012,3.1650660037994385,204600,0.0,0.0
1994-05-31 00:00:00-04:00,3.1365518956571012,3.1650660037994385,3.1365518956571012,3.1650660037994385,1363600,0.0,0.0
1994-06-01 00:00:00-04:00,3.1406391055084937,3.1406391055084937,3.097019117931987,3.126099109649658,936400,0.27,0.0
1994-06-02 00:00:00-04:00,3.1260994695267588,3.140639467059441,3.067939479396028,3.082479476928711,660600,0.0,0.0
1994-06-03 00:00:00-04:00,3.0679379891012317,3.126097950979928,3.0533979986315574,3.111557960510254,468000,0.0,0.0
1994-06-06 00:00:00-04:00,3.126097950979928,3.155177931919276,3.111557960510254,3.111557960510254,595800,0.0,0.0
1994-06-07 00:00:00-04:00,3.09701797004058,3.126097950979928,3.09701797004058,3.111557960510254,199800,0.0,0.0
1994-06-08 00:00:00-04:00,3.1260984660314284,3.1260984660314284,3.082478487435641,3.0970184803009033,574000,0.0,0.0
1994-06-09 00:00:00-04:00,3.082478487435641,3.0970184803009033,3.082478487435641,3.0970184803009033,234000,0.0,0.0
1994-06-10 00:00:00-04:00,3.0970184803009033,3.1260984660314284,3.082478487435641,3.0970184803009033,387800,0.0,0.0
1994-06-13 00:00:00-04:00,3.0970184803009033,3.111558473166166,3.053398501705116,3.0970184803009033,437400,0.0,0.0
1994-06-14 00:00:00-04:00,3.0970184803009033,3.1260984660314284,3.0970184803009033,3.0970184803009033,305800,0.0,0.0
1994-06-15 00:00:00-04:00,3.111559471994076,3.1260994695267588,3.082479476928711,3.082479476928711,604400,0.0,0.0
1994-06-16 00:00:00-04:00,3.0534005165100098,3.0824805214291526,3.0534005165100098,3.0534005165100098,234200,0.0,0.0
1994-06-17 00:00:00-04:00,3.0824813934915887,3.097021400064662,3.0097813606262207,3.0097813606262207,1112800,0.0,0.0
1994-06-20 00:00:00-04:00,2.9806983821532307,3.0097783663693596,2.966158390045166,2.966158390045166,420000,0.0,0.0
1994-06-21 00:00:00-04:00,2.9952392151106646,2.9952392151106646,2.907999237971519,2.922539234161377,1063000,0.0,0.0
1994-06-22 00:00:00-04:00,2.937078405829037,2.966158390045166,2.9225384137209724,2.966158390045166,753600,0.0,0.0
1994-06-23 00:00:00-04:00,2.966159623244713,3.009779617704194,2.9516196250915527,2.9516196250915527,921000,0.0,0.0
1994-06-24 00:00:00-04:00,2.951617510011881,2.951617510011881,2.937077522277832,2.937077522277832,501400,0.0,0.0
1994-06-27 00:00:00-04:00,2.937079626938392,2.966159623244713,2.9079996306320717,2.9516196250915527,984600,0.0,0.0
1994-06-28 00:00:00-04:00,2.9516196250915527,2.980699621397873,2.937079626938392,2.9516196250915527,454400,0.0,0.0
1994-06-29 00:00:00-04:00,2.9516213343339266,3.0243213671992946,2.9516213343339266,3.0097813606262207,542400,0.0,0.0
1994-06-30 00:00:00-04:00,2.995238943741872,3.038858928359472,2.995238943741872,3.0243189334869385,787600,0.0,0.0
1994-07-01 00:00:00-04:00,3.038858928359472,3.038858928359472,3.009778938614405,3.0243189334869385,435000,0.0,0.0
1994-07-05 00:00:00-04:00,3.03885817527771,3.03885817527771,3.0097781927391676,3.03885817527771,240000,0.0,0.0
1994-07-06 00:00:00-04:00,3.0243189334869385,3.053398923232005,3.009778938614405,3.0243189334869385,337600,0.0,0.0
1994-07-07 00:00:00-04:00,3.0243181840084388,3.0533981665469816,3.0097781927391676,3.03885817527771,729200,0.0,0.0
1994-07-08 00:00:00-04:00,3.024317881507331,3.0679378509521484,3.009777891692392,3.0679378509521484,459800,0.0,0.0
1994-07-11 00:00:00-04:00,3.0679378509521484,3.0970178305820264,3.053397861137209,3.0679378509521484,880200,0.0,0.0
1994-07-12 00:00:00-04:00,3.082478149085524,3.082478149085524,3.0243181840084388,3.03885817527771,493000,0.0,0.0
1994-07-13 00:00:00-04:00,3.0243181840084388,3.067938157816253,3.0097781927391676,3.03885817527771,291400,0.0,0.0
1994-07-14 00:00:00-04:00,3.038859484330663,3.0970194744613933,3.038859484330663,3.082479476928711,392800,0.0,0.0
1994-07-15 00:00:00-04:00,3.082478487435641,3.0970184803009033,3.0679384945703783,3.0970184803009033,446200,0.0,0.0
1994-07-18 00:00:00-04:00,3.0970184803009033,3.111558473166166,3.082478487435641,3.0970184803009033,311800,0.0,0.0
1994-07-19 00:00:00-04:00,3.09701797004058,3.126097950979928,3.09701797004058,3.111557960510254,455200,0.0,0.0
1994-07-20 00:00:00-04:00,3.111558473166166,3.1260984660314284,3.0970184803009033,3.0970184803009033,466200,0.0,0.0
1994-07-21 00:00:00-04:00,3.1115605263482955,3.1115605263482955,3.0534005165100098,3.0534005165100098,729800,0.0,0.0
1994-07-22 00:00:00-04:00,3.082479476928711,3.0970194744613933,3.067939479396028,3.082479476928711,404600,0.0,0.0
1994-07-25 00:00:00-04:00,3.082478487435641,3.111558473166166,3.0679384945703783,3.0970184803009033,816200,0.0,0.0
1994-07-26 00:00:00-04:00,3.09701797004058,3.140637941449602,3.09701797004058,3.111557960510254,630200,0.0,0.0
1994-07-27 00:00:00-04:00,3.1115595477598688,3.140639543533325,3.1115595477598688,3.140639543533325,578000,0.0,0.0
1994-07-28 00:00:00-04:00,3.126098289402253,3.1842582575771785,3.126098289402253,3.1697182655334473,582200,0.0,0.0
1994-07-29 00:00:00-04:00,3.1697202351716185,3.242420240565463,3.1697202351716185,3.2278802394866943,594000,0.0,0.0
1994-08-01 00:00:00-04:00,3.2133380344935825,3.2714979989188055,3.2133380344935825,3.2569580078125,731400,0.0,0.0
1994-08-02 00:00:00-04:00,3.271499592646033,3.315119587214647,3.2569595944564953,3.2860395908355713,659800,0.0,0.0
1994-08-03 00:00:00-04:00,3.286040024610343,3.3005800247192383,3.2569600243925523,3.3005800247192383,676400,0.0,0.0
1994-08-04 00:00:00-04:00,3.300579589025109,3.329659585404185,3.2860395908355713,3.2860395908355713,816000,0.0,0.0
1994-08-05 00:00:00-04:00,3.2569580078125,3.2569580078125,3.242418016706194,3.2569580078125,612200,0.0,0.0
1994-08-08 00:00:00-04:00,3.25695756304959,3.25695756304959,3.242417573928833,3.242417573928833,451200,0.0,0.0
1994-08-09 00:00:00-04:00,3.2424202849962054,3.2424202849962054,3.1988002811621756,3.2133402824401855,1898600,0.0,0.0
1994-08-10 00:00:00-04:00,3.1987980433872765,3.2569580078125,3.1987980433872765,3.2569580078125,538600,0.0,0.0
1994-08-11 00:00:00-04:00,3.2278772007335315,3.256957175514915,3.184257238561457,3.1987972259521484,641800,0.0,0.0
1994-08-12 00:00:00-04:00,3.2133402384079255,3.242420240565463,3.198800237329156,3.2278802394866943,310000,0.0,0.0
1994-08-15 00:00:00-04:00,3.2278802394866943,3.242420240565463,3.198800237329156,3.2278802394866943,772200,0.0,0.0
1994-08-16 00:00:00-04:00,3.242418016706194,3.2860379900251115,3.2278780255998885,3.2569580078125,535800,0.0,0.0
1994-08-17 00:00:00-04:00,3.2714971629056064,3.2714971629056064,3.184257238561457,3.1987972259521484,846600,0.0,0.0
1994-08-18 00:00:00-04:00,3.169718061174665,3.184258052280971,3.111558096749442,3.1551780700683594,780200,0.0,0.0
1994-08-19 00:00:00-04:00,3.1697196546754878,3.1842596530914307,3.1551796562595453,3.1842596530914307,690600,0.0,0.0
1994-08-22 00:00:00-04:00,3.1697172511707654,3.2278772007335315,3.1697172511707654,3.1987972259521484,342800,0.0,0.0
1994-08-23 00:00:00-04:00,3.2133402384079255,3.256960241644232,3.2133402384079255,3.2278802394866943,354000,0.0,0.0
1994-08-24 00:00:00-04:00,3.242420240565463,3.256960241644232,3.2133402384079255,3.2278802394866943,347600,0.0,0.0
1994-08-25 00:00:00-04:00,3.2424202849962054,3.2424202849962054,3.1842602798841657,3.2133402824401855,335800,0.0,0.0
1994-08-26 00:00:00-04:00,3.2278802394866943,3.2860402438017697,3.2133402384079255,3.2278802394866943,441200,0.0,0.0
1994-08-29 00:00:00-04:00,3.242418016706194,3.2714979989188055,3.2278780255998885,3.2569580078125,284400,0.0,0.0
1994-08-30 00:00:00-04:00,3.2714970111846924,3.286036997901069,3.2424170377519395,3.2714970111846924,353600,0.0,0.0
1994-08-31 00:00:00-04:00,3.256960241644232,3.256960241644232,3.2133402384079255,3.2278802394866943,1202400,0.0,0.0
1994-09-01 00:00:00-04:00,3.2029671219159974,3.217795673406349,3.0991672614835344,3.14365291595459,1817800,0.27,0.0
1994-09-02 00:00:00-04:00,3.173308885838997,3.173308885838997,3.0695090624704315,3.09916615486145,806200,0.0,0.0
1994-09-06 00:00:00-04:00,3.099169250847637,3.099169250847637,3.0546835678211157,3.069512128829956,2342600,0.0,0.0
1994-09-07 00:00:00-04:00,3.0695111623624474,3.0843397187023625,3.0250254933427017,3.039854049682617,834000,0.0,0.0
1994-09-08 00:00:00-04:00,3.0398520067626356,3.0546805531370875,3.0101949140137316,3.0250234603881836,606200,0.0,0.0
1994-09-09 00:00:00-04:00,2.965710401535034,2.9953675055503846,2.950881849527359,2.965710401535034,1258000,0.0,0.0
1994-09-12 00:00:00-04:00,2.9657107319323543,3.069510607549987,2.9063965172937074,2.921225070953369,547600,0.0,0.0
1994-09-13 00:00:00-04:00,2.936053624613031,2.9657107319323543,2.9063965172937074,2.921225070953369,639200,0.0,0.0
1994-09-14 00:00:00-04:00,2.9212247023777085,2.936053254166428,2.89156759880027,2.9063961505889893,529400,0.0,0.0
1994-09-15 00:00:00-04:00,2.9063960877223987,2.995367396530227,2.9063960877223987,2.980538845062256,736600,0.0,0.0
1994-09-16 00:00:00-04:00,2.936053190658342,2.980538845062256,2.936053190658342,2.980538845062256,1503200,0.0,0.0
1994-09-19 00:00:00-04:00,2.965710270943953,2.995367373653393,2.9508817195892334,2.9508817195892334,493200,0.0,0.0
1994-09-20 00:00:00-04:00,2.921223848293989,2.936052395747258,2.891566753387451,2.891566753387451,716000,0.0,0.0
1994-09-21 00:00:00-04:00,2.89156759880027,2.9063961505889893,2.8322533916453927,2.9063961505889893,762000,0.0,0.0
1994-09-22 00:00:00-04:00,2.936052395747258,2.950880943200527,2.891566753387451,2.891566753387451,414200,0.0,0.0
1994-09-23 00:00:00-04:00,2.9063942841809207,2.9508799109796082,2.8915657419146914,2.936051368713379,406800,0.0,0.0
1994-09-26 00:00:00-04:00,2.921224616879794,2.980538822298673,2.921224616879794,2.9508817195892334,533400,0.0,0.0
1994-09-27 00:00:00-04:00,2.9657103157983036,3.0546816252722526,2.950881764219312,3.0101959705352783,1990400,0.0,0.0
1994-09-28 00:00:00-04:00,3.025023020586921,3.069508653242611,3.025023020586921,3.054680109024048,1031200,0.0,0.0
1994-09-29 00:00:00-04:00,3.054680516274922,3.09916615486145,3.054680516274922,3.09916615486145,1128000,0.0,0.0
1994-09-30 00:00:00-04:00,3.099169137364342,3.143654818761916,3.099169137364342,3.1139976978302,955200,0.0,0.0
1994-10-03 00:00:00-04:00,3.128823247252469,3.143651793447978,3.09916615486145,3.09916615486145,739600,0.0,0.0
1994-10-04 00:00:00-04:00,3.1139978118564775,3.128826372865318,3.0546835678211157,3.069512128829956,636400,0.0,0.0
1994-10-05 00:00:00-04:00,3.0546826060225323,3.0546826060225323,3.0101969370027866,3.039854049682617,586000,0.0,0.0
1994-10-06 00:00:00-04:00,3.039853073693261,3.039853073693261,2.995367418956287,3.0101959705352783,307600,0.0,0.0
1994-10-07 00:00:00-04:00,3.025023020586921,3.069508653242611,2.9953659321497943,3.054680109024048,283600,0.0,0.0
1994-10-10 00:00:00-04:00,3.069512128829956,3.099169250847637,3.0546835678211157,3.069512128829956,470200,0.0,0.0
1994-10-11 00:00:00-04:00,3.0843387099931827,3.158481467444942,3.0695101585028306,3.14365291595459,720000,0.0,0.0
1994-10-12 00:00:00-04:00,3.1288230419158936,3.158480132360594,3.099165951471193,3.1288230419158936,519600,0.0,0.0
1994-10-13 00:00:00-04:00,3.173308849334717,3.1881373953596452,3.1436517572848595,3.173308849334717,965400,0.0,0.0
1994-10-14 00:00:00-04:00,3.1733089523136337,3.1733089523136337,3.1288233127952183,3.158480405807495,337000,0.0,0.0
1994-10-17 00:00:00-04:00,3.158481467444942,3.1733100189352936,3.128824364464238,3.14365291595459,232600,0.0,0.0
1994-10-18 00:00:00-04:00,3.14365291595459,3.14365291595459,3.0991672614835344,3.14365291595459,361000,0.0,0.0
1994-10-19 00:00:00-04:00,3.1139976978302,3.1288262582960584,3.084340576898484,3.1139976978302,472200,0.0,0.0
1994-10-20 00:00:00-04:00,3.1139948047124424,3.1139948047124424,3.054680617956015,3.0843377113342285,401400,0.0,0.0
1994-10-21 00:00:00-04:00,3.0843406898387964,3.0843406898387964,3.0398550068122754,3.069512128829956,333800,0.0,0.0
1994-10-24 00:00:00-04:00,3.0546816252722526,3.0695101768512445,3.0101959705352783,3.0101959705352783,631600,0.0,0.0
1994-10-25 00:00:00-04:00,2.99536636763928,3.0546805531370875,2.99536636763928,3.0250234603881836,314800,0.0,0.0
1994-10-26 00:00:00-04:00,3.0250245221142698,3.039853073693261,3.0101959705352783,3.0101959705352783,464400,0.0,0.0
1994-10-27 00:00:00-04:00,3.0250254933427017,3.0546826060225323,3.0101969370027866,3.039854049682617,417000,0.0,0.0
1994-10-28 00:00:00-04:00,3.0250232253594422,3.1288230419158936,3.0250232253594422,3.1288230419158936,502000,0.0,0.0
1994-10-31 00:00:00-05:00,3.1288262582960584,3.143654818761916,3.1139976978302,3.1139976978302,476200,0.0,0.0
1994-11-01 00:00:00-05:00,3.0843406898387964,3.099169250847637,3.0546835678211157,3.069512128829956,438200,0.0,0.0
1994-11-02 00:00:00-05:00,3.0843406898387964,3.128826372865318,3.0546835678211157,3.069512128829956,338000,0.0,0.0
1994-11-03 00:00:00-05:00,3.069512016432626,3.143654818761916,3.069512016432626,3.1139976978302,257800,0.0,0.0
1994-11-04 00:00:00-05:00,3.1436513743354277,3.1436513743354277,3.054680109024048,3.054680109024048,554600,0.0,0.0
1994-11-07 00:00:00-05:00,3.0546835678211157,3.0843406898387964,3.0398550068122754,3.069512128829956,561400,0.0,0.0
1994-11-08 00:00:00-05:00,3.069512128829956,3.0843406898387964,3.0546835678211157,3.069512128829956,730600,0.0,0.0
1994-11-09 00:00:00-05:00,3.0991672800092274,3.0991672800092274,3.0101959705352783,3.0101959705352783,705200,0.0,0.0
1994-11-10 00:00:00-05:00,3.039853073693261,3.039853073693261,2.995367418956287,3.0101959705352783,553000,0.0,0.0
1994-11-11 00:00:00-05:00,2.995366096496582,3.0250231865609045,2.980537551464421,2.995366096496582,328000,0.0,0.0
1994-11-14 00:00:00-05:00,3.0250245221142698,3.039853073693261,3.0101959705352783,3.0101959705352783,230400,0.0,0.0
1994-11-15 00:00:00-05:00,3.010195947998199,3.0250244994661704,2.9657102935942845,2.980538845062256,439000,0.0,0.0
1994-11-16 00:00:00-05:00,2.980538867377295,3.0101959705352783,2.9657103157983036,3.0101959705352783,722000,0.0,0.0
1994-11-17 00:00:00-05:00,3.025023020586921,3.054680109024048,2.9953659321497943,3.054680109024048,822200,0.0,0.0
1994-11-18 00:00:00-05:00,3.0695101768512445,3.0695101768512445,3.0101959705352783,3.0101959705352783,924200,0.0,0.0
1994-11-21 00:00:00-05:00,3.0250245221142698,3.0546816252722526,3.0101959705352783,3.0101959705352783,403000,0.0,0.0
1994-11-22 00:00:00-05:00,3.0101949140137316,3.0546805531370875,3.0101949140137316,3.0250234603881836,725000,0.0,0.0
1994-11-23 00:00:00-05:00,3.010194877688394,3.1139947010569595,2.9805377852973756,3.09916615486145,1595200,0.0,0.0
1994-11-25 00:00:00-05:00,3.1139947662890797,3.1733089523136337,3.1139947662890797,3.158480405807495,305800,0.0,0.0
1994-11-28 00:00:00-05:00,3.1733100189352936,3.1733100189352936,3.128824364464238,3.14365291595459,1027400,0.0,0.0
1994-11-29 00:00:00-05:00,3.128823211259931,3.173308849334717,3.128823211259931,3.173308849334717,686800,0.0,0.0
1994-11-30 00:00:00-05:00,3.1733089523136337,3.1733089523136337,3.1288233127952183,3.158480405807495,1612400,0.0,0.0
1994-12-01 00:00:00-05:00,3.1179182506075094,3.1481893015842815,3.0573761486539652,3.0876471996307373,1212000,0.27,0.0
1994-12-02 00:00:00-05:00,3.087646965841645,3.117918014526367,3.0725114414992842,3.117918014526367,673400,0.0,0.0
1994-12-05 00:00:00-05:00,3.1179180191113396,3.1633245922051945,3.1027824947467217,3.148189067840576,550000,0.0,0.0
1994-12-06 00:00:00-05:00,3.1481902531215122,3.1784613132476807,3.1330547230584282,3.1784613132476807,400000,0.0,0.0
1994-12-07 00:00:00-05:00,3.1481883582886327,3.1633238792419434,3.1330528373353217,3.1633238792419434,4360600,0.0,0.0
1994-12-08 00:00:00-05:00,3.1481883582886327,3.178459400195254,3.1330528373353217,3.1633238792419434,408400,0.0,0.0
1994-12-09 00:00:00-05:00,3.1481902531215122,3.1935968433107647,3.1481902531215122,3.1784613132476807,465200,0.0,0.0
1994-12-12 00:00:00-05:00,3.1633267166479575,3.208733320236206,3.1633267166479575,3.208733320236206,430000,0.0,0.0
1994-12-13 00:00:00-05:00,3.19359778570679,3.239004389295038,3.19359778570679,3.208733320236206,607000,0.0,0.0
1994-12-14 00:00:00-05:00,3.2087328490487774,3.239003913662445,3.1935973167419434,3.1935973167419434,455200,0.0,0.0
1994-12-15 00:00:00-05:00,3.208730234163944,3.2541367940813584,3.1935947141914722,3.2390012741088867,2623200,0.0,0.0
1994-12-16 00:00:00-05:00,3.2692742325743223,3.284409761428833,3.2541387037198115,3.284409761428833,1570800,0.0,0.0
1994-12-19 00:00:00-05:00,3.2541367940813584,3.2692723140538296,3.223865754136415,3.2390012741088867,527800,0.0,0.0
1994-12-20 00:00:00-05:00,3.223865754136415,3.2390012741088867,3.208730234163944,3.2390012741088867,430000,0.0,0.0
1994-12-21 00:00:00-05:00,3.223865754136415,3.2541367940813584,3.223865754136415,3.2390012741088867,1033600,0.0,0.0
1994-12-22 00:00:00-05:00,3.2541367940813584,3.2692723140538296,3.208730234163944,3.2390012741088867,1672600,0.0,0.0
1994-12-23 00:00:00-05:00,3.239001523565363,3.284408086979831,3.223866002427207,3.269272565841675,413600,0.0,0.0
1994-12-27 00:00:00-05:00,3.284408086979831,3.284408086979831,3.269272565841675,3.269272565841675,406600,0.0,0.0
1994-12-28 00:00:00-05:00,3.2692723140538296,3.2692723140538296,3.223865754136415,3.2390012741088867,867200,0.0,0.0
1994-12-29 00:00:00-05:00,3.208733320236206,3.239004389295038,3.208733320236206,3.208733320236206,278200,0.0,0.0
1994-12-30 00:00:00-05:00,3.208733320236206,3.239004389295038,3.208733320236206,3.208733320236206,1027000,0.0,0.0
1995-01-03 00:00:00-05:00,3.1935958884691407,3.2238669395446777,3.1935958884691407,3.2238669395446777,416000,0.0,0.0
1995-01-04 00:00:00-05:00,3.2238669395446777,3.239002465082446,3.208731414006909,3.2238669395446777,352000,0.0,0.0
1995-01-05 00:00:00-05:00,3.2087328490487774,3.2087328490487774,3.1784617844351097,3.1935973167419434,425000,0.0,0.0
1995-01-06 00:00:00-05:00,3.2087304421018756,3.2238659630551862,3.1633238792419434,3.1633238792419434,597200,0.0,0.0
1995-01-09 00:00:00-05:00,3.1633257831845967,3.1935968433107647,3.1481902531215122,3.1784613132476807,276800,0.0,0.0
1995-01-10 00:00:00-05:00,3.19359778570679,3.223868854765622,3.1784622511773737,3.208733320236206,415400,0.0,0.0
1995-01-11 00:00:00-05:00,3.2087328490487774,3.223868381355611,3.1784617844351097,3.1935973167419434,263600,0.0,0.0
1995-01-12 00:00:00-05:00,3.1784622511773737,3.208733320236206,3.1481911821185418,3.208733320236206,328200,0.0,0.0
1995-01-13 00:00:00-05:00,3.2390012741088867,3.2390012741088867,3.208730234163944,3.2390012741088867,322600,0.0,0.0
1995-01-16 00:00:00-05:00,3.2390031748653008,3.3146808191378545,3.2390031748653008,3.284409761428833,914200,0.0,0.0
1995-01-17 00:00:00-05:00,3.2844085758679533,3.3146796226501465,3.2844085758679533,3.3146796226501465,615000,0.0,0.0
1995-01-18 00:00:00-05:00,3.2995448112487793,3.314680337905884,3.284409284591675,3.2995448112487793,568600,0.0,0.0
1995-01-19 00:00:00-05:00,3.269272565841675,3.284408086979831,3.239001523565363,3.269272565841675,576800,0.0,0.0
1995-01-20 00:00:00-05:00,3.269272565841675,3.269272565841675,3.239001523565363,3.269272565841675,461800,0.0,0.0
1995-01-23 00:00:00-05:00,3.254138231277466,3.2995448112487793,3.254138231277466,3.2995448112487793,840200,0.0,0.0
1995-01-24 00:00:00-05:00,3.2692730524768567,3.329815146041243,3.2692730524768567,3.3146796226501465,774800,0.0,0.0
1995-01-25 00:00:00-05:00,3.329816576582274,3.3752231662629417,3.299545516795163,3.34495210647583,356400,0.0,0.0
1995-01-26 00:00:00-05:00,3.3752217324716702,3.390357255935669,3.360086209007672,3.390357255935669,1221600,0.0,0.0
1995-01-27 00:00:00-05:00,3.3903577359237334,3.4660353639577455,3.3903577359237334,3.4357643127441406,1097800,0.0,0.0
1995-01-30 00:00:00-05:00,3.4357652570890345,3.4811718463897705,3.4357652570890345,3.4811718463897705,849800,0.0,0.0
1995-01-31 00:00:00-05:00,3.4660363166228585,3.5114429059235945,3.4660363166228585,3.4811718463897705,1915600,0.0,0.0
1995-02-01 00:00:00-05:00,3.4963073761566825,3.5114429059235945,3.4811718463897705,3.4811718463897705,985200,0.0,0.0
1995-02-02 00:00:00-05:00,3.481170891674325,3.481170891674325,3.435764314826399,3.4660353660583496,596600,0.0,0.0
1995-02-03 00:00:00-05:00,3.4963059486749346,3.5265769958496094,3.4963059486749346,3.5265769958496094,1237600,0.0,0.0
1995-02-06 00:00:00-05:00,3.5265762744278746,3.541711794918981,3.496305233445661,3.5114407539367676,442600,0.0,0.0
1995-02-07 00:00:00-05:00,3.5114407539367676,3.5114407539367676,3.481169712954554,3.5114407539367676,309400,0.0,0.0
1995-02-08 00:00:00-05:00,3.5114407539367676,3.556847315410088,3.496305233445661,3.5114407539367676,1671800,0.0,0.0
1995-02-09 00:00:00-05:00,3.496305691568475,3.5114412140427973,3.4357636016711854,3.450899124145508,426800,0.0,0.0
1995-02-10 00:00:00-05:00,3.4660353660583496,3.4963064172903007,3.435764314826399,3.4660353660583496,478400,0.0,0.0
1995-02-13 00:00:00-05:00,3.46603464661983,3.4811701690941526,3.4357636016711854,3.450899124145508,235000,0.0,0.0
1995-02-14 00:00:00-05:00,3.481169712954554,3.5114407539367676,3.4660341924634475,3.5114407539367676,656400,0.0,0.0
1995-02-15 00:00:00-05:00,3.511443125947993,3.556849718093872,3.511443125947993,3.556849718093872,494000,0.0,0.0
1995-02-16 00:00:00-05:00,3.556847315410088,3.556847315410088,3.5114407539367676,3.5114407539367676,737400,0.0,0.0
1995-02-17 00:00:00-05:00,3.511441472262272,3.5265769958496094,3.4963059486749346,3.5265769958496094,525800,0.0,0.0
1995-02-21 00:00:00-05:00,3.5265769958496094,3.5265769958496094,3.4963059486749346,3.5265769958496094,713400,0.0,0.0
1995-02-22 00:00:00-05:00,3.511439617173078,3.5871171951293945,3.511439617173078,3.5871171951293945,472400,0.0,0.0
1995-02-23 00:00:00-05:00,3.6022531804391895,3.61738869800406,3.5719821453094482,3.5719821453094482,338200,0.0,0.0
1995-02-24 00:00:00-05:00,3.5719821453094482,3.587117662874319,3.5417111101797074,3.5719821453094482,246000,0.0,0.0
1995-02-27 00:00:00-05:00,3.5568490038570175,3.5719845315330048,3.5114424208290558,3.5417134761810303,395000,0.0,0.0
1995-02-28 00:00:00-05:00,3.5265769958496094,3.5265769958496094,3.4963059486749346,3.5265769958496094,2371000,0.0,0.0
1995-03-01 00:00:00-05:00,3.5160900878906247,3.531511535644531,3.454404296875,3.4698257446289062,2660600,0.27,0.0
1995-03-02 00:00:00-05:00,3.4544053796219503,3.4698268322095482,3.37729811668396,3.37729811668396,2679600,0.0,0.0
1995-03-03 00:00:00-05:00,3.3772976978405103,3.4235620498657227,3.346454796490369,3.4235620498657227,704800,0.0,0.0
1995-03-06 00:00:00-05:00,3.4081408977508545,3.4235623497768763,3.377297993698811,3.4081408977508545,315000,0.0,0.0
1995-03-07 00:00:00-05:00,3.377296262924824,3.408139151170713,3.331031930555991,3.36187481880188,457000,0.0,0.0
1995-03-08 00:00:00-05:00,3.39271879196167,3.39271879196167,3.361875893852927,3.39271879196167,892200,0.0,0.0
1995-03-09 00:00:00-05:00,3.377296262924824,3.3927177070477685,3.331031930555991,3.36187481880188,1187600,0.0,0.0
1995-03-10 00:00:00-05:00,3.37729811668396,3.408141021859156,3.346455211508764,3.37729811668396,435800,0.0,0.0
1995-03-13 00:00:00-05:00,3.392719569271558,3.408141021859156,3.361876664096362,3.37729811668396,274000,0.0,0.0
1995-03-14 00:00:00-05:00,3.3927186187607288,3.4544044118291057,3.3772971704936348,3.4389829635620117,696800,0.0,0.0
1995-03-15 00:00:00-05:00,3.4235623497768763,3.4389838018028986,3.377297993698811,3.4081408977508545,353800,0.0,0.0
1995-03-16 00:00:00-05:00,3.392719569271558,3.4235624744467543,3.37729811668396,3.37729811668396,547200,0.0,0.0
1995-03-17 00:00:00-05:00,3.392719569271558,3.408141021859156,3.361876664096362,3.37729811668396,907800,0.0,0.0
1995-03-20 00:00:00-05:00,3.3618779863630026,3.377299445016044,3.3310350690569197,3.346456527709961,326600,0.0,0.0
1995-03-21 00:00:00-05:00,3.3156104864330467,3.36187481880188,3.2847675981871576,3.36187481880188,1462600,0.0,0.0
1995-03-22 00:00:00-05:00,3.346455211508764,3.408141021859156,3.331033758921166,3.37729811668396,1036600,0.0,0.0
1995-03-23 00:00:00-05:00,3.377296262924824,3.377296262924824,3.331031930555991,3.36187481880188,446400,0.0,0.0
1995-03-24 00:00:00-05:00,3.37729811668396,3.408141021859156,3.361876664096362,3.37729811668396,400800,0.0,0.0
1995-03-27 00:00:00-05:00,3.4081400670278232,3.4389829635620117,3.3927186187607288,3.4389829635620117,464600,0.0,0.0
1995-03-28 00:00:00-05:00,3.4235620498657227,3.4389835005407936,3.408140599190652,3.4235620498657227,595800,0.0,0.0
1995-03-29 00:00:00-05:00,3.4081408977508545,3.4235623497768763,3.3927194457248326,3.4081408977508545,1221800,0.0,0.0
1995-03-30 00:00:00-05:00,3.4235620498657227,3.4389835005407936,3.408140599190652,3.4235620498657227,732200,0.0,0.0
1995-03-31 00:00:00-05:00,3.4235624744467543,3.4235624744467543,3.361876664096362,3.37729811668396,1034600,0.0,0.0
1995-04-03 00:00:00-04:00,3.3927177070477685,3.3927177070477685,3.36187481880188,3.36187481880188,345400,0.0,0.0
1995-04-04 00:00:00-04:00,3.3772971704936348,3.4544044118291057,3.3772971704936348,3.4389829635620117,678000,0.0,0.0
1995-04-05 00:00:00-04:00,3.43898326316766,3.5006690616101293,3.43898326316766,3.4852476119995117,402400,0.0,0.0
1995-04-06 00:00:00-04:00,3.4852471923828126,3.500668640136719,3.4698257446289062,3.4698257446289062,422400,0.0,0.0
1995-04-07 00:00:00-04:00,3.454404296875,3.4698257446289062,3.4235614013671873,3.4698257446289062,686600,0.0,0.0
1995-04-10 00:00:00-04:00,3.45440411567688,3.4698255626218657,3.423561221786908,3.45440411567688,278800,0.0,0.0
1995-04-11 00:00:00-04:00,3.4544049512158645,3.4698264018909355,3.408140599190652,3.4235620498657227,545800,0.0,0.0
1995-04-12 00:00:00-04:00,3.4235623497768763,3.4389838018028986,3.3927194457248326,3.4081408977508545,170200,0.0,0.0
1995-04-13 00:00:00-04:00,3.4389835005407936,3.4698264018909355,3.408140599190652,3.4235620498657227,599000,0.0,0.0
1995-04-17 00:00:00-04:00,3.4235612536585607,3.4389827007471125,3.3156111240386963,3.3156111240386963,940400,0.0,0.0
1995-04-18 00:00:00-04:00,3.331033945083618,3.3618768519825406,3.315612491634157,3.331033945083618,388400,0.0,0.0
1995-04-19 00:00:00-04:00,3.3156111240386963,3.3927183594814565,3.300189676950144,3.3156111240386963,434800,0.0,0.0
1995-04-20 00:00:00-04:00,3.37729811668396,3.392719569271558,3.346455211508764,3.37729811668396,256000,0.0,0.0
1995-04-21 00:00:00-04:00,3.392719569271558,3.392719569271558,3.331033758921166,3.37729811668396,1089800,0.0,0.0
1995-04-24 00:00:00-04:00,3.3772973429072985,3.408140241016041,3.3464544447985562,3.39271879196167,453600,0.0,0.0
1995-04-25 00:00:00-04:00,3.39271879196167,3.39271879196167,3.361875893852927,3.39271879196167,684600,0.0,0.0
1995-04-26 00:00:00-04:00,3.3927194457248326,3.4235623497768763,3.377297993698811,3.4081408977508545,373000,0.0,0.0
1995-04-27 00:00:00-04:00,3.3927194457248326,3.4081408977508545,3.377297993698811,3.4081408977508545,798600,0.0,0.0
1995-04-28 00:00:00-04:00,3.408140241016041,3.4235616900704122,3.39271879196167,3.39271879196167,692400,0.0,0.0
1995-05-01 00:00:00-04:00,3.392719569271558,3.392719569271558,3.346455211508764,3.37729811668396,557200,0.0,0.0
1995-05-02 00:00:00-04:00,3.3618779863630026,3.377299445016044,3.3310350690569197,3.346456527709961,974600,0.0,0.0
1995-05-03 00:00:00-04:00,3.361875893852927,3.39271879196167,3.331032995744185,3.39271879196167,443200,0.0,0.0
1995-05-04 00:00:00-04:00,3.408141021859156,3.4235624744467543,3.37729811668396,3.37729811668396,786400,0.0,0.0
1995-05-05 00:00:00-04:00,3.4081397748419215,3.45440411567688,3.3927183278969353,3.45440411567688,1033600,0.0,0.0
1995-05-08 00:00:00-04:00,3.4389829635620117,3.4698258600962,3.4081400670278232,3.4389829635620117,600800,0.0,0.0
1995-05-09 00:00:00-04:00,3.45440411567688,3.4698255626218657,3.423561221786908,3.45440411567688,604200,0.0,0.0
1995-05-10 00:00:00-04:00,3.4698255626218657,3.4698255626218657,3.4389826687318936,3.45440411567688,652800,0.0,0.0
1995-05-11 00:00:00-04:00,3.4544049512158645,3.4698264018909355,3.4235620498657227,3.4235620498657227,377600,0.0,0.0
1995-05-12 00:00:00-04:00,3.4235614013671873,3.4698257446289062,3.408139953613281,3.4698257446289062,438600,0.0,0.0
1995-05-15 00:00:00-04:00,3.4698289396479267,3.500671863555908,3.4544074776939357,3.500671863555908,302800,0.0,0.0
1995-05-16 00:00:00-04:00,3.5006689439740097,3.5160903930664062,3.5006689439740097,3.5160903930664062,267200,0.0,0.0
1995-05-17 00:00:00-04:00,3.500671863555908,3.5315147874638897,3.4852504016019172,3.500671863555908,1352600,0.0,0.0
1995-05-18 00:00:00-04:00,3.500668456511838,3.500668456511838,3.45440411567688,3.45440411567688,541000,0.0,0.0
1995-05-19 00:00:00-04:00,3.4235615152949173,3.4544044118291057,3.4235615152949173,3.4389829635620117,525400,0.0,0.0
1995-05-22 00:00:00-04:00,3.454404712778277,3.4852476119995117,3.43898326316766,3.4852476119995117,293000,0.0,0.0
1995-05-23 00:00:00-04:00,3.4698289396479267,3.500671863555908,3.4544074776939357,3.500671863555908,485200,0.0,0.0
1995-05-24 00:00:00-04:00,3.5160903930664062,3.5315118421588028,3.5006689439740097,3.5160903930664062,355800,0.0,0.0
1995-05-25 00:00:00-04:00,3.5469330590346764,3.593197403282955,3.531511610951917,3.5777759552001953,872000,0.0,0.0
1995-05-26 00:00:00-04:00,3.593197403282955,3.624040299448474,3.562354507117436,3.5777759552001953,570400,0.0,0.0
1995-05-30 00:00:00-04:00,3.5777764908810883,3.6394622924480036,3.5777764908810883,3.6240408420562744,736200,0.0,0.0
1995-05-31 00:00:00-04:00,3.6240416063981895,3.6703059673309326,3.5931986991096942,3.6703059673309326,1337400,0.0,0.0
1995-06-01 00:00:00-04:00,3.6596250412311964,3.6910381317138676,3.628211950748525,3.691038131713867,1343600,0.27,0.0
1995-06-02 00:00:00-04:00,3.7067448952618762,3.753864533760968,3.6910383490955123,3.7381579875946045,1353600,0.0,0.0
1995-06-05 00:00:00-04:00,3.753862620393435,3.8009822348753612,3.753862620393435,3.769569158554077,708400,0.0,0.0
1995-06-06 00:00:00-04:00,3.753862620393435,3.769569158554077,3.738156082232793,3.769569158554077,425800,0.0,0.0
1995-06-07 00:00:00-04:00,3.7538640599713546,3.769570604155335,3.6910378832354325,3.7224509716033936,577200,0.0,0.0
1995-06-08 00:00:00-04:00,3.6910386332150167,3.7067451805903997,3.628212443713484,3.643918991088867,329400,0.0,0.0
1995-06-09 00:00:00-04:00,3.6282103019663943,3.643916840070145,3.5496776114476414,3.5653841495513916,548600,0.0,0.0
1995-06-12 00:00:00-04:00,3.5967986583709717,3.643918291450067,3.581092114011273,3.5967986583709717,660800,0.0,0.0
1995-06-13 00:00:00-04:00,3.6282129391379976,3.6282129391379976,3.596799840097842,3.61250638961792,874400,0.0,0.0
1995-06-14 00:00:00-04:00,3.5182667393838205,3.5182667393838205,3.392614355834398,3.408320903778076,2643800,0.0,0.0
1995-06-15 00:00:00-04:00,3.4083209037780757,3.4240274517217535,3.392614355834398,3.408320903778076,1961400,0.0,0.0
1995-06-16 00:00:00-04:00,3.4240264892578125,3.439733032786518,3.408319945729107,3.4240264892578125,1309800,0.0,0.0
1995-06-19 00:00:00-04:00,3.4397325494072657,3.4711456320502543,3.424026008085771,3.4554390907287598,768000,0.0,0.0
1995-06-20 00:00:00-04:00,3.4554402904423402,3.4711468372170784,3.4397337436676025,3.4397337436676025,452600,0.0,0.0
1995-06-21 00:00:00-04:00,3.4397337436676025,3.4554402904423402,3.4397337436676025,3.4397337436676025,461800,0.0,0.0
1995-06-22 00:00:00-04:00,3.471146334447134,3.5182659679464163,3.471146334447134,3.5025594234466553,1028800,0.0,0.0
1995-06-23 00:00:00-04:00,3.4868528789468947,3.5025594234466557,3.4868528789468947,3.5025594234466553,559400,0.0,0.0
1995-06-26 00:00:00-04:00,3.5025594234466557,3.5025594234466557,3.471146334447134,3.5025594234466553,754200,0.0,0.0
1995-06-27 00:00:00-04:00,3.4868528789468947,3.5182659679464163,3.4868528789468947,3.5025594234466553,678200,0.0,0.0
1995-06-28 00:00:00-04:00,3.502559649149577,3.5496792856852215,3.502559649149577,3.53397274017334,1271800,0.0,0.0
1995-06-29 00:00:00-04:00,3.5339725124461774,3.5339725124461774,3.5025594234466557,3.5025594234466553,1298400,0.0,0.0
1995-06-30 00:00:00-04:00,3.5182657327737896,3.5182657327737896,3.4711461024241403,3.4868526458740234,1158800,0.0,0.0
1995-07-03 00:00:00-04:00,3.4868526458740234,3.4868526458740234,3.4711461024241403,3.4868526458740234,353000,0.0,0.0
1995-07-05 00:00:00-04:00,3.4868528789468947,3.5025594234466557,3.4868528789468947,3.5025594234466553,736800,0.0,0.0
1995-07-06 00:00:00-04:00,3.502559892833233,3.518266439437866,3.4868533462285995,3.518266439437866,2555400,0.0,0.0
1995-07-07 00:00:00-04:00,3.518266439437866,3.5339729860424995,3.502559892833233,3.518266439437866,1680000,0.0,0.0
1995-07-10 00:00:00-04:00,3.518266439437866,3.518266439437866,3.502559892833233,3.518266439437866,626400,0.0,0.0
1995-07-11 00:00:00-04:00,3.5025591893239065,3.5025591893239065,3.4868526458740234,3.4868526458740234,904200,0.0,0.0
1995-07-12 00:00:00-04:00,3.4868531036376957,3.5339727401733403,3.4868531036376957,3.53397274017334,1044600,0.0,0.0
1995-07-13 00:00:00-04:00,3.518266439437866,3.5339729860424995,3.502559892833233,3.518266439437866,394400,0.0,0.0
1995-07-14 00:00:00-04:00,3.502559892833233,3.5339729860424995,3.502559892833233,3.518266439437866,456600,0.0,0.0
1995-07-17 00:00:00-04:00,3.5182661946614586,3.5339727401733403,3.502559649149577,3.53397274017334,618000,0.0,0.0
1995-07-18 00:00:00-04:00,3.5182659679464163,3.5182659679464163,3.4868528789468947,3.5025594234466553,771800,0.0,0.0
1995-07-19 00:00:00-04:00,3.4868533686814804,3.5810926489161155,3.439733728564163,3.471146821975708,1377400,0.0,0.0
1995-07-20 00:00:00-04:00,3.4554390907287598,3.4711456320502543,3.4397325494072657,3.4554390907287598,1125400,0.0,0.0
1995-07-21 00:00:00-04:00,3.4554402904423402,3.4711468372170784,3.4240271968928644,3.4397337436676025,1612200,0.0,0.0
1995-07-24 00:00:00-04:00,3.4554402904423402,3.4711468372170784,3.4240271968928644,3.4397337436676025,688200,0.0,0.0
1995-07-25 00:00:00-04:00,3.4554402752699356,3.4868533686814804,3.4240271818583907,3.471146821975708,488800,0.0,0.0
1995-07-26 00:00:00-04:00,3.4554390907287598,3.4711456320502543,3.4554390907287598,3.4554390907287598,834800,0.0,0.0
1995-07-27 00:00:00-04:00,3.4554402752699356,3.471146821975708,3.439733728564163,3.471146821975708,981200,0.0,0.0
1995-07-28 00:00:00-04:00,3.4554390907287598,3.4711456320502543,3.4397325494072657,3.4554390907287598,667200,0.0,0.0
1995-07-31 00:00:00-04:00,3.4711461024241403,3.5025591893239065,3.4554395589742573,3.4868526458740234,927800,0.0,0.0
1995-08-01 00:00:00-04:00,3.4868528789468947,3.5025594234466557,3.471146334447134,3.5025594234466553,1274000,0.0,0.0
1995-08-02 00:00:00-04:00,3.518266439437866,3.518266439437866,3.502559892833233,3.518266439437866,1113400,0.0,0.0
1995-08-03 00:00:00-04:00,3.502559892833233,3.518266439437866,3.4868533462285995,3.518266439437866,894000,0.0,0.0
1995-08-04 00:00:00-04:00,3.5339725124461774,3.5339725124461774,3.5025594234466557,3.5025594234466553,259400,0.0,0.0
1995-08-07 00:00:00-04:00,3.5025594234466557,3.5182659679464163,3.5025594234466557,3.5025594234466553,559200,0.0,0.0
1995-08-08 00:00:00-04:00,3.518266439437866,3.518266439437866,3.502559892833233,3.518266439437866,630000,0.0,0.0
1995-08-09 00:00:00-04:00,3.5025591893239065,3.5182657327737896,3.4868526458740234,3.4868526458740234,384000,0.0,0.0
1995-08-10 00:00:00-04:00,3.5025594234466557,3.5025594234466557,3.4868528789468947,3.5025594234466553,684400,0.0,0.0
1995-08-11 00:00:00-04:00,3.502558714693243,3.5182652560147374,3.4397325494072657,3.4554390907287598,898400,0.0,0.0
1995-08-14 00:00:00-04:00,3.4554402752699356,3.471146821975708,3.439733728564163,3.471146821975708,287400,0.0,0.0
1995-08-15 00:00:00-04:00,3.4554390907287598,3.4711456320502543,3.424026008085771,3.4554390907287598,514400,0.0,0.0
1995-08-16 00:00:00-04:00,3.4554395589742573,3.4868526458740234,3.4397330155243746,3.4868526458740234,451800,0.0,0.0
1995-08-17 00:00:00-04:00,3.4868533462285995,3.518266439437866,3.471146799623966,3.518266439437866,293600,0.0,0.0
1995-08-18 00:00:00-04:00,3.5182659679464163,3.5182659679464163,3.4868528789468947,3.5025594234466553,534400,0.0,0.0
1995-08-21 00:00:00-04:00,3.5025594234466557,3.5182659679464163,3.4868528789468947,3.5025594234466553,271000,0.0,0.0
1995-08-22 00:00:00-04:00,3.5025591893239065,3.5025591893239065,3.4868526458740234,3.4868526458740234,254800,0.0,0.0
1995-08-23 00:00:00-04:00,3.4868533686814804,3.502559915387253,3.4554402752699356,3.471146821975708,258800,0.0,0.0
1995-08-24 00:00:00-04:00,3.4397325494072657,3.4711456320502543,3.4397325494072657,3.4554390907287598,1849400,0.0,0.0
1995-08-25 00:00:00-04:00,3.471146334447134,3.5182659679464163,3.471146334447134,3.5025594234466553,1355400,0.0,0.0
1995-08-28 00:00:00-04:00,3.5182657327737896,3.5182657327737896,3.4711461024241403,3.4868526458740234,605600,0.0,0.0
1995-08-29 00:00:00-04:00,3.486852173371749,3.486852173371749,3.4554390907287598,3.4554390907287598,366800,0.0,0.0
1995-08-30 00:00:00-04:00,3.4711456320502543,3.4711456320502543,3.4397325494072657,3.4554390907287598,284400,0.0,0.0
1995-08-31 00:00:00-04:00,3.4554390907287598,3.4711456320502543,3.4397325494072657,3.4554390907287598,738600,0.0,0.0
1995-09-01 00:00:00-04:00,3.4554395589742573,3.4868526458740234,3.4397330155243746,3.4868526458740234,550400,0.0,0.0
1995-09-05 00:00:00-04:00,3.4868528789468947,3.5025594234466557,3.471146334447134,3.5025594234466553,1850800,0.0,0.0
1995-09-06 00:00:00-04:00,3.4916680602140207,3.507684886178305,3.443617582321167,3.443617582321167,1768200,0.27,0.0
1995-09-07 00:00:00-04:00,3.459635972976685,3.47565280618491,3.4436191397684595,3.4596359729766846,1300200,0.0,0.0
1995-09-08 00:00:00-04:00,3.475651234249736,3.475651234249736,3.443617582321167,3.443617582321167,713800,0.0,0.0
1995-09-11 00:00:00-04:00,3.4596344082854515,3.4596344082854515,3.4276007563568824,3.443617582321167,379000,0.0,0.0
1995-09-12 00:00:00-04:00,3.4436191397684595,3.459635972976685,3.427602306560234,3.4596359729766846,758600,0.0,0.0
1995-09-13 00:00:00-04:00,3.459633310264516,3.459633310264516,3.4275996685028076,3.4275996685028076,1118000,0.0,0.0
1995-09-14 00:00:00-04:00,3.4276007563568824,3.475651234249736,3.4276007563568824,3.443617582321167,1542400,0.0,0.0
1995-09-15 00:00:00-04:00,3.4596344082854515,3.4596344082854515,3.443617582321167,3.443617582321167,1122400,0.0,0.0
1995-09-18 00:00:00-04:00,3.4436191397684595,3.459635972976685,3.4436191397684595,3.4596359729766846,338600,0.0,0.0
1995-09-19 00:00:00-04:00,3.4596340984379474,3.491667747497558,3.4436172739081425,3.4916677474975586,1392600,0.0,0.0
1995-09-20 00:00:00-04:00,3.4916683839996474,3.539718866348266,3.459634729100568,3.5397188663482666,2073000,0.0,0.0
1995-09-21 00:00:00-04:00,3.523701429367066,3.539718254046007,3.491667780009183,3.5237014293670654,795600,0.0,0.0
1995-09-22 00:00:00-04:00,3.5237020388987266,3.5717525212473458,3.507685211449187,3.5397188663482666,437400,0.0,0.0
1995-09-25 00:00:00-04:00,3.5557352459484153,3.5717520713806152,3.5397184205162153,3.5717520713806152,336000,0.0,0.0
1995-09-26 00:00:00-04:00,3.5717507269939137,3.667851643415275,3.507683449379673,3.6358180046081543,2477000,0.0,0.0
1995-09-27 00:00:00-04:00,3.6198034742604133,3.683870792388916,3.6198034742604133,3.683870792388916,836000,0.0,0.0
1995-09-28 00:00:00-04:00,3.6838710914223878,3.779972076416015,3.6838710914223878,3.7799720764160156,1191000,0.0,0.0
1995-09-29 00:00:00-04:00,3.76395408846751,3.812004566192627,3.76395408846751,3.812004566192627,1955800,0.0,0.0
1995-10-02 00:00:00-04:00,3.812005174708666,3.828022003173828,3.812005174708666,3.828022003173828,641800,0.0,0.0
1995-10-03 00:00:00-04:00,3.812004566192627,3.8280213921009993,3.7959877402842546,3.812004566192627,898000,0.0,0.0
1995-10-04 00:00:00-04:00,3.8120041919659964,3.828021016301988,3.779970543294013,3.795987367630005,640600,0.0,0.0
1995-10-05 00:00:00-04:00,3.7799709888214763,3.795987815045296,3.7479373363738366,3.7639541625976562,1636600,0.0,0.0
1995-10-06 00:00:00-04:00,3.7479373363738366,3.7799709888214763,3.715903683926197,3.7639541625976562,1201400,0.0,0.0
1995-10-09 00:00:00-04:00,3.7639537189580214,3.7959873676300044,3.74793689462203,3.795987367630005,415000,0.0,0.0
1995-10-10 00:00:00-04:00,3.779970543294013,3.828021016301988,3.779970543294013,3.795987367630005,997000,0.0,0.0
1995-10-11 00:00:00-04:00,3.812005174708666,3.828022003173828,3.812005174708666,3.828022003173828,742600,0.0,0.0
1995-10-12 00:00:00-04:00,3.8280213921009993,3.8360298050551855,3.812004566192627,3.812004566192627,454400,0.0,0.0
1995-10-13 00:00:00-04:00,3.8280223047631416,3.8280223047631416,3.7479381561279292,3.7479381561279297,615400,0.0,0.0
1995-10-16 00:00:00-04:00,3.747938264593034,3.747938264593034,3.715904604211897,3.731921434402466,372800,0.0,0.0
1995-10-17 00:00:00-04:00,3.7319214127280493,3.7479382428255947,3.699887752532959,3.699887752532959,406400,0.0,0.0
1995-10-18 00:00:00-04:00,3.715904604211897,3.7799719249741712,3.715904604211897,3.731921434402466,497200,0.0,0.0
1995-10-19 00:00:00-04:00,3.731920436650765,3.812004566192627,3.7159036107423926,3.812004566192627,431800,0.0,0.0
1995-10-20 00:00:00-04:00,3.812005174708666,3.844038831638991,3.795988346243503,3.828022003173828,778200,0.0,0.0
1995-10-23 00:00:00-04:00,3.812005174708666,3.828022003173828,3.779971517778341,3.828022003173828,889400,0.0,0.0
1995-10-24 00:00:00-04:00,3.812004566192627,3.8280213921009993,3.7959877402842546,3.812004566192627,734000,0.0,0.0
1995-10-25 00:00:00-04:00,3.7959873676300044,3.8120041919659964,3.74793689462203,3.795987367630005,729800,0.0,0.0
1995-10-26 00:00:00-04:00,3.779970543294013,3.7959873676300044,3.7639537189580214,3.795987367630005,501000,0.0,0.0
1995-10-27 00:00:00-04:00,3.7799719249741712,3.7959887551647395,3.715904604211897,3.731921434402466,1272000,0.0,0.0
1995-10-30 00:00:00-05:00,3.731921326400887,3.779971815582014,3.731921326400887,3.7479381561279297,470200,0.0,0.0
1995-10-31 00:00:00-05:00,3.7639541625976562,3.795987815045296,3.7639541625976562,3.7639541625976562,494400,0.0,0.0
1995-11-01 00:00:00-05:00,3.763954985854972,3.779971815582014,3.731921326400887,3.7479381561279297,669800,0.0,0.0
1995-11-02 00:00:00-05:00,3.7639550947836025,3.7959887551647395,3.731921434402466,3.731921434402466,676000,0.0,0.0
1995-11-03 00:00:00-05:00,3.7319220222275833,3.7479388549410064,3.699888356800737,3.71590518951416,847400,0.0,0.0
1995-11-06 00:00:00-05:00,3.731921434402466,3.747938264593034,3.715904604211897,3.731921434402466,1893200,0.0,0.0
1995-11-07 00:00:00-05:00,3.747938264593034,3.747938264593034,3.715904604211897,3.731921434402466,323400,0.0,0.0
1995-11-08 00:00:00-05:00,3.731921326400887,3.7479381561279292,3.731921326400887,3.7479381561279297,409200,0.0,0.0
1995-11-09 00:00:00-05:00,3.7479381561279292,3.779971815582014,3.731921326400887,3.7479381561279297,1127400,0.0,0.0
1995-11-10 00:00:00-05:00,3.7479381561279292,3.779971815582014,3.7159044966738444,3.7479381561279297,499400,0.0,0.0
1995-11-13 00:00:00-05:00,3.7479382428255947,3.7479382428255947,3.6838709224354136,3.699887752532959,967000,0.0,0.0
1995-11-14 00:00:00-05:00,3.6998876219210417,3.7159044514531674,3.683870792388916,3.683870792388916,509400,0.0,0.0
1995-11-15 00:00:00-05:00,3.683871524087314,3.71590518951416,3.683871524087314,3.71590518951416,357000,0.0,0.0
1995-11-16 00:00:00-05:00,3.731920510150017,3.7799709888214763,3.715903683926197,3.7639541625976562,665600,0.0,0.0
1995-11-17 00:00:00-05:00,3.763955245583744,3.779972076416015,3.7479384147514727,3.7799720764160156,892000,0.0,0.0
1995-11-20 00:00:00-05:00,3.779972076416015,3.779972076416015,3.763955245583744,3.7799720764160156,510200,0.0,0.0
1995-11-21 00:00:00-05:00,3.763955245583744,3.7959889072482866,3.763955245583744,3.7799720764160156,399600,0.0,0.0
1995-11-22 00:00:00-05:00,3.7959887551647395,3.7959887551647395,3.715904604211897,3.731921434402466,1537400,0.0,0.0
1995-11-24 00:00:00-05:00,3.7479373363738366,3.7639541625976562,3.731920510150017,3.7639541625976562,158400,0.0,0.0
1995-11-27 00:00:00-05:00,3.7479384147514727,3.7959889072482866,3.7479384147514727,3.7799720764160156,1539800,0.0,0.0
1995-11-28 00:00:00-05:00,3.779970543294013,3.7959873676300044,3.7639537189580214,3.795987367630005,1219000,0.0,0.0
1995-11-29 00:00:00-05:00,3.779970543294013,3.7959873676300044,3.7639537189580214,3.795987367630005,1094600,0.0,0.0
1995-11-30 00:00:00-05:00,3.8120041919659964,3.828021016301988,3.7959873676300044,3.795987367630005,635600,0.0,0.0
1995-12-01 00:00:00-05:00,3.8120041919659964,3.8120041919659964,3.779970543294013,3.795987367630005,317600,0.0,0.0
1995-12-04 00:00:00-05:00,3.795988346243503,3.828022003173828,3.779971517778341,3.828022003173828,2373600,0.0,0.0
1995-12-05 00:00:00-05:00,3.816931009292603,3.849554351252369,3.80061933831272,3.8169310092926025,2601000,0.27,0.0
1995-12-06 00:00:00-05:00,3.8332404295603433,3.980045382181803,3.8332404295603433,3.9147987365722656,2364000,0.0,0.0
1995-12-07 00:00:00-05:00,3.898488283157349,3.898488283157349,3.8821766167006238,3.8984882831573486,1224400,0.0,0.0
1995-12-08 00:00:00-05:00,3.898488283157349,3.898488283157349,3.8821766167006238,3.8984882831573486,432200,0.0,0.0
1995-12-11 00:00:00-05:00,3.882176920519037,3.882176920519037,3.8332419173192167,3.8495535850524902,1058800,0.0,0.0
1995-12-12 00:00:00-05:00,3.849554351252369,3.849554351252369,3.80061933831272,3.8169310092926025,365200,0.0,0.0
1995-12-13 00:00:00-05:00,3.816931009292603,3.8413985157624273,3.784307667332837,3.8169310092926025,971000,0.0,0.0
1995-12-14 00:00:00-05:00,3.8169302495859436,3.8658652527857633,3.8169302495859436,3.8495535850524902,679800,0.0,0.0
1995-12-15 00:00:00-05:00,3.8495516496546127,3.8821749687194824,3.8169283305897435,3.8821749687194824,1490200,0.0,0.0
1995-12-18 00:00:00-05:00,3.849553283787173,3.9066441163857117,3.849553283787173,3.8984882831573486,698000,0.0,0.0
1995-12-19 00:00:00-05:00,3.8821744330135397,3.9800443767029563,3.8821744330135397,3.9637327194213867,840600,0.0,0.0
1995-12-20 00:00:00-05:00,3.9637329835614725,3.9637329835614725,3.931109666824341,3.931109666824341,472400,0.0,0.0
1995-12-21 00:00:00-05:00,3.9474213251929067,3.9637329835614725,3.931109666824341,3.931109666824341,457200,0.0,0.0
1995-12-22 00:00:00-05:00,3.931109404858248,3.963732719421387,3.9147977475766784,3.9637327194213867,800600,0.0,0.0
1995-12-26 00:00:00-05:00,3.963732719421387,3.963732719421387,3.9147977475766784,3.9637327194213867,640400,0.0,0.0
1995-12-27 00:00:00-05:00,3.9637355569933286,3.980047225952149,3.9474238880345083,3.9800472259521484,411400,0.0,0.0
1995-12-28 00:00:00-05:00,3.9800443767029563,3.9800443767029563,3.963732719421387,3.9637327194213867,454400,0.0,0.0
1995-12-29 00:00:00-05:00,3.9637326960660975,3.9963560104370117,3.9637326960660975,3.9963560104370117,617000,0.0,0.0
1996-01-02 00:00:00-05:00,3.980047627499229,4.028982639312744,3.9637359568947237,4.028982639312744,819800,0.0,0.0
1996-01-03 00:00:00-05:00,4.045291885314696,4.061603546142578,4.028980224486814,4.061603546142578,383200,0.0,0.0
1996-01-04 00:00:00-05:00,4.045291885314696,4.110538528626223,4.028980224486814,4.061603546142578,2081400,0.0,0.0
1996-01-05 00:00:00-05:00,4.028979725096805,4.094226360321045,4.012668066290745,4.094226360321045,682600,0.0,0.0
1996-01-08 00:00:00-05:00,4.077915703096698,4.094227365909084,4.0289807146595376,4.045292377471924,110400,0.0,0.0
1996-01-09 00:00:00-05:00,4.045291383902866,4.094226360321045,4.028979725096805,4.094226360321045,781600,0.0,0.0
1996-01-10 00:00:00-05:00,4.0616055232722585,4.07791719204042,4.012670516967773,4.012670516967773,795800,0.0,0.0
1996-01-11 00:00:00-05:00,4.012667667622469,4.012667667622469,3.9637326960660975,3.9963560104370117,524400,0.0,0.0
1996-01-12 00:00:00-05:00,3.996358894910969,4.012670563869789,3.9637355569933286,3.9800472259521484,729200,0.0,0.0
1996-01-15 00:00:00-05:00,3.980045726222377,4.061604040284311,3.980045726222377,4.045292377471924,448800,0.0,0.0
1996-01-16 00:00:00-05:00,4.045292377471924,4.061604040284311,4.0289807146595376,4.045292377471924,707200,0.0,0.0
1996-01-17 00:00:00-05:00,4.045292377471924,4.061604040284311,4.01266905184715,4.045292377471924,557600,0.0,0.0
1996-01-18 00:00:00-05:00,4.04529390178743,4.04529390178743,3.980047225952149,3.9800472259521484,410400,0.0,0.0
1996-01-19 00:00:00-05:00,3.9800471794314505,4.028982185735935,3.9800471794314505,4.012670516967773,619200,0.0,0.0
1996-01-22 00:00:00-05:00,3.996358894910969,3.996358894910969,3.9637355569933286,3.9800472259521484,342800,0.0,0.0
1996-01-23 00:00:00-05:00,3.980047225952149,4.012670563869789,3.980047225952149,3.9800472259521484,348000,0.0,0.0
1996-01-24 00:00:00-05:00,3.996359298103734,4.028982639312744,3.980047627499229,4.028982639312744,827000,0.0,0.0
1996-01-25 00:00:00-05:00,4.012670563869789,4.012670563869789,3.980047225952149,3.9800472259521484,589600,0.0,0.0
1996-01-26 00:00:00-05:00,3.980047225952149,4.012670563869789,3.980047225952149,3.9800472259521484,351400,0.0,0.0
1996-01-29 00:00:00-05:00,3.9800471794314505,4.028982185735935,3.9800471794314505,4.012670516967773,1237000,0.0,0.0
1996-01-30 00:00:00-05:00,4.012667667622469,4.012667667622469,3.9800443532515546,3.9963560104370117,228200,0.0,0.0
1996-01-31 00:00:00-05:00,3.996358289718628,4.077916622161865,3.9800466232299807,4.077916622161865,3588400,0.0,0.0
1996-02-01 00:00:00-05:00,4.110538942540587,4.126850605010986,3.996357305247793,4.126850605010986,722400,0.0,0.0
1996-02-02 00:00:00-05:00,4.110539028721472,4.126850691533858,4.045292377471924,4.045292377471924,320400,0.0,0.0
1996-02-05 00:00:00-05:00,4.045294309917249,4.061605980521754,4.028982639312744,4.028982639312744,954600,0.0,0.0
1996-02-06 00:00:00-05:00,4.045291383902866,4.110538019127105,4.028979725096805,4.094226360321045,1470200,0.0,0.0
1996-02-07 00:00:00-05:00,4.077915206970459,4.0942268677983416,4.028980224486814,4.061603546142578,1283800,0.0,0.0
1996-02-08 00:00:00-05:00,4.061603042708925,4.094226360321045,4.061603042708925,4.094226360321045,376000,0.0,0.0
1996-02-09 00:00:00-05:00,4.094227365909084,4.094227365909084,4.045292377471924,4.045292377471924,816800,0.0,0.0
1996-02-12 00:00:00-05:00,4.077916107480488,4.110539436340332,4.045292778620644,4.110539436340332,1195200,0.0,0.0
1996-02-13 00:00:00-05:00,4.110539361834526,4.192097682505846,4.110539361834526,4.175786018371582,1020000,0.0,0.0
1996-02-14 00:00:00-05:00,4.175784654351345,4.192096313157405,4.0779147015149855,4.094226360321045,558400,0.0,0.0
1996-02-15 00:00:00-05:00,4.077916622161865,4.11053995513916,4.061604955673218,4.077916622161865,221000,0.0,0.0
1996-02-16 00:00:00-05:00,4.061604040284311,4.061604040284311,4.045292377471924,4.045292377471924,617000,0.0,0.0
1996-02-20 00:00:00-05:00,4.012670968708239,4.045294309917249,3.996359298103734,4.028982639312744,488600,0.0,0.0
1996-02-21 00:00:00-05:00,4.028982185735935,4.0616055232722585,4.012670516967773,4.012670516967773,677200,0.0,0.0
1996-02-22 00:00:00-05:00,4.045291885314696,4.061603546142578,4.028980224486814,4.061603546142578,2544000,0.0,0.0
1996-02-23 00:00:00-05:00,4.045291275404301,4.045291275404301,3.849551374981512,3.931109666824341,1625400,0.0,0.0
1996-02-26 00:00:00-05:00,3.8332417658690745,3.8332417658690745,3.6375017608034197,3.784306764602661,4061800,0.0,0.0
1996-02-27 00:00:00-05:00,3.784306764602661,3.8006184316914657,3.7353717633362473,3.784306764602661,6421000,0.0,0.0
1996-02-28 00:00:00-05:00,3.7843036986233893,3.800615352496766,3.719057083129883,3.719057083129883,1429800,0.0,0.0
1996-02-29 00:00:00-05:00,3.7027466572655574,3.7353699758317735,3.670123338699341,3.670123338699341,995000,0.0,0.0
1996-03-01 00:00:00-05:00,3.6864359378814697,3.6864359378814697,3.6375009475556093,3.6864359378814697,1008200,0.0,0.0
1996-03-04 00:00:00-05:00,3.6864375072976814,3.7516841888427734,3.637502496138863,3.7516841888427734,2429800,0.0,0.0
1996-03-05 00:00:00-05:00,3.7353687370032596,3.7516803908766363,3.719057083129883,3.719057083129883,2672000,0.0,0.0
1996-03-06 00:00:00-05:00,3.707751844380353,3.7243785342654667,3.657871774725012,3.6911251544952393,4072800,0.27,0.0
1996-03-07 00:00:00-05:00,3.674501502185786,3.674501502185786,3.6246213912963863,3.6246213912963867,2653400,0.0,0.0
1996-03-08 00:00:00-05:00,3.591366109713702,3.591366109713702,3.5082326349518107,3.5414860248565674,1705400,0.0,0.0
1996-03-11 00:00:00-05:00,3.508232302754839,3.5747390762667792,3.491605609376854,3.558112382888794,1675200,0.0,0.0
1996-03-12 00:00:00-05:00,3.524858713150024,3.5414854051931846,3.458351944977382,3.5248587131500244,1511600,0.0,0.0
1996-03-13 00:00:00-05:00,3.508233410971505,3.524860109601702,3.4749800137111118,3.4916067123413086,1416800,0.0,0.0
1996-03-14 00:00:00-05:00,3.4749786381560246,3.491605330204618,3.358591793815871,3.441725254058838,4853200,0.0,0.0
1996-03-15 00:00:00-05:00,3.458351946107431,3.4749786381560246,3.4250985620102443,3.441725254058838,1949600,0.0,0.0
1996-03-18 00:00:00-05:00,3.441725855142298,3.5747394147613236,3.441725855142298,3.5414860248565674,1857800,0.0,0.0
1996-03-19 00:00:00-05:00,3.541486808231898,3.541486808231898,3.4749800137111118,3.4916067123413086,711000,0.0,0.0
1996-03-20 00:00:00-05:00,3.4916053290637032,3.5414854051931846,3.4916053290637032,3.5248587131500244,526200,0.0,0.0
1996-03-21 00:00:00-05:00,3.524859329904189,3.5581127198089457,3.5082326349518107,3.5414860248565674,496800,0.0,0.0
1996-03-22 00:00:00-05:00,3.524858713150024,3.558112097236345,3.524858713150024,3.5248587131500244,899000,0.0,0.0
1996-03-25 00:00:00-05:00,3.5581134729607165,3.5747401714324956,3.5248600760171582,3.574740171432495,745600,0.0,0.0
1996-03-26 00:00:00-05:00,3.5747412804069865,3.6412480949261865,3.5747412804069865,3.6246213912963867,773200,0.0,0.0
1996-03-27 00:00:00-05:00,3.6412484850818756,3.7077553067272064,3.6246217796705427,3.674501895904541,1757200,0.0,0.0
1996-03-28 00:00:00-05:00,3.6578731536865234,3.6911265459927645,3.6578731536865234,3.6578731536865234,962400,0.0,0.0
1996-03-29 00:00:00-05:00,3.6744968227055517,3.691123505161233,3.641243457794189,3.6412434577941895,1117200,0.0,0.0
1996-04-01 00:00:00-05:00,3.674499849839644,3.6911265459927645,3.6578731536865234,3.6578731536865234,1139400,0.0,0.0
1996-04-02 00:00:00-05:00,3.6744984646101257,3.6911251544952393,3.657871774725012,3.6911251544952393,956800,0.0,0.0
1996-04-03 00:00:00-05:00,3.674500397273472,3.7077537945338657,3.5913669041224887,3.6079936027526855,3799000,0.0,0.0
1996-04-04 00:00:00-05:00,3.5913669041224887,3.624620301382882,3.5913669041224887,3.6079936027526855,2508600,0.0,0.0
1996-04-08 00:00:00-04:00,3.558112097236345,3.5747387892795057,3.524858713150024,3.5248587131500244,948800,0.0,0.0
1996-04-09 00:00:00-04:00,3.5248589961328243,3.5581123828887944,3.5248589961328243,3.558112382888794,1002000,0.0,0.0
1996-04-10 00:00:00-04:00,3.5414854051931846,3.5747387892795057,3.5082320211068634,3.5248587131500244,1394600,0.0,0.0
1996-04-11 00:00:00-04:00,3.5248588091954236,3.5581121941878333,3.4916054242030143,3.5082321166992188,2798400,0.0,0.0
1996-04-12 00:00:00-04:00,3.5248588091954236,3.5414855016916285,3.5082321166992188,3.5082321166992188,577000,0.0,0.0
1996-04-15 00:00:00-04:00,3.524860109601702,3.524860109601702,3.4749800137111118,3.4916067123413086,410800,0.0,0.0
1996-04-16 00:00:00-04:00,3.4916054242030143,3.5082321166992188,3.4749787317068095,3.5082321166992188,1525800,0.0,0.0
1996-04-17 00:00:00-04:00,3.4749801158905034,3.4916068150095967,3.45835341677141,3.474980115890503,1423600,0.0,0.0
1996-04-18 00:00:00-04:00,3.4749787816634545,3.4916054743986864,3.425098703457759,3.4583520889282227,489400,0.0,0.0
1996-04-19 00:00:00-04:00,3.4417265480004473,3.458353246299966,3.425099849700928,3.4250998497009277,655000,0.0,0.0
1996-04-22 00:00:00-04:00,3.425099712464868,3.4417264100981924,3.408473014831543,3.408473014831543,569800,0.0,0.0
1996-04-23 00:00:00-04:00,3.39184645310189,3.4417265480004473,3.375219754802371,3.4250998497009277,1060200,0.0,0.0
1996-04-24 00:00:00-04:00,3.458353315080915,3.508233410971505,3.441726616450718,3.4916067123413086,851400,0.0,0.0
1996-04-25 00:00:00-04:00,3.45835341677141,3.4916068150095967,3.4417267176523167,3.474980115890503,438600,0.0,0.0
1996-04-26 00:00:00-04:00,3.50823351412869,3.50823351412869,3.4749801158905034,3.474980115890503,424600,0.0,0.0
1996-04-29 00:00:00-04:00,3.4749787816634545,3.4916054743986864,3.4583520889282227,3.4583520889282227,488600,0.0,0.0
1996-04-30 00:00:00-04:00,3.4749801158905034,3.4916068150095967,3.45835341677141,3.474980115890503,688000,0.0,0.0
1996-05-01 00:00:00-04:00,3.45835341677141,3.4916068150095967,3.45835341677141,3.474980115890503,732600,0.0,0.0
1996-05-02 00:00:00-04:00,3.458351946107431,3.4749786381560246,3.441725254058838,3.441725254058838,601000,0.0,0.0
1996-05-03 00:00:00-04:00,3.441725887101272,3.441725887101272,3.3752191066741943,3.3752191066741943,497000,0.0,0.0
1996-05-06 00:00:00-04:00,3.3918452262878414,3.408471918573566,3.3585918417163922,3.391845226287842,584000,0.0,0.0
1996-05-07 00:00:00-04:00,3.3918452262878414,3.3918452262878414,3.3585918417163922,3.391845226287842,543600,0.0,0.0
1996-05-08 00:00:00-04:00,3.375219821929931,3.491606712341308,3.341966424669538,3.4916067123413086,566200,0.0,0.0
1996-05-09 00:00:00-04:00,3.4417267176523167,3.4916068150095967,3.4417267176523167,3.474980115890503,664400,0.0,0.0
1996-05-10 00:00:00-04:00,3.5082321166992188,3.5248588091954236,3.4749787317068095,3.5082321166992188,443800,0.0,0.0
1996-05-13 00:00:00-04:00,3.5248600760171582,3.5913668699042747,3.508233377545379,3.574740171432495,469800,0.0,0.0
1996-05-14 00:00:00-04:00,3.5913677215576167,3.6079944239722352,3.5747410191429982,3.591367721557617,1552600,0.0,0.0
1996-05-15 00:00:00-04:00,3.5913668699042747,3.6079935683760533,3.5581134729607165,3.574740171432495,596400,0.0,0.0
1996-05-16 00:00:00-04:00,3.5747394147613236,3.5747394147613236,3.5414860248565674,3.5414860248565674,417200,0.0,0.0
1996-05-17 00:00:00-04:00,3.5581134729607165,3.5747401714324956,3.5414867744889373,3.574740171432495,505000,0.0,0.0
1996-05-20 00:00:00-04:00,3.5747401714324956,3.5913668699042747,3.5581134729607165,3.574740171432495,303800,0.0,0.0
1996-05-21 00:00:00-04:00,3.5747390762667792,3.5747390762667792,3.5581123828887944,3.558112382888794,247600,0.0,0.0
1996-05-22 00:00:00-04:00,3.5747412804069865,3.6246213912963863,3.5581145767771867,3.6246213912963867,442000,0.0,0.0
1996-05-23 00:00:00-04:00,3.624621126386854,3.657874531216091,3.5913677215576167,3.591367721557617,605600,0.0,0.0
1996-05-24 00:00:00-04:00,3.607990092882827,3.641243457794189,3.5913634104271455,3.6412434577941895,304800,0.0,0.0
1996-05-28 00:00:00-04:00,3.6412478288014727,3.6412478288014727,3.5913677215576167,3.591367721557617,352600,0.0,0.0
1996-05-29 00:00:00-04:00,3.6079935683760533,3.6246202668478325,3.5747401714324956,3.574740171432495,304000,0.0,0.0
1996-05-30 00:00:00-04:00,3.5747401714324956,3.5913668699042747,3.5414867744889373,3.574740171432495,387800,0.0,0.0
1996-05-31 00:00:00-04:00,3.5747387892795057,3.5747387892795057,3.5082320211068634,3.5248587131500244,299000,0.0,0.0
1996-06-03 00:00:00-04:00,3.491606712341308,3.508233410971505,3.458353315080915,3.4916067123413086,463000,0.0,0.0
1996-06-04 00:00:00-04:00,3.5082320211068634,3.5414854051931846,3.5082320211068634,3.5248587131500244,3378800,0.0,0.0
1996-06-05 00:00:00-04:00,3.5472659837631952,3.5642385482788086,3.5133208547319685,3.5642385482788086,1363800,0.27,0.0
1996-06-06 00:00:00-04:00,3.5642357055957503,3.5812082565747776,3.5302906036376958,3.5302906036376953,1159000,0.0,0.0
1996-06-07 00:00:00-04:00,3.462400399721586,3.5302906036376958,3.462400399721586,3.5302906036376953,554800,0.0,0.0
1996-06-10 00:00:00-04:00,3.513319524904577,3.5302920829959037,3.4793744087219243,3.479374408721924,362000,0.0,0.0
1996-06-11 00:00:00-04:00,3.4963469668132507,3.5302920829959037,3.4793744087219243,3.479374408721924,351200,0.0,0.0
1996-06-12 00:00:00-04:00,3.4963467579169816,3.4963467579169816,3.4454290866851807,3.4454290866851807,360600,0.0,0.0
1996-06-13 00:00:00-04:00,3.4454285969921186,3.4793737063220904,3.428456042327133,3.4624011516571045,427800,0.0,0.0
1996-06-14 00:00:00-04:00,3.4624011516571045,3.4963462609870763,3.4624011516571045,3.4624011516571045,288000,0.0,0.0
1996-06-17 00:00:00-04:00,3.462401850630598,3.4793744087219243,3.462401850630598,3.479374408721924,308800,0.0,0.0
1996-06-18 00:00:00-04:00,3.4624016437624476,3.4793742008397146,3.4454290866851807,3.4454290866851807,330800,0.0,0.0
1996-06-19 00:00:00-04:00,3.4454290866851807,3.4793742008397146,3.4454290866851807,3.4454290866851807,470000,0.0,0.0
1996-06-20 00:00:00-04:00,3.4624016437624476,3.4793742008397146,3.4454290866851807,3.4454290866851807,921400,0.0,0.0
1996-06-21 00:00:00-04:00,3.4624008900910908,3.513318550239489,3.4624008900910908,3.4963459968566895,1610400,0.0,0.0
1996-06-24 00:00:00-04:00,3.4963459853388836,3.5133185386657715,3.4963459853388836,3.5133185386657715,465600,0.0,0.0
1996-06-25 00:00:00-04:00,3.513317807439412,3.564235456822592,3.4963452576450185,3.5472629070281982,1320800,0.0,0.0
1996-06-26 00:00:00-04:00,3.5472629070281987,3.581208006616985,3.530290357233805,3.5472629070281982,672000,0.0,0.0
1996-06-27 00:00:00-04:00,3.5642373224474353,3.6151549984823985,3.547264763769114,3.598182439804077,819800,0.0,0.0
1996-06-28 00:00:00-04:00,3.61515463698994,3.733962535858154,3.61515463698994,3.7339625358581543,897400,0.0,0.0
1996-07-01 00:00:00-04:00,3.733962535858154,3.7509350928393275,3.700017421895807,3.7339625358581543,1561000,0.0,0.0
1996-07-02 00:00:00-04:00,3.716989255059359,3.784879469763639,3.716989255059359,3.750934362411499,945400,0.0,0.0
1996-07-03 00:00:00-04:00,3.7509350928393275,3.7679076498205006,3.733962535858154,3.7339625358581543,479200,0.0,0.0
1996-07-05 00:00:00-04:00,3.666071176528931,3.6830437282721205,3.6490986247857413,3.6660711765289307,250200,0.0,0.0
1996-07-08 00:00:00-04:00,3.6321256083111426,3.64909815788269,3.6151530587395952,3.6490981578826904,370800,0.0,0.0
1996-07-09 00:00:00-04:00,3.6321256083111426,3.666070707454238,3.6151530587395952,3.6490981578826904,468000,0.0,0.0
1996-07-10 00:00:00-04:00,3.666071176528931,3.6830437282721205,3.6151535212993626,3.6660711765289307,415000,0.0,0.0
1996-07-11 00:00:00-04:00,3.6660719185232002,3.6660719185232002,3.5981816978098076,3.632126808166504,386000,0.0,0.0
1996-07-12 00:00:00-04:00,3.5812084178129835,3.666071176528931,3.5812084178129835,3.6660711765289307,584400,0.0,0.0
1996-07-15 00:00:00-04:00,3.632128806341262,3.6491013708568754,3.5642385482788086,3.5642385482788086,429000,0.0,0.0
1996-07-16 00:00:00-04:00,3.530290106461511,3.632125397994055,3.4793724606952394,3.581207752227783,941800,0.0,0.0
1996-07-17 00:00:00-04:00,3.615152849405298,3.615152849405298,3.5642352036390257,3.581207752227783,665600,0.0,0.0
1996-07-18 00:00:00-04:00,3.5981824398040776,3.6151549984823985,3.5642373224474353,3.598182439804077,547200,0.0,0.0
1996-07-19 00:00:00-04:00,3.5981824398040776,3.6151549984823985,3.547264763769114,3.598182439804077,884800,0.0,0.0
1996-07-22 00:00:00-04:00,3.581208006616985,3.6151531062057716,3.5472629070281987,3.5472629070281982,939200,0.0,0.0
1996-07-23 00:00:00-04:00,3.564235456822592,3.581208006616985,3.5472629070281987,3.5472629070281982,431600,0.0,0.0
1996-07-24 00:00:00-04:00,3.530290357233805,3.581208006616985,3.530290357233805,3.5472629070281982,538200,0.0,0.0
1996-07-25 00:00:00-04:00,3.5812082565747776,3.5812082565747776,3.5133180526586685,3.5302906036376953,477800,0.0,0.0
1996-07-26 00:00:00-04:00,3.547263645319547,3.547263645319547,3.5133185386657715,3.5133185386657715,253600,0.0,0.0
1996-07-29 00:00:00-04:00,3.5133185386657715,3.5302910919926593,3.4963459853388836,3.5133185386657715,382200,0.0,0.0
1996-07-30 00:00:00-04:00,3.4963455016796408,3.5302906036376958,3.4963455016796408,3.5302906036376953,673200,0.0,0.0
1996-07-31 00:00:00-04:00,3.5133180526586685,3.547263154616723,3.5133180526586685,3.5302906036376953,508200,0.0,0.0
1996-08-01 00:00:00-04:00,3.530290106461511,3.632125397994055,3.530290106461511,3.581207752227783,579000,0.0,0.0
1996-08-02 00:00:00-04:00,3.6490978997781736,3.7000155448913574,3.6490978997781736,3.7000155448913574,1302000,0.0,0.0
1996-08-05 00:00:00-04:00,3.683042996520296,3.73396064163348,3.683042996520296,3.7000155448913574,417200,0.0,0.0
1996-08-06 00:00:00-04:00,3.6830437282721205,3.70001628001531,3.666071176528931,3.6660711765289307,538800,0.0,0.0
1996-08-07 00:00:00-04:00,3.683044195175171,3.716989302964804,3.6660716412803542,3.683044195175171,931600,0.0,0.0
1996-08-08 00:00:00-04:00,3.666071176528931,3.70001628001531,3.666071176528931,3.6660711765289307,306200,0.0,0.0
1996-08-09 00:00:00-04:00,3.6830437282721205,3.70001628001531,3.6490986247857413,3.6660711765289307,686600,0.0,0.0
1996-08-12 00:00:00-04:00,3.6490985955277533,3.7169888019561768,3.6490985955277533,3.7169888019561768,348400,0.0,0.0
1996-08-13 00:00:00-04:00,3.683044195175171,3.7085030260173952,3.683044195175171,3.683044195175171,788600,0.0,0.0
1996-08-14 00:00:00-04:00,3.700016749069987,3.716989302964804,3.683044195175171,3.683044195175171,592000,0.0,0.0
1996-08-15 00:00:00-04:00,3.700016749069987,3.700016749069987,3.6660716412803542,3.683044195175171,541000,0.0,0.0
1996-08-16 00:00:00-04:00,3.6830436987419652,3.7169888019561768,3.666071147134859,3.7169888019561768,505400,0.0,0.0
1996-08-19 00:00:00-04:00,3.700016250349071,3.7169888019561768,3.700016250349071,3.7169888019561768,350000,0.0,0.0
1996-08-20 00:00:00-04:00,3.700016749069987,3.716989302964804,3.6660716412803542,3.683044195175171,519200,0.0,0.0
1996-08-21 00:00:00-04:00,3.6660716412803542,3.700016749069987,3.6660716412803542,3.683044195175171,2650800,0.0,0.0
1996-08-22 00:00:00-04:00,3.683042996520296,3.716988093262419,3.683042996520296,3.7000155448913574,539200,0.0,0.0
1996-08-23 00:00:00-04:00,3.70001628001531,3.70001628001531,3.666071176528931,3.6660711765289307,679200,0.0,0.0
1996-08-26 00:00:00-04:00,3.6490978997781736,3.7000155448913574,3.632125351407112,3.7000155448913574,644400,0.0,0.0
1996-08-27 00:00:00-04:00,3.700016250349071,3.7339613535632825,3.700016250349071,3.7169888019561768,516200,0.0,0.0
1996-08-28 00:00:00-04:00,3.716989255059359,3.750934362411499,3.716989255059359,3.750934362411499,930800,0.0,0.0
1996-08-29 00:00:00-04:00,3.7509339051703883,3.7509339051703883,3.7169888019561768,3.7169888019561768,902200,0.0,0.0
1996-08-30 00:00:00-04:00,3.7509344107544367,3.7509344107544367,3.683044195175171,3.683044195175171,683400,0.0,0.0
1996-09-03 00:00:00-04:00,3.666070448149235,3.716988093262419,3.632125351407112,3.7000155448913574,960800,0.0,0.0
1996-09-04 00:00:00-04:00,3.6830448649146335,3.733962535858154,3.6830448649146335,3.7339625358581543,887800,0.0,0.0
1996-09-05 00:00:00-04:00,3.670252561569214,3.722190097817835,3.6529400494863404,3.670252561569214,1957800,0.27,0.0
1996-09-06 00:00:00-04:00,3.6875650736520877,3.704877585734961,3.670252561569214,3.670252561569214,1354800,0.0,0.0
1996-09-09 00:00:00-04:00,3.7048756841202857,3.7048756841202857,3.670250677726638,3.687563180923462,742400,0.0,0.0
1996-09-10 00:00:00-04:00,3.687563180923462,3.7048756841202857,3.670250677726638,3.687563180923462,541600,0.0,0.0
1996-09-11 00:00:00-04:00,3.6875651027554666,3.7048776149749756,3.670252590535957,3.7048776149749756,356400,0.0,0.0
1996-09-12 00:00:00-04:00,3.7048766988295094,3.739501714706421,3.7048766988295094,3.739501714706421,325200,0.0,0.0
1996-09-13 00:00:00-04:00,3.774126096205278,3.808751106262207,3.7395010861483486,3.808751106262207,465000,0.0,0.0
1996-09-16 00:00:00-04:00,3.7741277359392003,3.8260652735897396,3.7741277359392003,3.79144024848938,677600,0.0,0.0
1996-09-17 00:00:00-04:00,3.791438601233742,3.808751106262207,3.791438601233742,3.808751106262207,794000,0.0,0.0
1996-09-18 00:00:00-04:00,3.7914392385217877,3.8087517464602434,3.739501714706421,3.739501714706421,1408200,0.0,0.0
1996-09-19 00:00:00-04:00,3.7394986808846853,3.7741236686706543,3.7394986808846853,3.7741236686706543,689000,0.0,0.0
1996-09-20 00:00:00-04:00,3.791437813763245,3.791437813763245,3.756812810897827,3.756812810897827,749400,0.0,0.0
1996-09-23 00:00:00-04:00,3.739500309465118,3.774125312330536,3.739500309465118,3.756812810897827,246000,0.0,0.0
1996-09-24 00:00:00-04:00,3.739501714706421,3.756814222644876,3.7048766988295094,3.739501714706421,940400,0.0,0.0
1996-09-25 00:00:00-04:00,3.722190127194485,3.7568151516335035,3.7048776149749756,3.7048776149749756,549200,0.0,0.0
1996-09-26 00:00:00-04:00,3.7048776149749756,3.722190127194485,3.6875651027554666,3.7048776149749756,675200,0.0,0.0
1996-09-27 00:00:00-04:00,3.722189206767965,3.739501714706421,3.7048766988295094,3.739501714706421,500600,0.0,0.0
1996-09-30 00:00:00-04:00,3.739502639413994,3.7568151516335035,3.7048776149749756,3.7048776149749756,875200,0.0,0.0
1996-10-01 00:00:00-04:00,3.72218918800354,3.7395016958547194,3.704876680152361,3.72218918800354,2375000,0.0,0.0
1996-10-02 00:00:00-04:00,3.722190127194485,3.722190127194485,3.6875651027554666,3.7048776149749756,1835600,0.0,0.0
1996-10-03 00:00:00-04:00,3.7048763618650025,3.7048763618650025,3.652938842773437,3.6529388427734375,1474800,0.0,0.0
1996-10-04 00:00:00-04:00,3.670252590535957,3.722190127194485,3.670252590535957,3.7048776149749756,2300400,0.0,0.0
1996-10-07 00:00:00-04:00,3.7048776149749756,3.722190127194485,3.6875651027554666,3.7048776149749756,539000,0.0,0.0
1996-10-08 00:00:00-04:00,3.687564172301182,3.72218918800354,3.687564172301182,3.72218918800354,597200,0.0,0.0
1996-10-09 00:00:00-04:00,3.72218918800354,3.72218918800354,3.687564172301182,3.72218918800354,380000,0.0,0.0
1996-10-10 00:00:00-04:00,3.7048776149749756,3.722190127194485,3.7048776149749756,3.7048776149749756,574800,0.0,0.0
1996-10-11 00:00:00-04:00,3.72218918800354,3.72218918800354,3.704876680152361,3.72218918800354,887400,0.0,0.0
1996-10-14 00:00:00-04:00,3.72218918800354,3.7568142037058987,3.72218918800354,3.72218918800354,345200,0.0,0.0
1996-10-15 00:00:00-04:00,3.739500309465118,3.774125312330536,3.7048753065997,3.756812810897827,825200,0.0,0.0
1996-10-16 00:00:00-04:00,3.756812810897827,3.756812810897827,3.7221878080324093,3.756812810897827,301200,0.0,0.0
1996-10-17 00:00:00-04:00,3.756812810897827,3.774125312330536,3.739500309465118,3.756812810897827,608600,0.0,0.0
1996-10-18 00:00:00-04:00,3.7741236686706543,3.791436162563639,3.7568111747776696,3.7741236686706543,926600,0.0,0.0
1996-10-21 00:00:00-04:00,3.774125312330536,3.774125312330536,3.739500309465118,3.756812810897827,508400,0.0,0.0
1996-10-22 00:00:00-04:00,3.739501714706421,3.756814222644876,3.722189206767965,3.739501714706421,438600,0.0,0.0
1996-10-23 00:00:00-04:00,3.704876680152361,3.7568142037058987,3.687564172301182,3.72218918800354,449400,0.0,0.0
1996-10-24 00:00:00-04:00,3.7048776149749756,3.722190127194485,3.6875651027554666,3.7048776149749756,431400,0.0,0.0
1996-10-25 00:00:00-04:00,3.6875651027554666,3.722190127194485,3.6875651027554666,3.7048776149749756,533200,0.0,0.0
1996-10-28 00:00:00-05:00,3.7048756841202857,3.7221881873171094,3.687563180923462,3.687563180923462,720400,0.0,0.0
1996-10-29 00:00:00-05:00,3.6875651027554666,3.7568151516335035,3.6875651027554666,3.7048776149749756,1116800,0.0,0.0
1996-10-30 00:00:00-05:00,3.774126711557078,3.774126711557078,3.704876680152361,3.72218918800354,493800,0.0,0.0
1996-10-31 00:00:00-05:00,3.7395016958547194,3.7395016958547194,3.704876680152361,3.72218918800354,1143800,0.0,0.0
1996-11-01 00:00:00-05:00,3.739501714706421,3.756814222644876,3.722189206767965,3.739501714706421,692800,0.0,0.0
1996-11-04 00:00:00-05:00,3.739501714706421,3.756814222644876,3.722189206767965,3.739501714706421,609600,0.0,0.0
1996-11-05 00:00:00-05:00,3.756813591176813,3.808751106262207,3.756813591176813,3.808751106262207,1064800,0.0,0.0
1996-11-06 00:00:00-05:00,3.7914377536092485,3.878000259399414,3.7914377536092485,3.878000259399414,1101800,0.0,0.0
1996-11-07 00:00:00-05:00,3.860686988443941,3.8779994861499683,3.8433744907379146,3.843374490737915,949600,0.0,0.0
1996-11-08 00:00:00-05:00,3.8606877582413808,3.878000259399414,3.843375257083348,3.878000259399414,727000,0.0,0.0
1996-11-11 00:00:00-05:00,3.878000259399414,3.91262526171548,3.878000259399414,3.878000259399414,775600,0.0,0.0
1996-11-12 00:00:00-05:00,3.8780002337400155,3.8953127347834977,3.843375231653051,3.860687732696533,522000,0.0,0.0
1996-11-13 00:00:00-05:00,3.8433744907379146,3.8779994861499683,3.8433744907379146,3.843374490737915,949600,0.0,0.0
1996-11-14 00:00:00-05:00,3.8433744907379146,3.860686988443941,3.8433744907379146,3.843374490737915,571600,0.0,0.0
1996-11-15 00:00:00-05:00,3.87800290943247,3.912627935409546,3.8606903964439323,3.912627935409546,947400,0.0,0.0
1996-11-18 00:00:00-05:00,3.9126255268520778,3.9299380291832815,3.895313024520874,3.895313024520874,652600,0.0,0.0
1996-11-19 00:00:00-05:00,3.895312760557447,3.91262526171548,3.878000259399414,3.878000259399414,561200,0.0,0.0
1996-11-20 00:00:00-05:00,3.895315422421008,3.912627935409546,3.87800290943247,3.912627935409546,358400,0.0,0.0
1996-11-21 00:00:00-05:00,3.947252779421599,4.0165028281833814,3.947252779421599,3.9818778038024902,1330000,0.0,0.0
1996-11-22 00:00:00-05:00,3.981877818252101,4.016502842758641,3.981877818252101,3.999190330505371,627000,0.0,0.0
1996-11-25 00:00:00-05:00,3.981877818252101,3.999190330505371,3.964565305998831,3.999190330505371,388800,0.0,0.0
1996-11-26 00:00:00-05:00,3.9991883541408333,3.9991883541408333,3.9472508430480953,3.9472508430480957,1142800,0.0,0.0
1996-11-27 00:00:00-05:00,3.964563346745675,3.964563346745675,3.929938339350516,3.9472508430480957,307800,0.0,0.0
1996-11-29 00:00:00-05:00,3.9645624160766606,3.9645624160766606,3.947249916443138,3.96456241607666,204800,0.0,0.0
1996-12-02 00:00:00-05:00,3.9472512988792117,3.9645638045760503,3.9126262874855344,3.929938793182373,404400,0.0,0.0
1996-12-03 00:00:00-05:00,3.929938339350516,3.981875850443254,3.929938339350516,3.9472508430480957,1145800,0.0,0.0
1996-12-04 00:00:00-05:00,3.9299402672311534,3.9818778038024902,3.9299402672311534,3.9818778038024902,617000,0.0,0.0
1996-12-05 00:00:00-05:00,3.9645643789192726,4.0165019035339355,3.9645643789192726,4.0165019035339355,2313400,0.0,0.0
1996-12-06 00:00:00-05:00,3.9163011546645845,3.9692241432411333,3.9163011546645845,3.95158314704895,2544600,0.27,0.0
1996-12-09 00:00:00-05:00,3.9515850669459294,4.022149085998535,3.9515850669459294,4.022149085998535,1510800,0.0,0.0
1996-12-10 00:00:00-05:00,4.0045061356254985,4.022147131817682,3.9339421508567676,3.95158314704895,2596000,0.0,0.0
1996-12-11 00:00:00-05:00,3.916300773620606,3.9339417680963744,3.881018784669069,3.9163007736206055,1314000,0.0,0.0
1996-12-12 00:00:00-05:00,3.9163013479926367,3.9339423450556668,3.881019353866577,3.881019353866577,612200,0.0,0.0
1996-12-13 00:00:00-05:00,3.845737359740517,3.898660350929607,3.8104553656144575,3.881019353866577,674600,0.0,0.0
1996-12-16 00:00:00-05:00,3.8633770177123745,3.9162999905577496,3.828095035815458,3.845736026763916,673200,0.0,0.0
1996-12-17 00:00:00-05:00,3.8457370522904073,3.8633780479431157,3.8457370522904073,3.8633780479431152,560200,0.0,0.0
1996-12-18 00:00:00-05:00,3.8457360267639165,3.8633770177123745,3.8457360267639165,3.845736026763916,488600,0.0,0.0
1996-12-19 00:00:00-05:00,3.881018008660833,3.881018008660833,3.828095035815458,3.845736026763916,1898400,0.0,0.0
1996-12-20 00:00:00-05:00,3.881019353866577,3.881019353866577,3.863378356803547,3.881019353866577,2260200,0.0,0.0
1996-12-23 00:00:00-05:00,3.881019353866577,3.9163013479926367,3.863378356803547,3.881019353866577,1087800,0.0,0.0
1996-12-24 00:00:00-05:00,3.8986597791448374,3.916300773620606,3.881018784669069,3.9163007736206055,484200,0.0,0.0
1996-12-26 00:00:00-05:00,3.9163011792558353,3.9339421755587893,3.898660182952881,3.898660182952881,865800,0.0,0.0
1996-12-27 00:00:00-05:00,3.916300773620606,3.9339417680963744,3.8986597791448374,3.9163007736206055,771600,0.0,0.0
1996-12-30 00:00:00-05:00,3.916300773620606,3.916300773620606,3.8986597791448374,3.9163007736206055,1881800,0.0,0.0
1996-12-31 00:00:00-05:00,3.9162999905577496,3.9162999905577496,3.8457360267639165,3.845736026763916,550600,0.0,0.0
1997-01-02 00:00:00-05:00,3.863378190346973,3.898660182952881,3.863378190346973,3.898660182952881,1510200,0.0,0.0
1997-01-03 00:00:00-05:00,3.898660182952881,3.9163011792558353,3.881019186649927,3.898660182952881,1011200,0.0,0.0
1997-01-06 00:00:00-05:00,3.9163011792558353,3.9339421755587893,3.881019186649927,3.898660182952881,1066800,0.0,0.0
1997-01-07 00:00:00-05:00,3.898657966504055,3.986862897872925,3.898657966504055,3.986862897872925,1016200,0.0,0.0
1997-01-08 00:00:00-05:00,4.022147586167121,4.022147586167121,3.986865589797234,4.004506587982178,744400,0.0,0.0
1997-01-09 00:00:00-05:00,4.004506322611934,4.07507031067558,4.004506322611934,4.057429313659668,1095200,0.0,0.0
1997-01-10 00:00:00-05:00,4.0221473196278446,4.07507031067558,4.0221473196278446,4.057429313659668,1314200,0.0,0.0
1997-01-13 00:00:00-05:00,4.075069501482208,4.1103514885080275,4.0574285079692975,4.092710494995117,893800,0.0,0.0
1997-01-14 00:00:00-05:00,4.110351085662842,4.127992077446803,4.092710093878881,4.110351085662842,730400,0.0,0.0
1997-01-15 00:00:00-05:00,4.092710899584222,4.11035189484105,4.057428909070564,4.075069904327393,769800,0.0,0.0
1997-01-16 00:00:00-05:00,4.0750707205726595,4.0750707205726595,4.022147724201586,4.039788722991943,501800,0.0,0.0
1997-01-17 00:00:00-05:00,4.039790090761687,4.057431095524838,4.022149085998535,4.022149085998535,781800,0.0,0.0
1997-01-20 00:00:00-05:00,4.022149136861165,4.022149136861165,3.9515851169162324,3.969226121902466,375600,0.0,0.0
1997-01-21 00:00:00-05:00,3.9692245916122904,4.022147586167121,3.9692245916122904,4.004506587982178,569000,0.0,0.0
1997-01-22 00:00:00-05:00,4.004506587982178,4.004506587982178,3.951583593427347,4.004506587982178,641600,0.0,0.0
1997-01-23 00:00:00-05:00,4.039790141847399,4.057431146833632,3.9515851169162324,3.969226121902466,561400,0.0,0.0
1997-01-24 00:00:00-05:00,3.9515833421186968,3.9692243391817263,3.881019353866577,3.881019353866577,856800,0.0,0.0
1997-01-27 00:00:00-05:00,3.8810190435958236,3.9339420305539488,3.8457370522904073,3.8633780479431152,769600,0.0,0.0
1997-01-28 00:00:00-05:00,3.898660039248532,3.9515830262066567,3.8633780479431157,3.8633780479431152,1101200,0.0,0.0
1997-01-29 00:00:00-05:00,3.8810184291590044,3.898659422018818,3.775172472000122,3.775172472000122,3282000,0.0,0.0
1997-01-30 00:00:00-05:00,3.792814065332282,3.8633780479431157,3.7751730696795742,3.8633780479431152,2997200,0.0,0.0
1997-01-31 00:00:00-05:00,3.8633780479431157,3.8633780479431157,3.828096056637699,3.8633780479431152,1553400,0.0,0.0
1997-02-03 00:00:00-05:00,3.828095035815458,3.8457360267639165,3.828095035815458,3.845736026763916,1459200,0.0,0.0
1997-02-04 00:00:00-05:00,3.8280961977410644,3.898660182952881,3.8280961977410644,3.898660182952881,857800,0.0,0.0
1997-02-05 00:00:00-05:00,3.898660350929607,3.9339423450556668,3.863378356803547,3.881019353866577,1939200,0.0,0.0
1997-02-06 00:00:00-05:00,3.898660182952881,3.898660182952881,3.881019186649927,3.898660182952881,750200,0.0,0.0
1997-02-07 00:00:00-05:00,3.91630037162336,3.9515823569533004,3.88101838629342,3.93394136428833,562800,0.0,0.0
1997-02-10 00:00:00-05:00,3.93394136428833,3.9515823569533004,3.89865937895839,3.93394136428833,418600,0.0,0.0
1997-02-11 00:00:00-05:00,3.951583171861744,3.951583171861744,3.898660182952881,3.898660182952881,636200,0.0,0.0
1997-02-12 00:00:00-05:00,3.9163011792558353,3.951583171861744,3.898660182952881,3.898660182952881,1009200,0.0,0.0
1997-02-13 00:00:00-05:00,3.9163013479926367,3.9163013479926367,3.881019353866577,3.881019353866577,552400,0.0,0.0
1997-02-14 00:00:00-05:00,3.9163011792558353,3.9339421755587893,3.863378190346973,3.898660182952881,458600,0.0,0.0
1997-02-18 00:00:00-05:00,3.916300773620606,3.9339417680963744,3.8986597791448374,3.9163007736206055,440800,0.0,0.0
1997-02-19 00:00:00-05:00,3.93394136428833,3.9515823569533004,3.91630037162336,3.93394136428833,447200,0.0,0.0
1997-02-20 00:00:00-05:00,3.916300773620606,3.9515827625721425,3.8986597791448374,3.9163007736206055,472400,0.0,0.0
1997-02-21 00:00:00-05:00,3.91630037162336,3.9515823569533004,3.89865937895839,3.93394136428833,421600,0.0,0.0
1997-02-24 00:00:00-05:00,3.898660158472402,3.986865139433316,3.898660158472402,3.95158314704895,488600,0.0,0.0
1997-02-25 00:00:00-05:00,3.9515851169162324,3.986867126888699,3.9515851169162324,3.969226121902466,514000,0.0,0.0
1997-02-26 00:00:00-05:00,3.9692241432411333,3.9692241432411333,3.9339421508567676,3.95158314704895,984000,0.0,0.0
1997-02-27 00:00:00-05:00,3.9515851169162324,4.004508131874932,3.9515851169162324,3.969226121902466,1915800,0.0,0.0
1997-02-28 00:00:00-05:00,3.969221911599151,4.004503884146699,3.969221911599151,3.986862897872925,660600,0.0,0.0
1997-03-03 00:00:00-05:00,3.969221911599151,4.004503884146699,3.969221911599151,3.986862897872925,426000,0.0,0.0
1997-03-04 00:00:00-05:00,3.969221911599151,4.004503884146699,3.951580925325377,3.986862897872925,932800,0.0,0.0
1997-03-05 00:00:00-05:00,3.986865589797234,4.004506587982178,3.986865589797234,4.004506587982178,2740800,0.0,0.0
1997-03-06 00:00:00-05:00,4.02824177873244,4.02824177873244,3.920342445373535,3.920342445373535,1448800,0.27,0.0
1997-03-07 00:00:00-05:00,3.920342445373535,3.938325667600019,3.902359223147051,3.920342445373535,816200,0.0,0.0
1997-03-10 00:00:00-05:00,3.9203434564449164,3.938326683309343,3.866393775851638,3.8843770027160645,1280400,0.0,0.0
1997-03-11 00:00:00-05:00,3.8484103402426078,3.8686417437699654,3.8304271143536237,3.866393566131592,862200,0.0,0.0
1997-03-12 00:00:00-05:00,3.848410183528684,3.86639340868536,3.812443733215332,3.812443733215332,732200,0.0,0.0
1997-03-13 00:00:00-05:00,3.794462680816651,3.8124459162707582,3.758496209908436,3.7944626808166504,1155400,0.0,0.0
1997-03-14 00:00:00-05:00,3.794460508058656,3.830426958372008,3.794460508058656,3.812443733215332,887600,0.0,0.0
1997-03-17 00:00:00-05:00,3.794460662575655,3.9023600179095603,3.776477436686671,3.866393566131592,752000,0.0,0.0
1997-03-18 00:00:00-05:00,3.848410183528684,3.86639340868536,3.77647728290198,3.812443733215332,564400,0.0,0.0
1997-03-19 00:00:00-05:00,3.7944632757489924,3.8663962288437603,3.7764800374753005,3.8484129905700684,758800,0.0,0.0
1997-03-20 00:00:00-05:00,3.848411833176591,3.884378298907213,3.812445367445968,3.8304286003112793,495000,0.0,0.0
1997-03-21 00:00:00-05:00,3.848411833176591,3.866395066041902,3.8304286003112797,3.8304286003112793,1234600,0.0,0.0
1997-03-24 00:00:00-05:00,3.866392778694083,3.938325667600019,3.848409556467599,3.920342445373535,1003800,0.0,0.0
1997-03-25 00:00:00-05:00,3.9563115002357794,3.9832863513737506,3.938328266143799,3.938328266143799,1067200,0.0,0.0
1997-03-26 00:00:00-05:00,3.938326413730322,3.956309639363794,3.9023599624633785,3.902359962463379,1067600,0.0,0.0
1997-03-27 00:00:00-05:00,3.9203447646378353,3.9203447646378353,3.812445367445968,3.8304286003112793,1038400,0.0,0.0
1997-03-31 00:00:00-05:00,3.8124449911571685,3.8304282222475328,3.7584952978860766,3.7764785289764404,1221600,0.0,0.0
1997-04-01 00:00:00-05:00,3.7764794453625434,3.8124459162707582,3.7764794453625434,3.7944626808166504,1017400,0.0,0.0
1997-04-02 00:00:00-05:00,3.7584952978860766,3.776478528976441,3.740512066795713,3.7764785289764404,746800,0.0,0.0
1997-04-03 00:00:00-05:00,3.7584934718366982,3.7584934718366982,3.6865605824235557,3.722527027130127,691000,0.0,0.0
1997-04-04 00:00:00-05:00,3.704545736312866,3.7225289680425404,3.6685792728535183,3.704545736312866,779800,0.0,0.0
1997-04-07 00:00:00-04:00,3.7045448361610878,3.722528063521093,3.5247125625610347,3.524712562561035,9457800,0.0,0.0
1997-04-08 00:00:00-04:00,3.5247125625610347,3.5426957899210403,3.5067293352010296,3.524712562561035,2983200,0.0,0.0
1997-04-09 00:00:00-04:00,3.5247109997334904,3.5247109997334904,3.4347949028015132,3.4347949028015137,1261600,0.0,0.0
1997-04-10 00:00:00-04:00,3.452781325120192,3.542697505461864,3.398831616915189,3.5067310333251953,1728400,0.0,0.0
1997-04-11 00:00:00-04:00,3.4527811633490533,3.506730869026382,3.4168146928975003,3.470764398574829,1131200,0.0,0.0
1997-04-14 00:00:00-04:00,3.488747633800606,3.488747633800606,3.4168146928975003,3.470764398574829,914600,0.0,0.0
1997-04-15 00:00:00-04:00,3.488747633800606,3.506730869026382,3.4347979281232766,3.470764398574829,778000,0.0,0.0
1997-04-16 00:00:00-04:00,3.4707643985748295,3.488747633800606,3.4168146928975003,3.470764398574829,825200,0.0,0.0
1997-04-17 00:00:00-04:00,3.4707610805829363,3.488744298617045,3.416811426480611,3.452777862548828,520800,0.0,0.0
1997-04-18 00:00:00-04:00,3.452778122187909,3.4707613415743044,3.4347949028015132,3.4347949028015137,423200,0.0,0.0
1997-04-21 00:00:00-04:00,3.452779589201275,3.452779589201275,3.398829908120005,3.4168131351470947,412200,0.0,0.0
1997-04-22 00:00:00-04:00,3.3988284640287225,3.452778122187909,3.362862025255932,3.4347949028015137,610200,0.0,0.0
1997-04-23 00:00:00-04:00,3.452778122187909,3.4887445609606997,3.416811683415118,3.4347949028015137,605200,0.0,0.0
1997-04-24 00:00:00-04:00,3.416813983712145,3.434797215205367,3.344881057739258,3.344881057739258,573200,0.0,0.0
1997-04-25 00:00:00-04:00,3.3448818103687183,3.362865045908335,3.290932103749868,3.3268985748291016,557400,0.0,0.0
1997-04-28 00:00:00-04:00,3.3089123670967457,3.4347949028015132,3.3089123670967457,3.4347949028015137,679800,0.0,0.0
1997-04-29 00:00:00-04:00,3.5067310333251953,3.5067310333251953,3.4707645611885267,3.5067310333251953,1027400,0.0,0.0
1997-04-30 00:00:00-04:00,3.4707643985748295,3.488747633800606,3.4347979281232766,3.470764398574829,793000,0.0,0.0
1997-05-01 00:00:00-04:00,3.452777862548828,3.4707610805829363,3.3988282084465027,3.452777862548828,658200,0.0,0.0
1997-05-02 00:00:00-04:00,3.452780983664773,3.560680389404297,3.452780983664773,3.560680389404297,1104200,0.0,0.0
1997-05-05 00:00:00-04:00,3.5786631142051477,3.7225289680425404,3.5786631142051477,3.704545736312866,1602400,0.0,0.0
1997-05-06 00:00:00-04:00,3.668578863143921,3.6865620928652145,3.6505956334226273,3.668578863143921,855400,0.0,0.0
1997-05-07 00:00:00-04:00,3.6685775073606575,3.6685775073606575,3.596644615059468,3.6146278381347656,647600,0.0,0.0
1997-05-08 00:00:00-04:00,3.5966468579841386,3.63261332656398,3.560680389404297,3.560680389404297,557200,0.0,0.0
1997-05-09 00:00:00-04:00,3.5786636236942178,3.614630092274059,3.5426971551143764,3.560680389404297,455800,0.0,0.0
1997-05-12 00:00:00-04:00,3.5966468579841386,3.614630092274059,3.560680389404297,3.560680389404297,617400,0.0,0.0
1997-05-13 00:00:00-04:00,3.5786636236942178,3.5966468579841386,3.5247139208244556,3.560680389404297,708000,0.0,0.0
1997-05-14 00:00:00-04:00,3.5786639510995086,3.632613658905029,3.5786639510995086,3.6326136589050293,624600,0.0,0.0
1997-05-15 00:00:00-04:00,3.632611061210063,3.632611061210063,3.596644615059468,3.6146278381347656,878200,0.0,0.0
1997-05-16 00:00:00-04:00,3.6146283423900605,3.6326115679740907,3.5786618912220005,3.5966451168060303,1203200,0.0,0.0
1997-05-19 00:00:00-04:00,3.5966451168060307,3.6326115679740907,3.5786618912220005,3.5966451168060303,713800,0.0,0.0
1997-05-20 00:00:00-04:00,3.5426971551143764,3.5966468579841386,3.506730686534535,3.560680389404297,638400,0.0,0.0
1997-05-21 00:00:00-04:00,3.560679706825218,3.596646168510321,3.5247132451401146,3.542696475982666,464400,0.0,0.0
1997-05-22 00:00:00-04:00,3.5426943965793884,3.5606776168665935,3.4887447357177734,3.4887447357177734,719600,0.0,0.0
1997-05-23 00:00:00-04:00,3.4707645611885267,3.5247142693935296,3.4707645611885267,3.5067310333251953,651800,0.0,0.0
1997-05-27 00:00:00-04:00,3.5247139208244556,3.560680389404297,3.4887474522446142,3.560680389404297,762000,0.0,0.0
1997-05-28 00:00:00-04:00,3.560679706825218,3.596646168510321,3.5247132451401146,3.542696475982666,819200,0.0,0.0
1997-05-29 00:00:00-04:00,3.5606794045798145,3.578662633895874,3.5606794045798145,3.578662633895874,747800,0.0,0.0
1997-05-30 00:00:00-04:00,3.560680389404297,3.5966468579841386,3.5426971551143764,3.560680389404297,543800,0.0,0.0
1997-06-02 00:00:00-04:00,3.578662937667769,3.578662937667769,3.5247132451401146,3.542696475982666,615200,0.0,0.0
1997-06-03 00:00:00-04:00,3.542696475982666,3.560679706825218,3.5247132451401146,3.542696475982666,489800,0.0,0.0
1997-06-04 00:00:00-04:00,3.5247132451401146,3.542696475982666,3.5247132451401146,3.542696475982666,4480000,0.0,0.0
1997-06-05 00:00:00-04:00,3.511805482208729,3.566964730620384,3.4934190660715103,3.5301918983459473,974000,0.27,0.0
1997-06-06 00:00:00-04:00,3.493419197416797,3.566964864730835,3.493419197416797,3.566964864730835,2005400,0.0,0.0
1997-06-09 00:00:00-04:00,3.5669675540429937,3.585353984733937,3.530194692661107,3.548581123352051,762200,0.0,0.0
1997-06-10 00:00:00-04:00,3.5669675540429937,3.585353984733937,3.5485811233520503,3.548581123352051,793200,0.0,0.0
1997-06-11 00:00:00-04:00,3.5485784479023255,3.5853512815593445,3.5485784479023255,3.566964864730835,774200,0.0,0.0
1997-06-12 00:00:00-04:00,3.585352190774889,3.6588978767395024,3.566965769283736,3.658897876739502,693600,0.0,0.0
1997-06-13 00:00:00-04:00,3.62212610244751,3.6588989562794643,3.62212610244751,3.6221261024475098,674200,0.0,0.0
1997-06-16 00:00:00-04:00,3.640512529363487,3.6588989562794643,3.603739675531533,3.6221261024475098,1121200,0.0,0.0
1997-06-17 00:00:00-04:00,3.622126514261419,3.6611979564546675,3.6037400852550157,3.6405129432678223,1257000,0.0,0.0
1997-06-18 00:00:00-04:00,3.640511455248349,3.6772842982306555,3.6221250337571957,3.658897876739502,880600,0.0,0.0
1997-06-19 00:00:00-04:00,3.677284250072405,3.7692163563242147,3.677284250072405,3.7508299350738525,1007000,0.0,0.0
1997-06-20 00:00:00-04:00,3.750828415600221,3.750828415600221,3.677282760392374,3.695669174194336,2389600,0.0,0.0
1997-06-23 00:00:00-04:00,3.6588995713454024,3.6588995713454024,3.5853538513183594,3.5853538513183594,588000,0.0,0.0
1997-06-24 00:00:00-04:00,3.5945462473015533,3.695671589297249,3.585353034392854,3.68647837638855,646600,0.0,0.0
1997-06-25 00:00:00-04:00,3.6956718101114188,3.6956718101114188,3.5853532486155557,3.6221261024475098,729600,0.0,0.0
1997-06-26 00:00:00-04:00,3.640512529363487,3.668092169737453,3.62212610244751,3.6221261024475098,739600,0.0,0.0
1997-06-27 00:00:00-04:00,3.6405123118450518,3.695671589297249,3.6405123118450518,3.68647837638855,556800,0.0,0.0
1997-06-30 00:00:00-04:00,3.6772835254669194,3.732442778348923,3.6588971078395844,3.677283525466919,804600,0.0,0.0
1997-07-01 00:00:00-04:00,3.6956691741943355,3.7416352086992406,3.6956691741943355,3.695669174194336,718200,0.0,0.0
1997-07-02 00:00:00-04:00,3.7140570925731287,3.7508299350738525,3.6864774606975854,3.7508299350738525,1373400,0.0,0.0
1997-07-03 00:00:00-04:00,3.815182265588793,3.815182265588793,3.7508297936391024,3.7967958450317383,821200,0.0,0.0
1997-07-07 00:00:00-04:00,3.787601788061464,3.8151814127318144,3.7508289551676635,3.7600221633911133,932400,0.0,0.0
1997-07-08 00:00:00-04:00,3.7508297936391024,3.8059890553102655,3.7508297936391024,3.7967958450317383,1883800,0.0,0.0
1997-07-09 00:00:00-04:00,3.8059902816142848,3.8059902816142848,3.760024215411214,3.7876038551330566,1948200,0.0,0.0
1997-07-10 00:00:00-04:00,3.7600232974746217,3.805989352455974,3.741636875482081,3.778409719467163,2054800,0.0,0.0
1997-07-11 00:00:00-04:00,3.769217967987061,3.787604397099193,3.760024753430995,3.7692179679870605,521600,0.0,0.0
1997-07-14 00:00:00-04:00,3.778409566949396,3.778409566949396,3.732443513823491,3.7508299350738525,1042800,0.0,0.0
1997-07-15 00:00:00-04:00,3.7140570925731287,3.7600231456990336,3.677284250072405,3.7508299350738525,740200,0.0,0.0
1997-07-16 00:00:00-04:00,3.7324440779509365,3.7508305019802517,3.704864441906964,3.7232508659362793,532600,0.0,0.0
1997-07-17 00:00:00-04:00,3.6864767342805864,3.723249569535256,3.64051069021225,3.677283525466919,663800,0.0,0.0
1997-07-18 00:00:00-04:00,3.6221243524431284,3.6680903975248937,3.5761583073613625,3.6497039794921875,836200,0.0,0.0
1997-07-21 00:00:00-04:00,3.640509868573539,3.6772826955288274,3.603737041618251,3.631316661834717,783600,0.0,0.0
1997-07-22 00:00:00-04:00,3.64051069021225,3.6772835254669194,3.5853514373302464,3.677283525466919,566000,0.0,0.0
1997-07-23 00:00:00-04:00,3.668089488790005,3.668089488790005,3.622123455095895,3.631316661834717,800200,0.0,0.0
1997-07-24 00:00:00-04:00,3.640512529363487,3.640512529363487,3.5669668216995785,3.6221261024475098,650600,0.0,0.0
1997-07-25 00:00:00-04:00,3.6405111478299506,3.6497043577992185,3.594545097983613,3.603738307952881,623200,0.0,0.0
1997-07-28 00:00:00-04:00,3.6037393535623816,3.6037393535623816,3.5393868651059104,3.576159715652466,770800,0.0,0.0
1997-07-29 00:00:00-04:00,3.566966146609862,3.6313186286363286,3.5577729348917955,3.6129322052001953,2223200,0.0,0.0
1997-07-30 00:00:00-04:00,3.6129322052001953,3.6588982637905283,3.6037389934821284,3.6129322052001953,522000,0.0,0.0
1997-07-31 00:00:00-04:00,3.622126514261419,3.640512943267822,3.6037400852550157,3.6405129432678223,602200,0.0,0.0
1997-08-01 00:00:00-04:00,3.622125778835659,3.631318991472298,3.548580077742549,3.576159715652466,659200,0.0,0.0
1997-08-04 00:00:00-04:00,3.576158339355035,3.5945447575522333,3.548578712059238,3.557771921157837,569000,0.0,0.0
1997-08-05 00:00:00-04:00,3.6129308271286127,3.6129308271286127,3.585351202494043,3.5945444107055664,577600,0.0,0.0
1997-08-06 00:00:00-04:00,3.6037376189170893,3.6497036599747052,3.5945444107055664,3.5945444107055664,868400,0.0,0.0
1997-08-07 00:00:00-04:00,3.640512529363487,3.6588989562794643,3.62212610244751,3.6221261024475098,1326200,0.0,0.0
1997-08-08 00:00:00-04:00,3.576160769388465,3.6037404154248804,3.5485811233520503,3.548581123352051,1180200,0.0,0.0
1997-08-11 00:00:00-04:00,3.5669642146629625,3.6497030753123614,3.5669642146629625,3.631316661834717,572800,0.0,0.0
1997-08-12 00:00:00-04:00,3.6497030753123614,3.6772826955288274,3.631316661834717,3.631316661834717,714600,0.0,0.0
1997-08-13 00:00:00-04:00,3.6680907777377536,3.677283987707021,3.5853518880143453,3.603738307952881,803400,0.0,0.0
1997-08-14 00:00:00-04:00,3.631317937860683,3.6497043577992185,3.576158678045078,3.603738307952881,764200,0.0,0.0
1997-08-15 00:00:00-04:00,3.566964864730835,3.603737698387854,3.566964864730835,3.566964864730835,556800,0.0,0.0
1997-08-18 00:00:00-04:00,3.576160035157567,3.62212610244751,3.548580394783601,3.6221261024475098,844800,0.0,0.0
1997-08-19 00:00:00-04:00,3.6129332997582173,3.640512943267822,3.6037400852550157,3.6405129432678223,1083000,0.0,0.0
1997-08-20 00:00:00-04:00,3.6405123118450518,3.68647837638855,3.6405123118450518,3.68647837638855,965400,0.0,0.0
1997-08-21 00:00:00-04:00,3.6772858012806284,3.6956722302870313,3.62672312151302,3.6405129432678223,1024000,0.0,0.0
1997-08-22 00:00:00-04:00,3.603737934410422,3.6497039794921875,3.603737934410422,3.6497039794921875,663800,0.0,0.0
1997-08-25 00:00:00-04:00,3.6680919505711502,3.68647837638855,3.6405123118450518,3.68647837638855,856000,0.0,0.0
1997-08-26 00:00:00-04:00,3.67728516347985,3.723251228023348,3.658898737662451,3.68647837638855,1075600,0.0,0.0
1997-08-27 00:00:00-04:00,3.686479026567256,3.741638313747813,3.686479026567256,3.7048654556274414,658800,0.0,0.0
1997-08-28 00:00:00-04:00,3.695671589297249,3.7140580151146487,3.658898737662451,3.68647837638855,502000,0.0,0.0
1997-08-29 00:00:00-04:00,3.677283606541247,3.6956700245739533,3.6497039794921875,3.6497039794921875,544400,0.0,0.0
1997-09-02 00:00:00-04:00,3.6772848058629917,3.7508305019802517,3.658898381833677,3.7232508659362793,957800,0.0,0.0
1997-09-03 00:00:00-04:00,3.73244309425354,3.76921593262057,3.7232498846617825,3.73244309425354,941400,0.0,0.0
1997-09-04 00:00:00-04:00,3.732443513823491,3.7508299350738525,3.7140570925731287,3.7508299350738525,6142600,0.0,0.0
1997-09-05 00:00:00-04:00,3.756840379932259,3.7662324808820893,3.7098798751831055,3.7098798751831055,537400,0.27,0.0
1997-09-08 00:00:00-04:00,3.719272218157898,3.775624827523927,3.719272218157898,3.7380564212799072,1019000,0.0,0.0
1997-09-09 00:00:00-04:00,3.738057769928361,3.7850182946762048,3.7286656649787924,3.7474498748779297,1920200,0.0,0.0
1997-09-10 00:00:00-04:00,3.756841023763021,3.7944094340006513,3.756841023763021,3.775625228881836,907200,0.0,0.0
1997-09-11 00:00:00-04:00,3.756840467453003,3.7662325686216356,3.7192720627784728,3.756840467453003,1050600,0.0,0.0
1997-09-12 00:00:00-04:00,3.7568414181692726,3.785017728805542,3.728665107533003,3.785017728805542,626000,0.0,0.0
1997-09-15 00:00:00-04:00,3.7850181242026903,3.831978646835478,3.7756260196761326,3.794410228729248,627800,0.0,0.0
1997-09-16 00:00:00-04:00,3.794407942475783,3.869544733415897,3.794407942475783,3.8413684368133545,1174600,0.0,0.0
1997-09-17 00:00:00-04:00,3.8695460119365173,3.8883302158779567,3.78501709420004,3.8038012981414795,866000,0.0,0.0
1997-09-18 00:00:00-04:00,3.8413693863770058,3.8507614875661917,3.8038009816202627,3.8131930828094482,444800,0.0,0.0
1997-09-19 00:00:00-04:00,3.8131921402108113,3.8413684368133545,3.803800041343297,3.8413684368133545,981000,0.0,0.0
1997-09-22 00:00:00-04:00,3.8413712152620643,3.8695475322444266,3.8225870039404897,3.8507633209228516,633200,0.0,0.0
1997-09-23 00:00:00-04:00,3.822585741678874,3.8601541519165044,3.803801536560059,3.860154151916504,613400,0.0,0.0
1997-09-24 00:00:00-04:00,3.8695464122726255,3.907114824042263,3.860154309330216,3.8977227210998535,916800,0.0,0.0
1997-09-25 00:00:00-04:00,3.8789381980895996,3.935290811136906,3.8695460959150485,3.8789381980895996,922600,0.0,0.0
1997-09-26 00:00:00-04:00,3.8883303002641507,3.9258987089623547,3.8695460959150485,3.8789381980895996,468000,0.0,0.0
1997-09-29 00:00:00-04:00,3.8695464122726255,3.8977227210998535,3.860154309330216,3.8977227210998535,545600,0.0,0.0
1997-09-30 00:00:00-04:00,3.8977244033396827,3.907116510335682,3.869548082351685,3.8695480823516846,739600,0.0,0.0
1997-10-01 00:00:00-04:00,3.8789393753880246,3.9540762155892453,3.869547270362872,3.9352920055389404,1310000,0.0,0.0
1997-10-02 00:00:00-04:00,3.9258999005137873,3.9446841105640926,3.89772358543833,3.9352920055389404,828200,0.0,0.0
1997-10-03 00:00:00-04:00,3.9822498123132872,4.019818206769073,3.944681417857501,3.972857713699341,1300800,0.0,0.0
1997-10-06 00:00:00-04:00,3.9728603295876947,4.001036643981934,3.954076119991535,4.001036643981934,547400,0.0,0.0
1997-10-07 00:00:00-04:00,3.9916457973908046,4.019822120666504,3.9916457973908046,4.019822120666504,1021000,0.0,0.0
1997-10-08 00:00:00-04:00,3.9822506790526178,4.001034880368904,3.897721773129331,3.9258980751037598,819000,0.0,0.0
1997-10-09 00:00:00-04:00,3.869545068141919,3.907113466861743,3.7192714732626206,3.888329267501831,632200,0.0,0.0
1997-10-10 00:00:00-04:00,3.869547657739549,3.9728608233588085,3.869547657739549,3.9446845054626465,857600,0.0,0.0
1997-10-13 00:00:00-04:00,3.944681417857501,3.9728577136993404,3.9352893192435547,3.972857713699341,333400,0.0,0.0
1997-10-14 00:00:00-04:00,3.972859303343971,3.991643508087914,3.972859303343971,3.9822514057159424,465600,0.0,0.0
1997-10-15 00:00:00-04:00,3.9634687173934213,3.9822529293241957,3.925900293531872,3.9446845054626465,402800,0.0,0.0
1997-10-16 00:00:00-04:00,3.9352923994972593,3.9822529293241957,3.925900293531872,3.9446845054626465,628400,0.0,0.0
1997-10-17 00:00:00-04:00,3.9071156904634825,3.93529200553894,3.8601551653377193,3.9352920055389404,845400,0.0,0.0
1997-10-20 00:00:00-04:00,3.8977239756357105,3.9728608233588085,3.8883318696703233,3.9446845054626465,716400,0.0,0.0
1997-10-21 00:00:00-04:00,3.9352893192435547,3.9728577136993404,3.9258972206296083,3.972857713699341,581400,0.0,0.0
1997-10-22 00:00:00-04:00,3.9446822764200458,3.9540743770781885,3.897721773129331,3.9258980751037598,536600,0.0,0.0
1997-10-23 00:00:00-04:00,3.869545068141919,3.9165055665416992,3.8507608687820065,3.888329267501831,622000,0.0,0.0
1997-10-24 00:00:00-04:00,3.8977227994292187,3.9165070056915283,3.8601543869045996,3.9165070056915283,668200,0.0,0.0
1997-10-27 00:00:00-05:00,3.888330618157444,3.954075338754309,3.860154309330216,3.8977227210998535,1192200,0.0,0.0
1997-10-28 00:00:00-05:00,3.850762206387807,3.916506926984672,3.8319780005029886,3.8977227210998535,1726800,0.0,0.0
1997-10-29 00:00:00-05:00,3.8883291150514894,3.9352896116100826,3.8695449164280524,3.9071133136749268,1756200,0.0,0.0
1997-10-30 00:00:00-05:00,3.8789401893476843,3.916508617331681,3.8507638683596865,3.8695480823516846,934800,0.0,0.0
1997-10-31 00:00:00-05:00,3.907114824042263,3.916506926984672,3.8695464122726255,3.8977227210998535,1316200,0.0,0.0
1997-11-03 00:00:00-05:00,3.9071133136749268,3.9352896116100826,3.8977212143632083,3.9071133136749268,869400,0.0,0.0
1997-11-04 00:00:00-05:00,3.9071147430564555,3.9634673595428467,3.8883305375609916,3.9634673595428467,2001600,0.0,0.0
1997-11-05 00:00:00-05:00,3.963467678378144,3.9822518853846756,3.916507160861815,3.954075574874878,551800,0.0,0.0
1997-11-06 00:00:00-05:00,3.925900293531872,3.954076611428034,3.9071160816010977,3.9446845054626465,341600,0.0,0.0
1997-11-07 00:00:00-05:00,3.9071160816010977,3.9446845054626465,3.8977239756357105,3.9446845054626465,711200,0.0,0.0
1997-11-10 00:00:00-05:00,3.9540752567951145,4.001035770533774,3.8038016128314047,3.9634673595428467,636000,0.0,0.0
1997-11-11 00:00:00-05:00,3.9728603295876947,4.010428748780013,3.963468224789615,4.001036643981934,283000,0.0,0.0
1997-11-12 00:00:00-05:00,3.9916436672210693,4.047996283699484,3.9634673589818616,3.9916436672210693,322800,0.0,0.0
1997-11-13 00:00:00-05:00,4.001037584318148,4.0573902263507975,3.991645477312706,4.029213905334473,444400,0.0,0.0
1997-11-14 00:00:00-05:00,4.0292126278954346,4.104349460117261,4.0292126278954346,4.066781044006348,654200,0.0,0.0
1997-11-17 00:00:00-05:00,4.104349926012253,4.1419183463876506,4.085565715824553,4.123134136199951,679800,0.0,0.0
1997-11-18 00:00:00-05:00,4.160703349816285,4.179487563585208,4.104350708509519,4.141919136047363,1025600,0.0,0.0
1997-11-19 00:00:00-05:00,4.14191816329956,4.245231314765082,4.113741849263509,4.226447105407715,1120000,0.0,0.0
1997-11-20 00:00:00-05:00,4.217054521800666,4.2827992470848635,4.207662418188638,4.254622936248779,910200,0.0,0.0
1997-11-21 00:00:00-05:00,4.264013772459468,4.292190074920654,4.217053268357492,4.292190074920654,739200,0.0,0.0
1997-11-24 00:00:00-05:00,4.254621671639073,4.339150579022631,4.254621671639073,4.292190074920654,1774400,0.0,0.0
1997-11-25 00:00:00-05:00,4.292189932382235,4.37671883695869,4.292189932382235,4.367326736450195,586800,0.0,0.0
1997-11-26 00:00:00-05:00,4.367327690124512,4.37671979268392,4.329759279886882,4.339151382446289,542200,0.0,0.0
1997-11-28 00:00:00-05:00,4.386111736297607,4.386111736297607,4.357935429640449,4.386111736297607,280000,0.0,0.0
1997-12-01 00:00:00-05:00,4.386112834833845,4.480033880547632,4.367328625691088,4.451857566833496,1038400,0.0,0.0
1997-12-02 00:00:00-05:00,4.4518556534105045,4.480031955014368,4.386110949668155,4.423679351806641,633000,0.0,0.0
1997-12-03 00:00:00-05:00,4.404895150737398,4.433071452341262,4.367326748598913,4.423679351806641,1156400,0.0,0.0
1997-12-04 00:00:00-05:00,4.433070182800293,4.442462280645209,4.39550179142063,4.433070182800293,687000,0.0,0.0
1997-12-05 00:00:00-05:00,4.39550179142063,4.461246476335041,4.39550179142063,4.433070182800293,2936400,0.0,0.0
1997-12-08 00:00:00-05:00,4.410494214857172,4.515733773129252,4.353090819436038,4.372225284576416,5410600,0.27,0.0
1997-12-09 00:00:00-05:00,4.353091846341672,4.410495255304419,4.314822907033173,4.400928020477295,566400,0.0,0.0
1997-12-10 00:00:00-05:00,4.391359664270006,4.439195826190159,4.314821805197762,4.3435235023498535,2542200,0.0,0.0
1997-12-11 00:00:00-05:00,4.343522906833225,4.362657368977865,4.295686751471625,4.305253982543945,387600,0.0,0.0
1997-12-12 00:00:00-05:00,4.324390141860298,4.400928020477295,4.305255672206049,4.400928020477295,823600,0.0,0.0
1997-12-15 00:00:00-05:00,4.439197734250861,4.515735626220703,4.4200632612584,4.515735626220703,522200,0.0,0.0
1997-12-16 00:00:00-05:00,4.515734222928263,4.525301456451416,4.467898055312497,4.525301456451416,635400,0.0,0.0
1997-12-17 00:00:00-05:00,4.534870647631194,4.544437885284424,4.506168934671503,4.544437885284424,1000800,0.0,0.0
1997-12-18 00:00:00-05:00,4.544437885284424,4.544437885284424,4.506168934671503,4.544437885284424,909400,0.0,0.0
1997-12-19 00:00:00-05:00,4.5253002051271825,4.592270821270714,4.515732974249535,4.582703590393066,1115600,0.0,0.0
1997-12-22 00:00:00-05:00,4.620971022582635,4.716643300482897,4.592269339212557,4.707076072692871,787600,0.0,0.0
1997-12-23 00:00:00-05:00,4.687944493477533,4.764482362758799,4.611406624196268,4.716646194458008,971200,0.0,0.0
1997-12-24 00:00:00-05:00,4.6975097032168645,4.716644162293105,4.668808014602505,4.678375244140625,259200,0.0,0.0
1997-12-26 00:00:00-05:00,4.697508844902845,4.73577775606295,4.687941617112818,4.707076072692871,291000,0.0,0.0
1997-12-29 00:00:00-05:00,4.716645269741414,4.735779733310345,4.678376342603553,4.726212501525879,1223200,0.0,0.0
1997-12-30 00:00:00-05:00,4.726212202072143,4.783615589141846,4.726212202072143,4.783615589141846,621400,0.0,0.0
1997-12-31 00:00:00-05:00,4.754916948981744,4.869723796844482,4.745349711659849,4.869723796844482,725000,0.0,0.0
1998-01-02 00:00:00-05:00,4.869723796844482,4.888858271488272,4.850589322200693,4.869723796844482,1010000,0.0,0.0
1998-01-05 00:00:00-05:00,4.898423368107535,4.898423368107535,4.707078705290835,4.79318380355835,1321400,0.0,0.0
1998-01-06 00:00:00-05:00,4.735779733310345,4.774048660448206,4.707078037956949,4.726212501525879,736600,0.0,0.0
1998-01-07 00:00:00-05:00,4.687941617112818,4.707076072692871,4.649672705952714,4.707076072692871,766800,0.0,0.0
1998-01-08 00:00:00-05:00,4.697510948639834,4.774048805236816,4.640107556192096,4.774048805236816,721400,0.0,0.0
1998-01-09 00:00:00-05:00,4.783615950615176,4.793183182516406,4.726212559207793,4.745347023010254,706800,0.0,0.0
1998-01-12 00:00:00-05:00,4.668809799559088,4.802751064300537,4.668809799559088,4.802751064300537,861200,0.0,0.0
1998-01-13 00:00:00-05:00,4.802750501460685,4.802750501460685,4.678376484490588,4.774048805236816,664600,0.0,0.0
1998-01-14 00:00:00-05:00,4.78361603731144,4.78361603731144,4.726212644863702,4.774048805236816,564800,0.0,0.0
1998-01-15 00:00:00-05:00,4.774049705183002,4.774049705183002,4.697511834158025,4.754915237426758,1138400,0.0,0.0
1998-01-16 00:00:00-05:00,4.802750051498412,4.82188451385498,4.764481126785278,4.783615589141846,1185800,0.0,0.0
1998-01-20 00:00:00-05:00,4.7931829669688,4.831451892852783,4.783615735497805,4.831451892852783,731800,0.0,0.0
1998-01-21 00:00:00-05:00,4.812317743781925,4.946258993111839,4.812317743781925,4.936691761016846,3088000,0.0,0.0
1998-01-22 00:00:00-05:00,4.936691761016846,4.955826225206833,4.917557296826858,4.936691761016846,744000,0.0,0.0
1998-01-23 00:00:00-05:00,4.9366944580977465,4.946261695419641,4.841022084878798,4.869723796844482,573200,0.0,0.0
1998-01-26 00:00:00-05:00,4.8697190937930595,4.9175552342036,4.860151865710951,4.888853549957275,637400,0.0,0.0
1998-01-27 00:00:00-05:00,4.850587230279626,4.907990629454533,4.802751064300537,4.802751064300537,903000,0.0,0.0
1998-01-28 00:00:00-05:00,4.745346516310567,4.783615439829201,4.697510361912275,4.735779285430908,1616800,0.0,0.0
1998-01-29 00:00:00-05:00,4.745348003548636,4.841020342329858,4.707079068036147,4.754915237426758,1332400,0.0,0.0
1998-01-30 00:00:00-05:00,4.764481486812715,4.764481486812715,4.707078095405333,4.745347023010254,976000,0.0,0.0
1998-02-02 00:00:00-05:00,4.802751036699185,4.821885502980854,4.735780404713339,4.79318380355835,765200,0.0,0.0
1998-02-03 00:00:00-05:00,4.802750051498412,4.82188451385498,4.764481126785278,4.783615589141846,520200,0.0,0.0
1998-02-04 00:00:00-05:00,4.726212559207793,4.774048718713946,4.716645327306563,4.745347023010254,522200,0.0,0.0
1998-02-05 00:00:00-05:00,4.745347637854175,4.79318380355835,4.6975114721499995,4.79318380355835,593200,0.0,0.0
1998-02-06 00:00:00-05:00,4.7836176992401365,4.879290053224939,4.7740504638416565,4.8601555824279785,696400,0.0,0.0
1998-02-09 00:00:00-05:00,4.869720368517246,4.879287599103724,4.764480832065989,4.8410186767578125,720200,0.0,0.0
1998-02-10 00:00:00-05:00,4.841020688823625,4.888856861638088,4.812318985134947,4.879289627075195,717400,0.0,0.0
1998-02-11 00:00:00-05:00,4.869722817826459,4.88885728862342,4.841021111631019,4.8601555824279785,534000,0.0,0.0
1998-02-12 00:00:00-05:00,4.831453876232538,4.879290053224939,4.7836176992401365,4.8601555824279785,701800,0.0,0.0
1998-02-13 00:00:00-05:00,4.821886640834058,4.879290053224939,4.793184934638617,4.8601555824279785,428000,0.0,0.0
1998-02-17 00:00:00-05:00,4.888855962082744,4.907990427687764,4.831452565267682,4.898423194885254,937800,0.0,0.0
1998-02-18 00:00:00-05:00,4.879289627075195,4.907991330763872,4.86015515794941,4.879289627075195,599400,0.0,0.0
1998-02-19 00:00:00-05:00,4.879288503101894,4.879288503101894,4.783616179511661,4.821885108947754,907200,0.0,0.0
1998-02-20 00:00:00-05:00,4.802750728539461,4.860154123701287,4.764481798431577,4.850586891174316,966200,0.0,0.0
1998-02-23 00:00:00-05:00,4.860153904256894,4.936691761016846,4.831452207971912,4.936691761016846,775400,0.0,0.0
1998-02-24 00:00:00-05:00,4.898423194885254,4.907990427687764,4.841019798070192,4.898423194885254,468200,0.0,0.0
1998-02-25 00:00:00-05:00,4.917557744146551,4.946259443042347,4.860154346354957,4.927124977111816,806400,0.0,0.0
1998-02-26 00:00:00-05:00,4.9366945523267605,4.965396264840288,4.888858364804214,4.907992839813232,1109000,0.0,0.0
1998-02-27 00:00:00-05:00,4.879288368446882,4.936691761016846,4.8505866721619,4.936691761016846,444800,0.0,0.0
1998-03-02 00:00:00-05:00,4.907988579820566,4.9462574966222865,4.907988579820566,4.917555809020996,366200,0.0,0.0
1998-03-03 00:00:00-05:00,4.9271260081110775,4.974962182947108,4.9271260081110775,4.955827713012695,817200,0.0,0.0
1998-03-04 00:00:00-05:00,4.936693217353157,4.965394922105211,4.927125982435806,4.946260452270508,436600,0.0,0.0
1998-03-05 00:00:00-05:00,4.927123667876844,4.984527050415215,4.927123667876844,4.965392589569092,744800,0.0,0.0
1998-03-06 00:00:00-05:00,4.942432741018441,5.059183120727539,4.942432741018441,5.059183120727539,17188000,0.27,0.0
1998-03-09 00:00:00-05:00,5.020266327491173,5.059183120727539,5.00080793087299,5.059183120727539,1196200,0.0,0.0
1998-03-10 00:00:00-05:00,5.059180168356475,5.1078261315137485,5.04945097572502,5.078638553619385,2448800,0.0,0.0
1998-03-11 00:00:00-05:00,5.039721783093565,5.078638553619385,5.000805012567747,5.078638553619385,751800,0.0,0.0
1998-03-12 00:00:00-05:00,5.039724992431758,5.098100185394287,5.010537395950492,5.098100185394287,497800,0.0,0.0
1998-03-13 00:00:00-05:00,5.078640849604083,5.078640849604083,5.020265667424726,5.049453258514404,421600,0.0,0.0
1998-03-16 00:00:00-05:00,5.078641787740111,5.098100185394287,5.059183390085934,5.098100185394287,408400,0.0,0.0
1998-03-17 00:00:00-05:00,5.098097163669312,5.292681024878065,5.098097163669312,5.282951831817627,1702400,0.0,0.0
1998-03-18 00:00:00-05:00,5.312138468679721,5.331596851348878,5.253763320672252,5.331596851348877,918200,0.0,0.0
1998-03-19 00:00:00-05:00,5.331599693571795,5.428891658782959,5.282953710966213,5.428891658782959,2204000,0.0,0.0
1998-03-20 00:00:00-05:00,5.428892903492368,5.662393673535051,5.41916370474059,5.642935276031494,2968800,0.0,0.0
1998-03-23 00:00:00-05:00,5.5650993347167965,5.759683227539062,5.54564094543457,5.740224838256836,2679800,0.0,0.0
1998-03-24 00:00:00-05:00,5.749956028859491,5.798602018951365,5.740226830841117,5.76941442489624,2768800,0.0,0.0
1998-03-25 00:00:00-05:00,5.769413847883208,5.798601439019211,5.7402262567472055,5.788872241973877,1566400,0.0,0.0
1998-03-26 00:00:00-05:00,5.798603399476008,5.895895402822921,5.798603399476008,5.866707801818848,2186400,0.0,0.0
1998-03-27 00:00:00-05:00,5.837517168054628,5.886163144455083,5.779141996374082,5.8083295822143555,1362400,0.0,0.0
1998-03-30 00:00:00-05:00,5.798603057861328,5.84724905666889,5.7791446583383035,5.798603057861328,1174000,0.0,0.0
1998-03-31 00:00:00-05:00,5.79860405258785,5.905625268323532,5.79860405258785,5.876437664031982,1731400,0.0,0.0
1998-04-01 00:00:00-05:00,5.876436655953426,5.89589505547645,5.769415458576791,5.798603057861328,1831000,0.0,0.0
1998-04-02 00:00:00-05:00,5.788874199141317,5.866707801818848,5.7791449988066255,5.866707801818848,679200,0.0,0.0
1998-04-03 00:00:00-05:00,5.866706096668275,5.876435294175188,5.798601714119887,5.827789306640625,678000,0.0,0.0
1998-04-06 00:00:00-04:00,5.837519856907377,5.837519856907377,5.740227859292254,5.798603057861328,2802200,0.0,0.0
1998-04-07 00:00:00-04:00,5.7986000061035154,5.8131937980651855,5.740224838256836,5.740224838256836,1973600,0.0,0.0
1998-04-08 00:00:00-04:00,5.740225609034708,5.740225609034708,5.642933649559543,5.681850433349609,1185200,0.0,0.0
1998-04-09 00:00:00-04:00,5.681850426873043,5.730496406555176,5.633204447190911,5.730496406555176,1866800,0.0,0.0
1998-04-13 00:00:00-04:00,5.681852952239831,5.7013113527612,5.5748317493723,5.613748550415039,2256400,0.0,0.0
1998-04-14 00:00:00-04:00,5.60401687226765,5.642933656102842,5.565100088432457,5.633204460144043,1771800,0.0,0.0
1998-04-15 00:00:00-04:00,5.623478816488515,5.623478816488515,5.5651036038606065,5.5942912101745605,583200,0.0,0.0
1998-04-16 00:00:00-04:00,5.555371674013809,5.594288463323889,5.51645488470373,5.52618408203125,1311800,0.0,0.0
1998-04-17 00:00:00-04:00,5.526184745748348,5.535913944244385,5.47753875326817,5.535913944244385,941600,0.0,0.0
1998-04-20 00:00:00-04:00,5.477537155151367,5.496995546466292,5.428891176864055,5.477537155151367,943400,0.0,0.0
1998-04-21 00:00:00-04:00,5.448350051825193,5.487266837909658,5.370516479656261,5.428891658782959,2855400,0.0,0.0
1998-04-22 00:00:00-04:00,5.409433577570662,5.409433577570662,5.312141606751046,5.321870803833008,620600,0.0,0.0
1998-04-23 00:00:00-04:00,5.292682463351679,5.3121408547610605,5.195390506304773,5.234307289123535,1497200,0.0,0.0
1998-04-24 00:00:00-04:00,5.2148497345250675,5.321870904450022,5.2051205372591625,5.302412509918213,874400,0.0,0.0
1998-04-27 00:00:00-04:00,5.253764330330542,5.263493523534858,5.088368045857173,5.166201591491699,1895600,0.0,0.0
1998-04-28 00:00:00-04:00,5.146744436638378,5.253765587494753,5.09809845897639,5.205119609832764,1780600,0.0,0.0
1998-04-29 00:00:00-04:00,5.214848805365162,5.214848805365162,5.13701524110598,5.205119609832764,1324200,0.0,0.0
1998-04-30 00:00:00-04:00,5.234309487724659,5.331601485637757,5.21485108814204,5.22458028793335,1759600,0.0,0.0
1998-05-01 00:00:00-04:00,5.234307196429957,5.282953174091945,5.195390414300366,5.205119609832764,2088200,0.0,0.0
1998-05-04 00:00:00-04:00,5.214850878759584,5.292684473964952,5.214850878759584,5.2634968757629395,646600,0.0,0.0
1998-05-05 00:00:00-04:00,5.224576750717595,5.23430594392191,5.098097239061489,5.166201591491699,706600,0.0,0.0
1998-05-06 00:00:00-04:00,5.205119609832764,5.214848805365162,5.146744436638378,5.205119609832764,632000,0.0,0.0
1998-05-07 00:00:00-04:00,5.205122579105799,5.214851780188241,5.175934975858477,5.185664176940918,464000,0.0,0.0
1998-05-08 00:00:00-04:00,5.21485108814204,5.263497087098589,5.20512188835073,5.22458028793335,394200,0.0,0.0
1998-05-11 00:00:00-04:00,5.2245780008975595,5.2440363919623545,5.185661218767969,5.205119609832764,434400,0.0,0.0
1998-05-12 00:00:00-04:00,5.19539268855942,5.22458028793335,5.18566348876811,5.22458028793335,831800,0.0,0.0
1998-05-13 00:00:00-04:00,5.224576750717595,5.282951909943489,5.137014011878752,5.166201591491699,775000,0.0,0.0
1998-05-14 00:00:00-04:00,5.146743205083068,5.195389171104647,5.146743205083068,5.166201591491699,557000,0.0,0.0
1998-05-15 00:00:00-04:00,5.244038606850842,5.253767806492495,5.1856634090009255,5.195392608642578,1043600,0.0,0.0
1998-05-18 00:00:00-04:00,5.185662182322088,5.195391379662279,5.146745392961322,5.156474590301514,1214400,0.0,0.0
1998-05-19 00:00:00-04:00,5.146746179529729,5.156475378356817,5.098100185394287,5.098100185394287,1363000,0.0,0.0
1998-05-20 00:00:00-04:00,5.088369935184378,5.146745116085154,5.088369935184378,5.117557525634766,1107800,0.0,0.0
1998-05-21 00:00:00-04:00,5.107829384221376,5.156475378356817,5.068912588913022,5.098100185394287,819600,0.0,0.0
1998-05-22 00:00:00-04:00,5.098100476237602,5.098100476237602,5.049454479326938,5.088371276855469,686600,0.0,0.0
1998-05-26 00:00:00-04:00,5.127288015606334,5.137017214876934,5.010537624359131,5.010537624359131,551600,0.0,0.0
1998-05-27 00:00:00-04:00,4.971622318834871,5.0689143407298785,4.942434712266369,5.039726734161377,882600,0.0,0.0
1998-05-28 00:00:00-04:00,5.06890936098793,5.098096938882294,5.0202633978306554,5.078638553619385,436600,0.0,0.0
1998-05-29 00:00:00-04:00,5.078641011579982,5.156474590301514,5.068911814239789,5.156474590301514,1344400,0.0,0.0
1998-06-01 00:00:00-04:00,5.156471407326469,5.331596851348878,5.156471407326469,5.331596851348877,2438200,0.0,0.0
1998-06-02 00:00:00-04:00,5.331598378785509,5.370515155272995,5.292681602298024,5.360785961151123,2783200,0.0,0.0
1998-06-03 00:00:00-04:00,5.3607874803164375,5.4483502522272325,5.35105828343746,5.389975070953369,1814000,0.0,0.0
1998-06-04 00:00:00-04:00,5.351058496247737,5.351058496247737,5.263495720854593,5.302412509918213,5759400,0.0,0.0
1998-06-05 00:00:00-04:00,5.308740419655269,5.358170032501221,5.219767116532555,5.358170032501221,20206200,0.27,0.0
1998-06-08 00:00:00-04:00,5.377942488881086,5.397714336266678,5.269197328260328,5.279083251953125,815600,0.0,0.0
1998-06-09 00:00:00-04:00,5.288969311884152,5.318627083726493,5.259311540041811,5.269197463989258,552200,0.0,0.0
1998-06-10 00:00:00-04:00,5.2790832554787235,5.377942492472707,5.2790832554787235,5.348284721374512,991200,0.0,0.0
1998-06-11 00:00:00-04:00,5.36805596638247,5.427371501922607,5.338398198612401,5.427371501922607,755400,0.0,0.0
1998-06-12 00:00:00-04:00,5.447142335432994,5.496571939202804,5.3977127316631845,5.466914176940918,724200,0.0,0.0
1998-06-15 00:00:00-04:00,5.447142734527588,5.516344184875488,5.417484970092773,5.437256813049316,659000,0.0,0.0
1998-06-16 00:00:00-04:00,5.437256414679032,5.47680009769488,5.358169048647337,5.466914176940918,846400,0.0,0.0
1998-06-17 00:00:00-04:00,5.466914500353323,5.476800421692118,5.338397522948996,5.407598972320557,990400,0.0,0.0
1998-06-18 00:00:00-04:00,5.3779443105061855,5.506461362044017,5.3779443105061855,5.457031726837158,1787000,0.0,0.0
1998-06-19 00:00:00-04:00,5.3977095924154685,5.457025082442012,5.3977095924154685,5.417481422424316,598600,0.0,0.0
1998-06-22 00:00:00-04:00,5.417484893659351,5.511401146377898,5.407598972320557,5.407598972320557,497400,0.0,0.0
1998-06-23 00:00:00-04:00,5.407599656742562,5.43725742451263,5.397713734152538,5.427371501922607,551600,0.0,0.0
1998-06-24 00:00:00-04:00,5.417483855696286,5.427369775140987,5.348282419583377,5.3779401779174805,545000,0.0,0.0
1998-06-25 00:00:00-04:00,5.4174861872703,5.427372110969698,5.338398797675113,5.348284721374512,1006400,0.0,0.0
1998-06-26 00:00:00-04:00,5.348283235742412,5.43725652432223,5.338397314789098,5.387826919555664,813400,0.0,0.0
1998-06-29 00:00:00-04:00,5.397713734152538,5.476801114872722,5.387827811562516,5.427371501922607,1019400,0.0,0.0
1998-06-30 00:00:00-04:00,5.43725525186196,5.457027089141458,5.397711577302964,5.447141170501709,882000,0.0,0.0
1998-07-01 00:00:00-04:00,5.457028656005859,5.476800498962402,5.417484970092773,5.437256813049316,446000,0.0,0.0
1998-07-02 00:00:00-04:00,5.447142657675734,5.447142657675734,5.397713050981762,5.407598972320557,603200,0.0,0.0
1998-07-06 00:00:00-04:00,5.4076020916303005,5.457031726837158,5.4076020916303005,5.457031726837158,403200,0.0,0.0
1998-07-07 00:00:00-04:00,5.466914500353323,5.466914500353323,5.377941208304173,5.407598972320557,512600,0.0,0.0
1998-07-08 00:00:00-04:00,5.427371490485554,5.447143335623935,5.348284109932031,5.358170032501221,300200,0.0,0.0
1998-07-09 00:00:00-04:00,5.358169959073606,5.358169959073606,5.318626269338745,5.328512191772461,623200,0.0,0.0
1998-07-10 00:00:00-04:00,5.29885429099754,5.338397979736328,5.259310602258752,5.338397979736328,661000,0.0,0.0
1998-07-13 00:00:00-04:00,5.318625292383638,5.3383971336192655,5.259309768676758,5.259309768676758,498800,0.0,0.0
1998-07-14 00:00:00-04:00,5.269194817765851,5.298852574713877,5.269194817765851,5.288966655731201,548400,0.0,0.0
1998-07-15 00:00:00-04:00,5.2988550993387165,5.308741023031513,5.269197328260328,5.279083251953125,325200,0.0,0.0
1998-07-16 00:00:00-04:00,5.279082847041125,5.338398384648329,5.249425078237523,5.308740615844727,399600,0.0,0.0
1998-07-17 00:00:00-04:00,5.298851490020752,5.3186233239387395,5.249421905225782,5.298851490020752,307600,0.0,0.0
1998-07-20 00:00:00-04:00,5.259311540041811,5.3087411597790455,5.239539692146916,5.269197463989258,410200,0.0,0.0
1998-07-21 00:00:00-04:00,5.259311607519485,5.269197531593769,5.219767911222346,5.229653835296631,467200,0.0,0.0
1998-07-22 00:00:00-04:00,5.239539155302989,5.328512461713794,5.239539155302989,5.308740615844727,1868800,0.0,0.0
1998-07-23 00:00:00-04:00,5.3186271519651935,5.328513076039478,5.209881987148061,5.229653835296631,693000,0.0,0.0
1998-07-24 00:00:00-04:00,5.229652193963415,5.249424035906566,5.1901085100771125,5.209880352020264,842200,0.0,0.0
1998-07-27 00:00:00-04:00,5.209881786103552,5.279083251953125,5.209881786103552,5.279083251953125,1030800,0.0,0.0
1998-07-28 00:00:00-04:00,5.249423848058944,5.279081609912384,5.199994244969877,5.259309768676758,664000,0.0,0.0
1998-07-29 00:00:00-04:00,5.259311607519485,5.308741227890908,5.219767911222346,5.229653835296631,327200,0.0,0.0
1998-07-30 00:00:00-04:00,5.259307822184776,5.3186233239387395,5.259307822184776,5.298851490020752,742200,0.0,0.0
1998-07-31 00:00:00-04:00,5.2790828289083045,5.2889687518088815,5.111022139598489,5.170337677001953,433600,0.0,0.0
1998-08-03 00:00:00-04:00,5.160452167639571,5.279083251953125,5.130794396561183,5.279083251953125,1036200,0.0,0.0
1998-08-04 00:00:00-04:00,5.318626804785295,5.358170498501171,5.209881647066637,5.2197675704956055,1326400,0.0,0.0
1998-08-05 00:00:00-04:00,5.279081877222601,5.279081877222601,5.1604508238018685,5.239538192749023,977200,0.0,0.0
1998-08-06 00:00:00-04:00,5.229650071307794,5.338395157856727,5.209878237389806,5.298851490020752,1409400,0.0,0.0
1998-08-07 00:00:00-04:00,5.279082651947697,5.368055955070411,5.229653039101746,5.358170032501221,692600,0.0,0.0
1998-08-10 00:00:00-04:00,5.3383967116638855,5.407598150518788,5.279081192645398,5.397712230682373,522600,0.0,0.0
1998-08-11 00:00:00-04:00,5.377941803941036,5.407599571242182,5.298854424471315,5.328512191772461,1012400,0.0,0.0
1998-08-12 00:00:00-04:00,5.308740430842332,5.496572960052768,5.288968585662286,5.427371501922607,1205200,0.0,0.0
1998-08-13 00:00:00-04:00,5.407600263570902,5.437258034669097,5.318626950276316,5.348284721374512,752600,0.0,0.0
1998-08-14 00:00:00-04:00,5.328512870417105,5.377942488881086,5.249425480874736,5.279083251953125,938600,0.0,0.0
1998-08-17 00:00:00-04:00,5.259310226440429,5.457028656005859,5.209880619049072,5.437256813049316,776400,0.0,0.0
1998-08-18 00:00:00-04:00,5.457031726837158,5.4965754350026454,5.397716164588928,5.457031726837158,1222600,0.0,0.0
1998-08-19 00:00:00-04:00,5.437253252433164,5.437253252433164,5.377937762406621,5.417481422424316,2652600,0.0,0.0
1998-08-20 00:00:00-04:00,5.407599048614502,5.457028656005859,5.377941284179688,5.437256813049316,416600,0.0,0.0
1998-08-21 00:00:00-04:00,5.437256569086119,5.555887621502544,5.407598805982014,5.5262298583984375,1941600,0.0,0.0
1998-08-24 00:00:00-04:00,5.555887380116422,5.644860665563127,5.546001459511233,5.615202903747559,942600,0.0,0.0
1998-08-25 00:00:00-04:00,5.64486306661378,5.64486306661378,5.5262319688916,5.546003818511963,606400,0.0,0.0
1998-08-26 00:00:00-04:00,5.536118814219599,5.7536091962067974,5.536118814219599,5.684407711029053,2117000,0.0,0.0
1998-08-27 00:00:00-04:00,5.664632188318498,5.773377308862134,5.654746268269077,5.67451810836792,775000,0.0,0.0
1998-08-28 00:00:00-04:00,5.674517066208358,5.773376248546483,5.674517066208358,5.753604412078857,1709000,0.0,0.0
1998-08-31 00:00:00-04:00,5.743719657806501,5.971095823261836,5.723947817332124,5.773377418518066,1979400,0.0,0.0
1998-09-01 00:00:00-04:00,5.783263338755255,5.81292109946682,5.68440413638337,5.773377418518066,2317400,0.0,0.0
1998-09-02 00:00:00-04:00,5.773376419430687,5.8821215232213335,5.773376419430687,5.812920093536377,8650000,0.0,0.0
1998-09-03 00:00:00-04:00,5.812919921481733,5.822805839715545,5.694288902675982,5.753604412078857,5142000,0.0,0.0
1998-09-04 00:00:00-04:00,5.770066550799779,5.770066550799779,5.5693685838154385,5.619543075561523,16019600,0.27,0.0
1998-09-08 00:00:00-04:00,5.619538714944684,5.679748058319092,5.539259590445475,5.679748058319092,1971600,0.0,0.0
1998-09-09 00:00:00-04:00,5.619542243810543,5.770065696769755,5.559332862626859,5.729926109313965,2549000,0.0,0.0
1998-09-10 00:00:00-04:00,5.729925390746859,5.840309242407481,5.679750912719303,5.780099868774414,2376600,0.0,0.0
1998-09-11 00:00:00-04:00,5.780100051670859,5.8804490109012555,5.760030259824779,5.860379219055176,2908600,0.0,0.0
1998-09-14 00:00:00-04:00,5.870411650609162,5.93062100087182,5.8603767588987195,5.920586109161377,1772000,0.0,0.0
1998-09-15 00:00:00-04:00,5.900515567443137,6.061073814176283,5.880445786601494,6.030969142913818,1373400,0.0,0.0
1998-09-16 00:00:00-04:00,6.071110494801256,6.1212849617004395,6.0309709212819085,6.1212849617004395,2809000,0.0,0.0
1998-09-17 00:00:00-04:00,6.121286293128868,6.28184462212897,6.121286293128868,6.181495666503906,2388400,0.0,0.0
1998-09-18 00:00:00-04:00,6.181495666503907,6.261774831003957,6.181495666503907,6.181495666503906,2156400,0.0,0.0
1998-09-21 00:00:00-04:00,6.181495093052683,6.181495093052683,6.141355514526367,6.141355514526367,1621000,0.0,0.0
1998-09-22 00:00:00-04:00,6.171459530386163,6.22163399811288,6.16142463684082,6.16142463684082,842400,0.0,0.0
1998-09-23 00:00:00-04:00,6.1814936794268736,6.251737925783997,6.1814936794268736,6.241703033447266,1304000,0.0,0.0
1998-09-24 00:00:00-04:00,6.241701887789413,6.301911230758442,6.061073858882324,6.131318092346191,1999600,0.0,0.0
1998-09-25 00:00:00-04:00,6.131321188691375,6.291879517691476,6.131321188691375,6.181495666503906,1002000,0.0,0.0
1998-09-28 00:00:00-04:00,6.201564181934703,6.291878223419189,6.191529288436427,6.2918782234191895,1751000,0.0,0.0
1998-09-29 00:00:00-04:00,6.291877376296441,6.372156513474067,6.181493562677205,6.332016944885254,2254600,0.0,0.0
1998-09-30 00:00:00-04:00,6.291878036171529,6.362122288568979,6.231668676973716,6.311947822570801,2947000,0.0,0.0
1998-10-01 00:00:00-04:00,6.311948353389525,6.402262399781425,6.291878565302436,6.382192611694336,1261600,0.0,0.0
1998-10-02 00:00:00-04:00,6.362124513696742,6.592927138010661,6.362124513696742,6.502613067626953,2138800,0.0,0.0
1998-10-05 00:00:00-04:00,6.5427512726960355,6.843798110396773,6.5126465889259615,6.773553848266602,2453200,0.0,0.0
1998-10-06 00:00:00-04:00,6.823725542864643,6.833760433368855,6.683237075805664,6.683237075805664,2023200,0.0,0.0
1998-10-07 00:00:00-04:00,6.723379897219794,6.863868432385581,6.683240315743855,6.743449687957764,3056800,0.0,0.0
1998-10-08 00:00:00-04:00,6.803656545227874,6.803656545227874,6.643098278673824,6.703307628631592,1252600,0.0,0.0
1998-10-09 00:00:00-04:00,6.683239535987377,6.683239535987377,6.422332286834717,6.422332286834717,2069200,0.0,0.0
1998-10-12 00:00:00-04:00,6.392226418498244,6.392226418498244,6.1212843254064815,6.241703033447266,1575800,0.0,0.0
1998-10-13 00:00:00-04:00,6.22163378377408,6.372157181768614,6.181494210975537,6.311947822570801,2366600,0.0,0.0
1998-10-14 00:00:00-04:00,6.311949577451126,6.502612601253307,6.311949577451126,6.402263641357422,1795600,0.0,0.0
1998-10-15 00:00:00-04:00,6.402261953528335,6.643099393786454,6.402261953528335,6.582890033721924,2525800,0.0,0.0
1998-10-16 00:00:00-04:00,6.6430998568264945,6.6430998568264945,6.362122823607248,6.382192611694336,2288600,0.0,0.0
1998-10-19 00:00:00-04:00,6.382193281100347,6.4424026516767645,6.26177453994751,6.26177453994751,1359200,0.0,0.0
1998-10-20 00:00:00-04:00,6.25173867874891,6.261773572294254,6.121285062659447,6.16142463684082,1618200,0.0,0.0
1998-10-21 00:00:00-04:00,6.201564108739134,6.201564108739134,6.051040708041582,6.1212849617004395,968600,0.0,0.0
1998-10-22 00:00:00-04:00,6.1112500683206035,6.171459428599624,6.101215174940767,6.1212849617004395,831600,0.0,0.0
1998-10-23 00:00:00-04:00,6.111248860477416,6.121283751873931,6.0309697293052995,6.071109294891357,869800,0.0,0.0
1998-10-26 00:00:00-05:00,6.0510433421415435,6.101217830882352,5.960729262408088,5.97076416015625,1138600,0.0,0.0
1998-10-27 00:00:00-05:00,6.000869192258276,6.020938988887902,5.930624904054584,5.960729598999023,959600,0.0,0.0
1998-10-28 00:00:00-05:00,6.041007995605469,6.061077789610803,5.9406590255788,6.041007995605469,1156600,0.0,0.0
1998-10-29 00:00:00-05:00,6.06107755881458,6.081147352055688,5.980798385850149,5.990833282470703,1292800,0.0,0.0
1998-10-30 00:00:00-05:00,6.030968749993726,6.121282757897126,6.020933860226681,6.101212978363037,801200,0.0,0.0
1998-11-02 00:00:00-05:00,6.101213420861677,6.20156232581006,6.091178530366839,6.131318092346191,545200,0.0,0.0
1998-11-03 00:00:00-05:00,6.121283605380808,6.221632516944427,6.121283605380808,6.191527843475342,873200,0.0,0.0
1998-11-04 00:00:00-05:00,6.221635781143462,6.301914952513055,6.101217024089072,6.151391506195068,435600,0.0,0.0
1998-11-05 00:00:00-05:00,6.141353095450052,6.1814926581654115,6.091178642055852,6.171457767486572,608200,0.0,0.0
1998-11-06 00:00:00-05:00,6.1313206198947885,6.1614253037895255,6.091181041368472,6.141355514526367,570000,0.0,0.0
1998-11-09 00:00:00-05:00,6.141354748460113,6.15138964183995,6.081145388181093,6.1212849617004395,839400,0.0,0.0
1998-11-10 00:00:00-05:00,6.121284209793986,6.362121621326864,6.111249317646783,6.332016944885254,1457400,0.0,0.0
1998-11-11 00:00:00-05:00,6.362120919204639,6.362120919204639,6.191527771528804,6.251737117767334,662800,0.0,0.0
1998-11-12 00:00:00-05:00,6.2517392658124304,6.332018421713714,6.24170437132477,6.301913738250732,509000,0.0,0.0
1998-11-13 00:00:00-05:00,6.332018421713714,6.342053316201374,6.281843949275412,6.301913738250732,280000,0.0,0.0
1998-11-16 00:00:00-05:00,6.332019664370825,6.372159250198849,6.24170559625777,6.321984767913818,442000,0.0,0.0
1998-11-17 00:00:00-05:00,6.321984678030776,6.412298744859787,6.2718101964591035,6.2818450927734375,396800,0.0,0.0
1998-11-18 00:00:00-05:00,6.221634577778936,6.241704366739513,6.151390316416916,6.201564788818359,2891000,0.0,0.0
1998-11-19 00:00:00-05:00,6.241704654693604,6.241704654693604,6.191530179977417,6.221634864807129,1044800,0.0,0.0
1998-11-20 00:00:00-05:00,6.19152989433807,6.251739261219802,6.19152989433807,6.201564788818359,627600,0.0,0.0
1998-11-23 00:00:00-05:00,6.231670611201765,6.332019574345111,6.151391440687088,6.2818450927734375,787800,0.0,0.0
1998-11-24 00:00:00-05:00,6.281840739370902,6.352084964891024,6.271805850010884,6.342050075531006,773400,0.0,0.0
1998-11-25 00:00:00-05:00,6.342053035520158,6.41229729382497,6.342053035520158,6.382192611694336,664600,0.0,0.0
1998-11-27 00:00:00-05:00,6.38218945283619,6.402259230989763,6.362119674682617,6.362119674682617,226400,0.0,0.0
1998-11-30 00:00:00-05:00,6.362123490908207,6.362123490908207,6.26177453994751,6.26177453994751,1033200,0.0,0.0
1998-12-01 00:00:00-05:00,6.261767816769568,6.392221312952268,6.261767816769568,6.352081775665283,499400,0.0,0.0
1998-12-02 00:00:00-05:00,6.342051285963793,6.452435089991643,6.342051285963793,6.392225742340088,1326200,0.0,0.0
1998-12-03 00:00:00-05:00,6.362122288568979,6.422331647766793,6.311947822570801,6.311947822570801,1004400,0.0,0.0
1998-12-04 00:00:00-05:00,6.311950081817864,6.482543327272401,6.311950081817864,6.472508430480957,525800,0.0,0.0
1998-12-07 00:00:00-05:00,6.472508377499051,6.542752654464157,6.392229203824644,6.502613067626953,891200,0.0,0.0
1998-12-08 00:00:00-05:00,6.498950831243925,6.570144345827192,6.498950831243925,6.5294623374938965,7969000,0.27,0.0
1998-12-09 00:00:00-05:00,6.5294623374938965,6.53963283957722,6.498950831243925,6.5294623374938965,1092200,0.0,0.0
1998-12-10 00:00:00-05:00,6.519292748427089,6.529463251934776,6.42775821685791,6.42775821685791,1110600,0.0,0.0
1998-12-11 00:00:00-05:00,6.427755277615616,6.50911926847151,6.427755277615616,6.44809627532959,729000,0.0,0.0
1998-12-14 00:00:00-05:00,6.47860781125736,6.509119308013674,6.4074143188259605,6.437925815582275,669600,0.0,0.0
1998-12-15 00:00:00-05:00,6.397246706334851,6.437928720365597,6.356564692304104,6.42775821685791,623800,0.0,0.0
1998-12-16 00:00:00-05:00,6.448096236281508,6.478607732667698,6.397243742304524,6.458266735076904,723800,0.0,0.0
1998-12-17 00:00:00-05:00,6.468439669941747,6.5701446961986925,6.468439669941747,6.559974193572998,544200,0.0,0.0
1998-12-18 00:00:00-05:00,6.498951177818831,6.580315198824387,6.498951177818831,6.559974193572998,1149400,0.0,0.0
1998-12-21 00:00:00-05:00,6.5599724873900405,6.58031348735094,6.458267487585545,6.509119987487793,906800,0.0,0.0
1998-12-22 00:00:00-05:00,6.5192897278492845,6.529460226644681,6.427755238690715,6.458266735076904,895400,0.0,0.0
1998-12-23 00:00:00-05:00,6.458267487585545,6.5192904874682425,6.458267487585545,6.509119987487793,551400,0.0,0.0
1998-12-24 00:00:00-05:00,6.498950481414796,6.509120982950655,6.478609478343075,6.498950481414795,381400,0.0,0.0
1998-12-28 00:00:00-05:00,6.509119987487793,6.549801987409591,6.478608487546444,6.509119987487793,1146800,0.0,0.0
1998-12-29 00:00:00-05:00,6.50911887980396,6.570141869302122,6.50911887980396,6.549800872802734,639400,0.0,0.0
1998-12-30 00:00:00-05:00,6.549802989094097,6.559973490629957,6.498950481414796,6.498950481414795,515600,0.0,0.0
1998-12-31 00:00:00-05:00,6.498949487507343,6.529460987448692,6.488778987526893,6.509119987487793,428400,0.0,0.0
1999-01-04 00:00:00-05:00,6.509119229053888,6.570142221826268,6.397243742304524,6.458266735076904,1339200,0.0,0.0
1999-01-05 00:00:00-05:00,6.45826972738097,6.5091222449194035,6.42775821685791,6.42775821685791,4657600,0.0,0.0
1999-01-06 00:00:00-05:00,6.448095646024124,6.4887776374816895,6.427754650295341,6.4887776374816895,1717800,0.0,0.0
1999-01-07 00:00:00-05:00,6.4684366417529064,6.4989481353460805,6.458266143888515,6.4887776374816895,1626200,0.0,0.0
1999-01-08 00:00:00-05:00,6.468439324993954,6.53963283957722,6.468439324993954,6.5294623374938965,1365800,0.0,0.0
1999-01-11 00:00:00-05:00,6.498946738579958,6.519287729937016,6.458264755865843,6.4786057472229,1932000,0.0,0.0
1999-01-12 00:00:00-05:00,6.4684352515443715,6.549799216972603,6.4684352515443715,6.4786057472229,1620000,0.0,0.0
1999-01-13 00:00:00-05:00,6.468436717987061,6.539630203876856,6.448095722018548,6.4684367179870605,2291800,0.0,0.0
1999-01-14 00:00:00-05:00,6.4684373123385885,6.47860781125736,6.336220826394562,6.437925815582275,1783600,0.0,0.0
1999-01-15 00:00:00-05:00,6.4379258155822745,6.448096314501046,6.376902822069646,6.437925815582275,1314000,0.0,0.0
1999-01-19 00:00:00-05:00,6.397246706334851,6.42775821685791,6.326053181781045,6.42775821685791,1635800,0.0,0.0
1999-01-20 00:00:00-05:00,6.407417341332367,6.427758348765169,6.366735326466766,6.397246837615967,1437800,0.0,0.0
1999-01-21 00:00:00-05:00,6.397246706334851,6.45826972738097,6.387076202827164,6.42775821685791,1764000,0.0,0.0
1999-01-22 00:00:00-05:00,6.4379252240342915,6.5294597058926,6.417584228065779,6.4684367179870605,976000,0.0,0.0
1999-01-25 00:00:00-05:00,6.4684366417529064,6.5192891310748635,6.437925148159732,6.4887776374816895,762600,0.0,0.0
1999-01-26 00:00:00-05:00,6.4786072159713175,6.509118709924087,6.4379252240342915,6.4684367179870605,850400,0.0,0.0
1999-01-27 00:00:00-05:00,6.488779034530907,6.49894953458503,6.366733033881423,6.376903533935547,852800,0.0,0.0
1999-01-28 00:00:00-05:00,6.38707128611614,6.509117234258487,6.38707128611614,6.4786057472229,929800,0.0,0.0
1999-01-29 00:00:00-05:00,6.4989488090949035,6.4989488090949035,6.366732323150876,6.437925815582275,1239200,0.0,0.0
1999-02-01 00:00:00-05:00,6.458266437246576,6.4684369355729485,6.254856470719125,6.285367965698242,1285400,0.0,0.0
1999-02-02 00:00:00-05:00,6.285370392389776,6.356563908161181,6.183665369859197,6.275199890136719,1396600,0.0,0.0
1999-02-03 00:00:00-05:00,6.254856470719125,6.326049959003733,6.254856470719125,6.285367965698242,553200,0.0,0.0
1999-02-04 00:00:00-05:00,6.285372005979156,6.285372005979156,6.183666957338716,6.2345194816589355,929800,0.0,0.0
1999-02-05 00:00:00-05:00,6.2446869998783265,6.275198499877732,6.183663999879515,6.26502799987793,927800,0.0,0.0
1999-02-08 00:00:00-05:00,6.275199018648969,6.315881022011361,6.234517015286577,6.254858016967773,1018400,0.0,0.0
1999-02-09 00:00:00-05:00,6.275197297236958,6.285367795287585,6.153151320629432,6.204003810882568,420200,0.0,0.0
1999-02-10 00:00:00-05:00,6.204003926360431,6.224344922840301,6.1226399404409495,6.173492431640625,374600,0.0,0.0
1999-02-11 00:00:00-05:00,6.132813453674316,6.153154460154165,6.061619930994847,6.132813453674316,540400,0.0,0.0
1999-02-12 00:00:00-05:00,6.15315522350142,6.163325728003076,5.93957462896666,5.959915637969971,744200,0.0,0.0
1999-02-16 00:00:00-05:00,6.000595446581785,6.092129953394049,5.980254445067948,6.031106948852539,782400,0.0,0.0
1999-02-17 00:00:00-05:00,6.041277943857458,6.224346972459199,6.041277943857458,6.1429829597473145,859200,0.0,0.0
1999-02-18 00:00:00-05:00,6.112471854087792,6.305711396895892,6.102301351834734,6.275199890136719,1297800,0.0,0.0
1999-02-19 00:00:00-05:00,6.244686243772117,6.2853682388455505,6.183663251161966,6.214174747467041,1298400,0.0,0.0
1999-02-22 00:00:00-05:00,6.214176709333287,6.336222733084514,6.204006207354019,6.315881729125977,850200,0.0,0.0
1999-02-23 00:00:00-05:00,6.305713015707243,6.315883520571287,6.214178471930848,6.2345194816589355,918800,0.0,0.0
1999-02-24 00:00:00-05:00,6.214174477413635,6.346390955656478,6.214174477413635,6.285367965698242,1490600,0.0,0.0
1999-02-25 00:00:00-05:00,6.265029121847714,6.275199623668896,6.142983099993538,6.224347114562988,745800,0.0,0.0
1999-02-26 00:00:00-05:00,6.22434200424897,6.2446829911909605,6.153148549952005,6.18366003036499,1310400,0.0,0.0
1999-03-01 00:00:00-05:00,6.183665969873937,6.183665969873937,6.081960937474695,6.132813453674316,1283000,0.0,0.0
1999-03-02 00:00:00-05:00,6.1226399404409495,6.244685919320172,6.1226399404409495,6.173492431640625,1429400,0.0,0.0
1999-03-03 00:00:00-05:00,6.142978123705772,6.204001085199538,6.1328076301234775,6.163319110870361,811000,0.0,0.0
1999-03-04 00:00:00-05:00,6.153151487455399,6.285367965698243,6.142980989129027,6.285367965698242,1004600,0.0,0.0
1999-03-05 00:00:00-05:00,6.346394319033965,6.427758348765169,6.346394319033965,6.397246837615967,872600,0.0,0.0
1999-03-08 00:00:00-05:00,6.383220264440987,6.393532413495011,6.311035221062817,6.372908115386963,447200,0.27,0.0
1999-03-09 00:00:00-05:00,6.3316593878340015,6.352283685514243,6.249162197113037,6.249162197113037,627000,0.0,0.0
1999-03-10 00:00:00-05:00,6.249163346212418,6.3729091550483075,6.249163346212418,6.290411949157715,500000,0.0,0.0
1999-03-11 00:00:00-05:00,6.28009979842139,6.341972702839335,6.28009979842139,6.290411949157715,1047400,0.0,0.0
1999-03-12 00:00:00-05:00,6.311034012454116,6.44509192448337,6.311034012454116,6.41415548324585,707400,0.0,0.0
1999-03-15 00:00:00-05:00,6.383220060640515,6.414156506814864,6.321347168291819,6.331659317016602,500800,0.0,0.0
1999-03-16 00:00:00-05:00,6.362596173015067,6.362596173015067,6.31103542607005,6.3419718742370605,411000,0.0,0.0
1999-03-17 00:00:00-05:00,6.311031782922665,6.3316560697949615,6.207910348561184,6.238846778869629,634200,0.0,0.0
1999-03-18 00:00:00-05:00,6.269786424667905,6.372907911915733,6.259474275943123,6.331659317016602,720800,0.0,0.0
1999-03-19 00:00:00-05:00,6.311033267389399,6.38321828842163,6.300721121527651,6.383218288421631,876000,0.0,0.0
1999-03-22 00:00:00-05:00,6.341972012698747,6.352284162312891,6.290411264628026,6.321347713470459,380200,0.0,0.0
1999-03-23 00:00:00-05:00,6.280100607404522,6.321349215663337,6.259476303275115,6.311037063598633,1069200,0.0,0.0
1999-03-24 00:00:00-05:00,6.331659786943076,6.4554055808247,6.311035487962806,6.403844833374023,1449200,0.0,0.0
1999-03-25 00:00:00-05:00,6.4038424689298985,6.49665178007381,6.4038424689298985,6.476027488708496,1539400,0.0,0.0
1999-03-26 00:00:00-05:00,6.4450934313345645,6.465717730314835,6.403844833374023,6.403844833374023,1463400,0.0,0.0
1999-03-29 00:00:00-05:00,6.41415867744348,6.476031590730716,6.41415867744348,6.434782981872559,1607000,0.0,0.0
1999-03-30 00:00:00-05:00,6.43478121873809,6.43478121873809,6.3419718742370605,6.3419718742370605,1761600,0.0,0.0
1999-03-31 00:00:00-05:00,6.414155259265057,6.414155259265057,6.280097351917074,6.300721645355225,944400,0.0,0.0
1999-04-01 00:00:00-05:00,6.341970786090029,6.424467967047297,6.300722195611395,6.362595081329346,1127400,0.0,0.0
1999-04-05 00:00:00-04:00,6.414157113328147,6.4554057121276855,6.3935328139283785,6.4554057121276855,883200,0.0,0.0
1999-04-06 00:00:00-04:00,6.496653904035253,6.496653904035253,6.362595966332939,6.372908115386963,643200,0.0,0.0
1999-04-07 00:00:00-04:00,6.372907911915733,6.393532209365298,6.290410722117471,6.331659317016602,872800,0.0,0.0
1999-04-08 00:00:00-04:00,6.372910354983421,6.445095423729189,6.341973896949521,6.3935346603393555,657200,0.0,0.0
1999-04-09 00:00:00-04:00,6.372906142559883,6.403842580145125,6.321345413251146,6.383218288421631,342800,0.0,0.0
1999-04-12 00:00:00-04:00,6.362594747849983,6.434779777404197,6.32134615953329,6.41415548324585,480200,0.0,0.0
1999-04-13 00:00:00-04:00,6.393532760769469,6.393532760769469,6.30072341424217,6.321347713470459,959200,0.0,0.0
1999-04-14 00:00:00-04:00,6.311033010879491,6.331657301764719,6.197599411010742,6.197599411010742,1683400,0.0,0.0
1999-04-15 00:00:00-04:00,6.2079115564533565,6.290408719994264,6.187287265568129,6.197599411010742,1226400,0.0,0.0
1999-04-16 00:00:00-04:00,6.238850663039858,6.26978711260865,6.1976020636148,6.228538513183594,1201400,0.0,0.0
1999-04-19 00:00:00-04:00,6.218224130827805,6.352282030829068,6.207911984673862,6.280097007751465,1734000,0.0,0.0
1999-04-20 00:00:00-04:00,6.2800960714579,6.517275397637756,6.238847492991839,6.50696325302124,1430000,0.0,0.0
1999-04-21 00:00:00-04:00,6.455407576407155,6.455407576407155,6.300725286237655,6.3935346603393555,1225400,0.0,0.0
1999-04-22 00:00:00-04:00,6.424468381500244,6.4966534194946295,6.414156233215333,6.445092678070068,1192000,0.0,0.0
1999-04-23 00:00:00-04:00,6.476029942100318,6.568839288404304,6.465717792510986,6.465717792510986,708400,0.0,0.0
1999-04-26 00:00:00-04:00,6.43477898967755,6.599773322746206,6.424466843860759,6.537900447845459,1136200,0.0,0.0
1999-04-27 00:00:00-04:00,6.5482170791087855,6.610089996391703,6.5482170791087855,6.579153537750244,944200,0.0,0.0
1999-04-28 00:00:00-04:00,6.568838867545128,6.599775314331055,6.558526718616485,6.599775314331055,1131600,0.0,0.0
1999-04-29 00:00:00-04:00,6.610087122658427,6.682272161439408,6.610087122658427,6.651335716247559,683600,0.0,0.0
1999-04-30 00:00:00-04:00,6.610087463259696,6.641023910045623,6.537902420759201,6.599775314331055,1126800,0.0,0.0
1999-05-03 00:00:00-04:00,6.558526381393152,6.733832904166239,6.558526381393152,6.723520755767822,806600,0.0,0.0
1999-05-04 00:00:00-04:00,6.702895775253389,6.713207922599933,6.6513350385206715,6.682271480560303,806400,0.0,0.0
1999-05-05 00:00:00-04:00,6.68227256786586,6.733833312988281,6.641023971767923,6.733833312988281,635200,0.0,0.0
1999-05-06 00:00:00-04:00,6.692583903006511,6.754456789629067,6.651335311924806,6.713208198547363,1604200,0.0,0.0
1999-05-07 00:00:00-04:00,6.733832494088215,6.785393232940345,6.692583903006511,6.713208198547363,638200,0.0,0.0
1999-05-10 00:00:00-04:00,6.651335716978904,6.795705794556741,6.63071142018207,6.723520755767822,917000,0.0,0.0
1999-05-11 00:00:00-04:00,6.69258213043213,6.713206420510502,6.641021405236196,6.692582130432129,943200,0.0,0.0
1999-05-12 00:00:00-04:00,6.661645348326315,6.702893926334528,6.558523903305784,6.671957492828369,601600,0.0,0.0
1999-05-13 00:00:00-04:00,6.630710686125406,6.806017189491086,6.630710686125406,6.764768600463867,581000,0.0,0.0
1999-05-14 00:00:00-04:00,6.6410246482262245,6.733833998900194,6.620400348076454,6.702897548675537,1133800,0.0,0.0
1999-05-17 00:00:00-04:00,6.713208607369405,6.744145052564656,6.651335716978904,6.723520755767822,650000,0.0,0.0
1999-05-18 00:00:00-04:00,6.702897548675538,6.733833998900194,6.6410246482262245,6.702897548675537,927200,0.0,0.0
1999-05-19 00:00:00-04:00,6.723520011436649,6.775080747720672,6.682271422409429,6.764768600463867,720600,0.0,0.0
1999-05-20 00:00:00-04:00,6.76476853369215,6.795704975157205,6.744144239382113,6.775080680847168,775200,0.0,0.0
1999-05-21 00:00:00-04:00,6.7750835914957035,6.888517258933226,6.7750835914957035,6.83695650100708,732400,0.0,0.0
1999-05-24 00:00:00-04:00,6.847263462954057,6.971009188188167,6.81632703164553,6.826639175415039,967400,0.0,0.0
1999-05-25 00:00:00-04:00,6.84726498084154,7.0019471716738035,6.8369528347860555,6.888513565063477,1204800,0.0,0.0
1999-05-26 00:00:00-04:00,6.909139972357523,6.960700718419893,6.847267077082679,6.929764270782471,1178400,0.0,0.0
1999-05-27 00:00:00-04:00,6.929763793945313,6.950388090951103,6.764769417898996,6.785393714904785,1009000,0.0,0.0
1999-05-28 00:00:00-04:00,6.764769950673406,6.9503886383443225,6.764769950673406,6.91945219039917,452000,0.0,0.0
1999-06-01 00:00:00-04:00,6.919449501787841,6.919449501787841,6.775079467473341,6.816328048706055,656200,0.0,0.0
1999-06-02 00:00:00-04:00,6.857581091578344,6.878205395613166,6.775083875439055,6.795708179473877,974200,0.0,0.0
1999-06-03 00:00:00-04:00,6.816328804176974,6.909138122236873,6.785392364823675,6.847265243530273,1313400,0.0,0.0
1999-06-04 00:00:00-04:00,6.8678858244597025,6.909134387969971,6.836949401827001,6.909134387969971,724200,0.0,0.0
1999-06-07 00:00:00-04:00,6.863587250522256,6.957608993680095,6.863587250522256,6.915821552276611,2776000,0.27,0.0
1999-06-08 00:00:00-04:00,6.874038219451904,6.894931952641728,6.853144486262082,6.874038219451904,761600,0.0,0.0
1999-06-09 00:00:00-04:00,6.863591352856993,6.8844850860468165,6.853144486262082,6.874038219451904,275200,0.0,0.0
1999-06-10 00:00:00-04:00,6.8531425605386,6.905376878835388,6.717333332966951,6.780014514923096,1511800,0.0,0.0
1999-06-11 00:00:00-04:00,6.811356382605471,6.853143845075443,6.696440860813047,6.769568920135498,967600,0.0,0.0
1999-06-14 00:00:00-04:00,6.8113576558976225,6.894932596460784,6.780017053186437,6.821804523468018,502400,0.0,0.0
1999-06-15 00:00:00-04:00,6.8217998091187715,6.957608993680095,6.790459228066159,6.915821552276611,420400,0.0,0.0
1999-06-16 00:00:00-04:00,6.894930078582991,7.124761081202424,6.874036351072133,7.0307393074035645,1479400,0.0,0.0
1999-06-17 00:00:00-04:00,7.030736425741395,7.072523863635847,6.978502128373331,6.999395847320557,558200,0.0,0.0
1999-06-18 00:00:00-04:00,6.999398546546742,7.020292273551359,6.957611092537508,6.988951683044434,812600,0.0,0.0
1999-06-21 00:00:00-04:00,6.978504475234316,6.988951338221193,6.874035845365539,6.905376434326172,564200,0.0,0.0
1999-06-22 00:00:00-04:00,6.894931324890681,7.03074057825974,6.894931324890681,7.020293712615967,879200,0.0,0.0
1999-06-23 00:00:00-04:00,6.978505289232409,7.030739610259598,6.947164696616096,6.957611560821533,661200,0.0,0.0
1999-06-24 00:00:00-04:00,6.936719419021375,6.936719419021375,6.863591352856993,6.874038219451904,873600,0.0,0.0
1999-06-25 00:00:00-04:00,6.915823297313049,6.95761074926056,6.86358898237866,6.905376434326172,917600,0.0,0.0
1999-06-28 00:00:00-04:00,6.926268412627482,6.999396435083579,6.90537469192574,6.915821552276611,509000,0.0,0.0
1999-06-29 00:00:00-04:00,6.957608993680095,6.9889495747327075,6.884480971223998,6.915821552276611,742000,0.0,0.0
1999-06-30 00:00:00-04:00,6.915826331601575,6.936720066742365,6.8113576558976225,6.821804523468018,1262600,0.0,0.0
1999-07-01 00:00:00-04:00,6.811357181255634,6.863591515467717,6.780016580728384,6.790463447570801,794600,0.0,0.0
1999-07-02 00:00:00-04:00,6.7904639207568325,6.853145126179204,6.759123318045647,6.821804523468018,398000,0.0,0.0
1999-07-06 00:00:00-04:00,6.800909202523027,6.821802932791915,6.727781146581918,6.811356067657471,376200,0.0,0.0
1999-07-07 00:00:00-04:00,6.821801479386841,6.821801479386841,6.727779713208462,6.748673439025879,549400,0.0,0.0
1999-07-08 00:00:00-04:00,6.706887405359912,6.790462326298976,6.706887405359912,6.717334270477295,411400,0.0,0.0
1999-07-09 00:00:00-04:00,6.717334114488705,6.759121573987857,6.717334114488705,6.738227844238281,424400,0.0,0.0
1999-07-12 00:00:00-04:00,6.759121573987857,6.780015303737433,6.6964403847391285,6.738227844238281,500800,0.0,0.0
1999-07-13 00:00:00-04:00,6.717333332966951,6.800908242241811,6.717333332966951,6.780014514923096,391600,0.0,0.0
1999-07-14 00:00:00-04:00,6.738227853027906,6.800909042358398,6.70688725836266,6.800909042358398,410200,0.0,0.0
1999-07-15 00:00:00-04:00,6.8426960287473255,6.863589757079379,6.811355436249246,6.832249164581299,899600,0.0,0.0
1999-07-16 00:00:00-04:00,6.842696492986161,6.842696492986161,6.685993519864341,6.738227844238281,2095200,0.0,0.0
1999-07-19 00:00:00-04:00,6.738228000712061,6.790462326298976,6.685993675125146,6.717334270477295,659400,0.0,0.0
1999-07-20 00:00:00-04:00,6.696439174588617,6.915823297313049,6.68599231160174,6.905376434326172,2630600,0.0,0.0
1999-07-21 00:00:00-04:00,6.915828719305522,6.988956817545913,6.85314749224233,6.884488105773926,1209000,0.0,0.0
1999-07-22 00:00:00-04:00,6.853144486262082,6.978506885401022,6.853144486262082,6.874038219451904,1114600,0.0,0.0
1999-07-23 00:00:00-04:00,6.853144486262082,6.90537881923664,6.853144486262082,6.874038219451904,505800,0.0,0.0
1999-07-26 00:00:00-04:00,6.87403962851643,6.9785083158799015,6.87403962851643,6.968061447143555,1151000,0.0,0.0
1999-07-27 00:00:00-04:00,6.9471659660339355,6.978506564376946,6.926272233805262,6.9471659660339355,992800,0.0,0.0
1999-07-28 00:00:00-04:00,6.936718294791072,6.95761202459466,6.863590240478516,6.863590240478516,371200,0.0,0.0
1999-07-29 00:00:00-04:00,6.821802921651125,6.884484112355423,6.685993675125146,6.717334270477295,879400,0.0,0.0
1999-07-30 00:00:00-04:00,6.748674709113069,6.821802763236585,6.717334114488705,6.738227844238281,891800,0.0,0.0
1999-08-02 00:00:00-04:00,6.74867343902588,6.7904608906607145,6.717332850299753,6.748673439025879,955200,0.0,0.0
1999-08-03 00:00:00-04:00,6.759122054518005,6.811356382605471,6.727781457665526,6.769568920135498,719000,0.0,0.0
1999-08-04 00:00:00-04:00,6.759122054518005,6.811356382605471,6.727781457665526,6.769568920135498,1186400,0.0,0.0
1999-08-05 00:00:00-04:00,6.7591228470435505,6.811357181255634,6.7382291133587175,6.790463447570801,702200,0.0,0.0
1999-08-06 00:00:00-04:00,6.780014843751167,6.863589757079379,6.759121115419114,6.832249164581299,868200,0.0,0.0
1999-08-09 00:00:00-04:00,6.8009107883272275,6.8426982586088085,6.780017053186437,6.821804523468018,621600,0.0,0.0
1999-08-10 00:00:00-04:00,6.800909516987978,6.832250113840456,6.7486751889005125,6.769568920135498,567200,0.0,0.0
1999-08-11 00:00:00-04:00,6.78001939400194,6.884488105773926,6.769572522824741,6.884488105773926,933000,0.0,0.0
1999-08-12 00:00:00-04:00,6.863589757079379,6.894930349577458,6.821802300415273,6.832249164581299,934000,0.0,0.0
1999-08-13 00:00:00-04:00,6.842696350522157,6.915824403123158,6.842696350522157,6.853143215179443,350600,0.0,0.0
1999-08-16 00:00:00-04:00,6.8218045234680185,6.8322513910384135,6.759123318045647,6.821804523468018,580200,0.0,0.0
1999-08-17 00:00:00-04:00,6.83224834229555,6.83224834229555,6.6859922615736265,6.748673439025879,1077400,0.0,0.0
1999-08-18 00:00:00-04:00,6.706887249613916,6.748674709113069,6.6964403847391285,6.738227844238281,915000,0.0,0.0
1999-08-19 00:00:00-04:00,6.73823036310327,6.8531459196833255,6.717336625543259,6.84269905090332,1029600,0.0,0.0
1999-08-20 00:00:00-04:00,6.8426993457799945,6.936721168851781,6.8113587380894,6.926274299621582,1581600,0.0,0.0
1999-08-23 00:00:00-04:00,6.957612832148273,6.96805969826261,6.874037903233579,6.9471659660339355,750600,0.0,0.0
1999-08-24 00:00:00-04:00,6.957610931225166,6.978504657745361,6.894929751664579,6.978504657745361,790600,0.0,0.0
1999-08-25 00:00:00-04:00,6.988953115684645,7.020293712615967,6.978506250040871,7.020293712615967,1330400,0.0,0.0
1999-08-26 00:00:00-04:00,7.0202957908252905,7.0202957908252905,6.957614578407208,6.968061447143555,501400,0.0,0.0
1999-08-27 00:00:00-04:00,6.947164696616096,6.9993990176432845,6.936717832410658,6.957611560821533,462600,0.0,0.0
1999-08-30 00:00:00-04:00,6.957611861752301,6.978505591066872,6.853143215179443,6.853143215179443,379400,0.0,0.0
1999-08-31 00:00:00-04:00,6.853143215179443,6.9053775384658715,6.800908891893014,6.853143215179443,517400,0.0,0.0
1999-09-01 00:00:00-04:00,6.832253749887933,6.905381848128323,6.821806878710734,6.884488105773926,678800,0.0,0.0
1999-09-02 00:00:00-04:00,6.863591352856993,6.894931952641728,6.832250753072258,6.874038219451904,707800,0.0,0.0
1999-09-03 00:00:00-04:00,6.915824103999783,6.9993990176432845,6.894930375588907,6.957611560821533,879400,0.0,0.0
1999-09-07 00:00:00-04:00,6.9432173912678286,6.974969909825456,6.900880699857659,6.922049045562744,2863200,0.27,0.0
1999-09-08 00:00:00-04:00,6.922047345567161,6.922047345567161,6.720948110757106,6.742116451263428,1253600,0.0,0.0
1999-09-09 00:00:00-04:00,6.731537818908691,6.773874534750885,6.657448566184853,6.731537818908691,2211000,0.0,0.0
1999-09-10 00:00:00-04:00,6.752700621516588,6.77386896202291,6.731532281010266,6.742116451263428,958600,0.0,0.0
1999-09-13 00:00:00-04:00,6.742116560147504,6.752700730571597,6.657443196754756,6.720948219299316,945800,0.0,0.0
1999-09-14 00:00:00-04:00,6.689196924812878,6.699781097162265,6.615107718367165,6.625691890716553,769200,0.0,0.0
1999-09-15 00:00:00-04:00,6.636278330900107,6.678615034765499,6.625694154933759,6.646862506866455,861400,0.0,0.0
1999-09-16 00:00:00-04:00,6.604525566101074,6.625693917274475,6.572773039340973,6.604525566101074,1003200,0.0,0.0
1999-09-17 00:00:00-04:00,6.593940975943631,6.64686185054992,6.583356801022373,6.636277675628662,630800,0.0,0.0
1999-09-20 00:00:00-04:00,6.604525566101074,6.678614795207977,6.604525566101074,6.604525566101074,978600,0.0,0.0
1999-09-21 00:00:00-04:00,6.562189164200449,6.57277334027174,6.488099931701411,6.509268283843994,807800,0.0,0.0
1999-09-22 00:00:00-04:00,6.5092663087096865,6.541018827288759,6.435177098691852,6.477513790130615,501600,0.0,0.0
1999-09-23 00:00:00-04:00,6.445761663941496,6.445761663941496,6.329335755397397,6.361088275909424,769800,0.0,0.0
1999-09-24 00:00:00-04:00,6.350504514764383,6.4457620824858495,6.3187519921905615,6.329336166381836,970400,0.0,0.0
1999-09-27 00:00:00-04:00,6.361088636502697,6.435177855230682,6.3505044623987,6.382256984710693,1427400,0.0,0.0
1999-09-28 00:00:00-04:00,6.3822570373382055,6.4034253857207535,6.2764152954254655,6.329336166381836,1652200,0.0,0.0
1999-09-29 00:00:00-04:00,6.35050322046343,6.403424080633959,6.308166532327007,6.3928399085998535,1129600,0.0,0.0
1999-09-30 00:00:00-04:00,6.4140098210677365,6.551604091156649,6.403425646445513,6.541019916534424,975800,0.0,0.0
1999-10-01 00:00:00-04:00,6.541018511921453,6.67861275246349,6.435176788427579,6.625691890716553,712000,0.0,0.0
1999-10-04 00:00:00-04:00,6.625690685482476,6.773869071419783,6.6151065150583825,6.720948219299316,1007600,0.0,0.0
1999-10-05 00:00:00-04:00,6.689195776367187,6.720948287963867,6.551601559448242,6.615106582641602,638400,0.0,0.0
1999-10-06 00:00:00-04:00,6.625693500707404,6.699782725156209,6.593940975943631,6.636277675628662,788000,0.0,0.0
1999-10-07 00:00:00-04:00,6.615107990740957,6.625692163526142,6.519850435674287,6.530434608459473,491800,0.0,0.0
1999-10-08 00:00:00-04:00,6.509268695308316,6.604526285971365,6.509268695308316,6.56218957901001,653600,0.0,0.0
1999-10-11 00:00:00-04:00,6.519851077970912,6.530435251798786,6.392840992036413,6.456346035003662,723000,0.0,0.0
1999-10-12 00:00:00-04:00,6.435175126800788,6.509264314115928,6.382254278718544,6.445759296417236,1140000,0.0,0.0
1999-10-13 00:00:00-04:00,6.42459187057197,6.49868106842041,6.414007699450764,6.49868106842041,1521600,0.0,0.0
1999-10-14 00:00:00-04:00,6.445762344934408,6.562188265778873,6.435178170312184,6.541019916534424,1370600,0.0,0.0
1999-10-15 00:00:00-04:00,6.5727734676077345,6.5727734676077345,6.3928424709099385,6.403426647186279,628000,0.0,0.0
1999-10-18 00:00:00-04:00,6.414008707822432,6.530434608459473,6.403424535037246,6.530434608459473,696000,0.0,0.0
1999-10-19 00:00:00-04:00,6.519848483732377,6.57276933181462,6.424590957184339,6.445759296417236,758000,0.0,0.0
1999-10-20 00:00:00-04:00,6.435176372528076,6.49868140252013,6.40342385753205,6.435176372528076,705400,0.0,0.0
1999-10-21 00:00:00-04:00,6.414009805533577,6.424593980130167,6.329336408760856,6.371673107147217,1137000,0.0,0.0
1999-10-22 00:00:00-04:00,6.339919928901406,6.403424969925459,6.308167408389378,6.361088275909424,923400,0.0,0.0
1999-10-25 00:00:00-04:00,6.339921294265848,6.445763052100002,6.329337118482432,6.414010524749756,721200,0.0,0.0
1999-10-26 00:00:00-04:00,6.414010524749755,6.519852282583909,6.414010524749755,6.414010524749756,401200,0.0,0.0
1999-10-27 00:00:00-04:00,6.424595162799504,6.593941987519095,6.424595162799504,6.583357810974121,960000,0.0,0.0
1999-10-28 00:00:00-04:00,6.6045261564708895,6.6680312156677255,6.6045261564708895,6.668031215667725,1116000,0.0,0.0
1999-10-29 00:00:00-04:00,6.6680298484332186,6.731534894608774,6.646861499708034,6.699782371520996,521800,0.0,0.0
1999-11-01 00:00:00-05:00,6.668030858799151,6.6891992107318465,6.583357451068368,6.646862506866455,542800,0.0,0.0
1999-11-02 00:00:00-05:00,6.636277146731751,6.742118887508972,6.636277146731751,6.689198017120361,413000,0.0,0.0
1999-11-03 00:00:00-05:00,6.6680312156677255,6.678615392200531,6.615110333003695,6.668031215667725,586000,0.0,0.0
1999-11-04 00:00:00-05:00,6.657446444034576,6.710367321968079,6.541020512580872,6.604525566101074,663400,0.0,0.0
1999-11-05 00:00:00-05:00,6.5621888637542725,6.657446444034576,6.5621888637542725,6.604525566101074,574800,0.0,0.0
1999-11-08 00:00:00-05:00,6.572771185626891,6.625692048635159,6.530434495220276,6.551602840423584,451200,0.0,0.0
1999-11-09 00:00:00-05:00,6.541020812057867,6.541020812057867,6.4563474034875385,6.509268283843994,1020800,0.0,0.0
1999-11-10 00:00:00-05:00,6.4457620824858495,6.4669304308683975,6.308167817999288,6.329336166381836,1280600,0.0,0.0
1999-11-11 00:00:00-05:00,6.318753236975552,6.424594999738962,6.29758488442287,6.403426647186279,762200,0.0,0.0
1999-11-12 00:00:00-05:00,6.424592424702171,6.435176596736277,6.371671564531642,6.3928399085998535,664400,0.0,0.0
1999-11-15 00:00:00-05:00,6.350502155683494,6.361086325942967,6.265828793607715,6.2764129638671875,570000,0.0,0.0
1999-11-16 00:00:00-05:00,6.265835327661338,6.339924596738414,6.244666965067887,6.297587871551514,748400,0.0,0.0
1999-11-17 00:00:00-05:00,6.255244623348242,6.297581304386132,6.24466045308877,6.2764129638671875,1032200,0.0,0.0
1999-11-18 00:00:00-05:00,6.2552454313183965,6.2552454313183965,6.181156229932222,6.212908744812012,417000,0.0,0.0
1999-11-19 00:00:00-05:00,6.170573765843797,6.181157940399276,6.107068718510928,6.117652893066406,507200,0.0,0.0
1999-11-22 00:00:00-05:00,6.075315771718715,6.1070682931736915,6.011810728808764,6.064731597900391,832000,0.0,0.0
1999-11-23 00:00:00-05:00,6.043561232047573,6.054145402331369,5.9165511886420195,5.948303699493408,668000,0.0,0.0
1999-11-24 00:00:00-05:00,5.937720593384334,5.990641454287938,5.905968076842171,5.927136421203613,514400,0.0,0.0
1999-11-26 00:00:00-05:00,5.958891883197132,5.958891883197132,5.853050109072849,5.874218463897705,271000,0.0,0.0
1999-11-29 00:00:00-05:00,5.8424636371974845,5.8424636371974845,5.641364345337426,5.683701038360596,859000,0.0,0.0
1999-11-30 00:00:00-05:00,5.726037149769919,5.937720593384334,5.715452977589199,5.927136421203613,1361200,0.0,0.0
1999-12-01 00:00:00-05:00,5.83188217619191,5.905971423439357,5.789545463479083,5.842466354370117,975400,0.0,0.0
1999-12-02 00:00:00-05:00,5.821294490308814,5.916552036513867,5.810710318508252,5.831878662109375,594800,0.0,0.0
1999-12-03 00:00:00-05:00,5.8848026413101335,6.011812770259273,5.874218463897706,5.874218463897705,1958400,0.0,0.0
1999-12-06 00:00:00-05:00,5.853047552521909,5.905968416468761,5.810710861364427,5.863631725311279,1441000,0.0,0.0
1999-12-07 00:00:00-05:00,5.853049513681572,5.9165545716962,5.842465337345801,5.895386219024658,1838200,0.0,0.0
1999-12-08 00:00:00-05:00,5.8807643147280615,5.934519015959579,5.859262434235454,5.891515254974365,1697200,0.27,0.0
1999-12-09 00:00:00-05:00,5.870013374481758,5.934519015959579,5.870013374481758,5.891515254974365,2586200,0.0,0.0
1999-12-10 00:00:00-05:00,5.8915134825796445,5.923766293615665,5.697996616363525,5.697996616363525,2557000,0.0,0.0
1999-12-13 00:00:00-05:00,5.708746667994495,5.708746667994495,5.5044788964466695,5.568984508514404,1428000,0.0,0.0
1999-12-14 00:00:00-05:00,5.633493632536668,5.644244574583494,5.57973892230254,5.590489864349365,1137200,0.0,0.0
1999-12-15 00:00:00-05:00,5.5582371330261235,5.730252208709717,5.5582371330261235,5.64424467086792,1379400,0.0,0.0
1999-12-16 00:00:00-05:00,5.654995785414718,5.654995785414718,5.590490130067781,5.633493900299072,1042800,0.0,0.0
1999-12-17 00:00:00-05:00,5.633493288266705,5.654995171046349,5.579738581317595,5.6119914054870605,1617800,0.0,0.0
1999-12-20 00:00:00-05:00,5.622740245137377,5.676494931993376,5.579736495652579,5.654993057250977,966000,0.0,0.0
1999-12-21 00:00:00-05:00,5.644241931303492,5.762502238435565,5.633490994291485,5.697996616363525,1318000,0.0,0.0
1999-12-22 00:00:00-05:00,5.697997653351397,5.81625798200586,5.697997653351397,5.784005165100098,1227200,0.0,0.0
1999-12-23 00:00:00-05:00,5.794757127761841,5.880764654704502,5.794757127761841,5.87001371383667,830400,0.0,0.0
1999-12-27 00:00:00-05:00,5.91301595842516,5.977521587062526,5.91301595842516,5.966770648956299,975600,0.0,0.0
1999-12-28 00:00:00-05:00,5.9775205907974645,6.042026208683768,5.966769654483081,6.031275272369385,2572800,0.0,0.0
1999-12-29 00:00:00-05:00,6.020527399634973,6.031278341420035,5.96677269070966,5.988274574279785,2006600,0.0,0.0
1999-12-30 00:00:00-05:00,5.988275355335633,6.020528184897584,5.988275355335633,5.999026298522949,718400,0.0,0.0
1999-12-31 00:00:00-05:00,6.020527399634973,6.031278341420035,5.977523632494723,5.988274574279785,442600,0.0,0.0
2000-01-03 00:00:00-05:00,6.020526571011324,6.020526571011324,5.859262466430664,5.859262466430664,5351200,0.0,0.0
2000-01-04 00:00:00-05:00,5.870013679962992,5.956021206409336,5.859262739157199,5.902266502380371,2082200,0.0,0.0
2000-01-05 00:00:00-05:00,5.90226696820708,6.0635310930214805,5.90226696820708,6.0527801513671875,1492800,0.0,0.0
2000-01-06 00:00:00-05:00,6.052774108616651,6.128030625064816,6.042023177695485,6.074275970458984,1009000,0.0,0.0
2000-01-07 00:00:00-05:00,6.07427901762692,6.085029953941304,6.031275272369385,6.031275272369385,1071800,0.0,0.0
2000-01-10 00:00:00-05:00,6.052778270414898,6.085031085354942,6.009774517161506,6.0205254554748535,1348200,0.0,0.0
2000-01-11 00:00:00-05:00,6.020528534312307,6.117287028613755,6.020528534312307,6.095785140991211,1622800,0.0,0.0
2000-01-12 00:00:00-05:00,6.095783540060823,6.181791067962915,6.095783540060823,6.106534481048584,1102800,0.0,0.0
2000-01-13 00:00:00-05:00,6.095777832301317,6.160283417828315,6.063525039537818,6.074275970458984,4397000,0.0,0.0
2000-01-14 00:00:00-05:00,6.031278033050701,6.05277991552147,5.966772385638395,5.977523326873779,1273800,0.0,0.0
2000-01-18 00:00:00-05:00,5.934514375229858,5.945265307069043,5.870008784194751,5.8807597160339355,858400,0.0,0.0
2000-01-19 00:00:00-05:00,5.92376892356941,6.063531166775222,5.92376892356941,5.988274574279785,1135800,0.0,0.0
2000-01-20 00:00:00-05:00,5.977524412148315,6.0312791280849005,5.934520639399047,5.999026298522949,1242400,0.0,0.0
2000-01-21 00:00:00-05:00,6.020525846833294,6.128035236955317,5.977522090784485,6.117284297943115,847600,0.0,0.0
2000-01-24 00:00:00-05:00,6.128036088131844,6.192541731164811,6.042028564087888,6.063530445098877,1162600,0.0,0.0
2000-01-25 00:00:00-05:00,6.074280030018574,6.074280030018574,5.82700845357534,5.966770648956299,1869200,0.0,0.0
2000-01-26 00:00:00-05:00,5.870014118111651,5.93451976776123,5.837761293286862,5.9345197677612305,1537800,0.0,0.0
2000-01-27 00:00:00-05:00,5.913017155785979,5.977522797485462,5.837760573803248,5.950645446777344,1004800,0.0,0.0
2000-01-28 00:00:00-05:00,5.870014962865345,5.91301873548707,5.7410036450001725,5.762505531311035,1273000,0.0,0.0
2000-01-31 00:00:00-05:00,5.76250317660245,5.913016319274902,5.751752237840132,5.913016319274902,829200,0.0,0.0
2000-02-01 00:00:00-05:00,5.923768043518066,5.945269923893813,5.827009581827209,5.923768043518066,732000,0.0,0.0
2000-02-02 00:00:00-05:00,5.902264642452008,5.923766517287898,5.816257143108445,5.837759017944336,622800,0.0,0.0
2000-02-03 00:00:00-05:00,5.827009581827209,5.977522744457432,5.827009581827209,5.923768043518066,1224000,0.0,0.0
2000-02-04 00:00:00-05:00,5.913014314612564,5.9237652497300415,5.7302484176154485,5.7947540283203125,1105800,0.0,0.0
2000-02-07 00:00:00-05:00,5.719501758689311,5.794758360777328,5.70875081553388,5.762505531311035,911200,0.0,0.0
2000-02-08 00:00:00-05:00,5.751754588155603,5.827011190243621,5.730252701844742,5.762505531311035,524600,0.0,0.0
2000-02-09 00:00:00-05:00,5.719498490387538,5.784004112459578,5.665743805327505,5.697996616363525,1096200,0.0,0.0
2000-02-10 00:00:00-05:00,5.69799683062114,5.719498705453672,5.579736519042211,5.622740268707275,529000,0.0,0.0
2000-02-11 00:00:00-05:00,5.601238250732422,5.654992936440027,5.558234502166338,5.601238250732422,508000,0.0,0.0
2000-02-14 00:00:00-05:00,5.611991405487061,5.7302517607751025,5.590489522707417,5.6119914054870605,1059600,0.0,0.0
2000-02-15 00:00:00-05:00,5.590488633444143,5.622741452483243,5.515232055686241,5.547484874725342,648400,0.0,0.0
2000-02-16 00:00:00-05:00,5.536732529571414,5.558234403472662,5.504479718719542,5.515230655670166,503200,0.0,0.0
2000-02-17 00:00:00-05:00,5.579738939232506,5.579738939232506,5.407723865961369,5.439976692199707,665800,0.0,0.0
2000-02-18 00:00:00-05:00,5.353967895818582,5.396971654017928,5.267960379419891,5.278711318969727,1420800,0.0,0.0
2000-02-22 00:00:00-05:00,5.257209777832031,5.332466359518788,5.2464588375910655,5.257209777832031,1152800,0.0,0.0
2000-02-23 00:00:00-05:00,5.214205320792308,5.214205320792308,5.138948749152006,5.149699687957764,1553600,0.0,0.0
2000-02-24 00:00:00-05:00,5.1389487194758585,5.1389487194758585,4.891677128371372,4.9991865158081055,2501800,0.0,0.0
2000-02-25 00:00:00-05:00,4.9991861142610245,5.009937052141156,4.87017485969945,4.902427673339844,766400,0.0,0.0
2000-02-28 00:00:00-05:00,4.90242792875154,4.988435436273496,4.90242792875154,4.977684497833252,1527200,0.0,0.0
2000-02-29 00:00:00-05:00,4.977684806133139,5.009937623451496,4.96693386702702,4.988435745239258,1906400,0.0,0.0
2000-03-01 00:00:00-05:00,4.977684552090435,4.988435490647865,4.8809261050735575,4.91317892074585,1016400,0.0,0.0
2000-03-02 00:00:00-05:00,4.902431562510592,4.999190080191721,4.891680616101577,4.956186294555664,874800,0.0,0.0
2000-03-03 00:00:00-05:00,4.9669335593930075,5.009937313153985,4.934680744072273,4.977684497833252,1685200,0.0,0.0
2000-03-06 00:00:00-05:00,4.923932106335224,4.934683049798838,4.601403802426804,4.655158519744873,1585600,0.0,0.0
2000-03-07 00:00:00-05:00,4.655153269067816,4.751911651103868,4.644402337730478,4.687406063079834,1056200,0.0,0.0
2000-03-08 00:00:00-05:00,4.6395869901247115,4.771206479206263,4.617650408611119,4.694428443908691,2406600,0.27,0.0
2000-03-09 00:00:00-05:00,4.6505567360828275,4.672493324460577,4.573778676760705,4.628620147705078,937200,0.0,0.0
2000-03-10 00:00:00-05:00,4.628619531695352,4.639587824424488,4.584746360778809,4.584746360778809,841600,0.0,0.0
2000-03-13 00:00:00-05:00,4.562809156334919,4.617650612540867,4.51893599137016,4.540872573852539,788800,0.0,0.0
2000-03-14 00:00:00-05:00,4.540873918188624,4.595715390630516,4.507969034723489,4.551842212677002,861200,0.0,0.0
2000-03-15 00:00:00-05:00,4.529902706362984,4.858951329101216,4.529902706362984,4.826046466827393,1681400,0.0,0.0
2000-03-16 00:00:00-05:00,4.847984979927288,5.231875193269947,4.837016688117498,5.198970317840576,1833200,0.0,0.0
2000-03-17 00:00:00-05:00,5.089285291617732,5.177031589749072,5.012507280752809,5.0344438552856445,1996600,0.0,0.0
2000-03-20 00:00:00-05:00,5.067351286990377,5.144129336793261,5.001541530016476,5.012509822845459,1028000,0.0,0.0
2000-03-21 00:00:00-05:00,5.056382115472827,5.067350406395762,4.957667497166416,5.001540660858154,888800,0.0,0.0
2000-03-22 00:00:00-05:00,4.957668192246381,4.979604777167825,4.826048682717715,4.84798526763916,837400,0.0,0.0
2000-03-23 00:00:00-05:00,4.80411012670496,5.056380749796773,4.80411012670496,4.990571022033691,986000,0.0,0.0
2000-03-24 00:00:00-05:00,4.913796512339205,4.957669695485092,4.8918599207662625,4.902828216552734,974000,0.0,0.0
2000-03-27 00:00:00-05:00,4.902825668819232,4.990571989513984,4.902825668819232,4.92476224899292,487800,0.0,0.0
2000-03-28 00:00:00-05:00,4.935730934143066,5.177033335367838,4.924762643178304,4.935730934143066,1455400,0.0,0.0
2000-03-29 00:00:00-05:00,4.95766722320751,5.177033029544126,4.95766722320751,5.166064739227295,1607200,0.0,0.0
2000-03-30 00:00:00-05:00,5.166066220828466,5.2538125685283115,5.166066220828466,5.220907688140869,1374600,0.0,0.0
2000-03-31 00:00:00-05:00,5.1880020260307855,5.286716652318898,5.111223983362255,5.198970317840576,1361800,0.0,0.0
2000-04-03 00:00:00-04:00,5.20993709564209,5.242841961509304,5.177032229774877,5.20993709564209,1007600,0.0,0.0
2000-04-04 00:00:00-04:00,5.198968332175654,5.396397509346881,5.133158606451911,5.2757463455200195,1697200,0.0,0.0
2000-04-05 00:00:00-04:00,5.2757500731598785,5.462211094456589,5.2757500731598785,5.286718368530273,1034200,0.0,0.0
2000-04-06 00:00:00-04:00,5.297685879468918,5.341559054454168,5.198971235752105,5.2647809982299805,770800,0.0,0.0
2000-04-07 00:00:00-04:00,5.242842771445111,5.275747642395603,5.1331598682768025,5.166064739227295,1605800,0.0,0.0
2000-04-10 00:00:00-04:00,5.188003790087816,5.40736970087377,5.155098903469923,5.396401405334473,1027400,0.0,0.0
2000-04-11 00:00:00-04:00,5.3744650650024415,5.538989505767822,5.3744650650024415,5.484148025512695,1321200,0.0,0.0
2000-04-12 00:00:00-04:00,5.528018215246368,5.725447437219453,5.528018215246368,5.62673282623291,1055200,0.0,0.0
2000-04-13 00:00:00-04:00,5.593832517737773,5.911913190315019,5.56092762057461,5.8790082931518555,1463400,0.0,0.0
2000-04-14 00:00:00-04:00,5.879002333134692,6.032558364224031,5.79125602965507,5.846097469329834,2024600,0.0,0.0
2000-04-17 00:00:00-04:00,5.8131959713081445,5.900942325592041,5.659639851311325,5.900942325592041,1841800,0.0,0.0
2000-04-18 00:00:00-04:00,5.8790082931518555,5.944818087478183,5.846103395988692,5.8790082931518555,1230600,0.0,0.0
2000-04-19 00:00:00-04:00,5.846099519640817,5.911909270330958,5.802226352514057,5.889972686767578,1389400,0.0,0.0
2000-04-20 00:00:00-04:00,5.911910108783665,5.9996564554817535,5.879005228771883,5.966751575469971,902000,0.0,0.0
2000-04-24 00:00:00-04:00,5.977718001380961,6.219020379418358,5.977718001380961,6.153210639953613,1000200,0.0,0.0
2000-04-25 00:00:00-04:00,6.142244075906688,6.41645140072395,6.098370903935926,6.361609935760498,1261400,0.0,0.0
2000-04-26 00:00:00-04:00,6.361610897355697,6.613881674319803,6.328706013403858,6.6029133796691895,1712800,0.0,0.0
2000-04-27 00:00:00-04:00,6.591945257170698,6.624850141981867,6.427420833114857,6.460325717926025,2022200,0.0,0.0
2000-04-28 00:00:00-04:00,6.427417778387302,6.449354357835722,6.262893432524145,6.295798301696777,1382400,0.0,0.0
2000-05-01 00:00:00-04:00,6.284832292414726,6.295800586118766,6.16418106167029,6.186117649078369,1343600,0.0,0.0
2000-05-02 00:00:00-04:00,6.197087516476478,6.273865591901851,6.109341144561768,6.109341144561768,1372800,0.0,0.0
2000-05-03 00:00:00-04:00,6.08740234375,6.164180391328829,6.076434051238739,6.08740234375,1009800,0.0,0.0
2000-05-04 00:00:00-04:00,6.054495950610613,6.229988586860196,5.922876473423425,6.164178848266602,1588800,0.0,0.0
2000-05-05 00:00:00-04:00,6.142242778431285,6.153211069107055,5.999654999646273,6.032559871673584,806200,0.0,0.0
2000-05-08 00:00:00-04:00,6.010624949813735,6.262895705006647,6.010624949813735,6.186117649078369,1418000,0.0,0.0
2000-05-09 00:00:00-04:00,6.153212632451739,6.197085806301662,6.087402871676854,6.142244338989258,1031200,0.0,0.0
2000-05-10 00:00:00-04:00,6.131276180558171,6.251927411302607,6.131276180558171,6.186117649078369,1192400,0.0,0.0
2000-05-11 00:00:00-04:00,6.17514895488476,6.383546521745879,6.17514895488476,6.361609935760498,1891400,0.0,0.0
2000-05-12 00:00:00-04:00,6.361610756980048,6.38354734579722,6.262896107302772,6.317737579345703,1059000,0.0,0.0
2000-05-15 00:00:00-04:00,6.284832956039742,6.44935737897272,6.284832956039742,6.405484199523926,850400,0.0,0.0
2000-05-16 00:00:00-04:00,6.383546212140251,6.383546212140251,6.262894995072308,6.339673042297363,955000,0.0,0.0
2000-05-17 00:00:00-04:00,6.383545438866866,6.4054820211310135,6.208052780753688,6.251925945281982,1076400,0.0,0.0
2000-05-18 00:00:00-04:00,6.251925905955206,6.493228309342951,6.240957614892126,6.383545398712158,903800,0.0,0.0
2000-05-19 00:00:00-04:00,6.339674090041595,6.482261915596164,6.317737501494738,6.449357032775879,1524600,0.0,0.0
2000-05-22 00:00:00-04:00,6.4603253350233985,6.701627809336666,6.4603253350233985,6.570008277893066,1620600,0.0,0.0
2000-05-23 00:00:00-04:00,6.53710032317598,6.53710032317598,6.416449142714678,6.471290588378906,2311800,0.0,0.0
2000-05-24 00:00:00-04:00,6.493226448560846,6.591941039839643,6.471289872721114,6.504194736480713,1665000,0.0,0.0
2000-05-25 00:00:00-04:00,6.526132665499293,6.526132665499293,6.405481473364011,6.515164375305176,1174000,0.0,0.0
2000-05-26 00:00:00-04:00,6.526135100745199,6.6248497493278995,6.504198512171266,6.570008277893066,910200,0.0,0.0
2000-05-30 00:00:00-04:00,6.5700044639999104,6.5700044639999104,6.438385008961514,6.504194736480713,1453600,0.0,0.0
2000-05-31 00:00:00-04:00,6.537103176116943,6.602912939634899,6.515166588277625,6.537103176116943,1187600,0.0,0.0
2000-06-01 00:00:00-04:00,6.515166588277625,6.537103176116943,6.427420236920351,6.537103176116943,1175000,0.0,0.0
2000-06-02 00:00:00-04:00,6.526135267251181,6.580976740085225,6.416452321583094,6.427420616149902,866000,0.0,0.0
2000-06-05 00:00:00-04:00,6.3945112051162045,6.3945112051162045,6.14224060868795,6.197082042694092,762600,0.0,0.0
2000-06-06 00:00:00-04:00,6.164181457625495,6.350642462571462,6.12030827999115,6.317737579345703,1026400,0.0,0.0
2000-06-07 00:00:00-04:00,6.335998314305356,6.402810247320878,6.302592347797595,6.347133636474609,679200,0.27,0.0
2000-06-08 00:00:00-04:00,6.269187574002455,6.369405492592192,6.202375628275963,6.358270168304443,1375200,0.0,0.0
2000-06-09 00:00:00-04:00,6.335995892374832,6.4807550252410415,6.335995892374832,6.4473490715026855,700600,0.0,0.0
2000-06-12 00:00:00-04:00,6.469621548443546,6.51416283277018,6.458486227361887,6.475189208984375,659000,0.0,0.0
2000-06-13 00:00:00-04:00,6.4807550689644735,6.580972930855677,6.44734911500074,6.4696197509765625,748200,0.0,0.0
2000-06-14 00:00:00-04:00,6.447347125536959,6.447347125536959,6.324858665466309,6.324858665466309,709600,0.0,0.0
2000-06-15 00:00:00-04:00,6.313728371711626,6.525299516442704,6.313728371711626,6.503028869628906,969400,0.0,0.0
2000-06-16 00:00:00-04:00,6.4584898451964055,6.569843118389447,6.358271899322668,6.4139485359191895,1269400,0.0,0.0
2000-06-19 00:00:00-04:00,6.380539197124254,6.436215804429004,6.335997911280455,6.391674518585205,861200,0.0,0.0
2000-06-20 00:00:00-04:00,6.4139485359191895,6.447354517877102,6.302595262726148,6.4139485359191895,1005800,0.0,0.0
2000-06-21 00:00:00-04:00,6.4139485359191895,6.52530180911223,6.4139485359191895,6.4139485359191895,1021000,0.0,0.0
2000-06-22 00:00:00-04:00,6.4139446445278345,6.4139446445278345,6.258050156640006,6.36940336227417,1003200,0.0,0.0
2000-06-23 00:00:00-04:00,6.3471319346592345,6.491891084046199,6.3025906579247835,6.458485126495361,1364400,0.0,0.0
2000-06-26 00:00:00-04:00,6.458486664417253,6.536433917263668,6.369404089735636,6.525298595428467,807800,0.0,0.0
2000-06-27 00:00:00-04:00,6.536432018516757,6.569837974318376,6.235778416302187,6.280319690704346,1491600,0.0,0.0
2000-06-28 00:00:00-04:00,6.258049315751366,6.525296973363524,6.180102082281153,6.486323356628418,1523200,0.0,0.0
2000-06-29 00:00:00-04:00,6.45848473953327,6.547567287664763,6.347131554368903,6.380537509918213,950800,0.0,0.0
2000-06-30 00:00:00-04:00,6.380540298640944,6.558705472774024,6.113292537441323,6.16896915435791,2149600,0.0,0.0
2000-07-03 00:00:00-04:00,6.202378865495088,6.391679477188834,6.202378865495088,6.336002826690674,724800,0.0,0.0
2000-07-05 00:00:00-04:00,6.44734946971244,6.503026062715138,6.202372460500568,6.280319690704346,1074000,0.0,0.0
2000-07-06 00:00:00-04:00,6.213505519947536,6.324858665466309,6.1912348908437815,6.324858665466309,1177200,0.0,0.0
2000-07-07 00:00:00-04:00,6.302590280303156,6.42507878398396,6.302590280303156,6.380537509918213,657600,0.0,0.0
2000-07-10 00:00:00-04:00,6.358271504595518,6.503030750759688,6.358271504595518,6.480760097503662,1304600,0.0,0.0
2000-07-11 00:00:00-04:00,6.447351595409075,6.536434173583984,6.347133694962301,6.536434173583984,1366000,0.0,0.0
2000-07-12 00:00:00-04:00,6.514166077387702,6.525301404015715,6.425083464363596,6.480760097503662,568200,0.0,0.0
2000-07-13 00:00:00-04:00,6.4362169291875135,6.525299516442704,6.413946282373716,6.503028869628906,720200,0.0,0.0
2000-07-14 00:00:00-04:00,6.525297850161999,6.558703811852248,6.335997400583921,6.36940336227417,1695400,0.0,0.0
2000-07-17 00:00:00-04:00,6.246913607402515,6.2803195625223145,6.202372333909449,6.213507652282715,1213600,0.0,0.0
2000-07-18 00:00:00-04:00,6.235781192779541,6.280322487013681,6.202375222103936,6.235781192779541,1145400,0.0,0.0
2000-07-19 00:00:00-04:00,6.23578287488424,6.302594834258,6.224647548321947,6.246918201446533,1235000,0.0,0.0
2000-07-20 00:00:00-04:00,6.2580505158791695,6.302591800689697,6.20237390986601,6.302591800689697,1120400,0.0,0.0
2000-07-21 00:00:00-04:00,6.213508306967245,6.2691849046999275,6.1244257505949555,6.180102348327637,1269800,0.0,0.0
2000-07-24 00:00:00-04:00,6.157833664732821,6.157833664732821,5.990803818492329,6.057615756988525,1014000,0.0,0.0
2000-07-25 00:00:00-04:00,6.057615621766048,6.057615621766048,5.923991747756502,5.968533039093018,1440600,0.0,0.0
2000-07-26 00:00:00-04:00,6.046478142402097,6.046478142402097,5.857177721737574,5.882232189178467,1821200,0.0,0.0
2000-07-27 00:00:00-04:00,5.901721605137821,6.0019395191873315,5.901721605137821,5.990804195404053,1378400,0.0,0.0
2000-07-28 00:00:00-04:00,5.957397716258889,6.113292235936691,5.935127070590632,5.968533039093018,995000,0.0,0.0
2000-07-31 00:00:00-04:00,6.01307484297061,6.146698728369957,5.901721605137821,5.990804195404053,1785400,0.0,0.0
2000-08-01 00:00:00-04:00,5.99080398022483,6.191239801124546,5.99080398022483,6.16896915435791,1000400,0.0,0.0
2000-08-02 00:00:00-04:00,6.157831060416383,6.302590199268847,6.146695742043116,6.213507652282715,1425200,0.0,0.0
2000-08-03 00:00:00-04:00,6.235780981672068,6.436216798940099,6.224645658490511,6.294241428375244,1123000,0.0,0.0
2000-08-04 00:00:00-04:00,6.2580467781550455,6.40280586732945,6.180099576291904,6.324858665466309,1512000,0.0,0.0
2000-08-07 00:00:00-04:00,6.324861670797953,6.447350189070448,6.302591031112044,6.438998699188232,1040600,0.0,0.0
2000-08-08 00:00:00-04:00,6.4696204456789745,6.480755764862587,6.36940257302646,6.458485126495361,711400,0.0,0.0
2000-08-09 00:00:00-04:00,6.425079319061852,6.458485277393196,6.358267402399163,6.377754211425781,673400,0.0,0.0
2000-08-10 00:00:00-04:00,6.402810041617435,6.436216007051961,6.335998110748384,6.4055938720703125,527800,0.0,0.0
2000-08-11 00:00:00-04:00,6.42507954938454,6.514162108128173,6.42507954938454,6.438998699188232,808400,0.0,0.0
2000-08-14 00:00:00-04:00,6.413943985648777,6.491891221585481,6.38053802739019,6.402808666229248,868400,0.0,0.0
2000-08-15 00:00:00-04:00,6.391672481938759,6.525296296892182,6.380537164025974,6.4473490715026855,1361800,0.0,0.0
2000-08-16 00:00:00-04:00,6.447352512743247,6.514164455880483,6.380540569606012,6.3944597244262695,400800,0.0,0.0
2000-08-17 00:00:00-04:00,6.4139485359191895,6.4362191905577975,6.380542553961277,6.4139485359191895,356600,0.0,0.0
2000-08-18 00:00:00-04:00,6.41394384976091,6.503026403229812,6.402808530577298,6.458485126495361,1142800,0.0,0.0
2000-08-21 00:00:00-04:00,6.458484950646324,6.503026226168023,6.4362143128854745,6.491890907287598,1208200,0.0,0.0
2000-08-22 00:00:00-04:00,6.491892708029656,6.514163351968008,6.4139454542454235,6.4250807762146,817200,0.0,0.0
2000-08-23 00:00:00-04:00,6.391673644108756,6.4584855637335865,6.380538324171284,6.436214923858643,958400,0.0,0.0
2000-08-24 00:00:00-04:00,6.458485926781501,6.458485926781501,6.369403362274169,6.36940336227417,783400,0.0,0.0
2000-08-25 00:00:00-04:00,6.335998912899362,6.335998912899362,6.269186973571777,6.269186973571777,932200,0.0,0.0
2000-08-28 00:00:00-04:00,6.280322898290203,6.3805408168799405,6.202375628275963,6.358270168304443,1424400,0.0,0.0
2000-08-29 00:00:00-04:00,6.369399923673818,6.391670552777573,6.302588036362555,6.324858665466309,1077000,0.0,0.0
2000-08-30 00:00:00-04:00,6.302590280303156,6.42507878398396,6.2914549617867195,6.380537509918213,900000,0.0,0.0
2000-08-31 00:00:00-04:00,6.36940580973693,6.480759058158904,6.36940580973693,6.461272239685059,859400,0.0,0.0
2000-09-01 00:00:00-04:00,6.458488408474509,6.525300357527694,6.447353083632312,6.461272239685059,597600,0.0,0.0
2000-09-05 00:00:00-04:00,6.4918927357003495,6.658922565949929,6.4918927357003495,6.592110633850098,845800,0.0,0.0
2000-09-06 00:00:00-04:00,6.633244666005926,6.825348855651754,6.633244666005926,6.79144811630249,3094400,0.27,0.0
2000-09-07 00:00:00-04:00,6.7801478651703375,6.893150329589844,6.757547372286437,6.893150329589844,1167200,0.0,0.0
2000-09-08 00:00:00-04:00,6.893148414761413,7.203905105590821,6.893148414761413,7.20390510559082,1582000,0.0,0.0
2000-09-11 00:00:00-04:00,7.198259497588535,7.3790635038074,7.198259497588535,7.3366875648498535,1835400,0.0,0.0
2000-09-12 00:00:00-04:00,7.356455000363864,7.480757619417631,7.220852143214299,7.345154762268066,2336000,0.0,0.0
2000-09-13 00:00:00-04:00,7.356462767783632,7.548567018248027,7.356462767783632,7.4355645179748535,2066400,0.0,0.0
2000-09-14 00:00:00-04:00,7.401661078135172,7.571164766947428,7.288658618927002,7.559864521026611,2395800,0.0,0.0
2000-09-15 00:00:00-04:00,7.55986209118068,7.8988693598434905,7.55986209118068,7.788691997528076,2780200,0.0,0.0
2000-09-18 00:00:00-04:00,7.77457074380623,7.819771736502778,7.695469006587271,7.771745681762695,2478600,0.0,0.0
2000-09-19 00:00:00-04:00,7.729362857525166,7.740663095620962,7.33385452417227,7.345154762268066,2834000,0.0,0.0
2000-09-20 00:00:00-04:00,7.322561309235921,7.322561309235921,7.062655583753782,7.15305757522583,1900200,0.0,0.0
2000-09-21 00:00:00-04:00,7.175658878924918,7.299961631158263,7.085256877300667,7.130457878112793,843800,0.0,0.0
2000-09-22 00:00:00-04:00,7.232156926935369,7.480762321298773,7.232156926935369,7.4581618309021,4154800,0.0,0.0
2000-09-25 00:00:00-04:00,7.446861585703763,7.525963302092118,7.345159378918734,7.4581618309021,892800,0.0,0.0
2000-09-26 00:00:00-04:00,7.469466524068699,7.887575845385706,7.469466524068699,7.77457332611084,1924400,0.0,0.0
2000-09-27 00:00:00-04:00,7.797170506441657,7.944073718881863,7.695468282444592,7.924298286437988,2495600,0.0,0.0
2000-09-28 00:00:00-04:00,7.91017293254647,8.147478120522864,7.81977095617451,7.9779744148254395,1412800,0.0,0.0
2000-09-29 00:00:00-04:00,7.977973188648938,8.260479321391463,7.966672943339237,8.082500457763672,2071400,0.0,0.0
2000-10-02 00:00:00-04:00,8.181373936789376,8.316976819719587,7.955369131905692,8.226574897766113,1698000,0.0,0.0
2000-10-03 00:00:00-04:00,8.18137541634696,8.226576385498047,7.91016960144043,7.91016960144043,1278800,0.0,0.0
2000-10-04 00:00:00-04:00,7.910167927644691,8.090971765990856,7.571160730745633,7.751964569091797,1862000,0.0,0.0
2000-10-05 00:00:00-04:00,7.763266809733517,7.921470209058509,7.492060982319247,7.503361225128174,1226000,0.0,0.0
2000-10-06 00:00:00-04:00,7.548563801106953,7.684166743641808,7.503362820262001,7.593764781951904,1544400,0.0,0.0
2000-10-09 00:00:00-04:00,7.593761138463233,7.774564975093309,7.537259939516333,7.616361618041992,1734600,0.0,0.0
2000-10-10 00:00:00-04:00,7.616360112240439,7.887565813566509,7.616360112240439,7.729362487792969,1338200,0.0,0.0
2000-10-11 00:00:00-04:00,7.77457332611084,7.966677608878113,7.6615708068359725,7.77457332611084,1712600,0.0,0.0
2000-10-12 00:00:00-04:00,7.853671237500045,7.944073208579182,7.650266802571986,7.740668773651123,1283400,0.0,0.0
2000-10-13 00:00:00-04:00,7.842370510785446,7.944072722020416,7.808469773707123,7.8762712478637695,834200,0.0,0.0
2000-10-16 00:00:00-04:00,7.842366961204037,8.068371772766113,7.842366961204037,8.068371772766113,1059200,0.0,0.0
2000-10-17 00:00:00-04:00,8.05707534154256,8.203978538513184,7.955373128255208,7.966673374176025,2751200,0.0,0.0
2000-10-18 00:00:00-04:00,7.932776466768179,7.955376969522505,7.525967417190325,7.571168422698975,2891600,0.0,0.0
2000-10-19 00:00:00-04:00,7.593761044677364,7.593761044677364,7.401656970630466,7.446857929229736,2037200,0.0,0.0
2000-10-20 00:00:00-04:00,7.446857929229736,7.559860325727911,7.424257449930101,7.446857929229736,901200,0.0,0.0
2000-10-23 00:00:00-04:00,7.435561815897623,7.63896624247233,7.424261569976807,7.559864521026611,1818600,0.0,0.0
2000-10-24 00:00:00-04:00,7.571162681981742,7.706765595688878,7.480760739510319,7.503361225128174,1660600,0.0,0.0
2000-10-25 00:00:00-04:00,7.480763922377331,7.627667141396826,7.367761446208489,7.412962436676025,943400,0.0,0.0
2000-10-26 00:00:00-04:00,7.412963938937291,7.446864688658041,7.175658690892043,7.209559440612793,1034000,0.0,0.0
2000-10-27 00:00:00-04:00,7.220860434903039,7.356463447765067,7.073957170969174,7.3225626945495605,1459600,0.0,0.0
2000-10-30 00:00:00-05:00,7.367760495511358,7.559864680210274,7.367760495511358,7.548564434051514,671200,0.0,0.0
2000-10-31 00:00:00-05:00,7.5372619535549585,7.571162681981742,7.3677583114210385,7.503361225128174,1240000,0.0,0.0
2000-11-01 00:00:00-05:00,7.548564753374896,7.718068452926727,7.480763273554163,7.525964260101318,1359400,0.0,0.0
2000-11-02 00:00:00-05:00,7.503363453045739,7.503363453045739,7.3677604990750325,7.379060745239258,794600,0.0,0.0
2000-11-03 00:00:00-05:00,7.379059937596321,7.469461897015571,7.220856508612632,7.232156753540039,1826800,0.0,0.0
2000-11-06 00:00:00-05:00,7.220859690519709,7.356462689402709,7.175658690892043,7.209559440612793,1162800,0.0,0.0
2000-11-07 00:00:00-05:00,7.243460380143106,7.288661380955232,7.073956627097636,7.130457878112793,1116800,0.0,0.0
2000-11-08 00:00:00-05:00,7.130458814488601,7.243461331358468,7.051357052679694,7.1643595695495605,1224200,0.0,0.0
2000-11-09 00:00:00-05:00,7.175655050592108,7.220856027288751,7.028751876328017,7.19825553894043,1307400,0.0,0.0
2000-11-10 00:00:00-05:00,7.17565568586657,7.299958382787093,7.130454705168197,7.220856666564941,1006200,0.0,0.0
2000-11-13 00:00:00-05:00,7.14175495034279,7.333859118310872,7.14175495034279,7.220856666564941,986400,0.0,0.0
2000-11-14 00:00:00-05:00,7.175654386179135,7.175654386179135,7.051351711772882,7.0739521980285645,902600,0.0,0.0
2000-11-15 00:00:00-05:00,7.040052895304522,7.24345731282536,7.040052895304522,7.141755104064941,900400,0.0,0.0
2000-11-16 00:00:00-05:00,7.186956882476807,7.2660586091707335,7.141755895794562,7.186956882476807,757400,0.0,0.0
2000-11-17 00:00:00-05:00,7.232158165851622,7.424262367132056,7.209557671583336,7.4016618728637695,1004600,0.0,0.0
2000-11-20 00:00:00-05:00,7.446859846662539,7.5485620296973845,7.390358633865403,7.48076057434082,1255600,0.0,0.0
2000-11-21 00:00:00-05:00,7.446861581335738,7.458161826527446,7.266057658268406,7.390360355377197,739400,0.0,0.0
2000-11-22 00:00:00-05:00,7.390356730980648,7.492058887829006,7.390356730980648,7.446857929229736,719000,0.0,0.0
2000-11-24 00:00:00-05:00,7.446863179526678,7.446863179526678,7.356461198591605,7.412962436676025,441600,0.0,0.0
2000-11-27 00:00:00-05:00,7.525965246736729,7.537265494854952,7.35646152496338,7.356461524963379,1125400,0.0,0.0
2000-11-28 00:00:00-05:00,7.367760807186276,7.525964260101318,7.356460560549486,7.525964260101318,1376400,0.0,0.0
2000-11-29 00:00:00-05:00,7.5033632914225254,7.63896624247233,7.5033632914225254,7.627665996551514,1012600,0.0,0.0
2000-11-30 00:00:00-05:00,7.672861300016704,7.85366510090075,7.605059874685187,7.729362487792969,1436800,0.0,0.0
2000-12-01 00:00:00-05:00,7.7293685314923355,7.7293685314923355,7.5033636036709215,7.6389665603637695,827400,0.0,0.0
2000-12-04 00:00:00-05:00,7.582465952538533,7.774570156999271,7.571165705217314,7.695468425750732,1265800,0.0,0.0
2000-12-05 00:00:00-05:00,7.6954632365185285,7.81976587323175,7.6615625174149224,7.797165393829346,2694600,0.0,0.0
2000-12-06 00:00:00-05:00,7.918927322855234,8.216459274291992,7.793048420324299,8.216459274291992,5675400,0.27,0.0
2000-12-07 00:00:00-05:00,8.42244406806098,8.42244406806098,8.205016843477884,8.239347457885742,2763800,0.0,0.0
2000-12-08 00:00:00-05:00,8.239348662947013,8.239348662947013,8.159243884279473,8.205018043518066,1225400,0.0,0.0
2000-12-11 00:00:00-05:00,8.205015980113636,8.216459517045456,8.079137073863636,8.18212890625,1146800,0.0,0.0
2000-12-12 00:00:00-05:00,8.182130466688058,8.27367877960205,8.182130466688058,8.27367877960205,1354200,0.0,0.0
2000-12-13 00:00:00-05:00,8.273682489200514,8.422448564386691,8.20502122372997,8.411005020141602,1678800,0.0,0.0
2000-12-14 00:00:00-05:00,8.365230843161239,8.445335652876873,8.296569577690695,8.411005020141602,2294600,0.0,0.0
2000-12-15 00:00:00-05:00,8.410999696975832,8.49110445599465,8.388112622970455,8.399556159973145,2096200,0.0,0.0
2000-12-18 00:00:00-05:00,8.35378729891615,8.491109829857235,8.319456666180876,8.411005020141602,1356800,0.0,0.0
2000-12-19 00:00:00-05:00,8.445331974624779,8.468219053146797,8.365227199797715,8.43388843536377,1967200,0.0,0.0
2000-12-20 00:00:00-05:00,8.42244476673674,8.868742791061106,8.4110012276515,8.845855712890625,2522200,0.0,0.0
2000-12-21 00:00:00-05:00,8.857296785542385,8.857296785542385,8.719974354758781,8.834409713745117,1776200,0.0,0.0
2000-12-22 00:00:00-05:00,8.800079409846195,9.01750659942627,8.685644046909314,9.01750659942627,1083600,0.0,0.0
2000-12-26 00:00:00-05:00,9.017508317952167,9.15483077964687,8.868742317782905,9.131943702697754,1183800,0.0,0.0
2000-12-27 00:00:00-05:00,9.086169242858887,9.143386933305102,9.017508014323429,9.086169242858887,1035200,0.0,0.0
2000-12-28 00:00:00-05:00,9.109056506838117,9.120500045163292,8.92595989363534,8.971734046936035,1340800,0.0,0.0
2000-12-29 00:00:00-05:00,8.937404885083668,8.971735505640966,8.822969483226002,8.903074264526367,1329000,0.0,0.0
2001-01-02 00:00:00-05:00,8.88018428082447,8.88018428082447,8.536878187493627,8.548321723937988,1143600,0.0,0.0
2001-01-03 00:00:00-05:00,8.548319976226143,8.697085919587508,7.861707929942919,7.89603853225708,2640200,0.0,0.0
2001-01-04 00:00:00-05:00,7.89604509909322,7.89604509909322,7.243763112646389,7.266650199890137,2356800,0.0,0.0
2001-01-05 00:00:00-05:00,7.312419568552669,7.621395043280247,7.300976032451648,7.40396785736084,2542800,0.0,0.0
2001-01-08 00:00:00-05:00,7.415413167103227,7.6442839438656724,7.415413167103227,7.598509788513184,1508600,0.0,0.0
2001-01-09 00:00:00-05:00,7.575623087462467,7.655727863311768,7.461187693392037,7.655727863311768,1759800,0.0,0.0
2001-01-10 00:00:00-05:00,7.609953327351305,7.747275793408773,7.495517938970083,7.598509788513184,1705600,0.0,0.0
2001-01-11 00:00:00-05:00,7.6328412062212605,7.6328412062212605,6.969115883941151,6.992002964019775,3523800,0.0,0.0
2001-01-12 00:00:00-05:00,7.014888342957907,7.209428476449399,6.8890094330516485,7.163654327392578,2491800,0.0,0.0
2001-01-16 00:00:00-05:00,7.140770031738281,7.2094312820434565,6.751689613342284,7.1522135734558105,2862200,0.0,0.0
2001-01-17 00:00:00-05:00,7.117883825913454,7.209432170941279,7.037779024014107,7.14077091217041,2489800,0.0,0.0
2001-01-18 00:00:00-05:00,7.129324794943777,7.27809080190087,7.117881255947077,7.255203723907471,1340600,0.0,0.0
2001-01-19 00:00:00-05:00,7.209429547190666,7.3353084757924085,7.0721070796251295,7.323864936828613,2095600,0.0,0.0
2001-01-22 00:00:00-05:00,7.335308359881517,7.484074364060081,7.266647127183718,7.449743747711182,1408400,0.0,0.0
2001-01-23 00:00:00-05:00,7.461190034703511,7.712947980659765,7.461190034703511,7.506964206695557,1324200,0.0,0.0
2001-01-24 00:00:00-05:00,7.552734750216125,7.758718425222019,7.552734750216125,7.678613662719727,1150600,0.0,0.0
2001-01-25 00:00:00-05:00,7.758721278372333,7.861713153748957,7.655729402995709,7.747277736663818,1090600,0.0,0.0
2001-01-26 00:00:00-05:00,7.793051903497874,7.861713153748957,7.50696336078503,7.747277736663818,1442200,0.0,0.0
2001-01-29 00:00:00-05:00,7.7486486716927665,7.926252611308599,7.744986655586875,7.807239532470703,844800,0.0,0.0
2001-01-30 00:00:00-05:00,7.781604811084707,7.7907595005826105,7.655268419714343,7.679070472717285,785400,0.0,0.0
2001-01-31 00:00:00-05:00,7.6461146570803065,7.6461146570803065,7.360484372664739,7.490482807159424,1758000,0.0,0.0
2001-02-01 00:00:00-05:00,7.506956672776815,7.543576113311176,7.387943665654578,7.510618686676025,1283800,0.0,0.0
2001-02-02 00:00:00-05:00,7.506960665608587,7.576537569784936,7.4117503489615055,7.470341205596924,1492600,0.0,0.0
2001-02-05 00:00:00-05:00,7.479492962054481,7.616815359388097,7.479492962054481,7.514281749725342,1377400,0.0,0.0
2001-02-06 00:00:00-05:00,7.514288446884372,7.65344162621551,7.455697561012476,7.554569244384766,750200,0.0,0.0
2001-02-07 00:00:00-05:00,7.600335076868313,7.759629527824459,7.600335076868313,7.649771213531494,860400,0.0,0.0
2001-02-08 00:00:00-05:00,7.66258789677204,7.902444552297171,7.66258789677204,7.891458511352539,921800,0.0,0.0
2001-02-09 00:00:00-05:00,7.8823092284949,8.105687324921085,7.876816553487097,8.06540584564209,1225400,0.0,0.0
2001-02-12 00:00:00-05:00,8.05625131437977,8.17343303992653,7.882309384945843,8.014139175415039,1036800,0.0,0.0
2001-02-13 00:00:00-05:00,7.98667277698784,8.125826571589325,7.873153090782024,8.001320838928223,904200,0.0,0.0
2001-02-14 00:00:00-05:00,7.98300913476065,8.056248032622191,7.904277564019756,7.9701924324035645,1023600,0.0,0.0
2001-02-15 00:00:00-05:00,7.933574015137359,7.955545406035452,7.827377678623714,7.907939910888672,671400,0.0,0.0
2001-02-16 00:00:00-05:00,8.02878638252102,8.129490080718506,8.010477000189566,8.06540584564209,956400,0.0,0.0
2001-02-20 00:00:00-05:00,8.065402688665658,8.241175204695764,8.03793862591852,8.180753707885742,1183400,0.0,0.0
2001-02-21 00:00:00-05:00,8.180754293085993,8.376667554886485,8.180754293085993,8.189908981323242,1346200,0.0,0.0
2001-02-22 00:00:00-05:00,8.22653182292259,8.363854298446393,8.056251897396418,8.070899963378906,2162400,0.0,0.0
2001-02-23 00:00:00-05:00,8.092871459006954,8.20456051883227,7.880479388972303,8.026956558227539,1550400,0.0,0.0
2001-02-26 00:00:00-05:00,8.063579771853249,8.191747616425891,8.023298269669644,8.058086395263672,957600,0.0,0.0
2001-02-27 00:00:00-05:00,8.056247557857873,8.221034719106289,8.056247557857873,8.21004867553711,1500200,0.0,0.0
2001-02-28 00:00:00-05:00,8.239346472826815,8.275965930175435,8.096531357471061,8.204558372497559,1372800,0.0,0.0
2001-03-01 00:00:00-05:00,8.166107558129578,8.266811240452794,8.092869341890395,8.204558372497559,1610400,0.0,0.0
2001-03-02 00:00:00-05:00,8.28512102392074,8.321740483055102,8.111179116876091,8.230192184448242,1291400,0.0,0.0
2001-03-05 00:00:00-05:00,8.21187973022461,8.29427331482864,8.193570355182775,8.21187973022461,802200,0.0,0.0
2001-03-06 00:00:00-05:00,8.230191506508314,8.285120341456196,8.16976929914502,8.217374801635742,1399800,0.0,0.0
2001-03-07 00:00:00-05:00,8.222937718436967,8.3174546421117,8.11730165571668,8.126567840576172,5299600,0.27,0.0
2001-03-08 00:00:00-05:00,8.145099515265839,8.145099515265839,7.867109775543213,7.867109775543213,3059800,0.0,0.0
2001-03-09 00:00:00-05:00,7.691051193401574,7.783714460791954,7.637306328643643,7.711437225341797,2907800,0.0,0.0
2001-03-12 00:00:00-05:00,7.802245397373397,7.902321877431716,7.794832874637759,7.84857702255249,3065600,0.0,0.0
2001-03-13 00:00:00-05:00,7.830045224504331,7.839311408820894,7.750354766845703,7.750354766845703,1441800,0.0,0.0
2001-03-14 00:00:00-05:00,7.728108837257126,7.729961789669232,7.594673640740369,7.605793476104736,1624600,0.0,0.0
2001-03-15 00:00:00-05:00,7.635448185163048,7.802241528930997,7.616915120101623,7.778149604797363,1640400,0.0,0.0
2001-03-16 00:00:00-05:00,7.6910476694871495,7.78000428058767,7.668808693453095,7.702167510986328,1545200,0.0,0.0
2001-03-19 00:00:00-05:00,7.663249616353713,7.7095812360583045,7.618771657337375,7.657690048217773,1251200,0.0,0.0
2001-03-20 00:00:00-05:00,7.663248820898939,7.746645869103369,7.553906181467428,7.653982639312744,1302800,0.0,0.0
2001-03-21 00:00:00-05:00,7.607653041585553,7.813365579379685,7.5983868575424305,7.659544944763184,1929000,0.0,0.0
2001-03-22 00:00:00-05:00,7.613212594853668,7.691049381784207,7.240705951787638,7.3759942054748535,1543600,0.0,0.0
2001-03-23 00:00:00-05:00,7.283328060619004,7.4074971278675505,7.190664851942008,7.361165523529053,1592400,0.0,0.0
2001-03-26 00:00:00-05:00,7.468657913783866,7.655838077319931,7.468657913783866,7.590973377227783,1043200,0.0,0.0
2001-03-27 00:00:00-05:00,7.6354519337355375,7.800392405455805,7.6354519337355375,7.755913734436035,2134800,0.0,0.0
2001-03-28 00:00:00-05:00,7.691049459514842,7.815217870482138,7.635451653007628,7.776299476623535,1797600,0.0,0.0
2001-03-29 00:00:00-05:00,7.778152097074915,7.969038133104398,7.676221973986966,7.952358722686768,1667200,0.0,0.0
2001-03-30 00:00:00-05:00,7.9523589865732,8.096913410346561,7.9523589865732,7.998690605163574,1217800,0.0,0.0
2001-04-02 00:00:00-04:00,8.098769030772754,8.189578629284407,7.982013125721776,8.159926414489746,1363000,0.0,0.0
2001-04-03 00:00:00-04:00,8.126568594655001,8.247031129900076,7.950508945094025,8.185873031616211,1369400,0.0,0.0
2001-04-04 00:00:00-04:00,8.14509843931251,8.252587423517962,8.05614181918802,8.167337417602539,1329000,0.0,0.0
2001-04-05 00:00:00-04:00,8.126566283334713,8.163631722634653,7.996838306231604,8.154365539550781,1097400,0.0,0.0
2001-04-06 00:00:00-04:00,8.191428241909799,8.228493668825344,7.746644532851699,7.904172420501709,1832000,0.0,0.0
2001-04-09 00:00:00-04:00,7.885643342012321,8.204405184961479,7.885643342012321,8.072823524475098,1293000,0.0,0.0
2001-04-10 00:00:00-04:00,8.432354683162453,8.432354683162453,8.230348795441085,8.330425262451172,2281000,0.0,0.0
2001-04-11 00:00:00-04:00,8.293355212349919,8.315594179215235,8.150653819949781,8.248876571655273,1496000,0.0,0.0
2001-04-12 00:00:00-04:00,8.145097950642207,8.284092793803458,8.13953767618001,8.234054565429688,2118400,0.0,0.0
2001-04-16 00:00:00-04:00,8.26556381282439,8.413825617779278,8.241471870439199,8.373053550720215,1057200,0.0,0.0
2001-04-17 00:00:00-04:00,8.373047593494627,8.599146048918909,8.373047593494627,8.539841651916504,1462200,0.0,0.0
2001-04-18 00:00:00-04:00,8.552816633240383,8.61397399900245,8.300772528000012,8.384169578552246,2177200,0.0,0.0
2001-04-19 00:00:00-04:00,8.395289212269029,8.437914216866904,8.209962736470752,8.295212745666504,2062800,0.0,0.0
2001-04-20 00:00:00-04:00,8.302626008752382,8.41567527257179,8.204403202401148,8.319305419921875,1418200,0.0,0.0
2001-04-23 00:00:00-04:00,8.386022535876043,8.497218132019043,8.363783558040314,8.497218132019043,1075400,0.0,0.0
2001-04-24 00:00:00-04:00,8.534285292280751,8.645481617875395,8.426796288533547,8.567644119262695,1240000,0.0,0.0
2001-04-25 00:00:00-04:00,8.599147868021454,8.658452277569383,8.480538341961271,8.602853775024414,832200,0.0,0.0
2001-04-26 00:00:00-04:00,8.602857419162953,8.747412597262851,8.602857419162953,8.686254501342773,758600,0.0,0.0
2001-04-27 00:00:00-04:00,8.732584469561745,8.747410928883498,8.562084429148529,8.664013862609863,1255200,0.0,0.0
2001-04-30 00:00:00-04:00,8.682540680443545,8.702926695499203,8.571345134457815,8.60655689239502,1260200,0.0,0.0
2001-05-01 00:00:00-04:00,8.626948640799862,8.691813341536408,8.582470675631754,8.617682456970215,761000,0.0,0.0
2001-05-02 00:00:00-04:00,8.617681373613447,8.61953432736063,8.415675480878123,8.419382095336914,1097400,0.0,0.0
2001-05-03 00:00:00-04:00,8.413821675958035,8.450886402867491,8.258147419259533,8.32301139831543,942400,0.0,0.0
2001-05-04 00:00:00-04:00,8.369346225051467,8.487955093383789,8.361932994039542,8.487955093383789,1268800,0.0,0.0
2001-05-07 00:00:00-04:00,8.497218912048547,8.534284349820208,8.41382256076784,8.443474769592285,656400,0.0,0.0
2001-05-08 00:00:00-04:00,8.39714141657116,8.428646572649866,8.326717170031792,8.361928939819336,804600,0.0,0.0
2001-05-09 00:00:00-04:00,8.358220905743526,8.578759788673972,8.358220905743526,8.562080383300781,936200,0.0,0.0
2001-05-10 00:00:00-04:00,8.636210090032895,8.649182881675278,8.525014531108434,8.641770362854004,888200,0.0,0.0
2001-05-11 00:00:00-04:00,8.664013114465716,8.773355768146105,8.654746931672006,8.752969741821289,1125000,0.0,0.0
2001-05-14 00:00:00-04:00,8.752970307578886,9.006867408752441,8.752970307578886,9.006867408752441,2221200,0.0,0.0
2001-05-15 00:00:00-04:00,8.969802761552485,8.969802761552485,8.86046009975175,8.8975248336792,2474000,0.0,0.0
2001-05-16 00:00:00-04:00,8.932738241237454,9.053200052845005,8.827102183335876,9.043933868408203,1768000,0.0,0.0
2001-05-17 00:00:00-04:00,9.043931607739069,9.242230874369852,8.945708804725047,9.173660278320312,2683000,0.0,0.0
2001-05-18 00:00:00-04:00,9.099523377436034,9.173654199205075,9.093963813240725,9.168094635009766,1485200,0.0,0.0
2001-05-21 00:00:00-04:00,9.16810440813149,9.30339270115684,9.145864713715108,9.28300666809082,2005200,0.0,0.0
2001-05-22 00:00:00-04:00,9.283001262739013,9.318213031281342,9.23852260677016,9.275588035583496,1126200,0.0,0.0
2001-05-23 00:00:00-04:00,9.275589312883891,9.433117230291977,9.275589312883891,9.414584159851074,1022400,0.0,0.0
2001-05-24 00:00:00-04:00,9.386788145716029,9.4887175862503,9.342309471628862,9.433119773864746,1441800,0.0,0.0
2001-05-25 00:00:00-04:00,9.423850480911367,9.423850480911367,9.30338870260418,9.33118724822998,1848000,0.0,0.0
2001-05-29 00:00:00-04:00,9.294124825461726,9.303391009634796,9.162542465131791,9.247793197631836,1690800,0.0,0.0
2001-05-30 00:00:00-04:00,9.24593248856674,9.377514041629265,9.244079535930421,9.340449333190918,1614000,0.0,0.0
2001-05-31 00:00:00-04:00,9.303387879734457,9.553578303059517,9.303387879734457,9.527632713317871,1779000,0.0,0.0
2001-06-01 00:00:00-04:00,9.48871768648237,9.525783130785785,9.362695600029486,9.460918426513672,1315800,0.0,0.0
2001-06-04 00:00:00-04:00,9.460913145352256,9.525777813416365,9.414581542576816,9.514657974243164,1212400,0.0,0.0
2001-06-05 00:00:00-04:00,9.544313650159843,9.544313650159843,9.364546739646666,9.37381362915039,7013000,0.0,0.0
2001-06-06 00:00:00-04:00,9.375686370370449,9.418771357507469,9.237065231685,9.321361541748047,2177200,0.27,0.0
2001-06-07 00:00:00-04:00,9.321363287313394,9.323236951875256,9.02913449990442,9.089078903198242,2254200,0.0,0.0
2001-06-08 00:00:00-04:00,9.075963187201468,9.175245939201746,8.860537565947686,9.160260200500488,1227400,0.0,0.0
2001-06-11 00:00:00-04:00,9.178991494343796,9.343838888614064,9.178991494343796,9.263288497924805,1012400,0.0,0.0
2001-06-12 00:00:00-04:00,9.244557960323878,9.349461006186473,9.244557960323878,9.300756454467773,1202400,0.0,0.0
2001-06-13 00:00:00-04:00,9.300754130725686,9.362571458408299,9.085328529246416,9.130287170410156,1106200,0.0,0.0
2001-06-14 00:00:00-04:00,9.130287734082746,9.130287734082746,8.82869215922964,8.92048168182373,1205600,0.0,0.0
2001-06-15 00:00:00-04:00,8.804341588584746,9.240812482683328,8.804341588584746,9.119050025939941,2998000,0.0,0.0
2001-06-18 00:00:00-04:00,9.075965966427601,9.29139093905501,9.075965966427601,9.098444938659668,1498200,0.0,0.0
2001-06-19 00:00:00-04:00,9.1134286977274,9.255796432495117,9.104061807027074,9.255796432495117,787800,0.0,0.0
2001-06-20 00:00:00-04:00,9.272660077188048,9.360703744974787,9.092826841132965,9.207096099853516,1282200,0.0,0.0
2001-06-21 00:00:00-04:00,9.038505665208927,9.047871849404324,8.804347487353773,8.851179122924805,2432800,0.0,0.0
2001-06-22 00:00:00-04:00,8.804341587620666,8.916737151837971,8.73315734916647,8.85866641998291,1941400,0.0,0.0
2001-06-25 00:00:00-04:00,8.869903703290216,8.916735297741788,8.778114178337452,8.787480354309082,1330800,0.0,0.0
2001-06-26 00:00:00-04:00,8.793100838273206,8.984173849406561,8.688198513050303,8.97293472290039,1298200,0.0,0.0
2001-06-27 00:00:00-04:00,9.001031727779853,9.216457334143806,8.991665552414762,9.122794151306152,1146600,0.0,0.0
2001-06-28 00:00:00-04:00,9.14152787482506,9.244557248499786,9.09094966274616,9.107809066772461,1395000,0.0,0.0
2001-06-29 00:00:00-04:00,9.113428605844746,9.160260200500488,9.010398525927375,9.160260200500488,1004000,0.0,0.0
2001-07-02 00:00:00-04:00,9.16026077489141,9.338220274067378,9.122795353898876,9.302628517150879,982400,0.0,0.0
2001-07-03 00:00:00-04:00,9.26329082239303,9.360700638241859,9.229572012499453,9.24830436706543,393800,0.0,0.0
2001-07-05 00:00:00-04:00,9.244556683814176,9.310121346397557,9.180865685226761,9.278275489807129,1142200,0.0,0.0
2001-07-06 00:00:00-04:00,9.291392907970565,9.33635157655542,9.223955976983971,9.253928184509277,891200,0.0,0.0
2001-07-09 00:00:00-04:00,9.328857989198957,9.364450475557087,9.22582857443368,9.304505348205566,784200,0.0,0.0
2001-07-10 00:00:00-04:00,9.310124128605551,9.36632191718996,9.285771491534636,9.349462509155273,775400,0.0,0.0
2001-07-11 00:00:00-04:00,9.349456569070112,9.364443017621078,9.162130249742246,9.192102432250977,787600,0.0,0.0
2001-07-12 00:00:00-04:00,9.160260148555667,9.160260148555667,9.038497717303843,9.045990943908691,1041200,0.0,0.0
2001-07-13 00:00:00-04:00,9.04786667989675,9.104064467554515,8.914865082368188,8.963569641113281,858600,0.0,0.0
2001-07-16 00:00:00-04:00,8.967314115647499,9.104062294999386,8.941088535305147,8.950454711914062,1038800,0.0,0.0
2001-07-17 00:00:00-04:00,8.954204476705216,9.010402270729719,8.884893887894787,8.93172550201416,1112400,0.0,0.0
2001-07-18 00:00:00-04:00,8.9354702222699,9.027259766308866,8.832440835971777,8.85866641998291,754400,0.0,0.0
2001-07-19 00:00:00-04:00,8.896130188827813,8.935468557515437,8.81370612347077,8.892383575439453,518800,0.0,0.0
2001-07-20 00:00:00-04:00,8.916738098459009,8.954203528706714,8.588916834330462,8.650734901428223,1996800,0.0,0.0
2001-07-23 00:00:00-04:00,8.663845394544202,8.682577747397726,8.279826444299312,8.334151268005371,1448400,0.0,0.0
2001-07-24 00:00:00-04:00,8.101865766091953,8.111231941978,7.774044607926382,8.02880859375,2876000,0.0,0.0
2001-07-25 00:00:00-04:00,8.025063829899072,8.476520471744132,7.942640462676132,8.474647521972656,1913800,0.0,0.0
2001-07-26 00:00:00-04:00,8.41095586380657,8.6975650345641,8.392222794565,8.656352996826172,1679200,0.0,0.0
2001-07-27 00:00:00-04:00,8.656351276195469,8.691943743382943,8.394094790284175,8.615139961242676,1034600,0.0,0.0
2001-07-30 00:00:00-04:00,8.598284232267188,8.763130991678212,8.410957784632554,8.738779067993164,1608200,0.0,0.0
2001-07-31 00:00:00-04:00,8.738777686755354,8.793101804891808,8.553324218488335,8.766876220703125,1415400,0.0,0.0
2001-08-01 00:00:00-04:00,8.733157394447602,8.841807059735435,8.60202875911847,8.839933395385742,827600,0.0,0.0
2001-08-02 00:00:00-04:00,8.88301700690429,8.972934302299814,8.74439587947366,8.92797565460205,669200,0.0,0.0
2001-08-03 00:00:00-04:00,8.916733124706614,9.016016566671793,8.823069958629471,8.939212799072266,926000,0.0,0.0
2001-08-06 00:00:00-04:00,8.710674383587211,8.785605201756441,8.65447662725691,8.733153343200684,1172400,0.0,0.0
2001-08-07 00:00:00-04:00,8.735032602792698,8.860540981851058,8.710679964097158,8.763131141662598,564800,0.0,0.0
2001-08-08 00:00:00-04:00,8.729410759619254,8.757510008049353,8.545830956431693,8.558943748474121,1077000,0.0,0.0
2001-08-09 00:00:00-04:00,8.532717075966655,8.654479517507133,8.502744881608097,8.628253936767578,710800,0.0,0.0
2001-08-10 00:00:00-04:00,8.62638138000527,8.738777659222965,8.497126409228175,8.652606964111328,863200,0.0,0.0
2001-08-13 00:00:00-04:00,8.650737032736686,8.701315268843157,8.528974533081055,8.528974533081055,758000,0.0,0.0
2001-08-14 00:00:00-04:00,8.491504489433066,8.64885795041217,8.482137599485227,8.605772972106934,796200,0.0,0.0
2001-08-15 00:00:00-04:00,8.617013700241195,8.682577649079564,8.476518911650306,8.530843734741211,857600,0.0,0.0
2001-08-16 00:00:00-04:00,8.530844831243058,8.693818606869963,8.510238811932872,8.688199043273926,921000,0.0,0.0
2001-08-17 00:00:00-04:00,8.598280626529627,8.71067616213923,8.579547560865768,8.617012977600098,701600,0.0,0.0
2001-08-20 00:00:00-04:00,8.645113728852971,8.74814310692362,8.622634046129784,8.725664138793945,442200,0.0,0.0
2001-08-21 00:00:00-04:00,8.725663628220085,8.7781147889847,8.641366609424471,8.658226013183594,536600,0.0,0.0
2001-08-22 00:00:00-04:00,8.660097669540464,8.819325506732518,8.635745042281751,8.748141288757324,576400,0.0,0.0
2001-08-23 00:00:00-04:00,8.75001350404564,8.823070665100644,8.729407491523807,8.813704490661621,690000,0.0,0.0
2001-08-24 00:00:00-04:00,8.83244085663845,8.89425820272454,8.828694242543296,8.8792724609375,1037200,0.0,0.0
2001-08-27 00:00:00-04:00,8.926100453516225,9.0197636242159,8.922353840937046,8.944832801818848,688400,0.0,0.0
2001-08-28 00:00:00-04:00,8.869903449860235,8.972933526384663,8.869903449860235,8.89987564086914,1211000,0.0,0.0
2001-08-29 00:00:00-04:00,8.89988026212779,8.92423290327806,8.847429079275301,8.875528335571289,814600,0.0,0.0
2001-08-30 00:00:00-04:00,8.875528126138661,8.892387536599674,8.72941299727863,8.768752098083496,816000,0.0,0.0
2001-08-31 00:00:00-04:00,8.768746985821078,8.813704911110381,8.673210144042969,8.673210144042969,617000,0.0,0.0
2001-09-04 00:00:00-04:00,8.673214882642341,8.791230751542916,8.65448252263629,8.746272087097168,1204000,0.0,0.0
2001-09-05 00:00:00-04:00,8.755745012162873,8.78417232146647,8.623082066548077,8.708365440368652,1364600,0.27,0.0
2001-09-06 00:00:00-04:00,8.708366523689648,8.818286767989775,8.691309846803682,8.7879638671875,1206200,0.0,0.0
2001-09-07 00:00:00-04:00,8.736793577378092,8.808810735755433,8.678043365478516,8.678043365478516,1146600,0.0,0.0
2001-09-10 00:00:00-04:00,8.67804449664346,8.723528490948976,8.516953482510871,8.583285331726074,1265800,0.0,0.0
2001-09-17 00:00:00-04:00,8.537800614465505,8.623084007482163,8.367234551387241,8.583285331726074,1482800,0.0,0.0
2001-09-18 00:00:00-04:00,8.496105270731565,8.623082177759338,8.41271676060715,8.58517837524414,744200,0.0,0.0
2001-09-19 00:00:00-04:00,8.58517867855862,8.679937826717005,8.427878868552265,8.433564186096191,1695200,0.0,0.0
2001-09-20 00:00:00-04:00,8.424086651391173,8.471466215546405,8.291423727165569,8.3388032913208,1912000,0.0,0.0
2001-09-21 00:00:00-04:00,8.244051201398984,8.281955029674654,8.064008559306087,8.1492919921875,1566400,0.0,0.0
2001-09-24 00:00:00-04:00,8.149287119989646,8.149287119989646,7.98630126191706,7.988196849822998,1135600,0.0,0.0
2001-09-25 00:00:00-04:00,8.016620976962843,8.035573233718042,7.865006537694604,7.948394298553467,1317800,0.0,0.0
2001-09-26 00:00:00-04:00,7.91428156833774,7.997670058567862,7.79867604653142,7.853635787963867,2134200,0.0,0.0
2001-09-27 00:00:00-04:00,7.853636235346925,7.853636235346925,7.620528868201857,7.798676490783691,1938800,0.0,0.0
2001-09-28 00:00:00-04:00,7.86500986352528,8.064003944396973,7.832792097849711,8.064003944396973,1055200,0.0,0.0
2001-10-01 00:00:00-04:00,8.11138282513,8.139810858364728,7.959768334772929,8.124649047851562,1028600,0.0,0.0
2001-10-02 00:00:00-04:00,8.105702842704865,8.221309193615737,8.073484335636158,8.1492919921875,1347800,0.0,0.0
2001-10-03 00:00:00-04:00,8.187193575472135,8.33880812404556,8.181507532868935,8.26300048828125,1569600,0.0,0.0
2001-10-04 00:00:00-04:00,8.30089947942503,8.37670707110937,8.168236555454826,8.289528846740723,1078600,0.0,0.0
2001-10-05 00:00:00-04:00,8.272472470726237,8.376707370805367,8.2213024529518,8.36154556274414,1067600,0.0,0.0
2001-10-08 00:00:00-04:00,8.31985657658208,8.342598578129294,8.236468032650299,8.26300048828125,542000,0.0,0.0
2001-10-09 00:00:00-04:00,8.262997785014145,8.262997785014145,8.026099904446594,8.069689750671387,671600,0.0,0.0
2001-10-10 00:00:00-04:00,8.082954358207301,8.092430126944622,7.935129618676814,8.054526329040527,959000,0.0,0.0
2001-10-11 00:00:00-04:00,8.05452998584101,8.092433800953643,7.931342767463737,7.940819263458252,894000,0.0,0.0
2001-10-12 00:00:00-04:00,7.940813904804014,7.954080122697798,7.851740107841761,7.92186164855957,906000,0.0,0.0
2001-10-15 00:00:00-04:00,7.940817965116892,8.007149088502358,7.827106538371064,7.866905212402344,759600,0.0,0.0
2001-10-16 00:00:00-04:00,7.904807194884908,8.041260586269871,7.90291233020672,8.010937690734863,737200,0.0,0.0
2001-10-17 00:00:00-04:00,8.082958466713785,8.082958466713785,7.950295468095265,7.961666107177734,798200,0.0,0.0
2001-10-18 00:00:00-04:00,7.940817925020041,7.974931280576033,7.789202690124512,7.789202690124512,574200,0.0,0.0
2001-10-19 00:00:00-04:00,7.789199221555669,7.948394568941485,7.7550858811905155,7.883958339691162,586800,0.0,0.0
2001-10-22 00:00:00-04:00,7.883961346970332,7.883961346970332,7.777831556867157,7.82710599899292,781400,0.0,0.0
2001-10-23 00:00:00-04:00,7.779724956999189,7.78730586142342,7.561779376963841,7.58073091506958,1194000,0.0,0.0
2001-10-24 00:00:00-04:00,7.561781047715428,7.576942136958846,7.42722249479698,7.48218297958374,1321400,0.0,0.0
2001-10-25 00:00:00-04:00,7.4632312811801595,7.603474426307011,7.44617460429122,7.582627296447754,1204600,0.0,0.0
2001-10-26 00:00:00-04:00,7.609160592808799,7.614845910880605,7.40258560172489,7.514401435852051,1390400,0.0,0.0
2001-10-29 00:00:00-05:00,7.504924857664724,7.605370054522315,7.448069508719003,7.56178092956543,1415800,0.0,0.0
2001-10-30 00:00:00-05:00,7.504924736246862,7.514401230046988,7.33435869216919,7.3343586921691895,1394800,0.0,0.0
2001-10-31 00:00:00-05:00,7.334360529338522,7.4632330693875515,7.334360529338522,7.459442615509033,1462200,0.0,0.0
2001-11-01 00:00:00-05:00,7.489764115965544,7.590208594525854,7.419642539779385,7.531458377838135,1489400,0.0,0.0
2001-11-02 00:00:00-05:00,7.493552893591327,7.548513367778891,7.381737080534325,7.47649621963501,826400,0.0,0.0
2001-11-05 00:00:00-05:00,7.523878241074742,7.7910990715026855,7.516297333967048,7.7910990715026855,1376600,0.0,0.0
2001-11-06 00:00:00-05:00,7.7513003879750455,7.853639742034021,7.732348120219611,7.840373516082764,1255400,0.0,0.0
2001-11-07 00:00:00-05:00,7.84605826362204,7.902913611599451,7.796783098541303,7.82710599899292,1096800,0.0,0.0
2001-11-08 00:00:00-05:00,7.827103001326318,7.9995645671486795,7.827103001326318,7.959765911102295,1018200,0.0,0.0
2001-11-09 00:00:00-05:00,7.969241197108582,8.043153189004514,7.927547679320032,7.997669219970703,911600,0.0,0.0
2001-11-12 00:00:00-05:00,7.978723389931191,7.978723389931191,7.8555368785398745,7.937029838562012,799800,0.0,0.0
2001-11-13 00:00:00-05:00,7.921863692717141,7.940815953852026,7.77024921841226,7.8214192390441895,1578000,0.0,0.0
2001-11-14 00:00:00-05:00,7.85932203729207,7.85932203729207,7.6262146771859145,7.630004405975342,1988000,0.0,0.0
2001-11-15 00:00:00-05:00,7.656539577429862,7.694442658908723,7.467021278215806,7.495448589324951,2221000,0.0,0.0
2001-11-16 00:00:00-05:00,7.495449046995389,7.614845785217965,7.495449046995389,7.582627296447754,1152800,0.0,0.0
2001-11-19 00:00:00-05:00,7.590208512416923,7.597789418667206,7.400690193889883,7.474602222442627,931000,0.0,0.0
2001-11-20 00:00:00-05:00,7.504923966169018,7.770249860338134,7.487867291215934,7.732346057891846,1076400,0.0,0.0
2001-11-21 00:00:00-05:00,7.722870980839066,7.732346751561987,7.533352674560807,7.622426509857178,799000,0.0,0.0
2001-11-23 00:00:00-05:00,7.650849747034263,7.770246418823962,7.597784880885321,7.7683515548706055,382600,0.0,0.0
2001-11-26 00:00:00-05:00,7.7683569165148105,7.7683569165148105,7.645169708841209,7.6830735206604,878400,0.0,0.0
2001-11-27 00:00:00-05:00,7.683069639574973,7.804361197762163,7.593995835238569,7.730449199676514,1014200,0.0,0.0
2001-11-28 00:00:00-05:00,7.732345388780004,7.747507197628465,7.58073091506958,7.58073091506958,737800,0.0,0.0
2001-11-29 00:00:00-05:00,7.580730780527778,7.675489915284375,7.476495876886486,7.6375861167907715,897600,0.0,0.0
2001-11-30 00:00:00-05:00,7.637587939169406,7.726661778439754,7.637587939169406,7.684967517852783,1117800,0.0,0.0
2001-12-03 00:00:00-05:00,7.68307176792074,7.760774239094028,7.628111289468805,7.724765300750732,1033400,0.0,0.0
2001-12-04 00:00:00-05:00,7.724765310268921,7.834686267308234,7.696338000070933,7.829000949859619,1059800,0.0,0.0
2001-12-05 00:00:00-05:00,7.877008802445312,7.930776545609196,7.853965588593727,7.892370700836182,1315800,0.27,0.0
2001-12-06 00:00:00-05:00,7.892370607469899,7.896211265154822,7.767552529097394,7.786755084991455,928000,0.0,0.0
2001-12-07 00:00:00-05:00,7.777152292191264,7.967260781647098,7.757949740037524,7.9595794677734375,1036200,0.0,0.0
2001-12-10 00:00:00-05:00,7.892367940054861,7.901969947287215,7.805955735206108,7.8462815284729,747400,0.0,0.0
2001-12-11 00:00:00-05:00,7.84628489298118,7.848204855732754,7.684980918216127,7.690741539001465,1121200,0.0,0.0
2001-12-12 00:00:00-05:00,7.692662570993047,7.83476326180905,7.615850872016912,7.830922603607178,1838600,0.0,0.0
2001-12-13 00:00:00-05:00,7.832841024156596,7.949978501437295,7.748348033315206,7.815558433532715,998800,0.0,0.0
2001-12-14 00:00:00-05:00,7.757950565983546,7.804036989071254,7.686899503883392,7.790595054626465,907400,0.0,0.0
2001-12-17 00:00:00-05:00,7.773311926222108,7.780993240383292,7.594725400891981,7.660015106201172,722400,0.0,0.0
2001-12-18 00:00:00-05:00,7.661938037908723,7.830922603607178,7.648496100467497,7.830922603607178,625600,0.0,0.0
2001-12-19 00:00:00-05:00,7.782912715200535,8.08823797494538,7.734905603495561,8.055593490600586,734600,0.0,0.0
2001-12-20 00:00:00-05:00,8.074800491333008,8.082481809245358,7.89237321983405,8.074800491333008,799000,0.0,0.0
2001-12-21 00:00:00-05:00,8.084398757534563,8.084398757534563,7.930776119232178,7.930776119232178,1362600,0.0,0.0
2001-12-24 00:00:00-05:00,7.882768998979524,8.036391637281909,7.882768998979524,7.930776119232178,398800,0.0,0.0
2001-12-26 00:00:00-05:00,7.949981447133878,8.17657517148183,7.9403794345946705,8.045995712280273,925200,0.0,0.0
2001-12-27 00:00:00-05:00,8.047911547445457,8.14968638188986,8.036389577826524,8.095918655395508,821200,0.0,0.0
2001-12-28 00:00:00-05:00,8.095918242882297,8.15352662298096,7.988382062842578,8.134324073791504,1513200,0.0,0.0
2001-12-31 00:00:00-05:00,8.142007290391447,8.17849243539515,8.045993056931787,8.101680755615234,1163800,0.0,0.0
2002-01-02 00:00:00-05:00,8.11320283605517,8.303311343166085,7.957659512055329,8.270666122436523,1827800,0.0,0.0
2002-01-03 00:00:00-05:00,8.289866313211322,8.289866313211322,8.107439905221533,8.184250831604004,945800,0.0,0.0
2002-01-04 00:00:00-05:00,8.161207051569088,8.161207051569088,7.974939267982429,8.053670883178711,1041800,0.0,0.0
2002-01-07 00:00:00-05:00,8.053670883178711,8.095917365855327,7.98838119746495,8.053670883178711,829400,0.0,0.0
2002-01-08 00:00:00-05:00,7.8731680495410465,7.949979738158546,7.832842242655607,7.850124835968018,1858800,0.0,0.0
2002-01-09 00:00:00-05:00,7.853966552818409,7.907734302583313,7.807879386926598,7.830922603607178,873800,0.0,0.0
2002-01-10 00:00:00-05:00,7.821321641995203,7.882770710659325,7.77139454840461,7.842444896697998,737200,0.0,0.0
2002-01-11 00:00:00-05:00,7.842441493534328,7.884687984607396,7.773311138153076,7.773311138153076,1658200,0.0,0.0
2002-01-14 00:00:00-05:00,7.777152126954091,7.926934081656073,7.769470813243632,7.877007007598877,1036000,0.0,0.0
2002-01-15 00:00:00-05:00,7.901971711670406,7.999905907546932,7.892369702294077,7.949978828430176,1056800,0.0,0.0
2002-01-16 00:00:00-05:00,7.926935991854682,7.974943115318009,7.900052119920111,7.905812740325928,2732400,0.0,0.0
2002-01-17 00:00:00-05:00,7.907731636905801,7.988383234365695,7.84436189673268,7.890449047088623,1920200,0.0,0.0
2002-01-18 00:00:00-05:00,7.873171806335449,7.9403815165479035,7.85780916826923,7.873171806335449,909000,0.0,0.0
2002-01-22 00:00:00-05:00,7.875086844098803,7.894290129670257,7.844362319714921,7.853964328765869,1137400,0.0,0.0
2002-01-23 00:00:00-05:00,7.853965115113621,7.969181909956203,7.853965115113621,7.955739974975586,880000,0.0,0.0
2002-01-24 00:00:00-05:00,7.978779923910324,8.065192850962392,7.934613479534869,8.053670883178711,2015600,0.0,0.0
2002-01-25 00:00:00-05:00,8.084400161909743,8.18041441909409,8.03831372867842,8.145849227905273,2099800,0.0,0.0
2002-01-28 00:00:00-05:00,8.122803051678577,8.172730857439989,8.067114626994844,8.132404327392578,750000,0.0,0.0
2002-01-29 00:00:00-05:00,8.180416260072466,8.197698859556272,7.97110510300451,7.973025798797607,944200,0.0,0.0
2002-01-30 00:00:00-05:00,7.959583880885193,8.099764640414467,7.873170883221718,8.042156219482422,1103200,0.0,0.0
2002-01-31 00:00:00-05:00,8.02679030442228,8.134326516758144,7.997986471987496,8.080558776855469,953000,0.0,0.0
2002-02-01 00:00:00-05:00,8.074792595990077,8.191930015761422,8.038307470376905,8.159285545349121,619000,0.0,0.0
2002-02-04 00:00:00-05:00,8.14200483286515,8.151606106807039,8.04599062838575,8.065193176269531,1047600,0.0,0.0
2002-02-05 00:00:00-05:00,8.113198415468727,8.178488088823405,8.038307470376905,8.159285545349121,1652000,0.0,0.0
2002-02-06 00:00:00-05:00,8.170812726370155,8.214979194536083,8.069037853315217,8.124726295471191,1749000,0.0,0.0
2002-02-07 00:00:00-05:00,8.12472738039909,8.168893854462747,8.036393699741067,8.045995712280273,1328400,0.0,0.0
2002-02-08 00:00:00-05:00,7.873171806335449,7.99222932122504,7.809802023108648,7.873171806335449,2800800,0.0,0.0
2002-02-11 00:00:00-05:00,7.873170875284858,7.994149071891766,7.780997255380343,7.942301273345947,1049200,0.0,0.0
2002-02-12 00:00:00-05:00,7.959576660052193,8.132401766063452,7.959576660052193,8.082474708557129,1254000,0.0,0.0
2002-02-13 00:00:00-05:00,8.103601037761313,8.199615266330689,8.065195199827478,8.172731399536133,660400,0.0,0.0
2002-02-14 00:00:00-05:00,8.199617809395091,8.222661026289943,8.113204830376079,8.191936492919922,937400,0.0,0.0
2002-02-15 00:00:00-05:00,8.191932453890166,8.222656972111473,8.092077586538347,8.134324073791504,952400,0.0,0.0
2002-02-19 00:00:00-05:00,8.065197208539157,8.109363676777484,8.019110045034035,8.030632019042969,1546600,0.0,0.0
2002-02-20 00:00:00-05:00,8.045996647957885,8.094003786113884,7.911576514614926,8.074800491333008,913400,0.0,0.0
2002-02-21 00:00:00-05:00,8.076721726916928,8.159294068666767,8.026793889680313,8.049837112426758,991400,0.0,0.0
2002-02-22 00:00:00-05:00,8.036390844594784,8.161209637952114,7.949978622687886,8.138166427612305,703200,0.0,0.0
2002-02-25 00:00:00-05:00,8.13816376513213,8.172728935598736,8.036388215411481,8.103598594665527,979600,0.0,0.0
2002-02-26 00:00:00-05:00,8.111283505656326,8.15736993170822,8.09400091275423,8.136246681213379,826400,0.0,0.0
2002-02-27 00:00:00-05:00,8.13240317761804,8.257221941844072,8.107440010797054,8.168889045715332,1317000,0.0,0.0
2002-02-28 00:00:00-05:00,8.16889233321639,8.182334269231212,8.08439932680256,8.097841262817383,1079600,0.0,0.0
2002-03-01 00:00:00-05:00,8.097835794665237,8.159285545349121,8.08439386772722,8.159285545349121,1749400,0.0,0.0
2002-03-04 00:00:00-05:00,8.1765756842765,8.37628481158244,8.15353173177405,8.372444152832031,1448800,0.0,0.0
2002-03-05 00:00:00-05:00,8.35324010729118,8.435812424425475,8.35324010729118,8.430051803588867,1003400,0.0,0.0
2002-03-06 00:00:00-05:00,8.535034996551099,8.58363997775776,8.385331565436202,8.564197540283203,1507600,0.27,0.0
2002-03-07 00:00:00-05:00,8.564201764603817,8.599197427666592,8.515596759422577,8.550592422485352,1624800,0.0,0.0
2002-03-08 00:00:00-05:00,8.57392044166591,8.61474919931448,8.482543559436577,8.53503704071045,1380800,0.0,0.0
2002-03-11 00:00:00-05:00,8.583643146591928,8.636135893019159,8.533093532149769,8.601140975952148,1058800,0.0,0.0
2002-03-12 00:00:00-05:00,8.573916967877517,8.610857222133243,8.521424249524806,8.531145095825195,678200,0.0,0.0
2002-03-13 00:00:00-05:00,8.5311445419233,8.552530847387427,8.500037390789927,8.517535209655762,436600,0.0,0.0
2002-03-14 00:00:00-05:00,8.51753997055604,8.593363647472158,8.51753997055604,8.573921203613281,518200,0.0,0.0
2002-03-15 00:00:00-05:00,8.65168800355751,8.68473903993708,8.591417550470133,8.599194526672363,1268400,0.0,0.0
2002-03-18 00:00:00-05:00,8.535037695055054,8.645857027911495,8.478655721032405,8.624470710754395,619400,0.0,0.0
2002-03-19 00:00:00-05:00,8.649743226593031,8.739176218614746,8.640021636529339,8.676961898803711,623200,0.0,0.0
2002-03-20 00:00:00-05:00,8.673073748230715,8.739176558306001,8.573919162291174,8.721678733825684,1027200,0.0,0.0
2002-03-21 00:00:00-05:00,8.721681390395016,8.902492051214347,8.68279724174453,8.886938095092773,976600,0.0,0.0
2002-03-22 00:00:00-05:00,8.865550551148361,9.098854669158234,8.846108850336433,9.015254020690918,1777600,0.0,0.0
2002-03-25 00:00:00-05:00,9.017198256278805,9.058026271257631,8.914155169682743,8.980257987976074,1393400,0.0,0.0
2002-03-26 00:00:00-05:00,8.980257752836703,9.013309531944596,8.807224105801936,8.82861042022705,1295800,0.0,0.0
2002-03-27 00:00:00-05:00,8.836386659502908,8.933596632123066,8.82666581057154,8.884991645812988,1063000,0.0,0.0
2002-03-28 00:00:00-05:00,8.933599408962392,8.960818091091928,8.816946960567071,8.904436111450195,830800,0.0,0.0
2002-04-01 00:00:00-05:00,8.855830175022756,8.855830175022756,8.799448201333902,8.816946029663086,2415200,0.0,0.0
2002-04-02 00:00:00-05:00,8.846108341505095,8.904434182239303,8.83833136496632,8.86555004119873,1127200,0.0,0.0
2002-04-03 00:00:00-05:00,8.836386268571049,8.846107117072357,8.748897148752881,8.762506484985352,1060600,0.0,0.0
2002-04-04 00:00:00-05:00,8.7683381308277,8.844162522923227,8.71001230292226,8.770282745361328,1262200,0.0,0.0
2002-04-05 00:00:00-05:00,8.787782386721123,8.813057189317469,8.688627791271845,8.702237129211426,894200,0.0,0.0
2002-04-08 00:00:00-04:00,8.70418347978742,8.74112301275309,8.651689990844556,8.723625183105469,631400,0.0,0.0
2002-04-09 00:00:00-04:00,8.729458784097067,8.748900488521276,8.651690483093262,8.651690483093262,509200,0.0,0.0
2002-04-10 00:00:00-04:00,8.638082025830505,8.834445930566707,8.626416556989852,8.826669692993164,716800,0.0,0.0
2002-04-11 00:00:00-04:00,8.807219590687804,8.832494380383123,8.690567970275879,8.690567970275879,725800,0.0,0.0
2002-04-12 00:00:00-04:00,8.690571904718473,8.706125115043369,8.61863673095267,8.678906440734863,1264000,0.0,0.0
2002-04-15 00:00:00-04:00,8.676964417474752,8.676964417474752,8.583642910669674,8.593363761901855,680000,0.0,0.0
2002-04-16 00:00:00-04:00,8.632245410842339,8.748897075183507,8.58364042709132,8.733343124389648,1176800,0.0,0.0
2002-04-17 00:00:00-04:00,8.700293086596794,8.902490020125663,8.651688097286197,8.898601531982422,1572200,0.0,0.0
2002-04-18 00:00:00-04:00,8.884992028204827,9.13773781956425,8.884992028204827,9.007476806640625,1540600,0.0,0.0
2002-04-19 00:00:00-04:00,9.001643703708172,9.030806993410641,8.94526173916514,9.007476806640625,869400,0.0,0.0
2002-04-22 00:00:00-04:00,9.021086287668247,9.085244487720445,9.001643847006006,9.034695625305176,508600,0.0,0.0
2002-04-23 00:00:00-04:00,9.061914823127816,9.135794618597998,9.050249358057792,9.09691047668457,981600,0.0,0.0
2002-04-24 00:00:00-04:00,9.098853442956955,9.186342568126907,9.056081558604168,9.087188720703125,1066200,0.0,0.0
2002-04-25 00:00:00-04:00,9.059970049043129,9.06969164059078,8.904434225773713,8.943318367004395,1499000,0.0,0.0
2002-04-26 00:00:00-04:00,8.941372106100479,8.943315978898958,8.799444917258867,8.822775840759277,742000,0.0,0.0
2002-04-29 00:00:00-04:00,8.824719141359207,8.933594552342264,8.750839371704524,8.906375885009766,762000,0.0,0.0
2002-04-30 00:00:00-04:00,9.017200902884387,9.040531098055087,8.935544107306633,9.011367797851562,1397600,0.0,0.0
2002-05-01 00:00:00-04:00,9.011364958927908,9.071635414256056,8.966648456582496,9.050249099731445,1148200,0.0,0.0
2002-05-02 00:00:00-04:00,9.00164420802376,9.003588822994613,8.904434225773713,8.943318367004395,1523600,0.0,0.0
2002-05-03 00:00:00-04:00,8.84610441188417,9.028858829442312,8.84610441188417,8.974421501159668,859600,0.0,0.0
2002-05-06 00:00:00-04:00,9.001644302961168,9.038584571263899,8.943318461326657,8.980257987976074,522200,0.0,0.0
2002-05-07 00:00:00-04:00,8.982202989881497,9.001644690712691,8.923877145734563,8.927764892578125,768400,0.0,0.0
2002-05-08 00:00:00-04:00,8.94331848240996,9.040528465914418,8.844164625562875,9.019142150878906,859600,0.0,0.0
2002-05-09 00:00:00-04:00,9.001643054748769,9.048304166578104,8.89471223630417,8.925819396972656,1069000,0.0,0.0
2002-05-10 00:00:00-04:00,8.92387633408685,9.019141697809783,8.795559191973005,8.898601531982422,1406200,0.0,0.0
2002-05-13 00:00:00-04:00,8.888882923252455,8.984148310990872,8.799449156719076,8.98220443725586,889200,0.0,0.0
2002-05-14 00:00:00-04:00,8.972484496670138,9.052196677664963,8.943321196108368,9.030810356140137,818000,0.0,0.0
2002-05-15 00:00:00-04:00,9.032747924330513,9.038581025362918,8.921928646204156,8.929705619812012,729000,0.0,0.0
2002-05-16 00:00:00-04:00,8.923878718444838,8.929711081391401,8.651690408918594,8.748900413513184,1028200,0.0,0.0
2002-05-17 00:00:00-04:00,8.739181799003479,8.739181799003479,8.437830855931704,8.659469604492188,1566600,0.0,0.0
2002-05-20 00:00:00-04:00,8.632249784256048,8.865553231138453,8.628361294587531,8.815004348754883,897800,0.0,0.0
2002-05-21 00:00:00-04:00,8.758618241373156,8.89471234914426,8.748897392600911,8.857772827148438,847200,0.0,0.0
2002-05-22 00:00:00-04:00,8.857773494371818,9.038584113437624,8.857773494371818,9.034695625305176,924200,0.0,0.0
2002-05-23 00:00:00-04:00,9.059970040611587,9.137738323000574,9.052193805695333,9.11829662322998,894400,0.0,0.0
2002-05-24 00:00:00-04:00,9.135794259052032,9.180510760913963,9.01525334969905,9.100798606872559,894400,0.0,0.0
2002-05-28 00:00:00-04:00,9.100801271616934,9.100801271616934,9.003591263022386,9.044419288635254,744600,0.0,0.0
2002-05-29 00:00:00-04:00,8.986090996523473,8.999700334706215,8.910267329032965,8.943318367004395,621600,0.0,0.0
2002-05-30 00:00:00-04:00,8.943319065175722,8.982203209441941,8.816945781723849,8.896657943725586,989600,0.0,0.0
2002-05-31 00:00:00-04:00,8.884993880365045,8.890826242860042,8.787783883296834,8.803337097167969,1328400,0.0,0.0
2002-06-03 00:00:00-04:00,8.787778380723468,8.79749922601278,8.61280019890402,8.626409530639648,1294200,0.0,0.0
2002-06-04 00:00:00-04:00,8.626412346310191,8.745008625847445,8.61280301013246,8.667241096496582,1226800,0.0,0.0
2002-06-05 00:00:00-04:00,8.698732548274414,8.698732548274414,8.5275133651269,8.608202934265137,1538200,0.27,0.0
2002-06-06 00:00:00-04:00,8.610167473572837,8.610167473572837,8.411395937654476,8.440916061401367,1107800,0.0,0.0
2002-06-07 00:00:00-04:00,8.433046864766352,8.494056344397581,8.360229631543294,8.43895149230957,1077000,0.0,0.0
2002-06-10 00:00:00-04:00,8.40352574834071,8.48027914071049,8.374004866315156,8.448790550231934,1109000,0.0,0.0
2002-06-11 00:00:00-04:00,8.537352876267574,8.63378636102128,8.46453489713016,8.48421573638916,1569200,0.0,0.0
2002-06-12 00:00:00-04:00,8.531447549805383,8.606233231364993,8.501927419457491,8.551128387451172,1326000,0.0,0.0
2002-06-13 00:00:00-04:00,8.551124113358803,8.677078408347576,8.551124113358803,8.594420433044434,856000,0.0,0.0
2002-06-14 00:00:00-04:00,8.594429504887852,8.600334134836515,8.423210251328815,8.501932144165039,1115600,0.0,0.0
2002-06-17 00:00:00-04:00,8.503895319364366,8.645594350616467,8.444854306591727,8.63772201538086,643400,0.0,0.0
2002-06-18 00:00:00-04:00,8.637720986547562,8.710538201935698,8.621977068698802,8.639689445495605,1155000,0.0,0.0
2002-06-19 00:00:00-04:00,8.620010148913607,8.679051165196096,8.462567188577887,8.48421573638916,1211200,0.0,0.0
2002-06-20 00:00:00-04:00,8.484212081615492,8.5589977370895,8.41729875845389,8.452723503112793,884800,0.0,0.0
2002-06-21 00:00:00-04:00,8.285437827939838,8.497986244794658,8.285437827939838,8.423200607299805,1745800,0.0,0.0
2002-06-24 00:00:00-04:00,8.431076547308589,8.44288504799389,8.311026084622764,8.336610794067383,926400,0.0,0.0
2002-06-25 00:00:00-04:00,8.375969179260947,8.444850202226947,8.2460787139916,8.26379108428955,1252800,0.0,0.0
2002-06-26 00:00:00-04:00,8.26379494248452,8.322835954127095,8.12799978988468,8.312995910644531,1440000,0.0,0.0
2002-06-27 00:00:00-04:00,8.334640518762246,8.395649966219064,8.228367038744466,8.375969886779785,1232000,0.0,0.0
2002-06-28 00:00:00-04:00,8.383844540190834,8.529479733945942,8.360228286060638,8.521607398986816,1052200,0.0,0.0
2002-07-01 00:00:00-04:00,8.560965157338131,8.560965157338131,8.383841439990993,8.385809898376465,866800,0.0,0.0
2002-07-02 00:00:00-04:00,8.38581092014181,8.395650961027405,8.169326266923733,8.204751014709473,726000,0.0,0.0
2002-07-03 00:00:00-04:00,8.202786374566493,8.285443649814633,8.108320595391213,8.16342544555664,749600,0.0,0.0
2002-07-05 00:00:00-04:00,8.157519361604434,8.224432697590764,8.039436606527167,8.216560363769531,311200,0.0,0.0
2002-07-08 00:00:00-04:00,8.246082025333802,8.27560215385342,8.00401261713949,8.078798294067383,1167400,0.0,0.0
2002-07-09 00:00:00-04:00,8.088639673119065,8.124064433792356,7.6891280119947245,7.702904224395752,3491200,0.0,0.0
2002-07-10 00:00:00-04:00,7.675347697945215,7.677315405487861,7.084936336564814,7.112488746643066,3268800,0.0,0.0
2002-07-11 00:00:00-04:00,7.0652564100439,7.3466858917453095,6.986534593202025,7.321101188659668,4297200,0.0,0.0
2002-07-12 00:00:00-04:00,7.262062276616042,7.264029984763286,7.086906221627441,7.110523223876953,1811200,0.0,0.0
2002-07-15 00:00:00-04:00,7.065258726965112,7.384080763307429,6.661810221780615,7.3801445960998535,2937200,0.0,0.0
2002-07-16 00:00:00-04:00,7.32110312197372,7.437217419567483,7.116426944732665,7.116426944732666,1867000,0.0,0.0
2002-07-17 00:00:00-04:00,7.104619940982885,7.244351269758823,6.888135968001727,6.911752223968506,3595000,0.0,0.0
2002-07-18 00:00:00-04:00,6.89797360170036,6.917654433751542,6.64212879101082,6.6480326652526855,1956200,0.0,0.0
2002-07-19 00:00:00-04:00,6.543728650318214,6.543728650318214,6.126504282486928,6.148152828216553,2903400,0.0,0.0
2002-07-22 00:00:00-04:00,6.100918316535668,6.193415975232559,5.854913545707617,6.035973072052002,3571000,0.0,0.0
2002-07-23 00:00:00-04:00,6.061557303365274,6.199320122912728,5.654173469633624,5.667949676513672,3774200,0.0,0.0
2002-07-24 00:00:00-04:00,5.608909996674525,6.102887729145777,5.510508066908305,6.061558723449707,3856800,0.0,0.0
2002-07-25 00:00:00-04:00,6.063528493320552,6.455168237657928,6.032039897068459,6.2327799797058105,3955400,0.0,0.0
2002-07-26 00:00:00-04:00,6.199320211918329,6.317402201370363,6.152087341062818,6.280009746551514,1774800,0.0,0.0
2002-07-29 00:00:00-04:00,6.240650600238153,6.337084827836062,6.140280955858216,6.246554851531982,1870400,0.0,0.0
2002-07-30 00:00:00-04:00,6.1599597910748445,6.75037128703883,6.1520878329895545,6.738563537597656,3142400,0.0,0.0
2002-07-31 00:00:00-04:00,6.740530048332381,6.868452816701685,6.396123403527077,6.7995710372924805,2529400,0.0,0.0
2002-08-01 00:00:00-04:00,6.799574904187458,6.819255745531189,6.514209086055689,6.587027072906494,1764400,0.0,0.0
2002-08-02 00:00:00-04:00,6.626386530691118,6.626386530691118,6.3567654150690975,6.435487270355225,1479400,0.0,0.0
2002-08-05 00:00:00-04:00,6.455168048168756,6.579154720723755,6.37644693522303,6.394159317016602,1421200,0.0,0.0
2002-08-06 00:00:00-04:00,6.494525619913856,6.671649346210283,6.474845539546227,6.616543769836426,1165800,0.0,0.0
2002-08-07 00:00:00-04:00,6.720854335535094,6.750374473821223,6.553570548924118,6.744470596313477,1634200,0.0,0.0
2002-08-08 00:00:00-04:00,6.695265704675789,6.807443816288993,6.653937084765021,6.740530490875244,1962800,0.0,0.0
2002-08-09 00:00:00-04:00,6.701173492596947,6.8330325126666525,6.661812557468047,6.744470596313477,1353600,0.0,0.0
2002-08-12 00:00:00-04:00,6.6952695183111,6.95505063536043,6.681493303827226,6.907817363739014,1297200,0.0,0.0
2002-08-13 00:00:00-04:00,6.888135220918658,6.888135220918658,6.651970434623443,6.657875061035156,1611400,0.0,0.0
2002-08-14 00:00:00-04:00,6.707073757369228,6.927493799644015,6.6244157722993675,6.919621467590332,2135000,0.0,0.0
2002-08-15 00:00:00-04:00,6.927492731274223,6.968821342061932,6.750369041117201,6.811378479003906,1667200,0.0,0.0
2002-08-16 00:00:00-04:00,6.789733763611572,6.829094689202241,6.691331825008506,6.785797595977783,1056200,0.0,0.0
2002-08-19 00:00:00-04:00,6.785795480561228,6.917654427571933,6.770051565681325,6.878293514251709,1105200,0.0,0.0
2002-08-20 00:00:00-04:00,6.880260819802066,6.966854974192913,6.795635123872976,6.876324653625488,1163200,0.0,0.0
2002-08-21 00:00:00-04:00,6.925525947427283,7.128234386444092,6.86845341190996,7.128234386444092,1302000,0.0,0.0
2002-08-22 00:00:00-04:00,7.128237727317141,7.271904488844441,7.106589177501861,7.246319770812988,1540000,0.0,0.0
2002-08-23 00:00:00-04:00,7.248284558328437,7.248284558328437,7.104617118835449,7.104617118835449,1219400,0.0,0.0
2002-08-26 00:00:00-04:00,7.106590675548483,7.222705034786442,7.106590675548483,7.201056480407715,952000,0.0,0.0
2002-08-27 00:00:00-04:00,7.2128605291418575,7.258125319069512,7.143978739536893,7.163659572601318,1528400,0.0,0.0
2002-08-28 00:00:00-04:00,7.1636593037837555,7.214827966337115,7.114458349089491,7.140042304992676,1343000,0.0,0.0
2002-08-29 00:00:00-04:00,7.134141368292602,7.136109076961941,6.968826062418137,6.976698398590088,2348000,0.0,0.0
2002-08-30 00:00:00-04:00,6.978662227410522,7.0062146379470445,6.84877175577629,6.927493572235107,2234800,0.0,0.0
2002-09-03 00:00:00-04:00,6.533890257338144,6.681493196506564,6.518145583468108,6.608675956726074,5662000,0.0,0.0
2002-09-04 00:00:00-04:00,6.610642721581633,6.673619906573848,6.500432272471624,6.626386642456055,4203200,0.0,0.0
2002-09-05 00:00:00-04:00,6.622383762013874,6.750391055507597,6.552379248833233,6.708388805389404,10116200,0.27,0.0
2002-09-06 00:00:00-04:00,6.780394301049362,6.874399244699803,6.778393757555474,6.850398063659668,7190200,0.0,0.0
2002-09-09 00:00:00-04:00,6.8504002477267365,6.892402518684222,6.750394404694229,6.842399597167969,2351200,0.0,0.0
2002-09-10 00:00:00-04:00,6.800394848022185,6.800394848022185,6.668387213844634,6.678387641906738,4666000,0.0,0.0
2002-09-11 00:00:00-04:00,6.720390853323832,6.748393124057432,6.548381482434891,6.624385356903076,1647000,0.0,0.0
2002-09-12 00:00:00-04:00,6.600382624183457,6.602382404417358,6.446373604727801,6.460374355316162,2846200,0.0,0.0
2002-09-13 00:00:00-04:00,6.440373997005556,6.576381952895124,6.440373997005556,6.550380229949951,1714200,0.0,0.0
2002-09-16 00:00:00-04:00,6.492375457464335,6.564379745610994,6.396369994263322,6.540378570556641,1904600,0.0,0.0
2002-09-17 00:00:00-04:00,6.580387378796642,6.5903878144575305,6.202364883238823,6.214365482330322,2618000,0.0,0.0
2002-09-18 00:00:00-04:00,6.200360727907494,6.436374519879454,6.194360241478879,6.368370532989502,4220600,0.0,0.0
2002-09-19 00:00:00-04:00,6.360373979335428,6.372374959919094,6.212365318899711,6.214365482330322,1198800,0.0,0.0
2002-09-20 00:00:00-04:00,6.080353938629686,6.172359493810326,5.960346875194559,6.088354587554932,4112000,0.0,0.0
2002-09-23 00:00:00-04:00,6.090355400081139,6.130357504502761,5.960347511607923,6.018351078033447,1971600,0.0,0.0
2002-09-24 00:00:00-04:00,5.934346548252344,5.934346548252344,5.73033454352768,5.848341464996338,3856400,0.0,0.0
2002-09-25 00:00:00-04:00,5.9703471794255725,6.100354661486745,5.866341041179872,6.028350353240967,2787200,0.0,0.0
2002-09-26 00:00:00-04:00,6.078353421170536,6.2703647877437,6.052352076666918,6.222362041473389,1971000,0.0,0.0
2002-09-27 00:00:00-04:00,6.222360393235717,6.230360658082292,5.9623451096152715,6.010347843170166,3155600,0.0,0.0
2002-09-30 00:00:00-04:00,6.010346937014413,6.160355599816687,5.976344958186227,6.1003522872924805,3189800,0.0,0.0
2002-10-01 00:00:00-04:00,6.210361312342599,6.294366216983098,6.038351560167809,6.226362228393555,2493200,0.0,0.0
2002-10-02 00:00:00-04:00,6.240363766347581,6.304367434680671,6.10635594271569,6.116356372833252,1789000,0.0,0.0
2002-10-03 00:00:00-04:00,6.166357835346614,6.254363049341332,6.030349881398013,6.080352783203125,1983200,0.0,0.0
2002-10-04 00:00:00-04:00,6.0823527389322285,6.0823527389322285,5.69833045082326,5.758334159851074,4587600,0.0,0.0
2002-10-07 00:00:00-04:00,5.7503346022803585,5.950346240620545,5.730333362147955,5.754334926605225,2928600,0.0,0.0
2002-10-08 00:00:00-04:00,5.78033721672208,5.78033721672208,5.100297611488656,5.3623127937316895,8201800,0.0,0.0
2002-10-09 00:00:00-04:00,5.200302676501519,5.2803072567646945,4.840281874571263,4.930286884307861,9018600,0.0,0.0
2002-10-10 00:00:00-04:00,4.930284515298604,5.040291094107581,4.0002309059610175,4.900282859802246,16238000,0.0,0.0
2002-10-11 00:00:00-04:00,5.050292314454222,5.402312735418959,4.8762820747730675,5.0302910804748535,7031600,0.0,0.0
2002-10-14 00:00:00-04:00,4.640270127841985,4.982289843763334,4.462259511618503,4.868283271789551,6801200,0.0,0.0
2002-10-15 00:00:00-04:00,4.868283264797289,4.942287356695208,4.752276530842455,4.796278953552246,5982800,0.0,0.0
2002-10-16 00:00:00-04:00,4.796280706378006,4.812281627892089,4.5482662321636935,4.582268238067627,4991800,0.0,0.0
2002-10-17 00:00:00-04:00,4.580268597332581,4.620271096424017,4.250249315050603,4.352255344390869,9614200,0.0,0.0
2002-10-18 00:00:00-04:00,4.31025103462008,4.544264687422391,4.2142455312888645,4.518263339996338,4783400,0.0,0.0
2002-10-21 00:00:00-04:00,4.568265945508699,4.878283838806563,4.538264275430186,4.864283084869385,5326000,0.0,0.0
2002-10-22 00:00:00-04:00,4.8982828502817775,5.080293331620963,4.770275579403693,4.866281032562256,6198800,0.0,0.0
2002-10-23 00:00:00-04:00,4.880284967253789,4.950289132291669,4.776278800997053,4.7922797203063965,3994800,0.0,0.0
2002-10-24 00:00:00-04:00,4.808280341950503,5.09629684883709,4.774278345534342,4.910285949707031,3937000,0.0,0.0
2002-10-25 00:00:00-04:00,4.910286428105576,4.912286590618098,4.706274811224157,4.892285346984863,2995600,0.0,0.0
2002-10-28 00:00:00-05:00,4.900285945067917,5.180302208487686,4.900285945067917,5.156301021575928,4434400,0.0,0.0
2002-10-29 00:00:00-05:00,5.180303254314372,5.520323316642538,5.180303254314372,5.490321636199951,8434600,0.0,0.0
2002-10-30 00:00:00-05:00,5.520320490658081,5.706331348267597,5.510319681302163,5.660328388214111,5417200,0.0,0.0
2002-10-31 00:00:00-05:00,5.700332133312553,5.792337310944618,5.620327548090768,5.7303338050842285,3849800,0.0,0.0
2002-11-01 00:00:00-05:00,5.680331499533554,5.780337337136229,5.646329499488965,5.744335174560547,2117000,0.0,0.0
2002-11-04 00:00:00-05:00,5.746333137824474,6.040350432003355,5.746333137824474,6.0223493576049805,3271400,0.0,0.0
2002-11-05 00:00:00-05:00,6.000347739106959,6.030349401504127,5.8743406044421205,5.960345268249512,2740400,0.0,0.0
2002-11-06 00:00:00-05:00,5.976349110723717,6.000350681305429,5.9103452684890385,5.972349166870117,2924200,0.0,0.0
2002-11-07 00:00:00-05:00,5.9403466244954,5.9403466244954,5.564324479305368,5.680331230163574,4096600,0.0,0.0
2002-11-08 00:00:00-05:00,5.6803311960136895,5.720333681514086,5.480319531495659,5.4863200187683105,2555800,0.0,0.0
2002-11-11 00:00:00-05:00,5.488318267636924,5.518319930555862,5.328308762916186,5.468317031860352,2593200,0.0,0.0
2002-11-12 00:00:00-05:00,5.3003066000155465,5.410312810815378,5.224302371343411,5.310307025909424,9585000,0.0,0.0
2002-11-13 00:00:00-05:00,5.3123100343596095,5.454318523406982,5.310309871810548,5.454318523406982,11906600,0.0,0.0
2002-11-14 00:00:00-05:00,5.550323894835933,5.698332486252519,5.5003209768644385,5.610327243804932,5143400,0.0,0.0
2002-11-15 00:00:00-05:00,5.600327224989334,5.820340156555176,5.560324735071175,5.820340156555176,3412600,0.0,0.0
2002-11-18 00:00:00-05:00,5.790338325017382,5.820340000907689,5.650329995539944,5.710333347320557,3640600,0.0,0.0
2002-11-19 00:00:00-05:00,5.7003325065680315,5.724334074452157,5.624328241003595,5.65032958984375,2228800,0.0,0.0
2002-11-20 00:00:00-05:00,5.700332572880658,5.778337001800537,5.64232900568958,5.778337001800537,1933200,0.0,0.0
2002-11-21 00:00:00-05:00,5.778336726803505,5.832339966481959,5.73833462375766,5.750335216522217,1880400,0.0,0.0
2002-11-22 00:00:00-05:00,5.750334108633402,5.954346053784711,5.702331365331664,5.838339328765869,3894800,0.0,0.0
2002-11-25 00:00:00-05:00,5.8383397802114265,6.000349099068539,5.720332884077059,5.904343605041504,2493400,0.0,0.0
2002-11-26 00:00:00-05:00,5.904344807635855,5.978348914628682,5.660330317084807,5.756336212158203,4426800,0.0,0.0
2002-11-27 00:00:00-05:00,5.846339041653639,5.9443446809677996,5.770334800662281,5.910342693328857,2169800,0.0,0.0
2002-11-29 00:00:00-05:00,5.9103413335158015,5.994346202385192,5.88233983772326,5.988346099853516,1490000,0.0,0.0
2002-12-02 00:00:00-05:00,5.9523450814570324,6.002347979942231,5.84633879933135,5.906342506408691,2654800,0.0,0.0
2002-12-03 00:00:00-05:00,5.906345465018986,5.998350661202968,5.900344976857931,5.950347900390625,2135600,0.0,0.0
2002-12-04 00:00:00-05:00,5.930344259377286,6.036350551787147,5.836338938442268,5.860340118408203,4662200,0.0,0.0
2002-12-05 00:00:00-05:00,5.90924407446107,5.960185833723666,5.756418796673284,5.803285121917725,3105400,0.27,0.0
2002-12-06 00:00:00-05:00,5.791058254902032,5.8277363777160645,5.683061603133464,5.8277363777160645,1597400,0.0,0.0
2002-12-09 00:00:00-05:00,5.82773685591911,5.988712599789573,5.82773685591911,5.856264114379883,2008600,0.0,0.0
2002-12-10 00:00:00-05:00,5.888869548502753,5.929623126983643,5.8114382157749755,5.929623126983643,1192200,0.0,0.0
2002-12-11 00:00:00-05:00,5.929620459034038,6.000938994959356,5.856264206236025,5.970373630523682,1788000,0.0,0.0
2002-12-12 00:00:00-05:00,6.068181329081365,6.110972212027603,6.0152018630612325,6.074294090270996,2712200,0.0,0.0
2002-12-13 00:00:00-05:00,6.092634566810463,6.194518089294434,6.074295501670965,6.194518089294434,3101400,0.0,0.0
2002-12-16 00:00:00-05:00,6.194518447292965,6.316778759070453,6.143576683106913,6.310665607452393,2597200,0.0,0.0
2002-12-17 00:00:00-05:00,6.310666805823781,6.439040293596963,6.2597250319640825,6.404399871826172,2327400,0.0,0.0
2002-12-18 00:00:00-05:00,6.398284905512271,6.477754314493855,6.388096709090038,6.437000751495361,2679400,0.0,0.0
2002-12-19 00:00:00-05:00,6.386061746415224,6.48794530919957,6.333082247128769,6.418664455413818,2975200,0.0,0.0
2002-12-20 00:00:00-05:00,6.469604370205902,6.57760066685922,6.459416172328929,6.571487903594971,4366400,0.0,0.0
2002-12-23 00:00:00-05:00,6.561301856346258,6.589829130676167,6.43700378050029,6.473681926727295,1876200,0.0,0.0
2002-12-24 00:00:00-05:00,6.479792483816511,6.5388851189680235,6.459416088327551,6.524621486663818,705200,0.0,0.0
2002-12-26 00:00:00-05:00,6.5246226563164,6.5979789369225115,6.453304093355447,6.469605445861816,2310000,0.0,0.0
2002-12-27 00:00:00-05:00,6.439039129038641,6.520545874741951,6.377908778270043,6.459415912628174,2089400,0.0,0.0
2002-12-30 00:00:00-05:00,6.510357285780799,6.538884547897794,6.439038741833514,6.520545482635498,2590600,0.0,0.0
2002-12-31 00:00:00-05:00,6.52054719636375,6.553149901253176,6.479793620924517,6.540923595428467,1604800,0.0,0.0
2003-01-02 00:00:00-05:00,6.602055111861644,6.724315075029128,6.538887023749508,6.720239639282227,3170400,0.0,0.0
2003-01-03 00:00:00-05:00,6.765066706556557,6.854723935233561,6.765066706556557,6.826196670532227,2571600,0.0,0.0
2003-01-06 00:00:00-05:00,6.92807954172093,7.378404525378488,6.92807954172093,7.360065460205078,6817800,0.0,0.0
2003-01-07 00:00:00-05:00,7.3600638356634125,7.3600638356634125,7.0809032628052115,7.309122085571289,6824200,0.0,0.0
2003-01-08 00:00:00-05:00,7.309121998014979,7.4782489794033715,7.2581802485330895,7.41100549697876,3614400,0.0,0.0
2003-01-09 00:00:00-05:00,7.335617330022406,7.396747318977263,7.284675543008361,7.362107276916504,4324200,0.0,0.0
2003-01-10 00:00:00-05:00,7.284670076311891,7.384516245947406,7.192974773036295,7.364139080047607,3495200,0.0,0.0
2003-01-13 00:00:00-05:00,7.366179957534759,7.398782657934978,7.172601083835467,7.3458027839660645,4204600,0.0,0.0
2003-01-14 00:00:00-05:00,7.335614274177373,7.427309608066522,7.256145243909996,7.417121410369873,3108400,0.0,0.0
2003-01-15 00:00:00-05:00,7.417119895798924,7.42730809141515,7.315236385017673,7.392667293548584,2362200,0.0,0.0
2003-01-16 00:00:00-05:00,7.406933303662643,7.461950510445683,7.353954203043651,7.384519577026367,1721600,0.0,0.0
2003-01-17 00:00:00-05:00,7.364141739140017,7.406932637016713,7.315238077940846,7.390631675720215,1913000,0.0,0.0
2003-01-21 00:00:00-05:00,7.41711911799112,7.466022762744443,7.23372850689261,7.266331195831299,2528800,0.0,0.0
2003-01-22 00:00:00-05:00,7.32746296570309,7.539380885248155,7.0829423490979835,7.30504846572876,3322200,0.0,0.0
2003-01-23 00:00:00-05:00,7.262260611949145,7.396746890788576,7.2541097399443455,7.284675121307373,2322200,0.0,0.0
2003-01-24 00:00:00-05:00,7.286710498481417,7.286710498481417,7.09109428663313,7.131847858428955,2732400,0.0,0.0
2003-01-27 00:00:00-05:00,7.0809075939801405,7.101283995556845,6.899554977093829,6.968835830688477,3024800,0.0,0.0
2003-01-28 00:00:00-05:00,7.1318487403240685,7.321352211894609,7.09517059890333,7.294862270355225,5098200,0.0,0.0
2003-01-29 00:00:00-05:00,7.233730609609976,7.294860571975738,7.129809751319147,7.211316108703613,3764200,0.0,0.0
2003-01-30 00:00:00-05:00,7.294864967123227,7.294864967123227,7.123700502986924,7.140002250671387,2534000,0.0,0.0
2003-01-31 00:00:00-05:00,7.131847371016085,7.27244636792749,7.058491102258943,7.188901901245117,2907400,0.0,0.0
2003-02-03 00:00:00-05:00,7.188903900019766,7.254109317642312,7.182791135026994,7.192979335784912,2292200,0.0,0.0
2003-02-04 00:00:00-05:00,7.172600690408991,7.172600690408991,6.9892100248984175,6.99124813079834,3571000,0.0,0.0
2003-02-05 00:00:00-05:00,6.993284610772228,7.115544521403598,6.9178910251265355,6.932154655456543,2484400,0.0,0.0
2003-02-06 00:00:00-05:00,6.952533005633557,7.115546524808889,6.952533005633557,7.056454658508301,3659400,0.0,0.0
2003-02-07 00:00:00-05:00,7.0809084964545885,7.082945825947962,6.907706729048042,6.921970367431641,1643800,0.0,0.0
2003-02-10 00:00:00-05:00,7.0605258901057155,7.09312857453049,6.983094223105886,7.046262264251709,3276200,0.0,0.0
2003-02-11 00:00:00-05:00,7.101281773064329,7.127771708671389,6.903628252238377,6.928080081939697,2223200,0.0,0.0
2003-02-12 00:00:00-05:00,6.928079444503673,6.9769838767163845,6.669295207270062,6.671333312988281,3871600,0.0,0.0
2003-02-13 00:00:00-05:00,6.6326187563023025,6.777293206532983,6.54703694990436,6.7406158447265625,3747000,0.0,0.0
2003-02-14 00:00:00-05:00,6.744690451008128,6.897515770387253,6.734502251844807,6.8751020431518555,2514200,0.0,0.0
2003-02-18 00:00:00-05:00,6.877141890136051,6.970874600454604,6.875104560481324,6.954573631286621,2098400,0.0,0.0
2003-02-19 00:00:00-05:00,6.954573080495578,7.02589127241357,6.856764941303764,6.921970367431641,3008800,0.0,0.0
2003-02-20 00:00:00-05:00,6.948457534702235,7.032002011431156,6.858800293945028,6.903629302978516,1833600,0.0,0.0
2003-02-21 00:00:00-05:00,6.9484567391578596,7.078868316205097,6.897514971928521,7.025888442993164,2024800,0.0,0.0
2003-02-24 00:00:00-05:00,7.0299652063211076,7.103321489365335,6.987174300315251,7.050341606140137,2906000,0.0,0.0
2003-02-25 00:00:00-05:00,7.04015251621578,7.1685259953142255,7.04015251621578,7.131847858428955,3759800,0.0,0.0
2003-02-26 00:00:00-05:00,7.080905738084213,7.123696636565791,7.01162490264798,7.029963970184326,3143600,0.0,0.0
2003-02-27 00:00:00-05:00,7.070717804688707,7.129810444219287,7.023851469743333,7.099245071411133,3007000,0.0,0.0
2003-02-28 00:00:00-05:00,7.101282890462908,7.117584631035329,7.034040153876109,7.056454658508301,2537800,0.0,0.0
2003-03-03 00:00:00-05:00,7.0972108175490956,7.1461145024583255,7.0564572285847,7.072758197784424,2996800,0.0,0.0
2003-03-04 00:00:00-05:00,7.091092587725867,7.1012807839064696,6.989209071300755,7.0055108070373535,1922400,0.0,0.0
2003-03-05 00:00:00-05:00,7.007551304608174,7.052380320848797,6.928082250225174,6.968835830688477,2679800,0.0,0.0
2003-03-06 00:00:00-05:00,6.970904915828032,7.078563779635186,6.904653428835941,7.070282936096191,2545200,0.27,0.0
2003-03-07 00:00:00-05:00,7.0537190437316895,7.093055613837489,6.979185930032319,7.0537190437316895,1589800,0.0,0.0
2003-03-10 00:00:00-05:00,7.033016552051676,7.039227382306451,6.871527857407158,6.8922319412231445,2286800,0.0,0.0
2003-03-11 00:00:00-05:00,6.943991614456848,7.028876391578014,6.910865867038346,6.92949914932251,1799000,0.0,0.0
2003-03-12 00:00:00-05:00,6.933636165063118,6.997816821247705,6.832188174962135,6.939846992492676,2822200,0.0,0.0
2003-03-13 00:00:00-05:00,7.0081732399843375,7.0764955473933435,6.960555021084222,7.074424743652344,2137600,0.0,0.0
2003-03-14 00:00:00-05:00,7.080633690446864,7.1406743397724775,7.053718780442292,7.095126152038574,1931600,0.0,0.0
2003-03-17 00:00:00-05:00,7.136533611039704,7.242121659612489,7.115829530098028,7.211066722869873,3351600,0.0,0.0
2003-03-18 00:00:00-05:00,7.23177070978498,7.293881379025679,7.184152503707777,7.289740562438965,2875000,0.0,0.0
2003-03-19 00:00:00-05:00,7.360132318155757,7.40568050744637,7.293880837249383,7.362203121185303,2129200,0.0,0.0
2003-03-20 00:00:00-05:00,7.362202516439885,7.5899418646261045,7.318724343970248,7.577519416809082,3443000,0.0,0.0
2003-03-21 00:00:00-05:00,7.59822484806097,7.71209454240899,7.5588874845330905,7.639632225036621,2742400,0.0,0.0
2003-03-24 00:00:00-05:00,7.58787060072468,7.625137148252662,7.41810112411043,7.4843525886535645,2218800,0.0,0.0
2003-03-25 00:00:00-05:00,7.494705467368586,7.6396308661143095,7.494705467368586,7.577519416809082,1801200,0.0,0.0
2003-03-26 00:00:00-05:00,7.598225084154383,7.647913306245065,7.47814376617181,7.486425399780273,1708600,0.0,0.0
2003-03-27 00:00:00-05:00,7.463653850166603,7.5733835584878175,7.374628232934448,7.544397830963135,2005800,0.0,0.0
2003-03-28 00:00:00-05:00,7.54439478860244,7.6085762604261555,7.49056575303868,7.604435443878174,1408600,0.0,0.0
2003-03-31 00:00:00-05:00,7.53611197893596,7.649981640064155,7.496774626884183,7.596151828765869,2128600,0.0,0.0
2003-04-01 00:00:00-05:00,7.6603339263322985,7.710022926330566,7.5858008212248285,7.710022926330566,2725400,0.0,0.0
2003-04-02 00:00:00-05:00,7.736937623713868,7.792837456729634,7.695530252245161,7.73900842666626,1539200,0.0,0.0
2003-04-03 00:00:00-05:00,7.770060818661147,7.774201633430119,7.60857299156957,7.629276275634766,2470800,0.0,0.0
2003-04-04 00:00:00-05:00,7.629281834486965,7.699674157289455,7.546467848106542,7.693463325500488,1757000,0.0,0.0
2003-04-07 00:00:00-04:00,7.745218056891743,7.888072637073909,7.701740678981493,7.703810691833496,1967600,0.0,0.0
2003-04-08 00:00:00-04:00,7.7452227347852025,7.809404228878266,7.672760394502933,7.681041240692139,1688800,0.0,0.0
2003-04-09 00:00:00-04:00,7.726584227379599,7.759709959091998,7.583729657453581,7.592010498046875,1659000,0.0,0.0
2003-04-10 00:00:00-04:00,7.6189293035196375,7.70381408386335,7.587874358387145,7.691392421722412,1093800,0.0,0.0
2003-04-11 00:00:00-04:00,7.732798679642625,7.753502765279245,7.56716994345022,7.616858959197998,2038200,0.0,0.0
2003-04-14 00:00:00-04:00,7.654125344539723,7.691391908033891,7.618928794670744,7.687251091003418,1335000,0.0,0.0
2003-04-15 00:00:00-04:00,7.681037275207848,7.89842576338419,7.672756433293788,7.848736763000488,2605200,0.0,0.0
2003-04-16 00:00:00-04:00,7.912920383603403,7.917061200580505,7.788698243630584,7.8031907081604,2276000,0.0,0.0
2003-04-17 00:00:00-04:00,7.823894009279128,7.852878935435165,7.80318992646767,7.840456485748291,1579400,0.0,0.0
2003-04-21 00:00:00-04:00,7.867373538877721,7.970891611757692,7.846670240213815,7.875655174255371,2000000,0.0,0.0
2003-04-22 00:00:00-04:00,7.888074704568179,7.977100286354424,7.869441424897104,7.95846700668335,1911400,0.0,0.0
2003-04-23 00:00:00-04:00,7.950184268646278,7.9626059256133415,7.836313814582739,7.9419026374816895,2359400,0.0,0.0
2003-04-24 00:00:00-04:00,7.890142537044407,8.043348743518832,7.890142537044407,8.012293815612793,2688400,0.0,0.0
2003-04-25 00:00:00-04:00,8.022648441201632,8.064055816918673,7.923271213348735,7.954326152801514,1151600,0.0,0.0
2003-04-28 00:00:00-04:00,7.950185458938351,8.146869094975733,7.950185458938351,8.128235816955566,1898400,0.0,0.0
2003-04-29 00:00:00-04:00,8.130306873308065,8.161361811122802,8.03714048030393,8.07647705078125,1935800,0.0,0.0
2003-04-30 00:00:00-04:00,7.950186300990365,8.008156154401954,7.919130571074144,7.964678764343262,5431800,0.0,0.0
2003-05-01 00:00:00-04:00,7.96881782877555,7.970887841750795,7.809399977166953,7.894284725189209,1524800,0.0,0.0
2003-05-02 00:00:00-04:00,7.867371374597729,7.956396955966367,7.861160544663174,7.954326152801514,1560200,0.0,0.0
2003-05-05 00:00:00-04:00,7.97295547972314,8.04334774661053,7.94190055566611,8.00815200805664,1264800,0.0,0.0
2003-05-06 00:00:00-04:00,8.043350061968681,8.088898244766021,7.983310208930177,8.086828231811523,1017600,0.0,0.0
2003-05-07 00:00:00-04:00,8.086825976838163,8.107529259729484,7.995729636645268,8.03299617767334,1494600,0.0,0.0
2003-05-08 00:00:00-04:00,8.033000628108752,8.080618836963879,8.008156516919131,8.059915542602539,1111800,0.0,0.0
2003-05-09 00:00:00-04:00,8.074409235697503,8.161364032987453,8.059916769482511,8.146871566772461,2295800,0.0,0.0
2003-05-12 00:00:00-04:00,8.14686829181568,8.175854002373882,8.111672542236219,8.144798278808594,1455800,0.0,0.0
2003-05-13 00:00:00-04:00,8.157219052252671,8.165499892361565,8.084755975397055,8.093037605285645,1540800,0.0,0.0
2003-05-14 00:00:00-04:00,8.115812931910318,8.124094563063549,8.018505740309385,8.04542064666748,1603600,0.0,0.0
2003-05-15 00:00:00-04:00,8.0744056836129,8.347693197414335,8.059913223773417,8.285582542419434,7584000,0.0,0.0
2003-05-16 00:00:00-04:00,8.117883330577493,8.30421609148082,8.09925005448716,8.25452709197998,3970000,0.0,0.0
2003-05-19 00:00:00-04:00,8.219334816297684,8.250389763053027,8.122027578947858,8.142731666564941,1732200,0.0,0.0
2003-05-20 00:00:00-04:00,8.194489272155133,8.219333383183654,8.115815332488092,8.153081893920898,1290800,0.0,0.0
2003-05-21 00:00:00-04:00,8.111674420164364,8.177925908646948,8.082689492675739,8.124096870422363,1847400,0.0,0.0
2003-05-22 00:00:00-04:00,8.095108934633572,8.32284905493625,8.095108934633572,8.281441688537598,2246600,0.0,0.0
2003-05-23 00:00:00-04:00,8.31249820446425,8.701725432347711,8.31249820446425,8.687232971191406,4471000,0.0,0.0
2003-05-27 00:00:00-04:00,8.736924077970649,8.954311837455753,8.695516697644893,8.943960189819336,3894200,0.0,0.0
2003-05-28 00:00:00-04:00,8.964662614603757,8.970874234406518,8.852862935514239,8.854933738708496,2207000,0.0,0.0
2003-05-29 00:00:00-04:00,8.865284945358235,8.985366251705157,8.623053109132853,8.654108047485352,3520400,0.0,0.0
2003-05-30 00:00:00-04:00,8.705866488064478,8.90876173961907,8.705866488064478,8.846651077270508,4006000,0.0,0.0
2003-06-02 00:00:00-04:00,8.896343732609495,9.057831678956061,8.875639643475163,8.927398681640625,2664000,0.0,0.0
2003-06-03 00:00:00-04:00,8.95431170782271,9.047478114761851,8.881849385636754,9.028844833374023,2710600,0.0,0.0
2003-06-04 00:00:00-04:00,9.068182604939519,9.179982308001913,9.037127658386753,9.074394226074219,3710000,0.0,0.0
2003-06-05 00:00:00-04:00,9.066000551406042,9.070193017558962,9.009403457788345,9.015691757202148,2889800,0.27,0.0
2003-06-06 00:00:00-04:00,9.047138807865997,9.179198750694846,8.9611952132447,8.982156753540039,3087400,0.0,0.0
2003-06-09 00:00:00-04:00,8.971675785871176,8.998926427360367,8.866866487438962,8.887828826904297,1601200,0.0,0.0
2003-06-10 00:00:00-04:00,8.856385912504996,8.996829991673076,8.856385912504996,8.982156753540039,1926600,0.0,0.0
2003-06-11 00:00:00-04:00,9.024083341972716,9.1372776126538,9.007314264630192,9.122604370117188,2518400,0.0,0.0
2003-06-12 00:00:00-04:00,9.149854829369973,9.246279221063809,9.116315875753346,9.244182586669922,1839000,0.0,0.0
2003-06-13 00:00:00-04:00,9.265142578472094,9.328028000572118,9.156140807004007,9.20225715637207,1710600,0.0,0.0
2003-06-16 00:00:00-04:00,9.223221985989753,9.328031326739636,9.223221985989753,9.307069778442383,1077600,0.0,0.0
2003-06-17 00:00:00-04:00,9.191775245730643,9.191775245730643,9.024080526467282,9.078581809997559,3361600,0.0,0.0
2003-06-18 00:00:00-04:00,9.055527106238134,9.063912045322278,8.967486845118232,9.013603210449219,2076600,0.0,0.0
2003-06-19 00:00:00-04:00,9.013602392075189,9.070199526306817,8.975870969254103,8.980063438415527,2568800,0.0,0.0
2003-06-20 00:00:00-04:00,8.950713746350106,9.049233937626935,8.88573169708252,8.88573169708252,3207000,0.0,0.0
2003-06-23 00:00:00-04:00,8.938137801551049,8.971676748663318,8.795597076416016,8.795597076416016,1638000,0.0,0.0
2003-06-24 00:00:00-04:00,8.783021213603618,8.814463529386988,8.686596032825685,8.759963035583496,1453000,0.0,0.0
2003-06-25 00:00:00-04:00,8.803982975649683,8.94652371636883,8.778828962473263,8.780924797058105,1934200,0.0,0.0
2003-06-26 00:00:00-04:00,8.766248573104749,8.856384622583208,8.755767804483591,8.843807220458984,1347600,0.0,0.0
2003-06-27 00:00:00-04:00,8.866866374987042,8.873155476562626,8.74319137242025,8.755768775939941,1225000,0.0,0.0
2003-06-30 00:00:00-04:00,8.787213552705998,8.877349637494941,8.766252007252074,8.856388092041016,1645200,0.0,0.0
2003-07-01 00:00:00-04:00,8.835426396442294,8.950716493743105,8.803983279164033,8.919273376464844,2098800,0.0,0.0
2003-07-02 00:00:00-04:00,8.919269220926921,8.957000624228884,8.845903047634945,8.90250015258789,3397000,0.0,0.0
2003-07-03 00:00:00-04:00,8.902502545515716,8.902502545515716,8.79769324142302,8.82703971862793,938200,0.0,0.0
2003-07-07 00:00:00-04:00,8.839617503947947,8.88783049394552,8.81865596018246,8.833329200744629,1380400,0.0,0.0
2003-07-08 00:00:00-04:00,8.845908057842706,8.887831951882408,8.783022616599037,8.835427284240723,2138800,0.0,0.0
2003-07-09 00:00:00-04:00,8.835429887173694,8.881545464534502,8.78931351018088,8.82494831085205,2178400,0.0,0.0
2003-07-10 00:00:00-04:00,8.803980853853615,8.818654091306186,8.6467669100348,8.715941429138184,2103600,0.0,0.0
2003-07-11 00:00:00-04:00,8.72223581269719,8.762063085034027,8.63629216213621,8.703370094299316,2819400,0.0,0.0
2003-07-14 00:00:00-04:00,8.762061496449212,8.8312360512439,8.678214496263024,8.768350601196289,2484600,0.0,0.0
2003-07-15 00:00:00-04:00,8.783019684527932,8.783019684527932,8.611132496015546,8.644671440124512,2466000,0.0,0.0
2003-07-16 00:00:00-04:00,8.644676914782842,8.648868585773476,8.430865710820123,8.506328582763672,2589200,0.0,0.0
2003-07-17 00:00:00-04:00,8.468595126893957,8.48536420575282,8.391035638322284,8.462306022644043,1790400,0.0,0.0
2003-07-18 00:00:00-04:00,8.556628723865819,8.577590257976652,8.474877621349787,8.558725357055664,1452600,0.0,0.0
2003-07-21 00:00:00-04:00,8.579690244268134,8.579690244268134,8.451822757177762,8.497939109802246,1471600,0.0,0.0
2003-07-22 00:00:00-04:00,8.518898255428676,8.686592945568737,8.518898255428676,8.661438941955566,4152400,0.0,0.0
2003-07-23 00:00:00-04:00,8.657252676431664,8.688695803196149,8.495846171662379,8.502135276794434,2185800,0.0,0.0
2003-07-24 00:00:00-04:00,8.523090736820782,8.588072779196922,8.502129200380148,8.573399543762207,2654200,0.0,0.0
2003-07-25 00:00:00-04:00,8.583883602990515,8.68869292463965,8.512613232283835,8.629999160766602,1522000,0.0,0.0
2003-07-28 00:00:00-04:00,8.594362732258757,8.62999751098402,8.525188209371109,8.548246383666992,1961400,0.0,0.0
2003-07-29 00:00:00-04:00,8.541960021595896,8.573403139074081,8.458112241408536,8.489555358886719,2004600,0.0,0.0
2003-07-30 00:00:00-04:00,8.500033485995878,8.560823067730295,8.479071947288846,8.525187492370605,1622400,0.0,0.0
2003-07-31 00:00:00-04:00,8.556632048403808,8.571305287908691,8.460207674619841,8.541958808898926,2429200,0.0,0.0
2003-08-01 00:00:00-04:00,8.527288319455158,8.556634807929203,8.468595342507069,8.53148078918457,1618200,0.0,0.0
2003-08-04 00:00:00-04:00,8.520999326098156,8.520999326098156,8.365881157172312,8.47907543182373,1356800,0.0,0.0
2003-08-05 00:00:00-04:00,8.462304489518518,8.550344736380604,8.399419055835128,8.405707359313965,3204000,0.0,0.0
2003-08-06 00:00:00-04:00,8.407804213001473,8.55663326318393,8.336533839731725,8.489555358886719,2998800,0.0,0.0
2003-08-07 00:00:00-04:00,8.48955689152229,8.54196156369218,8.42667144484479,8.53148078918457,1131400,0.0,0.0
2003-08-08 00:00:00-04:00,8.533574222972309,8.60903705760357,8.514708514314494,8.606941223144531,1662400,0.0,0.0
2003-08-11 00:00:00-04:00,8.604845739925198,8.665635342578756,8.567114317563105,8.65725040435791,1062400,0.0,0.0
2003-08-12 00:00:00-04:00,8.667726058618696,8.718034858602348,8.625802991535442,8.713842391967773,1520200,0.0,0.0
2003-08-13 00:00:00-04:00,8.711752902599141,8.741099390780821,8.6467708218884,8.6970796585083,1352200,0.0,0.0
2003-08-14 00:00:00-04:00,8.726419791871498,8.728515625373161,8.667726058618696,8.713842391967773,1292600,0.0,0.0
2003-08-15 00:00:00-04:00,8.713853064181214,8.783027648925781,8.648870951205913,8.783027648925781,1671000,0.0,0.0
2003-08-18 00:00:00-04:00,8.78302143127461,8.806078810234526,8.743193377477645,8.780924797058105,1613200,0.0,0.0
2003-08-19 00:00:00-04:00,8.780925021953244,8.973774593596112,8.751578539223862,8.787213325500488,2225800,0.0,0.0
2003-08-20 00:00:00-04:00,8.803986232949534,8.917180533570555,8.772543105121931,8.900410652160645,1328200,0.0,0.0
2003-08-21 00:00:00-04:00,8.904602781485092,8.927660967724659,8.845909798062143,8.898314476013184,1095800,0.0,0.0
2003-08-22 00:00:00-04:00,8.900406022679087,8.908790959022678,8.793500883008692,8.837520599365234,1262400,0.0,0.0
2003-08-25 00:00:00-04:00,8.82075187378792,8.919272080995755,8.808174468777066,8.917176246643066,1144000,0.0,0.0
2003-08-26 00:00:00-04:00,8.917176828220374,8.921369296830756,8.824944118055196,8.896214485168457,1785800,0.0,0.0
2003-08-27 00:00:00-04:00,8.88782999276721,8.957003722997976,8.858482713666106,8.92346477508545,1630200,0.0,0.0
2003-08-28 00:00:00-04:00,8.950713746350106,8.950713746350106,8.848000287782817,8.88573169708252,7751400,0.0,0.0
2003-08-29 00:00:00-04:00,8.887827264138588,8.887827264138588,8.806075354045625,8.875249862670898,1185400,0.0,0.0
2003-09-02 00:00:00-04:00,8.896217252239571,9.063912850288277,8.864774927329345,9.061816215515137,1851200,0.0,0.0
2003-09-03 00:00:00-04:00,9.097452102079323,9.177106634115002,9.057624036429583,9.170818328857422,3714000,0.0,0.0
2003-09-04 00:00:00-04:00,9.17081190484507,9.17081190484507,9.001021516450033,9.051959037780762,3081000,0.27,0.0
2003-09-05 00:00:00-04:00,9.030735387271132,9.08379493808897,8.996777307132696,9.01375675201416,1527800,0.0,0.0
2003-09-08 00:00:00-04:00,9.051958724579656,9.107140295289577,9.00526606577744,9.064692497253418,903200,0.0,0.0
2003-09-09 00:00:00-04:00,9.030740720922056,9.05620909366165,8.979803975442868,9.037108421325684,1622800,0.0,0.0
2003-09-10 00:00:00-04:00,9.030739048989199,9.0731868687798,8.99253609214014,9.020127296447754,1777800,0.0,0.0
2003-09-11 00:00:00-04:00,9.056208154338702,9.094411114298113,9.003148577686728,9.030739784240723,1085400,0.0,0.0
2003-09-12 00:00:00-04:00,9.032863238452297,9.032863238452297,8.871561661008982,8.996782302856445,2373200,0.0,0.0
2003-09-15 00:00:00-04:00,8.967066997692909,8.988290501056479,8.886416227586773,8.950087547302246,1687600,0.0,0.0
2003-09-16 00:00:00-04:00,8.960701168553795,9.02012763270105,8.94584455251698,9.001026153564453,1743600,0.0,0.0
2003-09-17 00:00:00-04:00,9.001024717245052,9.001024717245052,8.803643067538598,8.810009956359863,3591600,0.0,0.0
2003-09-18 00:00:00-04:00,8.829111556497947,8.918252049371706,8.81849980510517,8.914007186889648,3314800,0.0,0.0
2003-09-19 00:00:00-04:00,8.914009314044698,8.922499041034722,8.854582844364376,8.903397560119629,1686400,0.0,0.0
2003-09-22 00:00:00-04:00,8.871559115238583,8.871559115238583,8.799398074379058,8.824867248535156,1080800,0.0,0.0
2003-09-23 00:00:00-04:00,8.850333186370527,8.850333186370527,8.778172165297022,8.797273635864258,1163000,0.0,0.0
2003-09-24 00:00:00-04:00,8.795154829972201,8.803644556252667,8.716626885940045,8.733606338500977,1588200,0.0,0.0
2003-09-25 00:00:00-04:00,8.765444012232551,8.820626438631823,8.742097663342483,8.807891845703125,2204200,0.0,0.0
2003-09-26 00:00:00-04:00,8.790912849701087,8.952214463427325,8.744220959096229,8.94160270690918,1503400,0.0,0.0
2003-09-29 00:00:00-04:00,8.967069384260585,9.045597339155567,8.90976493837777,9.037108421325684,1775600,0.0,0.0
2003-09-30 00:00:00-04:00,9.03710576999514,9.03710576999514,8.894905710532752,8.914007186889648,1437600,0.0,0.0
2003-10-01 00:00:00-04:00,8.914011492261906,8.94796959889504,8.807892307830217,8.94160270690918,4254800,0.0,0.0
2003-10-02 00:00:00-04:00,8.886412248991501,9.111385008195178,8.839720400571414,8.858821868896484,9976200,0.0,0.0
2003-10-03 00:00:00-04:00,8.888536796041388,8.897025709446257,8.818497795485492,8.863067626953125,2918400,0.0,0.0
2003-10-06 00:00:00-04:00,8.850335741630207,8.882170995350716,8.814254815863963,8.869437217712402,962000,0.0,0.0
2003-10-07 00:00:00-04:00,8.850333186370527,8.850333186370527,8.716622892399872,8.797273635864258,2239400,0.0,0.0
2003-10-08 00:00:00-04:00,8.803641943053638,8.803641943053638,8.638096377848013,8.659319877624512,3395800,0.0,0.0
2003-10-09 00:00:00-04:00,8.701770884647361,8.722994392223363,8.587162000637147,8.646589279174805,2966200,0.0,0.0
2003-10-10 00:00:00-04:00,8.627489329209782,8.669936351892806,8.54259366459361,8.610509872436523,1335800,0.0,0.0
2003-10-13 00:00:00-04:00,8.648710469497372,8.669933975020436,8.587161170005713,8.63809871673584,951800,0.0,0.0
2003-10-14 00:00:00-04:00,8.638096839987215,8.684788703918457,8.551079190848723,8.684788703918457,1891200,0.0,0.0
2003-10-15 00:00:00-04:00,8.669934033912774,8.674178896971188,8.599895817511042,8.633853912353516,2165200,0.0,0.0
2003-10-16 00:00:00-04:00,8.62323976607954,8.667809601384958,8.587158844909949,8.659319877624512,1260600,0.0,0.0
2003-10-17 00:00:00-04:00,8.669931786095017,8.669931786095017,8.595648725893934,8.652953147888184,1343200,0.0,0.0
2003-10-20 00:00:00-04:00,8.652955332526952,8.652955332526952,8.602017785796825,8.63809871673584,1914400,0.0,0.0
2003-10-21 00:00:00-04:00,8.612628130679267,8.699645776319032,8.587158959059362,8.650830268859863,1805600,0.0,0.0
2003-10-22 00:00:00-04:00,8.650831519150552,8.77180807776807,8.650831519150552,8.742094039916992,2951400,0.0,0.0
2003-10-23 00:00:00-04:00,8.742094635963385,8.742094635963385,8.691157901138105,8.71450424194336,1444200,0.0,0.0
2003-10-24 00:00:00-04:00,8.714506166359282,8.722995084288227,8.659323746883747,8.708138465881348,1320000,0.0,0.0
2003-10-27 00:00:00-05:00,8.733604474553928,8.767562562803512,8.646586822812823,8.676300048828125,1266400,0.0,0.0
2003-10-28 00:00:00-05:00,8.676299152567275,8.678421178652869,8.608382983083839,8.672054290771484,1295600,0.0,0.0
2003-10-29 00:00:00-05:00,8.672053961112153,8.899148795994225,8.659319376208876,8.691155433654785,1138800,0.0,0.0
2003-10-30 00:00:00-05:00,8.691155433654785,8.714501767831841,8.663564237843302,8.691155433654785,936400,0.0,0.0
2003-10-31 00:00:00-05:00,8.691153752029258,8.69964347365546,8.667807422369414,8.674174308776855,780200,0.0,0.0
2003-11-03 00:00:00-05:00,8.676298475039063,8.786662444237525,8.640217557404691,8.76119327545166,1320200,0.0,0.0
2003-11-04 00:00:00-05:00,8.73360441634835,8.744216167050993,8.669932292883123,8.68054485321045,3339600,0.0,0.0
2003-11-05 00:00:00-05:00,8.680546055441834,8.776052634617704,8.661444577681701,8.769685745239258,1810400,0.0,0.0
2003-11-06 00:00:00-05:00,8.754826760897094,8.761193648552428,8.691155455470032,8.74421501159668,1059400,0.0,0.0
2003-11-07 00:00:00-05:00,8.733607529522454,8.752709011445981,8.68054794747098,8.716628074645996,1345200,0.0,0.0
2003-11-10 00:00:00-05:00,8.701767182928563,8.733603240374473,8.665687073472801,8.691155433654785,1178600,0.0,0.0
2003-11-11 00:00:00-05:00,8.693278630203748,8.703890380906392,8.629607316363204,8.68054485321045,845400,0.0,0.0
2003-11-12 00:00:00-05:00,8.678422248986424,8.693278862291693,8.633852409070611,8.663565635681152,1091200,0.0,0.0
2003-11-13 00:00:00-05:00,8.648706734455132,8.686909675598145,8.623238376901288,8.686909675598145,1371000,0.0,0.0
2003-11-14 00:00:00-05:00,8.691158807096883,8.691158807096883,8.595651407312873,8.606263160705566,862200,0.0,0.0
2003-11-17 00:00:00-05:00,8.563813456510216,8.570181154847107,8.42798109981893,8.502264976501465,1341200,0.0,0.0
2003-11-18 00:00:00-05:00,8.500140574535017,8.553200129693943,8.362186216896545,8.372797966003418,984800,0.0,0.0
2003-11-19 00:00:00-05:00,8.41525022466881,8.551082628206341,8.406760497041468,8.54471492767334,1736000,0.0,0.0
2003-11-20 00:00:00-05:00,8.521367584067594,8.614752139289976,8.468308012086164,8.489531517028809,1346200,0.0,0.0
2003-11-21 00:00:00-05:00,8.489531912061329,8.489531912061329,8.415248831680733,8.466185569763184,1593800,0.0,0.0
2003-11-24 00:00:00-05:00,8.47891424559325,8.55319727416616,8.472546550555364,8.536218643188477,1131200,0.0,0.0
2003-11-25 00:00:00-05:00,8.548960005840641,8.5998975632569,8.542593114772986,8.587162971496582,938200,0.0,0.0
2003-11-26 00:00:00-05:00,8.589281680662369,8.674176489392984,8.589281680662369,8.659319877624512,1046600,0.0,0.0
2003-11-28 00:00:00-05:00,8.659318156703135,8.722989453003448,8.659318156703135,8.706010818481445,559200,0.0,0.0
2003-12-01 00:00:00-05:00,8.718748620996175,8.793031692504883,8.701769170580038,8.793031692504883,1169400,0.0,0.0
2003-12-02 00:00:00-05:00,8.765440374424966,8.818499941836285,8.746338897771901,8.801521301269531,1479800,0.0,0.0
2003-12-03 00:00:00-05:00,8.797274510141056,8.810008285368376,8.748459815979004,8.748459815979004,2584400,0.0,0.0
2003-12-04 00:00:00-05:00,8.76351407180452,8.868891657189836,8.726955020375485,8.853837013244629,1667200,0.27,0.0
2003-12-05 00:00:00-05:00,8.812975052070279,8.946309243872284,8.812975052070279,8.864588737487793,1946000,0.0,0.0
2003-12-08 00:00:00-05:00,8.855992317199707,8.877497555470354,8.823733639421484,8.855992317199707,2598400,0.0,0.0
2003-12-09 00:00:00-05:00,8.860291679878998,8.860291679878998,8.763516487112541,8.774269104003906,1576400,0.0,0.0
2003-12-10 00:00:00-05:00,8.769966246025811,8.828031350780082,8.75061121110772,8.79577350616455,1163200,0.0,0.0
2003-12-11 00:00:00-05:00,8.81297356420327,8.87103864285564,8.80222095416503,8.851683616638184,1310400,0.0,0.0
2003-12-12 00:00:00-05:00,8.84093487975515,8.877493933975758,8.82157984505838,8.86244010925293,1299000,0.0,0.0
2003-12-15 00:00:00-05:00,8.892549830064576,8.946313736704319,8.853839751654192,8.924808502197266,1681600,0.0,0.0
2003-12-16 00:00:00-05:00,8.946309492262175,8.967815536938119,8.916201850087575,8.96351432800293,1097200,0.0,0.0
2003-12-17 00:00:00-05:00,8.963515836322157,9.11190387788315,8.901149526824927,9.09469985961914,2057000,0.0,0.0
2003-12-18 00:00:00-05:00,9.12910709358054,9.30760275065015,9.086095825009112,9.286097526550293,3409600,0.0,0.0
2003-12-19 00:00:00-05:00,9.301157366619266,9.494707790258508,9.281802324255342,9.344168663024902,5800600,0.0,0.0
2003-12-22 00:00:00-05:00,9.365671444480345,9.451694014728396,9.344166212104346,9.449542999267578,1819200,0.0,0.0
2003-12-23 00:00:00-05:00,9.449547120982722,9.451698137381772,9.316212817275147,9.35277271270752,1861000,0.0,0.0
2003-12-24 00:00:00-05:00,9.344166799185146,9.408683320738652,9.303305706582663,9.380725860595703,603200,0.0,0.0
2003-12-26 00:00:00-05:00,9.397931599158825,9.423738046164233,9.352770111806318,9.369974136352539,310600,0.0,0.0
2003-12-29 00:00:00-05:00,9.36997022448362,9.440938949584961,9.33341117485334,9.440938949584961,794200,0.0,0.0
2003-12-30 00:00:00-05:00,9.419434576669756,9.486102104187012,9.410832156272956,9.486102104187012,847600,0.0,0.0
2003-12-31 00:00:00-05:00,9.494703533809622,9.505456147997602,9.408680979562018,9.41943359375,1129000,0.0,0.0
2004-01-02 00:00:00-05:00,9.44524003187553,9.520509971935152,9.402229575123604,9.41943359375,1261400,0.0,0.0
2004-01-05 00:00:00-05:00,9.415133659279672,9.415133659279672,9.268895789473962,9.333413124084473,1427000,0.0,0.0
2004-01-06 00:00:00-05:00,9.333413999454791,9.350618022025015,9.247391425487477,9.348467826843262,1154400,0.0,0.0
2004-01-07 00:00:00-05:00,9.354917652407224,9.380724092089036,9.279648528180303,9.376422882080078,1431200,0.0,0.0
2004-01-08 00:00:00-05:00,9.397926032454695,9.514056205749512,9.376419989045466,9.514056205749512,1710200,0.0,0.0
2004-01-09 00:00:00-05:00,9.505458795843612,9.511910202079134,9.438791256712179,9.464597702026367,995200,0.0,0.0
2004-01-12 00:00:00-05:00,9.451691577239307,9.501154255245837,9.380722852030926,9.4108304977417,1031800,0.0,0.0
2004-01-13 00:00:00-05:00,9.410832589331731,9.412983604715896,9.326961037533316,9.32911205291748,1147000,0.0,0.0
2004-01-14 00:00:00-05:00,9.369971477252607,9.395777916934419,9.354917652407224,9.376422882080078,1557200,0.0,0.0
2004-01-15 00:00:00-05:00,9.37642335518493,9.37642335518493,9.258142945272315,9.260293960571289,1783600,0.0,0.0
2004-01-16 00:00:00-05:00,9.268895809880114,9.322659708592578,9.247390578543923,9.303304672241211,1018000,0.0,0.0
2004-01-20 00:00:00-05:00,9.279646938397304,9.314055792202126,9.21512961968795,9.290399551391602,1525000,0.0,0.0
2004-01-21 00:00:00-05:00,9.311908499659108,9.578577838521904,9.29470447606557,9.51621150970459,3550400,0.0,0.0
2004-01-22 00:00:00-05:00,9.516214401667886,9.604387202857145,9.445245629300443,9.552773475646973,2657200,0.0,0.0
2004-01-23 00:00:00-05:00,9.569973716044203,9.615135192871094,9.537715049526728,9.615135192871094,2053600,0.0,0.0
2004-01-26 00:00:00-05:00,9.612984594300459,9.655995874393753,9.499004578997436,9.602231979370117,1567200,0.0,0.0
2004-01-27 00:00:00-05:00,9.602235424247079,9.664600941365943,9.507610410019979,9.559224128723145,1874600,0.0,0.0
2004-01-28 00:00:00-05:00,9.591480179593315,9.77427794606725,9.591480179593315,9.699007987976074,5054600,0.0,0.0
2004-01-29 00:00:00-05:00,9.694703940463398,9.881802026766755,9.677499103833691,9.84309196472168,2199000,0.0,0.0
2004-01-30 00:00:00-05:00,9.845248017278186,9.88180790668446,9.757075228015381,9.77212905883789,1545600,0.0,0.0
2004-02-02 00:00:00-05:00,9.763527701912412,9.871055536425226,9.726967811584473,9.726967811584473,1488200,0.0,0.0
2004-02-03 00:00:00-05:00,9.709758398969447,9.77427489981748,9.666747124946818,9.759221076965332,1243400,0.0,0.0
2004-02-04 00:00:00-05:00,9.742019152280974,9.742019152280974,9.612986112001252,9.677502632141113,2380800,0.0,0.0
2004-02-05 00:00:00-05:00,9.67750114148071,9.720512421739455,9.62373724625026,9.664597511291504,2079200,0.0,0.0
2004-02-06 00:00:00-05:00,9.67750109718842,9.746318817138672,9.632339622290806,9.746318817138672,1340600,0.0,0.0
2004-02-09 00:00:00-05:00,9.73771462118399,9.774274489699346,9.64739168786096,9.767822265625,1228600,0.0,0.0
2004-02-10 00:00:00-05:00,9.767820762230818,9.832338070813542,9.731261719714155,9.785025596618652,2435000,0.0,0.0
2004-02-11 00:00:00-05:00,9.785034283579735,9.963530907146858,9.73127035894468,9.939874649047852,2837200,0.0,0.0
2004-02-12 00:00:00-05:00,9.937719056209307,9.937719056209307,9.843094887761291,9.85384750366211,1135600,0.0,0.0
2004-02-13 00:00:00-05:00,9.87105133946551,9.8925565690756,9.759222340674807,9.81728744506836,1050600,0.0,0.0
2004-02-17 00:00:00-05:00,9.860297923961648,9.922664238476036,9.83664249949212,9.909761428833008,1080600,0.0,0.0
2004-02-18 00:00:00-05:00,9.911913340410367,9.995784899104454,9.888257091471612,9.991483688354492,1601600,0.0,0.0
2004-02-19 00:00:00-05:00,10.012991253021928,10.053851530754105,9.939872299983374,9.978582382202148,2010200,0.0,0.0
2004-02-20 00:00:00-05:00,9.978575107058637,9.978575107058637,9.836638515863143,9.873197555541992,1431600,0.0,0.0
2004-02-23 00:00:00-05:00,9.881805497990536,9.931268190118265,9.823740384526143,9.866751670837402,1013200,0.0,0.0
2004-02-24 00:00:00-05:00,9.87320223270163,9.9140625,9.847395791269605,9.9140625,1386200,0.0,0.0
2004-02-25 00:00:00-05:00,9.914065531069406,10.04309941842357,9.879656658516074,9.9506254196167,1848600,0.0,0.0
2004-02-26 00:00:00-05:00,9.93987210761621,10.006538832079967,9.920517066881402,9.967828750610352,1513400,0.0,0.0
2004-02-27 00:00:00-05:00,9.81083644452392,10.169979730520286,9.81083644452392,10.137721061706543,2841600,0.0,0.0
2004-03-01 00:00:00-05:00,10.167832565573013,10.210843866822152,10.142026112972465,10.17858600616455,1676000,0.0,0.0
2004-03-02 00:00:00-05:00,10.182880725976583,10.26245187609579,10.161375497516833,10.215139389038086,2598600,0.0,0.0
2004-03-03 00:00:00-05:00,10.223744673196284,10.230196079467474,10.088259398896524,10.122668266296387,2730400,0.0,0.0
2004-03-04 00:00:00-05:00,10.124839148579717,10.140070948905064,10.074791686072027,10.085671424865723,2745800,0.275,0.0
2004-03-05 00:00:00-05:00,10.06392050051514,10.159663445369953,10.059568435284707,10.131376266479492,2071400,0.0,0.0
2004-03-08 00:00:00-05:00,10.131371996370897,10.164011226735205,10.090027809143066,10.090027809143066,1569400,0.0,0.0
2004-03-09 00:00:00-05:00,10.090029342456624,10.118317343794736,9.965998422067427,10.022574424743652,1825600,0.0,0.0
2004-03-10 00:00:00-05:00,10.037804426763055,10.131371711975765,10.009516430517744,10.01169204711914,1525400,0.0,0.0
2004-03-11 00:00:00-05:00,10.011695415654364,10.076975556657114,9.813681035455655,9.846321105957031,1540400,0.0,0.0
2004-03-12 00:00:00-05:00,9.831087951704948,9.868079251820957,9.761456585545455,9.813679695129395,1870800,0.0,0.0
2004-03-15 00:00:00-05:00,9.813680577576976,9.898544590906743,9.759281015993798,9.868080139160156,1702200,0.0,0.0
2004-03-16 00:00:00-05:00,9.85719771114496,9.952941444729387,9.837613841100072,9.894189834594727,1905600,0.0,0.0
2004-03-17 00:00:00-05:00,9.965994539212096,10.157481132780434,9.944235057473634,10.14877700805664,2128200,0.0,0.0
2004-03-18 00:00:00-05:00,10.09655519888763,10.140074167877536,9.994283795604874,10.109610557556152,1366400,0.0,0.0
2004-03-19 00:00:00-05:00,10.10961073607328,10.211882141161961,10.090026867653558,10.135723114013672,1412400,0.0,0.0
2004-03-22 00:00:00-05:00,10.096553376158528,10.140072337291965,9.98992992921127,10.000809669494629,1257200,0.0,0.0
2004-03-23 00:00:00-05:00,10.000813868270239,10.055213422597303,9.965998186703771,10.050861358642578,1179600,0.0,0.0
2004-03-24 00:00:00-05:00,10.042157224457585,10.11614064538364,10.018221289735736,10.068268775939941,1305400,0.0,0.0
2004-03-25 00:00:00-05:00,10.074791686072027,10.153127133500018,10.068264008809981,10.085671424865723,1410200,0.0,0.0
2004-03-26 00:00:00-05:00,10.087848946945696,10.17271208068983,10.085672500912233,10.120488166809082,903600,0.0,0.0
2004-03-29 00:00:00-05:00,10.12266602974729,10.166185825727707,10.05303468820705,10.161833763122559,1468600,0.0,0.0
2004-03-30 00:00:00-05:00,10.172712688580747,10.272807630256693,10.140072636695937,10.25975227355957,1838600,0.0,0.0
2004-03-31 00:00:00-05:00,10.266277119962048,10.266277119962048,10.177061943500654,10.222757339477539,3419800,0.0,0.0
2004-04-01 00:00:00-05:00,10.248872041566095,10.333736013256797,10.235816684437548,10.318503379821777,1504200,0.0,0.0
2004-04-02 00:00:00-05:00,10.35767631370817,10.379436636637038,10.2205900145778,10.270637512207031,1710800,0.0,0.0
2004-04-05 00:00:00-04:00,10.25975227355957,10.281511754768776,10.196648615953473,10.25975227355957,1831800,0.0,0.0
2004-04-06 00:00:00-04:00,10.248872313040767,10.257576438071041,10.216233089283813,10.235816955566406,1816200,0.0,0.0
2004-04-07 00:00:00-04:00,10.231468151235319,10.231468151235319,10.120492596937074,10.20535659790039,1673000,0.0,0.0
2004-04-08 00:00:00-04:00,10.205354847164877,10.237994075716427,10.09002724875012,10.140074729919434,1655200,0.0,0.0
2004-04-12 00:00:00-04:00,10.140075008452541,10.148779135000513,9.981228434272433,10.01169204711914,2618000,0.0,0.0
2004-04-13 00:00:00-04:00,9.987754377625235,9.989929993667554,9.741868261294153,9.81149959564209,3652000,0.0,0.0
2004-04-14 00:00:00-04:00,9.715758425730078,9.770157967128183,9.593903154172716,9.704877853393555,2895200,0.0,0.0
2004-04-15 00:00:00-04:00,9.715758996365915,9.922476601762963,9.709230486566337,9.861549377441406,4175200,0.0,0.0
2004-04-16 00:00:00-04:00,9.878957683896445,9.918125422622321,9.837613498535141,9.88766098022461,996000,0.0,0.0
2004-04-19 00:00:00-04:00,9.868079482066555,9.868079482066555,9.783216304459076,9.802800178527832,1008400,0.0,0.0
2004-04-20 00:00:00-04:00,9.80279782477536,9.844142010144113,9.726638793945312,9.726638793945312,1307000,0.0,0.0
2004-04-21 00:00:00-04:00,9.726642453193623,9.737522200252233,9.613491257626807,9.683122634887695,1291200,0.0,0.0
2004-04-22 00:00:00-04:00,9.648305408018441,9.837615632885099,9.648305408018441,9.813679695129395,1624400,0.0,0.0
2004-04-23 00:00:00-04:00,9.81367835270602,9.868077901956212,9.752751123168606,9.763630867004395,1865000,0.0,0.0
2004-04-26 00:00:00-04:00,9.715757488331313,9.813675989343599,9.700525684615133,9.75057315826416,1851400,0.0,0.0
2004-04-27 00:00:00-04:00,9.74187144539158,9.770159443613448,9.678767768616359,9.691823959350586,1945000,0.0,0.0
2004-04-28 00:00:00-04:00,9.715757309349906,9.783212201687192,9.606958239055151,9.707053184509277,2414800,0.0,0.0
2004-04-29 00:00:00-04:00,9.704876599951573,9.707053046166228,9.313200118486765,9.330608367919922,4875400,0.0,0.0
2004-04-30 00:00:00-04:00,9.330606968445833,9.476397300262208,9.291439243166918,9.334959030151367,2751400,0.0,0.0
2004-05-03 00:00:00-04:00,9.356720015319468,9.356720015319468,9.202225535213797,9.30232048034668,1207000,0.0,0.0
2004-05-04 00:00:00-04:00,9.302321083525625,9.31755288789998,9.189169943836784,9.197874069213867,1668400,0.0,0.0
2004-05-05 00:00:00-04:00,9.200050303590237,9.23269036091155,9.15653133392334,9.15653133392334,1457600,0.0,0.0
2004-05-06 00:00:00-04:00,9.13694413544571,9.13694413544571,9.030320706451619,9.097776412963867,3069200,0.0,0.0
2004-05-07 00:00:00-04:00,9.043383894743968,9.05643925896875,8.758329878145068,8.825785636901855,3376200,0.0,0.0
2004-05-10 00:00:00-04:00,8.725686638814077,8.836662174854178,8.63429580214216,8.73874282836914,2856000,0.0,0.0
2004-05-11 00:00:00-04:00,8.769204017228132,8.856243596732861,8.693045007714705,8.73438835144043,1927800,0.0,0.0
2004-05-12 00:00:00-04:00,8.734389987746665,8.790965974045006,8.629942970816387,8.782261848449707,1645200,0.0,0.0
2004-05-13 00:00:00-04:00,8.78226347588484,8.873654321357742,8.751799860727205,8.830135345458984,1938000,0.0,0.0
2004-05-14 00:00:00-04:00,8.836659394225844,8.954162573033207,8.834482948282606,8.891058921813965,1774600,0.0,0.0
2004-05-17 00:00:00-04:00,8.856246957147432,8.85842257392864,8.74527140966679,8.775735855102539,1188200,0.0,0.0
2004-05-18 00:00:00-04:00,8.83013467154997,8.901941640359677,8.812726418462045,8.845366477966309,1842000,0.0,0.0
2004-05-19 00:00:00-04:00,8.899768010836342,8.936759311800547,8.784440383557287,8.790968894958496,1057800,0.0,0.0
2004-05-20 00:00:00-04:00,8.808376321861834,8.875832072531795,8.771385020897629,8.790968894958496,1157600,0.0,0.0
2004-05-21 00:00:00-04:00,8.823604406232437,8.856244459243266,8.736565648321942,8.762677192687988,1168800,0.0,0.0
2004-05-24 00:00:00-04:00,8.79096399026884,8.899763045445084,8.786611928453281,8.891058921813965,1395400,0.0,0.0
2004-05-25 00:00:00-04:00,8.899762437536266,9.073840747913447,8.82795466759082,9.067312240600586,1700000,0.0,0.0
2004-05-26 00:00:00-04:00,9.07384121935542,9.16087996403078,9.019441692656732,9.108656883239746,1693600,0.0,0.0
2004-05-27 00:00:00-04:00,9.13477213872678,9.245747683165316,9.043381295138563,9.073844909667969,1859200,0.0,0.0
2004-05-28 00:00:00-04:00,9.089075598312796,9.195698236043347,9.073843792922718,9.173938751220703,1225200,0.0,0.0
2004-06-01 00:00:00-04:00,9.182639117919214,9.210927100664811,9.062960340247407,9.065135955810547,1605400,0.0,0.0
2004-06-02 00:00:00-04:00,9.08472168684075,9.176112500585681,9.08472168684075,9.119537353515625,1009000,0.0,0.0
2004-06-03 00:00:00-04:00,9.095599554119284,9.113007798907589,9.043376479895963,9.065135955810547,1941200,0.0,0.0
2004-06-04 00:00:00-04:00,9.096014111864434,9.124680573685856,9.027655884806194,9.029861450195312,2029000,0.275,0.0
2004-06-07 00:00:00-04:00,9.04088201540034,9.11585521697998,9.04088201540034,9.11585521697998,982800,0.0,0.0
2004-06-08 00:00:00-04:00,9.0849870177643,9.089397306496522,9.012218515447497,9.040884971618652,959200,0.0,0.0
2004-06-09 00:00:00-04:00,9.0408821925971,9.089394512563064,8.996780160007708,9.02324104309082,1426800,0.0,0.0
2004-06-10 00:00:00-04:00,9.029856999838518,9.060728170657498,8.93062763565157,8.98575496673584,1369400,0.0,0.0
2004-06-14 00:00:00-04:00,8.985758902871307,8.994579481590884,8.926221258279178,8.948272705078125,1952600,0.0,0.0
2004-06-15 00:00:00-04:00,8.979143889419966,9.034271244652304,8.921810968919388,8.948272705078125,2022600,0.0,0.0
2004-06-16 00:00:00-04:00,8.957089553650182,8.99237101597232,8.93503895514,8.968114852905273,1019000,0.0,0.0
2004-06-17 00:00:00-04:00,8.970323446335325,8.970323446335325,8.919606379695912,8.9218111038208,1729000,0.0,0.0
2004-06-18 00:00:00-04:00,8.92181023277768,8.974732859551802,8.877708183995347,8.941656112670898,1237600,0.0,0.0
2004-06-21 00:00:00-04:00,8.96370536408425,9.054114163434036,8.93944920113102,8.976935386657715,1559400,0.0,0.0
2004-06-22 00:00:00-04:00,9.001189953039338,9.016625537421458,8.91960174399438,8.932831764221191,1110800,0.0,0.0
2004-06-23 00:00:00-04:00,8.96370291043285,9.084982850824412,8.924011171224532,8.952676773071289,1563200,0.0,0.0
2004-06-24 00:00:00-04:00,8.983552021914342,9.029858787309289,8.965910868710658,8.9747314453125,1493600,0.0,0.0
2004-06-25 00:00:00-04:00,9.001191436769068,9.001191436769068,8.820373840336286,8.87109088897705,2317800,0.0,0.0
2004-06-28 00:00:00-04:00,8.875500230487022,8.948268710675519,8.871089943095933,8.908576965332031,1622600,0.0,0.0
2004-06-29 00:00:00-04:00,8.937247493429549,8.952683087210719,8.882120132446289,8.882120132446289,2832000,0.0,0.0
2004-06-30 00:00:00-04:00,8.897554022490567,8.897554022490567,8.754223416085635,8.826991081237793,2366200,0.0,0.0
2004-07-01 00:00:00-04:00,8.83139877164031,8.83139877164031,8.568992963641032,8.610889434814453,4396400,0.0,0.0
2004-07-02 00:00:00-04:00,8.654994294790942,8.74319839477539,8.650584005674055,8.74319839477539,2365000,0.0,0.0
2004-07-06 00:00:00-04:00,8.743196915715517,8.804939270553882,8.736581062571052,8.767452239990234,1882200,0.0,0.0
2004-07-07 00:00:00-04:00,8.76965754718506,8.78068284720001,8.677043176471248,8.745401382446289,2033800,0.0,0.0
2004-07-08 00:00:00-04:00,8.732171217024437,8.749812371402298,8.681454159952898,8.685864448547363,2030000,0.0,0.0
2004-07-09 00:00:00-04:00,8.721143863618478,8.721143863618478,8.610889198234739,8.637350082397461,1958800,0.0,0.0
2004-07-12 00:00:00-04:00,8.646173394346524,8.659404261204118,8.599866622109857,8.626327514648438,1474800,0.0,0.0
2004-07-13 00:00:00-04:00,8.626326718831361,8.628532283692458,8.560174072999484,8.5800199508667,2319800,0.0,0.0
2004-07-14 00:00:00-04:00,8.580018262247052,8.621914733420473,8.54473680200197,8.610889434814453,2164600,0.0,0.0
2004-07-15 00:00:00-04:00,8.610891713720841,8.617507567576457,8.575610244138378,8.59545612335205,3669400,0.0,0.0
2004-07-16 00:00:00-04:00,8.635144466732969,8.703502655029297,8.580017139738715,8.703502655029297,3566200,0.0,0.0
2004-07-19 00:00:00-04:00,8.710118472402185,8.793912252729351,8.70570818489272,8.749810218811035,2289800,0.0,0.0
2004-07-20 00:00:00-04:00,8.853448266226671,9.285646269632611,8.829192109913123,8.952676773071289,3475200,0.0,0.0
2004-07-21 00:00:00-04:00,8.985755609070566,8.985755609070566,8.796117441996438,8.897551536560059,3651400,0.0,0.0
2004-07-22 00:00:00-04:00,8.899757189113586,8.941653661323778,8.809348392424779,8.917397499084473,3288200,0.0,0.0
2004-07-23 00:00:00-04:00,8.90858016551731,8.93504105819295,8.798325464662772,8.826991081237793,1960200,0.0,0.0
2004-07-26 00:00:00-04:00,8.853450449098114,8.965909843798437,8.851244884611534,8.860065460205078,2704600,0.0,0.0
2004-07-27 00:00:00-04:00,8.919601808335425,8.921806531330379,8.802731301372571,8.809347152709961,1553600,0.0,0.0
2004-07-28 00:00:00-04:00,8.809348474382517,8.857859958136073,8.736579986987596,8.793912887573242,2186000,0.0,0.0
2004-07-29 00:00:00-04:00,8.820374945029108,8.888733153676627,8.774068178450067,8.787298202514648,2312200,0.0,0.0
2004-07-30 00:00:00-04:00,8.403612697648127,8.652788535283504,8.40140713276532,8.599865913391113,9795400,0.0,0.0
2004-08-02 00:00:00-04:00,8.628532427080525,8.84022123373097,8.628532427080525,8.838016510009766,3307800,0.0,0.0
2004-08-03 00:00:00-04:00,8.831400669086024,8.906373893362032,8.78068361166057,8.886528015136719,2094000,0.0,0.0
2004-08-04 00:00:00-04:00,8.882110386377207,8.904161811280218,8.84682894770824,8.888726234436035,2296000,0.0,0.0
2004-08-05 00:00:00-04:00,8.88873081287981,8.943858141768771,8.809347324691498,8.811552047729492,1995800,0.0,0.0
2004-08-06 00:00:00-04:00,8.811552350832962,9.018831652938363,8.811552350832962,8.957088470458984,2451600,0.0,0.0
2004-08-09 00:00:00-04:00,8.930629403420108,8.99016703371742,8.926219115119215,8.937244415283203,1827400,0.0,0.0
2004-08-10 00:00:00-04:00,8.937245861925286,8.98575819991114,8.921810270961899,8.970322608947754,1820000,0.0,0.0
2004-08-11 00:00:00-04:00,8.970322485466221,9.113653932355053,8.961501907558102,9.045295715332031,2754600,0.0,0.0
2004-08-12 00:00:00-04:00,9.04087918672647,9.076160632832508,8.94826570613913,8.954880714416504,1613800,0.0,0.0
2004-08-13 00:00:00-04:00,8.96370588532036,8.976935908663146,8.838015616505144,8.877706527709961,2341600,0.0,0.0
2004-08-16 00:00:00-04:00,8.895347938189458,8.941654703584094,8.866681484821903,8.937244415283203,1176200,0.0,0.0
2004-08-17 00:00:00-04:00,8.932832872003594,8.963704885772609,8.888731677543445,8.924013137817383,2024600,0.0,0.0
2004-08-18 00:00:00-04:00,8.924014449679209,9.089396476745605,8.921808884926158,9.089396476745605,1793000,0.0,0.0
2004-08-19 00:00:00-04:00,9.073960431649278,9.120267195015716,8.994576928063127,9.04749870300293,1181800,0.0,0.0
2004-08-20 00:00:00-04:00,9.04749783785421,9.06954927628421,9.003396643346946,9.067343711853027,1057600,0.0,0.0
2004-08-23 00:00:00-04:00,9.129089236780153,9.148935115862672,9.018834539916512,9.043089866638184,1277600,0.0,0.0
2004-08-24 00:00:00-04:00,9.04088542637797,9.058526582194212,9.012218968764882,9.045295715332031,1637400,0.0,0.0
2004-08-25 00:00:00-04:00,9.045291707641576,9.084983449465321,9.027650559641586,9.062932014465332,1121600,0.0,0.0
2004-08-26 00:00:00-04:00,9.062934009058775,9.111446335559231,9.018832811705366,9.082779884338379,964000,0.0,0.0
2004-08-27 00:00:00-04:00,9.087187095249265,9.146724700927734,9.078366522294795,9.146724700927734,936800,0.0,0.0
2004-08-30 00:00:00-04:00,9.129089735624147,9.182011521951633,9.11365414451391,9.162165641784668,932200,0.0,0.0
2004-08-31 00:00:00-04:00,9.155548104185012,9.336365699768066,9.155548104185012,9.336365699768066,2010000,0.0,0.0
2004-09-01 00:00:00-04:00,9.327541082246038,9.360617806129504,9.256978189725604,9.305490493774414,2437200,0.0,0.0
2004-09-02 00:00:00-04:00,9.32754616260079,9.329751727354857,9.272418820219961,9.3187255859375,1648000,0.0,0.0
2004-09-03 00:00:00-04:00,9.320932093664954,9.325342382442775,9.259189733128595,9.270215034484863,1695400,0.0,0.0
2004-09-07 00:00:00-04:00,9.283614327026958,9.317129521739243,9.272442879565133,9.28808307647705,4150200,0.275,0.0
2004-09-08 00:00:00-04:00,9.274683020878173,9.279151773312073,9.147326559657852,9.189779281616211,1859600,0.0,0.0
2004-09-09 00:00:00-04:00,9.189775408893805,9.234462062073735,9.15849500736596,9.174135208129883,2209800,0.0,0.0
2004-09-10 00:00:00-04:00,9.16073108137347,9.225526700897813,9.140622125394438,9.194246292114258,2148600,0.0,0.0
2004-09-13 00:00:00-04:00,9.196482988235935,9.227763406361257,9.167436520407792,9.20542049407959,2321600,0.0,0.0
2004-09-14 00:00:00-04:00,9.2277611670156,9.229995969097917,9.13168513333022,9.15402889251709,1942200,0.0,0.0
2004-09-15 00:00:00-04:00,9.165201478980652,9.200950645771814,9.08923439300851,9.147326469421387,1316000,0.0,0.0
2004-09-16 00:00:00-04:00,9.147326751195974,9.294792175292969,9.145092801095934,9.294792175292969,1433200,0.0,0.0
2004-09-17 00:00:00-04:00,9.261276074913969,9.308196689171696,9.23669836678071,9.299259185791016,2618800,0.0,0.0
2004-09-20 00:00:00-04:00,9.272449873540175,9.31937049966697,9.216591741771861,9.297027587890625,1535400,0.0,0.0
2004-09-21 00:00:00-04:00,9.297024493873218,9.377460313223223,9.274680737205347,9.372991561889648,2363000,0.0,0.0
2004-09-22 00:00:00-04:00,9.451188299802197,9.489172242774428,9.41097040833832,9.428845405578613,3121600,0.0,0.0
2004-09-23 00:00:00-04:00,9.451190824886067,9.453425626301568,9.361818371787223,9.377458572387695,1400000,0.0,0.0
2004-09-24 00:00:00-04:00,9.375224676638968,9.377459478270355,9.328304070304918,9.35064697265625,1509600,0.0,0.0
2004-09-27 00:00:00-04:00,9.357357324748506,9.424386932836665,9.310435831991855,9.408746719360352,1735200,0.0,0.0
2004-09-28 00:00:00-04:00,9.40874611490704,9.480244472584781,9.40874611490704,9.475775718688965,1421400,0.0,0.0
2004-09-29 00:00:00-04:00,9.451197998425807,9.486947177264677,9.399808607115409,9.475775718688965,1140800,0.0,0.0
2004-09-30 00:00:00-04:00,9.480243497817664,9.518226623535156,9.442259519772605,9.518226623535156,1763000,0.0,0.0
2004-10-01 00:00:00-04:00,9.529395430531359,9.587487499195436,9.500348970035693,9.580784797668457,1287800,0.0,0.0
2004-10-04 00:00:00-04:00,9.580783455688165,9.618766562123756,9.556205750428836,9.598657608032227,1752400,0.0,0.0
2004-10-05 00:00:00-04:00,9.580784846020771,9.652283170426898,9.565144640827386,9.638876914978027,1179400,0.0,0.0
2004-10-06 00:00:00-04:00,9.616532936009577,9.690265201939294,9.589720428101348,9.661219596862793,1742600,0.0,0.0
2004-10-07 00:00:00-04:00,9.705909287245708,9.705909287245708,9.556209893691731,9.565147399902344,1071000,0.0,0.0
2004-10-08 00:00:00-04:00,9.518221408455949,9.52045621011344,9.428848945679563,9.47800350189209,3905200,0.0,0.0
2004-10-11 00:00:00-04:00,9.48471102333714,9.524928946729858,9.466836011905949,9.493648529052734,1363600,0.0,0.0
2004-10-12 00:00:00-04:00,9.511521101239945,9.55620777003487,9.464600482552566,9.545036315917969,1818600,0.0,0.0
2004-10-13 00:00:00-04:00,9.524925877304034,9.529394628721766,9.297024668962715,9.366288185119629,2112800,0.0,0.0
2004-10-14 00:00:00-04:00,9.368525505065918,9.417680931545808,9.339479039207127,9.368525505065918,1301600,0.0,0.0
2004-10-15 00:00:00-04:00,9.368523612848014,9.390866519102097,9.234464470669034,9.314899444580078,3060000,0.0,0.0
2004-10-18 00:00:00-04:00,9.314900814399168,9.330541021542473,9.218824769188947,9.243402481079102,5435000,0.0,0.0
2004-10-19 00:00:00-04:00,9.243404491117298,9.259044701661667,9.118282806762341,9.162968635559082,2494000,0.0,0.0
2004-10-20 00:00:00-04:00,9.151797178359896,9.183077599448636,9.075830076146866,9.162968635559082,5020600,0.0,0.0
2004-10-21 00:00:00-04:00,9.171907264565233,9.171907264565233,9.064659728140173,9.06689453125,2571800,0.0,0.0
2004-10-22 00:00:00-04:00,9.13838683974711,9.250103056114057,9.055716225960063,9.16966724395752,3514800,0.0,0.0
2004-10-25 00:00:00-04:00,9.169669017727406,9.312665665965865,8.964110696639178,9.27691650390625,2893200,0.0,0.0
2004-10-26 00:00:00-04:00,9.299263161741496,9.49365010790997,9.250108576785903,9.484712600708008,2400200,0.0,0.0
2004-10-27 00:00:00-04:00,9.484706539527874,9.502580690181762,9.388630529322937,9.433317184448242,1566200,0.0,0.0
2004-10-28 00:00:00-04:00,9.433315183647249,9.495875976157333,9.390862486735228,9.4869384765625,2878600,0.0,0.0
2004-10-29 00:00:00-04:00,9.515985488891602,9.529391739079562,9.397566595375517,9.515985488891602,1879400,0.0,0.0
2004-11-01 00:00:00-05:00,9.515990338175149,9.627706589690552,9.515990338175149,9.600894927978516,2347400,0.0,0.0
2004-11-02 00:00:00-05:00,9.620999934729785,9.629936583410764,9.364052320875714,9.377458572387695,1549600,0.0,0.0
2004-11-03 00:00:00-05:00,9.473533939685058,9.663451135521758,9.473533939685058,9.647810935974121,2952600,0.0,0.0
2004-11-04 00:00:00-05:00,9.652283378392053,9.92710522856069,9.64111192477426,9.920402526855469,3743600,0.0,0.0
2004-11-05 00:00:00-05:00,9.920403389030296,9.944980248194486,9.7729379724084,9.877950668334961,2388800,0.0,0.0
2004-11-08 00:00:00-05:00,9.909233387650414,9.994137996468101,9.909233387650414,9.971795082092285,1391400,0.0,0.0
2004-11-09 00:00:00-05:00,9.936043865871564,9.982964487815279,9.882419689130622,9.913700103759766,1191400,0.0,0.0
2004-11-10 00:00:00-05:00,9.9561524191343,9.989666782442665,9.877950533426771,9.94274616241455,919200,0.0,0.0
2004-11-11 00:00:00-05:00,9.987433079798192,10.054462660402066,9.909231192154204,10.032119750976562,935400,0.0,0.0
2004-11-12 00:00:00-05:00,10.05446404605663,10.074573008241842,9.953919235130567,10.072339057922363,2877800,0.0,0.0
2004-11-15 00:00:00-05:00,10.054460470380272,10.07456942541412,9.987430904376506,10.038820266723633,860600,0.0,0.0
2004-11-16 00:00:00-05:00,9.994136301507089,10.10361860896699,9.978496093631017,9.991902351379395,1054600,0.0,0.0
2004-11-17 00:00:00-05:00,9.875719946486187,10.052231884598129,9.817626999912004,9.833267211914062,3179600,0.0,0.0
2004-11-18 00:00:00-05:00,9.835495052974995,9.91369605763127,9.835495052974995,9.85113525390625,1497800,0.0,0.0
2004-11-19 00:00:00-05:00,9.86007439758243,9.862308347090298,9.73048316561971,9.761763572692871,1228400,0.0,0.0
2004-11-22 00:00:00-05:00,9.784112363235682,9.980732409519518,9.759534644368301,9.978498458862305,1599800,0.0,0.0
2004-11-23 00:00:00-05:00,10.02094357578881,10.061161479092242,9.93827382003266,10.016475677490234,1142200,0.0,0.0
2004-11-24 00:00:00-05:00,10.072335420486302,10.119256031198134,9.996368352145975,10.02318000793457,912400,0.0,0.0
2004-11-26 00:00:00-05:00,10.02541177330258,10.06562967438715,10.01647512487144,10.02988052368164,312200,0.0,0.0
2004-11-29 00:00:00-05:00,10.029884488664118,10.07903990993878,9.839967210274908,9.8801851272583,1498200,0.0,0.0
2004-11-30 00:00:00-05:00,9.857838173067758,9.877947125045129,9.752825514809984,9.828792572021484,1701800,0.0,0.0
2004-12-01 00:00:00-05:00,9.775169036141188,9.777402985468383,9.656750118276607,9.723779678344727,2141600,0.0,0.0
2004-12-02 00:00:00-05:00,9.723779852403364,9.741654004322168,9.585251978805944,9.6746244430542,2163400,0.0,0.0
2004-12-03 00:00:00-05:00,9.71484826086155,9.757300143282958,9.612069480897532,9.679099082946777,1952200,0.0,0.0
2004-12-06 00:00:00-05:00,9.708145515897602,9.835502014958717,9.685801747089211,9.833267211914062,1410800,0.0,0.0
2004-12-07 00:00:00-05:00,9.831002925476918,9.837790453252518,9.742761611938477,9.742761611938477,1816600,0.275,0.0
2004-12-08 00:00:00-05:00,9.747285128040211,9.772173013017976,9.692982326466565,9.70429515838623,1813800,0.0,0.0
2004-12-09 00:00:00-05:00,9.704298490752155,9.75633822594358,9.654520977475988,9.75407600402832,1120000,0.0,0.0
2004-12-10 00:00:00-05:00,9.704294246264256,9.815162060129342,9.68393080547735,9.767646789550781,1034800,0.0,0.0
2004-12-13 00:00:00-05:00,9.767648277331872,9.950919272329362,9.754073223482,9.946393966674805,1278400,0.0,0.0
2004-12-14 00:00:00-05:00,9.946395757046027,10.032374853731435,9.921507003022832,10.016536712646484,1685600,0.0,0.0
2004-12-15 00:00:00-05:00,10.000699401126413,10.111566397917553,9.97128533819418,10.086678504943848,2028400,0.0,0.0
2004-12-16 00:00:00-05:00,10.086674574166265,10.32877278576012,10.009746114016854,10.319722175598145,4355200,0.0,0.0
2004-12-17 00:00:00-05:00,10.412495798017675,11.109376851564342,10.364981357276504,10.695321083068848,14862800,0.0,0.0
2004-12-20 00:00:00-05:00,11.290373342802823,11.629763312669281,11.24738339422721,11.439704895019531,22782200,0.0,0.0
2004-12-21 00:00:00-05:00,11.40576492887796,11.550571170001767,11.256433384829874,11.527945518493652,7771000,0.0,0.0
2004-12-22 00:00:00-05:00,11.539265421382046,11.629769809148213,11.44197350662325,11.577729225158691,4501200,0.0,0.0
2004-12-23 00:00:00-05:00,11.539268860026528,11.708963990321037,11.527956023963041,11.688600540161133,3489400,0.0,0.0
2004-12-27 00:00:00-05:00,11.672764408547168,11.833408952428174,11.672764408547168,11.68634033203125,2722600,0.0,0.0
2004-12-28 00:00:00-05:00,11.688598530560721,11.79946637639534,11.629771275276216,11.79041576385498,2077200,0.0,0.0
2004-12-29 00:00:00-05:00,11.790414838437322,11.910332424286175,11.742900421000666,11.853767395019531,2528200,0.0,0.0
2004-12-30 00:00:00-05:00,11.851505750084387,11.887707336051356,11.803990467222706,11.835667610168457,1500000,0.0,0.0
2004-12-31 00:00:00-05:00,11.837927638864612,11.837927638864612,11.713484764099121,11.713484764099121,1699200,0.0,0.0
2005-01-03 00:00:00-05:00,11.713478622822691,11.76325609187648,11.503056783966759,11.527945518493652,3456400,0.0,0.0
2005-01-04 00:00:00-05:00,11.53021341816291,11.586778437910311,11.426133988974982,11.430659294128418,3309600,0.0,0.0
2005-01-05 00:00:00-05:00,11.36957143596688,11.482701500006351,11.2654919841979,11.279067039489746,3945400,0.0,0.0
2005-01-06 00:00:00-05:00,11.245127933667387,11.335631462165635,11.159148847947282,11.301692962646484,2634000,0.0,0.0
2005-01-07 00:00:00-05:00,11.272276873297747,11.401245047065547,11.222499380575547,11.238337516784668,3748200,0.0,0.0
2005-01-10 00:00:00-05:00,11.231549558710164,11.410295218324778,11.231549558710164,11.353730201721191,2249600,0.0,0.0
2005-01-11 00:00:00-05:00,11.30395781889836,11.378624088849529,11.199878348464045,11.242867469787598,1969600,0.0,0.0
2005-01-12 00:00:00-05:00,11.29037767409656,11.378618962015446,11.236074878316042,11.35146713256836,2892800,0.0,0.0
2005-01-13 00:00:00-05:00,11.360519683333177,11.566416344692657,11.353732156368583,11.448760986328125,1811200,0.0,0.0
2005-01-14 00:00:00-05:00,11.448757776001582,11.579989014610781,11.37861771539848,11.496273040771484,1695400,0.0,0.0
2005-01-18 00:00:00-05:00,11.451023539556237,11.670496107778215,11.451023539556237,11.665970802307129,1493000,0.0,0.0
2005-01-19 00:00:00-05:00,11.665964976058184,11.684065325789037,11.534733772277832,11.534733772277832,1723000,0.0,0.0
2005-01-20 00:00:00-05:00,11.516640180817209,11.539265847036448,11.412559872112713,11.432923316955566,2126200,0.0,0.0
2005-01-21 00:00:00-05:00,11.43291921135383,11.494009523944642,11.337890411621586,11.378617286682129,1355400,0.0,0.0
2005-01-24 00:00:00-05:00,11.358256414774566,11.579991194015834,11.34920580424707,11.48496150970459,1739800,0.0,0.0
2005-01-25 00:00:00-05:00,11.482700347378707,11.584517567416649,11.446498765044527,11.448760986328125,1876400,0.0,0.0
2005-01-26 00:00:00-05:00,11.4487591999748,11.74063489750418,11.446496979044179,11.708958625793457,2007200,0.0,0.0
2005-01-27 00:00:00-05:00,11.663710833112757,11.853769398089653,11.629772327686096,11.754215240478516,2213800,0.0,0.0
2005-01-28 00:00:00-05:00,11.742898857053188,11.842452984582636,11.661445087659214,11.810776710510254,1681200,0.0,0.0
2005-01-31 00:00:00-05:00,11.810777831383593,11.95105885692306,11.767787858393728,11.935220718383789,1287600,0.0,0.0
2005-02-01 00:00:00-05:00,11.935217978284408,12.14337681593341,11.899016403775294,12.127538681030273,2465800,0.0,0.0
2005-02-02 00:00:00-05:00,12.091337309333532,12.156952933954901,12.030246989490909,12.089075088500977,1767400,0.0,0.0
2005-02-03 00:00:00-05:00,12.003096052936085,12.154690742492676,11.942005732945844,12.154690742492676,1516400,0.0,0.0
2005-02-04 00:00:00-05:00,12.199942719971865,12.308548314535049,12.184104583913419,12.263296127319336,1752600,0.0,0.0
2005-02-07 00:00:00-05:00,12.218049397092884,12.3538051562594,12.195423724936486,12.27235221862793,1755200,0.0,0.0
2005-02-08 00:00:00-05:00,12.218043595415107,12.331173628705987,12.20673076470875,12.274608612060547,1933000,0.0,0.0
2005-02-09 00:00:00-05:00,12.274608612060547,12.365112983938713,12.24066925682782,12.274608612060547,2291200,0.0,0.0
2005-02-10 00:00:00-05:00,12.331173628705987,12.331173628705987,12.20673076470875,12.274608612060547,1074800,0.0,0.0
2005-02-11 00:00:00-05:00,12.274611474659057,12.358327477146142,12.161481414984781,12.24067211151123,1784400,0.0,0.0
2005-02-14 00:00:00-05:00,12.272351623433057,12.369642699478312,12.231624725035495,12.292715072631836,2152800,0.0,0.0
2005-02-15 00:00:00-05:00,12.292716533747477,12.292716533747477,12.120758306048991,12.143383979797363,1867000,0.0,0.0
2005-02-16 00:00:00-05:00,12.14338253643143,12.308553214995996,12.12754439406727,12.292715072631836,1611800,0.0,0.0
2005-02-17 00:00:00-05:00,12.270081814570757,12.322121519980595,12.184102758056719,12.195416450500488,1252000,0.0,0.0
2005-02-18 00:00:00-05:00,12.265555668871588,12.265555668871588,11.994043468002761,12.025720596313477,2147600,0.0,0.0
2005-02-22 00:00:00-05:00,12.025725746040603,12.027987967474791,11.652396202087402,11.652396202087402,2085800,0.0,0.0
2005-02-23 00:00:00-05:00,11.742899097211996,11.95558327255749,11.742899097211996,11.801726341247559,2167000,0.0,0.0
2005-02-24 00:00:00-05:00,11.851500261968846,12.034770328446784,11.851500261968846,11.991781234741211,1253400,0.0,0.0
2005-02-25 00:00:00-05:00,11.96915822485225,12.360588048154218,11.96915822485225,12.29497241973877,1463800,0.0,0.0
2005-02-28 00:00:00-05:00,12.285917568027555,12.435249130350703,12.227090349039267,12.342482566833496,1561200,0.0,0.0
2005-03-01 00:00:00-05:00,12.342486416564423,12.47371766902082,12.199942333440942,12.21125602722168,4173000,0.0,0.0
2005-03-02 00:00:00-05:00,12.1727936614433,12.394528464140734,12.12527924581824,12.328913688659668,1949000,0.0,0.0
2005-03-03 00:00:00-05:00,12.335698713896882,12.3492746283709,12.184104023168093,12.315335273742676,3957600,0.0,0.0
2005-03-04 00:00:00-05:00,12.399055531682611,12.722607601774731,12.399055531682611,12.69093132019043,4894600,0.0,0.0
2005-03-07 00:00:00-05:00,12.665788832773272,12.761776862544512,12.661218763000418,12.718354225158691,2163200,0.28,0.0
2005-03-08 00:00:00-05:00,12.695501215345102,12.70464309974955,12.535521725539612,12.638365745544434,2207200,0.0,0.0
2005-03-09 00:00:00-05:00,12.546948084208205,12.546948084208205,12.368684845949844,12.386968612670898,2028800,0.0,0.0
2005-03-10 00:00:00-05:00,12.386969027492842,12.638364725600363,12.31840664362879,12.583515167236328,2392200,0.0,0.0
2005-03-11 00:00:00-05:00,12.581231759341906,12.638367235880079,12.421252250671387,12.421252250671387,1174000,0.0,0.0
2005-03-14 00:00:00-05:00,12.432676658765672,12.610939018052864,12.414392892778295,12.599512100219727,1369600,0.0,0.0
2005-03-15 00:00:00-05:00,12.656646277291838,12.743491541468307,12.47838306427002,12.47838306427002,1275200,0.0,0.0
2005-03-16 00:00:00-05:00,12.501239332564378,12.5926555492045,12.249842775213619,12.300122261047363,1527800,0.0,0.0
2005-03-17 00:00:00-05:00,12.341262881734735,12.47838767613785,12.318409039940276,12.377829551696777,983200,0.0,0.0
2005-03-18 00:00:00-05:00,12.405250600070934,12.441817259020038,12.304692505915378,12.407536506652832,2288800,0.0,0.0
2005-03-21 00:00:00-05:00,12.38468841390446,12.444109811316652,12.327552924294942,12.405257225036621,1101800,0.0,0.0
2005-03-22 00:00:00-05:00,12.38239482103856,12.416676439841234,12.00072956085205,12.00072956085205,1357200,0.0,0.0
2005-03-23 00:00:00-05:00,11.993876350493343,11.993876350493343,11.765334497309054,11.929884910583496,1882000,0.0,0.0
2005-03-24 00:00:00-05:00,12.021302454557206,12.1492862203098,11.975594776333782,12.117290496826172,1180600,0.0,0.0
2005-03-28 00:00:00-05:00,12.158423557738567,12.300119225240358,12.087575288078796,12.233841896057129,1054000,0.0,0.0
2005-03-29 00:00:00-05:00,12.233845336243805,12.27041199852102,11.97787870030329,12.028158187866211,1209200,0.0,0.0
2005-03-30 00:00:00-05:00,12.078437172033958,12.320691861896144,12.078437172033958,12.20413589477539,1699000,0.0,0.0
2005-03-31 00:00:00-05:00,12.295554412769548,12.480673671151566,12.263558685305092,12.430394172668457,1657600,0.0,0.0
2005-04-01 00:00:00-05:00,12.537804378591566,12.542375319607485,12.261268985762378,12.439531326293945,2400400,0.0,0.0
2005-04-04 00:00:00-04:00,12.462385013294064,12.49666663460219,12.295549591351389,12.359541893005371,2005200,0.0,0.0
2005-04-05 00:00:00-04:00,12.32983028095222,12.4623840715703,12.306975577867874,12.400677680969238,1169600,0.0,0.0
2005-04-06 00:00:00-04:00,12.444104982744935,12.444104982744935,12.304694302701016,12.354973793029785,1417400,0.0,0.0
2005-04-07 00:00:00-04:00,12.364115978001841,12.487528808614046,12.304695469828259,12.469245910644531,1391800,0.0,0.0
2005-04-08 00:00:00-04:00,12.478383717081604,12.512665340714834,12.295550425279488,12.313834190368652,999800,0.0,0.0
2005-04-11 00:00:00-04:00,12.29555465906529,12.590373934010271,12.29555465906529,12.565234184265137,1474000,0.0,0.0
2005-04-12 00:00:00-04:00,12.565229995525302,12.83948037214738,12.46695693663724,12.823482513427734,2715600,0.0,0.0
2005-04-13 00:00:00-04:00,12.786914495792088,12.869189687217062,12.590368398903049,12.665786743164062,2463600,0.0,0.0
2005-04-14 00:00:00-04:00,12.620082647801071,12.674932209719074,12.512667687302718,12.540092468261719,1592200,0.0,0.0
2005-04-15 00:00:00-04:00,12.562944724949526,12.56980070089556,12.272696495056152,12.272696495056152,2223000,0.0,0.0
2005-04-18 00:00:00-04:00,12.295552278467492,12.366400571139414,12.169854425896952,12.281840324401855,1085800,0.0,0.0
2005-04-19 00:00:00-04:00,12.281842456323746,12.524096319593585,12.281842456323746,12.430394172668457,1614200,0.0,0.0
2005-04-20 00:00:00-04:00,12.444105116855262,12.581229891461282,12.382398706737137,12.446390151977539,1854600,0.0,0.0
2005-04-21 00:00:00-04:00,12.581229255223617,12.626937801720143,12.460102348053132,12.601798057556152,1272600,0.0,0.0
2005-04-22 00:00:00-04:00,12.658928604580126,12.752630696175538,12.448670592929027,12.556084632873535,1615200,0.0,0.0
2005-04-25 00:00:00-04:00,12.613228995111175,12.7617816006029,12.613228995111175,12.727499961853027,1729800,0.0,0.0
2005-04-26 00:00:00-04:00,12.706928917930721,12.709214825081729,12.519524635182295,12.54466438293457,1746200,0.0,0.0
2005-04-27 00:00:00-04:00,12.52866317715651,12.79834260902059,12.446387978036228,12.75720500946045,1634400,0.0,0.0
2005-04-28 00:00:00-04:00,12.700070865136047,13.079450311132561,12.700070865136047,12.921756744384766,2090600,0.0,0.0
2005-04-29 00:00:00-04:00,12.967462232358434,13.2942762072287,12.887472078547539,13.278278350830078,2771600,0.0,0.0
2005-05-02 00:00:00-04:00,13.221141107489789,13.319414138793945,13.202858219149629,13.319414138793945,1779400,0.0,0.0
2005-05-03 00:00:00-04:00,13.244002017201948,13.289710567209527,13.068024666354521,13.095449447631836,2060800,0.0,0.0
2005-05-04 00:00:00-04:00,13.095447061524512,13.301135063171387,13.01317186086576,13.301135063171387,1855800,0.0,0.0
2005-05-05 00:00:00-04:00,13.278282775844074,13.28285371802664,13.086307563266706,13.095449447631836,1181200,0.0,0.0
2005-05-06 00:00:00-04:00,13.038312106155834,13.118302275139362,12.919470241925582,13.111445426940918,1383200,0.0,0.0
2005-05-09 00:00:00-04:00,13.07716539004298,13.07716539004298,12.846337625310188,12.997175216674805,2627000,0.0,0.0
2005-05-10 00:00:00-04:00,12.912607286677732,13.079442639037948,12.866898767936616,12.949173927307129,1485200,0.0,0.0
2005-05-11 00:00:00-04:00,13.006315971224577,13.010886912604667,12.759491239425193,12.88976001739502,1272400,0.0,0.0
2005-05-12 00:00:00-04:00,12.82119822470647,12.898902493357577,12.688644396900479,12.695500373840332,1622600,0.0,0.0
2005-05-13 00:00:00-04:00,12.695498431136787,12.702355278845411,11.88417511225957,12.249841690063477,3268200,0.0,0.0
2005-05-16 00:00:00-04:00,12.231557746202657,12.249840637613126,12.067007364419371,12.190420150756836,2870000,0.0,0.0
2005-05-17 00:00:00-04:00,12.178994281011532,12.316119029733525,12.092148141851396,12.249841690063477,1989200,0.0,0.0
2005-05-18 00:00:00-04:00,12.386969686463132,12.498954715974332,12.35725899887487,12.45553207397461,2448200,0.0,0.0
2005-05-19 00:00:00-04:00,12.469244193757564,12.649791600551307,12.460102310122487,12.592656135559082,1536600,0.0,0.0
2005-05-20 00:00:00-04:00,12.661223463724653,12.750354678292371,12.560664455028117,12.727499961853027,2214400,0.0,0.0
2005-05-23 00:00:00-04:00,12.748064858109343,12.764062718797684,12.6520776939793,12.656648635864258,938200,0.0,0.0
2005-05-24 00:00:00-04:00,12.656650429940514,12.686360248677063,12.569804265451946,12.588088035583496,1318600,0.0,0.0
2005-05-25 00:00:00-04:00,12.55151853101924,12.66121939100416,12.55151853101924,12.592656135559082,655000,0.0,0.0
2005-05-26 00:00:00-04:00,12.581223780382292,12.718349360200346,12.567511832672828,12.688638687133789,851200,0.0,0.0
2005-05-27 00:00:00-04:00,12.711499164674738,12.741209853284735,12.63150985513023,12.679503440856934,1085000,0.0,0.0
2005-05-31 00:00:00-04:00,12.661215802691201,12.706923464276574,12.578940616929112,12.684069633483887,1632000,0.0,0.0
2005-06-01 00:00:00-04:00,12.661219231673435,12.956037564741589,12.626937604382302,12.94689655303955,3835200,0.0,0.0
2005-06-02 00:00:00-04:00,12.994890239289472,13.072594506204604,12.93546886774484,13.01088809967041,1457000,0.0,0.0
2005-06-03 00:00:00-04:00,12.965177698693386,13.086304587625557,12.908042242130229,13.049737930297852,1694800,0.0,0.0
2005-06-06 00:00:00-04:00,13.017424583435059,13.178987654992714,12.96433856797731,13.017424583435059,1394400,0.28,0.0
2005-06-07 00:00:00-04:00,13.019735783254307,13.363636301295756,13.017428116085535,13.135138511657715,2395600,0.0,0.0
2005-06-08 00:00:00-04:00,13.178990206224215,13.22746001752716,13.017427103390654,13.065896034240723,1747400,0.0,0.0
2005-06-09 00:00:00-04:00,13.065895779967223,13.086668304277698,12.945876848445907,12.978189468383789,7322400,0.0,0.0
2005-06-10 00:00:00-04:00,13.017424117578189,13.269002023439608,13.015115570665579,13.167447090148926,2148000,0.0,0.0
2005-06-13 00:00:00-04:00,13.169755652765867,13.252844852212768,13.02896422631966,13.142058372497559,3831000,0.0,0.0
2005-06-14 00:00:00-04:00,13.142062873933352,13.142062873933352,13.045125001149016,13.079745292663574,1050000,0.0,0.0
2005-06-15 00:00:00-04:00,13.072825087799071,13.088981404474518,12.791242059250026,13.086673736572266,1464400,0.0,0.0
2005-06-16 00:00:00-04:00,13.017429874115734,13.05435871697402,12.848941093093417,12.902027130126953,800400,0.0,0.0
2005-06-17 00:00:00-04:00,12.982802911422372,13.262077216074994,12.927409231601128,13.243613243103027,2691600,0.0,0.0
2005-06-20 00:00:00-04:00,13.185910021628418,13.20668253855069,13.049734828571877,13.19283390045166,1602200,0.0,0.0
2005-06-21 00:00:00-04:00,13.211305635911405,13.299011081552582,13.185916893058904,13.220537185668945,937200,0.0,0.0
2005-06-22 00:00:00-04:00,13.308244442417172,13.691381518417824,13.22053811018963,13.60598373413086,2438400,0.0,0.0
2005-06-23 00:00:00-04:00,13.582897607575894,13.94064668640917,13.582897607575894,13.774466514587402,2930200,0.0,0.0
2005-06-24 00:00:00-04:00,13.751386960772912,13.848324811838445,13.732922105073126,13.762927055358887,1449000,0.0,0.0
2005-06-27 00:00:00-04:00,13.756008237411802,13.799861848418983,13.700615407286003,13.765240669250488,1138400,0.0,0.0
2005-06-28 00:00:00-04:00,13.753699068013502,13.906030654907227,13.739850421767503,13.906030654907227,1505800,0.0,0.0
2005-06-29 00:00:00-04:00,13.95218742401779,13.95218742401779,13.709841915901174,13.762927055358887,1319400,0.0,0.0
2005-06-30 00:00:00-04:00,13.832172339048384,14.231465709527827,13.804475928271152,14.037589073181152,3959600,0.0,0.0
2005-07-01 00:00:00-04:00,14.060664965225788,14.18299242958627,13.963727116948592,14.152987480163574,1597400,0.0,0.0
2005-07-05 00:00:00-04:00,14.083749286544244,14.23838852225518,14.058360545050698,14.173763275146484,1069800,0.0,0.0
2005-07-06 00:00:00-04:00,14.146065059411423,14.222230393709635,13.806780794525528,13.832169532775879,2658000,0.0,0.0
2005-07-07 00:00:00-04:00,13.663685997199341,14.039899214814174,13.638297250915997,14.026050567626953,1787000,0.0,0.0
2005-07-08 00:00:00-04:00,14.009887931806398,14.199148289042125,13.963726675795867,14.182991981506348,2396200,0.0,0.0
2005-07-11 00:00:00-04:00,14.256845458562513,14.420717032919532,14.219916640672867,14.367631912231445,1099600,0.0,0.0
2005-07-12 00:00:00-04:00,14.44841687212416,14.609980819093508,14.41148804542711,14.552279472351074,1710200,0.0,0.0
2005-07-13 00:00:00-04:00,14.586902765445872,14.699996928543946,14.53843383840384,14.690765380859375,1146800,0.0,0.0
2005-07-14 00:00:00-04:00,14.748470760729644,14.845408641266959,14.353792714455158,14.47842788696289,2710600,0.0,0.0
2005-07-15 00:00:00-04:00,14.524594122467514,14.591527946919319,14.309944878848519,14.402267456054688,1063800,0.0,0.0
2005-07-18 00:00:00-04:00,14.402260990249555,14.448421377675874,14.282242045944631,14.284549713134766,977400,0.0,0.0
2005-07-19 00:00:00-04:00,14.307633159258797,14.48996883290794,14.279935865667731,14.459964752197266,1113000,0.0,0.0
2005-07-20 00:00:00-04:00,14.402263787463825,14.623836859774807,14.309941233774353,14.60998821258545,1993600,0.0,0.0
2005-07-21 00:00:00-04:00,14.573058963344215,14.579982846520453,14.14376059735542,14.219926834106445,2101000,0.0,0.0
2005-07-22 00:00:00-04:00,14.242998406608567,14.365325844847929,14.173756975417032,14.330704689025879,1439800,0.0,0.0
2005-07-25 00:00:00-04:00,14.33532512832346,14.55228191147643,14.32378503313126,14.351481437683105,798200,0.0,0.0
2005-07-26 00:00:00-04:00,14.309937660917175,14.441496694782922,14.263776395597828,14.328402519226074,1186400,0.0,0.0
2005-07-27 00:00:00-04:00,14.374565502459523,14.459964166895615,14.261471306459606,14.420726776123047,1431400,0.0,0.0
2005-07-28 00:00:00-04:00,14.42072188358756,14.748466022996679,14.42072188358756,14.667683601379395,2112800,0.0,0.0
2005-07-29 00:00:00-04:00,14.702307898746094,14.893875971676714,14.681535372240079,14.840791702270508,2049600,0.0,0.0
2005-08-01 00:00:00-04:00,14.725382694392872,14.7276912411878,14.413795791477488,14.425335884094238,3223600,0.0,0.0
2005-08-02 00:00:00-04:00,14.483038355115593,14.799242376236888,14.471498261600463,14.794625282287598,2463000,0.0,0.0
2005-08-03 00:00:00-04:00,14.748466896115087,15.07159484080807,14.723078158688134,14.940035820007324,2467800,0.0,0.0
2005-08-04 00:00:00-04:00,14.889259082324166,14.926187036197188,14.748467626315216,14.836173057556152,1237800,0.0,0.0
2005-08-05 00:00:00-04:00,14.74385083738769,14.74385083738769,14.309936390628925,14.351481437683105,1749000,0.0,0.0
2005-08-08 00:00:00-04:00,14.409180861812981,14.492270944778888,13.947570072404787,13.949877738952637,2118600,0.0,0.0
2005-08-09 00:00:00-04:00,14.129914580860529,14.27070609256709,14.051440666816864,14.176074981689453,1471600,0.0,0.0
2005-08-10 00:00:00-04:00,14.282238136696325,14.536123719860852,14.016811579381189,14.04450798034668,3224400,0.0,0.0
2005-08-11 00:00:00-04:00,14.009888874863847,14.303011857741279,13.984500138326409,14.217613220214844,2214800,0.0,0.0
2005-08-12 00:00:00-04:00,14.194532430031927,14.305318918953455,14.125290984512564,14.143754959106445,1079200,0.0,0.0
2005-08-15 00:00:00-04:00,14.12068188001438,14.263781056860132,14.046824183548626,14.233776092529297,1341400,0.0,0.0
2005-08-16 00:00:00-04:00,14.240691478040734,14.29839282043113,13.998346016091585,14.0214262008667,1366600,0.0,0.0
2005-08-17 00:00:00-04:00,13.95218635031081,14.090669235590969,13.779082303484257,14.04450798034668,1761200,0.0,0.0
2005-08-18 00:00:00-04:00,14.009884535259374,14.074509749734789,13.926794470675263,14.007575988769531,847000,0.0,0.0
2005-08-19 00:00:00-04:00,14.065281681442999,14.217613220214844,14.016812755573044,14.217613220214844,1970400,0.0,0.0
2005-08-22 00:00:00-04:00,14.217611918330247,14.344555589393407,14.19914794464551,14.29146957397461,1342200,0.0,0.0
2005-08-23 00:00:00-04:00,14.291468978086453,14.466881563267448,14.279928884958071,14.448416709899902,1683400,0.0,0.0
2005-08-24 00:00:00-04:00,14.448411844193314,14.653829306693005,14.240687596478526,14.242995262145996,2251200,0.0,0.0
2005-08-25 00:00:00-04:00,14.335324530569519,14.494579950668033,14.319168221883558,14.483039855957031,1164800,0.0,0.0
2005-08-26 00:00:00-04:00,14.459957898752245,14.570744379248827,14.3791754847456,14.381484031677246,1153800,0.0,0.0
2005-08-29 00:00:00-04:00,14.289163748371616,14.577670528043514,14.277623653275304,14.538434028625488,1224200,0.0,0.0
2005-08-30 00:00:00-04:00,14.480737410601474,14.575367630077531,14.379182427439684,14.57305908203125,2086000,0.0,0.0
2005-08-31 00:00:00-04:00,14.589213521854905,14.900800553628319,14.53843691725182,14.898493766784668,2361400,0.0,0.0
2005-09-01 00:00:00-04:00,14.7115400680753,15.14083747418133,14.425340916885009,14.967733383178711,4545600,0.0,0.0
2005-09-02 00:00:00-04:00,15.002349569629457,15.094672073008235,14.933107251869052,14.974652290344238,2414600,0.0,0.0
2005-09-06 00:00:00-04:00,15.032860714300794,15.4449423795595,15.032860714300794,15.442615509033203,2023600,0.28,0.0
2005-09-07 00:00:00-04:00,15.35414395609639,15.410020818307421,15.261019404885252,15.34017562866211,1109600,0.0,0.0
2005-09-08 00:00:00-04:00,15.335518433721644,15.377425187676378,15.177204227252286,15.17953109741211,1467200,0.0,0.0
2005-09-09 00:00:00-04:00,15.191176464026762,15.437959758494735,15.179535005283578,15.42632007598877,935400,0.0,0.0
2005-09-12 00:00:00-04:00,15.426317541526197,15.535740841280466,15.347159542799668,15.465895652770996,1305200,0.0,0.0
2005-09-13 00:00:00-04:00,15.50081808236624,15.568334623545011,15.305252622359301,15.312236785888672,1763000,0.0,0.0
2005-09-14 00:00:00-04:00,15.342503580453267,15.417004283790224,15.24704861067695,15.284299850463867,901600,0.0,0.0
2005-09-15 00:00:00-04:00,15.272655918726441,15.575315976113849,15.272655918726441,15.570658683776855,1001800,0.0,0.0
2005-09-16 00:00:00-04:00,15.628866484021485,15.836071641190888,15.507803495206742,15.761570930480957,2574000,0.0,0.0
2005-09-19 00:00:00-04:00,15.796491293536034,15.926868851020666,15.675428321839735,15.756913185119629,1838800,0.0,0.0
2005-09-20 00:00:00-04:00,15.815126416541371,15.940846756681902,15.682421909099347,15.6847505569458,1164000,0.0,0.0
2005-09-21 00:00:00-04:00,15.626537087007204,15.770881191537015,14.481087290829196,14.944389343261719,6835800,0.0,0.0
2005-09-22 00:00:00-04:00,14.900155141007149,14.970000328725384,14.66035605340447,14.818670272827148,2219600,0.0,0.0
2005-09-23 00:00:00-04:00,14.876876444984587,14.965345491205863,14.702265223274058,14.837297439575195,1818000,0.0,0.0
2005-09-26 00:00:00-04:00,14.925763191307826,15.272656890550557,14.90713757324785,15.11434268951416,1752600,0.0,0.0
2005-09-27 00:00:00-04:00,15.191173613342748,15.191173613342748,14.951374528625049,15.039843559265137,1961200,0.0,0.0
2005-09-28 00:00:00-04:00,15.233080645403858,15.365785081879705,14.928093661416908,15.053813934326172,1674600,0.0,0.0
2005-09-29 00:00:00-04:00,15.039837319783926,15.342497302376536,14.921101261845452,15.16090202331543,1849400,0.0,0.0
2005-09-30 00:00:00-04:00,15.223764916797723,15.244719179717404,14.904807890585642,14.983965873718262,2699200,0.0,0.0
2005-10-03 00:00:00-04:00,14.97232709777246,15.098047369072512,14.739513063387903,14.993281364440918,3161400,0.0,0.0
2005-10-04 00:00:00-04:00,15.004920152994284,15.077093982521596,14.758136918204668,14.795387268066406,2699200,0.0,0.0
2005-10-05 00:00:00-04:00,14.760459125916947,14.81167777956054,14.28784446356674,14.3670015335083,2467200,0.0,0.0
2005-10-06 00:00:00-04:00,14.367010502640902,14.567231503848262,14.148164767059063,14.37166690826416,2866600,0.0,0.0
2005-10-07 00:00:00-04:00,14.350712863404304,14.630090971050786,14.283196317167022,14.50437068939209,1308600,0.0,0.0
2005-10-10 00:00:00-04:00,14.457809680833321,14.478763064236446,14.14816622400788,14.201713562011719,2133400,0.0,0.0
2005-10-11 00:00:00-04:00,14.089960376562873,14.23197763308175,13.86412959894312,13.95259952545166,3828400,0.0,0.0
2005-10-12 00:00:00-04:00,13.94096652491355,14.064358226794416,13.45671075702358,13.538196563720703,3844400,0.0,0.0
2005-10-13 00:00:00-04:00,13.421778568216364,13.479982289868442,13.053930621078447,13.174994468688965,3934200,0.0,0.0
2005-10-14 00:00:00-04:00,13.240182745712001,13.56379530560349,13.223885774215189,13.531201362609863,3180600,0.0,0.0
2005-10-17 00:00:00-04:00,13.712800660372844,14.120226815448728,13.624330732311748,14.108585357666016,3259400,0.0,0.0
2005-10-18 00:00:00-04:00,14.108584547562948,14.108584547562948,13.771003606092803,13.87576961517334,2831600,0.0,0.0
2005-10-19 00:00:00-04:00,13.805924479839373,14.101599532703265,13.689517020670207,14.099271774291992,3113400,0.0,0.0
2005-10-20 00:00:00-04:00,14.038746262376113,14.127216223274933,13.78963424900108,13.878104209899902,2097400,0.0,0.0
2005-10-21 00:00:00-04:00,13.994508530472343,14.241291839828449,13.926991973410567,14.238964080810547,2670600,0.0,0.0
2005-10-24 00:00:00-04:00,14.294838217934982,14.755811710190095,14.204039641842956,14.709248542785645,1356800,0.0,0.0
2005-10-25 00:00:00-04:00,14.653363447519787,14.988616445636978,14.578862781271523,14.772099494934082,2241600,0.0,0.0
2005-10-26 00:00:00-04:00,14.667341143162087,14.751154663221975,14.47643296441168,14.513683319091797,4700200,0.0,0.0
2005-10-27 00:00:00-04:00,14.550925453815575,14.564894661973721,14.313454243835144,14.413564682006836,2093400,0.0,0.0
2005-10-28 00:00:00-04:00,14.422881983958579,14.737181716500645,14.411241417590038,14.70226001739502,2768200,0.0,0.0
2005-10-31 00:00:00-05:00,14.786069533102715,14.786069533102715,14.543942783716783,14.641724586486816,2410600,0.0,0.0
2005-11-01 00:00:00-05:00,14.516011912094761,14.571887891385968,14.380979701662067,14.453152656555176,3014200,0.0,0.0
2005-11-02 00:00:00-05:00,14.313458738640648,14.562570589588256,14.155144548938843,14.55093002319336,2959400,0.0,0.0
2005-11-03 00:00:00-05:00,14.574218535372719,14.87222233705694,14.557921556544526,14.84195613861084,3197200,0.0,0.0
2005-11-04 00:00:00-05:00,14.900158568435899,14.923439710951616,14.665015831799979,14.790735244750977,2686600,0.0,0.0
2005-11-07 00:00:00-05:00,14.772105251552503,14.86988708106421,14.5718842999409,14.667338371276855,1508600,0.0,0.0
2005-11-08 00:00:00-05:00,14.597502980838987,14.73719164763177,14.471782647854152,14.518345832824707,2375000,0.0,0.0
2005-11-09 00:00:00-05:00,14.555587005017069,14.653368832356646,14.474101260782431,14.581196784973145,1704400,0.0,0.0
2005-11-10 00:00:00-05:00,14.553263413759977,14.620779968346847,14.192400387143984,14.408918380737305,1630200,0.0,0.0
2005-11-11 00:00:00-05:00,14.408914494487966,14.408914494487966,14.183083749836223,14.231975555419922,807800,0.0,0.0
2005-11-14 00:00:00-05:00,14.043405443323945,14.252939368912013,14.043405443323945,14.136531829833984,926800,0.0,0.0
2005-11-15 00:00:00-05:00,14.122550298579023,14.380974952231773,14.064346579760594,14.325098991394043,2182000,0.0,0.0
2005-11-16 00:00:00-05:00,14.364682159032245,14.592840696571155,14.35071294273122,14.42288589477539,1300800,0.0,0.0
2005-11-17 00:00:00-05:00,14.474101936765534,14.795386748105976,14.464790015716147,14.730198860168457,1515600,0.0,0.0
2005-11-18 00:00:00-05:00,14.744168187871578,14.88152812762484,14.197052634635789,14.415898323059082,4136000,0.0,0.0
2005-11-21 00:00:00-05:00,14.457808332999848,14.60448200314802,14.360026478313447,14.420557975769043,1502400,0.0,0.0
2005-11-22 00:00:00-05:00,14.399603885355399,14.47410459614897,14.243618299668398,14.376322746276855,3721000,0.0,0.0
2005-11-23 00:00:00-05:00,14.371670374332034,14.627767416663803,14.357701154093245,14.555594444274902,1591600,0.0,0.0
2005-11-25 00:00:00-05:00,14.60215049300699,14.639400840667994,14.532305314039057,14.62077522277832,424600,0.0,0.0
2005-11-28 00:00:00-05:00,14.527650049946567,14.655698066747329,14.315788527423605,14.564900398254395,2218000,0.0,0.0
2005-11-29 00:00:00-05:00,14.690616269134257,14.855915482983777,14.66733514003226,14.697601318359375,1902000,0.0,0.0
2005-11-30 00:00:00-05:00,14.604480582950545,14.695278264363697,14.504370091105663,14.602152824401855,1439000,0.0,0.0
2005-12-01 00:00:00-05:00,14.644051530327252,14.874537688995947,14.599816149161223,14.772099494934082,2721600,0.0,0.0
2005-12-02 00:00:00-05:00,14.795391650877852,14.821001440516337,14.67432775593507,14.790735244750977,3248200,0.0,0.0
2005-12-05 00:00:00-05:00,14.744167670818612,15.098045528334525,14.688291705458113,15.088732719421387,2638800,0.0,0.0
2005-12-06 00:00:00-05:00,15.062904326219973,15.283658410661088,15.032375230343145,15.123964309692383,1621800,0.28,0.0
2005-12-07 00:00:00-05:00,15.123961547561803,15.26721660278473,14.936085536598432,15.001842498779297,1226200,0.0,0.0
2005-12-08 00:00:00-05:00,15.01828257431463,15.35410886232197,14.990101529026735,15.26486873626709,1370800,0.0,0.0
2005-12-09 00:00:00-05:00,15.269561669977342,15.433953605064133,15.2038056126299,15.335319519042969,882000,0.0,0.0
2005-12-12 00:00:00-05:00,15.394037187610493,15.490322372668404,15.105178048998848,15.128662109375,1538600,0.0,0.0
2005-12-13 00:00:00-05:00,15.206155420162553,15.429256597670674,15.1779734832456,15.426909446716309,1377400,0.0,0.0
2005-12-14 00:00:00-05:00,15.433954432918181,15.52554348795313,15.24607843751823,15.396378517150879,2361600,0.0,0.0
2005-12-15 00:00:00-05:00,15.499712408044486,15.821449507593766,15.457440393444715,15.6359224319458,3079800,0.0,0.0
2005-12-16 00:00:00-05:00,15.642971867223881,15.870771021518946,15.593654801611393,15.617138862609863,4000400,0.0,0.0
2005-12-19 00:00:00-05:00,15.617136769254735,15.617136769254735,15.283658489307212,15.297748565673828,2396600,0.0,0.0
2005-12-20 00:00:00-05:00,15.321235490349531,15.497368644764355,15.267222326358347,15.473884582519531,2879200,0.0,0.0
2005-12-21 00:00:00-05:00,15.612444099541698,15.664108321460011,15.262524931440336,15.283661842346191,1678000,0.0,0.0
2005-12-22 00:00:00-05:00,15.440998520273622,15.577208518981934,15.276608378189916,15.577208518981934,1789200,0.0,0.0
2005-12-23 00:00:00-05:00,15.593655674353402,15.675850788307823,15.581912747337439,15.647668838500977,1973400,0.0,0.0
2005-12-27 00:00:00-05:00,15.600696064951123,15.631225157688371,15.347063967427829,15.469183921813965,4319200,0.0,0.0
2005-12-28 00:00:00-05:00,15.469192169082763,15.530250387109932,15.412828256215262,15.506766319274902,2362600,0.0,0.0
2005-12-29 00:00:00-05:00,15.483277011490827,15.572517155750528,15.302447779467006,15.316537857055664,1661200,0.0,0.0
2005-12-30 00:00:00-05:00,15.253129871488554,15.288356859366253,15.128662733810506,15.257827758789062,1209400,0.0,0.0
2006-01-03 00:00:00-05:00,15.382291936387663,15.6547120123853,15.154492822563116,15.645318031311035,2204400,0.0,0.0
2006-01-04 00:00:00-05:00,15.675844394030255,15.734555421723252,15.36115414562061,15.671148300170898,2082200,0.0,0.0
2006-01-05 00:00:00-05:00,15.711076059561703,15.72047004180338,15.534942923897825,15.584259986877441,1473200,0.0,0.0
2006-01-06 00:00:00-05:00,15.694632358418877,15.87781047821045,15.56546738076155,15.87781047821045,1127000,0.0,0.0
2006-01-09 00:00:00-05:00,15.793273306330894,15.875468422443804,15.673502256155423,15.840241432189941,3484200,0.0,0.0
2006-01-10 00:00:00-05:00,15.769782152167485,15.769782152167485,15.551377060867237,15.765084266662598,1358000,0.0,0.0
2006-01-11 00:00:00-05:00,15.734561129379527,15.753349095068964,15.560776926049796,15.640623092651367,1537200,0.0,0.0
2006-01-12 00:00:00-05:00,15.633577270092216,15.708727337365378,15.556078259295818,15.664106369018555,1302400,0.0,0.0
2006-01-13 00:00:00-05:00,15.288357212708492,16.060994853348607,15.288357212708492,16.009328842163086,1509200,0.0,0.0
2006-01-17 00:00:00-05:00,15.81910830845944,16.32167484376442,15.81910830845944,16.307584762573242,2068800,0.0,0.0
2006-01-18 00:00:00-05:00,16.293484048358614,16.56120619603368,16.23712196245818,16.46257209777832,2783200,0.0,0.0
2006-01-19 00:00:00-05:00,16.41560066523409,16.533022698902837,16.347495670700056,16.509538650512695,3149200,0.0,0.0
2006-01-20 00:00:00-05:00,16.537722256928852,16.718553230029094,16.434392064018564,16.54946517944336,2272000,0.0,0.0
2006-01-23 00:00:00-05:00,16.59644341219736,16.73265351291164,16.533036250399753,16.648109436035156,2115400,0.0,0.0
2006-01-24 00:00:00-05:00,16.601134079396306,16.779614349191824,16.439091037250556,16.725601196289062,2561800,0.0,0.0
2006-01-25 00:00:00-05:00,16.61992563933195,17.014464023824186,16.43909636764436,16.46962547302246,2238400,0.0,0.0
2006-01-26 00:00:00-05:00,16.65044481027322,16.671579916407566,16.267647832027194,16.356889724731445,2486400,0.0,0.0
2006-01-27 00:00:00-05:00,16.396810873778115,16.77725886528213,16.335750921426595,16.41794776916504,3245600,0.0,0.0
2006-01-30 00:00:00-05:00,16.331063031502506,16.403864147440885,16.068036928409615,16.159626007080078,2158200,0.0,0.0
2006-01-31 00:00:00-05:00,16.2042475792125,16.455530767105447,16.093870533664592,16.349851608276367,2120400,0.0,0.0
2006-02-01 00:00:00-05:00,16.298184697271672,16.43439473703313,16.100914675596684,16.347501754760742,1760400,0.0,0.0
2006-02-02 00:00:00-05:00,16.15727568450312,16.2629548186227,15.915384743168245,16.023414611816406,2194000,0.0,0.0
2006-02-03 00:00:00-05:00,16.023415321485604,16.075079523569283,15.718117244501158,15.910689353942871,1335400,0.0,0.0
2006-02-06 00:00:00-05:00,15.840240684912896,16.032812858600877,15.830848493559493,15.952966690063477,1865400,0.0,0.0
2006-02-07 00:00:00-05:00,15.905993577367221,15.905993577367221,15.647663603199383,15.753344535827637,1498000,0.0,0.0
2006-02-08 00:00:00-05:00,15.758039803841775,15.758039803841775,15.527893573836847,15.539634704589844,1362600,0.0,0.0
2006-02-09 00:00:00-05:00,15.7439564849558,15.957663790219673,15.441007230745518,15.77448558807373,2307200,0.0,0.0
2006-02-10 00:00:00-05:00,15.790923662336432,16.164326875719645,15.767439600448217,16.009328842163086,2425600,0.0,0.0
2006-02-13 00:00:00-05:00,15.955311241477798,16.04690031157231,15.924780356967245,15.971750259399414,1281000,0.0,0.0
2006-02-14 00:00:00-05:00,15.969407490184917,16.044557571411133,15.596006028013193,16.044557571411133,2441600,0.0,0.0
2006-02-15 00:00:00-05:00,16.044557863683842,16.25591803089505,15.89425769849349,16.03516387939453,1279800,0.0,0.0
2006-02-16 00:00:00-05:00,15.995243855996488,16.03986484199404,15.797973731545946,15.88251781463623,1157200,0.0,0.0
2006-02-17 00:00:00-05:00,15.847281194695794,16.004626317028492,15.776827245615124,16.002277374267578,1913800,0.0,0.0
2006-02-21 00:00:00-05:00,16.011675032626194,16.251215289447064,15.95531293544224,16.154930114746094,2065400,0.0,0.0
2006-02-22 00:00:00-05:00,16.28878833131782,16.32636245888139,16.225379415459027,16.27469825744629,1174400,0.0,0.0
2006-02-23 00:00:00-05:00,16.251210157269895,16.474313115686066,16.190151984485773,16.314619064331055,1620000,0.0,0.0
2006-02-24 00:00:00-05:00,16.314620549785708,16.356892561102633,16.24886448589679,16.298181533813477,1050400,0.0,0.0
2006-02-27 00:00:00-05:00,16.298179125396306,16.67392928617782,16.298179125396306,16.582340240478516,1364600,0.0,0.0
2006-02-28 00:00:00-05:00,16.474315623202102,16.509542600073647,16.11970049500723,16.295833587646484,4234600,0.0,0.0
2006-03-01 00:00:00-05:00,16.25121658465766,16.25121658465766,16.04455435069982,16.1431884765625,2308000,0.0,0.0
2006-03-02 00:00:00-05:00,16.0281052397843,16.248859203982303,15.863715133499266,16.192495346069336,1972600,0.0,0.0
2006-03-03 00:00:00-05:00,16.14553055236247,16.439085653314514,16.122046502629935,16.32870864868164,1703600,0.0,0.0
2006-03-06 00:00:00-05:00,16.31450099348158,16.31450099348158,15.753319407017555,15.776997566223145,1538200,0.285,0.0
2006-03-07 00:00:00-05:00,15.734385062666844,15.791214844759084,15.61362584041057,15.753328323364258,1186400,0.0,0.0
2006-03-08 00:00:00-05:00,15.71307015594585,15.980636852083176,15.43129511562666,15.864612579345703,1498800,0.0,0.0
2006-03-09 00:00:00-05:00,15.911973618874287,15.956963410131369,15.6751882864117,15.701234817504883,785400,0.0,0.0
2006-03-10 00:00:00-05:00,15.724912625051523,16.072985498233763,15.701232649851457,15.97590446472168,1212200,0.0,0.0
2006-03-13 00:00:00-05:00,16.006681954235464,16.006681954235464,15.836196291415988,15.900129318237305,903400,0.0,0.0
2006-03-14 00:00:00-05:00,15.890662163869601,16.13691910096477,15.862247276560282,16.103769302368164,1343600,0.0,0.0
2006-03-15 00:00:00-05:00,16.07772090739691,16.13928558615538,15.9025003056533,16.08719253540039,999600,0.0,0.0
2006-03-16 00:00:00-05:00,16.14875578666937,16.321609840365532,16.106134362917466,16.172435760498047,934800,0.0,0.0
2006-03-17 00:00:00-05:00,16.25531616576356,16.274259429109936,15.840941764338927,16.07299041748047,1852600,0.0,0.0
2006-03-20 00:00:00-05:00,16.120340938477614,16.136915834420716,15.859877513716826,15.893027305603027,1119400,0.0,0.0
2006-03-21 00:00:00-05:00,15.852778730116949,15.876458710743684,15.563902115676958,15.627833366394043,1100400,0.0,0.0
2006-03-22 00:00:00-05:00,15.618355689688896,15.900130730008085,15.568631001372836,15.864612579345703,966800,0.0,0.0
2006-03-23 00:00:00-05:00,15.881188891867929,15.928545225955945,15.779371147703179,15.829095840454102,2588200,0.0,0.0
2006-03-24 00:00:00-05:00,15.769902780702479,15.90960706625034,15.696499905728269,15.701234817504883,911800,0.0,0.0
2006-03-27 00:00:00-05:00,15.48812466392,15.701229951874476,15.450238155332794,15.48338794708252,1089200,0.0,0.0
2006-03-28 00:00:00-05:00,15.485763977258827,15.649144658528664,15.298703313126673,15.395784378051758,1742400,0.0,0.0
2006-03-29 00:00:00-05:00,15.436038143786659,15.575740638575793,15.38394507571989,15.533119201660156,984600,0.0,0.0
2006-03-30 00:00:00-05:00,15.414712562177376,15.509426981384419,15.147145998955224,15.279745101928711,1616200,0.0,0.0
2006-03-31 00:00:00-05:00,15.291594898372075,15.343687952703979,15.161362262542319,15.16373062133789,1580000,0.0,0.0
2006-04-03 00:00:00-04:00,15.118739356427023,15.381571154616994,15.099797004238413,15.14478588104248,2617000,0.0,0.0
2006-04-04 00:00:00-04:00,15.130584511986964,15.353161516749829,15.073755629477628,15.28449535369873,3423000,0.0,0.0
2006-04-05 00:00:00-04:00,15.272649554790712,15.542584611701967,15.137682026335085,15.497594833374023,2354800,0.0,0.0
2006-04-06 00:00:00-04:00,15.457338835327258,15.485753712008853,15.147150775963247,15.208715438842773,1162000,0.0,0.0
2006-04-07 00:00:00-04:00,15.201618730185286,15.27028669839104,14.79434854286599,14.806187629699707,3080800,0.0,0.0
2006-04-10 00:00:00-04:00,14.789607927266406,14.97193269577527,14.739883236745115,14.822757720947266,1677600,0.0,0.0
2006-04-11 00:00:00-04:00,14.870112921613767,14.91747015036296,14.62622441296184,14.675949096679688,1102600,0.0,0.0
2006-04-12 00:00:00-04:00,14.683053983965914,14.718572135260436,14.550454812763133,14.699629783630371,1847200,0.0,0.0
2006-04-13 00:00:00-04:00,14.616752764224312,14.678317432483391,14.498360144164245,14.550453186035156,2985200,0.0,0.0
2006-04-17 00:00:00-04:00,14.514933201518964,14.621486726739073,14.439162006532198,14.517301559448242,1229200,0.0,0.0
2006-04-18 00:00:00-04:00,14.484157495260177,15.002717920727644,14.484157495260177,14.964832305908203,2388600,0.0,0.0
2006-04-19 00:00:00-04:00,14.950624740911962,15.106903013688369,14.91747494112065,15.014556884765625,1027000,0.0,0.0
2006-04-20 00:00:00-04:00,15.002719111403945,15.208723005144243,14.976672579786364,15.099801063537598,2617600,0.0,0.0
2006-04-21 00:00:00-04:00,15.11874056152168,15.154258716694615,14.924576693975165,14.974302291870117,1918800,0.0,0.0
2006-04-24 00:00:00-04:00,14.917467882960699,15.755687723643724,14.867743206800826,15.651501655578613,2462800,0.0,0.0
2006-04-25 00:00:00-04:00,15.63967330317134,15.63967330317134,15.346058164470636,15.426566123962402,2022400,0.0,0.0
2006-04-26 00:00:00-04:00,15.213452652259756,15.320005294528142,14.661742573871756,14.692524909973145,7857600,0.0,0.0
2006-04-27 00:00:00-04:00,14.56229757891496,15.052443132480708,14.500733791464798,14.912739753723145,5856000,0.0,0.0
2006-04-28 00:00:00-04:00,14.889060790333657,14.964832018517397,14.756460689379965,14.846439361572266,3233800,0.0,0.0
2006-05-01 00:00:00-04:00,14.704368287226524,14.92694707030153,14.652276130066605,14.67358684539795,3633600,0.0,0.0
2006-05-02 00:00:00-04:00,14.72804686855293,15.052442499279168,14.72804686855293,15.014556884765625,3734000,0.0,0.0
2006-05-03 00:00:00-04:00,14.96482956093208,15.118739447726467,14.922208139170154,15.040600776672363,4658800,0.0,0.0
2006-05-04 00:00:00-04:00,15.106905387163815,15.284495305723908,15.085594669197759,15.19214916229248,2558000,0.0,0.0
2006-05-05 00:00:00-04:00,15.355525055729368,15.492860951776972,15.322375261032128,15.464446067810059,2203600,0.0,0.0
2006-05-08 00:00:00-04:00,15.367371289063467,15.443142537247335,15.104539376747445,15.395784378051758,2528400,0.0,0.0
2006-05-09 00:00:00-04:00,15.431298108542613,15.431298108542613,15.289227284866492,15.334217071533203,2895400,0.0,0.0
2006-05-10 00:00:00-04:00,15.308163538507744,15.464440831084772,15.230023988955374,15.462074279785156,5665200,0.0,0.0
2006-05-11 00:00:00-04:00,15.450238263560285,15.485756413977553,15.016920802831603,15.149520874023438,3908400,0.0,0.0
2006-05-12 00:00:00-04:00,15.095064462204697,15.156629152506026,14.799082806083035,14.836968421936035,3677400,0.0,0.0
2006-05-15 00:00:00-04:00,14.83696470348276,15.00745038372615,14.680686464347687,14.858275413513184,6514400,0.0,0.0
2006-05-16 00:00:00-04:00,14.851177862041743,14.941155647242022,14.704370290529695,14.803820610046387,2102400,0.0,0.0
2006-05-17 00:00:00-04:00,14.680695286267078,14.787248900449365,14.308942268214713,14.361035346984863,3129800,0.0,0.0
2006-05-18 00:00:00-04:00,14.176332073078617,14.64043183019473,14.176332073078617,14.550453186035156,6482400,0.0,0.0
2006-05-19 00:00:00-04:00,14.609652197455366,14.730412294809556,13.97033175026498,14.562294960021973,5945000,0.0,0.0
2006-05-22 00:00:00-04:00,14.45574140161288,14.683055057376162,14.441534862667783,14.562294960021973,2522200,0.0,0.0
2006-05-23 00:00:00-04:00,14.564663330213806,14.905634738538911,14.550456790376415,14.57887077331543,3888800,0.0,0.0
2006-05-24 00:00:00-04:00,14.538615443548125,14.694893680288573,14.235529694063553,14.635697364807129,5105600,0.0,0.0
2006-05-25 00:00:00-04:00,14.692531890004235,14.79671802991606,14.567035934126258,14.794349670410156,2539800,0.0,0.0
2006-05-26 00:00:00-04:00,14.881955943171432,15.092695621738137,14.728046038066973,15.090327262878418,1876600,0.0,0.0
2006-05-30 00:00:00-04:00,15.083217756973802,15.083217756973802,14.79907532998531,14.841696739196777,1879000,0.0,0.0
2006-05-31 00:00:00-04:00,14.881955943171432,15.173202660947819,14.877221031980493,15.090327262878418,4944400,0.0,0.0
2006-06-01 00:00:00-04:00,15.09269329342966,15.620724329657756,15.071382583300988,15.606517791748047,9591800,0.0,0.0
2006-06-02 00:00:00-04:00,15.606523777199898,15.874090580777189,15.514175825784625,15.871722221374512,6141000,0.0,0.0
2006-06-05 00:00:00-04:00,15.817252424053175,16.013782771334554,15.710697997836391,15.776997566223145,3575200,0.0,0.0
2006-06-06 00:00:00-04:00,15.777004691985876,15.777004691985876,15.38293926042887,15.616990089416504,3271400,0.285,0.0
2006-06-07 00:00:00-04:00,15.643264478638336,15.831939184897278,15.571615210194885,15.588333129882812,3985400,0.0,0.0
2006-06-08 00:00:00-04:00,15.499960730937831,15.7961073833722,15.447418200868752,15.597879409790039,4242200,0.0,0.0
2006-06-09 00:00:00-04:00,15.559672979040181,15.846266373563402,15.53340170529531,15.788948059082031,4001200,0.0,0.0
2006-06-12 00:00:00-04:00,15.631316612182212,15.956123352050781,15.616987492578456,15.956123352050781,3468000,0.0,0.0
2006-06-13 00:00:00-04:00,15.92984899051746,16.082698976987984,15.750727741798977,15.867754936218262,3587800,0.0,0.0
2006-06-14 00:00:00-04:00,15.917909951333728,15.917909951333728,15.332779398380415,15.590714454650879,4368800,0.0,0.0
2006-06-15 00:00:00-04:00,15.583550837375443,15.808050083856841,15.495183686243953,15.691022872924805,2070200,0.0,0.0
2006-06-16 00:00:00-04:00,15.714907975767403,15.853427049974718,15.533397898589232,15.605045318603516,2744400,0.0,0.0
2006-06-19 00:00:00-04:00,15.667138978611582,15.667138978611582,15.218142348522834,15.232471466064453,1874200,0.0,0.0
2006-06-20 00:00:00-04:00,15.428317721697292,15.745960001954794,15.36383484102526,15.74118423461914,7221600,0.0,0.0
2006-06-21 00:00:00-04:00,15.74117532721942,15.796104820020906,15.595489907347794,15.702961921691895,3131000,0.0,0.0
2006-06-22 00:00:00-04:00,15.695802244022099,15.97761982000976,15.504738801207536,15.905970573425293,6041000,0.0,0.0
2006-06-23 00:00:00-04:00,15.839098284344855,16.0803154613166,15.808051250523128,15.910747528076172,2519800,0.0,0.0
2006-06-26 00:00:00-04:00,15.929848273908261,15.996721734331913,15.85103631282534,15.922683715820312,1833800,0.0,0.0
2006-06-27 00:00:00-04:00,15.92985584847989,16.04449429874357,15.662369168058559,15.669533729553223,3532400,0.0,0.0
2006-06-28 00:00:00-04:00,15.810443809507406,15.839103881550992,15.593110851722509,15.640875816345215,3488000,0.0,0.0
2006-06-29 00:00:00-04:00,15.662362891845877,15.702963272123847,15.459359168340404,15.643256187438965,3250800,0.0,0.0
2006-06-30 00:00:00-04:00,15.643258001719497,15.800885598184484,15.557279644032384,15.791332244873047,3372000,0.0,0.0
2006-07-03 00:00:00-04:00,15.841491927043803,16.04449575026222,15.69102883357831,16.030166625976562,758400,0.0,0.0
2006-07-05 00:00:00-04:00,15.977616149446693,16.120912787579837,15.85103742206049,15.908355712890625,2172400,0.0,0.0
2006-07-06 00:00:00-04:00,15.90836185445819,15.92269097716871,15.73879388795723,15.848654747009277,2026000,0.0,0.0
2006-07-07 00:00:00-04:00,15.841490160035978,16.018222687606393,15.81044129805831,15.915526390075684,1844200,0.0,0.0
2006-07-10 00:00:00-04:00,15.939408868593365,16.06598764464176,15.834325598692304,15.915526390075684,3303400,0.0,0.0
2006-07-11 00:00:00-04:00,15.905964809262958,16.159124052567286,15.882082343094913,16.154346466064453,3521800,0.0,0.0
2006-07-12 00:00:00-04:00,16.108973846493765,16.204505564959003,15.977619327955534,15.996726036071777,1956400,0.0,0.0
2006-07-13 00:00:00-04:00,15.984783721686023,16.197340836449143,15.94418333394834,16.027772903442383,3787400,0.0,0.0
2006-07-14 00:00:00-04:00,15.977619941103445,16.156741236806138,15.953737466099627,16.075538635253906,2405000,0.0,0.0
2006-07-17 00:00:00-04:00,16.09464752375351,16.326311389107772,16.075540812316472,16.214061737060547,3416800,0.0,0.0
2006-07-18 00:00:00-04:00,16.194953363893543,16.25227349232315,16.0874813117912,16.185400009155273,2444800,0.0,0.0
2006-07-19 00:00:00-04:00,16.175848534394607,16.397959022034563,16.156741824849725,16.285709381103516,2267000,0.0,0.0
2006-07-20 00:00:00-04:00,16.309589063594316,16.45766330403196,16.285706591811675,16.321529388427734,2486000,0.0,0.0
2006-07-21 00:00:00-04:00,16.507819587516472,16.581855808096474,16.323920699983073,16.44811248779297,6323000,0.0,0.0
2006-07-24 00:00:00-04:00,16.47916409680303,16.622460811482345,16.395574498416476,16.52931785583496,2559400,0.0,0.0
2006-07-25 00:00:00-04:00,16.543644817243003,16.658283267265052,16.522151132804314,16.57469367980957,5382600,0.0,0.0
2006-07-26 00:00:00-04:00,16.598572567762975,16.691715491078988,16.5030408504318,16.61290168762207,4793000,0.0,0.0
2006-07-27 00:00:00-04:00,16.670222915166786,16.691716596378704,16.302426963462235,16.331085205078125,4514600,0.0,0.0
2006-07-28 00:00:00-04:00,16.300034993837926,16.60095922699349,16.300034993837926,16.491098403930664,5380800,0.0,0.0
2006-07-31 00:00:00-04:00,16.45527648163505,16.68455151802501,16.08270295314985,16.104198455810547,8625600,0.0,0.0
2006-08-01 00:00:00-04:00,16.116146460615973,16.627239256607353,16.003896784671912,16.577085494995117,7113600,0.0,0.0
2006-08-02 00:00:00-04:00,16.610520998040407,16.71799308186287,16.550813879890896,16.605743408203125,3747000,0.0,0.0
2006-08-03 00:00:00-04:00,16.574692365448144,16.58902148727098,16.149578078286098,16.199731826782227,12754600,0.0,0.0
2006-08-04 00:00:00-04:00,16.288094807018823,16.364519815827393,15.261133865035886,15.523844718933105,30810200,0.0,0.0
2006-08-07 00:00:00-04:00,15.953735346383226,16.345413715176246,15.882086108775512,16.003889083862305,33113000,0.0,0.0
2006-08-08 00:00:00-04:00,16.092259580813664,16.19734467716163,16.015834553137793,16.06121253967285,3871600,0.0,0.0
2006-08-09 00:00:00-04:00,16.097037169983874,16.228391718302444,16.049270388863714,16.06121253967285,3468800,0.0,0.0
2006-08-10 00:00:00-04:00,16.120917465657588,16.204507043648878,16.04449244833467,16.173460006713867,5065200,0.0,0.0
2006-08-11 00:00:00-04:00,16.149578300679362,16.29526378160509,16.118529440147377,16.237943649291992,3760000,0.0,0.0
2006-08-14 00:00:00-04:00,16.288101397883032,16.536483232545816,16.25705435184394,16.493494033813477,3251000,0.0,0.0
2006-08-15 00:00:00-04:00,16.598570419977314,16.777691683502248,16.52930997942712,16.725149154663086,3547400,0.0,0.0
2006-08-16 00:00:00-04:00,16.737097338108622,16.777697735177632,16.50304466761622,16.54603385925293,2373600,0.0,0.0
2006-08-17 00:00:00-04:00,16.486327802881735,16.670226731896605,16.276159420409805,16.665449142456055,8911200,0.0,0.0
2006-08-18 00:00:00-04:00,16.682167749413974,17.150271317490425,16.663061035096593,17.03085708618164,14586800,0.0,0.0
2006-08-21 00:00:00-04:00,16.968749472396805,17.2362359711661,16.904264818504128,17.076221466064453,3582200,0.0,0.0
2006-08-22 00:00:00-04:00,17.123989990943517,17.34132463899004,17.100107523121444,17.238628387451172,5563000,0.0,0.0
2006-08-23 00:00:00-04:00,17.07623424905605,17.19564847457392,16.956820023538175,17.100116729736328,2469600,0.0,0.0
2006-08-24 00:00:00-04:00,17.100110759827455,17.200418236935647,17.07861708135392,17.195642471313477,1797800,0.0,0.0
2006-08-25 00:00:00-04:00,17.183702498272194,17.221915916547935,16.909051298408603,17.06667709350586,4953600,0.0,0.0
2006-08-28 00:00:00-04:00,16.949646790978797,17.114438920971565,16.83262142002805,16.997411727905273,9889600,0.0,0.0
2006-08-29 00:00:00-04:00,16.956818192823526,16.97592490415152,16.495879259204376,16.93293571472168,9709000,0.0,0.0
2006-08-30 00:00:00-04:00,16.20449975450115,16.47915266331276,16.080309840508374,16.37884521484375,11899600,0.0,0.0
2006-08-31 00:00:00-04:00,16.288101038041447,16.76337100855937,16.28093647543045,16.722768783569336,3577200,0.0,0.0
2006-09-01 00:00:00-04:00,16.696498947318705,16.746652706568696,16.393185774847407,16.39557456970215,8937200,0.0,0.0
2006-09-05 00:00:00-04:00,16.371689346893437,16.529315160704577,16.302428884632867,16.514986038208008,3221200,0.0,0.0
2006-09-06 00:00:00-04:00,16.471641392713636,16.493313722703732,16.33437779099356,16.382539749145508,2655200,0.285,0.0
2006-09-07 00:00:00-04:00,16.291026808294042,16.495717829973007,16.291026808294042,16.4066162109375,3624800,0.0,0.0
2006-09-08 00:00:00-04:00,16.418661479463687,16.512578580184925,16.194704892222077,16.245275497436523,2079200,0.0,0.0
2006-09-11 00:00:00-04:00,16.230826194261926,16.368089781324638,16.062255684208647,16.148948669433594,2353000,0.0,0.0
2006-09-12 00:00:00-04:00,16.194701080703997,16.23082345800152,15.891275683569413,15.92980670928955,2678400,0.0,0.0
2006-09-13 00:00:00-04:00,15.857558774775177,15.992415500492386,15.701029729381666,15.92739486694336,2851800,0.0,0.0
2006-09-14 00:00:00-04:00,16.021315139484233,16.08633578607186,15.831072333827018,15.92980670928955,3437400,0.0,0.0
2006-09-15 00:00:00-04:00,14.872636693561295,15.113450118071635,14.829291122289321,14.930432319641113,26254000,0.0,0.0
2006-09-18 00:00:00-04:00,14.84855375135736,15.00508282400351,14.747412567405217,14.79075813293457,7160400,0.0,0.0
2006-09-19 00:00:00-04:00,14.773905689021708,14.90394518040575,14.747416979559448,14.810028076171875,8366400,0.0,0.0
2006-09-20 00:00:00-04:00,14.834112630339302,14.887091899293235,14.735379122781046,14.785950660705566,5843000,0.0,0.0
2006-09-21 00:00:00-04:00,14.773901909790963,14.800391531107525,14.561986776518928,14.634230613708496,5404400,0.0,0.0
2006-09-22 00:00:00-04:00,14.605330335006125,14.810021319119167,14.569207964336742,14.677574157714844,4446000,0.0,0.0
2006-09-25 00:00:00-04:00,14.78112473544608,14.858184939457031,14.682391291642665,14.778716087341309,3178600,0.0,0.0
2006-09-26 00:00:00-04:00,14.88227148797833,14.968964479648742,14.769089787635686,14.8654146194458,2525800,0.0,0.0
2006-09-27 00:00:00-04:00,14.81724398084523,15.03397634646601,14.814836251729425,14.95932388305664,3017600,0.0,0.0
2006-09-28 00:00:00-04:00,14.976185448234412,15.024348313352778,14.73055566289796,14.841330528259277,3452800,0.0,0.0
2006-09-29 00:00:00-04:00,14.841328152335752,14.841328152335752,14.658309477911162,14.735369682312012,4582000,0.0,0.0
2006-10-02 00:00:00-04:00,14.725739344067271,14.759453072094228,14.59810762115498,14.614964485168457,2992600,0.0,0.0
2006-10-03 00:00:00-04:00,14.612551453816074,14.648673817099409,14.496961177391203,14.566797256469727,4867400,0.0,0.0
2006-10-04 00:00:00-04:00,14.525865215405311,14.593292678089687,14.422315372779854,14.545130729675293,5292400,0.0,0.0
2006-10-05 00:00:00-04:00,14.51623470353329,14.59329493527176,14.448807230419732,14.525867462158203,2019800,0.0,0.0
2006-10-06 00:00:00-04:00,14.46565931751056,14.487332557937972,14.333212145400884,14.371742248535156,1915600,0.0,0.0
2006-10-09 00:00:00-04:00,14.374151618360024,14.39823350971083,14.321173294648702,14.340437889099121,1273600,0.0,0.0
2006-10-10 00:00:00-04:00,14.292280053111444,14.378973055212851,14.236893061464555,14.3572998046875,2014800,0.0,0.0
2006-10-11 00:00:00-04:00,14.328397322277928,14.429538509492678,14.321173214228365,14.383784294128418,2509400,0.0,0.0
2006-10-12 00:00:00-04:00,14.400638471661464,14.492147803945558,14.357291994191634,14.465658187866211,2212200,0.0,0.0
2006-10-13 00:00:00-04:00,14.44880484656339,14.629414907145431,14.38378511451822,14.617374420166016,5363600,0.0,0.0
2006-10-16 00:00:00-04:00,14.663131137726461,14.701661253806883,14.564397657855977,14.643866539001465,1980400,0.0,0.0
2006-10-17 00:00:00-04:00,14.593294056135662,14.672762932058172,14.593294056135662,14.636640548706055,2840800,0.0,0.0
2006-10-18 00:00:00-04:00,14.677579529585541,14.75463975782891,14.660722662071704,14.689620018005371,4832800,0.0,0.0
2006-10-19 00:00:00-04:00,14.629415163139484,14.723332249304718,14.617374675949376,14.64145565032959,3738000,0.0,0.0
2006-10-20 00:00:00-04:00,14.728149133216254,14.7666792447247,14.655905288966705,14.711292266845703,2225000,0.0,0.0
2006-10-23 00:00:00-04:00,14.689624605158604,14.853377870968858,14.586074718877688,14.761868476867676,3302400,0.0,0.0
2006-10-24 00:00:00-04:00,14.754643511243062,14.766684002725857,14.614971237876924,14.718521118164062,2019200,0.0,0.0
2006-10-25 00:00:00-04:00,14.7618552796872,14.966547138269696,14.75222252710288,14.879854202270508,3293000,0.0,0.0
2006-10-26 00:00:00-04:00,14.860592668931709,14.8702254240906,14.69924815385568,14.778716087341309,2200000,0.0,0.0
2006-10-27 00:00:00-04:00,14.76186008651127,14.79075743504407,14.60773966949614,14.653493881225586,1974800,0.0,0.0
2006-10-30 00:00:00-05:00,14.740189407404705,14.740189407404705,14.612558587124052,14.66553783416748,2782400,0.0,0.0
2006-10-31 00:00:00-05:00,14.701659202575684,14.740189313280238,14.624598981166574,14.701659202575684,3932600,0.0,0.0
2006-11-01 00:00:00-05:00,14.83410625724998,15.07010421649217,14.749821927970835,14.7811279296875,3021400,0.0,0.0
2006-11-02 00:00:00-05:00,14.759451495653618,14.860592668931709,14.701655883330357,14.778716087341309,1867800,0.0,0.0
2006-11-03 00:00:00-05:00,14.778725349645438,14.83170461759307,14.590891099475716,14.761868476867676,2404600,0.0,0.0
2006-11-06 00:00:00-05:00,14.82206114647469,14.923203228690063,14.713694957897506,14.870223999023438,3599000,0.0,0.0
2006-11-07 00:00:00-05:00,14.882275519064951,15.11104854935503,14.875051407345804,15.036396026611328,4757600,0.0,0.0
2006-11-08 00:00:00-05:00,15.043615589009027,15.282020375393973,15.024350073252887,15.221817016601562,2526800,0.0,0.0
2006-11-09 00:00:00-05:00,15.267567184665769,15.269974914035929,15.12548726744492,15.15438461303711,2358800,0.0,0.0
2006-11-10 00:00:00-05:00,15.214589623420466,15.310915344148437,15.15438627762302,15.277200698852539,3926800,0.0,0.0
2006-11-13 00:00:00-05:00,15.243490250191174,15.551732071627809,15.243490250191174,15.530057907104492,3972000,0.0,0.0
2006-11-14 00:00:00-05:00,15.583038375315166,15.732343378088794,15.515610902211222,15.70103645324707,5505000,0.0,0.0
2006-11-15 00:00:00-05:00,15.773274421691895,15.81180543956864,15.727519297278272,15.773274421691895,6661400,0.0,0.0
2006-11-16 00:00:00-05:00,15.819030812472384,15.951477063191343,15.77809114338597,15.78290843963623,2322800,0.0,0.0
2006-11-17 00:00:00-05:00,15.770871301303272,15.804585035131746,15.657688693195949,15.7130765914917,2052400,0.0,0.0
2006-11-20 00:00:00-05:00,15.737151261665694,15.794945948319183,15.645642854692674,15.679356575012207,1256600,0.0,0.0
2006-11-21 00:00:00-05:00,15.652872536053929,15.713075891961829,15.539689932985379,15.583036422729492,2427000,0.0,0.0
2006-11-22 00:00:00-05:00,15.63120218501989,15.741976153416896,15.59026250151118,15.715486526489258,2793400,0.0,0.0
2006-11-24 00:00:00-05:00,15.676953817560747,15.802177829164142,15.650464193462362,15.746789932250977,589800,0.0,0.0
2006-11-27 00:00:00-05:00,15.766050170481572,15.782907031332952,15.645643496611708,15.691398620605469,2208800,0.0,0.0
2006-11-28 00:00:00-05:00,15.691396577756985,15.903311634765304,15.655274212846754,15.7347412109375,2474600,0.0,0.0
2006-11-29 00:00:00-05:00,15.79735569280701,16.19228944733268,15.778090183498419,16.163393020629883,2900200,0.0,0.0
2006-11-30 00:00:00-05:00,16.163390425630965,16.245266071157374,16.10077844906031,16.187471389770508,2453600,0.0,0.0
2006-12-01 00:00:00-05:00,16.242860582508513,16.274167495512366,16.055026453526004,16.18265724182129,1924400,0.0,0.0
2006-12-04 00:00:00-05:00,16.21155658997218,16.365677005448518,16.201923834347372,16.30788230895996,2394200,0.0,0.0
2006-12-05 00:00:00-05:00,16.331964906630866,16.39939236546238,16.23323236684485,16.291027069091797,2405000,0.0,0.0
2006-12-06 00:00:00-05:00,16.29588973943446,16.32988995805114,16.089459311298054,16.091888427734375,1896800,0.285,0.0
2006-12-07 00:00:00-05:00,16.125882063712705,16.14773854409885,15.980166635855172,16.089452743530273,2237000,0.0,0.0
2006-12-08 00:00:00-05:00,16.113738996361214,16.133168214966986,15.955879837715802,16.05788230895996,1450400,0.0,0.0
2006-12-11 00:00:00-05:00,16.0894570108868,16.16231567057574,16.053027681042334,16.118600845336914,1467200,0.0,0.0
2006-12-12 00:00:00-05:00,16.167170247403135,16.203599573186096,15.985025471360794,16.040884017944336,2329600,0.0,0.0
2006-12-13 00:00:00-05:00,16.08701848745924,16.15259161340808,16.062732899388838,16.09673309326172,1228400,0.0,0.0
2006-12-14 00:00:00-05:00,16.130741193976387,16.29345675196549,16.113741088706966,16.242456436157227,1242400,0.0,0.0
2006-12-15 00:00:00-05:00,16.407605554853273,16.407605554853273,16.19874600332141,16.344463348388672,3935000,0.0,0.0
2006-12-18 00:00:00-05:00,16.35660696022607,16.405180031358462,16.19146222412236,16.215747833251953,1554600,0.0,0.0
2006-12-19 00:00:00-05:00,16.20116607243336,16.41731099993966,16.150165771289714,16.37359619140625,1405600,0.0,0.0
2006-12-20 00:00:00-05:00,16.376030837698355,16.4148874290344,16.264315589907394,16.28374481201172,1483400,0.0,0.0
2006-12-21 00:00:00-05:00,16.25946227912478,16.271606009833622,16.101604897148803,16.18660545349121,1419600,0.0,0.0
2006-12-22 00:00:00-05:00,16.210881432865115,16.244881635206156,16.070022392953923,16.1307373046875,600000,0.0,0.0
2006-12-26 00:00:00-05:00,16.176883498942072,16.278884120268316,16.113739463080545,16.237598419189453,927800,0.0,0.0
2006-12-27 00:00:00-05:00,16.2983149836839,16.359029910056474,16.189028857362267,16.242456436157227,1123200,0.0,0.0
2006-12-28 00:00:00-05:00,16.25945291408473,16.329882435309408,16.121022986952664,16.181737899780273,742000,0.0,0.0
2006-12-29 00:00:00-05:00,16.157456320121003,16.18902926847493,16.04331195918232,16.12102699279785,1205200,0.0,0.0
2007-01-03 00:00:00-05:00,16.138016905045273,16.40516390142535,16.12587503885524,16.19144630432129,1448400,0.0,0.0
2007-01-04 00:00:00-05:00,16.16474275532427,16.223030423580965,16.048171124556205,16.140457153320312,1581200,0.0,0.0
2007-01-05 00:00:00-05:00,16.062737570658747,16.106452383046992,15.74459201281061,15.776163101196289,1694000,0.0,0.0
2007-01-08 00:00:00-05:00,15.817450333709184,15.851450540770417,15.620734585301717,15.78345012664795,1450800,0.0,0.0
2007-01-09 00:00:00-05:00,15.795596961787401,16.198743147547525,15.75431125263759,16.118600845336914,4517000,0.0,0.0
2007-01-10 00:00:00-05:00,16.05788567055755,16.147742582893635,15.987456128021938,16.02874183654785,1834000,0.0,0.0
2007-01-11 00:00:00-05:00,16.065169634538982,16.13317005454061,15.900024963303965,15.946168899536133,1335200,0.0,0.0
2007-01-12 00:00:00-05:00,15.948598589363442,15.987457036918832,15.805312232966651,15.897598266601562,2301800,0.0,0.0
2007-01-16 00:00:00-05:00,15.86359802026273,16.077313922779247,15.849027028894465,15.992313385009766,1349400,0.0,0.0
2007-01-17 00:00:00-05:00,15.931592556694616,16.053022380835387,15.878163137613146,15.958307266235352,1271400,0.0,0.0
2007-01-18 00:00:00-05:00,16.01902740321559,16.067600460438165,15.960741587421175,16.006885528564453,1294400,0.0,0.0
2007-01-19 00:00:00-05:00,16.060312933737197,16.060312933737197,15.955883177959935,16.02874183654785,1576000,0.0,0.0
2007-01-22 00:00:00-05:00,15.994733743441689,16.104019824610717,15.9655899237898,16.03359031677246,1555600,0.0,0.0
2007-01-23 00:00:00-05:00,16.0335955454287,16.20602755184385,15.980167971284784,16.138025283813477,1516800,0.0,0.0
2007-01-24 00:00:00-05:00,16.113735118594438,16.32745276608227,16.08702041265846,16.325023651123047,1244000,0.0,0.0
2007-01-25 00:00:00-05:00,16.325025388112007,16.453740701568815,16.25459586977541,16.346881866455078,2379600,0.0,0.0
2007-01-26 00:00:00-05:00,16.414880240638986,16.44159494611539,16.315308763485664,16.368738174438477,3228000,0.0,0.0
2007-01-29 00:00:00-05:00,16.334738371865356,16.361453077987413,16.237594154409862,16.303165435791016,1531200,0.0,0.0
2007-01-30 00:00:00-05:00,16.303174057492434,16.448891387172125,16.274032073854748,16.43431854248047,2580000,0.0,0.0
2007-01-31 00:00:00-05:00,16.38574182541847,16.42945663905037,16.249741006506877,16.27888298034668,1646200,0.0,0.0
2007-02-01 00:00:00-05:00,16.271597197477362,16.34688309905406,16.145310989715913,16.32259750366211,1683000,0.0,0.0
2007-02-02 00:00:00-05:00,16.35659978245015,16.587317600118254,16.349314288195693,16.546030044555664,2364000,0.0,0.0
2007-02-05 00:00:00-05:00,16.558173799105962,16.78403338575007,16.490173382115888,16.735462188720703,2166400,0.0,0.0
2007-02-06 00:00:00-05:00,16.75731735299047,16.898176407313642,16.684458710306828,16.89331817626953,2425400,0.0,0.0
2007-02-07 00:00:00-05:00,16.89088841005957,16.97831802717226,16.83017350111309,16.924888610839844,1727800,0.0,0.0
2007-02-08 00:00:00-05:00,16.939454423006865,17.104598999023438,16.88116864702202,17.104598999023438,2389200,0.0,0.0
2007-02-09 00:00:00-05:00,17.133755669025636,17.345042460327406,17.092468104389592,17.2648983001709,4286800,0.0,0.0
2007-02-12 00:00:00-05:00,17.238181398870907,17.41303881710164,17.233323167522283,17.36446762084961,3062800,0.0,0.0
2007-02-13 00:00:00-05:00,17.38874117652342,17.502885446825474,17.33531178592492,17.490741729736328,2666000,0.0,0.0
2007-02-14 00:00:00-05:00,17.532041224579896,17.964331166717855,17.529612108929584,17.859901428222656,5581200,0.0,0.0
2007-02-15 00:00:00-05:00,17.845328167958748,17.87932837124473,17.719040110434722,17.753040313720703,1451200,0.0,0.0
2007-02-16 00:00:00-05:00,17.685045067071854,17.915761064238193,17.65347396991548,17.896333694458008,2170200,0.0,0.0
2007-02-20 00:00:00-05:00,17.91819307037291,18.144052724742025,17.876907355231012,18.083337783813477,4357600,0.0,0.0
2007-02-21 00:00:00-05:00,18.05661837965686,18.1537626305285,17.957046865845978,18.119762420654297,1804200,0.0,0.0
2007-02-22 00:00:00-05:00,18.112475760636286,18.26547669522528,18.027475241420177,18.199905395507812,1659600,0.0,0.0
2007-02-23 00:00:00-05:00,18.178045443050472,18.289760665919804,18.09304493139687,18.250904083251953,1919200,0.0,0.0
2007-02-26 00:00:00-05:00,18.493761003981266,18.950336436629648,18.437902474394793,18.62733268737793,3189800,0.0,0.0
2007-02-27 00:00:00-05:00,18.559342461960643,18.719630793349452,17.881763507483548,17.993478775024414,3002800,0.0,0.0
2007-02-28 00:00:00-05:00,17.971611522646825,18.28247153360609,17.825896124118646,18.190185546875,4229600,0.0,0.0
2007-03-01 00:00:00-05:00,17.983760423984414,18.323762500848847,17.72390063502525,18.199905395507812,3538200,0.0,0.0
2007-03-02 00:00:00-05:00,18.124614490342594,18.224187833352744,17.93761338049333,17.94004249572754,2068000,0.0,0.0
2007-03-05 00:00:00-05:00,17.87447849068611,17.995908374254455,17.757906840069364,17.777334213256836,2195800,0.0,0.0
2007-03-06 00:00:00-05:00,18.16590213643853,18.16590213643853,17.69718294878208,17.957042694091797,2726200,0.0,0.0
2007-03-07 00:00:00-05:00,17.948472126999704,18.11493375513117,17.897065106677267,17.953367233276367,1336200,0.2925,0.0
2007-03-08 00:00:00-05:00,18.10025597250006,18.25447711359177,17.972960731391634,18.021921157836914,2257200,0.0,0.0
2007-03-09 00:00:00-05:00,18.083118025157212,18.39645724456253,18.002334732377978,18.359737396240234,2939000,0.0,0.0
2007-03-12 00:00:00-04:00,18.313228795451543,18.763655406026412,18.278957428822405,18.71469497680664,2299600,0.0,0.0
2007-03-13 00:00:00-04:00,18.8615618067966,19.223859402943628,18.501710829740396,18.614316940307617,4896200,0.0,0.0
2007-03-14 00:00:00-04:00,18.67797274834156,18.96683267837534,18.609428162997947,18.851778030395508,3364000,0.0,0.0
2007-03-15 00:00:00-04:00,18.866455616208146,19.226306568537005,18.751401026807976,19.155315399169922,2560000,0.0,0.0
2007-03-16 00:00:00-04:00,19.157776457473794,19.214078612011146,18.910531445727027,18.986417770385742,2899400,0.0,0.0
2007-03-19 00:00:00-04:00,19.047611425307174,19.155322462359727,18.9276616861842,19.074539184570312,1635200,0.0,0.0
2007-03-20 00:00:00-04:00,19.094119003739475,19.187140962429947,18.971720804997556,19.167558670043945,2210600,0.0,0.0
2007-03-21 00:00:00-04:00,19.160225019259407,19.524973221040316,19.001108756937594,19.517629623413086,4340400,0.0,0.0
2007-03-22 00:00:00-04:00,19.517627165976972,19.608200682174743,19.402572503904896,19.59351348876953,3294600,0.0,0.0
2007-03-23 00:00:00-04:00,19.821167770466324,19.98762942206145,19.59840211668742,19.911741256713867,5094600,0.0,0.0
2007-03-26 00:00:00-04:00,19.960711772374975,20.2764995596184,19.91419982822027,20.210403442382812,4515200,0.0,0.0
2007-03-27 00:00:00-04:00,20.210393475308248,20.359719453020805,20.11737150052363,20.269145965576172,3105000,0.0,0.0
2007-03-28 00:00:00-04:00,20.207937558005202,20.452733885212304,20.188353403593172,20.278926849365234,2245400,0.0,0.0
2007-03-29 00:00:00-04:00,20.070855926669477,20.52128226517533,20.070855926669477,20.408676147460938,2028000,0.0,0.0
2007-03-30 00:00:00-04:00,20.49925864530909,20.62165689685107,20.065969656616087,20.32790184020996,3522600,0.0,0.0
2007-04-02 00:00:00-04:00,20.398883185389543,20.996185094059783,20.31320482427375,20.98639488220215,3435800,0.0,0.0
2007-04-03 00:00:00-04:00,20.99618996790496,21.08431683626615,20.81748961147434,20.991294860839844,2630400,0.0,0.0
2007-04-04 00:00:00-04:00,20.96437573385616,21.103909688265816,20.817498182001163,20.856664657592773,2405600,0.0,0.0
2007-04-05 00:00:00-04:00,20.79055825069738,20.939884203563324,20.768525603600807,20.84441375732422,2140800,0.0,0.0
2007-04-09 00:00:00-04:00,20.9423411692253,21.29484685665139,20.888485640794478,21.248336791992188,3722200,0.0,0.0
2007-04-10 00:00:00-04:00,21.331561873723647,21.507815611343133,21.223850841256485,21.38296890258789,3116000,0.0,0.0
2007-04-11 00:00:00-04:00,21.34870147705078,21.485786912571943,21.28260724710993,21.34870147705078,3642600,0.0,0.0
2007-04-12 00:00:00-04:00,21.395212348887508,21.466203550955647,21.12348811145904,21.34380531311035,3600000,0.0,0.0
2007-04-13 00:00:00-04:00,21.29973976227273,21.39521022892036,21.125934505871957,21.238540649414062,3349400,0.0,0.0
2007-04-16 00:00:00-04:00,21.309533020217565,21.348699483430824,21.121038696329272,21.209165573120117,3002400,0.0,0.0
2007-04-17 00:00:00-04:00,21.31688665713033,21.74283218383789,21.243446935992957,21.74283218383789,3551600,0.0,0.0
2007-04-18 00:00:00-04:00,21.53964521017688,21.740378281296085,21.510270823156503,21.657148361206055,2292200,0.0,0.0
2007-04-19 00:00:00-04:00,21.8358392134473,21.8358392134473,21.527397078891394,21.640003204345703,1597000,0.0,0.0
2007-04-20 00:00:00-04:00,21.78443476362411,21.970480581742596,21.50047186321564,21.7819881439209,2863200,0.0,0.0
2007-04-23 00:00:00-04:00,21.7722021675846,22.161427721486287,21.65469902117798,21.97538185119629,2798800,0.0,0.0
2007-04-24 00:00:00-04:00,22.056157529128907,22.203035010666856,21.99250993565801,22.149181365966797,1775200,0.0,0.0
2007-04-25 00:00:00-04:00,22.24710388440351,22.313199981236806,22.073298604171722,22.156530380249023,2001600,0.0,0.0
2007-04-26 00:00:00-04:00,21.972925503316688,22.84195160733032,21.625313194062908,21.679168701171875,6154000,0.0,0.0
2007-04-27 00:00:00-04:00,21.652241254751363,21.78443153744438,21.31197440153444,21.402549743652344,4373800,0.0,0.0
2007-04-30 00:00:00-04:00,21.45150512991396,21.527393274257946,21.16264533996582,21.16264533996582,2733000,0.0,0.0
2007-05-01 00:00:00-04:00,21.0402499310993,21.289943306147247,20.99863499114075,21.236087799072266,3554200,0.0,0.0
2007-05-02 00:00:00-04:00,21.343793477235558,21.554318478997953,21.23853097635436,21.480878829956055,4806200,0.0,0.0
2007-05-03 00:00:00-04:00,21.603276999927314,21.77218707213497,21.35603217364397,21.480878829956055,2926400,0.0,0.0
2007-05-04 00:00:00-04:00,21.622871354119827,22.09288010026087,21.55432864543035,21.970481872558594,4773000,0.0,0.0
2007-05-07 00:00:00-04:00,22.00721051069759,22.474770956227204,22.00721051069759,22.33279037475586,3451600,0.0,0.0
2007-05-08 00:00:00-04:00,22.274033870428315,22.374401335767715,22.04882152998513,22.07085418701172,2636800,0.0,0.0
2007-05-09 00:00:00-04:00,22.08064147874209,22.29116659837783,22.04637012137338,22.205488204956055,2265000,0.0,0.0
2007-05-10 00:00:00-04:00,22.156526614471485,22.283819943270608,21.87501033103943,21.887250900268555,2107400,0.0,0.0
2007-05-11 00:00:00-04:00,21.960695871628317,22.024343490600586,21.826058904461096,22.024343490600586,1528600,0.0,0.0
2007-05-14 00:00:00-04:00,22.029232044089916,22.176109540770412,21.941105172551882,22.107566833496094,3825600,0.0,0.0
2007-05-15 00:00:00-04:00,22.23241537905601,22.758728164230664,22.229966891409006,22.47231674194336,5255400,0.0,0.0
2007-05-16 00:00:00-04:00,22.560440562522665,22.961906570362558,22.472313695665264,22.736692428588867,2039200,0.0,0.0
2007-05-17 00:00:00-04:00,22.614295583583566,22.65101542494607,22.288717721546096,22.308300018310547,2200200,0.0,0.0
2007-05-18 00:00:00-04:00,22.369495891066556,22.611845688364657,22.367049271605847,22.562885284423828,2173800,0.0,0.0
2007-05-21 00:00:00-04:00,22.545756681085166,22.60206069636389,22.24710466014807,22.48210906982422,1434600,0.0,0.0
2007-05-22 00:00:00-04:00,22.49189678788394,22.496793762687577,22.18834971776185,22.322988510131836,1567000,0.0,0.0
2007-05-23 00:00:00-04:00,22.308304793109265,22.36705729892396,21.61308361647742,21.642459869384766,5067200,0.0,0.0
2007-05-24 00:00:00-04:00,21.774641902147767,21.963136200868394,20.817488823202478,20.979053497314453,5578200,0.0,0.0
2007-05-25 00:00:00-04:00,20.979061903349034,21.21651483660579,20.60452351074789,21.147972106933594,3255600,0.0,0.0
2007-05-29 00:00:00-04:00,21.17244984079508,21.483342457518546,21.167554732311267,21.280160903930664,2683000,0.0,0.0
2007-05-30 00:00:00-04:00,21.214056703329167,21.61062567197506,21.020667325190857,21.608177185058594,2602400,0.0,0.0
2007-05-31 00:00:00-04:00,21.774638620589652,21.89459019902489,21.593489810961636,21.772192001342773,3331400,0.0,0.0
2007-06-01 00:00:00-04:00,21.93375727132832,21.93375727132832,21.4441644667556,21.740367889404297,3227000,0.0,0.0
2007-06-04 00:00:00-04:00,21.750165680474694,21.897043186881934,21.451513692445644,21.662038803100586,2130200,0.0,0.0
2007-06-05 00:00:00-04:00,21.54208054972992,21.64244795785315,21.189573179450587,21.31931495666504,3686800,0.0,0.0
2007-06-06 00:00:00-04:00,21.305765107348183,21.352591568069144,20.963197131169565,21.268798828125,5078400,0.2925,0.0
2007-06-07 00:00:00-04:00,21.086430793690106,21.170225444582055,20.265747129824767,20.31503677368164,4945000,0.0,0.0
2007-06-08 00:00:00-04:00,20.339683031424517,20.711826073736137,20.218922079254874,20.526987075805664,3146800,0.0,0.0
2007-06-11 00:00:00-04:00,20.60337852625415,21.032204307072973,20.50479738990026,20.943483352661133,2485400,0.0,0.0
2007-06-12 00:00:00-04:00,20.768505126265076,21.118468326418753,20.519590009042894,20.78082847595215,4127600,0.0,0.0
2007-06-13 00:00:00-04:00,20.987846714879232,21.43885230602448,20.886800523676218,21.426530838012695,3969400,0.0,0.0
2007-06-14 00:00:00-04:00,21.42653681518449,21.756781582377545,21.42653681518449,21.62369728088379,3980600,0.0,0.0
2007-06-15 00:00:00-04:00,21.458566673529695,21.981045373943665,21.458566673529695,21.892322540283203,3290200,0.0,0.0
2007-06-18 00:00:00-04:00,21.909581558322657,21.998304422194007,21.520186975807214,21.76910400390625,2601800,0.0,0.0
2007-06-19 00:00:00-04:00,21.867676604506524,21.9859724564648,21.71734080408894,21.902179718017578,2056800,0.0,0.0
2007-06-20 00:00:00-04:00,21.93421818407684,22.064837384777874,21.28112030029297,21.28112030029297,2342000,0.0,0.0
2007-06-21 00:00:00-04:00,21.194867843621868,21.737061385184244,21.1603647208104,21.53004264831543,4279000,0.0,0.0
2007-06-22 00:00:00-04:00,21.411745355074576,21.530043121800606,20.82026216228206,20.847370147705078,3295800,0.0,0.0
2007-06-25 00:00:00-04:00,20.923771032249988,21.421603146334835,20.8227248297273,21.010028839111328,2816000,0.0,0.0
2007-06-26 00:00:00-04:00,21.219505831217806,21.485674304596802,21.07410012907914,21.093814849853516,4232600,0.0,0.0
2007-06-27 00:00:00-04:00,21.091356899330542,21.781421184280415,20.982917447008532,21.714879989624023,4678200,0.0,0.0
2007-06-28 00:00:00-04:00,21.81593270018989,21.96626858775397,21.621237252636174,21.68777847290039,2994400,0.0,0.0
2007-06-29 00:00:00-04:00,21.707483149107055,21.83563730592244,21.362450123448948,21.633546829223633,4639200,0.0,0.0
2007-07-02 00:00:00-04:00,21.909574753914434,22.491201400756836,21.813458661284265,22.491201400756836,4212200,0.0,0.0
2007-07-03 00:00:00-04:00,22.498599195196736,22.56514039571683,22.242288936390423,22.476417541503906,2469600,0.0,0.0
2007-07-05 00:00:00-04:00,22.427123432519114,22.668647127576616,22.099341946469224,22.298969268798828,2545800,0.0,0.0
2007-07-06 00:00:00-04:00,22.350729620621635,22.365516137039393,21.976121575617846,22.274328231811523,2035000,0.0,0.0
2007-07-09 00:00:00-04:00,22.407401402204844,22.801723980015808,22.2964988235412,22.663711547851562,3600600,0.0,0.0
2007-07-10 00:00:00-04:00,22.456695280301076,22.671107205818302,22.10426902770996,22.10426902770996,2744000,0.0,0.0
2007-07-11 00:00:00-04:00,22.057452549295718,22.365517529034484,22.057452549295718,22.170820236206055,1493200,0.0,0.0
2007-07-12 00:00:00-04:00,22.229965923752772,22.698225021362305,22.170817980139965,22.698225021362305,2230400,0.0,0.0
2007-07-13 00:00:00-04:00,22.710548525370935,22.99643182167028,22.491206431052195,22.79680633544922,2551800,0.0,0.0
2007-07-16 00:00:00-04:00,22.476408971021975,22.639068101815162,21.983505249023438,21.983505249023438,4588000,0.0,0.0
2007-07-17 00:00:00-04:00,21.97118519837353,22.128914249143428,21.902178973696525,21.91696548461914,3514000,0.0,0.0
2007-07-18 00:00:00-04:00,21.86028380160838,22.400014089573226,21.778956099811662,22.37783432006836,3772000,0.0,0.0
2007-07-19 00:00:00-04:00,22.56759576102361,22.811582565307617,22.44436983639636,22.811582565307617,2670000,0.0,0.0
2007-07-20 00:00:00-04:00,22.801736889782724,22.833776851302762,22.2743297908038,22.28172492980957,2670200,0.0,0.0
2007-07-23 00:00:00-04:00,22.498598817651253,22.826380363533033,22.390159357593117,22.47148895263672,2620000,0.0,0.0
2007-07-24 00:00:00-04:00,22.281716634870822,22.491200368675564,21.451173075347143,21.490604400634766,3056000,0.0,0.0
2007-07-25 00:00:00-04:00,21.633550309915023,21.77402783607243,21.12832497702004,21.4240665435791,5103200,0.0,0.0
2007-07-26 00:00:00-04:00,20.95826953458058,21.120926808763016,20.21398375310825,20.337209701538086,6145600,0.0,0.0
2007-07-27 00:00:00-04:00,20.356929694947596,20.620633193295436,20.063653167429685,20.066116333007812,4872800,0.0,0.0
2007-07-30 00:00:00-04:00,19.987253646245456,20.618171944528207,19.775304809520048,20.536842346191406,3708400,0.0,0.0
2007-07-31 00:00:00-04:00,20.766046005019305,21.231840133666992,20.440729440879974,21.231840133666992,4855000,0.0,0.0
2007-08-01 00:00:00-04:00,20.477692589546187,21.192403654337536,20.21152589999485,20.332286834716797,7333600,0.0,0.0
2007-08-02 00:00:00-04:00,20.825188510360693,21.72720349511854,20.704427588672235,21.342737197875977,6726600,0.0,0.0
2007-08-03 00:00:00-04:00,21.392021733270592,21.547285724781997,20.30516815185547,20.30516815185547,5467800,0.0,0.0
2007-08-06 00:00:00-04:00,20.504805351615314,21.404355514673668,19.888675360517745,21.313169479370117,4784800,0.0,0.0
2007-08-07 00:00:00-04:00,21.13078976028606,22.178210552433807,20.96073919262132,22.000764846801758,4172200,0.0,0.0
2007-08-08 00:00:00-04:00,21.65079922183736,22.42465804395216,21.266334856278842,21.884929656982422,4493600,0.0,0.0
2007-08-09 00:00:00-04:00,21.74445365985308,22.09687997954478,20.89419341038651,20.975522994995117,4509800,0.0,0.0
2007-08-10 00:00:00-04:00,20.90159106869083,21.221979383253853,20.14991368495346,20.354467391967773,4929000,0.0,0.0
2007-08-13 00:00:00-04:00,20.445652047175543,21.273730688878462,20.209058418157426,21.17022132873535,4402400,0.0,0.0
2007-08-14 00:00:00-04:00,21.35505845300829,21.377238222452807,20.332282646838806,20.339675903320312,2886800,0.0,0.0
2007-08-15 00:00:00-04:00,20.344596438430614,20.958260881776347,19.97738190991677,19.979846954345703,3585800,0.0,0.0
2007-08-16 00:00:00-04:00,19.585538844403708,20.080907842916076,19.055666719654596,19.839384078979492,4256600,0.0,0.0
2007-08-17 00:00:00-04:00,20.290389126911275,21.022351705985784,19.839381615320843,20.701963424682617,3461800,0.0,0.0
2007-08-20 00:00:00-04:00,20.83750343442505,21.133244884783004,20.406212722490704,21.029735565185547,2937600,0.0,0.0
2007-08-21 00:00:00-04:00,20.86708355483973,21.6360142199184,20.852297041371713,21.433923721313477,3243600,0.0,0.0
2007-08-22 00:00:00-04:00,21.677910353128777,21.75184668020201,20.977987812692156,21.29837417602539,2778400,0.0,0.0
2007-08-23 00:00:00-04:00,21.451182567202512,21.53004713295298,21.125865998446884,21.46596908569336,1740800,0.0,0.0
2007-08-24 00:00:00-04:00,21.46349664883527,21.709948566981662,21.123393678693663,21.601511001586914,1534400,0.0,0.0
2007-08-27 00:00:00-04:00,21.45363683883845,21.53496452997167,20.53437050199843,20.583660125732422,3041000,0.0,0.0
2007-08-28 00:00:00-04:00,20.376644124339418,20.738928735201192,20.112940654163932,20.147443771362305,2745200,0.0,0.0
2007-08-29 00:00:00-04:00,20.32982336196647,21.162832260131836,20.29778528137526,21.162832260131836,2396200,0.0,0.0
2007-08-30 00:00:00-04:00,20.923768895813584,21.199793849586143,20.664993621372833,20.86215591430664,1699800,0.0,0.0
2007-08-31 00:00:00-04:00,21.13817406463482,21.192393771754638,20.642807206556572,20.945941925048828,2399000,0.0,0.0
2007-09-04 00:00:00-04:00,21.108614433447705,21.564550262951336,21.02728482118891,21.46596908569336,2105600,0.0,0.0
2007-09-05 00:00:00-04:00,21.273729974701197,21.30330488244024,20.77096782481122,20.980451583862305,2401200,0.0,0.0
2007-09-06 00:00:00-04:00,20.98913829000364,21.537565523398982,20.909728054699553,21.463117599487305,2154400,0.2925,0.0
2007-09-07 00:00:00-04:00,21.20752115681461,21.232336506431874,20.515162110740985,20.673982620239258,3923200,0.0,0.0
2007-09-10 00:00:00-04:00,20.65413531729125,21.013962686878383,20.574725047775257,20.812955856323242,2395200,0.0,0.0
2007-09-11 00:00:00-04:00,20.9816953394835,21.262112338299637,20.750909031210043,21.252185821533203,2130600,0.0,0.0
2007-09-12 00:00:00-04:00,21.152923091569615,21.316707782496827,20.961842845444064,21.118181228637695,1650000,0.0,0.0
2007-09-13 00:00:00-04:00,21.299339970624228,21.423418611636897,21.120666424639616,21.289413452148438,1660600,0.0,0.0
2007-09-14 00:00:00-04:00,21.105776188090772,21.450714635672597,21.08344104968514,21.324153900146484,1779600,0.0,0.0
2007-09-17 00:00:00-04:00,21.192621516034084,21.502817961253292,21.103284788347842,21.45566749572754,1823600,0.0,0.0
2007-09-18 00:00:00-04:00,21.52019290487622,22.254737997120767,21.490413358990516,22.217514038085938,3156000,0.0,0.0
2007-09-19 00:00:00-04:00,22.33166654333055,22.55997261282905,22.085991438350778,22.27459144592285,3659400,0.0,0.0
2007-09-20 00:00:00-04:00,22.11329194136922,22.254741493291622,21.80557749203249,21.830392837524414,1967800,0.0,0.0
2007-09-21 00:00:00-04:00,22.093433380126953,22.282033366601024,21.830387375802687,22.093433380126953,2893000,0.0,0.0
2007-09-24 00:00:00-04:00,22.014031692229796,22.582312080573058,22.014031692229796,22.324228286743164,1968800,0.0,0.0
2007-09-25 00:00:00-04:00,22.125700326615707,22.42845056767651,21.974324259440564,22.043807983398438,1842200,0.0,0.0
2007-09-26 00:00:00-04:00,22.234898949972266,22.33416227206173,22.093449331314158,22.222492218017578,2377600,0.0,0.0
2007-09-27 00:00:00-04:00,22.264656921301132,22.31925179016625,21.98672026766442,22.026426315307617,1797400,0.0,0.0
2007-09-28 00:00:00-04:00,22.14803442180174,22.20262931938125,21.71375923706053,21.835355758666992,2457800,0.0,0.0
2007-10-01 00:00:00-04:00,21.954472362121848,22.264668926765168,21.922210707693612,22.22992706298828,2020400,0.0,0.0
2007-10-02 00:00:00-04:00,22.09839761471657,22.304366635015594,22.014023189088743,22.085988998413086,1650400,0.0,0.0
2007-10-03 00:00:00-04:00,21.976809484445106,22.08599930032194,21.805582237980875,21.907325744628906,1611400,0.0,0.0
2007-10-04 00:00:00-04:00,22.001621282758602,22.152995453724188,21.825427980463513,22.148033142089844,1021200,0.0,0.0
2007-10-05 00:00:00-04:00,22.269622221466257,22.361441049006185,22.06365322484294,22.25721549987793,1369600,0.0,0.0
2007-10-08 00:00:00-04:00,22.257228420226845,22.45079080762504,22.018997643945223,22.207595825195312,841800,0.0,0.0
2007-10-09 00:00:00-04:00,22.272104150136382,22.708861263034294,22.242324610635798,22.646821975708008,1972600,0.0,0.0
2007-10-10 00:00:00-04:00,22.555011931635754,22.636904277184037,22.304372583119594,22.510343551635742,2324400,0.0,0.0
2007-10-11 00:00:00-04:00,22.57486244131033,22.84287269134069,22.41355987083154,22.50537872314453,1543800,0.0,0.0
2007-10-12 00:00:00-04:00,22.65675953518459,22.94710308703938,22.537643212395857,22.58975601196289,2533800,0.0,0.0
2007-10-15 00:00:00-04:00,22.617058243612142,22.69150619775201,22.202635969015862,22.373865127563477,1450800,0.0,0.0
2007-10-16 00:00:00-04:00,22.344080529683634,22.396193328516443,22.09095905730748,22.21007537841797,1378800,0.0,0.0
2007-10-17 00:00:00-04:00,22.411077001937493,22.522748882274968,22.123215623198693,22.37633514404297,2612600,0.0,0.0
2007-10-18 00:00:00-04:00,22.34407482792389,22.515303904172963,22.304368766589352,22.356481552124023,1972200,0.0,0.0
2007-10-19 00:00:00-04:00,22.239852881267883,22.418524506523656,21.93213653564453,21.93213653564453,2729400,0.0,0.0
2007-10-22 00:00:00-04:00,21.738574838648592,22.093439783795112,21.579754349254724,21.929656982421875,1690200,0.0,0.0
2007-10-23 00:00:00-04:00,21.966876520051,22.108326061256456,21.706312572193237,21.92469024658203,1306400,0.0,0.0
2007-10-24 00:00:00-04:00,21.795652781482925,22.217519369676097,21.741057880902467,22.160444259643555,2391800,0.0,0.0
2007-10-25 00:00:00-04:00,22.24729373779493,22.50289535522461,22.083509074224914,22.50289535522461,2068200,0.0,0.0
2007-10-26 00:00:00-04:00,22.624492328803747,23.028989791870117,22.50785813744815,23.028989791870117,2403800,0.0,0.0
2007-10-29 00:00:00-04:00,23.066208082377788,23.232474824371465,22.974391141627773,23.182842254638672,1741200,0.0,0.0
2007-10-30 00:00:00-04:00,23.041390344741032,23.272176563421006,22.939646900639513,23.14809799194336,1887600,0.0,0.0
2007-10-31 00:00:00-04:00,23.31437511111631,23.770985479319528,23.03644017622628,23.723834991455078,2620200,0.0,0.0
2007-11-01 00:00:00-04:00,24.068753467768836,24.470768599054416,23.12575774641645,23.344135284423828,3679200,0.0,0.0
2007-11-02 00:00:00-04:00,23.373931669505804,23.592309364989354,23.078623940118305,23.426044464111328,2868200,0.0,0.0
2007-11-05 00:00:00-05:00,22.91732412804764,23.589830120811417,22.91732412804764,23.356563568115234,6954400,0.0,0.0
2007-11-06 00:00:00-05:00,23.376412950716244,23.433489953114503,22.964472886868748,23.16547966003418,3398600,0.0,0.0
2007-11-07 00:00:00-05:00,23.14811349018376,23.14811349018376,22.363937377929688,22.363937377929688,3091800,0.0,0.0
2007-11-08 00:00:00-05:00,22.473122532443337,22.92476870352821,22.38626786363659,22.865211486816406,4573600,0.0,0.0
2007-11-09 00:00:00-05:00,22.51778597083726,23.2523311265259,22.51778597083726,23.009138107299805,3906800,0.0,0.0
2007-11-12 00:00:00-05:00,23.014095952200112,23.140656641971493,22.512819290161133,22.512819290161133,4363400,0.0,0.0
2007-11-13 00:00:00-05:00,22.65675180420132,22.68901155674754,22.23488345267798,22.612083435058594,3905600,0.0,0.0
2007-11-14 00:00:00-05:00,22.736157508529885,23.098466700319538,22.339104575833947,22.79819679260254,4061000,0.0,0.0
2007-11-15 00:00:00-05:00,22.80813327347116,23.153071692206257,22.686534860376696,22.847837448120117,4165800,0.0,0.0
2007-11-16 00:00:00-05:00,22.95702567486558,23.078622186371668,22.58975214465878,22.919801712036133,2378800,0.0,0.0
2007-11-19 00:00:00-05:00,22.820536164071246,23.239922443056017,22.689013149388003,23.01658058166504,4044600,0.0,0.0
2007-11-20 00:00:00-05:00,23.006661939605337,23.42604836211101,22.877620982913513,23.257301330566406,3737600,0.0,0.0
2007-11-21 00:00:00-05:00,23.110894509335914,23.249863919901458,22.69647216796875,22.69647216796875,3425600,0.0,0.0
2007-11-23 00:00:00-05:00,22.76346602244426,22.927248827588098,22.5252333895793,22.880098342895508,1168200,0.0,0.0
2007-11-26 00:00:00-05:00,22.92724409772805,23.130732930799777,22.62697410583496,22.62697410583496,4693800,0.0,0.0
2007-11-27 00:00:00-05:00,22.626971449854373,23.03891137871373,22.5301903023933,22.989280700683594,6383600,0.0,0.0
2007-11-28 00:00:00-05:00,23.11585148305677,23.47071647644043,22.80317277374568,23.47071647644043,6963200,0.0,0.0
2007-11-29 00:00:00-05:00,23.3491098949767,23.82309105282738,23.269699667198843,23.450855255126953,4320600,0.0,0.0
2007-11-30 00:00:00-05:00,23.684125595004964,23.8230930318381,23.388817898445218,23.75857162475586,4389400,0.0,0.0
2007-12-03 00:00:00-05:00,23.42851793108745,24.306992594396647,23.42851793108745,24.207731246948242,4651800,0.0,0.0
2007-12-04 00:00:00-05:00,24.014177709893474,24.460861544374726,23.857839314469878,24.378969192504883,3678200,0.0,0.0
2007-12-05 00:00:00-05:00,24.802108934704247,24.802108934704247,24.34026832686428,24.687273025512695,3904800,0.2925,0.0
2007-12-06 00:00:00-05:00,24.677282546385346,24.824573338787285,24.457596747722196,24.769651412963867,2843800,0.0,0.0
2007-12-07 00:00:00-05:00,24.76716535945507,24.90447023453618,24.502543496169327,24.737207412719727,2087000,0.0,0.0
2007-12-10 00:00:00-05:00,24.46260169079545,24.804614470013227,24.46260169079545,24.697267532348633,1600000,0.0,0.0
2007-12-11 00:00:00-05:00,24.717237282170874,24.789634224767376,24.010744753558352,24.060672760009766,2160400,0.0,0.0
2007-12-12 00:00:00-05:00,24.552465049683608,24.677286937993774,23.965802555551996,24.19797134399414,3983200,0.0,0.0
2007-12-13 00:00:00-05:00,24.030708866968155,24.43513053913837,24.030708866968155,24.402677536010742,2712000,0.0,0.0
2007-12-14 00:00:00-05:00,23.853470959101028,24.372728726759323,23.853470959101028,24.068164825439453,3223200,0.0,0.0
2007-12-17 00:00:00-05:00,23.915880809090115,24.110602700975875,23.738632005315782,23.853469848632812,2543600,0.0,0.0
2007-12-18 00:00:00-05:00,23.978292885826555,24.173014786777347,23.82101603918826,24.068164825439453,2777200,0.0,0.0
2007-12-19 00:00:00-05:00,24.240407000453533,24.3128039142883,23.865941386940975,23.890905380249023,2196800,0.0,0.0
2007-12-20 00:00:00-05:00,24.018230531567383,24.215449368381066,23.74112575240408,23.960813522338867,2265000,0.0,0.0
2007-12-21 00:00:00-05:00,24.195480771189636,24.345266695845087,24.07315582159468,24.28535270690918,3067200,0.0,0.0
2007-12-24 00:00:00-05:00,24.26786945790746,24.48256324190386,24.21544449734518,24.4426212310791,620600,0.0,0.0
2007-12-26 00:00:00-05:00,24.32778950888239,24.589916281861306,24.315308460655086,24.457605361938477,1375600,0.0,0.0
2007-12-27 00:00:00-05:00,24.40768047199155,24.599907319588844,24.23792256323167,24.29534149169922,1320600,0.0,0.0
2007-12-28 00:00:00-05:00,24.51752483890017,24.62736875384691,24.3302919318582,24.4975528717041,1282800,0.0,0.0
2007-12-31 00:00:00-05:00,24.34526718755265,24.75967688892175,24.300331218785296,24.52501106262207,2221200,0.0,0.0
2008-01-02 00:00:00-05:00,24.108103238242908,24.517518944168593,23.900898413822993,23.99077033996582,3115000,0.0,0.0
2008-01-03 00:00:00-05:00,24.02323102500272,24.360249876669165,24.01574010883232,24.103116989135742,2374600,0.0,0.0
2008-01-04 00:00:00-05:00,24.01822570020287,24.697257025900267,24.01822570020287,24.4426212310791,3056000,0.0,0.0
2008-01-07 00:00:00-05:00,24.544985034527723,25.463674545288086,24.544985034527723,25.463674545288086,4263600,0.0,0.0
2008-01-08 00:00:00-05:00,25.386281732619313,26.112744288954385,25.18157386779785,25.18157386779785,5142000,0.0,0.0
2008-01-09 00:00:00-05:00,25.176579108476297,25.77322769165039,25.03677917741227,25.77322769165039,3801600,0.0,0.0
2008-01-10 00:00:00-05:00,25.53607409911888,25.903050927368884,24.94441738575339,25.194061279296875,3594200,0.0,0.0
2008-01-11 00:00:00-05:00,24.91445414762654,25.263953974022613,24.837063267812088,24.92693519592285,3231800,0.0,0.0
2008-01-14 00:00:00-05:00,25.076723000680207,25.298905866215662,24.849548096375667,25.13414192199707,1636600,0.0,0.0
2008-01-15 00:00:00-05:00,24.872002075965003,25.438694362761797,24.792116165161133,24.792116165161133,3490400,0.0,0.0
2008-01-16 00:00:00-05:00,24.729711024608047,25.221509551831883,24.485061198798626,24.5649471282959,4248400,0.0,0.0
2008-01-17 00:00:00-05:00,24.684779159313326,24.71723407346178,23.683708856109174,23.7336368560791,4791000,0.0,0.0
2008-01-18 00:00:00-05:00,23.943335450319445,23.943335450319445,23.09454623170452,23.576358795166016,5852800,0.0,0.0
2008-01-22 00:00:00-05:00,22.393047583748476,23.404105712375497,21.384488330991786,22.767513275146484,5684600,0.0,0.0
2008-01-23 00:00:00-05:00,22.60524730547822,23.773580389108727,22.22578765527011,23.718658447265625,4356400,0.0,0.0
2008-01-24 00:00:00-05:00,23.72364540792476,23.72364540792476,22.78748133949904,23.126996994018555,3540400,0.0,0.0
2008-01-25 00:00:00-05:00,23.301751571585218,23.441553395897103,22.612736049188808,22.68513298034668,3608400,0.0,0.0
2008-01-28 00:00:00-05:00,22.772512415370894,23.1170202444226,22.562810589916186,23.017162322998047,2448800,0.0,0.0
2008-01-29 00:00:00-05:00,23.13948035524758,23.30424424381475,22.827425660218914,23.00966453552246,2401800,0.0,0.0
2008-01-30 00:00:00-05:00,22.95474529045887,23.3416939194247,22.702606438706304,23.03962516784668,4267600,0.0,0.0
2008-01-31 00:00:00-05:00,22.874855488921185,23.993260295769687,22.69760865991975,23.96579933166504,4203200,0.0,0.0
2008-02-01 00:00:00-05:00,24.070656887870314,24.237917791691594,23.653752161761314,23.928359985351562,3464000,0.0,0.0
2008-02-04 00:00:00-05:00,23.92835238928319,24.30781194529436,23.678708646245013,23.96579933166504,5482400,0.0,0.0
2008-02-05 00:00:00-05:00,23.636282588948355,23.915884419675894,22.71260099658446,22.82244300842285,3081200,0.0,2.0
2008-02-06 00:00:00-05:00,23.022156711657843,23.351686525487008,22.72258294159312,22.862384796142578,1923300,0.0,0.0
2008-02-07 00:00:00-05:00,22.692626780744504,23.082070584724665,22.582782875157708,22.882356643676758,2278400,0.0,0.0
2008-02-08 00:00:00-05:00,22.80245882045822,22.90731064118273,22.462945078530023,22.7924747467041,2756400,0.0,0.0
2008-02-11 00:00:00-05:00,22.832413867572882,22.842399844694516,22.48790622771328,22.707592010498047,2669400,0.0,0.0
2008-02-12 00:00:00-05:00,22.89233481072461,23.2168724999963,22.717584919351218,23.16694450378418,2402600,0.0,0.0
2008-02-13 00:00:00-05:00,23.306745510621422,23.571367331299573,23.221865627520412,23.476503372192383,3057200,0.0,0.0
2008-02-14 00:00:00-05:00,23.531417737515984,23.82599740526686,23.117008245328122,23.286766052246094,3085900,0.0,0.0
2008-02-15 00:00:00-05:00,23.286782608119058,23.44156251126049,23.017166739923713,23.386640548706055,2299100,0.0,0.0
2008-02-19 00:00:00-05:00,23.686210556245264,23.69619653996207,22.972228909862608,23.067094802856445,2173100,0.0,0.0
2008-02-20 00:00:00-05:00,22.972219134295,23.251820845489295,22.677639406215043,23.201892852783203,2480200,0.0,0.0
2008-02-21 00:00:00-05:00,23.24184361927471,23.401615541663894,22.717591879895735,22.77750587463379,2215000,0.0,0.0
2008-02-22 00:00:00-05:00,23.02215904576653,23.117023035024197,22.597763304638544,22.952259063720703,2515600,0.0,0.0
2008-02-25 00:00:00-05:00,23.007171795404712,23.206885677636432,22.837413947960755,23.062091827392578,2662900,0.0,0.0
2008-02-26 00:00:00-05:00,22.997181242917964,23.466510772705078,22.912301383757757,23.466510772705078,2611200,0.0,0.0
2008-02-27 00:00:00-05:00,23.371648002113197,23.461519902335823,22.877352550888766,22.907310485839844,3602000,0.0,0.0
2008-02-28 00:00:00-05:00,22.70261071631022,22.91730456443476,22.607744841082784,22.82743263244629,2111100,0.0,0.0
2008-02-29 00:00:00-05:00,22.612730908517207,22.687622889335895,21.893755703021824,22.018577575683594,2711200,0.0,0.0
2008-03-03 00:00:00-05:00,21.968660674975318,22.32814845913884,21.80888874970966,22.153396606445312,3219200,0.0,0.0
2008-03-04 00:00:00-05:00,21.993621277939003,22.967232606306517,21.968657275597536,22.902324676513672,4038900,0.0,0.0
2008-03-05 00:00:00-05:00,22.902326348563065,23.01217025244253,22.592768506739894,22.942270278930664,2559700,0.0,0.0
2008-03-06 00:00:00-05:00,23.019202329705703,23.019202329705703,22.56163415220165,22.63705825805664,2984000,0.323,0.0
2008-03-07 00:00:00-05:00,22.471122913568223,22.73259068176224,22.14931701982618,22.59682846069336,3456100,0.0,0.0
2008-03-10 00:00:00-04:00,22.662197326367387,22.72756475210989,22.1794884549948,22.244855880737305,3113600,0.0,0.0
2008-03-11 00:00:00-04:00,22.702422284781203,23.084566299134828,22.440954519964762,22.93874740600586,2697100,0.0,0.0
2008-03-12 00:00:00-04:00,22.948805296685876,23.451627505353365,22.692366814235836,22.70745086669922,2704100,0.0,0.0
2008-03-13 00:00:00-04:00,22.44095287723456,22.727561346547972,22.043722922181146,22.571685791015625,3390200,0.0,0.0
2008-03-14 00:00:00-04:00,22.697389208153947,22.85326474913284,21.95321273291609,22.199596405029297,3398700,0.0,0.0
2008-03-17 00:00:00-04:00,21.636431562655144,22.511342747945843,21.636431562655144,22.360496520996094,2982500,0.0,0.0
2008-03-18 00:00:00-04:00,22.70242624233024,23.11474035000109,22.5767206749156,23.089597702026367,2896400,0.0,0.0
2008-03-19 00:00:00-04:00,23.05941893402144,23.88404676817168,22.410778045654297,22.410778045654297,2751800,0.0,0.0
2008-03-20 00:00:00-04:00,21.017961754416444,21.11852655018296,19.720681835181594,20.701183319091797,10354600,0.0,0.0
2008-03-24 00:00:00-04:00,20.826898001989935,20.867124705249367,20.168202040092392,20.349218368530273,5287800,0.0,0.0
2008-03-25 00:00:00-04:00,20.399495483573578,20.550341752430537,20.188311090796713,20.243619918823242,4500900,0.0,0.0
2008-03-26 00:00:00-04:00,20.178253728448016,20.178253728448016,19.650290846410655,19.765939712524414,5064600,0.0,0.0
2008-03-27 00:00:00-04:00,19.775996287134966,20.228535076001855,19.775996287134966,19.962039947509766,4109600,0.0,0.0
2008-03-28 00:00:00-04:00,20.0676305374099,20.314014217785186,19.891643564366234,19.916784286499023,3269100,0.0,0.0
2008-03-31 00:00:00-04:00,19.94695960454286,20.324076327354266,19.796113299041266,20.20842742919922,4201000,0.0,0.0
2008-04-01 00:00:00-04:00,20.439718111807505,20.897286123239187,20.20339112280945,20.831918716430664,3951400,0.0,0.0
2008-04-02 00:00:00-04:00,20.86711610822433,20.997849003727385,20.57547838408937,20.831918716430664,3072400,0.0,0.0
2008-04-03 00:00:00-04:00,20.867111985710686,20.942536049290027,20.645871006985498,20.877168655395508,2673200,0.0,0.0
2008-04-04 00:00:00-04:00,20.952598043451353,21.379998021282344,20.771583680895024,21.1185302734375,2902300,0.0,0.0
2008-04-07 00:00:00-04:00,21.30960208640916,21.329713513540298,20.867118081583136,21.128585815429688,1742500,0.0,0.0
2008-04-08 00:00:00-04:00,20.972700458599384,21.23919736318114,20.897278326373563,21.14868927001953,1820400,0.0,0.0
2008-04-09 00:00:00-04:00,21.203999296383035,21.239198595199486,21.038069061370518,21.188915252685547,2306700,0.0,0.0
2008-04-10 00:00:00-04:00,21.14869289767057,21.21405837318915,20.686095684593443,20.826885223388672,2763000,0.0,0.0
2008-04-11 00:00:00-04:00,20.716269311172507,21.374964983945848,20.716269311172507,21.193950653076172,2447700,0.0,0.0
2008-04-14 00:00:00-04:00,21.12354949725191,21.545920016409834,21.12354949725191,21.455411911010742,3209800,0.0,0.0
2008-04-15 00:00:00-04:00,21.550954051604936,21.87778724357509,21.415191863636792,21.787281036376953,2602900,0.0,0.0
2008-04-16 00:00:00-04:00,21.847622091590367,22.25490679227008,21.63140842066307,22.219709396362305,2304300,0.0,0.0
2008-04-17 00:00:00-04:00,22.214677644557906,22.325299105978686,22.048745452426733,22.114112854003906,2219000,0.0,0.0
2008-04-18 00:00:00-04:00,22.445983196824244,22.546548022668127,22.068866538495573,22.214685440063477,1914300,0.0,0.0
2008-04-21 00:00:00-04:00,22.13925884101387,22.269993675281672,21.797339622625568,22.058807373046875,2147000,0.0,0.0
2008-04-22 00:00:00-04:00,21.998466210485145,22.023606931102893,21.767168511819413,21.822479248046875,2007000,0.0,0.0
2008-04-23 00:00:00-04:00,21.948191689115706,22.189546135746017,21.721921295988967,22.134235382080078,2008000,0.0,0.0
2008-04-24 00:00:00-04:00,22.275023231169534,22.275023231169534,21.907963252792516,21.963274002075195,1469800,0.0,0.0
2008-04-25 00:00:00-04:00,22.02360912216678,22.22473874334662,21.958241707566195,21.99846839904785,1341600,0.0,0.0
2008-04-28 00:00:00-04:00,21.9934407466255,22.249879188214333,21.943157382902257,22.068862915039062,1364600,0.0,0.0
2008-04-29 00:00:00-04:00,22.083944235414517,22.109086873225483,21.85264654521974,22.033662796020508,2255600,0.0,0.0
2008-04-30 00:00:00-04:00,22.03366819793355,22.350446714498315,21.89790597654865,22.078922271728516,2364700,0.0,0.0
2008-05-01 00:00:00-04:00,22.063837582618856,22.37558679413933,21.8777919967713,22.169429779052734,1786800,0.0,0.0
2008-05-02 00:00:00-04:00,22.335351172714166,22.71749694724029,22.199590927623518,22.546537399291992,1529900,0.0,0.0
2008-05-05 00:00:00-04:00,22.57671297871758,22.57671297871758,22.053777536189113,22.199596405029297,2003400,0.0,0.0
2008-05-06 00:00:00-04:00,22.124178226802165,22.124178226802165,21.32469080051814,21.460453033447266,3776300,0.0,0.0
2008-05-07 00:00:00-04:00,21.395075485508976,21.430272871680074,20.99784564944808,21.10846710205078,3485800,0.0,0.0
2008-05-08 00:00:00-04:00,21.229151587044974,21.43530858988061,21.012937911130255,21.26434898376465,2227300,0.0,0.0
2008-05-09 00:00:00-04:00,21.173840423928095,21.31463000801253,21.002880821205185,21.23417854309082,2198600,0.0,0.0
2008-05-12 00:00:00-04:00,21.244239414509018,21.354860919931536,21.068252399622832,21.239212036132812,1622300,0.0,0.0
2008-05-13 00:00:00-04:00,21.244241085857585,21.495652222968324,20.907351082824274,21.038084030151367,1773200,0.0,0.0
2008-05-14 00:00:00-04:00,21.09337777577079,21.229139910494553,20.85705088368351,21.13863182067871,1770500,0.0,0.0
2008-05-15 00:00:00-04:00,21.193953347851853,21.28446148385162,20.86209082189077,21.204008102416992,2053400,0.0,0.0
2008-05-16 00:00:00-04:00,21.14870442766799,21.460453684153446,21.11350702378002,21.369945526123047,1707800,0.0,0.0
2008-05-19 00:00:00-04:00,21.364911197261314,21.897901378811394,21.364911197261314,21.79733657836914,1684900,0.0,0.0
2008-05-20 00:00:00-04:00,22.229768545006927,22.47615226191606,21.988414124138583,22.078922271728516,2805900,0.0,0.0
2008-05-21 00:00:00-04:00,22.139260224386568,22.239825045157684,21.852651731963263,21.953216552734375,2815400,0.0,0.0
2008-05-22 00:00:00-04:00,21.90795874816634,22.335356766010744,21.872761354608052,22.2498779296875,1504000,0.0,0.0
2008-05-23 00:00:00-04:00,22.189536594185157,22.259931371084722,21.661573849324597,21.691741943359375,1418800,0.0,0.0
2008-05-27 00:00:00-04:00,21.70682750443327,21.847618986166456,21.505699830422067,21.686716079711914,1835400,0.0,0.0
2008-05-28 00:00:00-04:00,21.65654921685684,21.857678838249786,21.561013701658013,21.752084732055664,1476600,0.0,0.0
2008-05-29 00:00:00-04:00,21.752078453451844,22.184505671949264,21.65654296582875,22.088970184326172,1877500,0.0,0.0
2008-05-30 00:00:00-04:00,22.109084957135387,22.330325956654658,21.99343612206074,22.254901885986328,1704600,0.0,0.0
2008-06-02 00:00:00-04:00,22.083946965098935,22.179484397115992,21.737000386922467,22.068862915039062,2378400,0.0,0.0
2008-06-03 00:00:00-04:00,22.018575398857994,22.22473233799984,21.56100746475713,21.646486282348633,1944500,0.0,0.0
2008-06-04 00:00:00-04:00,21.54592294346045,22.5163696024326,21.54592294346045,22.280044555664062,2931800,0.0,0.0
2008-06-05 00:00:00-04:00,22.474041402033837,22.86912391303478,22.246109555725397,22.828601837158203,2091200,0.323,0.0
2008-06-06 00:00:00-04:00,22.595610125432984,22.858997873648978,22.291700293399465,22.489242553710938,2942800,0.0,0.0
2008-06-09 00:00:00-04:00,22.661456400066218,23.324989065344447,22.418327773849125,23.066667556762695,2564500,0.0,0.0
2008-06-10 00:00:00-04:00,22.919773972552758,23.385766239677373,22.651321989630915,23.299659729003906,2782000,0.0,0.0
2008-06-11 00:00:00-04:00,23.213557005115458,23.644093493113175,22.950169272479506,23.43135643005371,3977700,0.0,0.0
2008-06-12 00:00:00-04:00,23.568107571274524,23.578238088197267,23.254069275463582,23.370567321777344,2328300,0.0,0.0
2008-06-13 00:00:00-04:00,23.476936337896202,23.679542824784516,23.269265558325074,23.608631134033203,2162900,0.0,0.0
2008-06-16 00:00:00-04:00,23.411093637867662,23.56811184816788,23.13250920243395,23.527591705322266,1395800,0.0,0.0
2008-06-17 00:00:00-04:00,23.552918341057705,23.947998933636285,23.40096441561971,23.73526382446289,2289700,0.0,0.0
2008-06-18 00:00:00-04:00,23.537713463859706,23.709928354306427,23.2236732957404,23.249000549316406,2678800,0.0,0.0
2008-06-19 00:00:00-04:00,23.238895077805516,23.735279254094355,23.183178151411827,23.6998233795166,2122200,0.0,0.0
2008-06-20 00:00:00-04:00,23.03121227426239,23.699811182494134,23.026146047815597,23.188230514526367,2678100,0.0,0.0
2008-06-23 00:00:00-04:00,23.279403684411935,23.431357633142703,23.178100407858327,23.213558197021484,1806100,0.0,0.0
2008-06-24 00:00:00-04:00,23.274344121070264,23.380711713583306,23.183171346859176,23.198366165161133,1729200,0.0,0.0
2008-06-25 00:00:00-04:00,23.31485659840084,23.411095568468447,22.940037034324085,23.264205932617188,1852800,0.0,0.0
2008-06-26 00:00:00-04:00,22.90458501243174,23.16797276939399,22.50950241088867,22.509502410888672,2029700,0.0,0.0
2008-06-27 00:00:00-04:00,22.51962499000564,22.78807887903522,22.180261341347617,22.580408096313477,6532100,0.0,0.0
2008-06-30 00:00:00-04:00,22.651323988519355,23.50733260633701,22.52975968555992,23.264205932617188,4794200,0.0,0.0
2008-07-01 00:00:00-04:00,23.02107294415876,23.664346270594713,22.625990517061993,23.639019012451172,2815700,0.0,0.0
2008-07-02 00:00:00-04:00,23.679548866295317,23.97332815401725,23.446552699467052,23.5377254486084,2391800,0.0,0.0
2008-07-03 00:00:00-04:00,23.603564151731142,23.780845305119264,23.19835312315609,23.39082908630371,1267500,0.0,0.0
2008-07-07 00:00:00-04:00,23.365516902040074,23.618774178877537,22.453791091865153,22.838741302490234,2864700,0.0,0.0
2008-07-08 00:00:00-04:00,22.747556525407465,22.89951042489088,22.225847428708224,22.519624710083008,5117600,0.0,0.0
2008-07-09 00:00:00-04:00,22.59054299867268,22.89445281859606,22.34235200787778,22.570283889770508,2944700,0.0,0.0
2008-07-10 00:00:00-04:00,22.45884397427379,22.853924507067386,22.423388128110197,22.74249267578125,2412400,0.0,0.0
2008-07-11 00:00:00-04:00,22.529759325313833,22.96536200000463,22.327154733219775,22.646257400512695,1994000,0.0,0.0
2008-07-14 00:00:00-04:00,22.94003578753013,23.04133904579064,22.271436988089285,22.332218170166016,1766700,0.0,0.0
2008-07-15 00:00:00-04:00,22.200529975076964,22.544958034377647,22.043509795005104,22.25118064880371,2394600,0.0,0.0
2008-07-16 00:00:00-04:00,22.165077691579082,22.443662262886498,21.6484345081722,21.76493263244629,2297700,0.0,0.0
2008-07-17 00:00:00-04:00,21.70413230325925,21.73452385029914,21.25333498259153,21.501527786254883,2096500,0.0,0.0
2008-07-18 00:00:00-04:00,21.562308948136362,22.03336730016401,21.268531722210625,21.501527786254883,2520100,0.0,0.0
2008-07-21 00:00:00-04:00,21.43568867864534,22.129612847022642,21.400232826171987,21.982725143432617,1701200,0.0,0.0
2008-07-22 00:00:00-04:00,21.992849936192805,22.28156486425964,21.942199279169827,22.048566818237305,1825400,0.0,0.0
2008-07-23 00:00:00-04:00,21.942201199469505,21.98778756765922,21.23814657136087,21.32425308227539,2576700,0.0,0.0
2008-07-24 00:00:00-04:00,21.374902243011512,21.39009705256809,20.721498381298602,21.020341873168945,3267700,0.0,0.0
2008-07-25 00:00:00-04:00,21.14190761811622,21.293861520856755,20.85319269105089,20.929170608520508,1592600,0.0,0.0
2008-07-28 00:00:00-04:00,20.792418452192805,21.01528605394042,20.5746170771391,20.579683303833008,2334500,0.0,0.0
2008-07-29 00:00:00-04:00,20.605009179591438,20.85320019250219,20.523966940163522,20.767093658447266,1678300,0.0,0.0
2008-07-30 00:00:00-04:00,20.853201721338543,21.13178625123315,20.691117230599612,21.035547256469727,2125100,0.0,0.0
2008-07-31 00:00:00-04:00,20.995024864385304,21.27360743241757,20.934243669879923,21.172304153442383,4086800,0.0,0.0
2008-08-01 00:00:00-04:00,20.893716687691064,21.577510279135947,20.40239715576172,20.40239715576172,3121300,0.0,0.0
2008-08-04 00:00:00-04:00,20.36187731960411,20.75189360217784,19.98705584927386,20.068098068237305,3211800,0.0,0.0
2008-08-05 00:00:00-04:00,20.113694446246786,20.594883706131135,19.39950893242261,20.321365356445312,4084800,0.0,0.0
2008-08-06 00:00:00-04:00,20.220056919778706,20.574617438810368,20.144080907828666,20.377077102661133,2463000,0.0,0.0
2008-08-07 00:00:00-04:00,20.245379970715927,20.68098263771301,20.08835982055217,20.154207229614258,3551800,0.0,0.0
2008-08-08 00:00:00-04:00,20.225115154401852,20.513828136562772,20.057964516204148,20.483436584472656,2052000,0.0,0.0
2008-08-11 00:00:00-04:00,20.579675419167266,20.929169571371105,20.377068937420958,20.848127365112305,3657500,0.0,0.0
2008-08-12 00:00:00-04:00,20.782281859128545,20.903846145673874,20.336550650259507,20.3872013092041,2133400,0.0,0.0
2008-08-13 00:00:00-04:00,20.382139351339298,20.70630824300132,20.29603090262963,20.610069274902344,1914600,0.0,0.0
2008-08-14 00:00:00-04:00,20.397339052573162,20.549293015430827,20.149146098552713,20.296035766601562,1631100,0.0,0.0
2008-08-15 00:00:00-04:00,20.311227123069827,20.311227123069827,19.79458412380735,19.830039978027344,3912100,0.0,0.0
2008-08-18 00:00:00-04:00,19.85536296767707,20.022511698949156,19.617300604139196,19.73886489868164,2310100,0.0,0.0
2008-08-19 00:00:00-04:00,19.688203909329165,20.00224406457697,19.642617559838232,19.95159149169922,3206600,0.0,0.0
2008-08-20 00:00:00-04:00,19.931334005184787,20.174462533815998,19.73885999063286,20.088354110717773,2142700,0.0,0.0
2008-08-21 00:00:00-04:00,19.94653839053623,20.51383399963379,19.88575526898354,20.51383399963379,1909400,0.0,0.0
2008-08-22 00:00:00-04:00,20.589811935475065,20.650593124828582,20.427727475732905,20.51383399963379,1771700,0.0,0.0
2008-08-25 00:00:00-04:00,20.47331804230675,20.49357908888453,20.098498341616583,20.24538803100586,1742800,0.0,0.0
2008-08-26 00:00:00-04:00,20.19980088367434,20.675923867172198,19.941477380008724,20.650598526000977,1882100,0.0,0.0
2008-08-27 00:00:00-04:00,20.620198018841737,20.929172070915865,20.539155802904165,20.903846740722656,1690500,0.0,0.0
2008-08-28 00:00:00-04:00,20.95449843064473,21.1165828704834,20.848130879287904,21.1165828704834,1622600,0.0,0.0
2008-08-29 00:00:00-04:00,20.979831825626206,21.101396168327614,20.650598526000977,20.650598526000977,1580200,0.0,0.0
2008-09-02 00:00:00-04:00,20.898778712788914,20.898778712788914,20.260571558852476,20.407461166381836,2477100,0.0,0.0
2008-09-03 00:00:00-04:00,20.412529339041942,20.549288454922703,19.88068962097168,19.88068962097168,3756200,0.0,0.0
2008-09-04 00:00:00-04:00,20.04054524284047,20.04054524284047,19.458325955979166,19.46343421936035,3632500,0.323,0.0
2008-09-05 00:00:00-04:00,19.41236860921884,19.5349416493389,18.901651180477955,19.065082550048828,3940000,0.0,0.0
2008-09-08 00:00:00-04:00,19.28979393192389,19.749438363416832,19.100829063917857,19.626867294311523,3213600,0.0,0.0
2008-09-09 00:00:00-04:00,19.7392247863268,19.831154057871412,18.46753782878096,18.50839614868164,4523600,0.0,0.0
2008-09-10 00:00:00-04:00,18.671829711199525,19.223403515695907,18.46754196243354,18.692256927490234,3067800,0.0,0.0
2008-09-11 00:00:00-04:00,18.62074955704036,18.92207279773768,18.227497059979,18.876108169555664,2735900,0.0,0.0
2008-09-12 00:00:00-04:00,18.69735866693594,19.269361436313485,18.69735866693594,19.162111282348633,2371300,0.0,0.0
2008-09-15 00:00:00-04:00,18.671822070343776,19.126360079698735,18.44710524901301,18.503284454345703,3140400,0.0,0.0
2008-09-16 00:00:00-04:00,18.36538503389199,18.59520810083686,17.211165334013607,18.447099685668945,5006700,0.0,0.0
2008-09-17 00:00:00-04:00,18.145788887972213,18.222397278486945,17.400141939655658,17.410356521606445,4969100,0.0,0.0
2008-09-18 00:00:00-04:00,17.614634207940263,17.875099080172483,17.098808829188677,17.578882217407227,4097000,0.0,0.0
2008-09-19 00:00:00-04:00,18.809716259616646,19.917971698456526,17.604423301531455,18.201961517333984,4188200,0.0,0.0
2008-09-22 00:00:00-04:00,18.058963036314243,18.314321672125853,17.721889714972185,17.772960662841797,1566500,0.0,0.0
2008-09-23 00:00:00-04:00,17.778072403074084,18.023216507603404,17.45121164880283,17.481855392456055,1806600,0.0,0.0
2008-09-24 00:00:00-04:00,16.95070257599973,17.333740462653008,16.863881590176078,17.303098678588867,2119100,0.0,0.0
2008-09-25 00:00:00-04:00,17.384816618944903,18.130463377603085,17.33885198597382,17.931283950805664,1920700,0.0,0.0
2008-09-26 00:00:00-04:00,17.772964028642388,17.95682259296252,17.47164070339154,17.752534866333008,1531900,0.0,0.0
2008-09-29 00:00:00-04:00,17.583994242130156,17.583994242130156,16.113128086155882,16.44509506225586,5141200,0.0,0.0
2008-09-30 00:00:00-04:00,16.802597204808542,17.35927904881113,16.25612896480958,16.746417999267578,4455900,0.0,0.0
2008-10-01 00:00:00-04:00,16.659593315003416,17.10902496404122,16.348055533791918,16.96091651916504,2213300,0.0,0.0
2008-10-02 00:00:00-04:00,16.874099849296254,17.027314647740564,16.491061879069544,16.710670471191406,2580600,0.0,0.0
2008-10-03 00:00:00-04:00,16.945591896576182,17.22137957150506,16.54723322049954,16.63405418395996,3063200,0.0,0.0
2008-10-06 00:00:00-04:00,16.353166261271326,16.80770429322885,14.51969129144119,15.183623313903809,5166200,0.0,0.0
2008-10-07 00:00:00-04:00,15.285765755874554,15.382802295382827,14.294974127825418,14.432868003845215,5011600,0.0,0.0
2008-10-08 00:00:00-04:00,14.228577393233087,14.846544559133415,13.774038554145786,14.177505493164062,5206700,0.0,0.0
2008-10-09 00:00:00-04:00,14.0549408799774,14.310299539973578,13.4216515200808,13.534008979797363,6106100,0.0,0.0
2008-10-10 00:00:00-04:00,12.875180541643124,13.539113506595907,11.281743373988013,12.762823104858398,9929000,0.0,0.0
2008-10-13 00:00:00-04:00,13.02329327488562,15.030412747226569,12.773041873948417,14.948698043823242,4107700,0.0,0.0
2008-10-14 00:00:00-04:00,15.428766268172566,16.05694916953895,14.300081714695388,14.969120979309082,5159200,0.0,0.0
2008-10-15 00:00:00-04:00,14.698443878672363,14.698443878672363,13.380793316448123,13.411436080932617,3788000,0.0,0.0
2008-10-16 00:00:00-04:00,13.4522858957588,13.717858970293316,12.844532391297415,13.43696403503418,6443100,0.0,0.0
2008-10-17 00:00:00-04:00,13.191823573856848,14.351151705480632,12.900714962417313,13.820005416870117,5335000,0.0,0.0
2008-10-20 00:00:00-04:00,14.100901269626444,15.883304062660264,13.677006060671303,15.755624771118164,3707000,0.0,0.0
2008-10-21 00:00:00-04:00,15.290874569372916,15.919056546167718,14.74440727374902,14.979336738586426,3973200,0.0,0.0
2008-10-22 00:00:00-04:00,14.529906013336149,14.734192716561344,13.207148270543732,13.65657901763916,3037200,0.0,0.0
2008-10-23 00:00:00-04:00,13.661685438112645,14.902728420685701,13.375684071786816,14.749512672424316,5137100,0.0,0.0
2008-10-24 00:00:00-04:00,13.75871908511728,14.555437496377142,13.278644733537043,14.116220474243164,3971000,0.0,0.0
2008-10-27 00:00:00-04:00,13.922150601810156,14.555439795308645,13.334826032962953,13.733184814453125,3451500,0.0,0.0
2008-10-28 00:00:00-04:00,14.111119019461643,15.382805994153877,13.416544131756314,15.326626777648926,4100600,0.0,0.0
2008-10-29 00:00:00-04:00,15.321513885283357,15.525800542264012,14.453294375471053,14.499258995056152,4005500,0.0,0.0
2008-10-30 00:00:00-04:00,15.224483714950196,15.372592211926552,14.519694210551194,15.234698295593262,3151300,0.0,0.0
2008-10-31 00:00:00-04:00,15.347050422460775,15.347050422460775,14.080472086730222,14.376688003540039,4210900,0.0,0.0
2008-11-03 00:00:00-05:00,14.300079876309834,15.209156733414018,14.218365212088743,15.009976387023926,3886100,0.0,0.0
2008-11-04 00:00:00-05:00,15.06615888491914,15.832234760423503,14.785264786880546,15.071266174316406,4415100,0.0,0.0
2008-11-05 00:00:00-05:00,14.887404807925368,15.209157159664498,14.003864367450523,14.111114501953125,3275500,0.0,0.0
2008-11-06 00:00:00-05:00,14.12133200495466,14.151974767717107,13.278648723118396,13.462507247924805,3521100,0.0,0.0
2008-11-07 00:00:00-05:00,13.585078428690437,14.080473788040749,13.534006511183565,14.054938316345215,3709100,0.0,0.0
2008-11-10 00:00:00-05:00,14.351157952605947,14.621837528873625,13.45229528575837,13.74851131439209,3068200,0.0,0.0
2008-11-11 00:00:00-05:00,13.579971852739419,14.550334439869587,13.314398647048595,14.192832946777344,2748700,0.0,0.0
2008-11-12 00:00:00-05:00,13.891508912214638,14.39711884816422,13.717864977753269,14.136652946472168,4219300,0.0,0.0
2008-11-13 00:00:00-05:00,14.254121053018224,15.173411886435428,13.641259847996068,15.112126350402832,6169700,0.0,0.0
2008-11-14 00:00:00-05:00,14.805691465369824,15.39812333761048,14.060044823248763,14.606512069702148,4122600,0.0,0.0
2008-11-17 00:00:00-05:00,14.437975063788944,15.290872802297327,14.151972738626517,14.882298469543457,3470000,0.0,0.0
2008-11-18 00:00:00-05:00,14.882298583894714,15.285765631001263,14.320510454979582,14.86697769165039,3463700,0.0,0.0
2008-11-19 00:00:00-05:00,14.606509844129945,15.530907559672869,14.192829249192156,14.218364715576172,3917200,0.0,0.0
2008-11-20 00:00:00-05:00,14.0242932920256,14.417545754323674,13.06925271114824,13.329718589782715,6243400,0.0,0.0
2008-11-21 00:00:00-05:00,13.67701183775996,15.244914044311015,13.385902111823773,15.137662887573242,7949200,0.0,0.0
2008-11-24 00:00:00-05:00,15.193833578140266,15.321512851906151,14.667794619543223,14.892510414123535,6052900,0.0,0.0
2008-11-25 00:00:00-05:00,15.066155400555433,15.673909060652246,14.739296747650211,15.147870063781738,4669300,0.0,0.0
2008-11-26 00:00:00-05:00,14.780153068214208,15.474727658124825,14.386900669516121,15.393013000488281,3332700,0.0,0.0
2008-11-28 00:00:00-05:00,15.336842523259302,15.827130716545216,15.29087788337424,15.781166076660156,1171100,0.0,0.0
2008-12-01 00:00:00-05:00,15.326624007947435,15.423660553252347,14.356261477245713,14.407332420349121,3484800,0.0,0.0
2008-12-02 00:00:00-05:00,14.606520378839082,15.091701408873323,14.437983646449707,15.066165924072266,3928000,0.0,0.0
2008-12-03 00:00:00-05:00,14.734191775369952,15.852662743491432,14.729084486351086,15.776054382324219,4946100,0.0,0.0
2008-12-04 00:00:00-05:00,15.813735460654312,15.844703014942864,14.430549536869968,14.745379447937012,3326600,0.323,0.0
2008-12-05 00:00:00-05:00,14.492474169982886,14.827947913132576,13.867977000286722,14.729887008666992,3927000,0.0,0.0
2008-12-08 00:00:00-05:00,15.147944903186806,15.2202005424819,14.476996165413606,14.905370712280273,3460000,0.0,0.0
2008-12-09 00:00:00-05:00,14.87440329612288,15.02923806567501,14.518284409003101,14.611185073852539,1996400,0.0,0.0
2008-12-10 00:00:00-05:00,14.745376210759567,15.039561021049359,14.456352658384773,14.998271942138672,2675600,0.0,0.0
2008-12-11 00:00:00-05:00,14.81762885489176,15.457610925142019,14.781501041205347,14.972463607788086,3007300,0.0,0.0
2008-12-12 00:00:00-05:00,14.446024849660919,15.287290877796575,14.425380809974014,15.184067726135254,2547300,0.0,0.0
2008-12-15 00:00:00-05:00,15.282135756602981,15.395680481484462,14.951822129331662,15.08601188659668,2590700,0.0,0.0
2008-12-16 00:00:00-05:00,14.977628954817881,15.607287698867545,14.977628954817881,15.49890422821045,3353600,0.0,0.0
2008-12-17 00:00:00-05:00,15.266652268420398,15.266652268420398,14.466675952343534,14.497642517089844,4325300,0.0,0.0
2008-12-18 00:00:00-05:00,14.533771865619842,14.936341187216426,14.497644038888632,14.59570598602295,4608900,0.0,0.0
2008-12-19 00:00:00-05:00,14.67311571692662,15.19955203727234,14.652470692093157,14.817626953125,4360300,0.0,0.0
2008-12-22 00:00:00-05:00,14.81762299625496,15.034390777076235,14.260220271915777,14.513116836547852,2967800,0.0,0.0
2008-12-23 00:00:00-05:00,14.61634554389949,14.65247335952603,14.24474388892903,14.332483291625977,1969700,0.0,0.0
2008-12-24 00:00:00-05:00,14.332486646826204,14.47699794316211,14.270552530961263,14.415064811706543,400900,0.0,0.0
2008-12-26 00:00:00-05:00,14.482154842650663,14.704083963123422,14.435704515835011,14.63698959350586,734300,0.0,0.0
2008-12-29 00:00:00-05:00,14.62150165131098,14.673113220203637,14.337639499014562,14.580212593078613,1324400,0.0,0.0
2008-12-30 00:00:00-05:00,14.667959415964418,14.719571011074947,14.141522917773752,14.544092178344727,3242000,0.0,0.0
2008-12-31 00:00:00-05:00,14.316998336964296,15.086007869090764,14.316998336964296,15.055041313171387,4340200,0.0,0.0
2009-01-02 00:00:00-05:00,14.967303759209702,15.59180113319825,14.900209382394666,15.509222984313965,3234900,0.0,0.0
2009-01-05 00:00:00-05:00,15.535030143750697,15.994371245773404,15.535030143750697,15.80856990814209,3682500,0.0,0.0
2009-01-06 00:00:00-05:00,15.901464315681205,16.190488723616138,15.684696501934432,16.025331497192383,2765800,0.0,0.0
2009-01-07 00:00:00-05:00,15.8808236273106,16.391776227970652,15.803406745587996,15.958240509033203,3509300,0.0,0.0
2009-01-08 00:00:00-05:00,15.953081385775905,15.994370460510256,15.725990982532382,15.994370460510254,1936300,0.0,0.0
2009-01-09 00:00:00-05:00,15.860187027807946,16.087277521346603,15.73115849490796,15.77244758605957,2480900,0.0,0.0
2009-01-12 00:00:00-05:00,15.813728389429642,15.911790298675268,15.581477742575139,15.674378395080566,2435100,0.0,0.0
2009-01-13 00:00:00-05:00,15.689865994537096,15.731155076717087,15.220202315586185,15.359553337097168,2490600,0.0,0.0
2009-01-14 00:00:00-05:00,15.122133214759241,15.478251995167822,14.73504788348306,15.416318893432617,3576900,0.0,0.0
2009-01-15 00:00:00-05:00,15.364714205528303,15.617609950514478,15.297618833432564,15.612448692321777,3279400,0.0,0.0
2009-01-16 00:00:00-05:00,15.82406323413757,16.076959105027186,15.710518450598304,15.984058380126953,3013400,0.0,0.0
2009-01-20 00:00:00-05:00,15.927280910425274,16.18017669287141,15.627934781773778,15.679545402526855,3210500,0.0,0.0
2009-01-21 00:00:00-05:00,15.953082506899715,16.025338146660392,15.581480808175765,15.86534309387207,5687300,0.0,0.0
2009-01-22 00:00:00-05:00,15.560834031616286,15.855018799823721,15.540189987318666,15.731151580810547,3426900,0.0,0.0
2009-01-23 00:00:00-05:00,15.607282280364574,16.071784535818892,15.338902849423318,16.004690170288086,3409700,0.0,0.0
2009-01-26 00:00:00-05:00,16.0098545589301,16.711769828126535,16.0098545589301,16.51564598083496,4329100,0.0,0.0
2009-01-27 00:00:00-05:00,16.634342106048297,16.928526718481315,16.417574341454184,16.763370513916016,4585300,0.0,0.0
2009-01-28 00:00:00-05:00,17.00079055740534,17.30529782641448,16.830474000199942,17.15562629699707,3597400,0.0,0.0
2009-01-29 00:00:00-05:00,16.985314152867435,17.37239970965003,16.76854718610228,16.949186325073242,2272200,0.0,0.0
2009-01-30 00:00:00-05:00,16.913055513360888,17.083372104510946,16.180173615776223,16.293718338012695,3565200,0.0,0.0
2009-02-02 00:00:00-05:00,16.236946974994247,16.495003991006815,16.03050155906607,16.226625442504883,3889100,0.0,0.0
2009-02-03 00:00:00-05:00,16.340163884932288,16.355647654319867,15.91695069909529,16.144041061401367,4678000,0.0,0.0
2009-02-04 00:00:00-05:00,15.633092725552004,16.365973622688472,15.627931467689303,16.076950073242188,3204800,0.0,0.0
2009-02-05 00:00:00-05:00,16.0511437950629,16.4795183275994,15.922115309546975,16.38661766052246,3412600,0.0,0.0
2009-02-06 00:00:00-05:00,16.51048122008725,17.042078816686523,16.169846172762362,16.866600036621094,5226900,0.0,0.0
2009-02-09 00:00:00-05:00,16.794348835040417,16.969827661281112,16.474357744716418,16.64983558654785,2242500,0.0,0.0
2009-02-10 00:00:00-05:00,16.541445984804394,16.722086986141836,15.911787537885735,15.989204406738281,4217200,0.0,0.0
2009-02-11 00:00:00-05:00,16.045981478551102,16.2782331309159,15.99436989086902,16.211137771606445,2684500,0.0,0.0
2009-02-12 00:00:00-05:00,15.901466323924238,16.061462314940286,15.591797838832925,16.045978546142578,3946100,0.0,0.0
2009-02-13 00:00:00-05:00,15.96341432148792,16.21114893161532,15.875674857349903,15.984058380126953,1910700,0.0,0.0
2009-02-17 00:00:00-05:00,15.535029793974449,15.60212417304775,15.111816520595674,15.127299308776855,3111000,0.0,0.0
2009-02-18 00:00:00-05:00,15.256331228875146,15.276976263644059,14.956985115591994,15.060208320617676,3055000,0.0,0.0
2009-02-19 00:00:00-05:00,14.626671799762894,15.457615709369044,14.626671799762894,15.11181926727295,2294800,0.0,0.0
2009-02-20 00:00:00-05:00,14.848592875818595,14.993104096303597,14.43054002807849,14.719564437866211,3458600,0.0,0.0
2009-02-23 00:00:00-05:00,14.843433549034831,14.99310604461652,14.35312502733798,14.420220375061035,3542400,0.0,0.0
2009-02-24 00:00:00-05:00,14.518279463914068,14.807303874869403,14.456346364715683,14.729887008666992,3733400,0.0,0.0
2009-02-25 00:00:00-05:00,14.683443312511491,14.683443312511491,14.30151809614788,14.404741287231445,3971000,0.0,0.0
2009-02-26 00:00:00-05:00,14.585378018616593,14.65247238827431,14.136358520599593,14.177647590637207,2222000,0.0,0.0
2009-02-27 00:00:00-05:00,13.940236971122777,14.358288966903423,13.744113132029222,14.084749221801758,4040600,0.0,0.0
2009-03-02 00:00:00-05:00,13.914434880968898,14.31700421071679,13.604767225911484,13.66670036315918,3451400,0.0,0.0
2009-03-03 00:00:00-05:00,13.821534028818602,13.986690360327962,13.083490811027938,13.155746459960938,4912800,0.0,0.0
2009-03-04 00:00:00-05:00,13.310581755033658,13.578960311531931,13.129941641560809,13.398320198059082,4790400,0.0,0.0
2009-03-05 00:00:00-05:00,13.150585527556977,13.160908044634557,12.629310228052127,12.887367248535156,4536900,0.0,0.0
2009-03-06 00:00:00-05:00,13.160943839629809,13.354487571557437,12.501850343969863,12.852320671081543,5621400,0.333,0.0
2009-03-09 00:00:00-04:00,12.700623288354308,12.951706204010039,12.480925487726838,12.622159004211426,3130500,0.0,0.0
2009-03-10 00:00:00-04:00,12.868010173751504,13.26032755101396,12.752929771217119,13.113862037658691,5422500,0.0,0.0
2009-03-11 00:00:00-04:00,13.228939879846079,13.469560679093927,12.794774441898499,12.820929527282715,4353200,0.0,0.0
2009-03-12 00:00:00-04:00,12.784317822568111,12.868012129285837,12.371076310148856,12.564620018005371,6548400,0.0,0.0
2009-03-13 00:00:00-04:00,12.637848977449883,13.061551418966719,12.554154692649387,12.998781204223633,5312800,0.0,0.0
2009-03-16 00:00:00-04:00,13.014474593781982,13.584642591031885,13.004013555394994,13.255096435546875,4532100,0.0,0.0
2009-03-17 00:00:00-04:00,13.296943283718234,13.799109032748216,12.841854700659491,13.772954940795898,7389000,0.0,0.0
2009-03-18 00:00:00-04:00,13.715412965488847,14.515740646814784,13.495715229304151,14.458200454711914,6383200,0.0,0.0
2009-03-19 00:00:00-04:00,14.63082477186627,14.756366233529493,14.311740597615312,14.68836498260498,4496600,0.0,0.0
2009-03-20 00:00:00-04:00,14.756364563582391,14.90283008447171,14.421587370366503,14.447742462158203,5046000,0.0,0.0
2009-03-23 00:00:00-04:00,14.787754762049866,15.32130680953296,14.568056918834182,15.295151710510254,3562500,0.0,0.0
2009-03-24 00:00:00-04:00,15.096370263059425,15.316067994457685,14.908057636799631,15.164371490478516,2831300,0.0,0.0
2009-03-25 00:00:00-04:00,15.242839236253769,15.525308258738963,14.918524059750172,15.132990837097168,2461000,0.0,0.0
2009-03-26 00:00:00-04:00,15.127754759023269,15.389299619312249,14.944673157278089,15.378837585449219,2583200,0.0,0.0
2009-03-27 00:00:00-04:00,15.221911567419676,15.378838089652195,15.096370150090761,15.169602394104004,2409000,0.0,0.0
2009-03-30 00:00:00-04:00,14.913288480209397,15.054522948258933,14.636050561191551,14.850517272949219,2523100,0.0,0.0
2009-03-31 00:00:00-04:00,14.99698809461164,15.687466631601193,14.887138692246113,15.415459632873535,4549100,0.0,0.0
2009-04-01 00:00:00-04:00,15.253301957559254,15.598541224267048,15.206223785034116,15.509615898132324,2724200,0.0,0.0
2009-04-02 00:00:00-04:00,15.781617916048656,15.922852389061887,15.342222442928291,15.745001792907715,2850700,0.0,0.0
2009-04-03 00:00:00-04:00,15.729317565413966,16.273331693603883,15.729317565413966,16.226253509521484,4066200,0.0,0.0
2009-04-06 00:00:00-04:00,16.05363011216202,16.29948201826381,15.807777208345367,15.907164573669434,2294400,0.0,0.0
2009-04-07 00:00:00-04:00,15.828706676778523,15.860091803678122,15.462543204660824,15.6979341506958,2012500,0.0,0.0
2009-04-08 00:00:00-04:00,15.78685530632513,15.94901291614567,15.567157481074911,15.896703720092773,1778200,0.0,0.0
2009-04-09 00:00:00-04:00,16.273328553804646,16.32563675027926,15.609004082342123,15.78685474395752,2496100,0.0,0.0
2009-04-13 00:00:00-04:00,15.760692842019662,15.839157098277926,15.279450259179356,15.378837585449219,2153400,0.0,0.0
2009-04-14 00:00:00-04:00,15.263761303657413,15.289915395908118,15.02313946454933,15.091141700744629,2175700,0.0,0.0
2009-04-15 00:00:00-04:00,15.080682933825855,15.29514972945893,14.876678176446804,15.253302574157715,2630800,0.0,0.0
2009-04-16 00:00:00-04:00,15.368380731319201,15.509615242928163,15.117297820268691,15.221916198730469,2954700,0.0,0.0
2009-04-17 00:00:00-04:00,15.279455335307459,15.535770261532123,15.180068973734004,15.452075958251953,2687900,0.0,0.0
2009-04-20 00:00:00-04:00,15.248071481150594,15.551463605043107,15.148684113648686,15.211455345153809,1879100,0.0,0.0
2009-04-21 00:00:00-04:00,15.10683367391873,15.305608365703588,14.892366925955628,15.049294471740723,2451800,0.0,0.0
2009-04-22 00:00:00-04:00,14.95513539079555,15.096369856688584,14.803438890899816,14.860979080200195,2089100,0.0,0.0
2009-04-23 00:00:00-04:00,14.8034426109459,14.876675869653557,14.568052773019462,14.819135665893555,2681100,0.0,0.0
2009-04-24 00:00:00-04:00,14.928987717525436,14.981295914583443,14.56805537107874,14.693596839904785,2005900,0.0,0.0
2009-04-27 00:00:00-04:00,14.688361197652428,15.00744628739518,14.604666911443607,14.82436466217041,1877700,0.0,0.0
2009-04-28 00:00:00-04:00,14.719746828608075,15.00221580288613,14.57328232139542,14.798211097717285,2092500,0.0,0.0
2009-04-29 00:00:00-04:00,14.996991529509843,15.509619530721261,14.876681059418097,15.473003387451172,5573900,0.0,0.0
2009-04-30 00:00:00-04:00,15.624698987466507,15.755471489546117,15.342229904071342,15.60900592803955,3221300,0.0,0.0
2009-05-01 00:00:00-04:00,15.687466272821515,16.32040558239622,15.609002985906256,16.29425048828125,3303100,0.0,0.0
2009-05-04 00:00:00-04:00,16.61857354022724,16.61857354022724,16.09548341429788,16.425029754638672,3599100,0.0,0.0
2009-05-05 00:00:00-04:00,16.39364198888196,16.445951192601953,15.99609343741112,16.325639724731445,2554700,0.0,0.0
2009-05-06 00:00:00-04:00,16.482563018798828,16.54533324865006,16.0954766090002,16.482563018798828,2343700,0.0,0.0
2009-05-07 00:00:00-04:00,16.62379661388638,16.74933806436609,16.273326357154158,16.571487426757812,2670100,0.0,0.0
2009-05-08 00:00:00-04:00,16.618561287099244,17.214883271712203,16.618561287099244,16.733640670776367,2653400,0.0,0.0
2009-05-11 00:00:00-04:00,16.571483130659853,16.927184313662146,16.48778885203749,16.733640670776367,2480600,0.0,0.0
2009-05-12 00:00:00-04:00,16.78072254892305,17.084113609892313,16.712720312932102,17.016111373901367,2380400,0.0,0.0
2009-05-13 00:00:00-04:00,16.806880045798398,16.969036647372427,16.4773328304687,16.623798370361328,2858100,0.0,0.0
2009-05-14 00:00:00-04:00,16.676105647144812,16.765030970448752,16.28378822040063,16.576719284057617,2836400,0.0,0.0
2009-05-15 00:00:00-04:00,16.445946808476222,16.644720532365426,16.10593857150756,16.576719284057617,4833000,0.0,0.0
2009-05-18 00:00:00-04:00,16.74410611498978,16.74410611498978,16.090244765274882,16.341327667236328,4829000,0.0,0.0
2009-05-19 00:00:00-04:00,16.36224925695318,16.963802325710844,16.36224925695318,16.874876022338867,3064100,0.0,0.0
2009-05-20 00:00:00-04:00,17.026581687313897,17.026581687313897,16.623803084393757,16.670881271362305,3330400,0.0,0.0
2009-05-21 00:00:00-04:00,16.456413205940613,16.58718572409735,16.309948624142752,16.414566040039062,2605100,0.0,0.0
2009-05-22 00:00:00-04:00,16.47733078207867,16.838262071331496,16.388405464933467,16.540102005004883,1751000,0.0,0.0
2009-05-26 00:00:00-04:00,16.56102249409732,16.9010316521251,16.346555762312942,16.89579963684082,3621100,0.0,0.0
2009-05-27 00:00:00-04:00,16.906264312644456,16.989958611402912,16.540102005004883,16.540102005004883,3261000,0.0,0.0
2009-05-28 00:00:00-04:00,16.221022958731787,16.822576331096432,16.221022958731787,16.69703483581543,4027600,0.0,0.0
2009-05-29 00:00:00-04:00,16.754574606543432,16.796422770706716,16.383181129030604,16.670881271362305,4319600,0.0,0.0
2009-06-01 00:00:00-04:00,16.82780178684736,17.64905479793351,16.723184401362786,17.591514587402344,3399400,0.0,0.0
2009-06-02 00:00:00-04:00,17.59151089331627,17.753667457565495,17.377044150737234,17.4031982421875,4897300,0.0,0.0
2009-06-03 00:00:00-04:00,17.37704412513738,17.39796620100921,16.649948610858377,16.853954315185547,3594800,0.0,0.0
2009-06-04 00:00:00-04:00,16.963801927994105,17.23057684099705,16.895799697060344,17.16780662536621,2846500,0.0,0.0
2009-06-05 00:00:00-04:00,17.31735686923295,17.592151906567913,17.031992559398645,17.116544723510742,3602700,0.333,0.0
2009-06-08 00:00:00-04:00,17.13769370113707,17.153546611595285,16.67794014695241,16.868183135986328,3048600,0.0,0.0
2009-06-09 00:00:00-04:00,16.95801390107255,17.074273911705042,16.79419416820315,16.905168533325195,2583900,0.0,0.0
2009-06-10 00:00:00-04:00,17.04257291774916,17.21167735597239,16.868183839838707,17.090133666992188,3392000,0.0,0.0
2009-06-11 00:00:00-04:00,17.153541084805035,17.724269868020656,17.13768817945455,17.31736183166504,3538000,0.0,0.0
2009-06-12 00:00:00-04:00,17.253947954040658,17.417766682735564,16.894599646683638,17.195817947387695,3378200,0.0,0.0
2009-06-15 00:00:00-04:00,16.979154799545555,17.105982086972787,16.593384267197333,16.77305793762207,2616500,0.0,0.0
2009-06-16 00:00:00-04:00,16.910457215858173,16.973870865970238,16.529972291360412,16.65151596069336,3364600,0.0,0.0
2009-06-17 00:00:00-04:00,16.656807829110765,16.857619152213193,16.540547740208414,16.704368591308594,2943000,0.0,0.0
2009-06-18 00:00:00-04:00,16.75192367411237,17.047855413338674,16.688509010033954,16.98444175720215,3372400,0.0,0.0
2009-06-19 00:00:00-04:00,16.968586688796847,17.04785324491414,16.7783437287017,16.87874984741211,3764500,0.0,0.0
2009-06-22 00:00:00-04:00,16.704363344285962,17.095416585403385,16.630379399693933,16.868183135986328,3328700,0.0,0.0
2009-06-23 00:00:00-04:00,16.915734661313873,16.915734661313873,16.60923378461153,16.76776885986328,3020500,0.0,0.0
2009-06-24 00:00:00-04:00,16.84175370178114,16.926304873051404,16.651510794583974,16.751916885375977,2622800,0.0,0.0
2009-06-25 00:00:00-04:00,16.720206180856874,17.053131211079634,16.588093297612577,16.926301956176758,2909100,0.0,0.0
2009-06-26 00:00:00-04:00,16.91574145275455,17.116553703834352,16.741353404728038,17.032001495361328,8836600,0.0,0.0
2009-06-29 00:00:00-04:00,17.132399137315378,17.35963347641215,17.005571887888163,17.31207275390625,2632200,0.0,0.0
2009-06-30 00:00:00-04:00,17.581588359480968,17.581588359480968,17.01085955395556,17.243379592895508,4207500,0.0,0.0
2009-07-01 00:00:00-04:00,17.359634547009097,17.51817164239453,17.21166874159113,17.48118019104004,2911300,0.0,0.0
2009-07-02 00:00:00-04:00,17.327929813154842,17.327929813154842,16.96329689025879,16.96329689025879,3624600,0.0,0.0
2009-07-06 00:00:00-04:00,16.894599151395038,17.127118163248692,16.7730555119035,17.016143798828125,2432500,0.0,0.0
2009-07-07 00:00:00-04:00,17.02142748982087,17.105979674810545,16.487692200051622,16.514114379882812,2713000,0.0,0.0
2009-07-08 00:00:00-04:00,16.514114379882812,16.70435730008036,16.34501000990346,16.514114379882812,3258700,0.0,0.0
2009-07-09 00:00:00-04:00,16.619805776048945,16.68850405110706,16.33444138440388,16.5035457611084,3249300,0.0,0.0
2009-07-10 00:00:00-04:00,16.382005067183417,16.535256566140085,16.21818529873528,16.376720428466797,3645700,0.0,0.0
2009-07-13 00:00:00-04:00,16.387289174538395,16.672652600390506,16.218184772856887,16.603954315185547,3774800,0.0,0.0
2009-07-14 00:00:00-04:00,16.588094978526765,16.646224975585938,16.355577006172904,16.646224975585938,4579600,0.0,0.0
2009-07-15 00:00:00-04:00,16.683224229956387,17.14826240809658,16.677939590665943,17.142976760864258,2957600,0.0,0.0
2009-07-16 00:00:00-04:00,17.079554471959234,17.24337518332991,16.926303033826933,17.158823013305664,2215900,0.0,0.0
2009-07-17 00:00:00-04:00,17.11655181252483,17.23281184228535,16.841757669322057,16.968585968017578,1891200,0.0,0.0
2009-07-20 00:00:00-04:00,17.063703263498017,17.1006947155621,16.889313261581965,17.068986892700195,2005400,0.0,0.0
2009-07-21 00:00:00-04:00,17.1218318939209,17.280366963777375,16.936872632519353,17.1218318939209,3282400,0.0,0.0
2009-07-22 00:00:00-04:00,17.010862182791524,17.269804443659442,16.94216490238221,17.137691497802734,1908900,0.0,0.0
2009-07-23 00:00:00-04:00,17.11655378176422,17.671427778387454,17.047854482103464,17.62386703491211,2417300,0.0,0.0
2009-07-24 00:00:00-04:00,17.502318374882147,17.930364944224966,17.502318374882147,17.893373489379883,2087100,0.0,0.0
2009-07-27 00:00:00-04:00,17.84052587607582,17.97792442672373,17.718982244892178,17.81938934326172,1840500,0.0,0.0
2009-07-28 00:00:00-04:00,17.681994019824714,17.819392595549786,17.248663771861008,17.391345977783203,2227500,0.0,0.0
2009-07-29 00:00:00-04:00,17.322641045089792,17.518169568684062,16.984432377951023,17.35963249206543,2253300,0.0,0.0
2009-07-30 00:00:00-04:00,17.5234555169964,17.829958422093863,17.45475624242577,17.6661376953125,2076200,0.0,0.0
2009-07-31 00:00:00-04:00,17.010863421336147,17.59744526618976,17.010863421336147,17.14826202392578,3960200,0.0,0.0
2009-08-03 00:00:00-04:00,17.819384395996497,17.819384395996497,17.222233664333146,17.460037231445312,3654200,0.0,0.0
2009-08-04 00:00:00-04:00,17.391349378189023,17.438910122795633,17.02143269968025,17.14826202392578,2950400,0.0,0.0
2009-08-05 00:00:00-04:00,17.121837969398964,17.264518171780196,16.64094593658726,16.804765701293945,2960100,0.0,0.0
2009-08-06 00:00:00-04:00,16.84703907086717,16.936875896549996,16.350295218683613,16.59866714477539,3397500,0.0,0.0
2009-08-07 00:00:00-04:00,16.751915005993027,16.820613265917316,16.556387483538508,16.736061096191406,2032700,0.0,0.0
2009-08-10 00:00:00-04:00,16.725500621195334,16.82590675354004,16.53525864320871,16.82590675354004,2051300,0.0,0.0
2009-08-11 00:00:00-04:00,16.788915228400022,16.79948450712477,16.55111149680267,16.593387603759766,2195900,0.0,0.0
2009-08-12 00:00:00-04:00,16.535253096054234,16.868177201799725,16.471838452704752,16.73077964782715,1931600,0.0,0.0
2009-08-13 00:00:00-04:00,16.662084701944533,16.90517203278454,16.540540028582765,16.87874984741211,2614900,0.0,0.0
2009-08-14 00:00:00-04:00,16.87874127056509,16.984430966290894,16.704352315073326,16.973861694335938,3559400,0.0,0.0
2009-08-17 00:00:00-04:00,16.831182022251912,16.942157371572595,16.519395527984216,16.5405330657959,2942000,0.0,0.0
2009-08-18 00:00:00-04:00,16.5722488394497,16.672653956149077,16.40842805505041,16.5194034576416,2547500,0.0,0.0
2009-08-19 00:00:00-04:00,16.455988161310415,16.86289627516782,16.39785915071777,16.841758728027344,3090500,0.0,0.0
2009-08-20 00:00:00-04:00,16.762485709930235,16.99500471447502,16.751917443133006,16.96329689025879,3246700,0.0,0.0
2009-08-21 00:00:00-04:00,17.095409829515177,17.401912749806847,16.995004743152236,17.37020492553711,3238000,0.0,0.0
2009-08-24 00:00:00-04:00,17.386056683218882,17.45475393281657,17.13239816696567,17.296218872070312,2496500,0.0,0.0
2009-08-25 00:00:00-04:00,17.391344925584672,17.581587855304324,17.042566893059707,17.063705444335938,2069800,0.0,0.0
2009-08-26 00:00:00-04:00,17.04256597856401,17.11654888817772,16.905168426466012,17.016143798828125,1575700,0.0,0.0
2009-08-27 00:00:00-04:00,17.06370075749805,17.100692204129516,16.783621077666314,17.0478458404541,2670400,0.0,0.0
2009-08-28 00:00:00-04:00,17.121829485822815,17.13239674189527,16.820611282754086,16.973861694335938,2344500,0.0,0.0
2009-08-31 00:00:00-04:00,16.88402789718243,16.915733700902937,16.625085743462794,16.736061096191406,2675000,0.0,0.0
2009-09-01 00:00:00-04:00,16.683221500593934,16.90517127477233,16.61452321694092,16.65679931640625,3710200,0.0,0.0
2009-09-02 00:00:00-04:00,16.609229134042938,16.688496649473983,16.387279486071318,16.403133392333984,4465900,0.0,0.0
2009-09-03 00:00:00-04:00,16.49826434241543,16.57224827761528,16.160055523016513,16.434850692749023,4117000,0.0,0.0
2009-09-04 00:00:00-04:00,16.54328379267753,16.591359288275097,16.228122663249426,16.31359100341797,2452500,0.333,0.0
2009-09-08 00:00:00-04:00,16.452469371205495,16.575329497775765,16.308243949419502,16.495203018188477,3473800,0.0,0.0
2009-09-09 00:00:00-04:00,16.500550362477043,16.67148500749985,16.35632489252083,16.61806869506836,3822900,0.0,0.0
2009-09-10 00:00:00-04:00,16.580681079830335,16.698198423416745,16.521921898611577,16.628755569458008,2263600,0.0,0.0
2009-09-11 00:00:00-04:00,16.62340497798793,16.687504939037147,16.452469371205495,16.495203018188477,2962800,0.0,0.0
2009-09-14 00:00:00-04:00,16.457817840439496,16.84242183721414,16.40440050545958,16.837080001831055,2604400,0.0,0.0
2009-09-15 00:00:00-04:00,16.805031333526138,16.92789152677196,16.655463997341585,16.86379051208496,2491800,0.0,0.0
2009-09-16 00:00:00-04:00,16.84241732275103,17.15223655996908,16.767632666284157,17.05608558654785,2657000,0.0,0.0
2009-09-17 00:00:00-04:00,16.99198739074965,17.088138379974048,16.837078256105418,16.9545955657959,2728600,0.0,0.0
2009-09-18 00:00:00-04:00,17.01869106563685,17.146890984709653,16.901172775069305,17.088132858276367,4737400,0.0,0.0
2009-09-21 00:00:00-04:00,17.045397081099495,17.082788889295674,16.69284429117785,16.746261596679688,2716000,0.0,0.0
2009-09-22 00:00:00-04:00,16.826393812231778,16.853101966298187,16.537940857830865,16.591358184814453,3352200,0.0,0.0
2009-09-23 00:00:00-04:00,16.634087909287153,16.95993260987118,16.54327878054327,16.644771575927734,3033700,0.0,0.0
2009-09-24 00:00:00-04:00,16.69285539314428,16.831740072277366,16.602046219051534,16.666147232055664,2447900,0.0,0.0
2009-09-25 00:00:00-04:00,16.61806715601525,16.85310176172887,16.602041652459466,16.714218139648438,2811000,0.0,0.0
2009-09-28 00:00:00-04:00,16.724899510322448,16.986643268604738,16.660799538704694,16.858442306518555,1393500,0.0,0.0
2009-09-29 00:00:00-04:00,16.917201544772578,16.933227047179933,16.76229141138685,16.890493392944336,1992200,0.0,0.0
2009-09-30 00:00:00-04:00,16.879811264632714,16.959936746278046,16.6875092936033,16.794343948364258,4573200,0.0,0.0
2009-10-01 00:00:00-04:00,16.77298162210803,16.82639896545111,16.39372042018924,16.41508674621582,2698400,0.0,0.0
2009-10-02 00:00:00-04:00,16.292222649359378,16.324272638145477,16.14799617154578,16.21209716796875,2110600,0.0,0.0
2009-10-05 00:00:00-04:00,16.292226047093568,16.399060723795234,16.041165881350942,16.356327056884766,1946900,0.0,0.0
2009-10-06 00:00:00-04:00,16.367006265455394,16.612725562623474,16.281538949618874,16.607383728027344,2349400,0.0,0.0
2009-10-07 00:00:00-04:00,16.602047406459178,16.650122914937963,16.447138227133962,16.628755569458008,2085900,0.0,0.0
2009-10-08 00:00:00-04:00,16.762296877469996,16.789006056858625,16.484528543785377,16.569995880126953,2698200,0.0,0.0
2009-10-09 00:00:00-04:00,16.591351512609386,16.85309518883301,16.586009680174165,16.746261596679688,2026200,0.0,0.0
2009-10-12 00:00:00-04:00,16.746275090855196,16.83174244098773,16.62875672028458,16.69285774230957,1295500,0.0,0.0
2009-10-13 00:00:00-04:00,16.676830295034588,16.676830295034588,16.489871125117446,16.505895614624023,1802200,0.0,0.0
2009-10-14 00:00:00-04:00,16.799677952437285,16.799677952437285,16.292215107133973,16.383024215698242,3909800,0.0,0.0
2009-10-15 00:00:00-04:00,16.415081673121914,16.495207153948144,16.297564369166825,16.42042350769043,5214000,0.0,0.0
2009-10-16 00:00:00-04:00,16.372350419101046,16.746270742987573,16.20675759856886,16.63409423828125,5552800,0.0,0.0
2009-10-19 00:00:00-04:00,16.698195010158084,16.98130616679037,16.548626678924833,16.911863327026367,4613000,0.0,0.0
2009-10-20 00:00:00-04:00,16.901182317786223,16.901182317786223,16.42042827441874,16.505895614624023,4125600,0.0,0.0
2009-10-21 00:00:00-04:00,16.489866338230396,16.66614280358841,16.38837351913009,16.42042350769043,5539200,0.0,0.0
2009-10-22 00:00:00-04:00,16.43645378277638,16.569996629203516,16.28154359187239,16.505895614624023,3839100,0.0,0.0
2009-10-23 00:00:00-04:00,16.521913794417287,16.59135559546289,16.115943599091363,16.19072723388672,3178500,0.0,0.0
2009-10-26 00:00:00-04:00,16.24949667808816,16.463165069154652,15.854209899902342,15.854209899902344,4026600,0.0,0.0
2009-10-27 00:00:00-04:00,15.886257512339736,16.003774855022485,15.699297316232236,15.896941184997559,4190900,0.0,0.0
2009-10-28 00:00:00-04:00,16.13731046959461,16.13731046959461,15.64587397394242,15.69929027557373,4102400,0.0,0.0
2009-10-29 00:00:00-04:00,15.800790279132,16.32427801680815,15.779423952518234,16.27086067199707,4594000,0.0,0.0
2009-10-30 00:00:00-04:00,16.249488179413415,16.350980994157272,15.806126117764837,15.918301582336426,5253600,0.0,0.0
2009-11-02 00:00:00-05:00,15.98774134057754,16.23345955990477,15.683263973650087,15.80078125,3035700,0.0,0.0
2009-11-03 00:00:00-05:00,15.77941661665975,15.832832917786456,15.597798340047166,15.667240142822266,2196200,0.0,0.0
2009-11-04 00:00:00-05:00,15.726000523473516,16.228120721419465,15.651215862131002,15.971718788146973,4152800,0.0,0.0
2009-11-05 00:00:00-05:00,16.089238034218404,16.415081794501262,16.003769699340904,16.367006301879883,3046000,0.0,0.0
2009-11-06 00:00:00-05:00,16.318929712706886,16.43110619423599,16.185386913032193,16.3349552154541,2675600,0.0,0.0
2009-11-09 00:00:00-05:00,16.409745610788885,16.628755810882552,16.3563292840157,16.623414993286133,3154300,0.0,0.0
2009-11-10 00:00:00-05:00,16.575336948579746,16.847764452624478,16.548627770427732,16.789005279541016,2915800,0.0,0.0
2009-11-11 00:00:00-05:00,16.87446758856558,16.87446758856558,16.596698331579567,16.724899291992188,2741300,0.0,0.0
2009-11-12 00:00:00-05:00,16.708877852593083,16.87981249761589,16.548625858746064,16.61806869506836,4497300,0.0,0.0
2009-11-13 00:00:00-05:00,16.62340569116198,16.87980758405997,16.61806385770362,16.756948471069336,3506000,0.0,0.0
2009-11-16 00:00:00-05:00,16.879806823147913,16.959932283710298,16.788997696150403,16.943906784057617,2649400,0.0,0.0
2009-11-17 00:00:00-05:00,16.917201544772578,16.95993519900818,16.78900058206578,16.890493392944336,2049400,0.0,0.0
2009-11-18 00:00:00-05:00,16.86377885370345,16.895828829464413,16.687502458742628,16.746261596679688,2157600,0.0,0.0
2009-11-19 00:00:00-05:00,16.671483162786505,16.746267825847138,16.31358942615302,16.393714904785156,2378700,0.0,0.0
2009-11-20 00:00:00-05:00,16.436457864956648,16.660809943428657,16.356332340970496,16.58602523803711,2759500,0.0,0.0
2009-11-23 00:00:00-05:00,16.724898034525495,16.93856628581515,16.671480716990434,16.730239868164062,2437000,0.0,0.0
2009-11-24 00:00:00-05:00,16.746275090855196,16.78366692918178,16.53260671552387,16.69285774230957,3090200,0.0,0.0
2009-11-25 00:00:00-05:00,16.68216465348914,16.901174741951806,16.666140171165427,16.87980842590332,1715300,0.0,0.0
2009-11-27 00:00:00-05:00,16.495211942385595,16.71956396513723,16.43645378277638,16.505895614624023,1104600,0.0,0.0
2009-11-30 00:00:00-05:00,16.505894269735904,16.7783217765122,16.415085100810472,16.75161361694336,3132600,0.0,0.0
2009-12-01 00:00:00-05:00,16.89049068384937,17.061425273375278,16.885148850570374,16.92254066467285,3693700,0.0,0.0
2009-12-02 00:00:00-05:00,16.965284458347128,17.307154860709172,16.94391711245213,17.25373649597168,4074000,0.0,0.0
2009-12-03 00:00:00-05:00,17.23236245749406,17.430007273709503,17.13087066046288,17.269756317138672,2958900,0.0,0.0
2009-12-04 00:00:00-05:00,17.451374965134207,17.56355248403787,16.954596524146016,17.19497299194336,3787800,0.0,0.0
2009-12-07 00:00:00-05:00,17.20738397425915,17.347720357243468,17.14801164147781,17.277551651000977,2842000,0.333,0.0
2009-12-08 00:00:00-05:00,17.22897160693104,17.293742629707307,17.04005723912578,17.2343692779541,3196300,0.0,0.0
2009-12-09 00:00:00-05:00,17.22357607861047,17.396297454833984,17.1534084055824,17.396297454833984,2410300,0.0,0.0
2009-12-10 00:00:00-05:00,17.471870155503396,17.709363692050353,17.4232921193008,17.69856834411621,2825900,0.0,0.0
2009-12-11 00:00:00-05:00,17.811915343161857,18.06560085692994,17.649989251842594,18.044010162353516,3066300,0.0,0.0
2009-12-14 00:00:00-05:00,18.17893622987311,18.211322249139105,17.903660213613456,18.076383590698242,2848900,0.0,0.0
2009-12-15 00:00:00-05:00,18.049403201276824,18.286896676176205,17.87128515410384,18.2059326171875,4112500,0.0,0.0
2009-12-16 00:00:00-05:00,18.24371671134486,18.427233474825325,18.141164013135842,18.184343338012695,3307300,0.0,0.0
2009-12-17 00:00:00-05:00,18.157358732920837,18.20054012329261,17.952251246658975,18.02781867980957,2397200,0.0,0.0
2009-12-18 00:00:00-05:00,18.119567621286016,18.211327003662163,17.93605091553479,18.033206939697266,5329500,0.0,0.0
2009-12-21 00:00:00-05:00,18.081789996447174,18.330076767909638,18.03321197081307,18.16275405883789,2504800,0.0,0.0
2009-12-22 00:00:00-05:00,18.232920007673403,18.276101388336492,17.930658579038006,17.979236602783203,2049500,0.0,0.0
2009-12-23 00:00:00-05:00,18.02241543497969,18.151957514449208,17.84429739208579,17.919862747192383,2100700,0.0,0.0
2009-12-24 00:00:00-05:00,17.97923984356819,18.184345261683756,17.973841140511404,18.146562576293945,814700,0.0,0.0
2009-12-28 00:00:00-05:00,18.232925415039062,18.28150345319112,18.033216617748234,18.232925415039062,1425400,0.0,0.0
2009-12-29 00:00:00-05:00,18.29228807052743,18.34086608018157,18.11417007446289,18.11417007446289,1182600,0.0,0.0
2009-12-30 00:00:00-05:00,18.103383964483832,18.27610540711321,18.07099792186507,18.216732025146484,1387500,0.0,0.0
2009-12-31 00:00:00-05:00,18.303089907897252,18.35166793479059,17.936056384481308,17.94685173034668,2120900,0.0,0.0
2010-01-04 00:00:00-05:00,17.887472011169766,18.157349385047404,17.752533324230946,18.151952743530273,5130400,0.0,0.0
2010-01-05 00:00:00-05:00,18.162752559571754,18.216727224042405,18.044005826934566,18.13576316833496,6568700,0.0,0.0
2010-01-06 00:00:00-05:00,18.151958649776347,18.211332020788365,17.903669820180493,18.03860855102539,2972700,0.0,0.0
2010-01-07 00:00:00-05:00,17.9684386186622,18.022413277562457,17.74713922276915,17.795717239379883,1923800,0.0,0.0
2010-01-08 00:00:00-05:00,17.698568569623756,17.817313280408143,17.60680914051543,17.747146606445312,1764000,0.0,0.0
2010-01-11 00:00:00-05:00,17.730948966717982,17.838900366587232,17.601408934076236,17.83350372314453,3397600,0.0,0.0
2010-01-12 00:00:00-05:00,17.531240251035804,17.892877132484475,17.461071532127548,17.720155715942383,4012200,0.0,0.0
2010-01-13 00:00:00-05:00,17.747136572154545,17.952241892543114,17.596003843603924,17.83889389038086,2749100,0.0,0.0
2010-01-14 00:00:00-05:00,17.757933569162006,17.801112882057247,17.622994870487524,17.714752197265625,2590000,0.0,0.0
2010-01-15 00:00:00-05:00,17.633789316407285,17.75253603794579,17.363911901275237,17.606801986694336,3169700,0.0,0.0
2010-01-19 00:00:00-05:00,17.5744201308426,17.779525508559562,17.498852715945194,17.76873016357422,2185300,0.0,0.0
2010-01-20 00:00:00-05:00,17.65537951916925,17.65537951916925,17.191191077943717,17.396297454833984,3719400,0.0,0.0
2010-01-21 00:00:00-05:00,17.407097869032015,17.596011285870393,17.013076986053523,17.13722038269043,3204500,0.0,0.0
2010-01-22 00:00:00-05:00,17.099434726207292,17.169602407475498,16.82955728678988,16.861942291259766,3298800,0.0,0.0
2010-01-25 00:00:00-05:00,16.883531809567337,17.0670485380029,16.802567759757025,16.969892501831055,2074900,0.0,0.0
2010-01-26 00:00:00-05:00,16.953707029727635,17.007682743784777,16.743202877356016,16.88893699645996,2382500,0.0,0.0
2010-01-27 00:00:00-05:00,16.845750865211766,16.845750865211766,16.403151987487643,16.656837463378906,2649300,0.0,0.0
2010-01-28 00:00:00-05:00,16.683825759549986,16.69462110584852,16.365370250249544,16.500308990478516,2994500,0.0,0.0
2010-01-29 00:00:00-05:00,16.64064373044443,16.721606760539853,16.467922325040657,16.5111026763916,3138100,0.0,0.0
2010-02-01 00:00:00-05:00,16.586669564459665,16.63524759289974,16.440935479139437,16.53269386291504,2192100,0.0,0.0
2010-02-02 00:00:00-05:00,16.543489782773044,16.70541689302178,16.40855103898289,16.673030853271484,2553900,0.0,0.0
2010-02-03 00:00:00-05:00,16.570473630314734,16.662231992248746,16.43013725150385,16.48950958251953,1914100,0.0,0.0
2010-02-04 00:00:00-05:00,16.365366429753887,16.40854677536667,15.976743319238853,15.998332977294922,2337500,0.0,0.0
2010-02-05 00:00:00-05:00,15.98214220729471,16.052309888192173,15.65828907580481,15.933564186096191,3041800,0.0,0.0
2010-02-08 00:00:00-05:00,15.917372579699613,16.208840732718922,15.852602565362533,15.911974906921387,2157200,0.0,0.0
2010-02-09 00:00:00-05:00,16.052303455919763,16.316783115632425,15.97673813300195,16.13326644897461,3132400,0.0,0.0
2010-02-10 00:00:00-05:00,16.111683009301125,16.219633365157822,15.863395234779366,16.154863357543945,3503200,0.0,0.0
2010-02-11 00:00:00-05:00,16.13867910545257,16.521905805042742,15.965957618680033,16.47872543334961,5261500,0.0,0.0
2010-02-12 00:00:00-05:00,16.343781949425804,16.381564635119005,16.138674470661336,16.284408569335938,4165100,0.0,0.0
2010-02-16 00:00:00-05:00,16.41934653616962,16.646043668996455,16.413948862828395,16.602863311767578,3017500,0.0,0.0
2010-02-17 00:00:00-05:00,16.68922185968495,16.797173253493703,16.489512089988985,16.592065811157227,2219700,0.0,0.0
2010-02-18 00:00:00-05:00,16.54888783818788,16.770187300753594,16.47872014277719,16.65144157409668,3440400,0.0,0.0
2010-02-19 00:00:00-05:00,16.570479078002144,16.840356580709013,16.4517323179305,16.829561233520508,2822900,0.0,0.0
2010-02-22 00:00:00-05:00,16.932113576911757,16.932113576911757,16.462526307934546,16.500308990478516,2305800,0.0,0.0
2010-02-23 00:00:00-05:00,16.440934935131537,16.50030830781613,16.171057465839155,16.279008865356445,3321100,0.0,0.0
2010-02-24 00:00:00-05:00,16.338384275826638,16.359973940722334,16.063109099274936,16.284408569335938,3771400,0.0,0.0
2010-02-25 00:00:00-05:00,16.08469642399627,16.181852475644032,15.8526026700054,16.14946746826172,4217700,0.0,0.0
2010-02-26 00:00:00-05:00,16.122477492436285,16.19804284044917,15.949755079191528,16.041513442993164,2599600,0.0,0.0
2010-03-01 00:00:00-05:00,16.100890590361008,16.52189983435049,16.100890590361008,16.43014144897461,2944500,0.0,0.0
2010-03-02 00:00:00-05:00,16.511104199997718,16.592067237564216,16.419345816222112,16.53269386291504,2401400,0.0,0.0
2010-03-03 00:00:00-05:00,16.548887019321015,16.592067375014253,16.462526307934546,16.500308990478516,2356400,0.0,0.0
2010-03-04 00:00:00-05:00,16.5650787040547,16.69461976069677,16.39775393841216,16.67842674255371,7348300,0.0,0.0
2010-03-05 00:00:00-05:00,16.996883320221784,16.996883320221784,16.710812824952573,16.840354919433594,5039300,0.0,0.0
2010-03-08 00:00:00-05:00,16.76558950964137,16.85836788071747,16.55274543991465,16.7601318359375,2415200,0.343,0.0
2010-03-09 00:00:00-05:00,16.749210236424148,16.78195522344449,16.645516563091284,16.67280387878418,2987200,0.0,0.0
2010-03-10 00:00:00-05:00,16.700092235421444,16.7546679077516,16.53090858804789,16.67280387878418,3263100,0.0,0.0
2010-03-11 00:00:00-05:00,16.60731172227902,16.760122335588477,16.596396381058565,16.738292694091797,2532000,0.0,0.0
2010-03-12 00:00:00-05:00,16.798332494740936,16.869280158089822,16.656436127098527,16.68372344970703,1916400,0.0,0.0
2010-03-15 00:00:00-04:00,16.656435471538202,16.83653450012207,16.656435471538202,16.83653450012207,2157400,0.0,0.0
2010-03-16 00:00:00-04:00,16.874733759402247,17.016630092809066,16.776497756201806,16.989341735839844,2360100,0.0,0.0
2010-03-17 00:00:00-04:00,17.0166331009923,17.09303843212422,16.79833141136927,16.89656639099121,3551500,0.0,0.0
2010-03-18 00:00:00-04:00,16.8856441342641,17.027540425923608,16.76011981102495,16.912931442260742,2269400,0.0,0.0
2010-03-19 00:00:00-04:00,16.874738693237305,17.103955754075344,16.727384645353276,16.874738693237305,3569000,0.0,0.0
2010-03-22 00:00:00-04:00,16.80924529239954,16.874736318111676,16.645519289536022,16.694637298583984,2010200,0.0,0.0
2010-03-23 00:00:00-04:00,16.694644573302877,16.891116695107787,16.569121180347516,16.66189956665039,2770200,0.0,0.0
2010-03-24 00:00:00-04:00,16.618234532930636,16.716469525235922,16.410847120304066,16.421762466430664,3384400,0.0,0.0
2010-03-25 00:00:00-04:00,16.421758815309193,16.48724879561871,15.925122127360071,16.017900466918945,5960600,0.0,0.0
2010-03-26 00:00:00-04:00,16.067014165902,16.072471836288955,15.84871255514467,15.88691520690918,3177700,0.0,0.0
2010-03-29 00:00:00-04:00,15.99606903163635,16.105220381641555,15.908748368009954,16.09430503845215,2689700,0.0,0.0
2010-03-30 00:00:00-04:00,16.154336508523272,16.17070848046115,16.02335552829874,16.072473526000977,2444400,0.0,0.0
2010-03-31 00:00:00-04:00,16.143422707060907,16.1761676950056,15.886918393096076,16.11067771911621,3954100,0.0,0.0
2010-04-01 00:00:00-04:00,16.187081761419293,16.454501397257847,16.187081761419293,16.438129425048828,3110800,0.0,0.0
2010-04-05 00:00:00-04:00,16.509079895505515,16.847448272040545,16.498164551533048,16.820159912109375,3317600,0.0,0.0
2010-04-06 00:00:00-04:00,16.749215388686856,17.000262101308486,16.678266680549655,16.97297477722168,3975800,0.0,0.0
2010-04-07 00:00:00-04:00,16.902025596907322,16.902025596907322,16.59094553085146,16.743757247924805,5440700,0.0,0.0
2010-04-08 00:00:00-04:00,16.7110137006974,16.7110137006974,16.49816860472153,16.634607315063477,2602200,0.0,0.0
2010-04-09 00:00:00-04:00,16.65643202631647,16.760124659455556,16.492705008140835,16.749210357666016,2686600,0.0,0.0
2010-04-12 00:00:00-04:00,16.912941798934433,16.951144469900846,16.81470576448097,16.934772491455078,2048000,0.0,0.0
2010-04-13 00:00:00-04:00,16.951142499700627,16.989345166226812,16.732840804590573,16.83653450012207,2521900,0.0,0.0
2010-04-14 00:00:00-04:00,16.825617681211504,17.043919357198398,16.70555201965484,17.038461685180664,3131700,0.0,0.0
2010-04-15 00:00:00-04:00,16.983888131461626,17.016633124714588,16.754671096801758,16.754671096801758,3118200,0.0,0.0
2010-04-16 00:00:00-04:00,16.727382574676252,16.809245577496466,16.45996287695978,16.50908088684082,2908600,0.0,0.0
2010-04-19 00:00:00-04:00,16.43812868718474,16.585481635173192,16.410840333154084,16.51453399658203,1610200,0.0,0.0
2010-04-20 00:00:00-04:00,16.62369096010812,16.81470535118992,16.574573985033357,16.803791046142578,2127000,0.0,0.0
2010-04-21 00:00:00-04:00,16.78195460114296,16.84198794257444,16.694633945030446,16.82561492919922,1747000,0.0,0.0
2010-04-22 00:00:00-04:00,16.831074951283593,16.98388664129735,16.711009292594234,16.95659828186035,2338700,0.0,0.0
2010-04-23 00:00:00-04:00,16.9293043329553,17.21855354309082,16.83652602909536,17.21855354309082,2064300,0.0,0.0
2010-04-26 00:00:00-04:00,17.1749050064258,17.26768337392308,17.09849965940855,17.131244659423828,2478900,0.0,0.0
2010-04-27 00:00:00-04:00,17.08757928432451,17.218560286788666,16.92385329148043,16.95659828186035,3475200,0.0,0.0
2010-04-28 00:00:00-04:00,17.076663929607058,17.20764492400306,16.792871254610187,17.16944122314453,3518700,0.0,0.0
2010-04-29 00:00:00-04:00,17.24584814865373,17.502352474294064,17.24584814865373,17.376829147338867,2678900,0.0,0.0
2010-04-30 00:00:00-04:00,17.43140534545732,17.81889172232562,17.404116985990832,17.535099029541016,4937400,0.0,0.0
2010-05-03 00:00:00-04:00,17.64424339601642,17.93894923395538,17.611497377628478,17.884374618530273,2559700,0.0,0.0
2010-05-04 00:00:00-04:00,17.742486661582696,17.780691410831366,17.436865322707156,17.546016693115234,2741900,0.0,0.0
2010-05-05 00:00:00-04:00,17.33862950131826,17.578760853527026,17.229478129627275,17.40411949157715,3174900,0.0,0.0
2010-05-06 00:00:00-04:00,17.37682807636086,17.447775722588457,16.15979546109391,16.918394088745117,3644400,0.0,0.0
2010-05-07 00:00:00-04:00,16.92385477637739,17.125783449205986,16.51453871740938,16.754671096801758,4797900,0.0,0.0
2010-05-10 00:00:00-04:00,17.305881854573318,17.50781260206904,17.01117484394765,17.147613525390625,6063500,0.0,0.0
2010-05-11 00:00:00-04:00,16.98934263426195,17.344084007010444,16.98934263426195,17.180356979370117,4001900,0.0,0.0
2010-05-12 00:00:00-04:00,17.16944456930183,17.573304015244943,17.093039234582946,17.546016693115234,3551900,0.0,0.0
2010-05-13 00:00:00-04:00,17.6879091422553,17.85709384298228,17.46414980613969,17.51872444152832,3647400,0.0,0.0
2010-05-14 00:00:00-04:00,17.431407074730256,17.567844721820002,17.174901675021186,17.360458374023438,3619300,0.0,0.0
2010-05-17 00:00:00-04:00,17.507814690071857,17.59513537333377,17.09849755598276,17.393205642700195,5231000,0.0,0.0
2010-05-18 00:00:00-04:00,17.469608264182245,17.567844283668034,17.191274263565255,17.229476928710938,3671200,0.0,0.0
2010-05-19 00:00:00-04:00,17.185815440483534,17.25676413467004,16.945683080147226,17.1530704498291,3681400,0.0,0.0
2010-05-20 00:00:00-04:00,16.831082492059885,16.90203017649359,16.563662695432928,16.64006805419922,7311000,0.0,0.0
2010-05-21 00:00:00-04:00,16.410840333154084,16.58002396436706,16.241656701941107,16.51453399658203,4815300,0.0,0.0
2010-05-24 00:00:00-04:00,16.61823063102193,16.76558360535419,16.410843267089266,16.443588256835938,2486900,0.0,0.0
2010-05-25 00:00:00-04:00,16.116141129836926,16.399932861328125,15.837806030826046,16.399932861328125,4362600,0.0,0.0
2010-05-26 00:00:00-04:00,16.53636227672463,16.596395609702718,16.23619769372256,16.312602996826172,2880100,0.0,0.0
2010-05-27 00:00:00-04:00,16.519993324779904,16.711007658381188,16.416299650948744,16.700092315673828,2347000,0.0,0.0
2010-05-28 00:00:00-04:00,16.705552600216254,16.896565922752686,16.640061574671954,16.716466903686523,2633600,0.0,0.0
2010-06-01 00:00:00-04:00,16.61278191057049,16.831083694748187,16.438140483228334,16.525461196899414,3910900,0.0,0.0
2010-06-02 00:00:00-04:00,16.634608607343537,16.9893490736021,16.465424884840807,16.9838924407959,4898400,0.0,0.0
2010-06-03 00:00:00-04:00,17.00026289871543,17.19673497237908,16.97843324661099,17.185819625854492,2023500,0.0,0.0
2010-06-04 00:00:00-04:00,16.962051984389984,17.196726615908627,16.672801687713292,16.738292694091797,3386000,0.0,0.0
2010-06-07 00:00:00-04:00,16.811704241579303,17.17597721050454,16.673722423236526,17.004878997802734,4980500,0.343,0.0
2010-06-08 00:00:00-04:00,17.021429475928386,17.446413536350224,16.916563046782827,17.429855346679688,4824300,0.0,0.0
2010-06-09 00:00:00-04:00,17.551285692217824,17.882443297239487,17.363630347669478,17.584402084350586,6026100,0.0,0.0
2010-06-10 00:00:00-04:00,17.783097249350625,17.91004026834302,17.68926851896076,17.79413604736328,3392400,0.0,0.0
2010-06-11 00:00:00-04:00,17.61751892788924,17.744463003134225,17.4243441681595,17.72238540649414,2917200,0.0,0.0
2010-06-14 00:00:00-04:00,17.86588329307516,18.075616223511048,17.805170962783045,17.838287353515625,2706800,0.0,0.0
2010-06-15 00:00:00-04:00,17.987306394166865,18.279827117919922,17.843806257637546,18.279827117919922,2682300,0.0,0.0
2010-06-16 00:00:00-04:00,18.14737327084398,18.39574101877407,17.959717873011897,18.323989868164062,2628500,0.0,0.0
2010-06-17 00:00:00-04:00,18.335015629756597,18.616497473611357,18.197033879636052,18.566823959350586,3113300,0.0,0.0
2010-06-18 00:00:00-04:00,18.550277322818516,18.655142754309193,18.41229549459813,18.555795669555664,3351300,0.0,0.0
2010-06-21 00:00:00-04:00,18.82071531530517,18.881427639779545,18.1860003445163,18.25775146484375,4271100,0.0,0.0
2010-06-22 00:00:00-04:00,18.241198382242626,18.412296617628606,17.705830287789766,17.76654052734375,5555200,0.0,0.0
2010-06-23 00:00:00-04:00,17.716864920177013,17.761020113371348,17.48505647221323,17.50161361694336,4480800,0.0,0.0
2010-06-24 00:00:00-04:00,17.479531852152594,17.849323062961304,17.457454262149717,17.562320709228516,3122700,0.0,0.0
2010-06-25 00:00:00-04:00,17.61199533614456,17.89899770783744,17.308435823630834,17.8824405670166,6229800,0.0,0.0
2010-06-28 00:00:00-04:00,17.92108158166796,18.00938987272828,17.683752654674144,17.899003982543945,2779500,0.0,0.0
2010-06-29 00:00:00-04:00,17.71135130523431,17.72239010648185,17.37467523621059,17.446426391601562,4139500,0.0,0.0
2010-06-30 00:00:00-04:00,17.5292065919762,17.694785370322542,17.275319552932146,17.29187774658203,4804100,0.0,0.0
2010-07-01 00:00:00-04:00,17.34707350081663,17.36915004323148,17.06559047918301,17.192533493041992,3695100,0.0,0.0
2010-07-02 00:00:00-04:00,17.192534063229797,17.457458897300217,17.181495265297436,17.319477081298828,2860400,0.0,0.0
2010-07-06 00:00:00-04:00,17.407786989558637,17.578884152315702,17.308439910306873,17.50161361694336,4111400,0.0,0.0
2010-07-07 00:00:00-04:00,17.50712902646058,18.13080625015472,17.462974896046102,18.059057235717773,6629900,0.0,0.0
2010-07-08 00:00:00-04:00,18.12528815425782,18.31846181952942,18.12528815425782,18.301904678344727,3598200,0.0,0.0
2010-07-09 00:00:00-04:00,18.235675009339445,18.450926278298322,18.169442230094283,18.40125274658203,2794700,0.0,0.0
2010-07-12 00:00:00-04:00,18.384696088527846,18.53371668760019,18.285349022479615,18.461965560913086,2576600,0.0,0.0
2010-07-13 00:00:00-04:00,18.605474336727873,18.671707148430833,18.39022296228373,18.473012924194336,3269600,0.0,0.0
2010-07-14 00:00:00-04:00,18.384702289195967,18.561318887197494,18.279834736645363,18.500606536865234,2047800,0.0,0.0
2010-07-15 00:00:00-04:00,18.3626218415991,18.688259038454895,18.346064696051794,18.622028350830078,2137800,0.0,0.0
2010-07-16 00:00:00-04:00,18.550273630935223,18.605465509064825,18.19152010678725,18.197040557861328,3187400,0.0,0.0
2010-07-19 00:00:00-04:00,18.301900017679714,18.511632876161595,18.20255298500064,18.379169464111328,2418900,0.0,0.0
2010-07-20 00:00:00-04:00,18.26879031921322,18.506119194578453,18.03698189514594,18.47852325439453,3059400,0.0,0.0
2010-07-21 00:00:00-04:00,18.533709285912195,18.533709285912195,18.10320480315259,18.213590621948242,2205400,0.0,0.0
2010-07-22 00:00:00-04:00,18.38470194055841,18.715857529172435,18.312950791032215,18.594432830810547,3581300,0.0,0.0
2010-07-23 00:00:00-04:00,18.555794204393493,18.677218877379158,18.412294040766707,18.63858413696289,2144500,0.0,0.0
2010-07-26 00:00:00-04:00,18.655139533492846,18.80968058611433,18.594427202688184,18.793121337890625,2072100,0.0,0.0
2010-07-27 00:00:00-04:00,18.859355567407704,19.22362962086154,18.831759622416378,19.19603157043457,2720300,0.0,0.0
2010-07-28 00:00:00-04:00,19.151875945483166,19.278818959995508,18.931104203892353,18.980777740478516,3851800,0.0,0.0
2010-07-29 00:00:00-04:00,19.118750071163255,19.1794623752638,18.484035313371955,18.666170120239258,4388400,0.0,0.0
2010-07-30 00:00:00-04:00,18.384691504289798,18.62753865772288,17.772052118232917,18.158401489257812,5140700,0.0,0.0
2010-08-02 00:00:00-04:00,18.29638868704433,18.4012541037641,18.06457815345943,18.38469696044922,5799500,0.0,0.0
2010-08-03 00:00:00-04:00,18.373656250732264,18.511638045155724,18.230154005488213,18.25223159790039,2353900,0.0,0.0
2010-08-04 00:00:00-04:00,18.263266874855912,18.27982401325701,17.827243983193036,18.158401489257812,3977500,0.0,0.0
2010-08-05 00:00:00-04:00,18.036979495837773,18.075614228043065,17.744458779016274,17.8824405670166,3294400,0.0,0.0
2010-08-06 00:00:00-04:00,17.816212625385184,18.1252926722983,17.772059536075066,18.070100784301758,3779800,0.0,0.0
2010-08-09 00:00:00-04:00,18.075613080967802,18.197037720441703,17.992823171247437,18.031457901000977,2599600,0.0,0.0
2010-08-10 00:00:00-04:00,17.92107730868366,18.0921733975104,17.77757505402904,17.948673248291016,2870400,0.0,0.0
2010-08-11 00:00:00-04:00,17.738940075070804,17.772056465408202,17.507130606297043,17.518169403076172,2726900,0.0,0.0
2010-08-12 00:00:00-04:00,17.374671008009113,17.694789849977244,17.209093240462217,17.418825149536133,4236300,0.0,0.0
2010-08-13 00:00:00-04:00,17.38570939296147,17.700307775446884,17.319477655887713,17.50161361694336,2645600,0.0,0.0
2010-08-16 00:00:00-04:00,17.424338740556987,17.56232051842357,17.2753181678089,17.40778160095215,2201700,0.0,0.0
2010-08-17 00:00:00-04:00,17.540248518555632,17.87692342779074,17.46297798711475,17.711345672607422,2635000,0.0,0.0
2010-08-18 00:00:00-04:00,17.66718433560069,17.83828248284856,17.562318951733406,17.76101303100586,2833100,0.0,0.0
2010-08-19 00:00:00-04:00,17.551287581448953,17.794136939025684,17.385709813832893,17.474018096923828,2281500,0.0,0.0
2010-08-20 00:00:00-04:00,17.347069910431173,17.55680175719281,17.319472922227366,17.51264762878418,2326600,0.0,0.0
2010-08-23 00:00:00-04:00,17.551288620768744,17.860368682607323,17.551288620768744,17.77206039428711,3047700,0.0,0.0
2010-08-24 00:00:00-04:00,17.611998563601265,17.915558131743282,17.611998563601265,17.733423233032227,3381100,0.0,0.0
2010-08-25 00:00:00-04:00,17.490575835258515,17.617518857276952,17.264285734193383,17.523691177368164,8832900,0.0,0.0
2010-08-26 00:00:00-04:00,17.612001324875138,17.661674869663496,17.264287564074497,17.32499885559082,3413900,0.0,0.0
2010-08-27 00:00:00-04:00,17.407779555705172,17.744455391013023,17.25323960367329,17.700300216674805,2723000,0.0,0.0
2010-08-30 00:00:00-04:00,17.67823060680245,17.749981744762444,17.474018096923828,17.474018096923828,2079400,0.0,0.0
2010-08-31 00:00:00-04:00,17.45745341190906,17.678224037598333,17.308433897517165,17.639589309692383,3960300,0.0,0.0
2010-09-01 00:00:00-04:00,17.799653153637824,18.125290303301632,17.733422475611285,18.11977195739746,2665800,0.0,0.0
2010-09-02 00:00:00-04:00,18.125287023252522,18.18599934438806,17.915554124448366,18.003862380981445,2465600,0.0,0.0
2010-09-03 00:00:00-04:00,18.048021887186554,18.19152204890463,17.970752407381788,18.174964904785156,2371800,0.0,0.0
2010-09-07 00:00:00-04:00,18.065095196729196,18.260304359610426,18.053940205056232,18.115291595458984,2628700,0.343,0.0
2010-09-08 00:00:00-04:00,18.165481182370925,18.23240897971456,17.864302902930113,17.914499282836914,1916500,0.0,0.0
2010-09-09 00:00:00-04:00,18.120867194815826,18.176640016472327,18.04836082458496,18.04836082458496,1821900,0.0,0.0
2010-09-10 00:00:00-04:00,18.01489703686441,18.048362008611775,17.730452223600988,17.80295753479004,3606600,0.0,0.0
2010-09-13 00:00:00-04:00,17.886607986354193,17.942380780955318,17.747173872255644,17.847566604614258,2997700,0.0,0.0
2010-09-14 00:00:00-04:00,17.86988026343357,17.959118029779464,17.713713640429212,17.808528900146484,3248700,0.0,0.0
2010-09-15 00:00:00-04:00,17.79179810341241,17.79179810341241,17.434847004255726,17.540817260742188,3627100,0.0,0.0
2010-09-16 00:00:00-04:00,17.529662523010092,17.646786705167372,17.440424746947915,17.618900299072266,2698700,0.0,0.0
2010-09-17 00:00:00-04:00,17.719296710684453,17.77507059815416,17.6300589162523,17.769493103027344,3856900,0.0,0.0
2010-09-20 00:00:00-04:00,17.81968155358647,18.003733491751856,17.724866306284273,17.992578506469727,2804100,0.0,0.0
2010-09-21 00:00:00-04:00,18.048357792145804,18.237988332552142,17.86988223971589,18.092975616455078,4052200,0.0,0.0
2010-09-22 00:00:00-04:00,18.10413010225035,18.35511200576694,18.05393372154703,18.070667266845703,2650700,0.0,0.0
2010-09-23 00:00:00-04:00,17.93681339584055,18.176640363212663,17.858730592993222,17.881040573120117,2426400,0.0,0.0
2010-09-24 00:00:00-04:00,18.076247249569267,18.332805633544922,17.99816444815031,18.332805633544922,2745900,0.0,0.0
2010-09-27 00:00:00-04:00,18.382997266675446,18.53358639941025,18.304914485463964,18.438772201538086,2883700,0.0,0.0
2010-09-28 00:00:00-04:00,18.48338508605957,18.555891418220924,18.310488153146036,18.48338508605957,2292800,0.0,0.0
2010-09-29 00:00:00-04:00,18.38299560546875,18.44434696447544,18.210098642009196,18.38299560546875,1784800,0.0,0.0
2010-09-30 00:00:00-04:00,18.561473904845556,18.561473904845556,18.422039750806523,18.449928283691406,3332600,0.0,0.0
2010-10-01 00:00:00-04:00,18.611670285403463,18.617248843018977,18.371843370248616,18.449928283691406,2032100,0.0,0.0
2010-10-04 00:00:00-04:00,18.422039750806523,18.645135248307515,18.36068838261393,18.449928283691406,1935600,0.0,0.0
2010-10-05 00:00:00-04:00,18.633983038411642,18.767840782385473,18.544745251627976,18.723220825195312,1777900,0.0,0.0
2010-10-06 00:00:00-04:00,18.689754277046355,18.73437423046381,18.394154532243387,18.422040939331055,2152300,0.0,0.0
2010-10-07 00:00:00-04:00,18.511280201353603,18.639559386309447,18.48339379203219,18.628406524658203,1799900,0.0,0.0
2010-10-08 00:00:00-04:00,18.695334952039744,18.76784132075533,18.578210752450758,18.689756393432617,1777700,0.0,0.0
2010-10-11 00:00:00-04:00,18.728798703252632,18.806881497902125,18.55589956681691,18.639558792114258,1816000,0.0,0.0
2010-10-12 00:00:00-04:00,18.645130933712988,18.6841723176018,18.349531276384585,18.500118255615234,2025900,0.0,0.0
2010-10-13 00:00:00-04:00,18.555897823090707,18.68417699190265,18.461081490214514,18.622825622558594,2115200,0.0,0.0
2010-10-14 00:00:00-04:00,18.600522825891407,18.700915627638835,18.40531578226985,18.46666717529297,1818300,0.0,0.0
2010-10-15 00:00:00-04:00,18.567054469257865,18.62840584408154,18.3885789030053,18.54474449157715,6137600,0.0,0.0
2010-10-18 00:00:00-04:00,18.578209653014643,18.851499435882648,18.522434708227685,18.812458038330078,1606600,0.0,0.0
2010-10-19 00:00:00-04:00,18.600515521248433,18.806879603574977,18.50570131660897,18.583784103393555,2108200,0.0,0.0
2010-10-20 00:00:00-04:00,18.6451316738201,18.862648572005074,18.62840025937385,18.71763801574707,1518500,0.0,0.0
2010-10-21 00:00:00-04:00,18.79572673994496,18.946315900446315,18.700910396993763,18.851499557495117,3533400,0.0,0.0
2010-10-22 00:00:00-04:00,18.85149923809896,18.857077796317427,18.472238127913116,18.54474449157715,3579300,0.0,0.0
2010-10-25 00:00:00-04:00,18.67859895829115,18.762258168545085,18.516854839832195,18.5893611907959,2618000,0.0,0.0
2010-10-26 00:00:00-04:00,18.53916640512283,18.62840418027881,18.438773642122808,18.622825622558594,2958200,0.0,0.0
2010-10-27 00:00:00-04:00,18.47223961585708,18.47223961585708,17.959122853448402,18.198949813842773,5428800,0.0,0.0
2010-10-28 00:00:00-04:00,18.277024389472217,18.371838568189844,17.981424741004574,18.098548889160156,4623100,0.0,0.0
2010-10-29 00:00:00-04:00,18.098556119096518,18.182215346515008,18.00373977490626,18.03720474243164,2755600,0.0,0.0
2010-11-01 00:00:00-04:00,18.109707837027358,18.226832010814523,17.819684553652298,17.94796371459961,3089400,0.0,0.0
2010-11-02 00:00:00-04:00,18.06509225970988,18.34953918213239,18.031629417728478,18.332805633544922,2164600,0.0,0.0
2010-11-03 00:00:00-04:00,18.388576225042023,18.47223543776639,18.21010068478119,18.36626625061035,2808200,0.0,0.0
2010-11-04 00:00:00-04:00,18.522429456245522,18.650708601487445,18.483388069763024,18.550315856933594,2359800,0.0,0.0
2010-11-05 00:00:00-04:00,18.606098245971125,18.645139648107172,18.288188469950857,18.416467666625977,2333100,0.0,0.0
2010-11-08 00:00:00-05:00,18.260298434435438,18.36626762954763,18.003737964401225,18.132017135620117,2325600,0.0,0.0
2010-11-09 00:00:00-05:00,18.165481158576195,18.28260533567321,18.042778423943336,18.104129791259766,2616500,0.0,0.0
2010-11-10 00:00:00-05:00,18.02604280232746,18.148745508342458,17.875453697926098,17.987001419067383,2594500,0.0,0.0
2010-11-11 00:00:00-05:00,17.93123696460723,18.048361168878223,17.80853420150611,17.881040573120117,3004100,0.0,0.0
2010-11-12 00:00:00-05:00,17.88103925521828,17.886615686040592,17.596592348557213,17.657943725585938,3302400,0.0,0.0
2010-11-15 00:00:00-05:00,17.752752977158227,18.014888752509016,17.752752977158227,17.825258255004883,1714600,0.0,0.0
2010-11-16 00:00:00-05:00,17.763908245069256,17.819682109421663,17.38464724403048,17.535236358642578,2299200,0.0,0.0
2010-11-17 00:00:00-05:00,17.557549370707054,17.613323248098272,17.379073814093744,17.42369270324707,3245900,0.0,0.0
2010-11-18 00:00:00-05:00,17.55197023566125,17.613321601435697,17.328875810751622,17.379072189331055,4471100,0.0,0.0
2010-11-19 00:00:00-05:00,17.25636616626912,17.278675071230502,16.927301573655292,17.155973434448242,5191200,0.0,0.0
2010-11-22 00:00:00-05:00,17.167128960545583,17.234056741339536,17.016539858062348,17.189437866210938,2388600,0.0,0.0
2010-11-23 00:00:00-05:00,17.072315063653086,17.178284235562877,16.983077306361693,17.089046478271484,3195300,0.0,0.0
2010-11-24 00:00:00-05:00,17.189443990296187,17.278681772346143,17.14482509927121,17.250795364379883,2348400,0.0,0.0
2010-11-26 00:00:00-05:00,17.07231928099813,17.217330938368114,17.0500093042651,17.083473205566406,1196100,0.0,0.0
2010-11-29 00:00:00-05:00,17.010967223661115,17.250794144890936,16.977503323707573,17.200597763061523,3189400,0.0,0.0
2010-11-30 00:00:00-05:00,17.178286287895098,17.32887542023982,17.08347102647043,17.195018768310547,9312200,0.0,0.0
2010-12-01 00:00:00-05:00,17.429272057887363,17.57428372906479,17.206177588306076,17.546396255493164,8987000,0.0,0.0
2010-12-02 00:00:00-05:00,17.540820509119254,17.61890331057035,17.34003494676113,17.563129425048828,8879800,0.0,0.0
2010-12-03 00:00:00-05:00,17.535237972794643,17.730445984098342,17.468309116651234,17.702558517456055,2670100,0.0,0.0
2010-12-06 00:00:00-05:00,17.760632300620948,17.800100200332967,17.59148385173526,17.726802825927734,3062000,0.343,0.0
2010-12-07 00:00:00-05:00,17.850851840644673,17.86212869503523,17.57457536059614,17.630958557128906,3108500,0.0,0.0
2010-12-08 00:00:00-05:00,17.664785496057355,17.704253405309522,17.473083300758358,17.552019119262695,3905200,0.0,0.0
2010-12-09 00:00:00-05:00,17.591491936523553,17.771917318367677,17.388512844238864,17.642236709594727,5234700,0.0,0.0
2010-12-10 00:00:00-05:00,17.681701919713408,17.687340346460093,17.427978093212186,17.546382904052734,2529600,0.0,0.0
2010-12-13 00:00:00-05:00,17.68733767321162,17.68733767321162,17.45616651321621,17.580209732055664,1938100,0.0,0.0
2010-12-14 00:00:00-05:00,17.580211248755205,17.8113813532746,17.501275430261714,17.738082885742188,3121100,0.0,0.0
2010-12-15 00:00:00-05:00,17.630956097813286,17.73244562233164,17.518189720477363,17.58584976196289,2408300,0.0,0.0
2010-12-16 00:00:00-05:00,17.58584916070923,18.003083021915273,17.518189121536974,17.969253540039062,5069100,0.0,0.0
2010-12-17 00:00:00-05:00,17.935418254009242,17.997439850613286,17.80009928676187,17.839567184448242,4916700,0.0,0.0
2010-12-20 00:00:00-05:00,17.95233817194498,17.98052922746472,17.732444927715463,17.749359130859375,2543700,0.0,0.0
2010-12-21 00:00:00-05:00,17.839573980095466,17.867766114481814,17.518191176030832,17.614042282104492,2662400,0.0,0.0
2010-12-22 00:00:00-05:00,17.664782342691232,17.822655026937696,17.59712231360855,17.8170166015625,1516600,0.0,0.0
2010-12-23 00:00:00-05:00,17.754998000619224,17.783190132263123,17.61404056865932,17.721168518066406,1738900,0.0,0.0
2010-12-27 00:00:00-05:00,17.659146903869694,17.749359574290445,17.6196789949881,17.721168518066406,1089200,0.0,0.0
2010-12-28 00:00:00-05:00,17.78318214416504,17.805734763929795,17.625309504134233,17.78318214416504,925000,0.0,0.0
2010-12-29 00:00:00-05:00,17.805741899773455,17.82829560399623,17.65350762252915,17.681699752807617,951100,0.0,0.0
2010-12-30 00:00:00-05:00,17.6986141204834,17.78318943668713,17.670423065362034,17.6986141204834,1117300,0.0,0.0
2010-12-31 00:00:00-05:00,17.715527769096816,17.991804170465905,17.69297406673866,17.935420989990234,2023100,0.0,0.0
2011-01-03 00:00:00-05:00,18.04818658055394,18.076379784397844,17.794463877254845,17.92978286743164,2671200,0.0,0.0
2011-01-04 00:00:00-05:00,17.929780572023677,17.969249546764615,17.642228426848344,17.80573844909668,3440500,0.0,0.0
2011-01-05 00:00:00-05:00,17.73244190038533,17.839568753407228,17.608398696267855,17.659143447875977,3161100,0.0,0.0
2011-01-06 00:00:00-05:00,17.687346194620478,17.715537262255094,17.52947341977386,17.619686126708984,3401600,0.0,0.0
2011-01-07 00:00:00-05:00,17.65350201118803,17.81137466430664,17.427970417746785,17.81137466430664,4845700,0.0,0.0
2011-01-10 00:00:00-05:00,17.760633423230214,17.845207653018804,17.540740210695944,17.8170166015625,3082000,0.0,0.0
2011-01-11 00:00:00-05:00,17.833929842340464,18.014356218376093,17.73244141730867,17.986164093017578,2630800,0.0,0.0
2011-01-12 00:00:00-05:00,18.00307854974375,18.284993337994248,18.00307854974375,18.13275909423828,2220400,0.0,0.0
2011-01-13 00:00:00-05:00,18.08765207611907,18.16094836528571,17.760629921354926,17.81137466430664,2870900,0.0,0.0
2011-01-14 00:00:00-05:00,17.75499629421863,17.850847381756086,17.709889963343343,17.82829475402832,1731000,0.0,0.0
2011-01-18 00:00:00-05:00,17.856484029083152,17.957973532299395,17.608398696267855,17.659143447875977,3337500,0.0,0.0
2011-01-19 00:00:00-05:00,17.653513816684086,17.929790337832415,17.653513816684086,17.91287612915039,2363700,0.0,0.0
2011-01-20 00:00:00-05:00,17.918501323690638,18.217331336277933,17.918501323690638,18.13839340209961,2067900,0.0,0.0
2011-01-21 00:00:00-05:00,18.31882675290287,18.31882675290287,18.16095298421231,18.301910400390625,3530500,0.0,0.0
2011-01-24 00:00:00-05:00,18.256803848670632,18.482334408030354,18.24552699807675,18.43722915649414,2246100,0.0,0.0
2011-01-25 00:00:00-05:00,18.420316729531624,18.52180625565905,18.30191299932955,18.324466705322266,2619000,0.0,0.0
2011-01-26 00:00:00-05:00,18.341377953525797,18.40903906059977,18.279356347461043,18.36393165588379,1968800,0.0,0.0
2011-01-27 00:00:00-05:00,18.380845946313787,18.482335456577168,18.3188264907879,18.397762298583984,1967400,0.0,0.0
2011-01-28 00:00:00-05:00,18.414682358948532,18.465427130225503,18.183512212206793,18.285001754760742,2277500,0.0,0.0
2011-01-31 00:00:00-05:00,18.30191596157302,18.38085179448384,18.206065921849923,18.285001754760742,2136000,0.0,0.0
2011-02-01 00:00:00-05:00,18.386483872116617,18.674036026000977,18.194781719247292,18.674036026000977,2877500,0.0,0.0
2011-02-02 00:00:00-05:00,18.572545485193537,18.572545485193537,18.194780701146353,18.375205993652344,3733800,0.0,0.0
2011-02-03 00:00:00-05:00,18.380844467260005,18.504887670009282,18.273717615419717,18.46541976928711,2384200,0.0,0.0
2011-02-04 00:00:00-05:00,18.420311327002764,18.420311327002764,18.160950236674424,18.166589736938477,3299300,0.0,0.0
2011-02-07 00:00:00-05:00,18.228614432670337,18.386486053466797,18.172230174643374,18.386486053466797,1554700,0.0,0.0
2011-02-08 00:00:00-05:00,18.37520824685207,18.465420904167097,18.256804537408488,18.45978355407715,1628200,0.0,0.0
2011-02-09 00:00:00-05:00,18.403404593137395,18.674042642937646,18.279361347080602,18.617660522460938,2549900,0.0,0.0
2011-02-10 00:00:00-05:00,18.606380820689974,18.64021137830261,18.459786039381278,18.54435920715332,1612800,0.0,0.0
2011-02-11 00:00:00-05:00,18.482343905752444,18.668408809907746,18.459792343815188,18.53308868408203,1130000,0.0,0.0
2011-02-14 00:00:00-05:00,18.51052910332776,18.561271708835065,18.27371952342949,18.369571685791016,1075100,0.0,0.0
2011-02-15 00:00:00-05:00,18.30190581199921,18.341373706567154,18.21169317429549,18.296268463134766,1709600,0.0,0.0
2011-02-16 00:00:00-05:00,18.279358908404983,18.38648793419453,17.97489141185415,18.110210418701172,2868300,0.0,0.0
2011-02-17 00:00:00-05:00,18.087657399902387,18.14403950829318,17.873401516506156,18.08201789855957,2275600,0.0,0.0
2011-02-18 00:00:00-05:00,18.110208939904496,18.110208939904496,17.87903885432297,17.895954132080078,3141000,0.0,0.0
2011-02-22 00:00:00-05:00,17.636592232646752,18.245528225216127,17.5069105929344,18.172229766845703,5709700,0.0,0.0
2011-02-23 00:00:00-05:00,18.200421680219055,18.30191119634842,17.997443723380112,18.211698532104492,4238600,0.0,0.0
2011-02-24 00:00:00-05:00,18.2060603209027,18.31318718249065,18.04818655280952,18.172229766845703,4264000,0.0,0.0
2011-02-25 00:00:00-05:00,18.19478094829502,18.29063094524868,18.070737751447535,18.279354095458984,2317800,0.0,0.0
2011-02-28 00:00:00-05:00,18.330100151271896,18.549995511593664,18.251164347954028,18.43722915649414,2862000,0.0,0.0
2011-03-01 00:00:00-05:00,18.375216250619093,18.454152091297217,17.980534896388125,17.991811752319336,4022800,0.0,0.0
2011-03-02 00:00:00-05:00,18.00308731008964,18.09330000019395,17.833937709578997,17.980533599853516,2324200,0.0,0.0
2011-03-03 00:00:00-05:00,18.12712296622526,18.211696117895357,18.01435661315918,18.01435661315918,2313700,0.0,0.0
2011-03-04 00:00:00-05:00,18.036917228751044,18.042555656444097,17.664789604370494,17.822662353515625,2506300,0.0,0.0
2011-03-07 00:00:00-05:00,17.84520285754756,18.082011282570818,17.73243760660563,17.74371337890625,2725800,0.0,0.0
2011-03-08 00:00:00-05:00,17.705525390464203,18.115956817171174,17.705525390464203,18.05895233154297,2024400,0.343,0.0
2011-03-09 00:00:00-05:00,18.05895487176141,18.549191994943786,18.05895487176141,18.532089233398438,3497700,0.0,0.0
2011-03-10 00:00:00-05:00,18.395271263948295,18.611888017261297,18.224257865974387,18.269861221313477,3110900,0.0,0.0
2011-03-11 00:00:00-05:00,18.298375256729766,18.503591037851233,18.172966216750254,18.457988739013672,2556200,0.0,0.0
2011-03-14 00:00:00-04:00,18.315470678297874,18.315470678297874,17.85943591278485,17.96204376220703,4001800,0.0,0.0
2011-03-15 00:00:00-04:00,17.614323516764063,17.77393590318404,17.44901165874911,17.72833251953125,4011300,0.0,0.0
2011-03-16 00:00:00-04:00,17.728330893584,18.001951170405757,17.186789811012737,17.2836971282959,7318400,0.0,0.0
2011-03-17 00:00:00-04:00,17.50031423664466,17.52881594147876,17.19249060553868,17.369203567504883,3962000,0.0,0.0
2011-03-18 00:00:00-04:00,17.409108179841194,17.500314943719818,17.22099300616234,17.346403121948242,3378500,0.0,0.0
2011-03-21 00:00:00-04:00,17.454702147930227,17.66561726792023,17.40909879058619,17.534507751464844,2280300,0.0,0.0
2011-03-22 00:00:00-04:00,17.568712123291803,17.7739277998039,17.52310876043022,17.67131996154785,2085500,0.0,0.0
2011-03-23 00:00:00-04:00,17.625722546243303,17.80243550105255,17.54021634793369,17.756832122802734,1856200,0.0,0.0
2011-03-24 00:00:00-04:00,17.848037981687064,17.922144147159997,17.762531787677734,17.768232345581055,2497300,0.0,0.0
2011-03-25 00:00:00-04:00,17.81384013633279,17.950650298107362,17.70553168386814,17.722633361816406,2319100,0.0,0.0
2011-03-28 00:00:00-04:00,17.76822813874889,17.82523261701539,17.65991973876953,17.65991973876953,1376400,0.0,0.0
2011-03-29 00:00:00-04:00,17.648518773065152,17.887936713968127,17.534510902849924,17.848033905029297,1536500,0.0,0.0
2011-03-30 00:00:00-04:00,17.89363993491487,18.16726125616736,17.836636534954504,18.064653396606445,2004600,0.0,0.0
2011-03-31 00:00:00-04:00,18.09315330879313,18.172958930668134,17.950642648433444,17.96204376220703,2322100,0.0,0.0
2011-04-01 00:00:00-04:00,18.076051126568235,18.110254466921017,17.882237634252565,17.956342697143555,2431300,0.0,0.0
2011-04-04 00:00:00-04:00,17.92784440353693,17.956346105303922,17.51741293956275,17.608619689941406,5329700,0.0,0.0
2011-04-05 00:00:00-04:00,17.597220239447317,17.67132531883707,17.540215746771207,17.563016891479492,4063900,0.0,0.0
2011-04-06 00:00:00-04:00,17.62002151331896,17.990549087524414,17.585819252370683,17.990549087524414,4590200,0.0,0.0
2011-04-07 00:00:00-04:00,17.950648132672566,17.973450367186224,17.716930665259486,17.876543045043945,2359500,0.0,0.0
2011-04-08 00:00:00-04:00,17.973445961202835,17.984845988394696,17.67132295158114,17.79673194885254,1497200,0.0,0.0
2011-04-11 00:00:00-04:00,17.71692800421488,17.751130263577878,17.352101004955646,17.42050552368164,3957500,0.0,0.0
2011-04-12 00:00:00-04:00,17.37490506115034,17.500315178619573,17.272297178592027,17.431909561157227,3569100,0.0,0.0
2011-04-13 00:00:00-04:00,17.460407376329172,17.72832814047206,17.44900734868471,17.648521423339844,3624700,0.0,0.0
2011-04-14 00:00:00-04:00,17.551617994883355,17.699828163222787,17.4775118234433,17.59722137451172,2714200,0.0,0.0
2011-04-15 00:00:00-04:00,17.648524313928483,17.962048501810713,17.63142372602586,17.785335540771484,2880200,0.0,0.0
2011-04-18 00:00:00-04:00,17.68272636339393,17.71122806598171,17.511712886056443,17.614320755004883,2118300,0.0,0.0
2011-04-19 00:00:00-04:00,17.602912010422493,17.614313121424768,17.36919467122478,17.39769744873047,2867000,0.0,0.0
2011-04-20 00:00:00-04:00,17.540208307041574,17.642816132883112,17.454702147930227,17.534507751464844,3153900,0.0,0.0
2011-04-21 00:00:00-04:00,17.551616407532173,17.637122600693466,17.380602933939347,17.63142204284668,1680000,0.0,0.0
2011-04-25 00:00:00-04:00,17.597220239447317,17.67132531883707,17.528814630781934,17.563016891479492,1059100,0.0,0.0
2011-04-26 00:00:00-04:00,17.62002380310966,17.842340159069753,17.545918713546435,17.808137893676758,2395800,0.0,0.0
2011-04-27 00:00:00-04:00,17.842336132001066,18.172960855564806,17.79673275934642,18.127357482910156,3720000,0.0,0.0
2011-04-28 00:00:00-04:00,18.08745170198381,18.372473006158543,18.064650563030227,18.292667388916016,2797400,0.0,0.0
2011-04-29 00:00:00-04:00,18.309766586675202,18.355371035673606,18.133053695886012,18.338268280029297,2148500,0.0,0.0
2011-05-02 00:00:00-04:00,18.34966881376798,18.5206833175806,18.25276262451126,18.343969345092773,2526000,0.0,0.0
2011-05-03 00:00:00-04:00,18.349670848345248,18.697397188661196,18.207161282996577,18.36677360534668,4520500,0.0,0.0
2011-05-04 00:00:00-04:00,18.326871439757035,18.480781036391456,18.053250150801276,18.435178756713867,4362200,0.0,0.0
2011-05-05 00:00:00-04:00,18.395271263948295,18.50357855333504,18.08744779995711,18.269861221313477,3207500,0.0,0.0
2011-05-06 00:00:00-04:00,18.321175364237916,18.594795649087644,18.286974187719654,18.412382125854492,7308000,0.0,0.0
2011-05-09 00:00:00-04:00,18.457980983822694,18.55488718722511,18.321169795709796,18.435178756713867,2537500,0.0,0.0
2011-05-10 00:00:00-04:00,18.503585725820948,18.8684127099504,18.457983440074944,18.805709838867188,2724600,0.0,0.0
2011-05-11 00:00:00-04:00,18.77721011818188,18.976726414265087,18.674602234376994,18.95392417907715,3657900,0.0,0.0
2011-05-12 00:00:00-04:00,18.959619498944225,19.27884419805102,18.868412752705193,19.210439682006836,3700000,0.0,0.0
2011-05-13 00:00:00-04:00,19.273145957322477,19.347249948372735,18.971021824317322,19.067930221557617,3405700,0.0,0.0
2011-05-16 00:00:00-04:00,19.016628692413835,19.284549511825308,18.86841634248975,19.113534927368164,3536400,0.0,0.0
2011-05-17 00:00:00-04:00,19.09072430946742,19.330141116035435,19.0565209765836,19.278837203979492,2213600,0.0,0.0
2011-05-18 00:00:00-04:00,19.278841973797903,19.358647595732116,19.062225161019246,19.3415470123291,2389800,0.0,0.0
2011-05-19 00:00:00-04:00,19.358648298511778,19.495459494322894,19.324447130464137,19.484058380126953,2455300,0.0,0.0
2011-05-20 00:00:00-04:00,19.4213601324069,19.506867431514607,19.295950006926518,19.444162368774414,2359400,0.0,0.0
2011-05-23 00:00:00-04:00,19.37575354204207,19.44985753200935,19.244641799243574,19.27314567565918,2168500,0.0,0.0
2011-05-24 00:00:00-04:00,19.341550672443645,19.34725014314316,19.022325949757924,19.0394287109375,2652100,0.0,0.0
2011-05-25 00:00:00-04:00,18.94822234385788,19.181939789027115,18.84561447285279,19.06222915649414,2310100,0.0,0.0
2011-05-26 00:00:00-04:00,19.00522167701902,19.067926715254497,18.80000597899022,18.936817169189453,2403200,0.0,0.0
2011-05-27 00:00:00-04:00,19.045125132686717,19.096429058931122,18.902614468067828,19.00522232055664,1892700,0.0,0.0
2011-05-31 00:00:00-04:00,19.090728448034064,19.181935180956845,18.896913868755643,19.09642791748047,2072000,0.0,0.0
2011-06-01 00:00:00-04:00,19.005223984192106,19.107831845662773,18.754405975341797,18.754405975341797,2588200,0.0,0.0
2011-06-02 00:00:00-04:00,18.811414100573188,18.811414100573188,18.571997146709165,18.743009567260742,2542000,0.0,0.0
2011-06-03 00:00:00-04:00,18.54349155795072,18.65750055267321,18.423783092035425,18.514989852905273,1853500,0.0,0.0
2011-06-06 00:00:00-04:00,18.48649044760477,18.537794392885136,18.349679202010133,18.457988739013672,1755000,0.0,0.0
2011-06-07 00:00:00-04:00,18.592223687303612,18.718976456091013,18.407857222424635,18.4309024810791,2747800,0.343,0.0
2011-06-08 00:00:00-04:00,18.476998470321305,18.557658543068282,18.304155143317473,18.384815216064453,3201100,0.0,0.0
2011-06-09 00:00:00-04:00,18.413620260669646,18.5461335382725,18.28686857325531,18.459712982177734,2155400,0.0,0.0
2011-06-10 00:00:00-04:00,18.436667615034448,18.442428106622444,18.26382429570791,18.292631149291992,1807500,0.0,0.0
2011-06-13 00:00:00-04:00,18.609510620673348,18.66712652469237,18.200447592337355,18.206209182739258,3882700,0.0,0.0
2011-06-14 00:00:00-04:00,18.350241432382067,18.45394673906997,18.148590210263652,18.367525100708008,3288100,0.0,0.0
2011-06-15 00:00:00-04:00,18.229250228148256,18.361764578913153,17.900847343591995,17.941177368164062,3747600,0.0,0.0
2011-06-16 00:00:00-04:00,17.97574494010306,18.286863023486546,17.958460174783173,18.09673500061035,2496300,0.0,0.0
2011-06-17 00:00:00-04:00,18.18892237161608,18.32143563926523,18.12554598321393,18.18316078186035,2205500,0.0,0.0
2011-06-20 00:00:00-04:00,18.114022486677584,18.28686577019516,18.016077666308078,18.240774154663086,1599700,0.0,0.0
2011-06-21 00:00:00-04:00,18.338713727454937,18.47122804573795,18.206200508082404,18.298383712768555,2184200,0.0,0.0
2011-06-22 00:00:00-04:00,18.217730904308656,18.45971218725089,18.148592923934768,18.315675735473633,2629200,0.0,0.0
2011-06-23 00:00:00-04:00,18.102496045802166,18.21196402505508,17.935413282789266,18.194679260253906,2798300,0.0,0.0
2011-06-24 00:00:00-04:00,18.23501728664665,18.453952242381476,17.906614303588867,17.906614303588867,4761100,0.0,0.0
2011-06-27 00:00:00-04:00,18.021843789791976,18.44819161545769,18.0103206082821,18.384815216064453,3311100,0.0,0.0
2011-06-28 00:00:00-04:00,18.407855806429634,18.523085387570546,18.327194660066702,18.488515853881836,2110700,0.0,0.0
2011-06-29 00:00:00-04:00,18.5288508186042,18.649840922046334,18.419382797220116,18.57494354248047,1994900,0.0,0.0
2011-06-30 00:00:00-04:00,18.661366273603505,18.828449120356066,18.500046116916785,18.805402755737305,2496800,0.0,0.0
2011-07-01 00:00:00-04:00,18.828448114186386,18.98976826225235,18.742025350395515,18.972484588623047,1720100,0.0,0.0
2011-07-05 00:00:00-04:00,18.94943672232042,18.94943672232042,18.74778655323122,18.8111629486084,1996100,0.0,0.0
2011-07-06 00:00:00-04:00,18.80539689760064,18.903342817807733,18.655599969887078,18.782350540161133,1459400,0.0,0.0
2011-07-07 00:00:00-04:00,18.87453517369808,18.932151071575337,18.73626141443623,18.914867401123047,1989800,0.0,0.0
2011-07-08 00:00:00-04:00,18.788111777032835,18.816918622696058,18.632552173065715,18.74778175354004,1400300,0.0,0.0
2011-07-11 00:00:00-04:00,18.540370241899947,18.55189342053355,18.36752585912829,18.471233367919922,1523500,0.0,0.0
2011-07-12 00:00:00-04:00,18.41362022798949,18.649839930744367,18.367528605474174,18.511566162109375,2756800,0.0,0.0
2011-07-13 00:00:00-04:00,18.626796395307032,18.68441010120871,18.396337176056335,18.453950881958008,2107200,0.0,0.0
2011-07-14 00:00:00-04:00,18.482757297706485,18.500040967448513,18.321434988101373,18.436664581298828,2825500,0.0,0.0
2011-07-15 00:00:00-04:00,18.459712021828572,18.48851887236151,18.246537591587735,18.344482421875,2658700,0.0,0.0
2011-07-18 00:00:00-04:00,18.281100886438587,18.327192493664455,18.125541299959803,18.194679260253906,1478200,0.0,0.0
2011-07-19 00:00:00-04:00,18.25229661586231,18.379048278865803,18.119783363779916,18.367525100708008,1466700,0.0,0.0
2011-07-20 00:00:00-04:00,18.390572828644938,18.511564010504152,18.309912773346017,18.413618087768555,943700,0.0,0.0
2011-07-21 00:00:00-04:00,18.540369506828135,18.868772392490026,18.51732315047465,18.793872833251953,2273300,0.0,0.0
2011-07-22 00:00:00-04:00,18.822686645640974,18.93791627223082,18.7132197091829,18.903348922729492,2079000,0.0,0.0
2011-07-25 00:00:00-04:00,18.80539976124974,19.191418614768004,18.80539976124974,19.128042221069336,3155400,0.0,0.0
2011-07-26 00:00:00-04:00,19.10499202715738,19.289358482116416,19.012808799677863,19.17989158630371,3964200,0.0,0.0
2011-07-27 00:00:00-04:00,19.128036638331096,19.202936190643943,19.03009073179563,19.15108299255371,3830200,0.0,0.0
2011-07-28 00:00:00-04:00,19.128041231116928,19.133801722145066,18.94943523973898,19.064664840698242,2074000,0.0,0.0
2011-07-29 00:00:00-04:00,18.932154629423945,19.047384249011344,18.788118154395246,18.868778228759766,3232700,0.0,0.0
2011-08-01 00:00:00-04:00,19.024334068205356,19.041617738437647,18.60374790925285,18.81692123413086,2397000,0.0,0.0
2011-08-02 00:00:00-04:00,18.701688077543093,18.782348120368045,18.546128481600114,18.580698013305664,3406500,0.0,0.0
2011-08-03 00:00:00-04:00,18.621029191332468,18.621029191332468,18.044883480714947,18.281103134155273,3799800,0.0,0.0
2011-08-04 00:00:00-04:00,18.13130213445515,18.165871662620344,17.399598037527394,17.43992805480957,4704200,0.0,0.0
2011-08-05 00:00:00-04:00,17.607015837479764,17.7049606702019,17.20947601547016,17.474502563476562,5603200,0.0,0.0
2011-08-08 00:00:00-04:00,17.186429209612864,17.428410490126428,16.529623347752153,16.616044998168945,6464400,0.0,0.0
2011-08-09 00:00:00-04:00,16.875312673948354,17.192192455638953,16.114799219851093,17.174907684326172,5722700,0.0,0.0
2011-08-10 00:00:00-04:00,16.898355595656188,17.261326951649764,16.644851146078107,16.690942764282227,5427600,0.0,0.0
2011-08-11 00:00:00-04:00,16.75432191215897,17.998796907643932,16.713991876948697,17.78562355041504,7297300,0.0,0.0
2011-08-12 00:00:00-04:00,17.86628756581198,18.137075789808982,17.716489474161104,17.900856018066406,6167900,0.0,0.0
2011-08-15 00:00:00-04:00,18.050644633421168,18.672881941892694,17.98726825513356,18.64983558654785,4854800,0.0,0.0
2011-08-16 00:00:00-04:00,18.488515494776788,18.707451474909956,18.373285915873996,18.64983558654785,3719600,0.0,0.0
2011-08-17 00:00:00-04:00,18.644077112750473,18.937910482796724,18.621030754913452,18.7247371673584,4113600,0.0,0.0
2011-08-18 00:00:00-04:00,18.29263074717572,18.534610949349155,18.119787431648696,18.453950881958008,5492400,0.0,0.0
2011-08-19 00:00:00-04:00,18.206208295587775,18.476996437816183,18.108263461350106,18.217731475830078,4068600,0.0,0.0
2011-08-22 00:00:00-04:00,18.67289294015054,18.67289294015054,18.154361727496614,18.3732967376709,4061700,0.0,0.0
2011-08-23 00:00:00-04:00,18.21197244507361,18.615275018943507,18.114027597071555,18.609512329101562,3964100,0.0,0.0
2011-08-24 00:00:00-04:00,18.563417215444318,19.277836731872604,18.47123398113674,19.266313552856445,4454700,0.0,0.0
2011-08-25 00:00:00-04:00,19.30664588988822,19.30664588988822,18.98400563012957,19.104995727539062,11385100,0.0,0.0
2011-08-26 00:00:00-04:00,18.984001001018356,19.15684426914562,18.52308488673853,19.012807846069336,3022700,0.0,0.0
2011-08-29 00:00:00-04:00,19.220225269537725,19.456444972282323,19.156848876490308,19.43916130065918,5126500,0.0,0.0
2011-08-30 00:00:00-04:00,19.38154966328903,19.514062969807068,19.295129088336783,19.410356521606445,2689100,0.0,0.0
2011-08-31 00:00:00-04:00,19.462198496985604,19.69841811517454,19.38730114821382,19.663850784301758,4599100,0.0,0.0
2011-09-01 00:00:00-04:00,19.658090141154442,19.71570602830138,19.249027232607347,19.300880432128906,4061400,0.0,0.0
2011-09-02 00:00:00-04:00,18.978240488142266,19.208699670602535,18.94367314924838,19.058902740478516,2354600,0.0,0.0
2011-09-06 00:00:00-04:00,18.517326810895653,18.97824303996965,18.379051942173454,18.94943618774414,3783400,0.0,0.0
2011-09-07 00:00:00-04:00,19.015229676361017,19.393672063449756,18.968653416048813,19.34709358215332,3471200,0.343,0.0
2011-09-08 00:00:00-04:00,19.21317976824853,19.539222406294176,19.21317976824853,19.36455535888672,2329800,0.0,0.0
2011-09-09 00:00:00-04:00,19.1491365516273,19.160781170171507,18.70665215186695,18.793983459472656,3790800,0.0,0.0
2011-09-12 00:00:00-04:00,18.660071407834135,19.02104565485916,18.55527318516003,19.01522445678711,4448700,0.0,0.0
2011-09-13 00:00:00-04:00,19.06180678304386,19.35291560720102,18.910428950731056,19.323802947998047,3437600,0.0,0.0
2011-09-14 00:00:00-04:00,19.352916850211802,19.77211207365327,19.143318127998963,19.56251335144043,3273600,0.0,0.0
2011-09-15 00:00:00-04:00,19.75463937620908,19.853615282248736,19.58579577310015,19.824504852294922,2493400,0.0,0.0
2011-09-16 00:00:00-04:00,19.929312786983694,20.133090326665354,19.871091901922874,20.069046020507812,3556700,0.0,0.0
2011-09-19 00:00:00-04:00,19.748818453980245,20.051571849933058,19.737176057313814,19.993350982666016,2133900,0.0,0.0
2011-09-20 00:00:00-04:00,20.09814706452305,20.65707529527861,20.028281590924447,20.266990661621094,3576800,0.0,0.0
2011-09-21 00:00:00-04:00,20.208768845276584,20.39507826716748,19.678951010339937,19.690595626831055,3636400,0.0,0.0
2011-09-22 00:00:00-04:00,19.24228855940762,19.422776789857846,19.009402884389846,19.236467361450195,4908700,0.0,0.0
2011-09-23 00:00:00-04:00,19.20153311350118,19.60908581258004,19.16659926352864,19.568330764770508,3042800,0.0,0.0
2011-09-26 00:00:00-04:00,19.713890501725153,19.807045239330524,19.486825967623563,19.795400619506836,2555500,0.0,0.0
2011-09-27 00:00:00-04:00,20.098154993726972,20.138910054486953,19.75464646661839,19.847801208496094,2699300,0.0,0.0
2011-09-28 00:00:00-04:00,19.876906364198533,19.98752911769355,19.486821680355554,19.521753311157227,3187900,0.0,0.0
2011-09-29 00:00:00-04:00,19.882736591422493,19.911847034052887,19.515938795523198,19.772113800048828,2878300,0.0,0.0
2011-09-30 00:00:00-04:00,19.603263219180803,19.83032992208797,19.428598403930664,19.428598403930664,4447200,0.0,0.0
2011-10-03 00:00:00-04:00,19.416955295451043,19.5333992549932,18.811450703602677,18.823095321655273,4214900,0.0,0.0
2011-10-04 00:00:00-04:00,18.6135005156784,18.811455744138996,18.188481837301858,18.566923141479492,6600000,0.0,0.0
2011-10-05 00:00:00-04:00,18.613492965698242,18.642604506821996,18.264163356147154,18.613492965698242,3834000,0.0,0.0
2011-10-06 00:00:00-04:00,18.58438268384562,18.962823837550115,18.51451609508103,18.957002639770508,2621700,0.0,0.0
2011-10-07 00:00:00-04:00,19.05597937595796,19.114202461198527,18.70082632943314,18.817270278930664,4706100,0.0,0.0
2011-10-10 00:00:00-04:00,19.05016230185049,19.14331703741766,18.98029458443705,19.108383178710938,3134800,0.0,0.0
2011-10-11 00:00:00-04:00,19.079269155202173,19.120024205543253,18.823094235774878,19.090913772583008,2968800,0.0,0.0
2011-10-12 00:00:00-04:00,19.178254507848933,19.20736717611732,18.887145593043172,18.99776840209961,3742100,0.0,0.0
2011-10-13 00:00:00-04:00,18.898778861988507,19.06180126660742,18.764869108147444,19.003578186035156,3457400,0.0,0.0
2011-10-14 00:00:00-04:00,19.166599407638046,19.26557753947934,19.090912730270432,19.248111724853516,2178700,0.0,0.0
2011-10-17 00:00:00-04:00,19.20735901678187,19.422778900351478,19.18989097904435,19.32962417602539,2403800,0.0,0.0
2011-10-18 00:00:00-04:00,19.2772303422284,19.393674338143033,19.096742037511493,19.23065185546875,4042700,0.0,0.0
2011-10-19 00:00:00-04:00,19.253933176306045,19.568331169612794,19.172423079000644,19.236467361450195,1813700,0.0,0.0
2011-10-20 00:00:00-04:00,19.277226100487937,19.533401058344065,19.25976028228847,19.45189094543457,2935400,0.0,0.0
2011-10-21 00:00:00-04:00,19.609089459685,19.89437484741211,19.597444840861694,19.89437484741211,2828100,0.0,0.0
2011-10-24 00:00:00-04:00,19.95258573591189,20.0399169921875,19.81285261649529,20.0399169921875,2797600,0.0,0.0
2011-10-25 00:00:00-04:00,19.894380883319666,20.022469508253835,19.754649857013863,19.766294479370117,3035700,0.0,0.0
2011-10-26 00:00:00-04:00,20.028290797813874,20.051577819062743,19.79540281745012,19.97589111328125,2328600,0.0,0.0
2011-10-27 00:00:00-04:00,20.301924577041717,20.354324243394753,19.964239565753825,20.04574966430664,4725600,0.0,0.0
2011-10-28 00:00:00-04:00,19.999173957500638,20.05739705092329,19.713888573173374,19.78957748413086,4434400,0.0,0.0
2011-10-31 00:00:00-04:00,19.649843696461943,19.91184205661154,19.6207332611084,19.6207332611084,2984000,0.0,0.0
2011-11-01 00:00:00-04:00,18.97447230139893,19.486824428246898,18.898783389016124,18.962827682495117,4458400,0.0,0.0
2011-11-02 00:00:00-04:00,19.219002925705425,19.696423424036738,19.219002925705425,19.556690216064453,3576800,0.0,0.0
2011-11-03 00:00:00-04:00,19.725525299736944,20.0806782540758,19.649836419062346,20.016633987426758,4392400,0.0,0.0
2011-11-04 00:00:00-04:00,19.86527119274802,19.86527119274802,19.504296769926587,19.725540161132812,2488200,0.0,0.0
2011-11-07 00:00:00-05:00,19.77793310114697,19.900198267315734,19.62655527742798,19.89437484741211,1991400,0.0,0.0
2011-11-08 00:00:00-05:00,19.882735976644042,19.92349103926332,19.64984800083303,19.90020179748535,2667100,0.0,0.0
2011-11-09 00:00:00-05:00,19.649848825172434,19.66149344654993,19.213185517946382,19.25394058227539,3457900,0.0,0.0
2011-11-10 00:00:00-05:00,19.515929228728556,19.795393338757723,19.434419140926295,19.57415008544922,3309900,0.0,0.0
2011-11-11 00:00:00-05:00,19.772113055940487,19.981711788566283,19.772113055940487,19.812868118286133,2546900,0.0,0.0
2011-11-14 00:00:00-05:00,19.73135701333235,19.824511754206476,19.44607159108593,19.56251335144043,1918400,0.0,0.0
2011-11-15 00:00:00-05:00,19.457710081044937,19.556688222641412,19.306334490406748,19.36455535888672,3526000,0.0,0.0
2011-11-16 00:00:00-05:00,19.230635382770213,19.341258083574246,19.044326037290627,19.079259872436523,3198900,0.0,0.0
2011-11-17 00:00:00-05:00,19.085090674050747,19.12584572507655,18.78816069929363,18.974470138549805,3942900,0.0,0.0
2011-11-18 00:00:00-05:00,19.108377033232554,19.108377033232554,18.927888819437758,19.03268814086914,6638500,0.0,0.0
2011-11-21 00:00:00-05:00,18.82309491105831,18.887136977474906,18.590206997054093,18.747406005859375,10806900,0.0,0.0
2011-11-22 00:00:00-05:00,18.776515062913344,18.79980429680263,18.456295870378206,18.467939376831055,3260700,0.0,0.0
2011-11-23 00:00:00-05:00,18.34567522027645,18.409719506435874,18.07785456855766,18.15354347229004,3071900,0.0,0.0
2011-11-25 00:00:00-05:00,18.223410644508803,18.30492186457684,18.15354515358415,18.171010971069336,972200,0.0,0.0
2011-11-28 00:00:00-05:00,18.543636352510145,18.601858352098116,18.264172087078602,18.39225959777832,2220200,0.0,0.0
2011-11-29 00:00:00-05:00,18.49705686647554,18.71830021759206,18.456301804557274,18.601856231689453,3611600,0.0,0.0
2011-11-30 00:00:00-05:00,19.038516467836793,19.213181308260555,18.99776141243738,19.178247451782227,3563700,0.0,0.0
2011-12-01 00:00:00-05:00,19.073449118934764,19.213182331304512,18.97447318511858,19.00940704345703,2366600,0.0,0.0
2011-12-02 00:00:00-05:00,19.143314803800042,19.143314803800042,18.759051286797842,18.811450958251953,2559100,0.0,0.0
2011-12-05 00:00:00-05:00,19.038514394888093,19.08509064413728,18.834736919094755,18.96864891052246,3429900,0.0,0.0
2011-12-06 00:00:00-05:00,19.03269406136527,19.125848795950414,18.910428888656778,19.00940704345703,3434900,0.0,0.0
2011-12-07 00:00:00-05:00,18.852300000640934,18.97586322246406,18.65812729957872,18.869951248168945,3936400,0.343,0.0
2011-12-08 00:00:00-05:00,18.822882370535687,18.869954241881256,18.51691464564851,18.55221939086914,2502700,0.0,0.0
2011-12-09 00:00:00-05:00,18.64635780094636,18.70519790387131,18.45218624689116,18.658124923706055,2218900,0.0,0.0
2011-12-12 00:00:00-05:00,18.534567294410188,18.65224753566843,18.358048054804776,18.48749542236328,2379100,0.0,0.0
2011-12-13 00:00:00-05:00,18.552221115090074,18.793464618442243,18.446309114148722,18.528684616088867,2769300,0.0,0.0
2011-12-14 00:00:00-05:00,18.528682685342115,18.640478799384262,18.269786834716797,18.269786834716797,3058300,0.0,0.0
2011-12-15 00:00:00-05:00,18.44630947791273,18.76992848958686,18.434541228180056,18.7346248626709,2625100,0.0,0.0
2011-12-16 00:00:00-05:00,18.799344370377497,18.8346468661037,18.369812341772942,18.411001205444336,4574600,0.0,0.0
2011-12-19 00:00:00-05:00,18.505145472152,18.61694045280275,18.005006193013497,18.028541564941406,3300700,0.0,0.0
2011-12-20 00:00:00-05:00,18.275670459345193,18.416886067931515,18.11680360111177,18.405118942260742,3032500,0.0,0.0
2011-12-21 00:00:00-05:00,18.416891523185015,18.64048381138821,18.363935513993848,18.634599685668945,3293800,0.0,0.0
2011-12-22 00:00:00-05:00,18.6934324128277,18.975863601738507,18.63459230123417,18.917024612426758,2814700,0.0,0.0
2011-12-23 00:00:00-05:00,19.017053059492614,19.24652828090797,18.98763356218158,19.146501541137695,1950700,0.0,0.0
2011-12-27 00:00:00-05:00,19.15238650610097,19.323022750386315,19.105315754490803,19.311254501342773,1259500,0.0,0.0
2011-12-28 00:00:00-05:00,19.287715932083536,19.29948417986337,19.093545455125714,19.134733200073242,1199600,0.0,0.0
2011-12-29 00:00:00-05:00,19.205337715823443,19.393625164444188,19.18180122360499,19.38185691833496,1919700,0.0,0.0
2011-12-30 00:00:00-05:00,19.42304039001465,19.546605824731344,19.323013686908173,19.42304039001465,2667100,0.0,0.0
2012-01-03 00:00:00-05:00,19.528958517701835,19.564263259446008,18.693433164162666,18.716968536376953,5153300,0.0,0.0
2012-01-04 00:00:00-05:00,18.722857364866268,18.840537622355047,18.605178229659597,18.628713607788086,3422400,0.0,0.0
2012-01-05 00:00:00-05:00,18.54045428272798,18.858189187556036,18.499266528609724,18.82876968383789,2546800,0.0,0.0
2012-01-06 00:00:00-05:00,18.869954586289747,18.893491083533082,18.616942852333686,18.752275466918945,2367500,0.0,0.0
2012-01-09 00:00:00-05:00,18.752272135218565,18.79345987579465,18.55221643332178,18.616939544677734,1996400,0.0,0.0
2012-01-10 00:00:00-05:00,18.805235183497892,18.805235183497892,18.563991636043323,18.575759887695312,3327400,0.0,0.0
2012-01-11 00:00:00-05:00,18.546336662827528,18.593408537716652,18.30509316373551,18.328628540039062,3621300,0.0,0.0
2012-01-12 00:00:00-05:00,18.393354793759922,18.458079049643228,18.25802327898768,18.34039878845215,1837100,0.0,0.0
2012-01-13 00:00:00-05:00,18.269787713167894,18.29920833526829,18.046196596614777,18.181528091430664,3328600,0.0,0.0
2012-01-17 00:00:00-05:00,18.34039555528229,18.41688692597457,17.99912420472837,18.057964324951172,3937600,0.0,0.0
2012-01-18 00:00:00-05:00,18.07562591993984,18.122697818600518,17.8755700700613,17.952062606811523,3246100,0.0,0.0
2012-01-19 00:00:00-05:00,17.9520503906936,17.999122257322536,17.75787880056401,17.7990665435791,3595200,0.0,0.0
2012-01-20 00:00:00-05:00,17.846133216375453,17.95204516603703,17.634309317052296,17.769641876220703,3844400,0.0,0.0
2012-01-23 00:00:00-05:00,17.90498322669609,18.19329862580778,17.828490721907652,18.12857437133789,3646200,0.0,0.0
2012-01-24 00:00:00-05:00,18.06384815152521,18.08738352585732,17.822604672640953,17.863792419433594,2576000,0.0,0.0
2012-01-25 00:00:00-05:00,17.781414880716753,18.234482316485593,17.6519675229036,18.19917869567871,4723100,0.0,0.0
2012-01-26 00:00:00-05:00,18.240361225984667,18.44630101266984,18.140333393725104,18.316852569580078,3005700,0.0,0.0
2012-01-27 00:00:00-05:00,18.293327149764696,18.316862528944114,17.81672421798937,17.84614372253418,3093500,0.0,0.0
2012-01-30 00:00:00-05:00,17.77553367614746,17.828489677195694,17.663738671518573,17.77553367614746,2715000,0.0,0.0
2012-01-31 00:00:00-05:00,17.840257736214557,17.91675023570343,17.722578608028506,17.852025985717773,3310700,0.0,0.0
2012-02-01 00:00:00-05:00,17.90497438259656,17.934393871579154,17.757874693120456,17.85790252685547,2744800,0.0,0.0
2012-02-02 00:00:00-05:00,17.881445159363405,17.89321340865087,17.546057910644837,17.65196990966797,4042500,0.0,0.0
2012-02-03 00:00:00-05:00,17.787300294892297,17.840256291085094,17.63431643058888,17.810836791992188,2368300,0.0,0.0
2012-02-06 00:00:00-05:00,17.746114265580907,17.804954391746087,17.704926513949903,17.787302017211914,1640000,0.0,0.0
2012-02-07 00:00:00-05:00,17.781416506116138,18.06973186733798,17.663737385242186,18.010892868041992,2212700,0.0,0.0
2012-02-08 00:00:00-05:00,18.016781522093073,18.193300808924345,17.957941385721895,18.163881301879883,2627400,0.0,0.0
2012-02-09 00:00:00-05:00,18.15798925268523,18.18152462359457,17.75199372339277,17.87555694580078,4415000,0.0,0.0
2012-02-10 00:00:00-05:00,17.799078655593668,17.952062606811523,17.746122629315078,17.952062606811523,3042300,0.0,0.0
2012-02-13 00:00:00-05:00,18.016776485067194,18.087383731146836,17.8990962452252,18.04619598388672,1960200,0.0,0.0
2012-02-14 00:00:00-05:00,18.03442556168202,18.110918045043945,17.875557593728928,18.110918045043945,2743500,0.0,0.0
2012-02-15 00:00:00-05:00,18.110916351907125,18.169755336953386,17.963816644728066,18.040307998657227,2187400,0.0,0.0
2012-02-16 00:00:00-05:00,18.063849025753907,18.481611760334033,18.063849025753907,18.446308135986328,2949700,0.0,0.0
2012-02-17 00:00:00-05:00,18.53456574761035,18.59340586332898,18.381581895654666,18.434537887573242,2744200,0.0,0.0
2012-02-21 00:00:00-05:00,18.45807448622336,18.469841611607546,18.069730169216655,18.193294525146484,3273000,0.0,0.0
2012-02-22 00:00:00-05:00,18.110916544996662,18.310972238675614,18.075611806854464,18.216827392578125,3054500,0.0,0.0
2012-02-23 00:00:00-05:00,18.16387508556888,18.205062830248146,17.916747495211418,17.9461669921875,11310600,0.0,0.0
2012-02-24 00:00:00-05:00,17.946165539807865,18.010889774655375,17.846137686989795,17.904977798461914,9490200,0.0,0.0
2012-02-27 00:00:00-05:00,17.904986090799103,18.075621258584565,17.7990740655546,18.052085876464844,13229100,0.0,0.0
2012-02-28 00:00:00-05:00,17.940283900344966,18.05796413958256,17.893212029106316,18.034427642822266,3337400,0.0,0.0
2012-02-29 00:00:00-05:00,18.03442556168202,18.228597148419645,17.92262945953557,18.110918045043945,3244800,0.0,0.0
2012-03-01 00:00:00-05:00,18.15798921847992,18.299204810515246,18.03442487402291,18.122684478759766,2579600,0.0,0.0
2012-03-02 00:00:00-05:00,18.13445982288004,18.33451560379926,18.13445982288004,18.258024215698242,2521700,0.0,0.0
2012-03-05 00:00:00-05:00,18.269783377509714,18.299203992628215,18.00500457513349,18.216827392578125,2976600,0.0,0.0
2012-03-06 00:00:00-05:00,18.14622440855171,18.18152803267612,17.875560297512624,18.01677703857422,3897900,0.0,0.0
2012-03-07 00:00:00-05:00,18.05546541482559,18.12094883786576,17.918546562510397,18.001888275146484,3049200,0.355,0.0
2012-03-08 00:00:00-05:00,18.079274726579243,18.23405184062449,18.031650737154827,18.168569564819336,2796800,0.0,0.0
2012-03-09 00:00:00-05:00,18.305497877169522,18.305497877169522,17.984034930409997,18.031660079956055,3610600,0.0,0.0
2012-03-12 00:00:00-04:00,18.03761282356954,18.186438015630166,17.99594195146394,18.156673431396484,2757300,0.0,0.0
2012-03-13 00:00:00-04:00,18.210250901239917,18.240015485980077,18.025707977869466,18.150720596313477,2770300,0.0,0.0
2012-03-14 00:00:00-04:00,18.15071739055028,18.186435113019265,17.882832768864027,17.918550491333008,2610300,0.0,0.0
2012-03-15 00:00:00-04:00,17.918548797410097,18.073327094071683,17.79948821984093,17.9364070892334,2982900,0.0,0.0
2012-03-16 00:00:00-04:00,17.930456161499023,17.966173882741312,17.799489291200818,17.930456161499023,3524800,0.0,0.0
2012-03-19 00:00:00-04:00,17.870927135801537,18.0495168901171,17.829256268824302,17.84711456298828,2423000,0.0,0.0
2012-03-20 00:00:00-04:00,17.722106623907454,17.769730646615635,17.614952288952473,17.728059768676758,3586200,0.0,0.0
2012-03-21 00:00:00-04:00,17.739964922769104,17.78163693615425,17.662576311660658,17.728059768676758,3875800,0.0,0.0
2012-03-22 00:00:00-04:00,17.65067022740167,17.76377770844141,17.620905638655238,17.74591827392578,3091600,0.0,0.0
2012-03-23 00:00:00-04:00,17.751869660909673,17.859023986500063,17.632810182267374,17.662574768066406,2752400,0.0,0.0
2012-03-26 00:00:00-04:00,17.781632258643757,17.85902084939491,17.710195675649953,17.84711456298828,3015100,0.0,0.0
2012-03-27 00:00:00-04:00,17.876875706192354,18.067371698186655,17.847109997789698,18.001888275146484,3177000,0.0,0.0
2012-03-28 00:00:00-04:00,18.00784697211103,18.09118871045741,17.829257208384206,17.92450523376465,3523000,0.0,0.0
2012-03-29 00:00:00-04:00,17.84115844204337,18.025702444207276,17.710192719766916,18.007843017578125,2586200,0.0,0.0
2012-03-30 00:00:00-04:00,18.162622419668182,18.234057859662812,18.043561839082667,18.222152709960938,3164100,0.0,0.0
2012-04-02 00:00:00-04:00,18.216201166199856,18.305496041753365,18.085234288971826,18.228107452392578,2594600,0.0,0.0
2012-04-03 00:00:00-04:00,18.245970600831875,18.263830034872708,17.924508736220616,18.0911922454834,2638200,0.0,0.0
2012-04-04 00:00:00-04:00,18.025705587329046,18.085234748914697,17.930457566256834,17.984033584594727,2838000,0.0,0.0
2012-04-05 00:00:00-04:00,17.91260104678268,17.942365632411374,17.60899750449614,17.686386108398438,5719900,0.0,0.0
2012-04-09 00:00:00-04:00,17.54945983158014,17.65066096986414,17.513742116728636,17.579225540161133,4034700,0.0,0.0
2012-04-10 00:00:00-04:00,17.52565051792433,17.531603660359895,17.216093923949952,17.31729507446289,5449700,0.0,0.0
2012-04-11 00:00:00-04:00,17.454212868127108,17.531602579572695,17.424448293230036,17.478025436401367,3496200,0.0,0.0
2012-04-12 00:00:00-04:00,17.507789611816406,17.56136675376525,17.412541611784185,17.507789611816406,3823800,0.0,0.0
2012-04-13 00:00:00-04:00,17.483976823547515,17.85306251118621,17.483976823547515,17.67447280883789,7844100,0.0,0.0
2012-04-16 00:00:00-04:00,17.734010810895487,17.972130896204803,17.72210452276849,17.870929718017578,3099200,0.0,0.0
2012-04-17 00:00:00-04:00,17.924502184256717,18.073327340524685,17.739958172963437,18.049514770507812,3034100,0.0,0.0
2012-04-18 00:00:00-04:00,17.989985936270973,18.120952811067117,17.88878477640392,17.918550491333008,2484000,0.0,0.0
2012-04-19 00:00:00-04:00,17.85307147118164,18.019756109688252,17.829260028792813,17.906648635864258,3095400,0.0,0.0
2012-04-20 00:00:00-04:00,17.954268926734887,18.15667125450604,17.86497404929372,18.10309410095215,2554100,0.0,0.0
2012-04-23 00:00:00-04:00,18.055466991356166,18.085231566912068,17.95426584484201,18.067373275756836,1809300,0.0,0.0
2012-04-24 00:00:00-04:00,18.103088685264517,18.210242960316222,18.04355840629739,18.097135543823242,2451100,0.0,0.0
2012-04-25 00:00:00-04:00,18.132860448038386,18.210250182020065,18.06737813710706,18.186437606811523,1995100,0.0,0.0
2012-04-26 00:00:00-04:00,18.186435548822597,18.45432131237415,18.14476468236923,18.424556732177734,2836600,0.0,0.0
2012-04-27 00:00:00-04:00,18.45432303709582,18.585288791824308,18.388839592008548,18.56743049621582,2946700,0.0,0.0
2012-04-30 00:00:00-04:00,18.549572299964925,18.55552544404606,18.40670024835607,18.54361915588379,3181100,0.0,0.0
2012-05-01 00:00:00-04:00,18.585286617516815,18.75197121485383,18.53766260905566,18.734111785888672,2958700,0.0,0.0
2012-05-02 00:00:00-04:00,18.710301678870188,18.990092606529718,18.561476499923334,18.68648910522461,3505600,0.0,0.0
2012-05-03 00:00:00-04:00,18.6686304631691,18.936515099022746,18.621006452209834,18.751972198486328,4022900,0.0,0.0
2012-05-04 00:00:00-04:00,18.71030119492924,18.900797237382683,18.69244176515699,18.83531379699707,2563400,0.0,0.0
2012-05-07 00:00:00-04:00,18.722208640156985,18.799597236401016,18.597194894906107,18.710302352905273,1937700,0.0,0.0
2012-05-08 00:00:00-04:00,18.644817352294922,18.72815908520877,18.53766304686514,18.644817352294922,2737500,0.0,0.0
2012-05-09 00:00:00-04:00,18.55552270645669,18.93651478787063,18.531710133645333,18.757925033569336,3429700,0.0,0.0
2012-05-10 00:00:00-04:00,18.82340624440627,19.067478274145397,18.734110242383526,19.04366683959961,2632600,0.0,0.0
2012-05-11 00:00:00-04:00,18.990090673976376,19.156775266194526,18.906748945590248,19.061527252197266,2391000,0.0,0.0
2012-05-14 00:00:00-04:00,18.972234360321668,19.037716667122673,18.8829383443681,18.942468643188477,1712400,0.0,0.0
2012-05-15 00:00:00-04:00,18.96032753451088,18.99009211535199,18.769831492057435,18.83531379699707,2269600,0.0,0.0
2012-05-16 00:00:00-04:00,18.900796716151362,18.954373868544632,18.757924688251293,18.823408126831055,2449200,0.0,0.0
2012-05-17 00:00:00-04:00,18.85912637002674,18.972233821025714,18.805549216155963,18.83531379699707,2302100,0.0,0.0
2012-05-18 00:00:00-04:00,18.912702287697893,19.04962116733107,18.793641701223713,18.8591251373291,3740500,0.0,0.0
2012-05-21 00:00:00-04:00,18.847215992804966,18.847215992804966,18.3173988477951,18.442411422729492,7083600,0.0,0.0
2012-05-22 00:00:00-04:00,18.442409911908314,18.519799615671815,18.353115060635197,18.41264533996582,3862500,0.0,0.0
2012-05-23 00:00:00-04:00,18.388834518173738,18.43050537702382,18.16262079779653,18.275728225708008,2417700,0.0,0.0
2012-05-24 00:00:00-04:00,18.299540581410835,18.436459448951428,18.12095085291839,18.257869720458984,11836400,0.0,0.0
2012-05-25 00:00:00-04:00,18.24596541434366,18.394790582707714,18.09714024597961,18.138811111450195,12369900,0.0,0.0
2012-05-29 00:00:00-04:00,18.21620042061256,18.37693187129772,18.138810698973376,18.323354721069336,13139400,0.0,0.0
2012-05-30 00:00:00-04:00,18.26382534919549,18.4186036648348,18.222154482570666,18.305496215820312,4746400,0.0,0.0
2012-05-31 00:00:00-04:00,18.29954470762794,18.68053681988976,18.29954470762794,18.56743049621582,4237100,0.0,0.0
2012-06-01 00:00:00-04:00,18.430512048805085,18.716257293043686,18.418606895856684,18.57338523864746,4082200,0.0,0.0
2012-06-04 00:00:00-04:00,18.585285494313176,18.603144922198997,18.47813233333583,18.57933235168457,3458600,0.0,0.0
2012-06-05 00:00:00-04:00,18.561470227860084,18.76387249367021,18.52575251490701,18.638858795166016,2807300,0.0,0.0
2012-06-06 00:00:00-04:00,18.72616903521559,18.900785446166992,18.647891802211603,18.900785446166992,5576300,0.355,0.0
2012-06-07 00:00:00-04:00,19.027236602018807,19.12959836261875,18.948959353547814,19.057342529296875,2919600,0.0,0.0
2012-06-08 00:00:00-04:00,19.027236690027223,19.25604472441439,19.009172444496322,19.22593879699707,2449200,0.0,0.0
2012-06-11 00:00:00-04:00,19.286150565606206,19.382490911071923,19.14164119587514,19.165725708007812,3690800,0.0,0.0
2012-06-12 00:00:00-04:00,19.14766171477427,19.183790206150437,18.930896508854886,19.12959861755371,3004700,0.0,0.0
2012-06-13 00:00:00-04:00,19.19583180241376,19.19583180241376,18.906810763500328,19.069385528564453,2667600,0.0,0.0
2012-06-14 00:00:00-04:00,19.141643508942156,19.334324223157033,19.045302003367066,19.304218292236328,2817100,0.0,0.0
2012-06-15 00:00:00-04:00,19.43066646887375,19.484858068572418,19.292177335629482,19.466794967651367,3797300,0.0,0.0
2012-06-18 00:00:00-04:00,19.41862056024477,19.490875249420114,19.286151715977336,19.32830047607422,2591900,0.0,0.0
2012-06-19 00:00:00-04:00,19.406570762020056,19.508933640459443,19.328293536970445,19.37646484375,2368500,0.0,0.0
2012-06-20 00:00:00-04:00,19.382490150885108,19.508938715609215,19.183789201064243,19.274106979370117,2340400,0.0,0.0
2012-06-21 00:00:00-04:00,19.334320541064994,19.478829900737665,18.979065111211963,18.991107940673828,3285300,0.0,0.0
2012-06-22 00:00:00-04:00,19.141641192916982,19.141641192916982,18.973045014144276,19.057342529296875,1890000,0.0,0.0
2012-06-25 00:00:00-04:00,18.979072554791372,19.051327262965955,18.93692378361155,19.03326416015625,1549800,0.0,0.0
2012-06-26 00:00:00-04:00,18.864656189501023,18.954975092757348,18.702081474559336,18.84659194946289,3327900,0.0,0.0
2012-06-27 00:00:00-04:00,18.84660354745728,19.262072136271822,18.84660354745728,19.189817428588867,2381800,0.0,0.0
2012-06-28 00:00:00-04:00,19.10551426846986,19.207876037462373,18.98508940101653,19.195833206176758,2148900,0.0,0.0
2012-06-29 00:00:00-04:00,19.436680196659065,19.575169283303413,19.35238269147857,19.569149017333984,3261500,0.0,0.0
2012-07-02 00:00:00-04:00,19.665494416947524,19.713665744850218,19.48485653118311,19.629365921020508,2452300,0.0,0.0
2012-07-03 00:00:00-04:00,19.605277503954802,19.64742625654505,19.436680196659065,19.569149017333984,1189800,0.0,0.0
2012-07-05 00:00:00-04:00,19.478835503641722,19.57517587011319,19.3644320362492,19.466794967651367,1869100,0.0,0.0
2012-07-06 00:00:00-04:00,19.352389945126028,19.418624380289426,19.268092408349197,19.382495880126953,1619400,0.0,0.0
2012-07-09 00:00:00-04:00,19.334323547190085,19.39453540692637,19.219918946449447,19.310237884521484,1314300,0.0,0.0
2012-07-10 00:00:00-04:00,19.36442896912947,19.45474905330002,19.280131448935705,19.32830047607422,1268900,0.0,0.0
2012-07-11 00:00:00-04:00,19.358406634075134,19.508938560321646,19.358406634075134,19.478830337524414,1723200,0.0,0.0
2012-07-12 00:00:00-04:00,19.430661311501105,19.52700165240149,19.35238406672738,19.424638748168945,1520900,0.0,0.0
2012-07-13 00:00:00-04:00,19.45474699091573,19.70161925828463,19.40657567194867,19.69559669494629,1426900,0.0,0.0
2012-07-16 00:00:00-04:00,19.713665744850218,19.767857340273075,19.611302821524667,19.629365921020508,2023500,0.0,0.0
2012-07-17 00:00:00-04:00,19.64140875299618,19.719686012370385,19.557111226101807,19.629365921020508,2516000,0.0,0.0
2012-07-18 00:00:00-04:00,19.6173214235053,19.870213953107015,19.557107275789505,19.83408546447754,2183800,0.0,0.0
2012-07-19 00:00:00-04:00,19.707635907380137,19.82806188575886,19.508934995449557,19.81601905822754,2269300,0.0,0.0
2012-07-20 00:00:00-04:00,19.719680794404894,19.900318632371274,19.665489213321507,19.77387237548828,1751800,0.0,0.0
2012-07-23 00:00:00-04:00,19.671509292054093,19.755809092775287,19.53302020769991,19.653446197509766,1742400,0.0,0.0
2012-07-24 00:00:00-04:00,19.659476237810992,19.719688107150194,19.424644434742703,19.58721923828125,2511200,0.0,0.0
2012-07-25 00:00:00-04:00,19.617322921011002,19.70764070407687,19.47883151916025,19.56313133239746,1724900,0.0,0.0
2012-07-26 00:00:00-04:00,19.791936393361322,20.056874045208602,19.755810202243847,20.026765823364258,2632700,0.0,0.0
2012-07-27 00:00:00-04:00,20.15321853162755,20.3579420788634,20.093004372478593,20.321813583374023,2758600,0.0,0.0
2012-07-30 00:00:00-04:00,20.249553047881978,20.514488380904794,20.225467391170454,20.472339630126953,2237800,0.0,0.0
2012-07-31 00:00:00-04:00,20.32181851509818,20.442244565685936,19.954520094426666,20.014734268188477,3972400,0.0,0.0
2012-08-01 00:00:00-04:00,19.978601157509004,20.26762223411914,19.575174325597647,19.629365921020508,4154900,0.0,0.0
2012-08-02 00:00:00-04:00,19.599256675543817,19.62936260192477,19.30421538130155,19.4487247467041,2978000,0.0,0.0
2012-08-03 00:00:00-04:00,19.653446197509766,19.79193528186395,19.551085599178947,19.653446197509766,2200000,0.0,0.0
2012-08-06 00:00:00-04:00,19.719682690419795,19.81602303306048,19.569150761485293,19.665491104125977,2144700,0.0,0.0
2012-08-07 00:00:00-04:00,19.70161732241477,19.7618291682723,19.520977190972804,19.53302001953125,2598000,0.0,0.0
2012-08-08 00:00:00-04:00,19.514959675025143,19.62334285038878,19.430662160172314,19.593236923217773,2174700,0.0,0.0
2012-08-09 00:00:00-04:00,19.56915333524146,19.617324661364822,19.478833247227783,19.605281829833984,1538000,0.0,0.0
2012-08-10 00:00:00-04:00,19.593239875956055,19.761834931069306,19.46679358462112,19.749792098999023,1395300,0.0,0.0
2012-08-13 00:00:00-04:00,19.689578675907708,19.73172743634728,19.533024168330574,19.61130142211914,1488100,0.0,0.0
2012-08-14 00:00:00-04:00,19.617329363086817,19.719690010229048,19.563137756677456,19.64141273498535,1669500,0.0,0.0
2012-08-15 00:00:00-04:00,19.653450516047723,19.816025293474084,19.611301754892953,19.689579010009766,1890900,0.0,0.0
2012-08-16 00:00:00-04:00,19.689582351632144,19.767859620033803,19.508944445035365,19.54507064819336,2424500,0.0,0.0
2012-08-17 00:00:00-04:00,19.581196717489803,19.68957990738037,19.545068221881174,19.6715145111084,1881500,0.0,0.0
2012-08-20 00:00:00-04:00,19.5450652593458,19.56313065287952,19.340341742465093,19.46076774597168,2857300,0.0,0.0
2012-08-21 00:00:00-04:00,19.496892598870954,19.70763634299106,19.370444055464347,19.52699851989746,2405200,0.0,0.0
2012-08-22 00:00:00-04:00,19.526999010655715,19.581190588639206,19.36442427670524,19.454744338989258,1795700,0.0,0.0
2012-08-23 00:00:00-04:00,19.448725501616014,19.448725501616014,19.17174729306428,19.23196029663086,2189700,0.0,0.0
2012-08-24 00:00:00-04:00,19.171743598432954,19.376467082026068,19.171743598432954,19.34636116027832,2162800,0.0,0.0
2012-08-27 00:00:00-04:00,19.304217449336253,19.37044957569573,19.201854532353074,19.298194885253906,1991100,0.0,0.0
2012-08-28 00:00:00-04:00,19.274105575427207,19.346362549130557,19.17776638922488,19.25604248046875,1678000,0.0,0.0
2012-08-29 00:00:00-04:00,19.15367889404297,19.213891884552563,19.08744563810296,19.15367889404297,2119400,0.0,0.0
2012-08-30 00:00:00-04:00,19.081426109636627,19.11755344812521,18.96702153121084,19.045297622680664,2559600,0.0,0.0
2012-08-31 00:00:00-04:00,19.07540876783582,19.11755752981603,18.99111124387541,19.063365936279297,7234300,0.0,0.0
2012-09-04 00:00:00-04:00,19.057346593595657,19.123581025894023,18.973049060465197,19.075410842895508,8195000,0.0,0.0
2012-09-05 00:00:00-04:00,19.06018178814721,19.1637035912508,19.029734677256734,19.041913986206055,2201900,0.355,0.0
2012-09-06 00:00:00-04:00,19.145438963998462,19.334213638084197,19.139349308514017,19.31594467163086,2027400,0.0,0.0
2012-09-07 00:00:00-04:00,19.31594427188823,19.32812358260507,19.15152822314286,19.279407501220703,2743500,0.0,0.0
2012-09-10 00:00:00-04:00,19.407285665008438,19.4133741581699,19.2672259311547,19.352479934692383,1872800,0.0,0.0
2012-09-11 00:00:00-04:00,19.35248139846991,19.419465281658262,19.20024350529546,19.20633316040039,1596300,0.0,0.0
2012-09-12 00:00:00-04:00,19.206330143693368,19.24895656124968,18.99319689442904,19.029733657836914,2249300,0.0,0.0
2012-09-13 00:00:00-04:00,19.017552184850885,19.419460021038276,19.011462531395605,19.40728187561035,2652100,0.0,0.0
2012-09-14 00:00:00-04:00,19.395105871630715,19.45600125507119,19.297673722719093,19.401195526123047,2811800,0.0,0.0
2012-09-17 00:00:00-04:00,19.40119314254586,19.468177010766375,19.194149561174754,19.25504493713379,1646700,0.0,0.0
2012-09-18 00:00:00-04:00,19.200244247657373,19.27940744411637,19.07845346381569,19.114990234375,1793800,0.0,0.0
2012-09-19 00:00:00-04:00,19.12717046866889,19.315945147404356,19.12717046866889,19.21242332458496,1530800,0.0,0.0
2012-09-20 00:00:00-04:00,19.218513518476254,19.36466177334689,19.21242386267126,19.328125,1627400,0.0,0.0
2012-09-21 00:00:00-04:00,19.376832134154515,19.407280399114423,19.23068394679458,19.30375862121582,2430400,0.0,0.0
2012-09-24 00:00:00-04:00,19.28549393479247,19.49862719079969,19.248957170228685,19.44991111755371,2031400,0.0,0.0
2012-09-25 00:00:00-04:00,19.492530970641976,19.60823320956142,19.3768310546875,19.3768310546875,1946500,0.0,0.0
2012-09-26 00:00:00-04:00,19.38292414712298,19.602145874113045,19.38292414712298,19.395103454589844,1332700,0.0,0.0
2012-09-27 00:00:00-04:00,19.431640215507738,19.541251659744116,19.38292414712298,19.395103454589844,1799800,0.0,0.0
2012-09-28 00:00:00-04:00,19.382926538163307,19.638686219103977,19.273315080405474,19.596059799194336,3180500,0.0,0.0
2012-10-01 00:00:00-04:00,19.59606637149843,19.632604310660685,19.285500857518606,19.309858322143555,2330800,0.0,0.0
2012-10-02 00:00:00-04:00,19.407284698648827,19.553432918386772,19.382926081284435,19.44991111755371,2714200,0.0,0.0
2012-10-03 00:00:00-04:00,19.49253503853713,19.565610885620117,19.437730476190342,19.565610885620117,1526200,0.0,0.0
2012-10-04 00:00:00-04:00,19.638688951298597,19.790926850145873,19.589971708643798,19.723941802978516,1503800,0.0,0.0
2012-10-05 00:00:00-04:00,19.766562831119224,19.82136855265696,19.638683588519616,19.687400817871094,1172000,0.0,0.0
2012-10-08 00:00:00-04:00,19.681308783809634,19.778740913513037,19.644770864058902,19.736114501953125,1638000,0.0,0.0
2012-10-09 00:00:00-04:00,19.705671101475705,19.790923940622346,19.675223990775567,19.766565322875977,1399200,0.0,0.0
2012-10-10 00:00:00-04:00,19.754388937242815,19.870091227176776,19.69349470683146,19.77874755859375,1843400,0.0,0.0
2012-10-11 00:00:00-04:00,19.85181936381276,20.186744570686905,19.74220790028409,19.912715911865234,2627900,0.0,0.0
2012-10-12 00:00:00-04:00,19.967524655912506,19.997971773049077,19.75439019002425,19.784839630126953,2316600,0.0,0.0
2012-10-15 00:00:00-04:00,19.797015273505718,19.876179631054907,19.71176242212935,19.86400032043457,1973900,0.0,0.0
2012-10-16 00:00:00-04:00,19.912711075451202,19.997963899052614,19.845726050345746,19.900531768798828,1745400,0.0,0.0
2012-10-17 00:00:00-04:00,19.967525286140066,20.168478123956934,19.93098735064327,20.138031005859375,2779100,0.0,0.0
2012-10-18 00:00:00-04:00,20.13802814515939,20.31462465719158,20.077133917614574,20.290266036987305,2177000,0.0,0.0
2012-10-19 00:00:00-04:00,20.229366878492517,20.271993291976784,19.86399463338623,19.918800354003906,2679900,0.0,0.0
2012-10-22 00:00:00-04:00,19.626509767907365,19.748300552368164,19.620421274019026,19.748300552368164,2206200,0.0,0.0
2012-10-23 00:00:00-04:00,19.620418417132893,19.66304483704253,19.49253683443831,19.596059799194336,1619300,0.0,0.0
2012-10-24 00:00:00-04:00,19.596060100038873,19.62650721144667,19.38292683573576,19.413373947143555,1805800,0.0,0.0
2012-10-25 00:00:00-04:00,19.504713945047733,19.52907256024085,19.35247724602156,19.492534637451172,1571300,0.0,0.0
2012-10-26 00:00:00-04:00,19.52907899563251,19.553437618852488,19.309856032585014,19.328125,2413100,0.0,0.0
2012-10-31 00:00:00-04:00,19.419469076458718,19.63869205714331,19.346395523885974,19.510812759399414,2742200,0.0,0.0
2012-11-01 00:00:00-04:00,19.38292244535882,19.38292244535882,18.926208908793832,18.962745666503906,3901500,0.0,0.0
2012-11-02 00:00:00-04:00,18.96884255265088,19.16979653890529,18.90794715892587,18.92621612548828,3255200,0.0,0.0
2012-11-05 00:00:00-05:00,18.87750189725935,18.96884441607849,18.60347317931878,18.706995010375977,2642200,0.0,0.0
2012-11-06 00:00:00-05:00,18.706991387014465,18.792245394684855,18.585201772672782,18.591291427612305,1722100,0.0,0.0
2012-11-07 00:00:00-05:00,18.53648594230364,18.53648594230364,18.158935461389294,18.24418830871582,2407500,0.0,0.0
2012-11-08 00:00:00-05:00,18.23809051513672,18.432954730507355,18.225911211305466,18.23809051513672,2367100,0.0,0.0
2012-11-09 00:00:00-05:00,18.305083293524035,18.43296372317496,18.19547182853264,18.207651138305664,1980100,0.0,0.0
2012-11-12 00:00:00-05:00,18.207648351609876,18.25027476780854,17.957978346889647,18.02496337890625,2082200,0.0,0.0
2012-11-13 00:00:00-05:00,18.018881254228624,18.35989388779445,17.98843413321645,18.165029525756836,3329000,0.0,0.0
2012-11-14 00:00:00-05:00,18.171112454898598,18.219828527372208,17.897083821307795,17.957979202270508,3249100,0.0,0.0
2012-11-15 00:00:00-05:00,17.939705554465796,18.04322732662218,17.690035603056128,17.830095291137695,2519300,0.0,0.0
2012-11-16 00:00:00-05:00,17.836188314963277,17.939708945203343,17.750934323173365,17.93362045288086,3997200,0.0,0.0
2012-11-19 00:00:00-05:00,17.99451895689735,18.18329478540408,17.95798218684052,18.134578704833984,3352000,0.0,0.0
2012-11-20 00:00:00-05:00,18.1467556811669,18.177203955482415,17.903175294057306,18.04323387145996,2201600,0.0,0.0
2012-11-21 00:00:00-05:00,18.03714736009633,18.067594476274632,17.720492241316677,17.90317726135254,2082000,0.0,0.0
2012-11-23 00:00:00-05:00,17.951890488874323,17.98842841625655,17.702220459176655,17.805742263793945,1162800,0.0,0.0
2012-11-26 00:00:00-05:00,17.79355959972895,18.18328928794344,17.78138145438055,18.09194564819336,2590100,0.0,0.0
2012-11-27 00:00:00-05:00,18.122399394320716,18.207652244947642,18.067593658493983,18.134578704833984,2307200,0.0,0.0
2012-11-28 00:00:00-05:00,18.110219382705147,18.250277963736703,17.988429766736242,18.24418830871582,2323700,0.0,0.0
2012-11-29 00:00:00-05:00,18.274631839219307,18.274631839219307,18.06149861475535,18.201557159423828,2461800,0.0,0.0
2012-11-30 00:00:00-05:00,18.23810186416495,18.341623688184445,18.158937501482537,18.323354721069336,3290600,0.0,0.0
2012-12-03 00:00:00-05:00,18.323352365765714,18.35379947889413,17.98233982049923,18.177204132080078,2024400,0.0,0.0
2012-12-04 00:00:00-05:00,18.213738827115144,18.30508131758706,18.091948065497398,18.098037719726562,2616000,0.0,0.0
2012-12-05 00:00:00-05:00,18.16275373864145,18.624988744456605,18.08879679600469,18.495563507080078,4088000,0.355,0.0
2012-12-06 00:00:00-05:00,18.507885571385092,18.594169042062113,18.39694900878657,18.46474266052246,2808000,0.0,0.0
2012-12-07 00:00:00-05:00,18.47091414034459,18.532545722007853,18.403120458487177,18.526382446289062,2398300,0.0,0.0
2012-12-10 00:00:00-05:00,18.50788999803577,18.563358292601738,18.44009515456083,18.54486846923828,1926700,0.0,0.0
2012-12-11 00:00:00-05:00,18.544868995488553,18.754415630789794,18.526379171600407,18.655805587768555,2527200,0.0,0.0
2012-12-12 00:00:00-05:00,18.637315133517475,18.840698487310373,18.637315133517475,18.661968231201172,2134000,0.0,0.0
2012-12-13 00:00:00-05:00,18.63731196720816,18.674290431927002,18.452418468089753,18.569517135620117,1780300,0.0,0.0
2012-12-14 00:00:00-05:00,18.575687476514748,18.606503855108702,18.489403967500962,18.526382446289062,1851600,0.0,0.0
2012-12-17 00:00:00-05:00,18.563356639147624,18.89000192746997,18.563356639147624,18.883838653564453,2531800,0.0,0.0
2012-12-18 00:00:00-05:00,18.85302388627713,19.105712244501166,18.803718869441326,19.093385696411133,2598800,0.0,0.0
2012-12-19 00:00:00-05:00,19.0872302741046,19.10572010384564,18.945478439331055,18.945478439331055,2574100,0.0,0.0
2012-12-20 00:00:00-05:00,18.970126386822407,19.025594685436392,18.83453668997733,18.988615036010742,1431800,0.0,0.0
2012-12-21 00:00:00-05:00,18.95780499249175,19.025599859350752,18.772910221655774,18.945478439331055,4756200,0.0,0.0
2012-12-24 00:00:00-05:00,18.896163426061666,18.896163426061666,18.717433201690735,18.822206497192383,632600,0.0,0.0
2012-12-26 00:00:00-05:00,18.846863612139025,18.92082173692701,18.655806788429786,18.692785263061523,1743400,0.0,0.0
2012-12-27 00:00:00-05:00,18.649641682359324,18.729761898782538,18.421605230882733,18.661968231201172,2626800,0.0,0.0
2012-12-28 00:00:00-05:00,18.581840659532155,18.71743030065094,18.446252193937376,18.452415466308594,2214400,0.0,0.0
2012-12-31 00:00:00-05:00,18.46474861784786,18.896168461471202,18.353813194982102,18.859189987182617,4551900,0.0,0.0
2013-01-02 00:00:00-05:00,19.044075033200507,19.198153312070293,18.90848657098373,19.062564849853516,2864100,0.0,0.0
2013-01-03 00:00:00-05:00,19.09954330763555,19.185826767634953,19.013259847636142,19.062564849853516,1948400,0.0,0.0
2013-01-04 00:00:00-05:00,19.08105719261178,19.161178571460642,19.06256854789605,19.142688751220703,1489800,0.0,0.0
2013-01-07 00:00:00-05:00,19.087227864198347,19.087227864198347,18.785234403039166,18.871519088745117,1490100,0.0,0.0
2013-01-08 00:00:00-05:00,18.81604827459747,18.9331469726603,18.72976360038993,18.772905349731445,3733200,0.0,0.0
2013-01-09 00:00:00-05:00,18.834536611284744,18.834536611284744,18.507891271394346,18.55103302001953,3320200,0.0,0.0
2013-01-10 00:00:00-05:00,18.63114806201205,18.674289798641702,18.47706975946377,18.575679779052734,3640300,0.0,0.0
2013-01-11 00:00:00-05:00,18.624990614109272,18.624990614109272,18.452423613617587,18.5633602142334,2268900,0.0,0.0
2013-01-14 00:00:00-05:00,18.612663371033417,18.631152018930404,18.458585035761697,18.495563507080078,1757200,0.0,0.0
2013-01-15 00:00:00-05:00,18.4832356667387,18.520214135473456,18.341483890318546,18.470909118652344,3854100,0.0,0.0
2013-01-16 00:00:00-05:00,18.433929563480106,18.452419384519914,18.304504342774223,18.353809356689453,2220300,0.0,0.0
2013-01-17 00:00:00-05:00,18.415444849621654,18.483239703378334,18.3045094191897,18.35997772216797,2477800,0.0,0.0
2013-01-18 00:00:00-05:00,18.433935232324693,18.483240261402315,18.304509971817666,18.38463020324707,3315800,0.0,0.0
2013-01-22 00:00:00-05:00,18.384617950016654,18.74824273793225,18.384617950016654,18.705101013183594,3070900,0.0,0.0
2013-01-23 00:00:00-05:00,18.680453071806532,18.705106164465853,18.569516505887904,18.575679779052734,2305700,0.0,0.0
2013-01-24 00:00:00-05:00,18.61266321135818,18.729761898782538,18.569520290411713,18.661968231201172,1901500,0.0,0.0
2013-01-25 00:00:00-05:00,18.729761098426955,18.8160457611084,18.61266241600643,18.8160457611084,3143900,0.0,0.0
2013-01-28 00:00:00-05:00,18.822211451109183,18.90849494934082,18.66196982901864,18.90849494934082,3284200,0.0,0.0
2013-01-29 00:00:00-05:00,18.88384166550946,19.161183157871825,18.84686319170264,19.05640983581543,2767500,0.0,0.0
2013-01-30 00:00:00-05:00,19.081060467632568,19.136528762348604,18.99477697608514,19.031755447387695,2232100,0.0,0.0
2013-01-31 00:00:00-05:00,19.025591315711168,19.228974649431972,19.025591315711168,19.21664810180664,2884900,0.0,0.0
2013-02-01 00:00:00-05:00,19.228977189603178,19.30909740870323,19.16734561885921,19.210487365722656,1990000,0.0,0.0
2013-02-04 00:00:00-05:00,19.136530504060826,19.26595692868613,19.111878579456896,19.198162078857422,3035300,0.0,0.0
2013-02-05 00:00:00-05:00,19.24746338546743,19.290605126833803,19.087221792160705,19.09954833984375,2256200,0.0,0.0
2013-02-06 00:00:00-05:00,19.056401479341936,19.253621487194152,18.970118019787584,19.22896957397461,2504800,0.0,0.0
2013-02-07 00:00:00-05:00,19.25362575156292,19.574108923066632,19.136525905143444,19.438520431518555,4646400,0.0,0.0
2013-02-08 00:00:00-05:00,19.39537946021234,19.438522379392165,19.222812485590428,19.3707275390625,1885000,0.0,0.0
2013-02-11 00:00:00-05:00,19.3707255979824,19.444682529545265,19.31525731154813,19.438520431518555,1293900,0.0,0.0
2013-02-12 00:00:00-05:00,19.40770785905692,19.47550270585076,19.265956066237486,19.420034408569336,1669200,0.0,0.0
2013-02-13 00:00:00-05:00,19.450844506407087,19.530965881703846,19.358397760354343,19.41386604309082,1719900,0.0,0.0
2013-02-14 00:00:00-05:00,19.34607403077521,19.45701061240003,19.14885396367523,19.179670333862305,2778700,0.0,0.0
2013-02-15 00:00:00-05:00,19.259790529685866,19.333748642550564,19.16118049621582,19.16118049621582,3218500,0.0,0.0
2013-02-19 00:00:00-05:00,19.20432202234871,19.50015211942273,19.20432202234871,19.358400344848633,3325200,0.0,0.0
2013-02-20 00:00:00-05:00,19.35223656237337,19.506314880824632,19.265953080208437,19.284442901611328,4360900,0.0,0.0
2013-02-21 00:00:00-05:00,19.290608433719147,19.709701722591294,19.290608433719147,19.561786651611328,4253200,0.0,0.0
2013-02-22 00:00:00-05:00,19.611088234250552,19.826796940211295,19.592599588324934,19.820634841918945,7800300,0.0,0.0
2013-02-25 00:00:00-05:00,19.88843169396897,20.122631420638847,19.703536987304688,19.703536987304688,11650500,0.0,0.0
2013-02-26 00:00:00-05:00,19.814472743626595,19.943897967203043,19.740513457826996,19.820634841918945,11913000,0.0,0.0
2013-02-27 00:00:00-05:00,19.851452778273305,20.153447359392292,19.789822382640317,20.13495635986328,2784700,0.0,0.0
2013-02-28 00:00:00-05:00,20.116462773259894,20.190419700074557,20.005526207513743,20.085647583007812,3387300,0.0,0.0
2013-03-01 00:00:00-05:00,20.07332270312002,20.24588966369629,19.919244388020203,20.24588966369629,3757900,0.0,0.0
2013-03-04 00:00:00-05:00,20.26438740175523,20.60952143772658,20.171939441520454,20.467769622802734,3481200,0.0,0.0
2013-03-05 00:00:00-05:00,20.547880151067368,20.71428498074553,20.535553606159944,20.61567497253418,2994600,0.0,0.0
2013-03-06 00:00:00-05:00,20.60944878767983,20.640599230805112,20.466152471375903,20.52845573425293,2267300,0.36,0.0
2013-03-07 00:00:00-05:00,20.540917046301235,20.665518822802735,20.341551351946983,20.3540096282959,2788600,0.0,0.0
2013-03-08 00:00:00-05:00,20.372705667596534,20.422545912343207,20.26056214613277,20.366474151611328,2299500,0.0,0.0
2013-03-11 00:00:00-04:00,20.36024379906123,20.50976690101872,20.32286183525843,20.472387313842773,1689900,0.0,0.0
2013-03-12 00:00:00-04:00,20.43501080865672,20.52846455481373,20.31663812326833,20.41008949279785,1784400,0.0,0.0
2013-03-13 00:00:00-04:00,20.41631137717401,20.547144658761578,20.32908918944897,20.441232681274414,1926600,0.0,0.0
2013-03-14 00:00:00-04:00,20.47238398597684,20.553377039403742,20.366469627399127,20.52845573425293,3503200,0.0,0.0
2013-03-15 00:00:00-04:00,20.453701909635228,20.734058380126953,20.385169482936412,20.734058380126953,3282900,0.0,0.0
2013-03-18 00:00:00-04:00,20.640600411441753,20.746512399451134,20.528456908474997,20.634368896484375,1808500,0.0,0.0
2013-03-19 00:00:00-04:00,20.70290306119746,20.758974817447466,20.534687792447443,20.65306282043457,2478100,0.0,0.0
2013-03-20 00:00:00-04:00,20.75274416102518,20.958339001156368,20.715362200716495,20.908498764038086,2449600,0.0,0.0
2013-03-21 00:00:00-04:00,20.84619511012106,20.94587795913495,20.777662705806524,20.821273803710938,2143100,0.0,0.0
2013-03-22 00:00:00-04:00,20.821273541286896,20.945877695140442,20.75274351446268,20.815044403076172,1694200,0.0,0.0
2013-03-25 00:00:00-04:00,20.883583890799585,21.01441722724604,20.6406070155055,20.734058380126953,2160200,0.0,0.0
2013-03-26 00:00:00-04:00,20.827506020915887,20.96457083416669,20.790124060040213,20.927188873291016,2140100,0.0,0.0
2013-03-27 00:00:00-04:00,20.83373589813517,21.014411817167307,20.76520586570651,20.989490509033203,1255500,0.0,0.0
2013-03-28 00:00:00-04:00,21.070479421957177,21.413139023114713,20.989486374787703,21.39444923400879,3455700,0.0,0.0
2013-04-01 00:00:00-04:00,21.363301691964942,21.388222998571806,21.188854922343513,21.294769287109375,1994400,0.0,0.0
2013-04-02 00:00:00-04:00,21.36953502649005,21.42560678905261,21.25116236180335,21.325923919677734,1436600,0.0,0.0
2013-04-03 00:00:00-04:00,21.338377262109464,21.438060097319962,21.288534656191086,21.344606399536133,2062000,0.0,0.0
2013-04-04 00:00:00-04:00,21.394456215832548,21.55643998640667,21.38822707630653,21.52528953552246,2122600,0.0,0.0
2013-04-05 00:00:00-04:00,21.400677655949195,21.543973956390968,21.37575873018325,21.5003604888916,2041300,0.0,0.0
2013-04-08 00:00:00-04:00,21.28854345947864,21.52529118223888,21.257393006211377,21.519062042236328,2773500,0.0,0.0
2013-04-09 00:00:00-04:00,21.556434049327912,21.64365861505817,21.475443374660856,21.53151512145996,1746500,0.0,0.0
2013-04-10 00:00:00-04:00,21.606280805803717,21.805646526775515,21.52528773896303,21.77449607849121,1801100,0.0,0.0
2013-04-11 00:00:00-04:00,21.79318231703511,21.855485580067114,21.70596012541678,21.78072166442871,2573400,0.0,0.0
2013-04-12 00:00:00-04:00,21.743342362016723,21.89286544195768,21.737110847320388,21.84302520751953,2683900,0.0,0.0
2013-04-15 00:00:00-04:00,21.799412416261283,21.942706346991404,21.62496566772461,21.62496566772461,2681000,0.0,0.0
2013-04-16 00:00:00-04:00,21.70596414110882,21.87417941747603,21.49413776086421,21.830568313598633,2583600,0.0,0.0
2013-04-17 00:00:00-04:00,21.81810237283737,21.93647500087987,21.656116274856746,21.874174118041992,2734700,0.0,0.0
2013-04-18 00:00:00-04:00,21.911558950133518,22.067313571194894,21.75580432907214,22.042394638061523,2362100,0.0,0.0
2013-04-19 00:00:00-04:00,22.11715330619479,22.385051409611222,22.05485241654629,22.366361618041992,2491300,0.0,0.0
2013-04-22 00:00:00-04:00,22.366368991159202,22.385058788889562,22.198153681703825,22.304065704345703,1611800,0.0,0.0
2013-04-23 00:00:00-04:00,22.360129618247324,22.360129618247324,22.05485193831203,22.31028938293457,3336600,0.0,0.0
2013-04-24 00:00:00-04:00,22.347665844116797,22.53457085953233,22.24175387347761,22.360126495361328,2139200,0.0,0.0
2013-04-25 00:00:00-04:00,22.459810633221576,22.640486521822126,22.353898656430715,22.4909610748291,2019800,0.0,0.0
2013-04-26 00:00:00-04:00,22.478500950837773,22.652945310794568,22.43488748422242,22.503419876098633,1953400,0.0,0.0
2013-04-29 00:00:00-04:00,22.603109996799926,22.80247572294162,22.540809098615743,22.696563720703125,1591300,0.0,0.0
2013-04-30 00:00:00-04:00,22.715243065911295,22.98314108279972,22.453576561950975,22.808696746826172,3151100,0.0,0.0
2013-05-01 00:00:00-04:00,22.846085815967506,23.05168304880529,22.783784920540384,22.796245574951172,2045200,0.0,0.0
2013-05-02 00:00:00-04:00,22.846083099279713,22.86477526698657,22.61556696165845,22.721481323242188,2640800,0.0,0.0
2013-05-03 00:00:00-04:00,22.79624573191978,22.920849900258837,22.547037395241663,22.60934066772461,3369100,0.0,0.0
2013-05-06 00:00:00-04:00,22.571957825919178,22.609339787954347,22.073543548583984,22.073543548583984,2642200,0.0,0.0
2013-05-07 00:00:00-04:00,22.13584261777357,22.353900480068184,22.042391285327206,22.31028938293457,3280600,0.0,0.0
2013-05-08 00:00:00-04:00,22.260445869074807,22.39127915517471,21.861714496221893,21.998779296875,3212500,0.0,0.0
2013-05-09 00:00:00-04:00,22.00500971909936,22.061081470218518,21.631199629389357,21.693500518798828,2727300,0.0,0.0
2013-05-10 00:00:00-04:00,21.693498348482553,21.712188138110264,21.50659332232638,21.68726921081543,1563600,0.0,0.0
2013-05-13 00:00:00-04:00,21.5813575283896,21.743343647298467,21.394452479101908,21.53774642944336,2059900,0.0,0.0
2013-05-14 00:00:00-04:00,21.512822291096874,21.712187967648422,21.494132501615894,21.649887084960938,2011000,0.0,0.0
2013-05-15 00:00:00-04:00,21.649891747439703,21.91155836303075,21.487907991591936,21.73711395263672,2453200,0.0,0.0
2013-05-16 00:00:00-04:00,21.705961908460875,21.762033661482477,21.537746649396073,21.587589263916016,1884500,0.0,0.0
2013-05-17 00:00:00-04:00,21.649894584587404,21.86172098637939,21.581362163915415,21.849260330200195,2692200,0.0,0.0
2013-05-20 00:00:00-04:00,21.836794521486823,21.89909778768193,21.63119968460946,21.705961227416992,1650700,0.0,0.0
2013-05-21 00:00:00-04:00,21.69973165990541,21.78695385422677,21.42560204732222,21.662349700927734,2927400,0.0,0.0
2013-05-22 00:00:00-04:00,21.64989039974136,21.880406552930612,21.26361963935972,21.369531631469727,2921500,0.0,0.0
2013-05-23 00:00:00-04:00,21.207542683024556,21.300993998438287,20.877341380676256,21.21377182006836,2169300,0.0,0.0
2013-05-24 00:00:00-04:00,21.12655061710934,21.201312148217283,20.983256692224863,21.114089965820312,1896000,0.0,0.0
2013-05-28 00:00:00-04:00,21.338377547154177,21.65611584593638,21.10162991913185,21.195083618164062,4362700,0.0,0.0
2013-05-29 00:00:00-04:00,21.051789574095604,21.082940014727296,20.472382347166274,20.746509552001953,3318100,0.0,0.0
2013-05-30 00:00:00-04:00,20.839969368097737,21.18885820819108,20.765207813310163,20.777666091918945,2885700,0.0,0.0
2013-05-31 00:00:00-04:00,20.69667722178409,20.958343874914256,20.58453369140625,20.58453369140625,3589900,0.0,0.0
2013-06-03 00:00:00-04:00,20.57206197976686,20.771427620716832,20.310393090628835,20.615673065185547,3887500,0.0,0.0
2013-06-04 00:00:00-04:00,20.57829734029691,20.590757993703317,20.347781193844934,20.459924697875977,3991800,0.0,0.0
2013-06-05 00:00:00-04:00,20.47882422492132,20.47882422492132,20.15756410431511,20.233154296875,4297500,0.36,0.0
2013-06-06 00:00:00-04:00,20.245754389525143,20.598512649536133,20.22055685603099,20.598512649536133,2884300,0.0,0.0
2013-06-07 00:00:00-04:00,20.604807742922723,20.743391753398836,20.384335365318627,20.58591079711914,2192900,0.0,0.0
2013-06-10 00:00:00-04:00,20.636301860174324,20.642602443601486,20.403230735707954,20.472522735595703,2171600,0.0,0.0
2013-06-11 00:00:00-04:00,20.321344992704276,20.54811799274052,20.296149861676216,20.409536361694336,1810300,0.0,0.0
2013-06-12 00:00:00-04:00,20.510323937933038,20.57331536947533,20.138667523223166,20.20166015625,3124600,0.0,0.0
2013-06-13 00:00:00-04:00,20.195358034521337,20.548113827092212,20.195358034521337,20.522918701171875,2901000,0.0,0.0
2013-06-14 00:00:00-04:00,20.522919039000175,20.711895702840838,20.51032027434831,20.554414749145508,1598000,0.0,0.0
2013-06-17 00:00:00-04:00,20.66150250320972,20.881977300001143,20.6048092586598,20.77488899230957,3132400,0.0,0.0
2013-06-18 00:00:00-04:00,20.768587744798257,20.926068689413423,20.70559392517108,20.907169342041016,1993200,0.0,0.0
2013-06-19 00:00:00-04:00,20.850477456115197,20.91976946070811,20.378034591674805,20.378034591674805,2273000,0.0,0.0
2013-06-20 00:00:00-04:00,20.264643998438363,20.31503904717391,19.603225804561593,19.6599178314209,4105800,0.0,0.0
2013-06-21 00:00:00-04:00,19.823697023910658,20.00637546088257,19.546531480309447,19.949682235717773,4250200,0.0,0.0
2013-06-24 00:00:00-04:00,19.823696731289278,20.239447443522167,19.590625654815753,20.063068389892578,3003800,0.0,0.0
2013-06-25 00:00:00-04:00,20.207955766561614,20.4284281256547,20.018977914002082,20.333938598632812,2291700,0.0,0.0
2013-06-26 00:00:00-04:00,20.478824507031145,20.78748826893684,20.41583307952497,20.724496841430664,2960300,0.0,0.0
2013-06-27 00:00:00-04:00,20.793781405298798,20.90086968963915,20.522916410367145,20.5670108795166,2485300,0.0,0.0
2013-06-28 00:00:00-04:00,20.642604767086514,20.818982675403653,20.428430562857653,20.573312759399414,8910300,0.0,0.0
2013-07-01 00:00:00-04:00,20.64259819297951,20.69929141730745,20.03157148666372,20.063068389892578,3551700,0.0,0.0
2013-07-02 00:00:00-04:00,20.031572800471316,20.226850008845837,19.943383868614493,20.05677032470703,2916100,0.0,0.0
2013-07-03 00:00:00-04:00,19.98118420373602,20.132365784422486,19.918192779563295,20.031578063964844,1103700,0.0,0.0
2013-07-05 00:00:00-04:00,20.08197271328167,20.11346962809005,19.72921567781891,19.943389892578125,2129200,0.0,0.0
2013-07-08 00:00:00-04:00,20.04417999599596,20.403236457036023,20.037880612286624,20.327646255493164,2566400,0.0,0.0
2013-07-09 00:00:00-04:00,20.422133406679443,20.535519910478325,20.302448720655818,20.327646255493164,2313500,0.0,0.0
2013-07-10 00:00:00-04:00,20.3339398439463,20.459925086701716,20.19535823958712,20.415830612182617,1884200,0.0,0.0
2013-07-11 00:00:00-04:00,20.648900284059025,20.844177516621045,20.52921563356722,20.806381225585938,2770500,0.0,0.0
2013-07-12 00:00:00-04:00,20.800082391777526,20.92606762163481,20.680397745045724,20.88827133178711,1577200,0.0,0.0
2013-07-15 00:00:00-04:00,20.85047300173199,21.3607120513916,20.81267911855079,21.3607120513916,2230200,0.0,0.0
2013-07-16 00:00:00-04:00,21.36700911032112,21.41110597666675,21.159135554822157,21.196931838989258,2128800,0.0,0.0
2013-07-17 00:00:00-04:00,21.310320090903495,21.3418157955559,21.09614593511161,21.203231811523438,1261300,0.0,0.0
2013-07-18 00:00:00-04:00,21.096142719372594,21.54338790497943,21.096142719372594,21.518190383911133,1872900,0.0,0.0
2013-07-19 00:00:00-04:00,21.612681537017032,21.650475418537965,21.41110615901188,21.555988311767578,1985700,0.0,0.0
2013-07-22 00:00:00-04:00,21.606384206034896,21.66937802299562,21.51189708504643,21.537092208862305,972400,0.0,0.0
2013-07-23 00:00:00-04:00,21.53079957657396,21.83316276699127,21.45520937971189,21.713478088378906,1912400,0.0,0.0
2013-07-24 00:00:00-04:00,21.700872542729684,21.700872542729684,21.159137761348028,21.304019927978516,1576500,0.0,0.0
2013-07-25 00:00:00-04:00,21.241027005342456,21.492995032557943,21.241027005342456,21.480396270751953,1396900,0.0,0.0
2013-07-26 00:00:00-04:00,21.360721219013687,21.618989944458008,21.27253224978429,21.618989944458008,1637600,0.0,0.0
2013-07-29 00:00:00-04:00,21.505594331840815,21.644178312202154,21.48039680759909,21.574886322021484,2388300,0.0,0.0
2013-07-30 00:00:00-04:00,21.726073022279607,21.915049682581564,21.44890501106603,21.568592071533203,2044200,0.0,0.0
2013-07-31 00:00:00-04:00,21.543390532757556,21.574886236450713,21.10874165170024,21.28512191772461,2998800,0.0,0.0
2013-08-01 00:00:00-04:00,21.379609906952165,21.663076057770017,21.36071296455373,21.631580352783203,2361400,0.0,0.0
2013-08-02 00:00:00-04:00,21.625285547236054,21.75126838684082,21.46780459476146,21.75126838684082,2016000,0.0,0.0
2013-08-05 00:00:00-04:00,21.663080323010007,21.663080323010007,21.49930118305117,21.511899948120117,1593000,0.0,0.0
2013-08-06 00:00:00-04:00,21.46151041999931,21.499306724948944,21.171745957626868,21.234737396240234,2381300,0.0,0.0
2013-08-07 00:00:00-04:00,21.115048632894027,21.348119794414735,21.04575662199003,21.27252960205078,2113000,0.0,0.0
2013-08-08 00:00:00-04:00,21.360714370821263,21.518195309091244,21.24102972280471,21.461502075195312,1951200,0.0,0.0
2013-08-09 00:00:00-04:00,21.48039465398003,21.562285398071218,21.322913747710476,21.367008209228516,1966500,0.0,0.0
2013-08-12 00:00:00-04:00,21.278823314099334,21.417407306799095,21.15284048761052,21.354415893554688,2095000,0.0,0.0
2013-08-13 00:00:00-04:00,21.36071617421416,21.37331493869563,21.070951800046267,21.102447509765625,2053100,0.0,0.0
2013-08-14 00:00:00-04:00,21.04575617133016,21.06465311827428,20.800086249181255,20.95756721496582,1339200,0.0,0.0
2013-08-15 00:00:00-04:00,20.850479696443017,20.869379047070012,20.66150301095556,20.724496841430664,1701300,0.0,0.0
2013-08-16 00:00:00-04:00,20.667800887830428,20.768588600417623,20.371735930806775,20.522918701171875,2014100,0.0,0.0
2013-08-19 00:00:00-04:00,20.516615876673043,20.630002341320825,20.27094600425897,20.321338653564453,1704100,0.0,0.0
2013-08-20 00:00:00-04:00,20.34024154839034,20.667802236414367,20.27724772205758,20.50402069091797,2042400,0.0,0.0
2013-08-21 00:00:00-04:00,20.45362847766103,20.45362847766103,20.094570868661577,20.23945426940918,2497600,0.0,0.0
2013-08-22 00:00:00-04:00,20.296146623221038,20.598509774034564,20.195358906283193,20.478822708129883,5774500,0.0,0.0
2013-08-23 00:00:00-04:00,20.510325795549115,20.69930251026066,20.403237468665345,20.636308670043945,5828200,0.0,0.0
2013-08-26 00:00:00-04:00,20.636301860174324,20.69299509617625,20.459923971709884,20.472522735595703,1756300,0.0,0.0
2013-08-27 00:00:00-04:00,20.32133997193439,20.57331044371374,20.315041791475736,20.472522735595703,1868700,0.0,0.0
2013-08-28 00:00:00-04:00,20.497724918528572,20.686701613796618,20.35914088727978,20.598512649536133,2061200,0.0,0.0
2013-08-29 00:00:00-04:00,20.522926131868246,20.573318804923115,20.333946999746406,20.390640258789062,1777500,0.0,0.0
2013-08-30 00:00:00-04:00,20.390631063192725,20.529215056792758,20.32763964953911,20.42212677001953,1716500,0.0,0.0
2013-09-03 00:00:00-04:00,20.554410271862945,20.59850473705523,20.100864455064446,20.245746612548828,2670200,0.0,0.0
2013-09-04 00:00:00-04:00,20.226641164378364,20.44961103978395,20.09922876549401,20.430500030517578,3533500,0.36,0.0
2013-09-05 00:00:00-04:00,20.42412934867239,20.487834329415797,20.239381502251575,20.366792678833008,2409000,0.0,0.0
2013-09-06 00:00:00-04:00,20.443240956553538,20.819106186419702,20.443240956553538,20.487834930419922,3210300,0.0,0.0
2013-09-09 00:00:00-04:00,20.48783571878672,20.589765153002,20.385906284571437,20.462352752685547,2136600,0.0,0.0
2013-09-10 00:00:00-04:00,20.551540082514368,20.602506013175855,20.39864715090857,20.58339500427246,2073400,0.0,0.0
2013-09-11 00:00:00-04:00,20.621612929300746,20.659837369710445,20.28397221134272,20.41138458251953,3380200,0.0,0.0
2013-09-12 00:00:00-04:00,20.494200326466586,20.577018731323697,20.20752431720086,20.27760124206543,2314100,0.0,0.0
2013-09-13 00:00:00-04:00,20.328571705231465,20.608877053900475,20.296719211321953,20.59613800048828,2491200,0.0,0.0
2013-09-16 00:00:00-04:00,20.83184548530123,20.94014443042745,20.583392676892558,20.653467178344727,3077100,0.0,0.0
2013-09-17 00:00:00-04:00,20.83184971744727,21.04207812489137,20.768142298381218,20.921037673950195,3490100,0.0,0.0
2013-09-18 00:00:00-04:00,20.984740198346817,21.679135188383903,20.787253297909093,21.5963191986084,4069300,0.0,0.0
2013-09-19 00:00:00-04:00,21.577205760038517,21.80017805529917,21.46890680562935,21.5963191986084,3194900,0.0,0.0
2013-09-20 00:00:00-04:00,21.589941885908786,21.63453584785934,21.18222427368164,21.18222427368164,3672200,0.0,0.0
2013-09-23 00:00:00-04:00,21.16948450709692,21.526238661750735,21.099407581165917,21.488014221191406,2779700,0.0,0.0
2013-09-24 00:00:00-04:00,21.443420441964083,21.672762226935177,21.38608499572131,21.583574295043945,3953200,0.0,0.0
2013-09-25 00:00:00-04:00,21.577203254404562,21.65365213942799,21.36697489606259,21.37334442138672,3297800,0.0,0.0
2013-09-26 00:00:00-04:00,21.366972424531916,21.47527135383796,21.10577817305349,21.233190536499023,2203700,0.0,0.0
2013-09-27 00:00:00-04:00,21.14400260075782,21.30963942124975,20.921032761852118,21.035703659057617,2903700,0.0,0.0
2013-09-30 00:00:00-04:00,21.010223157192577,21.11852454176118,20.84458874749793,20.978370666503906,3135800,0.0,0.0
2013-10-01 00:00:00-04:00,21.188600310578042,21.265049209009046,21.067559866679733,21.156747817993164,2363500,0.0,0.0
2013-10-02 00:00:00-04:00,21.093044007500055,21.27141992006071,20.908296137953922,21.258678436279297,3036400,0.0,0.0
2013-10-03 00:00:00-04:00,21.14400252160376,21.188596489217957,20.825472792822925,20.959257125854492,3224300,0.0,0.0
2013-10-04 00:00:00-04:00,20.965630595579494,21.067560030758603,20.8700706868912,20.972000122070312,1906800,0.0,0.0
2013-10-07 00:00:00-04:00,20.87006506029567,21.02932991171187,20.76813565259685,20.850954055786133,1489300,0.0,0.0
2013-10-08 00:00:00-04:00,20.83821852129018,21.194972765114056,20.812735554547874,21.022966384887695,2244300,0.0,0.0
2013-10-09 00:00:00-04:00,21.054811285874166,21.411565401052822,21.01021732525041,21.16311264038086,2220300,0.0,0.0
2013-10-10 00:00:00-04:00,21.30327419078785,21.519874572753906,21.093045766338598,21.519874572753906,2139200,0.0,0.0
2013-10-11 00:00:00-04:00,21.500758411542503,21.634540325080035,21.43068147677832,21.60268783569336,1575400,0.0,0.0
2013-10-14 00:00:00-04:00,21.551727857352077,21.564466911035254,21.163121104896998,21.49439239501953,2168400,0.0,0.0
2013-10-15 00:00:00-04:00,21.424315863178013,21.532614832906546,21.163121514209053,21.201343536376953,2392700,0.0,0.0
2013-10-16 00:00:00-04:00,21.335125921760945,21.424313872116873,20.959260680839968,21.26504898071289,3854800,0.0,0.0
2013-10-17 00:00:00-04:00,21.207709363997047,21.660020983645484,21.06118598425976,21.615427017211914,2938700,0.0,0.0
2013-10-18 00:00:00-04:00,21.640912281070868,21.749211231023395,21.53261090092918,21.60268783569336,2393100,0.0,0.0
2013-10-21 00:00:00-04:00,21.589947860969353,21.602689343651264,21.3478645503917,21.475276947021484,1999400,0.0,0.0
2013-10-22 00:00:00-04:00,21.5007647477893,21.895741078999226,21.430687792373533,21.83840560913086,3174400,0.0,0.0
2013-10-23 00:00:00-04:00,21.812914481926963,22.010401336592164,21.66001915975157,21.691871643066406,3151900,0.0,0.0
2013-10-24 00:00:00-04:00,21.691875617577793,21.7683220775781,21.52624121587893,21.647281646728516,1822500,0.0,0.0
2013-10-25 00:00:00-04:00,21.570846565830198,21.876634997330793,21.437064582709397,21.863893508911133,2117600,0.0,0.0
2013-10-28 00:00:00-04:00,21.634542859627977,21.755585735742685,21.417942504158415,21.621801376342773,3487800,0.0,0.0
2013-10-29 00:00:00-04:00,21.621799895558585,21.74284276338359,21.468906966986022,21.551725387573242,2180200,0.0,0.0
2013-10-30 00:00:00-04:00,21.672762395698367,21.742839322783983,21.105779884098627,21.137632369995117,4142900,0.0,0.0
2013-10-31 00:00:00-04:00,21.175853525446954,21.53260520043472,20.857323855528723,21.341487884521484,5966100,0.0,0.0
2013-11-01 00:00:00-04:00,21.456153594424734,21.691864812962717,21.37333521973217,21.54534149169922,3745900,0.0,0.0
2013-11-04 00:00:00-05:00,21.64727997485686,21.7109873784278,21.51349807264133,21.67913246154785,2854800,0.0,0.0
2013-11-05 00:00:00-05:00,21.66639642025112,21.844774764843233,21.417943559421985,21.43068504333496,3180100,0.0,0.0
2013-11-06 00:00:00-05:00,21.46253910605143,21.558099027285476,21.335129117992363,21.519874572753906,3109100,0.0,0.0
2013-11-07 00:00:00-05:00,21.596319681073716,21.71736012050378,21.303270441618356,21.322383880615234,3544000,0.0,0.0
2013-11-08 00:00:00-05:00,21.245938518125257,21.347867965698242,21.048451580434314,21.347867965698242,4931400,0.0,0.0
2013-11-11 00:00:00-05:00,21.386084644949012,21.44978961520104,21.252302749306445,21.335121154785156,2220500,0.0,0.0
2013-11-12 00:00:00-05:00,21.239564722882772,21.239564722882772,20.95288744975573,21.144004821777344,2968800,0.0,0.0
2013-11-13 00:00:00-05:00,21.010224085758903,21.386089324951172,20.901925126593195,21.386089324951172,2917600,0.0,0.0
2013-11-14 00:00:00-05:00,21.443429376669357,21.570841802540237,21.265053438564067,21.500764846801758,2286400,0.0,0.0
2013-11-15 00:00:00-05:00,21.41794730691353,21.710996627807617,21.398836292795,21.710996627807617,3546700,0.0,0.0
2013-11-18 00:00:00-05:00,21.742844645700202,21.761955655878925,21.513502802797543,21.74921417236328,2711100,0.0,0.0
2013-11-19 00:00:00-05:00,21.7300930385329,21.768315041083415,21.507120826171978,21.666385650634766,2958400,0.0,0.0
2013-11-20 00:00:00-05:00,21.65365513768571,21.698249111696224,21.303270441618356,21.322383880615234,3408800,0.0,0.0
2013-11-21 00:00:00-05:00,21.373344993806477,21.615428275819493,21.31600954359784,21.45616340637207,8580400,0.0,0.0
2013-11-22 00:00:00-05:00,21.39882811406442,21.551723459145332,21.366975625977705,21.411569595336914,9078800,0.0,0.0
2013-11-25 00:00:00-05:00,21.49438284288212,21.53260484732486,21.284152097693138,21.2905216217041,12098600,0.0,0.0
2013-11-26 00:00:00-05:00,21.245931937606066,21.290525905220267,20.933774164306673,20.959257125854492,3178100,0.0,0.0
2013-11-27 00:00:00-05:00,21.029329757786368,21.073926151630147,20.7745074554989,20.89554786682129,2475100,0.0,0.0
2013-11-29 00:00:00-05:00,21.067560930305604,21.073932887257925,20.774514095426763,20.825477600097656,1409800,0.0,0.0
2013-12-02 00:00:00-05:00,20.850957638033254,20.92740409939387,20.62161582376222,20.81910514831543,3184300,0.0,0.0
2013-12-03 00:00:00-05:00,20.698063232719967,21.061186935909,20.698063232719967,20.946516036987305,4673200,0.0,0.0
2013-12-04 00:00:00-05:00,20.907876093556318,21.11399174845666,20.798378226868444,21.04958152770996,8139000,0.36,0.0
2013-12-05 00:00:00-05:00,20.952960872054447,21.068901219205838,20.64378743201477,20.746845245361328,4709000,0.0,0.0
2013-12-06 00:00:00-05:00,20.837018950830156,21.09466469327949,20.772608743763772,20.9722843170166,3230900,0.0,0.0
2013-12-09 00:00:00-05:00,20.98516787790902,21.023813021205314,20.688874522449343,20.875667572021484,4242600,0.0,0.0
2013-12-10 00:00:00-05:00,20.914310794032545,20.914310794032545,20.68243015443056,20.740400314331055,3390900,0.0,0.0
2013-12-11 00:00:00-05:00,20.7017546500428,20.740402245939652,20.48275652081077,20.52784538269043,3031300,0.0,0.0
2013-12-12 00:00:00-05:00,20.566489123909324,20.856339913395377,20.495636435691463,20.68886947631836,3260300,0.0,0.0
2013-12-13 00:00:00-05:00,20.66310966192085,20.746842434670373,20.482756670178734,20.521404266357422,2010300,0.0,0.0
2013-12-16 00:00:00-05:00,20.618021415970098,20.83057952833394,20.560052473607033,20.68243408203125,2582800,0.0,0.0
2013-12-17 00:00:00-05:00,20.637345230324367,20.688872903050157,20.508522362872156,20.547168731689453,2205900,0.0,0.0
2013-12-18 00:00:00-05:00,20.5214022054949,20.785487943465718,20.21866887522658,20.740400314331055,3180500,0.0,0.0
2013-12-19 00:00:00-05:00,20.61157637093321,20.656663997677317,20.237991598351872,20.386137008666992,3955700,0.0,0.0
2013-12-20 00:00:00-05:00,20.379697386723553,20.553607871225672,20.341051021905013,20.450550079345703,6570100,0.0,0.0
2013-12-23 00:00:00-05:00,20.62446456274135,20.72107987924763,20.379701338159748,20.44411277770996,10696800,0.0,0.0
2013-12-24 00:00:00-05:00,20.489198085717284,20.56649205009279,20.36681771589607,20.514963150024414,1511800,0.0,0.0
2013-12-26 00:00:00-05:00,20.598695386597832,20.61801795462633,20.456991230690488,20.508520126342773,1753400,0.0,0.0
2013-12-27 00:00:00-05:00,20.540729071511596,20.624464310466443,20.431229994179418,20.5600528717041,1926200,0.0,0.0
2013-12-30 00:00:00-05:00,20.59869325355728,20.643780879015882,20.52140053235557,20.62445831298828,2471400,0.0,0.0
2013-12-31 00:00:00-05:00,20.656670747941643,20.688875855127055,20.489201487776093,20.637348175048828,3024400,0.0,0.0
2014-01-02 00:00:00-05:00,20.553613826347608,20.566496361201583,20.167146380551298,20.180028915405273,3322600,0.0,0.0
2014-01-03 00:00:00-05:00,20.4247829526286,20.431224217538258,20.154257197696932,20.24443244934082,3898900,0.0,0.0
2014-01-06 00:00:00-05:00,20.295960975480174,20.386136225504174,20.25731461526212,20.36681365966797,4652700,0.0,0.0
2014-01-07 00:00:00-05:00,20.360373177047084,20.4312246354111,20.192903971607766,20.386137008666992,4838500,0.0,0.0
2014-01-08 00:00:00-05:00,20.418339563964444,20.431220863123237,20.180017715617623,20.276634216308594,3504700,0.0,0.0
2014-01-09 00:00:00-05:00,20.366814629084057,20.560047667917427,20.341049568681903,20.431224822998047,7099400,0.0,0.0
2014-01-10 00:00:00-05:00,20.51496392860565,20.901431308058566,20.476317559224135,20.534286499023438,8893800,0.0,0.0
2014-01-13 00:00:00-05:00,20.514963661710805,20.56005129682698,20.25731915494273,20.334611892700195,5637000,0.0,0.0
2014-01-14 00:00:00-05:00,20.32816481819017,20.386134969217686,20.128490536065165,20.231548309326172,5198800,0.0,0.0
2014-01-15 00:00:00-05:00,20.31527915363824,20.411895641746252,20.250867752051132,20.308837890625,5235600,0.0,0.0
2014-01-16 00:00:00-05:00,20.334608303581362,20.437666088098588,20.27663814622221,20.431224822998047,2570500,0.0,0.0
2014-01-17 00:00:00-05:00,20.482756639187553,20.5278455013278,20.386140105978775,20.46987533569336,2163200,0.0,0.0
2014-01-21 00:00:00-05:00,20.489194395291264,20.746838849227323,20.476313094003707,20.669546127319336,3050400,0.0,0.0
2014-01-22 00:00:00-05:00,20.68243448426397,20.888550105484253,20.68243448426397,20.875667572021484,3244200,0.0,0.0
2014-01-23 00:00:00-05:00,20.79837544952014,21.184841636577723,20.688875140362168,21.088226318359375,5691300,0.0,0.0
2014-01-24 00:00:00-05:00,21.030254948440966,21.513338883332334,20.97872481598175,21.26857566833496,5910200,0.0,0.0
2014-01-27 00:00:00-05:00,21.23636623482804,21.500451967114873,21.171953582385242,21.39739418029785,5450300,0.0,0.0
2014-01-28 00:00:00-05:00,21.44248630457031,21.468251370949904,21.139752917339987,21.21060562133789,2960900,0.0,0.0
2014-01-29 00:00:00-05:00,21.18483543395996,21.307218241133526,21.023807493650637,21.18483543395996,5093500,0.0,0.0
2014-01-30 00:00:00-05:00,21.287891559618917,21.513332132749966,21.210598842275417,21.494007110595703,2373800,0.0,0.0
2014-01-31 00:00:00-05:00,21.24280504769318,21.577743449825004,21.23636501136565,21.474685668945312,4354300,0.0,0.0
2014-02-03 00:00:00-05:00,21.532663907408043,21.82895483152543,21.371635910766997,21.403841018676758,4269800,0.0,0.0
2014-02-04 00:00:00-05:00,21.551984990234992,21.60351512500066,21.17840134155217,21.33298683166504,2926000,0.0,0.0
2014-02-05 00:00:00-05:00,21.320104726231744,21.332987260181934,21.171959271442745,21.262134552001953,2947900,0.0,0.0
2014-02-06 00:00:00-05:00,21.30078110502963,21.655042171394065,21.217045867022474,21.62283706665039,2939200,0.0,0.0
2014-02-07 00:00:00-05:00,21.667927693699646,21.996426195839174,21.57131236614098,21.867603302001953,5972500,0.0,0.0
2014-02-10 00:00:00-05:00,21.77098041675859,21.874038216265106,21.53909975359599,21.841833114624023,4143600,0.0,0.0
2014-02-11 00:00:00-05:00,21.867598657722073,22.170329568288825,21.828951060651253,22.138124465942383,2672800,0.0,0.0
2014-02-12 00:00:00-05:00,22.11879641275397,22.286264377695645,21.989973578211266,22.15744400024414,5401800,0.0,0.0
2014-02-13 00:00:00-05:00,22.099482404169343,22.254067899800997,22.080157374396272,22.22186279296875,3529200,0.0,0.0
2014-02-14 00:00:00-05:00,22.13812510786509,22.350683212280273,22.073714901304548,22.350683212280273,2691200,0.0,0.0
2014-02-18 00:00:00-05:00,22.376442607494475,22.640528318819733,22.318472453443018,22.614763259887695,3949500,0.0,0.0
2014-02-19 00:00:00-05:00,22.589001645984837,22.737147071800706,22.45373875159969,22.52459144592285,3376500,0.0,0.0
2014-02-20 00:00:00-05:00,22.73070641627892,23.877224654416164,22.73070641627892,23.529403686523438,12224400,0.0,0.0
2014-02-21 00:00:00-05:00,23.394136941479694,24.05113117578019,23.394136941479694,23.561607360839844,6386900,0.0,0.0
2014-02-24 00:00:00-05:00,23.645345388700342,23.864343515658945,23.535847553766896,23.658227920532227,4708300,0.0,0.0
2014-02-25 00:00:00-05:00,23.767724867613186,23.806370000578415,23.613136964478176,23.6904296875,4737600,0.0,0.0
2014-02-26 00:00:00-05:00,23.7355243064938,23.806377013925044,23.600261387084384,23.613143920898438,2794800,0.0,0.0
2014-02-27 00:00:00-05:00,23.600260860771414,23.722643700729588,23.400587733836765,23.477880477905273,2385000,0.0,0.0
2014-02-28 00:00:00-05:00,23.510086107478106,23.68399662832968,23.47788100148902,23.613143920898438,2312700,0.0,0.0
2014-03-03 00:00:00-05:00,23.484317654008798,23.580935415138324,23.27176201945227,23.278202056884766,2745200,0.0,0.0
2014-03-04 00:00:00-05:00,23.426349815309003,23.48431998632561,23.271764330659373,23.34261703491211,3184900,0.0,0.0
2014-03-05 00:00:00-05:00,23.35562324027572,23.39466947856817,23.153890548521783,23.303564071655273,3356400,0.37,0.0
2014-03-06 00:00:00-05:00,23.401178009295037,23.401178009295037,23.03675634947688,23.10833740234375,3724800,0.0,0.0
2014-03-07 00:00:00-05:00,23.147392714054575,23.17342355208036,22.835030105057214,23.062793731689453,5650000,0.0,0.0
2014-03-10 00:00:00-04:00,23.069294141889362,23.284042270006417,23.004217070917203,23.101831436157227,6331100,0.0,0.0
2014-03-11 00:00:00-04:00,23.101829834556888,23.160397953153215,22.86755736017158,22.8870792388916,5005500,0.0,0.0
2014-03-12 00:00:00-04:00,22.78946984394662,23.29055213928223,22.77645442923753,23.290552139282227,2621900,0.0,0.0
2014-03-13 00:00:00-04:00,23.28404851827387,23.68751901926316,23.271033100586756,23.5573673248291,3333100,0.0,0.0
2014-03-14 00:00:00-04:00,23.472772366977715,23.889255874472116,23.42721963849786,23.85021209716797,3738000,0.0,0.0
2014-03-17 00:00:00-04:00,23.876226192477116,23.980347007155817,23.628940809137724,23.941303253173828,2438000,0.0,0.0
2014-03-18 00:00:00-04:00,23.980351159739048,24.117011769649103,23.83067761787229,24.00638198852539,2608200,0.0,0.0
2014-03-19 00:00:00-04:00,24.00638727679864,24.162569801485056,23.583397386805913,23.68100929260254,3550100,0.0,0.0
2014-03-20 00:00:00-04:00,23.609420776367188,23.68100431503393,23.3230891041367,23.609420776367188,3261700,0.0,0.0
2014-03-21 00:00:00-04:00,23.856707378770107,24.253668811465136,23.759093016409036,24.012889862060547,3658700,0.0,0.0
2014-03-24 00:00:00-04:00,24.032413814802936,24.195102777815446,23.915277562839005,24.045429229736328,1913200,0.0,0.0
2014-03-25 00:00:00-04:00,24.13003076346455,24.136537230408063,23.876233868804476,24.071462631225586,2452700,0.0,0.0
2014-03-26 00:00:00-04:00,24.14303755895006,24.344772737023227,24.064947563298208,24.208114624023438,3107700,0.0,0.0
2014-03-27 00:00:00-04:00,24.182087604361126,24.27319302736805,24.02590510603741,24.260177612304688,1690500,0.0,0.0
2014-03-28 00:00:00-04:00,24.214623825975206,24.331760073909464,24.1495492359835,24.318744659423828,1350200,0.0,0.0
2014-03-31 00:00:00-04:00,24.416363849149608,25.015058139113883,24.364302180924728,24.81983184814453,4166600,0.0,0.0
2014-04-01 00:00:00-04:00,24.80681144953459,24.80681144953459,24.377312702676562,24.46841812133789,3225300,0.0,0.0
2014-04-02 00:00:00-04:00,24.51397083066855,24.52047977910806,24.29922269845778,24.46841812133789,2259000,0.0,0.0
2014-04-03 00:00:00-04:00,24.51397321501464,24.858875525197696,24.44239215227305,24.793798446655273,2577300,0.0,0.0
2014-04-04 00:00:00-04:00,24.8393552599983,25.457573954782546,24.826342324578828,25.034584045410156,5423700,0.0,0.0
2014-04-07 00:00:00-04:00,25.05410170710944,25.249327977171,24.88490626837254,24.89141273498535,5523900,0.0,0.0
2014-04-08 00:00:00-04:00,24.88490932275001,25.054104782253983,24.50096320211409,24.96299934387207,6597600,0.0,0.0
2014-04-09 00:00:00-04:00,25.112670146817553,25.333927250938988,24.897919509389364,25.184253692626953,6714100,0.0,0.0
2014-04-10 00:00:00-04:00,25.1321961129905,25.281869695622557,24.96300064466991,25.067121505737305,3759900,0.0,0.0
2014-04-11 00:00:00-04:00,25.047598587959506,25.37297657569252,24.962999616066554,25.255840301513672,2989700,0.0,0.0
2014-04-14 00:00:00-04:00,25.314406154017565,25.58121598058198,25.17123905795579,25.57470703125,3328600,0.0,0.0
2014-04-15 00:00:00-04:00,25.522650621456236,25.945640523824675,25.522650621456236,25.763429641723633,4445200,0.0,0.0
2014-04-16 00:00:00-04:00,25.835013025197537,25.887072212977536,25.698354864533336,25.78295135498047,4888700,0.0,0.0
2014-04-17 00:00:00-04:00,25.73739941245518,26.00420927428706,25.58772582971409,25.65930938720703,2280500,0.0,0.0
2014-04-21 00:00:00-04:00,25.756923780595073,25.821998387895672,25.509635804465944,25.65930938720703,2620300,0.0,0.0
2014-04-22 00:00:00-04:00,25.600737370504365,25.659305501179787,25.359958381032857,25.52915382385254,2660600,0.0,0.0
2014-04-23 00:00:00-04:00,25.607245152428064,25.97166937117334,25.5356640845367,25.633275985717773,5411900,0.0,0.0
2014-04-24 00:00:00-04:00,25.737392842823063,25.92611263123488,25.490104929815736,25.88055992126465,2733400,0.0,0.0
2014-04-25 00:00:00-04:00,25.854524101143575,26.199423833607465,25.835002224192344,26.186410903930664,2446500,0.0,0.0
2014-04-28 00:00:00-04:00,26.166889712471544,26.453223848747154,26.1278459538422,26.440208435058594,3189900,0.0,0.0
2014-04-29 00:00:00-04:00,26.459723964321235,26.602890998100477,26.271004234782367,26.316556930541992,2877100,0.0,0.0
2014-04-30 00:00:00-04:00,26.323082691712063,26.928286016179953,26.2580055973171,26.661476135253906,7873900,0.0,0.0
2014-05-01 00:00:00-04:00,26.694012200766462,26.908760396197223,25.95215073619931,26.329587936401367,6235800,0.0,0.0
2014-05-02 00:00:00-04:00,25.958651537427656,26.010713199159436,25.099653978346602,25.30789566040039,5484500,0.0,0.0
2014-05-05 00:00:00-04:00,25.307899785216534,25.815488657647602,25.281868950108,25.78295135498047,3928100,0.0,0.0
2014-05-06 00:00:00-04:00,25.763426509434154,25.84802547259723,25.4770948034534,25.561691284179688,3487200,0.0,0.0
2014-05-07 00:00:00-04:00,25.55517939113271,25.991184565554423,25.535657512408232,25.95214080810547,3055600,0.0,0.0
2014-05-08 00:00:00-04:00,26.023728687133154,26.023728687133154,25.444553869717648,25.4901065826416,3254600,0.0,0.0
2014-05-09 00:00:00-04:00,25.41201955826251,25.574708547089337,24.962998842777786,24.969505310058594,3908300,0.0,0.0
2014-05-12 00:00:00-04:00,25.223295974710915,25.22980492345822,24.644123658030416,24.76776885986328,5928000,0.0,0.0
2014-05-13 00:00:00-04:00,24.767772077522935,24.956489414289564,24.676664160280698,24.87189292907715,4205400,0.0,0.0
2014-05-14 00:00:00-04:00,24.891407512000484,25.119171032207714,24.728718574013552,24.88490104675293,3044700,0.0,0.0
2014-05-15 00:00:00-04:00,24.930454560923963,25.04759079867586,24.650629379898465,24.7157039642334,2570400,0.0,0.0
2014-05-16 00:00:00-04:00,24.709211147488816,24.741748457629033,24.41637039135159,24.598581314086914,5061600,0.0,0.0
2014-05-19 00:00:00-04:00,24.553022876009724,24.598575596104745,24.169076747753792,24.1885986328125,3391800,0.0,0.0
2014-05-20 00:00:00-04:00,24.279706555439603,24.43588660078337,24.019403169950575,24.1885986328125,4389800,0.0,0.0
2014-05-21 00:00:00-04:00,24.253670813895226,24.28620810988981,24.032413725720897,24.247161865234375,3782600,0.0,0.0
2014-05-22 00:00:00-04:00,24.26017489464122,24.58555278746607,24.24715948103587,24.48143196105957,3009900,0.0,0.0
2014-05-23 00:00:00-04:00,24.429375610701882,24.533496449134486,24.286208526943327,24.33827018737793,2682000,0.0,0.0
2014-05-27 00:00:00-04:00,24.33827632894913,24.54651805836249,24.051942089177846,24.305736541748047,5955200,0.0,0.0
2014-05-28 00:00:00-04:00,24.42287047261812,24.865384725611122,24.3252585677278,24.85236930847168,5513800,0.0,0.0
2014-05-29 00:00:00-04:00,24.923946473672085,25.05409812927246,24.780781886704393,25.05409812927246,4686500,0.0,0.0
2014-05-30 00:00:00-04:00,25.054094214995793,25.366456650173554,25.008541515017953,25.35344123840332,4250900,0.0,0.0
2014-06-02 00:00:00-04:00,25.35344497996633,25.535658289203997,25.19075603248333,25.451059341430664,3178900,0.0,0.0
2014-06-03 00:00:00-04:00,25.4901065826416,25.535661778002225,25.366463859338968,25.4901065826416,3264500,0.0,0.0
2014-06-04 00:00:00-04:00,25.444120170216326,25.46382821448204,25.187905570324467,25.339006423950195,3379100,0.37,0.0
2014-06-05 00:00:00-04:00,25.33901484798918,25.674066748551787,25.26674865351057,25.667495727539062,2781700,0.0,0.0
2014-06-06 00:00:00-04:00,25.621502041414377,25.726615795698873,25.404703513515965,25.450693130493164,1940700,0.0,0.0
2014-06-09 00:00:00-04:00,25.40470919241083,25.496685940815865,25.128786465526158,25.155065536499023,2012700,0.0,0.0
2014-06-10 00:00:00-04:00,25.109065947724762,25.207608655777516,24.925115048363605,25.017091751098633,2496100,0.0,0.0
2014-06-11 00:00:00-04:00,25.260169744133453,25.260169744133453,24.6623348896041,24.76087760925293,3505200,0.0,0.0
2014-06-12 00:00:00-04:00,24.688616580389375,24.806867355341907,24.346996269111333,24.721464157104492,2112200,0.0,0.0
2014-06-13 00:00:00-04:00,24.695180417777582,24.931686935124052,24.557219118028467,24.859420776367188,2197300,0.0,0.0
2014-06-16 00:00:00-04:00,24.846279205639576,25.233886520310573,24.747733996138443,24.957963943481445,2471500,0.0,0.0
2014-06-17 00:00:00-04:00,25.11564332481581,25.233896621108904,24.97768198117713,25.14849090576172,3799000,0.0,0.0
2014-06-18 00:00:00-04:00,25.082783844855104,25.81857983465047,25.05650479012098,25.78573226928711,4115600,0.0,0.0
2014-06-19 00:00:00-04:00,25.785740460049638,26.239043020714824,25.752892884252343,26.179916381835938,3445500,0.0,0.0
2014-06-20 00:00:00-04:00,26.232480026275628,26.31788574620209,26.055100072325246,26.07480812072754,3184400,0.0,0.0
2014-06-23 00:00:00-04:00,26.06166695426637,26.13393313536221,25.595224793151136,25.713478088378906,3307900,0.0,0.0
2014-06-24 00:00:00-04:00,25.752900526856404,25.995975667224258,25.706913405870868,25.91714096069336,2487400,0.0,0.0
2014-06-25 00:00:00-04:00,25.825166735057714,26.06824187557932,25.825166735057714,26.00911521911621,2435500,0.0,0.0
2014-06-26 00:00:00-04:00,25.930271487750748,26.232473179557037,25.864573833373772,26.21933364868164,2835600,0.0,0.0
2014-06-27 00:00:00-04:00,26.199622691455453,26.482116308583848,26.074798415077005,26.45583724975586,2393600,0.0,0.0
2014-06-30 00:00:00-04:00,26.508401548455957,26.88944050800631,26.33102410851058,26.797466278076172,3982600,0.0,0.0
2014-07-01 00:00:00-04:00,26.725197711412953,26.725197711412953,26.449272540129083,26.47555160522461,3693300,0.0,0.0
2014-07-02 00:00:00-04:00,26.390145606879575,26.43613522334644,25.614933243952237,25.720046997070312,5012700,0.0,0.0
2014-07-03 00:00:00-04:00,25.634637938979647,25.65434598195415,25.023663545677756,25.069650650024414,4696200,0.0,0.0
2014-07-07 00:00:00-04:00,24.984249962245652,25.33244132995605,24.984249962245652,25.332441329956055,4099300,0.0,0.0
2014-07-08 00:00:00-04:00,25.227323623460272,25.52952532422496,25.227323623460272,25.411272048950195,3300400,0.0,0.0
2014-07-09 00:00:00-04:00,25.391563027582563,25.490105749111606,25.148485467703924,25.365283966064453,3015900,0.0,0.0
2014-07-10 00:00:00-04:00,25.35214758155085,25.62807024340574,25.253602341682928,25.608362197875977,2609500,0.0,0.0
2014-07-11 00:00:00-04:00,25.54266979839266,25.621504495128455,25.273315620611342,25.286455154418945,2044700,0.0,0.0
2014-07-14 00:00:00-04:00,25.279883161290094,25.325870274791484,24.563794886055963,24.57036590576172,5815000,0.0,0.0
2014-07-15 00:00:00-04:00,24.603203147611765,24.754303957924645,24.48494990369583,24.517797470092773,4066300,0.0,0.0
2014-07-16 00:00:00-04:00,24.780595017074095,24.820011113399904,24.49153027809875,24.728036880493164,3452600,0.0,0.0
2014-07-17 00:00:00-04:00,24.73460005031253,24.852853313978322,24.327282139415214,24.360132217407227,3841300,0.0,0.0
2014-07-18 00:00:00-04:00,24.419260217696046,24.47838685891047,24.209032716957978,24.43239974975586,3393900,0.0,0.0
2014-07-21 00:00:00-04:00,24.36013779311652,24.52437819623265,24.22874496940169,24.419261932373047,2497600,0.0,0.0
2014-07-22 00:00:00-04:00,24.491525994189733,24.576931698140154,24.340425137114032,24.425830841064453,2223900,0.0,0.0
2014-07-23 00:00:00-04:00,24.425836352339303,24.471823471125102,24.307583045144394,24.320722579956055,2548100,0.0,0.0
2014-07-24 00:00:00-04:00,24.471821607979816,24.537516770926437,24.228746497745533,24.504669189453125,1643000,0.0,0.0
2014-07-25 00:00:00-04:00,24.452110812912757,24.61635120793531,24.255020333998058,24.268159866333008,1369800,0.0,0.0
2014-07-28 00:00:00-04:00,24.28129883843241,24.90541282634001,24.261590793439474,24.82657814025879,3190500,0.0,0.0
2014-07-29 00:00:00-04:00,24.721479689430872,24.879149159169806,24.347011566162106,24.34701156616211,3505100,0.0,0.0
2014-07-30 00:00:00-04:00,24.39955265687385,24.432400234620513,23.670324902794146,23.70974349975586,3957000,0.0,0.0
2014-07-31 00:00:00-04:00,23.552069265433296,23.584919346008146,23.06591914868075,23.105335235595703,4994700,0.0,0.0
2014-08-01 00:00:00-04:00,23.118485998577572,23.512664602001376,23.111917482936903,23.315576553344727,3792300,0.0,0.0
2014-08-04 00:00:00-04:00,23.315559122127194,23.335267160425552,22.66516629108648,23.19073486328125,5596500,0.0,0.0
2014-08-05 00:00:00-04:00,23.19073999196464,23.26957466870116,22.691450364487764,22.79656410217285,4647400,0.0,0.0
2014-08-06 00:00:00-04:00,22.68488918285071,22.71116825519445,22.369547833056668,22.435245513916016,6704500,0.0,0.0
2014-08-07 00:00:00-04:00,22.573195600723174,22.8688287515342,22.560056071119458,22.803131103515625,3718000,0.0,0.0
2014-08-08 00:00:00-04:00,22.835978036907868,23.36154918194683,22.835978036907868,23.34840965270996,4117200,0.0,0.0
2014-08-11 00:00:00-04:00,23.36811980486666,23.519220645579487,23.263006067583422,23.341840744018555,3069800,0.0,0.0
2014-08-12 00:00:00-04:00,23.28271942368217,23.44039131864505,23.217024262678322,23.335277557373047,2146700,0.0,0.0
2014-08-13 00:00:00-04:00,23.335270402819223,23.466663190651865,23.151322003518914,23.171030044555664,3422300,0.0,0.0
2014-08-14 00:00:00-04:00,23.230157906066587,23.440385375307173,23.210449863984383,23.322132110595703,2530900,0.0,0.0
2014-08-15 00:00:00-04:00,23.341840744018555,23.584918297699748,23.18417139114829,23.341840744018555,4321000,0.0,0.0
2014-08-18 00:00:00-04:00,23.42068058314568,23.565210421985757,23.24330066146473,23.282716751098633,2623600,0.0,0.0
2014-08-19 00:00:00-04:00,23.361551237917023,23.670321430775928,23.276145543415588,23.644044876098633,2905100,0.0,0.0
2014-08-20 00:00:00-04:00,23.736024122624684,23.814858815613928,23.584923250182918,23.775440216064453,1850300,0.0,0.0
2014-08-21 00:00:00-04:00,23.808291476810172,24.02508751975503,23.78201240914721,23.946252822875977,3456600,0.0,0.0
2014-08-22 00:00:00-04:00,23.97909560639791,24.051361774956327,23.703172969475947,23.90026092529297,2312500,0.0,0.0
2014-08-25 00:00:00-04:00,23.96595393555794,24.235308035885925,23.926535345470025,24.14990234375,2296500,0.0,0.0
2014-08-26 00:00:00-04:00,24.16305482395108,24.307587225626364,23.841144937087606,23.86742401123047,2410200,0.0,0.0
2014-08-27 00:00:00-04:00,23.900263327669986,24.22874412241929,23.887123795146866,24.202465057373047,2701700,0.0,0.0
2014-08-28 00:00:00-04:00,24.11049503518955,24.340430629118533,24.09078447991706,24.320722579956055,1606900,0.0,0.0
2014-08-29 00:00:00-04:00,24.320712433000946,24.5769269896568,24.28129384501198,24.56378746032715,2267300,0.0,0.0
2014-09-02 00:00:00-04:00,24.49152348759162,24.544081609600315,23.919967694347648,24.031652450561523,3750800,0.0,0.0
2014-09-03 00:00:00-04:00,24.071484058215248,24.370138209154554,23.91883916589478,24.26395034790039,3607600,0.37,0.0
2014-09-04 00:00:00-04:00,24.217482175072455,24.376762627814223,24.19093458904311,24.310396194458008,2139200,0.0,0.0
2014-09-05 00:00:00-04:00,24.35685353997155,24.695326405502374,24.30375836718081,24.682052612304688,2026400,0.0,0.0
2014-09-08 00:00:00-04:00,24.708605385189475,24.708605385189475,24.456408324930102,24.589143753051758,2589600,0.0,0.0
2014-09-09 00:00:00-04:00,24.463047369083046,24.542687616134803,24.297128710889826,24.30376434326172,3815800,0.0,0.0
2014-09-10 00:00:00-04:00,24.2705762336659,24.330307039863722,24.1245670336896,24.230754852294922,3163500,0.0,0.0
2014-09-11 00:00:00-04:00,24.237387068180297,24.728504659335634,24.151108695571022,24.70195960998535,3392600,0.0,0.0
2014-09-12 00:00:00-04:00,24.57586477855775,24.57586477855775,24.25066570648771,24.363489151000977,5132400,0.0,0.0
2014-09-15 00:00:00-04:00,24.416586474763204,24.602414532316878,24.409948311726342,24.50950050354004,2057500,0.0,0.0
2014-09-16 00:00:00-04:00,24.45640928172993,25.213000492107913,24.403316627434773,25.19308853149414,4644400,0.0,0.0
2014-09-17 00:00:00-04:00,25.252803756794954,25.352355903238898,24.9939712141002,25.146615982055664,3217500,0.0,0.0
2014-09-18 00:00:00-04:00,25.1333454606671,25.385542407847932,24.92096988358322,25.060340881347656,2612400,0.0,0.0
2014-09-19 00:00:00-04:00,25.206359844459126,25.43200929934579,25.060350629027294,25.41873550415039,3911700,0.0,0.0
2014-09-22 00:00:00-04:00,25.00061931792397,25.332456596038497,24.927617243381487,25.226268768310547,3786900,0.0,0.0
2014-09-23 00:00:00-04:00,25.17317937926911,25.179815011734757,24.980713125433468,25.02053451538086,4638900,0.0,0.0
2014-09-24 00:00:00-04:00,25.05370878110145,25.08025636490541,24.934247185700563,25.013887405395508,3969100,0.0,0.0
2014-09-25 00:00:00-04:00,25.033797714441246,25.173168722680263,24.947519338605144,24.95415496826172,3853200,0.0,0.0
2014-09-26 00:00:00-04:00,24.940885579562536,25.073618436383423,24.73514560074302,24.947521209716797,2290100,0.0,0.0
2014-09-29 00:00:00-04:00,24.85461123904699,25.007256074587282,24.801516062310867,24.987346649169922,2417300,0.0,0.0
2014-09-30 00:00:00-04:00,25.01389392043537,25.252817173466337,24.648873409068102,24.715242385864258,5007500,0.0,0.0
2014-10-01 00:00:00-04:00,24.748414993286133,25.073613979091,24.662136626316542,24.748414993286133,3123800,0.0,0.0
2014-10-02 00:00:00-04:00,24.68205289209417,24.914340478111036,24.662143467930548,24.7285099029541,2666700,0.0,0.0
2014-10-03 00:00:00-04:00,24.76833128299856,24.794878869694866,24.529408066166226,24.7285099029541,2805400,0.0,0.0
2014-10-06 00:00:00-04:00,24.887792861631723,24.974071252432864,24.668779069225103,24.828062057495117,2037900,0.0,0.0
2014-10-07 00:00:00-04:00,24.761701026768783,25.113447765832067,24.701970209595984,24.774974822998047,4509800,0.0,0.0
2014-10-08 00:00:00-04:00,24.828066285208976,25.47846707893689,24.801518694023923,25.438648223876953,3840000,0.0,0.0
2014-10-09 00:00:00-04:00,25.45192127450972,25.710756509158077,24.980712890625,24.980712890625,3292200,0.0,0.0
2014-10-10 00:00:00-04:00,25.126721491539165,25.53156341438324,25.053716878342,25.199726104736328,5975600,0.0,0.0
2014-10-13 00:00:00-04:00,25.086890930377923,25.538189709025602,25.06034334770057,25.252809524536133,3770300,0.0,0.0
2014-10-14 00:00:00-04:00,25.485100946617393,26.19523243494735,25.33909175142974,25.67756462097168,4655700,0.0,0.0
2014-10-15 00:00:00-04:00,25.505008404340767,25.790388610176997,24.37012574302015,24.83469581604004,5725800,0.0,0.0
2014-10-16 00:00:00-04:00,24.429853233340726,24.808147402536505,24.137834905037543,24.70195960998535,4047200,0.0,0.0
2014-10-17 00:00:00-04:00,24.993986147510586,25.34573288679938,24.476320752826286,24.887798309326172,2577700,0.0,0.0
2014-10-20 00:00:00-04:00,24.90770149251416,25.36563848688288,24.90770149251416,25.325817108154297,2080200,0.0,0.0
2014-10-21 00:00:00-04:00,25.38554903839804,25.730660074229387,25.24617800423074,25.724021911621094,2827900,0.0,0.0
2014-10-22 00:00:00-04:00,25.71074978803905,26.04258701924818,25.604561975320813,25.790390014648438,2232300,0.0,0.0
2014-10-23 00:00:00-04:00,25.90985165580008,26.009401306268455,25.58465005481553,25.797025680541992,2349500,0.0,0.0
2014-10-24 00:00:00-04:00,25.836854837119898,26.314701404703474,25.836854837119898,26.261606216430664,2709200,0.0,0.0
2014-10-27 00:00:00-04:00,26.228410468263352,26.38105526409867,26.069127511204005,26.188589096069336,2328100,0.0,0.0
2014-10-28 00:00:00-04:00,26.20187539548272,26.27488001349887,25.8634024312563,26.261606216430664,3629900,0.0,0.0
2014-10-29 00:00:00-04:00,26.30805392154763,26.400967936395382,25.830207523225422,26.19523048400879,2429400,0.0,0.0
2014-10-30 00:00:00-04:00,26.387698511177494,27.038101786187198,26.387698511177494,27.031463623046875,4519100,0.0,0.0
2014-10-31 00:00:00-04:00,27.27702351246353,27.62877275223899,27.051374059891877,27.416397094726562,4559500,0.0,0.0
2014-11-03 00:00:00-05:00,27.436310880135146,27.834514668302347,27.356670628845297,27.62213897705078,2735400,0.0,0.0
2014-11-04 00:00:00-05:00,27.66859361487533,27.788055247365563,27.250480432877236,27.323482513427734,2404100,0.0,0.0
2014-11-05 00:00:00-05:00,27.482757311259597,27.914146691928593,27.423026512885688,27.854415893554688,6339100,0.0,0.0
2014-11-06 00:00:00-05:00,27.79469228049869,27.79469228049869,27.004917905418488,27.024829864501953,6096200,0.0,0.0
2014-11-07 00:00:00-05:00,27.084561511645692,27.310210978365937,27.044740123971167,27.27702522277832,4904700,0.0,0.0
2014-11-10 00:00:00-05:00,27.25047903027385,27.52258550544769,27.150926831083446,27.515947341918945,4773600,0.0,0.0
2014-11-11 00:00:00-05:00,27.51593631602058,27.522574476889346,27.084549533064006,27.17746353149414,3441400,0.0,0.0
2014-11-12 00:00:00-05:00,26.965090505526234,27.15091851996609,26.32132555304985,26.361146926879883,6446500,0.0,0.0
2014-11-13 00:00:00-05:00,26.440796262020523,26.44743189408902,26.002771125686415,26.069137573242188,4168600,0.0,0.0
2014-11-14 00:00:00-05:00,26.002758649004736,26.21513421734209,25.909844654321706,26.201860427856445,3460100,0.0,0.0
2014-11-17 00:00:00-05:00,26.201873131210988,26.865547736961165,26.16868990726702,26.85227394104004,5050800,0.0,0.0
2014-11-18 00:00:00-05:00,26.905363881836774,27.117739511755044,26.71953330687038,26.93191146850586,3036600,0.0,0.0
2014-11-19 00:00:00-05:00,26.852283171250242,27.05802328117233,26.693002628880983,26.91201400756836,2676300,0.0,0.0
2014-11-20 00:00:00-05:00,26.82572574653495,27.09783475922836,26.80581631895939,26.965099334716797,2308200,0.0,0.0
2014-11-21 00:00:00-05:00,27.257112226081254,27.33675245928547,26.9319131303289,27.210655212402344,2698800,0.0,0.0
2014-11-24 00:00:00-05:00,27.197378976624517,27.270383572056687,26.931910712536883,27.018186569213867,3430300,0.0,0.0
2014-11-25 00:00:00-05:00,27.058001662371936,27.223920238276804,26.85226171683194,27.131006240844727,4049300,0.0,0.0
2014-11-26 00:00:00-05:00,27.19737845111598,27.37657085506427,27.177469027916313,27.35002326965332,2212800,0.0,0.0
2014-11-28 00:00:00-05:00,27.376572501254522,27.77477617949496,27.350024914247225,27.72831916809082,1555200,0.0,0.0
2014-12-01 00:00:00-05:00,27.535862503823328,27.814604643232254,27.40976269928491,27.62877655029297,3445900,0.0,0.0
2014-12-02 00:00:00-05:00,27.509302727401202,27.648673735384406,27.25047013208475,27.50266456604004,4627600,0.0,0.0
2014-12-03 00:00:00-05:00,27.462854713534227,27.562404381084097,26.985008207798558,27.303571701049805,6782900,0.0,0.0
2014-12-04 00:00:00-05:00,27.356667725984956,27.569043394700994,27.150927689289812,27.230567932128906,2853100,0.0,0.0
2014-12-05 00:00:00-05:00,26.98500550008249,27.34339034342337,26.918639061708554,27.16419792175293,4540100,0.0,0.0
2014-12-08 00:00:00-05:00,27.2311666097108,27.599516853582305,27.190981971269313,27.579425811767578,3399900,0.37,0.0
2014-12-09 00:00:00-05:00,27.411992914759676,27.766948269623917,27.371808277396717,27.75355339050293,2952300,0.0,0.0
2014-12-10 00:00:00-05:00,27.77364957792631,28.028144640534034,27.38520571161105,27.418691635131836,3382400,0.0,0.0
2014-12-11 00:00:00-05:00,27.49906655574567,28.0348491063713,27.49906655574567,27.83393096923828,2817900,0.0,0.0
2014-12-12 00:00:00-05:00,27.65979257683265,27.88750041873095,27.264652573385955,27.284746170043945,3143000,0.0,0.0
2014-12-15 00:00:00-05:00,27.345025093803425,27.63300609539719,26.996765849898082,27.157499313354492,3672600,0.0,0.0
2014-12-16 00:00:00-05:00,27.164199598523478,27.612916644274378,26.996767407455977,27.097225189208984,3444800,0.0,0.0
2014-12-17 00:00:00-05:00,27.150801207101566,27.974567174094762,27.150801207101566,27.9075927734375,2876000,0.0,0.0
2014-12-18 00:00:00-05:00,28.088425066883794,28.316132962005472,27.91429670229081,28.309436798095703,3181400,0.0,0.0
2014-12-19 00:00:00-05:00,28.44338195820976,28.597419270241957,28.12860861568471,28.17548942565918,5612500,0.0,0.0
2014-12-22 00:00:00-05:00,28.242444738283872,28.255839612546563,27.77363691314491,28.088407516479492,3152400,0.0,0.0
2014-12-23 00:00:00-05:00,28.21566405247409,28.229058929826287,27.85401002839956,28.121902465820312,3135200,0.0,0.0
2014-12-24 00:00:00-05:00,28.155386228056983,28.778233925825795,28.155386228056983,28.604103088378906,2467100,0.0,0.0
2014-12-26 00:00:00-05:00,28.744754861539512,29.039437127529283,28.691177893512815,28.90549087524414,2418400,0.0,0.0
2014-12-29 00:00:00-05:00,28.905494670979788,29.314029644430878,28.838522813448915,29.15329360961914,3878200,0.0,0.0
2014-12-30 00:00:00-05:00,29.066222473135014,29.066222473135014,28.416584908874615,28.483556747436523,2191200,0.0,0.0
2014-12-31 00:00:00-05:00,28.63759988176138,28.69787557072958,27.69998117591565,27.73346710205078,3292700,0.0,0.0
2015-01-02 00:00:00-05:00,27.793735889489955,28.09511425949497,27.653093501758203,28.061628341674805,2924800,0.0,0.0
2015-01-05 00:00:00-05:00,27.787038623112835,27.99465283823073,27.21776782355564,27.378503799438477,3519300,0.0,0.0
2015-01-06 00:00:00-05:00,27.472261059447415,28.088410001169226,27.391894361573105,27.411985397338867,4450200,0.0,0.0
2015-01-07 00:00:00-05:00,27.53924865028464,27.927692596246175,27.318239465882137,27.83393096923828,5295600,0.0,0.0
2015-01-08 00:00:00-05:00,27.97455828488236,28.20226606513619,27.88749286909995,28.075016021728516,3345700,0.0,0.0
2015-01-09 00:00:00-05:00,28.16208292513004,28.16208292513004,27.592814721830408,27.679880142211914,2233600,0.0,0.0
2015-01-12 00:00:00-05:00,27.874109094295548,27.927688619134347,27.49236392166236,27.72007179260254,2924000,0.0,0.0
2015-01-13 00:00:00-05:00,27.954470509373785,28.584014420071426,27.88079996087277,28.068323135375977,3317600,0.0,0.0
2015-01-14 00:00:00-05:00,27.947777406354174,28.342917428283773,27.753555476718304,28.322826385498047,2849200,0.0,0.0
2015-01-15 00:00:00-05:00,28.336232639968966,28.704583049501007,28.168800403380473,28.570636749267578,1954300,0.0,0.0
2015-01-16 00:00:00-05:00,28.650995559504867,29.18008189350758,28.630904514227854,29.16668701171875,3212100,0.0,0.0
2015-01-20 00:00:00-05:00,29.293944334536004,29.327430269858727,28.805039970534462,29.113117218017578,2381900,0.0,0.0
2015-01-21 00:00:00-05:00,28.985852366212644,29.71585662668354,28.81172405807994,29.668975830078125,3858700,0.0,0.0
2015-01-22 00:00:00-05:00,29.682387214600507,29.76945269448946,29.15999944489325,29.347522735595703,3711200,0.0,0.0
2015-01-23 00:00:00-05:00,29.42787871200364,29.715862262807523,29.347511981838828,29.468063354492188,2160600,0.0,0.0
2015-01-26 00:00:00-05:00,29.414480687576297,29.42117940468129,28.985854766089226,29.34081268310547,1977000,0.0,0.0
2015-01-27 00:00:00-05:00,29.2001630701918,29.488146544292555,28.999245020887265,29.31401824951172,1773400,0.0,0.0
2015-01-28 00:00:00-05:00,29.27383280885277,29.615395782563105,28.878692882387043,28.945667266845703,2729400,0.0,0.0
2015-01-29 00:00:00-05:00,28.952373983667904,29.461369271882816,28.84521748427726,29.374303817749023,4444800,0.0,0.0
2015-01-30 00:00:00-05:00,29.22025752991777,29.307320402483935,28.557225137260065,28.584014892578125,3181400,0.0,0.0
2015-02-02 00:00:00-05:00,28.550534772956954,28.671086141554216,27.92098816921299,28.537139892578125,4074100,0.0,0.0
2015-02-03 00:00:00-05:00,28.530438963660586,28.95906743812461,28.363006804120765,28.93227767944336,3291400,0.0,0.0
2015-02-04 00:00:00-05:00,28.798340118333392,28.945681280664953,28.20897802381992,28.249162673950195,3717000,0.0,0.0
2015-02-05 00:00:00-05:00,28.48356097886383,28.778243243861795,28.296037759183132,28.704572677612305,2113700,0.0,0.0
2015-02-06 00:00:00-05:00,28.470177887528763,28.47687660804112,26.990077451148814,27.18429946899414,3887000,0.0,0.0
2015-02-09 00:00:00-05:00,27.11062651533821,27.318243401345477,26.802551823698856,26.96998405456543,3792900,0.0,0.0
2015-02-10 00:00:00-05:00,26.996766170160573,27.49906272034219,26.9632776896319,27.425392150878906,3770100,0.0,0.0
2015-02-11 00:00:00-05:00,27.257955415512647,27.27804645662483,26.75565894921258,26.84942054748535,2707300,0.0,0.0
2015-02-12 00:00:00-05:00,26.956586660469302,26.956586660469302,26.581537578504058,26.641813278198242,3305100,0.0,0.0
2015-02-13 00:00:00-05:00,26.588233018114096,26.62841510974513,26.119422362189216,26.360525131225586,2630000,0.0,0.0
2015-02-17 00:00:00-05:00,26.36051520527284,26.68198459133573,26.13950356527309,26.554737091064453,4991500,0.0,0.0
2015-02-18 00:00:00-05:00,26.474371462465353,27.204375758566396,26.474371462465353,27.150798797607422,3191700,0.0,0.0
2015-02-19 00:00:00-05:00,27.150800191909262,27.32492851748303,26.88290770892125,26.976669311523438,2943000,0.0,0.0
2015-02-20 00:00:00-05:00,27.780349445164788,28.12860871680753,27.25126309662221,27.880809783935547,5559100,0.0,0.0
2015-02-23 00:00:00-05:00,27.887506081140653,28.57732590924444,27.880809917436395,28.530445098876953,4876900,0.0,0.0
2015-02-24 00:00:00-05:00,28.584021402647153,29.260446272209343,28.557231641227673,28.90549087524414,4772000,0.0,0.0
2015-02-25 00:00:00-05:00,28.98585698033642,29.019345458795563,28.20897179959137,28.282642364501953,3866700,0.0,0.0
2015-02-26 00:00:00-05:00,28.376405456563536,28.590718444885926,28.16209246824115,28.269248962402344,3750200,0.0,0.0
2015-02-27 00:00:00-05:00,28.229066504112712,28.2826434730854,27.94108295079912,28.168790817260742,3901400,0.0,0.0
2015-03-02 00:00:00-05:00,28.128604965908586,28.289340975545432,27.164196572524112,27.418691635131836,4593200,0.0,0.0
2015-03-03 00:00:00-05:00,27.41868977755575,28.101813301310376,27.304837134335994,28.081722259521484,5028200,0.0,0.0
2015-03-04 00:00:00-05:00,27.93437513284789,27.947770009430545,27.41198772018181,27.679880142211914,4557500,0.0,0.0
2015-03-05 00:00:00-05:00,27.820539146244375,28.095127893319226,27.659803085970143,27.760263442993164,3502500,0.0,0.0
2015-03-06 00:00:00-05:00,27.523627274013528,27.523627274013528,26.72584075194829,26.7934513092041,5304100,0.39,0.0
2015-03-09 00:00:00-04:00,26.820487178371987,27.12472817282011,26.78668319656186,26.92190170288086,3810500,0.0,0.0
2015-03-10 00:00:00-04:00,26.88133840857866,27.408690384782595,26.759644576154905,27.08416748046875,3862000,0.0,0.0
2015-03-11 00:00:00-04:00,27.030080010656764,27.25319096611458,26.881339373684884,27.19234275817871,4315400,0.0,0.0
2015-03-12 00:00:00-04:00,27.33432002243267,27.760257461966447,27.21262361113731,27.618276596069336,3272300,0.0,0.0
2015-03-13 00:00:00-04:00,27.597995673047976,27.597995673047976,27.111210011065875,27.415451049804688,3168400,0.0,0.0
2015-03-16 00:00:00-04:00,27.469543400259543,28.078022985233996,27.449258942071598,27.87519645690918,2601200,0.0,0.0
2015-03-17 00:00:00-04:00,27.767008048552512,28.084771081790077,27.753485942980923,27.88194465637207,2141900,0.0,0.0
2015-03-18 00:00:00-04:00,27.881955287953637,28.794675839900265,27.712932772476194,28.544523239135742,3787800,0.0,0.0
2015-03-19 00:00:00-04:00,28.395788107637696,28.666225216485056,28.07802489160396,28.30789566040039,2956100,0.0,0.0
2015-03-20 00:00:00-04:00,28.443111491830837,28.645938014509113,28.192958866496937,28.470155715942383,4304900,0.0,0.0
2015-03-23 00:00:00-04:00,28.490434803409755,28.794675847161656,28.483675037583673,28.700023651123047,2586800,0.0,0.0
2015-03-24 00:00:00-04:00,28.63917524856682,28.82847963936299,28.192955913776636,28.274085998535156,1914500,0.0,0.0
2015-03-25 00:00:00-04:00,28.348450499809772,28.483668999376857,28.044209520553423,28.05773162841797,2814700,0.0,0.0
2015-03-26 00:00:00-04:00,28.037449675198868,28.2470358987982,27.692642373344558,27.84138298034668,1934000,0.0,0.0
2015-03-27 00:00:00-04:00,27.834617947652212,28.199707086432497,27.71968391085737,27.942794799804688,1781400,0.0,0.0
2015-03-30 00:00:00-04:00,28.030690477443436,28.463387660104654,27.881952432827795,28.375497817993164,1743500,0.0,0.0
2015-03-31 00:00:00-04:00,28.4160527227823,28.52422698477964,28.098292278896395,28.34168243408203,2913700,0.0,0.0
2015-04-01 00:00:00-04:00,27.888719435384104,28.02393798482607,27.449259794467537,27.895479202270508,4105800,0.0,0.0
2015-04-02 00:00:00-04:00,27.90899002855689,28.219993340225578,27.902230264404174,27.949556350708008,3980700,0.0,0.0
2015-04-06 00:00:00-04:00,28.030691536222413,28.943414608260152,28.01716942636866,28.666217803955078,3198200,0.0,0.0
2015-04-07 00:00:00-04:00,28.733814888715962,28.76761886100478,28.21998780432373,28.287595748901367,2372900,0.0,0.0
2015-04-08 00:00:00-04:00,28.24704470086445,28.38902558773569,28.03069606639676,28.19295883178711,2025600,0.0,0.0
2015-04-09 00:00:00-04:00,28.138863579547966,28.172667561932272,27.854907032625565,27.902233123779297,2352600,0.0,0.0
2015-04-10 00:00:00-04:00,27.949558210699706,28.382255359460398,27.908991885848977,28.172666549682617,1971600,0.0,0.0
2015-04-13 00:00:00-04:00,28.1185786522768,28.199708717004174,27.65883732035791,27.70616340637207,1628200,0.0,0.0
2015-04-14 00:00:00-04:00,27.76025386185484,28.050972742349558,27.72644730159575,27.888710021972656,1425600,0.0,0.0
2015-04-15 00:00:00-04:00,27.95632742056543,28.348460956039204,27.848153096827716,27.895479202270508,1276000,0.0,0.0
2015-04-16 00:00:00-04:00,27.881951207681862,28.091537445592333,27.483058026366354,27.936037063598633,2423700,0.0,0.0
2015-04-17 00:00:00-04:00,27.780533706988102,28.030686244359828,27.55066304102866,27.70616340637207,1919200,0.0,0.0
2015-04-20 00:00:00-04:00,27.787300331826266,28.463390389331323,27.733214468346887,28.274085998535156,2127400,0.0,0.0
2015-04-21 00:00:00-04:00,28.301132966767028,28.510719254325878,27.780543262469404,27.86167335510254,2713500,0.0,0.0
2015-04-22 00:00:00-04:00,28.07801066135505,28.402533480052455,27.963076624746392,28.29435920715332,2606500,0.0,0.0
2015-04-23 00:00:00-04:00,28.321410172605255,28.463388456059025,28.233517748957283,28.368736267089844,2313200,0.0,0.0
2015-04-24 00:00:00-04:00,28.307883550643652,28.767624891564953,28.199709269196187,28.591842651367188,2898600,0.0,0.0
2015-04-27 00:00:00-04:00,28.733821464825464,28.76762544485076,27.92927539227856,28.12533950805664,2608100,0.0,0.0
2015-04-28 00:00:00-04:00,28.05097021986779,28.429578901570125,27.868425643013502,28.422819137573242,2022900,0.0,0.0
2015-04-29 00:00:00-04:00,28.287608109174723,28.402542180992715,28.03069316518071,28.274085998535156,1973900,0.0,0.0
2015-04-30 00:00:00-04:00,28.17942618715065,28.240274379043967,27.733206972959074,28.084774017333984,4176000,0.0,0.0
2015-05-01 00:00:00-04:00,27.949561182049745,28.389020721210898,27.787298444474924,28.368736267089844,2736000,0.0,0.0
2015-05-04 00:00:00-04:00,28.409312114490156,29.024554127998808,28.355223657483883,28.86229133605957,3347600,0.0,0.0
2015-05-05 00:00:00-04:00,28.740590214397276,28.774396784069914,28.08478454383057,28.09830665588379,4280300,0.0,0.0
2015-05-06 00:00:00-04:00,28.213233154909013,28.307885334756236,27.875188181695517,28.219995498657227,3426000,0.0,0.0
2015-05-07 00:00:00-04:00,28.34845439204751,28.645933068676175,28.233517748957283,28.368736267089844,2903000,0.0,0.0
2015-05-08 00:00:00-04:00,28.700016888811415,28.85551725696134,28.287601635463307,28.436342239379883,3851600,0.0,0.0
2015-05-11 00:00:00-04:00,28.395776708211034,28.720299561101182,28.334928512101733,28.429580688476562,3863100,0.0,0.0
2015-05-12 00:00:00-04:00,28.274085036723367,28.37549957353082,28.03745455627772,28.3214111328125,2733900,0.0,0.0
2015-05-13 00:00:00-04:00,28.395784356849184,28.531002893411898,28.02393531561102,28.17943572998047,2726200,0.0,0.0
2015-05-14 00:00:00-04:00,28.36197655206367,28.605369369318154,28.294366003338133,28.585084915161133,3172300,0.0,0.0
2015-05-15 00:00:00-04:00,28.70677963670808,28.956934783673013,28.578323470296937,28.760868072509766,3518800,0.0,0.0
2015-05-18 00:00:00-04:00,28.625657174683777,28.855527929814755,28.55128684521798,28.82172393798828,2422300,0.0,0.0
2015-05-19 00:00:00-04:00,28.672984086808935,29.13272561002236,28.558049995545243,29.092159271240234,3019900,0.0,0.0
2015-05-20 00:00:00-04:00,29.105658888429737,29.42342184892601,28.956920919346718,29.294965744018555,3496000,0.0,0.0
2015-05-21 00:00:00-04:00,29.288205286262727,29.599205925977362,29.173271276441994,29.585683822631836,3020900,0.0,0.0
2015-05-22 00:00:00-04:00,29.491049921659762,29.727683007973123,29.335549505608803,29.65331268310547,3076600,0.0,0.0
2015-05-26 00:00:00-04:00,29.572181401538707,29.572181401538707,29.06511383866587,29.153003692626953,2896200,0.0,0.0
2015-05-27 00:00:00-04:00,29.274694484805234,29.335542683812623,29.105671996348995,29.240890502929688,3912700,0.0,0.0
2015-05-28 00:00:00-04:00,29.18004505824551,29.328785687431846,28.95017434908424,29.105674743652344,3190400,0.0,0.0
2015-05-29 00:00:00-04:00,29.112442910038617,29.16652878114512,28.74059126270964,28.82172393798828,5333000,0.0,0.0
2015-06-01 00:00:00-04:00,28.916372279012073,29.213850978006604,28.754109529237567,29.011024475097656,2780800,0.0,0.0
2015-06-02 00:00:00-04:00,28.84199519363727,28.90284338814386,28.422820175413133,28.591842651367188,2812300,0.0,0.0
2015-06-03 00:00:00-04:00,28.585079923272538,28.63916835280736,27.753489662261686,27.949556350708008,3373600,0.0,0.0
2015-06-04 00:00:00-04:00,27.854906886956936,28.05773335928061,27.597991979838405,27.65884017944336,2952600,0.0,0.0
2015-06-05 00:00:00-04:00,27.55645097751013,27.624712266644956,27.35167231790952,27.583755493164062,4170800,0.39,0.0
2015-06-08 00:00:00-04:00,27.522318002448475,27.624708620686047,27.399450302124023,27.399450302124023,3397100,0.0,0.0
2015-06-09 00:00:00-04:00,27.37214579007379,27.570099596585585,27.31753936987492,27.399450302124023,2624500,0.0,0.0
2015-06-10 00:00:00-04:00,27.556446249793556,27.802181640715514,27.4540582395104,27.467710494995117,3471800,0.0,0.0
2015-06-11 00:00:00-04:00,27.611060342785116,27.74075288785707,27.419931334797756,27.57693099975586,3673100,0.0,0.0
2015-06-12 00:00:00-04:00,27.426761787911985,27.53597725998128,27.07863568050831,27.0991153717041,1877900,0.0,0.0
2015-06-15 00:00:00-04:00,27.08545330922444,27.454056370513896,26.969410447454955,27.31070899963379,2691300,0.0,0.0
2015-06-16 00:00:00-04:00,27.22198071934843,27.45406390265915,27.03767913813974,27.433584213256836,1933200,0.0,0.0
2015-06-17 00:00:00-04:00,27.52914933209968,27.65884187685771,27.310715808656855,27.638364791870117,2746600,0.0,0.0
2015-06-18 00:00:00-04:00,27.60422905234076,28.184438218323745,27.590576796257462,28.109352111816406,3438100,0.0,0.0
2015-06-19 00:00:00-04:00,28.0752327937112,28.273184067814558,27.972842138493668,27.97966957092285,3640500,0.0,0.0
2015-06-22 00:00:00-04:00,28.054741792392164,28.12300306965751,27.727095473222935,27.79535675048828,2506500,0.0,0.0
2015-06-23 00:00:00-04:00,27.952357114936433,28.02061579643837,27.372147906562816,27.41992950439453,2207600,0.0,0.0
2015-06-24 00:00:00-04:00,27.426761862640713,27.51550024765825,27.037681579589844,27.037681579589844,3326800,0.0,0.0
2015-06-25 00:00:00-04:00,27.174199455267154,27.283414919130614,26.641771790518487,26.71685791015625,3999300,0.0,0.0
2015-06-26 00:00:00-04:00,26.68954740099941,27.044498229839228,26.57350713590446,27.02402114868164,4075200,0.0,0.0
2015-06-29 00:00:00-04:00,26.95577263514525,27.440416167146978,26.750991330781748,26.77147102355957,4046800,0.0,0.0
2015-06-30 00:00:00-04:00,26.955778802079145,26.962603631964836,26.696391000071188,26.81243133544922,3943600,0.0,0.0
2015-07-01 00:00:00-04:00,26.85337306134704,26.983065587640137,26.757809873141433,26.92845916748047,2580100,0.0,0.0
2015-07-02 00:00:00-04:00,27.099119429788534,27.440418156602234,27.099119429788534,27.262941360473633,2732300,0.0,0.0
2015-07-06 00:00:00-04:00,27.153713771791807,27.56327362380148,27.112759609321877,27.529144287109375,2647200,0.0,0.0
2015-07-07 00:00:00-04:00,27.699797954172304,28.51891257990144,27.65884118132509,28.423349380493164,3834800,0.0,0.0
2015-07-08 00:00:00-04:00,28.341437601492554,28.546216251875663,28.157136034977214,28.245874404907227,4249300,0.0,0.0
2015-07-09 00:00:00-04:00,28.32777778703675,28.546208636359644,27.979654434647493,28.12299919128418,3297800,0.0,0.0
2015-07-10 00:00:00-04:00,28.109353080859727,28.423347169895443,27.986485375775896,28.163959503173828,3190000,0.0,0.0
2015-07-13 00:00:00-04:00,28.286823870713345,28.286823870713345,27.754398947438332,27.972829818725586,1955300,0.0,0.0
2015-07-14 00:00:00-04:00,27.966003467796956,28.21856366071542,27.8158312755151,27.904569625854492,2457000,0.0,0.0
2015-07-15 00:00:00-04:00,27.911406775506542,28.02062225341797,27.740757428526038,28.02062225341797,2335700,0.0,0.0
2015-07-16 00:00:00-04:00,28.04109211670963,28.614471221836244,28.020612431596913,28.593994140625,1813100,0.0,0.0
2015-07-17 00:00:00-04:00,28.600827424195113,28.600827424195113,28.191267488832892,28.266353607177734,2521100,0.0,0.0
2015-07-20 00:00:00-04:00,28.245879042834037,28.30731290842649,28.047925186602548,28.21857452392578,2926000,0.0,0.0
2015-07-21 00:00:00-04:00,28.143485316845144,28.204919175709886,27.501844816181585,27.638364791870117,2835100,0.0,0.0
2015-07-22 00:00:00-04:00,27.70662587138898,27.993315501590775,27.645192007216856,27.82266616821289,3166600,0.0,0.0
2015-07-23 00:00:00-04:00,27.80218828191265,27.80218828191265,26.901160035901647,27.14006805419922,3137500,0.0,0.0
2015-07-24 00:00:00-04:00,27.167365481501246,27.262928663880018,27.064977473481747,27.15371322631836,2228200,0.0,0.0
2015-07-27 00:00:00-04:00,27.160546858945533,27.55645193406263,27.153719427844088,27.433584213256836,2535500,0.0,0.0
2015-07-28 00:00:00-04:00,27.433586589027115,27.61106335840601,27.290241770307254,27.5086727142334,3304800,0.0,0.0
2015-07-29 00:00:00-04:00,27.447233437309162,27.795359475741467,27.269759306821403,27.768054962158203,3357000,0.0,0.0
2015-07-30 00:00:00-04:00,27.62470969075221,28.19809144650954,27.570100664536422,28.163959503173828,3429300,0.0,0.0
2015-07-31 00:00:00-04:00,28.280008583344447,28.750999820179853,28.01379603191999,28.443830490112305,4065700,0.0,0.0
2015-08-03 00:00:00-04:00,28.553044860942418,28.64860806147206,28.25952782851456,28.41652488708496,2616700,0.0,0.0
2015-08-04 00:00:00-04:00,28.334617925685688,28.334617925685688,27.692977284504263,27.740758895874023,2449800,0.0,0.0
2015-08-05 00:00:00-04:00,27.897747610810292,28.184439796812754,27.815836673624624,28.116178512573242,3598400,0.0,0.0
2015-08-06 00:00:00-04:00,28.088882766684467,28.430181451072357,27.795365689798693,28.39604949951172,3792400,0.0,0.0
2015-08-07 00:00:00-04:00,28.341440738247442,29.017210619694286,28.17761623746821,28.96942901611328,3227200,0.0,0.0
2015-08-10 00:00:00-04:00,28.93529678852744,29.003558075344017,28.484782711145414,28.61447525024414,2802300,0.0,0.0
2015-08-11 00:00:00-04:00,28.60765467446393,29.208341068199495,28.573525327935116,28.989910125732422,3947800,0.0,0.0
2015-08-12 00:00:00-04:00,28.907998677049008,29.419946724013766,28.839739979014674,29.01038932800293,5337600,0.0,0.0
2015-08-13 00:00:00-04:00,28.87387363190091,29.030870743903417,28.532574883051247,28.880701065063477,4100100,0.0,0.0
2015-08-14 00:00:00-04:00,28.853394548497178,29.31073359051271,28.77148358352028,29.29025650024414,2044600,0.0,0.0
2015-08-17 00:00:00-04:00,29.24930116060211,29.590599902751038,29.194694715887714,29.454082489013672,2531200,0.0,0.0
2015-08-18 00:00:00-04:00,29.351677154794267,29.399458746501583,29.146898532634133,29.372154235839844,2151500,0.0,0.0
2015-08-19 00:00:00-04:00,29.262949809864917,29.8090272091023,29.08547563157618,29.67933464050293,2368800,0.0,0.0
2015-08-20 00:00:00-04:00,29.460896626957492,29.972844554398065,29.283422491161556,29.488201141357422,3199600,0.0,0.0
2015-08-21 00:00:00-04:00,29.324370600632253,29.474542794905453,28.682730268203507,28.696382522583008,4782700,0.0,0.0
2015-08-24 00:00:00-04:00,27.98649142082594,28.35509461569531,27.563281791847544,27.747583389282227,6306700,0.0,0.0
2015-08-25 00:00:00-04:00,28.273178564764677,28.600827556126657,27.099112994008667,27.228805541992188,6200900,0.0,0.0
2015-08-26 00:00:00-04:00,27.46770880255373,27.604226141186334,27.01036738565027,27.48818588256836,4789300,0.0,0.0
2015-08-27 00:00:00-04:00,27.652012917602146,27.95235736829729,27.460886524542918,27.94552993774414,2767400,0.0,0.0
2015-08-28 00:00:00-04:00,27.856797843847254,27.904579448410626,27.12641891249039,27.658843994140625,3941100,0.0,0.0
2015-08-31 00:00:00-04:00,27.54962300327144,27.63836136705825,27.058152193254184,27.474536895751953,4389100,0.0,0.0
2015-09-01 00:00:00-04:00,27.119591115638745,27.26293592739749,26.389212194122713,26.607643127441406,5049800,0.0,0.0
2015-09-02 00:00:00-04:00,26.83972225802132,26.907980937890777,26.348251430475717,26.587162017822266,4058200,0.0,0.0
2015-09-03 00:00:00-04:00,26.730501623506363,27.017193751937914,26.62128619455654,26.867021560668945,2743600,0.0,0.0
2015-09-04 00:00:00-04:00,26.63951318741263,26.763610510891187,26.308587868123354,26.446474075317383,2545000,0.39,0.0
2015-09-08 00:00:00-04:00,26.79809293833506,27.0187099128085,26.625735762655072,26.956661224365234,2799600,0.0,0.0
2015-09-09 00:00:00-04:00,27.17727216493462,27.17727216493462,26.584365821400564,26.63951873779297,2847900,0.0,0.0
2015-09-10 00:00:00-04:00,26.639509649643834,27.080743350099667,26.59814563395129,26.804973602294922,2914100,0.0,0.0
2015-09-11 00:00:00-04:00,26.680882940567518,27.11522362324037,26.591256500977032,27.108327865600586,3014400,0.0,0.0
2015-09-14 00:00:00-04:00,27.108330436308844,27.377207150617167,26.99802197326027,27.094541549682617,1871500,0.0,0.0
2015-09-15 00:00:00-04:00,27.135901620616668,27.322047599930237,26.92907363136623,27.294469833374023,2438500,0.0,0.0
2015-09-16 00:00:00-04:00,27.28068179141558,27.783964211764783,27.197951119156155,27.680551528930664,2211200,0.0,0.0
2015-09-17 00:00:00-04:00,27.659869781881742,28.37687602969753,27.446148637024233,27.990795135498047,2867200,0.0,0.0
2015-09-18 00:00:00-04:00,27.990798501561642,28.183840286856295,27.756392685816255,27.811548233032227,4978700,0.0,0.0
2015-09-21 00:00:00-04:00,27.983912754456373,28.16316307026664,27.8046624386461,27.99770164489746,4031800,0.0,0.0
2015-09-22 00:00:00-04:00,27.88738059909741,28.087315475558707,27.260000831204966,27.349624633789062,5109900,0.0,0.0
2015-09-23 00:00:00-04:00,27.391000564440205,27.680561971527304,27.239325416444025,27.53577995300293,3038700,0.0,0.0
2015-09-24 00:00:00-04:00,27.418567998488392,27.770175328061434,27.356519336803657,27.680551528930664,4995500,0.0,0.0
2015-09-25 00:00:00-04:00,27.846011145230534,28.528546381402105,27.63229003599456,28.190725326538086,4223400,0.0,0.0
2015-09-28 00:00:00-04:00,28.135584754763784,28.301046161522503,27.790870422394544,27.983909606933594,4409800,0.0,0.0
2015-09-29 00:00:00-04:00,27.97700923893099,28.363087508118415,27.963220353608445,28.204519271850586,3642800,0.0,0.0
2015-09-30 00:00:00-04:00,28.349293315696347,29.080088321217776,28.25277376646833,29.066299438476562,4322000,0.0,0.0
2015-10-01 00:00:00-04:00,29.066309712258036,29.15593616677506,28.35619909483287,28.500978469848633,3751700,0.0,0.0
2015-10-02 00:00:00-04:00,28.69401927280207,29.197301864624023,28.480298077485166,29.197301864624023,3113900,0.0,0.0
2015-10-05 00:00:00-04:00,29.293820540505383,29.535119483441175,29.142145416396467,29.45928192138672,2713200,0.0,0.0
2015-10-06 00:00:00-04:00,29.424815918622418,29.604066216081705,29.080101582771604,29.562702178955078,3332100,0.0,0.0
2015-10-07 00:00:00-04:00,29.59027592091749,29.64543147441422,29.11457110683514,29.183515548706055,3425100,0.0,0.0
2015-10-08 00:00:00-04:00,29.093882311996037,29.61095367075203,28.97667810309833,29.57648277282715,3222000,0.0,0.0
2015-10-09 00:00:00-04:00,29.576487171942244,29.645428978046194,29.04562684906559,29.16282844543457,2434500,0.0,0.0
2015-10-12 00:00:00-04:00,29.22487862963066,29.548910920939946,29.204196612725454,29.438602447509766,1977000,0.0,0.0
2015-10-13 00:00:00-04:00,29.438600097038368,29.631639252637957,29.238665183046653,29.321395874023438,2422300,0.0,0.0
2015-10-14 00:00:00-04:00,29.36965936395417,29.63164298668277,29.273139773991417,29.417919158935547,2139100,0.0,0.0
2015-10-15 00:00:00-04:00,29.438603132150515,29.934989959149842,29.335187785296498,29.879837036132812,2374800,0.0,0.0
2015-10-16 00:00:00-04:00,30.038407071049967,30.183186461183556,29.838472124696906,29.969465255737305,2250000,0.0,0.0
2015-10-19 00:00:00-04:00,29.96256157558004,30.2934869355312,29.783311325175195,30.259016036987305,3080000,0.0,0.0
2015-10-20 00:00:00-04:00,30.155602921716696,30.458950506627026,29.934983388191704,30.031505584716797,4403100,0.0,0.0
2015-10-21 00:00:00-04:00,30.148710711194283,30.396905414394766,29.721265738994145,29.7695255279541,2705900,0.0,0.0
2015-10-22 00:00:00-04:00,29.907406991425773,30.22454344823234,29.852251452871158,30.07286834716797,3987900,0.0,0.0
2015-10-23 00:00:00-04:00,29.96946415231036,30.065983742179057,29.33518842894785,29.411026000976562,3281300,0.0,0.0
2015-10-26 00:00:00-04:00,29.514434337057097,29.542009477637645,28.783639197473036,28.845687866210938,5431100,0.0,0.0
2015-10-27 00:00:00-04:00,28.8456860348999,28.990465376109817,28.65954004050395,28.804319381713867,2769000,0.0,0.0
2015-10-28 00:00:00-04:00,28.900834715772287,28.997356892423312,28.204513250389624,28.535438537597656,2282600,0.0,0.0
2015-10-29 00:00:00-04:00,28.404454406125826,28.59749354236446,27.935642821008294,28.569915771484375,4601900,0.0,0.0
2015-10-30 00:00:00-04:00,28.156259795074366,28.625071381306594,27.921854001958252,28.466503143310547,5091200,0.0,0.0
2015-11-02 00:00:00-05:00,28.432032834760353,28.81121798827027,27.901172567862055,28.00458526611328,6400000,0.0,0.0
2015-11-03 00:00:00-05:00,27.963222768267684,28.363089957306688,27.85291430612301,28.280359268188477,2794400,0.0,0.0
2015-11-04 00:00:00-05:00,28.170046960285873,28.411345866422497,28.12178717905855,28.328615188598633,2396500,0.0,0.0
2015-11-05 00:00:00-05:00,28.273461913049477,28.46650368337044,28.03905611548627,28.052845001220703,2634900,0.0,0.0
2015-11-06 00:00:00-05:00,27.72881443422421,27.72881443422421,26.55678548686249,26.653305053710938,4890800,0.0,0.0
2015-11-09 00:00:00-05:00,26.632638777608893,26.894619862437736,26.329288382599174,26.729158401489258,4190500,0.0,0.0
2015-11-10 00:00:00-05:00,26.76360442853391,27.046269905560177,26.708451536166862,26.825653076171875,2145800,0.0,0.0
2015-11-11 00:00:00-05:00,26.956651580039747,27.08764466986647,26.839450004890416,26.991125106811523,2200700,0.0,0.0
2015-11-12 00:00:00-05:00,26.935976752863276,27.253113296054376,26.736041816083933,26.87392807006836,2549600,0.0,0.0
2015-11-13 00:00:00-05:00,26.963544226574232,27.135901320704765,26.7911871324437,26.929073333740234,3239800,0.0,0.0
2015-11-16 00:00:00-05:00,26.949756670987654,27.49440574645996,26.85323711431371,27.49440574645996,2416300,0.0,0.0
2015-11-17 00:00:00-05:00,27.425469807097663,27.597826963009464,26.763618959587117,26.894609451293945,2739100,0.0,0.0
2015-11-18 00:00:00-05:00,26.880823829246435,26.92218786446868,26.294807907303003,26.87392807006836,5575200,0.0,0.0
2015-11-19 00:00:00-05:00,26.94287575836048,27.33584992009014,26.818778377818283,27.24622344970703,2945800,0.0,0.0
2015-11-20 00:00:00-05:00,27.342731506652115,27.64607906993216,27.266893958341914,27.349624633789062,2872500,0.0,0.0
2015-11-23 00:00:00-05:00,27.349631103171227,27.528884010662065,27.17038082564176,27.23242950439453,1785600,0.0,0.0
2015-11-24 00:00:00-05:00,27.02560112668787,27.115227579354862,26.804984189323996,27.018705368041992,2589400,0.0,0.0
2015-11-25 00:00:00-05:00,26.970447658868995,27.004918564874714,26.67399313328902,26.87392807006836,2357800,0.0,0.0
2015-11-27 00:00:00-05:00,26.894604263470928,27.12901005549383,26.887711135747157,26.970441818237305,930300,0.0,0.0
2015-11-30 00:00:00-05:00,26.984239003664857,27.22554062759391,26.929086075027392,26.956661224365234,2899200,0.0,0.0
2015-12-01 00:00:00-05:00,27.101437673309704,27.335843489192914,27.004915465625,27.31515884399414,2697700,0.0,0.0
2015-12-02 00:00:00-05:00,27.218630505612087,27.32893893464349,26.480942393347018,26.515413284301758,3018800,0.0,0.0
2015-12-03 00:00:00-05:00,26.36375503123521,26.611947157701668,26.14313542443978,26.3085994720459,3417500,0.0,0.0
2015-12-04 00:00:00-05:00,26.370645772040692,26.78430190863709,26.363752642747436,26.63262939453125,3372300,0.0,0.0
2015-12-07 00:00:00-05:00,26.66744509755921,26.82066443958037,26.235638129434868,26.514223098754883,3588700,0.39,0.0
2015-12-08 00:00:00-05:00,26.458507986174126,26.583868301267465,26.186886442586168,26.451541900634766,4134800,0.0,0.0
2015-12-09 00:00:00-05:00,26.402802315582004,26.88335882870117,26.24261681120895,26.60477638244629,3057900,0.0,0.0
2015-12-10 00:00:00-05:00,26.597795378167113,26.65351343024327,26.054557654339362,26.0684871673584,3483100,0.0,0.0
2015-12-11 00:00:00-05:00,26.0336696943352,26.28439566308446,25.755084694217473,25.782943725585938,3619800,0.0,0.0
2015-12-14 00:00:00-05:00,25.88045612583005,26.12421608790737,25.629730075245188,26.089393615722656,4068300,0.0,0.0
2015-12-15 00:00:00-05:00,26.117241907106006,26.15903045059934,25.74811907165621,25.845623016357422,4000600,0.0,0.0
2015-12-16 00:00:00-05:00,26.033675570333298,26.792817077375467,25.950098457363914,26.67441749572754,3735200,0.0,0.0
2015-12-17 00:00:00-05:00,26.65351528802213,26.771912171761922,26.354037379196242,26.542081832885742,2902300,0.0,0.0
2015-12-18 00:00:00-05:00,26.43064075166033,26.49332221813788,26.005799996288317,26.103303909301758,4648200,0.0,0.0
2015-12-21 00:00:00-05:00,26.24260902468558,26.43065351492421,26.131175547890503,26.27743148803711,2161500,0.0,0.0
2015-12-22 00:00:00-05:00,26.34708052765597,26.507265993352934,25.970991526393284,26.423688888549805,1792800,0.0,0.0
2015-12-23 00:00:00-05:00,26.472438495203463,27.022642430245586,26.472438495203463,26.925138473510742,1855900,0.0,0.0
2015-12-24 00:00:00-05:00,26.83459648924586,26.966925557728675,26.83459648924586,26.88334846496582,841000,0.0,0.0
2015-12-28 00:00:00-05:00,26.87638459554042,27.022640520305426,26.716199155543023,26.959959030151367,1723700,0.0,0.0
2015-12-29 00:00:00-05:00,27.05050422756095,27.224619212893657,26.876389242228242,27.196760177612305,2083900,0.0,0.0
2015-12-30 00:00:00-05:00,27.18282272473578,27.2942561765476,27.10621172846833,27.154966354370117,1573800,0.0,0.0
2015-12-31 00:00:00-05:00,27.09925551108995,27.12711454565186,26.590840085862013,26.946033477783203,2711200,0.0,0.0
2016-01-04 00:00:00-05:00,26.660486457188174,26.980860058407295,26.361008461412325,26.953001022338867,3633900,0.0,0.0
2016-01-05 00:00:00-05:00,26.973889567054712,27.154970615151054,26.493333228860834,27.113182067871094,2224600,0.0,0.0
2016-01-06 00:00:00-05:00,26.91120513779248,27.057461052136677,26.77191265217664,26.89031219482422,1852600,0.0,0.0
2016-01-07 00:00:00-05:00,26.576905931575457,27.106214211981882,26.479401984404536,27.029605865478516,3723900,0.0,0.0
2016-01-08 00:00:00-05:00,27.057465944423058,27.238547005500045,26.70227256582384,26.75798797607422,2691300,0.0,0.0
2016-01-11 00:00:00-05:00,26.7649515687269,27.07139293850712,26.68834056208599,26.88334846496582,2620100,0.0,0.0
2016-01-12 00:00:00-05:00,26.966925557728675,27.02960704890911,26.486366573084215,26.88334846496582,2993400,0.0,0.0
2016-01-13 00:00:00-05:00,26.904237782781163,27.37783057069111,26.744052377573794,27.008705139160156,3589300,0.0,0.0
2016-01-14 00:00:00-05:00,26.95299589890908,27.858393144757002,26.95299589890908,27.67731475830078,4830500,0.0,0.0
2016-01-15 00:00:00-05:00,27.31515068975096,27.62855543397812,27.113176736124114,27.579803466796875,5552200,0.0,0.0
2016-01-19 00:00:00-05:00,27.781779935133958,28.04643539291852,27.57980596322513,27.739994049072266,4471500,0.0,0.0
2016-01-20 00:00:00-05:00,27.61463176488775,27.78178062686269,26.562975993097112,27.14103889465332,3720500,0.0,0.0
2016-01-21 00:00:00-05:00,27.134074574461433,27.377837111145233,26.869421749650588,27.2246150970459,3720800,0.0,0.0
2016-01-22 00:00:00-05:00,27.48927988528505,27.9767998101383,27.23158774582338,27.76786231994629,4937800,0.0,0.0
2016-01-25 00:00:00-05:00,27.774817505824142,27.830532908172305,26.98781718968372,27.14800262451172,3862300,0.0,0.0
2016-01-26 00:00:00-05:00,27.203721131840574,27.649454985102786,27.12014404176641,27.42658805847168,2410800,0.0,0.0
2016-01-27 00:00:00-05:00,27.461406591294697,27.788743505325588,27.266398722569715,27.579803466796875,2224000,0.0,0.0
2016-01-28 00:00:00-05:00,27.656423506921037,28.331990497112322,27.412663591276665,28.116086959838867,2145300,0.0,0.0
2016-01-29 00:00:00-05:00,28.3807452874864,28.861301735911997,28.35985233744566,28.763797760009766,3503500,0.0,0.0
2016-02-01 00:00:00-05:00,28.66628748815463,28.95880200840068,28.478243008735774,28.819509506225586,3032700,0.0,0.0
2016-02-02 00:00:00-05:00,28.64538304190028,28.889142830252233,28.401620596765895,28.868249893188477,3350400,0.0,0.0
2016-02-03 00:00:00-05:00,29.035413688465187,29.543829121408926,28.94487580994061,29.35578727722168,3766800,0.0,0.0
2016-02-04 00:00:00-05:00,29.383649190120448,29.82938586348317,29.293111294542168,29.543834686279297,3162400,0.0,0.0
2016-02-05 00:00:00-05:00,29.313998664225103,29.989565648898537,29.09809512871509,29.885095596313477,4116700,0.0,0.0
2016-02-08 00:00:00-05:00,29.871162707770303,30.22635872104718,29.125950876662817,29.24435043334961,5284300,0.0,0.0
2016-02-09 00:00:00-05:00,29.11899019580972,29.710980064774343,28.958804733110863,29.515972137451172,3760000,0.0,0.0
2016-02-10 00:00:00-05:00,29.39061435408793,29.90599329825135,29.11899536232826,29.69705581665039,3379000,0.0,0.0
2016-02-11 00:00:00-05:00,29.57167971240993,29.82240564211165,29.098086880036252,29.174697875976562,3457700,0.0,0.0
2016-02-12 00:00:00-05:00,29.202556903006318,29.30006084082742,28.84039752196862,29.174697875976562,2422500,0.0,0.0
2016-02-16 00:00:00-05:00,29.307028265032677,29.33488463655216,28.95183229613177,29.30006217956543,3117900,0.0,0.0
2016-02-17 00:00:00-05:00,29.320955396999995,29.3906029684089,28.917010109961137,29.167736053466797,3401700,0.0,0.0
2016-02-18 00:00:00-05:00,29.20952876012956,29.982599714194336,29.014520828215495,29.83634376525879,3390900,0.0,0.0
2016-02-19 00:00:00-05:00,29.87812790703111,30.11492435659075,29.515968474952643,29.9268798828125,3571500,0.0,0.0
2016-02-22 00:00:00-05:00,30.031348720046015,30.602445598422516,29.961703796061975,30.532800674438477,4456100,0.0,0.0
2016-02-23 00:00:00-05:00,30.37958893679733,30.491022446961335,30.07314744804242,30.35869598388672,3416100,0.0,0.0
2016-02-24 00:00:00-05:00,30.296001423919204,30.672090355085505,29.91294906370907,30.226356506347656,3607400,0.0,0.0
2016-02-25 00:00:00-05:00,30.29600420942321,30.470119176144035,30.14278218853815,30.46315574645996,2004300,0.0,0.0
2016-02-26 00:00:00-05:00,30.379572972863013,30.50493593801953,29.55078684257985,29.634361267089844,3829800,0.0,0.0
2016-02-29 00:00:00-05:00,29.634366544550854,30.052244055085,29.522933073098454,29.71097755432129,2432900,0.0,0.0
2016-03-01 00:00:00-05:00,29.912942241223476,30.10795009137345,29.55774633498437,29.683109283447266,2928000,0.0,0.0
2016-03-02 00:00:00-05:00,29.61347010814849,30.03134491264124,28.86129227192168,30.003488540649414,3246000,0.0,0.0
2016-03-03 00:00:00-05:00,30.059207605644396,30.609411535497035,29.669189125600077,30.546730041503906,4080600,0.0,0.0
2016-03-04 00:00:00-05:00,30.42136532338871,31.13871809190327,30.233320852103816,31.06210708618164,3752100,0.0,0.0
2016-03-07 00:00:00-05:00,31.006391533895993,31.25711749441326,30.83924000795669,31.07603645324707,3657000,0.0,0.0
2016-03-08 00:00:00-05:00,31.118211671141534,31.532933818067015,30.907336594035137,31.518875122070312,3632300,0.41,0.0
2016-03-09 00:00:00-05:00,31.42047693128626,31.750847007373935,31.315038018465398,31.596206665039062,3600500,0.0,0.0
2016-03-10 00:00:00-05:00,31.56105721242252,31.70866952632807,31.237712505847966,31.64540672302246,2372800,0.0,0.0
2016-03-11 00:00:00-05:00,31.84221635002781,31.954683233980862,31.11118026362196,31.16038703918457,3973500,0.0,0.0
2016-03-14 00:00:00-04:00,31.18851035346796,31.420474873915953,31.17445165391753,31.35721206665039,2258900,0.0,0.0
2016-03-15 00:00:00-04:00,31.216621039687993,31.504817614940617,31.160388935001283,31.448585510253906,2861100,0.0,0.0
2016-03-16 00:00:00-04:00,31.385317046509442,31.785980440173674,31.076031141630597,31.73677635192871,3912600,0.0,0.0
2016-03-17 00:00:00-04:00,31.940619262226438,32.439693491162124,31.77894831083827,32.36940002441406,3761700,0.0,0.0
2016-03-18 00:00:00-04:00,32.509984019218386,32.51701202512678,32.074175254515545,32.088233947753906,5304900,0.0,0.0
2016-03-21 00:00:00-04:00,31.940624685110237,32.32723211430888,31.814099104903782,32.13041305541992,2101500,0.0,0.0
2016-03-22 00:00:00-04:00,32.23584652601715,32.39751747773778,32.01794080078242,32.214759826660156,2035500,0.0,0.0
2016-03-23 00:00:00-04:00,32.13745521913524,32.650585730338854,32.039046995263725,32.48188400268555,2840700,0.0,0.0
2016-03-24 00:00:00-04:00,32.383471503781905,32.53108382010247,32.193683090760054,32.36238479614258,2119500,0.0,0.0
2016-03-28 00:00:00-04:00,32.50998636461021,32.706802721303156,32.27802193157488,32.3904914855957,1427100,0.0,0.0
2016-03-29 00:00:00-04:00,32.44672755088598,32.7419548034668,32.18664837894775,32.7419548034668,2217300,0.0,0.0
2016-03-30 00:00:00-04:00,32.74196169718167,32.93174742921559,32.488910479239586,32.713844299316406,1545600,0.0,0.0
2016-03-31 00:00:00-04:00,32.805216927522444,33.19182438695278,32.713839420222776,33.135589599609375,4455900,0.0,0.0
2016-04-01 00:00:00-04:00,32.97392267607909,33.32538209606775,32.86145576893963,33.26211929321289,2529300,0.0,0.0
2016-04-04 00:00:00-04:00,33.26212413958207,33.29726955041719,32.79116973526095,32.99501419067383,3545300,0.0,0.0
2016-04-05 00:00:00-04:00,32.98093780054283,33.06528995901192,32.36237139363202,32.47483825683594,3012600,0.0,0.0
2016-04-06 00:00:00-04:00,32.418610954225024,32.53107784334289,32.22882257607196,32.411582946777344,2603100,0.0,0.0
2016-04-07 00:00:00-04:00,32.3342449268268,32.60135465745492,32.19366071694774,32.263954162597656,2586900,0.0,0.0
2016-04-08 00:00:00-04:00,32.29912279501012,32.60840613424287,32.22180128984626,32.32020950317383,1642200,0.0,0.0
2016-04-11 00:00:00-04:00,32.30614621887231,32.55216939869708,32.01794962870558,32.07418441772461,1853700,0.0,0.0
2016-04-12 00:00:00-04:00,32.13042016062746,32.56623178056667,31.982807844884803,32.517024993896484,2185100,0.0,0.0
2016-04-13 00:00:00-04:00,32.573263368622186,32.573263368622186,32.024987460517295,32.17259979248047,2027400,0.0,0.0
2016-04-14 00:00:00-04:00,32.15853741464345,32.341295135971755,32.01092509956028,32.23585891723633,1999000,0.0,0.0
2016-04-15 00:00:00-04:00,32.20772725530126,32.67165338396928,32.10931908882947,32.615421295166016,2620500,0.0,0.0
2016-04-18 00:00:00-04:00,32.61543482787228,32.8614553461299,32.320207524540585,32.854427337646484,2192300,0.0,0.0
2016-04-19 00:00:00-04:00,32.833328282219114,33.17072889995536,32.74195079172634,33.121524810791016,3487500,0.0,0.0
2016-04-20 00:00:00-04:00,33.19885651463119,33.234001920371234,32.313179955438144,32.334266662597656,4045000,0.0,0.0
2016-04-21 00:00:00-04:00,32.20773063798316,32.31316950251768,31.371258453699358,31.55401611328125,3644600,0.0,0.0
2016-04-22 00:00:00-04:00,31.708664658456154,31.919539743294052,31.568080374756825,31.778955459594727,2280000,0.0,0.0
2016-04-25 00:00:00-04:00,31.764896931250185,31.884394511525013,31.652430039979745,31.800045013427734,2634400,0.0,0.0
2016-04-26 00:00:00-04:00,31.81410282614342,32.074184705556924,31.743812020661167,31.954687118530273,3004400,0.0,0.0
2016-04-27 00:00:00-04:00,32.04606925067187,32.538112963100055,31.89142625154294,32.376441955566406,3037500,0.0,0.0
2016-04-28 00:00:00-04:00,32.11635240985455,32.53107452392578,32.03200292197857,32.53107452392578,2588600,0.0,0.0
2016-04-29 00:00:00-04:00,31.870337443748163,32.636519017630015,31.15335996972294,32.42564392089844,4065200,0.0,0.0
2016-05-02 00:00:00-04:00,32.517009569739095,32.819264747986324,32.30613454993021,32.4537467956543,3689500,0.0,0.0
2016-05-03 00:00:00-04:00,32.5099888538668,32.875506888156586,32.19367491251776,32.39752197265625,3493400,0.0,0.0
2016-05-04 00:00:00-04:00,32.34831745790789,33.08638152381699,32.270995975317255,32.78412628173828,3466200,0.0,0.0
2016-05-05 00:00:00-04:00,32.826303403203866,33.11449995923257,32.50296144891254,32.65057373046875,2079800,0.0,0.0
2016-05-06 00:00:00-04:00,32.62948468766648,32.62948468766648,31.85627519211328,32.13041305541992,3675900,0.0,0.0
2016-05-09 00:00:00-04:00,32.228815150100054,32.56621842113336,32.07417488908312,32.47483825683594,3220400,0.0,0.0
2016-05-10 00:00:00-04:00,32.517018699489626,32.678692364204686,32.404551811919646,32.50999069213867,1800200,0.0,0.0
2016-05-11 00:00:00-04:00,32.517031204461674,32.67870493135109,32.228834526643844,32.59435272216797,2587900,0.0,0.0
2016-05-12 00:00:00-04:00,32.566227900668366,32.76304429821012,32.397526216045215,32.58731460571289,2802600,0.0,0.0
2016-05-13 00:00:00-04:00,32.58731313649382,32.58731313649382,32.158532277104875,32.242881774902344,2324400,0.0,0.0
2016-05-16 00:00:00-04:00,32.200713848717676,32.334267466419,32.0038947451199,32.292091369628906,2950900,0.0,0.0
2016-05-17 00:00:00-04:00,32.17258630194264,32.31317056547267,31.52589976227321,31.75083351135254,2843200,0.0,0.0
2016-05-18 00:00:00-04:00,31.582137183653007,31.72974946607476,31.033861459559635,31.16038703918457,3502500,0.0,0.0
2016-05-19 00:00:00-04:00,31.00574724734527,31.49076023135628,30.801900161334814,31.483732223510742,2292300,0.0,0.0
2016-05-20 00:00:00-04:00,31.582148330543745,31.687587244586435,31.27286496086707,31.610265731811523,6434700,0.0,0.0
2016-05-23 00:00:00-04:00,31.610259308933365,31.701636822352228,31.27285860654525,31.2939453125,2290200,0.0,0.0
2016-05-24 00:00:00-04:00,31.315018537202075,31.715681866389545,31.26581445687528,31.631332397460938,2429400,0.0,0.0
2016-05-25 00:00:00-04:00,30.872183073512875,31.033856708276303,30.06382830680381,30.780805587768555,9220100,0.0,0.0
2016-05-26 00:00:00-04:00,30.766745044219448,31.258788562128466,30.766745044219448,31.111173629760742,2672100,0.0,0.0
2016-05-27 00:00:00-04:00,31.139296994165953,31.336116047973658,31.125238298792404,31.307998657226562,2288300,0.0,0.0
2016-05-31 00:00:00-04:00,31.28691240999273,31.561052975126778,31.146330805007768,31.45561408996582,5360800,0.0,0.0
2016-06-01 00:00:00-04:00,31.448581196910432,31.722719038036338,31.307996932342274,31.659456253051758,2881700,0.0,0.0
2016-06-02 00:00:00-04:00,31.561051783123226,31.722722767887703,31.272855213513132,31.525903701782227,3056800,0.0,0.0
2016-06-03 00:00:00-04:00,31.743807512247592,32.10229485956868,31.743807512247592,31.88439178466797,3057100,0.0,0.0
2016-06-06 00:00:00-04:00,31.926558335079118,32.10228796752166,31.757859389530257,31.842208862304688,2393700,0.0,0.0
2016-06-07 00:00:00-04:00,31.416622152620583,31.806758026582667,31.246379617228296,31.338594436645508,3365900,0.41,0.0
2016-06-08 00:00:00-04:00,31.317317044973947,31.480464685641454,31.1683538027006,31.416624069213867,2492100,0.0,0.0
2016-06-09 00:00:00-04:00,31.409520505860105,31.735818403162398,31.409520505860105,31.65069580078125,2610100,0.0,0.0
2016-06-10 00:00:00-04:00,31.60104384827153,31.80675275522017,31.338589242872178,31.466270446777344,2718300,0.0,0.0
2016-06-13 00:00:00-04:00,31.48755241521979,31.771289049269328,31.466273114735653,31.57976722717285,2822200,0.0,0.0
2016-06-14 00:00:00-04:00,31.615224996848664,31.657786292107897,31.29602204718527,31.55847930908203,3179200,0.0,0.0
2016-06-15 00:00:00-04:00,31.629413458867255,31.64360055789863,31.338584693505222,31.43079948425293,2945400,0.0,0.0
2016-06-16 00:00:00-04:00,31.437890600015947,31.714532256836,31.374050009525753,31.6223201751709,2246100,0.0,0.0
2016-06-17 00:00:00-04:00,31.551393551667168,31.799663787102002,31.31021822045474,31.785476684570312,3714400,0.0,0.0
2016-06-20 00:00:00-04:00,31.778385574453793,31.920253910795577,31.31022195866533,31.473369598388672,3079700,0.0,0.0
2016-06-21 00:00:00-04:00,31.48755139312372,31.6719810110432,31.303124481117234,31.40243148803711,2332400,0.0,0.0
2016-06-22 00:00:00-04:00,31.45208063062075,31.50173412719616,31.239279544452906,31.27474594116211,1880000,0.0,0.0
2016-06-23 00:00:00-04:00,31.281828269948768,31.430791418595582,31.083214346302036,31.423696517944336,2961000,0.0,0.0
2016-06-24 00:00:00-04:00,31.040662852238647,31.671976619678006,31.040662852238647,31.27474594116211,4332600,0.0,0.0
2016-06-27 00:00:00-04:00,31.296031800726695,31.686167658163967,31.23928609527502,31.508832931518555,4413800,0.0,0.0
2016-06-28 00:00:00-04:00,31.59395027160644,31.650695967580205,31.12578677969379,31.593950271606445,4341700,0.0,0.0
2016-06-29 00:00:00-04:00,31.721630790233196,32.14723297161152,31.60104179176464,32.125953674316406,3878800,0.0,0.0
2016-06-30 00:00:00-04:00,32.225273699408696,33.062294006347656,32.090500252191454,33.062294006347656,4815200,0.0,0.0
2016-07-01 00:00:00-04:00,33.20415276347601,33.20415276347601,32.72889432374023,32.984256744384766,2836200,0.0,0.0
2016-07-05 00:00:00-04:00,32.962974166607076,33.14740105989155,32.78563947056277,33.111934661865234,3271400,0.0,0.0
2016-07-06 00:00:00-04:00,33.04100047208912,33.18996096106388,32.82819668108219,33.16158676147461,2737800,0.0,0.0
2016-07-07 00:00:00-04:00,32.99844236714623,33.05518806590548,32.23235513954985,32.31038284301758,2578100,0.0,0.0
2016-07-08 00:00:00-04:00,32.25364883927454,32.73599963023412,31.95572501854593,32.728904724121094,2854600,0.0,0.0
2016-07-11 00:00:00-04:00,32.5870174942362,32.62248659243181,32.21106886539079,32.594112396240234,2130500,0.0,0.0
2016-07-12 00:00:00-04:00,32.42388268061349,32.57993811514735,32.111774517459104,32.23236083984375,2449300,0.0,0.0
2016-07-13 00:00:00-04:00,32.558657192021435,32.629590000962594,32.31038694890097,32.60831069946289,3010500,0.0,0.0
2016-07-14 00:00:00-04:00,32.44516397103882,32.59412449748085,32.20398862569367,32.43097686767578,2774100,0.0,0.0
2016-07-15 00:00:00-04:00,32.46643978582846,32.686335805466136,32.40969137847177,32.53737258911133,2112700,0.0,0.0
2016-07-18 00:00:00-04:00,32.60829300686767,32.70050506727615,32.45223766477372,32.55863952636719,1663100,0.0,0.0
2016-07-19 00:00:00-04:00,32.5586472000846,32.64376708587415,32.225257147366314,32.52317810058594,1895500,0.0,0.0
2016-07-20 00:00:00-04:00,32.52318677891687,32.62249649573513,32.154332940101504,32.21107864379883,2190300,0.0,0.0
2016-07-21 00:00:00-04:00,32.133052220634866,32.629590000962594,32.01246590425226,32.60831069946289,2034800,0.0,0.0
2016-07-22 00:00:00-04:00,32.51609092422976,33.111935628570855,32.51609092422976,33.0551872253418,2205700,0.0,0.0
2016-07-25 00:00:00-04:00,32.99134386356297,33.06937155851625,32.70760998890226,32.899131774902344,1814700,0.0,0.0
2016-07-26 00:00:00-04:00,32.90623147297481,32.977166987244686,32.38132219694363,32.4664421081543,2242500,0.0,0.0
2016-07-27 00:00:00-04:00,32.41678143190712,32.4522478282418,31.764188374516014,32.02664566040039,2477100,0.0,0.0
2016-07-28 00:00:00-04:00,31.969912006144764,32.140154575345214,31.913166287020506,31.977006912231445,2566500,0.0,0.0
2016-07-29 00:00:00-04:00,32.076297447215055,32.72888776391925,31.98408265692861,32.63667297363281,4489800,0.0,0.0
2016-08-01 00:00:00-04:00,32.55865227632588,32.70051787278936,32.16142157085483,32.1968879699707,3415200,0.0,0.0
2016-08-02 00:00:00-04:00,32.033748626708984,32.0692150349671,31.61523851507081,32.033748626708984,4480900,0.0,0.0
2016-08-03 00:00:00-04:00,32.03374421409202,32.06921061746468,31.657795467698257,31.785476684570312,2106500,0.0,0.0
2016-08-04 00:00:00-04:00,31.764190575641024,31.948620178821734,31.523015275575098,31.643604278564453,1793200,0.0,0.0
2016-08-05 00:00:00-04:00,31.551382048368986,31.58684843881097,31.118685049605194,31.182525634765625,3869500,0.0,0.0
2016-08-08 00:00:00-04:00,31.203808587112125,31.466263131496007,31.104498902563417,31.239274978637695,1982300,0.0,0.0
2016-08-09 00:00:00-04:00,31.23928164377019,31.345680841047955,31.04066493820865,31.10450553894043,3002500,0.0,0.0
2016-08-10 00:00:00-04:00,31.12578938074595,31.18253508146171,30.856239861085434,31.061948776245117,2865700,0.0,0.0
2016-08-11 00:00:00-04:00,31.061958858158317,31.154170989990234,30.870436982492738,31.154170989990234,2770700,0.0,0.0
2016-08-12 00:00:00-04:00,31.239291653639828,31.515933443483057,31.15416902144678,31.189638137817383,2753400,0.0,0.0
2016-08-15 00:00:00-04:00,31.139963415961518,31.274736766283905,30.792386335987594,30.79947853088379,2346800,0.0,0.0
2016-08-16 00:00:00-04:00,30.71436667256858,30.962636853271132,30.55121908829049,30.728553771972656,3510000,0.0,0.0
2016-08-17 00:00:00-04:00,30.650524870889008,31.11868830913257,30.515751490727766,31.054847717285156,2603200,0.0,0.0
2016-08-18 00:00:00-04:00,31.012288833520277,31.35986328125,31.012288833520277,31.35986328125,2403600,0.0,0.0
2016-08-19 00:00:00-04:00,31.288939826978197,31.352780437265572,30.792402047622296,30.962644577026367,2434000,0.0,0.0
2016-08-22 00:00:00-04:00,31.026483605064783,31.161257017281482,30.884615288781742,31.069042205810547,1731200,0.0,0.0
2016-08-23 00:00:00-04:00,31.175442640288264,31.288936746747012,31.069040731646275,31.076135635375977,1748600,0.0,0.0
2016-08-24 00:00:00-04:00,31.005194110074026,31.047755406453,30.735647350744433,30.934261322021484,2187400,0.0,0.0
2016-08-25 00:00:00-04:00,30.9626462319858,31.06904545087635,30.856244307181903,30.898805618286133,1346200,0.0,0.0
2016-08-26 00:00:00-04:00,31.012305174712772,31.161265730802427,30.09725712002405,30.12563133239746,2689900,0.0,0.0
2016-08-29 00:00:00-04:00,30.175265959562875,30.423533397615284,30.054676985428753,30.402254104614258,3313500,0.0,0.0
2016-08-30 00:00:00-04:00,30.402262122600188,30.551222624716974,29.969565011383274,30.2533016204834,3858900,0.0,0.0
2016-08-31 00:00:00-04:00,30.203650836627382,30.359703550347994,30.04759541699368,30.331329345703125,3626300,0.0,0.0
2016-09-01 00:00:00-04:00,30.31713912240506,30.35969771527961,30.111430237136183,30.210737228393555,4042600,0.0,0.0
2016-09-02 00:00:00-04:00,30.18236697241848,30.515757091692343,30.118526368853548,30.487382888793945,3141300,0.0,0.0
2016-09-06 00:00:00-04:00,30.62925049013224,30.85623869625233,30.466102886102977,30.60797119140625,3006600,0.0,0.0
2016-09-07 00:00:00-04:00,30.607964987242845,30.665255029066834,30.314346351736628,30.35015296936035,3086100,0.41,0.0
2016-09-08 00:00:00-04:00,30.26422027548398,30.930233886699998,30.249899810870435,30.880104064941406,2880500,0.0,0.0
2016-09-09 00:00:00-04:00,30.650941084678344,30.679587480169403,29.447819792760278,29.45498275756836,3135700,0.0,0.0
2016-09-12 00:00:00-04:00,29.45498353279569,30.106674022080636,29.412013938428185,30.013574600219727,3420100,0.0,0.0
2016-09-13 00:00:00-04:00,29.91329686518611,29.949103472914956,29.44780276910391,29.519418716430664,2750400,0.0,0.0
2016-09-14 00:00:00-04:00,29.6411935088372,29.970619024126094,29.476480751192753,29.698486328125,3157700,0.0,0.0
2016-09-15 00:00:00-04:00,29.676990114323523,30.056548084009176,29.59821661226226,30.042224884033203,2860600,0.0,0.0
2016-09-16 00:00:00-04:00,29.86317515823752,30.335829611164886,29.784398960771327,30.29286003112793,4826600,0.0,0.0
2016-09-19 00:00:00-04:00,30.385958005785504,30.572154046861634,30.25705200355216,30.550670623779297,1782600,0.0,0.0
2016-09-20 00:00:00-04:00,30.636613625734984,30.77268261945657,30.500547363883655,30.507707595825195,2074500,0.0,0.0
2016-09-21 00:00:00-04:00,30.49338280470908,31.24533271789551,30.49338280470908,31.245332717895508,3000600,0.0,0.0
2016-09-22 00:00:00-04:00,31.338424553500673,31.517460349635975,31.073452340143874,31.273971557617188,3160300,0.0,0.0
2016-09-23 00:00:00-04:00,31.13076046361181,31.481669267300223,31.11643726503074,31.36708641052246,2416000,0.0,0.0
2016-09-26 00:00:00-04:00,31.352758129714754,31.402887950687145,31.09494606078798,31.152238845825195,2628200,0.0,0.0
2016-09-27 00:00:00-04:00,31.28831108604168,31.467346975658955,30.586490726566463,30.650943756103516,1869800,0.0,0.0
2016-09-28 00:00:00-04:00,30.751199561095834,30.822815547084872,30.364484164237155,30.61513328552246,1598500,0.0,0.0
2016-09-29 00:00:00-04:00,30.43608903309429,30.450412226346003,29.96343458326691,30.15679359436035,1984100,0.0,0.0
2016-09-30 00:00:00-04:00,30.421772240957413,30.45041863348839,29.820211657158662,29.98492431640625,3589600,0.0,0.0
2016-10-03 00:00:00-04:00,29.877500906295438,29.90614456356616,29.3403934033215,29.576719284057617,2632600,0.0,0.0
2016-10-04 00:00:00-04:00,29.641180290933956,29.641180290933956,28.91787652713652,29.132719039916992,3247500,0.0,0.0
2016-10-05 00:00:00-04:00,29.28310288505573,29.505108320225474,28.953677580122754,29.197166442871094,3981600,0.0,0.0
2016-10-06 00:00:00-04:00,29.068261324859225,29.27594357086335,28.96083871985838,29.182844161987305,3190900,0.0,0.0
2016-10-07 00:00:00-04:00,29.404852496012076,29.72711487896768,29.147040404151117,29.16136360168457,3269300,0.0,0.0
2016-10-10 00:00:00-04:00,29.204326784951697,29.36903943803959,29.061100291393704,29.261619567871094,2069600,0.0,0.0
2016-10-11 00:00:00-04:00,29.2043226203989,29.318905438027873,28.967996754232214,29.068256378173828,2490100,0.0,0.0
2016-10-12 00:00:00-04:00,29.089755261727703,29.304597817470512,29.039625423116757,29.23298454284668,2938200,0.0,0.0
2016-10-13 00:00:00-04:00,29.232968573931636,29.634009795616173,29.111225527200688,29.340391159057617,6126900,0.0,0.0
2016-10-14 00:00:00-04:00,29.297430084565885,29.66266206266647,29.19717043300379,29.29026985168457,3268500,0.0,0.0
2016-10-17 00:00:00-04:00,29.576734787596628,29.90616023978347,29.526604946258256,29.77009391784668,4263200,0.0,0.0
2016-10-18 00:00:00-04:00,29.970604952775716,30.07086733945567,29.562403368554794,29.94196128845215,2401400,0.0,0.0
2016-10-19 00:00:00-04:00,29.941954990397537,29.956278185481903,29.591043540505922,29.662656784057617,2046400,0.0,0.0
2016-10-20 00:00:00-04:00,29.669819599836742,29.870338866279397,29.512267186563165,29.562397003173828,3119800,0.0,0.0
2016-10-21 00:00:00-04:00,29.419179753144707,29.519439417843273,29.225820657567063,29.326080322265625,1944800,0.0,0.0
2016-10-24 00:00:00-04:00,29.447815648618636,29.555238250657382,29.182843357292047,29.261619567871094,2014400,0.0,0.0
2016-10-25 00:00:00-04:00,29.20432989518615,29.4836254119873,29.175686232546177,29.483625411987305,2431100,0.0,0.0
2016-10-26 00:00:00-04:00,29.47644914803461,29.598194892555565,29.247283580327114,29.519418716430664,1924900,0.0,0.0
2016-10-27 00:00:00-04:00,29.44066052923708,29.655503038753018,29.31175447715337,29.51227378845215,2847900,0.0,0.0
2016-10-28 00:00:00-04:00,29.562397660243718,29.691303686356306,29.232972363231625,29.38336181640625,2326600,0.0,0.0
2016-10-31 00:00:00-04:00,29.655499330033606,30.25705992056945,29.383364061682293,30.135316848754883,3434400,0.0,0.0
2016-11-01 00:00:00-04:00,30.15680417640686,30.15680417640686,29.548080543021502,29.612533569335938,4005700,0.0,0.0
2016-11-02 00:00:00-04:00,29.583879696199773,29.583879696199773,28.925026462126908,29.218645095825195,3428300,0.0,0.0
2016-11-03 00:00:00-04:00,29.19716195617958,29.49794082354062,29.003802942074703,29.340391159057617,2341000,0.0,0.0
2016-11-04 00:00:00-04:00,29.483626190056835,29.762924446099184,29.268783689299397,29.29026985168457,2059700,0.0,0.0
2016-11-07 00:00:00-05:00,29.469303929514755,29.999248550316324,29.225815048320115,29.992088317871094,2648100,0.0,0.0
2016-11-08 00:00:00-05:00,30.035050547599337,30.27853939127005,29.93479091759434,30.113826751708984,2448400,0.0,0.0
2016-11-09 00:00:00-05:00,29.641178321694202,29.762924134366322,29.025294489268443,29.09691047668457,3158600,0.0,0.0
2016-11-10 00:00:00-05:00,29.082582759388547,29.161358967368145,28.208886971789628,28.674381256103516,3689400,0.0,0.0
2016-11-11 00:00:00-05:00,28.645735222410252,28.860577690204288,28.194564127733635,28.337793350219727,2773100,0.0,0.0
2016-11-14 00:00:00-05:00,28.23037879173025,28.70303618013051,28.130119126992366,28.62425994873047,4418500,0.0,0.0
2016-11-15 00:00:00-05:00,28.71734315260665,29.60536198216646,28.7030226916917,29.598201751708984,4294700,0.0,0.0
2016-11-16 00:00:00-05:00,29.61969685921714,29.69847308467316,28.93219972557132,29.132719039916992,3921200,0.0,0.0
2016-11-17 00:00:00-05:00,29.00381116068718,29.304590113277904,28.98948796315373,29.16136360168457,2441100,0.0,0.0
2016-11-18 00:00:00-05:00,29.132710025716364,29.28309946494234,28.724508558177337,28.88922119140625,2768400,0.0,0.0
2016-11-21 00:00:00-05:00,28.968004789340938,29.412012989327906,28.968004789340938,29.36188316345215,1822300,0.0,0.0
2016-11-22 00:00:00-05:00,29.397689108814248,29.63401776691387,29.297429459391577,29.540918350219727,2491700,0.0,0.0
2016-11-23 00:00:00-05:00,29.161366498309437,29.476468679732996,29.111236667898208,29.175689697265625,1716000,0.0,0.0
2016-11-25 00:00:00-05:00,29.268774841518983,29.78439887296318,29.268774841518983,29.684139251708984,983300,0.0,0.0
2016-11-28 00:00:00-05:00,29.82021733755419,30.72255975107295,29.791570939566416,30.650943756103516,3177100,0.0,0.0
2016-11-29 00:00:00-05:00,30.493388414290774,30.872943556169904,30.471902253822073,30.679584503173828,2500700,0.0,0.0
2016-11-30 00:00:00-05:00,30.350154508022435,30.40028432161104,29.58388137817383,29.583881378173828,3238200,0.0,0.0
2016-12-01 00:00:00-05:00,29.37621406054851,29.641186457036234,29.247307979690408,29.39053726196289,3152400,0.0,0.0
2016-12-02 00:00:00-05:00,29.626854802314792,29.94911991250948,29.433495736197976,29.540918350219727,2265800,0.0,0.0
2016-12-05 00:00:00-05:00,29.47645462418948,29.9061394605009,29.161352593019075,29.89181900024414,3526800,0.0,0.0
2016-12-06 00:00:00-05:00,30.020727550297366,30.07802032888811,29.576719443699297,29.63401222229004,3393200,0.0,0.0
2016-12-07 00:00:00-05:00,29.75697967211606,30.16203435681717,29.75697967211606,30.14033317565918,2760700,0.41,0.0
2016-12-08 00:00:00-05:00,29.89440488183083,30.60324838054098,29.756974210156702,30.55984878540039,2853200,0.0,0.0
2016-12-09 00:00:00-05:00,30.574318082338404,30.92150659723739,30.567083436222923,30.88534164428711,2219400,0.0,0.0
2016-12-12 00:00:00-05:00,30.798540800543364,31.1240280897536,30.76960773863754,31.080631256103516,2385000,0.0,0.0
2016-12-13 00:00:00-05:00,31.124033747797153,31.41335890103456,31.04446919269641,31.3482608795166,2373200,0.0,0.0
2016-12-14 00:00:00-05:00,31.500158806224306,31.803950526441188,30.827480096325633,30.892578125,3195400,0.0,0.0
2016-12-15 00:00:00-05:00,30.74790019800813,31.102323234969802,30.661103789465542,31.066158294677734,3986200,0.0,0.0
2016-12-16 00:00:00-05:00,31.160200694592103,32.03540526074561,31.160200694592103,31.81841278076172,5959900,0.0,0.0
2016-12-19 00:00:00-05:00,31.970294943057123,31.970294943057123,31.37718110495221,31.586938858032227,2931600,0.0,0.0
2016-12-20 00:00:00-05:00,31.782249818364477,31.869049030698584,31.565257305948208,31.65928840637207,2140700,0.0,0.0
2016-12-21 00:00:00-05:00,31.680981523981842,31.86904369333329,31.52908706665039,31.52908706665039,1309400,0.0,0.0
2016-12-22 00:00:00-05:00,31.53631684015273,31.659280982520507,31.341025556218998,31.59418296813965,1412800,0.0,0.0
2016-12-23 00:00:00-05:00,31.623116032133108,31.659280982520507,31.478453471374657,31.59418296813965,781500,0.0,0.0
2016-12-27 00:00:00-05:00,31.59418805033683,31.7677809438038,31.471223888189204,31.680984497070312,1745700,0.0,0.0
2016-12-28 00:00:00-05:00,31.666519261616045,31.76055035897296,31.3337972361493,31.398895263671875,2060800,0.0,0.0
2016-12-29 00:00:00-05:00,31.514624039370016,31.977542108946977,31.44952601338517,31.861812591552734,2126800,0.0,0.0
2016-12-30 00:00:00-05:00,31.912450199043214,31.96308170015623,31.630359618782148,31.73885726928711,2000200,0.0,0.0
2017-01-03 00:00:00-05:00,31.832871821409835,31.832871821409835,31.218059426339785,31.38442039489746,2976300,0.0,0.0
2017-01-04 00:00:00-05:00,31.485686134535182,31.80394432789712,31.471219602181556,31.601415634155273,2155600,0.0,0.0
2017-01-05 00:00:00-05:00,31.56524786908901,31.709910420520856,31.319322359417473,31.65204429626465,2208900,0.0,0.0
2017-01-06 00:00:00-05:00,31.54355521668467,31.999241371248633,31.44952412718848,31.970308303833008,2324100,0.0,0.0
2017-01-09 00:00:00-05:00,31.977537545024155,32.049870207577875,31.435054992311517,31.47845458984375,2049400,0.0,0.0
2017-01-10 00:00:00-05:00,31.362717264358835,31.536310092760615,31.246987792354894,31.435047149658203,2307700,0.0,0.0
2017-01-11 00:00:00-05:00,31.485680774596393,31.984766398603853,31.485680774596393,31.854570388793945,2993100,0.0,0.0
2017-01-12 00:00:00-05:00,31.825631199532296,31.926894130057544,31.67373680374443,31.876262664794922,1973800,0.0,0.0
2017-01-13 00:00:00-05:00,31.789472454945084,31.897967290556885,31.652041800278305,31.847335815429688,1579100,0.0,0.0
2017-01-17 00:00:00-05:00,31.984760697460004,32.331949075332126,31.91242806089834,32.122188568115234,1599000,0.0,0.0
2017-01-18 00:00:00-05:00,32.00647828281982,32.15114088339765,31.897980642584045,31.955846786499023,1126700,0.0,0.0
2017-01-19 00:00:00-05:00,31.79670889767617,31.94137145843462,31.49292000337139,31.59418296813965,1538300,0.0,0.0
2017-01-20 00:00:00-05:00,31.688212351257476,31.825640259061018,31.471217142124193,31.63758087158203,1497900,0.0,0.0
2017-01-23 00:00:00-05:00,31.659289241391527,31.767784120856486,31.24700262916363,31.29763412475586,1488400,0.0,0.0
2017-01-24 00:00:00-05:00,31.297626083761504,31.615881511319177,31.275927665285188,31.42782211303711,1810300,0.0,0.0
2017-01-25 00:00:00-05:00,31.341023560878998,31.46398493620954,31.290389322509668,31.38442039489746,1570600,0.0,0.0
2017-01-26 00:00:00-05:00,31.384432693920456,31.59419333790688,31.20360512342383,31.341035842895508,1443700,0.0,0.0
2017-01-27 00:00:00-05:00,31.398896071222545,31.4567622123795,31.022774431330784,31.14573860168457,1679100,0.0,0.0
2017-01-30 00:00:00-05:00,31.203589488890998,31.319318965654286,31.001063594357333,31.254220962524414,1869300,0.0,0.0
2017-01-31 00:00:00-05:00,31.333791159030238,32.06433585500818,31.304858094807397,32.0064697265625,3496600,0.0,0.0
2017-02-01 00:00:00-05:00,31.847347315274746,31.847347315274746,31.275934352619256,31.369962692260742,3222700,0.0,0.0
2017-02-02 00:00:00-05:00,31.362725088966744,31.52908607402688,31.131266087212733,31.47845458984375,3581500,0.0,0.0
2017-02-03 00:00:00-05:00,31.550784856092513,31.738847021686368,31.478454951915783,31.615882873535156,1886300,0.0,0.0
2017-02-06 00:00:00-05:00,31.695446058010813,31.717144476487125,31.406120935351936,31.42782211303711,1886100,0.0,0.0
2017-02-07 00:00:00-05:00,31.435063612893984,31.485695110962023,31.34103526460174,31.420597076416016,2279400,0.0,0.0
2017-02-08 00:00:00-05:00,31.463988763552734,31.702682416524148,31.384424212562262,31.492921829223633,2524000,0.0,0.0
2017-02-09 00:00:00-05:00,31.492933072820925,31.565263003612376,31.14574443844397,31.23977279663086,2588600,0.0,0.0
2017-02-10 00:00:00-05:00,31.1457295301699,31.420585342982402,31.08786340586705,31.38442039489746,2113300,0.0,0.0
2017-02-13 00:00:00-05:00,31.413353431729472,31.6665108273287,31.37718848367368,31.65204429626465,1859900,0.0,0.0
2017-02-14 00:00:00-05:00,31.55801743172934,31.615880799432905,31.196362416153463,31.413354873657227,1908800,0.0,0.0
2017-02-15 00:00:00-05:00,31.138491485761122,31.377185083640118,30.935965591227458,31.254220962524414,3604500,0.0,0.0
2017-02-16 00:00:00-05:00,31.275940064262777,31.579729080200195,31.275940064262777,31.579729080200195,1952200,0.0,0.0
2017-02-17 00:00:00-05:00,31.6014221487828,31.709919784197304,31.33379814309237,31.456762313842773,5839600,0.0,0.0
2017-02-21 00:00:00-05:00,31.456758077839183,32.13666859181201,31.290394323483817,32.06433868408203,2680500,0.0,0.0
2017-02-22 00:00:00-05:00,32.107735313837885,32.13666838042321,31.854577879239052,32.020938873291016,2291400,0.0,0.0
2017-02-23 00:00:00-05:00,32.17283070703053,32.26686178615033,31.94860359811682,32.0064697265625,3280200,0.0,0.0
2017-02-24 00:00:00-05:00,32.16560772508034,33.00464750535452,31.905215593407387,32.99018096923828,3084600,0.0,0.0
2017-02-27 00:00:00-05:00,32.84551836728557,33.02634592992405,32.50556166657814,32.99018096923828,3649400,0.0,0.0
2017-02-28 00:00:00-05:00,32.91060495806114,33.373522915997846,32.86720536480132,33.25779342651367,3513400,0.0,0.0
2017-03-01 00:00:00-05:00,32.88167755713086,33.07697162161084,32.61405358397347,32.78041458129883,2608200,0.0,0.0
2017-03-02 00:00:00-05:00,32.614051353773036,33.33012954123306,32.51278838486552,33.12036895751953,2905800,0.0,0.0
2017-03-03 00:00:00-05:00,33.156539163552615,33.18547223331364,32.563425029498546,32.93231201171875,2722700,0.0,0.0
2017-03-06 00:00:00-05:00,32.91060378428788,33.01186673907385,32.5923483893593,32.62851333618164,2697200,0.0,0.0
2017-03-07 00:00:00-05:00,32.642990126452204,32.780418071254154,32.33196651944987,32.53449249267578,3525900,0.0,0.0
2017-03-08 00:00:00-05:00,32.33001002463884,32.417644238116694,32.045196741454745,32.10361862182617,3446300,0.43,0.0
2017-03-09 00:00:00-05:00,32.118216574134216,32.403029784477226,32.04518854588651,32.052490234375,1914400,0.0,0.0
2017-03-10 00:00:00-05:00,32.154739685078034,32.50527933435059,32.11822566062409,32.44685745239258,2621800,0.0,0.0
2017-03-13 00:00:00-04:00,32.43224773411571,32.549094271078545,32.34461352785388,32.483367919921875,1861200,0.0,0.0
2017-03-14 00:00:00-04:00,32.381128215719535,32.629427460113426,32.33000802885972,32.49067306518555,1975900,0.0,0.0
2017-03-15 00:00:00-04:00,32.585610936198606,33.22096664422594,32.541795222432185,32.95806121826172,2543100,0.0,0.0
2017-03-16 00:00:00-04:00,32.81930078638005,32.870420971284226,32.351914646775484,32.432247161865234,2558500,0.0,0.0
2017-03-17 00:00:00-04:00,32.556397274640624,32.89233070498944,32.52718494526045,32.66593933105469,3940500,0.0,0.0
2017-03-20 00:00:00-04:00,32.73167587623525,32.78279607565565,32.12553517488967,32.22777557373047,3475400,0.0,0.0
2017-03-21 00:00:00-04:00,32.26429030522672,32.768190618684585,32.03789885584259,32.614830017089844,3878300,0.0,0.0
2017-03-22 00:00:00-04:00,32.71704373070756,33.11140162956474,32.70974204480564,32.93613052368164,3907800,0.0,0.0
2017-03-23 00:00:00-04:00,32.92155008229808,33.155243195686964,32.812005216591324,32.91424560546875,2855700,0.0,0.0
2017-03-24 00:00:00-04:00,32.848516670292376,33.1479361224844,32.8120026465307,32.9726676940918,1881200,0.0,0.0
2017-03-27 00:00:00-04:00,33.18444632174881,33.27938500126066,32.56369963181691,32.67324447631836,1733300,0.0,0.0
2017-03-28 00:00:00-04:00,32.58560059445558,32.65863140395741,32.28618124009939,32.50526809692383,4747700,0.0,0.0
2017-03-29 00:00:00-04:00,32.38843817166942,32.38843817166942,32.103624833378376,32.24238204956055,3371100,0.0,0.0
2017-03-30 00:00:00-04:00,32.15473472724808,32.22046107546766,31.964860157858798,32.067100524902344,2157200,0.0,0.0
2017-03-31 00:00:00-04:00,32.10361448786611,32.5344865952578,32.08170663377806,32.388427734375,3122500,0.0,0.0
2017-04-03 00:00:00-04:00,32.359221123096006,32.37382728909193,32.081709540856124,32.32270431518555,2478300,0.0,0.0
2017-04-04 00:00:00-04:00,32.286187152027246,32.43954770130217,32.096312584235584,32.33000564575195,2638400,0.0,0.0
2017-04-05 00:00:00-04:00,32.308106178212896,32.51988865492,32.191259617124174,32.43955612182617,3387800,0.0,0.0
2017-04-06 00:00:00-04:00,32.33730150483058,32.79008416749452,32.2496673190223,32.782779693603516,3863000,0.0,0.0
2017-04-07 00:00:00-04:00,32.841214718381636,33.00187697882203,32.622125005873194,32.65864181518555,4103900,0.0,0.0
2017-04-10 00:00:00-04:00,32.62943618664772,32.74628275726876,32.30810881390036,32.614830017089844,2906400,0.0,0.0
2017-04-11 00:00:00-04:00,32.60751924320267,33.1917519335841,32.424946353343394,33.07490539550781,4408200,0.0,0.0
2017-04-12 00:00:00-04:00,33.00188500815637,33.337821349009715,32.84852440076108,33.30860900878906,3746900,0.0,0.0
2017-04-13 00:00:00-04:00,33.36702769732392,33.54960062739739,33.1114267095578,33.33781814575195,3868800,0.0,0.0
2017-04-17 00:00:00-04:00,33.367020012504774,33.45465700456232,33.169840959137076,33.359718322753906,2009300,0.0,0.0
2017-04-18 00:00:00-04:00,33.22097218148671,33.38163446847843,32.965368403265806,33.111427307128906,4108700,0.0,0.0
2017-04-19 00:00:00-04:00,33.06029976153184,33.14063228009603,32.3592205218028,32.57100296020508,4572900,0.0,0.0
2017-04-20 00:00:00-04:00,32.57100092678888,32.57100092678888,32.20585516399599,32.40303421020508,2666200,0.0,0.0
2017-04-21 00:00:00-04:00,32.35190757573078,32.6367207681866,32.35190757573078,32.50526809692383,3472700,0.0,0.0
2017-04-24 00:00:00-04:00,32.54909920933618,32.9288512085406,32.38843415194618,32.86312484741211,2409200,0.0,0.0
2017-04-25 00:00:00-04:00,32.74627602868407,32.86312257529591,32.57830929204464,32.65864181518555,1834700,0.0,0.0
2017-04-26 00:00:00-04:00,32.59291343890517,32.82660651764751,32.44685456823089,32.49067306518555,2873500,0.0,0.0
2017-04-27 00:00:00-04:00,32.519881366580805,32.782786766568655,32.381126976961056,32.432247161865234,3133300,0.0,0.0
2017-04-28 00:00:00-04:00,32.41764896634727,32.534495529974045,32.07441096688783,32.169349670410156,2443400,0.0,0.0
2017-05-01 00:00:00-04:00,32.20584703662218,32.23505935887554,31.855307527103076,31.92103385925293,2151700,0.0,0.0
2017-05-02 00:00:00-04:00,31.95024956833573,32.12552073459479,31.869917066543692,32.03788375854492,2532100,0.0,0.0
2017-05-03 00:00:00-04:00,32.00136416486295,32.05978880537565,31.789579021764688,31.884517669677734,2203200,0.0,0.0
2017-05-04 00:00:00-04:00,31.83341098249627,32.001377716338105,31.592413417087535,31.75307846069336,2104900,0.0,0.0
2017-05-05 00:00:00-04:00,31.86262686422249,32.05980595265438,31.86262686422249,31.99407958984375,2171700,0.0,0.0
2017-05-08 00:00:00-04:00,32.05980160706389,32.05980160706389,31.745776003516113,31.855318069458008,2153600,0.0,0.0
2017-05-09 00:00:00-04:00,31.818798213684193,31.84801054024931,31.351412132005525,31.366018295288086,2238600,0.0,0.0
2017-05-10 00:00:00-04:00,31.402539534154894,31.453659724482716,31.01548586857527,31.183452606201172,4261500,0.0,0.0
2017-05-11 00:00:00-04:00,31.11772301440917,31.256477404326073,31.03008880950592,31.234569549560547,4674500,0.0,0.0
2017-05-12 00:00:00-04:00,31.37332393947745,31.49747495011144,31.139630869174695,31.234569549560547,2650200,0.0,0.0
2017-05-15 00:00:00-04:00,31.285686678044858,31.504773561819338,31.22726202325653,31.431745529174805,4080100,0.0,0.0
2017-05-16 00:00:00-04:00,31.482863708924025,31.60701191370013,31.351411029843035,31.47555923461914,3603000,0.0,0.0
2017-05-17 00:00:00-04:00,31.47557206928517,32.05980767491682,31.453664209118628,31.869930267333984,4311500,0.0,0.0
2017-05-18 00:00:00-04:00,31.95024553356367,32.249664865987455,31.709248058621434,31.97945785522461,3506100,0.0,0.0
2017-05-19 00:00:00-04:00,31.97216303756151,32.18394825480247,31.71656211043702,32.14743423461914,2831700,0.0,0.0
2017-05-22 00:00:00-04:00,31.98677534343086,32.38113352313615,31.709263722248433,32.30810546875,3312400,0.0,0.0
2017-05-23 00:00:00-04:00,32.27887954686799,32.43954175606507,32.0670943781076,32.18394088745117,3558200,0.0,0.0
2017-05-24 00:00:00-04:00,32.30080170110886,32.55640546875666,32.25698319600993,32.43955612182617,2061300,0.0,0.0
2017-05-25 00:00:00-04:00,32.44684721805237,32.64402623091953,32.373819192178885,32.52717971801758,2339600,0.0,0.0
2017-05-26 00:00:00-04:00,32.51988550130047,32.54909783520022,32.19125649537347,32.44685745239258,2574400,0.0,0.0
2017-05-30 00:00:00-04:00,32.40304043846902,32.62212738108774,32.359224721450246,32.54179763793945,2592500,0.0,0.0
2017-05-31 00:00:00-04:00,32.549094557368,33.06029920576722,32.4979743711122,32.797393798828125,4928800,0.0,0.0
2017-06-01 00:00:00-04:00,32.811998529456694,33.293990825820714,32.658637977395664,33.257476806640625,2687500,0.0,0.0
2017-06-02 00:00:00-04:00,33.41083309461565,33.447347109135606,32.87041620786177,32.98726272583008,2463300,0.0,0.0
2017-06-05 00:00:00-04:00,32.8996315946152,33.03838876287727,32.804692919358146,32.85581588745117,1414300,0.0,0.0
2017-06-06 00:00:00-04:00,32.91423793153279,32.921542406659086,32.59291067200076,32.63672637939453,2877600,0.0,0.0
2017-06-07 00:00:00-04:00,32.732583071949556,32.95379843765411,32.621976795550275,32.87268829345703,1886500,0.43,0.0
2017-06-08 00:00:00-04:00,32.87269718324993,32.87269718324993,32.20167265226098,32.43026351928711,2883300,0.0,0.0
2017-06-09 00:00:00-04:00,32.29753385058175,32.776836285528844,32.26066508164123,32.688350677490234,1958500,0.0,0.0
2017-06-12 00:00:00-04:00,32.688345575115385,32.99804656136218,32.64410137154884,32.65147399902344,2743100,0.0,0.0
2017-06-13 00:00:00-04:00,32.58511650757165,32.59249194962919,32.19430246573049,32.474510192871094,2710600,0.0,0.0
2017-06-14 00:00:00-04:00,32.703093467178775,32.81370257856126,32.50400156734077,32.64410400390625,1505900,0.0,0.0
2017-06-15 00:00:00-04:00,32.57775839491442,32.72523635980426,32.437655875368584,32.680992126464844,1494200,0.0,0.0
2017-06-16 00:00:00-04:00,32.776832580566406,32.975927285828476,32.68097154183138,32.776832580566406,5051200,0.0,0.0
2017-06-19 00:00:00-04:00,32.79157968755098,32.909561419109096,32.55561622443474,32.63672637939453,2664600,0.0,0.0
2017-06-20 00:00:00-04:00,32.66622761622747,32.76208866712005,32.540873237519854,32.67360305786133,1672600,0.0,0.0
2017-06-21 00:00:00-04:00,32.548241889083776,32.666223624647806,32.26803421227929,32.41551208496094,2154900,0.0,0.0
2017-06-22 00:00:00-04:00,32.43025861812388,32.46712738132214,32.18692253069028,32.20166778564453,2455500,0.0,0.0
2017-06-23 00:00:00-04:00,32.216419105385974,32.37864505532078,32.09106473527752,32.127933502197266,2450400,0.0,0.0
2017-06-26 00:00:00-04:00,32.12793720840668,32.68097721472019,32.11318913735615,32.57774353027344,5160300,0.0,0.0
2017-06-27 00:00:00-04:00,32.43025832989053,32.51137129594959,32.06894051569002,32.164798736572266,5342000,0.0,0.0
2017-06-28 00:00:00-04:00,32.33438430248218,32.35650780163921,31.884581075565098,31.89932632446289,2377400,0.0,0.0
2017-06-29 00:00:00-04:00,31.714995045835273,31.86984836289413,31.552771913683248,31.648630142211914,2439100,0.0,0.0
2017-06-30 00:00:00-04:00,31.722375594681704,31.906722266329385,31.552776994314677,31.71500015258789,3479700,0.0,0.0
2017-07-03 00:00:00-04:00,31.781366960151278,31.825611176628914,31.40530096526638,31.486413955688477,1511700,0.0,0.0
2017-07-05 00:00:00-04:00,31.479031891281135,31.479031891281135,30.89649863452224,31.206199645996094,3085400,0.0,0.0
2017-07-06 00:00:00-04:00,31.15458557321572,31.1840817139448,30.89650137410328,30.977611541748047,2924600,0.0,0.0
2017-07-07 00:00:00-04:00,30.9997268142558,31.213569558343643,30.97023068136657,31.043968200683594,1813600,0.0,0.0
2017-07-10 00:00:00-04:00,31.036605731909663,31.117718717449556,30.91862397464445,30.9481201171875,2912200,0.0,0.0
2017-07-11 00:00:00-04:00,30.984980119196738,31.036596947584407,30.7268931643522,30.859622955322266,2674300,0.0,0.0
2017-07-12 00:00:00-04:00,31.13245992597711,31.324179184430957,31.088215721915596,31.169328689575195,2054900,0.0,0.0
2017-07-13 00:00:00-04:00,31.176704124584116,31.3020613075936,31.021853615784117,31.139835357666016,2828700,0.0,0.0
2017-07-14 00:00:00-04:00,31.383176591379968,31.456914130640957,31.198829930320677,31.235698699951172,1667300,0.0,0.0
2017-07-17 00:00:00-04:00,31.331557557850527,31.891970130558303,31.32418211669668,31.877222061157227,3745200,0.0,0.0
2017-07-18 00:00:00-04:00,31.943585679608983,32.209045292316475,31.818231314111838,32.12055969238281,4052700,0.0,0.0
2017-07-19 00:00:00-04:00,32.17954347400487,32.67359384664099,32.0246929982303,32.599853515625,5204200,0.0,0.0
2017-07-20 00:00:00-04:00,32.71783605263327,32.93167879858201,32.599854332955694,32.79157638549805,3235600,0.0,0.0
2017-07-21 00:00:00-04:00,32.76945910193102,32.9980499578609,32.71784226557695,32.975929260253906,2288800,0.0,0.0
2017-07-24 00:00:00-04:00,32.99804796745855,32.99804796745855,32.45238068517816,32.46712875366211,3097800,0.0,0.0
2017-07-25 00:00:00-04:00,32.53349708620991,32.599861994932986,32.20167254259455,32.34177780151367,3566700,0.0,0.0
2017-07-26 00:00:00-04:00,32.34913646810243,32.66621280482755,32.32701577904433,32.65884017944336,2060400,0.0,0.0
2017-07-27 00:00:00-04:00,32.621998365042074,32.769473497750894,32.48189305089772,32.695735931396484,4611700,0.0,0.0
2017-07-28 00:00:00-04:00,32.17217798539624,33.15290069580078,32.17217798539624,33.15290069580078,2755700,0.0,0.0
2017-07-31 00:00:00-04:00,33.116030299365846,33.44785481397002,32.843198059760866,33.160274505615234,3603200,0.0,0.0
2017-08-01 00:00:00-04:00,33.248756822898535,33.48472027378803,33.182391926529235,33.37411117553711,3161800,0.0,0.0
2017-08-02 00:00:00-04:00,33.23400579937822,33.506837987780344,32.983294303496116,33.42572784423828,2049200,0.0,0.0
2017-08-03 00:00:00-04:00,33.396234120399164,33.75755191784113,33.33724185221736,33.750179290771484,1812100,0.0,0.0
2017-08-04 00:00:00-04:00,33.61745727041995,33.7649351620555,33.484727449238626,33.698570251464844,1576000,0.0,0.0
2017-08-07 00:00:00-04:00,33.68381237093209,33.764925328353634,33.59532678688404,33.691184997558594,1483800,0.0,0.0
2017-08-08 00:00:00-04:00,33.632197567314044,33.80179611897748,33.602701433223146,33.750179290771484,1836600,0.0,0.0
2017-08-09 00:00:00-04:00,33.86078877067894,33.882912279788634,33.455226733815955,33.50684356689453,1988600,0.0,0.0
2017-08-10 00:00:00-04:00,33.52898368991618,33.74282375595576,33.38150574536943,33.63221740722656,2589700,0.0,0.0
2017-08-11 00:00:00-04:00,33.89767513536448,33.91979584121743,33.492110108675966,33.57322311401367,2529100,0.0,0.0
2017-08-14 00:00:00-04:00,33.65431911989765,33.88290994557388,33.55845808811004,33.86078643798828,1759200,0.0,0.0
2017-08-15 00:00:00-04:00,33.67644709502512,34.17787024413802,33.65432639556353,34.133628845214844,2040800,0.0,0.0
2017-08-16 00:00:00-04:00,34.170496760915356,34.46545253992701,34.09675922261584,34.3917121887207,1999100,0.0,0.0
2017-08-17 00:00:00-04:00,34.37696232607558,34.44332723224761,34.12625077085973,34.14099884033203,1990200,0.0,0.0
2017-08-18 00:00:00-04:00,34.10412717880258,34.620298314900865,34.00826614182134,34.42120361328125,2028400,0.0,0.0
2017-08-21 00:00:00-04:00,34.47281704450762,34.5686780720312,34.37695601698405,34.54655456542969,1500400,0.0,0.0
2017-08-22 00:00:00-04:00,34.54656783466171,34.671925043865876,34.43596151079506,34.65717697143555,1886800,0.0,0.0
2017-08-23 00:00:00-04:00,34.68666670813479,34.86363791878989,34.56130952208963,34.834144592285156,1916100,0.0,0.0
2017-08-24 00:00:00-04:00,34.81201390347625,34.93737106367434,34.68665955618425,34.81938934326172,1266000,0.0,0.0
2017-08-25 00:00:00-04:00,34.92999928659897,35.00373962765548,34.75302809387614,34.871009826660156,1167800,0.0,0.0
2017-08-28 00:00:00-04:00,34.92263930121707,34.98162878251054,34.68667575022836,34.878395080566406,2886700,0.0,0.0
2017-08-29 00:00:00-04:00,34.9005071931355,34.981617351796764,34.73090580918121,34.73828125,1288800,0.0,0.0
2017-08-30 00:00:00-04:00,34.730906474613334,34.730906474613334,34.50231843716799,34.53181457519531,1330300,0.0,0.0
2017-08-31 00:00:00-04:00,34.553940270854156,34.69404272739139,34.502323428292705,34.53919219970703,2684200,0.0,0.0
2017-09-01 00:00:00-04:00,34.620299097899924,34.66454049065617,34.02301497953244,34.30322265625,2858100,0.0,0.0
2017-09-05 00:00:00-04:00,34.34010105242623,34.34010105242623,33.97878311668253,34.192623138427734,3242800,0.0,0.0
2017-09-06 00:00:00-04:00,34.29583831981661,34.29583831981661,33.831286938933246,33.84603500366211,2182900,0.0,0.0
2017-09-07 00:00:00-04:00,34.00235851869991,34.28521605961983,33.89070340426882,34.270328521728516,2008900,0.43,0.0
2017-09-08 00:00:00-04:00,34.25544834181911,34.642515891611815,34.19589817746264,34.575523376464844,2043400,0.0,0.0
2017-09-11 00:00:00-04:00,34.56807160164495,34.86581668769663,34.4713068622596,34.7913818359375,1794700,0.0,0.0
2017-09-12 00:00:00-04:00,34.70948947667035,34.72437700964001,33.94279714601912,34.12144470214844,1781600,0.0,0.0
2017-09-13 00:00:00-04:00,34.04701641901177,34.12145125865629,33.838593756894284,33.85348129272461,3114300,0.0,0.0
2017-09-14 00:00:00-04:00,33.80881731439445,34.10656233991419,33.74927001299471,34.0916748046875,2385000,0.0,0.0
2017-09-15 00:00:00-04:00,34.09167984538458,34.43408468770436,33.96514003650844,34.1065673828125,3490100,0.0,0.0
2017-09-18 00:00:00-04:00,34.09912396222331,34.21077623016265,33.726944056744145,33.942806243896484,1773500,0.0,0.0
2017-09-19 00:00:00-04:00,34.01725527445906,34.143795121563244,33.86094034350392,33.93537521362305,1694200,0.0,0.0
2017-09-20 00:00:00-04:00,34.00235905447391,34.12889886928268,33.53341154178466,33.667396545410156,2788800,0.0,0.0
2017-09-21 00:00:00-04:00,33.84605727438359,34.590417431976306,33.82372453878992,34.404327392578125,4246400,0.0,0.0
2017-09-22 00:00:00-04:00,34.68716447632308,34.70949720050051,34.322429775675836,34.38197708129883,4037700,0.0,0.0
2017-09-25 00:00:00-04:00,34.59040204744025,34.76160446680101,34.3298744044507,34.61273193359375,3290700,0.0,0.0
2017-09-26 00:00:00-04:00,34.57551844526645,34.70205826721452,34.396870817184066,34.62017822265625,2042000,0.0,0.0
2017-09-27 00:00:00-04:00,34.359645717207854,34.53829330539923,34.12889317402464,34.352203369140625,3359800,0.0,0.0
2017-09-28 00:00:00-04:00,34.22566454738948,34.5085220770642,34.039574590407476,34.30010223388672,2142000,0.0,0.0
2017-09-29 00:00:00-04:00,34.38198075795836,34.81371083779802,34.34476333302572,34.42664337158203,3635600,0.0,0.0
2017-10-02 00:00:00-04:00,34.56807065806964,34.7318307348788,34.27777076882249,34.68716812133789,2324300,0.0,0.0
2017-10-03 00:00:00-04:00,34.642508411501865,34.642508411501865,34.3149882572766,34.42664337158203,2081400,0.0,0.0
2017-10-04 00:00:00-04:00,34.4489727494898,34.98491274702275,34.3968677874527,34.97747039794922,1888500,0.0,0.0
2017-10-05 00:00:00-04:00,34.932810137944934,35.327319974086535,34.7839375908796,35.31987762451172,4099800,0.0,0.0
2017-10-06 00:00:00-04:00,35.12635011794679,35.46875790268379,34.96259283603774,35.43153762817383,4711400,0.0,0.0
2017-10-09 00:00:00-04:00,35.453863827000504,35.51341114412759,35.32732116390536,35.4389762878418,2321600,0.0,0.0
2017-10-10 00:00:00-04:00,35.46874610829138,35.95257828144149,35.38686607481021,35.88558578491211,3366100,0.0,0.0
2017-10-11 00:00:00-04:00,35.81859191509004,36.02701458491677,35.721827187874396,36.019569396972656,3759500,0.0,0.0
2017-10-12 00:00:00-04:00,36.00468275510282,36.495960109852255,35.945135447606646,36.48851776123047,3067300,0.0,0.0
2017-10-13 00:00:00-04:00,36.592725371578,36.719268006227416,36.09400569965419,36.205657958984375,5255800,0.0,0.0
2017-10-16 00:00:00-04:00,36.09401466817018,36.28754700280168,35.78138201744813,36.1758918762207,2683500,0.0,0.0
2017-10-17 00:00:00-04:00,36.13123209719457,36.257771923779046,35.88559195451954,36.1758918762207,3620400,0.0,0.0
2017-10-18 00:00:00-04:00,36.09401072435129,36.30987292490964,36.00468549704352,36.220550537109375,2416300,0.0,0.0
2017-10-19 00:00:00-04:00,36.2800968381853,36.44385405852139,36.18332927195905,36.4289665222168,2441700,0.0,0.0
2017-10-20 00:00:00-04:00,36.42897400910442,36.48852416656155,36.26521675511292,36.473636627197266,4128100,0.0,0.0
2017-10-23 00:00:00-04:00,36.55552692110091,36.55552692110091,36.24289418583017,36.45875930786133,2541700,0.0,0.0
2017-10-24 00:00:00-04:00,36.428978891391424,36.56296392411911,36.257776425018974,36.5331916809082,2763200,0.0,0.0
2017-10-25 00:00:00-04:00,36.36198268215167,36.674615339935094,35.960030464298534,36.592735290527344,3152400,0.0,0.0
2017-10-26 00:00:00-04:00,36.801135881201866,36.80858106697744,36.495948573050654,36.7415885925293,2468300,0.0,0.0
2017-10-27 00:00:00-04:00,36.64483991486612,36.95002738009545,36.481079817594036,36.838375091552734,2402900,0.0,0.0
2017-10-30 00:00:00-04:00,36.81604505331307,36.92025499937333,36.629955052631736,36.88303756713867,3225800,0.0,0.0
2017-10-31 00:00:00-04:00,36.220557733162664,36.99469281991819,35.97492040803352,36.62251281738281,3308500,0.0,0.0
2017-11-01 00:00:00-04:00,37.1733388952067,37.35942890280296,36.68950657916131,36.85326385498047,4265700,0.0,0.0
2017-11-02 00:00:00-04:00,36.91280729324036,37.151002232393346,36.600174660909786,37.06167984008789,2976400,0.0,0.0
2017-11-03 00:00:00-04:00,36.98725187111976,37.634847194237736,36.9351468919505,37.44875717163086,2412500,0.0,0.0
2017-11-06 00:00:00-05:00,37.433859818891605,37.52318221127208,36.87558989737526,36.95746994018555,3154200,0.0,0.0
2017-11-07 00:00:00-05:00,37.03935970215367,37.25522482648031,36.88304475261036,37.180789947509766,2563100,0.0,0.0
2017-11-08 00:00:00-05:00,37.0988932632276,37.426410559340525,36.987238155264805,37.36686325073242,2503600,0.0,0.0
2017-11-09 00:00:00-05:00,37.25521572892208,37.59017828151039,37.14356343773126,37.418975830078125,1991900,0.0,0.0
2017-11-10 00:00:00-05:00,37.17333052062089,37.61994814194067,37.17333052062089,37.500850677490234,3590000,0.0,0.0
2017-11-13 00:00:00-05:00,37.60506435514131,37.98468667359921,37.538071847236054,37.70927429199219,3611000,0.0,0.0
2017-11-14 00:00:00-05:00,37.68693869368022,38.505733364483625,37.493403549267306,38.498291015625,3483400,0.0,0.0
2017-11-15 00:00:00-05:00,38.572722200500515,38.79602955865656,38.074002528602236,38.19309997558594,3771300,0.0,0.0
2017-11-16 00:00:00-05:00,38.170771053763936,38.252651089127724,37.96979355955484,38.245208740234375,2959300,0.0,0.0
2017-11-17 00:00:00-05:00,38.02191147299312,38.3643164033086,37.97724884923138,38.33454132080078,5639700,0.0,0.0
2017-11-20 00:00:00-05:00,38.356859753048234,38.43129743707804,38.155882265428716,38.386634826660156,3676800,0.0,0.0
2017-11-21 00:00:00-05:00,38.44620160110778,38.54296637293442,38.26755392168195,38.40898132324219,2440500,0.0,0.0
2017-11-22 00:00:00-05:00,38.35685212708694,38.39407238145551,38.081439849701326,38.28241729736328,2539700,0.0,0.0
2017-11-24 00:00:00-05:00,38.28986713175175,38.55039476574172,38.20054475071587,38.37919235229492,1991300,0.0,0.0
2017-11-27 00:00:00-05:00,38.401527280022094,38.51318240060838,38.20054976667138,38.39408493041992,3549200,0.0,0.0
2017-11-28 00:00:00-05:00,38.490848222056634,38.736488342285156,38.490848222056634,38.736488342285156,2845100,0.0,0.0
2017-11-29 00:00:00-05:00,38.60250925834566,39.294764271232154,38.53551674614671,39.2277717590332,3820200,0.0,0.0
2017-11-30 00:00:00-05:00,39.197986302905704,39.59994126970651,39.04911377747867,39.495731353759766,4383500,0.0,0.0
2017-12-01 00:00:00-05:00,39.52550371318267,39.6594887025432,39.12355158460833,39.503173828125,3485800,0.0,0.0
2017-12-04 00:00:00-05:00,39.59249375664041,39.59249375664041,39.07144420750525,39.36918640136719,5120000,0.0,0.0
2017-12-05 00:00:00-05:00,39.42875190160078,39.48829922776441,39.04168434325855,39.212886810302734,4876400,0.0,0.0
2017-12-06 00:00:00-05:00,39.287317959930945,39.38408555023595,38.83325792793196,39.272430419921875,4895000,0.0,0.0
2017-12-07 00:00:00-05:00,39.264916214204256,39.264916214204256,38.747088644944455,39.0097541809082,4744100,0.43,0.0
2017-12-08 00:00:00-05:00,38.994742373629435,39.0172586061921,38.7020571158701,38.97222900390625,4213500,0.0,0.0
2017-12-11 00:00:00-05:00,38.8971875443426,39.347472173895206,38.75459521680705,39.32495880126953,4183100,0.0,0.0
2017-12-12 00:00:00-05:00,39.159862456914674,39.43003444432982,38.98725321225289,39.03227996826172,4230100,0.0,0.0
2017-12-13 00:00:00-05:00,39.039771185363556,39.36247617144538,38.9347049783303,39.159847259521484,3326100,0.0,0.0
2017-12-14 00:00:00-05:00,39.12233247991002,39.14484585404386,38.799627424071474,38.979740142822266,4244500,0.0,0.0
2017-12-15 00:00:00-05:00,39.12982475222271,39.332453649786714,38.94971208516974,39.249900817871094,5502600,0.0,0.0
2017-12-18 00:00:00-05:00,39.317449314487824,39.49005850421076,38.97973443770833,39.00225067138672,2947500,0.0,0.0
2017-12-19 00:00:00-05:00,39.10732713871033,39.10732713871033,38.506946568608576,38.51445007324219,3204300,0.0,0.0
2017-12-20 00:00:00-05:00,38.514443213146734,38.664539044647576,38.15421493524864,38.259281158447266,3556800,0.0,0.0
2017-12-21 00:00:00-05:00,38.206752822694945,38.551971274311306,38.05665697243211,38.28179931640625,2847200,0.0,0.0
2017-12-22 00:00:00-05:00,38.319316870975335,38.60449577368176,38.25177389657864,38.326820373535156,2277600,0.0,0.0
2017-12-26 00:00:00-05:00,38.431893227053855,38.65703555966531,38.21425439829875,38.2442741394043,1246600,0.0,0.0
2017-12-27 00:00:00-05:00,38.39437191981343,38.43940153374435,38.169229575839296,38.28179931640625,2341400,0.0,0.0
2017-12-28 00:00:00-05:00,38.37935744532738,38.55196665043301,38.236767979241826,38.52945327758789,1509400,0.0,0.0
2017-12-29 00:00:00-05:00,38.52946382140977,38.78462594722735,38.45441731616252,38.649539947509766,2313200,0.0,0.0
2018-01-02 00:00:00-05:00,38.649537853166166,38.897196460175145,38.25178624379595,38.27429962158203,2999500,0.0,0.0
2018-01-03 00:00:00-05:00,38.124200793821274,38.57448835443555,37.98911481192101,38.07917404174805,2553700,0.0,0.0
2018-01-04 00:00:00-05:00,36.0228612289816,37.193605249545826,36.0228612289816,36.96095657348633,8168700,0.0,0.0
2018-01-05 00:00:00-05:00,37.08103478996649,37.358710226271675,36.968462197033055,37.268653869628906,5762000,0.0,0.0
2018-01-08 00:00:00-05:00,37.31368260432937,37.45627207090657,37.16358677155134,37.3812255859375,3194200,0.0,0.0
2018-01-09 00:00:00-05:00,37.396227698617196,37.47877766982435,36.960950160131965,37.246131896972656,5176000,0.0,0.0
2018-01-10 00:00:00-05:00,37.07353591918945,37.18610566334979,36.81086745713468,37.07353591918945,3457600,0.0,0.0
2018-01-11 00:00:00-05:00,37.1185572642734,37.74145397001004,36.93093818849825,37.5238151550293,4552000,0.0,0.0
2018-01-12 00:00:00-05:00,37.441266156247075,37.68141836892313,37.17109420127645,37.5988655090332,2851500,0.0,0.0
2018-01-16 00:00:00-05:00,37.681429710474276,37.81651572861847,37.04352574033639,37.18611526489258,3476300,0.0,0.0
2018-01-17 00:00:00-05:00,37.30618025462421,37.839017798655235,37.261153503931006,37.72644805908203,2996300,0.0,0.0
2018-01-18 00:00:00-05:00,37.82401537685553,37.8465287549321,37.20111853022526,37.32870101928711,2745500,0.0,0.0
2018-01-19 00:00:00-05:00,37.463778437830385,37.64389402349923,37.23113259893992,37.373722076416016,2690100,0.0,0.0
2018-01-22 00:00:00-05:00,37.666402729918985,37.846518293265035,37.43375691986172,37.5538330078125,3403700,0.0,0.0
2018-01-23 00:00:00-05:00,37.666401227088805,38.34933448684334,37.59885825138387,38.06415557861328,2745500,0.0,0.0
2018-01-24 00:00:00-05:00,37.96659842808748,38.011628039433646,37.613873629642626,37.83901596069336,2499200,0.0,0.0
2018-01-25 00:00:00-05:00,37.801492115134174,38.37935923544452,37.71893926039841,38.364349365234375,2678400,0.0,0.0
2018-01-26 00:00:00-05:00,38.43189238919081,38.52945511423682,38.04164435184681,38.42438888549805,2883300,0.0,0.0
2018-01-29 00:00:00-05:00,38.20673926895939,38.22925263651818,37.681405410820325,38.04163360595703,3219700,0.0,0.0
2018-01-30 00:00:00-05:00,38.01163022134142,38.416885295358774,37.89905761793423,38.28179931640625,3115500,0.0,0.0
2018-01-31 00:00:00-05:00,38.29679643182735,38.97972960335379,38.13919712982262,38.92719650268555,5998400,0.0,0.0
2018-02-01 00:00:00-05:00,38.949726527577035,38.987249775223276,37.91406828806714,38.02663803100586,4298800,0.0,0.0
2018-02-02 00:00:00-05:00,37.801488686718585,38.034137359615606,37.5538330078125,37.5538330078125,3781300,0.0,0.0
2018-02-05 00:00:00-05:00,37.14857347584138,37.64388767433901,36.65325927734375,36.65325927734375,4792700,0.0,0.0
2018-02-06 00:00:00-05:00,36.22550180883151,36.27053143046137,34.95719752608476,35.74519729614258,4905800,0.0,0.0
2018-02-07 00:00:00-05:00,35.715165201733,36.38308861271889,35.67764196143352,35.7977180480957,3300000,0.0,0.0
2018-02-08 00:00:00-05:00,35.63261662942137,36.12793090416967,35.03223612409617,35.069759368896484,5313800,0.0,0.0
2018-02-09 00:00:00-05:00,35.03223919703053,35.73018249033031,34.67201086223714,35.45250701904297,5032000,0.0,0.0
2018-02-12 00:00:00-05:00,35.5200425892363,35.91028772326162,35.11478472370263,35.73767852783203,5126800,0.0,0.0
2018-02-13 00:00:00-05:00,35.61760550784689,36.135436001558375,35.33242656710952,36.05288314819336,2519100,0.0,0.0
2018-02-14 00:00:00-05:00,35.7451848935862,36.105413153114,35.55005946373382,35.73767852783203,2315100,0.0,0.0
2018-02-15 00:00:00-05:00,35.79021220004405,36.48065185546875,35.73017558726438,36.48065185546875,2704500,0.0,0.0
2018-02-16 00:00:00-05:00,36.5632089229137,37.276159169720124,36.420616583280335,37.096046447753906,2480800,0.0,0.0
2018-02-20 00:00:00-05:00,36.91593650570371,37.14858524188152,36.668280759434914,36.99098587036133,4765500,0.0,0.0
2018-02-21 00:00:00-05:00,37.00598577041798,37.231128078035354,36.39809896329527,36.42061233520508,2741900,0.0,0.0
2018-02-22 00:00:00-05:00,36.53318623034488,37.118556823706705,36.338060790664365,36.908424377441406,2805100,0.0,0.0
2018-02-23 00:00:00-05:00,36.780845405370236,37.94408606191006,36.435626964398224,37.92156982421875,2637500,0.0,0.0
2018-02-26 00:00:00-05:00,37.96659740905138,38.16171999396751,37.628882490119636,37.748958587646484,2619200,0.0,0.0
2018-02-27 00:00:00-05:00,37.73394988579072,37.83151261268918,36.60823536306102,36.61574172973633,4038000,0.0,0.0
2018-02-28 00:00:00-05:00,36.75082366667006,36.98346947694136,36.338059430047245,36.34556579589844,2961900,0.0,0.0
2018-03-01 00:00:00-05:00,36.37558736754299,36.78834876213591,35.970329476339806,36.240501403808594,3615300,0.0,0.0
2018-03-02 00:00:00-05:00,36.22548928575723,36.458137956157586,35.3324235701347,35.7977180480957,3558300,0.0,0.0
2018-03-05 00:00:00-05:00,35.75270377744186,36.225504823965174,35.460018369588695,36.075408935546875,4358200,0.0,0.0
2018-03-06 00:00:00-05:00,36.03787089199952,36.067890629933586,35.33242422758745,35.414974212646484,3251300,0.0,0.0
2018-03-07 00:00:00-05:00,35.38466474696213,35.490742506845606,34.99823531835555,35.1422004699707,3288400,0.45,0.0
2018-03-08 00:00:00-05:00,35.301316093258684,35.62712799803424,35.12704507983954,35.4831657409668,3245000,0.0,0.0
2018-03-09 00:00:00-05:00,35.54378642186705,35.695327339054295,35.043703418430944,35.649864196777344,2587400,0.0,0.0
2018-03-12 00:00:00-04:00,35.695331869688445,36.13479740586782,35.64986872164108,36.05145263671875,3133500,0.0,0.0
2018-03-13 00:00:00-04:00,36.11205811120248,36.430294285954474,35.76351606918067,35.90747833251953,2743400,0.0,0.0
2018-03-14 00:00:00-04:00,36.00597729473932,36.77125457341215,35.983247173614984,36.71063995361328,3770200,0.0,0.0
2018-03-15 00:00:00-04:00,36.66518997286264,37.203157562056646,36.66518997286264,36.8621940612793,3573100,0.0,0.0
2018-03-16 00:00:00-04:00,36.94553072795239,37.40772919123373,36.81672283642933,37.34711456298828,6025700,0.0,0.0
2018-03-19 00:00:00-04:00,37.28650109576781,37.69566071989142,37.0440367756359,37.35469436645508,2758200,0.0,0.0
2018-03-20 00:00:00-04:00,37.26376930948903,37.498657873707394,36.983420493772165,37.11222839355469,3927400,0.0,0.0
2018-03-21 00:00:00-04:00,37.14254461988327,37.4228934919458,36.5591138550374,36.665191650390625,3127800,0.0,0.0
2018-03-22 00:00:00-04:00,36.627294607488665,37.271339796344186,36.521216848420906,36.56667709350586,2405900,0.0,0.0
2018-03-23 00:00:00-04:00,36.72580841906478,37.11223507842028,36.24845545952899,36.29391860961914,2781100,0.0,0.0
2018-03-26 00:00:00-04:00,36.35452924340293,36.75611024183447,36.29391460703721,36.69549560546875,1738500,0.0,0.0
2018-03-27 00:00:00-04:00,36.75611069933378,37.862357453405856,36.68791742607183,37.369850158691406,3485600,0.0,0.0
2018-03-28 00:00:00-04:00,37.483497934997445,37.61230581568026,37.30922691915486,37.400150299072266,2801700,0.0,0.0
2018-03-29 00:00:00-04:00,37.58958358987069,38.195744400661845,37.48350580928258,38.06693649291992,3650800,0.0,0.0
2018-04-02 00:00:00-04:00,38.17299701733342,38.19572713421204,37.513794723839105,37.78656768798828,3259300,0.0,0.0
2018-04-03 00:00:00-04:00,37.77142988544923,38.339706179956906,37.53654420024378,38.112396240234375,2691500,0.0,0.0
2018-04-04 00:00:00-04:00,38.04419222063008,38.286656473217576,37.710804595922745,38.16542434692383,2223500,0.0,0.0
2018-04-05 00:00:00-04:00,38.18058703325412,38.49882324053416,37.680504042159086,38.43820571899414,1926400,0.0,0.0
2018-04-06 00:00:00-04:00,38.468507481398326,38.62762411088986,37.839613816643215,37.960845947265625,3382900,0.0,0.0
2018-04-09 00:00:00-04:00,37.983589497609714,38.453363772812075,37.83962431540051,38.11997604370117,2340200,0.0,0.0
2018-04-10 00:00:00-04:00,38.119968270113354,38.26393053256236,37.688078592364135,37.77142333984375,2793000,0.0,0.0
2018-04-11 00:00:00-04:00,37.70323886134695,37.824471029117085,37.46077452580668,37.77901077270508,2294600,0.0,0.0
2018-04-12 00:00:00-04:00,37.90023801082763,37.96085264162717,37.36227051697074,37.46076965332031,4628400,0.0,0.0
2018-04-13 00:00:00-04:00,37.66535195433261,38.19574373848075,37.63504319171781,37.79416275024414,3278400,0.0,0.0
2018-04-16 00:00:00-04:00,38.11239971556256,38.34728831258933,37.892665501286196,38.19574737548828,3034300,0.0,0.0
2018-04-17 00:00:00-04:00,38.2639284258693,38.66550932402403,38.15027203676036,38.54427719116211,2088900,0.0,0.0
2018-04-18 00:00:00-04:00,38.61247792566275,38.93071414256793,38.21089694972305,38.226051330566406,1720100,0.0,0.0
2018-04-19 00:00:00-04:00,38.021466607606705,38.248776510054604,37.74869356850834,37.90781021118164,2182200,0.0,0.0
2018-04-20 00:00:00-04:00,37.983586330536674,38.04420096241061,37.369846924298734,37.51380920410156,2157800,0.0,0.0
2018-04-23 00:00:00-04:00,37.52895959789956,37.73353937824598,37.142533050846694,37.415306091308594,2544300,0.0,0.0
2018-04-24 00:00:00-04:00,37.55927343146543,37.95327866644372,37.33953924246554,37.83204650878906,3030100,0.0,0.0
2018-04-25 00:00:00-04:00,37.68050927518366,38.15786220719666,37.47592944717808,38.14270782470703,3422700,0.0,0.0
2018-04-26 00:00:00-04:00,38.19575049114217,38.847374550548004,37.99874928012336,38.771602630615234,3218800,0.0,0.0
2018-04-27 00:00:00-04:00,38.604899477126104,39.23379034087265,38.52155183352541,39.04436492919922,3027400,0.0,0.0
2018-04-30 00:00:00-04:00,39.11255725418175,39.635373227708584,38.8776715992023,39.51414108276367,3304900,0.0,0.0
2018-05-01 00:00:00-04:00,39.36260779564072,39.66568677144757,39.09741044010647,39.29441452026367,3188900,0.0,0.0
2018-05-02 00:00:00-04:00,39.30199062281471,39.38533828129872,38.63521513574841,38.9913330078125,3542700,0.0,0.0
2018-05-03 00:00:00-04:00,38.9231433970576,39.48384404031085,38.63521877387652,39.30199432373047,2240800,0.0,0.0
2018-05-04 00:00:00-04:00,39.302001471890634,39.582353289708614,39.27169558895126,39.47627258300781,1496500,0.0,0.0
2018-05-07 00:00:00-04:00,39.476258912657876,39.58233958262369,39.27168198944487,39.309566497802734,1619800,0.0,0.0
2018-05-08 00:00:00-04:00,39.15802718742953,39.15802718742953,38.62763537735712,38.703407287597656,3453800,0.0,0.0
2018-05-09 00:00:00-04:00,38.77916927746432,38.86251691841805,38.14269979883856,38.31697082519531,2183600,0.0,0.0
2018-05-10 00:00:00-04:00,38.536707433512014,38.77917173689907,38.33212763557872,38.74128723144531,1557300,0.0,0.0
2018-05-11 00:00:00-04:00,38.839787782555334,38.92313543183162,38.627632231963034,38.75644302368164,1736900,0.0,0.0
2018-05-14 00:00:00-04:00,38.824641793712466,38.862526305914784,38.38517335903717,38.559444427490234,1685000,0.0,0.0
2018-05-15 00:00:00-04:00,38.392745580267935,38.47609323370224,37.869932422911084,38.06693649291992,2606000,0.0,0.0
2018-05-16 00:00:00-04:00,38.06691928469795,38.097225143735635,37.69564433007236,37.78656768798828,1923400,0.0,0.0
2018-05-17 00:00:00-04:00,37.87750873510589,37.92296898662452,37.385001480701945,37.55169677734375,2547300,0.0,0.0
2018-05-18 00:00:00-04:00,37.695650593057714,37.87750022950458,37.45318633806316,37.68049621582031,2582700,0.0,0.0
2018-05-21 00:00:00-04:00,37.68051424253939,38.006326283010274,37.415319740018106,37.93055725097656,1838300,0.0,0.0
2018-05-22 00:00:00-04:00,37.88507949197955,38.430625561592755,37.877503747858114,38.29423904418945,2757300,0.0,0.0
2018-05-23 00:00:00-04:00,38.301824834475035,39.06710525956321,38.301824834475035,38.90798568725586,3430600,0.0,0.0
2018-05-24 00:00:00-04:00,38.976186480656686,39.42323073774851,38.90799319091714,39.34746170043945,2332600,0.0,0.0
2018-05-25 00:00:00-04:00,39.42323096512373,39.953622900556674,39.3853464462507,39.703582763671875,1910600,0.0,0.0
2018-05-29 00:00:00-04:00,39.72629722863859,40.127878173033224,39.55202619823333,39.877838134765625,2582400,0.0,0.0
2018-05-30 00:00:00-04:00,39.76418503281905,40.05968823457091,39.48383621197788,39.923301696777344,4021100,0.0,0.0
2018-05-31 00:00:00-04:00,39.80964439679273,40.40822937913501,39.65810349247283,40.14303207397461,5552600,0.0,0.0
2018-06-01 00:00:00-04:00,40.158185080983735,40.27184147793987,39.49898549368399,39.81721878051758,3769500,0.0,0.0
2018-06-04 00:00:00-04:00,40.059688070636845,40.218807624346596,39.43079716263129,39.60506820678711,3725400,0.0,0.0
2018-06-05 00:00:00-04:00,39.60506411989427,39.76418076678199,39.188328805968325,39.37775421142578,2558100,0.0,0.0
2018-06-06 00:00:00-04:00,39.40049109553813,39.423221223164354,38.52913292476415,38.65794372558594,2705200,0.0,0.0
2018-06-07 00:00:00-04:00,38.78025233735508,39.063095863326275,38.50505196997854,38.84905242919922,3308500,0.45,0.0
2018-06-08 00:00:00-04:00,38.902565002441406,39.032522033263156,38.68852155887994,38.902565002441406,2439400,0.0,0.0
2018-06-11 00:00:00-04:00,39.02487656903672,39.10132274016466,38.650300536941195,38.84141159057617,2865100,0.0,0.0
2018-06-12 00:00:00-04:00,38.87963102934928,39.74345375966496,38.83376332925464,39.69758605957031,2671700,0.0,0.0
2018-06-13 00:00:00-04:00,39.68229863780997,40.02629911391662,39.460609118083106,39.58292007446289,2830000,0.0,0.0
2018-06-14 00:00:00-04:00,39.582908528049565,39.94984129015389,39.46059760734812,39.91926574707031,2171800,0.0,0.0
2018-06-15 00:00:00-04:00,39.850477877351565,40.186832283268814,39.45296653429122,40.156253814697266,4402500,0.0,0.0
2018-06-18 00:00:00-04:00,40.16389546186054,40.5461175284954,40.064516908021055,40.40087127685547,2044600,0.0,0.0
2018-06-19 00:00:00-04:00,40.37029430808102,40.7066486650869,39.87340447248059,40.40851593017578,3776700,0.0,0.0
2018-06-20 00:00:00-04:00,40.431448167904705,40.56904833982579,40.209758678018204,40.561405181884766,3126500,0.0,0.0
2018-06-21 00:00:00-04:00,40.47731519141126,40.82895877331263,40.43909357009551,40.607269287109375,3840900,0.0,0.0
2018-06-22 00:00:00-04:00,40.68372298347556,40.93598806379576,40.50025508459633,40.775455474853516,4112200,0.0,0.0
2018-06-25 00:00:00-04:00,40.90540459779887,41.601048647695016,40.821318192045986,41.46345138549805,2987500,0.0,0.0
2018-06-26 00:00:00-04:00,41.35642369395798,41.55518078842306,41.01242618975483,41.06593704223633,2730400,0.0,0.0
2018-06-27 00:00:00-04:00,41.004779598769815,41.47873410739558,40.951268746963166,41.32584762573242,3004800,0.0,0.0
2018-06-28 00:00:00-04:00,41.37172107057733,41.64692146101798,41.22647771612179,41.42523193359375,3033700,0.0,0.0
2018-06-29 00:00:00-04:00,41.40993724310245,41.662205206477005,41.142382963271494,41.38700485229492,3395800,0.0,0.0
2018-07-02 00:00:00-04:00,41.42522272620292,41.53989050210763,40.828957290192854,41.21882247924805,3273600,0.0,0.0
2018-07-03 00:00:00-04:00,40.760175837554904,41.24177663390144,40.653154086394345,40.890132904052734,3419900,0.0,0.0
2018-07-05 00:00:00-04:00,40.913058880332294,40.92834811611555,40.546125969904814,40.836612701416016,4399700,0.0,0.0
2018-07-06 00:00:00-04:00,40.85190466967048,40.905415540429296,40.660793583782215,40.72195053100586,2732000,0.0,0.0
2018-07-09 00:00:00-04:00,40.76015977763688,40.76015977763688,39.08602822384153,39.28478240966797,4095700,0.0,0.0
2018-07-10 00:00:00-04:00,39.11660868616191,40.026299159129636,38.879632848227715,39.78167724609375,3481400,0.0,0.0
2018-07-11 00:00:00-04:00,39.751097305447715,40.27091958042419,39.66700797918342,40.22505187988281,2397900,0.0,0.0
2018-07-12 00:00:00-04:00,40.28620808758604,40.370297412334224,39.85047514673004,40.00336456298828,2562000,0.0,0.0
2018-07-13 00:00:00-04:00,40.041588393209786,40.09509925442868,39.445319928576986,39.78167724609375,3426800,0.0,0.0
2018-07-16 00:00:00-04:00,39.78931517231408,39.79696124641023,39.43002842511233,39.60585021972656,1970000,0.0,0.0
2018-07-17 00:00:00-04:00,39.728174760075746,39.87341814027143,39.52941759125655,39.55235290527344,2391600,0.0,0.0
2018-07-18 00:00:00-04:00,39.38415670844165,39.62877856433512,39.154824083056845,39.55997848510742,3387900,0.0,0.0
2018-07-19 00:00:00-04:00,39.72817501219941,40.293862215392664,39.590574791720215,39.88106155395508,2349800,0.0,0.0
2018-07-20 00:00:00-04:00,39.41474550816938,39.59821049015211,39.139545119071975,39.26185607910156,1849800,0.0,0.0
2018-07-23 00:00:00-04:00,39.384169124166334,39.452969225083024,38.933146888406554,39.00959014892578,3030600,0.0,0.0
2018-07-24 00:00:00-04:00,38.933133611167705,39.20833392098382,38.59677929701604,39.10895538330078,4768600,0.0,0.0
2018-07-25 00:00:00-04:00,39.09366543163518,39.66699842779594,39.03251142842836,39.322998046875,3222100,0.0,0.0
2018-07-26 00:00:00-04:00,39.50648069854156,40.064524674064046,39.50648069854156,39.59821319580078,3854400,0.0,0.0
2018-07-27 00:00:00-04:00,39.796957769938864,39.812247000672706,39.17775704776998,39.31535720825195,2623000,0.0,0.0
2018-07-30 00:00:00-04:00,39.29242118100924,39.31535356692474,38.849042279160706,38.994285583496094,3389900,0.0,0.0
2018-07-31 00:00:00-04:00,39.193059598707315,39.54470327672795,39.024880919600236,39.41474914550781,3856300,0.0,0.0
2018-08-01 00:00:00-04:00,39.300071508936895,39.43767168178332,38.22984859038088,38.635005950927734,3612700,0.0,0.0
2018-08-02 00:00:00-04:00,38.63501236189071,39.14718859993454,38.428612068371706,39.13954544067383,3028300,0.0,0.0
2018-08-03 00:00:00-04:00,39.12424619826283,39.45295736873393,38.94077834557933,39.31535720825195,2280900,0.0,0.0
2018-08-06 00:00:00-04:00,39.25421395886929,39.621149792052286,39.20834916681412,39.29243850708008,2215800,0.0,0.0
2018-08-07 00:00:00-04:00,39.246558921365214,39.4758915606069,39.001937050691055,39.384159088134766,1896100,0.0,0.0
2018-08-08 00:00:00-04:00,39.23127732135226,39.35358828048174,39.078387893409584,39.20069885253906,2411900,0.0,0.0
2018-08-09 00:00:00-04:00,39.21597197561333,39.82752652001211,39.13952875110926,39.73579406738281,2393500,0.0,0.0
2018-08-10 00:00:00-04:00,39.804610635624144,39.99572169222542,39.20834507218762,39.23127746582031,2273200,0.0,0.0
2018-08-13 00:00:00-04:00,39.231265759378196,39.57526614183691,39.20833337258843,39.537044525146484,2149600,0.0,0.0
2018-08-14 00:00:00-04:00,39.506470699042154,39.88104666911361,39.33829206653176,39.774024963378906,1855200,0.0,0.0
2018-08-15 00:00:00-04:00,39.86576109353061,40.76780536735651,39.81989339759744,40.362648010253906,4113900,0.0,0.0
2018-08-16 00:00:00-04:00,40.293838824890294,41.15001812555557,40.240327983113986,41.12708282470703,3740700,0.0,0.0
2018-08-17 00:00:00-04:00,41.03536417602927,41.547540381387684,40.87483159668915,41.134742736816406,3010100,0.0,0.0
2018-08-20 00:00:00-04:00,41.24939460296784,41.26468383181386,40.81366178728398,40.94361877441406,2279900,0.0,0.0
2018-08-21 00:00:00-04:00,40.91305635761335,40.920699516971915,40.23270144588901,40.34736633300781,2605400,0.0,0.0
2018-08-22 00:00:00-04:00,40.3932273870059,40.40851661932913,39.850472762084394,39.9957160949707,2282100,0.0,0.0
2018-08-23 00:00:00-04:00,40.04922111536321,40.20975365718513,39.881042500432166,40.064510345458984,1522100,0.0,0.0
2018-08-24 00:00:00-04:00,40.11038513138882,40.385585489551545,39.888695629966286,40.32442855834961,2202200,0.0,0.0
2018-08-27 00:00:00-04:00,40.347370752722064,40.48497096523626,39.87341608524187,40.087459564208984,2351300,0.0,0.0
2018-08-28 00:00:00-04:00,40.018653038823565,40.102742368107776,39.452965959113286,39.58292007446289,2487000,0.0,0.0
2018-08-29 00:00:00-04:00,39.69758164732545,40.02629283782758,39.67464925788853,39.942203521728516,2105700,0.0,0.0
2018-08-30 00:00:00-04:00,40.09509314778836,40.34735818138175,39.85047127200935,39.98807144165039,2096500,0.0,0.0
2018-08-31 00:00:00-04:00,39.9880745052089,40.240339558128774,39.812252700780384,40.01865005493164,2380800,0.0,0.0
2018-09-04 00:00:00-04:00,40.13330985289361,40.31677769531499,40.07215293337901,40.30913162231445,2247300,0.0,0.0
2018-09-05 00:00:00-04:00,40.40851764698725,40.60727183999806,40.25562823598965,40.46202850341797,3519000,0.0,0.0
2018-09-06 00:00:00-04:00,40.5005811745787,41.08654212882465,40.43890277689014,40.92463302612305,3317800,0.45,0.0
2018-09-07 00:00:00-04:00,40.61623220201847,40.801270336156335,40.43890276466631,40.48516082763672,2604000,0.0,0.0
2018-09-10 00:00:00-04:00,40.66247522584806,40.762702945383666,40.33865422260289,40.51598358154297,2028300,0.0,0.0
2018-09-11 00:00:00-04:00,40.51600075140125,40.80126958527192,40.438902020450705,40.67790985107422,2257700,0.0,0.0
2018-09-12 00:00:00-04:00,40.80126793808164,41.20218779332062,40.70104018011785,41.10966873168945,2740100,0.0,0.0
2018-09-13 00:00:00-04:00,41.10966169488273,41.510581481495635,40.91691196715312,41.41035079956055,2308500,0.0,0.0
2018-09-14 00:00:00-04:00,41.27158351521163,41.35639389220355,40.68562545592041,41.07112503051758,2644100,0.0,0.0
2018-09-17 00:00:00-04:00,41.071111561262356,41.36409196538933,40.97088088122177,41.27928161621094,2028100,0.0,0.0
2018-09-18 00:00:00-04:00,41.05569078965095,41.24844051166809,40.770422024581244,40.93233108520508,2060300,0.0,0.0
2018-09-19 00:00:00-04:00,41.009430133895144,41.02485046471827,39.77583307931918,40.022552490234375,3329200,0.0,0.0
2018-09-20 00:00:00-04:00,40.0379716108069,40.28469101426436,39.59850248957783,40.23843002319336,2363000,0.0,0.0
2018-09-21 00:00:00-04:00,40.12279140790086,40.4234805678698,39.85293997478229,40.19989013671875,4304200,0.0,0.0
2018-09-24 00:00:00-04:00,40.27698484106102,40.35408355654527,40.05339444857826,40.1304931640625,2313000,0.0,0.0
2018-09-25 00:00:00-04:00,40.06881374641663,40.07652244131524,39.29781484695048,39.482852935791016,1746700,0.0,0.0
2018-09-26 00:00:00-04:00,39.59850975795316,39.729578178354586,39.05110116487457,39.0742301940918,2232700,0.0,0.0
2018-09-27 00:00:00-04:00,39.09735773813708,39.89919738665746,39.05880837719677,39.58308792114258,2547700,0.0,0.0
2018-09-28 00:00:00-04:00,39.68330874683032,40.71644724527193,39.68330874683032,40.701026916503906,4051700,0.0,0.0
2018-10-01 00:00:00-04:00,40.492863480594735,40.65477254732141,40.33866310894327,40.623931884765625,2443700,0.0,0.0
2018-10-02 00:00:00-04:00,40.77813567756336,41.2561542227723,40.77813567756336,40.96317672729492,2932800,0.0,0.0
2018-10-03 00:00:00-04:00,40.924638434960436,41.06341558338332,39.798977381807155,40.099666595458984,4101900,0.0,0.0
2018-10-04 00:00:00-04:00,40.045674533936655,40.48514359182832,39.77582614439857,40.32323455810547,4397400,0.0,0.0
2018-10-05 00:00:00-04:00,40.40034690917908,40.839816083576935,40.3155365525185,40.63935470581055,3495900,0.0,0.0
2018-10-08 00:00:00-04:00,40.8937910416432,41.487460673585815,40.63935993889864,41.26387023925781,3200300,0.0,0.0
2018-10-09 00:00:00-04:00,41.58768891375376,41.84982871606092,41.2253213496292,41.68791961669922,3339000,0.0,0.0
2018-10-10 00:00:00-04:00,42.258453728576406,42.68250256506123,41.93463263850216,42.042572021484375,5033300,0.0,0.0
2018-10-11 00:00:00-04:00,42.11196090679224,42.21990028685708,41.1944732351136,41.317832946777344,4057400,0.0,0.0
2018-10-12 00:00:00-04:00,41.31783607784662,41.51058582574829,40.970885943398066,41.38722610473633,4064300,0.0,0.0
2018-10-15 00:00:00-04:00,41.39493367513281,41.61081538688027,41.1867636001233,41.23302459716797,2119800,0.0,0.0
2018-10-16 00:00:00-04:00,41.20219557178791,41.6493765128287,40.97860804239601,41.50288772583008,2613400,0.0,0.0
2018-10-17 00:00:00-04:00,41.53372303620959,41.603113076768686,41.05570439076265,41.364105224609375,2586500,0.0,0.0
2018-10-18 00:00:00-04:00,41.41807734452038,41.62624747833642,41.18677523508356,41.50288772583008,1872000,0.0,0.0
2018-10-19 00:00:00-04:00,41.53372059918544,42.42807943550976,41.31784179283659,42.31243133544922,2038200,0.0,0.0
2018-10-22 00:00:00-04:00,42.28929443286584,42.36639609837993,41.9808965941929,42.158226013183594,2553400,0.0,0.0
2018-10-23 00:00:00-04:00,42.23532658896333,42.54372738228289,41.86524740165663,42.11967849731445,3847100,0.0,0.0
2018-10-24 00:00:00-04:00,42.320134008159144,43.700222903443965,42.119675565245466,43.461212158203125,3881000,0.0,0.0
2018-10-25 00:00:00-04:00,43.18364718219019,43.268457531942,42.53600798723603,43.06028747558594,4868000,0.0,0.0
2018-10-26 00:00:00-04:00,43.407242299745754,43.47663232609277,41.68020621908535,41.92692565917969,4837400,0.0,0.0
2018-10-29 00:00:00-04:00,42.01174152819846,42.6593808786688,42.01174152819846,42.582279205322266,3499700,0.0,0.0
2018-10-30 00:00:00-04:00,42.70563162799636,43.021741081761554,41.77272359872927,41.919212341308594,4168500,0.0,0.0
2018-10-31 00:00:00-04:00,41.579980434277076,41.649370468812776,40.778140688781896,41.194480895996094,4089000,0.0,0.0
2018-11-01 00:00:00-04:00,41.11738100763359,41.20990007070142,40.454321349870156,41.163639068603516,3688100,0.0,0.0
2018-11-02 00:00:00-04:00,41.27157155655654,41.48745325574537,40.53141329366554,40.8475227355957,3044700,0.0,0.0
2018-11-05 00:00:00-05:00,41.03257583533387,41.4412044449791,40.862955080630556,41.024864196777344,2995200,0.0,0.0
2018-11-06 00:00:00-05:00,40.92462688620326,41.17134632219842,40.63164645303612,40.862945556640625,2693100,0.0,0.0
2018-11-07 00:00:00-05:00,40.916914440682625,41.009433492070166,40.346376859143895,40.8552360534668,4675700,0.0,0.0
2018-11-08 00:00:00-05:00,40.8937867406078,41.140506179735304,40.5545453059617,40.83981704711914,3350200,0.0,0.0
2018-11-09 00:00:00-05:00,40.89378900017554,41.56455732854595,40.89378900017554,41.47203826904297,4986200,0.0,0.0
2018-11-12 00:00:00-05:00,41.487449287305175,42.3740962024797,41.41034763742442,41.464317321777344,4036700,0.0,0.0
2018-11-13 00:00:00-05:00,41.418064312765665,41.47974269904814,40.99401253964055,41.248443603515625,3950600,0.0,0.0
2018-11-14 00:00:00-05:00,41.12509069989983,41.86524910462085,40.916920597110526,41.56455993652344,5039900,0.0,0.0
2018-11-15 00:00:00-05:00,41.44889691867414,42.158217390689536,40.90920007609713,41.95775604248047,3500300,0.0,0.0
2018-11-16 00:00:00-05:00,42.296998617115186,42.43577864945926,41.603098455394836,41.865238189697266,3377800,0.0,0.0
2018-11-19 00:00:00-05:00,41.82670498819898,42.08113612613612,41.734185911280214,42.06571578979492,2771300,0.0,0.0
2018-11-20 00:00:00-05:00,42.22761499675881,42.47433443804378,41.25615462321244,41.31012725830078,3108500,0.0,0.0
2018-11-21 00:00:00-05:00,41.12508388982311,41.317833626288134,40.92462545799561,41.248443603515625,3403500,0.0,0.0
2018-11-23 00:00:00-05:00,41.240736956642756,41.27157468075196,40.85523746456436,41.04027557373047,899400,0.0,0.0
2018-11-26 00:00:00-05:00,41.040287915933035,41.256166755258135,40.62394763341011,41.24074935913086,2511000,0.0,0.0
2018-11-27 00:00:00-05:00,41.28699576318416,42.0502860654577,41.23302606860325,41.85753631591797,3717100,0.0,0.0
2018-11-28 00:00:00-05:00,41.81898321127331,42.28158139231321,41.74959319000458,42.18135070800781,3531300,0.0,0.0
2018-11-29 00:00:00-05:00,42.2122034137622,42.2122034137622,41.60311338009464,42.034873962402344,2993000,0.0,0.0
2018-11-30 00:00:00-05:00,42.18136318552975,43.12969179597256,42.02716276586045,43.098854064941406,3922800,0.0,0.0
2018-12-03 00:00:00-05:00,42.85983970030848,42.98319943755139,42.45891981898697,42.929229736328125,3029600,0.0,0.0
2018-12-04 00:00:00-05:00,42.998608801166924,43.43036924191665,42.85982876453763,43.029449462890625,3943800,0.0,0.0
2018-12-06 00:00:00-05:00,43.1849118759932,43.39477410937693,42.09673799141874,42.9439582824707,3998400,0.45,0.0
2018-12-07 00:00:00-05:00,42.99059418748489,43.3481359245337,42.6019610911183,43.091636657714844,3489000,0.0,0.0
2018-12-10 00:00:00-05:00,43.15382177755757,43.32482129828506,42.45428097915908,43.05277633666992,4011100,0.0,0.0
2018-12-11 00:00:00-05:00,43.16936904178584,43.57354785512867,42.881778389096304,43.363685607910156,2615900,0.0,0.0
2018-12-12 00:00:00-05:00,43.511364502044195,43.752318107969515,43.30927658081055,43.30927658081055,4049200,0.0,0.0
2018-12-13 00:00:00-05:00,43.324822068874475,43.674589509259405,43.239322306990005,43.371456146240234,2755900,0.0,0.0
2018-12-14 00:00:00-05:00,43.402540812531086,43.41031216921475,43.09163317455485,43.28594970703125,3008500,0.0,0.0
2018-12-17 00:00:00-05:00,43.34813098129526,43.355902337720885,41.31946597519645,41.5137825012207,3515100,0.0,0.0
2018-12-18 00:00:00-05:00,41.5992918374635,41.99569633732555,41.12515893025115,41.35056686401367,3187700,0.0,0.0
2018-12-19 00:00:00-05:00,41.45937210777592,41.68477997868048,40.790922816147074,41.0085563659668,3125300,0.0,0.0
2018-12-20 00:00:00-05:00,41.024105254965015,41.37387560529863,40.38674726770596,40.9619255065918,3501800,0.0,0.0
2018-12-21 00:00:00-05:00,40.86087971542047,41.96459914829295,40.59660911586241,40.75983428955078,5593000,0.0,0.0
2018-12-24 00:00:00-05:00,40.79870298473387,41.00079088638304,38.653446673197266,38.777809143066406,1743000,0.0,0.0
2018-12-26 00:00:00-05:00,38.8011127241728,39.43847349689322,38.264800314788246,39.41515350341797,2572000,0.0,0.0
2018-12-27 00:00:00-05:00,39.461797015158886,39.97479248046875,38.793347749596265,39.97479248046875,3024500,0.0,0.0
2018-12-28 00:00:00-05:00,40.10693875357489,40.39452941122312,39.694988575099785,39.89707946777344,2167700,0.0,0.0
2018-12-31 00:00:00-05:00,39.873753563858756,40.49556590117323,39.57839159174622,40.456703186035156,2847100,0.0,0.0
2019-01-02 00:00:00-05:00,40.262388114348724,40.262388114348724,39.267488338345025,39.50844192504883,3355900,0.0,0.0
2019-01-03 00:00:00-05:00,39.53952647009697,40.130250378368565,39.47734672266755,39.50066375732422,3264000,0.0,0.0
2019-01-04 00:00:00-05:00,39.32189496795799,40.052524087507116,39.32189496795799,39.92816162109375,4473100,0.0,0.0
2019-01-07 00:00:00-05:00,39.73384414680531,40.347885107471654,39.671664397579676,40.0136604309082,3534200,0.0,0.0
2019-01-08 00:00:00-05:00,40.075849667039485,40.25462055207918,39.842667415649416,40.16912078857422,2977500,0.0,0.0
2019-01-09 00:00:00-05:00,40.02143588066194,40.35565760161,39.68721119467879,39.86598205566406,2750200,0.0,0.0
2019-01-10 00:00:00-05:00,39.94371377307778,40.48780076369607,39.85044264941154,40.4178466796875,2884500,0.0,0.0
2019-01-11 00:00:00-05:00,40.332337243795216,40.56551647956952,40.07584097395394,40.32456588745117,3800500,0.0,0.0
2019-01-14 00:00:00-05:00,40.05253296178018,40.05253296178018,38.83999938685263,39.446266174316406,4364200,0.0,0.0
2019-01-15 00:00:00-05:00,39.39184891934982,40.1302523586086,39.32189484689298,40.005889892578125,3569000,0.0,0.0
2019-01-16 00:00:00-05:00,39.889295763949114,40.1613377112244,39.74938762962615,39.99034118652344,2908600,0.0,0.0
2019-01-17 00:00:00-05:00,40.0447573045666,40.65102402695159,39.99812026244644,40.58106994628906,4598300,0.0,0.0
2019-01-18 00:00:00-05:00,40.487791663677946,40.68210819057887,40.16911267816183,40.37120056152344,4101900,0.0,0.0
2019-01-22 00:00:00-05:00,40.43338352621696,41.04742446667244,40.402292170109995,40.97747039794922,3704400,0.0,0.0
2019-01-23 00:00:00-05:00,40.91528742399887,41.49046564815866,40.91528742399887,41.451602935791016,2906900,0.0,0.0
2019-01-24 00:00:00-05:00,41.412737408319714,41.412737408319714,40.98524164065812,41.381649017333984,2327100,0.0,0.0
2019-01-25 00:00:00-05:00,41.19511484013557,41.45938550676805,40.87643576846425,40.923072814941406,2559100,0.0,0.0
2019-01-28 00:00:00-05:00,40.915294373292554,41.14070229435835,40.480027176790756,40.72875213623047,2447700,0.0,0.0
2019-01-29 00:00:00-05:00,40.86865503461171,41.125151318806445,40.77538096305452,41.016334533691406,2496800,0.0,0.0
2019-01-30 00:00:00-05:00,40.806477506395794,41.56819806404427,40.806477506395794,41.389427185058594,2390100,0.0,0.0
2019-01-31 00:00:00-05:00,41.335017932013756,42.5009172652634,41.140701376472144,42.399871826171875,3429100,0.0,0.0
2019-02-01 00:00:00-05:00,42.35322407447452,42.462040836034895,42.011225149531214,42.36876678466797,2809800,0.0,0.0
2019-02-04 00:00:00-05:00,42.2133190843584,42.7496315767267,41.90241148687746,42.726314544677734,2583800,0.0,0.0
2019-02-05 00:00:00-05:00,42.648596958683235,42.788505116461984,42.36100928548707,42.67191696166992,3384600,0.0,0.0
2019-02-06 00:00:00-05:00,42.55532106919722,42.827363031570776,42.50091267672251,42.749637603759766,2733900,0.0,0.0
2019-02-07 00:00:00-05:00,42.74963714480897,43.28594970703125,42.56309196901623,43.28594970703125,3339800,0.0,0.0
2019-02-08 00:00:00-05:00,43.247098117289724,43.44141469974702,42.95173608174463,43.43364334106445,3049900,0.0,0.0
2019-02-11 00:00:00-05:00,43.44918041620706,43.620176958670854,43.30927226735067,43.51136016845703,2890000,0.0,0.0
2019-02-12 00:00:00-05:00,43.55021446237515,43.71344258116551,43.18490144659336,43.52689743041992,2685400,0.0,0.0
2019-02-13 00:00:00-05:00,43.39476444426873,43.534669603662174,43.25485631984064,43.519126892089844,3026400,0.0,0.0
2019-02-14 00:00:00-05:00,43.51135492912363,43.744534160794736,43.28594705365981,43.47249221801758,2847500,0.0,0.0
2019-02-15 00:00:00-05:00,43.68236745282446,43.87668403138237,43.56577631967544,43.775638580322266,3005600,0.0,0.0
2019-02-19 00:00:00-05:00,43.02167901303422,43.75231107121858,43.02167901303422,43.69790267944336,4177400,0.0,0.0
2019-02-20 00:00:00-05:00,43.73677077760827,44.078766848734624,43.5191371837129,44.001041412353516,3958700,0.0,0.0
2019-02-21 00:00:00-05:00,43.75231816466967,44.26531377388883,43.604635678734994,44.234222412109375,3939300,0.0,0.0
2019-02-22 00:00:00-05:00,44.343040759976155,44.793856626396206,44.10209011036973,44.537357330322266,3060900,0.0,0.0
2019-02-25 00:00:00-05:00,44.59953929510608,44.74721881863666,44.21090616104459,44.56067657470703,4385200,0.0,0.0
2019-02-26 00:00:00-05:00,44.65394001997984,44.747211125909935,44.30416966644825,44.552894592285156,5450300,0.0,0.0
2019-02-27 00:00:00-05:00,45.31460991214535,45.8042883515874,44.871568502899805,45.516700744628906,3402400,0.0,0.0
2019-02-28 00:00:00-05:00,45.47006785957737,45.89756363106214,45.35347675597474,45.711021423339844,4503600,0.0,0.0
2019-03-01 00:00:00-05:00,45.79651742505758,46.13074208698471,45.66438361059261,46.053016662597656,3221600,0.0,0.0
2019-03-04 00:00:00-05:00,46.185155285412726,46.33283775817223,45.81206787244983,46.30952072143555,3374700,0.0,0.0
2019-03-05 00:00:00-05:00,46.30174224997203,46.38724199705832,46.08410868650507,46.11520004272461,4108200,0.0,0.0
2019-03-06 00:00:00-05:00,46.20070013791175,46.36392828725229,45.8431584108518,45.98306655883789,4228200,0.0,0.0
2019-03-07 00:00:00-05:00,46.18677058754542,46.398313404167446,45.8655395672185,46.22594451904297,4472600,0.47,0.0
2019-03-08 00:00:00-05:00,46.28080110969884,46.35131540093436,45.77153089646676,46.13193893432617,2883600,0.0,0.0
2019-03-11 00:00:00-04:00,46.100594575151554,46.241623145355376,45.865547954405166,45.96739959716797,3506000,0.0,0.0
2019-03-12 00:00:00-04:00,46.06141761571252,46.39048226542092,45.87337853817933,46.32780456542969,2847300,0.0,0.0
2019-03-13 00:00:00-04:00,46.40615380332484,46.68821093353556,46.18677736372976,46.62553024291992,4637000,0.0,0.0
2019-03-14 00:00:00-04:00,46.64903478912936,46.97026584138615,46.468832295305276,46.72738265991211,2420800,0.0,0.0
2019-03-15 00:00:00-04:00,46.70387548833541,46.94675566330619,46.539343178430144,46.79789352416992,7124300,0.0,0.0
2019-03-18 00:00:00-04:00,46.87625687508567,46.90759423619864,46.476674885897545,46.703887939453125,2643900,0.0,0.0
2019-03-19 00:00:00-04:00,46.57068596122411,46.68821076130498,46.13193308365249,46.319969177246094,2539000,0.0,0.0
2019-03-20 00:00:00-04:00,46.382653720055636,46.53935247025185,46.00657851285276,46.1397705078125,2676900,0.0,0.0
2019-03-21 00:00:00-04:00,46.163260675430514,46.6882008856332,46.0379023099578,46.60201644897461,1808600,0.0,0.0
2019-03-22 00:00:00-04:00,46.7352174430384,47.07995224551718,46.60202248129415,46.719547271728516,1903700,0.0,0.0
2019-03-25 00:00:00-04:00,46.79006235779527,46.79789594919596,46.531509009878015,46.68037414550781,1611600,0.0,0.0
2019-03-26 00:00:00-04:00,46.75872218815299,46.94675827026367,46.60202346054099,46.94675827026367,2573400,0.0,0.0
2019-03-27 00:00:00-04:00,46.938935447327744,47.009449741491196,46.312143381863926,46.445335388183594,1991600,0.0,0.0
2019-03-28 00:00:00-04:00,46.429643668282765,46.53933484402191,45.88903632307362,46.061405181884766,2298100,0.0,0.0
2019-03-29 00:00:00-04:00,46.13192730007653,46.594186872978575,45.90471430908853,46.547176361083984,2613400,0.0,0.0
2019-04-01 00:00:00-04:00,46.47665351945616,46.47665351945616,45.536464376348555,45.86553192138672,2898800,0.0,0.0
2019-04-02 00:00:00-04:00,45.98305676990289,46.3042877581521,45.65399219164817,46.265113830566406,2768300,0.0,0.0
2019-04-03 00:00:00-04:00,46.30429420016235,46.319964371132535,45.865541368115295,46.09275436401367,2089700,0.0,0.0
2019-04-04 00:00:00-04:00,46.30429219163648,46.61768961988697,45.99873134292091,46.46099090576172,3443900,0.0,0.0
2019-04-05 00:00:00-04:00,46.4296571711334,46.77439498901367,46.23378449780318,46.77439498901367,2611800,0.0,0.0
2019-04-08 00:00:00-04:00,46.65686436041572,46.797892906696426,46.296459403822546,46.421817779541016,1737900,0.0,0.0
2019-04-09 00:00:00-04:00,46.36697268405838,46.844902415244206,46.23377773152132,46.69603729248047,2972400,0.0,0.0
2019-04-10 00:00:00-04:00,46.81355361205062,47.29148325683851,46.48448906311531,46.59417724609375,2297300,0.0,0.0
2019-04-11 00:00:00-04:00,46.656867376164946,46.86057661786172,46.47666488622066,46.641197204589844,1970500,0.0,0.0
2019-04-12 00:00:00-04:00,46.55501434774837,46.946759684186965,46.17110559175519,46.923255920410156,2436900,0.0,0.0
2019-04-15 00:00:00-04:00,47.00161361694336,47.23666025523607,46.8292446874313,47.00161361694336,1889600,0.0,0.0
2019-04-16 00:00:00-04:00,47.017271964005296,47.26015513822476,45.849872584800494,46.03007507324219,2022300,0.0,0.0
2019-04-17 00:00:00-04:00,45.98307097627099,46.08492561048482,45.71668400209789,45.998741149902344,2624000,0.0,0.0
2019-04-18 00:00:00-04:00,46.18677660633582,47.25232441908967,45.3406052295796,46.12409591674805,7421500,0.0,0.0
2019-04-22 00:00:00-04:00,45.990902544563625,46.178938630084374,45.57565046054424,45.787193298339844,3138200,0.0,0.0
2019-04-23 00:00:00-04:00,45.64615287734019,45.983054014189385,45.207400132627875,45.53646469116211,3724500,0.0,0.0
2019-04-24 00:00:00-04:00,45.54431251373747,46.21027837353865,45.54431251373747,45.990901947021484,1924200,0.0,0.0
2019-04-25 00:00:00-04:00,45.842032817296456,46.421817165310095,45.748014783946466,46.22594451904297,1971300,0.0,0.0
2019-04-26 00:00:00-04:00,46.46100078165772,46.74305792928223,46.100595754706404,46.1789436340332,1643600,0.0,0.0
2019-04-29 00:00:00-04:00,46.03790947340108,46.218114953788344,45.73234859681513,45.990901947021484,1597900,0.0,0.0
2019-04-30 00:00:00-04:00,46.06141937664415,46.78222939238856,45.90472063750585,46.73522186279297,2182600,0.0,0.0
2019-05-01 00:00:00-04:00,46.53150717675973,46.60985803157814,46.037907252132015,46.0535774230957,2183200,0.0,0.0
2019-05-02 00:00:00-04:00,46.22595473839929,46.60986652501871,45.834209359260306,46.41399383544922,2950700,0.0,0.0
2019-05-03 00:00:00-04:00,46.59419635119954,46.84491315474608,46.28863543367595,46.41399383544922,2137900,0.0,0.0
2019-05-06 00:00:00-04:00,46.58635472391972,46.58635472391972,45.98306654673698,46.16326904296875,2129100,0.0,0.0
2019-05-07 00:00:00-04:00,46.15543003910561,46.335632514206814,45.93605363268317,46.1005859375,2162300,0.0,0.0
2019-05-08 00:00:00-04:00,46.0614174689191,46.10059140488625,45.24658645017165,45.26225662231445,2233800,0.0,0.0
2019-05-09 00:00:00-04:00,45.33277267736692,45.73235162192308,45.050715545313224,45.669673919677734,1831200,0.0,0.0
2019-05-10 00:00:00-04:00,45.49730041724295,46.50016746221324,45.45812648369496,46.46883010864258,1320600,0.0,0.0
2019-05-13 00:00:00-04:00,46.42965834804763,47.064286901685065,46.382650818075895,46.985939025878906,1788400,0.0,0.0
2019-05-14 00:00:00-04:00,46.985938675316035,47.03294620493705,46.21811814078088,46.33563995361328,3246300,0.0,0.0
2019-05-15 00:00:00-04:00,46.42182640454247,46.790068009224385,46.18677977999699,46.50801086425781,1931200,0.0,0.0
2019-05-16 00:00:00-04:00,46.46883684304561,47.2601611750024,46.359145628923095,47.04861831665039,1707500,0.0,0.0
2019-05-17 00:00:00-04:00,46.79789989765014,47.46386879652426,46.79789989765014,47.346343994140625,1592000,0.0,0.0
2019-05-20 00:00:00-04:00,47.47953033412748,47.81643153952926,47.166135879674805,47.2993278503418,1655100,0.0,0.0
2019-05-21 00:00:00-04:00,47.409020265036204,47.886950063417146,47.29149845498207,47.550048828125,1636800,0.0,0.0
2019-05-22 00:00:00-04:00,47.71458333518945,47.94962994009202,47.46386655812275,47.80860137939453,1526400,0.0,0.0
2019-05-23 00:00:00-04:00,47.87910965132091,48.09848605652946,47.604886156030865,48.09065246582031,1691800,0.0,0.0
2019-05-24 00:00:00-04:00,48.16900595948558,48.28653075531823,47.832104732797,47.91828918457031,1489900,0.0,0.0
2019-05-28 00:00:00-04:00,47.941783565270995,47.949620144141946,46.84489863688912,46.91541290283203,2607600,0.0,0.0
2019-05-29 00:00:00-04:00,47.01727399654175,47.01727399654175,46.06925099901733,46.16326904296875,2843700,0.0,0.0
2019-05-30 00:00:00-04:00,46.202449206694304,46.31213743045729,45.73235297642158,45.96739959716797,2027700,0.0,0.0
2019-05-31 00:00:00-04:00,46.13193913873774,46.22595719787496,45.5521546317011,46.03791809082031,2369200,0.0,0.0
2019-06-03 00:00:00-04:00,46.18678156312953,46.55502019324804,45.81853994423091,46.515846252441406,2389300,0.0,0.0
2019-06-04 00:00:00-04:00,46.71954727450269,46.72738086576831,45.614825601716475,46.539344787597656,1510800,0.0,0.0
2019-06-05 00:00:00-04:00,46.562858427482524,47.52655175167775,46.562858427482524,47.322845458984375,2158600,0.0,0.0
2019-06-06 00:00:00-04:00,47.48076492311364,47.73344794349485,47.31493924356037,47.630794525146484,1649500,0.47,0.0
2019-06-07 00:00:00-04:00,47.938754484294535,48.333572102538874,47.299151870559115,47.386009216308594,1872800,0.0,0.0
2019-06-10 00:00:00-04:00,47.33072587508739,47.36231200139626,46.91222024426054,47.27545166015625,1268300,0.0,0.0
2019-06-11 00:00:00-04:00,47.26755682616549,47.42548444613083,46.604263232086076,46.88063430786133,1422800,0.0,0.0
2019-06-12 00:00:00-04:00,47.07804782040138,47.61499997502197,47.07015279410657,47.52024459838867,1267000,0.0,0.0
2019-06-13 00:00:00-04:00,47.63079582022037,47.74924230709051,47.08594860750018,47.37811279296875,3234000,0.0,0.0
2019-06-14 00:00:00-04:00,47.65447628983755,48.41252826255277,47.480758619027206,48.13615417480469,1832000,0.0,0.0
2019-06-17 00:00:00-04:00,48.10457331687506,48.32567321373245,47.8124091461432,48.088783264160156,1287500,0.0,0.0
2019-06-18 00:00:00-04:00,48.42042744205192,48.45201357117042,47.42548847257154,47.843994140625,1978900,0.0,0.0
2019-06-19 00:00:00-04:00,47.44128575459456,47.994028002211074,47.378113490741626,47.81241226196289,2557800,0.0,0.0
2019-06-20 00:00:00-04:00,47.978233805869266,48.38094944789532,47.678174596295285,48.27040100097656,1682500,0.0,0.0
2019-06-21 00:00:00-04:00,48.309883036355245,48.37305228764799,47.86768622842881,48.20722961425781,2885800,0.0,0.0
2019-06-24 00:00:00-04:00,48.3098875944383,48.388849919059226,48.025618406251624,48.262508392333984,1433800,0.0,0.0
2019-06-25 00:00:00-04:00,48.562563224135985,48.562563224135985,47.40179855389285,47.4886589050293,1931300,0.0,0.0
2019-06-26 00:00:00-04:00,47.31494402617693,47.48866474983099,46.65165328979492,46.65165328979492,2312900,0.0,0.0
2019-06-27 00:00:00-04:00,46.88063618635514,46.93591040372501,46.28840984691885,46.42264938354492,2061900,0.0,0.0
2019-06-28 00:00:00-04:00,46.54899588822512,46.73850665038297,46.23314060166969,46.44634246826172,5638200,0.0,0.0
2019-07-01 00:00:00-04:00,46.44634465076261,46.548998075549676,45.67250247578036,46.130489349365234,2277500,0.0,0.0
2019-07-02 00:00:00-04:00,46.25682812373022,46.69112684994511,46.25682812373022,46.430545806884766,2179600,0.0,0.0
2019-07-03 00:00:00-04:00,46.62795812161102,47.33073297012857,46.43054932091646,47.04646682739258,2059800,0.0,0.0
2019-07-05 00:00:00-04:00,46.74639863040473,47.0385627746582,46.241032647192604,47.0385627746582,1774400,0.0,0.0
2019-07-08 00:00:00-04:00,47.046470135981096,47.30704820486931,46.80168212150596,47.13332748413086,1436700,0.0,0.0
2019-07-09 00:00:00-04:00,46.99908803486518,47.45707489005974,46.777991140096724,47.39390563964844,2348600,0.0,0.0
2019-07-10 00:00:00-04:00,47.46495851901895,47.78870873616449,47.29123786174434,47.55181884765625,1911800,0.0,0.0
2019-07-11 00:00:00-04:00,47.45708098022329,47.851898635673464,47.27546522018257,47.66238784790039,2007800,0.0,0.0
2019-07-12 00:00:00-04:00,47.583417323824996,47.85979145985259,47.314941226888685,47.81241226196289,1902200,0.0,0.0
2019-07-15 00:00:00-04:00,47.733449686794664,48.230920719184496,47.678175462331275,48.20722961425781,2530900,0.0,0.0
2019-07-16 00:00:00-04:00,48.18354222381406,48.44412028405086,47.59921082668832,47.780826568603516,2428600,0.0,0.0
2019-07-17 00:00:00-04:00,47.93875226385822,48.325674837192636,47.907166132929035,48.08088684082031,2231100,0.0,0.0
2019-07-18 00:00:00-04:00,47.89927236018484,48.286194943647885,47.59131510611186,48.20722961425781,1741000,0.0,0.0
2019-07-19 00:00:00-04:00,47.95454333786203,48.15195212964257,47.4886584687712,47.52024459838867,3488500,0.0,0.0
2019-07-22 00:00:00-04:00,47.591312646035945,47.59920767245718,46.92012093590232,47.196495056152344,2101400,0.0,0.0
2019-07-23 00:00:00-04:00,47.18070711588935,47.33863477144082,46.6911340946773,46.943817138671875,2094500,0.0,0.0
2019-07-24 00:00:00-04:00,47.03856413518555,47.07015026310461,46.43844276581816,46.88853454589844,2053500,0.0,0.0
2019-07-25 00:00:00-04:00,46.9122280137502,47.11753184432224,46.604270761782495,47.101741790771484,2457900,0.0,0.0
2019-07-26 00:00:00-04:00,47.101733845612614,47.622892879237504,46.84115282269078,47.01487350463867,2203200,0.0,0.0
2019-07-29 00:00:00-04:00,46.73060236819054,47.07804070481199,46.296303694359054,46.833255767822266,2376800,0.0,0.0
2019-07-30 00:00:00-04:00,46.659533918878196,46.74639425390176,45.48297640193661,45.711971282958984,3048700,0.0,0.0
2019-07-31 00:00:00-04:00,45.62511920338921,45.917286385373224,44.85917513604782,45.12765121459961,3755300,0.0,0.0
2019-08-01 00:00:00-04:00,45.12765239278761,45.46719576606255,44.60649328695942,45.15134048461914,3485900,0.0,0.0
2019-08-02 00:00:00-04:00,45.30137664331745,45.45140927921681,44.488053242379536,44.906558990478516,3693800,0.0,0.0
2019-08-05 00:00:00-04:00,44.89865722990617,45.2776817583276,43.87213208890406,43.927406311035156,3100200,0.0,0.0
2019-08-06 00:00:00-04:00,44.01427513624042,44.993421270091126,43.643145562873585,44.827598571777344,2822400,0.0,0.0
2019-08-07 00:00:00-04:00,44.72494213811008,45.59354276045015,44.28274830556273,45.14344787597656,3363700,0.0,0.0
2019-08-08 00:00:00-04:00,45.13554327629225,45.854111114009775,44.969720624254116,45.66460037231445,2420800,0.0,0.0
2019-08-09 00:00:00-04:00,45.75935543021668,45.89359195364792,45.30926365649479,45.57773971557617,2405400,0.0,0.0
2019-08-12 00:00:00-04:00,45.45139982918146,45.55405022877887,44.993410001245906,45.190818786621094,1943400,0.0,0.0
2019-08-13 00:00:00-04:00,45.198718485668955,45.68829144796705,45.01709974569762,45.506675720214844,1747700,0.0,0.0
2019-08-14 00:00:00-04:00,45.530368938649545,45.88570540784009,45.14344633614884,45.253997802734375,2691700,0.0,0.0
2019-08-15 00:00:00-04:00,45.26978884847442,45.83042913471416,45.18292849185882,45.60932922363281,1928800,0.0,0.0
2019-08-16 00:00:00-04:00,45.783048422144226,46.05942254879732,45.70408610722576,45.877803802490234,1843300,0.0,0.0
2019-08-19 00:00:00-04:00,45.99625288244197,46.35948437111315,45.78305100546905,46.2331428527832,1673900,0.0,0.0
2019-08-20 00:00:00-04:00,46.296320851028746,46.296320851028746,46.02784471480421,46.1541862487793,1640900,0.0,0.0
2019-08-21 00:00:00-04:00,46.09100319243383,46.55688805476181,46.00414284335622,46.48582077026367,1323600,0.0,0.0
2019-08-22 00:00:00-04:00,46.50951461660811,46.8253668901711,46.312105816049026,46.722713470458984,1783300,0.0,0.0
2019-08-23 00:00:00-04:00,46.896428520711154,47.101735335364694,45.93307272630351,46.14627456665039,2631800,0.0,0.0
2019-08-26 00:00:00-04:00,46.24892450709395,46.849048830243966,46.1857552696258,46.833255767822266,1260600,0.0,0.0
2019-08-27 00:00:00-04:00,47.062254373160904,47.472865018194064,46.88063864766493,46.95170593261719,2219200,0.0,0.0
2019-08-28 00:00:00-04:00,46.96749995792086,47.283355233550864,46.71481694230451,46.991188049316406,1834900,0.0,0.0
2019-08-29 00:00:00-04:00,47.275450895961285,47.44127655029297,46.959598674634556,47.44127655029297,2136900,0.0,0.0
2019-08-30 00:00:00-04:00,47.67026793218145,48.06508546386608,47.409689927623326,47.74923324584961,1765000,0.0,0.0
2019-09-03 00:00:00-04:00,47.87558434806695,48.325676183580384,47.68607056943109,48.30988311767578,2170900,0.0,0.0
2019-09-04 00:00:00-04:00,48.60203805468835,48.63362418048495,48.18353243064904,48.4756965637207,2709200,0.0,0.0
2019-09-05 00:00:00-04:00,48.20722474577189,48.444114685579756,47.94664671564893,48.06509017944336,2284200,0.0,0.0
2019-09-06 00:00:00-04:00,48.232208999766485,48.391365549858335,47.95368427819107,48.08100891113281,1678200,0.47,0.0
2019-09-09 00:00:00-04:00,47.969595477471394,48.3674852953951,47.746778150844804,48.04917526245117,1877200,0.0,0.0
2019-09-10 00:00:00-04:00,48.04916804825478,48.66191864013672,47.8661391237692,48.66191864013672,1909700,0.0,0.0
2019-09-11 00:00:00-04:00,48.60621673580722,49.2667121887207,48.49480504801852,49.2667121887207,1923100,0.0,0.0
2019-09-12 00:00:00-04:00,49.38608755429972,49.51341218043758,48.84495713429921,48.90066146850586,2518200,0.0,0.0
2019-09-13 00:00:00-04:00,48.55050912602371,48.81311783526819,47.834309350704224,48.38339614868164,2262200,0.0,0.0
2019-09-16 00:00:00-04:00,48.39931210399871,48.51072075556009,48.160578845558874,48.38339614868164,1245500,0.0,0.0
2019-09-17 00:00:00-04:00,48.55052036486818,49.07573486927969,48.43911168751707,48.6778450012207,2187700,0.0,0.0
2019-09-18 00:00:00-04:00,48.81313170089581,49.20306512778138,48.59827079657016,48.96432876586914,1890200,0.0,0.0
2019-09-19 00:00:00-04:00,49.0120682738471,49.16326531299513,48.78129144910135,49.11552047729492,1317500,0.0,0.0
2019-09-20 00:00:00-04:00,49.282624700901735,49.481569575994776,49.02001600866313,49.17917251586914,3240200,0.0,0.0
2019-09-23 00:00:00-04:00,49.147345037107385,49.513405947372846,49.0996002056027,49.2746696472168,1887100,0.0,0.0
2019-09-24 00:00:00-04:00,49.36220309309864,49.81579718067918,49.30649876905598,49.457698822021484,2312300,0.0,0.0
2019-09-25 00:00:00-04:00,49.592989578646,49.61686199771415,49.25080407226243,49.44974899291992,2412900,0.0,0.0
2019-09-26 00:00:00-04:00,49.60094204286741,49.76009552830127,49.211008717974906,49.54523468017578,1347700,0.0,0.0
2019-09-27 00:00:00-04:00,49.62482298072545,49.68052731732515,49.012072242470055,49.322425842285156,1730800,0.0,0.0
2019-09-30 00:00:00-04:00,49.322420643592494,49.60094533289256,49.17918006867438,49.402000427246094,2250100,0.0,0.0
2019-10-01 00:00:00-04:00,49.258762099211324,49.362211269192194,48.75742006412974,49.099605560302734,2067200,0.0,0.0
2019-10-02 00:00:00-04:00,49.035944039124225,49.16326866911393,48.58234985505721,48.773338317871094,2025100,0.0,0.0
2019-10-03 00:00:00-04:00,48.83699612548795,49.06777295186066,48.447065798114636,49.051856994628906,2199000,0.0,0.0
2019-10-04 00:00:00-04:00,49.091650875076255,49.61686537998842,48.916581397211395,49.561161041259766,1698700,0.0,0.0
2019-10-07 00:00:00-04:00,49.465667724609375,49.81580971176347,49.29855471044438,49.465667724609375,1352900,0.0,0.0
2019-10-08 00:00:00-04:00,49.34630010098616,49.34630010098616,48.66988853954939,48.6778450012207,2152800,0.0,0.0
2019-10-09 00:00:00-04:00,48.733545274348195,49.27467262325199,48.733545274348195,48.996150970458984,1363200,0.0,0.0
2019-10-10 00:00:00-04:00,48.86086919776442,49.067770560376246,48.558472096416416,48.948402404785156,1604900,0.0,0.0
2019-10-11 00:00:00-04:00,48.98023632993126,50.83440435184595,48.844955247984736,49.616859436035156,2190800,0.0,0.0
2019-10-14 00:00:00-04:00,49.648704545735406,49.80786112347613,49.16327834967284,49.2189826965332,1496000,0.0,0.0
2019-10-15 00:00:00-04:00,49.25876825922616,49.513417539061464,49.09961170041438,49.22693634033203,1606300,0.0,0.0
2019-10-16 00:00:00-04:00,49.123484476590384,49.33834537718947,48.8847511544777,49.163272857666016,3082300,0.0,0.0
2019-10-17 00:00:00-04:00,49.1155185440705,49.50544885334688,48.980234431708475,49.37812423706055,1261700,0.0,0.0
2019-10-18 00:00:00-04:00,49.24284515289422,49.63277547794854,49.18714082074361,49.569114685058594,1603700,0.0,0.0
2019-10-21 00:00:00-04:00,49.680529860090616,49.74419066132344,49.43383704562371,49.632781982421875,1267000,0.0,0.0
2019-10-22 00:00:00-04:00,49.70439260035729,49.95904182700916,49.56115203090833,49.64073181152344,1161400,0.0,0.0
2019-10-23 00:00:00-04:00,49.823770987346606,49.95905208869192,49.57707817025596,49.927223205566406,1688800,0.0,0.0
2019-10-24 00:00:00-04:00,49.82376759518073,50.35693853805417,49.82376759518073,50.293277740478516,1202800,0.0,0.0
2019-10-25 00:00:00-04:00,50.38877238651921,50.50018106329188,49.943134643769724,50.05454635620117,1454400,0.0,0.0
2019-10-28 00:00:00-04:00,49.823780685162845,50.03864162529014,49.37814284241814,49.48955154418945,1480300,0.0,0.0
2019-10-29 00:00:00-04:00,49.31447126564966,49.68848567773366,49.24285096790442,49.561161041259766,1683700,0.0,0.0
2019-10-30 00:00:00-04:00,49.66460723895457,50.33306225835751,49.56911453208512,50.31714630126953,1626300,0.0,0.0
2019-10-31 00:00:00-04:00,50.37285410171155,50.579758522443406,49.81580770791015,50.38081359863281,2445700,0.0,0.0
2019-11-01 00:00:00-04:00,50.460385651709345,50.67524651368188,50.04657988446503,50.12615966796875,2092400,0.0,0.0
2019-11-04 00:00:00-05:00,50.070460883466225,50.40468996015004,49.50545798421422,49.704402923583984,1723300,0.0,0.0
2019-11-05 00:00:00-05:00,49.2985450986273,49.64868701751366,49.12347262135504,49.2746696472168,2658100,0.0,0.0
2019-11-06 00:00:00-05:00,49.3542588463905,49.80785304621442,49.2269342119778,49.28263854980469,2734100,0.0,0.0
2019-11-07 00:00:00-05:00,49.075733464821376,49.16326971899463,48.669887146705655,48.757423400878906,1860100,0.0,0.0
2019-11-08 00:00:00-05:00,48.669885671145785,48.90066250957707,48.45502479077789,48.88474655151367,1314800,0.0,0.0
2019-11-11 00:00:00-05:00,48.868827808630904,48.98023647306735,48.32769740794662,48.391361236572266,1138600,0.0,0.0
2019-11-12 00:00:00-05:00,48.44707062675998,48.51073142637351,48.06509672210256,48.10488510131836,1876300,0.0,0.0
2019-11-13 00:00:00-05:00,48.033259966199424,48.63805116207325,47.993471590991405,48.598262786865234,2438000,0.0,0.0
2019-11-14 00:00:00-05:00,48.58235228183423,48.69376095918297,48.136717572439295,48.22425079345703,2111600,0.0,0.0
2019-11-15 00:00:00-05:00,48.26403549441512,48.4709368613279,48.05713109184397,48.455020904541016,1631600,0.0,0.0
2019-11-18 00:00:00-05:00,48.62214497319035,49.10757114096367,48.43911598193565,48.54256820678711,1705100,0.0,0.0
2019-11-19 00:00:00-05:00,48.39932165782242,48.470941953057725,47.89002312977523,48.14467239379883,2769800,0.0,0.0
2019-11-20 00:00:00-05:00,48.24812418654642,48.749463213176895,48.05713572235958,48.70967483520508,2417000,0.0,0.0
2019-11-21 00:00:00-05:00,48.32770057137722,48.48685711770097,48.15262806685524,48.31974411010742,1662800,0.0,0.0
2019-11-22 00:00:00-05:00,48.399316162151464,48.486852405905964,47.746777117728506,48.06509017944336,1533100,0.0,0.0
2019-11-25 00:00:00-05:00,47.73883013911307,48.03326780650257,47.28523287359554,47.396644592285156,2034700,0.0,0.0
2019-11-26 00:00:00-05:00,47.468260337112476,47.59558496773401,47.16586320101435,47.372764587402344,2594000,0.0,0.0
2019-11-27 00:00:00-05:00,47.356855260214424,47.37277122072806,46.895304547955185,47.36481475830078,2400900,0.0,0.0
2019-11-29 00:00:00-05:00,47.523962411260484,47.75473620626244,47.118113083456436,47.19769287109375,1243300,0.0,0.0
2019-12-02 00:00:00-05:00,46.958953054052174,47.17381391121763,46.465570550000905,46.656558990478516,2359200,0.0,0.0
2019-12-03 00:00:00-05:00,46.561063677667654,46.85550431924562,46.4894433912917,46.54515075683594,4022700,0.0,0.0
2019-12-04 00:00:00-05:00,46.40191921427391,47.030582921852194,46.40191921427391,46.895301818847656,2898800,0.0,0.0
2019-12-05 00:00:00-05:00,46.87141946268607,46.911207835391785,46.6247266948574,46.74409484863281,3636000,0.0,0.0
2019-12-06 00:00:00-05:00,46.71227964302425,46.91122461336451,46.61678690724555,46.64065933227539,2039900,0.0,0.0
2019-12-09 00:00:00-05:00,46.62460255300536,46.728891063737144,46.359873946007674,46.440093994140625,1839200,0.47,0.0
2019-12-10 00:00:00-05:00,46.52833102130538,46.53635180085631,46.23953399430004,46.27964401245117,4211900,0.0,0.0
2019-12-11 00:00:00-05:00,46.32778689426624,46.80109254511778,46.159322949098446,46.744937896728516,3395000,0.0,0.0
2019-12-12 00:00:00-05:00,46.736910963208125,47.04977648950413,46.4641585204209,46.929443359375,3998300,0.0,0.0
2019-12-13 00:00:00-05:00,46.95350646584638,47.21021427471982,46.86526258275893,46.96955108642578,3161600,0.0,0.0
2019-12-16 00:00:00-05:00,47.1620795825388,47.659450538675586,47.12999034402721,47.6113166809082,2915200,0.0,0.0
2019-12-17 00:00:00-05:00,47.60330813130209,48.076613810252816,47.5150642328233,47.53110885620117,2790800,0.0,0.0
2019-12-18 00:00:00-05:00,47.595287349712656,47.77979592825969,47.15406785731868,47.53110885620117,4181600,0.0,0.0
2019-12-19 00:00:00-05:00,47.61132444920318,47.93221076627867,47.041754143582956,47.04977798461914,3911200,0.0,0.0
2019-12-20 00:00:00-05:00,47.09791184714855,47.37066431630737,46.55240690883093,47.06582260131836,6090400,0.0,0.0
2019-12-23 00:00:00-05:00,47.10592653225462,47.33054508900678,46.71284099774002,47.00965881347656,2461800,0.0,0.0
2019-12-24 00:00:00-05:00,47.04175035671144,47.13801502000527,46.88933105147966,46.937461853027344,901800,0.0,0.0
2019-12-26 00:00:00-05:00,46.99362715477487,47.21824575885101,46.873294011048955,47.03373718261719,2963700,0.0,0.0
2019-12-27 00:00:00-05:00,47.12196808659989,47.170098882659524,46.929435721767014,46.993614196777344,1953900,0.0,0.0
2019-12-30 00:00:00-05:00,46.89735865100822,47.09791184714855,46.87329324673503,47.06582260131836,2332500,0.0,0.0
2019-12-31 00:00:00-05:00,47.25032880677002,47.63539053190088,47.00966255088948,47.37065887451172,2877600,0.0,0.0
2020-01-02 00:00:00-05:00,47.42681127121795,47.45087973178485,46.9053748819776,47.097904205322266,2557800,0.0,0.0
2020-01-03 00:00:00-05:00,46.96954877863882,47.386699712611595,46.89734951967818,47.089881896972656,2992200,0.0,0.0
2020-01-06 00:00:00-05:00,47.097895800963535,47.210205062906695,46.61656951829347,46.63261413574219,3605300,0.0,0.0
2020-01-07 00:00:00-05:00,46.480199473261756,46.528333333554095,46.03096235132682,46.20744705200195,4094400,0.0,0.0
2020-01-08 00:00:00-05:00,46.295700763775265,46.60054248996603,46.26361151676592,46.496253967285156,3250900,0.0,0.0
2020-01-09 00:00:00-05:00,46.52031624381444,46.889333354732706,46.41602773500758,46.865264892578125,2081300,0.0,0.0
2020-01-10 00:00:00-05:00,46.91338806220386,47.21020583939236,46.73690032756306,46.76898956298828,1499400,0.0,0.0
2020-01-13 00:00:00-05:00,46.72086868487257,46.881308775650474,46.64866941994308,46.72888946533203,1484900,0.0,0.0
2020-01-14 00:00:00-05:00,46.720858766004525,46.85723342625303,46.520305634911125,46.833168029785156,2290500,0.0,0.0
2020-01-15 00:00:00-05:00,47.00164554419991,47.49099581548888,46.96153551839892,47.40275192260742,1528600,0.0,0.0
2020-01-16 00:00:00-05:00,47.46692583772477,47.55516972779139,47.30648573963862,47.346595764160156,2255300,0.0,0.0
2020-01-17 00:00:00-05:00,47.258351086891714,47.47494888793852,46.96153323813809,47.45890426635742,2976800,0.0,0.0
2020-01-21 00:00:00-05:00,47.43484257830592,47.82792512712642,47.20220013746175,47.77177047729492,2894600,0.0,0.0
2020-01-22 00:00:00-05:00,47.932211943064466,48.63816002184309,47.787813402855235,48.37342834472656,4059000,0.0,0.0
2020-01-23 00:00:00-05:00,48.34133654083891,49.56070022682703,48.29320573678323,49.52861404418945,3560600,0.0,0.0
2020-01-24 00:00:00-05:00,49.45642242493719,49.84148421791462,49.28795540409779,49.46444320678711,2549500,0.0,0.0
2020-01-27 00:00:00-05:00,49.47245426053774,49.62487662750636,48.373423751261925,48.469688415527344,2514600,0.0,0.0
2020-01-28 00:00:00-05:00,48.50979929320176,48.59001933307799,47.77978591361393,47.86802673339844,3555300,0.0,0.0
2020-01-29 00:00:00-05:00,47.94022594346412,48.2932014630282,47.9322051635642,48.21297836303711,1830100,0.0,0.0
2020-01-30 00:00:00-05:00,48.301226844669145,48.45364921907458,47.811876598796516,48.13276290893555,3091900,0.0,0.0
2020-01-31 00:00:00-05:00,47.96429912560557,48.124742281184886,47.20219643175283,47.49099349975586,3023100,0.0,0.0
2020-02-03 00:00:00-05:00,47.68351287414972,47.89208985087732,47.442849721170035,47.595272064208984,1778200,0.0,0.0
2020-02-04 00:00:00-05:00,47.6594520923574,47.84396062951663,47.306479637817766,47.38669967651367,1952800,0.0,0.0
2020-02-05 00:00:00-05:00,47.32252879326052,47.99638758756691,47.17010642085162,47.55516815185547,2582700,0.0,0.0
2020-02-06 00:00:00-05:00,47.595284506605545,47.81187925877101,46.69680401230949,46.79307174682617,2771100,0.0,0.0
2020-02-07 00:00:00-05:00,46.953508907777106,47.01768739343245,46.25558470736764,46.28767395019531,2728300,0.0,0.0
2020-02-10 00:00:00-05:00,46.32778095853701,46.61657800479341,45.86249614841317,46.07909393310547,2217300,0.0,0.0
2020-02-11 00:00:00-05:00,46.24755934279361,46.7288856967061,46.1833808634995,46.383934020996094,2396200,0.0,0.0
2020-02-12 00:00:00-05:00,46.34382396201474,46.92141803437582,46.34382396201474,46.69679641723633,1876800,0.0,0.0
2020-02-13 00:00:00-05:00,46.67272871681129,46.98559113718437,46.57646406289608,46.8171272277832,2190200,0.0,0.0
2020-02-14 00:00:00-05:00,46.969557206618724,47.073845723874506,46.7930724776461,46.91340255737305,2229000,0.0,0.0
2020-02-18 00:00:00-05:00,47.05779869128714,47.45890505689995,46.929444776698986,47.346595764160156,3242500,0.0,0.0
2020-02-19 00:00:00-05:00,47.33054810786487,47.370658129814885,47.105929536785986,47.250328063964844,2226500,0.0,0.0
2020-02-20 00:00:00-05:00,47.194168071639716,47.56318512806862,47.11394497663463,47.47494125366211,3453300,0.0,0.0
2020-02-21 00:00:00-05:00,47.33054269604433,48.24506455681077,47.26636422010373,48.10066604614258,4165300,0.0,0.0
2020-02-24 00:00:00-05:00,47.900111409003145,48.26110767444341,47.41076125587279,47.418785095214844,3336200,0.0,0.0
2020-02-25 00:00:00-05:00,47.38669985266789,47.450878332021844,46.05502700805664,46.05502700805664,3657800,0.0,0.0
2020-02-26 00:00:00-05:00,47.089870960384474,47.33053408096,44.53883514984913,44.57894515991211,3943100,0.0,0.0
2020-02-27 00:00:00-05:00,44.522807120835715,44.60302717084781,42.40496597444938,42.412986755371094,5723000,0.0,0.0
2020-02-28 00:00:00-05:00,41.634842813780025,41.83539600062829,40.2229466646569,41.161537170410156,6031800,0.0,0.0
2020-03-02 00:00:00-05:00,41.19362284776153,43.126955422785656,41.12944742006298,43.08684539794922,4264100,0.0,0.0
2020-03-03 00:00:00-05:00,43.09486474567199,44.338293747145585,42.43705061430665,42.55738067626953,5192500,0.0,0.0
2020-03-04 00:00:00-05:00,43.02265780481625,44.61103820874601,42.91836932157197,44.594993591308594,2751400,0.0,0.0
2020-03-05 00:00:00-05:00,43.82488186960508,44.25005363309745,42.85420215001504,43.311466217041016,3736900,0.0,0.0
2020-03-06 00:00:00-05:00,42.15627047709235,44.15378114825962,41.36208173641243,43.905094146728516,5261100,0.0,0.0
2020-03-09 00:00:00-04:00,41.49291431842449,42.50473922276208,40.383955087866966,41.08818435668945,4713600,0.49,0.0
2020-03-10 00:00:00-04:00,41.85716333046343,42.9013671590009,40.7886766973045,42.85279846191406,5151400,0.0,0.0
2020-03-11 00:00:00-04:00,41.76812564286714,41.808601104303335,38.97549172304332,39.46116638183594,5177400,0.0,0.0
2020-03-12 00:00:00-04:00,37.324186303432526,41.34720189732445,35.81859080600643,36.093807220458984,7155800,0.0,0.0
2020-03-13 00:00:00-04:00,37.97985847160192,38.174130213648766,34.18349250771087,35.72956085205078,7933100,0.0,0.0
2020-03-16 00:00:00-04:00,33.02596099301381,36.33665187601981,32.022232516394766,32.60504150390625,5742000,0.0,0.0
2020-03-17 00:00:00-04:00,33.36592564837336,35.081979133116356,32.5402764871124,34.87152099609375,7256000,0.0,0.0
2020-03-18 00:00:00-04:00,32.912633380676674,33.406404323269726,29.658604808294644,30.969928741455078,5646300,0.0,0.0
2020-03-19 00:00:00-04:00,30.90517601646777,32.94501512297003,29.32672875797677,31.6822566986084,5351800,0.0,0.0
2020-03-20 00:00:00-04:00,31.682254251269047,32.68598570404918,30.362833988745358,30.613767623901367,6740100,0.0,0.0
2020-03-23 00:00:00-04:00,30.168569321451983,30.848515726660548,28.128730105826282,29.83669090270996,5522700,0.0,0.0
2020-03-24 00:00:00-04:00,31.180391662329903,33.34974415914958,30.978026713655265,33.009769439697266,3875000,0.0,0.0
2020-03-25 00:00:00-04:00,32.936919518975685,35.081989313245565,32.0303253699011,33.098812103271484,4929600,0.0,0.0
2020-03-26 00:00:00-04:00,33.24450695448155,35.875250767603156,32.77502197197229,35.62431716918945,3358100,0.0,0.0
2020-03-27 00:00:00-04:00,34.36156975059568,37.16229996829454,34.32109737743067,36.0047721862793,3651700,0.0,0.0
2020-03-30 00:00:00-04:00,36.40141428079235,36.77376510997057,35.17912804922112,36.02906036376953,5166300,0.0,0.0
2020-03-31 00:00:00-04:00,35.753842549464274,37.10564219754371,35.42196411167019,36.35284423828125,6465800,0.0,0.0
2020-04-01 00:00:00-04:00,34.84724177715173,35.162930587021,33.6978104091309,34.636783599853516,3904400,0.0,0.0
2020-04-02 00:00:00-04:00,34.272529158348156,36.86280121926772,34.15110894930341,36.652339935302734,5214800,0.0,0.0
2020-04-03 00:00:00-04:00,36.29618275360476,37.08945310067022,35.55957435362651,35.90764236450195,4001000,0.0,0.0
2020-04-06 00:00:00-04:00,37.24324844922937,38.36030397009349,36.76566698716637,37.923194885253906,4289600,0.0,0.0
2020-04-07 00:00:00-04:00,39.14547445073971,40.34347452386869,38.449338563741165,38.4736213684082,4271100,0.0,0.0
2020-04-08 00:00:00-04:00,38.16602958255316,41.476720182014525,38.16602958255316,41.169124603271484,4300200,0.0,0.0
2020-04-09 00:00:00-04:00,41.73574472074519,43.840338780094,41.71955515563096,42.86089324951172,3819300,0.0,0.0
2020-04-13 00:00:00-04:00,42.11618776600588,42.618055009963584,41.331013946241406,41.816688537597656,2013600,0.0,0.0
2020-04-14 00:00:00-04:00,42.577591384150445,43.39514764842862,42.01097189941659,43.2899169921875,4253700,0.0,0.0
2020-04-15 00:00:00-04:00,42.205232926038626,42.43997700605153,41.20959775559957,42.10000228881836,2886700,0.0,0.0
2020-04-16 00:00:00-04:00,42.148570333136995,42.75566516576851,41.52528593442735,42.229515075683594,3339200,0.0,0.0
2020-04-17 00:00:00-04:00,43.01470329246146,44.41506870194782,42.70710763225189,44.212703704833984,3143600,0.0,0.0
2020-04-20 00:00:00-04:00,43.476091528378866,43.67036326767971,41.7924165017646,41.96240234375,2911300,0.0,0.0
2020-04-21 00:00:00-04:00,40.926284416330965,41.484810509617176,39.857797836574186,40.4810791015625,3086400,0.0,0.0
2020-04-22 00:00:00-04:00,41.27436151072585,41.80050859112074,40.505373990931616,41.363399505615234,2211500,0.0,0.0
2020-04-23 00:00:00-04:00,41.395768159129645,41.78430844078881,40.48107784247831,40.772483825683594,2066900,0.0,0.0
2020-04-24 00:00:00-04:00,41.13674507280222,41.7762190292068,40.72392195067605,41.581947326660156,2594400,0.0,0.0
2020-04-27 00:00:00-04:00,41.808599358417986,42.286180757686544,41.46862464118482,42.10000228881836,2105100,0.0,0.0
2020-04-28 00:00:00-04:00,42.60995419207775,43.23323847425122,41.84096693028745,41.99476623535156,1828700,0.0,0.0
2020-04-29 00:00:00-04:00,42.779934171752785,43.02277449674936,41.77620610142654,42.33473205566406,2176400,0.0,0.0
2020-04-30 00:00:00-04:00,42.1404752940742,42.21332679439203,40.57821774447025,41.04770278930664,2310400,0.0,0.0
2020-05-01 00:00:00-04:00,40.63488881513024,40.764402279497126,39.68781909807364,39.99541473388672,2240600,0.0,0.0
2020-05-04 00:00:00-04:00,40.254433030464,40.254433030464,38.79740609682004,39.776851654052734,2168900,0.0,0.0
2020-05-05 00:00:00-04:00,39.82542911086224,40.70774055668679,39.77686040351466,40.343482971191406,2276300,0.0,0.0
2020-05-06 00:00:00-04:00,40.53774420865661,40.56202701211599,38.87025607593516,38.89453887939453,2146800,0.0,0.0
2020-05-07 00:00:00-04:00,39.453074884668254,39.53401963542716,38.59504632254004,38.708370208740234,2169600,0.0,0.0
2020-05-08 00:00:00-04:00,39.16976414452285,39.66353517855591,38.92692679161079,39.477359771728516,2121800,0.0,0.0
2020-05-11 00:00:00-04:00,39.15357119728941,39.16976076446577,38.02842252520801,39.01596450805664,2481100,0.0,0.0
2020-05-12 00:00:00-04:00,38.99168009428937,39.04024879766312,37.882720947265625,37.882720947265625,2794800,0.0,0.0
2020-05-13 00:00:00-04:00,37.696549174260106,37.720831984359805,35.972398636755244,36.39331817626953,3538900,0.0,0.0
2020-05-14 00:00:00-04:00,36.037151114464564,37.75320504719789,35.511001002787154,37.70463943481445,4694800,0.0,0.0
2020-05-15 00:00:00-04:00,37.51846881445316,37.71274056818364,36.39331993701033,36.79804992675781,4422700,0.0,0.0
2020-05-18 00:00:00-04:00,37.80986869268642,40.416330386785376,37.6479761058015,39.946842193603516,4632800,0.0,0.0
2020-05-19 00:00:00-04:00,39.68780550197218,39.92254954067085,38.97548323590129,39.258792877197266,4613200,0.0,0.0
2020-05-20 00:00:00-04:00,39.63924853105385,40.11682995026573,39.14547754483632,39.46116638183594,2767700,0.0,0.0
2020-05-21 00:00:00-04:00,39.283083035537686,39.898274211628625,38.86216356975022,38.91073226928711,1846100,0.0,0.0
2020-05-22 00:00:00-04:00,38.95120620727539,38.97549210194204,38.56266585889528,38.95120620727539,1168500,0.0,0.0
2020-05-26 00:00:00-04:00,39.96302261262535,40.78057859970702,39.90636068336348,39.987308502197266,1483500,0.0,0.0
2020-05-27 00:00:00-04:00,40.77248962522041,41.104368022668034,39.86589550572713,40.40013885498047,2633400,0.0,0.0
2020-05-28 00:00:00-04:00,40.97486135478441,41.54958025973993,40.31920077869958,41.306739807128906,3297000,0.0,0.0
2020-05-29 00:00:00-04:00,41.08817613239302,41.38767846737601,40.57821870592912,41.31482696533203,4433100,0.0,0.0
2020-06-01 00:00:00-04:00,41.21768143190736,42.67471118508323,41.13673670688351,42.269981384277344,2330900,0.0,0.0
2020-06-02 00:00:00-04:00,42.49663449851035,42.58567556008604,41.72764716144476,42.31045913696289,2032500,0.0,0.0
2020-06-03 00:00:00-04:00,42.65044404727559,43.01470164570436,42.34285148668657,42.699012756347656,1743300,0.0,0.0
2020-06-04 00:00:00-04:00,42.326651544023456,42.512826918073436,41.501002219207955,42.043338775634766,2370000,0.0,0.0
2020-06-05 00:00:00-04:00,42.72329441960904,44.236986722668355,42.415701867280546,43.2899169921875,2329900,0.0,0.0
2020-06-08 00:00:00-04:00,43.29808401846671,45.528343443940756,43.29808401846671,45.34044647216797,3050500,0.49,0.0
2020-06-09 00:00:00-04:00,44.80942363610023,44.80942363610023,43.396109423978565,43.845428466796875,2731700,0.0,0.0
2020-06-10 00:00:00-04:00,43.62486591067547,43.66571253895403,42.58734534713041,42.64453125,4257500,0.0,0.0
2020-06-11 00:00:00-04:00,41.762217761442,41.933778539785415,40.37341096293065,40.84724044799805,2992700,0.0,0.0
2020-06-12 00:00:00-04:00,41.843925032357596,41.90927901360359,39.973120183672336,40.61033630371094,2385500,0.0,0.0
2020-06-15 00:00:00-04:00,39.7280283867251,40.937106374281555,39.14799518266717,40.76554870605469,2653900,0.0,0.0
2020-06-16 00:00:00-04:00,41.835748961900904,42.57916872078241,41.18219364360906,41.435447692871094,2232100,0.0,0.0
2020-06-17 00:00:00-04:00,41.508974137493226,41.639685205171396,40.8554156827047,41.22304153442383,1739300,0.0,0.0
2020-06-18 00:00:00-04:00,40.92076587914009,41.247545051468435,40.60215790013838,41.14950942993164,1723800,0.0,0.0
2020-06-19 00:00:00-04:00,41.729550171205304,41.76222560123587,39.79338836669922,39.79338836669922,4546300,0.0,0.0
2020-06-22 00:00:00-04:00,39.74436438119478,40.332562497542014,39.45026376482267,40.136497497558594,1826600,0.0,0.0
2020-06-23 00:00:00-04:00,40.585821050955154,40.81456461539199,39.84240135013811,40.0629768371582,1707000,0.0,0.0
2020-06-24 00:00:00-04:00,39.61366377605057,39.84240737507785,38.77220832060432,39.34407043457031,2430600,0.0,0.0
2020-06-25 00:00:00-04:00,39.19701848114917,39.22152583249828,38.453598698382066,39.18885040283203,2470100,0.0,0.0
2020-06-26 00:00:00-04:00,39.13166125022108,39.59731958550401,38.151326764636906,38.80488204956055,3910900,0.0,0.0
2020-06-29 00:00:00-04:00,39.17250558176583,40.27537986584211,38.927422753793024,40.20185470581055,2458300,0.0,0.0
2020-06-30 00:00:00-04:00,40.27537870281503,40.65117256928141,39.71168790311547,40.161006927490234,3386800,0.0,0.0
2020-07-01 00:00:00-04:00,40.177362150369895,41.21488284996486,39.98129394596522,40.64302062988281,2616900,0.0,0.0
2020-07-02 00:00:00-04:00,41.02697151864339,41.33740831900561,40.7982248406324,40.93710708618164,1594000,0.0,0.0
2020-07-06 00:00:00-04:00,41.39459494162999,42.056321406228435,40.912600461531596,41.3537483215332,2351700,0.0,0.0
2020-07-07 00:00:00-04:00,40.9044271774584,41.14951000191276,40.43876887607597,41.08415603637695,1822500,0.0,0.0
2020-07-08 00:00:00-04:00,40.953453476645386,41.721380650130364,40.83091048082217,41.55799102783203,2636400,0.0,0.0
2020-07-09 00:00:00-04:00,41.1495122873096,41.198530101481744,40.07931650059545,40.67568588256836,2981900,0.0,0.0
2020-07-10 00:00:00-04:00,40.67568365377097,41.68869349330909,40.56947995374937,41.32923889160156,3166000,0.0,0.0
2020-07-13 00:00:00-04:00,41.6315112570955,42.46479542708226,41.43544622674418,42.3259162902832,3269200,0.0,0.0
2020-07-14 00:00:00-04:00,42.26872957322263,42.55465903541323,41.69686753244401,42.0890007019043,2643800,0.0,0.0
2020-07-15 00:00:00-04:00,42.63635393350973,43.46147004171145,42.15435630966446,42.80791473388672,3863100,0.0,0.0
2020-07-16 00:00:00-04:00,42.79974423316842,43.355267032921496,42.38310369155239,43.22455596923828,1951800,0.0,0.0
2020-07-17 00:00:00-04:00,43.428793774488156,45.00549779026626,43.32259005752342,44.99732971191406,4412900,0.0,0.0
2020-07-20 00:00:00-04:00,44.54800265582021,44.59702046980439,43.126520330649946,43.15102767944336,2038200,0.0,0.0
2020-07-21 00:00:00-04:00,42.76705989741097,43.485972208525446,42.55465561633475,42.70170593261719,2058500,0.0,0.0
2020-07-22 00:00:00-04:00,42.4402859632018,43.34709525349648,41.76222023572117,43.28990936279297,2923500,0.0,0.0
2020-07-23 00:00:00-04:00,43.17554046796317,43.68204859375637,42.79157845076878,43.0611686706543,1810200,0.0,0.0
2020-07-24 00:00:00-04:00,43.289907197746956,43.64936179510562,42.55465561633475,42.70170593261719,1694100,0.0,0.0
2020-07-27 00:00:00-04:00,42.62001245026286,42.74255542754675,41.67235652397923,42.472965240478516,1704000,0.0,0.0
2020-07-28 00:00:00-04:00,42.358595509659914,43.01215397973038,42.358595509659914,42.81608581542969,1553700,0.0,0.0
2020-07-29 00:00:00-04:00,42.93046003169791,43.028492561173046,42.35859789636344,42.963138580322266,2133600,0.0,0.0
2020-07-30 00:00:00-04:00,42.45662071524923,42.930447061558304,42.12167348403863,42.79973602294922,1394200,0.0,0.0
2020-07-31 00:00:00-04:00,42.456625004404636,45.85511546796839,42.456625004404636,45.699893951416016,4457800,0.0,0.0
2020-08-03 00:00:00-04:00,45.34044911738818,45.487499471945604,44.08235302457379,44.49899673461914,2912900,0.0,0.0
2020-08-04 00:00:00-04:00,44.58067650264189,45.92046544644468,44.400947653362046,45.46297836303711,2686000,0.0,0.0
2020-08-05 00:00:00-04:00,45.69173406061223,45.69173406061223,44.44180920891819,44.58885955810547,1944200,0.0,0.0
2020-08-06 00:00:00-04:00,43.820922903890796,44.68688559937077,43.592179334532744,44.62969970703125,1777500,0.0,0.0
2020-08-07 00:00:00-04:00,44.229389997084205,45.699889981345876,44.229389997084205,45.46297836303711,1801200,0.0,0.0
2020-08-10 00:00:00-04:00,45.56102164736678,45.85512233710435,45.12804180769634,45.21790313720703,1511900,0.0,0.0
2020-08-11 00:00:00-04:00,45.561024649224315,45.93681861469418,44.45814699004366,44.49899673461914,1531000,0.0,0.0
2020-08-12 00:00:00-04:00,44.6950649942824,45.63455309157373,44.53984654954306,45.364959716796875,1987400,0.0,0.0
2020-08-13 00:00:00-04:00,45.03817195702044,45.47115174473151,44.67871421652305,45.307762145996094,1439200,0.0,0.0
2020-08-14 00:00:00-04:00,45.24241117638146,45.454815487343936,44.76041354216911,45.07085037231445,1016900,0.0,0.0
2020-08-17 00:00:00-04:00,44.96464629062344,45.062678802209554,44.46630942243156,44.703224182128906,1419500,0.0,0.0
2020-08-18 00:00:00-04:00,44.65420785938743,44.915629976612294,44.09051700344584,44.548004150390625,2050800,0.0,0.0
2020-08-19 00:00:00-04:00,44.71955946865376,44.73589562213132,44.22939072160573,44.39278030395508,1197800,0.0,0.0
2020-08-20 00:00:00-04:00,44.05784213935021,44.31109619998715,43.78824880547239,43.99248504638672,1121300,0.0,0.0
2020-08-21 00:00:00-04:00,44.164036375777926,44.164036375777926,43.14285539044045,43.526817321777344,2082200,0.0,0.0
2020-08-24 00:00:00-04:00,43.682057609476516,44.04968042915943,43.273585039696925,44.03334426879883,1390500,0.0,0.0
2020-08-25 00:00:00-04:00,44.14769621950518,44.15586429600915,43.33891952414442,43.788238525390625,1280100,0.0,0.0
2020-08-26 00:00:00-04:00,43.3389205105286,43.36343097339235,42.58733279917764,42.8487548828125,1475500,0.0,0.0
2020-08-27 00:00:00-04:00,43.11018895964086,43.298085939751275,42.407615745768396,42.718055725097656,2205300,0.0,0.0
2020-08-28 00:00:00-04:00,42.734397559783474,42.77524418983771,42.12168875977563,42.611854553222656,2792600,0.0,0.0
2020-08-31 00:00:00-04:00,42.64452558723742,42.88960844076226,42.40761081172446,42.67720413208008,1916500,0.0,0.0
2020-09-01 00:00:00-04:00,42.33409068140249,42.33409068140249,41.459959759431726,41.6641960144043,1463200,0.0,0.0
2020-09-02 00:00:00-04:00,41.60700460680344,43.37977356951808,41.410936456758805,43.232723236083984,2202000,0.0,0.0
2020-09-03 00:00:00-04:00,43.518658885017224,43.89445282292901,42.10534446221162,42.505645751953125,1680800,0.0,0.0
2020-09-04 00:00:00-04:00,42.620019829245294,42.995816903660426,41.958296363257986,42.90595245361328,2271900,0.0,0.0
2020-09-08 00:00:00-04:00,42.98016608555582,43.062631839017676,42.15552742541835,42.88121032714844,2656000,0.49,0.0
2020-09-09 00:00:00-04:00,43.120356308608685,44.60470526822453,43.03789055511807,44.06044387817383,3619000,0.0,0.0
2020-09-10 00:00:00-04:00,43.68109901875837,44.010952506142715,43.11209648389584,43.12858963012695,2377100,0.0,0.0
2020-09-11 00:00:00-04:00,43.17808167052514,43.359503186270054,42.46889190433709,43.20281982421875,1606100,0.0,0.0
2020-09-14 00:00:00-04:00,43.37599051393423,43.51618071628677,43.013150650589694,43.277034759521484,1422300,0.0,0.0
2020-09-15 00:00:00-04:00,43.45021219366782,43.45021219366782,42.45240011652287,42.59259033203125,1762500,0.0,0.0
2020-09-16 00:00:00-04:00,42.62556720344226,43.84603192823838,42.43590070692798,43.70584487915039,2213800,0.0,0.0
2020-09-17 00:00:00-04:00,43.3017779522907,43.796563073443984,42.80699597688449,43.07912826538086,1931500,0.0,0.0
2020-09-18 00:00:00-04:00,42.88120350907546,43.27702962551582,42.089551276194726,42.328697204589844,3654300,0.0,0.0
2020-09-21 00:00:00-04:00,41.932870362708485,42.51011799549014,41.49581292374002,42.196754455566406,1681300,0.0,0.0
2020-09-22 00:00:00-04:00,42.77400611869128,43.491444012886085,42.50187699855452,43.26879119873047,2112200,0.0,0.0
2020-09-23 00:00:00-04:00,43.3100240503614,43.49969057014444,42.7410244910123,42.81523895263672,1890500,0.0,0.0
2020-09-24 00:00:00-04:00,42.765760837317735,44.48100759132339,42.6008324783805,44.09342956542969,3414700,0.0,0.0
2020-09-25 00:00:00-04:00,43.755324644935946,44.8191060334954,43.53267184851748,44.63768768310547,2392700,0.0,0.0
2020-09-28 00:00:00-04:00,45.000524725799536,45.495306589847985,44.76962694200978,44.8191032409668,1622100,0.0,0.0
2020-09-29 00:00:00-04:00,45.02526863327687,45.64374761530401,44.81910897260116,45.1901969909668,1802400,0.0,0.0
2020-09-30 00:00:00-04:00,45.50355564956057,45.6849771380323,44.96753933130122,45.28090286254883,2886800,0.0,0.0
2020-10-01 00:00:00-04:00,45.32213867300322,45.66024038788428,44.91806750304004,45.41284942626953,2277700,0.0,0.0
2020-10-02 00:00:00-04:00,45.01702172137964,46.51786373577414,44.67892001804344,46.13853073120117,3631400,0.0,0.0
2020-10-05 00:00:00-04:00,46.220992678874616,46.9219373729563,45.81692152843327,46.44364547729492,1907900,0.0,0.0
2020-10-06 00:00:00-04:00,46.50137265731748,46.96317143067933,45.816924218210815,46.0973014831543,2456000,0.0,0.0
2020-10-07 00:00:00-04:00,46.49312724568546,47.28477958241041,46.49312724568546,47.02914047241211,2112200,0.0,0.0
2020-10-08 00:00:00-04:00,47.11161715428128,48.233126464391034,47.10336900437746,48.15890884399414,1463500,0.0,0.0
2020-10-09 00:00:00-04:00,48.35681377388052,48.39804508050635,47.293029075900066,47.46620559692383,2202700,0.0,0.0
2020-10-12 00:00:00-04:00,47.43321869091656,47.86203119502272,47.20232086014671,47.63113021850586,1943700,0.0,0.0
2020-10-13 00:00:00-04:00,47.235297147000146,47.79605163651732,46.83947100364918,47.763065338134766,2469800,0.0,0.0
2020-10-14 00:00:00-04:00,47.763061908890194,48.38154080329862,47.705337463738445,47.84552764892578,1386400,0.0,0.0
2020-10-15 00:00:00-04:00,47.41672310395354,48.55472533925754,47.34250549848269,48.200130462646484,1445100,0.0,0.0
2020-10-16 00:00:00-04:00,48.38979465806976,49.33813033299032,48.04344480055871,49.06599807739258,2545400,0.0,0.0
2020-10-19 00:00:00-04:00,49.09898437729777,49.36286848504586,48.69491006782599,49.06599807739258,1946800,0.0,0.0
2020-10-20 00:00:00-04:00,49.29689682087532,49.544290929112975,49.05775400639061,49.38760757446289,1519800,0.0,0.0
2020-10-21 00:00:00-04:00,49.296893661892305,49.61850220709623,49.04125771352332,49.082489013671875,2199300,0.0,0.0
2020-10-22 00:00:00-04:00,49.20618423139611,50.21224433983581,48.76912677577732,50.19575119018555,1571400,0.0,0.0
2020-10-23 00:00:00-04:00,50.2534735872086,50.35243248106571,49.84115430004355,50.23698043823242,1845300,0.0,0.0
2020-10-26 00:00:00-04:00,49.84940343009299,50.29470902398879,49.46182228587851,50.286460876464844,1840200,0.0,0.0
2020-10-27 00:00:00-04:00,50.26997313998424,51.03688736346676,50.113292923371056,50.30295944213867,1789900,0.0,0.0
2020-10-28 00:00:00-04:00,49.667990430312145,50.06381664401865,48.24961080522015,48.389801025390625,2509500,0.0,0.0
2020-10-29 00:00:00-04:00,48.24960236835311,49.725706194891714,47.96098012103956,49.24741744995117,2627700,0.0,0.0
2020-10-30 00:00:00-04:00,48.793864505544185,49.247418252638795,47.35899510158895,47.952735900878906,3240600,0.0,0.0
2020-11-02 00:00:00-05:00,48.56296588253968,48.80211182773619,47.82903804346798,48.23311233520508,3326100,0.0,0.0
2020-11-03 00:00:00-05:00,49.057743121276594,49.49480049622616,48.55471315990275,48.91755294799805,1702300,0.0,0.0
2020-11-04 00:00:00-05:00,49.01653083488912,49.61027179806428,48.03521176141682,48.15890884399414,1898400,0.0,0.0
2020-11-05 00:00:00-05:00,48.55472450116244,49.18144848985091,48.07643257510675,48.480506896972656,1721800,0.0,0.0
2020-11-06 00:00:00-05:00,48.32382737102465,48.76913303146187,48.150653996103635,48.175392150878906,1502700,0.0,0.0
2020-11-09 00:00:00-05:00,50.33594458706939,51.25129400345605,49.725710594229334,49.791683197021484,2495700,0.0,0.0
2020-11-10 00:00:00-05:00,49.816415289868814,50.088547524660434,49.36286471096258,50.080299377441406,1931500,0.0,0.0
2020-11-11 00:00:00-05:00,50.40191389667493,50.500872800573674,49.585523386864665,50.204002380371094,1655800,0.0,0.0
2020-11-12 00:00:00-05:00,49.57726785526541,49.70096489384358,48.47225209227089,48.80210876464844,1859900,0.0,0.0
2020-11-13 00:00:00-05:00,49.12371356356365,49.42058391703378,48.77736691501258,48.96703338623047,3022200,0.0,0.0
2020-11-16 00:00:00-05:00,49.83291000106321,49.89887945215159,48.86808121970489,49.082489013671875,4382900,0.0,0.0
2020-11-17 00:00:00-05:00,48.909315937247676,49.024764836603474,48.60419739381127,48.694908142089844,3758800,0.0,0.0
2020-11-18 00:00:00-05:00,48.967032525114966,48.967032525114966,47.63111595799228,47.68059539794922,2652000,0.0,0.0
2020-11-19 00:00:00-05:00,47.680610593798846,47.680610593798846,46.8724650247553,47.515682220458984,2496900,0.0,0.0
2020-11-20 00:00:00-05:00,47.664110821613946,48.1836340244642,47.293022819578056,48.00221252441406,5497100,0.0,0.0
2020-11-23 00:00:00-05:00,48.24960976095178,48.57122150176558,47.82904540103688,48.175392150878906,2038400,0.0,0.0
2020-11-24 00:00:00-05:00,48.38154501739514,49.39585326082933,48.20012666500773,49.21443176269531,2299100,0.0,0.0
2020-11-25 00:00:00-05:00,49.20617725564475,49.47830946767513,48.991772632079815,49.45357131958008,1982500,0.0,0.0
2020-11-27 00:00:00-05:00,49.3216427185449,49.45358478722717,48.529987160704195,48.94230651855469,898700,0.0,0.0
2020-11-30 00:00:00-05:00,48.71964991896514,48.71964991896514,47.97747392186985,48.0599365234375,3996400,0.0,0.0
2020-12-01 00:00:00-05:00,48.56295925079415,48.86807460549249,47.2847702447103,47.424957275390625,2521500,0.0,0.0
2020-12-02 00:00:00-05:00,47.28477178711197,47.862019367131424,47.01263957174354,47.581642150878906,3046900,0.0,0.0
2020-12-03 00:00:00-05:00,47.33425167228549,47.73832278005528,46.88069797576352,47.52391815185547,2688100,0.0,0.0
2020-12-04 00:00:00-05:00,47.482686855557,47.77955407635375,47.2435409329811,47.52391815185547,3045000,0.0,0.0
2020-12-07 00:00:00-05:00,47.317769552734845,47.8043065122426,47.15284118335566,47.441463470458984,2085500,0.0,0.0
2020-12-08 00:00:00-05:00,47.20232468742336,47.33426676509674,46.73227769335548,47.19407653808594,2509500,0.0,0.0
2020-12-09 00:00:00-05:00,47.36042740469544,47.61827422396491,46.96950224550349,47.31884002685547,1597100,0.49,0.0
2020-12-10 00:00:00-05:00,47.16079937559768,47.46854973117102,46.42884958255957,47.07762145996094,1697100,0.0,0.0
2020-12-11 00:00:00-05:00,46.75323429902713,47.2273373005668,46.67837576336755,46.97780990600586,1626100,0.0,0.0
2020-12-14 00:00:00-05:00,47.302195373329795,47.71807541783257,46.769869424032315,46.936222076416016,2589600,0.0,0.0
2020-12-15 00:00:00-05:00,47.22734546323235,48.183871009438086,46.894643270618616,48.08406066894531,1990900,0.0,0.0
2020-12-16 00:00:00-05:00,47.93432433068067,48.39179164496593,47.4602214375053,47.53507995605469,2054000,0.0,0.0
2020-12-17 00:00:00-05:00,47.85115410090813,48.208811172053565,47.551719978747975,47.568355560302734,2246900,0.0,0.0
2020-12-18 00:00:00-05:00,47.551723439207265,47.74303105455255,46.911270953761836,47.2606086730957,4616500,0.0,0.0
2020-12-21 00:00:00-05:00,46.80314501255802,47.33547101216678,46.50371084454978,46.96949768066406,3160300,0.0,0.0
2020-12-22 00:00:00-05:00,46.961173238487376,47.15247767566196,46.703329644993005,46.902950286865234,2009200,0.0,0.0
2020-12-23 00:00:00-05:00,47.24396567893393,47.68480062077787,47.01939010620117,47.01939010620117,1527700,0.0,0.0
2020-12-24 00:00:00-05:00,47.02770590509909,47.56834794092267,47.0027509503078,47.53507995605469,773000,0.0,0.0
2020-12-28 00:00:00-05:00,47.942657609606385,47.99256436405222,47.568364883546046,47.67649459838867,1038700,0.0,0.0
2020-12-29 00:00:00-05:00,47.759663061668945,48.15891069884523,47.327150605068375,47.47686767578125,1946300,0.0,0.0
2020-12-30 00:00:00-05:00,47.377057245042224,47.967606188329654,47.377057245042224,47.70976257324219,1188100,0.0,0.0
2020-12-31 00:00:00-05:00,47.643219575919716,48.524886462350125,47.56836103676135,48.491615295410156,1860400,0.0,0.0
2021-01-04 00:00:00-05:00,48.3585342830509,48.998989974926246,46.19595917698629,46.3539924621582,3856800,0.0,0.0
2021-01-05 00:00:00-05:00,46.337353542083584,46.620152097706224,45.713533478761256,46.362308502197266,2882500,0.0,0.0
2021-01-06 00:00:00-05:00,46.778194304739934,47.451918025427,46.46212454531976,47.335472106933594,2320500,0.0,0.0
2021-01-07 00:00:00-05:00,47.243975903872574,47.42696415227627,46.39558016979158,46.6617431640625,2791700,0.0,0.0
2021-01-08 00:00:00-05:00,46.73660110278477,47.81789182261631,46.67837814684468,47.668174743652344,2925800,0.0,0.0
2021-01-11 00:00:00-05:00,47.443606404278775,47.792944193516696,47.08594923553694,47.393699645996094,2500900,0.0,0.0
2021-01-12 00:00:00-05:00,47.36873677845101,47.859475348297856,46.85304642175338,47.701438903808594,2356000,0.0,0.0
2021-01-13 00:00:00-05:00,47.892754699475,48.98235855038707,47.751353813019534,48.80768966674805,2677500,0.0,0.0
2021-01-14 00:00:00-05:00,48.59142324335321,48.80768264495769,48.03414550251276,48.05909729003906,1894100,0.0,0.0
2021-01-15 00:00:00-05:00,48.0008707464839,49.53962871139543,47.67648484125593,49.38991165161133,3101300,0.0,0.0
2021-01-19 00:00:00-05:00,49.59786045248067,49.59786045248067,48.33358459734941,48.391807556152344,2093700,0.0,0.0
2021-01-20 00:00:00-05:00,48.2420912781251,49.4481441946609,47.87611793481572,49.29010772705078,2486000,0.0,0.0
2021-01-21 00:00:00-05:00,49.15701936916479,49.348326979379166,48.466660153938825,48.533199310302734,1749300,0.0,0.0
2021-01-22 00:00:00-05:00,48.29199936379986,48.73283126368324,47.942658422581886,48.541526794433594,1375700,0.0,0.0
2021-01-25 00:00:00-05:00,48.48330946117971,49.02395176149374,48.08406489123719,48.67461395263672,2284200,0.0,0.0
2021-01-26 00:00:00-05:00,48.815998195264086,48.88254052499258,48.0590966456235,48.51656723022461,1430100,0.0,0.0
2021-01-27 00:00:00-05:00,48.125634548789485,48.4583366480915,46.54528926513888,46.877994537353516,2233300,0.0,0.0
2021-01-28 00:00:00-05:00,46.96117712743197,48.29199526607695,46.869683003616686,47.4519157409668,1705400,0.0,0.0
2021-01-29 00:00:00-05:00,47.03603239868106,47.49349981305152,46.220907892205176,46.936222076416016,2096300,0.0,0.0
2021-02-01 00:00:00-05:00,47.01107032620897,47.826194654351056,46.34566303516567,47.53507995605469,1284700,0.0,0.0
2021-02-02 00:00:00-05:00,47.792933348119156,49.065528425778524,47.50181858981536,48.533199310302734,2613100,0.0,0.0
2021-02-03 00:00:00-05:00,48.4001148770773,48.79104310548864,48.125635717808585,48.32525634765625,1706900,0.0,0.0
2021-02-04 00:00:00-05:00,48.267039272130255,49.023940862628706,48.18386452839275,48.7078742980957,1423800,0.0,0.0
2021-02-05 00:00:00-05:00,49.06553239847131,49.481412471385276,48.641332947267706,49.34001159667969,1953400,0.0,0.0
2021-02-08 00:00:00-05:00,49.364957646461974,49.89728674314934,48.5664687608001,48.915809631347656,1643500,0.0,0.0
2021-02-09 00:00:00-05:00,49.05721372106847,49.198614597794275,48.41675801888112,48.849273681640625,1513900,0.0,0.0
2021-02-10 00:00:00-05:00,49.14870141400901,49.20692436359614,48.69955022612596,48.94907760620117,1615800,0.0,0.0
2021-02-11 00:00:00-05:00,48.88254299795886,49.04057627968956,48.45834355676176,48.716190338134766,1405300,0.0,0.0
2021-02-12 00:00:00-05:00,48.41676042110538,48.86591169005359,48.250407746726786,48.46666717529297,1251400,0.0,0.0
2021-02-16 00:00:00-05:00,48.45003172880169,48.60806502480991,47.68481386655551,48.200504302978516,2307300,0.0,0.0
2021-02-17 00:00:00-05:00,48.26703230944601,48.44170432275868,47.74302578824587,48.250396728515625,1331500,0.0,0.0
2021-02-18 00:00:00-05:00,48.22545475501972,48.90749784736345,48.0424665004693,48.6579704284668,1113800,0.0,0.0
2021-02-19 00:00:00-05:00,48.69956052990996,48.70787990898991,47.80126113699571,48.03415298461914,3815100,0.0,0.0
2021-02-22 00:00:00-05:00,47.97592615048236,48.034149107688926,46.72828591391901,47.48518753051758,2013300,0.0,0.0
2021-02-23 00:00:00-05:00,47.85947680817854,48.48329688177968,47.834521847653676,48.05078125,1488400,0.0,0.0
2021-02-24 00:00:00-05:00,47.80126420896158,47.95098131288782,46.561939998219614,46.62016296386719,2955000,0.0,0.0
2021-02-25 00:00:00-05:00,46.54529924088926,46.952863128057075,46.295771819705,46.49539566040039,3159900,0.0,0.0
2021-02-26 00:00:00-05:00,46.528666366962966,46.902959107000534,44.74038376687113,44.77365493774414,4100900,0.0,0.0
2021-03-01 00:00:00-05:00,45.13961989153073,46.34567264128988,45.13961989153073,45.82166290283203,1935300,0.0,0.0
2021-03-02 00:00:00-05:00,45.84661676534088,45.96306267406678,45.01485664825532,45.422420501708984,1895700,0.0,0.0
2021-03-03 00:00:00-05:00,45.23942792270663,45.47231971782692,44.723737587977666,45.122982025146484,2379700,0.0,0.0
2021-03-04 00:00:00-05:00,45.15626176216562,46.220913796766176,44.915050544041016,45.464012145996094,1832100,0.0,0.0
2021-03-05 00:00:00-05:00,45.79671309279514,47.10257622004379,45.688583389385464,46.794822692871094,2302700,0.0,0.0
2021-03-08 00:00:00-05:00,47.02145773090557,48.39802255327121,46.786435405703344,47.927974700927734,2643900,0.51,0.0
2021-03-09 00:00:00-05:00,47.978329038463144,48.7169746107679,47.93636123136435,48.28889465332031,2071300,0.0,0.0
2021-03-10 00:00:00-05:00,48.330872890001906,48.86806858585364,48.06227184013713,48.465171813964844,1982200,0.0,0.0
2021-03-11 00:00:00-05:00,48.23013387328653,48.63303054140414,47.64257503155492,47.65936279296875,2075100,0.0,0.0
2021-03-12 00:00:00-05:00,48.06228111587188,48.56590457938341,47.82725875406356,48.42321014404297,1692800,0.0,0.0
2021-03-15 00:00:00-04:00,48.55750117829627,49.187028003608354,48.55750117829627,49.01076126098633,1390600,0.0,0.0
2021-03-16 00:00:00-04:00,48.64143440761029,49.388472308636224,48.414804392365575,49.15345001220703,1816700,0.0,0.0
2021-03-17 00:00:00-04:00,49.30453830272692,49.556348371705226,48.96039712800419,49.094696044921875,1853100,0.0,0.0
2021-03-18 00:00:00-04:00,49.03593571471846,49.354896833028256,48.742157843866444,49.161842346191406,2264500,0.0,0.0
2021-03-19 00:00:00-04:00,49.15344960989536,49.87530425758232,48.69179410006136,49.447227478027344,4571100,0.0,0.0
2021-03-22 00:00:00-04:00,49.18703098959856,49.363300944860384,48.43999295718813,48.58268737792969,2108400,0.0,0.0
2021-03-23 00:00:00-04:00,48.47356336943473,48.968791244490056,48.11263441632971,48.952003479003906,2178400,0.0,0.0
2021-03-24 00:00:00-04:00,48.73376615694666,49.75779417778859,48.6162518052342,49.279354095458984,1978600,0.0,0.0
2021-03-25 00:00:00-04:00,49.60671114214405,50.001215632733576,49.29614548037087,49.875308990478516,1817200,0.0,0.0
2021-03-26 00:00:00-04:00,49.99281198314449,50.127110876774005,49.086292049691615,49.774574279785156,2054800,0.0,0.0
2021-03-29 00:00:00-04:00,49.69904112921513,50.83219127807425,49.6906488474927,50.53841018676758,1805500,0.0,0.0
2021-03-30 00:00:00-04:00,50.32855538364134,50.49642979371576,49.480794255575674,50.20265197753906,1505100,0.0,0.0
2021-03-31 00:00:00-04:00,50.17748123586492,50.697892356943406,49.7997677215174,50.53841018676758,3238100,0.0,0.0
2021-04-01 00:00:00-04:00,50.42090442678706,50.597171179270845,49.841740867794975,50.08515548706055,1855800,0.0,0.0
2021-04-05 00:00:00-04:00,50.15230430417463,51.13436462558505,50.12712425550433,50.91613006591797,1583400,0.0,0.0
2021-04-06 00:00:00-04:00,50.62235260993501,51.15115284836343,50.437690379534494,51.13436508178711,1401400,0.0,0.0
2021-04-07 00:00:00-04:00,51.201514889000904,51.49529279201466,51.000064896977904,51.394569396972656,1648800,0.0,0.0
2021-04-08 00:00:00-04:00,51.5708421685976,51.64638552419661,51.14276528816283,51.453330993652344,1484900,0.0,0.0
2021-04-09 00:00:00-04:00,51.554041440538796,51.67994806886584,51.25187129604331,51.41135025024414,1668700,0.0,0.0
2021-04-12 00:00:00-04:00,51.65477712787373,51.84783164391181,51.32742367885527,51.4449348449707,1827900,0.0,0.0
2021-04-13 00:00:00-04:00,51.08400356920241,52.40181279052545,50.899341343916205,52.38502502441406,1881700,0.0,0.0
2021-04-14 00:00:00-04:00,52.44377851489258,52.73755960722577,52.21714848432887,52.729164123535156,2225300,0.0,0.0
2021-04-15 00:00:00-04:00,52.47735226302603,52.82988571952303,52.091243276784915,52.37662887573242,2512100,0.0,0.0
2021-04-16 00:00:00-04:00,52.72076964892196,53.434232039883305,52.60325529571325,53.17402648925781,2298600,0.0,0.0
2021-04-19 00:00:00-04:00,53.224390328304594,53.35868924569339,52.695586940237995,53.283145904541016,1718600,0.0,0.0
2021-04-20 00:00:00-04:00,53.3586874131015,53.652465284193894,53.1068773518882,53.425838470458984,1810100,0.0,0.0
2021-04-21 00:00:00-04:00,53.62728546291163,53.84552319829745,52.98097094186696,53.34189987182617,1922900,0.0,0.0
2021-04-22 00:00:00-04:00,53.45941731936165,53.45941731936165,52.703987043557674,52.81310272216797,1679400,0.0,0.0
2021-04-23 00:00:00-04:00,52.787915765931935,53.081696836361836,52.48574241437597,52.82988357543945,1514300,0.0,0.0
2021-04-26 00:00:00-04:00,52.78790981358322,52.78790981358322,52.13320309366225,52.1751708984375,2036400,0.0,0.0
2021-04-27 00:00:00-04:00,52.16678409095057,52.53610529443091,51.84782297770838,52.124813079833984,2369400,0.0,0.0
2021-04-28 00:00:00-04:00,52.3346578625829,52.628438944935816,52.04087998216874,52.37662887573242,1686900,0.0,0.0
2021-04-29 00:00:00-04:00,52.71236989254226,53.36707985673439,52.63682655828696,52.955787658691406,2148700,0.0,0.0
2021-04-30 00:00:00-04:00,53.08168885794913,53.132048941013366,52.62003341693937,53.0145378112793,2371500,0.0,0.0
2021-05-03 00:00:00-04:00,53.08169730634847,53.97142960470333,52.997758484651605,53.425838470458984,2195400,0.0,0.0
2021-05-04 00:00:00-04:00,53.5937135269209,53.635684541727834,52.821495523944265,53.039730072021484,2424100,0.0,0.0
2021-05-05 00:00:00-04:00,52.98936312845234,53.04811869926121,51.16793082756213,51.46171188354492,3679600,0.0,0.0
2021-05-06 00:00:00-04:00,51.85622665373039,52.653628011088685,51.7471109662781,52.51932907104492,2173600,0.0,0.0
2021-05-07 00:00:00-04:00,52.2758922542277,53.467797715895195,52.2758922542277,53.00614547729492,2407100,0.0,0.0
2021-05-10 00:00:00-04:00,53.19921516896055,53.90428535050657,53.09009628795226,53.11527633666992,1713400,0.0,0.0
2021-05-11 00:00:00-04:00,53.18241721035232,53.24956506137721,51.92336378473579,52.25071716308594,1475500,0.0,0.0
2021-05-12 00:00:00-04:00,52.32626406201328,52.41859516515973,50.92451615430911,50.94969940185547,1824400,0.0,0.0
2021-05-13 00:00:00-04:00,50.94969674129457,52.418592427894026,50.94969674129457,52.16678237915039,1829600,0.0,0.0
2021-05-14 00:00:00-04:00,52.334650133570065,52.76273006973996,52.2507145235445,52.47734451293945,1887000,0.0,0.0
2021-05-17 00:00:00-04:00,52.57807582450263,52.77952580169597,52.18357135354918,52.284297943115234,1302400,0.0,0.0
2021-05-18 00:00:00-04:00,52.20875638700098,52.32626754357381,51.9233707773503,52.13321304321289,1839000,0.0,0.0
2021-05-19 00:00:00-04:00,51.923374045216626,52.04927749149476,51.26866715914093,52.02409744262695,1450600,0.0,0.0
2021-05-20 00:00:00-04:00,52.14999708367438,52.76273607199294,51.90657930419562,52.527713775634766,1938700,0.0,0.0
2021-05-21 00:00:00-04:00,52.636828153985675,52.95578926405951,52.36823033558831,52.89703369140625,3944500,0.0,0.0
2021-05-24 00:00:00-04:00,53.74479365978591,53.97142686589751,53.24956584369026,53.266353607177734,1516900,0.0,0.0
2021-05-25 00:00:00-04:00,53.12367109004024,53.26636230006271,52.18357539295251,52.20036315917969,1885300,0.0,0.0
2021-05-26 00:00:00-04:00,52.29269027709961,52.63683145361547,51.990516911975675,52.29269027709961,1897600,0.0,0.0
2021-05-27 00:00:00-04:00,52.46895201235805,52.46895201235805,52.00729972710719,52.06605529785156,2843000,0.0,0.0
2021-05-28 00:00:00-04:00,52.30946834950614,52.48573504585466,52.05765832587422,52.14159393310547,1622800,0.0,0.0
2021-06-01 00:00:00-04:00,52.30947306347167,52.435379687603024,51.69673411003856,52.06605529785156,1900900,0.0,0.0
2021-06-02 00:00:00-04:00,52.17517772329585,52.18357000457336,51.52886319901241,51.763885498046875,2430400,0.0,0.0
2021-06-03 00:00:00-04:00,51.268662275887735,52.18357145162481,51.092392344785246,51.797462463378906,2699400,0.0,0.0
2021-06-04 00:00:00-04:00,51.97373822426173,52.082857114489414,51.41136240912544,51.42815017700195,1901800,0.0,0.0
2021-06-07 00:00:00-04:00,51.50431918691865,51.7497801580339,51.38582167777749,51.52124786376953,2192700,0.51,0.0
2021-06-08 00:00:00-04:00,51.529708445395286,51.7667034389744,50.86950303228762,51.639739990234375,1974800,0.0,0.0
2021-06-09 00:00:00-04:00,51.91905253041179,52.037550014065225,51.51277405982248,51.74130630493164,2291500,0.0,0.0
2021-06-10 00:00:00-04:00,51.84288188829678,52.316875113648784,51.758241740005026,52.164520263671875,1767900,0.0,0.0
2021-06-11 00:00:00-04:00,52.00370093593859,52.35073071987694,51.92752350879042,52.30841064453125,1239100,0.0,0.0
2021-06-14 00:00:00-04:00,52.486154979441594,52.71468725253122,52.020627710028485,52.34226608276367,1745500,0.0,0.0
2021-06-15 00:00:00-04:00,52.48615619649819,53.036326855080446,52.33380457305368,52.7739372253418,1782400,0.0,0.0
2021-06-16 00:00:00-04:00,52.934758487435396,53.214073566448704,51.81749171375263,51.82595443725586,2432100,0.0,0.0
2021-06-17 00:00:00-04:00,51.68206630855072,51.98677279144329,51.51278277662275,51.80056381225586,1424700,0.0,0.0
2021-06-18 00:00:00-04:00,51.19960847278984,51.47046082246409,50.209301945881414,50.22623062133789,3369100,0.0,0.0
2021-06-21 00:00:00-04:00,50.54786277858491,51.02185271779352,50.1839043730844,50.83564376831055,1964400,0.0,0.0
2021-06-22 00:00:00-04:00,50.77639813704425,51.04725046999158,50.3362622888012,50.46322250366211,3155500,0.0,0.0
2021-06-23 00:00:00-04:00,50.234696049071225,50.463228336814794,49.980772361183334,50.09926986694336,2835900,0.0,0.0
2021-06-24 00:00:00-04:00,50.14158970078711,50.353193297512746,49.904591476860425,50.25162124633789,1885600,0.0,0.0
2021-06-25 00:00:00-04:00,50.192377129069186,50.7256191460909,50.15851977555337,50.6663703918457,2148600,0.0,0.0
2021-06-28 00:00:00-04:00,50.68329308903657,51.28424651337504,50.62404434178148,50.98800277709961,1607200,0.0,0.0
2021-06-29 00:00:00-04:00,50.92875016634992,51.26731719971506,50.09080176343372,50.35319137573242,1939600,0.0,0.0
2021-06-30 00:00:00-04:00,50.30240682775772,50.818720115819616,50.17544337931756,50.564796447753906,2259500,0.0,0.0
2021-07-01 00:00:00-04:00,50.784861908786056,51.233460489093005,50.57325831749945,50.98800277709961,1203000,0.0,0.0
2021-07-02 00:00:00-04:00,51.047252495200595,51.13189264179915,50.65789942592922,50.869503021240234,1128100,0.0,0.0
2021-07-06 00:00:00-04:00,50.88642918768143,51.08957004984383,50.293938504256786,51.03878402709961,1201700,0.0,0.0
2021-07-07 00:00:00-04:00,50.988008132539825,51.572032943459696,50.767938566350956,51.50431823730469,1513600,0.0,0.0
2021-07-08 00:00:00-04:00,51.28424817445108,51.698992647484644,51.089573251619704,51.24192810058594,1159200,0.0,0.0
2021-07-09 00:00:00-04:00,51.55510034293274,51.65666916561969,50.83564940327698,51.199607849121094,3131500,0.0,0.0
2021-07-12 00:00:00-04:00,51.05571529876537,51.41967374157883,50.78486295464577,51.37735366821289,1389700,0.0,0.0
2021-07-13 00:00:00-04:00,51.35196482867909,51.35196482867909,50.44630159555514,50.6409797668457,2172000,0.0,0.0
2021-07-14 00:00:00-04:00,50.69174499513531,51.351947025851445,50.57324752591076,51.114952087402344,1365500,0.0,0.0
2021-07-15 00:00:00-04:00,50.92875212202557,51.86827260831783,50.861040650041126,51.79209518432617,1864000,0.0,0.0
2021-07-16 00:00:00-04:00,52.01216463313106,52.53694064805674,51.71591766092642,52.257625579833984,2036900,0.0,0.0
2021-07-19 00:00:00-04:00,51.919052620186704,52.325331091478525,50.23468676427598,50.945674896240234,2590600,0.0,0.0
2021-07-20 00:00:00-04:00,50.8948979141552,51.74977502299926,50.88643196216234,51.351959228515625,2126400,0.0,0.0
2021-07-21 00:00:00-04:00,51.53817097668072,51.65666847302917,50.78486269662446,50.82718276977539,1137200,0.0,0.0
2021-07-22 00:00:00-04:00,50.74254202233582,51.12342913381113,50.74254202233582,50.962608337402344,1151200,0.0,0.0
2021-07-23 00:00:00-04:00,51.17421288401841,51.885201095762866,51.16575016085647,51.81748962402344,1215400,0.0,0.0
2021-07-26 00:00:00-04:00,51.87674684678454,52.19838204051225,51.55510842424166,52.0968132019043,2162900,0.0,0.0
2021-07-27 00:00:00-04:00,52.00369938418756,53.40028443062596,51.74131298758479,53.1971435546875,1823000,0.0,0.0
2021-07-28 00:00:00-04:00,53.17175415331591,53.290251656725076,52.40151715234155,52.900901794433594,1595300,0.0,0.0
2021-07-29 00:00:00-04:00,53.07864828938583,53.55264153397905,53.00247086130505,53.383358001708984,1492900,0.0,0.0
2021-07-30 00:00:00-04:00,53.39182126465008,53.78963383230857,52.47769217372829,52.672367095947266,3328000,0.0,0.0
2021-08-02 00:00:00-04:00,52.83318397480698,53.41721196261969,52.81625852858786,53.20560836791992,2333700,0.0,0.0
2021-08-03 00:00:00-04:00,53.28178168778011,54.54294043574367,53.053249435646535,53.75577163696289,2219300,0.0,0.0
2021-08-04 00:00:00-04:00,53.357960283896944,53.65420400868055,52.943215840385456,53.552635192871094,2036400,0.0,0.0
2021-08-05 00:00:00-04:00,53.65421092100989,54.11127549425824,53.33257252922607,54.08588409423828,1942500,0.0,0.0
2021-08-06 00:00:00-04:00,54.077408607457336,54.47522435797814,53.89119642996857,54.05201721191406,1429200,0.0,0.0
2021-08-09 00:00:00-04:00,54.23823399260217,54.28901678799865,53.73884938871121,54.02663040161133,1889700,0.0,0.0
2021-08-10 00:00:00-04:00,53.99278366564101,53.99278366564101,53.18022649142519,53.23947525024414,3091500,0.0,0.0
2021-08-11 00:00:00-04:00,53.29024913489598,53.9335258784111,53.24792906122609,53.772705078125,1300200,0.0,0.0
2021-08-12 00:00:00-04:00,53.704988611990885,54.441368157578,53.704988611990885,54.04355239868164,1956100,0.0,0.0
2021-08-13 00:00:00-04:00,54.22130872528492,54.957691636806615,54.077419815631345,54.779945373535156,1496000,0.0,0.0
2021-08-16 00:00:00-04:00,54.898443230297296,55.29625906579118,54.48370194670216,54.864585876464844,2018900,0.0,0.0
2021-08-17 00:00:00-04:00,54.627589374835125,54.898441740514656,54.204382149858986,54.78841018676758,1494200,0.0,0.0
2021-08-18 00:00:00-04:00,54.76300827047726,54.77147422248572,54.01816593446483,54.1705207824707,1476500,0.0,0.0
2021-08-19 00:00:00-04:00,54.085880969828054,54.957686760842904,53.75577664456367,54.39059066772461,1322600,0.0,0.0
2021-08-20 00:00:00-04:00,54.356741832076644,55.02541008178357,54.16206687877244,54.9746208190918,3820800,0.0,0.0
2021-08-23 00:00:00-04:00,54.95768941785275,54.96615537032287,54.40751874462797,54.45830154418945,1908800,0.0,0.0
2021-08-24 00:00:00-04:00,54.43290856544424,54.64451216765185,53.80656371104596,54.00970458984375,2329600,0.0,0.0
2021-08-25 00:00:00-04:00,53.96737913008983,54.44137234246983,53.70499274027744,54.26362609863281,1354200,0.0,0.0
2021-08-26 00:00:00-04:00,54.3398053461362,54.43291145265641,53.984312825402576,53.99277877807617,1716700,0.0,0.0
2021-08-27 00:00:00-04:00,54.068953438223254,54.517555271311046,53.99277601213776,54.31441116333008,1539000,0.0,0.0
2021-08-30 00:00:00-04:00,54.32287824202621,54.492158544557796,54.19591478631273,54.373661041259766,895600,0.0,0.0
2021-08-31 00:00:00-04:00,54.30595114830482,54.44984004685701,53.950455420374325,54.11973571777344,2510600,0.0,0.0
2021-09-01 00:00:00-04:00,54.46676969579215,54.98308303761255,54.11127716924923,54.779945373535156,1797400,0.0,0.0
2021-09-02 00:00:00-04:00,54.97461517756042,55.0507958349652,54.47523375868901,54.74608612060547,2787100,0.0,0.0
2021-09-03 00:00:00-04:00,54.542943615572405,54.839187351082515,54.272091277730425,54.28901672363281,1567000,0.0,0.0
2021-09-07 00:00:00-04:00,54.26341814359347,54.46818719620763,53.614988777253686,53.73443603515625,1355300,0.51,0.0
2021-09-08 00:00:00-04:00,53.708845211245816,54.792407676337916,53.53820486353084,54.69002151489258,3210200,0.0,0.0
2021-09-09 00:00:00-04:00,54.71562106563176,54.74122249020397,53.95627812606034,54.024532318115234,3002100,0.0,0.0
2021-09-10 00:00:00-04:00,54.015993639412144,54.033057998532556,52.983621068136124,53.01774978637695,2083600,0.0,0.0
2021-09-13 00:00:00-04:00,53.58086438186382,53.8794858054044,52.88977568976332,53.171329498291016,2735000,0.0,0.0
2021-09-14 00:00:00-04:00,53.5382157587175,53.66619685922175,52.97510477494905,53.384639739990234,2679600,0.0,0.0
2021-09-15 00:00:00-04:00,53.41022740805671,54.135448121311605,53.19692777263365,53.580867767333984,3255100,0.0,0.0
2021-09-16 00:00:00-04:00,53.580876413816966,53.85389973084143,53.29078873264165,53.41876983642578,1990900,0.0,0.0
2021-09-17 00:00:00-04:00,53.708845147647985,54.15250874930401,52.795923031351876,52.82151794433594,4899900,0.0,0.0
2021-09-20 00:00:00-04:00,52.56556395774724,53.111610517010405,52.43758287149121,52.95803451538086,2438500,0.0,0.0
2021-09-21 00:00:00-04:00,53.086012863353886,53.307843046101766,52.411985252602385,52.64234924316406,3620700,0.0,0.0
2021-09-22 00:00:00-04:00,52.761794433235636,52.83004861958269,51.97685013473392,52.062171936035156,1892600,0.0,0.0
2021-09-23 00:00:00-04:00,52.104833107622596,52.5911560013286,51.703828763632224,51.780616760253906,1541600,0.0,0.0
2021-09-24 00:00:00-04:00,51.82327132516125,52.03657092136267,51.422267042800655,51.78914260864258,1807200,0.0,0.0
2021-09-27 00:00:00-04:00,51.92566691989245,53.120142997946665,51.86594327872446,52.22428512573242,2614600,0.0,0.0
2021-09-28 00:00:00-04:00,52.41198371207232,52.59115461456707,51.362549955710854,51.499061584472656,2175000,0.0,0.0
2021-09-29 00:00:00-04:00,51.46493561553309,52.522903236028995,51.45640506220795,52.26694107055664,1419600,0.0,0.0
2021-09-30 00:00:00-04:00,53.154269110163405,53.154269110163405,51.93419492108199,51.95979309082031,2607900,0.0,0.0
2021-10-01 00:00:00-04:00,52.292533561591625,52.31812847348191,51.507589298453716,51.58437728881836,1657900,0.0,0.0
2021-10-04 00:00:00-04:00,51.490526689640404,52.309599699609706,51.490526689640404,52.17308807373047,2173600,0.0,0.0
2021-10-05 00:00:00-04:00,52.13042531983273,52.35225874510688,51.78061407661785,51.9171257019043,1849200,0.0,0.0
2021-10-06 00:00:00-04:00,51.40520566600514,52.03657393944538,50.88475410033691,52.002445220947266,1920800,0.0,0.0
2021-10-07 00:00:00-04:00,52.036574678607394,52.403447016245394,51.44786566758052,51.58437728881836,1533900,0.0,0.0
2021-10-08 00:00:00-04:00,51.388144408569254,51.6355727505749,51.02980260679053,51.09805679321289,1257300,0.0,0.0
2021-10-11 00:00:00-04:00,51.08953496225019,51.12366043394019,50.31312433782288,50.577613830566406,1402600,0.0,0.0
2021-10-12 00:00:00-04:00,50.5093543505533,50.88476053744162,50.34724454452664,50.69705581665039,1438000,0.0,0.0
2021-10-13 00:00:00-04:00,50.739719633235325,51.43934219521091,50.52641999227462,51.33695602416992,1745100,0.0,0.0
2021-10-14 00:00:00-04:00,51.54171433428585,52.46317015281472,51.28575546959234,52.39491271972656,1517700,0.0,0.0
2021-10-15 00:00:00-04:00,52.57408830408032,53.10307369376863,52.35225813608066,52.992156982421875,2960200,0.0,0.0
2021-10-18 00:00:00-04:00,52.52290367122812,53.06041641190793,52.33519894957819,52.667945861816406,2834400,0.0,0.0
2021-10-19 00:00:00-04:00,53.1201396451501,53.37610181079369,52.906840010243194,53.282249450683594,2060000,0.0,0.0
2021-10-20 00:00:00-04:00,53.46142034510906,54.36581196850362,53.367567985030156,54.09278869628906,2048100,0.0,0.0
2021-10-21 00:00:00-04:00,54.075725022057284,54.19517229833215,53.725913746669086,53.82829666137695,1228100,0.0,0.0
2021-10-22 00:00:00-04:00,53.91361272035721,54.56204541112886,53.75150617501131,54.46819305419922,895300,0.0,0.0
2021-10-25 00:00:00-04:00,54.468191102059,54.90332089486295,54.12691040812711,54.544979095458984,1282800,0.0,0.0
2021-10-26 00:00:00-04:00,54.63030348363445,55.44937333102776,54.502325650744766,55.125160217285156,1495500,0.0,0.0
2021-10-27 00:00:00-04:00,55.253135888608796,55.253135888608796,54.57057449466242,54.58763885498047,1523500,0.0,0.0
2021-10-28 00:00:00-04:00,54.613233931384556,54.928913187970515,54.46818850423847,54.88625717163086,1108200,0.0,0.0
2021-10-29 00:00:00-04:00,54.690021853574265,55.0910261849837,54.195168422299645,54.43406295776367,1759000,0.0,0.0
2021-11-01 00:00:00-04:00,54.31461798637601,55.04836598413648,54.1354470772029,54.91185760498047,1581900,0.0,0.0
2021-11-02 00:00:00-04:00,55.22754097547868,55.22754097547868,54.12691089047484,54.58763885498047,1852400,0.0,0.0
2021-11-03 00:00:00-04:00,54.45112824050622,54.758280222559634,53.478482467133084,54.06718826293945,1633500,0.0,0.0
2021-11-04 00:00:00-04:00,53.905077266580975,54.3316764831543,53.742970735972854,54.3316764831543,1700700,0.0,0.0
2021-11-05 00:00:00-04:00,54.14397740063629,54.92891847827002,54.14397740063629,54.766815185546875,1515200,0.0,0.0
2021-11-08 00:00:00-05:00,54.85212947368854,54.85212947368854,52.975092221044434,53.0433464050293,1755100,0.0,0.0
2021-11-09 00:00:00-05:00,52.89829750723403,53.23104434177052,52.57408122410134,53.03480911254883,1410200,0.0,0.0
2021-11-10 00:00:00-05:00,53.15426253470319,53.51260757446289,53.04334582540927,53.51260757446289,1638900,0.0,0.0
2021-11-11 00:00:00-05:00,53.29931881670988,53.410232293896186,52.676484214862434,53.060420989990234,1617300,0.0,0.0
2021-11-12 00:00:00-05:00,52.98362277353236,53.19692238736251,52.539962440896204,53.0433464050293,1546800,0.0,0.0
2021-11-15 00:00:00-05:00,53.3761016416854,54.05865982028616,53.05188528633975,54.041595458984375,1473300,0.0,0.0
2021-11-16 00:00:00-05:00,54.1269082423893,54.30608238961604,53.47847885549649,53.51260757446289,1938800,0.0,0.0
2021-11-17 00:00:00-05:00,53.452888916594915,53.5723361893963,53.094543843496666,53.29077911376953,1503500,0.0,0.0
2021-11-18 00:00:00-05:00,53.162797883909896,53.52967348670644,52.95802881886541,53.239585876464844,1614600,0.0,0.0
2021-11-19 00:00:00-05:00,53.36756609053794,53.879487148788186,53.2737137337907,53.81122970581055,1780600,0.0,0.0
2021-11-22 00:00:00-05:00,53.77710370182507,54.38287714743394,53.538209148719375,54.126914978027344,1552700,0.0,0.0
2021-11-23 00:00:00-05:00,54.25489268347053,55.09956062957504,54.11838105381357,54.77534103393555,1911100,0.0,0.0
2021-11-24 00:00:00-05:00,54.92039123994645,55.41524143589067,54.60470544322308,55.108089447021484,1972500,0.0,0.0
2021-11-26 00:00:00-05:00,54.60469833560752,55.06542625894069,54.06718242505217,54.29754638671875,1064500,0.0,0.0
2021-11-29 00:00:00-05:00,54.40846971137262,55.09102787267542,54.16104136080846,54.8180046081543,1368500,0.0,0.0
2021-11-30 00:00:00-05:00,54.382881640135956,54.451135837507294,53.222530992573176,53.316383361816406,3285700,0.0,0.0
2021-12-01 00:00:00-05:00,53.811231967512185,54.46819523766124,53.239590504671284,53.27371597290039,2141200,0.0,0.0
2021-12-02 00:00:00-05:00,53.35050646602999,54.37434541872862,53.28225227168705,53.89655303955078,1715200,0.0,0.0
2021-12-03 00:00:00-05:00,54.28049447145902,54.28902828015873,53.25665549201766,54.13545227050781,1710300,0.0,0.0
2021-12-06 00:00:00-05:00,54.59617854670771,55.244608035209936,54.323152006886765,54.35728073120117,2400600,0.0,0.0
2021-12-07 00:00:00-05:00,54.374336712838414,55.33845187061186,54.19516581984419,55.13368606567383,1491600,0.0,0.0
2021-12-08 00:00:00-05:00,55.00469526198559,55.50348863949053,54.76390026903051,54.96169662475586,1636500,0.51,0.0
2021-12-09 00:00:00-05:00,54.93588819743454,55.245480298042224,54.46289671198333,54.81549072265625,2143600,0.0,0.0
2021-12-10 00:00:00-05:00,55.09068699201138,55.33148196073238,54.763894757485836,54.86709213256836,2007600,0.0,0.0
2021-12-13 00:00:00-05:00,54.781096810125305,56.43227127294808,54.68649784603318,56.062477111816406,2402000,0.0,0.0
2021-12-14 00:00:00-05:00,55.72707667771615,56.03667205846115,55.32288234390072,55.494876861572266,2232300,0.0,0.0
2021-12-15 00:00:00-05:00,55.70987005011423,56.39786120313917,55.469075114906474,56.37206268310547,1402600,0.0,0.0
2021-12-16 00:00:00-05:00,56.286063227287855,57.0170563444288,56.13986722832782,56.42366409301758,1698300,0.0,0.0
2021-12-17 00:00:00-05:00,56.52687222617571,56.52687222617571,54.94449486663746,55.11648941040039,4058000,0.0,0.0
2021-12-20 00:00:00-05:00,54.652099549420605,55.21969007336091,53.90391278617785,55.11648941040039,1570400,0.0,0.0
2021-12-21 00:00:00-05:00,55.59808171153468,55.727080890124526,54.910090466502716,55.30568313598633,1467300,0.0,0.0
2021-12-22 00:00:00-05:00,55.142294697515204,55.615282975168654,54.96169517697046,55.555084228515625,979100,0.0,0.0
2021-12-23 00:00:00-05:00,55.64108167573125,55.85607813747854,55.383089858337286,55.53788757324219,1190300,0.0,0.0
2021-12-27 00:00:00-05:00,55.71847507958683,55.98506855078864,55.460476741464234,55.95066833496094,790500,0.0,0.0
2021-12-28 00:00:00-05:00,56.00227643806555,56.45806785234922,56.00227643806555,56.39786911010742,912800,0.0,0.0
2021-12-29 00:00:00-05:00,56.483875846765734,56.879468585137445,56.41507539804755,56.733272552490234,859500,0.0,0.0
2021-12-30 00:00:00-05:00,56.93966463862914,57.09446236032196,56.587073837711486,57.034263610839844,954400,0.0,0.0
2021-12-31 00:00:00-05:00,56.94825012155182,57.662039777319315,56.77624905687727,57.386844635009766,1221800,0.0,0.0
2022-01-03 00:00:00-05:00,57.55024043256018,57.55024043256018,56.225861691078244,56.89665603637695,1134700,0.0,0.0
2022-01-04 00:00:00-05:00,56.870862889270235,57.765248976192595,56.69886834074232,56.750465393066406,1846400,0.0,0.0
2022-01-05 00:00:00-05:00,56.66446631337543,57.44705657493712,56.54406882100766,56.61286926269531,2037400,0.0,0.0
2022-01-06 00:00:00-05:00,56.94825992791781,57.41265304075198,56.6128659955105,56.66446304321289,1570400,0.0,0.0
2022-01-07 00:00:00-05:00,57.077256597018604,58.15223878465981,56.40646220054721,57.61904525756836,2098500,0.0,0.0
2022-01-10 00:00:00-05:00,57.533052600163714,57.558851124944916,56.69886530599231,56.982662200927734,1521300,0.0,0.0
2022-01-11 00:00:00-05:00,57.01706732115649,57.206258706201716,56.17427825923712,56.630069732666016,1668600,0.0,0.0
2022-01-12 00:00:00-05:00,56.44946143528542,56.93105133293367,56.24306670217478,56.79345703125,1467900,0.0,0.0
2022-01-13 00:00:00-05:00,56.37206622542249,57.34384772105303,56.20866684004813,57.01705551147461,1403900,0.0,0.0
2022-01-14 00:00:00-05:00,56.87086373210708,56.948265872911776,56.02808124619006,56.114078521728516,2630900,0.0,0.0
2022-01-18 00:00:00-05:00,55.813084507025074,56.423673689920264,55.193893628266146,56.088279724121094,1973900,0.0,0.0
2022-01-19 00:00:00-05:00,56.17426309423058,56.9826517148594,56.09686753412947,56.37206268310547,1610900,0.0,0.0
2022-01-20 00:00:00-05:00,56.51825832801361,57.30944355637558,56.32906043402056,56.406455993652344,1608400,0.0,0.0
2022-01-21 00:00:00-05:00,56.6816639876952,57.06865495110817,56.114070242774226,56.277469635009766,2197800,0.0,0.0
2022-01-24 00:00:00-05:00,56.22586451090969,56.346261987885285,54.01570473391367,55.34008026123047,2582200,0.0,0.0
2022-01-25 00:00:00-05:00,55.09069321975864,56.13127534431929,54.79830117073551,55.658287048339844,2869900,0.0,0.0
2022-01-26 00:00:00-05:00,55.70127449528633,56.466667853937224,55.34868374734976,55.63248062133789,2358100,0.0,0.0
2022-01-27 00:00:00-05:00,56.16567418557272,57.06866195932018,55.873282143739914,56.24307632446289,2698500,0.0,0.0
2022-01-28 00:00:00-05:00,56.139869383379285,56.82786061609714,55.7614735492674,56.78485870361328,1978000,0.0,0.0
2022-01-31 00:00:00-05:00,56.492470259208325,57.33525268323904,56.26027041501645,57.2148551940918,2382800,0.0,0.0
2022-02-01 00:00:00-05:00,57.47285385528388,57.593251345043555,56.268872396516,56.982662200927734,1888500,0.0,0.0
2022-02-02 00:00:00-05:00,56.99986215634548,58.02324743659775,56.83646274220867,57.85984802246094,2605000,0.0,0.0
2022-02-03 00:00:00-05:00,57.791032967245165,58.18663213947025,57.5502380354002,57.696434020996094,2232000,0.0,0.0
2022-02-04 00:00:00-05:00,57.24065161956058,57.8082453857289,56.46666966376134,57.309452056884766,1983600,0.0,0.0
2022-02-07 00:00:00-05:00,57.35245640459678,57.6878503493231,57.02565759402264,57.438453674316406,1819100,0.0,0.0
2022-02-08 00:00:00-05:00,57.739454063588624,58.08344974334449,57.42985860792553,57.83405303955078,1869200,0.0,0.0
2022-02-09 00:00:00-05:00,58.34142893426169,58.53062684516921,57.80824197934464,57.98883819580078,1698600,0.0,0.0
2022-02-10 00:00:00-05:00,57.49005562552706,57.77385254485241,56.449473482505795,56.630069732666016,3010300,0.0,0.0
2022-02-11 00:00:00-05:00,56.84505982009989,57.37825337579839,56.518267579545224,56.716060638427734,2083100,0.0,0.0
2022-02-14 00:00:00-05:00,56.948262062495616,57.068659552427945,55.06489101671381,55.70127868652344,3337900,0.0,0.0
2022-02-15 00:00:00-05:00,55.993676568583126,56.39787094874269,55.193889503484904,55.40888595581055,2434600,0.0,0.0
2022-02-16 00:00:00-05:00,55.38309281256611,55.91627986699086,54.84989919696969,55.71848678588867,2391800,0.0,0.0
2022-02-17 00:00:00-05:00,55.64968198520934,55.838879916621835,55.09068988635546,55.66688537597656,1751200,0.0,0.0
2022-02-18 00:00:00-05:00,55.331487501975424,56.32047256069773,55.331487501975424,55.62388610839844,3219900,0.0,0.0
2022-02-22 00:00:00-05:00,55.718485078608396,55.933481545236226,55.24549022755859,55.62388610839844,1841400,0.0,0.0
2022-02-23 00:00:00-05:00,55.67548194653806,55.84748305279189,54.583302806804454,54.6693000793457,2282700,0.0,0.0
2022-02-24 00:00:00-05:00,54.351102994675884,54.59189796790747,52.49353380546755,53.59431457519531,4986400,0.0,0.0
2022-02-25 00:00:00-05:00,54.22210015938251,55.916269833525604,54.00710372474532,55.78727722167969,2819100,0.0,0.0
2022-02-28 00:00:00-05:00,55.34008403212653,56.0280752855846,55.24548507074678,55.75288009643555,3555400,0.0,0.0
2022-03-01 00:00:00-05:00,55.64108334043973,56.26027421858473,55.039095854005154,55.434688568115234,2237100,0.0,0.0
2022-03-02 00:00:00-05:00,55.37448037868904,56.38066210354521,55.35728355108202,56.22586441040039,2108500,0.0,0.0
2022-03-03 00:00:00-05:00,56.26887266580277,57.16325870913429,56.26887266580277,57.008460998535156,2795200,0.0,0.0
2022-03-04 00:00:00-05:00,56.77625738356499,58.221033732870445,56.64726476760346,58.13503646850586,1910600,0.0,0.0
2022-03-07 00:00:00-05:00,58.238235025776824,58.47902998179695,57.61044255229253,58.22963333129883,2102100,0.0,0.0
2022-03-08 00:00:00-05:00,58.48762789576617,58.74561966289581,57.335243673509645,57.34384536743164,2193300,0.0,0.0
2022-03-09 00:00:00-05:00,58.08947876120053,58.184850076405546,57.005719829088584,57.066410064697266,2170200,0.54,0.0
2022-03-10 00:00:00-05:00,56.74562071528609,57.257158422072436,56.25142685740245,56.702274322509766,3985400,0.0,0.0
2022-03-11 00:00:00-05:00,56.70227520056107,57.30050570216383,56.64158495794223,56.97971725463867,1940000,0.0,0.0
2022-03-14 00:00:00-04:00,57.257152301414195,58.17617775280936,57.257152301414195,57.681983947753906,2883000,0.0,0.0
2022-03-15 00:00:00-04:00,58.306227412901976,58.69637796159076,58.11548479274685,58.548988342285156,2980800,0.0,0.0
2022-03-16 00:00:00-04:00,58.50563968662365,58.72239145298457,57.69065092839014,58.705047607421875,2622100,0.0,0.0
2022-03-17 00:00:00-04:00,58.7484065733203,59.277281466134774,58.42761154521885,58.7397346496582,3415800,0.0,0.0
2022-03-18 00:00:00-04:00,57.45655734288374,58.54031621291107,57.118425104614346,57.91607666015625,6449600,0.0,0.0
2022-03-21 00:00:00-04:00,58.02878492460812,58.76573962976451,57.91607638396887,58.4796257019043,1726100,0.0,0.0
2022-03-22 00:00:00-04:00,58.70504516622809,58.70504516622809,57.9594185917736,58.176170349121094,2073500,0.0,0.0
2022-03-23 00:00:00-04:00,58.124156511074524,58.40159851721195,57.543263344277285,57.91607666015625,2297700,0.0,0.0
2022-03-24 00:00:00-04:00,58.046117749427815,58.67903578894323,58.03745244177896,58.557655334472656,1953600,0.0,0.0
2022-03-25 00:00:00-04:00,58.84378679567379,59.337980683378106,58.670381369884176,59.22526550292969,1731600,0.0,0.0
2022-03-28 00:00:00-04:00,59.16455720792995,59.44199918981195,58.86977799612848,59.407318115234375,2438500,0.0,0.0
2022-03-29 00:00:00-04:00,59.537388629502516,59.92754587630915,59.32930873338336,59.91020202636719,2339000,0.0,0.0
2022-03-30 00:00:00-04:00,60.06624191985022,60.6818160757717,59.849490177001606,60.63846969604492,2304100,0.0,0.0
2022-03-31 00:00:00-04:00,60.82921501938253,61.56616965520994,60.647137726244644,60.69049072265625,3043200,0.0,0.0
2022-04-01 00:00:00-04:00,61.011285803659554,61.6355252957955,60.2396500923115,61.60951614379883,2139200,0.0,0.0
2022-04-04 00:00:00-04:00,61.25404044093357,61.60950983974651,60.44772373784827,60.941917419433594,1692800,0.0,0.0
2022-04-05 00:00:00-04:00,61.05463729858827,61.93031630599763,60.88991045056764,61.17601776123047,1754100,0.0,0.0
2022-04-06 00:00:00-04:00,61.427451948599526,62.62392598464006,61.323415329632,62.493873596191406,2939600,0.0,0.0
2022-04-07 00:00:00-04:00,62.49389360577006,62.589264946852886,61.93900941114709,62.08639907836914,2302000,0.0,0.0
2022-04-08 00:00:00-04:00,62.38983204321473,62.68461790595559,61.53149683991357,62.502540588378906,3573800,0.0,0.0
2022-04-11 00:00:00-04:00,62.79732438088864,62.97939507772359,61.973670283577306,62.19042205810547,3038200,0.0,0.0
2022-04-12 00:00:00-04:00,62.0863896290528,62.56324626189114,61.72224817201645,62.355159759521484,4185000,0.0,0.0
2022-04-13 00:00:00-04:00,62.42451719423403,62.51121658961139,61.64420940635814,62.034366607666016,2250000,0.0,0.0
2022-04-14 00:00:00-04:00,62.554562359254305,63.542949904661306,62.381156973816786,63.11811828613281,4180900,0.0,0.0
2022-04-18 00:00:00-04:00,63.282850842519615,63.6296550299402,62.71062955580438,62.79732894897461,2608900,0.0,0.0
2022-04-19 00:00:00-04:00,62.884025244364956,63.525608659906695,62.884025244364956,63.36088180541992,1793800,0.0,0.0
2022-04-20 00:00:00-04:00,64.02847993654217,64.92149628776096,63.8550811436853,64.79145050048828,2461100,0.0,0.0
2022-04-21 00:00:00-04:00,64.72208079841494,65.55440681370784,64.4186296388924,64.73941802978516,2812900,0.0,0.0
2022-04-22 00:00:00-04:00,64.74810524911037,64.81746742045588,64.01981567946396,64.05449676513672,2399400,0.0,0.0
2022-04-25 00:00:00-04:00,64.1325217645395,64.27991139668629,62.57190620433878,62.979400634765625,3894200,0.0,0.0
2022-04-26 00:00:00-04:00,62.71062193727108,63.222152925148755,61.696225269462246,61.78292465209961,5111900,0.0,0.0
2022-04-27 00:00:00-04:00,61.964993576244765,62.33780686423841,61.019952472602796,61.08064270019531,5887300,0.0,0.0
2022-04-28 00:00:00-04:00,61.32341582167239,61.704894452179595,60.90724949824535,61.687557220458984,3705200,0.0,0.0
2022-04-29 00:00:00-04:00,61.366757461131904,61.50548176312258,60.31767973259789,60.395713806152344,2958200,0.0,0.0
2022-05-02 00:00:00-04:00,60.66449372577318,61.01129792233793,58.96516043881975,59.693443298339844,3059900,0.0,0.0
2022-05-03 00:00:00-04:00,59.866848354589834,60.785873847593805,58.887126008906904,59.389991760253906,3187600,0.0,0.0
2022-05-04 00:00:00-04:00,59.745473954008354,60.24833314174943,58.99984717508478,60.05759048461914,2939900,0.0,0.0
2022-05-05 00:00:00-04:00,59.80615297554942,60.482417458663306,59.207915956761326,59.728118896484375,3500000,0.0,0.0
2022-05-06 00:00:00-04:00,59.36397828379707,60.387046945144604,59.36397828379707,60.19630432128906,4054400,0.0,0.0
2022-05-09 00:00:00-04:00,59.754134505575934,60.4997612251219,59.1472321128013,59.87551498413086,3174900,0.0,0.0
2022-05-10 00:00:00-04:00,59.710787981703874,60.75986589530376,58.7570747741222,59.24260330200195,2435300,0.0,0.0
2022-05-11 00:00:00-04:00,59.251253693317395,60.725169524558176,59.251253693317395,59.780128479003906,2394600,0.0,0.0
2022-05-12 00:00:00-04:00,59.78880558305996,59.9795481930844,58.644356537652214,59.20791244506836,4390600,0.0,0.0
2022-05-13 00:00:00-04:00,59.57205530964666,59.64141746316093,58.791747619458654,59.459346771240234,2760100,0.0,0.0
2022-05-16 00:00:00-04:00,59.5720743203469,59.63276457035467,58.85245663115401,59.00851821899414,2315500,0.0,0.0
2022-05-17 00:00:00-04:00,59.43335064530007,59.658767771524914,58.6877238684259,59.520050048828125,2357200,0.0,0.0
2022-05-18 00:00:00-04:00,59.7107694862259,59.75411586376396,58.696366353714254,58.83509063720703,3000800,0.0,0.0
2022-05-19 00:00:00-04:00,58.66169907215814,58.99983128610442,57.80335734622802,58.67036437988281,2471300,0.0,0.0
2022-05-20 00:00:00-04:00,58.913135165246125,58.99984117493518,57.88140112029262,58.56633758544922,2223300,0.0,0.0
2022-05-23 00:00:00-04:00,59.34663125243903,59.51136471233569,58.618348489243466,59.199241638183594,2329800,0.0,0.0
2022-05-24 00:00:00-04:00,59.21658746222272,59.75412762975775,58.72239368076095,59.563385009765625,2538200,0.0,0.0
2022-05-25 00:00:00-04:00,59.70209364631815,59.70209364631815,58.76572463841359,59.069175720214844,3153900,0.0,0.0
2022-05-26 00:00:00-04:00,59.48535621292626,59.65875498281186,58.869781980671625,58.939144134521484,2263300,0.0,0.0
2022-05-27 00:00:00-04:00,58.67038243157725,59.86685673958469,58.67038243157725,59.858184814453125,1802200,0.0,0.0
2022-05-31 00:00:00-04:00,59.381321981381895,59.84083474448296,58.852447053919136,59.42467498779297,3606100,0.0,0.0
2022-06-01 00:00:00-04:00,59.389998048398596,59.86685469322356,58.59235294681915,59.04319381713867,2401300,0.0,0.0
2022-06-02 00:00:00-04:00,59.32063174125043,59.485365227924426,58.184854412473065,59.42467498779297,2438700,0.0,0.0
2022-06-03 00:00:00-04:00,59.24260212736456,59.56339055015434,58.913135165917986,59.389991760253906,1864300,0.0,0.0
2022-06-06 00:00:00-04:00,59.68476341944422,59.7801347261567,59.18190434692445,59.294612884521484,2210000,0.0,0.0
2022-06-07 00:00:00-04:00,58.95647449591221,59.91885277053925,58.453608861204,59.780128479003906,2248400,0.0,0.0
2022-06-08 00:00:00-04:00,59.378170996111045,59.55294519102328,58.53927486139382,58.66161346435547,2289700,0.54,0.0
2022-06-09 00:00:00-04:00,58.54801864073141,58.62666203279735,56.92265520182641,56.94013595581055,2673800,0.0,0.0
2022-06-10 00:00:00-04:00,56.37212157225946,57.656683419736225,56.27599744306371,57.21101760864258,4033900,0.0,0.0
2022-06-13 00:00:00-04:00,56.36337658390043,56.7216586119353,54.88656993237372,55.139984130859375,3225900,0.0,0.0
2022-06-14 00:00:00-04:00,55.13125330922933,55.25359190163982,52.806810053000035,53.278690338134766,2699500,0.0,0.0
2022-06-15 00:00:00-04:00,53.72435988716919,53.73310026404765,52.27376733871372,52.88546371459961,2672900,0.0,0.0
2022-06-16 00:00:00-04:00,52.09899570167551,52.14268758499273,50.9892045313377,51.55720901489258,4270300,0.0,0.0
2022-06-17 00:00:00-04:00,51.583419928785425,52.12520991176537,50.849385005742505,51.697021484375,5865800,0.0,0.0
2022-06-21 00:00:00-04:00,51.84558019009006,52.54466030667492,51.53099330425764,52.133949279785156,2165200,0.0,0.0
2022-06-22 00:00:00-04:00,51.828087900430035,52.59707414130411,51.74944120153655,52.27375030517578,2699400,0.0,0.0
2022-06-23 00:00:00-04:00,52.43979316014637,52.90293642261536,52.27376268249252,52.80681228637695,2661800,0.0,0.0
2022-06-24 00:00:00-04:00,53.04275211618577,54.65937500324905,53.00779727895234,54.624420166015625,3563800,0.0,0.0
2022-06-27 00:00:00-04:00,54.344785367551566,55.1487299155951,54.25740161239484,54.904052734375,2007900,0.0,0.0
2022-06-28 00:00:00-04:00,55.22737712163868,55.59439289674516,54.66811308329931,54.72928237915039,2078300,0.0,0.0
2022-06-29 00:00:00-04:00,54.83415349425292,54.95649210813473,54.519566582284114,54.711814880371094,1542600,0.0,0.0
2022-06-30 00:00:00-04:00,54.46712373765915,55.35844864922389,54.11758207288666,55.297279357910156,4529100,0.0,0.0
2022-07-01 00:00:00-04:00,55.54196448740879,56.62554107176474,55.27106950795064,56.51193618774414,2130800,0.0,0.0
2022-07-05 00:00:00-04:00,56.31969590872526,56.398345967811366,53.89039112532297,54.668121337890625,2115400,0.0,0.0
2022-07-06 00:00:00-04:00,54.80792977875431,55.45457758112267,54.52829775608529,55.03512954711914,1796700,0.0,0.0
2022-07-07 00:00:00-04:00,55.13124804170953,55.35844778683883,54.78170638238228,54.877830505371094,2185400,0.0,0.0
2022-07-08 00:00:00-04:00,54.86909902171118,55.035129493297084,54.48460249080981,54.580726623535156,1509500,0.0,0.0
2022-07-11 00:00:00-04:00,54.266137488987674,54.79045000909656,53.942813601680264,54.598201751708984,1925000,0.0,0.0
2022-07-12 00:00:00-04:00,54.17874926991553,54.703058413330666,53.68939162484549,53.9515495300293,2415700,0.0,0.0
2022-07-13 00:00:00-04:00,53.56706720815048,54.03894756205803,53.21752879796044,53.30491256713867,4003800,0.0,0.0
2022-07-14 00:00:00-04:00,52.58834485433773,52.88545427913249,52.2300661362155,52.7281608581543,5241100,0.0,0.0
2022-07-15 00:00:00-04:00,53.02527223380634,53.200043078376176,52.17763580440242,52.91167068481445,3829400,0.0,0.0
2022-07-18 00:00:00-04:00,52.841761069923756,53.07770119543897,52.4485275273984,52.483482360839844,2850000,0.0,0.0
2022-07-19 00:00:00-04:00,52.675731791824326,52.95536381636603,52.544656155401036,52.78933334350586,2949800,0.0,0.0
2022-07-20 00:00:00-04:00,52.86798269033127,52.94662940949067,51.95043985578948,52.11647033691406,2954300,0.0,0.0
2022-07-21 00:00:00-04:00,51.941696440122854,52.31745259484397,51.49603394661555,52.081512451171875,2308400,0.0,0.0
2022-07-22 00:00:00-04:00,52.27375545584398,52.623297115028706,52.08150720994475,52.5184326171875,1468800,0.0,0.0
2022-07-25 00:00:00-04:00,52.51843965781714,53.07770705418342,52.51843965781714,53.03401184082031,1658000,0.0,0.0
2022-07-26 00:00:00-04:00,52.850495230649145,53.78551530664322,52.850495230649145,53.6981315612793,1815500,0.0,0.0
2022-07-27 00:00:00-04:00,53.68939948575575,54.248666876353354,53.435985251638094,54.091373443603516,2154500,0.0,0.0
2022-07-28 00:00:00-04:00,55.926455624066726,57.272186762555194,55.77790257638403,57.1848030090332,3961900,0.0,0.0
2022-07-29 00:00:00-04:00,57.03624247316177,57.761540284161924,57.03624247316177,57.38578414916992,4391200,0.0,0.0
2022-08-01 00:00:00-04:00,57.10615883348019,57.52561022723207,56.931391308473245,57.39453125,2546100,0.0,0.0
2022-08-02 00:00:00-04:00,56.905166768173004,57.315871045896515,55.48952606530176,56.93138122558594,3559500,0.0,0.0
2022-08-03 00:00:00-04:00,56.87021492555714,57.464433770313505,56.616797378989425,57.13236618041992,2553100,0.0,0.0
2022-08-04 00:00:00-04:00,57.24597566762201,57.41200280898555,56.511937427600074,56.56437301635742,1983200,0.0,0.0
2022-08-05 00:00:00-04:00,56.64301834921011,56.774097325186204,55.80412223669823,56.5731086730957,2499100,0.0,0.0
2022-08-08 00:00:00-04:00,57.14110779879568,57.41199943479978,56.870216162791586,57.1848030090332,1945500,0.0,0.0
2022-08-09 00:00:00-04:00,57.438219532701964,57.76154008163971,57.1848019851584,57.70037078857422,2086700,0.0,0.0
2022-08-10 00:00:00-04:00,58.11108821248742,58.347025035680005,57.78776096067552,58.18973159790039,2264900,0.0,0.0
2022-08-11 00:00:00-04:00,58.381976524062395,58.993676154532835,58.1635137989558,58.27711868286133,1867300,0.0,0.0
2022-08-12 00:00:00-04:00,58.60043406797851,59.124749895439294,58.303327988239914,59.0810546875,2537200,0.0,0.0
2022-08-15 00:00:00-04:00,59.07231253344105,60.23453569331565,58.90628541556788,60.147151947021484,3409300,0.0,0.0
2022-08-16 00:00:00-04:00,59.946175501531826,60.400581741646384,59.91122066252657,60.11220932006836,2333200,0.0,0.0
2022-08-17 00:00:00-04:00,59.8762554654168,60.43552612579787,59.797612091475,60.12967300415039,1892800,0.0,0.0
2022-08-18 00:00:00-04:00,60.30444043665122,60.75009950647409,60.26948560759516,60.63650131225586,2246100,0.0,0.0
2022-08-19 00:00:00-04:00,60.81127553582817,61.11712865725622,60.3219212086676,60.64524841308594,2664400,0.0,0.0
2022-08-22 00:00:00-04:00,60.25202147291568,60.34814561258622,59.19466260349352,59.29078674316406,2179300,0.0,0.0
2022-08-23 00:00:00-04:00,59.2645700918434,59.2645700918434,58.56548667768928,58.88007354736328,1842000,0.0,0.0
2022-08-24 00:00:00-04:00,58.90629211058986,59.10727408321389,58.45188591109048,58.75773239135742,1771600,0.0,0.0
2022-08-25 00:00:00-04:00,58.77522048715012,59.25583453992477,58.469373968665515,59.247100830078125,1521400,0.0,0.0
2022-08-26 00:00:00-04:00,59.42186122899486,59.5267257371492,58.1635137989558,58.27711868286133,1652100,0.0,0.0
2022-08-29 00:00:00-04:00,57.91883344158441,58.56548120573892,57.54307730830148,58.04117202758789,2942900,0.0,0.0
2022-08-30 00:00:00-04:00,57.848927685574544,58.08487116521852,56.774094797718014,56.992557525634766,1484900,0.0,0.0
2022-08-31 00:00:00-04:00,57.018773707015605,57.20228160396927,56.19735169183422,56.24104690551758,3011100,0.0,0.0
2022-09-01 00:00:00-04:00,56.328425255800624,56.66922655554671,55.804116076726096,56.65175247192383,2300400,0.0,0.0
2022-09-02 00:00:00-04:00,56.69543804455452,57.40326173283216,55.70798903124094,55.9351921081543,2289100,0.0,0.0
2022-09-06 00:00:00-04:00,56.197345849715234,56.45076339543626,55.3671902116607,55.515743255615234,2146100,0.0,0.0
2022-09-07 00:00:00-04:00,56.05753446360631,59.046102829326166,55.751684660004024,58.74899673461914,4743200,0.0,0.0
2022-09-08 00:00:00-04:00,58.493527024889936,59.81491691225521,58.299722099393186,59.79729461669922,5641900,0.54,0.0
2022-09-09 00:00:00-04:00,60.00872493800938,60.2113343008151,59.43612127971445,59.903011322021484,3301000,0.0,0.0
2022-09-12 00:00:00-04:00,59.955864631999546,61.0217850539189,59.850157737191026,60.9425048828125,4444200,0.0,0.0
2022-09-13 00:00:00-04:00,60.44037013528936,60.66060176915329,58.64327919644744,58.881126403808594,2826100,0.0,0.0
2022-09-14 00:00:00-04:00,58.97803720926631,60.176098004757435,58.96042163327543,59.25993347167969,2487400,0.0,0.0
2022-09-15 00:00:00-04:00,58.95161683553237,58.995665861660434,58.352586373254645,58.55520248413086,2854100,0.0,0.0
2022-09-16 00:00:00-04:00,58.30852658028264,58.80184326446107,58.30852658028264,58.458282470703125,3872700,0.0,0.0
2022-09-19 00:00:00-04:00,58.22043919693225,58.73137826804957,57.9033117855162,58.68733596801758,1892100,0.0,0.0
2022-09-20 00:00:00-04:00,58.23806156104777,58.27329943367631,57.21618341763132,57.5949821472168,1815100,0.0,0.0
2022-09-21 00:00:00-04:00,58.009015879690544,58.42305246142192,56.80215072631836,56.80215072631836,1426200,0.0,0.0
2022-09-22 00:00:00-04:00,56.71404732191995,56.731669616163366,55.98288005281455,56.35287094116211,1724600,0.0,0.0
2022-09-23 00:00:00-04:00,55.71860311346943,56.03573720246209,54.696728471419775,55.44551467895508,1925500,0.0,0.0
2022-09-26 00:00:00-04:00,55.18125394937835,55.375058919797915,53.014174838295915,53.56034851074219,2926900,0.0,0.0
2022-09-27 00:00:00-04:00,53.88628775109836,54.027239257322734,52.20371779093683,52.46799850463867,2754900,0.0,0.0
2022-09-28 00:00:00-04:00,53.287247467265175,53.287247467265175,52.27418060998558,52.749881744384766,2504900,0.0,0.0
2022-09-29 00:00:00-04:00,52.4063301064759,52.494421431019106,50.05425410392359,50.1423454284668,2772000,0.0,0.0
2022-09-30 00:00:00-04:00,50.47710293536973,50.618051083275475,49.375944479709524,49.53451156616211,4775300,0.0,0.0
2022-10-03 00:00:00-04:00,50.78542586742772,51.55183115954452,49.8252156249373,51.01446533203125,3027300,0.0,0.0
2022-10-04 00:00:00-04:00,51.261113759693835,52.71464388373348,51.058501060303904,52.68821716308594,2327600,0.0,0.0
2022-10-05 00:00:00-04:00,51.913003587695776,51.974668179410166,50.81184536355573,51.50777816772461,1965600,0.0,0.0
2022-10-06 00:00:00-04:00,51.14660201758768,51.35802252969498,49.7018795026684,49.91330337524414,2150600,0.0,0.0
2022-10-07 00:00:00-04:00,49.807596020515476,50.07187335627815,48.31882775889115,48.73286437988281,2073400,0.0,0.0
2022-10-10 00:00:00-04:00,48.90904387944572,49.43759848060631,48.741669039854116,48.81214141845703,2207800,0.0,0.0
2022-10-11 00:00:00-04:00,48.512637720550664,49.14690608030894,48.08098547830216,48.565494537353516,2082700,0.0,0.0
2022-10-12 00:00:00-04:00,48.38930580205308,48.49501606927739,47.09434242679724,47.111961364746094,2773800,0.0,0.0
2022-10-13 00:00:00-04:00,46.46887947555513,48.547866848534525,46.25745560691807,48.424537658691406,3305300,0.0,0.0
2022-10-14 00:00:00-04:00,48.997143211306714,49.041188875200234,47.17362517027128,47.40266799926758,2095200,0.0,0.0
2022-10-17 00:00:00-04:00,48.389297085618594,49.3230804658912,48.28358683743602,48.688812255859375,2626100,0.0,0.0
2022-10-18 00:00:00-04:00,49.375937687630284,49.789974285354326,48.88262091805453,49.05880355834961,3181600,0.0,0.0
2022-10-19 00:00:00-04:00,48.450966277449204,48.803338285472606,48.063359756998274,48.2747802734375,1931000,0.0,0.0
2022-10-20 00:00:00-04:00,47.992884960090315,48.265973439731205,47.12957721987959,47.367427825927734,3437200,0.0,0.0
2022-10-21 00:00:00-04:00,47.60528060051041,48.29240236452604,46.94458556265885,47.834320068359375,5527500,0.0,0.0
2022-10-24 00:00:00-04:00,48.58310697814007,49.09404269701905,48.221927179468686,48.644771575927734,4378700,0.0,0.0
2022-10-25 00:00:00-04:00,48.873804874140596,49.70187462617368,48.653573235363574,49.40236282348633,4305300,0.0,0.0
2022-10-26 00:00:00-04:00,49.80759442242399,50.01020715202343,48.838573075094004,48.953094482421875,3598700,0.0,0.0
2022-10-27 00:00:00-04:00,49.33188903266664,49.47283715262695,48.65357515521128,48.88261795043945,3484300,0.0,0.0
2022-10-28 00:00:00-04:00,48.92666675979152,50.62685545660575,48.79452641861112,50.591617584228516,4898600,0.0,0.0
2022-10-31 00:00:00-04:00,50.65327609495827,50.75017855211917,48.56548113423627,49.393550872802734,4165700,0.0,0.0
2022-11-01 00:00:00-04:00,49.68426133357415,49.89568183464547,48.78571580285032,49.622596740722656,3098700,0.0,0.0
2022-11-02 00:00:00-04:00,49.62259289891117,50.89993367520098,49.38474233326926,49.8692512512207,3689500,0.0,0.0
2022-11-03 00:00:00-04:00,49.323087111337514,50.52995574205912,49.023571900742155,50.26567840576172,4131800,0.0,0.0
2022-11-04 00:00:00-04:00,50.33614270121069,51.12016679571304,49.84282598222572,50.9968376159668,3259500,0.0,0.0
2022-11-07 00:00:00-05:00,51.040889889113714,51.32278615378749,49.789975634682406,50.48590850830078,3265600,0.0,0.0
2022-11-08 00:00:00-05:00,50.626851576799545,51.3051654459704,50.23043394410642,50.96160125732422,5497800,0.0,0.0
2022-11-09 00:00:00-05:00,50.70613402930671,50.74136853776895,50.17757607675545,50.45066452026367,5133100,0.0,0.0
2022-11-10 00:00:00-05:00,51.895381172193275,52.52964934210696,51.19064062810474,52.43274688720703,4473200,0.0,0.0
2022-11-11 00:00:00-05:00,52.27418491026257,52.28299269771244,50.80303573148,51.349212646484375,4936000,0.0,0.0
2022-11-14 00:00:00-05:00,50.21282266313217,50.87351769817339,49.38475276231593,50.52995681762695,7448200,0.0,0.0
2022-11-15 00:00:00-05:00,50.785420260196126,51.07612429319116,49.754734382106804,50.30971908569336,3622400,0.0,0.0
2022-11-16 00:00:00-05:00,50.459470401289884,51.5253940531285,50.40661696035885,50.90874481201172,3418600,0.0,0.0
2022-11-17 00:00:00-05:00,50.07186897219236,50.318527349245315,49.01475636122944,49.217369079589844,3139700,0.0,0.0
2022-11-18 00:00:00-05:00,49.86045315164388,50.82947460158979,49.86045315164388,50.82066345214844,3487600,0.0,0.0
2022-11-21 00:00:00-05:00,50.85589100876212,51.296354298317105,50.6708972336614,50.96160125732422,2140400,0.0,0.0
2022-11-22 00:00:00-05:00,51.2787437030364,51.74563715101482,51.15541449957866,51.40207290649414,2646200,0.0,0.0
2022-11-23 00:00:00-05:00,51.349209894529466,52.00109366586911,51.22588071403105,51.98347473144531,2166600,0.0,0.0
2022-11-25 00:00:00-05:00,52.14204983348204,52.40633053018565,52.00991284559888,52.168479919433594,1123100,0.0,0.0
2022-11-28 00:00:00-05:00,51.72801821331103,52.03634122195538,51.15541449957866,51.40207290649414,2738800,0.0,0.0
2022-11-29 00:00:00-05:00,51.1642188658224,51.38445051722046,50.66208760900397,51.349212646484375,2410000,0.0,0.0
2022-11-30 00:00:00-05:00,51.26992338714502,53.577949894898445,51.26992338714502,53.3400993347168,10096100,0.0,0.0
2022-12-01 00:00:00-05:00,53.736524298042035,54.35317360962144,53.084637114836745,53.207969665527344,2412900,0.0,0.0
2022-12-02 00:00:00-05:00,52.582514317652624,53.67486492096991,52.573706529124095,53.666053771972656,3755700,0.0,0.0
2022-12-05 00:00:00-05:00,53.25201187579676,53.49867024026558,52.837975312179935,53.09344482421875,2970900,0.0,0.0
2022-12-06 00:00:00-05:00,53.14630802789806,53.4017742102309,52.45918293482979,53.3841552734375,3143200,0.0,0.0
2022-12-07 00:00:00-05:00,53.102258005522486,53.42820328935847,52.67060582385421,52.811553955078125,2314500,0.0,0.0
2022-12-08 00:00:00-05:00,52.79377510555496,53.37158340203896,52.52709565756741,53.33602523803711,2050800,0.54,0.0
2022-12-09 00:00:00-05:00,53.113789827350644,53.673819021039,53.03378565682374,53.131568908691406,2021000,0.0,0.0
2022-12-12 00:00:00-05:00,53.44269439407478,53.913831572420165,53.08712294003617,53.88716125488281,2869000,0.0,0.0
2022-12-13 00:00:00-05:00,54.67831433218876,55.44279791179919,53.73604671258697,54.33163070678711,2884800,0.0,0.0
2022-12-14 00:00:00-05:00,54.48274723873354,55.2205604457553,53.92271805874443,54.38496398925781,1984900,0.0,0.0
2022-12-15 00:00:00-05:00,54.20718462656826,54.40275115458151,53.184912755165946,53.638267517089844,2469900,0.0,0.0
2022-12-16 00:00:00-05:00,52.918222922856565,53.04267310028638,51.85150517859362,52.66043472290039,5284000,0.0,0.0
2022-12-19 00:00:00-05:00,52.65154277177516,53.167125946711835,52.26041316359121,52.76710510253906,1995100,0.0,0.0
2022-12-20 00:00:00-05:00,52.69598744591525,53.069341354704775,52.295970002872515,52.63376235961914,1903300,0.0,0.0
2022-12-21 00:00:00-05:00,52.80266887016598,53.798273772793564,52.767110704461665,53.780494689941406,1692400,0.0,0.0
2022-12-22 00:00:00-05:00,53.567150446651986,53.69160402977663,52.50932042269311,53.45159149169922,1787100,0.0,0.0
2022-12-23 00:00:00-05:00,53.31824477493107,54.33162868564193,53.31824477493107,54.29607391357422,1341400,0.0,0.0
2022-12-27 00:00:00-05:00,54.42052483607316,55.07833390698008,54.171621082123714,54.94499588012695,1792000,0.0,0.0
2022-12-28 00:00:00-05:00,55.04276804787982,55.43390101039614,54.429405071678275,54.48274230957031,1819200,0.0,0.0
2022-12-29 00:00:00-05:00,54.802756424714175,55.176106899683326,54.69608195385514,54.962764739990234,1353400,0.0,0.0
2022-12-30 00:00:00-05:00,54.98944451884264,55.01611144728594,53.94050238057142,54.46497344970703,1815300,0.0,0.0
2023-01-03 00:00:00-05:00,54.642756845209526,55.185006956889104,53.63826079227873,55.1583366394043,2220400,0.0,0.0
2023-01-04 00:00:00-05:00,55.4783534675825,56.10060775133319,55.26500788220599,55.56724548339844,1960500,0.0,0.0
2023-01-05 00:00:00-05:00,55.131672450801084,55.327238964007435,54.064951255786845,54.33163070678711,2379500,0.0,0.0
2023-01-06 00:00:00-05:00,55.02499509601428,55.878370598649795,54.856095529796356,55.682804107666016,2248400,0.0,0.0
2023-01-09 00:00:00-05:00,55.55835444214545,56.67840937565345,55.52279628145939,56.43840026855469,2308300,0.0,0.0
2023-01-10 00:00:00-05:00,56.296177333354436,56.678415735072406,56.02060664363725,56.598411560058594,1416400,0.0,0.0
2023-01-11 00:00:00-05:00,56.62507311391741,57.11398593398242,56.536177715988416,56.86508560180664,1665800,0.0,0.0
2023-01-12 00:00:00-05:00,57.06953981878533,57.12288045162043,55.69169667734702,55.81614685058594,2546100,0.0,0.0
2023-01-13 00:00:00-05:00,55.54946731327736,56.011709844101055,55.32723389264513,55.700584411621094,2031800,0.0,0.0
2023-01-17 00:00:00-05:00,55.7983704662671,56.18061224026471,55.75392445810732,55.91393280029297,2883600,0.0,0.0
2023-01-18 00:00:00-05:00,55.86947638502834,55.96725962530807,54.011604992751465,54.07383346557617,2447200,0.0,0.0
2023-01-19 00:00:00-05:00,54.047172800842546,54.100510048066894,53.19379719133238,53.35380554199219,1959000,0.0,0.0
2023-01-20 00:00:00-05:00,53.247127960796846,53.75381987924042,52.42041937996517,53.71826171875,2210600,0.0,0.0
2023-01-23 00:00:00-05:00,53.62937365796729,54.704982659417375,53.40714022505547,54.127174377441406,2013300,0.0,0.0
2023-01-24 00:00:00-05:00,53.709370510704176,54.322736910934005,53.20267859200039,54.18050765991211,1481500,0.0,0.0
2023-01-25 00:00:00-05:00,53.7004841660492,54.144951011784094,53.309354562567144,54.09161376953125,1358400,0.0,0.0
2023-01-26 00:00:00-05:00,53.89605738937791,54.38497030249871,53.76271596261163,54.25162887573242,1635100,0.0,0.0
2023-01-27 00:00:00-05:00,54.18939968349572,54.41163311729387,53.8249369877073,53.896053314208984,2075000,0.0,0.0
2023-01-30 00:00:00-05:00,53.62936687078593,54.74942173886478,53.549362709422255,54.3138427734375,2231000,0.0,0.0
2023-01-31 00:00:00-05:00,54.62498226072363,55.07833700312994,53.896056821709045,55.05167007446289,3245300,0.0,0.0
2023-02-01 00:00:00-05:00,54.67831304439446,55.3627924334825,54.224958327472834,54.94499588012695,2647100,0.0,0.0
2023-02-02 00:00:00-05:00,55.09611642903236,55.4605791508094,54.49164117471727,55.22945785522461,2533500,0.0,0.0
2023-02-03 00:00:00-05:00,54.767205274015524,54.90943452901018,53.02489605257785,54.09161376953125,2121700,0.0,0.0
2023-02-06 00:00:00-05:00,53.86937889969751,54.55385823066524,53.67381579871589,54.473854064941406,1798600,0.0,0.0
2023-02-07 00:00:00-05:00,54.162735632512764,54.42941508902814,53.34491478938391,54.233848571777344,1392000,0.0,0.0
2023-02-08 00:00:00-05:00,53.896054957199354,53.9849469770232,53.193796471146136,53.46047592163086,1577900,0.0,0.0
2023-02-09 00:00:00-05:00,53.63826781990991,53.940505459903314,52.873784178102284,52.94490051269531,2107000,0.0,0.0
2023-02-10 00:00:00-05:00,53.12267221001707,53.98493891580714,52.92710911740413,53.91382598876953,2335400,0.0,0.0
2023-02-13 00:00:00-05:00,54.11827708963215,54.544964799452956,53.92271061766793,54.500518798828125,1281800,0.0,0.0
2023-02-14 00:00:00-05:00,54.438307646700665,54.776100050676746,53.97606166171864,54.367191314697266,1800700,0.0,0.0
2023-02-15 00:00:00-05:00,54.12716809096532,55.03388079885905,54.07383424350919,54.90053939819336,1939800,0.0,0.0
2023-02-16 00:00:00-05:00,54.26051407558217,54.998327286161775,53.69159704790321,54.9094352722168,1859200,0.0,0.0
2023-02-17 00:00:00-05:00,55.00722246876551,55.59391861952974,54.41163508136109,55.3183479309082,2762100,0.0,0.0
2023-02-21 00:00:00-05:00,54.509408712040745,55.21166707801724,53.98493774632588,54.35829162597656,3013600,0.0,0.0
2023-02-22 00:00:00-05:00,54.438313260104906,54.70499275058958,53.71827558388394,54.04718017578125,2543800,0.0,0.0
2023-02-23 00:00:00-05:00,54.42051900556842,54.589415177892434,53.43380211390979,53.816043853759766,2813900,0.0,0.0
2023-02-24 00:00:00-05:00,53.54936217624814,54.49162963291332,53.23823337803713,54.35829162597656,3010200,0.0,0.0
2023-02-27 00:00:00-05:00,54.59831466466097,55.89616064441713,54.429418456322175,54.68721008300781,3602000,0.0,0.0
2023-02-28 00:00:00-05:00,54.376070732758606,54.838316646095564,53.65603663339818,53.71826171875,3077200,0.0,0.0
2023-03-01 00:00:00-05:00,53.833831790603924,53.833831790603924,52.02040603682559,52.038185119628906,2830700,0.0,0.0
2023-03-02 00:00:00-05:00,51.895942247873414,53.23823043312443,51.80704685715361,53.22045135498047,2480900,0.0,0.0
2023-03-03 00:00:00-05:00,53.39824899495683,53.68270751783587,52.811552867642185,53.6649284362793,3152900,0.0,0.0
2023-03-06 00:00:00-05:00,53.6471410829981,54.35829067155831,53.220453364469506,53.42490768432617,2479200,0.0,0.0
2023-03-07 00:00:00-05:00,53.51381156994203,53.55825757852657,51.76261102540378,52.04706954956055,2951100,0.0,0.0
2023-03-08 00:00:00-05:00,52.03817548859535,52.633759392718005,51.727046683639884,52.473751068115234,2637400,0.0,0.0
2023-03-09 00:00:00-05:00,52.63532599347936,53.18286319191501,51.701820062509626,51.845436096191406,2134400,0.57,0.0
2023-03-10 00:00:00-05:00,52.03393291753501,52.03393291753501,50.42722624857582,50.58879470825195,2767500,0.0,0.0
2023-03-13 00:00:00-04:00,50.436203384165644,52.33014220825061,50.33747014172364,51.22609329223633,4790300,0.0,0.0
2023-03-14 00:00:00-04:00,51.84543963361227,52.83280292860923,51.531280608522124,52.527618408203125,3673200,0.0,0.0
2023-03-15 00:00:00-04:00,52.13266865906868,53.02129174753227,51.6928426545826,52.61737060546875,3621600,0.0,0.0
2023-03-16 00:00:00-04:00,52.087786891054655,53.191835751640845,51.98007572574962,53.12002944946289,3150500,0.0,0.0
2023-03-17 00:00:00-04:00,52.93153340286044,53.12002879584395,52.087786250137015,52.53658676147461,6263400,0.0,0.0
2023-03-20 00:00:00-04:00,52.76098782533948,53.37135680403437,52.6263497243215,53.24569320678711,2959300,0.0,0.0
2023-03-21 00:00:00-04:00,53.38930841783127,53.54190237220566,51.665916097851465,52.53658676147461,2849600,0.0,0.0
2023-03-22 00:00:00-04:00,52.446833775447566,52.68918648901364,51.25302264092687,51.27995300292969,2195600,0.0,0.0
2023-03-23 00:00:00-04:00,51.18121689992772,51.86339225288627,50.65163209568067,50.92988967895508,2032400,0.0,0.0
2023-03-24 00:00:00-04:00,51.09145159388703,52.80587293587591,50.7772925869697,52.760990142822266,1906200,0.0,0.0
2023-03-27 00:00:00-04:00,53.20979106835871,53.847090439153476,53.04822259960245,53.15593719482422,2200200,0.0,0.0
2023-03-28 00:00:00-04:00,53.00333777088095,54.25998052642118,52.98538534019311,53.748348236083984,2047500,0.0,0.0
2023-03-29 00:00:00-04:00,54.22408007230177,55.13963356734007,54.11636890349617,55.0588493347168,3131100,0.0,0.0
2023-03-30 00:00:00-04:00,55.426865247959334,55.678192448116114,55.04089651967497,55.534576416015625,2277600,0.0,0.0
2023-03-31 00:00:00-04:00,55.80385280103608,56.15392006898256,55.417887519286865,56.05518341064453,3131600,0.0,0.0
2023-04-03 00:00:00-04:00,55.61535230214521,56.02824790446329,54.98703097196617,55.03191375732422,3470000,0.0,0.0
2023-04-04 00:00:00-04:00,55.03192201066451,55.32812857881127,54.58312148238203,55.13963317871094,1938400,0.0,0.0
2023-04-05 00:00:00-04:00,55.28325378577515,56.925862074703716,55.2114440517507,56.70146179199219,3073900,0.0,0.0
2023-04-06 00:00:00-04:00,57.06050415364725,57.36568867798447,56.42320816649726,56.82712936401367,3869100,0.0,0.0
2023-04-10 00:00:00-04:00,56.512964977768135,56.782244625542795,55.947478744664295,56.75531768798828,4334800,0.0,0.0
2023-04-11 00:00:00-04:00,56.67453050090603,57.24002012864831,56.55784140411686,57.13230895996094,2916200,0.0,0.0
2023-04-12 00:00:00-04:00,57.4464693714124,57.4464693714124,56.85405279298276,57.078453063964844,3415700,0.0,0.0
2023-04-13 00:00:00-04:00,56.65658031170783,57.213095457456035,56.10904309441685,56.97971725463867,1885600,0.0,0.0
2023-04-14 00:00:00-04:00,56.55784317923872,57.159237690110906,56.39627813317494,56.9976692199707,2763600,0.0,0.0
2023-04-17 00:00:00-04:00,57.13230950458315,57.32977941171303,56.63862617656757,57.177188873291016,1730800,0.0,0.0
2023-04-18 00:00:00-04:00,57.13230484532114,57.419536890518714,56.81814244183399,57.27592086791992,2202200,0.0,0.0
2023-04-19 00:00:00-04:00,57.44646928790654,57.86834289244405,57.17718964793475,57.49135208129883,1485300,0.0,0.0
2023-04-20 00:00:00-04:00,57.45545103367909,57.715756186713485,57.14128857944139,57.41056823730469,1733600,0.0,0.0
2023-04-21 00:00:00-04:00,57.832436302598055,58.00298269461914,57.18616244667878,57.52724838256836,1163900,0.0,0.0
2023-04-24 00:00:00-04:00,57.4464629198336,57.70676802671734,57.06049422316489,57.625980377197266,1855600,0.0,0.0
2023-04-25 00:00:00-04:00,57.491353877539375,57.78755703946349,57.30285504200098,57.356712341308594,1623100,0.0,0.0
2023-04-26 00:00:00-04:00,57.01562301995036,57.41954420498729,56.06416460898299,56.091094970703125,2965900,0.0,0.0
2023-04-27 00:00:00-04:00,56.10007886713653,56.97972769288398,56.10007886713653,56.95280075073242,1843100,0.0,0.0
2023-04-28 00:00:00-04:00,56.90790681656542,57.26694517503412,56.36036963901874,56.72838592529297,1846500,0.0,0.0
2023-05-01 00:00:00-04:00,56.575797173508015,57.347734680134224,56.52194329802578,56.67453384399414,2289200,0.0,0.0
2023-05-02 00:00:00-04:00,57.47340520902234,57.8863009497954,56.07314949264813,56.378334045410156,2923500,0.0,0.0
2023-05-03 00:00:00-04:00,56.94380973987697,57.47339449969313,56.44115534010319,56.737361907958984,2565600,0.0,0.0
2023-05-04 00:00:00-04:00,57.248997914131984,57.35671251306977,56.5309177082626,57.00664520263672,1923100,0.0,0.0
2023-05-05 00:00:00-04:00,57.0694783235148,57.52724994375356,57.006643097749595,57.2849006652832,1739700,0.0,0.0
2023-05-08 00:00:00-04:00,57.24001660878185,57.5631500949735,56.701453950310224,56.98868942260742,1468300,0.0,0.0
2023-05-09 00:00:00-04:00,56.746342237541384,57.21309521713912,56.50398953136123,57.18616485595703,2091300,0.0,0.0
2023-05-10 00:00:00-04:00,57.437494004474516,57.706773640793244,56.96176310876588,57.5721321105957,1977900,0.0,0.0
2023-05-11 00:00:00-04:00,57.590086786532815,57.652918586250095,56.782241045982545,56.943809509277344,1961500,0.0,0.0
2023-05-12 00:00:00-04:00,57.26694294046471,57.554178409738356,56.90790459600578,57.27592086791992,1726900,0.0,0.0
2023-05-15 00:00:00-04:00,57.410564441959956,57.49135210046246,55.974404078914134,56.14494705200195,1439000,0.0,0.0
2023-05-16 00:00:00-04:00,56.16289484172329,56.405247524966995,55.283246264066214,55.43583679199219,2079900,0.0,0.0
2023-05-17 00:00:00-04:00,55.63331417361696,55.67819354251619,54.95113886375001,55.229393005371094,1746400,0.0,0.0
2023-05-18 00:00:00-04:00,54.816492921022956,55.23836648768892,54.547213305224375,55.12167739868164,2067000,0.0,0.0
2023-05-19 00:00:00-04:00,55.417888946142526,55.97440062446825,55.13065346718363,55.27427291870117,2119900,0.0,0.0
2023-05-22 00:00:00-04:00,55.274276950683344,56.01928407735612,55.274276950683344,55.85771560668945,2113000,0.0,0.0
2023-05-23 00:00:00-04:00,55.80384767397619,56.07313068982134,54.996008898668094,55.03191375732422,2056200,0.0,0.0
2023-05-24 00:00:00-04:00,54.987049642662136,55.211449949343724,54.448490276257104,54.574153900146484,1934800,0.0,0.0
2023-05-25 00:00:00-04:00,54.439512453994226,54.457461464247544,53.46112703950509,53.7034797668457,1936000,0.0,0.0
2023-05-26 00:00:00-04:00,53.676544427678266,53.676544427678266,52.97641667408932,53.470096588134766,1799300,0.0,0.0
2023-05-30 00:00:00-04:00,53.42521231228252,53.79322858794668,53.24569142618573,53.380332946777344,2262600,0.0,0.0
2023-05-31 00:00:00-04:00,53.29954525468668,54.15226684016113,53.102071950408664,53.631656646728516,5032400,0.0,0.0
2023-06-01 00:00:00-04:00,53.81118338359059,53.820157887455544,52.85972504232094,53.76630401611328,3059500,0.0,0.0
2023-06-02 00:00:00-04:00,53.766308931467904,55.076805756438816,53.71245163112571,54.789573669433594,3150700,0.0,0.0
2023-06-05 00:00:00-04:00,54.64596455897024,55.53458787086009,54.64596455897024,55.076812744140625,2445200,0.0,0.0
2023-06-06 00:00:00-04:00,55.43583990460031,55.579455937096306,55.07680153539847,55.265296936035156,2199300,0.0,0.0
2023-06-07 00:00:00-04:00,55.35505116798238,56.41422060548258,55.03191768921753,56.29753494262695,2093700,0.0,0.0
2023-06-08 00:00:00-04:00,56.098254693911876,56.49682008878447,55.78121443156773,56.28847885131836,3237900,0.57,0.0
2023-06-09 00:00:00-04:00,56.37001561235633,56.406249779950286,55.96238986562541,56.22508239746094,2576000,0.0,0.0
2023-06-12 00:00:00-04:00,56.37906362953159,56.37906362953159,55.86273549222876,56.116371154785156,2490200,0.0,0.0
2023-06-13 00:00:00-04:00,55.60005295748041,56.34283604095982,55.60005295748041,56.13449478149414,2126900,0.0,0.0
2023-06-14 00:00:00-04:00,56.32471730696423,56.92256717260716,56.03485091486341,56.09825897216797,3889800,0.0,0.0
2023-06-15 00:00:00-04:00,56.13448962413327,56.46964697113502,55.7721549289294,56.397178649902344,4529200,0.0,0.0
2023-06-16 00:00:00-04:00,56.66893876845519,57.02221324170604,56.551179458878174,56.650821685791016,5333000,0.0,0.0
2023-06-20 00:00:00-04:00,55.962377550492654,56.705160545309084,55.74497950373058,56.179779052734375,4075300,0.0,0.0
2023-06-21 00:00:00-04:00,56.034848780597,56.967855978667444,55.455116018476346,56.687049865722656,4664800,0.0,0.0
2023-06-22 00:00:00-04:00,56.8319788552993,56.99502565904865,55.93520242954019,56.26130294799805,1798400,0.0,0.0
2023-06-23 00:00:00-04:00,56.433409947232576,56.82291851539616,55.6091018401728,55.708744049072266,3000200,0.0,0.0
2023-06-26 00:00:00-04:00,55.84462212518317,56.523997073394746,55.49134424951023,56.29753875732422,1786900,0.0,0.0
2023-06-27 00:00:00-04:00,56.55117317539902,57.04938079912652,56.46964804020872,56.813865661621094,2159400,0.0,0.0
2023-06-28 00:00:00-04:00,56.79574462405252,56.89538683295198,55.5185198987076,55.708744049072266,2493600,0.0,0.0
2023-06-29 00:00:00-04:00,55.34641310156709,56.31565445356769,55.16524920642962,56.01673126220703,1887200,0.0,0.0
2023-06-30 00:00:00-04:00,56.116375904983464,56.7957509075729,56.06202466080352,56.71422576904297,2626500,0.0,0.0
2023-07-03 00:00:00-04:00,56.53306264143248,57.103738653850456,56.40624651766853,56.949745178222656,899600,0.0,0.0
2023-07-05 00:00:00-04:00,56.777632539151334,58.02768002763442,56.63269934677012,57.65629196166992,2469000,0.0,0.0
2023-07-06 00:00:00-04:00,57.14902636839996,57.266785671802545,56.72328358681524,57.004093170166016,2097400,0.0,0.0
2023-07-07 00:00:00-04:00,56.60553070687069,56.96786199371353,56.533062376214,56.650821685791016,2002000,0.0,0.0
2023-07-10 00:00:00-04:00,56.50588237431768,56.75951459324992,55.917089345533746,56.31565475463867,2183700,0.0,0.0
2023-07-11 00:00:00-04:00,56.39717746850754,57.0312614440918,56.225070392404824,57.0312614440918,1491000,0.0,0.0
2023-07-12 00:00:00-04:00,57.39359967399351,57.99144607113939,57.21243231900512,57.71063995361328,1586400,0.0,0.0
2023-07-13 00:00:00-04:00,57.592877183821145,58.07296767964606,57.56569983777935,58.009559631347656,1344500,0.0,0.0
2023-07-14 00:00:00-04:00,57.93709868976646,57.991446477808175,57.493242295186214,57.828399658203125,1402000,0.0,0.0
2023-07-17 00:00:00-04:00,57.63817757492736,57.80122785591284,56.985976450985426,56.995033264160156,1636200,0.0,0.0
2023-07-18 00:00:00-04:00,56.99503354557491,57.357368272993924,56.15261169696381,56.75046157836914,1883500,0.0,0.0
2023-07-19 00:00:00-04:00,56.99502943476178,57.69252148867416,56.9587987290171,57.429832458496094,2256900,0.0,0.0
2023-07-20 00:00:00-04:00,57.68346953711503,58.51683458262753,57.293960909827206,58.390018463134766,1501300,0.0,0.0
2023-07-21 00:00:00-04:00,58.553068934358265,59.295852027033916,58.39001865006555,58.996925354003906,2031900,0.0,0.0
2023-07-24 00:00:00-04:00,59.051277879173774,59.069391505222896,58.43531092910425,58.48059844970703,2049600,0.0,0.0
2023-07-25 00:00:00-04:00,58.48059945235467,59.07845278662524,58.299435544917564,58.77046585083008,2107600,0.0,0.0
2023-07-26 00:00:00-04:00,58.59836005068674,59.22338034596329,58.4534234013149,58.806697845458984,1585200,0.0,0.0
2023-07-27 00:00:00-04:00,58.471539876477074,58.81575402838602,57.21242873861761,57.3392448425293,2060300,0.0,0.0
2023-07-28 00:00:00-04:00,57.774043612062165,57.8736858224955,56.85009328187981,57.23054504394531,2383600,0.0,0.0
2023-07-31 00:00:00-04:00,57.44794251866523,57.62005304606126,56.95879519440809,57.17619323730469,5086600,0.0,0.0
2023-08-01 00:00:00-04:00,58.17261523023736,59.15091684611529,57.19431361435944,57.24866485595703,3966400,0.0,0.0
2023-08-02 00:00:00-04:00,57.09467845121461,57.36643123728831,56.342838521389986,57.19432067871094,2686900,0.0,0.0
2023-08-03 00:00:00-04:00,56.84104552319799,56.886336501841555,55.1743119385615,55.42794418334961,2463300,0.0,0.0
2023-08-04 00:00:00-04:00,55.53664946517199,55.80839880614833,54.55834769108073,54.89350509643555,1894500,0.0,0.0
2023-08-07 00:00:00-04:00,55.03843263022156,55.44605832737063,54.793860667412105,54.80291748046875,1988700,0.0,0.0
2023-08-08 00:00:00-04:00,54.69421720653501,55.12901678847763,54.28659151862634,54.88444137573242,2548800,0.0,0.0
2023-08-09 00:00:00-04:00,54.65797243211838,55.50945434950258,54.65797243211838,54.99312973022461,2494900,0.0,0.0
2023-08-10 00:00:00-04:00,55.119960514957974,55.47323844040254,54.71233825298685,54.82103729248047,1616600,0.0,0.0
2023-08-11 00:00:00-04:00,54.920678706453586,55.34641804462571,54.721394257428265,55.13807678222656,1657000,0.0,0.0
2023-08-14 00:00:00-04:00,54.50399012909659,54.83915095111992,54.25035790095349,54.386234283447266,2237700,0.0,0.0
2023-08-15 00:00:00-04:00,54.16883658944012,54.20507075472897,53.77027113770336,53.83367919921875,2499500,0.0,0.0
2023-08-16 00:00:00-04:00,54.07825288329834,54.79386207495594,53.9061423314809,54.65798568725586,2289900,0.0,0.0
2023-08-17 00:00:00-04:00,54.748568202904906,55.20148489257134,54.676103329407944,54.712337493896484,2317200,0.0,0.0
2023-08-18 00:00:00-04:00,54.639860633250905,55.23771043204092,54.639860633250905,55.092777252197266,1977300,0.0,0.0
2023-08-21 00:00:00-04:00,55.038428334026946,55.12901373492248,54.12353824560026,54.56739807128906,1448200,0.0,0.0
2023-08-22 00:00:00-04:00,54.50398904306116,54.63986542284749,54.16883168319606,54.40435028076172,2482400,0.0,0.0
2023-08-23 00:00:00-04:00,54.89350059655267,55.07466796084586,54.295650713221185,55.02937698364258,1879100,0.0,0.0
2023-08-24 00:00:00-04:00,54.96597072987473,55.70875383794221,54.902562668611424,55.00220489501953,1831000,0.0,0.0
2023-08-25 00:00:00-04:00,55.156191218299284,55.63628178012204,54.92067607159754,55.364532470703125,1942000,0.0,0.0
2023-08-28 00:00:00-04:00,55.53664357962999,55.80839289180747,55.25583399894126,55.41888427734375,1249400,0.0,0.0
2023-08-29 00:00:00-04:00,55.77215277676305,56.06201913954873,55.32829642051981,56.00767135620117,1913100,0.0,0.0
2023-08-30 00:00:00-04:00,55.94426160238574,56.243188242080166,55.47323133971284,55.85367965698242,1890800,0.0,0.0
2023-08-31 00:00:00-04:00,56.07108351709333,56.13449157263302,55.31018339513718,55.32830047607422,2932300,0.0,0.0
2023-09-01 00:00:00-04:00,55.63628250088019,55.63628250088019,54.31376664388986,54.80291748046875,2235600,0.0,0.0
2023-09-05 00:00:00-04:00,54.784800261259065,54.89349929506577,53.14524066372461,53.33546829223633,3069100,0.0,0.0
2023-09-06 00:00:00-04:00,53.444166169599086,53.72497574429348,53.11806561975526,53.66156768798828,2504500,0.0,0.0
2023-09-07 00:00:00-04:00,54.14632069118013,55.26217153470504,54.009124228008965,55.02436828613281,2599900,0.57,0.0
2023-09-08 00:00:00-04:00,55.21643795207901,55.79265818568508,54.978634714666654,55.6005859375,2143900,0.0,0.0
2023-09-11 00:00:00-04:00,55.42680992838376,56.0030302309637,55.36278583799169,55.609737396240234,1778900,0.0,0.0
2023-09-12 00:00:00-04:00,55.618888530969826,55.618888530969826,55.124985389232215,55.454254150390625,2244000,0.0,0.0
2023-09-13 00:00:00-04:00,55.60059275885958,56.35059223916333,55.509127280132745,55.692054748535156,4304100,0.0,0.0
2023-09-14 00:00:00-04:00,56.04875801013124,56.414612924854964,55.76522376581884,56.14936828613281,3745100,0.0,0.0
2023-09-15 00:00:00-04:00,56.030468153238445,56.69815393454947,55.91156826477593,56.11278533935547,5387000,0.0,0.0
2023-09-18 00:00:00-04:00,56.22254586594802,56.28656995859001,55.609739350451584,56.09449768066406,3329200,0.0,0.0
2023-09-19 00:00:00-04:00,55.98473679961338,56.37802963197884,55.44510269165039,55.44510269165039,3164200,0.0,0.0
2023-09-20 00:00:00-04:00,55.68290676315125,56.12193056879798,55.280465657853455,55.518272399902344,2562100,0.0,0.0
2023-09-21 00:00:00-04:00,55.4542506495072,56.03046745610583,54.91461654479889,55.28046798706055,2069700,0.0,0.0
2023-09-22 00:00:00-04:00,55.088396853792716,55.60973787377724,54.823152197575666,55.353641510009766,2077700,0.0,0.0
2023-09-25 00:00:00-04:00,55.01522803254574,55.21644510903698,54.63107999733286,55.14327621459961,1286600,0.0,0.0
2023-09-26 00:00:00-04:00,55.033512314435825,55.13412258747224,53.2499792526119,53.4786376953125,1722200,0.0,0.0
2023-09-27 00:00:00-04:00,53.451197877853836,53.62498053239756,52.80180871890374,52.957298278808594,2358200,0.0,0.0
2023-09-28 00:00:00-04:00,53.1036393421414,53.24998060963711,51.713395556406596,51.823150634765625,2788200,0.0,0.0
2023-09-29 00:00:00-04:00,52.3536458942602,52.44510788850524,51.59449808363091,52.051815032958984,2980300,0.0,0.0
2023-10-02 00:00:00-04:00,51.75912987379922,52.01522623610802,49.52742452884091,50.021324157714844,4150800,0.0,0.0
2023-10-03 00:00:00-04:00,49.673768458262074,51.03657101795031,49.12498602380152,50.78961944580078,3467200,0.0,0.0
2023-10-04 00:00:00-04:00,50.9908405799781,51.44815753585234,50.12193766600674,51.329254150390625,3469500,0.0,0.0
2023-10-05 00:00:00-04:00,51.22864184492507,51.841448355976496,50.85364209543438,51.731693267822266,3785900,0.0,0.0
2023-10-06 00:00:00-04:00,50.981691571195874,52.61888348651488,50.368885086560425,52.42681121826172,3146500,0.0,0.0
2023-10-09 00:00:00-04:00,52.38107749953949,53.43290426315412,52.371929207783566,53.42375946044922,2469900,0.0,0.0
2023-10-10 00:00:00-04:00,53.43290071558179,54.25607246641082,53.39631801813999,54.00912094116211,2388800,0.0,0.0
2023-10-11 00:00:00-04:00,54.17376134295699,55.6371775646779,54.03656836186049,55.582298278808594,2594100,0.0,0.0
2023-10-12 00:00:00-04:00,55.33534420006673,56.18595390243151,54.83229631423996,55.39936828613281,3886100,0.0,0.0
2023-10-13 00:00:00-04:00,55.7926648640967,56.067054321355776,55.30791003997062,55.609737396240234,2859700,0.0,0.0
2023-10-16 00:00:00-04:00,55.90242011602999,56.09449587683071,55.326203300781586,55.692054748535156,1976200,0.0,0.0
2023-10-17 00:00:00-04:00,55.39022658039082,55.874981398866296,55.2530301088349,55.6188850402832,1730200,0.0,0.0
2023-10-18 00:00:00-04:00,55.44509637643648,55.65546171808155,54.676803894795405,55.05180358886719,2330600,0.0,0.0
2023-10-19 00:00:00-04:00,54.832304532604276,55.564010975208234,54.66767014688694,54.72254943847656,1937600,0.0,0.0
2023-10-20 00:00:00-04:00,54.66765666543949,55.289607860537984,54.21948461727561,54.23777770996094,3233400,0.0,0.0
2023-10-23 00:00:00-04:00,53.45119992028176,54.77741967534205,53.25912765281093,54.109737396240234,2581100,0.0,0.0
2023-10-24 00:00:00-04:00,54.63107936203688,55.71034758258494,54.475593282508534,55.317054748535156,2782500,0.0,0.0
2023-10-25 00:00:00-04:00,55.0426638456803,55.58229794177721,54.987784560143766,55.41766357421875,2295200,0.0,0.0
2023-10-26 00:00:00-04:00,55.628035510215575,56.32315925296801,55.44510802585696,55.9755973815918,2576000,0.0,0.0
2023-10-27 00:00:00-04:00,55.792665081641246,55.9481511620422,54.722545147442894,54.978641510009766,2199100,0.0,0.0
2023-10-30 00:00:00-04:00,55.353637006502815,55.86583318141737,54.67680647140325,55.02436828613281,2451100,0.0,0.0
2023-10-31 00:00:00-04:00,56.185952155280624,56.58838975361769,55.271318395291104,56.38717269897461,3948100,0.0,0.0
2023-11-01 00:00:00-04:00,56.09450184086573,57.493890668184065,55.94815705934324,57.054866790771484,3482200,0.0,0.0
2023-11-02 00:00:00-04:00,56.88108134206437,58.26218049360428,56.88108134206437,58.006080627441406,3079200,0.0,0.0
2023-11-03 00:00:00-04:00,58.765218191504765,58.8200939832825,58.115829069095355,58.16156005859375,2538000,0.0,0.0
2023-11-06 00:00:00-05:00,58.179850855896795,58.38107138860876,57.4207032017931,57.64021682739258,3178900,0.0,0.0
2023-11-07 00:00:00-05:00,57.76826740555043,57.76826740555043,56.71643719933985,56.98168182373047,2170300,0.0,0.0
2023-11-08 00:00:00-05:00,56.64327694337317,56.9633974084419,55.78352234500903,56.423763275146484,2613800,0.0,0.0
2023-11-09 00:00:00-05:00,56.57010603470727,56.86278860728412,55.7286445108117,55.820106506347656,1814700,0.0,0.0
2023-11-10 00:00:00-05:00,56.14936919693012,56.38717594207331,55.80180737120988,56.350589752197266,1826400,0.0,0.0
2023-11-13 00:00:00-05:00,56.24997513979087,56.405461201205235,55.673754905327066,56.103633880615234,1935600,0.0,0.0
2023-11-14 00:00:00-05:00,57.14632505261139,57.90547285637618,56.908521776293725,57.85059356689453,3442100,0.0,0.0
2023-11-15 00:00:00-05:00,57.713389756745165,58.27131691725866,57.19204878457212,57.51217269897461,2573600,0.0,0.0
2023-11-16 00:00:00-05:00,57.86887679135498,58.3261936585327,57.823145802447364,58.04265594482422,2766000,0.0,0.0
2023-11-17 00:00:00-05:00,58.29876230130538,58.54571385596349,57.932907370911614,58.30790710449219,2106000,0.0,0.0
2023-11-20 00:00:00-05:00,57.99692914366465,58.57314941484958,57.512174345950136,58.545711517333984,3404000,0.0,0.0
2023-11-21 00:00:00-05:00,58.75607380147596,58.966442647428224,58.23473281066626,58.66461181640625,2815600,0.0,0.0
2023-11-22 00:00:00-05:00,58.90241836178852,59.158514710362475,58.43595316797045,59.13107681274414,2003400,0.0,0.0
2023-11-24 00:00:00-05:00,59.34143604786991,59.62497725958821,59.057901814253434,59.53350830078125,1199700,0.0,0.0
2023-11-27 00:00:00-05:00,59.62498218452173,59.65242008318941,58.86583442357115,58.93900680541992,3378900,0.0,0.0
2023-11-28 00:00:00-05:00,59.10363677530022,59.60668116232876,58.893267937672434,58.90241622924805,2738300,0.0,0.0
2023-11-29 00:00:00-05:00,58.90242063331512,59.06705500347624,57.823152424059344,57.887176513671875,3874200,0.0,0.0
2023-11-30 00:00:00-05:00,57.7865612577592,57.99692660395258,56.97253776929976,57.1005859375,18266200,0.0,0.0
2023-12-01 00:00:00-05:00,57.082301917824175,58.179863302525405,56.945105436342224,58.006080627441406,3563900,0.0,0.0
2023-12-04 00:00:00-05:00,57.49388432765143,58.5091284586651,57.30181205666269,57.878028869628906,2563200,0.0,0.0
2023-12-05 00:00:00-05:00,57.859727295898125,57.859727295898125,56.981679766564056,57.25606918334961,3434900,0.0,0.0
2023-12-06 00:00:00-05:00,57.57619374757527,57.932900342455156,57.30180432759464,57.79570388793945,3935200,0.0,0.0
2023-12-07 00:00:00-05:00,58.01722266549803,58.41409544961167,57.49113614159118,57.61111831665039,3237800,0.57,0.0
2023-12-08 00:00:00-05:00,57.574200315800915,57.758792874178965,57.0481138129501,57.74956130981445,2835000,0.0,0.0
2023-12-11 00:00:00-05:00,57.55574546898558,58.2295053701113,57.389612504783564,58.12797927856445,2563200,0.0,0.0
2023-12-12 00:00:00-05:00,58.25718966460615,58.25718966460615,57.53728254178291,57.67572784423828,1612200,0.0,0.0
2023-12-13 00:00:00-05:00,57.89723346481076,59.75238001247383,57.45421344627645,59.5493278503418,3094600,0.0,0.0
2023-12-14 00:00:00-05:00,59.863143837557416,59.946206798847925,57.943386704916605,58.12797927856445,4457900,0.0,0.0
2023-12-15 00:00:00-05:00,57.53727486634962,57.768014659121185,56.226671012586024,56.79890823364258,6826900,0.0,0.0
2023-12-18 00:00:00-05:00,56.845056719840365,57.001958092336295,56.466643592327365,56.94658279418945,3116700,0.0,0.0
2023-12-19 00:00:00-05:00,57.0573405791253,57.38960647260511,56.68815547063438,57.380374908447266,2165000,0.0,0.0
2023-12-20 00:00:00-05:00,57.19578633973998,57.47267341295288,56.042087267344456,56.060546875,2762800,0.0,0.0
2023-12-21 00:00:00-05:00,56.11592058475691,56.40203921408347,55.405241553830955,55.70058822631836,2191100,0.0,0.0
2023-12-22 00:00:00-05:00,56.03285714562308,56.53125600272318,55.95902223391024,55.977481842041016,2063400,0.0,0.0
2023-12-26 00:00:00-05:00,55.83903158961297,56.29128314668522,55.83903158961297,56.042083740234375,1217200,0.0,0.0
2023-12-27 00:00:00-05:00,55.96824235981271,56.20821371075405,55.765190219910004,55.98670196533203,1592400,0.0,0.0
2023-12-28 00:00:00-05:00,55.792887911255605,56.38358127369173,55.792887911255605,56.2728271484375,1324300,0.0,0.0
2023-12-29 00:00:00-05:00,55.99593369434367,56.475872907014804,55.93132683117736,56.43895721435547,1981900,0.0,0.0
2024-01-02 00:00:00-05:00,56.17129571563914,57.04810763233305,56.05131003757118,56.79890823364258,2341500,0.0,0.0
2024-01-03 00:00:00-05:00,56.86351841276121,57.07579861200348,56.4758737074592,57.04811096191406,2830600,0.0,0.0
2024-01-04 00:00:00-05:00,57.01119584821905,57.41729666891445,56.63278267960438,57.02965545654297,2649200,0.0,0.0
2024-01-05 00:00:00-05:00,56.82660414831539,57.131182409067605,56.49433823506219,56.97427749633789,2706000,0.0,0.0
2024-01-08 00:00:00-05:00,57.011193323970176,57.50959216421789,56.725074688833125,57.38960647583008,2010800,0.0,0.0
2024-01-09 00:00:00-05:00,57.12194557835277,57.2511593058591,56.72507283197762,57.05733871459961,1657300,0.0,0.0
2024-01-10 00:00:00-05:00,56.97427288995751,57.40806485505596,56.61431935330563,57.23270034790039,1976100,0.0,0.0
2024-01-11 00:00:00-05:00,57.011193055217014,57.038880705941324,55.26680064338328,55.663673400878906,2635400,0.0,0.0
2024-01-12 00:00:00-05:00,56.11592116689135,56.272826068733636,55.460620950562614,55.67290115356445,4836300,0.0,0.0
2024-01-16 00:00:00-05:00,55.45138904921133,55.58060277067355,54.61149281808719,54.796085357666016,2842100,0.0,0.0
2024-01-17 00:00:00-05:00,54.454589179297834,55.16526813854177,53.83620824640294,54.27922821044922,2479800,0.0,0.0
2024-01-18 00:00:00-05:00,53.93773089145836,54.085404213073474,53.35626916805431,53.83620834350586,2698300,0.0,0.0
2024-01-19 00:00:00-05:00,54.10386772708131,54.12232733371801,53.50394635503316,54.03926086425781,2802600,0.0,0.0
2024-01-22 00:00:00-05:00,53.72545912480876,54.27000524368933,53.513178911795684,53.559326171875,2285200,0.0,0.0
2024-01-23 00:00:00-05:00,53.43011451194681,53.75315238667777,53.282441161467354,53.67008590698242,2034700,0.0,0.0
2024-01-24 00:00:00-05:00,53.92850529389452,53.97465254883936,52.47022809613027,52.590213775634766,2664000,0.0,0.0
2024-01-25 00:00:00-05:00,52.931711380091485,53.1532231484148,52.52561057911054,53.0424690246582,3079300,0.0,0.0
2024-01-26 00:00:00-05:00,53.26398144308838,53.41165479326434,52.93171552498988,53.2270622253418,1678000,0.0,0.0
2024-01-29 00:00:00-05:00,53.19014485948032,53.725459416767926,52.83941934351309,53.55009841918945,1992700,0.0,0.0
2024-01-30 00:00:00-05:00,53.43011278458751,54.011578123656534,53.16245374524348,53.76237869262695,1874800,0.0,0.0
2024-01-31 00:00:00-05:00,54.177711604322056,54.44537064626792,53.24552073983758,53.52241134643555,2787200,0.0,0.0
2024-02-01 00:00:00-05:00,53.23628721307908,54.48228073120117,52.92248094262323,54.48228073120117,2304100,0.0,0.0
2024-02-02 00:00:00-05:00,53.98388750976635,54.18693614846442,53.17168239254379,53.71622848510742,3219500,0.0,0.0
2024-02-05 00:00:00-05:00,53.24551730094033,54.32538144282182,52.83018845948831,53.71622848510742,4118300,0.0,0.0
2024-02-06 00:00:00-05:00,53.58700979131555,54.703789523548686,53.46702411537347,54.43613052368164,3858200,0.0,0.0
2024-02-07 00:00:00-05:00,54.57458287372647,54.703796608795386,54.04849636905436,54.46382522583008,3738800,0.0,0.0
2024-02-08 00:00:00-05:00,54.1500169338611,54.26077457767106,53.09784396333715,53.71622848510742,2792900,0.0,0.0
2024-02-09 00:00:00-05:00,53.55932365035532,54.10386974359921,53.37473461872832,53.91927719116211,1436500,0.0,0.0
2024-02-12 00:00:00-05:00,53.91005000060651,54.79609004134707,53.72545744524969,54.75917434692383,1975400,0.0,0.0
2024-02-13 00:00:00-05:00,54.454593211558816,54.77762752567628,52.97785988872188,54.03926086425781,2325600,0.0,0.0
2024-02-14 00:00:00-05:00,54.085408487936625,54.62072652160854,53.9469667184356,54.242313385009766,2788300,0.0,0.0
2024-02-15 00:00:00-05:00,54.51920595469971,55.24834465184804,54.41767986765243,55.00837326049805,2639700,0.0,0.0
2024-02-16 00:00:00-05:00,54.73147952468157,55.469846176052044,54.47305207690438,55.18373107910156,2411600,0.0,0.0
2024-02-20 00:00:00-05:00,55.257568434554976,55.922100210665924,54.98991293211924,55.47908020019531,2225300,0.0,0.0
2024-02-21 00:00:00-05:00,55.857491921474825,56.44818525370613,55.56214525535918,56.429725646972656,2725900,0.0,0.0
2024-02-22 00:00:00-05:00,55.885184314977465,55.98671040022462,55.460623886498695,55.719051361083984,3221200,0.0,0.0
2024-02-23 00:00:00-05:00,55.94979274548579,56.30051827136381,55.719052916504786,56.06977844238281,2624900,0.0,0.0
2024-02-26 00:00:00-05:00,55.90363658000344,55.90363658000344,54.7222499704411,55.045284271240234,3174800,0.0,0.0
2024-02-27 00:00:00-05:00,55.36832538188263,57.306538343432344,55.072975191137594,56.83583068847656,4075600,0.0,0.0
2024-02-28 00:00:00-05:00,56.84506454879391,57.86031839049017,56.63278432810507,57.8049430847168,3925500,0.0,0.0
2024-02-29 00:00:00-05:00,58.02644360942591,58.25718340819819,57.34345577671352,57.592655181884766,4493900,0.0,0.0
2024-03-01 00:00:00-05:00,57.44498825073242,57.70341572748638,56.74353721267123,57.44498825073242,4148200,0.0,0.0
2024-03-04 00:00:00-05:00,57.251161236150736,58.626372069856394,57.214245541911424,58.47869873046875,3236800,0.0,0.0
2024-03-05 00:00:00-05:00,58.82942186012344,60.24154481032886,58.68174852668921,59.26321029663086,3883600,0.0,0.0
2024-03-06 00:00:00-05:00,59.66007975871107,59.96465797262108,59.28167016336012,59.89081954956055,3038800,0.0,0.0
2024-03-07 00:00:00-05:00,60.76650661592864,60.90623687246707,60.123719006501624,60.79445266723633,3531200,0.6,0.0
2024-03-08 00:00:00-05:00,61.01802919305917,61.10186734836724,59.74177167266965,59.86288070678711,3429800,0.0,0.0
2024-03-11 00:00:00-04:00,59.91877638129324,60.775821854206534,59.555463471963954,60.50566482543945,2571500,0.0,0.0
2024-03-12 00:00:00-04:00,60.10508289088444,60.319347794060945,59.257355212296915,59.62998580932617,2146300,0.0,0.0
2024-03-13 00:00:00-04:00,59.853557290212834,60.19824181301569,59.49024443711601,59.55545425415039,2515800,0.0,0.0
2024-03-14 00:00:00-04:00,59.788356235659265,59.788356235659265,59.061730422972566,59.611358642578125,2298900,0.0,0.0
2024-03-15 00:00:00-04:00,59.43435377883844,60.18892915120864,59.23872431129873,59.41572189331055,5536400,0.0,0.0
2024-03-18 00:00:00-04:00,59.145566299677434,59.66724841459739,58.97788288965562,59.64861297607422,2856400,0.0,0.0
2024-03-19 00:00:00-04:00,59.909458101086635,60.02124942111928,59.34120154909793,59.685882568359375,2319000,0.0,0.0
2024-03-20 00:00:00-04:00,59.44367211673909,60.11440223437594,59.19214698999946,59.51819610595703,3396000,0.0,0.0
2024-03-21 00:00:00-04:00,59.80698193705624,60.05851061951113,59.32256711902635,59.47161865234375,2588300,0.0,0.0
2024-03-22 00:00:00-04:00,59.928094292565895,60.887613369357425,59.872195078179914,60.58019256591797,3913500,0.0,0.0
2024-03-25 00:00:00-04:00,60.66403005903473,60.887605565910505,60.11439834993264,60.850341796875,3792300,0.0,0.0
2024-03-26 00:00:00-04:00,60.90624233641302,61.65150360571789,60.67334907817253,61.02735137939453,3871700,0.0,0.0
2024-03-27 00:00:00-04:00,61.679445826581535,62.08934020996094,61.353396706774184,62.08934020996094,3376600,0.0,0.0
2024-03-28 00:00:00-04:00,62.11728571413758,62.434017111345945,61.88439247242401,62.21044158935547,3051400,0.0,0.0
2024-04-01 00:00:00-04:00,61.977539694512565,62.16385852627273,61.27886006691953,62.080013275146484,2973200,0.0,0.0
2024-04-02 00:00:00-04:00,61.93097168819506,62.89049067162569,61.809862658257735,61.87507247924805,3831800,0.0,0.0
2024-04-03 00:00:00-04:00,61.87506611387865,62.2942781548365,61.50243555769502,62.080013275146484,3777000,0.0,0.0
2024-04-04 00:00:00-04:00,62.55512905023888,62.63896720962637,61.28818918790457,61.5862922668457,2550400,0.0,0.0
2024-04-05 00:00:00-04:00,61.29748576195541,62.098638842857724,60.962119025422545,61.96821212768555,1892500,0.0,0.0
2024-04-08 00:00:00-04:00,61.93098313602245,62.54581768939107,61.65150836163932,62.21976852416992,1852100,0.0,0.0
2024-04-09 00:00:00-04:00,62.48990419936939,62.79732492455305,62.08000989912452,62.601688385009766,2886600,0.0,0.0
2024-04-10 00:00:00-04:00,61.614228227065496,62.12659614163025,61.344071245507436,62.01480484008789,3182100,0.0,0.0
2024-04-11 00:00:00-04:00,62.40608072842999,62.40608072842999,61.48382533840873,61.90303039550781,1883600,0.0,0.0
2024-04-12 00:00:00-04:00,61.92165135996916,62.28496421979937,61.29749922716722,61.362709045410156,2017000,0.0,0.0
2024-04-15 00:00:00-04:00,61.87507220341693,61.98686351347516,60.51497658072681,60.73855209350586,1734900,0.0,0.0
2024-04-16 00:00:00-04:00,60.58019144272923,60.617455215849624,59.648618436733486,59.88151168823242,2226200,0.0,0.0
2024-04-17 00:00:00-04:00,60.31935325657714,60.82240354202222,59.993304119901104,60.58019256591797,2147300,0.0,0.0
2024-04-18 00:00:00-04:00,60.76650621760215,61.01802778506015,60.37524017984662,60.6453971862793,2150600,0.0,0.0
2024-04-19 00:00:00-04:00,60.803767214294034,61.40929109205074,60.794456601480654,61.241607666015625,2954800,0.0,0.0
2024-04-22 00:00:00-04:00,61.27887375299107,62.48060383372683,61.13913637479606,62.14523696899414,2685100,0.0,0.0
2024-04-23 00:00:00-04:00,61.9775485006506,62.62033612371502,61.753972978108166,61.940284729003906,2178800,0.0,0.0
2024-04-24 00:00:00-04:00,61.40929224674958,62.73212423960137,60.88761362587015,62.62965774536133,3465800,0.0,0.0
2024-04-25 00:00:00-04:00,62.42470421115074,63.63574475927514,62.04275589721645,63.4307975769043,2527200,0.0,0.0
2024-04-26 00:00:00-04:00,63.4680570130709,63.71026794909098,63.03022373475743,63.17927169799805,2973100,0.0,0.0
2024-04-29 00:00:00-04:00,63.44944366946472,64.15744120726094,63.412179893018745,63.94317626953125,2912300,0.0,0.0
2024-04-30 00:00:00-04:00,62.918449656088455,65.01448918536322,62.014822588515784,64.35307312011719,4890600,0.0,0.0
2024-05-01 00:00:00-04:00,64.15741516868295,65.63861236773195,63.617101290513126,65.03308868408203,4809900,0.0,0.0
2024-05-02 00:00:00-04:00,65.12627038847847,65.40573801784045,64.71637600327556,65.2287368774414,3572800,0.0,0.0
2024-05-03 00:00:00-04:00,65.65726376620033,65.71315586810572,64.93994862417294,65.62931060791016,2393500,0.0,0.0
2024-05-06 00:00:00-04:00,65.81561654383911,66.52361382749552,65.47093206594438,66.4583969116211,2064500,0.0,0.0
2024-05-07 00:00:00-04:00,67.0639218164857,67.27818668111472,66.61677086636563,67.05461120605469,3912900,0.0,0.0
2024-05-08 00:00:00-04:00,66.88693466541802,67.93960944604422,66.5981422437803,67.59492492675781,3921700,0.0,0.0
2024-05-09 00:00:00-04:00,67.5949222542495,68.61034033452115,67.42723886059622,68.56375885009766,2294400,0.0,0.0
2024-05-10 00:00:00-04:00,68.69418817824261,69.27176597290729,68.45198432558055,68.94571685791016,3060700,0.0,0.0
2024-05-13 00:00:00-04:00,68.9550209377037,69.39286132522236,68.36813258630843,68.46128845214844,2838600,0.0,0.0
2024-05-14 00:00:00-04:00,68.76871852470975,68.88982045597828,68.16319465369119,68.6941909790039,1880000,0.0,0.0
2024-05-15 00:00:00-04:00,69.36492379903152,69.60713476584542,69.02955695493162,69.35560607910156,2344000,0.0,0.0
2024-05-16 00:00:00-04:00,69.4208021100192,69.97975147734768,69.00159719185929,69.1413345336914,2090000,0.0,0.0
2024-05-17 00:00:00-04:00,69.29970052373478,69.62574958462147,68.75938659007315,69.43943786621094,1906700,0.0,0.0
2024-05-20 00:00:00-04:00,69.43944647894054,69.49533857992884,69.01092378757649,69.22518157958984,2125400,0.0,0.0
2024-05-21 00:00:00-04:00,69.23451355678824,70.02634928231886,69.16930372309369,70.00772094726562,1640300,0.0,0.0
2024-05-22 00:00:00-04:00,69.53259787400249,69.91454615907006,69.07612916152644,69.24381256103516,2520100,0.0,0.0
2024-05-23 00:00:00-04:00,69.0761390310513,69.23450473450974,68.28430340642116,68.51719665527344,2147400,0.0,0.0
2024-05-24 00:00:00-04:00,68.84325020550752,69.93318897440567,68.4426735074503,69.90524291992188,3021600,0.0,0.0
2024-05-28 00:00:00-04:00,69.93317031660169,70.22195561233897,69.31833595997773,69.43943786621094,2042400,0.0,0.0
2024-05-29 00:00:00-04:00,68.88050834294802,69.25313184868504,68.15388255648793,68.1911392211914,2268300,0.0,0.0
2024-05-30 00:00:00-04:00,68.43333468190808,69.12269654014885,68.20044148991656,68.85254669189453,2422500,0.0,0.0
2024-05-31 00:00:00-04:00,69.13201007660975,70.63184271090849,68.9643267042243,70.5759506225586,6511800,0.0,0.0
2024-06-03 00:00:00-04:00,70.34306462590865,70.60390387461801,69.36491033591213,69.43943786621094,2980400,0.0,0.0
2024-06-04 00:00:00-04:00,69.29971717561618,69.76550369090187,68.6289834564307,69.25313568115234,2758000,0.0,0.0
2024-06-05 00:00:00-04:00,69.03886914345156,70.07291564535524,68.7780298650141,69.737548828125,2424400,0.0,0.0
2024-06-06 00:00:00-04:00,69.57918381888008,69.68165740888759,68.9084501778627,69.3462905883789,1596800,0.0,0.0
2024-06-07 00:00:00-04:00,68.73585651653322,69.08333472992962,68.12541232842013,68.44471740722656,1929600,0.6,0.0
2024-06-10 00:00:00-04:00,68.40714317145272,69.17724697773602,68.21931751851346,68.97063446044922,1853400,0.0,0.0
2024-06-11 00:00:00-04:00,68.36958835181412,69.28055071117717,68.08784268844667,69.18663787841797,2687700,0.0,0.0
2024-06-12 00:00:00-04:00,69.98491319194854,69.98491319194854,68.37897998105024,68.59498596191406,2121200,0.0,0.0
2024-06-13 00:00:00-04:00,68.56680538262562,69.02698326483274,68.05966750290997,68.75463104248047,2397300,0.0,0.0
2024-06-14 00:00:00-04:00,68.42594238857043,68.59498837276898,67.51497276067224,68.21932983398438,2507100,0.0,0.0
2024-06-17 00:00:00-04:00,68.350793856964,69.57168204182886,68.0878350885535,68.6231460571289,3219900,0.0,0.0
2024-06-18 00:00:00-04:00,68.22870703739044,68.91427707987788,67.85304858796867,68.82975769042969,2546300,0.0,0.0
2024-06-20 00:00:00-04:00,68.94246691136624,69.44021138053863,68.47289557590702,69.10211944580078,1895000,0.0,0.0
2024-06-21 00:00:00-04:00,69.34627817203622,69.57167752898651,68.52922878962937,68.5667953491211,4594000,0.0,0.0
2024-06-24 00:00:00-04:00,68.59497196303235,70.41691078297268,68.59497196303235,70.2009048461914,2183400,0.0,0.0
2024-06-25 00:00:00-04:00,70.06003575263256,70.06003575263256,69.01758690494724,69.09272003173828,1485600,0.0,0.0
2024-06-26 00:00:00-04:00,68.93306539825342,69.51532920031363,68.51044694682453,68.66071319580078,5257200,0.0,0.0
2024-06-27 00:00:00-04:00,68.75463964724335,68.98942533399057,68.38837454912493,68.67012023925781,4359500,0.0,0.0
2024-06-28 00:00:00-04:00,68.83915430134539,69.30872559353713,68.55740865999462,69.21480560302734,5941300,0.0,0.0
2024-07-01 00:00:00-04:00,69.81585345846898,70.4920372382751,69.08332341870869,69.14906311035156,4075400,0.0,0.0
2024-07-02 00:00:00-04:00,68.94246691136624,69.39325138095671,68.66072124405473,69.10211944580078,2209000,0.0,0.0
2024-07-03 00:00:00-04:00,69.28053199490746,69.75949662720295,68.93305389106133,69.48714447021484,1687100,0.0,0.0
2024-07-05 00:00:00-04:00,69.6092463691285,69.69376575693757,69.25236762480887,69.56228637695312,2004200,0.0,0.0
2024-07-08 00:00:00-04:00,69.56229291577841,70.31360987067482,69.4965532196067,70.05064392089844,1874500,0.0,0.0
2024-07-09 00:00:00-04:00,70.12576933475133,71.30909090075264,70.10698963723517,70.98039245605469,2918900,0.0,0.0
2024-07-10 00:00:00-04:00,71.37484167931483,71.75989360656477,70.71744468777811,71.6471939086914,2461900,0.0,0.0
2024-07-11 00:00:00-04:00,71.9852735311461,72.74597665775003,71.64718166041357,71.87257385253906,2567500,0.0,0.0
2024-07-12 00:00:00-04:00,72.21067203874632,72.50180394424923,71.55327510209808,71.6377944946289,3037400,0.0,0.0
2024-07-15 00:00:00-04:00,71.25274628121541,71.37483223059891,69.84403248719043,70.0036849975586,2434900,0.0,0.0
2024-07-16 00:00:00-04:00,70.33238344981332,70.56716908215081,69.91915844407089,70.0036849975586,2488600,0.0,0.0
2024-07-17 00:00:00-04:00,70.08822558686995,71.74111894473276,69.75952703518756,70.57658386230469,3060900,0.0,0.0
2024-07-18 00:00:00-04:00,70.20090562553554,71.17761473752758,69.23358994527015,69.4308090209961,2814800,0.0,0.0
2024-07-19 00:00:00-04:00,69.93795032242129,70.12577597572488,69.28054620567993,70.09760284423828,2242400,0.0,0.0
2024-07-22 00:00:00-04:00,70.14456667522863,71.3372746856049,70.14456667522863,71.20579528808594,1696700,0.0,0.0
2024-07-23 00:00:00-04:00,71.20578253432863,71.44996158530998,70.39811942846525,70.98977661132812,2136500,0.0,0.0
2024-07-24 00:00:00-04:00,71.36545505831302,71.93833270494265,70.72683770625491,71.32788848876953,2485000,0.0,0.0
2024-07-25 00:00:00-04:00,71.60962540535013,71.769277932534,69.33690196456578,69.7219467163086,3312600,0.0,0.0
2024-07-26 00:00:00-04:00,69.99430483716465,71.56267143892468,69.68438602409631,71.38423919677734,2624600,0.0,0.0
2024-07-29 00:00:00-04:00,71.5157134784175,72.61450864774038,71.10248842393447,72.25763702392578,3690400,0.0,0.0
2024-07-30 00:00:00-04:00,72.30458442092566,73.56303918992546,71.7223206134819,73.25312042236328,2767100,0.0,0.0
2024-07-31 00:00:00-04:00,75.60097485436769,76.07054612675508,74.4458263716556,74.91539764404297,6495700,0.0,0.0
2024-08-01 00:00:00-04:00,75.1314073520768,75.58219894882858,74.32374414983484,74.89662170410156,2676000,0.0,0.0
2024-08-02 00:00:00-04:00,75.8639409344524,76.90638983286088,72.8962539326989,74.0326156616211,5215400,0.0,0.0
2024-08-05 00:00:00-04:00,74.05139274748154,74.05139274748154,72.20128067480745,72.5957260131836,2944600,0.0,0.0
2024-08-06 00:00:00-04:00,72.68963030119964,74.32373623077117,72.6708434389133,73.64755249023438,3670100,0.0,0.0
2024-08-07 00:00:00-04:00,73.95748049707673,75.10323562706482,73.30008353647185,74.16409301757812,2616500,0.0,0.0
2024-08-08 00:00:00-04:00,73.8447876689401,75.02810947311713,73.56304915895805,74.53036499023438,2769400,0.0,0.0
2024-08-09 00:00:00-04:00,74.53036001838034,75.06567103323528,73.32825859309834,74.99993133544922,2090400,0.0,0.0
2024-08-12 00:00:00-04:00,75.1220162751342,75.62915415047107,74.66183839690041,75.6103744506836,2974600,0.0,0.0
2024-08-13 00:00:00-04:00,75.97663037735916,75.99541007489177,74.96235474846853,75.25348663330078,3837400,0.0,0.0
2024-08-14 00:00:00-04:00,75.08444971046967,75.94846636757484,74.88723061979805,75.6103744506836,1821800,0.0,0.0
2024-08-15 00:00:00-04:00,75.37558543142262,75.77941702718188,74.67122849684877,75.50706481933594,2153800,0.0,0.0
2024-08-16 00:00:00-04:00,75.74185287980575,75.98603196447054,75.12201531836962,75.69489288330078,2132300,0.0,0.0
2024-08-19 00:00:00-04:00,75.80758851161579,76.00480758920217,75.30984410174217,75.95784759521484,2115600,0.0,0.0
2024-08-20 00:00:00-04:00,76.07994344646673,76.1738562727258,75.30984680699947,75.4601058959961,1998100,0.0,0.0
2024-08-21 00:00:00-04:00,75.43192755631237,76.38046351574125,75.26288161468237,76.1738510131836,1714600,0.0,0.0
2024-08-22 00:00:00-04:00,76.23959070353477,76.5776825867948,75.79819256899592,76.1738510131836,1282500,0.0,0.0
2024-08-23 00:00:00-04:00,76.48378228496783,76.60586825414762,75.80759840777812,76.10812377929688,1315000,0.0,0.0
2024-08-26 00:00:00-04:00,76.361689150698,76.57769512011305,75.91090467596489,76.10812377929688,1981000,0.0,0.0
2024-08-27 00:00:00-04:00,75.91089283654051,76.49315662268232,75.5540140875231,75.68549346923828,2201900,0.0,0.0
2024-08-28 00:00:00-04:00,75.80758377568823,76.45559439376683,75.45070503989368,75.6197509765625,2001200,0.0,0.0
2024-08-29 00:00:00-04:00,75.77941537409423,75.84515506661681,75.02809846090265,75.5164566040039,2149000,0.0,0.0
2024-08-30 00:00:00-04:00,75.46949699726504,75.94846171100953,75.0844451068791,75.83576202392578,4437700,0.0,0.0
2024-09-03 00:00:00-04:00,75.8075878416398,76.15506599975429,75.16897062053731,75.35679626464844,3984600,0.0,0.0
2024-09-04 00:00:00-04:00,75.5633976356566,76.35228098785323,75.46009139709409,76.06114196777344,2787000,0.0,0.0
2024-09-05 00:00:00-04:00,76.66220888870751,76.68099575341003,75.8075928370702,75.97663879394531,1871000,0.0,0.0
2024-09-06 00:00:00-04:00,76.17385305084194,76.3616786954157,75.02809798971047,75.07505798339844,2197200,0.0,0.0
2024-09-09 00:00:00-04:00,75.26430735129843,76.12538630913564,74.67763301460893,76.09700012207031,3383700,0.6,0.0
2024-09-10 00:00:00-04:00,76.2957072937418,76.70259280208181,75.77527704213655,76.31463623046875,1936400,0.0,0.0
2024-09-11 00:00:00-04:00,76.21055607092462,77.91379235729245,75.50087248011933,77.78131866455078,4477800,0.0,0.0
2024-09-12 00:00:00-04:00,77.94219214548697,78.96413111325398,77.7624033109308,78.83165740966797,2950700,0.0,0.0
2024-09-13 00:00:00-04:00,78.55723023257863,79.6548775276845,78.2260460381153,79.63595581054688,2694800,0.0,0.0
2024-09-16 00:00:00-04:00,80.0428409373041,80.54435672526066,79.7873580280929,80.21316528320312,2081100,0.0,0.0
2024-09-17 00:00:00-04:00,80.18478836655663,80.52543709774113,79.67381526977987,80.17533111572266,2768300,0.0,0.0
2024-09-18 00:00:00-04:00,80.38349525407406,80.72414396970957,79.33316291741045,79.71166229248047,2359900,0.0,0.0
2024-09-19 00:00:00-04:00,79.45617471210069,80.04284185079014,77.9327200506383,78.95466613769531,3235400,0.0,0.0
2024-09-20 00:00:00-04:00,79.79681651852567,82.16242824584396,79.65487837103177,82.09619140625,6091700,0.0,0.0
2024-09-23 00:00:00-04:00,82.474699999797,83.72374284349043,82.19082367289059,83.17491912841797,4008800,0.0,0.0
2024-09-24 00:00:00-04:00,82.79641027946963,84.09276810221255,82.4084464917657,83.00458526611328,2848600,0.0,0.0
2024-09-25 00:00:00-04:00,83.58180121926725,83.79943347084603,82.5882413355088,83.49663543701172,2648000,0.0,0.0
2024-09-26 00:00:00-04:00,83.20329757753439,83.76157849076986,82.55038641794953,82.72071075439453,2910800,0.0,0.0
2024-09-27 00:00:00-04:00,83.0045949272157,83.74266471538597,82.81534163584199,83.506103515625,1963800,0.0,0.0
2024-09-30 00:00:00-04:00,83.72373515031477,84.61320026895925,82.87211346712391,84.41448974609375,2827800,0.0,0.0
2024-10-01 00:00:00-04:00,84.4523378968149,86.14611674447566,84.10222476541887,85.852783203125,2926200,0.0,0.0
2024-10-02 00:00:00-04:00,85.15256231678606,86.29751758836846,85.01062416162183,86.13665771484375,1885000,0.0,0.0
2024-10-03 00:00:00-04:00,86.55300854252016,87.2437631680639,86.30698288582502,86.67601776123047,1935100,0.0,0.0
2024-10-04 00:00:00-04:00,85.90009509317395,87.21537468510851,85.90009509317395,87.08290100097656,1904900,0.0,0.0
2024-10-07 00:00:00-04:00,86.91258537781209,86.95043603697069,85.04848192508318,85.14311218261719,3449700,0.0,0.0
2024-10-08 00:00:00-04:00,85.76763166802472,86.72334097724197,85.27558752800432,86.09881591796875,3368100,0.0,0.0
2024-10-09 00:00:00-04:00,85.82440032019451,86.33537337760197,84.68890944991676,85.19988250732422,2359400,0.0,0.0
2024-10-10 00:00:00-04:00,85.3607392684151,85.87171230713415,83.83728462129201,83.9319076538086,2488600,0.0,0.0
2024-10-11 00:00:00-04:00,82.35167615235095,83.58179716599038,80.62004659630095,82.94781494140625,3781500,0.0,0.0
2024-10-14 00:00:00-04:00,83.25061837810875,84.48073225252388,82.81533942918487,84.3671875,2304600,0.0,0.0
2024-10-15 00:00:00-04:00,85.04847467356427,85.19041282848809,83.25061544211071,83.4303970336914,3724200,0.0,0.0
2024-10-16 00:00:00-04:00,83.85622242293279,85.51215093446504,83.60073226693073,85.36074829101562,2174500,0.0,0.0
2024-10-17 00:00:00-04:00,85.14311318657023,85.59730666327874,84.84031512900619,84.87815856933594,1655800,0.0,0.0
2024-10-18 00:00:00-04:00,84.97278718230935,85.24719182539894,84.31041148096462,84.9349365234375,1581100,0.0,0.0
2024-10-21 00:00:00-04:00,85.2755833272758,85.77709191238289,84.86869777759507,85.32289123535156,1772600,0.0,0.0
2024-10-22 00:00:00-04:00,84.76461536033828,85.52160690845798,84.28202846564211,84.94439697265625,2405700,0.0,0.0
2024-10-23 00:00:00-04:00,84.87814511614806,85.96632794466771,84.87814511614806,85.852783203125,1838400,0.0,0.0
2024-10-24 00:00:00-04:00,86.1082811687838,86.36376410126502,85.34182515206491,85.62569427490234,1466300,0.0,0.0
2024-10-25 00:00:00-04:00,86.09881369190458,86.13666435081603,84.75514778728596,84.81192016601562,1951700,0.0,0.0
2024-10-28 00:00:00-04:00,85.27557914981452,85.96633377193581,85.12417652512934,85.5594482421875,1574700,0.0,0.0
2024-10-29 00:00:00-04:00,84.68890876816091,85.08632984763135,83.37362908662196,83.42094421386719,2969600,0.0,0.0
2024-10-30 00:00:00-04:00,84.12115672897195,84.19685803890722,83.33577188176068,83.61018371582031,2399200,0.0,0.0
2024-10-31 00:00:00-04:00,83.95084090555049,84.97278703549958,83.54395534747493,84.60375213623047,2940500,0.0,0.0
2024-11-01 00:00:00-04:00,84.60375039461934,84.73622408807736,82.54093645741952,82.61663055419922,2517400,0.0,0.0
2024-11-04 00:00:00-05:00,79.67379981132723,80.45918463469172,76.64581969859839,77.46905517578125,5443900,0.0,0.0
2024-11-05 00:00:00-05:00,77.77186427312803,79.4561789021305,77.66777676510877,79.2763900756836,2693100,0.0,0.0
2024-11-06 00:00:00-05:00,79.5602692065891,80.00500544388964,77.95164862019828,79.30477905273438,2757400,0.0,0.0
2024-11-07 00:00:00-05:00,79.39941139962296,80.37404247159647,79.15338570925984,79.70220947265625,2625700,0.0,0.0
2024-11-08 00:00:00-05:00,80.19425199084793,81.81232983727058,80.13747960934111,81.20673370361328,2639200,0.0,0.0
2024-11-11 00:00:00-05:00,81.44328074379477,83.28845501436912,81.17833338384298,83.21276092529297,2452000,0.0,0.0
2024-11-12 00:00:00-05:00,83.05190596308987,83.43040534081557,81.64200318081869,82.06781768798828,2528900,0.0,0.0
2024-11-13 00:00:00-05:00,82.63554641009065,83.26006412048064,82.00156423187354,82.33274841308594,2372200,0.0,0.0
2024-11-14 00:00:00-05:00,82.90050548473346,83.08975155241038,81.7839363591803,82.32329559326172,1669500,0.0,0.0
2024-11-15 00:00:00-05:00,82.266531684881,84.26310894727057,81.92588295257825,84.20632934570312,2473600,0.0,0.0
2024-11-18 00:00:00-05:00,83.90352496287535,85.36074282604265,83.76158679854754,84.62267303466797,2444700,0.0,0.0
2024-11-19 00:00:00-05:00,84.22526100162428,85.26612895309832,83.78052474126316,85.24720001220703,2318800,0.0,0.0
2024-11-20 00:00:00-05:00,85.34182515206491,85.94742127724841,84.6226770461813,85.62569427490234,1641000,0.0,0.0
2024-11-21 00:00:00-05:00,85.87171383549207,87.44248363646756,85.50267894861706,87.38570404052734,2162800,0.0,0.0
2024-11-22 00:00:00-05:00,87.79259963363344,88.00077466426742,86.95990673037313,87.43302917480469,1784900,0.0,0.0
2024-11-25 00:00:00-05:00,87.80205919780161,88.10485725654732,86.47731498356093,88.01969146728516,5326600,0.0,0.0
2024-11-26 00:00:00-05:00,88.05754420060092,89.58099899996046,87.98185009858844,89.42960357666016,2657700,0.0,0.0
2024-11-27 00:00:00-05:00,89.60939107593197,90.1014424773441,88.95648698995068,89.13626861572266,2502000,0.0,0.0
2024-11-29 00:00:00-05:00,89.44852062995155,89.81755552787939,88.87131071898237,89.23088836669922,1190100,0.0,0.0
2024-12-02 00:00:00-05:00,89.7891691819084,89.88379221877788,87.23431109005767,87.31000518798828,2078900,0.0,0.0
2024-12-03 00:00:00-05:00,88.19001479146104,88.3414174286945,86.2502172320143,86.25968170166016,2458400,0.0,0.0
2024-12-04 00:00:00-05:00,86.36376431648162,86.92205253222109,85.91903530100055,86.86528015136719,1725800,0.0,0.0
2024-12-05 00:00:00-05:00,86.79903666503917,87.29108077313312,86.52462481309792,86.6003189086914,2066500,0.0,0.0
2024-12-06 00:00:00-05:00,86.39216196397707,86.69496004217653,84.84032091079538,85.16204071044922,1646800,0.0,0.0
2024-12-09 00:00:00-05:00,84.99170740664935,85.15256728956804,83.1465329395823,83.17491912841797,2639300,0.0,0.0
2024-12-10 00:00:00-05:00,83.00342451076165,83.00342451076165,81.3075266352501,82.29838562011719,3115500,0.6,0.0
2024-12-11 00:00:00-05:00,82.5651567528723,82.5651567528723,81.26941870957037,81.51712799072266,3585600,0.0,0.0
2024-12-12 00:00:00-05:00,82.26027359776897,82.85098008060935,81.50760893927898,81.88870239257812,2129700,0.0,0.0
2024-12-13 00:00:00-05:00,82.08878833328116,82.94625589745957,81.93634513233893,82.70806884765625,2143200,0.0,0.0
2024-12-16 00:00:00-05:00,82.76523143567842,82.87003430992687,81.86011636434097,81.98397827148438,1984900,0.0,0.0
2024-12-17 00:00:00-05:00,81.4123306274414,82.21264289374147,80.95501556289156,81.4123306274414,1810800,0.0,0.0
2024-12-18 00:00:00-05:00,81.29800056031368,81.46949551633173,79.01140356970343,79.05904388427734,2963200,0.0,0.0
2024-12-19 00:00:00-05:00,79.06857836636527,80.22140292229436,79.06857836636527,79.2591323852539,2844400,0.0,0.0
2024-12-20 00:00:00-05:00,78.4778612279531,81.15508098151633,78.24919645730324,81.0407485961914,5833000,0.0,0.0
2024-12-23 00:00:00-05:00,81.03122569992179,81.24082416800196,79.84029062066892,81.20272064208984,1953600,0.0,0.0
2024-12-24 00:00:00-05:00,81.06933900368875,81.78390013742441,80.92643259205501,81.73626708984375,600800,0.0,0.0
2024-12-26 00:00:00-05:00,81.45044416903735,81.67910897790041,80.79305283300945,81.36470031738281,943300,0.0,0.0
2024-12-27 00:00:00-05:00,80.71681678509039,81.11696922565181,80.23091323932816,80.9168930053711,1356000,0.0,0.0
2024-12-30 00:00:00-05:00,80.28808370326303,80.73587649846486,79.64974418490326,80.4786376953125,1247000,0.0,0.0
2024-12-31 00:00:00-05:00,80.54533624191164,80.93595923641413,80.03085132540981,80.49769592285156,1784600,0.0,0.0
2025-01-02 00:00:00-05:00,81.12651299958074,81.30753021990148,80.41195182918318,81.07887268066406,1860900,0.0,0.0
2025-01-03 00:00:00-05:00,81.33611425275551,82.66043363345544,80.81209984935983,82.17453002929688,1685000,0.0,0.0
2025-01-06 00:00:00-05:00,81.51713615414702,81.89823689955796,80.39289295307546,81.65052032470703,2532900,0.0,0.0
2025-01-07 00:00:00-05:00,82.25075605410117,82.4603618267394,81.07887253839299,81.37422943115234,1439800,0.0,0.0
2025-01-08 00:00:00-05:00,81.26941761453874,81.67909959725222,80.10706374410091,81.25035858154297,2174600,0.0,0.0
2025-01-10 00:00:00-05:00,80.90736836985266,81.52665609982441,80.07848215996101,80.2499771118164,2524900,0.0,0.0
2025-01-13 00:00:00-05:00,80.16422428525323,80.50721418162114,79.31627906059123,80.1356430053711,1984500,0.0,0.0
2025-01-14 00:00:00-05:00,80.43099041224028,81.58381470592572,80.25949546869835,81.0407485961914,1497200,0.0,0.0
2025-01-15 00:00:00-05:00,82.44128953213144,83.07010674890972,81.94586373285324,82.19357299804688,1834800,0.0,0.0
2025-01-16 00:00:00-05:00,82.13642133675475,84.3086860667441,81.9744558875116,84.29916381835938,1820800,0.0,0.0
2025-01-17 00:00:00-05:00,84.12766291666613,84.59450746579854,83.34640973961352,83.9752197265625,2714200,0.0,0.0
2025-01-21 00:00:00-05:00,84.699311415173,86.34756163293137,84.50875742512856,86.11890411376953,2396000,0.0,0.0
2025-01-22 00:00:00-05:00,86.3094617752174,86.6810402856812,83.90853934745653,84.04192352294922,2388700,0.0,0.0
2025-01-23 00:00:00-05:00,84.39442965415243,84.74694180412298,83.53695489806377,84.00379943847656,1593200,0.0,0.0
2025-01-24 00:00:00-05:00,83.5274316284554,84.16577116782582,83.02247625346412,83.88948059082031,2211300,0.0,0.0
2025-01-27 00:00:00-05:00,81.22178557487662,81.54571647989006,76.41040416698988,78.21109771728516,5554800,0.0,0.0
2025-01-28 00:00:00-05:00,78.86849882087654,79.25912909169645,76.84867718683729,77.87763977050781,3509500,0.0,0.0
2025-01-29 00:00:00-05:00,77.59180641738047,78.84943359961798,77.3250381164348,77.83951568603516,2915600,0.0,0.0
2025-01-30 00:00:00-05:00,78.79227866269126,80.39289603975912,77.95386280570995,79.86888885498047,2923200,0.0,0.0
2025-01-31 00:00:00-05:00,79.99273518803756,80.62155246700313,79.2114819822538,79.59258270263672,1854400,0.0,0.0
2025-02-03 00:00:00-05:00,78.61125675670306,79.80219201790493,78.11582361746358,79.52589416503906,2065500,0.0,0.0
2025-02-04 00:00:00-05:00,79.07809728026726,80.0213159233808,78.4873908042643,79.45919799804688,1574300,0.0,0.0
2025-02-05 00:00:00-05:00,79.98320022258187,80.79304192406308,79.56399600071957,80.12611389160156,1572300,0.0,0.0
2025-02-06 00:00:00-05:00,80.72635087362846,80.83114647875749,79.36392078025624,79.96414947509766,1607800,0.0,0.0
2025-02-07 00:00:00-05:00,79.95461925863117,80.71682065048854,79.60210711173235,79.68785095214844,1545100,0.0,0.0
2025-02-10 00:00:00-05:00,79.68786122176867,80.16423533584853,79.00188133447092,79.9260482788086,1536500,0.0,0.0
2025-02-11 00:00:00-05:00,79.59258615513981,79.89746529089263,78.75417034904257,79.81171417236328,2341500,0.0,0.0
2025-02-12 00:00:00-05:00,78.44928275469707,80.27856481036444,78.44928275469707,79.84030151367188,1704700,0.0,0.0
2025-02-13 00:00:00-05:00,80.2785604817018,80.45005543802064,79.18289866460314,79.91651153564453,2132600,0.0,0.0
2025-02-14 00:00:00-05:00,80.23091392589686,80.50721173785581,79.72595861293048,79.74501037597656,1665300,0.0,0.0
2025-02-18 00:00:00-05:00,80.2118686399071,81.21224983065149,79.74501681533489,80.92642974853516,2637600,0.0,0.0
2025-02-19 00:00:00-05:00,80.76446701672778,82.18406716150655,80.70730444702129,81.74580383300781,2514300,0.0,0.0
2025-02-20 00:00:00-05:00,81.60288590021162,82.10784129009735,80.35478079828943,80.669189453125,2213100,0.0,0.0
2025-02-21 00:00:00-05:00,80.41194834425029,80.8406821203513,79.40203032434344,79.99273681640625,4699100,0.0,0.0
2025-02-24 00:00:00-05:00,79.71644173491113,80.67871947133918,79.27817842646174,80.37384033203125,2279800,0.0,0.0
2025-02-25 00:00:00-05:00,81.27895207569689,81.96493198879885,76.71528701887529,79.2972412109375,3853400,0.0,0.0
2025-02-26 00:00:00-05:00,78.84944050063048,80.87879148377118,78.68746778754506,79.01140594482422,3602300,0.0,0.0
2025-02-27 00:00:00-05:00,79.00188203340605,79.48778566935613,76.79150641527582,76.88677978515625,4382800,0.0,0.0
2025-02-28 00:00:00-05:00,77.92527184362945,78.33495383774353,76.08646762849759,77.31551361083984,6051800,0.0,0.0
2025-03-03 00:00:00-05:00,77.45842709422966,78.81132771556379,76.88677239212996,77.89669036865234,3706000,0.0,0.0
2025-03-04 00:00:00-05:00,77.83000074787316,78.67794604217804,76.63906552903016,77.563232421875,3373600,0.0,0.0
2025-03-05 00:00:00-05:00,77.1440235298727,78.71605952613969,77.01063936232441,77.80142211914062,4955900,0.0,0.0
2025-03-06 00:00:00-05:00,76.68671563807615,76.96301354258682,73.81894822666963,74.50492095947266,3705100,0.0,0.0
2025-03-07 00:00:00-05:00,74.24766021479547,75.46717662783821,73.8856185512019,75.35284423828125,4392000,0.0,0.0
2025-03-10 00:00:00-04:00,75.02631823129015,75.55453290273402,73.85463112672153,75.47769927978516,6025300,0.63,0.0
2025-03-11 00:00:00-04:00,75.55453601963475,76.6782003244012,74.93027563012299,75.43929290771484,3927700,0.0,0.0
2025-03-12 00:00:00-04:00,75.96750353651458,77.34087338905888,75.32403843852897,76.41889190673828,3191300,0.0,0.0
2025-03-13 00:00:00-04:00,76.40928895683943,77.31206573373221,75.82344538808022,76.58216094970703,2395100,0.0,0.0
2025-03-14 00:00:00-04:00,77.03355912372344,78.40692920617026,76.66861034898031,78.30128479003906,2287000,0.0,0.0
2025-03-17 00:00:00-04:00,78.13800734825661,79.5593927485306,77.69622500345483,78.97355651855469,2031000,0.0,0.0
2025-03-18 00:00:00-04:00,78.30127733573505,79.10801577054801,78.19563292966123,78.91593170166016,3348600,0.0,0.0
2025-03-19 00:00:00-04:00,78.78147677622817,80.19326354635159,78.69504444038782,79.8379135131836,3738400,0.0,0.0
2025-03-20 00:00:00-04:00,79.67465091719032,80.37574497786935,79.43455131558575,80.00119018554688,3100300,0.0,0.0
2025-03-21 00:00:00-04:00,79.6170292840545,79.91475044504675,79.05039041461629,79.69386291503906,5339700,0.0,0.0
2025-03-24 00:00:00-04:00,80.16444632412966,81.21127694165045,79.95315752827032,80.02999114990234,2446300,0.0,0.0
2025-03-25 00:00:00-04:00,79.98196667173606,80.46216580624673,77.53295548208602,78.19562530517578,2615200,0.0,0.0
2025-03-26 00:00:00-04:00,78.21485244625465,78.62782407460604,77.84989634425281,78.30128479003906,2168500,0.0,0.0
2025-03-27 00:00:00-04:00,78.53176805184158,78.53176805184158,77.33127014191382,77.51374816894531,2519300,0.0,0.0
2025-03-28 00:00:00-04:00,78.04197327302798,79.13682682409065,77.56177409002653,78.3973159790039,1907300,0.0,0.0
2025-03-31 00:00:00-04:00,78.17641922104495,79.43453858713134,77.88829681438436,79.04077911376953,3169900,0.0,0.0
2025-04-01 00:00:00-04:00,78.97355942800785,80.07801166707246,78.82949821026875,79.9627685546875,2208200,0.0,0.0
2025-04-02 00:00:00-04:00,79.31929644978172,80.64465086624308,79.01196926994074,80.4717788696289,2352100,0.0,0.0
2025-04-03 00:00:00-04:00,79.47296305932441,80.22207259616282,78.12840391069393,78.32048797607422,2666600,0.0,0.0
2025-04-04 00:00:00-04:00,78.08998429966623,79.09840545682198,73.8642375943181,74.65176391601562,4819800,0.0,0.0
2025-04-07 00:00:00-04:00,73.57611944983704,75.87147095978142,71.71294427395021,74.07552337646484,4481400,0.0,0.0
2025-04-08 00:00:00-04:00,76.06354519526056,76.76463920375019,73.55690495492227,74.6229476928711,4259900,0.0,0.0
2025-04-09 00:00:00-04:00,74.44048053390586,78.87751636294992,72.19314451306822,78.58940124511719,5342700,0.0,0.0
2025-04-10 00:00:00-04:00,77.94592549175813,78.68542892030933,76.14997812633784,78.01315307617188,4349100,0.0,0.0
2025-04-11 00:00:00-04:00,77.85949712448871,79.20405633490903,76.82226510554233,78.88712310791016,2495300,0.0,0.0
2025-04-14 00:00:00-04:00,79.7130565231735,80.71187160466246,79.23285738749173,80.35652160644531,2202400,0.0,0.0
2025-04-15 00:00:00-04:00,80.82712440476409,81.15365630951759,80.08761361086877,80.2220687866211,1651100,0.0,0.0
2025-04-16 00:00:00-04:00,80.30851353765694,80.69266702002582,79.29048629305697,79.74187469482422,1989600,0.0,0.0
2025-04-17 00:00:00-04:00,80.22207333467972,81.40336653405524,79.96276900310156,80.05880737304688,2125200,0.0,0.0
2025-04-21 00:00:00-04:00,79.7130635579427,79.93395840384376,76.13077446562238,77.07196807861328,1985000,0.0,0.0
2025-04-22 00:00:00-04:00,78.12840228192097,79.3481122580699,77.67701389675992,78.7526626586914,1839900,0.0,0.0
2025-04-23 00:00:00-04:00,79.94355044595066,80.60622760114072,77.96513234203029,78.59899139404297,2946600,0.0,0.0
2025-04-24 00:00:00-04:00,78.61820456399673,79.26166965941458,77.86909507055415,78.48374938964844,2634500,0.0,0.0
2025-04-25 00:00:00-04:00,78.36849451092091,78.74304923639212,77.2832471431783,77.8210678100586,2886100,0.0,0.0
2025-04-28 00:00:00-04:00,77.61939440075548,78.1187983190634,77.09117237703352,77.69622802734375,3615000,0.0,0.0
2025-04-29 00:00:00-04:00,77.21603162628686,78.45494642231752,77.21603162628686,78.37811279296875,3076500,0.0,0.0
2025-04-30 00:00:00-04:00,77.4657271321737,77.51374264879672,74.6709646798074,76.76463317871094,4465600,0.0,0.0
2025-05-01 00:00:00-04:00,76.4861156816742,77.39849108395146,75.38165623395216,75.54492950439453,4684500,0.0,0.0
2025-05-02 00:00:00-04:00,76.29405693674366,76.67821046361746,75.17999119248489,76.33247375488281,2203300,0.0,0.0
2025-05-05 00:00:00-04:00,75.90988483359739,76.01552923601,75.03591883677636,75.24720764160156,3537900,0.0,0.0
2025-05-06 00:00:00-04:00,74.92067122231013,77.29285612562342,74.86304234347672,76.54373931884766,2910400,0.0,0.0
2025-05-07 00:00:00-04:00,76.23641354331157,77.30245623028642,75.66017603536076,76.63018035888672,2510400,0.0,0.0
2025-05-08 00:00:00-04:00,76.37088324576311,77.12959891767889,75.73702406461427,76.33247375488281,3549400,0.0,0.0
2025-05-09 00:00:00-04:00,76.562952261507,76.83186260827478,75.53532639221162,75.8138427734375,1793000,0.0,0.0
2025-05-12 00:00:00-04:00,75.88107299804688,76.39008293316064,75.34324495855695,75.88107299804688,3377800,0.0,0.0
2025-05-13 00:00:00-04:00,75.75621820106467,76.31325099518652,74.31562069525437,74.51730346679688,2767500,0.0,0.0
2025-05-14 00:00:00-04:00,74.57493099300457,74.57493099300457,72.99027229998751,74.22918701171875,3171100,0.0,0.0
2025-05-15 00:00:00-04:00,74.57493310825743,75.56414223328302,74.5077055170593,75.33364868164062,3689500,0.0,0.0
2025-05-16 00:00:00-04:00,75.54493794268394,76.1980017883715,75.02632195293977,76.14998626708984,3990100,0.0,0.0
2025-05-19 00:00:00-04:00,75.60255571985643,76.63978764749497,75.27601648607796,76.61096954345703,3011700,0.0,0.0
2025-05-20 00:00:00-04:00,76.05394228619221,76.6878013420541,75.70819831853758,76.22681427001953,2810500,0.0,0.0
2025-05-21 00:00:00-04:00,75.86186428008158,76.20760827529395,74.66136633205471,74.80542755126953,3480200,0.0,0.0
2025-05-22 00:00:00-04:00,74.48849334718918,74.9590938122042,73.70096699681163,74.30602264404297,3150500,0.0,0.0
2025-05-23 00:00:00-04:00,74.6997832315367,75.97711480824762,74.16196249492495,75.83305358886719,2572100,0.0,0.0
2025-05-27 00:00:00-04:00,76.56295093020935,76.6493832570572,75.88106904068856,76.44770050048828,2953100,0.0,0.0
2025-05-28 00:00:00-04:00,76.24602599975454,76.6878083706351,74.72859481677907,74.99750518798828,2192900,0.0,0.0
2025-05-29 00:00:00-04:00,74.997500735908,76.42849949772838,74.69977960363688,76.39968872070312,2544000,0.0,0.0
2025-05-30 00:00:00-04:00,76.4765088156008,78.15720572685879,76.15958296676465,77.8210678100586,12247500,0.0,0.0
2025-06-02 00:00:00-04:00,77.55216430734554,79.4249380996539,77.14879877165723,78.65662384033203,3701800,0.0,0.0
2025-06-03 00:00:00-04:00,79.95316130010596,80.08761648067627,78.95434615354242,79.05038452148438,4132600,0.0,0.0
2025-06-04 00:00:00-04:00,78.5317679514914,79.04078521954685,77.13919330865777,77.2064208984375,3314900,0.0,0.0
2025-06-05 00:00:00-04:00,77.20641503776397,77.30245339769372,76.56294996625167,76.66859436035156,2112700,0.0,0.0
2025-06-06 00:00:00-04:00,77.27363899655079,77.27363899655079,76.24601320628126,77.02393341064453,2017400,0.0,0.0
2025-06-09 00:00:00-04:00,77.03363297545299,77.82739465021614,76.14307253747916,77.1401138305664,2671500,0.63,0.0
2025-06-10 00:00:00-04:00,77.12074623285102,77.31435113597429,76.16242596452453,76.888427734375,2346400,0.0,0.0
2025-06-11 00:00:00-04:00,77.58538835374006,78.34042899073432,77.2272248323551,78.2242660522461,3647500,0.0,0.0
2025-06-12 00:00:00-04:00,78.05971119092442,79.10515553189524,77.93387354045039,78.95027160644531,3360100,0.0,0.0
2025-06-13 00:00:00-04:00,78.67923498974918,78.7373127712736,77.92419428884247,78.40819549560547,2451100,0.0,0.0
2025-06-16 00:00:00-04:00,78.6598709599895,79.35683381530171,78.20490868581228,78.56307220458984,2525900,0.0,0.0
2025-06-17 00:00:00-04:00,78.21458856002832,78.95026498843114,77.44018376823738,78.44690704345703,2946300,0.0,0.0
2025-06-18 00:00:00-04:00,78.58243154838514,79.81179129087435,78.32107416180841,79.47299194335938,3579700,0.0,0.0
2025-06-20 00:00:00-04:00,79.58915488476674,79.92795423228173,79.10515370681051,79.47299194335938,5286100,0.0,0.0
2025-06-23 00:00:00-04:00,79.7149891029225,80.77979017156309,79.7149891029225,80.67330932617188,2569000,0.0,0.0
2025-06-24 00:00:00-04:00,80.38291507274943,81.07987793809103,80.13123239687124,80.47003173828125,1982900,0.0,0.0
2025-06-25 00:00:00-04:00,80.25707966314623,80.77979444144181,79.45363592736992,80.1021957397461,2787900,0.0,0.0
2025-06-26 00:00:00-04:00,79.97636046857748,80.43131539022897,79.48267717965263,80.37323760986328,2388100,0.0,0.0
2025-06-27 00:00:00-04:00,80.37324554514773,81.46709308517866,80.30548566627374,80.84756469726562,2756000,0.0,0.0
2025-06-30 00:00:00-04:00,80.82820063658043,81.66068329383886,80.55716114543067,81.48644256591797,2842800,0.0,0.0
2025-07-01 00:00:00-04:00,81.2541154372257,81.89299311497842,80.00539158380965,80.21835327148438,2667900,0.0,0.0
2025-07-02 00:00:00-04:00,80.02475528740167,80.10219725056238,78.53403073028242,78.62115478515625,2221900,0.0,0.0
2025-07-03 00:00:00-04:00,78.50499403290999,79.20195695027705,78.02099282754646,78.57275390625,2018400,0.0,0.0
2025-07-07 00:00:00-04:00,79.86019336328907,79.9763563032426,79.04707493942968,79.65691375732422,2275600,0.0,0.0
2025-07-08 00:00:00-04:00,79.08578190350656,79.42458860364718,78.20490368484597,78.98898315429688,2070100,0.0,0.0
2025-07-09 00:00:00-04:00,79.07611625161915,79.31811684498534,78.07907498859403,78.95995330810547,1848400,0.0,0.0
2025-07-10 00:00:00-04:00,78.0887457430601,79.71498994359162,78.0887457430601,79.53107452392578,1791800,0.0,0.0
2025-07-11 00:00:00-04:00,78.63083700044417,80.08284057826502,78.59211601880297,79.90859985351562,1870700,0.0,0.0
2025-07-14 00:00:00-04:00,79.39554698241409,80.63459615479223,79.24067045166157,80.34419250488281,2358700,0.0,0.0
2025-07-15 00:00:00-04:00,80.07315221671973,80.32483488504451,78.92122710522516,79.23098754882812,3581800,0.0,0.0
2025-07-16 00:00:00-04:00,78.64051368923325,79.77308212128955,78.64051368923325,79.54075622558594,2520300,0.0,0.0
2025-07-17 00:00:00-04:00,79.30843409550027,80.74108084586372,79.20195324448066,80.1021957397461,2510000,0.0,0.0
2025-07-18 00:00:00-04:00,80.53779099160326,82.06723644717214,80.47971321502551,81.61227416992188,3009300,0.0,0.0
2025-07-21 00:00:00-04:00,81.75747161052895,82.68675291227758,81.5735488142042,81.70907592773438,2445900,0.0,0.0
2025-07-22 00:00:00-04:00,81.88332215515443,83.04492950439453,81.75748449772755,83.04492950439453,2769100,0.0,0.0
2025-07-23 00:00:00-04:00,84.07100739089549,85.21325052412078,83.39340866155517,83.89676666259766,3649600,0.0,0.0
2025-07-24 00:00:00-04:00,84.05164637081795,84.33236794038034,83.08364401450847,84.14844512939453,2004400,0.0,0.0
2025-07-25 00:00:00-04:00,84.18716689212411,84.93252546388847,83.96452309858456,84.77764892578125,1918000,0.0,0.0
2025-07-28 00:00:00-04:00,84.75828356261293,84.75828356261293,83.70316454405288,84.15812683105469,1866000,0.0,0.0
2025-07-29 00:00:00-04:00,84.57436035339958,85.83275886378561,84.22587894799517,85.7746810913086,2072000,0.0,0.0
2025-07-30 00:00:00-04:00,85.74564500263483,86.82980284569072,85.55204011260955,86.03604125976562,2682700,0.0,0.0
2025-07-31 00:00:00-04:00,85.45524554841879,87.20732742370696,85.31972581139495,86.91693115234375,2448400,0.0,0.0
2025-08-01 00:00:00-04:00,86.91693056477416,87.02341141246903,85.79404431099967,86.1231689453125,2460300,0.0,0.0
2025-08-04 00:00:00-04:00,86.53941001699948,87.75909502402915,86.4038902812486,87.25572967529297,2475800,0.0,0.0
2025-08-05 00:00:00-04:00,86.61685056938418,88.3398935118954,84.44852006204121,85.34876251220703,3576800,0.0,0.0
2025-08-06 00:00:00-04:00,85.37779997757968,85.78436655672736,83.10299604772392,83.12236022949219,4032400,0.0,0.0
2025-08-07 00:00:00-04:00,82.84164164306817,84.93252284736934,82.84164164306817,84.6711654663086,2691700,0.0,0.0
2025-08-08 00:00:00-04:00,85.1551722656815,85.3681339752151,84.30332542754705,84.87445068359375,2400800,0.0,0.0
2025-08-11 00:00:00-04:00,84.87444182929119,85.15516338209339,83.48051615614132,83.77091979980469,3115000,0.0,0.0
2025-08-12 00:00:00-04:00,83.93548796397599,85.36813477823237,83.74189043636373,85.0196533203125,2214900,0.0,0.0
2025-08-13 00:00:00-04:00,85.33909547726569,85.81341458732552,84.00324743323884,84.8647689819336,2343300,0.0,0.0
2025-08-14 00:00:00-04:00,84.76796444676746,84.76796444676746,83.86772197697923,84.0226058959961,1452800,0.0,0.0
2025-08-15 00:00:00-04:00,83.99355861005328,83.99355861005328,82.3963606797516,82.58995819091797,2922500,0.0,0.0
2025-08-18 00:00:00-04:00,82.57060304877778,82.80292154388785,81.28315815643084,81.42835998535156,2494200,0.0,0.0
2025-08-19 00:00:00-04:00,81.5057957106795,81.9317191121198,81.3896401541208,81.88331604003906,1780000,0.0,0.0
2025-08-20 00:00:00-04:00,81.94139822866684,82.83195859455348,81.863956270258,82.4350814819336,2540900,0.0,0.0
2025-08-21 00:00:00-04:00,82.38668004642612,82.90940219815076,80.53779202540349,80.62491607666016,2507900,0.0,0.0
2025-08-22 00:00:00-04:00,81.0024327543019,81.30251110399612,80.35387298580797,81.02178955078125,3117000,0.0,0.0
2025-08-25 00:00:00-04:00,80.76043683071617,81.11860036101974,79.61819375558984,79.95699310302734,2457500,0.0,0.0
2025-08-26 00:00:00-04:00,79.9666735889626,80.80883828020349,79.74402980210407,80.79915618896484,6505500,0.0,0.0
2025-08-27 00:00:00-04:00,80.81851114781259,81.06051172637197,80.06347052435079,80.1893081665039,2546900,0.0,0.0
2025-08-28 00:00:00-04:00,80.06348198379432,80.4700412414995,79.52140297352074,79.94731903076172,2046100,0.0,0.0
2025-08-29 00:00:00-04:00,79.95699031196406,80.44099147291453,79.38587248697287,79.69563293457031,2254600,0.0,0.0
2025-09-02 00:00:00-04:00,79.3084236694666,79.38586562098601,78.67922073759567,79.1922607421875,2395300,0.0,0.0
2025-09-03 00:00:00-04:00,78.70826541055328,79.26002643147606,78.4275438546071,78.74698638916016,1589100,0.0,0.0
2025-09-04 00:00:00-04:00,79.24067529699487,79.82147524705631,78.29202971651927,79.11483764648438,2478700,0.0,0.0
2025-09-05 00:00:00-04:00,79.0083542007205,79.23099060472161,77.93387100500236,78.52435302734375,1798500,0.0,0.0
2025-09-08 00:00:00-04:00,78.5727454859383,78.58242757688423,77.19818398247722,77.62410736083984,3007500,0.0,0.0
2025-09-09 00:00:00-04:00,77.6533792447318,78.23878574868047,77.33141460006351,78.04364776611328,3116500,0.63,0.0
2025-09-10 00:00:00-04:00,78.25829206242489,79.94620017265068,78.05340277339504,79.73155212402344,4372900,0.0,0.0
2025-09-11 00:00:00-04:00,79.82910731884677,80.44377510840022,79.30224602333597,80.03399658203125,2229300,0.0,0.0
2025-09-12 00:00:00-04:00,79.86814218613434,80.90234735465977,79.84862466762311,80.67794799804688,1703000,0.0,0.0
2025-09-15 00:00:00-04:00,80.74624444612063,81.62434668554391,80.73648568686251,80.95113372802734,2281600,0.0,0.0
2025-09-16 00:00:00-04:00,80.57062949534901,80.9121116551586,79.155907056491,79.24372100830078,1707300,0.0,0.0
2025-09-17 00:00:00-04:00,79.61447548414695,79.9852339399345,78.26805686215054,78.47294616699219,3405500,0.0,0.0
2025-09-18 00:00:00-04:00,78.6485656576292,79.91693651232639,78.19975945587176,79.2144546508789,2426300,0.0,0.0
2025-09-19 00:00:00-04:00,79.39006445727814,79.916925782627,78.85344437301022,79.61446380615234,4629400,0.0,0.0
2025-09-22 00:00:00-04:00,79.6632625530292,80.05353108924722,78.72662253235788,79.74131774902344,2331400,0.0,0.0
2025-09-23 00:00:00-04:00,79.92668077249546,80.29743919094544,79.46811585099302,80.20962524414062,1894200,0.0,0.0
2025-09-24 00:00:00-04:00,80.31694908519948,80.78527276501583,80.0925422827609,80.39500427246094,2460300,0.0,0.0
2025-09-25 00:00:00-04:00,80.0340064551851,80.27792333817358,78.8144220402426,78.9119873046875,2627600,0.0,0.0
2025-09-26 00:00:00-04:00,79.21444803651843,80.32670840968619,78.99004123250104,80.29743957519531,2326300,0.0,0.0
2025-09-29 00:00:00-04:00,80.30719150026123,81.20481127938993,79.52666194748939,81.0194320678711,2906800,0.0,0.0
2025-09-30 00:00:00-04:00,80.99991836485104,81.45848331363092,80.59013977205946,81.42921447753906,2568800,0.0,0.0
2025-10-01 00:00:00-04:00,81.4194537846746,81.88777748228459,80.45354499781025,80.5413589477539,2213500,0.0,0.0
2025-10-02 00:00:00-04:00,80.38525143262996,80.70722352097897,79.15590819586738,79.59496307373047,3159100,0.0,0.0
2025-10-03 00:00:00-04:00,79.87790375423019,80.34622000243512,79.53641416204643,80.0047378540039,3053000,0.0,0.0
2025-10-06 00:00:00-04:00,80.49256931059132,80.57062449763549,78.17048332416995,79.84862518310547,3741500,0.0,0.0
2025-10-07 00:00:00-04:00,79.6047091853046,80.2486533199001,78.20951178118587,78.56074523925781,3351500,0.0,0.0
2025-10-08 00:00:00-04:00,78.81442339131823,80.658434462822,78.2973207815186,79.80960845947266,3850700,0.0,0.0
2025-10-09 00:00:00-04:00,80.27791911482028,80.52183598497652,79.1168724308759,79.4193344116211,2471600,0.0,0.0
2025-10-10 00:00:00-04:00,79.70228672579307,80.32671337940566,78.23878536068487,78.68759155273438,2713200,0.0,0.0
2025-10-13 00:00:00-04:00,78.78515173152445,80.37548709910963,78.55099361248638,79.75106048583984,2235500,0.0,0.0
2025-10-14 00:00:00-04:00,79.52666512377778,81.29262103034938,79.50714760402128,80.43403625488281,2588800,0.0,0.0
2025-10-15 00:00:00-04:00,81.16579069255886,83.13663598549269,80.86332867232287,82.66831970214844,3361000,0.0,0.0
2025-10-16 00:00:00-04:00,83.13662945252754,83.83911126609526,81.90728627878406,82.28779602050781,2713700,0.0,0.0
2025-10-17 00:00:00-04:00,82.09266266544078,82.73660678695887,81.47799482160718,82.68782043457031,2546800,0.0,0.0
2025-10-20 00:00:00-04:00,82.92198734486034,83.99522021747016,82.46342238127859,82.76588439941406,2151800,0.0,0.0
2025-10-21 00:00:00-04:00,82.90247185909101,83.0000371240984,80.61940595040473,81.09748840332031,1959000,0.0,0.0
2025-10-22 00:00:00-04:00,81.97558191769593,82.04387834648125,81.0877283434867,81.75118255615234,2024700,0.0,0.0
2025-10-23 00:00:00-04:00,82.17072255100797,82.19999138661404,80.37549038172399,80.71697998046875,1838700,0.0,0.0
2025-10-24 00:00:00-04:00,81.46824015545569,81.46824015545569,80.65843430513435,81.08773040771484,3082000,0.0,0.0
2025-10-27 00:00:00-04:00,81.19504949892034,81.58531798266199,80.67794692155735,81.41944885253906,1847100,0.0,0.0
2025-10-28 00:00:00-04:00,81.13652198733031,81.43897656430528,79.27299327999297,79.2925033569336,2156700,0.0,0.0
2025-10-29 00:00:00-04:00,79.39007224131785,79.75106447544536,78.1899978641774,78.33634948730469,2535400,0.0,0.0
2025-10-30 00:00:00-04:00,78.20951595690228,79.42910041897659,78.05340557275541,78.78515625,2527000,0.0,0.0
2025-10-31 00:00:00-04:00,78.13146095560126,79.39007301678541,77.63386840960918,78.59977722167969,3539500,0.0,0.0
2025-11-03 00:00:00-05:00,78.85344870430522,79.87790257826943,77.62410554429867,79.38031005859375,3974500,0.0,0.0
2025-11-04 00:00:00-05:00,78.75588402953427,80.16084765146927,78.0631609780948,79.82911682128906,2344600,0.0,0.0
2025-11-05 00:00:00-05:00,80.25841262897951,80.25841262897951,77.36067889095938,77.91680908203125,3629000,0.0,0.0
2025-11-06 00:00:00-05:00,78.34610399123821,80.77551400567006,78.34610399123821,80.39500427246094,4687100,0.0,0.0
2025-11-07 00:00:00-05:00,80.21938576414625,81.2828598022461,79.70228316259293,81.2828598022461,3764100,0.0,0.0
2025-11-10 00:00:00-05:00,80.9999134191643,81.78045040480222,80.76575530097386,81.21456146240234,2173400,0.0,0.0
2025-11-11 00:00:00-05:00,81.14626923145643,81.7511857988007,80.81454583384208,81.712158203125,1319900,0.0,0.0
2025-11-12 00:00:00-05:00,81.66336687669937,81.80971849063657,80.89259610121789,81.49750518798828,2209200,0.0,0.0
2025-11-13 00:00:00-05:00,81.28285860763327,81.60483067533154,80.18035699116177,80.38524627685547,2268200,0.0,0.0
2025-11-14 00:00:00-05:00,80.37548887099818,81.40970152007445,79.94620021725673,80.82429504394531,2378400,0.0,0.0
2025-11-17 00:00:00-05:00,80.95112870300177,80.95112870300177,79.7217856441204,80.46329498291016,2567500,0.0,0.0
2025-11-18 00:00:00-05:00,80.28768348876365,81.07797182133766,80.15109062742376,80.3559799194336,1857400,0.0,0.0
2025-11-19 00:00:00-05:00,80.39500264101382,80.78527112564903,79.04857674120993,79.13639068603516,2118000,0.0,0.0
2025-11-20 00:00:00-05:00,80.31695325750891,80.9901662560444,78.72661781414193,78.79491424560547,2962300,0.0,0.0
2025-11-21 00:00:00-05:00,79.18518676813048,79.57544785696794,78.3753808656618,79.2925033569336,2581500,0.0,0.0
2025-11-24 00:00:00-05:00,79.42909380624282,80.37548501726991,78.88271495096944,80.14132690429688,3715100,0.0,0.0
2025-11-25 00:00:00-05:00,80.4340362514595,80.55111159498242,79.52666512039308,80.16085052490234,1304600,0.0,0.0
2025-11-26 00:00:00-05:00,80.26816957136239,81.63410568981105,80.23890073458362,81.22432708740234,1529200,0.0,0.0
2025-11-28 00:00:00-05:00,81.22432784455985,81.76094800301613,80.96090086734235,81.48775482177734,1335000,0.0,0.0
2025-12-01 00:00:00-05:00,80.882837006505,81.16578147394283,79.45836335384548,79.58519744873047,2889900,0.0,0.0
2025-12-02 00:00:00-05:00,79.77058064635196,79.80960824144283,78.14121018725663,78.71685791015625,2878600,0.0,0.0
2025-12-03 00:00:00-05:00,78.76564043720342,79.27298426122425,78.08266872193227,78.58026123046875,3278200,0.0,0.0
2025-12-04 00:00:00-05:00,78.65832043455333,79.50714643768978,78.5119688135376,78.8046646118164,2066500,0.0,0.0
2025-12-05 00:00:00-05:00,78.41440236088306,78.74612574932996,77.60459652143558,77.63386535644531,4567700,0.0,0.0
2025-12-08 00:00:00-05:00,77.63386358997622,77.8777804678439,76.7947889346112,76.83381652832031,3340100,0.0,0.0
2025-12-09 00:00:00-05:00,77.37043514571265,78.56074323401018,77.05822184581042,77.39970397949219,4204900,0.0,0.0
2025-12-10 00:00:00-05:00,77.72425619927016,77.77343309495028,76.61292888830306,77.38987731933594,2554600,0.63,0.0
2025-12-11 00:00:00-05:00,77.3013581374574,78.38318228057985,77.28169188176743,77.65541076660156,3297200,0.0,0.0
2025-12-12 00:00:00-05:00,77.86194335053369,78.23566975375192,77.23251809635036,77.5865707397461,3859100,0.0,0.0
2025-12-15 00:00:00-05:00,78.41268964825146,79.44533685406267,77.57672750115725,79.268310546875,3003600,0.0,0.0
2025-12-16 00:00:00-05:00,79.39616788849882,79.7502130014214,78.40285318713123,78.60938262939453,3217000,0.0,0.0
2025-12-17 00:00:00-05:00,78.60938030468584,78.91425601948603,78.05863514160417,78.58971405029297,3462900,0.0,0.0
2025-12-18 00:00:00-05:00,79.25847326353102,79.9174091000768,78.88475439619211,79.32732391357422,3904100,0.0,0.0
2025-12-19 00:00:00-05:00,79.20929895321265,79.98624727677858,78.66838318891367,78.68805694580078,6336000,0.0,0.0
2025-12-22 00:00:00-05:00,78.74706757671329,79.7502116367321,78.19632240676887,79.3863296508789,2982900,0.0,0.0
2025-12-23 00:00:00-05:00,79.31748631231078,79.68136829728167,78.19632221716233,79.10111999511719,2571600,0.0,0.0
2025-12-24 00:00:00-05:00,79.11095706590669,79.52401594336501,78.30450556562798,79.3863296508789,749900,0.0,0.0
2025-12-26 00:00:00-05:00,79.3764954451011,79.47484172828322,78.82575025660888,79.06178283691406,910300,0.0,0.0
2025-12-29 00:00:00-05:00,79.15029734280779,79.70104251459118,78.98310041279622,79.35682678222656,2069400,0.0,0.0
2025-12-30 00:00:00-05:00,79.30765318987548,79.75021522085034,79.1699668912015,79.57319641113281,1269100,0.0,0.0
2025-12-31 00:00:00-05:00,79.6026994536905,79.70104573786627,78.94376359269783,78.97327423095703,1606200,0.0,0.0
2026-01-02 00:00:00-05:00,79.45517054398212,80.05509258851946,78.54053591078093,79.65186309814453,1782700,0.0,0.0
2026-01-05 00:00:00-05:00,79.45516864419619,79.59285492948578,76.92763111660909,78.02912139892578,3698400,0.0,0.0
2026-01-06 00:00:00-05:00,78.02912492448019,78.6290469817793,77.16366716307924,77.30135345458984,2778300,0.0,0.0
2026-01-07 00:00:00-05:00,77.90127626985111,77.93077940355613,76.11134695945753,76.29821014404297,3075400,0.0,0.0
2026-01-08 00:00:00-05:00,76.39655762725413,77.66524491993079,76.03266813136784,76.15068817138672,2988900,0.0,0.0
2026-01-09 00:00:00-05:00,76.68176704658224,78.51103639731309,76.59325014079057,77.38003540039062,3737700,0.0,0.0
2026-01-12 00:00:00-05:00,77.06532088390597,77.94061552422629,76.68176514279213,77.30135345458984,2790900,0.0,0.0
2026-01-13 00:00:00-05:00,76.88829108228846,78.1569782849274,76.75060479704143,77.42920684814453,2292700,0.0,0.0
2026-01-14 00:00:00-05:00,77.38987299528958,77.87177503199779,77.00631724110585,77.60623931884766,3501100,0.0,0.0
2026-01-15 00:00:00-05:00,77.94061663298243,78.44219241824351,77.76359032661617,78.09797668457031,2468300,0.0,0.0
2026-01-16 00:00:00-05:00,77.6357382130556,78.28482964493817,77.05548242217425,78.10780334472656,3469500,0.0,0.0
2026-01-20 00:00:00-05:00,78.63888016919474,78.93392649620448,77.39969610042955,78.05863189697266,4487400,0.0,0.0
2026-01-21 00:00:00-05:00,78.64872644313864,78.76673898536866,77.06532647260013,78.4520263671875,4529100,0.0,0.0
2026-01-22 00:00:00-05:00,78.02912862204697,78.56020755875703,77.32103087644073,78.08814239501953,4448900,0.0,0.0
2026-01-23 00:00:00-05:00,77.94061559604987,78.3930144833359,76.61292206763693,76.98664093017578,3367000,0.0,0.0
2026-01-26 00:00:00-05:00,76.92763858609116,78.02912897535981,76.82929230181225,77.74392700195312,2325200,0.0,0.0
2026-01-27 00:00:00-05:00,77.56689956301867,79.15029947794957,77.17350692827266,79.0912857055664,2534400,0.0,0.0
2026-01-28 00:00:00-05:00,79.10111925743279,80.54683281488911,78.80607291794942,80.10426330566406,3638000,0.0,0.0
2026-01-29 00:00:00-05:00,80.45831656512213,81.1172523948743,79.55351878825728,80.64517974853516,4253900,0.0,0.0
2026-01-30 00:00:00-05:00,80.25179178683574,81.05824333101282,79.6322034369216,80.99923706054688,4723000,0.0,0.0
2026-02-02 00:00:00-05:00,80.74352707968502,81.02873654632583,78.62904827758264,78.98310089111328,4488000,0.0,0.0
2026-02-03 00:00:00-05:00,79.20931158514564,81.25494743392699,79.12079467171692,80.21245574951172,2641800,0.0,0.0
2026-02-04 00:00:00-05:00,80.63535057530271,80.67469059153542,78.4225253097638,78.81591796875,4319200,0.0,0.0
2026-02-05 00:00:00-05:00,79.27814644610066,79.31748645869393,78.19632236147635,78.47169494628906,3113300,0.0,0.0
2026-02-06 00:00:00-05:00,79.55351455356421,80.23211660176044,78.67821995681186,79.3174819946289,1715700,0.0,0.0
2026-02-09 00:00:00-05:00,79.12078774715371,79.94691301904273,78.72740262118214,79.83872985839844,1635100,0.0,0.0
2026-02-10 00:00:00-05:00,80.00592297657619,81.98271559010237,79.90757669054827,81.82535552978516,1481900,0.0,0.0
2026-02-11 00:00:00-05:00,81.82535039647343,82.81866508072342,81.24510209297205,82.75965881347656,1801200,0.0,0.0
2026-02-12 00:00:00-05:00,82.75965563568877,84.29387855191807,82.72031562458803,83.1432113647461,2201300,0.0,0.0
2026-02-13 00:00:00-05:00,83.14321924868338,85.79860647138739,82.97602981315667,84.94298553466797,3467500,0.0,0.0
2026-02-17 00:00:00-05:00,85.77894044177167,86.08381617834064,85.03149516469159,85.51339721679688,2798800,0.0,0.0
2026-02-18 00:00:00-05:00,85.39538570513082,85.70026144537634,82.86784786597936,82.96619415283203,2403400,0.0,0.0
2026-02-19 00:00:00-05:00,83.32023604127565,84.32338004312953,82.98584970509785,84.26437377929688,1672800,0.0,0.0
2026-02-20 00:00:00-05:00,84.52991546391179,84.57909235615266,83.41858823066718,84.15619659423828,2663300,0.0,0.0
2026-02-23 00:00:00-05:00,84.60859956617061,85.23802479980654,84.0185143475545,84.88397216796875,1946900,0.0,0.0
2026-02-24 00:00:00-05:00,84.83479826985382,85.04132771023056,83.58577724518561,84.81512451171875,1773000,0.0,0.0
2026-02-25 00:00:00-05:00,85.07083311886663,85.38554572738084,83.50710695562613,84.54959106445312,3092400,0.0,0.0
2026-02-26 00:00:00-05:00,85.07082637675026,86.18215354613437,83.68411913131803,84.43156433105469,4046200,0.0,0.0
2026-02-27 00:00:00-05:00,84.51024766820522,85.0314897017576,83.8021424515529,84.64793395996094,3866100,0.0,0.0
2026-03-02 00:00:00-05:00,84.539750895983,84.90364038365199,82.93668478113025,83.10387420654297,3691100,0.0,0.0
2026-03-03 00:00:00-05:00,81.82534685265965,83.32023725378566,79.9862482386076,82.57279205322266,3399600,0.0,0.0
2026-03-04 00:00:00-05:00,82.43511132851428,82.93668712225096,81.74667984953483,82.52362823486328,3386800,0.0,0.0
2026-03-05 00:00:00-05:00,82.00238356472316,82.87767828439682,81.5204815007473,82.53346252441406,3249400,0.0,0.0
2026-03-06 00:00:00-05:00,82.07121614847215,82.31708558870524,81.03856900149705,81.97286987304688,2160100,0.0,0.0
2026-03-09 00:00:00-04:00,81.91386565985201,82.76949403449329,80.59600152546224,82.65147399902344,3023700,0.0,0.0
2026-03-10 00:00:00-04:00,82.48294124111342,83.10751645309287,81.7394050848643,82.55233764648438,2541100,0.67,0.0
2026-03-11 00:00:00-04:00,82.28466448088972,82.60190625827042,81.4519076516306,81.6006088256836,2564300,0.0,0.0
2026-03-12 00:00:00-04:00,81.72949895989314,82.80018530593019,81.35276912298353,81.75923919677734,2597700,0.0,0.0
2026-03-13 00:00:00-04:00,82.60190702596454,83.70234110602753,82.23509314472997,83.00837707519531,2396800,0.0,0.0
2026-03-16 00:00:00-04:00,84.0195835139637,84.26742889306092,83.13725456946878,84.1484603881836,2216400,0.0,0.0
2026-03-17 00:00:00-04:00,84.76311850293881,85.06053597928256,83.83121746979297,84.0096664428711,2239500,0.0,0.0
2026-03-18 00:00:00-04:00,83.71225875062898,83.97992843552576,83.20665205288967,83.48423767089844,2201400,0.0,0.0
2026-03-19 00:00:00-04:00,82.94888776218795,83.45449444179175,81.45190715252967,82.06655883789062,3286200,0.0,0.0
2026-03-20 00:00:00-04:00,81.99716235890405,82.31440413404303,78.43810643042742,78.7553482055664,7033100,0.0,0.0
2026-03-23 00:00:00-04:00,79.95492092378323,80.0342332604815,78.77517449722905,79.13207244873047,2329000,0.0,0.0
2026-03-24 00:00:00-04:00,78.52732889569428,80.20276607641318,78.46784842515918,79.49888610839844,4807300,0.0,0.0
2026-03-25 00:00:00-04:00,80.30190333960819,80.9363869090521,79.79629664520606,80.37129974365234,3752500,0.0,0.0
2026-03-26 00:00:00-04:00,79.92518188573582,80.52992522574799,79.60794009783115,79.80621337890625,1853000,0.0,0.0
2026-03-27 00:00:00-04:00,79.88552741779608,80.8769089715628,79.42949281070031,80.014404296875,2188400,0.0,0.0
2026-03-30 00:00:00-04:00,81.15449577426625,81.45191327016921,80.36138749428574,80.68854522705078,2650100,0.0,0.0
2026-03-31 00:00:00-04:00,81.02561856824366,81.02561856824366,79.4988900517731,80.25233459472656,3464700,0.0,0.0
2026-04-01 00:00:00-04:00,79.75663856273512,80.9562168324332,79.74673019356713,80.52992248535156,2441200,0.0,0.0
2026-04-02 00:00:00-04:00,80.52992616593536,81.48165154076081,80.13337203551454,81.11483764648438,1984600,0.0,0.0
2026-04-06 00:00:00-04:00,80.87690959401785,81.34286013805686,80.24242599981523,80.35147857666016,1573200,0.0,0.0
2026-04-07 00:00:00-04:00,80.15319465292384,81.00578336812593,80.15319465292384,80.90664672851562,1838900,0.0,0.0
2026-04-08 00:00:00-04:00,80.81742074844911,82.1359600271881,80.40104231210238,81.98725128173828,2694300,0.0,0.0
2026-04-09 00:00:00-04:00,81.98724720459367,83.74199669908597,81.98724720459367,83.20664978027344,2807600,0.0,0.0
2026-04-10 00:00:00-04:00,83.19673601594248,83.65277061119356,82.13595808350955,82.41354370117188,1866000,0.0,0.0
2026-04-13 00:00:00-04:00,81.84845326197056,82.26483923546552,80.0243149538613,80.55966186523438,2000200,0.0,0.0
2026-04-14 00:00:00-04:00,80.52992481079542,81.61052704527609,79.94500577644838,81.34285736083984,2240100,0.0,0.0
2026-04-15 00:00:00-04:00,80.09371526797808,80.87690758970918,79.49888785860941,80.24242401123047,2673800,0.0,0.0
2026-04-16 00:00:00-04:00,80.1234525080595,81.4023355503868,79.80621073068191,81.33293914794922,2313500,0.0,0.0
2026-04-17 00:00:00-04:00,81.17431727061019,81.47173475622843,80.16311143406172,80.87690734863281,3023300,0.0,0.0
2026-04-20 00:00:00-04:00,80.82733600348955,81.26354630284416,79.70707758263173,80.04414367675781,1718000,0.0,0.0
2026-04-21 00:00:00-04:00,79.99457434197797,80.41095274986795,77.535944934343,77.88292694091797,2665600,0.0,0.0
2026-04-22 00:00:00-04:00,78.62646708348524,79.20147018878846,77.33767562677623,77.83336639404297,2203300,0.0,0.0
2026-04-23 00:00:00-04:00,78.4281931011024,79.55836743527864,78.19026365276024,79.46914672851562,2120800,0.0,0.0
2026-04-24 00:00:00-04:00,79.45923219684224,80.30190499579835,78.73552034233488,80.04414367675781,2018500,0.0,0.0
2026-04-27 00:00:00-04:00,80.23251084611029,80.52001240934631,79.49889060136663,79.51871490478516,1616900,0.0,0.0
2026-04-28 00:00:00-04:00,80.0441408929329,80.38121453897695,79.45922943335974,79.96483612060547,1400400,0.0,0.0
2026-04-29 00:00:00-04:00,79.35017896327713,79.94500637150578,78.10103611144837,78.904052734375,2993500,0.0,0.0
2026-04-30 00:00:00-04:00,79.31052549951698,81.04544324481891,78.95362752967786,80.95622253417969,3270600,0.0,0.0
2026-05-01 00:00:00-04:00,80.89672866115069,81.45190744287447,79.459228515625,79.459228515625,2966600,0.0,0.0
2026-05-04 00:00:00-04:00,78.85448435350969,80.16310761330443,78.57689874743815,79.75663757324219,2625400,0.0,0.0
2026-05-05 00:00:00-04:00,80.3713019555273,80.6588035126627,79.01310650912377,79.04285430908203,2865000,0.0,0.0
2026-05-06 00:00:00-04:00,79.44931474831797,79.44931474831797,78.05147073221842,78.66612243652344,3369200,0.0,0.0
2026-05-07 00:00:00-04:00,78.25965955540248,78.43810853142551,76.79241157880851,77.15922546386719,3156700,0.0,0.0
2026-05-08 00:00:00-04:00,77.3277604031739,77.81353524173335,76.36611909566983,76.46525573730469,3509800,0.0,0.0
2026-05-11 00:00:00-04:00,76.64370702993833,77.24845039488844,76.47517397771057,77.0105209350586,4238700,0.0,0.0
2026-05-12 00:00:00-04:00,76.71310237941888,78.39845556937348,76.30663987296771,77.94242095947266,6466900,0.0,0.0
2026-05-13 00:00:00-04:00,77.41697858037628,77.58551918565007,75.93982224648256,76.55448150634766,3186300,0.0,0.0
2026-05-14 00:00:00-04:00,76.08852879564095,77.08982621096644,76.04887262869691,77.07991027832031,3520100,0.0,0.0
2026-05-15 00:00:00-04:00,76.53464871724753,76.67344152205239,75.4342146479801,75.78120422363281,3080800,0.0,0.0
2026-05-18 00:00:00-04:00,76.1876655664528,76.77258457536519,75.39456491708542,76.17774963378906,2477000,0.0,0.0
2026-05-19 00:00:00-04:00,75.88034374990744,77.13939497390027,75.56310196061186,76.66353607177734,3288800,0.0,0.0
2026-05-20 00:00:00-04:00,77.52603035387891,77.96224063469029,76.82215039579548,77.38723754882812,2528000,0.0,0.0
2026-05-21 00:00:00-04:00,77.75405491143177,77.93250389215666,77.16913586652868,77.80362701416016,2150600,0.0,0.0
2026-05-22 00:00:00-04:00,78.09111742244421,79.10233078802398,77.8036234434647,78.82474517822266,2009000,0.0,0.0
2026-05-26 00:00:00-04:00,79.19155604329407,80.43078298943523,78.86440587787999,79.37992095947266,3406500,0.0,0.0
2026-05-27 00:00:00-04:00,79.01310394368309,79.52862656858102,78.62646575683,79.13207244873047,2358100,0.0,0.0
2026-05-28 00:00:00-04:00,79.02302096872373,79.48897149871418,78.30922505585671,78.46784973144531,2570100,0.0,0.0
2026-05-29 00:00:00-04:00,78.42819494424555,78.74543673737087,77.48638549817879,77.97216033935547,4909300,0.0,0.0
2026-06-01 00:00:00-04:00,77.21870292520792,77.55577656173274,75.81094303791359,76.00921630859375,2059600,0.0,0.0
2026-06-02 00:00:00-04:00,76.45534941372424,77.67474450938319,76.33638090239411,77.64500427246094,3691000,0.0,0.0
2026-06-03 00:00:00-04:00,77.6350814882558,79.06267324367903,76.99068957542659,77.07991027832031,2730100,0.0,0.0
2026-06-04 00:00:00-04:00,77.49629468440926,78.09112210733169,76.58422546501882,77.40707397460938,2808700,0.0,0.0
2026-06-05 00:00:00-04:00,77.40707017063343,79.072591411153,77.14930886003236,78.79500579833984,2336900,0.0,0.0
2026-06-08 00:00:00-04:00,78.6165600584207,79.10233490083013,77.03034352512779,77.06999969482422,2661500,0.0,0.0
2026-06-09 00:00:00-04:00,77.20999908447266,78.8499984741211,77.02999877929688,78.58999633789062,2974200,0.67,0.0
2026-06-10 00:00:00-04:00,79.0,79.05000305175781,78.19999694824219,78.58999633789062,2450800,0.0,0.0
2026-06-11 00:00:00-04:00,79.2300033569336,79.83999633789062,78.66999816894531,78.77999877929688,2088000,0.0,0.0
2026-06-12 00:00:00-04:00,79.13999938964844,80.04000091552734,79.11000061035156,79.69999694824219,2563500,0.0,0.0
2026-06-15 00:00:00-04:00,79.62999725341797,80.83000183105469,79.3499984741211,80.1500015258789,2380900,0.0,0.0
2026-06-16 00:00:00-04:00,80.44000244140625,81.66000366210938,80.30000305175781,80.87999725341797,2001500,0.0,0.0
2026-06-17 00:00:00-04:00,80.33000183105469,81.19999694824219,78.87999725341797,79.4000015258789,2941600,0.0,0.0
2026-06-18 00:00:00-04:00,79.33000183105469,80.88999938964844,79.30000305175781,79.88999938964844,6403200,0.0,0.0
2026-06-22 00:00:00-04:00,80.02999877929688,80.9800033569336,79.68000030517578,80.61000061035156,2301300,0.0,0.0
2026-06-23 00:00:00-04:00,80.69999694824219,81.81999969482422,80.12999725341797,81.38999938964844,3240800,0.0,0.0
2026-06-24 00:00:00-04:00,82.0,82.20999908447266,81.20999908447266,81.94999694824219,3275300,0.0,0.0
2026-06-25 00:00:00-04:00,82.4800033569336,83.0,81.52999877929688,82.62999725341797,2820600,0.0,0.0
2026-06-26 00:00:00-04:00,83.12000274658203,83.69999694824219,82.76000213623047,83.58000183105469,3092900,0.0,0.0
2026-06-29 00:00:00-04:00,83.12999725341797,83.58999633789062,82.22000122070312,82.43000030517578,3175800,0.0,0.0
2026-06-30 00:00:00-04:00,81.97000122070312,82.55000305175781,81.12000274658203,81.16000366210938,3556600,0.0,0.0
2026-07-01 00:00:00-04:00,80.97000122070312,81.26000213623047,80.0999984741211,80.2699966430664,3460900,0.0,0.0
2026-07-02 00:00:00-04:00,80.45999908447266,81.79000091552734,80.08000183105469,81.62000274658203,4603100,0.0,0.0
2026-07-06 00:00:00-04:00,81.62999725341797,81.95999908447266,80.61000061035156,80.79000091552734,2437900,0.0,0.0
2026-07-07 00:00:00-04:00,81.54000091552734,82.66000366210938,81.18000030517578,81.79000091552734,3583700,0.0,0.0
2026-07-08 00:00:00-04:00,81.58000183105469,82.20999908447266,80.94999694824219,81.26000213623047,2159300,0.0,0.0
2026-07-09 00:00:00-04:00,81.56999969482422,81.69000244140625,80.0999984741211,80.16999816894531,2188300,0.0,0.0
2026-07-10 00:00:00-04:00,80.05999755859375,80.81999969482422,80.0,80.55000305175781,3542300,0.0,0.0
2026-07-13 00:00:00-04:00,80.62000274658203,81.37999725341797,80.4000015258789,80.88999938964844,3404500,0.0,0.0
2026-07-14 00:00:00-04:00,81.1500015258789,81.6500015258789,80.44999694824219,80.5,2193700,0.0,0.0
2026-07-15 00:00:00-04:00,80.45999908447266,81.19999694824219,79.38999938964844,79.87999725341797,3409000,0.0,0.0
2026-07-16 00:00:00-04:00,79.80000305175781,80.62000274658203,78.93000030517578,79.52999877929688,3324300,0.0,0.0
2026-07-17 00:00:00-04:00,80.31999969482422,81.16000366210938,78.29000091552734,78.63999938964844,2956200,0.0,0.0
2026-07-20 00:00:00-04:00,78.37999725341797,79.19000244140625,77.4800033569336,77.83000183105469,2857100,0.0,0.0
2026-07-21 00:00:00-04:00,77.45999908447266,77.8499984741211,76.77999877929688,77.43000030517578,2386700,0.0,0.0
2026-07-22 00:00:00-04:00,78.33000183105469,79.62999725341797,78.11000061035156,79.58000183105469,1879300,0.0,0.0
2026-07-23 00:00:00-04:00,79.08000183105469,80.11000061035156,78.91000366210938,79.7699966430664,2139200,0.0,0.0
2026-07-24 00:00:00-04:00,80.19999694824219,80.97000122070312,79.66000366210938,79.80999755859375,2600500,0.0,0.0
2026-07-27 00:00:00-04:00,79.5199966430664,80.04000091552734,78.80999755859375,79.20999908447266,3246900,0.0,0.0
2026-07-28 00:00:00-04:00,79.4800033569336,80.66000366210938,78.80000305175781,78.94999694824219,3003200,0.0,0.0
2026-07-29 00:00:00-04:00,78.5,79.06999969482422,77.3499984741211,77.75,2968500,0.0,0.0
2026-07-30 00:00:00-04:00,78.18000030517578,78.62000274658203,77.27999877929688,77.55000305175781,2884000,0.0,0.0
2026-07-31 00:00:00-04:00,77.37999725341797,77.73999786376953,76.62000274658203,76.68000030517578,3667600,0.0,0.0
2026-08-03 00:00:00-04:00,76.5,77.33999633789062,76.0,76.62000274658203,3593600,0.0,0.0
2026-08-04 00:00:00-04:00,75.91999816894531,77.0,74.19999694824219,76.2699966430664,7069600,0.0,0.0
2026-08-05 00:00:00-04:00,76.12999725341797,76.55999755859375,74.69999694824219,75.54000091552734,2869700,0.0,0.0
2026-08-06 00:00:00-04:00,76.05999755859375,76.45999908447266,74.91999816894531,75.04000091552734,2729800,0.0,0.0
2026-08-07 00:00:00-04:00,74.80000305175781,75.94000244140625,74.37000274658203,75.66000366210938,1488525,0.0,0.0
