Date,Open,High,Low,Close,Volume,Dividends,Stock Splits
2007-09-05 00:00:00+09:00,261.3565915551516,261.3565915551516,257.9512939453125,257.9512939453125,7200,0.0,0.0
2007-09-06 00:00:00+09:00,255.39724731445312,255.39724731445312,255.39724731445312,255.39724731445312,800,0.0,0.0
2007-09-07 00:00:00+09:00,259.6539306640625,261.3565793897285,255.39730884989754,259.6539306640625,14400,0.0,0.0
2007-09-10 00:00:00+09:00,255.39734822521825,255.39734822521825,247.7354277784617,249.86373901367188,68800,0.0,0.0
2007-09-11 00:00:00+09:00,249.43802014916346,249.43802014916346,240.0734528398092,240.49911499023438,137600,0.0,0.0
2007-09-12 00:00:00+09:00,246.88409111103826,246.88409111103826,240.49915772023553,240.92481994628906,70400,0.0,0.0
2007-09-13 00:00:00+09:00,234.96556735568575,234.96556735568575,229.8576202392578,229.8576202392578,223200,0.0,0.0
2007-09-14 00:00:00+09:00,234.53992985799306,234.53992985799306,229.85764450692602,230.70896911621094,140800,0.0,0.0
2007-09-18 00:00:00+09:00,237.51952514648437,239.64783630371093,232.83724060058591,236.24253845214844,119200,0.0,0.0
2007-09-19 00:00:00+09:00,246.03276671303644,246.88409116533066,243.05313113000656,245.1814422607422,152800,0.0,0.0
2007-09-20 00:00:00+09:00,245.1814392195624,246.8840881030316,244.33011477782782,245.6071014404297,79200,0.0,0.0
2007-09-21 00:00:00+09:00,252.417690851917,252.417690851917,245.60709548323123,248.58673095703125,64800,0.0,0.0
2007-09-25 00:00:00+09:00,252.24625111616194,252.24625111616194,245.71137414424064,251.8105926513672,32000,8.375,0.0
2007-09-26 00:00:00+09:00,250.9393408373258,250.9393408373258,246.5827550589,250.06802368164062,18400,0.0,0.0
2007-09-27 00:00:00+09:00,252.24623976885263,259.2167748919988,251.37492287845936,257.0384826660156,30400,0.0,0.0
2007-09-28 00:00:00+09:00,258.3454608426495,259.6524361926123,253.55321789278585,253.98887634277344,46400,0.0,0.0
2007-10-01 00:00:00+09:00,252.6819095809567,254.4245434401357,251.8105926513672,251.8105926513672,54400,0.0,0.0
2007-10-02 00:00:00+09:00,252.68192657052654,257.0385115113977,251.8106095823523,254.424560546875,89600,0.0,0.0
2007-10-03 00:00:00+09:00,253.11759387396776,253.11759387396776,251.3749598369697,252.24627685546875,46400,0.0,0.0
2007-10-04 00:00:00+09:00,252.24627685546875,253.11759387396776,252.24627685546875,252.24627685546875,32800,0.0,0.0
2007-10-05 00:00:00+09:00,254.86026000976565,255.73157713800416,253.98894288152712,254.86026000976562,102400,0.0,0.0
2007-10-09 00:00:00+09:00,257.9097995564089,258.7811164468022,256.1671657756224,257.0384826660156,63200,0.0,0.0
2007-10-10 00:00:00+09:00,258.78111743122895,258.78111743122895,256.6028251969593,258.345458984375,70400,0.0,0.0
2007-10-11 00:00:00+09:00,258.78118708683894,258.78118708683894,251.81065006093084,254.86026000976562,100000,0.0,0.0
2007-10-12 00:00:00+09:00,255.2958603697252,255.2958603697252,251.37493418657243,251.8105926513672,104000,0.0,0.0
2007-10-15 00:00:00+09:00,257.9098023926619,257.9098023926619,253.11755944279824,253.98887634277344,33600,0.0,0.0
2007-10-16 00:00:00+09:00,252.6819240404212,252.6819240404212,250.50363159179688,250.50363159179688,74400,0.0,0.0
2007-10-17 00:00:00+09:00,250.50359529558483,255.295837988196,249.63227844238278,249.6322784423828,19200,0.0,0.0
2007-10-18 00:00:00+09:00,250.06797310207202,252.6819240404212,250.06797310207202,250.50363159179688,72800,0.0,0.0
2007-10-19 00:00:00+09:00,250.06793686898382,251.37491214878688,249.63227844238278,249.6322784423828,80800,0.0,0.0
2007-10-22 00:00:00+09:00,246.14703276827666,246.14703276827666,241.7904481175107,244.84005737304688,80800,0.0,0.0
2007-10-23 00:00:00+09:00,245.71140978808072,245.71140978808072,243.9687756761085,244.40443420410156,68800,0.0,0.0
2007-10-24 00:00:00+09:00,247.01836912093626,248.32534461893061,242.66178412762167,243.09744262695312,76000,0.0,0.0
2007-10-25 00:00:00+09:00,243.96870784622303,247.45397510116908,241.35475740501352,242.22607421875,56000,0.0,0.0
2007-10-26 00:00:00+09:00,242.6617881416844,242.6617881416844,240.91915411553228,241.3548126220703,29600,0.0,0.0
2007-10-29 00:00:00+09:00,250.50360767553883,250.50360767553883,245.71136474609375,245.71136474609375,16800,0.0,0.0
2007-10-30 00:00:00+09:00,245.71136474609375,248.325315434882,244.840047849831,245.71136474609375,73600,0.0,0.0
2007-10-31 00:00:00+09:00,248.76100878147264,252.68193536471827,248.32535027222312,252.24627685546875,38400,0.0,0.0
2007-11-01 00:00:00+09:00,255.7314687774763,255.7314687774763,253.1175185003641,253.5531768798828,117600,0.0,0.0
2007-11-02 00:00:00+09:00,252.24616541369207,252.68182373046875,244.83997402848868,252.68182373046875,68000,0.0,0.0
2007-11-05 00:00:00+09:00,250.50363410009095,256.60285301731057,249.19665861782963,254.424560546875,56000,0.0,0.0
2007-11-06 00:00:00+09:00,255.73157713800416,257.03855283036194,252.68196718916934,254.86026000976562,126400,0.0,0.0
2007-11-07 00:00:00+09:00,258.7811375179806,259.6524544793206,255.2958696726206,257.9098205566406,136800,0.0,0.0
2007-11-08 00:00:00+09:00,253.98890766755713,257.03851719358266,253.11759066012127,255.29588317871094,51200,0.0,0.0
2007-11-09 00:00:00+09:00,252.6819095809567,255.2958603697252,251.37493418657243,251.8105926513672,98400,0.0,0.0
2007-11-12 00:00:00+09:00,244.84002465995954,245.2756830668278,239.6121237775405,242.22607421875,84000,0.0,0.0
2007-11-13 00:00:00+09:00,250.9393408373258,250.9393408373258,249.63236510379807,250.06802368164062,86400,0.0,0.0
2007-11-14 00:00:00+09:00,260.08814658866027,264.00907342165516,259.2168295146614,263.13775634765625,281600,0.0,0.0
2007-11-15 00:00:00+09:00,268.36557951190963,268.36557951190963,266.62294587871537,267.4942626953125,378400,0.0,0.0
2007-11-16 00:00:00+09:00,265.7516688926547,268.3656197342218,264.8803519454657,266.62298583984375,79200,0.0,0.0
2007-11-19 00:00:00+09:00,270.10828896174354,274.4648742675781,265.75170365590895,274.4648742675781,113600,0.0,0.0
2007-11-20 00:00:00+09:00,265.75164794921875,270.10823234182885,265.75164794921875,265.75164794921875,137600,0.0,0.0
2007-11-21 00:00:00+09:00,263.13773707339635,266.6230051141036,261.39510305304276,264.88037109375,52000,0.0,0.0
2007-11-22 00:00:00+09:00,264.0090141921747,265.75164794921875,261.3950635566086,265.75164794921875,77600,0.0,0.0
2007-11-26 00:00:00+09:00,267.4942972202494,270.10824800741796,258.7811279296875,258.7811279296875,177600,0.0,0.0
2007-11-27 00:00:00+09:00,257.9098110006313,259.2167863942156,257.9098110006313,258.7811279296875,43200,0.0,0.0
2007-11-28 00:00:00+09:00,261.39501953125,264.0089697265625,260.95936116536456,261.39501953125,153600,0.0,0.0
2007-11-29 00:00:00+09:00,265.75164794921875,267.49428170626277,264.8803310706967,265.75164794921875,12800,0.0,0.0
2007-11-30 00:00:00+09:00,267.4943141194133,270.97958205582256,267.4943141194133,268.3656311035156,54400,0.0,0.0
2007-12-03 00:00:00+09:00,268.3656311035156,274.46484999223185,268.3656311035156,268.3656311035156,53600,0.0,0.0
2007-12-04 00:00:00+09:00,269.2369079589844,271.850858521693,268.3655911047482,269.2369079589844,42400,0.0,0.0
2007-12-05 00:00:00+09:00,271.8508815582568,273.59351541439946,271.8508815582568,272.7221984863281,50400,0.0,0.0
2007-12-06 00:00:00+09:00,272.72221938212203,273.5935363769531,271.850902387291,273.5935363769531,80800,0.0,0.0
2007-12-07 00:00:00+09:00,274.4648853386238,277.95015372387616,274.4648853386238,276.20751953125,40000,0.0,0.0
2007-12-10 00:00:00+09:00,278.8214708201893,280.56410501281545,274.4648853386238,276.20751953125,142400,0.0,0.0
2007-12-11 00:00:00+09:00,275.3362024349369,278.8214708201893,274.4648853386238,276.20751953125,147200,0.0,0.0
2007-12-12 00:00:00+09:00,276.20749063491826,278.8214416503906,276.20749063491826,278.8214416503906,35200,0.0,0.0
2007-12-13 00:00:00+09:00,284.9207055626846,285.7920227050781,283.1780712778976,285.7920227050781,76000,0.0,0.0
2007-12-14 00:00:00+09:00,290.1485579057173,291.01987489642516,287.53460693359375,287.53460693359375,93600,0.0,0.0
2007-12-17 00:00:00+09:00,294.50516716026056,295.3764842228649,289.27726478463467,293.63385009765625,129600,0.0,0.0
2007-12-18 00:00:00+09:00,291.89121597244764,295.3764842228649,288.4059477220303,293.63385009765625,217600,0.0,0.0
2007-12-19 00:00:00+09:00,298.8617152724155,304.0896169972974,297.9903983182685,299.7330322265625,104000,0.0,0.0
2007-12-20 00:00:00+09:00,291.8912048339844,291.8912048339844,288.40593671656364,291.8912048339844,96800,0.0,0.0
2007-12-21 00:00:00+09:00,291.8912048339844,291.8912048339844,288.40593671656364,291.8912048339844,84000,0.0,0.0
2007-12-25 00:00:00+09:00,298.3389508512127,301.3014287510203,291.8912048339844,291.8912048339844,46800,0.0,2.0
2007-12-26 00:00:00+09:00,295.2021802517556,295.2021802517556,290.8455955372964,291.1941223144531,32800,0.0,0.0
2007-12-27 00:00:00+09:00,290.1485136310401,294.67936129134466,289.27719677328923,293.80804443359375,24000,0.0,0.0
2007-12-28 00:00:00+09:00,296.2477722167969,296.2477722167969,291.1941337495692,296.2477722167969,17600,0.0,0.0
2008-01-04 00:00:00+09:00,294.505126953125,297.9903947277182,281.4353727984005,294.505126953125,32000,0.0,0.0
2008-01-07 00:00:00+09:00,284.0493389707623,287.53460693359375,284.0493389707623,287.53460693359375,51200,0.0,0.0
2008-01-08 00:00:00+09:00,282.30671291244767,287.5346150034189,280.5640788821239,280.73834228515625,72400,0.0,0.0
2008-01-09 00:00:00+09:00,273.94206317488556,273.94206317488556,271.850902387291,273.5935363769531,104000,0.0,0.0
2008-01-10 00:00:00+09:00,273.59353958110347,273.59353958110347,272.1994323730469,272.1994323730469,33200,0.0,0.0
2008-01-11 00:00:00+09:00,272.72222097501594,272.896484375,270.28253337523944,272.896484375,14000,0.0,0.0
2008-01-15 00:00:00+09:00,270.80531177686163,270.97957516925345,257.0385037779092,261.2208251953125,76400,0.0,0.0
2008-01-16 00:00:00+09:00,264.7061442057292,264.7061442057292,252.85623123272745,256.167236328125,70800,0.0,0.0
2008-01-17 00:00:00+09:00,259.47823803317164,270.1083068847656,259.47823803317164,270.1083068847656,70800,0.0,0.0
2008-01-18 00:00:00+09:00,273.5935363769531,274.290589972818,273.5935363769531,273.5935363769531,78000,0.0,0.0
2008-01-21 00:00:00+09:00,278.82145272214547,284.0493549606857,273.59355048360527,283.8750915527344,172400,0.0,0.0
2008-01-22 00:00:00+09:00,271.6766594823361,277.9501423183618,269.2369717127705,277.77587890625,274800,0.0,0.0
2008-01-23 00:00:00+09:00,289.27721405029297,296.5962760925293,289.27721405029297,292.7624816894531,411600,0.0,0.0
2008-01-24 00:00:00+09:00,292.76252186333954,295.3764729514051,277.95013236430157,291.8912048339844,210800,0.0,0.0
2008-01-25 00:00:00+09:00,301.4756549859474,303.56681559856673,298.51317745140346,301.3013916015625,146800,0.0,0.0
2008-01-28 00:00:00+09:00,292.76253303505194,294.50516716026056,291.0198989098433,293.63385009765625,104800,0.0,0.0
2008-01-29 00:00:00+09:00,289.27726023595255,289.62578705551397,287.53462613814565,289.1029968261719,53600,0.0,0.0
2008-01-30 00:00:00+09:00,293.63379859924316,295.2021690368652,289.27721405029297,292.7624816894531,88000,0.0,0.0
2008-01-31 00:00:00+09:00,294.50510745527913,294.8536342096641,292.9367370605469,292.9367370605469,92800,0.0,0.0
2008-02-01 00:00:00+09:00,290.14857077527404,292.4139950515975,290.14857077527404,291.8912048339844,139600,0.0,0.0
2008-02-04 00:00:00+09:00,290.14857077527404,294.5051559220499,288.5802001224347,291.8912048339844,34000,0.0,0.0
2008-02-05 00:00:00+09:00,292.0654682398554,296.07352657488923,291.8912048339844,291.8912048339844,92400,0.0,0.0
2008-02-06 00:00:00+09:00,287.3603515625,287.5346149655094,285.7919809354154,287.3603515625,30800,0.0,0.0
2008-02-07 00:00:00+09:00,295.8992340629623,296.2477608404216,293.8080733982064,294.505126953125,149600,0.0,0.0
2008-02-08 00:00:00+09:00,291.1941577435402,291.3684211533209,288.7544700066105,289.1029968261719,75200,0.0,0.0
2008-02-12 00:00:00+09:00,300.77862221409214,300.77862221409214,296.24777390727496,298.8617248535156,149600,0.0,0.0
2008-02-13 00:00:00+09:00,298.8617000579834,298.8617000579834,292.7624816894531,292.7624816894531,84800,0.0,0.0
2008-02-14 00:00:00+09:00,292.76251380938623,292.76251380938623,291.89119680400114,292.0654602050781,69200,0.0,0.0
2008-02-15 00:00:00+09:00,293.1110276639105,293.1110276639105,290.3228133698424,291.0198669433594,112000,0.0,0.0
2008-02-18 00:00:00+09:00,287.53464719082444,287.88317403590423,283.0037982047872,286.663330078125,222800,0.0,0.0
2008-02-19 00:00:00+09:00,291.1941003071055,295.37642131690234,289.79999330383987,294.3308410644531,175200,0.0,0.0
2008-02-20 00:00:00+09:00,292.7625186260584,294.3308892615551,291.7169382023939,293.2853088378906,145200,0.0,0.0
2008-02-21 00:00:00+09:00,292.762500877152,294.5051348109445,291.0198669433594,291.0198669433594,206400,0.0,0.0
2008-02-22 00:00:00+09:00,291.8911583024118,293.4595287052307,291.7168949243208,292.23968505859375,216800,0.0,0.0
2008-02-25 00:00:00+09:00,284.39786569301805,285.44344608159537,283.8750754987294,284.2236022949219,377200,0.0,0.0
2008-02-26 00:00:00+09:00,290.3228341811451,293.6338388926947,289.80004396353195,291.8912048339844,174800,0.0,0.0
2008-02-27 00:00:00+09:00,297.11907311696143,299.5587605208544,294.6793857130685,296.5962829589844,272400,0.0,0.0
2008-02-28 00:00:00+09:00,298.86171568782663,310.1888361074819,298.86171568782663,306.35504150390625,176000,0.0,0.0
2008-02-29 00:00:00+09:00,304.4381601940746,309.3175354003906,304.08963339362344,309.3175354003906,137600,0.0,0.0
2008-03-03 00:00:00+09:00,313.67410591670443,314.02263270105635,312.2799987792969,312.2799987792969,284800,0.0,0.0
2008-03-04 00:00:00+09:00,325.8725761620212,330.9262150436782,324.3042054746104,328.13800048828125,255600,0.0,0.0
2008-03-05 00:00:00+09:00,318.9020305406455,323.781405871322,317.1593964939753,319.0762939453125,176800,0.0,0.0
2008-03-06 00:00:00+09:00,313.6741027832031,314.5454197353787,311.931468878852,313.6741027832031,126400,0.0,0.0
2008-03-07 00:00:00+09:00,309.66600677981637,315.41669795805717,309.66600677981637,313.84832763671875,222400,0.0,0.0
2008-03-10 00:00:00+09:00,309.66607993790626,310.1888701685274,307.5749190154218,308.27197265625,172800,0.0,0.0
2008-03-11 00:00:00+09:00,303.04405166805105,326.7438739951672,302.34699807019473,326.5696105957031,277600,0.0,0.0
2008-03-12 00:00:00+09:00,329.35782984683385,331.1004638671875,329.35782984683385,331.1004638671875,164000,0.0,0.0
2008-03-13 00:00:00+09:00,326.046825208162,331.1004638671875,325.1755081979852,331.1004638671875,164000,0.0,0.0
2008-03-14 00:00:00+09:00,323.2586030165354,334.5857238769531,323.2586030165354,334.5857238769531,164000,0.0,0.0
2008-03-17 00:00:00+09:00,324.3041421858991,324.3041421858991,318.9019775390625,318.9019775390625,164000,0.0,0.0
2008-03-18 00:00:00+09:00,324.3042155556057,324.3042155556057,319.7733667622442,320.6446838378906,164000,0.0,0.0
2008-03-19 00:00:00+09:00,320.6446246946597,324.12989235438425,320.6446246946597,323.2585754394531,164000,0.0,0.0
2008-03-21 00:00:00+09:00,321.34166479892417,321.86445492603735,318.9019775390625,318.9019775390625,164000,0.0,0.0
2008-03-24 00:00:00+09:00,318.90204683588354,318.90204683588354,313.8484078423094,315.4167785644531,59600,0.0,0.0
2008-03-25 00:00:00+09:00,315.5910051561002,318.9020096276441,315.4167417628611,318.2049560546875,25200,0.0,0.0
2008-03-26 00:00:00+09:00,322.3872375488281,322.3872375488281,320.64460383234797,322.3872375488281,20800,0.0,0.0
2008-03-27 00:00:00+09:00,318.0306636672119,318.0306636672119,316.6365566483968,317.50787353515625,34800,0.0,0.0
2008-03-28 00:00:00+09:00,315.4167403885969,323.25859305019185,313.674106463798,322.2130126953125,47600,0.0,0.0
2008-03-31 00:00:00+09:00,323.955693186671,326.74390786713724,322.73584926396705,325.175537109375,32400,0.0,0.0
2008-04-01 00:00:00+09:00,326.7438545942946,327.2666447616454,323.2585868119554,325.001220703125,47200,0.0,0.0
2008-04-02 00:00:00+09:00,326.2210472470238,329.3577880859375,325.34973034732553,329.3577880859375,29200,0.0,0.0
2008-04-03 00:00:00+09:00,328.4864884854641,329.3578054310489,325.001220703125,325.001220703125,43600,0.0,0.0
2008-04-04 00:00:00+09:00,326.743896484375,327.9637403645833,326.743896484375,326.743896484375,153600,0.0,0.0
2008-04-07 00:00:00+09:00,326.9181422183388,332.8430978875411,326.9181422183388,331.1004638671875,105200,0.0,0.0
2008-04-08 00:00:00+09:00,330.22913569614735,332.6688232421875,329.5320821115645,332.6688232421875,118800,0.0,0.0
2008-04-09 00:00:00+09:00,333.3658367224746,333.88862684801956,331.10041284511334,333.54010009765625,53200,0.0,0.0
2008-04-10 00:00:00+09:00,333.7144068876902,334.5857238769531,332.8430898984273,334.5857238769531,34800,0.0,0.0
2008-04-11 00:00:00+09:00,331.62326853658874,332.8431124040381,330.9262148980462,331.4490051269531,34800,0.0,0.0
2008-04-14 00:00:00+09:00,331.1004638671875,331.27472726922286,330.5776736610814,331.1004638671875,138000,0.0,0.0
2008-04-15 00:00:00+09:00,330.75193706311677,334.237205103824,330.2291468570107,331.1004638671875,153200,0.0,0.0
2008-04-16 00:00:00+09:00,335.10852531472636,336.328369140625,334.2372082962273,336.328369140625,51600,0.0,0.0
2008-04-17 00:00:00+09:00,338.071003177623,338.2452665813229,336.328369140625,336.328369140625,65600,0.0,0.0
2008-04-18 00:00:00+09:00,339.639328071974,346.60986328125,338.2452210301187,346.60986328125,74000,0.0,0.0
2008-04-21 00:00:00+09:00,339.63933957225646,341.55623681971406,330.2291167211011,334.41143798828125,172000,0.0,0.0
2008-04-22 00:00:00+09:00,329.88057822575644,329.88057822575644,329.3577880859375,329.3577880859375,172000,0.0,0.0
2008-04-23 00:00:00+09:00,330.9262069410579,330.9262069410579,328.1379924539295,328.312255859375,55600,0.0,0.0
2008-04-24 00:00:00+09:00,324.12994858793354,327.4409534391006,323.78142176149487,325.34979248046875,128400,0.0,0.0
2008-04-25 00:00:00+09:00,326.0468028291743,329.70633402073634,326.0468028291743,327.61517333984375,70400,0.0,0.0
2008-04-28 00:00:00+09:00,326.39527165991626,326.39527165991626,325.001164786836,326.22100830078125,37200,0.0,0.0
2008-04-30 00:00:00+09:00,315.4167384628422,317.15937237700155,315.4167384628422,316.2880554199219,150800,0.0,0.0
2008-05-01 00:00:00+09:00,309.66607993790626,309.66607993790626,308.27197265625,308.27197265625,150800,0.0,0.0
2008-05-02 00:00:00+09:00,311.7572021484375,312.1057289255738,310.36309503989224,311.7572021484375,72000,0.0,0.0
2008-05-07 00:00:00+09:00,309.6660412287308,309.6660412287308,308.4461975097656,308.4461975097656,72000,0.0,0.0
2008-05-08 00:00:00+09:00,311.931468878852,313.6741027832031,311.931468878852,313.6741027832031,30400,0.0,0.0
2008-05-09 00:00:00+09:00,322.38731850000653,322.38731850000653,313.6741477297361,314.0226745605469,32000,0.0,0.0
2008-05-12 00:00:00+09:00,317.1593437820184,319.7732944175845,317.1593437820184,318.9019775390625,38400,0.0,0.0
2008-05-13 00:00:00+09:00,341.2077395658169,341.2077395658169,335.45704732594356,338.4195251464844,158800,0.0,0.0
2008-05-14 00:00:00+09:00,338.07097586818975,342.42756060875917,338.07097586818975,338.2452392578125,134800,0.0,0.0
2008-05-15 00:00:00+09:00,346.78418295174146,347.4812365858153,344.1702318239645,345.39007568359375,134000,0.0,0.0
2008-05-16 00:00:00+09:00,345.9128043145108,348.5267549768371,339.63932272492775,342.0790100097656,206800,0.0,0.0
2008-05-19 00:00:00+09:00,347.65548544219047,347.65548544219047,345.0415344238281,345.0415344238281,110000,0.0,0.0
2008-05-20 00:00:00+09:00,344.3444568135795,345.5643005371094,343.47313986820103,345.5643005371094,105200,0.0,0.0
2008-05-21 00:00:00+09:00,339.1165564400809,341.5562438964844,339.1165564400809,341.5562438964844,56800,0.0,0.0
2008-05-22 00:00:00+09:00,334.2371520996094,336.328312592412,333.36583522760833,334.2371520996094,125600,0.0,0.0
2008-05-23 00:00:00+09:00,334.41147980215663,334.7600066180005,332.8431091308594,332.8431091308594,76000,0.0,0.0
2008-05-26 00:00:00+09:00,331.9718034113162,331.9718034113162,331.1004863419952,331.2747497558594,18400,0.0,0.0
2008-05-27 00:00:00+09:00,333.3658542753016,333.5401176596588,332.32027396915845,332.4945373535156,42400,0.0,0.0
2008-05-28 00:00:00+09:00,332.49449069494864,333.5400708543667,324.12984941960406,325.5239562988281,89200,0.0,0.0
2008-05-29 00:00:00+09:00,327.0924216651612,327.4409484863281,324.1299436852423,327.4409484863281,50000,0.0,0.0
2008-05-30 00:00:00+09:00,330.92619252204895,334.5857238769531,327.7894513607025,334.5857238769531,42800,0.0,0.0
2008-06-02 00:00:00+09:00,338.5937853534405,340.1621559495193,336.6768879582332,339.8136291503906,61600,0.0,0.0
2008-06-03 00:00:00+09:00,333.5401546814281,336.328369140625,333.5401546814281,336.328369140625,40800,0.0,0.0
2008-06-04 00:00:00+09:00,338.9423121525691,339.8136291503906,338.4195219538762,339.8136291503906,62400,0.0,0.0
2008-06-05 00:00:00+09:00,337.5481522757313,339.81357611650805,337.3738889033639,339.6393127441406,57600,0.0,0.0
2008-06-06 00:00:00+09:00,337.02542432770326,339.1165851818565,337.02542432770326,338.94232177734375,33600,0.0,0.0
2008-06-09 00:00:00+09:00,333.888671875,333.888671875,333.888671875,333.888671875,33600,0.0,0.0
2008-06-10 00:00:00+09:00,336.50261334291434,338.9423008554989,332.8430820740375,338.07098388671875,63200,0.0,0.0
2008-06-11 00:00:00+09:00,334.06296886529213,335.80560302734375,333.54017861667666,335.80560302734375,20800,0.0,0.0
2008-06-12 00:00:00+09:00,330.9261764229691,331.9717567592186,330.9261764229691,331.62322998046875,68400,0.0,0.0
2008-06-13 00:00:00+09:00,333.01735969341115,335.1085205078125,333.01735969341115,335.1085205078125,16800,0.0,0.0
2008-06-16 00:00:00+09:00,335.80556766192115,338.0709918340047,334.5857238769531,334.5857238769531,47200,0.0,0.0
2008-06-17 00:00:00+09:00,338.0709903263518,338.5937805175781,337.19967334097464,338.5937805175781,19600,0.0,0.0
2008-06-18 00:00:00+09:00,338.2452474363365,341.3819885253906,338.2452474363365,341.3819885253906,42000,0.0,0.0
2008-06-19 00:00:00+09:00,343.29887467671216,343.29887467671216,341.03345063062216,342.9503479003906,36400,0.0,0.0
2008-06-20 00:00:00+09:00,343.12463701036245,345.9128514299489,343.12463701036245,345.0415344238281,76400,0.0,0.0
2008-06-23 00:00:00+09:00,344.51874422015567,346.60990503484555,344.51874422015567,345.0415344238281,26000,0.0,0.0
2008-06-24 00:00:00+09:00,346.7842024673555,347.1327293040061,341.55629991759633,343.6474609375,62800,0.0,0.0
2008-06-25 00:00:00+09:00,343.124595676612,346.7841266614819,342.42754215568436,346.60986328125,45200,0.0,0.0
2008-06-26 00:00:00+09:00,345.91283377563843,347.65546769894144,345.91283377563843,346.08709716796875,42000,0.0,0.0
2008-06-27 00:00:00+09:00,342.60183726582176,345.912841796875,342.60183726582176,345.912841796875,44000,0.0,0.0
2008-06-30 00:00:00+09:00,347.1326606036407,356.36861994701064,346.7841338359664,353.7546691894531,127600,0.0,0.0
2008-07-01 00:00:00+09:00,369.4384377738026,372.9237060546875,367.69580363336013,372.9237060546875,226400,0.0,0.0
2008-07-02 00:00:00+09:00,369.43839285714284,369.43839285714284,359.85390624999997,365.953125,196800,0.0,0.0
2008-07-03 00:00:00+09:00,357.23992724969287,364.2104624155405,349.39807518811426,354.6259765625,183200,0.0,0.0
2008-07-04 00:00:00+09:00,355.4972839355469,363.3391357870663,354.6259670631558,355.4972839355469,122800,0.0,0.0
2008-07-07 00:00:00+09:00,365.081730669807,374.66621524586395,365.081730669807,370.30963134765625,126800,0.0,0.0
2008-07-08 00:00:00+09:00,377.2802702928315,377.2802702928315,365.953149013832,372.0523681640625,170800,0.0,0.0
2008-07-09 00:00:00+09:00,374.6662981633289,375.5376151358018,371.1810302734375,371.1810302734375,89600,0.0,0.0
2008-07-10 00:00:00+09:00,365.0818080357143,365.953125,364.2104910714285,365.953125,64400,0.0,0.0
2008-07-11 00:00:00+09:00,367.695791113743,368.5671081542969,365.9531570326352,368.5671081542969,82800,0.0,0.0
2008-07-14 00:00:00+09:00,364.7346198707819,364.7346198707819,362.46783447265625,362.46783447265625,82800,0.0,0.0
2008-07-15 00:00:00+09:00,360.7252006530762,362.46783447265625,359.85388374328613,362.46783447265625,14400,0.0,0.0
2008-07-16 00:00:00+09:00,355.4973353453545,356.36865234375,352.0120673517726,356.36865234375,74000,0.0,0.0
2008-07-17 00:00:00+09:00,358.9825630001905,360.7251968011623,357.23992919921875,357.23992919921875,41200,0.0,0.0
2008-07-18 00:00:00+09:00,360.72519874110924,363.3391494566245,359.8538818359375,359.8538818359375,47600,0.0,0.0
2008-07-22 00:00:00+09:00,359.8538818359375,364.2104663617963,356.36861421525043,359.8538818359375,81600,0.0,0.0
2008-07-23 00:00:00+09:00,365.081730669807,371.1809481272978,365.081730669807,370.30963134765625,115200,0.0,0.0
2008-07-24 00:00:00+09:00,372.9236373901367,378.15153884887695,362.46783447265625,362.46783447265625,396000,0.0,0.0
2008-07-25 00:00:00+09:00,347.13267283396675,352.01204775331973,347.13267283396675,348.1782531738281,547200,0.0,0.0
2008-07-28 00:00:00+09:00,332.84304608267024,334.58567983179415,327.2666180854737,330.2290954589844,643200,0.0,0.0
2008-07-29 00:00:00+09:00,306.87779961541617,309.31748683552735,301.1271083108683,307.05206298828125,1031600,0.0,0.0
2008-07-30 00:00:00+09:00,315.41671346802224,321.5159316842547,313.6740796919558,320.8188781738281,429200,0.0,0.0
2008-07-31 00:00:00+09:00,321.34162831745584,324.12984201218427,317.1593077753631,321.6901550292969,198800,0.0,0.0
2008-08-01 00:00:00+09:00,310.1888427734375,312.2800035112359,309.14326240453823,310.1888427734375,363600,0.0,0.0
2008-08-04 00:00:00+09:00,298.1646198116548,301.47562377215826,297.9903564453125,297.9903564453125,363600,0.0,0.0
2008-08-05 00:00:00+09:00,292.4139886153372,292.9367788214432,290.67135459498354,291.368408203125,266400,0.0,0.0
2008-08-06 00:00:00+09:00,296.0734813500803,296.94479824634305,294.5051109368074,294.8536376953125,92400,0.0,0.0
2008-08-07 00:00:00+09:00,294.1565999202854,294.1565999202854,291.1941223144531,291.1941223144531,92400,0.0,0.0
2008-08-08 00:00:00+09:00,290.49706876013965,291.1941223144531,290.3228053715613,291.1941223144531,119600,0.0,0.0
2008-08-11 00:00:00+09:00,298.8617248535156,301.1271490069242,298.6874614570996,298.8617248535156,147200,0.0,0.0
2008-08-12 00:00:00+09:00,306.1807893084553,308.27195007777885,303.39257494935725,304.78668212890625,116400,0.0,0.0
2008-08-13 00:00:00+09:00,303.04405935002467,304.6124299849587,300.43010829180133,303.21832275390625,64400,0.0,0.0
2008-08-14 00:00:00+09:00,297.6418715366097,301.30140274402703,297.6418715366097,299.7330322265625,62400,0.0,0.0
2008-08-15 00:00:00+09:00,299.5588595459967,303.04412841796875,297.9904885536093,303.04412841796875,49200,0.0,0.0
2008-08-18 00:00:00+09:00,307.9234039670978,308.27193074012223,305.8322433289511,306.529296875,61600,0.0,0.0
2008-08-19 00:00:00+09:00,303.04404815447,304.78668212890625,302.3469945646955,304.78668212890625,74400,0.0,0.0
2008-08-20 00:00:00+09:00,304.089623680071,304.089623680071,303.21830670677565,303.56683349609375,48000,0.0,0.0
2008-08-21 00:00:00+09:00,299.7330418355959,300.43009542126003,297.1190908893552,298.8617248535156,139200,0.0,0.0
2008-08-22 00:00:00+09:00,286.66322541716914,286.66322541716914,283.3522215977611,285.6176452636719,405200,0.0,0.0
2008-08-25 00:00:00+09:00,286.66333984747166,286.83760327595036,285.44349584812073,285.7920227050781,91200,0.0,0.0
2008-08-26 00:00:00+09:00,283.7007896376534,284.57210655914497,282.3066825632669,284.04931640625,114800,0.0,0.0
2008-08-27 00:00:00+09:00,285.2691600963382,286.66326717072474,283.17799948475846,284.04931640625,120800,0.0,0.0
2008-08-28 00:00:00+09:00,283.8750625939003,283.8750625939003,282.1324286921575,283.1780090332031,166000,0.0,0.0
2008-08-29 00:00:00+09:00,283.1780010190544,283.5265277895394,282.1324207075994,283.3522644042969,131600,0.0,0.0
2008-09-01 00:00:00+09:00,287.70885937660046,295.72497538588186,286.3147522445515,292.4139709472656,143600,0.0,0.0
2008-09-02 00:00:00+09:00,294.5051235723808,294.67938695911,291.7169093847133,292.5882263183594,147200,0.0,0.0
2008-09-03 00:00:00+09:00,296.2477543259346,296.2477543259346,291.89116970349437,293.9823303222656,250000,0.0,0.0
2008-09-04 00:00:00+09:00,293.9823207990498,296.2477447293329,293.6337940405447,294.8536376953125,73600,0.0,0.0
2008-09-05 00:00:00+09:00,292.76249306582844,294.505126953125,291.0198591785318,294.505126953125,155600,0.0,0.0
2008-09-08 00:00:00+09:00,299.73306586465554,302.5212804308384,298.8617488127234,301.64996337890625,146800,0.0,0.0
2008-09-09 00:00:00+09:00,297.9903983182685,299.7330322265625,295.3764474558276,299.7330322265625,241600,0.0,0.0
2008-09-10 00:00:00+09:00,293.80805893305916,294.6793758338096,292.9367420323087,294.1565856933594,156400,0.0,0.0
2008-09-11 00:00:00+09:00,294.3308410644531,294.3308410644531,290.4970468054727,294.3308410644531,81600,0.0,0.0
2008-09-12 00:00:00+09:00,291.01986851869657,291.01986851869657,288.92870778682567,290.32281494140625,88800,0.0,0.0
2008-09-16 00:00:00+09:00,278.821448066126,281.43539914174596,277.25307742075404,279.34423828125,219600,0.0,0.0
2008-09-17 00:00:00+09:00,285.4435027550007,285.4435027550007,281.60970723570273,283.0038146972656,122000,0.0,0.0
2008-09-18 00:00:00+09:00,275.5104064941406,275.85893325757405,271.8508754780894,275.5104064941406,302400,0.0,0.0
2008-09-19 00:00:00+09:00,281.0868929609171,283.5265808105469,280.56410270742504,283.5265808105469,129600,0.0,0.0
2008-09-22 00:00:00+09:00,293.1110276639105,293.1110276639105,291.0198669433594,291.0198669433594,179600,0.0,0.0
2008-09-24 00:00:00+09:00,295.37645523968865,296.77056240306183,293.98234807631553,296.2477722167969,352800,0.0,0.0
2008-09-25 00:00:00+09:00,278.8214383459395,278.8214383459395,273.5935363769531,273.5935363769531,151200,0.0,0.0
2008-09-26 00:00:00+09:00,271.3280973546645,271.8508875229779,264.70608855602785,266.62298583984375,141200,0.0,0.0
2008-09-29 00:00:00+09:00,250.24219781702215,250.4164611859755,245.18856011737475,245.36282348632812,293200,0.0,0.0
2008-09-30 00:00:00+09:00,229.8533981078074,229.8533981078074,224.45123333044424,227.76223754882812,333600,0.0,0.0
2008-10-01 00:00:00+09:00,233.1644359935414,233.51296280369615,230.02769470214847,230.02769470214844,129200,0.0,0.0
2008-10-02 00:00:00+09:00,230.55044480809624,231.77028843141952,229.330601184773,230.8989715576172,154000,0.0,0.0
2008-10-03 00:00:00+09:00,231.77027893066406,231.77027893066406,226.54237790215285,231.77027893066406,206800,0.0,0.0
2008-10-06 00:00:00+09:00,204.93373681520654,214.3439594240681,204.93373681520654,212.7755889892578,374400,0.0,0.0
2008-10-07 00:00:00+09:00,191.51548913650925,197.7889719471683,188.2044843197725,194.1294403076172,284400,0.0,0.0
2008-10-08 00:00:00+09:00,186.98462099887357,186.98462099887357,174.43765668208056,176.0060272216797,220400,0.0,0.0
2008-10-09 00:00:00+09:00,167.29287160503927,174.96046155360358,166.4215545654297,166.4215545654297,174400,0.0,0.0
2008-10-10 00:00:00+09:00,158.57969585217927,170.7781339946546,156.83706183182565,165.55023193359375,210400,0.0,0.0
2008-10-14 00:00:00+09:00,166.4215401785714,182.9765625,166.4215401785714,182.9765625,210400,0.0,0.0
2008-10-15 00:00:00+09:00,204.75950608501083,208.0705108642578,201.44850130576384,208.0705108642578,164400,0.0,0.0
2008-10-16 00:00:00+09:00,188.2044758058677,197.78896299968505,187.5074221917719,188.03021240234375,116800,0.0,0.0
2008-10-17 00:00:00+09:00,188.20446348009003,188.20446348009003,183.32508850097656,183.32508850097656,104000,0.0,0.0
2008-10-20 00:00:00+09:00,183.15080761684138,185.41623149792503,181.23391048669365,184.3706512451172,76400,0.0,0.0
2008-10-21 00:00:00+09:00,188.20442783338135,191.34116829727103,188.20442783338135,189.07574462890625,55600,0.0,0.0
2008-10-22 00:00:00+09:00,184.19642325523478,184.3706866641801,182.10526234789057,182.27952575683594,67200,0.0,0.0
2008-10-23 00:00:00+09:00,169.035499974301,170.60387059261924,164.33038811934622,165.55023193359375,135200,0.0,0.0
2008-10-24 00:00:00+09:00,153.17752075195312,154.04883770731124,152.48046718766665,153.17752075195312,197600,0.0,0.0
2008-10-27 00:00:00+09:00,137.66808598738825,138.0166127873563,135.75118858756386,136.4482421875,610400,0.0,0.0
2008-10-28 00:00:00+09:00,125.46962977105329,128.95489726469367,125.46962977105329,127.90931701660156,328000,0.0,0.0
2008-10-29 00:00:00+09:00,140.1077768628483,140.1077768628483,137.66808920603253,138.36514282226562,401600,0.0,0.0
2008-10-30 00:00:00+09:00,143.2445172646063,146.72978532457236,141.85041004061983,145.33567810058594,307600,0.0,0.0
2008-10-31 00:00:00+09:00,156.66278338850591,159.79952432398213,156.48852000320167,158.92820739746094,171200,0.0,0.0
2008-11-04 00:00:00+09:00,170.7781139377668,173.39206466130403,170.7781139377668,170.95237731933594,86000,0.0,0.0
2008-11-05 00:00:00+09:00,177.57440095699712,177.74866435342204,172.69502585709927,174.61192321777344,139200,0.0,0.0
2008-11-06 00:00:00+09:00,166.94433599997203,170.6038673736666,165.55022880999311,170.25534057617188,142800,0.0,0.0
2008-11-07 00:00:00+09:00,162.064952769178,164.5046402302194,160.67084564858294,163.80758666992188,123200,0.0,0.0
2008-11-10 00:00:00+09:00,167.11860575760318,167.46713256835938,167.11860575760318,167.46713256835938,123200,0.0,0.0
2008-11-11 00:00:00+09:00,165.55021513932908,167.29284898290095,165.0274249862575,166.2472686767578,57600,0.0,0.0
2008-11-12 00:00:00+09:00,161.7164514670418,163.28482222480406,160.14808070927955,162.5877685546875,114800,0.0,0.0
2008-11-13 00:00:00+09:00,151.609160572017,153.00326779566774,149.86652654245358,151.9576873779297,161200,0.0,0.0
2008-11-14 00:00:00+09:00,145.16140099950584,148.82093211714044,143.24450374741153,144.63861083984375,272800,0.0,0.0
2008-11-17 00:00:00+09:00,142.3732172616754,142.3732172616754,141.32763671875,141.32763671875,272800,0.0,0.0
2008-11-18 00:00:00+09:00,140.80481451303683,143.07023850891488,140.80481451303683,142.024658203125,45600,0.0,0.0
2008-11-19 00:00:00+09:00,142.72171980274396,142.8959831968865,141.85040283203125,141.85040283203125,24800,0.0,0.0
2008-11-20 00:00:00+09:00,137.66808518330762,137.66808518330762,136.62250478951034,136.79676818847656,81600,0.0,0.0
2008-11-21 00:00:00+09:00,135.05413196705004,141.15335083007812,133.13723461009837,141.15335083007812,104000,0.0,0.0
2008-11-25 00:00:00+09:00,144.2900897180249,145.5099334716797,142.1989289974738,145.5099334716797,67600,0.0,0.0
2008-11-26 00:00:00+09:00,145.85846263853287,147.42683320453858,142.89598490274426,144.46435546875,73600,0.0,0.0
2008-11-27 00:00:00+09:00,141.32759693073777,142.72170392882148,137.66806606076798,138.5393829345703,101600,0.0,0.0
2008-11-28 00:00:00+09:00,132.26589965820312,132.26589965820312,132.26589965820312,132.26589965820312,101600,0.0,0.0
2008-12-01 00:00:00+09:00,132.96298217773438,133.13724558819013,132.44019194636712,132.96298217773438,98800,0.0,0.0
2008-12-02 00:00:00+09:00,131.91735319010417,132.96293326822916,130.52324641927083,130.697509765625,126400,0.0,0.0
2008-12-03 00:00:00+09:00,127.73505364191954,128.2578437659656,126.86373676850944,127.90931701660156,250800,0.0,0.0
2008-12-04 00:00:00+09:00,125.99244251384603,126.34096932577921,124.59833526611328,124.59833526611328,105600,0.0,0.0
2008-12-05 00:00:00+09:00,127.21229119974491,127.3865546123473,125.12113024851622,125.81818389892578,176000,0.0,0.0
2008-12-08 00:00:00+09:00,129.12918171347073,129.82623532595912,128.25786469786027,128.78065490722656,145600,0.0,0.0
2008-12-09 00:00:00+09:00,131.56882649739583,131.56882649739583,130.1747197265625,130.697509765625,84400,0.0,0.0
2008-12-10 00:00:00+09:00,134.18279805134253,135.22837829589844,134.00853467724988,135.22837829589844,310400,0.0,0.0
2008-12-11 00:00:00+09:00,136.622502740824,148.12388690012804,136.622502740824,147.77536010742188,154400,0.0,0.0
2008-12-12 00:00:00+09:00,151.26061553955077,151.26061553955077,143.59302673339843,146.38124084472656,88000,0.0,0.0
2008-12-15 00:00:00+09:00,149.8665217581512,150.7378387451172,147.949624386826,150.7378387451172,89600,0.0,0.0
2008-12-16 00:00:00+09:00,147.25257627991425,151.60916137695312,147.25257627991425,151.60916137695312,79200,0.0,0.0
2008-12-17 00:00:00+09:00,149.6922615251564,149.8665249262334,145.50993989930802,146.03273010253906,63600,0.0,0.0
2008-12-18 00:00:00+09:00,147.94960974743015,147.94960974743015,146.2069759459292,147.0782928466797,42400,0.0,0.0
2008-12-19 00:00:00+09:00,145.33566438605988,147.2525616381542,144.46434745328972,144.63861083984375,55200,0.0,0.0
2008-12-22 00:00:00+09:00,143.94156528008142,144.46435546875,143.5930384876357,144.46435546875,19600,0.0,0.0
2008-12-24 00:00:00+09:00,142.0246678105107,142.8959847909433,141.15335083007812,141.15335083007812,46000,0.0,0.0
2008-12-25 00:00:00+09:00,141.1533556486431,142.547462864926,141.1533556486431,142.37319946289062,68800,0.0,0.0
2008-12-26 00:00:00+09:00,142.89600414234204,144.63863833919984,142.54747730297046,142.72174072265625,59600,0.0,0.0
2008-12-29 00:00:00+09:00,146.9040178265488,149.5179683216831,146.38122772752192,148.99517822265625,113600,0.0,0.0
2008-12-30 00:00:00+09:00,150.56356656826037,151.60914689165108,149.86651301933324,151.2606201171875,30800,0.0,0.0
2009-01-05 00:00:00+09:00,151.26061629380072,153.35177688772424,151.26061629380072,153.0032501220703,21600,0.0,0.0
2009-01-06 00:00:00+09:00,153.00327815405385,154.04885864257812,151.60917083602146,154.04885864257812,67600,0.0,0.0
2009-01-07 00:00:00+09:00,157.70838826057977,161.89071015920288,157.3598614356945,161.367919921875,121200,0.0,0.0
2009-01-08 00:00:00+09:00,157.88263017097407,158.23115694839342,156.83704983871596,157.5341033935547,49600,0.0,0.0
2009-01-09 00:00:00+09:00,155.09441748725044,157.70836834377712,155.09441748725044,156.83705139160156,41600,0.0,0.0
2009-01-13 00:00:00+09:00,153.52605478113347,154.22310837832364,153.35179138183594,153.35179138183594,140800,0.0,0.0
2009-01-14 00:00:00+09:00,156.83705936778676,156.83705936778676,153.35179138183594,153.35179138183594,41200,0.0,0.0
2009-01-15 00:00:00+09:00,151.60914923364768,152.48046618326634,149.86651533441037,150.2150421142578,196800,0.0,0.0
2009-01-16 00:00:00+09:00,150.56354851973683,150.56354851973683,148.1238613909448,148.99517822265625,59200,0.0,0.0
2009-01-19 00:00:00+09:00,148.12388220498727,149.86651611328125,147.2525652508403,149.86651611328125,44000,0.0,0.0
2009-01-20 00:00:00+09:00,146.55550809193807,146.7297714784921,143.0702403608575,144.63861083984375,47200,0.0,0.0
2009-01-21 00:00:00+09:00,144.63861965931312,144.63861965931312,142.89598568751418,144.11582946777344,148000,0.0,0.0
2009-01-22 00:00:00+09:00,142.89601135253906,143.0702747810178,141.3276404962307,142.89601135253906,59600,0.0,0.0
2009-01-23 00:00:00+09:00,140.45631576119516,140.45631576119516,139.75926208496094,139.75926208496094,72000,0.0,0.0
2009-01-26 00:00:00+09:00,137.66810479933216,137.84236822312877,135.0541534423828,135.0541534423828,62400,0.0,0.0
2009-01-27 00:00:00+09:00,135.57693002505368,135.92545683745743,133.3115057444294,134.35708618164062,64000,0.0,0.0
2009-01-28 00:00:00+09:00,139.93347894848876,141.15332247605963,139.58495222632564,140.1077423095703,69200,0.0,0.0
2009-01-29 00:00:00+09:00,144.46437491951409,144.81290175888563,142.72174072265625,142.72174072265625,53600,0.0,0.0
2009-01-30 00:00:00+09:00,142.8959728245613,143.0702362060547,142.19891929858784,143.0702362060547,19600,0.0,0.0
2009-02-02 00:00:00+09:00,142.8959728245613,143.24449958754803,141.67612915410774,143.0702362060547,23600,0.0,0.0
2009-02-03 00:00:00+09:00,143.9415919234113,143.9415919234113,142.72174792406037,142.89601135253906,16400,0.0,0.0
2009-02-04 00:00:00+09:00,145.50994069952714,145.6842041015625,144.6386236893503,145.6842041015625,45600,0.0,0.0
2009-02-05 00:00:00+09:00,146.72976533064605,148.99518926092918,146.03271181363587,147.42681884765625,83200,0.0,0.0
2009-02-06 00:00:00+09:00,147.94960021972656,148.1238635886544,147.6010734818709,147.94960021972656,23600,0.0,0.0
2009-02-09 00:00:00+09:00,148.12388610839844,148.47241289924173,146.381252154182,148.12388610839844,120000,0.0,0.0
2009-02-10 00:00:00+09:00,147.77535999698432,148.82094037432145,144.46435546875,144.46435546875,37200,0.0,0.0
2009-02-12 00:00:00+09:00,148.472402565955,149.34371948242188,148.472402565955,149.34371948242188,44800,0.0,0.0
2009-02-13 00:00:00+09:00,148.47240409538028,148.64666748046875,148.47240409538028,148.64666748046875,12800,0.0,0.0
2009-02-16 00:00:00+09:00,148.47242736816406,148.646690780568,148.47242736816406,148.47242736816406,33200,0.0,0.0
2009-02-17 00:00:00+09:00,148.99517822265625,148.99517822265625,148.1238613909448,148.99517822265625,95200,0.0,0.0
2009-02-18 00:00:00+09:00,148.12388610839844,148.2981495038201,147.9496227129768,148.12388610839844,27200,0.0,0.0
2009-02-19 00:00:00+09:00,148.12388610839844,148.2981495038201,146.90404234044692,148.12388610839844,30400,0.0,0.0
2009-02-20 00:00:00+09:00,147.94962589871005,147.94962589871005,146.7297821044922,146.7297821044922,6400,0.0,0.0
2009-02-23 00:00:00+09:00,143.41876713396556,144.63861083984375,143.0702403608575,144.63861083984375,13600,0.0,0.0
2009-02-24 00:00:00+09:00,142.1989280495492,142.54745483398438,142.1989280495492,142.54745483398438,8800,0.0,0.0
2009-02-25 00:00:00+09:00,148.99521760537593,148.99521760537593,148.12390054335617,148.47242736816406,63600,0.0,0.0
2009-02-26 00:00:00+09:00,144.8128823694193,147.94962350377494,144.8128823694193,147.77536010742188,22800,0.0,0.0
2009-02-27 00:00:00+09:00,146.55549547369654,147.07828558834706,146.55549547369654,146.90402221679688,18400,0.0,0.0
2009-03-02 00:00:00+09:00,146.38124470538403,146.38124470538403,144.63861083984375,144.63861083984375,32400,0.0,0.0
2009-03-03 00:00:00+09:00,142.89598490274426,144.63861886497284,142.89598490274426,144.46435546875,30000,0.0,0.0
2009-03-04 00:00:00+09:00,140.8048170891361,144.2900848388672,140.63055370164955,144.2900848388672,49600,0.0,0.0
2009-03-05 00:00:00+09:00,142.89599773930567,144.11584162244608,142.02468067991967,142.19894409179688,9600,0.0,0.0
2009-03-06 00:00:00+09:00,140.80482482910156,141.153351623233,140.45629803497013,140.80482482910156,12000,0.0,0.0
2009-03-09 00:00:00+09:00,140.45626831054688,141.15332175129402,140.2820049503601,140.45626831054688,21600,0.0,0.0
2009-03-10 00:00:00+09:00,140.80481681305045,141.32760697448504,140.80481681305045,140.9790802001953,21200,0.0,0.0
2009-03-11 00:00:00+09:00,142.54745096400163,144.2900848388672,142.19892418902853,144.2900848388672,25200,0.0,0.0
2009-03-12 00:00:00+09:00,140.4563012313843,140.4563012313843,135.92545280456545,139.4107208251953,89200,0.0,0.0
2009-03-13 00:00:00+09:00,142.024658203125,142.024658203125,142.024658203125,142.024658203125,24800,0.0,0.0
2009-03-16 00:00:00+09:00,142.02468067991967,142.19894409179688,142.02468067991967,142.19894409179688,23200,0.0,0.0
2009-03-17 00:00:00+09:00,142.19893606085526,142.547462864926,142.19893606085526,142.37319946289062,29200,0.0,0.0
2009-03-18 00:00:00+09:00,142.02469421014553,142.89601135253906,142.02469421014553,142.89601135253906,22400,0.0,0.0
2009-03-19 00:00:00+09:00,145.85845069885252,146.38124084472656,145.85845069885252,146.38124084472656,46000,0.0,0.0
2009-03-23 00:00:00+09:00,146.0327228650967,148.1238835743821,145.85845947265625,145.85845947265625,40800,0.0,0.0
2009-03-24 00:00:00+09:00,148.12388610839844,148.47241289924173,147.9496227129768,148.12388610839844,54400,0.0,0.0
2009-03-25 00:00:00+09:00,148.12387809349983,148.2981414794922,148.12387809349983,148.2981414794922,46400,0.0,0.0
2009-03-26 00:00:00+09:00,150.21504289494004,151.6091500215752,148.64667237747545,149.86651611328125,62000,0.0,0.0
2009-03-27 00:00:00+09:00,149.16949462890625,150.91212891195423,149.16949462890625,149.16949462890625,42000,0.0,0.0
2009-03-30 00:00:00+09:00,148.99521760537593,148.99521760537593,148.47242736816406,148.47242736816406,56000,0.0,0.0
2009-03-31 00:00:00+09:00,145.85845069885252,146.38124084472656,145.68418731689454,146.38124084472656,25600,0.0,0.0
2009-04-01 00:00:00+09:00,144.6386165047834,146.03272365181746,144.6386165047834,145.5099334716797,36800,0.0,0.0
2009-04-02 00:00:00+09:00,147.4268101129431,147.94960021972656,147.25254674401526,147.94960021972656,14000,0.0,0.0
2009-04-03 00:00:00+09:00,148.82093576830485,151.6091500215752,148.82093576830485,149.86651611328125,66000,0.0,0.0
2009-04-06 00:00:00+09:00,157.70838950611397,159.4510236443031,154.3973846435547,154.3973846435547,89200,0.0,0.0
2009-04-07 00:00:00+09:00,154.04883536645923,154.39736214330642,154.04883536645923,154.2230987548828,14800,0.0,0.0
2009-04-08 00:00:00+09:00,154.57163120226912,156.48852854525103,154.39736780745258,155.09442138671875,44800,0.0,0.0
2009-04-09 00:00:00+09:00,155.44296182722053,155.96575205758114,155.44296182722053,155.79148864746094,32000,0.0,0.0
2009-04-10 00:00:00+09:00,156.8370571384182,161.01937866210938,156.8370571384182,161.01937866210938,79600,0.0,0.0
2009-04-13 00:00:00+09:00,163.63332327984747,163.80758666992188,163.63332327984747,163.80758666992188,134000,0.0,0.0
2009-04-14 00:00:00+09:00,161.7164298765121,162.06495666503906,160.32232272240424,162.06495666503906,120800,0.0,0.0
2009-04-15 00:00:00+09:00,162.9362809030633,166.24728554173518,162.0649638928865,165.55023193359375,48400,0.0,0.0
2009-04-16 00:00:00+09:00,164.33038811934622,165.55023193359375,163.80759791324013,165.55023193359375,38400,0.0,0.0
2009-04-17 00:00:00+09:00,164.15612149467103,164.15612149467103,162.23922410991372,163.63333129882812,54800,0.0,0.0
2009-04-20 00:00:00+09:00,162.93628169514457,165.3759693354997,162.58775488937957,165.2017059326172,84800,0.0,0.0
2009-04-21 00:00:00+09:00,159.97383204297728,162.7620469805455,159.45104174218324,159.62530517578125,95600,0.0,0.0
2009-04-22 00:00:00+09:00,157.70836523450944,160.32231603950132,157.01131168651162,158.2311553955078,97200,0.0,0.0
2009-04-23 00:00:00+09:00,158.57968139648438,158.57968139648438,157.01131092113454,158.57968139648438,52000,0.0,0.0
2009-04-24 00:00:00+09:00,157.88262632274,159.2767333984375,157.70836293827784,159.2767333984375,60400,0.0,0.0
2009-04-27 00:00:00+09:00,158.57970635008417,159.27676000437026,157.70838928222656,157.70838928222656,107200,0.0,0.0
2009-04-28 00:00:00+09:00,157.01131556453578,157.88263252105372,155.09441826019628,156.488525390625,48400,0.0,0.0
2009-04-30 00:00:00+09:00,157.88262632274,161.8906841653703,157.18557278489126,159.2767333984375,61600,0.0,0.0
2009-05-01 00:00:00+09:00,157.88265269579807,158.57970635008417,157.70838928222656,157.70838928222656,59200,0.0,0.0
2009-05-07 00:00:00+09:00,157.0113147820367,158.23115851508248,156.83705139160156,156.83705139160156,206000,0.0,0.0
2009-05-08 00:00:00+09:00,156.83707386486805,157.01133728027344,156.83707386486805,157.01133728027344,92800,0.0,0.0
2009-05-11 00:00:00+09:00,157.35982826107838,159.45098876953125,157.01130150966955,159.45098876953125,31600,0.0,0.0
2009-05-12 00:00:00+09:00,157.53412586865502,158.23117952294112,157.185599041512,157.70838928222656,42800,0.0,0.0
2009-05-13 00:00:00+09:00,156.83704568021122,156.83704568021122,155.09441183932,155.96572875976562,76800,0.0,0.0
2009-05-14 00:00:00+09:00,156.83705139160156,156.83705139160156,154.5716273159451,156.83705139160156,20800,0.0,0.0
2009-05-15 00:00:00+09:00,156.83705453915445,156.83705453915445,155.26868399376292,155.4429473876953,40400,0.0,0.0
2009-05-18 00:00:00+09:00,156.4885065708784,156.4885065708784,154.22308275637792,154.5716094970703,53600,0.0,0.0
2009-05-19 00:00:00+09:00,155.79148864746094,156.14001546770135,155.09443500698012,155.79148864746094,24800,0.0,0.0
2009-05-20 00:00:00+09:00,155.9657424230862,156.8370594198632,155.9657424230862,156.6627960205078,13200,0.0,0.0
2009-05-21 00:00:00+09:00,156.83705295835222,156.83705295835222,155.96573599747248,156.13999938964844,37200,0.0,0.0
2009-05-22 00:00:00+09:00,155.26869841710032,157.35985933854275,155.26869841710032,155.79148864746094,40000,0.0,0.0
2009-05-25 00:00:00+09:00,155.44296654162477,157.18560069567886,155.44296654162477,157.01133728027344,21200,0.0,0.0
2009-05-26 00:00:00+09:00,155.9657375694925,156.31426435735727,155.4429473876953,155.4429473876953,39600,0.0,0.0
2009-05-27 00:00:00+09:00,154.57163199003753,155.44294896856084,154.57163199003753,154.7458953857422,103200,0.0,0.0
2009-05-28 00:00:00+09:00,155.4429659606105,155.7914927901186,153.87459522782407,154.04885864257812,70800,0.0,0.0
2009-05-29 00:00:00+09:00,155.61722854028704,155.61722854028704,154.3973846435547,154.3973846435547,34800,0.0,0.0
2009-06-01 00:00:00+09:00,156.66278800116646,157.0113147820367,156.1399978298611,156.83705139160156,60800,0.0,0.0
2009-06-02 00:00:00+09:00,158.75393676757812,160.1480437863933,157.88261988081865,158.75393676757812,105200,0.0,0.0
2009-06-03 00:00:00+09:00,159.7995147705078,159.7995147705078,159.4509880207357,159.7995147705078,82800,0.0,0.0
2009-06-04 00:00:00+09:00,158.57968062685248,159.97378770928634,158.57968062685248,158.92820739746094,75600,0.0,0.0
2009-06-05 00:00:00+09:00,159.45102258448827,160.32233964779147,157.70838845788182,158.05691528320312,96000,0.0,0.0
2009-06-08 00:00:00+09:00,158.40541647612656,159.4509967828997,158.2311530916644,159.2767333984375,73200,0.0,0.0
2009-06-09 00:00:00+09:00,159.97381591796875,160.32234275003404,159.62528908590346,159.97381591796875,82800,0.0,0.0
2009-06-10 00:00:00+09:00,159.27672539382684,159.45098876953125,159.27672539382684,159.45098876953125,89200,0.0,0.0
2009-06-11 00:00:00+09:00,161.01935915087088,161.1936225265753,159.45098876953125,159.45098876953125,104400,0.0,0.0
2009-06-12 00:00:00+09:00,159.62526508211184,161.19363559056055,159.62526508211184,160.49658203125,48000,0.0,0.0
2009-06-15 00:00:00+09:00,162.93630091620406,163.80761803340303,161.19366668180618,163.45909118652344,82000,0.0,0.0
2009-06-16 00:00:00+09:00,161.7164306640625,162.93627442984746,161.7164306640625,161.7164306640625,56000,0.0,0.0
2009-06-17 00:00:00+09:00,160.32230414555562,161.01935764184066,159.79951402334186,160.14804077148438,73200,0.0,0.0
2009-06-18 00:00:00+09:00,160.67088577736934,160.67088577736934,159.45104174218324,159.62530517578125,54400,0.0,0.0
2009-06-19 00:00:00+09:00,159.97377889664446,160.32230564805326,159.45098876953125,159.45098876953125,29200,0.0,0.0
2009-06-22 00:00:00+09:00,160.32231632302623,161.5421600341797,160.1480529357186,161.5421600341797,20400,0.0,0.0
2009-06-23 00:00:00+09:00,160.32234275003404,160.32234275003404,159.62528908590346,159.97381591796875,32400,0.0,0.0
2009-06-24 00:00:00+09:00,159.97383204297728,160.67088577736934,159.45104174218324,159.62530517578125,35600,0.0,0.0
2009-06-25 00:00:00+09:00,160.49658203125,161.36789898038816,159.9737918617671,160.49658203125,52000,0.0,0.0
2009-06-26 00:00:00+09:00,162.9362809030633,162.9362809030633,160.49659327456826,162.23922729492188,48400,0.0,0.0
2009-06-29 00:00:00+09:00,163.8075590338318,163.8075590338318,162.2391887877632,162.4134521484375,51600,0.0,0.0
2009-06-30 00:00:00+09:00,162.7619968636326,165.55021094266698,162.7619968636326,164.67889404296875,78000,0.0,0.0
2009-07-01 00:00:00+09:00,164.15611754277734,165.37596130371094,163.63332735952008,165.37596130371094,99200,0.0,0.0
2009-07-02 00:00:00+09:00,165.8987473508145,165.8987473508145,163.80758666992188,163.80758666992188,66400,0.0,0.0
2009-07-03 00:00:00+09:00,162.93626024357226,165.37594756272733,162.4134701037533,164.67889404296875,42800,0.0,0.0
2009-07-06 00:00:00+09:00,164.67891733525164,166.4215513811273,163.11054669396353,164.50465393066406,91200,0.0,0.0
2009-07-07 00:00:00+09:00,163.63333129882812,163.98185809605673,163.63333129882812,163.63333129882812,85600,0.0,0.0
2009-07-08 00:00:00+09:00,162.93627363635647,162.93627363635647,162.06495666503906,162.06495666503906,64000,0.0,0.0
2009-07-09 00:00:00+09:00,162.06496469684515,162.06496469684515,160.14806726494697,161.8907012939453,146800,0.0,0.0
2009-07-10 00:00:00+09:00,161.7164126536885,161.7164126536885,158.5796718910092,159.45098876953125,84400,0.0,0.0
2009-07-13 00:00:00+09:00,158.57968187707615,160.32231574385722,153.351780276733,154.92015075683594,85600,0.0,0.0
2009-07-14 00:00:00+09:00,156.66278645000625,157.70836678226436,155.44294272903846,157.5341033935547,106400,0.0,0.0
2009-07-15 00:00:00+09:00,157.3598415629069,157.70836834377712,155.44294426812067,156.83705139160156,51200,0.0,0.0
2009-07-16 00:00:00+09:00,158.75395681277266,158.75395681277266,155.26868882566458,156.6627960205078,64800,0.0,0.0
2009-07-17 00:00:00+09:00,156.1399944635827,157.18557478365133,154.92015075683594,154.92015075683594,71600,0.0,0.0
2009-07-21 00:00:00+09:00,155.96572875976562,157.70836260065684,155.09441183932,155.96572875976562,140400,0.0,0.0
2009-07-22 00:00:00+09:00,155.96576011461212,156.1400235337346,155.26870643812225,155.6172332763672,83600,0.0,0.0
2009-07-23 00:00:00+09:00,155.6172107816277,156.31426435735727,155.09442059983053,155.4429473876953,102400,0.0,0.0
2009-07-24 00:00:00+09:00,155.61721157116835,156.14000175561796,154.39736780745258,155.09442138671875,142800,0.0,0.0
2009-07-27 00:00:00+09:00,156.48852152551325,158.57968216950673,156.3142581385138,158.2311553955078,213200,0.0,0.0
2009-07-28 00:00:00+09:00,157.3598415629069,158.05689512464735,155.965734439426,156.83705139160156,207600,0.0,0.0
2009-07-29 00:00:00+09:00,153.52604394652246,158.2311553955078,151.60914668952842,158.2311553955078,315200,0.0,0.0
2009-07-30 00:00:00+09:00,156.48851586021854,157.7083595250532,155.96572571814653,157.35983276367188,41600,0.0,0.0
2009-07-31 00:00:00+09:00,157.35981023073725,157.35981023073725,154.7458598946785,157.185546875,104400,0.0,0.0
2009-08-03 00:00:00+09:00,156.83707386486805,157.18560069567886,155.965756787841,157.01133728027344,54000,0.0,0.0
2009-08-04 00:00:00+09:00,156.8370201635255,158.579653720898,155.094386606153,157.185546875,318000,0.0,0.0
2009-08-05 00:00:00+09:00,157.88262939453125,159.6252632730581,156.48852229170978,157.88262939453125,72800,0.0,0.0
2009-08-06 00:00:00+09:00,159.62530517578125,159.97383204297728,156.488563371017,159.62530517578125,85600,0.0,0.0
2009-08-07 00:00:00+09:00,157.88265269579807,158.57970635008417,156.83707221436896,157.70838928222656,80000,0.0,0.0
2009-08-10 00:00:00+09:00,157.8826286215089,158.2311553955078,157.01131168651162,158.2311553955078,58800,0.0,0.0
2009-08-11 00:00:00+09:00,158.23115617023663,158.57968294594198,157.01131245526784,157.88262939453125,38000,0.0,0.0
2009-08-12 00:00:00+09:00,157.53410107958447,158.57968139648438,155.44294044578467,158.57968139648438,113600,0.0,0.0
2009-08-13 00:00:00+09:00,157.70835501248717,159.45098876953125,156.66277475826075,159.45098876953125,105200,0.0,0.0
2009-08-14 00:00:00+09:00,161.19364285417336,162.41348663793468,160.32232586577243,160.6708526611328,265200,0.0,0.0
2009-08-17 00:00:00+09:00,160.32230191617398,163.9818327207823,159.62524842958192,161.19361877441406,62400,0.0,0.0
2009-08-18 00:00:00+09:00,161.19361877441406,164.67888620737435,158.92819494298985,161.19361877441406,40400,0.0,0.0
2009-08-19 00:00:00+09:00,161.54216726895035,162.06495745428677,160.49658689827754,161.7164306640625,26800,0.0,0.0
2009-08-20 00:00:00+09:00,162.41347724640346,164.85316467285156,161.1936335331794,164.85316467285156,78400,0.0,0.0
2009-08-21 00:00:00+09:00,164.67891733525164,165.02744414442677,162.06496626643812,164.50465393066406,124000,0.0,0.0
2009-08-24 00:00:00+09:00,164.5046437057023,169.03549194335938,163.80759013067814,169.03549194335938,136400,0.0,0.0
2009-08-25 00:00:00+09:00,170.0810795792836,170.952396585325,169.0354991720339,169.2097625732422,72400,0.0,0.0
2009-08-26 00:00:00+09:00,165.72448214088996,172.34649089099915,165.72448214088996,171.4751739501953,130400,0.0,0.0
2009-08-27 00:00:00+09:00,171.82371360701745,173.9148744217073,171.6494502057933,172.52076721191406,76400,0.0,0.0
2009-08-28 00:00:00+09:00,173.04356940810334,173.91488647460938,172.52077916819968,173.91488647460938,74000,0.0,0.0
2009-08-31 00:00:00+09:00,173.9148744217073,174.61192802660395,171.6494502057933,172.52076721191406,173600,0.0,0.0
2009-09-02 00:00:00+09:00,172.5207871539423,173.74063110351562,171.300943204369,173.74063110351562,54400,0.0,0.0
2009-09-03 00:00:00+09:00,171.64942932128906,172.52074622139713,170.42958566113776,171.64942932128906,32000,0.0,0.0
2009-09-04 00:00:00+09:00,172.52075584567322,172.52075584567322,169.90680499952666,170.7781219482422,34800,0.0,0.0
2009-09-07 00:00:00+09:00,171.64942932128906,172.34648284137552,171.64942932128906,171.64942932128906,37200,0.0,0.0
2009-09-08 00:00:00+09:00,171.6494300819001,172.17222022428152,170.08105965475585,171.3009033203125,29600,0.0,0.0
2009-09-09 00:00:00+09:00,170.952371566022,171.30089831743084,168.1641575547515,170.0810546875,48400,0.0,0.0
2009-09-10 00:00:00+09:00,170.77812039755224,171.82370072651685,169.03548651594457,171.4751739501953,38000,0.0,0.0
2009-09-11 00:00:00+09:00,171.9979610289297,172.86927795410156,171.64943425886094,172.86927795410156,53200,0.0,0.0
2009-09-14 00:00:00+09:00,172.52076721191406,177.74866924863875,171.47518680456912,172.52076721191406,131600,0.0,0.0
2009-09-15 00:00:00+09:00,171.99797305297852,175.13471420288084,171.99797305297852,174.26339721679688,72000,0.0,0.0
2009-09-16 00:00:00+09:00,173.56633149423908,173.74059487927346,172.69501456906718,172.86927795410156,64000,0.0,0.0
2009-09-17 00:00:00+09:00,172.3465038106899,173.2178208168107,170.7781331996725,172.52076721191406,84800,0.0,0.0
2009-09-18 00:00:00+09:00,176.00601888472033,176.00601888472033,172.34648779899842,172.86927795410156,72800,0.0,0.0
2009-09-21 00:00:00+09:00,172.86927795410156,172.86927795410156,172.86927795410156,172.86927795410156,0,0.0,0.0
2009-09-24 00:00:00+09:00,173.0435582211143,176.00603605571544,172.52076801500823,175.48324584960938,118000,0.0,0.0
2009-09-25 00:00:00+09:00,171.64942932128906,172.52074622139713,170.778112421181,171.64942932128906,192000,0.0,0.0
2009-09-28 00:00:00+09:00,168.16417561441628,169.9068095586071,161.367903232072,165.37596130371094,102000,0.0,0.0
2009-09-29 00:00:00+09:00,167.29284630638378,171.64943084561253,167.29284630638378,170.95237731933594,136400,0.0,0.0
2009-09-30 00:00:00+09:00,170.7781139377668,172.52074775345827,170.7781139377668,170.95237731933594,61600,0.0,0.0
2009-10-01 00:00:00+09:00,171.1266607987253,172.1722412109375,170.7781339946546,172.1722412109375,65600,0.0,0.0
2009-10-02 00:00:00+09:00,168.68696437254854,169.38401794433594,167.4671206219206,169.38401794433594,40800,0.0,0.0
2009-10-05 00:00:00+09:00,169.20974990410534,171.99796411467761,167.8156427988192,171.4751739501953,72800,0.0,0.0
2009-10-06 00:00:00+09:00,170.25533663393153,172.52076076519162,169.03549287094535,171.9979705810547,54000,0.0,0.0
2009-10-07 00:00:00+09:00,170.25532379305935,172.17222099031997,169.55827026678273,170.95237731933594,17600,0.0,0.0
2009-10-08 00:00:00+09:00,170.08108601971574,170.08108601971574,169.5582957962945,169.73255920410156,6000,0.0,0.0
2009-10-09 00:00:00+09:00,168.68695605775847,169.7325363639016,165.89874190804343,166.2472686767578,41200,0.0,0.0
2009-10-13 00:00:00+09:00,166.24729279238343,167.29287325019715,165.55023915384092,165.72450256347656,43600,0.0,0.0
2009-10-14 00:00:00+09:00,165.7244792906176,166.77005960159943,165.55021590545397,165.89874267578125,16800,0.0,0.0
2009-10-15 00:00:00+09:00,165.55021170720315,165.55021170720315,163.98184128050335,164.3303680419922,24800,0.0,0.0
2009-10-16 00:00:00+09:00,164.6789036202938,164.6789036202938,163.2847964996987,163.80758666992188,56000,0.0,0.0
2009-10-19 00:00:00+09:00,163.28480122007173,163.45906461518388,160.49658689827754,161.7164306640625,237200,0.0,0.0
2009-10-20 00:00:00+09:00,161.19361877441406,161.54214551771008,160.32230191617398,161.19361877441406,41600,0.0,0.0
2009-10-21 00:00:00+09:00,159.45098876953125,161.1936225265753,158.5796718910092,159.45098876953125,60800,0.0,0.0
2009-10-22 00:00:00+09:00,158.57967339022622,162.06494093726417,158.57967339022622,158.75393676757812,18800,0.0,0.0
2009-10-23 00:00:00+09:00,159.27674469390473,161.71643224939123,158.75395450344334,161.01937866210938,10800,0.0,0.0
2009-10-26 00:00:00+09:00,161.01939309698972,161.367919921875,160.3223394472192,161.367919921875,37600,0.0,0.0
2009-10-27 00:00:00+09:00,161.36792240972105,161.36792240972105,160.3223419189453,160.3223419189453,23600,0.0,0.0
2009-10-28 00:00:00+09:00,161.19361877441406,161.36788214606207,160.32230191617398,161.19361877441406,50000,0.0,0.0
2009-10-29 00:00:00+09:00,160.49660533407462,161.19365899459177,160.3223419189453,160.3223419189453,24800,0.0,0.0
2009-10-30 00:00:00+09:00,161.01937866210938,161.71643224939123,161.01937866210938,161.01937866210938,16000,0.0,0.0
2009-11-02 00:00:00+09:00,160.32231864142236,160.49658203125,160.32231864142236,160.49658203125,18000,0.0,0.0
2009-11-04 00:00:00+09:00,160.496565287822,162.06493563265414,160.496565287822,161.19361877441406,34800,0.0,0.0
2009-11-05 00:00:00+09:00,162.76197814941406,162.93624150931709,162.58771478951107,162.76197814941406,11600,0.0,0.0
2009-11-06 00:00:00+09:00,163.8075906076739,163.8075906076739,160.6708495109312,162.06495666503906,22000,0.0,0.0
2009-11-09 00:00:00+09:00,163.80759469744243,163.80759469744243,163.63333129882812,163.63333129882812,58800,0.0,0.0
2009-11-10 00:00:00+09:00,164.67889404296875,164.8531574229084,164.33036728308946,164.67889404296875,158800,0.0,0.0
2009-11-11 00:00:00+09:00,164.85317912685218,165.3759693354997,163.8075987095571,165.2017059326172,13600,0.0,0.0
2009-11-12 00:00:00+09:00,164.67889004066342,164.67889004066342,158.75393526671363,159.45098876953125,43200,0.0,0.0
2009-11-13 00:00:00+09:00,158.57970776765242,160.6708687492039,158.57970776765242,160.3223419189453,116400,0.0,0.0
2009-11-16 00:00:00+09:00,160.32230564805326,161.01935915087088,159.45098876953125,159.45098876953125,30000,0.0,0.0
2009-11-17 00:00:00+09:00,158.57968139648438,160.3223152579842,158.57968139648438,158.57968139648438,23200,0.0,0.0
2009-11-18 00:00:00+09:00,156.83705533488413,157.7083723089668,155.09442138671875,155.09442138671875,25200,0.0,0.0
2009-11-19 00:00:00+09:00,151.6091366141183,153.17750699288504,149.86650285993304,152.48045349121094,25600,0.0,0.0
2009-11-20 00:00:00+09:00,153.3517703683036,155.09440412248884,151.78339998953683,152.48045349121094,108800,0.0,0.0
2009-11-24 00:00:00+09:00,158.57967952110246,158.57967952110246,155.09441183932,155.96572875976562,26400,0.0,0.0
2009-11-25 00:00:00+09:00,153.35178358289932,157.70836834377712,153.35178358289932,156.83705139160156,38000,0.0,0.0
2009-11-26 00:00:00+09:00,156.83705139160156,156.83705139160156,156.66278800116646,156.83705139160156,4000,0.0,0.0
2009-11-27 00:00:00+09:00,155.9657424230862,156.8370594198632,153.35179143275516,156.6627960205078,65600,0.0,0.0
2009-11-30 00:00:00+09:00,153.5260413825179,156.66278229612212,153.5260413825179,155.96572875976562,22800,0.0,0.0
2009-12-01 00:00:00+09:00,156.66278800116646,157.88263173421225,153.35178358289932,156.83705139160156,70000,0.0,0.0
2009-12-02 00:00:00+09:00,156.83704753498455,158.57968139648438,156.1399939903846,158.57968139648438,21200,0.0,0.0
2009-12-03 00:00:00+09:00,156.8370539152348,159.97379499353949,156.8370539152348,159.10247802734375,32000,0.0,0.0
2009-12-04 00:00:00+09:00,158.57970635008417,159.10249659079872,157.185599041512,157.70838928222656,27200,0.0,0.0
2009-12-07 00:00:00+09:00,158.57968139648438,160.84510541643414,157.35983769343449,158.57968139648438,70000,0.0,0.0
2009-12-08 00:00:00+09:00,158.5796887797694,163.8075906076739,158.5796887797694,162.06495666503906,49600,0.0,0.0
2009-12-09 00:00:00+09:00,161.89070049085115,162.9362809030633,161.89070049085115,162.23922729492188,24000,0.0,0.0
2009-12-10 00:00:00+09:00,162.93627683097523,162.93627683097523,160.6708526611328,160.6708526611328,6800,0.0,0.0
2009-12-11 00:00:00+09:00,161.19365587224004,162.06497293100892,157.88265104891835,158.4054412841797,20800,0.0,0.0
2009-12-14 00:00:00+09:00,162.06492542708892,163.8075590338318,161.19360862371747,162.4134521484375,57600,0.0,0.0
2009-12-15 00:00:00+09:00,162.93627602713448,162.93627602713448,159.4510080907252,161.01937866210938,9600,0.0,0.0
2009-12-16 00:00:00+09:00,163.2847964996987,164.6789036202938,162.93626971954993,163.80758666992188,65200,0.0,0.0
2009-12-17 00:00:00+09:00,164.67889480348103,164.67889480348103,163.8075778997589,164.3303680419922,94000,0.0,0.0
2009-12-18 00:00:00+09:00,163.80759791324013,165.55023193359375,163.80759791324013,165.55023193359375,50000,0.0,0.0
2009-12-21 00:00:00+09:00,165.5502432844464,165.5502432844464,163.80760914461013,163.98187255859375,42800,0.0,0.0
2009-12-22 00:00:00+09:00,165.55022469813002,165.55022469813002,163.2848005706819,165.37596130371094,38800,0.0,0.0
2009-12-24 00:00:00+09:00,165.5502327383822,165.5502327383822,163.8075987095571,165.2017059326172,32400,0.0,0.0
2009-12-25 00:00:00+09:00,165.55023193359375,166.42154894377055,164.50465152138156,165.55023193359375,34000,0.0,0.0
2009-12-28 00:00:00+09:00,167.2928611454002,167.98991473350603,165.5502271751356,167.64138793945312,28400,0.0,0.0
2009-12-29 00:00:00+09:00,167.46712613354646,167.6413895322286,165.72449214672497,166.9443359375,25600,0.0,0.0
2009-12-30 00:00:00+09:00,168.68698893889453,171.82373046875,168.68698893889453,171.82373046875,91200,0.0,0.0
2010-01-04 00:00:00+09:00,171.82369270131068,174.26338002161327,168.68695186092162,171.64942932128906,26400,0.0,0.0
2010-01-05 00:00:00+09:00,170.77812681806847,172.172233975767,170.77812681806847,171.9979705810547,17600,0.0,0.0
2010-01-06 00:00:00+09:00,174.08915794625088,174.08915794625088,169.38404556932517,173.74063110351562,45200,0.0,0.0
2010-01-07 00:00:00+09:00,171.30092896121232,173.39208984375,169.03550467179647,173.39208984375,28800,0.0,0.0
2010-01-08 00:00:00+09:00,172.52075997594633,172.52075997594633,170.77812603679538,172.34649658203125,20000,0.0,0.0
2010-01-12 00:00:00+09:00,172.3465038106899,173.39208421803485,170.7781331996725,172.52076721191406,17200,0.0,0.0
2010-01-13 00:00:00+09:00,171.6494316124453,171.6494316124453,170.60385131835938,170.60385131835938,7200,0.0,0.0
2010-01-14 00:00:00+09:00,171.64944205264496,171.64944205264496,169.38401794433594,169.38401794433594,7600,0.0,0.0
2010-01-15 00:00:00+09:00,169.2097625732422,169.2097625732422,169.2097625732422,169.2097625732422,1200,0.0,0.0
2010-01-18 00:00:00+09:00,169.03550557287323,171.12666646655825,169.03550557287323,169.73255920410156,27200,0.0,0.0
2010-01-19 00:00:00+09:00,169.20974082000984,169.20974082000984,168.5126873047884,168.68695068359375,9200,0.0,0.0
2010-01-20 00:00:00+09:00,170.08105890109454,171.64942932128906,168.33842510087842,171.64942932128906,15200,0.0,0.0
2010-01-21 00:00:00+09:00,172.17220342726935,172.17220342726935,168.33840942382812,168.33840942382812,23200,0.0,0.0
2010-01-22 00:00:00+09:00,169.03549194335938,171.64944284969997,166.42154103701876,169.03549194335938,37200,0.0,0.0
2010-01-25 00:00:00+09:00,169.03551358480738,171.64946482580956,166.4215623438052,169.5583038330078,58000,0.0,0.0
2010-01-26 00:00:00+09:00,170.42959516875598,172.17222906618701,170.25533177901286,170.7781219482422,44800,0.0,0.0
2010-01-27 00:00:00+09:00,170.60386817345253,170.77813157301685,169.0354975773738,169.9068145751953,58800,0.0,0.0
2010-01-28 00:00:00+09:00,169.90681937658618,171.64945342147425,169.90681937658618,171.1266632080078,23200,0.0,0.0
2010-01-29 00:00:00+09:00,171.30092661249662,173.0435606573847,171.1266632080078,171.1266632080078,34000,0.0,0.0
2010-02-01 00:00:00+09:00,168.51268430616034,170.77810819031762,168.51268430616034,170.0810546875,24400,0.0,0.0
2010-02-02 00:00:00+09:00,168.68695186092162,172.52074622139713,168.68695186092162,171.64942932128906,40400,0.0,0.0
2010-02-03 00:00:00+09:00,172.52077916819968,173.91488647460938,171.64946210169364,173.91488647460938,86800,0.0,0.0
2010-02-04 00:00:00+09:00,173.74059980696026,174.08912658691406,172.52075607712203,174.08912658691406,58000,0.0,0.0
2010-02-05 00:00:00+09:00,174.08911664159166,174.08911664159166,170.9523758012026,171.64942932128906,34400,0.0,0.0
2010-02-08 00:00:00+09:00,168.16416396549212,170.60385131835938,168.16416396549212,170.60385131835938,12000,0.0,0.0
2010-02-09 00:00:00+09:00,168.16417497457917,170.4295990934077,168.16417497457917,169.03549194335938,2400,0.0,0.0
2010-02-10 00:00:00+09:00,168.164174193708,169.38401794433594,167.29285722897376,169.38401794433594,15200,0.0,0.0
2010-02-12 00:00:00+09:00,169.0354991720339,169.38402597445048,169.0354991720339,169.2097625732422,7200,0.0,0.0
2010-02-15 00:00:00+09:00,171.64942932128906,171.82369270131068,171.64942932128906,171.64942932128906,14800,0.0,0.0
2010-02-16 00:00:00+09:00,169.0354991720339,169.9068161780753,169.0354991720339,169.2097625732422,10400,0.0,0.0
2010-02-17 00:00:00+09:00,169.03550557287323,169.90682261190864,167.29287149480237,169.73255920410156,30400,0.0,0.0
2010-02-18 00:00:00+09:00,169.73251633417038,169.73251633417038,167.29282924107142,168.33840942382812,34000,0.0,0.0
2010-02-19 00:00:00+09:00,168.1641845703125,170.60387222210977,167.9899211666127,168.1641845703125,8400,0.0,0.0
2010-02-22 00:00:00+09:00,169.20975144055424,170.7781219482422,169.03548805081113,170.7781219482422,18400,0.0,0.0
2010-02-23 00:00:00+09:00,168.16417497457917,170.77812588091976,168.16417497457917,169.03549194335938,4800,0.0,0.0
2010-02-24 00:00:00+09:00,168.3384479740123,168.3384479740123,168.1641845703125,168.1641845703125,24400,0.0,0.0
2010-02-25 00:00:00+09:00,168.1641700879312,169.7325405861606,167.81564331054688,167.81564331054688,29200,0.0,0.0
2010-02-26 00:00:00+09:00,168.1641781305325,169.73254870377062,167.64138793945312,167.64138793945312,7200,0.0,0.0
2010-03-01 00:00:00+09:00,165.02743388697044,170.77812588091976,165.02743388697044,169.03549194335938,46400,0.0,0.0
2010-03-02 00:00:00+09:00,168.86122466106804,170.7781219482422,168.86122466106804,170.7781219482422,26000,0.0,0.0
2010-03-03 00:00:00+09:00,168.1641781305325,168.86123171863832,167.2928611454002,167.64138793945312,46800,0.0,0.0
2010-03-04 00:00:00+09:00,167.81564331054688,169.3840138087763,167.81564331054688,167.81564331054688,45200,0.0,0.0
2010-03-05 00:00:00+09:00,167.98990669923904,167.98990669923904,167.81564331054688,167.81564331054688,61600,0.0,0.0
2010-03-08 00:00:00+09:00,168.86122364269983,170.77812091831356,167.81564331054688,167.81564331054688,107600,0.0,0.0
2010-03-09 00:00:00+09:00,167.98991158082313,169.03549194335938,167.81564818706707,169.03549194335938,39200,0.0,0.0
2010-03-10 00:00:00+09:00,167.81564818706707,170.60386248716372,166.94433121828686,169.03549194335938,153600,0.0,0.0
2010-03-11 00:00:00+09:00,166.77007174491882,168.16417892773944,166.77007174491882,167.29286193847656,48000,0.0,0.0
2010-03-12 00:00:00+09:00,168.86119951520647,169.03546287899925,167.81561933244978,168.33840942382812,14800,0.0,0.0
2010-03-15 00:00:00+09:00,165.72449135780334,167.98991552988687,165.72449135780334,167.29286193847656,51600,0.0,0.0
2010-03-16 00:00:00+09:00,166.42154494921365,168.68696912129718,166.24728155136108,167.29286193847656,54800,0.0,0.0
2010-03-17 00:00:00+09:00,166.42155213609075,168.51271300062803,166.42155213609075,167.46713256835938,64800,0.0,0.0
2010-03-18 00:00:00+09:00,167.29285314447043,168.1641700879312,167.29285314447043,167.81564331054688,73200,0.0,0.0
2010-03-19 00:00:00+09:00,167.29286035561464,167.9899139404297,167.29286035561464,167.9899139404297,53600,0.0,0.0
2010-03-23 00:00:00+09:00,167.4671237518184,167.9899139404297,167.29286035561464,167.9899139404297,16800,0.0,0.0
2010-03-24 00:00:00+09:00,167.64138793945312,167.98991473350603,167.2928611454002,167.64138793945312,24400,0.0,0.0
2010-03-25 00:00:00+09:00,167.98991080076115,169.38401794433594,167.98991080076115,169.38401794433594,25600,0.0,0.0
2010-03-26 00:00:00+09:00,169.38402839621114,169.38402839621114,168.1641845703125,168.1641845703125,17200,0.0,0.0
2010-03-29 00:00:00+09:00,168.51267278762091,168.68693615141368,168.16414606003534,168.33840942382812,18000,0.0,0.0
2010-03-30 00:00:00+09:00,169.03547443327355,170.0810546875,169.03547443327355,170.0810546875,39200,0.0,0.0
2010-03-31 00:00:00+09:00,168.68697397415494,169.90681779421598,168.16418376555734,168.51271057128906,92400,0.0,0.0
2010-04-01 00:00:00+09:00,168.33840942382812,168.33840942382812,168.16414606003534,168.33840942382812,7200,0.0,0.0
2010-04-02 00:00:00+09:00,168.51270176209124,169.2097553371154,168.16417497457917,169.03549194335938,50400,0.0,0.0
2010-04-05 00:00:00+09:00,168.33842392598302,169.03547744120448,168.16416054717766,168.68695068359375,62800,0.0,0.0
2010-04-06 00:00:00+09:00,169.03549194335938,169.03549194335938,168.8612285496033,169.03549194335938,17200,0.0,0.0
2010-04-07 00:00:00+09:00,168.33843758665486,169.9068081231765,168.33843758665486,169.38401794433594,50800,0.0,0.0
2010-04-08 00:00:00+09:00,169.90683066514143,169.90683066514143,169.03551358480738,169.5583038330078,10800,0.0,0.0
2010-04-09 00:00:00+09:00,168.68696515584728,169.2097553371154,168.3384383683352,169.03549194335938,48400,0.0,0.0
2010-04-12 00:00:00+09:00,169.03549194335938,170.4295990934077,168.68696515584728,169.03549194335938,30800,0.0,0.0
2010-04-13 00:00:00+09:00,169.20975221349173,170.42959594726562,169.20975221349173,170.42959594726562,8800,0.0,0.0
2010-04-14 00:00:00+09:00,170.25533177901286,170.95238533798528,168.51269788158183,170.7781219482422,36800,0.0,0.0
2010-04-15 00:00:00+09:00,170.7781219482422,171.6494388969577,169.38401483029733,170.7781219482422,77200,0.0,0.0
2010-04-16 00:00:00+09:00,171.4751755072146,171.8237022867008,167.2928541533801,170.7781219482422,111600,0.0,0.0
2010-04-19 00:00:00+09:00,169.0354808772304,171.12664146540234,168.6869541125351,170.60385131835938,49200,0.0,0.0
2010-04-20 00:00:00+09:00,171.47516823009767,171.99795837714063,170.4295879360117,170.60385131835938,64000,0.0,0.0
2010-04-21 00:00:00+09:00,169.90679778896873,171.12664146540234,169.5582710242734,170.60385131835938,54800,0.0,0.0
2010-04-22 00:00:00+09:00,170.08106838926977,171.6494388969577,170.08106838926977,170.7781219482422,34000,0.0,0.0
2010-04-23 00:00:00+09:00,172.1722298526569,172.1722298526569,169.0354888229526,170.42959594726562,20000,0.0,0.0
2010-04-26 00:00:00+09:00,170.778112421181,171.64942932128906,167.29284482074874,171.64942932128906,102400,0.0,0.0
2010-04-27 00:00:00+09:00,169.38401483029733,170.7781219482422,169.38401483029733,170.7781219482422,46000,0.0,0.0
2010-04-28 00:00:00+09:00,169.90679778896873,171.12664146540234,168.16416396549212,170.60385131835938,106400,0.0,0.0
2010-04-30 00:00:00+09:00,171.82369270131068,173.3920631215052,166.42152792064067,171.64942932128906,231600,0.0,0.0
2010-05-06 00:00:00+09:00,170.08109628549695,171.82373046875,168.1641986839186,171.82373046875,103200,0.0,0.0
2010-05-07 00:00:00+09:00,169.20976337633635,170.08108038651315,166.94433914987664,168.86123657226562,108800,0.0,0.0
2010-05-10 00:00:00+09:00,167.29286193847656,167.29286193847656,166.9443351427714,167.29286193847656,49600,0.0,0.0
2010-05-11 00:00:00+09:00,167.29286755181346,168.1641845703125,167.29286755181346,168.1641845703125,40400,0.0,0.0
2010-05-12 00:00:00+09:00,166.4215433745958,168.512704129041,166.4215433745958,167.9899139404297,152400,0.0,0.0
2010-05-13 00:00:00+09:00,166.77007095432083,168.51270492458542,166.59580755729436,167.64138793945312,61600,0.0,0.0
2010-05-14 00:00:00+09:00,166.94434478919544,166.94434478919544,165.5502375258201,166.4215545654297,56800,0.0,0.0
2010-05-17 00:00:00+09:00,165.5502245503087,167.29285849294354,157.708371808452,162.06495666503906,104400,0.0,0.0
2010-05-18 00:00:00+09:00,161.19361877441406,161.36788214606207,161.19361877441406,161.19361877441406,6000,0.0,0.0
2010-05-19 00:00:00+09:00,161.36791028474505,162.9362809030633,161.01938348067435,162.23922729492188,18800,0.0,0.0
2010-05-20 00:00:00+09:00,162.06495666503906,163.8075906076739,160.32232272240424,162.06495666503906,20800,0.0,0.0
2010-05-21 00:00:00+09:00,159.45100481382204,161.54216553269183,158.5796878476263,159.10247802734375,45200,0.0,0.0
2010-05-24 00:00:00+09:00,159.27672464584967,160.496568270052,159.27672464584967,159.7995147705078,24000,0.0,0.0
2010-05-25 00:00:00+09:00,159.27674142058288,159.6252682070612,158.9282146341046,159.10247802734375,21200,0.0,0.0
2010-05-26 00:00:00+09:00,159.27672539382684,161.1936225265753,158.75393526671363,159.45098876953125,34000,0.0,0.0
2010-05-27 00:00:00+09:00,159.4509983272343,159.4509983272343,158.57968139648438,158.57968139648438,7600,0.0,0.0
2010-05-28 00:00:00+09:00,159.6252691453503,162.06495666503906,159.6252691453503,162.06495666503906,21600,0.0,0.0
2010-05-31 00:00:00+09:00,161.19363874621354,161.19363874621354,159.10247802734375,159.10247802734375,8000,0.0,0.0
2010-06-01 00:00:00+09:00,160.49658926345262,160.6708526611328,160.49658926345262,160.6708526611328,8400,0.0,0.0
2010-06-02 00:00:00+09:00,161.1936042264895,161.71639429425107,157.0112836843968,160.84507751464844,19200,0.0,0.0
2010-06-03 00:00:00+09:00,161.01935540276605,161.19361877441406,160.14803854452597,161.19361877441406,7200,0.0,0.0
2010-06-04 00:00:00+09:00,161.89069327077559,162.06495666503906,161.5421664822486,162.06495666503906,56000,0.0,0.0
2010-06-07 00:00:00+09:00,159.45102484329888,161.71644923997962,158.57970776765242,160.3223419189453,16000,0.0,0.0
2010-06-08 00:00:00+09:00,158.4054070307718,160.14804077148438,157.70835353448678,160.14804077148438,19200,0.0,0.0
2010-06-09 00:00:00+09:00,159.45098876953125,160.14804227234887,159.10246201812242,159.45098876953125,4800,0.0,0.0
2010-06-10 00:00:00+09:00,159.10247261187277,161.5421600341797,158.7539458372575,161.5421600341797,17200,0.0,0.0
2010-06-11 00:00:00+09:00,161.54217448814566,161.8907012939453,161.36791108524582,161.8907012939453,4000,0.0,0.0
2010-06-14 00:00:00+09:00,159.2767239011281,161.36788438998315,159.2767239011281,160.14804077148438,62400,0.0,0.0
2010-06-15 00:00:00+09:00,160.49658847164798,161.01937866210938,160.49658847164798,161.01937866210938,3200,0.0,0.0
2010-06-16 00:00:00+09:00,161.36791108524582,161.8907012939453,160.3223306678468,161.8907012939453,12400,0.0,0.0
2010-06-17 00:00:00+09:00,161.89067226100613,161.89067226100613,159.4509850579339,161.19361877441406,10800,0.0,0.0
2010-06-18 00:00:00+09:00,161.19363874621354,161.19363874621354,159.10247802734375,159.10247802734375,7600,0.0,0.0
2010-06-21 00:00:00+09:00,157.53412586865502,158.57970635008417,156.83707221436896,157.70838928222656,44000,0.0,0.0
2010-06-22 00:00:00+09:00,158.57970635008417,158.57970635008417,157.70838928222656,157.70838928222656,16800,0.0,0.0
2010-06-23 00:00:00+09:00,158.23117952294112,158.23117952294112,157.185599041512,157.70838928222656,21600,0.0,0.0
2010-06-24 00:00:00+09:00,157.70836834377712,157.70836834377712,155.965734439426,156.83705139160156,34400,0.0,0.0
2010-06-25 00:00:00+09:00,156.6627960205078,156.8370594198632,156.31426922179702,156.6627960205078,8400,0.0,0.0
2010-06-28 00:00:00+09:00,156.488533419776,156.66279682002073,155.96574321904177,156.31427001953125,13200,0.0,0.0
2010-06-29 00:00:00+09:00,156.66278878192858,157.18557895583936,155.96573521671422,156.488525390625,27600,0.0,0.0
2010-06-30 00:00:00+09:00,155.965734439426,156.83705139160156,155.7914710489909,156.83705139160156,6800,0.0,0.0
2010-07-01 00:00:00+09:00,156.83705139160156,156.83705139160156,156.83705139160156,156.83705139160156,2800,0.0,0.0
2010-07-02 00:00:00+09:00,156.83705217323217,156.83705217323217,155.26868165149986,156.488525390625,20800,0.0,0.0
2010-07-05 00:00:00+09:00,155.26868399376292,156.83705453915445,155.26868399376292,155.4429473876953,16800,0.0,0.0
2010-07-06 00:00:00+09:00,155.09442138671875,155.26868478153528,154.74589459708565,155.09442138671875,26400,0.0,0.0
2010-07-07 00:00:00+09:00,154.22310837832364,154.22310837832364,153.35179138183594,153.35179138183594,23600,0.0,0.0
2010-07-08 00:00:00+09:00,153.87458157972856,155.61721557270397,151.9576841874556,153.35179138183594,63200,0.0,0.0
2010-07-09 00:00:00+09:00,152.30621499247934,152.4804783963609,151.08637116530846,151.60916137695312,27200,0.0,0.0
2010-07-12 00:00:00+09:00,151.78339998953683,154.22308724539621,151.78339998953683,152.48045349121094,21200,0.0,0.0
2010-07-13 00:00:00+09:00,151.60914689165108,151.78341027888285,151.2606201171875,151.2606201171875,11200,0.0,0.0
2010-07-14 00:00:00+09:00,152.3062286376953,152.48049205718925,151.60917495971958,152.3062286376953,3200,0.0,0.0
2010-07-15 00:00:00+09:00,152.13194512495946,152.13194512495946,151.08636474609375,151.08636474609375,17600,0.0,0.0
2010-07-16 00:00:00+09:00,151.26062814257136,151.60915493552662,150.91210134961614,151.08636474609375,20000,0.0,0.0
2010-07-21 00:00:00+09:00,149.5179885545629,150.5635688941053,149.34372516463915,150.2150421142578,4800,0.0,0.0
2010-07-22 00:00:00+09:00,149.86648630706858,151.26059315643667,148.99516952621354,149.51795959472656,15200,0.0,0.0
2010-07-23 00:00:00+09:00,150.5635914189238,151.2606450829003,150.21506458693557,150.3893280029297,18400,0.0,0.0
2010-07-26 00:00:00+09:00,150.73785650855032,151.60917359819513,149.69227600097656,149.69227600097656,28800,0.0,0.0
2010-07-27 00:00:00+09:00,149.86651611328125,149.86651611328125,149.51798933162246,149.86651611328125,7600,0.0,0.0
2010-07-28 00:00:00+09:00,150.21504289494004,150.21504289494004,149.69225272245185,149.86651611328125,18000,0.0,0.0
2010-07-29 00:00:00+09:00,149.69224624900863,149.866509632302,149.34371948242188,149.34371948242188,10000,0.0,0.0
2010-07-30 00:00:00+09:00,149.86653383777627,149.86653383777627,148.2981631348228,148.82095336914062,34400,0.0,0.0
2010-08-02 00:00:00+09:00,144.63864563732614,148.12391420690025,139.41074278296495,142.89601135253906,27200,0.0,0.0
2010-08-03 00:00:00+09:00,145.50994069952714,145.50994069952714,142.0246726588199,142.37319946289062,17600,0.0,0.0
2010-08-04 00:00:00+09:00,142.37318497172163,142.72171174031826,141.8503948188267,142.024658203125,17200,0.0,0.0
2010-08-05 00:00:00+09:00,142.547462864926,143.59304327713815,142.0246726588199,142.37319946289062,13200,0.0,0.0
2010-08-06 00:00:00+09:00,143.76729857950747,144.11582536394263,142.37319144176678,142.54745483398438,9200,0.0,0.0
2010-08-09 00:00:00+09:00,144.11583026308,144.98714725378787,142.54745967980585,143.76730346679688,12000,0.0,0.0
2010-08-10 00:00:00+09:00,143.07023658752442,146.38124084472656,141.15333938598633,146.38124084472656,29600,0.0,0.0
2010-08-11 00:00:00+09:00,147.07830008783284,147.2525634765625,146.38124653291422,147.2525634765625,6400,0.0,0.0
2010-08-12 00:00:00+09:00,144.2900858681583,147.2525634765625,143.76729570196932,147.2525634765625,26400,0.0,0.0
2010-08-13 00:00:00+09:00,147.6010902540218,148.1238804202108,147.2525634765625,147.2525634765625,46000,0.0,0.0
2010-08-16 00:00:00+09:00,147.07830008783284,148.1238804202108,147.07830008783284,147.2525634765625,36400,0.0,0.0
2010-08-17 00:00:00+09:00,147.94960021972656,148.29812695758224,147.94960021972656,147.94960021972656,21200,0.0,0.0
2010-08-18 00:00:00+09:00,147.25256913129022,148.12388610839844,146.381252154182,148.12388610839844,35200,0.0,0.0
2010-08-19 00:00:00+09:00,147.77535931755517,148.47241289924173,147.25256913129022,148.12388610839844,46000,0.0,0.0
2010-08-20 00:00:00+09:00,148.1238635886544,148.47239032651007,147.94960021972656,147.94960021972656,9200,0.0,0.0
2010-08-23 00:00:00+09:00,146.38122772752192,148.99517822265625,146.38122772752192,148.99517822265625,9200,0.0,0.0
2010-08-24 00:00:00+09:00,148.12388778421922,153.177526308622,147.2525707972532,150.7378387451172,15600,0.0,0.0
2010-08-25 00:00:00+09:00,148.2981407102918,150.91209148661892,147.25256039976094,148.64666748046875,18400,0.0,0.0
2010-08-26 00:00:00+09:00,147.25254455923337,148.99517822265625,147.25254455923337,148.99517822265625,12000,0.0,0.0
2010-08-27 00:00:00+09:00,148.12388610839844,148.47241289924173,147.25256913129022,148.12388610839844,24800,0.0,0.0
2010-08-30 00:00:00+09:00,148.12388610839844,149.34372987634995,147.42683252671188,148.12388610839844,18400,0.0,0.0
2010-08-31 00:00:00+09:00,146.381252154182,148.12388610839844,144.63861819996555,148.12388610839844,12000,0.0,0.0
2010-09-01 00:00:00+09:00,146.38123857214094,148.12387236466645,146.38123857214094,147.42681884765625,10400,0.0,0.0
2010-09-02 00:00:00+09:00,146.38124653291422,147.6010902540218,146.38124653291422,147.2525634765625,34400,0.0,0.0
2010-09-03 00:00:00+09:00,144.63860702514648,147.2525577545166,144.63860702514648,146.38124084472656,130400,0.0,0.0
2010-09-06 00:00:00+09:00,144.98714173309,147.2525658226695,144.63861495007777,146.2069854736328,22000,0.0,0.0
2010-09-07 00:00:00+09:00,144.98712958784597,145.50991971857138,144.63860283402903,144.8128662109375,15600,0.0,0.0
2010-09-08 00:00:00+09:00,145.50993989930802,146.03273010253906,144.63862289392296,146.03273010253906,21600,0.0,0.0
2010-09-09 00:00:00+09:00,145.68419038332425,146.03271715457623,144.63861006956833,144.9871368408203,42400,0.0,0.0
2010-09-10 00:00:00+09:00,144.63862131440442,147.07830890284015,144.63862131440442,146.7297821044922,48400,0.0,0.0
2010-09-13 00:00:00+09:00,145.85845376895023,145.85845376895023,144.9871368408203,144.9871368408203,24800,0.0,0.0
2010-09-14 00:00:00+09:00,142.5474502011954,145.16140099950584,142.5474502011954,144.63861083984375,36400,0.0,0.0
2010-09-16 00:00:00+09:00,143.94156528008142,144.63861886497284,143.94156528008142,144.46435546875,4000,0.0,0.0
2010-09-17 00:00:00+09:00,144.29008561473782,144.29008561473782,143.94155883789062,143.94155883789062,11200,0.0,0.0
2010-09-21 00:00:00+09:00,143.94156686493844,144.11583026308,143.76730346679688,143.76730346679688,8000,0.0,0.0
2010-09-22 00:00:00+09:00,143.76730667917352,145.6842041015625,143.76730667917352,145.6842041015625,7600,0.0,0.0
2010-09-24 00:00:00+09:00,144.81286890472845,147.25255622682977,144.63860552457837,147.0782928466797,22800,0.0,0.0
2010-09-27 00:00:00+09:00,146.38123857214094,147.77534560616135,146.2069751928884,147.42681884765625,33200,0.0,0.0
2010-09-28 00:00:00+09:00,144.56068586631972,146.35202026367188,141.69455083055627,146.35202026367188,37200,5.75,0.0
2010-09-29 00:00:00+09:00,144.5606910344074,146.3520254958003,141.69455589617874,143.66502380371094,21200,0.0,0.0
2010-09-30 00:00:00+09:00,143.30676960495282,145.09810422501474,142.2319688329157,142.41110229492188,16400,0.0,0.0
2010-10-01 00:00:00+09:00,142.59023575692808,142.59023575692808,142.2319688329157,142.41110229492188,12800,0.0,0.0
2010-10-04 00:00:00+09:00,141.6945753652838,141.6945753652838,141.33630842377866,141.51544189453125,9600,0.0,0.0
2010-10-05 00:00:00+09:00,141.33632368286604,141.33632368286604,139.1867218017578,139.1867218017578,13200,0.0,0.0
2010-10-06 00:00:00+09:00,138.6492825048575,138.6492825048575,138.11188218507124,138.291015625,16800,0.0,0.0
2010-10-07 00:00:00+09:00,141.15714275653548,141.15714275653548,138.47014130812425,139.7240753173828,14000,0.0,0.0
2010-10-08 00:00:00+09:00,139.72410718700553,141.51544189453125,139.72410718700553,141.51544189453125,13200,0.0,0.0
2010-10-12 00:00:00+09:00,141.51543390183224,142.94850158691406,138.82843199230376,142.94850158691406,4800,0.0,0.0
2010-10-13 00:00:00+09:00,140.2614893525354,143.30675795916773,137.93275453569893,143.12762451171875,29200,0.0,0.0
2010-10-14 00:00:00+09:00,141.5154281616211,143.3067626953125,139.18669326782228,143.3067626953125,3200,0.0,0.0
2010-10-15 00:00:00+09:00,142.41110120500838,142.94850158691406,141.69456736246747,142.94850158691406,3200,0.0,0.0
2010-10-18 00:00:00+09:00,142.05283868221835,142.05283868221835,140.08237055421785,140.7989044189453,13200,0.0,0.0
2010-10-19 00:00:00+09:00,140.08237055421785,141.3363048174909,139.7241036218541,140.7989044189453,26000,0.0,0.0
2010-10-20 00:00:00+09:00,139.9032203241722,139.9032203241722,137.93275243228246,139.00755310058594,12400,0.0,0.0
2010-10-21 00:00:00+09:00,139.00755996803056,139.00755996803056,138.1118927001953,138.1118927001953,7600,0.0,0.0
2010-10-22 00:00:00+09:00,138.291015625,138.291015625,138.11188218507124,138.291015625,6400,0.0,0.0
2010-10-25 00:00:00+09:00,138.2910166568037,138.2910166568037,137.7536163330078,137.7536163330078,25600,0.0,0.0
2010-10-26 00:00:00+09:00,137.7536268631617,137.9327603181203,137.57449340820312,137.57449340820312,7200,0.0,0.0
2010-10-27 00:00:00+09:00,137.21618744336448,137.21618744336448,136.49965382747223,136.6787872314453,12000,0.0,0.0
2010-10-28 00:00:00+09:00,136.32058715820312,136.6788541415361,136.14145366653662,136.32058715820312,34800,0.0,0.0
2010-10-29 00:00:00+09:00,136.32054192604514,136.67880879050256,130.23000523026914,130.58827209472656,87200,0.0,0.0
2010-11-01 00:00:00+09:00,129.87173380476705,130.05086723070465,127.54299926757812,127.54299926757812,15200,0.0,0.0
2010-11-02 00:00:00+09:00,127.54302250255238,127.54302250255238,126.10995483398436,126.10995483398438,16400,0.0,0.0
2010-11-04 00:00:00+09:00,126.28907985441674,126.28907985441674,125.21427917480467,125.21427917480469,38400,0.0,0.0
2010-11-05 00:00:00+09:00,125.7516660812748,128.97606777566645,125.5725326538086,125.5725326538086,39600,0.0,0.0
2010-11-08 00:00:00+09:00,127.36388397216797,127.54301742360562,125.57254945779148,127.36388397216797,45600,0.0,0.0
2010-11-09 00:00:00+09:00,127.7221485006398,129.8717498779297,127.7221485006398,129.8717498779297,16800,0.0,0.0
2010-11-10 00:00:00+09:00,129.8717498779297,129.8717498779297,127.36388160442483,129.8717498779297,19200,0.0,0.0
2010-11-11 00:00:00+09:00,129.8717498779297,129.8717498779297,129.8717498779297,129.8717498779297,800,0.0,0.0
2010-11-12 00:00:00+09:00,129.8717698446647,130.0509033203125,129.8717698446647,130.0509033203125,14800,0.0,0.0
2010-11-15 00:00:00+09:00,131.4839471613319,131.66308060433101,128.97607895934468,129.15521240234375,20000,0.0,0.0
2010-11-16 00:00:00+09:00,130.76740824657938,133.45440978589266,130.76740824657938,131.8422088623047,12800,0.0,0.0
2010-11-17 00:00:00+09:00,131.66308435900456,131.84221780711206,128.97608263739224,129.8717498779297,16400,0.0,0.0
2010-11-18 00:00:00+09:00,130.05090106901577,132.02136926703116,130.05090106901577,131.12570190429688,23200,0.0,0.0
2010-11-19 00:00:00+09:00,131.3048306529075,135.06663344105357,130.58829678849872,130.94656372070312,63200,0.0,0.0
2010-11-22 00:00:00+09:00,130.22998524760152,130.94651886657044,130.22998524760152,130.40911865234375,19200,0.0,0.0
2010-11-24 00:00:00+09:00,130.7674186862245,133.99182079081632,130.2300183354592,131.6630859375,10400,0.0,0.0
2010-11-25 00:00:00+09:00,130.76740552695526,131.4839392558701,130.58827209472656,130.58827209472656,4800,0.0,0.0
2010-11-26 00:00:00+09:00,130.94657069855157,132.5587719793819,130.0509033203125,130.0509033203125,22800,0.0,0.0
2010-11-29 00:00:00+09:00,130.5882920774695,130.76742553710938,130.23002515818976,130.76742553710938,4400,0.0,0.0
2010-11-30 00:00:00+09:00,130.2300262451172,130.2300262451172,130.2300262451172,130.2300262451172,3600,0.0,0.0
2010-12-01 00:00:00+09:00,130.2300183354592,131.6630859375,130.05088488520408,131.6630859375,24400,0.0,0.0
2010-12-02 00:00:00+09:00,131.66309283530876,132.0213597545885,130.76742553710938,130.76742553710938,6400,0.0,0.0
2010-12-03 00:00:00+09:00,130.58827209472656,131.12567239141268,130.23000523026914,130.58827209472656,14800,0.0,0.0
2010-12-06 00:00:00+09:00,130.76741711846714,131.3048174627896,129.8717498779297,129.8717498779297,20400,0.0,0.0
2010-12-07 00:00:00+09:00,130.23003679596033,130.76743722290377,130.0509033203125,130.0509033203125,4000,0.0,0.0
2010-12-08 00:00:00+09:00,130.23002515818976,132.55876013350814,130.0508916985499,130.76742553710938,20000,0.0,0.0
2010-12-09 00:00:00+09:00,130.7674072430808,132.55874158887644,130.7674072430808,132.37960815429688,8000,0.0,0.0
2010-12-10 00:00:00+09:00,131.6630791329049,134.35008074786214,130.76741192791914,132.55874633789062,20800,0.0,0.0
2010-12-13 00:00:00+09:00,131.30482591602902,132.0213597545885,130.76742553710938,130.76742553710938,13200,0.0,0.0
2010-12-14 00:00:00+09:00,131.4839641190097,131.4839641190097,130.76743025460092,130.94656372070312,24000,0.0,0.0
2010-12-15 00:00:00+09:00,130.76742553710938,131.30482591602902,130.5882920774695,130.76742553710938,17600,0.0,0.0
2010-12-16 00:00:00+09:00,130.40913866249784,130.58827209472656,130.23000523026914,130.58827209472656,14800,0.0,0.0
2010-12-17 00:00:00+09:00,131.12569245638915,131.30482591602902,130.23002515818976,130.76742553710938,12400,0.0,0.0
2010-12-20 00:00:00+09:00,130.76742553710938,131.30482591602902,130.76742553710938,130.76742553710938,38800,0.0,0.0
2010-12-21 00:00:00+09:00,130.76742553710938,130.94655899674927,130.23002515818976,130.76742553710938,5600,0.0,0.0
2010-12-22 00:00:00+09:00,130.5882920774695,131.12569245638915,130.40915861782963,130.76742553710938,18400,0.0,0.0
2010-12-24 00:00:00+09:00,130.58829678849872,130.94656372070312,130.58829678849872,130.94656372070312,12400,0.0,0.0
2010-12-27 00:00:00+09:00,130.76742553710938,132.0213597545885,129.87175823891002,130.76742553710938,60800,0.0,0.0
2010-12-28 00:00:00+09:00,131.3048306529075,131.84223105121407,130.40916332239655,130.94656372070312,20400,0.0,0.0
2010-12-29 00:00:00+09:00,130.7674244546305,131.4839582872586,130.40915753831644,131.30482482910156,15600,0.0,0.0
2010-12-30 00:00:00+09:00,131.48394199039626,132.20047573421311,131.48394199039626,131.8422088623047,34400,0.0,0.0
2011-01-04 00:00:00+09:00,131.6630859375,131.8422193877551,131.6630859375,131.6630859375,6800,0.0,0.0
2011-01-05 00:00:00+09:00,131.6630791329049,132.55874633789062,130.94654536891628,132.55874633789062,24800,0.0,0.0
2011-01-06 00:00:00+09:00,132.5587176497041,132.91698445416276,130.22998342072282,131.48391723632812,74400,0.0,0.0
2011-01-07 00:00:00+09:00,131.8422193877551,131.8422193877551,131.3048190369898,131.6630859375,15600,0.0,0.0
2011-01-11 00:00:00+09:00,131.12565043186945,131.66305063855745,130.58825022518147,131.48391723632812,20000,0.0,0.0
2011-01-12 00:00:00+09:00,130.76742553710938,131.66309283530876,130.23002515818976,130.76742553710938,60800,0.0,0.0
2011-01-13 00:00:00+09:00,130.76742553710938,131.66309283530876,130.40915861782963,130.76742553710938,24400,0.0,0.0
2011-01-14 00:00:00+09:00,131.30483537684373,132.37963621212486,130.76743495920317,131.12570190429688,17200,0.0,0.0
2011-01-17 00:00:00+09:00,131.30482482910156,131.84222520357264,131.30482482910156,131.30482482910156,1600,0.0,0.0
2011-01-18 00:00:00+09:00,131.8422061203275,131.8422061203275,130.58827209472656,130.58827209472656,16400,0.0,0.0
2011-01-19 00:00:00+09:00,130.94656843175002,131.30483537684373,130.76743495920317,131.12570190429688,15600,0.0,0.0
2011-01-20 00:00:00+09:00,131.1256855867347,131.6630859375,131.1256855867347,131.6630859375,11200,0.0,0.0
2011-01-21 00:00:00+09:00,131.84223579448428,131.84223579448428,130.40916801410947,131.12570190429688,68800,0.0,0.0
2011-01-24 00:00:00+09:00,130.40916332239655,130.94656372070312,130.40916332239655,130.94656372070312,12400,0.0,0.0
2011-01-25 00:00:00+09:00,130.7674186862245,132.5587531887755,130.7674186862245,131.6630859375,18400,0.0,0.0
2011-01-26 00:00:00+09:00,131.84220684699292,132.91700744628906,131.48393998056088,132.91700744628906,12800,0.0,0.0
2011-01-27 00:00:00+09:00,133.09614988628186,137.93275291041326,133.09614988628186,136.14141845703125,32000,0.0,0.0
2011-01-28 00:00:00+09:00,139.724084186926,141.15715171704832,137.03708256794664,137.7536163330078,49200,0.0,0.0
2011-01-31 00:00:00+09:00,140.61974004212664,141.1571403225424,130.05086786061648,132.7378692626953,94800,0.0,0.0
2011-02-01 00:00:00+09:00,131.84222520357264,132.2004921198867,131.30482482910156,131.30482482910156,15200,0.0,0.0
2011-02-02 00:00:00+09:00,133.8126983642578,133.8126983642578,132.55876410917105,133.8126983642578,20400,0.0,0.0
2011-02-03 00:00:00+09:00,134.35009765625,135.60403190104168,134.35009765625,134.35009765625,28400,0.0,0.0
2011-02-04 00:00:00+09:00,134.3500746271541,135.78314208984375,133.09614059730066,135.78314208984375,7200,0.0,0.0
2011-02-07 00:00:00+09:00,134.7083441840278,137.93274603949655,134.7083441840278,137.03707885742188,23200,0.0,0.0
2011-02-08 00:00:00+09:00,137.03708938279078,137.03708938279078,136.49968903227003,136.8579559326172,24800,0.0,0.0
2011-02-09 00:00:00+09:00,137.2162122938368,137.57447916666666,137.03707885742188,137.03707885742188,27200,0.0,0.0
2011-02-10 00:00:00+09:00,137.03708938279078,138.47015698417943,136.14142213192287,136.8579559326172,26400,0.0,0.0
2011-02-14 00:00:00+09:00,136.32055190236946,136.32055190236946,135.96228501169307,136.14141845703125,22800,0.0,0.0
2011-02-15 00:00:00+09:00,135.42488139384503,135.42488139384503,132.55874633789062,132.55874633789062,10400,0.0,0.0
2011-02-16 00:00:00+09:00,136.8579495494584,136.8579495494584,134.35008136399713,134.88748168945312,33600,0.0,0.0
2011-02-17 00:00:00+09:00,134.8875074995325,134.8875074995325,133.6335731668675,134.7083740234375,11600,0.0,0.0
2011-02-18 00:00:00+09:00,134.7083740234375,134.8875074995325,134.1709735951525,134.7083740234375,9200,0.0,0.0
2011-02-21 00:00:00+09:00,134.35007970714955,134.35007970714955,133.0961456298828,133.0961456298828,10800,0.0,0.0
2011-02-22 00:00:00+09:00,132.7378797788878,133.09614666088208,132.55874633789062,132.55874633789062,15200,0.0,0.0
2011-02-23 00:00:00+09:00,132.0213597545885,132.0213597545885,130.76742553710938,130.76742553710938,20000,0.0,0.0
2011-02-24 00:00:00+09:00,130.7674395243327,130.7674395243327,128.97610473632812,128.97610473632812,18800,0.0,0.0
2011-02-25 00:00:00+09:00,128.79698181152344,129.51351578544012,128.61784831804428,128.79698181152344,17200,0.0,0.0
2011-02-28 00:00:00+09:00,128.97608263739224,130.76741711846714,128.97608263739224,129.8717498779297,19600,0.0,0.0
2011-03-01 00:00:00+09:00,129.8717698446647,130.76743722290377,129.51350289336906,130.0509033203125,30800,0.0,0.0
2011-03-02 00:00:00+09:00,130.76741711846714,130.76741711846714,129.5134829817147,129.8717498779297,8400,0.0,0.0
2011-03-03 00:00:00+09:00,129.51347928834193,129.51347928834193,129.15521240234375,129.15521240234375,18000,0.0,0.0
2011-03-04 00:00:00+09:00,129.33435531341848,129.51348876953125,128.97608840119295,129.51348876953125,16800,0.0,0.0
2011-03-07 00:00:00+09:00,129.51347928834193,129.51347928834193,128.79694551634557,129.15521240234375,20000,0.0,0.0
2011-03-08 00:00:00+09:00,128.97611530500262,128.97611530500262,128.79698181152344,128.79698181152344,6800,0.0,0.0
2011-03-09 00:00:00+09:00,128.9760704679862,128.9760704679862,128.25953674316406,128.25953674316406,26000,0.0,0.0
2011-03-10 00:00:00+09:00,128.25956184494663,128.25956184494663,127.18476104736328,127.18476104736328,51600,0.0,0.0
2011-03-11 00:00:00+09:00,126.10992907801419,127.18472960992908,125.93079565602838,126.2890625,24000,0.0,0.0
2011-03-14 00:00:00+09:00,105.68875014781952,117.51155948638916,105.68875014781952,114.64542388916016,202000,0.0,0.0
2011-03-15 00:00:00+09:00,116.43673366970486,118.22806803385417,109.27139621310765,112.85406494140625,180400,0.0,0.0
2011-03-16 00:00:00+09:00,109.27141280104017,112.85408207320542,109.27141280104017,109.45054626464844,62000,0.0,0.0
2011-03-17 00:00:00+09:00,109.09228985895876,109.9879572633837,105.86788720302894,109.27142333984375,58800,0.0,0.0
2011-03-18 00:00:00+09:00,107.48006783279719,111.60013709972108,107.48006783279719,109.62966918945312,22800,0.0,0.0
2011-03-22 00:00:00+09:00,112.13755451652857,119.84029388427733,112.13755451652857,119.84029388427734,30000,0.0,0.0
2011-03-23 00:00:00+09:00,120.01942555943707,120.19855903042131,118.22809084959472,119.48202514648438,11600,0.0,0.0
2011-03-24 00:00:00+09:00,121.09420985890858,121.81074364505596,120.0194091796875,120.0194091796875,5200,0.0,0.0
2011-03-25 00:00:00+09:00,120.01943079630534,120.01943079630534,118.2280960083008,118.22809600830078,13600,0.0,0.0
2011-03-28 00:00:00+09:00,118.40722211863275,122.34815840699873,118.40722211863275,120.55682373046875,18400,0.0,0.0
2011-03-29 00:00:00+09:00,116.97412746653838,121.81072998046875,116.61586061365465,121.81072998046875,10400,0.0,0.0
2011-03-30 00:00:00+09:00,121.81074601890397,122.70641326904297,120.01941151862597,122.70641326904297,8400,0.0,0.0
2011-03-31 00:00:00+09:00,122.7064044448151,124.67687225341797,121.81073725908652,124.67687225341797,5600,0.0,0.0
2011-04-01 00:00:00+09:00,124.67687225341797,124.67687225341797,122.88553788196081,124.67687225341797,1600,0.0,0.0
2011-04-04 00:00:00+09:00,122.88553053911994,123.6020642448874,119.12372858384076,121.81072998046875,12400,0.0,0.0
2011-04-05 00:00:00+09:00,118.94461165758557,120.19854581662638,118.40721130371094,118.40721130371094,6800,0.0,0.0
2011-04-06 00:00:00+09:00,118.40722948710125,118.40722948710125,117.33242861429851,118.22809600830078,7600,0.0,0.0
2011-04-07 00:00:00+09:00,116.7950156008127,116.7950156008127,115.72021484375001,115.72021484375,12800,0.0,0.0
2011-04-08 00:00:00+09:00,115.54108568730246,117.3324203491211,113.7497510254838,117.3324203491211,9600,0.0,0.0
2011-04-11 00:00:00+09:00,115.54107695958304,117.3324114860882,114.1080093383789,114.1080093383789,5600,0.0,0.0
2011-04-12 00:00:00+09:00,115.89936169656067,117.33242953824922,112.85409253297253,113.0332260131836,16400,0.0,0.0
2011-04-13 00:00:00+09:00,113.03319340195767,115.54106140136719,113.03319340195767,115.54106140136719,5200,0.0,0.0
2011-04-14 00:00:00+09:00,114.64543095341435,116.43676581206145,113.21236306649668,116.07849884033203,6800,0.0,0.0
2011-04-15 00:00:00+09:00,117.1532669067383,117.1532669067383,117.1532669067383,117.15326690673828,1600,0.0,0.0
2011-04-18 00:00:00+09:00,115.36195778846741,115.36195778846741,114.64542388916016,114.64542388916016,2800,0.0,0.0
2011-04-19 00:00:00+09:00,115.54106648763022,120.01940239800348,112.85406494140626,112.85406494140625,22400,0.0,0.0
2011-04-20 00:00:00+09:00,112.85406494140626,112.85406494140626,112.13753119574653,112.85406494140625,48000,0.0,0.0
2011-04-21 00:00:00+09:00,112.85406494140626,112.85406494140626,112.67493150499133,112.85406494140625,6800,0.0,0.0
2011-04-22 00:00:00+09:00,112.85406494140626,112.85406494140626,112.49579806857639,112.85406494140625,9200,0.0,0.0
2011-04-25 00:00:00+09:00,112.49580963427266,112.85407654393595,111.95840926977773,112.13754272460938,21200,0.0,0.0
2011-04-26 00:00:00+09:00,112.85406408691406,112.85406408691406,111.7792634765625,111.9583969116211,10000,0.0,0.0
2011-04-27 00:00:00+09:00,111.42101287841797,111.60014633963729,111.42101287841797,111.42101287841797,10400,0.0,0.0
2011-04-28 00:00:00+09:00,111.42099745008682,114.2871324327257,111.42099745008682,112.85406494140625,14400,0.0,0.0
2011-05-02 00:00:00+09:00,112.13753119574653,112.85406494140626,112.13753119574653,112.85406494140625,4800,0.0,0.0
2011-05-06 00:00:00+09:00,112.49579234062871,113.21232604980469,111.95839205874672,113.21232604980469,21200,0.0,0.0
2011-05-09 00:00:00+09:00,111.77927802170682,114.82454681396484,111.77927802170682,114.82454681396484,10400,0.0,0.0
2011-05-10 00:00:00+09:00,113.03321043202575,114.64541153169014,112.85407697650749,114.46627807617188,6800,0.0,0.0
2011-05-11 00:00:00+09:00,112.85409253297253,114.64542733508321,112.85409253297253,113.0332260131836,4800,0.0,0.0
2011-05-12 00:00:00+09:00,113.03321330151215,114.28714752197266,113.03321330151215,114.28714752197266,2800,0.0,0.0
2011-05-13 00:00:00+09:00,113.0331983778212,113.0331983778212,112.85406494140626,112.85406494140625,33200,0.0,0.0
2011-05-16 00:00:00+09:00,113.0332260131836,113.0332260131836,112.85409253297253,113.0332260131836,4400,0.0,0.0
2011-05-17 00:00:00+09:00,112.85406408691406,112.85406408691406,111.9583969116211,111.9583969116211,18400,0.0,0.0
2011-05-18 00:00:00+09:00,112.31667434252226,112.67494124632616,111.06274017920862,111.7792739868164,18400,0.0,0.0
2011-05-19 00:00:00+09:00,111.06274380046091,112.49581146240234,111.06274380046091,112.49581146240234,3200,0.0,0.0
2011-05-20 00:00:00+09:00,111.24187868881845,111.24187868881845,110.16707792854001,110.52534484863281,34400,0.0,0.0
2011-05-23 00:00:00+09:00,110.16705797864245,110.34619140625,108.55485713017451,110.34619140625,24400,0.0,0.0
2011-05-24 00:00:00+09:00,110.16708374023438,110.3462172097307,107.65921516728595,110.16708374023438,48400,0.0,0.0
2011-05-25 00:00:00+09:00,108.37574698130291,108.37574698130291,106.04701192220053,107.4800796508789,19200,0.0,0.0
2011-05-26 00:00:00+09:00,107.48006252939487,107.48006252939487,107.12179565429689,107.12179565429688,12800,0.0,0.0
2011-05-27 00:00:00+09:00,106.22613923051766,106.22613923051766,103.8974043064085,105.50960540771484,39600,0.0,0.0
2011-05-30 00:00:00+09:00,105.6887254537463,106.76352605158101,105.50959202077385,105.86785888671875,10000,0.0,0.0
2011-05-31 00:00:00+09:00,106.22612286902763,106.22612286902763,104.79305544415035,106.04698944091797,15600,0.0,0.0
2011-06-01 00:00:00+09:00,106.0469941883827,107.12179480515685,105.86786075225368,106.22612762451172,28000,0.0,0.0
2011-06-02 00:00:00+09:00,106.22612286902763,106.22612286902763,105.68872258469865,106.04698944091797,19600,0.0,0.0
2011-06-03 00:00:00+09:00,104.97220973645227,106.58441090987901,104.79307627273819,105.6887435913086,15600,0.0,0.0
2011-06-06 00:00:00+09:00,104.97219257226726,106.7635269165039,104.97219257226726,106.7635269165039,1200,0.0,0.0
2011-06-07 00:00:00+09:00,104.9721908569336,105.50959115142301,104.9721908569336,104.9721908569336,4800,0.0,0.0
2011-06-08 00:00:00+09:00,104.61394280902411,106.04701051873677,103.36000856302553,105.6887435913086,10800,0.0,0.0
2011-06-09 00:00:00+09:00,104.97221124151622,104.97221124151622,102.106075780997,103.71827697753906,21600,0.0,0.0
2011-06-10 00:00:00+09:00,103.53913406028285,103.89740096014542,102.82260026055772,103.36000061035156,42400,0.0,0.0
2011-06-13 00:00:00+09:00,97.0903306792054,101.9269338680219,97.0903306792054,99.06079864501953,31200,0.0,0.0
2011-06-14 00:00:00+09:00,98.34426665434967,99.41906738281251,98.34426665434967,99.4190673828125,24800,0.0,0.0
2011-06-15 00:00:00+09:00,99.4190743186257,99.4190743186257,97.98600658069957,98.52340698242188,40000,0.0,0.0
2011-06-16 00:00:00+09:00,98.34427393670451,98.52340740471308,97.09033966064453,97.09033966064453,18000,0.0,0.0
2011-06-17 00:00:00+09:00,97.09033966064453,97.09033966064453,95.29900498055883,97.09033966064453,12400,0.0,0.0
2011-06-20 00:00:00+09:00,97.09033966064453,97.62774006467023,96.73207272462739,97.09033966064453,13600,0.0,0.0
2011-06-21 00:00:00+09:00,96.55293210691161,99.41906738281251,96.19466519742399,99.4190673828125,6400,0.0,0.0
2011-06-22 00:00:00+09:00,98.52340010909347,100.13560120178774,96.73206556165542,99.4190673828125,23600,0.0,0.0
2011-06-23 00:00:00+09:00,98.52339829070658,100.31473280508307,97.806864484956,99.06079864501953,15600,0.0,0.0
2011-06-24 00:00:00+09:00,97.26946336509538,99.23993131540118,96.73206301501197,98.16513061523438,60800,0.0,0.0
2011-06-27 00:00:00+09:00,97.44860548666858,97.62773895263673,97.44860548666858,97.62773895263672,13600,0.0,0.0
2011-06-28 00:00:00+09:00,98.16514250448833,99.77734375,97.26947514587073,99.77734375,21200,0.0,0.0
2011-06-29 00:00:00+09:00,99.77732826165393,101.21039581298828,99.77732826165393,101.21039581298828,6000,0.0,0.0
2011-06-30 00:00:00+09:00,100.31474438048247,102.10607910156251,100.31474438048247,102.1060791015625,2800,0.0,0.0
2011-07-01 00:00:00+09:00,103.18088479238014,105.33048655888807,103.18088479238014,104.61395263671875,24000,0.0,0.0
2011-07-04 00:00:00+09:00,105.68873702768978,106.405270838047,105.15133666992186,105.15133666992188,19600,0.0,0.0
2011-07-05 00:00:00+09:00,107.30093359907926,109.27140149488874,104.61393192297544,108.73400115966797,12000,0.0,0.0
2011-07-06 00:00:00+09:00,106.0470040973864,108.91313934326172,105.15133683305038,108.91313934326172,10800,0.0,0.0
2011-07-07 00:00:00+09:00,107.48007309496701,107.48007309496701,106.94267272949219,106.94267272949219,9200,0.0,0.0
2011-07-08 00:00:00+09:00,107.48006252939487,107.48006252939487,105.33046127880696,107.12179565429688,6800,0.0,0.0
2011-07-11 00:00:00+09:00,107.48006647283381,107.48006647283381,105.6887320316199,106.40526580810547,2400,0.0,0.0
2011-07-12 00:00:00+09:00,106.76354437359309,106.76354437359309,105.6887435913086,105.6887435913086,4400,0.0,0.0
2011-07-13 00:00:00+09:00,105.68874499003093,107.65921311696371,105.68874499003093,107.4800796508789,31600,0.0,0.0
2011-07-14 00:00:00+09:00,107.48005978347081,107.48005978347081,105.6887254537463,105.86785888671875,8400,0.0,0.0
2011-07-15 00:00:00+09:00,106.04700979901176,107.30094403650007,104.79307556152345,104.79307556152344,12800,0.0,0.0
2011-07-19 00:00:00+09:00,104.61394137678475,105.15134176056961,103.89740753173828,103.89740753173828,14800,0.0,0.0
2011-07-20 00:00:00+09:00,106.94267783730717,106.94267783730717,104.07654241788185,105.6887435913086,10800,0.0,0.0
2011-07-21 00:00:00+09:00,106.40527672400842,106.58441018650676,103.8974082490318,104.79307556152344,12000,0.0,0.0
2011-07-22 00:00:00+09:00,104.79307765960694,107.4800796508789,104.07654379526775,107.4800796508789,24800,0.0,0.0
2011-07-25 00:00:00+09:00,106.40526190410091,107.48006252939487,105.33046127880696,107.12179565429688,11600,0.0,0.0
2011-07-26 00:00:00+09:00,105.3304594411146,106.94266035092757,104.7930591378436,106.7635269165039,10000,0.0,0.0
2011-07-27 00:00:00+09:00,106.58441090987901,106.58441090987901,103.36000856302553,105.6887435913086,23600,0.0,0.0
2011-07-28 00:00:00+09:00,106.58441018650676,106.58441018650676,103.71827478653346,104.79307556152344,6000,0.0,0.0
2011-07-29 00:00:00+09:00,106.7635279328988,106.7635279328988,105.68872731612464,106.22612762451172,17200,0.0,0.0
2011-08-01 00:00:00+09:00,106.58440054996548,106.58440054996548,104.25566574803346,104.43479919433594,13600,0.0,0.0
2011-08-02 00:00:00+09:00,104.43480608455037,104.79307300079239,103.53913879394531,103.53913879394531,15200,0.0,0.0
2011-08-03 00:00:00+09:00,103.5391517534648,104.61395263671876,103.18088479238014,104.61395263671875,17200,0.0,0.0
2011-08-04 00:00:00+09:00,107.48007894564076,107.48007894564076,105.68874429654674,106.58441162109375,40400,0.0,0.0
2011-08-05 00:00:00+09:00,105.688719662176,107.65918731689455,104.79305254639485,107.65918731689453,10000,0.0,0.0
2011-08-08 00:00:00+09:00,107.4800749254943,107.4800749254943,105.50960688519358,107.30094146728516,25600,0.0,0.0
2011-08-09 00:00:00+09:00,105.15134470779867,105.68874510664602,103.18087657869171,103.71827697753906,23200,0.0,0.0
2011-08-10 00:00:00+09:00,104.79306688114089,105.8678675671013,104.0765330905006,105.3304672241211,8000,0.0,0.0
2011-08-11 00:00:00+09:00,104.97220651056611,107.30094146728516,104.97220651056611,107.30094146728516,17200,0.0,0.0
2011-08-12 00:00:00+09:00,107.4800734204226,107.4800734204226,105.50960540771484,105.50960540771484,2800,0.0,0.0
2011-08-15 00:00:00+09:00,107.30094146728516,107.30094146728516,105.50960688519358,107.30094146728516,2800,0.0,0.0
2011-08-16 00:00:00+09:00,107.4800749254943,108.3757422165401,105.15133996877528,107.30094146728516,14000,0.0,0.0
2011-08-17 00:00:00+09:00,107.30094618479411,107.8383465830485,107.30094618479411,107.4800796508789,6000,0.0,0.0
2011-08-18 00:00:00+09:00,107.48005686579525,107.48005686579525,106.04698944091797,106.04698944091797,6400,0.0,0.0
2011-08-19 00:00:00+09:00,107.30092992830039,108.37573056197286,107.12179648935498,108.01746368408203,70800,0.0,0.0
2011-08-22 00:00:00+09:00,108.01747530012179,108.01747530012179,105.68874034340274,107.30094146728516,18400,0.0,0.0
2011-08-23 00:00:00+09:00,107.30094146728516,107.30094146728516,106.40527417623937,107.30094146728516,13600,0.0,0.0
2011-08-24 00:00:00+09:00,106.58441232045492,107.4800796508789,105.15134459177654,107.4800796508789,38000,0.0,0.0
2011-08-25 00:00:00+09:00,106.04701192220053,107.4800796508789,105.68874499003093,107.4800796508789,14000,0.0,0.0
2011-08-26 00:00:00+09:00,106.2261387904485,106.2261387904485,103.18087005615234,103.18087005615234,27600,0.0,0.0
2011-08-29 00:00:00+09:00,102.10607293253507,102.10607293253507,99.59820447454298,100.13560485839844,25600,0.0,0.0
2011-08-30 00:00:00+09:00,99.77733793582814,103.00174023896082,99.77733793582814,100.13560485839844,35200,0.0,0.0
2011-08-31 00:00:00+09:00,99.95647722172352,99.95647722172352,98.52340944793536,99.77734375,20000,0.0,0.0
2011-09-01 00:00:00+09:00,99.95647430419922,100.31474123718918,98.88167350522934,99.95647430419922,13600,0.0,0.0
2011-09-02 00:00:00+09:00,99.95646089826312,100.31472778320314,98.8816602434431,100.31472778320312,14400,0.0,0.0
2011-09-05 00:00:00+09:00,100.31474416517055,101.03127805206462,99.77734375,99.77734375,2800,0.0,0.0
2011-09-06 00:00:00+09:00,100.49386518464672,100.49386518464672,98.88166413890373,99.59819793701172,8000,0.0,0.0
2011-09-07 00:00:00+09:00,99.2399404382193,101.21040856966408,98.34427310574439,99.95647430419922,14400,0.0,0.0
2011-09-08 00:00:00+09:00,99.95646170557073,101.56866270082187,99.77732826165393,101.21039581298828,14000,0.0,0.0
2011-09-09 00:00:00+09:00,101.03126525878906,103.00173319823354,100.85213180974867,101.03126525878906,11600,0.0,0.0
2011-09-12 00:00:00+09:00,99.95646456454664,101.03126525878906,99.95646456454664,101.03126525878906,6800,0.0,0.0
2011-09-13 00:00:00+09:00,99.41907390471428,101.21040856966408,99.41907390471428,99.95647430419922,18800,0.0,0.0
2011-09-14 00:00:00+09:00,101.03127826891448,102.10607910156251,100.49387785259047,102.1060791015625,11600,0.0,0.0
2011-09-15 00:00:00+09:00,100.4938487703838,102.10604955279639,99.77731508931156,101.56864929199219,9600,0.0,0.0
2011-09-16 00:00:00+09:00,100.49386122567314,101.56866188049317,100.31472778320314,100.31472778320312,6400,0.0,0.0
2011-09-20 00:00:00+09:00,100.31471535011575,101.92691613252832,99.41904824877543,101.56864929199219,12400,0.0,0.0
2011-09-21 00:00:00+09:00,101.56865605255888,102.10605634913325,100.67298889160156,100.67298889160156,7200,0.0,0.0
2011-09-22 00:00:00+09:00,100.31473223480064,102.1060667389935,100.31473223480064,101.92693328857422,9200,0.0,0.0
2011-09-26 00:00:00+09:00,100.67299595122347,100.67299595122347,98.3442611694336,98.3442611694336,3600,0.0,0.0
2011-09-27 00:00:00+09:00,98.52339415423639,101.92692958865545,98.52339415423639,101.21039581298828,40000,0.0,0.0
2011-09-28 00:00:00+09:00,99.21163940429688,99.39334570357214,99.0299331050216,99.21163940429688,23600,2.0,0.0
2011-09-29 00:00:00+09:00,99.02992227727717,99.9384536743164,99.02992227727717,99.9384536743164,1600,0.0,0.0
2011-09-30 00:00:00+09:00,99.9384706037758,99.9384706037758,99.57505798339844,99.57505798339844,1600,0.0,0.0
2011-10-03 00:00:00+09:00,99.57503685801395,99.57503685801395,96.30432396851714,98.30309295654297,8000,0.0,0.0
2011-10-04 00:00:00+09:00,96.30432849460178,98.12139129638672,96.30432849460178,98.12139129638672,7600,0.0,0.0
2011-10-05 00:00:00+09:00,98.12139783586774,98.12139783586774,95.39580345153809,96.6677474975586,20800,0.0,0.0
2011-10-06 00:00:00+09:00,97.2128677368164,97.2128677368164,96.6677488523109,97.2128677368164,8400,0.0,0.0
2011-10-07 00:00:00+09:00,97.21286802471808,97.21286802471808,96.30433654785155,96.30433654785156,15200,0.0,0.0
2011-10-11 00:00:00+09:00,94.48726792636383,97.03115590899671,92.85191136609984,95.03238677978516,17200,0.0,0.0
2011-10-12 00:00:00+09:00,93.39703021952117,96.12262448662781,93.39703021952117,95.03238677978516,11600,0.0,0.0
2011-10-13 00:00:00+09:00,93.39702999230587,95.94091796875,93.39702999230587,95.94091796875,10000,0.0,0.0
2011-10-14 00:00:00+09:00,95.94092956201989,97.57628631591795,95.94092956201989,97.57628631591797,5600,0.0,0.0
2011-10-17 00:00:00+09:00,97.75797873602973,98.30309757656521,97.39456617567274,98.12139129638672,5200,0.0,0.0
2011-10-18 00:00:00+09:00,99.02993905283239,99.75676429358711,98.8482327426437,99.57505798339844,14000,0.0,0.0
2011-10-19 00:00:00+09:00,99.57505006428006,101.02870043018196,99.57505006428006,100.48358154296875,12400,0.0,0.0
2011-10-20 00:00:00+09:00,99.02992956487981,100.84699249267578,99.02992956487981,100.84699249267578,37200,0.0,0.0
2011-10-21 00:00:00+09:00,97.21288089822579,98.48482513427734,97.21288089822579,98.48482513427734,9200,0.0,0.0
2011-10-24 00:00:00+09:00,100.30187565730168,100.30187565730168,93.57874268751877,94.48727416992188,8000,0.0,0.0
2011-10-25 00:00:00+09:00,94.66898345947266,95.94092757505098,94.48727715724718,94.66898345947266,2800,0.0,0.0
2011-10-26 00:00:00+09:00,94.66897694059492,96.12262725830078,94.48727065088167,96.12262725830078,5200,0.0,0.0
2011-10-27 00:00:00+09:00,96.30433008130156,97.75798034667969,94.12385468323436,97.75798034667969,9200,0.0,0.0
2011-10-28 00:00:00+09:00,98.12139454172619,98.12139454172619,94.48726881795855,97.39456939697266,8400,0.0,0.0
2011-10-31 00:00:00+09:00,95.39579911665483,95.94091796875,94.4872676964962,95.94091796875,22800,0.0,0.0
2011-11-01 00:00:00+09:00,95.21409935584434,97.93969380305363,92.67021120511568,94.48727416992188,19600,0.0,0.0
2011-11-02 00:00:00+09:00,94.48727476830577,94.48727476830577,92.67021179199219,92.67021179199219,1200,0.0,0.0
2011-11-04 00:00:00+09:00,92.85190423143769,93.21531677246094,92.85190423143769,93.21531677246094,3600,0.0,0.0
2011-11-07 00:00:00+09:00,93.39702304297255,93.57872931348417,91.57996033785635,93.21531677246094,16800,0.0,0.0
2011-11-08 00:00:00+09:00,93.94214650988579,93.94214650988579,93.03361511230469,93.03361511230469,1600,0.0,0.0
2011-11-09 00:00:00+09:00,92.6702011498112,92.6702011498112,91.76166976598954,92.48849487304688,9200,0.0,0.0
2011-11-10 00:00:00+09:00,91.39825599350615,91.39825599350615,90.85313717048325,91.03484344482422,6800,0.0,0.0
2011-11-11 00:00:00+09:00,91.03484505020785,91.03484505020785,90.67143249511719,90.67143249511719,12000,0.0,0.0
2011-11-14 00:00:00+09:00,90.67143145902656,90.85313773449556,88.30924987792969,88.30924987792969,14000,0.0,0.0
2011-11-15 00:00:00+09:00,88.12754617610447,90.30802154541016,87.40072105300258,90.30802154541016,19600,0.0,0.0
2011-11-16 00:00:00+09:00,90.30802055232782,90.48972683110513,87.21901381311338,87.94583892822266,10400,0.0,0.0
2011-11-17 00:00:00+09:00,86.49219212582237,86.49219212582237,83.76659783614309,86.31048583984375,13200,0.0,0.0
2011-11-18 00:00:00+09:00,87.03731400626046,87.03731400626046,86.49219512939453,86.49219512939453,2800,0.0,0.0
2011-11-21 00:00:00+09:00,86.49220213261846,86.49220213261846,84.13002014160156,84.13002014160156,8000,0.0,0.0
2011-11-22 00:00:00+09:00,84.3117185413328,85.22024999113164,81.76783048189603,85.03854370117188,52000,0.0,0.0
2011-11-24 00:00:00+09:00,83.58488785593133,83.58488785593133,81.76782507645456,82.85806274414062,16000,0.0,0.0
2011-11-25 00:00:00+09:00,82.85807599259248,85.76537690461326,81.76783815058468,84.13002014160156,73600,0.0,0.0
2011-11-28 00:00:00+09:00,85.58366529247428,86.1287841796875,82.85807085640822,86.1287841796875,24000,0.0,0.0
2011-11-29 00:00:00+09:00,86.49218590389235,87.03730472261437,85.03853572063366,86.85559844970703,26400,0.0,0.0
2011-11-30 00:00:00+09:00,87.58242637066802,87.94583892822266,87.4007200918907,87.94583892822266,9200,0.0,0.0
2011-12-01 00:00:00+09:00,88.30925245687996,90.85314038773657,88.30925245687996,90.30802154541016,23200,0.0,0.0
2011-12-02 00:00:00+09:00,88.8543639299346,89.39948272705078,87.76412633570229,89.39948272705078,15600,0.0,0.0
2011-12-05 00:00:00+09:00,87.94584124755859,90.85314178466797,87.94584124755859,90.85314178466797,8000,0.0,0.0
2011-12-06 00:00:00+09:00,90.85313558104498,91.39825439453125,90.12631049639661,91.39825439453125,16400,0.0,0.0
2011-12-07 00:00:00+09:00,91.39826770857269,92.67021179199219,91.39826770857269,92.67021179199219,6000,0.0,0.0
2011-12-08 00:00:00+09:00,91.034865046122,91.034865046122,90.48974609375,90.48974609375,6000,0.0,0.0
2011-12-09 00:00:00+09:00,89.03607524658675,94.30555725097656,89.03607524658675,94.30555725097656,12000,0.0,0.0
2011-12-12 00:00:00+09:00,95.57751108329987,97.7579866213219,95.39580478846469,97.2128677368164,11200,0.0,0.0
2011-12-13 00:00:00+09:00,96.30432628712444,96.30432628712444,93.21531959489592,94.30555725097656,4400,0.0,0.0
2011-12-14 00:00:00+09:00,95.75920785480491,95.75920785480491,92.48849487304688,92.48849487304688,1600,0.0,0.0
2011-12-15 00:00:00+09:00,91.57997371340261,93.57874298095703,91.2165611193018,93.57874298095703,3600,0.0,0.0
2011-12-16 00:00:00+09:00,93.57874239966984,95.39580535888672,93.57874239966984,95.39580535888672,2400,0.0,0.0
2011-12-19 00:00:00+09:00,93.578736038208,93.578736038208,90.85314178466797,90.85314178466797,3600,0.0,0.0
2011-12-20 00:00:00+09:00,90.85314881567862,92.67021179199219,90.85314881567862,92.67021179199219,6000,0.0,0.0
2011-12-21 00:00:00+09:00,92.67020154811577,92.67020154811577,90.67143249511719,90.67143249511719,9200,0.0,0.0
2011-12-22 00:00:00+09:00,89.94459391129826,91.7616564145568,85.94705640412944,88.4909439086914,14800,0.0,0.0
2011-12-26 00:00:00+09:00,88.49097150963274,88.49097150963274,83.03978229959377,84.13002014160156,52800,0.0,0.0
2011-12-27 00:00:00+09:00,84.31171962193079,86.8556077139718,84.13001332964215,86.49219512939453,17600,0.0,0.0
2011-12-28 00:00:00+09:00,86.49219648325368,87.03731536865234,85.0385461221906,87.03731536865234,4400,0.0,0.0
2011-12-29 00:00:00+09:00,86.85560936263845,86.85560936263845,84.67513381378559,86.1287841796875,4800,0.0,0.0
2011-12-30 00:00:00+09:00,86.31049047542524,86.6739030669007,85.76537158821202,86.1287841796875,5600,0.0,0.0
2012-01-04 00:00:00+09:00,86.1287777216108,87.58242797851562,86.1287777216108,87.58242797851562,4400,0.0,0.0
2012-01-05 00:00:00+09:00,87.2190170288086,87.58242959976197,86.85560445785522,87.2190170288086,9200,0.0,0.0
2012-01-06 00:00:00+09:00,86.12877979684383,87.21901751579122,85.4019546508789,85.4019546508789,14000,0.0,0.0
2012-01-10 00:00:00+09:00,85.58366924783458,87.76414489746094,85.58366924783458,87.76414489746094,3200,0.0,0.0
2012-01-11 00:00:00+09:00,87.76412037440709,90.30800792149135,87.76412037440709,89.03606414794922,9600,0.0,0.0
2012-01-12 00:00:00+09:00,91.03484344482422,91.21654971916519,90.85313717048325,91.03484344482422,5200,0.0,0.0
2012-01-13 00:00:00+09:00,91.03485511330997,92.67021179199219,91.03485511330997,92.67021179199219,11600,0.0,0.0
2012-01-16 00:00:00+09:00,93.21533068488625,93.21533068488625,90.85314881567862,92.67021179199219,6400,0.0,0.0
2012-01-17 00:00:00+09:00,89.39949843462776,92.67021179199219,89.39949843462776,92.67021179199219,4400,0.0,0.0
2012-01-18 00:00:00+09:00,89.21779213699641,92.67021179199219,89.03608583936504,92.67021179199219,4000,0.0,0.0
2012-01-19 00:00:00+09:00,90.85313509790133,94.12384796142578,90.85313509790133,94.12384796142578,3600,0.0,0.0
2012-01-20 00:00:00+09:00,94.48727416992188,94.48727416992188,92.67021120511568,94.48727416992188,8800,0.0,0.0
2012-01-23 00:00:00+09:00,91.94337161224666,94.12384682834738,90.48972146817952,91.76166534423828,8800,0.0,0.0
2012-01-24 00:00:00+09:00,93.57874298095703,93.57874298095703,91.94338630750342,93.57874298095703,3600,0.0,0.0
2012-01-25 00:00:00+09:00,94.48727143877676,94.48727143877676,91.7616770703505,93.39703369140625,6400,0.0,0.0
2012-01-26 00:00:00+09:00,92.85192141325577,92.85192141325577,91.94338989257812,91.94338989257812,4800,0.0,0.0
2012-01-27 00:00:00+09:00,93.76044927800743,93.76044927800743,92.30679890160422,93.57874298095703,4400,0.0,0.0
2012-01-30 00:00:00+09:00,93.57873395085335,93.57873395085335,92.48849627375603,93.03361511230469,7600,0.0,0.0
2012-01-31 00:00:00+09:00,93.57874268751877,94.48727416992188,91.76167972271259,94.48727416992188,5200,0.0,0.0
2012-02-01 00:00:00+09:00,94.48727446620904,94.48727446620904,93.57874298095703,93.57874298095703,4000,0.0,0.0
2012-02-02 00:00:00+09:00,93.57874268751877,94.48727416992188,92.67021120511568,94.48727416992188,2400,0.0,0.0
2012-02-03 00:00:00+09:00,94.48727416992188,94.48727416992188,93.57874268751877,94.48727416992188,3200,0.0,0.0
2012-02-06 00:00:00+09:00,95.39580209944785,96.30433354801401,95.03238952002138,96.12262725830078,8400,0.0,0.0
2012-02-07 00:00:00+09:00,96.30433626264055,97.2128677368164,94.66897960912401,97.2128677368164,4800,0.0,0.0
2012-02-08 00:00:00+09:00,97.57627568316104,97.57627568316104,95.75921282127723,97.39456939697266,2800,0.0,0.0
2012-02-09 00:00:00+09:00,97.39456617567274,98.12139129638672,97.39456617567274,98.12139129638672,13200,0.0,0.0
2012-02-10 00:00:00+09:00,99.57505334183601,99.75675964355469,97.21287141949318,99.75675964355469,7600,0.0,0.0
2012-02-13 00:00:00+09:00,99.75674312965266,99.93844940129138,95.5774988819623,98.30309295654297,10400,0.0,0.0
2012-02-14 00:00:00+09:00,98.30310412815638,98.84822300502232,95.57750974382672,96.6677474975586,6000,0.0,0.0
2012-02-15 00:00:00+09:00,96.66774310487689,96.66774310487689,95.75921168471828,95.94091796875,13600,0.0,0.0
2012-02-16 00:00:00+09:00,95.75922393798828,95.94093024527099,95.57751763070557,95.75922393798828,13600,0.0,0.0
2012-02-17 00:00:00+09:00,95.7592179507301,96.12263054257348,94.30556758335659,95.39580535888672,20000,0.0,0.0
2012-02-20 00:00:00+09:00,98.12139129638672,98.12139129638672,96.30432849460178,98.12139129638672,8000,0.0,0.0
2012-02-21 00:00:00+09:00,97.9396882555378,97.9396882555378,97.21286311078428,97.39456939697266,14000,0.0,0.0
2012-02-22 00:00:00+09:00,96.6677483387104,96.6677483387104,93.94215393066406,93.94215393066406,37200,0.0,0.0
2012-02-23 00:00:00+09:00,94.66898609429201,97.75799331809809,94.66898609429201,95.75922393798828,15200,0.0,0.0
2012-02-24 00:00:00+09:00,96.30433167984238,97.39456939697266,96.30433167984238,97.39456939697266,8800,0.0,0.0
2012-02-27 00:00:00+09:00,98.12139864580347,99.0299301147461,97.57627976443788,99.0299301147461,74000,0.0,0.0
2012-02-28 00:00:00+09:00,98.12139864580347,99.0299301147461,97.93969235201494,99.0299301147461,27200,0.0,0.0
2012-02-29 00:00:00+09:00,98.12138809877284,99.02991947005778,98.12138809877284,98.84821319580078,8400,0.0,0.0
2012-03-01 00:00:00+09:00,98.48481123338051,99.0299301147461,98.30310493959199,99.0299301147461,8000,0.0,0.0
2012-03-02 00:00:00+09:00,98.30309437302982,99.02991947005778,98.30309437302982,98.84821319580078,10000,0.0,0.0
2012-03-05 00:00:00+09:00,98.66651619359067,105.3896489728961,98.66651619359067,103.57258605957031,97200,0.0,0.0
2012-03-06 00:00:00+09:00,104.29941122490062,105.20794268156352,102.84576089423999,103.57258605957031,14000,0.0,0.0
2012-03-07 00:00:00+09:00,101.75552231191091,101.75552231191091,100.30187199316931,101.21040344238281,11600,0.0,0.0
2012-03-08 00:00:00+09:00,100.30187099727848,104.84452819824219,100.30187099727848,104.84452819824219,15200,0.0,0.0
2012-03-09 00:00:00+09:00,101.75552130158688,104.84452819824219,100.66528357335558,104.84452819824219,56800,0.0,0.0
2012-03-12 00:00:00+09:00,103.39086467101511,104.66280852461283,102.6640396118164,102.6640396118164,12000,0.0,0.0
2012-03-13 00:00:00+09:00,103.57257926247337,104.48111065951261,99.9384536743164,99.9384536743164,22000,0.0,0.0
2012-03-14 00:00:00+09:00,101.75550672743054,103.2091568235367,101.21038794139075,103.02745056152344,2000,0.0,0.0
2012-03-15 00:00:00+09:00,101.75551128050463,103.57257398194223,101.75551128050463,102.84574890136719,34000,0.0,0.0
2012-03-16 00:00:00+09:00,103.57257541327988,103.57257541327988,101.75551268673111,103.390869140625,37600,0.0,0.0
2012-03-19 00:00:00+09:00,103.39088904689736,103.39088904689736,102.11894489342059,103.20918273925781,6800,0.0,0.0
2012-03-21 00:00:00+09:00,102.6640440500055,103.390869140625,100.84698132345673,103.390869140625,25200,0.0,0.0
2012-03-22 00:00:00+09:00,103.39087585065003,103.39087585065003,100.84698786838449,101.02869415283203,12000,0.0,0.0
2012-03-23 00:00:00+09:00,101.5738132428344,101.75551952770532,99.93845667899629,100.12016296386719,15200,0.0,0.0
2012-03-26 00:00:00+09:00,100.12015190462095,102.6640396118164,99.93844563982128,102.6640396118164,3600,0.0,0.0
2012-03-27 00:00:00+09:00,102.6640396118164,103.20915840621544,102.6640396118164,102.6640396118164,9600,0.0,0.0
2012-03-28 00:00:00+09:00,103.02746718557256,104.4811175162332,103.02746718557256,103.57258605957031,15600,0.0,0.0
2012-03-29 00:00:00+09:00,101.75552314624451,103.57258605957031,99.93846023291871,103.57258605957031,20800,0.0,0.0
2012-03-30 00:00:00+09:00,103.57258315313429,114.47496032714842,103.39087686690073,114.47496032714844,23600,0.0,0.0
2012-04-02 00:00:00+09:00,109.02375460447628,112.29446724261057,109.02375460447628,111.56764221191406,8400,0.0,0.0
2012-04-03 00:00:00+09:00,111.56766970359674,111.56766970359674,107.20671844482422,107.20671844482422,10800,0.0,0.0
2012-04-04 00:00:00+09:00,108.84207165345627,109.02377795003967,103.7542953491211,103.7542953491211,10400,0.0,0.0
2012-04-05 00:00:00+09:00,104.48110225981316,104.48110225981316,102.6640396118164,102.6640396118164,3600,0.0,0.0
2012-04-06 00:00:00+09:00,102.66406280098812,105.93477630615234,102.48235649514565,105.93477630615234,16400,0.0,0.0
2012-04-09 00:00:00+09:00,104.84453651298911,107.20671844482422,104.84453651298911,107.20671844482422,5600,0.0,0.0
2012-04-10 00:00:00+09:00,104.84452316387981,106.84329223632812,104.84452316387981,106.84329223632812,7600,0.0,0.0
2012-04-11 00:00:00+09:00,103.75428548799891,106.84329223632812,103.57257920868543,106.84329223632812,22800,0.0,0.0
2012-04-12 00:00:00+09:00,106.84329524145467,107.20670781030316,106.84329524145467,107.0250015258789,5600,0.0,0.0
2012-04-13 00:00:00+09:00,105.38965441516993,105.75306701660155,103.93600400944345,105.75306701660156,6400,0.0,0.0
2012-04-16 00:00:00+09:00,106.84329287543972,106.84329287543972,104.1176986694336,104.1176986694336,2400,0.0,0.0
2012-04-17 00:00:00+09:00,103.57259009168556,105.20794677734374,103.57259009168556,105.20794677734375,2800,0.0,0.0
2012-04-18 00:00:00+09:00,105.02623448628074,105.20794077431928,103.57258418197236,104.84452819824219,10000,0.0,0.0
2012-04-19 00:00:00+09:00,103.75428168593476,103.93598795858964,103.390869140625,103.390869140625,8800,0.0,0.0
2012-04-20 00:00:00+09:00,103.57259796886909,104.29942321777344,103.57259796886909,104.29942321777344,2800,0.0,0.0
2012-04-23 00:00:00+09:00,103.57258605957031,103.57258605957031,103.02746718557256,103.57258605957031,13600,0.0,0.0
2012-04-24 00:00:00+09:00,103.57257541327988,103.57257541327988,103.20916286797014,103.390869140625,21200,0.0,0.0
2012-04-25 00:00:00+09:00,103.57258605957031,103.57258605957031,103.57258605957031,103.57258605957031,800,0.0,0.0
2012-04-26 00:00:00+09:00,103.57259796886909,104.48112952999952,103.02747903219084,104.29942321777344,10400,0.0,0.0
2012-04-27 00:00:00+09:00,103.57258443232183,104.48111587471062,102.84575927841081,103.93599700927734,6400,0.0,0.0
2012-05-01 00:00:00+09:00,103.5725782311481,104.48110961914062,103.20916567595108,104.48110961914062,15600,0.0,0.0
2012-05-02 00:00:00+09:00,103.93599078634512,104.48110961914062,103.93599078634512,104.48110961914062,1200,0.0,0.0
2012-05-07 00:00:00+09:00,101.7555170242283,104.48111123023442,98.66651025742136,104.1176986694336,28800,0.0,0.0
2012-05-08 00:00:00+09:00,103.57259009168556,105.20794677734374,103.20917749487262,105.20794677734375,10000,0.0,0.0
2012-05-09 00:00:00+09:00,105.75307802510508,107.02502226252044,105.02625274658203,105.02625274658203,18400,0.0,0.0
2012-05-10 00:00:00+09:00,101.39211056357935,104.29941122490062,101.39211056357935,103.57258605957031,8400,0.0,0.0
2012-05-11 00:00:00+09:00,103.57257398194223,103.57257398194223,102.11892382079216,102.84574890136719,27200,0.0,0.0
2012-05-14 00:00:00+09:00,103.57257883889335,103.57257883889335,101.39210349491664,101.7555160522461,16800,0.0,0.0
2012-05-15 00:00:00+09:00,103.57256934756323,103.57256934756323,102.11891925145709,103.02745056152344,9600,0.0,0.0
2012-05-16 00:00:00+09:00,99.39332532125806,103.02745056152344,99.02991279723152,103.02745056152344,7600,0.0,0.0
2012-05-17 00:00:00+09:00,101.21038794139075,103.02745056152344,101.21038794139075,103.02745056152344,4400,0.0,0.0
2012-05-18 00:00:00+09:00,103.57256934756323,104.48110065762958,103.02745056152344,103.02745056152344,4000,0.0,0.0
2012-05-21 00:00:00+09:00,103.57258605957031,103.57258605957031,103.57258605957031,103.57258605957031,5200,0.0,0.0
2012-05-22 00:00:00+09:00,103.57258605957031,103.57258605957031,103.39087976823772,103.57258605957031,33200,0.0,0.0
2012-05-23 00:00:00+09:00,103.57258876164755,104.66282653808594,103.39088246557448,104.66282653808594,25600,0.0,0.0
2012-05-24 00:00:00+09:00,104.48113378768973,105.38966538584356,102.66407059138209,105.02625274658203,7200,0.0,0.0
2012-05-25 00:00:00+09:00,104.84452819824219,104.84452819824219,104.84452819824219,104.84452819824219,1200,0.0,0.0
2012-05-28 00:00:00+09:00,102.84575470663074,104.1176986694336,102.66404842623034,104.1176986694336,2000,0.0,0.0
2012-05-29 00:00:00+09:00,101.39209575821869,102.6640396118164,101.39209575821869,102.6640396118164,12800,0.0,0.0
2012-05-30 00:00:00+09:00,103.39088059159012,104.2994120554881,100.84699249267578,100.84699249267578,2400,0.0,0.0
2012-05-31 00:00:00+09:00,99.75674456708572,101.3921010353986,98.12138809877284,98.84821319580078,5600,0.0,0.0
2012-06-01 00:00:00+09:00,98.48480148586938,102.11892700195312,98.48480148586938,102.11892700195312,1200,0.0,0.0
2012-06-04 00:00:00+09:00,99.9384615836887,99.9384615836887,98.12139864580347,99.0299301147461,4000,0.0,0.0
2012-06-05 00:00:00+09:00,98.12139864580347,99.0299301147461,98.12139864580347,99.0299301147461,2400,0.0,0.0
2012-06-06 00:00:00+09:00,99.0299301147461,99.0299301147461,98.84822382095756,99.0299301147461,10000,0.0,0.0
2012-06-07 00:00:00+09:00,98.12139731959292,103.57258605957031,98.12139731959292,103.57258605957031,6400,0.0,0.0
2012-06-08 00:00:00+09:00,98.12142303635403,101.75554981547825,97.21289134157297,98.66654205322266,14400,0.0,0.0
2012-06-11 00:00:00+09:00,96.30433683849516,98.12139979771206,95.39580535888672,95.39580535888672,10400,0.0,0.0
2012-06-12 00:00:00+09:00,97.21286693295299,97.93969210628349,94.8506851196289,94.8506851196289,2400,0.0,0.0
2012-06-13 00:00:00+09:00,98.48482513427734,98.48482513427734,98.48482513427734,98.48482513427734,800,0.0,0.0
2012-06-14 00:00:00+09:00,98.48482513427734,98.48482513427734,98.48482513427734,98.48482513427734,1600,0.0,0.0
2012-06-15 00:00:00+09:00,98.48482513427734,98.48482513427734,98.48482513427734,98.48482513427734,800,0.0,0.0
2012-06-18 00:00:00+09:00,95.57752402330237,98.48482513427734,95.57752402330237,98.48482513427734,2400,0.0,0.0
2012-06-19 00:00:00+09:00,95.94092891780475,95.94092891780475,92.48850912720194,95.21410369873047,6800,0.0,0.0
2012-06-20 00:00:00+09:00,95.21409715924943,96.6677474975586,95.21409715924943,96.6677474975586,2000,0.0,0.0
2012-06-21 00:00:00+09:00,96.66774105495877,99.02992269727918,96.66774105495877,98.12139129638672,2800,0.0,0.0
2012-06-22 00:00:00+09:00,98.8482180457133,98.8482180457133,96.30433008130156,97.75798034667969,2400,0.0,0.0
2012-06-25 00:00:00+09:00,100.48358154296875,100.48358154296875,100.48358154296875,100.48358154296875,1200,0.0,0.0
2012-06-26 00:00:00+09:00,103.39086467101511,103.39086467101511,102.6640396118164,102.6640396118164,1200,0.0,0.0
2012-06-27 00:00:00+09:00,97.21285908562797,101.7555160522461,97.21285908562797,101.7555160522461,2000,0.0,0.0
2012-06-28 00:00:00+09:00,101.7555160522461,101.7555160522461,101.7555160522461,101.7555160522461,1600,0.0,0.0
2012-06-29 00:00:00+09:00,99.93846501018983,102.48235321044922,99.93846501018983,102.48235321044922,1600,0.0,0.0
2012-07-02 00:00:00+09:00,102.6640396118164,102.6640396118164,102.6640396118164,102.6640396118164,800,0.0,0.0
2012-07-03 00:00:00+09:00,99.57506019442154,101.5738296508789,99.57506019442154,101.5738296508789,3200,0.0,0.0
2012-07-04 00:00:00+09:00,101.21039721625192,101.7555160522461,101.21039721625192,101.7555160522461,2400,0.0,0.0
2012-07-05 00:00:00+09:00,101.75550828781803,102.6640396118164,97.21285166782616,102.6640396118164,3600,0.0,0.0
2012-07-06 00:00:00+09:00,102.6640396118164,102.6640396118164,102.6640396118164,102.6640396118164,400,0.0,0.0
2012-07-09 00:00:00+09:00,102.66405951046774,102.66405951046774,99.21163981011573,102.48235321044922,2000,0.0,0.0
2012-07-10 00:00:00+09:00,102.48235321044922,102.48235321044922,102.48235321044922,102.48235321044922,800,0.0,0.0
2012-07-11 00:00:00+09:00,99.75675586450879,99.75675586450879,97.2128677368164,97.2128677368164,21600,0.0,0.0
2012-07-12 00:00:00+09:00,96.84944733513726,98.12139129638672,96.84944733513726,98.12139129638672,1600,0.0,0.0
2012-07-13 00:00:00+09:00,97.39456778033515,98.12139291302422,97.39456778033515,97.75798034667969,2000,0.0,0.0
2012-07-17 00:00:00+09:00,97.75797873602973,98.12139129638672,95.3957970937093,98.12139129638672,5200,0.0,0.0
2012-07-18 00:00:00+09:00,98.12139129638672,98.12139129638672,95.7592096540663,98.12139129638672,2400,0.0,0.0
2012-07-19 00:00:00+09:00,96.48604847998591,97.57628631591795,95.57751695004255,97.57628631591797,3600,0.0,0.0
2012-07-20 00:00:00+09:00,98.1213995015846,98.1213995015846,96.30433654785155,96.30433654785156,48800,0.0,0.0
2012-07-23 00:00:00+09:00,94.4872735941185,96.30433654785155,94.4872735941185,96.30433654785156,5600,0.0,0.0
2012-07-24 00:00:00+09:00,93.94214650988579,94.48726534843445,93.03361511230469,93.03361511230469,10000,0.0,0.0
2012-07-25 00:00:00+09:00,93.03362379807692,94.48727416992188,93.03362379807692,94.48727416992188,2800,0.0,0.0
2012-07-26 00:00:00+09:00,94.48727416992188,94.48727416992188,91.9433860191932,94.48727416992188,2000,0.0,0.0
2012-07-27 00:00:00+09:00,94.48727715724718,95.03239606392361,94.48727715724718,94.66898345947266,4800,0.0,0.0
2012-07-30 00:00:00+09:00,91.03484525178608,92.85190803126284,87.21901341488487,89.76290130615234,22400,0.0,0.0
2012-07-31 00:00:00+09:00,89.58120625289445,92.67021336506322,88.12755584716797,88.12755584716797,7600,0.0,0.0
2012-08-01 00:00:00+09:00,86.67390142168317,87.94584546770368,81.22271265302385,81.4044189453125,20800,0.0,0.0
2012-08-02 00:00:00+09:00,80.13247754605331,82.6763657221185,78.13370826485924,82.49465942382812,18000,0.0,0.0
2012-08-03 00:00:00+09:00,78.13371233544495,84.31172679917782,78.13371233544495,83.22148895263672,16800,0.0,0.0
2012-08-06 00:00:00+09:00,82.13123901633136,83.40318298339844,81.58612017330262,83.40318298339844,13600,0.0,0.0
2012-08-07 00:00:00+09:00,81.94954349392063,82.6763687133789,81.94954349392063,82.6763687133789,3200,0.0,0.0
2012-08-08 00:00:00+09:00,81.76783423066665,82.49465942382812,81.76783423066665,82.49465942382812,1200,0.0,0.0
2012-08-09 00:00:00+09:00,81.76782915669104,84.49342346191406,81.76782915669104,84.49342346191406,8400,0.0,0.0
2012-08-10 00:00:00+09:00,84.49342346191406,84.49342346191406,84.49342346191406,84.49342346191406,2400,0.0,0.0
2012-08-13 00:00:00+09:00,81.94954681396484,81.94954681396484,80.67760262838225,81.94954681396484,14000,0.0,0.0
2012-08-14 00:00:00+09:00,81.9495383833097,82.13124467684253,79.58735656738281,79.58735656738281,19200,0.0,0.0
2012-08-15 00:00:00+09:00,79.5873595565761,79.7690658569336,78.67882805478871,79.7690658569336,16000,0.0,0.0
2012-08-16 00:00:00+09:00,78.49710862027956,80.85929012968613,74.49957068128386,77.58857727050781,38400,0.0,0.0
2012-08-17 00:00:00+09:00,76.1349369902589,79.58735656738281,76.1349369902589,79.58735656738281,14400,0.0,0.0
2012-08-20 00:00:00+09:00,80.6775894165039,80.6775894165039,80.6775894165039,80.6775894165039,4400,0.0,0.0
2012-08-21 00:00:00+09:00,80.6775891956083,81.58612060546875,80.31417663166413,81.58612060546875,3200,0.0,0.0
2012-08-22 00:00:00+09:00,80.31417958577474,81.76782989501953,80.31417958577474,81.76782989501953,9200,0.0,0.0
2012-08-23 00:00:00+09:00,83.40318298339844,83.40318298339844,83.40318298339844,83.40318298339844,2000,0.0,0.0
2012-08-24 00:00:00+09:00,80.13246992522596,83.40318298339844,80.13246992522596,83.40318298339844,10800,0.0,0.0
2012-08-27 00:00:00+09:00,80.85928948933646,83.58488351706691,80.85928948933646,81.22270202636719,5200,0.0,0.0
2012-08-28 00:00:00+09:00,81.40442264441288,83.94831085205078,81.40442264441288,83.94831085205078,3600,0.0,0.0
2012-08-29 00:00:00+09:00,82.49466372160933,83.22148895263672,81.76783849058194,83.22148895263672,10000,0.0,0.0
2012-08-30 00:00:00+09:00,82.85806274414062,82.85806274414062,81.76782507645456,82.85806274414062,6400,0.0,0.0
2012-08-31 00:00:00+09:00,82.85807501824347,82.85807501824347,82.6763687133789,82.6763687133789,2400,0.0,0.0
2012-09-03 00:00:00+09:00,82.49466240851433,82.6763687133789,81.76783718905605,82.6763687133789,8400,0.0,0.0
2012-09-04 00:00:00+09:00,81.76783423066665,82.49465942382812,81.76783423066665,82.49465942382812,6400,0.0,0.0
2012-09-05 00:00:00+09:00,81.76782083191328,82.67635217449009,78.86052053566748,81.22270202636719,26000,0.0,0.0
2012-09-06 00:00:00+09:00,79.22394343784876,81.58612523760114,79.04223714556012,81.4044189453125,9600,0.0,0.0
2012-09-07 00:00:00+09:00,81.58612360636393,83.22148020426432,79.76906071980794,81.76782989501953,17600,0.0,0.0
2012-09-10 00:00:00+09:00,80.31417958577474,81.76782989501953,80.31417958577474,81.76782989501953,4400,0.0,0.0
2012-09-11 00:00:00+09:00,81.76782989501953,81.76782989501953,81.76782989501953,81.76782989501953,4000,0.0,0.0
2012-09-12 00:00:00+09:00,81.9495421721872,82.1312484741211,81.9495421721872,82.1312484741211,4800,0.0,0.0
2012-09-13 00:00:00+09:00,80.67759350909301,82.49465642596448,79.58735575897015,82.31295013427734,35200,0.0,0.0
2012-09-14 00:00:00+09:00,82.31294876098633,82.31294876098633,81.76782989501953,81.76782989501953,22000,0.0,0.0
2012-09-18 00:00:00+09:00,80.67759216308593,81.76782989501953,80.49588587443034,81.76782989501953,12800,0.0,0.0
2012-09-19 00:00:00+09:00,81.76782989501953,82.13124247233073,81.76782989501953,81.76782989501953,12400,0.0,0.0
2012-09-20 00:00:00+09:00,81.22271265302385,81.4044189453125,80.13247489929199,81.4044189453125,4800,0.0,0.0
2012-09-21 00:00:00+09:00,79.95076700846354,81.76782989501953,79.95076700846354,81.76782989501953,18000,0.0,0.0
2012-09-24 00:00:00+09:00,80.31417958577474,81.76782989501953,80.31417958577474,81.76782989501953,2400,0.0,0.0
2012-09-25 00:00:00+09:00,81.58612060546875,81.58612060546875,80.31417663166413,81.58612060546875,4800,0.0,0.0
2012-09-26 00:00:00+09:00,80.67350769042969,81.76862317944004,80.67350769042969,80.67350769042969,4000,0.5,0.0
2012-09-27 00:00:00+09:00,79.39588917981858,81.58612060546875,79.39588917981858,81.58612060546875,3600,0.0,0.0
2012-09-28 00:00:00+09:00,81.58612060546875,81.58612060546875,81.58612060546875,81.58612060546875,0,0.0,0.0
2012-10-01 00:00:00+09:00,81.76863861083984,81.76863861083984,81.76863861083984,81.76863861083984,6400,0.0,0.0
2012-10-02 00:00:00+09:00,80.30848822452485,81.58612326446047,80.12596893310547,80.12596893310547,4400,0.0,0.0
2012-10-03 00:00:00+09:00,81.22108730080471,81.22108730080471,78.48329784122703,79.76093292236328,8800,0.0,0.0
2012-10-04 00:00:00+09:00,79.57841993358038,79.9434585571289,79.57841993358038,79.9434585571289,2000,0.0,0.0
2012-10-05 00:00:00+09:00,79.3959006218061,79.9434585571289,76.84063025696638,79.9434585571289,4800,0.0,0.0
2012-10-09 00:00:00+09:00,79.94344836148349,81.22108338095926,78.84833263050426,80.30848693847656,39600,0.0,0.0
2012-10-10 00:00:00+09:00,81.22108459472656,81.22108459472656,81.22108459472656,81.22108459472656,2400,0.0,0.0
2012-10-11 00:00:00+09:00,79.2133723912614,81.22108459472656,79.2133723912614,81.22108459472656,2800,0.0,0.0
2012-10-12 00:00:00+09:00,80.30848941287479,81.03856658935547,80.30848941287479,81.03856658935547,3200,0.0,0.0
2012-10-15 00:00:00+09:00,78.11825547651812,80.30848693847656,78.11825547651812,80.30848693847656,3600,0.0,0.0
2012-10-16 00:00:00+09:00,80.30848813860604,81.22108459472656,80.30848813860604,81.22108459472656,6000,0.0,0.0
2012-10-17 00:00:00+09:00,81.03856658935547,81.03856658935547,81.03856658935547,81.03856658935547,4000,0.0,0.0
2012-10-18 00:00:00+09:00,81.03856530350245,81.22108459472656,78.11825664391678,81.22108459472656,19600,0.0,0.0
2012-10-19 00:00:00+09:00,81.03856530350245,81.22108459472656,79.76093026493372,81.22108459472656,4000,0.0,0.0
2012-10-22 00:00:00+09:00,81.22108459472656,81.22108459472656,81.03856530350245,81.22108459472656,8000,0.0,0.0
2012-10-23 00:00:00+09:00,81.22108588347564,81.22108588347564,79.94345082463445,81.03856658935547,36400,0.0,0.0
2012-10-24 00:00:00+09:00,80.67351406261022,80.85603332519531,78.8483214367593,80.85603332519531,10800,0.0,0.0
2012-10-25 00:00:00+09:00,80.8560526623704,81.03857196860599,79.03085960001441,79.21337890625,30000,0.0,0.0
2012-10-26 00:00:00+09:00,79.76092907298695,80.30848693847656,79.0308519190008,80.30848693847656,9200,0.0,0.0
2012-10-29 00:00:00+09:00,79.2133724760086,80.12596893310547,79.2133724760086,80.12596893310547,3200,0.0,0.0
2012-10-30 00:00:00+09:00,79.03086199825758,80.12597786890318,79.03086199825758,79.9434585571289,4400,0.0,0.0
2012-10-31 00:00:00+09:00,79.03085071081402,80.12596642505163,78.48329285369522,79.39588928222656,8800,0.0,0.0
2012-11-01 00:00:00+09:00,79.39588928222656,79.57840856793283,78.84833142510776,79.39588928222656,8400,0.0,0.0
2012-11-02 00:00:00+09:00,78.48329296066969,79.39588939044492,77.20565795898438,77.20565795898438,11600,0.0,0.0
2012-11-05 00:00:00+09:00,76.65810383541483,77.9357388993384,76.4755845405686,77.75321960449219,5600,0.0,0.0
2012-11-06 00:00:00+09:00,76.84061308887517,78.11824798583984,76.84061308887517,78.11824798583984,3200,0.0,0.0
2012-11-07 00:00:00+09:00,76.84061938707428,78.30077367471465,76.84061938707428,77.20565795898438,5200,0.0,0.0
2012-11-08 00:00:00+09:00,76.11054469159951,77.93573760986328,76.11054469159951,77.93573760986328,33200,0.0,0.0
2012-11-09 00:00:00+09:00,76.65810256707864,77.93573760986328,76.65810256707864,77.93573760986328,22400,0.0,0.0
2012-11-12 00:00:00+09:00,76.65809757008272,77.57069396972656,76.65809757008272,77.57069396972656,3200,0.0,0.0
2012-11-13 00:00:00+09:00,77.38818882533482,77.38818882533482,76.65811157226562,76.65811157226562,4800,0.0,0.0
2012-11-14 00:00:00+09:00,76.65810639003537,77.38818359375,76.29306778817806,77.38818359375,48000,0.0,0.0
2012-11-15 00:00:00+09:00,76.11054595087616,82.1336826808016,76.11054595087616,77.75321960449219,60400,0.0,0.0
2012-11-16 00:00:00+09:00,79.21336872205822,79.76092657036737,78.1182530254399,79.57840728759766,41600,0.0,0.0
2012-11-19 00:00:00+09:00,81.58612076552598,81.58612076552598,78.30077362060547,78.30077362060547,23600,0.0,0.0
2012-11-20 00:00:00+09:00,79.0308609008789,79.0308609008789,78.48330297315918,79.0308609008789,8800,0.0,0.0
2012-11-21 00:00:00+09:00,79.03085071081402,79.7609278536391,78.48329285369522,79.39588928222656,30800,0.0,0.0
2012-11-22 00:00:00+09:00,80.85604480396617,81.03856409246272,79.76092907298695,80.30848693847656,35600,0.0,0.0
2012-11-26 00:00:00+09:00,81.03856658935547,81.03856658935547,79.76093153051428,81.03856658935547,44400,0.0,0.0
2012-11-27 00:00:00+09:00,79.76092657036737,80.12596513590682,79.57840728759766,79.57840728759766,17200,0.0,0.0
2012-11-28 00:00:00+09:00,78.84833389316985,80.12596893310547,78.84833389316985,80.12596893310547,8800,0.0,0.0
2012-11-29 00:00:00+09:00,80.30848941287479,81.03856658935547,80.30848941287479,81.03856658935547,14800,0.0,0.0
2012-11-30 00:00:00+09:00,80.8560472952353,81.03856658935547,79.39589294227395,81.03856658935547,11200,0.0,0.0
2012-12-03 00:00:00+09:00,81.22108730080471,81.22108730080471,78.48329784122703,79.76093292236328,15200,0.0,0.0
2012-12-04 00:00:00+09:00,80.3084947436636,80.3084947436636,79.21337890625,79.21337890625,3200,0.0,0.0
2012-12-05 00:00:00+09:00,79.39589176742797,80.12596893310547,77.93573743607297,80.12596893310547,9600,0.0,0.0
2012-12-06 00:00:00+09:00,80.1259499459245,80.67350769042969,79.57839220141933,80.67350769042969,13600,0.0,0.0
2012-12-07 00:00:00+09:00,80.30846919409291,80.67350769042969,80.30846919409291,80.67350769042969,19200,0.0,0.0
2012-12-10 00:00:00+09:00,80.30848822452485,80.6735268073636,80.12596893310547,80.12596893310547,42000,0.0,0.0
2012-12-11 00:00:00+09:00,79.39587295325094,80.67350769042969,79.39587295325094,80.67350769042969,26000,0.0,0.0
2012-12-12 00:00:00+09:00,80.6735333561348,80.6735333561348,79.21337890625,79.21337890625,9600,0.0,0.0
2012-12-13 00:00:00+09:00,79.9434395095929,80.67351658273986,79.57840097301941,80.49099731445312,84400,0.0,0.0
2012-12-14 00:00:00+09:00,80.3084940681291,83.95888016213496,80.3084940681291,83.59384155273438,98800,0.0,0.0
2012-12-17 00:00:00+09:00,85.78406763076782,88.70437631607057,84.32391328811646,87.60926055908203,47200,0.0,0.0
2012-12-18 00:00:00+09:00,89.4344482421875,91.25964106345663,89.25192896006058,89.4344482421875,25200,0.0,0.0
2012-12-19 00:00:00+09:00,92.35476217269898,92.35476217269898,87.60926055908203,87.60926055908203,42800,0.0,0.0
2012-12-20 00:00:00+09:00,84.68893470605873,88.15680056686718,84.68893470605873,87.97428131103516,30400,0.0,0.0
2012-12-21 00:00:00+09:00,89.43444827371393,89.43444827371393,87.06169760522764,88.3393325805664,22400,0.0,0.0
2012-12-25 00:00:00+09:00,88.88688002960592,89.43443781212916,86.51412963867188,86.51412963867188,20400,0.0,0.0
2012-12-26 00:00:00+09:00,85.05398053108377,89.25192377618018,85.05398053108377,85.7840576171875,20800,0.0,0.0
2012-12-27 00:00:00+09:00,85.96658543833271,91.0771255493164,85.96658543833271,91.0771255493164,43200,0.0,0.0
2012-12-28 00:00:00+09:00,90.71208569335938,91.2596435546875,89.98200854492188,91.2596435546875,40800,0.0,0.0
2013-01-04 00:00:00+09:00,98.377888927721,98.377888927721,91.98971432202484,93.26734924316406,77200,0.0,0.0
2013-01-07 00:00:00+09:00,96.73523282247876,96.73523282247876,91.98973083496094,91.98973083496094,61200,0.0,0.0
2013-01-08 00:00:00+09:00,91.98973065544577,93.08484649658203,91.98973065544577,93.08484649658203,24800,0.0,0.0
2013-01-09 00:00:00+09:00,93.81490962959694,93.81490962959694,92.53727467355185,92.90231323242188,20000,0.0,0.0
2013-01-10 00:00:00+09:00,94.54500095143038,94.54500095143038,92.71980788286994,93.08484649658203,43600,0.0,0.0
2013-01-11 00:00:00+09:00,93.9974365234375,97.64782240784284,93.08484005233616,93.9974365234375,116400,0.0,0.0
2013-01-15 00:00:00+09:00,96.73521936856783,96.73521936856783,94.91002655029297,94.91002655029297,105200,0.0,0.0
2013-01-16 00:00:00+09:00,95.82263358496866,95.82263358496866,91.9897282415699,92.35476684570312,101600,0.0,0.0
2013-01-17 00:00:00+09:00,93.26734533727883,93.99742240449822,91.44215266923031,91.62467193603516,77200,0.0,0.0
2013-01-18 00:00:00+09:00,93.44986851761253,94.17994561540638,91.6246757731279,93.26734924316406,210000,0.0,0.0
2013-01-21 00:00:00+09:00,93.99743793517585,93.99743793517585,91.62468707467627,92.71980285644531,152000,0.0,0.0
2013-01-22 00:00:00+09:00,92.71980806380984,93.08484667823429,91.98973083496094,91.98973083496094,182000,0.0,0.0
2013-01-23 00:00:00+09:00,92.35476944938539,93.63240459987095,91.98973083496094,91.98973083496094,64400,0.0,0.0
2013-01-24 00:00:00+09:00,91.9897219214109,92.90231836904394,91.8072026318843,92.1722412109375,76800,0.0,0.0
2013-01-25 00:00:00+09:00,92.35475287092176,94.91002271320022,92.35475287092176,93.26734924316406,213200,0.0,0.0
2013-01-28 00:00:00+09:00,94.7275161743164,96.55270916418762,93.44988108140655,94.7275161743164,512800,0.0,0.0
2013-01-29 00:00:00+09:00,95.27505751345095,96.55269238432098,95.09253824618379,96.00513458251953,147200,0.0,0.0
2013-01-30 00:00:00+09:00,96.1876551597581,97.28277077827526,95.6400973504995,96.91773223876953,295200,0.0,0.0
2013-01-31 00:00:00+09:00,97.64783195369151,101.298218194951,96.9177547054396,99.10798645019531,231600,0.0,0.0
2013-02-01 00:00:00+09:00,100.38562296061498,101.84577747640574,98.92546844482422,98.92546844482422,126400,0.0,0.0
2013-02-04 00:00:00+09:00,100.3855973901883,105.8611754296531,100.02055885422398,103.67094421386719,165200,0.0,0.0
2013-02-05 00:00:00+09:00,104.9485867862502,106.04370247445455,103.12339397257628,104.76606750488281,75200,0.0,0.0
2013-02-06 00:00:00+09:00,106.59126859835493,112.2493667602539,104.76607564290364,112.2493667602539,206000,0.0,0.0
2013-02-07 00:00:00+09:00,111.33676544958804,112.06684260007715,105.6786675332975,108.5989761352539,161600,0.0,0.0
2013-02-08 00:00:00+09:00,111.3367523913842,111.3367523913842,105.4961358724919,108.23392486572266,56400,0.0,0.0
2013-02-12 00:00:00+09:00,109.3290545018514,111.15424739837647,106.95630373636882,109.5115737915039,76000,0.0,0.0
2013-02-13 00:00:00+09:00,107.86890058015523,109.14653561240749,101.29820612857216,104.03599548339844,162400,0.0,0.0
2013-02-14 00:00:00+09:00,104.03599923817899,105.1311150196335,103.12340275363356,104.58355712890625,22800,0.0,0.0
2013-02-15 00:00:00+09:00,105.31363973397346,105.31363973397346,100.38561846392616,102.75836944580078,100000,0.0,0.0
2013-02-18 00:00:00+09:00,102.21081152690664,104.94860112137735,101.2982149954164,102.75836944580078,100800,0.0,0.0
2013-02-19 00:00:00+09:00,104.40103406404195,104.9485919350072,102.94087974146794,104.03599548339844,45200,0.0,0.0
2013-02-20 00:00:00+09:00,104.76606747857456,108.9640109489704,104.76606747857456,105.8611831665039,40400,0.0,0.0
2013-02-21 00:00:00+09:00,106.77378483822471,109.51157419305099,102.75836045114617,104.03599548339844,158800,0.0,0.0
2013-02-22 00:00:00+09:00,105.31362534898498,105.31362534898498,103.48843253531106,104.76606750488281,2000,0.0,0.0
2013-02-25 00:00:00+09:00,104.21851205340887,108.41645562123445,104.21851205340887,107.6863784790039,61200,0.0,0.0
2013-02-26 00:00:00+09:00,104.03600898860455,106.59127938481588,104.03600898860455,106.40876007080078,70400,0.0,0.0
2013-02-27 00:00:00+09:00,105.67866772630185,105.67866772630185,104.21851342265693,105.31362915039062,17200,0.0,0.0
2013-02-28 00:00:00+09:00,114.439587944268,117.35989640855554,109.51156741078277,111.51927947998047,336000,0.0,0.0
2013-03-01 00:00:00+09:00,111.33678418536519,127.76352283566497,109.51159100199854,117.72496032714844,247600,0.0,0.0
2013-03-04 00:00:00+09:00,117.90746245273324,126.48586916369062,117.90746245273324,125.57327270507812,52800,0.0,0.0
2013-03-05 00:00:00+09:00,125.57328424384123,125.57328424384123,120.46274360601049,125.02572631835938,21200,0.0,0.0
2013-03-06 00:00:00+09:00,124.11312103271484,127.21594905853271,122.28792807635139,124.11312103271484,50400,0.0,0.0
2013-03-07 00:00:00+09:00,125.9383139890783,131.41389285816865,122.47044737198775,124.11312103271484,137200,0.0,0.0
2013-03-08 00:00:00+09:00,127.58099495305714,127.76351425914163,125.02572466787431,127.39847564697266,57200,0.0,0.0
2013-03-11 00:00:00+09:00,127.39845898471268,132.50899888667823,126.85090113807351,131.96144104003906,44800,0.0,0.0
2013-03-12 00:00:00+09:00,135.97685735428516,136.15937662590164,127.76349013154311,130.86631774902344,178000,0.0,0.0
2013-03-13 00:00:00+09:00,130.86632410331026,131.04884338378906,127.7634963351704,131.04884338378906,74400,0.0,0.0
2013-03-14 00:00:00+09:00,128.31107570966535,129.58871088742873,127.39847915412007,129.04115295410156,61200,0.0,0.0
2013-03-15 00:00:00+09:00,129.58869299195885,129.58869299195885,126.30334584568385,129.4061737060547,45200,0.0,0.0
2013-03-18 00:00:00+09:00,139.2622148142565,143.27763909461513,135.7943483903104,135.97686767578125,361600,0.0,0.0
2013-03-19 00:00:00+09:00,139.07967753655353,139.07967753655353,135.42929229937366,138.53211975097656,23600,0.0,0.0
2013-03-21 00:00:00+09:00,135.9768803403719,137.0719961551937,135.7943610379016,136.3419189453125,56800,0.0,0.0
2013-03-22 00:00:00+09:00,135.97685881843668,138.349609375,135.7943395448549,138.349609375,35600,0.0,0.0
2013-03-25 00:00:00+09:00,138.53211859561134,140.53983045931585,135.06425264921262,139.80975341796875,34000,0.0,0.0
2013-03-26 00:00:00+09:00,138.71466184129903,140.17481617647059,135.0642760033701,139.62725830078125,61200,0.0,0.0
2013-03-27 00:00:00+09:00,138.89718828651945,142.91261291503906,136.88947597225965,142.91261291503906,75200,0.0,0.0
2013-03-28 00:00:00+09:00,142.3650524358081,143.27764892578125,137.80206998594247,143.27764892578125,30000,0.0,0.0
2013-03-29 00:00:00+09:00,142.18253037091043,146.9280320264222,140.35733742648281,145.83291625976562,121600,0.0,0.0
2013-04-01 00:00:00+09:00,146.0154266357422,146.19794591903687,139.07969387054442,146.0154266357422,138000,0.0,0.0
2013-04-02 00:00:00+09:00,144.00771740290125,144.00771740290125,136.8894652118833,139.07969665527344,121200,0.0,0.0
2013-04-03 00:00:00+09:00,144.19024917679997,145.46788429608804,140.72238242444655,143.82521057128906,44000,0.0,0.0
2013-04-04 00:00:00+09:00,142.36504749901968,142.36504749901968,139.26221954070772,141.81748962402344,38000,0.0,0.0
2013-04-05 00:00:00+09:00,142.36504478792173,147.2930655690421,142.00000621154246,144.3727569580078,273200,0.0,0.0
2013-04-08 00:00:00+09:00,146.01541643765702,147.84060914312775,144.19022373218633,145.28533935546875,168000,0.0,0.0
2013-04-09 00:00:00+09:00,146.19794591903687,146.92802305221556,146.0154266357422,146.0154266357422,97600,0.0,0.0
2013-04-10 00:00:00+09:00,146.01542656057575,151.49100505659732,146.01542656057575,148.20565795898438,188800,0.0,0.0
2013-04-11 00:00:00+09:00,148.20566531261764,153.86376337258213,148.20566531261764,151.4910125732422,124400,0.0,0.0
2013-04-12 00:00:00+09:00,153.13367831207984,156.96658325195312,152.4036011806754,156.96658325195312,156400,0.0,0.0
2013-04-15 00:00:00+09:00,158.97431793046854,167.73524475097656,158.79179862170795,167.73524475097656,174800,0.0,0.0
2013-04-16 00:00:00+09:00,159.15681437353732,167.5527013703065,159.15681437353732,165.72750854492188,77600,0.0,0.0
2013-04-17 00:00:00+09:00,166.09255744086371,166.82263461642796,163.902325914171,164.26736450195312,115600,0.0,0.0
2013-04-18 00:00:00+09:00,163.902325914171,166.09255744086371,163.35476803249784,164.26736450195312,60800,0.0,0.0
2013-04-19 00:00:00+09:00,164.26738346137873,165.36249935112124,161.52959373702242,164.81494140625,58800,0.0,0.0
2013-04-22 00:00:00+09:00,166.6401147271833,174.3059250432202,165.9100375542274,170.8380584716797,256800,0.0,0.0
2013-04-23 00:00:00+09:00,175.03600511483268,180.51158400267937,173.39333144847868,180.14654541015625,146400,0.0,0.0
2013-04-24 00:00:00+09:00,181.97172428053253,187.99486059072066,177.04370366310587,178.868896484375,221600,0.0,0.0
2013-04-25 00:00:00+09:00,178.86888254233423,179.78147888183594,175.21849718432742,179.78147888183594,138400,0.0,0.0
2013-04-26 00:00:00+09:00,185.07456038625617,185.98715683786494,173.39332580566406,173.39332580566406,303600,0.0,0.0
2013-04-30 00:00:00+09:00,174.3059081869439,174.3059081869439,170.10796484841018,172.1156768798828,128000,0.0,0.0
2013-05-01 00:00:00+09:00,172.48071159200464,173.21078867810837,170.83803814827127,171.568115234375,149200,0.0,0.0
2013-05-02 00:00:00+09:00,171.38560104370117,171.38560104370117,165.72750345865887,166.45758056640625,178000,0.0,0.0
2013-05-07 00:00:00+09:00,166.64010620117188,169.37789545967962,165.36247121386825,166.64010620117188,147200,0.0,0.0
2013-05-08 00:00:00+09:00,166.4575905635439,171.9331692005026,165.91003269984805,169.37789916992188,190400,0.0,0.0
2013-05-09 00:00:00+09:00,172.48072547634152,175.94859191449018,172.11568690390482,175.03599548339844,278800,0.0,0.0
2013-05-10 00:00:00+09:00,177.59126157208908,179.78149295838412,173.39331808169027,176.6786651611328,374400,0.0,0.0
2013-05-13 00:00:00+09:00,177.04371129218066,179.59898135206782,174.48844123229352,177.77378845214844,297600,0.0,0.0
2013-05-14 00:00:00+09:00,176.8612123784331,177.77380893353336,174.85349995721248,177.04373168945312,217200,0.0,0.0
2013-05-15 00:00:00+09:00,177.95629243592958,177.95629243592958,173.75834912718457,175.5835418701172,269200,0.0,0.0
2013-05-16 00:00:00+09:00,173.5758560779048,175.03601049286087,167.0051612106024,167.55271911621094,227200,0.0,0.0
2013-05-17 00:00:00+09:00,171.56811905311756,174.67094673812073,166.09254078546488,172.1156768798828,106800,0.0,0.0
2013-05-20 00:00:00+09:00,174.85345854176035,179.23392096869378,174.12338147060476,177.59124755859375,200400,0.0,0.0
2013-05-21 00:00:00+09:00,175.21851221058793,179.23393644874724,173.94087722571905,175.40103149414062,124400,0.0,0.0
2013-05-22 00:00:00+09:00,175.2185389891049,175.2185389891049,172.48074931740013,174.85350036621094,44400,0.0,0.0
2013-05-23 00:00:00+09:00,174.85346596243627,174.85346596243627,165.54498291015625,165.54498291015625,132400,0.0,0.0
2013-05-24 00:00:00+09:00,164.81490580801665,168.1002527676449,160.6169624707139,165.54498291015625,171200,0.0,0.0
2013-05-27 00:00:00+09:00,163.5372999237805,167.91776331459602,158.79179791706363,164.63241577148438,64000,0.0,0.0
2013-05-28 00:00:00+09:00,159.15683369865584,167.18768310546875,158.97431439395555,167.18768310546875,72000,0.0,0.0
2013-05-29 00:00:00+09:00,164.44987227643122,167.37018077412588,164.44987227643122,167.00514221191406,16000,0.0,0.0
2013-05-30 00:00:00+09:00,162.62466296331607,166.82260600277317,161.71206665039062,161.71206665039062,50800,0.0,0.0
2013-05-31 00:00:00+09:00,164.2673505246973,165.7275047515835,162.8071962978111,162.98971557617188,25200,0.0,0.0
2013-06-03 00:00:00+09:00,160.98201503188844,161.71209219756594,159.7043799919528,160.25193786621094,36000,0.0,0.0
2013-06-04 00:00:00+09:00,156.05398683769758,156.96658325195312,150.94344691786654,156.96658325195312,74000,0.0,0.0
2013-06-05 00:00:00+09:00,156.96661114969274,160.2519588249189,155.50645662737003,157.33164978027344,10000,0.0,0.0
2013-06-06 00:00:00+09:00,156.9665871607851,156.9665871607851,148.93573851534958,155.32391357421875,60000,0.0,0.0
2013-06-07 00:00:00+09:00,138.89715639351303,145.83288825021933,133.60409787128978,145.4678497314453,161600,0.0,0.0
2013-06-10 00:00:00+09:00,149.66582676149764,156.05400229400058,149.66582676149764,154.7763671875,19200,0.0,0.0
2013-06-11 00:00:00+09:00,154.77636246980677,155.14140106053745,149.6658221995773,151.1259765625,46000,0.0,0.0
2013-06-12 00:00:00+09:00,151.1259727894176,151.1259727894176,148.75322200890741,150.5784149169922,12400,0.0,0.0
2013-06-13 00:00:00+09:00,150.39588943481445,150.39588943481445,137.07198175430298,146.0154266357422,48800,0.0,0.0
2013-06-14 00:00:00+09:00,146.0154266357422,149.48329301834107,145.65038806915283,146.0154266357422,22000,0.0,0.0
2013-06-17 00:00:00+09:00,146.1979471526531,148.7532171403399,146.01542786781832,146.9280242919922,6400,0.0,0.0
2013-06-18 00:00:00+09:00,144.55526863680467,145.83290358687742,137.80205532927718,141.08740234375,82400,0.0,0.0
2013-06-19 00:00:00+09:00,141.45243962605795,141.45243962605795,137.80205408732098,140.1748046875,92800,0.0,0.0
2013-06-20 00:00:00+09:00,138.71465047200522,138.71465047200522,136.52441914876303,137.9845733642578,120800,0.0,0.0
2013-06-21 00:00:00+09:00,135.97688971163467,135.97688971163467,131.77894546550365,133.96917724609375,176400,0.0,0.0
2013-06-24 00:00:00+09:00,133.23908738099811,136.8894733366419,131.41389440317622,133.6041259765625,101600,0.0,0.0
2013-06-25 00:00:00+09:00,131.41387170102416,133.2390643635384,129.77119830476136,130.31875610351562,50000,0.0,0.0
2013-06-26 00:00:00+09:00,130.5012894214797,131.41388585100054,128.31105799062968,129.4061737060547,36000,0.0,0.0
2013-06-27 00:00:00+09:00,128.8586332403403,131.4139035878825,128.31107530872416,131.23138427734375,60400,0.0,0.0
2013-06-28 00:00:00+09:00,131.4139013671875,140.17482812499998,131.4139013671875,136.8894805908203,104800,0.0,0.0
2013-07-01 00:00:00+09:00,136.88944525258037,142.36502306268358,136.88944525258037,139.80975341796875,34000,0.0,0.0
2013-07-02 00:00:00+09:00,142.36505947849372,149.48331245241843,142.36505947849372,146.56300354003906,72400,0.0,0.0
2013-07-03 00:00:00+09:00,149.3007737350464,149.3007737350464,145.1028302192688,146.0154266357422,46000,0.0,0.0
2013-07-04 00:00:00+09:00,145.2853265949701,145.65036510400267,142.54753777722567,144.9202880859375,23200,0.0,0.0
2013-07-05 00:00:00+09:00,144.92031482257673,145.6503919753353,144.19023766981817,144.3727569580078,42800,0.0,0.0
2013-07-08 00:00:00+09:00,146.01542796343,148.57069795279003,144.73779296875,144.73779296875,64000,0.0,0.0
2013-07-09 00:00:00+09:00,146.74552284706277,147.2930807681339,145.4678876978968,146.56300354003906,26000,0.0,0.0
2013-07-10 00:00:00+09:00,148.75322081403036,151.49101015416588,147.8406243673185,149.6658172607422,117200,0.0,0.0
2013-07-11 00:00:00+09:00,149.6658143797121,158.4267400995001,148.75321795056752,156.60154724121094,78400,0.0,0.0
2013-07-12 00:00:00+09:00,157.87918707775907,162.07713078040467,157.87918707775907,160.25193786621094,55200,0.0,0.0
2013-07-16 00:00:00+09:00,162.44216676191851,164.08484035838734,160.61697387695312,160.61697387695312,114400,0.0,0.0
2013-07-17 00:00:00+09:00,161.71208960793234,161.71208960793234,159.70437743447044,160.61697387695312,16400,0.0,0.0
2013-07-18 00:00:00+09:00,160.61695489357774,162.44214756282295,158.79176222433256,162.25962829589844,83200,0.0,0.0
2013-07-19 00:00:00+09:00,162.44216936324344,162.44216936324344,159.8868992833722,160.25193786621094,48400,0.0,0.0
2013-07-22 00:00:00+09:00,162.259654107659,162.4421734036181,158.60926818847656,158.60926818847656,54400,0.0,0.0
2013-07-23 00:00:00+09:00,156.9665869140625,162.077126953125,155.32391333007814,159.70437622070312,35200,0.0,0.0
2013-07-24 00:00:00+09:00,159.70438396423128,159.70438396423128,157.1491138208036,158.60926818847656,28400,0.0,0.0
2013-07-25 00:00:00+09:00,158.60927337470082,158.60927337470082,156.9665996573564,157.8791961669922,19600,0.0,0.0
2013-07-26 00:00:00+09:00,155.14138793945312,155.8714650591682,155.14138793945312,155.14138793945312,24800,0.0,0.0
2013-07-29 00:00:00+09:00,156.41903205242636,156.41903205242636,152.58612694962477,152.76864624023438,36000,0.0,0.0
2013-07-30 00:00:00+09:00,151.49098874811543,156.05397033691406,151.49098874811543,156.05397033691406,16400,0.0,0.0
2013-07-31 00:00:00+09:00,156.78406266825147,177.9562993033122,152.40359991616992,158.2442169189453,189600,0.0,0.0
2013-08-01 00:00:00+09:00,161.34704980468752,161.34704980468752,152.22108544921875,159.70437622070312,72800,0.0,0.0
2013-08-02 00:00:00+09:00,159.70438630643287,160.43446350097656,159.33934770916102,160.43446350097656,71200,0.0,0.0
2013-08-05 00:00:00+09:00,162.44219031180785,165.91005729599252,160.61699716223697,164.81494140625,108000,0.0,0.0
2013-08-06 00:00:00+09:00,164.2673581540253,165.17995458821431,163.90231958034968,164.0848388671875,48400,0.0,0.0
2013-08-07 00:00:00+09:00,165.36246619486195,165.36246619486195,162.98971557617188,162.98971557617188,18800,0.0,0.0
2013-08-08 00:00:00+09:00,162.8072039788041,165.5449932833804,161.8946075439453,161.8946075439453,93200,0.0,0.0
2013-08-09 00:00:00+09:00,164.2673633085283,164.2673633085283,161.71209321261784,163.35476684570312,37600,0.0,0.0
2013-08-12 00:00:00+09:00,163.90231196797575,163.90231196797575,162.077119184368,162.98971557617188,6800,0.0,0.0
2013-08-13 00:00:00+09:00,163.90232214614034,164.08484143583536,162.44216782858007,163.7198028564453,10800,0.0,0.0
2013-08-14 00:00:00+09:00,163.90232093024147,164.63239808360558,162.0771280468312,162.8072052001953,55600,0.0,0.0
2013-08-15 00:00:00+09:00,164.26737423026407,167.73524101956963,162.80721979266173,167.18768310546875,86400,0.0,0.0
2013-08-16 00:00:00+09:00,167.55267857990304,170.29046744558775,167.00512080676612,169.01283264160156,38800,0.0,0.0
2013-08-19 00:00:00+09:00,168.1002692680854,169.01286573533886,166.6401149204799,168.6478271484375,15200,0.0,0.0
2013-08-20 00:00:00+09:00,168.64781832407755,168.64781832407755,166.64010620117188,166.64010620117188,11200,0.0,0.0
2013-08-21 00:00:00+09:00,166.82263723938397,168.83034950375293,163.3547706009285,163.90232849121094,74000,0.0,0.0
2013-08-22 00:00:00+09:00,164.26735435213362,164.26735435213362,163.5372772216797,163.5372772216797,20000,0.0,0.0
2013-08-23 00:00:00+09:00,164.08482996622723,168.1002540588379,164.08482996622723,166.45758056640625,62000,0.0,0.0
2013-08-26 00:00:00+09:00,166.45758056640625,166.6400998433431,166.45758056640625,166.45758056640625,14400,0.0,0.0
2013-08-27 00:00:00+09:00,166.4575932542396,166.8226318359375,166.09255467254172,166.8226318359375,8000,0.0,0.0
2013-08-28 00:00:00+09:00,166.45758311512708,166.45758311512708,160.7994854434506,166.09254455566406,22400,0.0,0.0
2013-08-29 00:00:00+09:00,163.53728112669108,164.99743542246512,161.8946075439453,161.8946075439453,16800,0.0,0.0
2013-08-30 00:00:00+09:00,161.71209599021887,162.44217317301894,160.79949951171875,160.79949951171875,14800,0.0,0.0
2013-09-02 00:00:00+09:00,160.61698162855762,160.61698162855762,159.52186584472656,159.52186584472656,20400,0.0,0.0
2013-09-03 00:00:00+09:00,159.70439780248356,162.44218747909756,159.5218784907093,159.8869171142578,26400,0.0,0.0
2013-09-04 00:00:00+09:00,159.88690848819093,159.88690848819093,157.51415756313787,157.8791961669922,51200,0.0,0.0
2013-09-05 00:00:00+09:00,160.9819934274268,162.25962829589844,160.79947416050226,162.25962829589844,56000,0.0,0.0
2013-09-06 00:00:00+09:00,162.44215263754634,162.80719118279924,161.52955627441406,161.52955627441406,37200,0.0,0.0
2013-09-09 00:00:00+09:00,165.17997369533632,165.17997369533632,161.52958753632336,164.63241577148438,26000,0.0,0.0
2013-09-10 00:00:00+09:00,165.91005166337072,167.73524475097656,164.81493581080724,167.73524475097656,21600,0.0,0.0
2013-09-11 00:00:00+09:00,167.917720748918,168.2827592722852,167.18764370218358,167.3701629638672,17200,0.0,0.0
2013-09-12 00:00:00+09:00,162.6246908569336,165.7275188530816,162.6246908569336,164.26736450195312,22400,0.0,0.0
2013-09-13 00:00:00+09:00,164.2673429621038,167.0051320114722,164.0848236921459,166.27505493164062,15600,0.0,0.0
2013-09-17 00:00:00+09:00,163.53726588227224,166.6400934715564,163.53726588227224,166.27505493164062,54800,0.0,0.0
2013-09-18 00:00:00+09:00,165.7275148901609,167.00514991684716,165.7275148901609,165.9100341796875,24000,0.0,0.0
2013-09-19 00:00:00+09:00,167.00512444049997,167.3701629638672,165.91000887039831,167.3701629638672,32000,0.0,0.0
2013-09-20 00:00:00+09:00,167.73522557883427,169.37789916992188,167.0051484272398,169.37789916992188,68400,0.0,0.0
2013-09-24 00:00:00+09:00,169.74294233322144,176.67867546081544,168.83034586906433,175.21852111816406,310800,0.0,0.0
2013-09-25 00:00:00+09:00,172.4807399626701,173.3933364704091,169.37791183635753,169.74295043945312,104000,0.0,0.0
2013-09-26 00:00:00+09:00,169.55453491210938,170.49650455051,165.78665635850695,169.55453491210938,95600,7.25,0.0
2013-09-27 00:00:00+09:00,169.74294948268582,175.20637404983108,169.74294948268582,174.264404296875,22800,0.0,0.0
2013-09-30 00:00:00+09:00,174.07599038814314,174.07599038814314,169.5545360923472,170.4965057373047,30000,0.0,0.0
2013-10-01 00:00:00+09:00,171.0616875242792,171.0616875242792,170.1197178793217,170.4965057373047,14000,0.0,0.0
2013-10-02 00:00:00+09:00,170.68486795927348,172.00362521723696,169.5545045953048,171.8152313232422,34000,0.0,0.0
2013-10-03 00:00:00+09:00,171.81524913075208,171.81524913075208,169.36612825498477,171.43846130371094,19200,0.0,0.0
2013-10-04 00:00:00+09:00,169.36614098442925,169.55453491210938,167.67059563530816,169.55453491210938,52800,0.0,0.0
2013-10-07 00:00:00+09:00,170.49650316333035,171.438472794067,169.55453353259372,170.873291015625,52400,0.0,0.0
2013-10-08 00:00:00+09:00,171.2500814532707,171.2500814532707,169.5545360923472,170.4965057373047,32000,0.0,0.0
2013-10-09 00:00:00+09:00,170.49649682792344,170.6848907470703,168.61255763645468,170.6848907470703,32000,0.0,0.0
2013-10-10 00:00:00+09:00,169.36614588598846,171.0616912841797,169.36614588598846,171.0616912841797,174800,0.0,0.0
2013-10-11 00:00:00+09:00,171.8152592698646,172.75722889305464,171.8152592698646,172.19204711914062,28000,0.0,0.0
2013-10-15 00:00:00+09:00,172.94563471674255,172.94563471674255,167.6706044639443,169.36614990234375,163200,0.0,0.0
2013-10-16 00:00:00+09:00,169.36613208631036,170.11970775743964,168.61255641518105,169.742919921875,21200,0.0,0.0
2013-10-17 00:00:00+09:00,170.873291015625,171.25007886791965,167.29380641882582,170.873291015625,66400,0.0,0.0
2013-10-18 00:00:00+09:00,170.87327956314925,171.81524913075208,169.93130999554646,171.43846130371094,35600,0.0,0.0
2013-10-21 00:00:00+09:00,171.8152681749726,172.003662109375,171.0616924373631,172.003662109375,52400,0.0,0.0
2013-10-22 00:00:00+09:00,172.38046584590788,176.14834488079111,172.19207189416372,175.2063751220703,128400,0.0,0.0
2013-10-23 00:00:00+09:00,176.3367194520018,177.65547696927106,175.58314372784795,176.9019012451172,65200,0.0,0.0
2013-10-24 00:00:00+09:00,176.90191804288284,178.03228173644757,175.20637250253571,175.58316040039062,60400,0.0,0.0
2013-10-25 00:00:00+09:00,175.5831350129226,176.71349854304873,174.4527714827965,174.82955932617188,36400,0.0,0.0
2013-10-28 00:00:00+09:00,175.2063344209807,176.7134856848171,174.4527587890625,174.4527587890625,19200,0.0,0.0
2013-10-29 00:00:00+09:00,176.7135256545608,176.90191960515202,174.264404296875,174.264404296875,41600,0.0,0.0
2013-10-30 00:00:00+09:00,176.14830910771633,176.14830910771633,173.3224004054535,173.69918823242188,57600,0.0,0.0
2013-10-31 00:00:00+09:00,173.69922244510136,173.69922244510136,173.69922244510136,174.264404296875,0,0.0,0.0
2013-11-01 00:00:00+09:00,174.6411577998428,174.6411577998428,172.75721866500092,173.69918823242188,35600,0.0,0.0
2013-11-05 00:00:00+09:00,175.01796217900906,175.01796217900906,172.56884107209075,174.64117431640625,14000,0.0,0.0
2013-11-06 00:00:00+09:00,174.64117431640625,175.7715379042147,172.94562893469356,174.64117431640625,50400,0.0,0.0
2013-11-07 00:00:00+09:00,174.64119219805744,174.64119219805744,174.264404296875,174.264404296875,7200,0.0,0.0
2013-11-08 00:00:00+09:00,174.6411847435222,174.6411847435222,173.134033203125,173.134033203125,12000,0.0,0.0
2013-11-11 00:00:00+09:00,173.32241467217716,173.32241467217716,170.4965057373047,170.4965057373047,20000,0.0,0.0
2013-11-12 00:00:00+09:00,172.56882993853907,172.75722385768597,170.49649682792344,170.6848907470703,44800,0.0,0.0
2013-11-13 00:00:00+09:00,173.134033203125,174.26439685842288,170.6849119499796,173.134033203125,58400,0.0,0.0
2013-11-14 00:00:00+09:00,173.13402398972283,201.39311386835007,173.13402398972283,197.81362915039062,1158400,0.0,0.0
2013-11-15 00:00:00+09:00,200.6395445586839,204.40742332973898,194.04575670933747,198.0020294189453,567600,0.0,0.0
2013-11-18 00:00:00+09:00,203.08865963440223,209.1172654862583,203.08865963440223,205.53778076171875,444800,0.0,0.0
2013-11-19 00:00:00+09:00,205.9145965576172,208.17532405870722,204.97262676549633,205.9145965576172,220400,0.0,0.0
2013-11-20 00:00:00+09:00,205.16098656610612,205.91456227433792,201.76989587906306,205.34938049316406,159200,0.0,0.0
2013-11-21 00:00:00+09:00,203.46543641847984,204.03061818630894,201.5814971923828,201.5814971923828,116400,0.0,0.0
2013-11-22 00:00:00+09:00,204.40739313761395,206.29133224487305,203.46542358398438,205.7261505126953,111200,0.0,0.0
2013-11-25 00:00:00+09:00,206.8565422696689,214.01551185641517,206.47975439668227,213.82711791992188,276000,0.0,0.0
2013-11-26 00:00:00+09:00,215.1458900528725,225.13076936355745,215.1458900528725,223.81201171875,289200,0.0,0.0
2013-11-27 00:00:00+09:00,226.07270103087401,227.2030645360284,211.00118762881576,211.3779754638672,502000,0.0,0.0
2013-11-28 00:00:00+09:00,215.8994356669232,221.92804120038005,214.9574660523206,216.08782958984375,152000,0.0,0.0
2013-11-29 00:00:00+09:00,216.65304722956995,216.65304722956995,214.76910768844326,215.33428955078125,62800,0.0,0.0
2013-12-02 00:00:00+09:00,215.33425034114293,216.087826020377,207.2333117893764,211.00119018554688,145600,0.0,0.0
2013-12-03 00:00:00+09:00,211.00121177380686,213.26193904281195,210.62442389563935,211.18960571289062,52400,0.0,0.0
2013-12-04 00:00:00+09:00,209.49402495659723,211.94314575195312,209.30563104926216,211.94314575195312,48000,0.0,0.0
2013-12-05 00:00:00+09:00,211.94315978458948,214.20388682229176,211.00119018554688,211.00119018554688,87600,0.0,0.0
2013-12-06 00:00:00+09:00,209.68244675435295,211.0012042811099,209.1172649571714,210.05923461914062,72800,0.0,0.0
2013-12-09 00:00:00+09:00,212.31996755767287,222.30484624494588,211.94317968268143,214.7690887451172,108800,0.0,0.0
2013-12-10 00:00:00+09:00,213.82711154406422,226.6378988436205,213.82711154406422,225.8843231201172,320800,0.0,0.0
2013-12-11 00:00:00+09:00,226.26110098186632,226.26110098186632,222.30482860832828,222.87001037597656,106400,0.0,0.0
2013-12-12 00:00:00+09:00,220.42086169237209,223.62355797337236,220.42086169237209,222.49319458007812,20400,0.0,0.0
2013-12-13 00:00:00+09:00,223.6235979909686,232.47811282296146,223.6235979909686,230.02899169921875,244000,0.0,0.0
2013-12-16 00:00:00+09:00,233.79684584526865,233.79684584526865,225.69590759277347,225.69590759277344,210000,0.0,0.0
2013-12-17 00:00:00+09:00,228.33343189664689,240.01385498046875,228.33343189664689,240.01385498046875,391600,0.0,0.0
2013-12-18 00:00:00+09:00,237.37635306182375,249.43356464591636,236.8111712688194,248.11480712890625,371600,0.0,0.0
2013-12-19 00:00:00+09:00,257.1576933220251,265.2586316464552,248.86836108307338,252.44784545898438,618800,0.0,0.0
2013-12-20 00:00:00+09:00,252.44783557300835,269.4032872159716,250.18710868727993,267.51934814453125,519200,0.0,0.0
2013-12-24 00:00:00+09:00,264.8818873563259,268.6497662660887,257.1577355913121,261.8675842285156,483200,0.0,0.0
2013-12-25 00:00:00+09:00,260.54881257087953,273.17120623844926,257.157721734816,262.8095397949219,516400,0.0,0.0
2013-12-26 00:00:00+09:00,263.75148228236606,281.6489042943838,263.75148228236606,276.9390563964844,231200,0.0,0.0
2013-12-27 00:00:00+09:00,277.6926417874974,285.2283986881079,276.93906609743635,284.4748229980469,128800,0.0,0.0
2013-12-30 00:00:00+09:00,288.2427563187639,291.6338475695729,286.35881673498113,286.5472106933594,239200,0.0,0.0
2014-01-06 00:00:00+09:00,287.3007513220353,292.01059970436376,281.6489332632412,282.779296875,218000,0.0,0.0
2014-01-07 00:00:00+09:00,283.7212860271055,288.2427407845096,269.780133858443,281.0837707519531,272800,0.0,0.0
2014-01-08 00:00:00+09:00,286.3587312967909,286.3587312967909,278.63458130786427,279.9533386230469,79200,0.0,0.0
2014-01-09 00:00:00+09:00,282.590887185111,295.5900679956261,282.590887185111,289.56146240234375,310400,0.0,0.0
2014-01-10 00:00:00+09:00,291.4453884616132,303.3142051862943,291.25699454534845,302.7490234375,334000,0.0,0.0
2014-01-14 00:00:00+09:00,292.0106179373605,298.60440608433316,289.74989057268414,290.1266784667969,229600,0.0,0.0
2014-01-15 00:00:00+09:00,299.35798049258045,300.29995022352,281.08376771235373,283.7212829589844,158000,0.0,0.0
2014-01-16 00:00:00+09:00,284.4748677098474,291.633837890625,282.7793221407158,283.53289794921875,92000,0.0,0.0
2014-01-17 00:00:00+09:00,289.37312334107503,290.12669918310905,281.4605769997175,283.9096984863281,89600,0.0,0.0
2014-01-20 00:00:00+09:00,287.1122989963841,287.1122989963841,278.8229675292969,278.8229675292969,142800,0.0,0.0
2014-01-21 00:00:00+09:00,278.8230517114357,280.51859729616746,276.18553635740864,277.69268798828125,105200,0.0,0.0
2014-01-22 00:00:00+09:00,275.43194059655576,277.69266787915404,275.2435466563393,276.1855163574219,46400,0.0,0.0
2014-01-23 00:00:00+09:00,282.4024915095517,283.72124897490653,275.99709810639973,278.6346130371094,125200,0.0,0.0
2014-01-24 00:00:00+09:00,273.9247845534962,276.5622996729934,268.27296644028786,272.4176330566406,185600,0.0,0.0
2014-01-27 00:00:00+09:00,261.8675445068868,272.79439168774974,261.8675445068868,271.0988464355469,99200,0.0,0.0
2014-01-28 00:00:00+09:00,270.9105369410022,278.63468994140624,269.9685670629041,273.1712646484375,141600,0.0,0.0
2014-01-29 00:00:00+09:00,274.48997089547316,277.69266787915404,272.79442543352445,276.1855163574219,200400,0.0,0.0
2014-01-30 00:00:00+09:00,273.35959560850193,284.28644367555444,271.66405021878694,279.01141357421875,286000,0.0,0.0
2014-01-31 00:00:00+09:00,279.76501206402725,282.21413338175944,266.5774357377768,266.9542236328125,204000,0.0,0.0
2014-02-03 00:00:00+09:00,263.7514862595943,278.8229997601425,259.04163829067295,268.4613342285156,143600,0.0,0.0
2014-02-04 00:00:00+09:00,254.89696766537827,261.86754253871084,249.81033194700044,251.12908935546875,242400,0.0,0.0
2014-02-05 00:00:00+09:00,253.20146631595478,269.40334585700543,250.56395104183025,262.4327697753906,121600,0.0,0.0
2014-02-06 00:00:00+09:00,260.5487969676404,270.7220688665938,260.5487969676404,269.5917053222656,18800,0.0,0.0
2014-02-07 00:00:00+09:00,273.17119230419956,273.17119230419956,269.96849556684,271.47564697265625,33200,0.0,0.0
2014-02-10 00:00:00+09:00,277.1274224564836,278.8229675292969,273.3595445168985,278.8229675292969,44800,0.0,0.0
2014-02-12 00:00:00+09:00,278.82302648416817,285.60520820945874,278.82302648416817,284.6632385253906,123200,0.0,0.0
2014-02-13 00:00:00+09:00,282.96767433696886,284.2864318072477,279.7649776234346,281.8373107910156,65200,0.0,0.0
2014-02-14 00:00:00+09:00,278.4462497164709,281.4605528257155,268.64976461142595,270.9104919433594,98000,0.0,0.0
2014-02-17 00:00:00+09:00,270.9104501310193,270.9104501310193,262.99790569047485,264.6934509277344,60400,0.0,0.0
2014-02-18 00:00:00+09:00,263.3747379847935,264.5051016671317,260.92561667306086,263.75152587890625,56000,0.0,0.0
2014-02-19 00:00:00+09:00,263.75147501627606,266.9541714986166,260.9255663553874,262.24432373046875,44400,0.0,0.0
2014-02-20 00:00:00+09:00,262.9979266826923,263.5631084735577,254.3318058894231,257.15771484375,102400,0.0,0.0
2014-02-21 00:00:00+09:00,261.8675745002047,263.18633206963017,256.215756345524,258.853271484375,28400,0.0,0.0
2014-02-24 00:00:00+09:00,258.09968354086493,258.09968354086493,253.3898353010681,253.95501708984375,54400,0.0,0.0
2014-02-25 00:00:00+09:00,259.23008095456447,259.60686886292865,252.82468651237318,253.57826232910156,56400,0.0,0.0
2014-02-26 00:00:00+09:00,252.25946438438015,259.4184335005911,249.99873729505038,250.5639190673828,55600,0.0,0.0
2014-02-27 00:00:00+09:00,250.56392164115445,250.56392164115445,248.67998238069464,250.1871337890625,35200,0.0,0.0
2014-02-28 00:00:00+09:00,247.9264447418536,250.18717220150577,247.9264447418536,249.0568084716797,20000,0.0,0.0
2014-03-03 00:00:00+09:00,250.37551239924645,253.20142111707088,243.02814973290285,252.44784545898438,117600,0.0,0.0
2014-03-04 00:00:00+09:00,250.56390640583444,251.129088149607,245.85405854106313,247.9263916015625,28000,0.0,0.0
2014-03-05 00:00:00+09:00,252.25946438438015,252.44785830849096,249.43355552271794,250.5639190673828,28400,0.0,0.0
2014-03-06 00:00:00+09:00,256.2157633885201,256.2157633885201,253.38985423349965,254.5202178955078,100800,0.0,0.0
2014-03-07 00:00:00+09:00,260.1720149072726,264.69346918516874,259.6068331225356,259.79522705078125,90800,0.0,0.0
2014-03-10 00:00:00+09:00,263.3747023884048,265.6354294475327,261.30236925087087,264.50506591796875,74000,0.0,0.0
2014-03-11 00:00:00+09:00,263.93990196413046,265.2586595042796,263.93990196413046,264.1282958984375,72000,0.0,0.0
2014-03-12 00:00:00+09:00,263.37468845646293,267.3309606006587,262.9979006332062,265.447021484375,123200,0.0,0.0
2014-03-13 00:00:00+09:00,261.8675842285156,263.56312973790887,260.1720387191223,261.8675842285156,87600,0.0,0.0
2014-03-14 00:00:00+09:00,261.6791573565939,261.6791573565939,258.0996728427168,259.9836120605469,74000,0.0,0.0
2014-03-17 00:00:00+09:00,259.9836583953014,259.9836583953014,251.5059304041503,252.25950622558594,49200,0.0,0.0
2014-03-18 00:00:00+09:00,252.07107872596154,258.28807842548076,249.24516977163464,257.15771484375,75200,0.0,0.0
2014-03-19 00:00:00+09:00,262.8095406378295,266.0122375488281,262.2443588300062,266.0122375488281,70000,0.0,0.0
2014-03-20 00:00:00+09:00,263.5631042084136,265.25864955357144,256.40413497330303,261.1139831542969,53600,0.0,0.0
2014-03-24 00:00:00+09:00,265.2586603682171,267.33099365234375,258.09969084123395,267.33099365234375,39600,0.0,0.0
2014-03-25 00:00:00+09:00,264.5051240608667,271.0989127660878,264.5051240608667,270.3453369140625,42800,0.0,0.0
2014-03-26 00:00:00+09:00,270.3452966110735,271.28726628567654,263.7515088888522,267.33099365234375,35200,0.0,0.0
2014-03-27 00:00:00+09:00,267.1426011644747,267.1426011644747,259.98363159871303,266.0122375488281,18400,0.0,0.0
2014-03-28 00:00:00+09:00,266.0122248656361,266.0122248656361,262.05595239950406,265.63543701171875,24800,0.0,0.0
2014-03-31 00:00:00+09:00,267.3310070011314,271.6640677206705,266.01224939083687,270.9104919433594,37200,0.0,0.0
2014-04-01 00:00:00+09:00,273.17126667330047,278.6346920067665,271.6641148571719,278.2579040527344,172400,0.0,0.0
2014-04-02 00:00:00+09:00,279.1998231600871,280.70697470211184,273.17121699198805,276.7507019042969,81200,0.0,0.0
2014-04-03 00:00:00+09:00,275.8087065564137,280.5185546875,275.8087065564137,280.5185546875,43200,0.0,0.0
2014-04-04 00:00:00+09:00,278.82302423384414,282.96769081029316,278.82302423384414,282.779296875,49600,0.0,0.0
2014-04-07 00:00:00+09:00,281.08373646323037,281.83731216420415,276.5622822573875,280.5185546875,36800,0.0,0.0
2014-04-08 00:00:00+09:00,276.5622915465975,278.63462479388124,273.92477650459995,275.8087158203125,54400,0.0,0.0
2014-04-09 00:00:00+09:00,273.1711795215726,273.1711795215726,270.91045251863545,271.0988464355469,73200,0.0,0.0
2014-04-10 00:00:00+09:00,265.44707668271656,268.838167797187,262.9979553222656,262.9979553222656,74800,0.0,0.0
2014-04-11 00:00:00+09:00,257.3461059835875,261.67916633323796,254.52019705990247,259.79522705078125,64000,0.0,0.0
2014-04-14 00:00:00+09:00,255.27377277288514,259.9836209790269,255.27377277288514,259.79522705078125,12800,0.0,0.0
2014-04-15 00:00:00+09:00,260.36038462320965,263.75147501627606,259.7952028910319,262.24432373046875,26400,0.0,0.0
2014-04-16 00:00:00+09:00,262.24433002947063,267.1425718259981,262.24433002947063,264.6934509277344,21600,0.0,0.0
2014-04-17 00:00:00+09:00,264.6934345331085,269.21488821908326,261.8675259793742,268.2729187011719,21200,0.0,0.0
2014-04-18 00:00:00+09:00,268.2729478538828,269.78009924632033,265.2586450690077,269.5917053222656,9600,0.0,0.0
2014-04-21 00:00:00+09:00,269.7800905054266,271.28724184903234,259.0416371822357,265.2586364746094,69200,0.0,0.0
2014-04-22 00:00:00+09:00,261.86754837358956,268.64972948254587,261.86754837358956,267.142578125,89200,0.0,0.0
2014-04-23 00:00:00+09:00,266.76581703428667,266.9542109728702,263.7515140169501,266.5774230957031,9200,0.0,0.0
2014-04-24 00:00:00+09:00,263.7514913023399,269.2149150507455,263.7514913023399,267.707763671875,13200,0.0,0.0
2014-04-25 00:00:00+09:00,266.76582681120726,270.34531177548195,261.8675842285156,261.8675842285156,46000,0.0,0.0
2014-04-28 00:00:00+09:00,263.7514902315928,266.5773990555027,263.3747023884048,264.50506591796875,62800,0.0,0.0
2014-04-30 00:00:00+09:00,263.9399108886719,264.69348665138045,262.80954724460906,263.9399108886719,32000,0.0,0.0
2014-05-01 00:00:00+09:00,263.9398972432862,280.5185631657767,263.9398972432862,272.60601806640625,67200,0.0,0.0
2014-05-02 00:00:00+09:00,272.6060460855899,279.01144039582493,271.28728843348273,278.4462585449219,122800,0.0,0.0
2014-05-07 00:00:00+09:00,277.31587308495824,277.31587308495824,269.968509599691,270.53369140625,44800,0.0,0.0
2014-05-08 00:00:00+09:00,270.53369881237177,272.98282004117453,263.9399108886719,263.9399108886719,62800,0.0,0.0
2014-05-09 00:00:00+09:00,264.5050905536673,269.7801208496094,264.5050905536673,269.7801208496094,24400,0.0,0.0
2014-05-12 00:00:00+09:00,269.7801208496094,272.04084811929886,269.7801208496094,269.7801208496094,21200,0.0,0.0
2014-05-13 00:00:00+09:00,269.7800814518275,271.47562665648286,265.447021484375,265.447021484375,51600,0.0,0.0
2014-05-14 00:00:00+09:00,265.6354243105108,267.7077574079687,265.2586364746094,265.2586364746094,12000,0.0,0.0
2014-05-15 00:00:00+09:00,264.88188652675257,266.7658259757337,263.18634102266947,266.3890380859375,22400,0.0,0.0
2014-05-16 00:00:00+09:00,266.38902456632223,266.38902456632223,261.86757011823755,262.8095397949219,29600,0.0,0.0
2014-05-19 00:00:00+09:00,263.75148938319654,263.75148938319654,255.83894470170065,256.7809143066406,48800,0.0,0.0
2014-05-20 00:00:00+09:00,255.6505671272501,259.60683972096587,254.5202035290456,257.722900390625,61200,0.0,0.0
2014-05-21 00:00:00+09:00,257.7228698730469,263.1862932840983,255.46214294433594,262.24432373046875,30000,0.0,0.0
2014-05-22 00:00:00+09:00,262.2444151278409,264.1283548916903,258.85332355291195,259.0417175292969,23200,0.0,0.0
2014-05-23 00:00:00+09:00,259.98364844941784,264.69349715321164,259.98364844941784,262.4327697753906,18000,0.0,0.0
2014-05-26 00:00:00+09:00,262.99793373025875,264.88187308362734,262.4327519242481,262.8095397949219,24400,0.0,0.0
2014-05-27 00:00:00+09:00,262.8095067215778,269.2148997169424,262.8095067215778,265.447021484375,16400,0.0,0.0
2014-05-28 00:00:00+09:00,264.69342081591833,269.2148742675781,263.93984524064166,269.2148742675781,31600,0.0,0.0
2014-05-29 00:00:00+09:00,269.40331108381656,274.1131591796875,268.2729475408076,274.1131591796875,68000,0.0,0.0
2014-05-30 00:00:00+09:00,270.72208762267815,275.05514817613783,270.72208762267815,272.4176330566406,35600,0.0,0.0
2014-06-02 00:00:00+09:00,272.4176330566406,272.4176330566406,272.4176330566406,272.4176330566406,0,0.0,0.0
2014-06-03 00:00:00+09:00,275.9971180488058,280.33017860520346,275.0551483626324,280.14178466796875,85600,0.0,0.0
2014-06-04 00:00:00+09:00,280.51856219951924,281.8373197115385,278.8230168269231,281.64892578125,38400,0.0,0.0
2014-06-05 00:00:00+09:00,280.7069064990894,280.8953003960687,277.8809980444006,278.8229675292969,26800,0.0,0.0
2014-06-06 00:00:00+09:00,282.0256969295688,285.2283935546875,280.7069394956964,285.2283935546875,131200,0.0,0.0
2014-06-09 00:00:00+09:00,289.5614681025775,296.53204345703125,288.24271060308627,296.53204345703125,221200,0.0,0.0
2014-06-10 00:00:00+09:00,298.60440608433316,299.9231637137277,288.8079208374024,290.1266784667969,95600,0.0,0.0
2014-06-11 00:00:00+09:00,290.1266637039914,295.96687576556525,289.9382697665213,295.590087890625,25200,0.0,0.0
2014-06-12 00:00:00+09:00,295.40167751458597,295.40167751458597,292.01058682883183,294.6481018066406,4000,0.0,0.0
2014-06-13 00:00:00+09:00,297.0972200884414,298.4159775650547,290.1266448549143,297.2856140136719,67600,0.0,0.0
2014-06-16 00:00:00+09:00,299.5463888168335,301.4303283691406,299.3579948616028,301.4303283691406,132000,0.0,0.0
2014-06-17 00:00:00+09:00,294.082936390864,301.4302999521989,294.082936390864,295.590087890625,70800,0.0,0.0
2014-06-18 00:00:00+09:00,297.6624241672528,297.6624241672528,291.0686362901301,292.95257568359375,22400,0.0,0.0
2014-06-19 00:00:00+09:00,299.1695251464844,299.1695251464844,296.7204043486857,299.1695251464844,46400,0.0,0.0
2014-06-20 00:00:00+09:00,297.6623573712887,299.54629634199307,293.89447942988,298.2275390625,50800,0.0,0.0
2014-06-23 00:00:00+09:00,295.7784667655146,296.7204364048952,292.1989821358683,293.329345703125,24000,0.0,0.0
2014-06-24 00:00:00+09:00,292.01059055389226,295.4016812829052,292.01059055389226,295.2132873535156,26400,0.0,0.0
2014-06-25 00:00:00+09:00,295.77848182809515,295.77848182809515,291.25702732881217,295.590087890625,25200,0.0,0.0
2014-06-26 00:00:00+09:00,295.59011159003535,297.6624450683594,293.8945660168611,297.6624450683594,46000,0.0,0.0
2014-06-27 00:00:00+09:00,297.662433937505,298.22761577409517,294.2713429179638,295.9668884277344,21600,0.0,0.0
2014-06-30 00:00:00+09:00,295.966861671535,298.41598274201874,295.966861671535,296.53204345703125,10800,0.0,0.0
2014-07-01 00:00:00+09:00,295.96684653933005,296.7204222147962,293.89451343179815,294.27130126953125,34800,0.0,0.0
2014-07-02 00:00:00+09:00,294.8365106921511,297.47402580377417,294.64811675560657,296.9088439941406,16400,0.0,0.0
2014-07-03 00:00:00+09:00,297.6624450683594,297.6624450683594,297.2856571632095,297.6624450683594,22800,0.0,0.0
2014-07-04 00:00:00+09:00,298.22757956175,301.24188232421875,296.7204281805157,301.24188232421875,36800,0.0,0.0
2014-07-07 00:00:00+09:00,301.4303283691406,301.4303283691406,299.16960090637207,301.4303283691406,61200,0.0,0.0
2014-07-08 00:00:00+09:00,299.54632568359375,301.2418709233122,298.6043561059724,299.54632568359375,43600,0.0,0.0
2014-07-09 00:00:00+09:00,299.54634868737423,299.54634868737423,297.66240938745364,298.4159851074219,14800,0.0,0.0
2014-07-10 00:00:00+09:00,296.72045975174154,300.48833860573194,292.1990051269531,292.1990051269531,70400,0.0,0.0
2014-07-11 00:00:00+09:00,291.63378146279183,291.63378146279183,289.5614483903818,290.50341796875,24000,0.0,0.0
2014-07-14 00:00:00+09:00,292.01060307869267,301.4302999521989,292.01060307869267,295.590087890625,43600,0.0,0.0
2014-07-15 00:00:00+09:00,296.7204911368234,296.90888509944995,294.27136962267815,295.4017333984375,45200,0.0,0.0
2014-07-16 00:00:00+09:00,296.532024469186,296.7204183856213,292.1989643911737,293.70611572265625,29200,0.0,0.0
2014-07-17 00:00:00+09:00,295.0248809953079,295.0248809953079,290.3150329589844,290.3150329589844,44400,0.0,0.0
2014-07-18 00:00:00+09:00,290.50341796875,291.0685997157709,285.41678224556176,290.50341796875,48000,0.0,0.0
2014-07-22 00:00:00+09:00,291.25698598225915,296.72040939331055,290.50341033935547,293.8945007324219,51600,0.0,0.0
2014-07-23 00:00:00+09:00,293.8945007324219,295.778439839681,293.8945007324219,293.8945007324219,23200,0.0,0.0
2014-07-24 00:00:00+09:00,295.7784588526166,296.7204284667969,294.45970139276415,296.7204284667969,18000,0.0,0.0
2014-07-25 00:00:00+09:00,294.64813971063893,297.66244293018514,294.64813971063893,295.77850341796875,32800,0.0,0.0
2014-07-28 00:00:00+09:00,295.77847432571576,295.77847432571576,293.8945349988004,294.459716796875,43600,0.0,0.0
2014-07-29 00:00:00+09:00,295.7785213236906,296.53209717419685,294.27136962267815,295.4017333984375,11600,0.0,0.0
2014-07-30 00:00:00+09:00,295.7784585672442,301.24188232421875,295.5900646445899,301.24188232421875,96800,0.0,0.0
2014-07-31 00:00:00+09:00,308.96609335866344,313.6759423427894,307.2705477243781,310.28485107421875,594000,0.0,0.0
2014-08-01 00:00:00+09:00,308.4008751709283,308.77766304529723,305.7633600503462,307.835693359375,166000,0.0,0.0
2014-08-04 00:00:00+09:00,308.0241320980627,310.47325363768033,305.3866165938591,306.8937683105469,126800,0.0,0.0
2014-08-05 00:00:00+09:00,306.8936767007703,311.7919183178483,300.1114960002008,302.3722229003906,262400,0.0,0.0
2014-08-06 00:00:00+09:00,301.4303241198576,301.4303241198576,293.14099020656147,297.6624450683594,145200,0.0,0.0
2014-08-07 00:00:00+09:00,295.02486162739416,295.5900433546497,290.3150139002646,292.01055908203125,150400,0.0,0.0
2014-08-08 00:00:00+09:00,295.5900381050858,295.5900381050858,285.4167671951593,288.24267578125,140800,0.0,0.0
2014-08-11 00:00:00+09:00,288.24270907681347,290.12664835182534,285.4168001642957,285.6051940917969,255600,0.0,0.0
2014-08-12 00:00:00+09:00,287.6775306212153,297.6624088942503,287.6775306212153,290.69183349609375,193600,0.0,0.0
2014-08-13 00:00:00+09:00,292.0106578915162,294.271385565515,290.88029405451675,293.1410217285156,64000,0.0,0.0
2014-08-14 00:00:00+09:00,293.70620000462185,295.21335176859685,292.1990482406469,292.5758361816406,127200,0.0,0.0
2014-08-15 00:00:00+09:00,294.836495733627,295.40167751458597,292.5757686097908,294.6481018066406,37200,0.0,0.0
2014-08-18 00:00:00+09:00,298.0392314139296,300.1115648814095,296.720473752806,298.981201171875,50000,0.0,0.0
2014-08-19 00:00:00+09:00,299.54638053224465,305.7633808829139,299.54638053224465,304.8214111328125,98400,0.0,0.0
2014-08-20 00:00:00+09:00,306.14009987754173,308.4008267689451,305.9517059699248,308.2124328613281,98000,0.0,0.0
2014-08-21 00:00:00+09:00,308.96608190212737,317.0670218544393,308.96608190212737,316.3134460449219,168000,0.0,0.0
2014-08-22 00:00:00+09:00,316.50182886180767,320.64649566833134,313.2991317840394,314.6178894042969,256400,0.0,0.0
2014-08-25 00:00:00+09:00,314.8062449631533,318.0089416503906,314.6178510403746,318.0089416503906,68800,0.0,0.0
2014-08-26 00:00:00+09:00,320.2696884510129,324.0375671386719,319.5161127134811,324.0375671386719,211600,0.0,0.0
2014-08-27 00:00:00+09:00,325.9214568902887,335.34115217613515,325.9214568902887,334.7759704589844,252800,0.0,0.0
2014-08-28 00:00:00+09:00,335.34115217613515,339.10903029047375,326.4866386074395,334.7759704589844,311200,0.0,0.0
2014-08-29 00:00:00+09:00,329.6893711196644,337.2251281738281,329.6893711196644,337.2251281738281,163200,0.0,0.0
2014-09-01 00:00:00+09:00,339.1090808326941,353.23862586738966,339.1090808326941,353.05023193359375,343600,0.0,0.0
2014-09-02 00:00:00+09:00,348.52876960741867,352.8618299863217,344.1957092285156,344.1957092285156,212000,0.0,0.0
2014-09-03 00:00:00+09:00,344.1957587412104,347.39845600371757,339.2975158691406,339.2975158691406,131600,0.0,0.0
2014-09-04 00:00:00+09:00,339.10905900387263,339.10905900387263,328.37060546875,328.37060546875,180400,0.0,0.0
2014-09-05 00:00:00+09:00,330.2545593330336,337.601922603991,330.2545593330336,335.1528015136719,58800,0.0,0.0
2014-09-08 00:00:00+09:00,344.19565469493034,349.47068388565725,343.06529129691745,346.644775390625,161200,0.0,0.0
2014-09-09 00:00:00+09:00,347.58680232530327,347.58680232530327,343.8189237093108,346.07965087890625,127200,0.0,0.0
2014-09-10 00:00:00+09:00,344.38413149088905,346.268070941058,339.1091010304159,342.3117980957031,146000,0.0,0.0
2014-09-11 00:00:00+09:00,343.8189406861829,344.38412250648895,340.9930315846526,342.50018310546875,203200,0.0,0.0
2014-09-12 00:00:00+09:00,342.5001436792408,343.44211327131796,340.05102273984033,342.68853759765625,124400,0.0,0.0
2014-09-16 00:00:00+09:00,342.3117765014917,342.87695830088876,341.5582007689623,342.1233825683594,106000,0.0,0.0
2014-09-17 00:00:00+09:00,342.6885413830419,344.38408666750996,342.50014746254544,343.25372314453125,190800,0.0,0.0
2014-09-18 00:00:00+09:00,343.81888960544,346.64479828712854,343.4421017812149,345.5144348144531,148000,0.0,0.0
2014-09-19 00:00:00+09:00,346.2680838680928,355.1225996144477,346.0796899160427,353.6154479980469,302800,0.0,0.0
2014-09-22 00:00:00+09:00,361.1511768122188,370.19408577778296,357.9484798869148,367.7449645996094,662800,0.0,0.0
2014-09-24 00:00:00+09:00,366.9913762019231,372.6431941105769,361.7163461538462,367.3681640625,480000,0.0,0.0
2014-09-25 00:00:00+09:00,371.135986328125,374.5270765585343,369.0636534095416,371.135986328125,595200,0.0,0.0
2014-09-26 00:00:00+09:00,348.2072281504065,363.36356955427465,340.8233695177528,358.5057678222656,692800,15.0,0.0
2014-09-29 00:00:00+09:00,358.3114769474701,358.3114769474701,344.3210071317337,348.9844970703125,310800,0.0,0.0
2014-09-30 00:00:00+09:00,344.90393786209773,344.90393786209773,333.43952527963927,340.2404479980469,282800,0.0,0.0
2014-10-01 00:00:00+09:00,339.0745522046873,339.0745522046873,330.3305093111566,331.1077575683594,252400,0.0,0.0
2014-10-02 00:00:00+09:00,307.79029636394614,326.24994166355145,307.79029636394614,320.8092041015625,426800,0.0,0.0
2014-10-03 00:00:00+09:00,325.4727506352042,326.44431108486157,321.0035725667805,324.5011901855469,100800,0.0,0.0
2014-10-06 00:00:00+09:00,337.13141667565634,337.13141667565634,327.80443800105604,334.21673583984375,156800,0.0,0.0
2014-10-07 00:00:00+09:00,330.5248631275748,333.63385654911576,326.4443092618023,327.2215576171875,106800,0.0,0.0
2014-10-08 00:00:00+09:00,322.7523246594157,322.946636715201,318.86608354370935,320.8092041015625,112800,0.0,0.0
2014-10-09 00:00:00+09:00,322.9466367529417,328.38737431556643,315.9514027438527,316.34002685546875,82000,0.0,0.0
2014-10-10 00:00:00+09:00,314.39690500512756,314.39690500512756,303.51542992460395,310.1220397949219,193600,0.0,0.0
2014-10-14 00:00:00+09:00,295.35437344145816,308.9562195867885,295.35437344145816,306.81878662109375,146400,0.0,0.0
2014-10-15 00:00:00+09:00,311.8708987972203,313.03677131608845,301.18373404092927,303.3211669921875,141600,0.0,0.0
2014-10-16 00:00:00+09:00,298.0746991118785,299.2405714682483,295.5486423397439,296.52020263671875,113600,0.0,0.0
2014-10-17 00:00:00+09:00,297.2974689190204,304.6813276241987,297.2974689190204,303.1268310546875,140800,0.0,0.0
2014-10-20 00:00:00+09:00,310.89929170360523,335.18829886794936,310.89929170360523,328.7760009765625,149200,0.0,0.0
2014-10-21 00:00:00+09:00,321.00353764845664,326.8328997122906,314.39692730944483,317.50592041015625,101600,0.0,0.0
2014-10-22 00:00:00+09:00,320.42056948321084,327.4158032621045,317.70020079141887,324.6954345703125,81200,0.0,0.0
2014-10-23 00:00:00+09:00,320.8092121599939,321.7807724633252,314.59122621867357,317.89453125,122800,0.0,0.0
2014-10-24 00:00:00+09:00,321.58649801551746,321.58649801551746,316.92300801408396,317.70025634765625,63200,0.0,0.0
2014-10-27 00:00:00+09:00,320.4205627441406,321.5864350161023,317.8945061548903,320.4205627441406,44000,0.0,0.0
2014-10-28 00:00:00+09:00,322.558035406483,322.558035406483,316.9229853903457,319.2547302246094,62400,0.0,0.0
2014-10-29 00:00:00+09:00,322.5580825622705,325.2784519332776,321.0035857788379,324.1125793457031,47600,0.0,0.0
2014-10-30 00:00:00+09:00,318.866048134213,326.05559339988383,318.67173610000566,322.7522888183594,54400,0.0,0.0
2014-10-31 00:00:00+09:00,329.3589821333321,330.33054255260447,324.50118003697025,330.13623046875,107600,0.0,0.0
2014-11-04 00:00:00+09:00,347.23562744278325,348.0128756295606,340.0460817150927,344.5152587890625,440400,0.0,0.0
2014-11-05 00:00:00+09:00,342.5721737817847,347.6242875187821,342.5721737817847,347.0413513183594,208800,0.0,0.0
2014-11-06 00:00:00+09:00,347.6242818890069,359.4773177723101,347.04134569802477,353.4536437988281,206400,0.0,0.0
2014-11-07 00:00:00+09:00,353.647990676592,360.8375377397974,352.8707423454346,360.44891357421875,163600,0.0,0.0
2014-11-10 00:00:00+09:00,358.89439704164107,361.0318298339844,354.81384352898573,361.0318298339844,132400,0.0,0.0
2014-11-11 00:00:00+09:00,360.6431846722936,361.03180879370774,354.81382285108197,355.3967590332031,148000,0.0,0.0
2014-11-12 00:00:00+09:00,359.4773123080513,359.4773123080513,354.0365746082538,355.3967590332031,134400,0.0,0.0
2014-11-13 00:00:00+09:00,355.59106179219174,358.7000546821781,351.7048206797088,356.5626220703125,104000,0.0,0.0
2014-11-14 00:00:00+09:00,359.8659297772119,361.80905034836314,324.6954474393742,351.12188720703125,579200,0.0,0.0
2014-11-17 00:00:00+09:00,340.240414804098,346.84702480029404,332.27362039692036,341.21197509765625,417600,0.0,0.0
2014-11-18 00:00:00+09:00,334.2166867425982,346.45834445468176,334.2166867425982,343.73797607421875,142000,0.0,0.0
2014-11-19 00:00:00+09:00,345.87541502525363,353.064960169037,341.7948623760793,343.5436706542969,346000,0.0,0.0
2014-11-20 00:00:00+09:00,349.76171726954414,353.6479585725391,349.76171726954414,352.4820861816406,156400,0.0,0.0
2014-11-21 00:00:00+09:00,353.6479625135365,354.8138349174273,350.1503453018642,353.25933837890625,78400,0.0,0.0
2014-11-25 00:00:00+09:00,359.08868689903846,359.08868689903846,353.2593250987294,353.64794921875,223200,0.0,0.0
2014-11-26 00:00:00+09:00,357.3399108683944,357.3399108683944,349.761739838559,350.9276123046875,160000,0.0,0.0
2014-11-27 00:00:00+09:00,350.9275540803608,354.4251708984375,349.95599385311726,354.4251708984375,106800,0.0,0.0
2014-11-28 00:00:00+09:00,351.51056293670604,353.45368379318313,350.15037833717207,352.2878112792969,74400,0.0,0.0
2014-12-01 00:00:00+09:00,358.5057292973534,358.70004134575305,355.7853606197583,356.95123291015625,105600,0.0,0.0
2014-12-02 00:00:00+09:00,357.534204761402,359.4773254394531,356.5626444223765,359.4773254394531,108800,0.0,0.0
2014-12-03 00:00:00+09:00,359.47732244944547,365.8896206336788,359.47732244944547,364.9180603027344,192800,0.0,0.0
2014-12-04 00:00:00+09:00,366.8611889002037,381.62890625,365.88962854824337,381.62890625,335200,0.0,0.0
2014-12-05 00:00:00+09:00,381.43455972445474,388.0411695210067,378.71419098469806,385.32080078125,233200,0.0,0.0
2014-12-08 00:00:00+09:00,388.2354803980839,402.8088843169309,387.65254424133,401.4486999511719,554000,0.0,0.0
2014-12-09 00:00:00+09:00,391.7331133205088,397.36816306569466,386.48668769568053,386.6809997558594,211200,0.0,0.0
2014-12-10 00:00:00+09:00,380.4630269102408,387.6525733840298,368.804302898691,386.2923889160156,213600,0.0,0.0
2014-12-11 00:00:00+09:00,378.90853768471976,392.5103826272482,377.93697733168204,392.3160705566406,88800,0.0,0.0
2014-12-12 00:00:00+09:00,391.9274602524615,392.12177232992923,384.73791338615456,387.4582824707031,80800,0.0,0.0
2014-12-15 00:00:00+09:00,386.68105309233295,394.25922448459477,383.3777476136547,385.1265563964844,84400,0.0,0.0
2014-12-16 00:00:00+09:00,384.3492527027863,388.04118182379386,370.1644723957573,374.2450256347656,86400,0.0,0.0
2014-12-17 00:00:00+09:00,367.249775831612,374.0506976062715,364.52940712174825,371.1360168457031,66400,0.0,0.0
2014-12-18 00:00:00+09:00,382.2118268377131,386.0980680866985,374.05072021484375,374.05072021484375,53200,0.0,0.0
2014-12-19 00:00:00+09:00,376.9654211425781,388.6241455078125,376.9654211425781,388.6241455078125,161600,0.0,0.0
2014-12-22 00:00:00+09:00,393.870567121501,395.4250636863614,388.6241412150972,392.3160705566406,148800,0.0,0.0
2014-12-24 00:00:00+09:00,397.75675744001046,397.75675744001046,392.31602016188623,392.8989562988281,50800,0.0,0.0
2014-12-25 00:00:00+09:00,392.5103693324584,394.4534899727181,389.98431250012084,392.7046813964844,102000,0.0,0.0
2014-12-26 00:00:00+09:00,394.45346998131794,402.2259521484375,394.45346998131794,402.2259521484375,149600,0.0,0.0
2014-12-29 00:00:00+09:00,404.1690871465774,408.0553283691406,391.53880317324683,408.0553283691406,241200,0.0,0.0
2014-12-30 00:00:00+09:00,408.0553310640103,411.74726024982755,399.3112882554958,407.0837707519531,188000,0.0,0.0
2015-01-05 00:00:00+09:00,407.86100976116046,408.0553218191696,401.4487118468592,403.78045654296875,81600,0.0,0.0
2015-01-06 00:00:00+09:00,391.7331146041771,392.7046749082549,385.7094407188946,388.4298095703125,152800,0.0,0.0
2015-01-07 00:00:00+09:00,380.657319480288,397.56246843117367,376.7710783421534,377.93695068359375,192400,0.0,0.0
2015-01-08 00:00:00+09:00,385.7094514990407,388.42982042648987,380.8516498428815,384.5435791015625,78000,0.0,0.0
2015-01-09 00:00:00+09:00,390.1786560522152,392.121776849288,383.766357421875,383.766357421875,80800,0.0,0.0
2015-01-13 00:00:00+09:00,380.07437532386,387.45823333117426,378.3255668484435,380.85162353515625,99600,0.0,0.0
2015-01-14 00:00:00+09:00,380.4630207998263,387.84687922188624,377.54833984375,377.54833984375,110400,0.0,0.0
2015-01-15 00:00:00+09:00,374.82799959255834,380.26873779296875,373.8564391996279,380.26873779296875,81600,0.0,0.0
2015-01-16 00:00:00+09:00,373.6620479543585,376.7710405530427,369.19287109375,369.19287109375,102000,0.0,0.0
2015-01-19 00:00:00+09:00,368.61001528104146,379.68580382665,368.61001528104146,373.0791931152344,51200,0.0,0.0
2015-01-20 00:00:00+09:00,379.88009007311337,380.6573383392476,371.13604707910304,375.605224609375,75600,0.0,0.0
2015-01-21 00:00:00+09:00,375.60524181592683,378.51992294745236,373.07918483527135,375.9938659667969,53600,0.0,0.0
2015-01-22 00:00:00+09:00,377.9369292129804,377.9369292129804,371.1360076076054,372.3018798828125,46000,0.0,0.0
2015-01-23 00:00:00+09:00,369.97015516493053,376.1881409660218,365.8896019829644,367.2497863769531,152800,0.0,0.0
2015-01-26 00:00:00+09:00,362.5862731933594,369.97013084681475,360.44884071472757,362.5862731933594,124400,0.0,0.0
2015-01-27 00:00:00+09:00,362.78064240190315,363.946514846687,361.42045788298867,361.80908203125,90000,0.0,0.0
2015-01-28 00:00:00+09:00,362.0033775867432,374.63366182890013,361.6147534562153,372.10760498046875,128400,0.0,0.0
2015-01-29 00:00:00+09:00,369.19293448375583,372.88486382859344,368.0270620590703,372.6905517578125,89600,0.0,0.0
2015-01-30 00:00:00+09:00,365.6953116092166,365.6953116092166,356.1740202867662,359.4773254394531,202800,0.0,0.0
2015-02-02 00:00:00+09:00,359.47728953935166,362.3919702653464,355.7853606197583,356.95123291015625,133200,0.0,0.0
2015-02-03 00:00:00+09:00,359.47734991361585,361.031846561891,352.6764270774123,355.2024841308594,99200,0.0,0.0
2015-02-04 00:00:00+09:00,351.12190294291906,359.08869764167923,351.12190294291906,354.23089599609375,124400,0.0,0.0
2015-02-05 00:00:00+09:00,354.23091762538496,354.23091762538496,349.5674277608709,350.9276123046875,112400,0.0,0.0
2015-02-06 00:00:00+09:00,351.70484539745297,358.5057678222656,350.92759712033154,358.5057678222656,74400,0.0,0.0
2015-02-09 00:00:00+09:00,358.505763893604,358.505763893604,355.59108288633894,357.728515625,24400,0.0,0.0
2015-02-10 00:00:00+09:00,357.72849440405736,358.3114305709298,355.59106179219174,356.5626220703125,22400,0.0,0.0
2015-02-12 00:00:00+09:00,356.5626383012682,359.67163133277785,349.7617160448407,350.7332763671875,130400,0.0,0.0
2015-02-13 00:00:00+09:00,350.7332658687289,353.25932263121837,340.8233508774241,345.68115234375,160800,0.0,0.0
2015-02-16 00:00:00+09:00,343.5437157008221,350.73326178732117,342.7664674752546,349.3730773925781,61600,0.0,0.0
2015-02-17 00:00:00+09:00,348.207206284153,356.1740006243597,348.0128942270748,355.591064453125,43200,0.0,0.0
2015-02-18 00:00:00+09:00,355.5910840833509,359.4773254394531,355.5910840833509,359.4773254394531,91200,0.0,0.0
2015-02-19 00:00:00+09:00,360.25458429030834,360.83752051084286,359.0887118492394,360.0602722167969,38400,0.0,0.0
2015-02-20 00:00:00+09:00,361.4204379738815,362.9749344812961,360.44887765674747,362.3919982910156,74400,0.0,0.0
2015-02-23 00:00:00+09:00,365.3066526255698,371.91326230071314,363.9464682806874,367.6383972167969,190400,0.0,0.0
2015-02-24 00:00:00+09:00,367.63844425516913,368.0270684034304,361.42045788298867,361.80908203125,88000,0.0,0.0
2015-02-25 00:00:00+09:00,362.97489440389523,363.3635184878395,359.0886535644531,359.0886535644531,70800,0.0,0.0
2015-02-26 00:00:00+09:00,358.7000546821781,358.7000546821781,353.64794123595027,356.5626220703125,46800,0.0,0.0
2015-02-27 00:00:00+09:00,359.47728167342314,365.11233095370926,356.1739769229106,359.86590576171875,85200,0.0,0.0
2015-03-02 00:00:00+09:00,357.9228118311216,357.9228118311216,353.84225860177656,354.6195068359375,57200,0.0,0.0
2015-03-03 00:00:00+09:00,360.6431966322651,360.6431966322651,357.53420355784897,357.728515625,51200,0.0,0.0
2015-03-04 00:00:00+09:00,360.44891357421875,361.2261619053761,357.7285444151681,360.44891357421875,36400,0.0,0.0
2015-03-05 00:00:00+09:00,357.92282228145257,362.58631182257903,357.728510217239,359.671630859375,46000,0.0,0.0
2015-03-06 00:00:00+09:00,362.9749237789083,368.80428550983294,361.8090514327234,366.2782287597656,202800,0.0,0.0
2015-03-09 00:00:00+09:00,367.24980509700106,367.8327412955677,364.9180603027344,364.9180603027344,92800,0.0,0.0
2015-03-10 00:00:00+09:00,367.0554917990173,367.0554917990173,363.16925048828125,363.16925048828125,33600,0.0,0.0
2015-03-11 00:00:00+09:00,362.3919982910156,362.9749344812961,360.25456559332065,362.3919982910156,31200,0.0,0.0
2015-03-12 00:00:00+09:00,362.3920170989348,362.3920170989348,357.53421526114744,360.0602722167969,62000,0.0,0.0
2015-03-13 00:00:00+09:00,359.2830239227509,360.83752051084286,359.2830239227509,360.0602722167969,33200,0.0,0.0
2015-03-16 00:00:00+09:00,359.47735316027206,360.6432256570081,354.23092692496,360.44891357421875,242000,0.0,0.0
2015-03-17 00:00:00+09:00,360.6431751411502,369.97015380859375,360.6431751411502,369.97015380859375,121200,0.0,0.0
2015-03-18 00:00:00+09:00,369.1929055863068,369.97015380859375,367.6384091417329,369.97015380859375,64000,0.0,0.0
2015-03-19 00:00:00+09:00,369.97014717642713,370.55308333269255,369.38721102016177,370.1644592285156,65600,0.0,0.0
2015-03-20 00:00:00+09:00,370.3588344437098,374.43938823348833,366.08396856870365,373.6621398925781,96400,0.0,0.0
2015-03-23 00:00:00+09:00,373.6620748658054,375.0222592256913,371.13601819744576,372.88482666015625,51600,0.0,0.0
2015-03-24 00:00:00+09:00,375.60523125942694,375.60523125942694,373.2734864197409,375.4109191894531,49200,0.0,0.0
2015-03-25 00:00:00+09:00,375.99383686309926,375.99383686309926,371.33034741363446,373.2734680175781,47600,0.0,0.0
2015-03-26 00:00:00+09:00,371.9132650485214,374.63363375838514,368.6099601865439,371.1360168457031,66800,0.0,0.0
2015-03-27 00:00:00+09:00,378.90855771469256,378.90855771469256,374.2450677735887,376.5768127441406,66400,0.0,0.0
2015-03-30 00:00:00+09:00,377.35402778001156,377.9369639712268,376.3824674613195,377.54833984375,40800,0.0,0.0
2015-03-31 00:00:00+09:00,377.54835041355864,378.7142228286288,374.2450452375265,378.13128662109375,52800,0.0,0.0
2015-04-01 00:00:00+09:00,378.908544324108,378.908544324108,374.43936662182364,376.9654235839844,61200,0.0,0.0
2015-04-02 00:00:00+09:00,376.96536111066155,379.297105612377,375.216552734375,375.216552734375,37600,0.0,0.0
2015-04-03 00:00:00+09:00,378.51988287035914,378.51988287035914,373.46776944395805,377.1596984863281,29600,0.0,0.0
2015-04-06 00:00:00+09:00,377.15975285853216,377.35406494140625,373.85644744967334,377.35406494140625,24800,0.0,0.0
2015-04-07 00:00:00+09:00,375.02230284386076,377.9369839540462,374.633678695836,376.9654235839844,22400,0.0,0.0
2015-04-08 00:00:00+09:00,375.02229504950543,376.9654157492438,374.6336709095578,375.4109191894531,17600,0.0,0.0
2015-04-09 00:00:00+09:00,374.05070429262906,374.63364045516306,370.94171142578125,370.94171142578125,44800,0.0,0.0
2015-04-10 00:00:00+09:00,373.0791466977416,373.0791466977416,368.8042814751633,369.97015380859375,30800,0.0,0.0
2015-04-13 00:00:00+09:00,365.8896072074982,369.7758483886719,361.61474190820724,369.7758483886719,56000,0.0,0.0
2015-04-14 00:00:00+09:00,369.970112615482,370.94167278516545,368.60992837792503,369.3871765136719,8800,0.0,0.0
2015-04-15 00:00:00+09:00,369.38720163248354,369.77582572678386,366.86114501953125,366.86114501953125,30800,0.0,0.0
2015-04-16 00:00:00+09:00,366.8611490197212,367.6383972167969,365.3066526255698,367.6383972167969,24400,0.0,0.0
2015-04-17 00:00:00+09:00,368.027045216185,368.2213572780732,366.2782366591915,367.8327331542969,8000,0.0,0.0
2015-04-20 00:00:00+09:00,367.249775751596,368.6099601062316,366.27821549828496,366.6668395996094,22800,0.0,0.0
2015-04-21 00:00:00+09:00,366.27819053248356,369.19287109375,364.3350701583059,369.19287109375,33200,0.0,0.0
2015-04-22 00:00:00+09:00,369.19289361094826,370.35876590656176,367.24977311825904,367.6383972167969,19600,0.0,0.0
2015-04-23 00:00:00+09:00,392.51037659495313,392.51037659495313,381.0459646052986,383.572021484375,296800,0.0,0.0
2015-04-24 00:00:00+09:00,382.794762644775,383.5720108937999,381.43457820898135,382.98907470703125,54000,0.0,0.0
2015-04-27 00:00:00+09:00,382.7947970233386,383.766357421875,381.24030038568037,383.766357421875,74800,0.0,0.0
2015-04-28 00:00:00+09:00,381.82316128800556,383.76628170168493,375.6051759642314,382.4060974121094,83200,0.0,0.0
2015-04-30 00:00:00+09:00,376.9654090751099,382.60045900458323,375.0222884097743,375.605224609375,108000,0.0,0.0
2015-05-01 00:00:00+09:00,375.2166214961155,381.43460797352395,364.9180813929078,366.0839538574219,161200,0.0,0.0
2015-05-07 00:00:00+09:00,367.24979034069344,370.16447121641323,366.4725421071682,368.02703857421875,93600,0.0,0.0
2015-05-08 00:00:00+09:00,370.1644312808388,372.10755165501644,368.6099349814967,369.19287109375,34400,0.0,0.0
2015-05-11 00:00:00+09:00,374.82796846464083,374.82796846464083,368.99860659116274,374.05072021484375,57200,0.0,0.0
2015-05-12 00:00:00+09:00,374.2450216652575,374.8279578360757,367.24978761543963,373.4677734375,67600,0.0,0.0
2015-05-13 00:00:00+09:00,373.4677918775058,376.3824728755092,369.5815505468346,375.605224609375,29600,0.0,0.0
2015-05-14 00:00:00+09:00,376.1881924441619,378.13131327290245,375.0223199469176,377.35406494140625,34800,0.0,0.0
2015-05-15 00:00:00+09:00,378.7142367806994,388.62415267388343,378.7142367806994,383.9606628417969,137600,0.0,0.0
2015-05-18 00:00:00+09:00,383.9606573406423,388.23552295880734,383.9606573406423,385.9037780761719,43600,0.0,0.0
2015-05-19 00:00:00+09:00,386.2923756355017,387.45824799657464,381.82319825138876,386.6809997558594,52400,0.0,0.0
2015-05-20 00:00:00+09:00,386.6810105996688,386.6810105996688,382.01752102459744,382.7947692871094,81600,0.0,0.0
2015-05-21 00:00:00+09:00,384.5435778777611,386.2923864684129,379.10284004017785,382.7947692871094,71200,0.0,0.0
2015-05-22 00:00:00+09:00,382.4061451558534,384.7378899433891,379.10284004017785,382.7947692871094,76400,0.0,0.0
2015-05-25 00:00:00+09:00,383.9606416808772,383.9606416808772,382.2118330902254,382.7947692871094,38000,0.0,0.0
2015-05-26 00:00:00+09:00,384.73786993553597,384.73786993553597,382.211813213737,383.377685546875,33600,0.0,0.0
2015-05-27 00:00:00+09:00,383.96069052482966,384.9322509765625,382.7948179827502,384.9322509765625,28400,0.0,0.0
2015-05-28 00:00:00+09:00,385.1265574234446,390.3729837859234,384.3493090734477,386.8753662109375,202400,0.0,0.0
2015-05-29 00:00:00+09:00,384.7379161437712,389.5957181152835,383.76635574946874,386.4867248535156,69600,0.0,0.0
2015-06-01 00:00:00+09:00,385.7094644165039,389.595705871582,385.7094644165039,388.6241455078125,43200,0.0,0.0
2015-06-02 00:00:00+09:00,389.5957297840338,389.9843539533944,388.4298572759519,388.8184814453125,32800,0.0,0.0
2015-06-03 00:00:00+09:00,388.62411232660537,390.3729208320751,388.0411761581155,389.5956726074219,65600,0.0,0.0
2015-06-04 00:00:00+09:00,389.7900218544844,389.7900218544844,388.6241494062656,389.4013977050781,32000,0.0,0.0
2015-06-05 00:00:00+09:00,388.6241494062656,389.4013977050781,388.42983733156245,389.4013977050781,26800,0.0,0.0
2015-06-08 00:00:00+09:00,390.1785598777578,394.64773660942535,389.5956237823229,391.9273681640625,118400,0.0,0.0
2015-06-09 00:00:00+09:00,390.5672117510606,393.2875803901227,390.178587659766,392.8989562988281,86000,0.0,0.0
2015-06-10 00:00:00+09:00,392.5103481244058,396.97952535552525,388.81841910739405,396.0079650878906,112800,0.0,0.0
2015-06-11 00:00:00+09:00,397.36815829650595,421.65716552734375,397.36815829650595,421.65716552734375,312400,0.0,0.0
2015-06-12 00:00:00+09:00,425.7377296341297,428.26378645076306,416.0221264932322,417.77093505859375,171600,0.0,0.0
2015-06-15 00:00:00+09:00,415.43917984612244,423.600286279021,411.94156280345163,412.71881103515625,89600,0.0,0.0
2015-06-16 00:00:00+09:00,412.13589717228314,415.82782647274206,408.0553437349338,415.6335144042969,77200,0.0,0.0
2015-06-17 00:00:00+09:00,416.6051060004135,419.7140993287748,411.16436767578125,411.16436767578125,100800,0.0,0.0
2015-06-18 00:00:00+09:00,416.9936604182218,423.6002701359382,413.1074194078003,423.017333984375,102000,0.0,0.0
2015-06-19 00:00:00+09:00,423.0173745691636,423.0173745691636,412.91314697265625,412.91314697265625,174800,0.0,0.0
2015-06-22 00:00:00+09:00,420.10261332194005,427.29215850830076,416.79930877685547,419.7139892578125,136400,0.0,0.0
2015-06-23 00:00:00+09:00,423.79458226984195,427.48651123046875,423.01733406760474,427.48651123046875,88400,0.0,0.0
2015-06-24 00:00:00+09:00,427.4864811110057,433.3158422170648,423.98886444737013,431.9556579589844,81200,0.0,0.0
2015-06-25 00:00:00+09:00,437.2020971306547,450.80394015249726,437.2020971306547,444.9745788574219,154400,0.0,0.0
2015-06-26 00:00:00+09:00,437.3965019242769,446.5291698898215,437.3965019242769,444.00311279296875,84000,0.0,0.0
2015-06-29 00:00:00+09:00,433.31589521216586,444.0030585469951,418.353866543405,439.3395690917969,133600,0.0,0.0
2015-06-30 00:00:00+09:00,435.2590382961607,444.0030814762175,429.8183003174587,437.78509521484375,60400,0.0,0.0
2015-07-01 00:00:00+09:00,432.7329344650795,452.74707557415144,432.7329344650795,450.803955078125,153200,0.0,0.0
2015-07-02 00:00:00+09:00,450.8039829049059,455.27316032163554,446.52911754977316,451.7755432128906,58000,0.0,0.0
2015-07-03 00:00:00+09:00,447.88932487667387,449.83244559197396,443.2258351599536,445.75189208984375,64000,0.0,0.0
2015-07-06 00:00:00+09:00,445.55759220398994,452.5528269703849,437.39648497652917,443.6144714355469,83600,0.0,0.0
2015-07-07 00:00:00+09:00,447.889280884108,451.775521932994,443.8087277827778,446.1404724121094,55200,0.0,0.0
2015-07-08 00:00:00+09:00,446.1405300982674,451.38695619262853,437.5907986852344,440.89410400390625,49600,0.0,0.0
2015-07-09 00:00:00+09:00,428.45811198477537,437.0078430175781,389.59569819930823,437.0078430175781,166000,0.0,0.0
2015-07-10 00:00:00+09:00,418.35383958297615,433.12155523941186,418.35383958297615,424.96044921875,93600,0.0,0.0
2015-07-13 00:00:00+09:00,417.77089671780277,432.73292418164965,417.77089671780277,420.6855773925781,62000,0.0,0.0
2015-07-14 00:00:00+09:00,423.6003657215688,437.2022123273072,420.68568430605336,436.23065185546875,127600,0.0,0.0
2015-07-15 00:00:00+09:00,436.23058127853676,442.64287935523686,436.23058127853676,441.8656311035156,58000,0.0,0.0
2015-07-16 00:00:00+09:00,442.0599431664459,443.8087517328187,439.7281984112822,441.8656311035156,64800,0.0,0.0
2015-07-17 00:00:00+09:00,443.42015155498797,446.9177688766312,441.2827187473171,442.0599670410156,45600,0.0,0.0
2015-07-21 00:00:00+09:00,444.78032358201773,448.8608770093757,442.64289083435403,448.66656494140625,40800,0.0,0.0
2015-07-22 00:00:00+09:00,448.27792644961045,451.7755435610508,442.8371887207031,442.8371887207031,96000,0.0,0.0
2015-07-23 00:00:00+09:00,444.0030557174982,453.1357225090616,442.64287130173346,444.7803039550781,135600,0.0,0.0
2015-07-24 00:00:00+09:00,452.55281695197607,452.55281695197607,443.80877368755404,449.24951171875,56400,0.0,0.0
2015-07-27 00:00:00+09:00,448.66658934765036,456.82769664630837,445.94622024809775,455.0788879394531,159200,0.0,0.0
2015-07-28 00:00:00+09:00,445.36329705654043,456.24477377345414,445.36329705654043,454.6902770996094,67600,0.0,0.0
2015-07-29 00:00:00+09:00,458.5764140378882,458.5764140378882,427.6807997022847,431.7613525390625,235600,0.0,0.0
2015-07-30 00:00:00+09:00,433.3158972932678,439.14525914026245,417.9652444295153,418.74249267578125,236800,0.0,0.0
2015-07-31 00:00:00+09:00,418.5482155727176,425.7377624511719,413.8847257056121,425.7377624511719,190000,0.0,0.0
2015-08-03 00:00:00+09:00,416.022168666874,422.43446738990383,406.69518870610335,409.4155578613281,188800,0.0,0.0
2015-08-04 00:00:00+09:00,409.4155561491208,415.82785484533383,408.05537157719675,412.13592529296875,82800,0.0,0.0
2015-08-05 00:00:00+09:00,421.8514722913407,423.4059687346068,411.9415574655192,419.131103515625,181200,0.0,0.0
2015-08-06 00:00:00+09:00,419.13110086192256,431.3727602751359,416.02210799507475,429.041015625,143200,0.0,0.0
2015-08-07 00:00:00+09:00,427.4865894508189,432.34439160366907,427.4865894508189,427.8752136230469,108000,0.0,0.0
2015-08-10 00:00:00+09:00,434.87041411301186,434.87041411301186,421.65719330886316,422.6287536621094,136400,0.0,0.0
2015-08-11 00:00:00+09:00,425.93202411218283,425.93202411218283,417.3822937011719,417.3822937011719,124400,0.0,0.0
2015-08-12 00:00:00+09:00,417.3823245634191,421.2685659466912,412.13589869600185,412.91314697265625,133200,0.0,0.0
2015-08-13 00:00:00+09:00,409.0269102480225,411.3586551045433,403.39186017809726,404.7520446777344,134800,0.0,0.0
2015-08-14 00:00:00+09:00,406.11216649025135,407.0837266971658,398.3396848349355,403.003173828125,193200,0.0,0.0
2015-08-17 00:00:00+09:00,408.0553491107731,414.6619595249475,403.19754733564486,413.6903991699219,127600,0.0,0.0
2015-08-18 00:00:00+09:00,413.4961004073372,422.8230801157734,410.1927950939327,413.3017883300781,124400,0.0,0.0
2015-08-19 00:00:00+09:00,411.94154432203885,417.96521784750263,408.0553033378687,415.050537109375,150800,0.0,0.0
2015-08-20 00:00:00+09:00,415.0505559074982,415.0505559074982,403.19752036894135,403.78045654296875,132000,0.0,0.0
2015-08-21 00:00:00+09:00,394.064888812126,403.39186842898107,394.064888812126,401.8373718261719,165200,0.0,0.0
2015-08-24 00:00:00+09:00,393.4819445686756,395.03644113981113,371.71899257277846,374.4393615722656,165200,0.0,0.0
2015-08-25 00:00:00+09:00,343.3493934434883,388.62410123767773,343.3493934434883,362.1976623535156,308000,0.0,0.0
2015-08-26 00:00:00+09:00,377.74265611295635,378.9085285083667,369.19292521328043,373.8564147949219,115600,0.0,0.0
2015-08-27 00:00:00+09:00,399.11700439453125,405.72361498334044,386.6810315214787,399.11700439453125,162400,0.0,0.0
2015-08-28 00:00:00+09:00,398.33969903519466,402.0316279530818,393.6762098757582,395.4250183105469,132000,0.0,0.0
2015-08-31 00:00:00+09:00,404.75201152958533,404.94632358504845,396.5909052001362,401.25439453125,121600,0.0,0.0
2015-09-01 00:00:00+09:00,403.97478488087654,404.9463452100754,397.36817464232445,397.95111083984375,106800,0.0,0.0
2015-09-02 00:00:00+09:00,394.2592198163614,394.4535319010417,383.37774307426366,388.8184814453125,98400,0.0,0.0
2015-09-03 00:00:00+09:00,396.0079730981892,396.0079730981892,389.40136314463746,393.0932922363281,21200,0.0,0.0
2015-09-04 00:00:00+09:00,394.064886808879,394.064886808879,379.8801053803543,383.18341064453125,106000,0.0,0.0
2015-09-07 00:00:00+09:00,378.9085097046218,379.10282176088054,367.0554742728362,371.7189636230469,158000,0.0,0.0
2015-09-08 00:00:00+09:00,369.77588332838314,376.57680603804863,365.6953297025839,366.0839538574219,88400,0.0,0.0
2015-09-09 00:00:00+09:00,377.35399206174196,380.85160887796815,372.4961909280944,379.4914245605469,118000,0.0,0.0
2015-09-10 00:00:00+09:00,377.7426582627624,384.73789267503577,373.8564169226105,381.8232116699219,73200,0.0,0.0
2015-09-11 00:00:00+09:00,378.9085030069156,384.54355253881334,378.9085030069156,380.85162353515625,47200,0.0,0.0
2015-09-14 00:00:00+09:00,388.6240989931168,390.17859538908925,384.73785800318564,385.5151062011719,144000,0.0,0.0
2015-09-15 00:00:00+09:00,386.48671313735895,388.4298338670591,382.4061596049886,384.15496826171875,108000,0.0,0.0
2015-09-16 00:00:00+09:00,382.0175420784274,388.04121644487265,382.0175420784274,383.9606628417969,74400,0.0,0.0
2015-09-17 00:00:00+09:00,382.9890852815112,386.68101456631524,382.40614907864745,383.572021484375,132800,0.0,0.0
2015-09-18 00:00:00+09:00,382.7947837509287,387.263961429239,382.7947837509287,384.15496826171875,118000,0.0,0.0
2015-09-24 00:00:00+09:00,383.57199760239797,386.29236637971997,381.823189102691,383.377685546875,191200,0.0,0.0
2015-09-25 00:00:00+09:00,384.93222546362233,387.4582824707031,380.6573597593317,387.4582824707031,231200,0.0,0.0
2015-09-28 00:00:00+09:00,381.00732840902947,385.0391519900774,369.91981356114763,378.7898254394531,259600,18.0,0.0
2015-09-29 00:00:00+09:00,375.56439195314687,378.7898510359436,359.0339141538135,360.0418701171875,223200,0.0,0.0
2015-09-30 00:00:00+09:00,357.6227769904963,363.4689215974435,353.5909531236361,360.8482360839844,113200,0.0,0.0
2015-10-01 00:00:00+09:00,368.91184678968494,368.91184678968494,362.8641115964114,366.89593505859375,80800,0.0,0.0
2015-10-02 00:00:00+09:00,359.8402746133693,367.9039222237529,359.6386834231097,362.2593688964844,59600,0.0,0.0
2015-10-05 00:00:00+09:00,362.86414246726315,365.4848279406378,359.0339098523309,362.2593688964844,91600,0.0,0.0
2015-10-06 00:00:00+09:00,362.25938120939645,363.87211078628854,359.8402868440582,360.24346923828125,53600,0.0,0.0
2015-10-07 00:00:00+09:00,362.66254455566406,363.87209167480466,359.84026794433595,362.8641357421875,38000,0.0,0.0
2015-10-08 00:00:00+09:00,363.065712717023,363.4688950742879,358.6307067871094,358.6307067871094,57600,0.0,0.0
2015-10-09 00:00:00+09:00,358.83226079972906,361.04976353500825,357.82430501096576,359.2354431152344,53600,0.0,0.0
2015-10-13 00:00:00+09:00,359.8402789245127,361.85619085126064,358.8323229611387,360.0418701171875,66400,0.0,0.0
2015-10-14 00:00:00+09:00,359.23549073494524,362.46094968654967,358.83230836599466,360.4450378417969,33200,0.0,0.0
2015-10-15 00:00:00+09:00,359.8402769981659,363.8721008300781,359.03391223178346,363.8721008300781,52400,0.0,0.0
2015-10-16 00:00:00+09:00,363.87208921568737,364.8800451414926,361.25140380859375,361.25140380859375,31200,0.0,0.0
2015-10-19 00:00:00+09:00,359.0339153438973,362.8641480174145,358.6307329572113,360.8482360839844,54800,0.0,0.0
2015-10-20 00:00:00+09:00,363.8720941121599,364.88005005152877,362.46095579704354,364.47686767578125,42000,0.0,0.0
2015-10-21 00:00:00+09:00,364.6783927444275,372.74203879737235,362.86407238251496,370.5245361328125,105600,0.0,0.0
2015-10-22 00:00:00+09:00,371.73415852594667,371.93574971820584,360.84823414395044,364.678466796875,210800,0.0,0.0
2015-10-23 00:00:00+09:00,443.09736090087887,443.09736090087887,399.1504888916015,403.18231201171875,1144800,0.0,0.0
2015-10-26 00:00:00+09:00,404.3918786926719,415.27780164850657,404.3918786926719,410.6412048339844,282400,0.0,0.0
2015-10-27 00:00:00+09:00,406.60939819099593,416.48736572265625,406.60939819099593,416.48736572265625,163200,0.0,0.0
2015-10-28 00:00:00+09:00,414.26987910562156,419.30965865678485,410.03646428264443,412.25396728515625,128000,0.0,0.0
2015-10-29 00:00:00+09:00,412.2539535713748,418.10009765625,405.60144478513746,418.10009765625,132000,0.0,0.0
2015-10-30 00:00:00+09:00,421.1239332116169,421.9302978515625,414.06824261209243,421.9302978515625,94800,0.0,0.0
2015-11-02 00:00:00+09:00,421.32557493711386,421.32557493711386,417.2937512535051,420.11602783203125,154800,0.0,0.0
2015-11-04 00:00:00+09:00,421.32560263460573,428.5828857421875,419.51128185771034,428.5828857421875,232000,0.0,0.0
2015-11-05 00:00:00+09:00,427.7765020412394,431.20355224609375,423.1399047052599,431.20355224609375,194000,0.0,0.0
2015-11-06 00:00:00+09:00,428.38122804885893,435.03373653150004,413.26189058831096,434.63055419921875,493200,0.0,0.0
2015-11-09 00:00:00+09:00,426.3653357017974,437.8560326923423,426.3653357017974,437.4528503417969,217600,0.0,0.0
2015-11-10 00:00:00+09:00,437.4528443700711,449.5483147213173,436.646479679988,448.1371765136719,307600,0.0,0.0
2015-11-11 00:00:00+09:00,448.1372264440858,452.9754151236441,440.073578644822,450.9595031738281,416400,0.0,0.0
2015-11-12 00:00:00+09:00,441.0814593230252,460.4342107375637,441.0814593230252,459.8294372558594,351600,0.0,0.0
2015-11-13 00:00:00+09:00,457.0072621441304,463.65977191508597,449.95156996281383,461.64385986328125,161200,0.0,0.0
2015-11-16 00:00:00+09:00,450.55629699488463,461.44222094912345,448.1372027828316,450.3547058105469,188800,0.0,0.0
2015-11-17 00:00:00+09:00,459.4263361272678,459.6279273234623,445.71813478604173,458.01519775390625,259600,0.0,0.0
2015-11-18 00:00:00+09:00,459.4263147115172,459.62790589831474,444.71015807529926,448.9435729980469,135600,0.0,0.0
2015-11-19 00:00:00+09:00,448.54037099115135,448.54037099115135,443.299000363839,446.12127685546875,84400,0.0,0.0
2015-11-20 00:00:00+09:00,443.50057501541943,460.6358245046515,443.50057501541943,459.62786865234375,245600,0.0,0.0
2015-11-24 00:00:00+09:00,458.62001393831446,473.73935505715997,458.4184227233965,472.3282165527344,546400,0.0,0.0
2015-11-25 00:00:00+09:00,472.5296683615479,473.73921529421403,455.5960113042228,471.1185302734375,275200,0.0,0.0
2015-11-26 00:00:00+09:00,477.56954839867876,503.9779953552963,475.9568188135418,497.7286682128906,978000,0.0,0.0
2015-11-27 00:00:00+09:00,498.9381995044549,503.17161453055326,489.2618223019442,497.3254699707031,1887200,0.0,0.0
2015-11-30 00:00:00+09:00,497.32547302705694,538.8532587763775,495.1079699045204,535.4262084960938,1569200,0.0,0.0
2015-12-01 00:00:00+09:00,535.4261262213454,538.2484024890783,525.7497504462608,536.43408203125,449200,0.0,0.0
2015-12-02 00:00:00+09:00,536.434205257875,544.2962623811583,531.394425050642,542.6835327148438,428800,0.0,0.0
2015-12-03 00:00:00+09:00,540.8691483724966,540.8691483724966,517.8877533242429,520.91162109375,248000,0.0,0.0
2015-12-04 00:00:00+09:00,513.0495074232434,522.9274743638089,508.0097283719346,517.8876953125,293600,0.0,0.0
2015-12-07 00:00:00+09:00,523.1291808369004,531.1928290964287,517.4846270552306,517.6862182617188,188000,0.0,0.0
2015-12-08 00:00:00+09:00,520.1051913972764,520.1051913972764,503.1715340029465,504.5826721191406,173600,0.0,0.0
2015-12-09 00:00:00+09:00,502.36524472242354,511.23525706904735,499.1397856872876,504.1795654296875,213200,0.0,0.0
2015-12-10 00:00:00+09:00,493.8984612495668,507.0018898133308,491.8825491628339,499.9461975097656,164000,0.0,0.0
2015-12-11 00:00:00+09:00,507.80815337964003,510.63042973824065,498.9381419668952,504.381103515625,205200,0.0,0.0
2015-12-14 00:00:00+09:00,500.3493430078446,500.3493430078446,489.4634185427263,490.47137451171875,202800,0.0,0.0
2015-12-15 00:00:00+09:00,486.03629459695475,506.3970020852552,479.78696853618925,491.68084716796875,263200,0.0,0.0
2015-12-16 00:00:00+09:00,493.49521441251005,505.9938677187092,486.84270539469435,502.16363525390625,169600,0.0,0.0
2015-12-17 00:00:00+09:00,503.9779051308875,521.31474506739,503.9779051308875,517.8876953125,139600,0.0,0.0
2015-12-18 00:00:00+09:00,513.6543340956532,526.1529874370702,509.8241016200577,513.049560546875,189600,0.0,0.0
2015-12-21 00:00:00+09:00,510.42889573375925,519.5004993309233,502.3652480918357,516.67822265625,153200,0.0,0.0
2015-12-22 00:00:00+09:00,515.6703207572822,524.5403340932166,514.8639559085609,522.7260131835938,90400,0.0,0.0
2015-12-24 00:00:00+09:00,523.5323388811356,523.5323388811356,509.6225462809052,511.6384582519531,170800,0.0,0.0
2015-12-25 00:00:00+09:00,511.6384582519531,511.6384582519531,511.6384582519531,511.6384582519531,0,0.0,0.0
2015-12-28 00:00:00+09:00,520.1052215319722,529.7815977465206,516.8797627937894,527.7656860351562,109200,0.0,0.0
2015-12-29 00:00:00+09:00,522.9274690047555,542.4818115234375,522.9274690047555,542.4818115234375,263200,0.0,0.0
2015-12-30 00:00:00+09:00,539.0547644553876,540.8690849041903,534.2165765919137,539.4579467773438,92800,0.0,0.0
2016-01-04 00:00:00+09:00,531.3942869208495,539.2563420004826,518.8956352557915,522.12109375,127200,0.0,0.0
2016-01-05 00:00:00+09:00,514.6622314453125,516.0733695652174,495.9142535665761,496.1158447265625,182800,0.0,0.0
2016-01-06 00:00:00+09:00,503.77639695618046,503.77639695618046,484.82682460168627,492.8904724121094,132800,0.0,0.0
2016-01-07 00:00:00+09:00,487.04426554087047,487.04426554087047,475.7551600482013,477.3678894042969,87600,0.0,0.0
2016-01-08 00:00:00+09:00,470.11058107159033,479.9885478265251,462.04693474103135,465.8771667480469,166400,0.0,0.0
2016-01-12 00:00:00+09:00,463.4580519072864,464.0628253547513,444.10530158840885,444.50848388671875,108400,0.0,0.0
2016-01-13 00:00:00+09:00,451.5642444799978,464.869262397712,449.1451503131407,454.7897033691406,133200,0.0,0.0
2016-01-14 00:00:00+09:00,449.14510310842854,449.54828542719736,439.46872745797765,444.3069152832031,103200,0.0,0.0
2016-01-15 00:00:00+09:00,452.7737809701479,452.7737809701479,436.44489572589947,438.25921630859375,74000,0.0,0.0
2016-01-18 00:00:00+09:00,425.76056217597926,441.8878561977966,425.3573798254338,437.4528503417969,62000,0.0,0.0
2016-01-19 00:00:00+09:00,437.4528803182327,442.08947766722775,426.16377372937507,432.0099182128906,50400,0.0,0.0
2016-01-20 00:00:00+09:00,429.99400338487095,434.83219188990466,414.2698907435114,414.8746643066406,80800,0.0,0.0
2016-01-21 00:00:00+09:00,403.1823186126506,423.3414345432831,391.69162253219,393.3043518066406,141600,0.0,0.0
2016-01-22 00:00:00+09:00,403.38395237598604,416.89056147603156,402.779178834193,415.27783203125,92800,0.0,0.0
2016-01-25 00:00:00+09:00,428.5828650709028,429.5908210094515,413.2619348049627,414.8746643066406,50000,0.0,0.0
2016-01-26 00:00:00+09:00,413.2619110627186,419.1080551704351,405.39985519372055,414.2698669433594,78800,0.0,0.0
2016-01-27 00:00:00+09:00,414.874620481979,418.5032614774482,407.81892965745556,416.08416748046875,50400,0.0,0.0
2016-01-28 00:00:00+09:00,415.27782901927304,433.42103514147425,407.6173642121214,433.0178527832031,183200,0.0,0.0
2016-01-29 00:00:00+09:00,433.42107160504895,441.0815370566731,416.084228740847,437.0497131347656,249600,0.0,0.0
2016-02-01 00:00:00+09:00,453.5801696777344,458.6199493408203,446.3228869628906,453.5801696777344,200000,0.0,0.0
2016-02-02 00:00:00+09:00,453.580164759951,455.7976677876663,447.7340204141561,450.3547058105469,151200,0.0,0.0
2016-02-03 00:00:00+09:00,436.646464549919,436.646464549919,419.30962431386496,433.8241882324219,110800,0.0,0.0
2016-02-04 00:00:00+09:00,426.1637407778306,428.58283485982395,415.07622623536105,415.6809997558594,57600,0.0,0.0
2016-02-05 00:00:00+09:00,413.2619280177287,419.7128459184932,402.3760040601885,405.3998718261719,89200,0.0,0.0
2016-02-08 00:00:00+09:00,397.9409668763996,434.8321507357619,397.9409668763996,433.21942138671875,135200,0.0,0.0
2016-02-09 00:00:00+09:00,415.6810673327007,419.71289145813915,398.54581479958745,398.7474060058594,125600,0.0,0.0
2016-02-10 00:00:00+09:00,399.55372318414305,407.2141881089652,369.9198193960154,372.7420959472656,210800,0.0,0.0
2016-02-12 00:00:00+09:00,360.64664176454835,378.991440199749,355.8084531662537,363.8721008300781,168000,0.0,0.0
2016-02-15 00:00:00+09:00,371.93575376039973,377.17712481610187,366.89597389914775,372.54052734375,92400,0.0,0.0
2016-02-16 00:00:00+09:00,372.13732553793875,390.48212327572446,368.91186659503137,379.79779052734375,123200,0.0,0.0
2016-02-17 00:00:00+09:00,378.9913726358585,382.21683112637646,369.516588319962,370.72613525390625,54800,0.0,0.0
2016-02-18 00:00:00+09:00,375.1611728512975,380.8057256937674,368.91184648999166,371.53253173828125,71600,0.0,0.0
2016-02-19 00:00:00+09:00,370.5246194238821,370.5246194238821,360.8482419851735,364.88006591796875,46000,0.0,0.0
2016-02-22 00:00:00+09:00,364.88002332750256,367.9038909241393,360.2434263459929,366.89593505859375,62800,0.0,0.0
2016-02-23 00:00:00+09:00,367.29908805649785,367.70227037050057,358.4290771484375,358.4290771484375,74400,0.0,0.0
2016-02-24 00:00:00+09:00,358.6307345224083,360.0418728819681,351.1718603361637,351.5750427246094,73600,0.0,0.0
2016-02-25 00:00:00+09:00,354.19569206128864,367.09752717336744,351.5750068041476,352.98614501953125,105200,0.0,0.0
2016-02-26 00:00:00+09:00,356.4132313859572,360.0418728819681,349.5591307823811,351.5750427246094,76800,0.0,0.0
2016-02-29 00:00:00+09:00,355.40525231825563,357.4211641294766,341.6970520019531,341.6970520019531,143600,0.0,0.0
2016-03-01 00:00:00+09:00,341.8986590536609,342.7050238155799,335.6493321487885,342.1002502441406,61600,0.0,0.0
2016-03-02 00:00:00+09:00,357.42121038921806,359.235531254138,351.7766565872451,356.8164367675781,100800,0.0,0.0
2016-03-03 00:00:00+09:00,358.8322594624402,363.065673759469,353.792480537406,358.4290771484375,79200,0.0,0.0
2016-03-04 00:00:00+09:00,358.8322797872253,386.2486786923166,353.18772707147116,380.6041259765625,204800,0.0,0.0
2016-03-07 00:00:00+09:00,387.0550724454766,399.15054345939774,373.34687196303264,374.3548278808594,165200,0.0,0.0
2016-03-08 00:00:00+09:00,379.1930248958679,381.41052796543437,365.88800647846904,379.9993896484375,132400,0.0,0.0
2016-03-09 00:00:00+09:00,374.55635861469085,389.0709214888877,369.51657983892807,388.2645568847656,91600,0.0,0.0
2016-03-10 00:00:00+09:00,392.9011912295693,393.10278240003083,376.1691240812603,383.0232238769531,95600,0.0,0.0
2016-03-11 00:00:00+09:00,378.18509718951054,385.03919809806246,377.9835059863178,383.82965087890625,68000,0.0,0.0
2016-03-14 00:00:00+09:00,388.06302851260364,389.474166798104,383.02324892153086,384.43438720703125,53200,0.0,0.0
2016-03-15 00:00:00+09:00,384.4344025955443,391.6916854971907,379.193031611022,379.3946228027344,64000,0.0,0.0
2016-03-16 00:00:00+09:00,381.00737857818604,388.46625318527225,381.00737857818604,387.05511474609375,55600,0.0,0.0
2016-03-17 00:00:00+09:00,390.07894090786107,391.2884880114513,376.9755139522998,379.79779052734375,111600,0.0,0.0
2016-03-18 00:00:00+09:00,378.9914051372592,379.99936100198596,368.71025531704635,371.53253173828125,45200,0.0,0.0
2016-03-22 00:00:00+09:00,374.9595889136905,381.00732421875,373.9516330295139,381.00732421875,98400,0.0,0.0
2016-03-23 00:00:00+09:00,382.01531388346353,382.01531388346353,375.161213264974,377.9834899902344,28800,0.0,0.0
2016-03-24 00:00:00+09:00,376.9754934078057,379.7977698290406,371.53253173828125,371.53253173828125,44400,0.0,0.0
2016-03-25 00:00:00+09:00,374.95959947299855,376.16914656807273,366.08958744245444,368.1054992675781,96400,0.0,0.0
2016-03-28 00:00:00+09:00,371.3309631347656,375.5643780239242,365.4848187640228,371.3309631347656,69600,0.0,0.0
2016-03-29 00:00:00+09:00,376.37073847466525,376.37073847466525,366.895952878356,373.5484619140625,41600,0.0,0.0
2016-03-30 00:00:00+09:00,371.5324918894306,372.74203879737235,366.89589540898737,370.5245361328125,62800,0.0,0.0
2016-03-31 00:00:00+09:00,371.93572826139916,379.9993754865786,370.72618117762227,375.7659606933594,100800,0.0,0.0
2016-04-01 00:00:00+09:00,375.7659492743094,375.7659492743094,368.1054846431807,368.5086669921875,82000,0.0,0.0
2016-04-04 00:00:00+09:00,365.88798711484503,374.55640774621605,362.2593459203177,367.0975341796875,72400,0.0,0.0
2016-04-05 00:00:00+09:00,363.0656845542579,366.2911431621803,354.3972645454666,355.6068115234375,69200,0.0,0.0
2016-04-06 00:00:00+09:00,350.7686183763587,353.9940769361413,342.3017896569294,347.7447509765625,102800,0.0,0.0
2016-04-07 00:00:00+09:00,346.7367818148968,350.16383140260217,342.9065499227555,344.31768798828125,84800,0.0,0.0
2016-04-08 00:00:00+09:00,339.6811123491024,352.1797645542326,336.6572448801193,347.94635009765625,131200,0.0,0.0
2016-04-11 00:00:00+09:00,346.73684393545994,346.73684393545994,335.6493285770586,339.68115234375,72000,0.0,0.0
2016-04-12 00:00:00+09:00,339.68113895283165,345.3256920036799,338.47159187050704,340.89068603515625,69600,0.0,0.0
2016-04-13 00:00:00+09:00,348.3495177327713,348.3495177327713,341.6970095816246,343.7129211425781,34400,0.0,0.0
2016-04-14 00:00:00+09:00,351.17179938825296,358.6306722799667,350.5670259105464,356.2115783691406,66800,0.0,0.0
2016-04-15 00:00:00+09:00,355.80848182892214,355.80848182892214,348.9543807625293,352.1798400878906,38000,0.0,0.0
2016-04-18 00:00:00+09:00,348.9543060284815,348.9543060284815,342.70497992398526,343.30975341796875,70800,0.0,0.0
2016-04-19 00:00:00+09:00,351.37342142019764,352.9861508357809,343.7129566961773,346.93841552734375,60800,0.0,0.0
2016-04-20 00:00:00+09:00,350.7686183763587,352.78452997622287,346.53520401664406,347.7447509765625,90400,0.0,0.0
2016-04-21 00:00:00+09:00,353.59093622297837,353.9941185903934,348.9543389977056,349.5591125488281,69600,0.0,0.0
2016-04-22 00:00:00+09:00,348.9543177476897,356.81637343351287,343.91453846190564,350.5670471191406,93200,0.0,0.0
2016-04-25 00:00:00+09:00,350.76862375172806,351.17180607787947,346.3336181640625,346.3336181640625,176000,0.0,0.0
2016-04-26 00:00:00+09:00,347.1400126271668,351.17183623491553,340.89068603515625,340.89068603515625,168800,0.0,0.0
2016-04-27 00:00:00+09:00,342.7049679727949,346.9383822830471,338.47155366254276,340.6890563964844,178400,0.0,0.0
2016-04-28 00:00:00+09:00,342.70499093191967,346.53522318351173,333.02861471737134,335.85089111328125,303200,0.0,0.0
2016-05-02 00:00:00+09:00,332.62545589755683,332.62545589755683,325.7713555942132,326.3761291503906,132800,0.0,0.0
2016-05-06 00:00:00+09:00,327.5856762627454,329.19840574588505,323.9570349256811,326.3761291503906,135200,0.0,0.0
2016-05-09 00:00:00+09:00,331.6175068014919,332.6254627492168,324.1586327883277,325.7713623046875,108000,0.0,0.0
2016-05-10 00:00:00+09:00,326.57774059224573,327.7872877796244,322.54591663431677,324.56182861328125,124400,0.0,0.0
2016-05-11 00:00:00+09:00,328.99677581308777,328.99677581308777,320.7315381854305,321.53790283203125,213200,0.0,0.0
2016-05-12 00:00:00+09:00,325.56973014215026,325.9729124704997,318.11085706768614,319.3204040527344,222400,0.0,0.0
2016-05-13 00:00:00+09:00,319.3204148213575,320.1267795052498,316.4981384277344,316.4981384277344,307600,0.0,0.0
2016-05-16 00:00:00+09:00,319.1188275015309,326.3761097441431,316.4981422472543,318.917236328125,163200,0.0,0.0
2016-05-17 00:00:00+09:00,317.9093096869678,320.32840399022945,314.88544180789074,318.11090087890625,211200,0.0,0.0
2016-05-18 00:00:00+09:00,319.11883419295367,319.11883419295367,314.07905475213,318.3124694824219,150800,0.0,0.0
2016-05-19 00:00:00+09:00,321.3363209152222,324.9649619293213,320.12677391052245,322.5458679199219,361600,0.0,0.0
2016-05-20 00:00:00+09:00,321.53790283203125,323.3522232868828,316.0949414674765,321.53790283203125,302400,0.0,0.0
2016-05-23 00:00:00+09:00,321.53793852208025,345.32569823719336,321.53793852208025,344.9225158691406,230000,0.0,0.0
2016-05-24 00:00:00+09:00,342.5034359253693,356.4132282025032,342.5034359253693,354.5989074707031,236400,0.0,0.0
2016-05-25 00:00:00+09:00,357.01800341046726,362.8641480174145,355.40527386372315,360.8482360839844,117200,0.0,0.0
2016-05-26 00:00:00+09:00,365.08157889831244,372.74204272942,362.8640762103602,368.3070373535156,250400,0.0,0.0
2016-05-27 00:00:00+09:00,369.1134019673164,369.91976658111724,365.08157889831244,368.3070373535156,44000,0.0,0.0
2016-05-30 00:00:00+09:00,369.7182127634684,369.7182127634684,359.03388055165607,367.7023010253906,106400,0.0,0.0
2016-05-31 00:00:00+09:00,365.28325987119933,372.9437255859375,362.8641654349662,372.9437255859375,102800,0.0,0.0
2016-06-01 00:00:00+09:00,366.49275398254395,374.9595832824707,366.49275398254395,367.7023010253906,78400,0.0,0.0
2016-06-02 00:00:00+09:00,367.7023254529864,367.7023254529864,359.033904403382,363.6705017089844,61200,0.0,0.0
2016-06-03 00:00:00+09:00,360.64661773263595,367.9039001464844,360.64661773263595,367.9039001464844,46800,0.0,0.0
2016-06-06 00:00:00+09:00,362.6625886234552,362.8641798344743,356.81644350389973,361.6546325683594,68800,0.0,0.0
2016-06-07 00:00:00+09:00,362.86412780320666,364.4768572601098,360.64662479996485,362.66253662109375,26000,0.0,0.0
2016-06-08 00:00:00+09:00,362.86414606654233,364.678466796875,361.0498253362096,364.678466796875,33600,0.0,0.0
2016-06-09 00:00:00+09:00,359.0338866256981,361.0497983978806,356.81638367629733,357.0179748535156,52800,0.0,0.0
2016-06-10 00:00:00+09:00,354.8005304325208,356.21166890583197,338.0684599632599,339.076416015625,218000,0.0,0.0
2016-06-13 00:00:00+09:00,337.6651835542675,337.6651835542675,330.609493151641,332.8269958496094,148000,0.0,0.0
2016-06-14 00:00:00+09:00,328.5936277365383,328.7952189191987,315.69179204626926,318.5140686035156,250800,0.0,0.0
2016-06-15 00:00:00+09:00,319.7236085656571,327.5856645139929,318.9172438530073,323.75543212890625,52400,0.0,0.0
2016-06-16 00:00:00+09:00,322.5459021887004,325.77136121058743,314.88543701171875,314.88543701171875,105600,0.0,0.0
2016-06-17 00:00:00+09:00,315.08706196933525,342.7050578041394,315.08706196933525,339.076416015625,178000,0.0,0.0
2016-06-20 00:00:00+09:00,340.6890739672112,340.89066513523915,330.2063332297585,332.62542724609375,211600,0.0,0.0
2016-06-21 00:00:00+09:00,330.20638571479316,330.20638571479316,324.76342331290095,326.9809265136719,93600,0.0,0.0
2016-06-22 00:00:00+09:00,327.5856974745368,327.5856974745368,314.6838607740012,319.92523193359375,98000,0.0,0.0
2016-06-23 00:00:00+09:00,322.54586258361854,324.36018306065137,316.6997188242904,323.9570007324219,59200,0.0,0.0
2016-06-24 00:00:00+09:00,332.02064340557166,332.02064340557166,299.36287520174494,302.99151611328125,228400,0.0,0.0
2016-06-27 00:00:00+09:00,300.9756438966139,308.23292666974055,300.9756438966139,303.99951171875,98800,0.0,0.0
2016-06-28 00:00:00+09:00,302.1852121534063,303.7979417713031,294.9279288728709,297.5486145019531,142400,0.0,0.0
2016-06-29 00:00:00+09:00,303.59633962873886,307.8297547231635,298.7581509493964,305.8138427734375,78800,0.0,0.0
2016-06-30 00:00:00+09:00,311.0552183153778,312.06317430473416,302.99157040052677,303.5963439941406,117200,0.0,0.0
2016-07-01 00:00:00+09:00,306.41862641500586,308.434538430894,300.9756639721077,302.1852111816406,62400,0.0,0.0
2016-07-04 00:00:00+09:00,302.78997173259523,310.8536194485099,302.78997173259523,308.83770751953125,103200,0.0,0.0
2016-07-05 00:00:00+09:00,309.8456493405456,309.8456493405456,301.1772284416234,304.6042785644531,120400,0.0,0.0
2016-07-06 00:00:00+09:00,302.38677978515625,302.38677978515625,298.5565472412109,302.38677978515625,94400,0.0,0.0
2016-07-07 00:00:00+09:00,302.3867346792818,308.4344693728674,301.17718774056465,302.7899169921875,66400,0.0,0.0
2016-07-08 00:00:00+09:00,305.41058417978695,305.41058417978695,296.74216495884247,296.9437561035156,92400,0.0,0.0
2016-07-11 00:00:00+09:00,296.9437561035156,296.9437561035156,296.9437561035156,296.9437561035156,0,0.0,0.0
2016-07-12 00:00:00+09:00,312.6679136690262,324.3602018655468,312.6679136690262,321.3363342285156,72800,0.0,0.0
2016-07-13 00:00:00+09:00,327.38407040407157,331.01271157850096,324.9649762877853,326.779296875,80000,0.0,0.0
2016-07-14 00:00:00+09:00,326.77928892535925,329.60156532570164,324.763377210829,326.57769775390625,67200,0.0,0.0
2016-07-15 00:00:00+09:00,330.2063573919191,330.2063573919191,326.1745337363401,328.5936279296875,58000,0.0,0.0
2016-07-19 00:00:00+09:00,328.5936158343059,330.8111187632491,320.9331511706841,330.6095275878906,93600,0.0,0.0
2016-07-20 00:00:00+09:00,323.1506684132111,330.407951047569,323.1506684132111,330.20635986328125,58000,0.0,0.0
2016-07-21 00:00:00+09:00,330.2063452371737,333.6333952182677,329.3999805357398,330.6095275878906,131200,0.0,0.0
2016-07-22 00:00:00+09:00,324.56187024354494,327.58573859985125,320.7316369922236,327.18255615234375,114000,0.0,0.0
2016-07-25 00:00:00+09:00,325.16655440104574,326.77928374711416,322.1426868771674,323.35223388671875,73200,0.0,0.0
2016-07-26 00:00:00+09:00,323.1506361720538,323.1506361720538,318.11085706768614,319.3204040527344,72400,0.0,0.0
2016-07-27 00:00:00+09:00,319.52202277454904,326.1745317660696,318.5140668667429,322.34429931640625,125200,0.0,0.0
2016-07-28 00:00:00+09:00,322.3443315918259,339.4795837402344,318.11091635516027,339.4795837402344,312000,0.0,0.0
2016-07-29 00:00:00+09:00,342.70500495419867,350.76865212959154,330.40794301172446,344.7209167480469,396400,0.0,0.0
2016-08-01 00:00:00+09:00,346.7368520281917,346.7368520281917,337.86683953444725,339.88275146484375,140800,0.0,0.0
2016-08-02 00:00:00+09:00,342.7050054038002,343.914552481696,339.88272888871006,340.0843200683594,59600,0.0,0.0
2016-08-03 00:00:00+09:00,338.6731528424202,338.6731528424202,327.7872300724853,331.6174621582031,170000,0.0,0.0
2016-08-04 00:00:00+09:00,331.8190717714431,334.84293937567855,330.6095247297489,333.6333923339844,123600,0.0,0.0
2016-08-05 00:00:00+09:00,334.6413440864627,337.0604381400998,333.2302058885078,335.85089111328125,73600,0.0,0.0
2016-08-08 00:00:00+09:00,340.4875134218972,340.6891046080558,335.8509161402491,337.2620544433594,47600,0.0,0.0
2016-08-09 00:00:00+09:00,337.6652368156766,338.27001037415243,331.214318858601,337.2620544433594,98400,0.0,0.0
2016-08-10 00:00:00+09:00,337.26205075038337,337.4636419343346,333.0286358874078,334.84295654296875,40800,0.0,0.0
2016-08-12 00:00:00+09:00,336.6572821019445,338.67319397081843,333.23023192485886,338.06842041015625,76000,0.0,0.0
2016-08-15 00:00:00+09:00,338.2700266316971,343.71298891957304,338.2700266316971,343.10821533203125,166800,0.0,0.0
2016-08-16 00:00:00+09:00,345.12412248387454,348.9543551516278,339.6811602718041,339.88275146484375,147200,0.0,0.0
2016-08-17 00:00:00+09:00,338.87475997102473,339.47953348673747,335.85089239246116,336.6572570800781,137200,0.0,0.0
2016-08-18 00:00:00+09:00,334.6413708540376,335.85091797760634,332.62545898142287,333.43182373046875,98400,0.0,0.0
2016-08-19 00:00:00+09:00,333.8349675837965,335.4476968957955,333.028602927797,333.2301940917969,73600,0.0,0.0
2016-08-22 00:00:00+09:00,332.8270248138976,338.4715776272163,332.8270248138976,336.6572570800781,86000,0.0,0.0
2016-08-23 00:00:00+09:00,337.0604368501335,337.2620280204984,334.23816046502475,335.0445251464844,81200,0.0,0.0
2016-08-24 00:00:00+09:00,333.23018745754075,335.0445078974185,331.8190493376359,333.8349609375,128800,0.0,0.0
2016-08-25 00:00:00+09:00,334.64133745471185,337.6652049618327,334.64133745471185,336.4556579589844,58400,0.0,0.0
2016-08-26 00:00:00+09:00,336.45565943862454,336.45565943862454,332.2222449100379,332.62542724609375,116400,0.0,0.0
2016-08-29 00:00:00+09:00,337.2620119584543,344.72088490672854,335.0445091900485,343.9145202636719,226400,0.0,0.0
2016-08-30 00:00:00+09:00,347.94635009765625,348.34953242685395,345.124073793272,347.94635009765625,158000,0.0,0.0
2016-08-31 00:00:00+09:00,347.54320914953706,355.40526550500806,347.14002677233344,355.20367431640625,189200,0.0,0.0
2016-09-01 00:00:00+09:00,358.83228205400167,359.84023790246795,354.8004586601365,358.2275085449219,99200,0.0,0.0
2016-09-02 00:00:00+09:00,358.22757521807137,359.4371224613513,353.38938624495165,356.8164367675781,137600,0.0,0.0
2016-09-05 00:00:00+09:00,366.49276189934716,373.5484531350332,365.08162365221,367.9039001464844,234400,0.0,0.0
2016-09-06 00:00:00+09:00,370.92778682196564,376.7739312881814,370.92778682196564,375.36279296875,149600,0.0,0.0
2016-09-07 00:00:00+09:00,375.36278690394585,382.41847838710277,371.7341455697509,381.4105224609375,270000,0.0,0.0
2016-09-08 00:00:00+09:00,386.85352354049684,387.05511474609375,383.0232906341553,387.05511474609375,162800,0.0,0.0
2016-09-09 00:00:00+09:00,390.07891943695347,396.73142814052943,388.4661900542684,395.5218811035156,188000,0.0,0.0
2016-09-12 00:00:00+09:00,391.0869388580322,394.51398935317997,385.8455675125122,387.05511474609375,218800,0.0,0.0
2016-09-13 00:00:00+09:00,392.0948720015566,395.723513490517,385.8455449927914,387.2566833496094,181200,0.0,0.0
2016-09-14 00:00:00+09:00,385.0391523599501,391.49007009582357,384.43437882221195,388.869384765625,110400,0.0,0.0
2016-09-15 00:00:00+09:00,388.86938267537994,388.86938267537994,379.193006123582,382.62005615234375,144000,0.0,0.0
2016-09-16 00:00:00+09:00,381.0073254755457,384.23278431555036,379.3945960555434,381.8136901855469,93200,0.0,0.0
2016-09-20 00:00:00+09:00,381.20892826874467,386.65189022710325,377.9834693304581,384.43438720703125,198000,0.0,0.0
2016-09-21 00:00:00+09:00,384.4343250151859,388.2645568847656,380.4025019945757,388.2645568847656,160400,0.0,0.0
2016-09-23 00:00:00+09:00,390.48217429555746,400.5617348091237,388.4662621928442,398.9490051269531,375600,0.0,0.0
2016-09-26 00:00:00+09:00,396.12665843094015,398.74734370300234,393.70756433365193,397.94097900390625,264800,0.0,0.0
2016-09-27 00:00:00+09:00,393.9091845207408,397.33623474430914,387.2566752632257,397.1346435546875,360000,0.0,0.0
2016-09-28 00:00:00+09:00,373.403192895306,389.994223400778,371.7230885403215,381.1736755371094,605200,19.75,0.0
2016-09-29 00:00:00+09:00,381.17363444730995,385.373894881991,377.81342609956505,379.4935302734375,219600,0.0,0.0
2016-09-30 00:00:00+09:00,379.49357429180105,379.49357429180105,372.3531307246061,375.5033264160156,174800,0.0,0.0
2016-10-03 00:00:00+09:00,377.60340943731654,382.2236958709211,376.3433313190608,380.1235656738281,146400,0.0,0.0
2016-10-04 00:00:00+09:00,382.2236995559802,383.48377768638454,378.8634912082353,379.4935302734375,97200,0.0,0.0
2016-10-05 00:00:00+09:00,382.01368606511136,399.02474080467925,380.75360793625447,398.8147277832031,360800,0.0,0.0
2016-10-06 00:00:00+09:00,397.97468829921627,404.6951051992558,397.55466224296384,398.39471435546875,179200,0.0,0.0
2016-10-07 00:00:00+09:00,401.54490482007185,401.54490482007185,379.7035501645868,381.8036804199219,244000,0.0,0.0
2016-10-11 00:00:00+09:00,384.74387335385575,386.0039515416959,380.75362575902864,383.4837951660156,81600,0.0,0.0
2016-10-12 00:00:00+09:00,382.22368517673505,384.32381531506877,376.7633468170674,378.4434509277344,102000,0.0,0.0
2016-10-13 00:00:00+09:00,378.65350341796875,383.27379020398945,377.18341216787127,378.65350341796875,48400,0.0,0.0
2016-10-14 00:00:00+09:00,377.3934282167442,381.59368896484375,376.76338910452927,381.59368896484375,129200,0.0,0.0
2016-10-17 00:00:00+09:00,381.5937016258555,382.6437668477208,379.2835581377518,381.1736755371094,51200,0.0,0.0
2016-10-18 00:00:00+09:00,381.803678819055,382.2237048683609,379.4935355478726,380.3335876464844,40400,0.0,0.0
2016-10-19 00:00:00+09:00,381.80369245713354,385.37391400376237,380.7536272963603,384.9538879394531,98000,0.0,0.0
2016-10-20 00:00:00+09:00,387.6840193034385,388.73408436114016,383.48375907263204,386.21392822265625,61200,0.0,0.0
2016-10-21 00:00:00+09:00,384.95382509940487,387.053955078125,383.9037601100448,387.053955078125,81600,0.0,0.0
2016-10-24 00:00:00+09:00,385.7939147949219,387.05399290530266,383.27375857416024,385.7939147949219,69200,0.0,0.0
2016-10-25 00:00:00+09:00,386.2139296477928,391.2542419433594,386.2139296477928,391.2542419433594,126000,0.0,0.0
2016-10-26 00:00:00+09:00,387.68408491893484,391.04429367229505,382.6437717888945,390.624267578125,124000,0.0,0.0
2016-10-27 00:00:00+09:00,390.6241830728822,397.7646251290532,390.4141700712301,396.5045471191406,134400,0.0,0.0
2016-10-28 00:00:00+09:00,396.9246476258283,401.5449345294094,396.50462154368455,401.1249084472656,130000,0.0,0.0
2016-10-31 00:00:00+09:00,397.97465755897133,402.5949438208697,397.97465755897133,401.96490478515625,98400,0.0,0.0
2016-11-01 00:00:00+09:00,399.0247391747118,399.0247391747118,391.04424439121755,397.3446350097656,72000,0.0,0.0
2016-11-02 00:00:00+09:00,388.94407732495597,395.45448034713394,386.4239213163709,395.0344543457031,144400,0.0,0.0
2016-11-04 00:00:00+09:00,388.94409393728597,390.83421102445425,376.1333003464791,383.27374267578125,148800,0.0,0.0
2016-11-07 00:00:00+09:00,383.48378074420657,398.39470540622114,383.48378074420657,398.1846923828125,142400,0.0,0.0
2016-11-08 00:00:00+09:00,400.49488079112064,400.9149068852907,389.36418929561495,390.624267578125,47200,0.0,0.0
2016-11-09 00:00:00+09:00,396.9246323446923,396.9246323446923,358.7022603411294,365.6326904296875,206400,0.0,0.0
2016-11-10 00:00:00+09:00,401.96490557143846,401.96490557143846,384.53382554927055,391.2542419433594,161600,0.0,0.0
2016-11-11 00:00:00+09:00,392.7243330295663,394.8244631527191,384.74383856158585,391.2542419433594,78800,0.0,0.0
2016-11-14 00:00:00+09:00,398.6047118187482,401.1248680578552,375.08325358708345,376.5533447265625,257200,0.0,0.0
2016-11-15 00:00:00+09:00,378.02344391069477,387.68404303285695,376.1333266911413,383.90380859375,202000,0.0,0.0
2016-11-16 00:00:00+09:00,386.8440089491547,387.26403501750343,383.27378736819077,384.3238525390625,148000,0.0,0.0
2016-11-17 00:00:00+09:00,384.3238424671497,404.0650671621836,384.3238424671497,403.4350280761719,330000,0.0,0.0
2016-11-18 00:00:00+09:00,403.0150191788821,408.6853711944265,401.7549409532055,407.42529296875,120400,0.0,0.0
2016-11-21 00:00:00+09:00,407.8452815426144,409.94541172563504,403.64502117657304,405.1151123046875,68400,0.0,0.0
2016-11-22 00:00:00+09:00,407.8452507246435,410.99544576113664,407.21521171734486,408.685302734375,99200,0.0,0.0
2016-11-24 00:00:00+09:00,413.305610306766,413.305610306766,408.4753109993191,412.0455322265625,130800,0.0,0.0
2016-11-25 00:00:00+09:00,412.0455485067626,413.51563965841774,407.84528807346226,410.9954833984375,111200,0.0,0.0
2016-11-28 00:00:00+09:00,407.84532281241115,415.8258183154346,407.84532281241115,415.4057922363281,124000,0.0,0.0
2016-11-29 00:00:00+09:00,415.4057665552743,433.0468607871464,415.1957535287044,431.9967956542969,219200,0.0,0.0
2016-11-30 00:00:00+09:00,433.8869375019252,436.8271200406604,421.0761421545789,426.116455078125,95200,0.0,0.0
2016-12-01 00:00:00+09:00,430.5266977868547,430.5266977868547,410.99548661896324,413.9356689453125,204800,0.0,0.0
2016-12-02 00:00:00+09:00,413.9356550247514,430.1066572758452,413.9356550247514,428.6365661621094,190000,0.0,0.0
2016-12-05 00:00:00+09:00,422.54620938398887,425.0663657023825,418.3459488533329,419.8160400390625,46800,0.0,0.0
2016-12-06 00:00:00+09:00,422.1262028302804,426.11645051872586,421.7061767578125,421.7061767578125,69600,0.0,0.0
2016-12-07 00:00:00+09:00,421.28615370089176,425.066388380162,417.2959059838843,424.6463623046875,75600,0.0,0.0
2016-12-08 00:00:00+09:00,430.5266721684586,462.0286237905409,430.5266721684586,460.55853271484375,504400,0.0,0.0
2016-12-09 00:00:00+09:00,466.43893801359786,466.6489510428701,459.9285341061591,465.80889892578125,327600,0.0,0.0
2016-12-12 00:00:00+09:00,466.2288980273184,493.11056421988445,466.2288980273184,484.5000305175781,240800,0.0,0.0
2016-12-13 00:00:00+09:00,478.829740301245,478.829740301245,466.22895766173855,472.3193359375,147600,0.0,0.0
2016-12-14 00:00:00+09:00,480.7198185701034,480.7198185701034,457.4083725843972,464.9688415527344,152400,0.0,0.0
2016-12-15 00:00:00+09:00,468.3290494733303,478.1996617268041,462.02865867324067,468.5390625,112800,0.0,0.0
2016-12-16 00:00:00+09:00,471.89923604329425,476.93954831077934,469.7991059318421,476.30950927734375,125200,0.0,0.0
2016-12-19 00:00:00+09:00,475.88948155588304,476.0994945662784,469.58909124402226,474.83941650390625,84000,0.0,0.0
2016-12-20 00:00:00+09:00,473.5793115904734,474.6293765829135,465.3888046494409,474.2093505859375,87600,0.0,0.0
2016-12-21 00:00:00+09:00,469.3791028031873,472.949324166791,460.97858194764933,461.8186340332031,101600,0.0,0.0
2016-12-22 00:00:00+09:00,457.40841530018383,457.40841530018383,449.42791953277936,455.9383239746094,83200,0.0,0.0
2016-12-26 00:00:00+09:00,462.02862998201596,464.75879915918244,450.0578882052092,450.68792724609375,52000,0.0,0.0
2016-12-27 00:00:00+09:00,449.63788046584,451.52799766536947,444.17754188942155,447.5377502441406,74400,0.0,0.0
2016-12-28 00:00:00+09:00,448.37781288179076,454.04816461378533,447.32774774623624,449.2178649902344,52800,0.0,0.0
2016-12-29 00:00:00+09:00,443.33754020053306,444.8076315228465,433.88695312851786,437.2471618652344,139200,0.0,0.0
2016-12-30 00:00:00+09:00,437.24710412061853,444.38754674314544,437.0370911023089,440.1872863769531,64000,0.0,0.0
2017-01-04 00:00:00+09:00,441.02735950100805,458.45844085271455,441.02735950100805,455.728271484375,92400,0.0,0.0
2017-01-05 00:00:00+09:00,458.66847186852556,458.66847186852556,453.4181459542796,456.1483154296875,86000,0.0,0.0
2017-01-06 00:00:00+09:00,455.7282141397166,455.7282141397166,447.95773306913156,451.5279541015625,82000,0.0,0.0
2017-01-10 00:00:00+09:00,451.52802625475283,453.20813053849145,447.3277655454063,449.6379089355469,110800,0.0,0.0
2017-01-11 00:00:00+09:00,451.52798827215304,453.41810543236204,449.847884129745,450.89794921875,58400,0.0,0.0
2017-01-12 00:00:00+09:00,452.1580406670601,460.97858767496376,450.0579104270831,459.0884704589844,124800,0.0,0.0
2017-01-13 00:00:00+09:00,456.5683113965523,456.5683113965523,450.4779337376287,452.57806396484375,56800,0.0,0.0
2017-01-16 00:00:00+09:00,447.3277633858525,454.6782195917233,447.3277633858525,451.738037109375,70400,0.0,0.0
2017-01-17 00:00:00+09:00,451.7380082180812,455.51824259647515,451.7380082180812,453.2080993652344,63200,0.0,0.0
2017-01-18 00:00:00+09:00,447.3276959000347,451.947981960974,443.54746185017524,449.4278259277344,57200,0.0,0.0
2017-01-19 00:00:00+09:00,455.0981715627378,455.0981715627378,447.53770355338906,448.5877685546875,60800,0.0,0.0
2017-01-20 00:00:00+09:00,448.58781051111987,459.92851358583914,448.58781051111987,458.8784484863281,79200,0.0,0.0
2017-01-23 00:00:00+09:00,451.10797964502905,458.4584355517218,451.10797964502905,454.8882141113281,53200,0.0,0.0
2017-01-24 00:00:00+09:00,449.42788327457856,452.1580526589568,447.5377660084705,450.05792236328125,86400,0.0,0.0
2017-01-25 00:00:00+09:00,459.71845930593986,459.71845930593986,452.99804327223035,453.6280822753906,47200,0.0,0.0
2017-01-26 00:00:00+09:00,459.08851882962466,460.97863624475116,454.678244860996,459.508544921875,40800,0.0,0.0
2017-01-27 00:00:00+09:00,460.55856901396305,461.81864717815995,456.77833452137236,457.8283996582031,34800,0.0,0.0
2017-01-30 00:00:00+09:00,520.8323262006317,553.3843465881712,501.09110093334965,527.7627563476562,752400,0.0,0.0
2017-01-31 00:00:00+09:00,520.8323251998406,545.1938371849944,518.7321948562928,543.5137329101562,323600,0.0,0.0
2017-02-01 00:00:00+09:00,533.0129879088806,563.8848985560853,533.0129879088806,537.0032348632812,507200,0.0,0.0
2017-02-02 00:00:00+09:00,526.5026408540772,547.7139558625582,526.5026408540772,541.2035522460938,198800,0.0,0.0
2017-02-03 00:00:00+09:00,543.0937050166092,555.2744609682578,533.43310546875,533.43310546875,88800,0.0,0.0
2017-02-06 00:00:00+09:00,543.0936604375424,587.826432932978,543.0936604375424,579.6359252929688,396000,0.0,0.0
2017-02-07 00:00:00+09:00,570.6054285284669,580.8960674676995,564.9350764599102,565.3551025390625,215200,0.0,0.0
2017-02-08 00:00:00+09:00,559.2646557194513,568.925254353734,553.1742783195774,558.0045776367188,140800,0.0,0.0
2017-02-09 00:00:00+09:00,552.3342756413281,555.4844711297767,534.903193938579,539.1034545898438,153200,0.0,0.0
2017-02-10 00:00:00+09:00,539.1034124732474,554.2243496365018,539.1034124732474,548.1339721679688,90800,0.0,0.0
2017-02-13 00:00:00+09:00,556.5345278352111,580.8960392423373,551.7042281596601,580.4760131835938,279200,0.0,0.0
2017-02-14 00:00:00+09:00,580.4760030072733,580.4760030072733,553.5943357189482,563.044921875,172800,0.0,0.0
2017-02-15 00:00:00+09:00,563.0450097468088,563.0450097468088,543.5137953094894,544.98388671875,154400,0.0,0.0
2017-02-16 00:00:00+09:00,551.074208131068,551.4942342043386,537.0033346765018,540.7835693359375,106400,0.0,0.0
2017-02-17 00:00:00+09:00,540.7834835804491,540.7834835804491,525.2425213338654,527.3426513671875,118000,0.0,0.0
2017-02-20 00:00:00+09:00,537.6333259976526,542.4636254109128,528.3927532070679,536.7932739257812,119200,0.0,0.0
2017-02-21 00:00:00+09:00,537.8433463541667,545.1938020833334,531.9629817708334,535.533203125,92400,0.0,0.0
2017-02-22 00:00:00+09:00,531.3329088365709,541.6235462013899,530.4928568067897,536.1632080078125,135600,0.0,0.0
2017-02-23 00:00:00+09:00,541.8336702770575,543.0937485800274,536.7933570651779,541.6236572265625,49200,0.0,0.0
2017-02-24 00:00:00+09:00,536.7934001116072,571.8655823567709,536.7934001116072,551.2843017578125,201200,0.0,0.0
2017-02-27 00:00:00+09:00,551.2842120546283,551.2842120546283,536.5832997331715,540.5735473632812,128800,0.0,0.0
2017-02-28 00:00:00+09:00,547.9239143718777,552.7542133487092,539.9434204101562,539.9434204101562,90400,0.0,0.0
2017-03-01 00:00:00+09:00,546.2438614064253,546.2438614064253,528.1827418059053,538.2633666992188,129600,0.0,0.0
2017-03-02 00:00:00+09:00,554.2243368791088,583.2061324415631,552.964258811176,575.015625,264000,0.0,0.0
2017-03-03 00:00:00+09:00,575.0156422060173,586.3563451567569,569.7653167658601,582.5761108398438,158400,0.0,0.0
2017-03-06 00:00:00+09:00,582.5762152673481,603.7875338477381,578.7959802728232,600.8473510742188,164400,0.0,0.0
2017-03-07 00:00:00+09:00,593.2867920356289,606.0975864831239,589.0865315610404,590.1365966796875,99200,0.0,0.0
2017-03-08 00:00:00+09:00,590.1365591296557,596.4369494406484,583.2061297875637,587.826416015625,83600,0.0,0.0
2017-03-09 00:00:00+09:00,587.4065153443968,587.4065153443968,573.5456537023767,582.1561889648438,64800,0.0,0.0
2017-03-10 00:00:00+09:00,587.4064553100542,588.6665335123639,581.1060642985055,583.626220703125,100400,0.0,0.0
2017-03-13 00:00:00+09:00,583.6261434664672,586.146299537571,575.645649241305,584.6762084960938,56800,0.0,0.0
2017-03-14 00:00:00+09:00,582.1561042876111,588.6665080512894,573.5455702775852,584.4662475585938,71200,0.0,0.0
2017-03-15 00:00:00+09:00,576.4857691304402,594.3368767355722,574.1756257933055,592.0267333984375,82400,0.0,0.0
2017-03-16 00:00:00+09:00,586.9863802036731,594.3368357697298,581.9460678155199,586.7763671875,80800,0.0,0.0
2017-03-17 00:00:00+09:00,586.7764297261999,592.2367687286627,584.0462602249685,588.2465209960938,42400,0.0,0.0
2017-03-21 00:00:00+09:00,579.0058679006844,590.556583437332,579.0058679006844,586.3563232421875,76000,0.0,0.0
2017-03-22 00:00:00+09:00,586.3564110501696,601.4773500170795,584.8863197617201,595.5969848632812,132000,0.0,0.0
2017-03-23 00:00:00+09:00,592.0267206744961,596.0169681710607,574.5956395052932,580.2659912109375,76400,0.0,0.0
2017-03-24 00:00:00+09:00,579.0059925544487,593.2868802924619,575.6457836749161,590.7667236328125,82000,0.0,0.0
2017-03-27 00:00:00+09:00,589.7165378206209,625.62876288021,589.7165378206209,622.2685546875,262800,0.0,0.0
2017-03-28 00:00:00+09:00,625.4188456354914,633.1893282709894,614.9181934253589,621.6386108398438,198400,0.0,0.0
2017-03-29 00:00:00+09:00,622.8986010172498,626.0487962348017,613.2380023500908,621.0084838867188,119200,0.0,0.0
2017-03-30 00:00:00+09:00,620.3785053498641,620.3785053498641,598.3271366762908,603.7874755859375,229200,0.0,0.0
2017-03-31 00:00:00+09:00,612.3980063225306,620.5885146375439,583.626220703125,583.626220703125,113600,0.0,0.0
2017-04-03 00:00:00+09:00,604.6274274490273,604.6274274490273,577.9557764292196,578.5858154296875,49600,0.0,0.0
2017-04-04 00:00:00+09:00,577.5358276367188,584.6762705965909,570.6053977050781,577.5358276367188,200800,0.0,0.0
2017-04-05 00:00:00+09:00,577.5358276367188,583.8362184836648,577.5358276367188,577.5358276367188,93600,0.0,0.0
2017-04-06 00:00:00+09:00,602.7373866552911,602.7373866552911,579.0059146371559,581.736083984375,251200,0.0,0.0
2017-04-07 00:00:00+09:00,577.745818694892,598.1170816586886,577.745818694892,581.3160400390625,174800,0.0,0.0
2017-04-10 00:00:00+09:00,588.036441769968,620.5884590822341,588.036441769968,606.7276000976562,148800,0.0,0.0
2017-04-11 00:00:00+09:00,597.4871342812106,598.9572256485106,580.0560509260822,583.416259765625,90400,0.0,0.0
2017-04-12 00:00:00+09:00,579.6359509045132,579.6359509045132,559.8947264896493,563.044921875,94000,0.0,0.0
2017-04-13 00:00:00+09:00,542.0436213945198,573.1255493164062,542.0436213945198,573.1255493164062,187600,0.0,0.0
2017-04-14 00:00:00+09:00,583.626150313007,607.98765928613,583.626150313007,590.5565795898438,189600,0.0,0.0
2017-04-17 00:00:00+09:00,580.2659922173801,590.7666435423419,571.8654711574109,573.1255493164062,52000,0.0,0.0
2017-04-18 00:00:00+09:00,574.8057196154565,603.5775075538261,574.8057196154565,596.22705078125,96800,0.0,0.0
2017-04-19 00:00:00+09:00,596.2269978492174,619.1184183372642,596.2269978492174,612.18798828125,208400,0.0,0.0
2017-04-20 00:00:00+09:00,615.5480903335239,620.1683762384497,613.8679863680964,618.2782592773438,242000,0.0,0.0
2017-04-21 00:00:00+09:00,621.6385440973974,627.9389347470332,619.5384138808521,624.3687133789062,204800,0.0,0.0
2017-04-24 00:00:00+09:00,628.5689068320571,638.4395177980132,626.6787898385761,634.2392578125,203600,0.0,0.0
2017-04-25 00:00:00+09:00,630.0390901982881,668.8915007605159,630.0390901982881,647.8901977539062,397600,0.0,0.0
2017-04-26 00:00:00+09:00,672.0416955102849,682.542347002633,646.8401319286492,663.6411743164062,389600,0.0,0.0
2017-04-27 00:00:00+09:00,588.0364764490796,609.0377791794039,586.3563722306537,607.5676879882812,984000,0.0,0.0
2017-04-28 00:00:00+09:00,608.827743584505,655.240620898122,603.9974441355765,649.9902954101562,514800,0.0,0.0
2017-05-01 00:00:00+09:00,625.2088117180957,633.1893071313599,611.7679773378612,626.888916015625,455200,0.0,0.0
2017-05-02 00:00:00+09:00,619.1182839072444,619.5383098800444,594.3367515120426,610.5077514648438,619600,0.0,0.0
2017-05-08 00:00:00+09:00,619.5384155903748,621.218519768247,598.5371133669723,610.0878295898438,451600,0.0,0.0
2017-05-09 00:00:00+09:00,604.207483259298,610.5078741170593,582.78615434291,594.7568969726562,856800,0.0,0.0
2017-05-10 00:00:00+09:00,592.0266762229535,596.6469624510148,580.4759606528,587.826416015625,474800,0.0,0.0
2017-05-11 00:00:00+09:00,584.0462483052119,589.9266132647754,574.8056747973264,585.0963134765625,436800,0.0,0.0
2017-05-12 00:00:00+09:00,577.9559360665138,579.6360405318234,561.7849305879085,572.2855834960938,493200,0.0,0.0
2017-05-15 00:00:00+09:00,572.0754416256779,573.3355196909326,559.6846739840056,566.4050903320312,257600,0.0,0.0
2017-05-16 00:00:00+09:00,568.2952732650386,578.165885919679,566.4051559481926,570.8154296875,248800,0.0,0.0
2017-05-17 00:00:00+09:00,566.1950181588619,574.595537716115,558.634550557334,567.8751220703125,156800,0.0,0.0
2017-05-18 00:00:00+09:00,557.3746099704649,568.5053011266197,554.854453482279,568.2952880859375,176000,0.0,0.0
2017-05-19 00:00:00+09:00,568.2952401118959,569.7653312725696,559.2646801248997,564.3049926757812,134800,0.0,0.0
2017-05-22 00:00:00+09:00,561.9948551517507,565.9851026285381,559.8947249008099,561.5748291015625,88000,0.0,0.0
2017-05-23 00:00:00+09:00,567.8751814081618,569.9753115169198,563.4649081797701,566.4050903320312,153600,0.0,0.0
2017-05-24 00:00:00+09:00,568.0852278096935,573.9655924598493,567.4551887400339,572.91552734375,115600,0.0,0.0
2017-05-25 00:00:00+09:00,572.9154700049621,576.2756780401819,566.1950539345227,568.7152099609375,166000,0.0,0.0
2017-05-26 00:00:00+09:00,567.0351578733954,570.6053792377834,556.954532844535,568.5052490234375,196000,0.0,0.0
2017-05-29 00:00:00+09:00,565.355029169196,569.5552894156239,559.8946908488397,562.204833984375,113600,0.0,0.0
2017-05-30 00:00:00+09:00,562.4149288683188,569.1353462409052,556.9545897530925,565.5651245117188,108400,0.0,0.0
2017-05-31 00:00:00+09:00,561.5748898444693,576.4858162389934,561.5748898444693,570.1854248046875,141200,0.0,0.0
2017-06-01 00:00:00+09:00,570.1853727135638,576.2757505436533,565.7750991124643,570.3953857421875,90400,0.0,0.0
2017-06-02 00:00:00+09:00,573.7555355701896,589.2964981002752,573.7555355701896,587.6163940429688,221600,0.0,0.0
2017-06-05 00:00:00+09:00,584.04624211987,585.5163333441919,578.5859032866746,579.2159423828125,127200,0.0,0.0
2017-06-06 00:00:00+09:00,583.836257390933,609.4578485426215,583.6262443487061,607.147705078125,417600,0.0,0.0
2017-06-07 00:00:00+09:00,609.6678526770007,619.1184394391313,604.8375527763562,615.5482177734375,272000,0.0,0.0
2017-06-08 00:00:00+09:00,619.3284808550916,622.2686635380252,611.1379719526336,617.6483764648438,192800,0.0,0.0
2017-06-09 00:00:00+09:00,617.4382992331632,619.1184034487637,607.5676869665107,614.7081298828125,165200,0.0,0.0
2017-06-12 00:00:00+09:00,614.4980866841844,614.4980866841844,601.4772796525988,611.1378784179688,134400,0.0,0.0
2017-06-13 00:00:00+09:00,605.6775586073228,619.1183920854326,603.7874413994635,604.41748046875,217200,0.0,0.0
2017-06-14 00:00:00+09:00,608.1977141484182,609.2477792626247,595.8069458007812,595.8069458007812,49200,0.0,0.0
2017-06-15 00:00:00+09:00,595.806886525429,604.8374456091772,592.0266524903717,597.2769775390625,115200,0.0,0.0
2017-06-16 00:00:00+09:00,602.7373116403453,615.7581176757812,601.6872466374875,615.7581176757812,278800,0.0,0.0
2017-06-19 00:00:00+09:00,615.7581924304175,625.4187916295305,611.7679449351317,620.3784790039062,134400,0.0,0.0
2017-06-20 00:00:00+09:00,619.7483538459329,644.7399004767923,616.8081718893612,642.6397705078125,242400,0.0,0.0
2017-06-21 00:00:00+09:00,640.5397258904047,646.8401166368677,630.0390746462997,633.1892700195312,120400,0.0,0.0
2017-06-22 00:00:00+09:00,637.3895305171733,639.4896607659942,624.7887490242473,633.1892700195312,85200,0.0,0.0
2017-06-23 00:00:00+09:00,633.1892200519744,636.339415176611,626.0487777694646,627.7288818359375,77200,0.0,0.0
2017-06-26 00:00:00+09:00,634.2392788865279,656.2906445431787,631.0890837927207,644.7399291992188,128800,0.0,0.0
2017-06-27 00:00:00+09:00,642.6398713317099,664.6912394656412,642.6398713317099,663.6411743164062,182000,0.0,0.0
2017-06-28 00:00:00+09:00,664.6912394656412,666.7913697641108,659.4409137194671,663.6411743164062,109600,0.0,0.0
2017-06-29 00:00:00+09:00,668.8914464314778,669.9415114965194,651.0403403257712,655.2406005859375,188800,0.0,0.0
2017-06-30 00:00:00+09:00,659.4409016668324,664.6912273170459,653.140510886576,660.490966796875,145600,0.0,0.0
2017-07-03 00:00:00+09:00,659.4408854166667,667.84140625,657.3407552083333,661.541015625,156400,0.0,0.0
2017-07-04 00:00:00+09:00,667.8414557790071,677.2920424173893,656.29073877654,658.390869140625,180000,0.0,0.0
2017-07-05 00:00:00+09:00,659.4408894031542,675.1918660608729,655.2406289610959,673.0917358398438,116800,0.0,0.0
2017-07-06 00:00:00+09:00,667.8414021681536,675.1918578523943,663.641141777159,665.7412719726562,159200,0.0,0.0
2017-07-07 00:00:00+09:00,665.7411633340287,665.7411633340287,648.9401245117188,648.9401245117188,188800,0.0,0.0
2017-07-10 00:00:00+09:00,647.8902063729923,647.8902063729923,632.1392289084949,639.4896850585938,168800,0.0,0.0
2017-07-11 00:00:00+09:00,637.3895305171733,639.4896607659942,632.1392048951208,633.1892700195312,158800,0.0,0.0
2017-07-12 00:00:00+09:00,641.5897254001171,643.6898554341601,635.2893352979883,637.3894653320312,50800,0.0,0.0
2017-07-13 00:00:00+09:00,636.3395330705421,636.3395330705421,616.388293584832,621.8486328125,318000,0.0,0.0
2017-07-14 00:00:00+09:00,621.4284578211168,648.9401604147519,621.4284578211168,642.6397705078125,228800,0.0,0.0
2017-07-17 00:00:00+09:00,642.6397705078125,642.6397705078125,642.6397705078125,642.6397705078125,0,0.0,0.0
2017-07-18 00:00:00+09:00,640.5397215226839,660.4909587504396,637.389526170933,653.1405029296875,140000,0.0,0.0
2017-07-19 00:00:00+09:00,647.8901131236896,658.3907632553539,643.6898530710239,657.3406982421875,99200,0.0,0.0
2017-07-20 00:00:00+09:00,654.1905202865601,672.0416259765625,654.1905202865601,672.0416259765625,82800,0.0,0.0
2017-07-21 00:00:00+09:00,663.6411863312007,670.9916425089198,659.4409256582185,666.7913818359375,94400,0.0,0.0
2017-07-24 00:00:00+09:00,668.8914355206233,695.14306171845,666.7913054247972,683.5923461914062,398800,0.0,0.0
2017-07-25 00:00:00+09:00,688.8426121433934,705.6436514639639,684.6423523132507,699.34326171875,353200,0.0,0.0
2017-07-26 00:00:00+09:00,701.4434727529992,702.4935378319708,676.2419108576819,678.342041015625,170800,0.0,0.0
2017-07-27 00:00:00+09:00,680.4422518102134,684.6425126238568,638.4396436737806,645.7901000976562,739200,0.0,0.0
2017-07-28 00:00:00+09:00,644.7399699221905,654.1905558005288,640.539709531818,649.9902954101562,416000,0.0,0.0
2017-07-31 00:00:00+09:00,649.9903273763537,667.8414349133456,636.339480436301,663.6411743164062,387200,0.0,0.0
2017-08-01 00:00:00+09:00,653.1404494493714,658.3907746057168,634.2392788865279,644.7399291992188,246400,0.0,0.0
2017-08-02 00:00:00+09:00,642.6398398221855,668.8914672659023,642.6398398221855,665.7412719726562,375600,0.0,0.0
2017-08-03 00:00:00+09:00,662.5910970569605,666.7913575771314,651.0403806264904,660.490966796875,319200,0.0,0.0
2017-08-04 00:00:00+09:00,655.240652470537,681.4922811752862,653.1405221741571,679.3921508789062,211600,0.0,0.0
2017-08-07 00:00:00+09:00,684.6425569438499,690.9429485721674,674.1419042299872,689.8928833007812,188000,0.0,0.0
2017-08-08 00:00:00+09:00,682.5424264010774,691.9930138435537,680.4422958583048,689.8928833007812,100000,0.0,0.0
2017-08-09 00:00:00+09:00,688.8427001579249,690.9428303413332,674.1417888740668,685.6925048828125,194400,0.0,0.0
2017-08-10 00:00:00+09:00,686.7425226021097,705.6436929489568,686.7425226021097,704.5936279296875,168800,0.0,0.0
2017-08-11 00:00:00+09:00,704.5936279296875,704.5936279296875,704.5936279296875,704.5936279296875,0,0.0,0.0
2017-08-14 00:00:00+09:00,676.2419073807566,702.4935342200718,673.0917121600388,698.2932739257812,271600,0.0,0.0
2017-08-15 00:00:00+09:00,704.5937411908021,720.344719011759,703.5436760027384,712.9942626953125,200000,0.0,0.0
2017-08-16 00:00:00+09:00,703.5436993898267,723.4949386262546,696.1932428290374,719.294677734375,171200,0.0,0.0
2017-08-17 00:00:00+09:00,719.294617154705,727.6951382309643,702.4935750021864,703.5436401367188,168000,0.0,0.0
2017-08-18 00:00:00+09:00,695.1430908934085,703.5436116292805,689.8927654334884,701.4434814453125,166800,0.0,0.0
2017-08-21 00:00:00+09:00,706.69383135606,719.294612895841,704.5937010994297,707.743896484375,198800,0.0,0.0
2017-08-22 00:00:00+09:00,711.9441239303612,711.9441239303612,690.942822339495,694.093017578125,177600,0.0,0.0
2017-08-23 00:00:00+09:00,698.2931967612143,711.944041209178,697.2431318036787,699.34326171875,149200,0.0,0.0
2017-08-24 00:00:00+09:00,698.2932491042003,700.3933791766941,691.9928588867188,691.9928588867188,148800,0.0,0.0
2017-08-25 00:00:00+09:00,694.0931443863263,704.593797100189,687.7927527580086,689.8928833007812,294800,0.0,0.0
2017-08-28 00:00:00+09:00,719.2946176310533,720.344682766281,684.6424681685353,687.7926635742188,509200,0.0,0.0
2017-08-29 00:00:00+09:00,684.6424759694817,701.443518324561,684.6424759694817,695.1431274414062,284400,0.0,0.0
2017-08-30 00:00:00+09:00,701.4434731349281,703.5436032940147,689.8927572599517,694.093017578125,201200,0.0,0.0
2017-08-31 00:00:00+09:00,698.2933271692154,700.3934574764913,687.7926756328362,690.94287109375,177200,0.0,0.0
2017-09-01 00:00:00+09:00,697.24329802872,704.5937544838421,694.0931024050963,700.3934936523438,178800,0.0,0.0
2017-09-04 00:00:00+09:00,697.2431677616004,699.3432977849786,688.8426476680871,693.0429077148438,195600,0.0,0.0
2017-09-05 00:00:00+09:00,699.3433930914657,704.5937188654257,668.891503602498,675.19189453125,180800,0.0,0.0
2017-09-06 00:00:00+09:00,666.7913451767563,676.2419311713875,658.3908242926396,673.0917358398438,222800,0.0,0.0
2017-09-07 00:00:00+09:00,682.5422763824463,682.5422763824463,664.6911706924438,672.0416259765625,157200,0.0,0.0
2017-09-08 00:00:00+09:00,672.0416501584787,675.1918453935965,659.4408692180072,662.591064453125,158400,0.0,0.0
2017-09-11 00:00:00+09:00,666.7913330460791,673.0917235945459,665.7412679546679,669.9415283203125,146400,0.0,0.0
2017-09-12 00:00:00+09:00,680.4421915193883,691.992907733452,676.2419310779106,688.8427124023438,156000,0.0,0.0
2017-09-13 00:00:00+09:00,697.2431677616004,697.2431677616004,685.6924526330197,693.0429077148438,72000,0.0,0.0
2017-09-14 00:00:00+09:00,695.1430826576683,702.4935382144714,688.8426921804084,694.093017578125,143200,0.0,0.0
2017-09-15 00:00:00+09:00,690.9428305254725,702.4935465372965,687.7926352495205,701.4434814453125,120400,0.0,0.0
2017-09-18 00:00:00+09:00,701.4434814453125,701.4434814453125,701.4434814453125,701.4434814453125,0,0.0,0.0
2017-09-19 00:00:00+09:00,701.4433916338213,702.4934565913569,691.9928070160004,699.34326171875,344800,0.0,0.0
2017-09-20 00:00:00+09:00,705.643800926755,735.0456259653698,703.543670566854,732.9454956054688,519200,0.0,0.0
2017-09-21 00:00:00+09:00,727.6951534942497,739.2458702163806,723.4948928680202,733.9955444335938,204000,0.0,0.0
2017-09-22 00:00:00+09:00,741.3459428746065,741.3459428746065,724.5449016763151,729.7952270507812,232800,0.0,0.0
2017-09-25 00:00:00+09:00,731.8954227519276,735.0456182587509,722.444836231458,725.5950317382812,162000,0.0,0.0
2017-09-26 00:00:00+09:00,721.3947020413583,728.7451575206734,717.1944417674639,718.2445068359375,150800,0.0,0.0
2017-09-27 00:00:00+09:00,723.6286918119436,730.0896622745503,712.8604077075992,725.7823486328125,153200,21.25,0.0
2017-09-28 00:00:00+09:00,724.705557158499,747.318954930161,724.705557158499,746.2421264648438,241200,0.0,0.0
2017-09-29 00:00:00+09:00,741.934827293374,749.4726266998379,739.7811703200987,747.3189697265625,106400,0.0,0.0
2017-10-02 00:00:00+09:00,750.5494403261126,755.9335826526989,745.1652979995265,746.2421264648438,73600,0.0,0.0
2017-10-03 00:00:00+09:00,752.703070756457,752.703070756457,734.3969874905632,735.4738159179688,76800,0.0,0.0
2017-10-04 00:00:00+09:00,735.4738026846826,735.4738026846826,726.8591754204404,730.0896606445312,90400,0.0,0.0
2017-10-05 00:00:00+09:00,730.0896200464862,734.3969334390908,713.9371948242188,713.9371948242188,63200,0.0,0.0
2017-10-06 00:00:00+09:00,711.7835875344933,717.1677296489751,699.9384748826334,704.2457885742188,165200,0.0,0.0
2017-10-09 00:00:00+09:00,704.2457885742188,704.2457885742188,704.2457885742188,704.2457885742188,0,0.0,0.0
2017-10-10 00:00:00+09:00,709.629876070767,733.3200995511264,707.4762193907343,731.1664428710938,150800,0.0,0.0
2017-10-11 00:00:00+09:00,733.3201475058536,739.7811179684602,724.705520222378,725.7823486328125,74000,0.0,0.0
2017-10-12 00:00:00+09:00,731.1664923368994,731.1664923368994,721.4750366210938,721.4750366210938,55600,0.0,0.0
2017-10-13 00:00:00+09:00,718.2445808592297,727.9360369727725,717.1677524021694,723.6287231445312,106000,0.0,0.0
2017-10-16 00:00:00+09:00,720.3981649131257,721.4749932612768,713.9371948242188,713.9371948242188,72800,0.0,0.0
2017-10-17 00:00:00+09:00,721.4750349910747,730.0896622745503,715.0140645284681,725.7823486328125,87200,0.0,0.0
2017-10-18 00:00:00+09:00,725.782321792051,725.782321792051,713.9372097153262,715.0140380859375,57600,0.0,0.0
2017-10-19 00:00:00+09:00,712.8604109480575,721.4750382706926,712.8604109480575,717.167724609375,49600,0.0,0.0
2017-10-20 00:00:00+09:00,717.1677579012784,717.1677579012784,709.6299586440578,710.706787109375,64000,0.0,0.0
2017-10-23 00:00:00+09:00,716.0909221581453,731.1665205193694,716.0909221581453,727.93603515625,89200,0.0,0.0
2017-10-24 00:00:00+09:00,723.6286870216837,738.7042846679688,723.6286870216837,738.7042846679688,104800,0.0,0.0
2017-10-25 00:00:00+09:00,741.9348253834896,775.3165083833273,739.7811684157582,751.6262817382812,290800,0.0,0.0
2017-10-26 00:00:00+09:00,751.6261985704324,778.5469076882846,746.242056746862,772.0859375,171600,0.0,0.0
2017-10-27 00:00:00+09:00,787.1615274292158,802.2371243977643,779.6237289449415,793.6224975585938,260400,0.0,0.0
2017-10-30 00:00:00+09:00,793.6224947730966,807.6212633376153,782.8542112619284,802.2371215820312,197200,0.0,0.0
2017-10-31 00:00:00+09:00,805.4676920572916,825.9274328983191,805.4676920572916,817.3128051757812,148800,0.0,0.0
2017-11-01 00:00:00+09:00,818.389642745102,837.7725553364334,817.3128142678058,831.3115844726562,306800,0.0,0.0
2017-11-02 00:00:00+09:00,831.3115115984396,833.4651683642387,816.2359142378461,821.6200561523438,173600,0.0,0.0
2017-11-03 00:00:00+09:00,821.6200561523438,821.6200561523438,821.6200561523438,821.6200561523438,0,0.0,0.0
2017-11-06 00:00:00+09:00,833.46523397223,860.3859456638395,827.0042631662437,848.5408325195312,302400,0.0,0.0
2017-11-07 00:00:00+09:00,853.9249947253569,873.3079075942806,848.540852261767,872.2310791015625,233600,0.0,0.0
2017-11-08 00:00:00+09:00,861.46272129231,916.3809697746947,861.46272129231,906.6895141601562,469600,0.0,0.0
2017-11-09 00:00:00+09:00,928.226176961263,950.8395757039389,888.3835220336914,904.5359497070312,394000,0.0,0.0
2017-11-10 00:00:00+09:00,861.4628020702141,886.2298576297327,846.3872030339853,855.0018310546875,326800,0.0,0.0
2017-11-13 00:00:00+09:00,900.2285184169513,900.2285184169513,847.4639282226562,847.4639282226562,146400,0.0,0.0
2017-11-14 00:00:00+09:00,849.6176295799545,900.2285656892801,848.5408011520965,850.6944580078125,296800,0.0,0.0
2017-11-15 00:00:00+09:00,861.4627434880013,917.4578218147213,860.3859150586412,886.2297973632812,470800,0.0,0.0
2017-11-16 00:00:00+09:00,878.6920148151677,905.6127260533775,877.6151863656394,882.9993286132812,287600,0.0,0.0
2017-11-17 00:00:00+09:00,900.2285277712997,901.3053561538013,859.3090492362406,865.77001953125,506000,0.0,0.0
2017-11-20 00:00:00+09:00,863.6164003467212,889.4602826513612,852.8481160531212,886.2297973632812,218000,0.0,0.0
2017-11-21 00:00:00+09:00,890.5370526085602,892.6907093258723,877.6151123046875,877.6151123046875,136400,0.0,0.0
2017-11-22 00:00:00+09:00,877.6151768189233,887.306632759255,869.0005493164062,869.0005493164062,114400,0.0,0.0
2017-11-23 00:00:00+09:00,869.0005493164062,869.0005493164062,869.0005493164062,869.0005493164062,0,0.0,0.0
2017-11-24 00:00:00+09:00,866.8468476244684,912.0736396744406,862.5395340958996,909.9199829101562,209200,0.0,0.0
2017-11-27 00:00:00+09:00,904.5357977746494,906.6894544360176,881.9224028302832,902.3821411132812,182400,0.0,0.0
2017-11-28 00:00:00+09:00,906.6895714613971,923.918826976103,896.9981152343751,915.30419921875,152000,0.0,0.0
2017-11-29 00:00:00+09:00,910.9968948548099,910.9968948548099,881.9225258700818,893.7676391601562,194000,0.0,0.0
2017-11-30 00:00:00+09:00,893.7676280108772,923.9188251004007,878.6920294661154,919.6115112304688,268800,0.0,0.0
2017-12-01 00:00:00+09:00,930.3798550934771,992.8359101807707,928.2261980215014,986.3749389648438,576000,0.0,0.0
2017-12-04 00:00:00+09:00,1011.1418836761376,1018.6796825959809,983.1443448310049,991.7589721679688,340400,0.0,0.0
2017-12-05 00:00:00+09:00,984.2212008874393,1001.4504560452062,973.4529164138349,998.219970703125,178000,0.0,0.0
2017-12-06 00:00:00+09:00,985.2980681063711,1022.987065247052,977.760268678235,978.8370971679688,213200,0.0,0.0
2017-12-07 00:00:00+09:00,984.221064610635,1006.8344588741179,968.0686401367187,1001.4503173828125,189600,0.0,0.0
2017-12-08 00:00:00+09:00,1002.5273543337559,1033.7553814827127,1001.450525811378,1012.2188110351562,243600,0.0,0.0
2017-12-11 00:00:00+09:00,1005.7577053131266,1013.2955039610837,979.9138242344168,1006.8345336914062,204800,0.0,0.0
2017-12-12 00:00:00+09:00,1006.8344777037711,1014.3722759325693,986.3747396541756,989.605224609375,144800,0.0,0.0
2017-12-13 00:00:00+09:00,989.6052950555386,993.9126086357585,963.7614135742188,963.7614135742188,115600,0.0,0.0
2017-12-14 00:00:00+09:00,956.2236717452242,990.6821824387458,956.2236717452242,972.3760986328125,101200,0.0,0.0
2017-12-15 00:00:00+09:00,979.9138628822819,988.52849024828,972.3760639370337,983.1443481445312,242000,0.0,0.0
2017-12-18 00:00:00+09:00,982.0675974416209,989.6053969833878,974.5297978998541,979.9139404296875,148800,0.0,0.0
2017-12-19 00:00:00+09:00,979.9137549306832,1002.5271492752374,977.7600983264399,988.5283813476562,154800,0.0,0.0
2017-12-20 00:00:00+09:00,986.3748847534938,1044.5236225009705,984.2212277998835,1040.21630859375,174800,0.0,0.0
2017-12-21 00:00:00+09:00,1032.678466796875,1061.752834475202,1022.9870109040993,1032.678466796875,219200,0.0,0.0
2017-12-22 00:00:00+09:00,1143.591803877121,1184.511284618487,1094.057695611257,1126.362548828125,795600,0.0,0.0
2017-12-25 00:00:00+09:00,1134.9772358630953,1158.667462797619,1106.9796949404763,1130.669921875,303600,0.0,0.0
2017-12-26 00:00:00+09:00,1145.7453697791466,1145.7453697791466,1117.7478325477014,1119.9014892578125,160400,0.0,0.0
2017-12-27 00:00:00+09:00,1100.5187239583333,1143.5918638392857,1100.5187239583333,1130.669921875,121600,0.0,0.0
2017-12-28 00:00:00+09:00,1132.8233041544906,1145.7452429851503,1117.7477088520545,1128.5159912109375,86400,0.0,0.0
2017-12-29 00:00:00+09:00,1128.5162429218144,1128.5162429218144,1106.9796734004058,1111.2869873046875,76400,0.0,0.0
2018-01-01 00:00:00+09:00,1111.2869873046875,1111.2869873046875,1111.2869873046875,1111.2869873046875,0,0.0,0.0
2018-01-02 00:00:00+09:00,1111.2869873046875,1111.2869873046875,1111.2869873046875,1111.2869873046875,0,0.0,0.0
2018-01-03 00:00:00+09:00,1111.2869873046875,1111.2869873046875,1111.2869873046875,1111.2869873046875,0,0.0,0.0
2018-01-04 00:00:00+09:00,1126.362519129026,1130.669832777703,1104.825950885641,1124.2088623046875,123600,0.0,0.0
2018-01-05 00:00:00+09:00,1122.055088384606,1126.3624015837793,1096.2112091895672,1106.9794921875,99600,0.0,0.0
2018-01-08 00:00:00+09:00,1106.9794921875,1106.9794921875,1106.9794921875,1106.9794921875,0,0.0,0.0
2018-01-09 00:00:00+09:00,1102.6721210629921,1102.6721210629921,1089.7501821442852,1094.0574951171875,116000,0.0,0.0
2018-01-10 00:00:00+09:00,1087.5967028451375,1091.9040165197716,1066.0601344719664,1067.136962890625,136400,0.0,0.0
2018-01-11 00:00:00+09:00,1081.1356885956554,1085.4430020960365,1059.59912109375,1059.59912109375,162400,0.0,0.0
2018-01-12 00:00:00+09:00,1073.5980057373047,1087.5967761230468,1061.7528923339844,1076.8284912109375,140000,0.0,0.0
2018-01-15 00:00:00+09:00,1074.6747287761723,1081.135699089456,1069.290586848436,1073.597900390625,110000,0.0,0.0
2018-01-16 00:00:00+09:00,1067.1369726173432,1087.5967127583417,1053.1382030471862,1081.1357421875,128800,0.0,0.0
2018-01-17 00:00:00+09:00,1076.828328243972,1091.9039248393876,1058.5222466638245,1060.6759033203125,128800,0.0,0.0
2018-01-18 00:00:00+09:00,1076.8285165918935,1096.2114298905476,1072.521202525526,1087.5968017578125,176000,0.0,0.0
2018-01-19 00:00:00+09:00,1083.2895329058285,1139.284618105732,1083.2895329058285,1117.748046875,240400,0.0,0.0
2018-01-22 00:00:00+09:00,1117.7477800572815,1132.8233763200965,1083.2892743137043,1089.750244140625,97600,0.0,0.0
2018-01-23 00:00:00+09:00,1094.0576699746623,1119.9015519425677,1094.0576699746623,1115.59423828125,127600,0.0,0.0
2018-01-24 00:00:00+09:00,1109.1333480863805,1156.5138017910415,1109.1333480863805,1139.2845458984375,242000,0.0,0.0
2018-01-25 00:00:00+09:00,1141.4380621910095,1145.7453756332397,1098.3649277687073,1102.6722412109375,190000,0.0,0.0
2018-01-26 00:00:00+09:00,1102.672371031746,1106.979684981089,1074.6748303610182,1085.443115234375,262400,0.0,0.0
2018-01-29 00:00:00+09:00,1018.6797300260689,1059.599211781873,960.5309927941369,1026.217529296875,1069600,0.0,0.0
2018-01-30 00:00:00+09:00,1076.8284873356895,1111.2869989304315,1075.7516588483538,1085.443115234375,562800,0.0,0.0
2018-01-31 00:00:00+09:00,1085.443119140625,1113.4406599121094,1073.5980057373047,1076.8284912109375,312400,0.0,0.0
2018-02-01 00:00:00+09:00,1076.8284284736055,1096.2113401861304,1068.2138010458168,1081.1357421875,214800,0.0,0.0
2018-02-02 00:00:00+09:00,1091.9040861583892,1094.0577431330605,1070.3675164116753,1085.443115234375,152800,0.0,0.0
2018-02-05 00:00:00+09:00,1076.8284729129234,1078.9821298587494,1035.9089909422323,1048.8309326171875,241200,0.0,0.0
2018-02-06 00:00:00+09:00,994.9894865914677,1007.9114279757724,947.6090348490168,958.3773193359375,514000,0.0,0.0
2018-02-07 00:00:00+09:00,986.37475007927,1013.2954583237915,952.9930718560632,955.146728515625,302800,0.0,0.0
2018-02-08 00:00:00+09:00,970.2223148781794,1020.8332458429678,970.2223148781794,989.605224609375,466800,0.0,0.0
2018-02-09 00:00:00+09:00,959.4540953715028,979.9138347789759,958.3772669816358,976.683349609375,354400,0.0,0.0
2018-02-12 00:00:00+09:00,976.6833496093749,976.6833496093749,976.6833496093749,976.683349609375,0,0.0,0.0
2018-02-13 00:00:00+09:00,982.06751309382,982.06751309382,955.1468027568184,960.5309448242188,172000,0.0,0.0
2018-02-14 00:00:00+09:00,960.5308936790184,960.5308936790184,917.4577594333225,930.3796997070312,213600,0.0,0.0
2018-02-15 00:00:00+09:00,926.0724436908687,949.7626689945886,924.9956152679724,938.994384765625,103200,0.0,0.0
2018-02-16 00:00:00+09:00,940.0711904198232,965.9150719433921,940.0711904198232,959.4541015625,141600,0.0,0.0
2018-02-19 00:00:00+09:00,959.4541373555458,986.3748482802243,959.4541373555458,984.22119140625,154000,0.0,0.0
2018-02-20 00:00:00+09:00,979.9137871725518,984.2211005227608,957.3003920839544,982.0674438476562,170000,0.0,0.0
2018-02-21 00:00:00+09:00,985.2980891102407,988.5285746483071,962.6846903437761,966.9920043945312,141600,0.0,0.0
2018-02-22 00:00:00+09:00,982.0675856531049,1021.9102398956102,982.0675856531049,1005.7578125,498000,0.0,0.0
2018-02-23 00:00:00+09:00,1001.4505446455486,1008.988344443956,975.6066596224376,1004.6810302734375,181600,0.0,0.0
2018-02-26 00:00:00+09:00,1012.2188300718449,1022.9871154981411,1000.3737161029189,1004.6810302734375,200000,0.0,0.0
2018-02-27 00:00:00+09:00,999.2967744557776,999.2967744557776,978.8370344615322,983.1443481445312,201200,0.0,0.0
2018-02-28 00:00:00+09:00,977.7602409286752,993.9126678162635,971.2992701736399,972.3760986328125,144000,0.0,0.0
2018-03-01 00:00:00+09:00,977.7601304974472,992.8357272231789,952.9930787337454,982.0674438476562,275200,0.0,0.0
2018-03-02 00:00:00+09:00,951.9163126987693,984.2211649396778,937.9175433943757,973.452880859375,231600,0.0,0.0
2018-03-05 00:00:00+09:00,959.4540851772232,979.9138243673099,947.6089730145414,962.6845703125,214800,0.0,0.0
2018-03-06 00:00:00+09:00,962.6847587108089,994.9896163856682,952.993301408351,980.9908447265625,168000,0.0,0.0
2018-03-07 00:00:00+09:00,958.3772795758929,958.3772795758929,940.0711967075894,942.224853515625,207200,0.0,0.0
2018-03-08 00:00:00+09:00,956.2236045785502,971.2992019480319,942.224835592603,949.7626342773438,186400,0.0,0.0
2018-03-09 00:00:00+09:00,955.1467864137787,976.6833543148787,955.1467864137787,963.7614135742188,146400,0.0,0.0
2018-03-12 00:00:00+09:00,987.4518162615344,999.2969307423161,974.5298731915906,980.9908447265625,186400,0.0,0.0
2018-03-13 00:00:00+09:00,980.9907941735308,993.912736577573,977.7603085725203,990.6822509765625,117600,0.0,0.0
2018-03-14 00:00:00+09:00,972.3761469579753,987.4517461356182,963.7615188564649,966.9920043945312,158800,0.0,0.0
2018-03-15 00:00:00+09:00,962.6846385773331,966.991952396471,933.6102702981519,945.4553833007812,214000,0.0,0.0
2018-03-16 00:00:00+09:00,947.6091099006671,964.8383664443156,927.1493677550845,928.2261962890625,961200,0.0,0.0
2018-03-19 00:00:00+09:00,919.6114885978151,927.1492876846825,894.844434455251,900.2285766601562,179600,0.0,0.0
2018-03-20 00:00:00+09:00,885.1529258279239,895.9212095971201,872.2309853048886,878.6919555664062,264800,0.0,0.0
2018-03-21 00:00:00+09:00,878.6919555664062,878.6919555664062,878.6919555664062,878.6919555664062,0,0.0,0.0
2018-03-22 00:00:00+09:00,871.1542192280587,893.7676167605546,866.8469054123451,874.3847045898438,210400,0.0,0.0
2018-03-23 00:00:00+09:00,853.9248999428779,863.6163553016244,836.6956459717733,843.1566162109375,325600,0.0,0.0
2018-03-26 00:00:00+09:00,828.0810497640496,841.0029907226562,816.23593721866,841.0029907226562,198400,0.0,0.0
2018-03-27 00:00:00+09:00,842.0798305849486,852.8481148635285,828.0810610227948,850.6944580078125,231600,0.0,0.0
2018-03-28 00:00:00+09:00,836.6956770697874,861.4627305737837,833.4651918301357,841.0029907226562,176800,0.0,0.0
2018-03-29 00:00:00+09:00,848.5408216955626,878.6920184055573,848.5408216955626,874.3847045898438,262000,0.0,0.0
2018-03-30 00:00:00+09:00,880.8456518584067,895.9212498119736,876.5383381573876,894.8444213867188,238800,0.0,0.0
2018-04-02 00:00:00+09:00,888.3834508351902,904.5358772140117,884.0761371341711,894.8444213867188,114400,0.0,0.0
2018-04-03 00:00:00+09:00,884.0761517744799,898.0749215346117,873.3078673436092,895.9212646484375,126800,0.0,0.0
2018-04-04 00:00:00+09:00,905.6127224244933,905.6127224244933,886.2298104106516,891.6139526367188,156000,0.0,0.0
2018-04-05 00:00:00+09:00,902.3822388880461,903.4590673354065,874.3846992566747,887.306640625,149600,0.0,0.0
2018-04-06 00:00:00+09:00,881.9225076654906,909.9200475913791,881.9225076654906,901.305419921875,164400,0.0,0.0
2018-04-09 00:00:00+09:00,900.2285335895092,907.7663323157371,888.3834213054367,892.6907348632812,116000,0.0,0.0
2018-04-10 00:00:00+09:00,892.6907008901967,912.0736111628427,886.2297307993147,903.458984375,141600,0.0,0.0
2018-04-11 00:00:00+09:00,894.8444415580936,894.8444415580936,873.3078725675258,882.9993286132812,115200,0.0,0.0
2018-04-12 00:00:00+09:00,872.2309705114072,884.0760824566238,864.6931720008148,877.6151123046875,138400,0.0,0.0
2018-04-13 00:00:00+09:00,878.6919178382309,918.5345660735428,878.6919178382309,902.3821411132812,276400,0.0,0.0
2018-04-16 00:00:00+09:00,895.9212415540541,899.1517268000423,864.6932175095018,876.538330078125,168400,0.0,0.0
2018-04-17 00:00:00+09:00,881.9224705031565,890.5370978096587,877.6151568499055,880.8456420898438,135200,0.0,0.0
2018-04-18 00:00:00+09:00,878.6920148151677,886.2298139618665,865.770073420827,882.9993286132812,118400,0.0,0.0
2018-04-19 00:00:00+09:00,882.9993250750114,900.2285801984261,882.9993250750114,891.6139526367188,78800,0.0,0.0
2018-04-20 00:00:00+09:00,887.3065591477949,907.7662977689213,886.2297307993147,903.458984375,110400,0.0,0.0
2018-04-23 00:00:00+09:00,902.3821574136882,910.9967842147735,896.9980156630098,899.1516723632812,83200,0.0,0.0
2018-04-24 00:00:00+09:00,901.3053382551166,921.7650771163438,901.3053382551166,917.457763671875,98400,0.0,0.0
2018-04-25 00:00:00+09:00,917.4578657403049,917.4578657403049,889.4603252364928,893.7676391601562,138400,0.0,0.0
2018-04-26 00:00:00+09:00,923.9187503450751,988.528453166409,906.689496259386,914.227294921875,605200,0.0,0.0
2018-04-27 00:00:00+09:00,913.1505443765375,913.1505443765375,869.0005770187096,875.4615478515625,250400,0.0,0.0
2018-04-30 00:00:00+09:00,875.4615478515625,875.4615478515625,875.4615478515625,875.4615478515625,0,0.0,0.0
2018-05-01 00:00:00+09:00,865.7700120480124,870.0773255407886,839.9261310913554,843.1566162109375,283200,0.0,0.0
2018-05-02 00:00:00+09:00,843.1567067917745,848.5408492361663,828.0811079474771,845.3103637695312,144400,0.0,0.0
2018-05-03 00:00:00+09:00,845.3103637695312,845.3103637695312,845.3103637695312,845.3103637695312,0,0.0,0.0
2018-05-04 00:00:00+09:00,845.3103637695312,845.3103637695312,845.3103637695312,845.3103637695312,0,0.0,0.0
2018-05-07 00:00:00+09:00,860.3859252929688,861.4627537351377,835.6188711230835,860.3859252929688,133600,0.0,0.0
2018-05-08 00:00:00+09:00,861.4627290526156,885.1529541015625,860.3859006412998,885.1529541015625,182000,0.0,0.0
2018-05-09 00:00:00+09:00,899.1516751677987,899.1516751677987,875.4614513909225,890.5370483398438,144000,0.0,0.0
2018-05-10 00:00:00+09:00,901.3054641723633,907.7664352416992,893.7676645914713,904.5359497070312,131200,0.0,0.0
2018-05-11 00:00:00+09:00,904.5358322020642,935.7638549804688,904.5358322020642,935.7638549804688,188800,0.0,0.0
2018-05-14 00:00:00+09:00,944.3785489415066,944.3785489415066,912.0736954999498,922.8419799804688,105200,0.0,0.0
2018-05-15 00:00:00+09:00,937.9175367344546,962.6845899432864,919.6114539279268,950.8394775390625,230800,0.0,0.0
2018-05-16 00:00:00+09:00,950.8395552895286,956.2236977317117,935.763956451416,947.6090698242188,105200,0.0,0.0
2018-05-17 00:00:00+09:00,957.3004628867586,964.8382618071267,949.7626639663904,951.9163208007812,126400,0.0,0.0
2018-05-18 00:00:00+09:00,956.2236148088338,966.9918987593837,944.3785024632289,963.7614135742188,114800,0.0,0.0
2018-05-21 00:00:00+09:00,966.9919218332849,990.6821470897796,963.7614365710356,983.1443481445312,191200,0.0,0.0
2018-05-22 00:00:00+09:00,976.6834401885012,989.6053820653061,956.2236988835601,978.8370971679688,142400,0.0,0.0
2018-05-23 00:00:00+09:00,974.5297092674052,992.83579220392,960.5309399630115,973.452880859375,271200,0.0,0.0
2018-05-24 00:00:00+09:00,978.8369572285807,978.8369572285807,932.5333387898249,937.91748046875,155600,0.0,0.0
2018-05-25 00:00:00+09:00,937.9175010752455,937.9175010752455,908.8431353702723,921.7650756835938,166800,0.0,0.0
2018-05-28 00:00:00+09:00,926.0724274553572,949.76265234375,926.0724274553572,942.224853515625,147600,0.0,0.0
2018-05-29 00:00:00+09:00,933.6101847754585,956.2235802544488,915.3041027210377,930.3796997070312,171200,0.0,0.0
2018-05-30 00:00:00+09:00,908.8431220049023,919.6114054409794,891.6138685071791,916.3809204101562,230800,0.0,0.0
2018-05-31 00:00:00+09:00,917.4577529052443,926.072379693087,896.998014284118,903.458984375,886400,0.0,0.0
2018-06-01 00:00:00+09:00,904.5358113461966,917.4577515082851,901.3053263056745,907.7662963867188,131600,0.0,0.0
2018-06-04 00:00:00+09:00,929.3029693244486,929.3029693244486,908.8432284007354,915.30419921875,96400,0.0,0.0
2018-06-05 00:00:00+09:00,909.9200075618252,915.304149618404,881.9224688676152,885.1529541015625,187600,0.0,0.0
2018-06-06 00:00:00+09:00,880.8456569201198,882.9993137830053,869.0005441742503,881.9224853515625,180800,0.0,0.0
2018-06-07 00:00:00+09:00,874.3846846403212,892.6907679394412,870.0773709228812,886.2297973632812,146800,0.0,0.0
2018-06-08 00:00:00+09:00,876.538325201224,891.6139229319575,870.0773547451953,889.4602661132812,194400,0.0,0.0
2018-06-11 00:00:00+09:00,882.9993172491523,888.3834594275007,864.6932338427674,873.307861328125,141200,0.0,0.0
2018-06-12 00:00:00+09:00,882.9992690740847,886.2297542048435,864.6931866664512,878.6919555664062,234800,0.0,0.0
2018-06-13 00:00:00+09:00,878.6919673295454,891.6139080255681,873.3078253728693,888.3834228515625,108800,0.0,0.0
2018-06-14 00:00:00+09:00,880.845589056913,910.9967828143623,880.845589056913,903.458984375,198000,0.0,0.0
2018-06-15 00:00:00+09:00,895.9211819556451,899.1516669867352,866.8468166758345,867.9236450195312,192800,0.0,0.0
2018-06-18 00:00:00+09:00,871.1541981371143,873.3078549928304,846.3871442963806,850.6944580078125,126400,0.0,0.0
2018-06-19 00:00:00+09:00,850.6944990158081,851.771327495575,820.5433015823364,827.0042724609375,126000,0.0,0.0
2018-06-20 00:00:00+09:00,822.6968815230828,832.3883369336951,808.6981125966429,830.2346801757812,129200,0.0,0.0
2018-06-21 00:00:00+09:00,830.234757900238,836.6957287788391,821.6201300621033,827.0042724609375,113200,0.0,0.0
2018-06-22 00:00:00+09:00,819.4663963862121,831.3115085547381,811.9285977335137,830.2346801757812,146400,0.0,0.0
2018-06-25 00:00:00+09:00,834.5420473134169,834.5420473134169,807.6213361097583,811.9286499023438,82000,0.0,0.0
2018-06-26 00:00:00+09:00,801.1602851460907,830.234650332844,801.1602851460907,828.0809936523438,123600,0.0,0.0
2018-06-27 00:00:00+09:00,829.1578798036318,837.772507126267,820.5432524809967,836.6956787109375,126400,0.0,0.0
2018-06-28 00:00:00+09:00,836.6956459717733,844.2334445841316,831.311504105803,843.1566162109375,120800,0.0,0.0
2018-06-29 00:00:00+09:00,843.1566162109375,845.3102729573255,823.7737054934447,843.1566162109375,108000,0.0,0.0
2018-07-02 00:00:00+09:00,843.1566790481587,855.0017920360639,834.5420514205913,838.849365234375,136000,0.0,0.0
2018-07-03 00:00:00+09:00,838.8493270874023,842.0798123008327,807.6213033575762,818.3895874023438,216800,0.0,0.0
2018-07-04 00:00:00+09:00,807.6214053766514,811.9287195386602,788.2384916476118,794.699462890625,154800,0.0,0.0
2018-07-05 00:00:00+09:00,790.3920954231411,796.8530662304147,775.3164968728358,777.4701538085938,106000,0.0,0.0
2018-07-06 00:00:00+09:00,778.5469297581984,800.0834976629895,776.3932729677193,795.7761840820312,96000,0.0,0.0
2018-07-09 00:00:00+09:00,795.7762358694365,824.8506044330019,790.3920935428504,817.3128051757812,104800,0.0,0.0
2018-07-10 00:00:00+09:00,835.618906172495,838.8493916345021,814.0823364257812,814.0823364257812,88400,0.0,0.0
2018-07-11 00:00:00+09:00,831.3116223176739,831.3116223176739,806.5445662123547,816.2360229492188,125600,0.0,0.0
2018-07-12 00:00:00+09:00,838.8493838137296,838.8493838137296,827.0042705634714,831.3115844726562,135200,0.0,0.0
2018-07-13 00:00:00+09:00,836.6956995652525,869.0005528303202,835.6188711230835,860.3859252929688,179600,0.0,0.0
2018-07-16 00:00:00+09:00,860.3859252929688,860.3859252929688,860.3859252929688,860.3859252929688,0,0.0,0.0
2018-07-17 00:00:00+09:00,875.4614900008492,880.8456320057744,860.3858923870583,866.8468627929688,127200,0.0,0.0
2018-07-18 00:00:00+09:00,880.8455931583944,893.7675334003269,875.4614513909225,890.5370483398438,129600,0.0,0.0
2018-07-19 00:00:00+09:00,884.0761240665908,892.6907513412956,872.2310115638714,889.4602661132812,78000,0.0,0.0
2018-07-20 00:00:00+09:00,893.7675542261229,931.4565474766221,891.6138974689516,918.5346069335938,256800,0.0,0.0
2018-07-23 00:00:00+09:00,948.6858058938094,1044.5235320283712,936.8406936749309,949.7626342773438,568000,0.0,0.0
2018-07-24 00:00:00+09:00,951.9162682821584,951.9162682821584,913.1504474018896,926.0723876953125,200400,0.0,0.0
2018-07-25 00:00:00+09:00,941.1480188166386,986.3748114828843,933.610220038931,959.4541015625,314800,0.0,0.0
2018-07-26 00:00:00+09:00,974.5296928296409,978.837006389109,958.3772669816358,976.683349609375,106000,0.0,0.0
2018-07-27 00:00:00+09:00,965.9151698521206,988.528568477421,956.2237132984204,979.9139404296875,138400,0.0,0.0
2018-07-30 00:00:00+09:00,1011.1419888200431,1060.6761011584051,1004.6810176454742,1030.52490234375,600800,0.0,0.0
2018-07-31 00:00:00+09:00,1030.5247967798005,1058.52233566828,1018.6796841731361,1027.2943115234375,333200,0.0,0.0
2018-08-01 00:00:00+09:00,1027.294328081871,1027.294328081871,1001.4504456144026,1024.0638427734375,196400,0.0,0.0
2018-08-02 00:00:00+09:00,1012.2186635225432,1028.371089004286,991.7589245790025,997.14306640625,132000,0.0,0.0
2018-08-03 00:00:00+09:00,1000.3735255860446,1001.4503539235969,977.7601304974472,982.0674438476562,82000,0.0,0.0
2018-08-06 00:00:00+09:00,972.3761408879208,999.2968535370879,968.0688268640539,979.9139404296875,100400,0.0,0.0
2018-08-07 00:00:00+09:00,980.9907941735308,996.0663936449133,972.3761659041695,990.6822509765625,68000,0.0,0.0
2018-08-08 00:00:00+09:00,990.6822254893544,1001.4505105490214,974.5297978998541,979.9139404296875,144800,0.0,0.0
2018-08-09 00:00:00+09:00,973.4528361499375,979.9138063013752,958.3772391299163,970.2223510742188,58800,0.0,0.0
2018-08-10 00:00:00+09:00,994.9895275695931,1006.8346409930407,982.0675856531049,1005.7578125,208000,0.0,0.0
2018-08-13 00:00:00+09:00,1002.5272802111843,1002.5272802111843,969.1455984855703,971.2992553710938,95600,0.0,0.0
2018-08-14 00:00:00+09:00,978.8370639488346,997.1431476530482,970.2224363233223,985.2980346679688,99200,0.0,0.0
2018-08-15 00:00:00+09:00,982.0675397987112,982.0675397987112,945.4553727448118,971.2992553710938,123600,0.0,0.0
2018-08-16 00:00:00+09:00,964.8382750984252,964.8382750984252,946.5321917539238,957.3004760742188,164000,0.0,0.0
2018-08-17 00:00:00+09:00,957.3005684931726,998.2200528607099,955.146911421197,986.3749389648438,76000,0.0,0.0
2018-08-20 00:00:00+09:00,980.9907051285604,980.9907051285604,948.6858520507812,948.6858520507812,68400,0.0,0.0
2018-08-21 00:00:00+09:00,948.685832275938,961.6077732376988,940.0712049680975,960.5309448242188,67200,0.0,0.0
2018-08-22 00:00:00+09:00,962.6847111731117,989.6054245728072,957.3005684931726,986.3749389648438,67200,0.0,0.0
2018-08-23 00:00:00+09:00,977.7602554695837,1022.987051427428,977.7602554695837,1008.98828125,224000,0.0,0.0
2018-08-24 00:00:00+09:00,1021.9101965450545,1021.9101965450545,989.6053431242415,998.219970703125,67600,0.0,0.0
2018-08-27 00:00:00+09:00,1000.373646082683,1030.524843165907,994.9895037463929,1026.217529296875,136000,0.0,0.0
2018-08-28 00:00:00+09:00,1030.5247967798005,1038.062595711314,1018.6796841731361,1027.2943115234375,73600,0.0,0.0
2018-08-29 00:00:00+09:00,1027.2942302692047,1050.9844536087462,1022.9869169347427,1043.4466552734375,86000,0.0,0.0
2018-08-30 00:00:00+09:00,1042.369982314382,1046.6772962908879,1018.6797554436007,1036.98583984375,116000,0.0,0.0
2018-08-31 00:00:00+09:00,1026.2174249693405,1036.9857085471929,1011.141827960347,1018.6796264648438,196800,0.0,0.0
2018-09-03 00:00:00+09:00,1017.6028729528515,1025.1406720117616,972.3760785993915,984.22119140625,145200,0.0,0.0
2018-09-04 00:00:00+09:00,990.6821437508482,1005.7577415905351,980.9906879967639,991.7589721679688,75200,0.0,0.0
2018-09-05 00:00:00+09:00,1006.8345336914062,1011.1418472045245,985.2979661258147,1006.8345336914062,118400,0.0,0.0
2018-09-06 00:00:00+09:00,1002.5273670046611,1002.5273670046611,980.9907962849047,986.3749389648438,48000,0.0,0.0
2018-09-07 00:00:00+09:00,986.374805118178,986.374805118178,964.8382373208378,976.683349609375,92800,0.0,0.0
2018-09-10 00:00:00+09:00,978.8369628906249,993.9125596788194,965.9150227864583,969.1455078125,115600,0.0,0.0
2018-09-11 00:00:00+09:00,966.9920730674568,982.0676733157245,966.9920730674568,980.9908447265625,36800,0.0,0.0
2018-09-12 00:00:00+09:00,980.990663168843,984.221148338444,963.7614089309709,976.683349609375,126400,0.0,0.0
2018-09-13 00:00:00+09:00,991.7590183446189,1030.524843165907,988.5285329428449,1026.217529296875,138800,0.0,0.0
2018-09-14 00:00:00+09:00,1033.7552787162163,1048.8308765308277,1030.5247934702281,1035.908935546875,126400,0.0,0.0
2018-09-17 00:00:00+09:00,1035.908935546875,1035.908935546875,1035.908935546875,1035.908935546875,0,0.0,0.0
2018-09-18 00:00:00+09:00,1041.293133306797,1059.5992173463167,1031.6016770505807,1048.8309326171875,121200,0.0,0.0
2018-09-19 00:00:00+09:00,1052.0613650294054,1073.5979334025762,1043.4467376801367,1067.136962890625,110000,0.0,0.0
2018-09-20 00:00:00+09:00,1067.1370549519856,1067.1370549519856,1027.294400024414,1033.75537109375,196400,0.0,0.0
2018-09-21 00:00:00+09:00,1040.2162492081927,1040.2162492081927,1028.3711366395694,1035.908935546875,271600,0.0,0.0
2018-09-24 00:00:00+09:00,1035.908935546875,1035.908935546875,1035.908935546875,1035.908935546875,0,0.0,0.0
2018-09-25 00:00:00+09:00,1039.1394367754222,1073.5979465959542,1038.0626083435304,1072.5211181640625,311200,0.0,0.0
2018-09-26 00:00:00+09:00,1062.2061806640625,1099.515075439453,1061.1088602294922,1097.3204345703125,114000,23.25,0.0
2018-09-27 00:00:00+09:00,1083.0554200460563,1103.9045112120898,1073.1795347568825,1078.6661376953125,83600,0.0,0.0
2018-09-28 00:00:00+09:00,1108.2937307873024,1108.2937307873024,1066.595550817087,1076.471435546875,142000,0.0,0.0
2018-10-01 00:00:00+09:00,1079.7633668230224,1095.1258537493661,1072.0821233598506,1081.9580078125,85600,0.0,0.0
2018-10-02 00:00:00+09:00,1075.374176181891,1092.9313055889422,1068.7902526542468,1069.8875732421875,72800,0.0,0.0
2018-10-03 00:00:00+09:00,1072.0822463445443,1074.2768875857819,1046.8438720703125,1046.8438720703125,74800,0.0,0.0
2018-10-04 00:00:00+09:00,1062.2064534931283,1064.4010949259655,1043.5520013140135,1047.9412841796875,50000,0.0,0.0
2018-10-05 00:00:00+09:00,1036.9679564785176,1049.0384829560453,1029.2867123564545,1039.16259765625,45200,0.0,0.0
2018-10-08 00:00:00+09:00,1039.16259765625,1039.16259765625,1039.16259765625,1039.16259765625,0,0.0,0.0
2018-10-09 00:00:00+09:00,1019.4108898699479,1024.897493152348,996.3671560838673,1006.2430419921875,69600,0.0,0.0
2018-10-10 00:00:00+09:00,1017.2160024239108,1028.1892063335538,996.366914995589,1010.632080078125,81600,0.0,0.0
2018-10-11 00:00:00+09:00,987.5883447432275,987.5883447432275,952.4740924856904,964.5446166992188,111200,0.0,0.0
2018-10-12 00:00:00+09:00,964.5448301146631,972.2260744955535,957.9609063596142,967.8367919921875,62400,0.0,0.0
2018-10-15 00:00:00+09:00,961.2527155388921,967.8366382480625,950.2795110236079,955.76611328125,107200,0.0,0.0
2018-10-16 00:00:00+09:00,943.695618653461,960.1554259555563,937.1116957326229,959.05810546875,73600,0.0,0.0
2018-10-17 00:00:00+09:00,965.6421500578055,982.1019594337909,965.6421500578055,978.8099975585938,74800,0.0,0.0
2018-10-18 00:00:00+09:00,978.8099054129465,991.9777516741071,955.7661744559152,960.1554565429688,83600,0.0,0.0
2018-10-19 00:00:00+09:00,937.1117553710938,962.3501281738281,929.4305114746094,950.2796020507812,62800,0.0,0.0
2018-10-22 00:00:00+09:00,934.9170547590103,967.8366693632007,929.4304523249785,959.05810546875,55200,0.0,0.0
2018-10-23 00:00:00+09:00,953.5714704506842,959.0580726972358,934.9170228124084,936.0143432617188,60800,0.0,0.0
2018-10-24 00:00:00+09:00,931.6250618897908,944.7929072875264,918.4572164920553,940.4036254882812,66400,0.0,0.0
2018-10-25 00:00:00+09:00,905.2894902729076,915.1653756213393,885.5377195760442,889.927001953125,96400,0.0,0.0
2018-10-26 00:00:00+09:00,892.1216430664062,904.1921696023601,871.2725517770315,892.1216430664062,99600,0.0,0.0
2018-10-29 00:00:00+09:00,907.4840693748802,914.0679924900546,889.9269410677483,894.3162231445312,73600,0.0,0.0
2018-10-30 00:00:00+09:00,965.6419677734375,967.8366086092863,937.1116369074041,965.6419677734375,188000,0.0,0.0
2018-10-31 00:00:00+09:00,950.2794520608683,981.0044227972475,942.5982093767735,966.7392578125,94000,0.0,0.0
2018-11-01 00:00:00+09:00,936.014375381818,982.1018358343812,923.9438500251944,961.2527465820312,167600,0.0,0.0
2018-11-02 00:00:00+09:00,951.376835476554,1002.950896915306,951.376835476554,999.658935546875,112400,0.0,0.0
2018-11-05 00:00:00+09:00,998.561767578125,1012.826935686384,991.9778438358517,998.561767578125,87200,0.0,0.0
2018-11-06 00:00:00+09:00,1018.313322814875,1020.5079635968037,1004.0481577323392,1010.632080078125,51600,0.0,0.0
2018-11-07 00:00:00+09:00,1036.9678658184775,1065.4981986346475,1019.410737931604,1051.2330322265625,153600,0.0,0.0
2018-11-08 00:00:00+09:00,1066.5955810546875,1091.8339538574219,1060.0116577148438,1062.206298828125,87600,0.0,0.0
2018-11-09 00:00:00+09:00,1077.5687866210938,1077.5687866210938,1058.9143371582031,1062.206298828125,68800,0.0,0.0
2018-11-12 00:00:00+09:00,1062.2062683420409,1076.4714351689483,1052.3303836157202,1063.3035888671875,48000,0.0,0.0
2018-11-13 00:00:00+09:00,1063.3036193847656,1064.4009399414062,1035.87060546875,1049.0384521484375,147200,0.0,0.0
2018-11-14 00:00:00+09:00,1064.4009080769813,1068.790190172144,974.4206251261436,1019.4107666015625,211600,0.0,0.0
2018-11-15 00:00:00+09:00,1005.1455999212889,1030.3839719717143,984.2965099665897,1023.800048828125,212000,0.0,0.0
2018-11-16 00:00:00+09:00,1043.5517900150978,1091.8338917613273,1012.8268161765881,1073.179443359375,278000,0.0,0.0
2018-11-19 00:00:00+09:00,1058.9143055939344,1072.0821518811128,1023.8000488281251,1023.800048828125,162000,0.0,0.0
2018-11-20 00:00:00+09:00,1011.7295849444229,1011.7295849444229,966.7394407115364,973.3233642578125,129600,0.0,0.0
2018-11-21 00:00:00+09:00,970.0314034760622,973.3233652525647,929.430541565865,942.598388671875,126800,0.0,0.0
2018-11-22 00:00:00+09:00,950.2796020507812,970.0313720703125,936.0144348144531,950.2796020507812,54800,0.0,0.0
2018-11-23 00:00:00+09:00,950.2796020507812,950.2796020507812,950.2796020507812,950.2796020507812,0,0.0,0.0
2018-11-26 00:00:00+09:00,952.4741493414257,964.544674275476,928.333099473325,929.430419921875,66400,0.0,0.0
2018-11-27 00:00:00+09:00,951.3768927105402,979.9072262866348,951.3768927105402,971.128662109375,81600,0.0,0.0
2018-11-28 00:00:00+09:00,984.2964763772899,984.2964763772899,948.0849003232759,954.6688232421875,156000,0.0,0.0
2018-11-29 00:00:00+09:00,957.9607535478007,970.0312785065931,942.5982672366104,949.1821899414062,60800,0.0,0.0
2018-11-30 00:00:00+09:00,954.6689142100303,973.3233642578125,946.9876700727082,973.3233642578125,122800,0.0,0.0
2018-12-03 00:00:00+09:00,971.1285698630593,996.3669394753196,959.0580452658913,965.6419677734375,147200,0.0,0.0
2018-12-04 00:00:00+09:00,965.6419643509054,990.8803338737132,938.2089540000273,939.3062744140625,96000,0.0,0.0
2018-12-05 00:00:00+09:00,923.9439394648203,930.5278630239521,908.5814511601797,916.2626953125,142400,0.0,0.0
2018-12-06 00:00:00+09:00,946.987490910542,986.491024714458,931.6250055423524,966.7392578125,254000,0.0,0.0
2018-12-07 00:00:00+09:00,964.5448005152248,970.0314034760622,940.40374748754,942.598388671875,87600,0.0,0.0
2018-12-10 00:00:00+09:00,927.2358392547497,936.0144034133746,907.4840698978438,909.6787109375,56000,0.0,0.0
2018-12-11 00:00:00+09:00,925.0411982897816,933.8197624491153,911.8733520507812,911.8733520507812,88000,0.0,0.0
2018-12-12 00:00:00+09:00,912.9706142429989,941.5009459380925,907.4840119939423,940.4036254882812,91600,0.0,0.0
2018-12-13 00:00:00+09:00,937.1117553710938,941.5010375976562,928.3331909179688,930.52783203125,90800,0.0,0.0
2018-12-14 00:00:00+09:00,933.819824803518,936.0144659898953,911.8734129397455,916.2626953125,131600,0.0,0.0
2018-12-17 00:00:00+09:00,917.3599853515625,929.4305114746094,901.9974975585938,921.749267578125,111200,0.0,0.0
2018-12-18 00:00:00+09:00,906.386749081722,914.0679927180078,893.2189028480892,900.900146484375,56800,0.0,0.0
2018-12-19 00:00:00+09:00,901.9974975585938,926.1385498046875,893.2189331054688,895.41357421875,98400,0.0,0.0
2018-12-20 00:00:00+09:00,896.5108630944995,916.262632416043,858.1046449692761,863.5912475585938,161600,0.0,0.0
2018-12-21 00:00:00+09:00,844.9367974067274,850.4233999872905,819.6984255361367,826.2823486328125,142000,0.0,0.0
2018-12-24 00:00:00+09:00,826.2823486328125,826.2823486328125,826.2823486328125,826.2823486328125,0,0.0,0.0
2018-12-25 00:00:00+09:00,764.8323976350749,780.1948848185627,760.4431155826497,769.2216796875,134400,0.0,0.0
2018-12-26 00:00:00+09:00,753.8591297806978,773.6108973732051,733.0100417663845,745.08056640625,400000,0.0,0.0
2018-12-27 00:00:00+09:00,775.8056335449219,839.4502258300781,775.8056335449219,812.0172119140625,238000,0.0,0.0
2018-12-28 00:00:00+09:00,827.3797304283315,833.9636540126419,810.9199214675557,821.8931274414062,129600,0.0,0.0
2018-12-31 00:00:00+09:00,821.8931274414062,821.8931274414062,821.8931274414062,821.8931274414062,0,0.0,0.0
2019-01-04 00:00:00+09:00,784.5841669595428,785.6814874727729,741.7886669435677,771.4163208007812,247200,0.0,0.0
2019-01-07 00:00:00+09:00,790.07080078125,801.0440063476562,751.6645812988281,759.3458251953125,238000,0.0,0.0
2019-01-08 00:00:00+09:00,756.0538635253906,794.4600830078125,756.0538635253906,785.6815185546875,122000,0.0,0.0
2019-01-09 00:00:00+09:00,771.4163208873559,812.0171798814273,768.124359347296,773.6109619140625,212800,0.0,0.0
2019-01-10 00:00:00+09:00,758.2484130859375,770.3189377515602,743.9832475720196,758.2484130859375,118400,0.0,0.0
2019-01-11 00:00:00+09:00,763.7350475902289,779.0975341796875,759.3457657075264,779.0975341796875,83600,0.0,0.0
2019-01-15 00:00:00+09:00,763.7350771219686,774.7082822530314,753.8591925040121,769.2216796875,135600,0.0,0.0
2019-01-16 00:00:00+09:00,774.708344258833,774.708344258833,752.7619322401691,756.0538940429688,102400,0.0,0.0
2019-01-17 00:00:00+09:00,753.8591917158046,759.3457942755994,730.8154609646665,749.4699096679688,334000,0.0,0.0
2019-01-18 00:00:00+09:00,761.5404076404518,812.0171493572541,760.4430871683475,792.265380859375,217200,0.0,0.0
2019-01-21 00:00:00+09:00,812.0172119140625,852.6180725097656,807.6279296875,825.18505859375,212400,0.0,0.0
2019-01-22 00:00:00+09:00,829.5743101811504,841.6448358583895,821.893066568362,826.2823486328125,164800,0.0,0.0
2019-01-23 00:00:00+09:00,810.9198605900409,831.7689503751706,804.3359375,804.3359375,101200,0.0,0.0
2019-01-24 00:00:00+09:00,804.3359384675322,840.547515506316,793.3627333042643,830.671630859375,114000,0.0,0.0
2019-01-25 00:00:00+09:00,822.9903867580747,838.3528739775587,816.4064636640101,817.5037841796875,163600,0.0,0.0
2019-01-28 00:00:00+09:00,894.3162860051863,894.3162860051863,841.644897381568,843.8395385742188,128000,0.0,0.0
2019-01-29 00:00:00+09:00,813.1145324707031,829.5743408203125,801.0440063476562,822.9904174804688,139200,0.0,0.0
2019-01-30 00:00:00+09:00,838.3529052734375,862.4939575195312,829.5743408203125,836.1582641601562,168800,0.0,0.0
2019-01-31 00:00:00+09:00,840.5475152596018,843.8394768076159,818.6011049395078,824.0877075195312,134800,0.0,0.0
2019-02-01 00:00:00+09:00,822.9903867580747,836.158232946204,805.4332585072358,817.5037841796875,93600,0.0,0.0
2019-02-04 00:00:00+09:00,830.6716315681704,853.7153624306956,829.5743110509072,850.4234008789062,120800,0.0,0.0
2019-02-05 00:00:00+09:00,853.7153625095519,866.8832087179255,841.6448368185428,852.6180419921875,125600,0.0,0.0
2019-02-06 00:00:00+09:00,853.715423861057,863.591309227059,842.7422178988327,846.0341796875,75200,0.0,0.0
2019-02-07 00:00:00+09:00,869.0778501479115,880.0510553265467,849.326080826368,863.5912475585938,112000,0.0,0.0
2019-02-08 00:00:00+09:00,853.7153315568835,857.0072929896221,839.4501653483494,847.1314086914062,66000,0.0,0.0
2019-02-12 00:00:00+09:00,862.4939575195312,903.0948181152344,862.4939575195312,888.8296508789062,173200,0.0,0.0
2019-02-13 00:00:00+09:00,888.8296508789062,917.3599853515625,876.7591247558594,912.970703125,108800,0.0,0.0
2019-02-14 00:00:00+09:00,910.7760314573281,928.3331597745779,893.2189031400785,909.6787109375,104000,0.0,0.0
2019-02-15 00:00:00+09:00,909.6787109375,912.9706724969843,895.4135441797347,909.6787109375,56800,0.0,0.0
2019-02-18 00:00:00+09:00,925.0412292480469,925.0412292480469,904.192138671875,912.970703125,84000,0.0,0.0
2019-02-19 00:00:00+09:00,904.192108117216,912.9706722736938,893.2189029216187,903.0947875976562,69200,0.0,0.0
2019-02-20 00:00:00+09:00,906.3867173903059,912.9706402769183,883.3429872871625,886.6349487304688,79600,0.0,0.0
2019-02-21 00:00:00+09:00,891.024261586944,899.80282574051,878.9537358757908,894.3162231445312,113200,0.0,0.0
2019-02-22 00:00:00+09:00,889.9269714355469,900.9001770019531,875.6618041992188,891.0242919921875,63600,0.0,0.0
2019-02-25 00:00:00+09:00,892.1215821806628,898.7055052963873,884.440338545651,896.5108642578125,68400,0.0,0.0
2019-02-26 00:00:00+09:00,895.4136343693388,911.8734438246574,888.8297105872113,908.5814819335938,148000,0.0,0.0
2019-02-27 00:00:00+09:00,893.2188711570683,898.705473559753,871.2724615463295,880.051025390625,213600,0.0,0.0
2019-02-28 00:00:00+09:00,891.0243224722286,898.705566631472,878.9537959362748,892.1216430664062,167200,0.0,0.0
2019-03-01 00:00:00+09:00,893.2189028480892,917.3599542764159,893.2189028480892,900.900146484375,121200,0.0,0.0
2019-03-04 00:00:00+09:00,907.4840389353806,907.4840389353806,891.0242316995515,901.9974365234375,57600,0.0,0.0
2019-03-05 00:00:00+09:00,901.9974673715309,914.0679930906147,884.4403390528636,911.8733520507812,102000,0.0,0.0
2019-03-06 00:00:00+09:00,903.0947879640137,918.457275244082,896.5108648439845,914.0679931640625,66000,0.0,0.0
2019-03-07 00:00:00+09:00,900.900146484375,909.6787106401301,889.926941289681,900.900146484375,102000,0.0,0.0
2019-03-08 00:00:00+09:00,888.8296196282889,893.2189017005275,863.5912477129178,867.9805297851562,110800,0.0,0.0
2019-03-11 00:00:00+09:00,880.0510864257812,880.0510864257812,854.8127136230469,864.6885986328125,52000,0.0,0.0
2019-03-12 00:00:00+09:00,870.1751719392319,901.9974670038443,869.0778514197625,900.900146484375,54800,0.0,0.0
2019-03-13 00:00:00+09:00,896.510834258737,906.3867186018564,893.2188728110305,904.1920776367188,54800,0.0,0.0
2019-03-14 00:00:00+09:00,912.9706721985383,912.9706721985383,884.440338692334,900.900146484375,81600,0.0,0.0
2019-03-15 00:00:00+09:00,899.8029472231144,922.8466812373649,898.7056265557692,907.4841918945312,116400,0.0,0.0
2019-03-18 00:00:00+09:00,921.7492090512628,965.6420285298943,918.4572475903655,961.2527465820312,152800,0.0,0.0
2019-03-19 00:00:00+09:00,955.7660276285808,987.5883178710938,940.4035426839193,987.5883178710938,230000,0.0,0.0
2019-03-20 00:00:00+09:00,967.8368484963496,1021.6055623017023,967.8368484963496,1005.145751953125,458000,0.0,0.0
2019-03-22 00:00:00+09:00,1006.2428610317243,1032.5785520510933,991.9776950628993,1030.3839111328125,254400,0.0,0.0
2019-03-25 00:00:00+09:00,999.6591180533073,1022.702851839388,966.7394983589064,1006.2430419921875,150400,0.0,0.0
2019-03-26 00:00:00+09:00,1009.5349422663802,1042.4545599489795,1009.5349422663802,1021.60546875,155600,0.0,0.0
2019-03-27 00:00:00+09:00,1029.2865587431809,1029.2865587431809,995.2696255651014,1018.3133544921875,120800,0.0,0.0
2019-03-28 00:00:00+09:00,1027.092010916096,1042.454498258858,1005.1456004264356,1041.357177734375,80000,0.0,0.0
2019-03-29 00:00:00+09:00,1036.9678955078125,1050.1357417999752,1023.8000492156498,1036.9678955078125,164800,0.0,0.0
2019-04-01 00:00:00+09:00,1045.7464279338876,1052.3303508799563,1011.7294927125336,1020.508056640625,150000,0.0,0.0
2019-04-02 00:00:00+09:00,1024.8973999023438,1039.1625671386719,1018.3134765625,1027.092041015625,44400,0.0,0.0
2019-04-03 00:00:00+09:00,1015.0214851467828,1042.454498258858,1010.6322030488507,1041.357177734375,47600,0.0,0.0
2019-04-04 00:00:00+09:00,1043.5517570358065,1060.011563929116,1031.4812319807131,1034.773193359375,106400,0.0,0.0
2019-04-05 00:00:00+09:00,1030.3838807450966,1034.7731624522107,1020.5079969040892,1031.481201171875,42400,0.0,0.0
2019-04-08 00:00:00+09:00,1038.065185546875,1042.4544675153606,1028.1893011177822,1038.065185546875,31200,0.0,0.0
2019-04-09 00:00:00+09:00,1024.8973999023438,1040.2598876953125,1015.0215148925781,1022.7027587890625,42000,0.0,0.0
2019-04-10 00:00:00+09:00,1016.1189546866759,1043.5519718218454,1010.632351259642,1040.260009765625,53200,0.0,0.0
2019-04-11 00:00:00+09:00,1025.9946596190366,1038.0651850263193,1020.5080571611808,1029.28662109375,45600,0.0,0.0
2019-04-12 00:00:00+09:00,1018.3134161780384,1033.6759030600347,1015.0214547033249,1029.28662109375,70400,0.0,0.0
2019-04-15 00:00:00+09:00,1052.3303529735415,1062.206237412292,1043.5517890279853,1055.622314453125,124400,0.0,0.0
2019-04-16 00:00:00+09:00,1052.3304751734063,1052.3304751734063,1034.773345243506,1046.8438720703125,37200,0.0,0.0
2019-04-17 00:00:00+09:00,1042.4544987653821,1066.5955503157384,1038.0652166653174,1058.914306640625,157600,0.0,0.0
2019-04-18 00:00:00+09:00,1057.8170166015625,1061.1089782714844,1041.3572082519531,1057.8170166015625,76800,0.0,0.0
2019-04-19 00:00:00+09:00,1064.4009090092738,1078.6660758310475,1050.1357421875,1050.1357421875,49600,0.0,0.0
2019-04-22 00:00:00+09:00,1049.038571229273,1084.1528330277424,1039.1626850984535,1075.374267578125,118000,0.0,0.0
2019-04-23 00:00:00+09:00,1072.082153444747,1085.2499997511309,1050.1357429341074,1076.471435546875,178800,0.0,0.0
2019-04-24 00:00:00+09:00,1075.3741455078125,1079.763427734375,1049.0384521484375,1049.0384521484375,98400,0.0,0.0
2019-04-25 00:00:00+09:00,1064.400816599528,1072.0820596059164,1046.8436897277832,1053.4276123046875,120400,0.0,0.0
2019-04-26 00:00:00+09:00,1063.3035888671875,1077.568755694095,1040.259857839106,1063.3035888671875,101200,0.0,0.0
2019-05-07 00:00:00+09:00,1010.6322041313055,1103.904448812262,968.9340241562896,1080.8607177734375,678800,0.0,0.0
2019-05-08 00:00:00+09:00,1085.2499344988566,1090.7365367966265,1023.7999887638355,1034.773193359375,181600,0.0,0.0
2019-05-09 00:00:00+09:00,1024.8972737810254,1024.8972737810254,984.2964181815629,991.9776611328125,90000,0.0,0.0
2019-05-10 00:00:00+09:00,991.9777228357494,1020.5080555721759,991.9777228357494,1002.950927734375,90400,0.0,0.0
2019-05-13 00:00:00+09:00,1011.7293656412761,1021.605248819987,987.5883178710938,987.5883178710938,56000,0.0,0.0
2019-05-14 00:00:00+09:00,996.3670027374682,996.3670027374682,962.350067621982,970.0313110351562,64000,0.0,0.0
2019-05-15 00:00:00+09:00,985.3938902118805,991.9778137544988,966.7394401744618,990.8804931640625,64800,0.0,0.0
2019-05-16 00:00:00+09:00,998.561767578125,1001.8537294492617,978.809996351305,998.561767578125,53600,0.0,0.0
2019-05-17 00:00:00+09:00,1012.8268737792969,1021.6054382324219,1007.3402709960938,1009.534912109375,44800,0.0,0.0
2019-05-20 00:00:00+09:00,1008.4375606994294,1012.8268427917011,994.1723938995463,997.46435546875,27600,0.0,0.0
2019-05-21 00:00:00+09:00,998.5615847403543,1004.0481868543122,981.0044579756886,1000.7562255859375,45200,0.0,0.0
2019-05-22 00:00:00+09:00,1002.9509582185275,1012.8268429274627,997.4643556024524,1001.8536376953125,27600,0.0,0.0
2019-05-23 00:00:00+09:00,1008.4375608346027,1016.1188044971078,987.5884708935173,1001.8536376953125,37200,0.0,0.0
2019-05-24 00:00:00+09:00,987.5885304779806,1025.9947511076798,987.5885304779806,1021.60546875,44400,0.0,0.0
2019-05-27 00:00:00+09:00,996.3670654296875,1027.092041015625,996.3670654296875,1022.7027587890625,17200,0.0,0.0
2019-05-28 00:00:00+09:00,1022.7026377576464,1031.481201171875,1007.340151782746,1031.481201171875,89600,0.0,0.0
2019-05-29 00:00:00+09:00,1000.7563780737705,1015.0215457436817,996.3670957137979,1004.04833984375,64800,0.0,0.0
2019-05-30 00:00:00+09:00,988.6858525324567,988.6858525324567,967.8367613025824,973.3233642578125,100800,0.0,0.0
2019-05-31 00:00:00+09:00,962.3500351358814,967.8366373886515,943.695587476463,946.987548828125,104800,0.0,0.0
2019-06-03 00:00:00+09:00,936.0144348144531,961.2528076171875,928.3331909179688,950.2796020507812,40400,0.0,0.0
2019-06-04 00:00:00+09:00,962.3500390597903,993.0750118005818,954.6687958745925,988.6857299804688,74400,0.0,0.0
2019-06-05 00:00:00+09:00,997.4642684419276,1041.3570855350818,993.0749867326122,1035.8704833984375,82000,0.0,0.0
2019-06-06 00:00:00+09:00,1035.870481293777,1046.8436855447703,1018.3133544921875,1018.3133544921875,48000,0.0,0.0
2019-06-07 00:00:00+09:00,1030.3839111328125,1044.6490771016374,1023.7999883779703,1030.3839111328125,36000,0.0,0.0
2019-06-10 00:00:00+09:00,1031.4812930140279,1057.81698560162,1029.2866519650618,1041.357177734375,90400,0.0,0.0
2019-06-11 00:00:00+09:00,1040.2598265311178,1044.6491084996035,1034.7732240705107,1038.065185546875,102400,0.0,0.0
2019-06-12 00:00:00+09:00,1049.038326394969,1049.038326394969,1012.8267523666908,1018.3133544921875,74400,0.0,0.0
2019-06-13 00:00:00+09:00,1018.3134765625,1018.3134765625,987.5885009765625,994.1724243164062,67600,0.0,0.0
2019-06-14 00:00:00+09:00,1007.3402709960938,1007.3402709960938,979.9072570800781,983.19921875,53200,0.0,0.0
2019-06-17 00:00:00+09:00,990.8804626464844,993.0751037597656,964.5447692871094,972.2260131835938,51600,0.0,0.0
2019-06-18 00:00:00+09:00,983.1991554542824,983.1991554542824,944.7929384443495,948.0848999023438,78800,0.0,0.0
2019-06-19 00:00:00+09:00,955.7662349368276,973.3233643960575,950.2796319808183,968.93408203125,99600,0.0,0.0
2019-06-20 00:00:00+09:00,970.0312782897596,970.0312782897596,945.890228377571,946.987548828125,91200,0.0,0.0
2019-06-21 00:00:00+09:00,962.3500054035711,974.4205299867402,952.4741216537055,956.8634033203125,347600,0.0,0.0
2019-06-24 00:00:00+09:00,957.9607851211339,965.6420285298943,946.987580251476,961.2527465820312,80400,0.0,0.0
2019-06-25 00:00:00+09:00,966.7393485935255,982.1018354043193,944.79293886382,954.6688232421875,98400,0.0,0.0
2019-06-26 00:00:00+09:00,950.2794485767821,970.0312154063225,943.6955263002686,944.7928466796875,56800,0.0,0.0
2019-06-27 00:00:00+09:00,944.7928764842381,953.571439796519,932.7223519298518,939.3062744140625,56800,0.0,0.0
2019-06-28 00:00:00+09:00,939.306396484375,952.4742431640625,936.0144348144531,941.5010375976562,96000,0.0,0.0
2019-07-01 00:00:00+09:00,968.9339917641785,989.7830810546875,953.5715049185403,989.7830810546875,64800,0.0,0.0
2019-07-02 00:00:00+09:00,974.4207429542666,1006.2430419921875,974.4207429542666,1006.2430419921875,75200,0.0,0.0
2019-07-03 00:00:00+09:00,1000.7563171720975,1022.7027276363979,999.6589966488825,1001.8536376953125,96800,0.0,0.0
2019-07-04 00:00:00+09:00,1015.0215148925781,1031.4813232421875,1013.9241943359375,1027.092041015625,38400,0.0,0.0
2019-07-05 00:00:00+09:00,1027.0919199798066,1035.8704833984375,1007.3401522878872,1035.8704833984375,56800,0.0,0.0
2019-07-08 00:00:00+09:00,1029.286775778268,1029.286775778268,985.393949519067,1006.2430419921875,75200,0.0,0.0
2019-07-09 00:00:00+09:00,1006.2428266137048,1025.9945942026325,987.5883794463841,991.9776611328125,81200,0.0,0.0
2019-07-10 00:00:00+09:00,976.6151752303132,1010.6321083001332,974.420534387099,991.9776611328125,137200,0.0,0.0
2019-07-11 00:00:00+09:00,988.6858215332031,1011.7295532226562,988.6858215332031,1009.534912109375,56400,0.0,0.0
2019-07-12 00:00:00+09:00,1004.0481868543122,1015.0213910822282,998.5615847403543,1000.7562255859375,38800,0.0,0.0
2019-07-16 00:00:00+09:00,991.9778734579471,1010.6323246181076,984.2966288625869,1006.2430419921875,34800,0.0,0.0
2019-07-17 00:00:00+09:00,998.5615847403543,1023.799954464561,996.3669438947711,1000.7562255859375,79600,0.0,0.0
2019-07-18 00:00:00+09:00,990.8804934368453,999.6590581627531,981.004608120199,982.1019287109375,86800,0.0,0.0
2019-07-19 00:00:00+09:00,979.9072277450972,1020.5080871253531,979.9072277450972,1019.4107666015625,83200,0.0,0.0
2019-07-22 00:00:00+09:00,1013.9241943359375,1028.1893615722656,1012.8268737792969,1027.092041015625,68800,0.0,0.0
2019-07-23 00:00:00+09:00,1024.897369087838,1024.897369087838,1004.0482791385135,1015.021484375,76400,0.0,0.0
2019-07-24 00:00:00+09:00,1015.0215753396012,1025.9947815594887,1015.0215753396012,1024.8974609375,54000,0.0,0.0
2019-07-25 00:00:00+09:00,1023.8001390373182,1046.8438720703125,1020.5081771754618,1046.8438720703125,43200,0.0,0.0
2019-07-26 00:00:00+09:00,1031.481201171875,1043.5517258664395,1028.1892398915393,1031.481201171875,36400,0.0,0.0
2019-07-29 00:00:00+09:00,1062.2062674349097,1068.7901905801675,1022.7027285633635,1032.57861328125,147200,0.0,0.0
2019-07-30 00:00:00+09:00,1021.6053157674855,1021.6053157674855,1004.0481889658961,1018.3133544921875,108000,0.0,0.0
2019-07-31 00:00:00+09:00,1015.0214219328863,1017.2160628451736,995.2696537223004,999.658935546875,94800,0.0,0.0
2019-08-01 00:00:00+09:00,996.3671864338837,1007.3403933329353,989.7832622944527,1005.145751953125,66000,0.0,0.0
2019-08-02 00:00:00+09:00,989.7831725736261,993.0751343449352,981.0046078501349,990.8804931640625,106000,0.0,0.0
2019-08-05 00:00:00+09:00,995.2695239424842,995.2695239424842,953.5713520463271,962.3499145507812,106800,0.0,0.0
2019-08-06 00:00:00+09:00,939.3063058842124,954.6687921954028,925.0411400238213,949.1821899414062,83600,0.0,0.0
2019-08-07 00:00:00+09:00,933.819702363098,941.5009455082704,928.3331001165463,936.0143432617188,56000,0.0,0.0
2019-08-08 00:00:00+09:00,937.1116649826138,952.4741512938042,930.5277422778179,949.1821899414062,67200,0.0,0.0
2019-08-09 00:00:00+09:00,959.0581665039062,971.1286926269531,943.6956787109375,945.8903198242188,79600,0.0,0.0
2019-08-13 00:00:00+09:00,932.7223552357067,965.6419677734375,915.1652285489168,965.6419677734375,114400,0.0,0.0
2019-08-14 00:00:00+09:00,981.0046083951346,994.1724554876868,962.3501583473524,973.3233642578125,77600,0.0,0.0
2019-08-15 00:00:00+09:00,948.0849006006864,964.5447079027817,946.9875801138801,959.05810546875,31600,0.0,0.0
2019-08-16 00:00:00+09:00,974.4206848488585,974.4206848488585,954.6689142100303,973.3233642578125,73600,0.0,0.0
2019-08-19 00:00:00+09:00,972.2259513104261,979.9071947180706,959.05810546875,959.05810546875,47600,0.0,0.0
2019-08-20 00:00:00+09:00,959.0582261736228,981.004638671875,959.0582261736228,981.004638671875,52800,0.0,0.0
2019-08-21 00:00:00+09:00,966.7393488763944,972.2259513104261,956.8634644951372,959.05810546875,32000,0.0,0.0
2019-08-22 00:00:00+09:00,967.8367309570312,972.2260131835938,956.863525390625,972.2260131835938,42400,0.0,0.0
2019-08-23 00:00:00+09:00,963.4473587155743,981.0044859814617,955.7661155367484,979.9071655273438,52800,0.0,0.0
2019-08-26 00:00:00+09:00,964.544707620555,964.544707620555,950.2795412962464,954.6688232421875,49200,0.0,0.0
2019-08-27 00:00:00+09:00,960.1553654073311,972.2258900010232,959.0580449897227,963.4473266601562,39200,0.0,0.0
2019-08-28 00:00:00+09:00,963.4473875559628,963.4473875559628,955.7661441472022,961.2527465820312,19200,0.0,0.0
2019-08-29 00:00:00+09:00,961.2527483413594,989.7830810546875,957.960786874437,989.7830810546875,64000,0.0,0.0
2019-08-30 00:00:00+09:00,994.1725147709072,1006.2430419921875,990.8805528014672,1006.2430419921875,78800,0.0,0.0
2019-09-02 00:00:00+09:00,996.3669428192409,996.3669428192409,982.1017773383487,991.9776611328125,29600,0.0,0.0
2019-09-03 00:00:00+09:00,990.8804023458869,1002.950927734375,990.8804023458869,1002.950927734375,28400,0.0,0.0
2019-09-04 00:00:00+09:00,987.5884388366976,987.5884388366976,966.7393495723672,970.0313110351562,68000,0.0,0.0
2019-09-05 00:00:00+09:00,976.6152651980934,989.7831114704272,970.0313420619265,986.4911499023438,67600,0.0,0.0
2019-09-06 00:00:00+09:00,986.4911804199219,986.4911804199219,972.2260131835938,976.6152954101562,38800,0.0,0.0
2019-09-09 00:00:00+09:00,984.2965085835569,984.2965085835569,973.32330335966,977.7125854492188,41600,0.0,0.0
2019-09-10 00:00:00+09:00,977.7126159667969,983.19921875,970.0313720703125,983.19921875,78000,0.0,0.0
2019-09-11 00:00:00+09:00,982.1017804639093,1018.3133544921875,978.8098191886113,1018.3133544921875,142800,0.0,0.0
2019-09-12 00:00:00+09:00,1017.2160024239108,1018.313322814875,1008.4374392961963,1010.632080078125,72000,0.0,0.0
2019-09-13 00:00:00+09:00,1017.2160652364638,1028.1892698236966,1010.6321424841243,1025.99462890625,129200,0.0,0.0
2019-09-17 00:00:00+09:00,1031.4812311998662,1031.4812311998662,1012.8267834015708,1025.99462890625,62800,0.0,0.0
2019-09-18 00:00:00+09:00,1022.7027288181638,1041.357177734375,1015.0214851467828,1041.357177734375,85600,0.0,0.0
2019-09-19 00:00:00+09:00,1035.87060546875,1060.0116577148438,1032.5786437988281,1057.8170166015625,81600,0.0,0.0
2019-09-20 00:00:00+09:00,1055.6223754882812,1066.5955810546875,1052.3304138183594,1057.8170166015625,79600,0.0,0.0
2019-09-24 00:00:00+09:00,1043.5518187833409,1056.719665077137,1036.967895636443,1041.357177734375,60800,0.0,0.0
2019-09-25 00:00:00+09:00,1035.8704517409285,1035.8704517409285,1008.4374418960946,1028.189208984375,153600,0.0,0.0
2019-09-26 00:00:00+09:00,1029.2867434254551,1033.67602591341,1016.11889596159,1024.8974609375,137600,0.0,0.0
2019-09-27 00:00:00+09:00,1020.6306055972451,1025.1218293842517,1006.0341282894738,1023.9990234375,94400,26.5,0.0
2019-09-30 00:00:00+09:00,1012.770922393462,1022.8761754993834,1004.9112810888564,1017.2621459960938,66000,0.0,0.0
2019-10-01 00:00:00+09:00,1017.2622826617696,1032.9815673828125,1015.0166705587635,1032.9815673828125,57200,0.0,0.0
2019-10-02 00:00:00+09:00,1025.1219989523388,1052.0693461318087,1025.1219989523388,1048.700927734375,50400,0.0,0.0
2019-10-03 00:00:00+09:00,1017.2621459960938,1028.490205002673,1006.0340869895143,1017.2621459960938,78000,0.0,0.0
2019-10-04 00:00:00+09:00,1010.5252255496102,1026.2445068359375,1000.4199732941141,1026.2445068359375,53600,0.0,0.0
2019-10-07 00:00:00+09:00,1031.858694488424,1031.858694488424,1004.9113509979754,1013.893798828125,42400,0.0,0.0
2019-10-08 00:00:00+09:00,1011.6484375,1018.3852750416204,1000.4203749306326,1011.6484375,96000,0.0,0.0
2019-10-09 00:00:00+09:00,999.2972926089639,1023.9990234375,997.0516807154605,1023.9990234375,37600,0.0,0.0
2019-10-10 00:00:00+09:00,1023.9991344847408,1023.9991344847408,999.2974009774334,1007.1570434570312,28400,0.0,0.0
2019-10-11 00:00:00+09:00,1017.262272893672,1039.718393708102,1008.2798245679002,1036.3499755859375,78400,0.0,0.0
2019-10-15 00:00:00+09:00,1045.3325127277599,1057.6833802250803,1043.0869004555198,1047.578125,78800,0.0,0.0
2019-10-16 00:00:00+09:00,1057.683214635224,1062.1744384765625,1031.8586775475273,1062.1744384765625,63200,0.0,0.0
2019-10-17 00:00:00+09:00,1054.314803171966,1059.9288330078125,1050.9463852704582,1059.9288330078125,48000,0.0,0.0
2019-10-18 00:00:00+09:00,1059.9288756209721,1067.7885177071444,1045.3323974609375,1045.3323974609375,51200,0.0,0.0
2019-10-21 00:00:00+09:00,1046.4553741821157,1050.9465989640132,1022.8764440771538,1029.61328125,46400,0.0,0.0
2019-10-23 00:00:00+09:00,1029.6132168240017,1050.946533203125,1025.1219923231338,1050.946533203125,50400,0.0,0.0
2019-10-24 00:00:00+09:00,1050.9465163390012,1062.1745774109988,1049.8237102318012,1056.560546875,58400,0.0,0.0
2019-10-25 00:00:00+09:00,1054.3149515787761,1057.683369954427,1032.9816351996528,1050.946533203125,76000,0.0,0.0
2019-10-28 00:00:00+09:00,1046.455229952431,1046.455229952431,1034.1043635044946,1036.3499755859375,40800,0.0,0.0
2019-10-29 00:00:00+09:00,1044.2096796958024,1061.0517713037991,1044.2096796958024,1056.560546875,48400,0.0,0.0
2019-10-30 00:00:00+09:00,1065.5429096715034,1085.75341796875,1052.069237473339,1085.75341796875,103600,0.0,0.0
2019-10-31 00:00:00+09:00,1076.7710329208696,1076.7710329208696,1050.9464930280856,1064.420166015625,55200,0.0,0.0
2019-11-01 00:00:00+09:00,1053.1919972047967,1065.542862843659,1043.086743500273,1059.9288330078125,30400,0.0,0.0
2019-11-05 00:00:00+09:00,1073.402460427648,1121.6831150284734,1071.1568485857492,1118.314697265625,115200,0.0,0.0
2019-11-06 00:00:00+09:00,1109.3322818284103,1109.3322818284103,1083.507744903255,1107.086669921875,66400,0.0,0.0
2019-11-07 00:00:00+09:00,1105.9640600585938,1131.7886015625002,1093.6131923828125,1122.80615234375,94800,0.0,0.0
2019-11-08 00:00:00+09:00,1122.8060233160622,1131.7884715025907,1074.5253643134715,1083.5078125,130400,0.0,0.0
2019-11-11 00:00:00+09:00,1075.6481573303663,1095.858665505676,1075.6481573303663,1087.9990234375,55600,0.0,0.0
2019-11-12 00:00:00+09:00,1090.2445869755938,1104.841064453125,1068.9112737392022,1104.841064453125,57600,0.0,0.0
2019-11-13 00:00:00+09:00,1108.209601418742,1114.9464379015308,1087.999091970376,1105.9639892578125,57200,0.0,0.0
2019-11-14 00:00:00+09:00,1113.8236796794542,1117.1920980655816,1084.6307203330168,1090.2447509765625,70000,0.0,0.0
2019-11-15 00:00:00+09:00,1111.5780179794522,1149.7534246575342,1107.0867936643835,1147.5078125,127600,0.0,0.0
2019-11-18 00:00:00+09:00,1165.4727029800415,1167.7183151245117,1138.525357246399,1149.75341796875,48400,0.0,0.0
2019-11-19 00:00:00+09:00,1145.26209143618,1149.753315324165,1131.7884197722249,1143.0164794921875,33600,0.0,0.0
2019-11-20 00:00:00+09:00,1143.0164859801764,1145.2620979369156,1134.0340381532203,1140.7708740234375,24000,0.0,0.0
2019-11-21 00:00:00+09:00,1143.0165421769425,1167.7182749155406,1129.542869774071,1163.22705078125,73600,0.0,0.0
2019-11-22 00:00:00+09:00,1163.226993590828,1169.9638294610452,1138.5252620666984,1140.7708740234375,52800,0.0,0.0
2019-11-25 00:00:00+09:00,1118.3147800990514,1140.7709001813616,1118.3147800990514,1131.7884521484375,30000,0.0,0.0
2019-11-26 00:00:00+09:00,1147.5078192018993,1149.753431372549,1131.7885340073528,1145.26220703125,46400,0.0,0.0
2019-11-27 00:00:00+09:00,1145.2620656866777,1158.7357370476975,1134.0340062191613,1151.9989013671875,24000,0.0,0.0
2019-11-28 00:00:00+09:00,1158.7357895652847,1158.7357895652847,1127.2972216313428,1134.0340576171875,16800,0.0,0.0
2019-11-29 00:00:00+09:00,1134.03396088682,1140.770796298029,1125.051513671875,1125.051513671875,20000,0.0,0.0
2019-12-02 00:00:00+09:00,1127.2972151564045,1151.9989469626205,1127.2972151564045,1136.2796630859375,38800,0.0,0.0
2019-12-03 00:00:00+09:00,1111.5779732369087,1127.2972577069256,1111.5779732369087,1121.6832275390625,26000,0.0,0.0
2019-12-04 00:00:00+09:00,1107.0866946723518,1143.0164859801764,1100.3498588021346,1140.7708740234375,44400,0.0,0.0
2019-12-05 00:00:00+09:00,1140.7710028353058,1140.7710028353058,1117.1920746270957,1138.525390625,36400,0.0,0.0
2019-12-06 00:00:00+09:00,1129.5428891080096,1156.490234375,1129.5428891080096,1156.490234375,49600,0.0,0.0
2019-12-09 00:00:00+09:00,1176.7008328951322,1176.7008328951322,1147.5078733004057,1167.7183837890625,80800,0.0,0.0
2019-12-10 00:00:00+09:00,1169.9638541168738,1192.4199741575048,1169.9638541168738,1174.455078125,89600,0.0,0.0
2019-12-11 00:00:00+09:00,1178.9464044027002,1185.6832409992871,1174.4551800049758,1181.1920166015625,72800,0.0,0.0
2019-12-12 00:00:00+09:00,1190.1743555432968,1190.1743555432968,1169.9638476189766,1176.70068359375,78400,0.0,0.0
2019-12-13 00:00:00+09:00,1199.1568340315696,1217.1217304215556,1199.1568340315696,1208.1392822265625,180000,0.0,0.0
2019-12-16 00:00:00+09:00,1205.893683362363,1210.384907508964,1199.1568471424616,1203.6480712890625,60400,0.0,0.0
2019-12-17 00:00:00+09:00,1203.6480075901327,1203.6480075901327,1172.209440227704,1183.4375,100400,0.0,0.0
2019-12-18 00:00:00+09:00,1183.4374806530072,1201.4023759949882,1176.7006448997643,1190.17431640625,42800,0.0,0.0
2019-12-19 00:00:00+09:00,1187.9287239089183,1196.9111717267551,1160.9813804554078,1183.4375,68400,0.0,0.0
2019-12-20 00:00:00+09:00,1183.4375496903317,1210.384894275311,1172.2094894465904,1208.1392822265625,60000,0.0,0.0
2019-12-23 00:00:00+09:00,1212.6305463977326,1212.6305463977326,1187.9288130451862,1194.6656494140625,34000,0.0,0.0
2019-12-24 00:00:00+09:00,1203.6480075901327,1203.6480075901327,1178.9462760910815,1183.4375,34400,0.0,0.0
2019-12-25 00:00:00+09:00,1190.174368788913,1190.174368788913,1172.20947265625,1172.20947265625,21200,0.0,0.0
2019-12-26 00:00:00+09:00,1172.209440227704,1185.683111954459,1165.4726043643263,1183.4375,29200,0.0,0.0
2019-12-27 00:00:00+09:00,1194.665642772338,1199.1568669932867,1181.1919701094923,1196.9112548828125,36000,0.0,0.0
2019-12-30 00:00:00+09:00,1178.9464520581196,1190.1745135062922,1156.4903291617745,1165.4727783203125,58400,0.0,0.0
2020-01-06 00:00:00+09:00,1143.0165948606004,1145.26220703125,1127.297309666054,1145.26220703125,84800,0.0,0.0
2020-01-07 00:00:00+09:00,1138.5253848231791,1194.6656897947362,1138.5253848231791,1181.1920166015625,71600,0.0,0.0
2020-01-08 00:00:00+09:00,1169.9637900029638,1169.9637900029638,1140.7708355499149,1154.2445068359375,59200,0.0,0.0
2020-01-09 00:00:00+09:00,1183.4376288004248,1192.420077595874,1176.700792203838,1181.1920166015625,58800,0.0,0.0
2020-01-10 00:00:00+09:00,1174.4552274788505,1181.192064347754,1163.227166030678,1165.4727783203125,30400,0.0,0.0
2020-01-14 00:00:00+09:00,1172.209408408717,1172.209408408717,1138.5252300061677,1151.9989013671875,118400,0.0,0.0
2020-01-15 00:00:00+09:00,1140.770841899671,1156.4901251541942,1138.5252300061677,1151.9989013671875,112800,0.0,0.0
2020-01-16 00:00:00+09:00,1145.2621241978236,1147.5077362060547,1119.437586103167,1131.7884521484375,80800,0.0,0.0
2020-01-17 00:00:00+09:00,1125.0515651741568,1125.0515651741568,1104.8410580153397,1107.086669921875,97200,0.0,0.0
2020-01-20 00:00:00+09:00,1116.069155244488,1140.770887050704,1116.069155244488,1136.2796630859375,41600,0.0,0.0
2020-01-21 00:00:00+09:00,1129.5428142397423,1145.2620979369156,1129.5428142397423,1140.7708740234375,33600,0.0,0.0
2020-01-22 00:00:00+09:00,1140.7710300695826,1147.507866861332,1125.051744222167,1129.54296875,54000,0.0,0.0
2020-01-23 00:00:00+09:00,1121.6833461914064,1127.297376953125,1111.5780908203126,1122.80615234375,61600,0.0,0.0
2020-01-24 00:00:00+09:00,1114.946571489944,1114.946571489944,1095.8588658350307,1102.595703125,64400,0.0,0.0
2020-01-27 00:00:00+09:00,1090.2445099820795,1093.6129276236309,1080.139257057426,1089.1217041015625,54000,0.0,0.0
2020-01-28 00:00:00+09:00,1067.7885505407899,1122.8060468357412,1066.6657444939542,1117.1920166015625,95600,0.0,0.0
2020-01-29 00:00:00+09:00,1114.9462393534552,1114.9462393534552,1086.8760923405284,1089.1217041015625,46800,0.0,0.0
2020-01-30 00:00:00+09:00,1246.314697265625,1246.314697265625,1187.928783519848,1246.314697265625,287600,0.0,0.0
2020-01-31 00:00:00+09:00,1203.6480503766186,1205.8936624109033,1127.2972412109375,1127.2972412109375,195600,0.0,0.0
2020-02-03 00:00:00+09:00,1149.75329566855,1194.6655337806026,1125.051564706921,1192.419921875,119200,0.0,0.0
2020-02-04 00:00:00+09:00,1167.7182486230843,1185.6831447557472,1165.4726366065015,1172.20947265625,170800,0.0,0.0
2020-02-05 00:00:00+09:00,1190.1744860862407,1226.1042818926178,1178.9464248967479,1214.876220703125,122800,0.0,0.0
2020-02-06 00:00:00+09:00,1192.4199593487908,1235.086586896111,1192.4199593487908,1221.6129150390625,156000,0.0,0.0
2020-02-07 00:00:00+09:00,1199.156795277315,1232.8409749199363,1199.156795277315,1221.6129150390625,84000,0.0,0.0
2020-02-10 00:00:00+09:00,1230.5954324473505,1253.0515534774117,1223.8585961383321,1239.577880859375,151200,0.0,0.0
2020-02-12 00:00:00+09:00,1223.8585799487669,1244.0690886084712,1201.402459215762,1203.6480712890625,131200,0.0,0.0
2020-02-13 00:00:00+09:00,1212.6304971018144,1264.279573830225,1212.6304971018144,1253.051513671875,130000,0.0,0.0
2020-02-14 00:00:00+09:00,1255.2972010249584,1284.4901591883297,1253.0515888585453,1268.7708740234375,135600,0.0,0.0
2020-02-17 00:00:00+09:00,1259.788366221849,1275.5076506488595,1199.156840574808,1205.8936767578125,236400,0.0,0.0
2020-02-18 00:00:00+09:00,1223.8586002085044,1223.8586002085044,1163.2270732256977,1196.9112548828125,164000,0.0,0.0
2020-02-19 00:00:00+09:00,1219.3673095703125,1253.0514893926968,1208.1392496295177,1219.3673095703125,114400,0.0,0.0
2020-02-20 00:00:00+09:00,1196.9112285138065,1241.8234697338369,1196.9112285138065,1205.8936767578125,112400,0.0,0.0
2020-02-21 00:00:00+09:00,1196.9112381367047,1286.7357212989339,1183.4375656623702,1244.069091796875,288400,0.0,0.0
2020-02-25 00:00:00+09:00,1154.2446120217583,1253.0515437901577,1145.2621636791764,1201.4024658203125,398400,0.0,0.0
2020-02-26 00:00:00+09:00,1178.9463645533513,1228.349831258444,1167.7183039385573,1194.6656494140625,222400,0.0,0.0
2020-02-27 00:00:00+09:00,1181.1919473184123,1181.1919473184123,1147.5077663112331,1163.22705078125,192000,0.0,0.0
2020-02-28 00:00:00+09:00,1140.7709335978147,1143.0165456718262,1071.1569593034599,1079.0166015625,206800,0.0,0.0
2020-03-02 00:00:00+09:00,1055.4376491550568,1112.7007556517674,1052.0692311258385,1087.9990234375,142000,0.0,0.0
2020-03-03 00:00:00+09:00,1100.3499024489831,1127.2972469987542,1041.9639892578125,1041.9639892578125,127600,0.0,0.0
2020-03-04 00:00:00+09:00,1017.2621655884453,1045.3323136455217,1017.2621655884453,1031.858642578125,97600,0.0,0.0
2020-03-05 00:00:00+09:00,1038.595370703766,1041.9637881222648,1018.3848661927739,1026.2445068359375,106800,0.0,0.0
2020-03-06 00:00:00+09:00,1003.7886335466292,1003.7886335466292,954.3851661237526,963.3676147460938,228400,0.0,0.0
2020-03-09 00:00:00+09:00,936.4202029100105,946.5254568982481,898.2447989544465,902.7360229492188,145600,0.0,0.0
2020-03-10 00:00:00+09:00,883.6483169111233,931.9289746330779,846.595719124507,925.192138671875,154800,0.0,0.0
2020-03-11 00:00:00+09:00,936.4201764831928,942.0342063182239,890.3851318359375,890.3851318359375,182400,0.0,0.0
2020-03-12 00:00:00+09:00,874.6659541888242,882.5255969093914,835.3677405859888,854.4554443359375,207600,0.0,0.0
2020-03-13 00:00:00+09:00,785.9641561702806,810.6658867927752,734.3150830505193,770.244873046875,393600,0.0,0.0
2020-03-16 00:00:00+09:00,801.6835079708615,831.9992708773227,772.490551097973,789.3326416015625,133200,0.0,0.0
2020-03-17 00:00:00+09:00,757.8940649717553,823.0168142582172,729.8239144172458,812.9115600585938,219600,0.0,0.0
2020-03-18 00:00:00+09:00,970.1044763940364,970.1044763940364,829.7537130268436,833.1221313476562,334800,0.0,0.0
2020-03-19 00:00:00+09:00,911.7185434194712,928.5606347387964,870.1747181651357,919.5781860351562,186800,0.0,0.0
2020-03-23 00:00:00+09:00,912.8413275406824,953.2623457343658,885.8939820782268,947.6483154296875,284000,0.0,0.0
2020-03-24 00:00:00+09:00,962.2448238520807,962.2448238520807,879.1571727843398,897.1220703125,257600,0.0,0.0
2020-03-25 00:00:00+09:00,912.841231516346,921.8236790589424,864.5605759748911,918.4552612304688,184800,0.0,0.0
2020-03-26 00:00:00+09:00,889.2622862425767,977.9639536834399,879.1570329898202,968.9815063476562,207200,0.0,0.0
2020-03-27 00:00:00+09:00,968.9816198564763,999.2973831660069,943.1570807409503,992.560546875,287600,0.0,0.0
2020-03-30 00:00:00+09:00,1037.4728694394046,1037.4728694394046,945.851888761639,1011.4237670898438,155000,0.0,2.0
2020-03-31 00:00:00+09:00,1033.8797548780783,1059.0306090367108,994.8061064530596,1019.0587158203125,117200,0.0,0.0
2020-04-01 00:00:00+09:00,984.9254259157672,1023.5499524222679,953.0377354278422,960.2236938476562,156400,0.0,0.0
2020-04-02 00:00:00+09:00,943.1569919726085,952.1394395152048,880.2798591744346,918.4552612304688,245200,0.0,0.0
2020-04-03 00:00:00+09:00,979.5359603615473,1023.5499558294206,892.4062142312675,900.4904174804688,107400,0.0,0.0
2020-04-06 00:00:00+09:00,900.4905085055216,952.5887124888835,898.2448962648594,935.0729370117188,118600,0.0,0.0
2020-04-07 00:00:00+09:00,979.9850662203031,986.2727797524224,928.7851131730462,964.7149047851562,133200,0.0,0.0
2020-04-08 00:00:00+09:00,942.258811230793,963.3675643899194,905.4307738042319,947.1991577148438,274000,0.0,0.0
2020-04-09 00:00:00+09:00,942.7080338260225,953.4869727549527,909.0238496731156,922.0484008789062,120600,0.0,0.0
2020-04-10 00:00:00+09:00,936.8693605462337,963.3675831120188,906.3290362331254,957.5289916992188,129800,0.0,0.0
2020-04-13 00:00:00+09:00,943.6062182875537,951.6904219663619,915.3115054117251,933.7255249023438,77400,0.0,0.0
2020-04-14 00:00:00+09:00,913.5149683459052,938.6658229316331,912.1676011359555,937.767578125,127600,0.0,0.0
2020-04-15 00:00:00+09:00,937.7675464837997,956.6306867866347,905.8798569242451,914.8623046875,144200,0.0,0.0
2020-04-16 00:00:00+09:00,906.3290273451946,914.862353172528,894.2027222221419,910.8202514648438,166200,0.0,0.0
2020-04-17 00:00:00+09:00,920.2518053306021,933.725477443788,901.3886643721418,920.700927734375,160000,0.0,0.0
2020-04-20 00:00:00+09:00,915.3115234375,920.7009926628435,904.9817074222584,915.3115234375,88200,0.0,0.0
2020-04-21 00:00:00+09:00,901.388632867123,924.2938746589631,900.4903880909724,923.3956298828125,166400,0.0,0.0
2020-04-22 00:00:00+09:00,921.1500312191663,926.5394999537494,904.5325026208683,910.37109375,78800,0.0,0.0
2020-04-23 00:00:00+09:00,914.4132330874969,929.2342727200546,909.0237641302033,922.4974365234375,119000,0.0,0.0
2020-04-24 00:00:00+09:00,920.2518310546875,922.9465655526515,901.8378119852672,920.2518310546875,101800,0.0,0.0
2020-04-27 00:00:00+09:00,921.599199026324,924.2939335264009,907.6764041092596,911.718505859375,102000,0.0,0.0
2020-04-28 00:00:00+09:00,921.5991405099411,925.6412420034058,903.1851225952687,914.8623046875,509400,0.0,0.0
2020-04-30 00:00:00+09:00,922.0483886659028,924.7431233624424,908.5747151832059,918.0062866210938,238200,0.0,0.0
2020-05-01 00:00:00+09:00,909.9220222189134,909.9220222189134,872.1957389679811,880.7290649414062,205400,0.0,0.0
2020-05-07 00:00:00+09:00,880.7289941862933,899.5921342963517,880.7289941862933,888.3640747070312,264200,0.0,0.0
2020-05-08 00:00:00+09:00,919.8026790004806,954.3851039433697,911.718475767078,934.6237182617188,341200,0.0,0.0
2020-05-11 00:00:00+09:00,1069.3604225119964,1072.0551568820392,981.7815554856044,1061.725341796875,323800,0.0,0.0
2020-05-12 00:00:00+09:00,1077.893798828125,1081.4867781575522,1056.3359228515626,1077.893798828125,225800,0.0,0.0
2020-05-13 00:00:00+09:00,1032.9816636703472,1036.1255209076046,1008.2799282347519,1033.4307861328125,197000,0.0,0.0
2020-05-14 00:00:00+09:00,1033.4305699988256,1035.6761818415002,993.4586791992188,993.4586791992188,105800,0.0,0.0
2020-05-15 00:00:00+09:00,986.7220188084087,997.9500800146947,972.7992229126143,995.7044677734375,110800,0.0,0.0
2020-05-18 00:00:00+09:00,965.613186609343,988.5184296405413,944.0553108152739,985.3745727539062,131600,0.0,0.0
2020-05-19 00:00:00+09:00,1017.2622554860216,1033.4306621957332,993.4587678300572,1013.2201538085938,151600,0.0,0.0
2020-05-20 00:00:00+09:00,1015.0165140501942,1061.7252385905572,1015.0165140501942,1054.9884033203125,301800,0.0,0.0
2020-05-21 00:00:00+09:00,1032.981625676311,1049.5991561763212,1014.5676053925159,1029.8377685546875,146400,0.0,0.0
2020-05-22 00:00:00+09:00,1017.7114083269518,1023.9991222354148,988.0693284727687,998.8482666015625,132800,0.0,0.0
2020-05-25 00:00:00+09:00,1012.3218798849645,1022.2025725901416,998.8482080142684,1019.0587158203125,126200,0.0,0.0
2020-05-26 00:00:00+09:00,1030.7359650612684,1070.707860874102,1010.52545594242,1062.6236572265625,179400,0.0,0.0
2020-05-27 00:00:00+09:00,1079.2411975821074,1095.409605036521,1055.4377088297763,1083.732421875,191600,0.0,0.0
2020-05-28 00:00:00+09:00,1100.3499507904053,1102.5955629348755,1076.995584487915,1092.2657470703125,200200,0.0,0.0
2020-05-29 00:00:00+09:00,1077.444661474827,1115.1709439107942,1077.444661474827,1107.9849853515625,253000,0.0,0.0
2020-06-01 00:00:00+09:00,1112.027009662829,1112.4761320415296,1080.588443153783,1109.332275390625,95200,0.0,0.0
2020-06-02 00:00:00+09:00,1109.3323206571224,1110.2305654511767,1086.4270784087364,1102.1463623046875,191400,0.0,0.0
2020-06-03 00:00:00+09:00,1104.8411490443898,1112.9253525739828,1082.3850281288533,1092.71484375,203200,0.0,0.0
2020-06-04 00:00:00+09:00,1094.511424520193,1098.104404165725,1066.2167098116283,1086.8763427734375,114200,0.0,0.0
2020-06-05 00:00:00+09:00,1086.8761943927284,1104.8410901678146,1064.4200746738702,1104.3919677734375,168000,0.0,0.0
2020-06-08 00:00:00+09:00,1112.4762791575342,1117.4166259765625,1081.4868309290846,1117.4166259765625,163000,0.0,0.0
2020-06-09 00:00:00+09:00,1111.5779575024776,1127.2972417499875,1098.5534076973981,1118.763916015625,171800,0.0,0.0
2020-06-10 00:00:00+09:00,1122.8060807602055,1138.9744883231524,1116.0692442756442,1130.441162109375,251400,0.0,0.0
2020-06-11 00:00:00+09:00,1127.2972489794981,1127.2972489794981,1086.8762320838189,1107.9849853515625,209400,0.0,0.0
2020-06-12 00:00:00+09:00,1085.5288019443915,1107.984921140593,1060.8270708285695,1104.841064453125,154200,0.0,0.0
2020-06-15 00:00:00+09:00,1117.865758784232,1117.865758784232,1076.097371654086,1089.571044921875,200800,0.0,0.0
2020-06-16 00:00:00+09:00,1100.7990515848999,1128.6446416290712,1085.5288893026125,1116.0692138671875,245200,0.0,0.0
2020-06-17 00:00:00+09:00,1114.272615165068,1123.704185063684,1090.91825160659,1120.1112060546875,193200,0.0,0.0
2020-06-18 00:00:00+09:00,1125.9500095703127,1133.1359689453125,1111.5780908203126,1122.80615234375,128400,0.0,0.0
2020-06-19 00:00:00+09:00,1143.9148303045743,1143.9148303045743,1113.3745050353514,1115.6201171875,141800,0.0,0.0
2020-06-22 00:00:00+09:00,1119.6621932277258,1119.6621932277258,1100.3499291648327,1116.0692138671875,55800,0.0,0.0
2020-06-23 00:00:00+09:00,1116.5183799813647,1143.4657262399655,1116.0692575437213,1125.949951171875,184200,0.0,0.0
2020-06-24 00:00:00+09:00,1132.68679651823,1160.5323878680042,1127.2973272247254,1155.592041015625,113600,0.0,0.0
2020-06-25 00:00:00+09:00,1138.0760888352493,1176.7006127657273,1138.0760888352493,1167.26904296875,295200,0.0,0.0
2020-06-26 00:00:00+09:00,1167.2691176974026,1220.2655609018248,1167.2691176974026,1217.1217041015625,250400,0.0,0.0
2020-06-29 00:00:00+09:00,1212.1813066443033,1228.7988347457629,1184.3357190148306,1192.419921875,182800,0.0,0.0
2020-06-30 00:00:00+09:00,1212.1813839143094,1231.0445251237948,1207.2410374070632,1208.1392822265625,147200,0.0,0.0
2020-07-01 00:00:00+09:00,1219.367383662971,1220.2656285128148,1184.7849569439843,1186.13232421875,101600,0.0,0.0
2020-07-02 00:00:00+09:00,1189.7252265625,1193.3182057291667,1170.4129635416666,1178.9462890625,104800,0.0,0.0
2020-07-03 00:00:00+09:00,1186.132309419597,1210.3849200627847,1182.9884524843692,1207.690185546875,71000,0.0,0.0
2020-07-06 00:00:00+09:00,1211.283168361498,1241.3743705417799,1204.5463320524796,1239.577880859375,174400,0.0,0.0
2020-07-07 00:00:00+09:00,1217.1218071350413,1237.3323168476159,1207.2411134977826,1215.3253173828125,130000,0.0,0.0
2020-07-08 00:00:00+09:00,1197.3603467108767,1271.016422052431,1197.3603467108767,1265.626953125,249200,0.0,0.0
2020-07-09 00:00:00+09:00,1227.451487403115,1257.991809811974,1177.5989022945362,1194.2164306640625,262200,0.0,0.0
2020-07-10 00:00:00+09:00,1194.2165296615383,1194.2165296615383,1169.065673828125,1169.065673828125,107000,0.0,0.0
2020-07-13 00:00:00+09:00,1202.3008312290478,1215.3253826319774,1190.1745247504582,1209.9359130859375,75600,0.0,0.0
2020-07-14 00:00:00+09:00,1209.9358436250527,1233.2902103171473,1185.6832320601852,1200.5042724609375,126800,0.0,0.0
2020-07-15 00:00:00+09:00,1204.9953420538652,1224.7567267166942,1203.6479749177631,1220.2655029296875,127800,0.0,0.0
2020-07-16 00:00:00+09:00,1242.7217311645286,1247.662077764749,1228.3498137820693,1241.823486328125,129600,0.0,0.0
2020-07-17 00:00:00+09:00,1243.6199513991908,1252.1532771762165,1199.60595528611,1225.2059326171875,91600,0.0,0.0
2020-07-20 00:00:00+09:00,1224.7568234071036,1227.9006803062052,1194.6656216585611,1220.7147216796875,60800,0.0,0.0
2020-07-21 00:00:00+09:00,1230.5954193225407,1247.212948707553,1209.0375433636057,1244.069091796875,151600,0.0,0.0
2020-07-22 00:00:00+09:00,1243.6200298344324,1250.3568663990827,1212.6305816370414,1223.858642578125,125400,0.0,0.0
2020-07-27 00:00:00+09:00,1218.9181728931183,1269.219880838597,1212.1813370075631,1266.525146484375,155200,0.0,0.0
2020-07-28 00:00:00+09:00,1257.5428982476321,1264.2797352025302,1237.781509846598,1256.6446533203125,103000,0.0,0.0
2020-07-29 00:00:00+09:00,1401.2619811100747,1437.1917754975125,1328.504147475513,1354.1041259765625,440000,0.0,0.0
2020-07-30 00:00:00+09:00,1369.8234584504758,1376.56029513138,1283.5919489349048,1297.9638671875,365000,0.0,0.0
2020-07-31 00:00:00+09:00,1295.7182881076078,1315.9287986673453,1246.7639403073551,1254.84814453125,234600,0.0,0.0
2020-08-03 00:00:00+09:00,1262.4831334869975,1286.735744375755,1253.9498074335456,1277.7532958984375,90800,0.0,0.0
2020-08-04 00:00:00+09:00,1303.3533915844298,1315.4796981222587,1277.3042886513158,1279.9990234375,136000,0.0,0.0
2020-08-05 00:00:00+09:00,1337.4866010273972,1339.7322131849317,1297.5147046232878,1311.4375,185600,0.0,0.0
2020-08-06 00:00:00+09:00,1328.0550647524733,1351.8585542458386,1293.472636620603,1340.6304931640625,126600,0.0,0.0
2020-08-07 00:00:00+09:00,1325.8094525361182,1346.469084926586,1306.9463099187344,1340.6304931640625,182800,0.0,0.0
2020-08-11 00:00:00+09:00,1337.0374564932044,1372.069005571629,1282.693643179238,1335.240966796875,282000,0.0,0.0
2020-08-12 00:00:00+09:00,1321.7672851160291,1385.5426689034828,1314.1322039583763,1363.0865478515625,183000,0.0,0.0
2020-08-13 00:00:00+09:00,1392.2794124584843,1405.7530841919536,1376.560128769437,1394.5250244140625,173600,0.0,0.0
2020-08-14 00:00:00+09:00,1414.7357108036806,1428.209384239906,1365.3322415375203,1376.560302734375,268600,0.0,0.0
2020-08-17 00:00:00+09:00,1360.840962424207,1365.3321867226368,1316.8269642995958,1354.1041259765625,94000,0.0,0.0
2020-08-18 00:00:00+09:00,1356.349545755293,1390.0337232161035,1351.8583220938517,1378.8056640625,142400,0.0,0.0
2020-08-19 00:00:00+09:00,1378.805779582698,1390.0338396770198,1369.8233315072407,1381.0513916015625,75200,0.0,0.0
2020-08-20 00:00:00+09:00,1367.5777521852588,1378.8058125480277,1347.3672435322746,1369.8233642578125,92600,0.0,0.0
2020-08-21 00:00:00+09:00,1410.244327878489,1410.244327878489,1381.0513720466095,1387.7882080078125,101000,0.0,0.0
2020-08-24 00:00:00+09:00,1392.2795078125,1407.998792578125,1387.78828359375,1403.507568359375,132800,0.0,0.0
2020-08-25 00:00:00+09:00,1430.4549898558025,1450.6654999165596,1416.9813164819645,1419.2269287109375,119800,0.0,0.0
2020-08-26 00:00:00+09:00,1428.2093238830566,1439.4373846054077,1394.5251417160034,1437.1917724609375,139800,0.0,0.0
2020-08-27 00:00:00+09:00,1448.4198197694584,1464.1391046351735,1428.2093106563962,1441.6829833984375,70000,0.0,0.0
2020-08-28 00:00:00+09:00,1441.6830237046727,1473.121594315055,1412.4900652807462,1428.2093505859375,98200,0.0,0.0
2020-08-31 00:00:00+09:00,1437.1918402777778,1468.6304117838542,1437.1918402777778,1455.15673828125,122200,0.0,0.0
2020-09-01 00:00:00+09:00,1443.9285624532097,1457.4022348866765,1419.22682965852,1452.9110107421875,89800,0.0,0.0
2020-09-02 00:00:00+09:00,1439.4374258591354,1464.13916015625,1430.454977023821,1464.13916015625,128400,0.0,0.0
2020-09-03 00:00:00+09:00,1470.8758610250025,1477.612697029697,1448.4197410093536,1468.6302490234375,200600,0.0,0.0
2020-09-04 00:00:00+09:00,1437.191785854232,1450.6654588466154,1416.9812763656569,1432.7005615234375,171200,0.0,0.0
2020-09-07 00:00:00+09:00,1421.4723860472675,1439.4372819214825,1403.5074901730522,1430.454833984375,76000,0.0,0.0
2020-09-08 00:00:00+09:00,1437.1917791471049,1441.6830034569396,1412.490045443014,1434.9461669921875,87400,0.0,0.0
2020-09-09 00:00:00+09:00,1421.4725140265698,1434.946187145305,1405.7532287213787,1428.2093505859375,120000,0.0,0.0
2020-09-10 00:00:00+09:00,1428.2093305274354,1450.665452076609,1421.4724940626834,1434.9461669921875,127800,0.0,0.0
2020-09-11 00:00:00+09:00,1439.437267546958,1479.8582828602891,1425.9635957758478,1477.6126708984375,157400,0.0,0.0
2020-09-14 00:00:00+09:00,1509.051286564317,1580.9108716388082,1500.0688384300056,1544.9810791015625,319400,0.0,0.0
2020-09-15 00:00:00+09:00,1544.9809953414765,1578.6651740189795,1542.735383429643,1574.1739501953125,187600,0.0,0.0
2020-09-16 00:00:00+09:00,1594.3845280269304,1607.8582000947636,1583.1564679704027,1592.138916015625,167600,0.0,0.0
2020-09-17 00:00:00+09:00,1594.3846580148072,1630.314453125,1594.3846580148072,1630.314453125,229000,0.0,0.0
2020-09-18 00:00:00+09:00,1661.752909972241,1677.4721942557621,1648.2792377292228,1668.48974609375,195000,0.0,0.0
2020-09-23 00:00:00+09:00,1643.7879788040611,1643.7879788040611,1592.1389029673217,1596.630126953125,174200,0.0,0.0
2020-09-24 00:00:00+09:00,1580.9109352582495,1596.6302201258743,1562.9460382666784,1565.191650390625,184400,0.0,0.0
2020-09-25 00:00:00+09:00,1553.9634879604198,1580.9108316822767,1542.7354280763127,1558.4547119140625,197800,0.0,0.0
2020-09-28 00:00:00+09:00,1578.6652928670248,1616.8406982421875,1567.4372324625651,1616.8406982421875,202200,0.0,0.0
2020-09-29 00:00:00+09:00,1633.7255900464586,1645.134288300973,1597.2177556320125,1626.88037109375,147600,28.5,0.0
2020-09-30 00:00:00+09:00,1629.162006891901,1633.7254859028026,1592.6541748046875,1592.6541748046875,178400,0.0,0.0
2020-10-02 00:00:00+09:00,1592.6542000109469,1592.6542000109469,1519.638534680932,1547.0194091796875,212800,0.0,0.0
2020-10-05 00:00:00+09:00,1544.737668381524,1562.9915846991785,1535.6107102226965,1549.3011474609375,150600,0.0,0.0
2020-10-06 00:00:00+09:00,1547.0194324840197,1560.7098699396306,1492.2576826615766,1505.9481201171875,205400,0.0,0.0
2020-10-07 00:00:00+09:00,1489.9758334585338,1505.9480093149039,1464.876699969952,1483.130615234375,242200,0.0,0.0
2020-10-08 00:00:00+09:00,1494.5394392765286,1496.8211788784774,1444.3411680336528,1476.2855224609375,266600,0.0,0.0
2020-10-09 00:00:00+09:00,1444.3410575759242,1460.313233568075,1419.241923873973,1458.031494140625,205400,0.0,0.0
2020-10-12 00:00:00+09:00,1469.4403116163708,1476.2855304593043,1448.9046550875707,1462.5950927734375,107800,0.0,0.0
2020-10-13 00:00:00+09:00,1464.876717058317,1464.876717058317,1432.9323649729329,1448.904541015625,84000,0.0,0.0
2020-10-14 00:00:00+09:00,1437.4958426997346,1453.4680187297317,1435.214103266878,1451.186279296875,107800,0.0,0.0
2020-10-15 00:00:00+09:00,1467.1584707783659,1467.1584707783659,1403.2697659855287,1421.523681640625,158200,0.0,0.0
2020-10-16 00:00:00+09:00,1421.5236839994716,1426.0871629208182,1405.5515077747584,1416.960205078125,93000,0.0,0.0
2020-10-19 00:00:00+09:00,1410.1150947002525,1446.6229288672494,1410.1150947002525,1439.7777099609375,86800,0.0,0.0
2020-10-20 00:00:00+09:00,1435.214347767153,1471.7221849122634,1432.9326079455836,1446.623046875,113400,0.0,0.0
2020-10-21 00:00:00+09:00,1471.7219341925854,1471.7219341925854,1442.059321565448,1451.186279296875,102200,0.0,0.0
2020-10-22 00:00:00+09:00,1428.368895316238,1432.932374215012,1407.8332402717554,1430.650634765625,110200,0.0,0.0
2020-10-23 00:00:00+09:00,1437.4958531137859,1460.3132476076555,1419.24193751869,1430.650634765625,67200,0.0,0.0
2020-10-26 00:00:00+09:00,1414.67858203125,1426.0872802734375,1403.2698837890625,1426.0872802734375,72800,0.0,0.0
2020-10-27 00:00:00+09:00,1423.8054210975122,1423.8054210975122,1385.0158503304324,1421.523681640625,110600,0.0,0.0
2020-10-28 00:00:00+09:00,1405.5515860927944,1496.8211696053136,1405.5515860927944,1492.2576904296875,280600,0.0,0.0
2020-10-29 00:00:00+09:00,1469.4401765601035,1492.257570606068,1451.186261323332,1487.694091796875,103400,0.0,0.0
2020-10-30 00:00:00+09:00,1478.5671524911556,1480.8488919240124,1439.7775821325913,1451.186279296875,118800,0.0,0.0
2020-11-02 00:00:00+09:00,1460.313347868217,1496.8211815649224,1455.749868656129,1471.7220458984375,82400,0.0,0.0
2020-11-04 00:00:00+09:00,1471.7220525741577,1478.56727142334,1430.650739479065,1460.3133544921875,179000,0.0,0.0
2020-11-05 00:00:00+09:00,1460.3133505054432,1476.2855277765964,1432.932475183466,1467.1585693359375,180200,0.0,0.0
2020-11-06 00:00:00+09:00,1478.5672594255586,1487.6942178170743,1444.3411654573742,1480.8489990234375,92000,0.0,0.0
2020-11-09 00:00:00+09:00,1483.130739942009,1510.5116151409384,1464.8768231427227,1478.5672607421875,123000,0.0,0.0
2020-11-10 00:00:00+09:00,1499.1029390745525,1510.5116372410255,1430.6507500757145,1442.0594482421875,189600,0.0,0.0
2020-11-11 00:00:00+09:00,1467.1584623790923,1467.1584623790923,1426.087152390253,1437.495849609375,137200,0.0,0.0
2020-11-12 00:00:00+09:00,1437.495957016015,1467.1585720020598,1419.2420401015258,1462.5950927734375,131800,0.0,0.0
2020-11-13 00:00:00+09:00,1464.8767602539062,1631.4437438964844,1432.9324072265624,1597.2176513671875,468000,0.0,0.0
2020-11-16 00:00:00+09:00,1588.0907983672753,1681.6421241331636,1558.4281828805301,1624.5986328125,457600,0.0,0.0
2020-11-17 00:00:00+09:00,1640.5706895425287,1661.1063449053697,1581.2454629387655,1620.0350341796875,302000,0.0,0.0
2020-11-18 00:00:00+09:00,1592.654187224632,1599.4994057943654,1556.1463548527206,1569.8367919921875,349200,0.0,0.0
2020-11-19 00:00:00+09:00,1551.582893348943,1558.4281119960706,1512.7933210152191,1537.8924560546875,490400,0.0,0.0
2020-11-20 00:00:00+09:00,1542.4559033203125,1617.7533068847656,1533.3289453125,1597.2176513671875,524000,0.0,0.0
2020-11-24 00:00:00+09:00,1629.1620043945313,1651.9793994140625,1592.6541723632813,1597.2176513671875,390600,0.0,0.0
2020-11-25 00:00:00+09:00,1594.9359010338615,1629.1619933307256,1567.5550271963702,1617.7532958984375,547000,0.0,0.0
2020-11-26 00:00:00+09:00,1604.0629938695904,1606.3447335479257,1567.5551590162286,1594.93603515625,304200,0.0,0.0
2020-11-27 00:00:00+09:00,1597.2177678888495,1613.1899455677378,1572.1186315363104,1606.3447265625,361000,0.0,0.0
2020-11-30 00:00:00+09:00,1617.7532816766536,1651.9793736726335,1581.245450214275,1645.1341552734375,504400,0.0,0.0
2020-12-01 00:00:00+09:00,1645.1340251655736,1670.2331573109568,1610.9079358764145,1663.387939453125,383400,0.0,0.0
2020-12-02 00:00:00+09:00,1674.7968428339097,1738.6855507349308,1645.1342284512928,1731.84033203125,479400,0.0,0.0
2020-12-03 00:00:00+09:00,1722.7134027571658,1727.2768819697676,1663.3881729933428,1681.64208984375,279800,0.0,0.0
2020-12-04 00:00:00+09:00,1679.3604691728688,1695.3326475481542,1651.9795919580938,1686.2056884765625,145400,0.0,0.0
2020-12-07 00:00:00+09:00,1690.7689325877973,1704.459369288913,1658.8245802851939,1667.9515380859375,118000,0.0,0.0
2020-12-08 00:00:00+09:00,1656.5430714938896,1686.2056884765625,1620.0352352075229,1686.2056884765625,102200,0.0,0.0
2020-12-09 00:00:00+09:00,1654.2612318175934,1670.233409228246,1629.1620958865678,1651.9794921875,190000,0.0,0.0
2020-12-10 00:00:00+09:00,1649.6975037374614,1677.0783751687886,1636.0070680217977,1663.387939453125,126800,0.0,0.0
2020-12-11 00:00:00+09:00,1645.134143584078,1674.7967564364956,1645.134143584078,1667.9515380859375,92000,0.0,0.0
2020-12-14 00:00:00+09:00,1667.9515559873103,1672.5150349366597,1626.880245443163,1633.7254638671875,166200,0.0,0.0
2020-12-15 00:00:00+09:00,1633.7254567661444,1658.8245908784734,1633.7254567661444,1647.4158935546875,113800,0.0,0.0
2020-12-16 00:00:00+09:00,1658.8247097252156,1683.923845635776,1654.26123046875,1654.26123046875,189800,0.0,0.0
2020-12-17 00:00:00+09:00,1654.2611002270642,1683.923713058722,1642.852402984119,1670.2332763671875,159800,0.0,0.0
2020-12-18 00:00:00+09:00,1656.5428408350078,1672.5150169863095,1647.415883034264,1667.9515380859375,207600,0.0,0.0
2020-12-21 00:00:00+09:00,1670.2332671294341,1688.4871826171875,1661.1063093855573,1688.4871826171875,95600,0.0,0.0
2020-12-22 00:00:00+09:00,1677.0786106311482,1695.3325274815552,1651.9794749618384,1681.64208984375,167000,0.0,0.0
2020-12-23 00:00:00+09:00,1770.6297487988406,1816.2645361390169,1743.2488763947347,1795.7288818359375,445800,0.0,0.0
2020-12-24 00:00:00+09:00,1813.9828920717591,1866.4629002700617,1795.7289761766974,1848.208984375,337600,0.0,0.0
2020-12-25 00:00:00+09:00,1839.0821425229385,1898.4073729269044,1834.518663261095,1857.3360595703125,287600,0.0,0.0
2020-12-28 00:00:00+09:00,1889.2802793704434,1889.2802793704434,1859.6176662885405,1877.87158203125,142400,0.0,0.0
2020-12-29 00:00:00+09:00,1891.5620070293742,1918.9428804725014,1875.5898308542166,1900.68896484375,158000,0.0,0.0
2020-12-30 00:00:00+09:00,1893.8438733955632,1907.534311034567,1857.3360396915523,1891.5621337890625,147800,0.0,0.0
2021-01-04 00:00:00+09:00,1880.1533226885645,1914.3794147277981,1866.462885872871,1875.58984375,121600,0.0,0.0
2021-01-05 00:00:00+09:00,1882.4351955104519,1905.2525918196695,1852.772580308469,1857.3360595703125,155400,0.0,0.0
2021-01-06 00:00:00+09:00,1850.4908710826526,1861.899569424716,1807.1378173828125,1807.1378173828125,190000,0.0,0.0
2021-01-07 00:00:00+09:00,1800.2926123733716,1811.701310804128,1763.7847773949509,1784.3204345703125,213600,0.0,0.0
2021-01-08 00:00:00+09:00,1784.320289335596,1839.0820373458957,1779.7568103347378,1827.67333984375,183400,0.0,0.0
2021-01-12 00:00:00+09:00,1836.800289342899,1850.490726282101,1816.2646339340965,1843.6455078125,166200,0.0,0.0
2021-01-13 00:00:00+09:00,1811.701150227063,1857.3359399053265,1811.701150227063,1852.7724609375,162200,0.0,0.0
2021-01-14 00:00:00+09:00,1825.391590698393,1852.772464558869,1820.828111721647,1845.92724609375,182600,0.0,0.0
2021-01-15 00:00:00+09:00,1852.7725749493811,1896.1256278114972,1852.7725749493811,1866.4630126953125,170000,0.0,0.0
2021-01-18 00:00:00+09:00,1873.3082065377184,1914.3795192267305,1861.8995085685485,1909.8160400390625,130400,0.0,0.0
2021-01-19 00:00:00+09:00,1921.224630707676,1946.3237648380614,1880.1533203125,1880.1533203125,185400,0.0,0.0
2021-01-20 00:00:00+09:00,1889.280292680111,1893.8437716479373,1845.9272424857606,1852.7724609375,195000,0.0,0.0
2021-01-21 00:00:00+09:00,1852.7724502321862,1898.407239646772,1850.490710761457,1873.30810546875,181000,0.0,0.0
2021-01-22 00:00:00+09:00,1852.7724573427915,1886.9985495350845,1852.7724573427915,1859.61767578125,179000,0.0,0.0
2021-01-25 00:00:00+09:00,1873.308094879518,1909.815926204819,1871.0263554216867,1893.84375,208600,0.0,0.0
2021-01-26 00:00:00+09:00,1880.1534331283844,1923.5064855912963,1877.8716935250734,1896.1256103515625,199000,0.0,0.0
2021-01-27 00:00:00+09:00,1905.2526640050553,1939.478759765625,1896.12570513557,1939.478759765625,237000,0.0,0.0
2021-01-28 00:00:00+09:00,1898.4071849827387,2012.4941552341052,1898.4071849827387,1982.83154296875,774000,0.0,0.0
2021-01-29 00:00:00+09:00,2014.7761674621295,2019.3396468901299,1900.6891817621222,1944.042236328125,465200,0.0,0.0
2021-02-01 00:00:00+09:00,1939.4786876945916,1939.4786876945916,1843.645623126153,1855.0543212890625,361200,0.0,0.0
2021-02-02 00:00:00+09:00,1877.8715844102085,1907.5341975296894,1852.7724502321862,1873.30810546875,184600,0.0,0.0
2021-02-03 00:00:00+09:00,1871.0264905992444,1891.5621472033827,1861.8995321085165,1868.7447509765625,148000,0.0,0.0
2021-02-04 00:00:00+09:00,1857.3360830041365,1864.1813019832673,1818.5465087890625,1818.5465087890625,185800,0.0,0.0
2021-02-05 00:00:00+09:00,1850.4908144285353,1932.6334399765344,1845.9273352314242,1902.9708251953125,394400,0.0,0.0
2021-02-08 00:00:00+09:00,1886.9987462660847,1975.9865952435662,1886.9987462660847,1939.478759765625,193000,0.0,0.0
2021-02-09 00:00:00+09:00,1932.6334125719573,1950.8873291015625,1902.9707982113487,1950.8873291015625,97000,0.0,0.0
2021-02-10 00:00:00+09:00,1950.8872174202127,1953.168956855792,1900.6889498374703,1930.3515625,134400,0.0,0.0
2021-02-12 00:00:00+09:00,1930.3516781153608,1941.7603759765625,1914.3795011096781,1941.7603759765625,66800,0.0,0.0
2021-02-15 00:00:00+09:00,1953.1690572102864,1989.6768900553386,1944.0420989990234,1971.4229736328125,142000,0.0,0.0
2021-02-16 00:00:00+09:00,1989.6768736192275,2028.4664456966666,1980.5499154833594,2001.0855712890625,242400,0.0,0.0
2021-02-17 00:00:00+09:00,1985.1135367196564,1994.240495509172,1957.7326603511094,1966.859619140625,146000,0.0,0.0
2021-02-18 00:00:00+09:00,1985.1134358242418,1985.1134358242418,1928.0699462890625,1928.0699462890625,149400,0.0,0.0
2021-02-19 00:00:00+09:00,1918.9428539810895,1962.2959030008763,1918.9428539810895,1953.1689453125,167600,0.0,0.0
2021-02-22 00:00:00+09:00,1978.268332038127,1996.5222497501284,1944.042236328125,1944.042236328125,197000,0.0,0.0
2021-02-24 00:00:00+09:00,1944.0420253716627,1962.2959411028519,1873.308101913304,1880.1533203125,192200,0.0,0.0
2021-02-25 00:00:00+09:00,1921.2247353736777,1957.7325688249591,1905.2525582387423,1914.3795166015625,165000,0.0,0.0
2021-02-26 00:00:00+09:00,1886.9985655977246,1886.9985655977246,1829.955078125,1829.955078125,223200,0.0,0.0
2021-03-01 00:00:00+09:00,1861.8994069343066,1886.9985410964111,1845.927230649331,1875.58984375,141600,0.0,0.0
2021-03-02 00:00:00+09:00,1921.2246047576832,1934.9150413711584,1889.2802526595744,1930.3515625,190600,0.0,0.0
2021-03-03 00:00:00+09:00,1950.8872139327518,1955.4506927957525,1914.379383028747,1937.19677734375,203800,0.0,0.0
2021-03-04 00:00:00+09:00,1916.6611247417356,1939.478519083899,1905.252427570654,1932.63330078125,118400,0.0,0.0
2021-03-05 00:00:00+09:00,1930.3517716032218,1989.677003354621,1923.5065525549835,1987.395263671875,168200,0.0,0.0
2021-03-08 00:00:00+09:00,2007.9307924107143,2037.593406389509,1969.1412202845984,1996.5220947265625,150800,0.0,0.0
2021-03-09 00:00:00+09:00,2039.8752635609019,2042.1570032293146,1996.5222098610618,2007.930908203125,164200,0.0,0.0
2021-03-10 00:00:00+09:00,2033.0299857003347,2119.7360905899113,2021.6212876885484,2108.327392578125,324000,0.0,0.0
2021-03-11 00:00:00+09:00,2122.0178183405346,2151.6804330055097,2106.0456412132403,2128.863037109375,276800,0.0,0.0
2021-03-12 00:00:00+09:00,2144.835202486399,2158.5256399490777,2133.4265046008327,2149.398681640625,196400,0.0,0.0
2021-03-15 00:00:00+09:00,2167.652603507296,2167.652603507296,2115.1725931065935,2140.271728515625,191400,0.0,0.0
2021-03-16 00:00:00+09:00,2163.0890824134267,2220.1325708736963,2153.9621242597836,2215.569091796875,271800,0.0,0.0
2021-03-17 00:00:00+09:00,2185.9064878026024,2215.569101937711,2158.5256132163486,2197.315185546875,200800,0.0,0.0
2021-03-18 00:00:00+09:00,2201.8786633756645,2206.442142470744,2144.835174687176,2199.596923828125,226200,0.0,0.0
2021-03-19 00:00:00+09:00,2185.9066952412613,2258.9223677336627,2172.216256648936,2252.0771484375,343400,0.0,0.0
2021-03-22 00:00:00+09:00,2254.358898676658,2261.204118004624,2236.10498046875,2236.10498046875,195400,0.0,0.0
2021-03-23 00:00:00+09:00,2215.569357366771,2231.5415360501565,2183.625,2183.625,121200,0.0,0.0
2021-03-24 00:00:00+09:00,2167.652603507296,2188.1882597510494,2126.5812910197897,2140.271728515625,151600,0.0,0.0
2021-03-25 00:00:00+09:00,2135.7080183585313,2142.553236366091,2103.7636676565876,2112.890625,167800,0.0,0.0
2021-03-26 00:00:00+09:00,2133.4262854534645,2137.9897641389266,2085.509759256114,2099.2001953125,147000,0.0,0.0
2021-03-29 00:00:00+09:00,2122.017805437268,2165.3708573763092,2112.890847134312,2151.680419921875,138400,0.0,0.0
2021-03-30 00:00:00+09:00,2183.624781914938,2190.4700006670228,2126.5812923142344,2137.989990234375,132800,0.0,0.0
2021-03-31 00:00:00+09:00,2106.045669020268,2137.990023696632,2071.819574724164,2080.946533203125,258000,0.0,0.0
2021-04-01 00:00:00+09:00,2085.5100071003344,2115.1726220809737,2085.5100071003344,2090.073486328125,105600,0.0,0.0
2021-04-02 00:00:00+09:00,2117.454347019957,2128.863045010366,2092.3552114410563,2115.172607421875,80000,0.0,0.0
2021-04-05 00:00:00+09:00,2119.736082671791,2135.7082598286293,2099.200426327285,2122.017822265625,138200,0.0,0.0
2021-04-06 00:00:00+09:00,2122.0178436346077,2131.144802101853,2083.228270148814,2085.510009765625,132000,0.0,0.0
2021-04-07 00:00:00+09:00,2080.946780563187,2090.0737401270603,2046.7206821986608,2076.38330078125,240200,0.0,0.0
2021-04-08 00:00:00+09:00,2055.8471636524514,2080.946296616022,2055.8471636524514,2064.97412109375,124000,0.0,0.0
2021-04-09 00:00:00+09:00,2055.847298641333,2078.6646937427904,1998.8038108876888,2039.8751220703125,263800,0.0,0.0
2021-04-12 00:00:00+09:00,2092.3549989149305,2103.763695746528,2051.2836903211805,2053.5654296875,209600,0.0,0.0
2021-04-13 00:00:00+09:00,2053.5656630730314,2092.355236708855,2039.875225319211,2071.819580078125,117000,0.0,0.0
2021-04-14 00:00:00+09:00,2053.5659360939258,2055.847676022919,2023.9033170170135,2028.466796875,107000,0.0,0.0
2021-04-15 00:00:00+09:00,2014.7761161735466,2035.3117730767879,2014.7761161735466,2026.184814453125,83400,0.0,0.0
2021-04-16 00:00:00+09:00,2026.1848158293406,2049.002212403995,2023.903076171875,2023.903076171875,84000,0.0,0.0
2021-04-19 00:00:00+09:00,2037.5935141166678,2053.5656917189262,2023.903076171875,2023.903076171875,76200,0.0,0.0
2021-04-20 00:00:00+09:00,2026.1847036316126,2037.593401287196,2005.6490478515625,2005.6490478515625,74200,0.0,0.0
2021-04-21 00:00:00+09:00,1973.7048382327616,1982.8317970222774,1955.4509206537305,1966.859619140625,131000,0.0,0.0
2021-04-22 00:00:00+09:00,2053.5657015713778,2076.383098255504,1998.8039495294745,2007.930908203125,198000,0.0,0.0
2021-04-23 00:00:00+09:00,2007.93092081659,2028.4665779613051,1985.1135239891287,1987.395263671875,114800,0.0,0.0
2021-04-26 00:00:00+09:00,2007.930788635393,2026.1847048957147,1996.5220909726918,2003.3673095703125,146400,0.0,0.0
2021-04-27 00:00:00+09:00,2017.0576409508978,2021.6211197765788,1969.14111328125,1969.14111328125,136600,0.0,0.0
2021-04-28 00:00:00+09:00,1969.1412456311677,1978.2682038959704,1948.6055895353618,1950.8873291015625,392400,0.0,0.0
2021-04-30 00:00:00+09:00,1759.221236612023,1905.2525714280664,1754.6577573990216,1891.5621337890625,554000,0.0,0.0
2021-05-06 00:00:00+09:00,1891.5619754237443,1964.5776367187502,1884.7167571773375,1964.57763671875,229800,0.0,0.0
2021-05-07 00:00:00+09:00,1946.3237797779404,1946.3237797779404,1852.7724609375,1852.7724609375,285200,0.0,0.0
2021-05-10 00:00:00+09:00,1855.0543322071526,1855.0543322071526,1832.23693574704,1836.8004150390625,123400,0.0,0.0
2021-05-11 00:00:00+09:00,1818.546411855494,1823.1098909316684,1763.7846629414012,1772.91162109375,206400,0.0,0.0
2021-05-12 00:00:00+09:00,1804.8561046842153,1823.1100223042831,1752.37609152652,1763.7847900390625,202200,0.0,0.0
2021-05-13 00:00:00+09:00,1738.6856718364513,1759.2213293778268,1724.9952334755344,1734.1221923828125,199400,0.0,0.0
2021-05-14 00:00:00+09:00,1752.3759752925878,1772.911631253048,1750.0942357414256,1754.65771484375,151800,0.0,0.0
2021-05-17 00:00:00+09:00,1813.983046221885,1820.8282652642317,1791.1656494140625,1791.1656494140625,191600,0.0,0.0
2021-05-18 00:00:00+09:00,1782.0385767259709,1793.4472744002728,1775.1933581213896,1777.47509765625,174000,0.0,0.0
2021-05-19 00:00:00+09:00,1756.9393388940655,1756.9393388940655,1720.4315084754874,1740.9671630859375,232200,0.0,0.0
2021-05-20 00:00:00+09:00,1756.939424800993,1809.41943359375,1756.939424800993,1809.41943359375,125000,0.0,0.0
2021-05-21 00:00:00+09:00,1832.2369371101038,1848.2091146440648,1813.983019928434,1834.5186767578125,102200,0.0,0.0
2021-05-24 00:00:00+09:00,1839.0820204658744,1880.1533310966258,1839.0820204658744,1859.61767578125,86200,0.0,0.0
2021-05-25 00:00:00+09:00,1886.9986761452087,1886.9986761452087,1836.8004042284074,1855.0543212890625,90200,0.0,0.0
2021-05-26 00:00:00+09:00,1848.209128584009,1850.4908682489274,1791.1656369610457,1811.7012939453125,160400,0.0,0.0
2021-05-27 00:00:00+09:00,1834.518689195165,1839.0821685215212,1811.7012925633844,1813.9830322265625,162200,0.0,0.0
2021-05-28 00:00:00+09:00,1845.9272533906055,1855.054211380176,1816.2646399245018,1832.23681640625,79200,0.0,0.0
2021-05-31 00:00:00+09:00,1825.391493607052,1839.081929809105,1788.8836637349111,1795.7288818359375,109200,0.0,0.0
2021-06-01 00:00:00+09:00,1800.2925928777186,1825.3917291535804,1800.2925928777186,1816.2647705078125,101800,0.0,0.0
2021-06-02 00:00:00+09:00,1804.8560791015625,1820.8282567927267,1798.0108600910635,1804.8560791015625,81200,0.0,0.0
2021-06-03 00:00:00+09:00,1804.855946044922,1836.8002990722657,1793.4472485351562,1825.3916015625,94000,0.0,0.0
2021-06-04 00:00:00+09:00,1827.6734674279035,1845.9273847055854,1811.7012898099317,1818.5465087890625,90000,0.0,0.0
2021-06-07 00:00:00+09:00,1825.391618956743,1827.673358480439,1777.4750889591285,1793.447265625,125000,0.0,0.0
2021-06-08 00:00:00+09:00,1793.4473766259641,1825.3917319348236,1793.4473766259641,1811.7012939453125,86200,0.0,0.0
2021-06-09 00:00:00+09:00,1811.701190679156,1816.264669748877,1775.1933581213896,1777.47509765625,94400,0.0,0.0
2021-06-10 00:00:00+09:00,1772.911622352207,1793.4472782095684,1770.6298828125,1770.6298828125,46200,0.0,0.0
2021-06-11 00:00:00+09:00,1761.502936053618,1766.0664151625654,1702.1777076373046,1750.09423828125,219200,0.0,0.0
2021-06-14 00:00:00+09:00,1772.911622352207,1791.1655386698615,1768.348143272793,1770.6298828125,69800,0.0,0.0
2021-06-15 00:00:00+09:00,1772.9116050237342,1811.7011768196203,1768.348125988924,1802.57421875,122200,0.0,0.0
2021-06-16 00:00:00+09:00,1802.574304512986,1864.1812744140625,1802.574304512986,1864.1812744140625,204200,0.0,0.0
2021-06-17 00:00:00+09:00,1868.7446241598952,1914.3794135166693,1864.1811452242177,1877.87158203125,230800,0.0,0.0
2021-06-18 00:00:00+09:00,1891.5621665433325,1896.125645835355,1829.9551961010286,1836.8004150390625,221400,0.0,0.0
2021-06-21 00:00:00+09:00,1818.5465255834495,1818.5465255834495,1782.0386906909334,1791.1656494140625,144800,0.0,0.0
2021-06-22 00:00:00+09:00,1816.2647396548764,1886.9986679580186,1809.4195207868304,1868.7447509765625,99200,0.0,0.0
2021-06-23 00:00:00+09:00,1873.3083392894212,1900.689216355771,1868.744859778363,1889.280517578125,103200,0.0,0.0
2021-06-24 00:00:00+09:00,1884.7169176168568,1896.1256156653849,1877.87169878774,1886.9986572265625,93400,0.0,0.0
2021-06-25 00:00:00+09:00,1884.7169189453125,1900.68909622451,1873.3082208887429,1884.7169189453125,96600,0.0,0.0
2021-06-28 00:00:00+09:00,1873.3082329179258,1873.3082329179258,1827.6734403986097,1864.1812744140625,170000,0.0,0.0
2021-06-29 00:00:00+09:00,1834.5186645958256,1855.0543212890625,1832.2369249632436,1855.0543212890625,107600,0.0,0.0
2021-06-30 00:00:00+09:00,1848.2090684711152,1923.506474964383,1848.2090684711152,1914.3795166015625,186600,0.0,0.0
2021-07-01 00:00:00+09:00,1896.1256103515625,1914.3795271780516,1891.5621311449402,1896.1256103515625,127000,0.0,0.0
2021-07-02 00:00:00+09:00,1914.3795152936661,1939.4786507742745,1893.8438589913503,1916.6612548828125,126000,0.0,0.0
2021-07-05 00:00:00+09:00,1914.3793980356609,1918.9428769344347,1896.125482440565,1907.5341796875,61200,0.0,0.0
2021-07-06 00:00:00+09:00,1930.3515777404712,1930.3515777404712,1891.5620070293742,1900.68896484375,50200,0.0,0.0
2021-07-07 00:00:00+09:00,1880.1533097614044,1900.68896484375,1873.3080914006227,1900.68896484375,115000,0.0,0.0
2021-07-08 00:00:00+09:00,1889.280386297717,1914.379521864474,1884.7169071037613,1905.2525634765625,179400,0.0,0.0
2021-07-09 00:00:00+09:00,1861.899511133982,1907.5343030735405,1861.899511133982,1905.2525634765625,173000,0.0,0.0
2021-07-12 00:00:00+09:00,1937.1968968320818,1957.7325529822454,1918.9429802541588,1941.7603759765625,140200,0.0,0.0
2021-07-13 00:00:00+09:00,1953.1689556891972,1962.2959134260627,1916.6611247417356,1932.63330078125,115600,0.0,0.0
2021-07-14 00:00:00+09:00,1939.478500914325,1973.7045921069307,1930.3515432629633,1969.14111328125,86600,0.0,0.0
2021-07-15 00:00:00+09:00,1973.7047273696237,1985.113425215691,1946.3238525390625,1946.3238525390625,134400,0.0,0.0
2021-07-16 00:00:00+09:00,1930.351545486716,1980.5498126270327,1925.7880666557783,1964.57763671875,121800,0.0,0.0
2021-07-19 00:00:00+09:00,1946.32386294032,1971.4229983357986,1928.0699462890625,1928.0699462890625,151000,0.0,0.0
2021-07-20 00:00:00+09:00,1907.5343259331066,1921.224763679038,1859.6177938223468,1866.4630126953125,155000,0.0,0.0
2021-07-21 00:00:00+09:00,1902.970812178336,1941.760385088446,1896.125593429493,1925.7882080078125,109400,0.0,0.0
2021-07-26 00:00:00+09:00,1962.2958849985666,1991.958497213661,1950.887187992761,1989.6767578125,152200,0.0,0.0
2021-07-27 00:00:00+09:00,1994.2403539370184,2005.6490516140036,1973.704698118445,1998.8038330078125,126600,0.0,0.0
2021-07-28 00:00:00+09:00,1980.5498035637227,1998.8037188039411,1948.60545189334,1982.83154296875,266600,0.0,0.0
2021-07-29 00:00:00+09:00,2099.20046105849,2172.2161292692203,2019.339573953004,2062.692626953125,905600,0.0,0.0
2021-07-30 00:00:00+09:00,2030.748261568839,2110.6091482597485,2026.1847823293585,2080.946533203125,422400,0.0,0.0
2021-08-02 00:00:00+09:00,2126.5812719291057,2181.343021420842,2101.482136745393,2174.497802734375,269000,0.0,0.0
2021-08-03 00:00:00+09:00,2190.469992709438,2190.469992709438,2147.116940770397,2151.680419921875,157200,0.0,0.0
2021-08-04 00:00:00+09:00,2135.7082585089956,2137.98999810142,2099.2004250302093,2124.299560546875,109800,0.0,0.0
2021-08-05 00:00:00+09:00,2094.6366868496443,2165.37060546875,2080.946250987882,2165.37060546875,105200,0.0,0.0
2021-08-06 00:00:00+09:00,2213.287349751895,2222.414307895202,2179.0612567144944,2220.132568359375,203000,0.0,0.0
2021-08-10 00:00:00+09:00,2199.5966766578335,2224.6958088603606,2188.1879802021394,2206.44189453125,116400,0.0,0.0
2021-08-11 00:00:00+09:00,2190.469959365325,2220.132573398397,2174.497782578286,2211.005615234375,174600,0.0,0.0
2021-08-12 00:00:00+09:00,2215.569357366771,2233.823275862069,2163.0893416927897,2183.625,162800,0.0,0.0
2021-08-13 00:00:00+09:00,2163.089102380563,2199.5969353321334,2149.398665023724,2179.061279296875,159200,0.0,0.0
2021-08-16 00:00:00+09:00,2147.1169725818654,2160.8074102391356,2078.664784295515,2096.918701171875,220600,0.0,0.0
2021-08-17 00:00:00+09:00,2103.7639120565877,2151.680443676098,2103.7639120565877,2110.609130859375,138600,0.0,0.0
2021-08-18 00:00:00+09:00,2110.609140167569,2119.736098611537,2078.6647856136815,2094.636962890625,60400,0.0,0.0
2021-08-19 00:00:00+09:00,2076.3830512983795,2122.0178436346077,2071.819572064757,2085.510009765625,85800,0.0,0.0
2021-08-20 00:00:00+09:00,2090.07339381744,2115.172528459352,2023.9029479433068,2035.3116455078125,109000,0.0,0.0
2021-08-23 00:00:00+09:00,2051.2841619805977,2085.5102603451237,2037.5937226347871,2076.38330078125,134800,0.0,0.0
2021-08-24 00:00:00+09:00,2062.692603121611,2108.327395226071,2060.4108635163875,2103.763916015625,108400,0.0,0.0
2021-08-25 00:00:00+09:00,2096.9186880319057,2119.736083984375,2092.355208841412,2119.736083984375,96000,0.0,0.0
2021-08-26 00:00:00+09:00,2106.0456334968217,2144.8352063781285,2106.0456334968217,2142.553466796875,73000,0.0,0.0
2021-08-27 00:00:00+09:00,2149.3986675506626,2188.1882401073094,2137.989969739884,2174.497802734375,100000,0.0,0.0
2021-08-30 00:00:00+09:00,2195.033435951178,2236.104747642572,2195.033435951178,2215.569091796875,134800,0.0,0.0
2021-08-31 00:00:00+09:00,2190.4702057453414,2215.569343519507,2188.1884659476905,2204.16064453125,102000,0.0,0.0
2021-09-01 00:00:00+09:00,2172.2160492576504,2199.596923828125,2165.370830615032,2199.596923828125,150400,0.0,0.0
2021-09-02 00:00:00+09:00,2213.2873373720436,2252.076909264131,2199.5969002336597,2242.949951171875,150600,0.0,0.0
2021-09-03 00:00:00+09:00,2281.739516779479,2299.9934329137145,2229.2595078935506,2254.358642578125,284000,0.0,0.0
2021-09-06 00:00:00+09:00,2286.302949961166,2350.1916551497015,2277.1759920770896,2341.064697265625,215600,0.0,0.0
2021-09-07 00:00:00+09:00,2350.191652765534,2368.4455685151693,2318.2473002036722,2345.628173828125,152000,0.0,0.0
2021-09-08 00:00:00+09:00,2341.0649471394936,2350.191905997737,2304.557111706519,2331.93798828125,143600,0.0,0.0
2021-09-09 00:00:00+09:00,2299.9931582840236,2313.68359375,2268.048808863412,2313.68359375,201200,0.0,0.0
2021-09-10 00:00:00+09:00,2313.6840677261353,2341.064944267273,2286.3031911849976,2336.50146484375,142200,0.0,0.0
2021-09-13 00:00:00+09:00,2350.1918721244624,2386.69970703125,2313.6840372176744,2386.69970703125,140600,0.0,0.0
2021-09-14 00:00:00+09:00,2400.3900961038585,2468.84228515625,2395.826616833699,2468.84228515625,104400,0.0,0.0
2021-09-15 00:00:00+09:00,2423.207508579147,2455.151863682827,2409.51707067757,2441.46142578125,131600,0.0,0.0
2021-09-16 00:00:00+09:00,2441.46142578125,2455.151863682827,2418.6440292786215,2441.46142578125,119200,0.0,0.0
2021-09-17 00:00:00+09:00,2427.770977069805,2464.278811311456,2404.953580668773,2459.71533203125,113800,0.0,0.0
2021-09-21 00:00:00+09:00,2391.2631808035717,2418.644056919643,2359.3188253348217,2395.82666015625,243600,0.0,0.0
2021-09-22 00:00:00+09:00,2391.263200561052,2391.263200561052,2354.7553654379826,2363.88232421875,126400,0.0,0.0
2021-09-24 00:00:00+09:00,2414.080341009627,2418.643819915127,2354.755115238124,2377.572509765625,143000,0.0,0.0
2021-09-27 00:00:00+09:00,2373.0093031433466,2373.0093031433466,2309.120591135641,2331.93798828125,200400,0.0,0.0
2021-09-28 00:00:00+09:00,2341.0647378327985,2341.0647378327985,2238.3864598576756,2265.767333984375,308800,0.0,0.0
2021-09-29 00:00:00+09:00,2261.604921103248,2282.417236328125,2250.042523756095,2282.417236328125,154000,33.0,0.0
2021-09-30 00:00:00+09:00,2289.3548583984375,2335.604451497396,2270.8550211588545,2330.9794921875,119000,0.0,0.0
2021-10-01 00:00:00+09:00,2289.3545466089395,2310.166860669021,2187.6054556485424,2240.79248046875,289000,0.0,0.0
2021-10-04 00:00:00+09:00,2245.4172234379125,2250.042181673624,2182.980287255808,2189.917724609375,196000,0.0,0.0
2021-10-05 00:00:00+09:00,2159.855747691372,2169.1056652403718,2058.106654652378,2108.981201171875,284200,0.0,0.0
2021-10-06 00:00:00+09:00,2141.3559334996235,2155.2308099585844,2099.731304122741,2111.293701171875,172000,0.0,0.0
2021-10-07 00:00:00+09:00,2111.2935559270663,2143.668265437448,2088.1687634196505,2095.106201171875,116800,0.0,0.0
2021-10-08 00:00:00+09:00,2143.6686401367188,2171.4183959960938,2132.1062418619795,2136.731201171875,119200,0.0,0.0
2021-10-11 00:00:00+09:00,2139.043361857786,2187.605427370233,2139.043361857786,2182.98046875,104400,0.0,0.0
2021-10-12 00:00:00+09:00,2162.1682950508352,2187.605569110257,2159.8558155908877,2171.418212890625,163200,0.0,0.0
2021-10-13 00:00:00+09:00,2189.918172838297,2217.6679279323407,2178.355774882445,2213.04296875,151000,0.0,0.0
2021-10-14 00:00:00+09:00,2222.2928686025193,2275.4798987563777,2222.2928686025193,2266.22998046875,119200,0.0,0.0
2021-10-15 00:00:00+09:00,2284.7297000696162,2349.4791247679455,2280.1047411625927,2335.604248046875,136200,0.0,0.0
2021-10-18 00:00:00+09:00,2344.854329103504,2358.729206790507,2303.229696042495,2326.3544921875,103600,0.0,0.0
2021-10-19 00:00:00+09:00,2349.4791247679455,2372.603919303063,2326.354330232828,2335.604248046875,126200,0.0,0.0
2021-10-20 00:00:00+09:00,2377.228709573041,2377.228709573041,2310.166810178471,2317.104248046875,64000,0.0,0.0
2021-10-21 00:00:00+09:00,2330.979077049595,2330.979077049595,2282.4170129443955,2284.7294921875,97200,0.0,0.0
2021-10-22 00:00:00+09:00,2252.3547875976565,2330.97908203125,2226.9175158691405,2312.479248046875,111200,0.0,0.0
2021-10-25 00:00:00+09:00,2293.979459442801,2354.1039210814224,2291.6669801490075,2344.85400390625,81800,0.0,0.0
2021-10-26 00:00:00+09:00,2391.103963216146,2391.103963216146,2358.729248046875,2358.729248046875,55800,0.0,0.0
2021-10-27 00:00:00+09:00,2354.10400390625,2354.10400390625,2312.479375153487,2354.10400390625,79000,0.0,0.0
2021-10-28 00:00:00+09:00,2310.1668144993528,2358.728879669009,2310.1668144993528,2344.85400390625,90400,0.0,0.0
2021-10-29 00:00:00+09:00,2344.854165860922,2354.104083674969,2321.7293713258045,2335.604248046875,67200,0.0,0.0
2021-11-01 00:00:00+09:00,2372.603845519434,2409.603515625,2358.7289692298464,2409.603515625,110400,0.0,0.0
2021-11-02 00:00:00+09:00,2377.228801008798,2404.978553549757,2367.9788834951455,2381.853759765625,101000,0.0,0.0
2021-11-04 00:00:00+09:00,2423.478229938456,2437.353105300699,2381.853603851727,2418.853271484375,127600,0.0,0.0
2021-11-05 00:00:00+09:00,2418.8535960643967,2432.7284732884755,2395.728800690932,2400.353759765625,64800,0.0,0.0
2021-11-08 00:00:00+09:00,2418.8533878549065,2418.8533878549065,2372.603801089038,2377.228759765625,89400,0.0,0.0
2021-11-09 00:00:00+09:00,2354.103975878021,2358.728934573263,2289.3545541446374,2296.2919921875,140200,0.0,0.0
2021-11-10 00:00:00+09:00,2296.2922571989934,2330.979451416501,2280.1048998974898,2326.3544921875,99800,0.0,0.0
2021-11-11 00:00:00+09:00,2312.479293793146,2358.728879669009,2312.479293793146,2344.85400390625,115400,0.0,0.0
2021-11-12 00:00:00+09:00,2391.1036883636934,2418.8534410332913,2132.1059967807787,2300.9169921875,737400,0.0,0.0
2021-11-15 00:00:00+09:00,2335.6040242128424,2451.2279858075376,2321.729148821479,2446.60302734375,326800,0.0,0.0
2021-11-16 00:00:00+09:00,2478.9781491850376,2497.477986119254,2423.4786383823875,2465.103271484375,223800,0.0,0.0
2021-11-17 00:00:00+09:00,2483.6026950540527,2492.852611981628,2414.2283180972354,2446.60302734375,112200,0.0,0.0
2021-11-18 00:00:00+09:00,2400.3536390984195,2432.728350993774,2344.8541329920977,2414.228515625,169800,0.0,0.0
2021-11-19 00:00:00+09:00,2423.4782399970795,2492.8526170962323,2414.2283230505254,2474.352783203125,116600,0.0,0.0
2021-11-22 00:00:00+09:00,2469.727861512382,2474.3528200545397,2432.7281931751177,2451.22802734375,69800,0.0,0.0
2021-11-24 00:00:00+09:00,2441.9781387061403,2441.9781387061403,2367.978801169591,2372.603759765625,92000,0.0,0.0
2021-11-25 00:00:00+09:00,2372.603919303063,2404.9786316522277,2330.9792891398515,2335.604248046875,93000,0.0,0.0
2021-11-26 00:00:00+09:00,2367.979124748491,2367.979124748491,2263.917542117942,2298.604736328125,281400,0.0,0.0
2021-11-29 00:00:00+09:00,2266.2296948891235,2307.854321938107,2236.167464242635,2261.604736328125,123600,0.0,0.0
2021-11-30 00:00:00+09:00,2293.9795654296877,2310.1669212341308,2217.66774520874,2219.980224609375,270800,0.0,0.0
2021-12-01 00:00:00+09:00,2215.355407395288,2229.230284685864,2187.605652814136,2208.41796875,229000,0.0,0.0
2021-12-02 00:00:00+09:00,2185.293048219467,2196.8554452999933,2164.4807334745196,2166.793212890625,196600,0.0,0.0
2021-12-03 00:00:00+09:00,2194.5429512023925,2222.29270401001,2164.4807189941407,2219.980224609375,120200,0.0,0.0
2021-12-06 00:00:00+09:00,2238.4798286848,2238.4798286848,2185.2928079619173,2194.542724609375,77200,0.0,0.0
2021-12-07 00:00:00+09:00,2219.9804289714866,2275.479939695774,2210.730510517439,2270.85498046875,147000,0.0,0.0
2021-12-08 00:00:00+09:00,2303.229654619771,2363.3541235154676,2289.3547771823023,2293.979736328125,254200,0.0,0.0
2021-12-09 00:00:00+09:00,2305.5418103027346,2321.7291650390625,2266.229663085938,2312.479248046875,162000,0.0,0.0
2021-12-10 00:00:00+09:00,2300.917027817478,2300.917027817478,2238.480083344039,2250.04248046875,115200,0.0,0.0
2021-12-13 00:00:00+09:00,2293.979592322335,2310.166948316545,2261.604880333915,2277.792236328125,116600,0.0,0.0
2021-12-14 00:00:00+09:00,2289.3545920293427,2300.916988958784,2268.5422775563484,2273.167236328125,143200,0.0,0.0
2021-12-15 00:00:00+09:00,2282.41737853631,2300.9172154444054,2263.917541628214,2270.85498046875,103200,0.0,0.0
2021-12-16 00:00:00+09:00,2303.22934225467,2303.22934225467,2256.9797570688334,2259.292236328125,213800,0.0,0.0
2021-12-17 00:00:00+09:00,2266.229956132357,2266.229956132357,2164.480856061108,2180.668212890625,220000,0.0,0.0
2021-12-20 00:00:00+09:00,2166.793100768774,2166.793100768774,2090.4812839860956,2099.731201171875,173200,0.0,0.0
2021-12-21 00:00:00+09:00,2132.105911322102,2141.355828507881,2088.168804689651,2099.731201171875,191000,0.0,0.0
2021-12-22 00:00:00+09:00,2129.7935364504897,2129.7935364504897,2085.8564276637803,2111.293701171875,151400,0.0,0.0
2021-12-23 00:00:00+09:00,2122.8563232421875,2162.1684773763022,2111.293924967448,2136.731201171875,175200,0.0,0.0
2021-12-24 00:00:00+09:00,2125.1685395576583,2155.230771346831,2115.918622084067,2134.41845703125,97400,0.0,0.0
2021-12-27 00:00:00+09:00,2111.2939043055653,2115.9188635701994,2069.6692709238564,2078.919189453125,100600,0.0,0.0
2021-12-28 00:00:00+09:00,2083.543948253953,2122.8560982210092,2074.294030614646,2111.293701171875,176400,0.0,0.0
2021-12-29 00:00:00+09:00,2111.2937217395206,2120.543639468938,2088.168927415977,2113.606201171875,86600,0.0,0.0
2021-12-30 00:00:00+09:00,2104.3561181748414,2134.418348434482,2078.918846416684,2095.106201171875,168800,0.0,0.0
2022-01-04 00:00:00+09:00,2127.480920278898,2152.918192151798,2083.5438143166166,2150.605712890625,277600,0.0,0.0
2022-01-05 00:00:00+09:00,2173.730370784385,2289.3543266771712,2136.730704898693,2189.917724609375,399600,0.0,0.0
2022-01-06 00:00:00+09:00,2157.5432649739582,2166.7931825086803,2078.9189659288195,2081.2314453125,207000,0.0,0.0
2022-01-07 00:00:00+09:00,2113.6063424304975,2157.5434545816784,2062.7317915186036,2074.294189453125,229600,0.0,0.0
2022-01-11 00:00:00+09:00,2062.7317480356633,2062.7317480356633,1997.982320967279,2014.169677734375,105600,0.0,0.0
2022-01-12 00:00:00+09:00,2037.2942199033355,2120.5434729300323,2018.794385897403,2095.106201171875,130600,0.0,0.0
2022-01-13 00:00:00+09:00,2102.0437564334356,2113.6061533335096,2053.481689453125,2053.481689453125,77800,0.0,0.0
2022-01-14 00:00:00+09:00,2058.1068323447953,2083.544107800742,2016.4821997805184,2074.294189453125,248400,0.0,0.0
2022-01-17 00:00:00+09:00,2076.6064798712187,2090.48135612871,2014.1695367125074,2025.73193359375,135600,0.0,0.0
2022-01-18 00:00:00+09:00,2025.7319368929477,2085.856400773332,2004.9196224728148,2053.481689453125,271800,0.0,0.0
2022-01-19 00:00:00+09:00,2021.1070272247423,2046.5443010227655,1926.2953703412018,1935.5452880859375,233800,0.0,0.0
2022-01-20 00:00:00+09:00,1933.232691033569,1974.8573183524734,1919.3578152606008,1963.294921875,161000,0.0,0.0
2022-01-21 00:00:00+09:00,1905.4830958078812,1944.7952470563448,1891.6082188966589,1940.1702880859375,138400,0.0,0.0
2022-01-24 00:00:00+09:00,1907.795513107116,1921.670389566077,1889.2956778285015,1919.35791015625,181400,0.0,0.0
2022-01-25 00:00:00+09:00,1910.1079880286907,1933.2327820726216,1863.8583999408288,1877.7332763671875,201400,0.0,0.0
2022-01-26 00:00:00+09:00,1884.6707175541849,1921.670388082856,1882.358238146143,1905.4830322265625,235400,0.0,0.0
2022-01-27 00:00:00+09:00,2141.3557952915658,2141.3557952915658,1956.357454445642,2028.0443115234375,966800,0.0,0.0
2022-01-28 00:00:00+09:00,2030.3567437694633,2032.6692229764901,1947.1074923165013,1995.6695556640625,385600,0.0,0.0
2022-01-31 00:00:00+09:00,1993.3571226148267,2048.856624868604,1993.3571226148267,2028.0443115234375,204600,0.0,0.0
2022-02-01 00:00:00+09:00,2037.2943704587606,2053.481726410192,2000.294699712631,2016.4820556640625,192200,0.0,0.0
2022-02-02 00:00:00+09:00,2011.8572406067099,2081.2316282138377,2011.8572406067099,2074.294189453125,175400,0.0,0.0
2022-02-03 00:00:00+09:00,2055.794062650326,2065.043979692622,2021.1068737417152,2028.0443115234375,126400,0.0,0.0
2022-02-04 00:00:00+09:00,2011.8570556640625,2030.3568906586747,1972.544906300512,2011.8570556640625,138200,0.0,0.0
2022-02-07 00:00:00+09:00,2000.2947607421875,2039.606912109375,1997.98228125,2023.4195556640625,116400,0.0,0.0
2022-02-08 00:00:00+09:00,2007.2322391199054,2030.3570345014712,1977.17000512387,2014.169677734375,157600,0.0,0.0
2022-02-09 00:00:00+09:00,2032.6694184364608,2092.7938836006792,2025.7319801482818,2085.8564453125,144600,0.0,0.0
2022-02-10 00:00:00+09:00,2118.2310809551245,2134.4184363772706,2092.793808148895,2132.10595703125,154200,0.0,0.0
2022-02-14 00:00:00+09:00,2067.356491021648,2132.105911322102,2048.8566566500895,2099.731201171875,286800,0.0,0.0
2022-02-15 00:00:00+09:00,2132.1061159684355,2132.1061159684355,2058.106771379509,2067.356689453125,148800,0.0,0.0
2022-02-16 00:00:00+09:00,2132.1058788012433,2162.168109196489,2095.10621062248,2150.605712890625,179400,0.0,0.0
2022-02-17 00:00:00+09:00,2145.980787100771,2145.980787100771,2076.606408207427,2099.731201171875,83600,0.0,0.0
2022-02-18 00:00:00+09:00,2067.356771548764,2120.5438025841345,2051.1694142771294,2104.3564453125,139600,0.0,0.0
2022-02-21 00:00:00+09:00,2081.231330422794,2141.3557910794525,2060.419017118566,2122.85595703125,98000,0.0,0.0
2022-02-22 00:00:00+09:00,2090.481404171286,2099.731321888858,2062.73165101857,2085.8564453125,109800,0.0,0.0
2022-02-24 00:00:00+09:00,2053.481913497636,2134.4187006287366,2048.856954233002,2078.919189453125,388600,0.0,0.0
2022-02-25 00:00:00+09:00,2078.9191486269333,2088.1690669745503,2011.8572406067099,2074.294189453125,229200,0.0,0.0
2022-02-28 00:00:00+09:00,2076.6066899896978,2111.2938841432006,2058.10685310783,2104.3564453125,120200,0.0,0.0
2022-03-01 00:00:00+09:00,2127.480977707655,2162.1681675615837,2120.5435397368688,2129.79345703125,177600,0.0,0.0
2022-03-02 00:00:00+09:00,2071.9816239930956,2090.4814599216056,2009.5446777343752,2009.544677734375,201800,0.0,0.0
2022-03-03 00:00:00+09:00,2032.669616699219,2065.0443318684897,2021.1072184244792,2039.6070556640625,173400,0.0,0.0
2022-03-04 00:00:00+09:00,2016.481945671378,2018.7944249668728,1947.107566806537,1963.294921875,132800,0.0,0.0
2022-03-07 00:00:00+09:00,1903.1705272224378,1903.1705272224378,1808.358872767857,1861.5458984375,182000,0.0,0.0
2022-03-08 00:00:00+09:00,1829.1713040360414,1873.1084150053016,1787.5466725914791,1806.0465087890625,172400,0.0,0.0
2022-03-09 00:00:00+09:00,1826.858741239845,1840.7336177555906,1782.9216322733168,1796.7965087890625,110000,0.0,0.0
2022-03-10 00:00:00+09:00,1893.920694288008,1896.2331737682132,1863.858461045341,1884.6707763671875,107000,0.0,0.0
2022-03-11 00:00:00+09:00,1829.1711980646305,1849.9835125811687,1762.1092957335632,1780.609130859375,123800,0.0,0.0
2022-03-14 00:00:00+09:00,1799.1090259526939,1810.6714232917216,1743.6095187253613,1759.796875,162200,0.0,0.0
2022-03-15 00:00:00+09:00,1762.109321565448,1845.3585808520047,1762.109321565448,1838.421142578125,126800,0.0,0.0
2022-03-16 00:00:00+09:00,1868.4833525836768,1868.4833525836768,1801.4214500775797,1822.2337646484375,143200,0.0,0.0
2022-03-17 00:00:00+09:00,1884.6707145803666,1898.5455910067253,1852.2960029188635,1877.7332763671875,149400,0.0,0.0
2022-03-18 00:00:00+09:00,1868.4834385202892,1889.2957540483617,1845.3586434890974,1859.2335205078125,174000,0.0,0.0
2022-03-22 00:00:00+09:00,1875.4208161497056,1882.3582544338599,1840.7336247289343,1866.1708984375,166600,0.0,0.0
2022-03-23 00:00:00+09:00,1930.9202709152908,1979.4823376089687,1917.045394717097,1956.3575439453125,214600,0.0,0.0
2022-03-24 00:00:00+09:00,1933.232893898895,2023.4195958870014,1930.9204143607385,2014.169677734375,196200,0.0,0.0
2022-03-25 00:00:00+09:00,2044.2317686037386,2053.481686108733,2009.5445779600102,2025.73193359375,184400,0.0,0.0
2022-03-28 00:00:00+09:00,2025.7319335937502,2055.7941654849815,2002.6071398312645,2025.73193359375,108600,0.0,0.0
2022-03-29 00:00:00+09:00,2025.7318874694624,2145.980812296417,2025.7318874694624,2129.79345703125,317000,0.0,0.0
2022-03-30 00:00:00+09:00,2157.543010528075,2182.980280748663,2120.543344752674,2162.16796875,222600,0.0,0.0
2022-03-31 00:00:00+09:00,2148.293455167581,2176.043209163287,2120.543701171875,2120.543701171875,138600,0.0,0.0
2022-04-01 00:00:00+09:00,2088.1690880408655,2120.5438025841345,2055.794373497596,2104.3564453125,102000,0.0,0.0
2022-04-04 00:00:00+09:00,2102.0438469196188,2145.98095703125,2074.294093164904,2145.98095703125,106400,0.0,0.0
2022-04-05 00:00:00+09:00,2171.418088857767,2173.730568185624,2134.4184196120545,2157.543212890625,112200,0.0,0.0
2022-04-06 00:00:00+09:00,2134.4183949346125,2136.7308742357336,2092.7937675144362,2127.48095703125,109200,0.0,0.0
2022-04-07 00:00:00+09:00,2122.8561011402026,2143.6684158572634,2104.3562658361484,2139.04345703125,130000,0.0,0.0
2022-04-08 00:00:00+09:00,2122.8560774953744,2143.6683919806233,2095.106324848376,2108.981201171875,147200,0.0,0.0
2022-04-11 00:00:00+09:00,2141.355837056565,2192.2303817814513,2115.9185646941223,2155.230712890625,224000,0.0,0.0
2022-04-12 00:00:00+09:00,2143.668475421756,2164.4807907171125,2106.6688037855656,2118.231201171875,184000,0.0,0.0
2022-04-13 00:00:00+09:00,2139.043361857786,2192.230385990466,2125.168485997087,2182.98046875,221600,0.0,0.0
2022-04-14 00:00:00+09:00,2176.0433961262324,2180.668355522888,2152.918599142957,2169.10595703125,83600,0.0,0.0
2022-04-15 00:00:00+09:00,2127.4809612225054,2166.793109419008,2108.9811267770924,2155.230712890625,126600,0.0,0.0
2022-04-18 00:00:00+09:00,2122.8560066869704,2189.9179066803495,2118.231048066737,2182.98046875,124200,0.0,0.0
2022-04-19 00:00:00+09:00,2194.5428694082602,2236.1674970682693,2189.9179107793702,2210.730224609375,150000,0.0,0.0
2022-04-20 00:00:00+09:00,2210.730407266527,2240.7926408381427,2192.2305712224556,2203.79296875,234800,0.0,0.0
2022-04-21 00:00:00+09:00,2203.793010912859,2247.7301223581308,2199.168051813356,2236.167724609375,219200,0.0,0.0
2022-04-22 00:00:00+09:00,2236.167521788732,2261.604794528831,2226.917604428696,2240.79248046875,210400,0.0,0.0
2022-04-25 00:00:00+09:00,2176.043212890625,2206.105446437467,2164.480815372609,2176.043212890625,203800,0.0,0.0
2022-04-26 00:00:00+09:00,2203.793031046213,2243.10518375113,2185.2931944791935,2238.480224609375,158000,0.0,0.0
2022-04-27 00:00:00+09:00,2173.730555578256,2222.2926211815998,2159.855679691586,2210.730224609375,288800,0.0,0.0
2022-04-28 00:00:00+09:00,2113.6062697336465,2236.1676836241095,2069.669159093669,2231.542724609375,434200,0.0,0.0
2022-05-02 00:00:00+09:00,2263.91748046875,2298.604673734359,2240.792684958344,2263.91748046875,227800,0.0,0.0
2022-05-06 00:00:00+09:00,2296.2920661156186,2296.2920661156186,2222.292724609375,2222.292724609375,172000,0.0,0.0
2022-05-09 00:00:00+09:00,2206.105448255509,2224.6052842995805,2157.5433786398216,2203.79296875,144600,0.0,0.0
2022-05-10 00:00:00+09:00,2171.418212890625,2185.2930896503094,2129.7935826115713,2171.418212890625,181400,0.0,0.0
2022-05-11 00:00:00+09:00,2139.043332702836,2173.730521881801,2120.5434984740546,2125.16845703125,132600,0.0,0.0
2022-05-12 00:00:00+09:00,2132.105740307487,2192.2301971925135,2118.2308656417113,2162.16796875,248200,0.0,0.0
2022-05-13 00:00:00+09:00,2169.1056979017626,2243.1050394080057,2164.480739057622,2222.292724609375,158600,0.0,0.0
2022-05-16 00:00:00+09:00,2222.292655340354,2222.292655340354,2125.168522640776,2159.855712890625,223800,0.0,0.0
2022-05-17 00:00:00+09:00,2169.1058565177636,2217.6679279323407,2169.1058565177636,2213.04296875,118200,0.0,0.0
2022-05-18 00:00:00+09:00,2210.730407266527,2226.917763805089,2182.98065320042,2203.79296875,120000,0.0,0.0
2022-05-19 00:00:00+09:00,2173.7304931640624,2330.97908203125,2162.168096923828,2312.479248046875,390000,0.0,0.0
2022-05-20 00:00:00+09:00,2305.541868023146,2312.4793059409685,2263.9172405162085,2291.6669921875,201400,0.0,0.0
2022-05-23 00:00:00+09:00,2305.5418103027346,2321.7291650390625,2277.792059326172,2312.479248046875,147200,0.0,0.0
2022-05-24 00:00:00+09:00,2296.2918782214406,2296.2918782214406,2226.9175012358987,2229.22998046875,154000,0.0,0.0
2022-05-25 00:00:00+09:00,2196.8553403928045,2206.105257615511,2148.293274973595,2155.230712890625,233400,0.0,0.0
2022-05-26 00:00:00+09:00,2178.355648892597,2189.9180461797127,2118.2311829995956,2143.66845703125,169200,0.0,0.0
2022-05-27 00:00:00+09:00,2159.855771748311,2159.855771748311,2092.793868771115,2139.04345703125,188600,0.0,0.0
2022-05-30 00:00:00+09:00,2203.7928515826147,2247.729959851313,2199.1678928174883,2245.41748046875,188600,0.0,0.0
2022-05-31 00:00:00+09:00,2215.3553883807263,2245.4176222522806,2196.855552152077,2233.855224609375,241000,0.0,0.0
2022-06-01 00:00:00+09:00,2233.855245059624,2238.480204159126,2208.417970012361,2236.167724609375,108400,0.0,0.0
2022-06-02 00:00:00+09:00,2236.1675804138185,2236.1675804138185,2199.167910003662,2219.980224609375,101800,0.0,0.0
2022-06-03 00:00:00+09:00,2245.4174143260493,2245.4174143260493,2203.7927866660402,2210.730224609375,129400,0.0,0.0
2022-06-06 00:00:00+09:00,2178.355673910189,2217.6678251378676,2173.7307149422268,2201.48046875,96400,0.0,0.0
2022-06-07 00:00:00+09:00,2229.2301279962485,2284.729633257566,2208.4178135232546,2273.167236328125,102000,0.0,0.0
2022-06-08 00:00:00+09:00,2300.9172566731772,2367.979166666667,2300.9172566731772,2358.729248046875,180800,0.0,0.0
2022-06-09 00:00:00+09:00,2358.7289250592776,2409.6034705017328,2344.8540490295172,2377.228759765625,153800,0.0,0.0
2022-06-10 00:00:00+09:00,2377.228801008798,2400.353594792931,2358.728965981493,2381.853759765625,106200,0.0,0.0
2022-06-13 00:00:00+09:00,2335.6040454005065,2358.7288379292245,2317.104211377532,2340.22900390625,125000,0.0,0.0
2022-06-14 00:00:00+09:00,2300.916893020599,2317.104248046875,2259.2922658101766,2317.104248046875,202800,0.0,0.0
2022-06-15 00:00:00+09:00,2330.9791653697707,2349.4790000155626,2310.166851393255,2321.729248046875,118600,0.0,0.0
2022-06-16 00:00:00+09:00,2367.979166666667,2381.8540445963545,2344.8543701171875,2358.729248046875,77800,0.0,0.0
2022-06-17 00:00:00+09:00,2268.542178622159,2303.2293678977276,2250.0423443418563,2289.3544921875,139800,0.0,0.0
2022-06-20 00:00:00+09:00,2335.6041373001085,2335.6041373001085,2233.8550461702025,2268.542236328125,168000,0.0,0.0
2022-06-21 00:00:00+09:00,2335.6041278989296,2363.3538799135704,2310.166855218842,2349.47900390625,100800,0.0,0.0
2022-06-22 00:00:00+09:00,2391.103963216146,2395.728922526042,2344.8543701171875,2358.729248046875,115000,0.0,0.0
2022-06-23 00:00:00+09:00,2349.4791271709882,2381.853839553266,2344.8541682592345,2363.35400390625,125000,0.0,0.0
2022-06-24 00:00:00+09:00,2363.3540885416664,2432.728474702381,2363.3540885416664,2428.103515625,143400,0.0,0.0
2022-06-27 00:00:00+09:00,2455.852902499112,2455.852902499112,2391.103485107422,2441.97802734375,124800,0.0,0.0
2022-06-28 00:00:00+09:00,2418.8532815238023,2474.352783203125,2395.728489157418,2474.352783203125,158400,0.0,0.0
2022-06-29 00:00:00+09:00,2469.727824729848,2483.6027001496786,2446.6030323634636,2474.352783203125,101200,0.0,0.0
2022-06-30 00:00:00+09:00,2478.978066884416,2502.1028622844574,2455.853271484375,2455.853271484375,193000,0.0,0.0
2022-07-01 00:00:00+09:00,2441.978268678161,2474.352980573515,2409.6035567828067,2414.228515625,160600,0.0,0.0
2022-07-04 00:00:00+09:00,2465.1032297112642,2474.3531480216257,2418.853638159458,2432.728515625,105000,0.0,0.0
2022-07-05 00:00:00+09:00,2446.6033533243585,2465.1031896443915,2432.7284760843336,2455.853271484375,78000,0.0,0.0
2022-07-06 00:00:00+09:00,2441.9783516221373,2451.228269620706,2409.6036386271467,2423.478515625,91600,0.0,0.0
2022-07-07 00:00:00+09:00,2432.728556849496,2474.3531899514833,2432.728556849496,2465.103271484375,83600,0.0,0.0
2022-07-08 00:00:00+09:00,2474.352824652373,2515.977451609142,2460.4779490001165,2478.977783203125,182600,0.0,0.0
2022-07-11 00:00:00+09:00,2534.477618930065,2543.7275372473277,2478.978109026487,2488.22802734375,143800,0.0,0.0
2022-07-12 00:00:00+09:00,2488.2277418310637,2506.727576342819,2465.10294869137,2483.602783203125,143800,0.0,0.0
2022-07-13 00:00:00+09:00,2469.728190709224,2515.977782295539,2469.728190709224,2488.22802734375,105600,0.0,0.0
2022-07-14 00:00:00+09:00,2460.4779940722838,2525.2274149689224,2455.8530354368095,2511.3525390625,144200,0.0,0.0
2022-07-15 00:00:00+09:00,2502.1026217915514,2539.1022908753453,2465.1029527077576,2511.3525390625,123600,0.0,0.0
2022-07-19 00:00:00+09:00,2525.227663112331,2585.3521312816724,2502.1028676625842,2566.852294921875,227000,0.0,0.0
2022-07-20 00:00:00+09:00,2603.8516454646015,2617.726521017699,2562.2270188053094,2613.1015625,292600,0.0,0.0
2022-07-21 00:00:00+09:00,2594.601640081491,2613.1014735223575,2571.4768482804084,2576.101806640625,134000,0.0,0.0
2022-07-22 00:00:00+09:00,2576.1022558077957,2640.851684140487,2571.477296641175,2626.976806640625,195800,0.0,0.0
2022-07-25 00:00:00+09:00,2631.601524645443,2677.851112073307,2608.476730931511,2654.726318359375,191800,0.0,0.0
2022-07-26 00:00:00+09:00,2659.351479397459,2668.6013975866676,2622.351806640625,2622.351806640625,161600,0.0,0.0
2022-07-27 00:00:00+09:00,2594.6018408203126,2594.6018408203126,2529.852418767756,2543.727294921875,369000,0.0,0.0
2022-07-28 00:00:00+09:00,2580.727003297018,2589.9769208715597,2441.978239678899,2520.6025390625,624400,0.0,0.0
2022-07-29 00:00:00+09:00,2580.7272149744167,2645.476643307108,2566.852337474554,2626.976806640625,368200,0.0,0.0
2022-08-01 00:00:00+09:00,2650.1012769579056,2659.3511941549664,2622.3515253667233,2645.476318359375,169800,0.0,0.0
2022-08-02 00:00:00+09:00,2622.351807918848,2668.6013988874342,2608.476930628272,2650.1015625,119600,0.0,0.0
2022-08-03 00:00:00+09:00,2687.101239044654,2756.4756255948605,2663.9764435279185,2733.350830078125,276400,0.0,0.0
2022-08-04 00:00:00+09:00,2770.350419722915,2770.350419722915,2705.600994220209,2724.100830078125,126400,0.0,0.0
2022-08-05 00:00:00+09:00,2714.8509141938025,2756.4755449054624,2710.2259552258406,2751.8505859375,145200,0.0,0.0
2022-08-08 00:00:00+09:00,2705.600992140598,2705.600992140598,2659.351402531357,2696.35107421875,186800,0.0,0.0
2022-08-09 00:00:00+09:00,2668.6010695155155,2668.6010695155155,2626.9764427813047,2640.851318359375,160600,0.0,0.0
2022-08-10 00:00:00+09:00,2613.1015672032345,2645.4762768853984,2594.601733099141,2640.851318359375,99200,0.0,0.0
2022-08-12 00:00:00+09:00,2677.8512362739652,2677.8512362739652,2636.226605658308,2668.601318359375,177600,0.0,0.0
2022-08-15 00:00:00+09:00,2677.8513170811516,2677.8513170811516,2636.226685209424,2650.1015625,157800,0.0,0.0
2022-08-16 00:00:00+09:00,2645.4766034031413,2659.3514806937173,2626.9767670157066,2650.1015625,199000,0.0,0.0
2022-08-17 00:00:00+09:00,2696.3510721031466,2714.8509079323276,2654.726441487489,2668.601318359375,147600,0.0,0.0
2022-08-18 00:00:00+09:00,2673.226115541343,2682.4760328961574,2645.4763634769,2677.85107421875,115800,0.0,0.0
2022-08-19 00:00:00+09:00,2668.6012329745167,2682.4761094024607,2622.3516448813707,2631.6015625,248400,0.0,0.0
2022-08-22 00:00:00+09:00,2608.476929356812,2650.1015612082506,2589.977092978395,2622.351806640625,164200,0.0,0.0
2022-08-23 00:00:00+09:00,2585.3520882042653,2594.6020062300413,2534.4775390625,2534.4775390625,158200,0.0,0.0
2022-08-24 00:00:00+09:00,2506.7277009186923,2543.7273717809608,2497.477783203125,2497.477783203125,112000,0.0,0.0
2022-08-25 00:00:00+09:00,2520.602501331676,2543.727294921875,2506.727625177557,2543.727294921875,92000,0.0,0.0
2022-08-26 00:00:00+09:00,2562.2272966657365,2603.8519278390067,2562.2272966657365,2589.97705078125,97000,0.0,0.0
2022-08-29 00:00:00+09:00,2497.477704216452,2539.1023326200598,2497.477704216452,2515.9775390625,122800,0.0,0.0
2022-08-30 00:00:00+09:00,2557.6023767419765,2585.3521312816724,2529.85262220228,2566.852294921875,133600,0.0,0.0
2022-08-31 00:00:00+09:00,2543.7274994721283,2576.1022131017735,2525.227663112331,2566.852294921875,140000,0.0,0.0
2022-09-01 00:00:00+09:00,2520.6026620238367,2552.977375114051,2520.6026620238367,2534.4775390625,112800,0.0,0.0
2022-09-02 00:00:00+09:00,2534.477456788004,2552.977292239011,2511.3526624742444,2525.2275390625,113200,0.0,0.0
2022-09-05 00:00:00+09:00,2492.8527004590023,2497.477659086941,2465.10294869137,2483.602783203125,137600,0.0,0.0
2022-09-06 00:00:00+09:00,2469.7282307179294,2506.7279045863625,2451.2283937837124,2465.103271484375,110200,0.0,0.0
2022-09-07 00:00:00+09:00,2451.2279441139917,2451.2279441139917,2414.2282770330257,2441.97802734375,190200,0.0,0.0
2022-09-08 00:00:00+09:00,2488.227704825876,2511.352497621656,2469.7278705892527,2506.7275390625,175400,0.0,0.0
2022-09-09 00:00:00+09:00,2488.227865487558,2525.2275363498266,2488.227865487558,2497.477783203125,158400,0.0,0.0
2022-09-12 00:00:00+09:00,2539.1021397588925,2585.351723361058,2506.7274312373765,2576.101806640625,149000,0.0,0.0
2022-09-13 00:00:00+09:00,2562.226931559975,2599.2265984417077,2548.3520564793257,2576.101806640625,91200,0.0,0.0
2022-09-14 00:00:00+09:00,2478.9778693704043,2548.3522500430836,2478.9778693704043,2515.9775390625,102800,0.0,0.0
2022-09-15 00:00:00+09:00,2506.7275804270257,2543.7272495108195,2497.477663156077,2511.3525390625,110200,0.0,0.0
2022-09-16 00:00:00+09:00,2506.7279045863625,2511.352863819917,2460.4783122508206,2465.103271484375,91400,0.0,0.0
2022-09-20 00:00:00+09:00,2474.352824652373,2506.7275345076378,2455.8529904493644,2478.977783203125,94400,0.0,0.0
2022-09-21 00:00:00+09:00,2441.9781147971084,2488.2277003046293,2432.728197695604,2478.977783203125,109400,0.0,0.0
2022-09-22 00:00:00+09:00,2437.3531562463563,2488.2277003046293,2437.3531562463563,2478.977783203125,111200,0.0,0.0
2022-09-26 00:00:00+09:00,2423.478346531493,2437.3532225612535,2372.603801089038,2377.228759765625,208600,0.0,0.0
2022-09-27 00:00:00+09:00,2404.978718840318,2423.4785551390896,2386.478882541546,2400.353759765625,146800,0.0,0.0
2022-09-28 00:00:00+09:00,2395.728594471972,2414.2284291783194,2349.479007706104,2377.228759765625,202800,0.0,0.0
2022-09-29 00:00:00+09:00,2411.2702856960773,2463.278076171875,2401.8143237913864,2463.278076171875,193200,56.0,0.0
2022-09-30 00:00:00+09:00,2453.822206340374,2482.190093118875,2434.9102818213732,2472.734130859375,196200,0.0,0.0
2022-10-03 00:00:00+09:00,2449.0942123875475,2501.1020045424953,2434.9102690725617,2496.3740234375,135000,0.0,0.0
2022-10-04 00:00:00+09:00,2534.1978925092762,2553.109817080241,2505.830005652829,2548.3818359375,154800,0.0,0.0
2022-10-05 00:00:00+09:00,2576.74970963422,2609.8455774643844,2548.3818229226504,2572.021728515625,203000,0.0,0.0
2022-10-06 00:00:00+09:00,2553.109836647727,2619.301573153409,2553.109836647727,2600.3896484375,172200,0.0,0.0
2022-10-07 00:00:00+09:00,2553.1098040412453,2586.20567187141,2524.741917329676,2572.021728515625,156200,0.0,0.0
2022-10-11 00:00:00+09:00,2534.1978925092762,2562.5657793657233,2520.013949081053,2548.3818359375,140600,0.0,0.0
2022-10-12 00:00:00+09:00,2567.293701171875,2586.2056253057376,2553.1097580714777,2567.293701171875,130800,0.0,0.0
2022-10-13 00:00:00+09:00,2567.2936547761474,2567.2936547761474,2534.1977881399907,2562.565673828125,116400,0.0,0.0
2022-10-14 00:00:00+09:00,2619.3014207922897,2633.485363504161,2590.9335353685465,2609.845458984375,133000,0.0,0.0
2022-10-17 00:00:00+09:00,2600.3896755642363,2600.3896755642363,2548.3818820529514,2553.10986328125,122800,0.0,0.0
2022-10-18 00:00:00+09:00,2586.2057182661983,2590.93369946961,2562.56581224914,2576.749755859375,95600,0.0,0.0
2022-10-19 00:00:00+09:00,2600.3896484375,2600.3896484375,2572.0217613636364,2600.3896484375,84600,0.0,0.0
2022-10-20 00:00:00+09:00,2562.5655921436914,2590.93347692757,2524.741745765187,2529.4697265625,172800,0.0,0.0
2022-10-21 00:00:00+09:00,2505.830078125,2543.653928360849,2505.830078125,2505.830078125,93600,0.0,0.0
2022-10-24 00:00:00+09:00,2553.1098498423166,2595.6616806730217,2543.6538874354933,2576.749755859375,115600,0.0,0.0
2022-10-25 00:00:00+09:00,2576.749616672192,2595.6615404642816,2562.565673828125,2562.565673828125,97800,0.0,0.0
2022-10-26 00:00:00+09:00,2572.0216822053408,2595.661587372669,2538.925814971081,2567.293701171875,105600,0.0,0.0
2022-10-27 00:00:00+09:00,2562.5657201384092,2576.7496632388065,2548.381777038012,2567.293701171875,99000,0.0,0.0
2022-10-28 00:00:00+09:00,2538.925965370841,2581.4777971926987,2520.0140401166823,2557.837890625,331800,0.0,0.0
2022-10-31 00:00:00+09:00,2600.3896021886385,2609.8455643784155,2557.8377723346425,2595.66162109375,162400,0.0,0.0
2022-11-01 00:00:00+09:00,2576.749801915207,2595.6617270668785,2562.5658580514537,2581.477783203125,89800,0.0,0.0
2022-11-02 00:00:00+09:00,2562.5658580514537,2600.3897083547963,2562.5658580514537,2581.477783203125,107200,0.0,0.0
2022-11-04 00:00:00+09:00,2557.8378445095486,2567.293806966146,2538.925919596354,2553.10986328125,110200,0.0,0.0
2022-11-07 00:00:00+09:00,2567.2937934525517,2586.2057182661983,2538.9259062320816,2576.749755859375,96400,0.0,0.0
2022-11-08 00:00:00+09:00,2572.0217354910715,2666.5813581194197,2572.0217354910715,2647.66943359375,156400,0.0,0.0
2022-11-09 00:00:00+09:00,2671.3092456667227,2685.493188564068,2633.4853979404684,2638.21337890625,93600,0.0,0.0
2022-11-10 00:00:00+09:00,2609.8457174074497,2628.7576428959096,2581.47782917476,2586.205810546875,102400,0.0,0.0
2022-11-11 00:00:00+09:00,2666.5813581194197,2666.5813581194197,2624.029527936663,2647.66943359375,126000,0.0,0.0
2022-11-14 00:00:00+09:00,2647.6693408378137,2661.853283735159,2624.0294360089047,2638.21337890625,155800,0.0,0.0
2022-11-15 00:00:00+09:00,2652.3973683474956,2690.2212167374773,2624.029482055009,2642.94140625,440000,0.0,0.0
2022-11-16 00:00:00+09:00,2671.3094229068397,2794.236936173349,2633.4855726709907,2756.4130859375,531600,0.0,0.0
2022-11-17 00:00:00+09:00,2732.773033196199,2737.50101422249,2628.757450617797,2666.581298828125,277000,0.0,0.0
2022-11-18 00:00:00+09:00,2694.949462890625,2709.133407432155,2676.0375368352525,2694.949462890625,211200,0.0,0.0
2022-11-21 00:00:00+09:00,2713.8611176589443,2742.22900390625,2699.677174535291,2742.22900390625,176400,0.0,0.0
2022-11-22 00:00:00+09:00,2756.41295983356,2780.0528651494565,2709.133149201766,2718.589111328125,202600,0.0,0.0
2022-11-24 00:00:00+09:00,2671.3092798544158,2694.949184985871,2657.125336775543,2666.581298828125,178800,0.0,0.0
2022-11-25 00:00:00+09:00,2657.1252090124776,2661.853189811432,2619.301362620841,2628.75732421875,154800,0.0,0.0
2022-11-28 00:00:00+09:00,2600.3896021886385,2609.8455643784155,2581.477677809085,2595.66162109375,138200,0.0,0.0
2022-11-29 00:00:00+09:00,2576.749769422743,2581.477750651042,2553.10986328125,2553.10986328125,88400,0.0,0.0
2022-11-30 00:00:00+09:00,2553.1097786693367,2638.2134379583144,2553.1097786693367,2619.301513671875,249000,0.0,0.0
2022-12-01 00:00:00+09:00,2647.6692942100535,2647.6692942100535,2609.8454471499103,2633.4853515625,152000,0.0,0.0
2022-12-02 00:00:00+09:00,2619.3014925399975,2619.3014925399975,2553.1097580714777,2567.293701171875,155800,0.0,0.0
2022-12-05 00:00:00+09:00,2567.293701171875,2581.477644272272,2548.381777038012,2567.293701171875,91000,0.0,0.0
2022-12-06 00:00:00+09:00,2553.1097580714777,2576.7496632388065,2548.381777038012,2567.293701171875,88000,0.0,0.0
2022-12-07 00:00:00+09:00,2553.109895475618,2600.3897083547963,2548.3819141877,2581.477783203125,120200,0.0,0.0
2022-12-08 00:00:00+09:00,2600.3898008026345,2600.3898008026345,2557.8379676985915,2590.933837890625,152600,0.0,0.0
2022-12-09 00:00:00+09:00,2576.7497294657937,2642.9414656355575,2576.7497294657937,2624.029541015625,145800,0.0,0.0
2022-12-12 00:00:00+09:00,2624.029494743485,2661.853343316364,2614.573532600265,2619.301513671875,144000,0.0,0.0
2022-12-13 00:00:00+09:00,2624.029426152416,2642.9413499445054,2562.565673828125,2562.565673828125,141200,0.0,0.0
2022-12-14 00:00:00+09:00,2581.4778749786155,2595.6618193466297,2572.0219120666056,2590.933837890625,59600,0.0,0.0
2022-12-15 00:00:00+09:00,2590.9336399988615,2619.3015265681925,2586.2056589039735,2595.66162109375,42400,0.0,0.0
2022-12-16 00:00:00+09:00,2567.2936547761474,2590.9335595162593,2562.565673828125,2562.565673828125,111200,0.0,0.0
2022-12-19 00:00:00+09:00,2553.1098498423166,2590.93369946961,2543.6538874354933,2576.749755859375,72000,0.0,0.0
2022-12-20 00:00:00+09:00,2590.933803543845,2590.933803543845,2468.0062873173124,2486.918212890625,185400,0.0,0.0
2022-12-21 00:00:00+09:00,2510.5579932960304,2524.7419367609796,2425.4543325063346,2449.09423828125,265000,0.0,0.0
2022-12-22 00:00:00+09:00,2453.8220328839375,2453.8220328839375,2415.998186519638,2430.18212890625,100800,0.0,0.0
2022-12-23 00:00:00+09:00,2430.1823541174826,2430.1823541174826,2373.4465793131835,2378.174560546875,166600,0.0,0.0
2022-12-26 00:00:00+09:00,2387.63041741292,2397.08637946208,2337.9866166548295,2392.3583984375,146800,0.0,0.0
2022-12-27 00:00:00+09:00,2406.542494516524,2420.7264384920636,2368.7186439150855,2382.902587890625,69400,0.0,0.0
2022-12-28 00:00:00+09:00,2401.814368938578,2472.734084556843,2378.174463732489,2468.006103515625,171400,0.0,0.0
2022-12-29 00:00:00+09:00,2439.6382427215576,2449.094204902649,2397.0864129066467,2420.726318359375,163200,0.0,0.0
2022-12-30 00:00:00+09:00,2439.6380436769005,2458.549966496101,2411.2701594480995,2425.4541015625,69600,0.0,0.0
2023-01-04 00:00:00+09:00,2411.270156488186,2411.270156488186,2321.4385232072536,2326.16650390625,151800,0.0,0.0
2023-01-05 00:00:00+09:00,2304.8909321919577,2363.990699684059,2300.1629507925895,2361.626708984375,190600,0.0,0.0
2023-01-06 00:00:00+09:00,2337.9867564118135,2378.174597523038,2335.622765758212,2356.898681640625,65400,0.0,0.0
2023-01-10 00:00:00+09:00,2382.9026252815315,2387.6306066808997,2352.1707461856386,2361.626708984375,95800,0.0,0.0
2023-01-11 00:00:00+09:00,2354.5346861953585,2420.726424361493,2354.5346861953585,2406.54248046875,76600,0.0,0.0
2023-01-12 00:00:00+09:00,2420.7261208576997,2439.6380436769005,2401.814198038499,2425.4541015625,88400,0.0,0.0
2023-01-13 00:00:00+09:00,2406.5423290155636,2430.182234015717,2406.5423290155636,2415.998291015625,111600,0.0,0.0
2023-01-16 00:00:00+09:00,2387.6304899710763,2387.6304899710763,2345.0786594567403,2349.806640625,128600,0.0,0.0
2023-01-17 00:00:00+09:00,2330.8947159519616,2354.5346217932597,2330.8947159519616,2349.806640625,131000,0.0,0.0
2023-01-18 00:00:00+09:00,2373.4464499303535,2453.8221265216207,2373.4464499303535,2439.63818359375,144400,0.0,0.0
2023-01-19 00:00:00+09:00,2434.910335351174,2434.910335351174,2373.4465793131835,2378.174560546875,74200,0.0,0.0
2023-01-20 00:00:00+09:00,2406.542494516524,2406.542494516524,2378.174606565445,2382.902587890625,32600,0.0,0.0
2023-01-23 00:00:00+09:00,2411.2702057241004,2439.638090497325,2406.542224928563,2430.18212890625,61400,0.0,0.0
2023-01-24 00:00:00+09:00,2458.5503698707303,2496.3742217148956,2453.8223883902097,2491.646240234375,87800,0.0,0.0
2023-01-25 00:00:00+09:00,2453.822206340374,2486.9180742486255,2453.822206340374,2472.734130859375,66000,0.0,0.0
2023-01-26 00:00:00+09:00,2472.7341179125237,2501.1020045424953,2468.0061368075285,2496.3740234375,93400,0.0,0.0
2023-01-27 00:00:00+09:00,2520.014050292969,2520.014050292969,2453.822311636118,2458.55029296875,155400,0.0,0.0
2023-01-30 00:00:00+09:00,2363.9905142375123,2373.4464762944626,2319.074694467,2342.714599609375,613400,0.0,0.0
2023-01-31 00:00:00+09:00,2354.53466796875,2401.814480578564,2337.986733555315,2354.53466796875,265200,0.0,0.0
2023-02-01 00:00:00+09:00,2387.6304507255554,2425.4542994499207,2378.174488544464,2420.726318359375,171200,0.0,0.0
2023-02-02 00:00:00+09:00,2439.638302780512,2444.366283987451,2382.9025282972443,2401.814453125,119400,0.0,0.0
2023-02-03 00:00:00+09:00,2387.630615234375,2392.3585966506807,2368.7186895691525,2387.630615234375,120000,0.0,0.0
2023-02-06 00:00:00+09:00,2406.54234151124,2425.4542656095605,2392.3583984375,2392.3583984375,147400,0.0,0.0
2023-02-07 00:00:00+09:00,2397.0865318661645,2411.270475841704,2382.902587890625,2382.902587890625,65000,0.0,0.0
2023-02-08 00:00:00+09:00,2368.718505859375,2378.174467958614,2363.9905248097552,2368.718505859375,72200,0.0,0.0
2023-02-09 00:00:00+09:00,2349.8065711520876,2354.5345521805625,2328.53065652395,2342.714599609375,130000,0.0,0.0
2023-02-10 00:00:00+09:00,2340.3507926872185,2378.1746438821633,2328.530839188798,2361.626708984375,183400,0.0,0.0
2023-02-13 00:00:00+09:00,2347.4425933557914,2347.4425933557914,2302.526773341934,2319.07470703125,101800,0.0,0.0
2023-02-14 00:00:00+09:00,2347.442764786271,2361.626708984375,2340.3507926872185,2361.626708984375,87800,0.0,0.0
2023-02-15 00:00:00+09:00,2378.1745042445555,2378.1745042445555,2340.350655270487,2347.442626953125,83800,0.0,0.0
2023-02-16 00:00:00+09:00,2368.718481015319,2420.7262720156555,2368.718481015319,2415.998291015625,134000,0.0,0.0
2023-02-17 00:00:00+09:00,2397.0864719180613,2415.998396745817,2378.174547090305,2401.814453125,71600,0.0,0.0
2023-02-20 00:00:00+09:00,2411.2702518203882,2444.3661180218446,2406.5422709344657,2434.91015625,99400,0.0,0.0
2023-02-21 00:00:00+09:00,2453.8221730687865,2458.5501541344297,2439.6382298718568,2444.3662109375,54800,0.0,0.0
2023-02-22 00:00:00+09:00,2444.3662978185575,2444.3662978185575,2378.174560546875,2378.174560546875,104800,0.0,0.0
2023-02-24 00:00:00+09:00,2425.4542994499207,2430.1822805404663,2392.358431816101,2420.726318359375,258000,0.0,0.0
2023-02-27 00:00:00+09:00,2425.4544547773585,2486.918212890625,2411.270510597374,2486.918212890625,183200,0.0,0.0
2023-02-28 00:00:00+09:00,2496.374088541667,2562.5658257378473,2486.9181260850696,2553.10986328125,217200,0.0,0.0
2023-03-01 00:00:00+09:00,2538.9258736520173,2576.749722793947,2534.1978925092762,2548.3818359375,116600,0.0,0.0
2023-03-02 00:00:00+09:00,2562.5655921436914,2562.5655921436914,2515.2857841705604,2529.4697265625,94800,0.0,0.0
2023-03-03 00:00:00+09:00,2538.9259516118645,2590.9337457789607,2524.742007748111,2581.477783203125,116400,0.0,0.0
2023-03-06 00:00:00+09:00,2595.6617270668785,2605.117689642714,2567.2938393393715,2581.477783203125,120000,0.0,0.0
2023-03-07 00:00:00+09:00,2605.117583283527,2628.757488757969,2586.2056589039735,2595.66162109375,111000,0.0,0.0
2023-03-08 00:00:00+09:00,2614.573474077341,2647.6693408378137,2605.1175121457773,2638.21337890625,128600,0.0,0.0
2023-03-09 00:00:00+09:00,2676.0372266325044,2680.7652075982865,2619.3014550431226,2638.21337890625,155600,0.0,0.0
2023-03-10 00:00:00+09:00,2638.213297378346,2666.581182296393,2600.3894508209505,2605.117431640625,173000,0.0,0.0
2023-03-13 00:00:00+09:00,2600.3894971764607,2609.845458984375,2576.749592656675,2609.845458984375,107200,0.0,0.0
2023-03-14 00:00:00+09:00,2548.381777038012,2581.477644272272,2496.3739856698894,2567.293701171875,243800,0.0,0.0
2023-03-15 00:00:00+09:00,2581.47782917476,2600.3897546632197,2557.837922314185,2586.205810546875,86400,0.0,0.0
2023-03-16 00:00:00+09:00,2538.9258275368843,2553.1097707074814,2520.0139033094215,2543.65380859375,127800,0.0,0.0
2023-03-17 00:00:00+09:00,2553.1098498423166,2586.2057182661983,2538.9259062320816,2576.749755859375,105600,0.0,0.0
2023-03-20 00:00:00+09:00,2572.0217881944445,2600.3896755642363,2553.10986328125,2553.10986328125,136400,0.0,0.0
2023-03-22 00:00:00+09:00,2600.3895433643197,2614.573486328125,2586.205600400514,2614.573486328125,95000,0.0,0.0
2023-03-23 00:00:00+09:00,2586.2058564346203,2590.933837890625,2567.293930610601,2590.933837890625,76000,0.0,0.0
2023-03-24 00:00:00+09:00,2576.749801915207,2600.3897083547963,2557.837876763536,2581.477783203125,166800,0.0,0.0
2023-03-27 00:00:00+09:00,2609.845610795455,2609.845610795455,2572.0217613636364,2600.3896484375,143600,0.0,0.0
2023-03-28 00:00:00+09:00,2628.7574758150945,2638.2134379583144,2614.573532600265,2619.301513671875,113400,0.0,0.0
2023-03-29 00:00:00+09:00,2609.845584542411,2647.66943359375,2590.933660016741,2647.66943359375,206800,0.0,0.0
2023-03-30 00:00:00+09:00,2639.1591400758584,2651.4518913553234,2606.0632712465303,2640.104736328125,178300,0.0,2.0
2023-03-31 00:00:00+09:00,2642.941259536798,2675.0915288835786,2607.008605560985,2623.083740234375,234900,0.0,0.0
2023-04-03 00:00:00+09:00,2658.0709194607202,2662.798900462963,2623.083860044126,2655.234130859375,204200,0.0,0.0
2023-04-04 00:00:00+09:00,2678.874029013874,2717.64347313303,2649.560546875,2649.560546875,241000,0.0,0.0
2023-04-05 00:00:00+09:00,2644.832705839598,2644.832705839598,2544.5995035446404,2558.783447265625,219400,0.0,0.0
2023-04-06 00:00:00+09:00,2511.503650028769,2515.2860350438723,2456.659067309767,2465.16943359375,201800,0.0,0.0
2023-04-07 00:00:00+09:00,2454.7676431787377,2463.2780086597113,2426.399758242157,2441.529296875,130400,0.0,0.0
2023-04-10 00:00:00+09:00,2482.190113038238,2489.754882906545,2454.767822265625,2454.767822265625,169800,0.0,0.0
2023-04-11 00:00:00+09:00,2510.5581070540784,2527.5788399832586,2461.3871008142246,2475.571044921875,185300,0.0,0.0
2023-04-12 00:00:00+09:00,2475.570926158313,2489.7548695854994,2467.0605601020006,2478.40771484375,114400,0.0,0.0
2023-04-13 00:00:00+09:00,2458.5501347086215,2470.8428853821647,2439.638210595478,2462.33251953125,148600,0.0,0.0
2023-04-14 00:00:00+09:00,2320.4932281566976,2387.630562793668,2291.1797440194287,2377.22900390625,876300,0.0,0.0
2023-04-17 00:00:00+09:00,2420.726192804067,2471.788385933528,2407.48784643717,2417.889404296875,435500,0.0,0.0
2023-04-18 00:00:00+09:00,2406.542488043519,2406.542488043519,2373.44661885628,2377.22900390625,237100,0.0,0.0
2023-04-19 00:00:00+09:00,2373.446533203125,2373.446533203125,2342.2418576669884,2373.446533203125,245400,0.0,0.0
2023-04-20 00:00:00+09:00,2359.2625370460682,2381.956846019658,2358.3169408388358,2363.044921875,166600,0.0,0.0
2023-04-21 00:00:00+09:00,2346.0243145327486,2374.392202253822,2345.0787182753797,2365.8818359375,193300,0.0,0.0
2023-04-24 00:00:00+09:00,2384.793812040441,2418.8352780330883,2373.4466567095587,2411.2705078125,228200,0.0,0.0
2023-04-25 00:00:00+09:00,2433.0190563799565,2464.223731413201,2429.236671527442,2444.3662109375,259600,0.0,0.0
2023-04-26 00:00:00+09:00,2405.5967778937047,2415.0527400709598,2347.9154086124486,2350.752197265625,552800,0.0,0.0
2023-04-27 00:00:00+09:00,2398.0321536274078,2420.72646422956,2348.8611473227447,2405.596923828125,867900,0.0,0.0
2023-04-28 00:00:00+09:00,2421.6719004738525,2436.8014398754854,2359.262550442117,2374.39208984375,498700,0.0,0.0
2023-05-01 00:00:00+09:00,2382.90262121344,2386.6850063264774,2361.153906813476,2376.283447265625,219400,0.0,0.0
2023-05-02 00:00:00+09:00,2381.0113814618126,2407.488076728266,2367.7730338285855,2406.54248046875,138700,0.0,0.0
2023-05-08 00:00:00+09:00,2397.0863670155027,2422.6174644156677,2397.0863670155027,2415.998291015625,190300,0.0,0.0
2023-05-09 00:00:00+09:00,2427.3454724267826,2448.1485890584104,2423.563087584668,2438.692626953125,230700,0.0,0.0
2023-05-10 00:00:00+09:00,2432.073646934265,2435.856032077242,2377.2290623610975,2393.30419921875,176800,0.0,0.0
2023-05-11 00:00:00+09:00,2369.664167959479,2404.651228699503,2365.8817830146113,2390.46728515625,188000,0.0,0.0
2023-05-12 00:00:00+09:00,2400.8688634016903,2415.052807061015,2392.3584972060953,2407.488037109375,161200,0.0,0.0
2023-05-15 00:00:00+09:00,2430.1823071913154,2481.2445035291876,2427.3455185058783,2478.40771484375,339300,0.0,0.0
2023-05-16 00:00:00+09:00,2478.4077609571355,2487.8637234178645,2463.2782210199684,2483.1357421875,207800,0.0,0.0
2023-05-17 00:00:00+09:00,2502.9931368840544,2515.285887461876,2480.298828125,2480.298828125,277000,0.0,0.0
2023-05-18 00:00:00+09:00,2492.5915866173573,2542.7081852860674,2485.026817006986,2520.95947265625,240100,0.0,0.0
2023-05-19 00:00:00+09:00,2562.565739572225,2566.3481244276823,2540.8170266533466,2549.327392578125,189400,0.0,0.0
2023-05-22 00:00:00+09:00,2543.6537825809864,2561.620110413343,2515.2858965298974,2555.946533203125,154300,0.0,0.0
2023-05-23 00:00:00+09:00,2572.0217147135904,2577.6952920254585,2505.829979408461,2525.6875,228100,0.0,0.0
2023-05-24 00:00:00+09:00,2513.39484817217,2538.925947081368,2503.9388856132077,2505.830078125,161200,0.0,0.0
2023-05-25 00:00:00+09:00,2487.863703442521,2516.23159059694,2486.9181072040406,2501.10205078125,134900,0.0,0.0
2023-05-26 00:00:00+09:00,2510.5581070540784,2517.177280970982,2475.571044921875,2475.571044921875,171900,0.0,0.0
2023-05-29 00:00:00+09:00,2520.9597316801164,2532.3068872615722,2497.31982421875,2497.31982421875,159800,0.0,0.0
2023-05-30 00:00:00+09:00,2492.5917842213703,2507.7213246415304,2469.89747359113,2481.24462890625,138400,0.0,0.0
2023-05-31 00:00:00+09:00,2465.169275383893,2471.788448735518,2449.0941401013743,2468.95166015625,192900,0.0,0.0
2023-06-01 00:00:00+09:00,2458.5499993891713,2470.8427493861172,2411.27019170861,2418.8349609375,167200,0.0,0.0
2023-06-02 00:00:00+09:00,2434.910256024365,2485.02685546875,2423.5631014331834,2485.02685546875,180500,0.0,0.0
2023-06-05 00:00:00+09:00,2515.286080463736,2520.0140618179917,2483.1358072548014,2504.884521484375,110300,0.0,0.0
2023-06-06 00:00:00+09:00,2486.9180809000623,2500.1564280987695,2457.6045978172097,2478.40771484375,141000,0.0,0.0
2023-06-07 00:00:00+09:00,2496.374003325229,2513.3947351660827,2471.7885017773287,2479.353271484375,193900,0.0,0.0
2023-06-08 00:00:00+09:00,2479.353074282862,2479.353074282862,2404.650979367398,2419.780517578125,187600,0.0,0.0
2023-06-09 00:00:00+09:00,2449.094159161603,2457.6045249656395,2424.508657949942,2450.9853515625,213400,0.0,0.0
2023-06-12 00:00:00+09:00,2483.1356099019035,2490.7003794674843,2463.278089792254,2474.625244140625,140200,0.0,0.0
2023-06-13 00:00:00+09:00,2484.0812788963685,2490.700452460234,2453.822199747269,2467.060546875,132100,0.0,0.0
2023-06-14 00:00:00+09:00,2490.7005980052877,2493.5373868412844,2460.441517087987,2486.918212890625,188300,0.0,0.0
2023-06-15 00:00:00+09:00,2468.9516533146893,2488.8091733145393,2459.4956914099985,2463.278076171875,168000,0.0,0.0
2023-06-16 00:00:00+09:00,2458.550246868979,2460.44143936657,2432.0735519026975,2453.822265625,184300,0.0,0.0
2023-06-19 00:00:00+09:00,2468.0060639631606,2489.7547764042156,2443.420562942838,2468.95166015625,293900,0.0,0.0
2023-06-20 00:00:00+09:00,2448.1487138011885,2476.5166015625,2419.780826039877,2476.5166015625,139100,0.0,0.0
2023-06-21 00:00:00+09:00,2454.7677959706784,2477.4621053325027,2451.9310073004503,2467.060546875,108000,0.0,0.0
2023-06-22 00:00:00+09:00,2464.223700578465,2534.1978194743997,2463.2781043771683,2520.95947265625,167500,0.0,0.0
2023-06-23 00:00:00+09:00,2514.340227969754,2514.340227969754,2412.215841124799,2429.236572265625,230500,0.0,0.0
2023-06-26 00:00:00+09:00,2431.127909892314,2463.278181746199,2416.943966427365,2449.09423828125,134100,0.0,0.0
2023-06-27 00:00:00+09:00,2453.822152732549,2453.822152732549,2404.651150057369,2427.345458984375,130400,0.0,0.0
2023-06-28 00:00:00+09:00,2445.3117633465995,2511.5034970798797,2439.6381861694613,2509.6123046875,207400,0.0,0.0
2023-06-29 00:00:00+09:00,2520.0139687485403,2537.980297231175,2512.449198861115,2530.41552734375,186400,0.0,0.0
2023-06-30 00:00:00+09:00,2533.252050119921,2533.252050119921,2487.8634355601016,2513.39453125,141200,0.0,0.0
2023-07-03 00:00:00+09:00,2548.381730984058,2566.348058586543,2545.544942415245,2562.565673828125,148300,0.0,0.0
2023-07-04 00:00:00+09:00,2515.285791143114,2547.4360606539653,2515.285791143114,2535.143310546875,110100,0.0,0.0
2023-07-05 00:00:00+09:00,2505.8299254789363,2505.8299254789363,2466.114885150591,2480.298828125,172100,0.0,0.0
2023-07-06 00:00:00+09:00,2425.4543657445197,2433.0191356961595,2398.9776709137805,2407.488037109375,326300,0.0,0.0
2023-07-07 00:00:00+09:00,2369.664134720388,2369.664134720388,2327.1123046875,2327.1123046875,409500,0.0,0.0
2023-07-10 00:00:00+09:00,2370.6095183932625,2431.12767123617,2353.5887879061947,2419.780517578125,296800,0.0,0.0
2023-07-11 00:00:00+09:00,2426.3998095015404,2430.1821942396564,2403.705501072843,2416.94384765625,144400,0.0,0.0
2023-07-12 00:00:00+09:00,2436.8014329738958,2436.8014329738958,2368.718505859375,2368.718505859375,113100,0.0,0.0
2023-07-13 00:00:00+09:00,2368.7183647961056,2424.5085378591675,2361.1535955672157,2418.8349609375,161300,0.0,0.0
2023-07-14 00:00:00+09:00,2449.0941648770013,2449.0941648770013,2385.739219299102,2421.671875,144900,0.0,0.0
2023-07-18 00:00:00+09:00,2425.4544121216254,2430.182393431804,2394.2497354744464,2412.216064453125,72500,0.0,0.0
2023-07-19 00:00:00+09:00,2432.0734994601494,2432.0734994601494,2388.5760729534745,2408.43359375,125500,0.0,0.0
2023-07-20 00:00:00+09:00,2406.542367855613,2415.998330008287,2380.065673828125,2380.065673828125,140200,0.0,0.0
2023-07-21 00:00:00+09:00,2373.4465596997647,2381.0113296111585,2361.15380859375,2361.15380859375,134500,0.0,0.0
2023-07-24 00:00:00+09:00,2392.358477628684,2394.2496701011173,2372.5009566681297,2390.46728515625,121900,0.0,0.0
2023-07-25 00:00:00+09:00,2392.358490711122,2405.596838090551,2381.956932055856,2401.814453125,128900,0.0,0.0
2023-07-26 00:00:00+09:00,2401.814400223038,2402.759996443598,2369.664128723989,2391.412841796875,115300,0.0,0.0
2023-07-27 00:00:00+09:00,2390.467462259048,2403.705810546875,2378.1747102774943,2403.705810546875,140100,0.0,0.0
2023-07-28 00:00:00+09:00,2398.0319899003975,2448.1485890584104,2394.249605058283,2438.692626953125,354600,0.0,0.0
2023-07-31 00:00:00+09:00,2627.8117412918764,2627.8117412918764,2430.182142900368,2441.529296875,1875000,0.0,0.0
2023-08-01 00:00:00+09:00,2477.4620152625794,2550.2729218180066,2465.16926480517,2527.57861328125,729800,0.0,0.0
2023-08-02 00:00:00+09:00,2512.4493457209455,2609.845763714644,2507.721364264941,2590.933837890625,469900,0.0,0.0
2023-08-03 00:00:00+09:00,2516.231584573094,2526.6331431714793,2381.0113227940815,2390.46728515625,752300,0.0,0.0
2023-08-04 00:00:00+09:00,2378.1743816145417,2412.215843935863,2361.153650453881,2364.93603515625,352200,0.0,0.0
2023-08-07 00:00:00+09:00,2364.9361544738103,2432.073486328125,2346.9698262311067,2432.073486328125,373700,0.0,0.0
2023-08-08 00:00:00+09:00,2428.291200907732,2443.420741100304,2403.7056980948037,2412.216064453125,172700,0.0,0.0
2023-08-09 00:00:00+09:00,2395.1952859379603,2428.2911544763847,2379.120149790726,2407.488037109375,127100,0.0,0.0
2023-08-10 00:00:00+09:00,2404.6511433522064,2424.508663607966,2391.4127965150333,2421.671875,128300,0.0,0.0
2023-08-14 00:00:00+09:00,2415.9983768811026,2429.236724151684,2384.793701171875,2384.793701171875,163000,0.0,0.0
2023-08-15 00:00:00+09:00,2387.6304766286416,2398.032035140687,2367.7729558329183,2373.446533203125,185500,0.0,0.0
2023-08-16 00:00:00+09:00,2345.0785557145887,2346.0241519064093,2197.5655497906064,2229.7158203125,1054000,0.0,0.0
2023-08-17 00:00:00+09:00,2207.9672658736713,2213.6408434305204,2169.1978192352044,2190.946533203125,648500,0.0,0.0
2023-08-18 00:00:00+09:00,2179.599183500192,2253.3556851544286,2175.816798799975,2230.661376953125,489500,0.0,0.0
2023-08-21 00:00:00+09:00,2261.8660893405317,2264.7028779141197,2194.728759765625,2194.728759765625,358800,0.0,0.0
2023-08-22 00:00:00+09:00,2195.674547864245,2206.076106876522,2175.8170261135347,2184.327392578125,361400,0.0,0.0
2023-08-23 00:00:00+09:00,2173.9258257814167,2216.477657951997,2160.687477995014,2213.640869140625,365000,0.0,0.0
2023-08-24 00:00:00+09:00,2224.0423551245212,2231.607125039911,2208.912815293742,2221.20556640625,237800,0.0,0.0
2023-08-25 00:00:00+09:00,2215.5318855180785,2294.016369725505,2208.912712151187,2270.37646484375,435800,0.0,0.0
2023-08-28 00:00:00+09:00,2294.016376592036,2295.9075689882375,2262.8117020547165,2276.050048828125,364000,0.0,0.0
2023-08-29 00:00:00+09:00,2307.254595216424,2340.3504603117417,2285.5058838680725,2337.513671875,429200,0.0,0.0
2023-08-30 00:00:00+09:00,2360.208132361901,2378.1744602925405,2318.6018992593677,2328.057861328125,551400,0.0,0.0
2023-08-31 00:00:00+09:00,2328.057868054852,2349.8065808758356,2322.3842907972044,2333.7314453125,333600,0.0,0.0
2023-09-01 00:00:00+09:00,2326.166589910334,2332.785763133656,2304.417877890847,2329.948974609375,331300,0.0,0.0
2023-09-04 00:00:00+09:00,2329.949086685336,2334.6770677865643,2311.0371622804228,2321.438720703125,254600,0.0,0.0
2023-09-05 00:00:00+09:00,2318.6019650128933,2323.329946181353,2300.6356365727443,2314.819580078125,251000,0.0,0.0
2023-09-06 00:00:00+09:00,2311.0370767033864,2323.329827111383,2305.3634995920033,2317.65625,315200,0.0,0.0
2023-09-07 00:00:00+09:00,2311.0372484807235,2315.7652297583027,2290.234130859375,2290.234130859375,243700,0.0,0.0
2023-09-08 00:00:00+09:00,2262.8116558751494,2277.9411947359945,2248.6277131931074,2271.322021484375,324200,0.0,0.0
2023-09-11 00:00:00+09:00,2294.9620194316503,2306.3091740394707,2273.2133064333284,2280.778076171875,197800,0.0,0.0
2023-09-12 00:00:00+09:00,2294.9620394483027,2303.472405478395,2275.10451871142,2297.798828125,176600,0.0,0.0
2023-09-13 00:00:00+09:00,2297.7987637687047,2355.4801319126927,2297.7987637687047,2346.024169921875,482300,0.0,0.0
2023-09-14 00:00:00+09:00,2336.5682669170305,2340.350651808843,2312.928361343204,2327.1123046875,269700,0.0,0.0
2023-09-15 00:00:00+09:00,2343.1876276643693,2343.1876276643693,2301.5813905307004,2311.037353515625,408900,0.0,0.0
2023-09-19 00:00:00+09:00,2312.9281972394137,2331.840120356662,2307.2546203042393,2325.220947265625,276700,0.0,0.0
2023-09-20 00:00:00+09:00,2330.894869521957,2340.350832481478,2305.36376953125,2305.36376953125,303200,0.0,0.0
2023-09-21 00:00:00+09:00,2302.5268090483637,2308.200386401255,2258.0837864507157,2262.811767578125,461100,0.0,0.0
2023-09-22 00:00:00+09:00,2237.280616997271,2267.5396955027286,2210.803923304996,2252.41015625,455100,0.0,0.0
2023-09-25 00:00:00+09:00,2263.7574164315984,2276.9957638961105,2239.1719139975044,2273.21337890625,413300,0.0,0.0
2023-09-26 00:00:00+09:00,2268.4852190727966,2275.1043922839303,2255.2468726505294,2259.974853515625,483800,0.0,0.0
2023-09-27 00:00:00+09:00,2241.0630739481803,2279.83251953125,2219.3143605723117,2279.83251953125,817900,0.0,0.0
2023-09-28 00:00:00+09:00,2245.805117557442,2278.860257815863,2242.88848753464,2258.44384765625,488100,66.0,0.0
2023-09-29 00:00:00+09:00,2269.1381215186766,2270.110331510758,2213.7221519700197,2225.388671875,374200,0.0,0.0
2023-10-02 00:00:00+09:00,2245.8051323451878,2265.249332625233,2216.6388319251205,2218.583251953125,318400,0.0,0.0
2023-10-03 00:00:00+09:00,2212.750049700056,2231.2220404488703,2175.8060682024275,2177.75048828125,404700,0.0,0.0
2023-10-04 00:00:00+09:00,2134.0010429705694,2148.5841936059037,2086.3627508951445,2087.3349609375,685100,0.0,0.0
2023-10-05 00:00:00+09:00,2105.8068111111506,2136.917530388878,2079.5571417205683,2130.112060546875,545400,0.0,0.0
2023-10-06 00:00:00+09:00,2130.1122039310517,2169.9728156887754,2129.1399938881805,2143.72314453125,341900,0.0,0.0
2023-10-10 00:00:00+09:00,2175.8059186770924,2205.9444278276687,2155.3895092525086,2198.166748046875,275900,0.0,0.0
2023-10-11 00:00:00+09:00,2223.444274303426,2223.444274303426,2167.056094194288,2179.69482421875,254800,0.0,0.0
2023-10-12 00:00:00+09:00,2188.444783011323,2217.611083984375,2169.972792395057,2217.611083984375,408200,0.0,0.0
2023-10-13 00:00:00+09:00,2190.389044005175,2197.1945137379917,2120.389926753345,2125.2509765625,365700,0.0,0.0
2023-10-16 00:00:00+09:00,2102.8903049824135,2122.334505675732,2083.446104289095,2099.00146484375,261100,0.0,0.0
2023-10-17 00:00:00+09:00,2126.223136849671,2141.7784958755487,2114.5566175802624,2132.056396484375,179000,0.0,0.0
2023-10-18 00:00:00+09:00,2127.195488711691,2127.195488711691,2081.5016185245568,2117.473388671875,314300,0.0,0.0
2023-10-19 00:00:00+09:00,2081.501556754168,2099.9735462816457,2070.807247027734,2073.723876953125,219000,0.0,0.0
2023-10-20 00:00:00+09:00,2049.4186449575905,2053.3074848910965,2017.335715506167,2030.9466552734375,508400,0.0,0.0
2023-10-23 00:00:00+09:00,2022.1967873867532,2030.9466773321765,1985.2528076171875,1985.2528076171875,441100,0.0,0.0
2023-10-24 00:00:00+09:00,1960.9475007959816,2003.7247392863253,1935.6700416880512,1997.8914794921875,459100,0.0,0.0
2023-10-25 00:00:00+09:00,2015.3912813123036,2043.5853706311925,2004.696971570656,2011.50244140625,278100,0.0,0.0
2023-10-26 00:00:00+09:00,2000.8081025809358,2018.3078819038012,1966.7807538975867,1972.614013671875,222900,0.0,0.0
2023-10-27 00:00:00+09:00,1954.1420581558812,1979.419517614614,1954.1420581558812,1977.47509765625,364700,0.0,0.0
2023-10-30 00:00:00+09:00,1955.1142958344005,1960.9475557921362,1892.8928562852202,1897.75390625,501400,0.0,0.0
2023-10-31 00:00:00+09:00,1897.7538925301055,1942.4755518827617,1895.8094725582507,1937.614501953125,345600,0.0,0.0
2023-11-01 00:00:00+09:00,1970.669679396811,2006.6414495683366,1959.0031593411813,1998.86376953125,415200,0.0,0.0
2023-11-02 00:00:00+09:00,2025.1134698557298,2027.0578898939975,1984.2806490521098,2006.6414794921875,244800,0.0,0.0
2023-11-06 00:00:00+09:00,2061.085221292398,2067.890691362703,2037.752181051352,2049.418701171875,465200,0.0,0.0
2023-11-07 00:00:00+09:00,2066.918463336173,2070.80730334245,2023.1690132655576,2032.89111328125,368500,0.0,0.0
2023-11-08 00:00:00+09:00,2038.7243773361733,2059.14078740964,2006.6414472207257,2029.9744873046875,453600,0.0,0.0
2023-11-09 00:00:00+09:00,2047.4743322238116,2086.362733595584,2029.974551606514,2070.807373046875,296700,0.0,0.0
2023-11-10 00:00:00+09:00,2054.2797350613573,2064.001835085311,2029.974485001474,2061.085205078125,373700,0.0,0.0
2023-11-13 00:00:00+09:00,2085.390457504097,2086.3626675075957,2022.1968072767002,2029.9744873046875,416300,0.0,0.0
2023-11-14 00:00:00+09:00,2055.2518928462378,2072.751672444739,2037.7521132477361,2039.696533203125,365600,0.0,0.0
2023-11-15 00:00:00+09:00,2121.362231723032,2133.028751787503,1824.8381800843863,1880.254150390625,3717700,0.0,0.0
2023-11-16 00:00:00+09:00,1881.2263136768697,1920.114712926004,1809.2827750659712,1824.838134765625,1695700,0.0,0.0
2023-11-17 00:00:00+09:00,1799.560714433778,1855.9488945727078,1786.9219844026386,1854.9766845703125,880700,0.0,0.0
2023-11-20 00:00:00+09:00,1860.8099744952049,1889.0040650178596,1838.4491440806858,1862.75439453125,607300,0.0,0.0
2023-11-21 00:00:00+09:00,1870.5319629057342,1889.0039521444082,1856.9210234667112,1885.1151123046875,427700,0.0,0.0
2023-11-22 00:00:00+09:00,1878.309649332061,1933.7256172471375,1878.309649332061,1910.392578125,554300,0.0,0.0
2023-11-24 00:00:00+09:00,1933.72567994986,1956.0865098336444,1931.7812599599658,1954.14208984375,486700,0.0,0.0
2023-11-27 00:00:00+09:00,1954.1420717138892,1960.9475416153805,1937.614501953125,1937.614501953125,390600,0.0,0.0
2023-11-28 00:00:00+09:00,1936.6422578439385,1943.4477276255186,1909.4203787176182,1932.75341796875,342100,0.0,0.0
2023-11-29 00:00:00+09:00,1912.337074136419,1933.7256941826831,1898.7261341069784,1914.281494140625,351900,0.0,0.0
2023-11-30 00:00:00+09:00,1917.1980623720874,1944.4199415538412,1914.2814324597566,1929.8367919921875,328700,0.0,0.0
2023-12-01 00:00:00+09:00,1939.5589036207934,1939.5589036207934,1910.392604318225,1921.0869140625,257900,0.0,0.0
2023-12-04 00:00:00+09:00,1920.1147320447371,1924.003572008372,1900.6705322265625,1900.6705322265625,328100,0.0,0.0
2023-12-05 00:00:00+09:00,1892.892831793376,1898.7260916756359,1854.9766425586859,1855.9488525390625,489200,0.0,0.0
2023-12-06 00:00:00+09:00,1869.5598459049147,1909.420456244021,1868.5876358966436,1905.5316162109375,343300,0.0,0.0
2023-12-07 00:00:00+09:00,1887.0595479508913,1898.72606756728,1868.5875585582755,1873.4486083984375,264400,0.0,0.0
2023-12-08 00:00:00+09:00,1851.0878493170417,1858.865529356189,1784.0053589793968,1792.7552490234375,752100,0.0,0.0
2023-12-11 00:00:00+09:00,1814.1438448503372,1819.9771048016246,1796.6440649964754,1810.2550048828125,380900,0.0,0.0
2023-12-12 00:00:00+09:00,1805.393932788403,1822.893712427709,1784.9775232092127,1796.64404296875,553100,0.0,0.0
2023-12-13 00:00:00+09:00,1806.3661890919452,1822.893759175133,1788.8664090038637,1792.7552490234375,381900,0.0,0.0
2023-12-14 00:00:00+09:00,1792.755162924545,1806.3661023393734,1733.450355474221,1735.394775390625,590600,0.0,0.0
2023-12-15 00:00:00+09:00,1738.311404390393,1777.1998026989027,1737.33919443268,1766.5054931640625,456000,0.0,0.0
2023-12-18 00:00:00+09:00,1755.8112552040502,1778.1720851429723,1744.144735235917,1773.31103515625,369200,0.0,0.0
2023-12-19 00:00:00+09:00,1779.1442323342349,1825.8103105593952,1775.2553924821382,1819.97705078125,355900,0.0,0.0
2023-12-20 00:00:00+09:00,1812.199402648133,1815.1160325880173,1793.7274130288656,1796.64404296875,318500,0.0,0.0
2023-12-21 00:00:00+09:00,1757.7557101049515,1816.0883111040096,1755.8112900716496,1806.3662109375,276800,0.0,0.0
2023-12-22 00:00:00+09:00,1815.1160166750672,1818.0326465893816,1797.61623718918,1808.310546875,253800,0.0,0.0
2023-12-25 00:00:00+09:00,1806.366158811615,1823.8659386063455,1781.0886991081156,1784.9775390625,200400,0.0,0.0
2023-12-26 00:00:00+09:00,1783.03309686621,1794.6996165839823,1760.6722674071461,1771.3665771484375,232400,0.0,0.0
2023-12-27 00:00:00+09:00,1780.1164511511083,1784.0052910225472,1768.449931536792,1783.0330810546875,345900,0.0,0.0
2023-12-28 00:00:00+09:00,1774.2832070778807,1782.0608868897289,1756.7834275012221,1771.3665771484375,377500,0.0,0.0
2023-12-29 00:00:00+09:00,1777.199813444718,1805.3939023888631,1767.4777138088061,1788.8663330078125,339000,0.0,0.0
2024-01-04 00:00:00+09:00,1763.5889488766354,1792.7552490234375,1735.3948587347265,1792.7552490234375,455300,0.0,0.0
2024-01-05 00:00:00+09:00,1824.8381567783042,1851.0878265881147,1816.0882668417007,1838.4490966796875,547600,0.0,0.0
2024-01-09 00:00:00+09:00,1855.9488865325195,1876.3652964943753,1844.2823665543162,1860.8099365234375,364300,0.0,0.0
2024-01-10 00:00:00+09:00,1857.8932866264095,1879.2819063573259,1856.9210766386404,1875.39306640625,276600,0.0,0.0
2024-01-11 00:00:00+09:00,1896.7817002634563,1914.2814801736265,1891.920650288409,1894.8372802734375,375600,0.0,0.0
2024-01-12 00:00:00+09:00,1894.837316856424,1899.698366925322,1854.0044962776813,1868.587646484375,408700,0.0,0.0
2024-01-15 00:00:00+09:00,1882.1985060271343,1882.1985060271343,1867.6153564453125,1867.6153564453125,33300,0.0,0.0
2024-01-16 00:00:00+09:00,1861.7820751953125,1864.698705078125,1822.8936767578125,1822.8936767578125,294300,0.0,0.0
2024-01-17 00:00:00+09:00,1842.3379881919147,1879.2819689577684,1839.4213581314525,1859.8377685546875,467800,0.0,0.0
2024-01-18 00:00:00+09:00,1868.5876025265745,1903.5871621992887,1863.7265525720309,1900.6705322265625,363900,0.0,0.0
2024-01-19 00:00:00+09:00,1908.448208147464,1924.9757779582162,1895.8094782921826,1903.587158203125,352200,0.0,0.0
2024-01-22 00:00:00+09:00,1905.5315427227645,1929.8367919921875,1899.698282898103,1929.8367919921875,258200,0.0,0.0
2024-01-23 00:00:00+09:00,1944.419921875,1954.142021484375,1935.6700322265626,1944.419921875,345600,0.0,0.0
2024-01-24 00:00:00+09:00,1944.4199758558418,1972.6140655057516,1925.9479860852114,1934.6978759765625,402000,0.0,0.0
2024-01-25 00:00:00+09:00,1943.4477878958878,1953.1698878853622,1920.11474792115,1948.308837890625,285500,0.0,0.0
2024-01-26 00:00:00+09:00,1951.2254273636474,1952.1976373424036,1914.2814481709127,1918.1702880859375,434100,0.0,0.0
2024-01-29 00:00:00+09:00,1921.0869075520832,1932.7534272335736,1895.8094482421875,1895.8094482421875,399300,0.0,0.0
2024-01-30 00:00:00+09:00,1896.781658215645,1905.5315479767628,1889.0039784279847,1895.8094482421875,364700,0.0,0.0
2024-01-31 00:00:00+09:00,2061.0852235177495,2061.0852235177495,1924.003611953597,1930.80908203125,1182700,0.0,0.0
2024-02-01 00:00:00+09:00,1897.7538681891026,1928.8645873397436,1890.9483983748999,1895.8094482421875,627800,0.0,0.0
2024-02-02 00:00:00+09:00,1895.8094482421875,1932.7534272335736,1891.9206083483573,1895.8094482421875,318900,0.0,0.0
2024-02-05 00:00:00+09:00,1930.8090682471152,1930.8090682471152,1898.7261381100784,1911.3648681640625,263800,0.0,0.0
2024-02-06 00:00:00+09:00,1901.6427080829326,1902.6149180563903,1880.254088666867,1895.8094482421875,284900,0.0,0.0
2024-02-07 00:00:00+09:00,1894.8372762711322,1906.5037961866033,1889.0040163133965,1897.75390625,212500,0.0,0.0
2024-02-08 00:00:00+09:00,1895.8094782921826,1910.3926281251995,1882.1985384480336,1903.587158203125,258400,0.0,0.0
2024-02-09 00:00:00+09:00,1895.8095336358356,1926.9202541878083,1892.8929035840881,1922.0592041015625,207500,0.0,0.0
2024-02-13 00:00:00+09:00,1942.4755462104752,1985.2527854663615,1933.7256563626804,1971.641845703125,538700,0.0,0.0
2024-02-14 00:00:00+09:00,1954.14204525298,1954.14204525298,1901.6427067237955,1926.920166015625,309400,0.0,0.0
2024-02-15 00:00:00+09:00,1949.2809834808395,1953.169823348133,1901.6426951064948,1935.6700439453125,276800,0.0,0.0
2024-02-16 00:00:00+09:00,1881.22633441802,1948.3088238623836,1881.22633441802,1928.8646240234375,506100,0.0,0.0
2024-02-19 00:00:00+09:00,1944.4199684005835,2007.6136173736024,1944.4199684005835,1999.8359375,456500,0.0,0.0
2024-02-20 00:00:00+09:00,2020.2523336492345,2041.640953158514,2008.5858139169002,2039.696533203125,394000,0.0,0.0
2024-02-21 00:00:00+09:00,2049.418663148074,2093.1681127883317,2023.1689933639193,2047.4742431640625,461800,0.0,0.0
2024-02-22 00:00:00+09:00,2062.057397077835,2078.584966974263,2039.6965672179624,2044.5576171875,341700,0.0,0.0
2024-02-26 00:00:00+09:00,2058.1684922505797,2073.72385166296,2028.0299833890924,2031.9188232421875,267400,0.0,0.0
2024-02-27 00:00:00+09:00,2038.7242890643663,2060.112908215256,2012.4746201064559,2034.83544921875,258000,0.0,0.0
2024-02-28 00:00:00+09:00,2051.3630449998514,2074.696084374257,2042.6131552344493,2045.52978515625,310500,0.0,0.0
2024-02-29 00:00:00+09:00,2035.8078363591974,2059.1408774636006,2003.7249048406427,2053.3076171875,254400,0.0,0.0
2024-03-01 00:00:00+09:00,2031.9189371589484,2053.307557550095,2022.1968369811545,2037.752197265625,267700,0.0,0.0
2024-03-04 00:00:00+09:00,2058.1685490615,2084.4182187944525,2031.9188793285475,2050.390869140625,363400,0.0,0.0
2024-03-05 00:00:00+09:00,2034.8355936914795,2093.168195517322,2022.1968632958801,2076.640625,447300,0.0,0.0
2024-03-06 00:00:00+09:00,2035.8076346982757,2116.501060524425,2030.9465849497126,2114.556640625,366400,0.0,0.0
2024-03-07 00:00:00+09:00,2119.4177643531975,2126.2232342387356,2072.7516851380815,2090.25146484375,313300,0.0,0.0
2024-03-08 00:00:00+09:00,2070.8072081419036,2128.1675955974774,2065.946158357533,2102.89013671875,402700,0.0,0.0
2024-03-11 00:00:00+09:00,2073.7239089032496,2097.056948665874,2018.3079394670165,2050.390869140625,254900,0.0,0.0
2024-03-12 00:00:00+09:00,2050.3909870494494,2055.252037279534,2013.4470053008108,2053.3076171875,182400,0.0,0.0
2024-03-13 00:00:00+09:00,2067.890614556722,2068.862824530656,2022.1967457818441,2045.52978515625,142200,0.0,0.0
2024-03-14 00:00:00+09:00,2037.7521552366477,2057.196355191196,2029.9744752548283,2038.724365234375,223900,0.0,0.0
2024-03-15 00:00:00+09:00,2053.307593214451,2112.6124053290728,2027.0579222784709,2099.00146484375,332800,0.0,0.0
2024-03-18 00:00:00+09:00,2125.2510208915564,2168.0282601043787,2122.334390945228,2152.472900390625,335600,0.0,0.0
2024-03-19 00:00:00+09:00,2139.8342220736317,2177.750412287567,2135.9453820516896,2173.861572265625,322600,0.0,0.0
2024-03-21 00:00:00+09:00,2195.2501260220342,2229.2774751853517,2191.3612861176553,2192.33349609375,378200,0.0,0.0
2024-03-22 00:00:00+09:00,2225.3886738761526,2258.443813636655,2215.666573946593,2253.582763671875,466600,0.0,0.0
2024-03-25 00:00:00+09:00,2234.13858948147,2288.582349712524,2227.333119452588,2264.277099609375,556300,0.0,0.0
2024-03-26 00:00:00+09:00,2245.8051840464273,2254.555074373881,2221.499933136834,2239.971923828125,283700,0.0,0.0
2024-03-27 00:00:00+09:00,2236.0830829326924,2236.0830829326924,2202.055731670673,2211.77783203125,300400,0.0,0.0
2024-03-28 00:00:00+09:00,2225.3885613692437,2238.9995005825112,2214.6942519873905,2216.638671875,220300,0.0,0.0
2024-03-29 00:00:00+09:00,2203.0277558317443,2207.888805601894,2181.639136843087,2199.138916015625,125000,0.0,0.0
2024-04-01 00:00:00+09:00,2202.0556706313064,2205.9445106677413,2162.1950602578477,2168.0283203125,300200,0.0,0.0
2024-04-02 00:00:00+09:00,2189.4168900347845,2214.694349688827,2159.278380447272,2174.833740234375,313800,0.0,0.0
2024-04-03 00:00:00+09:00,2149.5562704442964,2169.9726800685976,2121.362180963118,2152.472900390625,208400,0.0,0.0
2024-04-04 00:00:00+09:00,2189.41683203125,2194.2778818359375,2166.08379296875,2187.472412109375,276800,0.0,0.0
2024-04-05 00:00:00+09:00,2168.028212890625,2202.0555615234375,2160.250533203125,2187.472412109375,247900,0.0,0.0
2024-04-08 00:00:00+09:00,2211.7778486453267,2223.444369165654,2192.3336477781154,2200.111328125,287700,0.0,0.0
2024-04-09 00:00:00+09:00,2195.250076199505,2212.7498553720434,2184.5557667051767,2199.138916015625,284100,0.0,0.0
2024-04-10 00:00:00+09:00,2199.139014265998,2211.777744233044,2154.4173543826046,2157.333984375,245700,0.0,0.0
2024-04-11 00:00:00+09:00,2147.6119343928362,2173.8616049354373,2138.862044211969,2150.528564453125,392800,0.0,0.0
2024-04-12 00:00:00+09:00,2139.8342612620936,2161.2228817744817,2102.8902803770598,2116.501220703125,345100,0.0,0.0
2024-04-15 00:00:00+09:00,2081.5015176675192,2123.306545813107,2076.640467883148,2102.89013671875,278300,0.0,0.0
2024-04-16 00:00:00+09:00,2106.779145905043,2146.639757341179,2096.0848355197386,2127.195556640625,231400,0.0,0.0
2024-04-17 00:00:00+09:00,2137.8896520535864,2179.6946793561347,2129.1397626181692,2166.083740234375,409300,0.0,0.0
2024-04-18 00:00:00+09:00,2169.9728004807694,2218.5833022836537,2168.028380408654,2211.77783203125,349800,0.0,0.0
2024-04-19 00:00:00+09:00,2205.9443678403327,2225.388566763562,2101.9179036010573,2120.389892578125,465200,0.0,0.0
2024-04-22 00:00:00+09:00,2165.1116523659352,2225.388671875,2145.667452524301,2225.388671875,401400,0.0,0.0
2024-04-23 00:00:00+09:00,2217.611100554519,2227.333200951514,2177.7504889268403,2205.944580078125,300600,0.0,0.0
2024-04-24 00:00:00+09:00,2225.388772536058,2226.3609825721155,2183.5837409855767,2211.77783203125,279200,0.0,0.0
2024-04-25 00:00:00+09:00,2226.3609818061973,2250.6662326992778,2176.7782699843124,2183.583740234375,451700,0.0,0.0
2024-04-26 00:00:00+09:00,2148.584060817089,2154.41732071071,2002.7525634765625,2002.7525634765625,1587800,0.0,0.0
2024-04-30 00:00:00+09:00,2051.363020624769,2057.1962803990573,1951.225394499484,1972.614013671875,1093800,0.0,0.0
2024-05-01 00:00:00+09:00,1985.2528455999268,2009.558095913344,1958.0309652488993,1987.197265625,414900,0.0,0.0
2024-05-02 00:00:00+09:00,1970.6695918261519,1970.6695918261519,1902.6148945257914,1913.3092041015625,530000,0.0,0.0
2024-05-07 00:00:00+09:00,1905.5315272713758,1941.5032958984375,1889.0039579021852,1941.5032958984375,403400,0.0,0.0
2024-05-08 00:00:00+09:00,1939.558943903856,1957.0587238488533,1924.9757939496917,1951.2254638671875,221100,0.0,0.0
2024-05-09 00:00:00+09:00,1959.003119876061,1986.2249994574652,1938.5867101900078,1968.7252197265625,201000,0.0,0.0
2024-05-10 00:00:00+09:00,1977.4751216343473,1977.4751216343473,1942.475561959403,1959.975341796875,200700,0.0,0.0
2024-05-13 00:00:00+09:00,1962.8919111328125,1962.8919111328125,1938.586662109375,1944.419921875,111800,0.0,0.0
2024-05-14 00:00:00+09:00,1934.6979380762855,2007.6136895113214,1931.781308018884,2006.6414794921875,231500,0.0,0.0
2024-05-15 00:00:00+09:00,2005.669155287673,2018.3078848168732,1975.5306464103498,2000.80810546875,123700,0.0,0.0
2024-05-16 00:00:00+09:00,2000.8082193773846,2025.1134698557298,1968.7252887459688,2006.6414794921875,175800,0.0,0.0
2024-05-17 00:00:00+09:00,2005.6691815471695,2020.2523311948705,1982.3361421108475,2011.50244140625,104200,0.0,0.0
2024-05-20 00:00:00+09:00,2002.7525754395722,2016.3635152726565,1984.2805856661003,1994.002685546875,215400,0.0,0.0
2024-05-21 00:00:00+09:00,2002.7525956129512,2010.5302755959142,1978.4473456661922,1979.4195556640625,104400,0.0,0.0
2024-05-22 00:00:00+09:00,1973.5862996879612,1984.2806096862703,1958.0309396904206,1976.5029296875,100000,0.0,0.0
2024-05-23 00:00:00+09:00,1976.502887677068,1989.1416174064343,1954.1420581558812,1977.47509765625,103100,0.0,0.0
2024-05-24 00:00:00+09:00,1951.2254937335222,1972.6141139936803,1940.531183603443,1959.003173828125,109600,0.0,0.0
2024-05-27 00:00:00+09:00,1973.5862420194892,1994.002651419691,1965.808562247984,1989.1416015625,100800,0.0,0.0
2024-05-28 00:00:00+09:00,1989.1416516119268,2011.5024815176328,1968.7252416980214,1982.336181640625,137000,0.0,0.0
2024-05-29 00:00:00+09:00,1966.7808662026616,1984.280646524781,1947.336665844751,1950.2532958984375,139600,0.0,0.0
2024-05-30 00:00:00+09:00,1939.5588865374573,1963.8641357421875,1930.8089968237546,1963.8641357421875,163500,0.0,0.0
2024-05-31 00:00:00+09:00,1972.6140175882472,1978.4472773741168,1954.1420282663266,1969.6973876953125,210300,0.0,0.0
2024-06-03 00:00:00+09:00,1989.1416213966718,1993.030461321201,1959.975321962703,1974.5584716796875,108700,0.0,0.0
2024-06-04 00:00:00+09:00,1964.836348392604,1998.863697325677,1962.8919284535712,1992.0582275390625,97400,0.0,0.0
2024-06-05 00:00:00+09:00,1971.6418115499876,1983.308331144958,1960.9475019212648,1966.78076171875,82900,0.0,0.0
2024-06-06 00:00:00+09:00,1963.864223887252,1982.336214111934,1957.0587538044745,1959.003173828125,104600,0.0,0.0
2024-06-07 00:00:00+09:00,1954.1420243866282,1972.614013671875,1947.3365546499585,1972.614013671875,78700,0.0,0.0
2024-06-10 00:00:00+09:00,1969.6973982401857,1995.947067417128,1963.8641384230875,1992.0582275390625,80400,0.0,0.0
2024-06-11 00:00:00+09:00,1989.1416475929311,2001.7803775140983,1977.4751276656998,1985.2528076171875,71800,0.0,0.0
2024-06-12 00:00:00+09:00,1974.558497683892,2005.6692174898421,1961.9197677627249,1985.2528076171875,126400,0.0,0.0
2024-06-13 00:00:00+09:00,1997.891519278067,1997.891519278067,1954.14206995081,1968.7252197265625,104000,0.0,0.0
2024-06-14 00:00:00+09:00,1927.8924336250193,1977.4751437182497,1920.114753610395,1973.5863037109375,172100,0.0,0.0
2024-06-17 00:00:00+09:00,1959.0031617055297,1970.6696817752402,1945.392221624201,1967.7530517578125,102400,0.0,0.0
2024-06-18 00:00:00+09:00,1978.4473011883133,1986.2249809964246,1948.3087919318818,1952.1976318359375,148600,0.0,0.0
2024-06-19 00:00:00+09:00,1959.0031764751363,1960.9475965014144,1920.1147759495752,1927.8924560546875,119600,0.0,0.0
2024-06-20 00:00:00+09:00,1930.809090169271,1940.5311903211807,1915.2537299262153,1924.975830078125,85700,0.0,0.0
2024-06-21 00:00:00+09:00,1924.9758122930464,1933.725702348924,1900.6705621378312,1908.4482421875,194500,0.0,0.0
2024-06-24 00:00:00+09:00,1925.9480101177223,1925.9480101177223,1893.8650801157612,1917.1981201171875,130700,0.0,0.0
2024-06-25 00:00:00+09:00,1924.975725515186,1979.419483408545,1923.0313055904232,1972.614013671875,170700,0.0,0.0
2024-06-26 00:00:00+09:00,1962.8919598162615,1990.113839397666,1961.9197498312114,1968.7252197265625,110900,0.0,0.0
2024-06-27 00:00:00+09:00,1968.7252794160147,2009.5581000261245,1968.7252794160147,1984.2806396484375,177000,0.0,0.0
2024-06-28 00:00:00+09:00,1973.5863167898995,1978.447366831254,1900.670566169583,1905.5316162109375,336700,0.0,0.0
2024-07-01 00:00:00+09:00,1910.392675818185,1939.5589762123557,1909.420465805046,1927.8924560546875,165300,0.0,0.0
2024-07-02 00:00:00+09:00,1927.8923642107256,1937.6144638789592,1922.0591044097855,1935.6700439453125,109200,0.0,0.0
2024-07-03 00:00:00+09:00,1934.697822265625,1945.3921318359376,1924.97572265625,1944.419921875,115300,0.0,0.0
2024-07-04 00:00:00+09:00,1943.4477679936115,1962.8919677734375,1935.6700880816811,1962.8919677734375,85400,0.0,0.0
2024-07-05 00:00:00+09:00,1963.8642141809426,1963.8642141809426,1927.8924439211926,1936.642333984375,97700,0.0,0.0
2024-07-08 00:00:00+09:00,1939.55889566154,1943.4477355525905,1920.1146962062862,1926.920166015625,104700,0.0,0.0
2024-07-09 00:00:00+09:00,1933.7256318752952,1942.4755216122874,1925.9479521090798,1929.8367919921875,125100,0.0,0.0
2024-07-10 00:00:00+09:00,1924.9758382408816,1928.864678318136,1902.6150077966693,1919.142578125,157200,0.0,0.0
2024-07-11 00:00:00+09:00,1931.7812736323315,1979.419563721906,1931.7812736323315,1973.5863037109375,174100,0.0,0.0
2024-07-12 00:00:00+09:00,1946.3644117923154,1995.9471215832286,1943.4477818046146,1982.336181640625,118200,0.0,0.0
2024-07-16 00:00:00+09:00,1996.919378047259,1996.919378047259,1970.6697075471245,1978.4473876953125,119100,0.0,0.0
2024-07-17 00:00:00+09:00,1995.9470595608082,2015.3912588746007,1990.1137997666704,1997.8914794921875,92200,0.0,0.0
2024-07-18 00:00:00+09:00,1994.0026553728624,2010.530224920078,1984.2805556392063,1986.2249755859375,102900,0.0,0.0
2024-07-19 00:00:00+09:00,1988.1693809761957,1988.1693809761957,1954.1420321575322,1966.78076171875,81800,0.0,0.0
2024-07-22 00:00:00+09:00,1970.6696719389329,1970.6696719389329,1944.420001913106,1945.3922119140625,75000,0.0,0.0
2024-07-23 00:00:00+09:00,1964.8364420653934,1964.8364420653934,1952.197711859134,1953.169921875,61200,0.0,0.0
2024-07-24 00:00:00+09:00,1954.142021484375,1961.919701171875,1936.6422421875,1944.419921875,155800,0.0,0.0
2024-07-25 00:00:00+09:00,1931.7812741784774,1942.4755842016093,1898.7261341069784,1914.281494140625,208300,0.0,0.0
2024-07-26 00:00:00+09:00,1916.2259181848258,1930.8090682471152,1899.698348114231,1911.3648681640625,181900,0.0,0.0
2024-07-29 00:00:00+09:00,1932.753515576318,1963.8642361489751,1930.8090955405269,1950.2532958984375,146900,0.0,0.0
2024-07-30 00:00:00+09:00,1931.781279920994,1945.3922199908952,1922.0591798710645,1939.5589599609375,269700,0.0,0.0
2024-07-31 00:00:00+09:00,1943.4477459914665,1954.1420557492986,1931.78122625565,1949.281005859375,485700,0.0,0.0
2024-08-01 00:00:00+09:00,2031.9188156024877,2167.0559999894476,2008.5857765716457,2159.2783203125,1075000,0.0,0.0
2024-08-02 00:00:00+09:00,2111.6400370968668,2146.6395957227815,2071.779428661797,2125.2509765625,752600,0.0,0.0
2024-08-05 00:00:00+09:00,2042.6132348451072,2090.2515254245504,1938.5867635797922,1959.003173828125,490500,0.0,0.0
2024-08-06 00:00:00+09:00,2044.5576698919526,2123.306681428447,2033.8633596832929,2094.140380859375,395600,0.0,0.0
2024-08-07 00:00:00+09:00,2045.529887904446,2123.3066897259077,2040.6688377906046,2088.30712890625,213000,0.0,0.0
2024-08-08 00:00:00+09:00,2053.3074126284055,2197.19448510426,2043.5853131367937,2176.778076171875,374500,0.0,0.0
2024-08-09 00:00:00+09:00,2216.638785990169,2221.499835959445,2104.834636696805,2163.167236328125,298200,0.0,0.0
2024-08-13 00:00:00+09:00,2163.1673383313478,2205.944580078125,2154.4174479740523,2205.944580078125,241400,0.0,0.0
2024-08-14 00:00:00+09:00,2187.472401256244,2187.472401256244,2120.389914284386,2165.111572265625,186600,0.0,0.0
2024-08-15 00:00:00+09:00,2165.111757110223,2165.111757110223,2118.445675232679,2149.556396484375,196600,0.0,0.0
2024-08-16 00:00:00+09:00,2179.6948143166965,2179.6948143166965,2131.084314443443,2157.333984375,123800,0.0,0.0
2024-08-19 00:00:00+09:00,2157.3339319242145,2169.972661583978,2133.028682578516,2135.9453125,180600,0.0,0.0
2024-08-20 00:00:00+09:00,2155.3896169250756,2218.583268300867,2155.3896169250756,2206.916748046875,154600,0.0,0.0
2024-08-21 00:00:00+09:00,2196.2223959838384,2216.6388060394647,2180.667035941456,2207.888916015625,97100,0.0,0.0
2024-08-22 00:00:00+09:00,2221.499740341512,2239.9717294296906,2217.6109005334743,2233.166259765625,119000,0.0,0.0
2024-08-23 00:00:00+09:00,2248.721797646636,2253.5828477928676,2223.444336886233,2251.638427734375,170500,0.0,0.0
2024-08-26 00:00:00+09:00,2245.804970189145,2254.5548596833883,2216.638671875,2216.638671875,125000,0.0,0.0
2024-08-27 00:00:00+09:00,2230.2497748480905,2279.83248562283,2218.583254665799,2274.971435546875,193100,0.0,0.0
2024-08-28 00:00:00+09:00,2274.971377546616,2301.2210472875386,2266.2214876329754,2287.610107421875,194600,0.0,0.0
2024-08-29 00:00:00+09:00,2283.7213851850993,2291.4990655092715,2259.4161341720605,2290.52685546875,175400,0.0,0.0
2024-08-30 00:00:00+09:00,2284.693424940007,2290.5266847483645,2257.471545834339,2266.221435546875,151700,0.0,0.0
2024-09-02 00:00:00+09:00,2260.388274292846,2260.388274292846,2211.777773770419,2224.41650390625,153300,0.0,0.0
2024-09-03 00:00:00+09:00,2217.6110513616795,2248.72177194194,2191.361380872085,2240.944091796875,122900,0.0,0.0
2024-09-04 00:00:00+09:00,2215.6665009765625,2239.97175,2172.8892626953125,2187.472412109375,157000,0.0,0.0
2024-09-05 00:00:00+09:00,2178.7226399956307,2210.8055704373337,2171.917169901936,2190.38916015625,108400,0.0,0.0
2024-09-06 00:00:00+09:00,2226.3609402460456,2258.443870826011,2205.9445298769774,2212.75,158700,0.0,0.0
2024-09-09 00:00:00+09:00,2152.4728046598084,2198.166671786733,2152.4728046598084,2194.27783203125,173000,0.0,0.0
2024-09-10 00:00:00+09:00,2185.5281502820194,2194.2780405633976,2130.1121784999573,2133.02880859375,159500,0.0,0.0
2024-09-11 00:00:00+09:00,2131.0843188080044,2135.9453688052854,2083.4460288346504,2095.112548828125,190800,0.0,0.0
2024-09-12 00:00:00+09:00,2140.8063416506516,2184.555790049507,2137.8897117573947,2181.63916015625,166600,0.0,0.0
2024-09-13 00:00:00+09:00,2156.36175048719,2183.5836301146205,2140.8063907000865,2174.833740234375,172000,0.0,0.0
2024-09-17 00:00:00+09:00,2179.6946756693383,2180.6668856049628,2114.5566099825205,2137.8896484375,174600,0.0,0.0
2024-09-18 00:00:00+09:00,2138.861877221063,2163.1671258258475,2127.195357890766,2154.417236328125,190100,0.0,0.0
2024-09-19 00:00:00+09:00,2163.1672101938307,2176.778149943365,2147.611850480077,2152.472900390625,174200,0.0,0.0
2024-09-20 00:00:00+09:00,2168.0283203125,2181.6392604400226,2157.334010212304,2168.0283203125,165000,0.0,0.0
2024-09-24 00:00:00+09:00,2171.9170761928763,2187.472435735887,2169.97265625,2169.97265625,124900,0.0,0.0
2024-09-25 00:00:00+09:00,2168.0283541754056,2183.583714564108,2163.167304053936,2172.889404296875,148000,0.0,0.0
2024-09-26 00:00:00+09:00,2186.5002205558008,2221.4997794441992,2169.9726510807236,2204.0,355700,0.0,0.0
2024-09-27 00:00:00+09:00,2240.0,2288.0,2235.0,2271.0,236000,63.0,0.0
2024-09-30 00:00:00+09:00,2230.0,2253.0,2229.0,2233.0,246900,0.0,0.0
2024-10-01 00:00:00+09:00,2241.0,2265.0,2237.0,2257.0,126500,0.0,0.0
2024-10-02 00:00:00+09:00,2262.0,2262.0,2228.0,2238.0,142100,0.0,0.0
2024-10-03 00:00:00+09:00,2271.0,2295.0,2261.0,2294.0,135500,0.0,0.0
2024-10-04 00:00:00+09:00,2275.0,2305.0,2266.0,2282.0,182500,0.0,0.0
2024-10-07 00:00:00+09:00,2294.0,2300.0,2257.0,2284.0,224700,0.0,0.0
2024-10-08 00:00:00+09:00,2271.0,2293.0,2247.0,2291.0,160800,0.0,0.0
2024-10-09 00:00:00+09:00,2310.0,2337.0,2300.0,2321.0,209900,0.0,0.0
2024-10-10 00:00:00+09:00,2324.0,2330.0,2309.0,2314.0,94400,0.0,0.0
2024-10-11 00:00:00+09:00,2318.0,2332.0,2310.0,2310.0,123300,0.0,0.0
2024-10-15 00:00:00+09:00,2325.0,2334.0,2311.0,2319.0,169800,0.0,0.0
2024-10-16 00:00:00+09:00,2319.0,2333.0,2292.0,2298.0,108100,0.0,0.0
2024-10-17 00:00:00+09:00,2310.0,2310.0,2280.0,2292.0,108600,0.0,0.0
2024-10-18 00:00:00+09:00,2300.0,2337.0,2300.0,2326.0,118300,0.0,0.0
2024-10-21 00:00:00+09:00,2340.0,2352.0,2337.0,2337.0,104000,0.0,0.0
2024-10-22 00:00:00+09:00,2317.0,2334.0,2309.0,2324.0,137200,0.0,0.0
2024-10-23 00:00:00+09:00,2325.0,2334.0,2254.0,2282.0,146800,0.0,0.0
2024-10-24 00:00:00+09:00,2262.0,2265.0,2225.0,2240.0,163300,0.0,0.0
2024-10-25 00:00:00+09:00,2253.0,2285.0,2245.0,2265.0,171400,0.0,0.0
2024-10-28 00:00:00+09:00,2265.0,2292.0,2257.0,2286.0,141400,0.0,0.0
2024-10-29 00:00:00+09:00,2292.0,2319.0,2285.0,2309.0,116300,0.0,0.0
2024-10-30 00:00:00+09:00,2308.0,2358.0,2293.0,2353.0,371200,0.0,0.0
2024-10-31 00:00:00+09:00,2359.0,2377.0,2351.0,2357.0,202500,0.0,0.0
2024-11-01 00:00:00+09:00,2323.0,2360.0,2318.0,2336.0,103600,0.0,0.0
2024-11-05 00:00:00+09:00,2336.0,2344.0,2311.0,2339.0,83500,0.0,0.0
2024-11-06 00:00:00+09:00,2349.0,2349.0,2321.0,2336.0,144300,0.0,0.0
2024-11-07 00:00:00+09:00,2334.0,2347.0,2273.0,2289.0,222600,0.0,0.0
2024-11-08 00:00:00+09:00,2313.0,2339.0,2308.0,2312.0,121600,0.0,0.0
2024-11-11 00:00:00+09:00,2315.0,2315.0,2295.0,2309.0,85100,0.0,0.0
2024-11-12 00:00:00+09:00,2309.0,2314.0,2286.0,2295.0,150100,0.0,0.0
2024-11-13 00:00:00+09:00,2286.0,2295.0,2234.0,2246.0,152700,0.0,0.0
2024-11-14 00:00:00+09:00,2233.0,2256.0,2204.0,2205.0,219600,0.0,0.0
2024-11-15 00:00:00+09:00,2253.0,2280.0,1901.0,1971.0,2094200,0.0,0.0
2024-11-18 00:00:00+09:00,1969.0,2074.0,1915.0,2067.0,710100,0.0,0.0
2024-11-19 00:00:00+09:00,2017.0,2134.0,2017.0,2124.0,459800,0.0,0.0
2024-11-20 00:00:00+09:00,2255.0,2369.0,2221.0,2368.0,1035400,0.0,0.0
2024-11-21 00:00:00+09:00,2372.0,2430.0,2352.0,2399.0,908600,0.0,0.0
2024-11-22 00:00:00+09:00,2407.0,2420.0,2351.0,2412.0,372000,0.0,0.0
2024-11-25 00:00:00+09:00,2412.0,2479.0,2401.0,2458.0,451000,0.0,0.0
2024-11-26 00:00:00+09:00,2466.0,2496.0,2437.0,2488.0,282300,0.0,0.0
2024-11-27 00:00:00+09:00,2458.0,2464.0,2391.0,2430.0,319700,0.0,0.0
2024-11-28 00:00:00+09:00,2413.0,2453.0,2398.0,2425.0,234200,0.0,0.0
2024-11-29 00:00:00+09:00,2423.0,2480.0,2417.0,2469.0,192000,0.0,0.0
2024-12-02 00:00:00+09:00,2430.0,2448.0,2388.0,2396.0,235500,0.0,0.0
2024-12-03 00:00:00+09:00,2396.0,2437.0,2389.0,2408.0,182700,0.0,0.0
2024-12-04 00:00:00+09:00,2398.0,2408.0,2365.0,2390.0,158500,0.0,0.0
2024-12-05 00:00:00+09:00,2410.0,2421.0,2385.0,2406.0,132400,0.0,0.0
2024-12-06 00:00:00+09:00,2409.0,2417.0,2377.0,2385.0,96100,0.0,0.0
2024-12-09 00:00:00+09:00,2338.0,2362.0,2308.0,2350.0,196900,0.0,0.0
2024-12-10 00:00:00+09:00,2369.0,2392.0,2337.0,2342.0,140500,0.0,0.0
2024-12-11 00:00:00+09:00,2343.0,2353.0,2314.0,2328.0,139200,0.0,0.0
2024-12-12 00:00:00+09:00,2341.0,2353.0,2308.0,2343.0,152900,0.0,0.0
2024-12-13 00:00:00+09:00,2330.0,2339.0,2260.0,2292.0,187000,0.0,0.0
2024-12-16 00:00:00+09:00,2303.0,2328.0,2266.0,2280.0,128500,0.0,0.0
2024-12-17 00:00:00+09:00,2294.0,2314.0,2246.0,2250.0,186300,0.0,0.0
2024-12-18 00:00:00+09:00,2230.0,2285.0,2224.0,2254.0,133800,0.0,0.0
2024-12-19 00:00:00+09:00,2230.0,2271.0,2208.0,2223.0,152400,0.0,0.0
2024-12-20 00:00:00+09:00,2221.0,2268.0,2215.0,2239.0,172000,0.0,0.0
2024-12-23 00:00:00+09:00,2250.0,2272.0,2241.0,2241.0,135900,0.0,0.0
2024-12-24 00:00:00+09:00,2245.0,2250.0,2205.0,2217.0,92300,0.0,0.0
2024-12-25 00:00:00+09:00,2223.0,2226.0,2186.0,2201.0,131500,0.0,0.0
2024-12-26 00:00:00+09:00,2188.0,2231.0,2188.0,2228.0,151900,0.0,0.0
2024-12-27 00:00:00+09:00,2224.0,2282.0,2223.0,2271.0,167300,0.0,0.0
2024-12-30 00:00:00+09:00,2280.0,2287.0,2249.0,2253.0,159000,0.0,0.0
2025-01-06 00:00:00+09:00,2253.0,2253.0,2193.0,2208.0,137600,0.0,0.0
2025-01-07 00:00:00+09:00,2228.0,2270.0,2216.0,2218.0,207800,0.0,0.0
2025-01-08 00:00:00+09:00,2218.0,2238.0,2202.0,2213.0,196300,0.0,0.0
2025-01-09 00:00:00+09:00,2189.0,2203.0,2180.0,2183.0,117000,0.0,0.0
2025-01-10 00:00:00+09:00,2170.0,2192.0,2159.0,2179.0,109700,0.0,0.0
2025-01-14 00:00:00+09:00,2150.0,2158.0,2099.0,2131.0,138700,0.0,0.0
2025-01-15 00:00:00+09:00,2131.0,2151.0,2100.0,2130.0,167300,0.0,0.0
2025-01-16 00:00:00+09:00,2170.0,2189.0,2137.0,2137.0,134000,0.0,0.0
2025-01-17 00:00:00+09:00,2138.0,2149.0,2111.0,2127.0,110100,0.0,0.0
2025-01-20 00:00:00+09:00,2150.0,2161.0,2134.0,2140.0,120500,0.0,0.0
2025-01-21 00:00:00+09:00,2155.0,2169.0,2139.0,2160.0,138700,0.0,0.0
2025-01-22 00:00:00+09:00,2160.0,2161.0,2128.0,2143.0,107300,0.0,0.0
2025-01-23 00:00:00+09:00,2135.0,2146.0,2117.0,2135.0,106100,0.0,0.0
2025-01-24 00:00:00+09:00,2140.0,2176.0,2127.0,2139.0,147600,0.0,0.0
2025-01-27 00:00:00+09:00,2167.0,2180.0,2147.0,2165.0,118700,0.0,0.0
2025-01-28 00:00:00+09:00,2150.0,2172.0,2143.0,2157.0,160100,0.0,0.0
2025-01-29 00:00:00+09:00,2161.0,2172.0,2134.0,2134.0,103800,0.0,0.0
2025-01-30 00:00:00+09:00,2151.0,2151.0,2116.0,2144.0,146100,0.0,0.0
2025-01-31 00:00:00+09:00,2170.0,2183.0,2158.0,2160.0,200700,0.0,0.0
2025-02-03 00:00:00+09:00,2111.0,2116.0,2020.0,2030.0,319500,0.0,0.0
2025-02-04 00:00:00+09:00,2042.0,2068.0,2000.0,2004.0,342700,0.0,0.0
2025-02-05 00:00:00+09:00,2012.0,2026.0,1973.0,1973.0,134500,0.0,0.0
2025-02-06 00:00:00+09:00,1969.0,2033.0,1965.0,2023.0,143300,0.0,0.0
2025-02-07 00:00:00+09:00,2023.0,2079.0,2022.0,2042.0,110500,0.0,0.0
