Date,Open,High,Low,Close,Volume,Dividends,Stock Splits
2001-01-01 00:00:00+09:00,1297.708984375,1297.708984375,1297.708984375,1297.708984375,0,0.0,0.0
2001-01-02 00:00:00+09:00,1297.708984375,1297.708984375,1297.708984375,1297.708984375,0,0.0,0.0
2001-01-03 00:00:00+09:00,1297.708984375,1297.708984375,1297.708984375,1297.708984375,0,0.0,0.0
2001-01-04 00:00:00+09:00,1334.6283568460253,1347.5500698445346,1273.7117098530532,1286.6334228515625,48000,0.0,0.0
2001-01-05 00:00:00+09:00,1288.4793634024595,1308.784912109375,1273.711691615612,1308.784912109375,88400,0.0,0.0
2001-01-08 00:00:00+09:00,1308.784912109375,1308.784912109375,1308.784912109375,1308.784912109375,0,0.0,0.0
2001-01-09 00:00:00+09:00,1306.9390648011783,1306.9390648011783,1242.3304952135495,1253.40625,39600,0.0,0.0
2001-01-10 00:00:00+09:00,1255.2518510749273,1271.865478515625,1229.4084306116201,1271.865478515625,34000,0.0,0.0
2001-01-11 00:00:00+09:00,1246.022257610096,1255.2520521109116,1209.103079606834,1220.1788330078125,56000,0.0,0.0
2001-01-12 00:00:00+09:00,1218.332984209781,1231.2546976786725,1214.641066075812,1222.02490234375,62400,0.0,0.0
2001-01-15 00:00:00+09:00,1220.178912579572,1255.2521339699074,1220.178912579572,1246.0223388671875,31600,0.0,0.0
2001-01-16 00:00:00+09:00,1240.4845360824743,1253.40625,1231.2547404270988,1253.40625,23600,0.0,0.0
2001-01-17 00:00:00+09:00,1253.406179430885,1264.48193359375,1236.7925481865875,1264.48193359375,27600,0.0,0.0
2001-01-18 00:00:00+09:00,1246.0222459293216,1264.481834757904,1246.0222459293216,1260.7899169921875,33600,0.0,0.0
2001-01-19 00:00:00+09:00,1297.7095210490077,1345.7044677734375,1297.7095210490077,1345.7044677734375,166000,0.0,0.0
2001-01-22 00:00:00+09:00,1373.3935268236244,1373.3935268236244,1343.8581821607506,1358.6258544921875,191600,0.0,0.0
2001-01-23 00:00:00+09:00,1364.1635539223703,1543.2215576171873,1364.1635539223703,1543.2215576171875,1167600,0.0,0.0
2001-01-24 00:00:00+09:00,1561.680930765884,1594.9081846119668,1498.918340167728,1557.989013671875,1188000,0.0,0.0
2001-01-25 00:00:00+09:00,1543.2217979154057,1546.9137160922367,1500.7647388818477,1524.76220703125,368000,0.0,0.0
2001-01-26 00:00:00+09:00,1524.7620174471892,1652.1331787109375,1504.4564699993452,1652.1331787109375,950800,0.0,0.0
2001-01-29 00:00:00+09:00,1689.052094732012,1727.8172247750417,1642.903130395072,1653.9788818359375,805600,0.0,0.0
2001-01-30 00:00:00+09:00,1670.592695062811,1683.5144065163354,1622.5977668068626,1624.4437255859375,358000,0.0,0.0
2001-01-31 00:00:00+09:00,1633.6736893327268,1766.582735244542,1628.1358124197345,1751.8150634765625,1423200,0.0,0.0
2001-02-01 00:00:00+09:00,1753.6614277323738,1805.3482908655385,1718.5881991777264,1801.6563720703125,1024800,0.0,0.0
2001-02-02 00:00:00+09:00,1844.113558517513,1986.25244140625,1838.5756799634062,1986.25244140625,2351200,0.0,0.0
2001-02-05 00:00:00+09:00,2060.0902525111605,2204.075055106027,1938.2569580078125,1938.2569580078125,3081200,0.0,0.0
2001-02-06 00:00:00+09:00,1949.33246892507,2060.08999556854,1947.486510147679,1977.0218505859375,1459600,0.0,0.0
2001-02-07 00:00:00+09:00,2021.3251181548496,2076.7038885152565,1912.4135364460496,1956.716552734375,772800,0.0,0.0
2001-02-08 00:00:00+09:00,1912.412654356856,1954.8696920501066,1825.6526208097785,1923.4884033203125,918400,0.0,0.0
2001-02-09 00:00:00+09:00,1886.5693334960938,2039.7838684082033,1873.647625732422,2030.5540771484375,999600,0.0,0.0
2001-02-12 00:00:00+09:00,2030.5540771484375,2030.5540771484375,2030.5540771484375,2030.5540771484375,0,0.0,0.0
2001-02-13 00:00:00+09:00,2141.3125082759534,2202.2291572182867,2095.163531804489,2178.231689453125,2358800,0.0,0.0
2001-02-14 00:00:00+09:00,2141.3125758495144,2185.6155946601943,2085.933802336165,2091.4716796875,824000,0.0,0.0
2001-02-15 00:00:00+09:00,2102.546927425525,2145.003976881879,2050.8600846090944,2054.552001953125,638800,0.0,0.0
2001-02-16 00:00:00+09:00,2069.319617019006,2121.0064584788915,2036.0923617947933,2043.4761962890625,744800,0.0,0.0
2001-02-19 00:00:00+09:00,2006.5566842378075,2030.55414228297,1978.8673095703125,1978.8673095703125,610000,0.0,0.0
2001-02-20 00:00:00+09:00,1975.1756661094432,2117.3144757266646,1953.024163311954,2113.62255859375,1001200,0.0,0.0
2001-02-21 00:00:00+09:00,2102.547345953708,2132.082690585191,2021.325148217129,2028.708984375,703200,0.0,0.0
2001-02-22 00:00:00+09:00,1956.7165043562788,2049.0144526749714,1956.7165043562788,2002.865478515625,371600,0.0,0.0
2001-02-23 00:00:00+09:00,1995.481733256133,2028.7089961595657,1993.6357742059424,2026.863037109375,230000,0.0,0.0
2001-02-26 00:00:00+09:00,2032.4008219776065,2061.936165439588,1986.2518478182603,2002.865478515625,236800,0.0,0.0
2001-02-27 00:00:00+09:00,2030.5545992720329,2113.622741969525,2002.8652183728689,2084.08740234375,533600,0.0,0.0
2001-02-28 00:00:00+09:00,2065.6285175697153,2067.474476924112,1714.896240234375,1714.896240234375,922800,0.0,0.0
2001-03-01 00:00:00+09:00,1809.0394711325355,1892.107610113111,1792.4258433364203,1821.961181640625,1114000,0.0,0.0
2001-03-02 00:00:00+09:00,1829.3451379943456,1844.112808129517,1722.2795295143537,1724.12548828125,332400,0.0,0.0
2001-03-05 00:00:00+09:00,1687.2062458444148,1753.6607588098404,1687.2062458444148,1735.201171875,238000,0.0,0.0
2001-03-06 00:00:00+09:00,1735.2018576521214,1816.424072265625,1729.6639793830188,1816.424072265625,236400,0.0,0.0
2001-03-07 00:00:00+09:00,1844.1126853687783,1845.9586440127912,1786.887967404382,1821.961181640625,264400,0.0,0.0
2001-03-08 00:00:00+09:00,1803.501740897389,1857.0345458984375,1790.580029345412,1857.0345458984375,214400,0.0,0.0
2001-03-09 00:00:00+09:00,1881.0318319091796,1881.0318319091796,1827.499031982422,1845.9586181640625,264400,0.0,0.0
2001-03-12 00:00:00+09:00,1809.039920691288,1827.49951171875,1790.5803296638258,1827.49951171875,167600,0.0,0.0
2001-03-13 00:00:00+09:00,1788.7345572190661,1790.5805165144418,1746.2774934254246,1779.5047607421875,169600,0.0,0.0
2001-03-14 00:00:00+09:00,1779.5047607421875,1779.5047607421875,1779.5047607421875,1779.5047607421875,0,0.0,0.0
2001-03-15 00:00:00+09:00,1694.590335375642,1753.6610224475598,1677.976704636665,1751.8150634765625,168400,0.0,0.0
2001-03-16 00:00:00+09:00,1749.9692221730024,1790.580322265625,1725.9717539364528,1790.580322265625,138400,0.0,0.0
2001-03-19 00:00:00+09:00,1790.5798596191405,1873.6479974365234,1790.5798596191405,1845.9586181640625,209600,0.0,0.0
2001-03-20 00:00:00+09:00,1845.9586181640625,1845.9586181640625,1845.9586181640625,1845.9586181640625,0,0.0,0.0
2001-03-21 00:00:00+09:00,1845.9588969637273,1917.9512939453125,1845.9588969637273,1917.9512939453125,210400,0.0,0.0
2001-03-22 00:00:00+09:00,1919.797156794154,1936.410786035642,1855.1885986328125,1855.1885986328125,149600,0.0,0.0
2001-03-23 00:00:00+09:00,1845.9588016815333,1914.2592773437498,1845.9588016815333,1914.25927734375,104000,0.0,0.0
2001-03-26 00:00:00+09:00,1932.7191438647808,1947.48681640625,1895.7999625111079,1947.48681640625,138400,0.0,0.0
2001-03-27 00:00:00+09:00,1950.259765625,1959.5027029028436,1904.045079235782,1950.259765625,120400,3.75,0.0
2001-03-28 00:00:00+09:00,1952.1086538461539,1959.5030048076924,1904.0453725961538,1922.53125,88000,0.0,0.0
2001-03-29 00:00:00+09:00,1922.5307949029127,1941.0166679308254,1904.044921875,1904.044921875,86000,0.0,0.0
2001-03-30 00:00:00+09:00,1904.044741327891,1928.0763739854274,1852.2843017578125,1852.2843017578125,86400,0.0,0.0
2001-04-02 00:00:00+09:00,1872.618592201791,1924.3790271293824,1867.072831316692,1894.8016357421875,137200,0.0,0.0
2001-04-03 00:00:00+09:00,1941.0164168074325,2085.2062077702703,1933.6220685529279,2051.931640625,538000,0.0,0.0
2001-04-04 00:00:00+09:00,2033.445486111111,2103.691784722222,2016.8082048611109,2079.66015625,375600,0.0,0.0
2001-04-05 00:00:00+09:00,2090.75211952611,2112.93516588713,2079.6605963456004,2107.389404296875,336000,0.0,0.0
2001-04-06 00:00:00+09:00,2181.3324351605256,2392.071331438746,2181.3324351605256,2364.342529296875,2579600,0.0,0.0
2001-04-09 00:00:00+09:00,2401.3148408664492,2430.892236904835,2319.9770017608885,2347.705810546875,1414800,0.0,0.0
2001-04-10 00:00:00+09:00,2399.465372721354,2456.7715565074573,2375.4337472626657,2440.13427734375,849600,0.0,0.0
2001-04-11 00:00:00+09:00,2441.9840076499927,2454.924119726866,2366.191922628305,2377.283447265625,368400,0.0,0.0
2001-04-12 00:00:00+09:00,2368.040653537412,2388.3751166044776,2314.4316145424195,2353.251953125,291200,0.0,0.0
2001-04-13 00:00:00+09:00,2384.6773205157992,2502.986893006506,2380.9801463754648,2486.349609375,1014000,0.0,0.0
2001-04-16 00:00:00+09:00,2467.8637851342223,2514.0784627584585,2436.437804349742,2458.620849609375,321600,0.0,0.0
2001-04-17 00:00:00+09:00,2432.7410452835647,2541.8077030888307,2421.6495207609955,2495.593017578125,694400,0.0,0.0
2001-04-18 00:00:00+09:00,2495.5925917087643,2501.1383530236726,2458.620849609375,2458.620849609375,283600,0.0,0.0
2001-04-19 00:00:00+09:00,2440.1348729395604,2551.050094436813,2405.0117194654304,2523.3212890625,620000,0.0,0.0
2001-04-20 00:00:00+09:00,2504.8356559605963,2584.3249055593456,2497.4413071607123,2582.476318359375,769600,0.0,0.0
2001-04-23 00:00:00+09:00,2588.022695422846,2658.26902572718,2578.7797572249074,2617.60009765625,920000,0.0,0.0
2001-04-24 00:00:00+09:00,2624.9943849343467,2676.754837595024,2589.8712206288874,2674.90625,623600,0.0,0.0
2001-04-25 00:00:00+09:00,2689.6948454483695,2698.937783061594,2551.05078125,2551.05078125,690800,0.0,0.0
2001-04-26 00:00:00+09:00,2689.6948454483695,2698.937783061594,2551.05078125,2551.05078125,690800,0.0,0.0
2001-04-27 00:00:00+09:00,2552.898759802064,2558.444521047108,2443.832121982859,2477.106689453125,484000,0.0,0.0
2001-04-30 00:00:00+09:00,2477.106689453125,2477.106689453125,2477.106689453125,2477.106689453125,0,0.0,0.0
2001-05-01 00:00:00+09:00,2421.649107509986,2491.8954174988253,2403.1632364602915,2458.620849609375,358400,0.0,0.0
2001-05-02 00:00:00+09:00,2477.106810436758,2530.7158384238223,2467.8638745769194,2491.8955078125,299600,0.0,0.0
2001-05-03 00:00:00+09:00,2491.8955078125,2491.8955078125,2491.8955078125,2491.8955078125,0,0.0,0.0
2001-05-04 00:00:00+09:00,2491.8955078125,2491.8955078125,2491.8955078125,2491.8955078125,0,0.0,0.0
2001-05-07 00:00:00+09:00,2491.8956817511794,2495.592856353184,2421.64936431309,2449.378173828125,1680,0.0,0.0
2001-05-08 00:00:00+09:00,2440.1349915945098,2569.5360896336124,2405.011836412468,2508.53271484375,3840,0.0,0.0
2001-05-09 00:00:00+09:00,2515.928242641213,2551.0514142871957,2458.6220152188193,2506.685302734375,2040,0.0,0.0
2001-05-10 00:00:00+09:00,2477.10698334316,2541.8075388782427,2445.68099922612,2449.378173828125,1760,0.0,0.0
2001-05-11 00:00:00+09:00,2440.1354181362867,2486.3501040858373,2430.8924809463765,2456.772705078125,1320,0.0,0.0
2001-05-14 00:00:00+09:00,2427.1946540026934,2438.2861756508396,2349.554002465669,2380.97998046875,1480,0.0,0.0
2001-05-15 00:00:00+09:00,2307.036328125,2403.162841796875,2273.76176570012,2403.162841796875,244800,0.0,0.0
2001-05-16 00:00:00+09:00,2403.1634281188485,2440.135173166831,2336.61428703248,2347.705810546875,150400,0.0,0.0
2001-05-17 00:00:00+09:00,2375.4344343574126,2384.6773698996594,2314.431059778584,2340.311279296875,88000,0.0,0.0
2001-05-18 00:00:00+09:00,2314.431214161408,2347.7057843330576,2307.036865234375,2307.036865234375,76800,0.0,0.0
2001-05-21 00:00:00+09:00,2297.794043774875,2366.191774764151,2297.794043774875,2351.403076171875,88400,0.0,0.0
2001-05-22 00:00:00+09:00,2421.6490017783317,2427.1947628511066,2366.1913910505837,2375.434326171875,162800,0.0,0.0
2001-05-23 00:00:00+09:00,2419.800679969788,2419.800679969788,2366.191650390625,2366.191650390625,82000,0.0,0.0
2001-05-24 00:00:00+09:00,2329.220118260646,2377.2833905422144,2329.220118260646,2355.100341796875,90400,0.0,0.0
2001-05-25 00:00:00+09:00,2369.8888248443604,2403.1633949279785,2366.191650390625,2366.191650390625,78400,0.0,0.0
2001-05-28 00:00:00+09:00,2368.0398687860766,2371.7370426639627,2319.9766083735567,2321.8251953125,76000,0.0,0.0
2001-05-29 00:00:00+09:00,2321.8252296040077,2421.64892578125,2321.8252296040077,2421.64892578125,175600,0.0,0.0
2001-05-30 00:00:00+09:00,2443.831969376193,2477.1065347686067,2421.64892578125,2421.64892578125,270000,0.0,0.0
2001-05-31 00:00:00+09:00,2421.6488931786203,2421.6488931786203,2366.191284937888,2380.97998046875,77200,0.0,0.0
2001-06-01 00:00:00+09:00,2408.708892608524,2417.9518277298152,2375.434326171875,2375.434326171875,112400,0.0,0.0
2001-06-04 00:00:00+09:00,2351.4031670059853,2384.677740123994,2329.220118260646,2355.100341796875,85200,0.0,0.0
2001-06-05 00:00:00+09:00,2318.127759083208,2327.370692731865,2275.610264299385,2301.490478515625,98800,0.0,0.0
2001-06-06 00:00:00+09:00,2310.7335940668086,2310.7335940668086,2275.610443436993,2279.3076171875,85200,0.0,0.0
2001-06-07 00:00:00+09:00,2281.156640934039,2338.462845041782,2279.3080537047567,2336.6142578125,75600,0.0,0.0
2001-06-08 00:00:00+09:00,2347.7056609122983,2362.494357988911,2275.6107626638104,2292.248046875,141200,0.0,0.0
2001-06-11 00:00:00+09:00,2292.2481802894163,2329.219925132794,2292.2481802894163,2327.371337890625,69200,0.0,0.0
2001-06-12 00:00:00+09:00,2329.2201244212965,2332.917299221965,2236.7907544045784,2246.03369140625,77200,0.0,0.0
2001-06-13 00:00:00+09:00,2244.185104422195,2246.0336918228722,2149.9071469876544,2166.54443359375,139200,0.0,0.0
2001-06-14 00:00:00+09:00,2129.572161962932,2218.304335378054,2127.7235750167833,2194.272705078125,135200,0.0,0.0
2001-06-15 00:00:00+09:00,2199.818855246114,2199.818855246114,2118.481015220207,2140.6640625,86000,0.0,0.0
2001-06-18 00:00:00+09:00,2066.7212767434776,2105.54162272882,1994.6263484849844,2014.9608154296875,160400,0.0,0.0
2001-06-19 00:00:00+09:00,1981.6855958781362,2087.0550725246417,1981.6855958781362,2063.0234375,93200,0.0,0.0
2001-06-20 00:00:00+09:00,2035.2952823743908,2057.478337223158,1977.989057348409,2014.9608154296875,78400,0.0,0.0
2001-06-21 00:00:00+09:00,1977.9880989227572,2031.5971221645889,1977.9880989227572,2029.74853515625,53600,0.0,0.0
2001-06-22 00:00:00+09:00,1998.3225860595703,2011.2626953125,1983.5338897705078,1996.4739990234375,149200,0.0,0.0
2001-06-25 00:00:00+09:00,1996.4742487127132,2005.7171850493462,1948.410979762222,1952.108154296875,104000,0.0,0.0
2001-06-26 00:00:00+09:00,1941.016189386097,1952.1077104683031,1922.5303209157532,1939.1676025390625,116000,0.0,0.0
2001-06-27 00:00:00+09:00,1935.47076683453,1935.47076683453,1870.7702158897273,1898.4990234375,145600,0.0,0.0
2001-06-28 00:00:00+09:00,1878.1642057541349,1931.773223438062,1876.3156189374477,1928.0760498046875,103600,0.0,0.0
2001-06-29 00:00:00+09:00,1950.2591686285389,1953.9563424079295,1922.5303652831094,1926.2275390625,69600,0.0,0.0
2001-07-02 00:00:00+09:00,1926.2275664562317,1926.2275664562317,1878.1643066406252,1878.164306640625,61200,0.0,0.0
2001-07-03 00:00:00+09:00,1905.8933412720557,1905.8933412720557,1878.164534173044,1902.1961669921875,51200,0.0,0.0
2001-07-04 00:00:00+09:00,1883.7102532834422,1883.7102532834422,1802.3724209532445,1811.6153564453125,146800,0.0,0.0
2001-07-05 00:00:00+09:00,1796.8268899356617,1809.7670012829349,1752.4607938878676,1791.2811279296875,176400,0.0,0.0
2001-07-06 00:00:00+09:00,1719.1860039893616,1737.671875,1715.488829787234,1737.671875,165200,0.0,0.0
2001-07-09 00:00:00+09:00,1693.3058346602045,1693.3058346602045,1617.5137612747585,1650.788330078125,229600,0.0,0.0
2001-07-10 00:00:00+09:00,1658.1825417210378,1737.6717828514777,1656.3339547180044,1704.397216796875,104000,0.0,0.0
2001-07-11 00:00:00+09:00,1669.2746084359974,1719.1864738045158,1665.5774332235146,1682.2147216796875,85200,0.0,0.0
2001-07-12 00:00:00+09:00,1746.914810505319,1746.914810505319,1706.2458942819148,1737.671875,52000,0.0,0.0
2001-07-13 00:00:00+09:00,1756.157996544471,1811.6156174879807,1754.3094091796875,1802.3726806640625,142800,0.0,0.0
2001-07-16 00:00:00+09:00,1839.3445383079747,1843.0417132593475,1796.8270263671875,1796.8270263671875,86800,0.0,0.0
2001-07-17 00:00:00+09:00,1721.0347570891588,1746.9149790002741,1700.7002970161398,1739.5206298828125,66400,0.0,0.0
2001-07-18 00:00:00+09:00,1809.7671902564264,1809.7671902564264,1719.1864013671873,1719.1864013671875,75600,0.0,0.0
2001-07-19 00:00:00+09:00,1700.7003317984834,1739.5206654591009,1682.2144586267607,1706.24609375,58400,0.0,0.0
2001-07-20 00:00:00+09:00,1706.24609375,1706.24609375,1706.24609375,1706.24609375,0,0.0,0.0
2001-07-23 00:00:00+09:00,1682.2147873671254,1684.0633750455506,1613.817043265385,1624.9085693359375,92800,0.0,0.0
2001-07-24 00:00:00+09:00,1606.4224455252706,1654.4857177734375,1571.2992850362257,1654.4857177734375,111600,0.0,0.0
2001-07-25 00:00:00+09:00,1580.5423231180005,1632.3027734657244,1580.5423231180005,1599.0281982421875,111600,0.0,0.0
2001-07-26 00:00:00+09:00,1617.5136415298375,1635.99951171875,1595.3305973031427,1635.99951171875,64800,0.0,0.0
2001-07-27 00:00:00+09:00,1654.4851834768683,1661.8795306655918,1645.242249490964,1652.6365966796875,41200,0.0,0.0
2001-07-30 00:00:00+09:00,1661.8796810812794,1663.7282680457747,1567.6017458920187,1574.99609375,70400,0.0,0.0
2001-07-31 00:00:00+09:00,1571.2996321726062,1623.0600906441744,1530.6307005163742,1619.3629150390625,96800,0.0,0.0
2001-08-01 00:00:00+09:00,1635.9998886925835,1656.3343505859375,1589.785202571324,1656.3343505859375,86800,0.0,0.0
2001-08-02 00:00:00+09:00,1645.2428884463461,1656.3344135369955,1617.5140757197223,1648.9400634765625,113200,0.0,0.0
2001-08-03 00:00:00+09:00,1621.2109831025768,1641.545442411731,1613.8166342628845,1623.0595703125,61200,0.0,0.0
2001-08-06 00:00:00+09:00,1678.5166015625,1678.5166015625,1660.0307359065255,1678.5166015625,56000,0.0,0.0
2001-08-07 00:00:00+09:00,1678.517074736706,1678.517074736706,1645.2425071758462,1672.9713134765625,39600,0.0,0.0
2001-08-08 00:00:00+09:00,1672.9717970782278,1698.8520237733605,1672.9717970782278,1687.760498046875,41600,0.0,0.0
2001-08-09 00:00:00+09:00,1682.2145815762606,1682.2145815762606,1626.7569580078125,1626.7569580078125,44800,0.0,0.0
2001-08-10 00:00:00+09:00,1626.7568503149773,1660.0314222532384,1626.7568503149773,1632.3026123046875,74400,0.0,0.0
2001-08-13 00:00:00+09:00,1669.2744694102894,1669.2744694102894,1617.5140207464044,1626.7569580078125,52000,0.0,0.0
2001-08-14 00:00:00+09:00,1678.5174757434474,1719.1864013671873,1661.8801879882812,1719.1864013671875,92800,0.0,0.0
2001-08-15 00:00:00+09:00,1722.8832575563526,1726.580431928791,1667.4256419697747,1691.457275390625,81200,0.0,0.0
2001-08-16 00:00:00+09:00,1676.6681262087743,1717.3370333494504,1672.9709528323492,1702.54833984375,65200,0.0,0.0
2001-08-17 00:00:00+09:00,1713.6404342891035,1802.3726250613547,1711.7918469813483,1765.40087890625,133200,0.0,0.0
2001-08-20 00:00:00+09:00,1709.9433624367418,1752.460873070304,1695.1546630859375,1695.1546630859375,77600,0.0,0.0
2001-08-21 00:00:00+09:00,1685.9110757406656,1713.6398763285054,1684.0624890348095,1708.0941162109375,62400,0.0,0.0
2001-08-22 00:00:00+09:00,1713.6408372105004,1722.883775922531,1700.7007230136574,1717.3380126953125,32400,0.0,0.0
2001-08-23 00:00:00+09:00,1704.3977729545843,1715.4892985920328,1682.2147216796875,1682.2147216796875,47200,0.0,0.0
2001-08-24 00:00:00+09:00,1672.9717836484804,1689.609072104653,1669.2746084359974,1682.2147216796875,32800,0.0,0.0
2001-08-27 00:00:00+09:00,1691.457184343707,1691.457184343707,1672.9713134765627,1672.9713134765625,36800,0.0,0.0
2001-08-28 00:00:00+09:00,1672.97198143434,1680.3663327334973,1626.7572858146068,1645.2431640625,87600,0.0,0.0
2001-08-29 00:00:00+09:00,1626.7572662492864,1641.5459686697345,1617.5143272365065,1619.3629150390625,49600,0.0,0.0
2001-08-30 00:00:00+09:00,1608.2710901896157,1608.2710901896157,1573.1479284498425,1597.1795654296875,38800,0.0,0.0
2001-08-31 00:00:00+09:00,1571.2989807128906,1571.2989807128906,1547.267349243164,1567.601806640625,71600,0.0,0.0
2001-09-03 00:00:00+09:00,1562.0562931700645,1562.0562931700645,1441.898116772367,1443.7467041015625,70400,0.0,0.0
2001-09-04 00:00:00+09:00,1406.774528715882,1477.02082581339,1406.774528715882,1460.383544921875,90400,0.0,0.0
2001-09-05 00:00:00+09:00,1460.3840096791585,1460.3840096791585,1408.6235637664795,1419.715087890625,63200,0.0,0.0
2001-09-06 00:00:00+09:00,1423.412305127393,1458.5354659032637,1421.5637177181366,1436.3524169921875,41200,0.0,0.0
2001-09-07 00:00:00+09:00,1417.866486194087,1436.3523595473346,1386.440501493566,1414.1693115234375,52400,0.0,0.0
2001-09-10 00:00:00+09:00,1367.9540719497556,1395.682870705494,1362.408312198608,1371.6512451171875,72000,0.0,0.0
2001-09-11 00:00:00+09:00,1386.4402002936242,1388.288787227349,1367.954330956376,1377.197265625,36000,0.0,0.0
2001-09-12 00:00:00+09:00,1284.7681884765625,1284.7681884765625,1284.7681884765625,1284.7681884765625,24400,0.0,0.0
2001-09-13 00:00:00+09:00,1247.7961905343193,1294.0108642578125,1194.187169015067,1294.0108642578125,197200,0.0,0.0
2001-09-14 00:00:00+09:00,1330.9828767123288,1360.5602739726028,1314.3455907534246,1349.46875,114400,0.0,0.0
2001-09-17 00:00:00+09:00,1330.9825534178258,1330.9825534178258,1238.5532094304767,1262.5848388671875,70400,0.0,0.0
2001-09-18 00:00:00+09:00,1262.5846227511554,1334.6794987208407,1262.5846227511554,1312.4964599609375,81600,0.0,0.0
2001-09-19 00:00:00+09:00,1330.9827709328104,1373.5002761153862,1330.9827709328104,1355.014404296875,103600,0.0,0.0
2001-09-20 00:00:00+09:00,1351.3172299331727,1355.014404296875,1316.1940734780012,1355.014404296875,53200,0.0,0.0
2001-09-21 00:00:00+09:00,1303.2539800008137,1330.9827880859375,1297.708218383789,1330.9827880859375,42000,0.0,0.0
2001-09-24 00:00:00+09:00,1330.9827880859375,1330.9827880859375,1330.9827880859375,1330.9827880859375,0,0.0,0.0
2001-09-25 00:00:00+09:00,1389.3347869330325,1389.3347869330325,1352.285859281485,1354.1383056640625,58800,3.75,0.0
2001-09-26 00:00:00+09:00,1367.1055574378188,1378.2202367665816,1352.2859849994684,1361.5482177734375,34400,0.0,0.0
2001-09-27 00:00:00+09:00,1380.0725685828147,1380.0725685828147,1361.5481045749916,1376.36767578125,28800,0.0,0.0
2001-09-28 00:00:00+09:00,1376.36767578125,1376.36767578125,1376.36767578125,1376.36767578125,0,0.0,0.0
2001-10-01 00:00:00+09:00,1439.3509892054967,1454.170561809929,1402.3020576944157,1452.318115234375,67200,0.0,0.0
2001-10-02 00:00:00+09:00,1437.498338886336,1528.2682082232309,1435.645892573338,1511.59619140625,107600,0.0,0.0
2001-10-03 00:00:00+09:00,1550.4973257120373,1565.3168939386755,1520.8581892587606,1526.41552734375,116000,0.0,0.0
2001-10-04 00:00:00+09:00,1581.9893608550658,1581.9893608550658,1520.858624428582,1544.9404296875,62000,0.0,0.0
2001-10-05 00:00:00+09:00,1526.4157471917756,1526.4157471917756,1481.95703610852,1489.3668212890625,64400,0.0,0.0
2001-10-08 00:00:00+09:00,1489.3668212890625,1489.3668212890625,1489.3668212890625,1489.3668212890625,0,0.0,0.0
2001-10-09 00:00:00+09:00,1463.4327392578125,1489.3669903332675,1446.7607207093058,1463.4327392578125,60400,0.0,0.0
2001-10-10 00:00:00+09:00,1509.7437354361655,1535.677983652247,1489.3668261235302,1496.776611328125,70000,0.0,0.0
2001-10-11 00:00:00+09:00,1506.0387361852133,1528.2680902248476,1500.4813976753048,1519.005859375,61200,0.0,0.0
2001-10-12 00:00:00+09:00,1531.9729825647867,1550.4974442644816,1496.7765053353658,1519.005859375,68800,0.0,0.0
2001-10-15 00:00:00+09:00,1519.006495164149,1537.5309646173705,1496.7771318202836,1502.33447265625,40400,0.0,0.0
2001-10-16 00:00:00+09:00,1500.4815651899328,1546.792724609375,1498.629118813155,1546.792724609375,56800,0.0,0.0
2001-10-17 00:00:00+09:00,1574.579828765217,1581.9896161947001,1519.0064230440914,1559.76025390625,92800,0.0,0.0
2001-10-18 00:00:00+09:00,1530.1208200881385,1544.9403921955297,1519.0061410075953,1531.9732666015625,47600,0.0,0.0
2001-10-19 00:00:00+09:00,1531.973303778852,1544.9404296875,1522.7110709869603,1544.9404296875,56000,0.0,0.0
2001-10-22 00:00:00+09:00,1548.6453228042565,1572.7271280631744,1537.5306434539868,1544.9404296875,91600,0.0,0.0
2001-10-23 00:00:00+09:00,1554.2025819676867,1565.3172607421875,1546.7927961180196,1565.3172607421875,95600,0.0,0.0
2001-10-24 00:00:00+09:00,1565.3172607421875,1565.3172607421875,1550.4976890428532,1565.3172607421875,76400,0.0,0.0
2001-10-25 00:00:00+09:00,1574.5796080841415,1630.153006016523,1572.7271614863955,1611.6285400390625,197600,0.0,0.0
2001-10-26 00:00:00+09:00,1648.6781005859375,1656.0878898020542,1633.8585221537044,1648.6781005859375,158400,0.0,0.0
2001-10-29 00:00:00+09:00,1657.9395027807202,1687.5786447298728,1630.1528072033898,1639.4150390625,102000,0.0,0.0
2001-10-30 00:00:00+09:00,1593.104070438799,1619.0383227482678,1593.104070438799,1604.21875,62400,0.0,0.0
2001-10-31 00:00:00+09:00,1585.694589037414,1626.4484219332355,1585.694589037414,1615.333740234375,72800,0.0,0.0
2001-11-01 00:00:00+09:00,1626.4479678883272,1626.4479678883272,1574.5794677734375,1574.5794677734375,55200,0.0,0.0
2001-11-02 00:00:00+09:00,1580.1365994673508,1593.1037227924053,1541.2352294921875,1541.2352294921875,53600,0.0,0.0
2001-11-05 00:00:00+09:00,1537.5304927254865,1546.792724609375,1530.1207072183759,1546.792724609375,45600,0.0,0.0
2001-11-06 00:00:00+09:00,1546.7930880292945,1554.202875277339,1515.3014922251052,1539.38330078125,67600,0.0,0.0
2001-11-07 00:00:00+09:00,1541.2354268665852,1541.2354268665852,1502.334051909616,1513.44873046875,82000,0.0,0.0
2001-11-08 00:00:00+09:00,1513.4486133050395,1520.8583984375,1506.038828172579,1520.8583984375,36000,0.0,0.0
2001-11-09 00:00:00+09:00,1520.8583984375,1520.8583984375,1520.8583984375,1520.8583984375,0,0.0,0.0
2001-11-12 00:00:00+09:00,1472.6949168449669,1480.104702590099,1467.137577536118,1474.54736328125,22000,0.0,0.0
2001-11-13 00:00:00+09:00,1418.9739780745967,1446.7606747731854,1417.1215316280243,1435.64599609375,34800,0.0,0.0
2001-11-14 00:00:00+09:00,1441.203537790399,1470.8426850971423,1406.0070503636412,1407.8594970703125,38800,0.0,0.0
2001-11-15 00:00:00+09:00,1389.334693321815,1444.9080810546875,1389.334693321815,1444.9080810546875,57600,0.0,0.0
2001-11-16 00:00:00+09:00,1463.432757010638,1463.432757010638,1426.3838264534065,1439.3509521484375,42400,0.0,0.0
2001-11-19 00:00:00+09:00,1454.170460559476,1461.5802463457662,1435.64599609375,1435.64599609375,55200,0.0,0.0
2001-11-20 00:00:00+09:00,1441.2030941772462,1500.4813705444337,1435.6457557678223,1481.9569091796875,70800,0.0,0.0
2001-11-21 00:00:00+09:00,1481.9574870608533,1481.9574870608533,1465.2854653314187,1476.400146484375,41200,0.0,0.0
2001-11-22 00:00:00+09:00,1467.1376068691038,1472.6949462890625,1454.170481555867,1472.6949462890625,36800,0.0,0.0
2001-11-23 00:00:00+09:00,1472.6949462890625,1472.6949462890625,1472.6949462890625,1472.6949462890625,0,0.0,0.0
2001-11-26 00:00:00+09:00,1487.5142744855182,1519.005859375,1485.6618283155487,1519.005859375,50000,0.0,0.0
2001-11-27 00:00:00+09:00,1519.006069748317,1524.563409027884,1504.1864983361384,1513.44873046875,34000,0.0,0.0
2001-11-28 00:00:00+09:00,1487.5145138669404,1491.2194068030972,1465.28515625,1465.28515625,27600,0.0,0.0
2001-11-29 00:00:00+09:00,1454.1704307634805,1461.580216397944,1437.4984130859375,1437.4984130859375,35600,0.0,0.0
2001-11-30 00:00:00+09:00,1456.023008385483,1456.023008385483,1426.3838631766184,1452.318115234375,50000,0.0,0.0
2001-12-03 00:00:00+09:00,1456.0229070060484,1456.0229070060484,1411.5641922883065,1435.64599609375,44000,0.0,0.0
2001-12-04 00:00:00+09:00,1443.0555687284887,1481.9569383604505,1433.7933378637358,1480.1044921875,52800,0.0,0.0
2001-12-05 00:00:00+09:00,1502.3338966463357,1517.1534665269407,1489.3667730008062,1507.8912353515625,64000,0.0,0.0
2001-12-06 00:00:00+09:00,1522.710751714939,1535.6778749047255,1500.4813976753048,1519.005859375,48000,0.0,0.0
2001-12-07 00:00:00+09:00,1519.0058319091797,1519.0058319091797,1481.9569091796875,1481.9569091796875,36000,0.0,0.0
2001-12-10 00:00:00+09:00,1467.1374131944444,1500.4814453125,1426.3835961612654,1500.4814453125,64000,0.0,0.0
2001-12-11 00:00:00+09:00,1450.4655596095713,1481.9571490263818,1450.4655596095713,1474.54736328125,40400,0.0,0.0
2001-12-12 00:00:00+09:00,1439.3509097693102,1474.547392762382,1431.941123876032,1472.6949462890625,63200,0.0,0.0
2001-12-13 00:00:00+09:00,1463.4328208991897,1463.4328208991897,1431.941228550726,1443.055908203125,59600,0.0,0.0
2001-12-14 00:00:00+09:00,1426.383734634242,1454.1704307634805,1418.9739489997785,1437.4984130859375,99600,0.0,0.0
2001-12-17 00:00:00+09:00,1437.4979642932046,1437.4979642932046,1376.367251894138,1380.0721435546875,65200,0.0,0.0
2001-12-18 00:00:00+09:00,1376.3678201368784,1400.449625872786,1350.433567805901,1359.69580078125,70000,0.0,0.0
2001-12-19 00:00:00+09:00,1341.1710549292898,1381.924871515539,1302.2696845515065,1346.7283935546875,51600,0.0,0.0
2001-12-20 00:00:00+09:00,1378.2203466021826,1402.3021537336724,1359.6958795779597,1400.44970703125,43600,0.0,0.0
2001-12-21 00:00:00+09:00,1381.9251744791666,1389.3349609375,1374.5153880208331,1389.3349609375,44400,0.0,0.0
2001-12-24 00:00:00+09:00,1389.3349609375,1389.3349609375,1389.3349609375,1389.3349609375,0,0.0,0.0
2001-12-25 00:00:00+09:00,1389.3347662848394,1389.3347662848394,1352.2858391839104,1370.810302734375,30400,0.0,0.0
2001-12-26 00:00:00+09:00,1370.810313877723,1378.2200993581432,1333.7613864756224,1339.3187255859375,33200,0.0,0.0
2001-12-27 00:00:00+09:00,1343.0238175488678,1372.6629638671875,1341.1713709039727,1372.6629638671875,51200,0.0,0.0
2001-12-28 00:00:00+09:00,1389.3351236979167,1417.121826171875,1380.0728895399307,1417.121826171875,34000,0.0,0.0
2001-12-31 00:00:00+09:00,1417.121826171875,1417.121826171875,1417.121826171875,1417.121826171875,0,0.0,0.0
2002-01-01 00:00:00+09:00,1417.121826171875,1417.121826171875,1417.121826171875,1417.121826171875,0,0.0,0.0
2002-01-02 00:00:00+09:00,1417.121826171875,1417.121826171875,1417.121826171875,1417.121826171875,0,0.0,0.0
2002-01-03 00:00:00+09:00,1417.121826171875,1417.121826171875,1417.121826171875,1417.121826171875,0,0.0,0.0
2002-01-04 00:00:00+09:00,1420.8265533854167,1426.3838932291665,1368.9580481770831,1389.3349609375,38400,0.0,0.0
2002-01-07 00:00:00+09:00,1396.7447806430528,1417.1216938885084,1394.892333984375,1394.892333984375,36000,0.0,0.0
2002-01-08 00:00:00+09:00,1394.8921260807647,1417.1214826716932,1352.285859281485,1354.1383056640625,70800,0.0,0.0
2002-01-09 00:00:00+09:00,1363.4004785555935,1367.105371160364,1346.7284618341255,1357.8431396484375,40400,0.0,0.0
2002-01-10 00:00:00+09:00,1330.0565607561384,1348.581025390625,1291.1551850237165,1296.7125244140625,91200,0.0,0.0
2002-01-11 00:00:00+09:00,1291.1550137930542,1333.7612768020072,1268.9256591796875,1268.9256591796875,143600,0.0,0.0
2002-01-14 00:00:00+09:00,1268.9256591796875,1268.9256591796875,1268.9256591796875,1268.9256591796875,0,0.0,0.0
2002-01-15 00:00:00+09:00,1231.8766276041667,1296.7122395833335,1231.8766276041667,1283.7451171875,68000,0.0,0.0
2002-01-16 00:00:00+09:00,1296.7122336776579,1305.9744639182125,1272.6304350522157,1276.3353271484375,50400,0.0,0.0
2002-01-17 00:00:00+09:00,1272.6305859587912,1293.0074949042742,1270.7781396910202,1274.4830322265625,45600,0.0,0.0
2002-01-18 00:00:00+09:00,1281.892883725226,1331.908935546875,1281.892883725226,1331.908935546875,70400,0.0,0.0
2002-01-21 00:00:00+09:00,1346.7287618319194,1422.6790771484375,1331.909188111623,1422.6790771484375,144000,0.0,0.0
2002-01-22 00:00:00+09:00,1441.2033274281564,1481.9571490263818,1426.3837559378926,1474.54736328125,242800,0.0,0.0
2002-01-23 00:00:00+09:00,1437.4984881823575,1507.8914553871637,1437.4984881823575,1463.4327392578125,163200,0.0,0.0
2002-01-24 00:00:00+09:00,1452.3184431892068,1452.3184431892068,1391.1876923917018,1424.53173828125,84000,0.0,0.0
2002-01-25 00:00:00+09:00,1406.0070503636412,1435.6461976703845,1389.335030003598,1407.8594970703125,74000,0.0,0.0
2002-01-28 00:00:00+09:00,1420.8266240170128,1457.8755581504422,1404.1546036569696,1407.8594970703125,17200,0.0,0.0
2002-01-29 00:00:00+09:00,1409.711973569767,1431.9413345196187,1398.597293094841,1406.007080078125,40000,0.0,0.0
2002-01-30 00:00:00+09:00,1389.3349680233757,1404.154541015625,1372.6629484070952,1404.154541015625,35200,0.0,0.0
2002-01-31 00:00:00+09:00,1404.154541015625,1404.154541015625,1404.154541015625,1404.154541015625,0,0.0,0.0
2002-02-01 00:00:00+09:00,1389.334772823583,1406.0067900974661,1322.646703728051,1331.908935546875,63600,0.0,0.0
2002-02-04 00:00:00+09:00,1333.7615194515306,1368.9580039926125,1333.7615194515306,1361.5482177734375,46400,0.0,0.0
2002-02-05 00:00:00+09:00,1315.2370937609571,1320.79443359375,1298.565074262579,1320.79443359375,37600,0.0,0.0
2002-02-06 00:00:00+09:00,1293.007648673467,1294.8600951615379,1270.7782908166166,1272.6307373046875,69600,0.0,0.0
2002-02-07 00:00:00+09:00,1291.1551850237165,1305.9747567313057,1278.188059779576,1296.7125244140625,60000,0.0,0.0
2002-02-08 00:00:00+09:00,1298.5648438854455,1348.5808935072814,1298.5648438854455,1335.61376953125,63600,0.0,0.0
2002-02-11 00:00:00+09:00,1335.61376953125,1335.61376953125,1335.61376953125,1335.61376953125,0,0.0,0.0
2002-02-12 00:00:00+09:00,1372.6630914787424,1387.482666015625,1361.5484105760806,1387.482666015625,65200,0.0,0.0
2002-02-13 00:00:00+09:00,1380.0723295199025,1406.0065746383973,1370.81009912044,1383.7772216796875,81200,0.0,0.0
2002-02-14 00:00:00+09:00,1374.5150146484375,1407.859044653386,1361.5478918687352,1374.5150146484375,50000,0.0,0.0
2002-02-15 00:00:00+09:00,1374.515354530484,1374.515354530484,1322.6468505859375,1322.6468505859375,65200,0.0,0.0
2002-02-18 00:00:00+09:00,1337.4662108693994,1357.8431198992657,1328.2039794921875,1328.2039794921875,29200,0.0,0.0
2002-02-19 00:00:00+09:00,1343.023694571802,1343.023694571802,1298.5649791652872,1311.5321044921875,55600,0.0,0.0
2002-02-20 00:00:00+09:00,1300.4175208735098,1337.4664530921284,1300.4175208735098,1320.79443359375,42800,0.0,0.0
2002-02-21 00:00:00+09:00,1346.7285333687332,1380.0725685828147,1333.7614085632572,1376.36767578125,47200,0.0,0.0
2002-02-22 00:00:00+09:00,1387.4824997072974,1389.3349463023671,1359.69580078125,1359.69580078125,42000,0.0,0.0
2002-02-25 00:00:00+09:00,1367.105410024282,1391.187212639886,1367.105410024282,1370.810302734375,32800,0.0,0.0
2002-02-26 00:00:00+09:00,1370.810302734375,1370.810302734375,1352.2858391839104,1370.810302734375,34400,0.0,0.0
2002-02-27 00:00:00+09:00,1370.8102299772352,1398.596923828125,1367.1053374637831,1398.596923828125,42400,0.0,0.0
2002-02-28 00:00:00+09:00,1402.3021632830303,1422.6790771484375,1389.335036277771,1422.6790771484375,59600,0.0,0.0
2002-03-01 00:00:00+09:00,1424.531453879968,1424.531453879968,1389.3349680233757,1404.154541015625,52400,0.0,0.0
2002-03-04 00:00:00+09:00,1422.6789955070603,1452.3181412467907,1422.6789955070603,1443.055908203125,71600,0.0,0.0
2002-03-05 00:00:00+09:00,1461.5803104827764,1463.432757010638,1418.9740403419603,1439.3509521484375,54000,0.0,0.0
2002-03-06 00:00:00+09:00,1426.3839570832345,1461.5804443359375,1426.3839570832345,1461.5804443359375,48400,0.0,0.0
2002-03-07 00:00:00+09:00,1481.9571490263818,1491.2193812077967,1467.137577536118,1474.54736328125,117200,0.0,0.0
2002-03-08 00:00:00+09:00,1463.4328405936938,1565.3174054451536,1461.580393960031,1548.6453857421875,385200,0.0,0.0
2002-03-11 00:00:00+09:00,1574.5794677734375,1591.251485667509,1550.4976641486674,1574.5794677734375,157600,0.0,0.0
2002-03-12 00:00:00+09:00,1519.0060265780087,1519.0060265780087,1481.9570991004962,1493.07177734375,147600,0.0,0.0
2002-03-13 00:00:00+09:00,1481.9572222892537,1481.9572222892537,1439.3509521484375,1439.3509521484375,96400,0.0,0.0
2002-03-14 00:00:00+09:00,1424.5312206714184,1430.0885596337257,1404.1543111429587,1426.3836669921875,48000,0.0,0.0
2002-03-15 00:00:00+09:00,1444.9084272540983,1468.990234375,1426.38396023802,1468.990234375,30000,0.0,0.0
2002-03-18 00:00:00+09:00,1500.4815909788779,1500.4815909788779,1433.7935202687056,1437.4984130859375,38000,0.0,0.0
2002-03-19 00:00:00+09:00,1474.5471536686482,1480.1044921875,1435.6457840366863,1480.1044921875,30400,0.0,0.0
2002-03-20 00:00:00+09:00,1489.3670807854194,1493.071974021204,1450.465701809681,1457.87548828125,47600,0.0,0.0
2002-03-21 00:00:00+09:00,1457.87548828125,1457.87548828125,1457.87548828125,1457.87548828125,0,0.0,0.0
2002-03-22 00:00:00+09:00,1448.6130915376327,1452.3179843548646,1435.6459666773214,1437.4984130859375,38400,0.0,0.0
2002-03-25 00:00:00+09:00,1439.3508889868951,1439.3508889868951,1417.1215316280243,1435.64599609375,45600,0.0,0.0
2002-03-26 00:00:00+09:00,1429.1500297075188,1438.4302247056196,1399.4534057135963,1412.4456787109375,20400,3.75,0.0
2002-03-27 00:00:00+09:00,1395.7412033279222,1436.5740576806006,1393.8851644937095,1429.14990234375,30400,0.0,0.0
2002-03-28 00:00:00+09:00,1410.5895216921542,1410.5895216921542,1395.7412109375,1395.7412109375,36400,0.0,0.0
2002-03-29 00:00:00+09:00,1393.885008475582,1419.8695492460988,1392.0289698491165,1405.021240234375,44400,0.0,0.0
2002-04-01 00:00:00+09:00,1393.8851318359375,1429.1498688597494,1375.324743928668,1393.8851318359375,40000,0.0,0.0
2002-04-02 00:00:00+09:00,1412.445477854208,1412.445477854208,1375.3247031405626,1397.59716796875,46400,0.0,0.0
2002-04-03 00:00:00+09:00,1364.188312602107,1395.7409674514074,1364.188312602107,1384.604736328125,34800,0.0,0.0
2002-04-04 00:00:00+09:00,1375.325207852883,1427.2943115234375,1375.325207852883,1427.2943115234375,52000,0.0,0.0
2002-04-05 00:00:00+09:00,1440.2857270489199,1466.2702633616582,1429.1494972006035,1460.7021484375,66000,0.0,0.0
2002-04-08 00:00:00+09:00,1462.5582272268623,1471.8384190239872,1449.5659587108876,1451.4219970703125,32000,0.0,0.0
2002-04-09 00:00:00+09:00,1447.7102906858768,1456.99048485694,1429.14990234375,1429.14990234375,27600,0.0,0.0
2002-04-10 00:00:00+09:00,1410.5892317051544,1471.8385009765625,1410.5892317051544,1471.8385009765625,26000,0.0,0.0
2002-04-11 00:00:00+09:00,1482.9750673350527,1482.9750673350527,1442.1422119140625,1442.1422119140625,34000,0.0,0.0
2002-04-12 00:00:00+09:00,1442.1421741832387,1443.9982130174515,1416.1576305042615,1429.14990234375,28400,0.0,0.0
2002-04-15 00:00:00+09:00,1429.1501911637051,1429.1501911637051,1414.3018774892769,1419.8699951171875,19600,0.0,0.0
2002-04-16 00:00:00+09:00,1438.429969739003,1456.9903564453125,1421.7256217033241,1456.9903564453125,32000,0.0,0.0
2002-04-17 00:00:00+09:00,1438.4302540314502,1449.5664882562098,1431.0060978816105,1447.71044921875,39600,0.0,0.0
2002-04-18 00:00:00+09:00,1447.710531330231,1456.9907270438864,1429.1501399029205,1445.8544921875,37200,0.0,0.0
2002-04-19 00:00:00+09:00,1438.4298489178498,1462.558349609375,1432.8617333736515,1462.558349609375,28800,0.0,0.0
2002-04-22 00:00:00+09:00,1460.7022701999429,1475.5505779021023,1458.8462317371727,1471.8385009765625,40400,0.0,0.0
2002-04-23 00:00:00+09:00,1466.2705078125,1471.8386236649526,1455.134276107595,1466.2705078125,36000,0.0,0.0
2002-04-24 00:00:00+09:00,1466.2703039457122,1475.550495742837,1451.4219970703125,1451.4219970703125,35200,0.0,0.0
2002-04-25 00:00:00+09:00,1453.2784841149169,1455.1345230473753,1442.1422505201665,1449.56640625,32000,0.0,0.0
2002-04-26 00:00:00+09:00,1455.134575702201,1455.134575702201,1405.0215227124568,1412.4456787109375,57600,0.0,0.0
2002-04-29 00:00:00+09:00,1412.4456787109375,1412.4456787109375,1412.4456787109375,1412.4456787109375,0,0.0,0.0
2002-04-30 00:00:00+09:00,1393.8850091180373,1429.1497430371353,1384.6048159814325,1399.453125,35600,0.0,0.0
2002-05-01 00:00:00+09:00,1397.597445866696,1432.8621888566925,1395.7414067619593,1416.1578369140625,32800,0.0,0.0
2002-05-02 00:00:00+09:00,1434.718018846388,1434.718018846388,1416.1576305042615,1429.14990234375,28000,0.0,0.0
2002-05-03 00:00:00+09:00,1429.14990234375,1429.14990234375,1429.14990234375,1429.14990234375,0,0.0,0.0
2002-05-06 00:00:00+09:00,1429.14990234375,1429.14990234375,1429.14990234375,1429.14990234375,0,0.0,0.0
2002-05-07 00:00:00+09:00,1419.8697538715107,1431.0059872352087,1408.7335205078125,1408.7335205078125,31600,0.0,0.0
2002-05-08 00:00:00+09:00,1408.7333181366048,1425.4376657824935,1393.8850091180373,1399.453125,24800,0.0,0.0
2002-05-09 00:00:00+09:00,1403.16528515625,1408.7334013671875,1392.029052734375,1392.029052734375,59200,0.0,0.0
2002-05-10 00:00:00+09:00,1377.1807908149615,1377.1807908149615,1340.060014782213,1354.9083251953125,98000,0.0,0.0
2002-05-13 00:00:00+09:00,1336.3478608371158,1338.203899532723,1317.787473881045,1328.9237060546875,172800,0.0,0.0
2002-05-14 00:00:00+09:00,1336.3483091051532,1336.3483091051532,1328.9241518323468,1332.63623046875,82000,0.0,0.0
2002-05-15 00:00:00+09:00,1336.3483489438456,1336.3483489438456,1328.9241914497131,1334.4923095703125,111600,0.0,0.0
2002-05-16 00:00:00+09:00,1336.3478993775932,1351.1962093706777,1336.3478993775932,1341.916015625,158000,0.0,0.0
2002-05-17 00:00:00+09:00,1354.908686098845,1377.1811576511548,1354.908686098845,1366.044921875,95200,0.0,0.0
2002-05-20 00:00:00+09:00,1384.6048205949437,1388.3168978619542,1345.6280092913325,1360.476318359375,146000,0.0,0.0
2002-05-21 00:00:00+09:00,1362.332480401862,1367.9005968067743,1345.6281311871255,1354.9083251953125,92000,0.0,0.0
2002-05-22 00:00:00+09:00,1364.188632251107,1390.1731776273186,1362.3325932956634,1388.317138671875,92800,0.0,0.0
2002-05-23 00:00:00+09:00,1406.877323443283,1406.877323443283,1377.180704478781,1379.0367431640625,43600,0.0,0.0
2002-05-24 00:00:00+09:00,1382.7488590494793,1397.5971689453124,1377.1807428385416,1392.029052734375,47600,0.0,0.0
2002-05-27 00:00:00+09:00,1392.0291704622655,1410.5895594017622,1382.748975992517,1408.7335205078125,68000,0.0,0.0
2002-05-28 00:00:00+09:00,1406.8775617120768,1412.4456787109375,1382.749054717015,1412.4456787109375,54800,0.0,0.0
2002-05-29 00:00:00+09:00,1375.3248291015625,1401.3093737809443,1373.4687901958923,1375.3248291015625,51600,0.0,0.0
2002-05-30 00:00:00+09:00,1393.885011739808,1393.885011739808,1373.468586800876,1377.1806640625,45200,0.0,0.0
2002-05-31 00:00:00+09:00,1377.1810589390254,1406.877685546875,1377.1810589390254,1406.877685546875,55200,0.0,0.0
2002-06-03 00:00:00+09:00,1403.1654503154246,1406.8775282263118,1386.4610997164314,1388.317138671875,28800,0.0,0.0
2002-06-04 00:00:00+09:00,1390.172894577753,1392.0289331552933,1364.1883544921875,1364.1883544921875,40400,0.0,0.0
2002-06-05 00:00:00+09:00,1360.4764416002247,1380.8928684182363,1354.9083251953125,1354.9083251953125,48800,0.0,0.0
2002-06-06 00:00:00+09:00,1358.6204458512932,1369.7566790140086,1345.628173828125,1345.628173828125,46000,0.0,0.0
2002-06-07 00:00:00+09:00,1340.0599768758643,1351.1962093706777,1336.3478993775932,1341.916015625,29600,0.0,0.0
2002-06-10 00:00:00+09:00,1341.9158945761965,1345.627971739616,1330.7796630859375,1330.7796630859375,38400,0.0,0.0
2002-06-11 00:00:00+09:00,1330.7801911505483,1349.3405843325643,1328.9241518323468,1332.63623046875,28400,0.0,0.0
2002-06-12 00:00:00+09:00,1332.6357428704107,1332.6357428704107,1321.499511035839,1327.067626953125,39600,0.0,0.0
2002-06-13 00:00:00+09:00,1321.499554720792,1330.7797482230446,1304.795206416737,1306.6512451171875,53200,0.0,0.0
2002-06-14 00:00:00+09:00,1336.347863441478,1336.347863441478,1308.5072829531139,1312.2193603515625,149600,0.0,0.0
2002-06-17 00:00:00+09:00,1310.363727116989,1317.787884211136,1301.0835307493048,1314.0758056640625,88400,0.0,0.0
2002-06-18 00:00:00+09:00,1323.3557593190772,1327.0678371853298,1299.2272531884348,1302.9393310546875,52800,0.0,0.0
2002-06-19 00:00:00+09:00,1302.93947265625,1302.93947265625,1252.826416015625,1252.826416015625,39200,0.0,0.0
2002-06-20 00:00:00+09:00,1252.8260426541253,1330.7796630859375,1243.545849745576,1330.7796630859375,63600,0.0,0.0
2002-06-21 00:00:00+09:00,1269.5304780847887,1278.81067163804,1254.6821683995863,1262.1063232421875,70000,0.0,0.0
2002-06-24 00:00:00+09:00,1245.402131770549,1275.0987548828125,1234.2658981034504,1275.0987548828125,42800,0.0,0.0
2002-06-25 00:00:00+09:00,1265.8184801978787,1286.2349072978445,1265.8184801978787,1271.3865966796875,38400,0.0,0.0
2002-06-26 00:00:00+09:00,1271.3864782532648,1271.3864782532648,1243.5458984375,1243.5458984375,39600,0.0,0.0
2002-06-27 00:00:00+09:00,1247.258056640625,1252.8261729649134,1247.258056640625,1247.258056640625,35600,0.0,0.0
2002-06-28 00:00:00+09:00,1297.371178423049,1297.371178423049,1275.0987118406792,1284.37890625,52000,0.0,0.0
2002-07-01 00:00:00+09:00,1282.5227016200427,1310.36328125,1278.8106243360482,1310.36328125,56000,0.0,0.0
2002-07-02 00:00:00+09:00,1310.3635731649056,1310.3635731649056,1284.3790263882645,1289.9471435546875,50000,0.0,0.0
2002-07-03 00:00:00+09:00,1289.9470999581472,1302.939372907366,1286.235021972656,1299.227294921875,73200,0.0,0.0
2002-07-04 00:00:00+09:00,1299.2271346275252,1301.0831733912787,1284.3788245174962,1286.23486328125,57600,0.0,0.0
2002-07-05 00:00:00+09:00,1289.9468173353116,1310.3632417823453,1284.3787015770297,1297.3709716796875,52400,0.0,0.0
2002-07-08 00:00:00+09:00,1315.9315259743012,1317.7875647979604,1282.5228271484375,1282.5228271484375,87600,0.0,0.0
2002-07-09 00:00:00+09:00,1289.946977552954,1306.6513269025604,1289.946977552954,1304.7952880859375,30400,0.0,0.0
2002-07-10 00:00:00+09:00,1306.6511992778542,1356.7642424319765,1304.7951606425163,1349.340087890625,152000,0.0,0.0
2002-07-11 00:00:00+09:00,1325.2116321216931,1325.2116321216931,1302.9391677162864,1306.6512451171875,74000,0.0,0.0
2002-07-12 00:00:00+09:00,1315.931439496311,1328.9237104081224,1301.0831298828125,1301.0831298828125,42800,0.0,0.0
2002-07-15 00:00:00+09:00,1301.0832179160013,1301.0832179160013,1271.3865966796875,1271.3865966796875,66800,0.0,0.0
2002-07-16 00:00:00+09:00,1271.3865167954389,1278.81067163804,1262.1063232421875,1262.1063232421875,47600,0.0,0.0
2002-07-17 00:00:00+09:00,1262.1064822711974,1275.0987548828125,1243.5460928260327,1275.0987548828125,63200,0.0,0.0
2002-07-18 00:00:00+09:00,1276.954951481448,1291.8032648707672,1273.2428731341183,1288.0911865234375,36000,0.0,0.0
2002-07-19 00:00:00+09:00,1288.0910752877683,1288.0910752877683,1252.8263340334922,1254.682373046875,37200,0.0,0.0
2002-07-22 00:00:00+09:00,1243.5462203414352,1269.5307682291666,1241.6901812065971,1252.826416015625,39200,0.0,0.0
2002-07-23 00:00:00+09:00,1252.8259685454009,1258.394083961158,1243.5457761858052,1249.1138916015625,36400,0.0,0.0
2002-07-24 00:00:00+09:00,1243.5458187940644,1250.9699729361184,1217.561279296875,1217.561279296875,49200,0.0,0.0
2002-07-25 00:00:00+09:00,1239.8339015415736,1265.8184443882533,1237.9778627668109,1247.258056640625,43600,0.0,0.0
2002-07-26 00:00:00+09:00,1260.250166391226,1260.250166391226,1206.425048828125,1206.425048828125,55600,0.0,0.0
2002-07-29 00:00:00+09:00,1211.9931644381008,1241.6897810246394,1206.425048828125,1206.425048828125,44000,0.0,0.0
2002-07-30 00:00:00+09:00,1239.8342738086822,1258.3946671291715,1228.6980378163887,1230.5540771484375,25200,0.0,0.0
2002-07-31 00:00:00+09:00,1224.985107421875,1237.9773737127132,1217.5609552556818,1224.985107421875,33600,0.0,0.0
2002-08-01 00:00:00+09:00,1224.9855968179224,1230.5537131670947,1211.9933253365202,1219.41748046875,19600,0.0,0.0
2002-08-02 00:00:00+09:00,1237.9777846805266,1237.9777846805266,1224.985514076683,1226.841552734375,30000,0.0,0.0
2002-08-05 00:00:00+09:00,1210.1372048151475,1232.409668707451,1210.1372048151475,1226.841552734375,31200,0.0,0.0
2002-08-06 00:00:00+09:00,1224.9856805728368,1232.4098362126722,1208.2813303832072,1211.993408203125,31600,0.0,0.0
2002-08-07 00:00:00+09:00,1219.4169932972302,1236.1213356711648,1213.8488791725852,1224.985107421875,22800,0.0,0.0
2002-08-08 00:00:00+09:00,1226.8415534764438,1249.114017382219,1221.2734375,1221.2734375,32400,0.0,0.0
2002-08-09 00:00:00+09:00,1239.8340245177037,1241.6900634765625,1224.985712846833,1241.6900634765625,27600,0.0,0.0
2002-08-12 00:00:00+09:00,1236.12158203125,1236.12158203125,1213.84912109375,1213.84912109375,22800,0.0,0.0
2002-08-13 00:00:00+09:00,1208.2812477704053,1228.6976743840373,1208.2812477704053,1219.41748046875,16800,0.0,0.0
2002-08-14 00:00:00+09:00,1210.1372446480834,1234.2657479922937,1210.1372446480834,1228.6976318359375,22400,0.0,0.0
2002-08-15 00:00:00+09:00,1232.4095052083333,1260.2500813802083,1230.553466796875,1258.39404296875,29200,0.0,0.0
2002-08-16 00:00:00+09:00,1243.5460928260327,1280.666871716362,1243.5460928260327,1275.0987548828125,28400,0.0,0.0
2002-08-19 00:00:00+09:00,1265.8184500451864,1265.8184500451864,1217.5614416856927,1219.41748046875,40800,0.0,0.0
2002-08-20 00:00:00+09:00,1221.273556996541,1232.4097900390625,1215.70544047528,1232.4097900390625,29200,0.0,0.0
2002-08-21 00:00:00+09:00,1215.7052407613614,1230.5535490454697,1215.7052407613614,1217.561279296875,29600,0.0,0.0
2002-08-22 00:00:00+09:00,1219.417432897231,1262.1063232421875,1217.5613941865809,1262.1063232421875,34400,0.0,0.0
2002-08-23 00:00:00+09:00,1262.1063232421875,1262.1063232421875,1262.1063232421875,1262.1063232421875,0,0.0,0.0
2002-08-26 00:00:00+09:00,1241.6901395676582,1256.5384521484375,1241.6901395676582,1256.5384521484375,39200,0.0,0.0
2002-08-27 00:00:00+09:00,1230.5540771484375,1237.9782344766334,1228.6980378163887,1230.5540771484375,26000,0.0,0.0
2002-08-28 00:00:00+09:00,1230.5536285812173,1237.977783203125,1221.2734353038325,1237.977783203125,42400,0.0,0.0
2002-08-29 00:00:00+09:00,1234.265875122631,1234.265875122631,1210.137369293166,1211.993408203125,60400,0.0,0.0
2002-08-30 00:00:00+09:00,1211.9931636903343,1224.985433438929,1211.9931636903343,1217.561279296875,55200,0.0,0.0
2002-09-02 00:00:00+09:00,1219.4173178323886,1224.985433438929,1217.561279296875,1217.561279296875,31200,0.0,0.0
2002-09-03 00:00:00+09:00,1211.9935724636377,1213.849611625144,1204.5694158176125,1208.281494140625,92400,0.0,0.0
2002-09-04 00:00:00+09:00,1189.7206617484064,1226.8414312257357,1189.7206617484064,1210.1370849609375,75600,0.0,0.0
2002-09-05 00:00:00+09:00,1211.9935724636377,1223.1298074326758,1206.4254549791187,1208.281494140625,46800,0.0,0.0
2002-09-06 00:00:00+09:00,1189.7206623083325,1199.0008546820325,1180.4404699346326,1193.4327392578125,73200,0.0,0.0
2002-09-09 00:00:00+09:00,1195.2890625,1200.8571792507764,1186.0088679153728,1195.2890625,26400,0.0,0.0
2002-09-10 00:00:00+09:00,1224.985107421875,1236.1213356711648,1206.424727006392,1224.985107421875,61600,0.0,0.0
2002-09-11 00:00:00+09:00,1213.8497231599972,1247.258431136878,1213.8497231599972,1230.5540771484375,52800,0.0,0.0
2002-09-12 00:00:00+09:00,1234.2658662298575,1254.6822940923062,1234.2658662298575,1245.402099609375,56400,0.0,0.0
2002-09-13 00:00:00+09:00,1226.841429938533,1249.1138916015625,1224.9853914666141,1249.1138916015625,103200,0.0,0.0
2002-09-16 00:00:00+09:00,1249.1138916015625,1249.1138916015625,1249.1138916015625,1249.1138916015625,0,0.0,0.0
2002-09-17 00:00:00+09:00,1252.8264054008152,1289.9471877830615,1252.8264054008152,1280.6669921875,76000,0.0,0.0
2002-09-18 00:00:00+09:00,1273.2424312862845,1278.810546875,1256.5380845201378,1278.810546875,73200,0.0,0.0
2002-09-19 00:00:00+09:00,1288.091110362951,1299.2273447464922,1267.6746806597919,1273.2427978515625,42400,0.0,0.0
2002-09-20 00:00:00+09:00,1262.1063223485542,1276.954632023243,1252.8261288018737,1267.6744384765625,52400,0.0,0.0
2002-09-23 00:00:00+09:00,1267.6744384765625,1267.6744384765625,1267.6744384765625,1267.6744384765625,0,0.0,0.0
2002-09-24 00:00:00+09:00,1267.6747183537136,1280.6669921875,1256.53848363904,1280.6669921875,49600,0.0,0.0
2002-09-25 00:00:00+09:00,1257.4159685101426,1277.876879240337,1257.4159685101426,1272.296630859375,43200,3.75,0.0
2002-09-26 00:00:00+09:00,1283.4567906221898,1316.9382721166817,1281.5967083169403,1292.7572021484375,77600,0.0,0.0
2002-09-27 00:00:00+09:00,1292.7572771744606,1311.3581013064672,1287.1770299348586,1298.3375244140625,56800,0.0,0.0
2002-09-30 00:00:00+09:00,1255.5554955406526,1266.7159888343474,1246.2550844625737,1261.1357421875,174800,0.0,0.0
2002-10-01 00:00:00+09:00,1261.1356311476375,1261.1356311476375,1214.633579851633,1235.094482421875,64000,0.0,0.0
2002-10-02 00:00:00+09:00,1236.955000988545,1236.955000988545,1212.77392578125,1212.77392578125,38800,0.0,0.0
2002-10-03 00:00:00+09:00,1214.633955001831,1223.934368133545,1190.452880859375,1190.452880859375,73200,0.0,0.0
2002-10-04 00:00:00+09:00,1188.592572243958,1190.4526545166402,1171.8518317898179,1173.7119140625,58400,0.0,0.0
2002-10-07 00:00:00+09:00,1151.3911340932377,1166.2717949538933,1134.650390625,1134.650390625,43600,0.0,0.0
2002-10-08 00:00:00+09:00,1134.6500497871061,1142.0903779824314,1117.9093113476242,1136.5101318359375,52800,0.0,0.0
2002-10-09 00:00:00+09:00,1125.3499985375936,1166.2718166662332,1116.049585326539,1117.90966796875,33600,0.0,0.0
2002-10-10 00:00:00+09:00,1099.3087786790147,1099.3087786790147,1056.5268803547892,1058.386962890625,70400,0.0,0.0
2002-10-11 00:00:00+09:00,1060.2468632512532,1103.0287542245494,1060.2468632512532,1090.0081787109375,57200,0.0,0.0
2002-10-14 00:00:00+09:00,1090.0081787109375,1090.0081787109375,1090.0081787109375,1090.0081787109375,0,0.0,0.0
2002-10-15 00:00:00+09:00,1114.1894575347649,1132.790283203125,1106.749127267421,1132.790283203125,34000,0.0,0.0
2002-10-16 00:00:00+09:00,1149.5307061777567,1149.5307061777567,1130.9298856894436,1136.5101318359375,27600,0.0,0.0
2002-10-17 00:00:00+09:00,1140.2305859617925,1145.810833527674,1119.769678220227,1121.6297607421875,22400,0.0,0.0
2002-10-18 00:00:00+09:00,1110.4689230178553,1119.7693327583734,1110.4689230178553,1114.1890869140625,53200,0.0,0.0
2002-10-21 00:00:00+09:00,1119.7698968475188,1123.4900626177764,1106.7493166516174,1110.469482421875,49600,0.0,0.0
2002-10-22 00:00:00+09:00,1129.0700286497554,1129.0700286497554,1075.127638483622,1080.7078857421875,52400,0.0,0.0
2002-10-23 00:00:00+09:00,1080.7078542608963,1080.7078542608963,1045.36628931949,1060.2469482421875,27600,0.0,0.0
2002-10-24 00:00:00+09:00,1062.107422090672,1063.9675051416189,1052.8070068359375,1052.8070068359375,27600,0.0,0.0
2002-10-25 00:00:00+09:00,1050.9469235715849,1067.6876710267074,1047.2267574704465,1062.107421875,47600,0.0,0.0
2002-10-28 00:00:00+09:00,1076.9884271029769,1078.8485107421875,1062.1077579892915,1078.8485107421875,34800,0.0,0.0
2002-10-29 00:00:00+09:00,1097.4489998358142,1097.4489998358142,1062.107421875,1062.107421875,24800,0.0,0.0
2002-10-30 00:00:00+09:00,1060.2468803313204,1101.168689747617,1060.2468803313204,1073.2674560546875,88400,0.0,0.0
2002-10-31 00:00:00+09:00,1101.1688352772887,1101.1688352772887,1050.9466079926826,1056.52685546875,38800,0.0,0.0
2002-11-01 00:00:00+09:00,1043.5062978672854,1054.6667930316414,1032.3458027029294,1039.7861328125,44800,0.0,0.0
2002-11-04 00:00:00+09:00,1039.7861328125,1039.7861328125,1039.7861328125,1039.7861328125,0,0.0,0.0
2002-11-05 00:00:00+09:00,1050.9466079926826,1069.547432912907,1039.786113040548,1056.52685546875,46800,0.0,0.0
2002-11-06 00:00:00+09:00,1041.6461245888156,1080.7078542608963,1041.6461245888156,1060.2469482421875,33600,0.0,0.0
2002-11-07 00:00:00+09:00,1060.2469482421875,1067.6872777035362,1050.9465364155017,1060.2469482421875,40800,0.0,0.0
2002-11-08 00:00:00+09:00,1060.247200179274,1060.247200179274,1000.7245503446482,1019.3253784179688,80800,0.0,0.0
2002-11-11 00:00:00+09:00,1032.3457556830513,1032.3457556830513,1004.4445190429688,1004.4445190429688,53200,0.0,0.0
2002-11-12 00:00:00+09:00,1000.7245159493456,1030.48583984375,1000.7245159493456,1030.48583984375,54000,0.0,0.0
2002-11-13 00:00:00+09:00,1013.7451649244937,1030.4859107672835,995.1443362102827,998.864501953125,44400,0.0,0.0
2002-11-14 00:00:00+09:00,985.8437117319259,985.8437117319259,935.6214849078466,937.4815673828125,39200,0.0,0.0
2002-11-15 00:00:00+09:00,939.3415982461389,965.3827514648438,939.3415982461389,965.3827514648438,62000,0.0,0.0
2002-11-18 00:00:00+09:00,970.9630661462185,985.843726163785,939.3416636088896,943.0618286132812,56400,0.0,0.0
2002-11-19 00:00:00+09:00,943.0618915557861,957.9425525665282,885.3993301391602,892.8396606445312,64400,0.0,0.0
2002-11-20 00:00:00+09:00,896.5598586010839,956.0825048152637,894.6997759068907,941.2018432617188,107600,0.0,0.0
2002-11-21 00:00:00+09:00,941.2018432617188,948.6421740384912,928.1812644023669,941.2018432617188,83200,0.0,0.0
2002-11-22 00:00:00+09:00,946.7819170521683,987.7037287911618,937.4815052933061,969.1029052734375,74800,0.0,0.0
2002-11-25 00:00:00+09:00,1006.3045824394851,1032.345736144019,997.0041704021517,1021.1852416992188,55200,0.0,0.0
2002-11-26 00:00:00+09:00,1030.4856537365522,1073.2675491082864,1021.1852416992188,1021.1852416992188,102000,0.0,0.0
2002-11-27 00:00:00+09:00,1015.6051778965477,1045.366501790952,1015.6051778965477,1030.48583984375,56800,0.0,0.0
2002-11-28 00:00:00+09:00,1030.4858890231565,1045.3665516805304,1026.765723358813,1034.2060546875,71600,0.0,0.0
2002-11-29 00:00:00+09:00,1034.2059820578515,1050.9467263717377,1034.2059820578515,1037.9261474609375,55200,0.0,0.0
2002-12-02 00:00:00+09:00,1037.9261474609375,1037.9261474609375,1037.9261474609375,1037.9261474609375,0,0.0,0.0
2002-12-03 00:00:00+09:00,1056.5271977869218,1056.5271977869218,1030.4860344611877,1045.36669921875,38000,0.0,0.0
2002-12-04 00:00:00+09:00,1045.366478267109,1050.9467263717377,1034.2059820578515,1037.9261474609375,58400,0.0,0.0
2002-12-05 00:00:00+09:00,1041.646240234375,1047.2264879499162,1036.0659925188336,1041.646240234375,46800,0.0,0.0
2002-12-06 00:00:00+09:00,1050.946574556655,1050.946574556655,1024.9054204968438,1026.7655029296875,78800,0.0,0.0
2002-12-09 00:00:00+09:00,1015.6052846100371,1017.4653675488833,987.7040405273438,987.7040405273438,42000,0.0,0.0
2002-12-10 00:00:00+09:00,983.9836149163202,1013.7449340820312,976.5432851248925,1013.7449340820312,53600,0.0,0.0
2002-12-11 00:00:00+09:00,1015.6050330053401,1036.0659402636895,1015.6050330053401,1028.6256103515625,60800,0.0,0.0
2002-12-12 00:00:00+09:00,1034.2060546875,1039.7863031840152,1026.765723358813,1034.2060546875,31600,0.0,0.0
2002-12-13 00:00:00+09:00,1017.4651694599137,1017.4651694599137,989.5639308092763,1000.7244262695312,102800,0.0,0.0
2002-12-16 00:00:00+09:00,1000.7243901466836,1013.744967713648,998.8643076371173,1002.58447265625,38800,0.0,0.0
2002-12-17 00:00:00+09:00,993.2844503348214,1004.4449497767857,976.543701171875,976.543701171875,59600,0.0,0.0
2002-12-18 00:00:00+09:00,970.9629333733584,972.8230156212002,950.5020286470999,956.082275390625,52000,0.0,0.0
2002-12-19 00:00:00+09:00,950.5020849423717,978.4033203125,944.921837868346,978.4033203125,52400,0.0,0.0
2002-12-20 00:00:00+09:00,972.8232173992757,991.4240437357819,970.963134765625,970.963134765625,44400,0.0,0.0
2002-12-23 00:00:00+09:00,970.963134765625,970.963134765625,970.963134765625,970.963134765625,0,0.0,0.0
2002-12-24 00:00:00+09:00,935.6213847590138,991.4238530348993,935.6213847590138,961.6625366210938,46000,0.0,0.0
2002-12-25 00:00:00+09:00,944.9220487154447,967.2430419921875,944.9220487154447,967.2430419921875,41600,0.0,0.0
2002-12-26 00:00:00+09:00,976.5432824028862,1004.4445190429688,976.5432824028862,1004.4445190429688,19200,0.0,0.0
2002-12-27 00:00:00+09:00,1019.3249614561871,1023.0451255490929,1013.7447153168283,1015.6047973632812,42000,0.0,0.0
2002-12-30 00:00:00+09:00,997.0044798886865,1023.045641676824,989.5641479492188,989.5641479492188,16400,0.0,0.0
2002-12-31 00:00:00+09:00,989.5641479492188,989.5641479492188,989.5641479492188,989.5641479492188,0,0.0,0.0
2003-01-01 00:00:00+09:00,989.5641479492188,989.5641479492188,989.5641479492188,989.5641479492188,0,0.0,0.0
2003-01-02 00:00:00+09:00,989.5641479492188,989.5641479492188,989.5641479492188,989.5641479492188,0,0.0,0.0
2003-01-03 00:00:00+09:00,989.5641479492188,989.5641479492188,989.5641479492188,989.5641479492188,0,0.0,0.0
2003-01-06 00:00:00+09:00,1000.7244236537388,1041.646240234375,1000.7244236537388,1041.646240234375,18400,0.0,0.0
2003-01-07 00:00:00+09:00,1043.506322806222,1052.8067356654576,1041.646240234375,1041.646240234375,37600,0.0,0.0
2003-01-08 00:00:00+09:00,1023.0453434696904,1026.7655083550346,1004.4445190429688,1004.4445190429688,25200,0.0,0.0
2003-01-09 00:00:00+09:00,1004.4446314056787,1017.4652099609375,1004.4446314056787,1017.4652099609375,20400,0.0,0.0
2003-01-10 00:00:00+09:00,1026.7655112170298,1032.3457585606006,1013.7449340820312,1013.7449340820312,34800,0.0,0.0
2003-01-13 00:00:00+09:00,1013.7449340820312,1013.7449340820312,1013.7449340820312,1013.7449340820312,0,0.0,0.0
2003-01-14 00:00:00+09:00,1013.7451299959725,1030.4858752619612,1010.0249643813085,1019.3253784179688,19200,0.0,0.0
2003-01-15 00:00:00+09:00,1037.925770579518,1071.4072470498252,1030.4854424750054,1063.9669189453125,48000,0.0,0.0
2003-01-16 00:00:00+09:00,1065.8270654770934,1153.2509259961569,1065.8270654770934,1149.53076171875,164800,0.0,0.0
2003-01-17 00:00:00+09:00,1153.2514401911135,1188.593016584067,1142.0909423828125,1142.0909423828125,84800,0.0,0.0
2003-01-20 00:00:00+09:00,1140.2305809394104,1140.2305809394104,1101.1688481502952,1103.0289306640625,89200,0.0,0.0
2003-01-21 00:00:00+09:00,1101.1686261124594,1153.2509259961569,1101.1686261124594,1149.53076171875,53600,0.0,0.0
2003-01-22 00:00:00+09:00,1142.090696037305,1143.950778604141,1129.070118069453,1132.790283203125,29200,0.0,0.0
2003-01-23 00:00:00+09:00,1127.2102066634538,1149.5312008548094,1125.3501238141741,1145.81103515625,30400,0.0,0.0
2003-01-24 00:00:00+09:00,1138.3706038599157,1151.391182662235,1129.0701904296875,1129.0701904296875,36000,0.0,0.0
2003-01-27 00:00:00+09:00,1121.6298530747576,1127.2101011000052,1091.8685302734375,1091.8685302734375,50800,0.0,0.0
2003-01-28 00:00:00+09:00,1056.5269790303228,1082.5681369641688,1056.5269790303228,1065.827392578125,62800,0.0,0.0
2003-01-29 00:00:00+09:00,1063.967380002248,1071.4077113309352,1030.4858890231565,1034.2060546875,39600,0.0,0.0
2003-01-30 00:00:00+09:00,1037.925946821733,1047.2263585316052,1023.0452880859376,1023.0452880859375,35600,0.0,0.0
2003-01-31 00:00:00+09:00,1021.1852610270182,1021.1852610270182,1004.4445190429688,1004.4445190429688,47200,0.0,0.0
2003-02-03 00:00:00+09:00,1004.444426135102,1058.3868119830984,989.5637679701376,1047.226318359375,49200,0.0,0.0
2003-02-04 00:00:00+09:00,1049.0862627362872,1086.2879032588505,1049.0862627362872,1063.9669189453125,46400,0.0,0.0
2003-02-05 00:00:00+09:00,1056.526980495783,1086.2883038900302,1056.526980495783,1075.1278076171875,39600,0.0,0.0
2003-02-06 00:00:00+09:00,1078.8478033226656,1088.148215420275,1076.9877209031438,1080.7078857421875,51600,0.0,0.0
2003-02-07 00:00:00+09:00,1082.5682151845638,1114.1896235318793,1082.5682151845638,1108.609375,44800,0.0,0.0
2003-02-10 00:00:00+09:00,1112.3293233979184,1119.7696533203125,1097.4486635531302,1119.7696533203125,27200,0.0,0.0
2003-02-11 00:00:00+09:00,1119.7696533203125,1119.7696533203125,1119.7696533203125,1119.7696533203125,0,0.0,0.0
2003-02-12 00:00:00+09:00,1123.4895574941183,1145.8105420800941,1123.4895574941183,1136.5101318359375,65200,0.0,0.0
2003-02-13 00:00:00+09:00,1136.5101318359375,1156.9710343730821,1134.6500497871061,1136.5101318359375,67200,0.0,0.0
2003-02-14 00:00:00+09:00,1134.6505380605722,1149.5312008548094,1129.0702895127333,1145.81103515625,72000,0.0,0.0
2003-02-17 00:00:00+09:00,1162.55127437531,1179.2920127263144,1162.55127437531,1171.8516845703125,62800,0.0,0.0
2003-02-18 00:00:00+09:00,1173.712030628837,1177.432195543667,1145.8107937676127,1155.1112060546875,42400,0.0,0.0
2003-02-19 00:00:00+09:00,1155.111474134547,1162.5518056909693,1147.671142578125,1147.671142578125,28800,0.0,0.0
2003-02-20 00:00:00+09:00,1143.9509767999139,1162.5518056909693,1140.2308110217027,1147.671142578125,30400,0.0,0.0
2003-02-21 00:00:00+09:00,1149.5315236476874,1158.8319405056784,1123.4903564453125,1123.4903564453125,34000,0.0,0.0
2003-02-24 00:00:00+09:00,1123.4899158953826,1134.6504117486481,1117.90966796875,1117.90966796875,25200,0.0,0.0
2003-02-25 00:00:00+09:00,1108.6090740047089,1108.6090740047089,1084.428003598566,1086.2880859375,28000,0.0,0.0
2003-02-26 00:00:00+09:00,1095.588795092282,1108.609375,1095.588795092282,1108.609375,24400,0.0,0.0
2003-02-27 00:00:00+09:00,1108.6093995367462,1116.0497310772612,1104.8892337664886,1110.469482421875,21600,0.0,0.0
2003-02-28 00:00:00+09:00,1108.6094481599853,1110.4695311266967,1104.8892822265625,1104.8892822265625,20800,0.0,0.0
2003-03-03 00:00:00+09:00,1104.889108999015,1104.889108999015,1088.1483649232723,1091.8685302734375,18000,0.0,0.0
2003-03-04 00:00:00+09:00,1106.749365193274,1114.1896970601194,1093.7287844262942,1104.8892822265625,38400,0.0,0.0
2003-03-05 00:00:00+09:00,1088.1482705539233,1106.7490956915974,1088.1482705539233,1103.0289306640625,13200,0.0,0.0
2003-03-06 00:00:00+09:00,1088.1483649232723,1103.0290263239326,1088.1483649232723,1091.8685302734375,31600,0.0,0.0
2003-03-07 00:00:00+09:00,1078.8485107421875,1103.0295980519263,1078.8485107421875,1078.8485107421875,23200,0.0,0.0
2003-03-10 00:00:00+09:00,1060.2471444494436,1069.5475579972458,1049.0866481920812,1065.827392578125,32800,0.0,0.0
2003-03-11 00:00:00+09:00,1065.8272194784195,1073.2675491082864,1021.1852416992188,1021.1852416992188,28800,0.0,0.0
2003-03-12 00:00:00+09:00,1002.5845487549275,1063.967276229719,1002.5845487549275,1017.4652099609375,38000,0.0,0.0
2003-03-13 00:00:00+09:00,1017.4650486617677,1032.3457075087406,1008.1646368824097,1010.0247192382812,18800,0.0,0.0
2003-03-14 00:00:00+09:00,1010.0249270270851,1023.0455061968635,1010.0249270270851,1011.885009765625,113600,0.0,0.0
2003-03-17 00:00:00+09:00,1010.024887398693,1011.8849700642522,995.1442260742186,995.1442260742188,20400,0.0,0.0
2003-03-18 00:00:00+09:00,997.0041892722801,1030.4856732403791,997.0041892722801,1004.4445190429688,24000,0.0,0.0
2003-03-19 00:00:00+09:00,1004.4444733246198,1004.4444733246198,969.1029085224573,978.4033203125,57200,0.0,0.0
2003-03-20 00:00:00+09:00,993.2840933663504,1041.646240234375,991.4240107945033,1041.646240234375,27600,0.0,0.0
2003-03-21 00:00:00+09:00,1041.646240234375,1041.646240234375,1041.646240234375,1041.646240234375,0,0.0,0.0
2003-03-24 00:00:00+09:00,1041.6461277173914,1069.54736328125,1041.6461277173914,1069.54736328125,30400,0.0,0.0
2003-03-25 00:00:00+09:00,1050.9466327472815,1069.5474581056403,1030.4857248530866,1058.386962890625,28800,0.0,0.0
2003-03-26 00:00:00+09:00,1070.5095125679347,1072.37451171875,1051.8595210597828,1072.37451171875,30000,3.75,0.0
2003-03-27 00:00:00+09:00,1079.8341229470186,1094.7541108288426,1057.4541411242824,1076.1041259765625,26400,0.0,0.0
2003-03-28 00:00:00+09:00,1076.1041943604332,1115.2691650390625,1076.1041943604332,1115.2691650390625,27200,0.0,0.0
2003-03-31 00:00:00+09:00,1077.9693952287946,1087.29438999721,1044.3994140625,1044.3994140625,18000,0.0,0.0
2003-04-01 00:00:00+09:00,1036.9394608482535,1074.2394414543057,1036.9394608482535,1061.1844482421875,16000,0.0,0.0
2003-04-02 00:00:00+09:00,1079.8343856112053,1098.484375,1061.184396222411,1098.484375,18400,0.0,0.0
2003-04-03 00:00:00+09:00,1115.269756258651,1115.269756258651,1089.1597619649701,1094.7547607421875,20800,0.0,0.0
2003-04-04 00:00:00+09:00,1094.754454744384,1109.6744473133024,1089.1594575310396,1107.8094482421875,16400,0.0,0.0
2003-04-07 00:00:00+09:00,1113.4038556868654,1115.268853770093,1102.2138671875,1102.2138671875,14400,0.0,0.0
2003-04-08 00:00:00+09:00,1102.2138671875,1102.2138671875,1085.4288844384516,1102.2138671875,13600,0.0,0.0
2003-04-09 00:00:00+09:00,1087.2945466760086,1091.0245451208664,1079.8345497862933,1089.1595458984375,23200,0.0,0.0
2003-04-10 00:00:00+09:00,1085.4295512952303,1085.4295512952303,1063.049560546875,1063.049560546875,12800,0.0,0.0
2003-04-11 00:00:00+09:00,1063.0492405076102,1085.4292245182967,1061.184241840053,1079.834228515625,20000,0.0,0.0
2003-04-14 00:00:00+09:00,1098.4841588649983,1098.4841588649983,1064.9141845703125,1064.9141845703125,19600,0.0,0.0
2003-04-15 00:00:00+09:00,1085.429529600176,1100.349523134199,1077.9695328331645,1092.8895263671875,28800,0.0,0.0
2003-04-16 00:00:00+09:00,1092.8895636024715,1186.1395263671875,1081.6995680707057,1186.1395263671875,73600,0.0,0.0
2003-04-17 00:00:00+09:00,1165.6247936009208,1174.9497919497283,1148.8397965730676,1158.164794921875,44400,0.0,0.0
2003-04-18 00:00:00+09:00,1120.8643373550906,1158.1643153036794,1120.8643373550906,1156.29931640625,26800,0.0,0.0
2003-04-21 00:00:00+09:00,1158.1643848358253,1173.084376911005,1137.649395732453,1167.4893798828125,46400,0.0,0.0
2003-04-22 00:00:00+09:00,1169.3544411112302,1174.9494384371214,1148.8394509162965,1154.4344482421875,27600,0.0,0.0
2003-04-23 00:00:00+09:00,1169.3543876953124,1174.949384765625,1156.29939453125,1165.6243896484375,50000,0.0,0.0
2003-04-24 00:00:00+09:00,1156.299447350818,1171.2194402198606,1148.8394509162965,1154.4344482421875,20800,0.0,0.0
2003-04-25 00:00:00+09:00,1148.839595965485,1148.839595965485,1124.5946044921875,1124.5946044921875,20400,0.0,0.0
2003-04-28 00:00:00+09:00,1135.784563997825,1135.784563997825,1120.8645697252755,1132.0545654296875,18000,0.0,0.0
2003-04-29 00:00:00+09:00,1132.0545654296875,1132.0545654296875,1132.0545654296875,1132.0545654296875,0,0.0,0.0
2003-04-30 00:00:00+09:00,1132.0544879697882,1146.9744812214494,1122.7294921875,1122.7294921875,28000,0.0,0.0
2003-05-01 00:00:00+09:00,1146.9746276955038,1148.8396270901305,1130.1896331438622,1143.24462890625,12800,0.0,0.0
2003-05-02 00:00:00+09:00,1124.5945126269864,1137.6495069692567,1092.8895263671875,1092.8895263671875,31200,0.0,0.0
2003-05-05 00:00:00+09:00,1092.8895263671875,1092.8895263671875,1092.8895263671875,1092.8895263671875,0,0.0,0.0
2003-05-06 00:00:00+09:00,1115.2694169714096,1139.514404296875,1115.2694169714096,1139.514404296875,23600,0.0,0.0
2003-05-07 00:00:00+09:00,1137.6494052718392,1146.9744003970181,1133.9194072217676,1139.514404296875,13600,0.0,0.0
2003-05-08 00:00:00+09:00,1120.8643711635045,1130.1893659319196,1096.619384765625,1096.619384765625,21600,0.0,0.0
2003-05-09 00:00:00+09:00,1115.2695629722193,1133.9195556640625,1104.0795673571135,1133.9195556640625,20400,0.0,0.0
2003-05-12 00:00:00+09:00,1141.3796685025623,1165.6246614609502,1133.9196706692123,1160.0296630859375,20000,0.0,0.0
2003-05-13 00:00:00+09:00,1165.6245523446742,1188.004543749692,1165.6245523446742,1182.4095458984375,35200,0.0,0.0
2003-05-14 00:00:00+09:00,1163.7593051810477,1210.38427734375,1163.7593051810477,1210.38427734375,31600,0.0,0.0
2003-05-15 00:00:00+09:00,1188.0042976625505,1191.7342954574092,1143.2443241242438,1156.29931640625,38000,0.0,0.0
2003-05-16 00:00:00+09:00,1167.4892237103174,1176.8142175099206,1161.8942274305555,1174.94921875,8400,0.0,0.0
2003-05-19 00:00:00+09:00,1174.9493948514346,1174.9493948514346,1130.189417904713,1137.6494140625,26000,0.0,0.0
2003-05-20 00:00:00+09:00,1137.6497985544988,1158.164794921875,1130.189799875453,1158.164794921875,13200,0.0,0.0
2003-05-21 00:00:00+09:00,1156.2995561225803,1173.0845496791985,1132.0545654296875,1132.0545654296875,38800,0.0,0.0
2003-05-22 00:00:00+09:00,1146.9743142916461,1184.2742919921875,1137.6493198665107,1184.2742919921875,56800,0.0,0.0
2003-05-23 00:00:00+09:00,1184.2742125496031,1199.1942026289682,1174.94921875,1174.94921875,52000,0.0,0.0
2003-05-26 00:00:00+09:00,1186.1391919203857,1242.0891538034227,1186.1391919203857,1232.76416015625,56800,0.0,0.0
2003-05-27 00:00:00+09:00,1245.8191341440422,1255.1441276630844,1230.8991445135746,1236.494140625,50000,0.0,0.0
2003-05-28 00:00:00+09:00,1245.818945907965,1249.5489427520008,1223.43896484375,1223.43896484375,48400,0.0,0.0
2003-05-29 00:00:00+09:00,1223.4395519438244,1258.8745389665876,1221.574552626837,1253.279541015625,43200,0.0,0.0
2003-05-30 00:00:00+09:00,1258.8745756777462,1258.8745756777462,1243.9545807067507,1245.819580078125,39600,0.0,0.0
2003-06-02 00:00:00+09:00,1245.819440152752,1271.9294284194264,1245.819440152752,1249.5494384765625,46800,0.0,0.0
2003-06-03 00:00:00+09:00,1255.144287109375,1260.7392839315564,1249.5492902871936,1255.144287109375,29200,0.0,0.0
2003-06-04 00:00:00+09:00,1257.0092256433823,1271.9292164522058,1257.0092256433823,1268.19921875,38400,0.0,0.0
2003-06-05 00:00:00+09:00,1275.659450715859,1277.524449912812,1268.199453928047,1270.064453125,33600,0.0,0.0
2003-06-06 00:00:00+09:00,1266.3341771926323,1277.524169921875,1257.0091832515966,1277.524169921875,21200,0.0,0.0
2003-06-09 00:00:00+09:00,1277.5242304168971,1277.5242304168971,1258.8742416516868,1264.46923828125,18000,0.0,0.0
2003-06-10 00:00:00+09:00,1249.5493766300083,1262.6043701171875,1212.2493952380678,1262.6043701171875,41600,0.0,0.0
2003-06-11 00:00:00+09:00,1268.199517224592,1273.7945150947005,1257.009521484375,1257.009521484375,26400,0.0,0.0
2003-06-12 00:00:00+09:00,1249.5494474174372,1268.1994391699363,1245.8194490669375,1247.6844482421875,40000,0.0,0.0
2003-06-13 00:00:00+09:00,1266.3344309337103,1268.1994300956158,1249.5494384765625,1249.5494384765625,92400,0.0,0.0
2003-06-16 00:00:00+09:00,1255.1444359622785,1255.1444359622785,1230.8994468575092,1249.5494384765625,15600,0.0,0.0
2003-06-17 00:00:00+09:00,1249.5492901027835,1253.2792879836873,1227.1693028173606,1229.0343017578125,20000,0.0,0.0
2003-06-18 00:00:00+09:00,1257.0095396496001,1257.0095396496001,1249.54954238165,1253.279541015625,24000,0.0,0.0
2003-06-19 00:00:00+09:00,1253.279427859538,1260.73942445394,1234.629436373533,1251.4144287109375,20800,0.0,0.0
2003-06-20 00:00:00+09:00,1249.5494384765625,1258.8744342860891,1242.0894418289413,1249.5494384765625,23600,0.0,0.0
2003-06-23 00:00:00+09:00,1255.1442340592694,1258.874231783071,1240.2242431640625,1240.2242431640625,29200,0.0,0.0
2003-06-24 00:00:00+09:00,1230.8992127862596,1240.2242068225191,1214.1142235209923,1221.57421875,48400,0.0,0.0
2003-06-25 00:00:00+09:00,1223.4393662528757,1238.3593585242525,1215.9793701171875,1215.9793701171875,21200,0.0,0.0
2003-06-26 00:00:00+09:00,1230.89892578125,1232.7639241536458,1227.1689290364584,1230.89892578125,18000,0.0,0.0
2003-06-27 00:00:00+09:00,1249.549429562337,1258.8744253053394,1230.899438076332,1251.4144287109375,22800,0.0,0.0
2003-06-30 00:00:00+09:00,1253.2791461800302,1253.2791461800302,1232.76416015625,1232.76416015625,34000,0.0,0.0
2003-07-01 00:00:00+09:00,1232.7645485287621,1253.279541015625,1227.1695505777996,1253.279541015625,42000,0.0,0.0
2003-07-02 00:00:00+09:00,1260.739318059541,1309.2292918310616,1260.739318059541,1299.904296875,60800,0.0,0.0
2003-07-03 00:00:00+09:00,1324.1496473602033,1324.1496473602033,1286.8496572937188,1301.7696533203125,77600,0.0,0.0
2003-07-04 00:00:00+09:00,1288.7143029277258,1301.7692958662124,1288.7143029277258,1299.904296875,26800,0.0,0.0
2003-07-07 00:00:00+09:00,1314.8240713345801,1324.1490647483006,1305.4990779208597,1320.4190673828125,50800,0.0,0.0
2003-07-08 00:00:00+09:00,1316.6892256142435,1318.55422451738,1279.3892475515172,1286.8492431640625,45600,0.0,0.0
2003-07-09 00:00:00+09:00,1271.929320587509,1305.499302655801,1260.739326564745,1298.039306640625,29600,0.0,0.0
2003-07-10 00:00:00+09:00,1305.4991455078125,1331.6091284179688,1299.904149169922,1305.4991455078125,52400,0.0,0.0
2003-07-11 00:00:00+09:00,1305.4994344368256,1305.4994344368256,1271.9294489798785,1296.1744384765625,24400,0.0,0.0
2003-07-14 00:00:00+09:00,1296.17465481034,1320.419648353555,1296.17465481034,1301.7696533203125,25600,0.0,0.0
2003-07-15 00:00:00+09:00,1305.4992242907801,1324.1492132092199,1305.4992242907801,1314.82421875,45600,0.0,0.0
2003-07-16 00:00:00+09:00,1324.149292693741,1337.2042857202991,1298.039306640625,1298.039306640625,48000,0.0,0.0
2003-07-17 00:00:00+09:00,1298.0390963692196,1301.7690937725795,1268.199117142341,1290.5791015625,35200,0.0,0.0
2003-07-18 00:00:00+09:00,1294.308878639786,1305.498868945029,1284.98388671875,1284.98388671875,20800,0.0,0.0
2003-07-21 00:00:00+09:00,1284.98388671875,1284.98388671875,1284.98388671875,1284.98388671875,0,0.0,0.0
2003-07-22 00:00:00+09:00,1268.1994300956158,1270.064429257521,1243.9544409908465,1249.5494384765625,42800,0.0,0.0
2003-07-23 00:00:00+09:00,1247.6845794494996,1286.8495662483626,1242.0895813353761,1245.819580078125,26800,0.0,0.0
2003-07-24 00:00:00+09:00,1238.359434670734,1264.469422751141,1238.359434670734,1251.4144287109375,22800,0.0,0.0
2003-07-25 00:00:00+09:00,1251.4145416986375,1268.1995355515253,1243.9545444306873,1253.279541015625,19600,0.0,0.0
2003-07-28 00:00:00+09:00,1268.1992541326993,1294.3092387766078,1266.3342552295628,1286.8492431640625,34800,0.0,0.0
2003-07-29 00:00:00+09:00,1299.9042354860167,1311.0942289048346,1286.8492431640625,1286.8492431640625,36800,0.0,0.0
2003-07-30 00:00:00+09:00,1277.5244259051422,1298.0394166861008,1249.5494384765625,1249.5494384765625,58400,0.0,0.0
2003-07-31 00:00:00+09:00,1251.414350629927,1270.0643409522804,1240.2243564365147,1242.08935546875,35200,0.0,0.0
2003-08-01 00:00:00+09:00,1262.6043878399885,1277.5243806061922,1253.2793923611111,1258.8743896484375,26000,0.0,0.0
2003-08-04 00:00:00+09:00,1257.0093905526621,1268.1993851273148,1249.5493941695602,1258.8743896484375,17200,0.0,0.0
2003-08-05 00:00:00+09:00,1243.953947485947,1253.2789395960367,1214.1139727336606,1223.43896484375,34400,0.0,0.0
2003-08-06 00:00:00+09:00,1223.4394800440275,1223.4394800440275,1199.1944903480332,1217.844482421875,14000,0.0,0.0
2003-08-07 00:00:00+09:00,1202.924420741463,1214.1144153530115,1202.924420741463,1206.6544189453125,24400,0.0,0.0
2003-08-08 00:00:00+09:00,1199.1944580078125,1223.439447049961,1199.1944580078125,1199.1944580078125,23600,0.0,0.0
2003-08-11 00:00:00+09:00,1202.9242546057626,1212.2492488275127,1188.0042638509624,1189.8692626953125,28400,0.0,0.0
2003-08-12 00:00:00+09:00,1210.3843563079834,1210.3843563079834,1193.599365234375,1193.599365234375,18400,0.0,0.0
2003-08-13 00:00:00+09:00,1201.0591533954328,1215.979142878606,1199.1941547100362,1212.2491455078125,12800,0.0,0.0
2003-08-14 00:00:00+09:00,1219.70947265625,1242.089462980218,1219.70947265625,1219.70947265625,34400,0.0,0.0
2003-08-15 00:00:00+09:00,1210.38427734375,1210.38427734375,1210.38427734375,1210.38427734375,19600,0.0,0.0
2003-08-18 00:00:00+09:00,1247.684238611666,1247.684238611666,1229.0342499926574,1240.2242431640625,12400,0.0,0.0
2003-08-19 00:00:00+09:00,1243.9544498916875,1257.009444118437,1240.2244515411878,1247.6844482421875,20400,0.0,0.0
2003-08-20 00:00:00+09:00,1253.2797097544976,1253.2797097544976,1234.6297140736272,1243.9547119140625,14000,0.0,0.0
2003-08-21 00:00:00+09:00,1258.8745389665876,1258.8745389665876,1240.2245457967124,1253.279541015625,17200,0.0,0.0
2003-08-22 00:00:00+09:00,1258.874194895038,1258.874194895038,1221.57421875,1221.57421875,22000,0.0,0.0
2003-08-25 00:00:00+09:00,1223.4394800440275,1242.0894721178695,1217.844482421875,1217.844482421875,20000,0.0,0.0
2003-08-26 00:00:00+09:00,1229.0344776661802,1234.6294752883327,1215.9794832144908,1217.844482421875,20800,0.0,0.0
2003-08-27 00:00:00+09:00,1236.4943594903302,1236.4943594903302,1215.9793701171875,1215.9793701171875,22000,0.0,0.0
2003-08-28 00:00:00+09:00,1215.9790706279116,1225.304063500825,1201.05908203125,1201.05908203125,19600,0.0,0.0
2003-08-29 00:00:00+09:00,1201.0593087872485,1219.7092980541313,1201.0593087872485,1204.789306640625,18800,0.0,0.0
2003-09-01 00:00:00+09:00,1206.6542282919847,1227.1692151717557,1204.7892294847327,1221.57421875,18400,0.0,0.0
2003-09-02 00:00:00+09:00,1227.1692498319892,1238.3592429915516,1214.1142578125,1214.1142578125,39200,0.0,0.0
2003-09-03 00:00:00+09:00,1221.5741509945324,1240.2241380326168,1221.5741509945324,1236.494140625,37200,0.0,0.0
2003-09-04 00:00:00+09:00,1249.5493968771823,1363.3143419660003,1249.5493968771823,1335.33935546875,106400,0.0,0.0
2003-09-05 00:00:00+09:00,1339.0688398607583,1339.0688398607583,1283.1188883345428,1284.98388671875,62000,0.0,0.0
2003-09-08 00:00:00+09:00,1284.984408006136,1303.6343994140625,1270.0644148797949,1303.6343994140625,54400,0.0,0.0
2003-09-09 00:00:00+09:00,1320.419294686153,1322.284293689947,1298.039306640625,1298.039306640625,34800,0.0,0.0
2003-09-10 00:00:00+09:00,1298.0392978837876,1311.094290822274,1296.1742988925753,1299.904296875,23200,0.0,0.0
2003-09-11 00:00:00+09:00,1288.7143290846766,1309.2293184044038,1286.8493300556106,1294.309326171875,19600,0.0,0.0
2003-09-12 00:00:00+09:00,1312.959650340258,1312.959650340258,1301.7696533203125,1301.7696533203125,88400,0.0,0.0
2003-09-15 00:00:00+09:00,1301.7696533203125,1301.7696533203125,1301.7696533203125,1301.7696533203125,0,0.0,0.0
2003-09-16 00:00:00+09:00,1309.2292300016982,1312.9592278079708,1275.6592497452446,1286.8492431640625,42000,0.0,0.0
2003-09-17 00:00:00+09:00,1298.039306640625,1311.0942996671831,1288.714311621655,1298.039306640625,36800,0.0,0.0
2003-09-18 00:00:00+09:00,1281.254658783746,1305.499652326961,1281.254658783746,1301.7696533203125,35600,0.0,0.0
2003-09-19 00:00:00+09:00,1301.7694002732699,1314.8243942588185,1296.174402850892,1303.6343994140625,67600,0.0,0.0
2003-09-22 00:00:00+09:00,1307.3641505331889,1307.3641505331889,1273.7941723454608,1277.524169921875,37200,0.0,0.0
2003-09-23 00:00:00+09:00,1277.524169921875,1277.524169921875,1277.524169921875,1277.524169921875,0,0.0,0.0
2003-09-24 00:00:00+09:00,1286.8495144906524,1301.7695088615583,1281.2545166015625,1281.2545166015625,21200,0.0,0.0
2003-09-25 00:00:00+09:00,1280.3198206957973,1313.9632612396283,1280.3198206957973,1295.2724609375,36400,3.75,0.0
2003-09-26 00:00:00+09:00,1287.7962062902618,1291.5343665407415,1270.974485163103,1278.4508056640625,27600,0.0,0.0
2003-09-29 00:00:00+09:00,1270.9743111879773,1272.8433910573713,1224.247314453125,1224.247314453125,25200,0.0,0.0
2003-09-30 00:00:00+09:00,1242.9380502411814,1261.6288479891691,1227.9854120427913,1233.5926513671875,16000,0.0,0.0
2003-10-01 00:00:00+09:00,1241.06884765625,1252.2833251953125,1233.592529296875,1248.545166015625,29600,0.0,0.0
2003-10-02 00:00:00+09:00,1261.6291516603014,1282.1890341318026,1257.8909912109375,1257.8909912109375,34000,0.0,0.0
2003-10-03 00:00:00+09:00,1261.6286617455291,1265.3668207432936,1254.15234375,1254.15234375,16400,0.0,0.0
2003-10-06 00:00:00+09:00,1254.1528307615736,1265.3673121096651,1254.1528307615736,1257.8909912109375,26400,0.0,0.0
2003-10-07 00:00:00+09:00,1259.7600714356195,1259.7600714356195,1256.0219109862555,1257.8909912109375,22800,0.0,0.0
2003-10-08 00:00:00+09:00,1259.759891372129,1259.759891372129,1241.069091796875,1241.069091796875,45200,0.0,0.0
2003-10-09 00:00:00+09:00,1242.9379886506003,1252.2833870615073,1235.461669921875,1235.461669921875,15600,0.0,0.0
2003-10-10 00:00:00+09:00,1224.2471902254579,1269.1051025390625,1224.2471902254579,1269.1051025390625,49600,0.0,0.0
2003-10-13 00:00:00+09:00,1269.1051025390625,1269.1051025390625,1269.1051025390625,1269.1051025390625,0,0.0,0.0
2003-10-14 00:00:00+09:00,1269.1053531044408,1272.8435132019504,1242.938232421875,1242.938232421875,28800,0.0,0.0
2003-10-15 00:00:00+09:00,1254.1526514995528,1257.8908114146036,1241.069091796875,1241.069091796875,34800,0.0,0.0
2003-10-16 00:00:00+09:00,1246.676509862846,1257.8909912109375,1242.938349413482,1257.8909912109375,35600,0.0,0.0
2003-10-17 00:00:00+09:00,1248.545412369005,1256.0217322035498,1237.3309326171875,1237.3309326171875,33200,0.0,0.0
2003-10-20 00:00:00+09:00,1239.1998291015625,1252.2833868748821,1237.3307494196597,1239.1998291015625,23600,0.0,0.0
2003-10-21 00:00:00+09:00,1246.6763324103688,1246.6763324103688,1233.592772699915,1237.3309326171875,25200,0.0,0.0
2003-10-22 00:00:00+09:00,1242.9382996165425,1246.676459916141,1216.771177519352,1222.37841796875,40800,0.0,0.0
2003-10-23 00:00:00+09:00,1203.6876989293983,1207.4258594850796,1160.6988525390625,1160.6988525390625,56000,0.0,0.0
2003-10-24 00:00:00+09:00,1166.3059066480891,1183.1276264555136,1158.8295867336783,1173.7822265625,37200,0.0,0.0
2003-10-27 00:00:00+09:00,1179.3896553174693,1188.7350567066728,1160.6988525390625,1160.6988525390625,26400,0.0,0.0
2003-10-28 00:00:00+09:00,1170.044127931245,1196.2112490031898,1170.044127931245,1171.9132080078125,14800,0.0,0.0
2003-10-29 00:00:00+09:00,1170.0440054743392,1190.6038841647828,1168.1749255933896,1175.6512451171875,28000,0.0,0.0
2003-10-30 00:00:00+09:00,1168.174927345631,1171.913087113137,1164.436767578125,1164.436767578125,13600,0.0,0.0
2003-10-31 00:00:00+09:00,1164.4368946268353,1166.3059747145187,1145.74609375,1145.74609375,20000,0.0,0.0
2003-11-03 00:00:00+09:00,1145.74609375,1145.74609375,1145.74609375,1145.74609375,0,0.0,0.0
2003-11-04 00:00:00+09:00,1147.6148681640625,1171.9129028320312,1140.1385498046875,1158.829345703125,32000,0.0,0.0
2003-11-05 00:00:00+09:00,1158.8297130992112,1158.8297130992112,1143.8770716398665,1155.091552734375,16400,0.0,0.0
2003-11-06 00:00:00+09:00,1136.4005118974671,1143.8768310546875,1134.531432108162,1143.8768310546875,28400,0.0,0.0
2003-11-07 00:00:00+09:00,1134.531129128414,1145.7456048693866,1134.531129128414,1142.0074462890625,25600,0.0,0.0
2003-11-10 00:00:00+09:00,1140.138798014323,1142.0078780110678,1121.447998046875,1121.447998046875,36800,0.0,0.0
2003-11-11 00:00:00+09:00,1138.2697171943132,1138.2697171943132,1102.757197281847,1125.1861572265625,27200,0.0,0.0
2003-11-12 00:00:00+09:00,1123.3169565904861,1142.0077545370832,1110.2333980278681,1113.9715576171875,29200,0.0,0.0
2003-11-13 00:00:00+09:00,1121.447998046875,1130.7933980305988,1117.7098380533853,1121.447998046875,18400,0.0,0.0
2003-11-14 00:00:00+09:00,1140.1390396921258,1158.829843621505,1125.1863965486225,1136.40087890625,38800,0.0,0.0
2003-11-17 00:00:00+09:00,1125.186038918691,1125.186038918691,1085.9353631424578,1091.5426025390625,17200,0.0,0.0
2003-11-18 00:00:00+09:00,1078.4587395974863,1089.673215225883,1065.3751846976902,1074.7205810546875,20800,0.0,0.0
2003-11-19 00:00:00+09:00,1076.58984375,1136.400390625,1065.3753662109375,1102.7569580078125,24000,0.0,0.0
2003-11-20 00:00:00+09:00,1104.626341744177,1125.1862228933917,1102.7572616397028,1108.364501953125,25200,0.0,0.0
2003-11-21 00:00:00+09:00,1110.2332763671875,1119.5786743164062,1102.7569580078125,1102.7569580078125,19200,0.0,0.0
2003-11-24 00:00:00+09:00,1102.7569580078125,1102.7569580078125,1102.7569580078125,1102.7569580078125,0,0.0,0.0
2003-11-25 00:00:00+09:00,1147.6148681640625,1147.6148681640625,1106.4951171875,1132.6622314453125,28000,0.0,0.0
2003-11-26 00:00:00+09:00,1132.6625311803587,1158.8296523627432,1123.3171307580785,1153.222412109375,40000,0.0,0.0
2003-11-27 00:00:00+09:00,1158.829161108994,1158.829161108994,1143.8765267721037,1149.4837646484375,26800,0.0,0.0
2003-11-28 00:00:00+09:00,1130.7933349609375,1130.7933349609375,1119.5788556059529,1130.7933349609375,20800,0.0,0.0
2003-12-01 00:00:00+09:00,1128.9241329991248,1134.5313720703125,1115.8405751663536,1134.5313720703125,9600,0.0,0.0
2003-12-02 00:00:00+09:00,1142.007568158931,1145.7457271381747,1127.0549322419565,1138.2694091796875,22000,0.0,0.0
2003-12-03 00:00:00+09:00,1119.5786142834693,1138.2694091796875,1119.5786142834693,1138.2694091796875,16400,0.0,0.0
2003-12-04 00:00:00+09:00,1138.269959299188,1147.6153612638775,1130.7936377274364,1136.40087890625,17200,0.0,0.0
2003-12-05 00:00:00+09:00,1140.138798014323,1140.138798014323,1121.447998046875,1121.447998046875,15600,0.0,0.0
2003-12-08 00:00:00+09:00,1134.5317985133122,1142.0081200850639,1132.6627181203742,1136.40087890625,36800,0.0,0.0
2003-12-09 00:00:00+09:00,1142.007750868409,1151.3531498116856,1132.6623519251325,1147.614990234375,32000,0.0,0.0
2003-12-10 00:00:00+09:00,1147.6151799409838,1147.6151799409838,1123.317138671875,1123.317138671875,20800,0.0,0.0
2003-12-11 00:00:00+09:00,1136.4006993552412,1136.4006993552412,1121.4480585742513,1123.317138671875,20400,0.0,0.0
2003-12-12 00:00:00+09:00,1138.269959299188,1147.6153612638775,1123.3173161556847,1136.40087890625,81600,0.0,0.0
2003-12-15 00:00:00+09:00,1136.4005746384296,1147.6150539934142,1130.7933349609375,1130.7933349609375,34000,0.0,0.0
2003-12-16 00:00:00+09:00,1128.924560546875,1140.1390429364135,1125.1863997503622,1128.924560546875,26000,0.0,0.0
2003-12-17 00:00:00+09:00,1132.6625391599937,1134.5316192576174,1123.317138671875,1123.317138671875,28000,0.0,0.0
2003-12-18 00:00:00+09:00,1128.924072265625,1136.400390625,1123.3168334960938,1132.6622314453125,30800,0.0,0.0
2003-12-19 00:00:00+09:00,1125.1858521520005,1130.7930906178742,1121.4476931747513,1127.054931640625,38800,0.0,0.0
2003-12-22 00:00:00+09:00,1123.3170780436196,1123.3170780436196,1117.7098380533853,1121.447998046875,44000,0.0,0.0
2003-12-23 00:00:00+09:00,1121.447998046875,1121.447998046875,1121.447998046875,1121.447998046875,0,0.0,0.0
2003-12-24 00:00:00+09:00,1108.3641967773438,1113.971435546875,1093.4115600585938,1102.7569580078125,33600,0.0,0.0
2003-12-25 00:00:00+09:00,1093.41162109375,1100.8879398704594,1087.804382011218,1093.41162109375,33600,0.0,0.0
2003-12-26 00:00:00+09:00,1102.7572013236381,1110.2335213326119,1097.1499613169078,1106.495361328125,21600,0.0,0.0
2003-12-29 00:00:00+09:00,1108.3641967773438,1117.7095947265625,1104.6260375976562,1117.7095947265625,14400,0.0,0.0
2003-12-30 00:00:00+09:00,1119.5786136861266,1128.9240111292495,1117.709534197502,1127.054931640625,13600,0.0,0.0
2003-12-31 00:00:00+09:00,1127.054931640625,1127.054931640625,1127.054931640625,1127.054931640625,0,0.0,0.0
2004-01-01 00:00:00+09:00,1127.054931640625,1127.054931640625,1127.054931640625,1127.054931640625,0,0.0,0.0
2004-01-02 00:00:00+09:00,1127.054931640625,1127.054931640625,1127.054931640625,1127.054931640625,0,0.0,0.0
2004-01-05 00:00:00+09:00,1158.8294693691278,1158.8294693691278,1138.2695916867724,1143.8768310546875,7600,0.0,0.0
2004-01-06 00:00:00+09:00,1156.9605722782871,1162.5678125316551,1153.222412109375,1153.222412109375,25600,0.0,0.0
2004-01-07 00:00:00+09:00,1160.6985483541116,1160.6985483541116,1143.876830262023,1151.3531494140625,14000,0.0,0.0
2004-01-08 00:00:00+09:00,1149.4840696260526,1160.6985483541116,1142.0077504740134,1151.3531494140625,22800,0.0,0.0
2004-01-09 00:00:00+09:00,1151.3531494140625,1160.6985483541116,1151.3531494140625,1151.3531494140625,19600,0.0,0.0
2004-01-12 00:00:00+09:00,1151.3531494140625,1151.3531494140625,1151.3531494140625,1151.3531494140625,0,0.0,0.0
2004-01-13 00:00:00+09:00,1168.1748679095838,1170.043947698239,1147.614990234375,1147.614990234375,26800,0.0,0.0
2004-01-14 00:00:00+09:00,1164.4367641178642,1211.1637610728346,1158.8295244832677,1186.86572265625,116400,0.0,0.0
2004-01-15 00:00:00+09:00,1196.2115384615383,1239.200390625,1192.4733774038461,1214.90234375,86400,0.0,0.0
2004-01-16 00:00:00+09:00,1214.901917352927,1214.901917352927,1198.080198497271,1209.294677734375,32800,0.0,0.0
2004-01-19 00:00:00+09:00,1216.7709348713695,1237.3308124191192,1214.9018550943013,1218.6400146484375,28400,0.0,0.0
2004-01-20 00:00:00+09:00,1237.3307494196597,1256.0215462386877,1227.9853510101457,1239.1998291015625,59600,0.0,0.0
2004-01-21 00:00:00+09:00,1248.5452275110765,1257.8906259205905,1239.1998291015625,1239.1998291015625,34000,0.0,0.0
2004-01-22 00:00:00+09:00,1244.8070677795868,1252.2833865049897,1239.1998287355345,1246.6761474609375,32400,0.0,0.0
2004-01-23 00:00:00+09:00,1242.9381724930963,1246.6763324103688,1237.3309326171875,1237.3309326171875,23600,0.0,0.0
2004-01-26 00:00:00+09:00,1246.676518858474,1246.676518858474,1214.9021548096073,1231.723876953125,30400,0.0,0.0
2004-01-27 00:00:00+09:00,1229.8548006346907,1229.8548006346907,1220.5093994140625,1220.5093994140625,25600,0.0,0.0
2004-01-28 00:00:00+09:00,1216.7711808946399,1218.6402610496239,1203.6876198097511,1211.1639404296875,18000,0.0,0.0
2004-01-29 00:00:00+09:00,1198.080201925443,1227.985479976624,1186.86572265625,1186.86572265625,35600,0.0,0.0
2004-01-30 00:00:00+09:00,1218.6401412963867,1218.6401412963867,1184.996701812744,1196.211181640625,25200,0.0,0.0
2004-02-02 00:00:00+09:00,1198.080379344799,1226.1165816695602,1198.080379344799,1211.1639404296875,40800,0.0,0.0
2004-02-03 00:00:00+09:00,1220.5089107566328,1220.5089107566328,1199.9490363028458,1213.0325927734375,23600,0.0,0.0
2004-02-04 00:00:00+09:00,1222.3785522843602,1222.3785522843602,1192.4732666015625,1192.4732666015625,27600,0.0,0.0
2004-02-05 00:00:00+09:00,1181.2586035616168,1190.60400390625,1170.0441231480572,1190.60400390625,38400,0.0,0.0
2004-02-06 00:00:00+09:00,1190.6034502998327,1190.6034502998327,1168.1744999017199,1170.0435791015625,10000,0.0,0.0
2004-02-09 00:00:00+09:00,1151.3531494140625,1168.174867506151,1151.3531494140625,1151.3531494140625,21200,0.0,0.0
2004-02-10 00:00:00+09:00,1158.8295867336783,1175.6513065411027,1155.0914267764729,1173.7822265625,18400,0.0,0.0
2004-02-11 00:00:00+09:00,1173.7822265625,1173.7822265625,1173.7822265625,1173.7822265625,0,0.0,0.0
2004-02-12 00:00:00+09:00,1175.6512462890626,1186.8657255859375,1158.82952734375,1168.1749267578125,16000,0.0,0.0
2004-02-13 00:00:00+09:00,1170.044006640625,1190.6038853515624,1168.1749267578125,1168.1749267578125,28800,0.0,0.0
2004-02-16 00:00:00+09:00,1171.9131420135498,1196.211181640625,1168.1749820709229,1196.211181640625,25600,0.0,0.0
2004-02-17 00:00:00+09:00,1175.6510620117188,1186.8655395507812,1173.781982421875,1181.25830078125,10400,0.0,0.0
2004-02-18 00:00:00+09:00,1173.7822880843798,1179.3895283140823,1170.044127931245,1171.9132080078125,17200,0.0,0.0
2004-02-19 00:00:00+09:00,1162.5679915990586,1179.3897149501704,1162.5679915990586,1166.30615234375,24000,0.0,0.0
2004-02-20 00:00:00+09:00,1168.1749267578125,1170.044006640625,1164.4367669921874,1168.1749267578125,17200,0.0,0.0
2004-02-23 00:00:00+09:00,1170.044006640625,1177.520326171875,1164.4367669921874,1168.1749267578125,25600,0.0,0.0
2004-02-24 00:00:00+09:00,1183.1275058102299,1183.1275058102299,1151.3531494140625,1151.3531494140625,50400,0.0,0.0
2004-02-25 00:00:00+09:00,1153.2221069335938,1164.4365844726562,1153.2221069335938,1158.829345703125,47200,0.0,0.0
2004-02-26 00:00:00+09:00,1170.043946097518,1170.043946097518,1158.8294673809285,1162.567626953125,38000,0.0,0.0
2004-02-27 00:00:00+09:00,1162.5679915990586,1175.6515542054788,1162.5679915990586,1166.30615234375,62400,0.0,0.0
2004-03-01 00:00:00+09:00,1190.6035783608263,1207.42529296875,1190.6035783608263,1207.42529296875,64000,0.0,0.0
2004-03-02 00:00:00+09:00,1214.9017333984375,1229.8543701171875,1199.9490966796875,1229.8543701171875,43600,0.0,0.0
2004-03-03 00:00:00+09:00,1229.8546814437984,1229.8546814437984,1198.080320373062,1205.556640625,36400,0.0,0.0
2004-03-04 00:00:00+09:00,1203.6875605620155,1214.9020409399225,1201.818480499031,1205.556640625,53600,0.0,0.0
2004-03-05 00:00:00+09:00,1205.556640625,1211.1638808139535,1201.818480499031,1205.556640625,40400,0.0,0.0
2004-03-08 00:00:00+09:00,1209.294800750969,1224.247441254845,1205.556640625,1205.556640625,74800,0.0,0.0
2004-03-09 00:00:00+09:00,1211.1634517705108,1224.2470075766737,1207.42529296875,1207.42529296875,36000,0.0,0.0
2004-03-10 00:00:00+09:00,1209.2945560437524,1214.901795098051,1199.9491576199212,1201.8182373046875,36400,0.0,0.0
2004-03-11 00:00:00+09:00,1196.210876369327,1199.9490353579813,1184.9963994033646,1194.341796875,28000,0.0,0.0
2004-03-12 00:00:00+09:00,1160.6984252929688,1190.6036987304688,1160.6984252929688,1181.25830078125,96400,0.0,0.0
2004-03-15 00:00:00+09:00,1184.9965201417915,1201.8182373046875,1184.9965201417915,1201.8182373046875,39600,0.0,0.0
2004-03-16 00:00:00+09:00,1194.3423500422048,1194.3423500422048,1181.2587875221807,1184.9969482421875,46400,0.0,0.0
2004-03-17 00:00:00+09:00,1184.9969406601806,1203.687744140625,1183.1278603121361,1203.687744140625,34800,0.0,0.0
2004-03-18 00:00:00+09:00,1205.5568290877866,1205.5568290877866,1190.6041862463876,1192.4732666015625,46400,0.0,0.0
2004-03-19 00:00:00+09:00,1192.473021697998,1199.949341583252,1190.6039417266845,1196.211181640625,32000,0.0,0.0
2004-03-22 00:00:00+09:00,1203.687616470757,1227.985658418148,1186.8658951225632,1222.37841796875,110000,0.0,0.0
2004-03-23 00:00:00+09:00,1220.509281128876,1220.509281128876,1201.818480499031,1205.556640625,59200,0.0,0.0
2004-03-24 00:00:00+09:00,1207.425476358986,1209.2945560437524,1199.9491576199212,1201.8182373046875,62000,0.0,0.0
2004-03-25 00:00:00+09:00,1203.687438115823,1209.294677734375,1199.9492783701216,1209.294677734375,41600,0.0,0.0
2004-03-26 00:00:00+09:00,1218.8584226999224,1218.8584226999224,1205.7322550708463,1207.607421875,49200,5.25,0.0
2004-03-29 00:00:00+09:00,1209.4822115065326,1218.8580426034823,1209.4822115065326,1213.2325439453125,52000,0.0,0.0
2004-03-30 00:00:00+09:00,1215.1077988735465,1215.1077988735465,1207.607133448401,1209.4822998046875,50400,0.0,0.0
2004-03-31 00:00:00+09:00,1216.982758588704,1233.8592529296875,1213.2324265129298,1233.8592529296875,48400,0.0,0.0
2004-04-01 00:00:00+09:00,1237.6098182091346,1237.6098182091346,1215.107821514423,1218.858154296875,61200,0.0,0.0
2004-04-02 00:00:00+09:00,1220.7330322265625,1230.108861967166,1220.7330322265625,1220.7330322265625,41600,0.0,0.0
2004-04-05 00:00:00+09:00,1241.359750287486,1256.361076574948,1235.7342529296875,1235.7342529296875,67200,0.0,0.0
2004-04-06 00:00:00+09:00,1239.4844220183618,1299.4897193021552,1237.6092564782432,1290.1138916015625,194800,0.0,0.0
2004-04-07 00:00:00+09:00,1303.2404910695407,1387.6229689085758,1303.2404910695407,1385.747802734375,474400,0.0,0.0
2004-04-08 00:00:00+09:00,1361.370849609375,1378.2473477450285,1344.4943514737217,1361.370849609375,211600,0.0,0.0
2004-04-09 00:00:00+09:00,1348.244384765625,1361.3705470651512,1331.3678903805198,1348.244384765625,113200,0.0,0.0
2004-04-12 00:00:00+09:00,1340.7435899560141,1363.2455802769541,1327.6174289354656,1353.8697509765625,60800,0.0,0.0
2004-04-13 00:00:00+09:00,1366.9963489879262,1366.9963489879262,1340.7440185546875,1361.370849609375,78400,0.0,0.0
2004-04-14 00:00:00+09:00,1344.4941508830095,1359.4954803210346,1331.3679876247375,1338.86865234375,98400,0.0,0.0
2004-04-15 00:00:00+09:00,1336.9935761975385,1357.62040556384,1333.2432435854837,1355.7452392578125,110800,0.0,0.0
2004-04-16 00:00:00+09:00,1350.1194561498664,1411.999931223402,1348.2442902385471,1404.499267578125,188400,0.0,0.0
2004-04-19 00:00:00+09:00,1410.1251775568182,1410.1251775568182,1331.3681862571023,1361.370849609375,107600,0.0,0.0
2004-04-20 00:00:00+09:00,1363.2461038810054,1380.1226031037415,1350.1199378188776,1378.2474365234375,53200,0.0,0.0
2004-04-21 00:00:00+09:00,1368.8717488104423,1368.8717488104423,1355.7455813560957,1366.99658203125,89200,0.0,0.0
2004-04-22 00:00:00+09:00,1359.4956182664441,1396.9989456668977,1359.4956182664441,1395.123779296875,84000,0.0,0.0
2004-04-23 00:00:00+09:00,1393.2485457136825,1398.874044552365,1387.623046875,1387.623046875,51200,0.0,0.0
2004-04-26 00:00:00+09:00,1396.9988782728042,1396.9988782728042,1378.247215477196,1387.623046875,64000,0.0,0.0
2004-04-27 00:00:00+09:00,1387.623046875,1393.2485457136825,1378.247215477196,1387.623046875,41200,0.0,0.0
2004-04-28 00:00:00+09:00,1381.9975480363178,1402.6243771114866,1381.9975480363178,1387.623046875,40800,0.0,0.0
2004-04-29 00:00:00+09:00,1387.623046875,1387.623046875,1387.623046875,1387.623046875,0,0.0,0.0
2004-04-30 00:00:00+09:00,1380.1225142045455,1380.1225142045455,1340.7440185546875,1361.370849609375,65600,0.0,0.0
2004-05-03 00:00:00+09:00,1361.370849609375,1361.370849609375,1361.370849609375,1361.370849609375,0,0.0,0.0
2004-05-04 00:00:00+09:00,1361.370849609375,1361.370849609375,1361.370849609375,1361.370849609375,0,0.0,0.0
2004-05-05 00:00:00+09:00,1361.370849609375,1361.370849609375,1361.370849609375,1361.370849609375,0,0.0,0.0
2004-05-06 00:00:00+09:00,1366.9963936220365,1366.9963936220365,1342.6192288523707,1359.4957275390625,58800,0.0,0.0
2004-05-07 00:00:00+09:00,1340.7438185235033,1355.7451479615283,1335.1183199842437,1338.86865234375,60000,0.0,0.0
2004-05-10 00:00:00+09:00,1331.3682540827879,1346.3695865231573,1291.989756426818,1306.9910888671875,149200,0.0,0.0
2004-05-11 00:00:00+09:00,1265.7372949431353,1299.4902894749523,1256.361463128742,1291.9896240234375,72000,0.0,0.0
2004-05-12 00:00:00+09:00,1305.1156756787536,1305.1156756787536,1246.98552345743,1286.364013671875,86000,0.0,0.0
2004-05-13 00:00:00+09:00,1275.1134853078358,1275.1134853078358,1237.6101475046642,1256.36181640625,57200,0.0,0.0
2004-05-14 00:00:00+09:00,1248.8608620383523,1252.6111949573865,1220.7333651455967,1237.60986328125,76800,0.0,0.0
2004-05-17 00:00:00+09:00,1207.6072448059751,1215.1079109227826,1128.8502505794986,1194.4810791015625,58000,0.0,0.0
2004-05-18 00:00:00+09:00,1196.3558004127358,1222.6081220518868,1175.7289762676887,1192.60546875,72800,0.0,0.0
2004-05-19 00:00:00+09:00,1196.355951414518,1224.4834424352352,1185.1049550062307,1222.6082763671875,98800,0.0,0.0
2004-05-20 00:00:00+09:00,1216.982987905649,1224.4836534705528,1209.4823223407452,1218.858154296875,50400,0.0,0.0
2004-05-21 00:00:00+09:00,1216.9830105984893,1258.2366719747092,1216.9830105984893,1248.86083984375,70000,0.0,0.0
2004-05-24 00:00:00+09:00,1248.8611488456158,1280.7389859783116,1246.9859819554572,1256.36181640625,47200,0.0,0.0
2004-05-25 00:00:00+09:00,1260.1118607954547,1263.8621937144887,1246.9856955788352,1258.2366943359375,23200,0.0,0.0
2004-05-26 00:00:00+09:00,1269.4870706602585,1305.115215922511,1261.9864084997844,1290.1138916015625,62000,0.0,0.0
2004-05-27 00:00:00+09:00,1271.3628258127803,1290.114489910314,1246.9856624859865,1254.486328125,29600,0.0,0.0
2004-05-28 00:00:00+09:00,1243.2354700687158,1284.4891357421875,1243.2354700687158,1284.4891357421875,64000,0.0,0.0
2004-05-31 00:00:00+09:00,1284.4890472592685,1284.4890472592685,1250.7360503969812,1267.612548828125,26000,0.0,0.0
2004-06-01 00:00:00+09:00,1267.6126826882894,1275.1133494497585,1256.3616825460856,1261.9871826171875,48400,0.0,0.0
2004-06-02 00:00:00+09:00,1261.9869937640135,1263.8621601737668,1252.6111617152467,1254.486328125,22000,0.0,0.0
2004-06-03 00:00:00+09:00,1250.7355358017487,1254.4858672434332,1211.3570556640625,1211.3570556640625,93200,0.0,0.0
2004-06-04 00:00:00+09:00,1211.3576087663105,1241.3602739989126,1211.3576087663105,1239.485107421875,50800,0.0,0.0
2004-06-07 00:00:00+09:00,1241.3597233024186,1261.9865464992868,1241.3597233024186,1252.6107177734375,49200,0.0,0.0
2004-06-08 00:00:00+09:00,1263.8622613010637,1263.8622613010637,1243.2354291433312,1245.110595703125,32000,0.0,0.0
2004-06-09 00:00:00+09:00,1245.110607152988,1246.9857737300256,1230.1092745366868,1239.485107421875,34400,0.0,0.0
2004-06-10 00:00:00+09:00,1222.6084214766458,1246.9855832545543,1222.6084214766458,1231.9842529296875,39600,0.0,0.0
2004-06-11 00:00:00+09:00,1226.3585985955392,1237.6095949129294,1224.483432542641,1228.2337646484375,148800,0.0,0.0
2004-06-14 00:00:00+09:00,1246.9856390726695,1246.9856390726695,1224.483642578125,1224.483642578125,31200,0.0,0.0
2004-06-15 00:00:00+09:00,1226.3588198617788,1230.1091526442308,1218.858154296875,1218.858154296875,27200,0.0,0.0
2004-06-16 00:00:00+09:00,1220.7330567894912,1235.7343846763054,1218.8578908036395,1230.10888671875,26400,0.0,0.0
2004-06-17 00:00:00+09:00,1230.1089748184252,1230.1089748184252,1222.608310337825,1226.358642578125,23600,0.0,0.0
2004-06-18 00:00:00+09:00,1226.3590899165372,1228.234256720691,1203.8570882666925,1207.607421875,28400,0.0,0.0
2004-06-21 00:00:00+09:00,1211.3572799589006,1243.2351031157136,1209.4821138908526,1222.6082763671875,38000,0.0,0.0
2004-06-22 00:00:00+09:00,1233.8591938634072,1233.8591938634072,1218.8578662784419,1220.7330322265625,14400,0.0,0.0
2004-06-23 00:00:00+09:00,1228.2339753272158,1235.7346408253973,1222.6084762035796,1224.483642578125,25600,0.0,0.0
2004-06-24 00:00:00+09:00,1230.10888671875,1243.2350486197122,1224.4833887611946,1230.10888671875,32400,0.0,0.0
2004-06-25 00:00:00+09:00,1246.985247645284,1246.985247645284,1226.358424000024,1235.7342529296875,54800,0.0,0.0
2004-06-28 00:00:00+09:00,1237.60986328125,1243.2353626598012,1230.109197443182,1237.60986328125,52000,0.0,0.0
2004-06-29 00:00:00+09:00,1235.7345855109043,1237.6097518015126,1228.2339203484707,1231.9842529296875,27600,0.0,0.0
2004-06-30 00:00:00+09:00,1230.1092745366868,1243.2354405759504,1224.483774805574,1239.485107421875,48800,0.0,0.0
2004-07-01 00:00:00+09:00,1243.2348890475885,1271.3623752251358,1241.3597233024186,1252.6107177734375,70000,0.0,0.0
2004-07-02 00:00:00+09:00,1252.6112619423004,1254.4864285020944,1245.110595703125,1245.110595703125,30400,0.0,0.0
2004-07-05 00:00:00+09:00,1237.6098522341629,1248.8608508908371,1237.6098522341629,1243.2353515625,61200,0.0,0.0
2004-07-06 00:00:00+09:00,1243.2349484592014,1280.7382651548032,1243.2349484592014,1265.7369384765625,105200,0.0,0.0
2004-07-07 00:00:00+09:00,1256.36181640625,1258.2369832964087,1248.8611488456158,1256.36181640625,58400,0.0,0.0
2004-07-08 00:00:00+09:00,1256.3610492637772,1256.3610492637772,1246.9852205379282,1252.6107177734375,38000,0.0,0.0
2004-07-09 00:00:00+09:00,1265.7374369452325,1280.73876953125,1265.7374369452325,1280.73876953125,68000,0.0,0.0
2004-07-12 00:00:00+09:00,1293.864650996481,1323.8673095703125,1293.864650996481,1323.8673095703125,109200,0.0,0.0
2004-07-13 00:00:00+09:00,1336.9937526896847,1336.9937526896847,1321.992420261189,1327.617919921875,98400,0.0,0.0
2004-07-14 00:00:00+09:00,1312.616521661932,1321.9923539595172,1280.7386918501422,1299.4903564453125,129200,0.0,0.0
2004-07-15 00:00:00+09:00,1299.4903564453125,1301.3655229048297,1276.988358931108,1278.863525390625,28800,0.0,0.0
2004-07-16 00:00:00+09:00,1291.9898022282732,1291.9898022282732,1275.1133026345804,1284.4891357421875,36400,0.0,0.0
2004-07-19 00:00:00+09:00,1284.4891357421875,1284.4891357421875,1284.4891357421875,1284.4891357421875,0,0.0,0.0
2004-07-20 00:00:00+09:00,1248.8606098299563,1271.3626027998655,1248.8606098299563,1263.8619384765625,27600,0.0,0.0
2004-07-21 00:00:00+09:00,1256.361374798943,1276.9882033404183,1243.2352111816406,1275.113037109375,30800,0.0,0.0
2004-07-22 00:00:00+09:00,1282.6139142871957,1282.6139142871957,1267.6125819563513,1271.3629150390625,22800,0.0,0.0
2004-07-23 00:00:00+09:00,1284.4892493378993,1284.4892493378993,1269.4879150390625,1269.4879150390625,23600,0.0,0.0
2004-07-26 00:00:00+09:00,1280.7385358025047,1284.488868264591,1273.2378708783317,1275.113037109375,36800,0.0,0.0
2004-07-27 00:00:00+09:00,1265.737205954159,1284.488868264591,1265.737205954159,1275.113037109375,50800,0.0,0.0
2004-07-28 00:00:00+09:00,1278.8634262418122,1288.2392578125,1265.7372620428494,1288.2392578125,27600,0.0,0.0
2004-07-29 00:00:00+09:00,1276.9880027714814,1284.4886665175695,1254.4860115332174,1273.2376708984375,24800,0.0,0.0
2004-07-30 00:00:00+09:00,1278.863602957998,1288.2394358242589,1265.7374369452325,1280.73876953125,26000,0.0,0.0
2004-08-02 00:00:00+09:00,1275.1128368349594,1278.8631687080035,1260.1115093427834,1273.2376708984375,22800,0.0,0.0
2004-08-03 00:00:00+09:00,1265.737650857043,1273.2383184176772,1254.4866495160916,1256.36181640625,16400,0.0,0.0
2004-08-04 00:00:00+09:00,1256.3615166619531,1256.3615166619531,1224.4836871347095,1243.2353515625,21200,0.0,0.0
2004-08-05 00:00:00+09:00,1243.2353405651745,1256.3615055485172,1241.3601741389828,1248.86083984375,18400,0.0,0.0
2004-08-06 00:00:00+09:00,1248.8608288957398,1254.486328125,1245.1104960762332,1254.486328125,28800,0.0,0.0
2004-08-09 00:00:00+09:00,1252.6110060204273,1252.6110060204273,1243.2351751370409,1250.73583984375,16800,0.0,0.0
2004-08-10 00:00:00+09:00,1250.73583984375,1263.8620030804911,1248.860673667073,1250.73583984375,28800,0.0,0.0
2004-08-11 00:00:00+09:00,1254.4863833816798,1267.612548828125,1254.4863833816798,1267.612548828125,20800,0.0,0.0
2004-08-12 00:00:00+09:00,1280.73876953125,1282.6139361045023,1278.863602957998,1280.73876953125,37600,0.0,0.0
2004-08-13 00:00:00+09:00,1284.4887653656458,1284.4887653656458,1263.8619384765625,1263.8619384765625,56800,0.0,0.0
2004-08-16 00:00:00+09:00,1263.8622158434264,1271.3628818128236,1252.6112168893305,1267.612548828125,32000,0.0,0.0
2004-08-17 00:00:00+09:00,1267.6122706382139,1267.6122706382139,1252.610941991608,1263.8619384765625,24000,0.0,0.0
2004-08-18 00:00:00+09:00,1263.8619384765625,1263.8619384765625,1245.110277668305,1263.8619384765625,24000,0.0,0.0
2004-08-19 00:00:00+09:00,1263.8622703719802,1280.73876953125,1250.736104359215,1280.73876953125,33200,0.0,0.0
2004-08-20 00:00:00+09:00,1282.61376953125,1291.9896011798703,1265.7372725637335,1282.61376953125,62000,0.0,0.0
2004-08-23 00:00:00+09:00,1273.2381032382414,1282.6139361045023,1271.362936664989,1280.73876953125,16800,0.0,0.0
2004-08-24 00:00:00+09:00,1280.7385358025047,1280.7385358025047,1265.737205954159,1275.113037109375,21200,0.0,0.0
2004-08-25 00:00:00+09:00,1269.4876930930398,1301.3655229048297,1269.4876930930398,1299.4903564453125,38000,0.0,0.0
2004-08-26 00:00:00+09:00,1299.4902894749523,1301.365455837831,1284.4889585719225,1291.9896240234375,26400,0.0,0.0
2004-08-27 00:00:00+09:00,1290.1144241266377,1291.9895904407751,1284.4889251842249,1288.2392578125,19600,0.0,0.0
2004-08-30 00:00:00+09:00,1275.1133026345804,1284.4891357421875,1273.238136013059,1284.4891357421875,15600,0.0,0.0
2004-08-31 00:00:00+09:00,1284.488868264591,1284.488868264591,1267.6123721852023,1275.113037109375,17600,0.0,0.0
2004-09-01 00:00:00+09:00,1284.488394981207,1293.8642226817997,1273.2374017404957,1290.1138916015625,30800,0.0,0.0
2004-09-02 00:00:00+09:00,1291.9894815787993,1306.9908108279,1282.6136507981114,1303.240478515625,36800,0.0,0.0
2004-09-03 00:00:00+09:00,1305.1159685789235,1310.7414684434877,1276.9884692561018,1284.4891357421875,33200,0.0,0.0
2004-09-06 00:00:00+09:00,1297.6149121517728,1306.9907424418868,1293.8645800357272,1295.73974609375,28400,0.0,0.0
2004-09-07 00:00:00+09:00,1295.7398577863269,1301.3653564453125,1293.8646915666652,1301.3653564453125,24000,0.0,0.0
2004-09-08 00:00:00+09:00,1301.3653123594875,1312.616309296313,1299.4901462033497,1303.240478515625,33600,0.0,0.0
2004-09-09 00:00:00+09:00,1284.489156971807,1297.6153235394022,1284.489156971807,1293.864990234375,29600,0.0,0.0
2004-09-10 00:00:00+09:00,1288.23929129768,1295.7399567491948,1282.6137922090438,1291.9896240234375,91200,0.0,0.0
2004-09-13 00:00:00+09:00,1273.2379378826297,1290.1144348501462,1271.3627715529058,1282.61376953125,23200,0.0,0.0
2004-09-14 00:00:00+09:00,1286.3640914983625,1295.7399230690503,1284.4889251842249,1288.2392578125,27600,0.0,0.0
2004-09-15 00:00:00+09:00,1278.8633253458838,1286.363990010669,1271.3626606810985,1276.9881591796875,24400,0.0,0.0
2004-09-16 00:00:00+09:00,1273.238048305173,1275.113214797522,1261.987049351077,1267.612548828125,22800,0.0,0.0
2004-09-17 00:00:00+09:00,1278.8635812044847,1280.73874774584,1269.487748497707,1271.3629150390625,27200,0.0,0.0
2004-09-20 00:00:00+09:00,1271.3629150390625,1271.3629150390625,1271.3629150390625,1271.3629150390625,0,0.0,0.0
2004-09-21 00:00:00+09:00,1275.1133494497585,1275.1133494497585,1261.9871826171875,1261.9871826171875,32400,0.0,0.0
2004-09-22 00:00:00+09:00,1278.8632671231685,1278.8632671231685,1246.9854437491306,1263.8619384765625,30800,0.0,0.0
2004-09-23 00:00:00+09:00,1263.8619384765625,1263.8619384765625,1263.8619384765625,1263.8619384765625,0,0.0,0.0
2004-09-24 00:00:00+09:00,1226.358766300517,1246.985595703125,1226.358766300517,1246.985595703125,37200,0.0,0.0
2004-09-27 00:00:00+09:00,1250.3698989014042,1250.3698989014042,1224.0463220824272,1242.848876953125,33200,4.5,0.0
2004-09-28 00:00:00+09:00,1231.5672607421875,1235.327771462011,1225.9264946624523,1231.5672607421875,15600,0.0,0.0
2004-09-29 00:00:00+09:00,1235.3276305966826,1237.2078857421875,1229.686865160168,1237.2078857421875,25200,0.0,0.0
2004-09-30 00:00:00+09:00,1231.5672607421875,1237.2080268219227,1231.5672607421875,1231.5672607421875,18400,0.0,0.0
2004-10-01 00:00:00+09:00,1233.4476318359375,1237.208142908608,1231.567376299602,1233.4476318359375,12800,0.0,0.0
2004-10-04 00:00:00+09:00,1233.4476123861912,1250.3699119463674,1227.8068458661323,1239.08837890625,84800,0.0,0.0
2004-10-05 00:00:00+09:00,1239.0884678852128,1250.3700017354574,1239.0884678852128,1248.48974609375,28400,0.0,0.0
2004-10-06 00:00:00+09:00,1240.9689731511596,1250.3702532507896,1231.5676930515297,1246.6097412109375,34800,0.0,0.0
2004-10-07 00:00:00+09:00,1244.7291650539491,1246.6094205902843,1233.4476318359375,1233.4476318359375,30000,0.0,0.0
2004-10-08 00:00:00+09:00,1231.567376299602,1239.0883984449433,1229.6871207632669,1233.4476318359375,22800,0.0,0.0
2004-10-11 00:00:00+09:00,1233.4476318359375,1233.4476318359375,1233.4476318359375,1233.4476318359375,0,0.0,0.0
2004-10-12 00:00:00+09:00,1231.5674024710627,1240.968680352521,1225.9266357421875,1225.9266357421875,35600,0.0,0.0
2004-10-13 00:00:00+09:00,1231.5672607421875,1239.0882821818345,1231.5672607421875,1231.5672607421875,24000,0.0,0.0
2004-10-14 00:00:00+09:00,1233.447574013158,1233.447574013158,1210.8845086348686,1214.64501953125,33200,0.0,0.0
2004-10-15 00:00:00+09:00,1218.405595887382,1218.405595887382,1190.2017626492482,1195.842529296875,22800,0.0,0.0
2004-10-18 00:00:00+09:00,1203.3636811023623,1205.2439368540847,1190.2018908403052,1193.96240234375,17200,0.0,0.0
2004-10-19 00:00:00+09:00,1197.722913847195,1203.3636811023623,1193.96240234375,1193.96240234375,10000,0.0,0.0
2004-10-20 00:00:00+09:00,1190.2017052013653,1190.2017052013653,1175.1596615337335,1177.0399169921875,25600,0.0,0.0
2004-10-21 00:00:00+09:00,1178.920423828125,1182.680935546875,1175.159912109375,1175.159912109375,22000,0.0,0.0
2004-10-22 00:00:00+09:00,1177.0401407554152,1190.2019314667377,1177.0401407554152,1182.680908203125,18400,0.0,0.0
2004-10-25 00:00:00+09:00,1169.5190630837287,1184.5611089111724,1160.1177844415768,1163.8782958984375,23200,0.0,0.0
2004-10-26 00:00:00+09:00,1175.159912109375,1210.8847734375,1165.7586328124999,1175.159912109375,26400,0.0,0.0
2004-10-27 00:00:00+09:00,1188.3217031249999,1188.3217031249999,1167.6388886718748,1175.159912109375,21600,0.0,0.0
2004-10-28 00:00:00+09:00,1192.0821198894757,1203.3636541471049,1190.2018641798709,1201.4833984375,51200,0.0,0.0
2004-10-29 00:00:00+09:00,1195.8424969225332,1205.2437744140625,1190.2017304276155,1205.2437744140625,34800,0.0,0.0
2004-11-01 00:00:00+09:00,1207.1240625921284,1207.1240625921284,1190.2017626492482,1195.842529296875,13600,0.0,0.0
2004-11-02 00:00:00+09:00,1193.9623755990806,1205.2439098567097,1184.5610970510563,1201.4833984375,45200,0.0,0.0
2004-11-03 00:00:00+09:00,1201.4833984375,1201.4833984375,1201.4833984375,1201.4833984375,0,0.0,0.0
2004-11-04 00:00:00+09:00,1205.2438335177264,1205.2438335177264,1184.5610220221024,1188.321533203125,30800,0.0,0.0
2004-11-05 00:00:00+09:00,1192.0819795317368,1207.1240234375,1192.0819795317368,1207.1240234375,22400,0.0,0.0
2004-11-08 00:00:00+09:00,1207.1240824477932,1207.1240824477932,1184.5610154861522,1190.2017822265625,21600,0.0,0.0
2004-11-09 00:00:00+09:00,1192.0820443841474,1192.0820443841474,1184.5610220221024,1188.321533203125,10800,0.0,0.0
2004-11-10 00:00:00+09:00,1178.920383072504,1186.44140625,1177.0401272781298,1186.44140625,14800,0.0,0.0
2004-11-11 00:00:00+09:00,1184.5609388260034,1203.363493410543,1177.0399169921875,1177.0399169921875,23200,0.0,0.0
2004-11-12 00:00:00+09:00,1180.8005043258788,1193.9622933868359,1178.920248745742,1190.2017822265625,24800,0.0,0.0
2004-11-15 00:00:00+09:00,1201.4832377589025,1212.7647705078125,1192.0819604681444,1212.7647705078125,40000,0.0,0.0
2004-11-16 00:00:00+09:00,1214.6452019660028,1214.6452019660028,1197.722900390625,1197.722900390625,22000,0.0,0.0
2004-11-17 00:00:00+09:00,1186.44140625,1193.962429427496,1186.44140625,1186.44140625,24000,0.0,0.0
2004-11-18 00:00:00+09:00,1199.6032105462539,1199.6032105462539,1182.680908203125,1182.680908203125,36000,0.0,0.0
2004-11-19 00:00:00+09:00,1184.56119140625,1186.441447265625,1173.27965625,1175.159912109375,18000,0.0,0.0
2004-11-22 00:00:00+09:00,1165.7584622162562,1175.159740137355,1146.9559063740585,1154.4769287109375,36000,0.0,0.0
2004-11-23 00:00:00+09:00,1154.4769287109375,1154.4769287109375,1154.4769287109375,1154.4769287109375,0,0.0,0.0
2004-11-24 00:00:00+09:00,1154.4769287109375,1165.7584622162562,1150.716417542498,1154.4769287109375,32400,0.0,0.0
2004-11-25 00:00:00+09:00,1158.237548828125,1160.1178045892095,1152.5967815448712,1158.237548828125,32000,0.0,0.0
2004-11-26 00:00:00+09:00,1169.5189667492377,1169.5189667492377,1156.357177734375,1156.357177734375,33600,0.0,0.0
2004-11-29 00:00:00+09:00,1165.7585583535597,1175.1598370499594,1161.998046875,1161.998046875,18000,0.0,0.0
2004-11-30 00:00:00+09:00,1161.9979510478165,1163.8782066320364,1154.4769287109375,1154.4769287109375,38400,0.0,0.0
2004-12-01 00:00:00+09:00,1154.477133513289,1154.477133513289,1131.9140625,1131.9140625,54800,0.0,0.0
2004-12-02 00:00:00+09:00,1139.4351736254118,1152.5969660600288,1137.5549175633237,1141.3154296875,47600,0.0,0.0
2004-12-03 00:00:00+09:00,1143.195299692623,1152.596576828253,1141.315044265497,1146.955810546875,39600,0.0,0.0
2004-12-06 00:00:00+09:00,1160.1174688011458,1169.5187448854338,1148.8359375,1148.8359375,45200,0.0,0.0
2004-12-07 00:00:00+09:00,1154.477222122117,1154.477222122117,1141.3154296875,1141.3154296875,37600,0.0,0.0
2004-12-08 00:00:00+09:00,1143.1953060857963,1150.7163278363607,1139.434795210514,1145.0755615234375,43200,0.0,0.0
2004-12-09 00:00:00+09:00,1148.8362015172056,1148.8362015172056,1137.5546676234196,1143.1954345703125,55600,0.0,0.0
2004-12-10 00:00:00+09:00,1145.075555119749,1152.596576828253,1143.195299692623,1146.955810546875,72000,0.0,0.0
2004-12-13 00:00:00+09:00,1143.1953060857963,1152.596583274002,1143.1953060857963,1145.0755615234375,28000,0.0,0.0
2004-12-14 00:00:00+09:00,1146.9559063740585,1156.3571842951574,1145.0756507898386,1154.4769287109375,32400,0.0,0.0
2004-12-15 00:00:00+09:00,1150.7161927168577,1160.1174688011458,1145.0754270662849,1148.8359375,30400,0.0,0.0
2004-12-16 00:00:00+09:00,1148.8362567000404,1161.998046875,1146.9560009607605,1161.998046875,34800,0.0,0.0
2004-12-17 00:00:00+09:00,1158.2373814957864,1171.399169921875,1150.7163595380216,1171.399169921875,76400,0.0,0.0
2004-12-20 00:00:00+09:00,1165.7585718724636,1169.5190833946326,1154.4770373059557,1158.237548828125,46800,0.0,0.0
2004-12-21 00:00:00+09:00,1156.357177734375,1171.3992223227897,1156.357177734375,1156.357177734375,37600,0.0,0.0
2004-12-22 00:00:00+09:00,1161.9982697860055,1173.2798063858695,1161.9982697860055,1167.6390380859375,43200,0.0,0.0
2004-12-23 00:00:00+09:00,1167.6390380859375,1167.6390380859375,1167.6390380859375,1167.6390380859375,0,0.0,0.0
2004-12-24 00:00:00+09:00,1171.3993733077057,1192.082187282641,1171.3993733077057,1182.680908203125,76800,0.0,0.0
2004-12-27 00:00:00+09:00,1190.2017756802052,1199.6030535291798,1184.5610089708202,1192.08203125,63600,0.0,0.0
2004-12-28 00:00:00+09:00,1203.3634868421054,1222.1660413240133,1192.0819541529606,1214.64501953125,57600,0.0,0.0
2004-12-29 00:00:00+09:00,1220.2857858758225,1220.2857858758225,1207.1239977384869,1214.64501953125,29600,0.0,0.0
2004-12-30 00:00:00+09:00,1214.6450259659641,1220.285792340419,1210.8845150496609,1212.7647705078125,13200,0.0,0.0
2004-12-31 00:00:00+09:00,1212.7647705078125,1212.7647705078125,1212.7647705078125,1212.7647705078125,0,0.0,0.0
2005-01-03 00:00:00+09:00,1212.7647705078125,1212.7647705078125,1212.7647705078125,1212.7647705078125,0,0.0,0.0
2005-01-04 00:00:00+09:00,1210.8846237442042,1220.285901878864,1203.3636012364761,1216.525390625,13600,0.0,0.0
2005-01-05 00:00:00+09:00,1214.6450453903817,1214.6450453903817,1205.2437679492796,1207.1240234375,24800,0.0,0.0
2005-01-06 00:00:00+09:00,1193.9627467427508,1203.3640282131662,1193.9627467427508,1199.603515625,27200,0.0,0.0
2005-01-07 00:00:00+09:00,1209.0042789257204,1209.0042789257204,1199.6030014846185,1207.1240234375,39200,0.0,0.0
2005-01-10 00:00:00+09:00,1207.1240234375,1207.1240234375,1207.1240234375,1207.1240234375,0,0.0,0.0
2005-01-11 00:00:00+09:00,1207.1240041333576,1224.0463032567225,1203.3634932170544,1212.7647705078125,76400,0.0,0.0
2005-01-12 00:00:00+09:00,1209.0042854106744,1218.4055629022037,1205.2437744140625,1205.2437744140625,32800,0.0,0.0
2005-01-13 00:00:00+09:00,1207.1240891082377,1214.6451114702827,1184.5610220221024,1188.321533203125,37600,0.0,0.0
2005-01-14 00:00:00+09:00,1192.0821331988325,1203.3636675824177,1184.5611102764424,1197.722900390625,28000,0.0,0.0
2005-01-17 00:00:00+09:00,1205.2437679492796,1214.6450453903817,1195.8424905081777,1207.1240234375,31600,0.0,0.0
2005-01-18 00:00:00+09:00,1203.3640282131662,1212.7653096835816,1199.603515625,1199.603515625,34000,0.0,0.0
2005-01-19 00:00:00+09:00,1209.0047970954154,1209.0047970954154,1195.843003036834,1199.603515625,20000,0.0,0.0
2005-01-20 00:00:00+09:00,1199.6030403952927,1201.4832959445018,1190.2017626492482,1195.842529296875,22800,0.0,0.0
2005-01-21 00:00:00+09:00,1193.9622096011515,1201.4832313939146,1175.1596551192436,1178.920166015625,48400,0.0,0.0
2005-01-24 00:00:00+09:00,1184.5609130859375,1201.483211844308,1178.9201468331473,1184.5609130859375,31200,0.0,0.0
2005-01-25 00:00:00+09:00,1178.9202552505685,1190.2017887936363,1177.0399996600572,1188.321533203125,34800,0.0,0.0
2005-01-26 00:00:00+09:00,1197.722913847195,1197.722913847195,1188.3216350885828,1193.96240234375,27200,0.0,0.0
2005-01-27 00:00:00+09:00,1197.7227848460839,1199.6030403952927,1190.2017626492482,1195.842529296875,9600,0.0,0.0
2005-01-28 00:00:00+09:00,1188.3216350885828,1193.96240234375,1182.6808678334155,1193.96240234375,38400,0.0,0.0
2005-01-31 00:00:00+09:00,1188.3214749293097,1212.764796407286,1188.3214749293097,1205.2437744140625,39600,0.0,0.0
2005-02-01 00:00:00+09:00,1212.7647640830594,1220.2857858758225,1209.0042531866777,1214.64501953125,42000,0.0,0.0
2005-02-02 00:00:00+09:00,1225.9266783932605,1250.3700017354574,1222.1661671098457,1248.48974609375,116000,0.0,0.0
2005-02-03 00:00:00+09:00,1252.25048828125,1259.7715122348911,1248.4899763044295,1252.25048828125,76800,0.0,0.0
2005-02-04 00:00:00+09:00,1252.2506391173763,1252.2506391173763,1237.2085893982487,1244.7296142578125,38000,0.0,0.0
2005-02-07 00:00:00+09:00,1222.1663654384329,1267.2925081623134,1222.1663654384329,1259.771484375,85200,0.0,0.0
2005-02-08 00:00:00+09:00,1259.771557220504,1274.813605664928,1240.9689966649742,1272.933349609375,85200,0.0,0.0
2005-02-09 00:00:00+09:00,1272.9327148796003,1287.9747558235247,1263.5314392896476,1280.4537353515625,62000,0.0,0.0
2005-02-10 00:00:00+09:00,1284.214885942693,1284.214885942693,1269.172837498269,1272.933349609375,47600,0.0,0.0
2005-02-11 00:00:00+09:00,1272.933349609375,1272.933349609375,1272.933349609375,1272.933349609375,0,0.0,0.0
2005-02-14 00:00:00+09:00,1274.8131040592784,1284.2143806378865,1269.1723381121135,1276.693359375,32400,0.0,0.0
2005-02-15 00:00:00+09:00,1271.052593427835,1284.2143806378865,1269.1723381121135,1276.693359375,38800,0.0,0.0
2005-02-16 00:00:00+09:00,1269.1726208441678,1286.0949224554233,1265.412109375,1265.412109375,36400,0.0,0.0
2005-02-17 00:00:00+09:00,1265.411974283854,1280.4540185546873,1261.6514632161457,1269.1724853515625,36000,0.0,0.0
2005-02-18 00:00:00+09:00,1269.1726343464745,1274.8134016102367,1261.651611328125,1261.651611328125,31200,0.0,0.0
2005-02-21 00:00:00+09:00,1265.412109375,1271.052876578752,1263.531853640416,1265.412109375,23200,0.0,0.0
2005-02-22 00:00:00+09:00,1265.412252215485,1265.412252215485,1259.771484375,1259.771484375,25600,0.0,0.0
2005-02-23 00:00:00+09:00,1256.0109724813433,1259.771484375,1246.6096927472015,1259.771484375,34000,0.0,0.0
2005-02-24 00:00:00+09:00,1244.7292962945764,1267.292365109584,1244.7292962945764,1265.412109375,37600,0.0,0.0
2005-02-25 00:00:00+09:00,1256.0108646137026,1293.6159803206997,1256.0108646137026,1289.85546875,54400,0.0,0.0
2005-02-28 00:00:00+09:00,1293.6161340978183,1318.0594622130386,1289.855622080092,1314.2989501953125,110000,0.0,0.0
2005-03-01 00:00:00+09:00,1314.2983094995673,1323.6995849609375,1299.2562687613747,1323.6995849609375,100400,0.0,0.0
2005-03-02 00:00:00+09:00,1329.3402099609375,1336.8612295363885,1319.938935491624,1329.3402099609375,90000,0.0,0.0
2005-03-03 00:00:00+09:00,1325.580223083496,1361.3050801595052,1316.1789449055989,1353.7840576171875,102400,0.0,0.0
2005-03-04 00:00:00+09:00,1340.6223011363636,1355.664346590909,1336.8617897727272,1344.3828125,54800,0.0,0.0
2005-03-07 00:00:00+09:00,1346.2629329835686,1355.6642104485377,1346.2629329835686,1348.1431884765625,55200,0.0,0.0
2005-03-08 00:00:00+09:00,1350.0236344962284,1368.8261920797413,1348.1433787378771,1363.1854248046875,58400,0.0,0.0
2005-03-09 00:00:00+09:00,1350.0236344962284,1370.7064478380926,1350.0236344962284,1363.1854248046875,39600,0.0,0.0
2005-03-10 00:00:00+09:00,1365.0656805630388,1370.7064478380926,1355.6644017712822,1363.1854248046875,32000,0.0,0.0
2005-03-11 00:00:00+09:00,1368.826287079904,1372.586798857596,1363.185519413366,1370.70654296875,107600,0.0,0.0
2005-03-14 00:00:00+09:00,1366.94593632139,1368.8261920797413,1363.1854248046875,1363.1854248046875,24000,0.0,0.0
2005-03-15 00:00:00+09:00,1357.544670980831,1363.1854383117761,1350.023647872904,1359.4249267578125,63600,0.0,0.0
2005-03-16 00:00:00+09:00,1353.7840444295362,1359.424811281326,1333.1012326396403,1357.5445556640625,57600,0.0,0.0
2005-03-17 00:00:00+09:00,1353.7840909090908,1357.5446022727272,1336.8617897727272,1344.3828125,40400,0.0,0.0
2005-03-18 00:00:00+09:00,1333.1012784090908,1351.9038352272728,1333.1012784090908,1344.3828125,36000,0.0,0.0
2005-03-21 00:00:00+09:00,1344.3828125,1344.3828125,1344.3828125,1344.3828125,0,0.0,0.0
2005-03-22 00:00:00+09:00,1353.7841539884869,1447.7969424599094,1353.7841539884869,1428.994384765625,157600,0.0,0.0
2005-03-23 00:00:00+09:00,1410.1916897681451,1410.1916897681451,1383.8681115591398,1398.91015625,94000,0.0,0.0
2005-03-24 00:00:00+09:00,1391.3893300221691,1391.3893300221691,1378.2275390625,1378.2275390625,44400,0.0,0.0
2005-03-25 00:00:00+09:00,1380.1078754677985,1393.269667195693,1378.2276195066706,1389.5091552734375,39600,0.0,0.0
2005-03-28 00:00:00+09:00,1377.8229570780713,1381.5926505310895,1366.5138767190174,1375.9381103515625,30000,4.5,0.0
2005-03-29 00:00:00+09:00,1366.513875044512,1370.2835684929105,1347.6654078025185,1364.6290283203125,44000,0.0,0.0
2005-03-30 00:00:00+09:00,1349.549887654509,1366.5135035607807,1342.0105028072771,1353.319580078125,46000,0.0,0.0
2005-03-31 00:00:00+09:00,1358.9744898129816,1375.9381103515625,1347.6654094539276,1375.9381103515625,47600,0.0,0.0
2005-04-01 00:00:00+09:00,1351.435302734375,1374.053466796875,1351.435302734375,1374.053466796875,48000,0.0,0.0
2005-04-04 00:00:00+09:00,1355.2046340648137,1370.2834060710982,1355.2046340648137,1368.3985595703125,20800,0.0,0.0
2005-04-05 00:00:00+09:00,1360.8592144783786,1370.283447265625,1353.3198282485814,1370.283447265625,86800,0.0,0.0
2005-04-06 00:00:00+09:00,1374.053264456589,1407.9805055542824,1368.39872427364,1381.5926513671875,64000,0.0,0.0
2005-04-07 00:00:00+09:00,1366.513713069527,1368.3985595703125,1353.319787564028,1368.3985595703125,44400,0.0,0.0
2005-04-08 00:00:00+09:00,1360.859375,1368.3987621191136,1351.435141101108,1360.859375,36400,0.0,0.0
2005-04-11 00:00:00+09:00,1362.7442217797784,1362.7442217797784,1349.5502943213296,1360.859375,32000,0.0,0.0
2005-04-12 00:00:00+09:00,1360.8594555834788,1360.8594555834788,1342.0109866695802,1347.66552734375,20400,0.0,0.0
2005-04-13 00:00:00+09:00,1357.0893140429416,1358.9741603124455,1343.895390156413,1355.2044677734375,17200,0.0,0.0
2005-04-14 00:00:00+09:00,1338.2412081393265,1338.2412081393265,1308.083659786891,1315.623046875,55600,0.0,0.0
2005-04-15 00:00:00+09:00,1308.0833240122522,1317.5075554532627,1281.6954759774228,1283.580322265625,59600,0.0,0.0
2005-04-18 00:00:00+09:00,1291.1199451793323,1291.1199451793323,1243.998779296875,1243.998779296875,78400,0.0,0.0
2005-04-19 00:00:00+09:00,1251.5380917159764,1281.6956360946745,1247.768398668639,1274.15625,55200,0.0,0.0
2005-04-20 00:00:00+09:00,1311.8532650027655,1311.8532650027655,1277.926025390625,1277.926025390625,83200,0.0,0.0
2005-04-21 00:00:00+09:00,1274.1563729692102,1302.4290735528466,1264.7321394413314,1279.8109130859375,74800,0.0,0.0
2005-04-22 00:00:00+09:00,1317.5079335134267,1317.5079335134267,1289.2352310775161,1306.1988525390625,74400,0.0,0.0
2005-04-25 00:00:00+09:00,1321.2775099441806,1364.628983166315,1321.2775099441806,1340.1259765625,109200,0.0,0.0
2005-04-26 00:00:00+09:00,1353.31994283098,1353.31994283098,1323.1623953584233,1330.7017822265625,82000,0.0,0.0
2005-04-27 00:00:00+09:00,1330.7021871301936,1343.8961181640625,1315.6234088057722,1343.8961181640625,62000,0.0,0.0
2005-04-28 00:00:00+09:00,1345.78076171875,1353.3201497395833,1325.0474446614583,1334.4716796875,71600,0.0,0.0
2005-04-29 00:00:00+09:00,1334.4716796875,1334.4716796875,1334.4716796875,1334.4716796875,0,0.0,0.0
2005-05-02 00:00:00+09:00,1353.3200680179195,1353.3200680179195,1334.471599104021,1347.66552734375,64000,0.0,0.0
2005-05-03 00:00:00+09:00,1347.66552734375,1347.66552734375,1347.66552734375,1347.66552734375,0,0.0,0.0
2005-05-04 00:00:00+09:00,1347.66552734375,1347.66552734375,1347.66552734375,1347.66552734375,0,0.0,0.0
2005-05-05 00:00:00+09:00,1347.66552734375,1347.66552734375,1347.66552734375,1347.66552734375,0,0.0,0.0
2005-05-06 00:00:00+09:00,1357.089599609375,1370.283526272244,1347.6653662787544,1357.089599609375,65600,0.0,0.0
2005-05-09 00:00:00+09:00,1364.6292317708333,1381.5928548177083,1364.6292317708333,1374.053466796875,56800,0.0,0.0
2005-05-10 00:00:00+09:00,1374.0530990726693,1377.8227920742404,1364.6288665687414,1368.3985595703125,42800,0.0,0.0
2005-05-11 00:00:00+09:00,1364.6289852466875,1370.2835252408038,1325.047205287875,1351.43505859375,77600,0.0,0.0
2005-05-12 00:00:00+09:00,1357.0897618006993,1362.7443024748688,1342.0109866695802,1347.66552734375,40400,0.0,0.0
2005-05-13 00:00:00+09:00,1338.2409615727531,1360.8591186697574,1321.27734375,1321.27734375,62000,0.0,0.0
2005-05-16 00:00:00+09:00,1309.9684227100317,1321.2775026183197,1300.544189453125,1300.544189453125,36800,0.0,0.0
2005-05-17 00:00:00+09:00,1285.4654928597924,1321.2775813705491,1270.38671875,1270.38671875,51600,0.0,0.0
2005-05-18 00:00:00+09:00,1270.3866795580586,1308.0836136695739,1262.8472927357557,1279.8109130859375,23600,0.0,0.0
2005-05-19 00:00:00+09:00,1296.7746167991593,1309.9685445863602,1270.3867612247577,1289.2352294921875,61200,0.0,0.0
2005-05-20 00:00:00+09:00,1308.0835717125276,1308.0835717125276,1276.041178745506,1277.926025390625,52000,0.0,0.0
2005-05-23 00:00:00+09:00,1279.8106296892208,1294.8893999948375,1270.3863982482103,1283.580322265625,38400,0.0,0.0
2005-05-24 00:00:00+09:00,1283.580606497089,1293.0048400249677,1277.9260663803618,1279.8109130859375,35200,0.0,0.0
2005-05-25 00:00:00+09:00,1268.5017877985406,1274.1563277144332,1243.9987814963401,1255.307861328125,52400,0.0,0.0
2005-05-26 00:00:00+09:00,1260.9619526784459,1260.9619526784459,1253.422568805929,1257.1922607421875,24800,0.0,0.0
2005-05-27 00:00:00+09:00,1259.0774338156298,1270.3865125624766,1257.1925873578218,1260.9622802734375,39600,0.0,0.0
2005-05-30 00:00:00+09:00,1262.8472128475414,1294.889604815315,1262.8472128475414,1281.6956787109375,41200,0.0,0.0
2005-05-31 00:00:00+09:00,1281.6956812021683,1296.774453922194,1272.2714482521524,1293.0047607421875,64000,0.0,0.0
2005-06-01 00:00:00+09:00,1291.1199116426358,1291.1199116426358,1276.0411389519188,1281.6956787109375,59600,0.0,0.0
2005-06-02 00:00:00+09:00,1283.580101105104,1293.0043309223222,1251.5377197265625,1251.5377197265625,74400,0.0,0.0
2005-06-03 00:00:00+09:00,1255.3081855266803,1279.811198157081,1251.5384912758493,1276.04150390625,89600,0.0,0.0
2005-06-06 00:00:00+09:00,1268.5018690403133,1268.5018690403133,1240.2291676501131,1247.7685546875,97200,0.0,0.0
2005-06-07 00:00:00+09:00,1245.8832981840092,1249.6529904629322,1230.8045290683178,1240.228759765625,50400,0.0,0.0
2005-06-08 00:00:00+09:00,1232.6896574439072,1243.998736869998,1228.919964301877,1236.4593505859375,69200,0.0,0.0
2005-06-09 00:00:00+09:00,1236.4594316555344,1243.9988184339218,1228.920044877147,1234.5745849609375,65600,0.0,0.0
2005-06-10 00:00:00+09:00,1236.4595546520422,1249.653482826683,1230.8050140057678,1245.8837890625,68400,0.0,0.0
2005-06-13 00:00:00+09:00,1255.3078176125048,1255.3078176125048,1242.1138916015625,1242.1138916015625,24400,0.0,0.0
2005-06-14 00:00:00+09:00,1245.8831818362316,1257.1922576168934,1242.1134899093445,1251.5377197265625,30400,0.0,0.0
2005-06-15 00:00:00+09:00,1262.847209083341,1266.616902244784,1253.422976179734,1264.7320556640625,66000,0.0,0.0
2005-06-16 00:00:00+09:00,1264.7319317663503,1264.7319317663503,1253.4228533899,1259.077392578125,48000,0.0,0.0
2005-06-17 00:00:00+09:00,1264.7322186061315,1274.1564527239118,1262.8473717825752,1266.6170654296875,54800,0.0,0.0
2005-06-20 00:00:00+09:00,1276.041178745506,1277.926025390625,1268.5017921650303,1277.926025390625,38800,0.0,0.0
2005-06-21 00:00:00+09:00,1279.8108720357438,1283.5805653259818,1270.3866388101492,1277.926025390625,62000,0.0,0.0
2005-06-22 00:00:00+09:00,1285.4655358387015,1294.8897699724164,1274.1564548782437,1289.2352294921875,60000,0.0,0.0
2005-06-23 00:00:00+09:00,1283.5806460960682,1287.3503396235164,1262.847331695104,1270.38671875,46000,0.0,0.0
2005-06-24 00:00:00+09:00,1266.617025222552,1272.271565513724,1259.0776381676558,1270.38671875,38000,0.0,0.0
2005-06-27 00:00:00+09:00,1274.1562054780923,1274.1562054780923,1257.1925873578218,1260.9622802734375,38800,0.0,0.0
2005-06-28 00:00:00+09:00,1259.0776786747685,1274.156453269676,1243.9989040798612,1272.2716064453125,44400,0.0,0.0
2005-06-29 00:00:00+09:00,1272.2714034763314,1277.9259430473373,1264.7320173816568,1274.15625,40800,0.0,0.0
2005-06-30 00:00:00+09:00,1268.501830143715,1270.386676845266,1262.8472900390625,1262.8472900390625,27600,0.0,0.0
2005-07-01 00:00:00+09:00,1262.847209083341,1272.271441986948,1255.3078227604556,1264.7320556640625,37200,0.0,0.0
2005-07-04 00:00:00+09:00,1266.616902244784,1277.9259817291122,1264.7320556640625,1264.7320556640625,45200,0.0,0.0
2005-07-05 00:00:00+09:00,1274.1563702483677,1274.1563702483677,1262.8472900390625,1262.8472900390625,47200,0.0,0.0
2005-07-06 00:00:00+09:00,1255.307414774058,1262.846798646575,1255.307414774058,1257.1922607421875,58000,0.0,0.0
2005-07-07 00:00:00+09:00,1251.538331166419,1270.3868000092868,1247.7686373978456,1268.501953125,78800,0.0,0.0
2005-07-08 00:00:00+09:00,1260.9625276124113,1294.8897705078125,1259.077680784889,1294.8897705078125,134400,0.0,0.0
2005-07-11 00:00:00+09:00,1300.5443109903795,1309.9685451279909,1294.8897705078125,1294.8897705078125,62000,0.0,0.0
2005-07-12 00:00:00+09:00,1296.7748215592972,1300.544515808016,1281.6960445644218,1287.3505859375,36800,0.0,0.0
2005-07-13 00:00:00+09:00,1289.2354330618593,1289.2354330618593,1274.156656066984,1287.3505859375,38800,0.0,0.0
2005-07-14 00:00:00+09:00,1287.3501756656804,1296.7744082840236,1274.15625,1274.15625,33600,0.0,0.0
2005-07-15 00:00:00+09:00,1277.9261058048962,1287.3503396235164,1270.38671875,1270.38671875,54400,0.0,0.0
2005-07-18 00:00:00+09:00,1270.38671875,1270.38671875,1270.38671875,1270.38671875,0,0.0,0.0
2005-07-19 00:00:00+09:00,1285.46533203125,1287.350178559155,1279.8107924475348,1285.46533203125,24400,0.0,0.0
2005-07-20 00:00:00+09:00,1293.0045973283532,1293.0045973283532,1283.5803655694,1291.1197509765625,31200,0.0,0.0
2005-07-21 00:00:00+09:00,1293.0047181428702,1294.8895646707751,1285.46533203125,1285.46533203125,38000,0.0,0.0
2005-07-22 00:00:00+09:00,1285.465168553827,1289.2348611302314,1281.6954759774228,1283.580322265625,34000,0.0,0.0
2005-07-25 00:00:00+09:00,1283.5806143006928,1334.471475660632,1281.695767583658,1330.7017822265625,141200,0.0,0.0
2005-07-26 00:00:00+09:00,1325.04723945957,1325.04723945957,1309.96846575306,1313.7381591796875,72400,0.0,0.0
2005-07-27 00:00:00+09:00,1306.1984925881409,1326.9318019943018,1306.1984925881409,1323.162109375,53200,0.0,0.0
2005-07-28 00:00:00+09:00,1328.816725916142,1330.7015723358813,1309.96826171875,1309.96826171875,50000,0.0,0.0
2005-07-29 00:00:00+09:00,1308.0836583837608,1319.3927390037934,1302.4291180737446,1304.31396484375,48400,0.0,0.0
2005-08-01 00:00:00+09:00,1304.3140461061867,1313.73828054337,1291.1201178941299,1302.42919921875,77600,0.0,0.0
2005-08-02 00:00:00+09:00,1304.3138827558876,1313.7381160127943,1294.889649498981,1300.544189453125,44800,0.0,0.0
2005-08-03 00:00:00+09:00,1300.5442705971063,1311.853351210994,1283.5806496762743,1298.659423828125,52000,0.0,0.0
2005-08-04 00:00:00+09:00,1300.5441445743338,1300.5441445743338,1274.1562923655792,1281.6956787109375,47200,0.0,0.0
2005-08-05 00:00:00+09:00,1279.8107924475348,1330.7016487009714,1262.8471736963893,1285.46533203125,117600,0.0,0.0
2005-08-08 00:00:00+09:00,1272.2715323311943,1321.2775469098772,1260.9624520438058,1319.3927001953125,143600,0.0,0.0
2005-08-09 00:00:00+09:00,1317.5075704460469,1330.701494613604,1308.083338897792,1323.162109375,68800,0.0,0.0
2005-08-10 00:00:00+09:00,1323.16259765625,1343.8959147135415,1323.16259765625,1334.4716796875,86000,0.0,0.0
2005-08-11 00:00:00+09:00,1334.4716796875,1338.2413736979165,1323.16259765625,1334.4716796875,56800,0.0,0.0
2005-08-12 00:00:00+09:00,1336.3563232421875,1340.1260166786958,1321.2775494961543,1336.3563232421875,36000,0.0,0.0
2005-08-15 00:00:00+09:00,1338.2409615727531,1338.2409615727531,1319.3924973252497,1321.27734375,38800,0.0,0.0
2005-08-16 00:00:00+09:00,1321.277426056299,1325.047119140625,1281.6956486708748,1325.047119140625,47200,0.0,0.0
2005-08-17 00:00:00+09:00,1326.9321275071632,1326.9321275071632,1313.7382001029728,1315.623046875,43600,0.0,0.0
2005-08-18 00:00:00+09:00,1321.2775460329424,1321.2775460329424,1306.1987723264324,1313.7381591796875,47600,0.0,0.0
2005-08-19 00:00:00+09:00,1306.1985688792715,1313.7379545582285,1300.544029620054,1309.96826171875,34000,0.0,0.0
2005-08-22 00:00:00+09:00,1313.7382001029728,1319.3927404190545,1306.1988130148638,1315.623046875,37200,0.0,0.0
2005-08-23 00:00:00+09:00,1319.3926204334605,1336.3562398390336,1317.5077738328414,1326.9320068359375,47200,0.0,0.0
2005-08-24 00:00:00+09:00,1321.2774682375466,1332.5865478515625,1321.2774682375466,1332.5865478515625,52000,0.0,0.0
2005-08-25 00:00:00+09:00,1321.2775078956117,1330.7017411901595,1319.392661236702,1328.81689453125,38800,0.0,0.0
2005-08-26 00:00:00+09:00,1330.701700037176,1330.701700037176,1321.2774670340798,1326.9320068359375,30800,0.0,0.0
2005-08-29 00:00:00+09:00,1326.9321275071632,1326.9321275071632,1308.083659786891,1315.623046875,39600,0.0,0.0
2005-08-30 00:00:00+09:00,1309.9685472480217,1319.3927814008853,1309.9685472480217,1317.5079345703125,23600,0.0,0.0
2005-08-31 00:00:00+09:00,1319.3926581021014,1325.047198065396,1306.1987315210804,1311.853271484375,46800,0.0,0.0
2005-09-01 00:00:00+09:00,1313.7380806316028,1334.4713932384143,1313.7380806316028,1326.9320068359375,38800,0.0,0.0
2005-09-02 00:00:00+09:00,1319.3925795141358,1328.816812224951,1319.3925795141358,1325.047119140625,56000,0.0,0.0
2005-09-05 00:00:00+09:00,1321.277263065349,1326.9318019943018,1319.392416755698,1323.162109375,22800,0.0,0.0
2005-09-06 00:00:00+09:00,1326.932168723176,1334.4715560454667,1317.5079345703125,1317.5079345703125,54800,0.0,0.0
2005-09-07 00:00:00+09:00,1321.277263065349,1328.816648303953,1319.392416755698,1323.162109375,55200,0.0,0.0
2005-09-08 00:00:00+09:00,1326.9321275071632,1326.9321275071632,1313.7382001029728,1315.623046875,58400,0.0,0.0
2005-09-09 00:00:00+09:00,1317.5076509004994,1326.931883024251,1315.6228044757488,1321.27734375,130400,0.0,0.0
2005-09-12 00:00:00+09:00,1323.16259765625,1336.3565266927083,1313.7383626302083,1334.4716796875,46800,0.0,0.0
2005-09-13 00:00:00+09:00,1336.3563223776669,1336.3563223776669,1319.3927019243538,1330.7017822265625,40800,0.0,0.0
2005-09-14 00:00:00+09:00,1330.7017024510342,1343.8956286793023,1330.7017024510342,1338.2410888671875,48800,0.0,0.0
2005-09-15 00:00:00+09:00,1342.010663080482,1353.3197417019467,1334.4712773328388,1349.550048828125,62400,0.0,0.0
2005-09-16 00:00:00+09:00,1355.2049149093093,1355.2049149093093,1342.0109866695802,1347.66552734375,49600,0.0,0.0
2005-09-19 00:00:00+09:00,1347.66552734375,1347.66552734375,1347.66552734375,1347.66552734375,0,0.0,0.0
2005-09-20 00:00:00+09:00,1347.6654482085128,1379.7078434806033,1347.6654482085128,1366.513916015625,100400,0.0,0.0
2005-09-21 00:00:00+09:00,1375.937921931687,1447.5620877308709,1375.937921931687,1428.713623046875,208800,0.0,0.0
2005-09-22 00:00:00+09:00,1417.4047458099406,1436.2532131744344,1413.6350523370418,1426.8289794921875,119600,0.0,0.0
2005-09-23 00:00:00+09:00,1426.8289794921875,1426.8289794921875,1426.8289794921875,1426.8289794921875,0,0.0,0.0
2005-09-26 00:00:00+09:00,1430.5987956799959,1458.8714991519325,1428.7139487818667,1432.483642578125,164400,0.0,0.0
2005-09-27 00:00:00+09:00,1443.4413009216878,1445.3306219961926,1411.3228426551057,1418.880126953125,65600,4.5,0.0
2005-09-28 00:00:00+09:00,1413.2126032852295,1418.8805682716677,1398.0980299880612,1409.4339599609375,66800,0.0,0.0
2005-09-29 00:00:00+09:00,1409.4339166456652,1409.4339166456652,1388.6513790007562,1405.6552734375,86400,0.0,0.0
2005-09-30 00:00:00+09:00,1396.2084687463332,1587.0299238794587,1384.8725407186228,1509.5677490234375,346800,0.0,0.0
2005-10-03 00:00:00+09:00,1503.8996765994173,1505.7889978011754,1464.223931362498,1479.3385009765625,172800,0.0,0.0
2005-10-04 00:00:00+09:00,1492.563681813468,1502.010287394566,1477.4491128837112,1494.4530029296875,125600,0.0,0.0
2005-10-05 00:00:00+09:00,1511.4571876896239,1562.4688677741487,1494.4532943281156,1556.8009033203125,316000,0.0,0.0
2005-10-06 00:00:00+09:00,1530.3501151167466,1532.2394362465202,1503.8996192999139,1505.7889404296875,129200,0.0,0.0
2005-10-07 00:00:00+09:00,1517.1252889312823,1524.6825755511143,1458.556317627584,1462.3349609375,95600,0.0,0.0
2005-10-10 00:00:00+09:00,1462.3349609375,1462.3349609375,1462.3349609375,1462.3349609375,0,0.0,0.0
2005-10-11 00:00:00+09:00,1443.4415420591445,1460.4454345703125,1432.105613718366,1460.4454345703125,130000,0.0,0.0
2005-10-12 00:00:00+09:00,1479.3386484716102,1488.785255422259,1456.666791790053,1460.4454345703125,82800,0.0,0.0
2005-10-13 00:00:00+09:00,1479.338613620596,1488.7852203486968,1452.8881147819136,1468.002685546875,76000,0.0,0.0
2005-10-14 00:00:00+09:00,1464.2241956042005,1481.2280894886364,1454.777587890625,1454.777587890625,53200,0.0,0.0
2005-10-17 00:00:00+09:00,1458.5560302734375,1468.0026366871255,1450.998745142487,1458.5560302734375,56800,0.0,0.0
2005-10-18 00:00:00+09:00,1460.445539958217,1464.224183011149,1437.773681640625,1437.773681640625,54800,0.0,0.0
2005-10-19 00:00:00+09:00,1437.7738396708842,1458.5563787462845,1420.7699440637384,1430.216552734375,47200,0.0,0.0
2005-10-20 00:00:00+09:00,1449.109619140625,1456.6669052899895,1439.6630114539196,1449.109619140625,53200,0.0,0.0
2005-10-21 00:00:00+09:00,1437.7735501927257,1441.5521929001966,1420.769658009106,1426.4376220703125,71200,0.0,0.0
2005-10-24 00:00:00+09:00,1418.8807310782822,1430.2166623518772,1399.9875122889575,1407.5447998046875,76800,0.0,0.0
2005-10-25 00:00:00+09:00,1409.4336864780462,1430.216220729063,1407.5443651824992,1422.658935546875,73200,0.0,0.0
2005-10-26 00:00:00+09:00,1435.884233540155,1439.6628762599976,1426.4376267405487,1432.1055908203125,50000,0.0,0.0
2005-10-27 00:00:00+09:00,1433.9951361131298,1462.3349609375,1432.1058144581718,1462.3349609375,94000,0.0,0.0
2005-10-28 00:00:00+09:00,1443.4415938100192,1475.56005859375,1443.4415938100192,1475.56005859375,79600,0.0,0.0
2005-10-31 00:00:00+09:00,1466.1134597871933,1539.7969970703125,1466.1134597871933,1539.7969970703125,163200,0.0,0.0
2005-11-01 00:00:00+09:00,1568.1367837349283,1568.1367837349283,1541.686283768315,1547.354248046875,178800,0.0,0.0
2005-11-02 00:00:00+09:00,1549.2438030478395,1554.9117681809412,1530.3505859375,1530.3505859375,130800,0.0,0.0
2005-11-03 00:00:00+09:00,1530.3505859375,1530.3505859375,1530.3505859375,1530.3505859375,0,0.0,0.0
2005-11-04 00:00:00+09:00,1526.5718021716102,1568.1368759931145,1519.0145160222457,1560.57958984375,161200,0.0,0.0
2005-11-07 00:00:00+09:00,1573.804521214087,1577.583163521924,1551.1326673670653,1570.02587890625,172000,0.0,0.0
2005-11-08 00:00:00+09:00,1575.6941259424168,1634.2630922544251,1558.6902324969951,1621.037841796875,310000,0.0,0.0
2005-11-09 00:00:00+09:00,1639.93085426508,1643.7094967864282,1602.144429051599,1624.8162841796875,185600,0.0,0.0
2005-11-10 00:00:00+09:00,1624.8159982819948,1626.7053192102298,1570.0256913631833,1585.1402587890625,119600,0.0,0.0
2005-11-11 00:00:00+09:00,1577.5837591245056,1634.2634151409547,1577.5837591245056,1611.591552734375,175200,0.0,0.0
2005-11-14 00:00:00+09:00,1624.8164900725915,1624.8164900725915,1571.915488070228,1573.8048095703125,151200,0.0,0.0
2005-11-15 00:00:00+09:00,1541.6862882071168,1553.022216796875,1515.2357881643477,1553.022216796875,229200,0.0,0.0
2005-11-16 00:00:00+09:00,1590.808539343096,1698.4998537641845,1587.0298967318297,1670.1600341796875,917600,0.0,0.0
2005-11-17 00:00:00+09:00,1704.1679556270997,1723.061170212766,1675.8281337486003,1687.1640625,609600,0.0,0.0
2005-11-18 00:00:00+09:00,1713.614374886572,1723.0609811428376,1689.0531986202816,1707.9464111328125,309200,0.0,0.0
2005-11-21 00:00:00+09:00,1707.9464111328125,1717.393017389078,1683.385234866522,1707.9464111328125,330000,0.0,0.0
2005-11-22 00:00:00+09:00,1713.6148458131602,1751.4012812224912,1713.6148458131602,1743.843994140625,265600,0.0,0.0
2005-11-23 00:00:00+09:00,1743.843994140625,1743.843994140625,1743.843994140625,1743.843994140625,0,0.0,0.0
2005-11-24 00:00:00+09:00,1747.622133083886,1755.1794179837082,1726.839599609375,1726.839599609375,168000,0.0,0.0
2005-11-25 00:00:00+09:00,1719.2823147095528,1732.5075632842415,1681.4958902104418,1726.839599609375,154000,0.0,0.0
2005-11-28 00:00:00+09:00,1724.950920644758,1804.3024416382739,1711.7256671458388,1789.1878662109375,325600,0.0,0.0
2005-11-29 00:00:00+09:00,1808.0803568115234,1923.328947998047,1794.8551086425782,1889.3211669921875,555600,0.0,0.0
2005-11-30 00:00:00+09:00,1904.4362900995575,1936.5547592778237,1891.2110380849772,1921.440185546875,287600,0.0,0.0
2005-12-01 00:00:00+09:00,1946.00107037683,2087.700177443104,1927.1078561013267,2065.0283203125,510800,0.0,0.0
2005-12-02 00:00:00+09:00,2031.0204546140976,2059.3602749110387,1993.2340275515098,2015.9058837890625,320000,0.0,0.0
2005-12-05 00:00:00+09:00,2017.795056052377,2078.253334885407,1985.67659542233,2076.364013671875,273200,0.0,0.0
2005-12-06 00:00:00+09:00,2078.254138722139,2083.922104555018,2040.4676998362822,2055.582275390625,210400,0.0,0.0
2005-12-07 00:00:00+09:00,2032.9095133617382,2059.3600088887497,1997.0124122893653,1998.9017333984375,169600,0.0,0.0
2005-12-08 00:00:00+09:00,1989.4553833007812,1989.4553833007812,1885.542708959335,1915.7718505859375,448000,0.0,0.0
2005-12-09 00:00:00+09:00,1944.1117513803335,1976.230215688852,1930.8865013709435,1964.894287109375,176400,0.0,0.0
2005-12-12 00:00:00+09:00,1964.894392555326,2000.7915016500867,1942.2225341796875,1942.2225341796875,146400,0.0,0.0
2005-12-13 00:00:00+09:00,1940.3325439688101,1964.8937154114533,1908.2140890053536,1963.00439453125,142400,0.0,0.0
2005-12-14 00:00:00+09:00,1974.3408932893174,1974.3408932893174,1900.6573575589027,1911.9932861328125,125200,0.0,0.0
2005-12-15 00:00:00+09:00,1900.6576575002364,1944.1120572243967,1874.2071533203125,1874.2071533203125,246000,0.0,0.0
2005-12-16 00:00:00+09:00,1855.3137722439235,1902.54681125217,1845.8671644422743,1870.4283447265625,335200,0.0,0.0
2005-12-19 00:00:00+09:00,1845.8672268976932,1868.53908638876,1815.638080909604,1843.9779052734375,194400,0.0,0.0
2005-12-20 00:00:00+09:00,1836.4201743164062,1908.2143786621093,1836.4201743164062,1889.3211669921875,200400,0.0,0.0
2005-12-21 00:00:00+09:00,1904.4357623922413,1940.3328650563808,1896.8784776208436,1917.6610107421875,123200,0.0,0.0
2005-12-22 00:00:00+09:00,1908.214974024631,1921.4402263198513,1842.0887125485299,1855.31396484375,282400,0.0,0.0
2005-12-23 00:00:00+09:00,1855.31396484375,1855.31396484375,1855.31396484375,1855.31396484375,0,0.0,0.0
2005-12-26 00:00:00+09:00,1874.2067286251274,1891.2106203162828,1849.645551737903,1853.4241943359375,171200,0.0,0.0
2005-12-27 00:00:00+09:00,1853.4242726404896,1860.9815581558432,1849.6456298828127,1849.6456298828125,65600,0.0,0.0
2005-12-28 00:00:00+09:00,1864.759991821289,1898.7677728271485,1860.9813494873047,1889.3211669921875,86400,0.0,0.0
2005-12-29 00:00:00+09:00,1906.3249171744924,1915.7715223141083,1855.3132494205663,1872.317138671875,136000,0.0,0.0
2005-12-30 00:00:00+09:00,1860.9812173725647,1860.9812173725647,1836.4200439453127,1836.4200439453125,66000,0.0,0.0
2006-01-02 00:00:00+09:00,1836.4200439453127,1836.4200439453127,1836.4200439453127,1836.4200439453125,0,0.0,0.0
2006-01-03 00:00:00+09:00,1836.4200439453127,1836.4200439453127,1836.4200439453127,1836.4200439453125,0,0.0,0.0
2006-01-04 00:00:00+09:00,1842.088975906372,1851.5355860392253,1798.6345692952475,1813.7491455078125,150000,0.0,0.0
2006-01-05 00:00:00+09:00,1828.8632401109578,1885.5428859821652,1815.637989407676,1883.653564453125,232400,0.0,0.0
2006-01-06 00:00:00+09:00,1889.321506613552,1957.3370808516397,1889.321506613552,1908.2147216796875,317600,0.0,0.0
2006-01-09 00:00:00+09:00,1908.2147216796873,1908.2147216796873,1908.2147216796873,1908.2147216796875,0,0.0,0.0
2006-01-10 00:00:00+09:00,1946.001164639429,1946.001164639429,1908.2147342580809,1925.2186279296875,229600,0.0,0.0
2006-01-11 00:00:00+09:00,1963.0046925048828,1963.0046925048828,1853.4240648193359,1889.3211669921875,401600,0.0,0.0
2006-01-12 00:00:00+09:00,1889.3218821724931,2006.4598388671875,1889.3218821724931,2006.4598388671875,388400,0.0,0.0
2006-01-13 00:00:00+09:00,2004.5699556702862,2068.8068816766854,1980.008778079604,2015.9058837890625,350000,0.0,0.0
2006-01-16 00:00:00+09:00,2015.9062463287125,2049.914036800987,1987.5664209351505,2010.23828125,178400,0.0,0.0
2006-01-17 00:00:00+09:00,1998.9020330042479,2061.2496389486146,1964.8942479436841,1966.7835693359375,311600,0.0,0.0
2006-01-18 00:00:00+09:00,1904.4366027832032,1964.8949076334636,1747.6228745778403,1813.7491455078125,391200,0.0,0.0
2006-01-19 00:00:00+09:00,1798.6342037671234,1942.2226486056752,1798.6342037671234,1930.88671875,235600,0.0,0.0
2006-01-20 00:00:00+09:00,1946.0009788167993,2051.8029737815964,1930.8864081075426,2046.135009765625,543200,0.0,0.0
2006-01-23 00:00:00+09:00,1889.3210196018672,2021.5734909739979,1874.2064514450524,1985.6763916015625,329600,0.0,0.0
2006-01-24 00:00:00+09:00,2002.6812686232508,2021.5744881385644,1964.8948295926234,1991.3453369140625,130000,0.0,0.0
2006-01-25 00:00:00+09:00,1985.6767467463128,2040.467066114194,1985.6767467463128,2021.5738525390625,140000,0.0,0.0
2006-01-26 00:00:00+09:00,2038.5775538194443,2144.3795399305554,2038.5775538194443,2125.486328125,364400,0.0,0.0
2006-01-27 00:00:00+09:00,2163.272300307455,2219.951923896297,2153.825696375982,2165.16162109375,322000,0.0,0.0
2006-01-30 00:00:00+09:00,2219.952613567484,2229.3992204337287,2185.9448288490034,2191.61279296875,194000,0.0,0.0
2006-01-31 00:00:00+09:00,2201.059271606877,2201.059271606877,2121.7077785532383,2138.711669921875,176400,0.0,0.0
2006-02-01 00:00:00+09:00,2146.268861111111,2167.051394097222,2125.486328125,2125.486328125,189600,0.0,0.0
2006-02-02 00:00:00+09:00,2129.265663784507,2144.380238150324,2042.3568611810579,2057.471435546875,323600,0.0,0.0
2006-02-03 00:00:00+09:00,2021.5738478484507,2040.4670613797446,1995.1233489046392,2015.9058837890625,240400,0.0,0.0
2006-02-06 00:00:00+09:00,2049.914090678539,2097.147134242561,2015.9062993124437,2095.2578125,268000,0.0,0.0
2006-02-07 00:00:00+09:00,2133.0438996371845,2304.972150183671,2125.4866138988773,2282.30029296875,711600,0.0,0.0
2006-02-08 00:00:00+09:00,2280.4114913480435,2280.4114913480435,2184.056076220661,2193.502685546875,270000,0.0,0.0
2006-02-09 00:00:00+09:00,2206.7272405011013,2210.505883036206,2140.6009961367704,2144.379638671875,385200,0.0,0.0
2006-02-10 00:00:00+09:00,2140.6016640133325,2191.613354153103,2138.712342156304,2176.498779296875,248400,0.0,0.0
2006-02-13 00:00:00+09:00,2191.6125640597147,2199.169848763369,2097.1465052640374,2119.818359375,212400,0.0,0.0
2006-02-14 00:00:00+09:00,2106.5932665229484,2134.933086251957,2070.6961615328714,2112.26123046875,179200,0.0,0.0
2006-02-15 00:00:00+09:00,2134.933253696987,2161.383754185268,2095.257502964565,2116.0400390625,148800,0.0,0.0
2006-02-16 00:00:00+09:00,2116.0403336380255,2116.0403336380255,2066.91796875,2066.91796875,105200,0.0,0.0
2006-02-17 00:00:00+09:00,2066.9174656177993,2108.4825334821426,2025.3523977534562,2049.91357421875,209200,0.0,0.0
2006-02-20 00:00:00+09:00,2023.4633268856935,2051.8031493910953,1993.2341828799315,2008.3487548828125,214000,0.0,0.0
2006-02-21 00:00:00+09:00,1983.7875153692985,2038.5778372223551,1951.6690508347478,2034.7991943359375,138400,0.0,0.0
2006-02-22 00:00:00+09:00,2034.7996236549234,2036.6889454967572,1991.3452212927477,2002.68115234375,126400,0.0,0.0
2006-02-23 00:00:00+09:00,2008.349317559321,2095.2581309250113,1989.4560972624317,2080.1435546875,107200,0.0,0.0
2006-02-24 00:00:00+09:00,2076.3641511841383,2076.3641511841383,2031.0204390563683,2046.135009765625,156400,0.0,0.0
2006-02-27 00:00:00+09:00,2061.249585230706,2097.1466907480144,2051.802978515625,2051.802978515625,124800,0.0,0.0
2006-02-28 00:00:00+09:00,2085.810943909526,2087.7002654166904,2044.2458707519086,2072.585693359375,129600,0.0,0.0
2006-03-01 00:00:00+09:00,2072.585508506824,2072.585508506824,2040.4670457496536,2046.135009765625,109200,0.0,0.0
2006-03-02 00:00:00+09:00,2083.9216475003504,2155.7158656372617,2078.253682910594,2106.593505859375,274400,0.0,0.0
2006-03-03 00:00:00+09:00,2116.04003029623,2142.4905306749324,2097.146815740013,2104.7041015625,183200,0.0,0.0
2006-03-06 00:00:00+09:00,2116.0399015184857,2148.1583643093913,2104.7039734746368,2146.26904296875,143200,0.0,0.0
2006-03-07 00:00:00+09:00,2134.933682645531,2153.8269010760223,2100.9258894706463,2148.158935546875,78400,0.0,0.0
2006-03-08 00:00:00+09:00,2144.379957351009,2151.937243544317,2119.8187772227598,2134.933349609375,108800,0.0,0.0
2006-03-09 00:00:00+09:00,2134.9324885130345,2168.9402626663395,2125.485884581561,2165.16162109375,117200,0.0,0.0
2006-03-10 00:00:00+09:00,2150.048016892818,2180.2771630002744,2148.158695261102,2153.82666015625,173600,0.0,0.0
2006-03-13 00:00:00+09:00,2157.6055701072623,2210.50658233406,2157.6055701072623,2193.502685546875,111200,0.0,0.0
2006-03-14 00:00:00+09:00,2208.6166016888883,2210.5059229905896,2172.7194969565626,2189.723388671875,80000,0.0,0.0
2006-03-15 00:00:00+09:00,2208.61677325796,2208.61677325796,2191.6128802217568,2199.170166015625,64800,0.0,0.0
2006-03-16 00:00:00+09:00,2208.61692732248,2219.9528568040323,2185.945068359375,2185.945068359375,104000,0.0,0.0
2006-03-17 00:00:00+09:00,2185.9447652163617,2225.6205128996316,2185.9447652163617,2212.395263671875,88400,0.0,0.0
2006-03-20 00:00:00+09:00,2229.3994583419208,2295.525713462232,2225.6208151921887,2291.7470703125,208000,0.0,0.0
2006-03-21 00:00:00+09:00,2291.7470703125,2291.7470703125,2291.7470703125,2291.7470703125,0,0.0,0.0
2006-03-22 00:00:00+09:00,2303.0831473795574,2303.0831473795574,2242.624853108724,2267.18603515625,114400,0.0,0.0
2006-03-23 00:00:00+09:00,2267.185944703479,2280.4111960475825,2242.6247636358576,2253.960693359375,79600,0.0,0.0
2006-03-24 00:00:00+09:00,2218.062627785979,2265.2956479688155,2195.390778098218,2259.627685546875,52800,0.0,0.0
2006-03-27 00:00:00+09:00,2278.521151271319,2291.7463984180013,2242.62405187318,2270.9638671875,62000,0.0,0.0
2006-03-28 00:00:00+09:00,2231.189867548582,2267.17680089614,2212.249376313025,2253.91845703125,46800,7.5,0.0
2006-03-29 00:00:00+09:00,2255.811983140416,2284.2227134066684,2225.5072041897474,2265.2822265625,82400,0.0,0.0
2006-03-30 00:00:00+09:00,2255.812152303583,2255.812152303583,2183.838296898431,2210.35498046875,150800,0.0,0.0
2006-03-31 00:00:00+09:00,2225.5066547738206,2227.4007029906493,2180.04949756993,2202.778076171875,94400,0.0,0.0
2006-04-03 00:00:00+09:00,2181.943728705281,2238.7651799736477,2159.2151481979345,2223.61279296875,94800,0.0,0.0
2006-04-04 00:00:00+09:00,2223.6126065569915,2225.5066547738206,2195.20188330456,2202.778076171875,93200,0.0,0.0
2006-04-05 00:00:00+09:00,2214.1429370053443,2214.1429370053443,2164.8976706562094,2176.261962890625,152000,0.0,0.0
2006-04-06 00:00:00+09:00,2195.201580369016,2227.400395611702,2166.790861037234,2225.50634765625,92800,0.0,0.0
2006-04-07 00:00:00+09:00,2231.188986471199,2231.188986471199,2180.0496803296687,2223.61279296875,83600,0.0,0.0
2006-04-10 00:00:00+09:00,2223.613782029917,2225.5078312480005,2206.5673390671664,2219.82568359375,47200,0.0,0.0
2006-04-11 00:00:00+09:00,2221.7197328118336,2223.613782029917,2197.097092976749,2219.82568359375,44800,0.0,0.0
2006-04-12 00:00:00+09:00,2217.9302569500815,2221.718353033685,2185.731440239448,2187.62548828125,48000,0.0,0.0
2006-04-13 00:00:00+09:00,2181.9441846390846,2187.6263309532487,2140.2751116685463,2151.639404296875,94400,0.0,0.0
2006-04-14 00:00:00+09:00,2159.215304312227,2180.049837950328,2142.1688676992358,2168.685546875,64400,0.0,0.0
2006-04-17 00:00:00+09:00,2198.9903797838656,2198.9903797838656,2149.7451171875,2149.7451171875,60400,0.0,0.0
2006-04-18 00:00:00+09:00,2155.4272628716963,2157.3213114330947,2132.698680134912,2149.7451171875,37600,0.0,0.0
2006-04-19 00:00:00+09:00,2170.5801626683965,2187.626603736473,2144.0634765625,2144.0634765625,71600,0.0,0.0
2006-04-20 00:00:00+09:00,2144.063244088772,2157.321585704162,2125.122756066786,2140.275146484375,51600,0.0,0.0
2006-04-21 00:00:00+09:00,2142.1681783505187,2180.049136411536,2123.2276993200103,2155.426513671875,86000,0.0,0.0
2006-04-24 00:00:00+09:00,2136.4873968160377,2138.38144592669,2085.3480708284196,2108.07666015625,112800,0.0,0.0
2006-04-25 00:00:00+09:00,2087.241907663724,2115.6526414341015,2032.3144890409944,2098.606201171875,91600,0.0,0.0
2006-04-26 00:00:00+09:00,2100.4995704192283,2100.4995704192283,2066.4067009264004,2079.6650390625,67600,0.0,0.0
2006-04-27 00:00:00+09:00,2085.3472271000574,2085.3472271000574,2058.8305502795297,2064.5126953125,57200,0.0,0.0
2006-04-28 00:00:00+09:00,2066.4067436568234,2077.7710337227636,2041.7841151806192,2064.5126953125,70000,0.0,0.0
2006-05-01 00:00:00+09:00,2070.195159476144,2140.274959019252,2062.618964930943,2121.33447265625,139600,0.0,0.0
2006-05-02 00:00:00+09:00,2132.698486328125,2164.8973089458673,2117.5460992138933,2132.698486328125,135200,0.0,0.0
2006-05-03 00:00:00+09:00,2132.698486328125,2132.698486328125,2132.698486328125,2132.698486328125,0,0.0,0.0
2006-05-04 00:00:00+09:00,2132.698486328125,2132.698486328125,2132.698486328125,2132.698486328125,0,0.0,0.0
2006-05-05 00:00:00+09:00,2132.698486328125,2132.698486328125,2132.698486328125,2132.698486328125,0,0.0,0.0
2006-05-08 00:00:00+09:00,2128.910690034162,2128.910690034162,2070.1951816791275,2113.75830078125,120000,0.0,0.0
2006-05-09 00:00:00+09:00,2094.8180796671254,2128.9109598063737,2094.8180796671254,2106.182373046875,100400,0.0,0.0
2006-05-10 00:00:00+09:00,2049.3606013493004,2087.2415736478088,2045.5725041194496,2047.466552734375,132800,0.0,0.0
2006-05-11 00:00:00+09:00,2049.3603085579125,2081.5591304114105,2049.3603085579125,2064.5126953125,98000,0.0,0.0
2006-05-12 00:00:00+09:00,2062.618935971075,2064.5129845807824,2039.8903526545894,2049.360595703125,94800,0.0,0.0
2006-05-15 00:00:00+09:00,2013.37358496003,2062.618846680595,2003.9033423214596,2037.9962158203125,112800,0.0,0.0
2006-05-16 00:00:00+09:00,2028.5267966771103,2041.7851417534312,2009.5863037109373,2009.5863037109375,90000,0.0,0.0
2006-05-17 00:00:00+09:00,2028.5257195807121,2058.830492235513,2015.267381544237,2041.7840576171875,109200,0.0,0.0
2006-05-18 00:00:00+09:00,2028.5258218478887,2030.4198702343012,1994.432950892462,2005.7972412109375,95600,0.0,0.0
2006-05-19 00:00:00+09:00,1988.7515562518515,2005.7979981625815,1960.340819733968,1998.2218017578125,132800,0.0,0.0
2006-05-22 00:00:00+09:00,2005.7980302829185,2022.844472466626,1950.87060546875,1950.87060546875,136800,0.0,0.0
2006-05-23 00:00:00+09:00,1981.1752581240526,2070.1955613093587,1956.5526210727976,2030.4205322265625,283600,0.0,0.0
2006-05-24 00:00:00+09:00,1990.6451701935573,2005.797559690749,1958.446342512025,1981.1749267578125,139600,0.0,0.0
2006-05-25 00:00:00+09:00,1983.0690274068452,1990.6452223539582,1950.8701988816147,1964.1285400390625,122800,0.0,0.0
2006-05-26 00:00:00+09:00,1964.1280623726223,2015.2673658288043,1950.869724439538,1960.3399658203125,174800,0.0,0.0
2006-05-29 00:00:00+09:00,1994.4334716796875,2024.7382537754854,1973.5989339888267,1994.4334716796875,97200,0.0,0.0
2006-05-30 00:00:00+09:00,1986.857067089937,1986.857067089937,1958.4463368646282,1983.0689697265625,95200,0.0,0.0
2006-05-31 00:00:00+09:00,1958.4459819178426,1986.8567069940202,1922.4590634880176,1937.6114501953125,124400,0.0,0.0
2006-06-01 00:00:00+09:00,1952.7640999588311,1973.598634487975,1924.3533710554534,1931.9295654296875,120000,0.0,0.0
2006-06-02 00:00:00+09:00,1890.2606101937438,1933.82373046875,1867.5320257024364,1933.82373046875,152800,0.0,0.0
2006-06-05 00:00:00+09:00,1939.5060523715415,1960.3405900435014,1865.6381460800471,1916.7774658203125,126400,0.0,0.0
2006-06-06 00:00:00+09:00,1880.7906736059545,1880.7906736059545,1837.2275462213252,1873.2144775390625,108800,0.0,0.0
2006-06-07 00:00:00+09:00,1882.6841699019044,1892.1544122052337,1846.6972491492522,1852.37939453125,140400,0.0,0.0
2006-06-08 00:00:00+09:00,1861.8502960368974,1867.5324434307029,1759.5716429484005,1763.3597412109375,171200,0.0,0.0
2006-06-09 00:00:00+09:00,1761.4651549096202,1767.1473005706189,1704.6436982996324,1738.736572265625,213600,0.0,0.0
2006-06-12 00:00:00+09:00,1719.7962937127977,1765.2534644717264,1706.5379522414435,1750.10107421875,174400,0.0,0.0
2006-06-13 00:00:00+09:00,1736.8424126904083,1751.9948001511752,1723.5840736622372,1734.9483642578125,83600,0.0,0.0
2006-06-14 00:00:00+09:00,1733.0543158252165,1772.8293329097298,1716.0078799318537,1734.9483642578125,112000,0.0,0.0
2006-06-15 00:00:00+09:00,1769.0410791757051,1789.875610086768,1733.0541621475056,1746.3125,97600,0.0,0.0
2006-06-16 00:00:00+09:00,1765.253146469784,1825.862696563167,1765.253146469784,1774.723388671875,120800,0.0,0.0
2006-06-19 00:00:00+09:00,1793.6637967949034,1805.028086954111,1746.3125877982059,1801.239990234375,74000,0.0,0.0
2006-06-20 00:00:00+09:00,1808.8167071293108,1831.5452940251764,1799.3464625893666,1829.6512451171875,69200,0.0,0.0
2006-06-21 00:00:00+09:00,1801.2403971785204,1801.2403971785204,1757.6772750595867,1787.9820556640625,93200,0.0,0.0
2006-06-22 00:00:00+09:00,1793.6640821071487,1827.7569580078125,1787.9819361237048,1827.7569580078125,107200,0.0,0.0
2006-06-23 00:00:00+09:00,1808.81635097532,1808.81635097532,1753.8889434587918,1786.0877685546875,61600,0.0,0.0
2006-06-26 00:00:00+09:00,1767.1471949102022,1786.0876793143843,1761.4650495889475,1774.723388671875,34400,0.0,0.0
2006-06-27 00:00:00+09:00,1763.3592360698692,1778.5116247793849,1753.888993126422,1769.0413818359375,38800,0.0,0.0
2006-06-28 00:00:00+09:00,1753.8894103673986,1763.3596555637669,1740.6310670924831,1751.995361328125,45200,0.0,0.0
2006-06-29 00:00:00+09:00,1733.0541830032462,1814.4982593629618,1733.0541830032462,1782.2994384765625,121200,0.0,0.0
2006-06-30 00:00:00+09:00,1801.2401075421906,1850.4853681059099,1801.2401075421906,1844.80322265625,93200,0.0,0.0
2006-07-03 00:00:00+09:00,1844.8040138802876,1884.5790490871523,1844.8040138802876,1863.7445068359375,82400,0.0,0.0
2006-07-04 00:00:00+09:00,1894.0484050797065,1901.6245987000254,1852.379340167953,1871.31982421875,84400,0.0,0.0
2006-07-05 00:00:00+09:00,1873.21385899063,1884.5781493383993,1833.4388427734375,1833.4388427734375,107600,0.0,0.0
2006-07-06 00:00:00+09:00,1850.4859436035156,1873.214532470703,1820.1811584472657,1856.1680908203125,94000,0.0,0.0
2006-07-07 00:00:00+09:00,1859.9554802965304,1903.5185923605022,1859.9554802965304,1890.26025390625,75200,0.0,0.0
2006-07-10 00:00:00+09:00,1888.366235592095,1924.3531548260469,1867.531703404018,1922.4591064453125,114800,0.0,0.0
2006-07-11 00:00:00+09:00,1979.2805136403729,1979.2805136403729,1899.7304834270756,1937.6114501953125,139600,0.0,0.0
2006-07-12 00:00:00+09:00,1899.7304956592873,1912.9888341135395,1867.5316736989603,1890.26025390625,138400,0.0,0.0
2006-07-13 00:00:00+09:00,1890.2600200607117,1916.7766936888177,1869.4254907814852,1886.471923828125,107200,0.0,0.0
2006-07-14 00:00:00+09:00,1899.731157645794,1926.2478437943894,1833.4394422743055,1875.1085205078125,123600,0.0,0.0
2006-07-17 00:00:00+09:00,1875.1085205078125,1875.1085205078125,1875.1085205078125,1875.1085205078125,0,0.0,0.0
2006-07-18 00:00:00+09:00,1837.227241659463,1842.909387767688,1770.935537063503,1814.4986572265625,190400,0.0,0.0
2006-07-19 00:00:00+09:00,1816.3923934743375,1846.6971675051918,1780.4054743126978,1795.557861328125,122800,0.0,0.0
2006-07-20 00:00:00+09:00,1854.2734429919158,1861.8496368345793,1814.4984253179318,1852.37939453125,72400,0.0,0.0
2006-07-21 00:00:00+09:00,1846.6978152512295,1912.9895316961454,1846.6978152512295,1865.6383056640625,103600,0.0,0.0
2006-07-24 00:00:00+09:00,1922.4589071341716,1922.4589071341716,1833.4386424688453,1861.849365234375,130800,0.0,0.0
2006-07-25 00:00:00+09:00,1865.6380784404598,1905.4131034630482,1865.6380784404598,1899.73095703125,60000,0.0,0.0
2006-07-26 00:00:00+09:00,1931.9297868114406,1931.9297868114406,1892.154761788852,1899.73095703125,47600,0.0,0.0
2006-07-27 00:00:00+09:00,1899.730525876501,1937.611493491187,1875.1078969269552,1922.4591064453125,80800,0.0,0.0
2006-07-28 00:00:00+09:00,1922.4596124581196,1930.0358079751961,1907.3072214239671,1916.7774658203125,94000,0.0,0.0
2006-07-31 00:00:00+09:00,1939.5052799607072,1943.2933762106304,1918.6707505861293,1928.1409912109375,64400,0.0,0.0
2006-08-01 00:00:00+09:00,1937.611493491187,1937.611493491187,1912.988864541641,1922.4591064453125,47600,0.0,0.0
2006-08-02 00:00:00+09:00,1924.3537061737804,1943.2941954077742,1905.4132169397865,1941.400146484375,87200,0.0,0.0
2006-08-03 00:00:00+09:00,1924.3536613373888,1939.5060523715415,1912.9893680617743,1916.7774658203125,40400,0.0,0.0
2006-08-04 00:00:00+09:00,1918.671191953544,1967.9164545308313,1892.1545121042352,1943.2938232421875,97600,0.0,0.0
2006-08-07 00:00:00+09:00,1958.4457612103236,1969.8100499600932,1926.2469430859758,1928.1409912109375,108400,0.0,0.0
2006-08-08 00:00:00+09:00,1926.2477550971798,1941.4001464843748,1907.3072658631859,1941.400146484375,76800,0.0,0.0
2006-08-09 00:00:00+09:00,1926.2478581884955,1947.0823974609373,1907.307367940821,1947.0823974609375,81200,0.0,0.0
2006-08-10 00:00:00+09:00,1945.1878718028524,1960.3402602881717,1931.929531878198,1943.2938232421875,54400,0.0,0.0
2006-08-11 00:00:00+09:00,1912.9892232098919,1943.2940029835138,1912.9892232098919,1924.353515625,31600,0.0,0.0
2006-08-14 00:00:00+09:00,1911.0953637099847,1943.2941954077742,1909.2013147865853,1941.400146484375,31600,0.0,0.0
2006-08-15 00:00:00+09:00,1933.8237095790885,1988.7511215064085,1933.8237095790885,1981.1749267578125,100400,0.0,0.0
2006-08-16 00:00:00+09:00,1998.221319151558,2002.0094164390491,1969.8105894953746,1996.3272705078125,85200,0.0,0.0
2006-08-17 00:00:00+09:00,1998.221364942153,1998.221364942153,1973.5987320092167,1981.1749267578125,54400,0.0,0.0
2006-08-18 00:00:00+09:00,1988.751064647328,2007.6915509773025,1973.5986755833483,2000.1153564453125,96400,0.0,0.0
2006-08-21 00:00:00+09:00,1990.6447382387908,1992.5387865149457,1924.3530485733695,1960.3399658203125,45200,0.0,0.0
2006-08-22 00:00:00+09:00,1950.8697885641952,1950.8697885641952,1918.670966811194,1937.6114501953125,104800,0.0,0.0
2006-08-23 00:00:00+09:00,1939.5055418719212,1939.5055418719212,1907.3067193994382,1922.4591064453125,84400,0.0,0.0
2006-08-24 00:00:00+09:00,1924.3538151548807,1960.3407467375016,1892.1549816335885,1945.1883544921875,128400,0.0,0.0
2006-08-25 00:00:00+09:00,1931.9295823538903,1950.870068455399,1909.2009990320796,1926.2474365234375,99200,0.0,0.0
2006-08-28 00:00:00+09:00,1912.9895068902458,1916.7776049236918,1869.4263795056165,1873.2144775390625,119200,0.0,0.0
2006-08-29 00:00:00+09:00,1886.4726837520072,1926.2477102166579,1886.4726837520072,1916.7774658203125,72000,0.0,0.0
2006-08-30 00:00:00+09:00,1916.7773957252502,1954.658371925354,1912.9892981052399,1939.5059814453125,83600,0.0,0.0
2006-08-31 00:00:00+09:00,1941.4003536842265,1966.0229923163192,1933.8241571820442,1952.7646484375,70000,0.0,0.0
2006-09-01 00:00:00+09:00,1950.8705015841801,1954.6585996455087,1933.824060308202,1945.1883544921875,53600,0.0,0.0
2006-09-04 00:00:00+09:00,1960.3407406343094,1973.5990838076816,1941.400250386635,1947.0823974609375,73600,0.0,0.0
2006-09-05 00:00:00+09:00,1950.869582380895,1977.3862563161692,1935.7171972750239,1967.916015625,112800,0.0,0.0
2006-09-06 00:00:00+09:00,1969.8104192933479,1981.1747101738863,1960.340176892899,1971.7044677734375,86000,0.0,0.0
2006-09-07 00:00:00+09:00,1969.810076428307,1969.810076428307,1914.882680066364,1918.6707763671875,94800,0.0,0.0
2006-09-08 00:00:00+09:00,1920.565157994204,1941.3996912663304,1920.565157994204,1930.035400390625,134800,0.0,0.0
2006-09-11 00:00:00+09:00,1922.4591944239162,1922.4591944239162,1892.1544189453125,1892.1544189453125,96400,0.0,0.0
2006-09-12 00:00:00+09:00,1877.0026306152345,1886.4728759765626,1846.6978454589844,1856.1680908203125,198800,0.0,0.0
2006-09-13 00:00:00+09:00,1861.8496645763746,1877.0020524874742,1839.121082709725,1842.9091796875,115200,0.0,0.0
2006-09-14 00:00:00+09:00,1844.8037662099462,1873.2145018291958,1837.2275700448129,1865.6383056640625,92800,0.0,0.0
2006-09-15 00:00:00+09:00,1878.8969012004573,1878.8969012004573,1861.8504575403724,1863.7445068359375,122400,0.0,0.0
2006-09-18 00:00:00+09:00,1863.7445068359375,1863.7445068359375,1863.7445068359375,1863.7445068359375,0,0.0,0.0
2006-09-19 00:00:00+09:00,1892.1540856139948,1912.9886150852199,1831.544545334067,1835.3326416015625,143600,0.0,0.0
2006-09-20 00:00:00+09:00,1808.81635097532,1818.2865936505832,1778.5115744144769,1786.0877685546875,153200,0.0,0.0
2006-09-21 00:00:00+09:00,1786.087619443483,1820.1804902281942,1782.2995226896262,1795.557861328125,114000,0.0,0.0
2006-09-22 00:00:00+09:00,1776.617377558841,1820.1804902281942,1770.9352324280558,1795.557861328125,169600,0.0,0.0
2006-09-25 00:00:00+09:00,1791.7701766643117,1801.2404207270197,1738.7368099131481,1780.4058837890625,150400,0.0,0.0
2006-09-26 00:00:00+09:00,1773.5695161737947,1784.9628963633481,1760.2772392859827,1777.3673095703125,55200,6.0,0.0
2006-09-27 00:00:00+09:00,1788.760993997464,1824.84003740081,1783.0643029337778,1813.4466552734375,57200,0.0,0.0
2006-09-28 00:00:00+09:00,1803.952127880961,1834.3344795084297,1800.1543339275272,1826.7388916015625,136000,0.0,0.0
2006-09-29 00:00:00+09:00,1834.33452314212,1857.1212874047549,1813.446655901371,1845.7279052734375,99600,0.0,0.0
2006-10-02 00:00:00+09:00,1826.7384941921273,1885.6042876640151,1824.839597628518,1872.31201171875,80800,0.0,0.0
2006-10-03 00:00:00+09:00,1864.7167164963942,1864.7167164963942,1834.3343667367787,1851.4244384765625,47600,0.0,0.0
2006-10-04 00:00:00+09:00,1826.7384276838807,1864.7163575733584,1826.7384276838807,1836.23291015625,91200,0.0,0.0
2006-10-05 00:00:00+09:00,1845.7277512088897,1885.604585339946,1845.7277512088897,1883.7056884765625,94000,0.0,0.0
2006-10-06 00:00:00+09:00,1864.7167164963942,1870.413407076322,1845.7277478966346,1851.4244384765625,82000,0.0,0.0
2006-10-09 00:00:00+09:00,1851.4244384765625,1851.4244384765625,1851.4244384765625,1851.4244384765625,0,0.0,0.0
2006-10-10 00:00:00+09:00,1824.839526316901,1870.4130420625884,1822.9406298274973,1843.8284912109375,81600,0.0,0.0
2006-10-11 00:00:00+09:00,1857.1212432290313,1857.1212432290313,1826.7388916015625,1826.7388916015625,66000,0.0,0.0
2006-10-12 00:00:00+09:00,1828.6374677303086,1828.6374677303086,1794.4573281465646,1805.8507080078125,69200,0.0,0.0
2006-10-13 00:00:00+09:00,1800.1543035992122,1803.952097488662,1783.064231096688,1792.5587158203125,78800,0.0,0.0
2006-10-16 00:00:00+09:00,1792.5589012806308,1830.536844104373,1792.5589012806308,1821.0423583984375,72000,0.0,0.0
2006-10-17 00:00:00+09:00,1822.9408657625786,1822.9408657625786,1788.7607245295303,1811.5474853515625,85600,0.0,0.0
2006-10-18 00:00:00+09:00,1803.9514628683382,1841.9293884024084,1783.0636038245996,1830.5360107421875,162000,0.0,0.0
2006-10-19 00:00:00+09:00,1817.2444067179786,1836.2333764851464,1813.4466127645449,1826.7388916015625,101200,0.0,0.0
2006-10-20 00:00:00+09:00,1815.345121983575,1821.0418116969124,1794.457259701337,1817.2440185546875,65200,0.0,0.0
2006-10-23 00:00:00+09:00,1813.446209949852,1847.6263479384354,1803.9517271752452,1840.03076171875,65600,0.0,0.0
2006-10-24 00:00:00+09:00,1868.514111768018,1898.8964550487988,1849.52514721753,1896.99755859375,171200,0.0,0.0
2006-10-25 00:00:00+09:00,1898.8964550487988,1898.8964550487988,1874.2108011331645,1896.99755859375,98000,0.0,0.0
2006-10-26 00:00:00+09:00,1887.5041779869684,1891.3019731137028,1857.1218169730937,1864.7174072265625,114400,0.0,0.0
2006-10-27 00:00:00+09:00,1862.8179784704137,1862.8179784704137,1822.9411410108023,1845.7279052734375,166800,0.0,0.0
2006-10-30 00:00:00+09:00,1830.536627705892,1847.6266999562583,1822.9410400390625,1822.9410400390625,97600,0.0,0.0
2006-10-31 00:00:00+09:00,1822.94116938592,1860.919110414793,1813.4466841287015,1847.6268310546875,92000,0.0,0.0
2006-11-01 00:00:00+09:00,1847.6270307268417,1864.7171060367507,1828.638058160276,1860.9193115234375,84400,0.0,0.0
2006-11-02 00:00:00+09:00,1849.5255126953125,1859.019996846726,1840.031028543899,1849.5255126953125,74000,0.0,0.0
2006-11-03 00:00:00+09:00,1849.5255126953125,1849.5255126953125,1849.5255126953125,1849.5255126953125,0,0.0,0.0
2006-11-06 00:00:00+09:00,1811.5472983264049,1864.7164014219388,1811.5472983264049,1862.8175048828125,100000,0.0,0.0
2006-11-07 00:00:00+09:00,1857.1212874047549,1859.0201844266412,1838.1323171858924,1845.7279052734375,51600,0.0,0.0
2006-11-08 00:00:00+09:00,1840.0311189914846,1840.0311189914846,1815.345458984375,1815.345458984375,80400,0.0,0.0
2006-11-09 00:00:00+09:00,1813.4462412677747,1824.8396207940643,1784.9627924520503,1794.457275390625,114800,0.0,0.0
2006-11-10 00:00:00+09:00,1765.9735349945674,1775.468016365506,1718.5011281398747,1720.4000244140625,192000,0.0,0.0
2006-11-13 00:00:00+09:00,1722.2995743968993,1754.580823310623,1703.3106044476501,1707.1083984375,84400,0.0,0.0
2006-11-14 00:00:00+09:00,1745.0862728102934,1830.5366343733656,1745.0862728102934,1815.345458984375,204000,0.0,0.0
2006-11-15 00:00:00+09:00,1870.413191478733,1936.8745739170638,1857.120914991067,1893.199951171875,332400,0.0,0.0
2006-11-16 00:00:00+09:00,1878.0090841168735,1908.3914353260443,1868.5145993640076,1889.4024658203125,164000,0.0,0.0
2006-11-17 00:00:00+09:00,1860.9188936770086,1874.211171488987,1843.8288222044646,1849.5255126953125,178000,0.0,0.0
2006-11-20 00:00:00+09:00,1822.9407777996846,1843.8286408786394,1803.9518113642712,1805.8507080078125,172800,0.0,0.0
2006-11-21 00:00:00+09:00,1771.6710755163883,1813.4468136314586,1771.6710755163883,1807.7501220703125,63600,0.0,0.0
2006-11-22 00:00:00+09:00,1788.7610650499703,1802.0533447265625,1775.4687853733783,1802.0533447265625,68000,0.0,0.0
2006-11-23 00:00:00+09:00,1802.0533447265625,1802.0533447265625,1802.0533447265625,1802.0533447265625,0,0.0,0.0
2006-11-24 00:00:00+09:00,1783.0640229601156,1798.2551967446534,1777.367332790914,1786.86181640625,66400,0.0,0.0
2006-11-27 00:00:00+09:00,1788.7609238321897,1840.0311413942588,1788.7609238321897,1824.8399658203125,50000,0.0,0.0
2006-11-28 00:00:00+09:00,1786.8620969762353,1821.0422433583524,1786.8620969762353,1813.4466552734375,65200,0.0,0.0
2006-11-29 00:00:00+09:00,1803.952099406136,1830.5366566605423,1802.0532024593929,1824.8399658203125,44000,0.0,0.0
2006-11-30 00:00:00+09:00,1832.4355246225994,1832.4355246225994,1794.4575862884521,1822.9410400390625,90000,0.0,0.0
2006-12-01 00:00:00+09:00,1851.424483091093,1870.4134521484375,1840.0311016566861,1870.4134521484375,107200,0.0,0.0
2006-12-04 00:00:00+09:00,1883.706382860234,1883.706382860234,1845.7284315928907,1864.7174072265625,68400,0.0,0.0
2006-12-05 00:00:00+09:00,1862.8179272006018,1866.6157211398486,1832.4355756866266,1834.33447265625,61200,0.0,0.0
2006-12-06 00:00:00+09:00,1889.4022390661962,1919.7845866290697,1876.109962007439,1906.4923095703125,225200,0.0,0.0
2006-12-07 00:00:00+09:00,1931.177527943224,1955.863179726176,1910.289668742265,1917.88525390625,202000,0.0,0.0
2006-12-08 00:00:00+09:00,1904.5939900716146,1917.886271158854,1876.1105305989583,1879.9083251953125,154800,0.0,0.0
2006-12-11 00:00:00+09:00,1898.8964550487988,1902.6942479588965,1883.7052834084084,1896.99755859375,63600,0.0,0.0
2006-12-12 00:00:00+09:00,1908.3909862506966,1936.8744338066772,1898.8965037320365,1915.986572265625,86400,0.0,0.0
2006-12-13 00:00:00+09:00,1915.9867931837105,1925.4812767971084,1895.098929234235,1906.4923095703125,44800,0.0,0.0
2006-12-14 00:00:00+09:00,1910.2897812519186,1946.368812905782,1908.3908848490837,1933.0765380859375,97600,0.0,0.0
2006-12-15 00:00:00+09:00,1942.5719074402753,1969.1564692234267,1933.0774210891498,1934.976318359375,111600,0.0,0.0
2006-12-18 00:00:00+09:00,1963.4593505859375,1976.7516285879701,1950.167072583905,1963.4593505859375,88400,0.0,0.0
2006-12-19 00:00:00+09:00,1965.3578813626577,1965.3578813626577,1912.1887792581608,1915.986572265625,109200,0.0,0.0
2006-12-20 00:00:00+09:00,1921.6834369227217,1929.279023629926,1914.0878502155172,1927.380126953125,68800,0.0,0.0
2006-12-21 00:00:00+09:00,1929.2791167791543,1936.874703853088,1921.6835297052207,1925.4813232421875,96400,0.0,0.0
2006-12-22 00:00:00+09:00,1919.7846329367371,1944.4702909270218,1919.7846329367371,1925.4813232421875,63200,0.0,0.0
2006-12-25 00:00:00+09:00,1917.886165573663,1933.0773431227612,1904.5938852182019,1921.6839599609375,45200,0.0,0.0
2006-12-26 00:00:00+09:00,1921.6834369227217,1929.279023629926,1908.391160185114,1927.380126953125,65600,0.0,0.0
2006-12-27 00:00:00+09:00,1931.178330197218,1955.8639922351372,1931.178330197218,1946.3695068359375,45200,0.0,0.0
2006-12-28 00:00:00+09:00,1948.2678911994485,1967.2568570006126,1936.87451171875,1936.87451171875,60800,0.0,0.0
2006-12-29 00:00:00+09:00,1938.7738105526364,1938.7738105526364,1927.3804287080568,1931.17822265625,13200,0.0,0.0
2007-01-04 00:00:00+09:00,1957.762832054725,1978.6506993220403,1950.1672439575195,1974.8529052734375,68400,0.0,0.0
2007-01-05 00:00:00+09:00,1986.2463529551299,1986.2463529551299,1938.77392578125,1938.77392578125,61200,0.0,0.0
2007-01-09 00:00:00+09:00,1938.7741817733618,1963.4598471632282,1936.8752844356798,1955.8642578125,78000,0.0,0.0
2007-01-10 00:00:00+09:00,1955.8632949199566,1955.8632949199566,1923.582056071763,1933.0765380859375,134400,0.0,0.0
2007-01-11 00:00:00+09:00,1933.076758487321,1942.5712415840171,1919.7844821519466,1923.582275390625,68800,0.0,0.0
2007-01-12 00:00:00+09:00,1925.4819004095875,1961.5609498255462,1925.4819004095875,1955.8642578125,84000,0.0,0.0
2007-01-15 00:00:00+09:00,1955.8642862284796,1967.257670420102,1950.1675941326687,1957.76318359375,66000,0.0,0.0
2007-01-16 00:00:00+09:00,1952.0657375997503,1957.7624274954694,1940.672357808312,1948.2679443359375,54800,0.0,0.0
2007-01-17 00:00:00+09:00,1955.8635657227517,1955.8635657227517,1931.1779090679984,1942.5712890625,74400,0.0,0.0
2007-01-18 00:00:00+09:00,1961.5602912426452,1988.1448450445785,1961.5602912426452,1976.75146484375,98000,0.0,0.0
2007-01-19 00:00:00+09:00,1974.852969954239,1978.6507641272278,1948.2684107433165,1971.05517578125,76400,0.0,0.0
2007-01-22 00:00:00+09:00,1991.9430432649585,2018.5276024696386,1978.6507636626186,2003.33642578125,77200,0.0,0.0
2007-01-23 00:00:00+09:00,1999.5379391735746,2024.2235927436188,1986.2456641743202,1990.04345703125,82800,0.0,0.0
2007-01-24 00:00:00+09:00,2001.4374565036817,2007.1341475563486,1974.852898257902,1982.448486328125,61200,0.0,0.0
2007-01-25 00:00:00+09:00,1999.5379235309103,1999.5379235309103,1963.458891672328,1965.3577880859375,67200,0.0,0.0
2007-01-26 00:00:00+09:00,1967.2569929843155,2003.3360305004373,1967.2569929843155,2001.4371337890625,95600,0.0,0.0
2007-01-29 00:00:00+09:00,2003.336175300807,2016.6284532411917,2001.4372784521806,2010.9317626953125,85600,0.0,0.0
2007-01-30 00:00:00+09:00,2016.6282321098156,2022.3249220310297,2010.9315421886015,2020.426025390625,75200,0.0,0.0
2007-01-31 00:00:00+09:00,2026.1226620881455,2026.1226620881455,2005.2347995923913,2009.0325927734375,129200,0.0,0.0
2007-02-01 00:00:00+09:00,2024.2236045907398,2069.797119140625,2014.729122392847,2069.797119140625,142000,0.0,0.0
2007-02-02 00:00:00+09:00,2077.3928727228626,2077.3928727228626,2043.2127340491775,2048.909423828125,78000,0.0,0.0
2007-02-05 00:00:00+09:00,2065.9995447603383,2069.7973380411477,2014.729335469411,2020.426025390625,79200,0.0,0.0
2007-02-06 00:00:00+09:00,2037.5161374953793,2088.78634785174,2037.5161374953793,2086.887451171875,142000,0.0,0.0
2007-02-07 00:00:00+09:00,2092.5842821951182,2109.6743534653147,2056.5052428469266,2064.100830078125,180800,0.0,0.0
2007-02-08 00:00:00+09:00,2071.695808671298,2079.2913936710092,2054.605742421947,2056.504638671875,145200,0.0,0.0
2007-02-09 00:00:00+09:00,2043.2122333404682,2084.9879481485445,2043.2122333404682,2079.291259765625,81600,0.0,0.0
2007-02-13 00:00:00+09:00,2069.797479326154,2081.190859946298,2064.100789016082,2077.39306640625,78800,0.0,0.0
2007-02-14 00:00:00+09:00,2073.595284983598,2084.988665670321,2062.201904296875,2062.201904296875,75600,0.0,0.0
2007-02-15 00:00:00+09:00,2071.696376096178,2088.786447026394,2071.696376096178,2077.39306640625,84800,0.0,0.0
2007-02-16 00:00:00+09:00,2079.2918644524143,2088.78634785174,2071.696277732953,2086.887451171875,54800,0.0,0.0
2007-02-19 00:00:00+09:00,2088.7866078731386,2113.4722677843665,2088.7866078731386,2103.977783203125,43200,0.0,0.0
2007-02-20 00:00:00+09:00,2111.5731961065107,2111.5731961065107,2086.887538238359,2092.584228515625,80400,0.0,0.0
2007-02-21 00:00:00+09:00,2098.2808312510665,2100.1797279309317,2073.595174412819,2086.887451171875,67200,0.0,0.0
2007-02-22 00:00:00+09:00,2092.5845870088488,2132.46142578125,2086.887895755649,2132.46142578125,150000,0.0,0.0
2007-02-23 00:00:00+09:00,2140.05701411885,2140.05701411885,2115.3713520216493,2132.46142578125,101200,0.0,0.0
2007-02-26 00:00:00+09:00,2132.46136784208,2138.1580589405007,2090.6856331203294,2096.38232421875,129600,0.0,0.0
2007-02-27 00:00:00+09:00,2109.6740430127393,2126.7641117680178,2102.078456899282,2107.775146484375,78800,0.0,0.0
2007-02-28 00:00:00+09:00,1993.8416883680554,2058.404181134259,1991.9427915219908,2050.80859375,134000,0.0,0.0
2007-03-01 00:00:00+09:00,2048.9090536721637,2088.785874920649,2041.3134686724522,2056.504638671875,105600,0.0,0.0
2007-03-02 00:00:00+09:00,2056.5055437230353,2058.404440808652,2026.123190353166,2035.61767578125,74000,0.0,0.0
2007-03-05 00:00:00+09:00,2031.8198601419722,2060.3033161252706,2003.3364041586735,2026.1231689453125,174800,0.0,0.0
2007-03-06 00:00:00+09:00,2012.831003169497,2054.606740971128,2010.9321059966956,2033.7188720703125,142800,0.0,0.0
2007-03-07 00:00:00+09:00,2067.89838975795,2083.08956250181,2035.6171476772474,2048.909423828125,102000,0.0,0.0
2007-03-08 00:00:00+09:00,2035.6172974852407,2094.4830961998323,2035.6172974852407,2090.685302734375,152800,0.0,0.0
2007-03-09 00:00:00+09:00,2088.7857335108793,2105.875798603241,2081.1901490253854,2094.482421875,142800,0.0,0.0
2007-03-12 00:00:00+09:00,2117.269990602558,2117.269990602558,2100.1799189295334,2115.37109375,84400,0.0,0.0
2007-03-13 00:00:00+09:00,2115.371164700615,2119.1689585331114,2096.382195538132,2103.977783203125,107600,0.0,0.0
2007-03-14 00:00:00+09:00,2100.1798399192853,2102.0787367004054,2056.5052139535132,2062.201904296875,152800,0.0,0.0
2007-03-15 00:00:00+09:00,2077.393252865299,2079.292149805761,2054.6064895797563,2073.595458984375,94400,0.0,0.0
2007-03-16 00:00:00+09:00,2083.090249064241,2083.090249064241,2037.5167158121517,2045.1123046875,76000,0.0,0.0
2007-03-19 00:00:00+09:00,2048.90961485589,2083.089756716322,2047.010718085866,2077.39306640625,54800,0.0,0.0
2007-03-20 00:00:00+09:00,2115.3711356530885,2115.3711356530885,2094.4832698611817,2102.078857421875,80000,0.0,0.0
2007-03-22 00:00:00+09:00,2109.674674637326,2149.551513671875,2107.775777540443,2149.551513671875,140400,0.0,0.0
2007-03-23 00:00:00+09:00,2149.550996249171,2162.8432727277436,2136.2587197705984,2147.652099609375,210000,0.0,0.0
2007-03-26 00:00:00+09:00,2153.3492505074382,2179.933809155678,2130.562485951804,2178.034912109375,161600,0.0,0.0
2007-03-27 00:00:00+09:00,2184.515869140625,2188.3282877604165,2142.5792643229165,2150.2041015625,74000,11.0,0.0
2007-03-28 00:00:00+09:00,2152.1099827357702,2159.734818812779,2129.2354745047433,2134.9541015625,92000,0.0,0.0
2007-03-29 00:00:00+09:00,2115.8922141806197,2165.4536534316976,2108.267377372762,2155.922607421875,136800,0.0,0.0
2007-03-30 00:00:00+09:00,2167.3599853515625,2180.703450520833,2150.2041015625,2161.641357421875,62800,0.0,0.0
2007-04-02 00:00:00+09:00,2184.5157867539474,2207.39029761001,2150.204020469854,2157.828857421875,159600,0.0,0.0
2007-04-03 00:00:00+09:00,2159.735229277275,2184.5159512372084,2155.9228105142083,2165.453857421875,144000,0.0,0.0
2007-04-04 00:00:00+09:00,2167.359944945756,2188.328246963701,2167.359944945756,2182.609619140625,105600,0.0,0.0
2007-04-05 00:00:00+09:00,2190.234417013926,2237.8896480194508,2184.515789293263,2226.452392578125,214400,0.0,0.0
2007-04-06 00:00:00+09:00,2211.2019412878785,2228.3578184185603,2197.8584812973486,2201.6708984375,75600,0.0,0.0
2007-04-09 00:00:00+09:00,2211.2020770222152,2243.607624702713,2211.2020770222152,2241.701416015625,109600,0.0,0.0
2007-04-10 00:00:00+09:00,2249.3266210113397,2274.1073380224816,2247.420412010483,2258.857666015625,167600,0.0,0.0
2007-04-11 00:00:00+09:00,2274.10725760881,2291.2631380098824,2260.7637950746425,2266.482421875,135600,0.0,0.0
2007-04-12 00:00:00+09:00,2258.8579509149718,2260.76416015625,2234.077230778352,2260.76416015625,89200,0.0,0.0
2007-04-13 00:00:00+09:00,2256.9510063559323,2272.2006753177966,2249.326171875,2249.326171875,129200,0.0,0.0
2007-04-16 00:00:00+09:00,2249.326905116139,2287.451089948616,2247.4206958745153,2272.201416015625,130000,0.0,0.0
2007-04-17 00:00:00+09:00,2285.544881116966,2300.794555052692,2268.388997939274,2283.638671875,203200,0.0,0.0
2007-04-18 00:00:00+09:00,2289.3578228915235,2329.388226122766,2289.3578228915235,2319.857177734375,151600,0.0,0.0
2007-04-19 00:00:00+09:00,2291.26334716392,2317.950274668325,2279.826092519175,2298.88818359375,165600,0.0,0.0
2007-04-20 00:00:00+09:00,2287.4508065773066,2298.8880606101934,2277.9197615499015,2293.16943359375,101600,0.0,0.0
2007-04-23 00:00:00+09:00,2298.8886283568836,2335.106608405624,2298.8886283568836,2331.294189453125,181200,0.0,0.0
2007-04-24 00:00:00+09:00,2331.2936191918125,2344.637082261594,2312.2315290921247,2327.481201171875,117200,0.0,0.0
2007-04-25 00:00:00+09:00,2325.5751123208024,2331.2937396461816,2304.606812127746,2310.325439453125,90400,0.0,0.0
2007-04-26 00:00:00+09:00,2312.2314113709986,2357.9804252810595,2306.5127846322407,2344.636962890625,185600,0.0,0.0
2007-04-27 00:00:00+09:00,2346.543379305646,2399.9172335871717,2335.1061248167475,2377.042724609375,173600,0.0,0.0
2007-05-01 00:00:00+09:00,2378.948479217233,2378.948479217233,2348.449139740089,2356.073974609375,119200,0.0,0.0
2007-05-02 00:00:00+09:00,2361.7930519575107,2378.948933690858,2354.1682156315783,2377.042724609375,87200,0.0,0.0
2007-05-07 00:00:00+09:00,2382.761758760317,2411.354899865441,2382.761758760317,2396.105224609375,133200,0.0,0.0
2007-05-08 00:00:00+09:00,2413.2600422528635,2422.7910850737676,2388.4793309185134,2392.291748046875,101600,0.0,0.0
2007-05-09 00:00:00+09:00,2386.573407021298,2420.885165269208,2386.573407021298,2394.1982421875,93600,0.0,0.0
2007-05-10 00:00:00+09:00,2394.198399443941,2398.0108172774508,2359.886638942356,2367.511474609375,88800,0.0,0.0
2007-05-11 00:00:00+09:00,2296.981851604712,2316.043941659523,2287.4508065773066,2293.16943359375,152400,0.0,0.0
2007-05-14 00:00:00+09:00,2363.699665267786,2399.917644009792,2344.6375711930455,2384.66796875,194000,0.0,0.0
2007-05-15 00:00:00+09:00,2386.5744688259724,2392.2930977448846,2348.4502760332252,2352.2626953125,127200,0.0,0.0
2007-05-16 00:00:00+09:00,2352.2623695287257,2365.605835158143,2338.918903899308,2359.88720703125,142800,0.0,0.0
2007-05-17 00:00:00+09:00,2359.886921043613,2373.2303850559756,2337.012411308134,2346.54345703125,99200,0.0,0.0
2007-05-18 00:00:00+09:00,2350.355996988799,2350.355996988799,2327.4814860692,2329.3876953125,62000,0.0,0.0
2007-05-21 00:00:00+09:00,2317.9508049630845,2333.200481311526,2314.138385875974,2323.66943359375,72400,0.0,0.0
2007-05-22 00:00:00+09:00,2346.543581226204,2413.2609048191507,2346.543581226204,2409.448486328125,204800,0.0,0.0
2007-05-23 00:00:00+09:00,2388.4796597804707,2418.9790010067177,2386.57345095383,2407.541748046875,156400,0.0,0.0
2007-05-24 00:00:00+09:00,2409.448485548123,2409.448485548123,2375.136719140001,2386.573974609375,91600,0.0,0.0
2007-05-25 00:00:00+09:00,2350.3553484574104,2371.3236443479473,2340.824304870803,2356.073974609375,104000,0.0,0.0
2007-05-28 00:00:00+09:00,2369.417726759533,2399.9170699841125,2369.417726759533,2380.85498046875,63200,0.0,0.0
2007-05-29 00:00:00+09:00,2365.6051103142418,2396.104450979051,2361.7926927311405,2394.1982421875,70800,0.0,0.0
2007-05-30 00:00:00+09:00,2394.199143752553,2413.2612388461243,2298.8886682846965,2333.200439453125,371600,0.0,0.0
2007-05-31 00:00:00+09:00,2317.950358606557,2338.9186595478996,2308.4193127241288,2325.5751953125,185200,0.0,0.0
2007-06-01 00:00:00+09:00,2346.543825249923,2352.2624535811574,2300.7947986000463,2317.95068359375,209600,0.0,0.0
2007-06-04 00:00:00+09:00,2314.1377756166066,2319.8564027392176,2247.4204591861444,2306.512939453125,159200,0.0,0.0
2007-06-05 00:00:00+09:00,2306.5134269312807,2329.3879402562193,2298.8885891563014,2317.95068359375,121200,0.0,0.0
2007-06-06 00:00:00+09:00,2335.106364064725,2354.1684568326,2316.0442712968497,2342.731201171875,139600,0.0,0.0
2007-06-07 00:00:00+09:00,2323.668664848514,2346.5431718035443,2317.950038109756,2344.636962890625,88400,0.0,0.0
2007-06-08 00:00:00+09:00,2344.637118621522,2344.637118621522,2268.3887570403344,2295.07568359375,196000,0.0,0.0
2007-06-11 00:00:00+09:00,2274.107747124792,2300.794677937656,2274.107747124792,2289.357421875,68000,0.0,0.0
2007-06-12 00:00:00+09:00,2296.9820949192513,2296.9820949192513,2270.295166015625,2270.295166015625,93600,0.0,0.0
2007-06-13 00:00:00+09:00,2268.3896571865666,2268.3896571865666,2209.2971535119586,2234.077880859375,150000,0.0,0.0
2007-06-14 00:00:00+09:00,2237.8889201536017,2262.6696322166313,2237.8889201536017,2249.326171875,50400,0.0,0.0
2007-06-15 00:00:00+09:00,2270.2950822154444,2270.2950822154444,2220.733644652387,2243.608154296875,110400,0.0,0.0
2007-06-18 00:00:00+09:00,2258.858154918098,2266.48299257183,2226.452594889737,2247.4208984375,68800,0.0,0.0
2007-06-19 00:00:00+09:00,2262.670245667282,2262.670245667282,2237.889526885753,2243.608154296875,56800,0.0,0.0
2007-06-20 00:00:00+09:00,2235.9827115333687,2253.138589115466,2234.0765029131358,2249.326171875,64000,0.0,0.0
2007-06-21 00:00:00+09:00,2235.983765274439,2237.8899747930022,2213.109251051683,2230.26513671875,103200,0.0,0.0
2007-06-22 00:00:00+09:00,2218.8273516431104,2222.6397697730813,2213.108724448154,2216.921142578125,64400,0.0,0.0
2007-06-25 00:00:00+09:00,2211.2030045205256,2239.7961468203603,2194.047119140625,2194.047119140625,116800,0.0,0.0
2007-06-26 00:00:00+09:00,2174.9847820431905,2207.3903397072872,2174.9847820431905,2182.609619140625,87600,0.0,0.0
2007-06-27 00:00:00+09:00,2159.7344918573453,2167.3593267800547,2138.7661958198955,2142.57861328125,103600,0.0,0.0
2007-06-28 00:00:00+09:00,2144.4854736328125,2163.5475667317705,2134.954427083333,2161.641357421875,109600,0.0,0.0
2007-06-29 00:00:00+09:00,2174.984543148444,2228.358396968038,2171.1721250184733,2216.921142578125,167200,0.0,0.0
2007-07-02 00:00:00+09:00,2226.4521074335903,2243.607988398404,2216.9210624531383,2224.5458984375,119200,0.0,0.0
2007-07-03 00:00:00+09:00,2237.889400935214,2239.7956099649714,2207.3900564590954,2215.014892578125,128800,0.0,0.0
2007-07-04 00:00:00+09:00,2216.9210624531383,2247.420406390585,2207.3900174726864,2224.5458984375,75600,0.0,0.0
2007-07-05 00:00:00+09:00,2235.9833177487126,2255.045409119119,2235.9833177487126,2243.608154296875,93200,0.0,0.0
2007-07-06 00:00:00+09:00,2264.5762106733414,2268.388628536428,2237.889285631736,2255.045166015625,138800,0.0,0.0
2007-07-09 00:00:00+09:00,2258.8577118426856,2296.9818926332796,2258.8577118426856,2295.07568359375,109200,0.0,0.0
2007-07-10 00:00:00+09:00,2283.6383022760724,2293.169346943335,2258.85758614119,2266.482421875,92000,0.0,0.0
2007-07-11 00:00:00+09:00,2249.326780662895,2258.85782634367,2226.452271029035,2232.1708984375,137200,0.0,0.0
2007-07-12 00:00:00+09:00,2232.1711823746964,2268.3891605686495,2232.1711823746964,2256.951904296875,108000,0.0,0.0
2007-07-13 00:00:00+09:00,2258.857252534907,2285.544173661902,2235.9827487117686,2239.795166015625,122400,0.0,0.0
2007-07-17 00:00:00+09:00,2241.701416015625,2266.4821289477704,2230.2641638930963,2241.701416015625,58000,0.0,0.0
2007-07-18 00:00:00+09:00,2232.1710602739495,2241.7021066457423,2169.266154220115,2182.609619140625,160400,0.0,0.0
2007-07-19 00:00:00+09:00,2182.609700449883,2207.390421939707,2180.703491104512,2186.422119140625,99600,0.0,0.0
2007-07-20 00:00:00+09:00,2186.4221589187096,2224.546346519733,2186.4221589187096,2211.202880859375,81200,0.0,0.0
2007-07-23 00:00:00+09:00,2209.29650640403,2209.29650640403,2146.3916015625,2146.3916015625,202000,0.0,0.0
2007-07-24 00:00:00+09:00,2146.3916427170216,2174.984781829593,2146.3916427170216,2171.17236328125,123200,0.0,0.0
2007-07-25 00:00:00+09:00,2163.5472350745486,2167.359653109922,2119.7044276677516,2123.516845703125,156000,0.0,0.0
2007-07-26 00:00:00+09:00,2144.485308076331,2144.485308076331,2108.267333984375,2108.267333984375,68000,0.0,0.0
2007-07-27 00:00:00+09:00,2058.7063015712783,2073.9559778792136,2035.831787109375,2035.831787109375,133600,0.0,0.0
2007-07-30 00:00:00+09:00,2016.769853717167,2041.5505797080207,1986.270498651501,2032.01953125,154400,0.0,0.0
2007-07-31 00:00:00+09:00,2041.5497658882,2068.23669093249,2041.5497658882,2051.080810546875,72800,0.0,0.0
2007-08-01 00:00:00+09:00,2041.5504554634663,2058.7063416438314,2039.64424588787,2043.4566650390625,131200,0.0,0.0
2007-08-02 00:00:00+09:00,2052.9868576247973,2058.705483969156,2030.1123522473622,2054.89306640625,114800,0.0,0.0
2007-08-03 00:00:00+09:00,2032.0184132727118,2104.45434170082,2032.0184132727118,2093.01708984375,170000,0.0,0.0
2007-08-06 00:00:00+09:00,2039.6438361176151,2047.2686728881483,1957.676840834384,1984.36376953125,285600,0.0,0.0
2007-08-07 00:00:00+09:00,1972.9263971344944,2033.9250876739184,1957.6767244996383,2018.6754150390625,335600,0.0,0.0
2007-08-08 00:00:00+09:00,1980.5512752408063,2062.51826738263,1969.1140205233423,2037.737548828125,234400,0.0,0.0
2007-08-09 00:00:00+09:00,2022.4883952421303,2096.8305699965535,2022.4883952421303,2073.9560546875,339600,0.0,0.0
2007-08-10 00:00:00+09:00,2070.143651449117,2094.9243765585447,1969.114541387604,1976.7393798828125,286400,0.0,0.0
2007-08-13 00:00:00+09:00,1938.6148681640625,1959.5831705729165,1906.2093098958333,1938.6148681640625,206400,0.0,0.0
2007-08-14 00:00:00+09:00,1959.5828078900229,1980.551106418029,1934.8020914478338,1978.6448974609375,110400,0.0,0.0
2007-08-15 00:00:00+09:00,1972.9266773570666,1972.9266773570666,1929.0838623046875,1929.0838623046875,174400,0.0,0.0
2007-08-16 00:00:00+09:00,1925.2712799498659,1929.0836983260044,1869.99121349586,1910.0216064453125,149600,0.0,0.0
2007-08-17 00:00:00+09:00,1890.959049209025,1904.3025102417498,1837.585205078125,1837.585205078125,143200,0.0,0.0
2007-08-20 00:00:00+09:00,1856.647787854361,1902.3968093209983,1856.647787854361,1889.0533447265625,117200,0.0,0.0
2007-08-21 00:00:00+09:00,1908.11583897644,1963.3959182275057,1900.4910004590515,1942.4276123046875,180400,0.0,0.0
2007-08-22 00:00:00+09:00,1917.6462002708797,1950.0517523629323,1913.8337823776972,1921.4586181640625,85200,0.0,0.0
2007-08-23 00:00:00+09:00,1917.6460028088163,1963.3950128161837,1917.6460028088163,1940.5205078125,58800,0.0,0.0
2007-08-24 00:00:00+09:00,1940.5209965705872,1971.0203442573547,1940.5209965705872,1951.958251953125,80000,0.0,0.0
2007-08-27 00:00:00+09:00,1948.1455488605816,1969.1138473316837,1948.1455488605816,1950.0517578125,70000,0.0,0.0
2007-08-28 00:00:00+09:00,1944.3335770769818,1963.3956709698932,1930.9901113519436,1953.8646240234375,58000,0.0,0.0
2007-08-29 00:00:00+09:00,1915.7399106285618,1930.9895815589384,1902.3964485644822,1923.36474609375,61600,0.0,0.0
2007-08-30 00:00:00+09:00,1930.9895488300285,1959.5826813398512,1930.9895488300285,1955.770263671875,63200,0.0,0.0
2007-08-31 00:00:00+09:00,1959.5836030200012,2028.2071533203125,1959.5836030200012,2028.2071533203125,191600,0.0,0.0
2007-09-03 00:00:00+09:00,2041.550539172535,2056.800216402582,2016.7698136737088,2030.11328125,57200,0.0,0.0
2007-09-04 00:00:00+09:00,2030.112710048708,2037.7375465183745,2005.331991522292,2014.863037109375,90000,0.0,0.0
2007-09-05 00:00:00+09:00,2005.3325242398446,2026.300830101668,1974.8331702590106,1976.7393798828125,60800,0.0,0.0
2007-09-06 00:00:00+09:00,1990.0830963756366,1997.7079358253518,1936.709220227631,1965.3023681640625,80000,0.0,0.0
2007-09-07 00:00:00+09:00,1951.9583333333333,1999.613566080729,1951.9583333333333,1990.08251953125,104400,0.0,0.0
2007-09-10 00:00:00+09:00,1932.8965585353635,1984.3642183780212,1930.9903489115613,1976.7393798828125,79600,0.0,0.0
2007-09-11 00:00:00+09:00,1961.489420181289,1990.0825604171678,1925.2714425491758,1980.551513671875,89600,0.0,0.0
2007-09-12 00:00:00+09:00,1999.6137695312502,2014.8634455619938,1991.9889315158784,1999.61376953125,85200,0.0,0.0
2007-09-13 00:00:00+09:00,2035.8309443870523,2081.5799543732783,2003.425395646809,2075.861328125,157600,0.0,0.0
2007-09-14 00:00:00+09:00,2075.861857171015,2089.2053218176607,2060.612183289134,2077.76806640625,148800,0.0,0.0
2007-09-18 00:00:00+09:00,2070.1435588022296,2075.8621874177056,2035.831787109375,2035.831787109375,112800,0.0,0.0
2007-09-19 00:00:00+09:00,2064.424279807473,2104.4546675045704,2064.424279807473,2085.392578125,93200,0.0,0.0
2007-09-20 00:00:00+09:00,2085.39225527237,2096.82950712944,2077.7674207009904,2093.01708984375,101200,0.0,0.0
2007-09-21 00:00:00+09:00,2054.893555137944,2087.299112129915,2047.2687181986566,2066.330810546875,81200,0.0,0.0
2007-09-25 00:00:00+09:00,2093.867247851927,2093.867247851927,2028.8521917542414,2049.886474609375,98800,8.5,0.0
2007-09-26 00:00:00+09:00,2067.0956547022743,2076.6566891828584,2057.53462022169,2072.832275390625,62800,0.0,0.0
2007-09-27 00:00:00+09:00,2072.8323248453253,2101.5154289714137,2057.5346693114116,2086.2177734375,74000,0.0,0.0
2007-09-28 00:00:00+09:00,2061.358551333649,2090.0416480590707,2061.358551333649,2082.392822265625,99200,0.0,0.0
2007-10-01 00:00:00+09:00,2103.427443521548,2120.6373044230877,2088.1297893868455,2118.72509765625,105600,0.0,0.0
2007-10-02 00:00:00+09:00,2183.740528032683,2197.1259778542494,2153.145214154817,2168.44287109375,102000,0.0,0.0
2007-10-03 00:00:00+09:00,2189.4768558093124,2193.30126953125,2168.4425803386553,2193.30126953125,92800,0.0,0.0
2007-10-04 00:00:00+09:00,2193.3007180989584,2195.2129244791668,2137.846733072917,2151.232177734375,116000,0.0,0.0
2007-10-05 00:00:00+09:00,2153.1447798840104,2195.2133279812115,2145.4959529572466,2181.827880859375,88400,0.0,0.0
2007-10-09 00:00:00+09:00,2199.0378449403165,2233.4575677306866,2199.0378449403165,2227.720947265625,117200,0.0,0.0
2007-10-10 00:00:00+09:00,2244.931154036233,2244.931154036233,2199.0381832552534,2206.68701171875,81200,0.0,0.0
2007-10-11 00:00:00+09:00,2227.7210929897005,2231.5455068832453,2200.950195734889,2210.51123046875,114800,0.0,0.0
2007-10-12 00:00:00+09:00,2208.59912109375,2218.16015625,2199.0380859375,2199.0380859375,90000,0.0,0.0
2007-10-15 00:00:00+09:00,2199.0377414445934,2214.335395298121,2156.9691933473923,2181.827880859375,115600,0.0,0.0
2007-10-16 00:00:00+09:00,2181.8281728236107,2187.5647937863373,2135.9352051217998,2137.847412109375,126000,0.0,0.0
2007-10-17 00:00:00+09:00,2137.846829560304,2174.17875242403,2135.9346230937917,2149.320068359375,135200,0.0,0.0
2007-10-18 00:00:00+09:00,2166.5306154943296,2176.091650867208,2132.110888151966,2155.057373046875,89600,0.0,0.0
2007-10-19 00:00:00+09:00,2088.1295933948863,2120.6371053799717,2069.007527521307,2103.42724609375,98000,0.0,0.0
2007-10-22 00:00:00+09:00,2074.744140625,2084.305173531106,2046.0610419066818,2074.744140625,86400,0.0,0.0
2007-10-23 00:00:00+09:00,2074.743996472179,2088.1294416107094,2047.9731061951186,2082.392822265625,64400,0.0,0.0
2007-10-24 00:00:00+09:00,2044.1490736282706,2078.5687961028343,2044.1490736282706,2055.622314453125,74800,0.0,0.0
2007-10-25 00:00:00+09:00,2021.2022705078125,2036.4999225078716,2007.8168250077608,2021.2022705078125,88400,0.0,0.0
2007-10-26 00:00:00+09:00,2040.3243355078864,2040.3243355078864,2013.553444507783,2021.2022705078125,42400,0.0,0.0
2007-10-29 00:00:00+09:00,2023.114894085448,2084.305514700509,2023.114894085448,2044.149169921875,76800,0.0,0.0
2007-10-30 00:00:00+09:00,2047.973211963859,2061.358657793688,2019.2901137570823,2025.0267333984375,120400,0.0,0.0
2007-10-31 00:00:00+09:00,2101.51552734375,2122.5498046875,2065.18359375,2112.98876953125,148400,0.0,0.0
2007-11-01 00:00:00+09:00,2116.81318359375,2135.93525390625,2107.2521484375,2132.11083984375,72000,0.0,0.0
2007-11-02 00:00:00+09:00,2114.6962217384057,2114.6962217384057,2111.07666015625,2111.07666015625,148400,0.0,0.0
2007-11-05 00:00:00+09:00,2072.832517762115,2116.81328151537,2072.832517762115,2111.07666015625,54000,0.0,0.0
2007-11-06 00:00:00+09:00,2095.778129958069,2128.2856374482944,2076.656066728525,2109.16357421875,78000,0.0,0.0
2007-11-07 00:00:00+09:00,2107.2519995207276,2114.900827105195,2072.832275390625,2072.832275390625,65600,0.0,0.0
2007-11-08 00:00:00+09:00,2003.9932112707345,2034.5885274733412,1986.7833459067683,2017.378662109375,93200,0.0,0.0
2007-11-09 00:00:00+09:00,2025.0270734015312,2030.7636940060681,1986.782936037952,2003.9927978515625,102800,0.0,0.0
2007-11-12 00:00:00+09:00,1984.8707736010622,1984.8707736010622,1912.2069109836823,1940.8900146484375,58000,0.0,0.0
2007-11-13 00:00:00+09:00,1894.9969767091773,1948.5387681802742,1891.1725630326705,1935.1533203125,106800,0.0,0.0
2007-11-14 00:00:00+09:00,1941.4426731183776,1958.0999755859375,1941.4426731183776,1958.0999755859375,106800,0.0,0.0
2007-11-15 00:00:00+09:00,1964.463397262975,1998.2558593750002,1964.463397262975,1998.255859375,106800,0.0,0.0
2007-11-16 00:00:00+09:00,1998.2560813947239,2023.1147694886297,1973.3973933008183,2015.4659423828125,83600,0.0,0.0
2007-11-19 00:00:00+09:00,2042.23661034689,2042.23661034689,1990.6070331190192,1998.255859375,100800,0.0,0.0
2007-11-20 00:00:00+09:00,1998.2561527168398,2005.9049800956602,1958.0998089780326,2002.08056640625,132000,0.0,0.0
2007-11-21 00:00:00+09:00,2003.992622994088,2015.4658632020694,1975.3095224741344,1981.046142578125,109600,0.0,0.0
2007-11-22 00:00:00+09:00,1982.9581893618317,2044.148798869622,1982.9581893618317,2025.0267333984375,125600,0.0,0.0
2007-11-26 00:00:00+09:00,2028.8514424812893,2067.0955790030857,2028.8514424812893,2047.9735107421875,109600,0.0,0.0
2007-11-27 00:00:00+09:00,2047.9736337158881,2069.0079100659113,2007.817287956753,2067.095703125,105600,0.0,0.0
2007-11-28 00:00:00+09:00,2069.007527521307,2107.251659268466,2067.095320933949,2103.42724609375,82800,0.0,0.0
2007-11-29 00:00:00+09:00,2118.7248987926137,2120.6371053799717,2097.6906263316764,2103.42724609375,127200,0.0,0.0
2007-11-30 00:00:00+09:00,2112.988576317004,2145.4960928757273,2107.2519557478176,2135.93505859375,120000,0.0,0.0
2007-12-03 00:00:00+09:00,2137.847265450145,2153.1449203013094,2130.1984380245635,2135.93505859375,57600,0.0,0.0
2007-12-04 00:00:00+09:00,2135.9353998679335,2153.1452643252396,2134.0231927060104,2143.584228515625,90000,0.0,0.0
2007-12-05 00:00:00+09:00,2143.584129961485,2189.477099737645,2132.1108875174446,2183.740478515625,108000,0.0,0.0
2007-12-06 00:00:00+09:00,2200.9505895448547,2200.9505895448547,2160.794236477572,2174.1796875,109200,0.0,0.0
2007-12-07 00:00:00+09:00,2174.179247008899,2193.301316023929,2156.969384895372,2158.881591796875,94400,0.0,0.0
2007-12-10 00:00:00+09:00,2147.4084470472526,2149.320654034828,2120.637549221196,2137.847412109375,118400,0.0,0.0
2007-12-11 00:00:00+09:00,2139.760059643817,2178.004207269265,2128.2868153561826,2134.0234375,123600,0.0,0.0
2007-12-12 00:00:00+09:00,2122.5501932123657,2137.8478522625446,2105.340326780914,2134.0234375,77600,0.0,0.0
2007-12-13 00:00:00+09:00,2134.023145592731,2137.8475598321443,2107.2522459168363,2111.07666015625,113200,0.0,0.0
2007-12-14 00:00:00+09:00,2112.988818052004,2135.935302953926,2105.339989751363,2126.374267578125,146800,0.0,0.0
2007-12-17 00:00:00+09:00,2101.515724630917,2101.515724630917,2074.7448236802047,2080.4814453125,64400,0.0,0.0
2007-12-18 00:00:00+09:00,2069.0079100659113,2070.9201170068222,2049.8858406567992,2067.095703125,74400,0.0,0.0
2007-12-19 00:00:00+09:00,2026.938939945556,2046.0610054167405,2025.0267333984375,2025.0267333984375,79200,0.0,0.0
2007-12-20 00:00:00+09:00,2026.9389578349283,2028.8511643989236,1992.5192396830146,1998.255859375,86000,0.0,0.0
2007-12-21 00:00:00+09:00,1996.3440665311591,1996.3440665311591,1952.3633064447447,1973.3975830078125,92000,0.0,0.0
2007-12-25 00:00:00+09:00,1982.9592070852405,2011.642320013185,1969.573754385533,1971.4859619140625,50400,0.0,0.0
2007-12-26 00:00:00+09:00,2009.7296876861892,2011.6418948105338,1990.6076164427432,2005.9052734375,42800,0.0,0.0
2007-12-27 00:00:00+09:00,2023.1144492224666,2036.4998945386835,2000.1679715375237,2009.72900390625,70000,0.0,0.0
2007-12-28 00:00:00+09:00,1971.4854984768683,2003.993018820328,1954.275634765625,1954.275634765625,42800,0.0,0.0
2008-01-04 00:00:00+09:00,1956.187438345826,1956.187438345826,1885.435791015625,1885.435791015625,83600,0.0,0.0
2008-01-07 00:00:00+09:00,1891.563907277247,1893.0850830078125,1891.563907277247,1893.0850830078125,42800,0.0,0.0
2008-01-08 00:00:00+09:00,1893.0846360057685,1893.0846360057685,1849.1038818359375,1849.1038818359375,42800,0.0,0.0
2008-01-09 00:00:00+09:00,1856.7528380738522,1916.03125,1856.7528380738522,1916.03125,42800,0.0,0.0
2008-01-10 00:00:00+09:00,1946.6267330580024,1946.6267330580024,1919.8558349609375,1919.8558349609375,42800,0.0,0.0
2008-01-11 00:00:00+09:00,1929.416404306592,1929.416404306592,1921.767578125,1921.767578125,42800,0.0,0.0
2008-01-15 00:00:00+09:00,1923.6799751312628,1923.6799751312628,1889.26025390625,1889.26025390625,42800,0.0,0.0
2008-01-16 00:00:00+09:00,1858.6658665391267,1873.9635279921235,1845.2804127677543,1866.314697265625,106800,0.0,0.0
2008-01-17 00:00:00+09:00,1845.279493095461,1851.01611328125,1845.279493095461,1851.01611328125,106800,0.0,0.0
2008-01-18 00:00:00+09:00,1859.068524906769,1873.9630126953125,1859.068524906769,1873.9630126953125,106800,0.0,0.0
2008-01-21 00:00:00+09:00,1841.455055023793,1849.1038818359375,1841.455055023793,1849.1038818359375,106800,0.0,0.0
2008-01-22 00:00:00+09:00,1774.5278508319582,1774.5278508319582,1738.1959228515625,1738.1959228515625,106800,0.0,0.0
2008-01-23 00:00:00+09:00,1749.669646570238,1805.1236572265623,1749.669646570238,1805.1236572265625,106800,0.0,0.0
2008-01-24 00:00:00+09:00,1797.4746578421991,1814.6845215874966,1797.4746578421991,1810.860107421875,87200,0.0,0.0
2008-01-25 00:00:00+09:00,1795.5618703335147,1812.771728515625,1795.5618703335147,1812.771728515625,87200,0.0,0.0
2008-01-28 00:00:00+09:00,1822.3328791051022,1822.3328791051022,1793.6497802734375,1793.6497802734375,87200,0.0,0.0
2008-01-29 00:00:00+09:00,1787.9133326616238,1807.0354003906252,1787.9133326616238,1807.035400390625,87200,0.0,0.0
2008-01-30 00:00:00+09:00,1817.425541690396,1817.425541690396,1791.737548828125,1791.737548828125,87200,0.0,0.0
2008-01-31 00:00:00+09:00,1826.15771484375,1835.71875,1826.15771484375,1835.71875,87200,0.0,0.0
2008-02-01 00:00:00+09:00,1820.4207039439204,1824.2451171875,1820.4207039439204,1824.2451171875,87200,0.0,0.0
2008-02-04 00:00:00+09:00,1812.7722422230472,1891.1727294921875,1812.7722422230472,1891.1727294921875,87200,0.0,0.0
2008-02-05 00:00:00+09:00,1885.436274971549,1942.802490234375,1885.436274971549,1942.802490234375,87200,0.0,0.0
2008-02-06 00:00:00+09:00,1933.2412844896317,1958.0999755859375,1933.2412844896317,1958.0999755859375,87200,0.0,0.0
2008-02-07 00:00:00+09:00,1950.450589364035,1961.923828125,1950.450589364035,1961.923828125,87200,0.0,0.0
2008-02-08 00:00:00+09:00,1956.1875259799792,1967.6607666015625,1956.1875259799792,1967.6607666015625,87200,0.0,0.0
2008-02-12 00:00:00+09:00,1960.0116328573138,2000.1679687500002,1960.0116328573138,2000.16796875,87200,0.0,0.0
2008-02-13 00:00:00+09:00,1992.2675437816843,1992.2675437816843,1967.6607666015625,1967.6607666015625,87200,0.0,0.0
2008-02-14 00:00:00+09:00,2030.76435409331,2036.5009765625,2030.76435409331,2036.5009765625,87200,0.0,0.0
2008-02-15 00:00:00+09:00,2030.7639637526188,2053.71044921875,2030.7639637526188,2053.71044921875,87200,0.0,0.0
2008-02-18 00:00:00+09:00,2061.3592777074605,2061.3592777074605,2053.71044921875,2053.71044921875,87200,0.0,0.0
2008-02-19 00:00:00+09:00,2044.5711271121722,2047.9735107421875,2044.5711271121722,2047.9735107421875,87200,0.0,0.0
2008-02-20 00:00:00+09:00,2034.5879571662067,2034.5879571662067,1992.5194091796875,1992.5194091796875,87200,0.0,0.0
2008-02-21 00:00:00+09:00,2047.9734872365555,2055.622314453125,2047.9734872365555,2055.622314453125,87200,0.0,0.0
2008-02-22 00:00:00+09:00,2046.8858312291059,2046.8858312291059,2025.0267333984375,2025.0267333984375,87200,0.0,0.0
2008-02-25 00:00:00+09:00,2021.2023203042006,2025.0267333984375,2021.2023203042006,2025.0267333984375,87200,0.0,0.0
2008-02-26 00:00:00+09:00,2015.4662356564452,2015.4662356564452,1990.6075439453125,1990.6075439453125,87200,0.0,0.0
2008-02-27 00:00:00+09:00,1994.4315185546875,1994.4315185546875,1994.4315185546875,1994.4315185546875,87200,0.0,0.0
2008-02-28 00:00:00+09:00,2003.9426518324135,2003.9426518324135,1986.7828369140625,1986.7828369140625,87200,0.0,0.0
2008-02-29 00:00:00+09:00,1998.2557508680557,1998.2557508680557,1961.923828125,1961.923828125,87200,0.0,0.0
2008-03-03 00:00:00+09:00,1961.9238875105575,1961.9238875105575,1910.2943115234375,1910.2943115234375,87200,0.0,0.0
2008-03-04 00:00:00+09:00,1910.2947995578315,1910.2947995578315,1891.1727294921875,1891.1727294921875,87200,0.0,0.0
2008-03-05 00:00:00+09:00,1894.9976351358057,1894.9976351358057,1881.6121826171875,1881.6121826171875,87200,0.0,0.0
2008-03-06 00:00:00+09:00,1870.1385971531722,1893.0850830078125,1870.1385971531722,1893.0850830078125,87200,0.0,0.0
2008-03-07 00:00:00+09:00,1900.7334897706835,1900.7334897706835,1860.5771484375,1860.5771484375,87200,0.0,0.0
2008-03-10 00:00:00+09:00,1854.840528247045,1860.5771484375,1854.840528247045,1860.5771484375,87200,0.0,0.0
2008-03-11 00:00:00+09:00,1868.2266954694476,1868.2266954694476,1820.4215087890625,1820.4215087890625,87200,0.0,0.0
2008-03-12 00:00:00+09:00,1829.2500631386436,1829.2500631386436,1822.333251953125,1822.333251953125,87200,0.0,0.0
2008-03-13 00:00:00+09:00,1829.9823552553569,1829.9823552553569,1776.4405517578125,1776.4405517578125,87200,0.0,0.0
2008-03-14 00:00:00+09:00,1783.457309498379,1783.457309498379,1764.9671630859375,1764.9671630859375,87200,0.0,0.0
2008-03-17 00:00:00+09:00,1682.7419447387006,1692.302978515625,1682.7419447387006,1692.302978515625,87200,0.0,0.0
2008-03-18 00:00:00+09:00,1699.9519538879395,1713.33740234375,1699.9519538879395,1713.33740234375,87200,0.0,0.0
2008-03-19 00:00:00+09:00,1723.360648926187,1730.5474853515625,1723.360648926187,1730.5474853515625,87200,0.0,0.0
2008-03-21 00:00:00+09:00,1738.1959228515625,1738.1959228515625,1738.1959228515625,1738.1959228515625,87200,0.0,0.0
2008-03-24 00:00:00+09:00,1761.1427004633044,1761.1427004633044,1742.0206298828125,1742.0206298828125,87200,0.0,0.0
2008-03-25 00:00:00+09:00,1757.3180659802686,1757.3180659802686,1753.49365234375,1753.49365234375,87200,0.0,0.0
2008-03-26 00:00:00+09:00,1753.2445049924047,1768.0999755859375,1753.2445049924047,1768.0999755859375,87200,11.5,0.0
2008-03-27 00:00:00+09:00,1746.9596359503073,1758.49072265625,1746.9596359503073,1758.49072265625,87200,0.0,0.0
2008-03-28 00:00:00+09:00,1762.3344321872876,1768.0999755859375,1762.3344321872876,1768.0999755859375,87200,0.0,0.0
2008-03-31 00:00:00+09:00,1781.5520209508227,1781.5520209508227,1741.1932373046875,1741.1932373046875,87200,0.0,0.0
2008-04-01 00:00:00+09:00,1768.0996644522777,1771.943359375,1768.0996644522777,1771.943359375,87200,0.0,0.0
2008-04-02 00:00:00+09:00,1791.1622314453123,1791.1622314453123,1791.1622314453123,1791.1622314453125,87200,0.0,0.0
2008-04-03 00:00:00+09:00,1806.5371083459563,1823.833740234375,1806.5371083459563,1823.833740234375,87200,0.0,0.0
2008-04-04 00:00:00+09:00,1860.348050301535,1862.2698974609375,1860.348050301535,1862.2698974609375,87200,0.0,0.0
2008-04-07 00:00:00+09:00,1871.879504369568,1879.56689453125,1871.879504369568,1879.56689453125,87200,0.0,0.0
2008-04-08 00:00:00+09:00,1866.1135745226595,1866.1135745226595,1852.66064453125,1852.66064453125,87200,0.0,0.0
2008-04-09 00:00:00+09:00,1852.660936057819,1852.660936057819,1821.911376953125,1821.911376953125,87200,0.0,0.0
2008-04-10 00:00:00+09:00,1804.6154935296208,1804.6154935296208,1796.9281005859377,1796.9281005859375,87200,0.0,0.0
2008-04-11 00:00:00+09:00,1819.9897478813907,1837.2863769531252,1819.9897478813907,1837.286376953125,87200,0.0,0.0
2008-04-14 00:00:00+09:00,1835.364942777234,1835.364942777234,1779.63134765625,1779.63134765625,87200,0.0,0.0
2008-04-15 00:00:00+09:00,1800.7714708843966,1800.7714708843966,1791.1622314453123,1791.1622314453125,87200,0.0,0.0
2008-04-16 00:00:00+09:00,1791.1616877730175,1791.1616877730175,1787.3179931640627,1787.3179931640625,87200,0.0,0.0
2008-04-17 00:00:00+09:00,1806.5364600593186,1812.302001953125,1806.5364600593186,1812.302001953125,87200,0.0,0.0
2008-04-18 00:00:00+09:00,1791.161681675835,1812.302001953125,1791.161681675835,1812.302001953125,87200,0.0,0.0
2008-04-21 00:00:00+09:00,1802.6929931640623,1802.6929931640623,1802.6929931640623,1802.6929931640625,87200,0.0,0.0
2008-04-22 00:00:00+09:00,1804.6147617404743,1814.2239990234375,1804.6147617404743,1814.2239990234375,87200,0.0,0.0
2008-04-23 00:00:00+09:00,1825.7550718412117,1825.7550718412117,1821.911376953125,1821.911376953125,87200,0.0,0.0
2008-04-24 00:00:00+09:00,1831.5210636138916,1844.9739990234373,1831.5210636138916,1844.9739990234375,87200,0.0,0.0
2008-04-25 00:00:00+09:00,1946.8319645214942,1946.8319645214942,1916.0823974609375,1916.0823974609375,87200,0.0,0.0
2008-04-28 00:00:00+09:00,1927.6131739540706,1937.222412109375,1927.6131739540706,1937.222412109375,87200,0.0,0.0
2008-04-30 00:00:00+09:00,1941.065934344036,1941.065934344036,1891.097900390625,1891.097900390625,87200,0.0,0.0
2008-05-01 00:00:00+09:00,1883.410589612091,1883.410589612091,1879.56689453125,1879.56689453125,87200,0.0,0.0
2008-05-02 00:00:00+09:00,1919.9256197078498,1925.691162109375,1919.9256197078498,1925.691162109375,87200,0.0,0.0
2008-05-07 00:00:00+09:00,1969.8939327194755,1969.8939327194755,1944.909912109375,1944.909912109375,87200,0.0,0.0
2008-05-08 00:00:00+09:00,1922.5821351556415,1922.5821351556415,1914.1597900390625,1914.1597900390625,87200,0.0,0.0
2008-05-09 00:00:00+09:00,1885.332409580508,1887.2542570928224,1875.7231720189357,1877.64501953125,52000,0.0,0.0
2008-05-12 00:00:00+09:00,1862.2706426734962,1889.176513671875,1862.2706426734962,1889.176513671875,52000,0.0,0.0
2008-05-13 00:00:00+09:00,1914.1601012323943,1914.1601012323943,1910.31640625,1910.31640625,52000,0.0,0.0
2008-05-14 00:00:00+09:00,1906.4727811251248,1923.7694091796875,1906.4727811251248,1923.7694091796875,52000,0.0,0.0
2008-05-15 00:00:00+09:00,1927.6129976731409,1933.3785400390625,1927.6129976731409,1933.3785400390625,52000,0.0,0.0
2008-05-16 00:00:00+09:00,1985.268689688487,1985.268689688487,1977.581298828125,1977.581298828125,52000,0.0,0.0
2008-05-19 00:00:00+09:00,1991.0341523248792,1991.0341523248792,1989.1123046875,1989.1123046875,52000,0.0,0.0
2008-05-20 00:00:00+09:00,2023.7055366786763,2023.7055366786763,2004.4870605468748,2004.487060546875,52000,0.0,0.0
2008-05-21 00:00:00+09:00,1979.5027080020793,1979.5027080020793,1964.1279296875,1964.1279296875,52000,0.0,0.0
2008-05-22 00:00:00+09:00,1991.0342069973483,1992.9560546875,1991.0342069973483,1992.9560546875,52000,0.0,0.0
2008-05-23 00:00:00+09:00,1983.3468305767153,2002.5653076171875,1983.3468305767153,2002.5653076171875,52000,0.0,0.0
2008-05-26 00:00:00+09:00,1985.268825500969,1985.268825500969,1952.597412109375,1952.597412109375,52000,0.0,0.0
2008-05-27 00:00:00+09:00,1967.9717117988394,1987.190185546875,1967.9717117988394,1987.190185546875,52000,0.0,0.0
2008-05-28 00:00:00+09:00,1973.737166134112,1973.737166134112,1964.1279296875,1964.1279296875,52000,0.0,0.0
2008-05-29 00:00:00+09:00,1989.1119273151767,1996.79931640625,1989.1119273151767,1996.79931640625,52000,0.0,0.0
2008-05-30 00:00:00+09:00,2012.174007090693,2210.124267578125,2012.174007090693,2210.124267578125,52000,0.0,0.0
2008-06-02 00:00:00+09:00,2208.2026958597116,2229.343017578125,2208.2026958597116,2229.343017578125,52000,0.0,0.0
2008-06-03 00:00:00+09:00,2217.811684218207,2217.811684218207,2212.046142578125,2212.046142578125,52000,0.0,0.0
2008-06-04 00:00:00+09:00,2233.187121426197,2258.171142578125,2233.187121426197,2258.171142578125,52000,0.0,0.0
2008-06-05 00:00:00+09:00,2262.0148381399604,2262.0148381399604,2258.171142578125,2258.171142578125,52000,0.0,0.0
2008-06-06 00:00:00+09:00,2237.030787906845,2237.030787906845,2221.656005859375,2221.656005859375,52000,0.0,0.0
2008-06-09 00:00:00+09:00,2210.1244237594738,2210.1244237594738,2187.062255859375,2187.062255859375,52000,0.0,0.0
2008-06-10 00:00:00+09:00,2185.1406009057723,2200.515380859375,2185.1406009057723,2200.515380859375,52000,0.0,0.0
2008-06-11 00:00:00+09:00,2200.515187134433,2200.515187134433,2187.062255859375,2187.062255859375,52000,0.0,0.0
2008-06-12 00:00:00+09:00,2173.609286638112,2173.609286638112,2150.547119140625,2150.547119140625,52000,0.0,0.0
2008-06-13 00:00:00+09:00,2119.798015350259,2131.3291015625,2119.798015350259,2131.3291015625,52000,0.0,0.0
2008-06-16 00:00:00+09:00,2142.8601893116193,2148.625732421875,2142.8601893116193,2148.625732421875,52000,0.0,0.0
2008-06-17 00:00:00+09:00,2219.73388671875,2219.73388671875,2219.73388671875,2219.73388671875,52000,0.0,0.0
2008-06-18 00:00:00+09:00,2179.375836931942,2204.35986328125,2179.375836931942,2204.35986328125,52000,0.0,0.0
2008-06-19 00:00:00+09:00,2148.625652489713,2160.15673828125,2148.625652489713,2160.15673828125,52000,0.0,0.0
2008-06-20 00:00:00+09:00,2162.078202889368,2162.078202889368,2150.547119140625,2150.547119140625,52000,0.0,0.0
2008-06-23 00:00:00+09:00,2160.157009548611,2162.078857421875,2160.157009548611,2162.078857421875,52000,0.0,0.0
2008-06-24 00:00:00+09:00,2167.8446438905426,2179.375732421875,2167.8446438905426,2179.375732421875,52000,0.0,0.0
2008-06-25 00:00:00+09:00,2152.4692203861255,2202.437255859375,2152.4692203861255,2202.437255859375,52000,0.0,0.0
2008-06-26 00:00:00+09:00,2165.922071722236,2196.671630859375,2165.922071722236,2196.671630859375,52000,0.0,0.0
2008-06-27 00:00:00+09:00,2154.391034211749,2165.922119140625,2154.391034211749,2165.922119140625,52000,0.0,0.0
2008-06-30 00:00:00+09:00,2240.874865417743,2240.874865417743,2231.265625,2231.265625,52000,0.0,0.0
2008-07-01 00:00:00+09:00,2276.0441134301063,2294.68603515625,2276.0441134301063,2294.68603515625,52000,0.0,0.0
2008-07-02 00:00:00+09:00,2294.686660074186,2294.686660074186,2286.999267578125,2286.999267578125,52000,0.0,0.0
2008-07-03 00:00:00+09:00,2265.8580714634486,2265.8580714634486,2260.092529296875,2260.092529296875,52000,0.0,0.0
2008-07-04 00:00:00+09:00,2254.3273124403627,2265.8583984375,2254.3273124403627,2265.8583984375,52000,0.0,0.0
2008-07-07 00:00:00+09:00,2311.9825284572594,2311.9825284572594,2302.373291015625,2302.373291015625,52000,0.0,0.0
2008-07-08 00:00:00+09:00,2305.162297372276,2305.162297372276,2298.529296875,2298.529296875,52000,0.0,0.0
2008-07-09 00:00:00+09:00,2329.2791558522017,2329.2791558522017,2302.373291015625,2302.373291015625,52000,0.0,0.0
2008-07-10 00:00:00+09:00,2310.06095471919,2321.592041015625,2310.06095471919,2321.592041015625,52000,0.0,0.0
2008-07-11 00:00:00+09:00,2327.357336150894,2327.357336150894,2304.295166015625,2304.295166015625,52000,0.0,0.0
2008-07-14 00:00:00+09:00,2319.669886939052,2319.669886939052,2283.15478515625,2283.15478515625,52000,0.0,0.0
2008-07-15 00:00:00+09:00,2283.1552190925377,2283.1552190925377,2279.3115234375,2279.3115234375,52000,0.0,0.0
2008-07-16 00:00:00+09:00,2306.2170135268975,2306.2170135268975,2304.295166015625,2304.295166015625,52000,0.0,0.0
2008-07-17 00:00:00+09:00,2311.9825284572594,2311.9825284572594,2302.373291015625,2302.373291015625,52000,0.0,0.0
2008-07-18 00:00:00+09:00,2302.37299135138,2302.37299135138,2298.529296875,2298.529296875,52000,0.0,0.0
2008-07-22 00:00:00+09:00,2306.217474686472,2340.810736806769,2306.217474686472,2336.967041015625,110400,0.0,0.0
2008-07-23 00:00:00+09:00,2385.012395604759,2385.012395604759,2381.168701171875,2381.168701171875,110400,0.0,0.0
2008-07-24 00:00:00+09:00,2392.7003047750704,2400.3876953125,2392.7003047750704,2400.3876953125,110400,0.0,0.0
2008-07-25 00:00:00+09:00,2396.544080247825,2396.544080247825,2388.856689453125,2388.856689453125,110400,0.0,0.0
2008-07-28 00:00:00+09:00,2408.0747855399836,2408.0747855399836,2396.543701171875,2396.543701171875,110400,0.0,0.0
2008-07-29 00:00:00+09:00,2333.1228611288266,2354.26318359375,2333.1228611288266,2354.26318359375,110400,0.0,0.0
2008-07-30 00:00:00+09:00,2402.3092791179156,2433.058837890625,2402.3092791179156,2433.058837890625,110400,0.0,0.0
2008-07-31 00:00:00+09:00,2456.120799641294,2469.57373046875,2456.120799641294,2469.57373046875,110400,0.0,0.0
2008-08-01 00:00:00+09:00,2471.4966416627426,2471.4966416627426,2423.450439453125,2423.450439453125,110400,0.0,0.0
2008-08-04 00:00:00+09:00,2417.6845976531695,2436.903076171875,2417.6845976531695,2436.903076171875,110400,0.0,0.0
2008-08-05 00:00:00+09:00,2537.9513842128076,2557.978759765625,2537.9513842128076,2557.978759765625,110400,0.0,0.0
2008-08-06 00:00:00+09:00,2556.057398532054,2556.057398532054,2540.6826171875,2540.6826171875,110400,0.0,0.0
2008-08-07 00:00:00+09:00,2504.1674825156606,2521.464111328125,2504.1674825156606,2521.464111328125,110400,0.0,0.0
2008-08-08 00:00:00+09:00,2513.777288052519,2527.230224609375,2513.777288052519,2527.230224609375,110400,0.0,0.0
2008-08-11 00:00:00+09:00,2550.291936346825,2550.291936346825,2529.151611328125,2529.151611328125,110400,0.0,0.0
2008-08-12 00:00:00+09:00,2490.7147621809745,2490.7147621809745,2484.94921875,2484.94921875,110400,0.0,0.0
2008-08-13 00:00:00+09:00,2442.6685394263322,2465.730712890625,2442.6685394263322,2465.730712890625,110400,0.0,0.0
2008-08-14 00:00:00+09:00,2465.7301738886867,2488.548357782438,2454.1990896772045,2479.18310546875,110400,0.0,0.0
2008-08-15 00:00:00+09:00,2488.79248046875,2488.79248046875,2488.79248046875,2488.79248046875,110400,0.0,0.0
2008-08-18 00:00:00+09:00,2500.323258539598,2500.323258539598,2467.65185546875,2467.65185546875,110400,0.0,0.0
2008-08-19 00:00:00+09:00,2402.310110480893,2423.450439453125,2402.310110480893,2423.450439453125,110400,0.0,0.0
2008-08-20 00:00:00+09:00,2431.137721162684,2450.356201171875,2431.137721162684,2450.356201171875,110400,0.0,0.0
2008-08-21 00:00:00+09:00,2438.824654414736,2452.277587890625,2438.824654414736,2452.277587890625,110400,0.0,0.0
2008-08-22 00:00:00+09:00,2459.9647683397684,2488.79248046875,2459.9647683397684,2488.79248046875,110400,0.0,0.0
2008-08-25 00:00:00+09:00,2475.339415235277,2496.479736328125,2475.339415235277,2496.479736328125,110400,0.0,0.0
2008-08-26 00:00:00+09:00,2473.417563363009,2479.18310546875,2473.417563363009,2479.18310546875,110400,0.0,0.0
2008-08-27 00:00:00+09:00,2506.089493453278,2550.2919921875,2506.089493453278,2550.2919921875,110400,0.0,0.0
2008-08-28 00:00:00+09:00,2479.183488155435,2506.08935546875,2479.183488155435,2506.08935546875,110400,0.0,0.0
2008-08-29 00:00:00+09:00,2552.2138671875,2552.2138671875,2552.2138671875,2552.2138671875,110400,0.0,0.0
2008-09-01 00:00:00+09:00,2552.2134471525096,2552.2134471525096,2488.79248046875,2488.79248046875,110400,0.0,0.0
2008-09-02 00:00:00+09:00,2477.261291748634,2477.261291748634,2396.543701171875,2396.543701171875,110400,0.0,0.0
2008-09-03 00:00:00+09:00,2392.6999738826307,2479.18310546875,2392.6999738826307,2479.18310546875,110400,0.0,0.0
2008-09-04 00:00:00+09:00,2477.26220703125,2477.26220703125,2477.26220703125,2477.26220703125,110400,0.0,0.0
2008-09-05 00:00:00+09:00,2442.668237439999,2442.668237439999,2427.29345703125,2427.29345703125,110400,0.0,0.0
2008-09-08 00:00:00+09:00,2446.512943702408,2446.512943702408,2429.21630859375,2429.21630859375,110400,0.0,0.0
2008-09-09 00:00:00+09:00,2356.18546542825,2356.18546542825,2350.419921875,2350.419921875,110400,0.0,0.0
2008-09-10 00:00:00+09:00,2283.155166991381,2348.4979916359157,2271.6240802894044,2327.357666015625,90400,0.0,0.0
2008-09-11 00:00:00+09:00,2285.077011510971,2285.077011510971,2258.171142578125,2258.171142578125,90400,0.0,0.0
2008-09-12 00:00:00+09:00,2258.1710299304127,2258.1710299304127,2215.890380859375,2215.890380859375,90400,0.0,0.0
2008-09-16 00:00:00+09:00,2121.720320193599,2146.704345703125,2121.720320193599,2146.704345703125,90400,0.0,0.0
2008-09-17 00:00:00+09:00,2206.281711461966,2206.281711461966,2204.35986328125,2204.35986328125,90400,0.0,0.0
2008-09-18 00:00:00+09:00,2123.641528255439,2169.765869140625,2123.641528255439,2169.765869140625,90400,0.0,0.0
2008-09-19 00:00:00+09:00,2131.329023802408,2160.15673828125,2131.329023802408,2160.15673828125,90400,0.0,0.0
2008-09-22 00:00:00+09:00,2165.9222537114592,2165.9222537114592,2158.23486328125,2158.23486328125,90400,0.0,0.0
2008-09-24 00:00:00+09:00,2158.2350571699453,2240.87451171875,2158.2350571699453,2240.87451171875,90400,0.0,0.0
2008-09-25 00:00:00+09:00,2244.7315925719245,2244.7315925719245,2186.877685546875,2186.877685546875,90400,10.0,0.0
2008-09-26 00:00:00+09:00,2171.4494518032056,2171.4494518032056,2165.6640625,2165.6640625,90400,0.0,0.0
2008-09-29 00:00:00+09:00,2167.592797614114,2181.092041015625,2167.592797614114,2181.092041015625,90400,0.0,0.0
2008-09-30 00:00:00+09:00,2183.020841448811,2183.020841448811,2088.526123046875,2088.526123046875,90400,0.0,0.0
2008-10-01 00:00:00+09:00,2088.5254473243253,2117.452392578125,2088.5254473243253,2117.452392578125,90400,0.0,0.0
2008-10-02 00:00:00+09:00,2125.1662024925254,2125.1662024925254,2096.2392578125,2096.2392578125,90400,0.0,0.0
2008-10-03 00:00:00+09:00,2090.4538612471197,2092.38232421875,2090.4538612471197,2092.38232421875,90400,0.0,0.0
2008-10-06 00:00:00+09:00,2080.8120685215413,2113.595947265625,2080.8120685215413,2113.595947265625,90400,0.0,0.0
2008-10-07 00:00:00+09:00,2078.8832642058755,2078.8832642058755,2059.5986328125,2059.5986328125,90400,0.0,0.0
2008-10-08 00:00:00+09:00,2059.598389674506,2059.598389674506,1878.3228759765625,1878.3228759765625,90400,0.0,0.0
2008-10-09 00:00:00+09:00,1872.5377881676582,1872.5377881676582,1843.61083984375,1843.61083984375,90400,0.0,0.0
2008-10-10 00:00:00+09:00,1697.0477019018742,1749.1162109375,1697.0477019018742,1749.1162109375,90400,0.0,0.0
2008-10-14 00:00:00+09:00,1874.4664905894886,1909.1788330078125,1874.4664905894886,1909.1788330078125,90400,0.0,0.0
2008-10-15 00:00:00+09:00,1903.3934243675776,1968.961181640625,1903.3934243675776,1968.961181640625,90400,0.0,0.0
2008-10-16 00:00:00+09:00,1870.609476556422,1870.609476556422,1859.0386962890625,1859.0386962890625,90400,0.0,0.0
2008-10-17 00:00:00+09:00,1947.7473671951368,1972.8173828125,1947.7473671951368,1972.8173828125,90400,0.0,0.0
2008-10-20 00:00:00+09:00,1951.605141390066,2048.0283203125,1951.605141390066,2048.0283203125,90400,0.0,0.0
2008-10-21 00:00:00+09:00,1901.4650184494292,1932.3204345703125,1901.4650184494292,1932.3204345703125,90400,0.0,0.0
2008-10-22 00:00:00+09:00,1932.3202171812666,1932.3202171812666,1812.7554931640625,1812.7554931640625,90400,0.0,0.0
2008-10-23 00:00:00+09:00,1739.4735254635807,1806.9697265625,1739.4735254635807,1806.9697265625,90400,0.0,0.0
2008-10-24 00:00:00+09:00,1805.0419591583286,1805.0419591583286,1710.5472412109375,1710.5472412109375,90400,0.0,0.0
2008-10-27 00:00:00+09:00,1712.4753507071168,1712.4753507071168,1585.19677734375,1585.19677734375,90400,0.0,0.0
2008-10-28 00:00:00+09:00,1612.2912326455116,1689.3341064453125,1612.2912326455116,1689.3341064453125,90400,0.0,0.0
2008-10-29 00:00:00+09:00,1689.3340076001557,1702.833251953125,1689.3340076001557,1702.833251953125,90400,0.0,0.0
2008-10-30 00:00:00+09:00,1764.5440330059444,1814.68408203125,1764.5440330059444,1814.68408203125,90400,0.0,0.0
2008-10-31 00:00:00+09:00,1818.5407964048427,1818.5407964048427,1766.4722900390625,1766.4722900390625,90400,0.0,0.0
2008-11-04 00:00:00+09:00,1768.4009402444606,1941.962646484375,1768.4009402444606,1941.962646484375,54800,0.0,0.0
2008-11-05 00:00:00+09:00,1945.8191565203156,1978.60302734375,1945.8191565203156,1978.60302734375,54800,0.0,0.0
2008-11-06 00:00:00+09:00,1994.0314474208783,1994.0314474208783,1965.1044921875,1965.1044921875,54800,0.0,0.0
2008-11-07 00:00:00+09:00,1947.747646640469,1947.747646640469,1930.3914794921875,1930.3914794921875,54800,0.0,0.0
2008-11-10 00:00:00+09:00,2048.0283331378987,2055.7421875,2048.0283331378987,2055.7421875,54800,0.0,0.0
2008-11-11 00:00:00+09:00,2053.813711047846,2053.813711047846,2048.0283203125,2048.0283203125,54800,0.0,0.0
2008-11-12 00:00:00+09:00,2088.526123046875,2088.526123046875,2088.526123046875,2088.526123046875,54800,0.0,0.0
2008-11-13 00:00:00+09:00,2082.7407258181083,2084.669189453125,2082.7407258181083,2084.669189453125,54800,0.0,0.0
2008-11-14 00:00:00+09:00,2086.5969843074054,2117.452392578125,2086.5969843074054,2117.452392578125,54800,0.0,0.0
2008-11-17 00:00:00+09:00,2148.30834631907,2148.30834631907,2146.3798828125,2146.3798828125,54800,0.0,0.0
2008-11-18 00:00:00+09:00,2148.3081641833833,2181.092041015625,2148.3081641833833,2181.092041015625,54800,0.0,0.0
2008-11-19 00:00:00+09:00,2121.3099305058868,2190.734619140625,2121.3099305058868,2190.734619140625,54800,0.0,0.0
2008-11-20 00:00:00+09:00,2192.6623947312473,2192.6623947312473,2090.453857421875,2090.453857421875,54800,0.0,0.0
2008-11-21 00:00:00+09:00,2090.4540055676985,2090.4540055676985,2040.31396484375,2040.31396484375,54800,0.0,0.0
2008-11-25 00:00:00+09:00,2044.171453117773,2084.669189453125,2044.171453117773,2084.669189453125,100400,0.0,0.0
2008-11-26 00:00:00+09:00,2084.669223883213,2084.669223883213,2030.6722412109375,2030.6722412109375,100400,0.0,0.0
2008-11-27 00:00:00+09:00,2026.8152209495645,2048.0283203125,2026.8152209495645,2048.0283203125,100400,0.0,0.0
2008-11-28 00:00:00+09:00,2049.9561942915484,2121.309326171875,2049.9561942915484,2121.309326171875,100400,0.0,0.0
2008-12-01 00:00:00+09:00,2121.309432780669,2177.23486328125,2121.309432780669,2177.23486328125,100400,0.0,0.0
2008-12-02 00:00:00+09:00,2177.235417318922,2177.235417318922,2069.241455078125,2069.241455078125,100400,0.0,0.0
2008-12-03 00:00:00+09:00,2069.2408208456554,2119.380859375,2069.2408208456554,2119.380859375,100400,0.0,0.0
2008-12-04 00:00:00+09:00,2177.235145113761,2198.4482421875,2177.235145113761,2198.4482421875,100400,0.0,0.0
2008-12-05 00:00:00+09:00,2200.3763756679446,2200.3763756679446,2154.09326171875,2154.09326171875,100400,0.0,0.0
2008-12-08 00:00:00+09:00,2183.020535224781,2198.4482421875,2183.020535224781,2198.4482421875,100400,0.0,0.0
2008-12-09 00:00:00+09:00,2217.7326624034486,2217.7326624034486,2215.80419921875,2215.80419921875,100400,0.0,0.0
2008-12-10 00:00:00+09:00,2217.7326492564353,2217.7326492564353,2078.88330078125,2078.88330078125,100400,0.0,0.0
2008-12-11 00:00:00+09:00,2138.6660189241975,2140.594482421875,2138.6660189241975,2140.594482421875,100400,0.0,0.0
2008-12-12 00:00:00+09:00,2142.522589230118,2142.522589230118,2080.811767578125,2080.811767578125,100400,0.0,0.0
2008-12-15 00:00:00+09:00,2152.1653027865977,2163.736083984375,2152.1653027865977,2163.736083984375,100400,0.0,0.0
2008-12-16 00:00:00+09:00,2152.1646763392855,2152.1646763392855,2092.38232421875,2092.38232421875,93600,0.0,0.0
2008-12-17 00:00:00+09:00,2119.3808631480824,2121.309326171875,2119.3808631480824,2121.309326171875,79600,0.0,0.0
2008-12-18 00:00:00+09:00,2140.5939487811647,2140.5939487811647,2117.452392578125,2117.452392578125,81600,0.0,0.0
2008-12-19 00:00:00+09:00,2119.3807745945046,2119.3807745945046,2076.95458984375,2076.95458984375,135200,0.0,0.0
2008-12-22 00:00:00+09:00,2076.95458984375,2076.95458984375,2076.95458984375,2076.95458984375,116000,0.0,0.0
2008-12-24 00:00:00+09:00,2078.8836777493416,2078.8836777493416,2013.31591796875,2013.31591796875,158400,0.0,0.0
2008-12-25 00:00:00+09:00,2064.6943575412984,2064.6943575412984,2063.456298828125,2063.456298828125,37200,0.0,0.0
2008-12-26 00:00:00+09:00,2080.811994669824,2080.811994669824,2061.5273607989266,2071.169677734375,24800,0.0,0.0
2008-12-29 00:00:00+09:00,2069.2409885183765,2082.74023075475,2040.3140408690049,2080.811767578125,64800,0.0,0.0
2008-12-30 00:00:00+09:00,2082.7407321243077,2096.2399776102984,2067.313022997461,2088.526123046875,25200,0.0,0.0
2009-01-05 00:00:00+09:00,2109.738935027136,2142.5228124452906,2065.38427734375,2065.38427734375,45200,0.0,0.0
2009-01-06 00:00:00+09:00,2057.670732547075,2057.670732547075,2030.6722412109375,2030.6722412109375,54000,0.0,0.0
2009-01-07 00:00:00+09:00,2030.6721608231708,2055.7421875,2030.6721608231708,2055.7421875,132400,0.0,0.0
2009-01-08 00:00:00+09:00,2055.74238327753,2055.74238327753,2024.8869628906252,2024.886962890625,68000,0.0,0.0
2009-01-09 00:00:00+09:00,1974.7463803088804,1997.887939453125,1974.7463803088804,1997.887939453125,82800,0.0,0.0
2009-01-13 00:00:00+09:00,2005.6019852801066,2005.6019852801066,1897.6080322265623,1897.6080322265625,227200,0.0,0.0
2009-01-14 00:00:00+09:00,1897.6080322265623,1897.6080322265623,1897.6080322265623,1897.6080322265625,51200,0.0,0.0
2009-01-15 00:00:00+09:00,1893.7511714710445,1893.7511714710445,1864.82421875,1864.82421875,274400,0.0,0.0
2009-01-16 00:00:00+09:00,1870.609583107822,1920.7496337890625,1870.609583107822,1920.7496337890625,50000,0.0,0.0
2009-01-19 00:00:00+09:00,1913.0355009191176,1922.677816951976,1891.8224056468289,1901.4647216796875,96800,0.0,0.0
2009-01-20 00:00:00+09:00,1860.9667097714403,1878.3228759765625,1860.9667097714403,1878.3228759765625,152800,0.0,0.0
2009-01-21 00:00:00+09:00,1899.5363630164532,1899.5363630164532,1891.822509765625,1891.822509765625,196800,0.0,0.0
2009-01-22 00:00:00+09:00,1893.7511644192084,1932.3204345703125,1893.7511644192084,1932.3204345703125,201200,0.0,0.0
2009-01-23 00:00:00+09:00,1868.6814264096813,1901.4653110835354,1868.6814264096813,1887.966064453125,173600,0.0,0.0
2009-01-26 00:00:00+09:00,1889.8943844275468,1949.6767578125,1889.8943844275468,1949.6767578125,115200,0.0,0.0
2009-01-27 00:00:00+09:00,1930.3915147205328,2011.386962890625,1930.3915147205328,2011.386962890625,75200,0.0,0.0
2009-01-28 00:00:00+09:00,2011.387266935023,2011.387266935023,1976.6749267578127,1976.6749267578125,102400,0.0,0.0
2009-01-29 00:00:00+09:00,2026.814689818056,2026.814689818056,2022.9577636718752,2022.957763671875,68400,0.0,0.0
2009-01-30 00:00:00+09:00,2024.886335456007,2080.811767578125,2024.886335456007,2080.811767578125,125600,0.0,0.0
2009-02-02 00:00:00+09:00,2080.811371015767,2125.166015625,2080.811371015767,2125.166015625,183200,0.0,0.0
2009-02-03 00:00:00+09:00,2125.166731355401,2125.166731355401,2115.5244140625,2115.5244140625,259200,0.0,0.0
2009-02-04 00:00:00+09:00,2076.955138324058,2111.66748046875,2076.955138324058,2111.66748046875,108000,0.0,0.0
2009-02-05 00:00:00+09:00,2086.596896802326,2086.596896802326,2073.09765625,2073.09765625,152800,0.0,0.0
2009-02-06 00:00:00+09:00,2065.3840585683847,2078.88330078125,2065.3840585683847,2078.88330078125,219600,0.0,0.0
2009-02-09 00:00:00+09:00,2078.8836102714863,2078.8836102714863,2046.0997314453125,2046.0997314453125,84400,0.0,0.0
2009-02-10 00:00:00+09:00,1972.8177597434933,2048.027820965386,1970.8892966352396,2042.242431640625,126000,0.0,0.0
2009-02-12 00:00:00+09:00,2049.9562466951415,2049.9562466951415,2022.9577636718752,2022.957763671875,116400,0.0,0.0
2009-02-13 00:00:00+09:00,2061.526886298021,2076.95458984375,2061.526886298021,2076.95458984375,140000,0.0,0.0
2009-02-16 00:00:00+09:00,2163.736083984375,2163.736083984375,2163.736083984375,2163.736083984375,184800,0.0,0.0
2009-02-17 00:00:00+09:00,2190.734090277778,2190.734090277778,2169.52099609375,2169.52099609375,214000,0.0,0.0
2009-02-18 00:00:00+09:00,2130.9519253927347,2142.522705078125,2130.9519253927347,2142.522705078125,113600,0.0,0.0
2009-02-19 00:00:00+09:00,2140.594177525303,2140.594177525303,2107.810302734375,2107.810302734375,130400,0.0,0.0
2009-02-20 00:00:00+09:00,2146.3795671942903,2146.3795671942903,2107.810302734375,2107.810302734375,86800,0.0,0.0
2009-02-23 00:00:00+09:00,2113.5951906536698,2113.5951906536698,2102.0244140625,2102.0244140625,96000,0.0,0.0
2009-02-24 00:00:00+09:00,2059.599101783192,2059.599101783192,2048.0283203125,2048.0283203125,87600,0.0,0.0
2009-02-25 00:00:00+09:00,2051.8852149180134,2051.8852149180134,2028.74365234375,2028.74365234375,98800,0.0,0.0
2009-02-26 00:00:00+09:00,2030.6722412109375,2030.6722412109375,2030.6722412109375,2030.6722412109375,65200,0.0,0.0
2009-02-27 00:00:00+09:00,2030.671200238329,2057.669677734375,2030.671200238329,2057.669677734375,98400,0.0,0.0
2009-03-02 00:00:00+09:00,2057.6708470517115,2057.6708470517115,2024.8869628906252,2024.886962890625,108800,0.0,0.0
2009-03-03 00:00:00+09:00,2024.8868091289814,2024.8868091289814,2005.6021728515625,2005.6021728515625,47600,0.0,0.0
2009-03-04 00:00:00+09:00,1988.2458824428886,2007.530517578125,1988.2458824428886,2007.530517578125,54800,0.0,0.0
2009-03-05 00:00:00+09:00,2011.387512321975,2048.0283203125,2011.387512321975,2048.0283203125,102400,0.0,0.0
2009-03-06 00:00:00+09:00,1984.38850891473,1984.38850891473,1963.1754150390623,1963.1754150390625,139600,0.0,0.0
2009-03-09 00:00:00+09:00,1965.1038743940896,1965.1038743940896,1961.2469482421875,1961.2469482421875,61600,0.0,0.0
2009-03-10 00:00:00+09:00,1901.4648541179536,1907.2502441406248,1901.4648541179536,1907.250244140625,48400,0.0,0.0
2009-03-11 00:00:00+09:00,1918.8206787109373,1918.8206787109373,1918.8206787109373,1918.8206787109375,58400,0.0,0.0
2009-03-12 00:00:00+09:00,1922.678403760566,1922.678403760566,1882.1806640625,1882.1806640625,64400,0.0,0.0
2009-03-13 00:00:00+09:00,1897.6078856672211,1897.6078856672211,1884.108642578125,1884.108642578125,102800,0.0,0.0
2009-03-16 00:00:00+09:00,1928.462843180668,1928.462843180668,1905.3212890625,1905.3212890625,69600,0.0,0.0
2009-03-17 00:00:00+09:00,1913.0355009191176,1913.0355009191176,1901.4647216796875,1901.4647216796875,104800,0.0,0.0
2009-03-18 00:00:00+09:00,1926.5344487685688,1926.5344487685688,1878.3228759765625,1878.3228759765625,68400,0.0,0.0
2009-03-19 00:00:00+09:00,1882.1796954882414,1886.0366210937502,1882.1796954882414,1886.03662109375,38800,0.0,0.0
2009-03-23 00:00:00+09:00,1884.1085421153753,1895.6793212890623,1884.1085421153753,1895.6793212890625,97600,0.0,0.0
2009-03-24 00:00:00+09:00,1847.4682142331499,1893.7513427734375,1847.4682142331499,1893.7513427734375,140400,0.0,0.0
2009-03-25 00:00:00+09:00,1887.9653836621978,1914.9638671875,1887.9653836621978,1914.9638671875,144400,0.0,0.0
2009-03-26 00:00:00+09:00,1947.519735099053,1978.5250244140627,1947.519735099053,1978.5250244140625,105200,12.0,0.0
2009-03-27 00:00:00+09:00,1943.644220382448,1953.3333740234375,1943.644220382448,1953.3333740234375,130800,0.0,0.0
2009-03-30 00:00:00+09:00,1920.3899449477963,1920.3899449477963,1883.5711669921875,1883.5711669921875,126000,0.0,0.0
2009-03-31 00:00:00+09:00,1887.4466552734375,1887.4466552734375,1887.4466552734375,1887.4466552734375,95200,0.0,0.0
2009-04-01 00:00:00+09:00,1914.576213770429,1914.576213770429,1897.1357421875,1897.1357421875,75200,0.0,0.0
2009-04-02 00:00:00+09:00,1899.073708832924,1924.2655029296875,1899.073708832924,1924.2655029296875,105200,0.0,0.0
2009-04-03 00:00:00+09:00,1891.3226318359375,1891.3226318359375,1891.3226318359375,1891.3226318359375,84400,0.0,0.0
2009-04-06 00:00:00+09:00,1881.6338542345543,1881.6338542345543,1858.3798828125,1858.3798828125,95200,0.0,0.0
2009-04-07 00:00:00+09:00,1860.3176143685566,1879.6959228515625,1860.3176143685566,1879.6959228515625,103200,0.0,0.0
2009-04-08 00:00:00+09:00,1885.5089844004845,1885.5089844004845,1856.4415283203125,1856.4415283203125,108000,0.0,0.0
2009-04-09 00:00:00+09:00,1829.3116180098684,1840.9385986328125,1829.3116180098684,1840.9385986328125,150400,0.0,0.0
2009-04-10 00:00:00+09:00,1815.7471626095655,1827.3741455078125,1815.7471626095655,1827.3741455078125,89600,0.0,0.0
2009-04-13 00:00:00+09:00,1815.7468981920592,1819.62255859375,1815.7468981920592,1819.62255859375,40000,0.0,0.0
2009-04-14 00:00:00+09:00,1784.741898469002,1802.182373046875,1784.741898469002,1802.182373046875,78000,0.0,0.0
2009-04-15 00:00:00+09:00,1825.4364013671877,1825.4364013671877,1825.4364013671877,1825.4364013671875,70000,0.0,0.0
2009-04-16 00:00:00+09:00,1825.4361358802357,1850.6279296875002,1825.4361358802357,1850.6279296875,61600,0.0,0.0
2009-04-17 00:00:00+09:00,1817.6846617006304,1817.6846617006304,1796.3685302734375,1796.3685302734375,74000,0.0,0.0
2009-04-20 00:00:00+09:00,1800.244853647593,1800.244853647593,1792.4935302734375,1792.4935302734375,70000,0.0,0.0
2009-04-21 00:00:00+09:00,1798.3067928730513,1798.3067928730513,1740.171875,1740.171875,112400,0.0,0.0
2009-04-22 00:00:00+09:00,1729.7306311618233,1729.7306311618233,1720.7933349609375,1720.7933349609375,113600,0.0,0.0
2009-04-23 00:00:00+09:00,1724.669456354918,1745.985595703125,1724.669456354918,1745.985595703125,80400,0.0,0.0
2009-04-24 00:00:00+09:00,1732.4204337112478,1732.4204337112478,1707.2286376953125,1707.2286376953125,50800,0.0,0.0
2009-04-27 00:00:00+09:00,1711.838152936961,1732.42041015625,1711.838152936961,1732.42041015625,146400,0.0,0.0
2009-04-28 00:00:00+09:00,1736.2961217769057,1736.2961217769057,1728.5447998046873,1728.5447998046875,129600,0.0,0.0
2009-04-30 00:00:00+09:00,1784.7418148783677,1784.7418148783677,1771.1770019531248,1771.177001953125,156400,0.0,0.0
2009-05-01 00:00:00+09:00,1767.3012119280595,1767.3012119280595,1757.612060546875,1757.612060546875,67200,0.0,0.0
2009-05-07 00:00:00+09:00,1752.0757048495295,1755.67431640625,1752.0757048495295,1755.67431640625,52800,0.0,0.0
2009-05-08 00:00:00+09:00,1742.109524837955,1763.4256591796875,1742.109524837955,1763.4256591796875,62400,0.0,0.0
2009-05-11 00:00:00+09:00,1765.3635025354693,1790.5552978515625,1765.3635025354693,1790.5552978515625,50000,0.0,0.0
2009-05-12 00:00:00+09:00,1796.1955037087203,1796.1955037087203,1767.3013916015625,1767.3013916015625,49200,0.0,0.0
2009-05-13 00:00:00+09:00,1771.1768656390575,1776.9903564453127,1771.1768656390575,1776.9903564453125,59200,0.0,0.0
2009-05-14 00:00:00+09:00,1807.9957633498393,1809.93359375,1807.9957633498393,1809.93359375,110800,0.0,0.0
2009-05-15 00:00:00+09:00,1815.747523250743,1815.747523250743,1813.8096923828125,1813.8096923828125,97600,0.0,0.0
2009-05-18 00:00:00+09:00,1776.9902565093564,1784.7415771484375,1776.9902565093564,1784.7415771484375,74400,0.0,0.0
2009-05-19 00:00:00+09:00,1775.052426349586,1784.7415771484375,1775.052426349586,1784.7415771484375,48400,0.0,0.0
2009-05-20 00:00:00+09:00,1786.6800569959298,1800.244873046875,1786.6800569959298,1800.244873046875,32400,0.0,0.0
2009-05-21 00:00:00+09:00,1778.9279155627878,1788.6170654296875,1778.9279155627878,1788.6170654296875,44000,0.0,0.0
2009-05-22 00:00:00+09:00,1755.67431640625,1755.67431640625,1755.67431640625,1755.67431640625,66400,0.0,0.0
2009-05-25 00:00:00+09:00,1751.7986556636313,1755.67431640625,1751.7986556636313,1755.67431640625,54800,0.0,0.0
2009-05-26 00:00:00+09:00,1753.7363999944012,1757.612060546875,1753.7363999944012,1757.612060546875,52400,0.0,0.0
2009-05-27 00:00:00+09:00,1773.1150923392906,1773.1150923392906,1765.36376953125,1765.36376953125,70800,0.0,0.0
2009-05-28 00:00:00+09:00,1767.3015239571785,1767.3015239571785,1747.9232177734375,1747.9232177734375,81200,0.0,0.0
2009-05-29 00:00:00+09:00,1749.860710144043,1749.860710144043,1736.2958984375,1736.2958984375,86800,0.0,0.0
2009-06-01 00:00:00+09:00,1734.3582971422238,1742.109619140625,1734.3582971422238,1742.109619140625,94800,0.0,0.0
2009-06-02 00:00:00+09:00,1744.047748937016,1751.799072265625,1744.047748937016,1751.799072265625,84400,0.0,0.0
2009-06-03 00:00:00+09:00,1742.1095475587026,1742.1095475587026,1738.23388671875,1738.23388671875,65200,0.0,0.0
2009-06-04 00:00:00+09:00,1738.2341107649338,1738.2341107649338,1730.4827880859375,1730.4827880859375,70400,0.0,0.0
2009-06-05 00:00:00+09:00,1724.6690969337706,1728.5447578257567,1711.1042838118196,1713.0421142578125,72800,0.0,0.0
2009-06-08 00:00:00+09:00,1722.7314963700942,1722.7314963700942,1718.8558349609375,1718.8558349609375,76000,0.0,0.0
2009-06-09 00:00:00+09:00,1724.6685791015625,1724.6685791015625,1724.6685791015625,1724.6685791015625,58000,0.0,0.0
2009-06-10 00:00:00+09:00,1732.420395458821,1738.23388671875,1732.420395458821,1738.23388671875,76800,0.0,0.0
2009-06-11 00:00:00+09:00,1728.5447998046873,1738.2339522699604,1726.6069693116328,1728.5447998046875,45600,0.0,0.0
2009-06-12 00:00:00+09:00,1726.6067472185407,1738.2337286812917,1722.731086730957,1736.2958984375,123200,0.0,0.0
2009-06-15 00:00:00+09:00,1753.7365782888312,1769.2392220748097,1751.7987478155837,1767.3013916015625,82400,0.0,0.0
2009-06-16 00:00:00+09:00,1736.2961217769057,1738.2339522699604,1724.6691388185782,1728.5447998046875,90000,0.0,0.0
2009-06-17 00:00:00+09:00,1742.109619140625,1749.860941139026,1736.2961276418241,1742.109619140625,51600,0.0,0.0
2009-06-18 00:00:00+09:00,1730.4829808070008,1734.358642578125,1724.6694881503142,1734.358642578125,54400,0.0,0.0
2009-06-19 00:00:00+09:00,1730.4826361430235,1742.109619140625,1726.6069751438229,1742.109619140625,69200,0.0,0.0
2009-06-22 00:00:00+09:00,1755.674575957745,1761.4880679311152,1747.9232533265852,1749.861083984375,61600,0.0,0.0
2009-06-23 00:00:00+09:00,1734.358291283851,1738.2339522699604,1728.5447998046873,1728.5447998046875,63200,0.0,0.0
2009-06-24 00:00:00+09:00,1744.0475361915367,1747.9231973830736,1736.2962138084633,1740.171875,54000,0.0,0.0
2009-06-25 00:00:00+09:00,1744.047592011005,1757.612406615535,1740.171930695425,1749.861083984375,52000,0.0,0.0
2009-06-26 00:00:00+09:00,1759.5497850714237,1784.7415771484375,1751.7984644323426,1784.7415771484375,88000,0.0,0.0
2009-06-29 00:00:00+09:00,1804.1201705932617,1804.1201705932617,1755.6744087620784,1767.3013916015625,58800,0.0,0.0
2009-06-30 00:00:00+09:00,1776.9905058762124,1798.306640625,1771.1770145810883,1798.306640625,61200,0.0,0.0
2009-07-01 00:00:00+09:00,1798.306640625,1813.809284078664,1786.6796580347523,1798.306640625,71600,0.0,0.0
2009-07-02 00:00:00+09:00,1807.996085514571,1807.996085514571,1767.3016398599023,1780.866455078125,82800,0.0,0.0
2009-07-03 00:00:00+09:00,1747.9230160220638,1763.4256591796875,1740.171694443252,1763.4256591796875,46800,0.0,0.0
2009-07-06 00:00:00+09:00,1778.9280866691265,1792.4928977875186,1767.3011057105048,1784.7415771484375,56400,0.0,0.0
2009-07-07 00:00:00+09:00,1790.5555664062501,1811.8717041015625,1786.6799050071022,1811.8717041015625,54000,0.0,0.0
2009-07-08 00:00:00+09:00,1811.8713162562515,1829.311788819146,1784.741692269527,1804.1199951171875,88400,0.0,0.0
2009-07-09 00:00:00+09:00,1811.8712278272285,1821.5603787781763,1771.176793833248,1773.1146240234375,69600,0.0,0.0
2009-07-10 00:00:00+09:00,1780.8657455361677,1794.4305553498273,1769.238765695888,1788.6170654296875,50800,0.0,0.0
2009-07-13 00:00:00+09:00,1784.7418658607885,1802.1823401200143,1765.363561128315,1767.3013916015625,42400,0.0,0.0
2009-07-14 00:00:00+09:00,1784.7413048904934,1786.6791347546525,1713.0415999166082,1724.6685791015625,101200,0.0,0.0
2009-07-15 00:00:00+09:00,1718.8558149154162,1724.6693069613532,1709.1666615055208,1711.1044921875,71200,0.0,0.0
2009-07-16 00:00:00+09:00,1722.7312813974265,1730.4826032484834,1707.2286376953125,1707.2286376953125,35200,0.0,0.0
2009-07-17 00:00:00+09:00,1716.9178317126864,1726.606984261855,1713.0421706930188,1722.7313232421875,35600,0.0,0.0
2009-07-21 00:00:00+09:00,1742.109619140625,1744.047449640225,1724.6691446442226,1742.109619140625,60000,0.0,0.0
2009-07-22 00:00:00+09:00,1753.7367607964409,1753.7367607964409,1736.296284722222,1744.047607421875,62400,0.0,0.0
2009-07-23 00:00:00+09:00,1744.0475565366894,1755.674540246934,1740.171895299941,1747.9232177734375,52800,0.0,0.0
2009-07-24 00:00:00+09:00,1745.9854625111484,1765.36376953125,1736.2963090010978,1765.36376953125,58000,0.0,0.0
2009-07-27 00:00:00+09:00,1782.8043174116922,1786.6799789712827,1765.3638403935342,1769.239501953125,44800,0.0,0.0
2009-07-28 00:00:00+09:00,1769.2394309352703,1773.1150923392906,1759.5502774252195,1765.36376953125,24400,0.0,0.0
2009-07-29 00:00:00+09:00,1753.7366791443678,1771.1771544065768,1751.798848559678,1759.5501708984375,25600,0.0,0.0
2009-07-30 00:00:00+09:00,1745.985422668795,1749.861083984375,1728.544946748685,1749.861083984375,46800,0.0,0.0
2009-07-31 00:00:00+09:00,1749.860825292322,1761.487807520178,1736.2960126931569,1755.67431640625,37200,0.0,0.0
2009-08-03 00:00:00+09:00,1778.9281145940063,1778.9281145940063,1765.3633032626794,1773.1146240234375,42000,0.0,0.0
2009-08-04 00:00:00+09:00,1765.3638091144417,1782.8042858235856,1749.8611631507583,1780.866455078125,67600,0.0,0.0
2009-08-05 00:00:00+09:00,1776.99053518167,1792.4931788909978,1773.1148742543382,1786.6796875,62000,0.0,0.0
2009-08-06 00:00:00+09:00,1778.9282730302434,1786.6795944813557,1767.3012908535752,1775.0526123046875,56000,0.0,0.0
2009-08-07 00:00:00+09:00,1784.742116569046,1784.742116569046,1759.5503168780606,1780.866455078125,45200,0.0,0.0
2009-08-10 00:00:00+09:00,1792.4931282604928,1800.2444498962138,1773.1148241711903,1790.5552978515625,62800,0.0,0.0
2009-08-11 00:00:00+09:00,1790.5553188981683,1798.306640625,1790.5553188981683,1798.306640625,32800,0.0,0.0
2009-08-12 00:00:00+09:00,1786.6794935143512,1792.4929842741594,1782.8038330078125,1782.8038330078125,29200,0.0,0.0
2009-08-13 00:00:00+09:00,1784.7415494949687,1804.1198507924169,1780.865889235479,1796.3685302734375,52800,0.0,0.0
2009-08-14 00:00:00+09:00,1794.430915006615,1807.9957275390625,1790.5552542830585,1807.9957275390625,34800,0.0,0.0
2009-08-17 00:00:00+09:00,1804.119705216727,1804.119705216727,1786.6792354563077,1788.6170654296875,30400,0.0,0.0
2009-08-18 00:00:00+09:00,1782.8043760557432,1796.3691919605153,1782.8043760557432,1792.4935302734375,34800,0.0,0.0
2009-08-19 00:00:00+09:00,1790.5556994298986,1792.4935302734375,1767.3017293074324,1792.4935302734375,50400,0.0,0.0
2009-08-20 00:00:00+09:00,1794.4310771038126,1823.4985351562502,1794.4310771038126,1823.49853515625,78800,0.0,0.0
2009-08-21 00:00:00+09:00,1821.5604676800817,1821.5604676800817,1796.3686739781233,1804.1199951171875,40400,0.0,0.0
2009-08-24 00:00:00+09:00,1815.7473040120528,1850.6282554231702,1811.871642744151,1835.1256103515625,70800,0.0,0.0
2009-08-25 00:00:00+09:00,1833.187636956936,1842.8767893721417,1823.4984845417302,1827.3741455078125,29600,0.0,0.0
2009-08-26 00:00:00+09:00,1844.8145458882439,1860.3171891310021,1831.2497330508302,1856.4415283203125,50400,0.0,0.0
2009-08-27 00:00:00+09:00,1856.4415233538543,1856.4415233538543,1807.9957633498393,1809.93359375,72000,0.0,0.0
2009-08-28 00:00:00+09:00,1817.684744003312,1858.3791785705503,1811.8712533508494,1846.752197265625,103600,0.0,0.0
2009-08-31 00:00:00+09:00,1846.7526038702767,1885.5092167531786,1846.7526038702767,1862.2552490234375,72000,0.0,0.0
2009-09-02 00:00:00+09:00,1870.006416134718,1870.006416134718,1825.4363150247714,1827.3741455078125,87200,0.0,0.0
2009-09-03 00:00:00+09:00,1827.3742319418875,1839.0012153900861,1823.498570792488,1825.4364013671875,30800,0.0,0.0
2009-09-04 00:00:00+09:00,1829.3116056965443,1829.3116056965443,1792.4928339717198,1794.4306640625,42800,0.0,0.0
2009-09-07 00:00:00+09:00,1796.3688815209173,1819.622847624748,1796.3688815209173,1802.182373046875,26000,0.0,0.0
2009-09-08 00:00:00+09:00,1813.8096890978202,1813.8096890978202,1796.3692113180334,1800.244873046875,27200,0.0,0.0
2009-09-09 00:00:00+09:00,1802.181984425621,1802.181984425621,1786.6793436993792,1794.4306640625,28000,0.0,0.0
2009-09-10 00:00:00+09:00,1798.3065757301715,1819.6227097097317,1796.3687453683933,1807.9957275390625,37600,0.0,0.0
2009-09-11 00:00:00+09:00,1815.7475003959037,1815.7475003959037,1786.680037742821,1792.4935302734375,63600,0.0,0.0
2009-09-14 00:00:00+09:00,1800.2447625327293,1802.1825932781896,1775.052962841744,1780.866455078125,56000,0.0,0.0
2009-09-15 00:00:00+09:00,1790.5548954030673,1796.3683853232073,1778.9279155627878,1788.6170654296875,36000,0.0,0.0
2009-09-16 00:00:00+09:00,1788.617526807283,1798.3066791735198,1765.363561128315,1767.3013916015625,43600,0.0,0.0
2009-09-17 00:00:00+09:00,1765.3635106994493,1771.1770019531248,1753.7365281920984,1771.177001953125,63600,0.0,0.0
2009-09-18 00:00:00+09:00,1757.6125750897381,1802.1826844911318,1757.6125750897381,1792.4935302734375,68000,0.0,0.0
2009-09-21 00:00:00+09:00,1792.4935302734375,1792.4935302734375,1792.4935302734375,1792.4935302734375,0,0.0,0.0
2009-09-24 00:00:00+09:00,1831.2498573035668,1846.7525015982,1804.1202297879584,1823.49853515625,93200,0.0,0.0
2009-09-25 00:00:00+09:00,1822.3302308122963,1822.3302308122963,1787.2854186812906,1793.126220703125,40000,11.0,0.0
2009-09-28 00:00:00+09:00,1795.0733992477942,1808.7019391553154,1787.285662157782,1806.7550048828125,56400,0.0,0.0
2009-09-29 00:00:00+09:00,1787.285386462258,1808.70166015625,1787.285386462258,1808.70166015625,37200,0.0,0.0
2009-09-30 00:00:00+09:00,1808.7017860814144,1849.58740234375,1808.7017860814144,1849.58740234375,40800,0.0,0.0
2009-10-01 00:00:00+09:00,1830.1180599855845,1835.9588623046875,1820.3833894537463,1835.9588623046875,42000,0.0,0.0
2009-10-02 00:00:00+09:00,1818.4365398369787,1822.3304082306338,1797.020263671875,1797.020263671875,57600,0.0,0.0
2009-10-05 00:00:00+09:00,1797.0200035975847,1818.4362766632114,1797.0200035975847,1804.8077392578125,40400,0.0,0.0
2009-10-06 00:00:00+09:00,1802.8608907395155,1814.5424947831839,1775.603814637622,1793.126220703125,47200,0.0,0.0
2009-10-07 00:00:00+09:00,1791.1789309323487,1791.1789309323487,1767.8157274854052,1771.7095947265625,32800,0.0,0.0
2009-10-08 00:00:00+09:00,1761.9758157570268,1773.6574233753054,1742.5064697265625,1742.5064697265625,71200,0.0,0.0
2009-10-09 00:00:00+09:00,1738.6119571413315,1746.3996926716397,1728.877287728446,1744.4527587890625,48800,0.0,0.0
2009-10-13 00:00:00+09:00,1746.3995858094083,1758.0811883900733,1736.6649169921875,1736.6649169921875,26400,0.0,0.0
2009-10-14 00:00:00+09:00,1736.664882681271,1744.452617581187,1721.0894128814389,1738.61181640625,48400,0.0,0.0
2009-10-15 00:00:00+09:00,1738.6119571413315,1754.187428201948,1736.6650232587542,1744.4527587890625,36000,0.0,0.0
2009-10-16 00:00:00+09:00,1744.4531949105146,1748.347063649154,1738.6123918025553,1740.559326171875,30000,0.0,0.0
2009-10-19 00:00:00+09:00,1744.4531949105146,1744.4531949105146,1724.983851217317,1740.559326171875,35600,0.0,0.0
2009-10-20 00:00:00+09:00,1742.506260541195,1750.293998018474,1730.8246543252762,1740.559326171875,26400,0.0,0.0
2009-10-21 00:00:00+09:00,1734.7185230639157,1744.4531949105146,1732.771588694596,1740.559326171875,33600,0.0,0.0
2009-10-22 00:00:00+09:00,1734.718348202463,1760.0284924523305,1715.2490064717954,1723.0367431640625,72000,0.0,0.0
2009-10-23 00:00:00+09:00,1738.6118817221527,1738.6118817221527,1717.1956099428203,1721.0894775390625,39200,0.0,0.0
2009-10-26 00:00:00+09:00,1713.3020722987287,1738.6122165485963,1713.3020722987287,1723.0367431640625,49200,0.0,0.0
2009-10-27 00:00:00+09:00,1750.293418756124,1754.187286206082,1726.930214056376,1738.61181640625,108400,0.0,0.0
2009-10-28 00:00:00+09:00,1734.7182163251005,1808.7017092772371,1734.7182163251005,1785.3385009765625,157600,0.0,0.0
2009-10-29 00:00:00+09:00,1763.922078013932,1820.3831599812652,1761.9751441529893,1814.5423583984375,154000,0.0,0.0
2009-10-30 00:00:00+09:00,1806.754694170224,1824.2770996093748,1787.2853547933896,1824.277099609375,80400,0.0,0.0
2009-11-02 00:00:00+09:00,1812.595424537495,1816.4892922593801,1797.019953649955,1814.5423583984375,66400,0.0,0.0
2009-11-04 00:00:00+09:00,1814.5425858456863,1822.330322265625,1797.0201789008245,1822.330322265625,48000,0.0,0.0
2009-11-05 00:00:00+09:00,1824.2768270741337,1824.2768270741337,1785.3381541376527,1791.178955078125,41600,0.0,0.0
2009-11-06 00:00:00+09:00,1800.91413206553,1800.91413206553,1781.444790097254,1797.020263671875,42800,0.0,0.0
2009-11-09 00:00:00+09:00,1798.9672677928002,1810.6488734278184,1783.391793612776,1806.7550048828125,87600,0.0,0.0
2009-11-10 00:00:00+09:00,1806.7544242527174,1806.7544242527174,1785.3381541376527,1791.178955078125,44400,0.0,0.0
2009-11-11 00:00:00+09:00,1791.179286695847,1822.3302308122963,1791.179286695847,1793.126220703125,35200,0.0,0.0
2009-11-12 00:00:00+09:00,1789.2321089410943,1789.2321089410943,1723.0363617115,1730.8240966796875,65600,0.0,0.0
2009-11-13 00:00:00+09:00,1713.3021415805492,1723.0368128395296,1707.461338825161,1719.1429443359375,61200,0.0,0.0
2009-11-16 00:00:00+09:00,1730.8244609375,1736.665263392857,1699.6735145089285,1703.5673828125,42800,0.0,0.0
2009-11-17 00:00:00+09:00,1689.938823708843,1691.88575783754,1668.522548293178,1670.469482421875,58400,0.0,0.0
2009-11-18 00:00:00+09:00,1672.4162985425476,1705.5141763949612,1668.5224305599106,1697.7264404296875,58800,0.0,0.0
2009-11-19 00:00:00+09:00,1670.4695696758586,1689.9389119797731,1670.4695696758586,1672.41650390625,42400,0.0,0.0
2009-11-20 00:00:00+09:00,1670.469086327674,1686.0445556640625,1670.469086327674,1686.0445556640625,38800,0.0,0.0
2009-11-24 00:00:00+09:00,1686.0447760807751,1695.7794456886318,1647.1060976493484,1652.9468994140625,56400,0.0,0.0
2009-11-25 00:00:00+09:00,1654.893865596667,1654.893865596667,1629.5837241228355,1637.3714599609375,48800,0.0,0.0
2009-11-26 00:00:00+09:00,1652.9468561225403,1664.6284593460211,1598.4327077462963,1614.0081787109375,71200,0.0,0.0
2009-11-27 00:00:00+09:00,1555.600343159943,1575.0696841256492,1540.0248703873779,1569.2288818359375,222800,0.0,0.0
2009-11-30 00:00:00+09:00,1577.0164869838675,1621.795967478471,1577.0164869838675,1617.902099609375,89600,0.0,0.0
2009-12-01 00:00:00+09:00,1619.8492104486422,1652.9470909505976,1612.0614738599468,1649.05322265625,78400,0.0,0.0
2009-12-02 00:00:00+09:00,1668.5224385579427,1668.5224385579427,1629.583758544922,1635.424560546875,73600,0.0,0.0
2009-12-03 00:00:00+09:00,1654.8944091796875,1664.629082174862,1637.3719977883732,1654.8944091796875,76000,0.0,0.0
2009-12-04 00:00:00+09:00,1652.9471607456546,1652.9471607456546,1627.6370157636836,1645.159423828125,57600,0.0,0.0
2009-12-07 00:00:00+09:00,1664.6286800357846,1678.2572189366622,1660.7348117783908,1670.469482421875,42800,0.0,0.0
2009-12-08 00:00:00+09:00,1686.0451491881754,1701.6206240074657,1666.5758056640625,1666.5758056640625,74400,0.0,0.0
2009-12-09 00:00:00+09:00,1660.7352129767924,1668.522951372932,1647.1066707835478,1654.8944091796875,39200,0.0,0.0
2009-12-10 00:00:00+09:00,1654.8940070997483,1654.8940070997483,1637.3715999657509,1643.21240234375,43600,0.0,0.0
2009-12-11 00:00:00+09:00,1643.2122298062056,1652.9468994140625,1625.6898245120638,1652.9468994140625,62800,0.0,0.0
2009-12-14 00:00:00+09:00,1666.5755045572917,1666.5755045572917,1614.0082865397135,1635.424560546875,53200,0.0,0.0
2009-12-15 00:00:00+09:00,1619.8494680456704,1645.159615983884,1619.8494680456704,1641.2657470703125,32800,0.0,0.0
2009-12-16 00:00:00+09:00,1643.2124555795722,1668.5226000375515,1643.2124555795722,1660.73486328125,50000,0.0,0.0
2009-12-17 00:00:00+09:00,1641.2655213904968,1670.4695342266268,1641.2655213904968,1660.73486328125,46400,0.0,0.0
2009-12-18 00:00:00+09:00,1643.2121426564343,1654.8937455663142,1625.6897382916145,1650.9998779296875,40000,0.0,0.0
2009-12-21 00:00:00+09:00,1651.0004193542409,1651.0004193542409,1635.4249436999555,1641.2657470703125,36800,0.0,0.0
2009-12-22 00:00:00+09:00,1651.000085826158,1651.000085826158,1633.4776792548898,1639.3184814453125,30000,0.0,0.0
2009-12-24 00:00:00+09:00,1649.0530843768363,1658.787754296416,1647.1061503929202,1656.8408203125,37600,0.0,0.0
2009-12-25 00:00:00+09:00,1662.6816365559896,1662.6816365559896,1631.530692545573,1635.424560546875,33200,0.0,0.0
2009-12-28 00:00:00+09:00,1651.0001568034238,1656.8409592449455,1647.1062885090762,1649.05322265625,28000,0.0,0.0
2009-12-29 00:00:00+09:00,1650.999997677616,1650.999997677616,1633.4775920418865,1637.3714599609375,45200,0.0,0.0
2009-12-30 00:00:00+09:00,1633.4774131774902,1641.2651481628418,1619.848876953125,1619.848876953125,43200,0.0,0.0
2010-01-04 00:00:00+09:00,1621.79624729316,1633.4778529159198,1617.90237875224,1629.583984375,28800,0.0,0.0
2010-01-05 00:00:00+09:00,1641.265432134733,1651.0001025507158,1629.5838276355532,1631.53076171875,36800,0.0,0.0
2010-01-06 00:00:00+09:00,1645.1591957990395,1645.1591957990395,1635.424526001412,1637.3714599609375,26400,0.0,0.0
2010-01-07 00:00:00+09:00,1639.3181450933005,1645.1589460853193,1619.8488084532376,1623.74267578125,46400,0.0,0.0
2010-01-08 00:00:00+09:00,1641.2655199526034,1649.053256702082,1623.7431122662767,1633.477783203125,44800,0.0,0.0
2010-01-12 00:00:00+09:00,1643.212296549479,1643.212296549479,1623.7429565429686,1635.424560546875,50400,0.0,0.0
2010-01-13 00:00:00+09:00,1691.885425567627,1736.6649017333984,1680.2038230895996,1682.1507568359375,168000,0.0,0.0
2010-01-14 00:00:00+09:00,1678.257359095982,1717.196044921875,1678.257359095982,1717.196044921875,87600,0.0,0.0
2010-01-15 00:00:00+09:00,1717.1956064709236,1717.1956064709236,1697.7262685290764,1707.4609375,102800,0.0,0.0
2010-01-18 00:00:00+09:00,1705.5142310983613,1719.142769474718,1705.5142310983613,1715.2489013671875,66800,0.0,0.0
2010-01-19 00:00:00+09:00,1728.877147781355,1742.505683856208,1719.14247915646,1738.61181640625,61200,0.0,0.0
2010-01-20 00:00:00+09:00,1736.6651972917248,1758.081472146219,1736.6651972917248,1748.3468017578125,77600,0.0,0.0
2010-01-21 00:00:00+09:00,1744.452576754386,1779.4973829838266,1744.452576754386,1775.603515625,70800,0.0,0.0
2010-01-22 00:00:00+09:00,1767.8161440348756,1767.8161440348756,1746.3998691622064,1761.975341796875,72400,0.0,0.0
2010-01-25 00:00:00+09:00,1761.9753584613015,1767.8161607545435,1754.1876220703125,1754.1876220703125,75200,0.0,0.0
2010-01-26 00:00:00+09:00,1765.8693499460094,1781.444823815434,1763.9224157123313,1767.8162841796875,68000,0.0,0.0
2010-01-27 00:00:00+09:00,1767.8159842316115,1771.709852038289,1750.2935791015625,1750.2935791015625,112400,0.0,0.0
2010-01-28 00:00:00+09:00,1746.4001292798343,1746.4001292798343,1732.771588694596,1740.559326171875,89200,0.0,0.0
2010-01-29 00:00:00+09:00,1742.506032879433,1756.1345716840765,1732.7713623046875,1732.7713623046875,56800,0.0,0.0
2010-02-01 00:00:00+09:00,1705.5143705939604,1752.2407917061237,1682.1511600378788,1734.7183837890625,59600,0.0,0.0
2010-02-02 00:00:00+09:00,1738.6119571413315,1750.2935604367938,1723.0364860807147,1744.4527587890625,64000,0.0,0.0
2010-02-03 00:00:00+09:00,1746.4001805505088,1763.9225903888082,1742.5063116975534,1758.081787109375,83600,0.0,0.0
2010-02-04 00:00:00+09:00,1756.1345561680598,1756.1345561680598,1740.5590833860813,1754.1876220703125,82800,0.0,0.0
2010-02-05 00:00:00+09:00,1728.8775456832627,1732.771414029396,1717.1959406448623,1723.0367431640625,70400,0.0,0.0
2010-02-08 00:00:00+09:00,1697.726287286932,1717.1956254438921,1697.726287286932,1713.3017578125,41600,0.0,0.0
2010-02-09 00:00:00+09:00,1684.0977970246345,1689.9385986328125,1684.0977970246345,1689.9385986328125,63200,0.0,0.0
2010-02-10 00:00:00+09:00,1660.734688280332,1672.4162921838279,1649.0530843768363,1656.8408203125,107200,0.0,0.0
2010-02-12 00:00:00+09:00,1670.4693766466628,1670.4693766466628,1660.7347066195844,1662.681640625,64800,0.0,0.0
2010-02-15 00:00:00+09:00,1668.5224426412472,1687.991782695404,1662.681640625,1662.681640625,58800,0.0,0.0
2010-02-16 00:00:00+09:00,1687.9919419283046,1691.8858103064554,1660.73486328125,1660.73486328125,54000,0.0,0.0
2010-02-17 00:00:00+09:00,1668.5226007505903,1674.3634033203125,1662.6817981808683,1674.3634033203125,44800,0.0,0.0
2010-02-18 00:00:00+09:00,1678.2572724057454,1689.9388775501009,1670.4695356428417,1687.991943359375,66000,0.0,0.0
2010-02-19 00:00:00+09:00,1689.938662820019,1689.938662820019,1658.7877197265625,1658.7877197265625,60400,0.0,0.0
2010-02-22 00:00:00+09:00,1680.2041362576585,1701.6204114590887,1666.575597493112,1678.2572021484375,76800,0.0,0.0
2010-02-23 00:00:00+09:00,1701.6204284810242,1711.3550991245081,1668.522548293178,1670.469482421875,84800,0.0,0.0
2010-02-24 00:00:00+09:00,1674.3632098638523,1676.3101438288104,1662.6816060741046,1664.6285400390625,38400,0.0,0.0
2010-02-25 00:00:00+09:00,1666.5755630793744,1684.097969700536,1660.7347608723205,1680.2041015625,56000,0.0,0.0
2010-02-26 00:00:00+09:00,1666.5753922001009,1689.9385986328125,1666.5753922001009,1689.9385986328125,62000,0.0,0.0
2010-03-01 00:00:00+09:00,1686.0450268274064,1707.4613031496947,1682.1511584051723,1693.832763671875,46400,0.0,0.0
2010-03-02 00:00:00+09:00,1678.256820995868,1687.991489331111,1676.3098873288195,1686.0445556640625,57200,0.0,0.0
2010-03-03 00:00:00+09:00,1672.4162573299498,1674.3631912732908,1652.9469178965394,1658.7877197265625,78800,0.0,0.0
2010-03-04 00:00:00+09:00,1660.7350916381693,1660.7350916381693,1639.318812613527,1641.2657470703125,49200,0.0,0.0
2010-03-05 00:00:00+09:00,1670.4693766466628,1672.4163106520784,1658.7877726141685,1662.681640625,54000,0.0,0.0
2010-03-08 00:00:00+09:00,1664.6288713116512,1672.4166087212964,1654.894199549595,1666.5758056640625,72800,0.0,0.0
2010-03-09 00:00:00+09:00,1670.469358199912,1670.469358199912,1654.8938863285841,1656.8408203125,27200,0.0,0.0
2010-03-10 00:00:00+09:00,1652.946811748001,1658.7876132029407,1650.9998779296875,1650.9998779296875,31200,0.0,0.0
2010-03-11 00:00:00+09:00,1652.9474745806526,1654.8944091796875,1645.159736184513,1654.8944091796875,39200,0.0,0.0
2010-03-12 00:00:00+09:00,1647.1061685816744,1662.681640625,1645.1592345762588,1662.681640625,48800,0.0,0.0
2010-03-15 00:00:00+09:00,1662.6816060741046,1664.6285400390625,1656.8408041792306,1664.6285400390625,30000,0.0,0.0
2010-03-16 00:00:00+09:00,1656.8407857832215,1666.5754554999266,1656.8407857832215,1658.7877197265625,24400,0.0,0.0
2010-03-17 00:00:00+09:00,1662.6817292746703,1680.2041362576585,1662.6817292746703,1678.2572021484375,39200,0.0,0.0
2010-03-18 00:00:00+09:00,1686.0448364817767,1707.4611103862796,1678.257100516503,1697.7264404296875,46000,0.0,0.0
2010-03-19 00:00:00+09:00,1724.9837820870534,1726.930716378348,1703.5675048828125,1717.196044921875,50000,0.0,0.0
2010-03-23 00:00:00+09:00,1713.3019165314618,1726.930454503871,1711.3549825354032,1724.9835205078125,42000,0.0,0.0
2010-03-24 00:00:00+09:00,1730.8240966796875,1732.7710304217344,1721.089427969453,1730.8240966796875,47600,0.0,0.0
2010-03-25 00:00:00+09:00,1730.8243754618875,1736.6651776288006,1726.9305073506123,1728.87744140625,56400,0.0,0.0
2010-03-26 00:00:00+09:00,1726.930353845869,1744.4527587890625,1724.983419963292,1744.4527587890625,60000,0.0,0.0
2010-03-29 00:00:00+09:00,1735.832810728458,1741.7103484623017,1716.241018282313,1727.99609375,31200,14.0,0.0
2010-03-30 00:00:00+09:00,1743.6695086929356,1753.465404809188,1720.1593580139295,1751.5062255859375,63200,0.0,0.0
2010-03-31 00:00:00+09:00,1743.669189453125,1757.3834415050035,1739.750831724017,1743.669189453125,62400,0.0,0.0
2010-04-01 00:00:00+09:00,1753.4651374816895,1755.42431640625,1729.954990386963,1755.42431640625,50800,0.0,0.0
2010-04-02 00:00:00+09:00,1741.7095947265625,1743.66877312333,1737.7912379330269,1741.7095947265625,24000,0.0,0.0
2010-04-05 00:00:00+09:00,1741.7103484623017,1741.7103484623017,1716.241018282313,1727.99609375,34000,0.0,0.0
2010-04-06 00:00:00+09:00,1737.7915762391103,1745.6282913518007,1727.995682348247,1735.8323974609375,49200,0.0,0.0
2010-04-07 00:00:00+09:00,1731.9144125884434,1765.220458984375,1727.996054188922,1765.220458984375,54400,0.0,0.0
2010-04-08 00:00:00+09:00,1751.5060309553946,1763.2611049886523,1745.6284939387658,1753.4652099609375,61600,0.0,0.0
2010-04-09 00:00:00+09:00,1782.8531768067471,1798.526611328125,1775.016459546058,1798.526611328125,144400,0.0,0.0
2010-04-12 00:00:00+09:00,1792.6489024853888,1802.4447981273854,1790.6897233569896,1796.5672607421875,57200,0.0,0.0
2010-04-13 00:00:00+09:00,1784.8121803561278,1788.7305386005978,1767.1795682560123,1776.9754638671875,60000,0.0,0.0
2010-04-14 00:00:00+09:00,1769.1384592234238,1792.6486048609443,1769.1384592234238,1784.8118896484375,38000,0.0,0.0
2010-04-15 00:00:00+09:00,1786.7711181640625,1798.5261913098786,1780.8935815911543,1786.7711181640625,48400,0.0,0.0
2010-04-16 00:00:00+09:00,1776.975070244443,1776.975070244443,1765.2199981149317,1771.0975341796875,38000,0.0,0.0
2010-04-19 00:00:00+09:00,1771.0976704824132,1771.0976704824132,1747.5875244140625,1747.5875244140625,50800,0.0,0.0
2010-04-20 00:00:00+09:00,1747.5876992274498,1763.2611315075167,1743.669341157433,1759.3427734375,42000,0.0,0.0
2010-04-21 00:00:00+09:00,1773.0571056227175,1782.8530012338927,1769.1387473782472,1776.9754638671875,62000,0.0,0.0
2010-04-22 00:00:00+09:00,1776.975284576416,1776.975284576416,1735.8325271606445,1755.42431640625,57200,0.0,0.0
2010-04-23 00:00:00+09:00,1739.7511502464345,1751.5062255859375,1731.9144333534325,1751.5062255859375,46000,0.0,0.0
2010-04-26 00:00:00+09:00,1767.179221733941,1780.8934729003906,1749.5466130913628,1763.2608642578125,58000,0.0,0.0
2010-04-27 00:00:00+09:00,1747.5875471822333,1751.5059049113413,1729.9549374012465,1743.669189453125,46000,0.0,0.0
2010-04-28 00:00:00+09:00,1735.8323428067292,1735.8323428067292,1716.2405556418678,1724.0772705078125,69600,0.0,0.0
2010-04-30 00:00:00+09:00,1745.6284217834473,1765.2202110290527,1741.7100639343262,1755.42431640625,79600,0.0,0.0
2010-05-06 00:00:00+09:00,1726.0367167479355,1745.6285069493879,1704.4857475263382,1720.1591796875,99200,0.0,0.0
2010-05-07 00:00:00+09:00,1690.7711800588688,1704.485430650308,1667.26103618783,1669.22021484375,94000,0.0,0.0
2010-05-10 00:00:00+09:00,1667.26103618783,1677.0569294674294,1635.9141776931117,1669.22021484375,104800,0.0,0.0
2010-05-11 00:00:00+09:00,1684.893771764695,1694.6896657865827,1669.2203413296745,1679.0162353515625,58800,0.0,0.0
2010-05-12 00:00:00+09:00,1680.975589332271,1702.5265584262745,1679.0164103237253,1690.771484375,53200,0.0,0.0
2010-05-13 00:00:00+09:00,1698.6084731372434,1706.4451904296875,1688.8125765216885,1706.4451904296875,28800,0.0,0.0
2010-05-14 00:00:00+09:00,1706.4447386128481,1706.4447386128481,1677.0570565471849,1679.0162353515625,62400,0.0,0.0
2010-05-17 00:00:00+09:00,1673.1388795113448,1673.1388795113448,1635.9144782107412,1637.8736572265625,117600,0.0,0.0
2010-05-18 00:00:00+09:00,1639.8328166703736,1657.4654276023132,1635.9144586854982,1651.587890625,77600,0.0,0.0
2010-05-19 00:00:00+09:00,1651.5879368924127,1651.5879368924127,1635.914504513837,1643.751220703125,57200,0.0,0.0
2010-05-20 00:00:00+09:00,1633.955127830277,1645.7102006923653,1633.955127830277,1635.914306640625,28800,0.0,0.0
2010-05-21 00:00:00+09:00,1624.1594612027393,1624.1594612027393,1583.0167004243829,1586.93505859375,79200,0.0,0.0
2010-05-24 00:00:00+09:00,1614.3635688266872,1614.3635688266872,1590.8534197661043,1596.73095703125,56800,0.0,0.0
2010-05-25 00:00:00+09:00,1596.73095703125,1614.3635688266872,1592.8125988544862,1596.73095703125,64000,0.0,0.0
2010-05-26 00:00:00+09:00,1626.118640287423,1630.0369984567901,1586.93505859375,1586.93505859375,94000,0.0,0.0
2010-05-27 00:00:00+09:00,1567.3430221273293,1584.9756311262618,1561.4654857943517,1577.138916015625,86400,0.0,0.0
2010-05-28 00:00:00+09:00,1586.934913672837,1610.4450605420643,1569.3023035209167,1590.853271484375,68800,0.0,0.0
2010-05-31 00:00:00+09:00,1620.2409897312973,1630.036884469697,1600.649200254498,1616.3226318359375,62800,0.0,0.0
2010-06-01 00:00:00+09:00,1610.4451673192887,1635.9144947829757,1598.6900931052792,1614.363525390625,34800,0.0,0.0
2010-06-02 00:00:00+09:00,1592.8125264784867,1608.4859584733551,1590.8533474791282,1598.6900634765625,46400,0.0,0.0
2010-06-03 00:00:00+09:00,1626.118583131635,1651.587910337311,1618.2818670683498,1637.8736572265625,56000,0.0,0.0
2010-06-04 00:00:00+09:00,1649.6287546134968,1661.3838288744005,1631.996143222141,1633.955322265625,32800,0.0,0.0
2010-06-07 00:00:00+09:00,1588.8942638364372,1598.6901594211256,1586.9350847194996,1592.8126220703125,41600,0.0,0.0
2010-06-08 00:00:00+09:00,1592.8123328070017,1606.526584134983,1592.8123328070017,1600.6490478515625,35600,0.0,0.0
2010-06-09 00:00:00+09:00,1602.6083260001717,1610.445041530735,1596.7307893522493,1604.5675048828125,34000,0.0,0.0
2010-06-10 00:00:00+09:00,1588.8941491684386,1622.2001917527339,1581.0574332662516,1612.404296875,73600,0.0,0.0
2010-06-11 00:00:00+09:00,1667.2612762991625,1675.09799205145,1655.5062026707312,1659.424560546875,116000,0.0,0.0
2010-06-14 00:00:00+09:00,1665.3021435720639,1665.3021435720639,1645.7103536476868,1651.587890625,24000,0.0,0.0
2010-06-15 00:00:00+09:00,1639.8328593960769,1641.7920384395609,1622.2002480047213,1633.955322265625,29600,0.0,0.0
2010-06-16 00:00:00+09:00,1639.8328166703736,1655.5062486098755,1631.9961007006227,1651.587890625,32000,0.0,0.0
2010-06-17 00:00:00+09:00,1643.7513452321998,1663.3431371896752,1641.7921660364523,1653.5472412109375,33200,0.0,0.0
2010-06-18 00:00:00+09:00,1639.8328201006045,1665.302147055572,1633.9552831109966,1661.3837890625,48800,0.0,0.0
2010-06-21 00:00:00+09:00,1673.139085190717,1679.0166229607078,1665.3023681640625,1665.3023681640625,34000,0.0,0.0
2010-06-22 00:00:00+09:00,1647.6697548540901,1667.2615474207262,1645.7105755974264,1665.3023681640625,33200,0.0,0.0
2010-06-23 00:00:00+09:00,1641.7919921875,1647.6695291523718,1626.1185602811754,1641.7919921875,46400,0.0,0.0
2010-06-24 00:00:00+09:00,1635.914501309109,1637.873680352593,1631.996143222141,1633.955322265625,21200,0.0,0.0
2010-06-25 00:00:00+09:00,1633.9552762343376,1651.5878871289528,1631.9960972460472,1641.7919921875,50000,0.0,0.0
2010-06-28 00:00:00+09:00,1655.506420406685,1661.3839579939277,1645.7105244279473,1653.5472412109375,36000,0.0,0.0
2010-06-29 00:00:00+09:00,1663.3428144182478,1663.3428144182478,1643.7510262625558,1645.710205078125,35200,0.0,0.0
2010-06-30 00:00:00+09:00,1647.6694869184437,1661.3837394849468,1639.8327711661564,1659.424560546875,87600,0.0,0.0
2010-07-01 00:00:00+09:00,1665.3024154915595,1671.1799534285885,1651.5881603051585,1657.4656982421875,63200,0.0,0.0
2010-07-02 00:00:00+09:00,1661.3837204515517,1673.1387939453125,1659.4245415359246,1673.1387939453125,47200,0.0,0.0
2010-07-05 00:00:00+09:00,1680.9752527109194,1702.5262174892646,1680.9752527109194,1696.648681640625,39600,0.0,0.0
2010-07-06 00:00:00+09:00,1708.4041980962643,1708.4041980962643,1700.5674815912357,1704.48583984375,68400,0.0,0.0
2010-07-07 00:00:00+09:00,1704.4855008993773,1714.281394582707,1700.5671434260453,1710.363037109375,44800,0.0,0.0
2010-07-08 00:00:00+09:00,1724.0775410532276,1731.914257148924,1722.1183620293034,1729.955078125,42000,0.0,0.0
2010-07-09 00:00:00+09:00,1731.9144028004398,1735.8327611778163,1726.036865234375,1726.036865234375,72800,0.0,0.0
2010-07-12 00:00:00+09:00,1726.0367167479355,1737.7917908688069,1716.2408216472095,1720.1591796875,58800,0.0,0.0
2010-07-13 00:00:00+09:00,1726.0365080656827,1726.0365080656827,1692.73046875,1692.73046875,60800,0.0,0.0
2010-07-14 00:00:00+09:00,1696.6485933701015,1714.2811999986593,1694.6894148558174,1712.322021484375,46800,0.0,0.0
2010-07-15 00:00:00+09:00,1712.3226007866942,1712.3226007866942,1686.853271484375,1686.853271484375,40800,0.0,0.0
2010-07-16 00:00:00+09:00,1684.8939100637945,1686.8530890289849,1653.547046620747,1655.5062255859375,64000,0.0,0.0
2010-07-21 00:00:00+09:00,1669.2205152809966,1698.6082004091832,1653.5470832126302,1690.771484375,46800,0.0,0.0
2010-07-22 00:00:00+09:00,1700.5673794177287,1710.3632744604577,1688.8123053664542,1690.771484375,54000,0.0,0.0
2010-07-23 00:00:00+09:00,1692.7307159810127,1720.1592229529272,1692.7307159810127,1702.526611328125,66800,0.0,0.0
2010-07-26 00:00:00+09:00,1718.1997520560387,1722.1181095293707,1710.363037109375,1710.363037109375,48000,0.0,0.0
2010-07-27 00:00:00+09:00,1710.363284586774,1722.1183587076453,1708.4041055666287,1720.1591796875,33600,0.0,0.0
2010-07-28 00:00:00+09:00,1724.0776909722224,1749.5470204979483,1724.0776909722224,1745.628662109375,46400,0.0,0.0
2010-07-29 00:00:00+09:00,1733.8736314838436,1739.7511692176872,1724.077735260771,1727.99609375,50400,0.0,0.0
2010-07-30 00:00:00+09:00,1716.2408149121545,1716.2408149121545,1686.8531297253026,1700.5673828125,74800,0.0,0.0
2010-08-02 00:00:00+09:00,1700.5671434260453,1724.0772882660367,1698.6079646893793,1710.363037109375,40000,0.0,0.0
2010-08-03 00:00:00+09:00,1729.9552945033483,1731.9144737723213,1710.363501813616,1714.2818603515625,36000,0.0,0.0
2010-08-04 00:00:00+09:00,1704.4858106714944,1704.4858106714944,1682.93484065151,1688.8123779296875,47600,0.0,0.0
2010-08-05 00:00:00+09:00,1694.689944212464,1704.48583984375,1688.8124068336926,1704.48583984375,47200,0.0,0.0
2010-08-06 00:00:00+09:00,1692.7308607266436,1706.4451153853086,1688.8125022527393,1698.6083984375,55200,0.0,0.0
2010-08-09 00:00:00+09:00,1696.6485933701015,1712.322021484375,1696.6485933701015,1712.322021484375,46000,0.0,0.0
2010-08-10 00:00:00+09:00,1708.404195267341,1710.363374390354,1694.68994140625,1694.68994140625,46400,0.0,0.0
2010-08-11 00:00:00+09:00,1677.057443704044,1680.9758022173712,1645.7105755974264,1665.3023681640625,55600,0.0,0.0
2010-08-12 00:00:00+09:00,1639.8328131992093,1645.710350164081,1628.0777392694658,1641.7919921875,40000,0.0,0.0
2010-08-13 00:00:00+09:00,1639.832862608481,1645.7103997504469,1624.1594302299054,1643.751220703125,53600,0.0,0.0
2010-08-16 00:00:00+09:00,1637.873858570772,1669.2207266773896,1637.873858570772,1665.3023681640625,44000,0.0,0.0
2010-08-17 00:00:00+09:00,1649.6286886903663,1657.4654045511281,1641.7919728296044,1655.5062255859375,31600,0.0,0.0
2010-08-18 00:00:00+09:00,1663.3432361792165,1665.3024154915595,1643.7514430557865,1657.4656982421875,40800,0.0,0.0
2010-08-19 00:00:00+09:00,1661.383527503655,1686.852850448876,1659.424348815561,1675.0977783203125,51200,0.0,0.0
2010-08-20 00:00:00+09:00,1677.0570616579341,1677.0570616579341,1635.914306640625,1635.914306640625,48000,0.0,0.0
2010-08-23 00:00:00+09:00,1626.1184806501622,1631.996017327211,1618.2817650807638,1624.1593017578125,31200,0.0,0.0
2010-08-24 00:00:00+09:00,1616.3226880525287,1637.8736572265623,1610.4451510050649,1637.8736572265625,39600,0.0,0.0
2010-08-25 00:00:00+09:00,1639.8328362423836,1651.587910337311,1628.077762147456,1637.8736572265625,39600,0.0,0.0
2010-08-26 00:00:00+09:00,1639.8330078125,1645.7105454749103,1630.0371117084826,1639.8330078125,30000,0.0,0.0
2010-08-27 00:00:00+09:00,1645.710289126537,1694.6897620172076,1645.710289126537,1673.1387939453125,65200,0.0,0.0
2010-08-30 00:00:00+09:00,1686.853271484375,1708.4042424324912,1682.934913130172,1686.853271484375,33200,0.0,0.0
2010-08-31 00:00:00+09:00,1657.4652779715402,1667.261172049386,1641.7918474469866,1645.710205078125,48400,0.0,0.0
2010-09-01 00:00:00+09:00,1641.7919463748888,1649.628662109375,1631.996051706781,1649.628662109375,54400,0.0,0.0
2010-09-02 00:00:00+09:00,1653.5469203404018,1655.506099155971,1633.9551321847098,1645.710205078125,52400,0.0,0.0
2010-09-03 00:00:00+09:00,1657.4652371356005,1675.0978460412985,1635.9142706953032,1663.3427734375,68000,0.0,0.0
2010-09-06 00:00:00+09:00,1663.3431538135933,1724.0777094887658,1657.465616167609,1722.1185302734375,141200,0.0,0.0
2010-09-07 00:00:00+09:00,1712.3221105703306,1718.1996464189701,1690.7711457919854,1696.648681640625,86800,0.0,0.0
2010-09-08 00:00:00+09:00,1679.0162353515623,1686.8529505690726,1673.1386989384298,1679.0162353515625,44000,0.0,0.0
2010-09-09 00:00:00+09:00,1682.9344313271326,1700.5670388730514,1673.1385382460667,1696.648681640625,53200,0.0,0.0
2010-09-10 00:00:00+09:00,1686.8529324001736,1712.3222565827546,1679.0162172670716,1692.73046875,109600,0.0,0.0
2010-09-13 00:00:00+09:00,1712.3221105703306,1716.240467802757,1690.7711457919854,1696.648681640625,69200,0.0,0.0
2010-09-14 00:00:00+09:00,1694.6899620358483,1702.5266786232974,1677.057349714088,1680.9757080078125,87200,0.0,0.0
2010-09-16 00:00:00+09:00,1722.118449128432,1722.118449128432,1690.7715831602238,1694.68994140625,60000,0.0,0.0
2010-09-17 00:00:00+09:00,1702.5265158557015,1712.3224106534904,1700.5673368961438,1708.404052734375,44400,0.0,0.0
2010-09-21 00:00:00+09:00,1712.322215846041,1712.322215846041,1698.6079646893793,1710.363037109375,68800,0.0,0.0
2010-09-22 00:00:00+09:00,1714.2816426270642,1735.8326118486618,1714.2816426270642,1720.1591796875,44000,0.0,0.0
2010-09-24 00:00:00+09:00,1708.4037533379042,1714.2812891865437,1696.648681640625,1696.648681640625,56000,0.0,0.0
2010-09-27 00:00:00+09:00,1710.3632316939327,1718.1999475321638,1700.5673368961438,1708.404052734375,54800,0.0,0.0
2010-09-28 00:00:00+09:00,1701.315433066609,1707.2227783203125,1697.3772028974734,1707.2227783203125,29600,11.0,0.0
2010-09-29 00:00:00+09:00,1705.2530662833417,1724.9442102358053,1705.2530662833417,1721.0059814453125,42000,0.0,0.0
2010-09-30 00:00:00+09:00,1719.0372086550558,1724.9445530146952,1687.5313720703125,1687.5313720703125,58000,0.0,0.0
2010-10-01 00:00:00+09:00,1695.4080855705834,1707.2227760623643,1689.5007403246927,1703.2845458984375,70000,0.0,0.0
2010-10-04 00:00:00+09:00,1713.1301132949084,1713.1301132949084,1685.5625022763695,1689.500732421875,64000,0.0,0.0
2010-10-05 00:00:00+09:00,1689.5002693097617,1722.9752163706776,1679.6546966447863,1719.0369873046875,82800,0.0,0.0
2010-10-06 00:00:00+09:00,1726.9135726859035,1732.820916720177,1715.0988846173568,1724.9444580078125,58000,0.0,0.0
2010-10-07 00:00:00+09:00,1726.9139448635694,1742.6668656833056,1726.9139448635694,1734.7904052734375,89600,0.0,0.0
2010-10-08 00:00:00+09:00,1752.5120984036082,1799.7708516189864,1752.5120984036082,1770.234130859375,126400,0.0,0.0
2010-10-12 00:00:00+09:00,1778.111056640625,1785.987517578125,1722.9758300781252,1722.975830078125,102800,0.0,0.0
2010-10-13 00:00:00+09:00,1724.944949205418,1752.5125625488836,1713.1302577725041,1730.852294921875,89200,0.0,0.0
2010-10-14 00:00:00+09:00,1734.7901734770014,1772.2033554248596,1732.8210586376404,1752.51220703125,66800,0.0,0.0
2010-10-15 00:00:00+09:00,1746.6048444793596,1746.6048444793596,1709.1916629177952,1726.9136962890625,86000,0.0,0.0
2010-10-18 00:00:00+09:00,1734.789936676538,1766.2957698057373,1734.789936676538,1758.4193115234375,51600,0.0,0.0
2010-10-19 00:00:00+09:00,1756.450467530634,1807.6474542523788,1756.450467530634,1797.8018798828125,98800,0.0,0.0
2010-10-20 00:00:00+09:00,1795.8325163118134,1795.8325163118134,1762.3575680910888,1791.894287109375,101600,0.0,0.0
2010-10-21 00:00:00+09:00,1793.8636474609375,1801.7401069448492,1770.2342690092016,1793.8636474609375,94000,0.0,0.0
2010-10-22 00:00:00+09:00,1793.8637671140161,1801.7402271232982,1785.9873071047339,1789.925537109375,53200,0.0,0.0
2010-10-25 00:00:00+09:00,1776.1415947581347,1778.1107096081992,1754.4813314074258,1766.2960205078125,65600,0.0,0.0
2010-10-26 00:00:00+09:00,1774.1724839952258,1787.9562879774305,1766.296024576823,1772.203369140625,72800,0.0,0.0
2010-10-27 00:00:00+09:00,1758.4193115234375,1768.2648843763122,1744.6355095294127,1758.4193115234375,68800,0.0,0.0
2010-10-28 00:00:00+09:00,1752.5119343656036,1752.5119343656036,1705.253185573722,1719.0369873046875,177200,0.0,0.0
2010-10-29 00:00:00+09:00,1752.5119343656036,1752.5119343656036,1705.253185573722,1719.0369873046875,132800,0.0,0.0
2010-11-01 00:00:00+09:00,1705.2533619461428,1705.2533619461428,1624.51965774315,1630.427001953125,136800,0.0,0.0
2010-11-02 00:00:00+09:00,1628.4582621621119,1654.0567596326166,1585.1377279812575,1648.1494140625,98800,0.0,0.0
2010-11-04 00:00:00+09:00,1663.901973189764,1695.407809368505,1638.3034812945368,1657.99462890625,112000,0.0,0.0
2010-11-05 00:00:00+09:00,1659.9637436674213,1693.4386946073337,1657.99462890625,1657.99462890625,74400,0.0,0.0
2010-11-08 00:00:00+09:00,1652.0872817266554,1663.9019702729724,1630.427019391741,1654.056396484375,91600,0.0,0.0
2010-11-09 00:00:00+09:00,1654.0564037074705,1675.7166661369731,1646.1799446421967,1663.9019775390625,71600,0.0,0.0
2010-11-10 00:00:00+09:00,1669.809326171875,1687.531359114737,1659.9637523147296,1669.809326171875,48400,0.0,0.0
2010-11-11 00:00:00+09:00,1677.6857765179632,1681.6240060403059,1656.0255141450787,1657.99462890625,29200,0.0,0.0
2010-11-12 00:00:00+09:00,1656.0256268712574,1659.9638566616766,1644.2109375,1644.2109375,43600,0.0,0.0
2010-11-15 00:00:00+09:00,1650.118538353742,1679.6552663672337,1636.3347319474458,1665.8714599609375,77600,0.0,0.0
2010-11-16 00:00:00+09:00,1675.7167877631166,1675.7167877631166,1648.1491790337586,1661.9329833984375,40400,0.0,0.0
2010-11-17 00:00:00+09:00,1661.9329833984375,1665.8712132169173,1652.0874088522382,1661.9329833984375,27600,0.0,0.0
2010-11-18 00:00:00+09:00,1661.9331214033364,1693.4389625673807,1661.9331214033364,1689.500732421875,51600,0.0,0.0
2010-11-19 00:00:00+09:00,1685.5625022763695,1693.4389625673807,1663.902236476089,1689.500732421875,54800,0.0,0.0
2010-11-22 00:00:00+09:00,1707.2229082031251,1732.82140625,1707.2229082031251,1722.975830078125,54400,0.0,0.0
2010-11-24 00:00:00+09:00,1701.3153012223515,1707.2226460182626,1683.5932668346188,1691.4697265625,112000,0.0,0.0
2010-11-25 00:00:00+09:00,1685.5625101607657,1724.944811800036,1679.6551649148753,1703.2845458984375,93600,0.0,0.0
2010-11-26 00:00:00+09:00,1719.0371139735391,1738.7282607544503,1719.0371139735391,1724.9444580078125,44000,0.0,0.0
2010-11-29 00:00:00+09:00,1715.0990073748842,1732.8210407461518,1713.1298925558544,1726.9136962890625,30800,0.0,0.0
2010-11-30 00:00:00+09:00,1711.160746613441,1722.9754353127285,1683.5931396484375,1683.5931396484375,92000,0.0,0.0
2010-12-01 00:00:00+09:00,1681.6240162484357,1681.6240162484357,1659.9637537440647,1671.7784423828125,62400,0.0,0.0
2010-12-02 00:00:00+09:00,1681.6245082720588,1687.531854319853,1669.8098161764706,1673.748046875,52000,0.0,0.0
2010-12-03 00:00:00+09:00,1681.6240162484357,1681.6240162484357,1665.8710980634387,1671.7784423828125,36400,0.0,0.0
2010-12-06 00:00:00+09:00,1683.5931295718788,1683.5931295718788,1663.9019818575878,1669.809326171875,71200,0.0,0.0
2010-12-07 00:00:00+09:00,1665.8715854779412,1673.748046875,1652.0877780330882,1673.748046875,83600,0.0,0.0
2010-12-08 00:00:00+09:00,1679.655038239235,1693.4388427734375,1679.655038239235,1693.4388427734375,56000,0.0,0.0
2010-12-09 00:00:00+09:00,1695.4080776401333,1697.3771927128862,1681.624272130864,1689.500732421875,46800,0.0,0.0
2010-12-10 00:00:00+09:00,1689.500486856859,1691.4696016434054,1671.7784537779407,1687.5313720703125,95600,0.0,0.0
2010-12-13 00:00:00+09:00,1687.5316274746342,1709.1918934048804,1687.5316274746342,1707.2227783203125,47200,0.0,0.0
2010-12-14 00:00:00+09:00,1724.9444580078125,1744.6356047887234,1703.2841965488103,1724.9444580078125,112400,0.0,0.0
2010-12-15 00:00:00+09:00,1722.9757157583085,1736.759521484375,1722.9757157583085,1736.759521484375,34800,0.0,0.0
2010-12-16 00:00:00+09:00,1730.851808166504,1744.6356109619142,1726.913578796387,1732.8209228515625,53200,0.0,0.0
2010-12-17 00:00:00+09:00,1721.0064747317233,1732.821164489607,1721.0064747317233,1728.8829345703125,46800,0.0,0.0
2010-12-20 00:00:00+09:00,1732.820789035653,1732.820789035653,1711.1605291727074,1719.0369873046875,49600,0.0,0.0
2010-12-21 00:00:00+09:00,1719.0371139735391,1728.8826873639946,1713.1297699392658,1724.9444580078125,58800,0.0,0.0
2010-12-22 00:00:00+09:00,1722.9758261539357,1732.8214023033868,1713.1302500044847,1715.099365234375,46400,0.0,0.0
2010-12-24 00:00:00+09:00,1713.1297545400007,1713.1297545400007,1695.4077225964836,1705.2532958984375,48400,0.0,0.0
2010-12-27 00:00:00+09:00,1693.4386079360927,1717.0679838607823,1687.5312639549204,1705.2532958984375,60000,0.0,0.0
2010-12-28 00:00:00+09:00,1721.0065873069325,1721.0065873069325,1707.2227816877696,1713.130126953125,34400,0.0,0.0
2010-12-29 00:00:00+09:00,1711.1606552611747,1728.8826873639946,1703.2841965488103,1724.9444580078125,26800,0.0,0.0
2010-12-30 00:00:00+09:00,1732.8212778376437,1738.7286231029993,1713.130126953125,1713.130126953125,49200,0.0,0.0
2011-01-04 00:00:00+09:00,1726.914064444237,1734.790525399513,1722.975833966599,1730.852294921875,31200,0.0,0.0
2011-01-05 00:00:00+09:00,1730.851925927122,1732.8210407461518,1722.975466651003,1726.9136962890625,30400,0.0,0.0
2011-01-06 00:00:00+09:00,1726.9136962890625,1734.7901555651813,1724.9445814700327,1726.9136962890625,30800,0.0,0.0
2011-01-07 00:00:00+09:00,1732.820916720177,1742.6664901106324,1724.9444580078125,1724.9444580078125,34400,0.0,0.0
2011-01-11 00:00:00+09:00,1722.9753494262698,1736.7591522216799,1715.0988906860352,1732.8209228515625,48800,0.0,0.0
2011-01-12 00:00:00+09:00,1764.3270420792078,1801.7402271232982,1758.4196970722462,1789.925537109375,149600,0.0,0.0
2011-01-13 00:00:00+09:00,1803.709474783837,1813.5550505195567,1797.8021293424054,1807.647705078125,106400,0.0,0.0
2011-01-14 00:00:00+09:00,1805.6782182488973,1825.3693656670969,1799.7708740234375,1799.7708740234375,102400,0.0,0.0
2011-01-17 00:00:00+09:00,1795.8325163118134,1799.7707455142515,1782.0487141032797,1791.894287109375,47200,0.0,0.0
2011-01-18 00:00:00+09:00,1782.0491900004768,1787.9565353816938,1774.1727294921873,1774.1727294921875,53600,0.0,0.0
2011-01-19 00:00:00+09:00,1770.2344959828265,1772.2036111062778,1764.3271506124722,1768.265380859375,53600,0.0,0.0
2011-01-20 00:00:00+09:00,1768.265135357877,1772.2033650580058,1758.4195611075547,1766.2960205078125,61200,0.0,0.0
2011-01-21 00:00:00+09:00,1780.0799620977723,1823.4004921488242,1780.0799620977723,1789.925537109375,113200,0.0,0.0
2011-01-24 00:00:00+09:00,1791.894435224862,1829.3076157405458,1791.894435224862,1827.3385009765625,111200,0.0,0.0
2011-01-25 00:00:00+09:00,1829.3071580013984,1868.6894434266171,1829.3071580013984,1858.8438720703125,77600,0.0,0.0
2011-01-26 00:00:00+09:00,1858.8443474264704,1860.8134622012867,1831.276740579044,1841.122314453125,76000,0.0,0.0
2011-01-27 00:00:00+09:00,1841.122314453125,1856.8752326516544,1841.122314453125,1841.122314453125,54400,0.0,0.0
2011-01-28 00:00:00+09:00,1843.0914190884293,1845.0605338524128,1817.4929271566457,1827.3385009765625,62400,0.0,0.0
2011-01-31 00:00:00+09:00,1823.4003879827856,1848.9988815505783,1803.7092390844832,1819.462158203125,67600,0.0,0.0
2011-02-01 00:00:00+09:00,1819.4621647731094,1831.276854154753,1815.5239349792282,1829.3077392578125,59600,0.0,0.0
2011-02-02 00:00:00+09:00,1835.2153423981554,1874.5976458830944,1833.2462272239084,1854.906494140625,76800,0.0,0.0
2011-02-03 00:00:00+09:00,1856.8747577990514,1874.5967862403998,1845.060072171486,1858.8438720703125,57600,0.0,0.0
2011-02-04 00:00:00+09:00,1868.6895912504892,1892.3189643748367,1868.6895912504892,1886.41162109375,49200,0.0,0.0
2011-02-07 00:00:00+09:00,1888.3817138671875,1902.165521997605,1882.4743675255802,1888.3817138671875,56000,0.0,0.0
2011-02-08 00:00:00+09:00,1890.3505859375,1900.1961619059243,1890.3505859375,1890.3505859375,37200,0.0,0.0
2011-02-09 00:00:00+09:00,1894.2883436554616,1915.9486053812516,1894.2883436554616,1912.0103759765625,43600,0.0,0.0
2011-02-10 00:00:00+09:00,1912.0103759765625,1927.763293595319,1910.041261274218,1912.0103759765625,49600,0.0,0.0
2011-02-14 00:00:00+09:00,1900.1959266347333,1912.0106163340167,1886.4121219855695,1906.103271484375,57600,0.0,0.0
2011-02-15 00:00:00+09:00,1906.1035206433069,1927.7637879233444,1900.1961750214784,1915.9490966796875,47600,0.0,0.0
2011-02-16 00:00:00+09:00,1927.7637909435837,1949.4240582575565,1921.8564453125,1921.8564453125,81600,0.0,0.0
2011-02-17 00:00:00+09:00,1927.7636785671798,1947.454829522922,1925.7945634716054,1939.578369140625,56400,0.0,0.0
2011-02-18 00:00:00+09:00,1941.5474786252391,1943.5165937151228,1927.7636729960539,1929.7327880859375,51200,0.0,0.0
2011-02-21 00:00:00+09:00,1929.7325453140927,1943.5163492091933,1927.7634304719354,1931.70166015625,40400,0.0,0.0
2011-02-22 00:00:00+09:00,1927.7637848844233,1939.5784761094556,1910.041748046875,1910.041748046875,71600,0.0,0.0
2011-02-23 00:00:00+09:00,1910.041376275799,1937.6089837684394,1902.1649169921875,1902.1649169921875,72400,0.0,0.0
2011-02-24 00:00:00+09:00,1902.1649100058532,1913.979598887877,1884.4428766828173,1892.3193359375,63600,0.0,0.0
2011-02-25 00:00:00+09:00,1898.2270467122396,1927.763774617513,1886.41235555013,1890.3505859375,76400,0.0,0.0
2011-02-28 00:00:00+09:00,1890.3505960051548,1921.8564392719072,1878.5359047801226,1910.041748046875,61200,0.0,0.0
2011-03-01 00:00:00+09:00,1921.8568152526732,1949.4244335042483,1910.0421217162836,1933.6715087890625,67600,0.0,0.0
2011-03-02 00:00:00+09:00,1913.9794784973715,1917.9177078769958,1888.380987529814,1896.2574462890625,92000,0.0,0.0
2011-03-03 00:00:00+09:00,1886.412256108498,1929.7327880859375,1882.4740259287307,1929.7327880859375,59200,0.0,0.0
2011-03-04 00:00:00+09:00,1941.5473392963902,1943.5164542449666,1900.1959253762845,1904.1341552734375,64400,0.0,0.0
2011-03-07 00:00:00+09:00,1904.1340191720546,1904.1340191720546,1874.597297054598,1884.44287109375,70800,0.0,0.0
2011-03-08 00:00:00+09:00,1902.164790358499,1913.9794784973715,1896.2574462890625,1896.2574462890625,46400,0.0,0.0
2011-03-09 00:00:00+09:00,1902.1650415846138,1915.9488462337777,1902.1650415846138,1906.103271484375,38800,0.0,0.0
2011-03-10 00:00:00+09:00,1902.1649169921875,1937.6089837684394,1890.3502280667701,1902.1649169921875,71600,0.0,0.0
2011-03-11 00:00:00+09:00,1904.133886487702,1906.10300115832,1872.6280517578125,1872.6280517578125,128000,0.0,0.0
2011-03-14 00:00:00+09:00,1724.944753553455,1866.7210346674376,1695.4080283213752,1809.61669921875,90400,0.0,0.0
2011-03-15 00:00:00+09:00,1750.5434039445192,1760.3889798947134,1626.489146972073,1648.1494140625,117600,0.0,0.0
2011-03-16 00:00:00+09:00,1648.1491231191317,1756.450439453125,1634.3653192220781,1756.450439453125,131200,0.0,0.0
2011-03-17 00:00:00+09:00,1673.7478651139181,1829.307960812741,1671.77874997849,1787.95654296875,118800,0.0,0.0
2011-03-18 00:00:00+09:00,1805.6789603568411,1831.2774625211148,1750.543724926098,1821.431884765625,70400,0.0,0.0
2011-03-22 00:00:00+09:00,1850.96826171875,1868.690298267121,1819.4624189660904,1850.96826171875,51200,0.0,0.0
2011-03-23 00:00:00+09:00,1856.8754693188712,1866.7210444478155,1821.4313988546721,1825.36962890625,60000,0.0,0.0
2011-03-24 00:00:00+09:00,1825.3695159846761,1856.8753544482734,1819.4621712727514,1839.1533203125,46400,0.0,0.0
2011-03-25 00:00:00+09:00,1868.6901867033305,1880.504877030222,1847.0299211040294,1870.6593017578125,48400,0.0,0.0
2011-03-28 00:00:00+09:00,1870.659067438937,1890.3502155172414,1856.8752637841237,1884.44287109375,43600,0.0,0.0
2011-03-29 00:00:00+09:00,1881.2781372070312,1891.169189453125,1855.5614013671875,1891.169189453125,66400,11.0,0.0
2011-03-30 00:00:00+09:00,1893.1469831087538,1940.6240234375,1887.2123530676606,1940.6240234375,50400,0.0,0.0
2011-03-31 00:00:00+09:00,1942.6022956662061,1946.5587158203123,1910.9509344333555,1946.5587158203125,48800,0.0,0.0
2011-04-01 00:00:00+09:00,1956.450321936731,1956.450321936731,1908.9732666015625,1908.9732666015625,64400,0.0,0.0
2011-04-04 00:00:00+09:00,1883.2558573147417,1885.2340672488958,1869.4083877756627,1875.343017578125,45600,0.0,0.0
2011-04-05 00:00:00+09:00,1877.3214058993588,1877.3214058993588,1829.8443629682895,1845.6700439453125,83600,0.0,0.0
2011-04-06 00:00:00+09:00,1875.3435674795326,1875.3435674795326,1845.670409766249,1857.5396728515625,44000,0.0,0.0
2011-04-07 00:00:00+09:00,1859.517331897703,1871.3865914630073,1845.6698624048477,1851.6044921875,30000,0.0,0.0
2011-04-08 00:00:00+09:00,1851.6048601973685,1887.2126459703948,1839.7355982730264,1879.2998046875,61600,0.0,0.0
2011-04-11 00:00:00+09:00,1849.6261654869986,1875.3428929215772,1837.7569066710394,1867.4300537109375,69200,0.0,0.0
2011-04-12 00:00:00+09:00,1839.7352326221956,1863.4737517528044,1829.8441829844417,1851.6044921875,46000,0.0,0.0
2011-04-13 00:00:00+09:00,1841.7139887378112,1869.4089359368759,1835.7793571951543,1857.5396728515625,27600,0.0,0.0
2011-04-14 00:00:00+09:00,1843.6920178974258,1869.4087520526473,1831.8227559796312,1863.47412109375,45200,0.0,0.0
2011-04-15 00:00:00+09:00,1847.6482540674403,1861.4957249223355,1845.6700439453125,1845.6700439453125,46800,0.0,0.0
2011-04-18 00:00:00+09:00,1853.5827627579795,1859.5173927347928,1833.800662835269,1849.6263427734375,25200,0.0,0.0
2011-04-19 00:00:00+09:00,1843.6920173823962,1861.4959102541145,1843.6920173823962,1855.561279296875,33600,0.0,0.0
2011-04-20 00:00:00+09:00,1855.561218845477,1865.4522701186404,1855.561218845477,1861.495849609375,31200,0.0,0.0
2011-04-21 00:00:00+09:00,1861.4960938800002,1867.430725422657,1849.6268307946868,1857.5396728515625,32000,0.0,0.0
2011-04-22 00:00:00+09:00,1857.5388577109889,1857.5388577109889,1802.1489876195003,1804.127197265625,128000,0.0,0.0
2011-04-25 00:00:00+09:00,1780.3892819546911,1794.236754147672,1776.432861328125,1776.432861328125,95600,0.0,0.0
2011-04-26 00:00:00+09:00,1788.3018732844173,1788.3018732844173,1744.7812524743981,1756.6505126953125,50800,0.0,0.0
2011-04-27 00:00:00+09:00,1764.5634743530827,1786.32378625654,1744.7813726226668,1748.73779296875,74400,0.0,0.0
2011-04-28 00:00:00+09:00,1748.7376169919703,1778.4107666015625,1744.7811970440246,1778.4107666015625,50400,0.0,0.0
2011-05-02 00:00:00+09:00,1794.2361425889276,1796.2143522279453,1784.3450943938399,1788.301513671875,36400,0.0,0.0
2011-05-06 00:00:00+09:00,1788.3015200966283,1806.1054069117495,1782.3668911582545,1804.127197265625,51600,0.0,0.0
2011-05-09 00:00:00+09:00,1804.1276207859323,1819.9533016700195,1780.3890994598016,1782.3673095703125,46000,0.0,0.0
2011-05-10 00:00:00+09:00,1782.367492267974,1788.3021232078231,1774.454651014842,1776.432861328125,24400,0.0,0.0
2011-05-11 00:00:00+09:00,1776.4323052147777,1778.410514908781,1756.6502082747468,1758.62841796875,32000,0.0,0.0
2011-05-12 00:00:00+09:00,1756.6505126953125,1784.3454532107792,1752.6940926216744,1756.6505126953125,47600,0.0,0.0
2011-05-13 00:00:00+09:00,1768.5194664387654,1780.388724602784,1730.9334822527067,1758.62841796875,61600,0.0,0.0
2011-05-16 00:00:00+09:00,1764.5634709629444,1778.4109421476312,1724.999267578125,1724.999267578125,62000,0.0,0.0
2011-05-17 00:00:00+09:00,1728.9558082705057,1740.8250701121794,1697.304443359375,1697.304443359375,52000,0.0,0.0
2011-05-18 00:00:00+09:00,1711.1517326911935,1717.0863629779838,1705.2171024044032,1707.1953125,32000,0.0,0.0
2011-05-19 00:00:00+09:00,1705.2170418633355,1724.9991421169705,1705.2170418633355,1709.1734619140625,34000,0.0,0.0
2011-05-20 00:00:00+09:00,1717.0867307468068,1738.847046459036,1713.1303097082196,1723.0213623046875,43600,0.0,0.0
2011-05-23 00:00:00+09:00,1724.999390482631,1738.8468626539366,1723.0211801724445,1736.86865234375,53600,0.0,0.0
2011-05-24 00:00:00+09:00,1738.8469235491073,1742.8033443080358,1723.021240513393,1730.93408203125,26000,0.0,0.0
2011-05-25 00:00:00+09:00,1728.955445450735,1732.911865234375,1723.0208157752747,1732.911865234375,38000,0.0,0.0
2011-05-26 00:00:00+09:00,1734.890075126195,1736.868285018015,1728.955445450735,1732.911865234375,31200,0.0,0.0
2011-05-27 00:00:00+09:00,1732.9122919888162,1732.9122919888162,1719.0648193359375,1719.0648193359375,35200,0.0,0.0
2011-05-30 00:00:00+09:00,1717.0861805129546,1719.0643903983382,1709.1733409714202,1713.1297607421875,38400,0.0,0.0
2011-05-31 00:00:00+09:00,1719.0648197544645,1742.8033443080358,1719.0648197544645,1730.93408203125,94000,0.0,0.0
2011-06-01 00:00:00+09:00,1738.846923828125,1738.846923828125,1721.0430304100896,1738.846923828125,70000,0.0,0.0
2011-06-02 00:00:00+09:00,1726.9776612723215,1734.8905027901787,1713.1301886160716,1730.93408203125,44000,0.0,0.0
2011-06-03 00:00:00+09:00,1730.9339582713828,1736.8685889854562,1713.130066129163,1715.1082763671875,45600,0.0,0.0
2011-06-06 00:00:00+09:00,1711.1519160790676,1717.0865470018853,1699.2826542334324,1705.21728515625,39600,0.0,0.0
2011-06-07 00:00:00+09:00,1703.2391357421875,1705.2173461205175,1689.391663093877,1703.2391357421875,38000,0.0,0.0
2011-06-08 00:00:00+09:00,1701.2607421875,1707.195372683503,1699.2825320221657,1701.2607421875,19600,0.0,0.0
2011-06-09 00:00:00+09:00,1691.3696303273248,1703.2388908910252,1689.3914202333747,1699.282470703125,20000,0.0,0.0
2011-06-10 00:00:00+09:00,1699.2822835859558,1715.1079625949055,1681.4783947008877,1685.434814453125,77200,0.0,0.0
2011-06-13 00:00:00+09:00,1661.6965343601896,1673.5657953199052,1647.8490632405214,1669.609375,33200,0.0,0.0
2011-06-14 00:00:00+09:00,1643.8929437539573,1665.653259495586,1632.0236806221599,1659.7186279296875,87200,0.0,0.0
2011-06-15 00:00:00+09:00,1661.696538880814,1703.2389523528343,1661.696538880814,1701.2607421875,61200,0.0,0.0
2011-06-16 00:00:00+09:00,1687.413329647795,1703.2390115202245,1681.4786989456338,1683.4569091796875,52800,0.0,0.0
2011-06-17 00:00:00+09:00,1681.4785689295272,1691.3696193349951,1639.9361572265625,1639.9361572265625,87600,0.0,0.0
2011-06-20 00:00:00+09:00,1643.8925210135324,1665.652831159319,1643.8925210135324,1661.6964111328125,28400,0.0,0.0
2011-06-21 00:00:00+09:00,1661.6964120026723,1665.65283203125,1653.7835719455168,1665.65283203125,31600,0.0,0.0
2011-06-22 00:00:00+09:00,1659.7180860635822,1685.434814453125,1657.7398761874633,1685.434814453125,40800,0.0,0.0
2011-06-23 00:00:00+09:00,1667.6314086914062,1687.4135131835938,1667.6314086914062,1677.5224609375,28000,0.0,0.0
2011-06-24 00:00:00+09:00,1677.5224002601115,1691.369872903768,1671.5877691271157,1687.4134521484375,34800,0.0,0.0
2011-06-27 00:00:00+09:00,1683.4567212785992,1683.4567212785992,1657.7399911063058,1661.6964111328125,46800,0.0,0.0
2011-06-28 00:00:00+09:00,1661.6968985483156,1681.4790044834147,1657.740477361296,1673.566162109375,30000,0.0,0.0
2011-06-29 00:00:00+09:00,1677.5221589665987,1699.2824699909295,1677.5221589665987,1695.3260498046875,25600,0.0,0.0
2011-06-30 00:00:00+09:00,1695.3262336182208,1705.21728515625,1685.4351820801915,1705.21728515625,38800,0.0,0.0
2011-07-01 00:00:00+09:00,1721.0429066564307,1726.977537369039,1701.2608042810693,1711.15185546875,49600,0.0,0.0
2011-07-04 00:00:00+09:00,1726.977537795334,1730.9339582713828,1713.130066129163,1715.1082763671875,28000,0.0,0.0
2011-07-05 00:00:00+09:00,1728.9558712308508,1732.9122919888162,1719.0648193359375,1719.0648193359375,40000,0.0,0.0
2011-07-06 00:00:00+09:00,1732.9116798217356,1732.9116798217356,1715.1077927002793,1726.97705078125,37200,0.0,0.0
2011-07-07 00:00:00+09:00,1728.9554443359375,1734.890074007571,1723.0208146643038,1728.9554443359375,24400,0.0,0.0
2011-07-08 00:00:00+09:00,1730.933654226482,1736.8682838981156,1728.9554443359375,1728.9554443359375,20000,0.0,0.0
2011-07-11 00:00:00+09:00,1717.08618499267,1730.933654226482,1717.08618499267,1728.9554443359375,14800,0.0,0.0
2011-07-12 00:00:00+09:00,1705.2172845871578,1711.1519155079948,1691.369812438538,1697.304443359375,43600,0.0,0.0
2011-07-13 00:00:00+09:00,1695.3262336182208,1715.1083366942794,1695.3262336182208,1705.21728515625,25600,0.0,0.0
2011-07-14 00:00:00+09:00,1687.4132094322035,1717.0863608290183,1687.4132094322035,1695.3260498046875,34400,0.0,0.0
2011-07-15 00:00:00+09:00,1699.2825320221657,1709.1735828488372,1693.3479015261628,1701.2607421875,21600,0.0,0.0
2011-07-19 00:00:00+09:00,1709.1731496710527,1709.1731496710527,1691.3692626953125,1691.3692626953125,20400,0.0,0.0
2011-07-20 00:00:00+09:00,1693.3476539576,1701.2604934620747,1683.4566045770064,1685.434814453125,22000,0.0,0.0
2011-07-21 00:00:00+09:00,1677.5221546782545,1679.5003647663186,1669.6093143259986,1671.5875244140625,19600,0.0,0.0
2011-07-22 00:00:00+09:00,1671.587708237592,1683.4569700712318,1657.7402360983456,1681.478759765625,60000,0.0,0.0
2011-07-25 00:00:00+09:00,1681.47869721002,1687.4133279060554,1667.6312255859375,1667.6312255859375,51200,0.0,0.0
2011-07-26 00:00:00+09:00,1685.4351803768384,1691.3698112936581,1677.5223391544118,1681.478759765625,30000,0.0,0.0
2011-07-27 00:00:00+09:00,1683.4567849424466,1683.4567849424466,1655.7618437095507,1671.5875244140625,34000,0.0,0.0
2011-07-28 00:00:00+09:00,1669.6092485386691,1669.6092485386691,1641.9143083970323,1649.8271484375,34800,0.0,0.0
2011-07-29 00:00:00+09:00,1641.9145498923885,1659.7184426020651,1614.2196056773362,1630.0452880859375,81200,0.0,0.0
2011-08-01 00:00:00+09:00,1630.0448056734526,1659.7179514077995,1624.1101765265832,1645.8704833984375,64800,0.0,0.0
2011-08-02 00:00:00+09:00,1645.8711542759236,1663.6750489736198,1639.9365227100247,1659.7186279296875,68800,0.0,0.0
2011-08-03 00:00:00+09:00,1649.8270216380713,1649.8270216380713,1634.0013427734375,1634.0013427734375,31200,0.0,0.0
2011-08-04 00:00:00+09:00,1651.8056634720754,1651.8056634720754,1635.97998046875,1635.97998046875,27200,0.0,0.0
2011-08-05 00:00:00+09:00,1610.2631826872873,1610.2631826872873,1588.5028694077293,1598.3939208984375,55600,0.0,0.0
2011-08-08 00:00:00+09:00,1576.6334251318299,1590.480895616049,1572.6770049934814,1588.502685546875,47200,0.0,0.0
2011-08-09 00:00:00+09:00,1558.8293530273438,1588.5025006103517,1548.938303833008,1582.56787109375,65600,0.0,0.0
2011-08-10 00:00:00+09:00,1600.3721916189181,1600.3721916189181,1574.655456772137,1580.590087890625,37600,0.0,0.0
2011-08-11 00:00:00+09:00,1552.8947235107423,1584.5460809326173,1552.8947235107423,1582.56787109375,55200,0.0,0.0
2011-08-12 00:00:00+09:00,1600.3721311965792,1612.2413929854288,1586.5246591095877,1598.3939208984375,56000,0.0,0.0
2011-08-15 00:00:00+09:00,1622.132382304252,1622.132382304252,1582.5681778578066,1596.4156494140625,42400,0.0,0.0
2011-08-16 00:00:00+09:00,1610.2631820754625,1610.2631820754625,1582.5682379120026,1590.4810791015625,42000,0.0,0.0
2011-08-17 00:00:00+09:00,1592.4592893989525,1594.4374996963425,1572.6771864250525,1590.4810791015625,40800,0.0,0.0
2011-08-18 00:00:00+09:00,1580.5899086938116,1614.219481219212,1578.6116985452586,1606.306640625,41200,0.0,0.0
2011-08-19 00:00:00+09:00,1586.5245983024513,1606.3067005256737,1586.5245983024513,1596.4156494140625,26000,0.0,0.0
2011-08-22 00:00:00+09:00,1598.3938627626371,1626.0888059293165,1598.3938627626371,1624.110595703125,47200,0.0,0.0
2011-08-23 00:00:00+09:00,1632.0235601564843,1651.805663915957,1628.0671394045899,1647.8492431640625,52800,0.0,0.0
2011-08-24 00:00:00+09:00,1659.7182602568303,1659.7182602568303,1647.8489997543975,1651.805419921875,40800,0.0,0.0
2011-08-25 00:00:00+09:00,1645.8708460365854,1647.8490561880717,1622.13232421875,1622.13232421875,30400,0.0,0.0
2011-08-26 00:00:00+09:00,1630.0450394464067,1630.0450394464067,1604.3283094551407,1610.262939453125,29200,0.0,0.0
2011-08-29 00:00:00+09:00,1600.3721308933002,1600.3721308933002,1576.6336073200991,1594.4375,38000,0.0,0.0
2011-08-30 00:00:00+09:00,1606.3065194544688,1637.9578794437193,1600.3718894564843,1610.262939453125,24800,0.0,0.0
2011-08-31 00:00:00+09:00,1612.241455963762,1639.9364012195813,1612.241455963762,1635.97998046875,43200,0.0,0.0
2011-09-01 00:00:00+09:00,1655.761963761519,1675.5440660764714,1651.8055432985286,1663.6748046875,39600,0.0,0.0
2011-09-02 00:00:00+09:00,1643.8925210135324,1671.5874611990791,1635.9796809605189,1661.6964111328125,39600,0.0,0.0
2011-09-05 00:00:00+09:00,1659.7182602568303,1659.7182602568303,1643.89257958692,1651.805419921875,14400,0.0,0.0
2011-09-06 00:00:00+09:00,1651.8056031733609,1659.7184443861674,1643.8927619605545,1653.7838134765625,28000,0.0,0.0
2011-09-07 00:00:00+09:00,1671.5875244140625,1671.5875244140625,1653.7836336214868,1671.5875244140625,29600,0.0,0.0
2011-09-08 00:00:00+09:00,1675.5440682434728,1685.4351194137412,1665.6530170732044,1683.4569091796875,18400,0.0,0.0
2011-09-09 00:00:00+09:00,1685.4350597345942,1717.086422358718,1683.4568495705864,1693.347900390625,61600,0.0,0.0
2011-09-12 00:00:00+09:00,1665.6527156919383,1685.434814453125,1659.7180860635822,1685.434814453125,24400,0.0,0.0
2011-09-13 00:00:00+09:00,1675.543881225586,1675.543881225586,1655.7617810930524,1661.6964111328125,50800,0.0,0.0
2011-09-14 00:00:00+09:00,1659.7179514077995,1659.7179514077995,1639.9358542515681,1645.8704833984375,35600,0.0,0.0
2011-09-15 00:00:00+09:00,1649.8272076320304,1659.7182580374981,1635.9797370643755,1639.9361572265625,25200,0.0,0.0
2011-09-16 00:00:00+09:00,1647.8486931140608,1657.7397416921763,1641.9140639671914,1645.8704833984375,30800,0.0,0.0
2011-09-20 00:00:00+09:00,1641.914488188696,1645.8709086421627,1624.1105961480957,1628.0670166015625,21600,0.0,0.0
2011-09-21 00:00:00+09:00,1628.0671997070312,1635.9800415039062,1618.1761474609375,1618.1761474609375,37600,0.0,0.0
2011-09-22 00:00:00+09:00,1620.1541210011849,1669.609375,1602.3502295616115,1669.609375,53200,0.0,0.0
2011-09-26 00:00:00+09:00,1657.7402340829658,1663.6748649925707,1647.8491825669578,1653.7838134765625,44000,0.0,0.0
2011-09-27 00:00:00+09:00,1655.7616044438769,1681.4783318725154,1643.892345630659,1679.5001220703125,44400,0.0,0.0
2011-09-28 00:00:00+09:00,1684.2729059034777,1728.0202541087629,1670.353295110887,1726.03173828125,50400,11.0,0.0
2011-09-29 00:00:00+09:00,1728.0199765212994,1753.870678126336,1712.1118524566614,1743.9281005859375,59200,0.0,0.0
2011-09-30 00:00:00+09:00,1749.893875809403,1765.8020019531248,1737.9627812016117,1765.802001953125,46000,0.0,0.0
2011-10-03 00:00:00+09:00,1767.7905560822765,1777.7331351378575,1747.9053979711148,1773.756103515625,43600,0.0,0.0
2011-10-04 00:00:00+09:00,1773.7560261860153,1773.7560261860153,1745.9168060440823,1757.847900390625,36400,0.0,0.0
2011-10-05 00:00:00+09:00,1769.7788863384164,1769.7788863384164,1720.0659962727307,1735.97412109375,48800,0.0,0.0
2011-10-06 00:00:00+09:00,1730.0084625174306,1741.9395553623785,1724.0429160949568,1737.9625244140625,20800,0.0,0.0
2011-10-07 00:00:00+09:00,1737.962794551143,1749.8938892505787,1718.0776367187498,1718.07763671875,28400,0.0,0.0
2011-10-11 00:00:00+09:00,1676.3190365393184,1692.2271649999525,1636.5487153877332,1638.5372314453125,100400,0.0,0.0
2011-10-12 00:00:00+09:00,1640.525400378802,1660.4105567470301,1612.686181463283,1642.513916015625,67200,0.0,0.0
2011-10-13 00:00:00+09:00,1662.3992713249847,1662.3992713249847,1622.628953829172,1632.571533203125,36000,0.0,0.0
2011-10-14 00:00:00+09:00,1618.6518527255969,1624.6174000943645,1592.8011474609375,1592.8011474609375,51200,0.0,0.0
2011-10-17 00:00:00+09:00,1610.697612195912,1610.697612195912,1594.789487631014,1606.7205810546875,28400,0.0,0.0
2011-10-18 00:00:00+09:00,1606.7207579880617,1608.7092737776509,1592.8011474609375,1592.8011474609375,23600,0.0,0.0
2011-10-19 00:00:00+09:00,1606.7206201412407,1616.6631982361741,1598.766557665294,1614.6746826171875,30400,0.0,0.0
2011-10-20 00:00:00+09:00,1630.5828174248538,1630.5828174248538,1608.7091454837887,1616.6632080078125,35200,0.0,0.0
2011-10-21 00:00:00+09:00,1608.7093027598823,1612.68633441071,1596.7782078073985,1598.7667236328125,22800,0.0,0.0
2011-10-24 00:00:00+09:00,1608.7091551834594,1622.628764684429,1596.7780613254856,1618.6517333984375,42400,0.0,0.0
2011-10-25 00:00:00+09:00,1604.7323282877603,1624.617487250434,1604.7323282877603,1610.6978759765625,52400,0.0,0.0
2011-10-26 00:00:00+09:00,1600.7550732842806,1622.628745093134,1586.8354639513739,1614.6746826171875,64000,0.0,0.0
2011-10-27 00:00:00+09:00,1606.7208174542684,1646.4911347179877,1598.7667540015243,1630.5830078125,92400,0.0,0.0
2011-10-28 00:00:00+09:00,1648.4796142578125,1648.4796142578125,1624.6174244253712,1648.4796142578125,160800,0.0,0.0
2011-10-31 00:00:00+09:00,1630.583130034077,1638.5371940830235,1600.7553898505266,1604.732421875,64000,0.0,0.0
2011-11-01 00:00:00+09:00,1600.755082959765,1628.594301793848,1600.755082959765,1616.6632080078125,52800,0.0,0.0
2011-11-02 00:00:00+09:00,1596.7783957268662,1608.7094920834802,1580.8702672513805,1586.8358154296875,92000,0.0,0.0
2011-11-04 00:00:00+09:00,1590.8125869128553,1612.6862599829071,1590.8125869128553,1608.709228515625,36000,0.0,0.0
2011-11-07 00:00:00+09:00,1608.7092860309624,1620.640380859375,1602.7437386167562,1620.640380859375,36000,0.0,0.0
2011-11-08 00:00:00+09:00,1620.6402294741474,1640.5253856640143,1614.6746826171875,1614.6746826171875,38000,0.0,0.0
2011-11-09 00:00:00+09:00,1618.651820167736,1638.5369776636544,1618.651820167736,1636.5484619140625,24400,0.0,0.0
2011-11-10 00:00:00+09:00,1614.6746826171875,1626.6057763311076,1602.7435889032672,1614.6746826171875,35200,0.0,0.0
2011-11-11 00:00:00+09:00,1606.7207127819838,1632.5714173193178,1604.7321970483429,1608.709228515625,36800,0.0,0.0
2011-11-14 00:00:00+09:00,1626.6058252491011,1638.5369193218328,1616.663246855158,1624.6173095703125,31200,0.0,0.0
2011-11-15 00:00:00+09:00,1622.6285085227273,1640.525146484375,1622.6285085227273,1640.525146484375,34400,0.0,0.0
2011-11-16 00:00:00+09:00,1640.525146484375,1652.4562384588069,1638.5366311553032,1640.525146484375,27200,0.0,0.0
2011-11-17 00:00:00+09:00,1640.5255604939289,1650.4681396484375,1628.5944655085186,1650.4681396484375,33600,0.0,0.0
2011-11-18 00:00:00+09:00,1646.4910629381714,1670.3532522561159,1646.4910629381714,1666.376220703125,40800,0.0,0.0
2011-11-21 00:00:00+09:00,1654.4453405688623,1670.353468843563,1654.4453405688623,1660.410888671875,26400,0.0,0.0
2011-11-22 00:00:00+09:00,1644.502566092355,1672.3417872837613,1644.502566092355,1670.353271484375,40800,0.0,0.0
2011-11-24 00:00:00+09:00,1626.6061350998368,1666.376456251422,1626.6061350998368,1638.5372314453125,32800,0.0,0.0
2011-11-25 00:00:00+09:00,1636.5484174046705,1666.3761528373195,1636.5484174046705,1652.45654296875,28000,0.0,0.0
2011-11-28 00:00:00+09:00,1660.4107188029461,1672.3418137883566,1648.4796238175359,1650.4681396484375,25600,0.0,0.0
2011-11-29 00:00:00+09:00,1656.4335878270617,1680.2957763671875,1648.479524980353,1680.2957763671875,26800,0.0,0.0
2011-11-30 00:00:00+09:00,1656.433269116951,1666.3758457623107,1636.5481158262312,1640.525146484375,48000,0.0,0.0
2011-12-01 00:00:00+09:00,1648.4793938158195,1652.4564249227335,1626.605722727793,1628.59423828125,34000,0.0,0.0
2011-12-02 00:00:00+09:00,1624.617460222942,1644.5026188548018,1618.6519126333842,1630.5830078125,25600,0.0,0.0
2011-12-05 00:00:00+09:00,1638.53712085047,1706.1466622447856,1636.5486049271078,1692.22705078125,64800,0.0,0.0
2011-12-06 00:00:00+09:00,1708.1351781681478,1708.1351781681478,1688.2500189345255,1692.22705078125,41600,0.0,0.0
2011-12-07 00:00:00+09:00,1706.1465362330325,1706.1465362330325,1654.4451260441529,1666.376220703125,58400,0.0,0.0
2011-12-08 00:00:00+09:00,1676.3187642103103,1684.2728271484375,1668.364701272183,1684.2728271484375,42400,0.0,0.0
2011-12-09 00:00:00+09:00,1662.3992178210462,1678.3073443073722,1662.3992178210462,1672.341796875,72800,0.0,0.0
2011-12-12 00:00:00+09:00,1684.272987087801,1692.22705078125,1680.2959552410766,1692.22705078125,24800,0.0,0.0
2011-12-13 00:00:00+09:00,1674.3302801138834,1815.5148999334626,1674.3302801138834,1716.089111328125,148000,0.0,0.0
2011-12-14 00:00:00+09:00,1712.1124267578125,1731.9975885087745,1712.1124267578125,1712.1124267578125,20800,0.0,0.0
2011-12-15 00:00:00+09:00,1688.249839213896,1704.157964907313,1680.2957763671875,1680.2957763671875,35600,0.0,0.0
2011-12-16 00:00:00+09:00,1688.2502164367243,1704.1583456846556,1682.28466796875,1682.28466796875,26400,0.0,0.0
2011-12-19 00:00:00+09:00,1680.296011106663,1688.2500750645643,1662.3993672013848,1678.3074951171875,28400,0.0,0.0
2011-12-20 00:00:00+09:00,1688.2502164367243,1694.2157649046985,1676.3191195007757,1682.28466796875,13200,0.0,0.0
2011-12-21 00:00:00+09:00,1690.2384157533997,1720.066152501989,1682.2843526204426,1718.07763671875,34400,0.0,0.0
2011-12-22 00:00:00+09:00,1714.1004397890981,1743.928173660138,1704.1578618320848,1733.985595703125,22000,0.0,0.0
2011-12-26 00:00:00+09:00,1749.8937204343463,1751.8822360257489,1733.9855957031248,1733.985595703125,22400,0.0,0.0
2011-12-27 00:00:00+09:00,1718.0775243858382,1722.0545556922868,1716.0890087326138,1720.0660400390625,13200,0.0,0.0
2011-12-28 00:00:00+09:00,1716.0889203793533,1718.0774359301986,1692.2267337692117,1702.1693115234375,18000,0.0,0.0
2011-12-29 00:00:00+09:00,1688.2499162823765,1702.1695268995456,1678.3073372701128,1696.2039794921875,20800,0.0,0.0
2011-12-30 00:00:00+09:00,1708.1350578025533,1720.066152501989,1704.1580262360749,1718.07763671875,21200,0.0,0.0
2012-01-04 00:00:00+09:00,1733.9855957031248,1755.8592672085542,1731.9970801117222,1733.985595703125,45600,0.0,0.0
2012-01-05 00:00:00+09:00,1733.9855365004332,1733.9855365004332,1722.0544433593752,1722.054443359375,15600,0.0,0.0
2012-01-06 00:00:00+09:00,1716.0891209355107,1728.0202156349465,1712.112089369032,1718.07763671875,21200,0.0,0.0
2012-01-10 00:00:00+09:00,1722.0543390447444,1765.8016779119318,1722.0543390447444,1749.8935546875,63200,0.0,0.0
2012-01-11 00:00:00+09:00,1747.9052147095147,1755.8592771200244,1733.9856054911227,1735.97412109375,14000,0.0,0.0
2012-01-12 00:00:00+09:00,1735.974259307932,1735.974259307932,1714.1005859375,1714.1005859375,8000,0.0,0.0
2012-01-13 00:00:00+09:00,1724.0436155404618,1733.9861969449628,1724.0436155404618,1731.9976806640625,12400,0.0,0.0
2012-01-16 00:00:00+09:00,1741.9402620685635,1741.9402620685635,1724.0436155404618,1731.9976806640625,10800,0.0,0.0
2012-01-17 00:00:00+09:00,1728.0201416015625,1737.9627200917903,1720.0660788093805,1728.0201416015625,18000,0.0,0.0
2012-01-18 00:00:00+09:00,1728.0200489289168,1747.9052048429435,1716.088955380501,1733.985595703125,19600,0.0,0.0
2012-01-19 00:00:00+09:00,1733.9857435469837,1737.9627750688805,1714.1005859375,1714.1005859375,16000,0.0,0.0
2012-01-20 00:00:00+09:00,1714.1006889875546,1720.0662366290426,1704.1581095850745,1710.1236572265625,29600,0.0,0.0
2012-01-23 00:00:00+09:00,1704.157964907313,1704.157964907313,1678.3072606555102,1680.2957763671875,36000,0.0,0.0
2012-01-24 00:00:00+09:00,1686.261410000732,1716.0891472059336,1672.3417993049711,1698.1925048828125,31600,0.0,0.0
2012-01-25 00:00:00+09:00,1698.1921685840869,1718.0773227829636,1692.2266223244237,1704.15771484375,24800,0.0,0.0
2012-01-26 00:00:00+09:00,1720.0662366290426,1726.0317842705306,1708.1351413460666,1710.1236572265625,25600,0.0,0.0
2012-01-27 00:00:00+09:00,1710.1233638294955,1716.0889104475054,1700.1807861328125,1700.1807861328125,14800,0.0,0.0
2012-01-30 00:00:00+09:00,1700.1813723202858,1761.8253752933022,1700.1813723202858,1747.90576171875,70400,0.0,0.0
2012-01-31 00:00:00+09:00,1747.905363681833,1755.8594267702601,1712.1120797839117,1716.089111328125,77600,0.0,0.0
2012-02-01 00:00:00+09:00,1724.0435238083896,1724.0435238083896,1712.1124267578125,1712.1124267578125,40800,0.0,0.0
2012-02-02 00:00:00+09:00,1712.1120797839117,1731.997237504979,1712.1120797839117,1716.089111328125,34400,0.0,0.0
2012-02-03 00:00:00+09:00,1702.1695365101727,1708.1350839512131,1698.1925048828125,1698.1925048828125,17600,0.0,0.0
2012-02-06 00:00:00+09:00,1704.1578270742825,1718.0774359301986,1694.215249320057,1702.1693115234375,38000,0.0,0.0
2012-02-07 00:00:00+09:00,1698.192257077259,1724.0429588828847,1698.192257077259,1722.054443359375,32400,0.0,0.0
2012-02-08 00:00:00+09:00,1722.0548471735813,1730.0089111328125,1720.0663311837734,1730.0089111328125,20800,0.0,0.0
2012-02-09 00:00:00+09:00,1731.9969160600142,1759.83613170277,1731.9969160600142,1749.8935546875,53600,0.0,0.0
2012-02-10 00:00:00+09:00,1759.836557358167,1763.8135891262082,1735.9743667499208,1761.8250732421875,44800,0.0,0.0
2012-02-13 00:00:00+09:00,1759.8367626680345,1785.6874721761524,1759.8367626680345,1779.721923828125,45600,0.0,0.0
2012-02-14 00:00:00+09:00,1781.709855769231,1809.549072265625,1777.7328248411745,1809.549072265625,66000,0.0,0.0
2012-02-15 00:00:00+09:00,1807.5610537838625,1843.3543419776024,1791.652925697756,1837.3887939453125,45600,0.0,0.0
2012-02-16 00:00:00+09:00,1821.4808375294158,1821.4808375294158,1789.6645783585964,1795.630126953125,50800,0.0,0.0
2012-02-17 00:00:00+09:00,1795.6301817437602,1819.4923768499896,1793.641665484908,1807.561279296875,39200,0.0,0.0
2012-02-20 00:00:00+09:00,1815.5147802574106,1823.4688428215177,1813.526264616384,1817.5032958984375,37200,0.0,0.0
2012-02-21 00:00:00+09:00,1817.50335778403,1855.28515625,1817.50335778403,1855.28515625,37200,0.0,0.0
2012-02-22 00:00:00+09:00,1857.2736757048592,1887.1014113960507,1853.296644279367,1881.1358642578125,61600,0.0,0.0
2012-02-23 00:00:00+09:00,1881.1360228059132,1889.0900863272914,1859.2623481221235,1863.2393798828125,56800,0.0,0.0
2012-02-24 00:00:00+09:00,1877.1587698894282,1881.1358011815669,1835.3999413219728,1843.35400390625,47600,0.0,0.0
2012-02-27 00:00:00+09:00,1857.2737009423408,1865.2277639014087,1827.4459648458364,1861.250732421875,42800,0.0,0.0
2012-02-28 00:00:00+09:00,1859.2621914176054,1885.1128956833047,1859.2621914176054,1881.1358642578125,54800,0.0,0.0
2012-02-29 00:00:00+09:00,1881.1357466311729,1901.0209025152235,1855.2850439819074,1857.2735595703125,56000,0.0,0.0
2012-03-01 00:00:00+09:00,1867.2163637349533,1873.1819112229246,1835.400110465774,1853.2967529296875,54800,0.0,0.0
2012-03-02 00:00:00+09:00,1849.3196856734858,1877.1589067481402,1847.3311698824389,1871.193359375,46000,0.0,0.0
2012-03-05 00:00:00+09:00,1863.2394365814305,1897.0442075759709,1859.26240469972,1875.1705322265625,44400,0.0,0.0
2012-03-06 00:00:00+09:00,1889.0898241775449,1910.9634958259164,1877.1587305511603,1885.11279296875,60800,0.0,0.0
2012-03-07 00:00:00+09:00,1885.1129343133223,1889.0899658203123,1875.1703555458469,1889.0899658203125,51600,0.0,0.0
2012-03-08 00:00:00+09:00,1889.0896096214512,1901.0207018927445,1883.1240634858045,1891.078125,27200,0.0,0.0
2012-03-09 00:00:00+09:00,1893.066640378549,1903.0092172712934,1877.1585173501578,1891.078125,79600,0.0,0.0
2012-03-12 00:00:00+09:00,1920.9062374339385,1920.9062374339385,1887.1014692803392,1893.0670166015625,42800,0.0,0.0
2012-03-13 00:00:00+09:00,1897.0439997091967,1916.9291569388529,1877.1588424795407,1883.1243896484375,42400,0.0,0.0
2012-03-14 00:00:00+09:00,1904.9985750316946,1910.9641238052805,1887.1019287109377,1887.1019287109375,48800,0.0,0.0
2012-03-15 00:00:00+09:00,1889.090098780715,1932.8374484366893,1889.090098780715,1916.9293212890625,58400,0.0,0.0
2012-03-16 00:00:00+09:00,1924.883203940501,1936.8142981798017,1899.0324997553496,1904.998046875,56400,0.0,0.0
2012-03-19 00:00:00+09:00,1906.9869477589925,1920.9065605163576,1906.9869477589925,1908.9754638671875,28800,0.0,0.0
2012-03-21 00:00:00+09:00,1914.940673828125,1920.9062210986176,1906.9866108008014,1914.940673828125,26400,0.0,0.0
2012-03-22 00:00:00+09:00,1918.917921954289,1938.803081767287,1916.9294059729893,1934.8260498046875,35200,0.0,0.0
2012-03-23 00:00:00+09:00,1920.9057309194711,1938.8023681640625,1920.9057309194711,1938.8023681640625,24400,0.0,0.0
2012-03-26 00:00:00+09:00,1938.8031384959725,1938.8031384959725,1914.940946022176,1920.906494140625,44000,0.0,0.0
2012-03-27 00:00:00+09:00,1922.8948624073794,1966.6422119140623,1920.906346520712,1966.6422119140625,66800,0.0,0.0
2012-03-28 00:00:00+09:00,1980.6470697576349,1980.6470697576349,1926.6294224006085,1936.6326904296875,55600,15.0,0.0
2012-03-29 00:00:00+09:00,1924.6282592773437,1966.641973876953,1924.6282592773437,1960.6400146484375,43600,0.0,0.0
2012-03-30 00:00:00+09:00,1960.6405539590803,1966.642514838547,1948.6366322001472,1952.637939453125,40800,0.0,0.0
2012-04-02 00:00:00+09:00,1964.6410276668996,1964.6410276668996,1916.6253610029428,1922.6273193359375,42400,0.0,0.0
2012-04-03 00:00:00+09:00,1924.6287919443268,1924.6287919443268,1894.6189874961303,1918.6268310546875,44800,0.0,0.0
2012-04-04 00:00:00+09:00,1912.6246767349082,1920.6272904450962,1876.6129150390625,1876.6129150390625,34400,0.0,0.0
2012-04-05 00:00:00+09:00,1870.6107177734375,1882.614636817973,1862.6081050770806,1870.6107177734375,39200,0.0,0.0
2012-04-06 00:00:00+09:00,1872.6114796426673,1892.6180125448327,1860.6075599013682,1882.61474609375,34000,0.0,0.0
2012-04-09 00:00:00+09:00,1852.6051665180364,1886.61627648651,1848.603859462922,1866.6097412109375,42000,0.0,0.0
2012-04-10 00:00:00+09:00,1854.6056423755401,1886.6160957498753,1854.6056423755401,1880.6141357421875,34800,0.0,0.0
2012-04-11 00:00:00+09:00,1868.6103947384947,1878.6136623762811,1850.6045129904792,1866.6097412109375,43600,0.0,0.0
2012-04-12 00:00:00+09:00,1894.6183575918033,1902.6209694506915,1858.6066042268058,1862.60791015625,46000,0.0,0.0
2012-04-13 00:00:00+09:00,1862.607995952771,1906.6223632040717,1862.607995952771,1898.6197509765625,68800,0.0,0.0
2012-04-16 00:00:00+09:00,1868.610215726812,1892.618055757563,1852.6049890396444,1880.6141357421875,40400,0.0,0.0
2012-04-17 00:00:00+09:00,1880.6140928035336,1888.6167059643997,1862.6082131915848,1882.61474609375,34400,0.0,0.0
2012-04-18 00:00:00+09:00,1898.6197389612648,1914.6249633149953,1898.6197389612648,1910.6236572265625,44400,0.0,0.0
2012-04-19 00:00:00+09:00,1910.6241112081414,1910.6241112081414,1856.6064661792202,1872.6116943359375,46000,0.0,0.0
2012-04-20 00:00:00+09:00,1874.6118415953622,1894.618371388269,1862.6079237196182,1890.6170654296875,33600,0.0,0.0
2012-04-23 00:00:00+09:00,1894.6185302734375,1916.6257148911861,1894.6185302734375,1894.6185302734375,38400,0.0,0.0
2012-04-24 00:00:00+09:00,1892.6178468351911,1898.6198061803345,1882.6145812599523,1884.615234375,25200,0.0,0.0
2012-04-25 00:00:00+09:00,1890.6169693617605,1910.6234981380755,1890.6169693617605,1906.6221923828125,43200,0.0,0.0
2012-04-26 00:00:00+09:00,1922.6275754918604,1928.6295346245092,1898.6197389612648,1910.6236572265625,46800,0.0,0.0
2012-04-27 00:00:00+09:00,1900.6208587974631,1902.6215123330394,1848.60386687248,1860.6077880859375,61200,0.0,0.0
2012-05-01 00:00:00+09:00,1874.6123628349715,1894.6188981907342,1856.606481014785,1860.6077880859375,37600,0.0,0.0
2012-05-02 00:00:00+09:00,1876.6123992183402,1922.6274154038645,1870.6104405854458,1906.6221923828125,48400,0.0,0.0
2012-05-07 00:00:00+09:00,1876.6130650703371,1900.6209081202776,1856.6065291953869,1886.6163330078125,41200,0.0,0.0
2012-05-08 00:00:00+09:00,1884.6153993839666,1902.6212789959152,1868.6101730622343,1882.61474609375,42400,0.0,0.0
2012-05-09 00:00:00+09:00,1868.610438007142,1876.613052302676,1846.603248694424,1864.609130859375,40800,0.0,0.0
2012-05-10 00:00:00+09:00,1864.6089227909195,1876.6128428947236,1852.6050026871153,1868.6102294921875,20800,0.0,0.0
2012-05-11 00:00:00+09:00,1868.6098116872618,1870.610464590567,1830.5974065244586,1836.599365234375,39200,0.0,0.0
2012-05-14 00:00:00+09:00,1836.5996854321127,1838.6003386842174,1796.5866203900189,1804.5892333984375,42000,0.0,0.0
2012-05-15 00:00:00+09:00,1790.5843705267832,1824.5954703021523,1750.5713119675254,1812.591552734375,89600,0.0,0.0
2012-05-16 00:00:00+09:00,1812.5917732221778,1820.5943859074855,1788.583935166255,1796.5865478515625,45200,0.0,0.0
2012-05-17 00:00:00+09:00,1766.5767154780697,1806.5897781163046,1742.5688778951287,1752.5721435546875,61600,0.0,0.0
2012-05-18 00:00:00+09:00,1738.567689906732,1738.567689906732,1712.5591974225117,1718.5611572265625,75200,0.0,0.0
2012-05-21 00:00:00+09:00,1708.557906788793,1760.5748922413793,1708.557906788793,1740.568359375,51200,0.0,0.0
2012-05-22 00:00:00+09:00,1794.5860868533086,1810.5913139378422,1726.5638717440418,1736.567138671875,64000,0.0,0.0
2012-05-23 00:00:00+09:00,1728.5645535192757,1728.5645535192757,1686.5508317323488,1712.559326171875,68400,0.0,0.0
2012-05-24 00:00:00+09:00,1710.5582275390625,1726.5634507207144,1698.5543101528235,1710.5582275390625,51600,0.0,0.0
2012-05-25 00:00:00+09:00,1708.5580407601817,1748.5711096304435,1704.5567338731555,1728.5645751953125,56000,0.0,0.0
2012-05-28 00:00:00+09:00,1736.567167192976,1736.567167192976,1700.5554056613246,1712.559326171875,45200,0.0,0.0
2012-05-29 00:00:00+09:00,1696.5537477022058,1706.5570127240348,1688.5511356847426,1700.5550537109375,39200,0.0,0.0
2012-05-30 00:00:00+09:00,1694.553667608297,1712.5595507351857,1682.5497455237046,1696.5543212890625,48800,0.0,0.0
2012-05-31 00:00:00+09:00,1676.5474357695591,1696.553968415974,1670.5454759756346,1684.550048828125,75600,0.0,0.0
2012-06-01 00:00:00+09:00,1684.54983552935,1712.5589776877953,1668.5446114388099,1694.5531005859375,69200,0.0,0.0
2012-06-04 00:00:00+09:00,1674.5468252138917,1692.5527050549013,1666.5442119512206,1682.5494384765625,70800,0.0,0.0
2012-06-05 00:00:00+09:00,1682.5491205395479,1706.556955791004,1662.5425911633345,1674.5465087890625,100000,0.0,0.0
2012-06-06 00:00:00+09:00,1674.546910937267,1684.550178027693,1664.5436438468414,1678.5482177734375,40000,0.0,0.0
2012-06-07 00:00:00+09:00,1676.547585663972,1732.5658820823387,1676.547585663972,1728.5645751953125,71200,0.0,0.0
2012-06-08 00:00:00+09:00,1718.5610974135473,1718.5610974135473,1682.5493398425997,1698.5545654296875,87600,0.0,0.0
2012-06-11 00:00:00+09:00,1698.5549749698278,1724.563472819778,1690.5523602467663,1696.5543212890625,38000,0.0,0.0
2012-06-12 00:00:00+09:00,1680.548535387663,1712.5589836807612,1662.5426582227951,1688.5511474609375,68800,0.0,0.0
2012-06-13 00:00:00+09:00,1688.5517065660008,1706.5575896928895,1676.5477844814084,1696.5543212890625,50400,0.0,0.0
2012-06-14 00:00:00+09:00,1698.5549749698278,1714.5602044159511,1682.5497455237046,1696.5543212890625,66000,0.0,0.0
2012-06-15 00:00:00+09:00,1696.5538207150175,1728.5642701624708,1696.5538207150175,1708.5577392578125,80000,0.0,0.0
2012-06-18 00:00:00+09:00,1722.5622308156414,1734.5661488004196,1690.5517828562336,1706.5570068359375,49200,0.0,0.0
2012-06-19 00:00:00+09:00,1696.5536572551168,1748.5706325954861,1696.5536572551168,1710.5582275390625,60000,0.0,0.0
2012-06-20 00:00:00+09:00,1720.5618977492134,1752.5723516608266,1716.5605910102615,1748.571044921875,41600,0.0,0.0
2012-06-21 00:00:00+09:00,1750.5715078807602,1778.5806520068525,1750.5715078807602,1774.579345703125,31200,0.0,0.0
2012-06-22 00:00:00+09:00,1768.57772308142,1778.5809907459077,1752.5724948182396,1764.576416015625,37200,0.0,0.0
2012-06-25 00:00:00+09:00,1764.5762578790836,1782.5821380615232,1750.571684403853,1760.574951171875,39600,0.0,0.0
2012-06-26 00:00:00+09:00,1764.5758110801517,1782.5816867034184,1748.5705883039143,1758.5738525390625,72400,0.0,0.0
2012-06-27 00:00:00+09:00,1754.5728141844877,1778.5806520068525,1754.5728141844877,1774.579345703125,34000,0.0,0.0
2012-06-28 00:00:00+09:00,1802.5885801463328,1816.5931529110658,1778.5807411210765,1804.5892333984375,43600,0.0,0.0
2012-06-29 00:00:00+09:00,1794.586054112425,1850.60434788628,1780.5814806689614,1834.59912109375,48800,0.0,0.0
2012-07-02 00:00:00+09:00,1846.6030411881475,1850.60434788628,1788.5840940652263,1834.59912109375,64800,0.0,0.0
2012-07-03 00:00:00+09:00,1830.5974627206967,1880.6137868387486,1830.5974627206967,1862.60791015625,46000,0.0,0.0
2012-07-04 00:00:00+09:00,1862.60791015625,1882.6144398034708,1850.6039923679175,1862.60791015625,43600,0.0,0.0
2012-07-05 00:00:00+09:00,1870.6107003348213,1878.6133129565746,1840.6009030032467,1848.603515625,42000,0.0,0.0
2012-07-06 00:00:00+09:00,1868.6103158085725,1876.6129295807718,1820.5946331753757,1830.597900390625,57600,0.0,0.0
2012-07-09 00:00:00+09:00,1800.5879234595309,1866.609480653047,1796.5866169629542,1844.602294921875,77600,0.0,0.0
2012-07-10 00:00:00+09:00,1846.6026864384735,1882.6144398034708,1846.6026864384735,1862.60791015625,36000,0.0,0.0
2012-07-11 00:00:00+09:00,1852.6046864268544,1856.6059924450549,1808.5903202266484,1820.59423828125,52800,0.0,0.0
2012-07-12 00:00:00+09:00,1822.5948428898985,1836.599413581698,1810.5909251540704,1828.5968017578125,42800,0.0,0.0
2012-07-13 00:00:00+09:00,1826.5965935045253,1850.6044348211237,1806.5900590740266,1830.597900390625,42000,0.0,0.0
2012-07-17 00:00:00+09:00,1818.5937198875224,1842.6015577738265,1798.5871883156026,1808.5904541015625,52800,0.0,0.0
2012-07-18 00:00:00+09:00,1796.5862666538783,1808.5901838030134,1778.5803909301758,1792.5849609375,75200,0.0,0.0
2012-07-19 00:00:00+09:00,1796.5865478515625,1810.591120050851,1788.583935166255,1796.5865478515625,43200,0.0,0.0
2012-07-20 00:00:00+09:00,1796.5867257892949,1796.5867257892949,1746.570391552399,1748.571044921875,66000,0.0,0.0
2012-07-23 00:00:00+09:00,1732.5656310260779,1768.577387791054,1728.5643247188582,1734.5662841796875,49200,0.0,0.0
2012-07-24 00:00:00+09:00,1764.576103406512,1814.5924328681476,1750.571531157254,1790.5845947265625,117600,0.0,0.0
2012-07-25 00:00:00+09:00,1786.5833541294953,1812.5918464068563,1778.5807411210765,1804.5892333984375,67600,0.0,0.0
2012-07-26 00:00:00+09:00,1822.5953607763947,1822.5953607763947,1764.5764085672668,1770.578369140625,75200,0.0,0.0
2012-07-27 00:00:00+09:00,1828.5969550585721,1830.5976081822685,1762.5754019765886,1798.587158203125,78000,0.0,0.0
2012-07-30 00:00:00+09:00,1838.6002421555322,1898.6198365675737,1830.5976295672601,1894.6185302734375,95600,0.0,0.0
2012-07-31 00:00:00+09:00,1886.6161821767976,1892.6181424594383,1862.6083410462338,1876.6129150390625,77200,0.0,0.0
2012-08-01 00:00:00+09:00,1886.6156801126772,1890.616985902948,1878.6130685321357,1888.6163330078125,25600,0.0,0.0
2012-08-02 00:00:00+09:00,1890.6169693617605,1936.631985547285,1884.615010728866,1906.6221923828125,61600,0.0,0.0
2012-08-03 00:00:00+09:00,1896.6191913555194,1898.6198445109578,1846.6028624695616,1848.603515625,44400,0.0,0.0
2012-08-06 00:00:00+09:00,1882.6147890780835,1888.6167490857713,1856.6062957114361,1880.6141357421875,40400,0.0,0.0
2012-08-07 00:00:00+09:00,1880.613721427271,1888.6163330078125,1870.610456951594,1888.6163330078125,24000,0.0,0.0
2012-08-08 00:00:00+09:00,1892.6182937702974,1910.6241760577527,1876.6130650703371,1886.6163330078125,60000,0.0,0.0
2012-08-09 00:00:00+09:00,1896.619122386106,1896.619122386106,1850.6041014843333,1874.6119384765625,80400,0.0,0.0
2012-08-10 00:00:00+09:00,1888.6168571617336,1904.6220847647992,1882.614896810584,1892.6181640625,28800,0.0,0.0
2012-08-13 00:00:00+09:00,1892.6176387980834,1906.622209064031,1876.6124156370001,1888.6163330078125,37200,0.0,0.0
2012-08-14 00:00:00+09:00,1890.6173391241778,1932.6310577713816,1880.6140727796053,1900.62060546875,54000,0.0,0.0
2012-08-15 00:00:00+09:00,1940.6338826708225,1940.6338826708225,1910.6240803614799,1930.630615234375,38800,0.0,0.0
2012-08-16 00:00:00+09:00,1924.62841796875,1924.62841796875,1906.6225387985642,1924.62841796875,27200,0.0,0.0
2012-08-17 00:00:00+09:00,1922.6276743323901,1922.6276743323901,1880.6139582439612,1894.6185302734375,53200,0.0,0.0
2012-08-20 00:00:00+09:00,1908.6230530362775,1912.6243592271294,1890.6171751774448,1902.62109375,22800,0.0,0.0
2012-08-21 00:00:00+09:00,1902.6214026210205,1926.629243663557,1892.6181355199635,1916.6259765625,37600,0.0,0.0
2012-08-22 00:00:00+09:00,1934.6318935394288,1934.6318935394288,1910.6240520477295,1920.6273193359375,44000,0.0,0.0
2012-08-23 00:00:00+09:00,1912.6248701650482,1924.6287919443268,1898.62029475589,1918.6268310546875,24400,0.0,0.0
2012-08-24 00:00:00+09:00,1910.623755449982,1916.6257148911861,1872.611345655689,1894.6185302734375,55600,0.0,0.0
2012-08-27 00:00:00+09:00,1916.625530884682,1922.6274897496653,1910.6235720196985,1914.6248779296875,28800,0.0,0.0
2012-08-28 00:00:00+09:00,1928.6295839905363,1936.6321963722398,1898.6197875591483,1902.62109375,75200,0.0,0.0
2012-08-29 00:00:00+09:00,1914.6248779296875,1938.632713389621,1902.6209601997207,1914.6248779296875,54400,0.0,0.0
2012-08-30 00:00:00+09:00,1912.6243779856688,1912.6243779856688,1878.6132750298568,1884.615234375,30000,0.0,0.0
2012-08-31 00:00:00+09:00,1888.6164124503969,1904.6216362847222,1884.6151064918156,1890.6170654296875,65600,0.0,0.0
2012-09-03 00:00:00+09:00,1910.6238221622361,1920.6270882468552,1890.6172899929982,1908.6231689453125,87200,0.0,0.0
2012-09-04 00:00:00+09:00,1908.6227060141273,1908.6227060141273,1872.6109568440495,1878.6129150390625,56000,0.0,0.0
2012-09-05 00:00:00+09:00,1904.6218625114648,1910.6238221622361,1886.6159835591504,1908.6231689453125,65200,0.0,0.0
2012-09-06 00:00:00+09:00,1904.6217960087777,1904.6217960087777,1870.610692508621,1894.6185302734375,78400,0.0,0.0
2012-09-07 00:00:00+09:00,1924.6286192686312,1928.6299261693975,1888.6168571617336,1892.6181640625,50800,0.0,0.0
2012-09-10 00:00:00+09:00,1900.6207778640328,1908.6233916655656,1884.6155502609672,1892.6181640625,43600,0.0,0.0
2012-09-11 00:00:00+09:00,1892.618069699796,1892.618069699796,1850.6043493364812,1868.6102294921875,72800,0.0,0.0
2012-09-12 00:00:00+09:00,1864.6088336002877,1918.626471483558,1862.6081803453517,1912.62451171875,77200,0.0,0.0
2012-09-13 00:00:00+09:00,1918.6262694034278,1918.6262694034278,1894.6184328728323,1910.6236572265625,33200,0.0,0.0
2012-09-14 00:00:00+09:00,1922.6276743323901,1930.6302869206622,1894.6185302734375,1894.6185302734375,60400,0.0,0.0
2012-09-18 00:00:00+09:00,1904.6217960087777,1922.6276743323901,1890.6172239793013,1894.6185302734375,30800,0.0,0.0
2012-09-19 00:00:00+09:00,1906.622289264013,1928.6294720362105,1874.6118415953622,1890.6170654296875,70000,0.0,0.0
2012-09-20 00:00:00+09:00,1892.6177184089781,1900.620330326141,1878.6131475539435,1890.6170654296875,27600,0.0,0.0
2012-09-21 00:00:00+09:00,1890.6174820997521,1924.6285902433456,1890.6174820997521,1916.6259765625,46400,0.0,0.0
2012-09-24 00:00:00+09:00,1918.626366632061,1934.631591796875,1912.6244071952558,1934.631591796875,52800,0.0,0.0
2012-09-25 00:00:00+09:00,1926.628979214468,1942.6342043792818,1912.6244071952558,1934.631591796875,73200,0.0,0.0
2012-09-26 00:00:00+09:00,1920.9536278073624,1957.1600836194384,1906.8733394359995,1926.988037109375,52800,13.0,0.0
2012-09-27 00:00:00+09:00,1924.9766434624453,1965.2060404000094,1920.953703768689,1959.171630859375,68400,0.0,0.0
2012-09-28 00:00:00+09:00,1969.2288177679784,1969.2288177679784,1918.942075741217,1943.0797119140625,61200,0.0,0.0
2012-10-01 00:00:00+09:00,1949.1141060802424,1949.1141060802424,1910.8961824316102,1937.0452880859375,48800,0.0,0.0
2012-10-02 00:00:00+09:00,1945.091033967303,1953.1369120809215,1922.9648691548516,1933.022216796875,40400,0.0,0.0
2012-10-03 00:00:00+09:00,1914.9192684169539,1914.9192684169539,1884.747221120468,1896.8160400390625,65200,0.0,0.0
2012-10-04 00:00:00+09:00,1908.8850282106669,1926.9882581936974,1900.839148218209,1916.930908203125,51600,0.0,0.0
2012-10-05 00:00:00+09:00,1922.9651862143469,1926.9881259344604,1896.8160780336077,1912.9078369140625,62800,0.0,0.0
2012-10-09 00:00:00+09:00,1924.9768565784802,1975.26360831773,1924.9768565784802,1947.10302734375,82800,0.0,0.0
2012-10-10 00:00:00+09:00,1926.9881544601456,1961.183142587309,1920.9537447906462,1924.9766845703125,78000,0.0,0.0
2012-10-11 00:00:00+09:00,1924.9764651736698,1951.1255707611908,1914.919116870777,1935.0338134765625,56800,0.0,0.0
2012-10-12 00:00:00+09:00,1941.06861713504,1967.2177280394499,1920.9539164393402,1947.10302734375,71600,0.0,0.0
2012-10-15 00:00:00+09:00,1947.1028165064101,1961.18310546875,1945.0913466546474,1961.18310546875,33600,0.0,0.0
2012-10-16 00:00:00+09:00,1955.148794398357,1965.2061441637807,1941.0685047267639,1951.1258544921875,38400,0.0,0.0
2012-10-17 00:00:00+09:00,1959.1719547394785,1997.389888148154,1951.1260740218625,1995.37841796875,90400,0.0,0.0
2012-10-18 00:00:00+09:00,1995.3783492967993,2075.8371537039284,1991.3554090764428,2073.82568359375,85200,0.0,0.0
2012-10-19 00:00:00+09:00,2073.825160264969,2077.8480994701385,2039.6301770210266,2059.744873046875,87200,0.0,0.0
2012-10-22 00:00:00+09:00,2037.619221610542,2108.0206754667797,2035.6077515003637,2073.82568359375,75200,0.0,0.0
2012-10-23 00:00:00+09:00,2081.8710386753082,2083.882508277893,2051.6989946365356,2059.744873046875,37600,0.0,0.0
2012-10-24 00:00:00+09:00,2025.5498350544483,2061.756286922353,2025.5498350544483,2037.61865234375,70000,0.0,0.0
2012-10-25 00:00:00+09:00,2037.6190002736262,2081.871337890625,2037.6190002736262,2081.871337890625,60400,0.0,0.0
2012-10-26 00:00:00+09:00,2108.0206754667797,2116.066555907493,2051.6995123817896,2073.82568359375,114800,0.0,0.0
2012-10-29 00:00:00+09:00,2093.9398562908173,2099.974265098572,2051.6989946365356,2059.744873046875,96000,0.0,0.0
2012-10-30 00:00:00+09:00,2039.6303998161764,2075.836856617647,2013.4812921262255,2051.69921875,151600,0.0,0.0
2012-10-31 00:00:00+09:00,2069.802001953125,2083.882287680697,2059.744655004859,2069.802001953125,122000,0.0,0.0
2012-11-01 00:00:00+09:00,2110.031824771556,2154.2841604674322,2079.8597777061855,2146.23828125,101200,0.0,0.0
2012-11-02 00:00:00+09:00,2172.387328549208,2230.719951260252,2172.387328549208,2222.674072265625,90400,0.0,0.0
2012-11-05 00:00:00+09:00,2234.743254724801,2278.99559640252,2234.743254724801,2274.97265625,97600,0.0,0.0
2012-11-06 00:00:00+09:00,2246.811748275003,2256.869097192975,2220.662641088275,2238.765869140625,44000,0.0,0.0
2012-11-07 00:00:00+09:00,2238.7660714854364,2240.7775414508324,2220.662841796875,2220.662841796875,45200,0.0,0.0
2012-11-08 00:00:00+09:00,2200.5480292426214,2206.58243882921,2154.284222412109,2172.387451171875,58400,0.0,0.0
2012-11-09 00:00:00+09:00,2154.2842505017697,2198.536588047091,2154.2842505017697,2184.456298828125,30400,0.0,0.0
2012-11-12 00:00:00+09:00,2170.37568217778,2170.37568217778,2150.260986328125,2150.260986328125,23200,0.0,0.0
2012-11-13 00:00:00+09:00,2148.249751054358,2148.249751054358,2132.157992619494,2146.23828125,35200,0.0,0.0
2012-11-14 00:00:00+09:00,2126.12333636257,2156.295379924953,2124.111866791745,2144.2265625,40400,0.0,0.0
2012-11-15 00:00:00+09:00,2144.226811445642,2156.2956302717903,2128.135053010778,2146.23828125,59200,0.0,0.0
2012-11-16 00:00:00+09:00,2150.261011333217,2160.318359375,2138.192193683077,2160.318359375,39600,0.0,0.0
2012-11-19 00:00:00+09:00,2194.5142064587826,2232.732144059806,2192.5027360587287,2216.640380859375,67600,0.0,0.0
2012-11-20 00:00:00+09:00,2216.6398550866948,2220.662794932587,2162.3301671671475,2200.548095703125,54400,0.0,0.0
2012-11-21 00:00:00+09:00,2212.616971172864,2232.731670910799,2206.582561251483,2224.685791015625,54000,0.0,0.0
2012-11-22 00:00:00+09:00,2242.788769752192,2248.823178998162,2216.639663019655,2222.674072265625,49200,0.0,0.0
2012-11-26 00:00:00+09:00,2230.719806423611,2283.0180164930557,2204.5707013888887,2262.9033203125,64400,0.0,0.0
2012-11-27 00:00:00+09:00,2262.903325299387,2289.0524303917355,2258.8803860544103,2264.914794921875,43200,0.0,0.0
2012-11-28 00:00:00+09:00,2260.891769753156,2264.9147088452437,2228.708257016456,2230.7197265625,41200,0.0,0.0
2012-11-29 00:00:00+09:00,2200.5479574442766,2248.823232561884,2200.5479574442766,2244.80029296875,45200,0.0,0.0
2012-11-30 00:00:00+09:00,2244.8004813816237,2244.8004813816237,2214.628431900688,2220.662841796875,46400,0.0,0.0
2012-12-03 00:00:00+09:00,2226.6975229624154,2236.7548740146394,2218.651642120636,2232.73193359375,47200,0.0,0.0
2012-12-04 00:00:00+09:00,2236.7544328962053,2264.9150102887834,2224.685614013672,2252.84619140625,42800,0.0,0.0
2012-12-05 00:00:00+09:00,2222.6742219002017,2222.6742219002017,2164.3415952620967,2182.44482421875,93600,0.0,0.0
2012-12-06 00:00:00+09:00,2204.570577059659,2232.73115012429,2204.570577059659,2212.616455078125,62800,0.0,0.0
2012-12-07 00:00:00+09:00,2234.7426350542555,2238.765574091257,2210.6050008322472,2218.65087890625,36800,0.0,0.0
2012-12-10 00:00:00+09:00,2218.6513485270702,2218.6513485270702,2184.4563594745223,2210.60546875,26800,0.0,0.0
2012-12-11 00:00:00+09:00,2210.6059144355486,2210.6059144355486,2190.4912109375,2190.4912109375,19600,0.0,0.0
2012-12-12 00:00:00+09:00,2204.5706702686916,2204.5706702686916,2152.2724609375,2152.2724609375,44800,0.0,0.0
2012-12-13 00:00:00+09:00,2194.513561463088,2194.513561463088,2110.0318294910903,2148.249755859375,59600,0.0,0.0
2012-12-14 00:00:00+09:00,2150.2611673528495,2160.3185161243787,2124.112060546875,2124.112060546875,72800,0.0,0.0
2012-12-17 00:00:00+09:00,2103.9975956549456,2150.2614051196333,2083.8828958876898,2120.08935546875,93200,0.0,0.0
2012-12-18 00:00:00+09:00,2128.134805933396,2160.318319066604,2124.111866791745,2144.2265625,55200,0.0,0.0
2012-12-19 00:00:00+09:00,2144.2267678734934,2148.2497074004605,2118.077660948207,2128.135009765625,64000,0.0,0.0
2012-12-20 00:00:00+09:00,2144.2268400876633,2180.433297049744,2144.2268400876633,2158.30712890625,111200,0.0,0.0
2012-12-21 00:00:00+09:00,2178.421570679053,2192.5018578394897,2150.2609963581785,2154.283935546875,65600,0.0,0.0
2012-12-25 00:00:00+09:00,2158.306849495779,2176.410075633208,2144.2265625,2144.2265625,29600,0.0,0.0
2012-12-26 00:00:00+09:00,2166.352078986036,2184.4552997017963,2146.237389301857,2176.409423828125,51200,0.0,0.0
2012-12-27 00:00:00+09:00,2176.4103331833744,2178.4218029922313,2148.249755859375,2148.249755859375,37600,0.0,0.0
2012-12-28 00:00:00+09:00,2154.2841215917138,2154.2841215917138,2118.077665766643,2130.146484375,66400,0.0,0.0
2013-01-04 00:00:00+09:00,2152.2728629734206,2226.6972516930623,2152.2728629734206,2220.662841796875,88000,0.0,0.0
2013-01-07 00:00:00+09:00,2272.960850557835,2293.075548350382,2224.6855758557217,2236.75439453125,72000,0.0,0.0
2013-01-08 00:00:00+09:00,2222.6741108718693,2256.869097192975,2204.5708828195193,2238.765869140625,46400,0.0,0.0
2013-01-09 00:00:00+09:00,2188.479119829137,2250.834682986033,2188.479119829137,2236.75439453125,53200,0.0,0.0
2013-01-10 00:00:00+09:00,2230.7202009370058,2262.903720517702,2222.6743210418317,2224.685791015625,66800,0.0,0.0
2013-01-11 00:00:00+09:00,2238.7654893663193,2287.040755983383,2230.719611596809,2281.00634765625,93200,0.0,0.0
2013-01-15 00:00:00+09:00,2293.0758731923206,2301.1217534491357,2260.89235216506,2268.938232421875,73600,0.0,0.0
2013-01-16 00:00:00+09:00,2299.109567425047,2299.109567425047,2254.857239793069,2278.994873046875,57200,0.0,0.0
2013-01-17 00:00:00+09:00,2272.9608992034314,2285.029718137255,2222.6741536458335,2256.869140625,46800,0.0,0.0
2013-01-18 00:00:00+09:00,2278.9950972929582,2301.121263286094,2268.9377491142604,2270.94921875,34400,0.0,0.0
2013-01-21 00:00:00+09:00,2264.9153058687,2283.0185365550396,2246.812075182361,2274.97265625,27600,0.0,0.0
2013-01-22 00:00:00+09:00,2274.972143034317,2293.075369636712,2240.777159452015,2264.914794921875,38000,0.0,0.0
2013-01-23 00:00:00+09:00,2262.9033203125,2281.006546875,2232.7312760416667,2262.9033203125,60000,0.0,0.0
2013-01-24 00:00:00+09:00,2260.892080269608,2363.477041207108,2254.8576708026962,2359.4541015625,102000,0.0,0.0
2013-01-25 00:00:00+09:00,2353.419790603408,2407.729478078871,2337.3280313514188,2401.695068359375,75600,0.0,0.0
2013-01-28 00:00:00+09:00,2401.694972699505,2415.775261484175,2355.4311666927306,2361.465576171875,50800,0.0,0.0
2013-01-29 00:00:00+09:00,2377.5572959939163,2385.6031751681767,2331.2934907419194,2345.373779296875,57200,0.0,0.0
2013-01-30 00:00:00+09:00,2345.374087162341,2377.5576080839514,2337.3282069319384,2373.53466796875,28000,0.0,0.0
2013-01-31 00:00:00+09:00,2353.4201703938943,2371.523402473847,2315.2022360028823,2355.431640625,54800,0.0,0.0
2013-02-01 00:00:00+09:00,2379.568512984509,2379.568512984509,2333.304712647532,2343.362060546875,28800,0.0,0.0
2013-02-04 00:00:00+09:00,2345.3739153577485,2357.4427348192803,2289.0527578705983,2299.110107421875,39600,0.0,0.0
2013-02-05 00:00:00+09:00,2297.0982552754513,2371.5226295707153,2297.0982552754513,2341.3505859375,61200,0.0,0.0
2013-02-06 00:00:00+09:00,2349.3969449225474,2367.5001748063682,2331.293715038726,2337.328125,36800,0.0,0.0
2013-02-07 00:00:00+09:00,2311.178415353723,2311.178415353723,2272.9604955175864,2291.063720703125,50800,0.0,0.0
2013-02-08 00:00:00+09:00,2291.0641276041665,2291.0641276041665,2256.869140625,2256.869140625,45600,0.0,0.0
2013-02-12 00:00:00+09:00,2266.9265515298043,2323.247708089551,2266.9265515298043,2283.018310546875,43600,0.0,0.0
2013-02-13 00:00:00+09:00,2289.0524303917355,2319.2244747290606,2236.7542202070385,2264.914794921875,36000,0.0,0.0
2013-02-14 00:00:00+09:00,2240.7774798063706,2256.869239086847,2192.5022019649405,2194.513671875,51600,0.0,0.0
2013-02-15 00:00:00+09:00,2192.5021736391127,2192.5021736391127,2156.2957157258065,2182.44482421875,68400,0.0,0.0
2013-02-18 00:00:00+09:00,2182.4454534426663,2287.0419175707943,2182.4454534426663,2250.83544921875,82400,0.0,0.0
2013-02-19 00:00:00+09:00,2272.960946989565,2293.07564563549,2252.8462483436397,2276.98388671875,19200,0.0,0.0
2013-02-20 00:00:00+09:00,2278.9956856469917,2341.351260452867,2278.9956856469917,2315.2021484375,40400,0.0,0.0
2013-02-21 00:00:00+09:00,2313.1899260809446,2351.4078465988036,2303.132578576245,2307.155517578125,25600,0.0,0.0
2013-02-22 00:00:00+09:00,2283.018026546556,2291.063905054209,2218.650998485332,2266.92626953125,46000,0.0,0.0
2013-02-25 00:00:00+09:00,2252.8459821428573,2285.0294961734694,2250.834512515944,2266.92626953125,55600,0.0,0.0
2013-02-26 00:00:00+09:00,2232.7314307566903,2248.823188816198,2204.570854152552,2226.697021484375,54800,0.0,0.0
2013-02-27 00:00:00+09:00,2208.5938697928814,2242.7888568479625,2150.261244816567,2156.295654296875,140000,0.0,0.0
2013-02-28 00:00:00+09:00,2190.4901676330837,2260.891596344891,2180.4328206742543,2258.880126953125,95600,0.0,0.0
2013-03-01 00:00:00+09:00,2258.880183790096,2299.109572637649,2234.742550481564,2281.00634765625,43600,0.0,0.0
2013-03-04 00:00:00+09:00,2299.110107421875,2355.4312649090252,2295.0871676013644,2299.110107421875,65600,0.0,0.0
2013-03-05 00:00:00+09:00,2343.36230950331,2363.4770074389608,2323.2476115676595,2345.373779296875,78000,0.0,0.0
2013-03-06 00:00:00+09:00,2355.431157134906,2395.660553499293,2339.3393985891503,2357.442626953125,42400,0.0,0.0
2013-03-07 00:00:00+09:00,2315.201650382126,2353.4195751060706,2276.983725658181,2311.1787109375,90400,0.0,0.0
2013-03-08 00:00:00+09:00,2303.132578576245,2317.2128650828245,2295.086700572485,2307.155517578125,140400,0.0,0.0
2013-03-11 00:00:00+09:00,2305.1447709129366,2323.248002098117,2285.03006959607,2303.13330078125,81600,0.0,0.0
2013-03-12 00:00:00+09:00,2303.1327977489464,2331.2933734419466,2285.029570517732,2297.098388671875,87200,0.0,0.0
2013-03-13 00:00:00+09:00,2297.098427734375,2327.2704736328124,2287.0410791015624,2313.190185546875,64800,0.0,0.0
2013-03-14 00:00:00+09:00,2321.2358651214677,2343.3620302136133,2307.1555782446476,2331.293212890625,47200,0.0,0.0
2013-03-15 00:00:00+09:00,2349.3966548472567,2451.9816115229505,2347.385185108518,2419.798095703125,107200,0.0,0.0
2013-03-18 00:00:00+09:00,2431.86700094537,2496.2340348827165,2375.545846250192,2456.004638671875,115200,0.0,0.0
2013-03-19 00:00:00+09:00,2456.0042426083915,2514.3368577071983,2456.0042426083915,2492.210693359375,96800,0.0,0.0
2013-03-21 00:00:00+09:00,2484.1652025924695,2566.63546437894,2484.1652025924695,2552.55517578125,124800,0.0,0.0
2013-03-22 00:00:00+09:00,2530.4287008297674,2647.0939350492636,2524.3942921632415,2526.40576171875,171600,0.0,0.0
2013-03-25 00:00:00+09:00,2466.061411027428,2528.416960572167,2441.9237789455933,2516.34814453125,137600,0.0,0.0
2013-03-26 00:00:00+09:00,2474.107592618918,2552.5549065312252,2474.107592618918,2542.49755859375,66400,0.0,0.0
2013-03-27 00:00:00+09:00,2466.9340066377827,2511.383268018644,2462.893164694068,2499.2607421875,49600,14.0,0.0
2013-03-28 00:00:00+09:00,2483.0974889945514,2493.199594319997,2406.321488521164,2450.770751953125,86800,0.0,0.0
2013-03-29 00:00:00+09:00,2432.586892361111,2456.8319444444446,2420.4643663194447,2454.8115234375,48400,0.0,0.0
2013-04-01 00:00:00+09:00,2418.4441383201756,2418.4441383201756,2305.300552901688,2311.36181640625,69200,0.0,0.0
2013-04-02 00:00:00+09:00,2341.6680297851562,2376.0151881167762,2279.034976356908,2303.280029296875,64400,0.0,0.0
2013-04-03 00:00:00+09:00,2272.9735854984256,2378.035475672575,2272.9735854984256,2345.708740234375,50800,0.0,0.0
2013-04-04 00:00:00+09:00,2345.7091230912642,2400.260498046875,2303.280275903567,2400.260498046875,58800,0.0,0.0
2013-04-05 00:00:00+09:00,2422.484426536307,2468.954102775119,2396.2189573578485,2440.668212890625,63200,0.0,0.0
2013-04-08 00:00:00+09:00,2442.6890135516087,2523.5058543639034,2406.321435186076,2460.872802734375,71200,0.0,0.0
2013-04-09 00:00:00+09:00,2477.0360088611365,2501.281059518831,2452.7909582034417,2491.178955078125,58400,0.0,0.0
2013-04-10 00:00:00+09:00,2497.2404810206194,2563.914377358549,2485.1179544137235,2559.87353515625,72800,0.0,0.0
2013-04-11 00:00:00+09:00,2598.261647858235,2616.445438550866,2547.7511181564805,2602.302490234375,88800,0.0,0.0
2013-04-12 00:00:00+09:00,2604.3224424692276,2604.3224424692276,2555.832342687023,2580.077392578125,40000,0.0,0.0
2013-04-15 00:00:00+09:00,2580.0772884395865,2606.3427580948055,2557.852660269786,2571.99560546875,28800,0.0,0.0
2013-04-16 00:00:00+09:00,2527.5465362978653,2590.1795839599226,2507.342327374621,2582.097900390625,66400,0.0,0.0
2013-04-17 00:00:00+09:00,2582.0980036076444,2598.2613713923556,2569.975477769111,2590.1796875,28000,0.0,0.0
2013-04-18 00:00:00+09:00,2584.118429575057,2594.2205344600256,2545.730431012175,2561.893798828125,30800,0.0,0.0
2013-04-19 00:00:00+09:00,2553.811854619565,2565.934379245924,2531.5872261379077,2555.832275390625,22000,0.0,0.0
2013-04-22 00:00:00+09:00,2590.179692506038,2606.3430603219886,2559.8733778511314,2561.893798828125,35600,0.0,0.0
2013-04-23 00:00:00+09:00,2580.0781291507683,2620.4865571719233,2557.853493739133,2614.42529296875,62400,0.0,0.0
2013-04-24 00:00:00+09:00,2620.4859267412608,2636.6492940611756,2606.3429803363347,2622.50634765625,35600,0.0,0.0
2013-04-25 00:00:00+09:00,2626.5470250163125,2719.4863812861204,2618.465341862416,2709.38427734375,86400,0.0,0.0
2013-04-26 00:00:00+09:00,2719.4867087683547,2725.5479718636775,2646.7515516244757,2648.77197265625,100800,0.0,0.0
2013-04-30 00:00:00+09:00,2616.4453991548517,2675.037612726659,2612.4045568395545,2618.4658203125,48800,0.0,0.0
2013-05-01 00:00:00+09:00,2580.0775826345553,2608.3634762578004,2569.975477769111,2590.1796875,47200,0.0,0.0
2013-05-02 00:00:00+09:00,2592.2002434981496,2626.5474018297696,2584.118559184827,2610.384033203125,35200,0.0,0.0
2013-05-07 00:00:00+09:00,2640.690256076389,2737.670464409722,2640.690256076389,2727.568359375,70000,0.0,0.0
2013-05-08 00:00:00+09:00,2751.813256708115,2759.8949402814137,2687.1597881217276,2701.302734375,64400,0.0,0.0
2013-05-09 00:00:00+09:00,2699.2823931833395,2715.445760807192,2640.690185546875,2640.690185546875,32800,0.0,0.0
2013-05-10 00:00:00+09:00,2642.7109217852008,2675.037660889607,2622.506709844947,2636.649658203125,62800,0.0,0.0
2013-05-13 00:00:00+09:00,2664.9351868710273,2664.9351868710273,2590.1796130164194,2622.50634765625,68400,0.0,0.0
2013-05-14 00:00:00+09:00,2727.5681619998404,2786.1603669613187,2707.3639533924343,2774.037841796875,158000,0.0,0.0
2013-05-15 00:00:00+09:00,2774.037841796875,2808.3849964294654,2747.772370607247,2774.037841796875,98000,0.0,0.0
2013-05-16 00:00:00+09:00,2774.0380585197045,2828.5894260215487,2753.833848333836,2824.548583984375,119600,0.0,0.0
2013-05-17 00:00:00+09:00,2828.5893049568963,2988.20255859375,2780.099202586207,2929.6103515625,162800,0.0,0.0
2013-05-20 00:00:00+09:00,2986.1823145338326,2988.202735585615,2919.5084198250256,2933.6513671875,74000,0.0,0.0
2013-05-21 00:00:00+09:00,2931.6312057023197,2961.937524162371,2923.549520779639,2939.712890625,90400,0.0,0.0
2013-05-22 00:00:00+09:00,2931.6303010211072,2935.6711422354715,2877.078944627193,2879.099365234375,76800,0.0,0.0
2013-05-23 00:00:00+09:00,2846.773520408762,2897.2840512889748,2689.1806640625,2689.1806640625,109200,0.0,0.0
2013-05-24 00:00:00+09:00,2687.159907023112,2788.180956159319,2668.976118178595,2715.44580078125,146400,0.0,0.0
2013-05-27 00:00:00+09:00,2737.670386499929,2737.670386499929,2654.833127572625,2668.97607421875,76400,0.0,0.0
2013-05-28 00:00:00+09:00,2656.853201597499,2689.1799325675065,2606.342684456862,2660.89404296875,73600,0.0,0.0
2013-05-29 00:00:00+09:00,2660.8947583280087,2751.8137136239548,2648.772230955216,2717.466552734375,73600,0.0,0.0
2013-05-30 00:00:00+09:00,2668.976194861896,2689.1804052696316,2590.1797742717263,2592.2001953125,53200,0.0,0.0
2013-05-31 00:00:00+09:00,2606.342934283088,2646.7513518688725,2559.873254059436,2576.03662109375,78000,0.0,0.0
2013-06-03 00:00:00+09:00,2571.9963578925076,2574.01677922628,2426.526021860881,2515.424560546875,49200,0.0,0.0
2013-06-04 00:00:00+09:00,2462.8935513671877,2539.6695603515627,2456.8322875,2525.526611328125,67200,0.0,0.0
2013-06-05 00:00:00+09:00,2485.1177295918365,2563.914145408163,2472.9952040816324,2475.015625,55600,0.0,0.0
2013-06-06 00:00:00+09:00,2414.4030058055296,2472.9952126409776,2396.2192174772867,2418.44384765625,69600,0.0,0.0
2013-06-07 00:00:00+09:00,2357.831074117377,2382.0761237226966,2307.3205541062935,2335.6064453125,86400,0.0,0.0
2013-06-10 00:00:00+09:00,2396.2192726227768,2543.7100035683607,2396.2192726227768,2499.2607421875,64400,0.0,0.0
2013-06-11 00:00:00+09:00,2501.2809832430225,2596.2407620898903,2475.0155124981443,2551.79150390625,78800,0.0,0.0
2013-06-12 00:00:00+09:00,2551.791561016316,2580.077453220772,2507.3423018378844,2513.403564453125,44800,0.0,0.0
2013-06-13 00:00:00+09:00,2406.3212522072427,2549.771133741008,2406.3212522072427,2422.484619140625,44400,0.0,0.0
2013-06-14 00:00:00+09:00,2361.8722846000837,2485.117972675879,2361.8722846000837,2412.3828125,127200,0.0,0.0
2013-06-17 00:00:00+09:00,2392.178908166394,2493.1999769234208,2386.1176440409727,2470.975341796875,89600,0.0,0.0
2013-06-18 00:00:00+09:00,2521.4855222005745,2529.5672065666017,2434.607415265779,2462.893310546875,66800,0.0,0.0
2013-06-19 00:00:00+09:00,2470.9749343699514,2509.362934168013,2424.505250403877,2501.28125,50800,0.0,0.0
2013-06-20 00:00:00+09:00,2475.0156889025798,2475.0156889025798,2406.321375904467,2408.341796875,80000,0.0,0.0
2013-06-21 00:00:00+09:00,2373.9946419323464,2509.3628470467866,2371.9742209604888,2499.2607421875,83200,0.0,0.0
2013-06-24 00:00:00+09:00,2495.219357299805,2495.219357299805,2414.402536010742,2424.504638671875,62000,0.0,0.0
2013-06-25 00:00:00+09:00,2410.3621270017507,2440.668440417531,2410.3621270017507,2434.607177734375,50800,0.0,0.0
2013-06-26 00:00:00+09:00,2464.9136454004156,2472.9953294836955,2369.953857421875,2369.953857421875,37600,0.0,0.0
2013-06-27 00:00:00+09:00,2369.9537091140432,2434.607177734375,2343.6882374870333,2434.607177734375,47200,0.0,0.0
2013-06-28 00:00:00+09:00,2446.7303916937203,2574.0169438627577,2446.7303916937203,2547.75146484375,81600,0.0,0.0
2013-07-01 00:00:00+09:00,2584.118321282949,2612.4042137754914,2539.6690616518117,2582.097900390625,40400,0.0,0.0
2013-07-02 00:00:00+09:00,2624.526538030827,2727.5679956440463,2592.199806230601,2685.13916015625,68800,0.0,0.0
2013-07-03 00:00:00+09:00,2685.1390722874557,2753.8333751149753,2632.6081348311172,2711.404541015625,52800,0.0,0.0
2013-07-04 00:00:00+09:00,2717.4665683101125,2743.732044435043,2709.3848833485954,2723.52783203125,31200,0.0,0.0
2013-07-05 00:00:00+09:00,2755.8546097169037,2780.0996649343547,2723.5278694269696,2769.99755859375,44400,0.0,0.0
2013-07-08 00:00:00+09:00,2798.2834970609983,2814.446867441134,2751.813807218108,2753.834228515625,50800,0.0,0.0
2013-07-09 00:00:00+09:00,2784.140318819345,2832.6304259685935,2767.9769497695956,2822.5283203125,81600,0.0,0.0
2013-07-10 00:00:00+09:00,2828.589272619585,2830.6096935285987,2769.997066258179,2798.282958984375,60400,0.0,0.0
2013-07-11 00:00:00+09:00,2798.283067294034,2798.283067294034,2747.7725426136362,2778.078857421875,39600,0.0,0.0
2013-07-12 00:00:00+09:00,2782.1197642661205,2834.650711158582,2763.935974957192,2802.323974609375,52800,0.0,0.0
2013-07-16 00:00:00+09:00,2802.3239688587396,2848.793652552864,2772.0176534060492,2830.60986328125,104800,0.0,0.0
2013-07-17 00:00:00+09:00,2800.3035535750496,2812.426079781002,2753.8338697855647,2802.323974609375,43600,0.0,0.0
2013-07-18 00:00:00+09:00,2810.4056206597224,2828.589409722222,2780.0993055555555,2818.4873046875,102400,0.0,0.0
2013-07-19 00:00:00+09:00,2814.4464902557597,2814.4464902557597,2763.935964587135,2767.976806640625,43600,0.0,0.0
2013-07-22 00:00:00+09:00,2767.976579214653,2778.0786835183562,2755.8540540502095,2774.037841796875,21200,0.0,0.0
2013-07-23 00:00:00+09:00,2778.0790625494283,2796.2628527770244,2745.752324367035,2794.242431640625,46000,0.0,0.0
2013-07-24 00:00:00+09:00,2802.324109000313,2828.589583706156,2763.9361075071583,2822.5283203125,38400,0.0,0.0
2013-07-25 00:00:00+09:00,2804.344199934555,2804.344199934555,2662.9147374018326,2701.302734375,53200,0.0,0.0
2013-07-26 00:00:00+09:00,2691.2013062089454,2691.2013062089454,2555.833072338075,2614.42529296875,70000,0.0,0.0
2013-07-29 00:00:00+09:00,2666.9561605798194,2719.4871152579067,2475.0161338714233,2515.424560546875,96800,0.0,0.0
2013-07-30 00:00:00+09:00,2501.281447060618,2561.8940830960128,2430.5667050193247,2483.09765625,120800,0.0,0.0
2013-07-31 00:00:00+09:00,2501.2810427782015,2565.934510766006,2456.8317835365856,2485.11767578125,55600,0.0,0.0
2013-08-01 00:00:00+09:00,2470.9752626930363,2604.3230691834206,2470.9752626930363,2600.2822265625,62800,0.0,0.0
2013-08-02 00:00:00+09:00,2600.2821313476566,2626.547607421875,2571.9962340369593,2626.547607421875,42000,0.0,0.0
2013-08-05 00:00:00+09:00,2628.5680286583533,2648.772241023137,2571.9962340369593,2626.547607421875,33600,0.0,0.0
2013-08-06 00:00:00+09:00,2626.5471768881735,2626.5471768881735,2521.4852898126464,2588.1591796875,52400,0.0,0.0
2013-08-07 00:00:00+09:00,2596.240640293189,2600.2814817566805,2505.3217073646338,2509.362548828125,31600,0.0,0.0
2013-08-08 00:00:00+09:00,2519.4653474609377,2582.098407421875,2515.4245048828125,2525.526611328125,37200,0.0,0.0
2013-08-09 00:00:00+09:00,2537.648996648226,2578.057420161733,2485.1180460806668,2533.608154296875,64800,0.0,0.0
2013-08-12 00:00:00+09:00,2535.6283855209167,2565.9347008857085,2519.4650173263612,2523.505859375,11200,0.0,0.0
2013-08-13 00:00:00+09:00,2525.5257220005246,2541.689086621328,2503.30109564692,2527.546142578125,44400,0.0,0.0
2013-08-14 00:00:00+09:00,2527.54679753786,2586.139009471192,2517.4446920321134,2559.87353515625,32800,0.0,0.0
2013-08-15 00:00:00+09:00,2559.8730863420874,2561.893507089003,2483.097097959294,2487.137939453125,47600,0.0,0.0
2013-08-16 00:00:00+09:00,2483.097813907586,2493.199920554891,2464.9140219424366,2481.077392578125,20400,0.0,0.0
2013-08-19 00:00:00+09:00,2503.3010774238373,2505.3214979867303,2477.035610106235,2493.198974609375,17200,0.0,0.0
2013-08-20 00:00:00+09:00,2444.709418402778,2527.5466796875003,2444.709418402778,2454.8115234375,37600,0.0,0.0
2013-08-21 00:00:00+09:00,2454.811712546427,2501.2813992859888,2404.3011834816857,2464.913818359375,63200,0.0,0.0
2013-08-22 00:00:00+09:00,2489.1583602000405,2495.2196224407876,2468.9541527308843,2487.137939453125,12800,0.0,0.0
2013-08-23 00:00:00+09:00,2523.505800265243,2563.914219805119,2456.831908024448,2561.893798828125,34000,0.0,0.0
2013-08-26 00:00:00+09:00,2561.893588414933,2614.4245295023056,2531.5872762491417,2574.01611328125,26000,0.0,0.0
2013-08-27 00:00:00+09:00,2571.99598045471,2571.99598045471,2499.2608231127074,2529.567138671875,31200,0.0,0.0
2013-08-28 00:00:00+09:00,2515.424363715797,2535.6285754725504,2468.954676675264,2533.608154296875,22400,0.0,0.0
2013-08-29 00:00:00+09:00,2549.771140144569,2549.771140144569,2497.2401974791496,2513.403564453125,21200,0.0,0.0
2013-08-30 00:00:00+09:00,2543.710365052911,2580.0779477145097,2440.668880845049,2479.056884765625,82400,0.0,0.0
2013-09-02 00:00:00+09:00,2505.322334884752,2586.1391843971633,2505.322334884752,2563.91455078125,47600,0.0,0.0
2013-09-03 00:00:00+09:00,2576.036220816679,2614.4242115582606,2571.995379685986,2606.342529296875,33200,0.0,0.0
2013-09-04 00:00:00+09:00,2604.3225594213454,2622.50634765625,2571.995824781515,2622.50634765625,30800,0.0,0.0
2013-09-05 00:00:00+09:00,2610.38366822714,2610.38366822714,2578.056935493677,2596.24072265625,25200,0.0,0.0
2013-09-06 00:00:00+09:00,2622.506963397439,2634.6294917336368,2569.9760072739155,2608.364013671875,53200,0.0,0.0
2013-09-09 00:00:00+09:00,2666.9553394274376,2683.118705120937,2614.424400923564,2673.0166015625,35200,0.0,0.0
2013-09-10 00:00:00+09:00,2689.1806169703223,2701.303144169287,2634.6292445749814,2670.996826171875,36000,0.0,0.0
2013-09-11 00:00:00+09:00,2670.996974119265,2701.3032937953535,2670.996974119265,2697.262451171875,24800,0.0,0.0
2013-09-12 00:00:00+09:00,2707.3644551793764,2721.507403825836,2658.874345534373,2689.1806640625,36000,0.0,0.0
2013-09-13 00:00:00+09:00,2648.772185367277,2689.1806092477846,2618.4658674568964,2636.649658203125,71200,0.0,0.0
2013-09-17 00:00:00+09:00,2640.690587275974,2648.7722723173692,2626.547638453532,2638.670166015625,17600,0.0,0.0
2013-09-18 00:00:00+09:00,2656.853527722058,2697.2619463946367,2654.833106788429,2691.20068359375,26000,0.0,0.0
2013-09-19 00:00:00+09:00,2697.2622936500047,2707.364399618731,2660.894712162589,2699.28271484375,31200,0.0,0.0
2013-09-20 00:00:00+09:00,2699.28271484375,2719.4869267812032,2689.180608875023,2699.28271484375,36000,0.0,0.0
2013-09-24 00:00:00+09:00,2689.1797561935596,2689.1797561935596,2636.6488218126187,2656.85302734375,48800,0.0,0.0
2013-09-25 00:00:00+09:00,2656.8533584919383,2699.282195395612,2642.7104128573806,2658.873779296875,28000,0.0,0.0
2013-09-26 00:00:00+09:00,2714.56787109375,2743.4462527011306,2660.936590965758,2714.56787109375,44600,67.5,0.2
2013-09-27 00:00:00+09:00,2702.1918989972373,2726.9448018888147,2669.1880284751337,2706.3173828125,58600,0.0,0.0
2013-09-30 00:00:00+09:00,2698.0663561309293,2698.0663561309293,2611.4311979065415,2652.68603515625,68000,0.0,0.0
2013-10-01 00:00:00+09:00,2648.5602525155755,2656.8112190343154,2603.179936662505,2607.305419921875,60800,0.0,0.0
2013-10-02 00:00:00+09:00,2590.8038013599535,2594.929285120081,2429.9099347149886,2450.537353515625,107400,0.0,0.0
2013-10-03 00:00:00+09:00,2462.9133668609015,2508.293680153146,2458.7878838343336,2491.791748046875,58800,0.0,0.0
2013-10-04 00:00:00+09:00,2471.164545882107,2504.1684129389632,2438.160678825251,2467.0390625,54400,0.0,0.0
2013-10-07 00:00:00+09:00,2471.164317202449,2533.0465622075185,2471.164317202449,2479.415283203125,67000,0.0,0.0
2013-10-08 00:00:00+09:00,2471.1645846225247,2504.1684521967823,2467.0391011757424,2500.04296875,52400,0.0,0.0
2013-10-09 00:00:00+09:00,2487.666565734071,2549.548818613028,2487.666565734071,2541.2978515625,69600,0.0,0.0
2013-10-10 00:00:00+09:00,2533.04692195012,2586.678208571214,2524.795954777644,2574.3017578125,54000,0.0,0.0
2013-10-11 00:00:00+09:00,2607.3058562247984,2607.3058562247984,2545.4235969789565,2557.800048828125,65800,0.0,0.0
2013-10-15 00:00:00+09:00,2570.175770242049,2599.054149682971,2553.673839132951,2561.9248046875,67400,0.0,0.0
2013-10-16 00:00:00+09:00,2566.050309375,2582.5522406249997,2545.4228953125,2578.4267578125,50000,0.0,0.0
2013-10-17 00:00:00+09:00,2586.6782504258,2611.43115234375,2570.176315813833,2611.43115234375,59600,0.0,0.0
2013-10-18 00:00:00+09:00,2611.4304256980727,2627.9323557182815,2586.677530667759,2615.555908203125,45800,0.0,0.0
2013-10-21 00:00:00+09:00,2615.5561737730213,2632.05810546875,2594.9287591533603,2632.05810546875,28800,0.0,0.0
2013-10-22 00:00:00+09:00,2632.058344626913,2636.1838279257013,2603.1799615353953,2627.932861328125,47800,0.0,0.0
2013-10-23 00:00:00+09:00,2611.430877831564,2636.183777147503,2578.427012076979,2586.677978515625,71000,0.0,0.0
2013-10-24 00:00:00+09:00,2561.9253485078493,2623.807603302725,2561.9253485078493,2611.43115234375,52000,0.0,0.0
2013-10-25 00:00:00+09:00,2611.4306203124997,2611.4306203124997,2570.1757921875,2578.4267578125,70600,0.0,0.0
2013-10-28 00:00:00+09:00,2607.305668690758,2615.5566359967415,2582.552766772808,2611.43115234375,30800,0.0,0.0
2013-10-29 00:00:00+09:00,2586.678208571214,2632.0585280198316,2541.297889122596,2574.3017578125,120800,0.0,0.0
2013-10-30 00:00:00+09:00,2561.9250891947786,2607.3054047843802,2561.9250891947786,2594.928955078125,102200,0.0,0.0
2013-10-31 00:00:00+09:00,2561.925302373846,2611.4311053182682,2541.297884480337,2570.17626953125,92600,0.0,0.0
2013-11-01 00:00:00+09:00,2582.552443938665,2582.552443938665,2541.2976125658424,2545.423095703125,41000,0.0,0.0
2013-11-05 00:00:00+09:00,2566.0507382366436,2574.30170524062,2516.5449362127856,2528.92138671875,65400,0.0,0.0
2013-11-06 00:00:00+09:00,2512.4190381327376,2599.054177378694,2512.4190381327376,2582.55224609375,56600,0.0,0.0
2013-11-07 00:00:00+09:00,2578.427464203226,2578.427464203226,2528.921656890524,2553.674560546875,71400,0.0,0.0
2013-11-08 00:00:00+09:00,2520.6704339361813,2553.6743021382918,2520.6704339361813,2541.2978515625,33400,0.0,0.0
2013-11-11 00:00:00+09:00,2574.3015288576557,2590.803461734948,2533.046696664424,2586.677978515625,75200,0.0,0.0
2013-11-12 00:00:00+09:00,2582.55250537187,2594.928955078125,2566.050572430197,2594.928955078125,58000,0.0,0.0
2013-11-13 00:00:00+09:00,2594.929122750561,2599.054606252549,2508.2939692088094,2528.92138671875,107200,0.0,0.0
2013-11-14 00:00:00+09:00,2528.920926090969,2570.175753596531,2520.669960589856,2549.54833984375,74400,0.0,0.0
2013-11-15 00:00:00+09:00,2561.9252547346555,2574.30170524062,2528.92138671875,2528.92138671875,93400,0.0,0.0
2013-11-18 00:00:00+09:00,2537.1721294285603,2570.175994526818,2533.046646291278,2545.423095703125,39800,0.0,0.0
2013-11-19 00:00:00+09:00,2528.920648313036,2549.5480598000922,2512.418719123392,2524.795166015625,48000,0.0,0.0
2013-11-20 00:00:00+09:00,2528.9214009867087,2545.423335087764,2516.5449504109174,2541.2978515625,42800,0.0,0.0
2013-11-21 00:00:00+09:00,2557.79934375,2578.4267578125,2545.4228953125,2578.4267578125,55000,0.0,0.0
2013-11-22 00:00:00+09:00,2594.9286500998683,2594.9286500998683,2541.2973743426373,2549.54833984375,45400,0.0,0.0
2013-11-25 00:00:00+09:00,2545.4233680590387,2570.17626953125,2528.9214337442313,2570.17626953125,43400,0.0,0.0
2013-11-26 00:00:00+09:00,2578.4274772815766,2578.4274772815766,2557.800057463324,2566.051025390625,32200,0.0,0.0
2013-11-27 00:00:00+09:00,2566.0502874647746,2574.3012530193237,2553.673839132951,2561.9248046875,29200,0.0,0.0
2013-11-28 00:00:00+09:00,2578.4272366886535,2578.4272366886535,2553.6743352164426,2570.17626953125,30000,0.0,0.0
2013-11-29 00:00:00+09:00,2557.799529532268,2566.050495756566,2520.6701815229285,2533.046630859375,35400,0.0,0.0
2013-12-02 00:00:00+09:00,2537.172113971524,2549.5485633079707,2533.046630859375,2533.046630859375,34200,0.0,0.0
2013-12-03 00:00:00+09:00,2528.9211217319635,2537.1720878713827,2512.419189453125,2512.419189453125,62200,0.0,0.0
2013-12-04 00:00:00+09:00,2508.2939356435645,2533.0468363242576,2483.5410349628714,2500.04296875,98000,0.0,0.0
2013-12-05 00:00:00+09:00,2487.666249203801,2500.0426982048148,2479.415283203125,2479.415283203125,61800,0.0,0.0
2013-12-06 00:00:00+09:00,2479.415283203125,2487.666249203801,2450.536902200759,2479.415283203125,89000,0.0,0.0
2013-12-09 00:00:00+09:00,2508.293701171875,2512.419184233013,2487.6662858661853,2508.293701171875,55000,0.0,0.0
2013-12-10 00:00:00+09:00,2512.4196510125157,2512.4196510125157,2483.541264219268,2487.666748046875,62600,0.0,0.0
2013-12-11 00:00:00+09:00,2495.917215204477,2495.917215204477,2467.038834202111,2479.415283203125,86200,0.0,0.0
2013-12-12 00:00:00+09:00,2475.2895220588234,2475.2895220588234,2450.5366268382354,2454.662109375,77200,0.0,0.0
2013-12-13 00:00:00+09:00,2438.1611035490687,2438.1611035490687,2396.9062625414704,2409.28271484375,195600,0.0,0.0
2013-12-16 00:00:00+09:00,2450.537279175227,2458.7882464451773,2384.529541015625,2384.529541015625,99000,0.0,0.0
2013-12-17 00:00:00+09:00,2392.7805808738426,2450.537353515625,2392.7805808738426,2450.537353515625,105400,0.0,0.0
2013-12-18 00:00:00+09:00,2429.909423828125,2450.536838291861,2413.407492257136,2429.909423828125,100800,0.0,0.0
2013-12-19 00:00:00+09:00,2429.909466358485,2462.913330078125,2429.909466358485,2462.913330078125,117400,0.0,0.0
2013-12-20 00:00:00+09:00,2442.2863586840986,2442.2863586840986,2413.4079726861446,2425.784423828125,73000,0.0,0.0
2013-12-24 00:00:00+09:00,2409.2826852253033,2421.659137375433,2380.404296875,2380.404296875,40800,0.0,0.0
2013-12-25 00:00:00+09:00,2372.152811508045,2372.152811508045,2347.3999126053527,2355.65087890625,63200,0.0,0.0
2013-12-26 00:00:00+09:00,2380.4036656322096,2462.9133247529103,2380.4036656322096,2458.787841796875,50200,0.0,0.0
2013-12-27 00:00:00+09:00,2483.5408131083504,2516.544677734375,2450.536948482326,2516.544677734375,74000,0.0,0.0
2013-12-30 00:00:00+09:00,2557.79934375,2607.3051375,2549.548378125,2578.4267578125,99000,0.0,0.0
2014-01-06 00:00:00+09:00,2578.4269608013824,2578.4269608013824,2520.6701968794314,2545.423095703125,80200,0.0,0.0
2014-01-07 00:00:00+09:00,2524.795680016714,2553.6740619776892,2524.795680016714,2545.423095703125,51000,0.0,0.0
2014-01-08 00:00:00+09:00,2553.674560546875,2553.674560546875,2520.6706890050737,2553.674560546875,45800,0.0,0.0
2014-01-09 00:00:00+09:00,2549.54833984375,2553.6738225943063,2524.7954433404125,2549.54833984375,79200,0.0,0.0
2014-01-10 00:00:00+09:00,2561.9255284323253,2561.9255284323253,2520.6706890050737,2553.674560546875,91200,0.0,0.0
2014-01-14 00:00:00+09:00,2570.1765006772935,2570.1765006772935,2524.796177230343,2557.800048828125,73800,0.0,0.0
2014-01-15 00:00:00+09:00,2566.050314808806,2586.677728914986,2545.4229007026256,2582.55224609375,51600,0.0,0.0
2014-01-16 00:00:00+09:00,2594.929217731783,2627.9330869557166,2574.3017994668244,2611.43115234375,68600,0.0,0.0
2014-01-17 00:00:00+09:00,2599.054478236607,2636.1838279257013,2578.4270617426655,2627.932861328125,59400,0.0,0.0
2014-01-20 00:00:00+09:00,2632.058862911248,2669.1882199115635,2623.807894688956,2656.811767578125,44400,0.0,0.0
2014-01-21 00:00:00+09:00,2660.9367724911717,2669.1877392275783,2640.309355650155,2665.062255859375,41000,0.0,0.0
2014-01-22 00:00:00+09:00,2669.1877539212974,2681.564204094039,2644.4348535758136,2677.438720703125,37200,0.0,0.0
2014-01-23 00:00:00+09:00,2673.312934708072,2673.312934708072,2623.8071396208857,2632.05810546875,57800,0.0,0.0
2014-01-24 00:00:00+09:00,2590.803461734948,2623.8073274895337,2557.799595980363,2586.677978515625,71000,0.0,0.0
2014-01-27 00:00:00+09:00,2574.3012363470875,2582.5522018481997,2537.1718915920815,2549.54833984375,79200,0.0,0.0
2014-01-28 00:00:00+09:00,2549.5490235983834,2574.3019267401155,2500.0432173149197,2504.168701171875,86800,0.0,0.0
2014-01-29 00:00:00+09:00,2508.2942498995176,2566.051025390625,2508.2942498995176,2566.051025390625,25800,0.0,0.0
2014-01-30 00:00:00+09:00,2495.917215204477,2545.4230112085324,2467.038834202111,2479.415283203125,47600,0.0,0.0
2014-01-31 00:00:00+09:00,2483.540487132353,2504.1678998161765,2413.4072840073527,2454.662109375,66600,0.0,0.0
2014-02-03 00:00:00+09:00,2495.917215204477,2512.4191472058287,2471.164317202449,2479.415283203125,49400,0.0,0.0
2014-02-04 00:00:00+09:00,2438.1605889682114,2450.5370386584054,2392.7802734375,2392.7802734375,94800,0.0,0.0
2014-02-05 00:00:00+09:00,2599.0546593299277,2627.9330444335938,2520.6704711914062,2574.3017578125,160200,0.0,0.0
2014-02-06 00:00:00+09:00,2553.6741776054887,2553.6741776054887,2421.6587112349303,2438.16064453125,121200,0.0,0.0
2014-02-07 00:00:00+09:00,2458.787862955729,2479.4152779134115,2421.658516031901,2475.289794921875,64600,0.0,0.0
2014-02-10 00:00:00+09:00,2495.917231073443,2500.0427141000105,2454.662400807766,2491.791748046875,51600,0.0,0.0
2014-02-12 00:00:00+09:00,2533.0467833999514,2677.43870102047,2533.0467833999514,2660.936767578125,137600,0.0,0.0
2014-02-13 00:00:00+09:00,2677.43870102047,2739.3209514292635,2632.058384054021,2660.936767578125,116800,0.0,0.0
2014-02-14 00:00:00+09:00,2677.438254854398,2722.81856425871,2623.8069801038478,2693.940185546875,145400,0.0,0.0
2014-02-17 00:00:00+09:00,2570.175861609767,2636.183588392682,2467.0387885114615,2632.05810546875,181400,0.0,0.0
2014-02-18 00:00:00+09:00,2656.811342097127,2718.693593854048,2652.6858586466656,2710.442626953125,109000,0.0,0.0
2014-02-19 00:00:00+09:00,2689.8154475514484,2710.442866627763,2669.1880284751337,2706.3173828125,57200,0.0,0.0
2014-02-20 00:00:00+09:00,2710.4426509246364,2784.701353689695,2702.191683950741,2731.070068359375,154800,0.0,0.0
2014-02-21 00:00:00+09:00,2710.442536819813,2850.7089694710667,2710.442536819813,2838.33251953125,153600,0.0,0.0
2014-02-24 00:00:00+09:00,2805.3291314137555,2850.7094555983895,2772.325259279476,2834.20751953125,101400,0.0,0.0
2014-02-25 00:00:00+09:00,2834.2072937630023,2850.709228515625,2805.328907945912,2850.709228515625,73200,0.0,0.0
2014-02-26 00:00:00+09:00,2846.583476163903,2850.708959462691,2792.9521932796556,2830.08154296875,49400,0.0,0.0
2014-02-27 00:00:00+09:00,2830.081507731959,2846.5834407216494,2797.077641752577,2801.203125,81800,0.0,0.0
2014-02-28 00:00:00+09:00,2809.4546154305403,2846.5839715816046,2776.450743296261,2834.20751953125,67400,0.0,0.0
2014-03-03 00:00:00+09:00,2850.7091771742876,2863.0856280158546,2780.5759557387405,2805.328857421875,76000,0.0,0.0
2014-03-04 00:00:00+09:00,2784.701226682079,2846.583476163903,2759.948326889349,2830.08154296875,53200,0.0,0.0
2014-03-05 00:00:00+09:00,2863.0849553007756,2879.586885878878,2850.7085073671988,2858.95947265625,55600,0.0,0.0
2014-03-06 00:00:00+09:00,2858.9599559982385,2858.9599559982385,2817.7051225783507,2854.83447265625,42600,0.0,0.0
2014-03-07 00:00:00+09:00,2854.8345020370703,2883.7128857281964,2854.8345020370703,2879.58740234375,49800,0.0,0.0
2014-03-10 00:00:00+09:00,2850.708989314261,2883.7128560501715,2817.7051225783507,2854.83447265625,45400,0.0,0.0
2014-03-11 00:00:00+09:00,2850.7090186526234,2879.58740234375,2850.7090186526234,2879.58740234375,55000,0.0,0.0
2014-03-12 00:00:00+09:00,2854.8339900117244,2875.4614032343525,2846.583024722673,2858.95947265625,53200,0.0,0.0
2014-03-13 00:00:00+09:00,2850.7085073671988,2867.2104379453012,2842.4575420781475,2858.95947265625,55800,0.0,0.0
2014-03-14 00:00:00+09:00,2817.704768492106,2842.4576654334714,2755.8225261386924,2768.198974609375,144200,0.0,0.0
2014-03-17 00:00:00+09:00,2726.944584872427,2743.446518820218,2706.317167437689,2731.070068359375,57000,0.0,0.0
2014-03-18 00:00:00+09:00,2801.2036473969706,2854.834939615175,2759.948807229121,2834.20751953125,82000,0.0,0.0
2014-03-19 00:00:00+09:00,2830.0817731686952,2838.3327404374086,2780.5759695564147,2817.705322265625,82600,0.0,0.0
2014-03-20 00:00:00+09:00,2825.955767272318,2838.332215888109,2780.575455681084,2792.951904296875,89200,0.0,0.0
2014-03-24 00:00:00+09:00,2846.583633953407,3019.853942107093,2842.4581504259386,2966.22265625,198200,0.0,0.0
2014-03-25 00:00:00+09:00,2957.9715349256912,3110.614417481131,2920.8421851149083,3040.481201171875,218000,0.0,0.0
2014-03-26 00:00:00+09:00,3061.1085925493085,3106.4889086113603,3011.6027932088887,3019.853759765625,184200,0.0,0.0
2014-03-27 00:00:00+09:00,3076.7530880489862,3127.3298511402027,3059.894167018581,3118.900390625,140000,77.5,0.0
2014-03-28 00:00:00+09:00,3072.537988079481,3076.752717829933,3030.3906905749614,3059.893798828125,115000,0.0,0.0
2014-03-31 00:00:00+09:00,3051.4645953146146,3127.329737187077,3026.1762146904603,3114.685546875,98000,0.0,0.0
2014-04-01 00:00:00+09:00,3152.617919921875,3194.7652183165524,3135.759000564004,3152.617919921875,111200,0.0,0.0
2014-04-02 00:00:00+09:00,3161.0470667541754,3161.0470667541754,3123.114501953125,3123.114501953125,70200,0.0,0.0
2014-04-03 00:00:00+09:00,3123.114501953125,3144.1881490648198,3102.0408548414307,3123.114501953125,75800,0.0,0.0
2014-04-04 00:00:00+09:00,3123.114418029785,3131.543876647949,3093.611312866211,3102.040771484375,47200,0.0,0.0
2014-04-07 00:00:00+09:00,3030.3901923881785,3093.6111282516313,3030.3901923881785,3068.32275390625,93000,0.0,0.0
2014-04-08 00:00:00+09:00,3013.531982421875,3059.894012920673,3000.887792285839,3013.531982421875,88000,0.0,0.0
2014-04-09 00:00:00+09:00,2950.3109878120476,2971.384637724991,2887.0900380732182,2912.37841796875,163400,0.0,0.0
2014-04-10 00:00:00+09:00,2933.4518404873934,3009.316974293102,2933.4518404873934,2967.169677734375,96000,0.0,0.0
2014-04-11 00:00:00+09:00,2912.378239585199,2992.458104349481,2899.734050411891,2941.88134765625,98600,0.0,0.0
2014-04-14 00:00:00+09:00,2929.2367566734088,2996.6724230140917,2929.2367566734088,2962.95458984375,50600,0.0,0.0
2014-04-15 00:00:00+09:00,2962.954802905653,3005.1020973993323,2958.7400734562852,2979.813720703125,72000,0.0,0.0
2014-04-16 00:00:00+09:00,2971.384777185977,3038.820460072467,2971.384777185977,3026.17626953125,81800,0.0,0.0
2014-04-17 00:00:00+09:00,3013.5314788179917,3059.8935015690377,3009.3167494769873,3021.9609375,58000,0.0,0.0
2014-04-18 00:00:00+09:00,3038.8203125,3038.8203125,3000.8877427184466,3038.8203125,29200,0.0,0.0
2014-04-21 00:00:00+09:00,3030.390902603256,3043.035092739292,2984.028872104458,3013.531982421875,38200,0.0,0.0
2014-04-22 00:00:00+09:00,3013.531440540346,3017.7461698278153,2958.739959803249,2975.598876953125,54600,0.0,0.0
2014-04-23 00:00:00+09:00,2988.2432624731173,3017.7463694368857,2962.9548850756014,3000.887451171875,59800,0.0,0.0
2014-04-24 00:00:00+09:00,3009.316650390625,3021.9608379973083,2984.0282751772584,3009.316650390625,57800,0.0,0.0
2014-04-25 00:00:00+09:00,2996.672787726008,3043.034813977747,2975.5991394297635,3030.390625,73400,0.0,0.0
2014-04-28 00:00:00+09:00,3021.9615393508443,3030.3909997116557,2992.458428088005,3026.17626953125,80200,0.0,0.0
2014-04-30 00:00:00+09:00,3017.7460639105902,3043.03443874783,3005.1018764919704,3034.60498046875,60400,0.0,0.0
2014-05-01 00:00:00+09:00,3038.819974433514,3139.973482597736,3038.819974433514,3089.396728515625,111000,0.0,0.0
2014-05-02 00:00:00+09:00,3085.1820462947044,3085.1820462947044,3051.4642097231776,3064.1083984375,35800,0.0,0.0
2014-05-07 00:00:00+09:00,3021.9609994821053,3034.605187764457,2979.8137052075986,2988.2431640625,79200,0.0,0.0
2014-05-08 00:00:00+09:00,2975.599445241078,3013.532016072763,2941.881604501802,2996.673095703125,61600,0.0,0.0
2014-05-09 00:00:00+09:00,2984.0283734309623,3030.3903961820083,2958.7399973849374,3021.9609375,41800,0.0,0.0
2014-05-12 00:00:00+09:00,2971.384521484375,3034.60546875,2950.310872395833,2971.384521484375,58200,0.0,0.0
2014-05-13 00:00:00+09:00,3000.8873679499643,3005.1020973993323,2958.7400734562852,2979.813720703125,35600,0.0,0.0
2014-05-14 00:00:00+09:00,2962.954689090718,2975.598876953125,2933.4515840784347,2975.598876953125,41400,0.0,0.0
2014-05-15 00:00:00+09:00,2962.9549962784295,2962.9549962784295,2912.378239585199,2941.88134765625,55000,0.0,0.0
2014-05-16 00:00:00+09:00,2882.8752606075877,2882.8752606075877,2844.942691389067,2874.44580078125,59800,0.0,0.0
2014-05-19 00:00:00+09:00,2849.1575173927918,2925.022658388458,2849.1575173927918,2887.090087890625,63800,0.0,0.0
2014-05-20 00:00:00+09:00,2891.304737046186,2895.519466983571,2861.80162748449,2866.016357421875,40400,0.0,0.0
2014-05-21 00:00:00+09:00,2853.371857369637,2853.371857369637,2815.439292057485,2836.512939453125,57400,0.0,0.0
2014-05-22 00:00:00+09:00,2874.4456706682377,2891.3045895577875,2840.727832889138,2878.660400390625,35800,0.0,0.0
2014-05-23 00:00:00+09:00,2903.9483568274454,2925.0220023777174,2895.5188986073367,2908.1630859375,35400,0.0,0.0
2014-05-26 00:00:00+09:00,2950.310954361511,2950.310954361511,2908.163655013489,2929.2373046875,41400,0.0,0.0
2014-05-27 00:00:00+09:00,2941.881150085802,2950.3106089685693,2916.5927734375,2916.5927734375,29800,0.0,0.0
2014-05-28 00:00:00+09:00,2916.5925441576087,2920.807273267663,2882.874711277174,2908.1630859375,85000,0.0,0.0
2014-05-29 00:00:00+09:00,2903.9492361632324,2908.1639665495363,2870.2313930728033,2895.519775390625,28800,0.0,0.0
2014-05-30 00:00:00+09:00,2903.9486318871855,2908.163361396456,2870.2307958130236,2891.304443359375,66600,0.0,0.0
2014-06-02 00:00:00+09:00,2933.4516294642854,2967.169464285714,2920.80744140625,2950.310546875,34800,0.0,0.0
2014-06-03 00:00:00+09:00,2971.3847364266258,2971.3847364266258,2849.1575628714877,2925.022705078125,49400,0.0,0.0
2014-06-04 00:00:00+09:00,2925.0224448017693,2941.881363791981,2903.9487960640045,2933.451904296875,50000,0.0,0.0
2014-06-05 00:00:00+09:00,2950.310546875,2971.384193638393,2946.0958175223213,2950.310546875,41800,0.0,0.0
2014-06-06 00:00:00+09:00,2967.1691176470586,2967.1691176470586,2925.0218290441176,2937.666015625,39800,0.0,0.0
2014-06-09 00:00:00+09:00,2937.666617931814,2946.096077380686,2920.8076990340705,2941.88134765625,19800,0.0,0.0
2014-06-10 00:00:00+09:00,2946.096093539534,2962.955012529746,2925.0224448017693,2933.451904296875,45800,0.0,0.0
2014-06-11 00:00:00+09:00,2933.451286764706,2950.310202205882,2925.0218290441176,2937.666015625,25000,0.0,0.0
2014-06-12 00:00:00+09:00,2899.733484397547,2937.6660445132125,2887.089297692325,2920.80712890625,36400,0.0,0.0
2014-06-13 00:00:00+09:00,2908.163381421003,2950.3106768039165,2891.304463267838,2946.095947265625,63200,0.0,0.0
2014-06-16 00:00:00+09:00,2946.095879527186,2950.3106089685693,2908.1633145547326,2916.5927734375,32400,0.0,0.0
2014-06-17 00:00:00+09:00,2950.310501228311,2988.2430648155323,2941.881042653373,2975.598876953125,44600,0.0,0.0
2014-06-18 00:00:00+09:00,2975.5992513020833,2984.0287109375,2967.1697916666667,2971.384521484375,33000,0.0,0.0
2014-06-19 00:00:00+09:00,2937.6664262094455,2988.243179601861,2937.6664262094455,2979.813720703125,67600,0.0,0.0
2014-06-20 00:00:00+09:00,2933.4515840784347,2979.8136062405943,2920.807396216028,2975.598876953125,92000,0.0,0.0
2014-06-23 00:00:00+09:00,2979.813866701993,2984.028596357866,2954.5254887667566,2967.169677734375,35600,0.0,0.0
2014-06-24 00:00:00+09:00,2979.814175333487,3030.3909364424003,2950.3110646866207,2996.673095703125,50200,0.0,0.0
2014-06-25 00:00:00+09:00,3000.887565195477,3021.9612138274674,2996.6728354690786,3005.102294921875,24200,0.0,0.0
2014-06-26 00:00:00+09:00,3021.9612138274674,3034.605403006662,3005.102294921875,3005.102294921875,37000,0.0,0.0
2014-06-27 00:00:00+09:00,2992.4581057426803,3034.605403006662,2984.0286462898844,3005.102294921875,48200,0.0,0.0
2014-06-30 00:00:00+09:00,3005.102184437328,3064.1083984375,2979.813807008683,3064.1083984375,57400,0.0,0.0
2014-07-01 00:00:00+09:00,3064.1086261681244,3076.752815822188,3047.2497066293727,3072.5380859375,43600,0.0,0.0
2014-07-02 00:00:00+09:00,3034.604921445742,3080.9669410789406,3034.604921445742,3068.32275390625,52000,0.0,0.0
2014-07-03 00:00:00+09:00,3038.820150075865,3068.3232583290287,3038.820150075865,3059.893798828125,29600,0.0,0.0
2014-07-04 00:00:00+09:00,3072.5378575803816,3076.7525871518224,3059.893668866059,3064.1083984375,22600,0.0,0.0
2014-07-07 00:00:00+09:00,3076.7520099333447,3076.7520099333447,2992.457434318733,3043.0341796875,26600,0.0,0.0
2014-07-08 00:00:00+09:00,3038.8202959538166,3055.6792157649334,3026.176106095479,3047.249755859375,37000,0.0,0.0
2014-07-09 00:00:00+09:00,3034.6054363777625,3055.679085241497,3026.1759768322686,3051.46435546875,22200,0.0,0.0
2014-07-10 00:00:00+09:00,3047.2495921858563,3047.2495921858563,3000.887565195477,3005.102294921875,33000,0.0,0.0
2014-07-11 00:00:00+09:00,2941.8814127604164,2975.5992513020833,2933.451953125,2971.384521484375,69600,0.0,0.0
2014-07-14 00:00:00+09:00,2984.0282751772584,3021.9608379973083,2975.598816772803,3009.316650390625,28200,0.0,0.0
2014-07-15 00:00:00+09:00,2992.4583321951486,3026.176172557911,2988.2436021498033,3013.531982421875,25600,0.0,0.0
2014-07-16 00:00:00+09:00,3005.1025223311844,3026.176172557911,3005.1025223311844,3013.531982421875,17400,0.0,0.0
2014-07-17 00:00:00+09:00,2992.4577186627093,3030.3902812936453,2992.4577186627093,3017.74609375,24000,0.0,0.0
2014-07-18 00:00:00+09:00,2992.458365610715,3005.1025558879437,2967.1699850562586,2996.673095703125,22800,0.0,0.0
2014-07-22 00:00:00+09:00,2979.8138033406117,3017.7463694368857,2979.8138033406117,3000.887451171875,36000,0.0,0.0
2014-07-23 00:00:00+09:00,2996.673095703125,3026.176206349991,2996.673095703125,2996.673095703125,24400,0.0,0.0
2014-07-24 00:00:00+09:00,2992.457763671875,3021.960868384133,2933.451554247359,2992.457763671875,46000,0.0,0.0
2014-07-25 00:00:00+09:00,3013.5316591460128,3055.678955078125,3009.3169295528014,3055.678955078125,34600,0.0,0.0
2014-07-28 00:00:00+09:00,3076.7523485640404,3076.7523485640404,2954.5252004704007,2992.457763671875,54800,0.0,0.0
2014-07-29 00:00:00+09:00,2975.599445241078,3000.8878257955344,2975.599445241078,2996.673095703125,38200,0.0,0.0
2014-07-30 00:00:00+09:00,2988.2432624731173,3017.7463694368857,2984.0285329068647,3000.887451171875,30200,0.0,0.0
2014-07-31 00:00:00+09:00,3000.887630208333,3026.1760091145834,2967.1697916666667,2971.384521484375,43800,0.0,0.0
2014-08-01 00:00:00+09:00,2950.3106768039165,3000.887431263412,2937.6664881890424,2946.095947265625,37400,0.0,0.0
2014-08-04 00:00:00+09:00,2941.8810881696427,2967.169464285714,2929.236900111607,2950.310546875,18800,0.0,0.0
2014-08-05 00:00:00+09:00,2933.4517586507513,2984.028513110247,2933.4517586507513,2946.095947265625,36400,0.0,0.0
2014-08-06 00:00:00+09:00,2937.666895445898,3026.176228020308,2912.378514710352,2925.022705078125,77600,0.0,0.0
2014-08-07 00:00:00+09:00,2920.8076202909824,2996.6727532855534,2920.8076202909824,2984.028564453125,45000,0.0,0.0
2014-08-08 00:00:00+09:00,2962.95486541879,2979.8137835719554,2941.881217727334,2946.095947265625,39600,0.0,0.0
2014-08-11 00:00:00+09:00,2950.3108232870873,2967.169742277299,2925.0224448017693,2933.451904296875,68400,0.0,0.0
2014-08-12 00:00:00+09:00,2925.0221555878297,2962.9547195651935,2925.0221555878297,2958.739990234375,21400,0.0,0.0
2014-08-13 00:00:00+09:00,2933.451500646398,2958.7398756519706,2933.451500646398,2954.525146484375,27000,0.0,0.0
2014-08-14 00:00:00+09:00,2958.739990234375,2971.3841782268296,2946.0958022419204,2958.739990234375,27800,0.0,0.0
2014-08-15 00:00:00+09:00,2979.8136062405943,2984.028335528063,2962.954689090718,2975.598876953125,20400,0.0,0.0
2014-08-18 00:00:00+09:00,2958.740174434267,3064.1084142645473,2958.740174434267,3055.678955078125,45000,0.0,0.0
2014-08-19 00:00:00+09:00,3076.7523176262694,3076.7523176262694,2992.457733581714,3009.316650390625,57400,0.0,0.0
2014-08-20 00:00:00+09:00,3009.31663538757,3043.0344688372907,3009.31663538757,3017.74609375,28800,0.0,0.0
2014-08-21 00:00:00+09:00,3026.17552218967,3034.60498046875,3005.1018764919704,3034.60498046875,31000,0.0,0.0
2014-08-22 00:00:00+09:00,3026.17586056122,3034.6053197828387,2971.3843756206966,2984.028564453125,52000,0.0,0.0
2014-08-25 00:00:00+09:00,2992.458023674744,3000.887482896363,2975.5991052315057,2984.028564453125,20800,0.0,0.0
2014-08-26 00:00:00+09:00,3000.8877263788036,3059.893945717713,2992.458266473245,3047.249755859375,64600,0.0,0.0
2014-08-27 00:00:00+09:00,3051.4645024271845,3059.893962378641,3026.1761225728155,3038.8203125,28200,0.0,0.0
2014-08-28 00:00:00+09:00,3017.7460639105902,3038.81970960829,3017.7460639105902,3034.60498046875,15400,0.0,0.0
2014-08-29 00:00:00+09:00,3017.7467124672203,3047.249822784637,3009.3172523765297,3013.531982421875,32800,0.0,0.0
2014-09-01 00:00:00+09:00,3047.249543636996,3051.4642732962448,3013.531706363004,3030.390625,27800,0.0,0.0
2014-09-02 00:00:00+09:00,3013.531364568785,3034.6050104748606,3013.531364568785,3017.74609375,19800,0.0,0.0
2014-09-03 00:00:00+09:00,3038.8200843184977,3047.249543636996,3021.9611656815023,3030.390625,25400,0.0,0.0
2014-09-04 00:00:00+09:00,3034.6050561179577,3043.034514607174,2979.8135759380502,2992.457763671875,42200,0.0,0.0
2014-09-05 00:00:00+09:00,2984.0285329068647,3034.605287701896,2984.0285329068647,3000.887451171875,38800,0.0,0.0
2014-09-08 00:00:00+09:00,3021.961247059522,3068.323274559738,3017.746517286775,3051.46435546875,44800,0.0,0.0
2014-09-09 00:00:00+09:00,3051.4644365140607,3093.6117353609397,3043.0349767446846,3072.5380859375,43200,0.0,0.0
2014-09-10 00:00:00+09:00,3051.4641784584473,3085.1820146845075,3051.4641784584473,3080.96728515625,29400,0.0,0.0
2014-09-11 00:00:00+09:00,3085.1821773308366,3085.1821773308366,3038.820150075865,3059.893798828125,20600,0.0,0.0
2014-09-12 00:00:00+09:00,3047.2494958917023,3076.752603044181,3038.82003670528,3055.678955078125,57800,0.0,0.0
2014-09-16 00:00:00+09:00,3059.893945717713,3059.893945717713,3038.8202959538166,3047.249755859375,22600,0.0,0.0
2014-09-17 00:00:00+09:00,3043.0341796875,3076.7520099333447,3038.8194509067694,3043.0341796875,17600,0.0,0.0
2014-09-18 00:00:00+09:00,3076.7525399950973,3118.899835063523,3047.249433447199,3089.396728515625,64400,0.0,0.0
2014-09-19 00:00:00+09:00,3085.181839113313,3139.973319862593,3080.967109824907,3110.47021484375,55400,0.0,0.0
2014-09-22 00:00:00+09:00,3118.900081206133,3161.0473796008105,3114.685351366665,3152.617919921875,37000,0.0,0.0
2014-09-24 00:00:00+09:00,3127.3291700131426,3161.0470047302656,3127.3291700131426,3156.832275390625,38800,0.0,0.0
2014-09-25 00:00:00+09:00,3169.4767583278363,3194.76513671875,3148.4031096687418,3194.76513671875,67200,0.0,0.0
2014-09-26 00:00:00+09:00,3250.662883621763,3259.262520880022,3220.564153217858,3237.763427734375,39200,75.0,0.0
2014-09-29 00:00:00+09:00,3237.763469726562,3250.6629257812497,3220.564194986979,3224.864013671875,22800,0.0,0.0
2014-09-30 00:00:00+09:00,3229.1637266416806,3229.1637266416806,3173.2660855679896,3181.86572265625,35400,0.0,0.0
2014-10-01 00:00:00+09:00,3190.4650744185315,3229.1634378548747,3177.5656199397504,3194.764892578125,37400,0.0,0.0
2014-10-02 00:00:00+09:00,3164.666496436022,3168.9663150453102,3091.569580078125,3091.569580078125,39800,0.0,0.0
2014-10-03 00:00:00+09:00,3074.3702232623923,3147.467137661638,3074.3702232623923,3117.368408203125,29400,0.0,0.0
2014-10-06 00:00:00+09:00,3143.1669655418655,3160.3662375831345,3143.1669655418655,3151.7666015625,18200,0.0,0.0
2014-10-07 00:00:00+09:00,3134.567558766711,3190.4651969888882,3134.567558766711,3156.066650390625,49000,0.0,0.0
2014-10-08 00:00:00+09:00,3108.7687712149786,3156.0667746497843,3061.4707677801725,3117.368408203125,52600,0.0,0.0
2014-10-09 00:00:00+09:00,3108.768249597805,3130.2673384608606,3048.57080078125,3048.57080078125,45600,0.0,0.0
2014-10-10 00:00:00+09:00,3005.572847752213,3027.0719382225434,2953.9750306234196,2975.47412109375,78000,0.0,0.0
2014-10-14 00:00:00+09:00,2928.176122059023,3039.9713925047417,2915.2766677768245,2975.47412109375,90600,0.0,0.0
2014-10-15 00:00:00+09:00,2889.4777081708266,2915.2766162794946,2700.2857153739274,2756.183349609375,198800,0.0,0.0
2014-10-16 00:00:00+09:00,2713.185316297743,2738.984225802951,2670.1871337890625,2708.885498046875,126600,0.0,0.0
2014-10-17 00:00:00+09:00,2579.8907370645493,2687.386184442239,2566.9912833792264,2622.888916015625,164000,0.0,0.0
2014-10-20 00:00:00+09:00,2717.4849743234035,2769.0827902915694,2700.285702334015,2760.483154296875,80200,0.0,0.0
2014-10-21 00:00:00+09:00,2751.8839003164558,2781.982630476167,2700.286077185522,2717.4853515625,77800,0.0,0.0
2014-10-22 00:00:00+09:00,2756.1835911567005,2846.4797774504455,2756.1835911567005,2833.580322265625,104000,0.0,0.0
2014-10-23 00:00:00+09:00,2807.7812342613747,2816.3808705071983,2721.7848718031396,2734.684326171875,93200,0.0,0.0
2014-10-24 00:00:00+09:00,2747.583821228895,2747.583821228895,2704.5856393630283,2721.784912109375,66200,0.0,0.0
2014-10-27 00:00:00+09:00,2751.8833793375393,2751.8833793375393,2713.185019315605,2726.08447265625,48800,0.0,0.0
2014-10-28 00:00:00+09:00,2708.8854174344046,2760.483234909346,2708.8854174344046,2734.684326171875,46400,0.0,0.0
2014-10-29 00:00:00+09:00,2764.783363753732,2816.3811870275185,2747.584089329136,2790.582275390625,76600,0.0,0.0
2014-10-30 00:00:00+09:00,2790.5825338481386,2846.480180905189,2786.28271484375,2786.28271484375,110000,0.0,0.0
2014-10-31 00:00:00+09:00,2790.58252167597,2984.074376029466,2790.58252167597,2936.7763671875,109200,0.0,0.0
2014-11-04 00:00:00+09:00,2958.2754333941602,2992.673984945255,2889.478330291971,2945.3759765625,147000,0.0,0.0
2014-11-05 00:00:00+09:00,2945.375447827716,2992.67344771984,2923.87635696766,2958.27490234375,95200,0.0,0.0
2014-11-06 00:00:00+09:00,2958.275329861111,2975.474605034722,2885.178410373264,2902.377685546875,82600,0.0,0.0
2014-11-07 00:00:00+09:00,2880.878522087546,2945.3758024327894,2880.878522087546,2923.876708984375,78200,0.0,0.0
2014-11-10 00:00:00+09:00,2915.276924394038,2915.276924394038,2867.978921195904,2893.77783203125,76800,0.0,0.0
2014-11-11 00:00:00+09:00,2893.7776148152243,2915.276705564223,2863.6788877666263,2885.177978515625,132800,0.0,0.0
2014-11-12 00:00:00+09:00,2885.178410373264,2941.0760546875,2885.178410373264,2902.377685546875,119200,0.0,0.0
2014-11-13 00:00:00+09:00,2902.3773867532677,2945.3755702607236,2867.978839947303,2919.57666015625,101800,0.0,0.0
2014-11-14 00:00:00+09:00,2941.0757108000366,2966.8746205438965,2910.9769827655336,2932.47607421875,90000,0.0,0.0
2014-11-17 00:00:00+09:00,2902.3775809151784,2932.4763113839285,2846.4799386160716,2859.37939453125,61800,0.0,0.0
2014-11-18 00:00:00+09:00,2880.8785497614767,2928.1765558023367,2880.8785497614767,2915.277099609375,57200,0.0,0.0
2014-11-19 00:00:00+09:00,2915.276814599394,2984.0739075692914,2915.276814599394,2928.17626953125,86600,0.0,0.0
2014-11-20 00:00:00+09:00,2941.075286189069,2941.075286189069,2906.676744830133,2910.9765625,50400,0.0,0.0
2014-11-21 00:00:00+09:00,2910.9771198091053,2915.2769383021764,2867.9789348783947,2889.47802734375,72000,0.0,0.0
2014-11-25 00:00:00+09:00,2919.576578532023,2919.576578532023,2867.978759765625,2867.978759765625,74200,0.0,0.0
2014-11-26 00:00:00+09:00,2863.6790788206335,2867.978897257301,2820.6808944539575,2824.980712890625,117600,0.0,0.0
2014-11-27 00:00:00+09:00,2824.9805634014424,2833.5801998197117,2794.8818359375,2794.8818359375,74200,0.0,0.0
2014-11-28 00:00:00+09:00,2812.081095190092,2837.8800043202764,2790.582004248272,2799.181640625,82800,0.0,0.0
2014-12-01 00:00:00+09:00,2812.081298828125,2855.079483825497,2807.7814803283877,2812.081298828125,59000,0.0,0.0
2014-12-02 00:00:00+09:00,2812.081176205458,2855.079359327866,2812.081176205458,2850.779541015625,45400,0.0,0.0
2014-12-03 00:00:00+09:00,2863.6787908380684,2867.97860884233,2837.8798828125,2837.8798828125,60200,0.0,0.0
2014-12-04 00:00:00+09:00,2863.6790096594127,2880.8782829907004,2837.880099662481,2846.479736328125,59400,0.0,0.0
2014-12-05 00:00:00+09:00,2829.280246803977,2846.479518821023,2812.080974786932,2837.8798828125,52200,0.0,0.0
2014-12-08 00:00:00+09:00,2867.978883320075,2867.978883320075,2812.081243915036,2829.280517578125,74800,0.0,0.0
2014-12-09 00:00:00+09:00,2820.6808807465804,2855.079428072758,2812.081243915036,2829.280517578125,48600,0.0,0.0
2014-12-10 00:00:00+09:00,2820.6807451923078,2846.4796544471155,2786.2821995192307,2794.8818359375,70000,0.0,0.0
2014-12-11 00:00:00+09:00,2769.0831823598805,2803.4817312090718,2769.0831823598805,2790.582275390625,60400,0.0,0.0
2014-12-12 00:00:00+09:00,2777.6830768349732,2820.681266878858,2751.884162808642,2786.28271484375,138400,0.0,0.0
2014-12-15 00:00:00+09:00,2781.9828958393614,2824.9810858832466,2777.6830768349732,2786.28271484375,52600,0.0,0.0
2014-12-16 00:00:00+09:00,2764.7827930300728,2769.0826107486264,2730.3842512816427,2738.98388671875,51600,0.0,0.0
2014-12-17 00:00:00+09:00,2730.3846305104917,2764.783177036608,2691.6862656686108,2695.986083984375,67200,0.0,0.0
2014-12-18 00:00:00+09:00,2751.884162808642,2812.081628870081,2751.884162808642,2786.28271484375,72600,0.0,0.0
2014-12-19 00:00:00+09:00,2816.3811173278623,2833.580391326811,2803.4816618286504,2812.081298828125,32400,0.0,0.0
2014-12-22 00:00:00+09:00,2816.3811870275185,2816.3811870275185,2781.9826381783273,2790.582275390625,36000,0.0,0.0
2014-12-24 00:00:00+09:00,2824.980495586832,2824.980495586832,2781.982314527672,2816.380859375,39000,0.0,0.0
2014-12-25 00:00:00+09:00,2807.7814391439547,2829.2805313272925,2786.2823469606165,2824.980712890625,24200,0.0,0.0
2014-12-26 00:00:00+09:00,2846.479518821023,2859.378972833807,2833.5800648082386,2837.8798828125,22600,0.0,0.0
2014-12-29 00:00:00+09:00,2846.4795725752665,2846.4795725752665,2790.581937464272,2820.6806640625,31400,0.0,0.0
2014-12-30 00:00:00+09:00,2824.9810138603084,2833.5806516498374,2803.4819193864855,2807.78173828125,22200,0.0,0.0
2015-01-05 00:00:00+09:00,2807.7815498152204,2837.880280058263,2769.0831823598805,2790.582275390625,28600,0.0,0.0
2015-01-06 00:00:00+09:00,2730.3849205603965,2734.6847393329326,2683.0869140625,2683.0869140625,60000,0.0,0.0
2015-01-07 00:00:00+09:00,2670.186906144426,2717.4849028716217,2670.186906144426,2704.58544921875,35000,0.0,0.0
2015-01-08 00:00:00+09:00,2730.3848973774057,2777.682903473707,2713.185622433296,2764.783447265625,38800,0.0,0.0
2015-01-09 00:00:00+09:00,2764.783053032257,2781.9823255239044,2721.7848718031396,2734.684326171875,26800,0.0,0.0
2015-01-13 00:00:00+09:00,2695.986458461491,2738.9846475916584,2657.2880882443405,2730.385009765625,45600,0.0,0.0
2015-01-14 00:00:00+09:00,2721.784952799479,2738.984225802951,2700.2858615451387,2708.885498046875,22000,0.0,0.0
2015-01-15 00:00:00+09:00,2721.7852186078994,2786.282498669698,2721.7852186078994,2777.682861328125,34200,0.0,0.0
2015-01-16 00:00:00+09:00,2708.8857282587164,2747.5840958052695,2683.086816561014,2713.185546875,37800,0.0,0.0
2015-01-19 00:00:00+09:00,2713.185019315605,2738.9839259968944,2713.185019315605,2726.08447265625,18200,0.0,0.0
2015-01-20 00:00:00+09:00,2713.1851694282614,2756.183349609375,2713.1851694282614,2756.183349609375,43600,0.0,0.0
2015-01-21 00:00:00+09:00,2738.9841848557217,2743.2840030423085,2704.5856393630283,2721.784912109375,33200,0.0,0.0
2015-01-22 00:00:00+09:00,2730.3845893012153,2730.3845893012153,2687.3864067925347,2708.885498046875,27200,0.0,0.0
2015-01-23 00:00:00+09:00,2730.3849532197523,2751.884047339593,2695.9864026280075,2747.584228515625,37400,0.0,0.0
2015-01-26 00:00:00+09:00,2738.9841848557217,2738.9841848557217,2708.885457549615,2721.784912109375,20800,0.0,0.0
2015-01-27 00:00:00+09:00,2756.1833629608154,2756.1833629608154,2730.384454727173,2751.883544921875,26800,0.0,0.0
2015-01-28 00:00:00+09:00,2738.9844932910455,2781.9826799989114,2726.085037278686,2777.682861328125,46200,0.0,0.0
2015-01-29 00:00:00+09:00,2764.783148787674,2816.3809680496524,2756.183512244011,2781.982421875,43800,0.0,0.0
2015-01-30 00:00:00+09:00,2820.681005633667,2820.681005633667,2769.0831823598805,2790.582275390625,32000,0.0,0.0
2015-02-02 00:00:00+09:00,2790.5822963169644,2867.979031808036,2769.083203125,2859.37939453125,93200,0.0,0.0
2015-02-03 00:00:00+09:00,2885.17786734115,2885.17786734115,2816.3807795953103,2842.1796875,71800,0.0,0.0
2015-02-04 00:00:00+09:00,2850.779757254464,2885.178306361607,2842.1801199776787,2859.37939453125,47000,0.0,0.0
2015-02-05 00:00:00+09:00,2867.9788279922345,2876.5784646578786,2824.980644664015,2846.479736328125,39600,0.0,0.0
2015-02-06 00:00:00+09:00,2846.4798288331167,2915.276924394038,2846.4798288331167,2893.77783203125,48200,0.0,0.0
2015-02-09 00:00:00+09:00,2893.77783203125,2893.77783203125,2872.278739668462,2893.77783203125,24000,0.0,0.0
2015-02-10 00:00:00+09:00,2906.6772874489225,2928.1763798117104,2885.1781950861346,2893.77783203125,59000,0.0,0.0
2015-02-12 00:00:00+09:00,2945.375432612821,2962.57470521202,2863.6788877666263,2885.177978515625,105800,0.0,0.0
2015-02-13 00:00:00+09:00,2885.178208850679,2910.9771198091053,2859.3792978922525,2889.47802734375,55400,0.0,0.0
2015-02-16 00:00:00+09:00,2876.5784364403867,2945.37552909068,2876.5784364403867,2932.47607421875,50200,0.0,0.0
2015-02-17 00:00:00+09:00,2928.176175139671,2962.5747205157613,2910.976902451626,2958.27490234375,33000,0.0,0.0
2015-02-18 00:00:00+09:00,2962.574801548549,3031.3718941824777,2962.574801548549,3009.872802734375,120600,0.0,0.0
2015-02-19 00:00:00+09:00,3005.573331247249,3061.4709754621476,3001.2735124614874,3052.871337890625,46400,0.0,0.0
2015-02-20 00:00:00+09:00,3070.0703261965286,3074.3701445805577,3031.37196074027,3065.7705078125,66200,0.0,0.0
2015-02-23 00:00:00+09:00,3091.5691584739366,3091.5691584739366,3057.1706142906382,3070.070068359375,31200,0.0,0.0
2015-02-24 00:00:00+09:00,3091.5693621784653,3160.366455078125,3070.0702706473216,3160.366455078125,86200,0.0,0.0
2015-02-25 00:00:00+09:00,3181.86570881832,3194.76516439461,3160.3666161911688,3186.16552734375,61200,0.0,0.0
2015-02-26 00:00:00+09:00,3207.664537054468,3224.863810711596,3194.7650818116213,3211.96435546875,57600,0.0,0.0
2015-02-27 00:00:00+09:00,3216.2641069375854,3220.5639252623682,3147.4670137410594,3156.066650390625,60000,0.0,0.0
2015-03-02 00:00:00+09:00,3173.2658017801564,3207.664347056906,3173.2658017801564,3194.764892578125,38200,0.0,0.0
2015-03-03 00:00:00+09:00,3224.8638383494126,3224.8638383494126,3173.2660169358223,3203.36474609375,50600,0.0,0.0
2015-03-04 00:00:00+09:00,3216.264173883032,3216.264173883032,3190.465263397339,3211.96435546875,32400,0.0,0.0
2015-03-05 00:00:00+09:00,3224.863957979319,3263.562325475071,3211.9645021474016,3242.063232421875,73200,0.0,0.0
2015-03-06 00:00:00+09:00,3233.463390970416,3310.8601210734314,3233.463390970416,3306.560302734375,66600,0.0,0.0
2015-03-09 00:00:00+09:00,3319.459580026996,3328.0592162446824,3276.4613989385634,3285.06103515625,41400,0.0,0.0
2015-03-10 00:00:00+09:00,3323.7597934905966,3323.7597934905966,3289.36124452821,3315.16015625,52600,0.0,0.0
2015-03-11 00:00:00+09:00,3319.459716796875,3345.258626512913,3297.9606253668435,3319.459716796875,56400,0.0,0.0
2015-03-12 00:00:00+09:00,3353.858275903042,3401.15627722988,3349.558457600602,3392.556640625,83400,0.0,0.0
2015-03-13 00:00:00+09:00,3414.0556505503146,3435.554741548742,3379.65710495283,3418.35546875,118800,0.0,0.0
2015-03-16 00:00:00+09:00,3426.954913615578,3426.954913615578,3388.256551981274,3401.156005859375,47400,0.0,0.0
2015-03-17 00:00:00+09:00,3431.2552596250775,3469.9536272148343,3379.657436172069,3465.65380859375,81400,0.0,0.0
2015-03-18 00:00:00+09:00,3452.753973556939,3474.2530643013783,3401.156155770285,3431.2548828125,57600,0.0,0.0
2015-03-19 00:00:00+09:00,3396.8564181857637,3431.2549641927085,3362.4578721788193,3405.4560546875,75600,0.0,0.0
2015-03-20 00:00:00+09:00,3422.6555037935227,3439.8547776819323,3375.3575006003957,3426.955322265625,73000,0.0,0.0
2015-03-23 00:00:00+09:00,3414.055637072079,3426.95509162021,3383.956909793106,3422.6552734375,56800,0.0,0.0
2015-03-24 00:00:00+09:00,3422.65560863925,3495.7525249041587,3422.65560863925,3469.95361328125,67200,0.0,0.0
2015-03-25 00:00:00+09:00,3482.852525816893,3487.15234375,3439.85434648582,3487.15234375,56000,0.0,0.0
2015-03-26 00:00:00+09:00,3435.555085003073,3435.555085003073,3353.858531041799,3388.257080078125,68000,0.0,0.0
2015-03-27 00:00:00+09:00,3392.639820322686,3458.3886540498693,3335.6574977591263,3361.95703125,103200,75.0,0.0
2015-03-30 00:00:00+09:00,3405.7894706434877,3462.7717912591443,3397.0229597795405,3445.23876953125,88400,0.0,0.0
2015-03-31 00:00:00+09:00,3506.6047310678073,3515.371242895477,3445.239148274121,3458.388916015625,74400,0.0,0.0
2015-04-01 00:00:00+09:00,3418.9394266291183,3449.622216355277,3366.3403585271317,3392.639892578125,80400,0.0,0.0
2015-04-02 00:00:00+09:00,3440.855712890625,3467.155247001891,3392.6399003533043,3440.855712890625,103000,0.0,0.0
2015-04-03 00:00:00+09:00,3471.538239220728,3475.9214945732792,3418.9391749901106,3462.771728515625,48200,0.0,0.0
2015-04-06 00:00:00+09:00,3432.0888185429394,3506.6041568765663,3418.939052954652,3497.837646484375,41600,0.0,0.0
2015-04-07 00:00:00+09:00,3497.8385786298227,3506.6050913582185,3471.539040444636,3493.455322265625,45800,0.0,0.0
2015-04-08 00:00:00+09:00,3506.604338762469,3541.6703821500937,3484.6880616452036,3515.370849609375,89200,0.0,0.0
2015-04-09 00:00:00+09:00,3528.520951152441,3546.0539745122046,3510.9879277926775,3524.1376953125,48200,0.0,0.0
2015-04-10 00:00:00+09:00,3524.137829635223,3550.437365677277,3493.45503758616,3537.28759765625,93200,0.0,0.0
2015-04-13 00:00:00+09:00,3532.904496433424,3546.054265030571,3471.5389096467393,3528.521240234375,46200,0.0,0.0
2015-04-14 00:00:00+09:00,3475.922296808834,3506.6050913582185,3467.1557840804385,3493.455322265625,40400,0.0,0.0
2015-04-15 00:00:00+09:00,3493.454698384859,3502.221209547682,3462.7719093149794,3480.304931640625,42000,0.0,0.0
2015-04-16 00:00:00+09:00,3497.8384468410327,3532.904496433424,3480.305422044837,3528.521240234375,66400,0.0,0.0
2015-04-17 00:00:00+09:00,3493.454391288279,3546.0534536414275,3489.071136092183,3497.837646484375,57200,0.0,0.0
2015-04-20 00:00:00+09:00,3471.538239220728,3489.0712606309335,3454.005217810522,3462.771728515625,50800,0.0,0.0
2015-04-21 00:00:00+09:00,3449.621839327322,3510.9874120726618,3449.621839327322,3497.837646484375,41200,0.0,0.0
2015-04-22 00:00:00+09:00,3528.5212191358028,3563.5872685185186,3524.1379629629632,3550.4375,103400,0.0,0.0
2015-04-23 00:00:00+09:00,3546.054175199934,3572.353711727993,3506.6048704078457,3519.754638671875,42200,0.0,0.0
2015-04-24 00:00:00+09:00,3497.837646484375,3519.7539224648535,3489.071136092183,3497.837646484375,37600,0.0,0.0
2015-04-27 00:00:00+09:00,3532.903875150784,3638.1020054282267,3515.370853437877,3633.71875,161400,0.0,0.0
2015-04-28 00:00:00+09:00,3646.869384765625,3655.635897709773,3611.8033329890327,3646.869384765625,119600,0.0,0.0
2015-04-30 00:00:00+09:00,3603.036287037919,3620.5693103325075,3581.1200079196838,3594.269775390625,88200,0.0,0.0
2015-05-01 00:00:00+09:00,3585.5034383888765,3594.269950463177,3541.670878017374,3563.587158203125,50000,0.0,0.0
2015-05-07 00:00:00+09:00,3563.5871995519733,3629.33604087212,3510.9881264958553,3519.754638671875,88200,0.0,0.0
2015-05-08 00:00:00+09:00,3524.1379605366083,3567.970522234825,3489.071911178035,3502.2216796875,31800,0.0,0.0
2015-05-11 00:00:00+09:00,3572.3537150764932,3607.4197638134406,3550.437434615901,3567.970458984375,50600,0.0,0.0
2015-05-12 00:00:00+09:00,3572.35400390625,3572.35400390625,3532.9046958876534,3572.35400390625,29400,0.0,0.0
2015-05-13 00:00:00+09:00,3572.35400390625,3576.7372603527606,3537.287952334164,3572.35400390625,43200,0.0,0.0
2015-05-14 00:00:00+09:00,3532.904206992382,3572.35350955185,3484.6883927530316,3524.1376953125,57600,0.0,0.0
2015-05-15 00:00:00+09:00,3541.670793580207,3576.736841041397,3348.8075325436607,3388.2568359375,117800,0.0,0.0
2015-05-18 00:00:00+09:00,3379.4898538589478,3440.8554283777876,3344.423811276754,3366.340087890625,90800,0.0,0.0
2015-05-19 00:00:00+09:00,3401.407158954327,3454.0062387319713,3401.407158954327,3418.940185546875,73000,0.0,0.0
2015-05-20 00:00:00+09:00,3458.3890945800163,3493.4551437012333,3432.089557739104,3475.922119140625,57400,0.0,0.0
2015-05-21 00:00:00+09:00,3418.9398969030813,3462.77245968389,3414.556640625,3414.556640625,73600,0.0,0.0
2015-05-22 00:00:00+09:00,3353.1905200863753,3401.40633148631,3353.1905200863753,3361.95703125,64800,0.0,0.0
2015-05-25 00:00:00+09:00,3353.190852885749,3405.789925087878,3353.190852885749,3370.723876953125,46400,0.0,0.0
2015-05-26 00:00:00+09:00,3331.274724082341,3366.340773809524,3309.358443002852,3313.74169921875,70600,0.0,0.0
2015-05-27 00:00:00+09:00,3291.825240114902,3313.7415200091423,3287.441984136054,3296.20849609375,39800,0.0,0.0
2015-05-28 00:00:00+09:00,3287.4417429956893,3300.591509967672,3112.111516702586,3177.8603515625,191200,0.0,0.0
2015-05-29 00:00:00+09:00,3068.2791623699786,3173.4773050798067,3011.296835068822,3055.12939453125,363600,0.0,0.0
2015-06-01 00:00:00+09:00,3063.8961296407583,3103.345436030983,3028.8300795161144,3077.0458984375,127600,0.0,0.0
2015-06-02 00:00:00+09:00,3098.9622026863744,3147.17802196438,3094.578946388374,3103.345458984375,93200,0.0,0.0
2015-06-03 00:00:00+09:00,3094.578632784638,3107.728400346046,3072.662353515625,3072.662353515625,66000,0.0,0.0
2015-06-04 00:00:00+09:00,3072.66219966883,3090.19522220617,3055.12917713149,3081.4287109375,61400,0.0,0.0
2015-06-05 00:00:00+09:00,3059.512873375178,3094.578923499822,3059.512873375178,3077.0458984375,45800,0.0,0.0
2015-06-08 00:00:00+09:00,3068.278944034495,3085.811966571835,3050.745921497155,3081.4287109375,56000,0.0,0.0
2015-06-09 00:00:00+09:00,3059.512560420414,3072.6623278720776,3033.2130255170864,3046.36279296875,56400,0.0,0.0
2015-06-10 00:00:00+09:00,3046.3632596352277,3059.5130291012792,3015.680464214441,3020.063720703125,59200,0.0,0.0
2015-06-11 00:00:00+09:00,3041.9795819863502,3072.6623731591235,3028.8298143408765,3050.74609375,45000,0.0,0.0
2015-06-12 00:00:00+09:00,3063.8953841882512,3107.7279361794995,3050.745618590877,3098.96142578125,135600,0.0,0.0
2015-06-15 00:00:00+09:00,3059.512873375178,3085.812410968661,3055.1296171095973,3077.0458984375,58200,0.0,0.0
2015-06-16 00:00:00+09:00,3059.512332993659,3077.045354959239,3024.4462890625,3024.4462890625,45400,0.0,0.0
2015-06-17 00:00:00+09:00,3028.82968003134,3068.278981218434,3028.82968003134,3037.59619140625,48600,0.0,0.0
2015-06-18 00:00:00+09:00,3046.3631250142357,3046.3631250142357,2993.7640494744214,3006.913818359375,65000,0.0,0.0
2015-06-19 00:00:00+09:00,3037.5965437741625,3037.5965437741625,2976.23095703125,2976.23095703125,88400,0.0,0.0
2015-06-22 00:00:00+09:00,2967.4641187800917,3037.5962102135945,2958.697607350904,3015.679931640625,50800,0.0,0.0
2015-06-23 00:00:00+09:00,3041.9797157211196,3063.89599609375,3015.680179273963,3063.89599609375,51000,0.0,0.0
2015-06-24 00:00:00+09:00,3068.278970435913,3116.4947828284776,3050.7459477477078,3107.728271484375,82800,0.0,0.0
2015-06-25 00:00:00+09:00,3094.578587472098,3094.578587472098,3046.3627737862726,3068.279052734375,46200,0.0,0.0
2015-06-26 00:00:00+09:00,3098.961824024823,3098.961824024823,3072.662289450355,3090.1953125,56400,0.0,0.0
2015-06-29 00:00:00+09:00,2980.6138597415693,3028.829672178565,2967.4640927132973,2989.38037109375,111200,0.0,0.0
2015-06-30 00:00:00+09:00,2989.380378844246,3055.12921415607,2989.380378844246,3037.59619140625,79400,0.0,0.0
2015-07-01 00:00:00+09:00,3037.5962102135945,3090.1952787887217,3006.913420211437,3015.679931640625,52600,0.0,0.0
2015-07-02 00:00:00+09:00,3033.213070222701,3077.0456290409484,3033.213070222701,3050.74609375,63000,0.0,0.0
2015-07-03 00:00:00+09:00,3037.5963458048795,3063.8958812663936,3024.4465780741225,3028.829833984375,32400,0.0,0.0
2015-07-06 00:00:00+09:00,3015.680131004367,3020.0633870087336,2980.6140829694323,3011.296875,55600,0.0,0.0
2015-07-07 00:00:00+09:00,3033.212703358043,3107.728044336492,3033.212703358043,3085.811767578125,58600,0.0,0.0
2015-07-08 00:00:00+09:00,3072.662191225614,3072.662191225614,3024.446379380419,3033.212890625,75200,0.0,0.0
2015-07-09 00:00:00+09:00,2980.6141896127415,2989.380701935132,2888.565810227642,2949.931396484375,95200,0.0,0.0
2015-07-10 00:00:00+09:00,2949.931016791045,2989.3803171641794,2923.6314832089556,2936.78125,54200,0.0,0.0
2015-07-13 00:00:00+09:00,2958.6980206325716,2993.7640712474763,2941.1649953251194,2984.99755859375,48400,0.0,0.0
2015-07-14 00:00:00+09:00,3011.296466658601,3020.0629774785675,2958.6974017387997,2971.84716796875,63200,0.0,0.0
2015-07-15 00:00:00+09:00,2971.8473119129335,3041.9794018695807,2971.8473119129335,3033.212890625,58400,0.0,0.0
2015-07-16 00:00:00+09:00,3037.596306685204,3081.4288652232303,3037.596306685204,3072.662353515625,79000,0.0,0.0
2015-07-17 00:00:00+09:00,3072.6623731591235,3085.8121408045977,3041.9795819863502,3050.74609375,35200,0.0,0.0
2015-07-21 00:00:00+09:00,3072.662353515625,3081.4288652232303,3050.746074246612,3072.662353515625,47800,0.0,0.0
2015-07-22 00:00:00+09:00,3094.578788615433,3094.578788615433,3055.1294839446978,3063.89599609375,31800,0.0,0.0
2015-07-23 00:00:00+09:00,3059.51280804599,3094.578857421875,3050.7462957020184,3094.578857421875,25200,0.0,0.0
2015-07-24 00:00:00+09:00,3085.8120953237412,3085.8120953237412,3028.829769699865,3046.36279296875,31600,0.0,0.0
2015-07-27 00:00:00+09:00,3077.045354959239,3077.045354959239,2998.1467561141303,3024.4462890625,42600,0.0,0.0
2015-07-28 00:00:00+09:00,3006.9135544331134,3041.979601715132,2984.9972748818514,3028.829833984375,37200,0.0,0.0
2015-07-29 00:00:00+09:00,3028.8299474975415,3077.0457643173286,2980.614130677754,3063.89599609375,49800,0.0,0.0
2015-07-30 00:00:00+09:00,3072.6623731591235,3072.6623731591235,3033.213070222701,3050.74609375,40800,0.0,0.0
2015-07-31 00:00:00+09:00,3050.7459773573764,3050.7459773573764,2980.6138859238736,3015.679931640625,45600,0.0,0.0
2015-08-03 00:00:00+09:00,3033.213250483474,3129.6448856144516,3006.9137136295712,3116.4951171875,84200,0.0,0.0
2015-08-04 00:00:00+09:00,3129.644476996528,3199.776566116898,3068.2788990162035,3195.393310546875,81200,0.0,0.0
2015-08-05 00:00:00+09:00,3191.010479670699,3265.525834278394,3160.3276865969424,3261.142578125,94800,0.0,0.0
2015-08-06 00:00:00+09:00,3269.90857297489,3322.507638491912,3230.459273837123,3234.842529296875,73800,0.0,0.0
2015-08-07 00:00:00+09:00,3239.226429151452,3261.142710810122,3186.6273531706433,3226.07666015625,40000,0.0,0.0
2015-08-10 00:00:00+09:00,3243.609686778529,3331.274813448219,3243.609686778529,3322.50830078125,76800,0.0,0.0
2015-08-11 00:00:00+09:00,3322.50830078125,3331.274813448219,3269.909224779436,3322.50830078125,49400,0.0,0.0
2015-08-12 00:00:00+09:00,3256.7588065956343,3296.208105733401,3204.1597410786117,3234.842529296875,76600,0.0,0.0
2015-08-13 00:00:00+09:00,3230.4597850512437,3340.041188886089,3221.693272744456,3261.142578125,54200,0.0,0.0
2015-08-14 00:00:00+09:00,3265.5257689124123,3313.741585634609,3243.609488584141,3278.675537109375,51200,0.0,0.0
2015-08-17 00:00:00+09:00,3287.4419003059297,3353.1907383120483,3261.1423651034825,3335.65771484375,47800,0.0,0.0
2015-08-18 00:00:00+09:00,3353.191118611296,3524.138116815009,3331.2748367903073,3493.455322265625,188000,0.0,0.0
2015-08-19 00:00:00+09:00,3489.0719998439454,3519.754793812422,3423.3231556257806,3510.98828125,77000,0.0,0.0
2015-08-20 00:00:00+09:00,3462.772186792529,3493.4549783210705,3375.1070681395536,3388.2568359375,83600,0.0,0.0
2015-08-21 00:00:00+09:00,3322.5083234627014,3418.939963457661,3318.1250670992945,3397.023681640625,72600,0.0,0.0
2015-08-24 00:00:00+09:00,3291.825079321059,3388.256706145378,3247.9925216736415,3256.759033203125,89800,0.0,0.0
2015-08-25 00:00:00+09:00,3129.644864726999,3340.0411581540243,3098.962071935558,3138.411376953125,107800,0.0,0.0
2015-08-26 00:00:00+09:00,3169.094393370581,3234.8432397060706,3103.3455470350923,3208.543701171875,94800,0.0,0.0
2015-08-27 00:00:00+09:00,3247.9924232796443,3274.2919570713825,3160.3273106405177,3199.776611328125,73600,0.0,0.0
2015-08-28 00:00:00+09:00,3296.208412040079,3340.0409707108247,3252.375853369333,3335.65771484375,83600,0.0,0.0
2015-08-31 00:00:00+09:00,3375.1069404709506,3423.32275390625,3318.1246155019603,3423.32275390625,72000,0.0,0.0
2015-09-01 00:00:00+09:00,3392.6400290193674,3392.6400290193674,3226.0763066644113,3239.22607421875,120800,0.0,0.0
2015-09-02 00:00:00+09:00,3112.1119095389136,3326.891463859205,3107.7286533282954,3217.31005859375,102400,0.0,0.0
2015-09-03 00:00:00+09:00,3230.459827225605,3309.358439016732,3204.1602899618956,3217.31005859375,62200,0.0,0.0
2015-09-04 00:00:00+09:00,3252.375697737069,3256.7589533943965,3151.560817618534,3177.8603515625,52200,0.0,0.0
2015-09-07 00:00:00+09:00,3177.860584664852,3304.9750080514464,3160.3275607494597,3296.20849609375,79400,0.0,0.0
2015-09-08 00:00:00+09:00,3304.9752271452003,3304.9752271452003,3169.0942827930767,3173.4775390625,60400,0.0,0.0
2015-09-09 00:00:00+09:00,3274.2917261123657,3366.340087890625,3247.99219417572,3366.340087890625,67400,0.0,0.0
2015-09-10 00:00:00+09:00,3300.591951941682,3309.358464430239,3212.926827056113,3291.825439453125,56000,0.0,0.0
2015-09-11 00:00:00+09:00,3226.0760554635763,3335.657443217094,3191.01001138245,3309.35791015625,101600,0.0,0.0
2015-09-14 00:00:00+09:00,3309.3585988862915,3309.3585988862915,3208.543701171875,3208.543701171875,86000,0.0,0.0
2015-09-15 00:00:00+09:00,3234.842887980689,3296.208471221515,3212.9266082518225,3269.908935546875,47000,0.0,0.0
2015-09-16 00:00:00+09:00,3291.8250149033634,3291.8250149033634,3230.4594353978414,3274.2919921875,30600,0.0,0.0
2015-09-17 00:00:00+09:00,3296.208471221515,3296.208471221515,3243.6093998722354,3269.908935546875,49000,0.0,0.0
2015-09-18 00:00:00+09:00,3278.6753768817657,3296.208400287551,3230.4595625158577,3239.22607421875,60200,0.0,0.0
2015-09-24 00:00:00+09:00,3182.243736107479,3239.226061960643,3142.79443359375,3142.79443359375,73200,0.0,0.0
2015-09-25 00:00:00+09:00,3142.7947451765363,3182.2440516013467,3085.812413674033,3173.4775390625,77600,0.0,0.0
2015-09-28 00:00:00+09:00,3207.767391869879,3207.767391869879,3132.5507771639645,3172.371337890625,63200,33.75,0.0
2015-09-29 00:00:00+09:00,3088.3057563815546,3092.7302631958546,2973.2685792097486,2995.39111328125,88000,0.0,0.0
2015-09-30 00:00:00+09:00,3030.786461395396,3097.154048141281,3008.6639324801013,3057.33349609375,96600,0.0,0.0
2015-10-01 00:00:00+09:00,3088.30587829416,3128.1264411948005,3035.2117944266383,3106.00390625,74200,0.0,0.0
2015-10-02 00:00:00+09:00,3106.0036943543632,3110.4282010414777,3026.3625739863023,3048.485107421875,45200,0.0,0.0
2015-10-05 00:00:00+09:00,3083.8809402921634,3136.975016739087,3061.7584084392784,3110.427978515625,40000,0.0,0.0
2015-10-06 00:00:00+09:00,3136.9743891289895,3150.2479055851063,3110.4273562167555,3119.2763671875,41200,0.0,0.0
2015-10-07 00:00:00+09:00,3119.2771563536808,3119.2771563536808,3057.334063887083,3083.881103515625,46200,0.0,0.0
2015-10-08 00:00:00+09:00,3083.881249567254,3083.881249567254,2995.39111328125,2995.39111328125,40600,0.0,0.0
2015-10-09 00:00:00+09:00,3039.6359566824776,3101.57904750279,3030.786943708147,3097.154541015625,73800,0.0,0.0
2015-10-13 00:00:00+09:00,3052.9096141089894,3123.701721102821,3048.485107421875,3048.485107421875,60800,0.0,0.0
2015-10-14 00:00:00+09:00,3030.7871924257697,3057.334233527309,2990.9666307734606,3017.513671875,54800,0.0,0.0
2015-10-15 00:00:00+09:00,3008.6647524928776,3114.85292022792,3008.6647524928776,3106.00390625,50200,0.0,0.0
2015-10-16 00:00:00+09:00,3110.4284132389603,3159.0979901175215,3101.57939926104,3106.00390625,29000,0.0,0.0
2015-10-19 00:00:00+09:00,3097.154922266744,3132.550978521221,3061.7588660122674,3088.305908203125,34400,0.0,0.0
2015-10-20 00:00:00+09:00,3088.3053652741187,3123.701415305914,3017.513265210529,3044.060302734375,100600,0.0,0.0
2015-10-21 00:00:00+09:00,3052.9087849069147,3123.7008726728723,3030.7862574800533,3119.2763671875,59400,0.0,0.0
2015-10-22 00:00:00+09:00,3101.57866471636,3136.9747122452204,3061.7581112463927,3066.1826171875,27200,0.0,0.0
2015-10-23 00:00:00+09:00,3141.399794756356,3234.3144365730936,3128.126274496822,3132.55078125,75200,0.0,0.0
2015-10-26 00:00:00+09:00,3167.946424468225,3181.2199430064998,3141.3993873916756,3159.097412109375,38600,0.0,0.0
2015-10-27 00:00:00+09:00,3154.673483128561,3154.673483128561,3092.7303852831196,3106.00390625,80800,0.0,0.0
2015-10-28 00:00:00+09:00,3097.1542138531163,3141.399274051018,3061.7581656947946,3070.607177734375,64400,0.0,0.0
2015-10-29 00:00:00+09:00,3079.456894139506,3128.126471489412,3061.7588660122674,3088.305908203125,101200,0.0,0.0
2015-10-30 00:00:00+09:00,3145.8242974061845,3207.767391869879,3141.399790658778,3172.371337890625,77800,0.0,0.0
2015-11-02 00:00:00+09:00,3207.7664768949467,3207.7664768949467,3092.729334275266,3119.2763671875,76400,0.0,0.0
2015-11-04 00:00:00+09:00,3167.946371569858,3252.0119875752034,3167.946371569858,3194.493408203125,83800,0.0,0.0
2015-11-05 00:00:00+09:00,3198.9180501302085,3247.587619357639,3185.64453125,3225.465087890625,39000,0.0,0.0
2015-11-06 00:00:00+09:00,3229.889567495999,3287.408148834969,3229.889567495999,3282.983642578125,49000,0.0,0.0
2015-11-09 00:00:00+09:00,3296.2572700746596,3331.653321296938,3274.134738060736,3291.832763671875,65800,0.0,0.0
2015-11-10 00:00:00+09:00,3252.0118316568573,3305.1059023777857,3252.0118316568573,3300.681396484375,82600,0.0,0.0
2015-11-11 00:00:00+09:00,3300.681396484375,3327.228431844839,3278.5588670173215,3300.681396484375,54000,0.0,0.0
2015-11-12 00:00:00+09:00,3309.5306253162958,3309.5306253162958,3265.2855634805164,3278.55908203125,83400,0.0,0.0
2015-11-13 00:00:00+09:00,3260.861138237847,3274.1346571180557,3234.3141004774307,3265.28564453125,42600,0.0,0.0
2015-11-16 00:00:00+09:00,3234.3141004774307,3282.9836697048613,3194.4935438368057,3265.28564453125,44600,0.0,0.0
2015-11-17 00:00:00+09:00,3313.9552137586807,3331.653238932292,3282.9836697048613,3305.106201171875,67200,0.0,0.0
2015-11-18 00:00:00+09:00,3327.2288415804405,3362.6248930866154,3309.530815827353,3313.955322265625,58400,0.0,0.0
2015-11-19 00:00:00+09:00,3358.2005504851645,3389.172097064079,3322.8044972521193,3327.22900390625,88600,0.0,0.0
2015-11-20 00:00:00+09:00,3353.7760374391232,3406.8701171875,3327.228997564935,3406.8701171875,96600,0.0,0.0
2015-11-24 00:00:00+09:00,3406.8701171875,3420.143637124594,3393.596597250406,3406.8701171875,63800,0.0,0.0
2015-11-25 00:00:00+09:00,3406.8701171875,3411.294623833198,3371.4740640219156,3406.8701171875,63200,0.0,0.0
2015-11-26 00:00:00+09:00,3433.4171824596774,3446.6907024949596,3424.5681691028226,3428.99267578125,54800,0.0,0.0
2015-11-27 00:00:00+09:00,3428.992567765605,3433.4170743046575,3398.0210219922383,3420.1435546875,27400,0.0,0.0
2015-11-30 00:00:00+09:00,3420.143637124594,3420.143637124594,3393.596597250406,3406.8701171875,37800,0.0,0.0
2015-12-01 00:00:00+09:00,3437.8414170310493,3446.6904296875,3411.294379061698,3446.6904296875,67400,0.0,0.0
2015-12-02 00:00:00+09:00,3446.6902679637737,3486.510823049363,3424.5677373606686,3473.2373046875,76600,0.0,0.0
2015-12-03 00:00:00+09:00,3477.662214137978,3535.1808003769015,3473.237707504215,3526.331787109375,77400,0.0,0.0
2015-12-04 00:00:00+09:00,3442.2662247436365,3495.360305330942,3411.294677734375,3411.294677734375,91200,0.0,0.0
2015-12-07 00:00:00+09:00,3446.690537847111,3504.2091219190143,3420.143499044694,3455.53955078125,54800,0.0,0.0
2015-12-08 00:00:00+09:00,3451.114936015725,3482.086480313302,3428.9924043745987,3446.6904296875,46200,0.0,0.0
2015-12-09 00:00:00+09:00,3442.2655924053092,3442.2655924053092,3367.0489920571213,3380.322509765625,48800,0.0,0.0
2015-12-10 00:00:00+09:00,3327.2288402869394,3398.020943271768,3327.2288402869394,3353.77587890625,50400,0.0,0.0
2015-12-11 00:00:00+09:00,3398.020593869732,3468.812689575351,3375.8980639617257,3464.38818359375,122000,0.0,0.0
2015-12-14 00:00:00+09:00,3424.567738876535,3521.906873573284,3415.718726631376,3513.057861328125,75400,0.0,0.0
2015-12-15 00:00:00+09:00,3517.4823392570697,3548.4538818668802,3486.510796647259,3490.935302734375,65400,0.0,0.0
2015-12-16 00:00:00+09:00,3552.8789310266475,3579.4259716071706,3504.2093566290223,3575.00146484375,86200,0.0,0.0
2015-12-17 00:00:00+09:00,3583.84985882303,3716.5850387794385,3579.425352824483,3663.490966796875,104000,0.0,0.0
2015-12-18 00:00:00+09:00,3663.490966796875,3751.981086767814,3645.7929428026873,3663.490966796875,105400,0.0,0.0
2015-12-21 00:00:00+09:00,3605.9730615592525,3632.5201025032475,3566.152500143261,3619.24658203125,48200,0.0,0.0
2015-12-22 00:00:00+09:00,3614.82166803138,3734.2833388231147,3614.82166803138,3725.434326171875,57800,0.0,0.0
2015-12-24 00:00:00+09:00,3738.7079283932603,3760.8304605139306,3659.066812758848,3672.34033203125,55600,0.0,0.0
2015-12-25 00:00:00+09:00,3672.34033203125,3672.34033203125,3672.34033203125,3672.34033203125,0,0.0,0.0
2015-12-28 00:00:00+09:00,3751.981471644197,3778.5285103586607,3676.764861953217,3774.10400390625,70800,0.0,0.0
2015-12-29 00:00:00+09:00,3729.8587270240264,3889.1409502421343,3694.4626774200024,3875.867431640625,109800,0.0,0.0
2015-12-30 00:00:00+09:00,3893.566120426829,3893.566120426829,3774.104432641006,3809.50048828125,84400,0.0,0.0
2016-01-04 00:00:00+09:00,3769.679116107048,3805.075164145612,3729.8585620636636,3743.132080078125,70600,0.0,0.0
2016-01-05 00:00:00+09:00,3725.434004843933,3813.9241237238366,3725.434004843933,3778.528076171875,108600,0.0,0.0
2016-01-06 00:00:00+09:00,3774.10400390625,3818.349068430356,3721.009926477323,3774.10400390625,50200,0.0,0.0
2016-01-07 00:00:00+09:00,3778.527975148168,3871.4425974878773,3747.556434368265,3849.320068359375,103600,0.0,0.0
2016-01-08 00:00:00+09:00,3827.1980813351774,3853.745120049641,3751.981471644197,3774.10400390625,98200,0.0,0.0
2016-01-12 00:00:00+09:00,3738.708144218472,3800.651237732151,3716.58561082073,3729.859130859375,90800,0.0,0.0
2016-01-13 00:00:00+09:00,3760.830512344486,3796.2265642253756,3738.7079799189305,3756.406005859375,72600,0.0,0.0
2016-01-14 00:00:00+09:00,3707.736655010292,3707.736655010292,3610.3975065494014,3694.463134765625,110200,0.0,0.0
2016-01-15 00:00:00+09:00,3729.858832497495,3787.3774147305526,3707.736300869396,3725.434326171875,57800,0.0,0.0
2016-01-18 00:00:00+09:00,3694.4628891786692,3743.1324601738374,3663.491343999926,3734.283447265625,71000,0.0,0.0
2016-01-19 00:00:00+09:00,3734.2834458345546,3862.5941329544626,3725.4344329297332,3774.10400390625,99600,0.0,0.0
2016-01-20 00:00:00+09:00,3756.4059241926166,3840.471545582086,3743.132405025858,3769.679443359375,112600,0.0,0.0
2016-01-21 00:00:00+09:00,3734.2835097342395,3782.9530815435724,3570.5767681937577,3579.42578125,137400,0.0,0.0
2016-01-22 00:00:00+09:00,3672.340437699725,3725.4345163170706,3588.2748132222614,3721.010009765625,105200,0.0,0.0
2016-01-25 00:00:00+09:00,3805.0753051897964,3897.9899347351284,3769.6792558391935,3853.744873046875,119200,0.0,0.0
2016-01-26 00:00:00+09:00,3840.4713019500145,3933.3859302229985,3813.9242653005904,3889.140869140625,107600,0.0,0.0
2016-01-27 00:00:00+09:00,3933.385931891364,3973.2064868823904,3875.8673524598817,3928.96142578125,81400,0.0,0.0
2016-01-28 00:00:00+09:00,3933.386524034952,4008.603139230221,3875.867935944452,3977.631591796875,99800,0.0,0.0
2016-01-29 00:00:00+09:00,4004.1792317179893,4088.244873046875,3937.811620142553,4088.244873046875,147800,0.0,0.0
2016-02-01 00:00:00+09:00,4207.705692652005,4402.383979167977,4150.18710799956,4397.95947265625,183800,0.0,0.0
2016-02-02 00:00:00+09:00,4331.592379000094,4526.270688168637,4313.894350893863,4420.08251953125,186200,0.0,0.0
2016-02-03 00:00:00+09:00,4353.71373665201,4437.779347420697,4336.015713332286,4402.38330078125,129000,0.0,0.0
2016-02-04 00:00:00+09:00,4362.564476328448,4380.2625066583805,4247.527279183884,4282.92333984375,144400,0.0,0.0
2016-02-05 00:00:00+09:00,4265.224229263717,4322.74281326831,4212.130151721014,4274.0732421875,135200,0.0,0.0
2016-02-08 00:00:00+09:00,4207.70625391428,4340.441466971512,4203.281746812372,4305.04541015625,114800,0.0,0.0
2016-02-09 00:00:00+09:00,4128.0638501876865,4167.884401797214,4074.969781374983,4079.394287109375,158600,0.0,0.0
2016-02-10 00:00:00+09:00,4079.394574628061,4105.941610905467,3836.0467420851724,3884.71630859375,190600,0.0,0.0
2016-02-12 00:00:00+09:00,3765.255242737182,3827.198337212294,3663.491587528069,3694.463134765625,168400,0.0,0.0
2016-02-15 00:00:00+09:00,3951.084173780435,4021.876275438315,3840.471514939997,3986.480224609375,127800,0.0,0.0
2016-02-16 00:00:00+09:00,3906.839167711641,3964.3577511547346,3831.62255859375,3831.62255859375,125000,0.0,0.0
2016-02-17 00:00:00+09:00,3871.443174472265,3871.443174472265,3707.7364345231526,3756.406005859375,121800,0.0,0.0
2016-02-18 00:00:00+09:00,3836.0469840169653,3844.8959966675234,3743.1323511861046,3765.2548828125,162200,0.0,0.0
2016-02-19 00:00:00+09:00,3716.5850981404956,3782.9526891787186,3694.4625677944214,3747.556640625,75200,0.0,0.0
2016-02-22 00:00:00+09:00,3747.556534563909,3787.3770880598654,3743.132028619914,3778.528076171875,119200,0.0,0.0
2016-02-23 00:00:00+09:00,3787.3774147305526,3836.04698431237,3712.160807195016,3725.434326171875,69400,0.0,0.0
2016-02-24 00:00:00+09:00,3725.434325884988,3849.3205029928026,3716.58531323443,3765.2548828125,102200,0.0,0.0
2016-02-25 00:00:00+09:00,3765.2549623132577,3858.1695971059467,3765.2549623132577,3831.62255859375,82000,0.0,0.0
2016-02-26 00:00:00+09:00,3831.622313028734,3849.3203375692824,3774.1037332719516,3791.8017578125,89000,0.0,0.0
2016-02-29 00:00:00+09:00,3791.8020577402644,3840.4716290764873,3747.5569928891528,3756.406005859375,100600,0.0,0.0
2016-03-01 00:00:00+09:00,3787.3771952479337,3787.3771952479337,3721.0096042097107,3747.556640625,86200,0.0,0.0
2016-03-02 00:00:00+09:00,3805.0752762179113,3836.046819163871,3738.7076841908547,3791.8017578125,99200,0.0,0.0
2016-03-03 00:00:00+09:00,3774.1037332719516,3796.226263947637,3734.2831780557176,3791.8017578125,92400,0.0,0.0
2016-03-04 00:00:00+09:00,3765.2546628528676,3765.2546628528676,3667.915529383111,3707.736083984375,91800,0.0,0.0
2016-03-07 00:00:00+09:00,3707.7363011610896,3734.283339116897,3632.5196936196357,3685.61376953125,82000,0.0,0.0
2016-03-08 00:00:00+09:00,3636.944559531637,3681.1896271658416,3566.152451316909,3575.00146484375,100600,0.0,0.0
2016-03-09 00:00:00+09:00,3592.698920121763,3601.54793224029,3539.604847410604,3588.2744140625,92400,0.0,0.0
2016-03-10 00:00:00+09:00,3601.54793224029,3632.5194746551324,3566.151883766184,3588.2744140625,73000,0.0,0.0
2016-03-11 00:00:00+09:00,3575.00111196319,3641.3687068634968,3539.605061349693,3605.97265625,107400,0.0,0.0
2016-03-14 00:00:00+09:00,3619.2463660837684,3667.9159382438193,3583.8503136037316,3601.54833984375,64200,0.0,0.0
2016-03-15 00:00:00+09:00,3570.5767403352743,3645.793350726476,3561.727727348074,3597.123779296875,75000,0.0,0.0
2016-03-16 00:00:00+09:00,3579.4258352020643,3619.2463945553627,3561.7278088228204,3583.850341796875,59400,0.0,0.0
2016-03-17 00:00:00+09:00,3592.6990828804346,3619.2461204386645,3548.454020283385,3561.7275390625,72200,0.0,0.0
2016-03-18 00:00:00+09:00,3517.482944498282,3521.9074513467076,3437.841821226623,3459.96435546875,107000,0.0,0.0
2016-03-22 00:00:00+09:00,3508.6337575604834,3601.548396789702,3508.6337575604834,3566.15234375,91600,0.0,0.0
2016-03-23 00:00:00+09:00,3614.8218052712755,3663.491376700876,3570.5767403352743,3597.123779296875,67600,0.0,0.0
2016-03-24 00:00:00+09:00,3645.7936229752445,3659.067143447242,3592.6995410872555,3619.24658203125,101400,0.0,0.0
2016-03-25 00:00:00+09:00,3663.4912935144757,3672.3403063007427,3601.548204010608,3610.397216796875,67600,0.0,0.0
2016-03-28 00:00:00+09:00,3650.2175051158824,3712.160590051182,3650.2175051158824,3707.736083984375,84000,0.0,0.0
2016-03-29 00:00:00+09:00,3731.1956534897986,3807.1601158961776,3726.7271557011877,3784.817626953125,88600,41.25,0.0
2016-03-30 00:00:00+09:00,3784.8178476631924,3829.5028281550835,3735.664369122112,3771.412353515625,90200,0.0,0.0
2016-03-31 00:00:00+09:00,3807.1600254186606,3829.502513830742,3726.7270671351675,3735.6640625,108000,0.0,0.0
2016-04-01 00:00:00+09:00,3749.0697672221245,3775.8807548303876,3561.392853964283,3579.266845703125,130600,0.0,0.0
2016-04-04 00:00:00+09:00,3561.39313455965,3664.1685951554746,3543.51914141255,3601.609619140625,68400,0.0,0.0
2016-04-05 00:00:00+09:00,3561.3930278739545,3610.5465075560287,3516.7080463447955,3539.050537109375,75600,0.0,0.0
2016-04-06 00:00:00+09:00,3534.5821927584134,3534.5821927584134,3467.554717548077,3485.4287109375,101600,0.0,0.0
2016-04-07 00:00:00+09:00,3463.0858994006517,3601.6093353766773,3463.0858994006517,3579.266845703125,58200,0.0,0.0
2016-04-08 00:00:00+09:00,3534.581981584138,3682.042418236826,3521.1764873429843,3646.29443359375,125400,0.0,0.0
2016-04-11 00:00:00+09:00,3637.357414067305,3659.6999043257033,3583.735437447148,3632.888916015625,42800,0.0,0.0
2016-04-12 00:00:00+09:00,3650.76310029515,3686.5110865893494,3597.14112085385,3601.609619140625,60200,0.0,0.0
2016-04-13 00:00:00+09:00,3592.6726526331017,3632.8891375506364,3570.330161012249,3619.483642578125,64600,0.0,0.0
2016-04-14 00:00:00+09:00,3686.5106598442126,3789.2861085428995,3673.105166535688,3775.880615234375,78600,0.0,0.0
2016-04-15 00:00:00+09:00,3740.1326490670194,3802.691618107567,3731.1956534897986,3784.817626953125,62200,0.0,0.0
2016-04-18 00:00:00+09:00,3686.511024567018,3735.6645048945784,3646.2945406626504,3708.853515625,40000,0.0,0.0
2016-04-19 00:00:00+09:00,3749.0698632696794,3789.2863457123813,3744.60136522049,3771.412353515625,44800,0.0,0.0
2016-04-20 00:00:00+09:00,3793.7550512957205,3820.5660410575274,3731.196075184837,3749.070068359375,53600,0.0,0.0
2016-04-21 00:00:00+09:00,3798.2234501338507,3842.9084319001313,3784.8179556039663,3833.971435546875,56000,0.0,0.0
2016-04-22 00:00:00+09:00,3865.2507165796096,3869.719214517852,3784.817753691248,3856.313720703125,81800,0.0,0.0
2016-04-25 00:00:00+09:00,3825.0351835029073,3883.1256711028345,3825.0351835029073,3842.9091796875,45200,0.0,0.0
2016-04-26 00:00:00+09:00,3838.440185546875,3865.251176365596,3789.28670237922,3838.440185546875,95600,0.0,0.0
2016-04-27 00:00:00+09:00,3802.6919067234126,3802.6919067234126,3659.6999666351057,3668.636962890625,133800,0.0,0.0
2016-04-28 00:00:00+09:00,3677.5739201564415,3731.1958971210556,3610.546448950674,3646.29443359375,104800,0.0,0.0
2016-05-02 00:00:00+09:00,3534.581811092963,3570.3297940117286,3480.959836714814,3547.9873046875,83000,0.0,0.0
2016-05-06 00:00:00+09:00,3552.455858094862,3615.014829180809,3539.05036429073,3579.266845703125,58000,0.0,0.0
2016-05-09 00:00:00+09:00,3579.2667654546262,3592.672258958202,3521.1762936057994,3534.581787109375,57600,0.0,0.0
2016-05-10 00:00:00+09:00,3556.92446438842,3650.762923876054,3547.9874682467407,3641.825927734375,67000,0.0,0.0
2016-05-11 00:00:00+09:00,3708.853398796971,3708.853398796971,3597.1409470259778,3641.825927734375,50600,0.0,0.0
2016-05-12 00:00:00+09:00,3601.6093353766773,3619.4833271155194,3539.05036429073,3579.266845703125,70400,0.0,0.0
2016-05-13 00:00:00+09:00,3547.9875334152066,3583.7355186385334,3454.149072203973,3539.050537109375,134000,0.0,0.0
2016-05-16 00:00:00+09:00,3463.085887877922,3494.365373316819,3270.940477324695,3297.75146484375,179600,0.0,0.0
2016-05-17 00:00:00+09:00,3351.373596996619,3391.5900801605785,3262.0036344100427,3387.12158203125,125400,0.0,0.0
2016-05-18 00:00:00+09:00,3404.99536932749,3445.211850067579,3382.652880027441,3409.4638671875,78800,0.0,0.0
2016-05-19 00:00:00+09:00,3445.2121884450607,3476.4916765372986,3431.806693548387,3463.086181640625,51400,0.0,0.0
2016-05-20 00:00:00+09:00,3463.0860075658684,3516.707984457211,3422.8695248973613,3503.302490234375,69200,0.0,0.0
2016-05-23 00:00:00+09:00,3507.771050038964,3552.4560315681224,3503.3025518860477,3539.050537109375,54400,0.0,0.0
2016-05-24 00:00:00+09:00,3547.9876471499383,3632.889114776952,3534.5821522614624,3606.078125,87800,0.0,0.0
2016-05-25 00:00:00+09:00,3699.9166124131943,3699.9166124131943,3619.483642578125,3619.483642578125,53400,0.0,0.0
2016-05-26 00:00:00+09:00,3659.6999973366474,3704.3849789891096,3583.735528527462,3686.510986328125,84600,0.0,0.0
2016-05-27 00:00:00+09:00,3664.168026611623,3708.8530025459113,3650.762533831337,3695.447509765625,52000,0.0,0.0
2016-05-30 00:00:00+09:00,3695.4479322725183,3798.223388671875,3668.6369436465993,3798.223388671875,78800,0.0,0.0
2016-05-31 00:00:00+09:00,3798.223975852684,3860.782958984375,3731.196493925872,3860.782958984375,147400,0.0,0.0
2016-06-01 00:00:00+09:00,3825.0339189658957,3847.376406810323,3789.285938414813,3816.096923828125,65600,0.0,0.0
2016-06-02 00:00:00+09:00,3811.6288359583273,3811.6288359583273,3735.664369122112,3771.412353515625,66400,0.0,0.0
2016-06-03 00:00:00+09:00,3771.4119481392713,3851.844904379208,3771.4119481392713,3816.096923828125,41800,0.0,0.0
2016-06-06 00:00:00+09:00,3798.223699318794,3847.377182486449,3758.0072130907124,3838.440185546875,52000,0.0,0.0
2016-06-07 00:00:00+09:00,3856.3141794260223,3878.6566717749565,3820.566191667728,3838.440185546875,43000,0.0,0.0
2016-06-08 00:00:00+09:00,3878.6553799715907,3932.27734375,3847.3759011008524,3932.27734375,79800,0.0,0.0
2016-06-09 00:00:00+09:00,3887.5940703479714,3941.2160575251846,3883.125571416537,3936.74755859375,51000,0.0,0.0
2016-06-10 00:00:00+09:00,3959.0900532509227,3959.0900532509227,3905.468066073709,3936.74755859375,72600,0.0,0.0
2016-06-13 00:00:00+09:00,3838.440350514538,3874.188339809202,3789.286865234375,3789.286865234375,58600,0.0,0.0
2016-06-14 00:00:00+09:00,3735.6640706671897,3793.7545406656027,3708.853084514076,3740.132568359375,57400,0.0,0.0
2016-06-15 00:00:00+09:00,3673.1055600831837,3753.5385285521584,3668.6370618349074,3726.7275390625,62400,0.0,0.0
2016-06-16 00:00:00+09:00,3677.5738165108382,3713.3218001464234,3583.735359467427,3588.203857421875,76400,0.0,0.0
2016-06-17 00:00:00+09:00,3601.608852624299,3646.2938259819202,3574.797868609726,3583.73486328125,97800,0.0,0.0
2016-06-20 00:00:00+09:00,3583.735580444336,3610.5465698242188,3565.861587524414,3574.798583984375,64600,0.0,0.0
2016-06-21 00:00:00+09:00,3530.113690756812,3650.763146010526,3507.7711990431612,3628.420654296875,78800,0.0,0.0
2016-06-22 00:00:00+09:00,3628.4206164807933,3664.168602850062,3561.3931420384138,3606.078125,51600,0.0,0.0
2016-06-23 00:00:00+09:00,3606.078162583224,3646.2946476677957,3574.798674184113,3628.420654296875,44800,0.0,0.0
2016-06-24 00:00:00+09:00,3628.420193501656,3664.1681757036426,3351.3733314362585,3373.7158203125,92000,0.0,0.0
2016-06-27 00:00:00+09:00,3422.869709179929,3664.168618182169,3422.869709179929,3615.01513671875,86600,0.0,0.0
2016-06-28 00:00:00+09:00,3588.203773470724,3740.1327003673678,3570.329782071119,3677.57373046875,78200,0.0,0.0
2016-06-29 00:00:00+09:00,3731.195784954607,3735.66428290066,3682.0423075480194,3722.2587890625,36600,0.0,0.0
2016-06-30 00:00:00+09:00,3722.2589716500947,3722.2589716500947,3655.2314991714015,3686.510986328125,78600,0.0,0.0
2016-07-01 00:00:00+09:00,3735.6642300083868,3842.9081791952303,3713.321740594461,3829.502685546875,68600,0.0,0.0
2016-07-04 00:00:00+09:00,3842.9075318086793,3900.9979944988104,3816.096549028619,3874.18701171875,64200,0.0,0.0
2016-07-05 00:00:00+09:00,3865.25048828125,3869.7189859555638,3811.628516189487,3865.25048828125,48200,0.0,0.0
2016-07-06 00:00:00+09:00,3865.251191213433,3865.251191213433,3762.4757260135384,3847.377197265625,104000,0.0,0.0
2016-07-07 00:00:00+09:00,3842.908226888398,3976.9631650356678,3838.4397289501558,3856.313720703125,62400,0.0,0.0
2016-07-08 00:00:00+09:00,3892.062393045871,3914.4048866913695,3825.034912109375,3825.034912109375,55600,0.0,0.0
2016-07-11 00:00:00+09:00,3825.034912109375,3825.034912109375,3825.034912109375,3825.034912109375,0,0.0,0.0
2016-07-12 00:00:00+09:00,3968.0257273706898,3994.8367120150865,3883.124275996767,3887.5927734375,77400,0.0,0.0
2016-07-13 00:00:00+09:00,3936.7473210748635,3936.7473210748635,3775.8813692488757,3789.286865234375,122200,0.0,0.0
2016-07-14 00:00:00+09:00,3762.4757115604993,3878.6566717749565,3762.4757115604993,3838.440185546875,82800,0.0,0.0
2016-07-15 00:00:00+09:00,3833.971011513158,3838.4395091955744,3722.2585694527515,3735.6640625,91000,0.0,0.0
2016-07-19 00:00:00+09:00,3677.573592628589,3744.6010578648325,3673.1050949461724,3735.6640625,115000,0.0,0.0
2016-07-20 00:00:00+09:00,3668.636813709859,3735.66428290066,3668.636813709859,3722.2587890625,101200,0.0,0.0
2016-07-21 00:00:00+09:00,3722.2586845584033,3735.6641780201985,3646.294221608232,3664.168212890625,43600,0.0,0.0
2016-07-22 00:00:00+09:00,3619.4832267342035,3668.636702652816,3619.4832267342035,3659.69970703125,46600,0.0,0.0
2016-07-25 00:00:00+09:00,3659.700142695986,3682.042634409637,3606.078162583224,3628.420654296875,64800,0.0,0.0
2016-07-26 00:00:00+09:00,3619.4836350336063,3650.7631232376,3579.2671501998993,3615.01513671875,69000,0.0,0.0
2016-07-27 00:00:00+09:00,3637.356831310396,3650.7623233176823,3579.266365945488,3583.73486328125,45600,0.0,0.0
2016-07-28 00:00:00+09:00,3583.7355574125627,3637.357535827713,3561.39306640625,3561.39306640625,58200,0.0,0.0
2016-07-29 00:00:00+09:00,3574.7982185509554,3583.735214097333,3498.833756406748,3507.770751953125,88200,0.0,0.0
2016-08-01 00:00:00+09:00,3516.708053992946,3570.330031944554,3463.0860760413384,3543.51904296875,112800,0.0,0.0
2016-08-02 00:00:00+09:00,3525.644870486599,3628.420322984941,3516.707874617178,3579.266845703125,89200,0.0,0.0
2016-08-03 00:00:00+09:00,3579.2668605666086,3583.7353585198753,3445.2119219686083,3449.680419921875,65600,0.0,0.0
2016-08-04 00:00:00+09:00,3440.74352800688,3449.6805241835214,3342.4365700638264,3369.24755859375,84600,0.0,0.0
2016-08-05 00:00:00+09:00,3400.527005734208,3418.400997879986,3302.220048932431,3346.905029296875,70000,0.0,0.0
2016-08-08 00:00:00+09:00,3378.1844997176204,3396.0584917796186,3293.28303742313,3337.968017578125,100600,0.0,0.0
2016-08-09 00:00:00+09:00,3342.4366007379617,3396.0585782899075,3329.0311063499753,3387.12158203125,61200,0.0,0.0
2016-08-10 00:00:00+09:00,3449.680579367198,3449.680579367198,3369.2476124907603,3400.527099609375,76200,0.0,0.0
2016-08-12 00:00:00+09:00,3454.148762709032,3503.3022379869094,3409.4637851836887,3498.833740234375,89000,0.0,0.0
2016-08-15 00:00:00+09:00,3476.4913594616924,3507.770844701065,3409.4638910916083,3422.869384765625,58000,0.0,0.0
2016-08-16 00:00:00+09:00,3418.4007568359375,3418.4007568359375,3333.499300130208,3351.373291015625,58800,0.0,0.0
2016-08-17 00:00:00+09:00,3329.031021547126,3351.3735116246235,3306.6885314696283,3337.968017578125,71600,0.0,0.0
2016-08-18 00:00:00+09:00,3270.9403731142243,3329.030844221444,3230.723893116918,3239.660888671875,87400,0.0,0.0
2016-08-19 00:00:00+09:00,3212.8498778620587,3270.9403485327216,3177.1018959108815,3226.25537109375,105200,0.0,0.0
2016-08-22 00:00:00+09:00,3194.9761440213874,3311.1570947130745,3163.6966572967026,3235.192626953125,107600,0.0,0.0
2016-08-23 00:00:00+09:00,3186.0392453570216,3306.688697845997,3163.6967541553595,3293.283203125,119200,0.0,0.0
2016-08-24 00:00:00+09:00,3320.0940410782086,3364.7790214426527,3297.7515508959864,3346.905029296875,107800,0.0,0.0
2016-08-25 00:00:00+09:00,3346.9047358681023,3373.7157217362046,3288.8142664872144,3320.09375,94800,0.0,0.0
2016-08-26 00:00:00+09:00,3297.751440927934,3315.6254324776787,3262.003457828444,3284.345947265625,101600,0.0,0.0
2016-08-29 00:00:00+09:00,3329.030860785441,3329.030860785441,3217.3184157926407,3248.597900390625,95600,0.0,0.0
2016-08-30 00:00:00+09:00,3230.7239011654183,3257.5348878970817,3177.101927702092,3244.12939453125,337600,0.0,0.0
2016-08-31 00:00:00+09:00,3221.7875546328673,3235.193050699301,3132.4175808566433,3194.9765625,177800,0.0,0.0
2016-09-01 00:00:00+09:00,3230.724020211808,3458.6174158284084,3230.724020211808,3449.680419921875,260800,0.0,0.0
2016-09-02 00:00:00+09:00,3436.2749961237596,3498.8339687449984,3436.2749961237596,3489.89697265625,95400,0.0,0.0
2016-09-05 00:00:00+09:00,3467.554717548077,3503.302704326923,3449.680724158654,3485.4287109375,61000,0.0,0.0
2016-09-06 00:00:00+09:00,3512.239407632958,3610.5463630628883,3512.239407632958,3597.140869140625,90200,0.0,0.0
2016-09-07 00:00:00+09:00,3579.2672166894295,3699.9166734317696,3574.798718291565,3655.231689453125,143400,0.0,0.0
2016-09-08 00:00:00+09:00,3655.231414120086,3655.231414120086,3588.2039432010133,3637.357421875,65000,0.0,0.0
2016-09-09 00:00:00+09:00,3632.889114776952,3646.2946096654277,3588.2041318153656,3606.078125,59200,0.0,0.0
2016-09-12 00:00:00+09:00,3588.2041318153656,3641.826111369269,3574.7986369268897,3606.078125,98200,0.0,0.0
2016-09-13 00:00:00+09:00,3606.077935446099,3659.6999121813574,3606.077935446099,3637.357421875,118400,0.0,0.0
2016-09-14 00:00:00+09:00,3615.01511400095,3664.1685951554746,3597.14112085385,3601.609619140625,94400,0.0,0.0
2016-09-15 00:00:00+09:00,3597.1405671772204,3597.1405671772204,3534.5816007915296,3565.861083984375,71000,0.0,0.0
2016-09-16 00:00:00+09:00,3574.79836355853,3610.5463471941157,3570.329865604082,3588.203857421875,90800,0.0,0.0
2016-09-20 00:00:00+09:00,3574.798674184113,3659.700142695986,3552.456182470463,3628.420654296875,88800,0.0,0.0
2016-09-21 00:00:00+09:00,3610.546448950674,3673.105422076057,3583.735460468367,3646.29443359375,139400,0.0,0.0
2016-09-23 00:00:00+09:00,3619.483122757177,3740.1325601824165,3588.2036389802633,3735.6640625,246000,0.0,0.0
2016-09-26 00:00:00+09:00,3753.5380532296654,3771.4120439593303,3726.7270671351675,3735.6640625,59400,0.0,0.0
2016-09-27 00:00:00+09:00,3695.4480588627434,3731.196044921875,3632.889083259263,3731.196044921875,112600,0.0,0.0
2016-09-28 00:00:00+09:00,3724.448467548077,3728.9465937166133,3656.976575020032,3683.96533203125,64600,27.5,0.0
2016-09-29 00:00:00+09:00,3643.482421875,3679.4674334490737,3598.5011574074074,3643.482421875,123600,0.0,0.0
2016-09-30 00:00:00+09:00,3553.519775390625,3594.0029120722907,3540.025396496737,3553.519775390625,115000,0.0,0.0
2016-10-03 00:00:00+09:00,3585.0068254434655,3585.0068254434655,3504.0405483318186,3558.01806640625,154400,0.0,0.0
2016-10-04 00:00:00+09:00,3585.0069302576667,3647.9807031856562,3558.018170431386,3620.991943359375,85600,0.0,0.0
2016-10-05 00:00:00+09:00,3697.4602766727376,3701.958403530004,3661.475261814609,3665.973388671875,77400,0.0,0.0
2016-10-06 00:00:00+09:00,3692.9616518819275,3692.9616518819275,3634.486010621921,3652.478515625,48600,0.0,0.0
2016-10-07 00:00:00+09:00,3611.9954522765506,3643.4823366675046,3607.497325934986,3634.486083984375,46600,0.0,0.0
2016-10-11 00:00:00+09:00,3629.988042534722,3652.4786747685184,3616.4936631944443,3643.482421875,29800,0.0,0.0
2016-10-12 00:00:00+09:00,3625.4898313012454,3665.9729683753285,3589.5048205687267,3634.486083984375,55200,0.0,0.0
2016-10-13 00:00:00+09:00,3670.4711175685975,3688.463623046875,3625.489853872904,3688.463623046875,55400,0.0,0.0
2016-10-14 00:00:00+09:00,3665.9728883193948,3679.467267049405,3629.9878783727013,3638.984130859375,41000,0.0,0.0
2016-10-17 00:00:00+09:00,3625.49024695648,3670.471515529141,3620.992120099214,3665.973388671875,46400,0.0,0.0
2016-10-18 00:00:00+09:00,3733.4445935116996,3782.9239796907705,3719.950215462862,3760.433349609375,98000,0.0,0.0
2016-10-19 00:00:00+09:00,3746.9388716693084,3760.433249358394,3710.953864498415,3724.4482421875,69600,0.0,0.0
2016-10-20 00:00:00+09:00,3683.96544076615,3746.939208984375,3679.4673144648486,3746.939208984375,64200,0.0,0.0
2016-10-21 00:00:00+09:00,3706.456458618461,3710.9545853886293,3679.467697997453,3697.460205078125,62000,0.0,0.0
2016-10-24 00:00:00+09:00,3679.4678496189727,3692.9622304855457,3643.4828339747773,3661.475341796875,82800,0.0,0.0
2016-10-25 00:00:00+09:00,3683.965429156118,3724.448565740251,3670.47105029474,3719.950439453125,60200,0.0,0.0
2016-10-26 00:00:00+09:00,3719.950439453125,3724.448565740251,3679.4673028689917,3719.950439453125,44600,0.0,0.0
2016-10-27 00:00:00+09:00,3706.4563973615273,3760.433917711452,3706.4563973615273,3755.935791015625,71000,0.0,0.0
2016-10-28 00:00:00+09:00,3778.4258536744915,3787.42210570705,3701.9577113977457,3760.433349609375,98200,0.0,0.0
2016-10-31 00:00:00+09:00,3760.4336507062576,3796.4186617178007,3701.9580078125,3701.9580078125,87000,0.0,0.0
2016-11-01 00:00:00+09:00,3742.4410826830735,3760.4335878882803,3701.9579459713573,3746.939208984375,64800,0.0,0.0
2016-11-02 00:00:00+09:00,3724.4482061519834,3724.4482061519834,3625.4894373894913,3656.976318359375,63800,0.0,0.0
2016-11-04 00:00:00+09:00,3643.4823942364387,3643.4823942364387,3535.5273603331366,3576.010498046875,79200,0.0,0.0
2016-11-07 00:00:00+09:00,3585.0069302576667,3634.4863232725156,3585.0069302576667,3620.991943359375,58800,0.0,0.0
2016-11-08 00:00:00+09:00,3638.9843435178964,3656.976849542707,3549.0218133938447,3558.01806640625,44200,0.0,0.0
2016-11-09 00:00:00+09:00,3553.520152698864,3611.99580078125,3423.0744762073864,3463.5576171875,85600,0.0,0.0
2016-11-10 00:00:00+09:00,3643.4822631234606,3656.97664187577,3598.5010006157636,3652.478515625,60000,0.0,0.0
2016-11-11 00:00:00+09:00,3670.4711231774,3737.943018824043,3670.4711231774,3701.9580078125,94600,0.0,0.0
2016-11-14 00:00:00+09:00,3656.976721447287,3697.45985858508,3643.482342401356,3647.98046875,31200,0.0,0.0
2016-11-15 00:00:00+09:00,3638.98421032594,3656.976715692199,3607.497325934986,3634.486083984375,36200,0.0,0.0
2016-11-16 00:00:00+09:00,3679.4673531905055,3683.965479539149,3616.493584309494,3647.98046875,54200,0.0,0.0
2016-11-17 00:00:00+09:00,3598.5010006157636,3656.97664187577,3598.5010006157636,3652.478515625,27000,0.0,0.0
2016-11-18 00:00:00+09:00,3656.9773685275472,3688.4642585394695,3620.9923513710646,3625.490478515625,27200,0.0,0.0
2016-11-21 00:00:00+09:00,3629.9878843711517,3670.471020628079,3629.9878843711517,3652.478515625,27400,0.0,0.0
2016-11-22 00:00:00+09:00,3620.992120099214,3679.4677692436735,3620.992120099214,3665.973388671875,27200,0.0,0.0
2016-11-24 00:00:00+09:00,3688.463426276819,3692.9615524064247,3602.999029814307,3616.493408203125,34600,0.0,0.0
2016-11-25 00:00:00+09:00,3616.4941442553436,3647.981033571,3589.5053819847813,3629.988525390625,62400,0.0,0.0
2016-11-28 00:00:00+09:00,3602.999029814307,3625.4896604623364,3567.0140207774602,3616.493408203125,54600,0.0,0.0
2016-11-29 00:00:00+09:00,3616.4942242265042,3629.9886056601854,3602.9998427928235,3625.490478515625,41800,0.0,0.0
2016-11-30 00:00:00+09:00,3602.9992565227003,3607.497382935338,3567.0142452216,3576.010498046875,66000,0.0,0.0
2016-12-01 00:00:00+09:00,3611.9954291108866,3620.9916817363182,3562.516039671011,3580.508544921875,53000,0.0,0.0
2016-12-02 00:00:00+09:00,3549.021882971939,3585.006895727041,3513.0368702168366,3526.53125,67000,0.0,0.0
2016-12-05 00:00:00+09:00,3513.0368449157795,3513.0368449157795,3432.0705667999227,3459.059326171875,65000,0.0,0.0
2016-12-06 00:00:00+09:00,3517.5350670145594,3522.0331936987213,3472.553800172941,3495.04443359375,78200,0.0,0.0
2016-12-07 00:00:00+09:00,3517.5350810820214,3544.523841294927,3513.0369543798706,3535.527587890625,69800,0.0,0.0
2016-12-08 00:00:00+09:00,3571.5124353105098,3571.5124353105098,3517.534917396497,3531.029296875,51800,0.0,0.0
2016-12-09 00:00:00+09:00,3499.5427163870227,3513.037097041471,3445.565193769228,3472.553955078125,91400,0.0,0.0
2016-12-12 00:00:00+09:00,3486.0478575248035,3504.0403625958993,3468.0553524537077,3499.542236328125,74600,0.0,0.0
2016-12-13 00:00:00+09:00,3495.0447913233756,3634.4867328047458,3468.0560284560133,3625.490478515625,96600,0.0,0.0
2016-12-14 00:00:00+09:00,3567.0141542845136,3616.4935435621046,3540.025396496737,3553.519775390625,83800,0.0,0.0
2016-12-15 00:00:00+09:00,3553.5204241602555,3571.512932637016,3526.5316614451144,3544.524169921875,68400,0.0,0.0
2016-12-16 00:00:00+09:00,3594.0029238600227,3594.0029238600227,3549.0216607328634,3580.508544921875,98000,0.0,0.0
2016-12-19 00:00:00+09:00,3585.006603958301,3611.995361328125,3580.508477729997,3611.995361328125,80400,0.0,0.0
2016-12-20 00:00:00+09:00,3571.5122431111454,3674.9691468788487,3571.5122431111454,3652.478515625,56800,0.0,0.0
2016-12-21 00:00:00+09:00,3643.4829870938665,3661.4754956721076,3616.4942242265042,3625.490478515625,58800,0.0,0.0
2016-12-22 00:00:00+09:00,3602.999587380901,3620.992094683677,3585.007080078125,3585.007080078125,34400,0.0,0.0
2016-12-26 00:00:00+09:00,3620.9922713004376,3661.475414706281,3598.5016360749687,3629.988525390625,73400,0.0,0.0
2016-12-27 00:00:00+09:00,3629.98805326574,3674.9693178663065,3620.9918003456264,3670.47119140625,36000,0.0,0.0
2016-12-28 00:00:00+09:00,3670.4711004932183,3670.4711004932183,3629.987963355425,3647.98046875,27600,0.0,0.0
2016-12-29 00:00:00+09:00,3647.9803833460483,3670.4710145627314,3625.4897521293647,3638.984130859375,39400,0.0,0.0
2016-12-30 00:00:00+09:00,3647.98046875,3656.976721447287,3625.4898370067817,3647.98046875,50400,0.0,0.0
2017-01-04 00:00:00+09:00,3688.463634278526,3773.9280355605897,3688.463634278526,3715.452392578125,145400,0.0,0.0
2017-01-05 00:00:00+09:00,3782.9244012617696,3814.411286884638,3751.437515638901,3791.920654296875,101800,0.0,0.0
2017-01-06 00:00:00+09:00,3778.426116401627,3814.4111270340236,3742.4411057692305,3800.916748046875,55800,0.0,0.0
2017-01-10 00:00:00+09:00,3800.916987258295,3832.403873543275,3764.9319743611754,3787.422607421875,75000,0.0,0.0
2017-01-11 00:00:00+09:00,3782.9243381585216,3845.898108353788,3751.437453060888,3836.90185546875,91000,0.0,0.0
2017-01-12 00:00:00+09:00,3805.414508322011,3805.414508322011,3706.455738602053,3724.4482421875,80400,0.0,0.0
2017-01-13 00:00:00+09:00,3688.4634829083934,3737.94287109375,3670.4709781137185,3737.94287109375,110000,0.0,0.0
2017-01-16 00:00:00+09:00,3701.9580190035053,3742.441156513872,3683.965513443343,3728.94677734375,40800,0.0,0.0
2017-01-17 00:00:00+09:00,3764.931939184303,3764.931939184303,3688.4637874923874,3692.9619140625,43800,0.0,0.0
2017-01-18 00:00:00+09:00,3715.4523639796544,3715.4523639796544,3634.486089704069,3647.98046875,34600,0.0,0.0
2017-01-19 00:00:00+09:00,3665.973149605077,3692.961908988673,3638.9843902214816,3679.467529296875,45000,0.0,0.0
2017-01-20 00:00:00+09:00,3656.97681202608,3697.4599501665903,3652.478685566023,3670.47119140625,48800,0.0,0.0
2017-01-23 00:00:00+09:00,3620.991613784733,3634.485992469645,3558.017846588477,3611.995361328125,50000,0.0,0.0
2017-01-24 00:00:00+09:00,3576.010418609159,3625.4898080490343,3567.0141659837273,3580.508544921875,27000,0.0,0.0
2017-01-25 00:00:00+09:00,3602.99951171875,3616.4938919124534,3562.516371137641,3602.99951171875,40200,0.0,0.0
2017-01-26 00:00:00+09:00,3643.482342401356,3670.4711004932183,3629.987963355425,3647.98046875,47200,0.0,0.0
2017-01-27 00:00:00+09:00,3683.965716287364,3683.965716287364,3602.999436808521,3620.991943359375,48200,0.0,0.0
2017-01-30 00:00:00+09:00,3594.0031835330938,3688.4638429250776,3580.5088036199536,3620.991943359375,59400,0.0,0.0
2017-01-31 00:00:00+09:00,3620.991625886028,3665.9728883193948,3607.497247156018,3638.984130859375,55600,0.0,0.0
2017-02-01 00:00:00+09:00,3607.497818330582,3661.475341796875,3589.5053105084844,3661.475341796875,72400,0.0,0.0
2017-02-02 00:00:00+09:00,3661.475078173706,3692.9619645953476,3598.5013053304237,3607.49755859375,72400,0.0,0.0
2017-02-03 00:00:00+09:00,3607.4973539071993,3715.4523869418285,3607.4973539071993,3701.9580078125,83000,0.0,0.0
2017-02-06 00:00:00+09:00,3692.962078307957,3706.456458618461,3661.475190916781,3697.460205078125,57200,0.0,0.0
2017-02-07 00:00:00+09:00,3670.471281211937,3715.4525469130635,3665.9731546418243,3692.9619140625,62200,0.0,0.0
2017-02-08 00:00:00+09:00,3679.4677692436735,3679.4677692436735,3638.9846275282785,3665.973388671875,43400,0.0,0.0
2017-02-09 00:00:00+09:00,3683.9658961009395,3688.4640229582055,3656.977134957343,3665.973388671875,47000,0.0,0.0
2017-02-10 00:00:00+09:00,3710.954192747553,3764.9317082784264,3710.954192747553,3733.44482421875,82200,0.0,0.0
2017-02-13 00:00:00+09:00,3769.429840490884,3778.4260930934875,3719.9504511765645,3746.939208984375,100400,0.0,0.0
2017-02-14 00:00:00+09:00,3755.935123462032,3764.9313752547555,3724.4482421875,3724.4482421875,70000,0.0,0.0
2017-02-15 00:00:00+09:00,3769.429931640625,3791.920563690987,3701.95803548954,3769.429931640625,113800,0.0,0.0
2017-02-16 00:00:00+09:00,3778.4264338399225,3805.4151940816364,3773.9283071329705,3782.924560546875,35400,0.0,0.0
2017-02-17 00:00:00+09:00,3760.4339270121136,3791.9208139607795,3733.4451667703997,3782.924560546875,39200,0.0,0.0
2017-02-20 00:00:00+09:00,3733.4450095686907,3800.91690733198,3728.946883051138,3791.920654296875,35400,0.0,0.0
2017-02-21 00:00:00+09:00,3755.935800305161,3805.4151940816364,3755.935800305161,3782.924560546875,33800,0.0,0.0
2017-02-22 00:00:00+09:00,3782.924560546875,3791.9208139607795,3760.4339270121136,3782.924560546875,27400,0.0,0.0
2017-02-23 00:00:00+09:00,3800.9170766422853,3818.9095835139647,3782.9245697706056,3809.913330078125,29800,0.0,0.0
2017-02-24 00:00:00+09:00,3823.4068170733954,3836.9011940748305,3787.421811736234,3818.90869140625,46000,0.0,0.0
2017-02-27 00:00:00+09:00,3818.90869140625,3823.4068170733954,3764.931183400508,3818.90869140625,39000,0.0,0.0
2017-02-28 00:00:00+09:00,3827.9058369498043,3854.8945972573238,3809.913330078125,3809.913330078125,44800,0.0,0.0
2017-03-01 00:00:00+09:00,3836.9019554985894,3890.8794742160376,3818.9094492594404,3886.38134765625,59200,0.0,0.0
2017-03-02 00:00:00+09:00,3944.856757082884,3944.856757082884,3895.377367883441,3913.369873046875,30200,0.0,0.0
2017-03-03 00:00:00+09:00,3913.369873046875,3935.8605045011673,3895.377367883441,3913.369873046875,39000,0.0,0.0
2017-03-06 00:00:00+09:00,3895.377097674461,3922.365853547494,3859.39208984375,3859.39208984375,45600,0.0,0.0
2017-03-07 00:00:00+09:00,3895.378086776822,3895.378086776822,3859.393069808907,3872.887451171875,20200,0.0,0.0
2017-03-08 00:00:00+09:00,3913.3696015898163,3913.3696015898163,3850.395837886072,3859.39208984375,41200,0.0,0.0
2017-03-09 00:00:00+09:00,3863.891190092745,3877.385571431835,3836.9024274145654,3845.898681640625,35800,0.0,0.0
2017-03-10 00:00:00+09:00,3908.872401885637,3944.8574182436178,3886.3817666618993,3931.363037109375,58800,0.0,0.0
2017-03-13 00:00:00+09:00,3944.857508791277,3989.838780271223,3935.8612544952875,3967.34814453125,41200,0.0,0.0
2017-03-14 00:00:00+09:00,3989.8388671875,4003.3332489254512,3985.3407399415164,3989.8388671875,43600,0.0,0.0
2017-03-15 00:00:00+09:00,3980.842612695533,3994.336994433484,3962.8501037115984,3989.8388671875,43000,0.0,0.0
2017-03-16 00:00:00+09:00,3958.3515625,3976.344069602273,3940.3590553977274,3958.3515625,47200,0.0,0.0
2017-03-17 00:00:00+09:00,3908.8717467560164,3935.8605045011673,3895.377367883441,3913.369873046875,57400,0.0,0.0
2017-03-21 00:00:00+09:00,3899.876147796142,3958.3517993778605,3899.876147796142,3931.363037109375,41800,0.0,0.0
2017-03-22 00:00:00+09:00,3868.3893240508855,3899.8762138978113,3868.3893240508855,3872.887451171875,39200,0.0,0.0
2017-03-23 00:00:00+09:00,3823.407476141193,3863.8906141238645,3823.407476141193,3836.90185546875,35000,0.0,0.0
2017-03-24 00:00:00+09:00,3827.905702379015,3895.3776007758247,3814.411322699653,3886.38134765625,49800,0.0,0.0
2017-03-27 00:00:00+09:00,3895.3779987085645,3904.3742527471522,3841.400474477037,3850.396728515625,60400,0.0,0.0
2017-03-28 00:00:00+09:00,3904.3735535294327,3953.8529418806124,3895.3773011019457,3944.856689453125,63800,0.0,0.0
2017-03-29 00:00:00+09:00,3953.9567048843896,3981.2567511781826,3935.756674021861,3944.856689453125,42000,50.0,0.0
2017-03-30 00:00:00+09:00,3903.906816568624,3913.006832458061,3826.556681508406,3831.106689453125,44600,0.0,0.0
2017-03-31 00:00:00+09:00,3881.1563534494176,3885.7063608977755,3758.30615234375,3758.30615234375,84400,0.0,0.0
2017-04-03 00:00:00+09:00,3799.256673468769,3826.5567214218377,3776.5066335078777,3808.356689453125,48200,0.0,0.0
2017-04-04 00:00:00+09:00,3803.8070061084622,3826.557048011025,3776.506955825387,3817.45703125,58000,0.0,0.0
2017-04-05 00:00:00+09:00,3794.7066654765904,3853.856769374907,3776.5066335078777,3808.356689453125,61600,0.0,0.0
2017-04-06 00:00:00+09:00,3822.00658645073,3826.556594291743,3721.906413948449,3740.1064453125,39800,0.0,0.0
2017-04-07 00:00:00+09:00,3717.3564873852774,3799.2566303142066,3717.3564873852774,3749.20654296875,76000,0.0,0.0
2017-04-10 00:00:00+09:00,3753.7563422509224,3776.506380688807,3694.606242312423,3699.15625,64600,0.0,0.0
2017-04-11 00:00:00+09:00,3690.0564397423013,3758.306558849742,3671.8564079803173,3749.20654296875,54600,0.0,0.0
2017-04-12 00:00:00+09:00,3708.2564310141065,3744.656494140625,3680.9563836692173,3744.656494140625,63800,0.0,0.0
2017-04-13 00:00:00+09:00,3708.2566730774747,3731.0067140166007,3694.6066485139995,3717.356689453125,49800,0.0,0.0
2017-04-14 00:00:00+09:00,3712.806103089975,3721.9061180485287,3644.555990900821,3653.656005859375,41800,0.0,0.0
2017-04-17 00:00:00+09:00,3653.6565348307295,3721.906656901042,3653.6565348307295,3712.806640625,33600,0.0,0.0
2017-04-18 00:00:00+09:00,3767.406365313653,3767.406365313653,3690.056234624846,3699.15625,33400,0.0,0.0
2017-04-19 00:00:00+09:00,3690.056396484375,3735.5564753559456,3685.506388597218,3690.056396484375,61200,0.0,0.0
2017-04-20 00:00:00+09:00,3703.7066243489585,3735.5566813151045,3658.20654296875,3712.806640625,60400,0.0,0.0
2017-04-21 00:00:00+09:00,3712.8064794447814,3749.20654296875,3694.6064476827974,3749.20654296875,53400,0.0,0.0
2017-04-24 00:00:00+09:00,3799.256144984487,3817.4561744215384,3776.5061081881727,3803.80615234375,42800,0.0,0.0
2017-04-25 00:00:00+09:00,3808.356688571751,3835.656736518502,3758.3066006693743,3781.056640625,68800,0.0,0.0
2017-04-26 00:00:00+09:00,3812.9066140021864,3812.9066140021864,3749.20650350573,3771.95654296875,59000,0.0,0.0
2017-04-27 00:00:00+09:00,3781.0564375657304,3808.356484046349,3753.7563910851113,3785.6064453125,99000,0.0,0.0
2017-04-28 00:00:00+09:00,3812.906332542783,3835.656370326451,3785.6062872023813,3822.00634765625,67800,0.0,0.0
2017-05-01 00:00:00+09:00,3826.5568844773834,3862.9569499658724,3817.456868105261,3853.85693359375,45200,0.0,0.0
2017-05-02 00:00:00+09:00,3812.9069410077477,3853.857015553177,3808.356932724922,3835.656982421875,82800,0.0,0.0
2017-05-08 00:00:00+09:00,3908.4568712670653,4022.207071245734,3876.6068152730377,3999.45703125,144600,0.0,0.0
2017-05-09 00:00:00+09:00,3972.1573060952574,4013.107381415827,3949.407264250496,4008.557373046875,61400,0.0,0.0
2017-05-10 00:00:00+09:00,3994.907145182292,4044.957234700521,3985.80712890625,4040.4072265625,61600,0.0,0.0
2017-05-11 00:00:00+09:00,3985.8064426581964,4040.406530913788,3985.8064426581964,4017.656494140625,76200,0.0,0.0
2017-05-12 00:00:00+09:00,3981.2564353035636,4026.75650884989,3976.706427948931,4017.656494140625,53800,0.0,0.0
2017-05-15 00:00:00+09:00,3967.6072150222967,4113.207479793757,3967.6072150222967,4081.357421875,107400,0.0,0.0
2017-05-16 00:00:00+09:00,4054.0572103775894,4085.907267024776,4013.1071375454926,4063.1572265625,153000,0.0,0.0
2017-05-17 00:00:00+09:00,4044.9568668343927,4076.806920903955,4022.206828213277,4026.7568359375,98600,0.0,0.0
2017-05-18 00:00:00+09:00,3994.9067382812505,4022.2067843287305,3976.70670758293,3994.90673828125,92200,0.0,0.0
2017-05-19 00:00:00+09:00,4004.007449232204,4004.007449232204,3940.307330721692,3963.057373046875,65800,0.0,0.0
2017-05-22 00:00:00+09:00,3931.2068266152505,3931.2068266152505,3890.256755504675,3908.456787109375,90000,0.0,0.0
2017-05-23 00:00:00+09:00,3894.807294737618,3917.5573373470666,3844.7572009968308,3858.4072265625,99600,0.0,0.0
2017-05-24 00:00:00+09:00,3858.4066944236524,3885.7067417898575,3781.0565602194047,3799.256591796875,96200,0.0,0.0
2017-05-25 00:00:00+09:00,3767.406656107088,3785.606688262195,3721.9065757193216,3731.006591796875,106600,0.0,0.0
2017-05-26 00:00:00+09:00,3712.806640625,3717.356648763021,3644.5565185546875,3658.20654296875,121600,0.0,0.0
2017-05-29 00:00:00+09:00,3667.3065180952008,3685.5065504430677,3621.806437225533,3626.3564453125,97800,0.0,0.0
2017-05-30 00:00:00+09:00,3621.8059871172663,3630.9060021602745,3594.505941988242,3603.60595703125,45600,0.0,0.0
2017-05-31 00:00:00+09:00,3599.0563138569605,3617.2563457854408,3562.65625,3562.65625,92800,0.0,0.0
2017-06-01 00:00:00+09:00,3585.4066538416355,3635.4567467252114,3585.4066538416355,3630.90673828125,91400,0.0,0.0
2017-06-02 00:00:00+09:00,3649.106363525391,3653.656371459961,3621.8063159179687,3640.00634765625,120600,0.0,0.0
2017-06-05 00:00:00+09:00,3640.006348867866,3676.406412356545,3630.9063329956966,3667.306396484375,100600,0.0,0.0
2017-06-06 00:00:00+09:00,3653.6561201841096,3653.6561201841096,3585.406005859375,3585.406005859375,89000,0.0,0.0
2017-06-07 00:00:00+09:00,3599.056147956114,3599.056147956114,3539.9060469151154,3544.4560546875,101200,0.0,0.0
2017-06-08 00:00:00+09:00,3539.905964697957,3562.6560030314913,3521.7059340311293,3535.35595703125,81800,0.0,0.0
2017-06-09 00:00:00+09:00,3535.3557498912123,3562.6557942919167,3503.5056980903905,3512.605712890625,111200,0.0,0.0
2017-06-12 00:00:00+09:00,3512.606242535828,3599.056396173368,3512.606242535828,3571.75634765625,129000,0.0,0.0
2017-06-13 00:00:00+09:00,3576.3061090941915,3580.8561168665756,3544.4560546875,3544.4560546875,61200,0.0,0.0
2017-06-14 00:00:00+09:00,3567.206175976313,3594.5062232414375,3553.55615234375,3553.55615234375,82800,0.0,0.0
2017-06-15 00:00:00+09:00,3576.30619482976,3635.4562972887766,3562.656171185372,3608.15625,101000,0.0,0.0
2017-06-16 00:00:00+09:00,3626.356157597409,3640.0061807753164,3585.4060880636866,3594.506103515625,111200,0.0,0.0
2017-06-19 00:00:00+09:00,3567.2063000549624,3635.456420591728,3562.656292019178,3621.806396484375,80400,0.0,0.0
2017-06-20 00:00:00+09:00,3617.2563890566553,3667.306477458697,3594.506348873909,3649.1064453125,80400,0.0,0.0
2017-06-21 00:00:00+09:00,3635.4563409317816,3680.95642029263,3635.4563409317816,3667.306396484375,63000,0.0,0.0
2017-06-22 00:00:00+09:00,3667.306275470295,3690.0563144000116,3667.306275470295,3680.956298828125,47000,0.0,0.0
2017-06-23 00:00:00+09:00,3676.4063319830248,3699.1563711660883,3667.3063163097995,3685.50634765625,59000,0.0,0.0
2017-06-26 00:00:00+09:00,3703.706298828125,3726.4563375187154,3690.0562756137706,3703.706298828125,78600,0.0,0.0
2017-06-27 00:00:00+09:00,3703.706379002701,3717.356402512539,3680.9563398196374,3685.50634765625,58600,0.0,0.0
2017-06-28 00:00:00+09:00,3685.5061414256597,3694.606156589674,3662.756103515625,3662.756103515625,63000,0.0,0.0
2017-06-29 00:00:00+09:00,3662.756471215225,3735.5565998356515,3658.206463176448,3731.006591796875,113800,0.0,0.0
2017-06-30 00:00:00+09:00,3662.756308473187,3694.6063633294752,3658.2063006365743,3685.50634765625,76000,0.0,0.0
2017-07-03 00:00:00+09:00,3649.106244326522,3699.1563299718982,3649.106244326522,3680.956298828125,73200,0.0,0.0
2017-07-04 00:00:00+09:00,3676.4066986579273,3680.9567069483455,3630.9066157537454,3644.556640625,66800,0.0,0.0
2017-07-05 00:00:00+09:00,3644.556477660367,3658.2065019212673,3603.606404877666,3626.3564453125,53400,0.0,0.0
2017-07-06 00:00:00+09:00,3644.556436663297,3653.656452734866,3612.7063804128065,3621.806396484375,50600,0.0,0.0
2017-07-07 00:00:00+09:00,3603.606036345971,3612.706051589269,3576.3059906160775,3585.406005859375,68800,0.0,0.0
2017-07-10 00:00:00+09:00,3612.7066264249843,3612.7066264249843,3567.20654296875,3567.20654296875,59200,0.0,0.0
2017-07-11 00:00:00+09:00,3553.5559932964984,3599.0560700352503,3549.0059856226235,3589.9560546875,48000,0.0,0.0
2017-07-12 00:00:00+09:00,3612.7064204319267,3612.7064204319267,3567.206339570064,3571.75634765625,51200,0.0,0.0
2017-07-13 00:00:00+09:00,3612.7062547515206,3612.7062547515206,3549.006144466229,3553.55615234375,47600,0.0,0.0
2017-07-14 00:00:00+09:00,3576.3065596599968,3580.8565680056204,3553.55651793188,3567.20654296875,61200,0.0,0.0
2017-07-17 00:00:00+09:00,3567.20654296875,3567.20654296875,3567.20654296875,3567.20654296875,0,0.0,0.0
2017-07-18 00:00:00+09:00,3558.1061586441533,3558.1061586441533,3512.606079889113,3526.256103515625,57200,0.0,0.0
2017-07-19 00:00:00+09:00,3530.806111391129,3544.4561350176414,3508.056072013609,3526.256103515625,78400,0.0,0.0
2017-07-20 00:00:00+09:00,3526.25662957311,3571.7567151159888,3521.706621018822,3558.106689453125,40200,0.0,0.0
2017-07-21 00:00:00+09:00,3530.8062742561447,3539.906290426908,3512.6062419146183,3517.15625,51000,0.0,0.0
2017-07-24 00:00:00+09:00,3503.5058976715686,3512.605912990196,3462.5558287377453,3480.755859375,58000,0.0,0.0
2017-07-25 00:00:00+09:00,3462.5557466159485,3480.7557768215515,3462.5557466159485,3471.65576171875,37200,0.0,0.0
2017-07-26 00:00:00+09:00,3494.40625,3494.40625,3453.4561767578125,3467.106201171875,60400,0.0,0.0
2017-07-27 00:00:00+09:00,3467.1060388375327,3494.4060863874347,3462.5560309125494,3476.2060546875,48200,0.0,0.0
2017-07-28 00:00:00+09:00,3458.0058210784314,3480.755859375,3453.455813419118,3480.755859375,40000,0.0,0.0
2017-07-31 00:00:00+09:00,3458.0059838263983,3571.7561806627928,3458.0059838263983,3498.9560546875,176600,0.0,0.0
2017-08-01 00:00:00+09:00,3526.255796439621,3662.756020817929,3508.0557665225133,3653.656005859375,145000,0.0,0.0
2017-08-02 00:00:00+09:00,3667.306559244792,3676.4065755208335,3640.006510416667,3658.20654296875,88000,0.0,0.0
2017-08-03 00:00:00+09:00,3658.2060959336177,3671.8561186796387,3640.00606560559,3662.756103515625,42600,0.0,0.0
2017-08-04 00:00:00+09:00,3667.3064373257434,3676.4064532992566,3658.206421352231,3671.8564453125,50800,0.0,0.0
2017-08-07 00:00:00+09:00,3676.40653547503,3735.556640625,3676.40653547503,3735.556640625,89200,0.0,0.0
2017-08-08 00:00:00+09:00,3721.906656901042,3749.206705729167,3703.7066243489585,3712.806640625,62600,0.0,0.0
2017-08-09 00:00:00+09:00,3712.8065171933085,3721.9065331668216,3644.556397391961,3671.8564453125,81000,0.0,0.0
2017-08-10 00:00:00+09:00,3685.5066712161147,3776.5068359375,3685.5066712161147,3776.5068359375,106800,0.0,0.0
2017-08-11 00:00:00+09:00,3776.5068359375,3776.5068359375,3776.5068359375,3776.5068359375,0,0.0,0.0
2017-08-14 00:00:00+09:00,3726.4563375187154,3740.10636073307,3685.5062678756526,3703.706298828125,68800,0.0,0.0
2017-08-15 00:00:00+09:00,3721.9066976409504,3735.5567222044256,3694.6066485139995,3717.356689453125,42400,0.0,0.0
2017-08-16 00:00:00+09:00,3712.806559641768,3749.206623951982,3690.056519447885,3731.006591796875,56800,0.0,0.0
2017-08-17 00:00:00+09:00,3708.2565920942448,3740.106648713459,3694.606567828867,3735.556640625,39400,0.0,0.0
2017-08-18 00:00:00+09:00,3667.306196186962,3708.256265375154,3653.6561731242314,3699.15625,41000,0.0,0.0
2017-08-21 00:00:00+09:00,3676.4062523994166,3708.256306566243,3676.4062523994166,3703.706298828125,24600,0.0,0.0
2017-08-22 00:00:00+09:00,3676.4061706242305,3721.9062469933424,3671.8561629873193,3694.606201171875,39400,0.0,0.0
2017-08-23 00:00:00+09:00,3735.5567222044256,3735.5567222044256,3703.70666488965,3717.356689453125,32400,0.0,0.0
2017-08-24 00:00:00+09:00,3717.3564438073176,3717.3564438073176,3680.956380710061,3690.056396484375,25000,0.0,0.0
2017-08-25 00:00:00+09:00,3699.1560885376725,3731.0061409605064,3694.6060810486965,3708.256103515625,30400,0.0,0.0
2017-08-28 00:00:00+09:00,3735.556479827918,3771.95654296875,3721.9064561501054,3771.95654296875,48200,0.0,0.0
2017-08-29 00:00:00+09:00,3717.3566088544794,3799.2567544595963,3717.3566088544794,3790.15673828125,56400,0.0,0.0
2017-08-30 00:00:00+09:00,3794.7064654454234,3844.7565507210825,3794.7064654454234,3840.20654296875,40800,0.0,0.0
2017-08-31 00:00:00+09:00,3858.4069420704523,3858.4069420704523,3812.9068602064135,3826.556884765625,51800,0.0,0.0
2017-09-01 00:00:00+09:00,3867.5065506754268,3876.6065660887807,3840.206504435365,3862.95654296875,51600,0.0,0.0
2017-09-04 00:00:00+09:00,3831.1069347703315,3840.20695124247,3776.5068359375,3776.5068359375,49000,0.0,0.0
2017-09-05 00:00:00+09:00,3753.7561784053873,3781.0562233392448,3703.706096026649,3708.256103515625,48600,0.0,0.0
2017-09-06 00:00:00+09:00,3640.0059911809817,3717.3561184935775,3640.0059911809817,3708.256103515625,52000,0.0,0.0
2017-09-07 00:00:00+09:00,3721.9064516944745,3740.106483243103,3685.506388597218,3690.056396484375,40000,0.0,0.0
2017-09-08 00:00:00+09:00,3662.7563885482905,3690.0564361647994,3662.7563885482905,3667.306396484375,72200,0.0,0.0
2017-09-11 00:00:00+09:00,3712.8062757554944,3740.1063219007556,3694.6062449919873,3726.456298828125,56400,0.0,0.0
2017-09-12 00:00:00+09:00,3744.656779468788,3753.7567959438034,3712.8067218062347,3721.90673828125,44000,0.0,0.0
2017-09-13 00:00:00+09:00,3717.3567300437426,3731.0067547562653,3708.2567135687273,3721.90673828125,23800,0.0,0.0
2017-09-14 00:00:00+09:00,3735.5567629937727,3744.656779468788,3717.3567300437426,3721.90673828125,27400,0.0,0.0
2017-09-15 00:00:00+09:00,3717.3565676805447,3753.7566319907583,3712.806559641768,3731.006591796875,71800,0.0,0.0
2017-09-18 00:00:00+09:00,3731.006591796875,3731.006591796875,3731.006591796875,3731.006591796875,0,0.0,0.0
2017-09-19 00:00:00+09:00,3762.856249418713,3826.556355212984,3758.3062418619793,3822.00634765625,72400,0.0,0.0
2017-09-20 00:00:00+09:00,3817.456623374345,3840.2066628461826,3785.6065681137725,3799.256591796875,39200,0.0,0.0
2017-09-21 00:00:00+09:00,3785.6062837230215,3831.106359248539,3785.6062837230215,3794.706298828125,52000,0.0,0.0
2017-09-22 00:00:00+09:00,3785.606565157959,3803.8065967212183,3735.5564783589957,3744.656494140625,62000,0.0,0.0
2017-09-25 00:00:00+09:00,3726.4563829636486,3767.4064531061063,3726.4563829636486,3762.8564453125,49000,0.0,0.0
2017-09-26 00:00:00+09:00,3771.95654443067,3808.3566075856097,3762.856528641935,3799.256591796875,71800,0.0,0.0
2017-09-27 00:00:00+09:00,3809.5836244012316,3818.763343978102,3759.0951667284444,3772.86474609375,51000,36.25,0.0
2017-09-28 00:00:00+09:00,3763.6849312160325,3809.5835279381795,3740.7356328549595,3800.40380859375,51000,0.0,0.0
2017-09-29 00:00:00+09:00,3786.634489011015,3795.814208984375,3772.864909050975,3795.814208984375,36000,0.0,0.0
2017-10-02 00:00:00+09:00,3837.1227182014222,3837.1227182014222,3782.0444016722154,3791.22412109375,45600,0.0,0.0
2017-10-03 00:00:00+09:00,3818.7631994584835,3818.7631994584835,3772.8646033111463,3814.17333984375,54400,0.0,0.0
2017-10-04 00:00:00+09:00,3804.9937162642045,3823.353155184659,3763.6849786931816,3786.63427734375,53600,0.0,0.0
2017-10-05 00:00:00+09:00,3763.685253787591,3786.6345541155642,3759.0953937219965,3777.454833984375,38800,0.0,0.0
2017-10-06 00:00:00+09:00,3777.45446292588,3827.942918687951,3759.095024466945,3814.17333984375,56600,0.0,0.0
2017-10-09 00:00:00+09:00,3814.17333984375,3814.17333984375,3814.17333984375,3814.17333984375,0,0.0,0.0
2017-10-10 00:00:00+09:00,3809.583805551427,3869.251985638377,3804.9939455447384,3860.072265625,77600,0.0,0.0
2017-10-11 00:00:00+09:00,3832.5331541803403,3864.662174634547,3818.7635739856805,3846.302734375,62000,0.0,0.0
2017-10-12 00:00:00+09:00,3864.6624032749182,3864.6624032749182,3841.713101592763,3850.892822265625,18600,0.0,0.0
2017-10-13 00:00:00+09:00,3846.3019099664916,3878.4309235342307,3846.3019099664916,3873.841064453125,53400,0.0,0.0
2017-10-16 00:00:00+09:00,3850.8924489927685,3892.201188016529,3846.30258910124,3887.611328125,46400,0.0,0.0
2017-10-17 00:00:00+09:00,3896.7919406084948,3919.741245323504,3860.0730530644805,3910.5615234375,59600,0.0,0.0
2017-10-18 00:00:00+09:00,3905.971186049816,3979.4089521800124,3905.971186049816,3974.819091796875,55200,0.0,0.0
2017-10-19 00:00:00+09:00,3970.2287758721245,3970.2287758721245,3947.2794765896265,3965.638916015625,40000,0.0,0.0
2017-10-20 00:00:00+09:00,3979.4092540153756,4029.8977220593997,3970.2295325528257,4025.307861328125,82200,0.0,0.0
2017-10-23 00:00:00+09:00,4075.795555140785,4075.795555140785,4025.3070966874643,4034.48681640625,40000,0.0,0.0
2017-10-24 00:00:00+09:00,4034.4859628774134,4075.794692872745,4011.536668435562,4071.204833984375,55000,0.0,0.0
2017-10-25 00:00:00+09:00,4048.2567402947807,4052.846600544548,3997.7682775473404,4006.947998046875,58000,0.0,0.0
2017-10-26 00:00:00+09:00,4029.8968242680257,4029.8968242680257,4002.357666015625,4002.357666015625,23000,0.0,0.0
2017-10-27 00:00:00+09:00,3988.5884429931643,4052.8464846524325,3988.5884429931643,4039.076904296875,45400,0.0,0.0
2017-10-30 00:00:00+09:00,4075.7952448152605,4126.283699424458,3974.8183355968645,4052.845947265625,191800,0.0,0.0
2017-10-31 00:00:00+09:00,4034.4866518766985,4034.4866518766985,3772.864650560462,3800.40380859375,218800,0.0,0.0
2017-11-01 00:00:00+09:00,3800.404263930723,3818.7637048192773,3782.044823042169,3809.583984375,108400,0.0,0.0
2017-11-02 00:00:00+09:00,3809.583640615484,3809.583640615484,3749.915463111868,3768.27490234375,62000,0.0,0.0
2017-11-03 00:00:00+09:00,3768.27490234375,3768.27490234375,3768.27490234375,3768.27490234375,0,0.0,0.0
2017-11-06 00:00:00+09:00,3768.275162859661,3777.4548831102325,3749.9157223585175,3763.685302734375,41800,0.0,0.0
2017-11-07 00:00:00+09:00,3782.0445967468336,3809.583756431883,3749.9155771142755,3804.993896484375,61000,0.0,0.0
2017-11-08 00:00:00+09:00,3791.2240260197564,3832.5327623807466,3772.8645876370942,3818.76318359375,76200,0.0,0.0
2017-11-09 00:00:00+09:00,3818.7631994584835,3850.89221676162,3791.2240417700814,3814.17333984375,88600,0.0,0.0
2017-11-10 00:00:00+09:00,3763.684994595722,3786.634293343257,3749.9154153472014,3782.04443359375,47600,0.0,0.0
2017-11-13 00:00:00+09:00,3795.8142742467535,3795.8142742467535,3763.685253787591,3777.454833984375,23000,0.0,0.0
2017-11-14 00:00:00+09:00,3772.864714094736,3814.1734518402986,3768.274854345229,3782.04443359375,54400,0.0,0.0
2017-11-15 00:00:00+09:00,3736.1458319250232,3763.6849903913007,3708.6066734587453,3713.196533203125,71200,0.0,0.0
2017-11-16 00:00:00+09:00,3694.836937015892,3759.094970703125,3690.247077466804,3759.094970703125,37600,0.0,0.0
2017-11-17 00:00:00+09:00,3749.9154924231384,3782.0445113300684,3685.657454609278,3690.247314453125,124600,0.0,0.0
2017-11-20 00:00:00+09:00,3648.938688232728,3676.4778481439184,3635.169108277133,3658.118408203125,93000,0.0,0.0
2017-11-21 00:00:00+09:00,3662.70830078125,3740.7359212239585,3662.70830078125,3717.78662109375,60000,0.0,0.0
2017-11-22 00:00:00+09:00,3740.7358054448837,3745.3256653288654,3676.4777670691433,3681.067626953125,50200,0.0,0.0
2017-11-23 00:00:00+09:00,3681.067626953125,3681.067626953125,3681.067626953125,3681.067626953125,0,0.0,0.0
2017-11-24 00:00:00+09:00,3639.7591484399845,3648.938868864802,3607.630126953125,3607.630126953125,95000,0.0,0.0
2017-11-27 00:00:00+09:00,3639.758623926773,3648.938343028732,3612.2194666208957,3616.809326171875,61800,0.0,0.0
2017-11-28 00:00:00+09:00,3635.1684262830604,3667.297440151724,3630.5785671589656,3644.34814453125,63200,0.0,0.0
2017-11-29 00:00:00+09:00,3653.528467649236,3690.247346721088,3653.528467649236,3681.067626953125,44600,0.0,0.0
2017-11-30 00:00:00+09:00,3681.0677087342215,3740.7358885516087,3662.70826879041,3726.96630859375,81800,0.0,0.0
2017-12-01 00:00:00+09:00,3745.3255514137823,3749.915411158162,3708.6066734587453,3713.196533203125,54400,0.0,0.0
2017-12-04 00:00:00+09:00,3749.9155087975755,3763.6850883892434,3676.477750975346,3685.657470703125,84800,0.0,0.0
2017-12-05 00:00:00+09:00,3676.4775609303106,3759.095034209643,3676.4775609303106,3740.735595703125,66400,0.0,0.0
2017-12-06 00:00:00+09:00,3754.5052709025417,3786.634289113199,3704.0168137143655,3713.196533203125,65800,0.0,0.0
2017-12-07 00:00:00+09:00,3745.3253920558604,3768.274689801301,3740.7355325067724,3759.094970703125,33800,0.0,0.0
2017-12-08 00:00:00+09:00,3690.247540729802,3804.994043861948,3690.247540729802,3763.685302734375,97600,0.0,0.0
2017-12-11 00:00:00+09:00,3786.634422751034,3786.634422751034,3726.9662439682907,3745.32568359375,42400,0.0,0.0
2017-12-12 00:00:00+09:00,3749.9157223585175,3777.4548831102325,3740.736002107946,3763.685302734375,36800,0.0,0.0
2017-12-13 00:00:00+09:00,3759.095071543818,3804.9936682659645,3759.095071543818,3800.40380859375,43600,0.0,0.0
2017-12-14 00:00:00+09:00,3809.583788944415,3846.3026688378554,3763.685189077615,3795.814208984375,74000,0.0,0.0
2017-12-15 00:00:00+09:00,3804.993604806753,3832.5327623807466,3777.45444723276,3818.76318359375,53600,0.0,0.0
2017-12-18 00:00:00+09:00,3846.302961929194,3860.072542938487,3823.353660247039,3850.892822265625,41000,0.0,0.0
2017-12-19 00:00:00+09:00,3855.4824545047736,3855.4824545047736,3827.9432941154537,3846.302734375,35400,0.0,0.0
2017-12-20 00:00:00+09:00,3804.9939937910203,3860.07231456966,3804.9939937910203,3846.302734375,26000,0.0,0.0
2017-12-21 00:00:00+09:00,3837.122869318182,3896.791047908058,3823.353289643595,3887.611328125,50800,0.0,0.0
2017-12-22 00:00:00+09:00,3892.2013344446073,3915.150634765625,3869.2520341235895,3915.150634765625,58200,0.0,0.0
2017-12-25 00:00:00+09:00,3928.919507370963,3979.407958984375,3924.32964813338,3979.407958984375,48800,0.0,0.0
2017-12-26 00:00:00+09:00,4011.5382791343,4029.8977220593997,3993.1788362092,4025.307861328125,46600,0.0,0.0
2017-12-27 00:00:00+09:00,4039.076692411731,4043.666552289472,4016.127393023028,4029.89697265625,43800,0.0,0.0
2017-12-28 00:00:00+09:00,4029.8968888383856,4034.4867486206617,3970.2287116687967,3983.998291015625,32600,0.0,0.0
2017-12-29 00:00:00+09:00,3983.9983716414395,3983.9983716414395,3942.689632764973,3961.049072265625,27400,0.0,0.0
2018-01-01 00:00:00+09:00,3961.049072265625,3961.049072265625,3961.049072265625,3961.049072265625,0,0.0,0.0
2018-01-02 00:00:00+09:00,3961.049072265625,3961.049072265625,3961.049072265625,3961.049072265625,0,0.0,0.0
2018-01-03 00:00:00+09:00,3961.049072265625,3961.049072265625,3961.049072265625,3961.049072265625,0,0.0,0.0
2018-01-04 00:00:00+09:00,3997.7683884169264,4043.6669921875,3993.1785280398694,4043.6669921875,38400,0.0,0.0
2018-01-05 00:00:00+09:00,4043.66686036804,4080.3857421875,4002.3581183211472,4080.3857421875,54400,0.0,0.0
2018-01-08 00:00:00+09:00,4080.3857421875,4080.3857421875,4080.3857421875,4080.3857421875,0,0.0,0.0
2018-01-09 00:00:00+09:00,4062.02607438371,4075.795654296875,4034.4869145573794,4075.795654296875,66800,0.0,0.0
2018-01-10 00:00:00+09:00,4075.7952837262837,4117.104019709996,4075.7952837262837,4112.51416015625,42800,0.0,0.0
2018-01-11 00:00:00+09:00,4080.385660261116,4107.924821072777,4066.6160798552855,4103.3349609375,39400,0.0,0.0
2018-01-12 00:00:00+09:00,4066.615525795406,4103.334401874823,4029.8966497159895,4052.845947265625,72000,0.0,0.0
2018-01-15 00:00:00+09:00,4075.7956219276684,4098.744921600684,4052.8463222546525,4084.975341796875,26000,0.0,0.0
2018-01-16 00:00:00+09:00,4094.1553228697976,4094.1553228697976,4071.206021732635,4080.3857421875,25000,0.0,0.0
2018-01-17 00:00:00+09:00,4094.155225719105,4094.155225719105,4029.8971840598365,4039.076904296875,39800,0.0,0.0
2018-01-18 00:00:00+09:00,4039.0764089595373,4043.666268515173,3970.228515625,3970.228515625,53800,0.0,0.0
2018-01-19 00:00:00+09:00,3942.688995610597,3983.997727811406,3928.919418210327,3933.50927734375,26800,0.0,0.0
2018-01-22 00:00:00+09:00,3869.251536027609,3928.9197091810597,3869.251536027609,3919.739990234375,38000,0.0,0.0
2018-01-23 00:00:00+09:00,3915.1498715049343,3951.8687448601977,3915.1498715049343,3924.32958984375,32600,0.0,0.0
2018-01-24 00:00:00+09:00,3896.790404276364,3938.0991364771735,3896.790404276364,3933.50927734375,26800,0.0,0.0
2018-01-25 00:00:00+09:00,3924.33040412454,3947.2797047334557,3896.791243393842,3901.381103515625,38400,0.0,0.0
2018-01-26 00:00:00+09:00,3942.689453125,3961.0488917891444,3928.919874126892,3942.689453125,36200,0.0,0.0
2018-01-29 00:00:00+09:00,3924.33040412454,3951.869564855239,3901.381103515625,3901.381103515625,24000,0.0,0.0
2018-01-30 00:00:00+09:00,3896.7915206045477,3924.330683294332,3883.021939259655,3892.20166015625,45000,0.0,0.0
2018-01-31 00:00:00+09:00,3869.2520346994334,3928.9202155429593,3841.7128743101134,3846.302734375,69000,0.0,0.0
2018-02-01 00:00:00+09:00,3777.4546907283056,3905.9707676911157,3777.4546907283056,3887.611328125,41400,0.0,0.0
2018-02-02 00:00:00+09:00,3823.3533055370867,3905.970783928044,3818.7634456264777,3883.021484375,40400,0.0,0.0
2018-02-05 00:00:00+09:00,3800.403972135729,3846.3025708330206,3763.685093177896,3823.353271484375,66600,0.0,0.0
2018-02-06 00:00:00+09:00,3763.6847826623734,3763.6847826623734,3584.6802625113583,3630.578857421875,114200,0.0,0.0
2018-02-07 00:00:00+09:00,3704.0165932395244,3759.0949068936434,3630.5788417006984,3635.168701171875,89600,0.0,0.0
2018-02-08 00:00:00+09:00,3644.3486970925633,3671.8878560126586,3616.8095381724684,3625.9892578125,57800,0.0,0.0
2018-02-09 00:00:00+09:00,3543.3720538890684,3557.1416344093627,3506.653172501617,3547.9619140625,72200,0.0,0.0
2018-02-12 00:00:00+09:00,3547.9619140625,3547.9619140625,3547.9619140625,3547.9619140625,0,0.0,0.0
2018-02-13 00:00:00+09:00,3570.9108519709966,3603.0398699193215,3502.0629563674424,3511.24267578125,57400,0.0,0.0
2018-02-14 00:00:00+09:00,3511.2427722795205,3525.012351778656,3474.5238936151595,3483.70361328125,52800,0.0,0.0
2018-02-15 00:00:00+09:00,3483.70366172185,3515.832680999917,3465.344222134383,3469.93408203125,40000,0.0,0.0
2018-02-16 00:00:00+09:00,3474.52384568262,3515.8325836101544,3474.52384568262,3497.47314453125,53400,0.0,0.0
2018-02-19 00:00:00+09:00,3534.1920583417336,3584.6805163180443,3534.1920583417336,3557.141357421875,31200,0.0,0.0
2018-02-20 00:00:00+09:00,3557.1412934877444,3603.0398908230704,3557.1412934877444,3575.500732421875,31000,0.0,0.0
2018-02-21 00:00:00+09:00,3557.1416344093627,3575.5010751030886,3538.7821937156373,3547.9619140625,36800,0.0,0.0
2018-02-22 00:00:00+09:00,3534.1924610627,3598.450505809295,3525.0127403846154,3580.091064453125,53800,0.0,0.0
2018-02-23 00:00:00+09:00,3566.3211418181545,3575.500861616914,3529.602262623115,3538.781982421875,48600,0.0,0.0
2018-02-26 00:00:00+09:00,3575.5008955974968,3607.6299151985013,3570.911035654496,3598.4501953125,27800,0.0,0.0
2018-02-27 00:00:00+09:00,3603.0399555821573,3603.0399555821573,3543.3717779737904,3557.141357421875,56200,0.0,0.0
2018-02-28 00:00:00+09:00,3557.1414382736402,3575.5008779550526,3529.6022787515217,3534.192138671875,66200,0.0,0.0
2018-03-01 00:00:00+09:00,3552.551510776927,3552.551510776927,3483.70361328125,3483.70361328125,46800,0.0,0.0
2018-03-02 00:00:00+09:00,3460.7542786789963,3460.7542786789963,3410.2658210324857,3424.035400390625,55000,0.0,0.0
2018-03-05 00:00:00+09:00,3424.0354830625824,3488.2935216187166,3424.0354830625824,3469.93408203125,48000,0.0,0.0
2018-03-06 00:00:00+09:00,3469.9340981995033,3506.6529775455297,3456.1645184447434,3465.34423828125,52000,0.0,0.0
2018-03-07 00:00:00+09:00,3428.625292378087,3428.625292378087,3396.4962735740087,3414.855712890625,70800,0.0,0.0
2018-03-08 00:00:00+09:00,3442.3947913624415,3465.3440899715247,3424.0353524751754,3437.804931640625,44200,0.0,0.0
2018-03-09 00:00:00+09:00,3488.2935378725165,3511.242837463783,3424.0354990169703,3465.34423828125,82200,0.0,0.0
2018-03-12 00:00:00+09:00,3474.523745188517,3479.11360482549,3442.394727729706,3456.164306640625,32600,0.0,0.0
2018-03-13 00:00:00+09:00,3456.1644224550346,3497.473160572027,3437.804983291927,3492.88330078125,44200,0.0,0.0
2018-03-14 00:00:00+09:00,3460.7545893277324,3488.293750516017,3446.9850087335903,3474.524169921875,24400,0.0,0.0
2018-03-15 00:00:00+09:00,3474.523761181121,3483.7034804973196,3446.9846032325254,3451.574462890625,31800,0.0,0.0
2018-03-16 00:00:00+09:00,3451.574607797779,3460.754327499369,3410.265869140625,3410.265869140625,36600,0.0,0.0
2018-03-19 00:00:00+09:00,3396.496321746373,3410.2659014291285,3382.7267420636176,3401.086181640625,28400,0.0,0.0
2018-03-20 00:00:00+09:00,3373.5468590777855,3387.3164380944295,3359.7772800611415,3378.13671875,53400,0.0,0.0
2018-03-21 00:00:00+09:00,3378.13671875,3378.13671875,3378.13671875,3378.13671875,0,0.0,0.0
2018-03-22 00:00:00+09:00,3382.726774264737,3396.496354078569,3364.367334512961,3391.906494140625,31400,0.0,0.0
2018-03-23 00:00:00+09:00,3359.7778381603034,3368.957559029594,3290.929931640625,3290.929931640625,73000,0.0,0.0
2018-03-26 00:00:00+09:00,3258.800520970684,3290.9295401915215,3222.0816418611553,3263.390380859375,75800,0.0,0.0
2018-03-27 00:00:00+09:00,3263.3903539151875,3414.8557289914197,3263.3903539151875,3410.265869140625,78200,0.0,0.0
2018-03-28 00:00:00+09:00,3404.4525488413396,3441.659680522666,3339.340068399019,3437.0087890625,48400,48.75,0.0
2018-03-29 00:00:00+09:00,3437.0086286828873,3511.42288857318,3437.0086286828873,3497.47021484375,70800,0.0,0.0
2018-03-30 00:00:00+09:00,3534.677394928142,3534.677394928142,3437.0086774367064,3478.86669921875,67600,0.0,0.0
2018-04-02 00:00:00+09:00,3516.073829691678,3520.7247210007936,3455.61224267317,3478.86669921875,69600,0.0,0.0
2018-04-03 00:00:00+09:00,3474.2154512858297,3474.2154512858297,3399.8011979785024,3427.70654296875,99600,0.0,0.0
2018-04-04 00:00:00+09:00,3418.4050516683265,3516.0737674302786,3390.4997043077688,3502.12109375,103000,0.0,0.0
2018-04-05 00:00:00+09:00,3530.026234654018,3604.440489929992,3530.026234654018,3581.18603515625,56400,0.0,0.0
2018-04-06 00:00:00+09:00,3590.4877096036585,3641.647508574695,3571.8841463414633,3623.0439453125,63400,0.0,0.0
2018-04-09 00:00:00+09:00,3613.742345360561,3618.3932364099314,3548.62987066938,3553.28076171875,52800,0.0,0.0
2018-04-10 00:00:00+09:00,3539.3281987272353,3585.8371106684604,3502.121069174255,3511.4228515625,62200,0.0,0.0
2018-04-11 00:00:00+09:00,3492.8191767866892,3506.7718499296457,3446.310266310169,3460.262939453125,31400,0.0,0.0
2018-04-12 00:00:00+09:00,3460.262915235422,3488.1682613260305,3450.9611332052195,3469.564697265625,39000,0.0,0.0
2018-04-13 00:00:00+09:00,3474.215908071157,3483.517690957559,3437.008776525549,3441.65966796875,45200,0.0,0.0
2018-04-16 00:00:00+09:00,3441.6591515297346,3553.2805294171853,3437.0082607844242,3548.629638671875,35600,0.0,0.0
2018-04-17 00:00:00+09:00,3478.86671163822,3534.6774075468543,3474.2158203125,3474.2158203125,52200,0.0,0.0
2018-04-18 00:00:00+09:00,3474.215807909634,3488.1684818369818,3450.9613513640543,3478.86669921875,36000,0.0,0.0
2018-04-19 00:00:00+09:00,3437.0086774367064,3488.1684818369818,3437.0086774367064,3478.86669921875,32800,0.0,0.0
2018-04-20 00:00:00+09:00,3464.9138548817596,3474.215637042516,3450.961181640625,3450.961181640625,28800,0.0,0.0
2018-04-23 00:00:00+09:00,3432.357493916496,3432.357493916496,3395.150366611168,3404.4521484375,32600,0.0,0.0
2018-04-24 00:00:00+09:00,3404.452611439884,3413.75439453125,3334.6892382546407,3413.75439453125,88600,0.0,0.0
2018-04-25 00:00:00+09:00,3450.961290255644,3525.375549883798,3432.3577253486055,3502.12109375,67800,0.0,0.0
2018-04-26 00:00:00+09:00,3539.327857181254,3557.9314201624957,3511.4225127093914,3548.629638671875,51400,0.0,0.0
2018-04-27 00:00:00+09:00,3557.9315565040074,3599.7895748158194,3557.9315565040074,3590.48779296875,65400,0.0,0.0
2018-04-30 00:00:00+09:00,3590.48779296875,3590.48779296875,3590.48779296875,3590.48779296875,0,0.0,0.0
2018-05-01 00:00:00+09:00,3585.8373394209084,3627.6953628382735,3581.1864479300903,3609.091796875,31800,0.0,0.0
2018-05-02 00:00:00+09:00,3604.440465739354,3604.440465739354,3553.280665580473,3590.48779296875,24800,0.0,0.0
2018-05-03 00:00:00+09:00,3590.48779296875,3590.48779296875,3590.48779296875,3590.48779296875,0,0.0,0.0
2018-05-04 00:00:00+09:00,3590.48779296875,3590.48779296875,3590.48779296875,3590.48779296875,0,0.0,0.0
2018-05-07 00:00:00+09:00,3613.742431640625,3623.04421396145,3567.2335200364982,3613.742431640625,42800,0.0,0.0
2018-05-08 00:00:00+09:00,3571.884399100257,3650.9495485595075,3571.884399100257,3618.393310546875,50600,0.0,0.0
2018-05-09 00:00:00+09:00,3613.7424809109193,3627.6951545823904,3571.8844598965075,3595.138916015625,54600,0.0,0.0
2018-05-10 00:00:00+09:00,3595.139301129839,3599.79019285187,3530.0268170214076,3543.9794921875,41800,0.0,0.0
2018-05-11 00:00:00+09:00,3543.978907518263,3595.1387080204954,3543.978907518263,3581.18603515625,26400,0.0,0.0
2018-05-14 00:00:00+09:00,3525.3757623487904,3646.298941532258,3460.26328125,3604.44091796875,93200,0.0,0.0
2018-05-15 00:00:00+09:00,3604.440660332915,3739.3165043969852,3604.440660332915,3702.109375,80400,0.0,0.0
2018-05-16 00:00:00+09:00,3720.7128420398008,3753.269079407649,3711.4110599347014,3739.31640625,44200,0.0,0.0
2018-05-17 00:00:00+09:00,3762.5708627052677,3832.334228515625,3753.26908059722,3832.334228515625,62000,0.0,0.0
2018-05-18 00:00:00+09:00,3846.2869138845117,3850.9378049532957,3799.77800319667,3827.683349609375,42400,0.0,0.0
2018-05-21 00:00:00+09:00,3795.127246574815,3827.683485209648,3762.5710079399823,3776.523681640625,37000,0.0,0.0
2018-05-22 00:00:00+09:00,3762.5709227025145,3827.683398497119,3762.5709227025145,3809.079833984375,40600,0.0,0.0
2018-05-23 00:00:00+09:00,3799.7782827982087,3827.6836312642913,3776.52382574314,3813.73095703125,34800,0.0,0.0
2018-05-24 00:00:00+09:00,3841.635898341405,3846.2867892594945,3781.17431640625,3781.17431640625,28200,0.0,0.0
2018-05-25 00:00:00+09:00,3748.61812784881,3785.8252556686493,3748.61812784881,3762.57080078125,24600,0.0,0.0
2018-05-28 00:00:00+09:00,3762.5711829011,3767.222074350916,3697.458702603677,3711.411376953125,24800,0.0,0.0
2018-05-29 00:00:00+09:00,3683.5056032274592,3706.760057793289,3655.6002577484633,3688.156494140625,27800,0.0,0.0
2018-05-30 00:00:00+09:00,3618.3935798566367,3650.9498202923646,3604.440905384182,3609.091796875,32400,0.0,0.0
2018-05-31 00:00:00+09:00,3595.1386598887675,3604.440441673732,3581.185987211321,3599.78955078125,59600,0.0,0.0
2018-06-01 00:00:00+09:00,3581.1864479300903,3646.2989288015465,3576.535556439272,3609.091796875,30800,0.0,0.0
2018-06-04 00:00:00+09:00,3669.5529424493966,3716.061851732659,3650.9493787360916,3683.505615234375,50200,0.0,0.0
2018-06-05 00:00:00+09:00,3706.7600819892737,3706.7600819892737,3650.949390666976,3678.854736328125,24600,0.0,0.0
2018-06-06 00:00:00+09:00,3650.9497570472554,3660.251539867758,3609.0917343549936,3632.34619140625,39000,0.0,0.0
2018-06-07 00:00:00+09:00,3660.2511725540257,3697.4583001022243,3623.0440450058272,3678.854736328125,27600,0.0,0.0
2018-06-08 00:00:00+09:00,3650.949645223497,3688.156775365902,3641.6478626878957,3674.2041015625,46600,0.0,0.0
2018-06-11 00:00:00+09:00,3711.4113394633664,3739.316687880384,3692.807773852021,3725.364013671875,14600,0.0,0.0
2018-06-12 00:00:00+09:00,3743.967394361309,3809.079870784984,3730.01472084195,3795.127197265625,45400,0.0,0.0
2018-06-13 00:00:00+09:00,3813.7309879498953,3920.7014912704412,3799.7783136037374,3892.796142578125,53800,0.0,0.0
2018-06-14 00:00:00+09:00,3860.2395382642458,3874.1922112941165,3823.0324101845904,3846.286865234375,36400,0.0,0.0
2018-06-15 00:00:00+09:00,3809.079870784984,3841.6361089968213,3781.174523746266,3795.127197265625,51600,0.0,0.0
2018-06-18 00:00:00+09:00,3813.730552832872,3813.730552832872,3762.5707527338946,3781.17431640625,20000,0.0,0.0
2018-06-19 00:00:00+09:00,3809.0799327243562,3809.0799327243562,3762.5710202368796,3771.872802734375,20800,0.0,0.0
2018-06-20 00:00:00+09:00,3730.014732913152,3804.428991923888,3730.014732913152,3790.476318359375,33200,0.0,0.0
2018-06-21 00:00:00+09:00,3743.96735818977,3841.6360718816773,3743.96735818977,3809.079833984375,34400,0.0,0.0
2018-06-22 00:00:00+09:00,3827.6836312642913,3827.6836312642913,3804.4291742092228,3813.73095703125,37400,0.0,0.0
2018-06-25 00:00:00+09:00,3809.0797596807065,3809.0797596807065,3730.0146120438662,3743.96728515625,22000,0.0,0.0
2018-06-26 00:00:00+09:00,3762.5709227025145,3809.079833984375,3743.96735818977,3809.079833984375,23600,0.0,0.0
2018-06-27 00:00:00+09:00,3813.730725112561,3836.985180753491,3795.1271605998168,3809.079833984375,27200,0.0,0.0
2018-06-28 00:00:00+09:00,3795.127062035316,3795.127062035316,3739.3163699465613,3753.26904296875,57000,0.0,0.0
2018-06-29 00:00:00+09:00,3767.2217159909387,3785.8252800205237,3655.6003318134294,3753.26904296875,38800,0.0,0.0
2018-07-02 00:00:00+09:00,3753.2693294603,3762.5711121851086,3632.346154037787,3646.298828125,32800,0.0,0.0
2018-07-03 00:00:00+09:00,3632.3457269435976,3650.9492902057927,3590.4877096036585,3623.0439453125,40000,0.0,0.0
2018-07-04 00:00:00+09:00,3581.186014811198,3697.458288019354,3576.5351238828716,3683.505615234375,24600,0.0,0.0
2018-07-05 00:00:00+09:00,3669.5530883789065,3688.1566528320313,3609.09150390625,3627.695068359375,19200,0.0,0.0
2018-07-06 00:00:00+09:00,3664.9023935746172,3678.8550676618306,3632.346154037787,3646.298828125,28400,0.0,0.0
2018-07-09 00:00:00+09:00,3646.2984878077655,3711.4109608043323,3623.044033166134,3683.505615234375,33200,0.0,0.0
2018-07-10 00:00:00+09:00,3683.5059089467004,3767.2219523318527,3664.90234375,3664.90234375,36000,0.0,0.0
2018-07-11 00:00:00+09:00,3650.9495485595075,3650.9495485595075,3595.138854823566,3618.393310546875,26200,0.0,0.0
2018-07-12 00:00:00+09:00,3646.298657414846,3664.9022219934927,3618.393310546875,3618.393310546875,21000,0.0,0.0
2018-07-13 00:00:00+09:00,3627.6951888844937,3692.807666633703,3627.6951888844937,3674.2041015625,20400,0.0,0.0
2018-07-16 00:00:00+09:00,3674.2041015625,3674.2041015625,3674.2041015625,3674.2041015625,0,0.0,0.0
2018-07-17 00:00:00+09:00,3711.4110119508045,3776.5234858446784,3702.1092299659654,3757.919921875,46000,0.0,0.0
2018-07-18 00:00:00+09:00,3809.079661914783,3809.079661914783,3753.268970897717,3781.17431640625,17200,0.0,0.0
2018-07-19 00:00:00+09:00,3809.079920275458,3809.079920275458,3748.6183342393397,3776.523681640625,18200,0.0,0.0
2018-07-20 00:00:00+09:00,3748.618408203125,3799.77821278158,3739.316625552497,3748.618408203125,25800,0.0,0.0
2018-07-23 00:00:00+09:00,3730.0145639388907,3795.1270376236093,3730.0145639388907,3762.57080078125,16000,0.0,0.0
2018-07-24 00:00:00+09:00,3804.4288440501086,3804.4288440501086,3739.3163699465613,3753.26904296875,19600,0.0,0.0
2018-07-25 00:00:00+09:00,3753.269299528439,3757.9201908537534,3725.363951576555,3748.618408203125,12800,0.0,0.0
2018-07-26 00:00:00+09:00,3790.4763893339114,3855.5888671875,3757.920150407117,3855.5888671875,40600,0.0,0.0
2018-07-27 00:00:00+09:00,3850.937841796875,3920.701208496094,3832.3342773437503,3906.74853515625,40600,0.0,0.0
2018-07-30 00:00:00+09:00,3883.494264914773,3883.494264914773,3827.6835688920455,3836.9853515625,24400,0.0,0.0
2018-07-31 00:00:00+09:00,3841.6359473984085,3841.6359473984085,3734.6654549163704,3762.57080078125,42400,0.0,0.0
2018-08-01 00:00:00+09:00,3860.239574839768,3869.5413569478155,3804.428882191482,3832.334228515625,63600,0.0,0.0
2018-08-02 00:00:00+09:00,3832.3342899327286,3832.3342899327286,3711.411120590191,3716.06201171875,35800,0.0,0.0
2018-08-03 00:00:00+09:00,3646.2987481174696,3860.23974609375,3646.2987481174696,3860.23974609375,96600,0.0,0.0
2018-08-06 00:00:00+09:00,3869.5416110616848,3981.163003688464,3869.5416110616848,3920.701416015625,73600,0.0,0.0
2018-08-07 00:00:00+09:00,3902.0978505778285,3920.701416015625,3855.588936983337,3920.701416015625,32800,0.0,0.0
2018-08-08 00:00:00+09:00,3906.7483872633716,3920.7010600750264,3860.2394778911885,3869.541259765625,26000,0.0,0.0
2018-08-09 00:00:00+09:00,3874.192262015227,4069.5296869907843,3841.6360245193005,4013.718994140625,90400,0.0,0.0
2018-08-10 00:00:00+09:00,4004.417840662137,4009.0687324631385,3957.9089226521237,3962.559814453125,43400,0.0,0.0
2018-08-13 00:00:00+09:00,3892.795997389551,3911.399562490576,3850.937975912244,3855.5888671875,37200,0.0,0.0
2018-08-14 00:00:00+09:00,3878.843320381515,3953.2575807245653,3878.843320381515,3948.606689453125,34800,0.0,0.0
2018-08-15 00:00:00+09:00,3971.8612209695657,3971.8612209695657,3902.0978505778285,3920.701416015625,26000,0.0,0.0
2018-08-16 00:00:00+09:00,3883.494252350371,3883.494252350371,3813.73088254767,3841.63623046875,37600,0.0,0.0
2018-08-17 00:00:00+09:00,3841.6360106236725,3860.239574839768,3804.428882191482,3832.334228515625,20000,0.0,0.0
2018-08-20 00:00:00+09:00,3790.4760982424277,3827.6832255871386,3757.9198618158057,3781.17431640625,21400,0.0,0.0
2018-08-21 00:00:00+09:00,3795.1269891605166,3799.7778800786054,3767.2216436519834,3781.17431640625,14000,0.0,0.0
2018-08-22 00:00:00+09:00,3743.9672984891727,3855.5886837857443,3739.316407435149,3832.334228515625,27600,0.0,0.0
2018-08-23 00:00:00+09:00,3813.7306281646765,3860.2395382642458,3813.7306281646765,3846.286865234375,24000,0.0,0.0
2018-08-24 00:00:00+09:00,3846.287072312688,3878.8433111351655,3846.287072312688,3860.23974609375,13800,0.0,0.0
2018-08-27 00:00:00+09:00,3892.7957265695513,3892.7957265695513,3832.334144197503,3864.890380859375,21800,0.0,0.0
2018-08-28 00:00:00+09:00,3920.701195961956,3920.701195961956,3762.570898615922,3818.381591796875,68800,0.0,0.0
2018-08-29 00:00:00+09:00,3864.890646567193,3948.606689453125,3846.28708148143,3948.606689453125,44600,0.0,0.0
2018-08-30 00:00:00+09:00,3953.257556023245,3976.512012235146,3943.955773538484,3957.908447265625,38600,0.0,0.0
2018-08-31 00:00:00+09:00,3920.700980882567,4018.369688591385,3920.700980882567,3995.115234375,40000,0.0,0.0
2018-09-03 00:00:00+09:00,4036.9732519644936,4041.6241428077706,3976.5116710018915,3995.115234375,34400,0.0,0.0
2018-09-04 00:00:00+09:00,3995.1152463259396,3999.766137183129,3943.955446896853,3990.46435546875,20800,0.0,0.0
2018-09-05 00:00:00+09:00,3971.8610962915814,3990.464661145406,3943.955749010844,3967.210205078125,31200,0.0,0.0
2018-09-06 00:00:00+09:00,3948.6066771024816,3957.9084596162684,3920.7013295611214,3953.257568359375,21200,0.0,0.0
2018-09-07 00:00:00+09:00,3925.3521841570196,3981.1628787184936,3920.701292943563,3967.210205078125,30600,0.0,0.0
2018-09-10 00:00:00+09:00,3976.5120745719746,3981.1629658872635,3925.3522701037973,3934.654052734375,37000,0.0,0.0
2018-09-11 00:00:00+09:00,3957.9084596162684,3962.5593508731617,3925.3522208180148,3953.257568359375,53600,0.0,0.0
2018-09-12 00:00:00+09:00,3957.908462561182,3957.908462561182,3827.6835072712724,3860.23974609375,54600,0.0,0.0
2018-09-13 00:00:00+09:00,3878.8433569509084,3953.2576179955304,3878.8433569509084,3934.654052734375,56000,0.0,0.0
2018-09-14 00:00:00+09:00,3916.050537109375,3957.9085594775274,3902.0978629866577,3916.050537109375,83000,0.0,0.0
2018-09-17 00:00:00+09:00,3916.050537109375,3916.050537109375,3916.050537109375,3916.050537109375,0,0.0,0.0
2018-09-18 00:00:00+09:00,3953.257541481508,4055.5771484375,3897.4468467782394,4055.5771484375,96400,0.0,0.0
2018-09-19 00:00:00+09:00,4069.5296637756005,4134.6421383960105,4041.6243175097106,4116.03857421875,60600,0.0,0.0
2018-09-20 00:00:00+09:00,4139.293363045452,4143.944254464604,4074.180883177321,4083.482666015625,38800,0.0,0.0
2018-09-21 00:00:00+09:00,4120.689465263065,4153.24570257327,4097.43501004149,4116.03857421875,56600,0.0,0.0
2018-09-24 00:00:00+09:00,4116.03857421875,4116.03857421875,4116.03857421875,4116.03857421875,0,0.0,0.0
2018-09-25 00:00:00+09:00,4157.896770148027,4418.3466796875,4157.896770148027,4418.3466796875,169800,0.0,0.0
2018-09-26 00:00:00+09:00,4418.346960616438,4498.0835830479455,4376.133454623287,4451.1796875,121600,40.0,0.0
2018-09-27 00:00:00+09:00,4455.86978762293,4544.987183375389,4432.417841372283,4530.916015625,92600,0.0,0.0
2018-09-28 00:00:00+09:00,4512.154840796392,4549.677957975572,4394.8950996114545,4404.27587890625,103800,0.0,0.0
2018-10-01 00:00:00+09:00,4427.727543253755,4441.798711293756,4329.2293669737455,4371.44287109375,70000,0.0,0.0
2018-10-02 00:00:00+09:00,4408.965981693591,4455.869875115864,4362.062088271319,4427.7275390625,67000,0.0,0.0
2018-10-03 00:00:00+09:00,4404.275186738825,4465.25024257227,4380.8232421875,4380.8232421875,57000,0.0,0.0
2018-10-04 00:00:00+09:00,4423.037607621173,4423.037607621173,4315.158641581633,4366.7529296875,52800,0.0,0.0
2018-10-05 00:00:00+09:00,4343.300700926678,4366.752648555871,4282.325637090774,4333.919921875,55600,0.0,0.0
2018-10-08 00:00:00+09:00,4333.919921875,4333.919921875,4333.919921875,4333.919921875,0,0.0,0.0
2018-10-09 00:00:00+09:00,4310.468159354856,4315.158549082119,4169.75646753696,4183.82763671875,88800,0.0,0.0
2018-10-10 00:00:00+09:00,4183.827549023004,4282.325731230945,4183.827549023004,4230.7314453125,88000,0.0,0.0
2018-10-11 00:00:00+09:00,4127.543258928571,4150.995209263393,4071.258578125,4104.09130859375,105000,0.0,0.0
2018-10-12 00:00:00+09:00,4061.876953125,4108.780844038683,4047.805785850895,4061.876953125,81800,0.0,0.0
2018-10-15 00:00:00+09:00,4019.6634524343167,4052.4961760831384,3996.2115069708725,4005.59228515625,66000,0.0,0.0
2018-10-16 00:00:00+09:00,3968.0690516290474,4057.186441677454,3968.0690516290474,4019.663330078125,42800,0.0,0.0
2018-10-17 00:00:00+09:00,4024.3538403940533,4094.7096767645785,4024.3538403940533,4061.876953125,60400,0.0,0.0
2018-10-18 00:00:00+09:00,4108.781895862926,4150.995408491654,4080.6395541104403,4127.54345703125,55600,0.0,0.0
2018-10-19 00:00:00+09:00,4094.7097963296324,4146.304077841231,4094.7097963296324,4132.23291015625,47200,0.0,0.0
2018-10-22 00:00:00+09:00,4136.9232966475365,4216.659913476344,4071.257847494401,4188.517578125,76000,0.0,0.0
2018-10-23 00:00:00+09:00,4118.1620359067565,4146.304373281973,4047.806192468714,4052.49658203125,61600,0.0,0.0
2018-10-24 00:00:00+09:00,4094.7098331323405,4230.731121976371,4094.7098331323405,4193.2080078125,93800,0.0,0.0
2018-10-25 00:00:00+09:00,4141.613692866002,4146.3040820991455,4033.7347405036935,4047.805908203125,127800,0.0,0.0
2018-10-26 00:00:00+09:00,4094.7097991135647,4183.827194512371,4052.4962960299194,4075.9482421875,94600,0.0,0.0
2018-10-29 00:00:00+09:00,4075.948162806104,4104.090497647113,4005.592325703582,4010.28271484375,67600,0.0,0.0
2018-10-30 00:00:00+09:00,4127.542959991592,4263.564262082224,4057.1871140826447,4183.82763671875,388400,0.0,0.0
2018-10-31 00:00:00+09:00,4216.659954164919,4221.3503434354025,4141.613725837178,4193.2080078125,66800,0.0,0.0
2018-11-01 00:00:00+09:00,4301.08703935934,4329.229375494735,4244.802367088553,4258.87353515625,74400,0.0,0.0
2018-11-02 00:00:00+09:00,4291.706341753949,4291.706341753949,4221.350500085852,4268.25439453125,54000,0.0,0.0
2018-11-05 00:00:00+09:00,4235.421673815075,4357.371799528466,4183.82738985941,4211.9697265625,80800,0.0,0.0
2018-11-06 00:00:00+09:00,4141.613602501708,4324.538778603142,4141.613602501708,4291.7060546875,55200,0.0,0.0
2018-11-07 00:00:00+09:00,4272.945352119312,4329.2300329375685,4240.112621641996,4277.6357421875,79400,0.0,0.0
2018-11-08 00:00:00+09:00,4347.99111729452,4455.870077054795,4347.99111729452,4451.1796875,86200,0.0,0.0
2018-11-09 00:00:00+09:00,4451.179358605894,4549.677531978627,4451.179358605894,4526.2255859375,71400,0.0,0.0
2018-11-12 00:00:00+09:00,4549.6772052776705,4620.0330383489745,4540.2964275348295,4544.98681640625,105000,0.0,0.0
2018-11-13 00:00:00+09:00,4540.296508407195,4540.296508407195,4460.559896172771,4498.0830078125,75600,0.0,0.0
2018-11-14 00:00:00+09:00,4502.773764382845,4526.225711072339,4460.5602603417565,4484.01220703125,71800,0.0,0.0
2018-11-15 00:00:00+09:00,4437.1083984375,4469.941124430166,4413.656451299881,4437.1083984375,43400,0.0,0.0
2018-11-16 00:00:00+09:00,4455.869996535111,4455.869996535111,4394.89493342463,4441.798828125,36000,0.0,0.0
2018-11-19 00:00:00+09:00,4465.250645661157,4544.987264333678,4451.179477660124,4540.296875,56400,0.0,0.0
2018-11-20 00:00:00+09:00,4502.773557692308,4577.819783653846,4502.773557692308,4573.12939453125,37800,0.0,0.0
2018-11-21 00:00:00+09:00,4544.98681640625,4573.129149634771,4502.773316563467,4544.98681640625,52800,0.0,0.0
2018-11-22 00:00:00+09:00,4563.74877412336,4657.556559819626,4563.74877412336,4648.17578125,72600,0.0,0.0
2018-11-23 00:00:00+09:00,4648.17578125,4648.17578125,4648.17578125,4648.17578125,0,0.0,0.0
2018-11-26 00:00:00+09:00,4681.008869140625,4699.7704277343755,4643.485751953125,4690.3896484375,89200,0.0,0.0
2018-11-27 00:00:00+09:00,4699.769610989479,4699.769610989479,4638.794556156282,4652.86572265625,74400,0.0,0.0
2018-11-28 00:00:00+09:00,4690.389078939128,4723.221802491702,4652.865966307615,4681.00830078125,80200,0.0,0.0
2018-11-29 00:00:00+09:00,4727.912392241379,4831.100956357758,4727.912392241379,4760.7451171875,109200,0.0,0.0
2018-11-30 00:00:00+09:00,4774.816441296374,4878.005008790009,4774.816441296374,4835.79150390625,188200,0.0,0.0
2018-12-03 00:00:00+09:00,4878.004716981132,4995.264445754718,4878.004716981132,4971.8125,121800,0.0,0.0
2018-12-04 00:00:00+09:00,4990.574230149562,4995.264619463613,4807.649046901599,4821.72021484375,94000,0.0,0.0
2018-12-05 00:00:00+09:00,4718.531610386745,4817.02978515625,4718.531610386745,4817.02978515625,75600,0.0,0.0
2018-12-06 00:00:00+09:00,4807.649287033819,4854.553182517076,4774.816560195539,4849.86279296875,97600,0.0,0.0
2018-12-07 00:00:00+09:00,4849.862543258377,4962.4318866222075,4807.6490394969405,4934.28955078125,91000,0.0,0.0
2018-12-10 00:00:00+09:00,4915.528580097088,4915.528580097088,4784.1976638349515,4831.1015625,57600,0.0,0.0
2018-12-11 00:00:00+09:00,4845.1715020341835,4863.933056737123,4746.67333984375,4746.67333984375,73600,0.0,0.0
2018-12-12 00:00:00+09:00,4741.9836804702845,4817.02991082392,4737.293291073182,4774.81640625,80400,0.0,0.0
2018-12-13 00:00:00+09:00,4765.435672945631,4793.578009596885,4723.22216796875,4723.22216796875,81800,0.0,0.0
2018-12-14 00:00:00+09:00,4723.22216796875,4770.126062387507,4666.937494666243,4723.22216796875,89800,0.0,0.0
2018-12-17 00:00:00+09:00,4709.150390625,4751.363890142555,4662.246502272162,4709.150390625,62600,0.0,0.0
2018-12-18 00:00:00+09:00,4634.10416533801,4671.6272759885205,4563.748332868304,4596.5810546875,76200,0.0,0.0
2018-12-19 00:00:00+09:00,4526.225994106147,4596.581838574118,4507.464435581354,4516.84521484375,65400,0.0,0.0
2018-12-20 00:00:00+09:00,4455.869920409633,4493.393035528872,4357.37174322163,4376.13330078125,116400,0.0,0.0
2018-12-21 00:00:00+09:00,4371.44336998981,4376.133759871773,4244.8028431768,4315.15869140625,114800,0.0,0.0
2018-12-24 00:00:00+09:00,4315.15869140625,4315.15869140625,4315.15869140625,4315.15869140625,0,0.0,0.0
2018-12-25 00:00:00+09:00,4104.090497647113,4108.780886787281,3996.2115474232455,4010.28271484375,87000,0.0,0.0
2018-12-26 00:00:00+09:00,4052.4962960299194,4160.37524835479,4029.044349872339,4075.9482421875,86000,0.0,0.0
2018-12-27 00:00:00+09:00,4150.995045537534,4343.3010306980295,4150.995045537534,4315.15869140625,64200,0.0,0.0
2018-12-28 00:00:00+09:00,4315.158458633592,4315.158458633592,4216.660276425651,4230.7314453125,73200,0.0,0.0
2018-12-31 00:00:00+09:00,4230.7314453125,4230.7314453125,4230.7314453125,4230.7314453125,0,0.0,0.0
2019-01-04 00:00:00+09:00,4160.375554597652,4282.32568359375,4113.471658829922,4282.32568359375,102400,0.0,0.0
2019-01-07 00:00:00+09:00,4390.204018946583,4423.0367413105005,4315.157796400488,4324.53857421875,76000,0.0,0.0
2019-01-08 00:00:00+09:00,4333.9197962721055,4394.894858340869,4296.396681152867,4376.13330078125,69800,0.0,0.0
2019-01-09 00:00:00+09:00,4446.488650106424,4582.509927377612,4446.488650106424,4544.98681640625,94000,0.0,0.0
2019-01-10 00:00:00+09:00,4544.987552630939,4544.987552630939,4432.4182014821845,4516.84521484375,59000,0.0,0.0
2019-01-11 00:00:00+09:00,4549.676917189125,4582.509637210077,4498.082642870485,4512.15380859375,57200,0.0,0.0
2019-01-15 00:00:00+09:00,4502.773959403905,4638.795256094231,4498.08356986286,4563.7490234375,63600,0.0,0.0
2019-01-16 00:00:00+09:00,4563.7488576906535,4620.033530139049,4549.677689578555,4601.27197265625,53000,0.0,0.0
2019-01-17 00:00:00+09:00,4568.439166839568,4620.033449011267,4540.29683110955,4591.89111328125,52200,0.0,0.0
2019-01-18 00:00:00+09:00,4596.581419047017,4713.841149124747,4596.581419047017,4638.794921875,51400,0.0,0.0
2019-01-21 00:00:00+09:00,4638.7947184244795,4690.388997395833,4591.8908284505205,4615.3427734375,55200,0.0,0.0
2019-01-22 00:00:00+09:00,4615.342978345701,4629.414145962609,4568.439086289342,4582.51025390625,38200,0.0,0.0
2019-01-23 00:00:00+09:00,4544.9872238963935,4601.271895399755,4507.464109560819,4535.6064453125,83000,0.0,0.0
2019-01-24 00:00:00+09:00,4516.844765084689,4587.200602547067,4516.844765084689,4577.81982421875,57400,0.0,0.0
2019-01-25 00:00:00+09:00,4568.438801747745,4624.72346870973,4526.225301526257,4549.67724609375,47200,0.0,0.0
2019-01-28 00:00:00+09:00,4493.392166073312,4493.392166073312,4437.107504285337,4446.48828125,57800,0.0,0.0
2019-01-29 00:00:00+09:00,4418.346475432492,4512.154256227237,4413.656086392755,4507.4638671875,56400,0.0,0.0
2019-01-30 00:00:00+09:00,4493.392904669484,4521.535240189334,4446.489012136399,4474.63134765625,89400,0.0,0.0
2019-01-31 00:00:00+09:00,4484.012487425363,4526.225994106147,4460.560539269373,4516.84521484375,55600,0.0,0.0
2019-02-01 00:00:00+09:00,4516.844523699259,4587.20035740174,4502.773356958763,4549.67724609375,66400,0.0,0.0
2019-02-04 00:00:00+09:00,4573.129110530931,4634.10416533801,4559.057944036989,4596.5810546875,62200,0.0,0.0
2019-02-05 00:00:00+09:00,4704.460370718529,4840.481657608696,4610.652586656345,4638.794921875,144200,0.0,0.0
2019-02-06 00:00:00+09:00,4671.627969847041,4709.151086070712,4629.414464095411,4676.318359375,55200,0.0,0.0
2019-02-07 00:00:00+09:00,4695.079468018068,4699.769857097007,4648.175577228676,4681.00830078125,45000,0.0,0.0
2019-02-08 00:00:00+09:00,4643.485417292669,4924.908775916467,4577.819966947116,4878.0048828125,184200,0.0,0.0
2019-02-12 00:00:00+09:00,4915.527830188679,5042.168337264151,4821.720047169812,4971.8125,134600,0.0,0.0
2019-02-13 00:00:00+09:00,4971.8126119625795,5196.951296277866,4971.8126119625795,5154.73779296875,129400,0.0,0.0
2019-02-14 00:00:00+09:00,5126.595050269846,5168.808550226323,5037.477661472841,5051.548828125,75400,0.0,0.0
2019-02-15 00:00:00+09:00,5037.478499615779,5154.738241226947,4990.574602971312,5150.0478515625,61800,0.0,0.0
2019-02-18 00:00:00+09:00,5150.046759802279,5262.616087885389,5150.046759802279,5248.544921875,76600,0.0,0.0
2019-02-19 00:00:00+09:00,5253.23607754833,5351.734254002362,5253.23607754833,5337.6630859375,80000,0.0,0.0
2019-02-20 00:00:00+09:00,5328.282263109226,5454.922774644392,5328.282263109226,5389.25732421875,111200,0.0,0.0
2019-02-21 00:00:00+09:00,5370.495483612221,5445.541708710733,5342.353149200279,5356.42431640625,106200,0.0,0.0
2019-02-22 00:00:00+09:00,5332.972696582547,5375.1862007771315,5309.520749807777,5337.6630859375,71600,0.0,0.0
2019-02-25 00:00:00+09:00,5332.972976937773,5379.876872953057,5300.140249727074,5370.49609375,81600,0.0,0.0
2019-02-26 00:00:00+09:00,5403.328568357696,5483.065187856029,5403.328568357696,5454.9228515625,91400,0.0,0.0
2019-02-27 00:00:00+09:00,5529.968465856604,5614.39546533533,5520.587688136745,5553.42041015625,121800,0.0,0.0
2019-02-28 00:00:00+09:00,5534.659461878686,5614.396081244735,5529.969072504213,5567.4921875,111000,0.0,0.0
2019-03-01 00:00:00+09:00,5605.015016717426,5614.395794988082,5506.516844875529,5534.6591796875,104000,0.0,0.0
2019-03-04 00:00:00+09:00,5609.706264126892,5619.08704383279,5534.66002647971,5576.87353515625,97200,0.0,0.0
2019-03-05 00:00:00+09:00,5576.873326942674,5628.46761339883,5529.969430164349,5609.7060546875,116000,0.0,0.0
2019-03-06 00:00:00+09:00,5605.015293565493,5684.7519128045005,5600.324904198493,5680.0615234375,114400,0.0,0.0
2019-03-07 00:00:00+09:00,5689.442543299353,5731.656049391434,5675.371374601992,5708.2041015625,107600,0.0,0.0
2019-03-08 00:00:00+09:00,5708.20378216048,5731.655728677162,5609.705606790414,5614.39599609375,140600,0.0,0.0
2019-03-11 00:00:00+09:00,5656.610283563601,5712.894963002044,5558.112094546324,5590.94482421875,74400,0.0,0.0
2019-03-12 00:00:00+09:00,5628.467200413223,5680.061483083678,5605.015253744835,5675.37109375,80200,0.0,0.0
2019-03-13 00:00:00+09:00,5642.5385397518385,5670.680876608456,5567.492308134191,5581.5634765625,69200,0.0,0.0
2019-03-14 00:00:00+09:00,5614.394880558894,5614.394880558894,5483.064006159856,5487.75439453125,64000,0.0,0.0
2019-03-15 00:00:00+09:00,5459.6127114484725,5492.445433940001,5431.470377884305,5450.23193359375,192400,0.0,0.0
2019-03-18 00:00:00+09:00,5431.470622026384,5450.232178579152,5389.2571197826555,5422.08984375,55400,0.0,0.0
2019-03-19 00:00:00+09:00,5375.1862051440385,5379.8765945028035,5262.6168605336925,5281.37841796875,71400,0.0,0.0
2019-03-20 00:00:00+09:00,5286.0688879134805,5314.211224495096,5220.403435889711,5290.75927734375,103000,0.0,0.0
2019-03-22 00:00:00+09:00,5234.474244156504,5267.306967910174,5182.879963972166,5192.2607421875,115400,0.0,0.0
2019-03-25 00:00:00+09:00,5135.97652233061,5206.332365102262,5098.453406185729,5131.2861328125,74800,0.0,0.0
2019-03-26 00:00:00+09:00,5159.427779037489,5361.1145013089545,5154.737390147455,5332.97216796875,66800,0.0,0.0
2019-03-27 00:00:00+09:00,5509.308708137565,5528.3720600688375,5347.270216721755,5452.11865234375,148500,90.0,2.0
2019-03-28 00:00:00+09:00,5299.611641460561,5375.865046373663,5242.421587775735,5347.27001953125,111500,0.0,0.0
2019-03-29 00:00:00+09:00,5375.864997111576,5471.181752379512,5337.738295004401,5413.99169921875,92200,0.0,0.0
2019-04-01 00:00:00+09:00,5576.030037172379,5623.688413558468,5499.776634954637,5614.15673828125,70500,0.0,0.0
2019-04-02 00:00:00+09:00,5661.81552358774,5719.005579381555,5452.11865234375,5452.11865234375,96700,0.0,0.0
2019-04-03 00:00:00+09:00,5461.650203022204,5461.650203022204,5337.738418311404,5433.05517578125,41800,0.0,0.0
2019-04-04 00:00:00+09:00,5404.459995435632,5404.459995435632,5223.358161373415,5261.48486328125,44000,0.0,0.0
2019-04-05 00:00:00+09:00,5223.358584533802,5309.143670776146,5213.826908284653,5251.95361328125,49200,0.0,0.0
2019-04-08 00:00:00+09:00,5232.890501813871,5299.61223863117,5204.295471749314,5213.8271484375,27700,0.0,0.0
2019-04-09 00:00:00+09:00,5232.890315336339,5261.485344381893,5166.168580896714,5185.23193359375,40500,0.0,0.0
2019-04-10 00:00:00+09:00,5175.700257245232,5204.295286290786,5137.57355185116,5185.23193359375,45300,0.0,0.0
2019-04-11 00:00:00+09:00,5223.358707476265,5290.080442790743,5175.700325108782,5271.01708984375,26000,0.0,0.0
2019-04-12 00:00:00+09:00,5337.737815366972,5337.737815366972,5185.231020642202,5194.7626953125,42800,0.0,0.0
2019-04-15 00:00:00+09:00,5290.080442790743,5290.080442790743,5213.827031002769,5271.01708984375,38100,0.0,0.0
2019-04-16 00:00:00+09:00,5242.421920633762,5271.016949291764,5051.78839624708,5099.44677734375,55200,0.0,0.0
2019-04-17 00:00:00+09:00,5051.787833442253,5061.319508599691,4927.876056395557,5013.6611328125,81300,0.0,0.0
2019-04-18 00:00:00+09:00,4956.470788043479,4975.534137228261,4813.495669157609,4823.02734375,59000,0.0,0.0
2019-04-19 00:00:00+09:00,4918.3443645933885,4946.939389968931,4870.685988967483,4937.40771484375,54400,0.0,0.0
2019-04-22 00:00:00+09:00,4927.875994233631,5023.192744605654,4851.622593936012,5004.12939453125,32400,0.0,0.0
2019-04-23 00:00:00+09:00,5013.661307131718,5042.256333598249,4927.876227732126,4966.0029296875,46800,0.0,0.0
2019-04-24 00:00:00+09:00,5032.7250270953755,5061.320055658417,4937.408265218569,4946.93994140625,35100,0.0,0.0
2019-04-25 00:00:00+09:00,4899.281014343026,4966.002740219294,4899.281014343026,4937.40771484375,28900,0.0,0.0
2019-04-26 00:00:00+09:00,4946.939754042514,4985.0664573492,4889.749699082486,4918.3447265625,37900,0.0,0.0
2019-05-07 00:00:00+09:00,4975.53478152253,5004.129809002544,4908.813050735828,4918.3447265625,109400,0.0,0.0
2019-05-08 00:00:00+09:00,4861.15443772536,4975.534542142428,4813.496060884916,4956.47119140625,73200,0.0,0.0
2019-05-09 00:00:00+09:00,4889.749875779721,4956.471608977496,4842.091494924169,4870.6865234375,81000,0.0,0.0
2019-05-10 00:00:00+09:00,4870.6863360067055,4975.534769854208,4803.964605376476,4842.09130859375,94200,0.0,0.0
2019-05-13 00:00:00+09:00,4765.838049647704,4775.369725746999,4541.843661314261,4565.6728515625,186500,0.0,0.0
2019-05-14 00:00:00+09:00,4532.312148259403,4784.90157397733,4403.634516289893,4703.88232421875,178900,0.0,0.0
2019-05-15 00:00:00+09:00,4637.160045705108,4703.88177298144,4575.20415609137,4694.35009765625,84400,0.0,0.0
2019-05-16 00:00:00+09:00,4722.94531202594,4927.876339692051,4718.17947417324,4908.81298828125,73500,0.0,0.0
2019-05-17 00:00:00+09:00,4908.813244930028,5042.256711782495,4889.749892522533,5023.193359375,53800,0.0,0.0
2019-05-20 00:00:00+09:00,5032.724784894837,5061.31981208174,4975.5347305210325,4985.06640625,34500,0.0,0.0
2019-05-21 00:00:00+09:00,4994.5980819789675,5042.256460623805,4966.003054792065,4985.06640625,30200,0.0,0.0
2019-05-22 00:00:00+09:00,4985.066646156973,5013.661674720014,4927.876589030889,4946.93994140625,31800,0.0,0.0
2019-05-23 00:00:00+09:00,4956.471019345238,5032.724419642857,4908.812644159226,5004.12939453125,36100,0.0,0.0
2019-05-24 00:00:00+09:00,5023.192699461055,5080.38274917029,4994.597674606438,5070.85107421875,36200,0.0,0.0
2019-05-27 00:00:00+09:00,5099.4463519196015,5128.041378192048,5051.787974798857,5108.97802734375,34700,0.0,0.0
2019-05-28 00:00:00+09:00,5118.510004727075,5128.0416807135325,5051.788272821881,5080.38330078125,67400,0.0,0.0
2019-05-29 00:00:00+09:00,4975.534415344474,5013.661115845198,4889.749339217846,4937.40771484375,54700,0.0,0.0
2019-05-30 00:00:00+09:00,4861.154343470427,4880.217693836978,4756.305916454398,4794.4326171875,47800,0.0,0.0
2019-05-31 00:00:00+09:00,4756.305963331653,4784.900989163306,4718.179262222782,4727.7109375,47600,0.0,0.0
2019-06-03 00:00:00+09:00,4637.1600302744455,4651.457543214654,4565.672465573401,4618.0966796875,57400,0.0,0.0
2019-06-04 00:00:00+09:00,4651.457329252577,4680.052353817655,4579.969767839884,4622.8623046875,52200,0.0,0.0
2019-06-05 00:00:00+09:00,4656.2236328125,4660.989470717119,4565.672712624744,4656.2236328125,78600,0.0,0.0
2019-06-06 00:00:00+09:00,4637.160006663838,4718.179246245837,4613.330818551485,4651.45751953125,48200,0.0,0.0
2019-06-07 00:00:00+09:00,4622.862431018993,4660.989131481006,4565.672380325976,4641.92578125,55500,0.0,0.0
2019-06-10 00:00:00+09:00,4727.711063002008,4765.837765122992,4703.8818741763935,4746.7744140625,42900,0.0,0.0
2019-06-11 00:00:00+09:00,4732.4767591132495,4732.4767591132495,4618.096656173956,4651.45751953125,57500,0.0,0.0
2019-06-12 00:00:00+09:00,4618.096593461242,4684.818319269763,4589.501568114733,4641.92578125,43900,0.0,0.0
2019-06-13 00:00:00+09:00,4603.7989134853015,4627.628100408103,4537.077190101457,4579.9697265625,56000,0.0,0.0
2019-06-14 00:00:00+09:00,4579.970064915067,4618.09676680822,4532.311687548626,4594.267578125,50000,0.0,0.0
2019-06-17 00:00:00+09:00,4560.906206734573,4594.267067180907,4513.247834668381,4518.013671875,40300,0.0,0.0
2019-06-18 00:00:00+09:00,4527.545495411707,4599.033055865575,4503.71630859375,4503.71630859375,52900,0.0,0.0
2019-06-19 00:00:00+09:00,4522.77991119737,4556.140774609785,4498.950723045646,4541.84326171875,84600,0.0,0.0
2019-06-20 00:00:00+09:00,4551.3749369794405,4608.56498854358,4541.84326171875,4541.84326171875,48500,0.0,0.0
2019-06-21 00:00:00+09:00,4527.545780996073,4527.545780996073,4394.102326398293,4398.8681640625,98000,0.0,0.0
2019-06-24 00:00:00+09:00,4413.166475607548,4537.078277298472,4413.166475607548,4522.78076171875,51900,0.0,0.0
2019-06-25 00:00:00+09:00,4513.248346796959,4575.204237513284,4484.6533203125,4484.6533203125,46700,0.0,0.0
2019-06-26 00:00:00+09:00,4489.418776069699,4503.716288095398,4422.6970532831,4427.462890625,52000,0.0,0.0
2019-06-27 00:00:00+09:00,4436.995482213289,4436.995482213289,4379.805422292172,4417.93212890625,42200,0.0,0.0
2019-06-28 00:00:00+09:00,4460.824359323882,4479.887711286805,4351.210085537077,4370.2734375,63400,0.0,0.0
2019-07-01 00:00:00+09:00,4451.292076303178,4551.374660459887,4446.526238962382,4537.0771484375,56700,0.0,0.0
2019-07-02 00:00:00+09:00,4575.204326923077,4660.989408052885,4570.438489082532,4646.69189453125,47100,0.0,0.0
2019-07-03 00:00:00+09:00,4603.7993789546745,4680.052784817278,4603.7993789546745,4613.3310546875,58500,0.0,0.0
2019-07-04 00:00:00+09:00,4651.45758243865,4708.647634681748,4622.862556317101,4660.9892578125,31800,0.0,0.0
2019-07-05 00:00:00+09:00,4694.349866100193,4694.349866100193,4589.50144269491,4622.8623046875,28400,0.0,0.0
2019-07-08 00:00:00+09:00,4603.799303042763,4608.565140830592,4522.780060649671,4527.5458984375,41800,0.0,0.0
2019-07-09 00:00:00+09:00,4560.906940866024,4579.970292760971,4465.590181391291,4479.8876953125,48800,0.0,0.0
2019-07-10 00:00:00+09:00,4460.824131575452,4498.950833554729,4417.931591848765,4484.6533203125,53800,0.0,0.0
2019-07-11 00:00:00+09:00,4513.248633016376,4594.2678798603865,4513.248633016376,4565.6728515625,50200,0.0,0.0
2019-07-12 00:00:00+09:00,4541.843387233052,4565.672576043299,4494.185009612559,4560.90673828125,30400,0.0,0.0
2019-07-16 00:00:00+09:00,4513.247834668381,4537.077020701477,4489.418648635285,4518.013671875,32400,0.0,0.0
2019-07-17 00:00:00+09:00,4508.482398306335,4560.90661224013,4498.950723045646,4541.84326171875,39200,0.0,0.0
2019-07-18 00:00:00+09:00,4513.248550481094,4513.248550481094,4389.33676345627,4403.63427734375,59800,0.0,0.0
2019-07-19 00:00:00+09:00,4403.634140127916,4498.950896407741,4394.102464499933,4494.18505859375,48600,0.0,0.0
2019-07-22 00:00:00+09:00,4456.058042143957,4518.013929360933,4432.228854752813,4446.5263671875,44600,0.0,0.0
2019-07-23 00:00:00+09:00,4432.228854752813,4465.589717100415,4403.633829883441,4446.5263671875,39500,0.0,0.0
2019-07-24 00:00:00+09:00,4456.057701192876,4456.057701192876,4398.867655829973,4432.228515625,57800,0.0,0.0
2019-07-25 00:00:00+09:00,4436.994352738575,4451.2918640793005,4408.399330057124,4432.228515625,44800,0.0,0.0
2019-07-26 00:00:00+09:00,4479.888151601101,4479.888151601101,4417.93225163215,4436.99560546875,45900,0.0,0.0
2019-07-29 00:00:00+09:00,4456.0588644276495,4456.0588644276495,4341.67874384341,4384.5712890625,34500,0.0,0.0
2019-07-30 00:00:00+09:00,4375.039612347146,4389.337127420176,4332.147067128057,4384.5712890625,61000,0.0,0.0
2019-07-31 00:00:00+09:00,4332.146733574155,4408.4001414258455,4327.380895583425,4370.2734375,61200,0.0,0.0
2019-08-01 00:00:00+09:00,4375.0390625,4379.804900258714,4308.317333877995,4375.0390625,50200,0.0,0.0
2019-08-02 00:00:00+09:00,4327.380931088013,4456.058557893493,4317.849255028348,4413.166015625,110000,0.0,0.0
2019-08-05 00:00:00+09:00,4222.532625517326,4308.317712717452,4165.342567383908,4246.36181640625,93900,0.0,0.0
2019-08-06 00:00:00+09:00,4131.981693080357,4170.1083984375,4084.3233113839283,4170.1083984375,69300,0.0,0.0
2019-08-07 00:00:00+09:00,4127.21505599711,4151.044242232659,4089.088358020231,4122.44921875,62200,0.0,0.0
2019-08-08 00:00:00+09:00,4122.449763590021,4122.449763590021,4065.259709066229,4093.854736328125,41100,0.0,0.0
2019-08-09 00:00:00+09:00,4127.215481966976,4179.639697095887,4103.386293272016,4112.91796875,33500,0.0,0.0
2019-08-13 00:00:00+09:00,4055.727719939359,4079.5569074830687,4017.601019869424,4046.196044921875,40600,0.0,0.0
2019-08-14 00:00:00+09:00,4055.728302431778,4098.620846170775,4022.3674350792253,4060.494140625,42000,0.0,0.0
2019-08-15 00:00:00+09:00,3993.772004083172,3998.5378417968745,3955.645302373547,3998.537841796875,44600,0.0,0.0
2019-08-16 00:00:00+09:00,3998.5376924709585,4041.4302302924584,3974.708504792347,4012.835205078125,43000,0.0,0.0
2019-08-19 00:00:00+09:00,4055.727957962526,4055.727957962526,3993.7720667128046,4008.069580078125,24500,0.0,0.0
2019-08-20 00:00:00+09:00,4008.0696486440584,4055.72802734375,3979.4746214242437,4055.72802734375,34400,0.0,0.0
2019-08-21 00:00:00+09:00,3993.7720915064824,4017.6012805966166,3955.6453889622676,3974.708740234375,35400,0.0,0.0
2019-08-22 00:00:00+09:00,3984.240498439403,3984.240498439403,3893.689578020326,3912.7529296875,53900,0.0,0.0
2019-08-23 00:00:00+09:00,3922.284611130221,3965.177152442702,3879.39206981774,3950.879638671875,46400,0.0,0.0
2019-08-26 00:00:00+09:00,3826.9678359132376,3879.392052843556,3822.2019980104815,3836.49951171875,71500,0.0,0.0
2019-08-27 00:00:00+09:00,3879.3920273052645,3931.816243890471,3865.0945136911173,3869.8603515625,36500,0.0,0.0
2019-08-28 00:00:00+09:00,3879.3918939208984,3879.3918939208984,3812.670166015625,3812.670166015625,34200,0.0,0.0
2019-08-29 00:00:00+09:00,3817.435972211358,3850.796835888611,3760.24592019321,3807.904296875,43700,0.0,0.0
2019-08-30 00:00:00+09:00,3860.3289868458205,3965.1774284638554,3850.79731033509,3955.645751953125,85800,0.0,0.0
2019-09-02 00:00:00+09:00,3950.879621384899,3955.6454592876553,3831.733673815994,3836.49951171875,34900,0.0,0.0
2019-09-03 00:00:00+09:00,3803.138435609879,3860.328487273185,3793.606760332661,3841.26513671875,31500,0.0,0.0
2019-09-04 00:00:00+09:00,3860.3284237989737,3893.6892867206934,3831.7333984375,3831.7333984375,38900,0.0,0.0
2019-09-05 00:00:00+09:00,3860.328650841346,3941.3478941306093,3841.265299479167,3903.22119140625,71900,0.0,0.0
2019-09-06 00:00:00+09:00,3893.6892867206934,3893.6892867206934,3817.4358857567627,3831.7333984375,38100,0.0,0.0
2019-09-09 00:00:00+09:00,3850.7969625622663,3850.7969625622663,3812.67025996264,3826.9677734375,36800,0.0,0.0
2019-09-10 00:00:00+09:00,3850.797025427019,3850.797025427019,3803.138646399457,3836.49951171875,63200,0.0,0.0
2019-09-11 00:00:00+09:00,3846.031137319712,3912.75286708734,3812.6702724358975,3903.22119140625,56300,0.0,0.0
2019-09-12 00:00:00+09:00,3993.771805160985,4003.3034801136364,3917.5184055397726,3931.81591796875,60700,0.0,0.0
2019-09-13 00:00:00+09:00,3974.709107901999,4003.304137455251,3917.519048795495,3993.7724609375,88400,0.0,0.0
2019-09-17 00:00:00+09:00,3993.7724609375,3998.538299196375,3965.1774313842484,3993.7724609375,44600,0.0,0.0
2019-09-18 00:00:00+09:00,3989.005967684659,3989.005967684659,3903.2208931107957,3931.81591796875,37800,0.0,0.0
2019-09-19 00:00:00+09:00,3960.411202193724,4041.4304445972057,3960.411202193724,4008.069580078125,49700,0.0,0.0
2019-09-20 00:00:00+09:00,4041.4305076734877,4055.7280212619553,3989.0062911824402,4017.601318359375,54300,0.0,0.0
2019-09-24 00:00:00+09:00,4022.3668573781656,4093.8544200092942,4022.3668573781656,4046.196044921875,52600,0.0,0.0
2019-09-25 00:00:00+09:00,4098.620257518036,4098.620257518036,3998.537669834456,4046.196044921875,46000,0.0,0.0
2019-09-26 00:00:00+09:00,4074.790974069149,4089.0884862588655,4017.600925310284,4031.8984375,54700,0.0,0.0
2019-09-27 00:00:00+09:00,4017.4651246587914,4017.4651246587914,3935.6724215220256,3993.408447265625,54800,40.0,0.0
2019-09-30 00:00:00+09:00,3935.672160520392,4031.8988637116,3935.672160520392,3974.162841796875,58700,0.0,0.0
2019-10-01 00:00:00+09:00,3974.1625090378984,4012.653187091534,3969.351174281194,4003.030517578125,45000,0.0,0.0
2019-10-02 00:00:00+09:00,3993.4079930160983,4041.5213423295454,3954.917313565341,3969.351318359375,44800,0.0,0.0
2019-10-03 00:00:00+09:00,3868.313232421875,3873.1245672880714,3820.1998837599112,3868.313232421875,66000,0.0,0.0
2019-10-04 00:00:00+09:00,3849.0678929570895,3873.1245672880714,3791.331874562733,3868.313232421875,77300,0.0,0.0
2019-10-07 00:00:00+09:00,3849.068094378141,3849.068094378141,3810.577413434359,3829.82275390625,38800,0.0,0.0
2019-10-08 00:00:00+09:00,3877.9358904135916,3911.615234375,3844.256546452183,3911.615234375,55500,0.0,0.0
2019-10-09 00:00:00+09:00,3877.9360978329387,3935.672119140625,3853.8794222880692,3935.672119140625,56900,0.0,0.0
2019-10-10 00:00:00+09:00,3921.2383174189818,3935.6723234953706,3863.5022931134263,3897.181640625,41000,0.0,0.0
2019-10-11 00:00:00+09:00,3926.049350724414,3926.049350724414,3877.9360008380854,3901.99267578125,43600,0.0,0.0
2019-10-15 00:00:00+09:00,3974.162806835702,4022.2761580080473,3974.162806835702,3998.219482421875,71400,0.0,0.0
2019-10-16 00:00:00+09:00,4055.9558475467074,4084.823860696506,4017.4651633469757,4031.899169921875,80400,0.0,0.0
2019-10-17 00:00:00+09:00,4036.7104665733245,4036.7104665733245,3950.1064279579255,3993.408447265625,78400,0.0,0.0
2019-10-18 00:00:00+09:00,4007.8421879137977,4055.9555395094017,3959.7288363181938,3974.162841796875,47500,0.0,0.0
2019-10-21 00:00:00+09:00,3964.540073641636,3978.9740787641176,3916.4267232333636,3940.4833984375,38300,0.0,0.0
2019-10-23 00:00:00+09:00,3978.9741626122754,4017.46484375,3926.049476047904,4017.46484375,49600,0.0,0.0
2019-10-24 00:00:00+09:00,4060.7667474051673,4060.7667474051673,3998.2193922911065,4027.08740234375,50200,0.0,0.0
2019-10-25 00:00:00+09:00,4055.955793353873,4099.2578125,4027.087780589789,4099.2578125,66700,0.0,0.0
2019-10-28 00:00:00+09:00,4104.0690519253885,4104.0690519253885,4027.0876863558615,4065.578369140625,50900,0.0,0.0
2019-10-29 00:00:00+09:00,4113.69125096621,4118.5025857626615,4060.7665682052416,4084.8232421875,75800,0.0,0.0
2019-10-30 00:00:00+09:00,4113.69160010159,4185.861628173548,4104.068929691995,4181.05029296875,143300,0.0,0.0
2019-10-31 00:00:00+09:00,4185.861439507128,4238.78612437446,4132.936754639797,4176.23876953125,86800,0.0,0.0
2019-11-01 00:00:00+09:00,4137.748476424307,4137.748476424307,4060.7671094210646,4080.012451171875,51500,0.0,0.0
2019-11-05 00:00:00+09:00,4161.804696954193,4296.522074427854,4104.068678036909,4224.35205078125,125700,0.0,0.0
2019-11-06 00:00:00+09:00,4277.277608975497,4277.277608975497,4137.748868075284,4233.9755859375,84200,0.0,0.0
2019-11-07 00:00:00+09:00,4248.409140066964,4253.220475446428,4195.484450892857,4209.91845703125,61300,0.0,0.0
2019-11-08 00:00:00+09:00,4233.975057339449,4233.975057339449,4161.805027952982,4195.484375,77000,0.0,0.0
2019-11-11 00:00:00+09:00,4214.729639402331,4248.40898583591,4181.05029296875,4181.05029296875,42400,0.0,0.0
2019-11-12 00:00:00+09:00,4176.239109375,4214.729792410714,4161.805103236607,4209.91845703125,49800,0.0,0.0
2019-11-13 00:00:00+09:00,4224.352232336172,4229.163567452728,4166.6162109375,4166.6162109375,54700,0.0,0.0
2019-11-14 00:00:00+09:00,4181.050061319041,4181.050061319041,4128.125376998546,4137.748046875,46200,0.0,0.0
2019-11-15 00:00:00+09:00,4161.80473056719,4214.729415002148,4161.80473056719,4200.29541015625,55400,0.0,0.0
2019-11-18 00:00:00+09:00,4185.861481967037,4219.540827224244,4181.0501469302935,4214.7294921875,51300,0.0,0.0
2019-11-19 00:00:00+09:00,4214.729534166431,4262.8428850130795,4209.918199081766,4253.22021484375,45200,0.0,0.0
2019-11-20 00:00:00+09:00,4262.842926709642,4296.522272631726,4233.9749159192825,4291.7109375,55400,0.0,0.0
2019-11-21 00:00:00+09:00,4272.465744173729,4301.333755958686,4185.861708818856,4258.03173828125,43400,0.0,0.0
2019-11-22 00:00:00+09:00,4258.03173828125,4296.522420661194,4214.729720603814,4258.03173828125,56900,0.0,0.0
2019-11-25 00:00:00+09:00,4296.522497228674,4310.956503378378,4243.597808013091,4272.4658203125,30200,0.0,0.0
2019-11-26 00:00:00+09:00,4310.956200787402,4310.956200787402,4272.465520423229,4277.27685546875,50000,0.0,0.0
2019-11-27 00:00:00+09:00,4291.7109375,4330.201618553811,4291.7109375,4291.7109375,46000,0.0,0.0
2019-11-28 00:00:00+09:00,4282.088113272433,4282.088113272433,4233.974763685102,4262.8427734375,45200,0.0,0.0
2019-11-29 00:00:00+09:00,4286.900280761719,4291.711616654829,4233.9755859375,4233.9755859375,42900,0.0,0.0
2019-12-02 00:00:00+09:00,4277.27700822713,4315.767689965956,4272.465673009777,4306.14501953125,39700,0.0,0.0
2019-12-03 00:00:00+09:00,4315.767613158632,4325.390283422085,4267.654261841368,4291.7109375,55900,0.0,0.0
2019-12-04 00:00:00+09:00,4282.088419143235,4325.390436864908,4262.843077933602,4320.5791015625,48100,0.0,0.0
2019-12-05 00:00:00+09:00,4339.824406924834,4368.692418500831,4330.201736399502,4344.6357421875,55200,0.0,0.0
2019-12-06 00:00:00+09:00,4368.692377356843,4368.692377356843,4277.27700822713,4306.14501953125,51800,0.0,0.0
2019-12-09 00:00:00+09:00,4335.012883695954,4349.446888858093,4262.842857885255,4339.82421875,34800,0.0,0.0
2019-12-10 00:00:00+09:00,4359.069601004464,4407.182952008929,4349.446930803571,4378.31494140625,61000,0.0,0.0
2019-12-11 00:00:00+09:00,4378.314864422547,4392.748869470094,4349.446854327453,4363.880859375,50600,0.0,0.0
2019-12-12 00:00:00+09:00,4363.8807043822835,4373.503374072211,4335.0126953125,4335.0126953125,43600,0.0,0.0
2019-12-13 00:00:00+09:00,4397.559980876098,4450.484663359289,4378.3146417913,4383.1259765625,102600,0.0,0.0
2019-12-16 00:00:00+09:00,4387.937569290466,4407.182909506652,4339.82421875,4339.82421875,46800,0.0,0.0
2019-12-17 00:00:00+09:00,4387.9376940469765,4455.29638671875,4359.069682901931,4455.29638671875,52000,0.0,0.0
2019-12-18 00:00:00+09:00,4464.919015522876,4469.730350668914,4397.56032347835,4416.8056640625,61100,0.0,0.0
2019-12-19 00:00:00+09:00,4411.993951922421,4436.050625597025,4363.880604573212,4407.1826171875,50500,0.0,0.0
2019-12-20 00:00:00+09:00,4460.108059825068,4469.730730935802,4368.692684273098,4426.4287109375,53700,0.0,0.0
2019-12-23 00:00:00+09:00,4421.6169222805665,4421.6169222805665,4392.748911906591,4402.37158203125,20800,0.0,0.0
2019-12-24 00:00:00+09:00,4397.560657675194,4397.560657675194,4296.522611929922,4325.390625,40500,0.0,0.0
2019-12-25 00:00:00+09:00,4306.144788066098,4306.144788066098,4243.597433602567,4262.8427734375,23600,0.0,0.0
2019-12-26 00:00:00+09:00,4277.276477835224,4282.087812455961,4238.785800869327,4267.65380859375,43600,0.0,0.0
2019-12-27 00:00:00+09:00,4267.654524121966,4344.635890960693,4248.409182412284,4310.95654296875,30800,0.0,0.0
2019-12-30 00:00:00+09:00,4277.276510571676,4291.710514544359,4238.785833311189,4243.59716796875,34700,0.0,0.0
2020-01-06 00:00:00+09:00,4195.483987565636,4195.483987565636,4113.691295147499,4123.31396484375,55000,0.0,0.0
2020-01-07 00:00:00+09:00,4128.125645845211,4238.786356631272,4128.125645845211,4219.541015625,39800,0.0,0.0
2020-01-08 00:00:00+09:00,4152.181984105603,4229.163341864224,4113.691305226293,4185.861328125,56500,0.0,0.0
2020-01-09 00:00:00+09:00,4248.408802807534,4267.654142797602,4171.427442847262,4238.7861328125,33000,0.0,0.0
2020-01-10 00:00:00+09:00,4267.654185377707,4310.956200787402,4258.031515286663,4277.27685546875,35300,0.0,0.0
2020-01-14 00:00:00+09:00,4233.975133928571,4233.975133928571,4147.371097098214,4209.91845703125,68100,0.0,0.0
2020-01-15 00:00:00+09:00,4243.597424693943,4262.842764488474,4181.05007036172,4200.29541015625,42900,0.0,0.0
2020-01-16 00:00:00+09:00,4205.106745104883,4224.352084899413,4156.993395618557,4200.29541015625,48600,0.0,0.0
2020-01-17 00:00:00+09:00,4233.974686792186,4267.654030891669,4214.729347306767,4248.40869140625,42100,0.0,0.0
2020-01-20 00:00:00+09:00,4233.975137246622,4277.277155695735,4233.975137246622,4272.4658203125,21400,0.0,0.0
2020-01-21 00:00:00+09:00,4229.163351920831,4262.842696020314,4229.163351920831,4248.40869140625,30600,0.0,0.0
2020-01-22 00:00:00+09:00,4277.276890267074,4282.088225351739,4229.163539420426,4253.22021484375,38200,0.0,0.0
2020-01-23 00:00:00+09:00,4224.352197097445,4224.352197097445,4156.993506027555,4190.6728515625,47000,0.0,0.0
2020-01-24 00:00:00+09:00,4190.672999064128,4190.672999064128,4152.1823170979815,4156.99365234375,37300,0.0,0.0
2020-01-27 00:00:00+09:00,4089.6351023307907,4089.6351023307907,4046.3330836002297,4060.76708984375,39900,0.0,0.0
2020-01-28 00:00:00+09:00,4017.4650515601747,4065.5784054710753,3988.5970392136346,4041.521728515625,56200,0.0,0.0
2020-01-29 00:00:00+09:00,4051.1442312147833,4060.7669015977162,4022.2762200659845,4055.95556640625,33700,0.0,0.0
2020-01-30 00:00:00+09:00,4036.71019887116,4036.71019887116,3964.5401714777545,3974.162841796875,47500,0.0,0.0
2020-01-31 00:00:00+09:00,3978.9739882220642,4017.4646676728216,3969.351318359375,3969.351318359375,33100,0.0,0.0
2020-02-03 00:00:00+09:00,3945.2947961322952,4046.33283359422,3945.2947961322952,3998.219482421875,58500,0.0,0.0
2020-02-04 00:00:00+09:00,3974.162717247237,4031.8987373525238,3959.7287122209154,4027.08740234375,28400,0.0,0.0
2020-02-05 00:00:00+09:00,4060.766712904543,4084.823387744025,4031.898703097165,4051.14404296875,42000,0.0,0.0
2020-02-06 00:00:00+09:00,4099.257213297717,4147.370560871634,4094.445878540325,4108.8798828125,56400,0.0,0.0
2020-02-07 00:00:00+09:00,4176.238437678776,4229.163118340603,4137.74776083381,4205.1064453125,66100,0.0,0.0
2020-02-10 00:00:00+09:00,4205.107045584862,4282.088410263761,4185.861704415138,4195.484375,64600,0.0,0.0
2020-02-12 00:00:00+09:00,4185.861216107537,4185.861216107537,4089.634521484375,4089.634521484375,49300,0.0,0.0
2020-02-13 00:00:00+09:00,4075.200837004506,4123.314188090746,4027.0874859182663,4104.06884765625,55500,0.0,0.0
2020-02-14 00:00:00+09:00,4075.200878112297,4142.5595703125,4065.578207797982,4142.5595703125,44600,0.0,0.0
2020-02-17 00:00:00+09:00,4128.125,4147.370337995338,4094.4456585081584,4128.125,32700,0.0,0.0
2020-02-18 00:00:00+09:00,4084.823577555049,4099.257583129448,4041.5215608318504,4055.95556640625,34700,0.0,0.0
2020-02-19 00:00:00+09:00,4113.691217569892,4176.238569415983,4108.8798828125,4108.8798828125,43200,0.0,0.0
2020-02-20 00:00:00+09:00,4099.2578125,4156.993838028169,4099.2578125,4099.2578125,38900,0.0,0.0
2020-02-21 00:00:00+09:00,4080.0120614035086,4142.559416118421,4080.0120614035086,4113.69140625,35200,0.0,0.0
2020-02-25 00:00:00+09:00,3954.917248039668,3978.9739222978164,3911.615234375,3911.615234375,76000,0.0,0.0
2020-02-26 00:00:00+09:00,3877.9362389127114,3877.9362389127114,3800.9548743685386,3839.445556640625,76700,0.0,0.0
2020-02-27 00:00:00+09:00,3829.8224651510945,3829.8224651510945,3772.086448088515,3791.331787109375,68200,0.0,0.0
2020-02-28 00:00:00+09:00,3680.671232321517,3719.161911875206,3642.1805527678275,3651.80322265625,74500,0.0,0.0
2020-03-02 00:00:00+09:00,3570.0106645924175,3738.407394054324,3570.0106645924175,3723.973388671875,78300,0.0,0.0
2020-03-03 00:00:00+09:00,3791.33221043578,3805.766216313073,3671.048828125,3671.048828125,71000,0.0,0.0
2020-03-04 00:00:00+09:00,3608.5013531624004,3690.2940505007477,3565.1993369244515,3618.1240234375,67200,0.0,0.0
2020-03-05 00:00:00+09:00,3704.7279926915326,3757.6526783014115,3680.6713174143147,3728.78466796875,54100,0.0,0.0
2020-03-06 00:00:00+09:00,3675.8597633029226,3690.293767609086,3637.3690851531537,3642.180419921875,57600,0.0,0.0
2020-03-09 00:00:00+09:00,3555.576731154621,3613.3127538526664,3468.972697107553,3507.46337890625,64000,0.0,0.0
2020-03-10 00:00:00+09:00,3478.5953471848056,3521.897363954741,3343.8779616783404,3488.218017578125,110700,0.0,0.0
2020-03-11 00:00:00+09:00,3454.5388213652104,3574.8222065102386,3454.5388213652104,3517.086181640625,97900,0.0,0.0
2020-03-12 00:00:00+09:00,3430.481941013364,3454.538616616543,3295.76455763556,3324.632568359375,108500,0.0,0.0
2020-03-13 00:00:00+09:00,3122.5565642838137,3161.047246123984,2963.7825016931115,3108.12255859375,148400,0.0,0.0
2020-03-16 00:00:00+09:00,3170.6699372746393,3315.0099951171874,3122.556584660457,3127.367919921875,109100,0.0,0.0
2020-03-17 00:00:00+09:00,3079.2542808219177,3560.3877622003424,3060.008941566781,3512.2744140625,143600,0.0,0.0
2020-03-18 00:00:00+09:00,3517.08584090659,4185.861397522207,3493.0291662081863,3757.652587890625,222500,0.0,0.0
2020-03-19 00:00:00+09:00,3926.0491832386365,4108.879905007102,3901.992509321733,4022.27587890625,215200,0.0,0.0
2020-03-23 00:00:00+09:00,4137.748274065545,4229.163642911179,3767.2754634806065,3950.106201171875,174800,0.0,0.0
2020-03-24 00:00:00+09:00,4017.464845275879,4017.464845275879,3709.5393960571287,3849.068115234375,92400,0.0,0.0
2020-03-25 00:00:00+09:00,3940.4834610150606,4036.710163359751,3849.068093787605,3998.219482421875,87500,0.0,0.0
2020-03-26 00:00:00+09:00,3988.596640202342,4243.597390420345,3877.935937277548,4224.35205078125,141200,0.0,0.0
2020-03-27 00:00:00+09:00,4291.710950265523,4416.8056640625,4200.2955824908095,4416.8056640625,153400,0.0,0.0
2020-03-30 00:00:00+09:00,4373.122760622782,4455.634510823213,4222.660157316116,4445.92724609375,135200,40.0,0.0
2020-03-31 00:00:00+09:00,4246.928628971823,4305.172221597722,4013.9542584682254,4047.9296875,136000,0.0,0.0
2020-04-01 00:00:00+09:00,3989.686089963329,4140.148704061702,3805.248046875,3805.248046875,90200,0.0,0.0
2020-04-02 00:00:00+09:00,3771.272343555981,3868.3449907517593,3654.785166921047,3664.492431640625,78500,0.0,0.0
2020-04-03 00:00:00+09:00,3994.5394437076866,4140.148414924249,3630.5170156662816,3674.19970703125,62500,0.0,0.0
2020-04-06 00:00:00+09:00,3776.1262433927745,3941.149755314824,3713.0290182461085,3916.881591796875,70100,0.0,0.0
2020-04-07 00:00:00+09:00,3868.3450650642258,3975.1249790308666,3824.6623729869634,3955.71044921875,77900,0.0,0.0
2020-04-08 00:00:00+09:00,3955.7102529827866,4145.001909260491,3926.5884597092936,4106.1728515625,102400,0.0,0.0
2020-04-09 00:00:00+09:00,4091.61197667739,4164.4164602481615,4023.661125344669,4125.58740234375,53900,0.0,0.0
2020-04-10 00:00:00+09:00,4140.1483341776875,4266.3427734375,4038.222056313993,4266.3427734375,52700,0.0,0.0
2020-04-13 00:00:00+09:00,4261.489688582564,4285.757853096132,4169.270663431004,4203.24609375,44500,0.0,0.0
2020-04-14 00:00:00+09:00,4208.099008679531,4232.367169052539,4081.904574739891,4111.0263671875,85200,0.0,0.0
2020-04-15 00:00:00+09:00,4111.02701214283,4111.02701214283,3931.44259720861,4023.66162109375,132400,0.0,0.0
2020-04-16 00:00:00+09:00,4009.100741859244,4106.173399047119,3960.5644132653065,4043.076171875,55900,0.0,0.0
2020-04-17 00:00:00+09:00,4111.026741536458,4111.026741536458,3975.125031072443,4004.246826171875,46000,0.0,0.0
2020-04-20 00:00:00+09:00,3989.6862409062114,4062.490734353405,3950.857177734375,3950.857177734375,33400,0.0,0.0
2020-04-21 00:00:00+09:00,3955.710514505111,3989.6859422370567,3878.052393974949,3902.320556640625,43900,0.0,0.0
2020-04-22 00:00:00+09:00,3902.3206636235955,3916.881561622191,3839.223438963015,3887.759765625,44100,0.0,0.0
2020-04-23 00:00:00+09:00,3970.2715045715477,4004.246933094776,3912.027912817442,3989.68603515625,48100,0.0,0.0
2020-04-24 00:00:00+09:00,3999.3932903010673,4023.66145347037,3926.5888007931594,3979.978759765625,63200,0.0,0.0
2020-04-27 00:00:00+09:00,4028.514903141902,4057.636697622446,3960.5640493539663,4038.22216796875,52800,0.0,0.0
2020-04-28 00:00:00+09:00,4062.4908771243704,4111.027207794912,3999.3936472526657,4096.46630859375,50700,0.0,0.0
2020-04-30 00:00:00+09:00,4101.319923037574,4125.588088262649,4057.6372256324403,4077.0517578125,67900,0.0,0.0
2020-05-01 00:00:00+09:00,4096.466242705195,4111.027141672157,4023.661747870388,4028.515380859375,43700,0.0,0.0
2020-05-07 00:00:00+09:00,3946.0032598528614,3970.271422582584,3887.7596693015275,3912.02783203125,68900,0.0,0.0
2020-05-08 00:00:00+09:00,3979.9786324786323,3984.832264957265,3921.7350427350425,3975.125,37900,0.0,0.0
2020-05-11 00:00:00+09:00,3999.393476140456,4043.076171875,3984.832577562275,4043.076171875,30300,0.0,0.0
2020-05-12 00:00:00+09:00,4106.173109019886,4115.88037405303,4004.246826171875,4004.246826171875,33100,0.0,0.0
2020-05-13 00:00:00+09:00,3989.685989653338,4077.0513762880823,3979.9787244716995,4062.490478515625,54700,0.0,0.0
2020-05-14 00:00:00+09:00,4062.490440955529,4067.3440735014733,3912.02783203125,3912.02783203125,39100,0.0,0.0
2020-05-15 00:00:00+09:00,3960.564147038246,3960.564147038246,3868.3451289086793,3902.320556640625,57500,0.0,0.0
2020-05-18 00:00:00+09:00,3941.149793562104,3941.149793562104,3814.9553420441057,3834.369873046875,41000,0.0,0.0
2020-05-19 00:00:00+09:00,3941.1497249531835,3946.003357619382,3868.345234960206,3887.759765625,42800,0.0,0.0
2020-05-20 00:00:00+09:00,3907.174296289794,3916.881561622191,3834.3698062968165,3887.759765625,45300,0.0,0.0
2020-05-21 00:00:00+09:00,3897.466959118389,3897.466959118389,3819.808837890625,3819.808837890625,36200,0.0,0.0
2020-05-22 00:00:00+09:00,3839.223404208097,3839.223404208097,3732.4434865183644,3737.297119140625,35700,0.0,0.0
2020-05-25 00:00:00+09:00,3824.6626466067514,3873.198974609375,3785.833584204652,3873.198974609375,21100,0.0,0.0
2020-05-26 00:00:00+09:00,3892.613196147829,3936.295887875174,3863.4914016629327,3926.588623046875,43200,0.0,0.0
2020-05-27 00:00:00+09:00,3897.4671968436537,3950.8571584442516,3873.1990324797453,3931.442626953125,40600,0.0,0.0
2020-05-28 00:00:00+09:00,3955.7105865105436,3970.271484375,3902.3206276742053,3970.271484375,49500,0.0,0.0
2020-05-29 00:00:00+09:00,3975.125081867515,4077.051366017964,3975.125081867515,4052.783203125,78000,0.0,0.0
2020-06-01 00:00:00+09:00,4081.904892997508,4096.465790356595,3946.003184312692,3955.71044921875,35300,0.0,0.0
2020-06-02 00:00:00+09:00,3989.686266873151,4111.027090074889,3955.7108363766642,4101.31982421875,54800,0.0,0.0
2020-06-03 00:00:00+09:00,4115.880308014354,4115.880308014354,4043.075821433911,4057.63671875,29000,0.0,0.0
2020-06-04 00:00:00+09:00,4077.051366017964,4086.7586311751497,3984.8323470247005,4052.783203125,31600,0.0,0.0
2020-06-05 00:00:00+09:00,4038.2223718143205,4038.2223718143205,3960.56424927943,3999.393310546875,33800,0.0,0.0
2020-06-08 00:00:00+09:00,4009.1004273504273,4009.1004273504273,3950.8568376068374,3975.125,33500,0.0,0.0
2020-06-09 00:00:00+09:00,4013.9543162635123,4028.5152146296437,3975.125253953829,3984.83251953125,28500,0.0,0.0
2020-06-10 00:00:00+09:00,3994.539727592926,4067.3442183753,3994.539727592926,4047.9296875,40900,0.0,0.0
2020-06-11 00:00:00+09:00,3999.393119990752,4028.5149145537916,3916.881368728807,3936.2958984375,35900,0.0,0.0
2020-06-12 00:00:00+09:00,3868.3449599547957,3897.4667538816825,3805.2477397798743,3858.6376953125,60000,0.0,0.0
2020-06-15 00:00:00+09:00,3844.076980064655,3882.9060404693487,3800.394287109375,3800.394287109375,22800,0.0,0.0
2020-06-16 00:00:00+09:00,3912.0281240425857,3970.271718941483,3853.784529143689,3960.564453125,42400,0.0,0.0
2020-06-17 00:00:00+09:00,3970.271408800635,4067.3440593825576,3965.417776271539,4013.9541015625,38200,0.0,0.0
2020-06-18 00:00:00+09:00,4018.8077237215907,4028.514988754735,3979.978663589015,4004.246826171875,25800,0.0,0.0
2020-06-19 00:00:00+09:00,4033.3687893435253,4067.3442183753,3941.149767685851,4047.9296875,72400,0.0,0.0
2020-06-22 00:00:00+09:00,4047.9296574247055,4067.344188155759,4013.954228645361,4018.807861328125,33600,0.0,0.0
2020-06-23 00:00:00+09:00,4038.22216796875,4067.343962449294,3970.2713141808144,4038.22216796875,25900,0.0,0.0
2020-06-24 00:00:00+09:00,4023.661292870253,4023.661292870253,3946.003173828125,3946.003173828125,26500,0.0,0.0
2020-06-25 00:00:00+09:00,3912.0278423044942,3960.5641678913985,3897.466944628423,3921.735107421875,37200,0.0,0.0
2020-06-26 00:00:00+09:00,3965.417724609375,3999.3931518704103,3950.8568272117886,3965.417724609375,39500,0.0,0.0
2020-06-29 00:00:00+09:00,3955.710800997729,3965.418066767049,3892.6135734971517,3941.14990234375,38400,0.0,0.0
2020-06-30 00:00:00+09:00,3941.149606452618,3941.149606452618,3892.61328125,3892.61328125,31600,0.0,0.0
2020-07-01 00:00:00+09:00,3931.4423765923566,3931.4423765923566,3810.1015625,3810.1015625,35200,0.0,0.0
2020-07-02 00:00:00+09:00,3848.9306333510367,3892.613326541654,3819.808837890625,3819.808837890625,36900,0.0,0.0
2020-07-03 00:00:00+09:00,3819.808657917123,3882.9058784418025,3805.2477608729664,3878.05224609375,22900,0.0,0.0
2020-07-06 00:00:00+09:00,3916.8817283347803,3946.0035255714697,3907.174462589217,3931.442626953125,26100,0.0,0.0
2020-07-07 00:00:00+09:00,3912.0276508451257,3912.0276508451257,3834.369533706761,3858.6376953125,31500,0.0,0.0
2020-07-08 00:00:00+09:00,3848.930602167694,3897.4669275418137,3785.8333791813384,3790.68701171875,44000,0.0,0.0
2020-07-09 00:00:00+09:00,3766.418935218831,3780.979833164264,3698.4680781401403,3756.711669921875,36100,0.0,0.0
2020-07-10 00:00:00+09:00,3756.711737436517,3761.565370172223,3703.32177734375,3703.32177734375,36000,0.0,0.0
2020-07-13 00:00:00+09:00,3771.2724682434537,3892.61328125,3751.8579381624063,3892.61328125,42400,0.0,0.0
2020-07-14 00:00:00+09:00,3858.638006716358,3858.638006716358,3795.5407814492983,3805.248046875,42800,0.0,0.0
2020-07-15 00:00:00+09:00,3805.248096072103,3868.3453221549316,3805.248096072103,3853.784423828125,31600,0.0,0.0
2020-07-16 00:00:00+09:00,3844.077098485454,3868.3452619859936,3795.540771484375,3795.540771484375,18200,0.0,0.0
2020-07-17 00:00:00+09:00,3810.1014786857936,3810.1014786857936,3732.443359375,3732.443359375,26900,0.0,0.0
2020-07-20 00:00:00+09:00,3780.9797569070283,3805.2479196599616,3722.736166299988,3800.394287109375,27300,0.0,0.0
2020-07-21 00:00:00+09:00,3776.125956345083,3878.0522353723927,3776.125956345083,3868.344970703125,36100,0.0,0.0
2020-07-22 00:00:00+09:00,3868.345045370499,3892.6132075120954,3824.662353515625,3824.662353515625,27100,0.0,0.0
2020-07-27 00:00:00+09:00,3790.687072676939,3863.4915619088906,3766.4189095996217,3848.9306640625,33000,0.0,0.0
2020-07-28 00:00:00+09:00,3839.2233578821656,3848.930623009554,3800.394297372611,3810.1015625,15700,0.0,0.0
2020-07-29 00:00:00+09:00,3829.516250147964,3902.320741595644,3790.687188042535,3844.0771484375,32100,0.0,0.0
2020-07-30 00:00:00+09:00,3858.637986403245,3858.637986403245,3771.272598031851,3785.83349609375,22300,0.0,0.0
2020-07-31 00:00:00+09:00,3737.2971393279636,3819.8088943520875,3654.7853843038397,3756.711669921875,49700,0.0,0.0
2020-08-03 00:00:00+09:00,3795.5407913635095,3844.0771186187976,3717.882667755049,3814.955322265625,56200,0.0,0.0
2020-08-04 00:00:00+09:00,3829.5161336006463,3926.588785909915,3829.5161336006463,3848.9306640625,47700,0.0,0.0
2020-08-05 00:00:00+09:00,3805.248096072103,3873.1989549305335,3766.4190338672856,3853.784423828125,29400,0.0,0.0
2020-08-06 00:00:00+09:00,3814.9551535352316,3814.9551535352316,3761.5651959157817,3771.2724609375,29200,0.0,0.0
2020-08-07 00:00:00+09:00,3785.8333932976975,3795.5406584087173,3679.0534770764802,3688.7607421875,38000,0.0,0.0
2020-08-11 00:00:00+09:00,3717.882650949698,3931.4424899076444,3717.882650949698,3916.881591796875,60900,0.0,0.0
2020-08-12 00:00:00+09:00,3931.442348567866,4047.929529266173,3916.8814509805775,4013.9541015625,44500,0.0,0.0
2020-08-13 00:00:00+09:00,4077.05132444075,4077.05132444075,4004.246836504308,4013.9541015625,38700,0.0,0.0
2020-08-14 00:00:00+09:00,3979.978799866017,4072.1978208385226,3975.125167183254,4018.807861328125,27500,0.0,0.0
2020-08-17 00:00:00+09:00,3950.857099413573,3955.7107322138354,3873.198974609375,3873.198974609375,24800,0.0,0.0
2020-08-18 00:00:00+09:00,3863.4916221855588,3950.857010626941,3844.0770914208074,3907.17431640625,31700,0.0,0.0
2020-08-19 00:00:00+09:00,3848.930810608063,3902.3207714109494,3848.930810608063,3873.198974609375,15000,0.0,0.0
2020-08-20 00:00:00+09:00,3844.077021274494,3887.7597146980684,3839.223388671875,3839.223388671875,21200,0.0,0.0
2020-08-21 00:00:00+09:00,3873.198603037759,3892.613132376294,3853.7840736992234,3868.344970703125,13500,0.0,0.0
2020-08-24 00:00:00+09:00,3853.784433642824,3863.49169921875,3790.6872073993013,3863.49169921875,23400,0.0,0.0
2020-08-25 00:00:00+09:00,3907.1740293801954,3921.7349263840965,3868.344970703125,3868.344970703125,22100,0.0,0.0
2020-08-26 00:00:00+09:00,3839.223535278934,3873.1989647946766,3810.1017385511545,3863.49169921875,17700,0.0,0.0
2020-08-27 00:00:00+09:00,3858.637908819511,3873.1988065886408,3824.66248069154,3829.51611328125,15200,0.0,0.0
2020-08-28 00:00:00+09:00,3863.4916893793293,3936.296181013362,3810.1017288477055,3853.784423828125,49900,0.0,0.0
2020-08-31 00:00:00+09:00,3853.7842451658285,3887.7596730199352,3800.394287109375,3800.394287109375,26400,0.0,0.0
2020-09-01 00:00:00+09:00,3785.8333791813384,3814.95517440581,3742.1506863446307,3790.68701171875,36100,0.0,0.0
2020-09-02 00:00:00+09:00,3771.272598031851,3800.394394155649,3742.150801908053,3785.83349609375,15600,0.0,0.0
2020-09-03 00:00:00+09:00,3844.077088341346,3853.7843537159456,3780.97986340645,3785.83349609375,23400,0.0,0.0
2020-09-04 00:00:00+09:00,3747.004461902513,3761.565360070528,3688.7608692304534,3693.614501953125,54300,0.0,0.0
2020-09-07 00:00:00+09:00,3698.4680581625407,3756.711649629667,3698.4680581625407,3737.297119140625,32600,0.0,0.0
2020-09-08 00:00:00+09:00,3717.8825337494013,3810.101552210548,3703.321636097641,3800.394287109375,36800,0.0,0.0
2020-09-09 00:00:00+09:00,3708.175238296332,3800.3942560026544,3708.175238296332,3771.2724609375,49000,0.0,0.0
2020-09-10 00:00:00+09:00,3780.979661660751,3853.784148085541,3780.979661660751,3824.662353515625,34600,0.0,0.0
2020-09-11 00:00:00+09:00,3800.3944535688925,3848.9307812006787,3776.126289752999,3844.0771484375,40600,0.0,0.0
2020-09-14 00:00:00+09:00,3878.0523836892144,3921.735076371571,3834.369691006858,3892.61328125,34400,0.0,0.0
2020-09-15 00:00:00+09:00,3887.7597249862074,3887.7597249862074,3819.8088683697197,3848.9306640625,16500,0.0,0.0
2020-09-16 00:00:00+09:00,3902.3206636235955,3907.174296289794,3858.637969627809,3887.759765625,29500,0.0,0.0
2020-09-17 00:00:00+09:00,3887.759765625,3931.4424596207864,3863.4916022940074,3887.759765625,38500,0.0,0.0
2020-09-18 00:00:00+09:00,3887.759584546529,3965.417703588657,3882.905952106396,3946.003173828125,60800,0.0,0.0
2020-09-23 00:00:00+09:00,3897.467051023874,3926.5888471710014,3829.5161933472436,3907.17431640625,49500,0.0,0.0
2020-09-24 00:00:00+09:00,3926.588664882478,4004.2467843362724,3926.588664882478,3965.417724609375,42100,0.0,0.0
2020-09-25 00:00:00+09:00,3975.125253953829,4057.6370113619064,3975.125253953829,3984.83251953125,58600,0.0,0.0
2020-09-28 00:00:00+09:00,4077.0511853448274,4242.074685704023,4072.1975529813217,4222.66015625,85700,0.0,0.0
2020-09-29 00:00:00+09:00,4173.673074085006,4183.470428719008,4056.1048184769775,4149.1796875,60800,40.0,0.0
2020-09-30 00:00:00+09:00,4163.876148136658,4203.065570707356,4070.80126953125,4070.80126953125,45700,0.0,0.0
2020-10-02 00:00:00+09:00,4168.774849257019,4212.86294989546,4080.5986479801377,4100.193359375,78200,0.0,0.0
2020-10-05 00:00:00+09:00,4139.3830036944655,4198.167141025037,4041.4094414768447,4065.90283203125,39700,0.0,0.0
2020-10-06 00:00:00+09:00,4065.902351966271,4100.193094693697,4007.1182215763974,4075.69970703125,30100,0.0,0.0
2020-10-07 00:00:00+09:00,4090.396172018612,4100.1935281192555,3992.422611012178,3997.3212890625,33700,0.0,0.0
2020-10-08 00:00:00+09:00,4021.8144913178776,4090.395980816599,3997.3211022111914,4070.80126953125,37400,0.0,0.0
2020-10-09 00:00:00+09:00,4085.497486611256,4085.497486611256,3963.0305355737487,3987.52392578125,37100,0.0,0.0
2020-10-12 00:00:00+09:00,3967.9289745494634,4012.0170742666796,3967.9289745494634,3992.42236328125,17700,0.0,0.0
2020-10-13 00:00:00+09:00,3997.321033210332,3997.321033210332,3977.7263222632223,3982.625,26300,0.0,0.0
2020-10-14 00:00:00+09:00,3977.72652966415,4012.0172756095308,3933.638427734375,3933.638427734375,27400,0.0,0.0
2020-10-15 00:00:00+09:00,3894.4489335040653,3909.1449672154017,3830.766120754942,3840.5634765625,21400,0.0,0.0
2020-10-16 00:00:00+09:00,3845.462124224791,3845.462124224791,3786.6779898417367,3801.3740234375,20700,0.0,0.0
2020-10-19 00:00:00+09:00,3781.7793527140248,3865.056877320422,3757.285963123908,3855.259521484375,24800,0.0,0.0
2020-10-20 00:00:00+09:00,3830.766071482855,3835.664749323626,3771.981937393604,3776.880615234375,28600,0.0,0.0
2020-10-21 00:00:00+09:00,3806.2727163461536,3879.7528846153846,3806.2727163461536,3820.96875,23800,0.0,0.0
2020-10-22 00:00:00+09:00,3786.6779517430236,3791.5766295589915,3722.9951401354438,3752.38720703125,33400,0.0,0.0
2020-10-23 00:00:00+09:00,3752.387222250406,3816.070034116274,3732.7925109070616,3771.98193359375,31000,0.0,0.0
2020-10-26 00:00:00+09:00,3771.981937393604,3860.1581385274803,3752.38722603052,3776.880615234375,46100,0.0,0.0
2020-10-27 00:00:00+09:00,3757.285915167757,3806.272693722747,3737.691203745761,3791.57666015625,38100,0.0,0.0
2020-10-28 00:00:00+09:00,3757.285930094192,3830.7660982185894,3732.792540719393,3811.17138671875,34600,0.0,0.0
2020-10-29 00:00:00+09:00,3811.171379168009,3860.158157820554,3801.3740234375,3801.3740234375,33800,0.0,0.0
2020-10-30 00:00:00+09:00,3771.9818950452304,3771.9818950452304,3693.603050472862,3722.9951171875,39400,0.0,0.0
2020-11-02 00:00:00+09:00,3771.9819748569544,3855.259498977173,3727.8938738521324,3825.867431640625,77600,0.0,0.0
2020-11-04 00:00:00+09:00,3860.1582215971785,3953.2331025747753,3855.259543650989,3884.651611328125,89700,0.0,0.0
2020-11-05 00:00:00+09:00,3914.04354583666,4041.409168104186,3914.04354583666,4026.713134765625,61400,0.0,0.0
2020-11-06 00:00:00+09:00,3997.3210833459443,4075.6999281174335,3967.929016556636,4046.307861328125,54400,0.0,0.0
2020-11-09 00:00:00+09:00,4075.700163274605,4075.700163274605,3977.726601657427,4031.612060546875,54200,0.0,0.0
2020-11-10 00:00:00+09:00,4075.6999473525875,4109.990692101948,4021.8144913178776,4070.80126953125,70600,0.0,0.0
2020-11-11 00:00:00+09:00,4134.4843002449115,4154.079012568347,3987.523957819145,4031.612060546875,69100,0.0,0.0
2020-11-12 00:00:00+09:00,4031.611824100379,4061.0038908617425,3982.625046164773,4041.4091796875,36400,0.0,0.0
2020-11-13 00:00:00+09:00,4075.69987699877,4075.69987699877,3923.8408671586712,3982.625,46500,0.0,0.0
2020-11-16 00:00:00+09:00,4051.206797698607,4105.0922569182985,4026.713407144202,4065.90283203125,51800,0.0,0.0
2020-11-17 00:00:00+09:00,4065.902576377343,4065.902576377343,4002.2197649401073,4051.20654296875,43900,0.0,0.0
2020-11-18 00:00:00+09:00,4031.6118582672925,4090.3959922882004,4002.219791256838,4085.497314453125,35400,0.0,0.0
2020-11-19 00:00:00+09:00,4061.004121843122,4061.004121843122,3982.625272688128,4021.814697265625,45500,0.0,0.0
2020-11-20 00:00:00+09:00,3997.321052681846,4036.510474766962,3967.9289861180087,4007.118408203125,36100,0.0,0.0
2020-11-24 00:00:00+09:00,4090.395934089782,4144.281389508928,4007.1184120783732,4012.01708984375,70000,0.0,0.0
2020-11-25 00:00:00+09:00,4026.7133501132525,4041.4093842377533,3977.7265696982495,3987.52392578125,60300,0.0,0.0
2020-11-26 00:00:00+09:00,3982.6250077885356,4021.8144297593944,3948.334263564034,3992.42236328125,44800,0.0,0.0
2020-11-27 00:00:00+09:00,4012.0171129261366,4085.4972798295457,4002.2197573390154,4041.4091796875,69500,0.0,0.0
2020-11-30 00:00:00+09:00,4012.0170225680913,4051.206444033958,3923.8408242698915,3928.739501953125,71200,0.0,0.0
2020-12-01 00:00:00+09:00,3972.8278405761716,4007.118586425781,3874.8542810058593,3918.9423828125,63900,0.0,0.0
2020-12-02 00:00:00+09:00,3953.2331138112436,3953.2331138112436,3879.7529444095476,3899.34765625,86200,0.0,0.0
2020-12-03 00:00:00+09:00,3884.651588992515,3904.2463006646085,3840.563487730305,3855.259521484375,60600,0.0,0.0
2020-12-04 00:00:00+09:00,3855.259498977173,3894.44892209257,3806.2727200829263,3825.867431640625,52500,0.0,0.0
2020-12-07 00:00:00+09:00,3865.056877320422,3865.056877320422,3825.8674539762346,3855.259521484375,42000,0.0,0.0
2020-12-08 00:00:00+09:00,3850.3608286188937,3879.752896012931,3816.07008332585,3835.664794921875,36400,0.0,0.0
2020-12-09 00:00:00+09:00,3835.664794921875,3855.2595065179003,3816.07008332585,3835.664794921875,34300,0.0,0.0
2020-12-10 00:00:00+09:00,3835.664798658721,3850.3608323700573,3806.272731236049,3840.5634765625,30000,0.0,0.0
2020-12-11 00:00:00+09:00,3845.4622059298636,3909.14501953125,3840.5635279605262,3909.14501953125,34600,0.0,0.0
2020-12-14 00:00:00+09:00,3909.1450522043447,3977.7265443482806,3909.1450522043447,3953.233154296875,39000,0.0,0.0
2020-12-15 00:00:00+09:00,3923.840812367999,3938.536845373123,3889.5500686893774,3914.04345703125,26400,0.0,0.0
2020-12-16 00:00:00+09:00,3923.8410009267377,3923.8410009267377,3840.5634765625,3840.5634765625,35900,0.0,0.0
2020-12-17 00:00:00+09:00,3840.563450168919,3840.563450168919,3791.5766714677848,3806.272705078125,40500,0.0,0.0
2020-12-18 00:00:00+09:00,3820.968787084652,3889.550278134889,3811.171431220332,3869.95556640625,64700,0.0,0.0
2020-12-21 00:00:00+09:00,3894.44892590613,3928.739671165681,3816.0700795985854,3830.76611328125,31200,0.0,0.0
2020-12-22 00:00:00+09:00,3811.171146652359,3845.4618896170973,3776.8804036876204,3816.06982421875,38200,0.0,0.0
2020-12-23 00:00:00+09:00,3855.2594411665714,3860.1581189825392,3742.5898513993143,3752.38720703125,86600,0.0,0.0
2020-12-24 00:00:00+09:00,3791.5766334185546,3825.8673781652337,3752.387210850921,3757.285888671875,32400,0.0,0.0
2020-12-25 00:00:00+09:00,3776.880615234375,3786.677970915917,3757.2859038712913,3776.880615234375,17300,0.0,0.0
2020-12-28 00:00:00+09:00,3816.070060818352,3820.9687386884652,3767.0832821172175,3806.272705078125,30900,0.0,0.0
2020-12-29 00:00:00+09:00,3816.0699152387583,3928.739501953125,3816.0699152387583,3928.739501953125,42400,0.0,0.0
2020-12-30 00:00:00+09:00,3918.94232683121,3918.94232683121,3845.462158203125,3845.462158203125,33700,0.0,0.0
2021-01-04 00:00:00+09:00,3855.2594951923074,3855.2594951923074,3776.8806490384613,3820.96875,24400,0.0,0.0
2021-01-05 00:00:00+09:00,3811.171363949158,3811.171363949158,3767.083263337921,3781.779296875,26400,0.0,0.0
2021-01-06 00:00:00+09:00,3771.981956245973,3820.968734898518,3747.4885669197006,3801.3740234375,15500,0.0,0.0
2021-01-07 00:00:00+09:00,3845.4621165667395,3845.4621165667395,3786.677982300751,3791.57666015625,43600,0.0,0.0
2021-01-08 00:00:00+09:00,3796.4753937811906,3865.056884765625,3771.982004143893,3865.056884765625,33500,0.0,0.0
2021-01-12 00:00:00+09:00,3869.955606639162,3933.6384204193,3865.0569286560744,3923.841064453125,28100,0.0,0.0
2021-01-13 00:00:00+09:00,3894.448738433187,3914.043449066813,3855.2593171659346,3904.24609375,28100,0.0,0.0
2021-01-14 00:00:00+09:00,3865.0569178072133,3918.9423754699246,3860.158239837876,3909.14501953125,31300,0.0,0.0
2021-01-15 00:00:00+09:00,3923.841046050565,3928.7397240106784,3894.448978289887,3899.34765625,30000,0.0,0.0
2021-01-18 00:00:00+09:00,3884.6515964754635,3904.246308185302,3820.968783418489,3865.056884765625,12300,0.0,0.0
2021-01-19 00:00:00+09:00,3869.955513551063,3869.955513551063,3801.3740234375,3801.3740234375,25100,0.0,0.0
2021-01-20 00:00:00+09:00,3796.4751139531854,3825.8671793515327,3767.083048554838,3816.06982421875,37000,0.0,0.0
2021-01-21 00:00:00+09:00,3820.9687943892045,3904.246319395123,3816.07011644768,3879.7529296875,47300,0.0,0.0
2021-01-22 00:00:00+09:00,3825.867412763773,3860.158157820554,3796.4753455722457,3801.3740234375,28500,0.0,0.0
2021-01-25 00:00:00+09:00,3825.867431640625,3835.664787419474,3801.3740421935017,3825.867431640625,21200,0.0,0.0
2021-01-26 00:00:00+09:00,3825.8674613459484,3874.8542406205443,3825.8674613459484,3865.056884765625,26500,0.0,0.0
2021-01-27 00:00:00+09:00,3874.854291828008,3933.638427734375,3865.0569358436137,3933.638427734375,38900,0.0,0.0
2021-01-28 00:00:00+09:00,3894.4489709195923,3928.7397165754883,3865.056903214539,3889.55029296875,57900,0.0,0.0
2021-01-29 00:00:00+09:00,3889.550259379976,3943.435716373905,3845.462158203125,3845.462158203125,33300,0.0,0.0
2021-02-01 00:00:00+09:00,3845.46219141117,3923.841038624646,3840.5635134603276,3889.55029296875,47500,0.0,0.0
2021-02-02 00:00:00+09:00,3894.448956067049,3928.739701592168,3850.360854677611,3869.95556640625,37100,0.0,0.0
2021-02-03 00:00:00+09:00,3850.360858362634,3874.854248046875,3825.867468678394,3874.854248046875,21900,0.0,0.0
2021-02-04 00:00:00+09:00,3850.3608509832466,3884.6515964754635,3835.6648172008677,3865.056884765625,19200,0.0,0.0
2021-02-05 00:00:00+09:00,3884.6516939051007,4021.814679314108,3845.4622695025273,3997.3212890625,101300,0.0,0.0
2021-02-08 00:00:00+09:00,4026.7132501099063,4188.369621464683,3987.5238267511722,4178.572265625,104800,0.0,0.0
2021-02-09 00:00:00+09:00,4149.180145518288,4173.6735348070615,4090.3960112252307,4109.99072265625,44000,0.0,0.0
2021-02-10 00:00:00+09:00,4109.990984152843,4163.876444016588,4080.598915136256,4134.484375,36200,0.0,0.0
2021-02-12 00:00:00+09:00,4139.383080710827,4207.964575539172,4134.484402508802,4173.673828125,32500,0.0,0.0
2021-02-15 00:00:00+09:00,4188.36910603601,4188.36910603601,4134.4836555489965,4149.1796875,32700,0.0,0.0
2021-02-16 00:00:00+09:00,4183.470936077041,4183.470936077041,4139.382834877167,4168.77490234375,28300,0.0,0.0
2021-02-17 00:00:00+09:00,4168.77510811942,4168.77510811942,4114.8896484375,4114.8896484375,17900,0.0,0.0
2021-02-18 00:00:00+09:00,4119.788340491707,4173.67380035545,4119.788340491707,4134.484375,35400,0.0,0.0
2021-02-19 00:00:00+09:00,4119.787804823655,4149.179870018593,4075.69970703125,4075.69970703125,32500,0.0,0.0
2021-02-22 00:00:00+09:00,4095.2948971369874,4114.88960956348,4036.510759857509,4061.004150390625,21300,0.0,0.0
2021-02-24 00:00:00+09:00,4031.6120354147515,4070.801459817325,3987.523932961856,3997.3212890625,50200,0.0,0.0
2021-02-25 00:00:00+09:00,4041.4093842377533,4041.4093842377533,3977.7265696982495,3987.52392578125,33600,0.0,0.0
2021-02-26 00:00:00+09:00,3977.7264885179925,3987.5238444010415,3879.7529296875,3879.7529296875,63800,0.0,0.0
2021-03-01 00:00:00+09:00,3918.942386470037,3943.435776385475,3894.4489965545995,3923.841064453125,49300,0.0,0.0
2021-03-02 00:00:00+09:00,3923.8410717499805,3948.3344617109665,3884.6516478124026,3933.638427734375,65800,0.0,0.0
2021-03-03 00:00:00+09:00,3948.334263564034,3992.42236328125,3918.94219708589,3992.42236328125,46000,0.0,0.0
2021-03-04 00:00:00+09:00,3953.233179490748,3997.3212818642505,3948.3345014492475,3987.52392578125,31800,0.0,0.0
2021-03-05 00:00:00+09:00,4007.1184465343827,4056.105224609375,3977.726379689387,4056.105224609375,48000,0.0,0.0
2021-03-08 00:00:00+09:00,4065.90283203125,4090.396222585655,4031.6120852550825,4065.90283203125,42900,0.0,0.0
2021-03-09 00:00:00+09:00,4134.4841935249715,4217.76171875,4105.09212579849,4217.76171875,73500,0.0,0.0
2021-03-10 00:00:00+09:00,4203.0654534233945,4266.748263323749,4183.470742684824,4232.45751953125,51300,0.0,0.0
2021-03-11 00:00:00+09:00,4222.659999203709,4325.5322265625,4212.862644217157,4325.5322265625,59300,0.0,0.0
2021-03-12 00:00:00+09:00,4281.444569146455,4305.93795913013,4247.153823169309,4266.74853515625,79500,0.0,0.0
2021-03-15 00:00:00+09:00,4315.735179578993,4413.708736436632,4315.735179578993,4408.81005859375,57600,0.0,0.0
2021-03-16 00:00:00+09:00,4438.202229466931,4550.871822488719,4423.506195594525,4545.97314453125,79800,0.0,0.0
2021-03-17 00:00:00+09:00,4516.580876847045,4609.655753918731,4516.580876847045,4599.8583984375,46200,0.0,0.0
2021-03-18 00:00:00+09:00,4609.656215909473,4624.352250604189,4516.5813295096,4560.66943359375,57700,0.0,0.0
2021-03-19 00:00:00+09:00,4570.466051852319,4570.466051852319,4521.479277448757,4555.77001953125,84600,0.0,0.0
2021-03-22 00:00:00+09:00,4526.378232328275,4629.25046488119,4501.8848436252,4599.8583984375,56600,0.0,0.0
2021-03-23 00:00:00+09:00,4604.756980020492,4604.756980020492,4482.2900390625,4482.2900390625,30700,0.0,0.0
2021-03-24 00:00:00+09:00,4428.4046678346685,4447.999378754291,4271.646980477689,4281.4443359375,51300,0.0,0.0
2021-03-25 00:00:00+09:00,4350.025597269625,4350.025597269625,4247.153370307167,4305.9375,47100,0.0,0.0
2021-03-26 00:00:00+09:00,4350.025909423828,4403.911365509033,4305.9378089904785,4389.21533203125,36600,0.0,0.0
2021-03-29 00:00:00+09:00,4472.492916174102,4472.492916174102,4399.0127477813185,4467.59423828125,73200,0.0,0.0
2021-03-30 00:00:00+09:00,4447.8259779002565,4447.8259779002565,4304.507140834582,4329.21728515625,45000,40.0,0.0
2021-03-31 00:00:00+09:00,4260.0288575356935,4299.565088232081,4235.318713350452,4240.2607421875,45600,0.0,0.0
2021-04-01 00:00:00+09:00,4240.260876650014,4269.913050612602,4210.608702687427,4235.31884765625,26800,0.0,0.0
2021-04-02 00:00:00+09:00,4289.681439601608,4289.681439601608,4220.493029285453,4225.43505859375,14400,0.0,0.0
2021-04-05 00:00:00+09:00,4240.260961346294,4269.913135901163,4225.434874068859,4250.14501953125,30700,0.0,0.0
2021-04-06 00:00:00+09:00,4250.145275297619,4274.855422247024,4136.478599330358,4151.3046875,45400,0.0,0.0
2021-04-07 00:00:00+09:00,4156.246481959474,4220.492860396422,4146.362423738406,4195.78271484375,30500,0.0,0.0
2021-04-08 00:00:00+09:00,4161.188431044757,4161.188431044757,4082.115966796875,4082.115966796875,43100,0.0,0.0
2021-04-09 00:00:00+09:00,4121.652478569553,4156.246684025173,4101.8843611663415,4116.71044921875,29800,0.0,0.0
2021-04-12 00:00:00+09:00,4156.246376811594,4156.246376811594,4087.0579710144925,4092.0,49300,0.0,0.0
2021-04-13 00:00:00+09:00,4121.652309505365,4151.304484393893,4077.174047172574,4087.05810546875,28900,0.0,0.0
2021-04-14 00:00:00+09:00,4072.2320595631145,4072.2320595631145,4003.043650784129,4022.811767578125,26400,0.0,0.0
2021-04-15 00:00:00+09:00,4022.81168298686,4032.6957411760172,4007.985595703125,4007.985595703125,15200,0.0,0.0
2021-04-16 00:00:00+09:00,4012.9276498763907,4042.5798246291715,3998.1015625,3998.1015625,15300,0.0,0.0
2021-04-19 00:00:00+09:00,4012.927759693287,4027.753847475405,3998.101671911169,4003.043701171875,23500,0.0,0.0
2021-04-20 00:00:00+09:00,4003.043667423918,4007.9856966429597,3953.6233752334992,3968.449462890625,44100,0.0,0.0
2021-04-21 00:00:00+09:00,3933.855224609375,3973.3914580225346,3909.1450787261506,3933.855224609375,45800,0.0,0.0
2021-04-22 00:00:00+09:00,3968.4493629464973,4017.869653892282,3968.4493629464973,4007.985595703125,45400,0.0,0.0
2021-04-23 00:00:00+09:00,3958.5652601709908,3988.217434404481,3928.9130859375,3928.9130859375,20500,0.0,0.0
2021-04-26 00:00:00+09:00,3963.507304288903,3963.507304288903,3874.55078125,3874.55078125,25100,0.0,0.0
2021-04-27 00:00:00+09:00,3889.376969484939,3894.3189986710695,3835.0146484375,3835.0146484375,32100,0.0,0.0
2021-04-28 00:00:00+09:00,3835.0145538489855,3844.898611977462,3775.710205078125,3775.710205078125,39200,0.0,0.0
2021-04-30 00:00:00+09:00,3785.5944237126314,3825.1306579028414,3760.88427734375,3760.88427734375,37300,0.0,0.0
2021-05-06 00:00:00+09:00,3805.3624142499593,3889.3769091100235,3805.3624142499593,3810.304443359375,36800,0.0,0.0
2021-05-07 00:00:00+09:00,3830.0725597970372,3854.7827053441147,3810.304443359375,3810.304443359375,19300,0.0,0.0
2021-05-10 00:00:00+09:00,3795.478267766497,3894.31884765625,3795.478267766497,3894.31884765625,25000,0.0,0.0
2021-05-11 00:00:00+09:00,3854.782594358766,3894.318826095779,3795.478246753247,3805.3623046875,41900,0.0,0.0
2021-05-12 00:00:00+09:00,3765.8262474423364,3790.536393422929,3726.2900138733876,3736.174072265625,43200,0.0,0.0
2021-05-13 00:00:00+09:00,3736.1741146534323,3775.710348670929,3671.927734375,3671.927734375,49000,0.0,0.0
2021-05-14 00:00:00+09:00,3726.2899545397804,3800.420391301182,3681.8116924829396,3711.4638671875,58700,0.0,0.0
2021-05-17 00:00:00+09:00,3662.04345703125,3706.5217176429655,3637.3333122469635,3662.04345703125,53600,0.0,0.0
2021-05-18 00:00:00+09:00,3691.6956663080714,3706.5217533213568,3647.2174052682153,3696.6376953125,31300,0.0,0.0
2021-05-19 00:00:00+09:00,3657.1016214869965,3706.521913669253,3647.2175630505453,3681.811767578125,32200,0.0,0.0
2021-05-20 00:00:00+09:00,3676.8697132279117,3701.579859150142,3671.9276840434654,3691.69580078125,20800,0.0,0.0
2021-05-21 00:00:00+09:00,3706.5217782600957,3706.5217782600957,3666.9855459586547,3686.753662109375,22000,0.0,0.0
2021-05-24 00:00:00+09:00,3686.75371212201,3701.5797994361733,3666.985595703125,3666.985595703125,23700,0.0,0.0
2021-05-25 00:00:00+09:00,3657.1014280743925,3681.811572858679,3642.2753412038205,3662.04345703125,35800,0.0,0.0
2021-05-26 00:00:00+09:00,3652.1596090956023,3652.1596090956023,3607.6813459266436,3627.449462890625,40300,0.0,0.0
2021-05-27 00:00:00+09:00,3612.6233069525824,3637.3334526909725,3553.3189571804473,3558.260986328125,62100,0.0,0.0
2021-05-28 00:00:00+09:00,3607.681261889749,3617.5653201415016,3563.2029997568616,3612.623291015625,41300,0.0,0.0
2021-05-31 00:00:00+09:00,3587.91323775604,3617.5654132746845,3513.7827989594275,3528.60888671875,59600,0.0,0.0
2021-06-01 00:00:00+09:00,3543.434849185838,3578.029052734375,3518.7247037940265,3578.029052734375,30300,0.0,0.0
2021-06-02 00:00:00+09:00,3548.3768186609004,3587.913050623696,3518.724644688804,3553.31884765625,29100,0.0,0.0
2021-06-03 00:00:00+09:00,3543.4349326615156,3607.6813121937325,3543.4349326615156,3592.855224609375,24400,0.0,0.0
2021-06-04 00:00:00+09:00,3568.144969761536,3597.7971440254823,3568.144969761536,3587.9130859375,15500,0.0,0.0
2021-06-07 00:00:00+09:00,3617.56534529321,3617.56534529321,3582.9711411715534,3602.7392578125,18300,0.0,0.0
2021-06-08 00:00:00+09:00,3592.855149668528,3642.2754405855644,3592.855149668528,3622.50732421875,27200,0.0,0.0
2021-06-09 00:00:00+09:00,3637.333445945946,3666.985620777027,3617.5653293918917,3657.1015625,19600,0.0,0.0
2021-06-10 00:00:00+09:00,3657.1015716267525,3716.405921436916,3627.449396721671,3701.579833984375,34300,0.0,0.0
2021-06-11 00:00:00+09:00,3711.4637823257854,3711.4637823257854,3662.0434922815007,3696.6376953125,48200,0.0,0.0
2021-06-14 00:00:00+09:00,3711.463757486979,3726.2898444010416,3686.7536126302084,3706.521728515625,26700,0.0,0.0
2021-06-15 00:00:00+09:00,3726.2898693390707,3726.2898693390707,3657.101463277072,3696.6376953125,35100,0.0,0.0
2021-06-16 00:00:00+09:00,3676.8697636271872,3681.8117928793745,3647.2175881140647,3671.927734375,39900,0.0,0.0
2021-06-17 00:00:00+09:00,3686.7536018155365,3721.3478045135375,3657.1014280743925,3662.04345703125,36200,0.0,0.0
2021-06-18 00:00:00+09:00,3696.63782860376,3696.63782860376,3548.376953125,3548.376953125,117300,0.0,0.0
2021-06-21 00:00:00+09:00,3538.4928103146854,3553.3188975087414,3513.782664991259,3533.55078125,60700,0.0,0.0
2021-06-22 00:00:00+09:00,3602.7391095489625,3676.8695439018215,3568.1449068509614,3662.04345703125,52900,0.0,0.0
2021-06-23 00:00:00+09:00,3721.34800132393,3760.8842350697355,3681.811767578125,3681.811767578125,71000,0.0,0.0
2021-06-24 00:00:00+09:00,3642.275425408476,3691.695716119582,3642.275425408476,3676.86962890625,24800,0.0,0.0
2021-06-25 00:00:00+09:00,3676.8695937924017,3681.8116228163162,3622.507274529342,3642.275390625,51900,0.0,0.0
2021-06-28 00:00:00+09:00,3671.9275502903574,3706.5217533213568,3652.159434272644,3696.6376953125,33600,0.0,0.0
2021-06-29 00:00:00+09:00,3647.2174196489145,3671.927564768487,3617.5652455054274,3642.275390625,66300,0.0,0.0
2021-06-30 00:00:00+09:00,3657.1014672583274,3657.1014672583274,3592.8550901308163,3597.797119140625,36000,0.0,0.0
2021-07-01 00:00:00+09:00,3612.6233500605044,3642.275525300399,3602.7392916472063,3637.33349609375,40600,0.0,0.0
2021-07-02 00:00:00+09:00,3637.333487362448,3642.2755165572344,3582.971166219803,3592.855224609375,46300,0.0,0.0
2021-07-05 00:00:00+09:00,3592.8551399694625,3612.623256282912,3568.1449945776503,3578.029052734375,19900,0.0,0.0
2021-07-06 00:00:00+09:00,3617.565210295377,3617.565210295377,3573.0869495130564,3607.68115234375,27800,0.0,0.0
2021-07-07 00:00:00+09:00,3543.4349905545596,3617.5654296875,3523.666873452442,3617.5654296875,68700,0.0,0.0
2021-07-08 00:00:00+09:00,3592.8551994920267,3652.1595494148664,3573.08708285108,3602.7392578125,58600,0.0,0.0
2021-07-09 00:00:00+09:00,3533.550865577124,3558.261011490251,3484.1305737508706,3548.376953125,69400,0.0,0.0
2021-07-12 00:00:00+09:00,3657.1016214869965,3691.695826014576,3617.565387741191,3681.811767578125,46200,0.0,0.0
2021-07-13 00:00:00+09:00,3647.217454479587,3686.7536870484714,3637.3333963373657,3676.86962890625,35500,0.0,0.0
2021-07-14 00:00:00+09:00,3681.811633071695,3731.231923448496,3671.9275749963344,3686.753662109375,32400,0.0,0.0
2021-07-15 00:00:00+09:00,3731.232051020083,3731.232051020083,3637.33349609375,3637.33349609375,45200,0.0,0.0
2021-07-16 00:00:00+09:00,3607.681286972737,3652.1595494148664,3602.7392578125,3602.7392578125,25100,0.0,0.0
2021-07-19 00:00:00+09:00,3558.261020245873,3597.797253804161,3548.3769618563015,3592.855224609375,39100,0.0,0.0
2021-07-20 00:00:00+09:00,3553.3189823076254,3573.087099038127,3523.666807211873,3548.376953125,31100,0.0,0.0
2021-07-21 00:00:00+09:00,3597.797279094828,3612.6233667834053,3563.2030744881467,3582.97119140625,28500,0.0,0.0
2021-07-26 00:00:00+09:00,3622.5074336496295,3642.2755506136114,3592.8552582036573,3627.449462890625,38000,0.0,0.0
2021-07-27 00:00:00+09:00,3637.333521372616,3647.217579854607,3602.739316685648,3627.449462890625,27800,0.0,0.0
2021-07-28 00:00:00+09:00,3612.6232061700507,3652.159438248519,3597.797119140625,3597.797119140625,25400,0.0,0.0
2021-07-29 00:00:00+09:00,3622.5072641896677,3632.3913222092847,3597.797119140625,3597.797119140625,24900,0.0,0.0
2021-07-30 00:00:00+09:00,3597.7971337822523,3612.6232208720144,3538.492785423204,3543.434814453125,55400,0.0,0.0
2021-08-02 00:00:00+09:00,3543.4349744780725,3568.14512074361,3518.7248282125347,3528.60888671875,64300,0.0,0.0
2021-08-03 00:00:00+09:00,3543.4349058314733,3543.4349058314733,3454.478380998884,3459.42041015625,42800,0.0,0.0
2021-08-04 00:00:00+09:00,3459.420350438399,3494.014553942783,3434.710205078125,3434.710205078125,45500,0.0,0.0
2021-08-05 00:00:00+09:00,3434.710155481603,3479.1884164878397,3429.7681264809103,3454.478271484375,30700,0.0,0.0
2021-08-06 00:00:00+09:00,3454.478271484375,3498.9565324906116,3439.652184482296,3454.478271484375,25200,0.0,0.0
2021-08-10 00:00:00+09:00,3454.4783064110084,3523.6667131202416,3454.4783064110084,3489.072509765625,46100,0.0,0.0
2021-08-11 00:00:00+09:00,3533.550756393284,3568.1449596027282,3523.666698333442,3543.434814453125,35400,0.0,0.0
2021-08-12 00:00:00+09:00,3563.2031090249375,3563.2031090249375,3469.304552753823,3474.24658203125,28300,0.0,0.0
2021-08-13 00:00:00+09:00,3469.304452630538,3528.608802248154,3469.304452630538,3513.78271484375,21300,0.0,0.0
2021-08-16 00:00:00+09:00,3498.9566688865507,3498.9566688865507,3419.884201793069,3449.536376953125,40100,0.0,0.0
2021-08-17 00:00:00+09:00,3469.3043935629867,3523.6667131202416,3459.420335461668,3489.072509765625,38600,0.0,0.0
2021-08-18 00:00:00+09:00,3518.7248282125347,3548.3770037311797,3508.84076970632,3528.60888671875,22100,0.0,0.0
2021-08-19 00:00:00+09:00,3479.188535789845,3518.7247691510934,3479.188535789845,3503.898681640625,36900,0.0,0.0
2021-08-20 00:00:00+09:00,3528.6088274914055,3548.376944172029,3484.130564960001,3503.898681640625,40400,0.0,0.0
2021-08-23 00:00:00+09:00,3523.666815882372,3607.6813121937325,3518.724786687586,3592.855224609375,70400,0.0,0.0
2021-08-24 00:00:00+09:00,3553.3188826295627,3587.9130859375,3538.4927954975897,3587.9130859375,54700,0.0,0.0
2021-08-25 00:00:00+09:00,3578.028967742285,3587.913025664225,3538.492736054525,3563.202880859375,41000,0.0,0.0
2021-08-26 00:00:00+09:00,3568.1451464020806,3568.1451464020806,3518.724853515625,3518.724853515625,34000,0.0,0.0
2021-08-27 00:00:00+09:00,3513.782664991259,3553.3188975087414,3508.8406359265737,3533.55078125,39600,0.0,0.0
2021-08-30 00:00:00+09:00,3548.376953125,3568.1450698555013,3523.666807211873,3548.376953125,20100,0.0,0.0
2021-08-31 00:00:00+09:00,3558.260946026603,3652.159498768972,3548.3768878431956,3622.50732421875,56800,0.0,0.0
2021-09-01 00:00:00+09:00,3617.565404408634,3627.449462890625,3592.8552582036573,3627.449462890625,27800,0.0,0.0
2021-09-02 00:00:00+09:00,3592.8551650958707,3592.8551650958707,3543.4348739666293,3568.14501953125,42000,0.0,0.0
2021-09-03 00:00:00+09:00,3558.2608870621566,3642.2753802289017,3543.434800032731,3597.797119140625,59000,0.0,0.0
2021-09-06 00:00:00+09:00,3597.797203637996,3627.4493783932544,3568.1450288827377,3612.623291015625,60900,0.0,0.0
2021-09-07 00:00:00+09:00,3657.101663891735,3657.101663891735,3602.7393418609117,3617.5654296875,65300,0.0,0.0
2021-09-08 00:00:00+09:00,3637.33333685724,3657.10145281842,3622.507249886354,3652.159423828125,38400,0.0,0.0
2021-09-09 00:00:00+09:00,3627.4494289728764,3642.2755165572344,3573.087107830231,3592.855224609375,49100,0.0,0.0
2021-09-10 00:00:00+09:00,3543.434849185838,3578.029052734375,3508.8406456373013,3578.029052734375,114800,0.0,0.0
2021-09-13 00:00:00+09:00,3553.3189321924774,3573.087048644174,3518.724728402008,3568.14501953125,63400,0.0,0.0
2021-09-14 00:00:00+09:00,3543.434800032731,3612.6232061700507,3543.434800032731,3597.797119140625,75100,0.0,0.0
2021-09-15 00:00:00+09:00,3543.434864445455,3568.14500994368,3518.72471894723,3523.666748046875,75000,0.0,0.0
2021-09-16 00:00:00+09:00,3518.724811422414,3592.8552498653016,3513.782782192888,3582.97119140625,104900,0.0,0.0
2021-09-17 00:00:00+09:00,3622.507425242457,3627.449454471983,3563.2030744881467,3582.97119140625,572900,0.0,0.0
2021-09-21 00:00:00+09:00,3548.3768080160653,3573.086952918684,3508.840576171875,3508.840576171875,114900,0.0,0.0
2021-09-22 00:00:00+09:00,3479.1885175470334,3479.1885175470334,3414.942138671875,3414.942138671875,104300,0.0,0.0
2021-09-24 00:00:00+09:00,3484.130490603147,3548.376868444056,3454.478316215035,3533.55078125,99300,0.0,0.0
2021-09-27 00:00:00+09:00,3533.550786519222,3533.550786519222,3434.710205078125,3434.710205078125,68600,0.0,0.0
2021-09-28 00:00:00+09:00,3439.6521739130435,3459.4202898550725,3385.2898550724635,3410.0,111100,0.0,0.0
2021-09-29 00:00:00+09:00,3375.0,3400.0,3345.0,3400.0,108000,40.0,0.0
2021-09-30 00:00:00+09:00,3410.0,3460.0,3395.0,3420.0,52300,0.0,0.0
2021-10-01 00:00:00+09:00,3420.0,3420.0,3350.0,3380.0,69600,0.0,0.0
2021-10-04 00:00:00+09:00,3405.0,3405.0,3350.0,3365.0,54000,0.0,0.0
2021-10-05 00:00:00+09:00,3345.0,3360.0,3295.0,3310.0,76200,0.0,0.0
2021-10-06 00:00:00+09:00,3310.0,3360.0,3280.0,3290.0,88400,0.0,0.0
2021-10-07 00:00:00+09:00,3310.0,3310.0,3250.0,3250.0,55700,0.0,0.0
2021-10-08 00:00:00+09:00,3250.0,3330.0,3230.0,3305.0,58900,0.0,0.0
2021-10-11 00:00:00+09:00,3295.0,3325.0,3280.0,3325.0,39700,0.0,0.0
2021-10-12 00:00:00+09:00,3310.0,3310.0,3240.0,3240.0,45000,0.0,0.0
2021-10-13 00:00:00+09:00,3255.0,3270.0,3225.0,3250.0,33500,0.0,0.0
2021-10-14 00:00:00+09:00,3220.0,3260.0,3210.0,3255.0,40600,0.0,0.0
2021-10-15 00:00:00+09:00,3260.0,3305.0,3255.0,3305.0,39800,0.0,0.0
2021-10-18 00:00:00+09:00,3295.0,3295.0,3240.0,3250.0,41400,0.0,0.0
2021-10-19 00:00:00+09:00,3230.0,3265.0,3230.0,3255.0,36200,0.0,0.0
2021-10-20 00:00:00+09:00,3295.0,3300.0,3260.0,3285.0,41600,0.0,0.0
2021-10-21 00:00:00+09:00,3275.0,3315.0,3255.0,3275.0,39600,0.0,0.0
2021-10-22 00:00:00+09:00,3245.0,3300.0,3245.0,3270.0,42400,0.0,0.0
2021-10-25 00:00:00+09:00,3225.0,3245.0,3195.0,3210.0,66800,0.0,0.0
2021-10-26 00:00:00+09:00,3245.0,3265.0,3225.0,3260.0,71800,0.0,0.0
2021-10-27 00:00:00+09:00,3290.0,3310.0,3255.0,3280.0,77400,0.0,0.0
2021-10-28 00:00:00+09:00,3290.0,3295.0,3230.0,3285.0,273800,0.0,0.0
2021-10-29 00:00:00+09:00,3285.0,3330.0,3265.0,3310.0,59600,0.0,0.0
2021-11-01 00:00:00+09:00,3320.0,3375.0,3315.0,3365.0,41500,0.0,0.0
2021-11-02 00:00:00+09:00,3355.0,3380.0,3345.0,3355.0,40800,0.0,0.0
2021-11-04 00:00:00+09:00,3390.0,3395.0,3335.0,3345.0,60800,0.0,0.0
2021-11-05 00:00:00+09:00,3285.0,3455.0,3235.0,3425.0,146600,0.0,0.0
2021-11-08 00:00:00+09:00,3435.0,3505.0,3300.0,3310.0,128000,0.0,0.0
2021-11-09 00:00:00+09:00,3325.0,3415.0,3325.0,3375.0,67700,0.0,0.0
2021-11-10 00:00:00+09:00,3395.0,3400.0,3360.0,3375.0,25500,0.0,0.0
2021-11-11 00:00:00+09:00,3375.0,3385.0,3330.0,3335.0,21700,0.0,0.0
2021-11-12 00:00:00+09:00,3340.0,3400.0,3340.0,3395.0,56500,0.0,0.0
2021-11-15 00:00:00+09:00,3410.0,3465.0,3400.0,3465.0,62000,0.0,0.0
2021-11-16 00:00:00+09:00,3460.0,3480.0,3415.0,3430.0,35900,0.0,0.0
2021-11-17 00:00:00+09:00,3420.0,3420.0,3375.0,3395.0,28900,0.0,0.0
2021-11-18 00:00:00+09:00,3365.0,3370.0,3320.0,3355.0,37300,0.0,0.0
2021-11-19 00:00:00+09:00,3365.0,3385.0,3350.0,3375.0,42100,0.0,0.0
2021-11-22 00:00:00+09:00,3345.0,3370.0,3330.0,3355.0,30300,0.0,0.0
2021-11-24 00:00:00+09:00,3345.0,3375.0,3345.0,3350.0,44000,0.0,0.0
2021-11-25 00:00:00+09:00,3355.0,3380.0,3345.0,3370.0,26100,0.0,0.0
2021-11-26 00:00:00+09:00,3380.0,3380.0,3280.0,3300.0,44200,0.0,0.0
2021-11-29 00:00:00+09:00,3240.0,3240.0,3190.0,3200.0,77700,0.0,0.0
2021-11-30 00:00:00+09:00,3200.0,3275.0,3180.0,3180.0,125900,0.0,0.0
2021-12-01 00:00:00+09:00,3165.0,3225.0,3155.0,3205.0,37700,0.0,0.0
2021-12-02 00:00:00+09:00,3180.0,3265.0,3175.0,3220.0,46300,0.0,0.0
2021-12-03 00:00:00+09:00,3230.0,3320.0,3230.0,3320.0,36500,0.0,0.0
2021-12-06 00:00:00+09:00,3355.0,3400.0,3330.0,3335.0,97200,0.0,0.0
2021-12-07 00:00:00+09:00,3370.0,3445.0,3345.0,3445.0,48700,0.0,0.0
2021-12-08 00:00:00+09:00,3410.0,3455.0,3410.0,3445.0,47900,0.0,0.0
2021-12-09 00:00:00+09:00,3420.0,3455.0,3405.0,3440.0,35600,0.0,0.0
2021-12-10 00:00:00+09:00,3475.0,3475.0,3410.0,3430.0,39800,0.0,0.0
2021-12-13 00:00:00+09:00,3440.0,3465.0,3440.0,3450.0,28500,0.0,0.0
2021-12-14 00:00:00+09:00,3450.0,3490.0,3450.0,3460.0,37800,0.0,0.0
2021-12-15 00:00:00+09:00,3435.0,3490.0,3435.0,3465.0,30100,0.0,0.0
2021-12-16 00:00:00+09:00,3495.0,3545.0,3480.0,3535.0,46500,0.0,0.0
2021-12-17 00:00:00+09:00,3465.0,3520.0,3400.0,3425.0,60800,0.0,0.0
2021-12-20 00:00:00+09:00,3380.0,3425.0,3380.0,3385.0,33800,0.0,0.0
2021-12-21 00:00:00+09:00,3455.0,3475.0,3430.0,3450.0,47700,0.0,0.0
2021-12-22 00:00:00+09:00,3490.0,3495.0,3445.0,3455.0,36600,0.0,0.0
2021-12-23 00:00:00+09:00,3460.0,3460.0,3410.0,3410.0,37000,0.0,0.0
2021-12-24 00:00:00+09:00,3395.0,3415.0,3390.0,3400.0,17000,0.0,0.0
2021-12-27 00:00:00+09:00,3395.0,3420.0,3370.0,3410.0,32900,0.0,0.0
2021-12-28 00:00:00+09:00,3425.0,3490.0,3425.0,3485.0,42700,0.0,0.0
2021-12-29 00:00:00+09:00,3455.0,3505.0,3450.0,3495.0,23200,0.0,0.0
2021-12-30 00:00:00+09:00,3475.0,3490.0,3460.0,3480.0,16900,0.0,0.0
2022-01-04 00:00:00+09:00,3485.0,3545.0,3475.0,3520.0,53600,0.0,0.0
2022-01-05 00:00:00+09:00,3525.0,3540.0,3475.0,3480.0,37300,0.0,0.0
2022-01-06 00:00:00+09:00,3420.0,3485.0,3415.0,3415.0,37000,0.0,0.0
2022-01-07 00:00:00+09:00,3420.0,3460.0,3395.0,3405.0,40400,0.0,0.0
2022-01-11 00:00:00+09:00,3440.0,3470.0,3410.0,3465.0,32300,0.0,0.0
2022-01-12 00:00:00+09:00,3500.0,3540.0,3495.0,3520.0,35500,0.0,0.0
2022-01-13 00:00:00+09:00,3510.0,3525.0,3495.0,3495.0,24600,0.0,0.0
2022-01-14 00:00:00+09:00,3500.0,3535.0,3485.0,3525.0,42200,0.0,0.0
2022-01-17 00:00:00+09:00,3530.0,3580.0,3530.0,3570.0,33200,0.0,0.0
2022-01-18 00:00:00+09:00,3580.0,3580.0,3485.0,3485.0,45900,0.0,0.0
2022-01-19 00:00:00+09:00,3435.0,3455.0,3355.0,3370.0,55300,0.0,0.0
2022-01-20 00:00:00+09:00,3360.0,3485.0,3360.0,3445.0,33800,0.0,0.0
2022-01-21 00:00:00+09:00,3450.0,3510.0,3440.0,3490.0,32400,0.0,0.0
2022-01-24 00:00:00+09:00,3445.0,3550.0,3445.0,3550.0,36500,0.0,0.0
2022-01-25 00:00:00+09:00,3510.0,3510.0,3465.0,3510.0,30800,0.0,0.0
2022-01-26 00:00:00+09:00,3550.0,3550.0,3510.0,3510.0,26000,0.0,0.0
2022-01-27 00:00:00+09:00,3505.0,3505.0,3385.0,3400.0,60100,0.0,0.0
2022-01-28 00:00:00+09:00,3435.0,3525.0,3435.0,3485.0,32600,0.0,0.0
2022-01-31 00:00:00+09:00,3485.0,3580.0,3475.0,3560.0,63200,0.0,0.0
2022-02-01 00:00:00+09:00,3560.0,3680.0,3560.0,3650.0,81100,0.0,0.0
2022-02-02 00:00:00+09:00,3650.0,3690.0,3630.0,3655.0,60800,0.0,0.0
2022-02-03 00:00:00+09:00,3650.0,3715.0,3650.0,3680.0,40600,0.0,0.0
2022-02-04 00:00:00+09:00,3650.0,3685.0,3630.0,3640.0,51600,0.0,0.0
2022-02-07 00:00:00+09:00,3630.0,3725.0,3630.0,3720.0,47700,0.0,0.0
2022-02-08 00:00:00+09:00,3695.0,3780.0,3695.0,3760.0,48400,0.0,0.0
2022-02-09 00:00:00+09:00,3770.0,3810.0,3760.0,3790.0,54700,0.0,0.0
2022-02-10 00:00:00+09:00,3780.0,3790.0,3750.0,3790.0,37400,0.0,0.0
2022-02-14 00:00:00+09:00,3730.0,3805.0,3710.0,3785.0,45700,0.0,0.0
2022-02-15 00:00:00+09:00,3820.0,3875.0,3815.0,3835.0,71100,0.0,0.0
2022-02-16 00:00:00+09:00,3840.0,3875.0,3830.0,3865.0,35700,0.0,0.0
2022-02-17 00:00:00+09:00,3860.0,3880.0,3835.0,3835.0,34300,0.0,0.0
2022-02-18 00:00:00+09:00,3805.0,3885.0,3800.0,3870.0,31800,0.0,0.0
2022-02-21 00:00:00+09:00,3855.0,3890.0,3835.0,3885.0,32800,0.0,0.0
2022-02-22 00:00:00+09:00,3840.0,3855.0,3785.0,3805.0,40600,0.0,0.0
2022-02-24 00:00:00+09:00,3805.0,3820.0,3775.0,3810.0,74300,0.0,0.0
2022-02-25 00:00:00+09:00,3800.0,3825.0,3725.0,3735.0,45700,0.0,0.0
2022-02-28 00:00:00+09:00,3755.0,3850.0,3755.0,3840.0,62500,0.0,0.0
2022-03-01 00:00:00+09:00,3840.0,3895.0,3820.0,3840.0,46700,0.0,0.0
2022-03-02 00:00:00+09:00,3790.0,3825.0,3755.0,3755.0,35600,0.0,0.0
2022-03-03 00:00:00+09:00,3755.0,3850.0,3755.0,3800.0,41000,0.0,0.0
2022-03-04 00:00:00+09:00,3800.0,3835.0,3745.0,3745.0,42000,0.0,0.0
2022-03-07 00:00:00+09:00,3745.0,3780.0,3710.0,3730.0,41500,0.0,0.0
2022-03-08 00:00:00+09:00,3800.0,3835.0,3755.0,3770.0,71400,0.0,0.0
2022-03-09 00:00:00+09:00,3755.0,3775.0,3720.0,3730.0,52800,0.0,0.0
2022-03-10 00:00:00+09:00,3765.0,3890.0,3765.0,3885.0,51100,0.0,0.0
2022-03-11 00:00:00+09:00,3850.0,3895.0,3835.0,3860.0,57900,0.0,0.0
2022-03-14 00:00:00+09:00,3890.0,3900.0,3860.0,3860.0,36500,0.0,0.0
2022-03-15 00:00:00+09:00,3870.0,3945.0,3855.0,3925.0,50400,0.0,0.0
2022-03-16 00:00:00+09:00,3925.0,3975.0,3920.0,3930.0,50500,0.0,0.0
2022-03-17 00:00:00+09:00,3945.0,3985.0,3935.0,3955.0,49900,0.0,0.0
2022-03-18 00:00:00+09:00,3955.0,3975.0,3905.0,3930.0,76800,0.0,0.0
2022-03-22 00:00:00+09:00,3980.0,3980.0,3880.0,3890.0,44700,0.0,0.0
2022-03-23 00:00:00+09:00,3895.0,3990.0,3895.0,3975.0,42000,0.0,0.0
2022-03-24 00:00:00+09:00,3955.0,3965.0,3905.0,3965.0,28200,0.0,0.0
2022-03-25 00:00:00+09:00,3920.0,3985.0,3920.0,3935.0,29600,0.0,0.0
2022-03-28 00:00:00+09:00,3975.0,3990.0,3930.0,3945.0,39400,0.0,0.0
2022-03-29 00:00:00+09:00,3995.0,4000.0,3925.0,3990.0,52800,0.0,0.0
2022-03-30 00:00:00+09:00,3995.0,3995.0,3835.0,3870.0,55700,0.0,0.0
2022-03-31 00:00:00+09:00,3835.0,3850.0,3725.0,3735.0,56200,0.0,0.0
2022-04-01 00:00:00+09:00,3710.0,3755.0,3690.0,3725.0,38200,0.0,0.0
2022-04-04 00:00:00+09:00,3730.0,3785.0,3730.0,3770.0,25900,0.0,0.0
2022-04-05 00:00:00+09:00,3780.0,3800.0,3745.0,3775.0,34900,0.0,0.0
2022-04-06 00:00:00+09:00,3770.0,3810.0,3720.0,3720.0,31200,0.0,0.0
2022-04-07 00:00:00+09:00,3690.0,3705.0,3630.0,3705.0,33600,0.0,0.0
2022-04-08 00:00:00+09:00,3720.0,3720.0,3640.0,3685.0,55500,0.0,0.0
2022-04-11 00:00:00+09:00,3685.0,3775.0,3685.0,3775.0,35300,0.0,0.0
2022-04-12 00:00:00+09:00,3725.0,3725.0,3625.0,3640.0,50800,0.0,0.0
2022-04-13 00:00:00+09:00,3640.0,3730.0,3630.0,3720.0,45900,0.0,0.0
2022-04-14 00:00:00+09:00,3700.0,3745.0,3685.0,3715.0,21400,0.0,0.0
2022-04-15 00:00:00+09:00,3720.0,3760.0,3720.0,3745.0,48000,0.0,0.0
2022-04-18 00:00:00+09:00,3685.0,3700.0,3585.0,3635.0,29100,0.0,0.0
2022-04-19 00:00:00+09:00,3660.0,3660.0,3605.0,3625.0,17400,0.0,0.0
2022-04-20 00:00:00+09:00,3620.0,3670.0,3610.0,3650.0,22000,0.0,0.0
2022-04-21 00:00:00+09:00,3645.0,3680.0,3640.0,3650.0,27700,0.0,0.0
2022-04-22 00:00:00+09:00,3610.0,3635.0,3595.0,3630.0,23100,0.0,0.0
2022-04-25 00:00:00+09:00,3575.0,3615.0,3560.0,3600.0,25400,0.0,0.0
2022-04-26 00:00:00+09:00,3625.0,3640.0,3580.0,3580.0,36800,0.0,0.0
2022-04-27 00:00:00+09:00,3530.0,3570.0,3500.0,3525.0,102500,0.0,0.0
2022-04-28 00:00:00+09:00,3545.0,3700.0,3545.0,3700.0,49300,0.0,0.0
2022-05-02 00:00:00+09:00,3655.0,3710.0,3655.0,3695.0,35400,0.0,0.0
2022-05-06 00:00:00+09:00,3705.0,3750.0,3695.0,3725.0,34200,0.0,0.0
2022-05-09 00:00:00+09:00,3765.0,3765.0,3650.0,3650.0,41000,0.0,0.0
2022-05-10 00:00:00+09:00,3695.0,3725.0,3650.0,3685.0,64600,0.0,0.0
2022-05-11 00:00:00+09:00,3685.0,3715.0,3640.0,3695.0,40800,0.0,0.0
2022-05-12 00:00:00+09:00,3625.0,3640.0,3525.0,3535.0,40500,0.0,0.0
2022-05-13 00:00:00+09:00,3465.0,3495.0,3305.0,3335.0,108900,0.0,0.0
2022-05-16 00:00:00+09:00,3365.0,3415.0,3150.0,3160.0,128300,0.0,0.0
2022-05-17 00:00:00+09:00,3220.0,3285.0,3160.0,3165.0,62000,0.0,0.0
2022-05-18 00:00:00+09:00,3165.0,3185.0,3130.0,3155.0,54800,0.0,0.0
2022-05-19 00:00:00+09:00,3130.0,3130.0,3030.0,3050.0,84100,0.0,0.0
2022-05-20 00:00:00+09:00,3050.0,3115.0,3050.0,3105.0,76200,0.0,0.0
2022-05-23 00:00:00+09:00,3140.0,3170.0,3100.0,3160.0,62900,0.0,0.0
2022-05-24 00:00:00+09:00,3100.0,3135.0,3065.0,3090.0,71100,0.0,0.0
2022-05-25 00:00:00+09:00,3085.0,3115.0,3055.0,3070.0,48000,0.0,0.0
2022-05-26 00:00:00+09:00,3070.0,3095.0,3050.0,3050.0,59300,0.0,0.0
2022-05-27 00:00:00+09:00,3070.0,3075.0,3025.0,3055.0,67800,0.0,0.0
2022-05-30 00:00:00+09:00,3085.0,3140.0,3055.0,3115.0,124500,0.0,0.0
2022-05-31 00:00:00+09:00,3115.0,3125.0,3050.0,3100.0,187300,0.0,0.0
2022-06-01 00:00:00+09:00,3125.0,3175.0,3120.0,3140.0,61100,0.0,0.0
2022-06-02 00:00:00+09:00,3170.0,3170.0,3095.0,3120.0,63900,0.0,0.0
2022-06-03 00:00:00+09:00,3120.0,3150.0,3100.0,3105.0,37500,0.0,0.0
2022-06-06 00:00:00+09:00,3110.0,3145.0,3110.0,3135.0,40400,0.0,0.0
2022-06-07 00:00:00+09:00,3135.0,3145.0,3110.0,3130.0,46800,0.0,0.0
2022-06-08 00:00:00+09:00,3190.0,3220.0,3175.0,3205.0,55100,0.0,0.0
2022-06-09 00:00:00+09:00,3175.0,3220.0,3175.0,3205.0,38100,0.0,0.0
2022-06-10 00:00:00+09:00,3160.0,3185.0,3140.0,3145.0,49700,0.0,0.0
2022-06-13 00:00:00+09:00,3100.0,3145.0,3095.0,3135.0,33900,0.0,0.0
2022-06-14 00:00:00+09:00,3095.0,3135.0,3095.0,3100.0,39800,0.0,0.0
2022-06-15 00:00:00+09:00,3095.0,3100.0,3060.0,3065.0,36300,0.0,0.0
2022-06-16 00:00:00+09:00,3110.0,3145.0,3095.0,3115.0,42900,0.0,0.0
2022-06-17 00:00:00+09:00,3060.0,3145.0,3060.0,3135.0,84200,0.0,0.0
2022-06-20 00:00:00+09:00,3145.0,3170.0,3130.0,3130.0,50200,0.0,0.0
2022-06-21 00:00:00+09:00,3165.0,3180.0,3110.0,3135.0,48200,0.0,0.0
2022-06-22 00:00:00+09:00,3175.0,3185.0,3155.0,3170.0,38000,0.0,0.0
2022-06-23 00:00:00+09:00,3180.0,3210.0,3170.0,3200.0,31100,0.0,0.0
2022-06-24 00:00:00+09:00,3215.0,3235.0,3180.0,3230.0,31200,0.0,0.0
2022-06-27 00:00:00+09:00,3265.0,3265.0,3175.0,3230.0,43600,0.0,0.0
2022-06-28 00:00:00+09:00,3200.0,3280.0,3190.0,3275.0,49300,0.0,0.0
2022-06-29 00:00:00+09:00,3250.0,3290.0,3230.0,3280.0,74200,0.0,0.0
2022-06-30 00:00:00+09:00,3285.0,3335.0,3250.0,3265.0,53800,0.0,0.0
2022-07-01 00:00:00+09:00,3265.0,3300.0,3225.0,3250.0,36200,0.0,0.0
2022-07-04 00:00:00+09:00,3300.0,3325.0,3275.0,3280.0,33500,0.0,0.0
2022-07-05 00:00:00+09:00,3290.0,3300.0,3260.0,3280.0,35300,0.0,0.0
2022-07-06 00:00:00+09:00,3280.0,3315.0,3275.0,3300.0,36100,0.0,0.0
2022-07-07 00:00:00+09:00,3340.0,3370.0,3320.0,3355.0,43500,0.0,0.0
2022-07-08 00:00:00+09:00,3355.0,3385.0,3295.0,3335.0,59100,0.0,0.0
2022-07-11 00:00:00+09:00,3370.0,3425.0,3370.0,3400.0,35700,0.0,0.0
2022-07-12 00:00:00+09:00,3385.0,3400.0,3320.0,3340.0,33100,0.0,0.0
2022-07-13 00:00:00+09:00,3355.0,3365.0,3330.0,3350.0,19400,0.0,0.0
2022-07-14 00:00:00+09:00,3330.0,3350.0,3320.0,3350.0,16800,0.0,0.0
2022-07-15 00:00:00+09:00,3360.0,3360.0,3285.0,3305.0,33000,0.0,0.0
2022-07-19 00:00:00+09:00,3305.0,3305.0,3245.0,3270.0,19200,0.0,0.0
2022-07-20 00:00:00+09:00,3325.0,3370.0,3290.0,3360.0,48300,0.0,0.0
2022-07-21 00:00:00+09:00,3335.0,3390.0,3310.0,3380.0,24600,0.0,0.0
2022-07-22 00:00:00+09:00,3380.0,3415.0,3380.0,3385.0,31700,0.0,0.0
2022-07-25 00:00:00+09:00,3345.0,3375.0,3345.0,3350.0,20400,0.0,0.0
2022-07-26 00:00:00+09:00,3375.0,3390.0,3335.0,3355.0,29500,0.0,0.0
2022-07-27 00:00:00+09:00,3355.0,3375.0,3330.0,3360.0,26000,0.0,0.0
2022-07-28 00:00:00+09:00,3360.0,3370.0,3305.0,3350.0,36200,0.0,0.0
2022-07-29 00:00:00+09:00,3360.0,3360.0,3250.0,3260.0,40500,0.0,0.0
2022-08-01 00:00:00+09:00,3265.0,3505.0,3225.0,3400.0,128900,0.0,0.0
2022-08-02 00:00:00+09:00,3410.0,3500.0,3400.0,3460.0,111500,0.0,0.0
2022-08-03 00:00:00+09:00,3475.0,3515.0,3385.0,3405.0,73000,0.0,0.0
2022-08-04 00:00:00+09:00,3405.0,3430.0,3365.0,3390.0,41400,0.0,0.0
2022-08-05 00:00:00+09:00,3370.0,3425.0,3370.0,3425.0,40400,0.0,0.0
2022-08-08 00:00:00+09:00,3420.0,3425.0,3365.0,3405.0,29300,0.0,0.0
2022-08-09 00:00:00+09:00,3405.0,3430.0,3360.0,3360.0,25600,0.0,0.0
2022-08-10 00:00:00+09:00,3360.0,3405.0,3350.0,3390.0,25100,0.0,0.0
2022-08-12 00:00:00+09:00,3395.0,3450.0,3370.0,3430.0,43300,0.0,0.0
2022-08-15 00:00:00+09:00,3445.0,3460.0,3415.0,3455.0,26000,0.0,0.0
2022-08-16 00:00:00+09:00,3455.0,3455.0,3385.0,3395.0,24300,0.0,0.0
2022-08-17 00:00:00+09:00,3445.0,3500.0,3445.0,3485.0,64700,0.0,0.0
2022-08-18 00:00:00+09:00,3475.0,3475.0,3395.0,3410.0,36000,0.0,0.0
2022-08-19 00:00:00+09:00,3450.0,3450.0,3380.0,3405.0,29400,0.0,0.0
2022-08-22 00:00:00+09:00,3380.0,3455.0,3345.0,3445.0,38200,0.0,0.0
2022-08-23 00:00:00+09:00,3415.0,3435.0,3385.0,3420.0,36500,0.0,0.0
2022-08-24 00:00:00+09:00,3410.0,3415.0,3375.0,3410.0,40600,0.0,0.0
2022-08-25 00:00:00+09:00,3410.0,3455.0,3405.0,3425.0,30800,0.0,0.0
2022-08-26 00:00:00+09:00,3440.0,3445.0,3410.0,3410.0,26900,0.0,0.0
2022-08-29 00:00:00+09:00,3330.0,3380.0,3330.0,3370.0,44300,0.0,0.0
2022-08-30 00:00:00+09:00,3370.0,3420.0,3370.0,3415.0,35000,0.0,0.0
2022-08-31 00:00:00+09:00,3370.0,3450.0,3370.0,3435.0,92000,0.0,0.0
2022-09-01 00:00:00+09:00,3400.0,3400.0,3345.0,3380.0,50000,0.0,0.0
2022-09-02 00:00:00+09:00,3410.0,3410.0,3345.0,3360.0,34000,0.0,0.0
2022-09-05 00:00:00+09:00,3355.0,3375.0,3310.0,3375.0,35700,0.0,0.0
2022-09-06 00:00:00+09:00,3390.0,3410.0,3310.0,3310.0,29300,0.0,0.0
2022-09-07 00:00:00+09:00,3310.0,3330.0,3265.0,3280.0,37700,0.0,0.0
2022-09-08 00:00:00+09:00,3330.0,3410.0,3330.0,3395.0,63100,0.0,0.0
2022-09-09 00:00:00+09:00,3400.0,3450.0,3400.0,3425.0,49400,0.0,0.0
2022-09-12 00:00:00+09:00,3455.0,3460.0,3420.0,3445.0,24000,0.0,0.0
2022-09-13 00:00:00+09:00,3450.0,3460.0,3435.0,3440.0,17500,0.0,0.0
2022-09-14 00:00:00+09:00,3330.0,3375.0,3330.0,3360.0,31900,0.0,0.0
2022-09-15 00:00:00+09:00,3365.0,3370.0,3340.0,3345.0,28400,0.0,0.0
2022-09-16 00:00:00+09:00,3345.0,3395.0,3345.0,3370.0,36800,0.0,0.0
2022-09-20 00:00:00+09:00,3380.0,3405.0,3365.0,3395.0,33200,0.0,0.0
2022-09-21 00:00:00+09:00,3325.0,3375.0,3325.0,3360.0,33100,0.0,0.0
2022-09-22 00:00:00+09:00,3335.0,3375.0,3325.0,3350.0,32700,0.0,0.0
2022-09-26 00:00:00+09:00,3355.0,3360.0,3280.0,3290.0,45900,0.0,0.0
2022-09-27 00:00:00+09:00,3275.0,3320.0,3260.0,3260.0,41600,0.0,0.0
2022-09-28 00:00:00+09:00,3225.0,3280.0,3215.0,3270.0,45700,0.0,0.0
2022-09-29 00:00:00+09:00,3300.0,3400.0,3285.0,3380.0,54400,0.0,0.0
2022-09-30 00:00:00+09:00,3375.0,3415.0,3350.0,3375.0,40500,0.0,0.0
2022-10-03 00:00:00+09:00,3335.0,3380.0,3310.0,3365.0,51700,0.0,0.0
2022-10-04 00:00:00+09:00,3435.0,3515.0,3435.0,3495.0,59400,0.0,0.0
2022-10-05 00:00:00+09:00,3500.0,3525.0,3480.0,3490.0,41600,0.0,0.0
2022-10-06 00:00:00+09:00,3490.0,3530.0,3470.0,3470.0,55400,0.0,0.0
2022-10-07 00:00:00+09:00,3425.0,3485.0,3410.0,3465.0,38100,0.0,0.0
2022-10-11 00:00:00+09:00,3420.0,3460.0,3380.0,3390.0,38700,0.0,0.0
2022-10-12 00:00:00+09:00,3390.0,3425.0,3380.0,3410.0,30500,0.0,0.0
2022-10-13 00:00:00+09:00,3410.0,3415.0,3385.0,3400.0,29600,0.0,0.0
2022-10-14 00:00:00+09:00,3460.0,3520.0,3435.0,3500.0,43800,0.0,0.0
2022-10-17 00:00:00+09:00,3490.0,3490.0,3440.0,3440.0,28400,0.0,0.0
2022-10-18 00:00:00+09:00,3485.0,3490.0,3445.0,3460.0,33300,0.0,0.0
2022-10-19 00:00:00+09:00,3465.0,3490.0,3455.0,3470.0,28800,0.0,0.0
2022-10-20 00:00:00+09:00,3430.0,3455.0,3415.0,3450.0,28700,0.0,0.0
2022-10-21 00:00:00+09:00,3425.0,3430.0,3355.0,3365.0,44300,0.0,0.0
2022-10-24 00:00:00+09:00,3405.0,3410.0,3325.0,3335.0,63000,0.0,0.0
2022-10-25 00:00:00+09:00,3365.0,3395.0,3345.0,3380.0,34200,0.0,0.0
2022-10-26 00:00:00+09:00,3370.0,3440.0,3370.0,3425.0,35400,0.0,0.0
2022-10-27 00:00:00+09:00,3405.0,3425.0,3365.0,3390.0,38500,0.0,0.0
2022-10-28 00:00:00+09:00,3350.0,3405.0,3345.0,3370.0,185000,0.0,0.0
2022-10-31 00:00:00+09:00,3400.0,3455.0,3385.0,3425.0,55700,0.0,0.0
2022-11-01 00:00:00+09:00,3430.0,3465.0,3390.0,3400.0,20500,0.0,0.0
2022-11-02 00:00:00+09:00,3405.0,3480.0,3405.0,3450.0,69300,0.0,0.0
2022-11-04 00:00:00+09:00,3430.0,3440.0,3215.0,3240.0,128800,0.0,0.0
2022-11-07 00:00:00+09:00,3240.0,3250.0,3095.0,3100.0,121300,0.0,0.0
2022-11-08 00:00:00+09:00,3115.0,3135.0,3065.0,3115.0,73200,0.0,0.0
2022-11-09 00:00:00+09:00,3140.0,3165.0,3125.0,3125.0,41600,0.0,0.0
2022-11-10 00:00:00+09:00,3125.0,3175.0,3090.0,3155.0,45000,0.0,0.0
2022-11-11 00:00:00+09:00,3175.0,3185.0,3145.0,3170.0,37800,0.0,0.0
2022-11-14 00:00:00+09:00,3155.0,3180.0,3150.0,3155.0,27600,0.0,0.0
2022-11-15 00:00:00+09:00,3165.0,3200.0,3165.0,3170.0,28900,0.0,0.0
2022-11-16 00:00:00+09:00,3160.0,3180.0,3145.0,3160.0,34000,0.0,0.0
2022-11-17 00:00:00+09:00,3160.0,3230.0,3160.0,3210.0,24700,0.0,0.0
2022-11-18 00:00:00+09:00,3225.0,3265.0,3225.0,3255.0,35100,0.0,0.0
2022-11-21 00:00:00+09:00,3285.0,3290.0,3240.0,3275.0,37700,0.0,0.0
2022-11-22 00:00:00+09:00,3295.0,3380.0,3295.0,3370.0,62800,0.0,0.0
2022-11-24 00:00:00+09:00,3400.0,3450.0,3395.0,3400.0,41400,0.0,0.0
2022-11-25 00:00:00+09:00,3420.0,3455.0,3405.0,3455.0,30100,0.0,0.0
2022-11-28 00:00:00+09:00,3450.0,3465.0,3410.0,3445.0,32700,0.0,0.0
2022-11-29 00:00:00+09:00,3420.0,3420.0,3380.0,3390.0,32500,0.0,0.0
2022-11-30 00:00:00+09:00,3380.0,3400.0,3365.0,3380.0,49300,0.0,0.0
2022-12-01 00:00:00+09:00,3415.0,3415.0,3340.0,3370.0,36900,0.0,0.0
2022-12-02 00:00:00+09:00,3350.0,3350.0,3245.0,3280.0,49900,0.0,0.0
2022-12-05 00:00:00+09:00,3280.0,3295.0,3250.0,3295.0,46800,0.0,0.0
2022-12-06 00:00:00+09:00,3325.0,3335.0,3290.0,3310.0,37100,0.0,0.0
2022-12-07 00:00:00+09:00,3300.0,3350.0,3290.0,3320.0,27000,0.0,0.0
2022-12-08 00:00:00+09:00,3320.0,3335.0,3295.0,3325.0,31800,0.0,0.0
2022-12-09 00:00:00+09:00,3285.0,3380.0,3285.0,3365.0,31500,0.0,0.0
2022-12-12 00:00:00+09:00,3360.0,3385.0,3345.0,3360.0,23800,0.0,0.0
2022-12-13 00:00:00+09:00,3360.0,3415.0,3360.0,3380.0,28100,0.0,0.0
2022-12-14 00:00:00+09:00,3390.0,3415.0,3390.0,3400.0,20700,0.0,0.0
2022-12-15 00:00:00+09:00,3390.0,3415.0,3390.0,3405.0,16600,0.0,0.0
2022-12-16 00:00:00+09:00,3365.0,3425.0,3365.0,3415.0,54000,0.0,0.0
2022-12-19 00:00:00+09:00,3380.0,3435.0,3380.0,3410.0,34200,0.0,0.0
2022-12-20 00:00:00+09:00,3430.0,3455.0,3380.0,3400.0,37400,0.0,0.0
2022-12-21 00:00:00+09:00,3400.0,3420.0,3365.0,3390.0,38200,0.0,0.0
2022-12-22 00:00:00+09:00,3395.0,3440.0,3380.0,3420.0,36800,0.0,0.0
2022-12-23 00:00:00+09:00,3400.0,3445.0,3400.0,3420.0,23700,0.0,0.0
2022-12-26 00:00:00+09:00,3450.0,3455.0,3415.0,3450.0,23100,0.0,0.0
2022-12-27 00:00:00+09:00,3465.0,3500.0,3450.0,3465.0,30300,0.0,0.0
2022-12-28 00:00:00+09:00,3440.0,3510.0,3440.0,3505.0,14000,0.0,0.0
2022-12-29 00:00:00+09:00,3455.0,3510.0,3450.0,3510.0,17500,0.0,0.0
2022-12-30 00:00:00+09:00,3515.0,3530.0,3480.0,3480.0,16400,0.0,0.0
2023-01-04 00:00:00+09:00,3435.0,3435.0,3340.0,3340.0,33000,0.0,0.0
2023-01-05 00:00:00+09:00,3320.0,3320.0,3265.0,3265.0,30000,0.0,0.0
2023-01-06 00:00:00+09:00,3260.0,3300.0,3240.0,3290.0,24100,0.0,0.0
2023-01-10 00:00:00+09:00,3270.0,3295.0,3190.0,3190.0,27000,0.0,0.0
2023-01-11 00:00:00+09:00,3210.0,3265.0,3210.0,3250.0,21200,0.0,0.0
2023-01-12 00:00:00+09:00,3250.0,3290.0,3250.0,3275.0,15200,0.0,0.0
2023-01-13 00:00:00+09:00,3275.0,3315.0,3275.0,3300.0,28200,0.0,0.0
2023-01-16 00:00:00+09:00,3275.0,3315.0,3275.0,3290.0,22400,0.0,0.0
2023-01-17 00:00:00+09:00,3275.0,3310.0,3275.0,3300.0,25500,0.0,0.0
2023-01-18 00:00:00+09:00,3315.0,3375.0,3310.0,3350.0,29000,0.0,0.0
2023-01-19 00:00:00+09:00,3320.0,3345.0,3305.0,3320.0,24100,0.0,0.0
2023-01-20 00:00:00+09:00,3325.0,3350.0,3310.0,3315.0,20900,0.0,0.0
2023-01-23 00:00:00+09:00,3330.0,3380.0,3330.0,3370.0,29500,0.0,0.0
2023-01-24 00:00:00+09:00,3390.0,3440.0,3385.0,3420.0,35200,0.0,0.0
2023-01-25 00:00:00+09:00,3420.0,3460.0,3420.0,3450.0,25500,0.0,0.0
2023-01-26 00:00:00+09:00,3475.0,3475.0,3440.0,3445.0,33000,0.0,0.0
2023-01-27 00:00:00+09:00,3450.0,3460.0,3415.0,3420.0,21600,0.0,0.0
2023-01-30 00:00:00+09:00,3420.0,3470.0,3420.0,3445.0,33500,0.0,0.0
2023-01-31 00:00:00+09:00,3445.0,3495.0,3445.0,3480.0,36100,0.0,0.0
2023-02-01 00:00:00+09:00,3505.0,3505.0,3445.0,3445.0,25900,0.0,0.0
2023-02-02 00:00:00+09:00,3445.0,3455.0,3425.0,3435.0,24300,0.0,0.0
2023-02-03 00:00:00+09:00,3415.0,3425.0,3375.0,3380.0,22600,0.0,0.0
2023-02-06 00:00:00+09:00,3430.0,3495.0,3405.0,3430.0,47600,0.0,0.0
2023-02-07 00:00:00+09:00,3415.0,3440.0,3315.0,3330.0,36400,0.0,0.0
2023-02-08 00:00:00+09:00,3330.0,3385.0,3330.0,3370.0,28900,0.0,0.0
2023-02-09 00:00:00+09:00,3360.0,3385.0,3345.0,3350.0,16800,0.0,0.0
2023-02-10 00:00:00+09:00,3300.0,3370.0,3300.0,3360.0,21500,0.0,0.0
2023-02-13 00:00:00+09:00,3360.0,3390.0,3345.0,3360.0,17200,0.0,0.0
2023-02-14 00:00:00+09:00,3405.0,3440.0,3405.0,3435.0,19900,0.0,0.0
2023-02-15 00:00:00+09:00,3445.0,3455.0,3430.0,3430.0,16400,0.0,0.0
2023-02-16 00:00:00+09:00,3460.0,3480.0,3440.0,3455.0,18800,0.0,0.0
2023-02-17 00:00:00+09:00,3425.0,3440.0,3405.0,3405.0,15600,0.0,0.0
2023-02-20 00:00:00+09:00,3420.0,3430.0,3405.0,3420.0,22100,0.0,0.0
2023-02-21 00:00:00+09:00,3415.0,3445.0,3405.0,3445.0,20000,0.0,0.0
2023-02-22 00:00:00+09:00,3445.0,3455.0,3380.0,3385.0,33500,0.0,0.0
2023-02-24 00:00:00+09:00,3385.0,3425.0,3355.0,3415.0,35500,0.0,0.0
2023-02-27 00:00:00+09:00,3405.0,3435.0,3405.0,3420.0,21700,0.0,0.0
2023-02-28 00:00:00+09:00,3440.0,3460.0,3390.0,3400.0,36500,0.0,0.0
2023-03-01 00:00:00+09:00,3390.0,3400.0,3355.0,3375.0,28600,0.0,0.0
2023-03-02 00:00:00+09:00,3390.0,3425.0,3380.0,3415.0,30800,0.0,0.0
2023-03-03 00:00:00+09:00,3425.0,3485.0,3425.0,3475.0,33300,0.0,0.0
2023-03-06 00:00:00+09:00,3475.0,3475.0,3415.0,3430.0,34000,0.0,0.0
2023-03-07 00:00:00+09:00,3435.0,3485.0,3435.0,3470.0,27600,0.0,0.0
2023-03-08 00:00:00+09:00,3470.0,3510.0,3470.0,3485.0,34500,0.0,0.0
2023-03-09 00:00:00+09:00,3460.0,3565.0,3460.0,3555.0,37300,0.0,0.0
2023-03-10 00:00:00+09:00,3520.0,3535.0,3455.0,3460.0,50300,0.0,0.0
2023-03-13 00:00:00+09:00,3460.0,3470.0,3415.0,3460.0,22300,0.0,0.0
2023-03-14 00:00:00+09:00,3390.0,3405.0,3320.0,3360.0,48200,0.0,0.0
2023-03-15 00:00:00+09:00,3360.0,3380.0,3310.0,3320.0,99900,0.0,0.0
2023-03-16 00:00:00+09:00,3280.0,3310.0,3250.0,3280.0,52300,0.0,0.0
2023-03-17 00:00:00+09:00,3345.0,3375.0,3340.0,3370.0,49800,0.0,0.0
2023-03-20 00:00:00+09:00,3350.0,3355.0,3255.0,3255.0,35000,0.0,0.0
2023-03-22 00:00:00+09:00,3325.0,3335.0,3290.0,3290.0,45500,0.0,0.0
2023-03-23 00:00:00+09:00,3250.0,3260.0,3230.0,3235.0,38300,0.0,0.0
2023-03-24 00:00:00+09:00,3225.0,3295.0,3225.0,3295.0,32100,0.0,0.0
2023-03-27 00:00:00+09:00,3325.0,3350.0,3300.0,3335.0,42800,0.0,0.0
2023-03-28 00:00:00+09:00,3355.0,3370.0,3315.0,3345.0,43100,0.0,0.0
2023-03-29 00:00:00+09:00,3370.0,3395.0,3340.0,3375.0,57300,0.0,0.0
2023-03-30 00:00:00+09:00,3330.0,3345.0,3295.0,3305.0,32100,0.0,0.0
2023-03-31 00:00:00+09:00,3325.0,3365.0,3320.0,3340.0,29000,0.0,0.0
2023-04-03 00:00:00+09:00,3365.0,3405.0,3335.0,3345.0,35500,0.0,0.0
2023-04-04 00:00:00+09:00,3370.0,3395.0,3340.0,3375.0,32400,0.0,0.0
2023-04-05 00:00:00+09:00,3345.0,3345.0,3275.0,3275.0,32500,0.0,0.0
2023-04-06 00:00:00+09:00,3245.0,3280.0,3240.0,3270.0,38300,0.0,0.0
2023-04-07 00:00:00+09:00,3250.0,3285.0,3250.0,3270.0,23100,0.0,0.0
2023-04-10 00:00:00+09:00,3290.0,3300.0,3265.0,3300.0,33000,0.0,0.0
2023-04-11 00:00:00+09:00,3315.0,3360.0,3305.0,3350.0,38400,0.0,0.0
2023-04-12 00:00:00+09:00,3350.0,3400.0,3350.0,3395.0,23600,0.0,0.0
2023-04-13 00:00:00+09:00,3365.0,3445.0,3365.0,3410.0,23400,0.0,0.0
2023-04-14 00:00:00+09:00,3425.0,3495.0,3425.0,3495.0,34900,0.0,0.0
2023-04-17 00:00:00+09:00,3475.0,3490.0,3425.0,3455.0,21700,0.0,0.0
2023-04-18 00:00:00+09:00,3470.0,3495.0,3465.0,3470.0,27300,0.0,0.0
2023-04-19 00:00:00+09:00,3470.0,3470.0,3410.0,3440.0,25600,0.0,0.0
2023-04-20 00:00:00+09:00,3415.0,3495.0,3415.0,3480.0,31700,0.0,0.0
2023-04-21 00:00:00+09:00,3470.0,3500.0,3450.0,3475.0,17000,0.0,0.0
2023-04-24 00:00:00+09:00,3475.0,3510.0,3445.0,3450.0,20000,0.0,0.0
2023-04-25 00:00:00+09:00,3460.0,3510.0,3460.0,3480.0,24000,0.0,0.0
2023-04-26 00:00:00+09:00,3465.0,3465.0,3410.0,3420.0,25400,0.0,0.0
2023-04-27 00:00:00+09:00,3405.0,3435.0,3385.0,3420.0,87900,0.0,0.0
2023-04-28 00:00:00+09:00,3455.0,3510.0,3450.0,3480.0,31000,0.0,0.0
2023-05-01 00:00:00+09:00,3500.0,3515.0,3480.0,3510.0,27500,0.0,0.0
2023-05-02 00:00:00+09:00,3540.0,3545.0,3470.0,3480.0,16300,0.0,0.0
2023-05-08 00:00:00+09:00,3480.0,3530.0,3480.0,3505.0,17500,0.0,0.0
2023-05-09 00:00:00+09:00,3550.0,3580.0,3540.0,3575.0,33900,0.0,0.0
2023-05-10 00:00:00+09:00,3580.0,3585.0,3540.0,3545.0,22200,0.0,0.0
2023-05-11 00:00:00+09:00,3510.0,3575.0,3510.0,3550.0,25300,0.0,0.0
2023-05-12 00:00:00+09:00,3565.0,3610.0,3540.0,3600.0,37000,0.0,0.0
2023-05-15 00:00:00+09:00,3605.0,3645.0,3575.0,3590.0,59200,0.0,0.0
2023-05-16 00:00:00+09:00,3660.0,3745.0,3660.0,3740.0,51600,0.0,0.0
2023-05-17 00:00:00+09:00,3700.0,3720.0,3655.0,3700.0,40200,0.0,0.0
2023-05-18 00:00:00+09:00,3690.0,3695.0,3615.0,3645.0,31900,0.0,0.0
2023-05-19 00:00:00+09:00,3660.0,3665.0,3625.0,3630.0,23700,0.0,0.0
2023-05-22 00:00:00+09:00,3585.0,3655.0,3585.0,3655.0,23900,0.0,0.0
2023-05-23 00:00:00+09:00,3670.0,3675.0,3605.0,3620.0,31000,0.0,0.0
2023-05-24 00:00:00+09:00,3600.0,3625.0,3580.0,3585.0,21100,0.0,0.0
2023-05-25 00:00:00+09:00,3520.0,3560.0,3510.0,3520.0,31900,0.0,0.0
2023-05-26 00:00:00+09:00,3540.0,3540.0,3420.0,3445.0,45700,0.0,0.0
2023-05-29 00:00:00+09:00,3490.0,3490.0,3435.0,3455.0,24000,0.0,0.0
2023-05-30 00:00:00+09:00,3435.0,3455.0,3380.0,3400.0,21400,0.0,0.0
2023-05-31 00:00:00+09:00,3350.0,3360.0,3290.0,3290.0,68700,0.0,0.0
2023-06-01 00:00:00+09:00,3345.0,3395.0,3325.0,3335.0,42400,0.0,0.0
2023-06-02 00:00:00+09:00,3330.0,3370.0,3330.0,3360.0,23900,0.0,0.0
2023-06-05 00:00:00+09:00,3420.0,3435.0,3335.0,3355.0,40600,0.0,0.0
2023-06-06 00:00:00+09:00,3325.0,3355.0,3295.0,3340.0,39900,0.0,0.0
2023-06-07 00:00:00+09:00,3365.0,3405.0,3335.0,3335.0,54500,0.0,0.0
2023-06-08 00:00:00+09:00,3335.0,3350.0,3285.0,3305.0,45500,0.0,0.0
2023-06-09 00:00:00+09:00,3305.0,3355.0,3305.0,3335.0,44000,0.0,0.0
2023-06-12 00:00:00+09:00,3335.0,3360.0,3315.0,3355.0,25600,0.0,0.0
2023-06-13 00:00:00+09:00,3330.0,3345.0,3295.0,3300.0,47600,0.0,0.0
2023-06-14 00:00:00+09:00,3330.0,3330.0,3255.0,3260.0,63600,0.0,0.0
2023-06-15 00:00:00+09:00,3265.0,3275.0,3225.0,3225.0,53000,0.0,0.0
2023-06-16 00:00:00+09:00,3270.0,3335.0,3240.0,3325.0,112900,0.0,0.0
2023-06-19 00:00:00+09:00,3325.0,3335.0,3265.0,3285.0,34400,0.0,0.0
2023-06-20 00:00:00+09:00,3285.0,3285.0,3255.0,3265.0,24400,0.0,0.0
2023-06-21 00:00:00+09:00,3260.0,3295.0,3250.0,3260.0,43600,0.0,0.0
2023-06-22 00:00:00+09:00,3270.0,3290.0,3265.0,3285.0,24700,0.0,0.0
2023-06-23 00:00:00+09:00,3300.0,3315.0,3280.0,3290.0,29900,0.0,0.0
2023-06-26 00:00:00+09:00,3325.0,3325.0,3240.0,3275.0,15800,0.0,0.0
2023-06-27 00:00:00+09:00,3270.0,3280.0,3240.0,3275.0,18600,0.0,0.0
2023-06-28 00:00:00+09:00,3280.0,3330.0,3275.0,3325.0,29600,0.0,0.0
2023-06-29 00:00:00+09:00,3335.0,3350.0,3280.0,3310.0,25100,0.0,0.0
2023-06-30 00:00:00+09:00,3300.0,3305.0,3265.0,3290.0,38500,0.0,0.0
2023-07-03 00:00:00+09:00,3320.0,3330.0,3295.0,3300.0,18600,0.0,0.0
2023-07-04 00:00:00+09:00,3270.0,3280.0,3255.0,3255.0,38400,0.0,0.0
2023-07-05 00:00:00+09:00,3250.0,3265.0,3235.0,3260.0,35100,0.0,0.0
2023-07-06 00:00:00+09:00,3260.0,3265.0,3215.0,3240.0,41000,0.0,0.0
2023-07-07 00:00:00+09:00,3215.0,3245.0,3200.0,3210.0,38700,0.0,0.0
2023-07-10 00:00:00+09:00,3210.0,3225.0,3195.0,3200.0,40100,0.0,0.0
2023-07-11 00:00:00+09:00,3200.0,3210.0,3165.0,3165.0,45500,0.0,0.0
2023-07-12 00:00:00+09:00,3195.0,3195.0,3160.0,3165.0,21800,0.0,0.0
2023-07-13 00:00:00+09:00,3165.0,3190.0,3150.0,3170.0,27700,0.0,0.0
2023-07-14 00:00:00+09:00,3180.0,3200.0,3150.0,3185.0,30700,0.0,0.0
2023-07-18 00:00:00+09:00,3190.0,3215.0,3190.0,3200.0,15300,0.0,0.0
2023-07-19 00:00:00+09:00,3215.0,3230.0,3210.0,3225.0,21600,0.0,0.0
2023-07-20 00:00:00+09:00,3235.0,3235.0,3190.0,3190.0,15800,0.0,0.0
2023-07-21 00:00:00+09:00,3210.0,3225.0,3190.0,3215.0,17500,0.0,0.0
2023-07-24 00:00:00+09:00,3230.0,3255.0,3220.0,3255.0,18400,0.0,0.0
2023-07-25 00:00:00+09:00,3250.0,3270.0,3225.0,3240.0,24900,0.0,0.0
2023-07-26 00:00:00+09:00,3270.0,3290.0,3245.0,3280.0,38400,0.0,0.0
2023-07-27 00:00:00+09:00,3280.0,3285.0,3250.0,3280.0,18600,0.0,0.0
2023-07-28 00:00:00+09:00,3280.0,3295.0,3240.0,3285.0,38600,0.0,0.0
2023-07-31 00:00:00+09:00,3320.0,3345.0,3300.0,3305.0,51400,0.0,0.0
2023-08-01 00:00:00+09:00,3305.0,3345.0,3305.0,3345.0,25900,0.0,0.0
2023-08-02 00:00:00+09:00,3330.0,3345.0,3310.0,3315.0,33500,0.0,0.0
2023-08-03 00:00:00+09:00,3270.0,3305.0,3265.0,3290.0,45200,0.0,0.0
2023-08-04 00:00:00+09:00,3285.0,3290.0,3165.0,3195.0,59000,0.0,0.0
2023-08-07 00:00:00+09:00,3210.0,3245.0,3155.0,3175.0,65900,0.0,0.0
2023-08-08 00:00:00+09:00,3215.0,3290.0,3205.0,3275.0,46900,0.0,0.0
2023-08-09 00:00:00+09:00,3285.0,3295.0,3250.0,3285.0,29800,0.0,0.0
2023-08-10 00:00:00+09:00,3285.0,3340.0,3270.0,3330.0,35700,0.0,0.0
2023-08-14 00:00:00+09:00,3330.0,3370.0,3330.0,3345.0,28400,0.0,0.0
2023-08-15 00:00:00+09:00,3345.0,3355.0,3315.0,3350.0,19500,0.0,0.0
2023-08-16 00:00:00+09:00,3320.0,3350.0,3320.0,3345.0,17800,0.0,0.0
2023-08-17 00:00:00+09:00,3320.0,3330.0,3240.0,3250.0,30800,0.0,0.0
2023-08-18 00:00:00+09:00,3235.0,3270.0,3230.0,3245.0,24700,0.0,0.0
2023-08-21 00:00:00+09:00,3265.0,3290.0,3265.0,3270.0,20900,0.0,0.0
2023-08-22 00:00:00+09:00,3290.0,3305.0,3270.0,3300.0,20900,0.0,0.0
2023-08-23 00:00:00+09:00,3260.0,3295.0,3260.0,3290.0,11700,0.0,0.0
2023-08-24 00:00:00+09:00,3290.0,3335.0,3290.0,3320.0,16200,0.0,0.0
2023-08-25 00:00:00+09:00,3300.0,3340.0,3300.0,3315.0,29200,0.0,0.0
2023-08-28 00:00:00+09:00,3320.0,3360.0,3320.0,3345.0,30000,0.0,0.0
2023-08-29 00:00:00+09:00,3345.0,3365.0,3325.0,3340.0,26400,0.0,0.0
2023-08-30 00:00:00+09:00,3365.0,3380.0,3345.0,3360.0,27800,0.0,0.0
2023-08-31 00:00:00+09:00,3375.0,3390.0,3370.0,3375.0,39600,0.0,0.0
2023-09-01 00:00:00+09:00,3375.0,3425.0,3375.0,3415.0,35500,0.0,0.0
2023-09-04 00:00:00+09:00,3425.0,3425.0,3385.0,3395.0,24100,0.0,0.0
2023-09-05 00:00:00+09:00,3385.0,3420.0,3375.0,3415.0,28300,0.0,0.0
2023-09-06 00:00:00+09:00,3415.0,3430.0,3395.0,3410.0,21200,0.0,0.0
2023-09-07 00:00:00+09:00,3410.0,3410.0,3370.0,3380.0,27400,0.0,0.0
2023-09-08 00:00:00+09:00,3350.0,3370.0,3310.0,3310.0,47800,0.0,0.0
2023-09-11 00:00:00+09:00,3330.0,3345.0,3295.0,3330.0,35600,0.0,0.0
2023-09-12 00:00:00+09:00,3340.0,3395.0,3340.0,3385.0,27300,0.0,0.0
2023-09-13 00:00:00+09:00,3395.0,3410.0,3360.0,3405.0,34000,0.0,0.0
2023-09-14 00:00:00+09:00,3390.0,3425.0,3375.0,3415.0,22400,0.0,0.0
2023-09-15 00:00:00+09:00,3415.0,3465.0,3390.0,3440.0,66800,0.0,0.0
2023-09-19 00:00:00+09:00,3420.0,3445.0,3410.0,3435.0,25500,0.0,0.0
2023-09-20 00:00:00+09:00,3435.0,3440.0,3385.0,3395.0,31500,0.0,0.0
2023-09-21 00:00:00+09:00,3400.0,3430.0,3380.0,3385.0,21100,0.0,0.0
2023-09-22 00:00:00+09:00,3355.0,3370.0,3345.0,3355.0,24700,0.0,0.0
2023-09-25 00:00:00+09:00,3355.0,3425.0,3355.0,3405.0,32300,0.0,0.0
2023-09-26 00:00:00+09:00,3375.0,3410.0,3360.0,3375.0,23600,0.0,0.0
2023-09-27 00:00:00+09:00,3370.0,3455.0,3360.0,3455.0,46300,0.0,0.0
2023-09-28 00:00:00+09:00,3380.0,3400.0,3345.0,3365.0,29300,0.0,0.0
2023-09-29 00:00:00+09:00,3365.0,3370.0,3320.0,3335.0,26800,0.0,0.0
2023-10-02 00:00:00+09:00,3370.0,3370.0,3285.0,3285.0,33200,0.0,0.0
2023-10-03 00:00:00+09:00,3285.0,3290.0,3210.0,3210.0,31900,0.0,0.0
2023-10-04 00:00:00+09:00,3200.0,3235.0,3175.0,3205.0,25800,0.0,0.0
2023-10-05 00:00:00+09:00,3205.0,3285.0,3205.0,3280.0,32600,0.0,0.0
2023-10-06 00:00:00+09:00,3270.0,3340.0,3270.0,3320.0,21900,0.0,0.0
2023-10-10 00:00:00+09:00,3350.0,3370.0,3330.0,3355.0,26700,0.0,0.0
2023-10-11 00:00:00+09:00,3375.0,3375.0,3330.0,3345.0,24900,0.0,0.0
2023-10-12 00:00:00+09:00,3365.0,3365.0,3315.0,3340.0,12800,0.0,0.0
2023-10-13 00:00:00+09:00,3320.0,3320.0,3270.0,3270.0,16900,0.0,0.0
2023-10-16 00:00:00+09:00,3215.0,3275.0,3210.0,3240.0,27800,0.0,0.0
2023-10-17 00:00:00+09:00,3240.0,3270.0,3215.0,3245.0,25300,0.0,0.0
2023-10-18 00:00:00+09:00,3295.0,3295.0,3215.0,3260.0,24300,0.0,0.0
2023-10-19 00:00:00+09:00,3230.0,3305.0,3230.0,3290.0,23800,0.0,0.0
2023-10-20 00:00:00+09:00,3280.0,3330.0,3280.0,3310.0,19400,0.0,0.0
2023-10-23 00:00:00+09:00,3295.0,3350.0,3295.0,3325.0,27000,0.0,0.0
2023-10-24 00:00:00+09:00,3310.0,3325.0,3245.0,3310.0,21200,0.0,0.0
2023-10-25 00:00:00+09:00,3310.0,3330.0,3300.0,3300.0,17600,0.0,0.0
2023-10-26 00:00:00+09:00,3280.0,3320.0,3240.0,3255.0,37000,0.0,0.0
2023-10-27 00:00:00+09:00,3275.0,3325.0,3255.0,3325.0,29500,0.0,0.0
2023-10-30 00:00:00+09:00,3260.0,3290.0,3190.0,3205.0,42100,0.0,0.0
2023-10-31 00:00:00+09:00,3225.0,3320.0,3225.0,3310.0,41100,0.0,0.0
2023-11-01 00:00:00+09:00,3380.0,3395.0,3360.0,3390.0,45100,0.0,0.0
2023-11-02 00:00:00+09:00,3320.0,3380.0,3310.0,3325.0,28500,0.0,0.0
2023-11-06 00:00:00+09:00,3395.0,3400.0,3310.0,3350.0,49300,0.0,0.0
2023-11-07 00:00:00+09:00,3335.0,3360.0,3295.0,3300.0,32100,0.0,0.0
2023-11-08 00:00:00+09:00,3300.0,3330.0,3280.0,3320.0,26700,0.0,0.0
2023-11-09 00:00:00+09:00,3370.0,3370.0,3270.0,3305.0,20300,0.0,0.0
2023-11-10 00:00:00+09:00,3270.0,3315.0,3265.0,3310.0,21200,0.0,0.0
2023-11-13 00:00:00+09:00,3310.0,3315.0,3285.0,3285.0,15800,0.0,0.0
2023-11-14 00:00:00+09:00,3310.0,3310.0,3285.0,3285.0,23200,0.0,0.0
2023-11-15 00:00:00+09:00,3295.0,3300.0,3230.0,3265.0,54600,0.0,0.0
2023-11-16 00:00:00+09:00,3225.0,3260.0,3180.0,3190.0,43200,0.0,0.0
2023-11-17 00:00:00+09:00,3200.0,3240.0,3200.0,3235.0,28400,0.0,0.0
2023-11-20 00:00:00+09:00,3235.0,3245.0,3180.0,3195.0,30100,0.0,0.0
2023-11-21 00:00:00+09:00,3195.0,3240.0,3195.0,3235.0,25800,0.0,0.0
2023-11-22 00:00:00+09:00,3245.0,3300.0,3245.0,3295.0,32300,0.0,0.0
2023-11-24 00:00:00+09:00,3285.0,3310.0,3270.0,3305.0,23200,0.0,0.0
2023-11-27 00:00:00+09:00,3340.0,3345.0,3315.0,3335.0,27100,0.0,0.0
2023-11-28 00:00:00+09:00,3350.0,3395.0,3345.0,3390.0,33800,0.0,0.0
2023-11-29 00:00:00+09:00,3385.0,3395.0,3365.0,3380.0,31600,0.0,0.0
2023-11-30 00:00:00+09:00,3315.0,3355.0,3255.0,3355.0,136200,0.0,0.0
2023-12-01 00:00:00+09:00,3400.0,3425.0,3355.0,3365.0,54800,0.0,0.0
2023-12-04 00:00:00+09:00,3365.0,3375.0,3330.0,3365.0,28900,0.0,0.0
2023-12-05 00:00:00+09:00,3345.0,3380.0,3345.0,3350.0,29500,0.0,0.0
2023-12-06 00:00:00+09:00,3380.0,3425.0,3365.0,3410.0,69000,0.0,0.0
2023-12-07 00:00:00+09:00,3390.0,3395.0,3345.0,3350.0,24400,0.0,0.0
2023-12-08 00:00:00+09:00,3315.0,3330.0,3250.0,3270.0,43900,0.0,0.0
2023-12-11 00:00:00+09:00,3280.0,3315.0,3280.0,3300.0,25600,0.0,0.0
2023-12-12 00:00:00+09:00,3330.0,3340.0,3290.0,3295.0,14900,0.0,0.0
2023-12-13 00:00:00+09:00,3295.0,3325.0,3280.0,3300.0,16900,0.0,0.0
2023-12-14 00:00:00+09:00,3335.0,3335.0,3290.0,3310.0,21600,0.0,0.0
2023-12-15 00:00:00+09:00,3330.0,3330.0,3255.0,3255.0,44000,0.0,0.0
2023-12-18 00:00:00+09:00,3245.0,3265.0,3215.0,3260.0,26200,0.0,0.0
2023-12-19 00:00:00+09:00,3265.0,3270.0,3215.0,3230.0,24800,0.0,0.0
2023-12-20 00:00:00+09:00,3225.0,3270.0,3225.0,3255.0,21100,0.0,0.0
2023-12-21 00:00:00+09:00,3245.0,3260.0,3240.0,3240.0,18400,0.0,0.0
2023-12-22 00:00:00+09:00,3265.0,3290.0,3260.0,3285.0,18100,0.0,0.0
2023-12-25 00:00:00+09:00,3260.0,3270.0,3230.0,3240.0,21000,0.0,0.0
2023-12-26 00:00:00+09:00,3255.0,3270.0,3235.0,3245.0,29400,0.0,0.0
2023-12-27 00:00:00+09:00,3225.0,3275.0,3225.0,3270.0,29100,0.0,0.0
2023-12-28 00:00:00+09:00,3290.0,3290.0,3250.0,3285.0,17400,0.0,0.0
2023-12-29 00:00:00+09:00,3295.0,3295.0,3260.0,3270.0,15800,0.0,0.0
2024-01-04 00:00:00+09:00,3270.0,3325.0,3230.0,3325.0,33600,0.0,0.0
2024-01-05 00:00:00+09:00,3330.0,3335.0,3295.0,3310.0,21000,0.0,0.0
2024-01-09 00:00:00+09:00,3310.0,3365.0,3310.0,3355.0,26800,0.0,0.0
2024-01-10 00:00:00+09:00,3375.0,3405.0,3330.0,3390.0,38200,0.0,0.0
2024-01-11 00:00:00+09:00,3400.0,3410.0,3375.0,3400.0,31100,0.0,0.0
2024-01-12 00:00:00+09:00,3415.0,3415.0,3350.0,3360.0,24700,0.0,0.0
2024-01-15 00:00:00+09:00,3380.0,3385.0,3380.0,3380.0,1100,0.0,0.0
2024-01-16 00:00:00+09:00,3380.0,3430.0,3370.0,3380.0,22300,0.0,0.0
2024-01-17 00:00:00+09:00,3380.0,3410.0,3345.0,3345.0,36300,0.0,0.0
2024-01-18 00:00:00+09:00,3350.0,3350.0,3320.0,3325.0,25100,0.0,0.0
2024-01-19 00:00:00+09:00,3325.0,3345.0,3320.0,3330.0,19300,0.0,0.0
2024-01-22 00:00:00+09:00,3350.0,3360.0,3320.0,3325.0,19700,0.0,0.0
2024-01-23 00:00:00+09:00,3325.0,3360.0,3315.0,3315.0,29100,0.0,0.0
2024-01-24 00:00:00+09:00,3300.0,3315.0,3260.0,3285.0,30600,0.0,0.0
2024-01-25 00:00:00+09:00,3280.0,3310.0,3275.0,3310.0,29400,0.0,0.0
2024-01-26 00:00:00+09:00,3310.0,3345.0,3290.0,3320.0,37600,0.0,0.0
2024-01-29 00:00:00+09:00,3320.0,3345.0,3320.0,3335.0,25800,0.0,0.0
2024-01-30 00:00:00+09:00,3365.0,3365.0,3310.0,3315.0,30200,0.0,0.0
2024-01-31 00:00:00+09:00,3305.0,3350.0,3290.0,3350.0,25400,0.0,0.0
2024-02-01 00:00:00+09:00,3300.0,3335.0,3280.0,3320.0,36200,0.0,0.0
2024-02-02 00:00:00+09:00,3355.0,3365.0,3330.0,3335.0,31900,0.0,0.0
2024-02-05 00:00:00+09:00,3335.0,3380.0,3145.0,3215.0,136500,0.0,0.0
2024-02-06 00:00:00+09:00,3235.0,3245.0,3170.0,3175.0,84300,0.0,0.0
2024-02-07 00:00:00+09:00,3165.0,3185.0,3145.0,3170.0,49200,0.0,0.0
2024-02-08 00:00:00+09:00,3170.0,3240.0,3150.0,3215.0,54900,0.0,0.0
2024-02-09 00:00:00+09:00,3205.0,3230.0,3195.0,3225.0,26900,0.0,0.0
2024-02-13 00:00:00+09:00,3245.0,3265.0,3210.0,3240.0,62000,0.0,0.0
2024-02-14 00:00:00+09:00,3255.0,3260.0,3170.0,3175.0,47400,0.0,0.0
2024-02-15 00:00:00+09:00,3200.0,3200.0,3055.0,3070.0,107200,0.0,0.0
2024-02-16 00:00:00+09:00,3105.0,3145.0,3095.0,3120.0,44800,0.0,0.0
2024-02-19 00:00:00+09:00,3120.0,3175.0,3120.0,3175.0,20600,0.0,0.0
2024-02-20 00:00:00+09:00,3175.0,3210.0,3175.0,3190.0,22600,0.0,0.0
2024-02-21 00:00:00+09:00,3190.0,3210.0,3160.0,3180.0,27600,0.0,0.0
2024-02-22 00:00:00+09:00,3180.0,3205.0,3170.0,3200.0,35200,0.0,0.0
2024-02-26 00:00:00+09:00,3235.0,3240.0,3215.0,3240.0,35500,0.0,0.0
2024-02-27 00:00:00+09:00,3230.0,3300.0,3230.0,3280.0,46100,0.0,0.0
2024-02-28 00:00:00+09:00,3265.0,3300.0,3265.0,3290.0,28100,0.0,0.0
2024-02-29 00:00:00+09:00,3295.0,3295.0,3255.0,3270.0,40300,0.0,0.0
2024-03-01 00:00:00+09:00,3270.0,3270.0,3225.0,3240.0,16900,0.0,0.0
2024-03-04 00:00:00+09:00,3240.0,3265.0,3205.0,3235.0,24200,0.0,0.0
2024-03-05 00:00:00+09:00,3230.0,3230.0,3190.0,3225.0,45900,0.0,0.0
2024-03-06 00:00:00+09:00,3225.0,3285.0,3225.0,3260.0,34500,0.0,0.0
2024-03-07 00:00:00+09:00,3275.0,3275.0,3230.0,3245.0,28600,0.0,0.0
2024-03-08 00:00:00+09:00,3240.0,3320.0,3240.0,3270.0,78900,0.0,0.0
2024-03-11 00:00:00+09:00,3230.0,3240.0,3160.0,3195.0,29600,0.0,0.0
2024-03-12 00:00:00+09:00,3195.0,3195.0,3155.0,3190.0,24600,0.0,0.0
2024-03-13 00:00:00+09:00,3190.0,3190.0,3155.0,3170.0,23000,0.0,0.0
2024-03-14 00:00:00+09:00,3185.0,3195.0,3150.0,3185.0,27600,0.0,0.0
2024-03-15 00:00:00+09:00,3175.0,3255.0,3175.0,3250.0,37800,0.0,0.0
2024-03-18 00:00:00+09:00,3270.0,3280.0,3260.0,3275.0,19600,0.0,0.0
2024-03-19 00:00:00+09:00,3270.0,3305.0,3260.0,3290.0,30700,0.0,0.0
2024-03-21 00:00:00+09:00,3310.0,3315.0,3285.0,3290.0,21700,0.0,0.0
2024-03-22 00:00:00+09:00,3290.0,3290.0,3235.0,3285.0,28600,0.0,0.0
2024-03-25 00:00:00+09:00,3265.0,3290.0,3235.0,3235.0,28100,0.0,0.0
2024-03-26 00:00:00+09:00,3235.0,3245.0,3215.0,3235.0,22500,0.0,0.0
2024-03-27 00:00:00+09:00,3260.0,3305.0,3260.0,3290.0,41800,0.0,0.0
2024-03-28 00:00:00+09:00,3250.0,3260.0,3180.0,3195.0,37900,0.0,0.0
2024-03-29 00:00:00+09:00,3180.0,3220.0,3180.0,3205.0,14400,0.0,0.0
2024-04-01 00:00:00+09:00,3220.0,3230.0,3190.0,3200.0,19100,0.0,0.0
2024-04-02 00:00:00+09:00,3200.0,3200.0,3125.0,3135.0,41700,0.0,0.0
2024-04-03 00:00:00+09:00,3120.0,3140.0,3095.0,3110.0,38400,0.0,0.0
2024-04-04 00:00:00+09:00,3110.0,3115.0,3085.0,3110.0,41800,0.0,0.0
2024-04-05 00:00:00+09:00,3095.0,3140.0,3090.0,3135.0,27800,0.0,0.0
2024-04-08 00:00:00+09:00,3135.0,3145.0,3110.0,3145.0,31400,0.0,0.0
2024-04-09 00:00:00+09:00,3170.0,3170.0,3120.0,3135.0,16800,0.0,0.0
2024-04-10 00:00:00+09:00,3120.0,3140.0,3115.0,3140.0,14900,0.0,0.0
2024-04-11 00:00:00+09:00,3100.0,3140.0,3090.0,3130.0,18700,0.0,0.0
2024-04-12 00:00:00+09:00,3145.0,3165.0,3130.0,3165.0,32300,0.0,0.0
2024-04-15 00:00:00+09:00,3125.0,3165.0,3115.0,3165.0,26700,0.0,0.0
2024-04-16 00:00:00+09:00,3115.0,3145.0,3115.0,3145.0,27200,0.0,0.0
2024-04-17 00:00:00+09:00,3125.0,3140.0,3105.0,3105.0,30000,0.0,0.0
2024-04-18 00:00:00+09:00,3115.0,3130.0,3105.0,3115.0,12700,0.0,0.0
2024-04-19 00:00:00+09:00,3105.0,3120.0,3060.0,3090.0,33300,0.0,0.0
2024-04-22 00:00:00+09:00,3120.0,3160.0,3120.0,3150.0,16500,0.0,0.0
2024-04-23 00:00:00+09:00,3150.0,3165.0,3135.0,3165.0,20400,0.0,0.0
2024-04-24 00:00:00+09:00,3160.0,3165.0,3145.0,3155.0,20200,0.0,0.0
2024-04-25 00:00:00+09:00,3145.0,3145.0,3110.0,3115.0,25000,0.0,0.0
2024-04-26 00:00:00+09:00,3145.0,3145.0,3090.0,3145.0,90700,0.0,0.0
2024-04-30 00:00:00+09:00,3155.0,3190.0,3145.0,3190.0,40900,0.0,0.0
2024-05-01 00:00:00+09:00,3160.0,3210.0,3160.0,3205.0,18600,0.0,0.0
2024-05-02 00:00:00+09:00,3195.0,3210.0,3175.0,3190.0,13200,0.0,0.0
2024-05-07 00:00:00+09:00,3215.0,3215.0,3170.0,3205.0,20500,0.0,0.0
2024-05-08 00:00:00+09:00,3205.0,3210.0,3180.0,3190.0,28500,0.0,0.0
2024-05-09 00:00:00+09:00,3190.0,3230.0,3185.0,3215.0,19400,0.0,0.0
2024-05-10 00:00:00+09:00,3225.0,3230.0,3195.0,3230.0,20700,0.0,0.0
2024-05-13 00:00:00+09:00,3210.0,3245.0,3130.0,3150.0,26800,0.0,0.0
2024-05-14 00:00:00+09:00,3155.0,3170.0,3100.0,3120.0,39600,0.0,0.0
2024-05-15 00:00:00+09:00,3120.0,3120.0,3055.0,3055.0,30600,0.0,0.0
2024-05-16 00:00:00+09:00,3060.0,3065.0,3025.0,3055.0,28900,0.0,0.0
2024-05-17 00:00:00+09:00,3055.0,3055.0,3030.0,3055.0,13900,0.0,0.0
2024-05-20 00:00:00+09:00,3030.0,3060.0,3030.0,3045.0,35400,0.0,0.0
2024-05-21 00:00:00+09:00,3040.0,3060.0,3005.0,3005.0,36700,0.0,0.0
2024-05-22 00:00:00+09:00,3030.0,3030.0,2991.0,2995.0,44000,0.0,0.0
2024-05-23 00:00:00+09:00,2989.0,2989.0,2941.0,2957.0,35100,0.0,0.0
2024-05-24 00:00:00+09:00,2945.0,2966.0,2931.0,2955.0,30900,0.0,0.0
2024-05-27 00:00:00+09:00,2966.0,2966.0,2930.0,2958.0,35000,0.0,0.0
2024-05-28 00:00:00+09:00,2950.0,2957.0,2928.0,2928.0,26500,0.0,0.0
2024-05-29 00:00:00+09:00,2928.0,2945.0,2924.0,2925.0,27000,0.0,0.0
2024-05-30 00:00:00+09:00,2921.0,2965.0,2902.0,2951.0,29500,0.0,0.0
2024-05-31 00:00:00+09:00,2975.0,3035.0,2961.0,3030.0,71300,0.0,0.0
2024-06-03 00:00:00+09:00,3030.0,3060.0,3025.0,3035.0,30800,0.0,0.0
2024-06-04 00:00:00+09:00,3030.0,3090.0,3030.0,3060.0,35700,0.0,0.0
2024-06-05 00:00:00+09:00,3065.0,3085.0,3045.0,3075.0,35100,0.0,0.0
2024-06-06 00:00:00+09:00,3075.0,3090.0,3035.0,3045.0,18700,0.0,0.0
2024-06-07 00:00:00+09:00,3035.0,3060.0,3030.0,3050.0,16000,0.0,0.0
2024-06-10 00:00:00+09:00,3050.0,3115.0,3050.0,3110.0,19800,0.0,0.0
2024-06-11 00:00:00+09:00,3115.0,3120.0,3080.0,3080.0,20500,0.0,0.0
2024-06-12 00:00:00+09:00,3025.0,3040.0,2973.0,2983.0,56300,0.0,0.0
2024-06-13 00:00:00+09:00,2963.0,2963.0,2870.0,2870.0,83700,0.0,0.0
2024-06-14 00:00:00+09:00,2863.0,2935.0,2863.0,2922.0,60800,0.0,0.0
2024-06-17 00:00:00+09:00,2903.0,2972.0,2901.0,2972.0,35500,0.0,0.0
2024-06-18 00:00:00+09:00,2987.0,3005.0,2979.0,2990.0,30300,0.0,0.0
2024-06-19 00:00:00+09:00,2989.0,3015.0,2988.0,3015.0,19500,0.0,0.0
2024-06-20 00:00:00+09:00,3015.0,3040.0,3010.0,3030.0,24700,0.0,0.0
2024-06-21 00:00:00+09:00,3040.0,3085.0,3025.0,3070.0,63000,0.0,0.0
2024-06-24 00:00:00+09:00,3075.0,3115.0,3070.0,3085.0,34500,0.0,0.0
2024-06-25 00:00:00+09:00,3085.0,3115.0,3060.0,3100.0,43000,0.0,0.0
2024-06-26 00:00:00+09:00,3120.0,3145.0,3100.0,3130.0,32400,0.0,0.0
2024-06-27 00:00:00+09:00,3115.0,3120.0,3080.0,3100.0,36500,0.0,0.0
2024-06-28 00:00:00+09:00,3080.0,3115.0,3080.0,3115.0,25000,0.0,0.0
2024-07-01 00:00:00+09:00,3110.0,3155.0,3110.0,3150.0,27600,0.0,0.0
2024-07-02 00:00:00+09:00,3150.0,3235.0,3150.0,3215.0,59400,0.0,0.0
2024-07-03 00:00:00+09:00,3195.0,3260.0,3195.0,3255.0,38700,0.0,0.0
2024-07-04 00:00:00+09:00,3285.0,3305.0,3240.0,3285.0,35200,0.0,0.0
2024-07-05 00:00:00+09:00,3285.0,3330.0,3285.0,3290.0,30100,0.0,0.0
2024-07-08 00:00:00+09:00,3300.0,3330.0,3280.0,3290.0,38700,0.0,0.0
2024-07-09 00:00:00+09:00,3295.0,3370.0,3295.0,3350.0,44500,0.0,0.0
2024-07-10 00:00:00+09:00,3330.0,3330.0,3280.0,3300.0,52200,0.0,0.0
2024-07-11 00:00:00+09:00,3330.0,3345.0,3305.0,3325.0,35100,0.0,0.0
2024-07-12 00:00:00+09:00,3305.0,3370.0,3305.0,3370.0,32600,0.0,0.0
2024-07-16 00:00:00+09:00,3370.0,3420.0,3345.0,3365.0,61400,0.0,0.0
2024-07-17 00:00:00+09:00,3375.0,3430.0,3375.0,3430.0,28600,0.0,0.0
2024-07-18 00:00:00+09:00,3405.0,3515.0,3375.0,3465.0,38600,0.0,0.0
2024-07-19 00:00:00+09:00,3465.0,3485.0,3420.0,3460.0,20100,0.0,0.0
2024-07-22 00:00:00+09:00,3425.0,3425.0,3375.0,3385.0,26500,0.0,0.0
2024-07-23 00:00:00+09:00,3385.0,3460.0,3385.0,3440.0,26100,0.0,0.0
2024-07-24 00:00:00+09:00,3400.0,3455.0,3400.0,3425.0,17100,0.0,0.0
2024-07-25 00:00:00+09:00,3380.0,3480.0,3380.0,3460.0,41900,0.0,0.0
2024-07-26 00:00:00+09:00,3495.0,3545.0,3485.0,3485.0,47000,0.0,0.0
2024-07-29 00:00:00+09:00,3485.0,3520.0,3440.0,3500.0,33300,0.0,0.0
2024-07-30 00:00:00+09:00,3515.0,3525.0,3455.0,3460.0,27500,0.0,0.0
2024-07-31 00:00:00+09:00,3415.0,3540.0,3415.0,3540.0,34300,0.0,0.0
2024-08-01 00:00:00+09:00,3540.0,3540.0,3420.0,3480.0,29300,0.0,0.0
2024-08-02 00:00:00+09:00,3310.0,3335.0,3135.0,3215.0,84900,0.0,0.0
2024-08-05 00:00:00+09:00,3085.0,3225.0,2961.0,3035.0,50900,0.0,0.0
2024-08-06 00:00:00+09:00,3245.0,3245.0,3030.0,3105.0,50700,0.0,0.0
2024-08-07 00:00:00+09:00,3075.0,3250.0,3060.0,3185.0,29800,0.0,0.0
2024-08-08 00:00:00+09:00,3165.0,3250.0,3085.0,3190.0,26800,0.0,0.0
2024-08-09 00:00:00+09:00,3260.0,3280.0,3155.0,3195.0,49700,0.0,0.0
2024-08-13 00:00:00+09:00,3125.0,3285.0,3125.0,3245.0,17500,0.0,0.0
2024-08-14 00:00:00+09:00,3245.0,3260.0,3185.0,3255.0,13100,0.0,0.0
2024-08-15 00:00:00+09:00,3260.0,3260.0,3225.0,3235.0,16000,0.0,0.0
2024-08-16 00:00:00+09:00,3290.0,3295.0,3235.0,3290.0,17000,0.0,0.0
2024-08-19 00:00:00+09:00,3255.0,3290.0,3215.0,3240.0,35100,0.0,0.0
2024-08-20 00:00:00+09:00,3255.0,3300.0,3245.0,3300.0,11900,0.0,0.0
2024-08-21 00:00:00+09:00,3255.0,3280.0,3220.0,3230.0,9600,0.0,0.0
2024-08-22 00:00:00+09:00,3230.0,3280.0,3230.0,3280.0,8200,0.0,0.0
2024-08-23 00:00:00+09:00,3280.0,3320.0,3275.0,3285.0,10600,0.0,0.0
2024-08-26 00:00:00+09:00,3320.0,3320.0,3250.0,3315.0,18300,0.0,0.0
2024-08-27 00:00:00+09:00,3310.0,3355.0,3310.0,3330.0,10600,0.0,0.0
2024-08-28 00:00:00+09:00,3310.0,3345.0,3290.0,3340.0,8500,0.0,0.0
2024-08-29 00:00:00+09:00,3320.0,3340.0,3280.0,3285.0,10500,0.0,0.0
2024-08-30 00:00:00+09:00,3320.0,3335.0,3300.0,3300.0,20900,0.0,0.0
2024-09-02 00:00:00+09:00,3300.0,3320.0,3240.0,3280.0,13900,0.0,0.0
2024-09-03 00:00:00+09:00,3285.0,3375.0,3285.0,3335.0,18200,0.0,0.0
2024-09-04 00:00:00+09:00,3280.0,3335.0,3265.0,3290.0,19600,0.0,0.0
2024-09-05 00:00:00+09:00,3270.0,3310.0,3265.0,3305.0,19200,0.0,0.0
2024-09-06 00:00:00+09:00,3330.0,3330.0,3290.0,3290.0,18600,0.0,0.0
2024-09-09 00:00:00+09:00,3295.0,3320.0,3260.0,3300.0,12500,0.0,0.0
2024-09-10 00:00:00+09:00,3300.0,3325.0,3245.0,3245.0,11800,0.0,0.0
2024-09-11 00:00:00+09:00,3210.0,3250.0,3195.0,3220.0,25500,0.0,0.0
2024-09-12 00:00:00+09:00,3260.0,3275.0,3200.0,3240.0,20900,0.0,0.0
2024-09-13 00:00:00+09:00,3240.0,3240.0,3185.0,3185.0,25700,0.0,0.0
2024-09-17 00:00:00+09:00,3220.0,3225.0,3175.0,3220.0,17500,0.0,0.0
2024-09-18 00:00:00+09:00,3175.0,3230.0,3175.0,3230.0,18500,0.0,0.0
2024-09-19 00:00:00+09:00,3230.0,3265.0,3230.0,3260.0,23700,0.0,0.0
2024-09-20 00:00:00+09:00,3260.0,3310.0,3250.0,3280.0,40000,0.0,0.0
2024-09-24 00:00:00+09:00,3300.0,3310.0,3275.0,3290.0,19100,0.0,0.0
2024-09-25 00:00:00+09:00,3290.0,3375.0,3230.0,3355.0,30700,0.0,0.0
2024-09-26 00:00:00+09:00,3390.0,3530.0,3390.0,3530.0,69800,0.0,0.0
2024-09-27 00:00:00+09:00,3490.0,3520.0,3410.0,3430.0,30400,0.0,0.0
2024-09-30 00:00:00+09:00,3310.0,3400.0,3310.0,3355.0,25100,0.0,0.0
2024-10-01 00:00:00+09:00,3350.0,3390.0,3300.0,3375.0,16500,0.0,0.0
2024-10-02 00:00:00+09:00,3320.0,3425.0,3320.0,3395.0,26400,0.0,0.0
2024-10-03 00:00:00+09:00,3430.0,3455.0,3415.0,3440.0,18400,0.0,0.0
2024-10-04 00:00:00+09:00,3440.0,3495.0,3440.0,3480.0,24700,0.0,0.0
2024-10-07 00:00:00+09:00,3495.0,3495.0,3435.0,3460.0,24000,0.0,0.0
2024-10-08 00:00:00+09:00,3445.0,3505.0,3430.0,3460.0,28400,0.0,0.0
2024-10-09 00:00:00+09:00,3480.0,3500.0,3455.0,3460.0,17900,0.0,0.0
2024-10-10 00:00:00+09:00,3485.0,3485.0,3405.0,3465.0,12900,0.0,0.0
2024-10-11 00:00:00+09:00,3440.0,3470.0,3430.0,3435.0,18700,0.0,0.0
2024-10-15 00:00:00+09:00,3470.0,3485.0,3435.0,3460.0,19400,0.0,0.0
2024-10-16 00:00:00+09:00,3425.0,3495.0,3425.0,3450.0,13500,0.0,0.0
2024-10-17 00:00:00+09:00,3445.0,3480.0,3440.0,3460.0,12400,0.0,0.0
2024-10-18 00:00:00+09:00,3470.0,3545.0,3470.0,3535.0,26000,0.0,0.0
2024-10-21 00:00:00+09:00,3550.0,3550.0,3490.0,3510.0,21700,0.0,0.0
2024-10-22 00:00:00+09:00,3535.0,3535.0,3435.0,3465.0,20900,0.0,0.0
2024-10-23 00:00:00+09:00,3480.0,3510.0,3435.0,3440.0,15600,0.0,0.0
2024-10-24 00:00:00+09:00,3445.0,3470.0,3425.0,3440.0,19300,0.0,0.0
2024-10-25 00:00:00+09:00,3415.0,3420.0,3355.0,3365.0,20400,0.0,0.0
