Date,Open,High,Low,Close,Volume,Dividends,Stock Splits
2001-01-04 00:00:00+09:00,98.80157470703125,98.80157470703125,98.80157470703125,98.80157470703125,3000,0.0,0.0
2001-01-05 00:00:00+09:00,97.27922043882258,97.27922043882258,94.38672637939453,94.38672637939453,39000,0.0,0.0
2001-01-08 00:00:00+09:00,94.38672637939453,94.38672637939453,94.38672637939453,94.38672637939453,0,0.0,0.0
2001-01-09 00:00:00+09:00,93.77777099609375,93.77777099609375,93.77777099609375,93.77777099609375,3000,0.0,0.0
2001-01-10 00:00:00+09:00,93.01663970947266,93.01663970947266,93.01663970947266,93.01663970947266,12000,0.0,0.0
2001-01-11 00:00:00+09:00,102.15081787109375,102.15081787109375,102.15081787109375,102.15081787109375,9000,0.0,0.0
2001-01-12 00:00:00+09:00,102.15081787109375,102.15081787109375,102.15081787109375,102.15081787109375,0,0.0,0.0
2001-01-15 00:00:00+09:00,102.15081787109375,102.15081787109375,102.15081787109375,102.15081787109375,0,0.0,0.0
2001-01-16 00:00:00+09:00,102.15081787109375,102.15081787109375,102.15081787109375,102.15081787109375,0,0.0,0.0
2001-01-17 00:00:00+09:00,102.15081787109375,102.15081787109375,102.15081787109375,102.15081787109375,0,0.0,0.0
2001-01-18 00:00:00+09:00,101.23738098144531,101.23738098144531,101.23738098144531,101.23738098144531,6000,0.0,0.0
2001-01-19 00:00:00+09:00,101.23738098144531,101.23738098144531,101.23738098144531,101.23738098144531,12000,0.0,0.0
2001-01-22 00:00:00+09:00,101.38961791992188,101.38961791992188,101.38961791992188,101.38961791992188,3000,0.0,0.0
2001-01-23 00:00:00+09:00,103.52092742919922,103.52092742919922,103.52092742919922,103.52092742919922,3000,0.0,0.0
2001-01-24 00:00:00+09:00,104.28210619442754,105.80447738802044,104.28210619442754,105.19552612304688,27000,0.0,0.0
2001-01-25 00:00:00+09:00,105.80448913574219,105.80448913574219,105.80448913574219,105.80448913574219,3000,0.0,0.0
2001-01-26 00:00:00+09:00,105.80448913574219,105.80448913574219,105.80448913574219,105.80448913574219,6000,0.0,0.0
2001-01-29 00:00:00+09:00,105.80448913574219,105.80448913574219,105.80448913574219,105.80448913574219,0,0.0,0.0
2001-01-30 00:00:00+09:00,105.80448913574219,105.80448913574219,105.80448913574219,105.80448913574219,0,0.0,0.0
2001-01-31 00:00:00+09:00,105.80448913574219,105.80448913574219,105.80448913574219,105.80448913574219,9000,0.0,0.0
2001-02-01 00:00:00+09:00,105.80448913574219,105.80448913574219,105.80448913574219,105.80448913574219,6000,0.0,0.0
2001-02-02 00:00:00+09:00,105.6522615752566,105.6522615752566,104.89108276367188,104.89108276367188,15000,0.0,0.0
2001-02-05 00:00:00+09:00,105.04331713222028,105.04331713222028,104.89108276367188,104.89108276367188,9000,0.0,0.0
2001-02-06 00:00:00+09:00,104.89108276367188,104.89108276367188,104.89108276367188,104.89108276367188,0,0.0,0.0
2001-02-07 00:00:00+09:00,103.67317340937171,105.80448913574219,103.67317340937171,105.80448913574219,21000,0.0,0.0
2001-02-08 00:00:00+09:00,105.80448913574219,105.80448913574219,105.80448913574219,105.80448913574219,0,0.0,0.0
2001-02-09 00:00:00+09:00,105.80448913574219,105.80448913574219,105.80448913574219,105.80448913574219,0,0.0,0.0
2001-02-12 00:00:00+09:00,105.80448913574219,105.80448913574219,105.80448913574219,105.80448913574219,0,0.0,0.0
2001-02-13 00:00:00+09:00,106.565673828125,106.565673828125,106.565673828125,106.565673828125,30000,0.0,0.0
2001-02-14 00:00:00+09:00,106.565673828125,106.565673828125,106.565673828125,106.565673828125,0,0.0,0.0
2001-02-15 00:00:00+09:00,111.1327564887211,111.1327564887211,110.98052215576172,110.98052215576172,6000,0.0,0.0
2001-02-16 00:00:00+09:00,110.98052215576172,110.98052215576172,110.98052215576172,110.98052215576172,3000,0.0,0.0
2001-02-19 00:00:00+09:00,111.13275146484375,111.13275146484375,111.13275146484375,111.13275146484375,12000,0.0,0.0
2001-02-20 00:00:00+09:00,111.13274301762112,111.89392852783203,111.13274301762112,111.89392852783203,24000,0.0,0.0
2001-02-21 00:00:00+09:00,111.2850112915039,111.2850112915039,111.2850112915039,111.2850112915039,9000,0.0,0.0
2001-02-22 00:00:00+09:00,111.89392852783203,111.89392852783203,111.89392852783203,111.89392852783203,6000,0.0,0.0
2001-02-23 00:00:00+09:00,111.89392852783203,111.89392852783203,111.89392852783203,111.89392852783203,0,0.0,0.0
2001-02-26 00:00:00+09:00,112.80733989391142,112.80733989391142,112.65510559082031,112.65510559082031,12000,0.0,0.0
2001-02-27 00:00:00+09:00,112.65510559082031,112.65510559082031,112.65510559082031,112.65510559082031,6000,0.0,0.0
2001-02-28 00:00:00+09:00,112.65510559082031,112.65510559082031,112.65510559082031,112.65510559082031,21000,0.0,0.0
2001-03-01 00:00:00+09:00,112.50288130606309,112.50288130606309,111.13275146484375,111.13275146484375,6000,0.0,0.0
2001-03-02 00:00:00+09:00,111.13275146484375,111.13275146484375,111.13275146484375,111.13275146484375,6000,0.0,0.0
2001-03-05 00:00:00+09:00,112.65510559082031,112.65510559082031,111.89392013768541,112.65510559082031,12000,0.0,0.0
2001-03-06 00:00:00+09:00,112.65510559082031,112.65510559082031,112.65510559082031,112.65510559082031,0,0.0,0.0
2001-03-07 00:00:00+09:00,114.177490234375,114.177490234375,114.177490234375,114.177490234375,3000,0.0,0.0
2001-03-08 00:00:00+09:00,114.177490234375,114.177490234375,114.177490234375,114.177490234375,0,0.0,0.0
2001-03-09 00:00:00+09:00,112.65510559082031,112.65510559082031,112.65510559082031,112.65510559082031,6000,0.0,0.0
2001-03-12 00:00:00+09:00,114.17746952825041,114.17746952825041,112.65510559082031,112.65510559082031,12000,0.0,0.0
2001-03-13 00:00:00+09:00,112.35068855285644,112.35068855285644,109.61042785644531,109.61042785644531,18000,0.0,0.0
2001-03-14 00:00:00+09:00,109.61042785644531,109.61042785644531,109.61042785644531,109.61042785644531,0,0.0,0.0
2001-03-15 00:00:00+09:00,110.37158966064453,110.37158966064453,110.37158966064453,110.37158966064453,6000,0.0,0.0
2001-03-16 00:00:00+09:00,110.37158966064453,110.37158966064453,110.37158966064453,110.37158966064453,0,0.0,0.0
2001-03-19 00:00:00+09:00,111.13275146484375,111.13275146484375,111.13275146484375,111.13275146484375,3000,0.0,0.0
2001-03-20 00:00:00+09:00,111.13275146484375,111.13275146484375,111.13275146484375,111.13275146484375,0,0.0,0.0
2001-03-21 00:00:00+09:00,119.04906463623047,119.04906463623047,119.04906463623047,119.04906463623047,6000,0.0,0.0
2001-03-22 00:00:00+09:00,119.04906463623047,119.04906463623047,119.04906463623047,119.04906463623047,0,0.0,0.0
2001-03-23 00:00:00+09:00,118.89681532171234,120.26694502220192,118.74457404243125,119.50575256347656,30000,0.0,0.0
2001-03-26 00:00:00+09:00,121.78933715820312,121.78933715820312,121.78933715820312,121.78933715820312,12000,0.0,0.0
2001-03-27 00:00:00+09:00,126.53439331054688,126.53439331054688,126.53439331054688,126.53439331054688,9000,10.0,0.0
2001-03-28 00:00:00+09:00,126.53439331054688,126.53439331054688,126.53439331054688,126.53439331054688,0,0.0,0.0
2001-03-29 00:00:00+09:00,126.53439331054688,126.53439331054688,126.53439331054688,126.53439331054688,6000,0.0,0.0
2001-03-30 00:00:00+09:00,126.53433292600273,126.53433292600273,123.37097930908203,123.37097930908203,27000,0.0,0.0
2001-04-02 00:00:00+09:00,123.37097930908203,123.37097930908203,123.37097930908203,123.37097930908203,9000,0.0,0.0
2001-04-03 00:00:00+09:00,126.53438626205677,128.11607097757275,123.84553527832031,123.84553527832031,12000,0.0,0.0
2001-04-04 00:00:00+09:00,123.84553527832031,123.84553527832031,123.84553527832031,123.84553527832031,0,0.0,0.0
2001-04-05 00:00:00+09:00,126.53439331054688,126.53439331054688,126.53439331054688,126.53439331054688,3000,0.0,0.0
2001-04-06 00:00:00+09:00,126.53439331054688,126.53439331054688,126.53439331054688,126.53439331054688,0,0.0,0.0
2001-04-09 00:00:00+09:00,128.11605834960938,128.11605834960938,128.11605834960938,128.11605834960938,3000,0.0,0.0
2001-04-10 00:00:00+09:00,128.11607811416923,128.11607811416923,126.53439331054688,126.53439331054688,12000,0.0,0.0
2001-04-11 00:00:00+09:00,136.02447509765625,136.02447509765625,136.02447509765625,136.02447509765625,6000,0.0,0.0
2001-04-12 00:00:00+09:00,136.02447509765625,136.02447509765625,136.02447509765625,136.02447509765625,0,0.0,0.0
2001-04-13 00:00:00+09:00,136.02447509765625,136.02447509765625,136.02447509765625,136.02447509765625,3000,0.0,0.0
2001-04-16 00:00:00+09:00,136.02447509765625,136.02447509765625,136.02447509765625,136.02447509765625,0,0.0,0.0
2001-04-17 00:00:00+09:00,136.02447509765625,136.02447509765625,136.02447509765625,136.02447509765625,0,0.0,0.0
2001-04-18 00:00:00+09:00,134.60093688964844,135.54994470433624,134.60093688964844,134.60093688964844,9000,0.0,0.0
2001-04-19 00:00:00+09:00,134.2846221923828,134.2846221923828,134.2846221923828,134.2846221923828,3000,0.0,0.0
2001-04-20 00:00:00+09:00,134.4427608921601,134.4427608921601,129.8558807373047,129.8558807373047,36000,0.0,0.0
2001-04-23 00:00:00+09:00,129.8558807373047,129.8558807373047,129.8558807373047,129.8558807373047,0,0.0,0.0
2001-04-24 00:00:00+09:00,131.27943420410156,131.27943420410156,131.27943420410156,131.27943420410156,3000,0.0,0.0
2001-04-25 00:00:00+09:00,131.27943420410156,131.27943420410156,131.27943420410156,131.27943420410156,3000,0.0,0.0
2001-04-26 00:00:00+09:00,131.27943420410156,131.27943420410156,131.27943420410156,131.27943420410156,3000,0.0,0.0
2001-04-27 00:00:00+09:00,136.49898974166797,137.60617065429688,134.44281523627518,137.60617065429688,15000,0.0,0.0
2001-04-30 00:00:00+09:00,137.60617065429688,137.60617065429688,137.60617065429688,137.60617065429688,0,0.0,0.0
2001-05-01 00:00:00+09:00,137.60617065429688,137.60617065429688,137.60617065429688,137.60617065429688,3000,0.0,0.0
2001-05-02 00:00:00+09:00,137.4479098163977,137.6060825542812,130.01402282714844,130.01402282714844,21000,0.0,0.0
2001-05-03 00:00:00+09:00,130.01402282714844,130.01402282714844,130.01402282714844,130.01402282714844,0,0.0,0.0
2001-05-04 00:00:00+09:00,130.01402282714844,130.01402282714844,130.01402282714844,130.01402282714844,0,0.0,0.0
2001-05-07 00:00:00+09:00,132.86111450195312,132.86111450195312,132.86111450195312,132.86111450195312,30,0.0,0.0
2001-05-08 00:00:00+09:00,133.17738342285156,133.17738342285156,133.17738342285156,133.17738342285156,60,0.0,0.0
2001-05-09 00:00:00+09:00,133.17738342285156,133.17738342285156,133.17738342285156,133.17738342285156,30,0.0,0.0
2001-05-10 00:00:00+09:00,133.17738342285156,133.17738342285156,133.17738342285156,133.17738342285156,0,0.0,0.0
2001-05-11 00:00:00+09:00,133.1774714707212,134.4428253173828,133.1774714707212,134.4428253173828,60,0.0,0.0
2001-05-14 00:00:00+09:00,134.4428253173828,134.4428253173828,134.4428253173828,134.4428253173828,0,0.0,0.0
2001-05-15 00:00:00+09:00,134.44278127797912,134.44278127797912,133.6519317626953,133.6519317626953,12000,0.0,0.0
2001-05-16 00:00:00+09:00,128.90689086914062,128.90689086914062,128.90689086914062,128.90689086914062,3000,0.0,0.0
2001-05-17 00:00:00+09:00,128.90689086914062,128.90689086914062,128.90689086914062,128.90689086914062,0,0.0,0.0
2001-05-18 00:00:00+09:00,128.90689086914062,128.90689086914062,128.90689086914062,128.90689086914062,0,0.0,0.0
2001-05-21 00:00:00+09:00,128.90689086914062,128.90689086914062,128.90689086914062,128.90689086914062,0,0.0,0.0
2001-05-22 00:00:00+09:00,132.86111450195312,132.86111450195312,132.86111450195312,132.86111450195312,3000,0.0,0.0
2001-05-23 00:00:00+09:00,134.44278126612713,139.1878204345703,134.44278126612713,139.1878204345703,9000,0.0,0.0
2001-05-24 00:00:00+09:00,135.23361206054688,135.23361206054688,135.23361206054688,135.23361206054688,12000,0.0,0.0
2001-05-25 00:00:00+09:00,135.23361206054688,135.23361206054688,135.23361206054688,135.23361206054688,0,0.0,0.0
2001-05-28 00:00:00+09:00,135.23361206054688,135.23361206054688,135.23361206054688,135.23361206054688,0,0.0,0.0
2001-05-29 00:00:00+09:00,126.53439331054688,126.53439331054688,126.53439331054688,126.53439331054688,3000,0.0,0.0
2001-05-30 00:00:00+09:00,126.53439331054688,126.53439331054688,126.53439331054688,126.53439331054688,3000,0.0,0.0
2001-05-31 00:00:00+09:00,126.69255065917969,126.69255065917969,126.69255065917969,126.69255065917969,3000,0.0,0.0
2001-06-01 00:00:00+09:00,126.37620544433594,126.37620544433594,126.37620544433594,126.37620544433594,3000,0.0,0.0
2001-06-04 00:00:00+09:00,126.37620544433594,126.37620544433594,126.37620544433594,126.37620544433594,0,0.0,0.0
2001-06-05 00:00:00+09:00,126.37620544433594,126.37620544433594,126.37620544433594,126.37620544433594,0,0.0,0.0
2001-06-06 00:00:00+09:00,126.37620544433594,126.37620544433594,126.37620544433594,126.37620544433594,0,0.0,0.0
2001-06-07 00:00:00+09:00,126.37620544433594,126.37620544433594,126.37620544433594,126.37620544433594,0,0.0,0.0
2001-06-08 00:00:00+09:00,115.62079620361328,115.62079620361328,115.62079620361328,115.62079620361328,6000,0.0,0.0
2001-06-11 00:00:00+09:00,126.05987548828125,126.05987548828125,126.05987548828125,126.05987548828125,3000,0.0,0.0
2001-06-12 00:00:00+09:00,126.37620544433594,126.37620544433594,126.37620544433594,126.37620544433594,3000,0.0,0.0
2001-06-13 00:00:00+09:00,126.37620544433594,126.37620544433594,126.37620544433594,126.37620544433594,0,0.0,0.0
2001-06-14 00:00:00+09:00,125.11088133150055,126.53439331054688,125.11088133150055,126.53439331054688,6000,0.0,0.0
2001-06-15 00:00:00+09:00,126.37620544433594,126.37620544433594,126.37620544433594,126.37620544433594,9000,0.0,0.0
2001-06-18 00:00:00+09:00,126.37620544433594,126.37620544433594,126.37620544433594,126.37620544433594,0,0.0,0.0
2001-06-19 00:00:00+09:00,126.37620544433594,126.37620544433594,126.37620544433594,126.37620544433594,0,0.0,0.0
2001-06-20 00:00:00+09:00,126.37620544433594,126.37620544433594,126.37620544433594,126.37620544433594,0,0.0,0.0
2001-06-21 00:00:00+09:00,120.20765686035156,120.20765686035156,120.20765686035156,120.20765686035156,9000,0.0,0.0
2001-06-22 00:00:00+09:00,123.37097930908203,123.37097930908203,123.37097930908203,123.37097930908203,9000,0.0,0.0
2001-06-25 00:00:00+09:00,124.95272298763719,126.53439331054688,124.95272298763719,126.53439331054688,12000,0.0,0.0
2001-06-26 00:00:00+09:00,126.53439331054688,126.53439331054688,126.53439331054688,126.53439331054688,3000,0.0,0.0
2001-06-27 00:00:00+09:00,128.11605834960938,128.11605834960938,128.11605834960938,128.11605834960938,6000,0.0,0.0
2001-06-28 00:00:00+09:00,128.11605834960938,128.11605834960938,128.11605834960938,128.11605834960938,0,0.0,0.0
2001-06-29 00:00:00+09:00,128.11605834960938,128.11605834960938,128.11605834960938,128.11605834960938,3000,0.0,0.0
2001-07-02 00:00:00+09:00,136.02447509765625,136.02447509765625,136.02447509765625,136.02447509765625,15000,0.0,0.0
2001-07-03 00:00:00+09:00,136.02447509765625,136.02447509765625,136.02447509765625,136.02447509765625,0,0.0,0.0
2001-07-04 00:00:00+09:00,136.02447509765625,136.02447509765625,136.02447509765625,136.02447509765625,0,0.0,0.0
2001-07-05 00:00:00+09:00,136.02447509765625,136.02447509765625,136.02447509765625,136.02447509765625,0,0.0,0.0
2001-07-06 00:00:00+09:00,123.37097930908203,123.37097930908203,123.37097930908203,123.37097930908203,3000,0.0,0.0
2001-07-09 00:00:00+09:00,131.12126909744154,131.12126909744154,120.84034729003906,120.84034729003906,27000,0.0,0.0
2001-07-10 00:00:00+09:00,120.84034729003906,120.84034729003906,120.84034729003906,120.84034729003906,0,0.0,0.0
2001-07-11 00:00:00+09:00,129.69773864746094,129.69773864746094,129.69773864746094,129.69773864746094,3000,0.0,0.0
2001-07-12 00:00:00+09:00,121.15664672851562,121.15664672851562,121.15664672851562,121.15664672851562,3000,0.0,0.0
2001-07-13 00:00:00+09:00,121.4730224609375,121.4730224609375,121.4730224609375,121.4730224609375,3000,0.0,0.0
2001-07-16 00:00:00+09:00,121.4730224609375,121.4730224609375,121.4730224609375,121.4730224609375,0,0.0,0.0
2001-07-17 00:00:00+09:00,122.26387786865234,122.26387786865234,122.26387786865234,122.26387786865234,3000,0.0,0.0
2001-07-18 00:00:00+09:00,122.2638513603056,122.2638513603056,120.9985122680664,120.9985122680664,9000,0.0,0.0
2001-07-19 00:00:00+09:00,127.32521057128906,127.32521057128906,127.32521057128906,127.32521057128906,3000,0.0,0.0
2001-07-20 00:00:00+09:00,127.32521057128906,127.32521057128906,127.32521057128906,127.32521057128906,0,0.0,0.0
2001-07-23 00:00:00+09:00,126.6925661351229,126.6925661351229,126.53439331054688,126.53439331054688,21000,0.0,0.0
2001-07-24 00:00:00+09:00,127.32521116364316,127.32521116364316,124.1618423461914,124.1618423461914,12000,0.0,0.0
2001-07-25 00:00:00+09:00,124.16183957039088,124.16183957039088,122.58016967773438,122.58016967773438,21000,0.0,0.0
2001-07-26 00:00:00+09:00,122.58016967773438,122.58016967773438,122.58016967773438,122.58016967773438,6000,0.0,0.0
2001-07-27 00:00:00+09:00,122.58016967773438,122.58016967773438,122.58016967773438,122.58016967773438,0,0.0,0.0
2001-07-30 00:00:00+09:00,122.58016967773438,122.58016967773438,122.58016967773438,122.58016967773438,12000,0.0,0.0
2001-07-31 00:00:00+09:00,122.4220199584961,122.4220199584961,122.4220199584961,122.4220199584961,9000,0.0,0.0
2001-08-01 00:00:00+09:00,122.4220199584961,122.4220199584961,122.4220199584961,122.4220199584961,0,0.0,0.0
2001-08-02 00:00:00+09:00,122.4220199584961,122.4220199584961,122.4220199584961,122.4220199584961,9000,0.0,0.0
2001-08-03 00:00:00+09:00,122.4220199584961,122.4220199584961,122.4220199584961,122.4220199584961,0,0.0,0.0
2001-08-06 00:00:00+09:00,122.4220199584961,122.4220199584961,122.4220199584961,122.4220199584961,3000,0.0,0.0
2001-08-07 00:00:00+09:00,122.73832797857477,122.73832797857477,122.58016967773438,122.58016967773438,6000,0.0,0.0
2001-08-08 00:00:00+09:00,122.58016967773438,122.58016967773438,122.58016967773438,122.58016967773438,0,0.0,0.0
2001-08-09 00:00:00+09:00,122.58016967773438,122.58016967773438,122.58016967773438,122.58016967773438,0,0.0,0.0
2001-08-10 00:00:00+09:00,122.58016967773438,122.58016967773438,122.42199689618522,122.58016967773438,15000,0.0,0.0
2001-08-13 00:00:00+09:00,131.27943420410156,131.27943420410156,131.27943420410156,131.27943420410156,6000,0.0,0.0
2001-08-14 00:00:00+09:00,131.27943420410156,131.27943420410156,131.27943420410156,131.27943420410156,0,0.0,0.0
2001-08-15 00:00:00+09:00,131.27943420410156,131.27943420410156,131.27943420410156,131.27943420410156,0,0.0,0.0
2001-08-16 00:00:00+09:00,131.27943420410156,131.27943420410156,131.27943420410156,131.27943420410156,0,0.0,0.0
2001-08-17 00:00:00+09:00,131.27943420410156,131.27943420410156,131.27943420410156,131.27943420410156,0,0.0,0.0
2001-08-20 00:00:00+09:00,129.3813947796782,129.3813947796782,128.90689086914062,128.90689086914062,18000,0.0,0.0
2001-08-21 00:00:00+09:00,128.90689086914062,128.90689086914062,128.90689086914062,128.90689086914062,0,0.0,0.0
2001-08-22 00:00:00+09:00,128.9068933890615,128.9068933890615,128.11605834960938,128.11605834960938,9000,0.0,0.0
2001-08-23 00:00:00+09:00,128.11605834960938,128.11605834960938,128.11605834960938,128.11605834960938,0,0.0,0.0
2001-08-24 00:00:00+09:00,127.95783233642578,127.95783233642578,127.95783233642578,127.95783233642578,6000,0.0,0.0
2001-08-27 00:00:00+09:00,127.79972839355469,127.79972839355469,127.79972839355469,127.79972839355469,6000,0.0,0.0
2001-08-28 00:00:00+09:00,127.16706848144531,127.16706848144531,127.16706848144531,127.16706848144531,3000,0.0,0.0
2001-08-29 00:00:00+09:00,127.16706848144531,127.16706848144531,127.16706848144531,127.16706848144531,0,0.0,0.0
2001-08-30 00:00:00+09:00,127.16706848144531,127.16706848144531,127.16706848144531,127.16706848144531,0,0.0,0.0
2001-08-31 00:00:00+09:00,127.16706848144531,127.16706848144531,127.16706848144531,127.16706848144531,0,0.0,0.0
2001-09-03 00:00:00+09:00,127.16706848144531,127.16706848144531,127.16706848144531,127.16706848144531,0,0.0,0.0
2001-09-04 00:00:00+09:00,127.16706848144531,127.16706848144531,127.16706848144531,127.16706848144531,0,0.0,0.0
2001-09-05 00:00:00+09:00,121.78933715820312,121.78933715820312,121.78933715820312,121.78933715820312,6000,0.0,0.0
2001-09-06 00:00:00+09:00,118.62593841552734,118.62593841552734,118.62593841552734,118.62593841552734,6000,0.0,0.0
2001-09-07 00:00:00+09:00,118.62593841552734,118.62593841552734,118.62593841552734,118.62593841552734,27000,0.0,0.0
2001-09-10 00:00:00+09:00,118.62597949334847,118.62597949334847,112.29926300048828,112.29926300048828,9000,0.0,0.0
2001-09-11 00:00:00+09:00,122.58016967773438,122.58016967773438,122.58016967773438,122.58016967773438,6000,0.0,0.0
2001-09-12 00:00:00+09:00,120.20761518095016,120.20761518095016,118.62593841552734,118.62593841552734,15000,0.0,0.0
2001-09-13 00:00:00+09:00,118.62593841552734,118.62593841552734,118.62593841552734,118.62593841552734,0,0.0,0.0
2001-09-14 00:00:00+09:00,118.62593841552734,118.62593841552734,118.62593841552734,118.62593841552734,0,0.0,0.0
2001-09-17 00:00:00+09:00,118.62593841552734,118.62593841552734,118.62593841552734,118.62593841552734,9000,0.0,0.0
2001-09-18 00:00:00+09:00,118.62593841552734,118.62593841552734,118.62593841552734,118.62593841552734,9000,0.0,0.0
2001-09-19 00:00:00+09:00,118.15149688720703,118.15149688720703,118.15149688720703,118.15149688720703,12000,0.0,0.0
2001-09-20 00:00:00+09:00,118.62593841552734,118.62593841552734,118.62593841552734,118.62593841552734,24000,0.0,0.0
2001-09-21 00:00:00+09:00,117.04429626464844,117.04429626464844,117.04429626464844,117.04429626464844,6000,0.0,0.0
2001-09-24 00:00:00+09:00,117.04429626464844,117.04429626464844,117.04429626464844,117.04429626464844,0,0.0,0.0
2001-09-25 00:00:00+09:00,121.9898452758789,121.9898452758789,121.9898452758789,121.9898452758789,6000,10.0,0.0
2001-09-26 00:00:00+09:00,121.9898452758789,121.9898452758789,121.9898452758789,121.9898452758789,12000,0.0,0.0
2001-09-27 00:00:00+09:00,121.9898452758789,121.9898452758789,121.9898452758789,121.9898452758789,0,0.0,0.0
2001-09-28 00:00:00+09:00,121.9898452758789,121.9898452758789,121.9898452758789,121.9898452758789,0,0.0,0.0
2001-10-01 00:00:00+09:00,121.9898452758789,121.9898452758789,121.9898452758789,121.9898452758789,0,0.0,0.0
2001-10-02 00:00:00+09:00,121.98984793741262,121.98984793741262,120.3413314819336,120.3413314819336,15000,0.0,0.0
2001-10-03 00:00:00+09:00,120.3413314819336,120.3413314819336,120.3413314819336,120.3413314819336,9000,0.0,0.0
2001-10-04 00:00:00+09:00,120.3413314819336,120.3413314819336,120.3413314819336,120.3413314819336,9000,0.0,0.0
2001-10-05 00:00:00+09:00,120.3413314819336,120.3413314819336,120.3413314819336,120.3413314819336,6000,0.0,0.0
2001-10-08 00:00:00+09:00,120.3413314819336,120.3413314819336,120.3413314819336,120.3413314819336,0,0.0,0.0
2001-10-09 00:00:00+09:00,118.69278717041016,118.69278717041016,118.69278717041016,118.69278717041016,6000,0.0,0.0
2001-10-10 00:00:00+09:00,118.69278717041016,118.69278717041016,118.69278717041016,118.69278717041016,0,0.0,0.0
2001-10-11 00:00:00+09:00,117.86857066508223,117.86857066508223,112.09878540039062,112.09878540039062,9000,0.0,0.0
2001-10-12 00:00:00+09:00,112.09878540039062,112.09878540039062,112.09878540039062,112.09878540039062,0,0.0,0.0
2001-10-15 00:00:00+09:00,112.09878540039062,112.09878540039062,112.09878540039062,112.09878540039062,0,0.0,0.0
2001-10-16 00:00:00+09:00,112.09878540039062,112.09878540039062,112.09878540039062,112.09878540039062,3000,0.0,0.0
2001-10-17 00:00:00+09:00,112.09878540039062,112.09878540039062,112.09878540039062,112.09878540039062,3000,0.0,0.0
2001-10-18 00:00:00+09:00,111.93391418457031,111.93391418457031,111.93391418457031,111.93391418457031,6000,0.0,0.0
2001-10-19 00:00:00+09:00,111.76908111572266,111.76908111572266,111.76908111572266,111.76908111572266,12000,0.0,0.0
2001-10-22 00:00:00+09:00,111.76910357920183,111.76910357920183,107.97752380371094,107.97752380371094,24000,0.0,0.0
2001-10-23 00:00:00+09:00,108.8017603781371,111.76908111572266,108.8017603781371,111.76908111572266,9000,0.0,0.0
2001-10-24 00:00:00+09:00,111.76908111572266,111.76908111572266,111.76908111572266,111.76908111572266,3000,0.0,0.0
2001-10-25 00:00:00+09:00,111.43932678218698,111.43932678218698,108.80171203613281,108.80171203613281,30000,0.0,0.0
2001-10-26 00:00:00+09:00,109.62596994577378,109.62596994577378,108.80171203613281,108.80171203613281,12000,0.0,0.0
2001-10-29 00:00:00+09:00,108.96656059954759,108.96656059954759,108.80171203613281,108.80171203613281,15000,0.0,0.0
2001-10-30 00:00:00+09:00,108.80171203613281,108.80171203613281,108.80171203613281,108.80171203613281,12000,0.0,0.0
2001-10-31 00:00:00+09:00,108.80171203613281,108.80171203613281,108.80171203613281,108.80171203613281,6000,0.0,0.0
2001-11-01 00:00:00+09:00,108.80171203613281,108.80171203613281,108.80171203613281,108.80171203613281,3000,0.0,0.0
2001-11-02 00:00:00+09:00,108.80171203613281,108.80171203613281,108.80171203613281,108.80171203613281,3000,0.0,0.0
2001-11-05 00:00:00+09:00,108.80171203613281,108.80171203613281,108.80171203613281,108.80171203613281,0,0.0,0.0
2001-11-06 00:00:00+09:00,108.80171203613281,108.80171203613281,108.80171203613281,108.80171203613281,0,0.0,0.0
2001-11-07 00:00:00+09:00,108.80171203613281,108.80171203613281,108.80171203613281,108.80171203613281,0,0.0,0.0
2001-11-08 00:00:00+09:00,108.80171203613281,108.80171203613281,108.80171203613281,108.80171203613281,3000,0.0,0.0
2001-11-09 00:00:00+09:00,108.80171203613281,108.80171203613281,108.80171203613281,108.80171203613281,0,0.0,0.0
2001-11-12 00:00:00+09:00,113.41758728027344,113.41758728027344,113.41758728027344,113.41758728027344,6000,0.0,0.0
2001-11-13 00:00:00+09:00,113.41758728027344,113.41758728027344,113.41758728027344,113.41758728027344,0,0.0,0.0
2001-11-14 00:00:00+09:00,113.41758728027344,113.41758728027344,113.41758728027344,113.41758728027344,0,0.0,0.0
2001-11-15 00:00:00+09:00,111.60420227050781,111.60420227050781,111.60420227050781,111.60420227050781,3000,0.0,0.0
2001-11-16 00:00:00+09:00,108.96659851074219,108.96659851074219,108.96659851074219,108.96659851074219,6000,0.0,0.0
2001-11-19 00:00:00+09:00,108.96659851074219,108.96659851074219,108.96659851074219,108.96659851074219,3000,0.0,0.0
2001-11-20 00:00:00+09:00,108.80171203613281,108.80171203613281,108.80171203613281,108.80171203613281,6000,0.0,0.0
2001-11-21 00:00:00+09:00,109.62596893310547,109.62596893310547,109.62596893310547,109.62596893310547,12000,0.0,0.0
2001-11-22 00:00:00+09:00,109.62596893310547,109.62596893310547,109.62596893310547,109.62596893310547,0,0.0,0.0
2001-11-23 00:00:00+09:00,109.62596893310547,109.62596893310547,109.62596893310547,109.62596893310547,0,0.0,0.0
2001-11-26 00:00:00+09:00,112.92302283150899,112.92302283150899,110.77996063232422,110.77996063232422,6000,0.0,0.0
2001-11-27 00:00:00+09:00,110.77996063232422,110.77996063232422,110.77996063232422,110.77996063232422,0,0.0,0.0
2001-11-28 00:00:00+09:00,110.77996063232422,110.77996063232422,110.77996063232422,110.77996063232422,3000,0.0,0.0
2001-11-29 00:00:00+09:00,110.77996063232422,110.77996063232422,110.77996063232422,110.77996063232422,3000,0.0,0.0
2001-11-30 00:00:00+09:00,111.10963439941406,111.10963439941406,111.10963439941406,111.10963439941406,3000,0.0,0.0
2001-12-03 00:00:00+09:00,111.27447509765625,111.27447509765625,111.27447509765625,111.27447509765625,6000,0.0,0.0
2001-12-04 00:00:00+09:00,111.43934631347656,111.43934631347656,111.43934631347656,111.43934631347656,3000,0.0,0.0
2001-12-05 00:00:00+09:00,111.43934631347656,111.43934631347656,111.43934631347656,111.43934631347656,0,0.0,0.0
2001-12-06 00:00:00+09:00,111.43934631347656,111.43934631347656,110.45023966706617,111.43934631347656,12000,0.0,0.0
2001-12-07 00:00:00+09:00,111.43934631347656,111.43934631347656,111.43934631347656,111.43934631347656,3000,0.0,0.0
2001-12-10 00:00:00+09:00,119.68193817138672,119.68193817138672,119.68193817138672,119.68193817138672,27000,0.0,0.0
2001-12-11 00:00:00+09:00,124.62745084617521,124.62745084617521,123.47349548339844,123.47349548339844,24000,0.0,0.0
2001-12-12 00:00:00+09:00,107.15321350097656,107.15321350097656,107.15321350097656,107.15321350097656,12000,0.0,0.0
2001-12-13 00:00:00+09:00,107.15321350097656,107.15321350097656,107.15321350097656,107.15321350097656,0,0.0,0.0
2001-12-14 00:00:00+09:00,107.4829333299655,107.4829333299655,107.31808471679688,107.31808471679688,12000,0.0,0.0
2001-12-17 00:00:00+09:00,107.31808471679688,107.31808471679688,107.31808471679688,107.31808471679688,0,0.0,0.0
2001-12-18 00:00:00+09:00,107.31808471679688,107.31808471679688,107.31808471679688,107.31808471679688,0,0.0,0.0
2001-12-19 00:00:00+09:00,115.89036560058594,115.89036560058594,115.89036560058594,115.89036560058594,3000,0.0,0.0
2001-12-20 00:00:00+09:00,115.8903270051557,116.22003173828125,115.8903270051557,116.22003173828125,18000,0.0,0.0
2001-12-21 00:00:00+09:00,117.04429626464844,117.04429626464844,117.04429626464844,117.04429626464844,3000,0.0,0.0
2001-12-24 00:00:00+09:00,117.04429626464844,117.04429626464844,117.04429626464844,117.04429626464844,0,0.0,0.0
2001-12-25 00:00:00+09:00,118.69278717041016,118.69278717041016,118.69278717041016,118.69278717041016,3000,0.0,0.0
2001-12-26 00:00:00+09:00,121.9898452758789,121.9898452758789,121.9898452758789,121.9898452758789,6000,0.0,0.0
2001-12-27 00:00:00+09:00,121.9898452758789,121.9898452758789,121.9898452758789,121.9898452758789,0,0.0,0.0
2001-12-28 00:00:00+09:00,121.9898452758789,121.9898452758789,121.9898452758789,121.9898452758789,0,0.0,0.0
2001-12-31 00:00:00+09:00,121.9898452758789,121.9898452758789,121.9898452758789,121.9898452758789,0,0.0,0.0
2002-01-01 00:00:00+09:00,121.9898452758789,121.9898452758789,121.9898452758789,121.9898452758789,0,0.0,0.0
2002-01-02 00:00:00+09:00,121.9898452758789,121.9898452758789,121.9898452758789,121.9898452758789,0,0.0,0.0
2002-01-03 00:00:00+09:00,121.9898452758789,121.9898452758789,121.9898452758789,121.9898452758789,0,0.0,0.0
2002-01-04 00:00:00+09:00,121.9898452758789,121.9898452758789,121.9898452758789,121.9898452758789,0,0.0,0.0
2002-01-07 00:00:00+09:00,123.63835144042969,123.63835144042969,123.63835144042969,123.63835144042969,3000,0.0,0.0
2002-01-08 00:00:00+09:00,123.63835144042969,123.63835144042969,123.63835144042969,123.63835144042969,3000,0.0,0.0
2002-01-09 00:00:00+09:00,120.34132621992286,123.63835144042969,120.34132621992286,123.63835144042969,9000,0.0,0.0
2002-01-10 00:00:00+09:00,120.3413314819336,120.3413314819336,120.3413314819336,120.3413314819336,3000,0.0,0.0
2002-01-11 00:00:00+09:00,123.63835144042969,123.63835144042969,123.63835144042969,123.63835144042969,6000,0.0,0.0
2002-01-14 00:00:00+09:00,123.63835144042969,123.63835144042969,123.63835144042969,123.63835144042969,0,0.0,0.0
2002-01-15 00:00:00+09:00,123.63835144042969,123.63835144042969,123.63835144042969,123.63835144042969,3000,0.0,0.0
2002-01-16 00:00:00+09:00,120.34130694406859,120.34130694406859,116.22003173828125,116.22003173828125,6000,0.0,0.0
2002-01-17 00:00:00+09:00,116.22005543580889,120.3413314819336,116.22005543580889,120.3413314819336,6000,0.0,0.0
2002-01-18 00:00:00+09:00,117.04431366354841,120.3413314819336,117.04431366354841,120.3413314819336,15000,0.0,0.0
2002-01-21 00:00:00+09:00,120.3413314819336,120.3413314819336,120.3413314819336,120.3413314819336,3000,0.0,0.0
2002-01-22 00:00:00+09:00,123.63835144042969,123.63835144042969,123.63835144042969,123.63835144042969,12000,0.0,0.0
2002-01-23 00:00:00+09:00,123.63835144042969,123.63835144042969,123.63835144042969,123.63835144042969,0,0.0,0.0
2002-01-24 00:00:00+09:00,123.63835144042969,123.63835144042969,123.63835144042969,123.63835144042969,3000,0.0,0.0
2002-01-25 00:00:00+09:00,123.63835144042969,123.63835144042969,123.63835144042969,123.63835144042969,6000,0.0,0.0
2002-01-28 00:00:00+09:00,123.63835144042969,123.63835144042969,123.63835144042969,123.63835144042969,3000,0.0,0.0
2002-01-29 00:00:00+09:00,124.9571762084961,124.9571762084961,124.9571762084961,124.9571762084961,3000,0.0,0.0
2002-01-30 00:00:00+09:00,116.22003173828125,116.22003173828125,116.22003173828125,116.22003173828125,3000,0.0,0.0
2002-01-31 00:00:00+09:00,116.22003173828125,116.22003173828125,116.22003173828125,116.22003173828125,0,0.0,0.0
2002-02-01 00:00:00+09:00,116.87943267822266,116.87943267822266,116.87943267822266,116.87943267822266,9000,0.0,0.0
2002-02-04 00:00:00+09:00,116.87943267822266,116.87943267822266,116.87943267822266,116.87943267822266,0,0.0,0.0
2002-02-05 00:00:00+09:00,116.3848648071289,116.3848648071289,116.3848648071289,116.3848648071289,3000,0.0,0.0
2002-02-06 00:00:00+09:00,116.3848648071289,116.3848648071289,116.3848648071289,116.3848648071289,0,0.0,0.0
2002-02-07 00:00:00+09:00,117.20915985107422,117.20915985107422,117.20915985107422,117.20915985107422,3000,0.0,0.0
2002-02-08 00:00:00+09:00,117.20915985107422,117.20915985107422,117.20915985107422,117.20915985107422,0,0.0,0.0
2002-02-11 00:00:00+09:00,117.20915985107422,117.20915985107422,117.20915985107422,117.20915985107422,0,0.0,0.0
2002-02-12 00:00:00+09:00,121.82498168945312,121.82498168945312,121.82498168945312,121.82498168945312,6000,0.0,0.0
2002-02-13 00:00:00+09:00,121.9898452758789,121.9898452758789,121.9898452758789,121.9898452758789,12000,0.0,0.0
2002-02-14 00:00:00+09:00,123.63835144042969,123.63835144042969,123.63835144042969,123.63835144042969,3000,0.0,0.0
2002-02-15 00:00:00+09:00,123.63835144042969,123.63835144042969,123.63835144042969,123.63835144042969,0,0.0,0.0
2002-02-18 00:00:00+09:00,123.47349548339844,123.47349548339844,123.47349548339844,123.47349548339844,3000,0.0,0.0
2002-02-19 00:00:00+09:00,123.47349548339844,123.47349548339844,123.47349548339844,123.47349548339844,0,0.0,0.0
2002-02-20 00:00:00+09:00,123.63835144042969,123.63835144042969,123.63835144042969,123.63835144042969,9000,0.0,0.0
2002-02-21 00:00:00+09:00,123.63835144042969,123.63835144042969,123.63835144042969,123.63835144042969,9000,0.0,0.0
2002-02-22 00:00:00+09:00,123.63835144042969,123.63835144042969,123.63835144042969,123.63835144042969,6000,0.0,0.0
2002-02-25 00:00:00+09:00,123.63835144042969,123.63835144042969,123.63835144042969,123.63835144042969,0,0.0,0.0
2002-02-26 00:00:00+09:00,123.63835144042969,123.63835144042969,123.63835144042969,123.63835144042969,0,0.0,0.0
2002-02-27 00:00:00+09:00,115.39580535888672,115.39580535888672,115.39580535888672,115.39580535888672,24000,0.0,0.0
2002-02-28 00:00:00+09:00,117.209138391373,117.209138391373,116.22003173828125,116.22003173828125,6000,0.0,0.0
2002-03-01 00:00:00+09:00,120.3413314819336,120.3413314819336,120.3413314819336,120.3413314819336,3000,0.0,0.0
2002-03-04 00:00:00+09:00,123.63833374501948,125.2868423461914,123.63833374501948,125.2868423461914,12000,0.0,0.0
2002-03-05 00:00:00+09:00,125.2868423461914,125.2868423461914,125.2868423461914,125.2868423461914,0,0.0,0.0
2002-03-06 00:00:00+09:00,125.2868423461914,125.2868423461914,125.2868423461914,125.2868423461914,0,0.0,0.0
2002-03-07 00:00:00+09:00,125.2868423461914,125.2868423461914,125.2868423461914,125.2868423461914,0,0.0,0.0
2002-03-08 00:00:00+09:00,121.16558837890625,121.16558837890625,121.16558837890625,121.16558837890625,9000,0.0,0.0
2002-03-11 00:00:00+09:00,130.72694396972656,130.72694396972656,130.72694396972656,130.72694396972656,3000,0.0,0.0
2002-03-12 00:00:00+09:00,128.5838623046875,128.5838623046875,128.5838623046875,128.5838623046875,3000,0.0,0.0
2002-03-13 00:00:00+09:00,128.41900634765625,128.41900634765625,128.41900634765625,128.41900634765625,3000,0.0,0.0
2002-03-14 00:00:00+09:00,128.41900634765625,128.41900634765625,128.41900634765625,128.41900634765625,0,0.0,0.0
2002-03-15 00:00:00+09:00,121.82498168945312,121.82498168945312,121.82498168945312,121.82498168945312,3000,0.0,0.0
2002-03-18 00:00:00+09:00,121.82498168945312,121.82498168945312,121.82498168945312,121.82498168945312,0,0.0,0.0
2002-03-19 00:00:00+09:00,121.82498168945312,121.82498168945312,121.82498168945312,121.82498168945312,0,0.0,0.0
2002-03-20 00:00:00+09:00,125.45174407958984,125.45174407958984,125.45174407958984,125.45174407958984,3000,0.0,0.0
2002-03-21 00:00:00+09:00,125.45174407958984,125.45174407958984,125.45174407958984,125.45174407958984,0,0.0,0.0
2002-03-22 00:00:00+09:00,128.58385689807673,128.58385689807673,126.93534088134766,126.93534088134766,15000,0.0,0.0
2002-03-25 00:00:00+09:00,122.15469656444594,122.15469656444594,120.3413314819336,120.3413314819336,18000,0.0,0.0
2002-03-26 00:00:00+09:00,122.2323720932007,123.77961730957031,122.06045858128056,123.77961730957031,36000,10.0,0.0
2002-03-27 00:00:00+09:00,123.77961730957031,123.77961730957031,123.77961730957031,123.77961730957031,6000,0.0,0.0
2002-03-28 00:00:00+09:00,120.51322937011719,120.51322937011719,120.51322937011719,120.51322937011719,12000,0.0,0.0
2002-03-29 00:00:00+09:00,120.85706226103443,121.20089721679686,120.68514871800198,121.20089721679688,18000,0.0,0.0
2002-04-01 00:00:00+09:00,121.20089721679686,121.20089721679686,121.20089721679686,121.20089721679688,0,0.0,0.0
2002-04-02 00:00:00+09:00,121.5447321725593,121.5447321725593,121.20089721679686,121.20089721679688,18000,0.0,0.0
2002-04-03 00:00:00+09:00,121.20089721679686,121.20089721679686,121.20089721679686,121.20089721679688,15000,0.0,0.0
2002-04-04 00:00:00+09:00,121.20089721679686,121.20089721679686,121.20089721679686,121.20089721679688,0,0.0,0.0
2002-04-05 00:00:00+09:00,121.20091289388237,121.20091289388237,121.02899932861327,121.02899932861328,15000,0.0,0.0
2002-04-08 00:00:00+09:00,122.23241231920815,122.92007446289062,122.23241231920815,122.92007446289062,9000,0.0,0.0
2002-04-09 00:00:00+09:00,122.74815368652345,122.74815368652345,122.74815368652345,122.74815368652344,3000,0.0,0.0
2002-04-10 00:00:00+09:00,122.06048583984375,122.06048583984375,122.06048583984375,122.06048583984375,15000,0.0,0.0
2002-04-11 00:00:00+09:00,122.74815368652345,122.74815368652345,122.74815368652345,122.74815368652344,6000,0.0,0.0
2002-04-12 00:00:00+09:00,122.74815368652345,122.74815368652345,122.74815368652345,122.74815368652344,0,0.0,0.0
2002-04-15 00:00:00+09:00,122.74815368652345,122.74815368652345,122.74815368652345,122.74815368652344,0,0.0,0.0
2002-04-16 00:00:00+09:00,121.20089721679686,121.20089721679686,121.20089721679686,121.20089721679688,9000,0.0,0.0
2002-04-17 00:00:00+09:00,121.20089721679686,121.20089721679686,121.20089721679686,121.20089721679688,3000,0.0,0.0
2002-04-18 00:00:00+09:00,121.20089721679686,121.20089721679686,121.20089721679686,121.20089721679688,18000,0.0,0.0
2002-04-19 00:00:00+09:00,121.02898367376442,121.20089721679686,121.02898367376442,121.20089721679688,18000,0.0,0.0
2002-04-22 00:00:00+09:00,121.3728107598293,121.3728107598293,121.20089721679686,121.20089721679688,30000,0.0,0.0
2002-04-23 00:00:00+09:00,121.20089721679686,121.20089721679686,121.20089721679686,121.20089721679688,0,0.0,0.0
2002-04-24 00:00:00+09:00,123.77964532724008,124.63922882080077,123.77964532724008,124.63922882080078,9000,0.0,0.0
2002-04-25 00:00:00+09:00,124.29541918696188,126.35841369628905,124.29541918696188,126.35841369628906,18000,0.0,0.0
2002-04-26 00:00:00+09:00,128.07755027390272,128.9371337890625,128.07755027390272,128.9371337890625,9000,0.0,0.0
2002-04-29 00:00:00+09:00,128.9371337890625,128.9371337890625,128.9371337890625,128.9371337890625,0,0.0,0.0
2002-04-30 00:00:00+09:00,129.79669189453125,129.79669189453125,129.79669189453125,129.79669189453125,3000,0.0,0.0
2002-05-01 00:00:00+09:00,122.92003401057737,123.77961730957031,122.92003401057737,123.77961730957031,24000,0.0,0.0
2002-05-02 00:00:00+09:00,123.77961730957031,123.77961730957031,123.77961730957031,123.77961730957031,9000,0.0,0.0
2002-05-03 00:00:00+09:00,123.77961730957031,123.77961730957031,123.77961730957031,123.77961730957031,0,0.0,0.0
2002-05-06 00:00:00+09:00,123.77961730957031,123.77961730957031,123.77961730957031,123.77961730957031,0,0.0,0.0
2002-05-07 00:00:00+09:00,123.77961730957031,123.77961730957031,123.77961730957031,123.77961730957031,0,0.0,0.0
2002-05-08 00:00:00+09:00,123.95155850236824,123.95155850236824,122.06048583984375,122.06048583984375,9000,0.0,0.0
2002-05-09 00:00:00+09:00,123.09200348717319,125.49882507324219,123.09200348717319,125.49882507324219,9000,0.0,0.0
2002-05-10 00:00:00+09:00,125.49882507324219,125.49882507324219,125.49882507324219,125.49882507324219,0,0.0,0.0
2002-05-13 00:00:00+09:00,128.07754556787896,128.07754556787896,127.90563201904297,127.90563201904297,9000,0.0,0.0
2002-05-14 00:00:00+09:00,131.343937197103,131.343937197103,129.79669189453125,129.79669189453125,27000,0.0,0.0
2002-05-15 00:00:00+09:00,129.79669189453125,129.79669189453125,129.79669189453125,129.79669189453125,6000,0.0,0.0
2002-05-16 00:00:00+09:00,129.79677603313436,140.97133530755173,129.79677603313436,134.43850708007812,69000,0.0,0.0
2002-05-17 00:00:00+09:00,138.39249513500465,142.690388054764,138.39249513500465,140.9712371826172,57000,0.0,0.0
2002-05-20 00:00:00+09:00,142.6904296875,142.8623511206331,142.6904296875,142.6904296875,30000,0.0,0.0
2002-05-21 00:00:00+09:00,142.69041315501764,143.0342559814453,142.69041315501764,143.0342559814453,6000,0.0,0.0
2002-05-22 00:00:00+09:00,141.83082580566406,141.83082580566406,141.83082580566406,141.83082580566406,3000,0.0,0.0
2002-05-23 00:00:00+09:00,141.83082580566406,141.83082580566406,141.83082580566406,141.83082580566406,0,0.0,0.0
2002-05-24 00:00:00+09:00,140.62738827112162,142.69038181905685,137.53289794921875,137.53289794921875,15000,0.0,0.0
2002-05-27 00:00:00+09:00,137.36099231315197,137.53289794921875,134.2665019912491,137.53289794921875,9000,0.0,0.0
2002-05-28 00:00:00+09:00,137.3610382080078,137.5329439015115,137.3610382080078,137.3610382080078,15000,0.0,0.0
2002-05-29 00:00:00+09:00,137.3610382080078,137.3610382080078,137.3610382080078,137.3610382080078,0,0.0,0.0
2002-05-30 00:00:00+09:00,137.36103090446022,137.36103090446022,134.61036682128906,134.61036682128906,9000,0.0,0.0
2002-05-31 00:00:00+09:00,137.5329439015115,137.5329439015115,137.3610382080078,137.3610382080078,6000,0.0,0.0
2002-06-03 00:00:00+09:00,137.3610382080078,137.3610382080078,137.3610382080078,137.3610382080078,0,0.0,0.0
2002-06-04 00:00:00+09:00,129.10903930664062,129.10903930664062,129.10903930664062,129.10903930664062,9000,0.0,0.0
2002-06-05 00:00:00+09:00,129.79669189453125,129.79669189453125,129.79669189453125,129.79669189453125,3000,0.0,0.0
2002-06-06 00:00:00+09:00,132.03163146972656,132.03163146972656,132.03163146972656,132.03163146972656,3000,0.0,0.0
2002-06-07 00:00:00+09:00,132.03163146972656,132.03163146972656,132.03163146972656,132.03163146972656,0,0.0,0.0
2002-06-10 00:00:00+09:00,134.7822503782329,137.53289794921875,134.7822503782329,137.53289794921875,12000,0.0,0.0
2002-06-11 00:00:00+09:00,140.9712371826172,140.9712371826172,140.9712371826172,140.9712371826172,6000,0.0,0.0
2002-06-12 00:00:00+09:00,140.9712371826172,140.9712371826172,140.9712371826172,140.9712371826172,0,0.0,0.0
2002-06-13 00:00:00+09:00,140.79930114746094,140.79930114746094,140.79930114746094,140.79930114746094,3000,0.0,0.0
2002-06-14 00:00:00+09:00,137.36102502876543,137.36102502876543,136.50143368613362,136.67335510253906,144000,0.0,0.0
2002-06-17 00:00:00+09:00,131.1720414848402,131.1720414848402,128.9371337890625,128.9371337890625,27000,0.0,0.0
2002-06-18 00:00:00+09:00,129.28096876906602,129.28096876906602,128.9371337890625,128.9371337890625,6000,0.0,0.0
2002-06-19 00:00:00+09:00,129.28097534179688,129.28097534179688,129.28097534179688,129.28097534179688,6000,0.0,0.0
2002-06-20 00:00:00+09:00,129.79669189453125,129.79669189453125,129.79669189453125,129.79669189453125,3000,0.0,0.0
2002-06-21 00:00:00+09:00,129.79669189453125,129.79669189453125,129.79669189453125,129.79669189453125,6000,0.0,0.0
2002-06-24 00:00:00+09:00,129.79672961701576,129.96864318847656,129.79672961701576,129.96864318847656,12000,0.0,0.0
2002-06-25 00:00:00+09:00,129.96864318847656,129.96864318847656,129.96864318847656,129.96864318847656,0,0.0,0.0
2002-06-26 00:00:00+09:00,129.79669189453125,129.79669189453125,129.79669189453125,129.79669189453125,12000,0.0,0.0
2002-06-27 00:00:00+09:00,129.62478637695312,129.62478637695312,129.62478637695312,129.62478637695312,6000,0.0,0.0
2002-06-28 00:00:00+09:00,129.62478637695312,129.62478637695312,129.62478637695312,129.62478637695312,3000,0.0,0.0
2002-07-01 00:00:00+09:00,128.9371337890625,128.9371337890625,128.9371337890625,128.9371337890625,6000,0.0,0.0
2002-07-02 00:00:00+09:00,128.9371337890625,128.9371337890625,128.9371337890625,128.9371337890625,0,0.0,0.0
2002-07-03 00:00:00+09:00,128.9371337890625,128.9371337890625,128.9371337890625,128.9371337890625,0,0.0,0.0
2002-07-04 00:00:00+09:00,128.9371337890625,128.9371337890625,128.9371337890625,128.9371337890625,0,0.0,0.0
2002-07-05 00:00:00+09:00,128.9371337890625,128.9371337890625,128.9371337890625,128.9371337890625,0,0.0,0.0
2002-07-08 00:00:00+09:00,128.9371337890625,128.9371337890625,128.9371337890625,128.9371337890625,0,0.0,0.0
2002-07-09 00:00:00+09:00,128.9371337890625,128.9371337890625,128.9371337890625,128.9371337890625,0,0.0,0.0
2002-07-10 00:00:00+09:00,133.57883011771185,133.57883011771185,132.3754119873047,132.3754119873047,9000,0.0,0.0
2002-07-11 00:00:00+09:00,132.3754119873047,132.3754119873047,132.3754119873047,132.3754119873047,0,0.0,0.0
2002-07-12 00:00:00+09:00,132.3754119873047,132.3754119873047,132.3754119873047,132.3754119873047,0,0.0,0.0
2002-07-15 00:00:00+09:00,132.3754119873047,132.3754119873047,132.3754119873047,132.3754119873047,0,0.0,0.0
2002-07-16 00:00:00+09:00,132.3754119873047,132.3754119873047,132.3754119873047,132.3754119873047,0,0.0,0.0
2002-07-17 00:00:00+09:00,132.3754119873047,132.3754119873047,132.3754119873047,132.3754119873047,0,0.0,0.0
2002-07-18 00:00:00+09:00,134.43850708007812,134.43850708007812,134.43850708007812,134.43850708007812,6000,0.0,0.0
2002-07-19 00:00:00+09:00,134.78233337402344,134.78233337402344,134.78233337402344,134.78233337402344,3000,0.0,0.0
2002-07-22 00:00:00+09:00,134.78233337402344,134.78233337402344,134.78233337402344,134.78233337402344,27000,0.0,0.0
2002-07-23 00:00:00+09:00,129.10903930664062,129.10903930664062,129.10903930664062,129.10903930664062,3000,0.0,0.0
2002-07-24 00:00:00+09:00,129.10903930664062,129.10903930664062,129.10903930664062,129.10903930664062,0,0.0,0.0
2002-07-25 00:00:00+09:00,129.96864318847656,129.96864318847656,129.96864318847656,129.96864318847656,6000,0.0,0.0
2002-07-26 00:00:00+09:00,129.96864318847656,129.96864318847656,129.96864318847656,129.96864318847656,0,0.0,0.0
2002-07-29 00:00:00+09:00,129.96864318847656,129.96864318847656,129.96864318847656,129.96864318847656,0,0.0,0.0
2002-07-30 00:00:00+09:00,129.96864318847656,129.96864318847656,129.96864318847656,129.96864318847656,0,0.0,0.0
2002-07-31 00:00:00+09:00,131.6878204345703,131.6878204345703,131.6878204345703,131.6878204345703,12000,0.0,0.0
2002-08-01 00:00:00+09:00,131.6878204345703,131.6878204345703,131.6878204345703,131.6878204345703,9000,0.0,0.0
2002-08-02 00:00:00+09:00,131.6878204345703,131.6878204345703,131.6878204345703,131.6878204345703,0,0.0,0.0
2002-08-05 00:00:00+09:00,131.6878204345703,131.6878204345703,131.6878204345703,131.6878204345703,0,0.0,0.0
2002-08-06 00:00:00+09:00,131.6878204345703,131.6878204345703,131.6878204345703,131.6878204345703,0,0.0,0.0
2002-08-07 00:00:00+09:00,131.6878045083827,131.85972595214844,131.6878045083827,131.85972595214844,9000,0.0,0.0
2002-08-08 00:00:00+09:00,131.85972595214844,131.85972595214844,131.85972595214844,131.85972595214844,0,0.0,0.0
2002-08-09 00:00:00+09:00,131.85972595214844,131.85972595214844,131.85972595214844,131.85972595214844,0,0.0,0.0
2002-08-12 00:00:00+09:00,142.17465209960938,142.17465209960938,142.17465209960938,142.17465209960938,12000,0.0,0.0
2002-08-13 00:00:00+09:00,142.17465209960938,142.17465209960938,142.17465209960938,142.17465209960938,0,0.0,0.0
2002-08-14 00:00:00+09:00,142.17465209960938,142.17465209960938,142.17465209960938,142.17465209960938,0,0.0,0.0
2002-08-15 00:00:00+09:00,142.17465209960938,142.17465209960938,142.17465209960938,142.17465209960938,0,0.0,0.0
2002-08-16 00:00:00+09:00,142.17465209960938,142.17465209960938,142.17465209960938,142.17465209960938,0,0.0,0.0
2002-08-19 00:00:00+09:00,131.6878204345703,131.6878204345703,131.6878204345703,131.6878204345703,0,0.0,0.0
2002-08-20 00:00:00+09:00,131.6878204345703,131.6878204345703,131.6878204345703,131.6878204345703,12000,0.0,0.0
2002-08-21 00:00:00+09:00,131.6878204345703,132.3754826837015,131.6878204345703,131.6878204345703,18000,0.0,0.0
2002-08-22 00:00:00+09:00,131.85971144484728,131.85971144484728,128.9371337890625,128.9371337890625,15000,0.0,0.0
2002-08-23 00:00:00+09:00,128.9371337890625,128.9371337890625,128.9371337890625,128.9371337890625,0,0.0,0.0
2002-08-26 00:00:00+09:00,125.49882507324219,125.49882507324219,125.49882507324219,125.49882507324219,6000,0.0,0.0
2002-08-27 00:00:00+09:00,126.53031158447266,126.53031158447266,126.53031158447266,126.53031158447266,6000,0.0,0.0
2002-08-28 00:00:00+09:00,126.70222753851887,128.42138671875,126.70222753851887,128.42138671875,15000,0.0,0.0
2002-08-29 00:00:00+09:00,128.42138671875,128.42138671875,128.42138671875,128.42138671875,0,0.0,0.0
2002-08-30 00:00:00+09:00,128.42138671875,128.42138671875,128.42138671875,128.42138671875,9000,0.0,0.0
2002-09-02 00:00:00+09:00,128.42138671875,128.42138671875,128.42138671875,128.42138671875,0,0.0,0.0
2002-09-03 00:00:00+09:00,132.3754119873047,132.3754119873047,132.3754119873047,132.3754119873047,3000,0.0,0.0
2002-09-04 00:00:00+09:00,128.9371337890625,128.9371337890625,128.9371337890625,128.9371337890625,3000,0.0,0.0
2002-09-05 00:00:00+09:00,128.9371337890625,128.9371337890625,128.9371337890625,128.9371337890625,3000,0.0,0.0
2002-09-06 00:00:00+09:00,128.93710136413574,128.93710136413574,123.77961730957031,123.77961730957031,24000,0.0,0.0
2002-09-09 00:00:00+09:00,123.77961730957031,123.77961730957031,123.77961730957031,123.77961730957031,24000,0.0,0.0
2002-09-10 00:00:00+09:00,123.77961730957031,123.77961730957031,123.77961730957031,123.77961730957031,12000,0.0,0.0
2002-09-11 00:00:00+09:00,132.3754119873047,132.3754119873047,132.3754119873047,132.3754119873047,6000,0.0,0.0
2002-09-12 00:00:00+09:00,132.03163146972656,132.03163146972656,132.03163146972656,132.03163146972656,0,0.0,0.0
2002-09-13 00:00:00+09:00,132.0316395262152,132.0316395262152,131.85972595214844,131.85972595214844,6000,0.0,0.0
2002-09-16 00:00:00+09:00,131.85972595214844,131.85972595214844,131.85972595214844,131.85972595214844,0,0.0,0.0
2002-09-17 00:00:00+09:00,132.20352172851562,132.20352172851562,132.20352172851562,132.20352172851562,15000,0.0,0.0
2002-09-18 00:00:00+09:00,130.65628051757812,130.65628051757812,130.65628051757812,130.65628051757812,3000,0.0,0.0
2002-09-19 00:00:00+09:00,132.3754119873047,132.3754119873047,132.3754119873047,132.3754119873047,12000,0.0,0.0
2002-09-20 00:00:00+09:00,135.8137969970703,135.8137969970703,135.8137969970703,135.8137969970703,0,0.0,0.0
2002-09-23 00:00:00+09:00,135.8137969970703,135.8137969970703,135.8137969970703,135.8137969970703,0,0.0,0.0
2002-09-24 00:00:00+09:00,135.8137969970703,135.8137969970703,135.8137969970703,135.8137969970703,12000,0.0,0.0
2002-09-25 00:00:00+09:00,138.4943389892578,138.4943389892578,138.4943389892578,138.4943389892578,3000,10.0,0.0
2002-09-26 00:00:00+09:00,138.4943389892578,138.4943389892578,138.4943389892578,138.4943389892578,0,0.0,0.0
2002-09-27 00:00:00+09:00,138.4943389892578,138.4943389892578,138.4943389892578,138.4943389892578,9000,0.0,0.0
2002-09-30 00:00:00+09:00,138.4943389892578,138.4943389892578,138.4943389892578,138.4943389892578,0,0.0,0.0
2002-10-01 00:00:00+09:00,138.4943389892578,138.4943389892578,138.4943389892578,138.4943389892578,0,0.0,0.0
2002-10-02 00:00:00+09:00,134.20546354112216,134.20546354112216,134.02676391601562,134.02676391601562,6000,0.0,0.0
2002-10-03 00:00:00+09:00,134.02676391601562,134.02676391601562,134.02676391601562,134.02676391601562,18000,0.0,0.0
2002-10-04 00:00:00+09:00,134.02676391601562,134.02676391601562,134.02676391601562,134.02676391601562,21000,0.0,0.0
2002-10-07 00:00:00+09:00,134.02676391601562,134.02676391601562,134.02676391601562,134.02676391601562,18000,0.0,0.0
2002-10-08 00:00:00+09:00,134.02676391601562,134.02676391601562,134.02676391601562,134.02676391601562,9000,0.0,0.0
2002-10-09 00:00:00+09:00,133.8480682373047,133.8480682373047,133.8480682373047,133.8480682373047,3000,0.0,0.0
2002-10-10 00:00:00+09:00,133.8480545552154,133.8480545552154,133.13323974609375,133.13323974609375,12000,0.0,0.0
2002-10-11 00:00:00+09:00,133.8480682373047,133.8480682373047,133.8480682373047,133.8480682373047,3000,0.0,0.0
2002-10-14 00:00:00+09:00,133.8480682373047,133.8480682373047,133.8480682373047,133.8480682373047,0,0.0,0.0
2002-10-15 00:00:00+09:00,134.02676391601562,134.02676391601562,134.02676391601562,134.02676391601562,9000,0.0,0.0
2002-10-16 00:00:00+09:00,134.38417053222656,134.38417053222656,134.38417053222656,134.38417053222656,0,0.0,0.0
2002-10-17 00:00:00+09:00,134.02676310383484,134.38417053222656,134.02676310383484,134.38417053222656,9000,0.0,0.0
2002-10-18 00:00:00+09:00,134.74156478054155,137.60079956054688,134.74156478054155,137.60079956054688,12000,0.0,0.0
2002-10-21 00:00:00+09:00,137.60081793523506,137.77952575683594,137.60081793523506,137.77952575683594,12000,0.0,0.0
2002-10-22 00:00:00+09:00,137.9582061767578,137.9582061767578,137.9582061767578,137.9582061767578,3000,0.0,0.0
2002-10-23 00:00:00+09:00,138.4943389892578,138.4943389892578,138.4943389892578,138.4943389892578,3000,0.0,0.0
2002-10-24 00:00:00+09:00,138.4943389892578,138.4943389892578,138.4943389892578,138.4943389892578,3000,0.0,0.0
2002-10-25 00:00:00+09:00,138.4943389892578,138.4943389892578,138.4943389892578,138.4943389892578,0,0.0,0.0
2002-10-28 00:00:00+09:00,134.02676391601562,134.02676391601562,134.02676391601562,134.02676391601562,9000,0.0,0.0
2002-10-29 00:00:00+09:00,134.2054443359375,134.2054443359375,134.2054443359375,134.2054443359375,15000,0.0,0.0
2002-10-30 00:00:00+09:00,134.2054443359375,134.2054443359375,134.2054443359375,134.2054443359375,0,0.0,0.0
2002-10-31 00:00:00+09:00,134.02676391601562,134.02676391601562,134.02676391601562,134.02676391601562,3000,0.0,0.0
2002-11-01 00:00:00+09:00,134.20545017998893,135.2776641845703,134.20545017998893,135.2776641845703,12000,0.0,0.0
2002-11-04 00:00:00+09:00,135.2776641845703,135.2776641845703,135.2776641845703,135.2776641845703,0,0.0,0.0
2002-11-05 00:00:00+09:00,138.8517296570701,141.17486572265625,138.8517296570701,141.17486572265625,51000,0.0,0.0
2002-11-06 00:00:00+09:00,144.74886626239268,145.2849731744756,142.9618377685547,142.9618377685547,45000,0.0,0.0
2002-11-07 00:00:00+09:00,143.8554027240958,143.8554027240958,140.46005249023438,140.46005249023438,15000,0.0,0.0
2002-11-08 00:00:00+09:00,140.46002664967972,140.46002664967972,139.92391967773438,139.92391967773438,15000,0.0,0.0
2002-11-11 00:00:00+09:00,142.9618377685547,142.9618377685547,142.9618377685547,142.9618377685547,6000,0.0,0.0
2002-11-12 00:00:00+09:00,140.99615791432217,141.17486572265625,139.38783672138314,141.17486572265625,18000,0.0,0.0
2002-11-13 00:00:00+09:00,140.8174591064453,140.8174591064453,140.8174591064453,140.8174591064453,0,0.0,0.0
2002-11-14 00:00:00+09:00,140.99615791432217,142.96187836324015,139.38783672138314,141.17486572265625,33000,0.0,0.0
2002-11-15 00:00:00+09:00,142.9618585288095,143.85538108582395,139.3878173828125,139.3878173828125,42000,0.0,0.0
2002-11-18 00:00:00+09:00,134.92025756835938,134.92025756835938,134.92025756835938,134.92025756835938,3000,0.0,0.0
2002-11-19 00:00:00+09:00,134.02676391601562,134.02676391601562,134.02676391601562,134.02676391601562,6000,0.0,0.0
2002-11-20 00:00:00+09:00,134.02674322011092,134.92025756835938,134.02674322011092,134.92025756835938,1044000,0.0,0.0
2002-11-21 00:00:00+09:00,134.92025756835938,134.92025756835938,134.92025756835938,134.92025756835938,3000,0.0,0.0
2002-11-22 00:00:00+09:00,134.92025756835938,134.92025756835938,134.92025756835938,134.92025756835938,6000,0.0,0.0
2002-11-25 00:00:00+09:00,134.02676391601562,134.02676391601562,134.02676391601562,134.02676391601562,9000,0.0,0.0
2002-11-26 00:00:00+09:00,134.02676391601562,134.02676391601562,134.02676391601562,134.02676391601562,0,0.0,0.0
2002-11-27 00:00:00+09:00,134.02676391601562,134.02676391601562,134.02676391601562,134.02676391601562,0,0.0,0.0
2002-11-28 00:00:00+09:00,134.02674322011092,134.92025756835938,134.02674322011092,134.92025756835938,15000,0.0,0.0
2002-11-29 00:00:00+09:00,138.49431279247636,138.49431279247636,135.09896302995995,135.9924774169922,108000,0.0,0.0
2002-12-02 00:00:00+09:00,135.9924774169922,135.9924774169922,135.9924774169922,135.9924774169922,0,0.0,0.0
2002-12-03 00:00:00+09:00,142.60443861406094,143.85536019581596,142.60443861406094,142.9618377685547,24000,0.0,0.0
2002-12-04 00:00:00+09:00,143.8553924560547,143.8553924560547,143.8553924560547,143.8553924560547,3000,0.0,0.0
2002-12-05 00:00:00+09:00,140.28132357914,140.28132357914,139.3878173828125,139.3878173828125,12000,0.0,0.0
2002-12-06 00:00:00+09:00,146.17849877108455,146.17849877108455,135.8137664794922,135.8137664794922,156000,0.0,0.0
2002-12-09 00:00:00+09:00,146.71458615313526,146.71458615313526,142.9618377685547,142.9618377685547,33000,0.0,0.0
2002-12-10 00:00:00+09:00,144.74891662597656,144.74891662597656,142.96188751036405,144.74891662597656,39000,0.0,0.0
2002-12-11 00:00:00+09:00,142.068359375,142.068359375,142.068359375,142.068359375,57000,0.0,0.0
2002-12-12 00:00:00+09:00,142.068359375,142.068359375,142.068359375,142.068359375,9000,0.0,0.0
2002-12-13 00:00:00+09:00,141.88965158260092,142.068359375,141.88965158260092,142.068359375,15000,0.0,0.0
2002-12-16 00:00:00+09:00,142.06837298880478,142.78318786621094,142.06837298880478,142.78318786621094,33000,0.0,0.0
2002-12-17 00:00:00+09:00,142.96186561561979,142.96186561561979,142.068359375,142.068359375,102000,0.0,0.0
2002-12-18 00:00:00+09:00,136.70728243314304,139.3878173828125,136.70728243314304,139.3878173828125,12000,0.0,0.0
2002-12-19 00:00:00+09:00,139.38783672138314,141.17486572265625,139.38783672138314,141.17486572265625,120000,0.0,0.0
2002-12-20 00:00:00+09:00,141.35353919815498,142.96186018660688,135.9924774169922,135.9924774169922,126000,0.0,0.0
2002-12-23 00:00:00+09:00,135.9924774169922,135.9924774169922,135.9924774169922,135.9924774169922,0,0.0,0.0
2002-12-24 00:00:00+09:00,142.96187836324015,142.96187836324015,141.17486572265625,141.17486572265625,6000,0.0,0.0
2002-12-25 00:00:00+09:00,142.9618377685547,142.9618377685547,142.9618377685547,142.9618377685547,6000,0.0,0.0
2002-12-26 00:00:00+09:00,144.57016755616456,146.53590393066406,144.57016755616456,146.53590393066406,12000,0.0,0.0
2002-12-27 00:00:00+09:00,146.3571961618862,146.53590393066406,146.3571961618862,146.53590393066406,6000,0.0,0.0
2002-12-30 00:00:00+09:00,146.53590393066406,146.53590393066406,146.53590393066406,146.53590393066406,0,0.0,0.0
2002-12-31 00:00:00+09:00,146.53590393066406,146.53590393066406,146.53590393066406,146.53590393066406,0,0.0,0.0
2003-01-01 00:00:00+09:00,146.53590393066406,146.53590393066406,146.53590393066406,146.53590393066406,0,0.0,0.0
2003-01-02 00:00:00+09:00,146.53590393066406,146.53590393066406,146.53590393066406,146.53590393066406,0,0.0,0.0
2003-01-03 00:00:00+09:00,146.53590393066406,146.53590393066406,146.53590393066406,146.53590393066406,0,0.0,0.0
2003-01-06 00:00:00+09:00,148.3229217529297,148.3229217529297,148.1442303381183,148.3229217529297,15000,0.0,0.0
2003-01-07 00:00:00+09:00,148.322926108589,150.10995483398438,148.322926108589,150.10995483398438,15000,0.0,0.0
2003-01-08 00:00:00+09:00,150.10995483398438,150.10995483398438,150.10995483398438,150.10995483398438,0,0.0,0.0
2003-01-09 00:00:00+09:00,144.74891662597656,144.74891662597656,144.74891662597656,144.74891662597656,3000,0.0,0.0
2003-01-10 00:00:00+09:00,144.92758178710938,144.92758178710938,144.92758178710938,144.92758178710938,6000,0.0,0.0
2003-01-13 00:00:00+09:00,144.92758178710938,144.92758178710938,144.92758178710938,144.92758178710938,0,0.0,0.0
2003-01-14 00:00:00+09:00,150.46738716311094,151.89701700246275,150.46738716311094,151.0034942626953,33000,0.0,0.0
2003-01-15 00:00:00+09:00,150.64605712890625,150.64605712890625,150.64605712890625,150.64605712890625,3000,0.0,0.0
2003-01-16 00:00:00+09:00,150.46734619140625,150.46734619140625,150.46734619140625,150.46734619140625,3000,0.0,0.0
2003-01-17 00:00:00+09:00,150.1099501640347,150.64605712890625,150.1099501640347,150.64605712890625,21000,0.0,0.0
2003-01-20 00:00:00+09:00,150.64606181553432,150.64606181553432,150.10995483398438,150.10995483398438,15000,0.0,0.0
2003-01-21 00:00:00+09:00,150.10995483398438,150.10995483398438,150.10995483398438,150.10995483398438,12000,0.0,0.0
2003-01-22 00:00:00+09:00,150.10995483398438,150.10995483398438,150.10995483398438,150.10995483398438,9000,0.0,0.0
2003-01-23 00:00:00+09:00,151.89695739746094,151.89695739746094,150.46732811910167,151.89695739746094,21000,0.0,0.0
2003-01-24 00:00:00+09:00,150.10995483398438,150.10995483398438,150.10995483398438,150.10995483398438,6000,0.0,0.0
2003-01-27 00:00:00+09:00,155.64974975585938,155.64974975585938,155.64974975585938,155.64974975585938,3000,0.0,0.0
2003-01-28 00:00:00+09:00,155.64974975585938,155.64974975585938,155.64974975585938,155.64974975585938,0,0.0,0.0
2003-01-29 00:00:00+09:00,157.258056640625,157.258056640625,157.258056640625,157.258056640625,3000,0.0,0.0
2003-01-30 00:00:00+09:00,157.258056640625,157.258056640625,157.258056640625,157.258056640625,0,0.0,0.0
2003-01-31 00:00:00+09:00,150.10995483398438,150.10995483398438,150.10995483398438,150.10995483398438,27000,0.0,0.0
2003-02-03 00:00:00+09:00,150.10995483398438,150.10995483398438,150.10995483398438,150.10995483398438,0,0.0,0.0
2003-02-04 00:00:00+09:00,151.89695739746094,151.89695739746094,148.32290056224662,151.89695739746094,12000,0.0,0.0
2003-02-05 00:00:00+09:00,151.89695739746094,151.89695739746094,151.89695739746094,151.89695739746094,3000,0.0,0.0
2003-02-06 00:00:00+09:00,153.6840362548828,153.6840362548828,153.6840362548828,153.6840362548828,3000,0.0,0.0
2003-02-07 00:00:00+09:00,153.86267720435012,153.86267720435012,151.89695739746094,151.89695739746094,9000,0.0,0.0
2003-02-10 00:00:00+09:00,151.8969627446209,159.0450439453125,151.8969627446209,159.0450439453125,9000,0.0,0.0
2003-02-11 00:00:00+09:00,159.0450439453125,159.0450439453125,159.0450439453125,159.0450439453125,0,0.0,0.0
2003-02-12 00:00:00+09:00,162.61910090634274,162.61910090634274,151.8969627446209,159.0450439453125,9000,0.0,0.0
2003-02-13 00:00:00+09:00,159.93861646294903,160.83212280273438,159.93861646294903,160.83212280273438,12000,0.0,0.0
2003-02-14 00:00:00+09:00,160.83209661690523,162.61912536621094,160.83209661690523,162.61912536621094,15000,0.0,0.0
2003-02-17 00:00:00+09:00,162.7978179912264,164.4061389692759,157.258056640625,157.258056640625,42000,0.0,0.0
2003-02-18 00:00:00+09:00,157.25803182548182,159.0450439453125,157.25803182548182,159.0450439453125,9000,0.0,0.0
2003-02-19 00:00:00+09:00,159.0450439453125,159.0450439453125,159.0450439453125,159.0450439453125,0,0.0,0.0
2003-02-20 00:00:00+09:00,159.04506904244423,159.04506904244423,157.258056640625,157.258056640625,21000,0.0,0.0
2003-02-21 00:00:00+09:00,160.83212280273438,160.83212280273438,160.83212280273438,160.83212280273438,9000,0.0,0.0
2003-02-24 00:00:00+09:00,160.83212280273438,160.83212280273438,160.83212280273438,160.83212280273438,12000,0.0,0.0
2003-02-25 00:00:00+09:00,160.83207384670283,160.83207384670283,159.04504535040016,160.6533660888672,27000,0.0,0.0
2003-02-26 00:00:00+09:00,160.6533660888672,160.6533660888672,160.6533660888672,160.6533660888672,3000,0.0,0.0
2003-02-27 00:00:00+09:00,159.0450439453125,159.0450439453125,159.0450439453125,159.0450439453125,6000,0.0,0.0
2003-02-28 00:00:00+09:00,159.0450439453125,159.0450439453125,159.0450439453125,159.0450439453125,0,0.0,0.0
2003-03-03 00:00:00+09:00,158.8663787841797,158.8663787841797,158.8663787841797,158.8663787841797,0,0.0,0.0
2003-03-04 00:00:00+09:00,158.8663787841797,158.8663787841797,158.8663787841797,158.8663787841797,0,0.0,0.0
2003-03-05 00:00:00+09:00,155.4710235595703,155.4710235595703,155.4710235595703,155.4710235595703,9000,0.0,0.0
2003-03-06 00:00:00+09:00,155.4710235595703,155.4710235595703,155.4710235595703,155.4710235595703,0,0.0,0.0
2003-03-07 00:00:00+09:00,155.4710235595703,155.4710235595703,155.4710235595703,155.4710235595703,0,0.0,0.0
2003-03-10 00:00:00+09:00,155.4710235595703,155.4710235595703,155.4710235595703,155.4710235595703,0,0.0,0.0
2003-03-11 00:00:00+09:00,155.29234313964844,155.29234313964844,155.29234313964844,155.29234313964844,6000,0.0,0.0
2003-03-12 00:00:00+09:00,146.71464366577885,153.6840362548828,146.71464366577885,153.6840362548828,6000,0.0,0.0
2003-03-13 00:00:00+09:00,146.35719299316406,146.35719299316406,146.35719299316406,146.35719299316406,3000,0.0,0.0
2003-03-14 00:00:00+09:00,146.53590393066406,146.53590393066406,146.53590393066406,146.53590393066406,3000,0.0,0.0
2003-03-17 00:00:00+09:00,146.53590393066406,146.53590393066406,146.53590393066406,146.53590393066406,15000,0.0,0.0
2003-03-18 00:00:00+09:00,146.53592186869037,148.3229343324815,146.53592186869037,147.42942810058594,15000,0.0,0.0
2003-03-19 00:00:00+09:00,148.50161743164062,148.50161743164062,148.50161743164062,148.50161743164062,3000,0.0,0.0
2003-03-20 00:00:00+09:00,148.50161743164062,148.50161743164062,148.50161743164062,148.50161743164062,9000,0.0,0.0
2003-03-21 00:00:00+09:00,148.50161743164062,148.50161743164062,148.50161743164062,148.50161743164062,0,0.0,0.0
2003-03-24 00:00:00+09:00,148.50166113451382,153.86273193359375,148.50166113451382,153.86273193359375,18000,0.0,0.0
2003-03-25 00:00:00+09:00,153.86270953679488,158.1515655517578,153.86270953679488,158.1515655517578,21000,0.0,0.0
2003-03-26 00:00:00+09:00,163.7007293701172,163.7007293701172,163.7007293701172,163.7007293701172,0,10.0,0.0
2003-03-27 00:00:00+09:00,156.30182564592022,156.30182564592022,155.37696838378906,155.37696838378906,21000,0.0,0.0
2003-03-28 00:00:00+09:00,155.37696838378906,155.37696838378906,155.37696838378906,155.37696838378906,0,0.0,0.0
2003-03-31 00:00:00+09:00,155.37696838378906,155.37696838378906,155.37696838378906,155.37696838378906,3000,0.0,0.0
2003-04-01 00:00:00+09:00,155.37696838378906,155.37696838378906,155.37696838378906,155.37696838378906,0,0.0,0.0
2003-04-02 00:00:00+09:00,155.37696838378906,155.37696838378906,155.37696838378906,155.37696838378906,0,0.0,0.0
2003-04-03 00:00:00+09:00,155.37696838378906,155.37696838378906,155.37696838378906,155.37696838378906,0,0.0,0.0
2003-04-04 00:00:00+09:00,155.37696838378906,155.37696838378906,155.37696838378906,155.37696838378906,3000,0.0,0.0
2003-04-07 00:00:00+09:00,155.37696838378906,155.37696838378906,155.37696838378906,155.37696838378906,6000,0.0,0.0
2003-04-08 00:00:00+09:00,155.37696838378906,155.37696838378906,155.37696838378906,155.37696838378906,0,0.0,0.0
2003-04-09 00:00:00+09:00,157.2266845703125,157.2266845703125,157.2266845703125,157.2266845703125,0,0.0,0.0
2003-04-10 00:00:00+09:00,159.07644653320312,159.07644653320312,159.07644653320312,159.07644653320312,3000,0.0,0.0
2003-04-11 00:00:00+09:00,160.0012969970703,160.0012969970703,160.0012969970703,160.0012969970703,3000,0.0,0.0
2003-04-14 00:00:00+09:00,160.9261474609375,160.9261474609375,160.9261474609375,160.9261474609375,3000,0.0,0.0
2003-04-15 00:00:00+09:00,160.9261474609375,160.9261474609375,160.9261474609375,160.9261474609375,9000,0.0,0.0
2003-04-16 00:00:00+09:00,160.9261474609375,160.9261474609375,160.9261474609375,160.9261474609375,3000,0.0,0.0
2003-04-17 00:00:00+09:00,160.9261474609375,160.9261474609375,160.9261474609375,160.9261474609375,3000,0.0,0.0
2003-04-18 00:00:00+09:00,160.9261474609375,160.9261474609375,160.9261474609375,160.9261474609375,24000,0.0,0.0
2003-04-21 00:00:00+09:00,161.11114501953128,161.11114501953128,161.11114501953128,161.11114501953125,3000,0.0,0.0
2003-04-22 00:00:00+09:00,168.51007080078125,168.51007080078125,168.51007080078125,168.51007080078125,3000,0.0,0.0
2003-04-23 00:00:00+09:00,170.1748245746685,170.1748245746685,168.51007080078125,168.51007080078125,12000,0.0,0.0
2003-04-24 00:00:00+09:00,169.24990980248702,169.24990980248702,168.6949920654297,168.6949920654297,9000,0.0,0.0
2003-04-25 00:00:00+09:00,168.51007080078125,168.51007080078125,168.51007080078125,168.51007080078125,6000,0.0,0.0
2003-04-28 00:00:00+09:00,168.6949920654297,168.6949920654297,168.6949920654297,168.6949920654297,9000,0.0,0.0
2003-04-29 00:00:00+09:00,168.6949920654297,168.6949920654297,168.6949920654297,168.6949920654297,0,0.0,0.0
2003-04-30 00:00:00+09:00,168.6949920654297,168.6949920654297,168.6949920654297,168.6949920654297,0,0.0,0.0
2003-05-01 00:00:00+09:00,168.6949920654297,168.6949920654297,168.6949920654297,168.6949920654297,3000,0.0,0.0
2003-05-02 00:00:00+09:00,168.6949920654297,168.6949920654297,168.6949920654297,168.6949920654297,0,0.0,0.0
2003-05-05 00:00:00+09:00,168.6949920654297,168.6949920654297,168.6949920654297,168.6949920654297,0,0.0,0.0
2003-05-06 00:00:00+09:00,168.6949920654297,168.6949920654297,168.6949920654297,168.6949920654297,9000,0.0,0.0
2003-05-07 00:00:00+09:00,163.14581298828125,163.14581298828125,163.14581298828125,163.14581298828125,3000,0.0,0.0
2003-05-08 00:00:00+09:00,163.14585473417543,163.14585473417543,162.77591513026164,162.96087646484375,18000,0.0,0.0
2003-05-09 00:00:00+09:00,164.62554931640628,164.62554931640628,164.62554931640628,164.62554931640625,0,0.0,0.0
2003-05-12 00:00:00+09:00,164.81056661045164,171.09963989257812,164.81056661045164,171.09963989257812,36000,0.0,0.0
2003-05-13 00:00:00+09:00,171.09967214256238,180.34829711914062,171.09967214256238,180.34829711914062,60000,0.0,0.0
2003-05-14 00:00:00+09:00,180.34829711914062,180.34829711914062,180.34829711914062,180.34829711914062,3000,0.0,0.0
2003-05-15 00:00:00+09:00,179.05350644649542,186.8223571777344,179.05350644649542,186.82235717773438,48000,0.0,0.0
2003-05-16 00:00:00+09:00,193.8512496850111,196.25588168957245,188.67201232910156,188.67201232910156,81000,0.0,0.0
2003-05-19 00:00:00+09:00,192.3714716386703,192.3714716386703,184.9725799560547,184.9725799560547,12000,0.0,0.0
2003-05-20 00:00:00+09:00,185.52746047282506,185.89739990234375,184.9725428611763,185.89739990234375,21000,0.0,0.0
2003-05-21 00:00:00+09:00,188.48708072564298,194.2212371826172,188.48708072564298,194.2212371826172,24000,0.0,0.0
2003-05-22 00:00:00+09:00,196.44085773354408,200.69522094726562,194.40616522867612,200.69522094726562,39000,0.0,0.0
2003-05-23 00:00:00+09:00,203.46984863281247,203.46984863281247,200.69525971084346,203.4698486328125,9000,0.0,0.0
2003-05-26 00:00:00+09:00,204.02475789150125,204.39471435546875,203.46984013029612,204.39471435546875,21000,0.0,0.0
2003-05-27 00:00:00+09:00,203.46978549530712,203.46978549530712,201.6200714111328,201.6200714111328,15000,0.0,0.0
2003-05-28 00:00:00+09:00,202.72996107185338,205.31957164589522,202.54498283986962,204.39471435546875,21000,0.0,0.0
2003-05-29 00:00:00+09:00,204.02472701054603,204.02472701054603,200.3252814740379,200.69522094726562,15000,0.0,0.0
2003-05-30 00:00:00+09:00,203.4698388188291,203.4698388188291,199.7703927462218,203.0998992919922,21000,0.0,0.0
2003-06-02 00:00:00+09:00,205.31954968807904,210.86872670667574,205.31954968807904,207.16928100585938,30000,0.0,0.0
2003-06-03 00:00:00+09:00,206.05954211367273,206.05954211367273,203.65489196777344,203.65489196777344,6000,0.0,0.0
2003-06-04 00:00:00+09:00,205.68949755873285,206.24441528320312,205.50453627373943,206.24441528320312,12000,0.0,0.0
2003-06-05 00:00:00+09:00,205.31958022570745,205.31958022570745,203.46984863281247,203.4698486328125,30000,0.0,0.0
2003-06-06 00:00:00+09:00,206.7993927001953,206.7993927001953,206.7993927001953,206.7993927001953,6000,0.0,0.0
2003-06-09 00:00:00+09:00,205.31954968807904,207.16928100585938,205.31954968807904,207.16928100585938,27000,0.0,0.0
2003-06-10 00:00:00+09:00,206.9843249295106,207.16930316149435,204.39471435546875,204.39471435546875,21000,0.0,0.0
2003-06-11 00:00:00+09:00,203.65482687252603,203.65482687252603,203.46984863281247,203.4698486328125,15000,0.0,0.0
2003-06-12 00:00:00+09:00,210.86873546497745,226.9613494873047,210.86873546497745,226.9613494873047,78000,0.0,0.0
2003-06-13 00:00:00+09:00,227.5162233964521,234.91513061523438,226.96130577841197,234.91513061523438,108000,0.0,0.0
2003-06-16 00:00:00+09:00,238.0598200052472,253.41254556501903,238.0598200052472,245.08877563476562,144000,0.0,0.0
2003-06-17 00:00:00+09:00,251.3778051032103,255.26223034763078,250.63790893554685,250.63790893554688,39000,0.0,0.0
2003-06-18 00:00:00+09:00,247.67835714797175,258.03681878025526,247.30840059823836,254.33737182617188,108000,0.0,0.0
2003-06-19 00:00:00+09:00,258.0367900932891,262.6611109728519,256.37203660881625,259.33160400390625,135000,0.0,0.0
2003-06-20 00:00:00+09:00,262.6611923441936,262.6611923441936,259.8866023438491,260.0715637207031,33000,0.0,0.0
2003-06-23 00:00:00+09:00,260.8113569952981,265.43567748055585,260.8113569952981,264.51080322265625,72000,0.0,0.0
2003-06-24 00:00:00+09:00,264.51074247655924,271.90965016682946,264.51074247655924,266.3604736328125,84000,0.0,0.0
2003-06-25 00:00:00+09:00,273.7594300114754,273.7594300114754,268.21025249053156,270.0599670410156,33000,0.0,0.0
2003-06-26 00:00:00+09:00,270.0599670410156,270.0599670410156,269.5050492889212,270.0599670410156,27000,0.0,0.0
2003-06-27 00:00:00+09:00,270.0599670410156,271.9096985262455,270.0599670410156,270.0599670410156,42000,0.0,0.0
2003-06-30 00:00:00+09:00,273.7594909667969,277.45893782623006,270.060027172614,273.7594909667969,45000,0.0,0.0
2003-07-01 00:00:00+09:00,273.7594909667969,275.4242445937542,266.36058031318083,273.7594909667969,57000,0.0,0.0
2003-07-02 00:00:00+09:00,277.45893782623006,277.45893782623006,273.7594909667969,273.7594909667969,15000,0.0,0.0
2003-07-03 00:00:00+09:00,276.5340803450592,276.5340803450592,273.7594909667969,273.7594909667969,51000,0.0,0.0
2003-07-04 00:00:00+09:00,273.7594909667969,273.7594909667969,273.7594909667969,273.7594909667969,12000,0.0,0.0
2003-07-07 00:00:00+09:00,273.574434549804,273.574434549804,268.2102355957031,268.2102355957031,21000,0.0,0.0
2003-07-08 00:00:00+09:00,268.2102355957031,268.2102355957031,268.02525737840836,268.2102355957031,42000,0.0,0.0
2003-07-09 00:00:00+09:00,266.36051780396633,266.36051780396633,258.96160888671875,258.96160888671875,99000,0.0,0.0
2003-07-10 00:00:00+09:00,258.9616381822184,258.9616381822184,255.2621917724609,255.26219177246094,60000,0.0,0.0
2003-07-11 00:00:00+09:00,255.26215007846287,255.44712829589844,255.26215007846287,255.44712829589844,12000,0.0,0.0
2003-07-14 00:00:00+09:00,255.26214467212074,258.9615903992657,255.26214467212074,255.8170623779297,96000,0.0,0.0
2003-07-15 00:00:00+09:00,256.55700563651243,256.55700563651243,255.2621917724609,255.26219177246094,48000,0.0,0.0
2003-07-16 00:00:00+09:00,255.26219053241078,255.26219053241078,251.562744140625,251.562744140625,6000,0.0,0.0
2003-07-17 00:00:00+09:00,251.562744140625,251.562744140625,251.562744140625,251.562744140625,3000,0.0,0.0
2003-07-18 00:00:00+09:00,249.5279429634847,249.71292114257812,249.5279429634847,249.71292114257812,9000,0.0,0.0
2003-07-21 00:00:00+09:00,249.71292114257812,249.71292114257812,249.71292114257812,249.71292114257812,0,0.0,0.0
2003-07-22 00:00:00+09:00,243.97893240344223,243.97893240344223,242.31417846679688,242.31417846679688,27000,0.0,0.0
2003-07-23 00:00:00+09:00,244.1639107079871,244.1639107079871,242.31417846679688,242.31417846679688,24000,0.0,0.0
2003-07-24 00:00:00+09:00,242.31404138822214,247.86321803783596,242.31404138822214,244.1637725830078,18000,0.0,0.0
2003-07-25 00:00:00+09:00,244.1639107079871,244.1639107079871,242.12921709700478,242.31417846679688,18000,0.0,0.0
2003-07-28 00:00:00+09:00,240.27934001805372,240.27934001805372,231.21567951487577,234.73016357421875,54000,0.0,0.0
2003-07-29 00:00:00+09:00,231.5856359009598,234.73016357421875,231.5856359009598,234.73016357421875,39000,0.0,0.0
2003-07-30 00:00:00+09:00,238.42958789639886,253.22740173339847,238.42958789639886,253.22740173339844,21000,0.0,0.0
2003-07-31 00:00:00+09:00,253.41236023238773,253.41236023238773,240.46429443359375,240.46429443359375,45000,0.0,0.0
2003-08-01 00:00:00+09:00,238.6147166409843,238.6147166409843,231.21580505371097,231.21580505371094,63000,0.0,0.0
2003-08-04 00:00:00+09:00,238.61463928222653,238.61463928222653,238.61463928222653,238.61463928222656,3000,0.0,0.0
2003-08-05 00:00:00+09:00,238.61463928222653,238.61463928222653,238.61463928222653,238.61463928222656,0,0.0,0.0
2003-08-06 00:00:00+09:00,234.91513061523438,234.91513061523438,234.91513061523438,234.91513061523438,3000,0.0,0.0
2003-08-07 00:00:00+09:00,234.73022762290003,234.73022762290003,231.21574260459178,231.77066040039062,21000,0.0,0.0
2003-08-08 00:00:00+09:00,231.21577409858085,233.0655059814453,231.21577409858085,233.0655059814453,33000,0.0,0.0
2003-08-11 00:00:00+09:00,231.21580505371097,231.21580505371097,228.99613327100414,231.21580505371094,21000,0.0,0.0
2003-08-12 00:00:00+09:00,233.06553718421725,233.06553718421725,231.21580505371097,231.21580505371094,9000,0.0,0.0
2003-08-13 00:00:00+09:00,231.21573701580573,234.91520018820847,231.21573701580573,233.99032592773438,27000,0.0,0.0
2003-08-14 00:00:00+09:00,233.80532369468213,248.78810119628906,233.80532369468213,248.78810119628906,39000,0.0,0.0
2003-08-15 00:00:00+09:00,247.86325073242188,247.86325073242188,247.86325073242188,247.86325073242188,0,0.0,0.0
2003-08-18 00:00:00+09:00,249.71295639440063,268.2102180685301,249.71295639440063,262.6610412597656,75000,0.0,0.0
2003-08-19 00:00:00+09:00,275.4241659185175,275.4241659185175,268.2102355957031,268.2102355957031,21000,0.0,0.0
2003-08-20 00:00:00+09:00,274.8692655156641,274.8692655156641,268.21025249053156,270.0599670410156,30000,0.0,0.0
2003-08-21 00:00:00+09:00,268.2102355957031,268.2102355957031,268.2102355957031,268.2102355957031,27000,0.0,0.0
2003-08-22 00:00:00+09:00,268.0252685546875,268.0252685546875,268.0252685546875,268.0252685546875,9000,0.0,0.0
2003-08-25 00:00:00+09:00,253.78239440917972,253.78239440917972,253.78239440917972,253.7823944091797,3000,0.0,0.0
2003-08-26 00:00:00+09:00,253.78239440917972,253.78239440917972,253.78239440917972,253.7823944091797,0,0.0,0.0
2003-08-27 00:00:00+09:00,253.78243210384412,253.78243210384412,253.41247558593747,253.4124755859375,6000,0.0,0.0
2003-08-28 00:00:00+09:00,249.89800720906462,253.41247558593747,249.89800720906462,253.4124755859375,12000,0.0,0.0
2003-08-29 00:00:00+09:00,253.41247558593747,253.41247558593747,253.41247558593747,253.4124755859375,0,0.0,0.0
2003-09-01 00:00:00+09:00,253.4124039501657,253.4124039501657,247.8632270977187,248.78810119628906,48000,0.0,0.0
2003-09-02 00:00:00+09:00,249.71298217119775,249.71298217119775,240.46435884680926,247.86325073242188,48000,0.0,0.0
2003-09-03 00:00:00+09:00,247.86322691411806,247.86322691411806,246.0135125878351,246.93836975097656,30000,0.0,0.0
2003-09-04 00:00:00+09:00,250.63777816856282,250.63777816856282,249.71292114257812,249.71292114257812,12000,0.0,0.0
2003-09-05 00:00:00+09:00,249.7130289501113,253.41247558593747,249.7130289501113,253.4124755859375,36000,0.0,0.0
2003-09-08 00:00:00+09:00,253.41247558593747,253.41247558593747,253.41247558593747,253.4124755859375,6000,0.0,0.0
2003-09-09 00:00:00+09:00,264.51074247655924,267.6552871356641,260.8112970987956,266.3604736328125,72000,0.0,0.0
2003-09-10 00:00:00+09:00,266.5454960306899,266.5454960306899,252.67255239506662,258.96160888671875,51000,0.0,0.0
2003-09-11 00:00:00+09:00,258.5916563838341,258.5916563838341,255.44712829589844,255.44712829589844,9000,0.0,0.0
2003-09-12 00:00:00+09:00,262.1061707955095,266.36053480370873,262.1061707955095,264.51080322265625,36000,0.0,0.0
2003-09-15 00:00:00+09:00,264.51080322265625,264.51080322265625,264.51080322265625,264.51080322265625,0,0.0,0.0
2003-09-16 00:00:00+09:00,258.96160888671875,258.96160888671875,258.96160888671875,258.96160888671875,21000,0.0,0.0
2003-09-17 00:00:00+09:00,260.996350967713,271.90972900390625,260.996350967713,271.90972900390625,57000,0.0,0.0
2003-09-18 00:00:00+09:00,271.7247807995714,275.6092059291386,270.98490158853457,273.7594909667969,27000,0.0,0.0
2003-09-19 00:00:00+09:00,281.1583700061254,281.1583700061254,273.75947667356206,277.45892333984375,57000,0.0,0.0
2003-09-22 00:00:00+09:00,278.0138411865234,281.1583700061254,277.45892333984375,277.45892333984375,27000,0.0,0.0
2003-09-23 00:00:00+09:00,277.45892333984375,277.45892333984375,277.45892333984375,277.45892333984375,0,0.0,0.0
2003-09-24 00:00:00+09:00,270.0599973113447,271.90972900390625,270.0599973113447,271.90972900390625,15000,0.0,0.0
2003-09-25 00:00:00+09:00,262.4683336212757,268.13311767578125,260.768898404924,268.13311767578125,36000,10.0,0.0
2003-09-26 00:00:00+09:00,260.5802001953125,260.5802001953125,260.5802001953125,260.5802001953125,6000,0.0,0.0
2003-09-29 00:00:00+09:00,254.9153461298219,258.6918640136719,254.9153461298219,258.6918640136719,24000,0.0,0.0
2003-09-30 00:00:00+09:00,254.9153900146484,254.9153900146484,254.9153900146484,254.91539001464844,3000,0.0,0.0
2003-10-01 00:00:00+09:00,254.53765677828977,254.53765677828977,245.47400154924148,249.25051879882812,30000,0.0,0.0
2003-10-02 00:00:00+09:00,250.1946717065094,253.97120666503906,250.1946717065094,253.97120666503906,9000,0.0,0.0
2003-10-03 00:00:00+09:00,250.19474792480472,251.138890595833,247.36235448683502,250.1947479248047,81000,0.0,0.0
2003-10-06 00:00:00+09:00,249.25051879882812,251.13878606739667,247.3622515302596,249.25051879882812,39000,0.0,0.0
2003-10-07 00:00:00+09:00,249.25051879882812,249.25051879882812,249.25051879882812,249.25051879882812,6000,0.0,0.0
2003-10-08 00:00:00+09:00,249.25051879882812,249.25051879882812,249.25051879882812,249.25051879882812,3000,0.0,0.0
2003-10-09 00:00:00+09:00,250.19474792480472,250.19474792480472,250.19474792480472,250.1947479248047,3000,0.0,0.0
2003-10-10 00:00:00+09:00,261.52425674844767,261.52425674844767,258.6918640136719,258.6918640136719,93000,0.0,0.0
2003-10-13 00:00:00+09:00,258.6918640136719,258.6918640136719,258.6918640136719,258.6918640136719,0,0.0,0.0
2003-10-14 00:00:00+09:00,266.2448889210472,269.26611328125,266.2448889210472,269.26611328125,36000,0.0,0.0
2003-10-15 00:00:00+09:00,269.6438377037601,270.021484375,269.45500572436185,270.021484375,15000,0.0,0.0
2003-10-16 00:00:00+09:00,269.83266968315826,270.021484375,269.83266968315826,270.021484375,15000,0.0,0.0
2003-10-17 00:00:00+09:00,270.2102703602701,273.7979736328125,270.2102703602701,273.7979736328125,6000,0.0,0.0
2003-10-20 00:00:00+09:00,273.7979736328125,273.7979736328125,273.7979736328125,273.7979736328125,21000,0.0,0.0
2003-10-21 00:00:00+09:00,272.8538776281908,272.8538776281908,268.32204842308556,270.021484375,15000,0.0,0.0
2003-10-22 00:00:00+09:00,272.8538776281908,272.8538776281908,270.021484375,270.021484375,12000,0.0,0.0
2003-10-23 00:00:00+09:00,270.021484375,270.021484375,270.021484375,270.021484375,3000,0.0,0.0
2003-10-24 00:00:00+09:00,270.02141343612203,270.02141343612203,264.35662841796875,264.35662841796875,9000,0.0,0.0
2003-10-27 00:00:00+09:00,264.35665531920773,264.35665531920773,256.8036193847656,256.8036193847656,15000,0.0,0.0
2003-10-28 00:00:00+09:00,264.35662841796875,264.35662841796875,264.35662841796875,264.35662841796875,3000,0.0,0.0
2003-10-29 00:00:00+09:00,264.54546034775785,264.54546034775785,264.35662841796875,264.35662841796875,6000,0.0,0.0
2003-10-30 00:00:00+09:00,264.35662841796875,264.35662841796875,264.35662841796875,264.35662841796875,3000,0.0,0.0
2003-10-31 00:00:00+09:00,264.35662841796875,264.54546034775785,264.35662841796875,264.35662841796875,24000,0.0,0.0
2003-11-03 00:00:00+09:00,264.35662841796875,264.35662841796875,264.35662841796875,264.35662841796875,0,0.0,0.0
2003-11-04 00:00:00+09:00,260.5801420325785,260.5801420325785,259.6360168457031,259.6360168457031,9000,0.0,0.0
2003-11-05 00:00:00+09:00,259.6360168457031,259.6360168457031,259.6360168457031,259.6360168457031,300,0.0,0.0
2003-11-06 00:00:00+09:00,259.63600977745244,273.7979736328125,259.63600977745244,273.7979736328125,76500,0.0,0.0
2003-11-07 00:00:00+09:00,283.2393115406279,283.2393115406279,279.4627931492714,281.3510437011719,74100,0.0,0.0
2003-11-10 00:00:00+09:00,281.3510509594865,290.792355825223,281.3510509594865,283.23931884765625,48900,0.0,0.0
2003-11-11 00:00:00+09:00,277.5744854035925,281.351003252008,276.4415283203125,276.4415283203125,5100,0.0,0.0
2003-11-12 00:00:00+09:00,270.0214945619774,270.96563720703125,270.0214945619774,270.96563720703125,16800,0.0,0.0
2003-11-13 00:00:00+09:00,271.1544292113114,272.09857177734375,270.9656145281495,272.09857177734375,11700,0.0,0.0
2003-11-14 00:00:00+09:00,279.65154457907363,279.65154457907363,278.32977294921875,278.32977294921875,4500,0.0,0.0
2003-11-17 00:00:00+09:00,264.16786053784114,273.79799677339616,264.16786053784114,271.90972900390625,70800,0.0,0.0
2003-11-18 00:00:00+09:00,271.90972900390625,272.0985609671217,271.90972900390625,271.90972900390625,27000,0.0,0.0
2003-11-19 00:00:00+09:00,271.7209305780057,271.7209305780057,263.79022916987367,270.96563720703125,4500,0.0,0.0
2003-11-20 00:00:00+09:00,270.96563720703125,271.15445190599627,270.96563720703125,270.96563720703125,9000,0.0,0.0
2003-11-21 00:00:00+09:00,259.6360747977038,261.5243255929211,259.6360747977038,260.5802001953125,5400,0.0,0.0
2003-11-24 00:00:00+09:00,260.5802001953125,260.5802001953125,260.5802001953125,260.5802001953125,0,0.0,0.0
2003-11-25 00:00:00+09:00,253.02707854412026,258.6918640136719,253.02707854412026,258.6918640136719,3600,0.0,0.0
2003-11-26 00:00:00+09:00,262.46832275390625,262.46832275390625,262.46832275390625,262.46832275390625,9300,0.0,0.0
2003-11-27 00:00:00+09:00,258.69178868223537,262.46832275390625,258.69178868223537,262.46832275390625,4200,0.0,0.0
2003-11-28 00:00:00+09:00,257.18121272261425,263.4124755859375,257.18121272261425,263.4124755859375,9000,0.0,0.0
2003-12-01 00:00:00+09:00,263.22370292836206,263.22370292836206,254.9153563362181,259.6360168457031,14700,0.0,0.0
2003-12-02 00:00:00+09:00,255.8595386321535,260.5802001953125,255.8595386321535,260.5802001953125,4500,0.0,0.0
2003-12-03 00:00:00+09:00,260.5802001953125,260.5802001953125,260.5802001953125,260.5802001953125,0,0.0,0.0
2003-12-04 00:00:00+09:00,258.6919321125373,260.5802001953125,256.80368131732,260.5802001953125,8400,0.0,0.0
2003-12-05 00:00:00+09:00,260.5802001953125,260.76903218985734,260.5802001953125,260.5802001953125,12600,0.0,0.0
2003-12-08 00:00:00+09:00,258.5030908307313,258.5030908307313,254.91538702855155,255.85951232910156,5400,0.0,0.0
2003-12-09 00:00:00+09:00,256.8036137155235,258.6918640136719,254.9153461298219,258.6918640136719,5100,0.0,0.0
2003-12-10 00:00:00+09:00,258.6918640136719,258.6918640136719,258.6918640136719,258.6918640136719,3600,0.0,0.0
2003-12-11 00:00:00+09:00,258.31414794921875,258.31414794921875,258.31414794921875,258.31414794921875,2100,0.0,0.0
2003-12-12 00:00:00+09:00,258.1253662109375,258.1253662109375,258.1253662109375,258.1253662109375,300,0.0,0.0
2003-12-15 00:00:00+09:00,258.12544452808805,258.12544452808805,253.40480041503906,253.40480041503906,13200,0.0,0.0
2003-12-16 00:00:00+09:00,252.83832173846858,253.40480041503906,252.83832173846858,253.40480041503906,3900,0.0,0.0
2003-12-17 00:00:00+09:00,253.4047480280006,256.8036193847656,252.08295896007405,256.8036193847656,8400,0.0,0.0
2003-12-18 00:00:00+09:00,260.5802001953125,260.5802001953125,260.3913682007676,260.5802001953125,6000,0.0,0.0
2003-12-19 00:00:00+09:00,260.58006650725747,268.13311767578125,254.91528245275188,268.13311767578125,45300,0.0,0.0
2003-12-22 00:00:00+09:00,268.13318713462246,270.02143745023545,268.13318713462246,268.5108337402344,32100,0.0,0.0
2003-12-23 00:00:00+09:00,268.5108337402344,268.5108337402344,268.5108337402344,268.5108337402344,0,0.0,0.0
2003-12-24 00:00:00+09:00,268.69959608123185,268.69959608123185,264.35658344774487,268.13311767578125,4200,0.0,0.0
2003-12-25 00:00:00+09:00,267.1890209270454,267.1890209270454,262.46837827028565,264.35662841796875,14700,0.0,0.0
2003-12-26 00:00:00+09:00,256.8036137155235,258.6918640136719,256.8036137155235,258.6918640136719,10800,0.0,0.0
2003-12-29 00:00:00+09:00,258.6918433998155,264.35662841796875,258.6918433998155,264.35662841796875,33300,0.0,0.0
2003-12-30 00:00:00+09:00,264.3566663756689,266.24493408203125,264.3566663756689,266.24493408203125,4800,0.0,0.0
2003-12-31 00:00:00+09:00,266.24493408203125,266.24493408203125,266.24493408203125,266.24493408203125,0,0.0,0.0
2004-01-01 00:00:00+09:00,266.24493408203125,266.24493408203125,266.24493408203125,266.24493408203125,0,0.0,0.0
2004-01-02 00:00:00+09:00,266.24493408203125,266.24493408203125,266.24493408203125,266.24493408203125,0,0.0,0.0
2004-01-05 00:00:00+09:00,268.1331065738643,268.1331065738643,256.80353893394823,262.46832275390625,4800,0.0,0.0
2004-01-06 00:00:00+09:00,264.35658344774487,270.0213675022505,264.35658344774487,268.13311767578125,8400,0.0,0.0
2004-01-07 00:00:00+09:00,266.2448505617631,270.0213675022505,266.2448505617631,268.13311767578125,5100,0.0,0.0
2004-01-08 00:00:00+09:00,267.75549942886073,267.75549942886073,264.35662841796875,264.35662841796875,5700,0.0,0.0
2004-01-09 00:00:00+09:00,264.35664948322346,264.35664948322346,254.9153461298219,258.6918640136719,3600,0.0,0.0
2004-01-12 00:00:00+09:00,258.6918640136719,258.6918640136719,258.6918640136719,258.6918640136719,0,0.0,0.0
2004-01-13 00:00:00+09:00,264.35662841796875,264.35662841796875,258.88067532960457,264.35662841796875,6300,0.0,0.0
2004-01-14 00:00:00+09:00,264.35662841796875,264.35662841796875,264.35662841796875,264.35662841796875,3300,0.0,0.0
2004-01-15 00:00:00+09:00,264.1678257911992,264.35664044202446,259.06951904296875,259.06951904296875,55200,0.0,0.0
2004-01-16 00:00:00+09:00,264.1677551269531,264.1677551269531,264.1677551269531,264.1677551269531,1200,0.0,0.0
2004-01-19 00:00:00+09:00,264.35669964750974,264.35669964750974,260.0137023925781,260.0137023925781,11400,0.0,0.0
2004-01-20 00:00:00+09:00,261.7130233181586,268.13311767578125,261.7130233181586,268.13311767578125,37800,0.0,0.0
2004-01-21 00:00:00+09:00,268.5107641835653,270.0213675022505,264.5454153454114,268.13311767578125,29700,0.0,0.0
2004-01-22 00:00:00+09:00,267.7555407963252,269.07732993395757,264.35666926031735,265.3008117675781,25200,0.0,0.0
2004-01-23 00:00:00+09:00,269.07737718232187,279.4628255729307,268.88854519020106,276.63043212890625,109800,0.0,0.0
2004-01-26 00:00:00+09:00,277.57457000134036,288.9041442871094,277.57457000134036,288.9041442871094,48600,0.0,0.0
2004-01-27 00:00:00+09:00,294.56879817864103,345.5518594018674,294.56879817864103,329.50164794921875,158700,0.0,0.0
2004-01-28 00:00:00+09:00,329.5016679805896,330.4457757513103,324.780990826573,328.5575256347656,99300,0.0,0.0
2004-01-29 00:00:00+09:00,321.0044905934836,328.5575256347656,317.22795578529093,328.5575256347656,18900,0.0,0.0
2004-01-30 00:00:00+09:00,311.56327747535835,325.72524463332917,311.56327747535835,319.87164306640625,36600,0.0,0.0
2004-02-02 00:00:00+09:00,312.1298070154205,321.9487609863281,312.1298070154205,321.9487609863281,10500,0.0,0.0
2004-02-03 00:00:00+09:00,305.8984473837718,311.5632334464342,305.8984473837718,310.0526123046875,10200,0.0,0.0
2004-02-04 00:00:00+09:00,311.56330728813464,315.33984375,309.6750563447612,315.33984375,13800,0.0,0.0
2004-02-05 00:00:00+09:00,315.33984375,315.33984375,315.33984375,315.33984375,3300,0.0,0.0
2004-02-06 00:00:00+09:00,309.8637542682809,313.6402893066406,309.8637542682809,313.6402893066406,17100,0.0,0.0
2004-02-09 00:00:00+09:00,319.3051659439837,324.78110355514247,317.2280658922697,322.8928527832031,32100,0.0,0.0
2004-02-10 00:00:00+09:00,323.0815909589328,326.6693115234375,323.0815909589328,326.6693115234375,17100,0.0,0.0
2004-02-11 00:00:00+09:00,326.6693115234375,326.6693115234375,326.6693115234375,326.6693115234375,0,0.0,0.0
2004-02-12 00:00:00+09:00,329.5017042979901,330.4458121727696,326.6693115234375,326.6693115234375,17100,0.0,0.0
2004-02-13 00:00:00+09:00,326.6693115234375,328.55756184810355,326.6693115234375,326.6693115234375,15000,0.0,0.0
2004-02-16 00:00:00+09:00,314.39561741041103,326.66933171723525,314.39561741041103,325.7251892089844,33300,0.0,0.0
2004-02-17 00:00:00+09:00,321.0044860839844,322.8927361740028,321.0044860839844,321.0044860839844,6000,0.0,0.0
2004-02-18 00:00:00+09:00,321.9486753728933,321.9486753728933,320.0604248046875,320.0604248046875,14100,0.0,0.0
2004-02-19 00:00:00+09:00,321.00454581794855,325.7251892089844,319.11626080144686,325.7251892089844,43200,0.0,0.0
2004-02-20 00:00:00+09:00,325.7251892089844,325.7251892089844,325.7251892089844,325.7251892089844,9900,0.0,0.0
2004-02-23 00:00:00+09:00,326.66928468198637,339.50944115484907,325.72514230967715,338.9429626464844,59700,0.0,0.0
2004-02-24 00:00:00+09:00,338.94296752483245,341.7753601074219,337.05471732814107,341.7753601074219,52200,0.0,0.0
2004-02-25 00:00:00+09:00,324.7811054106868,341.58665147484135,324.7811054106868,330.4458923339844,4800,0.0,0.0
2004-02-26 00:00:00+09:00,336.1105651855469,340.8312424028995,334.22231504366806,336.1105651855469,23700,0.0,0.0
2004-02-27 00:00:00+09:00,336.11056016425863,345.5518798828125,336.11056016425863,345.5518798828125,18900,0.0,0.0
2004-03-01 00:00:00+09:00,339.8871296208079,348.3843078613281,339.8871296208079,348.3843078613281,32700,0.0,0.0
2004-03-02 00:00:00+09:00,345.3631204622785,347.440185546875,333.27822099231344,347.440185546875,15300,0.0,0.0
2004-03-03 00:00:00+09:00,347.440173158532,368.21106528965066,347.440173158532,366.32281494140625,73500,0.0,0.0
2004-03-04 00:00:00+09:00,368.211144994966,381.4289694441059,366.32289423797886,370.0993957519531,53100,0.0,0.0
2004-03-05 00:00:00+09:00,375.7640435151135,377.65232814829795,371.98754339894896,373.87579345703125,49500,0.0,0.0
2004-03-08 00:00:00+09:00,371.7988180094507,375.76416865456207,368.21113133176885,373.6871032714844,24900,0.0,0.0
2004-03-09 00:00:00+09:00,373.6870792395954,373.6870792395954,368.2111076520407,373.49822998046875,72600,0.0,0.0
2004-03-10 00:00:00+09:00,373.49825400021274,373.6871032714843,371.98766728072235,373.6871032714844,51900,0.0,0.0
2004-03-11 00:00:00+09:00,373.68711713787815,373.68711713787815,367.64466631035833,370.0993957519531,21000,0.0,0.0
2004-03-12 00:00:00+09:00,369.91042952238683,377.65231323242193,369.3439510698257,377.6523132324219,39600,0.0,0.0
2004-03-15 00:00:00+09:00,380.48472583355,392.7584032450465,380.48472583355,388.9819030761719,52800,0.0,0.0
2004-03-16 00:00:00+09:00,388.9820032633304,399.3674332652864,388.9820032633304,394.64678955078125,5400,0.0,0.0
2004-03-17 00:00:00+09:00,395.5908611759729,396.5350036621094,392.75846829267215,396.5350036621094,18000,0.0,0.0
2004-03-18 00:00:00+09:00,396.534963414289,400.3114984004124,387.09364323653284,390.87017822265625,15600,0.0,0.0
2004-03-19 00:00:00+09:00,390.87017822265625,390.87017822265625,387.09364323653284,390.87017822265625,8100,0.0,0.0
2004-03-22 00:00:00+09:00,387.09367454194563,388.03781700860833,377.46353893735244,386.1495666503906,55200,0.0,0.0
2004-03-23 00:00:00+09:00,384.2612618353357,384.2612618353357,377.65236863596505,379.5406188964844,12600,0.0,0.0
2004-03-24 00:00:00+09:00,379.54058350377994,396.53493798902383,377.65233341934265,388.9819030761719,16200,0.0,0.0
2004-03-25 00:00:00+09:00,395.5908975486153,395.5908975486153,377.65243068842864,394.64678955078125,12600,0.0,0.0
2004-03-26 00:00:00+09:00,393.6819039125923,404.2958650335512,382.1030243857514,389.822265625,21600,15.0,0.0
2004-03-29 00:00:00+09:00,404.29578357248397,411.0501403808594,403.330900696951,411.0501403808594,22800,0.0,0.0
2004-03-30 00:00:00+09:00,420.69922718425113,422.6290283203125,415.874671340203,422.6290283203125,21900,0.0,0.0
2004-03-31 00:00:00+09:00,422.6290283203125,424.5588294563738,420.69922718425113,422.6290283203125,34500,0.0,0.0
2004-04-01 00:00:00+09:00,429.38334554454116,429.38334554454116,420.6991882324219,420.6991882324219,20400,0.0,0.0
2004-04-02 00:00:00+09:00,420.69923554182776,431.313195004916,420.69923554182776,424.558837890625,24300,0.0,0.0
2004-04-05 00:00:00+09:00,424.5589817756571,461.22546386718756,424.5589817756571,461.2254638671875,94800,0.0,0.0
2004-04-06 00:00:00+09:00,463.155075616229,463.155075616229,424.5588075362339,446.7516784667969,48600,0.0,0.0
2004-04-07 00:00:00+09:00,442.89201713408397,442.89201713408397,431.3131408691406,431.3131408691406,8100,0.0,0.0
2004-04-08 00:00:00+09:00,434.20785593692955,453.50597108881783,424.5587806930225,426.4886169433594,27000,0.0,0.0
2004-04-09 00:00:00+09:00,419.7342812746789,439.99731554311165,418.7693631023015,432.278076171875,13200,0.0,0.0
2004-04-12 00:00:00+09:00,424.5588121917519,443.8569641113281,424.5588121917519,443.8569641113281,41400,0.0,0.0
2004-04-13 00:00:00+09:00,443.8569997602742,449.64643873394766,436.1377242380888,440.9622802734375,42300,0.0,0.0
2004-04-14 00:00:00+09:00,445.7867602806204,449.6463976893983,443.8569592441955,446.7516784667969,41400,0.0,0.0
2004-04-15 00:00:00+09:00,447.71654323394284,453.5059814453125,445.78674227546185,453.5059814453125,33000,0.0,0.0
2004-04-16 00:00:00+09:00,453.50612621267743,453.50612621267743,441.92724609375006,441.92724609375,39900,0.0,0.0
2004-04-19 00:00:00+09:00,441.9271544680042,441.9271544680042,416.8395978571,424.558837890625,29700,0.0,0.0
2004-04-20 00:00:00+09:00,424.558837890625,425.5237561457896,424.558837890625,424.558837890625,36000,0.0,0.0
2004-04-21 00:00:00+09:00,424.5589329235023,424.5589329235023,416.83969116210943,416.8396911621094,13800,0.0,0.0
2004-04-22 00:00:00+09:00,411.0501797324732,439.99737548828125,407.19054185305475,439.99737548828125,33000,0.0,0.0
2004-04-23 00:00:00+09:00,439.9973342483108,439.9973342483108,428.41845703125,428.41845703125,6300,0.0,0.0
2004-04-26 00:00:00+09:00,436.1376967306475,436.1376967306475,428.41845703125,428.41845703125,12000,0.0,0.0
2004-04-27 00:00:00+09:00,433.2429774263823,433.2429774263823,428.41845703125,428.41845703125,7500,0.0,0.0
2004-04-28 00:00:00+09:00,428.41848907017675,439.9973671531545,428.41848907017675,438.06756591796875,18300,0.0,0.0
2004-04-29 00:00:00+09:00,438.06756591796875,438.06756591796875,438.06756591796875,438.06756591796875,0,0.0,0.0
2004-04-30 00:00:00+09:00,438.06756591796875,453.50604647131803,438.06756591796875,438.06756591796875,13800,0.0,0.0
2004-05-03 00:00:00+09:00,438.06756591796875,438.06756591796875,438.06756591796875,438.06756591796875,0,0.0,0.0
2004-05-04 00:00:00+09:00,438.06756591796875,438.06756591796875,438.06756591796875,438.06756591796875,0,0.0,0.0
2004-05-05 00:00:00+09:00,438.06756591796875,438.06756591796875,438.06756591796875,438.06756591796875,0,0.0,0.0
2004-05-06 00:00:00+09:00,438.06742282167323,449.6462971223702,437.1025048513085,447.7164611816406,16500,0.0,0.0
2004-05-07 00:00:00+09:00,451.5762036776016,451.5762036776016,442.8920459145708,443.8569641113281,26100,0.0,0.0
2004-05-10 00:00:00+09:00,436.13765685134064,436.13765685134064,411.05010362029327,426.4886169433594,55800,0.0,0.0
2004-05-11 00:00:00+09:00,395.6116949096455,411.05021231515065,395.6116949096455,405.2607727050781,24300,0.0,0.0
2004-05-12 00:00:00+09:00,404.29588241445776,411.050240874134,395.6117223959901,400.436279296875,16500,0.0,0.0
2004-05-13 00:00:00+09:00,400.4362566716371,400.4362566716371,378.2433809877472,380.1732177734375,12000,0.0,0.0
2004-05-14 00:00:00+09:00,380.1732177734375,380.1732177734375,366.6645016173474,380.1732177734375,15600,0.0,0.0
2004-05-17 00:00:00+09:00,368.59429465408965,368.59429465408965,343.50670210527954,347.1733703613281,44700,0.0,0.0
2004-05-18 00:00:00+09:00,343.506665128367,350.261021677653,343.506665128367,347.3663024902344,59100,0.0,0.0
2004-05-19 00:00:00+09:00,349.29620712795975,361.2610617641801,349.29620712795975,356.8224792480469,62400,0.0,0.0
2004-05-20 00:00:00+09:00,372.26089279169685,372.26089279169685,362.804821757072,369.55914306640625,24000,0.0,0.0
2004-05-21 00:00:00+09:00,374.19069383208836,374.19069383208836,369.55914306640625,369.55914306640625,32700,0.0,0.0
2004-05-24 00:00:00+09:00,375.1556870875136,376.31357501062325,372.45393682161284,376.12060546875,15600,0.0,0.0
2004-05-25 00:00:00+09:00,376.3135681152344,378.2433695064112,374.38376672405747,376.3135681152344,38100,0.0,0.0
2004-05-26 00:00:00+09:00,380.17314321871464,384.0327453613281,380.17314321871464,384.0327453613281,16800,0.0,0.0
2004-05-27 00:00:00+09:00,384.03265792861475,385.9624938964844,378.24322069684706,385.9624938964844,31200,0.0,0.0
2004-05-28 00:00:00+09:00,384.0327453613281,384.0327453613281,384.0327453613281,384.0327453613281,600,0.0,0.0
2004-05-31 00:00:00+09:00,376.5065457951501,378.2433776855469,376.5065457951501,378.2433776855469,3300,0.0,0.0
2004-06-01 00:00:00+09:00,378.24333041076477,378.24333041076477,374.38372802734375,374.38372802734375,6900,0.0,0.0
2004-06-02 00:00:00+09:00,374.38372802734375,374.38372802734375,374.38372802734375,374.38372802734375,0,0.0,0.0
2004-06-03 00:00:00+09:00,376.31357625263996,382.10301588729595,370.52413661798397,378.2433776855469,6000,0.0,0.0
2004-06-04 00:00:00+09:00,372.45380401268073,377.2783588625961,368.59420253585546,375.7344970703125,17700,0.0,0.0
2004-06-07 00:00:00+09:00,378.243386098159,389.822265625,378.243386098159,389.822265625,31800,0.0,0.0
2004-06-08 00:00:00+09:00,389.8222824801311,390.7872009277344,389.8222824801311,390.7872009277344,8400,0.0,0.0
2004-06-09 00:00:00+09:00,376.31352053647925,380.17315816677876,374.38371938929447,375.3486022949219,9900,0.0,0.0
2004-06-10 00:00:00+09:00,375.54162936484397,375.54162936484397,373.4188232421875,373.4188232421875,5400,0.0,0.0
2004-06-11 00:00:00+09:00,372.45397949218756,374.3838164757541,369.5592593527769,372.4539794921875,9900,0.0,0.0
2004-06-14 00:00:00+09:00,372.83990712890335,381.13809204101557,372.64693758915854,381.1380920410156,1200,0.0,0.0
2004-06-15 00:00:00+09:00,383.83977585497604,384.0327453613281,378.2433068114793,384.0327453613281,1200,0.0,0.0
2004-06-16 00:00:00+09:00,384.0327453613281,385.9625817685635,384.0327453613281,384.0327453613281,8400,0.0,0.0
2004-06-17 00:00:00+09:00,382.29591379637344,385.9625817685635,382.10294429002136,384.0327453613281,12900,0.0,0.0
2004-06-18 00:00:00+09:00,384.0327453613281,384.0327453613281,370.52406719032376,384.0327453613281,9000,0.0,0.0
2004-06-21 00:00:00+09:00,385.9625817685635,389.8221839111769,384.0327453613281,384.0327453613281,96600,0.0,0.0
2004-06-22 00:00:00+09:00,385.9626626733437,391.7521024367642,385.9626626733437,389.822265625,61800,0.0,0.0
2004-06-23 00:00:00+09:00,389.82224044669573,389.82224044669573,384.03280105721046,386.9275207519531,21000,0.0,0.0
2004-06-24 00:00:00+09:00,385.76957569731906,388.8572998046875,385.76957569731906,388.8572998046875,39300,0.0,0.0
2004-06-25 00:00:00+09:00,387.8923645019531,387.8923645019531,385.96256352187925,387.8923645019531,39000,0.0,0.0
2004-06-28 00:00:00+09:00,395.61162344743474,401.4010620117188,391.75202129519784,401.40106201171875,67500,0.0,0.0
2004-06-29 00:00:00+09:00,404.29588241445776,405.26080086182225,395.6117223959901,400.436279296875,55200,0.0,0.0
2004-06-30 00:00:00+09:00,402.3660808556664,403.33099930303086,398.506442402146,400.436279296875,40200,0.0,0.0
2004-07-01 00:00:00+09:00,400.4360874006004,400.4360874006004,389.82209557382225,393.6817321777344,26400,0.0,0.0
2004-07-02 00:00:00+09:00,393.68180277810166,393.68180277810166,382.1029262258046,387.8923645019531,66000,0.0,0.0
2004-07-05 00:00:00+09:00,387.8923828398702,387.8923828398702,380.17314321871464,384.0327453613281,67800,0.0,0.0
2004-07-06 00:00:00+09:00,395.6116224610257,397.5414588682611,384.0327453613281,384.0327453613281,92100,0.0,0.0
2004-07-07 00:00:00+09:00,385.76964368236844,385.76964368236844,381.13809204101557,381.1380920410156,48600,0.0,0.0
2004-07-08 00:00:00+09:00,387.8924364562428,387.8924364562428,378.62933349609375,378.62933349609375,53100,0.0,0.0
2004-07-09 00:00:00+09:00,378.4363267206699,385.9625971351212,378.4363267206699,385.76959228515625,49800,0.0,0.0
2004-07-12 00:00:00+09:00,389.822265625,394.6468223184744,389.822265625,389.822265625,38700,0.0,0.0
2004-07-13 00:00:00+09:00,393.68180277810166,393.68180277810166,387.8923645019531,387.8923645019531,83700,0.0,0.0
2004-07-14 00:00:00+09:00,390.78712641411767,398.50636651525906,390.78712641411767,391.7520446777344,203700,0.0,0.0
2004-07-15 00:00:00+09:00,392.71700248700324,394.6468393822097,389.8222824801311,390.7872009277344,102300,0.0,0.0
2004-07-16 00:00:00+09:00,391.7520446777344,392.71692760542027,387.89240695919824,391.7520446777344,100500,0.0,0.0
2004-07-19 00:00:00+09:00,391.7520446777344,391.7520446777344,391.7520446777344,391.7520446777344,0,0.0,0.0
2004-07-20 00:00:00+09:00,391.7520446777344,392.71692760542027,389.8222081505009,391.7520446777344,65700,0.0,0.0
2004-07-21 00:00:00+09:00,391.75200179802783,391.75200179802783,387.8923645019531,387.8923645019531,33600,0.0,0.0
2004-07-22 00:00:00+09:00,385.9625817685635,385.9625817685635,381.3310309286844,384.0327453613281,27300,0.0,0.0
2004-07-23 00:00:00+09:00,379.2082246125056,380.17314281509886,376.12053583450717,377.0854187011719,139500,0.0,0.0
2004-07-26 00:00:00+09:00,377.0853062463138,377.2783110308315,370.5239562988281,370.5239562988281,82800,0.0,0.0
2004-07-27 00:00:00+09:00,375.3487086122091,375.3487086122091,367.05052245933564,371.4891052246094,45600,0.0,0.0
2004-07-28 00:00:00+09:00,374.38372802734375,379.78719256569167,371.4890085718126,374.38372802734375,21600,0.0,0.0
2004-07-29 00:00:00+09:00,379.2082214355468,379.2082214355468,369.55914549823876,379.2082214355469,60600,0.0,0.0
2004-07-30 00:00:00+09:00,373.4187273460915,376.3134461627278,368.5942077636719,368.5942077636719,52200,0.0,0.0
2004-08-02 00:00:00+09:00,368.59433748685944,368.59433748685944,360.87506103515625,360.87506103515625,57600,0.0,0.0
2004-08-03 00:00:00+09:00,363.1908258568354,363.1908258568354,354.1207275390625,354.1207275390625,51300,0.0,0.0
2004-08-04 00:00:00+09:00,351.2259980600584,352.19088105848755,349.29616139133304,349.4891662597656,77700,0.0,0.0
2004-08-05 00:00:00+09:00,349.29611573197695,355.08555430950105,349.29611573197695,351.2259521484375,45300,0.0,0.0
2004-08-06 00:00:00+09:00,353.1558091779642,355.08561056422633,353.1558091779642,354.1207275390625,29100,0.0,0.0
2004-08-09 00:00:00+09:00,354.12070378806453,354.12070378806453,349.4891525029277,349.8750915527344,35700,0.0,0.0
2004-08-10 00:00:00+09:00,349.8750561304833,353.1557497372867,349.8750561304833,352.769775390625,24300,0.0,0.0
2004-08-11 00:00:00+09:00,353.1557127055301,355.0855135646237,352.7697383993415,353.54168701171875,15000,0.0,0.0
2004-08-12 00:00:00+09:00,352.7697070595906,352.7697070595906,350.0679931640625,350.0679931640625,24600,0.0,0.0
2004-08-13 00:00:00+09:00,350.0681014719603,353.1557905946905,350.0681014719603,350.45404052734375,9000,0.0,0.0
2004-08-16 00:00:00+09:00,347.5591997804434,357.0153040519907,347.5591997804434,355.2784729003906,29700,0.0,0.0
2004-08-17 00:00:00+09:00,357.0154373943674,363.7697597271056,347.75233445947293,349.4891662597656,26400,0.0,0.0
2004-08-18 00:00:00+09:00,350.2610762799515,351.2259946048216,347.559326171875,347.559326171875,25800,0.0,0.0
2004-08-19 00:00:00+09:00,347.36636196589666,349.2961633092849,343.5067239431866,344.66461181640625,38400,0.0,0.0
2004-08-20 00:00:00+09:00,347.3662929847592,366.66440859415917,347.3662929847592,353.1557312011719,73800,0.0,0.0
2004-08-23 00:00:00+09:00,411.0501800105451,411.0501800105451,391.7520612722622,395.6116638183594,787200,0.0,0.0
2004-08-24 00:00:00+09:00,391.75200179802783,394.6467209361021,385.96256352187925,387.8923645019531,177000,0.0,0.0
2004-08-25 00:00:00+09:00,387.8923816041438,393.6818201355489,385.76957569731906,388.8572998046875,151800,0.0,0.0
2004-08-26 00:00:00+09:00,390.78710086984637,390.78710086984637,385.9625805389849,388.8572998046875,162300,0.0,0.0
2004-08-27 00:00:00+09:00,388.8573068204395,399.47126587420274,387.89238860248673,398.50634765625,326700,0.0,0.0
2004-08-30 00:00:00+09:00,403.33096313476557,404.2958461596677,397.5415236416155,403.3309631347656,421500,0.0,0.0
2004-08-31 00:00:00+09:00,402.3659802177424,402.3659802177424,387.8923838070322,401.40106201171875,969300,0.0,0.0
2004-09-01 00:00:00+09:00,399.47126093560036,403.330898423766,397.5414598594819,401.40106201171875,328500,0.0,0.0
2004-09-02 00:00:00+09:00,403.330898423766,403.330898423766,400.43617914162394,401.40106201171875,161100,0.0,0.0
2004-09-03 00:00:00+09:00,403.33103792452715,404.29592112834774,387.8925179680474,402.3661193847656,114000,0.0,0.0
2004-09-06 00:00:00+09:00,401.40108741939514,404.2958068847656,397.54148502285517,404.2958068847656,73200,0.0,0.0
2004-09-07 00:00:00+09:00,404.2958068847656,404.2958068847656,401.40108741939514,404.2958068847656,62100,0.0,0.0
2004-09-08 00:00:00+09:00,403.330898423766,403.330898423766,389.82218488315067,401.40106201171875,31500,0.0,0.0
2004-09-09 00:00:00+09:00,401.4010448583959,401.4010448583959,390.7870863894243,397.54144287109375,39300,0.0,0.0
2004-09-10 00:00:00+09:00,401.4010448583959,401.4010448583959,390.7870863894243,397.54144287109375,66600,0.0,0.0
2004-09-13 00:00:00+09:00,393.68186778021186,397.5415057135641,385.96262724944023,392.7169494628906,40800,0.0,0.0
2004-09-14 00:00:00+09:00,387.8924019470244,394.6467590332031,385.9626007806578,394.6467590332031,39300,0.0,0.0
2004-09-15 00:00:00+09:00,397.54159735783986,402.3661193847656,389.8223197116295,402.3661193847656,94500,0.0,0.0
2004-09-16 00:00:00+09:00,387.8923672309841,400.436162029534,387.8923672309841,397.54144287109375,11700,0.0,0.0
2004-09-17 00:00:00+09:00,389.822165482027,397.54144007417636,387.8923645019531,387.8923645019531,11400,0.0,0.0
2004-09-20 00:00:00+09:00,387.8923645019531,387.8923645019531,387.8923645019531,387.8923645019531,0,0.0,0.0
2004-09-21 00:00:00+09:00,395.6116690789216,395.6116690789216,389.8222298468596,392.7169494628906,18600,0.0,0.0
2004-09-22 00:00:00+09:00,393.68182723834474,398.50634765625,392.716909020392,398.50634765625,29400,0.0,0.0
2004-09-23 00:00:00+09:00,398.50634765625,398.50634765625,398.50634765625,398.50634765625,0,0.0,0.0
2004-09-24 00:00:00+09:00,385.96260576789564,395.6116470603397,385.96260576789564,391.7520446777344,44100,0.0,0.0
2004-09-27 00:00:00+09:00,396.17584228515625,396.17584228515625,373.95852565843677,396.17584228515625,11100,12.5,0.0
2004-09-28 00:00:00+09:00,382.4129169326197,394.20971679687506,382.4129169326197,394.209716796875,26100,0.0,0.0
2004-09-29 00:00:00+09:00,395.19278254187725,402.0742609048718,394.2097039183138,399.12506103515625,37500,0.0,0.0
2004-09-30 00:00:00+09:00,399.1249851749948,406.9895046657986,398.14190673828125,398.14190673828125,36000,0.0,0.0
2004-10-01 00:00:00+09:00,398.1419824115928,399.12506103515625,395.19278254187725,399.12506103515625,12900,0.0,0.0
2004-10-04 00:00:00+09:00,406.9896199646108,409.93882010928195,401.09121967526863,405.02349853515625,68400,0.0,0.0
2004-10-05 00:00:00+09:00,405.02342718549886,410.9218264357684,403.0572701014277,406.0064697265625,53400,0.0,0.0
2004-10-06 00:00:00+09:00,403.0573149016127,406.9895935058594,403.0573149016127,406.9895935058594,31200,0.0,0.0
2004-10-07 00:00:00+09:00,406.98958632525273,408.95570759219936,401.0911865234375,401.0911865234375,119400,0.0,0.0
2004-10-08 00:00:00+09:00,401.0912044895033,414.85412597656256,401.0912044895033,414.8541259765625,90300,0.0,0.0
2004-10-11 00:00:00+09:00,414.85412597656256,414.85412597656256,414.85412597656256,414.8541259765625,0,0.0,0.0
2004-10-12 00:00:00+09:00,421.735538155692,422.7186166785232,409.9387398856027,412.887939453125,36000,0.0,0.0
2004-10-13 00:00:00+09:00,412.8880776311273,416.82035703746584,411.9049987792969,411.9049987792969,26700,0.0,0.0
2004-10-14 00:00:00+09:00,411.9050219468362,411.9050219468362,406.98969941318893,407.9727783203125,28200,0.0,0.0
2004-10-15 00:00:00+09:00,413.8711083381914,423.7017517089843,411.9049508632495,423.7017517089844,116400,0.0,0.0
2004-10-18 00:00:00+09:00,426.65095192041804,426.65095192041804,416.8203085496251,423.7017517089844,53400,0.0,0.0
2004-10-19 00:00:00+09:00,422.71853218719787,422.71853218719787,412.88785692671655,418.7862548828125,46800,0.0,0.0
2004-10-20 00:00:00+09:00,418.78626978321597,422.71854722751164,418.78626978321597,419.76934814453125,34200,0.0,0.0
2004-10-21 00:00:00+09:00,421.7355463942719,421.7355463942719,406.00646972656244,406.0064697265625,35100,0.0,0.0
2004-10-22 00:00:00+09:00,406.9894761889378,412.8878743945745,406.9894761889378,408.9555969238281,16800,0.0,0.0
2004-10-25 00:00:00+09:00,393.22667239246,408.95571480749476,393.22667239246,406.9895935058594,51000,0.0,0.0
2004-10-26 00:00:00+09:00,403.0573530460971,406.0065532781441,400.10815281405013,402.0743103027344,25500,0.0,0.0
2004-10-27 00:00:00+09:00,400.1080741640359,403.057273816353,397.15887451171875,397.15887451171875,8700,0.0,0.0
2004-10-28 00:00:00+09:00,399.1250838762761,404.0404052734375,398.142005196453,404.0404052734375,23700,0.0,0.0
2004-10-29 00:00:00+09:00,397.15888494636977,401.0911632530971,391.4571228027344,391.4571228027344,25800,0.0,0.0
2004-11-01 00:00:00+09:00,387.3282470703125,391.2604894155516,385.75532853163264,387.3282470703125,23400,0.0,0.0
2004-11-02 00:00:00+09:00,383.7891290816099,390.4739685058594,383.7891290816099,390.4739685058594,26100,0.0,0.0
2004-11-03 00:00:00+09:00,390.4739685058594,390.4739685058594,390.4739685058594,390.4739685058594,0,0.0,0.0
2004-11-04 00:00:00+09:00,387.72144581100275,392.83340400965096,387.3282431810113,391.4571228027344,13200,0.0,0.0
2004-11-05 00:00:00+09:00,393.22667239246,408.95571480749476,393.22667239246,406.9895935058594,43200,0.0,0.0
2004-11-08 00:00:00+09:00,393.22663609199117,396.1758357726787,392.2435575314378,393.0299987792969,21600,0.0,0.0
2004-11-09 00:00:00+09:00,393.0300052400621,396.17584228515625,390.2774428268213,396.17584228515625,11700,0.0,0.0
2004-11-10 00:00:00+09:00,396.1757884617747,400.1080302324587,392.6367492675781,392.6367492675781,23400,0.0,0.0
2004-11-11 00:00:00+09:00,393.2266279440429,395.1927490234375,392.6367880201273,395.1927490234375,16500,0.0,0.0
2004-11-12 00:00:00+09:00,391.26041274224303,393.2265695305385,382.01961264092733,386.3450927734375,36900,0.0,0.0
2004-11-15 00:00:00+09:00,383.39581937353137,392.04681396484375,383.39581937353137,392.04681396484375,33000,0.0,0.0
2004-11-16 00:00:00+09:00,392.0469595240869,392.24356083746557,385.75532148526685,387.52484130859375,19500,0.0,0.0
2004-11-17 00:00:00+09:00,387.3282130595182,387.3282130595182,383.39593505859375,383.39593505859375,36600,0.0,0.0
2004-11-18 00:00:00+09:00,381.4298219349288,383.395942975505,375.72802411599497,376.51446533203125,29700,0.0,0.0
2004-11-19 00:00:00+09:00,387.13164224144157,387.13164224144157,373.5653222096072,374.54840087890625,22500,0.0,0.0
2004-11-22 00:00:00+09:00,374.5483232230338,380.4467220139477,363.9312053993887,366.0939636230469,20700,0.0,0.0
2004-11-23 00:00:00+09:00,366.0939636230469,366.0939636230469,366.0939636230469,366.0939636230469,0,0.0,0.0
2004-11-24 00:00:00+09:00,366.09401049900373,371.7957727263146,365.7007718622681,366.4872131347656,41100,0.0,0.0
2004-11-25 00:00:00+09:00,367.8635112518531,375.5314302635097,367.8635112518531,368.2567138671875,3000,0.0,0.0
2004-11-26 00:00:00+09:00,368.45336965426947,375.53144909692793,368.45336965426947,369.82965087890625,54600,0.0,0.0
2004-11-29 00:00:00+09:00,375.7279496068991,375.7279496068991,371.59907103979026,371.9923095703125,19200,0.0,0.0
2004-11-30 00:00:00+09:00,374.54837793083726,382.6095361228494,370.61609949554304,375.7280578613281,28200,0.0,0.0
2004-12-01 00:00:00+09:00,373.5651916904731,373.7618289562162,367.8634310032037,371.9923095703125,33000,0.0,0.0
2004-12-02 00:00:00+09:00,377.49756549790396,386.7384033203125,377.49756549790396,386.7384033203125,42300,0.0,0.0
2004-12-03 00:00:00+09:00,387.1315496100451,387.1315496100451,381.42978829494615,385.3620300292969,30300,0.0,0.0
2004-12-06 00:00:00+09:00,385.5587475458015,386.34518885612493,374.5483891963959,377.4975891113281,12300,0.0,0.0
2004-12-07 00:00:00+09:00,381.42977039601914,384.3789695588725,375.5313720703125,375.5313720703125,42300,0.0,0.0
2004-12-08 00:00:00+09:00,374.54837793083726,379.2670976528006,373.7619366441682,375.7280578613281,29400,0.0,0.0
2004-12-09 00:00:00+09:00,375.72812968920596,383.3960507032714,375.72812968920596,376.1213684082031,13800,0.0,0.0
2004-12-10 00:00:00+09:00,382.0196800282322,386.3451609237463,381.2332027737948,381.4298400878906,51000,0.0,0.0
2004-12-13 00:00:00+09:00,386.34508410140853,387.3281624734898,383.002646437105,383.78912353515625,19800,0.0,0.0
2004-12-14 00:00:00+09:00,389.29423448516104,389.29423448516104,383.78907549276204,386.93487548828125,43200,0.0,0.0
2004-12-15 00:00:00+09:00,387.3282356167444,387.3282356167444,380.8399963378907,380.8399963378906,17700,0.0,0.0
2004-12-16 00:00:00+09:00,381.0366365330134,385.36211782666436,374.7449979232677,384.77227783203125,8100,0.0,0.0
2004-12-17 00:00:00+09:00,383.59253635830026,384.7722161584806,377.3009347579857,383.39593505859375,183300,0.0,0.0
2004-12-20 00:00:00+09:00,383.39605836482065,383.39605836482065,376.51457865025293,378.6773376464844,27300,0.0,0.0
2004-12-21 00:00:00+09:00,375.9246176571284,389.0977327597886,375.9246176571284,383.39593505859375,64500,0.0,0.0
2004-12-22 00:00:00+09:00,385.3620560585707,391.2604550594722,383.39593505859375,383.39593505859375,32100,0.0,0.0
2004-12-23 00:00:00+09:00,383.39593505859375,383.39593505859375,383.39593505859375,383.39593505859375,0,0.0,0.0
2004-12-24 00:00:00+09:00,383.39613093886265,392.2437339605287,379.66048833004436,380.4469299316406,50400,0.0,0.0
2004-12-27 00:00:00+09:00,389.2943955204273,395.192795452555,386.73843421683074,394.209716796875,18000,0.0,0.0
2004-12-28 00:00:00+09:00,402.07418448416723,403.05722691991264,393.2265865566499,398.14190673828125,24000,0.0,0.0
2004-12-29 00:00:00+09:00,403.0573035274603,403.0573035274603,398.1419824115928,399.12506103515625,17700,0.0,0.0
2004-12-30 00:00:00+09:00,406.98954826859807,407.97262681063364,401.0911490183285,406.0064697265625,18000,0.0,0.0
2004-12-31 00:00:00+09:00,406.00646972656244,406.00646972656244,406.00646972656244,406.0064697265625,0,0.0,0.0
2005-01-03 00:00:00+09:00,406.00646972656244,406.00646972656244,406.00646972656244,406.0064697265625,0,0.0,0.0
2005-01-04 00:00:00+09:00,406.00648404839905,406.00648404839905,395.19276370844267,396.17584228515625,7500,0.0,0.0
2005-01-05 00:00:00+09:00,399.12502718319865,401.0911482625933,395.1927490234375,395.1927490234375,10500,0.0,0.0
2005-01-06 00:00:00+09:00,401.09121967526863,407.9726986798273,397.1589408153811,405.02349853515625,28500,0.0,0.0
2005-01-07 00:00:00+09:00,407.97275160649434,410.92195213376783,403.0573933937165,409.9388732910156,58800,0.0,0.0
2005-01-10 00:00:00+09:00,409.9388732910157,409.9388732910157,409.9388732910157,409.9388732910156,0,0.0,0.0
2005-01-11 00:00:00+09:00,409.93876589721197,413.8710442370781,409.93876589721197,410.9218444824219,31800,0.0,0.0
2005-01-12 00:00:00+09:00,410.9218988244984,410.9218988244984,404.04041981993976,405.02349853515625,22800,0.0,0.0
2005-01-13 00:00:00+09:00,405.0234985351562,406.9896199646108,404.04041981993976,405.02349853515625,13800,0.0,0.0
2005-01-14 00:00:00+09:00,405.02342718549886,408.9556693516972,401.0911490183285,406.0064697265625,18900,0.0,0.0
2005-01-17 00:00:00+09:00,403.0573265936144,406.00652663210667,403.0573265936144,404.0404052734375,12600,0.0,0.0
2005-01-18 00:00:00+09:00,403.057273816353,403.057273816353,397.15887451171875,397.15887451171875,17400,0.0,0.0
2005-01-19 00:00:00+09:00,400.1081036577448,401.09118228130825,397.15890378802925,399.12506103515625,15000,0.0,0.0
2005-01-20 00:00:00+09:00,399.12506103515625,403.0573035274603,395.19278254187725,399.12506103515625,20100,0.0,0.0
2005-01-21 00:00:00+09:00,395.1927534104981,402.0742312662289,395.1927534104981,397.15887451171875,15900,0.0,0.0
2005-01-24 00:00:00+09:00,393.22666129572525,403.0573035274603,393.22666129572525,399.12506103515625,27600,0.0,0.0
2005-01-25 00:00:00+09:00,403.0573149016127,407.97267215716505,401.0911935999774,406.9895935058594,57300,0.0,0.0
2005-01-26 00:00:00+09:00,409.93872425682883,415.83712316699905,409.93872425682883,413.8710021972656,96000,0.0,0.0
2005-01-27 00:00:00+09:00,412.888020253953,412.888020253953,405.0234985351562,405.02349853515625,14700,0.0,0.0
2005-01-28 00:00:00+09:00,403.0574197856799,408.9558212264508,403.0574197856799,407.9727783203125,15900,0.0,0.0
2005-01-31 00:00:00+09:00,406.9894761889378,412.8878743945745,406.0063978210097,408.9555969238281,75000,0.0,0.0
2005-02-01 00:00:00+09:00,411.9049987792969,412.8880776311273,406.9896765221112,411.9049987792969,41700,0.0,0.0
2005-02-02 00:00:00+09:00,412.8879656518681,412.8879656518681,407.97264472776567,410.9218444824219,48300,0.0,0.0
2005-02-03 00:00:00+09:00,411.9048870666582,411.9048870666582,408.955687312002,410.9218444824219,26700,0.0,0.0
2005-02-04 00:00:00+09:00,410.921979040698,416.8203804814688,406.98969941318893,407.9727783203125,56700,0.0,0.0
2005-02-07 00:00:00+09:00,412.8878743945745,416.8201518653209,407.97255455686576,408.9555969238281,120000,0.0,0.0
2005-02-08 00:00:00+09:00,408.955687312002,412.8879656518681,408.955687312002,410.9218444824219,24900,0.0,0.0
2005-02-09 00:00:00+09:00,410.92181840843386,414.85406049781614,410.92181840843386,412.887939453125,36900,0.0,0.0
2005-02-10 00:00:00+09:00,412.8880776311273,414.85419933380496,410.92195592844973,411.9049987792969,76200,0.0,0.0
2005-02-11 00:00:00+09:00,411.9049987792969,411.9049987792969,411.9049987792969,411.9049987792969,0,0.0,0.0
2005-02-14 00:00:00+09:00,412.887939453125,416.8202175434785,411.9048609302938,412.887939453125,81300,0.0,0.0
2005-02-15 00:00:00+09:00,412.8880046215475,416.82028333255454,412.8880046215475,414.8541259765625,31500,0.0,0.0
2005-02-16 00:00:00+09:00,412.8880776311273,417.803399888313,411.9049987792969,411.9049987792969,23700,0.0,0.0
2005-02-17 00:00:00+09:00,419.7694362681209,442.37995531735004,414.85407943061284,439.4307556152344,244200,0.0,0.0
2005-02-18 00:00:00+09:00,451.22740749333866,451.22740749333866,437.46449203198864,445.3290100097656,180600,0.0,0.0
2005-02-21 00:00:00+09:00,452.2105649132089,460.07508426789315,452.2105649132089,457.1258850097656,166800,0.0,0.0
2005-02-22 00:00:00+09:00,467.93969299126934,467.93969299126934,458.10905092066696,465.97357177734375,112500,0.0,0.0
2005-02-23 00:00:00+09:00,462.04121088989547,474.8210865020752,462.04121088989547,471.87188720703125,158100,0.0,0.0
2005-02-24 00:00:00+09:00,473.8380466597361,479.7364457301933,473.8380466597361,477.77032470703125,111600,0.0,0.0
2005-02-25 00:00:00+09:00,477.77039460491,477.77039460491,464.99051608223107,470.888916015625,123000,0.0,0.0
2005-02-28 00:00:00+09:00,473.8380466597361,477.7703247070312,473.8380466597361,477.77032470703125,75900,0.0,0.0
2005-03-01 00:00:00+09:00,474.8211669921875,475.8042455908397,465.9735676072399,474.8211669921875,80100,0.0,0.0
2005-03-02 00:00:00+09:00,473.838115982322,473.838115982322,470.888916015625,470.888916015625,57300,0.0,0.0
2005-03-03 00:00:00+09:00,465.97359473812213,471.87199467151606,465.97359473812213,470.888916015625,52500,0.0,0.0
2005-03-04 00:00:00+09:00,470.8889088771802,470.8889088771802,447.2953095012718,464.9905090332031,73800,0.0,0.0
2005-03-07 00:00:00+09:00,461.05817933594517,468.9226989746094,461.05817933594517,468.9226989746094,31200,0.0,0.0
2005-03-08 00:00:00+09:00,469.9058851442895,469.9058851442895,467.9397277832031,467.9397277832031,37500,0.0,0.0
2005-03-09 00:00:00+09:00,465.97352317648034,473.8380432128906,459.09204564401466,473.8380432128906,69600,0.0,0.0
2005-03-10 00:00:00+09:00,474.8212306010664,487.60111009169054,474.8212306010664,478.7535095214844,96600,0.0,0.0
2005-03-11 00:00:00+09:00,478.75346013977554,483.668781282566,471.87198173908877,475.80426025390625,85800,0.0,0.0
2005-03-14 00:00:00+09:00,471.87192220403074,477.7703212315811,470.88884369911545,473.8380432128906,78600,0.0,0.0
2005-03-15 00:00:00+09:00,469.9058662371678,474.82118744015685,452.21066670523646,464.9905090332031,96900,0.0,0.0
2005-03-16 00:00:00+09:00,462.0411675392153,470.88876459422767,460.07504686064516,464.00732421875,28500,0.0,0.0
2005-03-17 00:00:00+09:00,458.10904047083164,460.0751616399084,455.15984071672966,456.14288330078125,39300,0.0,0.0
2005-03-18 00:00:00+09:00,448.2784251677685,460.0752258300782,448.2784251677685,460.0752258300781,78600,0.0,0.0
2005-03-21 00:00:00+09:00,460.0752258300782,460.0752258300782,460.0752258300782,460.0752258300781,0,0.0,0.0
2005-03-22 00:00:00+09:00,461.0581252004125,469.9057222554249,456.1427695025403,464.00732421875,67500,0.0,0.0
2005-03-23 00:00:00+09:00,457.1258850097656,460.07508426789315,448.27828723538306,457.1258850097656,96600,0.0,0.0
2005-03-24 00:00:00+09:00,464.9906362613838,464.9906362613838,455.1599911655986,458.10919189453125,44400,0.0,0.0
2005-03-25 00:00:00+09:00,464.00732489529213,465.9734455767289,460.0750475314539,462.0411682128906,29100,0.0,0.0
2005-03-28 00:00:00+09:00,465.5379943847656,470.53302491719586,465.5379943847656,465.5379943847656,18600,12.5,0.0
2005-03-29 00:00:00+09:00,465.53775951245336,470.5327875248006,463.53971903970074,466.5367431640625,51300,0.0,0.0
2005-03-30 00:00:00+09:00,460.54265686101303,471.5317687988282,459.5436732919492,471.5317687988281,50400,0.0,0.0
2005-03-31 00:00:00+09:00,465.5378085673113,476.52688598632807,463.5397678840202,476.5268859863281,45300,0.0,0.0
2005-04-01 00:00:00+09:00,475.52786564468255,476.52688598632807,468.53483300747683,476.5268859863281,30600,0.0,0.0
2005-04-04 00:00:00+09:00,472.5308867885437,476.52693195584453,471.53190293529934,473.5299072265625,18300,0.0,0.0
2005-04-05 00:00:00+09:00,471.53190293529934,474.5289276645814,465.5378534767352,473.5299072265625,21600,0.0,0.0
2005-04-06 00:00:00+09:00,470.5328063964844,472.5308103646039,469.5337861200403,470.5328063964844,22200,0.0,0.0
2005-04-07 00:00:00+09:00,468.5347449221084,471.5317687988282,465.53772104538865,471.5317687988281,40500,0.0,0.0
2005-04-08 00:00:00+09:00,471.5317687988282,471.5317687988282,469.53372849117227,471.5317687988281,27900,0.0,0.0
2005-04-11 00:00:00+09:00,471.53180776117694,471.53180776117694,465.53775951245336,466.5367431640625,21600,0.0,0.0
2005-04-12 00:00:00+09:00,460.5427581908181,466.53680726308374,460.5427581908181,461.5417785644531,110100,0.0,0.0
2005-04-13 00:00:00+09:00,463.53981553071685,474.5289306640625,463.53981553071685,474.5289306640625,42600,0.0,0.0
2005-04-14 00:00:00+09:00,471.53180776117694,472.5307914127861,465.53775951245336,466.5367431640625,14700,0.0,0.0
2005-04-15 00:00:00+09:00,465.5377802045992,465.5377802045992,459.5437316894532,459.5437316894531,32100,0.0,0.0
2005-04-18 00:00:00+09:00,459.5437871511948,459.5437871511948,423.5794917198345,439.5635986328125,88500,0.0,0.0
2005-04-19 00:00:00+09:00,438.5646148162346,439.5635986328125,425.57749593776344,439.5635986328125,28200,0.0,0.0
2005-04-20 00:00:00+09:00,445.5576854705723,445.5576854705723,435.567626953125,435.567626953125,27900,0.0,0.0
2005-04-21 00:00:00+09:00,423.5795398732389,435.5676397131911,423.5795398732389,431.57159423828125,36000,0.0,0.0
2005-04-22 00:00:00+09:00,439.5633580750653,447.5554437425368,435.5673518260827,440.5623779296875,55200,0.0,0.0
2005-04-25 00:00:00+09:00,439.5634845428724,447.5555725097657,439.5634845428724,447.5555725097656,39000,0.0,0.0
2005-04-26 00:00:00+09:00,453.5496629198661,453.5496629198661,440.5625461887669,443.5595703125,31200,0.0,0.0
2005-04-27 00:00:00+09:00,446.5565774038285,454.548629234031,446.5565774038285,451.5516052246094,42900,0.0,0.0
2005-04-28 00:00:00+09:00,449.5537288298423,456.54679902878746,449.5537288298423,453.5497741699219,33600,0.0,0.0
2005-04-29 00:00:00+09:00,453.5497741699219,453.5497741699219,453.5497741699219,453.5497741699219,0,0.0,0.0
2005-05-02 00:00:00+09:00,453.54978317357455,454.5487670898437,453.54978317357455,454.54876708984375,13200,0.0,0.0
2005-05-03 00:00:00+09:00,454.5487670898437,454.5487670898437,454.5487670898437,454.54876708984375,0,0.0,0.0
2005-05-04 00:00:00+09:00,454.5487670898437,454.5487670898437,454.5487670898437,454.54876708984375,0,0.0,0.0
2005-05-05 00:00:00+09:00,454.5487670898437,454.5487670898437,454.5487670898437,454.54876708984375,0,0.0,0.0
2005-05-06 00:00:00+09:00,457.545691127892,464.5387599238186,456.5467074318801,459.5437316894531,79500,0.0,0.0
2005-05-09 00:00:00+09:00,467.5358089140062,467.5358089140062,455.54771124954453,457.54571533203125,29400,0.0,0.0
2005-05-10 00:00:00+09:00,461.5416696308464,462.5406897686915,446.55655048698776,452.55059814453125,28500,0.0,0.0
2005-05-11 00:00:00+09:00,448.55466004628687,449.5536804199219,442.56061097402124,449.5536804199219,21600,0.0,0.0
2005-05-12 00:00:00+09:00,441.56156642493363,458.5446909311655,438.5645423012005,443.5595703125,70500,0.0,0.0
2005-05-13 00:00:00+09:00,419.58351595733006,424.57854561903855,410.59244061538726,411.5914611816406,141600,0.0,0.0
2005-05-16 00:00:00+09:00,411.59142771157684,415.5874364820819,407.5953823562956,410.5924072265625,109800,0.0,0.0
2005-05-17 00:00:00+09:00,412.59053160123574,414.58857315233416,403.59945437565347,409.593505859375,63600,0.0,0.0
2005-05-18 00:00:00+09:00,409.5933072475881,411.5913478298367,396.8060158111352,406.5962829589844,61500,0.0,0.0
2005-05-19 00:00:00+09:00,414.5884862956216,417.58551140960253,410.59244061538726,411.5914611816406,27000,0.0,0.0
2005-05-20 00:00:00+09:00,411.5914611816406,415.58747027709575,411.5914611816406,411.5914611816406,14100,0.0,0.0
2005-05-23 00:00:00+09:00,411.59140921107115,418.58444253751514,411.59140921107115,412.59039306640625,22200,0.0,0.0
2005-05-24 00:00:00+09:00,419.5834381151811,426.5765076120249,418.5844177342684,420.58245849609375,166200,0.0,0.0
2005-05-25 00:00:00+09:00,420.5823681867627,429.5734399300562,420.5823681867627,426.576416015625,76500,0.0,0.0
2005-05-26 00:00:00+09:00,431.57148458796166,434.56850878648913,429.57348065053264,433.5694885253906,32400,0.0,0.0
2005-05-27 00:00:00+09:00,435.5675606703653,458.54473566565997,434.5685403367366,457.54571533203125,117000,0.0,0.0
2005-05-30 00:00:00+09:00,453.5496629198661,453.5496629198661,442.56055007633324,443.5595703125,40500,0.0,0.0
2005-05-31 00:00:00+09:00,442.5605932514541,457.54571533203125,442.5605932514541,457.54571533203125,48300,0.0,0.0
2005-06-01 00:00:00+09:00,457.545691127892,459.5437316894532,455.5476871510995,459.5437316894531,80400,0.0,0.0
2005-06-02 00:00:00+09:00,458.5447660918338,469.5338441518336,457.54574569191635,463.539794921875,71100,0.0,0.0
2005-06-03 00:00:00+09:00,455.5476989746094,457.545703003259,445.5576056618219,455.5476989746094,61800,0.0,0.0
2005-06-06 00:00:00+09:00,447.5556178953151,455.54767008789963,443.55957350663914,444.55859375,34200,0.0,0.0
2005-06-07 00:00:00+09:00,445.5575112120624,448.5545349121094,441.5615040018411,448.5545349121094,15300,0.0,0.0
2005-06-08 00:00:00+09:00,449.55369224689593,463.539794921875,449.55369224689593,463.539794921875,30300,0.0,0.0
2005-06-09 00:00:00+09:00,463.539794921875,465.53783572170994,457.54574569191635,463.539794921875,42000,0.0,0.0
2005-06-10 00:00:00+09:00,466.5367606888726,466.5367606888726,458.5447082519531,458.5447082519531,48900,0.0,0.0
2005-06-13 00:00:00+09:00,465.537776999738,465.537776999738,449.5536355411305,458.5447082519531,20400,0.0,0.0
2005-06-14 00:00:00+09:00,464.5387599238186,464.5387599238186,456.5467074318801,459.5437316894531,15300,0.0,0.0
2005-06-15 00:00:00+09:00,464.5388940664438,467.5359191894531,456.5468392666787,467.5359191894531,37200,0.0,0.0
2005-06-16 00:00:00+09:00,467.5359191894531,467.5359191894531,459.54386438968805,467.5359191894531,13500,0.0,0.0
2005-06-17 00:00:00+09:00,465.53774479179214,469.53375244140625,463.5397043822191,469.53375244140625,45900,0.0,0.0
2005-06-20 00:00:00+09:00,469.5338620592616,477.5259523938634,469.5338620592616,473.5299072265625,33900,0.0,0.0
2005-06-21 00:00:00+09:00,473.53005055361115,473.53005055361115,461.5419480079501,465.5379943847656,23100,0.0,0.0
2005-06-22 00:00:00+09:00,462.5408630371094,463.5398469644116,458.54481757356865,462.5408630371094,15600,0.0,0.0
2005-06-23 00:00:00+09:00,463.539739643038,466.53676390061105,458.5447114086726,459.5437316894531,18900,0.0,0.0
2005-06-24 00:00:00+09:00,454.5486637411091,459.54372852585624,454.5486637411091,458.5447082519531,15000,0.0,0.0
2005-06-27 00:00:00+09:00,458.5446458020747,458.5446458020747,443.55952665821604,452.55059814453125,27300,0.0,0.0
2005-06-28 00:00:00+09:00,451.5516426127459,459.5437316894532,451.5516426127459,459.5437316894531,20100,0.0,0.0
2005-06-29 00:00:00+09:00,459.5437316894532,459.5437316894532,439.5635455824538,459.5437316894531,26100,0.0,0.0
2005-06-30 00:00:00+09:00,459.5437316894532,460.542715385465,449.55363863595346,459.5437316894531,24900,0.0,0.0
2005-07-01 00:00:00+09:00,459.5438330102968,459.5438330102968,451.5517421714826,454.54876708984375,23400,0.0,0.0
2005-07-04 00:00:00+09:00,458.54469102735345,466.5367431640625,451.5516225422536,466.5367431640625,37500,0.0,0.0
2005-07-05 00:00:00+09:00,461.5417356662456,461.5417356662456,459.5437316894532,459.5437316894531,17700,0.0,0.0
2005-07-06 00:00:00+09:00,459.5438238876531,459.5438238876531,448.5547083486284,453.5497741699219,23100,0.0,0.0
2005-07-07 00:00:00+09:00,449.5536804199219,449.5536804199219,445.55763551015406,449.5536804199219,41400,0.0,0.0
2005-07-08 00:00:00+09:00,447.55557062483285,455.54762197330297,447.55557062483285,452.55059814453125,48300,0.0,0.0
2005-07-11 00:00:00+09:00,452.5505981445312,459.5436659399198,447.55557062483285,452.55059814453125,50400,0.0,0.0
2005-07-12 00:00:00+09:00,452.55075368870797,454.54875806635965,451.55173320749407,453.5497741699219,36600,0.0,0.0
2005-07-13 00:00:00+09:00,450.55275825521346,454.5487670898437,449.55373775416746,454.54876708984375,39600,0.0,0.0
2005-07-14 00:00:00+09:00,453.5497253296897,461.5417785644531,451.5516845824197,461.5417785644531,67500,0.0,0.0
2005-07-15 00:00:00+09:00,464.5388674764911,465.5378879885706,455.5477926221074,462.5408630371094,44400,0.0,0.0
2005-07-18 00:00:00+09:00,462.5408630371094,462.5408630371094,462.5408630371094,462.5408630371094,0,0.0,0.0
2005-07-19 00:00:00+09:00,454.548629234031,455.54764943209346,450.55262161131265,451.5516052246094,28200,0.0,0.0
2005-07-20 00:00:00+09:00,449.5536957811189,449.5536957811189,445.5576507348067,446.5566711425781,99900,0.0,0.0
2005-07-21 00:00:00+09:00,446.55658182531624,446.55658182531624,441.5615539550782,441.5615539550781,37800,0.0,0.0
2005-07-22 00:00:00+09:00,439.5635283345474,441.56156881770806,431.57147615620676,438.5645446777344,96300,0.0,0.0
2005-07-25 00:00:00+09:00,430.57252794796796,435.56759340676,430.57252794796796,434.5685729980469,43500,0.0,0.0
2005-07-26 00:00:00+09:00,434.56861835636505,438.56466382353324,434.56861835636505,437.5656433105469,36000,0.0,0.0
2005-07-27 00:00:00+09:00,437.56553298501666,438.56455324611517,429.57348065053264,433.5694885253906,42900,0.0,0.0
2005-07-28 00:00:00+09:00,434.5685301587385,437.56555450466084,432.5705261230469,432.5705261230469,43500,0.0,0.0
2005-07-29 00:00:00+09:00,432.5704798357722,434.56848365766706,422.5803875567659,429.5734558105469,44400,0.0,0.0
2005-08-01 00:00:00+09:00,422.58041445858834,431.5714871066434,422.58041445858834,428.574462890625,29700,0.0,0.0
2005-08-02 00:00:00+09:00,423.57938884544956,429.5734366282401,423.57938884544956,425.577392578125,26400,0.0,0.0
2005-08-03 00:00:00+09:00,425.57738929162997,426.57640944263494,424.578369140625,424.578369140625,19800,0.0,0.0
2005-08-04 00:00:00+09:00,423.57938884544956,428.5744164695202,423.57938884544956,425.577392578125,22200,0.0,0.0
2005-08-05 00:00:00+09:00,424.5784950856551,424.5784950856551,413.5894165039062,413.58941650390625,71700,0.0,0.0
2005-08-08 00:00:00+09:00,405.5973209067341,418.58440246086093,405.5973209067341,417.5854187011719,51000,0.0,0.0
2005-08-09 00:00:00+09:00,418.5843423184449,423.57940673828125,418.5843423184449,423.57940673828125,39300,0.0,0.0
2005-08-10 00:00:00+09:00,421.58149884339525,431.57159423828125,421.58149884339525,431.57159423828125,86700,0.0,0.0
2005-08-11 00:00:00+09:00,431.5715815952803,436.56661085400395,431.5715815952803,435.567626953125,71100,0.0,0.0
2005-08-12 00:00:00+09:00,436.56651272391815,441.5615774446427,433.5694885253906,433.5694885253906,57300,0.0,0.0
2005-08-15 00:00:00+09:00,438.56461763472714,449.5536957811189,438.56461763472714,446.5566711425781,36900,0.0,0.0
2005-08-16 00:00:00+09:00,446.5565523677131,447.5555725097657,438.5645009855835,447.5555725097656,29400,0.0,0.0
2005-08-17 00:00:00+09:00,437.565354950574,445.55740403329236,435.5673518260827,440.5623779296875,48300,0.0,0.0
2005-08-18 00:00:00+09:00,444.5585929576817,444.5585929576817,437.5655244361541,438.5645446777344,26100,0.0,0.0
2005-08-19 00:00:00+09:00,437.56555450466084,438.56457481489156,430.57248550258544,432.5705261230469,45300,0.0,0.0
2005-08-22 00:00:00+09:00,432.5704963977871,438.5645446777344,432.5704963977871,438.5645446777344,49800,0.0,0.0
2005-08-23 00:00:00+09:00,437.5656313396592,438.56465182531446,435.567626953125,435.567626953125,43500,0.0,0.0
2005-08-24 00:00:00+09:00,435.567505876886,444.55857799417424,434.56848566893194,441.5615539550781,91500,0.0,0.0
2005-08-25 00:00:00+09:00,439.5635382546997,447.55562719817465,439.5635382546997,445.5575866699219,75900,0.0,0.0
2005-08-26 00:00:00+09:00,445.55757661449474,445.55757661449474,434.5685002961804,438.5645446777344,69300,0.0,0.0
2005-08-29 00:00:00+09:00,439.56351353917006,441.5615539550782,435.567505876886,441.5615539550781,38700,0.0,0.0
2005-08-30 00:00:00+09:00,441.56159367951807,444.558617988237,440.5625733816886,442.5605773925781,15600,0.0,0.0
2005-08-31 00:00:00+09:00,441.56168877771506,441.56168877771506,437.5656433105469,437.5656433105469,17700,0.0,0.0
2005-09-01 00:00:00+09:00,439.5635283345474,441.56156881770806,438.5645446777344,438.5645446777344,17400,0.0,0.0
2005-09-02 00:00:00+09:00,437.565354950574,440.5623779296875,437.565354950574,440.5623779296875,17400,0.0,0.0
2005-09-05 00:00:00+09:00,439.5635259526001,445.55757420006637,439.5635259526001,443.5595703125,42000,0.0,0.0
2005-09-06 00:00:00+09:00,443.559400908801,446.55642388791455,439.5633580750653,440.5623779296875,52500,0.0,0.0
2005-09-07 00:00:00+09:00,445.55740403329236,445.55740403329236,440.5623779296875,440.5623779296875,15600,0.0,0.0
2005-09-08 00:00:00+09:00,437.56552206503375,444.55859054866676,437.56552206503375,443.5595703125,28800,0.0,0.0
2005-09-09 00:00:00+09:00,446.55659443623307,447.5556146723998,439.5635259526001,443.5595703125,112800,0.0,0.0
2005-09-12 00:00:00+09:00,445.55757420006637,447.5556146723998,441.56156642493363,443.5595703125,30600,0.0,0.0
2005-09-13 00:00:00+09:00,445.55757420006637,445.55757420006637,442.56055007633324,443.5595703125,16800,0.0,0.0
2005-09-14 00:00:00+09:00,443.55957350663914,446.55659765195423,441.56156960468485,444.55859375,30600,0.0,0.0
2005-09-15 00:00:00+09:00,446.55665588378906,449.5536804199219,443.55963134765625,449.5536804199219,47700,0.0,0.0
2005-09-16 00:00:00+09:00,449.5536804199219,454.5487091185525,448.55466004628687,449.5536804199219,38400,0.0,0.0
2005-09-19 00:00:00+09:00,449.5536804199219,449.5536804199219,449.5536804199219,449.5536804199219,0,0.0,0.0
2005-09-20 00:00:00+09:00,451.55163950416824,459.54372852585624,451.55163950416824,458.5447082519531,50100,0.0,0.0
2005-09-21 00:00:00+09:00,459.5439431119351,469.5340041767956,458.5449223715348,465.5379943847656,62700,0.0,0.0
2005-09-22 00:00:00+09:00,468.53480184021015,468.53480184021015,440.5625633978075,464.53875732421875,56700,0.0,0.0
2005-09-23 00:00:00+09:00,464.53875732421875,464.53875732421875,464.53875732421875,464.53875732421875,0,0.0,0.0
2005-09-26 00:00:00+09:00,466.5368637820671,478.52496337890625,463.5398388828573,478.52496337890625,64200,0.0,0.0
2005-09-27 00:00:00+09:00,485.1218154285388,487.1516013787109,480.0472948030322,482.0771179199219,80700,12.5,0.0
2005-09-28 00:00:00+09:00,482.0770947478375,482.0770947478375,477.0025743662487,480.0472717285156,15000,0.0,0.0
2005-09-29 00:00:00+09:00,473.9580204019527,474.97293221867943,465.83883736832024,472.9431457519531,66300,0.0,0.0
2005-09-30 00:00:00+09:00,470.9131368298152,477.0025310007469,463.8088684082032,463.8088684082031,51000,0.0,0.0
2005-10-03 00:00:00+09:00,466.8534851074219,468.88327042599167,460.7640919850064,466.8534851074219,33000,0.0,0.0
2005-10-04 00:00:00+09:00,465.83857386478394,468.88327042599167,452.64487637731503,466.8534851074219,37800,0.0,0.0
2005-10-05 00:00:00+09:00,466.85360580356945,473.9578748385909,465.8386942985454,470.9131774902344,42600,0.0,0.0
2005-10-06 00:00:00+09:00,470.91310546240385,470.91310546240385,463.8088375140054,465.838623046875,27000,0.0,0.0
2005-10-07 00:00:00+09:00,461.7790560666472,469.89827325686133,461.7790560666472,468.88336181640625,17400,0.0,0.0
2005-10-10 00:00:00+09:00,468.88336181640625,468.88336181640625,468.88336181640625,468.88336181640625,0,0.0,0.0
2005-10-11 00:00:00+09:00,469.89834455894186,469.89834455894186,457.71955409233186,460.7642517089844,51300,0.0,0.0
2005-10-12 00:00:00+09:00,465.8386934649701,465.8386934649701,456.7046014362452,457.7195129394531,85500,0.0,0.0
2005-10-13 00:00:00+09:00,458.73434848795176,465.83865407627627,458.73434848795176,463.8088684082031,42900,0.0,0.0
2005-10-14 00:00:00+09:00,465.8387016962039,465.8387016962039,453.659912109375,453.659912109375,42600,0.0,0.0
2005-10-17 00:00:00+09:00,455.68959416396336,458.73429086698917,452.6448974609375,452.6448974609375,47700,0.0,0.0
2005-10-18 00:00:00+09:00,453.6598090094489,456.7045057142103,449.60020101419775,450.6151123046875,39900,0.0,0.0
2005-10-19 00:00:00+09:00,450.6151317520974,452.6449172539695,444.52573807977177,445.5406494140625,48900,0.0,0.0
2005-10-20 00:00:00+09:00,447.57042729902486,452.64490955070045,447.57042729902486,451.6300354003906,30000,0.0,0.0
2005-10-21 00:00:00+09:00,451.62998616476597,456.7044678632336,449.6001637520151,454.6746826171875,27000,0.0,0.0
2005-10-24 00:00:00+09:00,459.74933634718803,461.7791223527506,444.5258483886719,444.5258483886719,35700,0.0,0.0
2005-10-25 00:00:00+09:00,452.6448974609375,455.68959416396336,445.5406299316825,452.6448974609375,18300,0.0,0.0
2005-10-26 00:00:00+09:00,457.71965433468773,472.94314575195307,456.704742517961,472.9431457519531,50100,0.0,0.0
2005-10-27 00:00:00+09:00,473.9578171776145,482.0770338966043,466.8535490068874,478.0174255371094,63900,0.0,0.0
2005-10-28 00:00:00+09:00,479.0322945072195,479.0322945072195,466.85350767370295,477.0024719238281,45000,0.0,0.0
2005-10-31 00:00:00+09:00,468.88343397851344,483.09201049804693,466.8536479519284,483.0920104980469,84600,0.0,0.0
2005-11-01 00:00:00+09:00,484.1068670378551,497.3005676269532,484.1068670378551,497.3005676269531,59700,0.0,0.0
2005-11-02 00:00:00+09:00,496.28566180535086,496.28566180535086,483.09196106579225,484.10687255859375,54600,0.0,0.0
2005-11-03 00:00:00+09:00,484.10687255859375,484.10687255859375,484.10687255859375,484.10687255859375,0,0.0,0.0
2005-11-04 00:00:00+09:00,485.1217341652303,491.21112816242265,482.0770371666341,487.1515197753906,26400,0.0,0.0
2005-11-07 00:00:00+09:00,483.09201049804693,484.106922094699,479.0324384448768,483.0920104980469,16200,0.0,0.0
2005-11-08 00:00:00+09:00,483.0919690907826,485.1217921101045,480.0472717285157,480.0472717285156,13200,0.0,0.0
2005-11-09 00:00:00+09:00,480.04724235525134,484.10685097877877,474.9727594508773,475.9876708984375,17700,0.0,0.0
2005-11-10 00:00:00+09:00,482.0771179199219,497.3006054630066,473.95789978579825,482.0771179199219,51900,0.0,0.0
2005-11-11 00:00:00+09:00,474.97283935546875,485.12184403829565,474.97283935546875,474.97283935546875,54300,0.0,0.0
2005-11-14 00:00:00+09:00,480.04728965984464,480.04728965984464,467.8684997558594,467.8684997558594,23700,0.0,0.0
2005-11-15 00:00:00+09:00,468.8834038981453,474.9727987539653,467.86849236660305,469.8983154296875,18000,0.0,0.0
2005-11-16 00:00:00+09:00,469.8981816686296,470.91305574456146,466.8534851074219,466.8534851074219,9900,0.0,0.0
2005-11-17 00:00:00+09:00,470.9131718190352,486.1366583774815,467.8684745073459,484.10687255859375,39000,0.0,0.0
2005-11-18 00:00:00+09:00,485.12180379391947,485.12180379391947,481.06219482421875,481.06219482421875,18000,0.0,0.0
2005-11-21 00:00:00+09:00,481.0622347318209,485.12184403829565,474.97283935546875,474.97283935546875,28500,0.0,0.0
2005-11-22 00:00:00+09:00,481.062206361477,482.0771179199219,472.943025394071,482.0771179199219,27600,0.0,0.0
2005-11-23 00:00:00+09:00,482.0771179199219,482.0771179199219,482.0771179199219,482.0771179199219,0,0.0,0.0
2005-11-24 00:00:00+09:00,482.0770108636805,482.0770108636805,470.9130977001426,471.9280090332031,27900,0.0,0.0
2005-11-25 00:00:00+09:00,473.9580204019527,474.97293221867943,468.8835356517733,472.9431457519531,18600,0.0,0.0
2005-11-28 00:00:00+09:00,472.94292002383673,478.01740235204664,471.928008691511,473.9577941894531,32100,0.0,0.0
2005-11-29 00:00:00+09:00,466.853579370536,478.0174566268444,465.8386679229758,475.9876708984375,67200,0.0,0.0
2005-11-30 00:00:00+09:00,478.0174255371094,482.0770338966043,477.0025141555579,478.0174255371094,24600,0.0,0.0
2005-12-01 00:00:00+09:00,477.0025173911662,487.1515197753906,477.0025173911662,487.1515197753906,41400,0.0,0.0
2005-12-02 00:00:00+09:00,497.3005140828176,498.3153882880592,486.13660049147353,493.24090576171875,58200,0.0,0.0
2005-12-05 00:00:00+09:00,495.2705993652343,499.3302069324482,491.21102896472433,495.2705993652344,55500,0.0,0.0
2005-12-06 00:00:00+09:00,495.2705861082905,513.5387639217115,495.2705861082905,503.3898010253906,101100,0.0,0.0
2005-12-07 00:00:00+09:00,503.38995301076716,509.4793474537736,501.3601300852889,505.41973876953125,54300,0.0,0.0
2005-12-08 00:00:00+09:00,504.4047357044752,511.5090403200449,495.27064569876006,507.4494323730469,38700,0.0,0.0
2005-12-09 00:00:00+09:00,507.4495337723688,507.4495337723688,495.2707446644982,497.3005676269531,74100,0.0,0.0
2005-12-12 00:00:00+09:00,497.30062777710987,501.3601998596089,493.2410185278916,499.3304138183594,40800,0.0,0.0
2005-12-13 00:00:00+09:00,500.34524990798093,500.34524990798093,489.18133544921875,489.18133544921875,38700,0.0,0.0
2005-12-14 00:00:00+09:00,489.18141617805054,490.1963277963492,474.97283935546875,474.97283935546875,64800,0.0,0.0
2005-12-15 00:00:00+09:00,475.98763994071754,487.1515164709395,474.972728559166,478.0174255371094,32700,0.0,0.0
2005-12-16 00:00:00+09:00,478.01752684822475,487.15161971793606,478.01752684822475,483.0920104980469,35100,0.0,0.0
2005-12-19 00:00:00+09:00,487.15156191244944,493.2409564363551,484.1068646504966,488.1664733886719,28800,0.0,0.0
2005-12-20 00:00:00+09:00,496.2856140136719,496.2856140136719,488.16643435327234,496.2856140136719,31800,0.0,0.0
2005-12-21 00:00:00+09:00,497.3005423176727,519.6282964346251,497.3005423176727,517.5985107421875,114300,0.0,0.0
2005-12-22 00:00:00+09:00,524.702773946819,524.702773946819,514.5537719726562,514.5537719726562,92100,0.0,0.0
2005-12-23 00:00:00+09:00,514.5537719726562,514.5537719726562,514.5537719726562,514.5537719726562,0,0.0,0.0
2005-12-26 00:00:00+09:00,514.5537785638458,534.8517456054688,513.538867203416,534.8517456054688,105300,0.0,0.0
2005-12-27 00:00:00+09:00,527.7475785313819,538.9114569647207,527.7475785313819,537.8965454101562,42300,0.0,0.0
2005-12-28 00:00:00+09:00,539.9263693114023,543.9859412021808,532.8220627524636,535.8667602539062,69300,0.0,0.0
2005-12-29 00:00:00+09:00,537.8964046290323,543.9857980292354,537.8964046290323,538.9113159179688,68100,0.0,0.0
2005-12-30 00:00:00+09:00,542.9710693359375,550.0753387611709,540.9412462143985,542.9710693359375,60000,0.0,0.0
2006-01-02 00:00:00+09:00,542.9710693359375,542.9710693359375,542.9710693359375,542.9710693359375,0,0.0,0.0
2006-01-03 00:00:00+09:00,542.9710693359375,542.9710693359375,542.9710693359375,542.9710693359375,0,0.0,0.0
2006-01-04 00:00:00+09:00,546.0157895103603,561.2392777200663,546.0157895103603,558.194580078125,13200,0.0,0.0
2006-01-05 00:00:00+09:00,558.194561880065,575.4478355663402,558.194561880065,570.3733520507812,40800,0.0,0.0
2006-01-06 00:00:00+09:00,570.3733520507812,577.4776215392203,570.3733520507812,570.3733520507812,36300,0.0,0.0
2006-01-09 00:00:00+09:00,570.3733520507812,570.3733520507812,570.3733520507812,570.3733520507812,0,0.0,0.0
2006-01-10 00:00:00+09:00,572.4030973507136,588.6414954800645,571.3881858530306,580.5222778320312,102300,0.0,0.0
2006-01-11 00:00:00+09:00,580.5223401460034,594.7309539718735,572.4031587931629,589.6564331054688,79800,0.0,0.0
2006-01-12 00:00:00+09:00,594.7308776591885,615.0288470201227,590.6712689203159,610.96923828125,80100,0.0,0.0
2006-01-13 00:00:00+09:00,608.939392519756,608.939392519756,603.864909970995,606.9096069335938,93600,0.0,0.0
2006-01-16 00:00:00+09:00,604.8799251319726,619.0885390461822,604.8799251319726,617.0587158203125,109500,0.0,0.0
2006-01-17 00:00:00+09:00,600.8202728055716,617.0586334444284,590.67126953125,608.939453125,65400,0.0,0.0
2006-01-18 00:00:00+09:00,617.0586687334207,617.0586687334207,586.6116943359375,586.6116943359375,174900,0.0,0.0
2006-01-19 00:00:00+09:00,554.1349188558446,594.7308959960938,554.1349188558446,594.7308959960938,52800,0.0,0.0
2006-01-20 00:00:00+09:00,602.8500765574573,602.8500765574573,592.701072980716,594.7308959960938,38400,0.0,0.0
2006-01-23 00:00:00+09:00,554.1348524450618,586.6116079650261,554.1348524450618,569.3583374023438,23100,0.0,0.0
2006-01-24 00:00:00+09:00,561.2392195430622,586.6116724846984,561.2392195430622,580.5222778320312,16500,0.0,0.0
2006-01-25 00:00:00+09:00,580.5223206949635,588.64153894248,571.3882280415459,579.5074462890625,19200,0.0,0.0
2006-01-26 00:00:00+09:00,568.343365321902,582.551974542477,566.3135799332658,567.3284912109375,42600,0.0,0.0
2006-01-27 00:00:00+09:00,570.3731918279786,578.4923706054688,570.3731918279786,578.4923706054688,47100,0.0,0.0
2006-01-30 00:00:00+09:00,581.5373331705729,586.6118175807098,577.4777233424286,584.58203125,53700,0.0,0.0
2006-01-31 00:00:00+09:00,592.7010700943634,595.745767435887,583.5669780697925,587.6265869140625,47700,0.0,0.0
2006-02-01 00:00:00+09:00,579.5072394128065,583.5668099206348,576.4625429485828,577.4774169921875,51000,0.0,0.0
2006-02-02 00:00:00+09:00,580.5222778320312,586.6116724846984,576.4627061747301,580.5222778320312,36900,0.0,0.0
2006-02-03 00:00:00+09:00,581.5370246667206,581.5370246667206,575.4476317382733,577.4774169921875,11700,0.0,0.0
2006-02-06 00:00:00+09:00,571.3882280415459,583.5670182461026,563.2690469607475,579.5074462890625,81000,0.0,0.0
2006-02-07 00:00:00+09:00,562.2541136737735,579.5074239083817,562.2541136737735,575.4478149414062,48000,0.0,0.0
2006-02-08 00:00:00+09:00,567.3285287443202,573.4179224797988,565.2987060546875,565.2987060546875,39000,0.0,0.0
2006-02-09 00:00:00+09:00,565.2987060546875,565.2987060546875,558.1944381411024,565.2987060546875,34800,0.0,0.0
2006-02-10 00:00:00+09:00,565.2988272500521,565.2988272500521,548.0455536894746,554.1349487304688,26700,0.0,0.0
2006-02-13 00:00:00+09:00,558.1944935832569,558.1944935832569,537.8964876711078,545.0007934570312,35400,0.0,0.0
2006-02-14 00:00:00+09:00,537.8965684056571,547.0306612870743,528.76247552424,539.9263916015625,27000,0.0,0.0
2006-02-15 00:00:00+09:00,539.9261799211695,539.9261799211695,517.5983936869486,524.7026977539062,43500,0.0,0.0
2006-02-16 00:00:00+09:00,519.6281789203489,533.8367870542642,510.4940896199909,524.7026977539062,19800,0.0,0.0
2006-02-17 00:00:00+09:00,537.8964791667023,537.8964791667023,517.5985107421875,517.5985107421875,34800,0.0,0.0
2006-02-20 00:00:00+09:00,517.5984950702727,527.7474975585938,509.47931537964297,527.7474975585938,65100,0.0,0.0
2006-02-21 00:00:00+09:00,522.6730775509541,528.7624727735545,519.628379939654,521.658203125,27600,0.0,0.0
2006-02-22 00:00:00+09:00,521.6582231186195,527.7476185746083,518.613525390625,518.613525390625,54300,0.0,0.0
2006-02-23 00:00:00+09:00,527.7474176887747,542.9709005339633,527.7474176887747,530.7921142578125,37500,0.0,0.0
2006-02-24 00:00:00+09:00,547.030678557732,548.0455901877272,529.7774038481363,531.8071899414062,46800,0.0,0.0
2006-02-27 00:00:00+09:00,532.8221015714014,541.9561947411968,531.8071899414062,531.8071899414062,62100,0.0,0.0
2006-02-28 00:00:00+09:00,533.8370361328125,537.8966084937349,530.7923382787599,533.8370361328125,72900,0.0,0.0
2006-03-01 00:00:00+09:00,533.8370132013965,533.8370132013965,530.7923154781314,531.8071899414062,37200,0.0,0.0
2006-03-02 00:00:00+09:00,533.8370361328125,540.9413063477875,532.822124459221,533.8370361328125,58200,0.0,0.0
2006-03-03 00:00:00+09:00,533.8370361328125,550.0753999099456,533.8370361328125,533.8370361328125,54300,0.0,0.0
2006-03-06 00:00:00+09:00,533.8369735253335,538.9114569647207,533.8369735253335,537.8965454101562,46200,0.0,0.0
2006-03-07 00:00:00+09:00,533.836974308517,537.8965461992955,533.836974308517,535.8667602539062,14400,0.0,0.0
2006-03-08 00:00:00+09:00,535.8668223132737,536.8817339868652,533.8370361328125,533.8370361328125,12600,0.0,0.0
2006-03-09 00:00:00+09:00,533.8369735253335,537.8965454101562,530.7922760283577,537.8965454101562,51600,0.0,0.0
2006-03-10 00:00:00+09:00,537.8964046290323,545.0007093181719,537.8964046290323,538.9113159179688,65400,0.0,0.0
2006-03-13 00:00:00+09:00,539.9263316425586,553.1199951171875,539.9263316425586,553.1199951171875,32100,0.0,0.0
2006-03-14 00:00:00+09:00,558.1944768448752,558.1944768448752,549.060385608323,557.1795654296875,30900,0.0,0.0
2006-03-15 00:00:00+09:00,550.0753593972498,556.1647546568752,550.0753593972498,551.0902709960938,19800,0.0,0.0
2006-03-16 00:00:00+09:00,556.164753272669,558.194576465305,541.9561767578125,541.9561767578125,21900,0.0,0.0
2006-03-17 00:00:00+09:00,549.0604652518796,554.1349487304688,543.9859446065726,554.1349487304688,15300,0.0,0.0
2006-03-20 00:00:00+09:00,554.1349708332971,559.2094545142926,551.0902731913559,558.194580078125,39300,0.0,0.0
2006-03-21 00:00:00+09:00,558.194580078125,558.194580078125,558.194580078125,558.194580078125,0,0.0,0.0
2006-03-22 00:00:00+09:00,559.2093712006855,559.2093712006855,552.1051025390625,552.1051025390625,26700,0.0,0.0
2006-03-23 00:00:00+09:00,556.1646740123574,556.1646740123574,551.0901910873819,552.1051025390625,18000,0.0,0.0
2006-03-24 00:00:00+09:00,552.105283155681,558.1946795244322,552.105283155681,556.1648559570312,23100,0.0,0.0
2006-03-27 00:00:00+09:00,562.2540511524124,566.3136596679688,558.1944798035688,566.3136596679688,39000,0.0,0.0
2006-03-28 00:00:00+09:00,565.799429688627,570.9430481957608,560.6557735084143,564.7706909179688,26700,12.5,0.0
2006-03-29 00:00:00+09:00,563.7419521473104,568.8856083275231,555.5121550012807,564.7706909179688,13200,0.0,0.0
2006-03-30 00:00:00+09:00,568.885489043233,571.9716670350172,563.7418339415453,567.8567504882812,11100,0.0,0.0
2006-03-31 00:00:00+09:00,568.8854357872759,584.3163243016407,564.770519625756,574.029052734375,25800,0.0,0.0
2006-04-03 00:00:00+09:00,573.0003233431166,590.4886890515183,570.9428840663328,575.0578002929688,32100,0.0,0.0
2006-04-04 00:00:00+09:00,569.9141430485809,588.4312094762214,569.9141430485809,585.3450317382812,16200,0.0,0.0
2006-04-05 00:00:00+09:00,589.4600608707987,589.4600608707987,576.0866088867188,576.0866088867188,30600,0.0,0.0
2006-04-06 00:00:00+09:00,582.2589201042773,587.4025753668494,582.2589201042773,583.2876586914062,42600,0.0,0.0
2006-04-07 00:00:00+09:00,586.3737921339551,590.4887084960938,583.2876142806185,590.4887084960938,27900,0.0,0.0
2006-04-10 00:00:00+09:00,590.4887070336181,595.63232421875,587.4025291879251,595.63232421875,45000,0.0,0.0
2006-04-11 00:00:00+09:00,594.6034730842448,598.7183886567553,591.5172958231276,596.6609497070312,21900,0.0,0.0
2006-04-12 00:00:00+09:00,599.7473513133676,599.7473513133676,591.5175170898438,591.5175170898438,33300,0.0,0.0
2006-04-13 00:00:00+09:00,590.4888160667105,591.5175170898438,571.9717455733963,591.5175170898438,31200,0.0,0.0
2006-04-14 00:00:00+09:00,594.6036376953125,594.6036376953125,584.3164024256943,594.6036376953125,19500,0.0,0.0
2006-04-17 00:00:00+09:00,594.6036360597022,594.6036360597022,583.2876622250205,586.3738403320312,33600,0.0,0.0
2006-04-18 00:00:00+09:00,574.0289533582026,588.4311009206139,565.7991601329763,584.3162231445312,18900,0.0,0.0
2006-04-19 00:00:00+09:00,576.0865495903952,577.1152881519215,566.8280155558723,570.9429321289062,30300,0.0,0.0
2006-04-20 00:00:00+09:00,555.5120849609375,562.7131801014559,553.4546453521069,555.5120849609375,57600,0.0,0.0
2006-04-21 00:00:00+09:00,548.3109474868268,571.9716706904326,546.2535080368455,570.9429321289062,48600,0.0,0.0
2006-04-24 00:00:00+09:00,565.7993548783094,565.7993548783094,552.4259033203125,552.4259033203125,19800,0.0,0.0
2006-04-25 00:00:00+09:00,552.4259820428102,562.7132568359375,551.3972432615736,562.7132568359375,13500,0.0,0.0
2006-04-26 00:00:00+09:00,565.7994384765625,565.7994384765625,559.6270811029021,565.7994384765625,6600,0.0,0.0
2006-04-27 00:00:00+09:00,568.8855994594054,568.8855994594054,559.6270636870448,563.741943359375,13500,0.0,0.0
2006-04-28 00:00:00+09:00,565.7994384765625,565.7994384765625,558.5983423162655,565.7994384765625,14100,0.0,0.0
2006-05-01 00:00:00+09:00,566.8280913335249,582.2589834539754,566.8280913335249,578.1441040039062,17400,0.0,0.0
2006-05-02 00:00:00+09:00,578.1438688073463,585.3449237520214,578.1438688073463,584.3162231445312,16200,0.0,0.0
2006-05-03 00:00:00+09:00,584.3162231445312,584.3162231445312,584.3162231445312,584.3162231445312,0,0.0,0.0
2006-05-04 00:00:00+09:00,584.3162231445312,584.3162231445312,584.3162231445312,584.3162231445312,0,0.0,0.0
2006-05-05 00:00:00+09:00,584.3162231445312,584.3162231445312,584.3162231445312,584.3162231445312,0,0.0,0.0
2006-05-08 00:00:00+09:00,592.5462000981676,592.5462000981676,587.402582446673,589.4600219726562,21900,0.0,0.0
2006-05-09 00:00:00+09:00,588.4312833731282,591.5174614986395,586.3738438471449,589.4600219726562,18600,0.0,0.0
2006-05-10 00:00:00+09:00,588.431276280906,590.4887534551638,581.2302191902209,583.2876586914062,50700,0.0,0.0
2006-05-11 00:00:00+09:00,580.2015437289408,590.4888177002667,578.1441040039062,578.1441040039062,14100,0.0,0.0
2006-05-12 00:00:00+09:00,575.0577951167356,580.2014120989304,569.9141404614728,577.115234375,55500,0.0,0.0
2006-05-15 00:00:00+09:00,576.0866088867188,583.2877042124657,562.7131945757143,576.0866088867188,49200,0.0,0.0
2006-05-16 00:00:00+09:00,577.115234375,580.2014120989304,576.0864959093338,577.115234375,56100,0.0,0.0
2006-05-17 00:00:00+09:00,575.0579594249596,579.1728391172107,538.0238161562268,558.5983276367188,36000,0.0,0.0
2006-05-18 00:00:00+09:00,544.1960915486089,547.2822696903344,543.1673529436761,545.2247924804688,18900,0.0,0.0
2006-05-19 00:00:00+09:00,545.224810320469,547.2822875976562,538.0237528695366,547.2822875976562,10500,0.0,0.0
2006-05-22 00:00:00+09:00,562.7131752976514,562.7131752976514,544.1961059570312,544.1961059570312,14100,0.0,0.0
2006-05-23 00:00:00+09:00,540.081162480583,548.3109581130725,527.7364501953125,527.7364501953125,11400,0.0,0.0
2006-05-24 00:00:00+09:00,527.7364980731895,528.7652367479832,515.3917846679688,515.3917846679688,50400,0.0,0.0
2006-05-25 00:00:00+09:00,530.8225005409611,530.8225005409611,514.3628755633987,529.7937622070312,24000,0.0,0.0
2006-05-26 00:00:00+09:00,543.1673707163561,555.5120836871823,543.1673707163561,547.2822875976562,6600,0.0,0.0
2006-05-29 00:00:00+09:00,551.3970884467747,551.3970884467747,539.0523772302568,540.0811157226562,15300,0.0,0.0
2006-05-30 00:00:00+09:00,541.1099796449469,543.1674194335938,539.0525021832225,543.1674194335938,6900,0.0,0.0
2006-05-31 00:00:00+09:00,539.0523824699548,540.0811209723538,538.023681640625,538.023681640625,23400,0.0,0.0
2006-06-01 00:00:00+09:00,543.1672935267857,543.1672935267857,506.1331598772321,540.0811157226562,19800,0.0,0.0
2006-06-02 00:00:00+09:00,539.0525686712202,541.1100463867188,534.9376885863877,541.1100463867188,33900,0.0,0.0
2006-06-05 00:00:00+09:00,534.9374123974312,534.9374123974312,514.3628719036043,521.56396484375,21000,0.0,0.0
2006-06-06 00:00:00+09:00,529.7937584374431,529.7937584374431,521.56396484375,521.56396484375,12900,0.0,0.0
2006-06-07 00:00:00+09:00,513.3342967099599,519.5066528320312,512.3055581319239,519.5066528320312,10800,0.0,0.0
2006-06-08 00:00:00+09:00,519.5065811484889,522.5927587836818,493.7884216308594,493.7884216308594,23700,0.0,0.0
2006-06-09 00:00:00+09:00,518.4779180046971,518.4779180046971,496.87467142116805,503.0470275878906,30000,0.0,0.0
2006-06-12 00:00:00+09:00,503.0469560169038,522.5927603216709,503.0469560169038,518.4778442382812,15600,0.0,0.0
2006-06-13 00:00:00+09:00,518.4778453763522,519.5065838177244,511.27675163288046,513.334228515625,6900,0.0,0.0
2006-06-14 00:00:00+09:00,504.0756865917155,513.3342193800955,502.0182097455868,512.3054809570312,10200,0.0,0.0
2006-06-15 00:00:00+09:00,504.0756955624758,513.334228515625,504.0756955624758,513.334228515625,15600,0.0,0.0
2006-06-16 00:00:00+09:00,515.3917790957328,521.5641357316098,514.3630404320616,517.44921875,12900,0.0,0.0
2006-06-19 00:00:00+09:00,519.5066528320312,524.6502703760667,514.3629976149238,519.5066528320312,16500,0.0,0.0
2006-06-20 00:00:00+09:00,519.5066528320312,520.5353537369951,518.4779142539953,519.5066528320312,15600,0.0,0.0
2006-06-21 00:00:00+09:00,518.4780121553097,519.5067509275966,494.81732177734375,494.81732177734375,37200,0.0,0.0
2006-06-22 00:00:00+09:00,509.2193800708883,519.5066528320312,506.1332020098526,519.5066528320312,11400,0.0,0.0
2006-06-23 00:00:00+09:00,519.5065775643898,520.5352783203125,514.3629230925101,520.5352783203125,23400,0.0,0.0
2006-06-26 00:00:00+09:00,518.4778391354006,526.7076335481148,518.4778391354006,520.5352783203125,23100,0.0,0.0
2006-06-27 00:00:00+09:00,520.5352783203125,520.5352783203125,514.3629230925101,520.5352783203125,14100,0.0,0.0
2006-06-28 00:00:00+09:00,519.5066528320312,520.5353537369951,516.4204747709955,519.5066528320312,18900,0.0,0.0
2006-06-29 00:00:00+09:00,518.4778453763522,521.5640230274018,509.219312423203,513.334228515625,42300,0.0,0.0
2006-06-30 00:00:00+09:00,517.4490312032758,521.5639466934558,514.3628540039062,514.3628540039062,22500,0.0,0.0
2006-07-03 00:00:00+09:00,518.4779574136712,523.621575385877,517.44921875,517.44921875,30300,0.0,0.0
2006-07-04 00:00:00+09:00,523.6215299802229,528.7651851794737,520.5353519299013,524.6502685546875,8700,0.0,0.0
2006-07-05 00:00:00+09:00,527.7364556243011,529.793895135321,524.650277521235,525.6790161132812,33000,0.0,0.0
2006-07-06 00:00:00+09:00,526.7077080305447,526.7077080305447,520.5353519299013,524.6502685546875,24900,0.0,0.0
2006-07-07 00:00:00+09:00,530.8226246553309,530.8226246553309,524.6502685546875,524.6502685546875,8100,0.0,0.0
2006-07-10 00:00:00+09:00,524.6502126942981,525.6789511592311,519.5065957157688,522.5927734375,29100,0.0,0.0
2006-07-11 00:00:00+09:00,524.6501421505178,524.6501421505178,518.4777875369823,521.56396484375,9600,0.0,0.0
2006-07-12 00:00:00+09:00,521.5639654136393,530.8224973440589,510.24799450081395,516.4203491210938,24000,0.0,0.0
2006-07-13 00:00:00+09:00,516.4203491210938,524.6501427237791,514.3628724656252,516.4203491210938,9300,0.0,0.0
2006-07-14 00:00:00+09:00,519.5066972897677,519.5066972897677,504.07580566406244,504.0758056640625,21900,0.0,0.0
2006-07-17 00:00:00+09:00,504.07580566406244,504.07580566406244,504.07580566406244,504.0758056640625,0,0.0,0.0
2006-07-18 00:00:00+09:00,493.7883692611883,500.98946220393486,491.7309302802876,499.9607238769531,21000,0.0,0.0
2006-07-19 00:00:00+09:00,500.9896416312522,500.9896416312522,488.6449279785156,488.6449279785156,12000,0.0,0.0
2006-07-20 00:00:00+09:00,488.64495275603525,491.731131325709,487.61621400845127,490.702392578125,58200,0.0,0.0
2006-07-21 00:00:00+09:00,487.6161027893747,489.6735421421885,480.4150085449219,480.4150085449219,19500,0.0,0.0
2006-07-24 00:00:00+09:00,474.24254964158337,474.24254964158337,463.9553174424399,466.01275634765625,28800,0.0,0.0
2006-07-25 00:00:00+09:00,472.18519958496097,472.18519958496097,460.86922696741175,462.9266662597656,23100,0.0,0.0
2006-07-26 00:00:00+09:00,462.9266284311315,462.9266284311315,450.5819183396347,451.61065673828125,46800,0.0,0.0
2006-07-27 00:00:00+09:00,443.38091896288364,450.5820139350621,432.0649448692376,435.151123046875,63300,0.0,0.0
2006-07-28 00:00:00+09:00,439.2660234822821,451.6107357330903,439.2660234822821,447.4958190917969,23100,0.0,0.0
2006-07-31 00:00:00+09:00,464.98403497263286,467.04151162575283,461.8978576660157,461.8978576660156,34500,0.0,0.0
2006-08-01 00:00:00+09:00,473.2139496896172,478.35756688336136,466.0128554799198,472.1852111816406,29700,0.0,0.0
2006-08-02 00:00:00+09:00,473.21401423391245,477.3288934809313,464.9841803937255,475.2714538574219,20700,0.0,0.0
2006-08-03 00:00:00+09:00,475.2715567980183,483.50135474764903,475.2715567980183,479.386474609375,30300,0.0,0.0
2006-08-04 00:00:00+09:00,483.5012045405547,484.5299430920711,479.38632568063116,482.4725036621094,14700,0.0,0.0
2006-08-07 00:00:00+09:00,483.50118407710556,504.07572819822116,468.0702948228036,472.1852111816406,20100,0.0,0.0
2006-08-08 00:00:00+09:00,471.1564488877392,483.50115966796875,466.012831953666,483.50115966796875,17700,0.0,0.0
2006-08-09 00:00:00+09:00,473.2139257998225,483.50115966796875,467.0415704097077,483.50115966796875,15600,0.0,0.0
2006-08-10 00:00:00+09:00,483.50119173813493,490.702286061933,478.3575744628907,478.3575744628906,17400,0.0,0.0
2006-08-11 00:00:00+09:00,478.3575215916725,486.58731585706636,478.3575215916725,484.5298767089844,6600,0.0,0.0
2006-08-14 00:00:00+09:00,484.53001405008825,491.73110961914057,484.53001405008825,491.7311096191406,8100,0.0,0.0
2006-08-15 00:00:00+09:00,485.5587103507423,495.84594578182305,485.5587103507423,487.61614990234375,11700,0.0,0.0
2006-08-16 00:00:00+09:00,495.84586082996566,495.84586082996566,487.6160663604736,493.7884216308594,20700,0.0,0.0
2006-08-17 00:00:00+09:00,493.78859299879804,493.78859299879804,481.4438781738281,481.4438781738281,23100,0.0,0.0
2006-08-18 00:00:00+09:00,489.6735421421885,489.6735421421885,480.4150085449219,480.4150085449219,22500,0.0,0.0
2006-08-21 00:00:00+09:00,481.4436991503284,486.58731585706636,479.38626000224644,484.5298767089844,20700,0.0,0.0
2006-08-22 00:00:00+09:00,476.3001969741951,486.58743286132807,476.3001969741951,486.5874328613281,18000,0.0,0.0
2006-08-23 00:00:00+09:00,486.5872944422347,489.6734718650672,485.55859375000006,485.55859375,8400,0.0,0.0
2006-08-24 00:00:00+09:00,490.70228065513027,490.70228065513027,480.4150085449219,480.4150085449219,14700,0.0,0.0
2006-08-25 00:00:00+09:00,483.5012045405547,488.64485962506564,482.4725036621093,482.4725036621094,12900,0.0,0.0
2006-08-28 00:00:00+09:00,482.47251260169116,482.47251260169116,477.328857421875,477.328857421875,13200,0.0,0.0
2006-08-29 00:00:00+09:00,477.328857421875,480.415035460536,476.3001565243692,477.328857421875,16800,0.0,0.0
2006-08-30 00:00:00+09:00,478.3575143337743,479.3862527287397,473.2138977050781,473.2138977050781,18900,0.0,0.0
2006-08-31 00:00:00+09:00,474.2426528134108,482.47248557080536,474.2426528134108,480.4150085449219,18000,0.0,0.0
2006-09-01 00:00:00+09:00,480.4150085449219,483.50118641067746,479.38630770504983,480.4150085449219,23400,0.0,0.0
2006-09-04 00:00:00+09:00,483.50135474764903,483.50135474764903,479.38647460937506,479.386474609375,15900,0.0,0.0
2006-09-05 00:00:00+09:00,483.50118641067746,483.50118641067746,480.4150085449219,480.4150085449219,3600,0.0,0.0
2006-09-06 00:00:00+09:00,482.47251260169116,482.47251260169116,475.27141795379157,477.328857421875,25200,0.0,0.0
2006-09-07 00:00:00+09:00,476.3001492417952,477.32885012357235,469.09905470399957,471.156494140625,39300,0.0,0.0
2006-09-08 00:00:00+09:00,462.9267128594607,472.18524711664986,457.78309527426853,470.1278076171875,68700,0.0,0.0
2006-09-11 00:00:00+09:00,470.1278022146672,470.1278022146672,449.55325676418846,452.6394348144531,89400,0.0,0.0
2006-09-12 00:00:00+09:00,453.668265024821,453.668265024821,444.40972900390625,444.40972900390625,50700,0.0,0.0
2006-09-13 00:00:00+09:00,446.4669813437774,446.4669813437774,432.0648328078696,436.17974853515625,120300,0.0,0.0
2006-09-14 00:00:00+09:00,435.1510978890506,435.1510978890506,432.0649198898375,433.0936584472656,81000,0.0,0.0
2006-09-15 00:00:00+09:00,434.1224060058594,434.1224060058594,432.06496634287083,434.1224060058594,39300,0.0,0.0
2006-09-18 00:00:00+09:00,434.1224060058594,434.1224060058594,434.1224060058594,434.1224060058594,0,0.0,0.0
2006-09-19 00:00:00+09:00,439.2659259123553,439.2659259123553,433.0935711579572,436.17974853515625,76800,0.0,0.0
2006-09-20 00:00:00+09:00,441.3233649394668,441.3233649394668,436.17974853515625,436.17974853515625,34800,0.0,0.0
2006-09-21 00:00:00+09:00,437.2085303023528,442.35218533373376,436.1798294345332,440.2947082519531,33000,0.0,0.0
2006-09-22 00:00:00+09:00,441.3234540898464,449.5532495338314,441.3234540898464,446.4670715332031,46800,0.0,0.0
2006-09-25 00:00:00+09:00,451.6106567382812,456.7542733853831,446.4670024181139,451.61065673828125,54000,0.0,0.0
2006-09-26 00:00:00+09:00,463.64664193490324,468.87969970703125,458.4136224906479,468.87969970703125,38700,12.5,0.0
2006-09-27 00:00:00+09:00,475.15933951927633,475.15933951927633,466.7864623947916,473.06610107421875,48000,0.0,0.0
2006-09-28 00:00:00+09:00,470.9729248332468,470.9729248332468,456.32044661439295,459.46026611328125,34800,0.0,0.0
2006-09-29 00:00:00+09:00,461.5535161266588,464.6933359642551,458.41369628906244,458.4136962890625,21300,0.0,0.0
2006-10-02 00:00:00+09:00,456.3204355920208,463.6466553605463,456.3204355920208,460.5068359375,28200,0.0,0.0
2006-10-03 00:00:00+09:00,456.3204283916667,462.6000671386719,454.22718992408284,462.6000671386719,21300,0.0,0.0
2006-10-04 00:00:00+09:00,462.59987196604766,466.78627047921174,461.5532531738281,461.5532531738281,22200,0.0,0.0
2006-10-05 00:00:00+09:00,461.55346725301206,464.69328675813455,461.55346725301206,463.64666748046875,25200,0.0,0.0
2006-10-06 00:00:00+09:00,462.600061023331,462.600061023331,452.1339838073876,453.18060302734375,63300,0.0,0.0
2006-10-09 00:00:00+09:00,453.18060302734375,453.18060302734375,453.18060302734375,453.18060302734375,0,0.0,0.0
2006-10-10 00:00:00+09:00,451.08741352515653,454.2272331977861,446.90101284690166,450.04083251953125,30900,0.0,0.0
2006-10-11 00:00:00+09:00,453.1805973924618,453.1805973924618,441.66790109971197,445.8543395996094,36000,0.0,0.0
2006-10-12 00:00:00+09:00,441.66794940173025,443.7611880445374,440.62136840820307,440.6213684082031,45300,0.0,0.0
2006-10-13 00:00:00+09:00,441.66799913461455,443.7612380131254,435.38835915484333,439.5747985839844,81000,0.0,0.0
2006-10-16 00:00:00+09:00,440.62136840820307,443.7611880445374,439.5747490867995,440.6213684082031,40800,0.0,0.0
2006-10-17 00:00:00+09:00,444.8077197936765,444.8077197936765,442.71451971048265,443.7611389160156,18900,0.0,0.0
2006-10-18 00:00:00+09:00,443.7613107729703,444.80789205594425,440.6214902682745,442.7146911621094,47100,0.0,0.0
2006-10-19 00:00:00+09:00,444.80789205594425,445.8545116668052,439.57487065741356,442.7146911621094,45300,0.0,0.0
2006-10-20 00:00:00+09:00,442.7146911621094,443.7613107729703,441.66807155124843,442.7146911621094,29700,0.0,0.0
2006-10-23 00:00:00+09:00,443.7611389160156,445.85433899920946,442.71451971048265,443.7611389160156,54000,0.0,0.0
2006-10-24 00:00:00+09:00,448.9942585536412,450.04087799289664,439.5747985839844,439.5747985839844,105300,0.0,0.0
2006-10-25 00:00:00+09:00,439.57487915917267,440.6214987902761,436.43505859375,436.43505859375,83700,0.0,0.0
2006-10-26 00:00:00+09:00,442.71459521409827,442.71459521409827,435.3883361816406,435.3883361816406,51300,0.0,0.0
2006-10-27 00:00:00+09:00,437.4815368652344,437.4815368652344,431.20189776347445,437.4815368652344,75600,0.0,0.0
2006-10-30 00:00:00+09:00,437.4816248584865,437.4816248584865,429.1087454868032,430.1553649902344,69300,0.0,0.0
2006-10-31 00:00:00+09:00,430.1552804154614,430.1552804154614,423.8756412853087,425.9688415527344,76500,0.0,0.0
2006-11-01 00:00:00+09:00,425.9688527257422,427.01547205084523,421.78245208108297,424.9222717285156,85800,0.0,0.0
2006-11-02 00:00:00+09:00,421.78245208108297,424.9222717285156,421.78245208108297,424.9222717285156,31800,0.0,0.0
2006-11-03 00:00:00+09:00,424.9222717285156,424.9222717285156,424.9222717285156,424.9222717285156,0,0.0,0.0
2006-11-06 00:00:00+09:00,425.9688411345112,425.9688411345112,422.82902157251755,423.8756408691406,47700,0.0,0.0
2006-11-07 00:00:00+09:00,424.922340551741,424.922340551741,421.78252039576233,422.8291015625,24900,0.0,0.0
2006-11-08 00:00:00+09:00,422.8290823398612,424.9223212339394,420.735881773664,421.7825012207031,43200,0.0,0.0
2006-11-09 00:00:00+09:00,421.7824896044977,422.8290706948322,416.75877772167644,418.6426696777344,48600,0.0,0.0
2006-11-10 00:00:00+09:00,424.9222717285156,424.9222717285156,420.73583275597986,424.9222717285156,35100,0.0,0.0
2006-11-13 00:00:00+09:00,424.9222605829593,430.1552804154614,416.5493828575053,425.9688415527344,47100,0.0,0.0
2006-11-14 00:00:00+09:00,425.96892171847867,428.06216070771967,422.8291015625,422.8291015625,24600,0.0,0.0
2006-11-15 00:00:00+09:00,421.78252039576233,430.15536136907787,421.78252039576233,422.8291015625,49800,0.0,0.0
2006-11-16 00:00:00+09:00,425.96892171847867,425.96892171847867,422.8291015625,422.8291015625,45300,0.0,0.0
2006-11-17 00:00:00+09:00,422.8290706948322,422.8290706948322,418.64266967773443,418.6426696777344,32700,0.0,0.0
2006-11-20 00:00:00+09:00,418.6426535011197,419.6892345510136,408.1765747070312,408.17657470703125,76800,0.0,0.0
2006-11-21 00:00:00+09:00,408.1765938681446,411.94437781154284,397.7105145827449,410.06048583984375,59400,0.0,0.0
2006-11-22 00:00:00+09:00,403.78065532591285,411.9441833496094,403.1526916317824,411.9441833496094,23700,0.0,0.0
2006-11-23 00:00:00+09:00,411.9441833496094,411.9441833496094,411.9441833496094,411.9441833496094,0,0.0,0.0
2006-11-24 00:00:00+09:00,411.9443700315082,411.9443700315082,406.92065820185564,409.22320556640625,49800,0.0,0.0
2006-11-27 00:00:00+09:00,410.2696839815694,411.9442669483731,408.1764840189673,411.10699462890625,104700,0.0,0.0
2006-11-28 00:00:00+09:00,411.94440070618197,414.4562568080489,409.432544604315,414.2469482421875,74400,0.0,0.0
2006-11-29 00:00:00+09:00,415.2935908414474,415.5029377661638,412.36311717429834,413.4096984863281,62400,0.0,0.0
2006-11-30 00:00:00+09:00,417.3867721773922,422.8291015625,415.0842246203802,422.8291015625,25200,0.0,0.0
2006-12-01 00:00:00+09:00,433.2952045212225,433.2952045212225,428.06218342615483,429.1087646484375,18600,0.0,0.0
2006-12-04 00:00:00+09:00,430.155278470556,437.4815368652344,430.155278470556,437.4815368652344,21000,0.0,0.0
2006-12-05 00:00:00+09:00,444.80775128972937,455.2738291025274,444.80775128972937,447.94757080078125,95700,0.0,0.0
2006-12-06 00:00:00+09:00,452.1340026855469,452.1340026855469,445.85436375935876,452.1340026855469,41700,0.0,0.0
2006-12-07 00:00:00+09:00,454.2272331977861,454.2272331977861,447.94759385252695,450.04083251953125,64200,0.0,0.0
2006-12-08 00:00:00+09:00,450.0407780995068,450.0407780995068,445.8543395996094,445.8543395996094,59100,0.0,0.0
2006-12-11 00:00:00+09:00,446.9009898490139,447.94757080078125,445.8543705693716,447.94757080078125,36900,0.0,0.0
2006-12-12 00:00:00+09:00,447.94759385252695,450.04083251953125,446.90101284690166,450.04083251953125,30000,0.0,0.0
2006-12-13 00:00:00+09:00,450.04080248610893,453.18062194920304,446.9009830230149,452.1340026855469,47400,0.0,0.0
2006-12-14 00:00:00+09:00,453.18060302734375,454.2271839194272,451.08736458743147,453.18060302734375,21600,0.0,0.0
2006-12-15 00:00:00+09:00,453.18060302734375,458.41362247137914,453.18060302734375,453.18060302734375,65700,0.0,0.0
2006-12-18 00:00:00+09:00,478.2991640061848,478.2991640061848,461.55344790488,462.6000671386719,61500,0.0,0.0
2006-12-19 00:00:00+09:00,462.59993871251356,464.6931382711139,457.36688232421875,457.36688232421875,51000,0.0,0.0
2006-12-20 00:00:00+09:00,463.6464503562703,470.97270521331865,460.50663232151487,469.92608642578125,39300,0.0,0.0
2006-12-21 00:00:00+09:00,473.06609993128643,473.06609993128643,467.8330804870311,468.87969970703125,45600,0.0,0.0
2006-12-22 00:00:00+09:00,466.7864990234375,469.9263186095321,462.6000984605619,466.7864990234375,21300,0.0,0.0
2006-12-25 00:00:00+09:00,469.92633021594895,470.97294954645554,467.8331298828125,467.8331298828125,27600,0.0,0.0
2006-12-26 00:00:00+09:00,468.87958966577946,493.9981384277344,468.87958966577946,493.9981384277344,93000,0.0,0.0
2006-12-27 00:00:00+09:00,508.6509095839594,512.8373495992956,502.3712687248982,506.5577087402344,103800,0.0,0.0
2006-12-28 00:00:00+09:00,506.5576057010371,506.5576057010371,499.2313467464092,505.510986328125,66600,0.0,0.0
2006-12-29 00:00:00+09:00,505.51101670584217,505.51101670584217,503.41781616210943,503.4178161621094,29100,0.0,0.0
2007-01-04 00:00:00+09:00,505.5110891544288,506.5577087402344,503.41788831070374,506.5577087402344,27300,0.0,0.0
2007-01-05 00:00:00+09:00,506.5576437827411,506.5576437827411,481.4390835675288,499.23138427734375,62400,0.0,0.0
2007-01-09 00:00:00+09:00,499.23135352252893,500.2779729096469,487.7186935757468,497.1381530761719,41100,0.0,0.0
2007-01-10 00:00:00+09:00,491.9049556662535,495.04477461375694,488.76513671875006,488.76513671875,52200,0.0,0.0
2007-01-11 00:00:00+09:00,489.81192016601557,491.9051207240981,488.7653007230339,489.8119201660156,29100,0.0,0.0
2007-01-12 00:00:00+09:00,491.90504134545176,500.27791888241353,488.76522185105983,495.04486083984375,21300,0.0,0.0
2007-01-15 00:00:00+09:00,497.1381530761719,502.37117335600396,497.1381530761719,497.1381530761719,23100,0.0,0.0
2007-01-16 00:00:00+09:00,502.37109375,502.37109375,498.1846551927924,502.37109375,15600,0.0,0.0
2007-01-17 00:00:00+09:00,500.27796638113506,508.65080638517856,497.13814658863396,507.60418701171875,57300,0.0,0.0
2007-01-18 00:00:00+09:00,509.6973510811428,522.2566284110446,508.6507318610267,515.9769897460938,52500,0.0,0.0
2007-01-19 00:00:00+09:00,515.976929526469,521.2099483605588,515.976929526469,518.0701293945312,27000,0.0,0.0
2007-01-22 00:00:00+09:00,521.209972650135,526.4429917280953,520.1633535033949,522.256591796875,41700,0.0,0.0
2007-01-23 00:00:00+09:00,525.3964606279126,525.3964606279126,521.2100219726562,521.2100219726562,42300,0.0,0.0
2007-01-24 00:00:00+09:00,519.1167012309522,525.3963385912949,519.1167012309522,523.3031005859375,20100,0.0,0.0
2007-01-25 00:00:00+09:00,523.3032782270503,525.396516942981,507.60417949696006,509.6974182128906,35400,0.0,0.0
2007-01-26 00:00:00+09:00,503.4177975413838,509.6974372681874,493.9983379511783,508.65081787109375,31800,0.0,0.0
2007-01-29 00:00:00+09:00,496.09155676722395,506.5576361416488,489.81191680814516,503.4178161621094,49800,0.0,0.0
2007-01-30 00:00:00+09:00,498.18473460691274,506.5576130560231,498.18473460691274,501.3245544433594,33300,0.0,0.0
2007-01-31 00:00:00+09:00,501.3245426630567,503.4177813900861,493.99832210208785,498.1847229003906,33000,0.0,0.0
2007-02-01 00:00:00+09:00,503.4176771227738,522.256591796875,502.3710579760337,522.256591796875,31800,0.0,0.0
2007-02-02 00:00:00+09:00,521.21004748585,521.21004748585,511.7905887963467,513.8837890625,32400,0.0,0.0
2007-02-05 00:00:00+09:00,506.55760115275217,517.0236414763871,495.0449031377246,498.1847229003906,50700,0.0,0.0
2007-02-06 00:00:00+09:00,506.5576057010371,506.5576057010371,497.13814632846334,505.510986328125,15000,0.0,0.0
2007-02-07 00:00:00+09:00,499.2313467464092,511.79062590984086,499.2313467464092,505.510986328125,34500,0.0,0.0
2007-02-08 00:00:00+09:00,507.60418701171875,512.8372455511395,506.55760596613726,507.60418701171875,23100,0.0,0.0
2007-02-09 00:00:00+09:00,504.4643303729967,515.9770276565289,504.4643303729967,513.8837890625,43200,0.0,0.0
2007-02-13 00:00:00+09:00,514.9304083595144,517.0236086256677,512.8372080933611,513.8837890625,25500,0.0,0.0
2007-02-14 00:00:00+09:00,513.8838009695492,521.2100595626537,512.8372199761602,517.0236206054688,41700,0.0,0.0
2007-02-15 00:00:00+09:00,515.9770396120798,517.0236206054688,513.8838009695492,517.0236206054688,14400,0.0,0.0
2007-02-16 00:00:00+09:00,517.0236387350143,517.0236387350143,504.46435975094204,509.6974182128906,13800,0.0,0.0
2007-02-19 00:00:00+09:00,509.69738853019334,513.8837890625,506.5575689670256,513.8837890625,23700,0.0,0.0
2007-02-20 00:00:00+09:00,514.9304383469614,514.9304383469614,504.46435975094204,509.6974182128906,21600,0.0,0.0
2007-02-21 00:00:00+09:00,509.6973510811428,518.0701898584532,509.6973510811428,515.9769897460938,37200,0.0,0.0
2007-02-22 00:00:00+09:00,519.1167602539062,519.1167602539062,515.9769412167412,519.1167602539062,23100,0.0,0.0
2007-02-23 00:00:00+09:00,519.1167602539062,521.2099601693932,517.0235220105501,519.1167602539062,24300,0.0,0.0
2007-02-26 00:00:00+09:00,521.2099601693932,524.3497792065582,519.1167602539062,519.1167602539062,42600,0.0,0.0
2007-02-27 00:00:00+09:00,522.2566412184387,522.2566412184387,519.1168218089649,521.2100219726562,24000,0.0,0.0
2007-02-28 00:00:00+09:00,481.43914530398945,507.60428999815383,481.43914530398945,506.5577087402344,30300,0.0,0.0
2007-03-01 00:00:00+09:00,514.9305504430206,514.9305504430206,502.3712687248982,506.5577087402344,19200,0.0,0.0
2007-03-02 00:00:00+09:00,514.93037109375,514.93037109375,502.37109375,502.37109375,18000,0.0,0.0
2007-03-05 00:00:00+09:00,490.85847262635264,490.85847262635264,462.60009647291844,478.2991943359375,34800,0.0,0.0
2007-03-06 00:00:00+09:00,475.15939853914807,487.71867745799887,475.15939853914807,486.67205810546875,30300,0.0,0.0
2007-03-07 00:00:00+09:00,508.6507939000905,508.6507939000905,491.9050759751572,500.2779541015625,19200,0.0,0.0
2007-03-08 00:00:00+09:00,502.37109375,502.37109375,495.0448358568549,502.37109375,10200,0.0,0.0
2007-03-09 00:00:00+09:00,489.811859515559,496.09149874011746,489.811859515559,491.9050598144531,65400,0.0,0.0
2007-03-12 00:00:00+09:00,500.278003728938,500.278003728938,498.18476482574954,499.23138427734375,11700,0.0,0.0
2007-03-13 00:00:00+09:00,501.3244998286277,502.3711191027166,495.04486083984375,495.04486083984375,12300,0.0,0.0
2007-03-14 00:00:00+09:00,492.95169248079,492.95169248079,477.2525939941406,477.2525939941406,28500,0.0,0.0
2007-03-15 00:00:00+09:00,485.6254387529387,489.81187783518146,481.43903799857344,486.67205810546875,7800,0.0,0.0
2007-03-16 00:00:00+09:00,483.53221459482234,487.718653471169,480.39239501953125,480.39239501953125,17400,0.0,0.0
2007-03-19 00:00:00+09:00,481.4390262364567,484.57884588945996,479.3457875825368,483.5322265625,19200,0.0,0.0
2007-03-20 00:00:00+09:00,483.5322265625,488.76524654154656,483.5322265625,483.5322265625,26100,0.0,0.0
2007-03-22 00:00:00+09:00,495.0448979420768,495.0448979420768,483.5322383757561,486.67205810546875,29100,0.0,0.0
2007-03-23 00:00:00+09:00,492.951519453365,493.9981384277344,489.8117008581206,493.9981384277344,11700,0.0,0.0
2007-03-26 00:00:00+09:00,493.99825496345755,502.37109375,493.99825496345755,502.37109375,24900,0.0,0.0
2007-03-27 00:00:00+09:00,499.7129827841437,501.8394470214843,499.7129827841437,501.8394470214844,26400,12.5,0.0
2007-03-28 00:00:00+09:00,499.7130561576736,501.8395207072458,494.39697265625,494.39697265625,8700,0.0,0.0
2007-03-29 00:00:00+09:00,491.2072722805533,500.77624511718744,486.9543824855214,500.7762451171875,20400,0.0,0.0
2007-03-30 00:00:00+09:00,503.9659463205645,503.9659463205645,494.39697265625,494.39697265625,9300,0.0,0.0
2007-04-02 00:00:00+09:00,495.4602047833132,496.5233981215288,489.08088900900555,493.333740234375,27600,0.0,0.0
2007-04-03 00:00:00+09:00,493.333792748167,500.77634158917914,490.1441345214843,490.1441345214844,30000,0.0,0.0
2007-04-04 00:00:00+09:00,494.39689946332953,500.7762142951144,494.39689946332953,499.7129821777344,11700,0.0,0.0
2007-04-05 00:00:00+09:00,501.83944641249445,501.83944641249445,499.7129821777343,499.7129821777344,11100,0.0,0.0
2007-04-06 00:00:00+09:00,501.83947730000796,503.96590272939886,498.6498196877966,500.7762451171875,6900,0.0,0.0
2007-04-09 00:00:00+09:00,499.7130826032512,505.0292053222656,499.7130826032512,505.0292053222656,27900,0.0,0.0
2007-04-10 00:00:00+09:00,505.02908255338326,506.09227568972716,502.9026184082032,502.9026184082031,11400,0.0,0.0
2007-04-11 00:00:00+09:00,502.90271011633394,503.9659423828125,501.8395167861086,503.9659423828125,13800,0.0,0.0
2007-04-12 00:00:00+09:00,497.5867226377372,497.5867226377372,493.33383168772093,495.4602966308594,7800,0.0,0.0
2007-04-13 00:00:00+09:00,492.27057311054887,498.64988922456786,480.57513427734375,480.57513427734375,14100,0.0,0.0
2007-04-16 00:00:00+09:00,492.27052026315596,499.71302897302184,482.70154711939864,485.8912048339844,15900,0.0,0.0
2007-04-17 00:00:00+09:00,471.0061601063153,481.6383666084321,471.0061601063153,480.57513427734375,37800,0.0,0.0
2007-04-18 00:00:00+09:00,490.1440337918786,490.1440337918786,482.70152541663566,486.9543762207031,14100,0.0,0.0
2007-04-19 00:00:00+09:00,489.0809150535394,489.0809150535394,480.57513427734375,480.57513427734375,12300,0.0,0.0
2007-04-20 00:00:00+09:00,480.57523386016754,483.764892578125,480.57523386016754,483.764892578125,7200,0.0,0.0
2007-04-23 00:00:00+09:00,491.2073805959601,491.2073805959601,484.82806396484375,484.82806396484375,9300,0.0,0.0
2007-04-24 00:00:00+09:00,491.20724204743703,499.7129821777343,485.89115933303225,499.7129821777344,25200,0.0,0.0
2007-04-25 00:00:00+09:00,491.20739746093744,498.64994676485657,489.08097148964345,491.2073974609375,7200,0.0,0.0
2007-04-26 00:00:00+09:00,498.64986281914094,498.64986281914094,493.3337403814639,494.39697265625,12600,0.0,0.0
2007-04-27 00:00:00+09:00,494.39689946332953,499.7129821777343,490.144009930057,499.7129821777344,14400,0.0,0.0
2007-05-01 00:00:00+09:00,498.64987169801475,501.83952964291404,497.5866394042969,497.5866394042969,11100,0.0,0.0
2007-05-02 00:00:00+09:00,493.3336913630541,499.71300650540496,486.9543762207031,486.9543762207031,15600,0.0,0.0
2007-05-07 00:00:00+09:00,497.5866392758653,497.5866392758653,495.46021362523265,496.5234069824219,9300,0.0,0.0
2007-05-08 00:00:00+09:00,498.649788996602,499.7129821777343,495.4601315807096,499.7129821777344,26400,0.0,0.0
2007-05-09 00:00:00+09:00,498.649788996602,499.7129821777343,496.5233247618419,499.7129821777344,37200,0.0,0.0
2007-05-10 00:00:00+09:00,501.8394252718592,502.9026184082032,499.71296112667915,502.9026184082031,30000,0.0,0.0
2007-05-11 00:00:00+09:00,494.39689946332953,501.83944641249445,494.39689946332953,499.7129821777344,45000,0.0,0.0
2007-05-14 00:00:00+09:00,495.46021362523265,497.5866392758653,491.2073233877132,496.5234069824219,20700,0.0,0.0
2007-05-15 00:00:00+09:00,497.5866305443548,497.5866305443548,486.9544246052542,494.39697265625,17700,0.0,0.0
2007-05-16 00:00:00+09:00,489.08089773708053,496.5234069824219,489.08089773708053,496.5234069824219,14100,0.0,0.0
2007-05-17 00:00:00+09:00,497.5866090796729,499.7130346012628,495.46018355808303,498.64984130859375,42600,0.0,0.0
2007-05-18 00:00:00+09:00,497.5866394042969,497.5866394042969,495.4602137531154,497.5866394042969,31800,0.0,0.0
2007-05-21 00:00:00+09:00,497.5866392758653,499.71306492649796,491.2073233877132,496.5234069824219,79800,0.0,0.0
2007-05-22 00:00:00+09:00,497.5866392758653,497.5866392758653,493.33374903834584,496.5234069824219,23700,0.0,0.0
2007-05-23 00:00:00+09:00,491.2072426435246,502.90264020390686,491.2072426435246,501.8394470214844,72600,0.0,0.0
2007-05-24 00:00:00+09:00,499.71301293436693,500.77624511718744,499.71301293436693,500.7762451171875,15900,0.0,0.0
2007-05-25 00:00:00+09:00,498.649788996602,499.7129821777343,497.586556879222,499.7129821777344,20100,0.0,0.0
2007-05-28 00:00:00+09:00,488.01763033162445,488.01763033162445,484.82797261703865,485.8912048339844,8100,0.0,0.0
2007-05-29 00:00:00+09:00,489.0809631347656,489.0809631347656,489.0809631347656,489.0809631347656,9900,0.0,0.0
2007-05-30 00:00:00+09:00,486.9544503913627,486.9544503913627,478.4487085514226,480.57513427734375,15900,0.0,0.0
2007-05-31 00:00:00+09:00,480.57508268550714,485.8912048339844,480.57508268550714,485.8912048339844,16500,0.0,0.0
2007-06-01 00:00:00+09:00,484.82798502604163,486.9544105781068,478.4486694335937,478.44866943359375,21900,0.0,0.0
2007-06-04 00:00:00+09:00,478.4486694335937,480.5750949856589,475.2590116373697,478.44866943359375,34200,0.0,0.0
2007-06-05 00:00:00+09:00,481.63829324749395,486.9543762207031,480.57506107835223,486.9543762207031,22200,0.0,0.0
2007-06-06 00:00:00+09:00,478.44854691329436,479.51177888518254,474.1956579619843,477.38531494140625,36000,0.0,0.0
2007-06-07 00:00:00+09:00,468.8797912980455,469.9430237582004,466.753365313996,467.8165588378906,39000,0.0,0.0
2007-06-08 00:00:00+09:00,449.7417295119076,453.99461936547493,448.67849731445307,448.6784973144531,85200,0.0,0.0
2007-06-11 00:00:00+09:00,450.8050842932115,452.93151033009195,448.67861932006974,449.7418518066406,78300,0.0,0.0
2007-06-12 00:00:00+09:00,442.29920344610036,450.80498356561844,436.98312007359095,446.5520935058594,102000,0.0,0.0
2007-06-13 00:00:00+09:00,449.7418518066406,452.93151033009195,449.7418518066406,449.7418518066406,38700,0.0,0.0
2007-06-14 00:00:00+09:00,449.74169951408817,451.8681248309137,449.74169951408817,450.804931640625,11700,0.0,0.0
2007-06-15 00:00:00+09:00,451.8681429741839,456.12103271484375,449.7417175719788,456.12103271484375,39900,0.0,0.0
2007-06-18 00:00:00+09:00,457.18435188085533,467.8165198513065,457.18435188085533,466.7533264160156,57900,0.0,0.0
2007-06-19 00:00:00+09:00,472.06926535262545,472.06926535262545,466.75318300082625,468.8796081542969,37800,0.0,0.0
2007-06-20 00:00:00+09:00,471.00601238713324,472.0692443847656,468.8795873281118,472.0692443847656,43200,0.0,0.0
2007-06-21 00:00:00+09:00,473.1325160779253,474.19570922851557,467.8163945799874,474.1957092285156,43800,0.0,0.0
2007-06-22 00:00:00+09:00,468.8797474291501,475.2590637207031,468.8797474291501,475.2590637207031,61500,0.0,0.0
2007-06-25 00:00:00+09:00,475.2590637207031,476.32229608138084,472.0694055749266,475.2590637207031,50700,0.0,0.0
2007-06-26 00:00:00+09:00,475.2590637207031,476.32229608138084,474.1958313600254,475.2590637207031,14400,0.0,0.0
2007-06-27 00:00:00+09:00,473.13263793560435,477.38548950580196,473.13263793560435,475.2590637207031,18600,0.0,0.0
2007-06-28 00:00:00+09:00,475.2590116373697,479.5119016777525,474.19577939321096,478.44866943359375,53700,0.0,0.0
2007-06-29 00:00:00+09:00,482.70159037345235,482.70159037345235,473.1326163722358,479.5119323730469,49500,0.0,0.0
2007-07-02 00:00:00+09:00,475.2588899338724,478.44854691329436,475.2588899338724,477.38531494140625,25800,0.0,0.0
2007-07-03 00:00:00+09:00,480.57513445811713,482.70159912109375,479.51194106288443,482.70159912109375,12600,0.0,0.0
2007-07-04 00:00:00+09:00,485.89125699652993,485.89125699652993,479.51194088251094,480.57513427734375,22200,0.0,0.0
2007-07-05 00:00:00+09:00,485.89130476418296,489.0809631347656,485.89130476418296,489.0809631347656,13200,0.0,0.0
2007-07-06 00:00:00+09:00,490.1440558292645,490.1440558292645,482.70154711939864,485.8912048339844,16200,0.0,0.0
2007-07-09 00:00:00+09:00,485.89135768093905,489.0810163988965,482.7016989629816,483.764892578125,9900,0.0,0.0
2007-07-10 00:00:00+09:00,483.76474040009293,485.8912048339844,475.25899947328134,485.8912048339844,12600,0.0,0.0
2007-07-11 00:00:00+09:00,478.44852674875824,481.63818359375,474.19563797668906,481.63818359375,21300,0.0,0.0
2007-07-12 00:00:00+09:00,477.3853265004409,478.4485584980733,467.81635533047944,472.0692443847656,19800,0.0,0.0
2007-07-13 00:00:00+09:00,478.44854691329436,478.44854691329436,472.06923295445046,477.38531494140625,26700,0.0,0.0
2007-07-17 00:00:00+09:00,478.4485986396166,480.5750238770438,474.19570922851557,474.1957092285156,20700,0.0,0.0
2007-07-18 00:00:00+09:00,474.19570922851557,475.2589413153525,474.19570922851557,474.1957092285156,13800,0.0,0.0
2007-07-19 00:00:00+09:00,474.1957706582749,476.3222351074219,474.1957706582749,476.3222351074219,15300,0.0,0.0
2007-07-20 00:00:00+09:00,476.3222351074219,479.51189284489067,476.3222351074219,476.3222351074219,13200,0.0,0.0
2007-07-23 00:00:00+09:00,474.19570922851557,475.2589413153525,474.19570922851557,474.1957092285156,27000,0.0,0.0
2007-07-24 00:00:00+09:00,475.2590028828484,477.3854283957437,474.1957706582749,476.3222351074219,11400,0.0,0.0
2007-07-25 00:00:00+09:00,474.19577939321096,478.4486694335937,473.1325860853046,478.44866943359375,24600,0.0,0.0
2007-07-26 00:00:00+09:00,474.1958313600254,475.2590637207031,473.13263793560435,475.2590637207031,17400,0.0,0.0
2007-07-27 00:00:00+09:00,474.1957524740323,477.38541008918554,469.9429016113281,469.9429016113281,37500,0.0,0.0
2007-07-30 00:00:00+09:00,456.1209793609827,469.9428401991548,456.1209793609827,468.8796081542969,13500,0.0,0.0
2007-07-31 00:00:00+09:00,466.75318300082625,468.87960815429693,450.8048970091835,468.8796081542969,17700,0.0,0.0
2007-08-01 00:00:00+09:00,460.373903970712,461.4370971610007,450.804931640625,450.804931640625,21000,0.0,0.0
2007-08-02 00:00:00+09:00,452.93151847088154,460.3740681381242,446.5522013093198,453.9947509765625,22800,0.0,0.0
2007-08-03 00:00:00+09:00,453.99461936547493,453.99461936547493,442.29918200222744,448.6784973144531,19800,0.0,0.0
2007-08-06 00:00:00+09:00,448.6786273844197,465.690152794005,447.61543381500076,453.9947509765625,19800,0.0,0.0
2007-08-07 00:00:00+09:00,481.63832722981766,484.82798502604163,474.19577939321096,478.44866943359375,58200,0.0,0.0
2007-08-08 00:00:00+09:00,478.4485986396166,480.5750238770438,474.19570922851557,474.1957092285156,30300,0.0,0.0
2007-08-09 00:00:00+09:00,460.37404842558726,471.006217282095,460.37404842558726,467.8165588378906,22800,0.0,0.0
2007-08-10 00:00:00+09:00,449.7417295119076,452.9313871680204,446.5520718557948,448.6784973144531,26700,0.0,0.0
2007-08-13 00:00:00+09:00,455.05778227427606,455.05778227427606,448.6784673875514,450.804931640625,21600,0.0,0.0
2007-08-14 00:00:00+09:00,443.3624792373847,447.6153697148168,441.2360534667969,441.2360534667969,25200,0.0,0.0
2007-08-15 00:00:00+09:00,447.6153257548623,447.6153257548623,442.29920344610036,446.5520935058594,23400,0.0,0.0
2007-08-16 00:00:00+09:00,433.7935131892722,443.3624877449179,433.7935131892722,442.29925537109375,28200,0.0,0.0
2007-08-17 00:00:00+09:00,446.5521012491255,446.5521012491255,427.4141540527344,427.4141540527344,50700,0.0,0.0
2007-08-20 00:00:00+09:00,432.7303546979308,439.10967215753794,432.7303546979308,435.9200134277344,11400,0.0,0.0
2007-08-21 00:00:00+09:00,441.23601013335,446.5520935058594,441.23601013335,446.5520935058594,13200,0.0,0.0
2007-08-22 00:00:00+09:00,447.6154479980469,448.6786416011539,444.42578931619914,447.6154479980469,45600,0.0,0.0
2007-08-23 00:00:00+09:00,463.56366823762886,468.87975222285445,461.437203494533,466.7533264160156,73500,0.0,0.0
2007-08-24 00:00:00+09:00,475.259068579628,475.259068579628,452.9314613309206,466.7533264160156,22200,0.0,0.0
2007-08-27 00:00:00+09:00,456.1210936393693,457.18432595061364,452.9314356418912,455.057861328125,18900,0.0,0.0
2007-08-28 00:00:00+09:00,449.7417175719788,457.1842648840711,446.5520600005463,456.12103271484375,15600,0.0,0.0
2007-08-29 00:00:00+09:00,443.362542728539,453.9947509765625,443.362542728539,453.9947509765625,24300,0.0,0.0
2007-08-30 00:00:00+09:00,440.1727565435691,448.67849731445307,440.1727565435691,448.6784973144531,16200,0.0,0.0
2007-08-31 00:00:00+09:00,452.9314356418912,457.18432595061364,444.4256939607012,455.057861328125,21300,0.0,0.0
2007-09-03 00:00:00+09:00,456.12115752122793,468.8797912980455,455.05792506107304,467.8165588378906,32400,0.0,0.0
2007-09-04 00:00:00+09:00,466.7533263655737,466.7533263655737,461.43720344466556,465.6900939941406,14100,0.0,0.0
2007-09-05 00:00:00+09:00,465.690023908944,466.7532561203632,458.2474763015118,462.5003662109375,32100,0.0,0.0
2007-09-06 00:00:00+09:00,453.9946898225792,455.05788324878387,450.80503167145156,451.86822509765625,11400,0.0,0.0
2007-09-07 00:00:00+09:00,448.67849731445307,455.05781262667875,448.67849731445307,448.6784973144531,24600,0.0,0.0
2007-09-10 00:00:00+09:00,448.67848540275145,460.3739224555036,447.6152921697737,456.12103271484375,30000,0.0,0.0
2007-09-11 00:00:00+09:00,449.7417354189117,468.87968160695044,446.5520777209052,462.5003662109375,43500,0.0,0.0
2007-09-12 00:00:00+09:00,461.43721688416684,466.7533399599087,458.247558613225,459.310791015625,12300,0.0,0.0
2007-09-13 00:00:00+09:00,449.74185989010067,457.1844095573433,449.74185989010067,453.9947509765625,24600,0.0,0.0
2007-09-14 00:00:00+09:00,436.983291735752,448.678695324133,436.983291735752,443.36260986328125,59700,0.0,0.0
2007-09-18 00:00:00+09:00,445.48886125685647,451.8681768783688,445.48886125685647,446.5520935058594,26100,0.0,0.0
2007-09-19 00:00:00+09:00,455.0578870885814,465.6900939941406,455.0578870885814,465.6900939941406,21600,0.0,0.0
2007-09-20 00:00:00+09:00,478.4485584980733,478.4485584980733,465.68993027145797,472.0692443847656,29700,0.0,0.0
2007-09-21 00:00:00+09:00,467.81641609931984,477.3853885122804,467.81641609931984,473.1325378417969,18600,0.0,0.0
2007-09-25 00:00:00+09:00,487.73207084268273,487.73207084268273,480.16193701285886,485.56915283203125,56100,12.5,0.0
2007-09-26 00:00:00+09:00,485.569336255026,497.46527099609375,484.4879164449239,497.46527099609375,111300,0.0,0.0
2007-09-27 00:00:00+09:00,488.813624021536,502.87243652343756,485.56928572138474,502.8724365234375,64200,0.0,0.0
2007-09-28 00:00:00+09:00,503.9538751473328,513.6868896484375,500.7095369802979,513.6868896484375,54600,0.0,0.0
2007-10-01 00:00:00+09:00,505.0352198920239,513.6868134567089,505.0352198920239,511.5238952636719,26700,0.0,0.0
2007-10-02 00:00:00+09:00,507.19814063750556,518.0125732421875,503.9538029353546,518.0125732421875,80700,0.0,0.0
2007-10-03 00:00:00+09:00,506.1167316678204,518.0126245527846,506.1167316678204,512.6054077148438,60900,0.0,0.0
2007-10-04 00:00:00+09:00,512.605381320272,518.01259787979,502.8723677508998,503.9538269042969,113400,0.0,0.0
2007-10-05 00:00:00+09:00,505.0352464539602,505.0352464539602,498.5465707410454,503.9538269042969,22500,0.0,0.0
2007-10-09 00:00:00+09:00,503.95382597752626,506.1167046766091,489.8950154241537,498.54656982421875,15600,0.0,0.0
2007-10-10 00:00:00+09:00,506.1167046766091,506.1167046766091,498.54656982421875,498.54656982421875,12600,0.0,0.0
2007-10-11 00:00:00+09:00,502.87229472376515,508.27951049804693,500.70941633479805,508.2795104980469,11700,0.0,0.0
2007-10-12 00:00:00+09:00,505.4677675321505,505.4677675321505,499.6279602050782,499.6279602050781,11700,0.0,0.0
2007-10-15 00:00:00+09:00,508.2796538224432,508.2796538224432,488.813624021536,502.8724365234375,17700,0.0,0.0
2007-10-16 00:00:00+09:00,505.0353680817808,505.0353680817808,493.1394729444561,497.46527099609375,12000,0.0,0.0
2007-10-17 00:00:00+09:00,484.4877674175135,492.05786217465544,476.9176330566406,476.9176330566406,11400,0.0,0.0
2007-10-18 00:00:00+09:00,477.9991645964972,488.8135986328125,477.9991645964972,488.8135986328125,15300,0.0,0.0
2007-10-19 00:00:00+09:00,478.21531040268457,483.40625,478.21531040268457,483.40625,15300,0.0,0.0
2007-10-22 00:00:00+09:00,508.27957961952643,508.27957961952643,488.8135526604331,490.9764709472656,20700,0.0,0.0
2007-10-23 00:00:00+09:00,497.4651566750839,497.4651566750839,496.3836975097657,496.3836975097656,3600,0.0,0.0
2007-10-24 00:00:00+09:00,496.1675355409768,497.46527099609375,496.1675355409768,497.46527099609375,3600,0.0,0.0
2007-10-25 00:00:00+09:00,486.65076245197935,486.65076245197935,477.99920654296875,477.99920654296875,3600,0.0,0.0
2007-10-26 00:00:00+09:00,479.08053299380265,496.3836810463353,479.08053299380265,493.13934326171875,7800,0.0,0.0
2007-10-29 00:00:00+09:00,484.4877952942345,494.2208087737812,484.4877952942345,490.9764709472656,9600,0.0,0.0
2007-10-30 00:00:00+09:00,486.00183469222384,486.00183469222384,484.4878234863281,484.4878234863281,9600,0.0,0.0
2007-10-31 00:00:00+09:00,480.1620434830129,488.8135986328125,480.1620434830129,488.8135986328125,18000,0.0,0.0
2007-11-01 00:00:00+09:00,488.8135099722204,495.3021850585938,488.8135099722204,495.30218505859375,18000,0.0,0.0
2007-11-02 00:00:00+09:00,479.08047800753315,506.1166363108513,479.08047800753315,485.56915283203125,27000,0.0,0.0
2007-11-05 00:00:00+09:00,483.40642520827527,493.1394404809251,471.5105308540612,479.08062744140625,24300,0.0,0.0
2007-11-06 00:00:00+09:00,481.0270998685723,495.3021850585938,481.0270998685723,495.30218505859375,24300,0.0,0.0
2007-11-07 00:00:00+09:00,483.95483641345294,484.4878234863281,483.95483641345294,484.4878234863281,24300,0.0,0.0
2007-11-08 00:00:00+09:00,474.9709971532604,485.56915283203125,474.9709971532604,485.56915283203125,24300,0.0,0.0
2007-11-09 00:00:00+09:00,477.56654745565874,480.16201782226557,477.56654745565874,480.1620178222656,24300,0.0,0.0
2007-11-12 00:00:00+09:00,469.1312711172763,469.1312711172763,465.02178955078125,465.02178955078125,24300,0.0,0.0
2007-11-13 00:00:00+09:00,456.1538412274211,456.3701171875,456.1538412274211,456.3701171875,24300,0.0,0.0
2007-11-14 00:00:00+09:00,459.0374684570282,466.10321044921875,459.0374684570282,466.10321044921875,24300,0.0,0.0
2007-11-15 00:00:00+09:00,463.94028740640215,469.34750366210943,463.94028740640215,469.3475036621094,24300,0.0,0.0
2007-11-16 00:00:00+09:00,458.1005421665737,458.1005421665737,454.2073364257813,454.20733642578125,24300,0.0,0.0
2007-11-19 00:00:00+09:00,452.0444719701684,454.20735091614205,449.8815534204566,450.9630126953125,19800,0.0,0.0
2007-11-20 00:00:00+09:00,442.09512586455685,447.7186584472656,442.09512586455685,447.7186584472656,19800,0.0,0.0
2007-11-21 00:00:00+09:00,448.151310258156,448.151310258156,441.23004150390625,441.23004150390625,19800,0.0,0.0
2007-11-22 00:00:00+09:00,442.527769951061,448.8001708984375,442.527769951061,448.8001708984375,19800,0.0,0.0
2007-11-26 00:00:00+09:00,455.28877690622244,466.10321044921875,452.04443892257655,466.10321044921875,19800,0.0,0.0
2007-11-27 00:00:00+09:00,457.01895763818453,462.8587646484375,457.01895763818453,462.8587646484375,19800,0.0,0.0
2007-11-28 00:00:00+09:00,476.91763932928507,480.1619770117972,472.5918425513584,474.7547607421875,66000,0.0,0.0
2007-11-29 00:00:00+09:00,475.83617397545,476.9176330566406,475.83617397545,476.9176330566406,66000,0.0,0.0
2007-11-30 00:00:00+09:00,476.6792835002843,501.7909851074219,476.6792835002843,501.7909851074219,66000,0.0,0.0
2007-12-03 00:00:00+09:00,505.0353680817808,505.0353680817808,497.46527099609375,497.46527099609375,66000,0.0,0.0
2007-12-04 00:00:00+09:00,490.9764709472656,490.9764709472656,490.9764709472656,490.9764709472656,66000,0.0,0.0
2007-12-05 00:00:00+09:00,490.97664009530394,514.7684326171875,490.97664009530394,514.7684326171875,66000,0.0,0.0
2007-12-06 00:00:00+09:00,508.0632345402686,508.27951049804693,508.0632345402686,508.2795104980469,66000,0.0,0.0
2007-12-07 00:00:00+09:00,526.231608489842,526.231608489842,524.5012817382812,524.5012817382812,66000,0.0,0.0
2007-12-10 00:00:00+09:00,535.0994116327885,535.0994116327885,532.0713500976562,532.0713500976562,66000,0.0,0.0
2007-12-11 00:00:00+09:00,526.6641373249568,526.6641373249568,523.4197998046875,523.4197998046875,66000,0.0,0.0
2007-12-12 00:00:00+09:00,523.8523485615714,532.0713500976562,523.8523485615714,532.0713500976562,66000,0.0,0.0
2007-12-13 00:00:00+09:00,525.5827452461674,525.5827452461674,515.8497314453125,515.8497314453125,66000,0.0,0.0
2007-12-14 00:00:00+09:00,527.5292807957854,527.5292807957854,523.4197998046875,523.4197998046875,66000,0.0,0.0
2007-12-17 00:00:00+09:00,525.799063586961,527.7456665039062,525.799063586961,527.7456665039062,66000,0.0,0.0
2007-12-18 00:00:00+09:00,527.7456508675906,530.9899889663744,527.7456508675906,529.9085693359375,68400,0.0,0.0
2007-12-19 00:00:00+09:00,520.1754406466857,520.1754406466857,508.27951049804693,508.2795104980469,66000,0.0,0.0
2007-12-20 00:00:00+09:00,515.8497182280823,515.8497182280823,498.54656982421875,498.54656982421875,66000,0.0,0.0
2007-12-21 00:00:00+09:00,498.5466275763419,519.0941162109375,498.5466275763419,519.0941162109375,66000,0.0,0.0
2007-12-25 00:00:00+09:00,524.501304454844,525.582763671875,524.501304454844,525.582763671875,66000,0.0,0.0
2007-12-26 00:00:00+09:00,519.0940032430854,523.4197998046875,519.0940032430854,523.4197998046875,11100,0.0,0.0
2007-12-27 00:00:00+09:00,517.7963060461957,522.33837890625,517.7963060461957,522.33837890625,11100,0.0,0.0
2007-12-28 00:00:00+09:00,518.0126474686591,519.0941067255832,512.6054303915133,513.6868896484375,12900,0.0,0.0
2008-01-04 00:00:00+09:00,505.0352892910224,506.1167485361487,477.9991645964972,488.8135986328125,23700,0.0,0.0
2008-01-07 00:00:00+09:00,499.6280354019863,499.6280354019863,496.3836975097657,496.3836975097656,11100,0.0,0.0
2008-01-08 00:00:00+09:00,496.38373414122276,496.38373414122276,488.8135986328125,488.8135986328125,11100,0.0,0.0
2008-01-09 00:00:00+09:00,488.81352453481435,488.81352453481435,476.9176330566406,476.9176330566406,11100,0.0,0.0
2008-01-10 00:00:00+09:00,477.3945870674503,477.3945870674503,474.7547607421875,474.7547607421875,11100,0.0,0.0
2008-01-11 00:00:00+09:00,467.40094432961445,467.40094432961445,465.02178955078125,465.02178955078125,11100,0.0,0.0
2008-01-15 00:00:00+09:00,461.99364858310645,461.99364858310645,456.3701171875,456.3701171875,11100,0.0,0.0
2008-01-16 00:00:00+09:00,456.37032288602387,456.37032288602387,419.384859629662,430.6319274902344,52800,0.0,0.0
2008-01-17 00:00:00+09:00,433.22735207754454,434.7413635253906,433.22735207754454,434.7413635253906,52800,0.0,0.0
2008-01-18 00:00:00+09:00,424.1430612773217,439.0670135043739,424.1430612773217,432.5783386230469,55500,0.0,0.0
2008-01-21 00:00:00+09:00,432.57844590978493,432.57844590978493,430.41552734375,430.41552734375,55500,0.0,0.0
2008-01-22 00:00:00+09:00,404.2444195910595,404.2444195910595,374.61279296875,374.61279296875,55500,0.0,0.0
2008-01-23 00:00:00+09:00,386.07618937279994,386.07618937279994,381.3178405761719,381.3178405761719,55500,0.0,0.0
2008-01-24 00:00:00+09:00,385.4273906174979,400.13507080078125,385.4273906174979,400.13507080078125,55500,0.0,0.0
2008-01-25 00:00:00+09:00,410.0842913244152,417.4381103515625,410.0842913244152,417.4381103515625,55500,0.0,0.0
2008-01-28 00:00:00+09:00,414.6264367569802,414.6264367569802,406.6237487792969,406.6237487792969,55500,0.0,0.0
2008-01-29 00:00:00+09:00,419.60108369265805,425.00830078125,419.60108369265805,425.00830078125,55500,0.0,0.0
2008-01-30 00:00:00+09:00,425.22455691491217,425.22455691491217,423.27795410156256,423.2779541015625,55500,0.0,0.0
2008-01-31 00:00:00+09:00,429.1176051947552,429.9827880859375,429.1176051947552,429.9827880859375,55500,0.0,0.0
2008-02-01 00:00:00+09:00,429.9829314759848,439.06707763671875,429.9829314759848,439.06707763671875,55500,0.0,0.0
2008-02-04 00:00:00+09:00,459.6145649166265,471.510498046875,459.6145649166265,471.510498046875,55500,0.0,0.0
2008-02-05 00:00:00+09:00,470.42910766601557,470.42910766601557,470.42910766601557,470.4291076660156,55500,0.0,0.0
2008-02-06 00:00:00+09:00,454.4235269948304,454.4235269948304,452.04437255859375,452.04437255859375,55500,0.0,0.0
2008-02-07 00:00:00+09:00,452.04435327417025,472.59179687500006,452.04435327417025,472.591796875,55500,0.0,0.0
2008-02-08 00:00:00+09:00,480.16191275167785,483.40625,480.16191275167785,483.40625,55500,0.0,0.0
2008-02-12 00:00:00+09:00,483.62264230893464,483.62264230893464,463.94033813476557,463.9403381347656,55500,0.0,0.0
2008-02-13 00:00:00+09:00,466.10315781290166,466.10315781290166,449.8814697265625,449.8814697265625,55500,0.0,0.0
2008-02-14 00:00:00+09:00,471.51048188610935,471.51048188610935,468.2661437988282,468.2661437988281,55500,0.0,0.0
2008-02-15 00:00:00+09:00,461.7774528735143,470.4290076286583,455.28877690622244,466.10321044921875,79200,0.0,0.0
2008-02-18 00:00:00+09:00,466.9683923355002,466.9683923355002,465.02178955078125,465.02178955078125,79200,0.0,0.0
2008-02-19 00:00:00+09:00,476.4852630933968,476.4852630933968,475.8363952636719,475.8363952636719,79200,0.0,0.0
2008-02-20 00:00:00+09:00,477.99914946130673,477.99914946130673,463.94033813476557,463.9403381347656,79200,0.0,0.0
2008-02-21 00:00:00+09:00,466.10312213711114,475.8361342439445,463.94024375905735,472.591796875,26700,0.0,0.0
2008-02-22 00:00:00+09:00,473.6733016467729,474.7547607421875,473.6733016467729,474.7547607421875,79200,0.0,0.0
2008-02-25 00:00:00+09:00,483.1900515313223,486.6506652832031,483.1900515313223,486.6506652832031,79200,0.0,0.0
2008-02-26 00:00:00+09:00,478.21537317275295,478.21537317275295,469.34750366210943,469.3475036621094,79200,0.0,0.0
2008-02-27 00:00:00+09:00,484.4878833756618,484.4878833756618,477.99920654296875,477.99920654296875,79200,0.0,0.0
2008-02-28 00:00:00+09:00,481.2314658184829,481.2314658184829,477.99920654296875,477.99920654296875,79200,0.0,0.0
2008-02-29 00:00:00+09:00,470.86154933018094,476.9176330566406,470.86154933018094,476.9176330566406,79200,0.0,0.0
2008-03-03 00:00:00+09:00,476.91768225615226,476.91768225615226,465.02178955078125,465.02178955078125,79200,0.0,0.0
2008-03-04 00:00:00+09:00,464.15652699508047,464.15652699508047,456.3701171875,456.3701171875,79200,0.0,0.0
2008-03-05 00:00:00+09:00,453.12579199189065,462.8588045139389,443.3927794698424,452.04437255859375,37500,0.0,0.0
2008-03-06 00:00:00+09:00,457.4515778244961,461.7773742675781,457.4515778244961,461.7773742675781,37500,0.0,0.0
2008-03-07 00:00:00+09:00,454.2073885128192,454.2073885128192,448.8001708984375,448.8001708984375,37500,0.0,0.0
2008-03-10 00:00:00+09:00,441.23003469268156,443.3929138183594,441.23003469268156,443.3929138183594,25200,0.0,0.0
2008-03-11 00:00:00+09:00,431.7133010259565,434.7413635253906,431.7133010259565,434.7413635253906,25200,0.0,0.0
2008-03-12 00:00:00+09:00,444.47429429305373,444.47429429305373,437.985618463958,439.06707763671875,21900,0.0,0.0
2008-03-13 00:00:00+09:00,435.39015092362865,435.39015092362865,432.14581298828125,432.14581298828125,21900,0.0,0.0
2008-03-14 00:00:00+09:00,443.39271939545046,443.39271939545046,437.9855041503907,437.9855041503906,53100,0.0,0.0
2008-03-17 00:00:00+09:00,432.57841325114447,432.57841325114447,420.4662048485022,423.92681884765625,27900,0.0,0.0
2008-03-18 00:00:00+09:00,422.1964763793791,422.6290283203125,422.1964763793791,422.6290283203125,27900,0.0,0.0
2008-03-19 00:00:00+09:00,430.84805650385533,431.064332487603,425.65711606404983,429.33404541015625,42300,0.0,0.0
2008-03-21 00:00:00+09:00,429.33402455302,449.8814697265625,429.33402455302,449.8814697265625,42300,0.0,0.0
2008-03-24 00:00:00+09:00,449.88144234784966,456.3701171875,449.88144234784966,456.3701171875,42300,0.0,0.0
2008-03-25 00:00:00+09:00,466.1032047728561,473.67333984374994,466.1032047728561,473.67333984375,42300,0.0,0.0
2008-03-26 00:00:00+09:00,463.66068441265224,468.7220153808594,463.66068441265224,468.7220153808594,42300,12.5,0.0
2008-03-27 00:00:00+09:00,475.10377812770764,475.3238220214844,475.10377812770764,475.3238220214844,42300,0.0,0.0
2008-03-28 00:00:00+09:00,476.42404381411086,478.6246032714844,476.42404381411086,478.6246032714844,42300,0.0,0.0
2008-03-31 00:00:00+09:00,476.2040395901491,477.5243835449218,476.2040395901491,477.5243835449219,42300,0.0,0.0
2008-04-01 00:00:00+09:00,479.2848158687045,479.2848158687045,467.6217651367188,467.62176513671875,42300,0.0,0.0
2008-04-02 00:00:00+09:00,478.6245643009525,478.6245643009525,470.92254638671875,470.92254638671875,42300,0.0,0.0
2008-04-03 00:00:00+09:00,463.660662605331,463.660662605331,457.71911621093756,457.7191162109375,42300,0.0,0.0
2008-04-04 00:00:00+09:00,451.1174332404398,451.1174332404398,442.3151550292969,442.3151550292969,42300,0.0,0.0
2008-04-07 00:00:00+09:00,442.31526084551444,442.31526084551444,439.45452880859375,439.45452880859375,42300,0.0,0.0
2008-04-08 00:00:00+09:00,434.1730251875405,434.1730251875405,427.351222671534,429.1116943359375,37200,0.0,0.0
2008-04-09 00:00:00+09:00,429.33179508668627,435.7134704589844,429.33179508668627,435.7134704589844,37200,0.0,0.0
2008-04-10 00:00:00+09:00,435.71349063162074,437.9140503853961,427.35129909735684,428.45159912109375,86700,0.0,0.0
2008-04-11 00:00:00+09:00,445.61608886718744,452.2178087022569,439.014369032118,445.6160888671875,47700,0.0,0.0
2008-04-14 00:00:00+09:00,445.17588071348626,446.71630859375,445.17588071348626,446.71630859375,47700,0.0,0.0
2008-04-15 00:00:00+09:00,460.79987686266315,463.22052001953125,460.79987686266315,463.22052001953125,47700,0.0,0.0
2008-04-16 00:00:00+09:00,463.4407702269094,463.4407702269094,453.3181457519531,453.3181457519531,47700,0.0,0.0
2008-04-17 00:00:00+09:00,459.9197082519531,459.9197082519531,459.9197082519531,459.9197082519531,47700,0.0,0.0
2008-04-18 00:00:00+09:00,456.398765065507,459.9197082519531,456.398765065507,459.9197082519531,47700,0.0,0.0
2008-04-21 00:00:00+09:00,473.1231384277344,473.1231384277344,473.1231384277344,473.1231384277344,47700,0.0,0.0
2008-04-22 00:00:00+09:00,473.3433638653236,473.3433638653236,456.61901855468744,456.6190185546875,47700,0.0,0.0
2008-04-23 00:00:00+09:00,477.5243835449218,478.6246836051324,468.7221039443366,477.5243835449219,48600,0.0,0.0
2008-04-24 00:00:00+09:00,477.96442131794674,477.96442131794674,468.7220153808594,468.7220153808594,48600,0.0,0.0
2008-04-25 00:00:00+09:00,475.3238027714809,476.4241027832031,475.3238027714809,476.4241027832031,48600,0.0,0.0
2008-04-28 00:00:00+09:00,481.7056140590138,481.7056140590138,479.72509765624994,479.72509765625,48600,0.0,0.0
2008-04-30 00:00:00+09:00,477.96447009363914,477.96447009363914,465.42120361328125,465.42120361328125,48600,0.0,0.0
2008-05-01 00:00:00+09:00,469.82235172921116,469.82235172921116,464.32089233398443,464.3208923339844,48600,0.0,0.0
2008-05-02 00:00:00+09:00,479.5047109406952,481.92535400390625,479.5047109406952,481.92535400390625,48600,0.0,0.0
2008-05-07 00:00:00+09:00,521.9759310357426,521.9759310357426,517.1346435546875,517.1346435546875,48600,0.0,0.0
2008-05-08 00:00:00+09:00,517.1347028961405,518.2350029578575,513.8338430046892,514.9341430664062,44700,0.0,0.0
2008-05-09 00:00:00+09:00,510.5329073097297,512.7335071064206,506.13178830373573,509.4326477050781,27600,0.0,0.0
2008-05-12 00:00:00+09:00,497.3294585697498,508.3323364257813,497.3294585697498,508.33233642578125,27600,0.0,0.0
2008-05-13 00:00:00+09:00,483.0257533823549,500.6303092971553,483.0257533823549,489.6274719238281,15900,0.0,0.0
2008-05-14 00:00:00+09:00,475.32374246425906,487.42687988281244,475.32374246425906,487.4268798828125,43800,0.0,0.0
2008-05-15 00:00:00+09:00,487.4269417256332,489.6275417490776,475.3238027714809,476.4241027832031,42000,0.0,0.0
2008-05-16 00:00:00+09:00,475.8239071278134,475.8239071278134,475.3238220214844,475.3238220214844,42000,0.0,0.0
2008-05-19 00:00:00+09:00,466.74158801217743,477.5243835449218,466.74158801217743,477.5243835449219,42000,0.0,0.0
2008-05-20 00:00:00+09:00,481.48543328055587,481.48543328055587,474.2235412597656,474.2235412597656,42000,0.0,0.0
2008-05-21 00:00:00+09:00,461.6802980293809,461.6802980293809,453.3181457519531,453.3181457519531,42000,0.0,0.0
2008-05-22 00:00:00+09:00,459.03948144410856,468.7220153808594,459.03948144410856,468.7220153808594,42000,0.0,0.0
2008-05-23 00:00:00+09:00,465.86126543679336,465.86126543679336,451.1174011230468,451.1174011230469,42000,0.0,0.0
2008-05-26 00:00:00+09:00,447.15643773595906,458.8194885253906,447.15643773595906,458.8194885253906,42000,0.0,0.0
2008-05-27 00:00:00+09:00,465.4211659398572,478.6246032714844,465.4211659398572,478.6246032714844,42000,0.0,0.0
2008-05-28 00:00:00+09:00,482.1455706496097,482.1455706496097,469.82238769531256,469.8223876953125,42000,0.0,0.0
2008-05-29 00:00:00+09:00,472.02296383126856,477.5243835449218,469.82240400454714,477.5243835449219,16500,0.0,0.0
2008-05-30 00:00:00+09:00,475.10377812770764,475.3238220214844,475.10377812770764,475.3238220214844,16500,0.0,0.0
2008-06-02 00:00:00+09:00,475.10377812770764,475.3238220214844,475.10377812770764,475.3238220214844,16500,0.0,0.0
2008-06-03 00:00:00+09:00,474.22340626684945,476.4240058425255,462.12026977539057,462.1202697753906,41700,0.0,0.0
2008-06-04 00:00:00+09:00,473.3432931326486,473.3432931326486,472.02294921875006,472.02294921875,41700,0.0,0.0
2008-06-05 00:00:00+09:00,472.02296383126856,479.724983665343,469.82240400454714,477.5243835449219,14400,0.0,0.0
2008-06-06 00:00:00+09:00,483.0257522861539,483.0257522861539,468.7220153808594,468.7220153808594,10500,0.0,0.0
2008-06-09 00:00:00+09:00,464.32089233398443,479.72493028818496,464.32089233398443,464.3208923339844,29700,0.0,0.0
2008-06-10 00:00:00+09:00,464.32089233398443,464.32089233398443,464.32089233398443,464.3208923339844,29700,0.0,0.0
2008-06-11 00:00:00+09:00,464.3209036486844,465.42120361328125,464.3209036486844,465.42120361328125,29700,0.0,0.0
2008-06-12 00:00:00+09:00,476.42404381411086,478.6246032714844,476.42404381411086,478.6246032714844,29700,0.0,0.0
2008-06-13 00:00:00+09:00,473.0285288457123,473.1231384277344,473.0285288457123,473.1231384277344,29700,0.0,0.0
2008-06-16 00:00:00+09:00,468.7219796477,478.6245566825105,468.7219796477,473.1231384277344,11400,0.0,0.0
2008-06-17 00:00:00+09:00,472.90315886317126,476.4241027832031,472.90315886317126,476.4241027832031,11400,0.0,0.0
2008-06-18 00:00:00+09:00,475.32380721799166,475.32380721799166,467.62178765128215,469.8223876953125,21000,0.0,0.0
2008-06-19 00:00:00+09:00,463.22057492005837,464.32083442693033,454.41825710294114,457.7191162109375,60600,0.0,0.0
2008-06-20 00:00:00+09:00,463.00049399423267,463.00049399423267,451.1174011230468,451.1174011230469,60600,0.0,0.0
2008-06-23 00:00:00+09:00,448.91697436701645,455.5186945782961,448.91697436701645,452.21783447265625,16500,0.0,0.0
2008-06-24 00:00:00+09:00,447.81659408568,447.81659408568,437.69397167132064,439.89453125,18000,0.0,0.0
2008-06-25 00:00:00+09:00,438.3540874094203,455.5185546875,438.3540874094203,455.5185546875,18000,0.0,0.0
2008-06-26 00:00:00+09:00,451.3375594614215,454.4183349609375,451.3375594614215,454.4183349609375,18000,0.0,0.0
2008-06-27 00:00:00+09:00,448.47678754854593,454.4183349609375,448.47678754854593,454.4183349609375,18000,0.0,0.0
2008-06-30 00:00:00+09:00,453.5380392323369,455.5185546875,453.5380392323369,455.5185546875,18000,0.0,0.0
2008-07-01 00:00:00+09:00,455.51871836411897,456.61901855468744,455.51871836411897,456.6190185546875,18000,0.0,0.0
2008-07-02 00:00:00+09:00,456.61888058886365,456.61888058886365,441.21484375,441.21484375,18000,0.0,0.0
2008-07-03 00:00:00+09:00,432.1925945010724,439.6745300292969,432.1925945010724,439.6745300292969,18000,0.0,0.0
2008-07-04 00:00:00+09:00,440.1146581052039,440.1146581052039,439.6745300292969,439.6745300292969,18000,0.0,0.0
2008-07-07 00:00:00+09:00,439.6744393731883,444.51568603515625,439.6744393731883,444.51568603515625,18000,0.0,0.0
2008-07-08 00:00:00+09:00,426.6910791738532,431.31228234286135,426.6910791738532,426.9111633300781,32700,0.0,0.0
2008-07-09 00:00:00+09:00,435.05322860188227,435.05322860188227,429.33172607421875,429.33172607421875,32700,0.0,0.0
2008-07-10 00:00:00+09:00,427.79140798251643,429.5518798828125,427.79140798251643,429.5518798828125,32700,0.0,0.0
2008-07-11 00:00:00+09:00,429.11168223250905,429.33172607421875,429.11168223250905,429.33172607421875,32700,0.0,0.0
2008-07-14 00:00:00+09:00,437.47384919111533,437.47384919111533,430.87213134765625,430.87213134765625,32700,0.0,0.0
2008-07-15 00:00:00+09:00,430.4321010802008,431.31231689453125,430.4321010802008,431.31231689453125,32700,0.0,0.0
2008-07-16 00:00:00+09:00,420.529480597119,425.37072753906256,420.529480597119,425.3707275390625,32700,0.0,0.0
2008-07-17 00:00:00+09:00,415.0280769406471,415.0280769406471,413.7077331542969,413.7077331542969,32700,0.0,0.0
2008-07-18 00:00:00+09:00,415.0281519621001,415.6883239746094,415.0281519621001,415.6883239746094,32700,0.0,0.0
2008-07-22 00:00:00+09:00,451.1174536005467,451.1174536005467,419.8693302910406,439.89453125,28800,0.0,0.0
2008-07-23 00:00:00+09:00,439.2343906773654,439.2343906773654,433.73297119140625,433.73297119140625,28800,0.0,0.0
2008-07-24 00:00:00+09:00,441.21492887924114,445.61608886718744,438.1341531520088,445.6160888671875,18900,0.0,0.0
2008-07-25 00:00:00+09:00,443.4155954618735,443.4155954618735,439.0144348144531,439.0144348144531,18900,0.0,0.0
2008-07-28 00:00:00+09:00,436.3735955009633,437.91398306242377,435.0532517929422,437.6939392089844,14700,0.0,0.0
2008-07-29 00:00:00+09:00,418.3289985346135,422.0699462890625,418.3289985346135,422.0699462890625,14700,0.0,0.0
2008-07-30 00:00:00+09:00,429.7718874943712,429.7718874943712,424.0503845214844,424.0503845214844,14700,0.0,0.0
2008-07-31 00:00:00+09:00,443.4154968261719,443.4154968261719,443.4154968261719,443.4154968261719,14700,0.0,0.0
2008-08-01 00:00:00+09:00,442.5353219906404,442.5353219906404,426.6911926269531,426.6911926269531,14700,0.0,0.0
2008-08-04 00:00:00+09:00,426.6911821546211,426.6911821546211,420.7496337890625,420.7496337890625,14700,0.0,0.0
2008-08-05 00:00:00+09:00,419.86932373046875,419.86932373046875,419.86932373046875,419.86932373046875,14700,0.0,0.0
2008-08-06 00:00:00+09:00,419.64928642128126,439.89453125,419.64928642128126,439.89453125,14700,0.0,0.0
2008-08-07 00:00:00+09:00,433.29287621389363,434.61322021484375,433.29287621389363,434.61322021484375,14700,0.0,0.0
2008-08-08 00:00:00+09:00,435.7135203135359,440.11468041460336,434.61322021484375,434.61322021484375,12000,0.0,0.0
2008-08-11 00:00:00+09:00,437.4738544650363,437.4738544650363,433.9529113769531,433.9529113769531,12000,0.0,0.0
2008-08-12 00:00:00+09:00,431.31242064207186,431.31242064207186,431.0923767089844,431.0923767089844,12000,0.0,0.0
2008-08-13 00:00:00+09:00,427.13133939831005,432.85284423828125,427.13133939831005,432.85284423828125,12000,0.0,0.0
2008-08-14 00:00:00+09:00,431.97251482480124,431.97251482480124,416.1283874511719,416.1283874511719,12000,0.0,0.0
2008-08-15 00:00:00+09:00,425.59083676883006,425.59083676883006,423.6103210449219,423.6103210449219,12000,0.0,0.0
2008-08-18 00:00:00+09:00,429.33180024774003,432.6326599121094,429.33180024774003,432.6326599121094,12000,0.0,0.0
2008-08-19 00:00:00+09:00,420.0893150196681,427.5712890625,420.0893150196681,427.5712890625,12000,0.0,0.0
2008-08-20 00:00:00+09:00,421.4097378819499,431.31231689453125,421.4097378819499,431.31231689453125,12000,0.0,0.0
2008-08-21 00:00:00+09:00,423.390207792648,424.9306356678787,420.9696044921875,420.9696044921875,9900,0.0,0.0
2008-08-22 00:00:00+09:00,421.1898445625423,426.47122192382807,421.1898445625423,426.4712219238281,9900,0.0,0.0
2008-08-25 00:00:00+09:00,426.6910216616032,433.9529113769531,426.6910216616032,433.9529113769531,9900,0.0,0.0
2008-08-26 00:00:00+09:00,422.95014711841367,432.41259765625,422.95014711841367,432.41259765625,9900,0.0,0.0
2008-08-27 00:00:00+09:00,435.7134587863623,435.7134587863623,429.77191162109375,429.77191162109375,9900,0.0,0.0
2008-08-28 00:00:00+09:00,421.62975943286585,424.2704467773437,421.62975943286585,424.27044677734375,9900,0.0,0.0
2008-08-29 00:00:00+09:00,423.93105565330995,439.89453125,423.93105565330995,439.89453125,9900,0.0,0.0
2008-09-01 00:00:00+09:00,440.1146378349513,440.1146378349513,423.83038330078125,423.83038330078125,9900,0.0,0.0
2008-09-02 00:00:00+09:00,422.2900085449218,422.2900085449218,422.2900085449218,422.2900085449219,9900,0.0,0.0
2008-09-03 00:00:00+09:00,424.0503845214844,424.0503845214844,424.0503845214844,424.0503845214844,9900,0.0,0.0
2008-09-04 00:00:00+09:00,423.8303216021994,425.1506652832031,423.8303216021994,425.1506652832031,9900,0.0,0.0
2008-09-05 00:00:00+09:00,417.22859223331017,417.22859223331017,416.56842041015625,416.56842041015625,9900,0.0,0.0
2008-09-08 00:00:00+09:00,426.4710431025543,426.6910869691053,418.1088523555864,424.7105712890625,16500,0.0,0.0
2008-09-09 00:00:00+09:00,424.71045119762914,424.71045119762914,418.1087341308594,418.1087341308594,16500,0.0,0.0
2008-09-10 00:00:00+09:00,418.54896225046775,428.01141221396347,415.9082747914743,424.4905090332031,32400,0.0,0.0
2008-09-11 00:00:00+09:00,424.71053729163805,429.1116963262143,424.71053729163805,425.1506652832031,24900,0.0,0.0
2008-09-12 00:00:00+09:00,431.7523995454352,431.7523995454352,424.4905090332031,424.4905090332031,24900,0.0,0.0
2008-09-16 00:00:00+09:00,424.7105619720955,424.7105619720955,402.48480224609375,402.48480224609375,24900,0.0,0.0
2008-09-17 00:00:00+09:00,401.1644661158243,401.1644661158243,389.28137207031256,389.2813720703125,24900,0.0,0.0
2008-09-18 00:00:00+09:00,389.281329007166,455.5185546875,389.281329007166,455.5185546875,24900,0.0,0.0
2008-09-19 00:00:00+09:00,416.7884521484375,416.7884521484375,416.7884521484375,416.7884521484375,24900,0.0,0.0
2008-09-22 00:00:00+09:00,418.1088220967432,418.1088220967432,388.8412170410156,388.8412170410156,24900,0.0,0.0
2008-09-24 00:00:00+09:00,403.80520965531883,408.2063293457031,403.80520965531883,408.2063293457031,24900,0.0,0.0
2008-09-25 00:00:00+09:00,419.54847412454103,419.54847412454103,416.8533020019531,416.8533020019531,24900,12.5,0.0
2008-09-26 00:00:00+09:00,416.17952108978534,416.17952108978534,401.5806579589844,401.5806579589844,24900,0.0,0.0
2008-09-29 00:00:00+09:00,401.1314068729658,403.3774108886719,401.1314068729658,403.3774108886719,24900,0.0,0.0
2008-09-30 00:00:00+09:00,389.9016173771669,400.9068908691406,389.9016173771669,400.9068908691406,24900,0.0,0.0
2008-10-01 00:00:00+09:00,400.9068676057409,411.0137634277344,400.9068676057409,411.0137634277344,24900,0.0,0.0
2008-10-02 00:00:00+09:00,397.0886713465907,397.0886713465907,393.2705383300781,393.2705383300781,24900,0.0,0.0
2008-10-03 00:00:00+09:00,390.1261647790947,390.1261647790947,389.9015808105469,389.9015808105469,24900,0.0,0.0
2008-10-06 00:00:00+09:00,387.8802017184272,389.9015808105469,387.8802017184272,389.9015808105469,24900,0.0,0.0
2008-10-07 00:00:00+09:00,370.8107207175058,370.8107207175058,369.463134765625,369.463134765625,24900,0.0,0.0
2008-10-08 00:00:00+09:00,330.1585950163776,330.1585950163776,329.9339904785156,329.9339904785156,24900,0.0,0.0
2008-10-09 00:00:00+09:00,322.74685695003586,322.74685695003586,322.29766845703125,322.29766845703125,24900,0.0,0.0
2008-10-10 00:00:00+09:00,316.0089452044835,316.0089452044835,298.93951416015625,298.93951416015625,24900,0.0,0.0
2008-10-14 00:00:00+09:00,326.3404354694951,326.3404354694951,311.0677795410156,311.0677795410156,24900,0.0,0.0
2008-10-15 00:00:00+09:00,319.8270425130027,326.5649719238281,319.8270425130027,326.5649719238281,24900,0.0,0.0
2008-10-16 00:00:00+09:00,314.4368000607056,322.9715270996094,314.4368000607056,322.9715270996094,24900,0.0,0.0
2008-10-17 00:00:00+09:00,333.0783990231251,333.9767761230469,319.1533277864653,333.9767761230469,18900,0.0,0.0
2008-10-20 00:00:00+09:00,335.9981084195085,335.9981084195085,335.0997314453125,335.0997314453125,18900,0.0,0.0
2008-10-21 00:00:00+09:00,335.0997092691223,345.6557922363281,335.0997092691223,345.6557922363281,18900,0.0,0.0
2008-10-22 00:00:00+09:00,347.452633479636,347.452633479636,338.91790771484375,338.91790771484375,18900,0.0,0.0
2008-10-23 00:00:00+09:00,307.92345006133576,315.78436279296875,307.92345006133576,315.78436279296875,18900,0.0,0.0
2008-10-24 00:00:00+09:00,330.1586301518713,330.1586301518713,307.6988525390625,307.6988525390625,18900,0.0,0.0
2008-10-27 00:00:00+09:00,307.6988367470715,307.6988367470715,296.2443542480469,296.2443542480469,18900,0.0,0.0
2008-10-28 00:00:00+09:00,287.7096269881116,291.97698974609375,287.7096269881116,291.97698974609375,18900,0.0,0.0
2008-10-29 00:00:00+09:00,303.4314468817586,311.7415466308594,303.4314468817586,311.7415466308594,18900,0.0,0.0
2008-10-30 00:00:00+09:00,311.29245914393454,312.19085693359375,311.29245914393454,312.19085693359375,18900,0.0,0.0
2008-10-31 00:00:00+09:00,312.864650135204,312.864650135204,312.19085693359375,312.19085693359375,18900,0.0,0.0
2008-11-04 00:00:00+09:00,312.4153945277564,312.4153945277564,301.1855163574219,301.1855163574219,41400,0.0,0.0
2008-11-05 00:00:00+09:00,301.85930582682295,323.4206848144531,301.85930582682295,323.4206848144531,41400,0.0,0.0
2008-11-06 00:00:00+09:00,323.86985744745687,343.1852722167969,323.86985744745687,343.1852722167969,41400,0.0,0.0
2008-11-07 00:00:00+09:00,340.04094966177405,340.04094966177405,334.6506042480469,334.6506042480469,41400,0.0,0.0
2008-11-10 00:00:00+09:00,341.8376610462325,341.8376610462325,335.99810791015625,335.99810791015625,41400,0.0,0.0
2008-11-11 00:00:00+09:00,326.78958594553757,327.46337890625,326.78958594553757,327.46337890625,41400,0.0,0.0
2008-11-12 00:00:00+09:00,326.3404214133827,326.3404214133827,322.5222473144531,322.5222473144531,41400,0.0,0.0
2008-11-13 00:00:00+09:00,311.29245914393454,312.19085693359375,311.29245914393454,312.19085693359375,41400,0.0,0.0
2008-11-14 00:00:00+09:00,312.41534448070473,312.41534448070473,311.9661560058594,311.9661560058594,41400,0.0,0.0
2008-11-17 00:00:00+09:00,311.9661560058594,311.9661560058594,311.9661560058594,311.9661560058594,41400,0.0,0.0
2008-11-18 00:00:00+09:00,312.4154237578922,314.21221923828125,312.4154237578922,314.21221923828125,41400,0.0,0.0
2008-11-19 00:00:00+09:00,313.08914644029613,313.762939453125,313.08914644029613,313.762939453125,41400,0.0,0.0
2008-11-20 00:00:00+09:00,314.4366904085935,314.4366904085935,307.24957275390625,307.24957275390625,41400,0.0,0.0
2008-11-21 00:00:00+09:00,307.47417724898423,307.47417724898423,307.24957275390625,307.24957275390625,41400,0.0,0.0
2008-11-25 00:00:00+09:00,307.69877548759644,307.69877548759644,300.9608459472656,300.9608459472656,66900,0.0,0.0
2008-11-26 00:00:00+09:00,301.18545045278637,301.18545045278637,300.9608459472656,300.9608459472656,66900,0.0,0.0
2008-11-27 00:00:00+09:00,301.4100388690433,302.0838317871094,301.4100388690433,302.0838317871094,66900,0.0,0.0
2008-11-28 00:00:00+09:00,302.30852133335054,314.4367980957031,302.30852133335054,314.4367980957031,66900,0.0,0.0
2008-12-01 00:00:00+09:00,314.4367759055044,314.4367759055044,310.6186218261719,310.6186218261719,66900,0.0,0.0
2008-12-02 00:00:00+09:00,309.49560871960875,309.49560871960875,291.97698974609375,291.97698974609375,66900,0.0,0.0
2008-12-03 00:00:00+09:00,297.8165225497549,297.8165225497549,291.97698974609375,291.97698974609375,66900,0.0,0.0
2008-12-04 00:00:00+09:00,292.2015735703766,305.4528503417969,292.2015735703766,305.4528503417969,66900,0.0,0.0
2008-12-05 00:00:00+09:00,305.4529194318978,305.6775034533768,300.96095112680905,302.53314208984375,66900,0.0,0.0
2008-12-08 00:00:00+09:00,303.2068764727173,312.4153747558594,303.2068764727173,312.4153747558594,66900,0.0,0.0
2008-12-09 00:00:00+09:00,305.2282893808978,307.9234619140625,305.2282893808978,307.9234619140625,66900,0.0,0.0
2008-12-10 00:00:00+09:00,308.14805899986163,316.4581604003906,308.14805899986163,316.4581604003906,66900,0.0,0.0
2008-12-11 00:00:00+09:00,308.14794934715206,317.8056335449219,308.14794934715206,317.8056335449219,66900,0.0,0.0
2008-12-12 00:00:00+09:00,317.8057607650878,317.8057607650878,317.5811767578125,317.5811767578125,66900,0.0,0.0
2008-12-15 00:00:00+09:00,323.42063325959873,324.31903076171875,323.42063325959873,324.31903076171875,66900,0.0,0.0
2008-12-16 00:00:00+09:00,316.90735393410455,316.90735393410455,304.5544738769531,304.5544738769531,28200,0.0,0.0
2008-12-17 00:00:00+09:00,304.779121781743,304.779121781743,301.8593444824219,301.8593444824219,17100,0.0,0.0
2008-12-18 00:00:00+09:00,293.99834255876084,293.99834255876084,293.0999450683594,293.0999450683594,152700,0.0,0.0
2008-12-19 00:00:00+09:00,293.32458332615374,293.32458332615374,289.0572204589844,289.0572204589844,180000,0.0,0.0
2008-12-22 00:00:00+09:00,279.84868171311734,282.9930419921875,279.84868171311734,282.9930419921875,196200,0.0,0.0
2008-12-24 00:00:00+09:00,282.9930448718398,282.9930448718398,278.5010986328125,278.5010986328125,259800,0.0,0.0
2008-12-25 00:00:00+09:00,273.33537615610237,280.97170431048477,267.27123865299836,275.58135986328125,326700,0.0,0.0
2008-12-26 00:00:00+09:00,274.0090802032697,280.2978202030256,269.51713481060153,271.0893249511719,146700,0.0,0.0
2008-12-29 00:00:00+09:00,269.51718626208947,269.7417907714844,267.4958073651238,269.7417907714844,28800,0.0,0.0
2008-12-30 00:00:00+09:00,269.068011593027,271.76318359375,267.72042559266544,271.76318359375,18000,0.0,0.0
2009-01-05 00:00:00+09:00,280.7470351169581,283.89141569538646,270.86474609375,270.86474609375,18000,0.0,0.0
2009-01-06 00:00:00+09:00,270.8648186775079,270.8648186775079,263.00390625,263.00390625,279900,0.0,0.0
2009-01-07 00:00:00+09:00,278.27654153493097,278.27654153493097,276.4797668457031,276.4797668457031,52200,0.0,0.0
2009-01-08 00:00:00+09:00,286.5866375426342,286.5866375426342,282.31927490234375,282.31927490234375,105600,0.0,0.0
2009-01-09 00:00:00+09:00,291.07867921474696,300.73638916015625,291.07867921474696,300.73638916015625,127200,0.0,0.0
2009-01-13 00:00:00+09:00,294.67216914727726,294.67216914727726,289.50640869140625,289.50640869140625,128400,0.0,0.0
2009-01-14 00:00:00+09:00,298.7148742675781,299.8378556367606,293.9983237294718,298.7148742675781,76200,0.0,0.0
2009-01-15 00:00:00+09:00,294.44753079047416,294.44753079047416,293.54913330078125,293.54913330078125,38100,0.0,0.0
2009-01-16 00:00:00+09:00,297.8165325807712,298.93951416015625,297.8165325807712,298.93951416015625,70200,0.0,0.0
2009-01-19 00:00:00+09:00,298.26566526988233,300.96083700594306,297.3672883995477,298.7148742675781,43800,0.0,0.0
2009-01-20 00:00:00+09:00,298.9395314657277,298.9395314657277,296.4689636230469,296.4689636230469,51600,0.0,0.0
2009-01-21 00:00:00+09:00,298.4903075754778,298.4903075754778,295.7951354980469,295.7951354980469,78000,0.0,0.0
2009-01-22 00:00:00+09:00,296.01975794124866,298.93951416015625,296.01975794124866,298.93951416015625,35100,0.0,0.0
2009-01-23 00:00:00+09:00,298.9395934813363,300.73638916015625,298.9395934813363,300.73638916015625,38100,0.0,0.0
2009-01-26 00:00:00+09:00,300.96095071469614,300.96095071469614,297.81658935546875,297.81658935546875,45600,0.0,0.0
2009-01-27 00:00:00+09:00,312.63999532063804,323.4206848144531,311.51701368587675,323.4206848144531,41700,0.0,0.0
2009-01-28 00:00:00+09:00,323.6452141549037,329.7093505859375,323.6452141549037,329.7093505859375,29100,0.0,0.0
2009-01-29 00:00:00+09:00,336.22268239463506,336.22268239463506,327.23876953125,327.23876953125,45900,0.0,0.0
2009-01-30 00:00:00+09:00,327.4634751777644,333.3030090332031,327.4634751777644,333.3030090332031,40200,0.0,0.0
2009-02-02 00:00:00+09:00,333.3029363718586,335.0997314453125,333.3029363718586,335.0997314453125,40800,0.0,0.0
2009-02-03 00:00:00+09:00,329.0356043269378,329.0356043269378,328.5863952636719,328.5863952636719,5100,0.0,0.0
2009-02-04 00:00:00+09:00,328.1371968013733,335.0997314453125,328.1371968013733,335.0997314453125,11100,0.0,0.0
2009-02-05 00:00:00+09:00,334.65052511104255,334.65052511104255,331.50616455078125,331.50616455078125,31500,0.0,0.0
2009-02-06 00:00:00+09:00,327.01419721841233,332.404541015625,327.01419721841233,332.404541015625,16200,0.0,0.0
2009-02-09 00:00:00+09:00,319.1532503651611,319.1532503651611,316.90728759765625,316.90728759765625,11700,0.0,0.0
2009-02-10 00:00:00+09:00,311.9661532078725,319.15327155358915,309.49558577458583,316.0089111328125,15600,0.0,0.0
2009-02-12 00:00:00+09:00,284.5653010077282,284.5653010077282,274.9075927734375,274.9075927734375,21900,0.0,0.0
2009-02-13 00:00:00+09:00,274.45837800857447,278.27653180057115,272.21239430370645,276.0305480957031,22500,0.0,0.0
2009-02-16 00:00:00+09:00,298.490234375,298.490234375,298.490234375,298.490234375,17700,0.0,0.0
2009-02-17 00:00:00+09:00,296.9181438087281,296.9181438087281,282.0946960449219,282.0946960449219,14700,0.0,0.0
2009-02-18 00:00:00+09:00,274.4583812419705,274.4583812419705,271.98779296875,271.98779296875,14100,0.0,0.0
2009-02-19 00:00:00+09:00,276.2551152320341,278.5010986328125,276.2551152320341,278.5010986328125,11100,0.0,0.0
2009-02-20 00:00:00+09:00,272.8861580955738,272.8861580955738,267.2712097167969,267.2712097167969,39000,0.0,0.0
2009-02-23 00:00:00+09:00,261.8808410069173,261.8808410069173,258.28729248046875,258.28729248046875,14400,0.0,0.0
2009-02-24 00:00:00+09:00,256.2659863934803,256.2659863934803,256.0413818359375,256.0413818359375,9600,0.0,0.0
2009-02-25 00:00:00+09:00,257.8381701580464,257.8381701580464,241.4425506591797,241.4425506591797,72900,0.0,0.0
2009-02-26 00:00:00+09:00,241.66709008404425,260.5332946777344,241.66709008404425,260.5332946777344,19800,0.0,0.0
2009-02-27 00:00:00+09:00,279.62411848732165,279.62411848732165,275.1321716308594,275.1321716308594,34200,0.0,0.0
2009-03-02 00:00:00+09:00,275.3566809850607,291.5277099609375,275.3566809850607,291.5277099609375,24900,0.0,0.0
2009-03-03 00:00:00+09:00,282.0946347326493,290.85394287109375,282.0946347326493,290.85394287109375,7500,0.0,0.0
2009-03-04 00:00:00+09:00,286.3620624756151,296.2443542480469,286.3620624756151,296.2443542480469,22200,0.0,0.0
2009-03-05 00:00:00+09:00,303.431528606089,314.21221923828125,303.431528606089,314.21221923828125,42600,0.0,0.0
2009-03-06 00:00:00+09:00,293.5491459119223,293.5491459119223,289.9555969238281,289.9555969238281,42600,0.0,0.0
2009-03-09 00:00:00+09:00,295.12144207867334,295.12144207867334,274.0092468261719,274.0092468261719,9900,0.0,0.0
2009-03-10 00:00:00+09:00,274.2337951660156,274.2337951660156,274.2337951660156,274.2337951660156,3000,0.0,0.0
2009-03-11 00:00:00+09:00,278.50112710883405,278.50112710883405,274.6829528808594,274.6829528808594,16500,0.0,0.0
2009-03-12 00:00:00+09:00,274.6829648566769,285.01446533203125,274.6829648566769,285.01446533203125,18300,0.0,0.0
2009-03-13 00:00:00+09:00,280.29785866810096,285.239013671875,280.29785866810096,285.239013671875,53100,0.0,0.0
2009-03-16 00:00:00+09:00,284.5652368521411,284.5652368521411,284.11602783203125,284.11602783203125,19800,0.0,0.0
2009-03-17 00:00:00+09:00,279.1748773289613,279.1748773289613,276.92889404296875,276.92889404296875,43500,0.0,0.0
2009-03-18 00:00:00+09:00,281.4208787799712,281.4208787799712,273.5599670410156,273.5599670410156,29100,0.0,0.0
2009-03-19 00:00:00+09:00,265.2499092733441,269.51727294921875,265.2499092733441,269.51727294921875,45600,0.0,0.0
2009-03-23 00:00:00+09:00,276.7043979102774,276.7043979102774,275.3568115234375,275.3568115234375,44400,0.0,0.0
2009-03-24 00:00:00+09:00,278.27650907465386,278.27650907465386,271.76318359375,271.76318359375,53700,0.0,0.0
2009-03-25 00:00:00+09:00,264.3514353501805,264.5760192871094,264.3514353501805,264.5760192871094,69900,0.0,0.0
2009-03-26 00:00:00+09:00,272.017652962076,273.8494146812482,269.269999901853,273.3914794921875,36300,7.5,0.0
2009-03-27 00:00:00+09:00,274.07843139230937,274.07843139230937,270.4148864746094,270.4148864746094,28200,0.0,0.0
2009-03-30 00:00:00+09:00,276.3681220074993,276.3681220074993,266.0644226074219,266.0644226074219,20700,0.0,0.0
2009-03-31 00:00:00+09:00,266.29332548120027,268.35406494140625,266.29332548120027,268.35406494140625,7200,0.0,0.0
2009-04-01 00:00:00+09:00,260.34015407782425,266.29339599609375,260.34015407782425,266.29339599609375,14700,0.0,0.0
2009-04-02 00:00:00+09:00,266.5223187720746,279.57366943359375,266.5223187720746,279.57366943359375,30600,0.0,0.0
2009-04-03 00:00:00+09:00,283.69517151162125,284.1531066894531,283.69517151162125,284.1531066894531,31800,0.0,0.0
2009-04-06 00:00:00+09:00,284.38210203730927,288.5035817769804,279.3447309234012,281.176513671875,27300,0.0,0.0
2009-04-07 00:00:00+09:00,281.17646448043797,281.17646448043797,277.9708557128906,277.9708557128906,14100,0.0,0.0
2009-04-08 00:00:00+09:00,280.03161897661266,280.03161897661266,277.2839660644531,277.2839660644531,11700,0.0,0.0
2009-04-09 00:00:00+09:00,277.97086993481713,280.03160954956354,277.0549996368814,277.7419128417969,8100,0.0,0.0
2009-04-10 00:00:00+09:00,280.26050432628483,280.26050432628483,274.0782873190874,275.68109130859375,15600,0.0,0.0
2009-04-13 00:00:00+09:00,269.7280216173578,269.7280216173578,267.4383239746094,267.4383239746094,19800,0.0,0.0
2009-04-14 00:00:00+09:00,259.8821901295187,261.02703857421875,259.8821901295187,261.02703857421875,36300,0.0,0.0
2009-04-15 00:00:00+09:00,264.00366968595375,264.00366968595375,261.02703857421875,261.02703857421875,3600,0.0,0.0
2009-04-16 00:00:00+09:00,266.9802930232531,266.9802930232531,266.0644226074219,266.0644226074219,9900,0.0,0.0
2009-04-17 00:00:00+09:00,266.29343407931924,266.29343407931924,265.3775634765625,265.3775634765625,45600,0.0,0.0
2009-04-20 00:00:00+09:00,263.316650390625,266.0643023217866,262.8586944268177,263.316650390625,78300,0.0,0.0
2009-04-21 00:00:00+09:00,261.2559835586192,263.774658203125,261.2559835586192,263.774658203125,22800,0.0,0.0
2009-04-22 00:00:00+09:00,265.377436786375,272.47552490234375,265.377436786375,272.47552490234375,54000,0.0,0.0
2009-04-23 00:00:00+09:00,267.6671808718949,277.2839660644531,267.6671808718949,277.2839660644531,33900,0.0,0.0
2009-04-24 00:00:00+09:00,278.6578087215808,278.6578087215808,268.1251525878906,268.1251525878906,16800,0.0,0.0
2009-04-27 00:00:00+09:00,274.53628099167105,274.53628099167105,269.4989318847656,269.4989318847656,12000,0.0,0.0
2009-04-28 00:00:00+09:00,277.5129116187884,277.5129116187884,269.4989318847656,269.4989318847656,13200,0.0,0.0
2009-04-30 00:00:00+09:00,269.49893608438197,278.1998291015625,269.49893608438197,278.1998291015625,18900,0.0,0.0
2009-05-01 00:00:00+09:00,281.8634269618202,281.8634269618202,281.176513671875,281.176513671875,9300,0.0,0.0
2009-05-07 00:00:00+09:00,285.0689439319429,288.5035095214844,285.0689439319429,288.5035095214844,20700,0.0,0.0
2009-05-08 00:00:00+09:00,291.7091627906197,291.9381408691406,291.7091627906197,291.9381408691406,12900,0.0,0.0
2009-05-11 00:00:00+09:00,292.1671045221289,294.22784423828125,292.1671045221289,294.22784423828125,6600,0.0,0.0
2009-05-12 00:00:00+09:00,294.2278522881716,301.09698486328125,294.2278522881716,301.09698486328125,16200,0.0,0.0
2009-05-13 00:00:00+09:00,300.8680222201119,300.8680222201119,295.14373779296875,295.14373779296875,11700,0.0,0.0
2009-05-14 00:00:00+09:00,294.9146863824963,294.9146863824963,287.358642578125,287.358642578125,24600,0.0,0.0
2009-05-15 00:00:00+09:00,292.1670554601936,292.1670554601936,291.0221862792969,291.0221862792969,7800,0.0,0.0
2009-05-18 00:00:00+09:00,283.6951743811456,283.6951743811456,281.40545654296875,281.40545654296875,14400,0.0,0.0
2009-05-19 00:00:00+09:00,286.9007503401953,299.72314453125,286.9007503401953,299.72314453125,14400,0.0,0.0
2009-05-20 00:00:00+09:00,299.9521116104474,309.1109619140625,299.9521116104474,309.1109619140625,18300,0.0,0.0
2009-05-21 00:00:00+09:00,303.3866817463651,303.3866817463651,301.09698486328125,301.09698486328125,7200,0.0,0.0
2009-05-22 00:00:00+09:00,310.71382576224465,310.71382576224465,308.19512939453125,308.19512939453125,9600,0.0,0.0
2009-05-25 00:00:00+09:00,312.5455506606399,313.6903991699219,312.5455506606399,313.6903991699219,8100,0.0,0.0
2009-05-26 00:00:00+09:00,312.54544776782654,313.23236083984375,312.54544776782654,313.23236083984375,38100,0.0,0.0
2009-05-27 00:00:00+09:00,314.6062462711827,314.6062462711827,310.7137451171875,310.7137451171875,7200,0.0,0.0
2009-05-28 00:00:00+09:00,310.9426811604108,310.9426811604108,308.6529846191406,308.6529846191406,17100,0.0,0.0
2009-05-29 00:00:00+09:00,308.8819838435203,309.1109619140625,308.8819838435203,309.1109619140625,22500,0.0,0.0
2009-06-01 00:00:00+09:00,314.60629055510566,316.66703044957137,313.6903991699219,313.6903991699219,22500,0.0,0.0
2009-06-02 00:00:00+09:00,313.91932839790104,313.91932839790104,308.8819580078125,308.8819580078125,14100,0.0,0.0
2009-06-03 00:00:00+09:00,313.46143565322114,313.46143565322114,311.40069580078125,311.40069580078125,5400,0.0,0.0
2009-06-04 00:00:00+09:00,311.6296628652525,311.6296628652525,309.3399658203125,309.3399658203125,9300,0.0,0.0
2009-06-05 00:00:00+09:00,312.5455398682711,312.5455398682711,309.56890869140625,309.56890869140625,13200,0.0,0.0
2009-06-08 00:00:00+09:00,312.5455398682711,312.5455398682711,309.56890869140625,309.56890869140625,8400,0.0,0.0
2009-06-09 00:00:00+09:00,305.67638550092875,305.67638550092875,299.72314453125,299.72314453125,15600,0.0,0.0
2009-06-10 00:00:00+09:00,301.09699653858183,311.40069580078125,301.09699653858183,311.40069580078125,12900,0.0,0.0
2009-06-11 00:00:00+09:00,311.40069580078125,313.6903927726501,311.40069580078125,311.40069580078125,19200,0.0,0.0
2009-06-12 00:00:00+09:00,313.69037090437524,315.06419737689504,313.4614138009075,314.60626220703125,41400,0.0,0.0
2009-06-15 00:00:00+09:00,313.69037090437524,314.60626220703125,312.08758732838777,314.60626220703125,11400,0.0,0.0
2009-06-16 00:00:00+09:00,306.8212946501641,313.23249301531456,304.5315974191999,311.1717529296875,21600,0.0,0.0
2009-06-17 00:00:00+09:00,311.4006657313647,311.4006657313647,305.67638192858016,307.73712158203125,8400,0.0,0.0
2009-06-18 00:00:00+09:00,306.59233750482696,311.1717529296875,304.5315974191999,311.1717529296875,5700,0.0,0.0
2009-06-19 00:00:00+09:00,306.8212780505603,313.00349797297184,305.9054075928978,312.5455627441406,14400,0.0,0.0
2009-06-22 00:00:00+09:00,314.3772035089096,314.3772035089096,304.5314636230469,304.5314636230469,39300,0.0,0.0
2009-06-23 00:00:00+09:00,304.53156979281925,307.966136290622,302.2418518066406,302.2418518066406,17700,0.0,0.0
2009-06-24 00:00:00+09:00,306.1343078613281,306.36328591467657,306.1343078613281,306.1343078613281,6300,0.0,0.0
2009-06-25 00:00:00+09:00,313.23243573451145,315.98008867955105,310.0268476196081,314.60626220703125,43800,0.0,0.0
2009-06-26 00:00:00+09:00,314.60623815495603,320.5594787597656,311.4006502851242,320.5594787597656,20700,0.0,0.0
2009-06-29 00:00:00+09:00,331.77908369447044,331.77908369447044,326.97069117715927,328.11553955078125,9300,0.0,0.0
2009-06-30 00:00:00+09:00,331.32118543443147,336.5875136950785,331.32118543443147,332.4660339355469,15600,0.0,0.0
2009-07-01 00:00:00+09:00,332.46600245455824,354.9051818847656,332.46600245455824,354.9051818847656,41700,0.0,0.0
2009-07-02 00:00:00+09:00,354.67616141958644,362.23220647318925,351.69955158587595,356.04998779296875,13800,0.0,0.0
2009-07-03 00:00:00+09:00,354.6761747842917,354.6761747842917,333.83982131146735,344.37249755859375,27000,0.0,0.0
2009-07-06 00:00:00+09:00,344.37249223589885,351.47058134751285,344.37249223589885,349.8677978515625,6600,0.0,0.0
2009-07-07 00:00:00+09:00,354.44719969739043,358.7976358475908,354.44719969739043,358.3397216796875,9000,0.0,0.0
2009-07-08 00:00:00+09:00,358.1107226698827,358.3397216796875,350.5546986780199,358.3397216796875,29100,0.0,0.0
2009-07-09 00:00:00+09:00,351.4706044471605,357.65284463402384,351.0126692700675,352.8444519042969,13500,0.0,0.0
2009-07-10 00:00:00+09:00,353.0734558105469,357.19493583946377,353.0734558105469,353.0734558105469,12300,0.0,0.0
2009-07-13 00:00:00+09:00,356.279037998124,358.3397778542972,353.3023858108562,358.11077880859375,10800,0.0,0.0
2009-07-14 00:00:00+09:00,358.3397578811277,358.5687149882098,352.6154528713573,352.8444519042969,30000,0.0,0.0
2009-07-15 00:00:00+09:00,359.48459682386743,359.48459682386743,343.4566345214844,343.4566345214844,15300,0.0,0.0
2009-07-16 00:00:00+09:00,359.48455637220553,359.48455637220553,350.32572779086627,353.3023376464844,12600,0.0,0.0
2009-07-17 00:00:00+09:00,359.4845597801244,366.3536917627119,355.8210366980293,365.6667785644531,28200,0.0,0.0
2009-07-21 00:00:00+09:00,386.2741639020276,388.5639024505651,370.017246607019,375.0545959472656,46200,0.0,0.0
2009-07-22 00:00:00+09:00,374.8255871516343,375.05454420455976,367.04054424200035,371.3910217285156,15900,0.0,0.0
2009-07-23 00:00:00+09:00,371.3911133937845,371.3911133937845,357.194892165757,357.8818054199219,28500,0.0,0.0
2009-07-24 00:00:00+09:00,366.353759765625,366.353759765625,360.62949602621063,366.353759765625,12000,0.0,0.0
2009-07-27 00:00:00+09:00,373.2228511455778,376.65741738902136,367.04063190737946,374.1387634277344,22200,0.0,0.0
2009-07-28 00:00:00+09:00,374.13879897645415,374.13879897645415,361.31640314066186,364.0640563964844,15900,0.0,0.0
2009-07-29 00:00:00+09:00,370.70420539826847,373.68081556658876,367.49859619140625,367.49859619140625,9900,0.0,0.0
2009-07-30 00:00:00+09:00,374.367682767875,375.0545959472656,368.6434202482378,375.0545959472656,23700,0.0,0.0
2009-07-31 00:00:00+09:00,375.0546198644007,375.2835769635137,370.4751844011496,372.7649230957031,31500,0.0,0.0
2009-08-03 00:00:00+09:00,375.0545605746183,377.11529991843486,362.69012451171875,362.69012451171875,28500,0.0,0.0
2009-08-04 00:00:00+09:00,366.5826607323147,366.5826607323147,350.554680432373,353.53131103515625,48300,0.0,0.0
2009-08-05 00:00:00+09:00,357.19491652144376,364.75096283247433,356.0500470444856,363.37713623046875,9900,0.0,0.0
2009-08-06 00:00:00+09:00,362.9191263405241,364.0639956480354,351.24162291474073,362.4612121582031,44700,0.0,0.0
2009-08-07 00:00:00+09:00,362.23227358398225,364.0640563964844,357.19492325692806,364.0640563964844,27300,0.0,0.0
2009-08-10 00:00:00+09:00,366.1247963383513,366.353753467716,358.11079370024845,364.0640563964844,20400,0.0,0.0
2009-08-11 00:00:00+09:00,364.06393655762895,366.3536328751617,358.5686318548723,359.7135009765625,27000,0.0,0.0
2009-08-12 00:00:00+09:00,359.7136320546451,361.54537300581063,351.92858627167124,353.0734558105469,26400,0.0,0.0
2009-08-13 00:00:00+09:00,353.7602495791307,375.0545558644764,353.7602495791307,368.1854248046875,17700,0.0,0.0
2009-08-14 00:00:00+09:00,368.1855362802182,370.9331895360407,359.4846203281597,364.0640563964844,22800,0.0,0.0
2009-08-17 00:00:00+09:00,357.19484882733303,373.2228088378906,357.19484882733303,373.2228088378906,32700,0.0,0.0
2009-08-18 00:00:00+09:00,373.22281095369294,377.80224609375,355.5920674198866,377.80224609375,65700,0.0,0.0
2009-08-19 00:00:00+09:00,375.9704333826766,376.6573465020882,368.1854320046281,376.1994323730469,81900,0.0,0.0
2009-08-20 00:00:00+09:00,369.5592999818356,375.9704758451452,369.3303428914562,372.9938659667969,53100,0.0,0.0
2009-08-21 00:00:00+09:00,370.933100733342,375.0545796303791,363.6060131633255,369.101318359375,17700,0.0,0.0
2009-08-24 00:00:00+09:00,373.451832075542,375.2835726993445,367.26961313703373,369.3303527832031,20100,0.0,0.0
2009-08-25 00:00:00+09:00,366.3536839835062,373.90972900390625,364.0639873465483,373.90972900390625,14700,0.0,0.0
2009-08-26 00:00:00+09:00,373.22285516774974,377.80229085031226,372.764940947594,377.5733337402344,19800,0.0,0.0
2009-08-27 00:00:00+09:00,377.5732585572622,377.5732585572622,364.521909290329,367.2695617675781,15900,0.0,0.0
2009-08-28 00:00:00+09:00,377.3443389988182,381.00790435690607,361.0874197035401,367.49859619140625,31500,0.0,0.0
2009-08-31 00:00:00+09:00,374.3678023112786,383.5266336524736,353.98935750681306,357.6529235839844,50400,0.0,0.0
2009-09-02 00:00:00+09:00,358.7976609278823,358.7976609278823,334.29776286470246,346.6622009277344,73200,0.0,0.0
2009-09-03 00:00:00+09:00,346.6622877489093,356.7370105950881,345.0595037960899,346.8912658691406,30000,0.0,0.0
2009-09-04 00:00:00+09:00,346.8911414335874,356.9658816287246,339.10611873060424,345.9752502441406,36300,0.0,0.0
2009-09-07 00:00:00+09:00,348.49392689719605,351.6995144422311,344.37244821232616,344.83038330078125,15300,0.0,0.0
2009-09-08 00:00:00+09:00,345.5173263401661,356.9658932094254,345.5173263401661,353.7602844238281,23700,0.0,0.0
2009-09-09 00:00:00+09:00,353.7603044761434,355.5920870182952,344.37249755859375,344.37249755859375,34500,0.0,0.0
2009-09-10 00:00:00+09:00,351.01265961627945,363.6060548248788,349.1808979953571,354.9051818847656,31200,0.0,0.0
2009-09-11 00:00:00+09:00,355.1341596921573,361.5453362206625,352.84446277323235,356.9659423828125,44400,0.0,0.0
2009-09-14 00:00:00+09:00,370.70428716086917,370.70428716086917,355.1342357695087,358.7977600097656,30900,0.0,0.0
2009-09-15 00:00:00+09:00,358.79767753012607,360.4005030815519,346.4332598578973,348.9519348144531,19800,0.0,0.0
2009-09-16 00:00:00+09:00,345.74636487229895,359.4846097855803,345.74636487229895,350.0968017578125,23400,0.0,0.0
2009-09-17 00:00:00+09:00,356.73694727363403,360.4005126953125,349.86783547824035,360.4005126953125,12600,0.0,0.0
2009-09-18 00:00:00+09:00,356.05003399780173,360.4005126953125,350.3257706744854,360.4005126953125,25500,0.0,0.0
2009-09-21 00:00:00+09:00,360.4005126953125,360.4005126953125,360.4005126953125,360.4005126953125,0,0.0,0.0
2009-09-24 00:00:00+09:00,378.26024291986664,396.5779016009938,371.1621113995117,374.1387634277344,35700,0.0,0.0
2009-09-25 00:00:00+09:00,376.80865106562146,391.89958471801845,374.4869853157254,382.1485290527344,15300,7.5,0.0
2009-09-28 00:00:00+09:00,382.1485408083579,389.11358078353317,371.93313467435746,372.629638671875,22800,0.0,0.0
2009-09-29 00:00:00+09:00,372.6296003492225,373.5582580799957,355.6813310674492,363.3428955078125,36300,0.0,0.0
2009-09-30 00:00:00+09:00,363.5750741381164,379.59466552734375,363.5750741381164,379.59466552734375,16800,0.0,0.0
2009-10-01 00:00:00+09:00,375.8799768856114,376.1121306971142,366.5932292683214,374.4869689941406,21600,0.0,0.0
2009-10-02 00:00:00+09:00,364.50378531842387,364.7359816843994,349.41287076874164,351.73455810546875,43800,0.0,0.0
2009-10-05 00:00:00+09:00,352.1988438783437,371.4687805175781,352.1988438783437,371.4687805175781,22800,0.0,0.0
2009-10-06 00:00:00+09:00,378.43379964826835,378.43379964826835,360.3246969011169,365.896728515625,19500,0.0,0.0
2009-10-07 00:00:00+09:00,365.89668676636904,376.1120910644531,365.89668676636904,376.1120910644531,13200,0.0,0.0
2009-10-08 00:00:00+09:00,375.8801115324317,378.20177801280215,368.9150695800781,368.9150695800781,24000,0.0,0.0
2009-10-09 00:00:00+09:00,369.1470875337805,377.7372886078684,366.1289179696365,376.57647705078125,15900,0.0,0.0
2009-10-13 00:00:00+09:00,366.3611761365798,368.68284242330617,362.4143051890301,363.1108093261719,45300,0.0,0.0
2009-10-14 00:00:00+09:00,362.4142348973707,365.20025090557914,350.57368811810016,358.4674072265625,53400,0.0,0.0
2009-10-15 00:00:00+09:00,358.23517755230205,364.2715591788292,355.9135119318962,356.6100158691406,26100,0.0,0.0
2009-10-16 00:00:00+09:00,356.8421720359941,363.8072114544665,348.25197092362043,353.5918273925781,39000,0.0,0.0
2009-10-19 00:00:00+09:00,354.28829927630125,359.8603515625,351.2701299718075,359.8603515625,30300,0.0,0.0
2009-10-20 00:00:00+09:00,366.8254431962055,366.8254431962055,357.538695133214,361.4855651855469,33900,0.0,0.0
2009-10-21 00:00:00+09:00,361.25341122397407,361.71771886908465,357.7708913294988,358.2351989746094,14400,0.0,0.0
2009-10-22 00:00:00+09:00,358.4673711864568,360.5568829825348,352.1988145426096,356.3778381347656,15900,0.0,0.0
2009-10-23 00:00:00+09:00,360.78902785650155,363.1106934020294,352.43098087913086,359.628173828125,26700,0.0,0.0
2009-10-26 00:00:00+09:00,366.5932286830189,375.64777996312256,354.98483669116746,367.9862365722656,44700,0.0,0.0
2009-10-27 00:00:00+09:00,369.6114249474679,369.6114249474679,355.68132539623747,359.628173828125,51900,0.0,0.0
2009-10-28 00:00:00+09:00,364.7358996456589,366.82541140204165,358.4673643765108,365.4324035644531,19200,0.0,0.0
2009-10-29 00:00:00+09:00,362.8785657288292,363.1107195467299,350.57366943359375,350.57366943359375,42000,0.0,0.0
2009-10-30 00:00:00+09:00,357.5387597137326,361.7177843435473,354.2884143090829,359.3961181640625,26700,0.0,0.0
2009-11-02 00:00:00+09:00,359.3960332042284,359.6281870139256,356.84217125265246,359.16387939453125,23400,0.0,0.0
2009-11-04 00:00:00+09:00,354.9848659297561,361.7177308638014,348.94850499770223,355.217041015625,27600,0.0,0.0
2009-11-05 00:00:00+09:00,355.9134847724008,364.50368517249456,352.8952941894531,352.8952941894531,78300,0.0,0.0
2009-11-06 00:00:00+09:00,361.9499152028691,363.8072308057698,355.21702923647393,358.2351989746094,46200,0.0,0.0
2009-11-09 00:00:00+09:00,365.2003038755795,365.2003038755795,353.5919092428584,356.8422546386719,50400,0.0,0.0
2009-11-10 00:00:00+09:00,356.842174727312,362.41420630411443,353.1275011798528,353.8240051269531,37500,0.0,0.0
2009-11-11 00:00:00+09:00,354.28837937733573,356.3778914862236,347.7876892089844,347.7876892089844,31500,0.0,0.0
2009-11-12 00:00:00+09:00,352.4310494779281,352.4310494779281,341.0548095703125,341.0548095703125,24900,0.0,0.0
2009-11-13 00:00:00+09:00,337.10793672596895,341.28696073496855,336.8757616402639,339.19744873046875,49500,0.0,0.0
2009-11-16 00:00:00+09:00,343.6086221721768,343.6086221721768,337.572240439429,338.0365905761719,25800,0.0,0.0
2009-11-17 00:00:00+09:00,336.6436117525955,339.66178162403077,330.37507566568553,337.1079406738281,30000,0.0,0.0
2009-11-18 00:00:00+09:00,337.1079420006793,338.96527894853574,332.00023882455474,336.41143798828125,42300,0.0,0.0
2009-11-19 00:00:00+09:00,338.96531392580755,338.96531392580755,328.2855988040916,334.32196044921875,60300,0.0,0.0
2009-11-20 00:00:00+09:00,334.3218777067363,342.44774959357085,331.071533203125,331.071533203125,34500,0.0,0.0
2009-11-24 00:00:00+09:00,335.7150096933635,336.64368900455474,326.8926306317185,329.44647216796875,20400,0.0,0.0
2009-11-25 00:00:00+09:00,329.67852783203125,329.67852783203125,326.66033710618706,329.67852783203125,9600,0.0,0.0
2009-11-26 00:00:00+09:00,328.2855542384279,332.46457817672916,325.9638671875,325.9638671875,23400,0.0,0.0
2009-11-27 00:00:00+09:00,325.96390618015494,326.1960812897056,319.9275446323949,320.1596984863281,31500,0.0,0.0
2009-11-30 00:00:00+09:00,318.0701832556952,330.1429274925264,314.3555090717604,324.8030700683594,49200,0.0,0.0
2009-12-01 00:00:00+09:00,336.64359421992526,342.4477798277005,319.23099488537076,331.76806640625,49200,0.0,0.0
2009-12-02 00:00:00+09:00,331.53583583547106,336.1791877955822,322.71346073457676,326.6603088378906,43800,0.0,0.0
2009-12-03 00:00:00+09:00,331.303677348228,340.12607414545477,328.2855079884085,336.6435546875,62700,0.0,0.0
2009-12-04 00:00:00+09:00,335.94714373105285,335.94714373105285,329.21425674603864,334.32196044921875,19200,0.0,0.0
2009-12-07 00:00:00+09:00,336.64354960762114,346.85893277826995,332.23235127557183,337.80438232421875,37500,0.0,0.0
2009-12-08 00:00:00+09:00,342.44773083267023,342.44773083267023,334.32185939100924,339.8938903808594,36300,0.0,0.0
2009-12-09 00:00:00+09:00,340.12612912939835,346.8589940846585,336.8757629394531,336.8757629394531,82200,0.0,0.0
2009-12-10 00:00:00+09:00,341.5191358206736,342.9121438236735,337.8044407274689,339.19744873046875,33900,0.0,0.0
2009-12-11 00:00:00+09:00,348.25195557621106,352.89530789868974,341.05474140909854,346.85894775390625,55500,0.0,0.0
2009-12-14 00:00:00+09:00,348.7163128922118,348.7163128922118,327.58904003336374,333.16107177734375,58500,0.0,0.0
2009-12-15 00:00:00+09:00,338.9652776143741,339.89395671245484,336.1792615757474,337.1079406738281,27000,0.0,0.0
2009-12-16 00:00:00+09:00,334.5541271341897,347.78770440191494,334.5541271341897,340.12615966796875,57300,0.0,0.0
2009-12-17 00:00:00+09:00,339.6617985966099,346.39468519680406,337.8044615632546,345.69818115234375,47100,0.0,0.0
2009-12-18 00:00:00+09:00,345.69817452917937,348.25201555806643,345.4659994336019,345.9303283691406,35400,0.0,0.0
2009-12-21 00:00:00+09:00,345.001619541639,348.4841391828547,340.3582458496094,340.3582458496094,56400,0.0,0.0
2009-12-22 00:00:00+09:00,344.7694754776934,350.5736824867653,341.5191306055329,343.608642578125,42000,0.0,0.0
2009-12-24 00:00:00+09:00,348.25200358365294,359.6282215303086,347.7876746640799,352.1988525390625,42600,0.0,0.0
2009-12-25 00:00:00+09:00,355.6813444470593,356.84217728199917,351.9666708730062,352.4309997558594,13800,0.0,0.0
2009-12-28 00:00:00+09:00,354.7527160644531,357.074403182245,352.19885385819737,354.7527160644531,16500,0.0,0.0
2009-12-29 00:00:00+09:00,361.48556778278754,364.27158371945643,359.62820965459844,360.0925598144531,30000,0.0,0.0
2009-12-30 00:00:00+09:00,362.1820589532436,367.05758666992193,362.1820589532436,367.0575866699219,19500,0.0,0.0
2010-01-04 00:00:00+09:00,371.23659869517246,371.23659869517246,367.0575750700861,370.07574462890625,8700,0.0,0.0
2010-01-05 00:00:00+09:00,371.9332139053069,379.36260563188097,366.8255310058594,366.8255310058594,29400,0.0,0.0
2010-01-06 00:00:00+09:00,377.9695037597158,382.61283524186103,371.9331218194524,379.59466552734375,66900,0.0,0.0
2010-01-07 00:00:00+09:00,383.3094322164161,394.68569488368354,383.07727833935076,390.9709777832031,63000,0.0,0.0
2010-01-08 00:00:00+09:00,394.68554627533433,397.00721170554385,389.11351523385304,391.4351806640625,27300,0.0,0.0
2010-01-12 00:00:00+09:00,391.8996118952709,398.63245579024397,384.2380676269531,384.2380676269531,54900,0.0,0.0
2010-01-13 00:00:00+09:00,384.70229505757897,394.68554566562636,383.30928729936056,388.184814453125,40800,0.0,0.0
2010-01-14 00:00:00+09:00,385.39887003430175,388.18488606469725,378.66602630166653,382.61285400390625,27300,0.0,0.0
2010-01-15 00:00:00+09:00,380.75559339976553,385.39892578125,380.0590892914192,385.39892578125,18600,0.0,0.0
2010-01-18 00:00:00+09:00,382.8451057248047,387.72063448322933,381.9164052395181,385.39892578125,14100,0.0,0.0
2010-01-19 00:00:00+09:00,385.86321115620467,394.685609215866,385.39886099162356,393.9891052246094,26100,0.0,0.0
2010-01-20 00:00:00+09:00,385.8632589775219,397.00732421875,383.77374674479165,397.00732421875,52200,0.0,0.0
2010-01-21 00:00:00+09:00,397.00720689322,397.9358645518024,391.2030221324401,394.22119140625,21300,0.0,0.0
2010-01-22 00:00:00+09:00,384.9346008300781,394.453461544168,384.2380967528893,384.9346008300781,23400,0.0,0.0
2010-01-25 00:00:00+09:00,392.36388166970573,392.36388166970573,384.4701843261719,384.4701843261719,17100,0.0,0.0
2010-01-26 00:00:00+09:00,384.4702885313285,384.70244240954537,366.8255310058594,366.8255310058594,31500,0.0,0.0
2010-01-27 00:00:00+09:00,366.8254714303377,383.07721802460713,362.87860107421875,362.87860107421875,29700,0.0,0.0
2010-01-28 00:00:00+09:00,362.41433541705317,368.9150695800781,357.07449826107694,368.9150695800781,8700,0.0,0.0
2010-01-29 00:00:00+09:00,368.45055189758097,368.45055189758097,359.8603515625,359.8603515625,29400,0.0,0.0
2010-02-01 00:00:00+09:00,359.86034736310324,366.59318977234506,356.8421355826075,358.6994934082031,26400,0.0,0.0
2010-02-02 00:00:00+09:00,354.75269064415573,354.75269064415573,351.7344997328605,351.9666748046875,30900,0.0,0.0
2010-02-03 00:00:00+09:00,366.5932414681107,374.9512890950814,361.0212097167969,361.0212097167969,26400,0.0,0.0
2010-02-04 00:00:00+09:00,370.30799159419774,370.30799159419774,358.6995768775867,362.87860107421875,17100,0.0,0.0
2010-02-05 00:00:00+09:00,361.7176972385241,363.11070511301295,352.43099224567413,356.6100158691406,22500,0.0,0.0
2010-02-08 00:00:00+09:00,357.5387095159281,358.69956369830703,355.2170436624011,355.44921875,22800,0.0,0.0
2010-02-09 00:00:00+09:00,361.02119059640125,361.02119059640125,355.4491803958064,356.3778381347656,16200,0.0,0.0
2010-02-10 00:00:00+09:00,363.1106931966367,398.40023902931546,358.4673621082074,377.040771484375,65400,0.0,0.0
2010-02-12 00:00:00+09:00,380.5233405152847,380.5233405152847,364.50374840222,370.5401306152344,66600,0.0,0.0
2010-02-15 00:00:00+09:00,374.0225823971775,375.6477439417172,369.1470552523353,370.772216796875,30600,0.0,0.0
2010-02-16 00:00:00+09:00,377.0407377621496,386.3274841308594,373.55821850168877,386.3274841308594,27300,0.0,0.0
2010-02-17 00:00:00+09:00,386.32749503024263,394.22119140625,378.66595244107526,394.22119140625,33900,0.0,0.0
2010-02-18 00:00:00+09:00,395.8464354063578,415.11639404296875,395.8464354063578,415.11639404296875,56100,0.0,0.0
2010-02-19 00:00:00+09:00,410.70526203362937,414.884286602051,403.74022108625996,404.20452880859375,24300,0.0,0.0
2010-02-22 00:00:00+09:00,402.347175428543,423.70660400390625,402.347175428543,423.70660400390625,54000,0.0,0.0
2010-02-23 00:00:00+09:00,409.77643658276776,412.09814453125,404.4366018259498,412.09814453125,57000,0.0,0.0
2010-02-24 00:00:00+09:00,404.4365771249604,408.1512500999455,394.9176771444865,401.4183654785156,50400,0.0,0.0
2010-02-25 00:00:00+09:00,397.23942231825214,401.18629237428854,394.68560273307787,397.47161865234375,26700,0.0,0.0
2010-02-26 00:00:00+09:00,393.98918577567105,396.7752023102987,393.75698939029303,396.31085205078125,17700,0.0,0.0
2010-03-01 00:00:00+09:00,403.74013214732463,403.74013214732463,399.56110849948993,402.8114318847656,12300,0.0,0.0
2010-03-02 00:00:00+09:00,405.1331539906378,411.86599731445307,405.1331539906378,411.8659973144531,14400,0.0,0.0
2010-03-03 00:00:00+09:00,415.116395328256,417.6702575683594,408.8478591571917,417.6702575683594,21900,0.0,0.0
2010-03-04 00:00:00+09:00,408.847820597292,424.8674115235914,408.847820597292,422.5457458496094,32700,0.0,0.0
2010-03-05 00:00:00+09:00,423.7065999234525,429.2786321087964,422.7779420629724,429.0464782714844,28200,0.0,0.0
2010-03-08 00:00:00+09:00,431.6003044742538,431.6003044742538,426.26042657227447,428.58209228515625,33600,0.0,0.0
2010-03-09 00:00:00+09:00,427.42128068432953,429.975100215131,427.1890843551815,428.58209228515625,26100,0.0,0.0
2010-03-10 00:00:00+09:00,428.58215718676234,430.67166939814615,428.58215718676234,429.7430114746094,47700,0.0,0.0
2010-03-11 00:00:00+09:00,429.2786308304694,429.2786308304694,420.456274904101,426.49261474609375,27300,0.0,0.0
2010-03-12 00:00:00+09:00,427.1891784667969,427.1891784667969,420.6884875318606,427.1891784667969,40500,0.0,0.0
2010-03-15 00:00:00+09:00,417.9023540634889,431.3680824129038,417.9023540634889,425.7960510253906,17100,0.0,0.0
2010-03-16 00:00:00+09:00,424.8673864039577,433.2254333496094,424.63523260365355,433.2254333496094,14100,0.0,0.0
2010-03-17 00:00:00+09:00,434.1540713030351,441.1191101074219,433.9219175132966,441.1191101074219,14700,0.0,0.0
2010-03-18 00:00:00+09:00,441.5835891507332,459.69269533041626,441.5835891507332,452.9598083496094,27000,0.0,0.0
2010-03-19 00:00:00+09:00,452.95971461053784,463.8716238361515,451.56670673114996,457.60308837890625,24600,0.0,0.0
2010-03-23 00:00:00+09:00,457.3711170249635,461.7822962323339,451.7990832846035,455.0494079589844,30000,0.0,0.0
2010-03-24 00:00:00+09:00,462.01432881218375,462.01432881218375,448.7807521538883,456.9066467285156,30300,0.0,0.0
2010-03-25 00:00:00+09:00,453.88850047214135,457.8353285339419,452.95980003658315,457.1388244628906,80700,0.0,0.0
2010-03-26 00:00:00+09:00,459.69261798544085,464.5681457519531,455.28144036710114,464.5681457519531,50400,0.0,0.0
2010-03-29 00:00:00+09:00,461.847184655911,476.75311279296875,461.3739661470258,476.75311279296875,33300,12.5,0.0
2010-03-30 00:00:00+09:00,473.204171333436,496.6277770996094,468.9453339214045,496.6277770996094,35400,0.0,0.0
2010-03-31 00:00:00+09:00,496.86436049432706,505.1454476102772,495.2081604003906,495.2081604003906,54300,0.0,0.0
2010-04-01 00:00:00+09:00,488.583254101462,490.2394974531859,477.9361610823759,489.2930603027344,37200,0.0,0.0
2010-04-02 00:00:00+09:00,488.8198566129684,488.8198566129684,476.9897395056152,480.0655517578125,22500,0.0,0.0
2010-04-05 00:00:00+09:00,477.2264057668059,477.93621204376353,449.7805919398686,475.8067932128906,38700,0.0,0.0
2010-04-06 00:00:00+09:00,475.570248406454,480.30230512020205,473.2042417111505,479.5924987792969,32100,0.0,0.0
2010-04-07 00:00:00+09:00,473.20410426795695,486.690420828024,473.20410426795695,483.8511962890625,21300,0.0,0.0
2010-04-08 00:00:00+09:00,476.9897225455295,488.11003309750475,476.04332880691845,483.8511962890625,26100,0.0,0.0
2010-04-09 00:00:00+09:00,478.88244760426204,485.03407053159185,476.5163987954871,484.0876770019531,31800,0.0,0.0
2010-04-12 00:00:00+09:00,484.0877748257956,488.5831991539076,481.4851379394531,481.4851379394531,28800,0.0,0.0
2010-04-13 00:00:00+09:00,480.5388518486599,480.5388518486599,473.20420139196636,476.0434265136719,64200,0.0,0.0
2010-04-14 00:00:00+09:00,475.80674539562125,481.48519504061375,474.86035156250006,474.8603515625,39900,0.0,0.0
2010-04-15 00:00:00+09:00,479.3558102434134,489.2930978232491,475.5701913207117,486.21728515625,27300,0.0,0.0
2010-04-16 00:00:00+09:00,489.2931658223038,501.12328616913805,484.0879336648048,494.2618103027344,46500,0.0,0.0
2010-04-19 00:00:00+09:00,489.7662748448989,491.89569343118103,479.35576953758647,482.668212890625,33900,0.0,0.0
2010-04-20 00:00:00+09:00,479.1190993427397,485.98057249041796,475.5700689772379,480.7752990722656,28500,0.0,0.0
2010-04-21 00:00:00+09:00,496.39117099142544,501.1232272383096,487.16368947004014,489.7663269042969,44700,0.0,0.0
2010-04-22 00:00:00+09:00,488.5832915675466,488.5832915675466,477.9361977320083,486.21728515625,52500,0.0,0.0
2010-04-23 00:00:00+09:00,486.2172438677619,487.16363768728775,479.8289881089154,482.668212890625,34800,0.0,0.0
2010-04-26 00:00:00+09:00,483.14139659585305,488.5832148193306,483.14139659585305,486.45379638671875,63000,0.0,0.0
2010-04-27 00:00:00+09:00,482.9048046920883,488.81988525390625,481.48519228895316,488.81988525390625,31500,0.0,0.0
2010-04-28 00:00:00+09:00,482.66814634024377,482.66814634024377,468.9452428951416,471.3112487792969,48600,0.0,0.0
2010-04-30 00:00:00+09:00,471.7846620918664,474.387256642147,462.7937667026082,469.6552429199219,59700,0.0,0.0
2010-05-06 00:00:00+09:00,460.4275703972257,460.4275703972257,455.69551529887445,457.3517150878906,91200,0.0,0.0
2010-05-07 00:00:00+09:00,449.5439370997611,449.5439370997611,434.40141843627356,446.2315368652344,60000,0.0,0.0
2010-05-10 00:00:00+09:00,445.99482810409955,458.77133818231584,444.33862827574353,455.6955261230469,26700,0.0,0.0
2010-05-11 00:00:00+09:00,465.15971894944977,465.15971894944977,443.628942068759,450.49041748046875,36900,0.0,0.0
2010-05-12 00:00:00+09:00,451.90989721406913,473.20408017196047,449.07067281968364,457.3517150878906,57300,0.0,0.0
2010-05-13 00:00:00+09:00,466.81589389125605,470.60151253242344,458.5348070828741,468.9453125,63300,0.0,0.0
2010-05-14 00:00:00+09:00,459.0080464112917,460.19102792087796,450.7269592285156,450.7269592285156,55200,0.0,0.0
2010-05-17 00:00:00+09:00,445.2850043033617,458.06151387413627,442.6824108654727,450.0170593261719,73800,0.0,0.0
2010-05-18 00:00:00+09:00,458.77142187753884,458.77142187753884,443.39231545240455,452.85638427734375,75000,0.0,0.0
2010-05-19 00:00:00+09:00,443.62895993471824,449.30741062188264,439.8433405843222,446.70477294921875,26100,0.0,0.0
2010-05-20 00:00:00+09:00,439.3700775447272,442.445890248583,431.08899002125565,441.736083984375,25500,0.0,0.0
2010-05-21 00:00:00+09:00,423.990848980973,431.56212884026604,415.47317538544144,420.2052307128906,35400,0.0,0.0
2010-05-24 00:00:00+09:00,413.34371354519607,431.3254959057868,412.8705383883704,429.9058837890625,36000,0.0,0.0
2010-05-25 00:00:00+09:00,409.32159872020924,417.3660547216455,404.8261304732047,406.0091552734375,49800,0.0,0.0
2010-05-26 00:00:00+09:00,396.5450569622622,398.67447544835466,381.402496623518,390.8666076660156,70200,0.0,0.0
2010-05-27 00:00:00+09:00,393.2326913765942,397.9647478317992,389.92024752563685,397.018310546875,38100,0.0,0.0
2010-05-28 00:00:00+09:00,406.48245876866486,418.3125359496555,398.2013700834576,398.4379577636719,32700,0.0,0.0
2010-05-31 00:00:00+09:00,408.13864672742113,410.5046534268229,400.33077696394,404.35302734375,13200,0.0,0.0
2010-06-01 00:00:00+09:00,408.8483145574456,425.8836609973391,406.9554838453042,409.7947082519531,16500,0.0,0.0
2010-06-02 00:00:00+09:00,419.25891939577946,419.25891939577946,406.245775517915,406.718994140625,23700,0.0,0.0
2010-06-03 00:00:00+09:00,425.6470762677427,425.6470762677427,412.39734783987717,415.236572265625,29700,0.0,0.0
2010-06-04 00:00:00+09:00,425.173915054613,430.3791460955953,423.99089027674466,428.95953369140625,18300,0.0,0.0
2010-06-07 00:00:00+09:00,424.70059246900877,424.70059246900877,412.16071485179606,414.99993896484375,18000,0.0,0.0
2010-06-08 00:00:00+09:00,415.7099623773923,416.4197687768282,410.74131758134035,410.9779052734375,10800,0.0,0.0
2010-06-09 00:00:00+09:00,414.05364022936664,424.93736517707976,406.95557757787384,421.1517028808594,42600,0.0,0.0
2010-06-10 00:00:00+09:00,427.06678608270744,427.06678608270744,421.1517049618123,421.86151123046875,21900,0.0,0.0
2010-06-11 00:00:00+09:00,422.09809675464805,423.2810781929458,416.18301627063187,416.4196472167969,46200,0.0,0.0
2010-06-14 00:00:00+09:00,416.4195940828848,425.6470734044938,407.6652899469664,409.7947082519531,25500,0.0,0.0
2010-06-15 00:00:00+09:00,409.79477376855294,413.3438048442712,404.5895426318773,410.7412109375,18900,0.0,0.0
2010-06-16 00:00:00+09:00,417.6026611328125,420.20529848111676,414.2902608602092,417.6026611328125,22200,0.0,0.0
2010-06-17 00:00:00+09:00,415.23665609634264,419.02227498723,406.95556874169523,407.19219970703125,30300,0.0,0.0
2010-06-18 00:00:00+09:00,413.8169641893519,421.6248314382076,407.66529676436267,411.4509582519531,25500,0.0,0.0
2010-06-21 00:00:00+09:00,420.6785304888899,421.1517057868302,415.00008032851406,416.6562805175781,14700,0.0,0.0
2010-06-22 00:00:00+09:00,414.5268032445615,420.441840219679,407.42874154516835,412.1607971191406,26700,0.0,0.0
2010-06-23 00:00:00+09:00,410.7411976789457,422.33468437768124,407.9019729100201,416.4196472167969,33900,0.0,0.0
2010-06-24 00:00:00+09:00,415.0000589189755,416.4196713858327,414.05362172564776,414.2902526855469,38400,0.0,0.0
2010-06-25 00:00:00+09:00,404.8261394623519,412.87063896554923,397.9647081087906,403.6431579589844,35100,0.0,0.0
2010-06-28 00:00:00+09:00,402.22362530512015,410.268083081354,392.7595114615173,405.2994384765625,24300,0.0,0.0
2010-06-29 00:00:00+09:00,403.87980867461323,405.29942135888257,395.36213256899754,404.35302734375,55500,0.0,0.0
2010-06-30 00:00:00+09:00,406.48239345729394,407.19219970703125,396.3084749956352,407.19219970703125,39600,0.0,0.0
2010-07-01 00:00:00+09:00,403.6431252002324,406.24571895492784,394.6522325593945,398.2012634277344,33300,0.0,0.0
2010-07-02 00:00:00+09:00,396.0718686777137,402.2235369930835,395.3620624614454,400.8039245605469,18000,0.0,0.0
2010-07-05 00:00:00+09:00,401.7503531511965,402.4601594288488,398.4379094144401,402.22357177734375,18000,0.0,0.0
2010-07-06 00:00:00+09:00,401.7502746582031,402.2234931918941,397.49143782437056,401.7502746582031,19200,0.0,0.0
2010-07-07 00:00:00+09:00,397.01828212759165,400.3307257414383,394.17905712233323,397.72808837890625,17100,0.0,0.0
2010-07-08 00:00:00+09:00,401.7503531511965,402.22357177734375,393.4692654708741,402.22357177734375,15000,0.0,0.0
2010-07-09 00:00:00+09:00,401.75032054245827,402.22353913019595,400.0941204700769,401.51373291015625,37500,0.0,0.0
2010-07-12 00:00:00+09:00,398.6744539065475,405.0627090196446,397.4914292593759,404.11627197265625,16800,0.0,0.0
2010-07-13 00:00:00+09:00,402.2235754435877,402.2235754435877,392.759462773201,392.99609375,18900,0.0,0.0
2010-07-14 00:00:00+09:00,399.38426003022494,405.0627090196446,396.5450355355151,404.11627197265625,19200,0.0,0.0
2010-07-15 00:00:00+09:00,398.9111132388091,401.2771196354793,397.4915007361799,397.72808837890625,23100,0.0,0.0
2010-07-16 00:00:00+09:00,398.201309323802,401.9869282453122,396.308478201479,397.9647216796875,24900,0.0,0.0
2010-07-21 00:00:00+09:00,403.4065470906734,405.7725968615135,396.07189677659676,400.0941467285156,16500,0.0,0.0
2010-07-22 00:00:00+09:00,401.2771089550833,401.2771089550833,393.94245899443,394.1790466308594,12000,0.0,0.0
2010-07-23 00:00:00+09:00,399.62095830894896,401.2771586151864,399.62095830894896,400.5673522949219,4800,0.0,0.0
2010-07-26 00:00:00+09:00,400.5672450064597,400.5672450064597,390.39337158203125,390.39337158203125,19200,0.0,0.0
2010-07-27 00:00:00+09:00,397.2549130934535,398.4378946302209,395.3620819822361,397.72808837890625,11400,0.0,0.0
2010-07-28 00:00:00+09:00,401.9868622634843,403.1698869361473,397.2548502190894,401.7502746582031,23100,0.0,0.0
2010-07-29 00:00:00+09:00,395.8353070642926,401.98693246086555,395.8353070642926,399.38433837890625,10200,0.0,0.0
2010-07-30 00:00:00+09:00,399.38434609375486,399.38434609375486,388.50062096994276,391.57647705078125,30000,0.0,0.0
2010-08-02 00:00:00+09:00,398.6744819184612,398.6744819184612,387.0809522017192,393.4692077636719,12300,0.0,0.0
2010-08-03 00:00:00+09:00,396.308531597105,402.4602010811325,396.308531597105,401.04058837890625,30300,0.0,0.0
2010-08-04 00:00:00+09:00,401.0404944595638,406.2457253743373,401.0404944595638,405.5359191894531,34800,0.0,0.0
2010-08-05 00:00:00+09:00,408.3751171933372,445.9948425292969,408.3751171933372,445.9948425292969,58200,0.0,0.0
2010-08-06 00:00:00+09:00,436.0575933253461,437.7138366699219,432.03538708425,437.7138366699219,46800,0.0,0.0
2010-08-09 00:00:00+09:00,437.7138169544348,437.7138169544348,435.584398455721,436.5307922363281,8400,0.0,0.0
2010-08-10 00:00:00+09:00,436.5308703921211,436.5308703921211,423.75435711235167,426.35699462890625,53400,0.0,0.0
2010-08-11 00:00:00+09:00,414.5267762276348,418.5490253695163,404.11627197265625,404.11627197265625,30300,0.0,0.0
2010-08-12 00:00:00+09:00,394.65234022799075,399.3843971178151,394.65234022799075,399.14776611328125,15000,0.0,0.0
2010-08-13 00:00:00+09:00,399.147764127457,399.147764127457,386.3712495793247,398.4379577636719,23700,0.0,0.0
2010-08-16 00:00:00+09:00,398.201337814964,403.40656961986497,394.88889394467856,397.25494384765625,12300,0.0,0.0
2010-08-17 00:00:00+09:00,390.6300223624526,392.04963485235027,389.210409872555,391.1032409667969,25200,0.0,0.0
2010-08-18 00:00:00+09:00,396.545129323888,399.38435449011354,389.920241720603,394.41571044921875,24600,0.0,0.0
2010-08-19 00:00:00+09:00,403.8797657094687,406.9555784237971,398.91112184309566,400.0941467285156,24600,0.0,0.0
2010-08-20 00:00:00+09:00,393.70584975580846,397.0182497766092,391.103212605352,391.8130187988281,15600,0.0,0.0
2010-08-23 00:00:00+09:00,397.25494152967536,410.03145496790404,397.018310546875,397.018310546875,32100,0.0,0.0
2010-08-24 00:00:00+09:00,392.75937757481904,396.3084082255648,388.02736558924346,390.39337158203125,25500,0.0,0.0
2010-08-25 00:00:00+09:00,384.71497431604854,394.1790428840088,384.71497431604854,387.55419921875,20400,0.0,0.0
2010-08-26 00:00:00+09:00,387.55423518979427,394.41571044921875,385.89803495054196,394.41571044921875,29400,0.0,0.0
2010-08-27 00:00:00+09:00,388.9738873542509,398.4379577636719,382.5856300801847,398.4379577636719,35100,0.0,0.0
2010-08-30 00:00:00+09:00,408.13852504159024,411.2143371660784,394.88879616441477,395.5986022949219,21000,0.0,0.0
2010-08-31 00:00:00+09:00,387.3176343184104,393.9424783725184,379.746353025761,379.9829406738281,16200,0.0,0.0
2010-09-01 00:00:00+09:00,375.25093426608464,379.9829472481172,355.13974912303445,366.2600402832031,62700,0.0,0.0
2010-09-02 00:00:00+09:00,378.7999179241643,380.45611792683167,371.46522507706914,376.4338684082031,38100,0.0,0.0
2010-09-03 00:00:00+09:00,378.7998610658414,380.4560608199112,371.46516931969245,377.8534240722656,7800,0.0,0.0
2010-09-06 00:00:00+09:00,383.7685522739049,394.41564487715937,378.7999090590528,393.4692077636719,20700,0.0,0.0
2010-09-07 00:00:00+09:00,389.2104313525903,395.5986879096895,387.5542311306845,392.99609375,16200,0.0,0.0
2010-09-08 00:00:00+09:00,389.21035562886567,397.4914417735238,384.24171260669664,388.0273742675781,16500,0.0,0.0
2010-09-09 00:00:00+09:00,386.3711807192193,390.15684286681073,386.3711807192193,389.6836242675781,16800,0.0,0.0
2010-09-10 00:00:00+09:00,425.883758325371,425.883758325371,390.39344513159006,394.65228271484375,61200,0.0,0.0
2010-09-13 00:00:00+09:00,399.14768427225226,399.14768427225226,386.8443908691406,386.8443908691406,23400,0.0,0.0
2010-09-14 00:00:00+09:00,392.7594282762481,393.942453086923,384.2417536149092,386.8443908691406,13800,0.0,0.0
2010-09-16 00:00:00+09:00,395.8353289254277,399.1477294532465,395.36211028296566,397.018310546875,19500,0.0,0.0
2010-09-17 00:00:00+09:00,405.7725151433221,411.687551732925,402.4600721251181,404.11627197265625,21000,0.0,0.0
2010-09-21 00:00:00+09:00,413.580398155473,425.8836903237837,398.6744689941406,398.6744689941406,23100,0.0,0.0
2010-09-22 00:00:00+09:00,398.201239371797,404.82608215143773,395.12542724609375,395.12542724609375,15900,0.0,0.0
2010-09-24 00:00:00+09:00,385.4247372911132,392.75938635898643,385.1881496834815,388.0273742675781,49500,0.0,0.0
2010-09-27 00:00:00+09:00,390.3933070111896,395.125361537214,385.18807735874736,393.70574951171875,35700,0.0,0.0
2010-09-28 00:00:00+09:00,404.6488879747489,405.62158676965396,393.2194878936034,394.6785583496094,24000,15.0,0.0
2010-09-29 00:00:00+09:00,394.67862077013945,403.67620849609375,394.67862077013945,403.67620849609375,26100,0.0,0.0
2010-09-30 00:00:00+09:00,407.5670418425774,407.5670418425774,393.94903564453125,393.94903564453125,8400,0.0,0.0
2010-10-01 00:00:00+09:00,393.9489883251404,394.19215187056454,387.8695434711957,389.57177734375,30300,0.0,0.0
2010-10-04 00:00:00+09:00,393.94896949323214,393.94896949323214,386.16724661142945,388.59906005859375,36000,0.0,0.0
2010-10-05 00:00:00+09:00,384.4650367053587,392.73308716841916,384.2218731564518,391.0308532714844,17700,0.0,0.0
2010-10-06 00:00:00+09:00,400.7580401496053,400.7580401496053,389.57184714638726,396.1376647949219,33600,0.0,0.0
2010-10-07 00:00:00+09:00,397.59667329074375,400.0284423828125,389.81494985791267,400.0284423828125,27300,0.0,0.0
2010-10-08 00:00:00+09:00,389.3287048339844,392.49000977286806,389.3287048339844,389.3287048339844,65100,0.0,0.0
2010-10-12 00:00:00+09:00,390.0582014870959,390.0582014870959,383.2491760253906,383.2491760253906,31500,0.0,0.0
2010-10-13 00:00:00+09:00,384.4650286068711,386.65363408281155,377.8992121790498,381.0605163574219,65400,0.0,0.0
2010-10-14 00:00:00+09:00,382.762821899748,394.9217123882425,382.27645025038186,388.11273193359375,39600,0.0,0.0
2010-10-15 00:00:00+09:00,385.4377983014542,386.1673335944711,374.4947689062019,375.22430419921875,46800,0.0,0.0
2010-10-18 00:00:00+09:00,385.4377953958998,396.8671964094384,374.49476608313955,378.3856506347656,55800,0.0,0.0
2010-10-19 00:00:00+09:00,378.38562816521244,389.5718204004456,378.38562816521244,388.84228515625,34200,0.0,0.0
2010-10-20 00:00:00+09:00,398.5694436217162,398.5694436217162,380.33106083659646,390.3013916015625,54300,0.0,0.0
2010-10-21 00:00:00+09:00,389.5718693561278,389.8150329589844,387.14009974565255,389.8150329589844,29400,0.0,0.0
2010-10-22 00:00:00+09:00,387.38325514199374,394.1922366234616,387.38325514199374,391.5173034667969,21300,0.0,0.0
2010-10-25 00:00:00+09:00,391.27405069455153,400.51484520783873,389.81498022020605,395.89447021484375,47100,0.0,0.0
2010-10-26 00:00:00+09:00,401.24440667430935,412.67380764625335,390.5445409872277,407.3238525390625,57900,0.0,0.0
2010-10-27 00:00:00+09:00,407.8102722167969,414.13292693856215,403.189896378183,407.8102722167969,52200,0.0,0.0
2010-10-28 00:00:00+09:00,401.2443836022343,411.9442486740597,401.2443836022343,405.1352233886719,39300,0.0,0.0
2010-10-29 00:00:00+09:00,401.2443022335347,411.9441651355251,392.0035095214844,392.0035095214844,22500,0.0,0.0
2010-11-01 00:00:00+09:00,399.0558165544542,399.0558165544542,377.6561288638035,378.1424560546875,57600,0.0,0.0
2010-11-02 00:00:00+09:00,378.3856222142759,381.54692671363915,372.06296868825234,374.9811096191406,34800,0.0,0.0
2010-11-04 00:00:00+09:00,380.57422568747825,380.57422568747825,372.30615234375,372.30615234375,45900,0.0,0.0
2010-11-05 00:00:00+09:00,380.3310340156649,387.38322303769166,380.3310340156649,382.7628479003906,44100,0.0,0.0
2010-11-08 00:00:00+09:00,389.8150298670078,408.53978484832356,389.8150298670078,405.86480712890625,129600,0.0,0.0
2010-11-09 00:00:00+09:00,401.0012332650376,403.67616622580454,398.81262746406526,400.2716979980469,54000,0.0,0.0
2010-11-10 00:00:00+09:00,400.75797705043675,404.8920245762289,396.6239740519383,399.7852783203125,51000,0.0,0.0
2010-11-11 00:00:00+09:00,396.8671471751571,407.3238034899141,395.16491322455795,406.3511047363281,57000,0.0,0.0
2010-11-12 00:00:00+09:00,400.7580598183022,407.8102495182373,395.8945206359288,405.86480712890625,40800,0.0,0.0
2010-11-15 00:00:00+09:00,404.8920669469864,404.8920669469864,399.78532015666406,402.9466247558594,17700,0.0,0.0
2010-11-16 00:00:00+09:00,403.6761419795476,408.5397249764614,398.3262318520499,402.2170715332031,17400,0.0,0.0
2010-11-17 00:00:00+09:00,390.5445079624471,408.5397249764614,390.5445079624471,402.2170715332031,45300,0.0,0.0
2010-11-18 00:00:00+09:00,406.1079531873337,406.8374884059173,401.2443702210106,405.37841796875,30000,0.0,0.0
2010-11-19 00:00:00+09:00,409.75569190756835,409.99885550849615,403.919409266878,405.86480712890625,20400,0.0,0.0
2010-11-22 00:00:00+09:00,405.8647455953115,408.78288647323416,402.70344115332733,405.62158203125,21600,0.0,0.0
2010-11-24 00:00:00+09:00,403.67617891769345,409.99883293950245,399.29896717812585,399.54217529296875,32400,0.0,0.0
2010-11-25 00:00:00+09:00,401.4875987891043,432.1280829305785,400.27173624613687,419.4828186035156,84900,0.0,0.0
2010-11-26 00:00:00+09:00,417.29415568453345,426.53495019830166,415.10554997290126,424.5895080566406,46200,0.0,0.0
2010-11-29 00:00:00+09:00,440.1529325662092,442.58474649090215,432.1280445747809,434.316650390625,65700,0.0,0.0
2010-11-30 00:00:00+09:00,441.85513907472176,441.85513907472176,423.1303886429205,423.61676025390625,69300,0.0,0.0
2010-12-01 00:00:00+09:00,419.7258725137505,425.5621536820867,418.023638682083,418.753173828125,38100,0.0,0.0
2010-12-02 00:00:00+09:00,434.80293198283925,434.80293198283925,423.37353358157617,426.7780456542969,12600,0.0,0.0
2010-12-03 00:00:00+09:00,432.8574942747604,432.8574942747604,428.2371199749285,431.6416320800781,19500,0.0,0.0
2010-12-06 00:00:00+09:00,431.64172046210155,445.01651903323557,431.64172046210155,439.18023681640625,28500,0.0,0.0
2010-12-07 00:00:00+09:00,438.9370372423343,438.9370372423343,431.8848486328125,437.72113037109375,34800,0.0,0.0
2010-12-08 00:00:00+09:00,437.23480224609375,437.72117394847,434.0734974988994,437.23480224609375,33000,0.0,0.0
2010-12-09 00:00:00+09:00,437.7210335554299,437.7210335554299,435.53242838765277,436.505126953125,22200,0.0,0.0
2010-12-10 00:00:00+09:00,436.50524142533294,442.5847315038996,436.50524142533294,438.45068359375,82500,0.0,0.0
2010-12-13 00:00:00+09:00,439.18025131823504,447.44830322265625,439.18025131823504,447.44830322265625,34800,0.0,0.0
2010-12-14 00:00:00+09:00,447.69144883600086,452.3118235893747,447.44824075135836,451.0959167480469,46500,0.0,0.0
2010-12-15 00:00:00+09:00,455.4732120150396,458.87772508278346,451.0960000110703,452.79827880859375,71400,0.0,0.0
2010-12-16 00:00:00+09:00,458.8776799936764,458.8776799936764,445.0165100097656,445.0165100097656,41400,0.0,0.0
2010-12-17 00:00:00+09:00,453.52769641741276,456.93216407413337,439.6665286695447,442.3414611816406,51000,0.0,0.0
2010-12-20 00:00:00+09:00,451.3390655628116,451.3390655628116,437.7210621210601,439.66650390625,43800,0.0,0.0
2010-12-21 00:00:00+09:00,438.93699186470866,448.17774064347464,437.9642486573607,445.7459716796875,58800,0.0,0.0
2010-12-22 00:00:00+09:00,444.5301274601278,447.69147653773535,441.3688229098178,442.0983581542969,24300,0.0,0.0
2010-12-24 00:00:00+09:00,437.9641970649765,438.2074051018091,434.07335827580135,436.505126953125,15300,0.0,0.0
2010-12-27 00:00:00+09:00,436.99162375521496,436.99162375521496,422.40091845454003,428.96673583984375,31200,0.0,0.0
2010-12-28 00:00:00+09:00,425.8054619554002,429.9394657376483,425.8054619554002,429.2099304199219,13800,0.0,0.0
2010-12-29 00:00:00+09:00,429.69614794024704,436.505126953125,429.69614794024704,436.505126953125,11100,0.0,0.0
2010-12-30 00:00:00+09:00,432.3712798149376,434.8030493649249,428.48039510219553,429.2099304199219,24900,0.0,0.0
2011-01-04 00:00:00+09:00,432.8575359729206,436.74842004713526,431.8848372180143,434.559814453125,16500,0.0,0.0
2011-01-05 00:00:00+09:00,437.47798799854917,444.7733405247768,433.3439400579208,443.31427001953125,40200,0.0,0.0
2011-01-06 00:00:00+09:00,446.9619707030983,448.4210412880624,441.61201554002963,445.9892272949219,31200,0.0,0.0
2011-01-07 00:00:00+09:00,446.47563215829797,450.85284423828125,437.7212079983313,450.85284423828125,51600,0.0,0.0
2011-01-11 00:00:00+09:00,450.85281903666834,456.93226507660603,445.9892354883374,452.3118896484375,48600,0.0,0.0
2011-01-12 00:00:00+09:00,456.9322039252857,457.1754120128996,452.55499267578125,452.55499267578125,25500,0.0,0.0
2011-01-13 00:00:00+09:00,453.04135735794665,456.6890333431153,451.5822869638792,454.74359130859375,25200,0.0,0.0
2011-01-14 00:00:00+09:00,457.17547855261785,462.0390176306242,453.04143026174074,453.7709655761719,42600,0.0,0.0
2011-01-17 00:00:00+09:00,461.5526161657717,461.5526161657717,453.7708925549804,454.74359130859375,18300,0.0,0.0
2011-01-18 00:00:00+09:00,454.9867491870584,466.90247458133973,442.5846522059916,457.41851806640625,71700,0.0,0.0
2011-01-19 00:00:00+09:00,457.90499252705774,461.79583251359634,455.95955027013855,460.5799255371094,24300,0.0,0.0
2011-01-20 00:00:00+09:00,458.3913512326011,461.30949255509466,455.95958163962405,456.4459533691406,36300,0.0,0.0
2011-01-21 00:00:00+09:00,456.6890413609947,461.3094161808945,448.1777824037413,448.6641540527344,42600,0.0,0.0
2011-01-24 00:00:00+09:00,450.1232609799762,455.95954313206664,447.6914915923715,450.3664245605469,21000,0.0,0.0
2011-01-25 00:00:00+09:00,451.0960000110703,459.12088868501405,446.47562440487036,452.79827880859375,28200,0.0,0.0
2011-01-26 00:00:00+09:00,454.98690840664307,462.76858935461865,453.04146590599646,455.2300720214844,46800,0.0,0.0
2011-01-27 00:00:00+09:00,458.14809953250256,466.90252181656314,457.9049359781545,465.6866149902344,38400,0.0,0.0
2011-01-28 00:00:00+09:00,464.9571597018933,466.65943845674576,455.71640872113136,462.2822265625,50700,0.0,0.0
2011-01-31 00:00:00+09:00,452.55492443983616,462.03888071711094,449.63678404682855,454.5003662109375,45900,0.0,0.0
2011-02-01 00:00:00+09:00,457.1753893197494,464.4707410401321,457.1753893197494,462.5252990722656,31500,0.0,0.0
2011-02-02 00:00:00+09:00,462.52526032603043,470.55014654619816,461.5525616872278,468.1183776855469,33300,0.0,0.0
2011-02-03 00:00:00+09:00,466.902486133122,466.902486133122,458.148064518126,460.336669921875,37800,0.0,0.0
2011-02-04 00:00:00+09:00,459.8503713382003,463.98441926633933,457.1754384381968,459.3640441894531,42900,0.0,0.0
2011-02-07 00:00:00+09:00,466.65946790440944,470.3071447131273,465.68672440388144,466.416259765625,27000,0.0,0.0
2011-02-08 00:00:00+09:00,473.95474716720634,481.73642678680125,470.7933980774042,479.5478210449219,75600,0.0,0.0
2011-02-09 00:00:00+09:00,483.9250889501345,490.0045797379249,482.7092264144188,486.3569030761719,84900,0.0,0.0
2011-02-10 00:00:00+09:00,490.0045282241244,530.1289672851562,488.7886212889331,530.1289672851562,106200,0.0,0.0
2011-02-14 00:00:00+09:00,530.1289535307843,530.1289535307843,515.7814123660525,522.5903930664062,117900,0.0,0.0
2011-02-15 00:00:00+09:00,522.5903634587892,526.7244110751252,517.9699887303863,518.6995239257812,69300,0.0,0.0
2011-02-16 00:00:00+09:00,511.1611258071233,524.2927623399935,509.7020550812489,513.5928955078125,101100,0.0,0.0
2011-02-17 00:00:00+09:00,514.3223691949872,526.2380971849675,514.3223691949872,525.7517700195312,54600,0.0,0.0
2011-02-18 00:00:00+09:00,527.9403336397369,528.4266607662937,523.8062859002279,526.9675903320312,93600,0.0,0.0
2011-02-21 00:00:00+09:00,530.6153471991655,544.7197265625,527.6972058863795,544.7197265625,213000,0.0,0.0
2011-02-22 00:00:00+09:00,531.3448913274167,542.044757827276,530.3721923828125,530.3721923828125,97500,0.0,0.0
2011-02-23 00:00:00+09:00,523.8062118930064,537.4242155311691,517.4835593954149,531.3447265625,102900,0.0,0.0
2011-02-24 00:00:00+09:00,522.1039205496866,523.5629906168704,514.3221986822782,516.7539672851562,81900,0.0,0.0
2011-02-25 00:00:00+09:00,508.4861291673448,531.8312599182128,486.3569054855189,525.2654418945312,96000,0.0,0.0
2011-02-28 00:00:00+09:00,525.5086392930007,543.5038602465061,515.5383520784948,539.1266479492188,68700,0.0,0.0
2011-03-01 00:00:00+09:00,544.7196050086515,549.3399795470947,538.1537885200407,544.9627685546875,101100,0.0,0.0
2011-03-02 00:00:00+09:00,535.4788144400685,544.7196080966332,535.4788144400685,537.9105834960938,47100,0.0,0.0
2011-03-03 00:00:00+09:00,539.8561828873236,543.9902315626799,534.5062715930377,538.8834838867188,63900,0.0,0.0
2011-03-04 00:00:00+09:00,549.0968332665921,549.0968332665921,531.3447806654477,533.5333862304688,45600,0.0,0.0
2011-03-07 00:00:00+09:00,533.5334394602534,533.5334394602534,520.6450128652457,523.0767822265625,91500,0.0,0.0
2011-03-08 00:00:00+09:00,523.0767685309701,532.3175631057023,523.0767685309701,527.6971435546875,47400,0.0,0.0
2011-03-09 00:00:00+09:00,530.372138028289,540.0992600593689,527.69716054564,527.9403686523438,50100,0.0,0.0
2011-03-10 00:00:00+09:00,527.9402898661566,527.9402898661566,511.4041448064926,511.6473083496094,64800,0.0,0.0
2011-03-11 00:00:00+09:00,487.81604551246613,503.62261702078945,487.81604551246613,489.5182800292969,180600,0.0,0.0
2011-03-14 00:00:00+09:00,380.0878345592603,427.99399361677445,377.1696937948898,413.4032897949219,135600,0.0,0.0
2011-03-15 00:00:00+09:00,413.4033622816702,423.1304850260417,379.6015294826528,383.00604248046875,209100,0.0,0.0
2011-03-16 00:00:00+09:00,389.08546761097773,422.8872985839844,389.08546761097773,422.8872985839844,101700,0.0,0.0
2011-03-17 00:00:00+09:00,401.24435890187135,437.7211188020415,401.24435890187135,434.559814453125,107400,0.0,0.0
2011-03-18 00:00:00+09:00,437.7211666282487,452.79824387676604,437.7211666282487,451.82550048828125,81900,0.0,0.0
2011-03-22 00:00:00+09:00,497.5430067167507,497.5430067167507,463.2548522949219,463.2548522949219,86100,0.0,0.0
2011-03-23 00:00:00+09:00,471.76609494373577,481.25005222412284,464.4707431895919,475.1705627441406,84600,0.0,0.0
2011-03-24 00:00:00+09:00,468.36171262629887,479.30474329513765,459.85045170810014,469.33441162109375,85800,0.0,0.0
2011-03-25 00:00:00+09:00,469.3342722171195,476.62962382944414,463.0116638379666,464.7138977050781,45300,0.0,0.0
2011-03-28 00:00:00+09:00,472.49561982082713,484.1681823730469,466.416130473351,484.1681823730469,60900,0.0,0.0
2011-03-29 00:00:00+09:00,483.6706144217178,483.6706144217178,471.47934354427304,478.1969909667969,42600,15.0,0.0
2011-03-30 00:00:00+09:00,480.18735582796853,493.6226501464844,478.4457587871477,493.6226501464844,47400,0.0,0.0
2011-03-31 00:00:00+09:00,495.36433025327193,497.6035461425781,485.90984797943577,497.6035461425781,51600,0.0,0.0
2011-04-01 00:00:00+09:00,496.3595923503847,496.3595923503847,485.16351131992485,488.8955383300781,60000,0.0,0.0
2011-04-04 00:00:00+09:00,490.38835319367274,490.38835319367274,465.25935593162774,466.7521667480469,52200,0.0,0.0
2011-04-05 00:00:00+09:00,466.75208095901894,466.75208095901894,448.0919491835123,452.32159423828125,59100,0.0,0.0
2011-04-06 00:00:00+09:00,452.3215156771703,454.06311248807555,446.8478931593576,447.0966796875,22200,0.0,0.0
2011-04-07 00:00:00+09:00,453.31674736448747,461.27841809437984,435.15423583984375,435.15423583984375,37200,0.0,0.0
2011-04-08 00:00:00+09:00,431.67106202883843,472.72335467459715,431.17348885292733,466.0057067871094,103200,0.0,0.0
2011-04-11 00:00:00+09:00,461.2784630290049,463.5176788689516,447.8431679893252,451.07757568359375,53100,0.0,0.0
2011-04-12 00:00:00+09:00,448.09194523357536,451.3263984174597,444.11113234221233,445.60394287109375,56100,0.0,0.0
2011-04-13 00:00:00+09:00,445.6040112166928,449.33603811130496,442.1207709293985,445.355224609375,47700,0.0,0.0
2011-04-14 00:00:00+09:00,442.8670646227304,449.8335434404594,442.8670646227304,446.5990905761719,33600,0.0,0.0
2011-04-15 00:00:00+09:00,449.3358082465153,452.8190467519043,448.34061676938086,449.5845947265625,17100,0.0,0.0
2011-04-18 00:00:00+09:00,449.33593939484916,450.3311311624517,446.1015319824219,446.1015319824219,21300,0.0,0.0
2011-04-19 00:00:00+09:00,441.6231579312931,452.07283229485193,441.6231579312931,448.83837890625,36600,0.0,0.0
2011-04-20 00:00:00+09:00,448.83842785466487,456.3024817854906,448.83842785466487,450.828857421875,56400,0.0,0.0
2011-04-21 00:00:00+09:00,451.57521395868287,460.28329112150254,447.34556866983365,453.5656433105469,46500,0.0,0.0
2011-04-22 00:00:00+09:00,453.5656333611736,462.2736647760098,450.8287987570161,461.2784729003906,21000,0.0,0.0
2011-04-25 00:00:00+09:00,460.53211006444303,463.5177315235318,455.30727251103764,459.2880859375,34500,0.0,0.0
2011-04-26 00:00:00+09:00,461.52723664342955,461.52723664342955,452.32158696780255,452.57037353515625,36300,0.0,0.0
2011-04-27 00:00:00+09:00,448.34072529232316,459.28797086147017,448.34072529232316,454.8095397949219,25200,0.0,0.0
2011-04-28 00:00:00+09:00,457.7952752079556,461.776134191386,455.0584859084363,459.2880859375,25500,0.0,0.0
2011-05-02 00:00:00+09:00,459.288052245771,467.00093748727267,444.35994604539957,457.29766845703125,40200,0.0,0.0
2011-05-06 00:00:00+09:00,456.3024161170915,466.75209011639106,452.0728165363029,462.0248718261719,13800,0.0,0.0
2011-05-09 00:00:00+09:00,460.53207262543003,460.78085920780626,449.08720648165763,450.58001708984375,29100,0.0,0.0
2011-05-10 00:00:00+09:00,455.30722078914727,458.2928419090761,451.0775756835938,451.07757568359375,15600,0.0,0.0
2011-05-11 00:00:00+09:00,451.0775454504474,472.7232971191406,451.0775454504474,472.7232971191406,45300,0.0,0.0
2011-05-12 00:00:00+09:00,469.4889302260374,469.4889302260374,454.8096109156683,460.7808532714844,52200,0.0,0.0
2011-05-13 00:00:00+09:00,460.5321322491294,463.26896723745523,451.3264808258084,453.8144836425781,32100,0.0,0.0
2011-05-16 00:00:00+09:00,460.2832721157507,460.2832721157507,450.5800034561433,451.5751953125,31200,0.0,0.0
2011-05-17 00:00:00+09:00,448.34072854130704,450.33111199178114,444.111083984375,444.111083984375,15900,0.0,0.0
2011-05-18 00:00:00+09:00,455.30724513880676,455.30724513880676,449.33600257960927,451.8240051269531,31800,0.0,0.0
2011-05-19 00:00:00+09:00,452.81924350036905,454.0632219980552,432.16868108937257,433.9102783203125,106200,0.0,0.0
2011-05-20 00:00:00+09:00,428.43666960343074,433.6615070376189,428.43666960343074,429.1830749511719,54000,0.0,0.0
2011-05-23 00:00:00+09:00,426.9438669643838,430.1782750133065,423.2118401552546,424.70465087890625,71100,0.0,0.0
2011-05-24 00:00:00+09:00,423.7093355453232,427.9389343261719,423.7093355453232,427.9389343261719,23700,0.0,0.0
2011-05-25 00:00:00+09:00,428.18783961167844,439.3839186931259,428.18783961167844,434.9054870605469,66000,0.0,0.0
2011-05-26 00:00:00+09:00,440.130327264745,440.130327264745,436.1494687457454,436.8958740234375,19800,0.0,0.0
2011-05-27 00:00:00+09:00,437.14470740736664,441.62313908635974,433.1638488769531,433.1638488769531,28500,0.0,0.0
2011-05-30 00:00:00+09:00,433.1639004515258,437.393546059831,429.92949237280317,431.919921875,27300,0.0,0.0
2011-05-31 00:00:00+09:00,432.16864787857435,450.33116078453577,432.16864787857435,449.8335876464844,42300,0.0,0.0
2011-06-01 00:00:00+09:00,450.33115789722103,454.56080288531075,434.4078608854694,439.3839111328125,53700,0.0,0.0
2011-06-02 00:00:00+09:00,435.4029784130384,437.8910258906192,434.6565732811549,436.1493835449219,30900,0.0,0.0
2011-06-03 00:00:00+09:00,436.1494782488444,440.13033685458134,432.91507049402634,433.4126892089844,41400,0.0,0.0
2011-06-06 00:00:00+09:00,433.41260242378894,434.4077940974672,427.1925291816745,427.9389343261719,24000,0.0,0.0
2011-06-07 00:00:00+09:00,437.39353454048774,441.37434788307314,425.69983555312393,439.1351318359375,57000,0.0,0.0
2011-06-08 00:00:00+09:00,435.40302141654126,436.6470452782003,427.9389693605037,434.6566162109375,11700,0.0,0.0
2011-06-09 00:00:00+09:00,429.18306701975314,434.4079043573849,429.18306701975314,433.6614990234375,35400,0.0,0.0
2011-06-10 00:00:00+09:00,440.37903613660416,444.85746701256966,433.66138982265596,436.3982238769531,48000,0.0,0.0
2011-06-13 00:00:00+09:00,436.39832234356527,436.64710892938,430.6758664141064,431.4222717285156,22800,0.0,0.0
2011-06-14 00:00:00+09:00,441.37433895523856,441.37433895523856,432.66630709716304,433.6614990234375,27300,0.0,0.0
2011-06-15 00:00:00+09:00,433.91026557293486,443.8623666038449,432.4174549739948,435.403076171875,15000,0.0,0.0
2011-06-16 00:00:00+09:00,435.9007353224254,437.393546059831,431.91992187500006,431.919921875,14400,0.0,0.0
2011-06-17 00:00:00+09:00,432.1686455343355,435.1542665742964,426.6950221467278,430.92462158203125,34500,0.0,0.0
2011-06-20 00:00:00+09:00,430.9246722435789,432.16869634213657,429.1830749511719,429.1830749511719,20100,0.0,0.0
2011-06-21 00:00:00+09:00,429.431887430881,438.13996553170495,423.958263069861,426.1974792480469,58500,0.0,0.0
2011-06-22 00:00:00+09:00,427.9389095855516,445.10622691648933,427.9389095855516,442.61822509765625,35400,0.0,0.0
2011-06-23 00:00:00+09:00,441.62315933217354,447.84318843027233,435.6519168197699,445.1063537597656,42000,0.0,0.0
2011-06-24 00:00:00+09:00,449.0872819513143,455.3073120117187,448.8384497701572,455.30731201171875,48900,0.0,0.0
2011-06-27 00:00:00+09:00,455.05848536143185,455.05848536143185,449.3360290527344,449.3360290527344,19500,0.0,0.0
2011-06-28 00:00:00+09:00,454.3121244214894,460.5321545430038,453.8145056112582,458.2929382324219,27900,0.0,0.0
2011-06-29 00:00:00+09:00,460.0344082099067,472.7232971191406,460.0344082099067,472.7232971191406,32400,0.0,0.0
2011-06-30 00:00:00+09:00,477.45051131654253,482.67534738676073,474.713677236967,479.1921081542969,27300,0.0,0.0
2011-07-01 00:00:00+09:00,479.4410344572819,484.9147042121669,479.4410344572819,480.68505859375,13200,0.0,0.0
2011-07-04 00:00:00+09:00,480.6850496542004,489.89070053335064,480.6850496542004,484.6658630371094,25800,0.0,0.0
2011-07-05 00:00:00+09:00,492.627440683177,492.627440683177,475.2113342285156,475.2113342285156,19800,0.0,0.0
2011-07-06 00:00:00+09:00,475.2113840506852,488.1490605828221,475.2113840506852,486.65625,15300,0.0,0.0
2011-07-07 00:00:00+09:00,488.6466962011892,491.1346987396458,485.16345620177776,487.6514587402344,22500,0.0,0.0
2011-07-08 00:00:00+09:00,489.8906326579135,490.8858700334741,467.99609375,467.99609375,62400,0.0,0.0
2011-07-11 00:00:00+09:00,470.23537817657547,474.7138103496857,462.771324554725,467.74737548828125,41100,0.0,0.0
2011-07-12 00:00:00+09:00,465.7569885253906,470.7330399132423,462.5225801796216,465.7569885253906,23400,0.0,0.0
2011-07-13 00:00:00+09:00,469.48891792475666,471.2305150472494,464.51286757296833,467.00091552734375,34200,0.0,0.0
2011-07-14 00:00:00+09:00,463.2688663625066,467.0008925535124,452.5703609103164,454.06317138671875,35100,0.0,0.0
2011-07-15 00:00:00+09:00,469.4890515360325,470.98186251070985,462.77140214998434,469.2402648925781,23700,0.0,0.0
2011-07-19 00:00:00+09:00,471.23052673735344,484.91465415500124,471.23052673735344,482.9242248535156,40800,0.0,0.0
2011-07-20 00:00:00+09:00,509.7948469278541,509.7948469278541,486.65628140111403,487.1539001464844,41100,0.0,0.0
2011-07-21 00:00:00+09:00,495.3641579779845,507.3066385676541,487.9001076094411,495.1153259277344,26100,0.0,0.0
2011-07-22 00:00:00+09:00,495.3642740329205,505.06754178532805,470.23528338590444,478.943359375,95400,0.0,0.0
2011-07-25 00:00:00+09:00,479.19211338699284,484.66573604895973,477.9480895996094,477.9480895996094,30900,0.0,0.0
2011-07-26 00:00:00+09:00,481.18254919453705,492.6274133079587,479.93852538942036,485.6609802246094,29700,0.0,0.0
2011-07-27 00:00:00+09:00,485.6609128529019,497.3545618824015,470.732811490179,490.13934326171875,26100,0.0,0.0
2011-07-28 00:00:00+09:00,484.4170409247356,486.1586381101508,475.7089638837312,481.6802062988281,32400,0.0,0.0
2011-07-29 00:00:00+09:00,481.6802644954068,482.6755020561436,474.96261596679693,474.9626159667969,28500,0.0,0.0
2011-08-01 00:00:00+09:00,469.9865747276507,482.42663328016187,468.4937640567921,476.20660400390625,21600,0.0,0.0
2011-08-02 00:00:00+09:00,475.2115028249454,475.2115028249454,465.2593994140625,465.2593994140625,25200,0.0,0.0
2011-08-03 00:00:00+09:00,465.2592689128968,465.5081010404073,455.3072138504535,460.28326416015625,29100,0.0,0.0
2011-08-04 00:00:00+09:00,458.04414057351175,465.50819476234153,455.55609213925425,456.0537109375,13200,0.0,0.0
2011-08-05 00:00:00+09:00,447.3454914770867,449.8335391268271,442.86706037590244,448.3407287597656,35400,0.0,0.0
2011-08-08 00:00:00+09:00,445.35526950088143,448.58967794991514,433.16395004495905,439.6328125,84900,0.0,0.0
2011-08-09 00:00:00+09:00,434.40782098058236,446.5990905761719,429.18298464576435,446.5990905761719,76200,0.0,0.0
2011-08-10 00:00:00+09:00,456.5513305664063,460.2833576676113,453.31687670738097,456.55133056640625,42000,0.0,0.0
2011-08-11 00:00:00+09:00,456.5513186309039,458.04412943235974,448.8384324520685,453.8144836425781,40800,0.0,0.0
2011-08-12 00:00:00+09:00,462.522627719797,467.74746626913367,457.7953624705079,467.2498474121094,37500,0.0,0.0
2011-08-15 00:00:00+09:00,467.4984775387989,467.4984775387989,442.8671040530507,456.3023986816406,18300,0.0,0.0
2011-08-16 00:00:00+09:00,460.283208136452,460.283208136452,454.8095397949218,454.8095397949219,12000,0.0,0.0
2011-08-17 00:00:00+09:00,453.3167648468957,458.04402837990307,435.9006578578628,444.6087341308594,33600,0.0,0.0
2011-08-18 00:00:00+09:00,450.33099972364977,453.5654517489915,444.1109732669047,449.5845947265625,13500,0.0,0.0
2011-08-19 00:00:00+09:00,439.88155394491906,447.09682111292074,439.88155394491906,444.85760498046875,21000,0.0,0.0
2011-08-22 00:00:00+09:00,439.13507299818946,444.60874186243984,431.6710205078125,431.6710205078125,27300,0.0,0.0
2011-08-23 00:00:00+09:00,431.6710998168689,437.8911750729444,418.9822082519531,418.9822082519531,62400,0.0,0.0
2011-08-24 00:00:00+09:00,422.46540175424485,439.6327237336576,395.8435974121094,395.8435974121094,124800,0.0,0.0
2011-08-25 00:00:00+09:00,405.79574339149207,429.43188357784584,405.79574339149207,423.70947265625,16200,0.0,0.0
2011-08-26 00:00:00+09:00,419.2310877790276,439.13520328751514,419.2310877790276,425.20233154296875,24900,0.0,0.0
2011-08-29 00:00:00+09:00,434.1590817884504,437.6422760202591,432.9150578159688,434.9054870605469,14100,0.0,0.0
2011-08-30 00:00:00+09:00,435.9007238423974,439.6327505876234,435.4031050907115,439.1351318359375,16200,0.0,0.0
2011-08-31 00:00:00+09:00,443.8623503257049,443.8623503257049,434.6566549318731,434.9054870605469,9900,0.0,0.0
2011-09-01 00:00:00+09:00,444.6087341308594,446.5991177223738,442.8670915420839,444.6087341308594,14700,0.0,0.0
2011-09-02 00:00:00+09:00,446.3503668572395,450.33117991557367,434.40788212527326,447.5943908691406,23400,0.0,0.0
2011-09-05 00:00:00+09:00,439.3840258676047,446.35046158743637,439.3840258676047,439.6328125,2100,0.0,0.0
2011-09-06 00:00:00+09:00,433.6614131484395,443.8622992113644,431.17341104695225,440.8766784667969,23100,0.0,0.0
2011-09-07 00:00:00+09:00,437.8911136836215,447.5943823435196,432.91506328776296,440.6634826660156,7800,0.0,0.0
2011-09-08 00:00:00+09:00,433.41274939929934,441.6232087730366,431.4223198200094,432.9151306152344,18900,0.0,0.0
2011-09-09 00:00:00+09:00,434.4079620725365,442.8672084621748,418.7334479771357,421.962890625,55200,0.0,0.0
2011-09-12 00:00:00+09:00,418.7333615666182,420.4749586988287,413.01090590797986,419.4797668457031,27000,0.0,0.0
2011-09-13 00:00:00+09:00,419.47989002113684,428.6855426473299,419.47989002113684,425.6999206542969,15300,0.0,0.0
2011-09-14 00:00:00+09:00,432.66631339291206,434.40791067847596,418.48461184155286,418.7333984375,29700,0.0,0.0
2011-09-15 00:00:00+09:00,437.89109462110065,439.13507299818946,426.1973972005231,431.6710205078125,14700,0.0,0.0
2011-09-16 00:00:00+09:00,437.8910258906192,447.8430791300808,431.67095275362107,436.1493835449219,46800,0.0,0.0
2011-09-20 00:00:00+09:00,447.59426934596553,447.59426934596553,428.1877369254516,428.4365234375,19200,0.0,0.0
2011-09-21 00:00:00+09:00,428.6855426473299,432.66640234269136,425.6999206542969,425.6999206542969,13800,0.0,0.0
2011-09-22 00:00:00+09:00,424.7046437080194,424.7046437080194,413.5085634696709,415.4989929199219,28500,0.0,0.0
2011-09-26 00:00:00+09:00,422.216641062931,422.216641062931,411.2693474220012,415.4989929199219,38700,0.0,0.0
2011-09-27 00:00:00+09:00,415.7477795414475,429.6806945800781,415.7477795414475,429.6806945800781,19200,0.0,0.0
2011-09-28 00:00:00+09:00,428.1479268102607,452.1609802246094,428.1479268102607,452.1609802246094,34200,15.0,0.0
2011-09-29 00:00:00+09:00,441.94268199501647,465.1893615722657,441.94268199501647,465.1893615722656,37500,0.0,0.0
2011-09-30 00:00:00+09:00,465.4447668313434,467.48844776870953,450.6282086688545,463.9120178222656,32700,0.0,0.0
2011-10-03 00:00:00+09:00,444.7526513946918,461.3574477758973,444.7526513946918,446.285400390625,10200,0.0,0.0
2011-10-04 00:00:00+09:00,446.28541888117564,446.28541888117564,438.6216735839844,438.6216735839844,14400,0.0,0.0
2011-10-05 00:00:00+09:00,437.088896199153,437.088896199153,425.08239386215666,426.6151428222656,31500,0.0,0.0
2011-10-06 00:00:00+09:00,427.6370285181927,441.4317713736183,427.38158590909757,435.81170654296875,11400,0.0,0.0
2011-10-07 00:00:00+09:00,434.7897718205077,446.2853889965122,432.7461377286309,433.51251220703125,13800,0.0,0.0
2011-10-11 00:00:00+09:00,453.9491718991044,453.9491718991044,448.8400394646072,452.1609802246094,15300,0.0,0.0
2011-10-12 00:00:00+09:00,452.16086839544033,455.2263658082908,449.60630280999106,454.4599914550781,19500,0.0,0.0
2011-10-13 00:00:00+09:00,456.2482508506051,456.2482508506051,445.77449764244415,455.73736572265625,6000,0.0,0.0
2011-10-14 00:00:00+09:00,445.7745656695066,445.7745656695066,436.067138671875,436.067138671875,15900,0.0,0.0
2011-10-17 00:00:00+09:00,436.32261854661067,442.96454777297026,434.278983996805,435.5562438964844,23400,0.0,0.0
2011-10-18 00:00:00+09:00,434.2789611816406,439.1326514521825,433.76802918313314,434.2789611816406,19500,0.0,0.0
2011-10-19 00:00:00+09:00,434.27897072309327,440.6654103536786,433.76803871336017,434.78985595703125,22800,0.0,0.0
2011-10-20 00:00:00+09:00,433.25706081839587,433.25706081839587,428.9143029108789,430.4470520019531,13200,0.0,0.0
2011-10-21 00:00:00+09:00,436.57805428749964,436.57805428749964,430.4470578400487,432.4906921386719,7500,0.0,0.0
2011-10-24 00:00:00+09:00,432.74622146968915,441.94271699011375,432.74622146968915,434.78985595703125,14700,0.0,0.0
2011-10-25 00:00:00+09:00,445.00817660557493,445.00817660557493,430.9579451600894,439.6435546875,17100,0.0,0.0
2011-10-26 00:00:00+09:00,431.46890535354055,436.3225956240824,431.46890535354055,434.2789611816406,9900,0.0,0.0
2011-10-27 00:00:00+09:00,431.7242993069879,441.9426574707031,431.7242993069879,441.9426574707031,16800,0.0,0.0
2011-10-28 00:00:00+09:00,442.9644827060598,452.9273516942584,434.53436279296875,434.53436279296875,19200,0.0,0.0
2011-10-31 00:00:00+09:00,434.78985595703125,446.030032740593,434.78985595703125,434.78985595703125,24300,0.0,0.0
2011-11-01 00:00:00+09:00,434.53433265719866,440.66532853243245,429.169711266369,430.1915283203125,21000,0.0,0.0
2011-11-02 00:00:00+09:00,428.65887422489857,428.65887422489857,416.65236916240366,420.73968505859375,46500,0.0,0.0
2011-11-04 00:00:00+09:00,421.2505713917242,433.2570751518232,418.95144767905094,426.8706359863281,50700,0.0,0.0
2011-11-07 00:00:00+09:00,421.5060069296121,423.549688009686,414.60863590712756,415.11956787109375,49500,0.0,0.0
2011-11-08 00:00:00+09:00,415.3750551489314,420.2287456134752,403.6239929199219,403.6239929199219,43500,0.0,0.0
2011-11-09 00:00:00+09:00,411.2876988147313,418.6959550926476,410.7767668461266,413.5868225097656,34800,0.0,0.0
2011-11-10 00:00:00+09:00,408.47761037801786,411.2876658161998,398.00380990460104,406.4339294433594,42600,0.0,0.0
2011-11-11 00:00:00+09:00,406.1785114570467,406.1785114570467,399.53658309915227,402.6020812988281,18900,0.0,0.0
2011-11-14 00:00:00+09:00,414.6085890137863,414.6085890137863,407.2002868652344,407.2002868652344,19800,0.0,0.0
2011-11-15 00:00:00+09:00,407.20027367192347,409.2439544546362,406.68938855808335,408.2221374511719,17400,0.0,0.0
2011-11-16 00:00:00+09:00,408.2221346543027,408.2221346543027,398.51470947265625,398.51470947265625,25800,0.0,0.0
2011-11-17 00:00:00+09:00,401.06932480672276,412.5649428436268,398.77020119934195,405.6675720214844,25500,0.0,0.0
2011-11-18 00:00:00+09:00,402.3466046029383,405.6675451124941,399.79203857834057,404.1347961425781,20100,0.0,0.0
2011-11-21 00:00:00+09:00,393.91650114479916,396.2156246923369,387.5300390501185,389.82916259765625,48600,0.0,0.0
2011-11-22 00:00:00+09:00,389.06278476908193,401.5802428839483,387.2745931725967,390.0846252441406,37200,0.0,0.0
2011-11-24 00:00:00+09:00,383.6981407272661,384.20907262881263,378.3335194762755,381.3990173339844,29100,0.0,0.0
2011-11-25 00:00:00+09:00,381.3990173339844,390.5955109071111,380.88810882033044,381.3990173339844,35400,0.0,0.0
2011-11-28 00:00:00+09:00,380.1217240413347,388.2963769774424,380.1217240413347,384.719970703125,22500,0.0,0.0
2011-11-29 00:00:00+09:00,388.2964726046518,398.5148088322129,388.2964726046518,395.4493103027344,28800,0.0,0.0
2011-11-30 00:00:00+09:00,393.1501378663999,393.4055804537204,382.93180290041806,385.2309265136719,50400,0.0,0.0
2011-12-01 00:00:00+09:00,391.6173701283168,398.51474063938304,391.6173701283168,395.9601745605469,23400,0.0,0.0
2011-12-02 00:00:00+09:00,397.4929407417234,398.00382591409743,393.4055787079944,395.1938171386719,111600,0.0,0.0
2011-12-05 00:00:00+09:00,403.1129895089021,411.03217713292725,398.5147424802835,403.8793640136719,36000,0.0,0.0
2011-12-06 00:00:00+09:00,406.434009951879,406.434009951879,390.85107421875,390.85107421875,43500,0.0,0.0
2011-12-07 00:00:00+09:00,390.34009087270226,398.25930192480496,383.44272029477565,391.3619079589844,57900,0.0,0.0
2011-12-08 00:00:00+09:00,390.8510314726346,401.32483287526975,390.8510314726346,398.00384521484375,58800,0.0,0.0
2011-12-09 00:00:00+09:00,398.00384101314506,420.48419272412184,395.1938321311164,416.1413879394531,77400,0.0,0.0
2011-12-12 00:00:00+09:00,422.78327042199317,432.74613866270164,421.25052146188415,426.6151428222656,45900,0.0,0.0
2011-12-13 00:00:00+09:00,429.1697079041675,433.7679547745693,427.89240151490503,433.51251220703125,27600,0.0,0.0
2011-12-14 00:00:00+09:00,436.32256576216673,437.59987228311957,429.9361267089844,429.9361267089844,51600,0.0,0.0
2011-12-15 00:00:00+09:00,429.93612296881935,436.8334939255384,426.87062476583316,431.4688720703125,36900,0.0,0.0
2011-12-16 00:00:00+09:00,434.27896726208513,435.55622711254597,425.8488464355469,425.8488464355469,21300,0.0,0.0
2011-12-19 00:00:00+09:00,425.8488782715657,439.1326904296875,418.44057412671793,439.1326904296875,31500,0.0,0.0
2011-12-20 00:00:00+09:00,439.1327302957279,439.1327302957279,424.0606780037077,426.35980224609375,47700,0.0,0.0
2011-12-21 00:00:00+09:00,425.0823669433594,426.35962647870895,422.2723117691806,425.0823669433594,14400,0.0,0.0
2011-12-22 00:00:00+09:00,421.5059373376576,428.1478646694514,417.41862262812924,425.0823669433594,25500,0.0,0.0
2011-12-26 00:00:00+09:00,425.337890625,427.6370143581081,424.06058407023147,425.337890625,4500,0.0,0.0
2011-12-27 00:00:00+09:00,426.61529167911607,426.61529167911607,424.0606780037077,426.35980224609375,2700,0.0,0.0
2011-12-28 00:00:00+09:00,420.995090454706,423.5497035927342,420.995090454706,421.2505798339844,2700,0.0,0.0
2011-12-29 00:00:00+09:00,422.527777846266,427.3815140333431,419.71776929141697,423.8050842285156,8400,0.0,0.0
2011-12-30 00:00:00+09:00,424.0605463507837,428.4033508300781,419.9732312251929,428.4033508300781,15600,0.0,0.0
2012-01-04 00:00:00+09:00,428.40330672655404,433.7679277410189,427.63693229591615,431.979736328125,34800,0.0,0.0
2012-01-05 00:00:00+09:00,435.55615254337835,437.85527601154126,417.6740967162624,437.3443908691406,11100,0.0,0.0
2012-01-06 00:00:00+09:00,431.72429389125165,437.3444048435305,431.72429389125165,433.7679748535156,6600,0.0,0.0
2012-01-10 00:00:00+09:00,436.8335132565356,437.34444523824016,434.5343895025538,436.067138671875,9300,0.0,0.0
2012-01-11 00:00:00+09:00,433.00165073974716,438.6217155703967,433.00165073974716,435.81170654296875,19200,0.0,0.0
2012-01-12 00:00:00+09:00,432.23523008378146,434.27891106617807,424.31604228765116,427.8924255371094,24000,0.0,0.0
2012-01-13 00:00:00+09:00,431.72429389125165,437.59984742289294,431.4688513118892,433.7679748535156,18300,0.0,0.0
2012-01-16 00:00:00+09:00,433.76790340997576,434.0233459472657,433.76790340997576,434.0233459472656,4200,0.0,0.0
2012-01-17 00:00:00+09:00,436.06711109964846,437.08892822265625,433.7679874910387,437.08892822265625,6600,0.0,0.0
2012-01-18 00:00:00+09:00,437.0889798371374,439.13266110027456,433.25710670362713,434.78985595703125,18900,0.0,0.0
2012-01-19 00:00:00+09:00,435.3006892094362,440.6653103792708,434.5343147566027,437.8552551269531,21000,0.0,0.0
2012-01-20 00:00:00+09:00,440.66530997879727,447.05174815467774,436.83343771811207,446.5408630371094,34200,0.0,0.0
2012-01-23 00:00:00+09:00,447.0518226460011,448.3291292043259,439.8990088261249,445.5190734863281,14100,0.0,0.0
2012-01-24 00:00:00+09:00,447.81826914368895,447.81826914368895,437.599955363446,445.2637023925781,16800,0.0,0.0
2012-01-25 00:00:00+09:00,442.709107884706,449.8619224048324,442.709107884706,448.07373046875,25800,0.0,0.0
2012-01-26 00:00:00+09:00,450.37265994789504,450.37265994789504,447.0516733603982,448.3289794921875,12300,0.0,0.0
2012-01-27 00:00:00+09:00,448.0736979988908,462.3793260024799,448.0736979988908,453.1828308105469,26100,0.0,0.0
2012-01-30 00:00:00+09:00,462.1238708496094,462.3793134505198,462.1238708496094,462.1238708496094,5400,0.0,0.0
2012-01-31 00:00:00+09:00,462.1238065428536,463.65655548661096,455.73736820245966,459.3137512207031,8100,0.0,0.0
2012-02-01 00:00:00+09:00,459.31379658095597,472.0867212989396,459.31379658095597,469.78759765625,13800,0.0,0.0
2012-02-02 00:00:00+09:00,472.3420787918762,478.98400593273743,465.1892665618746,466.7220153808594,21300,0.0,0.0
2012-02-03 00:00:00+09:00,470.5539471410417,470.5539471410417,458.8028869628906,458.8028869628906,11100,0.0,0.0
2012-02-06 00:00:00+09:00,460.591101702425,467.4884726097825,460.591101702425,461.868408203125,8700,0.0,0.0
2012-02-07 00:00:00+09:00,461.86844542434756,462.3793306451668,461.3575134277344,461.3575134277344,7500,0.0,0.0
2012-02-08 00:00:00+09:00,461.35740061556356,477.4512634277344,459.8246517763092,477.4512634277344,17700,0.0,0.0
2012-02-09 00:00:00+09:00,480.26130079211987,505.8070982427564,480.26130079211987,501.46429443359375,61800,0.0,0.0
2012-02-10 00:00:00+09:00,500.69796163675403,500.69796163675403,490.7350937225098,494.3115234375,48300,0.0,0.0
2012-02-13 00:00:00+09:00,494.3114254073489,507.0843460485595,490.99048568645975,499.9314880371094,44400,0.0,0.0
2012-02-14 00:00:00+09:00,502.7416280911209,516.0254360056658,500.1870622394962,504.7853088378906,97200,0.0,0.0
2012-02-15 00:00:00+09:00,504.7853333464778,506.0625929464126,496.61065673828125,496.61065673828125,55800,0.0,0.0
2012-02-16 00:00:00+09:00,493.28983249237444,504.78545225442514,492.2679684407722,500.6980895996094,21300,0.0,0.0
2012-02-17 00:00:00+09:00,500.6980115566928,504.7853735744186,495.8443217834063,503.25262451171875,26700,0.0,0.0
2012-02-20 00:00:00+09:00,503.25261702625886,505.5517405861111,501.4643786291814,504.5298767089844,36000,0.0,0.0
2012-02-21 00:00:00+09:00,504.52992632555276,504.52992632555276,497.63255496769347,498.6544189453125,23400,0.0,0.0
2012-02-22 00:00:00+09:00,504.52990431545226,505.2962788773369,494.31159241558754,503.5080871582031,46800,0.0,0.0
2012-02-23 00:00:00+09:00,504.78537729840565,505.55175183540945,501.2089472004582,501.7198791503906,33600,0.0,0.0
2012-02-24 00:00:00+09:00,501.7197401168331,505.0406799316407,498.65424281831025,505.0406799316406,40500,0.0,0.0
2012-02-27 00:00:00+09:00,504.78535326753115,505.2962384173527,501.20892333984375,501.20892333984375,53400,0.0,0.0
2012-02-28 00:00:00+09:00,500.697956926884,507.08444184184737,497.88794846905284,505.29620361328125,70200,0.0,0.0
2012-02-29 00:00:00+09:00,504.27448371904455,504.27448371904455,497.63255496769347,498.6544189453125,43500,0.0,0.0
2012-03-01 00:00:00+09:00,503.7635731719622,503.7635731719622,487.1588207505249,494.56707763671875,31800,0.0,0.0
2012-03-02 00:00:00+09:00,500.1870623303386,508.1062492148617,499.93157300208145,500.4425048828125,48300,0.0,0.0
2012-03-05 00:00:00+09:00,504.52988793554465,505.8071944224808,501.4643897875296,501.7198791503906,47700,0.0,0.0
2012-03-06 00:00:00+09:00,504.7853831989188,505.55175774488083,496.6107057833938,503.7635192871094,46200,0.0,0.0
2012-03-07 00:00:00+09:00,493.54531524643835,508.36187744140625,493.54531524643835,508.36187744140625,22800,0.0,0.0
2012-03-08 00:00:00+09:00,505.8072453855558,506.5736199997763,501.9753723144531,501.9753723144531,29400,0.0,0.0
2012-03-09 00:00:00+09:00,502.23075987514335,514.4927523585714,502.23075987514335,505.80718994140625,106500,0.0,0.0
2012-03-12 00:00:00+09:00,506.0626257488859,513.7263709483934,504.52987670898443,504.5298767089844,51300,0.0,0.0
2012-03-13 00:00:00+09:00,504.52973385485217,508.61709465447376,499.9314880371094,499.9314880371094,48000,0.0,0.0
2012-03-14 00:00:00+09:00,509.8943721429772,512.4489844277048,505.80705797350083,510.4053039550781,47700,0.0,0.0
2012-03-15 00:00:00+09:00,517.302760819663,536.4621223315024,517.0473182581002,521.3900756835938,144600,0.0,0.0
2012-03-16 00:00:00+09:00,524.4556125998129,550.5123461972595,524.4556125998129,549.7459716796875,101100,0.0,0.0
2012-03-19 00:00:00+09:00,560.2197723451004,560.4752149256949,549.2350865184985,549.7459716796875,50700,0.0,0.0
2012-03-21 00:00:00+09:00,541.8268172575952,569.6717441838533,541.8268172575952,564.8180541992188,107700,0.0,0.0
2012-03-22 00:00:00+09:00,552.0451801361756,575.0364191993546,552.0451801361756,570.4381713867188,82800,0.0,0.0
2012-03-23 00:00:00+09:00,561.7525538614351,566.8617331992631,558.4316130185321,559.4534301757812,35700,0.0,0.0
2012-03-26 00:00:00+09:00,546.935872032512,564.5624830060758,546.935872032512,554.0886840820312,53400,0.0,0.0
2012-03-27 00:00:00+09:00,560.4751616022287,565.8397827148438,556.1324042663488,565.8397827148438,57600,0.0,0.0
2012-03-28 00:00:00+09:00,557.8592435180791,573.2971545533788,557.8592435180791,567.5406494140625,88500,17.5,0.0
2012-03-29 00:00:00+09:00,554.4577120538821,572.7739502060919,549.4861863384274,563.3541870117188,56100,0.0,0.0
2012-03-30 00:00:00+09:00,563.3540551899939,578.2686767578125,562.0457390820053,578.2686767578125,48900,0.0,0.0
2012-04-02 00:00:00+09:00,565.185600411874,575.128696389579,563.3539963809983,571.2037963867188,39600,0.0,0.0
2012-04-03 00:00:00+09:00,565.9707809247109,568.5873658831631,550.2711753512099,559.1676025390625,42000,0.0,0.0
2012-04-04 00:00:00+09:00,559.1675665890875,559.1675665890875,540.5897331291126,546.0845947265625,29100,0.0,0.0
2012-04-05 00:00:00+09:00,534.0481992864592,546.6078829377734,531.1699703906269,546.0845947265625,30300,0.0,0.0
2012-04-06 00:00:00+09:00,549.2244468969433,549.2244468969433,540.0663294103183,548.7011108398438,27300,0.0,0.0
2012-04-09 00:00:00+09:00,546.6078538038443,546.6078538038443,530.9082500764825,532.4782104492188,22200,0.0,0.0
2012-04-10 00:00:00+09:00,532.4780752366835,536.4029751718712,525.151611328125,525.151611328125,17100,0.0,0.0
2012-04-11 00:00:00+09:00,523.3201647880065,525.1517693384044,518.8719275525939,519.395263671875,22800,0.0,0.0
2012-04-12 00:00:00+09:00,520.9651196264633,535.0947608105035,518.8718234805896,534.8330688476562,41700,0.0,0.0
2012-04-13 00:00:00+09:00,536.4031925569033,538.4964893411337,528.5533895052832,533.5249633789062,27600,0.0,0.0
2012-04-16 00:00:00+09:00,536.4031483037069,536.4031483037069,519.6569191456113,524.89013671875,18900,0.0,0.0
2012-04-17 00:00:00+09:00,524.8901383840838,525.9367627374755,520.7035451477333,521.488525390625,11700,0.0,0.0
2012-04-18 00:00:00+09:00,533.7864379882812,542.6828626509591,531.6931418688474,533.7864379882812,40800,0.0,0.0
2012-04-19 00:00:00+09:00,533.7865342881945,535.0948505877952,528.291672905816,529.8616333007812,14100,0.0,0.0
2012-04-20 00:00:00+09:00,529.8614778547488,529.8614778547488,515.2085024967024,519.65673828125,33000,0.0,0.0
2012-04-23 00:00:00+09:00,515.9936507636339,524.8901252344592,515.4703625557435,519.395263671875,27600,0.0,0.0
2012-04-24 00:00:00+09:00,510.7605109892637,515.2087005725764,510.7605109892637,512.853759765625,14100,0.0,0.0
2012-04-25 00:00:00+09:00,514.9469258226172,524.6283307136592,512.5919856130625,518.871826171875,32100,0.0,0.0
2012-04-26 00:00:00+09:00,515.9937149274093,519.1336362107635,511.0221888658973,512.3305053710938,30900,0.0,0.0
2012-04-27 00:00:00+09:00,511.5453839197878,517.3018887139739,505.0038511099484,507.6204833984375,41100,0.0,0.0
2012-05-01 00:00:00+09:00,504.21895769602077,510.2371555005942,501.079036739094,501.3407287597656,21300,0.0,0.0
2012-05-02 00:00:00+09:00,501.60218975287336,507.62038536042894,498.985605881115,503.1721496582031,13800,0.0,0.0
2012-05-07 00:00:00+09:00,492.70590388423034,492.70590388423034,484.3327660798642,487.4726867675781,14400,0.0,0.0
2012-05-08 00:00:00+09:00,487.4727003882642,501.07900777807487,485.37940390083605,487.7343444824219,27000,0.0,0.0
2012-05-09 00:00:00+09:00,484.594435706333,495.8458507045503,475.6980092594037,491.3976135253906,39600,0.0,0.0
2012-05-10 00:00:00+09:00,497.15403491436416,503.172231500799,491.39753029563207,500.8172912597656,28200,0.0,0.0
2012-05-11 00:00:00+09:00,502.3872444737872,502.91058049057443,497.1540280400581,501.6022644042969,21600,0.0,0.0
2012-05-14 00:00:00+09:00,496.89248003739795,502.648985689274,486.68773716143244,495.8458557128906,42600,0.0,0.0
2012-05-15 00:00:00+09:00,476.22126884474045,483.8093777463212,465.4931916831558,479.6228332519531,40800,0.0,0.0
2012-05-16 00:00:00+09:00,469.1564702870906,483.80940066726697,463.1382733633204,470.2030944824219,27900,0.0,0.0
2012-05-17 00:00:00+09:00,460.5217448827917,471.2497759449361,460.5217448827917,462.0917053222656,31800,0.0,0.0
2012-05-18 00:00:00+09:00,461.3067126380392,461.3067126380392,443.7754562633482,450.0552978515625,71400,0.0,0.0
2012-05-21 00:00:00+09:00,443.7754240280684,450.0552651601231,436.9722947425996,445.083740234375,38400,0.0,0.0
2012-05-22 00:00:00+09:00,447.96209318044066,450.84032224962226,438.80397399598706,441.6822509765625,48300,0.0,0.0
2012-05-23 00:00:00+09:00,441.68219370781065,447.1770549237374,433.04741179706866,441.4205017089844,33000,0.0,0.0
2012-05-24 00:00:00+09:00,439.0655403241615,463.1382804776419,435.6639757035445,443.7754211425781,22500,0.0,0.0
2012-05-25 00:00:00+09:00,439.58878610108303,439.58878610108303,433.04730227837064,434.87890625,24000,0.0,0.0
2012-05-28 00:00:00+09:00,434.8790430191237,435.66402324117985,430.69249780528753,431.47747802734375,36600,0.0,0.0
2012-05-29 00:00:00+09:00,436.9722758364696,441.4204645049617,429.38411882641907,440.37384033203125,42300,0.0,0.0
2012-05-30 00:00:00+09:00,444.82211261353604,448.74701346626904,434.8790144828166,446.6537170410156,30300,0.0,0.0
2012-05-31 00:00:00+09:00,440.8972615437525,445.86878721476745,436.97236024784786,439.3273010253906,19200,0.0,0.0
2012-06-01 00:00:00+09:00,439.8505795527315,440.89725181614165,429.64583640852885,430.4308166503906,23100,0.0,0.0
2012-06-04 00:00:00+09:00,428.3375305825128,439.5888970972782,425.1976098889608,431.21575927734375,34200,0.0,0.0
2012-06-05 00:00:00+09:00,431.2158145127284,443.2522106540379,424.9359723212256,428.33758544921875,52500,0.0,0.0
2012-06-06 00:00:00+09:00,432.0007307237837,452.67190681300934,432.0007307237837,449.2702941894531,32400,0.0,0.0
2012-06-07 00:00:00+09:00,451.36351674723824,465.7548013107486,449.0085766598613,464.446533203125,36900,0.0,0.0
2012-06-08 00:00:00+09:00,467.84819917089425,467.84819917089425,452.93357537182214,456.5968322753906,45900,0.0,0.0
2012-06-11 00:00:00+09:00,463.6615778344172,469.41808238371243,456.5967571965352,459.9983215332031,25200,0.0,0.0
2012-06-12 00:00:00+09:00,456.85844295107086,456.85844295107086,447.4386812407395,455.2884826660156,42000,0.0,0.0
2012-06-13 00:00:00+09:00,455.2884967104374,467.84817937831156,451.62523996184507,453.7185363769531,30000,0.0,0.0
2012-06-14 00:00:00+09:00,453.7186368590994,464.18502542978916,450.57871549675264,456.0735778808594,21300,0.0,0.0
2012-06-15 00:00:00+09:00,457.9051270303625,467.32488997209384,450.3170166015625,450.3170166015625,33000,0.0,0.0
2012-06-18 00:00:00+09:00,455.5500890640715,459.2133453966708,455.5500890640715,457.905029296875,12000,0.0,0.0
2012-06-19 00:00:00+09:00,457.90507630472166,459.47503662109375,454.5035115897111,459.47503662109375,37200,0.0,0.0
2012-06-20 00:00:00+09:00,460.5216032879443,472.81959100834644,457.90497141908696,459.2132873535156,61200,0.0,0.0
2012-06-21 00:00:00+09:00,465.754860044647,475.1746215820312,465.754860044647,475.17462158203125,15300,0.0,0.0
2012-06-22 00:00:00+09:00,466.0164320221069,475.6978351386292,466.0164320221069,471.51129150390625,10200,0.0,0.0
2012-06-25 00:00:00+09:00,472.5579666137695,474.38957066894505,470.4646706140134,470.9880065917969,27600,0.0,0.0
2012-06-26 00:00:00+09:00,473.60479736328125,474.6514697756694,468.37162694693467,473.60479736328125,34500,0.0,0.0
2012-06-27 00:00:00+09:00,474.65135732244096,474.9130014078507,469.6797843199464,474.1280212402344,27600,0.0,0.0
2012-06-28 00:00:00+09:00,478.8378059374679,483.54768599586924,474.91290588880014,478.0528259277344,18600,0.0,0.0
2012-06-29 00:00:00+09:00,478.57621630143024,484.59436511918085,477.0062561035156,477.0062561035156,40800,0.0,0.0
2012-07-02 00:00:00+09:00,482.2393185512662,482.2393185512662,471.51129150390625,471.51129150390625,15900,0.0,0.0
2012-07-03 00:00:00+09:00,472.5580628860803,484.59440953619355,472.5580628860803,479.09954833984375,19200,0.0,0.0
2012-07-04 00:00:00+09:00,482.76277058154875,486.6876711553825,479.3612060546875,479.3612060546875,22800,0.0,0.0
2012-07-05 00:00:00+09:00,486.68760838952,486.68760838952,482.2393723423823,486.42596435546875,11700,0.0,0.0
2012-07-06 00:00:00+09:00,481.45446846716163,487.4726654930937,477.52956777881144,477.791259765625,27300,0.0,0.0
2012-07-09 00:00:00+09:00,467.32486693619575,478.3145898264979,467.32486693619575,474.91302490234375,17100,0.0,0.0
2012-07-10 00:00:00+09:00,472.5580659644078,477.26794702053144,468.3715209960937,468.37152099609375,29100,0.0,0.0
2012-07-11 00:00:00+09:00,469.94139331267513,473.86629345751544,465.7548012172596,466.27813720703125,18300,0.0,0.0
2012-07-12 00:00:00+09:00,463.13830988439065,474.65136858644274,449.0086665319855,450.84027099609375,25500,0.0,0.0
2012-07-13 00:00:00+09:00,452.41026457242015,461.30673927706005,447.7003831092785,460.5217590332031,30000,0.0,0.0
2012-07-17 00:00:00+09:00,450.0552105571289,451.10188255974083,442.46710205078125,442.46710205078125,31200,0.0,0.0
2012-07-18 00:00:00+09:00,444.8220421895884,450.31690251347175,438.542201819436,442.46710205078125,29400,0.0,0.0
2012-07-19 00:00:00+09:00,439.5889206235597,449.0086832083503,439.0655845094969,442.20550537109375,30000,0.0,0.0
2012-07-20 00:00:00+09:00,440.1122524696879,448.2236986463567,438.01895594512615,444.2987976074219,51300,0.0,0.0
2012-07-23 00:00:00+09:00,439.32728965051143,443.77547906310417,433.8324279785156,433.8324279785156,17700,0.0,0.0
2012-07-24 00:00:00+09:00,433.83238305157823,440.89720446966635,418.6560680643904,425.1976013183594,61200,0.0,0.0
2012-07-25 00:00:00+09:00,423.3659460814157,428.0758269942301,405.57309457392967,411.8529357910156,70500,0.0,0.0
2012-07-26 00:00:00+09:00,405.0497497767974,427.02919356313527,403.7414335809584,419.7027282714844,58200,0.0,0.0
2012-07-27 00:00:00+09:00,419.7027394456305,434.0940263374715,419.7027394456305,428.8608093261719,44400,0.0,0.0
2012-07-30 00:00:00+09:00,433.3090918488141,435.1406964356822,427.8142301768182,433.8324279785156,21600,0.0,0.0
2012-07-31 00:00:00+09:00,434.61736034903424,437.75728095863263,433.0474000442351,435.9256286621094,16500,0.0,0.0
2012-08-01 00:00:00+09:00,429.9075641234216,435.92571453642785,429.9075641234216,433.0474853515625,12600,0.0,0.0
2012-08-02 00:00:00+09:00,433.04739539709726,434.61735568504884,426.50586225637534,427.8141784667969,16500,0.0,0.0
2012-08-03 00:00:00+09:00,427.8141784667969,435.66397990655463,424.150921824448,427.8141784667969,15900,0.0,0.0
2012-08-06 00:00:00+09:00,435.14067438178535,435.14067438178535,426.76758419927665,429.64581298828125,14100,0.0,0.0
2012-08-07 00:00:00+09:00,429.6458348551098,429.6458348551098,424.67430931175767,425.45928955078125,18000,0.0,0.0
2012-08-08 00:00:00+09:00,425.4592363372434,470.7264404296875,424.1509201320422,470.7264404296875,213300,0.0,0.0
2012-08-09 00:00:00+09:00,467.0631977321475,470.988098553426,459.47504017387996,469.156494140625,65700,0.0,0.0
2012-08-10 00:00:00+09:00,461.82999921358163,465.75490019248286,459.73675063242695,463.6616516113281,28500,0.0,0.0
2012-08-13 00:00:00+09:00,464.4465618844723,464.4465618844723,456.59676110846084,457.905029296875,39900,0.0,0.0
2012-08-14 00:00:00+09:00,455.28844500866506,460.5216614964666,454.7651089864704,457.905029296875,54900,0.0,0.0
2012-08-15 00:00:00+09:00,457.905056064789,460.521688417342,455.28847162362047,458.166748046875,42000,0.0,0.0
2012-08-16 00:00:00+09:00,455.28843141951654,460.5216477511205,454.76509541294206,457.64337158203125,45600,0.0,0.0
2012-08-17 00:00:00+09:00,461.30669042280005,478.83789804184806,461.30669042280005,476.2213134765625,54000,0.0,0.0
2012-08-20 00:00:00+09:00,487.2111331266165,492.4443033033672,478.8379937678606,482.5012512207031,33300,0.0,0.0
2012-08-21 00:00:00+09:00,476.2212549292878,484.59434367335757,476.2212549292878,483.0243835449219,37500,0.0,0.0
2012-08-22 00:00:00+09:00,477.26795562282774,484.071133241423,464.4466284871949,474.3896789550781,26700,0.0,0.0
2012-08-23 00:00:00+09:00,475.9595399233951,484.0710321351824,465.75479958262525,479.1308898925781,62700,0.0,0.0
2012-08-24 00:00:00+09:00,483.54779097332835,483.54779097332835,479.62289007257084,481.7161865234375,23100,0.0,0.0
2012-08-27 00:00:00+09:00,484.0711008669853,484.59438901784176,476.4829435657132,477.791259765625,19500,0.0,0.0
2012-08-28 00:00:00+09:00,483.8094325169073,483.8094325169073,466.8015606440525,468.37152099609375,22500,0.0,0.0
2012-08-29 00:00:00+09:00,460.52167610695994,483.80938720703125,460.52167610695994,483.80938720703125,30900,0.0,0.0
2012-08-30 00:00:00+09:00,473.866382228238,475.6979866684902,468.3715209960937,468.37152099609375,12300,0.0,0.0
2012-08-31 00:00:00+09:00,468.3714749102903,477.2679000593568,460.7833179849382,463.39990234375,27600,0.0,0.0
2012-09-03 00:00:00+09:00,468.371566357537,481.9778747558594,466.5399138285029,481.9778747558594,55500,0.0,0.0
2012-09-04 00:00:00+09:00,481.19295675180194,481.19295675180194,468.37162694693467,473.60479736328125,31200,0.0,0.0
2012-09-05 00:00:00+09:00,469.6796875,473.60458752900104,463.13820342212404,469.6796875,17100,0.0,0.0
2012-09-06 00:00:00+09:00,465.7548596005792,469.67976023741386,462.0916509471234,463.1382751464844,23400,0.0,0.0
2012-09-07 00:00:00+09:00,469.9413386444934,473.6045464126183,463.6614991432813,465.49310302734375,29100,0.0,0.0
2012-09-10 00:00:00+09:00,465.49320557514744,468.109789973293,458.42838457990916,462.61492919921875,41100,0.0,0.0
2012-09-11 00:00:00+09:00,461.8299589637446,466.5398397279461,457.38177018292185,463.1382751464844,32400,0.0,0.0
2012-09-12 00:00:00+09:00,463.40000327336173,473.60474678014276,463.40000327336173,472.2964782714844,42600,0.0,0.0
2012-09-13 00:00:00+09:00,466.016551583958,473.60466087424845,462.0916509471234,463.1382751464844,30300,0.0,0.0
2012-09-14 00:00:00+09:00,473.08136560957934,473.08136560957934,463.13826817546396,463.9232482910156,50700,0.0,0.0
2012-09-18 00:00:00+09:00,470.72643234815956,470.72643234815956,462.0916509471234,463.1382751464844,39000,0.0,0.0
2012-09-19 00:00:00+09:00,463.3998072231487,468.37137876919036,457.9049476595882,465.49310302734375,52500,0.0,0.0
2012-09-20 00:00:00+09:00,463.1382751464844,467.84815591068593,460.52169069238954,463.1382751464844,66600,0.0,0.0
2012-09-21 00:00:00+09:00,460.52176758047267,466.5399176208113,458.1668268051942,464.70831298828125,55500,0.0,0.0
2012-09-24 00:00:00+09:00,464.70826161527236,465.4932417869198,453.7185392122085,455.02685546875,44400,0.0,0.0
2012-09-25 00:00:00+09:00,455.02687187548827,456.5968322753906,441.68220847631846,456.5968322753906,62400,0.0,0.0
2012-09-26 00:00:00+09:00,462.1272414296777,464.0156608599167,444.5917487858147,448.098876953125,72300,17.5,0.0
2012-09-27 00:00:00+09:00,445.13122841163914,445.13122841163914,434.6099448310004,437.0379333496094,80100,0.0,0.0
2012-09-28 00:00:00+09:00,438.9264338478569,449.71752886472075,434.61002547964864,439.46600341796875,53400,0.0,0.0
2012-10-01 00:00:00+09:00,442.70331701095415,454.84326171875,440.0055679861867,454.84326171875,72600,0.0,0.0
2012-10-02 00:00:00+09:00,453.2245289892477,454.0338585052999,439.46592721635983,439.7356872558594,43800,0.0,0.0
2012-10-03 00:00:00+09:00,440.27536141939254,440.27536141939254,432.99139404296875,432.99139404296875,42000,0.0,0.0
2012-10-04 00:00:00+09:00,434.3402133484711,436.76820202669694,429.4842359920195,433.5308837890625,62400,0.0,0.0
2012-10-05 00:00:00+09:00,433.53093918078196,441.3544263229585,430.563380617937,438.65667724609375,29700,0.0,0.0
2012-10-09 00:00:00+09:00,440.54512152303465,444.8615795666996,431.91230423083516,432.99139404296875,23400,0.0,0.0
2012-10-10 00:00:00+09:00,433.26110687527785,434.3402459672363,429.7540283203125,429.7540283203125,33900,0.0,0.0
2012-10-11 00:00:00+09:00,427.32606760791305,434.0704650878906,426.5167379344132,434.0704650878906,31500,0.0,0.0
2012-10-12 00:00:00+09:00,435.41932026974166,436.7682193882268,430.0237731933594,430.0237731933594,31200,0.0,0.0
2012-10-15 00:00:00+09:00,432.72164516102094,446.4802505621765,429.75408635373975,444.322021484375,48600,0.0,0.0
2012-10-16 00:00:00+09:00,447.01964998141995,448.3685489652169,439.19616430903585,447.8289794921875,31500,0.0,0.0
2012-10-17 00:00:00+09:00,447.82906852571585,459.159683929117,441.35443115234375,441.35443115234375,58800,0.0,0.0
2012-10-18 00:00:00+09:00,452.1455244280712,458.08059219561125,442.97308859020796,455.92236328125,26700,0.0,0.0
2012-10-19 00:00:00+09:00,452.95481696203706,457.5409851074219,449.1779290209331,457.5409851074219,23700,0.0,0.0
2012-10-22 00:00:00+09:00,451.8756444265441,458.35028076171875,449.1778957527397,458.35028076171875,30900,0.0,0.0
2012-10-23 00:00:00+09:00,458.35036872520726,461.0481673143099,453.2246304420155,458.62017822265625,25500,0.0,0.0
2012-10-24 00:00:00+09:00,449.71751899955837,456.73167626933656,449.71751899955837,452.6850280761719,21900,0.0,0.0
2012-10-25 00:00:00+09:00,451.8756560511473,452.6849856138643,449.44766736299624,451.60589599609375,17700,0.0,0.0
2012-10-26 00:00:00+09:00,458.6201295042727,458.6201295042727,451.0663535342867,452.4152526855469,13500,0.0,0.0
2012-10-29 00:00:00+09:00,452.4154011013756,453.7643006951452,449.71765131141194,450.2571716308594,12900,0.0,0.0
2012-10-30 00:00:00+09:00,450.5268249511719,455.92232266000906,450.5268249511719,450.5268249511719,26400,0.0,0.0
2012-10-31 00:00:00+09:00,450.52682000697865,454.57346794297683,446.74993213419447,448.36859130859375,50100,0.0,0.0
2012-11-01 00:00:00+09:00,449.1778908576165,463.2062529650959,449.1778908576165,462.9364929199219,45300,0.0,0.0
2012-11-02 00:00:00+09:00,462.93655883281826,465.9041173424722,457.0014912110719,465.6343078613281,20400,0.0,0.0
2012-11-05 00:00:00+09:00,465.63432900934987,477.2347540936858,459.159691528814,471.0298767089844,40500,0.0,0.0
2012-11-06 00:00:00+09:00,477.50452133704874,477.50452133704874,465.6343359791995,469.4112243652344,27300,0.0,0.0
2012-11-07 00:00:00+09:00,469.41123499614116,469.6809951021228,464.28549659709597,466.9832458496094,13200,0.0,0.0
2012-11-08 00:00:00+09:00,462.39694562149214,462.39694562149214,454.03388984422446,454.30364990234375,22200,0.0,0.0
2012-11-09 00:00:00+09:00,454.30357898573646,457.5408967680518,445.1311950683594,445.1311950683594,35700,0.0,0.0
2012-11-12 00:00:00+09:00,447.82894342110575,457.2711367520419,445.1311950683594,445.1311950683594,19500,0.0,0.0
2012-11-13 00:00:00+09:00,444.0521514853719,452.9547763065409,441.3543534563451,452.14544677734375,20100,0.0,0.0
2012-11-14 00:00:00+09:00,450.5269183334541,450.5269183334541,441.35448141162294,443.782470703125,17700,0.0,0.0
2012-11-15 00:00:00+09:00,444.3219565731042,452.4152526855469,442.43353727938734,452.4152526855469,21600,0.0,0.0
2012-11-16 00:00:00+09:00,449.4476556141444,457.81076047530746,447.2894764350194,451.0663146972656,48600,0.0,0.0
2012-11-19 00:00:00+09:00,457.5409881423369,464.015625,455.1129993207133,464.015625,21900,0.0,0.0
2012-11-20 00:00:00+09:00,464.5552799310503,470.7601578594,464.5552799310503,468.6019287109375,30600,0.0,0.0
2012-11-21 00:00:00+09:00,470.76000703514575,478.8533020019531,470.76000703514575,478.8533020019531,28800,0.0,0.0
2012-11-22 00:00:00+09:00,480.4720598638154,482.630239367359,476.425411547718,477.2347412109375,55800,0.0,0.0
2012-11-26 00:00:00+09:00,478.5835792806556,482.9000369767059,475.07650062548083,476.6951599121094,42300,0.0,0.0
2012-11-27 00:00:00+09:00,480.4720053302056,484.24884373151673,477.77420716063267,483.43951416015625,26700,0.0,0.0
2012-11-28 00:00:00+09:00,483.1697607794873,483.1697607794873,478.5835433458787,481.2813415527344,20700,0.0,0.0
2012-11-29 00:00:00+09:00,480.4720938281524,489.9142409681321,480.4720938281524,487.21649169921875,27300,0.0,0.0
2012-11-30 00:00:00+09:00,485.5977257065582,490.4537029636238,480.2021789550781,480.2021789550781,32100,0.0,0.0
2012-12-03 00:00:00+09:00,485.5977852607651,485.5977852607651,483.16979633446124,483.9791259765625,11700,0.0,0.0
2012-12-04 00:00:00+09:00,482.36036144340216,484.78834983992937,475.0763962538206,479.932373046875,29400,0.0,0.0
2012-12-05 00:00:00+09:00,479.9324557638475,485.3280029296875,475.34623820300556,485.3280029296875,27300,0.0,0.0
2012-12-06 00:00:00+09:00,485.32809093010246,486.9467504335963,481.55120228942747,486.67694091796875,20400,0.0,0.0
2012-12-07 00:00:00+09:00,486.6768421735038,495.0399475097656,482.9000036966996,495.0399475097656,41100,0.0,0.0
2012-12-10 00:00:00+09:00,495.0399339358812,498.8167723091254,486.407068773004,498.2772521972656,30900,0.0,0.0
2012-12-11 00:00:00+09:00,499.3562133906268,500.435302734375,494.2304772608929,500.435302734375,18300,0.0,0.0
2012-12-12 00:00:00+09:00,500.4354031474518,512.5753459413055,500.4354031474518,509.0682678222656,36000,0.0,0.0
2012-12-13 00:00:00+09:00,512.5754359632698,515.2732344340787,509.8776868900233,513.384765625,27900,0.0,0.0
2012-12-14 00:00:00+09:00,519.3198748213756,526.8736017497839,517.7012155226051,521.7478637695312,80100,0.0,0.0
2012-12-17 00:00:00+09:00,527.9525756835938,532.2690324652642,525.7943966903093,527.9525756835938,35700,0.0,0.0
2012-12-18 00:00:00+09:00,527.9527211600147,530.9202798404247,527.9527211600147,529.0318603515625,39300,0.0,0.0
2012-12-19 00:00:00+09:00,534.1575532788833,539.5531005859375,533.0784635764965,539.5531005859375,62400,0.0,0.0
2012-12-20 00:00:00+09:00,539.8227310859838,547.6462653936592,539.0134016540709,545.488037109375,54000,0.0,0.0
2012-12-21 00:00:00+09:00,546.0278187093282,552.772216796875,546.0278187093282,552.772216796875,64200,0.0,0.0
2012-12-25 00:00:00+09:00,551.1533305930802,553.0417494253963,501.7842363696178,533.3480834960938,69300,0.0,0.0
2012-12-26 00:00:00+09:00,529.8411924176831,542.2508979955065,529.8411924176831,536.0460205078125,23700,0.0,0.0
2012-12-27 00:00:00+09:00,537.6646870007909,543.0602348611934,534.4273681640625,534.4273681640625,35100,0.0,0.0
2012-12-28 00:00:00+09:00,534.4273576001348,540.9019951456087,534.4273576001348,536.8553466796875,28800,0.0,0.0
2013-01-04 00:00:00+09:00,554.6605963630858,558.7072448029857,541.1718011617957,558.167724609375,36900,0.0,0.0
2013-01-07 00:00:00+09:00,559.5165839138252,564.6423716223981,556.2792651073854,563.563232421875,45300,0.0,0.0
2013-01-08 00:00:00+09:00,564.9120885152404,565.721418154947,550.3441550005207,551.6930541992188,51900,0.0,0.0
2013-01-09 00:00:00+09:00,551.6931805580582,558.7073394436525,549.8047113678371,554.3909301757812,35100,0.0,0.0
2013-01-10 00:00:00+09:00,554.9303727580453,557.088552198889,550.3441550005207,551.6930541992188,47400,0.0,0.0
2013-01-11 00:00:00+09:00,553.5814392654179,566.530712698527,551.4232105607138,559.7863159179688,86700,0.0,0.0
2013-01-15 00:00:00+09:00,562.7539378621162,580.0196721730182,562.7539378621162,579.4801025390625,46800,0.0,0.0
2013-01-16 00:00:00+09:00,579.4800709355918,579.4800709355918,566.5307956074222,576.5125122070312,57300,0.0,0.0
2013-01-17 00:00:00+09:00,576.5125615836007,577.321891360928,569.2285935876554,575.4334716796875,61800,0.0,0.0
2013-01-18 00:00:00+09:00,575.7030741161532,577.3217332274428,571.3866662852328,573.2750854492188,58200,0.0,0.0
2013-01-21 00:00:00+09:00,570.3076516432607,585.1453456479635,570.3076516432607,580.2893676757812,45300,0.0,0.0
2013-01-22 00:00:00+09:00,579.749650207538,580.289219643768,569.4981767020165,575.7030029296875,41700,0.0,0.0
2013-01-23 00:00:00+09:00,574.0845230829995,582.7173897676342,567.070365211951,576.5125122070312,35700,0.0,0.0
2013-01-24 00:00:00+09:00,572.1961605520133,580.0196983078316,572.1961605520133,577.3218994140625,48000,0.0,0.0
2013-01-25 00:00:00+09:00,586.4943358059263,588.1129953809219,571.386829973444,573.8148193359375,56700,0.0,0.0
2013-01-28 00:00:00+09:00,585.415042215467,598.6341248593305,582.71729343394,591.3501586914062,114600,0.0,0.0
2013-01-29 00:00:00+09:00,585.1453599166243,592.9688966395477,584.8755998218903,587.3035888671875,70800,0.0,0.0
2013-01-30 00:00:00+09:00,582.7173338368106,592.9688589534968,580.5591050234133,589.4617309570312,46800,0.0,0.0
2013-01-31 00:00:00+09:00,589.4617626856036,595.6666399846312,588.112912827492,592.4293212890625,81600,0.0,0.0
2013-02-01 00:00:00+09:00,594.3177237831288,612.3927855830535,594.3177237831288,606.7274780273438,100500,0.0,0.0
2013-02-04 00:00:00+09:00,614.2812921147479,631.2772171930216,614.2812921147479,628.5794677734375,126300,0.0,0.0
2013-02-05 00:00:00+09:00,628.0396711625393,651.2404658586208,627.2303416893917,643.4169311523438,94800,0.0,0.0
2013-02-06 00:00:00+09:00,656.9059540819461,701.4190874317018,656.3663844845792,682.8045043945312,186900,0.0,0.0
2013-02-07 00:00:00+09:00,674.4413077269301,677.1391059554064,664.189832530905,675.5204467773438,106200,0.0,0.0
2013-02-08 00:00:00+09:00,664.9990730691719,670.9341394614445,652.3195614064225,652.859130859375,103800,0.0,0.0
2013-02-12 00:00:00+09:00,652.859292792352,660.9525896063168,645.0357560729981,647.4637451171875,108000,0.0,0.0
2013-02-13 00:00:00+09:00,657.7152708807308,660.9525896063168,606.9972610473633,647.4637451171875,205800,0.0,0.0
2013-02-14 00:00:00+09:00,638.8308949786457,647.463761599156,631.5469276606552,639.9100341796875,94200,0.0,0.0
2013-02-15 00:00:00+09:00,639.3704659062992,639.91003550794,620.2163131200446,633.1655883789062,94800,0.0,0.0
2013-02-18 00:00:00+09:00,633.9749816175062,650.9709070980389,632.626131574574,642.6078491210938,78900,0.0,0.0
2013-02-19 00:00:00+09:00,643.4171284556238,647.4637770622629,638.2913900197362,640.1798095703125,74100,0.0,0.0
2013-02-20 00:00:00+09:00,647.7335227143943,658.5246183563124,645.0357735026972,653.6686401367188,72900,0.0,0.0
2013-02-21 00:00:00+09:00,660.9526196894262,664.999268280591,643.9566956065345,644.4962158203125,122700,0.0,0.0
2013-02-22 00:00:00+09:00,639.1006567619684,645.0357243343225,622.9140639304923,626.421142578125,94500,0.0,0.0
2013-02-25 00:00:00+09:00,639.9100935496247,643.4171727844803,633.7052154594314,633.9749755859375,74400,0.0,0.0
2013-02-26 00:00:00+09:00,632.6259987667012,632.6259987667012,622.6442339180944,631.277099609375,87300,0.0,0.0
2013-02-27 00:00:00+09:00,644.7658467190977,645.8449362453026,633.165424372798,639.3703002929688,90000,0.0,0.0
2013-02-28 00:00:00+09:00,643.4170967102051,652.0499631109554,642.6077670288087,647.4637451171875,69600,0.0,0.0
2013-03-01 00:00:00+09:00,650.1614737064548,668.5062957041416,648.8126238784693,662.5712280273438,89400,0.0,0.0
2013-03-04 00:00:00+09:00,663.6502804359902,671.2040069994898,658.2547332348852,664.7293701171875,110100,0.0,0.0
2013-03-05 00:00:00+09:00,666.3480577690541,670.1249459107332,666.3480577690541,668.5062866210938,61200,0.0,0.0
2013-03-06 00:00:00+09:00,669.0458457939848,672.8226844794526,659.8734103634243,670.9342651367188,93900,0.0,0.0
2013-03-07 00:00:00+09:00,673.0926020108163,678.2183407054229,669.0459531999248,674.1716918945312,138000,0.0,0.0
2013-03-08 00:00:00+09:00,679.8369036365658,685.2324510836622,676.0600154838422,682.264892578125,135600,0.0,0.0
2013-03-11 00:00:00+09:00,683.0741222269561,690.8976574702884,683.0741222269561,687.6603393554688,91200,0.0,0.0
2013-03-12 00:00:00+09:00,690.3581429401348,690.3581429401348,671.4738022329476,674.7111206054688,92700,0.0,0.0
2013-03-13 00:00:00+09:00,674.7111704786631,687.1208753581068,674.1716009108397,684.962646484375,62400,0.0,0.0
2013-03-14 00:00:00+09:00,690.8977565318182,691.9768462589609,680.9159913148937,686.581298828125,53100,0.0,0.0
2013-03-15 00:00:00+09:00,686.581302305096,687.9302015190264,682.5346540608664,685.77197265625,80700,0.0,0.0
2013-03-18 00:00:00+09:00,685.7718708567877,690.3580879853004,675.7901564686117,687.6603393554688,60600,0.0,0.0
2013-03-19 00:00:00+09:00,687.6602991172816,694.674455023924,686.3114001825189,690.6278076171875,95100,0.0,0.0
2013-03-21 00:00:00+09:00,701.1491747511283,714.3682574595289,690.8976996927427,710.5913696289062,176700,0.0,0.0
2013-03-22 00:00:00+09:00,714.9078166341981,714.9078166341981,710.0518388999336,711.9403076171875,99300,0.0,0.0
2013-03-25 00:00:00+09:00,714.907805968213,737.569035056689,702.2283416718433,722.1917724609375,171600,0.0,0.0
2013-03-26 00:00:00+09:00,725.6989625453864,727.587381998698,701.6888322501347,704.1168212890625,114900,0.0,0.0
2013-03-27 00:00:00+09:00,715.8175986586341,715.8175986586341,702.0518591267969,710.8619384765625,75300,17.5,0.0
2013-03-28 00:00:00+09:00,710.8620487788011,711.6879922706387,696.821009417561,705.0804443359375,52800,0.0,0.0
2013-03-29 00:00:00+09:00,696.8209435786003,700.1247172337946,686.0836791992188,686.0836791992188,68100,0.0,0.0
2013-04-01 00:00:00+09:00,680.0266872464505,682.5045173421804,646.9889526367188,646.9889526367188,104400,0.0,0.0
2013-04-02 00:00:00+09:00,619.4575876209938,646.1630757056809,608.7203227688966,637.0776977539062,120600,0.0,0.0
2013-04-03 00:00:00+09:00,637.0776430964065,656.0743408203125,637.0776430964065,656.0743408203125,48300,0.0,0.0
2013-04-04 00:00:00+09:00,660.7546623986457,673.6944580078125,645.61238485587,673.6944580078125,58500,0.0,0.0
2013-04-05 00:00:00+09:00,688.2862485792642,713.0645541330568,686.9097096562258,698.1975708007812,186900,0.0,0.0
2013-04-08 00:00:00+09:00,699.2988308897883,714.441111241329,688.8368633240098,699.8494262695312,100500,0.0,0.0
2013-04-09 00:00:00+09:00,710.0360651052736,710.5866604609465,692.6912527582442,694.3431396484375,80100,0.0,0.0
2013-04-10 00:00:00+09:00,692.6912259546947,693.7924670350155,681.9539615839146,693.2418212890625,78900,0.0,0.0
2013-04-11 00:00:00+09:00,695.4443807713706,697.0962676615638,689.3874789778577,694.3431396484375,122100,0.0,0.0
2013-04-12 00:00:00+09:00,689.6628079397615,693.2418795603362,688.2862186649608,692.6912841796875,45300,0.0,0.0
2013-04-15 00:00:00+09:00,693.2419339447546,693.7925797801906,661.0301355978172,682.2293701171875,59100,0.0,0.0
2013-04-16 00:00:00+09:00,669.2894545371729,677.5488885726443,665.9856809229843,675.6217041015625,45900,0.0,0.0
2013-04-17 00:00:00+09:00,678.3747508731747,695.1689650118593,678.3747508731747,691.58984375,54300,0.0,0.0
2013-04-18 00:00:00+09:00,691.589919840573,692.1405655748838,684.1564292795063,688.8367919921875,42900,0.0,0.0
2013-04-19 00:00:00+09:00,691.0393760254208,693.2418583036606,677.2736349342761,681.6786499023438,67200,0.0,0.0
2013-04-22 00:00:00+09:00,689.6626934549531,693.5171125376037,682.7798490466882,683.3304443359375,153600,0.0,0.0
2013-04-23 00:00:00+09:00,683.3305070836309,689.1121110327192,677.5489031345425,680.0267333984375,140100,0.0,0.0
2013-04-24 00:00:00+09:00,682.7799055440244,692.4158784306177,681.4033163838317,686.0836791992188,144300,0.0,0.0
2013-04-25 00:00:00+09:00,688.2860821523814,705.9062398933809,687.735486880936,700.6752319335938,145500,0.0,0.0
2013-04-26 00:00:00+09:00,702.0518961346033,705.6309674286828,700.9506550621754,703.1531372070312,219600,0.0,0.0
2013-04-30 00:00:00+09:00,716.9188948282788,763.1717267526839,716.9188948282788,754.9122924804688,359400,0.0,0.0
2013-05-01 00:00:00+09:00,755.1876193945899,755.1876193945899,729.5833721592795,732.8871459960938,171900,0.0,0.0
2013-05-02 00:00:00+09:00,733.1626256203916,759.0421751810596,732.3366820130128,757.114990234375,179100,0.0,0.0
2013-05-07 00:00:00+09:00,765.6496424181709,781.6178669880048,763.4471095627624,766.4755859375,171000,0.0,0.0
2013-05-08 00:00:00+09:00,764.823607238041,775.28557403292,764.823607238041,770.0545654296875,171900,0.0,0.0
2013-05-09 00:00:00+09:00,779.1400020124344,784.9216063923433,769.5040283203125,769.5040283203125,125700,0.0,0.0
2013-05-10 00:00:00+09:00,783.2696443853332,795.3834977770066,732.3365014306657,736.7415161132812,339900,0.0,0.0
2013-05-13 00:00:00+09:00,739.4948263358972,761.7953037351231,739.4948263358972,757.114990234375,120000,0.0,0.0
2013-05-14 00:00:00+09:00,765.0989969174125,769.5040626300487,757.9408533546641,768.4027709960938,74400,0.0,0.0
2013-05-15 00:00:00+09:00,769.5039295661264,770.880468253149,748.3046994231977,752.1591186523438,115500,0.0,0.0
2013-05-16 00:00:00+09:00,765.3744078788612,776.3869722415427,743.6245264672009,761.2446899414062,182400,0.0,0.0
2013-05-17 00:00:00+09:00,764.5482364524865,798.4119134480865,763.9975907543889,792.6303100585938,245100,0.0,0.0
2013-05-20 00:00:00+09:00,798.4119982956776,845.2154256719564,796.4847633533179,838.3325805664062,300300,0.0,0.0
2013-05-21 00:00:00+09:00,836.9561037998619,836.9561037998619,798.4121055376821,808.8740234375,112500,0.0,0.0
2013-05-22 00:00:00+09:00,812.7283133621679,819.335860625275,786.0228266443053,793.1809692382812,99000,0.0,0.0
2013-05-23 00:00:00+09:00,816.8579520076751,838.3324785518607,752.7096700141325,755.1875,260400,0.0,0.0
2013-05-24 00:00:00+09:00,755.4629107245116,765.3742314902345,729.5833173396236,751.8837890625,166200,0.0,0.0
2013-05-27 00:00:00+09:00,730.9599829725173,738.3934743247802,714.7164109914871,722.14990234375,134700,0.0,0.0
2013-05-28 00:00:00+09:00,714.7163735987223,735.0896619317799,710.0360610443344,729.8587036132812,103500,0.0,0.0
2013-05-29 00:00:00+09:00,748.8554550057692,752.9851724958532,734.2637697369421,746.3776245117188,68100,0.0,0.0
2013-05-30 00:00:00+09:00,725.4538525981952,733.4379916839068,710.3115685227026,711.1375122070312,152700,0.0,0.0
2013-05-31 00:00:00+09:00,730.9597902732373,734.814208984375,697.371413991663,734.814208984375,441600,0.0,0.0
2013-06-03 00:00:00+09:00,722.1499844131978,722.7006302686962,689.6628871706987,692.416015625,172500,0.0,0.0
2013-06-04 00:00:00+09:00,688.2861430709407,699.0234071649877,670.6660341820071,695.4443359375,119400,0.0,0.0
2013-06-05 00:00:00+09:00,683.0553206570114,702.052022440701,674.2452392578125,674.2452392578125,79200,0.0,0.0
2013-06-06 00:00:00+09:00,668.7389054578406,684.4318312105275,655.248461992542,671.2167358398438,138600,0.0,0.0
2013-06-07 00:00:00+09:00,650.5680719879355,663.7831657876966,631.0207289385947,648.3655395507812,122400,0.0,0.0
2013-06-10 00:00:00+09:00,671.7673646522996,703.7038635253906,671.7673646522996,693.7925415039062,101700,0.0,0.0
2013-06-11 00:00:00+09:00,693.7924268769056,693.7924268769056,672.3178993783346,677.2735595703125,72300,0.0,0.0
2013-06-12 00:00:00+09:00,663.5079976572677,674.5206124178801,650.8435461353188,656.349853515625,69900,0.0,0.0
2013-06-13 00:00:00+09:00,651.1187004142265,656.6250065814545,634.599832324127,643.409912109375,81900,0.0,0.0
2013-06-14 00:00:00+09:00,646.7137385271606,667.0870276388182,629.0936279296875,629.0936279296875,188700,0.0,0.0
2013-06-17 00:00:00+09:00,622.7613402331028,674.5204781527134,619.4575665448635,672.8685913085938,109500,0.0,0.0
2013-06-18 00:00:00+09:00,648.3655793025009,670.9413491240341,648.0902816353213,657.1756591796875,102600,0.0,0.0
2013-06-19 00:00:00+09:00,670.9413321354191,682.229241966162,658.0015859318385,663.2325439453125,61200,0.0,0.0
2013-06-20 00:00:00+09:00,658.2769002599913,667.3622778043576,648.9162250484454,657.1756591796875,71100,0.0,0.0
2013-06-21 00:00:00+09:00,639.0050381998361,658.2770384135141,633.2234330945731,656.349853515625,58500,0.0,0.0
2013-06-24 00:00:00+09:00,670.1154748766575,671.4920641778104,648.3656462233471,651.1187744140625,90600,0.0,0.0
2013-06-25 00:00:00+09:00,660.7547516764716,660.7547516764716,639.830868010579,646.4384155273438,47400,0.0,0.0
2013-06-26 00:00:00+09:00,649.7421971076932,654.973155484243,633.2233281169179,635.1505126953125,55800,0.0,0.0
2013-06-27 00:00:00+09:00,632.6727059511694,647.2643909079533,632.6727059511694,646.7137451171875,45300,0.0,0.0
2013-06-28 00:00:00+09:00,656.3496991474167,668.1882042985776,646.7136761010954,663.2325439453125,119400,0.0,0.0
2013-07-01 00:00:00+09:00,666.536311844078,678.925462621849,663.2325383033391,678.3748168945312,41400,0.0,0.0
2013-07-02 00:00:00+09:00,690.4887591762756,705.0804443359375,686.3590417170874,705.0804443359375,62700,0.0,0.0
2013-07-03 00:00:00+09:00,710.3113029323569,725.1782836914062,709.4853595568542,725.1782836914062,81900,0.0,0.0
2013-07-04 00:00:00+09:00,725.4535522460938,728.7573256155812,721.3238355342344,725.4535522460938,51000,0.0,0.0
2013-07-05 00:00:00+09:00,729.5833101620394,734.5389704961474,717.469507397498,729.03271484375,42300,0.0,0.0
2013-07-08 00:00:00+09:00,732.3364477180363,737.2921077768541,719.947297570992,720.2225952148438,46800,0.0,0.0
2013-07-09 00:00:00+09:00,720.2226352236967,731.7858426699487,713.0644423816794,729.03271484375,95400,0.0,0.0
2013-07-10 00:00:00+09:00,733.1624152157581,740.5959055488867,732.3364718454105,735.089599609375,32400,0.0,0.0
2013-07-11 00:00:00+09:00,735.0896293058523,741.9724741996112,731.5105580269513,736.7415161132812,60900,0.0,0.0
2013-07-12 00:00:00+09:00,743.0737048704359,747.4787191925724,737.01675346447,738.6686401367188,41100,0.0,0.0
2013-07-16 00:00:00+09:00,743.3490302886623,747.4787471235993,740.5959025358984,741.6971435546875,63300,0.0,0.0
2013-07-17 00:00:00+09:00,745.8269325781405,754.3616647258921,742.2478611119712,752.7097778320312,49800,0.0,0.0
2013-07-18 00:00:00+09:00,756.8396058399229,765.3743896484375,754.637123266805,765.3743896484375,300600,0.0,0.0
2013-07-19 00:00:00+09:00,762.6209933053702,765.098823302115,742.5230556911893,743.3489990234375,58800,0.0,0.0
2013-07-22 00:00:00+09:00,754.3616601299005,763.4470379907816,748.85540412497,755.4629516601562,33000,0.0,0.0
2013-07-23 00:00:00+09:00,759.8679791074811,765.3742856150211,757.3901487408262,763.1717529296875,60000,0.0,0.0
2013-07-24 00:00:00+09:00,770.8804909390084,772.257080078125,763.7223484034047,772.257080078125,63900,0.0,0.0
2013-07-25 00:00:00+09:00,784.3709707893189,784.64626846562,743.6243941174147,760.6939086914062,78300,0.0,0.0
2013-07-26 00:00:00+09:00,757.6655500826025,757.6655500826025,741.9726222800848,746.9282836914062,48900,0.0,0.0
2013-07-29 00:00:00+09:00,739.4947230712277,745.5516756205969,723.2512013354583,732.6118774414062,71400,0.0,0.0
2013-07-30 00:00:00+09:00,742.7985250694013,770.6053071546589,724.3524698549152,739.4947509765625,76500,0.0,0.0
2013-07-31 00:00:00+09:00,739.7700628596538,761.7951887921073,735.0896996535024,743.8997802734375,74100,0.0,0.0
2013-08-01 00:00:00+09:00,754.3616975271104,770.6052694935748,748.0294977663651,769.5040283203125,53400,0.0,0.0
2013-08-02 00:00:00+09:00,769.5040153587248,770.8805541992188,757.1148633247467,770.8805541992188,45600,0.0,0.0
2013-08-05 00:00:00+09:00,758.2159983909353,769.5039076908118,757.9407007436735,766.2001342773438,21000,0.0,0.0
2013-08-06 00:00:00+09:00,766.2001824569571,768.9533103374401,757.11480499862,767.5767211914062,33900,0.0,0.0
2013-08-07 00:00:00+09:00,769.2286566722045,769.2286566722045,759.0420374994693,759.8679809570312,31800,0.0,0.0
2013-08-08 00:00:00+09:00,769.2285825669592,770.8804693229451,722.9757533993508,723.8016967773438,45900,0.0,0.0
2013-08-09 00:00:00+09:00,737.2922524492689,749.6814050273283,729.5834127929712,738.3934936523438,28200,0.0,0.0
2013-08-12 00:00:00+09:00,770.6053308527285,770.6053308527285,750.2320398498279,751.0579833984375,19500,0.0,0.0
2013-08-13 00:00:00+09:00,765.3743334166707,765.3743334166707,748.3048174653271,762.6211547851562,27600,0.0,0.0
2013-08-14 00:00:00+09:00,769.5039560781706,770.0545514073164,762.621060759586,767.5767211914062,24900,0.0,0.0
2013-08-15 00:00:00+09:00,770.8806441876254,770.8806441876254,766.7509263608853,768.6781616210938,24900,0.0,0.0
2013-08-16 00:00:00+09:00,768.9532477094159,770.6051343854834,758.4912819571283,763.7222900390625,17100,0.0,0.0
2013-08-19 00:00:00+09:00,770.3299603047534,770.6052579910623,757.3901624628127,765.6495971679688,24300,0.0,0.0
2013-08-20 00:00:00+09:00,758.4914117326882,765.3743076683323,753.2604531673337,754.3616943359375,22800,0.0,0.0
2013-08-21 00:00:00+09:00,754.3616744360887,765.3742874779739,750.2319571482788,759.8679809570312,40500,0.0,0.0
2013-08-22 00:00:00+09:00,759.8680691482182,768.1275046824379,756.839592648473,764.82373046875,33900,0.0,0.0
2013-08-23 00:00:00+09:00,770.8806012367252,778.589441024859,759.8680377828664,766.4755859375,33000,0.0,0.0
2013-08-26 00:00:00+09:00,771.7064076357153,771.7064076357153,754.6369448769535,763.9976196289062,18000,0.0,0.0
2013-08-27 00:00:00+09:00,770.3300648042173,770.6053625278719,762.621224425933,769.7794189453125,15600,0.0,0.0
2013-08-28 00:00:00+09:00,754.3617576053188,773.9091050599321,754.3617576053188,771.4312744140625,86700,0.0,0.0
2013-08-29 00:00:00+09:00,770.8805338829479,774.4596557617188,765.3742778429099,774.4596557617188,64800,0.0,0.0
2013-08-30 00:00:00+09:00,776.3868403345733,779.1399683545923,770.8805338829479,774.4596557617188,53100,0.0,0.0
2013-09-02 00:00:00+09:00,771.1558801724874,781.8931449605547,770.8805320830173,777.763427734375,56400,0.0,0.0
2013-09-03 00:00:00+09:00,781.617940616385,781.617940616385,770.8806738536553,774.1844482421875,34500,0.0,0.0
2013-09-04 00:00:00+09:00,779.9659147392849,796.7601318359375,776.9374890293344,796.7601318359375,89700,0.0,0.0
2013-09-05 00:00:00+09:00,798.4120353806537,800.3392200009417,793.7316722609959,799.78857421875,56700,0.0,0.0
2013-09-06 00:00:00+09:00,800.0639470854599,805.2949057376702,791.5291640494022,804.1936645507812,49800,0.0,0.0
2013-09-09 00:00:00+09:00,825.6682115083969,834.2029442996784,823.1903809807741,832.8263549804688,69600,0.0,0.0
2013-09-10 00:00:00+09:00,834.20285233833,834.20285233833,825.9434181567623,827.3200073242188,41100,0.0,0.0
2013-09-11 00:00:00+09:00,828.6965393261747,828.6965393261747,810.801132353017,813.5542602539062,18000,0.0,0.0
2013-09-12 00:00:00+09:00,813.554350786296,816.3074789935536,812.1777614768719,815.2062377929688,13800,0.0,0.0
2013-09-13 00:00:00+09:00,812.1776522786677,825.9433922873176,812.1776522786677,820.9877319335938,55800,0.0,0.0
2013-09-17 00:00:00+09:00,825.9434181567623,832.8262631708735,821.8137010659785,827.3200073242188,24000,0.0,0.0
2013-09-18 00:00:00+09:00,825.9435130025677,825.9435130025677,821.2631496250226,824.2916259765625,9600,0.0,0.0
2013-09-19 00:00:00+09:00,825.6681837553606,825.9434814453125,821.538466348134,825.9434814453125,49500,0.0,0.0
2013-09-20 00:00:00+09:00,825.9435245646765,834.2029598103234,821.8138069418532,830.0732421875,78000,0.0,0.0
2013-09-24 00:00:00+09:00,831.4498160728501,832.8263549804688,828.6966374344307,832.8263549804688,25500,0.0,0.0
2013-09-25 00:00:00+09:00,836.9559454368759,836.9559454368759,825.6680861327989,835.5794067382812,56700,0.0,0.0
2013-09-26 00:00:00+09:00,857.4016711781326,875.7041355338924,844.7307105203276,870.0726318359375,58800,22.5,0.0
2013-09-27 00:00:00+09:00,872.8883607527512,885.5593203292433,871.4804076110078,884.1513671875,53700,0.0,0.0
2013-09-30 00:00:00+09:00,884.1513391669495,884.1513391669495,855.9936692976515,865.848876953125,30900,0.0,0.0
2013-10-01 00:00:00+09:00,857.4016076779903,875.7040706782489,853.1779544381973,858.8095092773438,52500,0.0,0.0
2013-10-02 00:00:00+09:00,851.7700601030921,870.0725748177091,851.7700601030921,855.9937133789062,36600,0.0,0.0
2013-10-03 00:00:00+09:00,855.9936726058814,857.4015741501803,847.5463664566186,851.77001953125,51600,0.0,0.0
2013-10-04 00:00:00+09:00,848.9543714232753,872.8884428007559,840.5070642449343,867.2568359375,52800,0.0,0.0
2013-10-07 00:00:00+09:00,867.2567715949881,867.2567715949881,851.7700601030921,855.9937133789062,34200,0.0,0.0
2013-10-08 00:00:00+09:00,858.8095580721326,858.8095580721326,846.1385976328304,847.5464477539062,21600,0.0,0.0
2013-10-09 00:00:00+09:00,850.362252865891,872.8884219905189,847.5464495013937,871.48046875,41400,0.0,0.0
2013-10-10 00:00:00+09:00,884.1513127578578,901.0459244864571,872.8883070164759,898.230224609375,87600,0.0,0.0
2013-10-11 00:00:00+09:00,912.3090683840666,913.7169183766799,870.0725374403597,875.7040405273438,120900,0.0,0.0
2013-10-15 00:00:00+09:00,901.0458344725248,930.6114020439915,901.0458344725248,929.2035522460938,124500,0.0,0.0
2013-10-16 00:00:00+09:00,929.2037568268953,929.2037568268953,901.0460328539007,912.3091430664062,43800,0.0,0.0
2013-10-17 00:00:00+09:00,909.4932586985799,917.940564826172,878.5198372695852,916.53271484375,36900,0.0,0.0
2013-10-18 00:00:00+09:00,917.940564826172,927.7958240527162,913.716911762376,916.53271484375,42600,0.0,0.0
2013-10-21 00:00:00+09:00,913.7169591345303,930.611572265625,905.2696525689828,930.611572265625,62700,0.0,0.0
2013-10-22 00:00:00+09:00,929.2036875027891,951.7298031306796,923.5721843749493,940.466796875,148500,0.0,0.0
2013-10-23 00:00:00+09:00,946.0984857978243,953.1379434274324,898.230442019523,901.046142578125,120300,0.0,0.0
2013-10-24 00:00:00+09:00,912.3092307738971,923.5723420692145,912.3092307738971,917.9407348632812,72900,0.0,0.0
2013-10-25 00:00:00+09:00,924.9800343777764,943.2824968806542,924.9800343777764,940.466796875,71400,0.0,0.0
2013-10-28 00:00:00+09:00,951.7298301385067,984.1112060546875,951.7298301385067,984.1112060546875,183900,0.0,0.0
2013-10-29 00:00:00+09:00,964.4007568359375,967.2165599415688,955.9534506355744,964.4007568359375,66600,0.0,0.0
2013-10-30 00:00:00+09:00,968.6244997919216,975.6639566507594,936.2432250976564,936.2432250976562,129000,0.0,0.0
2013-10-31 00:00:00+09:00,941.8747015732877,957.3614649698408,941.8747015732877,951.7298583984375,72900,0.0,0.0
2013-11-01 00:00:00+09:00,940.4667967760486,948.9141030251852,910.9012249040707,927.7958374023438,80700,0.0,0.0
2013-11-05 00:00:00+09:00,915.1250171299896,922.1643713299158,894.0067482971172,896.8224487304688,219000,0.0,0.0
2013-11-06 00:00:00+09:00,905.2696121879385,910.9012183914532,871.4803874329731,875.7040405273438,128700,0.0,0.0
2013-11-07 00:00:00+09:00,889.7831365051103,916.532910583125,863.0333108688195,888.3751831054688,307800,0.0,0.0
2013-11-08 00:00:00+09:00,898.2303894831523,940.4669265573358,891.1909322652731,937.651123046875,196200,0.0,0.0
2013-11-11 00:00:00+09:00,937.651043187792,939.058893264844,898.2303129815052,903.86181640625,104700,0.0,0.0
2013-11-12 00:00:00+09:00,903.8617959665698,924.980062227471,899.6381427143896,908.08544921875,87600,0.0,0.0
2013-11-13 00:00:00+09:00,905.2696533203124,906.677606493429,889.7829933483125,905.2696533203125,75300,0.0,0.0
2013-11-14 00:00:00+09:00,905.2698633641273,915.1251253964538,898.2305083313904,902.4541625976562,116400,0.0,0.0
2013-11-15 00:00:00+09:00,909.4932717848603,943.2824967814065,905.2696186602919,927.7958374023438,180000,0.0,0.0
2013-11-18 00:00:00+09:00,927.7959171326687,957.3614915453701,916.5328067937452,948.9141845703125,240600,0.0,0.0
2013-11-19 00:00:00+09:00,947.5063056436644,957.3615666318798,939.0589980060788,955.95361328125,138000,0.0,0.0
2013-11-20 00:00:00+09:00,957.3615407770512,1005.2295817251128,955.953587464445,998.1901245117188,366300,0.0,0.0
2013-11-21 00:00:00+09:00,985.5191292676776,996.7822397957424,978.4797754146114,995.3743896484375,161100,0.0,0.0
2013-11-22 00:00:00+09:00,998.189987899065,1009.4530972757132,982.7033285122717,991.150634765625,99900,0.0,0.0
2013-11-25 00:00:00+09:00,1002.4137291662178,1012.2689894060399,999.5980289118746,1009.4531860351562,115500,0.0,0.0
2013-11-26 00:00:00+09:00,1005.2296232676495,1031.9793967975465,999.5981191341316,1029.1636962890625,213300,0.0,0.0
2013-11-27 00:00:00+09:00,1024.9400871408252,1050.2820115224674,1016.4927790136111,1043.2425537109375,191700,0.0,0.0
2013-11-28 00:00:00+09:00,1041.834589019857,1057.3212501418795,1033.3872818200111,1040.4266357421875,149700,0.0,0.0
2013-11-29 00:00:00+09:00,1033.387250227318,1033.387250227318,988.3349121666307,999.5980224609375,179700,0.0,0.0
2013-12-02 00:00:00+09:00,1019.3083273396348,1055.9133581268798,1019.3083273396348,1048.8739013671875,161400,0.0,0.0
2013-12-03 00:00:00+09:00,1053.0975605776569,1068.5843242873343,1044.6502536662945,1050.2818603515625,111900,0.0,0.0
2013-12-04 00:00:00+09:00,1039.0186767578125,1039.0186767578125,1008.0452546412747,1013.6767578125,89400,0.0,0.0
2013-12-05 00:00:00+09:00,1017.900584905477,1048.87401231465,1016.492734651235,1029.1636962890625,134700,0.0,0.0
2013-12-06 00:00:00+09:00,1030.5713704427085,1046.0581330592433,1022.1240641276042,1039.0186767578125,86400,0.0,0.0
2013-12-09 00:00:00+09:00,1050.2816462406881,1069.9919562713549,1050.2816462406881,1068.5841064453125,136200,0.0,0.0
2013-12-10 00:00:00+09:00,1069.992325443603,1099.5579038069338,1067.176624820036,1091.110595703125,293700,0.0,0.0
2013-12-11 00:00:00+09:00,1091.110617025066,1091.110617025066,1064.3608418791252,1086.886962890625,135000,0.0,0.0
2013-12-12 00:00:00+09:00,1077.0316162109375,1084.071072911293,1071.400112720576,1077.0316162109375,91800,0.0,0.0
2013-12-13 00:00:00+09:00,1072.8078888320947,1077.031541937733,1055.913276409542,1065.7684326171875,184500,0.0,0.0
2013-12-16 00:00:00+09:00,1068.5841796684583,1068.5841796684583,1036.202806518451,1054.50537109375,105600,0.0,0.0
2013-12-17 00:00:00+09:00,1053.0973782837718,1078.4392946311075,1050.2816785450823,1062.95263671875,111000,0.0,0.0
2013-12-18 00:00:00+09:00,1069.9920511897794,1081.2551601468178,1067.1763512879154,1075.6236572265625,91200,0.0,0.0
2013-12-19 00:00:00+09:00,1081.2551541911282,1095.333962972483,1069.9920452961285,1074.2156982421875,204000,0.0,0.0
2013-12-20 00:00:00+09:00,1054.50537109375,1062.95267686188,1044.6501122865811,1054.50537109375,183600,0.0,0.0
2013-12-24 00:00:00+09:00,1046.0583868362264,1058.7293493828972,1033.3874242895556,1036.203125,108000,0.0,0.0
2013-12-25 00:00:00+09:00,1029.1635930731566,1054.5055138072437,1026.3477897305227,1050.2818603515625,158700,0.0,0.0
2013-12-26 00:00:00+09:00,1062.9526924637146,1082.6630041343058,1061.5447394040102,1074.2156982421875,77400,0.0,0.0
2013-12-27 00:00:00+09:00,1086.8869991101753,1119.2683829254893,1064.3608773480123,1103.7816162109375,132900,0.0,0.0
2013-12-30 00:00:00+09:00,1124.899817969805,1174.1758158363195,1122.0841173716408,1168.5443115234375,122700,0.0,0.0
2014-01-06 00:00:00+09:00,1151.6493659924595,1155.873018797913,1131.9389518615026,1133.3468017578125,115500,0.0,0.0
2014-01-07 00:00:00+09:00,1129.1234187210925,1148.8338375612377,1124.8997649065293,1130.5313720703125,54000,0.0,0.0
2014-01-08 00:00:00+09:00,1130.5312836382961,1146.0179443359375,1127.715480276661,1146.0179443359375,61200,0.0,0.0
2014-01-09 00:00:00+09:00,1150.2415711221734,1150.2415711221734,1117.860297239396,1127.7154541015625,55800,0.0,0.0
2014-01-10 00:00:00+09:00,1127.7152459764652,1153.0571616163859,1120.6757905932034,1147.4256591796875,85800,0.0,0.0
2014-01-14 00:00:00+09:00,1131.9390462239585,1153.0573120117188,1122.0838898951808,1140.3863525390625,101400,0.0,0.0
2014-01-15 00:00:00+09:00,1140.3863525390625,1153.0573120117188,1130.531196210285,1140.3863525390625,81600,0.0,0.0
2014-01-16 00:00:00+09:00,1151.6493317267566,1151.6493317267566,1137.5704207164613,1143.2020263671875,93000,0.0,0.0
2014-01-17 00:00:00+09:00,1138.978515625,1154.4651753031178,1136.162712448736,1138.978515625,73200,0.0,0.0
2014-01-20 00:00:00+09:00,1138.9783539663806,1151.6493117863408,1126.3073961464204,1147.4256591796875,62700,0.0,0.0
2014-01-21 00:00:00+09:00,1154.4652403490645,1236.1226090127313,1150.2415869049623,1199.517578125,250800,0.0,0.0
2014-01-22 00:00:00+09:00,1184.0307341282567,1196.701693600913,1172.7677277858058,1191.0701904296875,141000,0.0,0.0
2014-01-23 00:00:00+09:00,1182.6231670898685,1182.6231670898685,1154.465438263162,1160.0970458984375,117900,0.0,0.0
2014-01-24 00:00:00+09:00,1140.386414260007,1147.4258709424332,1123.4918007154142,1127.7154541015625,108300,0.0,0.0
2014-01-27 00:00:00+09:00,1092.5184611312611,1098.1499650413425,1084.0711537078662,1085.47900390625,121500,0.0,0.0
2014-01-28 00:00:00+09:00,1074.2159061330956,1103.7814824772775,1074.2159061330956,1084.0711669921875,74400,0.0,0.0
2014-01-29 00:00:00+09:00,1108.0048519579695,1143.2020263671875,1103.7811992781849,1143.2020263671875,66300,0.0,0.0
2014-01-30 00:00:00+09:00,1109.413223988898,1117.860532539279,1093.9264572743461,1103.7816162109375,72900,0.0,0.0
2014-01-31 00:00:00+09:00,1100.9655964106735,1120.6759085723806,1084.0709842054791,1096.741943359375,86400,0.0,0.0
2014-02-03 00:00:00+09:00,1078.4393774176851,1093.926139635408,1069.9920713201143,1071.4000244140625,48300,0.0,0.0
2014-02-04 00:00:00+09:00,1024.9397307892211,1037.6106885745967,1015.08447265625,1015.08447265625,119400,0.0,0.0
2014-02-05 00:00:00+09:00,1016.49259426265,1041.8345140383126,995.374327782931,1020.7162475585938,114600,0.0,0.0
2014-02-06 00:00:00+09:00,1054.5055528358628,1077.0316710610368,1039.0187885530001,1067.176513671875,83100,0.0,0.0
2014-02-07 00:00:00+09:00,1069.9921685297252,1078.4394753947402,1040.4265945021725,1048.8739013671875,65400,0.0,0.0
2014-02-10 00:00:00+09:00,1075.623788729959,1103.7814098902527,1044.6502610904795,1047.466064453125,179100,0.0,0.0
2014-02-12 00:00:00+09:00,1086.8867323629647,1093.9261887994896,1055.913309652017,1060.136962890625,160800,0.0,0.0
2014-02-13 00:00:00+09:00,1057.321181147961,1058.7291343337567,1030.5714111328125,1030.5714111328125,114900,0.0,0.0
2014-02-14 00:00:00+09:00,1020.7164008248582,1033.3873626153052,996.7823275151635,1001.0059814453125,261000,0.0,0.0
2014-02-17 00:00:00+09:00,999.5980612425951,1019.3083761266632,979.8876432419831,1016.49267578125,150000,0.0,0.0
2014-02-18 00:00:00+09:00,1016.4924893984838,1057.321064969595,1015.0845363673939,1053.097412109375,128100,0.0,0.0
2014-02-19 00:00:00+09:00,1043.242378573228,1050.2818352029863,1026.3477651550381,1027.755615234375,60600,0.0,0.0
2014-02-20 00:00:00+09:00,1031.978984916671,1031.978984916671,1008.0450245642702,1012.2686767578125,59100,0.0,0.0
2014-02-21 00:00:00+09:00,1031.9791478082743,1058.729018000685,1029.1634479791442,1053.097412109375,80100,0.0,0.0
2014-02-24 00:00:00+09:00,1051.6895681321982,1079.8472883981403,1043.242262364068,1054.50537109375,73800,0.0,0.0
2014-02-25 00:00:00+09:00,1064.360616129233,1072.8079226064492,1054.5054596113257,1060.136962890625,75000,0.0,0.0
2014-02-26 00:00:00+09:00,1048.873969723749,1048.873969723749,1037.6109619140625,1037.6109619140625,30900,0.0,0.0
2014-02-27 00:00:00+09:00,1047.4660957770084,1075.6238208958832,1036.2029851061498,1067.176513671875,107100,0.0,0.0
2014-02-28 00:00:00+09:00,1074.2155959030522,1074.2155959030522,1057.3209857283437,1069.991943359375,68700,0.0,0.0
2014-03-03 00:00:00+09:00,1057.3211264059112,1068.5842357264567,1037.6108139906203,1065.7684326171875,80100,0.0,0.0
2014-03-04 00:00:00+09:00,1046.0581733695744,1061.544833466363,1040.4265668648004,1055.913330078125,62400,0.0,0.0
2014-03-05 00:00:00+09:00,1067.1764325585125,1074.2157859657802,1057.3211728018805,1058.7291259765625,39300,0.0,0.0
2014-03-06 00:00:00+09:00,1054.505286110237,1071.3998962849455,1048.8736806409893,1069.991943359375,39900,0.0,0.0
2014-03-07 00:00:00+09:00,1084.0710391035857,1088.294692368773,1071.4000793080238,1082.6630859375,58500,0.0,0.0
2014-03-10 00:00:00+09:00,1082.663229018684,1084.07118237084,1072.8080711363334,1078.4395751953125,40800,0.0,0.0
2014-03-11 00:00:00+09:00,1072.8080427711577,1086.886854104634,1072.8080427711577,1085.47900390625,39900,0.0,0.0
2014-03-12 00:00:00+09:00,1068.5842767450781,1077.0315832806123,1055.9133169417767,1057.3211669921875,78600,0.0,0.0
2014-03-13 00:00:00+09:00,1064.360595703125,1071.4000520045558,1060.136942545573,1064.360595703125,44400,0.0,0.0
2014-03-14 00:00:00+09:00,1031.9793508393907,1040.42665822175,1022.1241932654864,1023.5320434570312,165000,0.0,0.0
2014-03-17 00:00:00+09:00,1019.3083577353299,1022.1241611464816,988.3349326788293,995.3743896484375,111600,0.0,0.0
2014-03-18 00:00:00+09:00,1003.8216611792889,1033.3872350403678,1003.8216611792889,1026.3477783203125,46200,0.0,0.0
2014-03-19 00:00:00+09:00,1019.3083431584379,1023.531996656493,1003.8216824099297,1009.4531860351562,58200,0.0,0.0
2014-03-20 00:00:00+09:00,1026.3478147049382,1026.3478147049382,995.3743896484375,995.3743896484375,42300,0.0,0.0
2014-03-24 00:00:00+09:00,1017.9005395743067,1053.097619295289,1016.4926893827618,1023.5320434570312,113100,0.0,0.0
2014-03-25 00:00:00+09:00,1054.5054726855876,1069.9921326748054,1053.0975195109056,1058.7291259765625,122400,0.0,0.0
2014-03-26 00:00:00+09:00,1064.3607634895907,1079.8475285474685,1058.7292594306116,1078.4395751953125,171300,0.0,0.0
2014-03-27 00:00:00+09:00,1071.9903582246548,1074.8566776873117,1051.926436885473,1070.5572509765625,99900,22.5,0.0
2014-03-28 00:00:00+09:00,1067.6907488366826,1093.4873046875,1053.35936390838,1093.4873046875,72000,0.0,0.0
2014-03-31 00:00:00+09:00,1073.423365020917,1092.0541755466752,1057.658768442843,1082.022216796875,145800,0.0,0.0
2014-04-01 00:00:00+09:00,1063.391491312545,1074.8566640512488,1053.3595307702237,1067.69091796875,123600,0.0,0.0
2014-04-02 00:00:00+09:00,1063.3915939561266,1084.8887293121568,1056.2259521484375,1056.2259521484375,70800,0.0,0.0
2014-04-03 00:00:00+09:00,1056.2258501965175,1076.28977128116,1050.49321134393,1067.69091796875,74700,0.0,0.0
2014-04-04 00:00:00+09:00,1050.49310330487,1077.7228726380083,1050.49310330487,1071.990234375,63300,0.0,0.0
2014-04-07 00:00:00+09:00,1070.5572152486661,1070.5572152486661,1053.3595089796113,1057.658935546875,36600,0.0,0.0
2014-04-08 00:00:00+09:00,1051.9264414022657,1053.3595486565116,1027.56298828125,1027.56298828125,40500,0.0,0.0
2014-04-09 00:00:00+09:00,1028.9961235431763,1031.8624430961574,1004.6327747255008,1013.2316284179688,91200,0.0,0.0
2014-04-10 00:00:00+09:00,1031.8624393905382,1049.060146713714,1016.0978393554688,1016.0978393554688,42900,0.0,0.0
2014-04-11 00:00:00+09:00,1003.1996346752343,1011.7984889866406,991.7345655710149,998.9002075195312,46200,0.0,0.0
2014-04-14 00:00:00+09:00,996.033992726718,1018.9642359016402,996.033992726718,998.9002075195312,28500,0.0,0.0
2014-04-15 00:00:00+09:00,998.9000139097632,1004.6326523172391,993.16748046875,993.16748046875,51300,0.0,0.0
2014-04-16 00:00:00+09:00,996.0338921942321,1033.29552047175,996.0338921942321,1028.99609375,20700,0.0,0.0
2014-04-17 00:00:00+09:00,1014.6646829554418,1030.4292822274713,1013.231575736701,1020.397216796875,52500,0.0,0.0
2014-04-18 00:00:00+09:00,1014.6646982016218,1023.2635515762119,1010.3652715143268,1021.8304443359375,30000,0.0,0.0
2014-04-21 00:00:00+09:00,1034.7287088501637,1034.7287088501637,1020.3972167968751,1020.397216796875,11100,0.0,0.0
2014-04-22 00:00:00+09:00,1020.3973702108649,1023.2636900457601,1001.7665537002609,1004.6328735351562,51300,0.0,0.0
2014-04-23 00:00:00+09:00,1031.8625148338608,1031.8625148338608,1018.9642333984375,1018.9642333984375,47100,0.0,0.0
2014-04-24 00:00:00+09:00,1036.1614870995454,1041.8940191209656,1021.8301045627761,1030.428955078125,40500,0.0,0.0
2014-04-25 00:00:00+09:00,1034.7286238560082,1041.8942643275857,1024.6965592494607,1031.8623046875,24300,0.0,0.0
2014-04-28 00:00:00+09:00,1021.8304871100768,1043.3276214464286,1016.0978479760655,1041.8944091796875,32400,0.0,0.0
2014-04-30 00:00:00+09:00,1034.728758933226,1039.0281857640198,1013.2316247792564,1016.0978393554688,52200,0.0,0.0
2014-05-01 00:00:00+09:00,1008.9321625273394,1028.9960837223325,1008.9321625273394,1023.2635498046875,30600,0.0,0.0
2014-05-02 00:00:00+09:00,1023.2635498046876,1024.6966570424809,1013.231589207191,1023.2635498046875,21000,0.0,0.0
2014-05-07 00:00:00+09:00,1013.2314656254896,1014.6645726884899,978.836056381812,981.7022705078125,56400,0.0,0.0
2014-05-08 00:00:00+09:00,974.5366683256112,980.2692017681832,965.9378156785219,971.6703491210938,39900,0.0,0.0
2014-05-09 00:00:00+09:00,983.1357157164558,997.4671046449403,971.670541593778,977.403076171875,34500,0.0,0.0
2014-05-12 00:00:00+09:00,980.2690957876351,983.1354146822641,888.5480457904748,894.2805786132812,119100,0.0,0.0
2014-05-13 00:00:00+09:00,902.8794303307166,922.9434526602164,888.5480457904748,894.2805786132812,84600,0.0,0.0
2014-05-14 00:00:00+09:00,904.3126933264006,932.975572318876,902.8795861150412,930.1092529296875,53400,0.0,0.0
2014-05-15 00:00:00+09:00,930.1091829272773,950.173207208587,922.9435424433153,944.440673828125,44700,0.0,0.0
2014-05-16 00:00:00+09:00,947.3069089747539,964.5046144627462,943.0074826027559,955.90576171875,66900,0.0,0.0
2014-05-19 00:00:00+09:00,965.9377174556522,965.9377174556522,945.8736949971973,958.77197265625,50100,0.0,0.0
2014-05-20 00:00:00+09:00,958.772248933269,983.1357042985771,951.606502069006,973.1036376953125,69600,0.0,0.0
2014-05-21 00:00:00+09:00,983.1356083462699,983.1356083462699,963.0715820644367,978.836181640625,54000,0.0,0.0
2014-05-22 00:00:00+09:00,974.5366302263523,990.301122818732,970.2372040708926,981.7022705078125,35400,0.0,0.0
2014-05-23 00:00:00+09:00,971.6703600715643,981.7023199507385,950.173228211574,955.90576171875,69900,0.0,0.0
2014-05-26 00:00:00+09:00,970.2374380421153,974.536865234375,958.7722638739278,974.536865234375,40500,0.0,0.0
2014-05-27 00:00:00+09:00,980.2691634448123,987.4349086927314,975.9697372893526,981.7022705078125,21900,0.0,0.0
2014-05-28 00:00:00+09:00,983.1355462173491,1003.1994662647772,983.1355462173491,1000.333251953125,38700,0.0,0.0
2014-05-29 00:00:00+09:00,993.1674682617188,1004.6326399692894,988.8680419921875,988.8680419921875,11700,0.0,0.0
2014-05-30 00:00:00+09:00,988.8680541463746,1001.7663331135011,988.8680541463746,993.16748046875,30900,0.0,0.0
2014-06-02 00:00:00+09:00,1001.7663591089512,1011.7983191326653,998.9000398308333,1000.333251953125,25800,0.0,0.0
2014-06-03 00:00:00+09:00,1014.6646883197262,1014.6646883197262,990.301235673508,996.0338745117188,23400,0.0,0.0
2014-06-04 00:00:00+09:00,1020.3972403065001,1034.7287326899818,1014.664706332991,1028.99609375,41400,0.0,0.0
2014-06-05 00:00:00+09:00,1034.7286955102913,1073.423534615665,1027.562949576029,1057.658935546875,108600,0.0,0.0
2014-06-06 00:00:00+09:00,1069.1239485348933,1102.086143988303,1063.3913106562065,1089.1878662109375,98700,0.0,0.0
2014-06-09 00:00:00+09:00,1089.1879639513368,1089.1879639513368,1074.8565779014714,1080.589111328125,23400,0.0,0.0
2014-06-10 00:00:00+09:00,1086.321642684854,1089.1878566325386,1061.958194330822,1082.022216796875,47100,0.0,0.0
2014-06-11 00:00:00+09:00,1089.188418950595,1116.4182002767518,1089.188418950595,1113.5518798828125,74700,0.0,0.0
2014-06-12 00:00:00+09:00,1117.851030360939,1123.5835647585784,1097.7870025194798,1099.22021484375,21000,0.0,0.0
2014-06-13 00:00:00+09:00,1084.888848608236,1114.9848414160806,1084.888848608236,1106.385986328125,84300,0.0,0.0
2014-06-16 00:00:00+09:00,1116.4177746310443,1116.4177746310443,1090.6212158203125,1090.6212158203125,25800,0.0,0.0
2014-06-17 00:00:00+09:00,1114.984987596529,1126.4501642057794,1096.3541674521898,1113.5518798828125,59400,0.0,0.0
2014-06-18 00:00:00+09:00,1106.3858565991793,1116.417923003149,1094.9207878039003,1099.22021484375,68100,0.0,0.0
2014-06-19 00:00:00+09:00,1094.9207094459216,1120.71726983889,1092.0543899689899,1119.2840576171875,78600,0.0,0.0
2014-06-20 00:00:00+09:00,1106.3856816037664,1120.7171727807947,1084.8885498046875,1084.8885498046875,111600,0.0,0.0
2014-06-23 00:00:00+09:00,1103.5196533203125,1113.5516148617714,1089.1881597279635,1103.5196533203125,37500,0.0,0.0
2014-06-24 00:00:00+09:00,1106.3856599881601,1116.417724609375,1103.5194457819232,1116.417724609375,42600,0.0,0.0
2014-06-25 00:00:00+09:00,1116.4179326498902,1116.4179326498902,1103.5196514188895,1104.9527587890625,29700,0.0,0.0
2014-06-26 00:00:00+09:00,1106.385986328125,1114.9848414160806,1104.9528788022967,1106.385986328125,37200,0.0,0.0
2014-06-27 00:00:00+09:00,1106.385868065597,1110.6852951500055,1094.9207991514957,1103.5196533203125,35400,0.0,0.0
2014-06-30 00:00:00+09:00,1099.220017898977,1123.5833634486794,1086.321739090383,1117.850830078125,58200,0.0,0.0
2014-07-01 00:00:00+09:00,1106.3861313812176,1119.2844157041845,1103.519915953785,1113.5518798828125,66900,0.0,0.0
2014-07-02 00:00:00+09:00,1116.4182002767518,1120.7176283844074,1110.6855594888732,1113.5518798828125,25500,0.0,0.0
2014-07-03 00:00:00+09:00,1107.8190879695183,1116.4179421970528,1106.3858756206077,1110.685302734375,29100,0.0,0.0
2014-07-04 00:00:00+09:00,1119.2839493549989,1130.7491211872905,1117.850842238386,1122.1502685546875,44700,0.0,0.0
2014-07-07 00:00:00+09:00,1130.7492559301945,1130.7492559301945,1125.0167218141771,1126.4498291015625,15000,0.0,0.0
2014-07-08 00:00:00+09:00,1129.3160033755983,1169.4439469588967,1123.5833650305115,1159.4119873046875,84600,0.0,0.0
2014-07-09 00:00:00+09:00,1146.5138175293835,1159.4120975829646,1146.5138175293835,1155.1126708984375,33900,0.0,0.0
2014-07-10 00:00:00+09:00,1155.1125719684865,1155.1125719684865,1112.1183088054715,1122.1502685546875,56100,0.0,0.0
2014-07-11 00:00:00+09:00,1123.5836181640625,1140.7813271408925,1119.284190919855,1123.5836181640625,65400,0.0,0.0
2014-07-14 00:00:00+09:00,1117.8510834939477,1130.74936522657,1104.9528017613252,1123.5836181640625,35400,0.0,0.0
2014-07-15 00:00:00+09:00,1119.2838386475896,1129.3159023710054,1119.2838386475896,1127.8826904296875,20400,0.0,0.0
2014-07-16 00:00:00+09:00,1119.2838290865498,1125.0164668699479,1117.8507221239258,1120.717041015625,10500,0.0,0.0
2014-07-17 00:00:00+09:00,1117.8506133729782,1125.016357421875,1112.1180811137253,1125.016357421875,35700,0.0,0.0
2014-07-18 00:00:00+09:00,1107.8191215796253,1126.4499379823626,1102.086481943025,1123.5836181640625,42600,0.0,0.0
2014-07-22 00:00:00+09:00,1125.0167352294745,1129.316162109375,1125.0167352294745,1129.316162109375,35700,0.0,0.0
2014-07-23 00:00:00+09:00,1125.016357421875,1133.6152082939748,1123.5831456322308,1125.016357421875,52800,0.0,0.0
2014-07-24 00:00:00+09:00,1127.8829498384239,1132.1823767183243,1126.449842533949,1129.316162109375,19800,0.0,0.0
2014-07-25 00:00:00+09:00,1130.7492694138498,1130.7492694138498,1126.449842533949,1129.316162109375,24300,0.0,0.0
2014-07-28 00:00:00+09:00,1129.3159149246576,1132.18212890625,1125.0164889858156,1132.18212890625,15000,0.0,0.0
2014-07-29 00:00:00+09:00,1132.1821304302252,1135.0484493821293,1130.7490234375,1130.7490234375,18000,0.0,0.0
2014-07-30 00:00:00+09:00,1129.3159412879538,1142.2142194055834,1129.3159412879538,1139.347900390625,24600,0.0,0.0
2014-07-31 00:00:00+09:00,1140.7811534426298,1156.545752593194,1139.348046234931,1147.9468994140625,33300,0.0,0.0
2014-08-01 00:00:00+09:00,1145.0807036866875,1156.5458774857825,1145.0807036866875,1146.513916015625,32100,0.0,0.0
2014-08-04 00:00:00+09:00,1145.08056640625,1150.813205101768,1143.6474592156046,1145.08056640625,35100,0.0,0.0
2014-08-05 00:00:00+09:00,1147.9470100116014,1150.8133296696203,1143.6475830078125,1143.6475830078125,36000,0.0,0.0
2014-08-06 00:00:00+09:00,1143.6473279931724,1147.9467540382595,1133.615368876788,1137.914794921875,55500,0.0,0.0
2014-08-07 00:00:00+09:00,1123.5834083797226,1243.967348740638,1119.2839819382614,1221.037109375,160500,0.0,0.0
2014-08-08 00:00:00+09:00,1199.5401247485004,1215.3047252955507,1172.3104555913035,1188.074951171875,124800,0.0,0.0
2014-08-11 00:00:00+09:00,1192.374371353669,1232.5024261601552,1192.374371353669,1231.0692138671875,54300,0.0,0.0
2014-08-12 00:00:00+09:00,1233.9353497729367,1269.7638673326912,1233.9353497729367,1252.566162109375,73200,0.0,0.0
2014-08-13 00:00:00+09:00,1271.1974098019004,1289.8282269805677,1268.3310898642249,1279.7962646484375,57000,0.0,0.0
2014-08-14 00:00:00+09:00,1286.9617919921875,1302.7263927903587,1281.2292575957983,1286.9617919921875,49200,0.0,0.0
2014-08-15 00:00:00+09:00,1286.9615721954385,1295.5604248046875,1279.7959316653728,1295.5604248046875,26100,0.0,0.0
2014-08-18 00:00:00+09:00,1298.4266246874722,1308.4585834876307,1275.4963881586302,1292.694091796875,33000,0.0,0.0
2014-08-19 00:00:00+09:00,1288.3946768566177,1298.4266357421875,1282.6620389507602,1298.4266357421875,24000,0.0,0.0
2014-08-20 00:00:00+09:00,1279.7959212192893,1295.5604142299294,1279.7959212192893,1289.827880859375,54600,0.0,0.0
2014-08-21 00:00:00+09:00,1291.2609517563187,1375.8163676751751,1289.8278446954766,1364.3511962890625,148200,0.0,0.0
2014-08-22 00:00:00+09:00,1357.185679160665,1365.7845322388391,1342.8541873860622,1362.918212890625,46500,0.0,0.0
2014-08-25 00:00:00+09:00,1371.5172347309433,1385.848623302523,1368.6509150300349,1380.1160888671875,49800,0.0,0.0
2014-08-26 00:00:00+09:00,1388.7150306538579,1417.3779145725914,1388.7150306538579,1415.9447021484375,46200,0.0,0.0
2014-08-27 00:00:00+09:00,1413.078097165571,1415.9443112897102,1403.0460328317074,1407.345458984375,49800,0.0,0.0
2014-08-28 00:00:00+09:00,1407.3456200647724,1417.377685546875,1401.6130861939073,1417.377685546875,33600,0.0,0.0
2014-08-29 00:00:00+09:00,1414.511553446452,1458.9389330035608,1408.7790188164495,1444.6075439453125,83700,0.0,0.0
2014-09-01 00:00:00+09:00,1447.4736899310299,1499.0668103052074,1438.8748365353335,1470.4039306640625,84600,0.0,0.0
2014-09-02 00:00:00+09:00,1470.4040622251418,1487.6017705552604,1467.5377425146282,1476.1365966796875,57600,0.0,0.0
2014-09-03 00:00:00+09:00,1507.6656119090217,1524.8633181096322,1484.7352669972283,1496.200439453125,80100,0.0,0.0
2014-09-04 00:00:00+09:00,1496.2005517531045,1504.7994054988121,1487.601698007397,1490.468017578125,80700,0.0,0.0
2014-09-05 00:00:00+09:00,1476.1368018392807,1476.1368018392807,1444.6077005075122,1456.0728759765625,90900,0.0,0.0
2014-09-08 00:00:00+09:00,1444.6074083964818,1458.9387961100028,1438.8748743043682,1441.7410888671875,53100,0.0,0.0
2014-09-09 00:00:00+09:00,1444.6074083964818,1458.9387961100028,1433.14223524578,1441.7410888671875,29700,0.0,0.0
2014-09-10 00:00:00+09:00,1431.7090928965877,1431.7090928965877,1420.2439200267097,1428.8427734375,52200,0.0,0.0
2014-09-11 00:00:00+09:00,1450.3399461428014,1470.403972965463,1438.8748779296875,1438.8748779296875,20100,0.0,0.0
2014-09-12 00:00:00+09:00,1456.072718171802,1456.072718171802,1441.741224147069,1444.6075439453125,70200,0.0,0.0
2014-09-16 00:00:00+09:00,1428.843028581557,1447.4739509427834,1421.677386104,1433.1424560546875,48000,0.0,0.0
2014-09-17 00:00:00+09:00,1424.5434455583509,1438.874938881549,1414.511484205296,1420.2440185546875,26700,0.0,0.0
2014-09-18 00:00:00+09:00,1441.7411253870062,1456.072618430024,1436.0085911496856,1453.206298828125,52200,0.0,0.0
2014-09-19 00:00:00+09:00,1456.0726025952952,1490.468017578125,1444.6074292788596,1490.468017578125,128100,0.0,0.0
2014-09-22 00:00:00+09:00,1479.0026958922797,1504.7992545415636,1456.0724565261826,1484.7352294921875,105300,0.0,0.0
2014-09-24 00:00:00+09:00,1467.5378326582295,1473.2704724313844,1453.206443158318,1461.8052978515625,48600,0.0,0.0
2014-09-25 00:00:00+09:00,1476.1365966796875,1481.8692361007147,1433.142325854391,1476.1365966796875,76800,0.0,0.0
2014-09-26 00:00:00+09:00,1482.6908212561618,1511.8203431960435,1468.1261136239036,1494.3426513671875,36300,27.5,0.0
2014-09-29 00:00:00+09:00,1497.2554378794896,1505.9942826401182,1488.516593118861,1503.081298828125,34800,0.0,0.0
2014-09-30 00:00:00+09:00,1517.6462049138738,1523.4721733070692,1491.4296671705897,1494.3426513671875,90900,0.0,0.0
2014-10-01 00:00:00+09:00,1514.7329845615566,1514.7329845615566,1482.690485677289,1505.994140625,51900,0.0,0.0
2014-10-02 00:00:00+09:00,1447.7348794410718,1459.3867050598715,1402.584228515625,1402.584228515625,97200,0.0,0.0
2014-10-03 00:00:00+09:00,1404.0411433940885,1422.9753797873263,1404.0411433940885,1418.60595703125,40500,0.0,0.0
2014-10-06 00:00:00+09:00,1408.4104285300475,1450.6482132700553,1408.4104285300475,1447.7352294921875,45000,0.0,0.0
2014-10-07 00:00:00+09:00,1456.4742431640625,1497.255594085201,1453.5613657235256,1456.4742431640625,50400,0.0,0.0
2014-10-08 00:00:00+09:00,1427.3448536736892,1476.8649444580078,1415.6930236816406,1468.1260986328125,64200,0.0,0.0
2014-10-09 00:00:00+09:00,1449.191735376317,1471.0388464288476,1420.0622184144938,1424.431640625,57000,0.0,0.0
2014-10-10 00:00:00+09:00,1392.3891009541692,1406.9538045735035,1367.6290087934988,1370.5419921875,67800,0.0,0.0
2014-10-14 00:00:00+09:00,1328.3040452266043,1345.7817300322176,1316.652219797755,1318.1087646484375,73500,0.0,0.0
2014-10-15 00:00:00+09:00,1338.499669089974,1341.4126528631105,1325.391402123885,1335.5867919921875,38400,0.0,0.0
2014-10-16 00:00:00+09:00,1296.261805935477,1325.3912128045881,1296.261805935477,1299.1746826171875,77100,0.0,0.0
2014-10-17 00:00:00+09:00,1294.805445821087,1306.4572742378455,1277.327756533624,1278.7843017578125,84300,0.0,0.0
2014-10-20 00:00:00+09:00,1319.5653115834098,1350.151262514151,1318.1088732880087,1348.69482421875,43500,0.0,0.0
2014-10-21 00:00:00+09:00,1334.1303134995676,1338.4997360401505,1303.5443557154863,1313.73974609375,69000,0.0,0.0
2014-10-22 00:00:00+09:00,1328.304213013494,1376.3678523001665,1328.304213013494,1370.5419921875,42900,0.0,0.0
2014-10-23 00:00:00+09:00,1350.1513951226345,1369.085521523836,1342.8689895797072,1361.80322265625,78900,0.0,0.0
2014-10-24 00:00:00+09:00,1402.584661942494,1402.584661942494,1379.2811101789528,1380.737548828125,32100,0.0,0.0
2014-10-27 00:00:00+09:00,1393.8455300197393,1408.4102335419602,1348.6948744281196,1355.9771728515625,220800,0.0,0.0
2014-10-28 00:00:00+09:00,1371.9986956522087,1371.9986956522087,1326.8480310352695,1339.956298828125,79800,0.0,0.0
2014-10-29 00:00:00+09:00,1345.7821678451344,1389.4763940738726,1341.4127452222606,1380.737548828125,75000,0.0,0.0
2014-10-30 00:00:00+09:00,1393.8456656947533,1393.8456656947533,1364.716149139549,1369.0855712890625,120000,0.0,0.0
2014-10-31 00:00:00+09:00,1382.1938109675216,1418.6057326251434,1373.4549668377472,1415.6927490234375,127200,0.0,0.0
2014-11-04 00:00:00+09:00,1455.0174735452968,1473.9515993042571,1433.170364332905,1453.56103515625,117600,0.0,0.0
2014-11-05 00:00:00+09:00,1446.2787040887968,1452.104564619327,1431.7139994247993,1444.822265625,65100,0.0,0.0
2014-11-06 00:00:00+09:00,1450.6482418555545,1476.8647763469198,1427.3446911994579,1430.257568359375,72000,0.0,0.0
2014-11-07 00:00:00+09:00,1437.5399169921875,1447.7351999939665,1431.7140562305062,1437.5399169921875,35100,0.0,0.0
2014-11-10 00:00:00+09:00,1455.017433656465,1455.017433656465,1412.7796547786631,1428.8009033203125,59700,0.0,0.0
2014-11-11 00:00:00+09:00,1441.9092912633043,1441.9092912633043,1392.3892097480632,1399.6715087890625,185400,0.0,0.0
2014-11-12 00:00:00+09:00,1398.2150601482247,1417.1491868626174,1380.7373718963718,1386.563232421875,125100,0.0,0.0
2014-11-13 00:00:00+09:00,1386.5635095347468,1414.2365925810377,1379.281209091293,1411.3236083984375,34800,0.0,0.0
2014-11-14 00:00:00+09:00,1424.4314815976204,1430.2573416694315,1406.953794706852,1428.8009033203125,82500,0.0,0.0
2014-11-17 00:00:00+09:00,1409.8669057526517,1418.6057499893925,1382.1938278860755,1385.1068115234375,55200,0.0,0.0
2014-11-18 00:00:00+09:00,1402.5845936301225,1468.125929781063,1402.5845936301225,1459.3870849609375,96000,0.0,0.0
2014-11-19 00:00:00+09:00,1468.1260190217392,1471.0390030306319,1406.9541015625,1406.9541015625,96300,0.0,0.0
2014-11-20 00:00:00+09:00,1406.953794706852,1438.9961851148157,1404.040811333279,1428.8009033203125,39000,0.0,0.0
2014-11-21 00:00:00+09:00,1440.4527301392698,1440.4527301392698,1414.2361998031172,1428.8009033203125,31200,0.0,0.0
2014-11-25 00:00:00+09:00,1449.1916024082573,1452.1044791644308,1425.8879483068463,1440.4527587890625,37200,0.0,0.0
2014-11-26 00:00:00+09:00,1440.4528260636637,1456.4739689968774,1433.1704204824396,1446.2786865234375,68100,0.0,0.0
2014-11-27 00:00:00+09:00,1455.0176344651443,1456.474073015268,1405.4975503320877,1420.062255859375,60300,0.0,0.0
2014-11-28 00:00:00+09:00,1420.0622184144938,1438.9963457682381,1409.8669354817619,1424.431640625,67200,0.0,0.0
2014-12-01 00:00:00+09:00,1412.7798764421436,1444.8223785528728,1412.7798764421436,1431.714111328125,34500,0.0,0.0
2014-12-02 00:00:00+09:00,1433.1703471049175,1455.0174560546875,1425.8879418965485,1455.0174560546875,57900,0.0,0.0
2014-12-03 00:00:00+09:00,1456.4740364739096,1456.4740364739096,1446.278753528132,1452.1046142578125,27900,0.0,0.0
2014-12-04 00:00:00+09:00,1452.1048457281665,1473.9519602911548,1437.540138244629,1468.1260986328125,75000,0.0,0.0
2014-12-05 00:00:00+09:00,1471.0388497004787,1508.9071044921875,1468.1258659952139,1508.9071044921875,112500,0.0,0.0
2014-12-08 00:00:00+09:00,1485.603448207502,1503.0811358334727,1471.0387440776396,1479.777587890625,65100,0.0,0.0
2014-12-09 00:00:00+09:00,1468.1260986328125,1479.777928624861,1456.4742686407642,1468.1260986328125,39000,0.0,0.0
2014-12-10 00:00:00+09:00,1468.1259097368848,1479.7777382297545,1441.9093756344403,1462.300048828125,120600,0.0,0.0
2014-12-11 00:00:00+09:00,1430.2575031773272,1456.4740364739096,1430.2575031773272,1452.1046142578125,50700,0.0,0.0
2014-12-12 00:00:00+09:00,1436.0834608831317,1468.125854692982,1436.0834608831317,1438.996337890625,100800,0.0,0.0
2014-12-15 00:00:00+09:00,1456.4742066131678,1473.9518975192273,1431.7142156131565,1433.170654296875,87300,0.0,0.0
2014-12-16 00:00:00+09:00,1415.6929564997345,1415.6929564997345,1380.7375748577658,1392.389404296875,93600,0.0,0.0
2014-12-17 00:00:00+09:00,1398.2153395897833,1425.8883159607094,1398.2153395897833,1411.3236083984375,61500,0.0,0.0
2014-12-18 00:00:00+09:00,1422.9750651534703,1465.2127380061347,1422.9750651534703,1455.0174560546875,106800,0.0,0.0
2014-12-19 00:00:00+09:00,1473.9517890952657,1500.1683235258654,1471.0389119421002,1488.5166015625,70800,0.0,0.0
2014-12-22 00:00:00+09:00,1488.5164317036104,1488.5164317036104,1462.2999002646545,1479.777587890625,78900,0.0,0.0
2014-12-24 00:00:00+09:00,1479.7777567523,1491.4294787156655,1479.7777567523,1488.5166015625,83100,0.0,0.0
2014-12-25 00:00:00+09:00,1473.9518176392628,1494.3424914830578,1471.0389404296875,1471.0389404296875,28800,0.0,0.0
2014-12-26 00:00:00+09:00,1494.3423874116918,1505.9942154645787,1482.6905593588049,1497.25537109375,55500,0.0,0.0
2014-12-29 00:00:00+09:00,1503.0813453983021,1520.559035461073,1503.0813453983021,1511.8201904296875,40200,0.0,0.0
2014-12-30 00:00:00+09:00,1514.7331274007468,1514.7331274007468,1485.6036093068676,1503.081298828125,46500,0.0,0.0
2015-01-05 00:00:00+09:00,1503.0810741969688,1511.8199176516023,1500.1680908203125,1500.1680908203125,50100,0.0,0.0
2015-01-06 00:00:00+09:00,1473.9518176392628,1485.6036465036248,1465.2129726598296,1471.0389404296875,56700,0.0,0.0
2015-01-07 00:00:00+09:00,1459.3870765025524,1485.6036108109815,1459.3870765025524,1473.9517822265625,51600,0.0,0.0
2015-01-08 00:00:00+09:00,1468.1257003784347,1500.1680908203125,1468.1257003784347,1500.1680908203125,33900,0.0,0.0
2015-01-09 00:00:00+09:00,1503.0812717218703,1514.7331000843656,1485.603582515802,1491.429443359375,66300,0.0,0.0
2015-01-13 00:00:00+09:00,1485.6038054527596,1497.2556355637853,1476.8649595383315,1494.3426513671875,51600,0.0,0.0
2015-01-14 00:00:00+09:00,1473.9517907693626,1485.6036194213136,1453.561223972638,1459.3870849609375,62400,0.0,0.0
2015-01-15 00:00:00+09:00,1450.6482665858923,1473.9518176392628,1449.1918279811048,1471.0389404296875,42300,0.0,0.0
2015-01-16 00:00:00+09:00,1447.7350682493868,1462.2998788412067,1441.9092080178616,1453.56103515625,87000,0.0,0.0
2015-01-19 00:00:00+09:00,1449.1917817769026,1465.2129259448295,1447.7352365432,1462.300048828125,39600,0.0,0.0
2015-01-20 00:00:00+09:00,1449.191575118507,1500.1680908203125,1449.191575118507,1500.1680908203125,56700,0.0,0.0
2015-01-21 00:00:00+09:00,1500.1683150161318,1508.9071597767604,1491.429470255503,1503.081298828125,45900,0.0,0.0
2015-01-22 00:00:00+09:00,1497.2553434628599,1503.0812040441176,1468.1258272058824,1485.603515625,28800,0.0,0.0
2015-01-23 00:00:00+09:00,1503.0810741969688,1508.906934274946,1485.6033872877017,1500.1680908203125,60900,0.0,0.0
2015-01-26 00:00:00+09:00,1500.1681800689262,1564.2530714405816,1500.1681800689262,1561.340087890625,99900,0.0,0.0
2015-01-27 00:00:00+09:00,1572.9917958018546,1602.1213090603333,1572.9917958018546,1590.469482421875,104100,0.0,0.0
2015-01-28 00:00:00+09:00,1602.1214995762518,1602.1214995762518,1596.2955322265625,1596.2955322265625,70500,0.0,0.0
2015-01-29 00:00:00+09:00,1596.2954578159815,1616.6861292387007,1596.2954578159815,1605.0343017578125,48300,0.0,0.0
2015-01-30 00:00:00+09:00,1610.8603436901303,1666.2062867766722,1610.8603436901303,1654.5545654296875,87600,0.0,0.0
2015-02-02 00:00:00+09:00,1625.4250650415795,1637.0768931809719,1567.1661376953125,1567.1661376953125,80400,0.0,0.0
2015-02-03 00:00:00+09:00,1581.730911928133,1605.0344625491025,1538.0366878417205,1543.862548828125,93300,0.0,0.0
2015-02-04 00:00:00+09:00,1543.8624543917879,1593.382643110862,1543.8624543917879,1584.643798828125,38100,0.0,0.0
2015-02-05 00:00:00+09:00,1570.0789318651532,1581.7307593896383,1549.6883670414813,1561.340087890625,53100,0.0,0.0
2015-02-06 00:00:00+09:00,1564.2531066494525,1581.7307949919045,1552.6012788627033,1558.42724609375,21900,0.0,0.0
2015-02-09 00:00:00+09:00,1561.340087890625,1578.8177758396816,1538.0365395169963,1561.340087890625,47400,0.0,0.0
2015-02-10 00:00:00+09:00,1564.2532222935681,1567.166206124446,1523.4719820380335,1543.862548828125,63900,0.0,0.0
2015-02-12 00:00:00+09:00,1535.1236293115587,1593.3826630421188,1535.1236293115587,1581.7308349609375,54000,0.0,0.0
2015-02-13 00:00:00+09:00,1599.208345335981,1605.0342053889603,1570.0788317204144,1587.5565185546875,49200,0.0,0.0
2015-02-16 00:00:00+09:00,1584.643628499676,1590.4694885035153,1575.90478515625,1575.90478515625,28800,0.0,0.0
2015-02-17 00:00:00+09:00,1584.6437244866092,1593.382568359375,1575.9048806138437,1593.382568359375,26100,0.0,0.0
2015-02-18 00:00:00+09:00,1622.5120735076448,1622.5120735076448,1540.949596951561,1552.601318359375,115500,0.0,0.0
2015-02-19 00:00:00+09:00,1572.9920103176894,1578.81787109375,1555.5143213141594,1578.81787109375,41400,0.0,0.0
2015-02-20 00:00:00+09:00,1578.8178591593576,1596.2955480307724,1538.0366206845054,1567.1661376953125,90900,0.0,0.0
2015-02-23 00:00:00+09:00,1564.253010354216,1575.9048374236802,1538.0364794544246,1540.949462890625,50100,0.0,0.0
2015-02-24 00:00:00+09:00,1561.3401428562286,1564.253126508734,1543.8624542918851,1555.5142822265625,37800,0.0,0.0
2015-02-25 00:00:00+09:00,1552.601411724419,1581.7309303463385,1549.688534534974,1570.0791015625,25800,0.0,0.0
2015-02-26 00:00:00+09:00,1575.9048806138437,1593.382568359375,1575.9048806138437,1593.382568359375,30600,0.0,0.0
2015-02-27 00:00:00+09:00,1593.38272001106,1596.295597128991,1543.8625289020313,1546.7755126953125,68700,0.0,0.0
2015-03-02 00:00:00+09:00,1558.4272854739213,1590.469679352987,1558.4272854739213,1581.7308349609375,32100,0.0,0.0
2015-03-03 00:00:00+09:00,1584.6438265667273,1590.46968729875,1564.2531539916276,1567.1661376953125,19500,0.0,0.0
2015-03-04 00:00:00+09:00,1552.6014316843682,1552.6014316843682,1511.8201904296875,1511.8201904296875,150900,0.0,0.0
2015-03-05 00:00:00+09:00,1532.2108441284722,1532.2108441284722,1511.820170433158,1514.733154296875,47100,0.0,0.0
2015-03-06 00:00:00+09:00,1511.820170433158,1526.384876401038,1511.820170433158,1514.733154296875,47400,0.0,0.0
2015-03-09 00:00:00+09:00,1517.6460515588265,1517.6460515588265,1508.9072065274408,1511.8201904296875,43800,0.0,0.0
2015-03-10 00:00:00+09:00,1523.471943718546,1529.2978045584143,1508.9071316058523,1520.5589599609375,57300,0.0,0.0
2015-03-11 00:00:00+09:00,1520.5590153489566,1529.2978602647552,1511.820170433158,1514.733154296875,51600,0.0,0.0
2015-03-12 00:00:00+09:00,1526.3847180325463,1526.3847180325463,1514.7329971372958,1517.6458740234375,74100,0.0,0.0
2015-03-13 00:00:00+09:00,1503.0813366392024,1532.2108554658553,1503.0813366392024,1526.3848876953125,131700,0.0,0.0
2015-03-16 00:00:00+09:00,1517.64592144537,1561.3401428562286,1517.64592144537,1555.5142822265625,60600,0.0,0.0
2015-03-17 00:00:00+09:00,1561.3400269180156,1570.0788705512794,1540.949462890625,1540.949462890625,71700,0.0,0.0
2015-03-18 00:00:00+09:00,1564.2531066494525,1564.2531066494525,1546.7754183070006,1558.42724609375,64200,0.0,0.0
2015-03-19 00:00:00+09:00,1564.2531464425356,1564.2531464425356,1535.1236295723077,1552.601318359375,48600,0.0,0.0
2015-03-20 00:00:00+09:00,1529.2976620548131,1538.0365058379834,1511.8199744884723,1523.4718017578125,79500,0.0,0.0
2015-03-23 00:00:00+09:00,1535.1235223518136,1535.1235223518136,1514.7329579746422,1523.4718017578125,52500,0.0,0.0
2015-03-24 00:00:00+09:00,1523.4718017578125,1529.2976620548131,1514.7329579746422,1523.4718017578125,69000,0.0,0.0
2015-03-25 00:00:00+09:00,1529.297871580584,1532.2108554658553,1514.7331655049343,1526.3848876953125,83700,0.0,0.0
2015-03-26 00:00:00+09:00,1540.9496329134995,1540.9496329134995,1520.5589599609375,1520.5589599609375,96000,0.0,0.0
2015-03-27 00:00:00+09:00,1513.880222610563,1537.6273271221341,1513.880222610563,1522.785400390625,71100,32.5,0.0
2015-03-30 00:00:00+09:00,1513.8803027925037,1513.8803027925037,1487.164768037342,1496.0699462890625,103200,0.0,0.0
2015-03-31 00:00:00+09:00,1484.1962268654554,1499.038261966983,1445.6071964953574,1451.5439453125,170400,0.0,0.0
2015-04-01 00:00:00+09:00,1455.9965341018021,1464.9017116804064,1438.1861789445934,1451.5439453125,77400,0.0,0.0
2015-04-02 00:00:00+09:00,1473.806854789779,1513.8801529562684,1466.385837412577,1504.9749755859375,99300,0.0,0.0
2015-04-03 00:00:00+09:00,1504.974872820838,1513.8800495830915,1496.0696960585844,1510.91162109375,66000,0.0,0.0
2015-04-06 00:00:00+09:00,1513.880222610563,1528.722149342072,1502.0066160018855,1522.785400390625,44400,0.0,0.0
2015-04-07 00:00:00+09:00,1522.7852083651644,1534.6588134765625,1510.911603253766,1534.6588134765625,51600,0.0,0.0
2015-04-08 00:00:00+09:00,1537.6271725247473,1605.9002677780422,1534.6588527003587,1576.21630859375,162300,0.0,0.0
2015-04-09 00:00:00+09:00,1594.0264846188363,1608.868408203125,1585.121308727111,1608.868408203125,124500,0.0,0.0
2015-04-10 00:00:00+09:00,1608.8685360921993,1608.8685360921993,1585.1214347285265,1594.026611328125,80700,0.0,0.0
2015-04-13 00:00:00+09:00,1591.058285741543,1591.058285741543,1579.1847886450694,1588.0899658203125,33300,0.0,0.0
2015-04-14 00:00:00+09:00,1579.1847378876362,1611.837016912108,1579.1847378876362,1605.9002685546875,90000,0.0,0.0
2015-04-15 00:00:00+09:00,1608.8685052119504,1623.7105383969194,1602.931757161423,1617.773681640625,64200,0.0,0.0
2015-04-16 00:00:00+09:00,1626.6788082192272,1638.5524126621788,1608.868455907682,1635.583984375,58500,0.0,0.0
2015-04-17 00:00:00+09:00,1635.5841836558332,1647.4577895454738,1626.6790064150466,1638.5526123046875,65100,0.0,0.0
2015-04-20 00:00:00+09:00,1626.679082927458,1653.3946159064078,1623.7107628447627,1641.5211181640625,74400,0.0,0.0
2015-04-21 00:00:00+09:00,1635.5838676299163,1668.2362503409227,1632.6155482603745,1665.267822265625,112800,0.0,0.0
2015-04-22 00:00:00+09:00,1668.2366511430123,1671.2049712257076,1635.584260587108,1641.5211181640625,37500,0.0,0.0
2015-04-23 00:00:00+09:00,1650.4262113192874,1659.3313885229782,1644.4893540463092,1653.39453125,35400,0.0,0.0
2015-04-24 00:00:00+09:00,1644.4890471552578,1656.3626507796112,1638.5522996959594,1650.4259033203125,32700,0.0,0.0
2015-04-27 00:00:00+09:00,1647.4577895454738,1662.299715378192,1620.7422578231149,1638.5526123046875,54300,0.0,0.0
2015-04-28 00:00:00+09:00,1638.5526893755853,1647.4578670352353,1582.1531946292084,1641.5211181640625,56100,0.0,0.0
2015-04-30 00:00:00+09:00,1617.7738630288438,1626.6790404559856,1582.1531533202763,1585.12158203125,41400,0.0,0.0
2015-05-01 00:00:00+09:00,1576.2163602120536,1582.1531087610213,1543.5640801340683,1558.406005859375,58200,0.0,0.0
2015-05-07 00:00:00+09:00,1588.0898216788307,1588.0898216788307,1546.5322594957777,1552.4691162109375,36000,0.0,0.0
2015-05-08 00:00:00+09:00,1558.405954824329,1585.1214854784605,1558.405954824329,1576.21630859375,24600,0.0,0.0
2015-05-11 00:00:00+09:00,1594.0267143685494,1599.9634629167863,1573.2479313910565,1588.0899658203125,29700,0.0,0.0
2015-05-12 00:00:00+09:00,1588.0898690152235,1594.0266172015745,1567.3110873043413,1579.1846923828125,32700,0.0,0.0
2015-05-13 00:00:00+09:00,1588.0897889914504,1635.5839895005656,1579.1846128077707,1620.7420654296875,91800,0.0,0.0
2015-05-14 00:00:00+09:00,1605.9002481183932,1635.5840982335194,1570.279541015625,1570.279541015625,90900,0.0,0.0
2015-05-15 00:00:00+09:00,1599.9632816350036,1599.9632816350036,1576.216181426915,1591.05810546875,42900,0.0,0.0
2015-05-18 00:00:00+09:00,1596.9951363097698,1599.9634562185734,1564.3427476667255,1573.2479248046875,55200,0.0,0.0
2015-05-19 00:00:00+09:00,1573.2479248046875,1588.0899591718078,1564.3427476667255,1573.2479248046875,69600,0.0,0.0
2015-05-20 00:00:00+09:00,1561.374427757922,1576.2163534192666,1561.374427757922,1573.2479248046875,37200,0.0,0.0
2015-05-21 00:00:00+09:00,1588.0899658203125,1588.0899658203125,1576.216360018063,1588.0899658203125,35400,0.0,0.0
2015-05-22 00:00:00+09:00,1585.1214097764757,1623.7105440025446,1573.247804928662,1602.9317626953125,45900,0.0,0.0
2015-05-25 00:00:00+09:00,1632.6157478981327,1641.5209245072028,1617.7737144125028,1623.7105712890625,51000,0.0,0.0
2015-05-26 00:00:00+09:00,1632.6156699098483,1641.520846093528,1620.7420654296875,1620.7420654296875,36900,0.0,0.0
2015-05-27 00:00:00+09:00,1638.552637449149,1662.2997408870656,1632.6158887661145,1659.3314208984375,42300,0.0,0.0
2015-05-28 00:00:00+09:00,1668.2364958747403,1700.8887746858074,1668.2364958747403,1694.9520263671875,42600,0.0,0.0
2015-05-29 00:00:00+09:00,1694.95203926446,1718.6991414254082,1694.95203926446,1715.730712890625,50400,0.0,0.0
2015-06-01 00:00:00+09:00,1718.699290053908,1721.6677188453932,1703.857363508047,1706.82568359375,39000,0.0,0.0
2015-06-02 00:00:00+09:00,1706.8253930969815,1760.2564500152082,1706.8253930969815,1754.3197021484375,51600,0.0,0.0
2015-06-03 00:00:00+09:00,1769.162109375,1781.0357170573131,1760.2569307897136,1769.162109375,56700,0.0,0.0
2015-06-04 00:00:00+09:00,1775.0984377925902,1781.0351855090335,1754.319657726398,1757.2880859375,30600,0.0,0.0
2015-06-05 00:00:00+09:00,1742.4462634296963,1781.0353999982497,1742.4462634296963,1751.3514404296875,36600,0.0,0.0
2015-06-08 00:00:00+09:00,1751.3514404296875,1757.2882975668642,1742.4462634296963,1751.3514404296875,15900,0.0,0.0
2015-06-09 00:00:00+09:00,1757.2883759211868,1757.2883759211868,1718.6992376320134,1724.635986328125,39600,0.0,0.0
2015-06-10 00:00:00+09:00,1712.76254117672,1721.6677188453932,1700.8889347165618,1706.82568359375,39900,0.0,0.0
2015-06-11 00:00:00+09:00,1703.856929771386,1742.445950708496,1703.856929771386,1718.6988525390625,60300,0.0,0.0
2015-06-12 00:00:00+09:00,1703.8573522904012,1712.7625299004453,1683.0785682983706,1686.0469970703125,89400,0.0,0.0
2015-06-15 00:00:00+09:00,1686.0467724605846,1697.9202685550406,1674.173167660362,1691.9835205078125,35100,0.0,0.0
2015-06-16 00:00:00+09:00,1694.952185839374,1730.5728965140663,1691.9837570478887,1706.82568359375,30300,0.0,0.0
2015-06-17 00:00:00+09:00,1730.5728177447165,1739.4779950080585,1721.6676404813745,1733.5411376953125,31500,0.0,0.0
2015-06-18 00:00:00+09:00,1739.4779042094326,1742.4462240050857,1709.7939453125,1709.7939453125,41700,0.0,0.0
2015-06-19 00:00:00+09:00,1703.8573692124014,1733.5412224035024,1697.9205116095552,1721.667724609375,33300,0.0,0.0
2015-06-22 00:00:00+09:00,1715.7309502779892,1775.098876953125,1715.7309502779892,1775.098876953125,34500,0.0,0.0
2015-06-23 00:00:00+09:00,1781.035330442005,1798.845683746425,1772.130153789795,1792.908935546875,45900,0.0,0.0
2015-06-24 00:00:00+09:00,1801.8140564572448,1828.5294768816234,1781.035275342988,1825.5611572265625,60300,0.0,0.0
2015-06-25 00:00:00+09:00,1825.561241609075,1867.118805758495,1816.656064820738,1864.1502685546875,49800,0.0,0.0
2015-06-26 00:00:00+09:00,1884.928914009468,1956.1703190440114,1878.9920577860846,1953.2017822265625,77400,0.0,0.0
2015-06-29 00:00:00+09:00,1950.2338172773336,1950.2338172773336,1867.118902101329,1873.0555419921875,98700,0.0,0.0
2015-06-30 00:00:00+09:00,1864.1503267208213,1878.9923609683387,1840.4033328186524,1861.1820068359375,45900,0.0,0.0
2015-07-01 00:00:00+09:00,1861.1818961938636,1864.150215902289,1822.5927616324188,1831.498046875,48600,0.0,0.0
2015-07-02 00:00:00+09:00,1831.4981931099621,1878.9923992945999,1831.4981931099621,1873.0555419921875,44400,0.0,0.0
2015-07-03 00:00:00+09:00,1878.992490010612,1887.8976676883874,1843.3717792995103,1876.024169921875,59100,0.0,0.0
2015-07-06 00:00:00+09:00,1834.4665612367849,1858.2137736585898,1789.940673828125,1789.940673828125,59100,0.0,0.0
2015-07-07 00:00:00+09:00,1801.814088850368,1840.4032234118126,1792.9089123135552,1831.498046875,66300,0.0,0.0
2015-07-08 00:00:00+09:00,1920.5499842514587,1941.3286588944895,1852.2768855507056,1908.67626953125,186300,0.0,0.0
2015-07-09 00:00:00+09:00,1917.5814768282075,2003.6649315427878,1867.1189494192806,1973.9810791015625,144300,0.0,0.0
2015-07-10 00:00:00+09:00,2021.4749983089828,2166.926137170544,2021.4749983089828,2057.095703125,203100,0.0,0.0
2015-07-13 00:00:00+09:00,2107.558477887909,2149.115822631174,2098.6533015269906,2113.4951171875,87900,0.0,0.0
2015-07-14 00:00:00+09:00,2122.3999129488816,2172.8626424153645,2101.6212443033855,2137.241943359375,127500,0.0,0.0
2015-07-15 00:00:00+09:00,2068.9696655729995,2155.053127431276,2054.1278468265077,2146.14794921875,130800,0.0,0.0
2015-07-16 00:00:00+09:00,2152.0844146494037,2202.5469370422284,2143.1792380610773,2155.052734375,153300,0.0,0.0
2015-07-17 00:00:00+09:00,2146.14769848659,2146.14769848659,2101.6218126258723,2131.3056640625,51300,0.0,0.0
2015-07-21 00:00:00+09:00,2095.6852170574743,2125.3692896122384,2083.8117184825164,2116.464111328125,114000,0.0,0.0
2015-07-22 00:00:00+09:00,2077.874674504553,2080.8432119412714,2027.4121470190553,2039.28564453125,67800,0.0,0.0
2015-07-23 00:00:00+09:00,2042.2537452606648,2063.032635440233,2009.6015762554057,2030.3802490234375,85200,0.0,0.0
2015-07-24 00:00:00+09:00,2024.443188030925,2045.2220761149113,1991.791022318686,1997.7276611328125,55500,0.0,0.0
2015-07-27 00:00:00+09:00,1947.2656027179787,1947.2656027179787,1887.8976787155223,1896.8028564453125,151200,0.0,0.0
2015-07-28 00:00:00+09:00,1786.9721927891324,1908.6762452415812,1786.9721927891324,1867.118896484375,162900,0.0,0.0
2015-07-29 00:00:00+09:00,1864.1501904078966,1902.7394331473572,1840.4031982421875,1840.4031982421875,71100,0.0,0.0
2015-07-30 00:00:00+09:00,1840.403179517507,1870.0870281283997,1831.4980031930859,1855.2449951171875,85800,0.0,0.0
2015-07-31 00:00:00+09:00,1858.2138254200768,1902.7397140690277,1855.2452879024363,1896.8028564453125,61500,0.0,0.0
2015-08-03 00:00:00+09:00,1902.7396935605118,1935.3918666100935,1884.9293382928988,1920.550048828125,92400,0.0,0.0
2015-08-04 00:00:00+09:00,1908.675912418396,1923.5179443359375,1887.8972416630497,1923.5179443359375,85500,0.0,0.0
2015-08-05 00:00:00+09:00,1929.454777419594,1988.822469553942,1929.454777419594,1976.948974609375,106800,0.0,0.0
2015-08-06 00:00:00+09:00,1982.8858642578125,2027.4117428159109,1947.265161411334,1982.8858642578125,117600,0.0,0.0
2015-08-07 00:00:00+09:00,1956.1705501310837,1965.0757268123912,1881.9605995124937,1932.42333984375,109500,0.0,0.0
2015-08-10 00:00:00+09:00,1935.3914161861212,1994.759325731982,1923.5179212415542,1976.948974609375,58800,0.0,0.0
2015-08-11 00:00:00+09:00,1976.9490569626157,1994.7594088271437,1953.2018486727377,1965.0755615234375,64200,0.0,0.0
2015-08-12 00:00:00+09:00,1935.3919677734375,1953.2023239720015,1929.4553273149659,1935.3919677734375,47700,0.0,0.0
2015-08-13 00:00:00+09:00,1920.5501492156839,1935.3919677734375,1896.8029351470734,1935.3919677734375,53700,0.0,0.0
2015-08-14 00:00:00+09:00,1926.4864329072711,1962.1071387077848,1926.4864329072711,1950.233642578125,40200,0.0,0.0
2015-08-17 00:00:00+09:00,1950.2335291658235,1973.9807374557015,1935.3914968082095,1965.0755615234375,30300,0.0,0.0
2015-08-18 00:00:00+09:00,1941.328369140625,1959.1387211510894,1926.4863366613968,1941.328369140625,60000,0.0,0.0
2015-08-19 00:00:00+09:00,1926.4866566885764,1935.391834173133,1911.6448391553552,1914.6131591796875,37200,0.0,0.0
2015-08-20 00:00:00+09:00,1899.771094452593,1899.771094452593,1858.2137451171875,1858.2137451171875,56100,0.0,0.0
2015-08-21 00:00:00+09:00,1789.9406549399143,1822.5929357931109,1781.0354775521535,1784.00390625,53100,0.0,0.0
2015-08-24 00:00:00+09:00,1745.414731923397,1751.3514804905988,1644.4893540463092,1653.39453125,85200,0.0,0.0
2015-08-25 00:00:00+09:00,1504.9750004043283,1614.8055593515412,1496.069822887143,1525.7537841796875,101700,0.0,0.0
2015-08-26 00:00:00+09:00,1537.6272226900833,1599.9634629167863,1537.6272226900833,1588.0899658203125,72300,0.0,0.0
2015-08-27 00:00:00+09:00,1662.299750164553,1668.2366075865002,1585.12158203125,1585.12158203125,69900,0.0,0.0
2015-08-28 00:00:00+09:00,1647.4575628127395,1691.9834428887596,1611.8368587519235,1689.0150146484375,58200,0.0,0.0
2015-08-31 00:00:00+09:00,1691.9837832574117,1703.8573899014968,1674.1734276441757,1697.9205322265625,37200,0.0,0.0
2015-09-01 00:00:00+09:00,1677.141582272972,1677.141582272972,1588.0898187665446,1596.9949951171875,43800,0.0,0.0
2015-09-02 00:00:00+09:00,1576.216360018063,1650.4262060470157,1576.216360018063,1588.0899658203125,85800,0.0,0.0
2015-09-03 00:00:00+09:00,1605.9001910837076,1632.6157204619628,1599.9633343069172,1602.9317626953125,75900,0.0,0.0
2015-09-04 00:00:00+09:00,1662.2996497146146,1662.2996497146146,1567.3111324670224,1605.9002685546875,115200,0.0,0.0
2015-09-07 00:00:00+09:00,1599.963391130751,1599.963391130751,1543.5640106885487,1570.279541015625,60300,0.0,0.0
2015-09-08 00:00:00+09:00,1570.2794943773586,1585.1214189941074,1540.5955364380932,1543.56396484375,32100,0.0,0.0
2015-09-09 00:00:00+09:00,1573.2478501028295,1638.5525155823088,1570.2795303349694,1629.6473388671875,46500,0.0,0.0
2015-09-10 00:00:00+09:00,1659.3315008684071,1721.6677455147328,1638.552716417704,1697.9205322265625,75000,0.0,0.0
2015-09-11 00:00:00+09:00,1608.8686011586353,1650.42616610796,1605.900281309236,1626.678955078125,117300,0.0,0.0
2015-09-14 00:00:00+09:00,1626.6788580692996,1644.4892109266489,1596.9950091108956,1617.773681640625,27600,0.0,0.0
2015-09-15 00:00:00+09:00,1617.77377811838,1665.2680914722769,1617.77377811838,1626.678955078125,26700,0.0,0.0
2015-09-16 00:00:00+09:00,1644.4894382467578,1653.3946159064078,1614.8055851851127,1641.5211181640625,19200,0.0,0.0
2015-09-17 00:00:00+09:00,1641.5207019590885,1739.4776313784132,1629.6470985214946,1718.6988525390625,71700,0.0,0.0
2015-09-18 00:00:00+09:00,1694.9520967704543,1721.6676283725853,1650.4262107669028,1712.762451171875,59400,0.0,0.0
2015-09-24 00:00:00+09:00,1656.3629939966543,1691.9837035449693,1599.9635009765625,1599.9635009765625,69600,0.0,0.0
2015-09-25 00:00:00+09:00,1591.0582416292593,1686.046868002134,1573.247887772567,1671.204833984375,59100,0.0,0.0
2015-09-28 00:00:00+09:00,1687.6329075377885,1717.5024429515659,1618.9327354374004,1630.880615234375,57600,11.6667,0.0
2015-09-29 00:00:00+09:00,1612.9591122062823,1654.7765342089594,1592.0503465120485,1601.01123046875,45900,0.0,0.0
2015-09-30 00:00:00+09:00,1601.0113205547798,1648.8027408082555,1577.11566512094,1636.8548583984375,101400,0.0,0.0
2015-10-01 00:00:00+09:00,1666.7246854923421,1747.3726541451974,1654.7768018225756,1708.5421142578125,58500,0.0,0.0
2015-10-02 00:00:00+09:00,1702.5679871548007,1738.4115237264807,1654.7765685972963,1714.515869140625,31800,0.0,0.0
2015-10-05 00:00:00+09:00,1714.5158007846537,1735.4244566939988,1681.6591539800456,1723.4766845703125,33000,0.0,0.0
2015-10-06 00:00:00+09:00,1732.4376128083113,1768.2811488706502,1726.463617207394,1738.4114990234375,45600,0.0,0.0
2015-10-07 00:00:00+09:00,1756.333251953125,1762.3071381168859,1720.4897161989797,1756.333251953125,27300,0.0,0.0
2015-10-08 00:00:00+09:00,1756.3331815406223,1762.3070674648864,1693.6069964856001,1696.593994140625,60600,0.0,0.0
2015-10-09 00:00:00+09:00,1723.4768243466979,1774.2551334550271,1711.5289418682332,1762.3072509765625,44400,0.0,0.0
2015-10-13 00:00:00+09:00,1771.2680372853176,1774.2550350857764,1720.489730992268,1738.4114990234375,47100,0.0,0.0
2015-10-14 00:00:00+09:00,1717.5024060265102,1735.4241706437808,1675.6849917148022,1684.6458740234375,40200,0.0,0.0
2015-10-15 00:00:00+09:00,1690.6201748773694,1768.2812469086934,1690.6201748773694,1762.3072509765625,52500,0.0,0.0
2015-10-16 00:00:00+09:00,1771.267948059392,1786.2028269235636,1741.3984091026198,1777.241943359375,49500,0.0,0.0
2015-10-19 00:00:00+09:00,1768.2811488706502,1777.242032886235,1726.463617207394,1738.4114990234375,32700,0.0,0.0
2015-10-20 00:00:00+09:00,1723.4766993657952,1729.450585478922,1681.6591684165385,1705.554931640625,59100,0.0,0.0
2015-10-21 00:00:00+09:00,1690.6201328923687,1753.346322921415,1690.6201328923687,1747.3724365234375,88200,0.0,0.0
2015-10-22 00:00:00+09:00,1762.3073585839827,1822.0466652382222,1735.4247034053162,1786.203125,87300,0.0,0.0
2015-10-23 00:00:00+09:00,1851.9161804991302,1950.4859088055557,1845.9421846476043,1941.5250244140625,127500,0.0,0.0
2015-10-26 00:00:00+09:00,1911.6549283751071,1911.6549283751071,1884.7722799193405,1905.68115234375,41700,0.0,0.0
2015-10-27 00:00:00+09:00,1884.7727431964095,1938.5380533234538,1884.7727431964095,1917.62939453125,44700,0.0,0.0
2015-10-28 00:00:00+09:00,1893.7333984375,1917.6291618517243,1875.8116305697267,1893.7333984375,49200,0.0,0.0
2015-10-29 00:00:00+09:00,1902.694185810068,1941.5248267339832,1899.7072975742165,1938.5377197265625,55500,0.0,0.0
2015-10-30 00:00:00+09:00,1938.5380533234538,1956.4598233658019,1902.6945132387575,1917.62939453125,65400,0.0,0.0
2015-11-02 00:00:00+09:00,1905.6816580887123,1911.655435705438,1887.7598876953125,1887.7598876953125,43500,0.0,0.0
2015-11-04 00:00:00+09:00,1938.5378760427236,1941.524983291013,1902.6943392359456,1908.6683349609375,37500,0.0,0.0
2015-11-05 00:00:00+09:00,1926.5897478965967,1971.394160638378,1920.6157532738437,1965.420166015625,42000,0.0,0.0
2015-11-06 00:00:00+09:00,1944.5120295762397,1947.4989182953457,1923.603370999288,1929.5771484375,34200,0.0,0.0
2015-11-09 00:00:00+09:00,1947.4985526548492,1956.459435901377,1908.6681315104167,1935.55078125,58200,0.0,0.0
2015-11-10 00:00:00+09:00,1932.564225631575,1932.564225631575,1911.6553486108053,1914.6424560546875,30600,0.0,0.0
2015-11-11 00:00:00+09:00,1896.7203601055676,1941.5247763382063,1896.7203601055676,1935.55078125,27900,0.0,0.0
2015-11-12 00:00:00+09:00,1935.550630444953,1971.394160638378,1929.5766358222,1965.420166015625,36900,0.0,0.0
2015-11-13 00:00:00+09:00,1935.55078125,1938.5376694083213,1914.642126598623,1935.55078125,40500,0.0,0.0
2015-11-16 00:00:00+09:00,1926.5903346126377,1935.5512198899057,1914.6425605001514,1932.5643310546875,25200,0.0,0.0
2015-11-17 00:00:00+09:00,1941.5248267339832,1941.5248267339832,1929.576836247439,1938.5377197265625,30600,0.0,0.0
2015-11-18 00:00:00+09:00,1941.5250907139584,1956.4597526953803,1923.603321318973,1926.5902099609375,32100,0.0,0.0
2015-11-19 00:00:00+09:00,1953.4729145051624,1953.4729145051624,1920.6162635085773,1929.5771484375,27000,0.0,0.0
2015-11-20 00:00:00+09:00,1917.629322300151,1920.6162109375,1890.7466682492143,1920.6162109375,44700,0.0,0.0
2015-11-24 00:00:00+09:00,1902.6945132387575,1929.5771683022797,1887.759850717872,1917.62939453125,36300,0.0,0.0
2015-11-25 00:00:00+09:00,1935.5510445143025,1935.5510445143025,1911.6552796828541,1923.603271484375,19500,0.0,0.0
2015-11-26 00:00:00+09:00,1932.5638088182534,1980.3551111251754,1932.5638088182534,1956.4593505859375,56100,0.0,0.0
2015-11-27 00:00:00+09:00,1995.289829584559,2022.1724760066343,1986.328947443867,2010.2244873046875,52800,0.0,0.0
2015-11-30 00:00:00+09:00,2001.2642649661898,2043.0818016668666,2001.2642649661898,2019.18603515625,50700,0.0,0.0
2015-12-01 00:00:00+09:00,2055.029168861084,2087.8858139646404,2037.107402217611,2084.89892578125,38400,0.0,0.0
2015-12-02 00:00:00+09:00,2099.8338653934,2135.6774034585596,2075.93831919769,2105.807861328125,49200,0.0,0.0
2015-12-03 00:00:00+09:00,2081.912162075862,2111.7819239207233,2072.951277276724,2090.873046875,28500,0.0,0.0
2015-12-04 00:00:00+09:00,2049.0554809463197,2063.990141279525,2019.1857227367595,2028.1466064453125,34800,0.0,0.0
2015-12-07 00:00:00+09:00,2028.1468731132304,2055.029527773516,2016.199099521416,2022.173095703125,31800,0.0,0.0
2015-12-08 00:00:00+09:00,2004.2513259296013,2034.1208692949397,2004.2513259296013,2022.173095703125,19800,0.0,0.0
2015-12-09 00:00:00+09:00,1992.3028564453125,2013.211728688192,1980.3550857147752,1992.3028564453125,24600,0.0,0.0
2015-12-10 00:00:00+09:00,1992.3033429399595,1998.2773391497763,1929.5771484375,1929.5771484375,35700,0.0,0.0
2015-12-11 00:00:00+09:00,1935.5508352534562,1959.4465975014296,1929.5768399985704,1944.51171875,77100,0.0,0.0
2015-12-14 00:00:00+09:00,1887.7597464203272,1905.6815154725089,1875.8117545378095,1899.70751953125,24900,0.0,0.0
2015-12-15 00:00:00+09:00,1869.837591662034,1899.7071276637141,1857.889602244122,1860.876708984375,19800,0.0,0.0
2015-12-16 00:00:00+09:00,1866.8507466358403,1899.707393983951,1863.863858248405,1893.7333984375,31200,0.0,0.0
2015-12-17 00:00:00+09:00,1938.5374569769358,1986.328974902306,1929.5765747123712,1980.35498046875,41400,0.0,0.0
2015-12-18 00:00:00+09:00,1980.355197482639,1989.3160807291667,1914.642126598623,1935.55078125,34200,0.0,0.0
2015-12-21 00:00:00+09:00,1950.4860458660905,1950.4860458660905,1899.707624488902,1917.62939453125,35100,0.0,0.0
2015-12-22 00:00:00+09:00,1896.7204130256232,1971.3943692396313,1896.7204130256232,1944.51171875,34500,0.0,0.0
2015-12-24 00:00:00+09:00,1944.5117149698347,1947.498603205686,1920.6159527683153,1938.5377197265625,15600,0.0,0.0
2015-12-25 00:00:00+09:00,1938.5377197265625,1938.5377197265625,1938.5377197265625,1938.5377197265625,0,0.0,0.0
2015-12-28 00:00:00+09:00,1971.3943045492665,2010.2247255028979,1959.446533203125,1959.446533203125,8700,0.0,0.0
2015-12-29 00:00:00+09:00,1935.5505691459275,1992.3027505643227,1935.5505691459275,1980.35498046875,17100,0.0,0.0
2015-12-30 00:00:00+09:00,2001.2641341648898,2055.0294412210055,2001.2641341648898,2049.0556640625,17100,0.0,0.0
2016-01-04 00:00:00+09:00,2007.2379032258066,2052.0423207085255,1932.5639470117983,1944.51171875,24300,0.0,0.0
2016-01-05 00:00:00+09:00,1914.6421762966122,1992.3030206013045,1914.6421762966122,1938.5377197265625,24300,0.0,0.0
2016-01-06 00:00:00+09:00,1914.642365585117,1944.511907211351,1801.1377573708826,1878.798828125,54600,0.0,0.0
2016-01-07 00:00:00+09:00,1860.8770065146111,1890.7465472920458,1860.8770065146111,1869.837890625,54300,0.0,0.0
2016-01-08 00:00:00+09:00,1848.9289586202103,1902.6942616376468,1848.9289586202103,1854.9029541015625,60000,0.0,0.0
2016-01-12 00:00:00+09:00,1819.0595930626266,1825.0334797306198,1732.437744140625,1732.437744140625,62400,0.0,0.0
2016-01-13 00:00:00+09:00,1720.4896924083769,1750.3593415857297,1672.69827560177,1711.52880859375,114000,0.0,0.0
2016-01-14 00:00:00+09:00,1684.6463866448553,1684.6463866448553,1645.8158483630925,1654.7767333984375,73800,0.0,0.0
2016-01-15 00:00:00+09:00,1681.6591897017033,1687.633185276234,1601.011233917657,1606.9852294921875,65100,0.0,0.0
2016-01-18 00:00:00+09:00,1559.1937596014857,1606.985175668058,1559.1937596014857,1598.0242919921875,27300,0.0,0.0
2016-01-19 00:00:00+09:00,1583.0894942188522,1645.815683170355,1583.0894942188522,1639.841796875,44400,0.0,0.0
2016-01-20 00:00:00+09:00,1648.802536501385,1648.802536501385,1577.115469696977,1583.08935546875,48000,0.0,0.0
2016-01-21 00:00:00+09:00,1553.2201274759238,1589.063668037785,1517.3765869140625,1517.3765869140625,56400,0.0,0.0
2016-01-22 00:00:00+09:00,1550.2328016493054,1612.958984375,1538.2849208586745,1612.958984375,49200,0.0,0.0
2016-01-25 00:00:00+09:00,1642.8286840085293,1711.5287546258223,1636.8546887299574,1702.56787109375,76200,0.0,0.0
2016-01-26 00:00:00+09:00,1678.6723953337282,1696.5941642896548,1633.8679729439116,1642.828857421875,35100,0.0,0.0
2016-01-27 00:00:00+09:00,1696.5940478650232,1783.215888745857,1675.685282389323,1774.2550048828125,60900,0.0,0.0
2016-01-28 00:00:00+09:00,1744.3854100264964,1789.1898307410966,1678.672332568945,1714.515869140625,65100,0.0,0.0
2016-01-29 00:00:00+09:00,1759.320229643605,1863.863837937802,1732.4375781348867,1854.9029541015625,84000,0.0,0.0
2016-02-01 00:00:00+09:00,1866.8510387342885,1905.6816877045212,1828.0206085356701,1902.694580078125,54900,0.0,0.0
2016-02-02 00:00:00+09:00,1863.863837937802,1884.772493965168,1831.0073003335203,1854.9029541015625,39600,0.0,0.0
2016-02-03 00:00:00+09:00,1795.1637884062184,1854.9029782985076,1777.2420204999526,1831.00732421875,52200,0.0,0.0
2016-02-04 00:00:00+09:00,1792.1767877072705,1810.0985555843433,1750.3593657893643,1756.333251953125,30000,0.0,0.0
2016-02-05 00:00:00+09:00,1741.398502713892,1753.3462751845555,1678.6723143926376,1726.463623046875,43500,0.0,0.0
2016-02-08 00:00:00+09:00,1687.6331127246851,1780.22883690551,1681.6591174069772,1765.2940673828125,31800,0.0,0.0
2016-02-09 00:00:00+09:00,1711.528713940299,1711.528713940299,1627.893766500486,1675.6851806640625,45300,0.0,0.0
2016-02-10 00:00:00+09:00,1666.724512901178,1690.6201683804813,1618.933092556775,1642.828857421875,48600,0.0,0.0
2016-02-12 00:00:00+09:00,1642.828752681133,1651.7896365877832,1532.311148037184,1538.2850341796875,88200,0.0,0.0
2016-02-15 00:00:00+09:00,1687.6332658614147,1729.4506899509743,1642.8288438419593,1717.5028076171875,58200,0.0,0.0
2016-02-16 00:00:00+09:00,1702.5680246660786,1717.5027954380598,1660.750600873054,1666.7244873046875,76800,0.0,0.0
2016-02-17 00:00:00+09:00,1666.7244514094143,1699.580990154479,1562.18083948545,1571.1417236328125,108300,0.0,0.0
2016-02-18 00:00:00+09:00,1601.01123046875,1627.8938823388548,1586.0764603361777,1601.01123046875,44100,0.0,0.0
2016-02-19 00:00:00+09:00,1577.1158101517342,1601.0114677830068,1538.2852707883355,1550.233154296875,66300,0.0,0.0
2016-02-22 00:00:00+09:00,1550.2330256858104,1571.1417927446614,1529.3242586269596,1562.180908203125,51300,0.0,0.0
2016-02-23 00:00:00+09:00,1565.1677937035356,1624.907096786388,1556.2069091796875,1556.2069091796875,68400,0.0,0.0
2016-02-24 00:00:00+09:00,1586.0762350652883,1624.9067631578137,1571.1414670539054,1589.063232421875,68400,0.0,0.0
2016-02-25 00:00:00+09:00,1636.8548615127015,1666.724512901178,1621.9200905113616,1642.828857421875,59400,0.0,0.0
2016-02-26 00:00:00+09:00,1636.8546317210141,1654.7763981609735,1615.9459771315828,1624.9068603515625,22500,0.0,0.0
2016-02-29 00:00:00+09:00,1612.9591369628906,1669.7114393549973,1577.1156005859375,1577.1156005859375,90000,0.0,0.0
2016-03-01 00:00:00+09:00,1556.2070934732585,1580.1028612905707,1532.3114350417566,1559.194091796875,88800,0.0,0.0
2016-03-02 00:00:00+09:00,1618.9327354374004,1645.8153829412638,1606.9849650261986,1630.880615234375,52800,0.0,0.0
2016-03-03 00:00:00+09:00,1630.8811278613352,1663.7376708984375,1612.9593572254964,1663.7376708984375,37500,0.0,0.0
2016-03-04 00:00:00+09:00,1660.750564283105,1717.5027575977365,1645.8156844543764,1714.515869140625,54600,0.0,0.0
2016-03-07 00:00:00+09:00,1714.5160939571856,1732.4378645930244,1651.7898967317496,1663.7376708984375,58200,0.0,0.0
2016-03-08 00:00:00+09:00,1654.7766835865432,1690.620222648965,1624.9071406250584,1651.789794921875,35100,0.0,0.0
2016-03-09 00:00:00+09:00,1636.8547662955564,1636.8547662955564,1580.1025741603069,1601.01123046875,57600,0.0,0.0
2016-03-10 00:00:00+09:00,1618.9330100695029,1681.6591982192447,1618.9330100695029,1669.71142578125,48900,0.0,0.0
2016-03-11 00:00:00+09:00,1663.7371582493888,1711.528568347545,1648.802390449991,1699.5806884765625,63000,0.0,0.0
2016-03-14 00:00:00+09:00,1759.3202349063347,1792.1767726089015,1744.3853555440676,1774.2550048828125,49200,0.0,0.0
2016-03-15 00:00:00+09:00,1759.3200862683009,1774.2548549829987,1717.5025588498986,1729.450439453125,36300,0.0,0.0
2016-03-16 00:00:00+09:00,1717.5027919030665,1747.372442771346,1717.5027919030665,1735.424560546875,35100,0.0,0.0
2016-03-17 00:00:00+09:00,1753.3462242653163,1774.2549895604498,1711.5288030608378,1723.4766845703125,38400,0.0,0.0
2016-03-18 00:00:00+09:00,1714.515761299203,1717.502649568442,1678.6722269820473,1696.593994140625,46500,0.0,0.0
2016-03-22 00:00:00+09:00,1720.489730992268,1744.3853852385635,1672.6983131138857,1738.4114990234375,61800,0.0,0.0
2016-03-23 00:00:00+09:00,1768.2808120326238,1768.2808120326238,1669.7111066376356,1684.6458740234375,57900,0.0,0.0
2016-03-24 00:00:00+09:00,1681.659066414841,1699.5808330529594,1654.7764164576636,1675.6851806640625,65700,0.0,0.0
2016-03-25 00:00:00+09:00,1675.6852435305939,1699.5808968159818,1666.72435987535,1678.6722412109375,54000,0.0,0.0
2016-03-28 00:00:00+09:00,1666.7241555635778,1699.5806884765625,1654.7762756925954,1699.5806884765625,122100,0.0,0.0
2016-03-29 00:00:00+09:00,1704.0971871398112,1743.2372661372835,1698.0756789316545,1719.151123046875,69000,15.0,0.0
2016-03-30 00:00:00+09:00,1719.1507799229319,1734.2046025676339,1686.0322157437242,1692.0538330078125,32400,0.0,0.0
2016-03-31 00:00:00+09:00,1722.161819262921,1737.2157551458663,1683.0218505859375,1683.0218505859375,58800,0.0,0.0
2016-04-01 00:00:00+09:00,1713.1296069446491,1737.2158617320517,1628.828045962103,1631.8387451171875,96600,0.0,0.0
2016-04-04 00:00:00+09:00,1646.8924202626347,1655.9247368083936,1559.5799534817847,1580.6553955078125,105900,0.0,0.0
2016-04-05 00:00:00+09:00,1580.655676597027,1592.6988042189341,1529.4725771550532,1532.4832763671875,98700,0.0,0.0
2016-04-06 00:00:00+09:00,1592.698644733642,1613.7739781393582,1514.418488416533,1523.4508056640625,109500,0.0,0.0
2016-04-07 00:00:00+09:00,1532.4830524128115,1598.7200792668543,1532.4830524128115,1547.5369873046875,81600,0.0,0.0
2016-04-08 00:00:00+09:00,1526.4615446107252,1568.612319740876,1517.4292277787092,1547.5369873046875,82800,0.0,0.0
2016-04-11 00:00:00+09:00,1547.5371143459745,1568.612448512291,1503.8808759881194,1526.461669921875,106800,0.0,0.0
2016-04-12 00:00:00+09:00,1526.4617614746094,1571.6233520507812,1526.4617614746094,1553.5587158203125,70800,0.0,0.0
2016-04-13 00:00:00+09:00,1580.6553364998554,1631.8384249291666,1574.633829113397,1619.79541015625,48000,0.0,0.0
2016-04-14 00:00:00+09:00,1664.9572026380629,1740.2264404296875,1652.9140760779796,1740.2264404296875,106200,0.0,0.0
2016-04-15 00:00:00+09:00,1722.1616418398385,1746.2478926679892,1719.150943179647,1737.215576171875,36000,0.0,0.0
2016-04-18 00:00:00+09:00,1677.0001692658889,1695.0648034420306,1661.9463442050298,1664.9571533203125,48000,0.0,0.0
2016-04-19 00:00:00+09:00,1704.0971560579555,1728.1834089668243,1689.043330683247,1710.1187744140625,71400,0.0,0.0
2016-04-20 00:00:00+09:00,1710.1184189651726,1737.215365162203,1710.1184189651726,1725.1722412109375,55800,0.0,0.0
2016-04-21 00:00:00+09:00,1746.2481526360036,1806.46356815525,1740.2265339036287,1803.4527587890625,92400,0.0,0.0
2016-04-22 00:00:00+09:00,1833.5604747185666,1860.6574275469197,1791.4096959603894,1857.646728515625,78600,0.0,0.0
2016-04-25 00:00:00+09:00,1878.7220627658219,1878.7220627658219,1830.5496654294884,1857.646728515625,49800,0.0,0.0
2016-04-26 00:00:00+09:00,1827.538893022469,1860.6573528414883,1818.5065757756656,1839.5819091796875,50400,0.0,0.0
2016-04-27 00:00:00+09:00,1821.5172354880924,1845.6034877997652,1779.36645932933,1815.4957275390625,62100,0.0,0.0
2016-04-28 00:00:00+09:00,1836.571232394793,1839.5819313414786,1710.1187894161499,1740.2264404296875,51300,0.0,0.0
2016-05-02 00:00:00+09:00,1649.9031865716445,1670.9786294615894,1631.8385527396272,1655.9248046875,48900,0.0,0.0
2016-05-06 00:00:00+09:00,1655.924650056944,1655.924650056944,1619.7953857666673,1646.892333984375,38400,0.0,0.0
2016-05-09 00:00:00+09:00,1652.9140700558894,1667.9678955078125,1652.9140700558894,1667.9678955078125,22500,0.0,0.0
2016-05-10 00:00:00+09:00,1667.96789015743,1749.2587458010591,1667.96789015743,1746.248046875,49200,0.0,0.0
2016-05-11 00:00:00+09:00,1755.2803730645069,1761.301881204922,1692.05415168792,1704.09716796875,39000,0.0,0.0
2016-05-12 00:00:00+09:00,1673.9893591225468,1698.075499670244,1628.8277766845083,1658.9354248046875,62400,0.0,0.0
2016-05-13 00:00:00+09:00,1643.8815266927083,1670.978474934896,1592.6984389878314,1625.81689453125,71400,0.0,0.0
2016-05-16 00:00:00+09:00,1616.7845129806005,1652.9137758405022,1601.7306902082282,1607.752197265625,34500,0.0,0.0
2016-05-17 00:00:00+09:00,1610.7632926358372,1673.9895138948057,1610.7632926358372,1667.9678955078125,40200,0.0,0.0
2016-05-18 00:00:00+09:00,1655.924816400637,1680.0109582611074,1646.8924994207384,1649.9031982421875,28800,0.0,0.0
2016-05-19 00:00:00+09:00,1649.9030325033882,1655.924650056944,1637.8600179118057,1646.892333984375,15300,0.0,0.0
2016-05-20 00:00:00+09:00,1655.9248208608853,1689.0432797904593,1643.881694769324,1686.032470703125,23100,0.0,0.0
2016-05-23 00:00:00+09:00,1689.043311306688,1704.0971365087005,1683.0218032774387,1695.0648193359375,22200,0.0,0.0
2016-05-24 00:00:00+09:00,1670.9786058508832,1683.0217316546518,1655.9247812895023,1661.9462890625,16800,0.0,0.0
2016-05-25 00:00:00+09:00,1698.075499670244,1701.0863085853698,1655.9247261473315,1658.9354248046875,30300,0.0,0.0
2016-05-26 00:00:00+09:00,1667.967926649279,1689.04337088168,1667.967926649279,1677.000244140625,13800,0.0,0.0
2016-05-27 00:00:00+09:00,1686.032470703125,1689.0432797904593,1670.9786457820053,1686.032470703125,12300,0.0,0.0
2016-05-30 00:00:00+09:00,1683.021670787486,1701.0863037109375,1683.021670787486,1701.0863037109375,19500,0.0,0.0
2016-05-31 00:00:00+09:00,1701.0864881646235,1719.151123046875,1683.0218532823717,1719.151123046875,52500,0.0,0.0
2016-06-01 00:00:00+09:00,1719.1509717981285,1722.1616705084389,1680.010896244151,1689.043212890625,26400,0.0,0.0
2016-06-02 00:00:00+09:00,1698.0755837793508,1725.1725345843404,1631.8385561701177,1634.849365234375,44100,0.0,0.0
2016-06-03 00:00:00+09:00,1634.849361797555,1677.00013731967,1634.849361797555,1655.9248046875,12900,0.0,0.0
2016-06-06 00:00:00+09:00,1616.784731364382,1643.8816821693715,1613.7739223001247,1634.849365234375,25800,0.0,0.0
2016-06-07 00:00:00+09:00,1634.8493733616153,1649.9031982421875,1616.7847394018183,1649.9031982421875,31800,0.0,0.0
2016-06-08 00:00:00+09:00,1670.9786612931007,1677.0001692658889,1631.838583825535,1664.9571533203125,25800,0.0,0.0
2016-06-09 00:00:00+09:00,1637.8600751774347,1646.8923915658072,1610.7631260123178,1628.8277587890625,29700,0.0,0.0
2016-06-10 00:00:00+09:00,1658.9355196904437,1689.0432797904593,1640.8708856819896,1686.032470703125,69900,0.0,0.0
2016-06-13 00:00:00+09:00,1670.9787609532193,1670.9787609532193,1571.6232670587035,1577.644775390625,53700,0.0,0.0
2016-06-14 00:00:00+09:00,1577.6448049505307,1580.655614301796,1523.450898174469,1550.5478515625,29700,0.0,0.0
2016-06-15 00:00:00+09:00,1562.5907796401343,1592.6985385437872,1520.4400053812376,1538.504638671875,31500,0.0,0.0
2016-06-16 00:00:00+09:00,1568.6123405762876,1580.655466598199,1488.8269476722287,1491.837646484375,59400,0.0,0.0
2016-06-17 00:00:00+09:00,1493.343086312591,1562.5908119387898,1493.343086312591,1547.5369873046875,57900,0.0,0.0
2016-06-20 00:00:00+09:00,1565.6016572740282,1607.7524333816284,1553.5585311328095,1592.6986083984375,48600,0.0,0.0
2016-06-21 00:00:00+09:00,1562.5909185449152,1583.6663626767274,1544.5262836484421,1568.6124267578125,42900,0.0,0.0
2016-06-22 00:00:00+09:00,1568.6122213158415,1568.6122213158415,1508.3968162999686,1520.43994140625,51600,0.0,0.0
2016-06-23 00:00:00+09:00,1500.8698493263219,1526.4614488305072,1485.8160256367955,1520.43994140625,43200,0.0,0.0
2016-06-24 00:00:00+09:00,1526.4614719202302,1529.4722808067847,1386.46056769086,1415.0628662109375,81900,0.0,0.0
2016-06-27 00:00:00+09:00,1418.074011938163,1476.7840824961127,1400.0093748434094,1406.0308837890625,58500,0.0,0.0
2016-06-28 00:00:00+09:00,1390.976838142641,1424.095297536302,1363.8798867502521,1400.0091552734375,60600,0.0,0.0
2016-06-29 00:00:00+09:00,1401.5143158997869,1409.04128258069,1371.4066696916993,1403.019775390625,54300,0.0,0.0
2016-06-30 00:00:00+09:00,1433.1276639407554,1439.1492824068393,1410.5468703373938,1431.622314453125,38400,0.0,0.0
2016-07-01 00:00:00+09:00,1419.5791877787383,1439.1492824068393,1412.0523300828054,1431.622314453125,28800,0.0,0.0
2016-07-04 00:00:00+09:00,1446.6761127190603,1446.6761127190603,1396.9983677320004,1401.5145263671875,29100,0.0,0.0
2016-07-05 00:00:00+09:00,1390.976878741841,1416.5684814453125,1375.9230531703886,1416.5684814453125,35400,0.0,0.0
2016-07-06 00:00:00+09:00,1384.9552042394944,1395.4928698482186,1312.6966737619168,1342.8043212890625,44100,0.0,0.0
2016-07-07 00:00:00+09:00,1321.7290167299968,1347.320506618457,1294.632067254378,1308.1805419921875,53400,0.0,0.0
2016-07-08 00:00:00+09:00,1324.7396508400868,1332.2666176358152,1258.5027399656294,1269.0404052734375,78000,0.0,0.0
2016-07-11 00:00:00+09:00,1269.0404052734375,1269.0404052734375,1269.0404052734375,1269.0404052734375,0,0.0,0.0
2016-07-12 00:00:00+09:00,1384.9554723954768,1460.2247160447887,1384.9554723954768,1437.6439208984375,81600,0.0,0.0
2016-07-13 00:00:00+09:00,1458.7192320719541,1496.3538504295768,1451.1922642973182,1487.321533203125,79800,0.0,0.0
2016-07-14 00:00:00+09:00,1470.7624177781247,1494.8485612675042,1446.6761640309621,1469.2569580078125,45900,0.0,0.0
2016-07-15 00:00:00+09:00,1490.3322464775847,1538.504638671875,1482.8052791872287,1538.504638671875,48900,0.0,0.0
2016-07-19 00:00:00+09:00,1508.3968162999686,1526.4614488305072,1475.2783600799037,1520.43994140625,63300,0.0,0.0
2016-07-20 00:00:00+09:00,1520.4400715067281,1550.5477214620219,1487.3215021950182,1535.493896484375,52800,0.0,0.0
2016-07-21 00:00:00+09:00,1532.4832159704795,1568.6124871545205,1517.429389729724,1550.5478515625,62400,0.0,0.0
2016-07-22 00:00:00+09:00,1520.4401977990158,1544.526341815473,1497.8594033280294,1514.4185791015625,33900,0.0,0.0
2016-07-25 00:00:00+09:00,1505.3863219112386,1544.526403989095,1505.3863219112386,1532.4832763671875,59100,0.0,0.0
2016-07-26 00:00:00+09:00,1517.4291345067772,1538.5045759052937,1487.3213768314347,1499.364501953125,53700,0.0,0.0
2016-07-27 00:00:00+09:00,1493.3429793085631,1556.5691926022637,1493.3429793085631,1541.5152587890625,71400,0.0,0.0
2016-07-28 00:00:00+09:00,1532.4830207364814,1541.5153373818002,1508.396879768222,1538.504638671875,60300,0.0,0.0
2016-07-29 00:00:00+09:00,1520.4403118644725,1580.6557315519487,1493.343356466439,1571.6234130859375,102300,0.0,0.0
2016-08-01 00:00:00+09:00,1568.6124293657365,1613.7740166820033,1556.5694129199198,1604.74169921875,55500,0.0,0.0
2016-08-02 00:00:00+09:00,1613.7738037109375,1625.8169288251945,1568.612222354682,1613.7738037109375,82200,0.0,0.0
2016-08-03 00:00:00+09:00,1553.5586596038675,1559.5801680435354,1502.3755622222268,1514.4185791015625,57600,0.0,0.0
2016-08-04 00:00:00+09:00,1544.5261782747575,1553.5584951067738,1511.407719976623,1547.5369873046875,40800,0.0,0.0
2016-08-05 00:00:00+09:00,1544.5260642274095,1607.7522773829176,1529.472240704877,1583.6661376953125,58200,0.0,0.0
2016-08-08 00:00:00+09:00,1643.8815824896876,1722.16162109375,1598.720000553158,1722.16162109375,168900,0.0,0.0
2016-08-09 00:00:00+09:00,1704.097171007218,1740.2264404296875,1686.0325362959834,1740.2264404296875,49200,0.0,0.0
2016-08-10 00:00:00+09:00,1755.280424492133,1755.280424492133,1707.1080271840797,1728.1834716796875,37500,0.0,0.0
2016-08-12 00:00:00+09:00,1761.301754495269,1872.7002534966261,1752.2694378055498,1854.6356201171875,96600,0.0,0.0
2016-08-15 00:00:00+09:00,1815.4959037266108,1818.5067131222024,1779.3666320106581,1782.37744140625,39300,0.0,0.0
2016-08-16 00:00:00+09:00,1782.377484511912,1812.4851381648152,1743.2374024537899,1749.2589111328125,44400,0.0,0.0
2016-08-17 00:00:00+09:00,1746.2480588386193,1770.3342017010054,1701.0864720605325,1740.2264404296875,52500,0.0,0.0
2016-08-18 00:00:00+09:00,1740.2264616821358,1746.2480801646063,1692.054175369061,1698.07568359375,46200,0.0,0.0
2016-08-19 00:00:00+09:00,1701.086485439247,1719.1511202925567,1664.957215732628,1683.0218505859375,99000,0.0,0.0
2016-08-22 00:00:00+09:00,1698.0756628560666,1782.3773282610887,1698.0756628560666,1740.2264404296875,110400,0.0,0.0
2016-08-23 00:00:00+09:00,1740.2264373267997,1743.237246525897,1701.0864690274325,1704.09716796875,42000,0.0,0.0
2016-08-24 00:00:00+09:00,1719.151154075539,1749.2588059175118,1716.1403447882283,1728.1834716796875,66000,0.0,0.0
2016-08-25 00:00:00+09:00,1725.1726312550318,1734.2049486961578,1713.129504580937,1719.151123046875,21300,0.0,0.0
2016-08-26 00:00:00+09:00,1692.0541364696774,1701.0864537279538,1664.9571846948486,1673.989501953125,33300,0.0,0.0
2016-08-29 00:00:00+09:00,1749.2586985751152,1797.4310929270935,1731.1940644753454,1758.291015625,64800,0.0,0.0
2016-08-30 00:00:00+09:00,1758.2911867570901,1791.409759335238,1749.258868828102,1782.37744140625,34500,0.0,0.0
2016-08-31 00:00:00+09:00,1791.409648680924,1797.4311568423752,1770.3342047291735,1776.355712890625,72000,0.0,0.0
2016-09-01 00:00:00+09:00,1770.3340165966054,1782.3771418974711,1764.3125090750566,1779.3663330078125,34800,0.0,0.0
2016-09-02 00:00:00+09:00,1749.2587181290023,1773.344970703125,1749.2587181290023,1773.344970703125,23100,0.0,0.0
2016-09-05 00:00:00+09:00,1788.3988073367884,1839.5819014339017,1776.3556809725,1824.528076171875,98700,0.0,0.0
2016-09-06 00:00:00+09:00,1836.571456909894,1938.9377695401117,1821.5175193050482,1926.89453125,162000,0.0,0.0
2016-09-07 00:00:00+09:00,1866.6788965024957,1893.7758471589084,1854.6356603115019,1884.7435302734375,43500,0.0,0.0
2016-09-08 00:00:00+09:00,1857.6468145491654,1890.7651669739246,1851.6251956921287,1863.668212890625,38400,0.0,0.0
2016-09-09 00:00:00+09:00,1881.7327617971168,1881.7327617971168,1848.6143006483906,1857.646728515625,59100,0.0,0.0
2016-09-12 00:00:00+09:00,1854.6358263826162,1854.6358263826162,1812.48504722867,1830.5496826171875,34800,0.0,0.0
2016-09-13 00:00:00+09:00,1836.5713556681371,1836.5713556681371,1788.3989564521828,1797.4312744140625,27000,0.0,0.0
2016-09-14 00:00:00+09:00,1785.387840529361,1794.4201569405682,1773.344825486264,1779.3663330078125,24000,0.0,0.0
2016-09-15 00:00:00+09:00,1779.3664588273236,1779.3664588273236,1725.1725565280142,1758.291015625,27300,0.0,0.0
2016-09-16 00:00:00+09:00,1770.3343205284234,1806.4635923759422,1764.3128119730995,1797.4312744140625,35400,0.0,0.0
2016-09-20 00:00:00+09:00,1770.3340459111514,1830.5494528970357,1764.312538289894,1809.47412109375,56400,0.0,0.0
2016-09-21 00:00:00+09:00,1785.387805699956,1917.861740394099,1785.387805699956,1905.8187255859375,63300,0.0,0.0
2016-09-23 00:00:00+09:00,1923.883501532059,1929.9051196429762,1881.7326157867367,1920.872802734375,55500,0.0,0.0
2016-09-26 00:00:00+09:00,1905.8188865467873,1923.8835205424914,1854.6356833871082,1872.7003173828125,37500,0.0,0.0
2016-09-27 00:00:00+09:00,1863.6679721658359,1984.0990106573659,1848.6141474832818,1978.077392578125,87600,0.0,0.0
2016-09-28 00:00:00+09:00,1947.7851241201993,1965.960413682336,1935.6683383675509,1953.8436279296875,62700,13.3333,0.0
2016-09-29 00:00:00+09:00,1929.6098294401086,1947.7851189540384,1917.4930437195976,1926.5806884765625,54000,0.0,0.0
2016-09-30 00:00:00+09:00,1893.25912356562,1911.4344118618224,1875.083835269418,1899.317626953125,52800,0.0,0.0
2016-10-03 00:00:00+09:00,1929.6097001580245,1929.6097001580245,1890.2299828050238,1899.317626953125,27300,0.0,0.0
2016-10-04 00:00:00+09:00,1923.5515526149022,1959.9021317391755,1917.4930488054142,1953.8436279296875,67800,0.0,0.0
2016-10-05 00:00:00+09:00,1938.6973981155243,2005.3402716288426,1938.6973981155243,1984.1356201171875,57300,0.0,0.0
2016-10-06 00:00:00+09:00,1999.2821386895225,2041.691227708087,1999.2821386895225,2020.486572265625,68400,0.0,0.0
2016-10-07 00:00:00+09:00,1990.1938542845023,2008.369140625,1984.135351548907,2008.369140625,19500,0.0,0.0
2016-10-11 00:00:00+09:00,2017.4574308594274,2044.7203691142845,2008.369784774475,2020.486572265625,39300,0.0,0.0
2016-10-12 00:00:00+09:00,1990.1942445792633,1996.2527485029852,1975.048095703125,1975.048095703125,40200,0.0,0.0
2016-10-13 00:00:00+09:00,1975.0481541894026,2008.3695939571085,1972.019013071007,1996.2528076171875,88500,0.0,0.0
2016-10-14 00:00:00+09:00,1972.0185679440046,2014.4276433605955,1972.0185679440046,2008.369140625,59400,0.0,0.0
2016-10-17 00:00:00+09:00,2008.3697209234747,2065.9247370095713,2008.3697209234747,2050.77880859375,52200,0.0,0.0
2016-10-18 00:00:00+09:00,2050.778684042907,2050.778684042907,2020.486385318315,2032.6033935546875,33600,0.0,0.0
2016-10-19 00:00:00+09:00,2014.4276433605955,2032.6029297010932,1999.2814974547512,2008.369140625,40200,0.0,0.0
2016-10-20 00:00:00+09:00,1987.1651661161534,2026.5448881943796,1981.1066620016804,2023.5157470703125,50400,0.0,0.0
2016-10-21 00:00:00+09:00,2005.3400878906248,2017.4568720254351,1993.2230818895166,2005.340087890625,35700,0.0,0.0
2016-10-24 00:00:00+09:00,1981.1062977547065,2017.4568720254351,1981.1062977547065,2005.340087890625,38700,0.0,0.0
2016-10-25 00:00:00+09:00,1996.2526040405703,2029.5738185438606,1996.2526040405703,2026.544677734375,43800,0.0,0.0
2016-10-26 00:00:00+09:00,2035.632723029332,2047.749510520482,2014.4282894532298,2020.486572265625,44100,0.0,0.0
2016-10-27 00:00:00+09:00,2020.4862080920723,2056.8367858800334,2020.4862080920723,2029.5738525390625,33300,0.0,0.0
2016-10-28 00:00:00+09:00,2023.5155748451627,2056.836789972886,2011.3985676475181,2047.7491455078125,81300,0.0,0.0
2016-10-31 00:00:00+09:00,2020.4864165633917,2026.5449207752677,1996.2528434485735,2017.457275390625,68700,0.0,0.0
2016-11-01 00:00:00+09:00,2005.3404888332159,2017.457275390625,1987.165198063931,2017.457275390625,39900,0.0,0.0
2016-11-02 00:00:00+09:00,1975.048150389197,1987.165158572142,1941.726932551943,1968.9898681640625,46500,0.0,0.0
2016-11-04 00:00:00+09:00,1932.6392292759308,1956.8728011809742,1908.4054355045562,1947.78515625,45300,0.0,0.0
2016-11-07 00:00:00+09:00,1993.2235650924072,1993.2235650924072,1959.9023451772803,1978.07763671875,21900,0.0,0.0
2016-11-08 00:00:00+09:00,1996.252839016012,1996.252839016012,1947.7852491613103,1981.106689453125,26100,0.0,0.0
2016-11-09 00:00:00+09:00,1981.1065798748814,1984.1357208733752,1772.0907480532196,1802.3829345703125,75300,0.0,0.0
2016-11-10 00:00:00+09:00,1893.2592911313743,1975.048095703125,1893.2592911313743,1975.048095703125,69600,0.0,0.0
2016-11-11 00:00:00+09:00,1975.048338178657,1981.1068428461779,1911.434815701945,1938.69775390625,55800,0.0,0.0
2016-11-14 00:00:00+09:00,1978.0775171741368,2002.3110898539787,1962.9313678494816,1996.2528076171875,39300,0.0,0.0
2016-11-15 00:00:00+09:00,1999.2814562064768,1999.2814562064768,1968.989386886049,1987.1646728515625,37200,0.0,0.0
2016-11-16 00:00:00+09:00,1999.2814974547512,2014.4276433605955,1987.1647138498488,2008.369140625,39600,0.0,0.0
2016-11-17 00:00:00+09:00,2014.4283451707586,2059.866576852307,1993.2236891417924,2041.6912841796875,51000,0.0,0.0
2016-11-18 00:00:00+09:00,2059.8661249879683,2084.0996953245317,2047.7491179533697,2071.98291015625,54300,0.0,0.0
2016-11-21 00:00:00+09:00,2071.9829983763398,2075.0121393308045,2056.836849871363,2068.953857421875,25800,0.0,0.0
2016-11-22 00:00:00+09:00,2068.953769330759,2084.0996953245317,2059.8661249879683,2071.98291015625,35700,0.0,0.0
2016-11-24 00:00:00+09:00,2059.8667632766833,2114.392646229304,2059.8667632766833,2093.18798828125,71700,0.0,0.0
2016-11-25 00:00:00+09:00,2065.9245634504705,2111.362788613357,2062.895422395056,2084.099853515625,69000,0.0,0.0
2016-11-28 00:00:00+09:00,2081.0705544990406,2081.0705544990406,2047.7491179533697,2071.98291015625,55200,0.0,0.0
2016-11-29 00:00:00+09:00,2059.8667632766833,2099.246493675892,2059.8667632766833,2093.18798828125,28500,0.0,0.0
2016-11-30 00:00:00+09:00,2105.304348868444,2114.3919932205868,2065.9244087649486,2081.070556640625,50100,0.0,0.0
2016-12-01 00:00:00+09:00,2108.3333398320406,2117.420983538213,2087.1289118064046,2105.30419921875,39300,0.0,0.0
2016-12-02 00:00:00+09:00,2105.3044381184327,2111.3627200324777,2071.9830001258783,2078.04150390625,24900,0.0,0.0
2016-12-05 00:00:00+09:00,2068.953973263012,2068.953973263012,2017.4572429558398,2023.5157470703125,33600,0.0,0.0
2016-12-06 00:00:00+09:00,2053.807823909999,2062.8954691485387,2014.4281018317727,2023.5157470703125,65100,0.0,0.0
2016-12-07 00:00:00+09:00,2053.8076171875,2071.982905835177,2035.632328539823,2053.8076171875,49800,0.0,0.0
2016-12-08 00:00:00+09:00,2075.012050981741,2078.0414136735494,2035.6323327850878,2071.98291015625,39300,0.0,0.0
2016-12-09 00:00:00+09:00,2071.9830731020884,2120.450439453125,2062.895428044623,2120.450439453125,63600,0.0,0.0
2016-12-12 00:00:00+09:00,2135.5965913541227,2174.976312700243,2111.362797213099,2138.625732421875,51300,0.0,0.0
2016-12-13 00:00:00+09:00,2159.8304799748707,2196.1810618433606,2120.4505350397776,2181.034912109375,65100,0.0,0.0
2016-12-14 00:00:00+09:00,2181.034500798568,2184.063641427576,2138.6254226609394,2141.65478515625,35100,0.0,0.0
2016-12-15 00:00:00+09:00,2181.0346138190803,2329.466062192996,2174.9761103808114,2320.37841796875,159600,0.0,0.0
2016-12-16 00:00:00+09:00,2365.816636776533,2365.816636776533,2293.1154830536557,2311.290771484375,85500,0.0,0.0
2016-12-19 00:00:00+09:00,2277.9696384059716,2308.261712913969,2271.9111347578437,2280.998779296875,60000,0.0,0.0
2016-12-20 00:00:00+09:00,2262.823492140997,2320.3785003149796,2262.823492140997,2290.08642578125,64800,0.0,0.0
2016-12-21 00:00:00+09:00,2293.115896697659,2317.349692932139,2229.502375715208,2241.619384765625,58800,0.0,0.0
2016-12-22 00:00:00+09:00,2241.6191422379593,2262.823572982486,2220.414489627103,2250.706787109375,64800,0.0,0.0
2016-12-26 00:00:00+09:00,2296.144505954331,2296.144505954331,2226.472503323476,2232.531005859375,44400,0.0,0.0
2016-12-27 00:00:00+09:00,2268.882076852206,2290.0865075967326,2238.589779369934,2250.706787109375,36000,0.0,0.0
2016-12-28 00:00:00+09:00,2280.998540946146,2311.290612288803,2268.881756782343,2299.173828125,45900,0.0,0.0
2016-12-29 00:00:00+09:00,2274.940524825558,2347.64168910085,2253.7360925340467,2335.52490234375,90900,0.0,0.0
2016-12-30 00:00:00+09:00,2338.5538028845685,2426.401107964829,2335.5246619736367,2353.699951171875,103800,0.0,0.0
2017-01-04 00:00:00+09:00,2314.320383756363,2359.7586097341295,2290.0865892794413,2347.6416015625,129000,0.0,0.0
2017-01-05 00:00:00+09:00,2411.25520784173,2414.284570930765,2326.4372568093386,2335.52490234375,60900,0.0,0.0
2017-01-06 00:00:00+09:00,2335.524989107511,2347.641776314744,2256.765317594608,2305.23291015625,92100,0.0,0.0
2017-01-10 00:00:00+09:00,2311.2908596485618,2338.5537933345854,2247.6773477145066,2308.26171875,127800,0.0,0.0
2017-01-11 00:00:00+09:00,2338.554377059327,2402.1679048719056,2332.49609375,2332.49609375,98700,0.0,0.0
2017-01-12 00:00:00+09:00,2332.49609375,2347.6420238896953,2290.087001252822,2332.49609375,83400,0.0,0.0
2017-01-13 00:00:00+09:00,2287.0569786354567,2374.9040495798545,2287.0569786354567,2365.81640625,80400,0.0,0.0
2017-01-16 00:00:00+09:00,2365.817317550432,2371.875822726137,2287.0578595981583,2332.49609375,106200,0.0,0.0
2017-01-17 00:00:00+09:00,2302.2032072945594,2323.4078591116904,2265.8526291695593,2271.9111328125,95100,0.0,0.0
2017-01-18 00:00:00+09:00,2217.3852598367916,2253.735837866903,2205.2684744488615,2244.648193359375,84600,0.0,0.0
2017-01-19 00:00:00+09:00,2247.677669909939,2311.2911909627333,2247.677669909939,2277.969970703125,89100,0.0,0.0
2017-01-20 00:00:00+09:00,2271.911467397517,2320.378838079879,2265.8529628623387,2296.145263671875,55800,0.0,0.0
2017-01-23 00:00:00+09:00,2293.115648598428,2293.115648598428,2247.67742424135,2250.706787109375,43500,0.0,0.0
2017-01-24 00:00:00+09:00,2229.5024403068765,2232.5318035904224,2196.1812191187537,2202.239501953125,57300,0.0,0.0
2017-01-25 00:00:00+09:00,2211.327391942372,2247.677980422884,2211.327391942372,2220.4150390625,31500,0.0,0.0
2017-01-26 00:00:00+09:00,2256.765134015538,2280.9989283250343,2214.35627130684,2238.58984375,57900,0.0,0.0
2017-01-27 00:00:00+09:00,2238.5896897322496,2247.6773342397773,2205.2684744488615,2244.648193359375,40500,0.0,0.0
2017-01-30 00:00:00+09:00,2220.414484794818,2223.44384765625,2205.2685579529734,2223.44384765625,21000,0.0,0.0
2017-01-31 00:00:00+09:00,2199.2102943098366,2226.4732318426036,2190.1226484655813,2205.268798828125,55800,0.0,0.0
2017-02-01 00:00:00+09:00,2184.064209717291,2211.3271480710423,2181.035068300105,2202.239501953125,64200,0.0,0.0
2017-02-02 00:00:00+09:00,2214.356261674294,2229.502188918799,2165.8886732661376,2174.976318359375,36900,0.0,0.0
2017-02-03 00:00:00+09:00,2174.9764955354076,2202.2394330359894,2165.88884970188,2168.918212890625,45900,0.0,0.0
2017-02-06 00:00:00+09:00,2168.918212890625,2187.0935045576794,2156.8012038683532,2168.918212890625,31800,0.0,0.0
2017-02-07 00:00:00+09:00,2159.8302300123337,2168.9178744277206,2132.567296766174,2144.68408203125,37800,0.0,0.0
2017-02-08 00:00:00+09:00,2153.7717482840967,2277.9696305090843,2108.333525746458,2244.648193359375,186000,0.0,0.0
2017-02-09 00:00:00+09:00,2320.3786022451804,2390.0506207862827,2293.115667407314,2359.758544921875,235800,0.0,0.0
2017-02-10 00:00:00+09:00,2423.3720718049394,2480.927082798421,2408.225922862936,2432.459716796875,170100,0.0,0.0
2017-02-13 00:00:00+09:00,2453.6640588561104,2496.073141236225,2420.3426211384253,2435.48876953125,88500,0.0,0.0
2017-02-14 00:00:00+09:00,2453.663972266591,2502.1313348003687,2447.60546875,2447.60546875,103800,0.0,0.0
2017-02-15 00:00:00+09:00,2456.6932888644815,2462.7517928145494,2420.342708896739,2432.459716796875,75600,0.0,0.0
2017-02-16 00:00:00+09:00,2432.4597122688065,2432.4597122688065,2377.9338424186935,2405.19677734375,57000,0.0,0.0
2017-02-17 00:00:00+09:00,2365.8163476055215,2396.1086391983376,2347.6410613963462,2387.02099609375,74400,0.0,0.0
2017-02-20 00:00:00+09:00,2347.641537083047,2371.875330894372,2341.583255029964,2359.758544921875,89100,0.0,0.0
2017-02-21 00:00:00+09:00,2359.758544921875,2377.9338348137862,2341.583255029964,2359.758544921875,75000,0.0,0.0
2017-02-22 00:00:00+09:00,2344.6124604527613,2368.846254929683,2311.2910207802865,2347.6416015625,75900,0.0,0.0
2017-02-23 00:00:00+09:00,2368.846349824491,2405.1969320628905,2356.72934116746,2399.138427734375,55500,0.0,0.0
2017-02-24 00:00:00+09:00,2374.9047834240337,2380.963288138108,2317.349765172586,2329.466552734375,85200,0.0,0.0
2017-02-27 00:00:00+09:00,2317.3492771827728,2344.612209855511,2290.086344510034,2320.37841796875,50700,0.0,0.0
2017-02-28 00:00:00+09:00,2326.437588574295,2365.817317550432,2326.437588574295,2332.49609375,78900,0.0,0.0
2017-03-01 00:00:00+09:00,2332.4956039062613,2338.553885943298,2305.2326691406024,2323.407958984375,79200,0.0,0.0
2017-03-02 00:00:00+09:00,2368.8460994591815,2380.9628849692326,2353.699951171875,2353.699951171875,72000,0.0,0.0
2017-03-03 00:00:00+09:00,2341.5831599692347,2353.699945449829,2320.3785080452913,2326.43701171875,60000,0.0,0.0
2017-03-06 00:00:00+09:00,2326.4370098039217,2335.5246543734684,2311.290861565903,2317.349365234375,52200,0.0,0.0
2017-03-07 00:00:00+09:00,2317.349365234375,2326.4370098039217,2308.2617206648283,2317.349365234375,44400,0.0,0.0
2017-03-08 00:00:00+09:00,2341.5831819749146,2456.693199788145,2341.5831819749146,2435.48876953125,135300,0.0,0.0
2017-03-09 00:00:00+09:00,2435.4884345376922,2459.722224259668,2420.3422882281707,2429.429931640625,57000,0.0,0.0
2017-03-10 00:00:00+09:00,2496.07339238017,2526.365470347351,2438.518155816275,2444.57666015625,144900,0.0,0.0
2017-03-13 00:00:00+09:00,2444.5767487684907,2450.635253328078,2432.4599615156726,2441.547607421875,45900,0.0,0.0
2017-03-14 00:00:00+09:00,2441.547047203541,2511.2188352538456,2426.4009002130683,2499.10205078125,79500,0.0,0.0
2017-03-15 00:00:00+09:00,2429.429934701098,2456.6928649728047,2420.3422912771957,2438.517578125,79800,0.0,0.0
2017-03-16 00:00:00+09:00,2396.1093784561704,2453.6643952535806,2393.080015242485,2450.63525390625,123600,0.0,0.0
2017-03-17 00:00:00+09:00,2450.635166302466,2474.868739947534,2438.5181576135856,2462.751953125,109500,0.0,0.0
2017-03-21 00:00:00+09:00,2435.489010908019,2456.6934432664457,2408.22607421875,2408.22607421875,95700,0.0,0.0
2017-03-22 00:00:00+09:00,2390.05052764656,2390.05052764656,2344.6123046875,2344.6123046875,82200,0.0,0.0
2017-03-23 00:00:00+09:00,2338.553704130454,2338.553704130454,2302.203127269015,2311.290771484375,67800,0.0,0.0
2017-03-24 00:00:00+09:00,2314.320383756363,2365.8168919536065,2302.2033755847333,2347.6416015625,52800,0.0,0.0
2017-03-27 00:00:00+09:00,2332.4956039062613,2341.5832488281476,2305.2326691406024,2323.407958984375,86100,0.0,0.0
2017-03-28 00:00:00+09:00,2323.4078783174205,2362.78759765625,2320.3785155377477,2362.78759765625,161100,0.0,0.0
2017-03-29 00:00:00+09:00,2372.861420801081,2399.4198851790165,2349.9661928890673,2388.43017578125,61500,20.0,3.0
2017-03-30 00:00:00+09:00,2398.5045316487503,2405.831005972229,2365.5353971930977,2377.44091796875,63900,0.0,0.0
2017-03-31 00:00:00+09:00,2383.851403027995,2415.9047257732814,2334.397705078125,2334.397705078125,128600,0.0,0.0
2017-04-03 00:00:00+09:00,2340.8086074029125,2362.788030946602,2317.913374544903,2358.208984375,97900,0.0,0.0
2017-04-04 00:00:00+09:00,2319.7444607808156,2334.397406447019,2293.185996760822,2306.00732421875,92500,0.0,0.0
2017-04-05 00:00:00+09:00,2294.10205078125,2310.5866164156064,2277.6174851468936,2294.10205078125,90900,0.0,0.0
2017-04-06 00:00:00+09:00,2294.101617918424,2294.101617918424,2239.153076171875,2239.153076171875,106900,0.0,0.0
2017-04-07 00:00:00+09:00,2255.6380346619994,2271.206790889874,2228.163758965751,2247.395751953125,107600,0.0,0.0
2017-04-10 00:00:00+09:00,2247.395820657492,2285.8598078081095,2245.5642022217485,2281.28076171875,97700,0.0,0.0
2017-04-11 00:00:00+09:00,2264.795879931502,2279.448825373841,2243.73227085814,2259.301025390625,60400,0.0,0.0
2017-04-12 00:00:00+09:00,2235.4908908464554,2245.564794901888,2218.0905111143447,2237.322509765625,90700,0.0,0.0
2017-04-13 00:00:00+09:00,2215.342513936361,2215.342513936361,2188.784046427409,2197.942138671875,88900,0.0,0.0
2017-04-14 00:00:00+09:00,2173.21525443379,2202.5211491417044,2168.6362083856784,2186.952392578125,60000,0.0,0.0
2017-04-17 00:00:00+09:00,2153.067158257588,2179.6256217154655,2116.434794867412,2134.7509765625,88200,0.0,0.0
2017-04-18 00:00:00+09:00,2177.7941348318327,2197.941935911017,2148.488242353019,2161.3095703125,73600,0.0,0.0
2017-04-19 00:00:00+09:00,2154.8989814842425,2172.299355750371,2142.993462249523,2159.47802734375,81300,0.0,0.0
2017-04-20 00:00:00+09:00,2168.63646747076,2201.6056029559577,2153.067709047195,2192.447509765625,72800,0.0,0.0
2017-04-21 00:00:00+09:00,2219.9217993224443,2230.9115112002783,2204.3530408288466,2221.75341796875,42800,0.0,0.0
2017-04-24 00:00:00+09:00,2267.544156557554,2267.544156557554,2221.7536848984755,2256.554443359375,60600,0.0,0.0
2017-04-25 00:00:00+09:00,2260.2170946362126,2290.438798089614,2232.742818769484,2276.70166015625,55500,0.0,0.0
2017-04-26 00:00:00+09:00,2320.6604509612584,2360.9560546875,2302.344267449331,2360.9560546875,79100,0.0,0.0
2017-04-27 00:00:00+09:00,2360.9561832519153,2384.7672231140373,2360.040374026449,2375.609130859375,86300,0.0,0.0
2017-04-28 00:00:00+09:00,2392.093434770809,2392.093434770809,2327.070986888448,2346.302978515625,41300,0.0,0.0
2017-05-01 00:00:00+09:00,2334.397659102373,2382.935546875,2327.9869946795734,2382.935546875,40100,0.0,0.0
2017-05-02 00:00:00+09:00,2392.0937248936675,2431.4735220492676,2392.0937248936675,2422.3154296875,64100,0.0,0.0
2017-05-08 00:00:00+09:00,2461.6951833213516,2555.1077237598847,2460.7793741013656,2547.78125,168900,0.0,0.0
2017-05-09 00:00:00+09:00,2516.643479403409,2521.2225250355114,2493.748251242898,2518.47509765625,111200,0.0,0.0
2017-05-10 00:00:00+09:00,2514.812082933777,2536.79150390625,2500.159135618795,2536.79150390625,104400,0.0,0.0
2017-05-11 00:00:00+09:00,2544.1179091509653,2545.0337183335246,2364.6193093692555,2491.0009765625,102300,0.0,0.0
2017-05-12 00:00:00+09:00,2472.684885436743,2500.159161941596,2440.6315628477482,2494.664306640625,84100,0.0,0.0
2017-05-15 00:00:00+09:00,2489.1691884697684,2508.401179992162,2477.263669908287,2501.07470703125,51400,0.0,0.0
2017-05-16 00:00:00+09:00,2484.590347937923,2504.738150243354,2469.021591610999,2501.99072265625,62500,0.0,0.0
2017-05-17 00:00:00+09:00,2494.6644751925896,2500.1593308648203,2461.6953411592076,2496.49609375,90800,0.0,0.0
2017-05-18 00:00:00+09:00,2454.369131963692,2482.759222669242,2442.463610054913,2478.18017578125,81600,0.0,0.0
2017-05-19 00:00:00+09:00,2487.337883181148,2541.370628066158,2458.031987650295,2523.054443359375,137100,0.0,0.0
2017-05-22 00:00:00+09:00,2502.9064888561957,2546.865329494724,2492.832587876533,2538.623046875,88000,0.0,0.0
2017-05-23 00:00:00+09:00,2559.6869012637453,2583.4979422057336,2538.6232881227556,2550.52880859375,90700,0.0,0.0
2017-05-24 00:00:00+09:00,2584.4137050608406,2599.0666530696903,2582.5820865597348,2587.1611328125,59900,0.0,0.0
2017-05-25 00:00:00+09:00,2567.0132436196977,2570.6764804996405,2543.2022039000717,2547.78125,75200,0.0,0.0
2017-05-26 00:00:00+09:00,2547.7809897017046,2557.8548900923297,2517.5592885298297,2518.47509765625,42600,0.0,0.0
2017-05-29 00:00:00+09:00,2499.2429009174457,2553.2756349424103,2495.579664712363,2529.464599609375,47200,0.0,0.0
2017-05-30 00:00:00+09:00,2525.801698775976,2550.528546443471,2492.8325685526493,2545.03369140625,32400,0.0,0.0
2017-05-31 00:00:00+09:00,2571.5925915803286,2574.340019562786,2537.707646463351,2552.360595703125,75300,0.0,0.0
2017-06-01 00:00:00+09:00,2545.949473252258,2611.887732991165,2543.2020457631365,2610.971923828125,61500,0.0,0.0
2017-06-02 00:00:00+09:00,2621.0459848321857,2667.7522550021513,2618.298557175129,2660.42578125,82200,0.0,0.0
2017-06-05 00:00:00+09:00,2634.7833577189413,2640.278213522318,2600.898413598121,2619.214599609375,61700,0.0,0.0
2017-06-06 00:00:00+09:00,2614.6353747181056,2618.298611670425,2573.4239590045104,2576.17138671875,46300,0.0,0.0
2017-06-07 00:00:00+09:00,2576.170750856811,2654.0145168798576,2562.433615676274,2651.26708984375,84600,0.0,0.0
2017-06-08 00:00:00+09:00,2674.162716514186,2802.375997442948,2674.162716514186,2784.059814453125,169700,0.0,0.0
2017-06-09 00:00:00+09:00,2802.376363085622,2839.008733844911,2784.0601777059774,2834.4296875,125600,0.0,0.0
2017-06-12 00:00:00+09:00,2825.271665771082,2825.271665771082,2747.42787595243,2779.481201171875,70400,0.0,0.0
2017-06-13 00:00:00+09:00,2747.4275458870634,2793.218004985181,2747.4275458870634,2752.006591796875,44100,0.0,0.0
2017-06-14 00:00:00+09:00,2788.639150390625,2788.639150390625,2747.427734375,2747.427734375,67800,0.0,0.0
2017-06-15 00:00:00+09:00,2719.9532722024355,2756.5856395048254,2716.2900354721965,2740.10107421875,78500,0.0,0.0
2017-06-16 00:00:00+09:00,2752.0066354375263,2779.480911332077,2715.374267578125,2715.374267578125,125500,0.0,0.0
2017-06-19 00:00:00+09:00,2729.1115494791666,2765.7439192708334,2727.2799309895836,2747.427734375,38400,0.0,0.0
2017-06-20 00:00:00+09:00,2765.743464294938,2784.059646177686,2761.164418824251,2770.322509765625,46200,0.0,0.0
2017-06-21 00:00:00+09:00,2747.427734375,2774.90201171875,2738.2696419270833,2747.427734375,39200,0.0,0.0
2017-06-22 00:00:00+09:00,2739.185362659801,2825.271428888494,2739.185362659801,2820.6923828125,50400,0.0,0.0
2017-06-23 00:00:00+09:00,2825.2715300762006,2825.2715300762006,2784.0601139162563,2788.63916015625,63600,0.0,0.0
2017-06-26 00:00:00+09:00,2825.271428888494,2843.5876131924715,2806.955244584517,2820.6923828125,58700,0.0,0.0
2017-06-27 00:00:00+09:00,2829.8504310021035,2861.903753036108,2811.5342469826724,2857.32470703125,61500,0.0,0.0
2017-06-28 00:00:00+09:00,2875.640891050681,2875.640891050681,2839.008523011819,2857.32470703125,53700,0.0,0.0
2017-06-29 00:00:00+09:00,2861.9038867030495,2861.9038867030495,2802.376285859626,2848.166748046875,70800,0.0,0.0
2017-06-30 00:00:00+09:00,2793.2184091391273,2893.95743373103,2784.060315994409,2866.483154296875,65700,0.0,0.0
2017-07-03 00:00:00+09:00,2861.903965569467,2861.903965569467,2793.2182703957997,2834.4296875,89700,0.0,0.0
2017-07-04 00:00:00+09:00,2866.4829462361454,2871.061992476139,2779.4810676762622,2788.63916015625,88500,0.0,0.0
2017-07-05 00:00:00+09:00,2774.901571565808,2820.692026542142,2761.164435072908,2811.533935546875,86600,0.0,0.0
2017-07-06 00:00:00+09:00,2784.0600142045455,2829.8504749644885,2784.0600142045455,2820.6923828125,35100,0.0,0.0
2017-07-07 00:00:00+09:00,2784.0597024546205,2829.850158087098,2770.3225657648773,2774.901611328125,63400,0.0,0.0
2017-07-10 00:00:00+09:00,2793.218139058726,2861.903831002793,2793.218139058726,2843.587646484375,45400,0.0,0.0
2017-07-11 00:00:00+09:00,2839.0082247567216,2871.0615434233296,2829.850133709119,2852.745361328125,40500,0.0,0.0
2017-07-12 00:00:00+09:00,2852.745683042465,2861.903775122858,2834.4294988816787,2839.008544921875,44700,0.0,0.0
2017-07-13 00:00:00+09:00,2839.008523011819,2884.7989830603965,2825.2713849972456,2857.32470703125,70800,0.0,0.0
2017-07-14 00:00:00+09:00,2857.325061152156,2893.95743373103,2848.166968007438,2866.483154296875,83400,0.0,0.0
2017-07-17 00:00:00+09:00,2866.483154296875,2866.483154296875,2866.483154296875,2866.483154296875,0,0.0,0.0
2017-07-18 00:00:00+09:00,2834.429352951672,2848.166490365008,2779.480803298328,2806.955078125,52100,0.0,0.0
2017-07-19 00:00:00+09:00,2793.217829378069,2816.113057487725,2770.3226012684127,2797.796875,79200,0.0,0.0
2017-07-20 00:00:00+09:00,2852.745361328125,2861.9034523757273,2825.2710881853177,2852.745361328125,70100,0.0,0.0
2017-07-21 00:00:00+09:00,2829.8504749644885,2852.74570534446,2811.534290660511,2820.6923828125,52500,0.0,0.0
2017-07-24 00:00:00+09:00,2816.1135021203554,2839.008733844911,2784.0601777059774,2834.4296875,51100,0.0,0.0
2017-07-25 00:00:00+09:00,2834.4294309522284,2839.0084768826846,2784.059925717213,2793.218017578125,30600,0.0,0.0
2017-07-26 00:00:00+09:00,2820.6925484652666,2861.903965569467,2820.6925484652666,2834.4296875,37600,0.0,0.0
2017-07-27 00:00:00+09:00,2820.6924934263757,2861.9039097264363,2788.6391696374394,2829.8505859375,53200,0.0,0.0
2017-07-28 00:00:00+09:00,2811.534323577144,2848.1666926139796,2793.218139058726,2843.587646484375,65800,0.0,0.0
2017-07-31 00:00:00+09:00,2834.4294309522284,2843.5875228131404,2779.480879786757,2793.218017578125,60000,0.0,0.0
2017-08-01 00:00:00+09:00,2793.2178091653964,2820.6920826981705,2774.901626810213,2816.113037109375,45000,0.0,0.0
2017-08-02 00:00:00+09:00,2816.1135021203554,2852.7458728796446,2793.2182703957997,2834.4296875,51300,0.0,0.0
2017-08-03 00:00:00+09:00,2825.2715169532503,2857.324840484325,2797.7972396409014,2848.166748046875,41800,0.0,0.0
2017-08-04 00:00:00+09:00,2848.1665381716007,2880.2198593407347,2843.5874922902963,2871.061767578125,55900,0.0,0.0
2017-08-07 00:00:00+09:00,2912.2727802873223,2962.642278059587,2866.482327767081,2898.53564453125,80000,0.0,0.0
2017-08-08 00:00:00+09:00,2848.1667278365585,2903.1152820713473,2730.943145469009,2765.743896484375,129900,0.0,0.0
2017-08-09 00:00:00+09:00,2729.1114219924193,2729.1114219924193,2599.9823245088855,2620.130126953125,134400,0.0,0.0
2017-08-10 00:00:00+09:00,2628.3728197121654,2654.9312907127414,2623.793772987928,2633.86767578125,69900,0.0,0.0
2017-08-11 00:00:00+09:00,2633.86767578125,2633.86767578125,2633.86767578125,2633.86767578125,0,0.0,0.0
2017-08-14 00:00:00+09:00,2610.056135958473,2626.5407010276845,2589.9083342072145,2592.65576171875,76500,0.0,0.0
2017-08-15 00:00:00+09:00,2593.5716463414633,2619.2143038617887,2576.171271595528,2590.82421875,85900,0.0,0.0
2017-08-16 00:00:00+09:00,2587.1610702189087,2652.18352543503,2586.2452609905126,2618.298583984375,79600,0.0,0.0
2017-08-17 00:00:00+09:00,2612.8035781652497,2621.961669921875,2590.8241579493483,2621.961669921875,74100,0.0,0.0
2017-08-18 00:00:00+09:00,2586.24525044976,2597.234961145722,2561.5184013838452,2577.087158203125,60100,0.0,0.0
2017-08-21 00:00:00+09:00,2588.992412257548,2600.897930955584,2554.1916652940577,2595.403076171875,54300,0.0,0.0
2017-08-22 00:00:00+09:00,2593.571939193619,2625.625264713314,2579.834799685178,2619.214599609375,47300,0.0,0.0
2017-08-23 00:00:00+09:00,2665.0047395014412,2665.0047395014412,2610.0561881715143,2621.0458984375,39600,0.0,0.0
2017-08-24 00:00:00+09:00,2620.1301538294606,2685.1526078392094,2620.1301538294606,2678.741943359375,74900,0.0,0.0
2017-08-25 00:00:00+09:00,2665.004763719512,2719.037506351626,2650.3518165650407,2703.46875,67100,0.0,0.0
2017-08-28 00:00:00+09:00,2718.121715078812,2727.2798071107486,2683.320965357452,2708.963623046875,55100,0.0,0.0
2017-08-29 00:00:00+09:00,2700.7211745747118,2717.2057392211495,2664.0888086937393,2683.32080078125,60600,0.0,0.0
2017-08-30 00:00:00+09:00,2672.331239267449,2697.0580876088543,2654.9308645086817,2691.563232421875,50300,0.0,0.0
2017-08-31 00:00:00+09:00,2680.5734666071544,2704.3845052582597,2680.5734666071544,2686.984130859375,31200,0.0,0.0
2017-09-01 00:00:00+09:00,2701.637115634589,2701.637115634589,2662.257320389746,2686.068359375,37600,0.0,0.0
2017-09-04 00:00:00+09:00,2654.930994017053,2677.826225079635,2599.982439466855,2605.477294921875,87100,0.0,0.0
2017-09-05 00:00:00+09:00,2605.4774461670354,2630.2042971499914,2585.3296416624044,2601.814208984375,50900,0.0,0.0
2017-09-06 00:00:00+09:00,2580.7500726863504,2630.2037646398862,2580.7500726863504,2614.635009765625,47700,0.0,0.0
2017-09-07 00:00:00+09:00,2621.9615738734838,2658.593939558059,2621.9615738734838,2642.109375,43800,0.0,0.0
2017-09-08 00:00:00+09:00,2615.5509319118164,2643.9410155565174,2603.6454129640383,2611.8876953125,76700,0.0,0.0
2017-09-11 00:00:00+09:00,2657.678545527364,2679.6579683711466,2638.4465505390544,2643.94140625,35200,0.0,0.0
2017-09-12 00:00:00+09:00,2681.489284702858,2681.489284702858,2599.982267510729,2627.45654296875,59900,0.0,0.0
2017-09-13 00:00:00+09:00,2648.5203267144857,2654.930991405703,2598.150818426347,2617.3828125,51100,0.0,0.0
2017-09-14 00:00:00+09:00,2641.1940401746774,2655.846989079946,2611.88814236414,2624.70947265625,50500,0.0,0.0
2017-09-15 00:00:00+09:00,2624.7091729631793,2639.3621201953533,2599.0665153068744,2620.130126953125,57200,0.0,0.0
2017-09-18 00:00:00+09:00,2620.130126953125,2620.130126953125,2620.130126953125,2620.130126953125,0,0.0,0.0
2017-09-19 00:00:00+09:00,2655.846134903929,2656.761943915965,2614.6347293623166,2651.26708984375,68500,0.0,0.0
2017-09-20 00:00:00+09:00,2650.3517654351035,2689.7315601530404,2650.3517654351035,2675.07861328125,46900,0.0,0.0
2017-09-21 00:00:00+09:00,2685.1526233838954,2713.5427091018014,2680.573577300362,2696.142333984375,30600,0.0,0.0
2017-09-22 00:00:00+09:00,2685.1529965590007,2722.7011796623156,2685.1529965590007,2698.89013671875,38100,0.0,0.0
2017-09-25 00:00:00+09:00,2696.142612483085,2714.458798709193,2689.7319473039474,2707.13232421875,45100,0.0,0.0
2017-09-26 00:00:00+09:00,2689.7317347096537,2742.8486705670457,2689.7317347096537,2741.932861328125,54500,0.0,0.0
2017-09-27 00:00:00+09:00,2730.8802975802037,2742.8538031007915,2696.8018587908387,2734.564453125,34500,17.0,0.0
2017-09-28 00:00:00+09:00,3196.005084783381,3196.005084783381,3021.0076882102276,3039.428466796875,329500,0.0,0.0
2017-09-29 00:00:00+09:00,3034.823064351943,3034.823064351943,2910.4828174058084,2933.5087890625,209000,0.0,0.0
2017-10-02 00:00:00+09:00,2928.903472662344,2974.955414056406,2896.6671136865007,2951.929443359375,102400,0.0,0.0
2017-10-03 00:00:00+09:00,2979.5608242034914,3002.5867965698244,2942.7192684173583,2947.324462890625,76000,0.0,0.0
2017-10-04 00:00:00+09:00,2970.350560602152,2970.350560602152,2910.483029923349,2928.90380859375,49200,0.0,0.0
2017-10-05 00:00:00+09:00,2988.7709964746246,3021.007355450468,2942.7190550805626,2951.929443359375,81300,0.0,0.0
2017-10-06 00:00:00+09:00,2988.771056847638,3007.191833777362,2974.9554741503453,2997.9814453125,51400,0.0,0.0
2017-10-09 00:00:00+09:00,2997.9814453125,2997.9814453125,2997.9814453125,2997.9814453125,0,0.0,0.0
2017-10-10 00:00:00+09:00,2947.324311023622,2984.1658649114174,2910.482757135827,2924.29833984375,106900,0.0,0.0
2017-10-11 00:00:00+09:00,2905.8779053519393,2933.5090740240657,2859.8259575650623,2864.43115234375,73000,0.0,0.0
2017-10-12 00:00:00+09:00,2887.4569408710186,2901.272524320162,2850.6153850066353,2873.641357421875,59400,0.0,0.0
2017-10-13 00:00:00+09:00,2864.4312709040532,2901.2728306584463,2850.615685996156,2882.85205078125,67900,0.0,0.0
2017-10-16 00:00:00+09:00,2869.0360113338047,2878.2463998132066,2822.9840689367934,2850.615234375,83800,0.0,0.0
2017-10-17 00:00:00+09:00,2896.667635689147,2910.4832205970447,2846.010491026857,2882.85205078125,56800,0.0,0.0
2017-10-18 00:00:00+09:00,2882.8514708003113,2905.877441014371,2841.4047244150033,2869.035888671875,61700,0.0,0.0
2017-10-19 00:00:00+09:00,2850.6152646956907,2869.036041850429,2822.9840989635836,2855.220458984375,86700,0.0,0.0
2017-10-20 00:00:00+09:00,2846.009887297689,2859.8254692748624,2822.9839173357336,2827.589111328125,84100,0.0,0.0
2017-10-23 00:00:00+09:00,2892.061859275951,2919.6930235365494,2859.8255009719196,2905.87744140625,77200,0.0,0.0
2017-10-24 00:00:00+09:00,2850.615685996156,2896.667635689147,2841.4052960575577,2882.85205078125,84000,0.0,0.0
2017-10-25 00:00:00+09:00,2878.2460596654323,2901.2720281427555,2827.5889290153204,2836.79931640625,69400,0.0,0.0
2017-10-26 00:00:00+09:00,2882.851253360897,2882.851253360897,2813.7733479289263,2836.79931640625,105200,0.0,0.0
2017-10-27 00:00:00+09:00,2846.010491026857,2882.85205078125,2832.1949061189594,2882.85205078125,79600,0.0,0.0
2017-10-30 00:00:00+09:00,2855.2204873186606,2915.0880136656647,2846.010098649891,2896.667236328125,173900,0.0,0.0
2017-10-31 00:00:00+09:00,2882.8517765624997,2896.6673601562497,2855.2206093749996,2878.24658203125,61100,0.0,0.0
2017-11-01 00:00:00+09:00,2915.0878902441254,2951.929443359375,2878.246337128876,2951.929443359375,99600,0.0,0.0
2017-11-02 00:00:00+09:00,2947.324465981013,2947.324465981013,2896.667326721964,2910.48291015625,45500,0.0,0.0
2017-11-03 00:00:00+09:00,2910.48291015625,2910.48291015625,2910.48291015625,2910.48291015625,0,0.0,0.0
2017-11-06 00:00:00+09:00,2878.246337504937,2924.2982789050156,2873.6411433649287,2915.087890625,66200,0.0,0.0
2017-11-07 00:00:00+09:00,2928.9037996069787,3016.4024980229105,2915.088215646568,3002.5869140625,123800,0.0,0.0
2017-11-08 00:00:00+09:00,3002.5866068944733,3131.5320440003707,2997.98141271212,3103.90087890625,139800,0.0,0.0
2017-11-09 00:00:00+09:00,3131.5320132568722,3149.952789805442,3048.638518788308,3099.295654296875,149600,0.0,0.0
2017-11-10 00:00:00+09:00,3034.823272150213,3099.29599720348,3021.0076882102276,3039.428466796875,83500,0.0,0.0
2017-11-13 00:00:00+09:00,3071.6648293235085,3076.2700239701708,3039.428466796875,3039.428466796875,82300,0.0,0.0
2017-11-14 00:00:00+09:00,3030.217771988594,3126.926849818017,3011.79699525918,3103.90087890625,116400,0.0,0.0
2017-11-15 00:00:00+09:00,3044.0333250117483,3094.6904605263157,3030.2177425986843,3062.4541015625,143100,0.0,0.0
2017-11-16 00:00:00+09:00,2997.981714976918,3062.4544400301847,2965.7453524502844,3039.428466796875,121300,0.0,0.0
2017-11-17 00:00:00+09:00,3071.6645811160884,3113.11132958692,3057.8489982924775,3076.269775390625,96500,0.0,0.0
2017-11-20 00:00:00+09:00,3053.2437429003617,3113.111267270957,3053.2437429003617,3103.90087890625,61000,0.0,0.0
2017-11-21 00:00:00+09:00,3103.901059857537,3131.5322265625,3094.6906709558825,3131.5322265625,50900,0.0,0.0
2017-11-22 00:00:00+09:00,3131.5322867027126,3145.3478703205187,3117.7167030849064,3140.74267578125,57600,0.0,0.0
2017-11-23 00:00:00+09:00,3140.74267578125,3140.74267578125,3140.74267578125,3140.74267578125,0,0.0,0.0
2017-11-24 00:00:00+09:00,3094.6905811484494,3122.32174705156,3090.085386831264,3117.716552734375,39800,0.0,0.0
2017-11-27 00:00:00+09:00,3159.1632693998995,3172.978852210686,3117.716520967539,3149.952880859375,75200,0.0,0.0
2017-11-28 00:00:00+09:00,3117.716862003423,3140.7428358734633,3080.875303811359,3090.085693359375,51200,0.0,0.0
2017-11-29 00:00:00+09:00,3131.53201289464,3145.3475953044695,3117.7164304848106,3136.13720703125,42900,0.0,0.0
2017-11-30 00:00:00+09:00,3163.7687689333547,3172.979158362564,3126.9272112165177,3159.16357421875,58100,0.0,0.0
2017-12-01 00:00:00+09:00,3136.1372073940147,3149.952789805442,3090.08526602259,3099.295654296875,45900,0.0,0.0
2017-12-04 00:00:00+09:00,3131.5320136278197,3140.7424019031955,3057.8489074248123,3062.4541015625,62100,0.0,0.0
2017-12-05 00:00:00+09:00,3016.402069737184,3053.2436217339737,2993.37609973919,3048.638427734375,39500,0.0,0.0
2017-12-06 00:00:00+09:00,3025.61285298511,3048.638825991085,3011.797269181525,3034.8232421875,53100,0.0,0.0
2017-12-07 00:00:00+09:00,3067.0592953368778,3122.3216249825873,3067.0592953368778,3099.295654296875,57900,0.0,0.0
2017-12-08 00:00:00+09:00,2970.350429255788,3039.428346215225,2970.350429255788,3021.007568359375,99600,0.0,0.0
2017-12-11 00:00:00+09:00,3039.428436788695,3048.638825991085,3002.586879979135,3034.8232421875,54900,0.0,0.0
2017-12-12 00:00:00+09:00,3094.6907413563827,3117.716714134332,3025.612823022535,3030.218017578125,67100,0.0,0.0
2017-12-13 00:00:00+09:00,3039.4283798993642,3053.2439634443617,2984.166045719376,2988.771240234375,44800,0.0,0.0
2017-12-14 00:00:00+09:00,3021.0074164746543,3021.0074164746543,2974.9554741503453,2997.9814453125,44900,0.0,0.0
2017-12-15 00:00:00+09:00,2997.9813234285543,3021.0072936545803,2970.3501591573236,3016.402099609375,54700,0.0,0.0
2017-12-18 00:00:00+09:00,2997.98171940903,3016.4024980229105,2965.745356834739,3002.5869140625,46500,0.0,0.0
2017-12-19 00:00:00+09:00,3016.4020371547967,3025.612425054506,2970.35009765625,2970.35009765625,35600,0.0,0.0
2017-12-20 00:00:00+09:00,2993.376278448962,3085.4801639396987,2984.165889899888,3076.269775390625,52600,0.0,0.0
2017-12-21 00:00:00+09:00,3062.454368613682,3149.9530648597874,3044.0335904566073,3140.74267578125,65800,0.0,0.0
2017-12-22 00:00:00+09:00,3140.7427019265556,3196.0050368578145,3126.9271181937406,3182.189453125,47500,0.0,0.0
2017-12-25 00:00:00+09:00,3177.5839542607378,3191.399536670567,3131.53201289464,3136.13720703125,30300,0.0,0.0
2017-12-26 00:00:00+09:00,3200.610143324908,3205.2153377757354,3117.7166432100184,3131.5322265625,37800,0.0,0.0
2017-12-27 00:00:00+09:00,3140.7428003721884,3186.794747591722,3113.1116320404685,3122.322021484375,59800,0.0,0.0
2017-12-28 00:00:00+09:00,3113.111637126866,3113.111637126866,3080.8752740205223,3085.48046875,29900,0.0,0.0
2017-12-29 00:00:00+09:00,3099.2960529384327,3103.9012476679104,3076.2700792910446,3085.48046875,26300,0.0,0.0
2018-01-01 00:00:00+09:00,3085.48046875,3085.48046875,3085.48046875,3085.48046875,0,0.0,0.0
2018-01-02 00:00:00+09:00,3085.48046875,3085.48046875,3085.48046875,3085.48046875,0,0.0,0.0
2018-01-03 00:00:00+09:00,3085.48046875,3085.48046875,3085.48046875,3085.48046875,0,0.0,0.0
2018-01-04 00:00:00+09:00,3145.348019795647,3168.3739935862445,3126.9272407631684,3163.768798828125,45900,0.0,0.0
2018-01-05 00:00:00+09:00,3177.5838030133928,3237.451323939732,3168.3734151785716,3223.6357421875,66900,0.0,0.0
2018-01-08 00:00:00+09:00,3223.6357421875,3223.6357421875,3223.6357421875,3223.6357421875,0,0.0,0.0
2018-01-09 00:00:00+09:00,3251.2667498032824,3255.8719434998875,3191.3992317474144,3200.609619140625,58300,0.0,0.0
2018-01-10 00:00:00+09:00,3223.636018386995,3232.846407010958,3168.373686643218,3191.399658203125,42400,0.0,0.0
2018-01-11 00:00:00+09:00,3172.9790339815445,3182.1894230497055,3149.9530613111415,3177.584228515625,24400,0.0,0.0
2018-01-12 00:00:00+09:00,3177.584228515625,3209.8205902541895,3145.347866777061,3177.584228515625,44300,0.0,0.0
2018-01-15 00:00:00+09:00,3242.057109716157,3265.083083506755,3163.768798828125,3163.768798828125,55100,0.0,0.0
2018-01-16 00:00:00+09:00,3131.5322265625,3145.3478099149816,3117.7166432100184,3131.5322265625,46200,0.0,0.0
2018-01-17 00:00:00+09:00,3131.532135685931,3131.532135685931,3103.9009697828196,3117.716552734375,33300,0.0,0.0
2018-01-18 00:00:00+09:00,3117.716862003423,3140.7428358734633,3090.085693359375,3090.085693359375,52100,0.0,0.0
2018-01-19 00:00:00+09:00,3108.5062514903934,3172.9789737435276,3099.2958625970887,3168.373779296875,48600,0.0,0.0
2018-01-22 00:00:00+09:00,3200.6103679355674,3200.6103679355674,3076.270109037351,3090.085693359375,45900,0.0,0.0
2018-01-23 00:00:00+09:00,3131.5324059311224,3168.373963647959,3108.5064323580996,3159.16357421875,40400,0.0,0.0
2018-01-24 00:00:00+09:00,3154.558384538049,3159.163579260002,3113.1116320404685,3122.322021484375,47500,0.0,0.0
2018-01-25 00:00:00+09:00,3103.9007557295604,3108.505949729159,3048.638427734375,3048.638427734375,48400,0.0,0.0
2018-01-26 00:00:00+09:00,3048.638856090199,3076.2700239701708,3039.428466796875,3039.428466796875,44800,0.0,0.0
2018-01-29 00:00:00+09:00,3044.033661443537,3062.4544400301847,3016.4024935635653,3039.428466796875,33100,0.0,0.0
2018-01-30 00:00:00+09:00,3034.8231517512627,3080.875096390887,3002.586790503525,3021.007568359375,56400,0.0,0.0
2018-01-31 00:00:00+09:00,3030.2180819833206,3057.8492499041413,3002.5869140625,3002.5869140625,46600,0.0,0.0
2018-02-01 00:00:00+09:00,3030.218161297271,3094.6908881333834,3025.612966523263,3090.085693359375,31700,0.0,0.0
2018-02-02 00:00:00+09:00,3062.453888214386,3099.295438749296,3044.033112946931,3067.05908203125,53100,0.0,0.0
2018-02-05 00:00:00+09:00,3057.8488452415886,3062.454039285627,2915.0878298763937,2942.718994140625,87400,0.0,0.0
2018-02-06 00:00:00+09:00,2813.773838704427,2850.6153946940103,2711.538520833333,2763.11669921875,95700,0.0,0.0
2018-02-07 00:00:00+09:00,2878.2462759504997,2928.9034104072284,2795.352783203125,2795.352783203125,77000,0.0,0.0
2018-02-08 00:00:00+09:00,2924.298374948938,2924.298374948938,2809.1685176674837,2818.37890625,71100,0.0,0.0
2018-02-09 00:00:00+09:00,2767.721673855069,2813.7736151837726,2686.6702571165515,2737.327392578125,81500,0.0,0.0
2018-02-12 00:00:00+09:00,2737.327392578125,2737.327392578125,2737.327392578125,2737.327392578125,0,0.0,0.0
2018-02-13 00:00:00+09:00,2786.142582270002,2786.142582270002,2706.012200565047,2712.45947265625,77300,0.0,0.0
2018-02-14 00:00:00+09:00,2700.486064066953,2710.61749200172,2583.5141233655536,2585.356201171875,70500,0.0,0.0
2018-02-15 00:00:00+09:00,2626.802617533186,2641.539238108407,2598.250415168695,2601.9345703125,48800,0.0,0.0
2018-02-16 00:00:00+09:00,2652.5922400210084,2694.960032743566,2624.0400318818934,2630.4873046875,32400,0.0,0.0
2018-02-19 00:00:00+09:00,2676.5387519113146,2711.538226299694,2652.591743119266,2710.6171875,31900,0.0,0.0
2018-02-20 00:00:00+09:00,2710.6176530414373,2710.6176530414373,2647.9870039055836,2699.565185546875,57900,0.0,0.0
2018-02-21 00:00:00+09:00,2716.1434143273304,2753.9060050317794,2694.0384831832625,2717.064453125,25900,0.0,0.0
2018-02-22 00:00:00+09:00,2688.5125115193696,2702.3280948262523,2655.3551115828514,2697.722900390625,42300,0.0,0.0
2018-02-23 00:00:00+09:00,2707.854625936241,2750.2224194032706,2707.854625936241,2743.775146484375,19500,0.0,0.0
2018-02-26 00:00:00+09:00,2781.5373793005306,2781.5373793005306,2723.511930659493,2755.748291015625,54100,0.0,0.0
2018-02-27 00:00:00+09:00,2786.1425161907987,2813.773681640625,2743.774729167732,2813.773681640625,53700,0.0,0.0
2018-02-28 00:00:00+09:00,2799.957745775891,2818.3785204191536,2739.169189453125,2739.169189453125,52900,0.0,0.0
2018-03-01 00:00:00+09:00,2718.9064854061744,2719.8275241884935,2646.1444216029604,2651.670654296875,68800,0.0,0.0
2018-03-02 00:00:00+09:00,2601.9345703125,2615.7501521017703,2576.145484305863,2601.9345703125,50100,0.0,0.0
2018-03-05 00:00:00+09:00,2579.829730224609,2603.776739501953,2560.4879150390625,2578.90869140625,54100,0.0,0.0
2018-03-06 00:00:00+09:00,2636.934412432665,2706.012331025906,2634.171295688935,2687.591552734375,80500,0.0,0.0
2018-03-07 00:00:00+09:00,2657.1968974695797,2676.538711974558,2600.0924927405977,2601.9345703125,41800,0.0,0.0
2018-03-08 00:00:00+09:00,2607.4611142914873,2609.3031920832864,2533.778002619527,2537.462158203125,52900,0.0,0.0
2018-03-09 00:00:00+09:00,2569.698483740062,2611.1452334778046,2567.8564059739397,2606.5400390625,71700,0.0,0.0
2018-03-12 00:00:00+09:00,2652.592107830385,2672.854964209645,2621.2767843351653,2655.355224609375,53200,0.0,0.0
2018-03-13 00:00:00+09:00,2618.513601599799,2653.5130799187555,2600.0928235371907,2652.592041015625,40300,0.0,0.0
2018-03-14 00:00:00+09:00,2616.67144070646,2662.7233844006955,2616.67144070646,2632.3291015625,46600,0.0,0.0
2018-03-15 00:00:00+09:00,2623.1184178149606,2624.9604953555613,2554.040510042446,2573.38232421875,54500,0.0,0.0
2018-03-16 00:00:00+09:00,2560.4882213165615,2571.540688458935,2537.462248103283,2551.27783203125,72600,0.0,0.0
2018-03-19 00:00:00+09:00,2526.4097853887647,2549.435758642399,2489.56822818295,2514.436279296875,61600,0.0,0.0
2018-03-20 00:00:00+09:00,2495.0942607411266,2543.90932010594,2489.5680276054873,2542.98828125,49100,0.0,0.0
2018-03-21 00:00:00+09:00,2542.98828125,2542.98828125,2542.98828125,2542.98828125,0,0.0,0.0
2018-03-22 00:00:00+09:00,2527.3306130085916,2589.0402161687866,2527.3306130085916,2586.277099609375,72300,0.0,0.0
2018-03-23 00:00:00+09:00,2494.1730642572993,2509.830723818737,2439.831775191132,2452.726318359375,72600,0.0,0.0
2018-03-26 00:00:00+09:00,2439.831775999757,2489.56787109375,2403.9112628763182,2489.56787109375,114200,0.0,0.0
2018-03-27 00:00:00+09:00,2535.6200615724542,2627.723950478101,2528.2517504600023,2624.039794921875,185200,0.0,0.0
2018-03-28 00:00:00+09:00,2547.4590951868304,2552.0723858336737,2487.4863167778685,2541.00048828125,86700,5.0,0.0
2018-03-29 00:00:00+09:00,2576.983856411638,2589.901068724478,2505.0165306686704,2541.9228515625,60100,0.0,0.0
2018-03-30 00:00:00+09:00,2578.8297012307207,2594.5148908267574,2521.624892115764,2572.37109375,50400,0.0,0.0
2018-04-02 00:00:00+09:00,2592.669624276149,2596.3602571932684,2549.3046875,2549.3046875,28000,0.0,0.0
2018-04-03 00:00:00+09:00,2541.923138829222,2541.923138829222,2481.0277024725146,2496.712890625,54700,0.0,0.0
2018-04-04 00:00:00+09:00,2491.1765782842645,2547.45871579365,2485.6406303325216,2534.54150390625,57800,0.0,0.0
2018-04-05 00:00:00+09:00,2566.834749249821,2598.2051236116085,2523.4698199849963,2575.138671875,50600,0.0,0.0
2018-04-06 00:00:00+09:00,2583.442519910907,2587.133152082208,2563.14404296875,2563.14404296875,35700,0.0,0.0
2018-04-09 00:00:00+09:00,2564.989593977385,2573.293517123355,2535.464533902825,2567.757568359375,36400,0.0,0.0
2018-04-10 00:00:00+09:00,2567.7578669055492,2645.2611586123644,2563.1445757325246,2633.2666015625,66200,0.0,0.0
2018-04-11 00:00:00+09:00,2633.2661870258544,2660.945929706575,2604.663786255777,2645.2607421875,47800,0.0,0.0
2018-04-12 00:00:00+09:00,2646.183775699013,2665.5595983244243,2620.349345531798,2629.575927734375,44500,0.0,0.0
2018-04-13 00:00:00+09:00,2653.564601190989,2687.7029496764085,2649.8739689222953,2677.5537109375,53000,0.0,0.0
2018-04-16 00:00:00+09:00,2677.554039786767,2708.9244179234834,2664.636825259884,2707.0791015625,40400,0.0,0.0
2018-04-17 00:00:00+09:00,2688.625635256105,2693.23892563918,2657.255260651195,2663.7138671875,32800,0.0,0.0
2018-04-18 00:00:00+09:00,2675.7085414532103,2707.0789174564547,2656.332720980618,2701.54296875,29600,0.0,0.0
2018-04-19 00:00:00+09:00,2713.5377137499477,2755.9799901295796,2706.15644829262,2751.36669921875,46900,0.0,0.0
2018-04-20 00:00:00+09:00,2746.7532007119353,2800.2673712330275,2736.603961475176,2781.814208984375,73800,0.0,0.0
2018-04-23 00:00:00+09:00,2761.5157490608103,2795.654099450135,2756.902458467658,2772.587646484375,37100,0.0,0.0
2018-04-24 00:00:00+09:00,2809.4938417016006,2837.173583984375,2786.4273897992884,2837.173583984375,36000,0.0,0.0
2018-04-25 00:00:00+09:00,2791.0411313745194,2860.240498268103,2786.4278402482805,2851.013916015625,45800,0.0,0.0
2018-04-26 00:00:00+09:00,2818.7208781319528,2869.4670805205806,2814.107587005714,2851.013916015625,51500,0.0,0.0
2018-04-27 00:00:00+09:00,2851.013710046824,2851.013710046824,2786.42763894544,2832.560546875,43800,0.0,0.0
2018-04-30 00:00:00+09:00,2832.560546875,2832.560546875,2832.560546875,2832.560546875,0,0.0,0.0
2018-05-01 00:00:00+09:00,2804.8807552504036,2869.466825272617,2791.0408831027867,2855.626953125,34600,0.0,0.0
2018-05-02 00:00:00+09:00,2860.2401485411483,2860.2401485411483,2750.4438331616657,2781.814208984375,44500,0.0,0.0
2018-05-03 00:00:00+09:00,2781.814208984375,2781.814208984375,2781.814208984375,2781.814208984375,0,0.0,0.0
2018-05-04 00:00:00+09:00,2781.814208984375,2781.814208984375,2781.814208984375,2781.814208984375,0,0.0,0.0
2018-05-07 00:00:00+09:00,2781.814099418826,2855.6267455062243,2781.814099418826,2837.173583984375,51300,0.0,0.0
2018-05-08 00:00:00+09:00,2860.24015973328,2929.439518436505,2818.7205445113455,2897.146484375,78900,0.0,0.0
2018-05-09 00:00:00+09:00,2920.212899896163,2924.826190417326,2869.46670416337,2915.599609375,61900,0.0,0.0
2018-05-10 00:00:00+09:00,2883.306884765625,2910.986630859375,2823.3341015625,2883.306884765625,34500,0.0,0.0
2018-05-11 00:00:00+09:00,2874.0801064768143,2910.986432081653,2683.089871471774,2860.240234375,105000,0.0,0.0
2018-05-14 00:00:00+09:00,2924.8264064037894,2957.119442436639,2855.627043476255,2929.439697265625,88200,0.0,0.0
2018-05-15 00:00:00+09:00,2938.6664939569455,2975.5728235513816,2915.6000379604234,2943.27978515625,60300,0.0,0.0
2018-05-16 00:00:00+09:00,2929.4398753260484,2943.2797487527855,2841.7873436233795,2846.400634765625,45400,0.0,0.0
2018-05-17 00:00:00+09:00,2846.4004384957107,2851.0137293198527,2800.267530254289,2823.333984375,28100,0.0,0.0
2018-05-18 00:00:00+09:00,2841.787138050571,2878.6934645187603,2800.267520773858,2827.947265625,45700,0.0,0.0
2018-05-21 00:00:00+09:00,2851.01365297379,2864.853525075605,2823.333908770161,2860.240234375,20500,0.0,0.0
2018-05-22 00:00:00+09:00,2841.7868743648373,2841.7868743648373,2809.4938417016006,2837.173583984375,30500,0.0,0.0
2018-05-23 00:00:00+09:00,2827.94700322345,2841.7868743648373,2791.040680179751,2837.173583984375,22000,0.0,0.0
2018-05-24 00:00:00+09:00,2837.1736393068813,2841.786929777299,2791.040734602704,2809.493896484375,38400,0.0,0.0
2018-05-25 00:00:00+09:00,2772.587646484375,2800.2673900432874,2767.9743558912232,2772.587646484375,39300,0.0,0.0
2018-05-28 00:00:00+09:00,2764.283574592554,2766.128890730466,2673.8630838348536,2699.697509765625,62700,0.0,0.0
2018-05-29 00:00:00+09:00,2699.6977855155983,2715.3829742899543,2689.548545720427,2708.001708984375,38300,0.0,0.0
2018-05-30 00:00:00+09:00,2648.0288653306557,2654.487472319267,2593.5920349980743,2620.34912109375,60700,0.0,0.0
2018-05-31 00:00:00+09:00,2600.973172397537,2600.973172397537,2526.2378666280442,2538.232421875,100500,0.0,0.0
2018-06-01 00:00:00+09:00,2528.0831557345246,2616.6583319938363,2522.547207218318,2600.97314453125,43500,0.0,0.0
2018-06-04 00:00:00+09:00,2624.039534152477,2698.774837340364,2612.044979319853,2682.1669921875,56800,0.0,0.0
2018-06-05 00:00:00+09:00,2669.249930641868,2684.0124605036967,2614.8131017763753,2679.399169921875,38500,0.0,0.0
2018-06-06 00:00:00+09:00,2668.3272988055533,2714.460205078125,2656.3327431746848,2714.460205078125,35700,0.0,0.0
2018-06-07 00:00:00+09:00,2692.3164697797815,2748.5986166805924,2669.250016131908,2708.92431640625,94100,0.0,0.0
2018-06-08 00:00:00+09:00,2698.7751506497266,2703.388441505538,2640.647685866502,2649.874267578125,87100,0.0,0.0
2018-06-11 00:00:00+09:00,2651.7195854064175,2672.9407233550423,2571.448324470315,2578.82958984375,79500,0.0,0.0
2018-06-12 00:00:00+09:00,2587.1331127618396,2587.1331127618396,2509.6298383424405,2532.6962890625,84300,0.0,0.0
2018-06-13 00:00:00+09:00,2515.165863719254,2529.0057345761097,2472.723593091563,2517.933837890625,154400,0.0,0.0
2018-06-14 00:00:00+09:00,2541.0008149705,2584.3657526261327,2526.2382830026245,2570.52587890625,46300,0.0,0.0
2018-06-15 00:00:00+09:00,2571.4480662771416,2578.82933090944,2508.7073169026003,2512.39794921875,61400,0.0,0.0
2018-06-18 00:00:00+09:00,2503.17174064073,2516.088955667995,2460.729462694002,2474.5693359375,29200,0.0,0.0
2018-06-19 00:00:00+09:00,2445.0438530795477,2480.1048592746506,2436.739930559655,2442.27587890625,40700,0.0,0.0
2018-06-20 00:00:00+09:00,2441.3534839617105,2441.3534839617105,2382.3033619006565,2433.049560546875,39900,0.0,0.0
2018-06-21 00:00:00+09:00,2422.9003049781345,2441.353468001578,2388.761953384764,2393.375244140625,41900,0.0,0.0
2018-06-22 00:00:00+09:00,2365.695511805878,2508.70752597511,2336.170450816101,2481.950439453125,200800,0.0,0.0
2018-06-25 00:00:00+09:00,2457.0385244934705,2457.0385244934705,2350.010184710803,2360.159423828125,110800,0.0,0.0
2018-06-26 00:00:00+09:00,2343.551470215217,2416.441456887265,2337.092863801238,2415.518798828125,41900,0.0,0.0
2018-06-27 00:00:00+09:00,2449.657365832997,2451.5026821161105,2409.060407604503,2429.35888671875,45300,0.0,0.0
2018-06-28 00:00:00+09:00,2423.8228410403053,2454.2705584953223,2396.143097899381,2453.347900390625,55300,0.0,0.0
2018-06-29 00:00:00+09:00,2448.7346418343564,2470.8784366361742,2427.5135051492807,2461.65185546875,56500,0.0,0.0
2018-07-02 00:00:00+09:00,2443.1988404281497,2454.270738496555,2342.629099640133,2343.5517578125,45700,0.0,0.0
2018-07-03 00:00:00+09:00,2347.242313910807,2349.087630195328,2296.4961160864773,2309.413330078125,54200,0.0,0.0
2018-07-04 00:00:00+09:00,2293.728004525062,2356.4687544477106,2292.805346437964,2329.711669921875,44200,0.0,0.0
2018-07-05 00:00:00+09:00,2318.6397497495395,2349.0874663200666,2306.645194736908,2316.79443359375,29400,0.0,0.0
2018-07-06 00:00:00+09:00,2299.2636376642117,2322.330086677697,2297.418321743133,2317.716796875,54200,0.0,0.0
2018-07-09 00:00:00+09:00,2326.021426698069,2410.9059849115642,2326.021426698069,2397.98876953125,69200,0.0,0.0
2018-07-10 00:00:00+09:00,2409.9829285465507,2415.5188770807313,2381.3805277866186,2400.75634765625,55800,0.0,0.0
2018-07-11 00:00:00+09:00,2364.7727286796753,2364.7727286796753,2298.3413449633517,2328.7890625,85200,0.0,0.0
2018-07-12 00:00:00+09:00,2341.70660371464,2361.0824266768177,2314.0268566258146,2336.170654296875,43600,0.0,0.0
2018-07-13 00:00:00+09:00,2362.0047352145343,2391.529794404716,2345.396889420057,2386.91650390625,33500,0.0,0.0
2018-07-16 00:00:00+09:00,2386.91650390625,2386.91650390625,2386.91650390625,2386.91650390625,0,0.0,0.0
2018-07-17 00:00:00+09:00,2340.783685602439,2402.6017805710494,2317.717232255943,2367.540771484375,76700,0.0,0.0
2018-07-18 00:00:00+09:00,2321.4076876419895,2385.0710940200884,2321.4076876419895,2335.24755859375,91500,0.0,0.0
2018-07-19 00:00:00+09:00,2291.8825942951294,2362.004606036848,2289.11462014743,2353.70068359375,85100,0.0,0.0
2018-07-20 00:00:00+09:00,2411.8280543519218,2508.7071460531274,2398.9108421250944,2448.734375,123500,0.0,0.0
2018-07-23 00:00:00+09:00,2442.2761922922828,2457.0387231108234,2334.325185681706,2338.9384765625,104700,0.0,0.0
2018-07-24 00:00:00+09:00,2364.772559065064,2412.7507771967003,2364.772559065064,2389.684326171875,32700,0.0,0.0
2018-07-25 00:00:00+09:00,2422.900109946322,2453.347826484109,2415.518845331101,2441.353271484375,29800,0.0,0.0
2018-07-26 00:00:00+09:00,2472.7237793329637,2502.2488393847007,2470.87846307973,2496.712890625,58200,0.0,0.0
2018-07-27 00:00:00+09:00,2472.7237568780183,2520.7019790263976,2448.7346458038287,2483.795654296875,51800,0.0,0.0
2018-07-30 00:00:00+09:00,2427.5135610029497,2464.4198865218086,2405.3697656916343,2433.97216796875,52800,0.0,0.0
2018-07-31 00:00:00+09:00,2489.3313733040736,2523.4697205287775,2452.4250519800694,2501.325927734375,70500,0.0,0.0
2018-08-01 00:00:00+09:00,2469.03319365442,2513.320784571988,2426.5909190250836,2473.646484375,56500,0.0,0.0
2018-08-02 00:00:00+09:00,2469.0331868056874,2504.094196184841,2428.436228577193,2429.35888671875,56900,0.0,0.0
2018-08-03 00:00:00+09:00,2438.5858152904966,2447.8123980195564,2399.8341678284455,2427.513916015625,38000,0.0,0.0
2018-08-06 00:00:00+09:00,2421.977669183462,2450.5800721338187,2402.6018478299943,2406.29248046875,30000,0.0,0.0
2018-08-07 00:00:00+09:00,2407.214895770945,2457.9610894341886,2400.756289304714,2455.193115234375,29000,0.0,0.0
2018-08-08 00:00:00+09:00,2417.364133471924,2600.973088647845,2352.778068837178,2579.751953125,102100,0.0,0.0
2018-08-09 00:00:00+09:00,2601.895746714056,2603.741062846477,2529.005759483414,2579.751953125,68800,0.0,0.0
2018-08-10 00:00:00+09:00,2579.75204634233,2583.4426787405305,2411.828272224195,2435.8173828125,80700,0.0,0.0
2018-08-13 00:00:00+09:00,2403.5243024163883,2420.1321478841405,2306.6452038544994,2312.18115234375,99100,0.0,0.0
2018-08-14 00:00:00+09:00,2316.79434131093,2317.7169993520733,2292.805232241203,2314.0263671875,63600,0.0,0.0
2018-08-15 00:00:00+09:00,2314.0266559068727,2331.557160875864,2254.0538757497966,2268.81640625,41500,0.0,0.0
2018-08-16 00:00:00+09:00,2244.8267527613148,2250.3627003636852,2212.533725080819,2220.837646484375,64000,0.0,0.0
2018-08-17 00:00:00+09:00,2214.379559447434,2249.440569138685,2193.1584220027294,2229.14208984375,55000,0.0,0.0
2018-08-20 00:00:00+09:00,2229.1420353635604,2242.0592491446405,2202.38494967418,2207.9208984375,57900,0.0,0.0
2018-08-21 00:00:00+09:00,2210.688920304582,2222.6834762160843,2174.705252570075,2184.8544921875,61300,0.0,0.0
2018-08-22 00:00:00+09:00,2200.539455089466,2233.7551449776092,2186.69958430274,2224.528564453125,49400,0.0,0.0
2018-08-23 00:00:00+09:00,2229.1419562707556,2239.2911953100675,2210.688794381097,2222.683349609375,48200,0.0,0.0
2018-08-24 00:00:00+09:00,2251.285611791701,2290.037249371722,2231.9097930016906,2242.981689453125,54500,0.0,0.0
2018-08-27 00:00:00+09:00,2263.280482086316,2320.4852884007687,2261.4351657535917,2303.87744140625,40600,0.0,0.0
2018-08-28 00:00:00+09:00,2321.4078500600963,2333.4024057241586,2273.429627403846,2278.965576171875,44600,0.0,0.0
2018-08-29 00:00:00+09:00,2305.722624188159,2309.4132566398407,2265.12566721966,2297.418701171875,68800,0.0,0.0
2018-08-30 00:00:00+09:00,2306.64532578221,2306.64532578221,2230.0647009662407,2252.20849609375,87600,0.0,0.0
2018-08-31 00:00:00+09:00,2230.06456857523,2274.3521562010515,2229.141910499692,2245.749755859375,64300,0.0,0.0
2018-09-03 00:00:00+09:00,2262.357714350121,2262.357714350121,2171.014560304174,2190.390380859375,86200,0.0,0.0
2018-09-04 00:00:00+09:00,2230.0647706219456,2230.0647706219456,2166.40135764184,2171.0146484375,39800,0.0,0.0
2018-09-05 00:00:00+09:00,2175.627814041941,2226.374009874132,2173.7824978298613,2208.843505859375,69600,0.0,0.0
2018-09-06 00:00:00+09:00,2190.390302611794,2215.302071007126,2171.9371408374736,2205.15283203125,68300,0.0,0.0
2018-09-07 00:00:00+09:00,2176.5501249983326,2176.5501249983326,2124.881279301043,2161.78759765625,58100,0.0,0.0
2018-09-10 00:00:00+09:00,2163.633411887163,2187.622524343055,2149.793539316456,2157.1748046875,45600,0.0,0.0
2018-09-11 00:00:00+09:00,2157.1746765720027,2157.1746765720027,2108.273796393082,2123.958984375,72600,0.0,0.0
2018-09-12 00:00:00+09:00,2113.8098173985213,2119.3457662873866,2063.9862773987306,2064.908935546875,98300,0.0,0.0
2018-09-13 00:00:00+09:00,2064.9085226444495,2089.8202876629484,2016.9303085347483,2076.903076171875,110200,0.0,0.0
2018-09-14 00:00:00+09:00,2030.7703381049923,2130.4174060356327,2030.7703381049923,2118.4228515625,110500,0.0,0.0
2018-09-17 00:00:00+09:00,2118.4228515625,2118.4228515625,2118.4228515625,2118.4228515625,0,0.0,0.0
2018-09-18 00:00:00+09:00,2116.577994721962,2167.3241977340404,2068.5997664196334,2154.406982421875,63700,0.0,0.0
2018-09-19 00:00:00+09:00,2169.1689453125,2215.301845042668,2136.875915501382,2169.1689453125,85400,0.0,0.0
2018-09-20 00:00:00+09:00,2191.312951170207,2191.312951170207,2149.793337358561,2160.865234375,59100,0.0,0.0
2018-09-21 00:00:00+09:00,2214.379349226804,2280.810729703608,2190.3902396101803,2237.44580078125,134300,0.0,0.0
2018-09-24 00:00:00+09:00,2237.44580078125,2237.44580078125,2237.44580078125,2237.44580078125,0,0.0,0.0
2018-09-25 00:00:00+09:00,2255.8989866204665,2299.263916015625,2255.8989866204665,2299.263916015625,127000,0.0,0.0
2018-09-26 00:00:00+09:00,2299.729725671193,2352.8004116482207,2299.729725671193,2346.282958984375,76700,22.5,0.0
2018-09-27 00:00:00+09:00,2344.4207656609806,2358.3867352737348,2320.2130849988735,2324.868408203125,79300,0.0,0.0
2018-09-28 00:00:00+09:00,2374.214937114942,2404.9400715952534,2333.248091141194,2351.869384765625,117700,0.0,0.0
2018-10-01 00:00:00+09:00,2349.0761340462977,2404.0089489130164,2327.661646894865,2343.48974609375,91300,0.0,0.0
2018-10-02 00:00:00+09:00,2383.525634765625,2435.665258026123,2374.214987754822,2383.525634765625,123500,0.0,0.0
2018-10-03 00:00:00+09:00,2390.0429967951745,2396.5604494549198,2309.971435546875,2309.971435546875,86800,0.0,0.0
2018-10-04 00:00:00+09:00,2356.524430281299,2401.2155297097866,2350.006978281311,2382.59423828125,87500,0.0,0.0
2018-10-05 00:00:00+09:00,2366.766470146179,2416.1128993034363,2354.662629032135,2383.525634765625,97900,0.0,0.0
2018-10-08 00:00:00+09:00,2383.525634765625,2383.525634765625,2383.525634765625,2383.525634765625,0,0.0,0.0
2018-10-09 00:00:00+09:00,2349.0759295274447,2480.3560349826053,2345.35167121666,2408.6640625,183900,0.0,0.0
2018-10-10 00:00:00+09:00,2432.8716031379654,2537.150829908517,2412.38818359375,2412.38818359375,159600,0.0,0.0
2018-10-11 00:00:00+09:00,2328.592439085706,2390.042699373453,2312.7643417388617,2350.93798828125,158700,0.0,0.0
2018-10-12 00:00:00+09:00,2342.5586763467495,2404.0089436912986,2340.6965470332784,2366.766357421875,126200,0.0,0.0
2018-10-15 00:00:00+09:00,2333.247764257813,2408.663992871094,2325.7992478515625,2327.661376953125,120300,0.0,0.0
2018-10-16 00:00:00+09:00,2316.488791532856,2400.284607946826,2295.0743051159525,2355.593505859375,82100,0.0,0.0
2018-10-17 00:00:00+09:00,2392.836318940439,2443.1138135796546,2385.387801216111,2425.423583984375,90200,0.0,0.0
2018-10-18 00:00:00+09:00,2411.457052947122,2446.8375039170023,2367.697021484375,2367.697021484375,74800,0.0,0.0
2018-10-19 00:00:00+09:00,2351.8693647154287,2371.4217228543935,2296.9365489916718,2312.7646484375,62500,0.0,0.0
2018-10-22 00:00:00+09:00,2293.2122269513793,2336.9722653869107,2265.280287524444,2291.35009765625,64000,0.0,0.0
2018-10-23 00:00:00+09:00,2276.4530078370367,2276.4530078370367,2223.38232421875,2223.38232421875,68500,0.0,0.0
2018-10-24 00:00:00+09:00,2232.6927235773674,2258.7625301912817,2212.2093040950062,2246.65869140625,66400,0.0,0.0
2018-10-25 00:00:00+09:00,2190.7951592310415,2210.347517218229,2154.4836372548366,2177.76025390625,62000,0.0,0.0
2018-10-26 00:00:00+09:00,2177.760216024164,2220.589189917756,2148.8972118784827,2172.173828125,84300,0.0,0.0
2018-10-29 00:00:00+09:00,2180.553195144489,2212.209390120968,2151.6901938424057,2164.72509765625,75200,0.0,0.0
2018-10-30 00:00:00+09:00,2147.9658554406474,2255.0382756294966,2143.310532823741,2200.10546875,280100,0.0,0.0
2018-10-31 00:00:00+09:00,2220.5890328897685,2304.3848454516465,2220.5890328897685,2292.281005859375,94700,0.0,0.0
2018-11-01 00:00:00+09:00,2281.1084375782816,2344.420835029434,2256.9007561998997,2323.00634765625,65500,0.0,0.0
2018-11-02 00:00:00+09:00,2300.6605994890033,2350.007022707505,2282.970372297465,2341.62744140625,88000,0.0,0.0
2018-11-05 00:00:00+09:00,2324.86827880374,2353.731281063618,2290.4188890096916,2341.62744140625,67000,0.0,0.0
2018-11-06 00:00:00+09:00,2350.007034824645,2400.284522891416,2350.007034824645,2390.973876953125,47800,0.0,0.0
2018-11-07 00:00:00+09:00,2399.3537283131013,2430.078863367169,2370.49072265625,2370.49072265625,69000,0.0,0.0
2018-11-08 00:00:00+09:00,2419.8370989552354,2556.7036066683636,2402.146870067144,2543.668701171875,127400,0.0,0.0
2018-11-09 00:00:00+09:00,2563.2209070142662,2761.5376717051627,2563.2209070142662,2676.810791015625,187200,0.0,0.0
2018-11-12 00:00:00+09:00,2657.2586450160975,2686.121650620687,2623.7403159268965,2647.947998046875,57000,0.0,0.0
2018-11-13 00:00:00+09:00,2621.877984937546,2621.877984937546,2528.771522404252,2534.35791015625,72600,0.0,0.0
2018-11-14 00:00:00+09:00,2533.426711442955,2582.7731339738175,2512.0122261937126,2514.805419921875,51600,0.0,0.0
2018-11-15 00:00:00+09:00,2489.6666545328567,2569.7382073712356,2483.1492025576395,2535.288818359375,47100,0.0,0.0
2018-11-16 00:00:00+09:00,2512.0123989345793,2525.0473038956925,2438.458292368296,2480.356201171875,43900,0.0,0.0
2018-11-19 00:00:00+09:00,2485.011432647705,2507.3569831848145,2478.493980407715,2502.70166015625,36700,0.0,0.0
2018-11-20 00:00:00+09:00,2463.5968888175194,2464.5279534013507,2371.4214950182245,2434.73388671875,62200,0.0,0.0
2018-11-21 00:00:00+09:00,2388.1806387324427,2444.9755778991794,2364.904024319846,2431.940673828125,35500,0.0,0.0
2018-11-22 00:00:00+09:00,2427.2853398906605,2474.7696330760937,2417.0436295957634,2442.182373046875,26800,0.0,0.0
2018-11-23 00:00:00+09:00,2442.182373046875,2442.182373046875,2442.182373046875,2442.182373046875,0,0.0,0.0
2018-11-26 00:00:00+09:00,2436.5962276872096,2444.044745005321,2396.5604471023607,2405.87109375,38300,0.0,0.0
2018-11-27 00:00:00+09:00,2424.492203083444,2458.9415930658124,2409.595169577555,2450.56201171875,29100,0.0,0.0
2018-11-28 00:00:00+09:00,2471.9768499926986,2495.253468165888,2417.044031103972,2490.59814453125,37500,0.0,0.0
2018-11-29 00:00:00+09:00,2548.3240179043646,2572.531699477442,2514.8056895724108,2530.6337890625,26800,0.0,0.0
2018-11-30 00:00:00+09:00,2535.28893630213,2592.0838775854313,2523.1850963565084,2588.359619140625,58100,0.0,0.0
2018-12-03 00:00:00+09:00,2588.359690467474,2630.2575991261206,2586.4975611937566,2622.80908203125,47100,0.0,0.0
2018-12-04 00:00:00+09:00,2610.705162336348,2612.567291553421,2507.3569907887963,2515.736572265625,37100,0.0,0.0
2018-12-05 00:00:00+09:00,2440.3201561643364,2472.90741502193,2410.5260909231083,2441.251220703125,50600,0.0,0.0
2018-12-06 00:00:00+09:00,2417.97474665114,2443.1134906478983,2394.698131839327,2414.25048828125,44900,0.0,0.0
2018-12-07 00:00:00+09:00,2402.1466598688035,2436.596049952193,2367.6972697854135,2404.0087890625,54000,0.0,0.0
2018-12-10 00:00:00+09:00,2357.455707104175,2373.2838062435,2283.9015993390763,2294.143310546875,48100,0.0,0.0
2018-12-11 00:00:00+09:00,2272.7285413891013,2276.452799547871,2197.3123136740187,2205.69189453125,59500,0.0,0.0
2018-12-12 00:00:00+09:00,2233.6236328533773,2265.279824398611,2216.864472623548,2224.31298828125,61400,0.0,0.0
2018-12-13 00:00:00+09:00,2247.5898030097233,2272.7285456283075,2221.5199958497096,2265.280029296875,80700,0.0,0.0
2018-12-14 00:00:00+09:00,2265.2801315142174,2266.2111960976595,2195.4502877560726,2232.69287109375,84300,0.0,0.0
2018-12-17 00:00:00+09:00,2241.072552091512,2243.865745966159,2191.7261269727546,2223.38232421875,61900,0.0,0.0
2018-12-18 00:00:00+09:00,2157.276714675997,2185.20865314828,2115.3788069675725,2124.689453125,82200,0.0,0.0
2018-12-19 00:00:00+09:00,2102.3437774725276,2144.2416826923077,2093.9641964285715,2118.171875,57500,0.0,0.0
2018-12-20 00:00:00+09:00,2123.758357699176,2123.758357699176,2036.238285089039,2042.7557373046875,63400,0.0,0.0
2018-12-21 00:00:00+09:00,2039.9622672602814,2040.8933317364385,1941.2694327876252,1973.856689453125,89800,0.0,0.0
2018-12-24 00:00:00+09:00,1973.856689453125,1973.856689453125,1973.856689453125,1973.856689453125,0,0.0,0.0
2018-12-25 00:00:00+09:00,1927.3036064640166,1927.3036064640166,1845.3699265756914,1847.2320556640625,60700,0.0,0.0
2018-12-26 00:00:00+09:00,1871.439838735865,1938.4764896756571,1871.439838735865,1904.027099609375,56400,0.0,0.0
2018-12-27 00:00:00+09:00,1946.855891764839,2066.0321491277755,1946.855891764839,2054.859375,77500,0.0,0.0
2018-12-28 00:00:00+09:00,2051.1351853697206,2055.790508078231,2014.823668243339,2052.997314453125,40100,0.0,0.0
2018-12-31 00:00:00+09:00,2052.997314453125,2052.997314453125,2052.997314453125,2052.997314453125,0,0.0,0.0
2019-01-04 00:00:00+09:00,2006.4442805895774,2006.4442805895774,1915.1999467158982,1938.4765625,85000,0.0,0.0
2019-01-07 00:00:00+09:00,1985.029619777904,2050.204138250912,1964.5461996863871,2025.9964599609375,62800,0.0,0.0
2019-01-08 00:00:00+09:00,2044.6176712661,2147.03476773207,2044.6176712661,2114.447509765625,95000,0.0,0.0
2019-01-09 00:00:00+09:00,2120.9653508689307,2150.7594207670018,2110.723639341469,2123.758544921875,54100,0.0,0.0
2019-01-10 00:00:00+09:00,2106.9993104441705,2114.447827670663,2070.6877889650177,2089.30908203125,41900,0.0,0.0
2019-01-11 00:00:00+09:00,2114.448010902067,2114.448010902067,2083.7228746802407,2104.206298828125,41200,0.0,0.0
2019-01-15 00:00:00+09:00,2057.652862747424,2160.069973562907,2057.652862747424,2146.10400390625,41100,0.0,0.0
2019-01-16 00:00:00+09:00,2146.103881352597,2155.414527258682,2098.6195872315634,2116.309814453125,40900,0.0,0.0
2019-01-17 00:00:00+09:00,2131.206759493116,2169.380406124491,2092.102048309756,2115.378662109375,28300,0.0,0.0
2019-01-18 00:00:00+09:00,2119.1032279752176,2162.8632682717184,2108.861516416462,2136.79345703125,21900,0.0,0.0
2019-01-21 00:00:00+09:00,2168.44925901735,2169.380323533888,2118.17177512429,2150.759033203125,29900,0.0,0.0
2019-01-22 00:00:00+09:00,2164.7255065377835,2164.7255065377835,2093.033522020188,2104.206298828125,26300,0.0,0.0
2019-01-23 00:00:00+09:00,2084.6535044735656,2132.137796000208,2053.928374662209,2099.550537109375,43200,0.0,0.0
2019-01-24 00:00:00+09:00,2093.033237405386,2121.896240234375,2077.2051390798115,2121.896240234375,27400,0.0,0.0
2019-01-25 00:00:00+09:00,2117.2409171974414,2166.5873413889385,2117.2409171974414,2121.896240234375,31000,0.0,0.0
2019-01-28 00:00:00+09:00,2112.585617207403,2146.1039434389886,2100.481777179331,2101.412841796875,22400,0.0,0.0
2019-01-29 00:00:00+09:00,2105.1371266172973,2123.7584192012628,2071.6187999661597,2117.240966796875,32200,0.0,0.0
2019-01-30 00:00:00+09:00,2116.3096434657473,2116.3096434657473,2042.7555467504837,2044.61767578125,61200,0.0,0.0
2019-01-31 00:00:00+09:00,2078.1359967708804,2078.1359967708804,2051.1351258450936,2067.894287109375,59200,0.0,0.0
2019-02-01 00:00:00+09:00,2050.2042734194574,2076.274082527425,2012.9616889795036,2015.7548828125,39400,0.0,0.0
2019-02-04 00:00:00+09:00,2024.1342534297085,2091.1708984375,2015.7546728037344,2091.1708984375,49800,0.0,0.0
2019-02-05 00:00:00+09:00,2113.516877003205,2142.3798828125,2108.861553485577,2142.3798828125,37300,0.0,0.0
2019-02-06 00:00:00+09:00,2164.725291916325,2168.449550483063,2070.6877631061966,2073.48095703125,41800,0.0,0.0
2019-02-07 00:00:00+09:00,2068.825342659719,2075.3427942342546,2031.5827622338015,2054.859375,43500,0.0,0.0
2019-02-08 00:00:00+09:00,2029.7207525143679,2050.2041729525863,2016.685848599138,2025.0654296875,57100,0.0,0.0
2019-02-12 00:00:00+09:00,2048.3421068812854,2145.1728246611283,2043.6867839111007,2129.3447265625,43500,0.0,0.0
2019-02-13 00:00:00+09:00,2144.2418467203775,2197.3125307251807,2129.3448126137664,2189.864013671875,45800,0.0,0.0
2019-02-14 00:00:00+09:00,2180.5532007620823,2226.1753642280696,2179.622136201552,2201.03662109375,55600,0.0,0.0
2019-02-15 00:00:00+09:00,2190.795210152299,2230.830991723293,2183.346692650719,2209.41650390625,48100,0.0,0.0
2019-02-18 00:00:00+09:00,2192.6572914107755,2279.2463054664877,2192.6572914107755,2250.38330078125,66500,0.0,0.0
2019-02-19 00:00:00+09:00,2216.8648879901084,2237.348309886699,2173.1048503019374,2189.864013671875,37300,0.0,0.0
2019-02-20 00:00:00+09:00,2207.5542182440304,2243.8657384935104,2173.1048272381136,2210.347412109375,45400,0.0,0.0
2019-02-21 00:00:00+09:00,2228.9686194034816,2228.9686194034816,2173.104744230462,2186.1396484375,34300,0.0,0.0
2019-02-22 00:00:00+09:00,2178.6911543422184,2186.1396711092,2147.966022678418,2165.65625,31900,0.0,0.0
2019-02-25 00:00:00+09:00,2203.8300212830986,2217.7959909997217,2181.484469736502,2195.450439453125,35500,0.0,0.0
2019-02-26 00:00:00+09:00,2206.6231578763573,2206.6231578763573,2161.932055944684,2187.07080078125,24400,0.0,0.0
2019-02-27 00:00:00+09:00,2197.3123961014585,2197.3123961014585,2148.897038221257,2170.3115234375,45200,0.0,0.0
2019-02-28 00:00:00+09:00,2180.553136848621,2180.553136848621,2136.79310378633,2156.345458984375,41800,0.0,0.0
2019-03-01 00:00:00+09:00,2182.415175948184,2191.7258208967683,2160.069628071581,2178.69091796875,44100,0.0,0.0
2019-03-04 00:00:00+09:00,2225.2443272423616,2225.2443272423616,2197.3123900803234,2216.86474609375,32100,0.0,0.0
2019-03-05 00:00:00+09:00,2198.2432511021616,2234.5547660504817,2174.9666389558024,2222.450927734375,57700,0.0,0.0
2019-03-06 00:00:00+09:00,2213.140205078125,2239.210009765625,2211.278076171875,2211.278076171875,63500,0.0,0.0
2019-03-07 00:00:00+09:00,2210.3475240633634,2210.3475240633634,2180.553454657286,2190.795166015625,71800,0.0,0.0
2019-03-08 00:00:00+09:00,2170.3115998184853,2173.1047936406453,2112.5855941605078,2121.896240234375,98200,0.0,0.0
2019-03-11 00:00:00+09:00,2133.068976081513,2133.068976081513,2051.1352921464745,2056.7216796875,47200,0.0,0.0
2019-03-12 00:00:00+09:00,2080.9293476826433,2083.7225414379222,2056.721668470228,2066.96337890625,52800,0.0,0.0
2019-03-13 00:00:00+09:00,2056.72170633822,2072.549804576224,2022.2723160555065,2042.7557373046875,44000,0.0,0.0
2019-03-14 00:00:00+09:00,2037.1693419850199,2065.1012799464233,2024.1344376030318,2029.7208251953125,30300,0.0,0.0
2019-03-15 00:00:00+09:00,2045.5488583498102,2071.6186662850832,2036.2382126586413,2038.100341796875,85900,0.0,0.0
2019-03-18 00:00:00+09:00,2065.101259970498,2065.101259970498,1983.1675760762676,1997.133544921875,113500,0.0,0.0
2019-03-19 00:00:00+09:00,2001.788997252598,2027.858807449376,1983.1677042548995,2010.1685791015625,72900,0.0,0.0
2019-03-20 00:00:00+09:00,2002.719801880106,2052.997286446134,2001.7887373511055,2037.169189453125,94100,0.0,0.0
2019-03-22 00:00:00+09:00,2059.5149116464445,2063.239170076185,2031.5829734233916,2062.30810546875,119000,0.0,0.0
2019-03-25 00:00:00+09:00,2027.8584290702388,2027.8584290702388,1970.1324315484965,1973.856689453125,159900,0.0,0.0
2019-03-26 00:00:00+09:00,2001.7888207853432,2077.205050777721,1995.2713688106933,2061.376953125,240800,0.0,0.0
2019-03-27 00:00:00+09:00,2062.7881072111645,2062.7881072111645,2027.9850246909577,2040.213134765625,72900,22.5,0.0
2019-03-28 00:00:00+09:00,2022.341118109148,2022.341118109148,1982.8349195228298,2007.2911376953125,43900,0.0,0.0
2019-03-29 00:00:00+09:00,2004.4691380563058,2037.3909681041569,1992.2410297528183,2002.587890625,54400,0.0,0.0
2019-04-01 00:00:00+09:00,2054.322319878472,2141.800330752418,2052.441072332796,2133.334716796875,57700,0.0,0.0
2019-04-02 00:00:00+09:00,2128.6314621301385,2188.831379751141,2128.6314621301385,2176.603271484375,48200,0.0,0.0
2019-04-03 00:00:00+09:00,2165.3160073260674,2238.6846643944573,2162.49413590036,2235.86279296875,52400,0.0,0.0
2019-04-04 00:00:00+09:00,2217.9909934133175,2232.100350877779,2184.1285354986103,2200.119140625,38200,0.0,0.0
2019-04-05 00:00:00+09:00,2220.812812031644,2236.803416777319,2212.3471977545223,2235.86279296875,30100,0.0,0.0
2019-04-08 00:00:00+09:00,2174.7220495595006,2218.931364580823,2174.7220495595006,2195.415771484375,32800,0.0,0.0
2019-04-09 00:00:00+09:00,2194.4753298158025,2205.7628154385156,2160.612872947663,2185.069091796875,13500,0.0,0.0
2019-04-10 00:00:00+09:00,2167.197259678121,2171.9003787312417,2146.503535844389,2162.494140625,27700,0.0,0.0
2019-04-11 00:00:00+09:00,2161.553638242136,2163.434885969066,2139.9192893824456,2141.800537109375,10900,0.0,0.0
2019-04-12 00:00:00+09:00,2152.1471354166665,2154.9690066606568,2116.4034329927886,2127.69091796875,26800,0.0,0.0
2019-04-15 00:00:00+09:00,2182.2469700442193,2211.406304557741,2151.206388142728,2180.36572265625,135800,0.0,0.0
2019-04-16 00:00:00+09:00,2196.356476763619,2206.703338110257,2174.7221303115575,2183.187744140625,36100,0.0,0.0
2019-04-17 00:00:00+09:00,2191.65347037579,2227.397175042863,2172.8409942352255,2194.475341796875,60300,0.0,0.0
2019-04-18 00:00:00+09:00,2209.5254332779905,2232.1004057763607,2152.147378177966,2164.37548828125,64300,0.0,0.0
2019-04-19 00:00:00+09:00,2167.197177768166,2204.8221287710858,2159.672187567582,2174.72216796875,41600,0.0,0.0
2019-04-22 00:00:00+09:00,2174.7220606589253,2174.7220606589253,2111.700270838792,2131.453369140625,42600,0.0,0.0
2019-04-23 00:00:00+09:00,2140.85963141828,2154.9689875128643,2094.769068175971,2113.58154296875,58600,0.0,0.0
2019-04-24 00:00:00+09:00,2123.9284294341023,2131.453419440955,2040.2129156078688,2059.025390625,59400,0.0,0.0
2019-04-25 00:00:00+09:00,2059.025583649386,2069.37244587878,2018.5787585708465,2037.3912353515625,103600,0.0,0.0
2019-04-26 00:00:00+09:00,2022.341106606902,2022.341106606902,1928.2787295554183,1961.2005615234375,125300,0.0,0.0
2019-05-07 00:00:00+09:00,1939.5662639853394,1942.3881353684412,1880.3069649402005,1904.76318359375,123300,0.0,0.0
2019-05-08 00:00:00+09:00,1867.138219265269,1889.7131901783002,1824.8101488033362,1837.9788818359375,122300,0.0,0.0
2019-05-09 00:00:00+09:00,1836.0976602874678,1841.7414030957284,1726.9852993277616,1820.1070556640625,145000,0.0,0.0
2019-05-10 00:00:00+09:00,1820.1070414877413,1845.503883927105,1775.8977231673673,1790.007080078125,130400,0.0,0.0
2019-05-13 00:00:00+09:00,1792.8288951304692,1815.403865478387,1766.4914297245653,1784.36328125,77500,0.0,0.0
2019-05-14 00:00:00+09:00,1749.5601162647638,1804.116291933235,1726.9851470226379,1791.88818359375,81400,0.0,0.0
2019-05-15 00:00:00+09:00,1792.829024919601,1818.2258683995744,1761.788438444078,1809.76025390625,64900,0.0,0.0
2019-05-16 00:00:00+09:00,1803.1758131948322,1823.8695366639433,1774.9570993733169,1790.007080078125,56400,0.0,0.0
2019-05-17 00:00:00+09:00,1830.4538199597957,1834.216314964852,1794.710117411763,1802.235107421875,61500,0.0,0.0
2019-05-20 00:00:00+09:00,1793.7695250887225,1812.582000443612,1765.5508120563882,1789.06640625,76800,0.0,0.0
2019-05-21 00:00:00+09:00,1769.3132887023053,1790.947635135135,1746.7383185115261,1774.95703125,68500,0.0,0.0
2019-05-22 00:00:00+09:00,1774.9570030649757,1793.7694779252297,1766.4913893778612,1772.1351318359375,53600,0.0,0.0
2019-05-23 00:00:00+09:00,1769.3133400338866,1769.3133400338866,1722.2821507719545,1739.21337890625,67300,0.0,0.0
2019-05-24 00:00:00+09:00,1716.6384532991806,1763.669643800528,1706.2915913888842,1756.1446533203125,100100,0.0,0.0
2019-05-27 00:00:00+09:00,1757.085148697637,1769.3132573341836,1739.2132976134533,1751.44140625,31000,0.0,0.0
2019-05-28 00:00:00+09:00,1748.6196773226036,1752.3821725938733,1728.8665771484375,1728.8665771484375,60800,0.0,0.0
2019-05-29 00:00:00+09:00,1711.9353864282907,1731.6884870409249,1688.419790460869,1720.4010009765625,47500,0.0,0.0
2019-05-30 00:00:00+09:00,1702.5290609742872,1733.5696460638737,1696.885318230726,1727.9259033203125,37200,0.0,0.0
2019-05-31 00:00:00+09:00,1717.5788550993284,1717.5788550993284,1677.1320364962228,1680.89453125,55300,0.0,0.0
2019-06-03 00:00:00+09:00,1653.6166211327234,1670.5478493354476,1643.2697594532808,1649.8541259765625,48400,0.0,0.0
2019-06-04 00:00:00+09:00,1660.2009272044984,1734.510203832915,1660.2009272044984,1733.569580078125,88700,0.0,0.0
2019-06-05 00:00:00+09:00,1775.897697710718,1813.5226489334027,1756.1445983188084,1807.87890625,82900,0.0,0.0
2019-06-06 00:00:00+09:00,1795.6507859685748,1795.6507859685748,1761.788330078125,1761.788330078125,36200,0.0,0.0
2019-06-07 00:00:00+09:00,1768.3726335929107,1768.3726335929107,1735.450802648362,1751.44140625,70300,0.0,0.0
2019-06-10 00:00:00+09:00,1786.2446741811546,1807.8790225256341,1785.3040503400903,1803.1759033203125,55300,0.0,0.0
2019-06-11 00:00:00+09:00,1808.8195300305672,1810.7007775917014,1782.4820641746878,1807.87890625,44200,0.0,0.0
2019-06-12 00:00:00+09:00,1809.760084953406,1846.444410999759,1804.1163424847364,1829.51318359375,73900,0.0,0.0
2019-06-13 00:00:00+09:00,1806.9382390202702,1818.2257241156597,1770.2539124602542,1774.95703125,57100,0.0,0.0
2019-06-14 00:00:00+09:00,1795.650725411255,1805.0569628413823,1765.5507656348486,1772.1351318359375,57200,0.0,0.0
2019-06-17 00:00:00+09:00,1742.0353782678499,1758.0259837919068,1734.5103874329996,1743.9166259765625,49000,0.0,0.0
2019-06-18 00:00:00+09:00,1752.3821095433727,1763.6695949510597,1712.8759106164691,1718.5196533203125,37000,0.0,0.0
2019-06-19 00:00:00+09:00,1752.3820766367812,1769.3133044303731,1739.2133439084316,1768.3726806640625,60000,0.0,0.0
2019-06-20 00:00:00+09:00,1787.1851756654937,1791.888294548824,1741.0946106088572,1745.7977294921875,38100,0.0,0.0
2019-06-21 00:00:00+09:00,1755.2040175528828,1759.9071365709772,1730.747798658791,1746.7384033203125,82600,0.0,0.0
2019-06-24 00:00:00+09:00,1747.6789237780447,1772.1351412259614,1738.272686298077,1760.84765625,32900,0.0,0.0
2019-06-25 00:00:00+09:00,1750.5008643291137,1776.8383303157957,1738.2727551210114,1739.21337890625,38000,0.0,0.0
2019-06-26 00:00:00+09:00,1739.2133827042892,1747.678996789924,1717.579035596556,1723.2227783203125,49500,0.0,0.0
2019-06-27 00:00:00+09:00,1723.2226971992768,1774.9570030649757,1719.460202227226,1772.1351318359375,39500,0.0,0.0
2019-06-28 00:00:00+09:00,1755.2039975983105,1782.4820875931393,1742.9758882902836,1769.3133544921875,43300,0.0,0.0
2019-07-01 00:00:00+09:00,1805.997673042477,1837.9788818359375,1780.6008307653171,1837.9788818359375,48100,0.0,0.0
2019-07-02 00:00:00+09:00,1837.038334554877,1843.6227013453963,1812.582115047234,1821.0477294921875,24800,0.0,0.0
2019-07-03 00:00:00+09:00,1799.4134300291694,1811.641540113006,1784.3634483875244,1801.294677734375,34100,0.0,0.0
2019-07-04 00:00:00+09:00,1809.7601779737386,1831.3945252156284,1809.7601779737386,1826.69140625,34400,0.0,0.0
2019-07-05 00:00:00+09:00,1821.9882932877504,1853.0288785631742,1821.9882932877504,1831.39453125,45800,0.0,0.0
2019-07-08 00:00:00+09:00,1827.6320741572738,1846.4445504738696,1822.928955078125,1822.928955078125,55800,0.0,0.0
2019-07-09 00:00:00+09:00,1824.8102907064824,1839.860272485505,1789.066583981304,1794.7103271484375,49200,0.0,0.0
2019-07-10 00:00:00+09:00,1790.007080078125,1797.532070430529,1774.9570993733169,1790.007080078125,54300,0.0,0.0
2019-07-11 00:00:00+09:00,1772.1352615715757,1808.8195902346815,1772.1352615715757,1797.5321044921875,46100,0.0,0.0
2019-07-12 00:00:00+09:00,1797.5319194592926,1815.4037700452302,1780.6006925884046,1787.18505859375,38800,0.0,0.0
2019-07-16 00:00:00+09:00,1793.7695495414932,1820.1070153973726,1786.2445592969564,1807.87890625,42400,0.0,0.0
2019-07-17 00:00:00+09:00,1802.2351425211373,1816.3444990648832,1770.2539343553133,1773.0758056640625,73000,0.0,0.0
2019-07-18 00:00:00+09:00,1768.3727302970467,1768.3727302970467,1705.3509361853964,1711.935302734375,87600,0.0,0.0
2019-07-19 00:00:00+09:00,1702.5290110677083,1769.3132982421873,1699.7071397786458,1763.6695556640625,62200,0.0,0.0
2019-07-22 00:00:00+09:00,1770.2539661433975,1775.8977088622394,1744.857123908609,1759.9071044921875,85400,0.0,0.0
2019-07-23 00:00:00+09:00,1759.9069771674049,1801.2944207779692,1749.5601162647638,1791.88818359375,67700,0.0,0.0
2019-07-24 00:00:00+09:00,1805.0571625436844,1821.9883917910977,1804.1165386966059,1812.5821533203125,46900,0.0,0.0
2019-07-25 00:00:00+09:00,1799.413375656942,1823.8695950856302,1799.413375656942,1816.3446044921875,18500,0.0,0.0
2019-07-26 00:00:00+09:00,1805.9977146006224,1821.9883193653154,1790.9477336456173,1813.522705078125,48800,0.0,0.0
2019-07-29 00:00:00+09:00,1810.7007022157336,1815.4038209227874,1778.7194950077674,1788.125732421875,58700,0.0,0.0
2019-07-30 00:00:00+09:00,1804.1165524662226,1902.8820571632787,1804.1165524662226,1884.069580078125,116500,0.0,0.0
2019-07-31 00:00:00+09:00,1871.8411981640027,1899.119285976443,1844.5631103515625,1844.5631103515625,115900,0.0,0.0
2019-08-01 00:00:00+09:00,1843.622592832984,1878.425672391566,1830.4538600270341,1851.1475830078125,68100,0.0,0.0
2019-08-02 00:00:00+09:00,1813.5227330855994,1813.5227330855994,1711.935360070431,1738.2728271484375,149300,0.0,0.0
2019-08-05 00:00:00+09:00,1719.4602623389624,1723.2227574425488,1664.9040833369604,1688.419677734375,78100,0.0,0.0
2019-08-06 00:00:00+09:00,1640.448015730278,1680.8948418061966,1619.7542907612033,1675.2510986328125,83700,0.0,0.0
2019-08-07 00:00:00+09:00,1654.5572670017746,1672.4291192320384,1647.972900390625,1647.972900390625,52000,0.0,0.0
2019-08-08 00:00:00+09:00,1647.9728662333357,1682.7759461709118,1627.2791430272093,1640.4478759765625,71300,0.0,0.0
2019-08-09 00:00:00+09:00,1637.6259483978308,1644.2103146464149,1625.3978396504604,1634.8040771484375,44800,0.0,0.0
2019-08-13 00:00:00+09:00,1599.0604688536446,1602.8229640744767,1571.782378502612,1595.2979736328125,96100,0.0,0.0
2019-08-14 00:00:00+09:00,1632.9228857197893,1640.4478759765625,1610.3479149494694,1640.4478759765625,42100,0.0,0.0
2019-08-15 00:00:00+09:00,1589.6540248606032,1639.507080078125,1587.7727774939042,1639.507080078125,57900,0.0,0.0
2019-08-16 00:00:00+09:00,1635.7446443412377,1643.2696340794378,1615.0509225611875,1629.1602783203125,50800,0.0,0.0
2019-08-19 00:00:00+09:00,1652.6761361413094,1666.7854941618668,1642.3292735929003,1643.2698974609375,33600,0.0,0.0
2019-08-20 00:00:00+09:00,1648.9134887079142,1679.95407349249,1647.9728649265633,1677.1322021484375,53900,0.0,0.0
2019-08-21 00:00:00+09:00,1635.7446663035134,1642.3290324128432,1622.5759340848538,1627.279052734375,51600,0.0,0.0
2019-08-22 00:00:00+09:00,1637.6259924020735,1642.3291112774384,1623.5166357759786,1631.0416259765625,40600,0.0,0.0
2019-08-23 00:00:00+09:00,1631.0416381555958,1645.1509948870457,1627.2791430272093,1640.4478759765625,28400,0.0,0.0
2019-08-26 00:00:00+09:00,1594.3573378159058,1600.9417044027562,1577.4261094497192,1585.8917236328125,60100,0.0,0.0
2019-08-27 00:00:00+09:00,1590.5948505568629,1615.0510694300021,1587.7729791484237,1611.28857421875,77200,0.0,0.0
2019-08-28 00:00:00+09:00,1612.2291479378102,1615.0510192585882,1597.1791675603279,1610.347900390625,42100,0.0,0.0
2019-08-29 00:00:00+09:00,1610.3478001644737,1612.2290475945722,1566.1384855571546,1608.466552734375,43500,0.0,0.0
2019-08-30 00:00:00+09:00,1626.3385431198847,1661.1416235683728,1615.9916813649288,1659.2603759765625,48800,0.0,0.0
2019-09-02 00:00:00+09:00,1643.2697449084912,1643.2697449084912,1608.4666650220493,1619.754150390625,37800,0.0,0.0
2019-09-03 00:00:00+09:00,1618.813550701645,1650.7947597218983,1618.813550701645,1638.566650390625,56300,0.0,0.0
2019-09-04 00:00:00+09:00,1629.160341074769,1630.1009648282763,1593.4166384414889,1602.8228759765625,51400,0.0,0.0
2019-09-05 00:00:00+09:00,1610.3478751444252,1648.913449257113,1610.3478751444252,1628.2197265625,104000,0.0,0.0
2019-09-06 00:00:00+09:00,1641.388327444824,1650.7945642783186,1623.516477461184,1639.507080078125,77400,0.0,0.0
2019-09-09 00:00:00+09:00,1659.2603780270158,1687.4790919390398,1654.5572590416784,1679.9541015625,113400,0.0,0.0
2019-09-10 00:00:00+09:00,1680.894725491824,1737.3321533203125,1678.0728541003994,1737.3321533203125,75700,0.0,0.0
2019-09-11 00:00:00+09:00,1739.2133284479332,1775.897655007949,1727.9258433525436,1774.95703125,96600,0.0,0.0
2019-09-12 00:00:00+09:00,1775.8976645833332,1790.9476447916666,1739.2133378255207,1763.6695556640625,102700,0.0,0.0
2019-09-13 00:00:00+09:00,1773.0758179033023,1788.1257983205187,1754.2633423817817,1782.4820556640625,127300,0.0,0.0
2019-09-17 00:00:00+09:00,1798.4726188894792,1798.4726188894792,1761.7882924581563,1770.25390625,64000,0.0,0.0
2019-09-18 00:00:00+09:00,1773.0759101092497,1780.600900709183,1734.5103332845924,1758.966552734375,69100,0.0,0.0
2019-09-19 00:00:00+09:00,1775.8978280431938,1814.463405876759,1775.8978280431938,1796.591552734375,61600,0.0,0.0
2019-09-20 00:00:00+09:00,1802.2352014791884,1802.2352014791884,1777.7789826699718,1799.413330078125,54300,0.0,0.0
2019-09-24 00:00:00+09:00,1799.4133219875687,1800.353945783694,1755.2040035696828,1774.0164794921875,43300,0.0,0.0
2019-09-25 00:00:00+09:00,1755.2039323330682,1780.6007737976947,1749.5601897853735,1774.95703125,34100,0.0,0.0
2019-09-26 00:00:00+09:00,1805.056991504372,1815.4038528418123,1769.3132887023053,1774.95703125,71800,0.0,0.0
2019-09-27 00:00:00+09:00,1794.4724512640037,1799.2323251400355,1737.3539647516216,1765.9132080078125,69700,22.5,0.0
2019-09-30 00:00:00+09:00,1748.7776483319258,1775.4329418285472,1748.7776483319258,1761.1533203125,56900,0.0,0.0
2019-10-01 00:00:00+09:00,1774.4810763888888,1805.8962456597221,1774.4810763888888,1799.232421875,32400,0.0,0.0
2019-10-02 00:00:00+09:00,1780.1929551229405,1798.2804771268634,1768.7692570151996,1784.0008544921875,55000,0.0,0.0
2019-10-03 00:00:00+09:00,1739.2578929370602,1740.2098677005727,1704.9868014506158,1724.978271484375,46400,0.0,0.0
2019-10-04 00:00:00+09:00,1712.6026937165086,1724.0263915067244,1699.2750462945903,1715.4586181640625,32800,0.0,0.0
2019-10-07 00:00:00+09:00,1708.7947293219959,1720.2184266767947,1697.371031967197,1709.7467041015625,50500,0.0,0.0
2019-10-08 00:00:00+09:00,1736.4020779900109,1773.5290961049288,1707.8428332862277,1763.057373046875,68000,0.0,0.0
2019-10-09 00:00:00+09:00,1745.92178352917,1774.4810275345544,1729.7382119261188,1773.529052734375,64500,0.0,0.0
2019-10-10 00:00:00+09:00,1773.5290062094634,1777.336905310289,1744.0177881780662,1765.9132080078125,41700,0.0,0.0
2019-10-11 00:00:00+09:00,1784.9528427895489,1791.6166667359632,1765.913345799794,1788.7607421875,35000,0.0,0.0
2019-10-15 00:00:00+09:00,1808.752271251452,1867.7747137870256,1808.752271251452,1843.975341796875,68400,0.0,0.0
2019-10-16 00:00:00+09:00,1879.1983452306586,1901.0937666796478,1862.0627980097101,1881.102294921875,111100,0.0,0.0
2019-10-17 00:00:00+09:00,1879.1982558810873,1896.3338022872979,1858.2548102734966,1883.9581298828125,114000,0.0,0.0
2019-10-18 00:00:00+09:00,1902.0457112875329,1951.5484024721934,1891.5739881523164,1896.3338623046875,106900,0.0,0.0
2019-10-21 00:00:00+09:00,1917.2773085751207,1922.0371827274919,1895.3818874742133,1896.3338623046875,67100,0.0,0.0
2019-10-23 00:00:00+09:00,1922.9891682661116,1925.8450927734375,1890.6220238497513,1925.8450927734375,69900,0.0,0.0
2019-10-24 00:00:00+09:00,1960.116299149331,1975.3478973942993,1931.557052440016,1939.1728515625,75100,0.0,0.0
2019-10-25 00:00:00+09:00,1946.788650684984,1946.788650684984,1910.6136048531848,1939.1728515625,52300,0.0,0.0
2019-10-28 00:00:00+09:00,1939.1727866506646,1950.5964849519942,1924.893163774003,1933.4609375,35000,0.0,0.0
2019-10-29 00:00:00+09:00,1959.1642226058527,1970.587920696849,1945.8365748330239,1955.3563232421875,63200,0.0,0.0
2019-10-30 00:00:00+09:00,1958.212209921931,2002.9550265803318,1935.3648141814708,2002.0030517578125,146400,0.0,0.0
2019-10-31 00:00:00+09:00,2002.0030945995225,2040.0820883151578,1988.6754467990502,2034.3702392578125,84500,0.0,0.0
2019-11-01 00:00:00+09:00,1992.4834233318777,1995.3393479711492,1976.2998503760048,1983.9156494140625,35900,0.0,0.0
2019-11-05 00:00:00+09:00,2024.8502243905696,2035.321946284456,2002.0028311675449,2018.1864013671875,54700,0.0,0.0
2019-11-06 00:00:00+09:00,2041.9861229546636,2129.5678121443275,2005.8110774198024,2117.192138671875,176100,0.0,0.0
2019-11-07 00:00:00+09:00,2094.344522185966,2140.9912865437445,2056.265530873494,2133.37548828125,145100,0.0,0.0
2019-11-08 00:00:00+09:00,2141.943177180504,2164.790571070429,2100.0562883823072,2104.816162109375,80600,0.0,0.0
2019-11-11 00:00:00+09:00,2118.1439724465477,2151.4630911142463,2107.6722494366995,2119.095947265625,45400,0.0,0.0
2019-11-12 00:00:00+09:00,2122.9036677097333,2129.5674908819165,2098.152324498768,2124.8076171875,39800,0.0,0.0
2019-11-13 00:00:00+09:00,2117.191992274966,2136.231488608374,2107.6722441082625,2125.759765625,46300,0.0,0.0
2019-11-14 00:00:00+09:00,2118.1441578130293,2127.663906836908,2094.3447852533327,2106.720458984375,63600,0.0,0.0
2019-11-15 00:00:00+09:00,2113.3840930082847,2145.7512367750783,2107.6722441082625,2125.759765625,49000,0.0,0.0
2019-11-18 00:00:00+09:00,2120.047932905918,2126.7117566734714,2095.296587483577,2105.768310546875,32600,0.0,0.0
2019-11-19 00:00:00+09:00,2096.2484801071264,2113.3840262660406,2070.545160868756,2077.208984375,45500,0.0,0.0
2019-11-20 00:00:00+09:00,2057.2175241167693,2090.536641814172,2055.3135745340605,2063.88134765625,38900,0.0,0.0
2019-11-21 00:00:00+09:00,2049.6018715487858,2059.1216201393513,2007.7149777502966,2055.313720703125,60100,0.0,0.0
2019-11-22 00:00:00+09:00,2050.553890292205,2063.8815386042247,2040.0821666184752,2044.842041015625,43200,0.0,0.0
2019-11-25 00:00:00+09:00,2092.4406792881387,2100.056477938869,2077.2090819866785,2085.77685546875,31300,0.0,0.0
2019-11-26 00:00:00+09:00,2103.8640223435364,2124.8074650998974,2079.1126809042007,2090.536376953125,51000,0.0,0.0
2019-11-27 00:00:00+09:00,2078.161072741782,2110.528217255396,2074.3531733872387,2108.624267578125,30900,0.0,0.0
2019-11-28 00:00:00+09:00,2103.864597213864,2103.864597213864,2072.449424495286,2076.25732421875,47800,0.0,0.0
2019-11-29 00:00:00+09:00,2078.161144293525,2087.6808930076504,2053.4097976368,2064.83349609375,46700,0.0,0.0
2019-12-02 00:00:00+09:00,2052.4579209971516,2112.432340766549,2050.5539711632023,2109.576416015625,36200,0.0,0.0
2019-12-03 00:00:00+09:00,2066.737413344731,2072.4492624834083,2054.3617402109303,2061.9775390625,54800,0.0,0.0
2019-12-04 00:00:00+09:00,2028.658344398646,2078.16103511133,2024.850445113055,2069.59326171875,51000,0.0,0.0
2019-12-05 00:00:00+09:00,2069.5931061443875,2109.5760456375174,2063.881257645369,2091.488525390625,43900,0.0,0.0
2019-12-06 00:00:00+09:00,2101.9603031968877,2118.1438743718636,2087.6806815719087,2110.528076171875,31700,0.0,0.0
2019-12-09 00:00:00+09:00,2121.951684080696,2128.6155072249603,2079.112821010426,2088.632568359375,50200,0.0,0.0
2019-12-10 00:00:00+09:00,2088.6324276116375,2099.104148989818,2074.3528075504823,2090.536376953125,34200,0.0,0.0
2019-12-11 00:00:00+09:00,2082.9208553603908,2108.624174873522,2080.064930970043,2093.392578125,25700,0.0,0.0
2019-12-12 00:00:00+09:00,2101.0084527702106,2108.6242514209407,2076.257107155337,2085.77685546875,52700,0.0,0.0
2019-12-13 00:00:00+09:00,2133.375526151968,2151.463047346474,2123.8557781548598,2129.567626953125,87600,0.0,0.0
2019-12-16 00:00:00+09:00,2129.5678892720907,2129.5678892720907,2107.672466181676,2109.576416015625,30800,0.0,0.0
2019-12-17 00:00:00+09:00,2129.5676756932316,2131.47162533623,2094.3446072977695,2112.43212890625,49400,0.0,0.0
2019-12-18 00:00:00+09:00,2117.191992274966,2131.4716145250222,2111.480143374944,2125.759765625,37000,0.0,0.0
2019-12-19 00:00:00+09:00,2120.0477910235645,2126.7116143451476,2096.2484220179117,2107.672119140625,54100,0.0,0.0
2019-12-20 00:00:00+09:00,2120.0476917915603,2123.8555906542306,2099.104248046875,2099.104248046875,72700,0.0,0.0
2019-12-23 00:00:00+09:00,2096.2486338945637,2096.2486338945637,2057.217664780269,2061.9775390625,50100,0.0,0.0
2019-12-24 00:00:00+09:00,2061.9774520240317,2061.9774520240317,2031.5142579036399,2040.08203125,18600,0.0,0.0
2019-12-25 00:00:00+09:00,2024.8504391729064,2024.8504391729064,1979.1556478798648,1990.579345703125,30200,0.0,0.0
2019-12-26 00:00:00+09:00,1973.443685679438,2026.7542724609375,1968.6838118596613,2026.7542724609375,31400,0.0,0.0
2019-12-27 00:00:00+09:00,2037.2260878769666,2048.6497855659964,2022.9464657656795,2041.9859619140625,25800,0.0,0.0
2019-12-30 00:00:00+09:00,2018.1864013671875,2023.8982496729436,2002.0028311675449,2018.1864013671875,35100,0.0,0.0
2020-01-06 00:00:00+09:00,1970.5880142730523,1988.675537109375,1954.404441208974,1988.675537109375,75100,0.0,0.0
2020-01-07 00:00:00+09:00,1995.3392706992863,2046.745912215394,1995.3392706992863,2034.3702392578125,76300,0.0,0.0
2020-01-08 00:00:00+09:00,1995.3391954985118,2015.3306664457775,1976.299699358259,1999.1470947265625,76600,0.0,0.0
2020-01-09 00:00:00+09:00,2041.9859641607552,2055.313611479287,2006.7628962474928,2017.234619140625,71000,0.0,0.0
2020-01-10 00:00:00+09:00,2018.1868505047505,2032.4664744470012,2000.0993268445666,2003.9072265625,61000,0.0,0.0
2020-01-14 00:00:00+09:00,2005.8110850595754,2011.522934376309,1980.1077631342746,1988.675537109375,63600,0.0,0.0
2020-01-15 00:00:00+09:00,1984.8674748419796,1987.7233992662127,1954.4042809834937,1974.395751953125,68900,0.0,0.0
2020-01-16 00:00:00+09:00,1974.3959006164903,1990.5794735723632,1969.636026217704,1983.9156494140625,68400,0.0,0.0
2020-01-17 00:00:00+09:00,2031.5141775787042,2060.073420937355,2026.7543036855957,2054.361572265625,109300,0.0,0.0
2020-01-20 00:00:00+09:00,2056.265380859375,2069.5930268464263,2052.4574820059315,2056.265380859375,38500,0.0,0.0
2020-01-21 00:00:00+09:00,2056.2655755537976,2056.2655755537976,2009.6188101824382,2030.562255859375,55600,0.0,0.0
2020-01-22 00:00:00+09:00,2030.5623398862488,2045.793937372503,2021.04259145734,2034.3702392578125,60800,0.0,0.0
2020-01-23 00:00:00+09:00,2032.4664088554073,2033.4183837541686,1993.4354380061934,1998.1953125,42700,0.0,0.0
2020-01-24 00:00:00+09:00,2002.9551007044797,2012.4748492819726,1971.5399303987538,1976.2998046875,62800,0.0,0.0
2020-01-27 00:00:00+09:00,1948.6924249945066,1948.6924249945066,1889.6699871099636,1895.3818359375,76600,0.0,0.0
2020-01-28 00:00:00+09:00,1871.5825598310907,1899.1898305508778,1859.2068867498067,1885.8621826171875,84400,0.0,0.0
2020-01-29 00:00:00+09:00,1885.8622226141738,1901.0938205757218,1881.10234825119,1900.141845703125,68500,0.0,0.0
2020-01-30 00:00:00+09:00,1890.6219663103564,1895.3818403443704,1824.9357046409634,1845.879150390625,83700,0.0,0.0
2020-01-31 00:00:00+09:00,1847.7830468700276,1878.2462398117284,1847.7830468700276,1869.678466796875,71800,0.0,0.0
2020-02-03 00:00:00+09:00,1831.5995418093332,1882.0542069423345,1831.5995418093332,1850.6390380859375,94600,0.0,0.0
2020-02-04 00:00:00+09:00,1839.2153408689198,1893.4779052734375,1839.2153408689198,1893.4779052734375,71600,0.0,0.0
2020-02-05 00:00:00+09:00,1905.8536930807804,1916.3254166691365,1875.3904971873815,1882.0543212890625,92800,0.0,0.0
2020-02-06 00:00:00+09:00,1913.469392915774,1938.2207382967742,1911.5654432710817,1916.3253173828125,69700,0.0,0.0
2020-02-07 00:00:00+09:00,1906.805458838361,1908.7094083728973,1862.0626447767518,1878.2462158203125,124300,0.0,0.0
2020-02-10 00:00:00+09:00,1856.3509883197653,1868.7266615752303,1816.3680439559548,1834.45556640625,128700,0.0,0.0
2020-02-12 00:00:00+09:00,1835.4073638035854,1863.0146322425398,1815.4158935546875,1815.4158935546875,104900,0.0,0.0
2020-02-13 00:00:00+09:00,1820.1758158872087,1827.7916142800423,1797.3284207087083,1798.2803955078125,59700,0.0,0.0
2020-02-14 00:00:00+09:00,1794.472520544174,1794.472520544174,1772.5770998690991,1789.712646484375,94700,0.0,0.0
2020-02-17 00:00:00+09:00,1770.6730768222174,1779.240849774583,1746.8737075100908,1772.5770263671875,57000,0.0,0.0
2020-02-18 00:00:00+09:00,1769.721257672991,1769.721257672991,1731.6422634250514,1732.59423828125,85300,0.0,0.0
2020-02-19 00:00:00+09:00,1746.8737485427266,1753.5375721066498,1718.3145046973414,1719.2664794921875,101700,0.0,0.0
2020-02-20 00:00:00+09:00,1718.314556212602,1747.825775737583,1713.5546820956695,1720.218505859375,101600,0.0,0.0
2020-02-21 00:00:00+09:00,1720.2183275014647,1732.5939989223384,1698.3229088337648,1701.1788330078125,109900,0.0,0.0
2020-02-25 00:00:00+09:00,1613.5972625098525,1626.9249095158336,1598.3656659315884,1604.0775146484375,158600,0.0,0.0
2020-02-26 00:00:00+09:00,1572.6624946732954,1583.134218306108,1558.3828715376421,1570.758544921875,140400,0.0,0.0
2020-02-27 00:00:00+09:00,1546.9592476948792,1562.1908464414134,1537.4394984782955,1545.0552978515625,143100,0.0,0.0
2020-02-28 00:00:00+09:00,1490.7926849424261,1507.9282330452127,1458.4255385260517,1476.5130615234375,163600,0.0,0.0
2020-03-02 00:00:00+09:00,1450.8096432316281,1529.8235542475238,1447.0017439055607,1510.7840576171875,260900,0.0,0.0
2020-03-03 00:00:00+09:00,1548.8630841717031,1556.4788829875442,1509.832115240517,1513.6400146484375,216100,0.0,0.0
2020-03-04 00:00:00+09:00,1475.5609782005645,1494.6004746934748,1464.137280304818,1481.2728271484375,135700,0.0,0.0
2020-03-05 00:00:00+09:00,1504.1202453293727,1512.688018878717,1452.7136040333055,1454.6175537109375,138500,0.0,0.0
2020-03-06 00:00:00+09:00,1428.9142701867509,1431.7701947773971,1386.0754013270548,1389.88330078125,163500,0.0,0.0
2020-03-09 00:00:00+09:00,1343.2363565643202,1361.3238766031027,1302.3014427923388,1328.0047607421875,184500,0.0,0.0
2020-03-10 00:00:00+09:00,1308.9654226489054,1379.4115617587374,1284.2140764751807,1367.035888671875,179100,0.0,0.0
2020-03-11 00:00:00+09:00,1355.6121636132539,1388.9312828031864,1347.9963649412691,1357.51611328125,158000,0.0,0.0
2020-03-12 00:00:00+09:00,1328.9568854836857,1331.8128100226907,1279.4541934742647,1294.685791015625,198300,0.0,0.0
2020-03-13 00:00:00+09:00,1209.0080611202695,1282.3101246685062,1201.392262310063,1245.18310546875,202100,0.0,0.0
2020-03-16 00:00:00+09:00,1216.6237617748204,1253.7507779792165,1193.7763671875,1193.7763671875,169900,0.0,0.0
2020-03-17 00:00:00+09:00,1154.74555455967,1262.3187183397545,1144.273830651874,1250.89501953125,190600,0.0,0.0
2020-03-18 00:00:00+09:00,1246.134944859014,1275.6461620405491,1212.8158286863131,1215.6717529296875,187500,0.0,0.0
2020-03-19 00:00:00+09:00,1215.6717978098482,1248.0389404296875,1192.8244030193734,1248.0389404296875,217300,0.0,0.0
2020-03-23 00:00:00+09:00,1247.087038087359,1319.4371257931905,1223.2876671314932,1308.013427734375,237400,0.0,0.0
2020-03-24 00:00:00+09:00,1365.1319010416667,1372.7476996527778,1326.1009331597222,1370.84375,124800,0.0,0.0
2020-03-25 00:00:00+09:00,1419.3944553530478,1427.01025390625,1362.2759662040319,1427.01025390625,145200,0.0,0.0
2020-03-26 00:00:00+09:00,1426.058281899755,1455.5695013516192,1381.315465311445,1445.0977783203125,214500,0.0,0.0
2020-03-27 00:00:00+09:00,1517.4478865685096,1546.9591064453125,1442.2418746243989,1546.9591064453125,379700,0.0,0.0
2020-03-30 00:00:00+09:00,1466.3531662540731,1492.4173765824867,1420.9821334601684,1490.4866943359375,200900,22.5,0.0
2020-03-31 00:00:00+09:00,1539.719073940375,1549.3724850622582,1446.0809860581076,1466.3531494140625,114000,0.0,0.0
2020-04-01 00:00:00+09:00,1504.9668113550647,1522.34295157597,1384.299170932112,1399.74462890625,132200,0.0,0.0
2020-04-02 00:00:00+09:00,1384.2991942466397,1399.7446524809118,1317.690655611341,1319.621337890625,130600,0.0,0.0
2020-04-03 00:00:00+09:00,1493.3827327259798,1522.3429667154949,1295.4878004642956,1320.586669921875,85300,0.0,0.0
2020-04-06 00:00:00+09:00,1335.066752441067,1410.3633588694136,1296.453108118838,1389.1258544921875,91100,0.0,0.0
2020-04-07 00:00:00+09:00,1404.5713281151754,1447.0463373502735,1391.0565524494625,1439.3236083984375,42000,0.0,0.0
2020-04-08 00:00:00+09:00,1443.1850200368099,1485.6600306599669,1430.635585079968,1473.110595703125,63600,0.0,0.0
2020-04-09 00:00:00+09:00,1495.313358712288,1513.6548395486554,1472.1451723926657,1507.86279296875,44600,0.0,0.0
2020-04-10 00:00:00+09:00,1507.8628408184782,1545.5111447825757,1467.3185134725265,1541.6497802734375,40000,0.0,0.0
2020-04-13 00:00:00+09:00,1521.377527240623,1530.0655968758804,1481.7985433466727,1499.1746826171875,34400,0.0,0.0
2020-04-14 00:00:00+09:00,1500.140068359375,1531.9963246372768,1476.9718819754464,1520.4122314453125,37900,0.0,0.0
2020-04-15 00:00:00+09:00,1512.689623705339,1518.4816707648363,1475.0413178186075,1481.7987060546875,76100,0.0,0.0
2020-04-16 00:00:00+09:00,1520.412314903098,1551.3032317773195,1490.4867391811956,1550.337890625,66000,0.0,0.0
2020-04-17 00:00:00+09:00,1532.9616789983065,1578.3327110593395,1508.8281513062677,1531.996337890625,58500,0.0,0.0
2020-04-20 00:00:00+09:00,1531.0310369123492,1540.6844482421875,1507.8628497207374,1540.6844482421875,53000,0.0,0.0
2020-04-21 00:00:00+09:00,1502.070795494128,1527.1696648275777,1493.382725340242,1515.5855712890625,36200,0.0,0.0
2020-04-22 00:00:00+09:00,1490.4866996017156,1504.0014753753064,1472.1452181946997,1476.971923828125,45600,0.0,0.0
2020-04-23 00:00:00+09:00,1476.9719421960717,1539.7191162109375,1476.9719421960717,1539.7191162109375,38900,0.0,0.0
2020-04-24 00:00:00+09:00,1524.273641442949,1524.273641442949,1492.4173842120322,1515.5855712890625,43700,0.0,0.0
2020-04-27 00:00:00+09:00,1511.7242340496869,1524.2736689428195,1491.4520699915493,1512.6895751953125,42000,0.0,0.0
2020-04-28 00:00:00+09:00,1501.1054724089954,1524.273659764504,1477.9372850534867,1513.6549072265625,35300,0.0,0.0
2020-04-30 00:00:00+09:00,1560.9566433005139,1569.6447136713887,1539.7191379494864,1550.337890625,48800,0.0,0.0
2020-05-01 00:00:00+09:00,1527.1696477106088,1527.1696477106088,1474.0758862541718,1491.4520263671875,47800,0.0,0.0
2020-05-07 00:00:00+09:00,1491.452017286925,1500.140087290538,1475.041218391211,1492.4173583984375,37900,0.0,0.0
2020-05-08 00:00:00+09:00,1518.4815713851178,1531.031005859375,1502.070772457243,1531.031005859375,31000,0.0,0.0
2020-05-11 00:00:00+09:00,1553.2339119849873,1576.402099609375,1539.7191358707612,1576.402099609375,35700,0.0,0.0
2020-05-12 00:00:00+09:00,1587.9861955654578,1587.9861955654578,1542.6151614064447,1550.337890625,24200,0.0,0.0
2020-05-13 00:00:00+09:00,1519.44699165173,1548.4072265625,1513.654944669576,1548.4072265625,31500,0.0,0.0
2020-05-14 00:00:00+09:00,1531.9963586210504,1540.684428707748,1477.937255859375,1477.937255859375,28800,0.0,0.0
2020-05-15 00:00:00+09:00,1495.3134979248046,1506.8975921630858,1464.4225799560547,1505.9322509765625,34000,0.0,0.0
2020-05-18 00:00:00+09:00,1517.5162520913236,1544.5458036552911,1497.244088418348,1541.6497802734375,24500,0.0,0.0
2020-05-19 00:00:00+09:00,1576.402081392154,1578.332763671875,1554.1992351753631,1578.332763671875,27100,0.0,0.0
2020-05-20 00:00:00+09:00,1575.4367182689346,1575.4367182689346,1546.4764844772262,1567.7139892578125,35500,0.0,0.0
2020-05-21 00:00:00+09:00,1567.7139630126953,1567.7139630126953,1542.6150941467286,1544.5457763671875,19300,0.0,0.0
2020-05-22 00:00:00+09:00,1544.5456899298915,1550.3377362671288,1500.1400013444072,1514.6201171875,23400,0.0,0.0
2020-05-25 00:00:00+09:00,1536.8231124177128,1576.402099609375,1530.0657243605997,1576.402099609375,13700,0.0,0.0
2020-05-26 00:00:00+09:00,1592.812820053554,1631.4264641760647,1554.1991759310438,1623.7037353515625,30500,0.0,0.0
2020-05-27 00:00:00+09:00,1641.0797402366406,1671.9706529940363,1631.4263299999545,1664.2479248046875,58800,0.0,0.0
2020-05-28 00:00:00+09:00,1689.3469679167256,1716.376519403393,1646.8719584376763,1710.58447265625,58000,0.0,0.0
2020-05-29 00:00:00+09:00,1703.8269993749773,1703.8269993749773,1644.9411937308562,1654.5946044921875,42100,0.0,0.0
2020-06-01 00:00:00+09:00,1649.7678583497525,1654.594563611162,1627.565014147269,1645.906494140625,19800,0.0,0.0
2020-06-02 00:00:00+09:00,1649.7678721033005,1680.6587860338482,1643.975825741323,1657.4906005859375,43800,0.0,0.0
2020-06-03 00:00:00+09:00,1695.1389937351319,1716.3764982124515,1649.7679614426768,1673.9014892578125,67600,0.0,0.0
2020-06-04 00:00:00+09:00,1700.9309395426665,1700.9309395426665,1643.0104762211229,1684.5201416015625,52000,0.0,0.0
2020-06-05 00:00:00+09:00,1684.5202050247456,1686.450887208155,1666.178724282356,1677.7628173828125,37200,0.0,0.0
2020-06-08 00:00:00+09:00,1702.8617019275418,1756.9208035760353,1700.93101972581,1754.0247802734375,59600,0.0,0.0
2020-06-09 00:00:00+09:00,1756.920772252458,1756.920772252458,1688.3815553129389,1718.30712890625,40700,0.0,0.0
2020-06-10 00:00:00+09:00,1718.3071525191604,1718.3071525191604,1671.0054387700372,1676.7974853515625,40700,0.0,0.0
2020-06-11 00:00:00+09:00,1671.005328963288,1687.4161265325406,1636.2530517578125,1636.2530517578125,70300,0.0,0.0
2020-06-12 00:00:00+09:00,1602.4661728942278,1632.3917460024936,1590.882080078125,1590.882080078125,57600,0.0,0.0
2020-06-15 00:00:00+09:00,1591.847476356908,1606.327592879257,1559.02587890625,1559.02587890625,37600,0.0,0.0
2020-06-16 00:00:00+09:00,1559.0260044161937,1638.1839811110096,1559.0260044161937,1610.1890869140625,73800,0.0,0.0
2020-06-17 00:00:00+09:00,1602.466209393058,1621.7730311929745,1581.22870541315,1587.020751953125,47200,0.0,0.0
2020-06-18 00:00:00+09:00,1587.9862487455343,1589.9169311148298,1548.407260174977,1570.610107421875,43500,0.0,0.0
2020-06-19 00:00:00+09:00,1572.5407033885965,1575.436726783419,1487.5906838071376,1502.07080078125,148200,0.0,0.0
2020-06-22 00:00:00+09:00,1509.7934739518873,1566.7485986086401,1494.3480164178527,1559.9912109375,53400,0.0,0.0
2020-06-23 00:00:00+09:00,1578.3327402337836,1600.5355861208643,1568.679328978531,1593.7781982421875,24700,0.0,0.0
2020-06-24 00:00:00+09:00,1599.570305764054,1601.5009880884522,1574.471435546875,1574.471435546875,33200,0.0,0.0
2020-06-25 00:00:00+09:00,1574.4713640615307,1582.194093008491,1556.1298828125,1556.1298828125,36200,0.0,0.0
2020-06-26 00:00:00+09:00,1566.7486519321262,1582.194109991839,1562.887287417198,1580.263427734375,30700,0.0,0.0
2020-06-29 00:00:00+09:00,1578.3327416481054,1597.6395641759111,1561.9219424994708,1567.7139892578125,46900,0.0,0.0
2020-06-30 00:00:00+09:00,1568.6793540840717,1592.8128826084421,1552.2685546875,1552.2685546875,31400,0.0,0.0
2020-07-01 00:00:00+09:00,1559.991184439113,1559.991184439113,1458.63037109375,1458.63037109375,76300,0.0,0.0
2020-07-02 00:00:00+09:00,1475.0412634095148,1499.1747919338852,1465.3878519997668,1487.5906982421875,54500,0.0,0.0
2020-07-03 00:00:00+09:00,1487.5907406421843,1494.3481288216103,1453.803799745055,1470.214599609375,32700,0.0,0.0
2020-07-06 00:00:00+09:00,1448.9770945953544,1525.2390469424784,1448.9770945953544,1508.8282470703125,45900,0.0,0.0
2020-07-07 00:00:00+09:00,1505.932213939071,1628.5305416123158,1496.2788023112564,1613.0850830078125,88700,0.0,0.0
2020-07-08 00:00:00+09:00,1591.8476001851334,1591.8476001851334,1477.937341348356,1481.7987060546875,65500,0.0,0.0
2020-07-09 00:00:00+09:00,1509.793415808553,1517.5161442781618,1467.3184092257036,1475.0411376953125,96200,0.0,0.0
2020-07-10 00:00:00+09:00,1459.5956572462248,1471.179749764052,1430.6354259516568,1438.358154296875,51600,0.0,0.0
2020-07-13 00:00:00+09:00,1483.7293511149596,1550.337890625,1454.7691165453768,1550.337890625,56000,0.0,0.0
2020-07-14 00:00:00+09:00,1546.4765467090401,1546.4765467090401,1498.2094884472099,1522.343017578125,44000,0.0,0.0
2020-07-15 00:00:00+09:00,1572.5407275128107,1665.2134775688144,1545.511175413143,1615.9810791015625,120000,0.0,0.0
2020-07-16 00:00:00+09:00,1643.01059957651,1664.2481043888972,1600.5355899517353,1606.32763671875,46300,0.0,0.0
2020-07-17 00:00:00+09:00,1644.9411938027934,1644.9411938027934,1584.1247060037465,1628.5303955078125,90800,0.0,0.0
2020-07-20 00:00:00+09:00,1637.218506590773,1637.218506590773,1564.8179240469592,1611.154296875,63800,0.0,0.0
2020-07-21 00:00:00+09:00,1618.8770751953125,1630.4611687566385,1575.4367243403399,1618.8770751953125,43100,0.0,0.0
2020-07-22 00:00:00+09:00,1618.8771384022718,1636.2532794226897,1573.506103515625,1573.506103515625,27900,0.0,0.0
2020-07-27 00:00:00+09:00,1551.3032261977962,1568.6793668770497,1527.1696974766107,1563.8526611328125,71900,0.0,0.0
2020-07-28 00:00:00+09:00,1563.8526354337994,1563.8526354337994,1522.3429667154949,1540.6844482421875,38500,0.0,0.0
2020-07-29 00:00:00+09:00,1541.6497313515324,1541.6497313515324,1501.1054052921934,1507.86279296875,20700,0.0,0.0
2020-07-30 00:00:00+09:00,1515.5856226829465,1516.5509638438912,1476.0066350842199,1497.244140625,27100,0.0,0.0
2020-07-31 00:00:00+09:00,1472.145175015582,1472.145175015582,1400.7099337361374,1403.60595703125,38300,0.0,0.0
2020-08-03 00:00:00+09:00,1405.5366906624502,1454.7690884809838,1405.5366906624502,1449.9423828125,19400,0.0,0.0
2020-08-04 00:00:00+09:00,1476.9719728784846,1484.6947021484375,1438.3583265287205,1484.6947021484375,36300,0.0,0.0
2020-08-05 00:00:00+09:00,1473.110592153162,1486.6253682279619,1429.6702404841633,1460.5611572265625,45800,0.0,0.0
2020-08-06 00:00:00+09:00,1464.4225108587918,1496.2787685109608,1454.7690994490438,1487.5906982421875,36600,0.0,0.0
2020-08-07 00:00:00+09:00,1492.4172767519326,1513.6547800433573,1468.2837502844047,1475.0411376953125,27000,0.0,0.0
2020-08-11 00:00:00+09:00,1475.0412337932182,1554.1992057637965,1475.0412337932182,1542.6151123046875,43300,0.0,0.0
2020-08-12 00:00:00+09:00,1552.2685653603144,1590.8822112647997,1552.2685653603144,1589.9168701171875,37300,0.0,0.0
2020-08-13 00:00:00+09:00,1626.59971780216,1649.767903693704,1622.7383534869027,1641.079833984375,44000,0.0,0.0
2020-08-14 00:00:00+09:00,1650.7332262946563,1650.7332262946563,1584.1246926020651,1590.882080078125,30200,0.0,0.0
2020-08-17 00:00:00+09:00,1584.1248160285172,1593.7782274607446,1553.2338994453896,1564.8179931640625,19500,0.0,0.0
2020-08-18 00:00:00+09:00,1557.0951876498686,1570.609962992149,1551.3031410746055,1559.9912109375,34400,0.0,0.0
2020-08-19 00:00:00+09:00,1556.1299834576046,1556.1299834576046,1531.0311127566756,1545.51123046875,15800,0.0,0.0
2020-08-20 00:00:00+09:00,1532.9617024014362,1555.1645482170743,1515.5855621978935,1516.5509033203125,34200,0.0,0.0
2020-08-21 00:00:00+09:00,1521.3777130185156,1539.7191955993226,1504.001571626172,1518.481689453125,25800,0.0,0.0
2020-08-24 00:00:00+09:00,1522.3429902281944,1532.9617428550239,1508.828214157684,1525.239013671875,14700,0.0,0.0
2020-08-25 00:00:00+09:00,1544.5458308248042,1619.8424400775134,1544.5458308248042,1603.431640625,72700,0.0,0.0
2020-08-26 00:00:00+09:00,1620.8078366927869,1620.8078366927869,1596.6743072601964,1597.6396484375,26200,0.0,0.0
2020-08-27 00:00:00+09:00,1580.2634677075819,1589.916879239088,1530.065727743749,1588.9515380859375,43300,0.0,0.0
2020-08-28 00:00:00+09:00,1588.9515162103403,1629.49584408448,1553.2338940355025,1578.332763671875,54800,0.0,0.0
2020-08-31 00:00:00+09:00,1578.3327727860599,1615.981077458021,1561.9219733136665,1577.367431640625,46700,0.0,0.0
2020-09-01 00:00:00+09:00,1580.2634642134396,1597.6396049317302,1539.7191358707612,1576.402099609375,60400,0.0,0.0
2020-09-02 00:00:00+09:00,1582.194141397597,1589.9168705807458,1516.5509433408326,1525.239013671875,56400,0.0,0.0
2020-09-03 00:00:00+09:00,1555.1646387854287,1555.1646387854287,1487.5907562807856,1494.34814453125,61100,0.0,0.0
2020-09-04 00:00:00+09:00,1467.3185679247922,1520.412331895755,1462.4918621092502,1509.7935791015625,46300,0.0,0.0
2020-09-07 00:00:00+09:00,1509.7935192994396,1538.7537530455927,1509.7935192994396,1529.100341796875,23300,0.0,0.0
2020-09-08 00:00:00+09:00,1537.7883255963898,1557.0951470100295,1531.030938101616,1551.3031005859375,54100,0.0,0.0
2020-09-09 00:00:00+09:00,1544.5458012202953,1544.5458012202953,1489.5213570518224,1503.0361328125,60100,0.0,0.0
2020-09-10 00:00:00+09:00,1515.5855430603028,1547.441799697876,1515.5855430603028,1544.5457763671875,49700,0.0,0.0
2020-09-11 00:00:00+09:00,1546.4764313676992,1555.1645012068436,1525.2389273164574,1547.4417724609375,74900,0.0,0.0
2020-09-14 00:00:00+09:00,1562.887287417198,1589.9168390216955,1544.545805971289,1580.263427734375,56800,0.0,0.0
2020-09-15 00:00:00+09:00,1580.2634067404188,1580.2634067404188,1534.8923742927707,1543.5804443359375,29500,0.0,0.0
2020-09-16 00:00:00+09:00,1547.4418489826257,1559.9912838152984,1534.8924141499533,1552.2685546875,45600,0.0,0.0
2020-09-17 00:00:00+09:00,1552.2684600017822,1553.233801083873,1518.4815221286092,1523.3082275390625,31000,0.0,0.0
2020-09-18 00:00:00+09:00,1534.8923754510079,1538.7537399175512,1510.7588475351115,1517.5162353515625,50000,0.0,0.0
2020-09-23 00:00:00+09:00,1498.209373474121,1500.140055656433,1480.833233833313,1482.763916015625,49200,0.0,0.0
2020-09-24 00:00:00+09:00,1482.763925729443,1485.6599490218832,1450.9076695125996,1455.734375,58700,0.0,0.0
2020-09-25 00:00:00+09:00,1484.6946213571648,1487.590644675807,1463.4571170204563,1467.3184814453125,41800,0.0,0.0
2020-09-28 00:00:00+09:00,1477.9372177879409,1563.8525753210088,1476.0065355961867,1559.9912109375,84500,0.0,0.0
2020-09-29 00:00:00+09:00,1571.6474741667948,1591.0745134024783,1535.7074515807803,1577.4755859375,39200,10.0,0.0
2020-09-30 00:00:00+09:00,1572.6188485952523,1584.2750723031852,1515.30908203125,1515.30908203125,60800,0.0,0.0
2020-10-02 00:00:00+09:00,1531.8219605279737,1561.9338697076612,1505.595458984375,1505.595458984375,60900,0.0,0.0
2020-10-05 00:00:00+09:00,1541.5354861512862,1579.4182107636998,1541.5354861512862,1560.9625244140625,41200,0.0,0.0
2020-10-06 00:00:00+09:00,1569.7047812303706,1573.590189104703,1539.592870204293,1546.392333984375,27500,0.0,0.0
2020-10-07 00:00:00+09:00,1531.822022937593,1561.9339333441023,1517.251743708637,1550.2777099609375,21800,0.0,0.0
2020-10-08 00:00:00+09:00,1550.2776966022993,1564.8479757057046,1535.7074174988943,1544.4495849609375,30800,0.0,0.0
2020-10-09 00:00:00+09:00,1551.249016698361,1559.9911839809442,1530.8506263723336,1548.3349609375,23200,0.0,0.0
2020-10-12 00:00:00+09:00,1530.850727646885,1551.2491193223827,1527.9366716932423,1539.5928955078125,17100,0.0,0.0
2020-10-13 00:00:00+09:00,1543.4782330207104,1551.2490485425265,1517.2517306345812,1544.4495849609375,14800,0.0,0.0
2020-10-14 00:00:00+09:00,1526.9652450770548,1537.650116384846,1485.1971117829623,1489.08251953125,45900,0.0,0.0
2020-10-15 00:00:00+09:00,1491.0252234053937,1506.5668543985446,1487.139815657106,1489.08251953125,29600,0.0,0.0
2020-10-16 00:00:00+09:00,1487.1398785554397,1491.0252864680601,1462.8560791015625,1462.8560791015625,31700,0.0,0.0
2020-10-19 00:00:00+09:00,1480.3403226170872,1518.2230474084693,1480.3403226170872,1511.423583984375,29300,0.0,0.0
2020-10-20 00:00:00+09:00,1510.452260429352,1511.4236123653195,1465.7700713748502,1470.6268310546875,24400,0.0,0.0
2020-10-21 00:00:00+09:00,1473.5408638297736,1511.423588740361,1473.5408638297736,1495.8819580078125,24100,0.0,0.0
2020-10-22 00:00:00+09:00,1489.0825145664794,1516.2803687138123,1485.1971068311461,1504.6241455078125,34400,0.0,0.0
2020-10-23 00:00:00+09:00,1506.5668915650554,1588.160456291983,1495.882019993672,1559.0198974609375,60500,0.0,0.0
2020-10-26 00:00:00+09:00,1537.650089814343,1586.2176858286934,1525.9938667708986,1548.3349609375,68100,0.0,0.0
2020-10-27 00:00:00+09:00,1540.5641904749666,1559.9912294469084,1517.251743708637,1550.2777099609375,55600,0.0,0.0
2020-10-28 00:00:00+09:00,1521.1370963583588,1543.4781903661762,1458.9705739018232,1508.509521484375,134300,0.0,0.0
2020-10-29 00:00:00+09:00,1452.1711105081395,1516.2803367914419,1452.1711105081395,1508.509521484375,69700,0.0,0.0
2020-10-30 00:00:00+09:00,1503.6527782049704,1503.6527782049704,1464.7987012487697,1480.34033203125,49000,0.0,0.0
2020-11-02 00:00:00+09:00,1490.0538417943646,1538.621437680752,1490.0538417943646,1511.423583984375,52400,0.0,0.0
2020-11-04 00:00:00+09:00,1508.5095514833538,1514.3376630795547,1484.2257531658497,1486.16845703125,62300,0.0,0.0
2020-11-05 00:00:00+09:00,1500.7387155988042,1502.681419437767,1461.8846388195473,1477.42626953125,125300,0.0,0.0
2020-11-06 00:00:00+09:00,1485.1971200041448,1518.2230860474026,1473.5408966947598,1510.4522705078125,64800,0.0,0.0
2020-11-09 00:00:00+09:00,1525.0224949035046,1554.16305213096,1483.2543628774852,1487.1397705078125,83100,0.0,0.0
2020-11-10 00:00:00+09:00,1519.1944605985682,1562.9052986592687,1511.4236449433326,1556.1058349609375,111700,0.0,0.0
2020-11-11 00:00:00+09:00,1573.5901263439043,1601.75933230932,1558.0484954664337,1572.6187744140625,92600,0.0,0.0
2020-11-12 00:00:00+09:00,1578.4469060874394,1587.1890735673085,1555.1344594744558,1581.3609619140625,53200,0.0,0.0
2020-11-13 00:00:00+09:00,1583.3036205484125,1593.0171396928813,1562.905230345028,1579.418212890625,54100,0.0,0.0
2020-11-16 00:00:00+09:00,1602.730636328354,1676.5533807895388,1600.7879325267438,1657.1263427734375,109200,0.0,0.0
2020-11-17 00:00:00+09:00,1644.498822706127,1644.498822706127,1593.9885221859151,1627.98583984375,65900,0.0,0.0
2020-11-18 00:00:00+09:00,1601.7593273664468,1602.7306792932914,1562.9052502926702,1588.160400390625,49000,0.0,0.0
2020-11-19 00:00:00+09:00,1578.4468704663973,1583.3036300678325,1539.592793654917,1548.3349609375,53400,0.0,0.0
2020-11-20 00:00:00+09:00,1545.4209415734574,1604.6734101064435,1543.47823768713,1599.816650390625,44000,0.0,0.0
2020-11-24 00:00:00+09:00,1626.0431090134841,1645.4701473529524,1609.5301264249363,1616.32958984375,67500,0.0,0.0
2020-11-25 00:00:00+09:00,1644.498751992629,1675.5820125146397,1632.842529296875,1632.842529296875,65800,0.0,0.0
2020-11-26 00:00:00+09:00,1596.9025589812268,1607.5874301179624,1559.9911859634126,1566.7906494140625,94800,0.0,0.0
2020-11-27 00:00:00+09:00,1574.5615300521474,1590.1031614406943,1564.8480104343057,1577.4755859375,71600,0.0,0.0
2020-11-30 00:00:00+09:00,1549.306361841743,1573.590160616692,1516.2803955078125,1516.2803955078125,78800,0.0,0.0
2020-12-01 00:00:00+09:00,1512.3950097382958,1565.8193678215368,1505.5955459822471,1561.9339599609375,66900,0.0,0.0
2020-12-02 00:00:00+09:00,1561.933973120934,1583.30371653428,1555.1345093075965,1567.7620849609375,80900,0.0,0.0
2020-12-03 00:00:00+09:00,1573.5901444987367,1639.6420764900417,1569.7047367345422,1633.81396484375,65700,0.0,0.0
2020-12-04 00:00:00+09:00,1633.8138947998482,1648.3841732909289,1620.2149682081729,1638.670654296875,60300,0.0,0.0
2020-12-07 00:00:00+09:00,1649.3556729109441,1650.3270248973463,1613.4156494140625,1613.4156494140625,35100,0.0,0.0
2020-12-08 00:00:00+09:00,1608.5588763925605,1620.2151001345355,1595.9313006720874,1607.5875244140625,51300,0.0,0.0
2020-12-09 00:00:00+09:00,1620.2149437698308,1645.4700927734375,1613.4154805765522,1645.4700927734375,35600,0.0,0.0
2020-12-10 00:00:00+09:00,1645.4700818321617,1673.639286302724,1635.756563049209,1658.09765625,53900,0.0,0.0
2020-12-11 00:00:00+09:00,1659.0689983424518,1665.8684614504127,1606.6159972238966,1636.7279052734375,42200,0.0,0.0
2020-12-14 00:00:00+09:00,1636.7279640373506,1650.3268907415184,1629.9285006852665,1644.498779296875,56700,0.0,0.0
2020-12-15 00:00:00+09:00,1639.6419746313202,1650.3268453190835,1631.8711595856741,1642.5560302734375,39500,0.0,0.0
2020-12-16 00:00:00+09:00,1651.2981724823321,1653.2408762146642,1625.071672095848,1649.35546875,48500,0.0,0.0
2020-12-17 00:00:00+09:00,1649.3556323524517,1649.3556323524517,1589.1318106764493,1595.9312744140625,36300,0.0,0.0
2020-12-18 00:00:00+09:00,1599.8167085860791,1618.2723961775398,1589.131836822602,1607.5875244140625,60400,0.0,0.0
2020-12-21 00:00:00+09:00,1604.6734234393905,1623.129110512846,1600.7880156344524,1605.644775390625,34200,0.0,0.0
2020-12-22 00:00:00+09:00,1596.9026517611553,1601.7594116509397,1580.3896681358879,1589.1318359375,29400,0.0,0.0
2020-12-23 00:00:00+09:00,1601.7593563484531,1601.7593563484531,1544.4495916276778,1547.3636474609375,29100,0.0,0.0
2020-12-24 00:00:00+09:00,1552.220382080078,1570.6760687255858,1542.5068627929686,1554.1630859375,40700,0.0,0.0
2020-12-25 00:00:00+09:00,1557.077232751006,1579.4183284174273,1557.077232751006,1576.5042724609375,21200,0.0,0.0
2020-12-28 00:00:00+09:00,1574.5615221421222,1583.3036897542622,1542.5069075642753,1556.1058349609375,44300,0.0,0.0
2020-12-29 00:00:00+09:00,1556.10579160675,1576.5041821334303,1538.6214568695955,1572.6187744140625,63800,0.0,0.0
2020-12-30 00:00:00+09:00,1572.6187775737108,1572.6187775737108,1528.9079406430023,1538.6214599609375,47800,0.0,0.0
2021-01-04 00:00:00+09:00,1542.5069171602997,1542.5069171602997,1496.8533749017772,1506.56689453125,37900,0.0,0.0
2021-01-05 00:00:00+09:00,1495.8819331518666,1522.1084345772565,1495.8819331518666,1502.681396484375,43800,0.0,0.0
2021-01-06 00:00:00+09:00,1507.5382596740526,1517.2517793884474,1493.9393320739002,1512.39501953125,68600,0.0,0.0
2021-01-07 00:00:00+09:00,1517.251755406566,1566.7907051669595,1514.3376995383076,1537.650146484375,74000,0.0,0.0
2021-01-08 00:00:00+09:00,1539.5928451223176,1556.105828319213,1510.4522865395609,1553.1917724609375,74000,0.0,0.0
2021-01-12 00:00:00+09:00,1540.564168813277,1540.564168813277,1486.1684604566924,1523.079833984375,137400,0.0,0.0
2021-01-13 00:00:00+09:00,1532.793328218006,1543.478199327257,1520.1657532707093,1529.8792724609375,52800,0.0,0.0
2021-01-14 00:00:00+09:00,1525.9938601164754,1559.0198252622172,1514.3376371238608,1545.4208984375,57800,0.0,0.0
2021-01-15 00:00:00+09:00,1544.4496345887524,1546.3923385316314,1510.452315588371,1512.39501953125,42000,0.0,0.0
2021-01-18 00:00:00+09:00,1506.56689453125,1521.1371739754595,1487.1398552723042,1506.56689453125,59500,0.0,0.0
2021-01-19 00:00:00+09:00,1520.1658018832077,1520.1658018832077,1491.9965953307394,1497.82470703125,45900,0.0,0.0
2021-01-20 00:00:00+09:00,1497.8246819709793,1509.4809051769791,1487.1398106988127,1504.6241455078125,52500,0.0,0.0
2021-01-21 00:00:00+09:00,1510.4523212054114,1531.8220646565492,1494.9106896045841,1496.8533935546875,56800,0.0,0.0
2021-01-22 00:00:00+09:00,1486.1684637200342,1494.9106311536816,1469.6554807898117,1489.08251953125,55100,0.0,0.0
2021-01-25 00:00:00+09:00,1481.3117172905497,1498.7960523143072,1478.397661453257,1494.91064453125,37500,0.0,0.0
2021-01-26 00:00:00+09:00,1487.1398223241172,1498.7960456212363,1475.483599026998,1491.99658203125,41300,0.0,0.0
2021-01-27 00:00:00+09:00,1495.8820229388298,1513.3663582718812,1486.168503309357,1506.56689453125,38200,0.0,0.0
2021-01-28 00:00:00+09:00,1491.0252331899717,1534.7360706450522,1488.111177359633,1528.907958984375,61000,0.0,0.0
2021-01-29 00:00:00+09:00,1521.1371919529197,1523.079895901774,1477.426353103698,1478.397705078125,55600,0.0,0.0
2021-02-01 00:00:00+09:00,1478.397679849728,1508.5095905431194,1478.397679849728,1485.1971435546875,38700,0.0,0.0
2021-02-02 00:00:00+09:00,1485.19711660709,1546.3922888413915,1482.2830607864091,1544.4495849609375,100500,0.0,0.0
2021-02-03 00:00:00+09:00,1554.1631075322482,1592.0458332783467,1547.3636439367945,1581.3609619140625,75600,0.0,0.0
2021-02-04 00:00:00+09:00,1577.475574006376,1599.8166689584366,1556.1058310087526,1590.1031494140625,68200,0.0,0.0
2021-02-05 00:00:00+09:00,1596.9025811957267,1607.5874524810997,1575.532838624981,1593.988525390625,100100,0.0,0.0
2021-02-08 00:00:00+09:00,1602.7307062201162,1633.8139684013547,1575.5328518115323,1599.816650390625,157100,0.0,0.0
2021-02-09 00:00:00+09:00,1631.8711351590105,1659.0689874116608,1609.5300422371909,1649.35546875,127000,0.0,0.0
2021-02-10 00:00:00+09:00,1649.3555212742779,1729.0063768364046,1640.613354200386,1706.665283203125,130000,0.0,0.0
2021-02-12 00:00:00+09:00,1703.751176339773,1711.52199128317,1659.068990415241,1667.8111572265625,41900,0.0,0.0
2021-02-15 00:00:00+09:00,1685.29558013665,1691.1236916529726,1635.7566322479067,1653.240966796875,75100,0.0,0.0
2021-02-16 00:00:00+09:00,1653.2408871070568,1665.8684614504127,1627.9857384203451,1636.7279052734375,63900,0.0,0.0
2021-02-17 00:00:00+09:00,1651.2982152318189,1651.2982152318189,1627.014417948998,1632.842529296875,33100,0.0,0.0
2021-02-18 00:00:00+09:00,1651.29831175807,1654.2123676023489,1614.3869377305366,1621.1864013671875,44700,0.0,0.0
2021-02-19 00:00:00+09:00,1604.6734792657028,1604.6734792657028,1550.2777681041537,1558.048583984375,69300,0.0,0.0
2021-02-22 00:00:00+09:00,1578.4468704663973,1578.4468704663973,1544.449553256352,1548.3349609375,49300,0.0,0.0
2021-02-24 00:00:00+09:00,1554.163068364396,1554.163068364396,1511.423583984375,1511.423583984375,86400,0.0,0.0
2021-02-25 00:00:00+09:00,1537.650067364728,1544.4495307074653,1515.3089735243057,1521.1370849609375,70800,0.0,0.0
2021-02-26 00:00:00+09:00,1511.4236464166734,1511.4236464166734,1485.1971435546875,1485.1971435546875,89100,0.0,0.0
2021-03-01 00:00:00+09:00,1510.4522473445652,1535.7073974609375,1499.7673761414849,1535.7073974609375,54900,0.0,0.0
2021-03-02 00:00:00+09:00,1542.5068929088063,1543.478244856482,1516.2803903215658,1531.822021484375,58500,0.0,0.0
2021-03-03 00:00:00+09:00,1534.7360787833843,1551.2490619095345,1519.1944476058309,1550.2777099609375,51700,0.0,0.0
2021-03-04 00:00:00+09:00,1543.4782032975481,1566.7906494140625,1523.0798129455982,1566.7906494140625,67000,0.0,0.0
2021-03-05 00:00:00+09:00,1549.3064048412668,1590.1031879154568,1540.5642370396547,1589.1318359375,63700,0.0,0.0
2021-03-08 00:00:00+09:00,1592.0458909638073,1593.0172429412105,1557.0772197772928,1570.6761474609375,56500,0.0,0.0
2021-03-09 00:00:00+09:00,1593.017173455591,1599.8166370008285,1572.6187828198792,1593.988525390625,76400,0.0,0.0
2021-03-10 00:00:00+09:00,1579.418237922956,1587.1890533616913,1554.1630877470661,1572.6187744140625,40500,0.0,0.0
2021-03-11 00:00:00+09:00,1578.4469764319308,1578.4469764319308,1559.9912887074959,1576.5042724609375,64000,0.0,0.0
2021-03-12 00:00:00+09:00,1569.7047452195739,1585.2463763603616,1559.0198738102822,1584.2750244140625,81300,0.0,0.0
2021-03-15 00:00:00+09:00,1584.2750338321669,1624.1004638671875,1575.5328662635036,1624.1004638671875,86700,0.0,0.0
2021-03-16 00:00:00+09:00,1625.071716667624,1651.2982177734375,1613.4154939539294,1651.2982177734375,52400,0.0,0.0
2021-03-17 00:00:00+09:00,1640.6133561084496,1678.496080139373,1633.813892820848,1672.66796875,67800,0.0,0.0
2021-03-18 00:00:00+09:00,1679.4674208759232,1690.1522916854287,1661.0117349322315,1685.2955322265625,78600,0.0,0.0
2021-03-19 00:00:00+09:00,1678.4960565058889,1731.92041015625,1667.8111857758167,1731.92041015625,107300,0.0,0.0
2021-03-22 00:00:00+09:00,1721.2355936140723,1721.2355936140723,1690.1523323298452,1702.7799072265625,69300,0.0,0.0
2021-03-23 00:00:00+09:00,1716.3787718029178,1730.9490500015843,1676.5533447265625,1676.5533447265625,51700,0.0,0.0
2021-03-24 00:00:00+09:00,1659.0691801775313,1663.9259400726646,1604.6734693520386,1626.043212890625,57200,0.0,0.0
2021-03-25 00:00:00+09:00,1649.3555139878217,1668.78255184398,1634.7852355957032,1651.2982177734375,67200,0.0,0.0
2021-03-26 00:00:00+09:00,1684.324209765853,1684.324209765853,1648.3841891422448,1662.9544677734375,73100,0.0,0.0
2021-03-29 00:00:00+09:00,1665.8684892716237,1670.7252487155642,1624.1003580537345,1648.3841552734375,134100,0.0,0.0
2021-03-30 00:00:00+09:00,1653.313548274254,1660.214678171642,1613.8785202891793,1651.341796875,71400,25.0,0.0
2021-03-31 00:00:00+09:00,1626.694989483173,1642.469001502404,1595.1469654447114,1602.048095703125,79100,0.0,0.0
2021-04-01 00:00:00+09:00,1605.0056580343364,1621.7655451268324,1589.2316466531636,1597.11865234375,48800,0.0,0.0
2021-04-02 00:00:00+09:00,1612.8926857681415,1624.7231944657074,1597.118674171387,1609.93505859375,30400,0.0,0.0
2021-04-05 00:00:00+09:00,1618.8079548193625,1637.5395937606343,1603.0339430793445,1629.652587890625,42000,0.0,0.0
2021-04-06 00:00:00+09:00,1629.6525132329089,1629.6525132329089,1578.386977426429,1581.3446044921875,44100,0.0,0.0
2021-04-07 00:00:00+09:00,1574.4435183659652,1608.9491684240797,1564.584761206504,1606.9774169921875,49100,0.0,0.0
2021-04-08 00:00:00+09:00,1593.1752214528094,1593.1752214528094,1553.7401912188288,1561.627197265625,61000,0.0,0.0
2021-04-09 00:00:00+09:00,1565.570707583624,1581.3447197507132,1543.881440853876,1554.72607421875,41400,0.0,0.0
2021-04-12 00:00:00+09:00,1559.6554530209653,1567.54245910451,1549.7966954165345,1554.72607421875,41100,0.0,0.0
2021-04-13 00:00:00+09:00,1554.7260669746784,1572.4718305799695,1554.7260669746784,1561.627197265625,52700,0.0,0.0
2021-04-14 00:00:00+09:00,1562.6130152112655,1566.5565180887704,1541.9096251043654,1549.796630859375,50800,0.0,0.0
2021-04-15 00:00:00+09:00,1540.9237060546875,1556.6977171211463,1530.0790734464972,1540.9237060546875,61700,0.0,0.0
2021-04-16 00:00:00+09:00,1531.0649987351371,1538.9520045238564,1521.2062414992379,1526.1356201171875,48200,0.0,0.0
2021-04-19 00:00:00+09:00,1526.1356560202205,1542.895543715533,1522.1921530330883,1525.1497802734375,60800,0.0,0.0
2021-04-20 00:00:00+09:00,1513.3192278318386,1513.3192278318386,1488.6723348704081,1499.5169677734375,99900,0.0,0.0
2021-04-21 00:00:00+09:00,1478.813547447354,1478.813547447354,1445.2937737052139,1460.0819091796875,101000,0.0,0.0
2021-04-22 00:00:00+09:00,1487.6864946864084,1502.474630816492,1477.8277372663526,1481.771240234375,42100,0.0,0.0
2021-04-23 00:00:00+09:00,1465.9971633694768,1467.9689147660733,1450.223152196705,1460.0819091796875,44000,0.0,0.0
2021-04-26 00:00:00+09:00,1480.7852988439504,1480.7852988439504,1440.3643952137227,1460.0819091796875,58200,0.0,0.0
2021-04-27 00:00:00+09:00,1460.0819311588803,1488.6723268399116,1453.180801166907,1472.8983154296875,65300,0.0,0.0
2021-04-28 00:00:00+09:00,1468.9548768217142,1506.4181555594494,1468.9548768217142,1494.587646484375,97000,0.0,0.0
2021-04-30 00:00:00+09:00,1493.6017271720323,1497.5452300820575,1468.954833984375,1468.954833984375,52200,0.0,0.0
2021-05-06 00:00:00+09:00,1469.940673828125,1490.6440636003522,1465.011295310928,1469.940673828125,73500,0.0,0.0
2021-05-07 00:00:00+09:00,1488.6723343869473,1500.502843004592,1476.8418257693027,1482.757080078125,45700,0.0,0.0
2021-05-10 00:00:00+09:00,1492.6158591303765,1499.5169892584563,1478.8135988742172,1495.573486328125,41800,0.0,0.0
2021-05-11 00:00:00+09:00,1493.6017275014776,1501.4887333232675,1460.08195275887,1485.7147216796875,132500,0.0,0.0
2021-05-12 00:00:00+09:00,1476.841854271758,1485.7147359062344,1461.067842477133,1471.9124755859375,67800,0.0,0.0
2021-05-13 00:00:00+09:00,1459.0960179511037,1465.9971477657373,1434.4491257559837,1440.3643798828125,134300,0.0,0.0
2021-05-14 00:00:00+09:00,1465.0113236710833,1474.870080896326,1456.1384421683647,1459.0960693359375,103800,0.0,0.0
2021-05-17 00:00:00+09:00,1473.8841835700598,1480.785313526575,1449.2372908682194,1463.03955078125,123700,0.0,0.0
2021-05-18 00:00:00+09:00,1465.0113597196691,1498.5311351102941,1461.0678567325367,1491.6300048828125,126200,0.0,0.0
2021-05-19 00:00:00+09:00,1478.8136201746322,1491.6300048828125,1468.9548627068014,1474.8701171875,63300,0.0,0.0
2021-05-20 00:00:00+09:00,1468.954792085654,1504.4463172635624,1468.954792085654,1493.6016845703125,46400,0.0,0.0
2021-05-21 00:00:00+09:00,1468.9548050296917,1477.8276864023542,1459.0960479489554,1463.03955078125,67600,0.0,0.0
2021-05-24 00:00:00+09:00,1449.237362016068,1475.8560074408529,1449.237362016068,1461.06787109375,73400,0.0,0.0
2021-05-25 00:00:00+09:00,1459.096054286173,1459.096054286173,1436.420912901996,1439.3785400390625,77700,0.0,0.0
2021-05-26 00:00:00+09:00,1430.5056655579242,1433.463292709319,1411.7740269324242,1432.4774169921875,92600,0.0,0.0
2021-05-27 00:00:00+09:00,1430.5056796203146,1448.2514427031304,1417.6892951716145,1418.6751708984375,68600,0.0,0.0
2021-05-28 00:00:00+09:00,1439.3785760977726,1455.152587890625,1435.4350731495595,1455.152587890625,50800,0.0,0.0
2021-05-31 00:00:00+09:00,1454.1666610812028,1457.1242881884866,1424.5903900083647,1436.4208984375,61100,0.0,0.0
2021-06-01 00:00:00+09:00,1443.3220650692115,1468.954833984375,1442.336189341705,1468.954833984375,55100,0.0,0.0
2021-06-02 00:00:00+09:00,1469.9407527381536,1484.728889083608,1465.9972497126992,1477.8277587890625,75100,0.0,0.0
2021-06-03 00:00:00+09:00,1478.8135846035957,1496.5593476188387,1478.8135846035957,1492.6158447265625,49500,0.0,0.0
2021-06-04 00:00:00+09:00,1498.5311139990329,1535.0085161161146,1490.64410813588,1529.09326171875,106500,0.0,0.0
2021-06-07 00:00:00+09:00,1534.0226473605312,1534.0226473605312,1498.5311208149149,1505.4322509765625,62400,0.0,0.0
2021-06-08 00:00:00+09:00,1496.5593550073818,1503.4604851029364,1484.7288462721456,1502.474609375,62900,0.0,0.0
2021-06-09 00:00:00+09:00,1502.4746525344244,1514.3051616094988,1489.6582677030942,1494.587646484375,37700,0.0,0.0
2021-06-10 00:00:00+09:00,1494.587660788862,1504.4464184457804,1482.7571516005596,1497.5452880859375,48100,0.0,0.0
2021-06-11 00:00:00+09:00,1484.7287956161751,1494.5875525591778,1458.1101518700684,1483.742919921875,80900,0.0,0.0
2021-06-14 00:00:00+09:00,1490.6440858232215,1498.5310915683178,1475.8559500511656,1482.757080078125,36900,0.0,0.0
2021-06-15 00:00:00+09:00,1484.72883894201,1497.545223341908,1477.8277088805266,1492.6158447265625,41500,0.0,0.0
2021-06-16 00:00:00+09:00,1492.6158164702867,1507.4039520363729,1492.6158164702867,1503.46044921875,26100,0.0,0.0
2021-06-17 00:00:00+09:00,1503.4604706472664,1520.2203578610392,1494.5875891811513,1499.5169677734375,46200,0.0,0.0
2021-06-18 00:00:00+09:00,1498.5311423576527,1498.5311423576527,1470.9266213142223,1484.7288818359375,96800,0.0,0.0
2021-06-21 00:00:00+09:00,1452.194909676347,1455.1525367836307,1434.449147032644,1436.4208984375,57900,0.0,0.0
2021-06-22 00:00:00+09:00,1465.9971574244705,1485.7146713104755,1456.138400481468,1483.742919921875,45300,0.0,0.0
2021-06-23 00:00:00+09:00,1485.7147504021139,1487.68650189568,1469.9407384535846,1474.8701171875,32400,0.0,0.0
2021-06-24 00:00:00+09:00,1475.855992934283,1502.4746380974264,1475.855992934283,1491.6300048828125,35100,0.0,0.0
2021-06-25 00:00:00+09:00,1502.4745666663266,1513.3191993653618,1491.6299339672914,1510.361572265625,52300,0.0,0.0
2021-06-28 00:00:00+09:00,1514.305068226121,1521.2061980943388,1507.403938357903,1517.2626953125,24900,0.0,0.0
2021-06-29 00:00:00+09:00,1516.276920263608,1516.276920263608,1488.6723989584186,1504.4464111328125,45100,0.0,0.0
2021-06-30 00:00:00+09:00,1513.319220817526,1531.0649836675034,1503.4604636786496,1506.4180908203125,61100,0.0,0.0
2021-07-01 00:00:00+09:00,1507.403938357903,1524.163825180718,1502.4745598806044,1517.2626953125,29300,0.0,0.0
2021-07-02 00:00:00+09:00,1523.1780359837917,1529.0932904924666,1511.3475269664418,1518.2486572265625,60000,0.0,0.0
2021-07-05 00:00:00+09:00,1508.3898277407786,1516.2768333760246,1500.5028221055327,1503.46044921875,29300,0.0,0.0
2021-07-06 00:00:00+09:00,1508.3898353203888,1524.1638466701445,1500.502829645511,1513.3192138671875,24100,0.0,0.0
2021-07-07 00:00:00+09:00,1497.5452088331401,1513.3192202494208,1489.658203125,1489.658203125,33500,0.0,0.0
2021-07-08 00:00:00+09:00,1489.6581955616828,1504.4463311893633,1479.7994384765625,1479.7994384765625,72500,0.0,0.0
2021-07-09 00:00:00+09:00,1460.0819236570292,1471.9124321539125,1442.336160911704,1463.03955078125,82300,0.0,0.0
2021-07-12 00:00:00+09:00,1487.6864303739944,1516.2768256561985,1487.6864303739944,1493.6016845703125,51300,0.0,0.0
2021-07-13 00:00:00+09:00,1518.2486713115986,1537.9661865234375,1514.3051682692308,1537.9661865234375,54000,0.0,0.0
2021-07-14 00:00:00+09:00,1521.2062118980532,1521.2062118980532,1503.46044921875,1503.46044921875,42700,0.0,0.0
2021-07-15 00:00:00+09:00,1496.5594052870279,1507.404038658673,1482.7571446322067,1487.6865234375,28000,0.0,0.0
2021-07-16 00:00:00+09:00,1482.757073687009,1510.361593675863,1482.757073687009,1506.4180908203125,31900,0.0,0.0
2021-07-19 00:00:00+09:00,1502.4746090509911,1509.3757391450574,1479.799467313345,1485.7147216796875,54600,0.0,0.0
2021-07-20 00:00:00+09:00,1476.8418474090515,1497.5452377932907,1473.884220211303,1495.573486328125,63900,0.0,0.0
2021-07-21 00:00:00+09:00,1498.5310562274146,1520.2203215149166,1489.6581749734364,1500.5028076171875,23400,0.0,0.0
2021-07-26 00:00:00+09:00,1513.319242701447,1521.206248526601,1499.5169825074272,1519.2344970703125,38800,0.0,0.0
2021-07-27 00:00:00+09:00,1523.178035905136,1535.008544921875,1507.4040238828177,1535.008544921875,35300,0.0,0.0
2021-07-28 00:00:00+09:00,1521.206306139628,1530.0791880289712,1510.3616727193196,1514.30517578125,13400,0.0,0.0
2021-07-29 00:00:00+09:00,1519.2345257927389,1541.90966796875,1516.2768985523896,1525.1497802734375,26400,0.0,0.0
2021-07-30 00:00:00+09:00,1518.248591768569,1521.2062188953907,1496.559326171875,1496.559326171875,26600,0.0,0.0
2021-08-02 00:00:00+09:00,1526.1355782888986,1550.782470703125,1518.2485727163462,1550.782470703125,46800,0.0,0.0
2021-08-03 00:00:00+09:00,1548.8107909370726,1552.754293905722,1532.0509033203125,1532.0509033203125,21100,0.0,0.0
2021-08-04 00:00:00+09:00,1530.0791445717293,1530.0791445717293,1506.4181268721666,1522.192138671875,21900,0.0,0.0
2021-08-05 00:00:00+09:00,1523.177985500142,1530.0791155315344,1493.6017139370326,1516.27685546875,76000,0.0,0.0
2021-08-06 00:00:00+09:00,1518.248599386964,1518.248599386964,1497.5452093953238,1506.4180908203125,25200,0.0,0.0
2021-08-10 00:00:00+09:00,1510.361557735346,1530.0790715439014,1501.488676521496,1507.4039306640625,38600,0.0,0.0
2021-08-11 00:00:00+09:00,1525.1498021117045,1525.1498021117045,1496.5594050456157,1504.4464111328125,39700,0.0,0.0
2021-08-12 00:00:00+09:00,1518.2485718714854,1540.9237128799555,1518.2485718714854,1534.0225830078125,48200,0.0,0.0
2021-08-13 00:00:00+09:00,1538.9519614879146,1541.909588575976,1522.192074655567,1534.0225830078125,25700,0.0,0.0
2021-08-16 00:00:00+09:00,1532.0509178276839,1532.0509178276839,1501.48876953125,1501.48876953125,43800,0.0,0.0
2021-08-17 00:00:00+09:00,1501.4887409632956,1522.1921313508394,1501.4887409632956,1512.3333740234375,24900,0.0,0.0
2021-08-18 00:00:00+09:00,1514.3050959629384,1514.3050959629384,1488.6723274114825,1489.658203125,21700,0.0,0.0
2021-08-19 00:00:00+09:00,1488.6722896095864,1488.6722896095864,1457.124267578125,1457.124267578125,27500,0.0,0.0
2021-08-20 00:00:00+09:00,1457.1242734549626,1457.1242734549626,1422.6186242188844,1433.4632568359375,57800,0.0,0.0
2021-08-23 00:00:00+09:00,1455.1526235626466,1489.6582752053923,1455.1526235626466,1470.9266357421875,39500,0.0,0.0
2021-08-24 00:00:00+09:00,1474.8701244851818,1476.8418759885042,1443.3221004320228,1451.2091064453125,47700,0.0,0.0
2021-08-25 00:00:00+09:00,1458.1101653868525,1474.870052345322,1451.2090354627767,1469.940673828125,28400,0.0,0.0
2021-08-26 00:00:00+09:00,1475.8560001534693,1479.7995031598914,1460.081988127781,1467.968994140625,33400,0.0,0.0
2021-08-27 00:00:00+09:00,1451.2091205177614,1474.8701387870726,1451.2091205177614,1470.9266357421875,25700,0.0,0.0
2021-08-30 00:00:00+09:00,1488.6724058787026,1514.30517578125,1484.7289028167725,1514.30517578125,38900,0.0,0.0
2021-08-31 00:00:00+09:00,1511.3475414591098,1511.3475414591098,1494.5876535238165,1504.4464111328125,33100,0.0,0.0
2021-09-01 00:00:00+09:00,1504.4464184457804,1520.2204306968504,1494.587660788862,1497.5452880859375,51400,0.0,0.0
2021-09-02 00:00:00+09:00,1497.5452449167012,1497.5452449167012,1481.7712331203436,1488.67236328125,39100,0.0,0.0
2021-09-03 00:00:00+09:00,1493.6016928824934,1528.107342553046,1493.6016928824934,1520.2203369140625,56400,0.0,0.0
2021-09-06 00:00:00+09:00,1529.0932053786057,1550.782470703125,1529.0932053786057,1550.782470703125,33200,0.0,0.0
2021-09-07 00:00:00+09:00,1552.7542510464496,1556.69775390625,1538.9519910371478,1556.69775390625,46700,0.0,0.0
2021-09-08 00:00:00+09:00,1556.6977333068846,1577.401123046875,1550.782479095459,1577.401123046875,48900,0.0,0.0
2021-09-09 00:00:00+09:00,1577.4011007403906,1577.4011007403906,1552.754208541322,1564.584716796875,41600,0.0,0.0
2021-09-10 00:00:00+09:00,1561.627111816406,1583.3163772583007,1561.627111816406,1577.401123046875,73600,0.0,0.0
2021-09-13 00:00:00+09:00,1572.471730966107,1591.203369140625,1561.6270983387546,1591.203369140625,47300,0.0,0.0
2021-09-14 00:00:00+09:00,1593.1751708984375,1595.1469223475692,1580.3587864790813,1593.1751708984375,48900,0.0,0.0
2021-09-15 00:00:00+09:00,1571.4858620245411,1585.2881217913814,1563.5988564434895,1584.30224609375,32400,0.0,0.0
2021-09-16 00:00:00+09:00,1595.1468856811523,1595.1468856811523,1570.4999931335449,1577.401123046875,47600,0.0,0.0
2021-09-17 00:00:00+09:00,1593.1751494984567,1603.0339066116896,1579.3728895399304,1597.11865234375,83500,0.0,0.0
2021-09-21 00:00:00+09:00,1577.4011948529412,1582.3305735868566,1558.6695556640625,1558.6695556640625,49800,0.0,0.0
2021-09-22 00:00:00+09:00,1558.6694606331496,1558.6694606331496,1531.06494140625,1531.06494140625,41200,0.0,0.0
2021-09-24 00:00:00+09:00,1570.4999854897553,1579.3728667637088,1558.6694771244843,1567.5423583984375,64400,0.0,0.0
2021-09-27 00:00:00+09:00,1577.401151471051,1585.2881572284064,1566.5565185546875,1566.5565185546875,57800,0.0,0.0
2021-09-28 00:00:00+09:00,1565.5706214689264,1572.4717514124293,1550.7824858757062,1570.5,74000,0.0,0.0
2021-09-29 00:00:00+09:00,1544.0,1548.0,1521.0,1548.0,75100,22.5,0.0
2021-09-30 00:00:00+09:00,1573.0,1585.0,1552.0,1557.0,55900,0.0,0.0
2021-10-01 00:00:00+09:00,1542.0,1560.0,1515.0,1525.0,62400,0.0,0.0
2021-10-04 00:00:00+09:00,1540.0,1556.0,1523.0,1542.0,76800,0.0,0.0
2021-10-05 00:00:00+09:00,1542.0,1546.0,1509.0,1513.0,51400,0.0,0.0
2021-10-06 00:00:00+09:00,1524.0,1551.0,1512.0,1514.0,50200,0.0,0.0
2021-10-07 00:00:00+09:00,1529.0,1531.0,1502.0,1502.0,41200,0.0,0.0
2021-10-08 00:00:00+09:00,1536.0,1547.0,1526.0,1533.0,42800,0.0,0.0
2021-10-11 00:00:00+09:00,1538.0,1580.0,1538.0,1571.0,58100,0.0,0.0
2021-10-12 00:00:00+09:00,1571.0,1584.0,1559.0,1567.0,52200,0.0,0.0
2021-10-13 00:00:00+09:00,1569.0,1590.0,1566.0,1577.0,39700,0.0,0.0
2021-10-14 00:00:00+09:00,1580.0,1606.0,1569.0,1594.0,56700,0.0,0.0
2021-10-15 00:00:00+09:00,1594.0,1620.0,1594.0,1613.0,68200,0.0,0.0
2021-10-18 00:00:00+09:00,1626.0,1647.0,1615.0,1647.0,48500,0.0,0.0
2021-10-19 00:00:00+09:00,1625.0,1628.0,1601.0,1625.0,58600,0.0,0.0
2021-10-20 00:00:00+09:00,1631.0,1631.0,1609.0,1615.0,40800,0.0,0.0
2021-10-21 00:00:00+09:00,1615.0,1646.0,1608.0,1645.0,58600,0.0,0.0
2021-10-22 00:00:00+09:00,1636.0,1641.0,1609.0,1618.0,49000,0.0,0.0
2021-10-25 00:00:00+09:00,1600.0,1631.0,1594.0,1618.0,48700,0.0,0.0
2021-10-26 00:00:00+09:00,1626.0,1658.0,1626.0,1649.0,48700,0.0,0.0
2021-10-27 00:00:00+09:00,1649.0,1655.0,1642.0,1642.0,33400,0.0,0.0
2021-10-28 00:00:00+09:00,1641.0,1645.0,1624.0,1635.0,109500,0.0,0.0
2021-10-29 00:00:00+09:00,1630.0,1636.0,1607.0,1636.0,43000,0.0,0.0
2021-11-01 00:00:00+09:00,1650.0,1661.0,1642.0,1658.0,63800,0.0,0.0
2021-11-02 00:00:00+09:00,1665.0,1669.0,1647.0,1647.0,48400,0.0,0.0
2021-11-04 00:00:00+09:00,1661.0,1691.0,1658.0,1691.0,71200,0.0,0.0
2021-11-05 00:00:00+09:00,1682.0,1682.0,1650.0,1650.0,43000,0.0,0.0
2021-11-08 00:00:00+09:00,1667.0,1677.0,1658.0,1667.0,25700,0.0,0.0
2021-11-09 00:00:00+09:00,1657.0,1670.0,1570.0,1640.0,104400,0.0,0.0
2021-11-10 00:00:00+09:00,1659.0,1679.0,1615.0,1641.0,104200,0.0,0.0
2021-11-11 00:00:00+09:00,1642.0,1672.0,1642.0,1651.0,46800,0.0,0.0
2021-11-12 00:00:00+09:00,1651.0,1701.0,1651.0,1701.0,63000,0.0,0.0
2021-11-15 00:00:00+09:00,1714.0,1772.0,1714.0,1749.0,119900,0.0,0.0
2021-11-16 00:00:00+09:00,1756.0,1756.0,1694.0,1694.0,63500,0.0,0.0
2021-11-17 00:00:00+09:00,1693.0,1705.0,1680.0,1685.0,46600,0.0,0.0
2021-11-18 00:00:00+09:00,1685.0,1711.0,1674.0,1696.0,51900,0.0,0.0
2021-11-19 00:00:00+09:00,1699.0,1713.0,1692.0,1713.0,41200,0.0,0.0
2021-11-22 00:00:00+09:00,1690.0,1713.0,1676.0,1688.0,51400,0.0,0.0
2021-11-24 00:00:00+09:00,1697.0,1725.0,1695.0,1700.0,36500,0.0,0.0
2021-11-25 00:00:00+09:00,1706.0,1716.0,1702.0,1704.0,38000,0.0,0.0
2021-11-26 00:00:00+09:00,1704.0,1704.0,1676.0,1685.0,42400,0.0,0.0
2021-11-29 00:00:00+09:00,1680.0,1688.0,1652.0,1653.0,63200,0.0,0.0
2021-11-30 00:00:00+09:00,1655.0,1688.0,1610.0,1610.0,109800,0.0,0.0
2021-12-01 00:00:00+09:00,1604.0,1643.0,1604.0,1622.0,70000,0.0,0.0
2021-12-02 00:00:00+09:00,1613.0,1650.0,1608.0,1635.0,114400,0.0,0.0
2021-12-03 00:00:00+09:00,1658.0,1688.0,1658.0,1685.0,70800,0.0,0.0
2021-12-06 00:00:00+09:00,1687.0,1715.0,1687.0,1703.0,76100,0.0,0.0
2021-12-07 00:00:00+09:00,1710.0,1742.0,1707.0,1736.0,82600,0.0,0.0
2021-12-08 00:00:00+09:00,1750.0,1757.0,1735.0,1742.0,110200,0.0,0.0
2021-12-09 00:00:00+09:00,1742.0,1759.0,1730.0,1739.0,59100,0.0,0.0
2021-12-10 00:00:00+09:00,1750.0,1769.0,1750.0,1761.0,71100,0.0,0.0
2021-12-13 00:00:00+09:00,1773.0,1780.0,1764.0,1772.0,52100,0.0,0.0
2021-12-14 00:00:00+09:00,1778.0,1794.0,1773.0,1773.0,78800,0.0,0.0
2021-12-15 00:00:00+09:00,1761.0,1790.0,1760.0,1784.0,44400,0.0,0.0
2021-12-16 00:00:00+09:00,1783.0,1811.0,1777.0,1789.0,60300,0.0,0.0
2021-12-17 00:00:00+09:00,1800.0,1807.0,1779.0,1780.0,82400,0.0,0.0
2021-12-20 00:00:00+09:00,1759.0,1765.0,1682.0,1682.0,76200,0.0,0.0
2021-12-21 00:00:00+09:00,1691.0,1715.0,1691.0,1695.0,54500,0.0,0.0
2021-12-22 00:00:00+09:00,1666.0,1696.0,1666.0,1692.0,59700,0.0,0.0
2021-12-23 00:00:00+09:00,1683.0,1722.0,1683.0,1707.0,40600,0.0,0.0
2021-12-24 00:00:00+09:00,1703.0,1727.0,1703.0,1721.0,35400,0.0,0.0
2021-12-27 00:00:00+09:00,1709.0,1727.0,1707.0,1722.0,37000,0.0,0.0
2021-12-28 00:00:00+09:00,1739.0,1773.0,1738.0,1762.0,45600,0.0,0.0
2021-12-29 00:00:00+09:00,1763.0,1787.0,1763.0,1786.0,91300,0.0,0.0
2021-12-30 00:00:00+09:00,1767.0,1777.0,1758.0,1758.0,21400,0.0,0.0
2022-01-04 00:00:00+09:00,1789.0,1823.0,1789.0,1814.0,54900,0.0,0.0
2022-01-05 00:00:00+09:00,1836.0,1854.0,1830.0,1850.0,61000,0.0,0.0
2022-01-06 00:00:00+09:00,1830.0,1842.0,1816.0,1822.0,48400,0.0,0.0
2022-01-07 00:00:00+09:00,1822.0,1836.0,1793.0,1805.0,61700,0.0,0.0
2022-01-11 00:00:00+09:00,1805.0,1818.0,1783.0,1815.0,59300,0.0,0.0
2022-01-12 00:00:00+09:00,1815.0,1834.0,1808.0,1818.0,76400,0.0,0.0
2022-01-13 00:00:00+09:00,1819.0,1829.0,1809.0,1817.0,54900,0.0,0.0
2022-01-14 00:00:00+09:00,1821.0,1823.0,1775.0,1794.0,58900,0.0,0.0
2022-01-17 00:00:00+09:00,1794.0,1828.0,1794.0,1809.0,28400,0.0,0.0
2022-01-18 00:00:00+09:00,1824.0,1828.0,1786.0,1787.0,31400,0.0,0.0
2022-01-19 00:00:00+09:00,1779.0,1779.0,1727.0,1732.0,51800,0.0,0.0
2022-01-20 00:00:00+09:00,1729.0,1763.0,1721.0,1739.0,60500,0.0,0.0
2022-01-21 00:00:00+09:00,1736.0,1736.0,1709.0,1723.0,66000,0.0,0.0
2022-01-24 00:00:00+09:00,1728.0,1771.0,1727.0,1769.0,60600,0.0,0.0
2022-01-25 00:00:00+09:00,1769.0,1779.0,1741.0,1750.0,67300,0.0,0.0
2022-01-26 00:00:00+09:00,1764.0,1769.0,1732.0,1737.0,53900,0.0,0.0
2022-01-27 00:00:00+09:00,1738.0,1762.0,1708.0,1716.0,71300,0.0,0.0
2022-01-28 00:00:00+09:00,1748.0,1751.0,1710.0,1720.0,84000,0.0,0.0
2022-01-31 00:00:00+09:00,1720.0,1740.0,1711.0,1739.0,41000,0.0,0.0
2022-02-01 00:00:00+09:00,1756.0,1778.0,1749.0,1758.0,48600,0.0,0.0
2022-02-02 00:00:00+09:00,1774.0,1811.0,1773.0,1795.0,52700,0.0,0.0
2022-02-03 00:00:00+09:00,1795.0,1815.0,1785.0,1806.0,51200,0.0,0.0
2022-02-04 00:00:00+09:00,1800.0,1835.0,1798.0,1828.0,41300,0.0,0.0
2022-02-07 00:00:00+09:00,1807.0,1815.0,1781.0,1794.0,47700,0.0,0.0
2022-02-08 00:00:00+09:00,1795.0,1825.0,1795.0,1801.0,43200,0.0,0.0
2022-02-09 00:00:00+09:00,1801.0,1815.0,1780.0,1794.0,74600,0.0,0.0
2022-02-10 00:00:00+09:00,1794.0,1797.0,1742.0,1746.0,61300,0.0,0.0
2022-02-14 00:00:00+09:00,1730.0,1730.0,1693.0,1702.0,82200,0.0,0.0
2022-02-15 00:00:00+09:00,1714.0,1734.0,1708.0,1721.0,73000,0.0,0.0
2022-02-16 00:00:00+09:00,1751.0,1786.0,1751.0,1779.0,56900,0.0,0.0
2022-02-17 00:00:00+09:00,1780.0,1781.0,1745.0,1764.0,34500,0.0,0.0
2022-02-18 00:00:00+09:00,1753.0,1774.0,1750.0,1759.0,30600,0.0,0.0
2022-02-21 00:00:00+09:00,1759.0,1767.0,1743.0,1767.0,24400,0.0,0.0
2022-02-22 00:00:00+09:00,1753.0,1758.0,1722.0,1724.0,44600,0.0,0.0
2022-02-24 00:00:00+09:00,1724.0,1737.0,1714.0,1733.0,54900,0.0,0.0
2022-02-25 00:00:00+09:00,1700.0,1714.0,1679.0,1697.0,90600,0.0,0.0
2022-02-28 00:00:00+09:00,1697.0,1737.0,1697.0,1728.0,73000,0.0,0.0
2022-03-01 00:00:00+09:00,1728.0,1746.0,1691.0,1693.0,68800,0.0,0.0
2022-03-02 00:00:00+09:00,1669.0,1669.0,1632.0,1633.0,64600,0.0,0.0
2022-03-03 00:00:00+09:00,1669.0,1686.0,1663.0,1670.0,87200,0.0,0.0
2022-03-04 00:00:00+09:00,1671.0,1676.0,1649.0,1657.0,93800,0.0,0.0
2022-03-07 00:00:00+09:00,1622.0,1622.0,1570.0,1588.0,103600,0.0,0.0
2022-03-08 00:00:00+09:00,1584.0,1611.0,1568.0,1569.0,87000,0.0,0.0
2022-03-09 00:00:00+09:00,1569.0,1627.0,1565.0,1570.0,89900,0.0,0.0
2022-03-10 00:00:00+09:00,1610.0,1661.0,1610.0,1654.0,79100,0.0,0.0
2022-03-11 00:00:00+09:00,1637.0,1656.0,1624.0,1630.0,83600,0.0,0.0
2022-03-14 00:00:00+09:00,1642.0,1652.0,1598.0,1599.0,59400,0.0,0.0
2022-03-15 00:00:00+09:00,1616.0,1652.0,1613.0,1644.0,48300,0.0,0.0
2022-03-16 00:00:00+09:00,1634.0,1641.0,1601.0,1607.0,66500,0.0,0.0
2022-03-17 00:00:00+09:00,1629.0,1642.0,1609.0,1631.0,65400,0.0,0.0
2022-03-18 00:00:00+09:00,1630.0,1630.0,1577.0,1577.0,271200,0.0,0.0
2022-03-22 00:00:00+09:00,1614.0,1628.0,1602.0,1610.0,77800,0.0,0.0
2022-03-23 00:00:00+09:00,1621.0,1632.0,1611.0,1623.0,52200,0.0,0.0
2022-03-24 00:00:00+09:00,1602.0,1608.0,1586.0,1608.0,46300,0.0,0.0
2022-03-25 00:00:00+09:00,1627.0,1634.0,1616.0,1619.0,51400,0.0,0.0
2022-03-28 00:00:00+09:00,1637.0,1638.0,1618.0,1630.0,44800,0.0,0.0
2022-03-29 00:00:00+09:00,1622.0,1626.0,1608.0,1622.0,94500,0.0,0.0
2022-03-30 00:00:00+09:00,1621.0,1621.0,1578.0,1594.0,52600,0.0,0.0
2022-03-31 00:00:00+09:00,1568.0,1585.0,1550.0,1554.0,49900,0.0,0.0
2022-04-01 00:00:00+09:00,1545.0,1561.0,1528.0,1559.0,40700,0.0,0.0
2022-04-04 00:00:00+09:00,1559.0,1559.0,1543.0,1546.0,27500,0.0,0.0
2022-04-05 00:00:00+09:00,1555.0,1566.0,1537.0,1557.0,53600,0.0,0.0
2022-04-06 00:00:00+09:00,1534.0,1535.0,1507.0,1514.0,44600,0.0,0.0
2022-04-07 00:00:00+09:00,1498.0,1498.0,1477.0,1485.0,49700,0.0,0.0
2022-04-08 00:00:00+09:00,1480.0,1484.0,1453.0,1462.0,56200,0.0,0.0
2022-04-11 00:00:00+09:00,1465.0,1486.0,1453.0,1460.0,42400,0.0,0.0
2022-04-12 00:00:00+09:00,1460.0,1464.0,1443.0,1446.0,45300,0.0,0.0
2022-04-13 00:00:00+09:00,1443.0,1464.0,1443.0,1464.0,35900,0.0,0.0
2022-04-14 00:00:00+09:00,1464.0,1483.0,1464.0,1478.0,23800,0.0,0.0
2022-04-15 00:00:00+09:00,1456.0,1467.0,1448.0,1457.0,29100,0.0,0.0
2022-04-18 00:00:00+09:00,1440.0,1457.0,1435.0,1453.0,30500,0.0,0.0
2022-04-19 00:00:00+09:00,1470.0,1502.0,1470.0,1498.0,58000,0.0,0.0
2022-04-20 00:00:00+09:00,1516.0,1534.0,1510.0,1520.0,45400,0.0,0.0
2022-04-21 00:00:00+09:00,1523.0,1546.0,1521.0,1545.0,42300,0.0,0.0
2022-04-22 00:00:00+09:00,1522.0,1526.0,1511.0,1526.0,31300,0.0,0.0
2022-04-25 00:00:00+09:00,1499.0,1511.0,1486.0,1505.0,31300,0.0,0.0
2022-04-26 00:00:00+09:00,1525.0,1535.0,1493.0,1499.0,39400,0.0,0.0
2022-04-27 00:00:00+09:00,1490.0,1490.0,1437.0,1437.0,87800,0.0,0.0
2022-04-28 00:00:00+09:00,1443.0,1521.0,1443.0,1517.0,53700,0.0,0.0
2022-05-02 00:00:00+09:00,1547.0,1547.0,1506.0,1527.0,37600,0.0,0.0
2022-05-06 00:00:00+09:00,1520.0,1531.0,1516.0,1529.0,41800,0.0,0.0
2022-05-09 00:00:00+09:00,1499.0,1513.0,1480.0,1480.0,37500,0.0,0.0
2022-05-10 00:00:00+09:00,1459.0,1465.0,1439.0,1452.0,65200,0.0,0.0
2022-05-11 00:00:00+09:00,1452.0,1466.0,1443.0,1443.0,42500,0.0,0.0
2022-05-12 00:00:00+09:00,1429.0,1467.0,1422.0,1422.0,59500,0.0,0.0
2022-05-13 00:00:00+09:00,1400.0,1434.0,1374.0,1434.0,100400,0.0,0.0
2022-05-16 00:00:00+09:00,1444.0,1449.0,1393.0,1395.0,39500,0.0,0.0
2022-05-17 00:00:00+09:00,1390.0,1396.0,1382.0,1388.0,32000,0.0,0.0
2022-05-18 00:00:00+09:00,1393.0,1398.0,1381.0,1388.0,27700,0.0,0.0
2022-05-19 00:00:00+09:00,1358.0,1384.0,1348.0,1378.0,57700,0.0,0.0
2022-05-20 00:00:00+09:00,1376.0,1388.0,1369.0,1378.0,46600,0.0,0.0
2022-05-23 00:00:00+09:00,1402.0,1404.0,1386.0,1394.0,37900,0.0,0.0
2022-05-24 00:00:00+09:00,1380.0,1383.0,1369.0,1371.0,45700,0.0,0.0
2022-05-25 00:00:00+09:00,1366.0,1367.0,1348.0,1348.0,58700,0.0,0.0
2022-05-26 00:00:00+09:00,1351.0,1363.0,1348.0,1348.0,42300,0.0,0.0
2022-05-27 00:00:00+09:00,1368.0,1380.0,1357.0,1380.0,51500,0.0,0.0
2022-05-30 00:00:00+09:00,1396.0,1680.0,1387.0,1680.0,193600,0.0,0.0
2022-05-31 00:00:00+09:00,1840.0,1865.0,1814.0,1840.0,1095600,0.0,0.0
2022-06-01 00:00:00+09:00,1866.0,1873.0,1843.0,1854.0,409600,0.0,0.0
2022-06-02 00:00:00+09:00,1854.0,1897.0,1843.0,1880.0,292500,0.0,0.0
2022-06-03 00:00:00+09:00,1917.0,1922.0,1887.0,1901.0,190500,0.0,0.0
2022-06-06 00:00:00+09:00,1920.0,1929.0,1902.0,1923.0,115400,0.0,0.0
2022-06-07 00:00:00+09:00,1931.0,1999.0,1925.0,1974.0,223900,0.0,0.0
2022-06-08 00:00:00+09:00,2000.0,2040.0,1998.0,2021.0,208800,0.0,0.0
2022-06-09 00:00:00+09:00,2012.0,2082.0,1983.0,2065.0,181200,0.0,0.0
2022-06-10 00:00:00+09:00,2020.0,2101.0,2005.0,2070.0,327300,0.0,0.0
2022-06-13 00:00:00+09:00,2026.0,2068.0,2001.0,2026.0,272600,0.0,0.0
2022-06-14 00:00:00+09:00,1970.0,1988.0,1957.0,1973.0,303000,0.0,0.0
2022-06-15 00:00:00+09:00,1974.0,1989.0,1940.0,1948.0,231800,0.0,0.0
2022-06-16 00:00:00+09:00,1970.0,1995.0,1960.0,1965.0,130500,0.0,0.0
2022-06-17 00:00:00+09:00,1910.0,1974.0,1906.0,1965.0,233300,0.0,0.0
2022-06-20 00:00:00+09:00,1985.0,1989.0,1939.0,1957.0,101200,0.0,0.0
2022-06-21 00:00:00+09:00,1970.0,1983.0,1961.0,1968.0,155300,0.0,0.0
2022-06-22 00:00:00+09:00,1986.0,1990.0,1967.0,1976.0,91100,0.0,0.0
2022-06-23 00:00:00+09:00,1982.0,1992.0,1968.0,1980.0,103100,0.0,0.0
2022-06-24 00:00:00+09:00,1980.0,1980.0,1946.0,1959.0,99900,0.0,0.0
2022-06-27 00:00:00+09:00,1988.0,1989.0,1965.0,1989.0,118800,0.0,0.0
2022-06-28 00:00:00+09:00,1993.0,2039.0,1988.0,2038.0,164700,0.0,0.0
2022-06-29 00:00:00+09:00,2035.0,2037.0,1997.0,2000.0,139700,0.0,0.0
2022-06-30 00:00:00+09:00,1998.0,2014.0,1991.0,2002.0,97000,0.0,0.0
2022-07-01 00:00:00+09:00,2000.0,2006.0,1946.0,1963.0,203300,0.0,0.0
2022-07-04 00:00:00+09:00,1977.0,1985.0,1961.0,1978.0,92700,0.0,0.0
2022-07-05 00:00:00+09:00,1990.0,1990.0,1966.0,1974.0,107100,0.0,0.0
2022-07-06 00:00:00+09:00,1955.0,1955.0,1926.0,1940.0,215700,0.0,0.0
2022-07-07 00:00:00+09:00,1956.0,1960.0,1939.0,1951.0,112200,0.0,0.0
2022-07-08 00:00:00+09:00,1962.0,1982.0,1944.0,1946.0,144700,0.0,0.0
2022-07-11 00:00:00+09:00,1981.0,1992.0,1973.0,1984.0,131200,0.0,0.0
2022-07-12 00:00:00+09:00,1982.0,1992.0,1977.0,1982.0,121400,0.0,0.0
2022-07-13 00:00:00+09:00,1992.0,2001.0,1984.0,1991.0,74300,0.0,0.0
2022-07-14 00:00:00+09:00,1981.0,1986.0,1965.0,1982.0,147800,0.0,0.0
2022-07-15 00:00:00+09:00,1979.0,1986.0,1966.0,1978.0,155000,0.0,0.0
2022-07-19 00:00:00+09:00,1990.0,1992.0,1970.0,1986.0,155900,0.0,0.0
2022-07-20 00:00:00+09:00,2017.0,2021.0,1995.0,2007.0,181900,0.0,0.0
2022-07-21 00:00:00+09:00,2007.0,2034.0,1996.0,2034.0,158700,0.0,0.0
2022-07-22 00:00:00+09:00,2035.0,2037.0,2012.0,2031.0,103600,0.0,0.0
2022-07-25 00:00:00+09:00,2017.0,2038.0,2010.0,2013.0,161000,0.0,0.0
2022-07-26 00:00:00+09:00,2025.0,2043.0,2014.0,2040.0,118500,0.0,0.0
2022-07-27 00:00:00+09:00,2031.0,2034.0,2021.0,2027.0,116900,0.0,0.0
2022-07-28 00:00:00+09:00,2038.0,2038.0,1998.0,2016.0,224800,0.0,0.0
2022-07-29 00:00:00+09:00,2020.0,2020.0,1980.0,1985.0,200700,0.0,0.0
2022-08-01 00:00:00+09:00,1993.0,2029.0,1989.0,2014.0,163100,0.0,0.0
2022-08-02 00:00:00+09:00,2002.0,2008.0,1988.0,1991.0,179600,0.0,0.0
2022-08-03 00:00:00+09:00,1997.0,1997.0,1977.0,1990.0,137400,0.0,0.0
2022-08-04 00:00:00+09:00,1986.0,1989.0,1965.0,1976.0,188100,0.0,0.0
2022-08-05 00:00:00+09:00,1963.0,1989.0,1950.0,1981.0,206000,0.0,0.0
2022-08-08 00:00:00+09:00,1990.0,2013.0,1978.0,2007.0,226500,0.0,0.0
2022-08-09 00:00:00+09:00,2007.0,2020.0,1908.0,1973.0,559500,0.0,0.0
2022-08-10 00:00:00+09:00,1973.0,2013.0,1954.0,2007.0,257000,0.0,0.0
2022-08-12 00:00:00+09:00,2029.0,2037.0,2008.0,2014.0,161100,0.0,0.0
2022-08-15 00:00:00+09:00,2028.0,2028.0,2014.0,2021.0,76200,0.0,0.0
2022-08-16 00:00:00+09:00,2025.0,2025.0,2003.0,2014.0,74300,0.0,0.0
2022-08-17 00:00:00+09:00,2019.0,2042.0,2016.0,2042.0,166900,0.0,0.0
2022-08-18 00:00:00+09:00,2030.0,2063.0,2022.0,2052.0,110800,0.0,0.0
2022-08-19 00:00:00+09:00,2065.0,2076.0,2059.0,2075.0,103000,0.0,0.0
2022-08-22 00:00:00+09:00,2054.0,2074.0,2050.0,2064.0,86700,0.0,0.0
2022-08-23 00:00:00+09:00,2050.0,2053.0,2017.0,2020.0,176900,0.0,0.0
2022-08-24 00:00:00+09:00,2026.0,2046.0,2022.0,2029.0,132200,0.0,0.0
2022-08-25 00:00:00+09:00,2032.0,2033.0,2018.0,2027.0,84000,0.0,0.0
2022-08-26 00:00:00+09:00,2026.0,2032.0,2020.0,2026.0,87900,0.0,0.0
2022-08-29 00:00:00+09:00,1999.0,2007.0,1988.0,2001.0,223900,0.0,0.0
2022-08-30 00:00:00+09:00,2019.0,2019.0,2002.0,2015.0,184800,0.0,0.0
2022-08-31 00:00:00+09:00,1997.0,2023.0,1997.0,2020.0,179400,0.0,0.0
2022-09-01 00:00:00+09:00,1997.0,2002.0,1986.0,1994.0,236400,0.0,0.0
2022-09-02 00:00:00+09:00,1986.0,1988.0,1967.0,1972.0,239000,0.0,0.0
2022-09-05 00:00:00+09:00,1959.0,1959.0,1936.0,1940.0,375200,0.0,0.0
2022-09-06 00:00:00+09:00,1946.0,1962.0,1940.0,1950.0,142800,0.0,0.0
2022-09-07 00:00:00+09:00,1936.0,1943.0,1932.0,1937.0,167000,0.0,0.0
2022-09-08 00:00:00+09:00,1943.0,1970.0,1940.0,1970.0,182400,0.0,0.0
2022-09-09 00:00:00+09:00,1960.0,1974.0,1957.0,1968.0,149500,0.0,0.0
2022-09-12 00:00:00+09:00,1983.0,1984.0,1972.0,1982.0,115600,0.0,0.0
2022-09-13 00:00:00+09:00,1987.0,1987.0,1971.0,1984.0,137300,0.0,0.0
2022-09-14 00:00:00+09:00,1963.0,1973.0,1951.0,1962.0,199800,0.0,0.0
2022-09-15 00:00:00+09:00,1963.0,1964.0,1953.0,1958.0,95600,0.0,0.0
2022-09-16 00:00:00+09:00,1958.0,1965.0,1944.0,1944.0,195200,0.0,0.0
2022-09-20 00:00:00+09:00,1961.0,1966.0,1950.0,1955.0,121100,0.0,0.0
2022-09-21 00:00:00+09:00,1950.0,1952.0,1943.0,1945.0,106700,0.0,0.0
2022-09-22 00:00:00+09:00,1941.0,1943.0,1930.0,1940.0,240300,0.0,0.0
2022-09-26 00:00:00+09:00,1925.0,1925.0,1859.0,1864.0,452900,0.0,0.0
2022-09-27 00:00:00+09:00,1880.0,1890.0,1870.0,1880.0,187900,0.0,0.0
2022-09-28 00:00:00+09:00,1866.0,1870.0,1843.0,1861.0,299700,0.0,0.0
2022-09-29 00:00:00+09:00,1839.0,1846.0,1826.0,1835.0,203800,0.0,0.0
2022-09-30 00:00:00+09:00,1809.0,1811.0,1770.0,1771.0,216600,0.0,0.0
2022-10-03 00:00:00+09:00,1771.0,1806.0,1771.0,1803.0,217700,0.0,0.0
2022-10-04 00:00:00+09:00,1837.0,1859.0,1826.0,1850.0,178400,0.0,0.0
2022-10-05 00:00:00+09:00,1860.0,1862.0,1845.0,1852.0,158800,0.0,0.0
2022-10-06 00:00:00+09:00,1852.0,1870.0,1849.0,1860.0,132400,0.0,0.0
2022-10-07 00:00:00+09:00,1840.0,1865.0,1835.0,1856.0,137200,0.0,0.0
2022-10-11 00:00:00+09:00,1830.0,1834.0,1812.0,1817.0,126400,0.0,0.0
2022-10-12 00:00:00+09:00,1813.0,1822.0,1803.0,1815.0,146900,0.0,0.0
2022-10-13 00:00:00+09:00,1811.0,1817.0,1804.0,1807.0,93600,0.0,0.0
2022-10-14 00:00:00+09:00,1837.0,1858.0,1816.0,1852.0,121000,0.0,0.0
2022-10-17 00:00:00+09:00,1845.0,1855.0,1840.0,1842.0,63300,0.0,0.0
2022-10-18 00:00:00+09:00,1855.0,1856.0,1841.0,1853.0,51000,0.0,0.0
2022-10-19 00:00:00+09:00,1851.0,1869.0,1850.0,1868.0,86100,0.0,0.0
2022-10-20 00:00:00+09:00,1856.0,1864.0,1850.0,1858.0,79600,0.0,0.0
2022-10-21 00:00:00+09:00,1845.0,1849.0,1835.0,1838.0,79500,0.0,0.0
2022-10-24 00:00:00+09:00,1864.0,1868.0,1844.0,1848.0,80900,0.0,0.0
2022-10-25 00:00:00+09:00,1848.0,1864.0,1843.0,1862.0,91300,0.0,0.0
2022-10-26 00:00:00+09:00,1902.0,1966.0,1796.0,1834.0,1191200,0.0,0.0
2022-10-27 00:00:00+09:00,1830.0,1849.0,1812.0,1843.0,303000,0.0,0.0
2022-10-28 00:00:00+09:00,1825.0,1842.0,1803.0,1804.0,249700,0.0,0.0
2022-10-31 00:00:00+09:00,1836.0,1850.0,1825.0,1850.0,151000,0.0,0.0
2022-11-01 00:00:00+09:00,1850.0,1869.0,1839.0,1856.0,88800,0.0,0.0
2022-11-02 00:00:00+09:00,1857.0,1871.0,1847.0,1854.0,225200,0.0,0.0
2022-11-04 00:00:00+09:00,1850.0,1868.0,1841.0,1865.0,111800,0.0,0.0
2022-11-07 00:00:00+09:00,1875.0,1900.0,1865.0,1884.0,188300,0.0,0.0
2022-11-08 00:00:00+09:00,1889.0,1909.0,1880.0,1899.0,239100,0.0,0.0
2022-11-09 00:00:00+09:00,1892.0,1901.0,1699.0,1705.0,1081400,0.0,0.0
2022-11-10 00:00:00+09:00,1700.0,1740.0,1699.0,1706.0,570900,0.0,0.0
2022-11-11 00:00:00+09:00,1722.0,1730.0,1702.0,1714.0,399400,0.0,0.0
2022-11-14 00:00:00+09:00,1710.0,1716.0,1691.0,1691.0,306800,0.0,0.0
2022-11-15 00:00:00+09:00,1695.0,1739.0,1693.0,1733.0,288500,0.0,0.0
2022-11-16 00:00:00+09:00,1739.0,1741.0,1715.0,1725.0,217700,0.0,0.0
2022-11-17 00:00:00+09:00,1715.0,1733.0,1712.0,1728.0,137800,0.0,0.0
2022-11-18 00:00:00+09:00,1734.0,1744.0,1730.0,1736.0,122500,0.0,0.0
2022-11-21 00:00:00+09:00,1750.0,1753.0,1738.0,1746.0,104000,0.0,0.0
2022-11-22 00:00:00+09:00,1757.0,1766.0,1751.0,1752.0,113800,0.0,0.0
2022-11-24 00:00:00+09:00,1771.0,1771.0,1758.0,1762.0,141300,0.0,0.0
2022-11-25 00:00:00+09:00,1770.0,1792.0,1766.0,1779.0,201800,0.0,0.0
2022-11-28 00:00:00+09:00,1795.0,1797.0,1766.0,1767.0,150000,0.0,0.0
2022-11-29 00:00:00+09:00,1761.0,1767.0,1743.0,1750.0,203100,0.0,0.0
2022-11-30 00:00:00+09:00,1751.0,1751.0,1728.0,1740.0,159000,0.0,0.0
2022-12-01 00:00:00+09:00,1751.0,1751.0,1711.0,1712.0,208300,0.0,0.0
2022-12-02 00:00:00+09:00,1701.0,1705.0,1679.0,1688.0,262200,0.0,0.0
2022-12-05 00:00:00+09:00,1685.0,1685.0,1646.0,1656.0,292000,0.0,0.0
2022-12-06 00:00:00+09:00,1662.0,1671.0,1653.0,1660.0,145900,0.0,0.0
2022-12-07 00:00:00+09:00,1658.0,1674.0,1658.0,1666.0,144200,0.0,0.0
2022-12-08 00:00:00+09:00,1661.0,1669.0,1650.0,1668.0,128700,0.0,0.0
2022-12-09 00:00:00+09:00,1657.0,1671.0,1657.0,1666.0,128800,0.0,0.0
2022-12-12 00:00:00+09:00,1664.0,1684.0,1662.0,1680.0,200200,0.0,0.0
2022-12-13 00:00:00+09:00,1688.0,1693.0,1678.0,1690.0,101300,0.0,0.0
2022-12-14 00:00:00+09:00,1688.0,1689.0,1681.0,1689.0,79900,0.0,0.0
2022-12-15 00:00:00+09:00,1689.0,1708.0,1687.0,1699.0,95200,0.0,0.0
2022-12-16 00:00:00+09:00,1689.0,1707.0,1686.0,1687.0,103400,0.0,0.0
2022-12-19 00:00:00+09:00,1666.0,1682.0,1664.0,1679.0,187000,0.0,0.0
2022-12-20 00:00:00+09:00,1687.0,1702.0,1655.0,1669.0,270000,0.0,0.0
2022-12-21 00:00:00+09:00,1670.0,1670.0,1631.0,1636.0,267000,0.0,0.0
2022-12-22 00:00:00+09:00,1649.0,1662.0,1645.0,1655.0,151000,0.0,0.0
2022-12-23 00:00:00+09:00,1655.0,1669.0,1651.0,1663.0,110500,0.0,0.0
2022-12-26 00:00:00+09:00,1679.0,1698.0,1678.0,1696.0,144400,0.0,0.0
2022-12-27 00:00:00+09:00,1705.0,1706.0,1677.0,1689.0,67300,0.0,0.0
2022-12-28 00:00:00+09:00,1689.0,1691.0,1669.0,1681.0,217700,0.0,0.0
2022-12-29 00:00:00+09:00,1673.0,1701.0,1670.0,1699.0,64700,0.0,0.0
2022-12-30 00:00:00+09:00,1702.0,1712.0,1697.0,1702.0,115900,0.0,0.0
2023-01-04 00:00:00+09:00,1699.0,1700.0,1679.0,1688.0,96600,0.0,0.0
2023-01-05 00:00:00+09:00,1690.0,1700.0,1682.0,1699.0,73800,0.0,0.0
2023-01-06 00:00:00+09:00,1696.0,1706.0,1690.0,1706.0,83500,0.0,0.0
2023-01-10 00:00:00+09:00,1714.0,1729.0,1713.0,1719.0,94100,0.0,0.0
2023-01-11 00:00:00+09:00,1725.0,1730.0,1717.0,1720.0,60700,0.0,0.0
2023-01-12 00:00:00+09:00,1725.0,1726.0,1712.0,1714.0,53300,0.0,0.0
2023-01-13 00:00:00+09:00,1708.0,1724.0,1708.0,1712.0,79100,0.0,0.0
2023-01-16 00:00:00+09:00,1710.0,1714.0,1700.0,1710.0,64900,0.0,0.0
2023-01-17 00:00:00+09:00,1715.0,1737.0,1715.0,1732.0,74200,0.0,0.0
2023-01-18 00:00:00+09:00,1736.0,1741.0,1713.0,1738.0,83500,0.0,0.0
2023-01-19 00:00:00+09:00,1735.0,1736.0,1720.0,1721.0,46100,0.0,0.0
2023-01-20 00:00:00+09:00,1720.0,1729.0,1716.0,1725.0,33500,0.0,0.0
2023-01-23 00:00:00+09:00,1740.0,1749.0,1733.0,1747.0,82100,0.0,0.0
2023-01-24 00:00:00+09:00,1754.0,1760.0,1748.0,1756.0,89500,0.0,0.0
2023-01-25 00:00:00+09:00,1757.0,1768.0,1754.0,1763.0,60800,0.0,0.0
2023-01-26 00:00:00+09:00,1748.0,1752.0,1738.0,1749.0,105800,0.0,0.0
2023-01-27 00:00:00+09:00,1754.0,1756.0,1747.0,1752.0,70900,0.0,0.0
2023-01-30 00:00:00+09:00,1758.0,1761.0,1750.0,1753.0,121900,0.0,0.0
2023-01-31 00:00:00+09:00,1770.0,1774.0,1752.0,1774.0,137300,0.0,0.0
2023-02-01 00:00:00+09:00,1782.0,1784.0,1759.0,1764.0,92500,0.0,0.0
2023-02-02 00:00:00+09:00,1774.0,1779.0,1755.0,1757.0,101900,0.0,0.0
2023-02-03 00:00:00+09:00,1755.0,1769.0,1752.0,1769.0,90300,0.0,0.0
2023-02-06 00:00:00+09:00,1784.0,1789.0,1773.0,1776.0,143900,0.0,0.0
2023-02-07 00:00:00+09:00,1783.0,1797.0,1781.0,1790.0,142200,0.0,0.0
2023-02-08 00:00:00+09:00,1785.0,1793.0,1767.0,1793.0,114800,0.0,0.0
2023-02-09 00:00:00+09:00,1785.0,1919.0,1759.0,1894.0,531000,0.0,0.0
2023-02-10 00:00:00+09:00,1871.0,1896.0,1854.0,1879.0,302800,0.0,0.0
2023-02-13 00:00:00+09:00,1864.0,1884.0,1852.0,1878.0,127100,0.0,0.0
2023-02-14 00:00:00+09:00,1890.0,1898.0,1871.0,1884.0,112100,0.0,0.0
2023-02-15 00:00:00+09:00,1890.0,1917.0,1890.0,1917.0,163200,0.0,0.0
2023-02-16 00:00:00+09:00,1920.0,1933.0,1912.0,1919.0,116100,0.0,0.0
2023-02-17 00:00:00+09:00,1910.0,1936.0,1906.0,1936.0,89800,0.0,0.0
2023-02-20 00:00:00+09:00,1940.0,1944.0,1928.0,1929.0,88500,0.0,0.0
2023-02-21 00:00:00+09:00,1939.0,1975.0,1936.0,1971.0,143600,0.0,0.0
2023-02-22 00:00:00+09:00,1960.0,1971.0,1953.0,1961.0,99000,0.0,0.0
2023-02-24 00:00:00+09:00,1960.0,1996.0,1946.0,1991.0,172900,0.0,0.0
2023-02-27 00:00:00+09:00,1995.0,2010.0,1992.0,2007.0,110500,0.0,0.0
2023-02-28 00:00:00+09:00,2015.0,2018.0,2003.0,2009.0,107600,0.0,0.0
2023-03-01 00:00:00+09:00,2002.0,2035.0,1999.0,2026.0,147000,0.0,0.0
2023-03-02 00:00:00+09:00,2036.0,2037.0,2012.0,2019.0,116700,0.0,0.0
2023-03-03 00:00:00+09:00,2029.0,2036.0,2018.0,2025.0,132700,0.0,0.0
2023-03-06 00:00:00+09:00,2036.0,2039.0,2013.0,2031.0,112500,0.0,0.0
2023-03-07 00:00:00+09:00,2034.0,2056.0,2024.0,2049.0,126100,0.0,0.0
2023-03-08 00:00:00+09:00,2022.0,2052.0,2021.0,2048.0,101800,0.0,0.0
2023-03-09 00:00:00+09:00,2050.0,2056.0,2038.0,2043.0,100800,0.0,0.0
2023-03-10 00:00:00+09:00,2026.0,2045.0,2022.0,2026.0,124600,0.0,0.0
2023-03-13 00:00:00+09:00,1985.0,1990.0,1948.0,1964.0,158800,0.0,0.0
2023-03-14 00:00:00+09:00,1919.0,1919.0,1867.0,1873.0,168000,0.0,0.0
2023-03-15 00:00:00+09:00,1900.0,1914.0,1893.0,1909.0,90700,0.0,0.0
2023-03-16 00:00:00+09:00,1877.0,1879.0,1836.0,1863.0,114900,0.0,0.0
2023-03-17 00:00:00+09:00,1889.0,1895.0,1860.0,1877.0,125000,0.0,0.0
2023-03-20 00:00:00+09:00,1858.0,1870.0,1847.0,1850.0,92700,0.0,0.0
2023-03-22 00:00:00+09:00,1890.0,1897.0,1881.0,1885.0,134100,0.0,0.0
2023-03-23 00:00:00+09:00,1855.0,1883.0,1843.0,1882.0,76500,0.0,0.0
2023-03-24 00:00:00+09:00,1874.0,1894.0,1860.0,1880.0,86400,0.0,0.0
2023-03-27 00:00:00+09:00,1900.0,1900.0,1885.0,1891.0,86400,0.0,0.0
2023-03-28 00:00:00+09:00,1912.0,1915.0,1880.0,1887.0,100400,0.0,0.0
2023-03-29 00:00:00+09:00,1885.0,1913.0,1880.0,1913.0,200300,0.0,0.0
2023-03-30 00:00:00+09:00,1877.0,1902.0,1862.0,1898.0,114900,0.0,0.0
2023-03-31 00:00:00+09:00,1907.0,1943.0,1906.0,1930.0,148600,0.0,0.0
2023-04-03 00:00:00+09:00,1953.0,1957.0,1934.0,1944.0,155200,0.0,0.0
2023-04-04 00:00:00+09:00,1940.0,1955.0,1927.0,1954.0,104700,0.0,0.0
2023-04-05 00:00:00+09:00,1923.0,1923.0,1900.0,1901.0,78100,0.0,0.0
2023-04-06 00:00:00+09:00,1877.0,1881.0,1859.0,1871.0,93700,0.0,0.0
2023-04-07 00:00:00+09:00,1869.0,1878.0,1867.0,1869.0,64700,0.0,0.0
2023-04-10 00:00:00+09:00,1900.0,1908.0,1883.0,1891.0,67900,0.0,0.0
2023-04-11 00:00:00+09:00,1918.0,1918.0,1886.0,1902.0,65100,0.0,0.0
2023-04-12 00:00:00+09:00,1903.0,1921.0,1903.0,1919.0,72400,0.0,0.0
2023-04-13 00:00:00+09:00,1921.0,1921.0,1904.0,1910.0,71800,0.0,0.0
2023-04-14 00:00:00+09:00,1919.0,1919.0,1893.0,1896.0,80000,0.0,0.0
2023-04-17 00:00:00+09:00,1919.0,1949.0,1912.0,1949.0,107700,0.0,0.0
2023-04-18 00:00:00+09:00,1960.0,1961.0,1934.0,1941.0,118500,0.0,0.0
2023-04-19 00:00:00+09:00,1955.0,1955.0,1934.0,1938.0,85700,0.0,0.0
2023-04-20 00:00:00+09:00,1930.0,1961.0,1930.0,1955.0,83600,0.0,0.0
2023-04-21 00:00:00+09:00,1958.0,1966.0,1943.0,1957.0,60800,0.0,0.0
2023-04-24 00:00:00+09:00,1960.0,1979.0,1957.0,1973.0,73800,0.0,0.0
2023-04-25 00:00:00+09:00,1986.0,1993.0,1963.0,1976.0,93400,0.0,0.0
2023-04-26 00:00:00+09:00,1960.0,1968.0,1939.0,1962.0,73800,0.0,0.0
2023-04-27 00:00:00+09:00,1960.0,1988.0,1957.0,1983.0,70200,0.0,0.0
2023-04-28 00:00:00+09:00,1996.0,2015.0,1996.0,2010.0,167800,0.0,0.0
2023-05-01 00:00:00+09:00,2028.0,2030.0,2003.0,2020.0,92500,0.0,0.0
2023-05-02 00:00:00+09:00,2020.0,2025.0,2000.0,2020.0,64500,0.0,0.0
2023-05-08 00:00:00+09:00,2025.0,2104.0,2024.0,2089.0,277600,0.0,0.0
2023-05-09 00:00:00+09:00,2084.0,2110.0,2055.0,2102.0,149100,0.0,0.0
2023-05-10 00:00:00+09:00,2132.0,2139.0,2106.0,2137.0,161700,0.0,0.0
2023-05-11 00:00:00+09:00,2112.0,2115.0,2079.0,2087.0,73100,0.0,0.0
2023-05-12 00:00:00+09:00,2137.0,2139.0,1867.0,1945.0,654700,0.0,0.0
2023-05-15 00:00:00+09:00,1937.0,1969.0,1929.0,1956.0,245800,0.0,0.0
2023-05-16 00:00:00+09:00,1950.0,1956.0,1899.0,1922.0,214200,0.0,0.0
2023-05-17 00:00:00+09:00,1911.0,1931.0,1904.0,1914.0,131800,0.0,0.0
2023-05-18 00:00:00+09:00,1934.0,1949.0,1905.0,1948.0,140400,0.0,0.0
2023-05-19 00:00:00+09:00,1950.0,1963.0,1942.0,1951.0,144900,0.0,0.0
2023-05-22 00:00:00+09:00,1965.0,1998.0,1957.0,1997.0,106000,0.0,0.0
2023-05-23 00:00:00+09:00,2016.0,2029.0,1994.0,1998.0,136400,0.0,0.0
2023-05-24 00:00:00+09:00,1999.0,1999.0,1980.0,1980.0,58000,0.0,0.0
2023-05-25 00:00:00+09:00,1980.0,1991.0,1967.0,1979.0,57300,0.0,0.0
2023-05-26 00:00:00+09:00,1985.0,1995.0,1943.0,1944.0,136400,0.0,0.0
2023-05-29 00:00:00+09:00,1972.0,1977.0,1951.0,1956.0,104900,0.0,0.0
2023-05-30 00:00:00+09:00,1949.0,1963.0,1917.0,1934.0,106400,0.0,0.0
2023-05-31 00:00:00+09:00,1932.0,1933.0,1903.0,1906.0,96700,0.0,0.0
2023-06-01 00:00:00+09:00,1901.0,1907.0,1881.0,1889.0,101400,0.0,0.0
2023-06-02 00:00:00+09:00,1883.0,1916.0,1875.0,1913.0,89000,0.0,0.0
2023-06-05 00:00:00+09:00,1950.0,1960.0,1936.0,1952.0,125100,0.0,0.0
2023-06-06 00:00:00+09:00,1926.0,1949.0,1916.0,1949.0,152200,0.0,0.0
2023-06-07 00:00:00+09:00,1975.0,1976.0,1931.0,1931.0,110800,0.0,0.0
2023-06-08 00:00:00+09:00,1954.0,1954.0,1904.0,1911.0,108500,0.0,0.0
2023-06-09 00:00:00+09:00,1917.0,1992.0,1910.0,1987.0,365500,0.0,0.0
2023-06-12 00:00:00+09:00,1982.0,2002.0,1969.0,1980.0,145300,0.0,0.0
2023-06-13 00:00:00+09:00,2009.0,2033.0,1998.0,2025.0,151100,0.0,0.0
2023-06-14 00:00:00+09:00,2050.0,2100.0,2047.0,2068.0,200800,0.0,0.0
2023-06-15 00:00:00+09:00,2082.0,2112.0,2079.0,2101.0,136600,0.0,0.0
2023-06-16 00:00:00+09:00,2100.0,2104.0,2075.0,2101.0,237100,0.0,0.0
2023-06-19 00:00:00+09:00,2129.0,2146.0,2110.0,2124.0,230100,0.0,0.0
2023-06-20 00:00:00+09:00,2108.0,2108.0,2061.0,2074.0,130600,0.0,0.0
2023-06-21 00:00:00+09:00,2075.0,2139.0,2075.0,2124.0,131600,0.0,0.0
2023-06-22 00:00:00+09:00,2114.0,2119.0,2094.0,2100.0,109700,0.0,0.0
2023-06-23 00:00:00+09:00,2100.0,2114.0,2078.0,2104.0,118100,0.0,0.0
2023-06-26 00:00:00+09:00,2099.0,2099.0,2071.0,2081.0,58300,0.0,0.0
2023-06-27 00:00:00+09:00,2094.0,2102.0,2068.0,2085.0,123700,0.0,0.0
2023-06-28 00:00:00+09:00,2110.0,2141.0,2095.0,2141.0,109500,0.0,0.0
2023-06-29 00:00:00+09:00,2155.0,2179.0,2155.0,2162.0,112100,0.0,0.0
2023-06-30 00:00:00+09:00,2185.0,2188.0,2155.0,2168.0,109700,0.0,0.0
2023-07-03 00:00:00+09:00,2184.0,2210.0,2184.0,2198.0,111400,0.0,0.0
2023-07-04 00:00:00+09:00,2210.0,2229.0,2204.0,2215.0,101500,0.0,0.0
2023-07-05 00:00:00+09:00,2204.0,2206.0,2185.0,2204.0,80200,0.0,0.0
2023-07-06 00:00:00+09:00,2200.0,2210.0,2180.0,2186.0,92300,0.0,0.0
2023-07-07 00:00:00+09:00,2170.0,2218.0,2162.0,2191.0,112000,0.0,0.0
2023-07-10 00:00:00+09:00,2196.0,2209.0,2176.0,2186.0,109600,0.0,0.0
2023-07-11 00:00:00+09:00,2192.0,2204.0,2173.0,2173.0,89300,0.0,0.0
2023-07-12 00:00:00+09:00,2193.0,2194.0,2148.0,2148.0,110600,0.0,0.0
2023-07-13 00:00:00+09:00,2140.0,2159.0,2127.0,2146.0,64100,0.0,0.0
2023-07-14 00:00:00+09:00,2162.0,2164.0,2114.0,2126.0,57100,0.0,0.0
2023-07-18 00:00:00+09:00,2122.0,2161.0,2122.0,2161.0,55800,0.0,0.0
2023-07-19 00:00:00+09:00,2186.0,2200.0,2176.0,2200.0,93600,0.0,0.0
2023-07-20 00:00:00+09:00,2208.0,2217.0,2177.0,2183.0,78300,0.0,0.0
2023-07-21 00:00:00+09:00,2183.0,2183.0,2164.0,2177.0,41200,0.0,0.0
2023-07-24 00:00:00+09:00,2180.0,2203.0,2180.0,2195.0,61100,0.0,0.0
2023-07-25 00:00:00+09:00,2195.0,2241.0,2190.0,2232.0,115300,0.0,0.0
2023-07-26 00:00:00+09:00,2223.0,2223.0,2189.0,2189.0,75000,0.0,0.0
2023-07-27 00:00:00+09:00,2201.0,2202.0,2182.0,2194.0,57800,0.0,0.0
2023-07-28 00:00:00+09:00,2170.0,2198.0,2160.0,2182.0,97000,0.0,0.0
2023-07-31 00:00:00+09:00,2228.0,2228.0,2199.0,2212.0,93500,0.0,0.0
2023-08-01 00:00:00+09:00,2217.0,2238.0,2206.0,2237.0,69200,0.0,0.0
2023-08-02 00:00:00+09:00,2220.0,2235.0,2203.0,2213.0,63100,0.0,0.0
2023-08-03 00:00:00+09:00,2188.0,2189.0,2141.0,2141.0,110600,0.0,0.0
2023-08-04 00:00:00+09:00,2140.0,2172.0,2138.0,2157.0,67900,0.0,0.0
2023-08-07 00:00:00+09:00,2148.0,2150.0,2117.0,2141.0,113100,0.0,0.0
2023-08-08 00:00:00+09:00,2155.0,2214.0,2101.0,2155.0,355600,0.0,0.0
2023-08-09 00:00:00+09:00,2176.0,2183.0,2157.0,2171.0,140100,0.0,0.0
2023-08-10 00:00:00+09:00,2171.0,2203.0,2142.0,2203.0,90500,0.0,0.0
2023-08-14 00:00:00+09:00,2191.0,2213.0,2173.0,2179.0,101500,0.0,0.0
2023-08-15 00:00:00+09:00,2193.0,2193.0,2172.0,2172.0,41600,0.0,0.0
2023-08-16 00:00:00+09:00,2140.0,2159.0,2132.0,2148.0,84300,0.0,0.0
2023-08-17 00:00:00+09:00,2148.0,2152.0,2117.0,2152.0,83900,0.0,0.0
2023-08-18 00:00:00+09:00,2125.0,2135.0,2119.0,2128.0,92300,0.0,0.0
2023-08-21 00:00:00+09:00,2142.0,2155.0,2128.0,2139.0,50000,0.0,0.0
2023-08-22 00:00:00+09:00,2139.0,2184.0,2135.0,2184.0,102500,0.0,0.0
2023-08-23 00:00:00+09:00,2162.0,2212.0,2154.0,2212.0,126500,0.0,0.0
2023-08-24 00:00:00+09:00,2196.0,2209.0,2195.0,2204.0,60700,0.0,0.0
2023-08-25 00:00:00+09:00,2190.0,2211.0,2182.0,2211.0,50600,0.0,0.0
2023-08-28 00:00:00+09:00,2220.0,2260.0,2217.0,2252.0,94500,0.0,0.0
2023-08-29 00:00:00+09:00,2254.0,2267.0,2244.0,2258.0,72600,0.0,0.0
2023-08-30 00:00:00+09:00,2263.0,2284.0,2255.0,2283.0,70400,0.0,0.0
2023-08-31 00:00:00+09:00,2299.0,2340.0,2296.0,2336.0,147400,0.0,0.0
2023-09-01 00:00:00+09:00,2339.0,2364.0,2325.0,2364.0,125000,0.0,0.0
2023-09-04 00:00:00+09:00,2380.0,2396.0,2357.0,2396.0,75100,0.0,0.0
2023-09-05 00:00:00+09:00,2400.0,2406.0,2387.0,2402.0,108900,0.0,0.0
2023-09-06 00:00:00+09:00,2400.0,2413.0,2395.0,2400.0,63100,0.0,0.0
2023-09-07 00:00:00+09:00,2400.0,2428.0,2396.0,2410.0,122600,0.0,0.0
2023-09-08 00:00:00+09:00,2386.0,2400.0,2367.0,2384.0,147900,0.0,0.0
2023-09-11 00:00:00+09:00,2387.0,2394.0,2358.0,2372.0,135900,0.0,0.0
2023-09-12 00:00:00+09:00,2385.0,2419.0,2385.0,2415.0,117900,0.0,0.0
2023-09-13 00:00:00+09:00,2415.0,2429.0,2394.0,2400.0,86500,0.0,0.0
2023-09-14 00:00:00+09:00,2400.0,2421.0,2384.0,2412.0,67800,0.0,0.0
2023-09-15 00:00:00+09:00,2424.0,2454.0,2424.0,2437.0,97800,0.0,0.0
2023-09-19 00:00:00+09:00,2436.0,2470.0,2415.0,2469.0,80500,0.0,0.0
2023-09-20 00:00:00+09:00,2455.0,2457.0,2405.0,2405.0,113900,0.0,0.0
2023-09-21 00:00:00+09:00,2406.0,2442.0,2403.0,2409.0,83300,0.0,0.0
2023-09-22 00:00:00+09:00,2400.0,2405.0,2368.0,2397.0,149400,0.0,0.0
2023-09-25 00:00:00+09:00,2405.0,2422.0,2398.0,2417.0,72300,0.0,0.0
2023-09-26 00:00:00+09:00,2416.0,2416.0,2385.0,2400.0,96700,0.0,0.0
2023-09-27 00:00:00+09:00,2380.0,2417.0,2355.0,2411.0,158600,0.0,0.0
2023-09-28 00:00:00+09:00,2356.0,2383.0,2340.0,2356.0,128700,0.0,0.0
2023-09-29 00:00:00+09:00,2358.0,2359.0,2279.0,2288.0,108100,0.0,0.0
2023-10-02 00:00:00+09:00,2300.0,2344.0,2292.0,2295.0,91400,0.0,0.0
2023-10-03 00:00:00+09:00,2293.0,2296.0,2235.0,2237.0,107200,0.0,0.0
2023-10-04 00:00:00+09:00,2200.0,2200.0,2145.0,2158.0,150000,0.0,0.0
2023-10-05 00:00:00+09:00,2162.0,2194.0,2162.0,2181.0,118300,0.0,0.0
2023-10-06 00:00:00+09:00,2199.0,2232.0,2190.0,2213.0,80200,0.0,0.0
2023-10-10 00:00:00+09:00,2223.0,2263.0,2223.0,2257.0,134600,0.0,0.0
2023-10-11 00:00:00+09:00,2283.0,2285.0,2241.0,2244.0,55500,0.0,0.0
2023-10-12 00:00:00+09:00,2243.0,2274.0,2227.0,2270.0,61200,0.0,0.0
2023-10-13 00:00:00+09:00,2258.0,2258.0,2207.0,2218.0,59800,0.0,0.0
2023-10-16 00:00:00+09:00,2200.0,2216.0,2182.0,2192.0,54500,0.0,0.0
2023-10-17 00:00:00+09:00,2220.0,2226.0,2182.0,2202.0,40100,0.0,0.0
2023-10-18 00:00:00+09:00,2223.0,2232.0,2204.0,2229.0,53600,0.0,0.0
2023-10-19 00:00:00+09:00,2185.0,2200.0,2172.0,2178.0,64400,0.0,0.0
2023-10-20 00:00:00+09:00,2166.0,2166.0,2135.0,2147.0,59000,0.0,0.0
2023-10-23 00:00:00+09:00,2136.0,2165.0,2126.0,2129.0,151500,0.0,0.0
2023-10-24 00:00:00+09:00,2118.0,2158.0,2080.0,2146.0,104500,0.0,0.0
2023-10-25 00:00:00+09:00,2146.0,2284.0,2137.0,2224.0,307700,0.0,0.0
2023-10-26 00:00:00+09:00,2215.0,2234.0,2202.0,2220.0,169900,0.0,0.0
2023-10-27 00:00:00+09:00,2244.0,2253.0,2220.0,2250.0,80900,0.0,0.0
2023-10-30 00:00:00+09:00,2179.0,2192.0,2162.0,2189.0,375900,0.0,0.0
2023-10-31 00:00:00+09:00,2207.0,2213.0,2163.0,2211.0,87900,0.0,0.0
2023-11-01 00:00:00+09:00,2252.0,2267.0,2243.0,2260.0,118000,0.0,0.0
2023-11-02 00:00:00+09:00,2270.0,2280.0,2218.0,2224.0,88200,0.0,0.0
2023-11-06 00:00:00+09:00,2280.0,2295.0,2260.0,2277.0,135600,0.0,0.0
2023-11-07 00:00:00+09:00,2253.0,2317.0,2237.0,2291.0,247300,0.0,0.0
2023-11-08 00:00:00+09:00,2251.0,2279.0,2205.0,2248.0,463500,0.0,0.0
2023-11-09 00:00:00+09:00,2260.0,2303.0,2231.0,2299.0,162500,0.0,0.0
2023-11-10 00:00:00+09:00,2296.0,2313.0,2267.0,2308.0,97500,0.0,0.0
2023-11-13 00:00:00+09:00,2312.0,2319.0,2267.0,2278.0,65200,0.0,0.0
2023-11-14 00:00:00+09:00,2298.0,2310.0,2265.0,2267.0,68800,0.0,0.0
2023-11-15 00:00:00+09:00,2300.0,2300.0,2267.0,2283.0,65100,0.0,0.0
2023-11-16 00:00:00+09:00,2297.0,2326.0,2290.0,2317.0,74300,0.0,0.0
2023-11-17 00:00:00+09:00,2315.0,2315.0,2278.0,2312.0,93100,0.0,0.0
2023-11-20 00:00:00+09:00,2327.0,2340.0,2281.0,2281.0,99900,0.0,0.0
2023-11-21 00:00:00+09:00,2275.0,2278.0,2233.0,2251.0,120700,0.0,0.0
2023-11-22 00:00:00+09:00,2240.0,2286.0,2238.0,2277.0,74500,0.0,0.0
2023-11-24 00:00:00+09:00,2295.0,2312.0,2288.0,2305.0,52200,0.0,0.0
2023-11-27 00:00:00+09:00,2330.0,2330.0,2300.0,2308.0,123300,0.0,0.0
2023-11-28 00:00:00+09:00,2323.0,2347.0,2323.0,2337.0,84500,0.0,0.0
2023-11-29 00:00:00+09:00,2318.0,2319.0,2279.0,2279.0,89000,0.0,0.0
2023-11-30 00:00:00+09:00,2273.0,2282.0,2256.0,2265.0,155500,0.0,0.0
2023-12-01 00:00:00+09:00,2307.0,2318.0,2291.0,2305.0,96500,0.0,0.0
2023-12-04 00:00:00+09:00,2295.0,2303.0,2273.0,2279.0,109300,0.0,0.0
2023-12-05 00:00:00+09:00,2279.0,2292.0,2248.0,2248.0,95100,0.0,0.0
2023-12-06 00:00:00+09:00,2248.0,2295.0,2248.0,2283.0,104200,0.0,0.0
2023-12-07 00:00:00+09:00,2260.0,2266.0,2228.0,2246.0,121200,0.0,0.0
2023-12-08 00:00:00+09:00,2225.0,2230.0,2173.0,2187.0,168600,0.0,0.0
2023-12-11 00:00:00+09:00,2220.0,2220.0,2196.0,2206.0,101000,0.0,0.0
2023-12-12 00:00:00+09:00,2239.0,2239.0,2194.0,2199.0,74200,0.0,0.0
2023-12-13 00:00:00+09:00,2197.0,2205.0,2184.0,2191.0,88100,0.0,0.0
2023-12-14 00:00:00+09:00,2184.0,2190.0,2147.0,2151.0,101800,0.0,0.0
2023-12-15 00:00:00+09:00,2137.0,2160.0,2137.0,2154.0,155900,0.0,0.0
2023-12-18 00:00:00+09:00,2143.0,2177.0,2125.0,2173.0,68900,0.0,0.0
2023-12-19 00:00:00+09:00,2192.0,2195.0,2160.0,2185.0,111700,0.0,0.0
2023-12-20 00:00:00+09:00,2198.0,2203.0,2170.0,2190.0,163900,0.0,0.0
2023-12-21 00:00:00+09:00,2188.0,2189.0,2169.0,2173.0,70100,0.0,0.0
2023-12-22 00:00:00+09:00,2177.0,2196.0,2175.0,2195.0,64000,0.0,0.0
2023-12-25 00:00:00+09:00,2239.0,2239.0,2210.0,2210.0,133400,0.0,0.0
2023-12-26 00:00:00+09:00,2237.0,2250.0,2211.0,2231.0,143600,0.0,0.0
2023-12-27 00:00:00+09:00,2235.0,2257.0,2231.0,2252.0,95200,0.0,0.0
2023-12-28 00:00:00+09:00,2253.0,2299.0,2252.0,2282.0,110200,0.0,0.0
2023-12-29 00:00:00+09:00,2283.0,2330.0,2282.0,2330.0,149000,0.0,0.0
2024-01-04 00:00:00+09:00,2333.0,2368.0,2296.0,2368.0,144600,0.0,0.0
2024-01-05 00:00:00+09:00,2395.0,2409.0,2383.0,2403.0,130300,0.0,0.0
2024-01-09 00:00:00+09:00,2416.0,2444.0,2404.0,2424.0,124100,0.0,0.0
2024-01-10 00:00:00+09:00,2430.0,2474.0,2424.0,2470.0,135600,0.0,0.0
2024-01-11 00:00:00+09:00,2501.0,2517.0,2452.0,2463.0,166000,0.0,0.0
2024-01-12 00:00:00+09:00,2470.0,2482.0,2422.0,2431.0,125300,0.0,0.0
2024-01-15 00:00:00+09:00,2431.0,2454.0,2431.0,2454.0,15100,0.0,0.0
2024-01-16 00:00:00+09:00,2431.0,2485.0,2431.0,2456.0,93100,0.0,0.0
2024-01-17 00:00:00+09:00,2489.0,2512.0,2461.0,2462.0,108700,0.0,0.0
2024-01-18 00:00:00+09:00,2469.0,2524.0,2469.0,2520.0,94900,0.0,0.0
2024-01-19 00:00:00+09:00,2545.0,2545.0,2502.0,2509.0,102000,0.0,0.0
2024-01-22 00:00:00+09:00,2515.0,2542.0,2515.0,2540.0,61500,0.0,0.0
2024-01-23 00:00:00+09:00,2542.0,2567.0,2540.0,2550.0,103900,0.0,0.0
2024-01-24 00:00:00+09:00,2550.0,2554.0,2517.0,2523.0,71400,0.0,0.0
2024-01-25 00:00:00+09:00,2525.0,2539.0,2520.0,2529.0,51400,0.0,0.0
2024-01-26 00:00:00+09:00,2529.0,2538.0,2488.0,2497.0,89600,0.0,0.0
2024-01-29 00:00:00+09:00,2521.0,2532.0,2503.0,2515.0,53900,0.0,0.0
2024-01-30 00:00:00+09:00,2520.0,2523.0,2497.0,2500.0,55800,0.0,0.0
2024-01-31 00:00:00+09:00,2508.0,2518.0,2483.0,2516.0,78700,0.0,0.0
2024-02-01 00:00:00+09:00,2500.0,2526.0,2500.0,2513.0,63400,0.0,0.0
2024-02-02 00:00:00+09:00,2523.0,2523.0,2490.0,2502.0,78500,0.0,0.0
2024-02-05 00:00:00+09:00,2525.0,2542.0,2514.0,2514.0,75700,0.0,0.0
2024-02-06 00:00:00+09:00,2509.0,2524.0,2496.0,2509.0,73300,0.0,0.0
2024-02-07 00:00:00+09:00,2505.0,2757.0,2505.0,2664.0,556400,0.0,0.0
2024-02-08 00:00:00+09:00,2642.0,2656.0,2591.0,2656.0,215700,0.0,0.0
2024-02-09 00:00:00+09:00,2640.0,2647.0,2588.0,2610.0,178900,0.0,0.0
2024-02-13 00:00:00+09:00,2632.0,2667.0,2606.0,2659.0,138500,0.0,0.0
2024-02-14 00:00:00+09:00,2655.0,2670.0,2630.0,2653.0,94400,0.0,0.0
2024-02-15 00:00:00+09:00,2703.0,2710.0,2620.0,2636.0,113700,0.0,0.0
2024-02-16 00:00:00+09:00,2659.0,2674.0,2648.0,2653.0,77200,0.0,0.0
2024-02-19 00:00:00+09:00,2659.0,2685.0,2659.0,2685.0,65800,0.0,0.0
2024-02-20 00:00:00+09:00,2694.0,2712.0,2687.0,2708.0,76900,0.0,0.0
2024-02-21 00:00:00+09:00,2708.0,2712.0,2673.0,2699.0,86600,0.0,0.0
2024-02-22 00:00:00+09:00,2715.0,2717.0,2695.0,2714.0,66600,0.0,0.0
2024-02-26 00:00:00+09:00,2730.0,2753.0,2719.0,2721.0,73700,0.0,0.0
2024-02-27 00:00:00+09:00,2724.0,2765.0,2719.0,2762.0,89400,0.0,0.0
2024-02-28 00:00:00+09:00,2770.0,2807.0,2762.0,2762.0,130100,0.0,0.0
2024-02-29 00:00:00+09:00,2786.0,2800.0,2745.0,2797.0,175700,0.0,0.0
2024-03-01 00:00:00+09:00,2789.0,2803.0,2775.0,2789.0,116000,0.0,0.0
2024-03-04 00:00:00+09:00,2790.0,2793.0,2757.0,2760.0,102900,0.0,0.0
2024-03-05 00:00:00+09:00,2760.0,2761.0,2736.0,2744.0,79200,0.0,0.0
2024-03-06 00:00:00+09:00,2739.0,2786.0,2735.0,2761.0,110000,0.0,0.0
2024-03-07 00:00:00+09:00,2765.0,2770.0,2706.0,2711.0,90500,0.0,0.0
2024-03-08 00:00:00+09:00,2701.0,2738.0,2685.0,2709.0,119200,0.0,0.0
2024-03-11 00:00:00+09:00,2700.0,2710.0,2645.0,2677.0,139500,0.0,0.0
2024-03-12 00:00:00+09:00,2651.0,2679.0,2616.0,2678.0,107500,0.0,0.0
2024-03-13 00:00:00+09:00,2700.0,2724.0,2650.0,2664.0,66500,0.0,0.0
2024-03-14 00:00:00+09:00,2662.0,2669.0,2634.0,2644.0,87000,0.0,0.0
2024-03-15 00:00:00+09:00,2636.0,2679.0,2636.0,2653.0,105200,0.0,0.0
2024-03-18 00:00:00+09:00,2688.0,2695.0,2666.0,2679.0,62800,0.0,0.0
2024-03-19 00:00:00+09:00,2660.0,2709.0,2642.0,2702.0,109400,0.0,0.0
2024-03-21 00:00:00+09:00,2732.0,2742.0,2720.0,2728.0,85200,0.0,0.0
2024-03-22 00:00:00+09:00,2730.0,2756.0,2727.0,2756.0,84600,0.0,0.0
2024-03-25 00:00:00+09:00,2745.0,2755.0,2719.0,2719.0,130100,0.0,0.0
2024-03-26 00:00:00+09:00,2716.0,2755.0,2716.0,2748.0,101000,0.0,0.0
2024-03-27 00:00:00+09:00,2779.0,2794.0,2738.0,2749.0,221800,0.0,0.0
2024-03-28 00:00:00+09:00,2695.0,2709.0,2643.0,2644.0,131700,0.0,0.0
2024-03-29 00:00:00+09:00,2666.0,2708.0,2665.0,2704.0,78300,0.0,0.0
2024-04-01 00:00:00+09:00,2715.0,2719.0,2662.0,2663.0,97900,0.0,0.0
2024-04-02 00:00:00+09:00,2663.0,2676.0,2605.0,2606.0,93900,0.0,0.0
2024-04-03 00:00:00+09:00,2594.0,2658.0,2590.0,2640.0,111600,0.0,0.0
2024-04-04 00:00:00+09:00,2646.0,2654.0,2628.0,2639.0,84500,0.0,0.0
2024-04-05 00:00:00+09:00,2605.0,2631.0,2597.0,2631.0,80600,0.0,0.0
2024-04-08 00:00:00+09:00,2620.0,2639.0,2610.0,2637.0,55100,0.0,0.0
2024-04-09 00:00:00+09:00,2660.0,2664.0,2636.0,2646.0,53300,0.0,0.0
2024-04-10 00:00:00+09:00,2640.0,2687.0,2640.0,2673.0,88500,0.0,0.0
2024-04-11 00:00:00+09:00,2645.0,2667.0,2640.0,2664.0,54800,0.0,0.0
2024-04-12 00:00:00+09:00,2660.0,2677.0,2657.0,2671.0,43800,0.0,0.0
2024-04-15 00:00:00+09:00,2640.0,2659.0,2618.0,2652.0,37800,0.0,0.0
2024-04-16 00:00:00+09:00,2631.0,2632.0,2582.0,2604.0,78500,0.0,0.0
2024-04-17 00:00:00+09:00,2614.0,2630.0,2584.0,2617.0,69000,0.0,0.0
2024-04-18 00:00:00+09:00,2596.0,2650.0,2594.0,2639.0,86700,0.0,0.0
2024-04-19 00:00:00+09:00,2627.0,2637.0,2547.0,2582.0,101400,0.0,0.0
2024-04-22 00:00:00+09:00,2623.0,2658.0,2611.0,2647.0,70300,0.0,0.0
2024-04-23 00:00:00+09:00,2637.0,2646.0,2602.0,2628.0,114000,0.0,0.0
2024-04-24 00:00:00+09:00,2634.0,2649.0,2617.0,2646.0,113800,0.0,0.0
2024-04-25 00:00:00+09:00,2628.0,2631.0,2601.0,2601.0,52200,0.0,0.0
2024-04-26 00:00:00+09:00,2586.0,2615.0,2570.0,2604.0,93900,0.0,0.0
2024-04-30 00:00:00+09:00,2620.0,2683.0,2605.0,2683.0,119400,0.0,0.0
2024-05-01 00:00:00+09:00,2641.0,2677.0,2631.0,2657.0,76400,0.0,0.0
2024-05-02 00:00:00+09:00,2662.0,2683.0,2633.0,2646.0,74800,0.0,0.0
2024-05-07 00:00:00+09:00,2633.0,2634.0,2591.0,2613.0,83200,0.0,0.0
2024-05-08 00:00:00+09:00,2600.0,2611.0,2584.0,2587.0,54800,0.0,0.0
2024-05-09 00:00:00+09:00,2587.0,2623.0,2569.0,2614.0,65800,0.0,0.0
2024-05-10 00:00:00+09:00,2635.0,2635.0,2566.0,2603.0,211800,0.0,0.0
2024-05-13 00:00:00+09:00,2103.0,2143.0,2103.0,2103.0,907600,0.0,0.0
2024-05-14 00:00:00+09:00,2137.0,2158.0,2105.0,2120.0,556300,0.0,0.0
2024-05-15 00:00:00+09:00,2139.0,2178.0,2131.0,2149.0,300300,0.0,0.0
2024-05-16 00:00:00+09:00,2153.0,2169.0,2129.0,2142.0,248300,0.0,0.0
2024-05-17 00:00:00+09:00,2152.0,2205.0,2144.0,2198.0,158100,0.0,0.0
2024-05-20 00:00:00+09:00,2190.0,2206.0,2183.0,2199.0,126600,0.0,0.0
2024-05-21 00:00:00+09:00,2198.0,2208.0,2159.0,2163.0,154000,0.0,0.0
2024-05-22 00:00:00+09:00,2163.0,2194.0,2134.0,2187.0,150100,0.0,0.0
2024-05-23 00:00:00+09:00,2187.0,2216.0,2182.0,2211.0,113800,0.0,0.0
2024-05-24 00:00:00+09:00,2194.0,2214.0,2182.0,2198.0,101900,0.0,0.0
2024-05-27 00:00:00+09:00,2192.0,2204.0,2163.0,2200.0,170600,0.0,0.0
2024-05-28 00:00:00+09:00,2200.0,2217.0,2195.0,2199.0,94100,0.0,0.0
2024-05-29 00:00:00+09:00,2208.0,2250.0,2197.0,2211.0,226100,0.0,0.0
2024-05-30 00:00:00+09:00,2197.0,2213.0,2169.0,2212.0,116700,0.0,0.0
2024-05-31 00:00:00+09:00,2220.0,2240.0,2220.0,2228.0,143100,0.0,0.0
2024-06-03 00:00:00+09:00,2233.0,2248.0,2205.0,2215.0,104800,0.0,0.0
2024-06-04 00:00:00+09:00,2215.0,2230.0,2205.0,2218.0,80000,0.0,0.0
2024-06-05 00:00:00+09:00,2210.0,2221.0,2188.0,2201.0,143900,0.0,0.0
2024-06-06 00:00:00+09:00,2218.0,2234.0,2202.0,2210.0,176800,0.0,0.0
2024-06-07 00:00:00+09:00,2210.0,2219.0,2204.0,2215.0,132200,0.0,0.0
2024-06-10 00:00:00+09:00,2255.0,2272.0,2245.0,2265.0,126400,0.0,0.0
2024-06-11 00:00:00+09:00,2265.0,2295.0,2259.0,2284.0,144100,0.0,0.0
2024-06-12 00:00:00+09:00,2274.0,2282.0,2246.0,2250.0,92500,0.0,0.0
2024-06-13 00:00:00+09:00,2253.0,2254.0,2223.0,2223.0,71600,0.0,0.0
2024-06-14 00:00:00+09:00,2209.0,2248.0,2206.0,2240.0,101300,0.0,0.0
2024-06-17 00:00:00+09:00,2236.0,2236.0,2197.0,2225.0,88200,0.0,0.0
2024-06-18 00:00:00+09:00,2246.0,2254.0,2225.0,2248.0,76100,0.0,0.0
2024-06-19 00:00:00+09:00,2245.0,2294.0,2245.0,2281.0,91600,0.0,0.0
2024-06-20 00:00:00+09:00,2280.0,2287.0,2251.0,2269.0,172100,0.0,0.0
2024-06-21 00:00:00+09:00,2285.0,2290.0,2271.0,2278.0,157800,0.0,0.0
2024-06-24 00:00:00+09:00,2288.0,2313.0,2276.0,2302.0,106100,0.0,0.0
2024-06-25 00:00:00+09:00,2305.0,2341.0,2302.0,2325.0,108700,0.0,0.0
2024-06-26 00:00:00+09:00,2325.0,2341.0,2310.0,2333.0,82800,0.0,0.0
2024-06-27 00:00:00+09:00,2323.0,2332.0,2307.0,2332.0,93600,0.0,0.0
2024-06-28 00:00:00+09:00,2342.0,2342.0,2317.0,2334.0,97000,0.0,0.0
2024-07-01 00:00:00+09:00,2332.0,2358.0,2327.0,2354.0,98300,0.0,0.0
2024-07-02 00:00:00+09:00,2353.0,2374.0,2350.0,2362.0,73000,0.0,0.0
2024-07-03 00:00:00+09:00,2355.0,2400.0,2354.0,2396.0,153600,0.0,0.0
2024-07-04 00:00:00+09:00,2400.0,2429.0,2394.0,2422.0,105100,0.0,0.0
2024-07-05 00:00:00+09:00,2426.0,2430.0,2401.0,2412.0,70300,0.0,0.0
2024-07-08 00:00:00+09:00,2409.0,2430.0,2395.0,2411.0,130000,0.0,0.0
2024-07-09 00:00:00+09:00,2415.0,2418.0,2378.0,2404.0,99100,0.0,0.0
2024-07-10 00:00:00+09:00,2422.0,2440.0,2405.0,2440.0,107400,0.0,0.0
2024-07-11 00:00:00+09:00,2450.0,2464.0,2443.0,2453.0,131900,0.0,0.0
2024-07-12 00:00:00+09:00,2453.0,2477.0,2452.0,2472.0,87500,0.0,0.0
2024-07-16 00:00:00+09:00,2474.0,2494.0,2462.0,2479.0,106900,0.0,0.0
2024-07-17 00:00:00+09:00,2487.0,2494.0,2458.0,2462.0,86700,0.0,0.0
2024-07-18 00:00:00+09:00,2445.0,2467.0,2439.0,2442.0,86100,0.0,0.0
2024-07-19 00:00:00+09:00,2445.0,2466.0,2433.0,2461.0,80500,0.0,0.0
2024-07-22 00:00:00+09:00,2433.0,2450.0,2408.0,2419.0,173700,0.0,0.0
2024-07-23 00:00:00+09:00,2426.0,2448.0,2426.0,2435.0,70900,0.0,0.0
2024-07-24 00:00:00+09:00,2429.0,2449.0,2411.0,2416.0,105000,0.0,0.0
2024-07-25 00:00:00+09:00,2400.0,2410.0,2377.0,2401.0,110800,0.0,0.0
2024-07-26 00:00:00+09:00,2399.0,2413.0,2379.0,2384.0,178000,0.0,0.0
2024-07-29 00:00:00+09:00,2410.0,2447.0,2402.0,2403.0,140200,0.0,0.0
2024-07-30 00:00:00+09:00,2403.0,2424.0,2393.0,2424.0,180700,0.0,0.0
2024-07-31 00:00:00+09:00,2415.0,2485.0,2412.0,2480.0,87000,0.0,0.0
2024-08-01 00:00:00+09:00,2467.0,2467.0,2396.0,2400.0,127800,0.0,0.0
2024-08-02 00:00:00+09:00,2306.0,2357.0,2288.0,2321.0,191200,0.0,0.0
2024-08-05 00:00:00+09:00,2158.0,2190.0,1931.0,1931.0,557900,0.0,0.0
2024-08-06 00:00:00+09:00,2017.0,2283.0,2011.0,2225.0,496900,0.0,0.0
2024-08-07 00:00:00+09:00,2190.0,2340.0,2081.0,2088.0,460800,0.0,0.0
2024-08-08 00:00:00+09:00,2070.0,2158.0,2062.0,2114.0,260800,0.0,0.0
2024-08-09 00:00:00+09:00,2182.0,2205.0,2126.0,2176.0,266800,0.0,0.0
2024-08-13 00:00:00+09:00,2189.0,2294.0,2189.0,2251.0,222400,0.0,0.0
2024-08-14 00:00:00+09:00,2217.0,2306.0,2217.0,2302.0,242800,0.0,0.0
2024-08-15 00:00:00+09:00,2426.0,2475.0,2372.0,2405.0,430400,0.0,0.0
2024-08-16 00:00:00+09:00,2400.0,2400.0,2342.0,2351.0,184000,0.0,0.0
2024-08-19 00:00:00+09:00,2357.0,2408.0,2351.0,2352.0,120100,0.0,0.0
2024-08-20 00:00:00+09:00,2379.0,2386.0,2357.0,2379.0,97700,0.0,0.0
2024-08-21 00:00:00+09:00,2361.0,2379.0,2355.0,2366.0,75400,0.0,0.0
2024-08-22 00:00:00+09:00,2366.0,2366.0,2329.0,2350.0,77600,0.0,0.0
2024-08-23 00:00:00+09:00,2350.0,2379.0,2342.0,2372.0,76200,0.0,0.0
2024-08-26 00:00:00+09:00,2367.0,2375.0,2347.0,2358.0,115900,0.0,0.0
2024-08-27 00:00:00+09:00,2358.0,2383.0,2358.0,2371.0,80700,0.0,0.0
2024-08-28 00:00:00+09:00,2383.0,2383.0,2358.0,2367.0,84900,0.0,0.0
2024-08-29 00:00:00+09:00,2370.0,2370.0,2343.0,2362.0,99100,0.0,0.0
2024-08-30 00:00:00+09:00,2364.0,2372.0,2349.0,2353.0,94900,0.0,0.0
2024-09-02 00:00:00+09:00,2379.0,2385.0,2357.0,2366.0,84700,0.0,0.0
2024-09-03 00:00:00+09:00,2370.0,2396.0,2370.0,2395.0,91100,0.0,0.0
2024-09-04 00:00:00+09:00,2351.0,2394.0,2347.0,2350.0,114100,0.0,0.0
2024-09-05 00:00:00+09:00,2338.0,2357.0,2298.0,2313.0,100000,0.0,0.0
2024-09-06 00:00:00+09:00,2310.0,2320.0,2289.0,2300.0,121200,0.0,0.0
2024-09-09 00:00:00+09:00,2260.0,2312.0,2251.0,2307.0,203800,0.0,0.0
2024-09-10 00:00:00+09:00,2303.0,2339.0,2302.0,2325.0,181800,0.0,0.0
2024-09-11 00:00:00+09:00,2305.0,2305.0,2227.0,2241.0,218600,0.0,0.0
2024-09-12 00:00:00+09:00,2281.0,2325.0,2267.0,2318.0,129800,0.0,0.0
2024-09-13 00:00:00+09:00,2280.0,2311.0,2270.0,2287.0,152300,0.0,0.0
2024-09-17 00:00:00+09:00,2304.0,2318.0,2273.0,2296.0,148600,0.0,0.0
2024-09-18 00:00:00+09:00,2318.0,2332.0,2308.0,2328.0,110500,0.0,0.0
2024-09-19 00:00:00+09:00,2360.0,2380.0,2348.0,2348.0,107400,0.0,0.0
2024-09-20 00:00:00+09:00,2396.0,2409.0,2377.0,2384.0,188900,0.0,0.0
2024-09-24 00:00:00+09:00,2410.0,2415.0,2385.0,2387.0,74400,0.0,0.0
2024-09-25 00:00:00+09:00,2381.0,2385.0,2348.0,2356.0,90000,0.0,0.0
2024-09-26 00:00:00+09:00,2383.0,2393.0,2361.0,2393.0,116000,0.0,0.0
2024-09-27 00:00:00+09:00,2364.0,2377.0,2354.0,2367.0,70400,0.0,0.0
2024-09-30 00:00:00+09:00,2317.0,2348.0,2304.0,2337.0,120400,0.0,0.0
2024-10-01 00:00:00+09:00,2337.0,2363.0,2335.0,2363.0,62100,0.0,0.0
2024-10-02 00:00:00+09:00,2344.0,2390.0,2343.0,2379.0,95400,0.0,0.0
2024-10-03 00:00:00+09:00,2410.0,2422.0,2391.0,2394.0,135600,0.0,0.0
2024-10-04 00:00:00+09:00,2394.0,2402.0,2366.0,2366.0,73800,0.0,0.0
2024-10-07 00:00:00+09:00,2422.0,2443.0,2400.0,2435.0,145600,0.0,0.0
2024-10-08 00:00:00+09:00,2429.0,2470.0,2429.0,2454.0,185900,0.0,0.0
2024-10-09 00:00:00+09:00,2475.0,2487.0,2453.0,2462.0,111000,0.0,0.0
2024-10-10 00:00:00+09:00,2470.0,2483.0,2462.0,2462.0,77000,0.0,0.0
2024-10-11 00:00:00+09:00,2458.0,2471.0,2440.0,2440.0,74300,0.0,0.0
2024-10-15 00:00:00+09:00,2465.0,2469.0,2444.0,2450.0,77600,0.0,0.0
2024-10-16 00:00:00+09:00,2447.0,2479.0,2434.0,2441.0,73300,0.0,0.0
2024-10-17 00:00:00+09:00,2439.0,2449.0,2420.0,2420.0,53300,0.0,0.0
2024-10-18 00:00:00+09:00,2420.0,2436.0,2419.0,2436.0,43500,0.0,0.0
2024-10-21 00:00:00+09:00,2436.0,2465.0,2434.0,2458.0,64200,0.0,0.0
2024-10-22 00:00:00+09:00,2458.0,2459.0,2406.0,2415.0,77700,0.0,0.0
2024-10-23 00:00:00+09:00,2420.0,2437.0,2394.0,2394.0,78700,0.0,0.0
2024-10-24 00:00:00+09:00,2389.0,2399.0,2368.0,2395.0,58400,0.0,0.0
2024-10-25 00:00:00+09:00,2400.0,2403.0,2366.0,2380.0,78400,0.0,0.0
