Date,Open,High,Low,Close,Volume,Dividends,Stock Splits
2000-04-04 00:00:00+09:00,459.61944580078125,459.61944580078125,459.61944580078125,459.61944580078125,1000,0.0,0.0
2000-04-05 00:00:00+09:00,459.61944580078125,459.61944580078125,459.61944580078125,459.61944580078125,0,0.0,0.0
2000-04-06 00:00:00+09:00,459.61944580078125,459.61944580078125,459.61944580078125,459.61944580078125,0,0.0,0.0
2000-04-07 00:00:00+09:00,459.61944580078125,459.61944580078125,459.61944580078125,459.61944580078125,338000,0.0,0.0
2000-04-10 00:00:00+09:00,459.61944580078125,459.61944580078125,459.61944580078125,459.61944580078125,0,0.0,0.0
2000-04-11 00:00:00+09:00,459.61944580078125,459.61944580078125,459.61944580078125,459.61944580078125,0,0.0,0.0
2000-04-12 00:00:00+09:00,459.61944580078125,459.61944580078125,459.61944580078125,459.61944580078125,0,0.0,0.0
2000-04-13 00:00:00+09:00,459.61944580078125,459.61944580078125,459.61944580078125,459.61944580078125,0,0.0,0.0
2000-04-14 00:00:00+09:00,459.61944580078125,459.61944580078125,459.61944580078125,459.61944580078125,0,0.0,0.0
2000-04-17 00:00:00+09:00,459.61944580078125,459.61944580078125,459.61944580078125,459.61944580078125,0,0.0,0.0
2000-04-18 00:00:00+09:00,459.61944580078125,459.61944580078125,459.61944580078125,459.61944580078125,0,0.0,0.0
2000-04-19 00:00:00+09:00,459.61944580078125,459.61944580078125,459.61944580078125,459.61944580078125,0,0.0,0.0
2000-04-20 00:00:00+09:00,459.61944580078125,459.61944580078125,459.61944580078125,459.61944580078125,0,0.0,0.0
2000-04-21 00:00:00+09:00,459.61944580078125,459.61944580078125,459.61944580078125,459.61944580078125,0,0.0,0.0
2000-04-24 00:00:00+09:00,459.61944580078125,459.61944580078125,459.61944580078125,459.61944580078125,0,0.0,0.0
2000-04-25 00:00:00+09:00,459.61944580078125,459.61944580078125,459.61944580078125,459.61944580078125,3000,0.0,0.0
2000-04-26 00:00:00+09:00,459.61944580078125,459.61944580078125,459.61944580078125,459.61944580078125,0,0.0,0.0
2000-04-27 00:00:00+09:00,459.61944580078125,459.61944580078125,459.61944580078125,459.61944580078125,2000,0.0,0.0
2000-04-28 00:00:00+09:00,459.61944580078125,459.61944580078125,459.61944580078125,459.61944580078125,0,0.0,0.0
2000-05-01 00:00:00+09:00,459.61944580078125,459.61944580078125,459.61944580078125,459.61944580078125,0,0.0,0.0
2000-05-02 00:00:00+09:00,459.61944580078125,459.61944580078125,459.61944580078125,459.61944580078125,0,0.0,0.0
2000-05-03 00:00:00+09:00,459.61944580078125,459.61944580078125,459.61944580078125,459.61944580078125,0,0.0,0.0
2000-05-04 00:00:00+09:00,459.61944580078125,459.61944580078125,459.61944580078125,459.61944580078125,0,0.0,0.0
2000-05-05 00:00:00+09:00,459.61944580078125,459.61944580078125,459.61944580078125,459.61944580078125,0,0.0,0.0
2000-05-08 00:00:00+09:00,459.61944580078125,459.61944580078125,459.61944580078125,459.61944580078125,0,0.0,0.0
2000-05-09 00:00:00+09:00,459.61944580078125,459.61944580078125,459.61944580078125,459.61944580078125,0,0.0,0.0
2000-05-10 00:00:00+09:00,459.61944580078125,459.61944580078125,459.61944580078125,459.61944580078125,0,0.0,0.0
2000-05-11 00:00:00+09:00,459.61944580078125,459.61944580078125,459.61944580078125,459.61944580078125,0,0.0,0.0
2000-05-12 00:00:00+09:00,459.61944580078125,459.61944580078125,459.61944580078125,459.61944580078125,0,0.0,0.0
2000-05-15 00:00:00+09:00,459.61944580078125,459.61944580078125,459.61944580078125,459.61944580078125,0,0.0,0.0
2000-05-16 00:00:00+09:00,459.61944580078125,459.61944580078125,459.61944580078125,459.61944580078125,0,0.0,0.0
2000-05-17 00:00:00+09:00,459.61944580078125,459.61944580078125,459.61944580078125,459.61944580078125,0,0.0,0.0
2000-05-18 00:00:00+09:00,459.61944580078125,459.61944580078125,459.61944580078125,459.61944580078125,0,0.0,0.0
2000-05-19 00:00:00+09:00,459.61944580078125,459.61944580078125,459.61944580078125,459.61944580078125,0,0.0,0.0
2000-05-22 00:00:00+09:00,459.61944580078125,459.61944580078125,459.61944580078125,459.61944580078125,0,0.0,0.0
2000-05-23 00:00:00+09:00,459.61944580078125,459.61944580078125,459.61944580078125,459.61944580078125,0,0.0,0.0
2000-05-24 00:00:00+09:00,459.61944580078125,459.61944580078125,459.61944580078125,459.61944580078125,0,0.0,0.0
2000-05-25 00:00:00+09:00,459.61944580078125,459.61944580078125,459.61944580078125,459.61944580078125,0,0.0,0.0
2000-05-26 00:00:00+09:00,459.61944580078125,459.61944580078125,459.61944580078125,459.61944580078125,0,0.0,0.0
2000-05-29 00:00:00+09:00,455.8524475097656,455.8524475097656,455.8524475097656,455.8524475097656,3000,0.0,0.0
2000-05-30 00:00:00+09:00,455.8524475097656,455.8524475097656,455.8524475097656,455.8524475097656,0,0.0,0.0
2000-05-31 00:00:00+09:00,455.8524475097656,455.8524475097656,455.8524475097656,455.8524475097656,3000,0.0,0.0
2000-06-01 00:00:00+09:00,455.8524475097656,455.8524475097656,455.8524475097656,455.8524475097656,0,0.0,0.0
2000-06-02 00:00:00+09:00,455.8524475097656,455.8524475097656,455.8524475097656,455.8524475097656,4000,0.0,0.0
2000-06-05 00:00:00+09:00,455.8524475097656,455.8524475097656,455.8524475097656,455.8524475097656,0,0.0,0.0
2000-06-06 00:00:00+09:00,455.8524475097656,455.8524475097656,455.8524475097656,455.8524475097656,0,0.0,0.0
2000-06-07 00:00:00+09:00,455.8524475097656,455.8524475097656,455.8524475097656,455.8524475097656,0,0.0,0.0
2000-06-08 00:00:00+09:00,455.8524475097656,455.8524475097656,455.8524475097656,455.8524475097656,0,0.0,0.0
2000-06-09 00:00:00+09:00,455.8524475097656,455.8524475097656,455.8524475097656,455.8524475097656,0,0.0,0.0
2000-06-12 00:00:00+09:00,455.8524475097656,455.8524475097656,455.8524475097656,455.8524475097656,0,0.0,0.0
2000-06-13 00:00:00+09:00,455.8524475097656,455.8524475097656,455.8524475097656,455.8524475097656,0,0.0,0.0
2000-06-14 00:00:00+09:00,455.8524475097656,455.8524475097656,455.8524475097656,455.8524475097656,0,0.0,0.0
2000-06-15 00:00:00+09:00,455.8524475097656,455.8524475097656,455.8524475097656,455.8524475097656,0,0.0,0.0
2000-06-16 00:00:00+09:00,455.8524475097656,455.8524475097656,455.8524475097656,455.8524475097656,0,0.0,0.0
2000-06-19 00:00:00+09:00,455.8524475097656,455.8524475097656,455.8524475097656,455.8524475097656,0,0.0,0.0
2000-06-20 00:00:00+09:00,455.8524475097656,455.8524475097656,455.8524475097656,455.8524475097656,0,0.0,0.0
2000-06-21 00:00:00+09:00,455.8524475097656,455.8524475097656,455.8524475097656,455.8524475097656,0,0.0,0.0
2000-06-22 00:00:00+09:00,455.8524475097656,455.8524475097656,455.8524475097656,455.8524475097656,0,0.0,0.0
2000-06-23 00:00:00+09:00,455.8524475097656,455.8524475097656,455.8524475097656,455.8524475097656,0,0.0,0.0
2000-06-26 00:00:00+09:00,455.8524475097656,455.8524475097656,455.8524475097656,455.8524475097656,2000,0.0,0.0
2000-06-27 00:00:00+09:00,455.8524475097656,455.8524475097656,455.8524475097656,455.8524475097656,0,0.0,0.0
2000-06-28 00:00:00+09:00,455.8524475097656,455.8524475097656,455.8524475097656,455.8524475097656,0,0.0,0.0
2000-06-29 00:00:00+09:00,455.8524475097656,455.8524475097656,455.8524475097656,455.8524475097656,2000,0.0,0.0
2000-06-30 00:00:00+09:00,455.8524475097656,455.8524475097656,455.8524475097656,455.8524475097656,0,0.0,0.0
2000-07-03 00:00:00+09:00,455.8524475097656,455.8524475097656,455.8524475097656,455.8524475097656,0,0.0,0.0
2000-07-04 00:00:00+09:00,455.8524475097656,455.8524475097656,455.8524475097656,455.8524475097656,0,0.0,0.0
2000-07-05 00:00:00+09:00,455.8524475097656,455.8524475097656,455.8524475097656,455.8524475097656,0,0.0,0.0
2000-07-06 00:00:00+09:00,455.8524475097656,455.8524475097656,455.8524475097656,455.8524475097656,0,0.0,0.0
2000-07-07 00:00:00+09:00,455.8524475097656,455.8524475097656,455.8524475097656,455.8524475097656,0,0.0,0.0
2000-07-10 00:00:00+09:00,455.8524475097656,455.8524475097656,455.8524475097656,455.8524475097656,0,0.0,0.0
2000-07-11 00:00:00+09:00,455.8524475097656,455.8524475097656,455.8524475097656,455.8524475097656,0,0.0,0.0
2000-07-12 00:00:00+09:00,455.8524475097656,455.8524475097656,455.8524475097656,455.8524475097656,0,0.0,0.0
2000-07-13 00:00:00+09:00,455.8524475097656,455.8524475097656,455.8524475097656,455.8524475097656,0,0.0,0.0
2000-07-14 00:00:00+09:00,452.0848388671875,452.0848388671875,452.0848388671875,452.0848388671875,1000,0.0,0.0
2000-07-17 00:00:00+09:00,452.0848388671875,452.0848388671875,452.0848388671875,452.0848388671875,1000,0.0,0.0
2000-07-18 00:00:00+09:00,452.0848388671875,452.0848388671875,452.0848388671875,452.0848388671875,0,0.0,0.0
2000-07-19 00:00:00+09:00,452.0848388671875,452.0848388671875,452.0848388671875,452.0848388671875,0,0.0,0.0
2000-07-20 00:00:00+09:00,452.0848388671875,452.0848388671875,452.0848388671875,452.0848388671875,0,0.0,0.0
2000-07-21 00:00:00+09:00,452.0848388671875,452.0848388671875,452.0848388671875,452.0848388671875,0,0.0,0.0
2000-07-24 00:00:00+09:00,452.0848388671875,452.0848388671875,452.0848388671875,452.0848388671875,0,0.0,0.0
2000-07-25 00:00:00+09:00,380.5048522949219,380.5048522949219,380.5048522949219,380.5048522949219,2000,0.0,0.0
2000-07-26 00:00:00+09:00,380.5048522949219,380.5048522949219,380.5048522949219,380.5048522949219,0,0.0,0.0
2000-07-27 00:00:00+09:00,388.0396423339844,388.0396423339844,388.0396423339844,388.0396423339844,3000,0.0,0.0
2000-07-28 00:00:00+09:00,388.0396423339844,388.0396423339844,388.0396423339844,388.0396423339844,3000,0.0,0.0
2000-07-31 00:00:00+09:00,388.0396423339844,388.0396423339844,388.0396423339844,388.0396423339844,3000,0.0,0.0
2000-08-01 00:00:00+09:00,388.0396423339844,388.0396423339844,388.0396423339844,388.0396423339844,0,0.0,0.0
2000-08-02 00:00:00+09:00,388.0396423339844,388.0396423339844,388.0396423339844,388.0396423339844,0,0.0,0.0
2000-08-03 00:00:00+09:00,380.5048522949219,380.5048522949219,380.5048522949219,380.5048522949219,1000,0.0,0.0
2000-08-04 00:00:00+09:00,380.5048522949219,380.5048522949219,380.5048522949219,380.5048522949219,0,0.0,0.0
2000-08-07 00:00:00+09:00,380.5048522949219,380.5048522949219,380.5048522949219,380.5048522949219,0,0.0,0.0
2000-08-08 00:00:00+09:00,380.5048522949219,380.5048522949219,380.5048522949219,380.5048522949219,0,0.0,0.0
2000-08-09 00:00:00+09:00,380.5048522949219,380.5048522949219,380.5048522949219,380.5048522949219,0,0.0,0.0
2000-08-10 00:00:00+09:00,380.5048522949219,380.5048522949219,380.5048522949219,380.5048522949219,0,0.0,0.0
2000-08-11 00:00:00+09:00,380.5048522949219,380.5048522949219,380.5048522949219,380.5048522949219,0,0.0,0.0
2000-08-14 00:00:00+09:00,380.5048522949219,380.5048522949219,380.5048522949219,380.5048522949219,0,0.0,0.0
2000-08-15 00:00:00+09:00,380.5048522949219,380.5048522949219,380.5048522949219,380.5048522949219,0,0.0,0.0
2000-08-16 00:00:00+09:00,380.5048522949219,380.5048522949219,380.5048522949219,380.5048522949219,0,0.0,0.0
2000-08-17 00:00:00+09:00,380.5048522949219,380.5048522949219,380.5048522949219,380.5048522949219,0,0.0,0.0
2000-08-18 00:00:00+09:00,380.5048522949219,380.5048522949219,380.5048522949219,380.5048522949219,0,0.0,0.0
2000-08-21 00:00:00+09:00,380.5048522949219,380.5048522949219,380.5048522949219,380.5048522949219,0,0.0,0.0
2000-08-22 00:00:00+09:00,380.5048522949219,380.5048522949219,380.5048522949219,380.5048522949219,0,0.0,0.0
2000-08-23 00:00:00+09:00,380.5048522949219,380.5048522949219,380.5048522949219,380.5048522949219,0,0.0,0.0
2000-08-24 00:00:00+09:00,380.5048522949219,380.5048522949219,380.5048522949219,380.5048522949219,0,0.0,0.0
2000-08-25 00:00:00+09:00,380.5048522949219,380.5048522949219,380.5048522949219,380.5048522949219,0,0.0,0.0
2000-08-28 00:00:00+09:00,380.5048522949219,380.5048522949219,380.5048522949219,380.5048522949219,0,0.0,0.0
2000-08-29 00:00:00+09:00,380.5048522949219,380.5048522949219,380.5048522949219,380.5048522949219,1000,0.0,0.0
2000-08-30 00:00:00+09:00,380.5048522949219,380.5048522949219,380.5048522949219,380.5048522949219,0,0.0,0.0
2000-08-31 00:00:00+09:00,380.5048522949219,380.5048522949219,380.5048522949219,380.5048522949219,0,0.0,0.0
2000-09-01 00:00:00+09:00,399.3416748046875,399.3416748046875,399.3416748046875,399.3416748046875,1000,0.0,0.0
2000-09-04 00:00:00+09:00,399.3416748046875,399.3416748046875,399.3416748046875,399.3416748046875,0,0.0,0.0
2000-09-05 00:00:00+09:00,399.3416748046875,399.3416748046875,399.3416748046875,399.3416748046875,0,0.0,0.0
2000-09-06 00:00:00+09:00,399.3416748046875,399.3416748046875,399.3416748046875,399.3416748046875,0,0.0,0.0
2000-09-07 00:00:00+09:00,399.3416748046875,399.3416748046875,399.3416748046875,399.3416748046875,0,0.0,0.0
2000-09-08 00:00:00+09:00,399.3416748046875,399.3416748046875,399.3416748046875,399.3416748046875,0,0.0,0.0
2000-09-11 00:00:00+09:00,399.3416748046875,399.3416748046875,399.3416748046875,399.3416748046875,0,0.0,0.0
2000-09-12 00:00:00+09:00,399.3416748046875,399.3416748046875,399.3416748046875,399.3416748046875,1000,0.0,0.0
2000-09-13 00:00:00+09:00,399.3416748046875,399.3416748046875,399.3416748046875,399.3416748046875,1000,0.0,0.0
2000-09-14 00:00:00+09:00,399.3416748046875,399.3416748046875,399.3416748046875,399.3416748046875,0,0.0,0.0
2000-09-15 00:00:00+09:00,399.3416748046875,399.3416748046875,399.3416748046875,399.3416748046875,0,0.0,0.0
2000-09-18 00:00:00+09:00,414.41116748401345,418.1785417338681,414.41116748401345,415.1646423339844,12000,0.0,0.0
2000-09-19 00:00:00+09:00,458.1126977126536,490.5121154785156,458.1126977126536,490.5121154785156,7000,0.0,0.0
2000-09-20 00:00:00+09:00,490.5121154785156,490.5121154785156,490.5121154785156,490.5121154785156,0,0.0,0.0
2000-09-21 00:00:00+09:00,452.0848388671875,452.0848388671875,452.0848388671875,452.0848388671875,11000,0.0,0.0
2000-09-22 00:00:00+09:00,490.5121154785156,490.5121154785156,489.7586406467514,490.5121154785156,8000,0.0,0.0
2000-09-25 00:00:00+09:00,467.15434863281246,470.9217224121094,467.15434863281246,470.9217224121094,4000,0.0,0.0
2000-09-26 00:00:00+09:00,474.71334511718754,474.71334511718754,473.95501708984375,473.95501708984375,3000,4.0,0.0
2000-09-27 00:00:00+09:00,473.95501708984375,473.95501708984375,473.95501708984375,473.95501708984375,1000,0.0,0.0
2000-09-28 00:00:00+09:00,473.95501708984375,473.95501708984375,473.95501708984375,473.95501708984375,1000,0.0,0.0
2000-09-29 00:00:00+09:00,473.95501708984375,473.95501708984375,473.95501708984375,473.95501708984375,2000,0.0,0.0
2000-10-02 00:00:00+09:00,473.95501708984375,473.95501708984375,473.95501708984375,473.95501708984375,3000,0.0,0.0
2000-10-03 00:00:00+09:00,473.95501708984375,473.95501708984375,473.95501708984375,473.95501708984375,9000,0.0,0.0
2000-10-04 00:00:00+09:00,473.95501708984375,473.95501708984375,473.95501708984375,473.95501708984375,0,0.0,0.0
2000-10-05 00:00:00+09:00,473.95501708984375,473.95501708984375,473.95501708984375,473.95501708984375,3000,0.0,0.0
2000-10-06 00:00:00+09:00,473.95501708984375,473.95501708984375,473.95501708984375,473.95501708984375,0,0.0,0.0
2000-10-09 00:00:00+09:00,473.95501708984375,473.95501708984375,473.95501708984375,473.95501708984375,0,0.0,0.0
2000-10-10 00:00:00+09:00,477.7467346191407,477.7467346191407,477.7467346191407,477.7467346191406,1000,0.0,0.0
2000-10-11 00:00:00+09:00,473.95501708984375,473.95501708984375,473.95501708984375,473.95501708984375,3000,0.0,0.0
2000-10-12 00:00:00+09:00,477.7467346191407,477.7467346191407,477.7467346191407,477.7467346191406,2000,0.0,0.0
2000-10-13 00:00:00+09:00,477.7467346191407,477.7467346191407,477.7467346191407,477.7467346191406,2000,0.0,0.0
2000-10-16 00:00:00+09:00,477.7467346191407,477.7467346191407,477.7467346191407,477.7467346191406,0,0.0,0.0
2000-10-17 00:00:00+09:00,477.7467346191407,477.7467346191407,477.7467346191407,477.7467346191406,3000,0.0,0.0
2000-10-18 00:00:00+09:00,477.7467346191407,477.7467346191407,477.7467346191407,477.7467346191406,1000,0.0,0.0
2000-10-19 00:00:00+09:00,477.7467346191407,477.7467346191407,477.7467346191407,477.7467346191406,0,0.0,0.0
2000-10-20 00:00:00+09:00,477.7467346191407,477.7467346191407,477.7467346191407,477.7467346191406,1000,0.0,0.0
2000-10-23 00:00:00+09:00,477.7467346191407,477.7467346191407,477.7467346191407,477.7467346191406,2000,0.0,0.0
2000-10-24 00:00:00+09:00,477.7467346191407,477.7467346191407,477.7467346191407,477.7467346191406,2000,0.0,0.0
2000-10-25 00:00:00+09:00,477.7467346191407,477.7467346191407,477.7467346191407,477.7467346191406,5000,0.0,0.0
2000-10-26 00:00:00+09:00,477.7467346191407,477.7467346191407,477.7467346191407,477.7467346191406,2000,0.0,0.0
2000-10-27 00:00:00+09:00,477.7467346191407,477.7467346191407,477.7467346191407,477.7467346191406,0,0.0,0.0
2000-10-30 00:00:00+09:00,473.95501708984375,473.95501708984375,473.95501708984375,473.95501708984375,2000,0.0,0.0
2000-10-31 00:00:00+09:00,473.95501708984375,473.95501708984375,473.95501708984375,473.95501708984375,2000,0.0,0.0
2000-11-01 00:00:00+09:00,473.95501708984375,473.95501708984375,473.95501708984375,473.95501708984375,1000,0.0,0.0
2000-11-02 00:00:00+09:00,473.95501708984375,473.95501708984375,473.95501708984375,473.95501708984375,1000,0.0,0.0
2000-11-03 00:00:00+09:00,473.95501708984375,473.95501708984375,473.95501708984375,473.95501708984375,0,0.0,0.0
2000-11-06 00:00:00+09:00,473.95501708984375,473.95501708984375,473.95501708984375,473.95501708984375,0,0.0,0.0
2000-11-07 00:00:00+09:00,473.95501708984375,473.95501708984375,473.95501708984375,473.95501708984375,0,0.0,0.0
2000-11-08 00:00:00+09:00,473.95501708984375,473.95501708984375,473.95501708984375,473.95501708984375,0,0.0,0.0
2000-11-09 00:00:00+09:00,473.95501708984375,473.95501708984375,473.95501708984375,473.95501708984375,2000,0.0,0.0
2000-11-10 00:00:00+09:00,473.95501708984375,473.95501708984375,473.95501708984375,473.95501708984375,2000,0.0,0.0
2000-11-13 00:00:00+09:00,473.95501708984375,473.95501708984375,473.95501708984375,473.95501708984375,0,0.0,0.0
2000-11-14 00:00:00+09:00,473.95501708984375,473.95501708984375,473.95501708984375,473.95501708984375,0,0.0,0.0
2000-11-15 00:00:00+09:00,473.95501708984375,473.95501708984375,473.95501708984375,473.95501708984375,2000,0.0,0.0
2000-11-16 00:00:00+09:00,473.95501708984375,473.95501708984375,473.95501708984375,473.95501708984375,1000,0.0,0.0
2000-11-17 00:00:00+09:00,473.95501708984375,473.95501708984375,473.95501708984375,473.95501708984375,0,0.0,0.0
2000-11-20 00:00:00+09:00,473.95501708984375,473.95501708984375,473.95501708984375,473.95501708984375,0,0.0,0.0
2000-11-21 00:00:00+09:00,473.95501708984375,473.95501708984375,473.95501708984375,473.95501708984375,0,0.0,0.0
2000-11-22 00:00:00+09:00,473.95501708984375,473.95501708984375,473.95501708984375,473.95501708984375,1000,0.0,0.0
2000-11-23 00:00:00+09:00,473.95501708984375,473.95501708984375,473.95501708984375,473.95501708984375,0,0.0,0.0
2000-11-24 00:00:00+09:00,473.95501708984375,473.95501708984375,473.95501708984375,473.95501708984375,3000,0.0,0.0
2000-11-27 00:00:00+09:00,473.95501708984375,473.95501708984375,473.95501708984375,473.95501708984375,0,0.0,0.0
2000-11-28 00:00:00+09:00,473.95501708984375,473.95501708984375,473.95501708984375,473.95501708984375,0,0.0,0.0
2000-11-29 00:00:00+09:00,473.95501708984375,473.95501708984375,473.95501708984375,473.95501708984375,1000,0.0,0.0
2000-11-30 00:00:00+09:00,473.95501708984375,473.95501708984375,473.95501708984375,473.95501708984375,0,0.0,0.0
2000-12-01 00:00:00+09:00,473.95501708984375,473.95501708984375,473.95501708984375,473.95501708984375,0,0.0,0.0
2000-12-04 00:00:00+09:00,474.7134220183842,477.7467346191407,474.7134220183842,477.7467346191406,930000,0.0,0.0
2000-12-05 00:00:00+09:00,477.7467346191407,477.7467346191407,477.7467346191407,477.7467346191406,0,0.0,0.0
2000-12-06 00:00:00+09:00,477.7467346191407,477.7467346191407,477.7467346191407,477.7467346191406,0,0.0,0.0
2000-12-07 00:00:00+09:00,478.5049852539063,478.5049852539063,473.95501708984375,473.95501708984375,3000,0.0,0.0
2000-12-08 00:00:00+09:00,477.7467346191407,477.7467346191407,477.7467346191407,477.7467346191406,1000,0.0,0.0
2000-12-11 00:00:00+09:00,477.7467346191407,477.7467346191407,477.7467346191407,477.7467346191406,0,0.0,0.0
2000-12-12 00:00:00+09:00,477.7467346191407,477.7467346191407,477.7467346191407,477.7467346191406,0,0.0,0.0
2000-12-13 00:00:00+09:00,477.7467346191407,477.7467346191407,477.7467346191407,477.7467346191406,0,0.0,0.0
2000-12-14 00:00:00+09:00,477.7467346191407,477.7467346191407,477.7467346191407,477.7467346191406,1000,0.0,0.0
2000-12-15 00:00:00+09:00,477.7467346191407,477.7467346191407,477.7467346191407,477.7467346191406,0,0.0,0.0
2000-12-18 00:00:00+09:00,477.7467346191407,477.7467346191407,477.7467346191407,477.7467346191406,0,0.0,0.0
2000-12-19 00:00:00+09:00,477.7467346191407,477.7467346191407,477.7467346191407,477.7467346191406,1000,0.0,0.0
2000-12-20 00:00:00+09:00,477.7467346191407,477.7467346191407,477.7467346191407,477.7467346191406,2000,0.0,0.0
2000-12-21 00:00:00+09:00,477.7467346191407,477.7467346191407,477.7467346191407,477.7467346191406,0,0.0,0.0
2000-12-22 00:00:00+09:00,477.7467346191407,477.7467346191407,477.7467346191407,477.7467346191406,2000,0.0,0.0
2000-12-25 00:00:00+09:00,477.7467346191407,477.7467346191407,477.7467346191407,477.7467346191406,0,0.0,0.0
2000-12-26 00:00:00+09:00,477.7467346191407,477.7467346191407,477.7467346191407,477.7467346191406,1000,0.0,0.0
2000-12-27 00:00:00+09:00,485.3299560546875,485.3299560546875,481.53831577301025,485.3299560546875,3000,0.0,0.0
2000-12-28 00:00:00+09:00,485.32997047244095,485.32997047244095,481.538330078125,481.538330078125,2000,0.0,0.0
2000-12-29 00:00:00+09:00,481.538330078125,481.538330078125,481.538330078125,481.538330078125,0,0.0,0.0
2001-01-01 00:00:00+09:00,481.538330078125,481.538330078125,481.538330078125,481.538330078125,0,0.0,0.0
2001-01-02 00:00:00+09:00,481.538330078125,481.538330078125,481.538330078125,481.538330078125,0,0.0,0.0
2001-01-03 00:00:00+09:00,481.538330078125,481.538330078125,481.538330078125,481.538330078125,0,0.0,0.0
2001-01-04 00:00:00+09:00,481.538330078125,481.538330078125,481.538330078125,481.538330078125,1000,0.0,0.0
2001-01-05 00:00:00+09:00,481.538330078125,481.538330078125,481.538330078125,481.538330078125,1000,0.0,0.0
2001-01-08 00:00:00+09:00,481.538330078125,481.538330078125,481.538330078125,481.538330078125,0,0.0,0.0
2001-01-09 00:00:00+09:00,481.538330078125,481.538330078125,481.538330078125,481.538330078125,0,0.0,0.0
2001-01-10 00:00:00+09:00,481.538330078125,481.538330078125,481.538330078125,481.538330078125,1000,0.0,0.0
2001-01-11 00:00:00+09:00,481.538330078125,481.538330078125,481.538330078125,481.538330078125,0,0.0,0.0
2001-01-12 00:00:00+09:00,485.3299560546875,485.3299560546875,485.3299560546875,485.3299560546875,1000,0.0,0.0
2001-01-15 00:00:00+09:00,485.3299560546875,485.3299560546875,485.3299560546875,485.3299560546875,1000,0.0,0.0
2001-01-16 00:00:00+09:00,485.3299560546875,485.3299560546875,485.3299560546875,485.3299560546875,0,0.0,0.0
2001-01-17 00:00:00+09:00,492.9132385253906,492.9132385253906,492.9132385253906,492.9132385253906,1000,0.0,0.0
2001-01-18 00:00:00+09:00,492.9132385253906,492.9132385253906,492.9132385253906,492.9132385253906,0,0.0,0.0
2001-01-19 00:00:00+09:00,492.9132385253906,492.9132385253906,492.9132385253906,492.9132385253906,0,0.0,0.0
2001-01-22 00:00:00+09:00,492.9132385253906,492.9132385253906,492.9132385253906,492.9132385253906,0,0.0,0.0
2001-01-23 00:00:00+09:00,492.9132385253906,492.9132385253906,492.9132385253906,492.9132385253906,0,0.0,0.0
2001-01-24 00:00:00+09:00,492.9132385253906,492.9132385253906,492.9132385253906,492.9132385253906,0,0.0,0.0
2001-01-25 00:00:00+09:00,492.9132385253906,492.9132385253906,492.9132385253906,492.9132385253906,2000,0.0,0.0
2001-01-26 00:00:00+09:00,492.9132385253906,492.9132385253906,492.9132385253906,492.9132385253906,1000,0.0,0.0
2001-01-29 00:00:00+09:00,492.9132385253906,492.9132385253906,492.9132385253906,492.9132385253906,0,0.0,0.0
2001-01-30 00:00:00+09:00,492.9132385253906,492.9132385253906,492.9132385253906,492.9132385253906,0,0.0,0.0
2001-01-31 00:00:00+09:00,496.7048645019531,496.7048645019531,496.7048645019531,496.7048645019531,1000,0.0,0.0
2001-02-01 00:00:00+09:00,496.7048645019531,496.7048645019531,496.7048645019531,496.7048645019531,1000,0.0,0.0
2001-02-02 00:00:00+09:00,496.7048645019531,496.7048645019531,496.7048645019531,496.7048645019531,3000,0.0,0.0
2001-02-05 00:00:00+09:00,496.7048645019531,496.7048645019531,496.7048645019531,496.7048645019531,0,0.0,0.0
2001-02-06 00:00:00+09:00,496.7048645019531,496.7048645019531,496.7048645019531,496.7048645019531,0,0.0,0.0
2001-02-07 00:00:00+09:00,496.7048645019531,496.7048645019531,496.7048645019531,496.7048645019531,2000,0.0,0.0
2001-02-08 00:00:00+09:00,496.7048645019531,496.7048645019531,496.7048645019531,496.7048645019531,0,0.0,0.0
2001-02-09 00:00:00+09:00,496.7048645019531,496.7048645019531,496.7048645019531,496.7048645019531,0,0.0,0.0
2001-02-12 00:00:00+09:00,496.7048645019531,496.7048645019531,496.7048645019531,496.7048645019531,0,0.0,0.0
2001-02-13 00:00:00+09:00,496.7048645019531,496.7048645019531,496.7048645019531,496.7048645019531,0,0.0,0.0
2001-02-14 00:00:00+09:00,496.7048645019531,496.7048645019531,496.7048645019531,496.7048645019531,0,0.0,0.0
2001-02-15 00:00:00+09:00,496.7048645019531,496.7048645019531,496.7048645019531,496.7048645019531,1000,0.0,0.0
2001-02-16 00:00:00+09:00,496.7048645019531,496.7048645019531,496.7048645019531,496.7048645019531,0,0.0,0.0
2001-02-19 00:00:00+09:00,477.7467346191407,477.7467346191407,477.7467346191407,477.7467346191406,4000,0.0,0.0
2001-02-20 00:00:00+09:00,477.7467346191407,477.7467346191407,477.7467346191407,477.7467346191406,3000,0.0,0.0
2001-02-21 00:00:00+09:00,477.7467346191407,477.7467346191407,477.7467346191407,477.7467346191406,3000,0.0,0.0
2001-02-22 00:00:00+09:00,477.7467346191407,477.7467346191407,477.7467346191407,477.7467346191406,2000,0.0,0.0
2001-02-23 00:00:00+09:00,477.7467346191407,477.7467346191407,477.7467346191407,477.7467346191406,2000,0.0,0.0
2001-02-26 00:00:00+09:00,477.7467346191407,477.7467346191407,477.7467346191407,477.7467346191406,2000,0.0,0.0
2001-02-27 00:00:00+09:00,477.7467346191407,477.7467346191407,477.7467346191407,477.7467346191406,1000,0.0,0.0
2001-02-28 00:00:00+09:00,477.7467346191407,477.7467346191407,477.7467346191407,477.7467346191406,0,0.0,0.0
2001-03-01 00:00:00+09:00,477.7467346191407,477.7467346191407,477.7467346191407,477.7467346191406,1000,0.0,0.0
2001-03-02 00:00:00+09:00,477.7467346191407,477.7467346191407,477.7467346191407,477.7467346191406,0,0.0,0.0
2001-03-05 00:00:00+09:00,477.7467346191407,477.7467346191407,477.7467346191407,477.7467346191406,2000,0.0,0.0
2001-03-06 00:00:00+09:00,477.7467346191407,477.7467346191407,477.7467346191407,477.7467346191406,0,0.0,0.0
2001-03-07 00:00:00+09:00,477.7467346191407,477.7467346191407,477.7467346191407,477.7467346191406,1000,0.0,0.0
2001-03-08 00:00:00+09:00,477.7467346191407,477.7467346191407,477.7467346191407,477.7467346191406,0,0.0,0.0
2001-03-09 00:00:00+09:00,477.7467346191407,477.7467346191407,477.7467346191407,477.7467346191406,0,0.0,0.0
2001-03-12 00:00:00+09:00,477.7467346191407,477.7467346191407,477.7467346191407,477.7467346191406,0,0.0,0.0
2001-03-13 00:00:00+09:00,477.7467346191407,477.7467346191407,477.7467346191407,477.7467346191406,2000,0.0,0.0
2001-03-14 00:00:00+09:00,477.7467346191407,477.7467346191407,477.7467346191407,477.7467346191406,2000,0.0,0.0
2001-03-15 00:00:00+09:00,481.538330078125,481.538330078125,481.538330078125,481.538330078125,1000,0.0,0.0
2001-03-16 00:00:00+09:00,481.538330078125,481.538330078125,481.538330078125,481.538330078125,0,0.0,0.0
2001-03-19 00:00:00+09:00,481.538330078125,481.538330078125,481.538330078125,481.538330078125,0,0.0,0.0
2001-03-20 00:00:00+09:00,481.538330078125,481.538330078125,481.538330078125,481.538330078125,0,0.0,0.0
2001-03-21 00:00:00+09:00,481.538330078125,481.538330078125,481.538330078125,481.538330078125,0,0.0,0.0
2001-03-22 00:00:00+09:00,481.538330078125,481.538330078125,481.538330078125,481.538330078125,0,0.0,0.0
2001-03-23 00:00:00+09:00,481.538330078125,481.538330078125,481.538330078125,481.538330078125,0,0.0,0.0
2001-03-26 00:00:00+09:00,454.99688720703125,454.99688720703125,454.99688720703125,454.99688720703125,1000,0.0,0.0
2001-03-27 00:00:00+09:00,458.0505065917969,458.0505065917969,458.0505065917969,458.0505065917969,0,4.0,0.0
2001-03-28 00:00:00+09:00,458.0505065917969,458.0505065917969,458.0505065917969,458.0505065917969,0,0.0,0.0
2001-03-29 00:00:00+09:00,474.0822448730469,474.0822448730469,474.0822448730469,474.0822448730469,2000,0.0,0.0
2001-03-30 00:00:00+09:00,480.95294189453125,480.95294189453125,480.95294189453125,480.95294189453125,1000,0.0,0.0
2001-04-02 00:00:00+09:00,480.95294189453125,480.95294189453125,480.95294189453125,480.95294189453125,0,0.0,0.0
2001-04-03 00:00:00+09:00,480.95294189453125,480.95294189453125,480.95294189453125,480.95294189453125,1000,0.0,0.0
2001-04-04 00:00:00+09:00,480.95294189453125,480.95294189453125,480.95294189453125,480.95294189453125,0,0.0,0.0
2001-04-05 00:00:00+09:00,480.95294189453125,480.95294189453125,480.95294189453125,480.95294189453125,0,0.0,0.0
2001-04-06 00:00:00+09:00,480.95294189453125,480.95294189453125,480.95294189453125,480.95294189453125,0,0.0,0.0
2001-04-09 00:00:00+09:00,480.95294189453125,480.95294189453125,480.95294189453125,480.95294189453125,0,0.0,0.0
2001-04-10 00:00:00+09:00,484.7701416015625,484.7701416015625,484.7701416015625,484.7701416015625,1000,0.0,0.0
2001-04-11 00:00:00+09:00,484.7701416015625,484.7701416015625,484.7701416015625,484.7701416015625,0,0.0,0.0
2001-04-12 00:00:00+09:00,484.7701416015625,484.7701416015625,484.7701416015625,484.7701416015625,0,0.0,0.0
2001-04-13 00:00:00+09:00,484.7701416015625,484.7701416015625,484.7701416015625,484.7701416015625,0,0.0,0.0
2001-04-16 00:00:00+09:00,484.7701416015625,484.7701416015625,484.7701416015625,484.7701416015625,0,0.0,0.0
2001-04-17 00:00:00+09:00,484.7701416015625,484.7701416015625,484.7701416015625,484.7701416015625,0,0.0,0.0
2001-04-18 00:00:00+09:00,484.7701416015625,484.7701416015625,484.7701416015625,484.7701416015625,0,0.0,0.0
2001-04-19 00:00:00+09:00,484.7701416015625,484.7701416015625,484.7701416015625,484.7701416015625,0,0.0,0.0
2001-04-20 00:00:00+09:00,484.7701416015625,484.7701416015625,484.7701416015625,484.7701416015625,0,0.0,0.0
2001-04-23 00:00:00+09:00,484.7701416015625,484.7701416015625,484.7701416015625,484.7701416015625,0,0.0,0.0
2001-04-24 00:00:00+09:00,484.7701416015625,484.7701416015625,484.7701416015625,484.7701416015625,0,0.0,0.0
2001-04-25 00:00:00+09:00,484.7701416015625,484.7701416015625,484.7701416015625,484.7701416015625,0,0.0,0.0
2001-04-26 00:00:00+09:00,484.7701416015625,484.7701416015625,484.7701416015625,484.7701416015625,0,0.0,0.0
2001-04-27 00:00:00+09:00,484.7701416015625,484.7701416015625,484.7701416015625,484.7701416015625,0,0.0,0.0
2001-04-30 00:00:00+09:00,484.7701416015625,484.7701416015625,484.7701416015625,484.7701416015625,0,0.0,0.0
2001-05-01 00:00:00+09:00,484.7701416015625,484.7701416015625,484.7701416015625,484.7701416015625,0,0.0,0.0
2001-05-02 00:00:00+09:00,492.40441894531244,492.40441894531244,492.40441894531244,492.4044189453125,1000,0.0,0.0
2001-05-03 00:00:00+09:00,492.40441894531244,492.40441894531244,492.40441894531244,492.4044189453125,0,0.0,0.0
2001-05-04 00:00:00+09:00,492.40441894531244,492.40441894531244,492.40441894531244,492.4044189453125,0,0.0,0.0
2001-05-07 00:00:00+09:00,488.5872802734375,488.5872802734375,488.5872802734375,488.5872802734375,10,0.0,0.0
2001-05-08 00:00:00+09:00,488.5872802734375,488.5872802734375,488.5872802734375,488.5872802734375,10,0.0,0.0
2001-05-09 00:00:00+09:00,488.5872802734375,488.5872802734375,488.5872802734375,488.5872802734375,0,0.0,0.0
2001-05-10 00:00:00+09:00,488.5872802734375,488.5872802734375,488.5872802734375,488.5872802734375,0,0.0,0.0
2001-05-11 00:00:00+09:00,496.2214050292968,496.2214050292968,496.2214050292968,496.2214050292969,10,0.0,0.0
2001-05-14 00:00:00+09:00,496.2214050292968,496.2214050292968,496.2214050292968,496.2214050292969,10,0.0,0.0
2001-05-15 00:00:00+09:00,496.2214050292968,496.2214050292968,496.2214050292968,496.2214050292969,0,0.0,0.0
2001-05-16 00:00:00+09:00,496.2214050292968,496.2214050292968,496.2214050292968,496.2214050292969,0,0.0,0.0
2001-05-17 00:00:00+09:00,496.2214050292968,496.2214050292968,496.2214050292968,496.2214050292969,0,0.0,0.0
2001-05-18 00:00:00+09:00,496.2214050292968,496.2214050292968,496.2214050292968,496.2214050292969,0,0.0,0.0
2001-05-21 00:00:00+09:00,496.2214050292968,496.2214050292968,496.2214050292968,496.2214050292969,0,0.0,0.0
2001-05-22 00:00:00+09:00,496.2214050292968,496.2214050292968,496.2214050292968,496.2214050292969,0,0.0,0.0
2001-05-23 00:00:00+09:00,496.2214050292968,496.2214050292968,496.2214050292968,496.2214050292969,0,0.0,0.0
2001-05-24 00:00:00+09:00,496.2214050292968,496.2214050292968,496.2214050292968,496.2214050292969,0,0.0,0.0
2001-05-25 00:00:00+09:00,496.2214050292968,496.2214050292968,496.2214050292968,496.2214050292969,1000,0.0,0.0
2001-05-28 00:00:00+09:00,496.2214050292968,496.2214050292968,496.2214050292968,496.2214050292969,1000,0.0,0.0
2001-05-29 00:00:00+09:00,496.2214050292968,496.2214050292968,496.2214050292968,496.2214050292969,0,0.0,0.0
2001-05-30 00:00:00+09:00,496.2214050292968,496.2214050292968,496.2214050292968,496.2214050292969,0,0.0,0.0
2001-05-31 00:00:00+09:00,496.2214050292968,496.2214050292968,496.2214050292968,496.2214050292969,0,0.0,0.0
2001-06-01 00:00:00+09:00,496.2214050292968,496.2214050292968,496.2214050292968,496.2214050292969,0,0.0,0.0
2001-06-04 00:00:00+09:00,496.2214050292968,496.2214050292968,496.2214050292968,496.2214050292969,0,0.0,0.0
2001-06-05 00:00:00+09:00,496.2214050292968,496.2214050292968,496.2214050292968,496.2214050292969,0,0.0,0.0
2001-06-06 00:00:00+09:00,496.2214050292968,496.2214050292968,496.2214050292968,496.2214050292969,0,0.0,0.0
2001-06-07 00:00:00+09:00,496.2214050292968,496.2214050292968,496.2214050292968,496.2214050292969,0,0.0,0.0
2001-06-08 00:00:00+09:00,496.2214050292968,496.2214050292968,496.2214050292968,496.2214050292969,0,0.0,0.0
2001-06-11 00:00:00+09:00,496.2214050292968,496.2214050292968,496.2214050292968,496.2214050292969,0,0.0,0.0
2001-06-12 00:00:00+09:00,496.2214050292968,496.2214050292968,496.2214050292968,496.2214050292969,0,0.0,0.0
2001-06-13 00:00:00+09:00,496.2214050292968,496.2214050292968,496.2214050292968,496.2214050292969,0,0.0,0.0
2001-06-14 00:00:00+09:00,496.2214050292968,496.2214050292968,496.2214050292968,496.2214050292969,0,0.0,0.0
2001-06-15 00:00:00+09:00,496.2214050292968,496.2214050292968,496.2214050292968,496.2214050292969,0,0.0,0.0
2001-06-18 00:00:00+09:00,496.2214050292968,496.2214050292968,496.2214050292968,496.2214050292969,1000,0.0,0.0
2001-06-19 00:00:00+09:00,496.2214050292968,496.2214050292968,496.2214050292968,496.2214050292969,0,0.0,0.0
2001-06-20 00:00:00+09:00,496.2214050292968,496.2214050292968,496.2214050292968,496.2214050292969,0,0.0,0.0
2001-06-21 00:00:00+09:00,496.2214050292968,496.2214050292968,496.2214050292968,496.2214050292969,0,0.0,0.0
2001-06-22 00:00:00+09:00,496.2214050292968,496.2214050292968,496.2214050292968,496.2214050292969,0,0.0,0.0
2001-06-25 00:00:00+09:00,496.2214050292968,496.2214050292968,496.2214050292968,496.2214050292969,0,0.0,0.0
2001-06-26 00:00:00+09:00,496.2214050292968,496.2214050292968,496.2214050292968,496.2214050292969,0,0.0,0.0
2001-06-27 00:00:00+09:00,496.2214050292968,496.2214050292968,496.2214050292968,496.2214050292969,0,0.0,0.0
2001-06-28 00:00:00+09:00,496.2214050292968,496.2214050292968,496.2214050292968,496.2214050292969,0,0.0,0.0
2001-06-29 00:00:00+09:00,496.2214050292968,496.2214050292968,496.2214050292968,496.2214050292969,0,0.0,0.0
2001-07-02 00:00:00+09:00,496.2214050292968,496.2214050292968,496.2214050292968,496.2214050292969,0,0.0,0.0
2001-07-03 00:00:00+09:00,496.2214050292968,496.2214050292968,496.2214050292968,496.2214050292969,0,0.0,0.0
2001-07-04 00:00:00+09:00,500.0384216308594,500.0384216308594,500.0384216308594,500.0384216308594,3000,0.0,0.0
2001-07-05 00:00:00+09:00,500.0384216308594,500.0384216308594,500.0384216308594,500.0384216308594,0,0.0,0.0
2001-07-06 00:00:00+09:00,500.0384216308594,500.0384216308594,500.0384216308594,500.0384216308594,0,0.0,0.0
2001-07-09 00:00:00+09:00,500.0384216308594,500.0384216308594,500.0384216308594,500.0384216308594,0,0.0,0.0
2001-07-10 00:00:00+09:00,496.2214050292968,496.2214050292968,496.2214050292968,496.2214050292969,1000,0.0,0.0
2001-07-11 00:00:00+09:00,496.2214050292968,496.2214050292968,496.2214050292968,496.2214050292969,0,0.0,0.0
2001-07-12 00:00:00+09:00,496.2214050292968,496.2214050292968,496.2214050292968,496.2214050292969,0,0.0,0.0
2001-07-13 00:00:00+09:00,496.2214050292968,496.2214050292968,496.2214050292968,496.2214050292969,0,0.0,0.0
2001-07-16 00:00:00+09:00,496.2214050292968,496.2214050292968,496.2214050292968,496.2214050292969,0,0.0,0.0
2001-07-17 00:00:00+09:00,496.2214050292968,496.2214050292968,496.2214050292968,496.2214050292969,0,0.0,0.0
2001-07-18 00:00:00+09:00,496.2214050292968,496.2214050292968,496.2214050292968,496.2214050292969,1000,0.0,0.0
2001-07-19 00:00:00+09:00,496.2214050292968,496.2214050292968,496.2214050292968,496.2214050292969,0,0.0,0.0
2001-07-20 00:00:00+09:00,496.2214050292968,496.2214050292968,496.2214050292968,496.2214050292969,0,0.0,0.0
2001-07-23 00:00:00+09:00,496.2214050292968,496.2214050292968,496.2214050292968,496.2214050292969,0,0.0,0.0
2001-07-24 00:00:00+09:00,496.2214050292968,496.2214050292968,496.2214050292968,496.2214050292969,0,0.0,0.0
2001-07-25 00:00:00+09:00,496.2214050292968,496.2214050292968,496.2214050292968,496.2214050292969,1000,0.0,0.0
2001-07-26 00:00:00+09:00,496.2214050292968,496.2214050292968,496.2214050292968,496.2214050292969,0,0.0,0.0
2001-07-27 00:00:00+09:00,496.2214050292968,496.2214050292968,496.2214050292968,496.2214050292969,0,0.0,0.0
2001-07-30 00:00:00+09:00,496.2214050292968,496.2214050292968,496.2214050292968,496.2214050292969,1000,0.0,0.0
2001-07-31 00:00:00+09:00,496.2214050292968,496.2214050292968,496.2214050292968,496.2214050292969,0,0.0,0.0
2001-08-01 00:00:00+09:00,496.2214050292968,496.2214050292968,496.2214050292968,496.2214050292969,0,0.0,0.0
2001-08-02 00:00:00+09:00,496.2214050292968,496.2214050292968,496.2214050292968,496.2214050292969,0,0.0,0.0
2001-08-03 00:00:00+09:00,496.2214050292968,496.2214050292968,496.2214050292968,496.2214050292969,1000,0.0,0.0
2001-08-06 00:00:00+09:00,496.2214050292968,496.2214050292968,496.2214050292968,496.2214050292969,0,0.0,0.0
2001-08-07 00:00:00+09:00,496.2214050292968,496.2214050292968,496.2214050292968,496.2214050292969,0,0.0,0.0
2001-08-08 00:00:00+09:00,496.2214050292968,496.2214050292968,496.2214050292968,496.2214050292969,0,0.0,0.0
2001-08-09 00:00:00+09:00,496.2214050292968,496.2214050292968,496.2214050292968,496.2214050292969,0,0.0,0.0
2001-08-10 00:00:00+09:00,500.0384216308594,500.0384216308594,500.0384216308594,500.0384216308594,1000,0.0,0.0
2001-08-13 00:00:00+09:00,500.0384216308594,500.0384216308594,500.0384216308594,500.0384216308594,0,0.0,0.0
2001-08-14 00:00:00+09:00,500.0384216308594,500.0384216308594,500.0384216308594,500.0384216308594,0,0.0,0.0
2001-08-15 00:00:00+09:00,500.0384216308594,500.0384216308594,500.0384216308594,500.0384216308594,0,0.0,0.0
2001-08-16 00:00:00+09:00,500.0384216308594,500.0384216308594,500.0384216308594,500.0384216308594,1000,0.0,0.0
2001-08-17 00:00:00+09:00,500.0384216308594,500.0384216308594,500.0384216308594,500.0384216308594,0,0.0,0.0
2001-08-20 00:00:00+09:00,500.0384216308594,500.0384216308594,500.0384216308594,500.0384216308594,0,0.0,0.0
2001-08-21 00:00:00+09:00,500.0384216308594,500.0384216308594,500.0384216308594,500.0384216308594,0,0.0,0.0
2001-08-22 00:00:00+09:00,500.0384216308594,500.0384216308594,500.0384216308594,500.0384216308594,0,0.0,0.0
2001-08-23 00:00:00+09:00,500.0384216308594,500.0384216308594,500.0384216308594,500.0384216308594,0,0.0,0.0
2001-08-24 00:00:00+09:00,500.0384216308594,500.0384216308594,500.0384216308594,500.0384216308594,0,0.0,0.0
2001-08-27 00:00:00+09:00,500.0384216308594,500.0384216308594,500.0384216308594,500.0384216308594,0,0.0,0.0
2001-08-28 00:00:00+09:00,500.0384216308594,500.0384216308594,500.0384216308594,500.0384216308594,0,0.0,0.0
2001-08-29 00:00:00+09:00,500.0384216308594,500.0384216308594,500.0384216308594,500.0384216308594,1000,0.0,0.0
2001-08-30 00:00:00+09:00,500.0384216308594,500.0384216308594,500.0384216308594,500.0384216308594,1000,0.0,0.0
2001-08-31 00:00:00+09:00,500.0384216308594,500.0384216308594,500.0384216308594,500.0384216308594,1000,0.0,0.0
2001-09-03 00:00:00+09:00,500.0384216308594,500.0384216308594,500.0384216308594,500.0384216308594,1000,0.0,0.0
2001-09-04 00:00:00+09:00,500.0384216308594,500.0384216308594,500.0384216308594,500.0384216308594,1000,0.0,0.0
2001-09-05 00:00:00+09:00,446.59918212890625,446.59918212890625,446.59918212890625,446.59918212890625,1000,0.0,0.0
2001-09-06 00:00:00+09:00,446.59918212890625,446.59918212890625,446.59918212890625,446.59918212890625,0,0.0,0.0
2001-09-07 00:00:00+09:00,500.0384216308594,500.0384216308594,500.0384216308594,500.0384216308594,1000,0.0,0.0
2001-09-10 00:00:00+09:00,500.0384216308594,500.0384216308594,500.0384216308594,500.0384216308594,0,0.0,0.0
2001-09-11 00:00:00+09:00,500.0384216308594,500.0384216308594,500.0384216308594,500.0384216308594,0,0.0,0.0
2001-09-12 00:00:00+09:00,500.0384216308594,500.0384216308594,500.0384216308594,500.0384216308594,0,0.0,0.0
2001-09-13 00:00:00+09:00,500.0384216308594,500.0384216308594,500.0384216308594,500.0384216308594,0,0.0,0.0
2001-09-14 00:00:00+09:00,500.0384216308594,500.0384216308594,500.0384216308594,500.0384216308594,0,0.0,0.0
2001-09-17 00:00:00+09:00,500.0384216308594,500.0384216308594,500.0384216308594,500.0384216308594,0,0.0,0.0
2001-09-18 00:00:00+09:00,500.0384216308594,500.0384216308594,500.0384216308594,500.0384216308594,0,0.0,0.0
2001-09-19 00:00:00+09:00,500.0384216308594,500.0384216308594,500.0384216308594,500.0384216308594,1000,0.0,0.0
2001-09-20 00:00:00+09:00,500.0384216308594,500.0384216308594,500.0384216308594,500.0384216308594,0,0.0,0.0
2001-09-21 00:00:00+09:00,500.0384216308594,500.0384216308594,500.0384216308594,500.0384216308594,0,0.0,0.0
2001-09-24 00:00:00+09:00,500.0384216308594,500.0384216308594,500.0384216308594,500.0384216308594,0,0.0,0.0
2001-09-25 00:00:00+09:00,503.11083984375,503.11083984375,503.11083984375,503.11083984375,0,4.0,0.0
2001-09-26 00:00:00+09:00,503.11083984375,503.11083984375,503.11083984375,503.11083984375,0,0.0,0.0
2001-09-27 00:00:00+09:00,503.11083984375,503.11083984375,503.11083984375,503.11083984375,0,0.0,0.0
2001-09-28 00:00:00+09:00,503.11083984375,503.11083984375,503.11083984375,503.11083984375,0,0.0,0.0
2001-10-01 00:00:00+09:00,503.11083984375,503.11083984375,503.11083984375,503.11083984375,0,0.0,0.0
2001-10-02 00:00:00+09:00,503.11083984375,503.11083984375,503.11083984375,503.11083984375,0,0.0,0.0
2001-10-03 00:00:00+09:00,503.11083984375,503.11083984375,503.11083984375,503.11083984375,0,0.0,0.0
2001-10-04 00:00:00+09:00,503.11083984375,503.11083984375,503.11083984375,503.11083984375,0,0.0,0.0
2001-10-05 00:00:00+09:00,503.11083984375,503.11083984375,503.11083984375,503.11083984375,0,0.0,0.0
2001-10-08 00:00:00+09:00,503.11083984375,503.11083984375,503.11083984375,503.11083984375,0,0.0,0.0
2001-10-09 00:00:00+09:00,503.11083984375,503.11083984375,503.11083984375,503.11083984375,0,0.0,0.0
2001-10-10 00:00:00+09:00,503.11083984375,503.11083984375,503.11083984375,503.11083984375,0,0.0,0.0
2001-10-11 00:00:00+09:00,503.11083984375,503.11083984375,503.11083984375,503.11083984375,0,0.0,0.0
2001-10-12 00:00:00+09:00,503.11083984375,503.11083984375,503.11083984375,503.11083984375,0,0.0,0.0
2001-10-15 00:00:00+09:00,503.11083984375,503.11083984375,503.11083984375,503.11083984375,0,0.0,0.0
2001-10-16 00:00:00+09:00,503.11083984375,503.11083984375,503.11083984375,503.11083984375,0,0.0,0.0
2001-10-17 00:00:00+09:00,499.27029908158397,503.11083984375,499.27029908158397,503.11083984375,3000,0.0,0.0
2001-10-18 00:00:00+09:00,460.864990234375,460.864990234375,460.864990234375,460.864990234375,2000,0.0,0.0
2001-10-19 00:00:00+09:00,460.864990234375,460.864990234375,460.864990234375,460.864990234375,0,0.0,0.0
2001-10-22 00:00:00+09:00,460.864990234375,460.864990234375,460.864990234375,460.864990234375,1000,0.0,0.0
2001-10-23 00:00:00+09:00,445.5028991699219,445.5028991699219,445.5028991699219,445.5028991699219,2000,0.0,0.0
2001-10-24 00:00:00+09:00,445.5028991699219,445.5028991699219,445.5028991699219,445.5028991699219,0,0.0,0.0
2001-10-25 00:00:00+09:00,483.90823364257807,483.90823364257807,483.90823364257807,483.9082336425781,2000,0.0,0.0
2001-10-26 00:00:00+09:00,483.90823364257807,483.90823364257807,483.90823364257807,483.9082336425781,1000,0.0,0.0
2001-10-29 00:00:00+09:00,483.90823364257807,483.90823364257807,483.90823364257807,483.9082336425781,0,0.0,0.0
2001-10-30 00:00:00+09:00,483.90823364257807,483.90823364257807,483.90823364257807,483.9082336425781,2000,0.0,0.0
2001-10-31 00:00:00+09:00,483.90823364257807,483.90823364257807,483.90823364257807,483.9082336425781,0,0.0,0.0
2001-11-01 00:00:00+09:00,483.90823364257807,483.90823364257807,483.90823364257807,483.9082336425781,0,0.0,0.0
2001-11-02 00:00:00+09:00,483.90823364257807,483.90823364257807,483.90823364257807,483.9082336425781,0,0.0,0.0
2001-11-05 00:00:00+09:00,483.90823364257807,483.90823364257807,483.90823364257807,483.9082336425781,0,0.0,0.0
2001-11-06 00:00:00+09:00,499.2703247070312,499.2703247070312,499.2703247070312,499.27032470703125,1000,0.0,0.0
2001-11-07 00:00:00+09:00,499.2703247070312,499.2703247070312,499.2703247070312,499.27032470703125,0,0.0,0.0
2001-11-08 00:00:00+09:00,499.2703247070312,499.2703247070312,499.2703247070312,499.27032470703125,0,0.0,0.0
2001-11-09 00:00:00+09:00,499.2703247070312,499.2703247070312,499.2703247070312,499.27032470703125,0,0.0,0.0
2001-11-12 00:00:00+09:00,499.2703247070312,499.2703247070312,499.2703247070312,499.27032470703125,0,0.0,0.0
2001-11-13 00:00:00+09:00,499.2703247070312,499.2703247070312,499.2703247070312,499.27032470703125,0,0.0,0.0
2001-11-14 00:00:00+09:00,499.2703247070312,499.2703247070312,499.2703247070312,499.27032470703125,0,0.0,0.0
2001-11-15 00:00:00+09:00,499.2703247070312,499.2703247070312,499.2703247070312,499.27032470703125,0,0.0,0.0
2001-11-16 00:00:00+09:00,476.2270812988281,476.2270812988281,476.2270812988281,476.2270812988281,1000,0.0,0.0
2001-11-19 00:00:00+09:00,476.2270812988281,476.2270812988281,476.2270812988281,476.2270812988281,0,0.0,0.0
2001-11-20 00:00:00+09:00,476.2270812988281,476.2270812988281,476.2270812988281,476.2270812988281,0,0.0,0.0
2001-11-21 00:00:00+09:00,476.2270812988281,476.2270812988281,476.2270812988281,476.2270812988281,0,0.0,0.0
2001-11-22 00:00:00+09:00,476.2270812988281,476.2270812988281,476.2270812988281,476.2270812988281,0,0.0,0.0
2001-11-23 00:00:00+09:00,476.2270812988281,476.2270812988281,476.2270812988281,476.2270812988281,0,0.0,0.0
2001-11-26 00:00:00+09:00,476.2270812988281,476.2270812988281,476.2270812988281,476.2270812988281,1000,0.0,0.0
2001-11-27 00:00:00+09:00,476.2270812988281,476.2270812988281,476.2270812988281,476.2270812988281,0,0.0,0.0
2001-11-28 00:00:00+09:00,476.2270812988281,476.2270812988281,476.2270812988281,476.2270812988281,0,0.0,0.0
2001-11-29 00:00:00+09:00,476.2270812988281,476.2270812988281,476.2270812988281,476.2270812988281,0,0.0,0.0
2001-11-30 00:00:00+09:00,476.2270812988281,476.2270812988281,476.2270812988281,476.2270812988281,0,0.0,0.0
2001-12-03 00:00:00+09:00,476.2270812988281,476.2270812988281,476.2270812988281,476.2270812988281,0,0.0,0.0
2001-12-04 00:00:00+09:00,476.2270812988281,476.2270812988281,476.2270812988281,476.2270812988281,0,0.0,0.0
2001-12-05 00:00:00+09:00,476.2270812988281,476.2270812988281,476.2270812988281,476.2270812988281,0,0.0,0.0
2001-12-06 00:00:00+09:00,476.2270812988281,476.2270812988281,476.2270812988281,476.2270812988281,0,0.0,0.0
2001-12-07 00:00:00+09:00,476.2270812988281,476.2270812988281,476.2270812988281,476.2270812988281,0,0.0,0.0
2001-12-10 00:00:00+09:00,476.2270812988281,476.2270812988281,476.2270812988281,476.2270812988281,0,0.0,0.0
2001-12-11 00:00:00+09:00,476.2271505688864,483.90823364257807,476.2271505688864,483.9082336425781,4000,0.0,0.0
2001-12-12 00:00:00+09:00,483.90823364257807,483.90823364257807,483.90823364257807,483.9082336425781,0,0.0,0.0
2001-12-13 00:00:00+09:00,483.90823364257807,483.90823364257807,483.90823364257807,483.9082336425781,0,0.0,0.0
2001-12-14 00:00:00+09:00,483.90823364257807,483.90823364257807,483.90823364257807,483.9082336425781,0,0.0,0.0
2001-12-17 00:00:00+09:00,483.90823364257807,483.90823364257807,483.90823364257807,483.9082336425781,0,0.0,0.0
2001-12-18 00:00:00+09:00,483.90823364257807,483.90823364257807,483.90823364257807,483.9082336425781,0,0.0,0.0
2001-12-19 00:00:00+09:00,483.90823364257807,483.90823364257807,483.90823364257807,483.9082336425781,0,0.0,0.0
2001-12-20 00:00:00+09:00,483.90823364257807,483.90823364257807,483.90823364257807,483.9082336425781,0,0.0,0.0
2001-12-21 00:00:00+09:00,491.5894470214844,491.5894470214844,491.5894470214844,491.5894470214844,6000,0.0,0.0
2001-12-24 00:00:00+09:00,491.5894470214844,491.5894470214844,491.5894470214844,491.5894470214844,0,0.0,0.0
2001-12-25 00:00:00+09:00,491.5894470214844,491.5894470214844,491.5894470214844,491.5894470214844,0,0.0,0.0
2001-12-26 00:00:00+09:00,491.5894470214844,491.5894470214844,491.5894470214844,491.5894470214844,0,0.0,0.0
2001-12-27 00:00:00+09:00,491.5894470214844,491.5894470214844,491.5894470214844,491.5894470214844,1000,0.0,0.0
2001-12-28 00:00:00+09:00,491.5894470214844,491.5894470214844,491.5894470214844,491.5894470214844,0,0.0,0.0
2001-12-31 00:00:00+09:00,491.5894470214844,491.5894470214844,491.5894470214844,491.5894470214844,0,0.0,0.0
2002-01-01 00:00:00+09:00,491.5894470214844,491.5894470214844,491.5894470214844,491.5894470214844,0,0.0,0.0
2002-01-02 00:00:00+09:00,491.5894470214844,491.5894470214844,491.5894470214844,491.5894470214844,0,0.0,0.0
2002-01-03 00:00:00+09:00,491.5894470214844,491.5894470214844,491.5894470214844,491.5894470214844,0,0.0,0.0
2002-01-04 00:00:00+09:00,491.5894470214844,491.5894470214844,491.5894470214844,491.5894470214844,0,0.0,0.0
2002-01-07 00:00:00+09:00,491.5894470214844,491.5894470214844,491.5894470214844,491.5894470214844,0,0.0,0.0
2002-01-08 00:00:00+09:00,491.5894470214844,491.5894470214844,491.5894470214844,491.5894470214844,0,0.0,0.0
2002-01-09 00:00:00+09:00,491.5894470214844,491.5894470214844,491.5894470214844,491.5894470214844,0,0.0,0.0
2002-01-10 00:00:00+09:00,491.5894470214844,491.5894470214844,491.5894470214844,491.5894470214844,1000,0.0,0.0
2002-01-11 00:00:00+09:00,491.5894470214844,491.5894470214844,491.5894470214844,491.5894470214844,0,0.0,0.0
2002-01-14 00:00:00+09:00,491.5894470214844,491.5894470214844,491.5894470214844,491.5894470214844,0,0.0,0.0
2002-01-15 00:00:00+09:00,491.5894470214844,491.5894470214844,491.5894470214844,491.5894470214844,0,0.0,0.0
2002-01-16 00:00:00+09:00,491.5894470214844,491.5894470214844,491.5894470214844,491.5894470214844,0,0.0,0.0
2002-01-17 00:00:00+09:00,491.5894470214844,491.5894470214844,491.5894470214844,491.5894470214844,0,0.0,0.0
2002-01-18 00:00:00+09:00,491.5894470214844,491.5894470214844,491.5894470214844,491.5894470214844,1000,0.0,0.0
2002-01-21 00:00:00+09:00,491.5894470214844,491.5894470214844,491.5894470214844,491.5894470214844,2000,0.0,0.0
2002-01-22 00:00:00+09:00,490.8213806152343,490.8213806152343,490.8213806152343,490.8213806152344,1000,0.0,0.0
2002-01-23 00:00:00+09:00,490.8213806152343,490.8213806152343,490.8213806152343,490.8213806152344,0,0.0,0.0
2002-01-24 00:00:00+09:00,490.8213806152343,490.8213806152343,490.8213806152343,490.8213806152344,0,0.0,0.0
2002-01-25 00:00:00+09:00,490.8213806152343,490.8213806152343,490.8213806152343,490.8213806152344,0,0.0,0.0
2002-01-28 00:00:00+09:00,490.8213806152343,490.8213806152343,490.8213806152343,490.8213806152344,1000,0.0,0.0
2002-01-29 00:00:00+09:00,490.8213806152343,490.8213806152343,490.8213806152343,490.8213806152344,1000,0.0,0.0
2002-01-30 00:00:00+09:00,490.8213806152343,490.8213806152343,490.8213806152343,490.8213806152344,0,0.0,0.0
2002-01-31 00:00:00+09:00,490.8213806152343,490.8213806152343,490.8213806152343,490.8213806152344,0,0.0,0.0
2002-02-01 00:00:00+09:00,490.8213806152343,490.8213806152343,490.8213806152343,490.8213806152344,0,0.0,0.0
2002-02-04 00:00:00+09:00,490.8213806152343,490.8213806152343,490.8213806152343,490.8213806152344,0,0.0,0.0
2002-02-05 00:00:00+09:00,490.8213806152343,490.8213806152343,490.8213806152343,490.8213806152344,0,0.0,0.0
2002-02-06 00:00:00+09:00,490.8213806152343,490.8213806152343,490.8213806152343,490.8213806152344,0,0.0,0.0
2002-02-07 00:00:00+09:00,490.8213806152343,490.8213806152343,490.8213806152343,490.8213806152344,0,0.0,0.0
2002-02-08 00:00:00+09:00,490.8213806152343,490.8213806152343,490.8213806152343,490.8213806152344,3000,0.0,0.0
2002-02-11 00:00:00+09:00,490.8213806152343,490.8213806152343,490.8213806152343,490.8213806152344,0,0.0,0.0
2002-02-12 00:00:00+09:00,490.8213806152343,490.8213806152343,490.8213806152343,490.8213806152344,3000,0.0,0.0
2002-02-13 00:00:00+09:00,490.8213806152343,490.8213806152343,490.8213806152343,490.8213806152344,0,0.0,0.0
2002-02-14 00:00:00+09:00,490.8213806152343,490.8213806152343,490.8213806152343,490.8213806152344,0,0.0,0.0
2002-02-15 00:00:00+09:00,490.0532720383717,490.8213806152343,490.0532720383717,490.8213806152344,3000,0.0,0.0
2002-02-18 00:00:00+09:00,490.8213806152343,490.8213806152343,490.8213806152343,490.8213806152344,0,0.0,0.0
2002-02-19 00:00:00+09:00,490.8213806152343,490.8213806152343,490.8213806152343,490.8213806152344,2000,0.0,0.0
2002-02-20 00:00:00+09:00,490.8213806152343,490.8213806152343,490.8213806152343,490.8213806152344,1000,0.0,0.0
2002-02-21 00:00:00+09:00,490.8213806152343,490.8213806152343,490.8213806152343,490.8213806152344,0,0.0,0.0
2002-02-22 00:00:00+09:00,490.8213806152343,490.8213806152343,490.8213806152343,490.8213806152344,1000,0.0,0.0
2002-02-25 00:00:00+09:00,490.8213806152343,490.8213806152343,490.8213806152343,490.8213806152344,1000,0.0,0.0
2002-02-26 00:00:00+09:00,490.8213806152343,490.8213806152343,490.8213806152343,490.8213806152344,3000,0.0,0.0
2002-02-27 00:00:00+09:00,490.8213806152343,490.8213806152343,490.8213806152343,490.8213806152344,0,0.0,0.0
2002-02-28 00:00:00+09:00,490.8213806152343,490.8213806152343,490.8213806152343,490.8213806152344,0,0.0,0.0
2002-03-01 00:00:00+09:00,490.8213806152343,490.8213806152343,490.8213806152343,490.8213806152344,0,0.0,0.0
2002-03-04 00:00:00+09:00,490.8213806152343,490.8213806152343,490.8213806152343,490.8213806152344,2000,0.0,0.0
2002-03-05 00:00:00+09:00,490.8213806152343,490.8213806152343,490.8213806152343,490.8213806152344,0,0.0,0.0
2002-03-06 00:00:00+09:00,490.8213806152343,490.8213806152343,490.8213806152343,490.8213806152344,0,0.0,0.0
2002-03-07 00:00:00+09:00,490.8213806152343,490.8213806152343,490.8213806152343,490.8213806152344,0,0.0,0.0
2002-03-08 00:00:00+09:00,490.8213806152343,490.8213806152343,490.8213806152343,490.8213806152344,2000,0.0,0.0
2002-03-11 00:00:00+09:00,490.8213806152343,490.8213806152343,490.8213806152343,490.8213806152344,0,0.0,0.0
2002-03-12 00:00:00+09:00,490.8213806152343,490.8213806152343,490.8213806152343,490.8213806152344,0,0.0,0.0
2002-03-13 00:00:00+09:00,490.8213806152343,490.8213806152343,490.8213806152343,490.8213806152344,2000,0.0,0.0
2002-03-14 00:00:00+09:00,490.8213806152343,490.8213806152343,490.8213806152343,490.8213806152344,0,0.0,0.0
2002-03-15 00:00:00+09:00,490.8213806152343,490.8213806152343,490.8213806152343,490.8213806152344,0,0.0,0.0
2002-03-18 00:00:00+09:00,490.8213806152343,490.8213806152343,490.8213806152343,490.8213806152344,0,0.0,0.0
2002-03-19 00:00:00+09:00,490.8213806152343,490.8213806152343,490.8213806152343,490.8213806152344,0,0.0,0.0
2002-03-20 00:00:00+09:00,490.0530090332031,490.0530090332031,490.0530090332031,490.0530090332031,1000,0.0,0.0
2002-03-21 00:00:00+09:00,490.0530090332031,490.0530090332031,490.0530090332031,490.0530090332031,0,0.0,0.0
2002-03-22 00:00:00+09:00,490.0530090332031,490.0530090332031,490.0530090332031,490.0530090332031,0,0.0,0.0
2002-03-25 00:00:00+09:00,490.0530090332031,490.0530090332031,490.0530090332031,490.0530090332031,0,0.0,0.0
2002-03-26 00:00:00+09:00,493.1448974609375,493.1448974609375,493.1448974609375,493.1448974609375,0,4.0,0.0
2002-03-27 00:00:00+09:00,493.1448974609375,493.1448974609375,493.1448974609375,493.1448974609375,0,0.0,0.0
2002-03-28 00:00:00+09:00,493.1448974609375,493.1448974609375,493.1448974609375,493.1448974609375,0,0.0,0.0
2002-03-29 00:00:00+09:00,493.1448974609375,493.1448974609375,493.1448974609375,493.1448974609375,0,0.0,0.0
2002-04-01 00:00:00+09:00,493.1448974609375,493.1448974609375,493.1448974609375,493.1448974609375,1000,0.0,0.0
2002-04-02 00:00:00+09:00,493.1448974609375,493.1448974609375,493.1448974609375,493.1448974609375,0,0.0,0.0
2002-04-03 00:00:00+09:00,493.1448974609375,493.1448974609375,493.1448974609375,493.1448974609375,0,0.0,0.0
2002-04-04 00:00:00+09:00,493.1448974609375,493.1448974609375,493.1448974609375,493.1448974609375,0,0.0,0.0
2002-04-05 00:00:00+09:00,493.1448974609375,493.1448974609375,493.1448974609375,493.1448974609375,0,0.0,0.0
2002-04-08 00:00:00+09:00,493.1448974609375,493.1448974609375,493.1448974609375,493.1448974609375,0,0.0,0.0
2002-04-09 00:00:00+09:00,493.1448974609375,493.1448974609375,493.1448974609375,493.1448974609375,0,0.0,0.0
2002-04-10 00:00:00+09:00,493.1448974609375,493.1448974609375,493.1448974609375,493.1448974609375,1000,0.0,0.0
2002-04-11 00:00:00+09:00,493.1448974609375,493.1448974609375,493.1448974609375,493.1448974609375,0,0.0,0.0
2002-04-12 00:00:00+09:00,493.1448974609375,493.1448974609375,493.1448974609375,493.1448974609375,0,0.0,0.0
2002-04-15 00:00:00+09:00,493.1448974609375,493.1448974609375,493.1448974609375,493.1448974609375,0,0.0,0.0
2002-04-16 00:00:00+09:00,493.1448974609375,493.1448974609375,493.1448974609375,493.1448974609375,0,0.0,0.0
2002-04-17 00:00:00+09:00,493.1448974609375,493.1448974609375,493.1448974609375,493.1448974609375,0,0.0,0.0
2002-04-18 00:00:00+09:00,493.1448974609375,493.1448974609375,493.1448974609375,493.1448974609375,0,0.0,0.0
2002-04-19 00:00:00+09:00,493.1448974609375,493.1448974609375,493.1448974609375,493.1448974609375,0,0.0,0.0
2002-04-22 00:00:00+09:00,493.1448974609375,493.1448974609375,493.1448974609375,493.1448974609375,1000,0.0,0.0
2002-04-23 00:00:00+09:00,493.9179992675781,493.9179992675781,493.9179992675781,493.9179992675781,2000,0.0,0.0
2002-04-24 00:00:00+09:00,493.9179992675781,493.9179992675781,493.9179992675781,493.9179992675781,0,0.0,0.0
2002-04-25 00:00:00+09:00,493.9179992675781,493.9179992675781,493.9179992675781,493.9179992675781,0,0.0,0.0
2002-04-26 00:00:00+09:00,493.9179992675781,493.9179992675781,493.9179992675781,493.9179992675781,0,0.0,0.0
2002-04-29 00:00:00+09:00,493.9179992675781,493.9179992675781,493.9179992675781,493.9179992675781,0,0.0,0.0
2002-04-30 00:00:00+09:00,493.9179992675781,493.9179992675781,493.9179992675781,493.9179992675781,0,0.0,0.0
2002-05-01 00:00:00+09:00,493.9179992675781,493.9179992675781,493.9179992675781,493.9179992675781,0,0.0,0.0
2002-05-02 00:00:00+09:00,493.9179992675781,493.9179992675781,493.9179992675781,493.9179992675781,0,0.0,0.0
2002-05-03 00:00:00+09:00,493.9179992675781,493.9179992675781,493.9179992675781,493.9179992675781,0,0.0,0.0
2002-05-06 00:00:00+09:00,493.9179992675781,493.9179992675781,493.9179992675781,493.9179992675781,0,0.0,0.0
2002-05-07 00:00:00+09:00,493.9179992675781,493.9179992675781,493.9179992675781,493.9179992675781,0,0.0,0.0
2002-05-08 00:00:00+09:00,493.1448974609375,493.1448974609375,493.1448974609375,493.1448974609375,1000,0.0,0.0
2002-05-09 00:00:00+09:00,493.1448974609375,493.1448974609375,493.1448974609375,493.1448974609375,0,0.0,0.0
2002-05-10 00:00:00+09:00,493.1448974609375,493.1448974609375,493.1448974609375,493.1448974609375,0,0.0,0.0
2002-05-13 00:00:00+09:00,493.1448974609375,493.1448974609375,493.1448974609375,493.1448974609375,0,0.0,0.0
2002-05-14 00:00:00+09:00,493.1448974609375,493.1448974609375,493.1448974609375,493.1448974609375,0,0.0,0.0
2002-05-15 00:00:00+09:00,493.9179992675781,493.9179992675781,493.9179992675781,493.9179992675781,2000,0.0,0.0
2002-05-16 00:00:00+09:00,493.9179992675781,493.9179992675781,493.9179992675781,493.9179992675781,0,0.0,0.0
2002-05-17 00:00:00+09:00,479.2317185357073,493.1448974609375,479.2317185357073,493.1448974609375,2000,0.0,0.0
2002-05-20 00:00:00+09:00,491.5990294331797,491.5990294331797,437.4922180175781,437.4922180175781,2000,0.0,0.0
2002-05-21 00:00:00+09:00,483.0962829589844,483.0962829589844,483.0962829589844,483.0962829589844,1000,0.0,0.0
2002-05-22 00:00:00+09:00,479.231861574176,493.9179992675781,479.231861574176,493.9179992675781,2000,0.0,0.0
2002-05-23 00:00:00+09:00,492.37188720703125,492.37188720703125,492.37188720703125,492.37188720703125,1000,0.0,0.0
2002-05-24 00:00:00+09:00,492.37188720703125,492.37188720703125,492.37188720703125,492.37188720703125,0,0.0,0.0
2002-05-27 00:00:00+09:00,477.68575556349344,492.37188720703125,477.68575556349344,492.37188720703125,2000,0.0,0.0
2002-05-28 00:00:00+09:00,492.37188720703125,492.37188720703125,492.37188720703125,492.37188720703125,1000,0.0,0.0
2002-05-29 00:00:00+09:00,492.37188720703125,492.37188720703125,492.37188720703125,492.37188720703125,0,0.0,0.0
2002-05-30 00:00:00+09:00,492.37188720703125,492.37188720703125,492.37188720703125,492.37188720703125,0,0.0,0.0
2002-05-31 00:00:00+09:00,492.37188720703125,492.37188720703125,492.37188720703125,492.37188720703125,0,0.0,0.0
2002-06-03 00:00:00+09:00,477.68575556349344,492.37188720703125,477.68575556349344,492.37188720703125,2000,0.0,0.0
2002-06-04 00:00:00+09:00,491.59896850585943,491.59896850585943,491.59896850585943,491.5989685058594,1000,0.0,0.0
2002-06-05 00:00:00+09:00,491.59896850585943,491.59896850585943,491.59896850585943,491.5989685058594,0,0.0,0.0
2002-06-06 00:00:00+09:00,476.9128723144531,476.9128723144531,476.9128723144531,476.9128723144531,1000,0.0,0.0
2002-06-07 00:00:00+09:00,486.1882629394531,486.1882629394531,486.1882629394531,486.1882629394531,1000,0.0,0.0
2002-06-10 00:00:00+09:00,486.1882629394531,486.1882629394531,486.1882629394531,486.1882629394531,0,0.0,0.0
2002-06-11 00:00:00+09:00,471.50223944274296,471.50223944274296,465.318603515625,465.318603515625,2000,0.0,0.0
2002-06-12 00:00:00+09:00,465.318603515625,465.318603515625,465.318603515625,465.318603515625,0,0.0,0.0
2002-06-13 00:00:00+09:00,465.318603515625,465.318603515625,465.318603515625,465.318603515625,0,0.0,0.0
2002-06-14 00:00:00+09:00,465.318603515625,465.318603515625,465.318603515625,465.318603515625,0,0.0,0.0
2002-06-17 00:00:00+09:00,465.318603515625,465.318603515625,465.318603515625,465.318603515625,0,0.0,0.0
2002-06-18 00:00:00+09:00,465.318603515625,465.318603515625,465.318603515625,465.318603515625,4000,0.0,0.0
2002-06-19 00:00:00+09:00,465.31867533365886,465.31867533365886,463.77276611328125,463.77276611328125,4000,0.0,0.0
2002-06-20 00:00:00+09:00,463.77276611328125,463.77276611328125,463.77276611328125,463.77276611328125,0,0.0,0.0
2002-06-21 00:00:00+09:00,463.77276611328125,463.77276611328125,463.77276611328125,463.77276611328125,0,0.0,0.0
2002-06-24 00:00:00+09:00,465.318603515625,465.318603515625,465.318603515625,465.318603515625,1000,0.0,0.0
2002-06-25 00:00:00+09:00,465.31867533365886,465.31867533365886,463.77276611328125,463.77276611328125,2000,0.0,0.0
2002-06-26 00:00:00+09:00,465.318603515625,465.318603515625,465.318603515625,465.318603515625,1000,0.0,0.0
2002-06-27 00:00:00+09:00,465.318603515625,465.318603515625,465.318603515625,465.318603515625,0,0.0,0.0
2002-06-28 00:00:00+09:00,465.318603515625,465.318603515625,465.318603515625,465.318603515625,0,0.0,0.0
2002-07-01 00:00:00+09:00,465.31867533365886,465.31867533365886,463.77276611328125,463.77276611328125,2000,0.0,0.0
2002-07-02 00:00:00+09:00,465.318603515625,465.318603515625,465.318603515625,465.318603515625,1000,0.0,0.0
2002-07-03 00:00:00+09:00,465.318603515625,465.318603515625,465.318603515625,465.318603515625,1000,0.0,0.0
2002-07-04 00:00:00+09:00,465.318603515625,465.318603515625,465.318603515625,465.318603515625,1000,0.0,0.0
2002-07-05 00:00:00+09:00,465.318603515625,465.318603515625,465.318603515625,465.318603515625,1000,0.0,0.0
2002-07-08 00:00:00+09:00,465.318603515625,465.318603515625,465.318603515625,465.318603515625,1000,0.0,0.0
2002-07-09 00:00:00+09:00,465.318603515625,465.318603515625,465.318603515625,465.318603515625,4000,0.0,0.0
2002-07-10 00:00:00+09:00,463.77276611328125,463.77276611328125,463.77276611328125,463.77276611328125,1000,0.0,0.0
2002-07-11 00:00:00+09:00,465.318603515625,465.318603515625,465.318603515625,465.318603515625,1000,0.0,0.0
2002-07-12 00:00:00+09:00,463.77276611328125,463.77276611328125,463.77276611328125,463.77276611328125,1000,0.0,0.0
2002-07-15 00:00:00+09:00,463.77276611328125,463.77276611328125,463.77276611328125,463.77276611328125,1000,0.0,0.0
2002-07-16 00:00:00+09:00,463.77276611328125,463.77276611328125,463.77276611328125,463.77276611328125,1000,0.0,0.0
2002-07-17 00:00:00+09:00,463.77276611328125,463.77276611328125,463.77276611328125,463.77276611328125,1000,0.0,0.0
2002-07-18 00:00:00+09:00,463.77276611328125,463.77276611328125,463.77276611328125,463.77276611328125,0,0.0,0.0
2002-07-19 00:00:00+09:00,463.77276611328125,463.77276611328125,463.77276611328125,463.77276611328125,0,0.0,0.0
2002-07-22 00:00:00+09:00,463.77276611328125,463.77276611328125,463.77276611328125,463.77276611328125,2000,0.0,0.0
2002-07-23 00:00:00+09:00,463.77276611328125,463.77276611328125,463.77276611328125,463.77276611328125,0,0.0,0.0
2002-07-24 00:00:00+09:00,463.77276611328125,463.77276611328125,463.77276611328125,463.77276611328125,0,0.0,0.0
2002-07-25 00:00:00+09:00,463.77276611328125,463.77276611328125,463.77276611328125,463.77276611328125,0,0.0,0.0
2002-07-26 00:00:00+09:00,463.77276611328125,463.77276611328125,463.77276611328125,463.77276611328125,1000,0.0,0.0
2002-07-29 00:00:00+09:00,463.77276611328125,463.77276611328125,463.77276611328125,463.77276611328125,0,0.0,0.0
2002-07-30 00:00:00+09:00,463.77276611328125,463.77276611328125,463.77276611328125,463.77276611328125,0,0.0,0.0
2002-07-31 00:00:00+09:00,463.77276611328125,463.77276611328125,463.77276611328125,463.77276611328125,0,0.0,0.0
2002-08-01 00:00:00+09:00,463.77276611328125,463.77276611328125,463.77276611328125,463.77276611328125,1000,0.0,0.0
2002-08-02 00:00:00+09:00,463.77276611328125,463.77276611328125,463.77276611328125,463.77276611328125,0,0.0,0.0
2002-08-05 00:00:00+09:00,463.77276611328125,463.77276611328125,463.77276611328125,463.77276611328125,0,0.0,0.0
2002-08-06 00:00:00+09:00,465.318603515625,465.318603515625,465.318603515625,465.318603515625,1000,0.0,0.0
2002-08-07 00:00:00+09:00,465.318603515625,465.318603515625,465.318603515625,465.318603515625,0,0.0,0.0
2002-08-08 00:00:00+09:00,465.318603515625,465.318603515625,465.318603515625,465.318603515625,0,0.0,0.0
2002-08-09 00:00:00+09:00,465.318603515625,465.318603515625,465.318603515625,465.318603515625,0,0.0,0.0
2002-08-12 00:00:00+09:00,465.318603515625,465.318603515625,465.318603515625,465.318603515625,0,0.0,0.0
2002-08-13 00:00:00+09:00,463.77276611328125,463.77276611328125,463.77276611328125,463.77276611328125,1000,0.0,0.0
2002-08-14 00:00:00+09:00,463.77276611328125,463.77276611328125,463.77276611328125,463.77276611328125,1000,0.0,0.0
2002-08-15 00:00:00+09:00,463.77276611328125,463.77276611328125,463.77276611328125,463.77276611328125,0,0.0,0.0
2002-08-16 00:00:00+09:00,463.77276611328125,463.77276611328125,463.77276611328125,463.77276611328125,0,0.0,0.0
2002-08-19 00:00:00+09:00,463.77276611328125,463.77276611328125,463.77276611328125,463.77276611328125,0,0.0,0.0
2002-08-20 00:00:00+09:00,463.77276611328125,463.77276611328125,463.77276611328125,463.77276611328125,1000,0.0,0.0
2002-08-21 00:00:00+09:00,463.77276611328125,463.77276611328125,463.77276611328125,463.77276611328125,1000,0.0,0.0
2002-08-22 00:00:00+09:00,463.77276611328125,463.77276611328125,463.77276611328125,463.77276611328125,0,0.0,0.0
2002-08-23 00:00:00+09:00,463.77276611328125,463.77276611328125,463.77276611328125,463.77276611328125,0,0.0,0.0
2002-08-26 00:00:00+09:00,463.77276611328125,463.77276611328125,463.77276611328125,463.77276611328125,1000,0.0,0.0
2002-08-27 00:00:00+09:00,463.77276611328125,463.77276611328125,463.77276611328125,463.77276611328125,0,0.0,0.0
2002-08-28 00:00:00+09:00,463.77276611328125,463.77276611328125,463.77276611328125,463.77276611328125,0,0.0,0.0
2002-08-29 00:00:00+09:00,463.77276611328125,463.77276611328125,463.77276611328125,463.77276611328125,0,0.0,0.0
2002-08-30 00:00:00+09:00,463.77276611328125,463.77276611328125,463.77276611328125,463.77276611328125,0,0.0,0.0
2002-09-02 00:00:00+09:00,463.77276611328125,463.77276611328125,463.77276611328125,463.77276611328125,0,0.0,0.0
2002-09-03 00:00:00+09:00,464.5456848144531,464.5456848144531,464.5456848144531,464.5456848144531,0,0.0,0.0
2002-09-04 00:00:00+09:00,464.5456848144531,464.5456848144531,464.5456848144531,464.5456848144531,0,0.0,0.0
2002-09-05 00:00:00+09:00,464.5456848144531,464.5456848144531,464.5456848144531,464.5456848144531,5000,0.0,0.0
2002-09-06 00:00:00+09:00,464.5456848144531,464.5456848144531,464.5456848144531,464.5456848144531,0,0.0,0.0
2002-09-09 00:00:00+09:00,464.5456848144531,464.5456848144531,464.5456848144531,464.5456848144531,0,0.0,0.0
2002-09-10 00:00:00+09:00,464.5456848144531,464.5456848144531,464.5456848144531,464.5456848144531,0,0.0,0.0
2002-09-11 00:00:00+09:00,464.5456848144531,464.5456848144531,464.5456848144531,464.5456848144531,0,0.0,0.0
2002-09-12 00:00:00+09:00,464.5456848144531,464.5456848144531,464.5456848144531,464.5456848144531,0,0.0,0.0
2002-09-13 00:00:00+09:00,464.5453622071911,472.27490234375,464.5453622071911,472.27490234375,2000,0.0,0.0
2002-09-16 00:00:00+09:00,472.27490234375,472.27490234375,472.27490234375,472.27490234375,0,0.0,0.0
2002-09-17 00:00:00+09:00,487.7342834472657,487.7342834472657,487.7342834472657,487.7342834472656,1000,0.0,0.0
2002-09-18 00:00:00+09:00,487.7342834472657,487.7342834472657,487.7342834472657,487.7342834472656,0,0.0,0.0
2002-09-19 00:00:00+09:00,487.7342834472657,487.7342834472657,487.7342834472657,487.7342834472656,0,0.0,0.0
2002-09-20 00:00:00+09:00,487.7342834472657,487.7342834472657,487.7342834472657,487.7342834472656,1000,0.0,0.0
2002-09-23 00:00:00+09:00,487.7342834472657,487.7342834472657,487.7342834472657,487.7342834472656,0,0.0,0.0
2002-09-24 00:00:00+09:00,487.7342834472657,487.7342834472657,487.7342834472657,487.7342834472656,1000,0.0,0.0
2002-09-25 00:00:00+09:00,487.73428344726557,487.73428344726557,487.73428344726557,487.7342834472656,0,4.0,0.0
2002-09-26 00:00:00+09:00,487.73428344726557,487.73428344726557,487.73428344726557,487.7342834472656,0,0.0,0.0
2002-09-27 00:00:00+09:00,487.73428344726557,487.73428344726557,487.73428344726557,487.7342834472656,0,0.0,0.0
2002-09-30 00:00:00+09:00,486.9563903808594,486.9563903808594,486.9563903808594,486.9563903808594,0,0.0,0.0
2002-10-01 00:00:00+09:00,486.9563903808594,486.9563903808594,486.9563903808594,486.9563903808594,0,0.0,0.0
2002-10-02 00:00:00+09:00,486.9563903808594,486.9563903808594,486.9563903808594,486.9563903808594,0,0.0,0.0
2002-10-03 00:00:00+09:00,486.9563903808594,486.9563903808594,486.9563903808594,486.9563903808594,0,0.0,0.0
2002-10-04 00:00:00+09:00,486.9563903808594,486.9563903808594,486.9563903808594,486.9563903808594,0,0.0,0.0
2002-10-07 00:00:00+09:00,486.9563903808594,486.9563903808594,486.9563903808594,486.9563903808594,0,0.0,0.0
2002-10-08 00:00:00+09:00,486.9563903808594,486.9563903808594,486.9563903808594,486.9563903808594,0,0.0,0.0
2002-10-09 00:00:00+09:00,486.17834472656256,486.17834472656256,486.17834472656256,486.1783447265625,0,0.0,0.0
2002-10-10 00:00:00+09:00,486.17834472656256,486.17834472656256,486.17834472656256,486.1783447265625,0,0.0,0.0
2002-10-11 00:00:00+09:00,486.17834472656256,486.17834472656256,486.17834472656256,486.1783447265625,0,0.0,0.0
2002-10-14 00:00:00+09:00,486.17834472656256,486.17834472656256,486.17834472656256,486.1783447265625,0,0.0,0.0
2002-10-15 00:00:00+09:00,486.17834472656256,486.17834472656256,486.17834472656256,486.1783447265625,0,0.0,0.0
2002-10-16 00:00:00+09:00,486.17834472656256,486.17834472656256,486.17834472656256,486.1783447265625,0,0.0,0.0
2002-10-17 00:00:00+09:00,486.17834472656256,486.17834472656256,486.17834472656256,486.1783447265625,0,0.0,0.0
2002-10-18 00:00:00+09:00,485.4005737304688,485.4005737304688,485.4005737304688,485.40057373046875,0,0.0,0.0
2002-10-21 00:00:00+09:00,485.4005737304688,485.4005737304688,485.4005737304688,485.40057373046875,1000,0.0,0.0
2002-10-22 00:00:00+09:00,485.4005737304688,485.4005737304688,485.4005737304688,485.40057373046875,1000,0.0,0.0
2002-10-23 00:00:00+09:00,466.7313537597656,466.7313537597656,466.7313537597656,466.7313537597656,0,0.0,0.0
2002-10-24 00:00:00+09:00,466.7313537597656,466.7313537597656,466.7313537597656,466.7313537597656,0,0.0,0.0
2002-10-25 00:00:00+09:00,466.7313537597656,466.7313537597656,466.7313537597656,466.7313537597656,0,0.0,0.0
2002-10-28 00:00:00+09:00,466.7313537597656,466.7313537597656,466.7313537597656,466.7313537597656,0,0.0,0.0
2002-10-29 00:00:00+09:00,466.7313537597656,466.7313537597656,466.7313537597656,466.7313537597656,0,0.0,0.0
2002-10-30 00:00:00+09:00,466.7313537597656,466.7313537597656,466.7313537597656,466.7313537597656,0,0.0,0.0
2002-10-31 00:00:00+09:00,465.95330810546875,465.95330810546875,465.95330810546875,465.95330810546875,0,0.0,0.0
2002-11-01 00:00:00+09:00,465.95330810546875,465.95330810546875,465.95330810546875,465.95330810546875,0,0.0,0.0
2002-11-04 00:00:00+09:00,465.95330810546875,465.95330810546875,465.95330810546875,465.95330810546875,0,0.0,0.0
2002-11-05 00:00:00+09:00,465.95330810546875,465.95330810546875,465.95330810546875,465.95330810546875,0,0.0,0.0
2002-11-06 00:00:00+09:00,465.95330810546875,465.95330810546875,465.95330810546875,465.95330810546875,0,0.0,0.0
2002-11-07 00:00:00+09:00,465.95330810546875,465.95330810546875,465.95330810546875,465.95330810546875,0,0.0,0.0
2002-11-08 00:00:00+09:00,465.95330810546875,465.95330810546875,465.95330810546875,465.95330810546875,0,0.0,0.0
2002-11-11 00:00:00+09:00,465.95330810546875,465.95330810546875,465.95330810546875,465.95330810546875,0,0.0,0.0
2002-11-12 00:00:00+09:00,465.95330810546875,465.95330810546875,465.95330810546875,465.95330810546875,0,0.0,0.0
2002-11-13 00:00:00+09:00,465.95330810546875,465.95330810546875,465.95330810546875,465.95330810546875,0,0.0,0.0
2002-11-14 00:00:00+09:00,465.95330810546875,465.95330810546875,465.95330810546875,465.95330810546875,0,0.0,0.0
2002-11-15 00:00:00+09:00,465.95330810546875,465.95330810546875,465.95330810546875,465.95330810546875,0,0.0,0.0
2002-11-18 00:00:00+09:00,465.95330810546875,465.95330810546875,465.95330810546875,465.95330810546875,0,0.0,0.0
2002-11-19 00:00:00+09:00,465.95330810546875,465.95330810546875,465.95330810546875,465.95330810546875,0,0.0,0.0
2002-11-20 00:00:00+09:00,465.17547607421875,465.17547607421875,465.17547607421875,465.17547607421875,2000,0.0,0.0
2002-11-21 00:00:00+09:00,465.17547607421875,465.17547607421875,465.17547607421875,465.17547607421875,0,0.0,0.0
2002-11-22 00:00:00+09:00,465.17547607421875,465.17547607421875,465.17547607421875,465.17547607421875,0,0.0,0.0
2002-11-25 00:00:00+09:00,465.17547607421875,465.17547607421875,465.17547607421875,465.17547607421875,0,0.0,0.0
2002-11-26 00:00:00+09:00,465.17547607421875,465.17547607421875,465.17547607421875,465.17547607421875,0,0.0,0.0
2002-11-27 00:00:00+09:00,465.17547607421875,465.17547607421875,465.17547607421875,465.17547607421875,0,0.0,0.0
2002-11-28 00:00:00+09:00,465.17547607421875,465.17547607421875,465.17547607421875,465.17547607421875,0,0.0,0.0
2002-11-29 00:00:00+09:00,465.17547607421875,465.17547607421875,465.17547607421875,465.17547607421875,0,0.0,0.0
2002-12-02 00:00:00+09:00,465.17547607421875,465.17547607421875,465.17547607421875,465.17547607421875,0,0.0,0.0
2002-12-03 00:00:00+09:00,465.17547607421875,465.17547607421875,465.17547607421875,465.17547607421875,0,0.0,0.0
2002-12-04 00:00:00+09:00,465.17547607421875,465.17547607421875,465.17547607421875,465.17547607421875,0,0.0,0.0
2002-12-05 00:00:00+09:00,463.6197204589844,463.6197204589844,463.6197204589844,463.6197204589844,3000,0.0,0.0
2002-12-06 00:00:00+09:00,463.6197204589844,463.6197204589844,463.6197204589844,463.6197204589844,4000,0.0,0.0
2002-12-09 00:00:00+09:00,458.9524230957031,458.9524230957031,458.9524230957031,458.9524230957031,1000,0.0,0.0
2002-12-10 00:00:00+09:00,458.9524230957031,458.9524230957031,458.9524230957031,458.9524230957031,1000,0.0,0.0
2002-12-11 00:00:00+09:00,458.9524230957031,458.9524230957031,458.9524230957031,458.9524230957031,0,0.0,0.0
2002-12-12 00:00:00+09:00,458.9524230957031,458.9524230957031,458.9524230957031,458.9524230957031,3000,0.0,0.0
2002-12-13 00:00:00+09:00,458.9524230957031,458.9524230957031,458.9524230957031,458.9524230957031,0,0.0,0.0
2002-12-16 00:00:00+09:00,418.5024108886719,418.5024108886719,418.5024108886719,418.5024108886719,1000,0.0,0.0
2002-12-17 00:00:00+09:00,418.5024108886719,418.5024108886719,418.5024108886719,418.5024108886719,0,0.0,0.0
2002-12-18 00:00:00+09:00,418.5024108886719,418.5024108886719,418.5024108886719,418.5024108886719,0,0.0,0.0
2002-12-19 00:00:00+09:00,404.5005187988281,404.5005187988281,404.5005187988281,404.5005187988281,1000,0.0,0.0
2002-12-20 00:00:00+09:00,404.50050659179686,466.7313537597656,404.50050659179686,466.7313537597656,3000,0.0,0.0
2002-12-23 00:00:00+09:00,466.7313537597656,466.7313537597656,466.7313537597656,466.7313537597656,0,0.0,0.0
2002-12-24 00:00:00+09:00,466.7313537597656,466.7313537597656,466.7313537597656,466.7313537597656,1000,0.0,0.0
2002-12-25 00:00:00+09:00,451.173583984375,451.173583984375,451.173583984375,451.173583984375,1000,0.0,0.0
2002-12-26 00:00:00+09:00,451.173583984375,451.173583984375,451.173583984375,451.173583984375,1000,0.0,0.0
2002-12-27 00:00:00+09:00,451.173583984375,451.173583984375,451.173583984375,451.173583984375,1000,0.0,0.0
2002-12-30 00:00:00+09:00,451.173583984375,451.173583984375,451.173583984375,451.173583984375,0,0.0,0.0
2002-12-31 00:00:00+09:00,451.173583984375,451.173583984375,451.173583984375,451.173583984375,0,0.0,0.0
2003-01-01 00:00:00+09:00,451.173583984375,451.173583984375,451.173583984375,451.173583984375,0,0.0,0.0
2003-01-02 00:00:00+09:00,451.173583984375,451.173583984375,451.173583984375,451.173583984375,0,0.0,0.0
2003-01-03 00:00:00+09:00,451.173583984375,451.173583984375,451.173583984375,451.173583984375,0,0.0,0.0
2003-01-06 00:00:00+09:00,451.173583984375,451.173583984375,451.173583984375,451.173583984375,1000,0.0,0.0
2003-01-07 00:00:00+09:00,451.173583984375,451.173583984375,451.173583984375,451.173583984375,1000,0.0,0.0
2003-01-08 00:00:00+09:00,451.173583984375,451.173583984375,451.173583984375,451.173583984375,3000,0.0,0.0
2003-01-09 00:00:00+09:00,451.173583984375,451.173583984375,451.173583984375,451.173583984375,1000,0.0,0.0
2003-01-10 00:00:00+09:00,451.173583984375,451.173583984375,451.173583984375,451.173583984375,3000,0.0,0.0
2003-01-13 00:00:00+09:00,451.173583984375,451.173583984375,451.173583984375,451.173583984375,0,0.0,0.0
2003-01-14 00:00:00+09:00,451.173583984375,451.173583984375,451.173583984375,451.173583984375,0,0.0,0.0
2003-01-15 00:00:00+09:00,451.173583984375,451.173583984375,451.173583984375,451.173583984375,0,0.0,0.0
2003-01-16 00:00:00+09:00,451.173583984375,451.173583984375,451.173583984375,451.173583984375,0,0.0,0.0
2003-01-17 00:00:00+09:00,451.173583984375,451.173583984375,451.173583984375,451.173583984375,1000,0.0,0.0
2003-01-20 00:00:00+09:00,451.173583984375,451.173583984375,451.173583984375,451.173583984375,1000,0.0,0.0
2003-01-21 00:00:00+09:00,451.173583984375,451.173583984375,451.173583984375,451.173583984375,0,0.0,0.0
2003-01-22 00:00:00+09:00,451.173583984375,451.173583984375,451.173583984375,451.173583984375,1000,0.0,0.0
2003-01-23 00:00:00+09:00,451.173583984375,451.173583984375,451.173583984375,451.173583984375,0,0.0,0.0
2003-01-24 00:00:00+09:00,451.173583984375,451.173583984375,451.173583984375,451.173583984375,0,0.0,0.0
2003-01-27 00:00:00+09:00,451.173583984375,451.173583984375,451.173583984375,451.173583984375,0,0.0,0.0
2003-01-28 00:00:00+09:00,451.173583984375,451.173583984375,451.173583984375,451.173583984375,0,0.0,0.0
2003-01-29 00:00:00+09:00,451.173583984375,451.173583984375,451.173583984375,451.173583984375,0,0.0,0.0
2003-01-30 00:00:00+09:00,451.173583984375,451.173583984375,451.173583984375,451.173583984375,0,0.0,0.0
2003-01-31 00:00:00+09:00,451.173583984375,451.173583984375,451.173583984375,451.173583984375,0,0.0,0.0
2003-02-03 00:00:00+09:00,451.173583984375,451.173583984375,451.173583984375,451.173583984375,0,0.0,0.0
2003-02-04 00:00:00+09:00,451.173583984375,451.173583984375,451.173583984375,451.173583984375,0,0.0,0.0
2003-02-05 00:00:00+09:00,451.173583984375,451.173583984375,451.173583984375,451.173583984375,0,0.0,0.0
2003-02-06 00:00:00+09:00,451.173583984375,451.173583984375,451.173583984375,451.173583984375,0,0.0,0.0
2003-02-07 00:00:00+09:00,451.173583984375,451.173583984375,451.173583984375,451.173583984375,0,0.0,0.0
2003-02-10 00:00:00+09:00,451.173583984375,451.173583984375,451.173583984375,451.173583984375,1000,0.0,0.0
2003-02-11 00:00:00+09:00,451.173583984375,451.173583984375,451.173583984375,451.173583984375,0,0.0,0.0
2003-02-12 00:00:00+09:00,451.173583984375,451.173583984375,451.173583984375,451.173583984375,0,0.0,0.0
2003-02-13 00:00:00+09:00,451.173583984375,451.173583984375,451.173583984375,451.173583984375,0,0.0,0.0
2003-02-14 00:00:00+09:00,451.173583984375,451.173583984375,451.173583984375,451.173583984375,0,0.0,0.0
2003-02-17 00:00:00+09:00,451.173583984375,451.173583984375,451.173583984375,451.173583984375,0,0.0,0.0
2003-02-18 00:00:00+09:00,451.173583984375,451.173583984375,451.173583984375,451.173583984375,0,0.0,0.0
2003-02-19 00:00:00+09:00,451.173583984375,451.173583984375,451.173583984375,451.173583984375,0,0.0,0.0
2003-02-20 00:00:00+09:00,451.173583984375,451.173583984375,451.173583984375,451.173583984375,1000,0.0,0.0
2003-02-21 00:00:00+09:00,451.173583984375,451.173583984375,451.173583984375,451.173583984375,2000,0.0,0.0
2003-02-24 00:00:00+09:00,451.173583984375,451.173583984375,451.173583984375,451.173583984375,0,0.0,0.0
2003-02-25 00:00:00+09:00,451.173583984375,451.173583984375,451.173583984375,451.173583984375,0,0.0,0.0
2003-02-26 00:00:00+09:00,451.173583984375,451.173583984375,451.173583984375,451.173583984375,0,0.0,0.0
2003-02-27 00:00:00+09:00,451.173583984375,451.173583984375,451.173583984375,451.173583984375,1000,0.0,0.0
2003-02-28 00:00:00+09:00,451.173583984375,451.173583984375,451.173583984375,451.173583984375,0,0.0,0.0
2003-03-03 00:00:00+09:00,451.173583984375,451.173583984375,451.173583984375,451.173583984375,2000,0.0,0.0
2003-03-04 00:00:00+09:00,451.173583984375,451.173583984375,451.173583984375,451.173583984375,0,0.0,0.0
2003-03-05 00:00:00+09:00,451.173583984375,451.173583984375,451.173583984375,451.173583984375,0,0.0,0.0
2003-03-06 00:00:00+09:00,451.173583984375,451.173583984375,451.173583984375,451.173583984375,0,0.0,0.0
2003-03-07 00:00:00+09:00,451.173583984375,451.173583984375,451.173583984375,451.173583984375,0,0.0,0.0
2003-03-10 00:00:00+09:00,451.173583984375,451.173583984375,451.173583984375,451.173583984375,0,0.0,0.0
2003-03-11 00:00:00+09:00,451.173583984375,451.173583984375,451.173583984375,451.173583984375,0,0.0,0.0
2003-03-12 00:00:00+09:00,451.173583984375,451.173583984375,451.173583984375,451.173583984375,3000,0.0,0.0
2003-03-13 00:00:00+09:00,451.173583984375,451.173583984375,451.173583984375,451.173583984375,1000,0.0,0.0
2003-03-14 00:00:00+09:00,451.173583984375,451.173583984375,451.173583984375,451.173583984375,2000,0.0,0.0
2003-03-17 00:00:00+09:00,451.173583984375,451.173583984375,451.173583984375,451.173583984375,0,0.0,0.0
2003-03-18 00:00:00+09:00,455.0630798339844,455.0630798339844,455.0630798339844,455.0630798339844,1000,0.0,0.0
2003-03-19 00:00:00+09:00,455.0630798339844,455.0630798339844,455.0630798339844,455.0630798339844,0,0.0,0.0
2003-03-20 00:00:00+09:00,455.0630798339844,455.0630798339844,455.0630798339844,455.0630798339844,5000,0.0,0.0
2003-03-21 00:00:00+09:00,455.0630798339844,455.0630798339844,455.0630798339844,455.0630798339844,0,0.0,0.0
2003-03-24 00:00:00+09:00,458.9524230957031,458.9524230957031,458.9524230957031,458.9524230957031,1000,0.0,0.0
2003-03-25 00:00:00+09:00,451.1736369582842,453.5072937011719,451.1736369582842,453.5072937011719,8000,0.0,0.0
2003-03-26 00:00:00+09:00,453.5072937011719,453.5072937011719,453.5072937011719,453.5072937011719,0,4.0,0.0
2003-03-27 00:00:00+09:00,453.5072937011719,453.5072937011719,453.5072937011719,453.5072937011719,0,0.0,0.0
2003-03-28 00:00:00+09:00,453.5072937011719,453.5072937011719,453.5072937011719,453.5072937011719,0,0.0,0.0
2003-03-31 00:00:00+09:00,453.5072937011719,453.5072937011719,453.5072937011719,453.5072937011719,0,0.0,0.0
2003-04-01 00:00:00+09:00,453.5072937011719,453.5072937011719,453.5072937011719,453.5072937011719,0,0.0,0.0
2003-04-02 00:00:00+09:00,458.2069396972656,458.2069396972656,458.2069396972656,458.2069396972656,1000,0.0,0.0
2003-04-03 00:00:00+09:00,471.52215576171875,471.52215576171875,471.52215576171875,471.52215576171875,2000,0.0,0.0
2003-04-04 00:00:00+09:00,471.52215576171875,471.52215576171875,471.52215576171875,471.52215576171875,0,0.0,0.0
2003-04-07 00:00:00+09:00,471.52215576171875,471.52215576171875,471.52215576171875,471.52215576171875,1000,0.0,0.0
2003-04-08 00:00:00+09:00,471.52215576171875,471.52215576171875,471.52215576171875,471.52215576171875,0,0.0,0.0
2003-04-09 00:00:00+09:00,471.52215576171875,471.52215576171875,471.52215576171875,471.52215576171875,0,0.0,0.0
2003-04-10 00:00:00+09:00,471.52215576171875,471.52215576171875,471.52215576171875,471.52215576171875,0,0.0,0.0
2003-04-11 00:00:00+09:00,471.52215576171875,471.52215576171875,471.52215576171875,471.52215576171875,2000,0.0,0.0
2003-04-14 00:00:00+09:00,471.52215576171875,471.52215576171875,471.52215576171875,471.52215576171875,2000,0.0,0.0
2003-04-15 00:00:00+09:00,471.52215576171875,471.52215576171875,471.52215576171875,471.52215576171875,0,0.0,0.0
2003-04-16 00:00:00+09:00,471.52215576171875,471.52215576171875,471.52215576171875,471.52215576171875,0,0.0,0.0
2003-04-17 00:00:00+09:00,471.52215576171875,471.52215576171875,471.52215576171875,471.52215576171875,0,0.0,0.0
2003-04-18 00:00:00+09:00,454.29052734375,454.29052734375,454.29052734375,454.29052734375,1000,0.0,0.0
2003-04-21 00:00:00+09:00,454.29052734375,454.29052734375,454.29052734375,454.29052734375,0,0.0,0.0
2003-04-22 00:00:00+09:00,471.52215576171875,471.52215576171875,471.52215576171875,471.52215576171875,1000,0.0,0.0
2003-04-23 00:00:00+09:00,471.52215576171875,471.52215576171875,471.52215576171875,471.52215576171875,0,0.0,0.0
2003-04-24 00:00:00+09:00,471.52215576171875,471.52215576171875,471.52215576171875,471.52215576171875,1000,0.0,0.0
2003-04-25 00:00:00+09:00,476.2217102050781,476.2217102050781,476.2217102050781,476.2217102050781,2000,0.0,0.0
2003-04-28 00:00:00+09:00,490.3204345703125,490.3204345703125,490.3204345703125,490.3204345703125,0,0.0,0.0
2003-04-29 00:00:00+09:00,490.3204345703125,490.3204345703125,490.3204345703125,490.3204345703125,0,0.0,0.0
2003-04-30 00:00:00+09:00,509.90185546875,509.90185546875,509.90185546875,509.90185546875,0,0.0,0.0
2003-05-01 00:00:00+09:00,509.90185546875,509.90185546875,509.90185546875,509.90185546875,0,0.0,0.0
2003-05-02 00:00:00+09:00,458.2068831928761,458.9901428222656,458.2068831928761,458.9901428222656,2000,0.0,0.0
2003-05-05 00:00:00+09:00,458.9901428222656,458.9901428222656,458.9901428222656,458.9901428222656,0,0.0,0.0
2003-05-06 00:00:00+09:00,458.9901428222656,458.9901428222656,458.9901428222656,458.9901428222656,0,0.0,0.0
2003-05-07 00:00:00+09:00,458.9901428222656,458.9901428222656,458.9901428222656,458.9901428222656,0,0.0,0.0
2003-05-08 00:00:00+09:00,458.9901428222656,458.9901428222656,458.9901428222656,458.9901428222656,0,0.0,0.0
2003-05-09 00:00:00+09:00,458.9901428222656,458.9901428222656,458.9901428222656,458.9901428222656,0,0.0,0.0
2003-05-12 00:00:00+09:00,471.52215576171875,471.52215576171875,471.52215576171875,471.52215576171875,1000,0.0,0.0
2003-05-13 00:00:00+09:00,471.52215576171875,471.52215576171875,471.52215576171875,471.52215576171875,1000,0.0,0.0
2003-05-14 00:00:00+09:00,471.52215576171875,471.52215576171875,471.52215576171875,471.52215576171875,1000,0.0,0.0
2003-05-15 00:00:00+09:00,471.52215576171875,471.52215576171875,471.52215576171875,471.52215576171875,1000,0.0,0.0
2003-05-16 00:00:00+09:00,471.52215576171875,471.52215576171875,471.52215576171875,471.52215576171875,2000,0.0,0.0
2003-05-19 00:00:00+09:00,471.52215576171875,471.52215576171875,471.52215576171875,471.52215576171875,2000,0.0,0.0
2003-05-20 00:00:00+09:00,471.5222417477288,480.9213562011719,471.5222417477288,480.9213562011719,3000,0.0,0.0
2003-05-21 00:00:00+09:00,480.9213562011719,480.9213562011719,480.9213562011719,480.9213562011719,1000,0.0,0.0
2003-05-22 00:00:00+09:00,480.9213562011719,480.9213562011719,480.9213562011719,480.9213562011719,6000,0.0,0.0
2003-05-23 00:00:00+09:00,480.9213562011719,480.9213562011719,480.9213562011719,480.9213562011719,0,0.0,0.0
2003-05-26 00:00:00+09:00,480.9213562011719,480.9213562011719,480.9213562011719,480.9213562011719,0,0.0,0.0
2003-05-27 00:00:00+09:00,463.6896667480469,463.6896667480469,463.6896667480469,463.6896667480469,1000,0.0,0.0
2003-05-28 00:00:00+09:00,463.6896667480469,463.6896667480469,463.6896667480469,463.6896667480469,0,0.0,0.0
2003-05-29 00:00:00+09:00,463.6896667480469,463.6896667480469,463.6896667480469,463.6896667480469,0,0.0,0.0
2003-05-30 00:00:00+09:00,458.9901428222656,458.9901428222656,458.9901428222656,458.9901428222656,1000,0.0,0.0
2003-06-02 00:00:00+09:00,458.9901428222656,458.9901428222656,458.9901428222656,458.9901428222656,0,0.0,0.0
2003-06-03 00:00:00+09:00,458.9901428222656,458.9901428222656,458.9901428222656,458.9901428222656,0,0.0,0.0
2003-06-04 00:00:00+09:00,458.9901428222656,458.9901428222656,458.9901428222656,458.9901428222656,0,0.0,0.0
2003-06-05 00:00:00+09:00,458.9901428222656,458.9901428222656,458.9901428222656,458.9901428222656,0,0.0,0.0
2003-06-06 00:00:00+09:00,458.9901428222656,458.9901428222656,458.9901428222656,458.9901428222656,0,0.0,0.0
2003-06-09 00:00:00+09:00,458.9901428222656,458.9901428222656,458.9901428222656,458.9901428222656,0,0.0,0.0
2003-06-10 00:00:00+09:00,458.9901428222656,458.9901428222656,458.9901428222656,458.9901428222656,0,0.0,0.0
2003-06-11 00:00:00+09:00,458.9901428222656,458.9901428222656,458.9901428222656,458.9901428222656,0,0.0,0.0
2003-06-12 00:00:00+09:00,458.9901428222656,458.9901428222656,458.9901428222656,458.9901428222656,0,0.0,0.0
2003-06-13 00:00:00+09:00,458.9901428222656,458.9901428222656,458.9901428222656,458.9901428222656,0,0.0,0.0
2003-06-16 00:00:00+09:00,458.9901428222656,458.9901428222656,458.9901428222656,458.9901428222656,0,0.0,0.0
2003-06-17 00:00:00+09:00,458.9901428222656,458.9901428222656,458.9901428222656,458.9901428222656,0,0.0,0.0
2003-06-18 00:00:00+09:00,458.9901428222656,458.9901428222656,458.9901428222656,458.9901428222656,0,0.0,0.0
2003-06-19 00:00:00+09:00,458.9901428222656,458.9901428222656,458.9901428222656,458.9901428222656,0,0.0,0.0
2003-06-20 00:00:00+09:00,471.52215576171875,471.52215576171875,471.52215576171875,471.52215576171875,1000,0.0,0.0
2003-06-23 00:00:00+09:00,470.739013671875,470.739013671875,470.739013671875,470.739013671875,1000,0.0,0.0
2003-06-24 00:00:00+09:00,470.739013671875,470.739013671875,470.739013671875,470.739013671875,0,0.0,0.0
2003-06-25 00:00:00+09:00,458.9901428222656,458.9901428222656,458.9901428222656,458.9901428222656,1000,0.0,0.0
2003-06-26 00:00:00+09:00,458.9901428222656,458.9901428222656,458.9901428222656,458.9901428222656,0,0.0,0.0
2003-06-27 00:00:00+09:00,458.9901428222656,458.9901428222656,458.9901428222656,458.9901428222656,0,0.0,0.0
2003-06-30 00:00:00+09:00,458.9901428222656,458.9901428222656,458.9901428222656,458.9901428222656,1000,0.0,0.0
2003-07-01 00:00:00+09:00,470.73903726310857,470.73903726310857,458.9901428222656,458.9901428222656,2000,0.0,0.0
2003-07-02 00:00:00+09:00,458.9901428222656,458.9901428222656,458.9901428222656,458.9901428222656,1000,0.0,0.0
2003-07-03 00:00:00+09:00,465.2560729980469,465.2560729980469,465.2560729980469,465.2560729980469,1000,0.0,0.0
2003-07-04 00:00:00+09:00,470.739013671875,470.739013671875,470.739013671875,470.739013671875,1000,0.0,0.0
2003-07-07 00:00:00+09:00,470.739013671875,470.739013671875,470.739013671875,470.739013671875,0,0.0,0.0
2003-07-08 00:00:00+09:00,475.4384765625,475.4384765625,475.4384765625,475.4384765625,0,0.0,0.0
2003-07-09 00:00:00+09:00,475.4384765625,475.4384765625,475.4384765625,475.4384765625,1000,0.0,0.0
2003-07-10 00:00:00+09:00,475.4384765625,475.4384765625,475.4384765625,475.4384765625,1000,0.0,0.0
2003-07-11 00:00:00+09:00,475.4384765625,475.4384765625,475.4384765625,475.4384765625,1000,0.0,0.0
2003-07-14 00:00:00+09:00,475.4384765625,475.4384765625,475.4384765625,475.4384765625,0,0.0,0.0
2003-07-15 00:00:00+09:00,475.4384765625,475.4384765625,475.4384765625,475.4384765625,1000,0.0,0.0
2003-07-16 00:00:00+09:00,475.4384765625,475.4384765625,475.4384765625,475.4384765625,1000,0.0,0.0
2003-07-17 00:00:00+09:00,475.4384765625,475.4384765625,475.4384765625,475.4384765625,1000,0.0,0.0
2003-07-18 00:00:00+09:00,475.4384765625,475.4384765625,475.4384765625,475.4384765625,5000,0.0,0.0
2003-07-21 00:00:00+09:00,475.4384765625,475.4384765625,475.4384765625,475.4384765625,0,0.0,0.0
2003-07-22 00:00:00+09:00,475.4384765625,475.4384765625,475.4384765625,475.4384765625,1000,0.0,0.0
2003-07-23 00:00:00+09:00,475.4384765625,475.4384765625,475.4384765625,475.4384765625,0,0.0,0.0
2003-07-24 00:00:00+09:00,475.4384765625,475.4384765625,475.4384765625,475.4384765625,0,0.0,0.0
2003-07-25 00:00:00+09:00,475.4384765625,475.4384765625,475.4384765625,475.4384765625,1000,0.0,0.0
2003-07-28 00:00:00+09:00,475.4384765625,475.4384765625,475.4384765625,475.4384765625,0,0.0,0.0
2003-07-29 00:00:00+09:00,475.4384765625,475.4384765625,475.4384765625,475.4384765625,0,0.0,0.0
2003-07-30 00:00:00+09:00,475.4384765625,475.4384765625,475.4384765625,475.4384765625,0,0.0,0.0
2003-07-31 00:00:00+09:00,475.4384765625,475.4384765625,475.4384765625,475.4384765625,0,0.0,0.0
2003-08-01 00:00:00+09:00,469.95574951171875,469.95574951171875,469.95574951171875,469.95574951171875,0,0.0,0.0
2003-08-04 00:00:00+09:00,469.95574951171875,469.95574951171875,469.95574951171875,469.95574951171875,0,0.0,0.0
2003-08-05 00:00:00+09:00,469.95574951171875,469.95574951171875,469.95574951171875,469.95574951171875,0,0.0,0.0
2003-08-06 00:00:00+09:00,469.95574951171875,469.95574951171875,469.95574951171875,469.95574951171875,0,0.0,0.0
2003-08-07 00:00:00+09:00,469.95574951171875,469.95574951171875,469.95574951171875,469.95574951171875,0,0.0,0.0
2003-08-08 00:00:00+09:00,469.95574951171875,469.95574951171875,469.95574951171875,469.95574951171875,0,0.0,0.0
2003-08-11 00:00:00+09:00,463.6896667480469,463.6896667480469,463.6896667480469,463.6896667480469,2000,0.0,0.0
2003-08-12 00:00:00+09:00,463.6896667480469,463.6896667480469,463.6896667480469,463.6896667480469,0,0.0,0.0
2003-08-13 00:00:00+09:00,463.6896667480469,463.6896667480469,463.6896667480469,463.6896667480469,0,0.0,0.0
2003-08-14 00:00:00+09:00,463.6896667480469,463.6896667480469,463.6896667480469,463.6896667480469,0,0.0,0.0
2003-08-15 00:00:00+09:00,463.6896667480469,463.6896667480469,463.6896667480469,463.6896667480469,0,0.0,0.0
2003-08-18 00:00:00+09:00,463.6896667480469,463.6896667480469,463.6896667480469,463.6896667480469,0,0.0,0.0
2003-08-19 00:00:00+09:00,432.3592834472656,432.3592834472656,432.3592834472656,432.3592834472656,2000,0.0,0.0
2003-08-20 00:00:00+09:00,471.52215576171875,471.52215576171875,471.52215576171875,471.52215576171875,1000,0.0,0.0
2003-08-21 00:00:00+09:00,471.52215576171875,471.52215576171875,471.52215576171875,471.52215576171875,1000,0.0,0.0
2003-08-22 00:00:00+09:00,469.1724853515625,469.1724853515625,469.1724853515625,469.1724853515625,0,0.0,0.0
2003-08-25 00:00:00+09:00,469.1724853515625,469.1724853515625,469.1724853515625,469.1724853515625,0,0.0,0.0
2003-08-26 00:00:00+09:00,469.1724853515625,469.1724853515625,469.1724853515625,469.1724853515625,0,0.0,0.0
2003-08-27 00:00:00+09:00,469.1724853515625,469.1724853515625,469.1724853515625,469.1724853515625,0,0.0,0.0
2003-08-28 00:00:00+09:00,469.1724853515625,469.1724853515625,469.1724853515625,469.1724853515625,0,0.0,0.0
2003-08-29 00:00:00+09:00,469.1724853515625,469.1724853515625,469.1724853515625,469.1724853515625,0,0.0,0.0
2003-09-01 00:00:00+09:00,454.29052734375,454.29052734375,454.29052734375,454.29052734375,0,0.0,0.0
2003-09-02 00:00:00+09:00,454.29052734375,454.29052734375,454.29052734375,454.29052734375,0,0.0,0.0
2003-09-03 00:00:00+09:00,454.29052734375,454.29052734375,454.29052734375,454.29052734375,0,0.0,0.0
2003-09-04 00:00:00+09:00,454.29052734375,454.29052734375,454.29052734375,454.29052734375,0,0.0,0.0
2003-09-05 00:00:00+09:00,454.29052734375,454.29052734375,454.29052734375,454.29052734375,0,0.0,0.0
2003-09-08 00:00:00+09:00,434.7090621616529,434.7090621616529,432.3592834472656,432.3592834472656,3000,0.0,0.0
2003-09-09 00:00:00+09:00,432.3592834472656,432.3592834472656,432.3592834472656,432.3592834472656,0,0.0,0.0
2003-09-10 00:00:00+09:00,432.3592834472656,432.3592834472656,432.3592834472656,432.3592834472656,0,0.0,0.0
2003-09-11 00:00:00+09:00,432.3592834472656,432.3592834472656,432.3592834472656,432.3592834472656,2000,0.0,0.0
2003-09-12 00:00:00+09:00,432.3592834472656,432.3592834472656,432.3592834472656,432.3592834472656,0,0.0,0.0
2003-09-15 00:00:00+09:00,432.3592834472656,432.3592834472656,432.3592834472656,432.3592834472656,0,0.0,0.0
2003-09-16 00:00:00+09:00,432.3592834472656,432.3592834472656,430.7927643043408,432.3592834472656,7000,0.0,0.0
2003-09-17 00:00:00+09:00,432.3592834472656,432.3592834472656,432.3592834472656,432.3592834472656,2000,0.0,0.0
2003-09-18 00:00:00+09:00,432.3592834472656,432.3592834472656,432.3592834472656,432.3592834472656,0,0.0,0.0
2003-09-19 00:00:00+09:00,433.14247715667886,433.14247715667886,431.5759582519531,431.5759582519531,15000,0.0,0.0
2003-09-22 00:00:00+09:00,431.5759582519531,431.5759582519531,431.5759582519531,431.5759582519531,0,0.0,0.0
2003-09-23 00:00:00+09:00,431.5759582519531,431.5759582519531,431.5759582519531,431.5759582519531,0,0.0,0.0
2003-09-24 00:00:00+09:00,432.3592834472656,432.3592834472656,432.3592834472656,432.3592834472656,3000,0.0,0.0
2003-09-25 00:00:00+09:00,435.5152282714844,435.5152282714844,435.5152282714844,435.5152282714844,2000,4.0,0.0
2003-09-26 00:00:00+09:00,435.5152282714844,435.5152282714844,435.5152282714844,435.5152282714844,0,0.0,0.0
2003-09-29 00:00:00+09:00,435.5152282714844,435.5152282714844,435.5152282714844,435.5152282714844,0,0.0,0.0
2003-09-30 00:00:00+09:00,435.5152282714844,435.5152282714844,435.5152282714844,435.5152282714844,0,0.0,0.0
2003-10-01 00:00:00+09:00,435.5152282714844,435.5152282714844,435.5152282714844,435.5152282714844,0,0.0,0.0
2003-10-02 00:00:00+09:00,435.5152282714844,435.5152282714844,435.5152282714844,435.5152282714844,0,0.0,0.0
2003-10-03 00:00:00+09:00,435.5152282714844,435.5152282714844,435.5152282714844,435.5152282714844,0,0.0,0.0
2003-10-06 00:00:00+09:00,435.5152282714844,435.5152282714844,435.5152282714844,435.5152282714844,0,0.0,0.0
2003-10-07 00:00:00+09:00,435.5152282714844,435.5152282714844,435.5152282714844,435.5152282714844,0,0.0,0.0
2003-10-08 00:00:00+09:00,429.99237060546875,429.99237060546875,429.99237060546875,429.99237060546875,1000,0.0,0.0
2003-10-09 00:00:00+09:00,428.41436767578125,428.41436767578125,428.41436767578125,428.41436767578125,1000,0.0,0.0
2003-10-10 00:00:00+09:00,428.41436767578125,428.41436767578125,428.41436767578125,428.41436767578125,0,0.0,0.0
2003-10-13 00:00:00+09:00,428.41436767578125,428.41436767578125,428.41436767578125,428.41436767578125,0,0.0,0.0
2003-10-14 00:00:00+09:00,428.41436767578125,428.41436767578125,428.41436767578125,428.41436767578125,0,0.0,0.0
2003-10-15 00:00:00+09:00,418.94671630859375,418.94671630859375,418.94671630859375,418.94671630859375,1000,0.0,0.0
2003-10-16 00:00:00+09:00,418.94671630859375,418.94671630859375,418.94671630859375,418.94671630859375,0,0.0,0.0
2003-10-17 00:00:00+09:00,418.94671630859375,418.94671630859375,418.94671630859375,418.94671630859375,0,0.0,0.0
2003-10-20 00:00:00+09:00,418.94671630859375,418.94671630859375,418.94671630859375,418.94671630859375,0,0.0,0.0
2003-10-21 00:00:00+09:00,418.94671630859375,418.94671630859375,418.94671630859375,418.94671630859375,0,0.0,0.0
2003-10-22 00:00:00+09:00,422.1025695800781,422.1025695800781,422.1025695800781,422.1025695800781,1000,0.0,0.0
2003-10-23 00:00:00+09:00,422.1025695800781,422.1025695800781,422.1025695800781,422.1025695800781,1000,0.0,0.0
2003-10-24 00:00:00+09:00,422.1025695800781,422.1025695800781,422.1025695800781,422.1025695800781,1000,0.0,0.0
2003-10-27 00:00:00+09:00,422.1025695800781,422.1025695800781,422.1025695800781,422.1025695800781,0,0.0,0.0
2003-10-28 00:00:00+09:00,422.1025695800781,422.1025695800781,422.1025695800781,422.1025695800781,0,0.0,0.0
2003-10-29 00:00:00+09:00,422.1025695800781,422.1025695800781,422.1025695800781,422.1025695800781,0,0.0,0.0
2003-10-30 00:00:00+09:00,422.1025695800781,422.1025695800781,422.1025695800781,422.1025695800781,0,0.0,0.0
2003-10-31 00:00:00+09:00,422.1025695800781,422.1025695800781,422.1025695800781,422.1025695800781,0,0.0,0.0
2003-11-03 00:00:00+09:00,422.1025695800781,422.1025695800781,422.1025695800781,422.1025695800781,0,0.0,0.0
2003-11-04 00:00:00+09:00,422.1025695800781,422.1025695800781,422.1025695800781,422.1025695800781,0,0.0,0.0
2003-11-05 00:00:00+09:00,422.1025695800781,422.1025695800781,422.1025695800781,422.1025695800781,0,0.0,0.0
2003-11-06 00:00:00+09:00,422.1025695800781,422.1025695800781,422.1025695800781,422.1025695800781,0,0.0,0.0
2003-11-07 00:00:00+09:00,422.1025695800781,422.1025695800781,422.1025695800781,422.1025695800781,0,0.0,0.0
2003-11-10 00:00:00+09:00,422.1025695800781,422.1025695800781,422.1025695800781,422.1025695800781,0,0.0,0.0
2003-11-11 00:00:00+09:00,422.1025695800781,422.1025695800781,422.1025695800781,422.1025695800781,0,0.0,0.0
2003-11-12 00:00:00+09:00,411.0569152832031,411.0569152832031,411.0569152832031,411.0569152832031,1000,0.0,0.0
2003-11-13 00:00:00+09:00,411.0569152832031,411.0569152832031,411.0569152832031,411.0569152832031,0,0.0,0.0
2003-11-14 00:00:00+09:00,411.0569152832031,411.0569152832031,411.0569152832031,411.0569152832031,0,0.0,0.0
2003-11-17 00:00:00+09:00,394.48834228515625,394.48834228515625,394.48834228515625,394.48834228515625,1000,0.0,0.0
2003-11-18 00:00:00+09:00,394.48834228515625,394.48834228515625,394.48834228515625,394.48834228515625,0,0.0,0.0
2003-11-19 00:00:00+09:00,418.1576843261719,418.1576843261719,418.1576843261719,418.1576843261719,2000,0.0,0.0
2003-11-20 00:00:00+09:00,418.1576843261719,418.1576843261719,418.1576843261719,418.1576843261719,1000,0.0,0.0
2003-11-21 00:00:00+09:00,418.94671630859375,418.94671630859375,418.94671630859375,418.94671630859375,0,0.0,0.0
2003-11-24 00:00:00+09:00,418.94671630859375,418.94671630859375,418.94671630859375,418.94671630859375,0,0.0,0.0
2003-11-25 00:00:00+09:00,418.94671630859375,418.94671630859375,418.94671630859375,418.94671630859375,0,0.0,0.0
2003-11-26 00:00:00+09:00,418.94671630859375,418.94671630859375,418.94671630859375,418.94671630859375,0,0.0,0.0
2003-11-27 00:00:00+09:00,418.94671630859375,418.94671630859375,418.94671630859375,418.94671630859375,0,0.0,0.0
2003-11-28 00:00:00+09:00,426.0473937988281,426.0473937988281,426.0473937988281,426.0473937988281,1000,0.0,0.0
2003-12-01 00:00:00+09:00,433.93719482421875,433.93719482421875,433.93719482421875,433.93719482421875,1000,0.0,0.0
2003-12-02 00:00:00+09:00,433.93719482421875,433.93719482421875,433.93719482421875,433.93719482421875,0,0.0,0.0
2003-12-03 00:00:00+09:00,433.93719482421875,433.93719482421875,433.93719482421875,433.93719482421875,0,0.0,0.0
2003-12-04 00:00:00+09:00,433.93719482421875,433.93719482421875,433.93719482421875,433.93719482421875,0,0.0,0.0
2003-12-05 00:00:00+09:00,433.93719482421875,433.93719482421875,433.93719482421875,433.93719482421875,0,0.0,0.0
2003-12-08 00:00:00+09:00,433.93719482421875,433.93719482421875,433.93719482421875,433.93719482421875,0,0.0,0.0
2003-12-09 00:00:00+09:00,433.93719482421875,433.93719482421875,433.93719482421875,433.93719482421875,1000,0.0,0.0
2003-12-10 00:00:00+09:00,433.14825439453125,433.14825439453125,433.14825439453125,433.14825439453125,1000,0.0,0.0
2003-12-11 00:00:00+09:00,418.1576843261719,418.1576843261719,418.1576843261719,418.1576843261719,1000,0.0,0.0
2003-12-12 00:00:00+09:00,418.1576843261719,418.1576843261719,418.1576843261719,418.1576843261719,0,0.0,0.0
2003-12-15 00:00:00+09:00,426.0473937988281,426.0473937988281,426.0473937988281,426.0473937988281,1000,0.0,0.0
2003-12-16 00:00:00+09:00,422.1025695800781,422.1025695800781,422.1025695800781,422.1025695800781,0,0.0,0.0
2003-12-17 00:00:00+09:00,422.1025695800781,422.1025695800781,422.1025695800781,422.1025695800781,0,0.0,0.0
2003-12-18 00:00:00+09:00,422.1025695800781,422.1025695800781,422.1025695800781,422.1025695800781,0,0.0,0.0
2003-12-19 00:00:00+09:00,422.1025695800781,422.1025695800781,422.1025695800781,422.1025695800781,0,0.0,0.0
2003-12-22 00:00:00+09:00,422.1025695800781,422.1025695800781,422.1025695800781,422.1025695800781,1000,0.0,0.0
2003-12-23 00:00:00+09:00,422.1025695800781,422.1025695800781,422.1025695800781,422.1025695800781,0,0.0,0.0
2003-12-24 00:00:00+09:00,422.1025695800781,422.1025695800781,422.1025695800781,422.1025695800781,0,0.0,0.0
2003-12-25 00:00:00+09:00,422.1025695800781,422.1025695800781,422.1025695800781,422.1025695800781,0,0.0,0.0
2003-12-26 00:00:00+09:00,422.1025695800781,422.1025695800781,422.1025695800781,422.1025695800781,1000,0.0,0.0
2003-12-29 00:00:00+09:00,422.1025695800781,422.1025695800781,422.1025695800781,422.1025695800781,2000,0.0,0.0
2003-12-30 00:00:00+09:00,422.1025695800781,422.1025695800781,422.1025695800781,422.1025695800781,0,0.0,0.0
2003-12-31 00:00:00+09:00,422.1025695800781,422.1025695800781,422.1025695800781,422.1025695800781,0,0.0,0.0
2004-01-01 00:00:00+09:00,422.1025695800781,422.1025695800781,422.1025695800781,422.1025695800781,0,0.0,0.0
2004-01-02 00:00:00+09:00,422.1025695800781,422.1025695800781,422.1025695800781,422.1025695800781,0,0.0,0.0
2004-01-05 00:00:00+09:00,422.1025695800781,422.1025695800781,422.1025695800781,422.1025695800781,0,0.0,0.0
2004-01-06 00:00:00+09:00,437.8821105957031,437.8821105957031,437.8821105957031,437.8821105957031,0,0.0,0.0
2004-01-07 00:00:00+09:00,445.77178955078125,445.77178955078125,445.77178955078125,445.77178955078125,1000,0.0,0.0
2004-01-08 00:00:00+09:00,445.77178955078125,445.77178955078125,445.77178955078125,445.77178955078125,1000,0.0,0.0
2004-01-09 00:00:00+09:00,453.6616821289063,453.6616821289063,453.6616821289063,453.66168212890625,1000,0.0,0.0
2004-01-12 00:00:00+09:00,453.6616821289063,453.6616821289063,453.6616821289063,453.66168212890625,0,0.0,0.0
2004-01-13 00:00:00+09:00,461.551513671875,461.551513671875,461.551513671875,461.551513671875,1000,0.0,0.0
2004-01-14 00:00:00+09:00,461.551513671875,461.551513671875,461.551513671875,461.551513671875,2000,0.0,0.0
2004-01-15 00:00:00+09:00,461.551513671875,461.551513671875,461.551513671875,461.551513671875,1000,0.0,0.0
2004-01-16 00:00:00+09:00,461.551513671875,461.551513671875,461.551513671875,461.551513671875,0,0.0,0.0
2004-01-19 00:00:00+09:00,436.3040771484375,436.3040771484375,436.3040771484375,436.3040771484375,1000,0.0,0.0
2004-01-20 00:00:00+09:00,442.61602783203125,442.61602783203125,442.61602783203125,442.61602783203125,2000,0.0,0.0
2004-01-21 00:00:00+09:00,444.19390869140625,444.19390869140625,444.19390869140625,444.19390869140625,1000,0.0,0.0
2004-01-22 00:00:00+09:00,444.19390869140625,444.19390869140625,444.19390869140625,444.19390869140625,1000,0.0,0.0
2004-01-23 00:00:00+09:00,444.19390869140625,444.19390869140625,444.19390869140625,444.19390869140625,0,0.0,0.0
2004-01-26 00:00:00+09:00,444.19390869140625,444.19390869140625,444.19390869140625,444.19390869140625,1000,0.0,0.0
2004-01-27 00:00:00+09:00,444.19390869140625,444.19390869140625,444.19390869140625,444.19390869140625,1000,0.0,0.0
2004-01-28 00:00:00+09:00,442.61602783203125,442.61602783203125,442.61602783203125,442.61602783203125,1000,0.0,0.0
2004-01-29 00:00:00+09:00,435.5152282714844,435.5152282714844,435.5152282714844,435.5152282714844,1000,0.0,0.0
2004-01-30 00:00:00+09:00,435.5152282714844,435.5152282714844,435.5152282714844,435.5152282714844,0,0.0,0.0
2004-02-02 00:00:00+09:00,435.5152282714844,435.5152282714844,435.5152282714844,435.5152282714844,0,0.0,0.0
2004-02-03 00:00:00+09:00,435.5152282714844,435.5152282714844,435.5152282714844,435.5152282714844,0,0.0,0.0
2004-02-04 00:00:00+09:00,435.5152282714844,435.5152282714844,435.5152282714844,435.5152282714844,0,0.0,0.0
2004-02-05 00:00:00+09:00,435.5152282714844,435.5152282714844,435.5152282714844,435.5152282714844,0,0.0,0.0
2004-02-06 00:00:00+09:00,435.5152282714844,435.5152282714844,435.5152282714844,435.5152282714844,0,0.0,0.0
2004-02-09 00:00:00+09:00,433.14825439453125,433.14825439453125,433.14825439453125,433.14825439453125,0,0.0,0.0
2004-02-10 00:00:00+09:00,433.14825439453125,433.14825439453125,433.14825439453125,433.14825439453125,0,0.0,0.0
2004-02-11 00:00:00+09:00,433.14825439453125,433.14825439453125,433.14825439453125,433.14825439453125,0,0.0,0.0
2004-02-12 00:00:00+09:00,401.5891550183296,403.9560852050781,401.5891550183296,403.9560852050781,2000,0.0,0.0
2004-02-13 00:00:00+09:00,407.1120300292969,407.1120300292969,407.1120300292969,407.1120300292969,0,0.0,0.0
2004-02-16 00:00:00+09:00,434.7261962890625,434.7261962890625,434.7261962890625,434.7261962890625,1000,0.0,0.0
2004-02-17 00:00:00+09:00,430.7812805175781,430.7812805175781,430.7812805175781,430.7812805175781,1000,0.0,0.0
2004-02-18 00:00:00+09:00,430.7813240426485,433.14825439453125,430.7813240426485,433.14825439453125,4000,0.0,0.0
2004-02-19 00:00:00+09:00,433.93719482421875,433.93719482421875,433.93719482421875,433.93719482421875,3000,0.0,0.0
2004-02-20 00:00:00+09:00,434.72618772462675,444.19390869140625,434.72618772462675,444.19390869140625,4000,0.0,0.0
2004-02-23 00:00:00+09:00,444.19390869140625,444.19390869140625,444.19390869140625,444.19390869140625,1000,0.0,0.0
2004-02-24 00:00:00+09:00,444.19390869140625,444.19390869140625,444.19390869140625,444.19390869140625,1000,0.0,0.0
2004-02-25 00:00:00+09:00,444.19390869140625,444.19390869140625,444.19390869140625,444.19390869140625,1000,0.0,0.0
2004-02-26 00:00:00+09:00,444.19390869140625,444.19390869140625,444.19390869140625,444.19390869140625,0,0.0,0.0
2004-02-27 00:00:00+09:00,444.19390869140625,444.19390869140625,444.19390869140625,444.19390869140625,1000,0.0,0.0
2004-03-01 00:00:00+09:00,445.7718143530532,446.56079101562494,445.7718143530532,446.560791015625,2000,0.0,0.0
2004-03-02 00:00:00+09:00,446.56079101562494,446.56079101562494,446.56079101562494,446.560791015625,0,0.0,0.0
2004-03-03 00:00:00+09:00,448.1388244628907,448.1388244628907,448.1388244628907,448.1388244628906,1000,0.0,0.0
2004-03-04 00:00:00+09:00,448.1388244628907,448.1388244628907,448.1388244628907,448.1388244628906,1000,0.0,0.0
2004-03-05 00:00:00+09:00,449.7167053222656,449.7167053222656,449.7167053222656,449.7167053222656,2000,0.0,0.0
2004-03-08 00:00:00+09:00,459.1844177246094,459.1844177246094,459.1844177246094,459.1844177246094,2000,0.0,0.0
2004-03-09 00:00:00+09:00,471.80821397569446,471.80821397569446,461.551513671875,461.551513671875,2000,0.0,0.0
2004-03-10 00:00:00+09:00,461.551513671875,461.551513671875,461.551513671875,461.551513671875,0,0.0,0.0
2004-03-11 00:00:00+09:00,449.7167053222656,449.7167053222656,449.7167053222656,449.7167053222656,1000,0.0,0.0
2004-03-12 00:00:00+09:00,449.7167053222656,449.7167053222656,449.7167053222656,449.7167053222656,0,0.0,0.0
2004-03-15 00:00:00+09:00,449.7167053222656,449.7167053222656,449.7167053222656,449.7167053222656,1000,0.0,0.0
2004-03-16 00:00:00+09:00,449.7167053222656,449.7167053222656,449.7167053222656,449.7167053222656,0,0.0,0.0
2004-03-17 00:00:00+09:00,461.551513671875,461.551513671875,461.551513671875,461.551513671875,1000,0.0,0.0
2004-03-18 00:00:00+09:00,471.80810546875,471.80810546875,471.80810546875,471.80810546875,2000,0.0,0.0
2004-03-19 00:00:00+09:00,461.551513671875,461.551513671875,461.551513671875,461.551513671875,1000,0.0,0.0
2004-03-22 00:00:00+09:00,462.3404235839844,462.3404235839844,462.3404235839844,462.3404235839844,1000,0.0,0.0
2004-03-23 00:00:00+09:00,462.3404235839844,462.3404235839844,462.3404235839844,462.3404235839844,1000,0.0,0.0
2004-03-24 00:00:00+09:00,462.34038287672587,467.86322021484375,462.34038287672587,467.86322021484375,4000,0.0,0.0
2004-03-25 00:00:00+09:00,467.86322021484375,468.652196977432,467.86322021484375,467.86322021484375,7000,0.0,0.0
2004-03-26 00:00:00+09:00,476.6307067871094,476.6307067871094,476.6307067871094,476.6307067871094,1000,6.0,0.0
2004-03-29 00:00:00+09:00,476.6307067871094,476.6307067871094,476.6307067871094,476.6307067871094,0,0.0,0.0
2004-03-30 00:00:00+09:00,474.2395935058594,474.2395935058594,474.2395935058594,474.2395935058594,4000,0.0,0.0
2004-03-31 00:00:00+09:00,474.23957978319,475.03662109375,474.23957978319,475.03662109375,4000,0.0,0.0
2004-04-01 00:00:00+09:00,475.03662109375,475.03662109375,475.03662109375,475.03662109375,0,0.0,0.0
2004-04-02 00:00:00+09:00,475.03662109375,475.03662109375,475.03662109375,475.03662109375,0,0.0,0.0
2004-04-05 00:00:00+09:00,486.1952376794893,486.9922790527344,479.0218653202837,486.9922790527344,3000,0.0,0.0
2004-04-06 00:00:00+09:00,486.19515751757484,486.19515751757484,477.4277038574219,477.4277038574219,2000,0.0,0.0
2004-04-07 00:00:00+09:00,486.1952209472656,486.1952209472656,486.1952209472656,486.1952209472656,1000,0.0,0.0
2004-04-08 00:00:00+09:00,486.1952209472656,486.1952209472656,486.1952209472656,486.1952209472656,0,0.0,0.0
2004-04-09 00:00:00+09:00,479.02177266438804,479.02177266438804,478.2247314453125,478.2247314453125,2000,0.0,0.0
2004-04-12 00:00:00+09:00,478.2247314453125,478.2247314453125,478.2247314453125,478.2247314453125,3000,0.0,0.0
2004-04-13 00:00:00+09:00,502.1361389160156,502.1361389160156,502.1361389160156,502.1361389160156,2000,0.0,0.0
2004-04-14 00:00:00+09:00,519.6709594726562,519.6709594726562,519.6709594726562,519.6709594726562,1000,0.0,0.0
2004-04-15 00:00:00+09:00,519.6709594726562,519.6709594726562,519.6709594726562,519.6709594726562,0,0.0,0.0
2004-04-16 00:00:00+09:00,490.9774475097656,490.9774475097656,490.9774475097656,490.9774475097656,1000,0.0,0.0
2004-04-19 00:00:00+09:00,491.7745056152344,491.7745056152344,491.7745056152344,491.7745056152344,1000,0.0,0.0
2004-04-20 00:00:00+09:00,491.7745056152344,491.7745056152344,491.7745056152344,491.7745056152344,1000,0.0,0.0
2004-04-21 00:00:00+09:00,486.1952209472656,486.1952209472656,486.1952209472656,486.1952209472656,2000,0.0,0.0
2004-04-22 00:00:00+09:00,479.02184883492896,486.1952209472656,479.02184883492896,486.1952209472656,3000,0.0,0.0
2004-04-23 00:00:00+09:00,486.1952209472656,486.1952209472656,486.1952209472656,486.1952209472656,2000,0.0,0.0
2004-04-26 00:00:00+09:00,482.2100830078125,482.2100830078125,482.2100830078125,482.2100830078125,1000,0.0,0.0
2004-04-27 00:00:00+09:00,479.81872558593744,479.81872558593744,479.81872558593744,479.8187255859375,1000,0.0,0.0
2004-04-28 00:00:00+09:00,479.81872558593744,479.81872558593744,479.81872558593744,479.8187255859375,0,0.0,0.0
2004-04-29 00:00:00+09:00,479.81872558593744,479.81872558593744,479.81872558593744,479.8187255859375,0,0.0,0.0
2004-04-30 00:00:00+09:00,479.81872558593744,479.81872558593744,479.81872558593744,479.8187255859375,0,0.0,0.0
2004-05-03 00:00:00+09:00,479.81872558593744,479.81872558593744,479.81872558593744,479.8187255859375,0,0.0,0.0
2004-05-04 00:00:00+09:00,479.81872558593744,479.81872558593744,479.81872558593744,479.8187255859375,0,0.0,0.0
2004-05-05 00:00:00+09:00,479.81872558593744,479.81872558593744,479.81872558593744,479.8187255859375,0,0.0,0.0
2004-05-06 00:00:00+09:00,479.81872558593744,479.81872558593744,479.81872558593744,479.8187255859375,0,0.0,0.0
2004-05-07 00:00:00+09:00,459.095808423913,459.095808423913,458.29876708984375,458.29876708984375,3000,0.0,0.0
2004-05-10 00:00:00+09:00,462.283935546875,462.283935546875,462.283935546875,462.283935546875,2000,0.0,0.0
2004-05-11 00:00:00+09:00,462.283935546875,462.283935546875,462.283935546875,462.283935546875,0,0.0,0.0
2004-05-12 00:00:00+09:00,462.283935546875,462.283935546875,462.283935546875,462.283935546875,0,0.0,0.0
2004-05-13 00:00:00+09:00,462.283935546875,462.283935546875,462.283935546875,462.283935546875,0,0.0,0.0
2004-05-14 00:00:00+09:00,462.283935546875,462.283935546875,462.283935546875,462.283935546875,0,0.0,0.0
2004-05-17 00:00:00+09:00,447.1401672363281,447.1401672363281,447.1401672363281,447.1401672363281,1000,0.0,0.0
2004-05-18 00:00:00+09:00,447.1401672363281,447.1401672363281,447.1401672363281,447.1401672363281,0,0.0,0.0
2004-05-19 00:00:00+09:00,447.1401672363281,447.1401672363281,447.1401672363281,447.1401672363281,0,0.0,0.0
2004-05-20 00:00:00+09:00,447.1401672363281,447.1401672363281,447.1401672363281,447.1401672363281,0,0.0,0.0
2004-05-21 00:00:00+09:00,455.1105651855469,455.1105651855469,455.1105651855469,455.1105651855469,0,0.0,0.0
2004-05-24 00:00:00+09:00,479.02163696289057,479.02163696289057,479.02163696289057,479.0216369628906,1000,0.0,0.0
2004-05-25 00:00:00+09:00,479.02163696289057,479.02163696289057,479.02163696289057,479.0216369628906,1000,0.0,0.0
2004-05-26 00:00:00+09:00,455.11055085408753,455.11055085408753,431.19931350623705,432.79339599609375,20000,0.0,0.0
2004-05-27 00:00:00+09:00,434.38742054042535,434.38742054042535,427.21405029296875,427.21405029296875,2000,0.0,0.0
2004-05-28 00:00:00+09:00,447.1401503971645,447.1401503971645,446.3431091308594,446.3431091308594,2000,0.0,0.0
2004-05-31 00:00:00+09:00,446.3431091308594,446.3431091308594,446.3431091308594,446.3431091308594,0,0.0,0.0
2004-06-01 00:00:00+09:00,462.283935546875,462.283935546875,462.283935546875,462.283935546875,1000,0.0,0.0
2004-06-02 00:00:00+09:00,462.283935546875,462.283935546875,462.283935546875,462.283935546875,0,0.0,0.0
2004-06-03 00:00:00+09:00,462.283935546875,462.283935546875,462.283935546875,462.283935546875,0,0.0,0.0
2004-06-04 00:00:00+09:00,439.966796875,439.966796875,439.966796875,439.966796875,1000,0.0,0.0
2004-06-07 00:00:00+09:00,440.7637634277344,440.7637634277344,440.7637634277344,440.7637634277344,0,0.0,0.0
2004-06-08 00:00:00+09:00,442.35791015625,442.35791015625,442.35791015625,442.35791015625,0,0.0,0.0
2004-06-09 00:00:00+09:00,442.35791015625,442.35791015625,442.35791015625,442.35791015625,1000,0.0,0.0
2004-06-10 00:00:00+09:00,447.1401672363281,447.1401672363281,447.1401672363281,447.1401672363281,0,0.0,0.0
2004-06-11 00:00:00+09:00,447.1401672363281,447.1401672363281,447.1401672363281,447.1401672363281,0,0.0,0.0
2004-06-14 00:00:00+09:00,447.937255859375,447.937255859375,447.937255859375,447.937255859375,1000,0.0,0.0
2004-06-15 00:00:00+09:00,447.937255859375,447.937255859375,447.937255859375,447.937255859375,1000,0.0,0.0
2004-06-16 00:00:00+09:00,447.937255859375,447.937255859375,447.937255859375,447.937255859375,0,0.0,0.0
2004-06-17 00:00:00+09:00,447.937255859375,447.937255859375,447.937255859375,447.937255859375,0,0.0,0.0
2004-06-18 00:00:00+09:00,447.937255859375,447.937255859375,447.937255859375,447.937255859375,0,0.0,0.0
2004-06-21 00:00:00+09:00,447.937255859375,447.937255859375,447.937255859375,447.937255859375,0,0.0,0.0
2004-06-22 00:00:00+09:00,455.9075927734375,455.9075927734375,455.9075927734375,455.9075927734375,1000,0.0,0.0
2004-06-23 00:00:00+09:00,455.9075927734375,455.9075927734375,455.9075927734375,455.9075927734375,1000,0.0,0.0
2004-06-24 00:00:00+09:00,455.9075927734375,455.9075927734375,455.9075927734375,455.9075927734375,0,0.0,0.0
2004-06-25 00:00:00+09:00,455.9075927734375,455.9075927734375,455.9075927734375,455.9075927734375,0,0.0,0.0
2004-06-28 00:00:00+09:00,455.9075927734375,455.9075927734375,455.9075927734375,455.9075927734375,0,0.0,0.0
2004-06-29 00:00:00+09:00,455.9075927734375,455.9075927734375,455.9075927734375,455.9075927734375,0,0.0,0.0
2004-06-30 00:00:00+09:00,455.9075927734375,455.9075927734375,455.9075927734375,455.9075927734375,1000,0.0,0.0
2004-07-01 00:00:00+09:00,455.9075927734375,455.9075927734375,455.9075927734375,455.9075927734375,3000,0.0,0.0
2004-07-02 00:00:00+09:00,456.70465087890625,456.70465087890625,456.70465087890625,456.70465087890625,1000,0.0,0.0
2004-07-05 00:00:00+09:00,457.50173950195307,457.50173950195307,457.50173950195307,457.5017395019531,0,0.0,0.0
2004-07-06 00:00:00+09:00,464.6750793457031,464.6750793457031,464.6750793457031,464.6750793457031,1000,0.0,0.0
2004-07-07 00:00:00+09:00,464.6750793457031,464.6750793457031,464.6750793457031,464.6750793457031,0,0.0,0.0
2004-07-08 00:00:00+09:00,472.6455078125,472.6455078125,472.6455078125,472.6455078125,1000,0.0,0.0
2004-07-09 00:00:00+09:00,472.6455078125,472.6455078125,472.6455078125,472.6455078125,1000,0.0,0.0
2004-07-12 00:00:00+09:00,476.6307067871094,476.6307067871094,476.6307067871094,476.6307067871094,1000,0.0,0.0
2004-07-13 00:00:00+09:00,476.6307067871094,476.6307067871094,476.6307067871094,476.6307067871094,1000,0.0,0.0
2004-07-14 00:00:00+09:00,476.6306490071615,478.2247314453125,476.6306490071615,478.2247314453125,2000,0.0,0.0
2004-07-15 00:00:00+09:00,478.2247314453125,478.2247314453125,478.2247314453125,478.2247314453125,0,0.0,0.0
2004-07-16 00:00:00+09:00,482.2100830078125,482.2100830078125,482.2100830078125,482.2100830078125,1000,0.0,0.0
2004-07-19 00:00:00+09:00,482.2100830078125,482.2100830078125,482.2100830078125,482.2100830078125,0,0.0,0.0
2004-07-20 00:00:00+09:00,482.2100830078125,482.2100830078125,482.2100830078125,482.2100830078125,2000,0.0,0.0
2004-07-21 00:00:00+09:00,482.2100830078125,482.2100830078125,482.2100830078125,482.2100830078125,1000,0.0,0.0
2004-07-22 00:00:00+09:00,482.2100830078125,482.2100830078125,482.2100830078125,482.2100830078125,1000,0.0,0.0
2004-07-23 00:00:00+09:00,482.2100830078125,482.2100830078125,482.2100830078125,482.2100830078125,1000,0.0,0.0
2004-07-26 00:00:00+09:00,482.21000711192255,482.21000711192255,458.29876708984375,458.29876708984375,3000,0.0,0.0
2004-07-27 00:00:00+09:00,459.0957336425781,459.0957336425781,459.0957336425781,459.0957336425781,0,0.0,0.0
2004-07-28 00:00:00+09:00,466.26934814453125,466.26934814453125,466.26934814453125,466.26934814453125,0,0.0,0.0
2004-07-29 00:00:00+09:00,474.2395935058594,474.2395935058594,474.2395935058594,474.2395935058594,0,0.0,0.0
2004-07-30 00:00:00+09:00,478.2247314453125,478.2247314453125,478.2247314453125,478.2247314453125,1000,0.0,0.0
2004-08-02 00:00:00+09:00,478.2247314453125,478.2247314453125,478.2247314453125,478.2247314453125,0,0.0,0.0
2004-08-03 00:00:00+09:00,478.2247314453125,478.2247314453125,478.2247314453125,478.2247314453125,0,0.0,0.0
2004-08-04 00:00:00+09:00,478.2247314453125,478.2247314453125,478.2247314453125,478.2247314453125,0,0.0,0.0
2004-08-05 00:00:00+09:00,478.2247314453125,478.2247314453125,478.2247314453125,478.2247314453125,0,0.0,0.0
2004-08-06 00:00:00+09:00,478.2247314453125,478.2247314453125,478.2247314453125,478.2247314453125,3000,0.0,0.0
2004-08-09 00:00:00+09:00,477.4277038574219,477.4277038574219,477.4277038574219,477.4277038574219,0,0.0,0.0
2004-08-10 00:00:00+09:00,476.6307067871094,476.6307067871094,476.6307067871094,476.6307067871094,0,0.0,0.0
2004-08-11 00:00:00+09:00,476.6307067871094,476.6307067871094,476.6307067871094,476.6307067871094,0,0.0,0.0
2004-08-12 00:00:00+09:00,476.6307067871094,476.6307067871094,476.6307067871094,476.6307067871094,0,0.0,0.0
2004-08-13 00:00:00+09:00,476.6307067871094,476.6307067871094,476.6307067871094,476.6307067871094,0,0.0,0.0
2004-08-16 00:00:00+09:00,452.719482421875,452.719482421875,452.719482421875,452.719482421875,1000,0.0,0.0
2004-08-17 00:00:00+09:00,451.922441079583,452.719482421875,451.922441079583,452.719482421875,2000,0.0,0.0
2004-08-18 00:00:00+09:00,452.719482421875,452.719482421875,452.719482421875,452.719482421875,0,0.0,0.0
2004-08-19 00:00:00+09:00,452.719482421875,452.719482421875,452.719482421875,452.719482421875,0,0.0,0.0
2004-08-20 00:00:00+09:00,453.5164489746094,453.5164489746094,453.5164489746094,453.5164489746094,1000,0.0,0.0
2004-08-23 00:00:00+09:00,455.9075927734375,455.9075927734375,455.9075927734375,455.9075927734375,0,0.0,0.0
2004-08-24 00:00:00+09:00,462.283935546875,462.283935546875,462.283935546875,462.283935546875,0,0.0,0.0
2004-08-25 00:00:00+09:00,469.4573059082031,469.4573059082031,469.4573059082031,469.4573059082031,1000,0.0,0.0
2004-08-26 00:00:00+09:00,469.4573059082031,469.4573059082031,469.4573059082031,469.4573059082031,1000,0.0,0.0
2004-08-27 00:00:00+09:00,470.2543029785156,470.2543029785156,470.2543029785156,470.2543029785156,1000,0.0,0.0
2004-08-30 00:00:00+09:00,470.2543029785156,470.2543029785156,470.2543029785156,470.2543029785156,1000,0.0,0.0
2004-08-31 00:00:00+09:00,470.2543029785156,470.2543029785156,470.2543029785156,470.2543029785156,0,0.0,0.0
2004-09-01 00:00:00+09:00,470.2543029785156,470.2543029785156,470.2543029785156,470.2543029785156,0,0.0,0.0
2004-09-02 00:00:00+09:00,471.05145263671875,471.05145263671875,471.05145263671875,471.05145263671875,1000,0.0,0.0
2004-09-03 00:00:00+09:00,471.05134417000465,471.05134417000465,470.2543029785156,470.2543029785156,2000,0.0,0.0
2004-09-06 00:00:00+09:00,470.2543029785156,470.2543029785156,470.2543029785156,470.2543029785156,0,0.0,0.0
2004-09-07 00:00:00+09:00,470.2543029785156,470.2543029785156,470.2543029785156,470.2543029785156,2000,0.0,0.0
2004-09-08 00:00:00+09:00,470.2543029785156,470.2543029785156,470.2543029785156,470.2543029785156,0,0.0,0.0
2004-09-09 00:00:00+09:00,470.2543029785156,470.2543029785156,470.2543029785156,470.2543029785156,0,0.0,0.0
2004-09-10 00:00:00+09:00,471.05134417000465,471.05134417000465,470.2543029785156,470.2543029785156,2000,0.0,0.0
2004-09-13 00:00:00+09:00,470.2543029785156,470.2543029785156,470.2543029785156,470.2543029785156,0,0.0,0.0
2004-09-14 00:00:00+09:00,470.2543029785156,470.2543029785156,470.2543029785156,470.2543029785156,1000,0.0,0.0
2004-09-15 00:00:00+09:00,470.2543029785156,470.2543029785156,470.2543029785156,470.2543029785156,0,0.0,0.0
2004-09-16 00:00:00+09:00,470.2543029785156,470.2543029785156,470.2543029785156,470.2543029785156,0,0.0,0.0
2004-09-17 00:00:00+09:00,470.2543029785156,470.2543029785156,470.2543029785156,470.2543029785156,1000,0.0,0.0
2004-09-20 00:00:00+09:00,470.2543029785156,470.2543029785156,470.2543029785156,470.2543029785156,0,0.0,0.0
2004-09-21 00:00:00+09:00,471.05145263671875,471.05145263671875,471.05145263671875,471.05145263671875,0,0.0,0.0
2004-09-22 00:00:00+09:00,479.02163696289057,479.02163696289057,479.02163696289057,479.0216369628906,2000,0.0,0.0
2004-09-23 00:00:00+09:00,479.02163696289057,479.02163696289057,479.02163696289057,479.0216369628906,0,0.0,0.0
2004-09-24 00:00:00+09:00,479.02163696289057,479.02163696289057,479.02163696289057,479.0216369628906,1000,0.0,0.0
2004-09-27 00:00:00+09:00,481.4289245605468,481.4289245605468,481.4289245605468,481.4289245605469,1000,4.0,0.0
2004-09-28 00:00:00+09:00,481.4289245605468,481.4289245605468,481.4289245605468,481.4289245605469,0,0.0,0.0
2004-09-29 00:00:00+09:00,474.20751953125,474.20751953125,474.20751953125,474.20751953125,0,0.0,0.0
2004-09-30 00:00:00+09:00,474.20751953125,474.20751953125,474.20751953125,474.20751953125,0,0.0,0.0
2004-10-01 00:00:00+09:00,474.20751953125,474.20751953125,474.20751953125,474.20751953125,0,0.0,0.0
2004-10-04 00:00:00+09:00,473.40510784646744,473.40510784646744,461.36938476562506,461.369384765625,3000,0.0,0.0
2004-10-05 00:00:00+09:00,447.728898607337,461.36938476562506,447.728898607337,461.369384765625,2000,0.0,0.0
2004-10-06 00:00:00+09:00,450.9384900533367,457.35754329253007,450.1361083984375,450.1361083984375,6000,0.0,0.0
2004-10-07 00:00:00+09:00,450.1361083984375,450.1361083984375,450.1361083984375,450.1361083984375,0,0.0,0.0
2004-10-08 00:00:00+09:00,473.4050598144531,473.4050598144531,473.4050598144531,473.4050598144531,1000,0.0,0.0
2004-10-11 00:00:00+09:00,473.4050598144531,473.4050598144531,473.4050598144531,473.4050598144531,0,0.0,0.0
2004-10-12 00:00:00+09:00,473.4050598144531,473.4050598144531,473.4050598144531,473.4050598144531,1000,0.0,0.0
2004-10-13 00:00:00+09:00,457.3574523925781,457.3574523925781,457.3574523925781,457.3574523925781,1000,0.0,0.0
2004-10-14 00:00:00+09:00,458.9622802734375,458.9622802734375,458.9622802734375,458.9622802734375,1000,0.0,0.0
2004-10-15 00:00:00+09:00,458.1598815917969,458.1598815917969,458.1598815917969,458.1598815917969,2000,0.0,0.0
2004-10-18 00:00:00+09:00,458.1598815917969,458.1598815917969,458.1598815917969,458.1598815917969,3000,0.0,0.0
2004-10-19 00:00:00+09:00,458.1598815917969,458.1598815917969,458.1598815917969,458.1598815917969,0,0.0,0.0
2004-10-20 00:00:00+09:00,458.1598815917969,458.1598815917969,458.1598815917969,458.1598815917969,1000,0.0,0.0
2004-10-21 00:00:00+09:00,458.1598815917969,458.1598815917969,458.1598815917969,458.1598815917969,1000,0.0,0.0
2004-10-22 00:00:00+09:00,458.9622802734375,458.9622802734375,458.9622802734375,458.9622802734375,0,0.0,0.0
2004-10-25 00:00:00+09:00,466.1837158203125,466.1837158203125,466.1837158203125,466.1837158203125,1000,0.0,0.0
2004-10-26 00:00:00+09:00,464.5790710449219,464.5790710449219,464.5790710449219,464.5790710449219,1000,0.0,0.0
2004-10-27 00:00:00+09:00,464.5790710449219,464.5790710449219,464.5790710449219,464.5790710449219,0,0.0,0.0
2004-10-28 00:00:00+09:00,464.5790710449219,464.5790710449219,464.5790710449219,464.5790710449219,0,0.0,0.0
2004-10-29 00:00:00+09:00,449.3336486816406,449.3336486816406,449.3336486816406,449.3336486816406,1000,0.0,0.0
2004-11-01 00:00:00+09:00,450.9385070800781,450.9385070800781,450.9385070800781,450.9385070800781,0,0.0,0.0
2004-11-02 00:00:00+09:00,450.9385070800781,450.9385070800781,450.9385070800781,450.9385070800781,0,0.0,0.0
2004-11-03 00:00:00+09:00,450.9385070800781,450.9385070800781,450.9385070800781,450.9385070800781,0,0.0,0.0
2004-11-04 00:00:00+09:00,452.54327392578125,452.54327392578125,452.54327392578125,452.54327392578125,0,0.0,0.0
2004-11-05 00:00:00+09:00,450.9385070800781,450.9385070800781,450.9385070800781,450.9385070800781,1000,0.0,0.0
2004-11-08 00:00:00+09:00,450.1361083984375,450.1361083984375,450.1361083984375,450.1361083984375,1000,0.0,0.0
2004-11-09 00:00:00+09:00,451.74072265625,451.74072265625,451.74072265625,451.74072265625,1000,0.0,0.0
2004-11-10 00:00:00+09:00,451.74072265625,451.74072265625,451.74072265625,451.74072265625,0,0.0,0.0
2004-11-11 00:00:00+09:00,451.74072265625,451.74072265625,451.74072265625,451.74072265625,1000,0.0,0.0
2004-11-12 00:00:00+09:00,451.74072265625,451.74072265625,451.74072265625,451.74072265625,1000,0.0,0.0
2004-11-15 00:00:00+09:00,450.9384247622283,461.36938476562506,450.9384247622283,461.369384765625,3000,0.0,0.0
2004-11-16 00:00:00+09:00,461.36938476562506,461.36938476562506,461.36938476562506,461.369384765625,0,0.0,0.0
2004-11-17 00:00:00+09:00,457.3574523925781,457.3574523925781,457.3574523925781,457.3574523925781,2000,0.0,0.0
2004-11-18 00:00:00+09:00,457.3574523925781,457.3574523925781,457.3574523925781,457.3574523925781,0,0.0,0.0
2004-11-19 00:00:00+09:00,458.1598815917969,458.1598815917969,458.1598815917969,458.1598815917969,3000,0.0,0.0
2004-11-22 00:00:00+09:00,458.1598815917969,458.1598815917969,458.1598815917969,458.1598815917969,2000,0.0,0.0
2004-11-23 00:00:00+09:00,458.1598815917969,458.1598815917969,458.1598815917969,458.1598815917969,0,0.0,0.0
2004-11-24 00:00:00+09:00,458.1598815917969,458.1598815917969,458.1598815917969,458.1598815917969,0,0.0,0.0
2004-11-25 00:00:00+09:00,464.5790710449219,464.5790710449219,464.5790710449219,464.5790710449219,1000,0.0,0.0
2004-11-26 00:00:00+09:00,461.36938476562506,461.36938476562506,461.36938476562506,461.369384765625,0,0.0,0.0
2004-11-29 00:00:00+09:00,461.36938476562506,461.36938476562506,461.36938476562506,461.369384765625,0,0.0,0.0
2004-11-30 00:00:00+09:00,461.36938476562506,461.36938476562506,461.36938476562506,461.369384765625,1000,0.0,0.0
2004-12-01 00:00:00+09:00,461.36938476562506,461.36938476562506,461.36938476562506,461.369384765625,0,0.0,0.0
2004-12-02 00:00:00+09:00,457.3574620216637,480.62652587890625,457.3574620216637,480.62652587890625,3000,0.0,0.0
2004-12-03 00:00:00+09:00,456.5550842285156,456.5550842285156,456.5550842285156,456.5550842285156,1000,0.0,0.0
2004-12-06 00:00:00+09:00,450.9387067224226,469.39349365234375,450.9387067224226,469.39349365234375,4000,0.0,0.0
2004-12-07 00:00:00+09:00,469.39349365234375,469.39349365234375,469.39349365234375,469.39349365234375,0,0.0,0.0
2004-12-08 00:00:00+09:00,469.39349365234375,469.39349365234375,469.39349365234375,469.39349365234375,0,0.0,0.0
2004-12-09 00:00:00+09:00,469.39349365234375,469.39349365234375,469.39349365234375,469.39349365234375,0,0.0,0.0
2004-12-10 00:00:00+09:00,469.39349365234375,469.39349365234375,469.39349365234375,469.39349365234375,1000,0.0,0.0
2004-12-13 00:00:00+09:00,470.19561767578125,470.19561767578125,470.19561767578125,470.19561767578125,1000,0.0,0.0
2004-12-14 00:00:00+09:00,470.19561767578125,470.19561767578125,470.19561767578125,470.19561767578125,0,0.0,0.0
2004-12-15 00:00:00+09:00,480.62652587890625,480.62652587890625,480.62652587890625,480.62652587890625,1000,0.0,0.0
2004-12-16 00:00:00+09:00,480.62652587890625,480.62652587890625,480.62652587890625,480.62652587890625,0,0.0,0.0
2004-12-17 00:00:00+09:00,488.65045166015625,488.65045166015625,488.65045166015625,488.65045166015625,1000,0.0,0.0
2004-12-20 00:00:00+09:00,488.65045166015625,488.65045166015625,488.65045166015625,488.65045166015625,1000,0.0,0.0
2004-12-21 00:00:00+09:00,488.65030750339315,488.65030750339315,473.4050598144531,473.4050598144531,4000,0.0,0.0
2004-12-22 00:00:00+09:00,487.0457458496094,487.0457458496094,487.0457458496094,487.0457458496094,1000,0.0,0.0
2004-12-23 00:00:00+09:00,487.0457458496094,487.0457458496094,487.0457458496094,487.0457458496094,0,0.0,0.0
2004-12-24 00:00:00+09:00,487.0456310715496,490.2551574707031,487.0456310715496,490.2551574707031,2000,0.0,0.0
2004-12-27 00:00:00+09:00,490.25510402673075,490.25510402673075,480.62652587890625,480.62652587890625,3000,0.0,0.0
2004-12-28 00:00:00+09:00,480.62652587890625,480.62652587890625,480.62652587890625,480.62652587890625,1000,0.0,0.0
2004-12-29 00:00:00+09:00,480.62652587890625,480.62652587890625,480.62652587890625,480.62652587890625,0,0.0,0.0
2004-12-30 00:00:00+09:00,488.65045166015625,488.65045166015625,488.65045166015625,488.65045166015625,0,0.0,0.0
2004-12-31 00:00:00+09:00,488.65045166015625,488.65045166015625,488.65045166015625,488.65045166015625,0,0.0,0.0
2005-01-03 00:00:00+09:00,488.65045166015625,488.65045166015625,488.65045166015625,488.65045166015625,0,0.0,0.0
2005-01-04 00:00:00+09:00,496.67413330078125,496.67413330078125,496.67413330078125,496.67413330078125,0,0.0,0.0
2005-01-05 00:00:00+09:00,503.0931851043455,503.0931851043455,496.67413330078125,496.67413330078125,2000,0.0,0.0
2005-01-06 00:00:00+09:00,496.6741809475806,497.4765625,496.6741809475806,497.4765625,2000,0.0,0.0
2005-01-07 00:00:00+09:00,497.4765625,497.4765625,497.4765625,497.4765625,1000,0.0,0.0
2005-01-10 00:00:00+09:00,497.4765625,497.4765625,497.4765625,497.4765625,0,0.0,0.0
2005-01-11 00:00:00+09:00,503.89561491935484,503.89561491935484,497.4765625,497.4765625,2000,0.0,0.0
2005-01-12 00:00:00+09:00,499.0813256048387,503.89561491935484,497.4765625,497.4765625,4000,0.0,0.0
2005-01-13 00:00:00+09:00,498.27886962890625,498.27886962890625,498.27886962890625,498.27886962890625,1000,0.0,0.0
2005-01-14 00:00:00+09:00,483.0335998535156,483.0335998535156,483.0335998535156,483.0335998535156,2000,0.0,0.0
2005-01-17 00:00:00+09:00,487.0457458496094,487.0457458496094,487.0457458496094,487.0457458496094,0,0.0,0.0
2005-01-18 00:00:00+09:00,487.0457458496094,487.0457458496094,487.0457458496094,487.0457458496094,0,0.0,0.0
2005-01-19 00:00:00+09:00,487.0457458496094,487.0457458496094,487.0457458496094,487.0457458496094,0,0.0,0.0
2005-01-20 00:00:00+09:00,487.0457458496094,487.0457458496094,487.0457458496094,487.0457458496094,2000,0.0,0.0
2005-01-21 00:00:00+09:00,487.0457458496094,487.0457458496094,487.0457458496094,487.0457458496094,2000,0.0,0.0
2005-01-24 00:00:00+09:00,487.0457458496094,487.0457458496094,487.0457458496094,487.0457458496094,0,0.0,0.0
2005-01-25 00:00:00+09:00,497.4765625,497.4765625,497.4765625,497.4765625,1000,0.0,0.0
2005-01-26 00:00:00+09:00,497.4765625,497.4765625,497.4765625,497.4765625,1000,0.0,0.0
2005-01-27 00:00:00+09:00,499.0813550683754,499.0813550683754,490.2551574707031,490.2551574707031,3000,0.0,0.0
2005-01-28 00:00:00+09:00,514.3264982804009,514.3264982804009,498.27886962890625,498.27886962890625,2000,0.0,0.0
2005-01-31 00:00:00+09:00,506.3028564453125,506.3028564453125,506.3028564453125,506.3028564453125,1000,0.0,0.0
2005-02-01 00:00:00+09:00,499.0814514160156,499.0814514160156,499.0814514160156,499.0814514160156,1000,0.0,0.0
2005-02-02 00:00:00+09:00,499.8836404296875,501.4884033203125,499.8836404296875,501.4884033203125,2000,0.0,0.0
2005-02-03 00:00:00+09:00,498.27886962890625,498.27886962890625,498.27886962890625,498.27886962890625,1000,0.0,0.0
2005-02-04 00:00:00+09:00,499.081363482353,512.7218509087196,499.081363482353,500.6861267089844,3000,0.0,0.0
2005-02-07 00:00:00+09:00,501.4884033203125,501.4884033203125,501.4884033203125,501.4884033203125,1000,0.0,0.0
2005-02-08 00:00:00+09:00,501.4884033203125,501.4884033203125,501.4884033203125,501.4884033203125,2000,0.0,0.0
2005-02-09 00:00:00+09:00,505.5006103515625,505.5006103515625,505.5006103515625,505.5006103515625,1000,0.0,0.0
2005-02-10 00:00:00+09:00,512.7217884063721,513.524169921875,512.7217884063721,513.524169921875,2000,0.0,0.0
2005-02-11 00:00:00+09:00,513.524169921875,513.524169921875,513.524169921875,513.524169921875,0,0.0,0.0
2005-02-14 00:00:00+09:00,513.524429563492,513.524429563492,505.5006103515625,505.5006103515625,3000,0.0,0.0
2005-02-15 00:00:00+09:00,515.1289672851562,515.1289672851562,515.1289672851562,515.1289672851562,1000,0.0,0.0
2005-02-16 00:00:00+09:00,514.3265380859375,514.3265380859375,514.3265380859375,514.3265380859375,2000,0.0,0.0
2005-02-17 00:00:00+09:00,518.338623046875,518.338623046875,518.338623046875,518.338623046875,3000,0.0,0.0
2005-02-18 00:00:00+09:00,518.338623046875,518.338623046875,518.338623046875,518.338623046875,1000,0.0,0.0
2005-02-21 00:00:00+09:00,519.943359375,519.943359375,519.943359375,519.943359375,2000,0.0,0.0
2005-02-22 00:00:00+09:00,528.7694702148438,528.7694702148438,528.7694702148438,528.7694702148438,2000,0.0,0.0
2005-02-23 00:00:00+09:00,534.3861829255757,534.3861829255757,533.5838012695312,533.5838012695312,3000,0.0,0.0
2005-02-24 00:00:00+09:00,613.821844872008,613.821844872008,565.678955078125,565.678955078125,2000,0.0,0.0
2005-02-25 00:00:00+09:00,569.6908569335938,569.6908569335938,569.6908569335938,569.6908569335938,1000,0.0,0.0
2005-02-28 00:00:00+09:00,565.6790317524834,579.3195190429688,565.6790317524834,579.3195190429688,4000,0.0,0.0
2005-03-01 00:00:00+09:00,579.3195190429688,579.3195190429688,579.3195190429688,579.3195190429688,0,0.0,0.0
2005-03-02 00:00:00+09:00,599.3790490722656,601.7861938476562,599.3790490722656,601.7861938476562,3000,0.0,0.0
2005-03-03 00:00:00+09:00,608.2051735325864,612.2170810097142,608.2051735325864,609.8099365234375,4000,0.0,0.0
2005-03-04 00:00:00+09:00,613.8219604492188,613.8219604492188,613.8219604492188,613.8219604492188,3000,0.0,0.0
2005-03-07 00:00:00+09:00,609.8099365234375,609.8099365234375,609.8099365234375,609.8099365234375,0,0.0,0.0
2005-03-08 00:00:00+09:00,577.7146497752568,585.7384643554688,577.7146497752568,585.7384643554688,3000,0.0,0.0
2005-03-09 00:00:00+09:00,601.7861938476562,601.7861938476562,601.7861938476562,601.7861938476562,1000,0.0,0.0
2005-03-10 00:00:00+09:00,601.7861938476562,601.7861938476562,601.7861938476562,601.7861938476562,0,0.0,0.0
2005-03-11 00:00:00+09:00,601.7861938476562,601.7861938476562,601.7861938476562,601.7861938476562,0,0.0,0.0
2005-03-14 00:00:00+09:00,609.8099365234375,609.8099365234375,609.8099365234375,609.8099365234375,2000,0.0,0.0
2005-03-15 00:00:00+09:00,618.6362915039062,618.6362915039062,618.6362915039062,618.6362915039062,4000,0.0,0.0
2005-03-16 00:00:00+09:00,641.9053344726562,641.9053344726562,625.8577011108399,641.9053344726562,10000,0.0,0.0
2005-03-17 00:00:00+09:00,646.7195375115598,650.7314453125,646.7195375115598,650.7314453125,7000,0.0,0.0
2005-03-18 00:00:00+09:00,674.0006577435662,682.0244750976562,665.9768403894761,682.0244750976562,6000,0.0,0.0
2005-03-21 00:00:00+09:00,682.0244750976562,682.0244750976562,682.0244750976562,682.0244750976562,0,0.0,0.0
2005-03-22 00:00:00+09:00,698.0720438639323,730.1673102484809,698.0720438639323,722.1434936523438,5000,0.0,0.0
2005-03-23 00:00:00+09:00,722.9459501459357,730.1673858299683,714.1197509765625,714.1197509765625,5000,0.0,0.0
2005-03-24 00:00:00+09:00,722.1434936523438,722.1434936523438,722.1434936523438,722.1434936523438,5000,0.0,0.0
2005-03-25 00:00:00+09:00,738.1911010742188,738.1911010742188,738.1911010742188,738.1911010742188,2000,0.0,0.0
2005-03-28 00:00:00+09:00,742.2293701171875,742.2293701171875,742.2293701171875,742.2293701171875,1000,6.0,0.0
2005-03-29 00:00:00+09:00,727.6916821289062,727.6916821289062,726.884033203125,726.884033203125,6000,0.0,0.0
2005-03-30 00:00:00+09:00,702.6546659751757,702.6546659751757,682.4634399414062,682.4634399414062,2000,0.0,0.0
2005-03-31 00:00:00+09:00,669.5406772906964,671.963623046875,663.8871371929463,671.963623046875,4000,0.0,0.0
2005-04-01 00:00:00+09:00,662.2720971142459,662.2720971142459,660.6567993164062,660.6567993164062,2000,0.0,0.0
2005-04-04 00:00:00+09:00,659.84912109375,659.84912109375,659.84912109375,659.84912109375,6000,0.0,0.0
2005-04-05 00:00:00+09:00,635.6196490723883,642.8884887695312,627.5431605200073,642.8884887695312,3000,0.0,0.0
2005-04-06 00:00:00+09:00,635.6197509765625,635.6197509765625,635.6197509765625,635.6197509765625,1000,0.0,0.0
2005-04-07 00:00:00+09:00,637.234944508488,644.5037841796875,636.4272956561325,644.5037841796875,3000,0.0,0.0
2005-04-08 00:00:00+09:00,646.1190185546875,646.1190185546875,646.1190185546875,646.1190185546875,2000,0.0,0.0
2005-04-11 00:00:00+09:00,646.1190185546875,646.1190185546875,646.1190185546875,646.1190185546875,1000,0.0,0.0
2005-04-12 00:00:00+09:00,662.2720336914062,662.2720336914062,662.2720336914062,662.2720336914062,4000,0.0,0.0
2005-04-13 00:00:00+09:00,654.1954956054688,654.1954956054688,654.1954956054688,654.1954956054688,0,0.0,0.0
2005-04-14 00:00:00+09:00,624.3126220703125,624.3126220703125,624.3126220703125,624.3126220703125,1000,0.0,0.0
2005-04-15 00:00:00+09:00,624.312624524385,624.312624524385,622.6973266601562,622.6973266601562,2000,0.0,0.0
2005-04-18 00:00:00+09:00,634.8120606418714,635.6197095739857,622.6973266601562,622.6973266601562,6000,0.0,0.0
2005-04-19 00:00:00+09:00,622.6973266601562,622.6973266601562,622.6973266601562,622.6973266601562,0,0.0,0.0
2005-04-20 00:00:00+09:00,617.8514330674702,622.6973266601562,617.8514330674702,622.6973266601562,8000,0.0,0.0
2005-04-21 00:00:00+09:00,622.6973266601562,622.6973266601562,622.6973266601562,622.6973266601562,0,0.0,0.0
2005-04-22 00:00:00+09:00,617.043810625101,625.1203002929688,617.043810625101,625.1203002929688,4000,0.0,0.0
2005-04-25 00:00:00+09:00,627.5431336086662,627.5431336086662,595.2371807845392,618.6589965820312,12000,0.0,0.0
2005-04-26 00:00:00+09:00,618.6589965820312,618.6589965820312,618.6589965820312,618.6589965820312,2000,0.0,0.0
2005-04-27 00:00:00+09:00,621.889598645662,621.889598645662,613.8131103515625,613.8131103515625,2000,0.0,0.0
2005-04-28 00:00:00+09:00,613.8131103515625,613.8131103515625,613.8131103515625,613.8131103515625,0,0.0,0.0
2005-04-29 00:00:00+09:00,613.8131103515625,613.8131103515625,613.8131103515625,613.8131103515625,0,0.0,0.0
2005-05-02 00:00:00+09:00,613.8131103515625,613.8131103515625,613.8131103515625,613.8131103515625,0,0.0,0.0
2005-05-03 00:00:00+09:00,613.8131103515625,613.8131103515625,613.8131103515625,613.8131103515625,0,0.0,0.0
2005-05-04 00:00:00+09:00,613.8131103515625,613.8131103515625,613.8131103515625,613.8131103515625,0,0.0,0.0
2005-05-05 00:00:00+09:00,613.8131103515625,613.8131103515625,613.8131103515625,613.8131103515625,0,0.0,0.0
2005-05-06 00:00:00+09:00,616.2360229492188,616.2360229492188,616.2360229492188,616.2360229492188,0,0.0,0.0
2005-05-09 00:00:00+09:00,621.8896484375,621.8896484375,621.8896484375,621.8896484375,1000,0.0,0.0
2005-05-10 00:00:00+09:00,670.348388671875,670.348388671875,670.348388671875,670.348388671875,1000,0.0,0.0
2005-05-11 00:00:00+09:00,646.1190185546875,646.1190185546875,646.1190185546875,646.1190185546875,0,0.0,0.0
2005-05-12 00:00:00+09:00,646.1190185546875,646.1190185546875,646.1190185546875,646.1190185546875,4000,0.0,0.0
2005-05-13 00:00:00+09:00,670.348388671875,670.348388671875,670.348388671875,670.348388671875,1000,0.0,0.0
2005-05-16 00:00:00+09:00,670.348388671875,670.348388671875,670.348388671875,670.348388671875,0,0.0,0.0
2005-05-17 00:00:00+09:00,658.2338256835938,658.2338256835938,658.2338256835938,658.2338256835938,0,0.0,0.0
2005-05-18 00:00:00+09:00,654.1954956054688,654.1954956054688,654.1954956054688,654.1954956054688,0,0.0,0.0
2005-05-19 00:00:00+09:00,621.8895622702206,621.8895622702206,613.8130744485294,617.851318359375,3000,0.0,0.0
2005-05-20 00:00:00+09:00,620.2744140625,620.2744140625,620.2744140625,620.2744140625,1000,0.0,0.0
2005-05-23 00:00:00+09:00,621.8896484375,621.8896484375,621.8896484375,621.8896484375,0,0.0,0.0
2005-05-24 00:00:00+09:00,634.0042724609375,634.0042724609375,634.0042724609375,634.0042724609375,4000,0.0,0.0
2005-05-25 00:00:00+09:00,634.0042724609375,634.0042724609375,634.0042724609375,634.0042724609375,0,0.0,0.0
2005-05-26 00:00:00+09:00,641.2730712890625,641.2730712890625,641.2730712890625,641.2730712890625,1000,0.0,0.0
2005-05-27 00:00:00+09:00,641.2730712890625,641.2730712890625,641.2730712890625,641.2730712890625,0,0.0,0.0
2005-05-30 00:00:00+09:00,641.2730712890625,641.2730712890625,641.2730712890625,641.2730712890625,0,0.0,0.0
2005-05-31 00:00:00+09:00,641.2730712890625,641.2730712890625,641.2730712890625,641.2730712890625,0,0.0,0.0
2005-06-01 00:00:00+09:00,641.2730712890625,641.2730712890625,641.2730712890625,641.2730712890625,0,0.0,0.0
2005-06-02 00:00:00+09:00,641.2730712890625,641.2730712890625,641.2730712890625,641.2730712890625,0,0.0,0.0
2005-06-03 00:00:00+09:00,641.2730712890625,641.2730712890625,641.2730712890625,641.2730712890625,0,0.0,0.0
2005-06-06 00:00:00+09:00,641.2730712890625,641.2730712890625,641.2730712890625,641.2730712890625,0,0.0,0.0
2005-06-07 00:00:00+09:00,627.5431518554688,627.5431518554688,627.5431518554688,627.5431518554688,0,0.0,0.0
2005-06-08 00:00:00+09:00,615.428466796875,615.428466796875,615.428466796875,615.428466796875,1000,0.0,0.0
2005-06-09 00:00:00+09:00,615.428466796875,615.428466796875,615.428466796875,615.428466796875,0,0.0,0.0
2005-06-10 00:00:00+09:00,615.428466796875,615.428466796875,615.428466796875,615.428466796875,1000,0.0,0.0
2005-06-13 00:00:00+09:00,615.4284080103824,615.4284080103824,613.8131103515625,613.8131103515625,3000,0.0,0.0
2005-06-14 00:00:00+09:00,613.8131103515625,613.8131103515625,613.8131103515625,613.8131103515625,0,0.0,0.0
2005-06-15 00:00:00+09:00,613.0054615221526,613.8131103515625,613.0054615221526,613.8131103515625,4000,0.0,0.0
2005-06-16 00:00:00+09:00,611.39013671875,611.39013671875,611.39013671875,611.39013671875,2000,0.0,0.0
2005-06-17 00:00:00+09:00,613.0054931640625,613.0054931640625,613.0054931640625,613.0054931640625,0,0.0,0.0
2005-06-20 00:00:00+09:00,613.8130744485294,617.851318359375,613.8130744485294,617.851318359375,4000,0.0,0.0
2005-06-21 00:00:00+09:00,618.6590528612013,621.8896484375,618.6590528612013,621.8896484375,3000,0.0,0.0
2005-06-22 00:00:00+09:00,629.9660034179688,629.9660034179688,629.9660034179688,629.9660034179688,2000,0.0,0.0
2005-06-23 00:00:00+09:00,632.3890991210938,632.3890991210938,632.3890991210938,632.3890991210938,0,0.0,0.0
2005-06-24 00:00:00+09:00,640.4655151367188,640.4655151367188,640.4655151367188,640.4655151367188,1000,0.0,0.0
2005-06-27 00:00:00+09:00,640.4655151367188,640.4655151367188,640.4655151367188,640.4655151367188,0,0.0,0.0
2005-06-28 00:00:00+09:00,640.4655151367188,640.4655151367188,640.4655151367188,640.4655151367188,0,0.0,0.0
2005-06-29 00:00:00+09:00,644.5036721786266,644.5036721786266,636.4271850585938,636.4271850585938,2000,0.0,0.0
2005-06-30 00:00:00+09:00,636.4271931966146,636.4271931966146,629.9660034179688,629.9660034179688,4000,0.0,0.0
2005-07-01 00:00:00+09:00,629.9660034179688,629.9660034179688,629.9660034179688,629.9660034179688,1000,0.0,0.0
2005-07-04 00:00:00+09:00,630.7736521402994,630.7736521402994,629.9660034179688,629.9660034179688,6000,0.0,0.0
2005-07-05 00:00:00+09:00,638.0426025390625,638.0426025390625,638.0426025390625,638.0426025390625,3000,0.0,0.0
2005-07-06 00:00:00+09:00,638.042490641276,638.042490641276,629.9660034179688,629.9660034179688,3000,0.0,0.0
2005-07-07 00:00:00+09:00,629.9660034179688,629.9660034179688,629.9660034179688,629.9660034179688,0,0.0,0.0
2005-07-08 00:00:00+09:00,613.8131103515625,613.8131103515625,613.8131103515625,613.8131103515625,1000,0.0,0.0
2005-07-11 00:00:00+09:00,629.9660034179688,629.9660034179688,629.9660034179688,629.9660034179688,2000,0.0,0.0
2005-07-12 00:00:00+09:00,646.1190185546875,646.1190185546875,646.1190185546875,646.1190185546875,1000,0.0,0.0
2005-07-13 00:00:00+09:00,636.4272956561325,644.5037841796875,636.4272956561325,644.5037841796875,2000,0.0,0.0
2005-07-14 00:00:00+09:00,644.5037841796875,644.5037841796875,644.5037841796875,644.5037841796875,0,0.0,0.0
2005-07-15 00:00:00+09:00,644.5037841796875,644.5037841796875,644.5037841796875,644.5037841796875,0,0.0,0.0
2005-07-18 00:00:00+09:00,644.5037841796875,644.5037841796875,644.5037841796875,644.5037841796875,0,0.0,0.0
2005-07-19 00:00:00+09:00,644.5037841796875,644.5037841796875,644.5037841796875,644.5037841796875,0,0.0,0.0
2005-07-20 00:00:00+09:00,644.5037841796875,644.5037841796875,644.5037841796875,644.5037841796875,1000,0.0,0.0
2005-07-21 00:00:00+09:00,643.6963500976562,643.6963500976562,643.6963500976562,643.6963500976562,1000,0.0,0.0
2005-07-22 00:00:00+09:00,623.5048828125,623.5048828125,623.5048828125,623.5048828125,1000,0.0,0.0
2005-07-25 00:00:00+09:00,629.9660034179688,629.9660034179688,629.9660034179688,629.9660034179688,0,0.0,0.0
2005-07-26 00:00:00+09:00,629.9660034179688,629.9660034179688,629.9660034179688,629.9660034179688,1000,0.0,0.0
2005-07-27 00:00:00+09:00,629.9660034179688,629.9660034179688,629.9660034179688,629.9660034179688,0,0.0,0.0
2005-07-28 00:00:00+09:00,629.9660034179688,629.9660034179688,629.9660034179688,629.9660034179688,0,0.0,0.0
2005-07-29 00:00:00+09:00,629.9660034179688,629.9660034179688,629.9660034179688,629.9660034179688,0,0.0,0.0
2005-08-01 00:00:00+09:00,630.7738037109375,630.7738037109375,630.7738037109375,630.7738037109375,1000,0.0,0.0
2005-08-02 00:00:00+09:00,638.850242213199,644.5037841796875,638.850242213199,644.5037841796875,2000,0.0,0.0
2005-08-03 00:00:00+09:00,646.1190185546875,646.1190185546875,646.1190185546875,646.1190185546875,3000,0.0,0.0
2005-08-04 00:00:00+09:00,645.3116455078125,645.3116455078125,645.3116455078125,645.3116455078125,1000,0.0,0.0
2005-08-05 00:00:00+09:00,645.3116455078125,645.3116455078125,645.3116455078125,645.3116455078125,0,0.0,0.0
2005-08-08 00:00:00+09:00,646.9267578125,646.9267578125,646.9267578125,646.9267578125,3000,0.0,0.0
2005-08-09 00:00:00+09:00,646.9267578125,646.9267578125,646.9267578125,646.9267578125,0,0.0,0.0
2005-08-10 00:00:00+09:00,646.9267578125,646.9267578125,646.9267578125,646.9267578125,0,0.0,0.0
2005-08-11 00:00:00+09:00,662.2720336914062,662.2720336914062,662.2720336914062,662.2720336914062,3000,0.0,0.0
2005-08-12 00:00:00+09:00,662.2720336914062,662.2720336914062,662.2720336914062,662.2720336914062,1000,0.0,0.0
2005-08-15 00:00:00+09:00,662.2720336914062,662.2720336914062,662.2720336914062,662.2720336914062,0,0.0,0.0
2005-08-16 00:00:00+09:00,662.2720336914062,662.2720336914062,662.2720336914062,662.2720336914062,0,0.0,0.0
2005-08-17 00:00:00+09:00,662.2720336914062,662.2720336914062,662.2720336914062,662.2720336914062,0,0.0,0.0
2005-08-18 00:00:00+09:00,662.272119140625,666.3103637695312,662.272119140625,666.3103637695312,2000,0.0,0.0
2005-08-19 00:00:00+09:00,655.0032348632812,655.0032348632812,655.0032348632812,655.0032348632812,1000,0.0,0.0
2005-08-22 00:00:00+09:00,662.2720336914062,662.2720336914062,662.2720336914062,662.2720336914062,1000,0.0,0.0
2005-08-23 00:00:00+09:00,656.6183614340174,670.348388671875,656.6183614340174,670.348388671875,4000,0.0,0.0
2005-08-24 00:00:00+09:00,670.348388671875,670.348388671875,670.348388671875,670.348388671875,0,0.0,0.0
2005-08-25 00:00:00+09:00,655.8109741210938,655.8109741210938,655.8109741210938,655.8109741210938,5000,0.0,0.0
2005-08-26 00:00:00+09:00,655.8109741210938,655.8109741210938,655.8109741210938,655.8109741210938,5000,0.0,0.0
2005-08-29 00:00:00+09:00,648.5418701171875,648.5418701171875,648.5418701171875,648.5418701171875,1000,0.0,0.0
2005-08-30 00:00:00+09:00,662.2718972554094,662.2718972554094,648.5418701171875,648.5418701171875,3000,0.0,0.0
2005-08-31 00:00:00+09:00,648.5418701171875,648.5418701171875,648.5418701171875,648.5418701171875,1000,0.0,0.0
2005-09-01 00:00:00+09:00,648.5418701171875,648.5418701171875,648.5418701171875,648.5418701171875,1000,0.0,0.0
2005-09-02 00:00:00+09:00,649.349518772377,649.349518772377,648.5418701171875,648.5418701171875,2000,0.0,0.0
2005-09-05 00:00:00+09:00,648.5418701171875,648.5418701171875,648.5418701171875,648.5418701171875,0,0.0,0.0
2005-09-06 00:00:00+09:00,648.5418701171875,648.5418701171875,648.5418701171875,648.5418701171875,0,0.0,0.0
2005-09-07 00:00:00+09:00,648.5418701171875,648.5418701171875,648.5418701171875,648.5418701171875,1000,0.0,0.0
2005-09-08 00:00:00+09:00,648.5418701171875,648.5418701171875,648.5418701171875,648.5418701171875,3000,0.0,0.0
2005-09-09 00:00:00+09:00,648.5418701171875,648.5418701171875,648.5418701171875,648.5418701171875,0,0.0,0.0
2005-09-12 00:00:00+09:00,654.1954956054688,654.1954956054688,654.1954956054688,654.1954956054688,0,0.0,0.0
2005-09-13 00:00:00+09:00,662.2720336914062,662.2720336914062,662.2720336914062,662.2720336914062,1000,0.0,0.0
2005-09-14 00:00:00+09:00,662.2720336914062,662.2720336914062,662.2720336914062,662.2720336914062,2000,0.0,0.0
2005-09-15 00:00:00+09:00,662.2720336914062,662.2720336914062,662.2720336914062,662.2720336914062,0,0.0,0.0
2005-09-16 00:00:00+09:00,662.2720336914062,662.2720336914062,662.2720336914062,662.2720336914062,3000,0.0,0.0
2005-09-19 00:00:00+09:00,662.2720336914062,662.2720336914062,662.2720336914062,662.2720336914062,0,0.0,0.0
2005-09-20 00:00:00+09:00,662.2719273367328,674.3866577148438,662.2719273367328,674.3866577148438,4000,0.0,0.0
2005-09-21 00:00:00+09:00,678.4249877929688,678.4249877929688,678.4249877929688,678.4249877929688,0,0.0,0.0
2005-09-22 00:00:00+09:00,656.6186231040015,656.6186231040015,655.8109741210938,655.8109741210938,2000,0.0,0.0
2005-09-23 00:00:00+09:00,655.8109741210938,655.8109741210938,655.8109741210938,655.8109741210938,0,0.0,0.0
2005-09-26 00:00:00+09:00,655.8109741210938,655.8109741210938,655.8109741210938,655.8109741210938,0,0.0,0.0
2005-09-27 00:00:00+09:00,655.8109130859375,655.8109130859375,655.8109130859375,655.8109130859375,0,4.0,0.0
2005-09-28 00:00:00+09:00,655.8109130859375,655.8109130859375,655.8109130859375,655.8109130859375,0,0.0,0.0
2005-09-29 00:00:00+09:00,1126.3631591796875,1126.3631591796875,1126.3631591796875,1126.3631591796875,1000,0.0,0.0
2005-09-30 00:00:00+09:00,1126.3631591796875,1126.3631591796875,1126.3631591796875,1126.3631591796875,1000,0.0,0.0
2005-10-03 00:00:00+09:00,1126.3631591796875,1126.3631591796875,1126.3631591796875,1126.3631591796875,0,0.0,0.0
2005-10-04 00:00:00+09:00,1126.3631591796875,1126.3631591796875,1126.3631591796875,1126.3631591796875,1000,0.0,0.0
2005-10-05 00:00:00+09:00,1126.3631591796875,1126.3631591796875,1126.3631591796875,1126.3631591796875,1000,0.0,0.0
2005-10-06 00:00:00+09:00,1126.3631591796875,1126.3631591796875,1126.3631591796875,1126.3631591796875,1000,0.0,0.0
2005-10-07 00:00:00+09:00,1126.3631591796875,1126.3631591796875,1126.3631591796875,1126.3631591796875,1000,0.0,0.0
2005-10-10 00:00:00+09:00,1126.3631591796875,1126.3631591796875,1126.3631591796875,1126.3631591796875,0,0.0,0.0
2005-10-11 00:00:00+09:00,1126.3631591796875,1126.3631591796875,1126.3631591796875,1126.3631591796875,1000,0.0,0.0
2005-10-12 00:00:00+09:00,1126.3631591796875,1126.3631591796875,1126.3631591796875,1126.3631591796875,0,0.0,0.0
2005-10-13 00:00:00+09:00,1126.3631591796875,1126.3631591796875,1126.3631591796875,1126.3631591796875,1000,0.0,0.0
2005-10-14 00:00:00+09:00,1126.3631591796875,1126.3631591796875,1126.3631591796875,1126.3631591796875,1000,0.0,0.0
2005-10-17 00:00:00+09:00,1126.3631591796875,1126.3631591796875,1126.3631591796875,1126.3631591796875,0,0.0,0.0
2005-10-18 00:00:00+09:00,1126.3631591796875,1126.3631591796875,1126.3631591796875,1126.3631591796875,1000,0.0,0.0
2005-10-19 00:00:00+09:00,1126.3631591796875,1126.3631591796875,1126.3631591796875,1126.3631591796875,1000,0.0,0.0
2005-10-20 00:00:00+09:00,1126.3631591796875,1126.3631591796875,1126.3631591796875,1126.3631591796875,0,0.0,0.0
2005-10-21 00:00:00+09:00,1126.3631591796875,1126.3631591796875,1126.3631591796875,1126.3631591796875,1000,0.0,0.0
2005-10-24 00:00:00+09:00,1126.3631591796875,1126.3631591796875,1126.3631591796875,1126.3631591796875,0,0.0,0.0
2005-10-25 00:00:00+09:00,1126.3631591796875,1126.3631591796875,1126.3631591796875,1126.3631591796875,1000,0.0,0.0
2005-10-26 00:00:00+09:00,1126.3631591796875,1126.3631591796875,1126.3631591796875,1126.3631591796875,1000,0.0,0.0
2005-10-27 00:00:00+09:00,1126.3631591796875,1126.3631591796875,1126.3631591796875,1126.3631591796875,1000,0.0,0.0
2005-10-28 00:00:00+09:00,1126.3631591796875,1126.3631591796875,1126.3631591796875,1126.3631591796875,1000,0.0,0.0
2005-10-31 00:00:00+09:00,1126.3631591796875,1126.3631591796875,1126.3631591796875,1126.3631591796875,0,0.0,0.0
2005-11-01 00:00:00+09:00,1126.3631591796875,1126.3631591796875,1126.3631591796875,1126.3631591796875,0,0.0,0.0
2005-11-02 00:00:00+09:00,1126.3631591796875,1126.3631591796875,1126.3631591796875,1126.3631591796875,0,0.0,0.0
2005-11-03 00:00:00+09:00,1126.3631591796875,1126.3631591796875,1126.3631591796875,1126.3631591796875,1000,0.0,0.0
2005-11-04 00:00:00+09:00,1126.3631591796875,1126.3631591796875,1126.3631591796875,1126.3631591796875,0,0.0,0.0
2005-11-07 00:00:00+09:00,1268.401611328125,1268.401611328125,1268.401611328125,1268.401611328125,1000,0.0,0.0
2005-11-08 00:00:00+09:00,1268.401611328125,1268.401611328125,1268.401611328125,1268.401611328125,0,0.0,0.0
2005-11-09 00:00:00+09:00,1268.401611328125,1268.401611328125,1268.401611328125,1268.401611328125,0,0.0,0.0
2005-11-10 00:00:00+09:00,1268.401611328125,1268.401611328125,1268.401611328125,1268.401611328125,0,0.0,0.0
2005-11-11 00:00:00+09:00,1126.3631591796875,1126.3631591796875,1126.3631591796875,1126.3631591796875,1000,0.0,0.0
2005-11-14 00:00:00+09:00,1126.3631591796875,1126.3631591796875,1126.3631591796875,1126.3631591796875,0,0.0,0.0
2005-11-15 00:00:00+09:00,1126.3631591796875,1126.3631591796875,1126.3631591796875,1126.3631591796875,1000,0.0,0.0
2005-11-16 00:00:00+09:00,1126.3631591796875,1126.3631591796875,1126.3631591796875,1126.3631591796875,1000,0.0,0.0
2005-11-17 00:00:00+09:00,1109.3185756585538,1109.3185756585538,1107.898193359375,1107.898193359375,1000,0.0,0.0
2005-11-18 00:00:00+09:00,1109.3185756585538,1109.3185756585538,1107.898193359375,1107.898193359375,1000,0.0,0.0
2005-11-21 00:00:00+09:00,803.5307006835938,803.5307006835938,803.5307006835938,803.5307006835938,1000,0.0,0.0
2005-11-22 00:00:00+09:00,803.5307006835938,803.5307006835938,803.5307006835938,803.5307006835938,1000,0.0,0.0
2005-11-23 00:00:00+09:00,1109.3185756585538,1109.3185756585538,1107.898193359375,1107.898193359375,1000,0.0,0.0
2005-11-24 00:00:00+09:00,1109.3185756585538,1109.3185756585538,1107.898193359375,1107.898193359375,1000,0.0,0.0
2005-11-25 00:00:00+09:00,754.8318160207648,771.0647583007812,754.8318160207648,771.0647583007812,3000,0.0,0.0
2005-11-28 00:00:00+09:00,779.1812133789062,779.1812133789062,779.1812133789062,779.1812133789062,8000,0.0,0.0
2005-11-29 00:00:00+09:00,1109.3185756585538,1109.3185756585538,1107.898193359375,1107.898193359375,1000,0.0,0.0
2005-11-30 00:00:00+09:00,1109.3185756585538,1109.3185756585538,1107.898193359375,1107.898193359375,1000,0.0,0.0
2005-12-01 00:00:00+09:00,1109.3185756585538,1109.3185756585538,1107.898193359375,1107.898193359375,1000,0.0,0.0
2005-12-02 00:00:00+09:00,852.2294311523438,852.2294311523438,852.2294311523438,852.2294311523438,0,0.0,0.0
2005-12-05 00:00:00+09:00,868.4624469898365,876.5789184570312,868.4624469898365,876.5789184570312,10000,0.0,0.0
2005-12-06 00:00:00+09:00,876.5789184570312,876.5789184570312,876.5789184570312,876.5789184570312,0,0.0,0.0
2005-12-07 00:00:00+09:00,1109.3185756585538,1109.3185756585538,1107.898193359375,1107.898193359375,1000,0.0,0.0
2005-12-08 00:00:00+09:00,852.2294311523438,852.2294311523438,852.2294311523438,852.2294311523438,0,0.0,0.0
2005-12-09 00:00:00+09:00,1109.3185756585538,1109.3185756585538,1107.898193359375,1107.898193359375,1000,0.0,0.0
2005-12-12 00:00:00+09:00,1109.3185756585538,1109.3185756585538,1107.898193359375,1107.898193359375,1000,0.0,0.0
2005-12-13 00:00:00+09:00,1109.3185756585538,1109.3185756585538,1107.898193359375,1107.898193359375,1000,0.0,0.0
2005-12-14 00:00:00+09:00,1109.3185756585538,1109.3185756585538,1107.898193359375,1107.898193359375,1000,0.0,0.0
2005-12-15 00:00:00+09:00,852.2294311523438,852.2294311523438,852.2294311523438,852.2294311523438,3000,0.0,0.0
2005-12-16 00:00:00+09:00,852.2294311523438,852.2294311523438,852.2294311523438,852.2294311523438,0,0.0,0.0
2005-12-19 00:00:00+09:00,844.1129603794642,852.2294311523438,844.1129603794642,852.2294311523438,2000,0.0,0.0
2005-12-20 00:00:00+09:00,1109.3185756585538,1109.3185756585538,1107.898193359375,1107.898193359375,1000,0.0,0.0
2005-12-21 00:00:00+09:00,1109.3185756585538,1109.3185756585538,1107.898193359375,1107.898193359375,1000,0.0,0.0
2005-12-22 00:00:00+09:00,900.9284229625355,900.9284229625355,892.8119506835938,892.8119506835938,11000,0.0,0.0
2005-12-23 00:00:00+09:00,1109.3185756585538,1109.3185756585538,1107.898193359375,1107.898193359375,1000,0.0,0.0
2005-12-26 00:00:00+09:00,892.8120183854902,892.8120183854902,860.3461268078361,861.9694213867188,3000,0.0,0.0
2005-12-27 00:00:00+09:00,852.2294469980094,853.0410940903884,844.1129760742188,844.1129760742188,3000,0.0,0.0
2005-12-28 00:00:00+09:00,1109.3185756585538,1109.3185756585538,1107.898193359375,1107.898193359375,1000,0.0,0.0
2005-12-29 00:00:00+09:00,1109.3185756585538,1109.3185756585538,1107.898193359375,1107.898193359375,1000,0.0,0.0
2005-12-30 00:00:00+09:00,888.7536010742188,888.7536010742188,888.7536010742188,888.7536010742188,1000,0.0,0.0
2006-01-02 00:00:00+09:00,888.7536010742188,888.7536010742188,888.7536010742188,888.7536010742188,0,0.0,0.0
2006-01-03 00:00:00+09:00,1109.3185756585538,1109.3185756585538,1107.898193359375,1107.898193359375,1000,0.0,0.0
2006-01-04 00:00:00+09:00,1109.3185756585538,1109.3185756585538,1107.898193359375,1107.898193359375,1000,0.0,0.0
2006-01-05 00:00:00+09:00,1080.3024531641931,1213.41259765625,1080.3024531641931,1213.41259765625,35000,0.0,0.0
2006-01-06 00:00:00+09:00,1126.3631591796875,1126.3631591796875,1126.3631591796875,1126.3631591796875,1000,0.0,0.0
2006-01-09 00:00:00+09:00,1371.68359375,1371.68359375,1371.68359375,1371.68359375,0,0.0,0.0
2006-01-10 00:00:00+09:00,1429.3102896997484,1517.7798079151219,1412.2657036215571,1436.6151123046875,54000,0.0,0.0
2006-01-11 00:00:00+09:00,1282.4024755921419,1282.4024755921419,1197.179526264816,1277.5325927734375,63000,0.0,0.0
2006-01-12 00:00:00+09:00,1253.9946670532227,1253.9946670532227,1152.5387878417969,1168.771728515625,42000,0.0,0.0
2006-01-13 00:00:00+09:00,1120.0732055925455,1137.1177978515625,1120.0732055925455,1137.1177978515625,34000,0.0,0.0
2006-01-16 00:00:00+09:00,1136.3060413707387,1136.3060413707387,1063.2577958540483,1071.374267578125,20000,0.0,0.0
2006-01-17 00:00:00+09:00,1119.26171875,1119.26171875,1119.26171875,1119.26171875,1000,0.0,0.0
2006-01-18 00:00:00+09:00,965.8601684570312,965.8601684570312,965.8601684570312,965.8601684570312,1000,0.0,0.0
2006-01-19 00:00:00+09:00,949.6270751953125,949.6270751953125,933.3941337389823,949.6270751953125,8000,0.0,0.0
2006-01-20 00:00:00+09:00,976.4115272158668,1022.6754150390625,976.4115272158668,1022.6754150390625,6000,0.0,0.0
2006-01-23 00:00:00+09:00,1022.6749654630336,1022.6749654630336,998.3255615234376,998.3255615234375,10000,0.0,0.0
2006-01-24 00:00:00+09:00,999.1376342773439,1000.7609285653655,998.325987133333,999.1376342773438,5000,0.0,0.0
2006-01-25 00:00:00+09:00,999.1373647211507,1048.6478271484375,999.1373647211507,1048.6478271484375,2000,0.0,0.0
2006-01-26 00:00:00+09:00,1055.1411584924767,1095.7235107421875,1055.1411584924767,1095.7235107421875,5000,0.0,0.0
2006-01-27 00:00:00+09:00,1105.4632019522874,1135.494140625,1105.4632019522874,1135.494140625,2000,0.0,0.0
2006-01-30 00:00:00+09:00,1135.4942001342772,1168.771728515625,1135.4942001342772,1168.771728515625,11000,0.0,0.0
2006-01-31 00:00:00+09:00,1152.5390076568162,1152.5390076568162,1120.0731201171875,1120.0731201171875,5000,0.0,0.0
2006-02-01 00:00:00+09:00,1071.374267578125,1071.374267578125,1071.374267578125,1071.374267578125,2000,0.0,0.0
2006-02-02 00:00:00+09:00,1080.3023864746094,1080.3023864746094,1071.374267578125,1071.374267578125,2000,0.0,0.0
2006-02-03 00:00:00+09:00,1101.4052734375,1101.4052734375,1101.4052734375,1101.4052734375,1000,0.0,0.0
2006-02-06 00:00:00+09:00,1101.4052734375,1101.4052734375,1101.4052734375,1101.4052734375,1000,0.0,0.0
2006-02-07 00:00:00+09:00,1068.939208984375,1068.939208984375,1068.939208984375,1068.939208984375,1000,0.0,0.0
2006-02-08 00:00:00+09:00,1101.4052734375,1101.4052734375,1101.4052734375,1101.4052734375,1000,0.0,0.0
2006-02-09 00:00:00+09:00,1087.607421875,1087.607421875,1087.607421875,1087.607421875,0,0.0,0.0
2006-02-10 00:00:00+09:00,1087.607421875,1087.607421875,1087.607421875,1087.607421875,1000,0.0,0.0
2006-02-13 00:00:00+09:00,1055.1414794921875,1055.1414794921875,1055.1414794921875,1055.1414794921875,1000,0.0,0.0
2006-02-14 00:00:00+09:00,1055.1414794921875,1055.1414794921875,1055.1414794921875,1055.1414794921875,1000,0.0,0.0
2006-02-15 00:00:00+09:00,1055.1414794921875,1055.1414794921875,1055.1414794921875,1055.1414794921875,2000,0.0,0.0
2006-02-16 00:00:00+09:00,1007.2540893554688,1007.2540893554688,1007.2540893554688,1007.2540893554688,1000,0.0,0.0
2006-02-17 00:00:00+09:00,990.2096557617188,990.2096557617188,990.2096557617188,990.2096557617188,1000,0.0,0.0
2006-02-20 00:00:00+09:00,973.976806640625,973.976806640625,973.976806640625,973.976806640625,1000,0.0,0.0
2006-02-21 00:00:00+09:00,1101.4052734375,1101.4052734375,1101.4052734375,1101.4052734375,1000,0.0,0.0
2006-02-22 00:00:00+09:00,941.5106201171875,941.5106201171875,941.5106201171875,941.5106201171875,1000,0.0,0.0
2006-02-23 00:00:00+09:00,941.5106201171875,941.5106201171875,941.5106201171875,941.5106201171875,1000,0.0,0.0
2006-02-24 00:00:00+09:00,941.5109130859375,973.976806640625,941.5109130859375,973.976806640625,4000,0.0,0.0
2006-02-27 00:00:00+09:00,973.976806640625,973.976806640625,973.976806640625,973.976806640625,1000,0.0,0.0
2006-02-28 00:00:00+09:00,957.7438598632813,973.976806640625,957.7438598632813,973.976806640625,5000,0.0,0.0
2006-03-01 00:00:00+09:00,961.8016357421875,1022.675156991693,961.8016357421875,961.8016357421875,0,0.0,0.0
2006-03-02 00:00:00+09:00,958.5555072021485,973.976806640625,958.5555072021485,973.976806640625,7000,0.0,0.0
2006-03-03 00:00:00+09:00,1006.4424277343751,1014.5588989257812,1003.1958392578125,1014.5588989257812,8000,0.0,0.0
2006-03-06 00:00:00+09:00,982.093017578125,1054.3296114330449,982.093017578125,982.093017578125,0,0.0,0.0
2006-03-07 00:00:00+09:00,999.1376342773439,1054.3296400700808,999.1376342773439,999.1376342773438,0,0.0,0.0
2006-03-08 00:00:00+09:00,1014.5588989257812,1014.5588989257812,1014.5588989257812,1014.5588989257812,2000,0.0,0.0
2006-03-09 00:00:00+09:00,1018.6170654296875,1054.329536249533,1018.6170654296875,1018.6170654296875,0,0.0,0.0
2006-03-10 00:00:00+09:00,1014.5588989257812,1014.5588989257812,1014.5588989257812,1014.5588989257812,1000,0.0,0.0
2006-03-13 00:00:00+09:00,1014.5588989257812,1014.5588989257812,1014.5588989257812,1014.5588989257812,4000,0.0,0.0
2006-03-14 00:00:00+09:00,1014.5588989257812,1014.5588989257812,1014.5588989257812,1014.5588989257812,1000,0.0,0.0
2006-03-15 00:00:00+09:00,1030.7915975881178,1047.0245361328125,1030.7915975881178,1047.0245361328125,2000,0.0,0.0
2006-03-16 00:00:00+09:00,1047.0245361328125,1047.0245361328125,1047.0245361328125,1047.0245361328125,1000,0.0,0.0
2006-03-17 00:00:00+09:00,1047.0245361328125,1047.0245361328125,1047.0245361328125,1047.0245361328125,1000,0.0,0.0
2006-03-20 00:00:00+09:00,1047.0245361328125,1047.0245361328125,1047.0245361328125,1047.0245361328125,1000,0.0,0.0
2006-03-21 00:00:00+09:00,1047.0245361328125,1047.0245361328125,1047.0245361328125,1047.0245361328125,0,0.0,0.0
2006-03-22 00:00:00+09:00,1067.3157958984375,1067.3157958984375,1067.3157958984375,1067.3157958984375,2000,0.0,0.0
2006-03-23 00:00:00+09:00,1067.3157958984375,1067.3157958984375,1067.3157958984375,1067.3157958984375,1000,0.0,0.0
2006-03-24 00:00:00+09:00,1067.3157958984375,1067.3157958984375,1067.3157958984375,1067.3157958984375,1000,0.0,0.0
2006-03-27 00:00:00+09:00,1067.3157958984375,1067.3157958984375,1067.3157958984375,1067.3157958984375,1000,0.0,0.0
2006-03-28 00:00:00+09:00,1072.2080078125,1072.2080078125,1072.2080078125,1072.2080078125,1000,6.0,0.0
2006-03-29 00:00:00+09:00,1072.2080078125,1072.2080078125,1072.2080078125,1072.2080078125,1000,0.0,0.0
2006-03-30 00:00:00+09:00,1032.2553131933298,1079.546630859375,1032.2553131933298,1079.546630859375,6000,0.0,0.0
2006-03-31 00:00:00+09:00,1019.2092895507812,1100.7460327148438,1019.2092895507812,1019.2092895507812,0,0.0,0.0
2006-04-03 00:00:00+09:00,1084.438720703125,1084.438720703125,1084.438720703125,1084.438720703125,7000,0.0,0.0
2006-04-04 00:00:00+09:00,1051.8238525390625,1051.8238525390625,1051.8238525390625,1051.8238525390625,1000,0.0,0.0
2006-04-05 00:00:00+09:00,1051.8238525390625,1051.8238525390625,1051.8238525390625,1051.8238525390625,17000,0.0,0.0
2006-04-06 00:00:00+09:00,1051.8238525390625,1051.8238525390625,1051.8238525390625,1051.8238525390625,1000,0.0,0.0
2006-04-07 00:00:00+09:00,1051.8238525390625,1051.8238525390625,1051.8238525390625,1051.8238525390625,1000,0.0,0.0
2006-04-10 00:00:00+09:00,1051.824036826467,1053.454771767283,1051.824036826467,1052.639404296875,8000,0.0,0.0
2006-04-11 00:00:00+09:00,1036.3318836935127,1058.3468017578125,1036.3318836935127,1058.3468017578125,3000,0.0,0.0
2006-04-12 00:00:00+09:00,1064.8697509765625,1064.8697509765625,1064.8697509765625,1064.8697509765625,1000,0.0,0.0
2006-04-13 00:00:00+09:00,1064.8697509765625,1064.8697509765625,1064.8697509765625,1064.8697509765625,1000,0.0,0.0
2006-04-14 00:00:00+09:00,1064.8697509765625,1064.8697509765625,1064.8697509765625,1064.8697509765625,1000,0.0,0.0
2006-04-17 00:00:00+09:00,1064.8697509765625,1064.8697509765625,1064.8697509765625,1064.8697509765625,1000,0.0,0.0
2006-04-18 00:00:00+09:00,1059.9776611328125,1059.9776611328125,1059.9776611328125,1059.9776611328125,1000,0.0,0.0
2006-04-19 00:00:00+09:00,1059.9776611328125,1059.9776611328125,1059.9776611328125,1059.9776611328125,1000,0.0,0.0
2006-04-20 00:00:00+09:00,1059.9776611328125,1059.9776611328125,1059.9776611328125,1059.9776611328125,7000,0.0,0.0
2006-04-21 00:00:00+09:00,1059.9776611328125,1059.9776611328125,1059.9776611328125,1059.9776611328125,2000,0.0,0.0
2006-04-24 00:00:00+09:00,1059.9776611328125,1059.9776611328125,1059.9776611328125,1059.9776611328125,1000,0.0,0.0
2006-04-25 00:00:00+09:00,1027.3631036931818,1076.28515625,1027.3631036931818,1076.28515625,6000,0.0,0.0
2006-04-26 00:00:00+09:00,1068.1314697265625,1068.1314697265625,1068.1314697265625,1068.1314697265625,1000,0.0,0.0
2006-04-27 00:00:00+09:00,1068.1314697265625,1068.1314697265625,1068.1314697265625,1068.1314697265625,1000,0.0,0.0
2006-04-28 00:00:00+09:00,1068.1314697265625,1068.1314697265625,1068.1314697265625,1068.1314697265625,1000,0.0,0.0
2006-05-01 00:00:00+09:00,1068.1314697265625,1068.1314697265625,1068.1314697265625,1068.1314697265625,2000,0.0,0.0
2006-05-02 00:00:00+09:00,1068.1314697265625,1068.1314697265625,1068.1314697265625,1068.1314697265625,1000,0.0,0.0
2006-05-03 00:00:00+09:00,1068.1314697265625,1068.1314697265625,1068.1314697265625,1068.1314697265625,0,0.0,0.0
2006-05-04 00:00:00+09:00,1068.1314697265625,1068.1314697265625,1068.1314697265625,1068.1314697265625,0,0.0,0.0
2006-05-05 00:00:00+09:00,1068.1314697265625,1068.1314697265625,1068.1314697265625,1068.1314697265625,0,0.0,0.0
2006-05-08 00:00:00+09:00,1068.1314697265625,1068.1314697265625,1068.1314697265625,1068.1314697265625,1000,0.0,0.0
2006-05-09 00:00:00+09:00,1068.1314697265625,1068.1314697265625,1068.1314697265625,1068.1314697265625,1000,0.0,0.0
2006-05-10 00:00:00+09:00,1068.1314697265625,1068.1314697265625,1068.1314697265625,1068.1314697265625,1000,0.0,0.0
2006-05-11 00:00:00+09:00,1068.1314697265625,1068.1314697265625,1068.1314697265625,1068.1314697265625,1000,0.0,0.0
2006-05-12 00:00:00+09:00,1068.1314697265625,1068.1314697265625,1068.1314697265625,1068.1314697265625,1000,0.0,0.0
2006-05-15 00:00:00+09:00,1068.1314697265625,1068.1314697265625,1068.1314697265625,1068.1314697265625,1000,0.0,0.0
2006-05-16 00:00:00+09:00,1068.1314697265625,1068.1314697265625,1068.1314697265625,1068.1314697265625,1000,0.0,0.0
2006-05-17 00:00:00+09:00,1068.1314697265625,1068.1314697265625,1068.1314697265625,1068.1314697265625,1000,0.0,0.0
2006-05-18 00:00:00+09:00,1084.438720703125,1100.7460698866307,1084.438720703125,1084.438720703125,0,0.0,0.0
2006-05-19 00:00:00+09:00,1100.7459966283645,1117.0533447265625,1100.7459966283645,1117.0533447265625,2000,0.0,0.0
2006-05-22 00:00:00+09:00,1068.1314697265625,1068.1314697265625,1068.1314697265625,1068.1314697265625,1000,0.0,0.0
2006-05-23 00:00:00+09:00,1068.1314697265625,1068.1314697265625,1068.1314697265625,1068.1314697265625,1000,0.0,0.0
2006-05-24 00:00:00+09:00,1117.0533447265625,1117.0533447265625,1117.0533447265625,1117.0533447265625,1000,0.0,0.0
2006-05-25 00:00:00+09:00,1068.1314697265625,1068.1314697265625,1068.1314697265625,1068.1314697265625,1000,0.0,0.0
2006-05-26 00:00:00+09:00,1108.8997802734375,1108.8997802734375,1108.8997802734375,1108.8997802734375,1000,0.0,0.0
2006-05-29 00:00:00+09:00,1068.1314697265625,1108.8998464336833,1068.1314697265625,1068.1314697265625,0,0.0,0.0
2006-05-30 00:00:00+09:00,1108.8997802734375,1108.8997802734375,1108.8997802734375,1108.8997802734375,1000,0.0,0.0
2006-05-31 00:00:00+09:00,1068.1314697265625,1068.1314697265625,1068.1314697265625,1068.1314697265625,1000,0.0,0.0
2006-06-01 00:00:00+09:00,1108.8997802734375,1108.8997802734375,1108.8997802734375,1108.8997802734375,1000,0.0,0.0
2006-06-02 00:00:00+09:00,1068.1314697265625,1068.1314697265625,1068.1314697265625,1068.1314697265625,1000,0.0,0.0
2006-06-05 00:00:00+09:00,1068.1314697265625,1068.1314697265625,1068.1314697265625,1068.1314697265625,1000,0.0,0.0
2006-06-06 00:00:00+09:00,1068.1314697265625,1068.1314697265625,1068.1314697265625,1068.1314697265625,1000,0.0,0.0
2006-06-07 00:00:00+09:00,1027.363037109375,1027.363037109375,1027.363037109375,1027.363037109375,1000,0.0,0.0
2006-06-08 00:00:00+09:00,1068.1314697265625,1068.1314697265625,1068.1314697265625,1068.1314697265625,1000,0.0,0.0
2006-06-09 00:00:00+09:00,968.6566772460938,968.6566772460938,968.6566772460938,968.6566772460938,1000,0.0,0.0
2006-06-12 00:00:00+09:00,968.6566772460938,968.6566772460938,968.6566772460938,968.6566772460938,1000,0.0,0.0
2006-06-13 00:00:00+09:00,968.6566772460938,968.6566772460938,968.6566772460938,968.6566772460938,1000,0.0,0.0
2006-06-14 00:00:00+09:00,1068.1314697265625,1068.1314697265625,1068.1314697265625,1068.1314697265625,1000,0.0,0.0
2006-06-15 00:00:00+09:00,978.4411010742188,978.4411010742188,978.4411010742188,978.4411010742188,1000,0.0,0.0
2006-06-16 00:00:00+09:00,978.4411010742188,978.4411010742188,978.4411010742188,978.4411010742188,1000,0.0,0.0
2006-06-19 00:00:00+09:00,978.4411010742188,978.4411010742188,978.4411010742188,978.4411010742188,1000,0.0,0.0
2006-06-20 00:00:00+09:00,978.4411010742188,978.4411010742188,978.4411010742188,978.4411010742188,1000,0.0,0.0
2006-06-21 00:00:00+09:00,978.4411010742188,978.4411010742188,978.4411010742188,978.4411010742188,1000,0.0,0.0
2006-06-22 00:00:00+09:00,978.4411010742188,978.4411010742188,978.4411010742188,978.4411010742188,1000,0.0,0.0
2006-06-23 00:00:00+09:00,1068.1314697265625,1068.1314697265625,1068.1314697265625,1068.1314697265625,1000,0.0,0.0
2006-06-26 00:00:00+09:00,978.4411010742188,978.4411010742188,978.4411010742188,978.4411010742188,1000,0.0,0.0
2006-06-27 00:00:00+09:00,1068.1314697265625,1068.1314697265625,1068.1314697265625,1068.1314697265625,1000,0.0,0.0
2006-06-28 00:00:00+09:00,978.4411010742188,1011.0558044433594,978.4411010742188,978.4411010742188,0,0.0,0.0
2006-06-29 00:00:00+09:00,978.4411010742188,978.4411010742188,978.4411010742188,978.4411010742188,1000,0.0,0.0
2006-06-30 00:00:00+09:00,1068.1314697265625,1068.1314697265625,1068.1314697265625,1068.1314697265625,1000,0.0,0.0
2006-07-03 00:00:00+09:00,978.4411010742188,978.4411010742188,978.4411010742188,978.4411010742188,1000,0.0,0.0
2006-07-04 00:00:00+09:00,986.5946655273438,986.5946655273438,986.5946655273438,986.5946655273438,1000,0.0,0.0
2006-07-05 00:00:00+09:00,986.5946655273438,986.5946655273438,986.5946655273438,986.5946655273438,1000,0.0,0.0
2006-07-06 00:00:00+09:00,994.7484130859375,994.7484130859375,994.7484130859375,994.7484130859375,1000,0.0,0.0
2006-07-07 00:00:00+09:00,1068.1314697265625,1068.1314697265625,1068.1314697265625,1068.1314697265625,1000,0.0,0.0
2006-07-10 00:00:00+09:00,913.2114868164062,913.2114868164062,913.2114868164062,913.2114868164062,1000,0.0,0.0
2006-07-11 00:00:00+09:00,1068.1314697265625,1068.1314697265625,1068.1314697265625,1068.1314697265625,1000,0.0,0.0
2006-07-12 00:00:00+09:00,1068.1314697265625,1068.1314697265625,1068.1314697265625,1068.1314697265625,1000,0.0,0.0
2006-07-13 00:00:00+09:00,913.2114868164062,913.2114868164062,913.2114868164062,913.2114868164062,1000,0.0,0.0
2006-07-14 00:00:00+09:00,913.2114868164062,913.2114868164062,913.2114868164062,913.2114868164062,1000,0.0,0.0
2006-07-17 00:00:00+09:00,1068.1314697265625,1068.1314697265625,1068.1314697265625,1068.1314697265625,1000,0.0,0.0
2006-07-18 00:00:00+09:00,1068.1314697265625,1068.1314697265625,1068.1314697265625,1068.1314697265625,1000,0.0,0.0
2006-07-19 00:00:00+09:00,896.9042358398438,896.9042358398438,896.9042358398438,896.9042358398438,1000,0.0,0.0
2006-07-20 00:00:00+09:00,897.7196044921876,897.7196044921876,897.7196044921876,897.7196044921875,1000,0.0,0.0
2006-07-21 00:00:00+09:00,905.0579833984375,905.0579833984375,905.0579833984375,905.0579833984375,1000,0.0,0.0
2006-07-24 00:00:00+09:00,1068.1314697265625,1068.1314697265625,1068.1314697265625,1068.1314697265625,1000,0.0,0.0
2006-07-25 00:00:00+09:00,896.9042358398438,896.9042358398438,896.9042358398438,896.9042358398438,1000,0.0,0.0
2006-07-26 00:00:00+09:00,913.2115855823864,913.2115855823864,896.9042358398438,896.9042358398438,8000,0.0,0.0
2006-07-27 00:00:00+09:00,839.8285522460938,937.6726554203959,839.8285522460938,839.8285522460938,0,0.0,0.0
2006-07-28 00:00:00+09:00,1068.1314697265625,1068.1314697265625,1068.1314697265625,1068.1314697265625,1000,0.0,0.0
2006-07-31 00:00:00+09:00,945.8261108398438,945.8261108398438,945.8261108398438,945.8261108398438,1000,0.0,0.0
2006-08-01 00:00:00+09:00,1068.1314697265625,1068.1314697265625,1068.1314697265625,1068.1314697265625,1000,0.0,0.0
2006-08-02 00:00:00+09:00,1068.1314697265625,1068.1314697265625,1068.1314697265625,1068.1314697265625,1000,0.0,0.0
2006-08-03 00:00:00+09:00,945.8261108398438,945.8261108398438,945.8261108398438,945.8261108398438,1000,0.0,0.0
2006-08-04 00:00:00+09:00,945.8261108398438,945.8261108398438,945.8261108398438,945.8261108398438,1000,0.0,0.0
2006-08-07 00:00:00+09:00,945.8261108398438,945.8261108398438,945.8261108398438,945.8261108398438,1000,0.0,0.0
2006-08-08 00:00:00+09:00,945.8261108398438,945.8261108398438,945.8261108398438,945.8261108398438,1000,0.0,0.0
2006-08-09 00:00:00+09:00,1068.1314697265625,1068.1314697265625,1068.1314697265625,1068.1314697265625,1000,0.0,0.0
2006-08-10 00:00:00+09:00,945.8261108398438,945.8261108398438,945.8261108398438,945.8261108398438,1000,0.0,0.0
2006-08-11 00:00:00+09:00,945.8261108398438,945.8261108398438,945.8261108398438,945.8261108398438,1000,0.0,0.0
2006-08-14 00:00:00+09:00,962.1337890625,962.1337890625,962.1337890625,962.1337890625,1000,0.0,0.0
2006-08-15 00:00:00+09:00,962.1337890625,962.1337890625,962.1337890625,962.1337890625,1000,0.0,0.0
2006-08-16 00:00:00+09:00,1068.1314697265625,1068.1314697265625,1068.1314697265625,1068.1314697265625,1000,0.0,0.0
2006-08-17 00:00:00+09:00,962.1337890625,962.1337890625,962.1337890625,962.1337890625,1000,0.0,0.0
2006-08-18 00:00:00+09:00,978.4411010742188,978.4411010742188,978.4411010742188,978.4411010742188,1000,0.0,0.0
2006-08-21 00:00:00+09:00,1068.1314697265625,1068.1314697265625,1068.1314697265625,1068.1314697265625,1000,0.0,0.0
2006-08-22 00:00:00+09:00,978.4411010742188,978.4411010742188,978.4411010742188,978.4411010742188,1000,0.0,0.0
2006-08-23 00:00:00+09:00,978.4409906056302,986.5946655273438,978.4409906056302,986.5946655273438,2000,0.0,0.0
2006-08-24 00:00:00+09:00,986.5946655273438,986.5946655273438,986.5946655273438,986.5946655273438,1000,0.0,0.0
2006-08-25 00:00:00+09:00,1002.9019409179688,1019.2092895507812,1002.9019409179688,1019.2092895507812,2000,0.0,0.0
2006-08-28 00:00:00+09:00,1019.2092895507812,1019.2092895507812,1019.2092895507812,1019.2092895507812,1000,0.0,0.0
2006-08-29 00:00:00+09:00,1019.2092895507812,1019.2092895507812,1019.2092895507812,1019.2092895507812,1000,0.0,0.0
2006-08-30 00:00:00+09:00,1019.2092895507812,1019.2092895507812,1019.2092895507812,1019.2092895507812,1000,0.0,0.0
2006-08-31 00:00:00+09:00,1027.363037109375,1027.363037109375,1027.363037109375,1027.363037109375,1000,0.0,0.0
2006-09-01 00:00:00+09:00,1019.2092895507812,1059.1622937011718,1019.2092895507812,1019.2092895507812,0,0.0,0.0
2006-09-04 00:00:00+09:00,1027.363037109375,1027.363037109375,1027.363037109375,1027.363037109375,1000,0.0,0.0
2006-09-05 00:00:00+09:00,1011.0554861615796,1051.8238525390625,1011.0554861615796,1051.8238525390625,9000,0.0,0.0
2006-09-06 00:00:00+09:00,1051.8239868164062,1059.9776611328125,1043.6703125,1059.9776611328125,5000,0.0,0.0
2006-09-07 00:00:00+09:00,1075.4693603515625,1075.4693603515625,1075.4693603515625,1075.4693603515625,1000,0.0,0.0
2006-09-08 00:00:00+09:00,1044.4857177734375,1141.5144456540302,1044.4857177734375,1044.4857177734375,0,0.0,0.0
2006-09-11 00:00:00+09:00,1075.4693603515625,1075.4693603515625,1075.4693603515625,1075.4693603515625,1000,0.0,0.0
2006-09-12 00:00:00+09:00,1075.4693603515625,1075.4693603515625,1075.4693603515625,1075.4693603515625,1000,0.0,0.0
2006-09-13 00:00:00+09:00,1059.162353515625,1059.162353515625,1059.162353515625,1059.162353515625,1000,0.0,0.0
2006-09-14 00:00:00+09:00,1059.162353515625,1059.162353515625,1059.162353515625,1059.162353515625,0,0.0,0.0
2006-09-15 00:00:00+09:00,1059.162353515625,1059.162353515625,1059.162353515625,1059.162353515625,0,0.0,0.0
2006-09-18 00:00:00+09:00,1059.162353515625,1059.162353515625,1059.162353515625,1059.162353515625,0,0.0,0.0
2006-09-19 00:00:00+09:00,1059.162353515625,1059.162353515625,1059.162353515625,1059.162353515625,1000,0.0,0.0
2006-09-20 00:00:00+09:00,1051.8238525390625,1051.8238525390625,1051.8238525390625,1051.8238525390625,1000,0.0,0.0
2006-09-21 00:00:00+09:00,1051.8238525390625,1051.8238525390625,1051.8238525390625,1051.8238525390625,1000,0.0,0.0
2006-09-22 00:00:00+09:00,1051.8238525390625,1051.8238525390625,1051.8238525390625,1051.8238525390625,1000,0.0,0.0
2006-09-25 00:00:00+09:00,1051.8238525390625,1051.8238525390625,1051.8238525390625,1051.8238525390625,0,0.0,0.0
2006-09-26 00:00:00+09:00,1051.8238525390625,1051.8238525390625,1051.8238525390625,1051.8238525390625,1000,4.0,0.0
2006-09-27 00:00:00+09:00,1051.8238525390625,1051.8238525390625,1051.8238525390625,1051.8238525390625,1000,0.0,0.0
2006-09-28 00:00:00+09:00,1051.8238525390625,1051.8238525390625,1051.8238525390625,1051.8238525390625,0,0.0,0.0
2006-09-29 00:00:00+09:00,1051.8238525390625,1051.8238525390625,1051.8238525390625,1051.8238525390625,1000,0.0,0.0
2006-10-02 00:00:00+09:00,1051.8238525390625,1051.8238525390625,1051.8238525390625,1051.8238525390625,1000,0.0,0.0
2006-10-03 00:00:00+09:00,1055.0953369140625,1055.0953369140625,1055.0953369140625,1055.0953369140625,1000,0.0,0.0
2006-10-04 00:00:00+09:00,1055.0953369140625,1055.0953369140625,1055.0953369140625,1055.0953369140625,1000,0.0,0.0
2006-10-05 00:00:00+09:00,1038.7373540747258,1071.4534912109375,1038.7373540747258,1071.4534912109375,2000,0.0,0.0
2006-10-06 00:00:00+09:00,1071.4534912109375,1071.4534912109375,1063.2744569268846,1071.4534912109375,4000,0.0,0.0
2006-10-09 00:00:00+09:00,1071.4534912109375,1071.4534912109375,1071.4534912109375,1071.4534912109375,0,0.0,0.0
2006-10-10 00:00:00+09:00,1071.4534912109375,1071.4534912109375,1071.4534912109375,1071.4534912109375,1000,0.0,0.0
2006-10-11 00:00:00+09:00,1071.4534912109375,1071.4534912109375,1071.4534912109375,1071.4534912109375,1000,0.0,0.0
2006-10-12 00:00:00+09:00,1071.4534912109375,1071.4534912109375,1071.4534912109375,1071.4534912109375,1000,0.0,0.0
2006-10-13 00:00:00+09:00,1071.4534912109375,1071.4534912109375,1071.4534912109375,1071.4534912109375,1000,0.0,0.0
2006-10-16 00:00:00+09:00,1071.4534912109375,1071.4534912109375,1071.4534912109375,1071.4534912109375,1000,0.0,0.0
2006-10-17 00:00:00+09:00,1071.4534912109375,1071.4534912109375,1071.4534912109375,1071.4534912109375,1000,0.0,0.0
2006-10-18 00:00:00+09:00,1071.4534912109375,1071.4534912109375,1071.4534912109375,1071.4534912109375,1000,0.0,0.0
2006-10-19 00:00:00+09:00,1071.4534912109375,1071.4534912109375,1071.4534912109375,1071.4534912109375,1000,0.0,0.0
2006-10-20 00:00:00+09:00,1071.4534912109375,1071.4534912109375,1071.4534912109375,1071.4534912109375,1000,0.0,0.0
2006-10-23 00:00:00+09:00,1087.8118896484375,1087.8118896484375,1087.8118896484375,1087.8118896484375,1000,0.0,0.0
2006-10-24 00:00:00+09:00,1087.8118896484375,1087.8118896484375,1087.8118896484375,1087.8118896484375,1000,0.0,0.0
2006-10-25 00:00:00+09:00,1087.8118896484375,1087.8118896484375,1087.8118896484375,1087.8118896484375,1000,0.0,0.0
2006-10-26 00:00:00+09:00,1055.0954226428316,1071.4534912109375,1055.0954226428316,1071.4534912109375,5000,0.0,0.0
2006-10-27 00:00:00+09:00,1071.4534912109375,1071.4534912109375,1071.4534912109375,1071.4534912109375,1000,0.0,0.0
2006-10-30 00:00:00+09:00,1056.73095703125,1056.73095703125,1056.73095703125,1056.73095703125,1000,0.0,0.0
2006-10-31 00:00:00+09:00,1046.098562856821,1063.2745361328125,1046.098562856821,1063.2745361328125,6000,0.0,0.0
2006-11-01 00:00:00+09:00,1063.2745361328125,1063.2745361328125,1063.2745361328125,1063.2745361328125,1000,0.0,0.0
2006-11-02 00:00:00+09:00,1063.2745361328125,1063.2745361328125,1063.2745361328125,1063.2745361328125,1000,0.0,0.0
2006-11-03 00:00:00+09:00,1063.2745361328125,1063.2745361328125,1063.2745361328125,1063.2745361328125,0,0.0,0.0
2006-11-06 00:00:00+09:00,1046.9166456653224,1046.9166456653224,1014.2005004882812,1014.2005004882812,2000,0.0,0.0
2006-11-07 00:00:00+09:00,1014.2005004882812,1014.2005004882812,1014.2005004882812,1014.2005004882812,1000,0.0,0.0
2006-11-08 00:00:00+09:00,1014.2005004882812,1014.2005004882812,1014.2005004882812,1014.2005004882812,1000,0.0,0.0
2006-11-09 00:00:00+09:00,1014.2005004882812,1014.2005004882812,1014.2005004882812,1014.2005004882812,1000,0.0,0.0
2006-11-10 00:00:00+09:00,1014.2005004882812,1014.2005004882812,1014.2005004882812,1014.2005004882812,1000,0.0,0.0
2006-11-13 00:00:00+09:00,1014.2005004882812,1014.2005004882812,1014.2005004882812,1014.2005004882812,1000,0.0,0.0
2006-11-14 00:00:00+09:00,1014.2005004882812,1014.2005004882812,1014.2005004882812,1014.2005004882812,1000,0.0,0.0
2006-11-15 00:00:00+09:00,1014.2005004882812,1014.2005004882812,1014.2005004882812,1014.2005004882812,1000,0.0,0.0
2006-11-16 00:00:00+09:00,1014.2005004882812,1014.2005004882812,1014.2005004882812,1014.2005004882812,1000,0.0,0.0
2006-11-17 00:00:00+09:00,1014.2005004882812,1014.2005004882812,1014.2005004882812,1014.2005004882812,1000,0.0,0.0
2006-11-20 00:00:00+09:00,1014.2005004882812,1014.2005004882812,1014.2005004882812,1014.2005004882812,1000,0.0,0.0
2006-11-21 00:00:00+09:00,981.4840698242188,981.4840698242188,981.4840698242188,981.4840698242188,1000,0.0,0.0
2006-11-22 00:00:00+09:00,981.4840698242188,981.4840698242188,981.4840698242188,981.4840698242188,1000,0.0,0.0
2006-11-23 00:00:00+09:00,981.4840698242188,981.4840698242188,981.4840698242188,981.4840698242188,0,0.0,0.0
2006-11-24 00:00:00+09:00,981.4840698242188,981.4840698242188,981.4840698242188,981.4840698242188,1000,0.0,0.0
2006-11-27 00:00:00+09:00,981.4842301708157,981.4842301708157,965.1261596679688,965.1261596679688,3000,0.0,0.0
2006-11-28 00:00:00+09:00,965.1261596679688,965.1261596679688,965.1261596679688,965.1261596679688,1000,0.0,0.0
2006-11-29 00:00:00+09:00,965.1261596679688,965.1261596679688,965.1261596679688,965.1261596679688,1000,0.0,0.0
2006-11-30 00:00:00+09:00,965.1261596679688,965.1261596679688,965.1261596679688,965.1261596679688,1000,0.0,0.0
2006-12-01 00:00:00+09:00,965.1261596679688,965.1261596679688,965.1261596679688,965.1261596679688,1000,0.0,0.0
2006-12-04 00:00:00+09:00,899.6937866210938,915.2339520263672,835.0794146728516,899.6937866210938,30000,0.0,0.0
2006-12-05 00:00:00+09:00,899.6939685857184,899.6939685857184,875.1568603515625,875.1568603515625,5000,0.0,0.0
2006-12-06 00:00:00+09:00,875.1568603515625,875.1568603515625,875.1568603515625,875.1568603515625,1000,0.0,0.0
2006-12-07 00:00:00+09:00,866.97780296689,866.97780296689,858.7987670898438,858.7987670898438,3000,0.0,0.0
2006-12-08 00:00:00+09:00,842.4405517578125,842.4405517578125,842.4405517578125,842.4405517578125,1000,0.0,0.0
2006-12-11 00:00:00+09:00,842.4405517578125,842.4405517578125,842.4405517578125,842.4405517578125,1000,0.0,0.0
2006-12-12 00:00:00+09:00,817.9035186767578,817.9035186767578,785.1873779296875,785.1873779296875,4000,0.0,0.0
2006-12-13 00:00:00+09:00,777.0084049725773,809.7245483398438,777.0084049725773,809.7245483398438,3000,0.0,0.0
2006-12-14 00:00:00+09:00,788.4588623046875,788.4588623046875,788.4588623046875,788.4588623046875,2000,0.0,0.0
2006-12-15 00:00:00+09:00,788.4588623046875,788.4588623046875,788.4588623046875,788.4588623046875,1000,0.0,0.0
2006-12-18 00:00:00+09:00,789.27685546875,789.27685546875,789.27685546875,789.27685546875,1000,0.0,0.0
2006-12-19 00:00:00+09:00,789.27685546875,789.27685546875,789.27685546875,789.27685546875,1000,0.0,0.0
2006-12-20 00:00:00+09:00,805.635009765625,805.635009765625,805.635009765625,805.635009765625,1000,0.0,0.0
2006-12-21 00:00:00+09:00,805.6349061623598,805.6349061623598,797.4558715820312,797.4558715820312,2000,0.0,0.0
2006-12-22 00:00:00+09:00,821.99306284083,826.0825805664062,821.99306284083,826.0825805664062,3000,0.0,0.0
2006-12-25 00:00:00+09:00,826.0825805664062,826.0825805664062,826.0825805664062,826.0825805664062,1000,0.0,0.0
2006-12-26 00:00:00+09:00,826.0825805664062,858.7987223710164,826.0825805664062,826.0825805664062,0,0.0,0.0
2006-12-27 00:00:00+09:00,826.0825805664062,826.0825805664062,826.0825805664062,826.0825805664062,3000,0.0,0.0
2006-12-28 00:00:00+09:00,826.0825805664062,826.0825805664062,826.0825805664062,826.0825805664062,1000,0.0,0.0
2006-12-29 00:00:00+09:00,826.0825805664062,826.0825805664062,826.0825805664062,826.0825805664062,1000,0.0,0.0
2007-01-04 00:00:00+09:00,841.6228854311488,841.6228854311488,808.90673828125,808.90673828125,4000,0.0,0.0
2007-01-05 00:00:00+09:00,794.1843872070312,794.1843872070312,794.1843872070312,794.1843872070312,1000,0.0,0.0
2007-01-09 00:00:00+09:00,813.8140466308594,817.903564453125,809.7245288085937,817.903564453125,5000,0.0,0.0
2007-01-10 00:00:00+09:00,817.9035841816603,817.9035841816603,809.7245483398438,809.7245483398438,3000,0.0,0.0
2007-01-11 00:00:00+09:00,809.7245682696906,809.7245682696906,785.187460140306,801.5455322265625,10000,0.0,0.0
2007-01-12 00:00:00+09:00,817.903564453125,817.903564453125,817.903564453125,817.903564453125,1000,0.0,0.0
2007-01-15 00:00:00+09:00,817.903564453125,817.903564453125,817.903564453125,817.903564453125,1000,0.0,0.0
2007-01-16 00:00:00+09:00,841.6225906507905,858.7985618885617,826.9003295898438,826.9003295898438,9000,0.0,0.0
2007-01-17 00:00:00+09:00,826.9003295898438,826.9003295898438,826.9003295898438,826.9003295898438,1000,0.0,0.0
2007-01-18 00:00:00+09:00,842.4405517578125,842.4405517578125,842.4405517578125,842.4405517578125,1000,0.0,0.0
2007-01-19 00:00:00+09:00,858.7987670898438,858.7987670898438,858.7987670898438,858.7987670898438,1000,0.0,0.0
2007-01-22 00:00:00+09:00,858.7987783003827,858.7987783003827,841.622802734375,841.622802734375,2000,0.0,0.0
2007-01-23 00:00:00+09:00,857.1629340593205,857.1629340593205,844.0764770507812,844.0764770507812,4000,0.0,0.0
2007-01-24 00:00:00+09:00,855.5270634188438,857.9807739257812,855.5270634188438,857.9807739257812,3000,0.0,0.0
2007-01-25 00:00:00+09:00,857.9807739257812,857.9807739257812,857.9807739257812,857.9807739257812,1000,0.0,0.0
2007-01-26 00:00:00+09:00,866.1597900390625,866.1597900390625,866.1597900390625,866.1597900390625,1000,0.0,0.0
2007-01-29 00:00:00+09:00,866.1597900390625,866.1597900390625,866.1597900390625,866.1597900390625,1000,0.0,0.0
2007-01-30 00:00:00+09:00,866.1597900390625,866.1597900390625,866.1597900390625,866.1597900390625,1000,0.0,0.0
2007-01-31 00:00:00+09:00,866.1597900390625,866.1597900390625,866.1597900390625,866.1597900390625,1000,0.0,0.0
2007-02-01 00:00:00+09:00,866.9776611328125,866.9776611328125,866.9776611328125,866.9776611328125,1000,0.0,0.0
2007-02-02 00:00:00+09:00,866.9776611328125,866.9776611328125,866.9776611328125,866.9776611328125,1000,0.0,0.0
2007-02-05 00:00:00+09:00,866.9776611328125,866.9776611328125,866.9776611328125,866.9776611328125,1000,0.0,0.0
2007-02-06 00:00:00+09:00,866.9776611328125,866.9776611328125,866.9776611328125,866.9776611328125,1000,0.0,0.0
2007-02-07 00:00:00+09:00,859.6166381835938,859.6166381835938,859.6166381835938,859.6166381835938,1000,0.0,0.0
2007-02-08 00:00:00+09:00,858.7987670898438,858.7987670898438,858.7987670898438,858.7987670898438,1000,0.0,0.0
2007-02-09 00:00:00+09:00,858.7987670898438,858.7987670898438,858.7987670898438,858.7987670898438,1000,0.0,0.0
2007-02-13 00:00:00+09:00,858.7987670898438,858.7987670898438,858.7987670898438,858.7987670898438,1000,0.0,0.0
2007-02-14 00:00:00+09:00,858.7987670898438,858.7987670898438,858.7987670898438,858.7987670898438,1000,0.0,0.0
2007-02-15 00:00:00+09:00,858.7987670898438,858.7987670898438,858.7987670898438,858.7987670898438,1000,0.0,0.0
2007-02-16 00:00:00+09:00,858.7987670898438,858.7987670898438,858.7987670898438,858.7987670898438,1000,0.0,0.0
2007-02-19 00:00:00+09:00,858.7987670898438,858.7987670898438,858.7987670898438,858.7987670898438,1000,0.0,0.0
2007-02-20 00:00:00+09:00,859.616690650353,859.616690650353,850.6197509765625,850.6197509765625,17000,0.0,0.0
2007-02-21 00:00:00+09:00,860.4347534179688,860.4347534179688,860.4347534179688,860.4347534179688,2000,0.0,0.0
2007-02-22 00:00:00+09:00,860.4347534179688,860.4347534179688,860.4347534179688,860.4347534179688,1000,0.0,0.0
2007-02-23 00:00:00+09:00,860.4347534179688,860.4347534179688,860.4347534179688,860.4347534179688,1000,0.0,0.0
2007-02-26 00:00:00+09:00,871.0672607421875,1014.2003787045188,871.0672607421875,871.0672607421875,0,0.0,0.0
2007-02-27 00:00:00+09:00,860.4347534179688,860.4347534179688,860.4347534179688,860.4347534179688,1000,0.0,0.0
2007-02-28 00:00:00+09:00,870.2494751090968,872.7031860351562,870.2494751090968,872.7031860351562,4000,0.0,0.0
2007-03-01 00:00:00+09:00,872.7031860351562,872.7031860351562,872.7031860351562,872.7031860351562,1000,0.0,0.0
2007-03-02 00:00:00+09:00,866.9776611328125,866.9776611328125,866.9776611328125,866.9776611328125,1000,0.0,0.0
2007-03-05 00:00:00+09:00,866.9776611328125,866.9776611328125,866.9776611328125,866.9776611328125,1000,0.0,0.0
2007-03-06 00:00:00+09:00,866.9776611328125,866.9776611328125,866.9776611328125,866.9776611328125,1000,0.0,0.0
2007-03-07 00:00:00+09:00,866.9776611328125,866.9776611328125,866.9776611328125,866.9776611328125,1000,0.0,0.0
2007-03-08 00:00:00+09:00,866.9776611328125,866.9776611328125,866.9776611328125,866.9776611328125,1000,0.0,0.0
2007-03-09 00:00:00+09:00,866.9776611328125,866.9776611328125,866.9776611328125,866.9776611328125,1000,0.0,0.0
2007-03-12 00:00:00+09:00,868.6137084960938,976.576994297868,868.6137084960938,868.6137084960938,0,0.0,0.0
2007-03-13 00:00:00+09:00,866.9776611328125,866.9776611328125,866.9776611328125,866.9776611328125,1000,0.0,0.0
2007-03-14 00:00:00+09:00,866.9776611328125,866.9776611328125,866.9776611328125,866.9776611328125,1000,0.0,0.0
2007-03-15 00:00:00+09:00,866.9776611328125,866.9776611328125,866.9776611328125,866.9776611328125,1000,0.0,0.0
2007-03-16 00:00:00+09:00,866.9776611328125,866.9776611328125,866.9776611328125,866.9776611328125,1000,0.0,0.0
2007-03-19 00:00:00+09:00,866.9776611328125,866.9776611328125,866.9776611328125,866.9776611328125,1000,0.0,0.0
2007-03-20 00:00:00+09:00,899.6937866210938,899.6937866210938,867.7955523681641,899.6937866210938,7000,0.0,0.0
2007-03-22 00:00:00+09:00,899.6937866210938,899.6937866210938,899.6937866210938,899.6937866210938,1000,0.0,0.0
2007-03-23 00:00:00+09:00,964.3081665039062,964.3081665039062,964.3081665039062,964.3081665039062,1000,0.0,0.0
2007-03-26 00:00:00+09:00,964.3081665039062,964.3081665039062,964.3081665039062,964.3081665039062,1000,0.0,0.0
2007-03-27 00:00:00+09:00,969.2407836914062,969.2407836914062,969.2407836914062,969.2407836914062,2000,6.0,0.0
2007-03-28 00:00:00+09:00,969.2407836914062,969.2407836914062,969.2407836914062,969.2407836914062,1000,0.0,0.0
2007-03-29 00:00:00+09:00,969.2407836914062,969.2407836914062,969.2407836914062,969.2407836914062,1000,0.0,0.0
2007-03-30 00:00:00+09:00,956.0873531595867,986.5045776367189,956.0873531595867,986.5045776367188,2000,0.0,0.0
2007-04-02 00:00:00+09:00,958.5537852592208,966.774658203125,958.5537852592208,966.774658203125,2000,0.0,0.0
2007-04-03 00:00:00+09:00,958.5535888671875,958.5535888671875,958.5535888671875,958.5535888671875,1000,0.0,0.0
2007-04-04 00:00:00+09:00,958.5535888671875,958.5535888671875,958.5535888671875,958.5535888671875,1000,0.0,0.0
2007-04-05 00:00:00+09:00,947.866943359375,947.866943359375,947.866943359375,947.866943359375,1000,0.0,0.0
2007-04-06 00:00:00+09:00,947.866943359375,947.866943359375,947.866943359375,947.866943359375,1000,0.0,0.0
2007-04-09 00:00:00+09:00,947.866943359375,947.866943359375,947.866943359375,947.866943359375,1000,0.0,0.0
2007-04-10 00:00:00+09:00,954.4430541992188,954.4430541992188,954.4430541992188,954.4430541992188,1000,0.0,0.0
2007-04-11 00:00:00+09:00,954.4430541992188,954.4430541992188,954.4430541992188,954.4430541992188,1000,0.0,0.0
2007-04-12 00:00:00+09:00,954.4430541992188,954.4430541992188,954.4430541992188,954.4430541992188,1000,0.0,0.0
2007-04-13 00:00:00+09:00,954.4430541992188,954.4430541992188,954.4430541992188,954.4430541992188,2000,0.0,0.0
2007-04-16 00:00:00+09:00,954.4430541992188,954.4430541992188,954.4430541992188,954.4430541992188,1000,0.0,0.0
2007-04-17 00:00:00+09:00,954.4430541992188,954.4430541992188,954.4430541992188,954.4430541992188,1000,0.0,0.0
2007-04-18 00:00:00+09:00,954.4430541992188,954.4430541992188,954.4430541992188,954.4430541992188,1000,0.0,0.0
2007-04-19 00:00:00+09:00,954.4430541992188,954.4430541992188,954.4430541992188,954.4430541992188,1000,0.0,0.0
2007-04-20 00:00:00+09:00,954.4430541992188,954.4430541992188,954.4430541992188,954.4430541992188,1000,0.0,0.0
2007-04-23 00:00:00+09:00,954.4430541992188,954.4430541992188,954.4430541992188,954.4430541992188,1000,0.0,0.0
2007-04-24 00:00:00+09:00,954.4430541992188,954.4430541992188,954.4430541992188,954.4430541992188,1000,0.0,0.0
2007-04-25 00:00:00+09:00,954.4430541992188,954.4430541992188,954.4430541992188,954.4430541992188,1000,0.0,0.0
2007-04-26 00:00:00+09:00,954.4430541992188,954.4430541992188,954.4430541992188,954.4430541992188,1000,0.0,0.0
2007-04-27 00:00:00+09:00,954.4430541992188,954.4430541992188,954.4430541992188,954.4430541992188,1000,0.0,0.0
2007-05-01 00:00:00+09:00,954.4430541992188,954.4430541992188,954.4430541992188,954.4430541992188,1000,0.0,0.0
2007-05-02 00:00:00+09:00,986.5045776367189,986.5045776367189,986.5045776367189,986.5045776367188,1000,0.0,0.0
2007-05-07 00:00:00+09:00,986.5045776367189,986.5045776367189,986.5045776367189,986.5045776367188,2000,0.0,0.0
2007-05-08 00:00:00+09:00,986.5045776367189,986.5045776367189,986.5045776367189,986.5045776367188,1000,0.0,0.0
2007-05-09 00:00:00+09:00,986.5045776367189,986.5045776367189,986.5045776367189,986.5045776367188,1000,0.0,0.0
2007-05-10 00:00:00+09:00,1002.9464111328126,1002.9464111328126,1002.9464111328126,1002.9464111328125,2000,0.0,0.0
2007-05-11 00:00:00+09:00,1002.9464111328126,1002.9464111328126,1002.9464111328126,1002.9464111328125,1000,0.0,0.0
2007-05-14 00:00:00+09:00,970.0629272460938,970.0629272460938,970.0629272460938,970.0629272460938,1000,0.0,0.0
2007-05-15 00:00:00+09:00,970.0629272460938,970.0629272460938,970.0629272460938,970.0629272460938,1000,0.0,0.0
2007-05-16 00:00:00+09:00,961.8421630859375,961.8421630859375,961.8421630859375,961.8421630859375,1000,0.0,0.0
2007-05-17 00:00:00+09:00,961.8421630859375,961.8421630859375,961.8421630859375,961.8421630859375,1000,0.0,0.0
2007-05-18 00:00:00+09:00,961.8421630859375,961.8421630859375,961.8421630859375,961.8421630859375,1000,0.0,0.0
2007-05-21 00:00:00+09:00,912.5166042162024,961.0197390349015,912.5166042162024,945.4000854492188,3000,0.0,0.0
2007-05-22 00:00:00+09:00,947.8666429519653,947.8666429519653,947.0445556640625,947.0445556640625,2000,0.0,0.0
2007-05-23 00:00:00+09:00,947.0445556640625,947.0445556640625,947.0445556640625,947.0445556640625,1000,0.0,0.0
2007-05-24 00:00:00+09:00,947.0445556640625,947.0445556640625,947.0445556640625,947.0445556640625,1000,0.0,0.0
2007-05-25 00:00:00+09:00,947.0445556640625,947.0445556640625,947.0445556640625,947.0445556640625,1000,0.0,0.0
2007-05-28 00:00:00+09:00,947.0445556640625,947.0445556640625,947.0445556640625,947.0445556640625,1000,0.0,0.0
2007-05-29 00:00:00+09:00,947.0445556640625,947.0445556640625,947.0445556640625,947.0445556640625,1000,0.0,0.0
2007-05-30 00:00:00+09:00,947.0445556640625,947.0445556640625,947.0445556640625,947.0445556640625,1000,0.0,0.0
2007-05-31 00:00:00+09:00,947.0445556640625,947.0445556640625,947.0445556640625,947.0445556640625,1000,0.0,0.0
2007-06-01 00:00:00+09:00,945.4000854492188,945.4000854492188,945.4000854492188,945.4000854492188,1000,0.0,0.0
2007-06-04 00:00:00+09:00,945.4000854492188,945.4000854492188,945.4000854492188,945.4000854492188,1000,0.0,0.0
2007-06-05 00:00:00+09:00,945.4000854492188,945.4000854492188,945.4000854492188,945.4000854492188,1000,0.0,0.0
2007-06-06 00:00:00+09:00,945.4000854492188,945.4000854492188,945.4000854492188,945.4000854492188,1000,0.0,0.0
2007-06-07 00:00:00+09:00,945.4000854492188,945.4000854492188,945.4000854492188,945.4000854492188,1000,0.0,0.0
2007-06-08 00:00:00+09:00,945.4000854492188,945.4000854492188,945.4000854492188,945.4000854492188,1000,0.0,0.0
2007-06-11 00:00:00+09:00,945.4000854492188,945.4000854492188,945.4000854492188,945.4000854492188,1000,0.0,0.0
2007-06-12 00:00:00+09:00,945.4000854492188,945.4000854492188,945.4000854492188,945.4000854492188,1000,0.0,0.0
2007-06-13 00:00:00+09:00,945.4000854492188,945.4000854492188,945.4000854492188,945.4000854492188,1000,0.0,0.0
2007-06-14 00:00:00+09:00,945.4000854492188,986.5044369904891,945.4000854492188,945.4000854492188,0,0.0,0.0
2007-06-15 00:00:00+09:00,945.4000854492188,945.4000854492188,945.4000854492188,945.4000854492188,1000,0.0,0.0
2007-06-18 00:00:00+09:00,945.4000854492188,986.5044369904891,945.4000854492188,945.4000854492188,0,0.0,0.0
2007-06-19 00:00:00+09:00,978.2839626736112,1035.830078125,978.2839626736112,1035.830078125,4000,0.0,0.0
2007-06-20 00:00:00+09:00,986.5045776367189,986.5045776367189,986.5045776367189,986.5045776367188,2000,0.0,0.0
2007-06-21 00:00:00+09:00,986.5045776367189,986.5045776367189,986.5045776367189,986.5045776367188,1000,0.0,0.0
2007-06-22 00:00:00+09:00,986.5045776367189,986.5045776367189,986.5045776367189,986.5045776367188,1000,0.0,0.0
2007-06-25 00:00:00+09:00,986.5045776367189,986.5045776367189,986.5045776367189,986.5045776367188,1000,0.0,0.0
2007-06-26 00:00:00+09:00,986.5045776367189,986.5045776367189,986.5045776367189,986.5045776367188,1000,0.0,0.0
2007-06-27 00:00:00+09:00,986.5045776367189,986.5045776367189,986.5045776367189,986.5045776367188,1000,0.0,0.0
2007-06-28 00:00:00+09:00,986.5045776367189,986.5045776367189,986.5045776367189,986.5045776367188,1000,0.0,0.0
2007-06-29 00:00:00+09:00,986.5045776367189,986.5045776367189,986.5045776367189,986.5045776367188,1000,0.0,0.0
2007-07-02 00:00:00+09:00,986.5045776367189,986.5045776367189,986.5045776367189,986.5045776367188,1000,0.0,0.0
2007-07-03 00:00:00+09:00,1002.9464111328126,1002.9464111328126,1002.9464111328126,1002.9464111328125,1000,0.0,0.0
2007-07-04 00:00:00+09:00,1002.9464111328126,1002.9464111328126,1002.9464111328126,1002.9464111328125,1000,0.0,0.0
2007-07-05 00:00:00+09:00,1002.9464111328126,1002.9464111328126,1002.9464111328126,1002.9464111328125,1000,0.0,0.0
2007-07-06 00:00:00+09:00,1002.9464111328126,1002.9464111328126,1002.9464111328126,1002.9464111328125,1000,0.0,0.0
2007-07-09 00:00:00+09:00,1002.9464111328126,1002.9464111328126,1002.9464111328126,1002.9464111328125,1000,0.0,0.0
2007-07-10 00:00:00+09:00,1002.9464111328126,1002.9464111328126,1002.9464111328126,1002.9464111328125,1000,0.0,0.0
2007-07-11 00:00:00+09:00,1002.9464111328126,1002.9464111328126,1002.9464111328126,1002.9464111328125,1000,0.0,0.0
2007-07-12 00:00:00+09:00,1002.9464111328126,1002.9464111328126,1002.9464111328126,1002.9464111328125,1000,0.0,0.0
2007-07-13 00:00:00+09:00,1002.9464111328126,1002.9464111328126,1002.9464111328126,1002.9464111328125,1000,0.0,0.0
2007-07-17 00:00:00+09:00,1002.9464111328126,1002.9464111328126,1002.9464111328126,1002.9464111328125,1000,0.0,0.0
2007-07-18 00:00:00+09:00,1002.9463205973308,1002.9463205973308,986.5045776367189,986.5045776367188,4000,0.0,0.0
2007-07-19 00:00:00+09:00,986.5045776367189,986.5045776367189,986.5045776367189,986.5045776367188,1000,0.0,0.0
2007-07-20 00:00:00+09:00,970.0629272460938,970.0629272460938,970.0629272460938,970.0629272460938,5000,0.0,0.0
2007-07-23 00:00:00+09:00,986.5045776367189,986.5045776367189,986.5045776367189,986.5045776367188,1000,0.0,0.0
2007-07-24 00:00:00+09:00,986.5045776367189,986.5045776367189,986.5045776367189,986.5045776367188,1000,0.0,0.0
2007-07-25 00:00:00+09:00,986.5045776367189,986.5045776367189,986.5045776367189,986.5045776367188,1000,0.0,0.0
2007-07-26 00:00:00+09:00,986.5045776367189,986.5045776367189,986.5045776367189,986.5045776367188,1000,0.0,0.0
2007-07-27 00:00:00+09:00,955.265266011556,986.5045776367189,955.265266011556,986.5045776367188,4000,0.0,0.0
2007-07-30 00:00:00+09:00,986.5045776367189,986.5045776367189,986.5045776367189,986.5045776367188,1000,0.0,0.0
2007-07-31 00:00:00+09:00,986.5045776367189,986.5045776367189,986.5045776367189,986.5045776367188,4000,0.0,0.0
2007-08-01 00:00:00+09:00,986.5045776367189,986.5045776367189,986.5045776367189,986.5045776367188,1000,0.0,0.0
2007-08-02 00:00:00+09:00,986.5045776367189,986.5045776367189,986.5045776367189,986.5045776367188,1000,0.0,0.0
2007-08-03 00:00:00+09:00,986.5045776367189,986.5045776367189,986.5045776367189,986.5045776367188,1000,0.0,0.0
2007-08-06 00:00:00+09:00,986.5045776367189,986.5045776367189,986.5045776367189,986.5045776367188,1000,0.0,0.0
2007-08-07 00:00:00+09:00,986.5045776367189,986.5045776367189,986.5045776367189,986.5045776367188,1000,0.0,0.0
2007-08-08 00:00:00+09:00,986.5045776367189,986.5045776367189,986.5045776367189,986.5045776367188,1000,0.0,0.0
2007-08-09 00:00:00+09:00,1019.3883666992186,1019.3883666992186,1019.3883666992186,1019.3883666992188,1000,0.0,0.0
2007-08-10 00:00:00+09:00,1019.3883666992186,1019.3883666992186,1019.3883666992186,1019.3883666992188,1000,0.0,0.0
2007-08-13 00:00:00+09:00,954.4433641631028,954.4433641631028,953.6212768554688,953.6212768554688,5000,0.0,0.0
2007-08-14 00:00:00+09:00,953.6212768554688,953.6212768554688,953.6212768554688,953.6212768554688,1000,0.0,0.0
2007-08-15 00:00:00+09:00,953.6212768554688,953.6212768554688,953.6212768554688,953.6212768554688,1000,0.0,0.0
2007-08-16 00:00:00+09:00,953.6212768554688,953.6212768554688,953.6212768554688,953.6212768554688,1000,0.0,0.0
2007-08-17 00:00:00+09:00,953.6212768554688,953.6212768554688,953.6212768554688,953.6212768554688,1000,0.0,0.0
2007-08-20 00:00:00+09:00,945.4000854492188,945.4000854492188,945.4000854492188,945.4000854492188,2000,0.0,0.0
2007-08-21 00:00:00+09:00,945.4000854492188,945.4000854492188,945.4000854492188,945.4000854492188,1000,0.0,0.0
2007-08-22 00:00:00+09:00,945.4000854492188,945.4000854492188,945.4000854492188,945.4000854492188,1000,0.0,0.0
2007-08-23 00:00:00+09:00,945.4000854492188,945.4000854492188,945.4000854492188,945.4000854492188,1000,0.0,0.0
2007-08-24 00:00:00+09:00,953.6212768554688,953.6212768554688,953.6212768554688,953.6212768554688,1000,0.0,0.0
2007-08-27 00:00:00+09:00,953.6212768554688,953.6212768554688,953.6212768554688,953.6212768554688,1000,0.0,0.0
2007-08-28 00:00:00+09:00,953.6212768554688,953.6212768554688,953.6212768554688,953.6212768554688,1000,0.0,0.0
2007-08-29 00:00:00+09:00,953.6212768554688,953.6212768554688,953.6212768554688,953.6212768554688,1000,0.0,0.0
2007-08-30 00:00:00+09:00,953.6212768554688,953.6212768554688,953.6212768554688,953.6212768554688,1000,0.0,0.0
2007-08-31 00:00:00+09:00,953.6212768554688,953.6212768554688,953.6212768554688,953.6212768554688,1000,0.0,0.0
2007-09-03 00:00:00+09:00,936.357177734375,936.357177734375,936.357177734375,936.357177734375,1000,0.0,0.0
2007-09-04 00:00:00+09:00,936.357177734375,936.357177734375,936.357177734375,936.357177734375,1000,0.0,0.0
2007-09-05 00:00:00+09:00,936.357177734375,936.357177734375,936.357177734375,936.357177734375,1000,0.0,0.0
2007-09-06 00:00:00+09:00,936.357177734375,936.357177734375,936.357177734375,936.357177734375,1000,0.0,0.0
2007-09-07 00:00:00+09:00,936.357177734375,936.357177734375,936.357177734375,936.357177734375,1000,0.0,0.0
2007-09-10 00:00:00+09:00,903.4735717773438,903.4735717773438,903.4735717773438,903.4735717773438,0,0.0,0.0
2007-09-11 00:00:00+09:00,903.4735717773438,903.4735717773438,903.4735717773438,903.4735717773438,1000,0.0,0.0
2007-09-12 00:00:00+09:00,903.4735717773438,903.4735717773438,903.4735717773438,903.4735717773438,1000,0.0,0.0
2007-09-13 00:00:00+09:00,862.369384765625,862.369384765625,862.369384765625,862.369384765625,1000,0.0,0.0
2007-09-14 00:00:00+09:00,862.369384765625,862.369384765625,862.369384765625,862.369384765625,1000,0.0,0.0
2007-09-18 00:00:00+09:00,862.369384765625,862.369384765625,862.369384765625,862.369384765625,1000,0.0,0.0
2007-09-19 00:00:00+09:00,862.3695631045387,863.191650390625,862.3695631045387,863.191650390625,2000,0.0,0.0
2007-09-20 00:00:00+09:00,863.191650390625,863.191650390625,863.191650390625,863.191650390625,1000,0.0,0.0
2007-09-21 00:00:00+09:00,863.191650390625,863.191650390625,863.191650390625,863.191650390625,1000,0.0,0.0
2007-09-25 00:00:00+09:00,863.1915893554688,863.1915893554688,863.1915893554688,863.1915893554688,1000,4.0,0.0
2007-09-26 00:00:00+09:00,863.1915893554688,863.1915893554688,863.1915893554688,863.1915893554688,1000,0.0,0.0
2007-09-27 00:00:00+09:00,863.1915893554688,863.1915893554688,863.1915893554688,863.1915893554688,1000,0.0,0.0
2007-09-28 00:00:00+09:00,863.1915893554688,863.1915893554688,863.1915893554688,863.1915893554688,1000,0.0,0.0
2007-10-01 00:00:00+09:00,863.1915893554688,863.1915893554688,863.1915893554688,863.1915893554688,1000,0.0,0.0
2007-10-02 00:00:00+09:00,863.1915893554688,863.1915893554688,863.1915893554688,863.1915893554688,1000,0.0,0.0
2007-10-03 00:00:00+09:00,863.1915893554688,863.1915893554688,863.1915893554688,863.1915893554688,1000,0.0,0.0
2007-10-04 00:00:00+09:00,863.1915893554688,863.1915893554688,863.1915893554688,863.1915893554688,1000,0.0,0.0
2007-10-05 00:00:00+09:00,863.1915893554688,863.1915893554688,863.1915893554688,863.1915893554688,1000,0.0,0.0
2007-10-09 00:00:00+09:00,804.60009765625,804.60009765625,804.60009765625,804.60009765625,1000,0.0,0.0
2007-10-10 00:00:00+09:00,804.60009765625,804.60009765625,804.60009765625,804.60009765625,1000,0.0,0.0
2007-10-11 00:00:00+09:00,804.60009765625,804.60009765625,804.60009765625,804.60009765625,1000,0.0,0.0
2007-10-12 00:00:00+09:00,772.4160342009171,772.4160342009171,759.2123413085938,759.2123413085938,7000,0.0,0.0
2007-10-15 00:00:00+09:00,759.2123413085938,759.2123413085938,759.2123413085938,759.2123413085938,1000,0.0,0.0
2007-10-16 00:00:00+09:00,759.2123413085938,759.2123413085938,759.2123413085938,759.2123413085938,1000,0.0,0.0
2007-10-17 00:00:00+09:00,759.2123413085938,759.2123413085938,759.2123413085938,759.2123413085938,4000,0.0,0.0
2007-10-18 00:00:00+09:00,759.2123413085938,759.2123413085938,759.2123413085938,759.2123413085938,1000,0.0,0.0
2007-10-19 00:00:00+09:00,759.2123413085938,759.2123413085938,759.2123413085938,759.2123413085938,1000,0.0,0.0
2007-10-22 00:00:00+09:00,759.212380642361,759.212380642361,742.707763671875,742.707763671875,3000,0.0,0.0
2007-10-23 00:00:00+09:00,742.707763671875,742.707763671875,742.707763671875,742.707763671875,7000,0.0,0.0
2007-10-24 00:00:00+09:00,742.707763671875,742.707763671875,742.707763671875,742.707763671875,8000,0.0,0.0
2007-10-25 00:00:00+09:00,742.707763671875,742.707763671875,742.707763671875,742.707763671875,1000,0.0,0.0
2007-10-26 00:00:00+09:00,742.707763671875,742.707763671875,742.707763671875,742.707763671875,1000,0.0,0.0
2007-10-29 00:00:00+09:00,661.0098266601562,742.7076704046699,661.0098266601562,661.0098266601562,0,0.0,0.0
2007-10-30 00:00:00+09:00,742.707763671875,742.707763671875,742.707763671875,742.707763671875,1000,0.0,0.0
2007-10-31 00:00:00+09:00,742.707763671875,742.707763671875,742.707763671875,742.707763671875,1000,0.0,0.0
2007-11-01 00:00:00+09:00,742.707763671875,742.707763671875,742.707763671875,742.707763671875,1000,0.0,0.0
2007-11-02 00:00:00+09:00,742.707763671875,742.707763671875,742.707763671875,742.707763671875,1000,0.0,0.0
2007-11-05 00:00:00+09:00,718.775927464998,718.775927464998,710.5236206054688,710.5236206054688,2000,0.0,0.0
2007-11-06 00:00:00+09:00,694.8445703977361,694.8445703977361,661.8353271484375,661.8353271484375,5000,0.0,0.0
2007-11-07 00:00:00+09:00,661.8353271484375,661.8353271484375,661.8353271484375,661.8353271484375,1000,0.0,0.0
2007-11-08 00:00:00+09:00,646.1557006835938,646.1557006835938,646.1557006835938,646.1557006835938,1000,0.0,0.0
2007-11-09 00:00:00+09:00,646.1557006835938,646.1557006835938,646.1557006835938,646.1557006835938,0,0.0,0.0
2007-11-12 00:00:00+09:00,630.4765014648438,630.4765014648438,630.4765014648438,630.4765014648438,1000,0.0,0.0
2007-11-13 00:00:00+09:00,679.9902954101562,679.9902954101562,679.9902954101562,679.9902954101562,1000,0.0,0.0
2007-11-14 00:00:00+09:00,676.6892700195312,676.6892700195312,676.6892700195312,676.6892700195312,1000,0.0,0.0
2007-11-15 00:00:00+09:00,676.6892700195312,676.6892700195312,676.6892700195312,676.6892700195312,1000,0.0,0.0
2007-11-16 00:00:00+09:00,676.6892700195312,676.6892700195312,676.6892700195312,676.6892700195312,1000,0.0,0.0
2007-11-19 00:00:00+09:00,676.6892700195312,676.6892700195312,676.6892700195312,676.6892700195312,1000,0.0,0.0
2007-11-20 00:00:00+09:00,676.6892700195312,676.6892700195312,676.6892700195312,676.6892700195312,1000,0.0,0.0
2007-11-21 00:00:00+09:00,676.6892700195312,676.6892700195312,676.6892700195312,676.6892700195312,1000,0.0,0.0
2007-11-22 00:00:00+09:00,676.6892700195312,676.6892700195312,676.6892700195312,676.6892700195312,1000,0.0,0.0
2007-11-26 00:00:00+09:00,676.6892700195312,676.6892700195312,676.6892700195312,676.6892700195312,0,0.0,0.0
2007-11-27 00:00:00+09:00,676.6892700195312,676.6892700195312,676.6892700195312,676.6892700195312,1000,0.0,0.0
2007-11-28 00:00:00+09:00,676.6892700195312,676.6892700195312,676.6892700195312,676.6892700195312,1000,0.0,0.0
2007-11-29 00:00:00+09:00,676.6892700195312,676.6892700195312,676.6892700195312,676.6892700195312,1000,0.0,0.0
2007-11-30 00:00:00+09:00,676.6892700195312,676.6892700195312,676.6892700195312,676.6892700195312,1000,0.0,0.0
2007-12-03 00:00:00+09:00,676.6892700195312,676.6892700195312,676.6892700195312,676.6892700195312,1000,0.0,0.0
2007-12-04 00:00:00+09:00,676.6892700195312,676.6892700195312,676.6892700195312,676.6892700195312,1000,0.0,0.0
2007-12-05 00:00:00+09:00,676.6892700195312,676.6892700195312,676.6892700195312,676.6892700195312,1000,0.0,0.0
2007-12-06 00:00:00+09:00,643.6800537109375,643.6800537109375,643.6800537109375,643.6800537109375,1000,0.0,0.0
2007-12-07 00:00:00+09:00,643.6800537109375,643.6800537109375,643.6800537109375,643.6800537109375,1000,0.0,0.0
2007-12-10 00:00:00+09:00,643.6800537109375,643.6800537109375,643.6800537109375,643.6800537109375,1000,0.0,0.0
2007-12-11 00:00:00+09:00,643.6800537109375,643.6800537109375,643.6800537109375,643.6800537109375,1000,0.0,0.0
2007-12-12 00:00:00+09:00,643.6800537109375,643.6800537109375,643.6800537109375,643.6800537109375,1000,0.0,0.0
2007-12-13 00:00:00+09:00,643.6800537109375,643.6800537109375,643.6800537109375,643.6800537109375,1000,0.0,0.0
2007-12-14 00:00:00+09:00,651.932373046875,651.932373046875,651.932373046875,651.932373046875,1000,0.0,0.0
2007-12-17 00:00:00+09:00,659.359619140625,659.359619140625,659.359619140625,659.359619140625,2000,0.0,0.0
2007-12-18 00:00:00+09:00,659.359619140625,659.359619140625,659.359619140625,659.359619140625,0,0.0,0.0
2007-12-19 00:00:00+09:00,659.359619140625,659.359619140625,659.359619140625,659.359619140625,1000,0.0,0.0
2007-12-20 00:00:00+09:00,659.359619140625,659.359619140625,659.359619140625,659.359619140625,1000,0.0,0.0
2007-12-21 00:00:00+09:00,659.359619140625,659.359619140625,659.359619140625,659.359619140625,1000,0.0,0.0
2007-12-25 00:00:00+09:00,659.359619140625,659.359619140625,659.359619140625,659.359619140625,2000,0.0,0.0
2007-12-26 00:00:00+09:00,659.359619140625,660.1848502033791,659.359619140625,659.359619140625,0,0.0,0.0
2007-12-27 00:00:00+09:00,666.7864990234375,666.7864990234375,666.7864990234375,666.7864990234375,1000,0.0,0.0
2007-12-28 00:00:00+09:00,666.7864990234375,666.7864990234375,666.7864990234375,666.7864990234375,1000,0.0,0.0
2008-01-04 00:00:00+09:00,666.7864990234375,666.7864990234375,666.7864990234375,666.7864990234375,1000,0.0,0.0
2008-01-07 00:00:00+09:00,633.7771606445312,633.7771606445312,633.7771606445312,633.7771606445312,1000,0.0,0.0
2008-01-08 00:00:00+09:00,633.7771606445312,633.7771606445312,633.7771606445312,633.7771606445312,1000,0.0,0.0
2008-01-09 00:00:00+09:00,633.7771606445312,633.7771606445312,633.7771606445312,633.7771606445312,1000,0.0,0.0
2008-01-10 00:00:00+09:00,633.7771606445312,633.7771606445312,633.7771606445312,633.7771606445312,1000,0.0,0.0
2008-01-11 00:00:00+09:00,633.7771606445312,633.7771606445312,633.7771606445312,633.7771606445312,1000,0.0,0.0
2008-01-15 00:00:00+09:00,658.5343017578125,658.5343017578125,658.5343017578125,658.5343017578125,2000,0.0,0.0
2008-01-16 00:00:00+09:00,576.0111694335938,576.0111694335938,576.0111694335938,576.0111694335938,2000,0.0,0.0
2008-01-17 00:00:00+09:00,576.0111694335938,576.0111694335938,576.0111694335938,576.0111694335938,1000,0.0,0.0
2008-01-18 00:00:00+09:00,576.0111694335938,576.0111694335938,576.0111694335938,576.0111694335938,1000,0.0,0.0
2008-01-21 00:00:00+09:00,594.1661987304688,594.1661987304688,594.1661987304688,594.1661987304688,1000,0.0,0.0
2008-01-22 00:00:00+09:00,594.1661987304688,594.1661987304688,594.1661987304688,594.1661987304688,1000,0.0,0.0
2008-01-23 00:00:00+09:00,594.1661987304688,594.1661987304688,594.1661987304688,594.1661987304688,1000,0.0,0.0
2008-01-24 00:00:00+09:00,594.1661987304688,594.1661987304688,594.1661987304688,594.1661987304688,1000,0.0,0.0
2008-01-25 00:00:00+09:00,594.1661987304688,594.1661987304688,594.1661987304688,594.1661987304688,1000,0.0,0.0
2008-01-28 00:00:00+09:00,594.1661987304688,594.1661987304688,594.1661987304688,594.1661987304688,1000,0.0,0.0
2008-01-29 00:00:00+09:00,594.1661987304688,594.1661987304688,594.1661987304688,594.1661987304688,1000,0.0,0.0
2008-01-30 00:00:00+09:00,594.1661987304688,594.1661987304688,594.1661987304688,594.1661987304688,1000,0.0,0.0
2008-01-31 00:00:00+09:00,594.1661987304688,594.1661987304688,594.1661987304688,594.1661987304688,1000,0.0,0.0
2008-02-01 00:00:00+09:00,594.1661987304688,594.1661987304688,594.1661987304688,594.1661987304688,1000,0.0,0.0
2008-02-04 00:00:00+09:00,594.1661987304688,594.1661987304688,594.1661987304688,594.1661987304688,1000,0.0,0.0
2008-02-05 00:00:00+09:00,594.1661987304688,594.1661987304688,594.1661987304688,594.1661987304688,1000,0.0,0.0
2008-02-06 00:00:00+09:00,594.1661987304688,594.1661987304688,594.1661987304688,594.1661987304688,1000,0.0,0.0
2008-02-07 00:00:00+09:00,594.1661987304688,594.1661987304688,594.1661987304688,594.1661987304688,1000,0.0,0.0
2008-02-08 00:00:00+09:00,594.1661987304688,594.1661987304688,594.1661987304688,594.1661987304688,1000,0.0,0.0
2008-02-12 00:00:00+09:00,594.1661987304688,594.1661987304688,594.1661987304688,594.1661987304688,1000,0.0,0.0
2008-02-13 00:00:00+09:00,594.1661987304688,594.1661987304688,594.1661987304688,594.1661987304688,1000,0.0,0.0
2008-02-14 00:00:00+09:00,594.1661987304688,594.1661987304688,594.1661987304688,594.1661987304688,1000,0.0,0.0
2008-02-15 00:00:00+09:00,594.1661987304688,594.1661987304688,594.1661987304688,594.1661987304688,1000,0.0,0.0
2008-02-18 00:00:00+09:00,577.6617431640625,577.6617431640625,577.6617431640625,577.6617431640625,1000,0.0,0.0
2008-02-19 00:00:00+09:00,553.7299194335938,553.7299194335938,553.7299194335938,553.7299194335938,1000,0.0,0.0
2008-02-20 00:00:00+09:00,553.7299194335938,553.7299194335938,553.7299194335938,553.7299194335938,1000,0.0,0.0
2008-02-21 00:00:00+09:00,561.982177734375,561.982177734375,561.982177734375,561.982177734375,1000,0.0,0.0
2008-02-22 00:00:00+09:00,561.982177734375,561.982177734375,561.982177734375,561.982177734375,1000,0.0,0.0
2008-02-25 00:00:00+09:00,570.2346801757812,570.2346801757812,570.2346801757812,570.2346801757812,1000,0.0,0.0
2008-02-26 00:00:00+09:00,570.2346801757812,570.2346801757812,570.2346801757812,570.2346801757812,1000,0.0,0.0
2008-02-27 00:00:00+09:00,571.0596923828125,571.0596923828125,571.0596923828125,571.0596923828125,1000,0.0,0.0
2008-02-28 00:00:00+09:00,571.0596923828125,571.0596923828125,571.0596923828125,571.0596923828125,1000,0.0,0.0
2008-02-29 00:00:00+09:00,571.0596923828125,571.0596923828125,571.0596923828125,571.0596923828125,1000,0.0,0.0
2008-03-03 00:00:00+09:00,571.0596923828125,571.0596923828125,571.0596923828125,571.0596923828125,1000,0.0,0.0
2008-03-04 00:00:00+09:00,571.0596923828125,571.0596923828125,571.0596923828125,571.0596923828125,1000,0.0,0.0
2008-03-05 00:00:00+09:00,571.0596923828125,571.0596923828125,571.0596923828125,571.0596923828125,1000,0.0,0.0
2008-03-06 00:00:00+09:00,571.0596923828125,571.0596923828125,571.0596923828125,571.0596923828125,1000,0.0,0.0
2008-03-07 00:00:00+09:00,571.0596923828125,571.0596923828125,571.0596923828125,571.0596923828125,1000,0.0,0.0
2008-03-10 00:00:00+09:00,571.0596923828125,571.0596923828125,571.0596923828125,571.0596923828125,1000,0.0,0.0
2008-03-11 00:00:00+09:00,571.0596923828125,571.0596923828125,571.0596923828125,571.0596923828125,1000,0.0,0.0
2008-03-12 00:00:00+09:00,571.0596923828125,571.0596923828125,571.0596923828125,571.0596923828125,1000,0.0,0.0
2008-03-13 00:00:00+09:00,571.0596923828125,571.0596923828125,571.0596923828125,571.0596923828125,1000,0.0,0.0
2008-03-14 00:00:00+09:00,571.0596923828125,571.0596923828125,571.0596923828125,571.0596923828125,1000,0.0,0.0
2008-03-17 00:00:00+09:00,571.0596923828125,571.0596923828125,571.0596923828125,571.0596923828125,1000,0.0,0.0
2008-03-18 00:00:00+09:00,571.0596923828125,571.0596923828125,571.0596923828125,571.0596923828125,1000,0.0,0.0
2008-03-19 00:00:00+09:00,571.0596923828125,571.0596923828125,571.0596923828125,571.0596923828125,1000,0.0,0.0
2008-03-21 00:00:00+09:00,571.0596923828125,571.0596923828125,571.0596923828125,571.0596923828125,1000,0.0,0.0
2008-03-24 00:00:00+09:00,571.0596923828125,571.0596923828125,571.0596923828125,571.0596923828125,1000,0.0,0.0
2008-03-25 00:00:00+09:00,579.3120727539062,579.3120727539062,579.3120727539062,579.3120727539062,1000,0.0,0.0
2008-03-26 00:00:00+09:00,579.3120727539062,579.3120727539062,579.3120727539062,579.3120727539062,1000,6.0,0.0
2008-03-27 00:00:00+09:00,579.3120727539062,579.3120727539062,579.3120727539062,579.3120727539062,1000,0.0,0.0
2008-03-28 00:00:00+09:00,579.3120727539062,579.3120727539062,579.3120727539062,579.3120727539062,1000,0.0,0.0
2008-03-31 00:00:00+09:00,579.3120727539062,579.3120727539062,579.3120727539062,579.3120727539062,1000,0.0,0.0
2008-04-01 00:00:00+09:00,579.3120727539062,579.3120727539062,579.3120727539062,579.3120727539062,1000,0.0,0.0
2008-04-02 00:00:00+09:00,579.3120727539062,579.3120727539062,579.3120727539062,579.3120727539062,1000,0.0,0.0
2008-04-03 00:00:00+09:00,579.3120727539062,579.3120727539062,579.3120727539062,579.3120727539062,1000,0.0,0.0
2008-04-04 00:00:00+09:00,579.3120727539062,579.3120727539062,579.3120727539062,579.3120727539062,1000,0.0,0.0
2008-04-07 00:00:00+09:00,579.3120727539062,579.3120727539062,579.3120727539062,579.3120727539062,0,0.0,0.0
2008-04-08 00:00:00+09:00,579.3120727539062,579.3120727539062,579.3120727539062,579.3120727539062,1000,0.0,0.0
2008-04-09 00:00:00+09:00,579.3120727539062,579.3120727539062,579.3120727539062,579.3120727539062,1000,0.0,0.0
2008-04-10 00:00:00+09:00,582.641357421875,582.641357421875,582.641357421875,582.641357421875,1000,0.0,0.0
2008-04-11 00:00:00+09:00,582.641357421875,582.641357421875,582.641357421875,582.641357421875,1000,0.0,0.0
2008-04-14 00:00:00+09:00,590.1327514648438,590.1327514648438,590.1327514648438,590.1327514648438,1000,0.0,0.0
2008-04-15 00:00:00+09:00,590.1327514648438,590.1327514648438,590.1327514648438,590.1327514648438,1000,0.0,0.0
2008-04-16 00:00:00+09:00,590.1327514648438,590.1327514648438,590.1327514648438,590.1327514648438,1000,0.0,0.0
2008-04-17 00:00:00+09:00,590.1327514648438,590.1327514648438,590.1327514648438,590.1327514648438,1000,0.0,0.0
2008-04-18 00:00:00+09:00,590.1327514648438,590.1327514648438,590.1327514648438,590.1327514648438,1000,0.0,0.0
2008-04-21 00:00:00+09:00,550.179931640625,550.179931640625,550.179931640625,550.179931640625,2000,0.0,0.0
2008-04-22 00:00:00+09:00,550.179931640625,550.179931640625,550.179931640625,550.179931640625,2000,0.0,0.0
2008-04-23 00:00:00+09:00,550.179931640625,550.179931640625,550.179931640625,550.179931640625,2000,0.0,0.0
2008-04-24 00:00:00+09:00,550.179931640625,550.179931640625,550.179931640625,550.179931640625,2000,0.0,0.0
2008-04-25 00:00:00+09:00,550.179931640625,550.179931640625,550.179931640625,550.179931640625,2000,0.0,0.0
2008-04-28 00:00:00+09:00,550.179931640625,550.179931640625,550.179931640625,550.179931640625,2000,0.0,0.0
2008-04-30 00:00:00+09:00,550.179931640625,550.179931640625,550.179931640625,550.179931640625,2000,0.0,0.0
2008-05-01 00:00:00+09:00,550.179931640625,550.179931640625,550.179931640625,550.179931640625,2000,0.0,0.0
2008-05-02 00:00:00+09:00,550.179931640625,550.179931640625,550.179931640625,550.179931640625,2000,0.0,0.0
2008-05-07 00:00:00+09:00,550.179931640625,550.179931640625,550.179931640625,550.179931640625,2000,0.0,0.0
2008-05-08 00:00:00+09:00,550.179931640625,550.179931640625,550.179931640625,550.179931640625,2000,0.0,0.0
2008-05-09 00:00:00+09:00,550.179931640625,550.179931640625,550.179931640625,550.179931640625,2000,0.0,0.0
2008-05-12 00:00:00+09:00,534.3655068137429,549.3477172851562,534.3655068137429,549.3477172851562,2000,0.0,0.0
2008-05-13 00:00:00+09:00,549.3477172851562,549.3477172851562,549.3477172851562,549.3477172851562,2000,0.0,0.0
2008-05-14 00:00:00+09:00,565.9947509765625,565.9947509765625,565.9947509765625,565.9947509765625,1000,0.0,0.0
2008-05-15 00:00:00+09:00,565.9947509765625,565.9947509765625,565.9947509765625,565.9947509765625,1000,0.0,0.0
2008-05-16 00:00:00+09:00,565.9947509765625,565.9947509765625,565.9947509765625,565.9947509765625,1000,0.0,0.0
2008-05-19 00:00:00+09:00,565.9947509765625,565.9947509765625,565.9947509765625,565.9947509765625,1000,0.0,0.0
2008-05-20 00:00:00+09:00,565.9944236865942,574.31787109375,565.9944236865942,574.31787109375,3000,0.0,0.0
2008-05-21 00:00:00+09:00,574.31787109375,574.31787109375,574.31787109375,574.31787109375,1000,0.0,0.0
2008-05-22 00:00:00+09:00,574.31787109375,574.31787109375,574.31787109375,574.31787109375,1000,0.0,0.0
2008-05-23 00:00:00+09:00,574.31787109375,574.31787109375,574.31787109375,574.31787109375,1000,0.0,0.0
2008-05-26 00:00:00+09:00,590.96484375,590.96484375,590.96484375,590.96484375,1000,0.0,0.0
2008-05-27 00:00:00+09:00,590.96484375,590.96484375,590.96484375,590.96484375,1000,0.0,0.0
2008-05-28 00:00:00+09:00,590.96484375,590.96484375,590.96484375,590.96484375,1000,0.0,0.0
2008-05-29 00:00:00+09:00,565.9947509765625,565.9947509765625,565.9947509765625,565.9947509765625,1000,0.0,0.0
2008-05-30 00:00:00+09:00,565.9947509765625,565.9947509765625,565.9947509765625,565.9947509765625,1000,0.0,0.0
2008-06-02 00:00:00+09:00,565.9947509765625,565.9947509765625,565.9947509765625,565.9947509765625,1000,0.0,0.0
2008-06-03 00:00:00+09:00,565.9947509765625,565.9947509765625,565.9947509765625,565.9947509765625,1000,0.0,0.0
2008-06-04 00:00:00+09:00,565.9947509765625,565.9947509765625,565.9947509765625,565.9947509765625,1000,0.0,0.0
2008-06-05 00:00:00+09:00,565.9947509765625,565.9947509765625,565.9947509765625,565.9947509765625,1000,0.0,0.0
2008-06-06 00:00:00+09:00,557.6712036132812,557.6712036132812,557.6712036132812,557.6712036132812,2000,0.0,0.0
2008-06-09 00:00:00+09:00,574.31787109375,574.31787109375,574.31787109375,574.31787109375,1000,0.0,0.0
2008-06-10 00:00:00+09:00,574.31787109375,574.31787109375,574.31787109375,574.31787109375,1000,0.0,0.0
2008-06-11 00:00:00+09:00,574.31787109375,574.31787109375,574.31787109375,574.31787109375,1000,0.0,0.0
2008-06-12 00:00:00+09:00,574.31787109375,574.31787109375,574.31787109375,574.31787109375,1000,0.0,0.0
2008-06-13 00:00:00+09:00,574.31787109375,574.31787109375,574.31787109375,574.31787109375,1000,0.0,0.0
2008-06-16 00:00:00+09:00,574.31787109375,574.31787109375,574.31787109375,574.31787109375,1000,0.0,0.0
2008-06-17 00:00:00+09:00,574.31787109375,574.31787109375,574.31787109375,574.31787109375,1000,0.0,0.0
2008-06-18 00:00:00+09:00,574.31787109375,574.31787109375,574.31787109375,574.31787109375,1000,0.0,0.0
2008-06-19 00:00:00+09:00,574.31787109375,574.31787109375,574.31787109375,574.31787109375,1000,0.0,0.0
2008-06-20 00:00:00+09:00,574.31787109375,574.31787109375,574.31787109375,574.31787109375,1000,0.0,0.0
2008-06-23 00:00:00+09:00,574.31787109375,574.31787109375,574.31787109375,574.31787109375,1000,0.0,0.0
2008-06-24 00:00:00+09:00,590.1327514648438,590.1327514648438,590.1327514648438,590.1327514648438,14000,0.0,0.0
2008-06-25 00:00:00+09:00,590.1327514648438,590.1327514648438,590.1327514648438,590.1327514648438,14000,0.0,0.0
2008-06-26 00:00:00+09:00,590.1327514648438,590.1327514648438,590.1327514648438,590.1327514648438,14000,0.0,0.0
2008-06-27 00:00:00+09:00,590.1327514648438,590.1327514648438,590.1327514648438,590.1327514648438,14000,0.0,0.0
2008-06-30 00:00:00+09:00,590.1327514648438,590.1327514648438,590.1327514648438,590.1327514648438,2000,0.0,0.0
2008-07-01 00:00:00+09:00,611.7734985351562,611.7734985351562,611.7734985351562,611.7734985351562,1000,0.0,0.0
2008-07-02 00:00:00+09:00,611.7734985351562,611.7734985351562,611.7734985351562,611.7734985351562,3000,0.0,0.0
2008-07-03 00:00:00+09:00,611.7734985351562,611.7734985351562,611.7734985351562,611.7734985351562,2000,0.0,0.0
2008-07-04 00:00:00+09:00,611.7734985351562,611.7734985351562,611.7734985351562,611.7734985351562,2000,0.0,0.0
2008-07-07 00:00:00+09:00,611.7734985351562,611.7734985351562,611.7734985351562,611.7734985351562,2000,0.0,0.0
2008-07-08 00:00:00+09:00,611.7734985351562,611.7734985351562,611.7734985351562,611.7734985351562,2000,0.0,0.0
2008-07-09 00:00:00+09:00,611.7734985351562,611.7734985351562,611.7734985351562,611.7734985351562,2000,0.0,0.0
2008-07-10 00:00:00+09:00,611.7734985351562,611.7734985351562,611.7734985351562,611.7734985351562,2000,0.0,0.0
2008-07-11 00:00:00+09:00,627.5882857609199,627.5882857609199,587.6357158451053,590.1327514648438,4000,0.0,0.0
2008-07-14 00:00:00+09:00,591.7972412109375,591.7972412109375,591.7972412109375,591.7972412109375,1000,0.0,0.0
2008-07-15 00:00:00+09:00,591.7972412109375,591.7972412109375,591.7972412109375,591.7972412109375,1000,0.0,0.0
2008-07-16 00:00:00+09:00,615.9351196289062,615.9351196289062,615.9351196289062,615.9351196289062,2000,0.0,0.0
2008-07-17 00:00:00+09:00,615.9351196289062,615.9351196289062,615.9351196289062,615.9351196289062,2000,0.0,0.0
2008-07-18 00:00:00+09:00,607.61181640625,607.61181640625,607.61181640625,607.61181640625,2000,0.0,0.0
2008-07-22 00:00:00+09:00,607.61181640625,607.61181640625,607.61181640625,607.61181640625,2000,0.0,0.0
2008-07-23 00:00:00+09:00,607.61181640625,607.61181640625,607.61181640625,607.61181640625,2000,0.0,0.0
2008-07-24 00:00:00+09:00,607.61181640625,607.61181640625,607.61181640625,607.61181640625,2000,0.0,0.0
2008-07-25 00:00:00+09:00,582.641357421875,582.641357421875,582.641357421875,582.641357421875,1000,0.0,0.0
2008-07-28 00:00:00+09:00,582.641357421875,582.641357421875,582.641357421875,582.641357421875,1000,0.0,0.0
2008-07-29 00:00:00+09:00,582.641357421875,582.641357421875,582.641357421875,582.641357421875,1000,0.0,0.0
2008-07-30 00:00:00+09:00,582.641357421875,582.641357421875,582.641357421875,582.641357421875,1000,0.0,0.0
2008-07-31 00:00:00+09:00,582.641357421875,582.641357421875,582.641357421875,582.641357421875,1000,0.0,0.0
2008-08-01 00:00:00+09:00,582.641357421875,582.641357421875,582.641357421875,582.641357421875,1000,0.0,0.0
2008-08-04 00:00:00+09:00,582.641357421875,582.641357421875,582.641357421875,582.641357421875,1000,0.0,0.0
2008-08-05 00:00:00+09:00,582.641357421875,582.641357421875,582.641357421875,582.641357421875,1000,0.0,0.0
2008-08-06 00:00:00+09:00,582.641357421875,582.641357421875,582.641357421875,582.641357421875,1000,0.0,0.0
2008-08-07 00:00:00+09:00,582.641357421875,582.641357421875,582.641357421875,582.641357421875,1000,0.0,0.0
2008-08-08 00:00:00+09:00,582.641357421875,582.641357421875,582.641357421875,582.641357421875,1000,0.0,0.0
2008-08-11 00:00:00+09:00,582.641357421875,582.641357421875,582.641357421875,582.641357421875,1000,0.0,0.0
2008-08-12 00:00:00+09:00,582.641357421875,582.641357421875,582.641357421875,582.641357421875,1000,0.0,0.0
2008-08-13 00:00:00+09:00,582.641357421875,582.641357421875,582.641357421875,582.641357421875,1000,0.0,0.0
2008-08-14 00:00:00+09:00,582.641357421875,582.641357421875,582.641357421875,582.641357421875,1000,0.0,0.0
2008-08-15 00:00:00+09:00,582.641357421875,582.641357421875,582.641357421875,582.641357421875,1000,0.0,0.0
2008-08-18 00:00:00+09:00,582.641357421875,582.641357421875,582.641357421875,582.641357421875,1000,0.0,0.0
2008-08-19 00:00:00+09:00,582.641357421875,582.641357421875,582.641357421875,582.641357421875,1000,0.0,0.0
2008-08-20 00:00:00+09:00,582.641357421875,582.641357421875,582.641357421875,582.641357421875,1000,0.0,0.0
2008-08-21 00:00:00+09:00,590.96484375,590.96484375,590.96484375,590.96484375,1000,0.0,0.0
2008-08-22 00:00:00+09:00,590.96484375,590.96484375,590.96484375,590.96484375,1000,0.0,0.0
2008-08-25 00:00:00+09:00,590.96484375,590.96484375,590.96484375,590.96484375,0,0.0,0.0
2008-08-26 00:00:00+09:00,590.96484375,590.96484375,590.96484375,590.96484375,0,0.0,0.0
2008-08-27 00:00:00+09:00,590.96484375,590.96484375,590.96484375,590.96484375,0,0.0,0.0
2008-08-28 00:00:00+09:00,590.96484375,590.96484375,590.96484375,590.96484375,0,0.0,0.0
2008-08-29 00:00:00+09:00,590.96484375,590.96484375,590.96484375,590.96484375,0,0.0,0.0
2008-09-01 00:00:00+09:00,590.96484375,590.96484375,590.96484375,590.96484375,0,0.0,0.0
2008-09-02 00:00:00+09:00,590.96484375,590.96484375,590.96484375,590.96484375,0,0.0,0.0
2008-09-03 00:00:00+09:00,581.80908203125,581.80908203125,581.80908203125,581.80908203125,0,0.0,0.0
2008-09-04 00:00:00+09:00,581.80908203125,581.80908203125,581.80908203125,581.80908203125,0,0.0,0.0
2008-09-05 00:00:00+09:00,581.80908203125,581.80908203125,581.80908203125,581.80908203125,1000,0.0,0.0
2008-09-08 00:00:00+09:00,581.80908203125,581.80908203125,581.80908203125,581.80908203125,1000,0.0,0.0
2008-09-09 00:00:00+09:00,581.80908203125,581.80908203125,581.80908203125,581.80908203125,1000,0.0,0.0
2008-09-10 00:00:00+09:00,581.80908203125,581.80908203125,581.80908203125,581.80908203125,1000,0.0,0.0
2008-09-11 00:00:00+09:00,582.641357421875,582.641357421875,582.641357421875,582.641357421875,40000,0.0,0.0
2008-09-12 00:00:00+09:00,570.1563110351562,570.1563110351562,570.1563110351562,570.1563110351562,40000,0.0,0.0
2008-09-16 00:00:00+09:00,521.0479125976562,521.0479125976562,521.0479125976562,521.0479125976562,1000,0.0,0.0
2008-09-17 00:00:00+09:00,521.0479125976562,521.0479125976562,521.0479125976562,521.0479125976562,1000,0.0,0.0
2008-09-18 00:00:00+09:00,521.0479125976562,521.0479125976562,521.0479125976562,521.0479125976562,1000,0.0,0.0
2008-09-19 00:00:00+09:00,541.8565759277343,541.8565759277343,541.0242309570312,541.0242309570312,3000,0.0,0.0
2008-09-22 00:00:00+09:00,558.50341796875,558.50341796875,558.50341796875,558.50341796875,3000,0.0,0.0
2008-09-24 00:00:00+09:00,565.1622314453125,565.1622314453125,565.1622314453125,565.1622314453125,1000,0.0,0.0
2008-09-25 00:00:00+09:00,567.6741943359375,567.6741943359375,567.6741943359375,567.6741943359375,1000,4.0,0.0
2008-09-26 00:00:00+09:00,567.6741943359375,567.6741943359375,567.6741943359375,567.6741943359375,1000,0.0,0.0
2008-09-29 00:00:00+09:00,567.6741943359375,567.6741943359375,567.6741943359375,567.6741943359375,1000,0.0,0.0
2008-09-30 00:00:00+09:00,567.6741943359375,567.6741943359375,567.6741943359375,567.6741943359375,1000,0.0,0.0
2008-10-01 00:00:00+09:00,567.6741943359375,567.6741943359375,567.6741943359375,567.6741943359375,1000,0.0,0.0
2008-10-02 00:00:00+09:00,567.6741943359375,567.6741943359375,567.6741943359375,567.6741943359375,1000,0.0,0.0
2008-10-03 00:00:00+09:00,517.4373779296875,517.4373779296875,517.4373779296875,517.4373779296875,1000,0.0,0.0
2008-10-06 00:00:00+09:00,517.4373779296875,517.4373779296875,517.4373779296875,517.4373779296875,1000,0.0,0.0
2008-10-07 00:00:00+09:00,517.4373779296875,517.4373779296875,517.4373779296875,517.4373779296875,1000,0.0,0.0
2008-10-08 00:00:00+09:00,452.12982177734375,452.12982177734375,452.12982177734375,452.12982177734375,2000,0.0,0.0
2008-10-09 00:00:00+09:00,452.12982177734375,452.12982177734375,452.12982177734375,452.12982177734375,2000,0.0,0.0
2008-10-10 00:00:00+09:00,452.12982177734375,452.12982177734375,452.12982177734375,452.12982177734375,2000,0.0,0.0
2008-10-14 00:00:00+09:00,452.12973201976104,469.7125549316406,452.12973201976104,469.7125549316406,2000,0.0,0.0
2008-10-15 00:00:00+09:00,452.12973201976104,469.7125549316406,452.12973201976104,469.7125549316406,2000,0.0,0.0
2008-10-16 00:00:00+09:00,437.0587158203125,437.0587158203125,437.0587158203125,437.0587158203125,140000,0.0,0.0
2008-10-17 00:00:00+09:00,460.50244140625,460.50244140625,460.50244140625,460.50244140625,140000,0.0,0.0
2008-10-20 00:00:00+09:00,460.50244140625,460.50244140625,460.50244140625,460.50244140625,140000,0.0,0.0
2008-10-21 00:00:00+09:00,460.50244140625,460.50244140625,460.50244140625,460.50244140625,1000,0.0,0.0
2008-10-22 00:00:00+09:00,460.50244140625,460.50244140625,460.50244140625,460.50244140625,1000,0.0,0.0
2008-10-23 00:00:00+09:00,460.50244140625,460.50244140625,460.50244140625,460.50244140625,1000,0.0,0.0
2008-10-24 00:00:00+09:00,460.50244140625,460.50244140625,460.50244140625,460.50244140625,1000,0.0,0.0
2008-10-27 00:00:00+09:00,460.50244140625,460.50244140625,460.50244140625,460.50244140625,1000,0.0,0.0
2008-10-28 00:00:00+09:00,460.50244140625,460.50244140625,460.50244140625,460.50244140625,1000,0.0,0.0
2008-10-29 00:00:00+09:00,468.87542724609375,468.87542724609375,468.87542724609375,468.87542724609375,3000,0.0,0.0
2008-10-30 00:00:00+09:00,468.87542724609375,468.87542724609375,468.87542724609375,468.87542724609375,3000,0.0,0.0
2008-10-31 00:00:00+09:00,468.87542724609375,468.87542724609375,468.87542724609375,468.87542724609375,3000,0.0,0.0
2008-11-04 00:00:00+09:00,427.01141357421875,427.01141357421875,427.01141357421875,427.01141357421875,3000,0.0,0.0
2008-11-05 00:00:00+09:00,427.01141357421875,427.01141357421875,427.01141357421875,427.01141357421875,3000,0.0,0.0
2008-11-06 00:00:00+09:00,427.01141357421875,427.01141357421875,427.01141357421875,427.01141357421875,1000,0.0,0.0
2008-11-07 00:00:00+09:00,427.01141357421875,427.01141357421875,427.01141357421875,427.01141357421875,1000,0.0,0.0
2008-11-10 00:00:00+09:00,427.01141357421875,427.01141357421875,427.01141357421875,427.01141357421875,1000,0.0,0.0
2008-11-11 00:00:00+09:00,427.01141357421875,427.01141357421875,427.01141357421875,427.01141357421875,1000,0.0,0.0
2008-11-12 00:00:00+09:00,427.01141357421875,427.01141357421875,427.01141357421875,427.01141357421875,1000,0.0,0.0
2008-11-13 00:00:00+09:00,385.9848937988281,385.9848937988281,385.9848937988281,385.9848937988281,1000,0.0,0.0
2008-11-14 00:00:00+09:00,381.798583984375,381.798583984375,381.798583984375,381.798583984375,1000,0.0,0.0
2008-11-17 00:00:00+09:00,381.798583984375,381.798583984375,381.798583984375,381.798583984375,1000,0.0,0.0
2008-11-18 00:00:00+09:00,381.79853152011304,393.5204162597656,381.79853152011304,393.5204162597656,1000,0.0,0.0
2008-11-19 00:00:00+09:00,393.5204162597656,393.5204162597656,393.5204162597656,393.5204162597656,1000,0.0,0.0
2008-11-20 00:00:00+09:00,393.52036812379185,406.07952880859375,393.52036812379185,406.07952880859375,1000,0.0,0.0
2008-11-21 00:00:00+09:00,406.07952880859375,406.07952880859375,406.07952880859375,406.07952880859375,1000,0.0,0.0
2008-11-25 00:00:00+09:00,405.2422790527344,405.2422790527344,405.2422790527344,405.2422790527344,1000,0.0,0.0
2008-11-26 00:00:00+09:00,405.2422790527344,405.2422790527344,405.2422790527344,405.2422790527344,1000,0.0,0.0
2008-11-27 00:00:00+09:00,405.2422790527344,405.2422790527344,405.2422790527344,405.2422790527344,1000,0.0,0.0
2008-11-28 00:00:00+09:00,405.2422790527344,405.2422790527344,405.2422790527344,405.2422790527344,1000,0.0,0.0
2008-12-01 00:00:00+09:00,405.2422790527344,405.2422790527344,405.2422790527344,405.2422790527344,1000,0.0,0.0
2008-12-02 00:00:00+09:00,388.49672819082593,388.49672819082593,377.61212158203125,377.61212158203125,2000,0.0,0.0
2008-12-03 00:00:00+09:00,377.61212158203125,377.61212158203125,377.61212158203125,377.61212158203125,2000,0.0,0.0
2008-12-04 00:00:00+09:00,377.61212158203125,377.61212158203125,377.61212158203125,377.61212158203125,2000,0.0,0.0
2008-12-05 00:00:00+09:00,377.61212158203125,377.61212158203125,377.61212158203125,377.61212158203125,2000,0.0,0.0
2008-12-08 00:00:00+09:00,377.61212158203125,377.61212158203125,377.61212158203125,377.61212158203125,2000,0.0,0.0
2008-12-09 00:00:00+09:00,377.61212158203125,377.61212158203125,377.61212158203125,377.61212158203125,2000,0.0,0.0
2008-12-10 00:00:00+09:00,377.61212158203125,377.61212158203125,377.61212158203125,377.61212158203125,2000,0.0,0.0
2008-12-11 00:00:00+09:00,385.9848937988281,385.9848937988281,385.9848937988281,385.9848937988281,2000,0.0,0.0
2008-12-12 00:00:00+09:00,394.3576965332031,394.3576965332031,394.3576965332031,394.3576965332031,2000,0.0,0.0
2008-12-15 00:00:00+09:00,402.7304382324219,402.7304382324219,402.7304382324219,402.7304382324219,2000,0.0,0.0
2008-12-16 00:00:00+09:00,411.10321044921875,411.10321044921875,411.10321044921875,411.10321044921875,1000,0.0,0.0
2008-12-17 00:00:00+09:00,411.10321044921875,411.10321044921875,411.10321044921875,411.10321044921875,1000,0.0,0.0
2008-12-18 00:00:00+09:00,411.10321044921875,411.10321044921875,411.10321044921875,411.10321044921875,1000,0.0,0.0
2008-12-19 00:00:00+09:00,411.10321044921875,411.10321044921875,411.10321044921875,411.10321044921875,1000,0.0,0.0
2008-12-22 00:00:00+09:00,411.10314522537533,427.01141357421875,411.10314522537533,427.01141357421875,1000,0.0,0.0
2008-12-24 00:00:00+09:00,435.38421630859375,452.12976308969354,435.38421630859375,435.38421630859375,2000,0.0,0.0
2008-12-25 00:00:00+09:00,435.38421630859375,435.38421630859375,435.38421630859375,435.38421630859375,2000,0.0,0.0
2008-12-26 00:00:00+09:00,435.38421630859375,435.38421630859375,435.38421630859375,435.38421630859375,2000,0.0,0.0
2008-12-29 00:00:00+09:00,435.38421630859375,435.38421630859375,435.38421630859375,435.38421630859375,2000,0.0,0.0
2008-12-30 00:00:00+09:00,435.38421630859375,435.38421630859375,435.38421630859375,435.38421630859375,2000,0.0,0.0
2009-01-05 00:00:00+09:00,435.38421630859375,435.38421630859375,435.38421630859375,435.38421630859375,2000,0.0,0.0
2009-01-06 00:00:00+09:00,435.38421630859375,435.38421630859375,435.38421630859375,435.38421630859375,2000,0.0,0.0
2009-01-07 00:00:00+09:00,435.38421630859375,435.38421630859375,435.38421630859375,435.38421630859375,2000,0.0,0.0
2009-01-08 00:00:00+09:00,418.6387023925781,418.6387023925781,418.6387023925781,418.6387023925781,1000,0.0,0.0
2009-01-09 00:00:00+09:00,418.6387023925781,418.6387023925781,418.6387023925781,418.6387023925781,0,0.0,0.0
2009-01-13 00:00:00+09:00,418.6387023925781,418.6387023925781,418.6387023925781,418.6387023925781,1000,0.0,0.0
2009-01-14 00:00:00+09:00,418.6387023925781,418.6387023925781,418.6387023925781,418.6387023925781,1000,0.0,0.0
2009-01-15 00:00:00+09:00,418.6387023925781,418.6387023925781,418.6387023925781,418.6387023925781,1000,0.0,0.0
2009-01-16 00:00:00+09:00,418.6387023925781,418.6387023925781,418.6387023925781,418.6387023925781,1000,0.0,0.0
2009-01-19 00:00:00+09:00,418.6387023925781,418.6387023925781,418.6387023925781,418.6387023925781,1000,0.0,0.0
2009-01-20 00:00:00+09:00,418.6386849116353,431.1978454589844,418.6386849116353,431.1978454589844,1000,0.0,0.0
2009-01-21 00:00:00+09:00,437.8960266113281,437.8960266113281,437.8960266113281,437.8960266113281,1000,0.0,0.0
2009-01-22 00:00:00+09:00,437.8960266113281,437.8960266113281,437.8960266113281,437.8960266113281,1000,0.0,0.0
2009-01-23 00:00:00+09:00,437.8960266113281,437.8960266113281,437.8960266113281,437.8960266113281,1000,0.0,0.0
2009-01-26 00:00:00+09:00,437.8960266113281,437.8960266113281,437.8960266113281,437.8960266113281,0,0.0,0.0
2009-01-27 00:00:00+09:00,437.8960266113281,437.8960266113281,437.8960266113281,437.8960266113281,1000,0.0,0.0
2009-01-28 00:00:00+09:00,437.8960266113281,437.8960266113281,437.8960266113281,437.8960266113281,1000,0.0,0.0
2009-01-29 00:00:00+09:00,437.8960266113281,437.8960266113281,437.8960266113281,437.8960266113281,1000,0.0,0.0
2009-01-30 00:00:00+09:00,437.8960266113281,437.8960266113281,437.8960266113281,437.8960266113281,1000,0.0,0.0
2009-02-02 00:00:00+09:00,437.8960266113281,437.8960266113281,437.8960266113281,437.8960266113281,1000,0.0,0.0
2009-02-03 00:00:00+09:00,437.8960266113281,437.8960266113281,437.8960266113281,437.8960266113281,1000,0.0,0.0
2009-02-04 00:00:00+09:00,437.8960266113281,437.8960266113281,437.8960266113281,437.8960266113281,1000,0.0,0.0
2009-02-05 00:00:00+09:00,437.8960266113281,437.8960266113281,437.8960266113281,437.8960266113281,1000,0.0,0.0
2009-02-06 00:00:00+09:00,437.8960266113281,437.8960266113281,437.8960266113281,437.8960266113281,1000,0.0,0.0
2009-02-09 00:00:00+09:00,437.8960266113281,437.8960266113281,437.8960266113281,437.8960266113281,1000,0.0,0.0
2009-02-10 00:00:00+09:00,437.8960266113281,437.8960266113281,437.8960266113281,437.8960266113281,1000,0.0,0.0
2009-02-12 00:00:00+09:00,437.8960266113281,437.8960266113281,437.8960266113281,437.8960266113281,1000,0.0,0.0
2009-02-13 00:00:00+09:00,437.8960266113281,437.8960266113281,437.8960266113281,437.8960266113281,1000,0.0,0.0
2009-02-16 00:00:00+09:00,437.8960266113281,437.8960266113281,437.8960266113281,437.8960266113281,1000,0.0,0.0
2009-02-17 00:00:00+09:00,437.8960266113281,437.8960266113281,437.8960266113281,437.8960266113281,1000,0.0,0.0
2009-02-18 00:00:00+09:00,437.89599665086604,437.89599665086604,412.7776794433594,412.7776794433594,2000,0.0,0.0
2009-02-19 00:00:00+09:00,421.1504821777344,421.1504821777344,421.1504821777344,421.1504821777344,2000,0.0,0.0
2009-02-20 00:00:00+09:00,421.1504821777344,421.1504821777344,421.1504821777344,421.1504821777344,1000,0.0,0.0
2009-02-23 00:00:00+09:00,418.6387023925781,418.6387023925781,418.6387023925781,418.6387023925781,1000,0.0,0.0
2009-02-24 00:00:00+09:00,418.6387023925781,418.6387023925781,418.6387023925781,418.6387023925781,1000,0.0,0.0
2009-02-25 00:00:00+09:00,418.6387023925781,418.6387023925781,418.6387023925781,418.6387023925781,1000,0.0,0.0
2009-02-26 00:00:00+09:00,418.6387023925781,418.6387023925781,418.6387023925781,418.6387023925781,1000,0.0,0.0
2009-02-27 00:00:00+09:00,406.079512926997,410.2658996582031,401.8931261957908,410.2658996582031,7000,0.0,0.0
2009-03-02 00:00:00+09:00,410.2658996582031,410.2658996582031,410.2658996582031,410.2658996582031,6000,0.0,0.0
2009-03-03 00:00:00+09:00,410.2658996582031,410.2658996582031,410.2658996582031,410.2658996582031,6000,0.0,0.0
2009-03-04 00:00:00+09:00,410.2658996582031,410.2658996582031,410.2658996582031,410.2658996582031,6000,0.0,0.0
2009-03-05 00:00:00+09:00,410.2658996582031,410.2658996582031,410.2658996582031,410.2658996582031,6000,0.0,0.0
2009-03-06 00:00:00+09:00,410.2658996582031,410.2658996582031,410.2658996582031,410.2658996582031,6000,0.0,0.0
2009-03-09 00:00:00+09:00,410.2658996582031,410.2658996582031,410.2658996582031,410.2658996582031,6000,0.0,0.0
2009-03-10 00:00:00+09:00,410.2659493905527,452.12982177734375,410.2659493905527,452.12982177734375,5000,0.0,0.0
2009-03-11 00:00:00+09:00,452.12982177734375,452.12982177734375,452.12982177734375,452.12982177734375,5000,0.0,0.0
2009-03-12 00:00:00+09:00,452.12966974431816,460.50244140625,452.12966974431816,460.50244140625,3000,0.0,0.0
2009-03-13 00:00:00+09:00,460.50244140625,460.50244140625,460.50244140625,460.50244140625,3000,0.0,0.0
2009-03-16 00:00:00+09:00,460.50244140625,460.50244140625,460.50244140625,460.50244140625,3000,0.0,0.0
2009-03-17 00:00:00+09:00,458.82800292968756,458.82800292968756,458.82800292968756,458.8280029296875,4000,0.0,0.0
2009-03-18 00:00:00+09:00,458.82800292968756,458.82800292968756,458.82800292968756,458.8280029296875,0,0.0,0.0
2009-03-19 00:00:00+09:00,458.82800292968756,458.82800292968756,458.82800292968756,458.8280029296875,1000,0.0,0.0
2009-03-23 00:00:00+09:00,456.3160095214844,456.3160095214844,456.3160095214844,456.3160095214844,2000,0.0,0.0
2009-03-24 00:00:00+09:00,456.3160095214844,456.3160095214844,456.3160095214844,456.3160095214844,0,0.0,0.0
2009-03-25 00:00:00+09:00,456.3160095214844,456.3160095214844,456.3160095214844,456.3160095214844,0,0.0,0.0
2009-03-26 00:00:00+09:00,456.3160095214844,456.3160095214844,456.3160095214844,456.3160095214844,0,6.0,0.0
2009-03-27 00:00:00+09:00,456.3160095214844,456.3160095214844,456.3160095214844,456.3160095214844,0,0.0,0.0
2009-03-30 00:00:00+09:00,456.3160095214844,456.3160095214844,456.3160095214844,456.3160095214844,0,0.0,0.0
2009-03-31 00:00:00+09:00,461.3957214355469,456.3161355114858,456.3161355114858,461.3957214355469,0,0.0,0.0
2009-04-01 00:00:00+09:00,456.3160095214844,456.3160095214844,456.3160095214844,456.3160095214844,0,0.0,0.0
2009-04-02 00:00:00+09:00,456.3160095214844,456.3160095214844,456.3160095214844,456.3160095214844,0,0.0,0.0
2009-04-03 00:00:00+09:00,456.3160095214844,456.3160095214844,456.3160095214844,456.3160095214844,0,0.0,0.0
2009-04-06 00:00:00+09:00,456.3160095214844,456.3160095214844,456.3160095214844,456.3160095214844,0,0.0,0.0
2009-04-07 00:00:00+09:00,456.3160095214844,456.3160095214844,456.3160095214844,456.3160095214844,0,0.0,0.0
2009-04-08 00:00:00+09:00,456.3160095214844,456.3160095214844,456.3160095214844,456.3160095214844,2000,0.0,0.0
2009-04-09 00:00:00+09:00,456.3160095214844,456.3160095214844,456.3160095214844,456.3160095214844,2000,0.0,0.0
2009-04-10 00:00:00+09:00,456.3160095214844,456.3160095214844,456.3160095214844,456.3160095214844,2000,0.0,0.0
2009-04-13 00:00:00+09:00,424.1453857421875,424.1453857421875,424.1453857421875,424.1453857421875,2000,0.0,0.0
2009-04-14 00:00:00+09:00,424.1453857421875,424.1453857421875,424.1453857421875,424.1453857421875,2000,0.0,0.0
2009-04-15 00:00:00+09:00,424.1453857421875,424.1453857421875,424.1453857421875,424.1453857421875,2000,0.0,0.0
2009-04-16 00:00:00+09:00,424.1453857421875,424.1453857421875,424.1453857421875,424.1453857421875,2000,0.0,0.0
2009-04-17 00:00:00+09:00,424.1453857421875,424.1453857421875,424.1453857421875,424.1453857421875,2000,0.0,0.0
2009-04-20 00:00:00+09:00,424.1453857421875,424.1453857421875,424.1453857421875,424.1453857421875,2000,0.0,0.0
2009-04-21 00:00:00+09:00,424.1453857421875,424.1453857421875,424.1453857421875,424.1453857421875,2000,0.0,0.0
2009-04-22 00:00:00+09:00,424.1453857421875,424.1453857421875,424.1453857421875,424.1453857421875,2000,0.0,0.0
2009-04-23 00:00:00+09:00,424.1453857421875,424.1453857421875,424.1453857421875,424.1453857421875,2000,0.0,0.0
2009-04-24 00:00:00+09:00,424.1453857421875,424.1453857421875,424.1453857421875,424.1453857421875,2000,0.0,0.0
2009-04-27 00:00:00+09:00,424.1453857421875,424.1453857421875,424.1453857421875,424.1453857421875,2000,0.0,0.0
2009-04-28 00:00:00+09:00,424.1453857421875,424.1453857421875,424.1453857421875,424.1453857421875,2000,0.0,0.0
2009-04-30 00:00:00+09:00,424.1453857421875,424.1453857421875,424.1453857421875,424.1453857421875,2000,0.0,0.0
2009-05-01 00:00:00+09:00,424.1453857421875,424.1453857421875,424.1453857421875,424.1453857421875,2000,0.0,0.0
2009-05-07 00:00:00+09:00,424.1453857421875,424.1453857421875,424.1453857421875,424.1453857421875,2000,0.0,0.0
2009-05-08 00:00:00+09:00,424.1453857421875,424.1453857421875,424.1453857421875,424.1453857421875,2000,0.0,0.0
2009-05-11 00:00:00+09:00,424.1453857421875,424.1453857421875,424.1453857421875,424.1453857421875,1000,0.0,0.0
2009-05-12 00:00:00+09:00,424.1453857421875,424.1453857421875,424.1453857421875,424.1453857421875,1000,0.0,0.0
2009-05-13 00:00:00+09:00,424.1453857421875,424.1453857421875,424.1453857421875,424.1453857421875,1000,0.0,0.0
2009-05-14 00:00:00+09:00,424.1453857421875,424.1453857421875,424.1453857421875,424.1453857421875,1000,0.0,0.0
2009-05-15 00:00:00+09:00,424.1453857421875,424.1453857421875,424.1453857421875,424.1453857421875,1000,0.0,0.0
2009-05-18 00:00:00+09:00,424.1453857421875,424.1453857421875,424.1453857421875,424.1453857421875,1000,0.0,0.0
2009-05-19 00:00:00+09:00,424.1453857421875,424.1453857421875,424.1453857421875,424.1453857421875,1000,0.0,0.0
2009-05-20 00:00:00+09:00,424.1453857421875,424.1453857421875,424.1453857421875,424.1453857421875,1000,0.0,0.0
2009-05-21 00:00:00+09:00,424.145526966527,441.0774841308594,424.145526966527,441.0774841308594,1000,0.0,0.0
2009-05-22 00:00:00+09:00,441.0774841308594,441.0774841308594,441.0774841308594,441.0774841308594,2000,0.0,0.0
2009-05-25 00:00:00+09:00,441.0774841308594,441.0774841308594,441.0774841308594,441.0774841308594,2000,0.0,0.0
2009-05-26 00:00:00+09:00,441.0774841308594,441.0774841308594,441.0774841308594,441.0774841308594,2000,0.0,0.0
2009-05-27 00:00:00+09:00,441.0774841308594,441.0774841308594,441.0774841308594,441.0774841308594,2000,0.0,0.0
2009-05-28 00:00:00+09:00,441.0774841308594,441.0774841308594,441.0774841308594,441.0774841308594,2000,0.0,0.0
2009-05-29 00:00:00+09:00,441.0774841308594,441.0774841308594,441.0774841308594,441.0774841308594,2000,0.0,0.0
2009-06-01 00:00:00+09:00,441.0774841308594,441.0774841308594,441.0774841308594,441.0774841308594,2000,0.0,0.0
2009-06-02 00:00:00+09:00,441.0774841308594,441.0774841308594,441.0774841308594,441.0774841308594,2000,0.0,0.0
2009-06-03 00:00:00+09:00,441.0774841308594,441.0774841308594,441.0774841308594,441.0774841308594,2000,0.0,0.0
2009-06-04 00:00:00+09:00,441.0774841308594,441.0774841308594,441.0774841308594,441.0774841308594,2000,0.0,0.0
2009-06-05 00:00:00+09:00,441.0774841308594,441.0774841308594,441.0774841308594,441.0774841308594,2000,0.0,0.0
2009-06-08 00:00:00+09:00,441.0774841308594,441.0774841308594,441.0774841308594,441.0774841308594,2000,0.0,0.0
2009-06-09 00:00:00+09:00,441.0774841308594,441.0774841308594,441.0774841308594,441.0774841308594,2000,0.0,0.0
2009-06-10 00:00:00+09:00,441.0774841308594,441.0774841308594,441.0774841308594,441.0774841308594,2000,0.0,0.0
2009-06-11 00:00:00+09:00,441.0774841308594,441.0774841308594,441.0774841308594,441.0774841308594,2000,0.0,0.0
2009-06-12 00:00:00+09:00,441.0774841308594,441.0774841308594,441.0774841308594,441.0774841308594,2000,0.0,0.0
2009-06-15 00:00:00+09:00,441.0774841308594,441.0774841308594,441.0774841308594,441.0774841308594,2000,0.0,0.0
2009-06-16 00:00:00+09:00,441.0774841308594,441.0774841308594,441.0774841308594,441.0774841308594,2000,0.0,0.0
2009-06-17 00:00:00+09:00,441.0774841308594,441.0774841308594,441.0774841308594,441.0774841308594,2000,0.0,0.0
2009-06-18 00:00:00+09:00,441.0774841308594,441.0774841308594,441.0774841308594,441.0774841308594,2000,0.0,0.0
2009-06-19 00:00:00+09:00,441.0774841308594,441.0774841308594,441.0774841308594,441.0774841308594,2000,0.0,0.0
2009-06-22 00:00:00+09:00,441.0774841308594,441.0774841308594,441.0774841308594,441.0774841308594,2000,0.0,0.0
2009-06-23 00:00:00+09:00,441.0774841308594,441.0774841308594,441.0774841308594,441.0774841308594,2000,0.0,0.0
2009-06-24 00:00:00+09:00,441.0774841308594,441.0774841308594,441.0774841308594,441.0774841308594,2000,0.0,0.0
2009-06-25 00:00:00+09:00,441.0774841308594,441.0774841308594,441.0774841308594,441.0774841308594,2000,0.0,0.0
2009-06-26 00:00:00+09:00,441.0774841308594,441.0774841308594,441.0774841308594,441.0774841308594,2000,0.0,0.0
2009-06-29 00:00:00+09:00,441.0774841308594,441.0774841308594,441.0774841308594,441.0774841308594,2000,0.0,0.0
2009-06-30 00:00:00+09:00,450.38995361328125,450.38995361328125,450.38995361328125,450.38995361328125,2000,0.0,0.0
2009-07-01 00:00:00+09:00,459.7024841308594,459.7024841308594,459.7024841308594,459.7024841308594,2000,0.0,0.0
2009-07-02 00:00:00+09:00,459.7024841308594,459.7024841308594,459.7024841308594,459.7024841308594,2000,0.0,0.0
2009-07-03 00:00:00+09:00,459.7024841308594,459.7024841308594,459.7024841308594,459.7024841308594,2000,0.0,0.0
2009-07-06 00:00:00+09:00,459.7024841308594,459.7024841308594,459.7024841308594,459.7024841308594,2000,0.0,0.0
2009-07-07 00:00:00+09:00,459.7024841308594,459.7024841308594,459.7024841308594,459.7024841308594,2000,0.0,0.0
2009-07-08 00:00:00+09:00,459.7024841308594,459.7024841308594,459.7024841308594,459.7024841308594,2000,0.0,0.0
2009-07-09 00:00:00+09:00,459.7024841308594,459.7024841308594,459.7024841308594,459.7024841308594,2000,0.0,0.0
2009-07-10 00:00:00+09:00,459.7024841308594,459.7024841308594,459.7024841308594,459.7024841308594,2000,0.0,0.0
2009-07-13 00:00:00+09:00,459.7024841308594,459.7024841308594,459.7024841308594,459.7024841308594,2000,0.0,0.0
2009-07-14 00:00:00+09:00,459.7024841308594,459.7024841308594,459.7024841308594,459.7024841308594,2000,0.0,0.0
2009-07-15 00:00:00+09:00,459.7024841308594,459.7024841308594,459.7024841308594,459.7024841308594,2000,0.0,0.0
2009-07-16 00:00:00+09:00,459.7024841308594,459.7024841308594,459.7024841308594,459.7024841308594,2000,0.0,0.0
2009-07-17 00:00:00+09:00,459.7024841308594,459.7024841308594,459.7024841308594,459.7024841308594,2000,0.0,0.0
2009-07-21 00:00:00+09:00,459.7025524242504,469.8617248535156,459.7025524242504,469.8617248535156,2000,0.0,0.0
2009-07-22 00:00:00+09:00,469.8617248535156,469.8617248535156,469.8617248535156,469.8617248535156,2000,0.0,0.0
2009-07-23 00:00:00+09:00,469.8617248535156,469.8617248535156,469.8617248535156,469.8617248535156,2000,0.0,0.0
2009-07-24 00:00:00+09:00,469.8617248535156,469.8617248535156,469.8617248535156,469.8617248535156,2000,0.0,0.0
2009-07-27 00:00:00+09:00,478.32769775390625,478.32769775390625,478.32769775390625,478.32769775390625,4000,0.0,0.0
2009-07-28 00:00:00+09:00,478.32769775390625,478.32769775390625,478.32769775390625,478.32769775390625,4000,0.0,0.0
2009-07-29 00:00:00+09:00,478.32769775390625,478.32769775390625,478.32769775390625,478.32769775390625,4000,0.0,0.0
2009-07-30 00:00:00+09:00,478.32769775390625,478.32769775390625,478.32769775390625,478.32769775390625,4000,0.0,0.0
2009-07-31 00:00:00+09:00,478.32769775390625,478.32769775390625,478.32769775390625,478.32769775390625,4000,0.0,0.0
2009-08-03 00:00:00+09:00,478.32769775390625,478.32769775390625,478.32769775390625,478.32769775390625,0,0.0,0.0
2009-08-04 00:00:00+09:00,478.32769775390625,478.32769775390625,478.32769775390625,478.32769775390625,0,0.0,0.0
2009-08-05 00:00:00+09:00,478.32769775390625,478.32769775390625,478.32769775390625,478.32769775390625,0,0.0,0.0
2009-08-06 00:00:00+09:00,478.32769775390625,478.32769775390625,478.32769775390625,478.32769775390625,0,0.0,0.0
2009-08-07 00:00:00+09:00,478.32769775390625,478.32769775390625,478.32769775390625,478.32769775390625,0,0.0,0.0
2009-08-10 00:00:00+09:00,478.32769775390625,478.32769775390625,478.32769775390625,478.32769775390625,4000,0.0,0.0
2009-08-11 00:00:00+09:00,486.79351806640625,486.79351806640625,486.79351806640625,486.79351806640625,1000,0.0,0.0
2009-08-12 00:00:00+09:00,486.79351806640625,486.79351806640625,486.79351806640625,486.79351806640625,1000,0.0,0.0
2009-08-13 00:00:00+09:00,486.79351806640625,486.79351806640625,486.79351806640625,486.79351806640625,1000,0.0,0.0
2009-08-14 00:00:00+09:00,486.79351806640625,486.79351806640625,486.79351806640625,486.79351806640625,1000,0.0,0.0
2009-08-17 00:00:00+09:00,486.79351806640625,486.79351806640625,486.79351806640625,486.79351806640625,1000,0.0,0.0
2009-08-18 00:00:00+09:00,486.79351806640625,486.79351806640625,486.79351806640625,486.79351806640625,1000,0.0,0.0
2009-08-19 00:00:00+09:00,486.79351806640625,486.79351806640625,486.79351806640625,486.79351806640625,1000,0.0,0.0
2009-08-20 00:00:00+09:00,486.79351806640625,486.79351806640625,486.79351806640625,486.79351806640625,4000,0.0,0.0
2009-08-21 00:00:00+09:00,486.7936831992744,504.5722351074219,486.7936831992744,504.5722351074219,1000,0.0,0.0
2009-08-24 00:00:00+09:00,504.5722351074219,504.5722351074219,504.5722351074219,504.5722351074219,2000,0.0,0.0
2009-08-25 00:00:00+09:00,504.5722351074219,504.5722351074219,504.5722351074219,504.5722351074219,1000,0.0,0.0
2009-08-26 00:00:00+09:00,504.5722351074219,504.5722351074219,504.5722351074219,504.5722351074219,1000,0.0,0.0
2009-08-27 00:00:00+09:00,504.5722351074219,504.5722351074219,504.5722351074219,504.5722351074219,1000,0.0,0.0
2009-08-28 00:00:00+09:00,504.5722351074219,504.5722351074219,504.5722351074219,504.5722351074219,1000,0.0,0.0
2009-08-31 00:00:00+09:00,504.5722351074219,504.5722351074219,504.5722351074219,504.5722351074219,1000,0.0,0.0
2009-09-02 00:00:00+09:00,504.5722351074219,504.5722351074219,504.5722351074219,504.5722351074219,1000,0.0,0.0
2009-09-03 00:00:00+09:00,504.5722351074219,504.5722351074219,504.5722351074219,504.5722351074219,1000,0.0,0.0
2009-09-04 00:00:00+09:00,504.5722351074219,504.5722351074219,504.5722351074219,504.5722351074219,1000,0.0,0.0
2009-09-07 00:00:00+09:00,504.57229940084585,562.987548828125,504.57229940084585,562.987548828125,1000,0.0,0.0
2009-09-08 00:00:00+09:00,562.987548828125,562.987548828125,562.987548828125,562.987548828125,1000,0.0,0.0
2009-09-09 00:00:00+09:00,562.987548828125,562.987548828125,562.987548828125,562.987548828125,1000,0.0,0.0
2009-09-10 00:00:00+09:00,562.987548828125,562.987548828125,562.987548828125,562.987548828125,1000,0.0,0.0
2009-09-11 00:00:00+09:00,562.987548828125,562.987548828125,562.987548828125,562.987548828125,1000,0.0,0.0
2009-09-14 00:00:00+09:00,562.987548828125,562.987548828125,562.987548828125,562.987548828125,1000,0.0,0.0
2009-09-15 00:00:00+09:00,495.259765625,512.1917234241453,495.259765625,495.259765625,4000,0.0,0.0
2009-09-16 00:00:00+09:00,512.1917724609375,512.1917724609375,512.1917724609375,512.1917724609375,4000,0.0,0.0
2009-09-17 00:00:00+09:00,512.1916411132813,529.1235961914062,512.1916411132813,529.1235961914062,1000,0.0,0.0
2009-09-18 00:00:00+09:00,529.1235961914062,529.1235961914062,529.1235961914062,529.1235961914062,1000,0.0,0.0
2009-09-21 00:00:00+09:00,529.1235961914062,529.1235961914062,529.1235961914062,529.1235961914062,0,0.0,0.0
2009-09-24 00:00:00+09:00,529.1235961914062,529.1235961914062,529.1235961914062,529.1235961914062,1000,0.0,0.0
2009-09-25 00:00:00+09:00,529.1235961914062,529.1235961914062,529.1235961914062,529.1235961914062,1000,4.0,0.0
2009-09-28 00:00:00+09:00,529.1235961914062,529.1235961914062,529.1235961914062,529.1235961914062,1000,0.0,0.0
2009-09-29 00:00:00+09:00,529.1235961914062,529.1235961914062,529.1235961914062,529.1235961914062,1000,0.0,0.0
2009-09-30 00:00:00+09:00,529.1235961914062,529.1235961914062,529.1235961914062,529.1235961914062,1000,0.0,0.0
2009-10-01 00:00:00+09:00,529.1235961914062,529.1235961914062,529.1235961914062,529.1235961914062,1000,0.0,0.0
2009-10-02 00:00:00+09:00,529.1235961914062,529.1235961914062,529.1235961914062,529.1235961914062,1000,0.0,0.0
2009-10-05 00:00:00+09:00,529.1235961914062,529.1235961914062,529.1235961914062,529.1235961914062,1000,0.0,0.0
2009-10-06 00:00:00+09:00,529.1235961914062,529.1235961914062,529.1235961914062,529.1235961914062,1000,0.0,0.0
2009-10-07 00:00:00+09:00,529.1235961914062,529.1235961914062,529.1235961914062,529.1235961914062,1000,0.0,0.0
2009-10-08 00:00:00+09:00,529.1235961914062,529.1235961914062,529.1235961914062,529.1235961914062,1000,0.0,0.0
2009-10-09 00:00:00+09:00,529.1235961914062,529.1235961914062,529.1235961914062,529.1235961914062,1000,0.0,0.0
2009-10-13 00:00:00+09:00,529.1235961914062,529.1235961914062,529.1235961914062,529.1235961914062,1000,0.0,0.0
2009-10-14 00:00:00+09:00,529.1235961914062,529.1235961914062,529.1235961914062,529.1235961914062,1000,0.0,0.0
2009-10-15 00:00:00+09:00,529.1235961914062,529.1235961914062,529.1235961914062,529.1235961914062,1000,0.0,0.0
2009-10-16 00:00:00+09:00,529.1235961914062,529.1235961914062,529.1235961914062,529.1235961914062,1000,0.0,0.0
2009-10-19 00:00:00+09:00,529.1235961914062,529.1235961914062,529.1235961914062,529.1235961914062,1000,0.0,0.0
2009-10-20 00:00:00+09:00,529.1235961914062,529.1235961914062,529.1235961914062,529.1235961914062,1000,0.0,0.0
2009-10-21 00:00:00+09:00,520.6032104492188,520.6032104492188,520.6032104492188,520.6032104492188,1000,0.0,0.0
2009-10-22 00:00:00+09:00,520.6032104492188,520.6032104492188,520.6032104492188,520.6032104492188,1000,0.0,0.0
2009-10-23 00:00:00+09:00,520.6032104492188,520.6032104492188,520.6032104492188,520.6032104492188,1000,0.0,0.0
2009-10-26 00:00:00+09:00,520.6032104492188,520.6032104492188,520.6032104492188,520.6032104492188,1000,0.0,0.0
2009-10-27 00:00:00+09:00,520.6032104492188,520.6032104492188,520.6032104492188,520.6032104492188,1000,0.0,0.0
2009-10-28 00:00:00+09:00,520.6032104492188,520.6032104492188,520.6032104492188,520.6032104492188,1000,0.0,0.0
2009-10-29 00:00:00+09:00,520.6032104492188,520.6032104492188,520.6032104492188,520.6032104492188,1000,0.0,0.0
2009-10-30 00:00:00+09:00,520.6032104492188,520.6032104492188,520.6032104492188,520.6032104492188,1000,0.0,0.0
2009-11-02 00:00:00+09:00,520.6032104492188,520.6032104492188,520.6032104492188,520.6032104492188,1000,0.0,0.0
2009-11-04 00:00:00+09:00,520.6032104492188,520.6032104492188,520.6032104492188,520.6032104492188,1000,0.0,0.0
2009-11-05 00:00:00+09:00,520.6032104492188,520.6032104492188,520.6032104492188,520.6032104492188,1000,0.0,0.0
2009-11-06 00:00:00+09:00,520.6032104492188,520.6032104492188,520.6032104492188,520.6032104492188,1000,0.0,0.0
2009-11-09 00:00:00+09:00,520.6032104492188,520.6032104492188,520.6032104492188,520.6032104492188,1000,0.0,0.0
2009-11-10 00:00:00+09:00,520.6032104492188,520.6032104492188,520.6032104492188,520.6032104492188,1000,0.0,0.0
2009-11-11 00:00:00+09:00,520.6032104492188,520.6032104492188,520.6032104492188,520.6032104492188,1000,0.0,0.0
2009-11-12 00:00:00+09:00,520.6032104492188,520.6032104492188,520.6032104492188,520.6032104492188,1000,0.0,0.0
2009-11-13 00:00:00+09:00,520.6032104492188,520.6032104492188,520.6032104492188,520.6032104492188,1000,0.0,0.0
2009-11-16 00:00:00+09:00,520.6032104492188,520.6032104492188,520.6032104492188,520.6032104492188,1000,0.0,0.0
2009-11-17 00:00:00+09:00,520.6032104492188,520.6032104492188,520.6032104492188,520.6032104492188,1000,0.0,0.0
2009-11-18 00:00:00+09:00,520.6032104492188,520.6032104492188,520.6032104492188,520.6032104492188,1000,0.0,0.0
2009-11-19 00:00:00+09:00,520.6032104492188,520.6032104492188,520.6032104492188,520.6032104492188,1000,0.0,0.0
2009-11-20 00:00:00+09:00,520.6032104492188,520.6032104492188,520.6032104492188,520.6032104492188,1000,0.0,0.0
2009-11-24 00:00:00+09:00,520.6032104492188,520.6032104492188,520.6032104492188,520.6032104492188,1000,0.0,0.0
2009-11-25 00:00:00+09:00,520.6032104492188,520.6032104492188,520.6032104492188,520.6032104492188,1000,0.0,0.0
2009-11-26 00:00:00+09:00,520.6032104492188,520.6032104492188,520.6032104492188,520.6032104492188,1000,0.0,0.0
2009-11-27 00:00:00+09:00,520.6032104492188,520.6032104492188,520.6032104492188,520.6032104492188,1000,0.0,0.0
2009-11-30 00:00:00+09:00,520.6032104492188,520.6032104492188,520.6032104492188,520.6032104492188,1000,0.0,0.0
2009-12-01 00:00:00+09:00,520.6032104492188,520.6032104492188,520.6032104492188,520.6032104492188,1000,0.0,0.0
2009-12-02 00:00:00+09:00,520.6032104492188,520.6032104492188,520.6032104492188,520.6032104492188,1000,0.0,0.0
2009-12-03 00:00:00+09:00,520.6032104492188,520.6032104492188,520.6032104492188,520.6032104492188,1000,0.0,0.0
2009-12-04 00:00:00+09:00,520.6032104492188,520.6032104492188,520.6032104492188,520.6032104492188,1000,0.0,0.0
2009-12-07 00:00:00+09:00,520.6032104492188,520.6032104492188,520.6032104492188,520.6032104492188,1000,0.0,0.0
2009-12-08 00:00:00+09:00,520.6032104492188,520.6032104492188,520.6032104492188,520.6032104492188,1000,0.0,0.0
2009-12-09 00:00:00+09:00,520.6032104492188,520.6032104492188,520.6032104492188,520.6032104492188,1000,0.0,0.0
2009-12-10 00:00:00+09:00,520.6032104492188,520.6032104492188,520.6032104492188,520.6032104492188,1000,0.0,0.0
2009-12-11 00:00:00+09:00,520.6032104492188,520.6032104492188,520.6032104492188,520.6032104492188,1000,0.0,0.0
2009-12-14 00:00:00+09:00,520.6032104492188,520.6032104492188,520.6032104492188,520.6032104492188,1000,0.0,0.0
2009-12-15 00:00:00+09:00,520.6032104492188,520.6032104492188,520.6032104492188,520.6032104492188,1000,0.0,0.0
2009-12-16 00:00:00+09:00,520.6032104492188,520.6032104492188,520.6032104492188,520.6032104492188,1000,0.0,0.0
2009-12-17 00:00:00+09:00,520.6032104492188,520.6032104492188,520.6032104492188,520.6032104492188,1000,0.0,0.0
2009-12-18 00:00:00+09:00,520.6032104492188,520.6032104492188,520.6032104492188,520.6032104492188,1000,0.0,0.0
2009-12-21 00:00:00+09:00,520.6029093295713,538.4959716796875,520.6029093295713,538.4959716796875,1000,0.0,0.0
2009-12-22 00:00:00+09:00,538.4959716796875,538.4959716796875,538.4959716796875,538.4959716796875,2000,0.0,0.0
2009-12-24 00:00:00+09:00,538.4959716796875,538.4959716796875,538.4959716796875,538.4959716796875,2000,0.0,0.0
2009-12-25 00:00:00+09:00,538.4959716796875,538.4959716796875,538.4959716796875,538.4959716796875,2000,0.0,0.0
2009-12-28 00:00:00+09:00,538.4959716796875,538.4959716796875,538.4959716796875,538.4959716796875,2000,0.0,0.0
2009-12-29 00:00:00+09:00,538.4959716796875,538.4959716796875,538.4959716796875,538.4959716796875,2000,0.0,0.0
2009-12-30 00:00:00+09:00,538.4959716796875,538.4959716796875,538.4959716796875,538.4959716796875,2000,0.0,0.0
2010-01-04 00:00:00+09:00,538.4959716796875,538.4959716796875,538.4959716796875,538.4959716796875,2000,0.0,0.0
2010-01-05 00:00:00+09:00,538.4959716796875,538.4959716796875,538.4959716796875,538.4959716796875,2000,0.0,0.0
2010-01-06 00:00:00+09:00,538.4959716796875,538.4959716796875,538.4959716796875,538.4959716796875,2000,0.0,0.0
2010-01-07 00:00:00+09:00,538.4959716796875,538.4959716796875,538.4959716796875,538.4959716796875,2000,0.0,0.0
2010-01-08 00:00:00+09:00,538.4959716796875,538.4959716796875,538.4959716796875,538.4959716796875,2000,0.0,0.0
2010-01-12 00:00:00+09:00,538.4959716796875,538.4959716796875,538.4959716796875,538.4959716796875,2000,0.0,0.0
2010-01-13 00:00:00+09:00,570.8740575154623,570.8740575154623,511.2304992675781,511.2304992675781,2000,0.0,0.0
2010-01-14 00:00:00+09:00,511.2304992675781,511.2304992675781,511.2304992675781,511.2304992675781,2000,0.0,0.0
2010-01-15 00:00:00+09:00,511.2304992675781,511.2304992675781,511.2304992675781,511.2304992675781,2000,0.0,0.0
2010-01-18 00:00:00+09:00,511.2304992675781,511.2304992675781,511.2304992675781,511.2304992675781,2000,0.0,0.0
2010-01-19 00:00:00+09:00,511.2304992675781,511.2304992675781,511.2304992675781,511.2304992675781,2000,0.0,0.0
2010-01-20 00:00:00+09:00,511.2304992675781,511.2304992675781,511.2304992675781,511.2304992675781,2000,0.0,0.0
2010-01-21 00:00:00+09:00,511.2304992675781,511.2304992675781,511.2304992675781,511.2304992675781,2000,0.0,0.0
2010-01-22 00:00:00+09:00,512.0825805664062,524.0112929256902,512.0825805664062,512.0825805664062,1000,0.0,0.0
2010-01-25 00:00:00+09:00,524.0113525390625,524.0113525390625,524.0113525390625,524.0113525390625,1000,0.0,0.0
2010-01-26 00:00:00+09:00,532.5318603515625,532.5318603515625,532.5318603515625,532.5318603515625,1000,0.0,0.0
2010-01-27 00:00:00+09:00,532.5318603515625,532.5318603515625,532.5318603515625,532.5318603515625,1000,0.0,0.0
2010-01-28 00:00:00+09:00,532.5318603515625,532.5318603515625,532.5318603515625,532.5318603515625,1000,0.0,0.0
2010-01-29 00:00:00+09:00,532.5318603515625,532.5318603515625,532.5318603515625,532.5318603515625,1000,0.0,0.0
2010-02-01 00:00:00+09:00,532.5318603515625,532.5318603515625,532.5318603515625,532.5318603515625,1000,0.0,0.0
2010-02-02 00:00:00+09:00,532.5318603515625,532.5318603515625,532.5318603515625,532.5318603515625,1000,0.0,0.0
2010-02-03 00:00:00+09:00,532.5318603515625,532.5318603515625,532.5318603515625,532.5318603515625,1000,0.0,0.0
2010-02-04 00:00:00+09:00,532.5318603515625,532.5318603515625,532.5318603515625,532.5318603515625,1000,0.0,0.0
2010-02-05 00:00:00+09:00,532.5318603515625,532.5318603515625,532.5318603515625,532.5318603515625,1000,0.0,0.0
2010-02-08 00:00:00+09:00,532.5316720538669,532.5316720538669,490.78118896484375,490.78118896484375,1000,0.0,0.0
2010-02-09 00:00:00+09:00,490.78118896484375,490.78118896484375,490.78118896484375,490.78118896484375,1000,0.0,0.0
2010-02-10 00:00:00+09:00,490.78118896484375,490.78118896484375,490.78118896484375,490.78118896484375,1000,0.0,0.0
2010-02-12 00:00:00+09:00,490.78118896484375,490.78118896484375,490.78118896484375,490.78118896484375,1000,0.0,0.0
2010-02-15 00:00:00+09:00,490.78118896484375,490.78118896484375,490.78118896484375,490.78118896484375,1000,0.0,0.0
2010-02-16 00:00:00+09:00,490.78118896484375,490.78118896484375,490.78118896484375,490.78118896484375,1000,0.0,0.0
2010-02-17 00:00:00+09:00,490.78118896484375,490.78118896484375,490.78118896484375,490.78118896484375,1000,0.0,0.0
2010-02-18 00:00:00+09:00,490.78118896484375,490.78118896484375,490.78118896484375,490.78118896484375,1000,0.0,0.0
2010-02-19 00:00:00+09:00,490.78118896484375,490.78118896484375,490.78118896484375,490.78118896484375,1000,0.0,0.0
2010-02-22 00:00:00+09:00,490.78133938029663,502.7100524902344,490.78133938029663,502.7100524902344,1000,0.0,0.0
2010-02-23 00:00:00+09:00,511.2304992675781,511.2304992675781,511.2304992675781,511.2304992675781,1000,0.0,0.0
2010-02-24 00:00:00+09:00,511.2304992675781,511.2304992675781,511.2304992675781,511.2304992675781,2000,0.0,0.0
2010-02-25 00:00:00+09:00,511.2304992675781,511.2304992675781,511.2304992675781,511.2304992675781,2000,0.0,0.0
2010-02-26 00:00:00+09:00,511.2304992675781,511.2304992675781,511.2304992675781,511.2304992675781,2000,0.0,0.0
2010-03-01 00:00:00+09:00,511.2304992675781,511.2304992675781,511.2304992675781,511.2304992675781,2000,0.0,0.0
2010-03-02 00:00:00+09:00,511.2304992675781,511.2304992675781,511.2304992675781,511.2304992675781,2000,0.0,0.0
2010-03-03 00:00:00+09:00,511.2304992675781,511.2304992675781,511.2304992675781,511.2304992675781,2000,0.0,0.0
2010-03-04 00:00:00+09:00,511.2304992675781,511.2304992675781,511.2304992675781,511.2304992675781,2000,0.0,0.0
2010-03-05 00:00:00+09:00,511.2304992675781,511.2304992675781,511.2304992675781,511.2304992675781,2000,0.0,0.0
2010-03-08 00:00:00+09:00,511.2304992675781,511.2304992675781,511.2304992675781,511.2304992675781,2000,0.0,0.0
2010-03-09 00:00:00+09:00,511.2304992675781,511.2304992675781,511.2304992675781,511.2304992675781,2000,0.0,0.0
2010-03-10 00:00:00+09:00,511.2304992675781,511.2304992675781,511.2304992675781,511.2304992675781,1000,0.0,0.0
2010-03-11 00:00:00+09:00,511.2304992675781,511.2304992675781,511.2304992675781,511.2304992675781,1000,0.0,0.0
2010-03-12 00:00:00+09:00,511.2304992675781,511.2304992675781,511.2304992675781,511.2304992675781,1000,0.0,0.0
2010-03-15 00:00:00+09:00,511.2304992675781,511.2304992675781,511.2304992675781,511.2304992675781,1000,0.0,0.0
2010-03-16 00:00:00+09:00,511.2304992675781,511.2304992675781,511.2304992675781,511.2304992675781,1000,0.0,0.0
2010-03-17 00:00:00+09:00,511.2304992675781,511.2304992675781,511.2304992675781,511.2304992675781,1000,0.0,0.0
2010-03-18 00:00:00+09:00,511.2304992675781,511.2304992675781,511.2304992675781,511.2304992675781,1000,0.0,0.0
2010-03-19 00:00:00+09:00,511.2304992675781,511.2304992675781,511.2304992675781,511.2304992675781,1000,0.0,0.0
2010-03-23 00:00:00+09:00,511.2304992675781,511.2304992675781,511.2304992675781,511.2304992675781,1000,0.0,0.0
2010-03-24 00:00:00+09:00,519.7511596679688,519.7511596679688,519.7511596679688,519.7511596679688,1000,0.0,0.0
2010-03-25 00:00:00+09:00,519.7511596679688,519.7511596679688,519.7511596679688,519.7511596679688,1000,0.0,0.0
2010-03-26 00:00:00+09:00,519.7511596679688,519.7511596679688,519.7511596679688,519.7511596679688,1000,0.0,0.0
2010-03-29 00:00:00+09:00,519.7509155273438,519.7509155273438,519.7509155273438,519.7509155273438,1000,6.0,0.0
2010-03-30 00:00:00+09:00,519.7509155273438,519.7509155273438,519.7509155273438,519.7509155273438,1000,0.0,0.0
2010-03-31 00:00:00+09:00,519.7509155273438,519.7509155273438,519.7509155273438,519.7509155273438,1000,0.0,0.0
2010-04-01 00:00:00+09:00,519.7509155273438,519.7509155273438,519.7509155273438,519.7509155273438,1000,0.0,0.0
2010-04-02 00:00:00+09:00,519.7509155273438,519.7509155273438,519.7509155273438,519.7509155273438,1000,0.0,0.0
2010-04-05 00:00:00+09:00,519.7509155273438,519.7509155273438,519.7509155273438,519.7509155273438,1000,0.0,0.0
2010-04-06 00:00:00+09:00,519.7509155273438,519.7509155273438,519.7509155273438,519.7509155273438,1000,0.0,0.0
2010-04-07 00:00:00+09:00,519.7509155273438,519.7509155273438,519.7509155273438,519.7509155273438,1000,0.0,0.0
2010-04-08 00:00:00+09:00,519.7509155273438,519.7509155273438,519.7509155273438,519.7509155273438,1000,0.0,0.0
2010-04-09 00:00:00+09:00,519.7509155273438,519.7509155273438,519.7509155273438,519.7509155273438,1000,0.0,0.0
2010-04-12 00:00:00+09:00,519.7509155273438,519.7509155273438,519.7509155273438,519.7509155273438,1000,0.0,0.0
2010-04-13 00:00:00+09:00,519.7509155273438,519.7509155273438,519.7509155273438,519.7509155273438,1000,0.0,0.0
2010-04-14 00:00:00+09:00,519.7509155273438,519.7509155273438,519.7509155273438,519.7509155273438,1000,0.0,0.0
2010-04-15 00:00:00+09:00,519.7509155273438,519.7509155273438,519.7509155273438,519.7509155273438,1000,0.0,0.0
2010-04-16 00:00:00+09:00,519.7509155273438,519.7509155273438,519.7509155273438,519.7509155273438,1000,0.0,0.0
2010-04-19 00:00:00+09:00,519.7509155273438,519.7509155273438,519.7509155273438,519.7509155273438,1000,0.0,0.0
2010-04-20 00:00:00+09:00,487.0514221191406,487.0514221191406,487.0514221191406,487.0514221191406,5000,0.0,0.0
2010-04-21 00:00:00+09:00,487.0514221191406,487.0514221191406,487.0514221191406,487.0514221191406,1000,0.0,0.0
2010-04-22 00:00:00+09:00,487.0514221191406,487.0514221191406,487.0514221191406,487.0514221191406,1000,0.0,0.0
2010-04-23 00:00:00+09:00,487.0514221191406,487.0514221191406,487.0514221191406,487.0514221191406,1000,0.0,0.0
2010-04-26 00:00:00+09:00,487.0514221191406,487.0514221191406,487.0514221191406,487.0514221191406,1000,0.0,0.0
2010-04-27 00:00:00+09:00,487.0514204564958,489.6329650878906,487.0514204564958,489.6329650878906,1000,0.0,0.0
2010-04-28 00:00:00+09:00,489.6329650878906,489.6329650878906,489.6329650878906,489.6329650878906,1000,0.0,0.0
2010-04-30 00:00:00+09:00,489.6329650878906,489.6329650878906,489.6329650878906,489.6329650878906,1000,0.0,0.0
2010-05-06 00:00:00+09:00,489.6329650878906,489.6329650878906,489.6329650878906,489.6329650878906,1000,0.0,0.0
2010-05-07 00:00:00+09:00,489.6329650878906,489.6329650878906,489.6329650878906,489.6329650878906,1000,0.0,0.0
2010-05-10 00:00:00+09:00,489.6330655247593,489.6330655247593,455.21246337890625,455.21246337890625,1000,0.0,0.0
2010-05-11 00:00:00+09:00,455.21246337890625,455.21246337890625,455.21246337890625,455.21246337890625,1000,0.0,0.0
2010-05-12 00:00:00+09:00,455.21246337890625,455.21246337890625,455.21246337890625,455.21246337890625,1000,0.0,0.0
2010-05-13 00:00:00+09:00,455.21246337890625,455.21246337890625,455.21246337890625,455.21246337890625,1000,0.0,0.0
2010-05-14 00:00:00+09:00,455.21246337890625,455.21246337890625,455.21246337890625,455.21246337890625,1000,0.0,0.0
2010-05-17 00:00:00+09:00,455.21246337890625,455.21246337890625,455.21246337890625,455.21246337890625,1000,0.0,0.0
2010-05-18 00:00:00+09:00,422.5128173828125,422.5128173828125,422.5128173828125,422.5128173828125,1000,0.0,0.0
2010-05-19 00:00:00+09:00,415.6286683295183,415.6286683295183,405.302490234375,405.302490234375,5000,0.0,0.0
2010-05-20 00:00:00+09:00,405.302490234375,405.302490234375,405.302490234375,405.302490234375,5000,0.0,0.0
2010-05-21 00:00:00+09:00,405.302490234375,405.302490234375,405.302490234375,405.302490234375,5000,0.0,0.0
2010-05-24 00:00:00+09:00,405.302490234375,405.302490234375,405.302490234375,405.302490234375,1000,0.0,0.0
2010-05-25 00:00:00+09:00,405.302490234375,405.302490234375,405.302490234375,405.302490234375,1000,0.0,0.0
2010-05-26 00:00:00+09:00,405.302490234375,405.302490234375,405.302490234375,405.302490234375,1000,0.0,0.0
2010-05-27 00:00:00+09:00,405.302490234375,405.302490234375,405.302490234375,405.302490234375,1000,0.0,0.0
2010-05-28 00:00:00+09:00,405.302490234375,405.302490234375,405.302490234375,405.302490234375,1000,0.0,0.0
2010-05-31 00:00:00+09:00,405.302490234375,405.302490234375,405.302490234375,405.302490234375,1000,0.0,0.0
2010-06-01 00:00:00+09:00,405.302490234375,405.302490234375,405.302490234375,405.302490234375,1000,0.0,0.0
2010-06-02 00:00:00+09:00,405.302490234375,405.302490234375,405.302490234375,405.302490234375,1000,0.0,0.0
2010-06-03 00:00:00+09:00,397.5579833984375,397.5579833984375,397.5579833984375,397.5579833984375,1000,0.0,0.0
2010-06-04 00:00:00+09:00,397.5579833984375,397.5579833984375,397.5579833984375,397.5579833984375,1000,0.0,0.0
2010-06-07 00:00:00+09:00,397.5579833984375,397.5579833984375,397.5579833984375,397.5579833984375,1000,0.0,0.0
2010-06-08 00:00:00+09:00,397.5579833984375,397.5579833984375,397.5579833984375,397.5579833984375,1000,0.0,0.0
2010-06-09 00:00:00+09:00,397.5579833984375,397.5579833984375,397.5579833984375,397.5579833984375,1000,0.0,0.0
2010-06-10 00:00:00+09:00,397.5579833984375,397.5579833984375,397.5579833984375,397.5579833984375,1000,0.0,0.0
2010-06-11 00:00:00+09:00,406.1630859375,406.1630859375,406.1630859375,406.1630859375,1000,0.0,0.0
2010-06-14 00:00:00+09:00,406.1630859375,406.1630859375,406.1630859375,406.1630859375,1000,0.0,0.0
2010-06-15 00:00:00+09:00,406.1630859375,406.1630859375,406.1630859375,406.1630859375,1000,0.0,0.0
2010-06-16 00:00:00+09:00,406.1630859375,406.1630859375,406.1630859375,406.1630859375,1000,0.0,0.0
2010-06-17 00:00:00+09:00,406.1630859375,406.1630859375,406.1630859375,406.1630859375,1000,0.0,0.0
2010-06-18 00:00:00+09:00,392.39491096429066,392.39491096429066,388.9528503417969,388.9528503417969,2000,0.0,0.0
2010-06-21 00:00:00+09:00,388.9528503417969,388.9528503417969,388.9528503417969,388.9528503417969,2000,0.0,0.0
2010-06-22 00:00:00+09:00,388.9528503417969,388.9528503417969,388.9528503417969,388.9528503417969,2000,0.0,0.0
2010-06-23 00:00:00+09:00,388.9528503417969,388.9528503417969,388.9528503417969,388.9528503417969,2000,0.0,0.0
2010-06-24 00:00:00+09:00,388.9528503417969,388.9528503417969,388.9528503417969,388.9528503417969,2000,0.0,0.0
2010-06-25 00:00:00+09:00,388.95276195287187,398.4184265136719,388.95276195287187,398.4184265136719,2000,0.0,0.0
2010-06-28 00:00:00+09:00,398.4184265136719,398.4184265136719,398.4184265136719,398.4184265136719,2000,0.0,0.0
2010-06-29 00:00:00+09:00,398.4184265136719,398.4184265136719,398.4184265136719,398.4184265136719,2000,0.0,0.0
2010-06-30 00:00:00+09:00,398.4184265136719,398.4184265136719,398.4184265136719,398.4184265136719,2000,0.0,0.0
2010-07-01 00:00:00+09:00,398.4184265136719,398.4184265136719,398.4184265136719,398.4184265136719,1800,0.0,0.0
2010-07-02 00:00:00+09:00,415.6286926269531,415.6286926269531,415.6286926269531,415.6286926269531,1800,0.0,0.0
2010-07-05 00:00:00+09:00,398.418384389856,398.418384389856,384.650146484375,384.650146484375,5000,0.0,0.0
2010-07-06 00:00:00+09:00,384.650146484375,384.650146484375,384.650146484375,384.650146484375,5000,0.0,0.0
2010-07-07 00:00:00+09:00,384.650146484375,384.650146484375,384.650146484375,384.650146484375,5000,0.0,0.0
2010-07-08 00:00:00+09:00,384.650146484375,384.650146484375,384.650146484375,384.650146484375,5000,0.0,0.0
2010-07-09 00:00:00+09:00,380.3475646972656,380.3475646972656,380.3475646972656,380.3475646972656,100,0.0,0.0
2010-07-12 00:00:00+09:00,376.0450439453125,376.0450439453125,376.0450439453125,376.0450439453125,2100,0.0,0.0
2010-07-13 00:00:00+09:00,376.0450439453125,376.0450439453125,376.0450439453125,376.0450439453125,2100,0.0,0.0
2010-07-14 00:00:00+09:00,376.0450439453125,376.0450439453125,376.0450439453125,376.0450439453125,2100,0.0,0.0
2010-07-15 00:00:00+09:00,376.0450439453125,376.0450439453125,376.0450439453125,376.0450439453125,2100,0.0,0.0
2010-07-16 00:00:00+09:00,376.0450439453125,376.0450439453125,376.0450439453125,376.0450439453125,2100,0.0,0.0
2010-07-21 00:00:00+09:00,404.44189453125,404.44189453125,404.44189453125,404.44189453125,1300,0.0,0.0
2010-07-22 00:00:00+09:00,404.44189453125,404.44189453125,404.44189453125,404.44189453125,1200,0.0,0.0
2010-07-23 00:00:00+09:00,404.44189453125,404.44189453125,404.44189453125,404.44189453125,1200,0.0,0.0
2010-07-26 00:00:00+09:00,404.4419884735039,404.4419884735039,384.650146484375,384.650146484375,1000,0.0,0.0
2010-07-27 00:00:00+09:00,384.65017164921164,384.65017164921164,377.76605224609375,377.76605224609375,1000,0.0,0.0
2010-07-28 00:00:00+09:00,377.76605224609375,377.76605224609375,377.76605224609375,377.76605224609375,1000,0.0,0.0
2010-07-29 00:00:00+09:00,377.76605224609375,377.76605224609375,377.76605224609375,377.76605224609375,1000,0.0,0.0
2010-07-30 00:00:00+09:00,377.76605224609375,377.76605224609375,377.76605224609375,377.76605224609375,1000,0.0,0.0
2010-08-02 00:00:00+09:00,377.76605224609375,377.76605224609375,377.76605224609375,377.76605224609375,1000,0.0,0.0
2010-08-03 00:00:00+09:00,377.76605224609375,377.76605224609375,377.76605224609375,377.76605224609375,1000,0.0,0.0
2010-08-04 00:00:00+09:00,377.76605224609375,377.76605224609375,377.76605224609375,377.76605224609375,1000,0.0,0.0
2010-08-05 00:00:00+09:00,377.76605224609375,377.76605224609375,377.76605224609375,377.76605224609375,1000,0.0,0.0
2010-08-06 00:00:00+09:00,377.76605224609375,377.76605224609375,377.76605224609375,377.76605224609375,1000,0.0,0.0
2010-08-09 00:00:00+09:00,377.76605224609375,377.76605224609375,377.76605224609375,377.76605224609375,1000,0.0,0.0
2010-08-10 00:00:00+09:00,377.76605224609375,377.76605224609375,377.76605224609375,377.76605224609375,1000,0.0,0.0
2010-08-11 00:00:00+09:00,386.3712158203125,386.3712158203125,386.3712158203125,386.3712158203125,1000,0.0,0.0
2010-08-12 00:00:00+09:00,394.9763488769531,394.9763488769531,394.9763488769531,394.9763488769531,300,0.0,0.0
2010-08-13 00:00:00+09:00,394.9763488769531,394.9763488769531,394.9763488769531,394.9763488769531,300,0.0,0.0
2010-08-16 00:00:00+09:00,394.9763488769531,394.9763488769531,394.9763488769531,394.9763488769531,300,0.0,0.0
2010-08-17 00:00:00+09:00,394.9763318292026,394.9763318292026,374.323974609375,374.323974609375,300,0.0,0.0
2010-08-18 00:00:00+09:00,339.9034167874244,355.39268641318046,339.9034167874244,346.78753662109375,4200,0.0,0.0
2010-08-19 00:00:00+09:00,355.3927001953125,355.3927001953125,355.3927001953125,355.3927001953125,4200,0.0,0.0
2010-08-20 00:00:00+09:00,355.3927001953125,355.3927001953125,355.3927001953125,355.3927001953125,800,0.0,0.0
2010-08-23 00:00:00+09:00,355.3927001953125,355.3927001953125,355.3927001953125,355.3927001953125,800,0.0,0.0
2010-08-24 00:00:00+09:00,362.2768249511719,362.2768249511719,362.2768249511719,362.2768249511719,800,0.0,0.0
2010-08-25 00:00:00+09:00,362.2768249511719,362.2768249511719,362.2768249511719,362.2768249511719,800,0.0,0.0
2010-08-26 00:00:00+09:00,362.2768249511719,362.2768249511719,362.2768249511719,362.2768249511719,800,0.0,0.0
2010-08-27 00:00:00+09:00,362.2768249511719,362.2768249511719,362.2768249511719,362.2768249511719,800,0.0,0.0
2010-08-30 00:00:00+09:00,362.2768249511719,362.2768249511719,362.2768249511719,362.2768249511719,800,0.0,0.0
2010-08-31 00:00:00+09:00,362.2768249511719,362.2768249511719,362.2768249511719,362.2768249511719,800,0.0,0.0
2010-09-01 00:00:00+09:00,362.2768249511719,362.2768249511719,362.2768249511719,362.2768249511719,800,0.0,0.0
2010-09-02 00:00:00+09:00,362.2768249511719,362.2768249511719,362.2768249511719,362.2768249511719,800,0.0,0.0
2010-09-03 00:00:00+09:00,362.2768249511719,362.2768249511719,362.2768249511719,362.2768249511719,800,0.0,0.0
2010-09-06 00:00:00+09:00,362.2768249511719,362.2768249511719,362.2768249511719,362.2768249511719,800,0.0,0.0
2010-09-07 00:00:00+09:00,362.2768249511719,362.2768249511719,362.2768249511719,362.2768249511719,800,0.0,0.0
2010-09-08 00:00:00+09:00,362.2768249511719,362.2768249511719,362.2768249511719,362.2768249511719,800,0.0,0.0
2010-09-09 00:00:00+09:00,361.4162902832031,376.0450448899042,361.4162902832031,361.4162902832031,4300,0.0,0.0
2010-09-10 00:00:00+09:00,361.4162902832031,361.4162902832031,361.4162902832031,361.4162902832031,400,0.0,0.0
2010-09-13 00:00:00+09:00,361.4162902832031,361.4162902832031,361.4162902832031,361.4162902832031,400,0.0,0.0
2010-09-14 00:00:00+09:00,347.6479797363281,347.6479797363281,347.6479797363281,347.6479797363281,900,0.0,0.0
2010-09-16 00:00:00+09:00,347.6479797363281,347.6479797363281,347.6479797363281,347.6479797363281,900,0.0,0.0
2010-09-17 00:00:00+09:00,347.6480506533668,361.4162902832031,347.6480506533668,361.4162902832031,100,0.0,0.0
2010-09-21 00:00:00+09:00,361.4162902832031,361.4162902832031,361.4162902832031,361.4162902832031,700,0.0,0.0
2010-09-22 00:00:00+09:00,363.1373202369326,363.1373202369326,361.4162902832031,361.4162902832031,900,0.0,0.0
2010-09-24 00:00:00+09:00,361.4162902832031,361.4162902832031,361.4162902832031,361.4162902832031,900,0.0,0.0
2010-09-27 00:00:00+09:00,361.4162902832031,361.4162902832031,361.4162902832031,361.4162902832031,900,0.0,0.0
2010-09-28 00:00:00+09:00,361.41625334087166,396.1678161621094,361.41625334087166,396.1678161621094,100,4.0,0.0
2010-09-29 00:00:00+09:00,396.1678161621094,396.1678161621094,396.1678161621094,396.1678161621094,100,0.0,0.0
2010-09-30 00:00:00+09:00,396.16776650638906,410.0683898925781,396.16776650638906,410.0683898925781,100,0.0,0.0
2010-10-01 00:00:00+09:00,410.0683898925781,410.0683898925781,410.0683898925781,410.0683898925781,100,0.0,0.0
2010-10-04 00:00:00+09:00,410.0683898925781,410.0683898925781,410.0683898925781,410.0683898925781,100,0.0,0.0
2010-10-05 00:00:00+09:00,403.1181640625,403.1181640625,403.1181640625,403.1181640625,100,0.0,0.0
2010-10-06 00:00:00+09:00,403.1181640625,403.1181640625,403.1181640625,403.1181640625,100,0.0,0.0
2010-10-07 00:00:00+09:00,403.1181640625,403.1181640625,403.1181640625,403.1181640625,100,0.0,0.0
2010-10-08 00:00:00+09:00,403.1181640625,403.1181640625,403.1181640625,403.1181640625,100,0.0,0.0
2010-10-12 00:00:00+09:00,402.2493771355353,402.2493771355353,367.4978110763098,381.3984375,1600,0.0,0.0
2010-10-13 00:00:00+09:00,381.3984375,381.3984375,381.3984375,381.3984375,1600,0.0,0.0
2010-10-14 00:00:00+09:00,381.3984375,381.3984375,381.3984375,381.3984375,1600,0.0,0.0
2010-10-15 00:00:00+09:00,385.7423095703125,385.7423095703125,385.7423095703125,385.7423095703125,200,0.0,0.0
2010-10-18 00:00:00+09:00,385.7423095703125,385.7423095703125,385.7423095703125,385.7423095703125,200,0.0,0.0
2010-10-19 00:00:00+09:00,385.7423343035131,398.774169921875,385.7423343035131,398.774169921875,600,0.0,0.0
2010-10-20 00:00:00+09:00,398.774169921875,398.774169921875,398.774169921875,398.774169921875,600,0.0,0.0
2010-10-21 00:00:00+09:00,398.774169921875,398.774169921875,398.774169921875,398.774169921875,600,0.0,0.0
2010-10-22 00:00:00+09:00,398.774169921875,398.774169921875,398.774169921875,398.774169921875,600,0.0,0.0
2010-10-25 00:00:00+09:00,398.774169921875,398.774169921875,398.774169921875,398.774169921875,100,0.0,0.0
2010-10-26 00:00:00+09:00,403.9870300292969,403.9870300292969,403.9870300292969,403.9870300292969,600,0.0,0.0
2010-10-27 00:00:00+09:00,417.8875732421875,417.8875732421875,417.8875732421875,417.8875732421875,500,0.0,0.0
2010-10-28 00:00:00+09:00,417.8875148497906,421.3626708984375,417.8875148497906,421.3626708984375,1500,0.0,0.0
2010-10-29 00:00:00+09:00,417.8875148497906,421.3626708984375,417.8875148497906,421.3626708984375,1500,0.0,0.0
2010-11-01 00:00:00+09:00,421.3626708984375,421.3626708984375,421.3626708984375,421.3626708984375,1500,0.0,0.0
2010-11-02 00:00:00+09:00,412.6748046875,412.6748046875,412.6748046875,412.6748046875,1500,0.0,0.0
2010-11-04 00:00:00+09:00,412.6748046875,412.6748046875,412.6748046875,412.6748046875,1500,0.0,0.0
2010-11-05 00:00:00+09:00,412.6748046875,412.6748046875,412.6748046875,412.6748046875,1500,0.0,0.0
2010-11-08 00:00:00+09:00,412.6748046875,412.6748046875,412.6748046875,412.6748046875,1500,0.0,0.0
2010-11-09 00:00:00+09:00,412.6748046875,412.6748046875,412.6748046875,412.6748046875,1500,0.0,0.0
2010-11-10 00:00:00+09:00,412.6748046875,412.6748046875,412.6748046875,412.6748046875,400,0.0,0.0
2010-11-11 00:00:00+09:00,412.6748046875,412.6748046875,412.6748046875,412.6748046875,400,0.0,0.0
2010-11-12 00:00:00+09:00,412.6748046875,412.6748046875,412.6748046875,412.6748046875,400,0.0,0.0
2010-11-15 00:00:00+09:00,412.67479877082667,425.7066345214844,411.80600972078287,425.7066345214844,300,0.0,0.0
2010-11-16 00:00:00+09:00,418.756405085954,418.756405085954,411.80609130859375,411.80609130859375,300,0.0,0.0
2010-11-17 00:00:00+09:00,411.80609130859375,411.80609130859375,411.80609130859375,411.80609130859375,300,0.0,0.0
2010-11-18 00:00:00+09:00,411.8060638427734,417.018798828125,411.8060638427734,417.018798828125,100,0.0,0.0
2010-11-19 00:00:00+09:00,417.018798828125,417.018798828125,417.018798828125,417.018798828125,100,0.0,0.0
2010-11-22 00:00:00+09:00,417.018798828125,417.018798828125,417.018798828125,417.018798828125,600,0.0,0.0
2010-11-24 00:00:00+09:00,417.018798828125,417.018798828125,417.018798828125,417.018798828125,600,0.0,0.0
2010-11-25 00:00:00+09:00,417.018798828125,417.018798828125,417.018798828125,417.018798828125,600,0.0,0.0
2010-11-26 00:00:00+09:00,417.018798828125,417.018798828125,417.018798828125,417.018798828125,600,0.0,0.0
2010-11-29 00:00:00+09:00,417.018798828125,417.018798828125,417.018798828125,417.018798828125,600,0.0,0.0
2010-11-30 00:00:00+09:00,417.018798828125,417.018798828125,417.018798828125,417.018798828125,600,0.0,0.0
2010-12-01 00:00:00+09:00,417.018798828125,417.018798828125,417.018798828125,417.018798828125,600,0.0,0.0
2010-12-02 00:00:00+09:00,417.018798828125,417.018798828125,417.018798828125,417.018798828125,600,0.0,0.0
2010-12-03 00:00:00+09:00,417.018798828125,417.018798828125,417.018798828125,417.018798828125,600,0.0,0.0
2010-12-06 00:00:00+09:00,417.018798828125,417.018798828125,417.018798828125,417.018798828125,600,0.0,0.0
2010-12-07 00:00:00+09:00,417.018798828125,417.018798828125,417.018798828125,417.018798828125,600,0.0,0.0
2010-12-08 00:00:00+09:00,417.018798828125,417.018798828125,417.018798828125,417.018798828125,600,0.0,0.0
2010-12-09 00:00:00+09:00,417.018798828125,417.018798828125,417.018798828125,417.018798828125,600,0.0,0.0
2010-12-10 00:00:00+09:00,417.018798828125,417.018798828125,417.018798828125,417.018798828125,800,0.0,0.0
2010-12-13 00:00:00+09:00,417.018798828125,417.018798828125,417.018798828125,417.018798828125,700,0.0,0.0
2010-12-14 00:00:00+09:00,417.018798828125,417.018798828125,417.018798828125,417.018798828125,700,0.0,0.0
2010-12-15 00:00:00+09:00,417.018798828125,417.018798828125,417.018798828125,417.018798828125,700,0.0,0.0
2010-12-16 00:00:00+09:00,417.018798828125,417.018798828125,417.018798828125,417.018798828125,700,0.0,0.0
2010-12-17 00:00:00+09:00,417.018798828125,417.018798828125,417.018798828125,417.018798828125,700,0.0,0.0
2010-12-20 00:00:00+09:00,417.0188469434307,417.0188469434307,357.0723876953125,357.0723876953125,20500,0.0,0.0
2010-12-21 00:00:00+09:00,362.2850844692176,370.10418701171875,358.8099277836616,370.10418701171875,1300,0.0,0.0
2010-12-22 00:00:00+09:00,368.36663643973213,368.36663643973213,364.8914794921875,364.8914794921875,2600,0.0,0.0
2010-12-24 00:00:00+09:00,364.89149107550185,364.89149107550185,357.0723876953125,357.0723876953125,5100,0.0,0.0
2010-12-27 00:00:00+09:00,360.5475447531744,360.5475447531744,357.0723876953125,357.0723876953125,2000,0.0,0.0
2010-12-28 00:00:00+09:00,362.2851232821054,362.2851232821054,357.0723876953125,357.0723876953125,500,0.0,0.0
2010-12-29 00:00:00+09:00,357.07229864281345,360.5474548339844,357.07229864281345,360.5474548339844,100,0.0,0.0
2010-12-30 00:00:00+09:00,362.2850844692176,370.10418701171875,362.2850844692176,370.10418701171875,1100,0.0,0.0
2011-01-04 00:00:00+09:00,370.10418701171875,370.10418701171875,370.10418701171875,370.10418701171875,1100,0.0,0.0
2011-01-05 00:00:00+09:00,377.05441836534044,384.0047302246094,377.05441836534044,384.0047302246094,600,0.0,0.0
2011-01-06 00:00:00+09:00,384.0047302246094,384.0047302246094,384.0047302246094,384.0047302246094,500,0.0,0.0
2011-01-07 00:00:00+09:00,384.0047956000434,390.9551086425781,384.0047956000434,390.9551086425781,700,0.0,0.0
2011-01-11 00:00:00+09:00,390.9551428915632,397.90545654296875,390.9551428915632,397.90545654296875,700,0.0,0.0
2011-01-12 00:00:00+09:00,397.90545654296875,397.90545654296875,397.90545654296875,397.90545654296875,700,0.0,0.0
2011-01-13 00:00:00+09:00,397.90545654296875,397.90545654296875,397.90545654296875,397.90545654296875,700,0.0,0.0
2011-01-14 00:00:00+09:00,397.90545654296875,397.90545654296875,397.90545654296875,397.90545654296875,700,0.0,0.0
2011-01-17 00:00:00+09:00,397.90545654296875,397.90545654296875,397.90545654296875,397.90545654296875,700,0.0,0.0
2011-01-18 00:00:00+09:00,397.90545654296875,397.90545654296875,397.90545654296875,397.90545654296875,200,0.0,0.0
2011-01-19 00:00:00+09:00,377.92328594522115,390.0863342285156,377.92328594522115,390.0863342285156,5100,0.0,0.0
2011-01-20 00:00:00+09:00,390.0862544979061,390.0862544979061,383.13594261375636,385.7423095703125,2500,0.0,0.0
2011-01-21 00:00:00+09:00,385.7423811287715,385.7423811287715,377.92327880859375,377.92327880859375,3400,0.0,0.0
2011-01-24 00:00:00+09:00,385.7423095703125,385.7423095703125,385.7423095703125,385.7423095703125,200,0.0,0.0
2011-01-25 00:00:00+09:00,385.7423095703125,385.7423095703125,385.7423095703125,385.7423095703125,200,0.0,0.0
2011-01-26 00:00:00+09:00,385.7423095703125,385.7423095703125,385.7423095703125,385.7423095703125,200,0.0,0.0
2011-01-27 00:00:00+09:00,385.7423095703125,385.7423095703125,385.7423095703125,385.7423095703125,200,0.0,0.0
2011-01-28 00:00:00+09:00,385.7423095703125,385.7423095703125,385.7423095703125,385.7423095703125,200,0.0,0.0
2011-01-31 00:00:00+09:00,385.7423095703125,385.7423095703125,385.7423095703125,385.7423095703125,200,0.0,0.0
2011-02-01 00:00:00+09:00,385.7423095703125,385.7423095703125,385.7423095703125,385.7423095703125,200,0.0,0.0
2011-02-02 00:00:00+09:00,385.7423095703125,385.7423095703125,385.7423095703125,385.7423095703125,200,0.0,0.0
2011-02-03 00:00:00+09:00,385.7423095703125,385.7423095703125,385.7423095703125,385.7423095703125,200,0.0,0.0
2011-02-04 00:00:00+09:00,385.7423095703125,385.7423095703125,385.7423095703125,385.7423095703125,200,0.0,0.0
2011-02-07 00:00:00+09:00,385.7423095703125,385.7423095703125,385.7423095703125,385.7423095703125,200,0.0,0.0
2011-02-08 00:00:00+09:00,385.7423343035131,398.774169921875,385.7423343035131,398.774169921875,200,0.0,0.0
2011-02-09 00:00:00+09:00,397.90545654296875,397.90545654296875,397.90545654296875,397.90545654296875,400,0.0,0.0
2011-02-10 00:00:00+09:00,397.90545654296875,397.90545654296875,397.90545654296875,397.90545654296875,300,0.0,0.0
2011-02-14 00:00:00+09:00,397.90545654296875,397.90545654296875,397.90545654296875,397.90545654296875,900,0.0,0.0
2011-02-15 00:00:00+09:00,397.90545654296875,397.90545654296875,397.90545654296875,397.90545654296875,100,0.0,0.0
2011-02-16 00:00:00+09:00,397.90545654296875,397.90545654296875,397.90545654296875,397.90545654296875,100,0.0,0.0
2011-02-17 00:00:00+09:00,397.9053858362888,405.7244873046875,397.9053858362888,405.7244873046875,2100,0.0,0.0
2011-02-18 00:00:00+09:00,403.9870300292969,403.9870300292969,403.9870300292969,403.9870300292969,800,0.0,0.0
2011-02-21 00:00:00+09:00,403.98691286244303,410.9372253417969,403.98691286244303,410.9372253417969,300,0.0,0.0
2011-02-22 00:00:00+09:00,424.837890625,424.837890625,424.837890625,424.837890625,100,0.0,0.0
2011-02-23 00:00:00+09:00,425.7066797673824,425.7066797673824,424.837890625,424.837890625,800,0.0,0.0
2011-02-24 00:00:00+09:00,424.837890625,424.837890625,424.837890625,424.837890625,800,0.0,0.0
2011-02-25 00:00:00+09:00,424.837890625,424.837890625,424.837890625,424.837890625,800,0.0,0.0
2011-02-28 00:00:00+09:00,424.837890625,424.837890625,424.837890625,424.837890625,800,0.0,0.0
2011-03-01 00:00:00+09:00,424.837890625,424.837890625,424.837890625,424.837890625,800,0.0,0.0
2011-03-02 00:00:00+09:00,417.018798828125,417.018798828125,417.018798828125,417.018798828125,800,0.0,0.0
2011-03-03 00:00:00+09:00,417.018798828125,417.018798828125,417.018798828125,417.018798828125,800,0.0,0.0
2011-03-04 00:00:00+09:00,390.95512132966115,391.8239104881715,386.6111755371094,386.6111755371094,5000,0.0,0.0
2011-03-07 00:00:00+09:00,386.6111755371094,386.6111755371094,386.6111755371094,386.6111755371094,5000,0.0,0.0
2011-03-08 00:00:00+09:00,386.6111755371094,386.6111755371094,386.6111755371094,386.6111755371094,5000,0.0,0.0
2011-03-09 00:00:00+09:00,386.61109717183524,386.61109717183524,384.0047302246094,384.0047302246094,400,0.0,0.0
2011-03-10 00:00:00+09:00,384.0047302246094,384.0047302246094,384.0047302246094,384.0047302246094,400,0.0,0.0
2011-03-11 00:00:00+09:00,384.0047302246094,384.0047302246094,384.0047302246094,384.0047302246094,400,0.0,0.0
2011-03-14 00:00:00+09:00,384.0047302246094,384.0047302246094,384.0047302246094,384.0047302246094,400,0.0,0.0
2011-03-15 00:00:00+09:00,384.0047558404004,384.0047558404004,335.3525695800781,335.3525695800781,300,0.0,0.0
2011-03-16 00:00:00+09:00,384.00475670680527,384.00475670680527,315.37042236328125,315.37042236328125,1000,0.0,0.0
2011-03-17 00:00:00+09:00,315.37042236328125,315.37042236328125,315.37042236328125,315.37042236328125,1000,0.0,0.0
2011-03-18 00:00:00+09:00,364.02269025530137,364.8914794921875,364.02269025530137,364.8914794921875,500,0.0,0.0
2011-03-22 00:00:00+09:00,364.8914794921875,364.8914794921875,350.9908517020089,364.8914794921875,1600,0.0,0.0
2011-03-23 00:00:00+09:00,373.57928466796875,373.57928466796875,373.57928466796875,373.57928466796875,200,0.0,0.0
2011-03-24 00:00:00+09:00,376.1856517703034,376.1856517703034,373.57928466796875,373.57928466796875,1300,0.0,0.0
2011-03-25 00:00:00+09:00,373.5793330751616,377.92327880859375,364.8914416082974,377.92327880859375,600,0.0,0.0
2011-03-28 00:00:00+09:00,378.79205322265625,378.79205322265625,378.79205322265625,378.79205322265625,100,0.0,0.0
2011-03-29 00:00:00+09:00,378.79204426336725,384.0775146484375,378.79204426336725,384.0775146484375,100,6.0,0.0
2011-03-30 00:00:00+09:00,384.0775014813027,392.0057067871094,384.0775014813027,392.0057067871094,100,0.0,0.0
2011-03-31 00:00:00+09:00,392.0056808233792,395.5293273925781,392.0056808233792,395.5293273925781,100,0.0,0.0
2011-04-01 00:00:00+09:00,395.5293273925781,395.5293273925781,395.5293273925781,395.5293273925781,100,0.0,0.0
2011-04-04 00:00:00+09:00,395.5293273925781,395.5293273925781,395.5293273925781,395.5293273925781,100,0.0,0.0
2011-04-05 00:00:00+09:00,395.5293273925781,395.5293273925781,395.5293273925781,395.5293273925781,100,0.0,0.0
2011-04-06 00:00:00+09:00,396.4102478027344,396.4102478027344,396.4102478027344,396.4102478027344,100,0.0,0.0
2011-04-07 00:00:00+09:00,396.4102478027344,396.4102478027344,396.4102478027344,396.4102478027344,100,0.0,0.0
2011-04-08 00:00:00+09:00,396.4102478027344,396.4102478027344,396.4102478027344,396.4102478027344,100,0.0,0.0
2011-04-11 00:00:00+09:00,396.41031743153235,397.2912292480469,396.41031743153235,397.2912292480469,400,0.0,0.0
2011-04-12 00:00:00+09:00,397.29121597660566,399.05303955078125,397.29121597660566,399.05303955078125,200,0.0,0.0
2011-04-13 00:00:00+09:00,399.05303955078125,399.05303955078125,399.05303955078125,399.05303955078125,200,0.0,0.0
2011-04-14 00:00:00+09:00,399.05303955078125,399.05303955078125,399.05303955078125,399.05303955078125,200,0.0,0.0
2011-04-15 00:00:00+09:00,399.05303955078125,399.05303955078125,399.05303955078125,399.05303955078125,200,0.0,0.0
2011-04-18 00:00:00+09:00,371.7447814941406,384.9584585614679,371.7447814941406,371.7447814941406,1000,0.0,0.0
2011-04-19 00:00:00+09:00,384.9584045410156,384.9584045410156,384.9584045410156,384.9584045410156,1000,0.0,0.0
2011-04-20 00:00:00+09:00,384.9584045410156,384.9584045410156,384.9584045410156,384.9584045410156,500,0.0,0.0
2011-04-21 00:00:00+09:00,384.9584045410156,384.9584045410156,384.9584045410156,384.9584045410156,600,0.0,0.0
2011-04-22 00:00:00+09:00,384.9584045410156,384.9584045410156,384.9584045410156,384.9584045410156,600,0.0,0.0
2011-04-25 00:00:00+09:00,384.9584045410156,384.9584045410156,384.9584045410156,384.9584045410156,600,0.0,0.0
2011-04-26 00:00:00+09:00,384.9584045410156,384.9584045410156,384.9584045410156,384.9584045410156,600,0.0,0.0
2011-04-27 00:00:00+09:00,384.9583734556686,384.9583734556686,378.7919921875,378.7919921875,700,0.0,0.0
2011-04-28 00:00:00+09:00,378.7919921875,378.7919921875,378.7919921875,378.7919921875,700,0.0,0.0
2011-05-02 00:00:00+09:00,378.7919921875,378.7919921875,378.7919921875,378.7919921875,700,0.0,0.0
2011-05-06 00:00:00+09:00,378.7920759300485,378.7920759300485,371.7447814941406,371.7447814941406,1000,0.0,0.0
2011-05-09 00:00:00+09:00,372.6257019042969,372.6257019042969,372.6257019042969,372.6257019042969,100,0.0,0.0
2011-05-10 00:00:00+09:00,372.6257019042969,372.6257019042969,372.6257019042969,372.6257019042969,400,0.0,0.0
2011-05-11 00:00:00+09:00,372.6257019042969,372.6257019042969,372.6257019042969,372.6257019042969,400,0.0,0.0
2011-05-12 00:00:00+09:00,372.6257019042969,372.6257019042969,372.6257019042969,372.6257019042969,400,0.0,0.0
2011-05-13 00:00:00+09:00,372.6257019042969,372.6257019042969,372.6257019042969,372.6257019042969,400,0.0,0.0
2011-05-16 00:00:00+09:00,372.6257019042969,372.6257019042969,372.6257019042969,372.6257019042969,400,0.0,0.0
2011-05-17 00:00:00+09:00,365.5783386230469,365.5783386230469,365.5783386230469,365.5783386230469,100,0.0,0.0
2011-05-18 00:00:00+09:00,365.5783265151446,379.67291259765625,365.5783265151446,379.67291259765625,600,0.0,0.0
2011-05-19 00:00:00+09:00,379.6729344557843,384.9584045410156,379.6729344557843,384.9584045410156,500,0.0,0.0
2011-05-20 00:00:00+09:00,384.9584045410156,384.9584045410156,384.9584045410156,384.9584045410156,700,0.0,0.0
2011-05-23 00:00:00+09:00,384.9584045410156,384.9584045410156,384.9584045410156,384.9584045410156,600,0.0,0.0
2011-05-24 00:00:00+09:00,384.9584045410156,384.9584045410156,384.9584045410156,384.9584045410156,600,0.0,0.0
2011-05-25 00:00:00+09:00,384.95841810438367,384.95841810438367,364.69744873046875,364.69744873046875,500,0.0,0.0
2011-05-26 00:00:00+09:00,369.9829406738281,369.9829406738281,369.9829406738281,369.9829406738281,400,0.0,0.0
2011-05-27 00:00:00+09:00,369.9829406738281,369.9829406738281,369.9829406738281,369.9829406738281,400,0.0,0.0
2011-05-30 00:00:00+09:00,369.9829406738281,369.9829406738281,369.9829406738281,369.9829406738281,400,0.0,0.0
2011-05-31 00:00:00+09:00,369.9829406738281,369.9829406738281,369.9829406738281,369.9829406738281,400,0.0,0.0
2011-06-01 00:00:00+09:00,369.9829406738281,369.9829406738281,369.9829406738281,369.9829406738281,100,0.0,0.0
2011-06-02 00:00:00+09:00,369.9829406738281,369.9829406738281,369.9829406738281,369.9829406738281,100,0.0,0.0
2011-06-03 00:00:00+09:00,369.98294017354,376.1493225097656,369.98294017354,376.1493225097656,100,0.0,0.0
2011-06-06 00:00:00+09:00,370.8638000488281,370.8638000488281,370.8638000488281,370.8638000488281,100,0.0,0.0
2011-06-07 00:00:00+09:00,370.8638000488281,370.8638000488281,370.8638000488281,370.8638000488281,100,0.0,0.0
2011-06-08 00:00:00+09:00,370.8638000488281,370.8638000488281,370.8638000488281,370.8638000488281,100,0.0,0.0
2011-06-09 00:00:00+09:00,370.8638000488281,370.8638000488281,370.8638000488281,370.8638000488281,100,0.0,0.0
2011-06-10 00:00:00+09:00,370.8638000488281,370.8638000488281,370.8638000488281,370.8638000488281,100,0.0,0.0
2011-06-13 00:00:00+09:00,370.86385243733724,370.86385243733724,369.9829406738281,369.9829406738281,1000,0.0,0.0
2011-06-14 00:00:00+09:00,369.9829406738281,369.9829406738281,369.9829406738281,369.9829406738281,1000,0.0,0.0
2011-06-15 00:00:00+09:00,377.0301818847656,377.0301818847656,377.0301818847656,377.0301818847656,100,0.0,0.0
2011-06-16 00:00:00+09:00,377.0301818847656,377.0301818847656,377.0301818847656,377.0301818847656,100,0.0,0.0
2011-06-17 00:00:00+09:00,377.0301818847656,377.0301818847656,377.0301818847656,377.0301818847656,100,0.0,0.0
2011-06-20 00:00:00+09:00,377.0301818847656,377.0301818847656,377.0301818847656,377.0301818847656,100,0.0,0.0
2011-06-21 00:00:00+09:00,362.93564656575523,369.9829406738281,362.93564656575523,369.9829406738281,2100,0.0,0.0
2011-06-22 00:00:00+09:00,369.9829406738281,369.9829406738281,369.9829406738281,369.9829406738281,300,0.0,0.0
2011-06-23 00:00:00+09:00,384.07746184593026,384.07746184593026,378.7919921875,378.7919921875,200,0.0,0.0
2011-06-24 00:00:00+09:00,378.7919921875,378.7919921875,378.7919921875,378.7919921875,100,0.0,0.0
2011-06-27 00:00:00+09:00,383.1966650902808,383.1966650902808,377.91119384765625,377.91119384765625,200,0.0,0.0
2011-06-28 00:00:00+09:00,377.91119384765625,377.91119384765625,377.91119384765625,377.91119384765625,200,0.0,0.0
2011-06-29 00:00:00+09:00,377.91119384765625,377.91119384765625,377.91119384765625,377.91119384765625,200,0.0,0.0
2011-06-30 00:00:00+09:00,378.79206585061957,383.1966247558594,377.91115406957164,383.1966247558594,1100,0.0,0.0
2011-07-01 00:00:00+09:00,386.7203063964844,386.7203063964844,386.7203063964844,386.7203063964844,200,0.0,0.0
2011-07-04 00:00:00+09:00,386.7202109695808,395.5293273925781,386.7202109695808,395.5293273925781,700,0.0,0.0
2011-07-05 00:00:00+09:00,409.6239912634354,421.9567565917969,409.6239912634354,421.9567565917969,500,0.0,0.0
2011-07-06 00:00:00+09:00,421.9567565917969,421.9567565917969,421.9567565917969,421.9567565917969,2100,0.0,0.0
2011-07-07 00:00:00+09:00,420.1949462890625,420.1949462890625,420.1949462890625,420.1949462890625,100,0.0,0.0
2011-07-08 00:00:00+09:00,405.2193908691406,405.2193908691406,405.2193908691406,405.2193908691406,100,0.0,0.0
2011-07-11 00:00:00+09:00,405.2193908691406,405.2193908691406,405.2193908691406,405.2193908691406,100,0.0,0.0
2011-07-12 00:00:00+09:00,414.0284729003906,414.0284729003906,414.0284729003906,414.0284729003906,300,0.0,0.0
2011-07-13 00:00:00+09:00,414.0284729003906,414.0284729003906,414.0284729003906,414.0284729003906,300,0.0,0.0
2011-07-14 00:00:00+09:00,414.0284729003906,414.0284729003906,414.0284729003906,414.0284729003906,300,0.0,0.0
2011-07-15 00:00:00+09:00,414.0284729003906,414.0284729003906,414.0284729003906,414.0284729003906,300,0.0,0.0
2011-07-19 00:00:00+09:00,414.0284729003906,414.0284729003906,414.0284729003906,414.0284729003906,300,0.0,0.0
2011-07-20 00:00:00+09:00,414.0284729003906,414.0284729003906,414.0284729003906,414.0284729003906,700,0.0,0.0
2011-07-21 00:00:00+09:00,414.0284818385934,421.0757751464844,414.0284818385934,421.0757751464844,400,0.0,0.0
2011-07-22 00:00:00+09:00,421.0757751464844,421.0757751464844,421.0757751464844,421.0757751464844,1000,0.0,0.0
2011-07-25 00:00:00+09:00,421.0757751464844,421.0757751464844,421.0757751464844,421.0757751464844,1000,0.0,0.0
2011-07-26 00:00:00+09:00,421.0757751464844,421.0757751464844,421.0757751464844,421.0757751464844,1000,0.0,0.0
2011-07-27 00:00:00+09:00,421.0757751464844,421.0757751464844,421.0757751464844,421.0757751464844,1000,0.0,0.0
2011-07-28 00:00:00+09:00,421.0757751464844,421.0757751464844,421.0757751464844,421.0757751464844,1000,0.0,0.0
2011-07-29 00:00:00+09:00,421.0757751464844,421.0757751464844,421.0757751464844,421.0757751464844,1000,0.0,0.0
2011-08-01 00:00:00+09:00,421.0757751464844,421.0757751464844,421.0757751464844,421.0757751464844,1000,0.0,0.0
2011-08-02 00:00:00+09:00,421.0757751464844,421.0757751464844,421.0757751464844,421.0757751464844,1000,0.0,0.0
2011-08-03 00:00:00+09:00,421.0757751464844,421.0757751464844,421.0757751464844,421.0757751464844,1000,0.0,0.0
2011-08-04 00:00:00+09:00,421.0757751464844,421.0757751464844,421.0757751464844,421.0757751464844,1000,0.0,0.0
2011-08-05 00:00:00+09:00,421.0757751464844,421.0757751464844,421.0757751464844,421.0757751464844,1000,0.0,0.0
2011-08-08 00:00:00+09:00,421.0757751464844,421.0757751464844,421.0757751464844,421.0757751464844,1000,0.0,0.0
2011-08-09 00:00:00+09:00,421.0757751464844,421.0757751464844,421.0757751464844,421.0757751464844,1000,0.0,0.0
2011-08-10 00:00:00+09:00,421.0757494549419,421.0757494549419,378.7919921875,378.7919921875,2400,0.0,0.0
2011-08-11 00:00:00+09:00,378.7919921875,378.7919921875,378.7919921875,378.7919921875,2400,0.0,0.0
2011-08-12 00:00:00+09:00,378.7919921875,378.7919921875,378.7919921875,378.7919921875,2400,0.0,0.0
2011-08-15 00:00:00+09:00,378.7919921875,378.7919921875,378.7919921875,378.7919921875,2400,0.0,0.0
2011-08-16 00:00:00+09:00,378.7919921875,378.7919921875,378.7919921875,378.7919921875,2400,0.0,0.0
2011-08-17 00:00:00+09:00,378.7919932872326,391.124755859375,378.7919932872326,391.124755859375,2400,0.0,0.0
2011-08-18 00:00:00+09:00,391.124755859375,391.124755859375,391.124755859375,391.124755859375,2400,0.0,0.0
2011-08-19 00:00:00+09:00,391.124755859375,391.124755859375,391.124755859375,391.124755859375,2400,0.0,0.0
2011-08-22 00:00:00+09:00,391.124755859375,391.124755859375,391.124755859375,391.124755859375,2100,0.0,0.0
2011-08-23 00:00:00+09:00,391.124755859375,391.124755859375,391.124755859375,391.124755859375,100,0.0,0.0
2011-08-24 00:00:00+09:00,391.124755859375,391.124755859375,391.124755859375,391.124755859375,100,0.0,0.0
2011-08-25 00:00:00+09:00,391.124755859375,391.124755859375,391.124755859375,391.124755859375,100,0.0,0.0
2011-08-26 00:00:00+09:00,391.124755859375,391.124755859375,391.124755859375,391.124755859375,100,0.0,0.0
2011-08-29 00:00:00+09:00,391.1247780296943,402.5766296386719,391.1247780296943,402.5766296386719,100,0.0,0.0
2011-08-30 00:00:00+09:00,437.8130961278335,437.8130961278335,402.5766296386719,402.5766296386719,3700,0.0,0.0
2011-08-31 00:00:00+09:00,402.5766296386719,402.5766296386719,402.5766296386719,402.5766296386719,3700,0.0,0.0
2011-09-01 00:00:00+09:00,381.4348136208274,387.6011962890625,379.6729900013317,387.6011962890625,300,0.0,0.0
2011-09-02 00:00:00+09:00,387.6011962890625,387.6011962890625,387.6011962890625,387.6011962890625,300,0.0,0.0
2011-09-05 00:00:00+09:00,387.6011962890625,387.6011962890625,387.6011962890625,387.6011962890625,300,0.0,0.0
2011-09-06 00:00:00+09:00,387.6011962890625,387.6011962890625,387.6011962890625,387.6011962890625,300,0.0,0.0
2011-09-07 00:00:00+09:00,387.6011962890625,387.6011962890625,387.6011962890625,387.6011962890625,300,0.0,0.0
2011-09-08 00:00:00+09:00,387.6011082848837,387.6011082848837,378.7919921875,378.7919921875,100,0.0,0.0
2011-09-09 00:00:00+09:00,378.7919921875,378.7919921875,378.7919921875,378.7919921875,100,0.0,0.0
2011-09-12 00:00:00+09:00,378.7919921875,378.7919921875,378.7919921875,378.7919921875,200,0.0,0.0
2011-09-13 00:00:00+09:00,378.7919921875,378.7919921875,378.7919921875,378.7919921875,100,0.0,0.0
2011-09-14 00:00:00+09:00,378.7919921875,378.7919921875,378.7919921875,378.7919921875,100,0.0,0.0
2011-09-15 00:00:00+09:00,378.7919921875,378.7919921875,378.7919921875,378.7919921875,100,0.0,0.0
2011-09-16 00:00:00+09:00,387.6011962890625,387.6011962890625,387.6011962890625,387.6011962890625,100,0.0,0.0
2011-09-20 00:00:00+09:00,387.6011962890625,387.6011962890625,387.6011962890625,387.6011962890625,100,0.0,0.0
2011-09-21 00:00:00+09:00,396.4102478027344,396.4102478027344,396.4102478027344,396.4102478027344,800,0.0,0.0
2011-09-22 00:00:00+09:00,396.4102478027344,396.4102478027344,396.4102478027344,396.4102478027344,800,0.0,0.0
2011-09-26 00:00:00+09:00,405.2194112141927,405.2194112141927,369.9829406738281,369.9829406738281,1900,0.0,0.0
2011-09-27 00:00:00+09:00,369.9829406738281,369.9829406738281,369.9829406738281,369.9829406738281,1900,0.0,0.0
2011-09-28 00:00:00+09:00,369.9829406738281,369.9829406738281,369.9829406738281,369.9829406738281,1900,4.0,0.0
2011-09-29 00:00:00+09:00,369.9829406738281,369.9829406738281,369.9829406738281,369.9829406738281,1900,0.0,0.0
2011-09-30 00:00:00+09:00,391.3282080410289,393.1069726230336,391.3282080410289,392.21759033203125,600,0.0,0.0
2011-10-03 00:00:00+09:00,392.21759033203125,392.21759033203125,392.21759033203125,392.21759033203125,600,0.0,0.0
2011-10-04 00:00:00+09:00,392.21759033203125,392.21759033203125,392.21759033203125,392.21759033203125,600,0.0,0.0
2011-10-05 00:00:00+09:00,392.21759033203125,392.21759033203125,392.21759033203125,392.21759033203125,600,0.0,0.0
2011-10-06 00:00:00+09:00,392.21759033203125,392.21759033203125,392.21759033203125,392.21759033203125,600,0.0,0.0
2011-10-07 00:00:00+09:00,392.21759033203125,392.21759033203125,392.21759033203125,392.21759033203125,600,0.0,0.0
2011-10-11 00:00:00+09:00,392.21759033203125,392.21759033203125,392.21759033203125,392.21759033203125,600,0.0,0.0
2011-10-12 00:00:00+09:00,401.1112976074219,401.1112976074219,401.1112976074219,401.1112976074219,600,0.0,0.0
2011-10-13 00:00:00+09:00,410.00518798828125,410.00518798828125,410.00518798828125,410.00518798828125,700,0.0,0.0
2011-10-14 00:00:00+09:00,410.00518798828125,410.00518798828125,410.00518798828125,410.00518798828125,700,0.0,0.0
2011-10-17 00:00:00+09:00,410.00518798828125,410.00518798828125,410.00518798828125,410.00518798828125,700,0.0,0.0
2011-10-18 00:00:00+09:00,410.00518798828125,410.00518798828125,410.00518798828125,410.00518798828125,700,0.0,0.0
2011-10-19 00:00:00+09:00,410.00518798828125,410.00518798828125,410.00518798828125,410.00518798828125,700,0.0,0.0
2011-10-20 00:00:00+09:00,410.00518798828125,410.00518798828125,410.00518798828125,410.00518798828125,900,0.0,0.0
2011-10-21 00:00:00+09:00,410.00518798828125,410.00518798828125,410.00518798828125,410.00518798828125,900,0.0,0.0
2011-10-24 00:00:00+09:00,410.00518798828125,410.00518798828125,410.00518798828125,410.00518798828125,900,0.0,0.0
2011-10-25 00:00:00+09:00,410.00518798828125,410.00518798828125,410.00518798828125,410.00518798828125,900,0.0,0.0
2011-10-26 00:00:00+09:00,410.00518798828125,410.00518798828125,410.00518798828125,410.00518798828125,900,0.0,0.0
2011-10-27 00:00:00+09:00,410.00518798828125,410.00518798828125,410.00518798828125,410.00518798828125,900,0.0,0.0
2011-10-28 00:00:00+09:00,410.00512122275006,410.00512122275006,407.33697509765625,407.33697509765625,100,0.0,0.0
2011-10-31 00:00:00+09:00,407.33697509765625,407.33697509765625,407.33697509765625,407.33697509765625,100,0.0,0.0
2011-11-01 00:00:00+09:00,407.33697509765625,407.33697509765625,407.33697509765625,407.33697509765625,100,0.0,0.0
2011-11-02 00:00:00+09:00,407.33697509765625,407.33697509765625,407.33697509765625,407.33697509765625,100,0.0,0.0
2011-11-04 00:00:00+09:00,407.33697509765625,407.33697509765625,407.33697509765625,407.33697509765625,100,0.0,0.0
2011-11-07 00:00:00+09:00,407.33697509765625,407.33697509765625,407.33697509765625,407.33697509765625,100,0.0,0.0
2011-11-08 00:00:00+09:00,393.10678845616013,393.10678845616013,378.8766784667969,378.8766784667969,200,0.0,0.0
2011-11-09 00:00:00+09:00,378.8767975563227,382.434326171875,355.7528615552326,382.434326171875,1600,0.0,0.0
2011-11-10 00:00:00+09:00,382.4342427998434,382.4342427998434,381.54486083984375,381.54486083984375,800,0.0,0.0
2011-11-11 00:00:00+09:00,381.54486083984375,381.54486083984375,381.54486083984375,381.54486083984375,800,0.0,0.0
2011-11-14 00:00:00+09:00,381.54486083984375,381.54486083984375,381.54486083984375,381.54486083984375,800,0.0,0.0
2011-11-15 00:00:00+09:00,367.31481382788684,367.31481382788684,358.4209926698266,364.64666748046875,3700,0.0,0.0
2011-11-16 00:00:00+09:00,377.9873992175591,377.9873992175591,356.64222843821454,364.64666748046875,5900,0.0,0.0
2011-11-17 00:00:00+09:00,364.64669580199285,364.64669580199285,358.4210205078125,358.4210205078125,2600,0.0,0.0
2011-11-18 00:00:00+09:00,358.4210205078125,358.4210205078125,358.4210205078125,358.4210205078125,2600,0.0,0.0
2011-11-21 00:00:00+09:00,358.4210205078125,358.4210205078125,358.4210205078125,358.4210205078125,2600,0.0,0.0
2011-11-22 00:00:00+09:00,367.3148498535156,367.3148498535156,367.3148498535156,367.3148498535156,600,0.0,0.0
2011-11-24 00:00:00+09:00,364.6467032444102,367.3148498535156,364.6467032444102,367.3148498535156,3000,0.0,0.0
2011-11-25 00:00:00+09:00,360.1997985839844,360.1997985839844,360.1997985839844,360.1997985839844,100,0.0,0.0
2011-11-28 00:00:00+09:00,360.1997985839844,360.1997985839844,360.1997985839844,360.1997985839844,200,0.0,0.0
2011-11-29 00:00:00+09:00,360.1997985839844,360.1997985839844,360.1997985839844,360.1997985839844,200,0.0,0.0
2011-11-30 00:00:00+09:00,360.1997985839844,360.1997985839844,360.1997985839844,360.1997985839844,200,0.0,0.0
2011-12-01 00:00:00+09:00,360.19972105283995,361.9784851074219,360.19972105283995,361.9784851074219,100,0.0,0.0
2011-12-02 00:00:00+09:00,362.8679388383399,367.3148498535156,362.8679388383399,367.3148498535156,300,0.0,0.0
2011-12-05 00:00:00+09:00,367.3147944670457,369.9829406738281,367.3147944670457,369.9829406738281,100,0.0,0.0
2011-12-06 00:00:00+09:00,369.98294898343374,369.98294898343374,369.09356689453125,369.09356689453125,300,0.0,0.0
2011-12-07 00:00:00+09:00,369.09356689453125,369.09356689453125,369.09356689453125,369.09356689453125,300,0.0,0.0
2011-12-08 00:00:00+09:00,361.9784851074219,361.9784851074219,361.9784851074219,361.9784851074219,100,0.0,0.0
2011-12-09 00:00:00+09:00,361.9784851074219,361.9784851074219,361.9784851074219,361.9784851074219,100,0.0,0.0
2011-12-12 00:00:00+09:00,361.97851018331136,369.09356689453125,361.97851018331136,369.09356689453125,200,0.0,0.0
2011-12-13 00:00:00+09:00,369.09356689453125,369.09356689453125,369.09356689453125,369.09356689453125,100,0.0,0.0
2011-12-14 00:00:00+09:00,369.0935857998523,383.3236999511719,369.0935857998523,383.3236999511719,100,0.0,0.0
2011-12-15 00:00:00+09:00,383.3236999511719,383.3236999511719,383.3236999511719,383.3236999511719,500,0.0,0.0
2011-12-16 00:00:00+09:00,383.3236999511719,383.3236999511719,383.3236999511719,383.3236999511719,500,0.0,0.0
2011-12-19 00:00:00+09:00,383.3236999511719,383.3236999511719,383.3236999511719,383.3236999511719,500,0.0,0.0
2011-12-20 00:00:00+09:00,383.3236999511719,383.3236999511719,383.3236999511719,383.3236999511719,500,0.0,0.0
2011-12-21 00:00:00+09:00,384.21298828125,386.8811340332031,384.21298828125,386.8811340332031,6000,0.0,0.0
2011-12-22 00:00:00+09:00,386.8811340332031,386.8811340332031,386.8811340332031,386.8811340332031,300,0.0,0.0
2011-12-26 00:00:00+09:00,386.8811340332031,386.8811340332031,386.8811340332031,386.8811340332031,300,0.0,0.0
2011-12-27 00:00:00+09:00,395.77496337890625,395.77496337890625,395.77496337890625,395.77496337890625,300,0.0,0.0
2011-12-28 00:00:00+09:00,404.6687927246094,404.6687927246094,404.6687927246094,404.6687927246094,300,0.0,0.0
2011-12-29 00:00:00+09:00,404.6687927246094,404.6687927246094,404.6687927246094,404.6687927246094,100,0.0,0.0
2011-12-30 00:00:00+09:00,404.6687927246094,404.6687927246094,404.6687927246094,404.6687927246094,100,0.0,0.0
2012-01-04 00:00:00+09:00,404.6687927246094,404.6687927246094,404.6687927246094,404.6687927246094,100,0.0,0.0
2012-01-05 00:00:00+09:00,404.6687927246094,404.6687927246094,404.6687927246094,404.6687927246094,100,0.0,0.0
2012-01-06 00:00:00+09:00,404.6687927246094,404.6687927246094,404.6687927246094,404.6687927246094,100,0.0,0.0
2012-01-10 00:00:00+09:00,412.67327880859375,412.67327880859375,412.67327880859375,412.67327880859375,200,0.0,0.0
2012-01-11 00:00:00+09:00,412.67327880859375,412.67327880859375,412.67327880859375,412.67327880859375,500,0.0,0.0
2012-01-12 00:00:00+09:00,412.67327880859375,412.67327880859375,412.67327880859375,412.67327880859375,500,0.0,0.0
2012-01-13 00:00:00+09:00,384.2130432128906,384.2130432128906,384.2130432128906,384.2130432128906,700,0.0,0.0
2012-01-16 00:00:00+09:00,385.9917990175736,385.9917990175736,385.1024169921875,385.1024169921875,500,0.0,0.0
2012-01-17 00:00:00+09:00,385.1024169921875,385.1024169921875,385.1024169921875,385.1024169921875,500,0.0,0.0
2012-01-18 00:00:00+09:00,385.1024169921875,385.1024169921875,385.1024169921875,385.1024169921875,500,0.0,0.0
2012-01-19 00:00:00+09:00,385.1024169921875,385.1024169921875,385.1024169921875,385.1024169921875,500,0.0,0.0
2012-01-20 00:00:00+09:00,385.10242703345517,413.5626525878906,385.10242703345517,413.5626525878906,400,0.0,0.0
2012-01-23 00:00:00+09:00,413.5626525878906,413.5626525878906,413.5626525878906,413.5626525878906,1300,0.0,0.0
2012-01-24 00:00:00+09:00,413.5626525878906,413.5626525878906,413.5626525878906,413.5626525878906,500,0.0,0.0
2012-01-25 00:00:00+09:00,414.4520214740737,421.56707763671875,414.4520214740737,421.56707763671875,3000,0.0,0.0
2012-01-26 00:00:00+09:00,426.9033508300781,426.9033508300781,426.9033508300781,426.9033508300781,100,0.0,0.0
2012-01-27 00:00:00+09:00,426.9033508300781,426.9033508300781,426.9033508300781,426.9033508300781,100,0.0,0.0
2012-01-30 00:00:00+09:00,426.9033508300781,426.9033508300781,426.9033508300781,426.9033508300781,100,0.0,0.0
2012-01-31 00:00:00+09:00,418.0095520019531,418.0095520019531,418.0095520019531,418.0095520019531,100,0.0,0.0
2012-02-01 00:00:00+09:00,394.8855911422562,416.23075823102675,388.6599174080314,404.6687927246094,2500,0.0,0.0
2012-02-02 00:00:00+09:00,404.6687927246094,404.6687927246094,404.6687927246094,404.6687927246094,2500,0.0,0.0
2012-02-03 00:00:00+09:00,404.6687927246094,404.6687927246094,404.6687927246094,404.6687927246094,2500,0.0,0.0
2012-02-06 00:00:00+09:00,409.1156921386719,409.1156921386719,409.1156921386719,409.1156921386719,400,0.0,0.0
2012-02-07 00:00:00+09:00,409.1156921386719,409.1156921386719,409.1156921386719,409.1156921386719,400,0.0,0.0
2012-02-08 00:00:00+09:00,409.1157025347699,409.1157025347699,404.6687927246094,404.6687927246094,200,0.0,0.0
2012-02-09 00:00:00+09:00,405.5582275390625,405.5582275390625,405.5582275390625,405.5582275390625,800,0.0,0.0
2012-02-10 00:00:00+09:00,405.558154296875,405.558154296875,400.22186279296875,400.22186279296875,800,0.0,0.0
2012-02-13 00:00:00+09:00,400.22186279296875,400.22186279296875,400.22186279296875,400.22186279296875,800,0.0,0.0
2012-02-14 00:00:00+09:00,400.22186279296875,400.22186279296875,400.22186279296875,400.22186279296875,800,0.0,0.0
2012-02-15 00:00:00+09:00,400.22186279296875,400.22186279296875,400.22186279296875,400.22186279296875,800,0.0,0.0
2012-02-16 00:00:00+09:00,400.22186279296875,400.22186279296875,400.22186279296875,400.22186279296875,800,0.0,0.0
2012-02-17 00:00:00+09:00,400.22187274435294,416.230747654127,400.22187274435294,409.1156921386719,500,0.0,0.0
2012-02-20 00:00:00+09:00,416.2308053152902,442.9122671944754,416.2308053152902,435.7972106933594,400,0.0,0.0
2012-02-21 00:00:00+09:00,435.7971012976862,441.1333923339844,435.7971012976862,441.1333923339844,3900,0.0,0.0
2012-02-22 00:00:00+09:00,441.13344016335225,489.1600646972656,441.13344016335225,489.1600646972656,1000,0.0,0.0
2012-02-23 00:00:00+09:00,489.1600893010169,489.1600893010169,486.491943359375,486.491943359375,800,0.0,0.0
2012-02-24 00:00:00+09:00,489.1600646972656,489.1600646972656,489.1600646972656,489.1600646972656,900,0.0,0.0
2012-02-27 00:00:00+09:00,471.37237548828125,471.37237548828125,471.37237548828125,471.37237548828125,100,0.0,0.0
2012-02-28 00:00:00+09:00,453.5848083496094,453.5848083496094,453.5848083496094,453.5848083496094,1100,0.0,0.0
2012-02-29 00:00:00+09:00,453.5848083496094,453.5848083496094,453.5848083496094,453.5848083496094,1800,0.0,0.0
2012-03-01 00:00:00+09:00,453.5848083496094,453.5848083496094,453.5848083496094,453.5848083496094,1800,0.0,0.0
2012-03-02 00:00:00+09:00,453.5848177396334,462.4786376953125,453.5848177396334,462.4786376953125,100,0.0,0.0
2012-03-05 00:00:00+09:00,462.4786376953125,462.4786376953125,462.4786376953125,462.4786376953125,100,0.0,0.0
2012-03-06 00:00:00+09:00,462.4786376953125,462.4786376953125,462.4786376953125,462.4786376953125,100,0.0,0.0
2012-03-07 00:00:00+09:00,462.4786376953125,462.4786376953125,462.4786376953125,462.4786376953125,100,0.0,0.0
2012-03-08 00:00:00+09:00,462.4786376953125,462.4786376953125,462.4786376953125,462.4786376953125,100,0.0,0.0
2012-03-09 00:00:00+09:00,462.4786376953125,462.4786376953125,462.4786376953125,462.4786376953125,100,0.0,0.0
2012-03-12 00:00:00+09:00,462.4786376953125,462.4786376953125,462.4786376953125,462.4786376953125,600,0.0,0.0
2012-03-13 00:00:00+09:00,462.4786376953125,462.4786376953125,462.4786376953125,462.4786376953125,600,0.0,0.0
2012-03-14 00:00:00+09:00,462.4786376953125,462.4786376953125,462.4786376953125,462.4786376953125,600,0.0,0.0
2012-03-15 00:00:00+09:00,462.4786376953125,462.4786376953125,462.4786376953125,462.4786376953125,600,0.0,0.0
2012-03-16 00:00:00+09:00,462.4786376953125,462.4786376953125,462.4786376953125,462.4786376953125,600,0.0,0.0
2012-03-19 00:00:00+09:00,462.4786376953125,462.4786376953125,462.4786376953125,462.4786376953125,600,0.0,0.0
2012-03-21 00:00:00+09:00,462.4786376953125,462.4786376953125,462.4786376953125,462.4786376953125,3600,0.0,0.0
2012-03-22 00:00:00+09:00,462.4786376953125,462.4786376953125,462.4786376953125,462.4786376953125,1500,0.0,0.0
2012-03-23 00:00:00+09:00,462.4786376953125,462.4786376953125,462.4786376953125,462.4786376953125,1500,0.0,0.0
2012-03-26 00:00:00+09:00,462.4786376953125,462.4786376953125,462.4786376953125,462.4786376953125,1500,0.0,0.0
2012-03-27 00:00:00+09:00,462.4786376953125,462.4786376953125,462.4786376953125,462.4786376953125,1500,0.0,0.0
2012-03-28 00:00:00+09:00,462.4786682128906,462.4786682128906,462.4786682128906,462.4786682128906,1500,6.0,0.0
2012-03-29 00:00:00+09:00,462.4786682128906,462.4786682128906,462.4786682128906,462.4786682128906,1500,0.0,0.0
2012-03-30 00:00:00+09:00,462.4786682128906,462.4786682128906,462.4786682128906,462.4786682128906,1500,0.0,0.0
2012-04-02 00:00:00+09:00,462.4786682128906,462.4786682128906,462.4786682128906,462.4786682128906,1500,0.0,0.0
2012-04-03 00:00:00+09:00,462.4786515383376,462.4786515383376,436.385498046875,436.385498046875,1100,0.0,0.0
2012-04-04 00:00:00+09:00,417.4904062906901,431.8866271972656,417.4904062906901,431.8866271972656,3600,0.0,0.0
2012-04-05 00:00:00+09:00,431.8866271972656,431.8866271972656,431.8866271972656,431.8866271972656,3600,0.0,0.0
2012-04-06 00:00:00+09:00,431.8866271972656,431.8866271972656,431.8866271972656,431.8866271972656,3600,0.0,0.0
2012-04-09 00:00:00+09:00,446.2829284667969,446.2829284667969,446.2829284667969,446.2829284667969,200,0.0,0.0
2012-04-10 00:00:00+09:00,439.0848388671875,439.0848388671875,439.0848388671875,439.0848388671875,1100,0.0,0.0
2012-04-11 00:00:00+09:00,439.0848388671875,439.0848388671875,439.0848388671875,439.0848388671875,1100,0.0,0.0
2012-04-12 00:00:00+09:00,439.0848388671875,439.0848388671875,439.0848388671875,439.0848388671875,1100,0.0,0.0
2012-04-13 00:00:00+09:00,439.0848388671875,439.0848388671875,439.0848388671875,439.0848388671875,1100,0.0,0.0
2012-04-16 00:00:00+09:00,439.0848388671875,439.0848388671875,439.0848388671875,439.0848388671875,1100,0.0,0.0
2012-04-17 00:00:00+09:00,439.0848388671875,439.0848388671875,439.0848388671875,439.0848388671875,1100,0.0,0.0
2012-04-18 00:00:00+09:00,439.0848388671875,439.0848388671875,439.0848388671875,439.0848388671875,1100,0.0,0.0
2012-04-19 00:00:00+09:00,439.0848388671875,439.0848388671875,439.0848388671875,439.0848388671875,1100,0.0,0.0
2012-04-20 00:00:00+09:00,436.38539600172385,436.38539600172385,429.1872863769531,429.1872863769531,1100,0.0,0.0
2012-04-23 00:00:00+09:00,429.1872863769531,429.1872863769531,429.1872863769531,429.1872863769531,1100,0.0,0.0
2012-04-24 00:00:00+09:00,438.18505859375,438.18505859375,438.18505859375,438.18505859375,400,0.0,0.0
2012-04-25 00:00:00+09:00,422.8890380859375,422.8890380859375,422.8890380859375,422.8890380859375,2000,0.0,0.0
2012-04-26 00:00:00+09:00,401.2947315666246,435.4857625072787,401.2947315666246,434.58599853515625,400,0.0,0.0
2012-04-27 00:00:00+09:00,434.58598306145467,447.18267822265625,434.58598306145467,447.18267822265625,1600,0.0,0.0
2012-05-01 00:00:00+09:00,447.18267822265625,447.18267822265625,447.18267822265625,447.18267822265625,1600,0.0,0.0
2012-05-02 00:00:00+09:00,447.18267822265625,447.18267822265625,447.18267822265625,447.18267822265625,1600,0.0,0.0
2012-05-07 00:00:00+09:00,447.18265511648997,447.18265511648997,440.8843078613281,440.8843078613281,500,0.0,0.0
2012-05-08 00:00:00+09:00,440.8843078613281,440.8843078613281,440.8843078613281,440.8843078613281,500,0.0,0.0
2012-05-09 00:00:00+09:00,440.8843078613281,440.8843078613281,440.8843078613281,440.8843078613281,500,0.0,0.0
2012-05-10 00:00:00+09:00,440.8843078613281,440.8843078613281,440.8843078613281,440.8843078613281,400,0.0,0.0
2012-05-11 00:00:00+09:00,440.8843078613281,440.8843078613281,440.8843078613281,440.8843078613281,400,0.0,0.0
2012-05-14 00:00:00+09:00,436.385498046875,436.385498046875,436.385498046875,436.385498046875,100,0.0,0.0
2012-05-15 00:00:00+09:00,436.385498046875,436.385498046875,436.385498046875,436.385498046875,100,0.0,0.0
2012-05-16 00:00:00+09:00,436.385498046875,436.385498046875,436.385498046875,436.385498046875,100,0.0,0.0
2012-05-17 00:00:00+09:00,436.38552172430633,436.38552172430633,417.490478515625,417.490478515625,500,0.0,0.0
2012-05-18 00:00:00+09:00,412.09185791015625,412.09185791015625,412.09185791015625,412.09185791015625,600,0.0,0.0
2012-05-21 00:00:00+09:00,412.09185791015625,412.09185791015625,412.09185791015625,412.09185791015625,600,0.0,0.0
2012-05-22 00:00:00+09:00,421.0894939365672,421.9892578125,421.0894939365672,421.9892578125,400,0.0,0.0
2012-05-23 00:00:00+09:00,421.9892578125,421.9892578125,421.9892578125,421.9892578125,400,0.0,0.0
2012-05-24 00:00:00+09:00,429.1873854616855,429.1873854616855,422.8890380859375,422.8890380859375,1000,0.0,0.0
2012-05-25 00:00:00+09:00,422.8890380859375,422.8890380859375,422.8890380859375,422.8890380859375,100,0.0,0.0
2012-05-28 00:00:00+09:00,422.8890380859375,422.8890380859375,422.8890380859375,422.8890380859375,100,0.0,0.0
2012-05-29 00:00:00+09:00,422.8890380859375,422.8890380859375,422.8890380859375,422.8890380859375,100,0.0,0.0
2012-05-30 00:00:00+09:00,422.8890380859375,422.8890380859375,422.8890380859375,422.8890380859375,100,0.0,0.0
2012-05-31 00:00:00+09:00,422.8890380859375,422.8890380859375,422.8890380859375,422.8890380859375,100,0.0,0.0
2012-06-01 00:00:00+09:00,422.8890380859375,422.8890380859375,422.8890380859375,422.8890380859375,100,0.0,0.0
2012-06-04 00:00:00+09:00,422.8890380859375,422.8890380859375,422.8890380859375,422.8890380859375,100,0.0,0.0
2012-06-05 00:00:00+09:00,422.8890380859375,422.8890380859375,422.8890380859375,422.8890380859375,100,0.0,0.0
2012-06-06 00:00:00+09:00,401.29473876953125,401.29473876953125,401.29473876953125,401.29473876953125,3100,0.0,0.0
2012-06-07 00:00:00+09:00,401.29473082014005,408.49284258373,401.29473082014005,407.59307861328125,1100,0.0,0.0
2012-06-08 00:00:00+09:00,407.59306443000156,412.991648064836,407.59306443000156,408.4928283691406,900,0.0,0.0
2012-06-11 00:00:00+09:00,408.4928283691406,408.4928283691406,408.4928283691406,408.4928283691406,500,0.0,0.0
2012-06-12 00:00:00+09:00,408.4928283691406,408.4928283691406,408.4928283691406,408.4928283691406,500,0.0,0.0
2012-06-13 00:00:00+09:00,405.7934875488281,405.7934875488281,405.7934875488281,405.7934875488281,100,0.0,0.0
2012-06-14 00:00:00+09:00,395.8961486816406,395.8961486816406,395.8961486816406,395.8961486816406,100,0.0,0.0
2012-06-15 00:00:00+09:00,405.7934875488281,405.7934875488281,405.7934875488281,405.7934875488281,1400,0.0,0.0
2012-06-18 00:00:00+09:00,405.7934875488281,405.7934875488281,405.7934875488281,405.7934875488281,1400,0.0,0.0
2012-06-19 00:00:00+09:00,405.79355067238373,407.59307861328125,405.79355067238373,407.59307861328125,100,0.0,0.0
2012-06-20 00:00:00+09:00,407.59307861328125,407.59307861328125,407.59307861328125,407.59307861328125,100,0.0,0.0
2012-06-21 00:00:00+09:00,416.59063720703125,416.59063720703125,416.59063720703125,416.59063720703125,400,0.0,0.0
2012-06-22 00:00:00+09:00,416.59063720703125,416.59063720703125,416.59063720703125,416.59063720703125,600,0.0,0.0
2012-06-25 00:00:00+09:00,404.8936767578125,404.8936767578125,404.8936767578125,404.8936767578125,2100,0.0,0.0
2012-06-26 00:00:00+09:00,404.8936767578125,404.8936767578125,404.8936767578125,404.8936767578125,2100,0.0,0.0
2012-06-27 00:00:00+09:00,404.8936767578125,404.8936767578125,404.8936767578125,404.8936767578125,2100,0.0,0.0
2012-06-28 00:00:00+09:00,404.8936767578125,404.8936767578125,404.8936767578125,404.8936767578125,2100,0.0,0.0
2012-06-29 00:00:00+09:00,422.88907272403253,426.4881286621094,422.88907272403253,426.4881286621094,1200,0.0,0.0
2012-07-02 00:00:00+09:00,426.48810248594407,430.087158203125,426.48810248594407,430.087158203125,1600,0.0,0.0
2012-07-03 00:00:00+09:00,431.8866271972656,431.8866271972656,431.8866271972656,431.8866271972656,300,0.0,0.0
2012-07-04 00:00:00+09:00,445.3831503424846,447.18267822265625,418.3902321399098,447.18267822265625,3000,0.0,0.0
2012-07-05 00:00:00+09:00,447.1826866829749,454.38079833984375,447.1826866829749,454.38079833984375,2000,0.0,0.0
2012-07-06 00:00:00+09:00,454.38075111728574,465.17791748046875,454.38075111728574,465.17791748046875,100,0.0,0.0
2012-07-09 00:00:00+09:00,465.17791302490235,465.17791302490235,449.8819274902344,449.8819274902344,200,0.0,0.0
2012-07-10 00:00:00+09:00,449.8819274902344,449.8819274902344,449.8819274902344,449.8819274902344,500,0.0,0.0
2012-07-11 00:00:00+09:00,449.8819274902344,449.8819274902344,449.8819274902344,449.8819274902344,500,0.0,0.0
2012-07-12 00:00:00+09:00,449.8819274902344,449.8819274902344,449.8819274902344,449.8819274902344,500,0.0,0.0
2012-07-13 00:00:00+09:00,449.8819274902344,449.8819274902344,449.8819274902344,449.8819274902344,500,0.0,0.0
2012-07-17 00:00:00+09:00,449.8819274902344,449.8819274902344,449.8819274902344,449.8819274902344,500,0.0,0.0
2012-07-18 00:00:00+09:00,449.8819274902344,449.8819274902344,449.8819274902344,449.8819274902344,500,0.0,0.0
2012-07-19 00:00:00+09:00,467.8771667480469,467.8771667480469,467.8771667480469,467.8771667480469,300,0.0,0.0
2012-07-20 00:00:00+09:00,467.8771667480469,467.8771667480469,467.8771667480469,467.8771667480469,500,0.0,0.0
2012-07-23 00:00:00+09:00,467.8772432335251,467.8772432335251,430.087158203125,430.087158203125,900,0.0,0.0
2012-07-24 00:00:00+09:00,430.087158203125,430.087158203125,430.087158203125,430.087158203125,900,0.0,0.0
2012-07-25 00:00:00+09:00,430.087158203125,430.087158203125,430.087158203125,430.087158203125,900,0.0,0.0
2012-07-26 00:00:00+09:00,430.087158203125,430.087158203125,430.087158203125,430.087158203125,900,0.0,0.0
2012-07-27 00:00:00+09:00,439.984619140625,439.984619140625,439.984619140625,439.984619140625,900,0.0,0.0
2012-07-30 00:00:00+09:00,439.984619140625,439.984619140625,439.984619140625,439.984619140625,200,0.0,0.0
2012-07-31 00:00:00+09:00,439.984619140625,439.984619140625,439.984619140625,439.984619140625,200,0.0,0.0
2012-08-01 00:00:00+09:00,439.984619140625,439.984619140625,439.984619140625,439.984619140625,200,0.0,0.0
2012-08-02 00:00:00+09:00,439.984619140625,439.984619140625,439.984619140625,439.984619140625,200,0.0,0.0
2012-08-03 00:00:00+09:00,439.984619140625,439.984619140625,439.984619140625,439.984619140625,200,0.0,0.0
2012-08-06 00:00:00+09:00,439.984619140625,439.984619140625,439.984619140625,439.984619140625,200,0.0,0.0
2012-08-07 00:00:00+09:00,439.984619140625,439.984619140625,439.984619140625,439.984619140625,200,0.0,0.0
2012-08-08 00:00:00+09:00,439.984619140625,439.984619140625,439.984619140625,439.984619140625,200,0.0,0.0
2012-08-09 00:00:00+09:00,439.984619140625,439.984619140625,439.984619140625,439.984619140625,200,0.0,0.0
2012-08-10 00:00:00+09:00,439.984619140625,439.984619140625,439.984619140625,439.984619140625,300,0.0,0.0
2012-08-13 00:00:00+09:00,414.7911628885472,422.8890380859375,414.7911628885472,422.8890380859375,2300,0.0,0.0
2012-08-14 00:00:00+09:00,422.8890380859375,422.8890380859375,422.8890380859375,422.8890380859375,100,0.0,0.0
2012-08-15 00:00:00+09:00,422.88902844880755,427.3878479003906,422.88902844880755,427.3878479003906,200,0.0,0.0
2012-08-16 00:00:00+09:00,427.3878479003906,427.3878479003906,427.3878479003906,427.3878479003906,200,0.0,0.0
2012-08-17 00:00:00+09:00,430.087158203125,430.087158203125,430.087158203125,430.087158203125,100,0.0,0.0
2012-08-20 00:00:00+09:00,430.08721462007924,439.984619140625,430.08721462007924,439.984619140625,100,0.0,0.0
2012-08-21 00:00:00+09:00,439.98450899601943,448.9821472167969,439.98450899601943,448.9821472167969,500,0.0,0.0
2012-08-22 00:00:00+09:00,448.9821472167969,448.9821472167969,448.9821472167969,448.9821472167969,400,0.0,0.0
2012-08-23 00:00:00+09:00,434.58599853515625,434.58599853515625,434.58599853515625,434.58599853515625,100,0.0,0.0
2012-08-24 00:00:00+09:00,435.4857767825305,435.4857767825305,433.6862487792969,433.6862487792969,300,0.0,0.0
2012-08-27 00:00:00+09:00,433.6862487792969,433.6862487792969,433.6862487792969,433.6862487792969,300,0.0,0.0
2012-08-28 00:00:00+09:00,433.6862487792969,433.6862487792969,433.6862487792969,433.6862487792969,200,0.0,0.0
2012-08-29 00:00:00+09:00,433.6862487792969,433.6862487792969,433.6862487792969,433.6862487792969,200,0.0,0.0
2012-08-30 00:00:00+09:00,440.8843078613281,440.8843078613281,440.8843078613281,440.8843078613281,100,0.0,0.0
2012-08-31 00:00:00+09:00,442.68388038345535,442.68388038345535,425.58836467759016,426.4881286621094,500,0.0,0.0
2012-09-03 00:00:00+09:00,426.488142670178,439.0848388671875,426.488142670178,439.0848388671875,100,0.0,0.0
2012-09-04 00:00:00+09:00,439.0848388671875,439.0848388671875,439.0848388671875,439.0848388671875,100,0.0,0.0
2012-09-05 00:00:00+09:00,439.0847755714699,439.0847755714699,437.2852478027344,437.2852478027344,200,0.0,0.0
2012-09-06 00:00:00+09:00,437.2852619603737,437.2852619603737,436.385498046875,436.385498046875,200,0.0,0.0
2012-09-07 00:00:00+09:00,436.385498046875,436.385498046875,436.385498046875,436.385498046875,200,0.0,0.0
2012-09-10 00:00:00+09:00,436.385498046875,436.385498046875,436.385498046875,436.385498046875,400,0.0,0.0
2012-09-11 00:00:00+09:00,436.385498046875,436.385498046875,436.385498046875,436.385498046875,400,0.0,0.0
2012-09-12 00:00:00+09:00,436.3854839183666,437.2852478027344,436.3854839183666,437.2852478027344,100,0.0,0.0
2012-09-13 00:00:00+09:00,438.18507266472915,450.7817687988281,438.18507266472915,450.7817687988281,600,0.0,0.0
2012-09-14 00:00:00+09:00,449.88191103887465,449.88191103887465,448.08238339471916,448.9821472167969,400,0.0,0.0
2012-09-18 00:00:00+09:00,448.9821636352539,458.87956604003904,448.9821636352539,449.8819274902344,1000,0.0,0.0
2012-09-19 00:00:00+09:00,458.8796103000641,460.67913818359375,458.8796103000641,460.67913818359375,100,0.0,0.0
2012-09-20 00:00:00+09:00,460.67913818359375,460.67913818359375,451.68149876594543,460.67913818359375,1000,0.0,0.0
2012-09-21 00:00:00+09:00,460.679070327553,466.9774169921875,460.679070327553,466.9774169921875,1200,0.0,0.0
2012-09-24 00:00:00+09:00,484.9726786099947,484.9726786099947,467.8771667480469,467.8771667480469,2100,0.0,0.0
2012-09-25 00:00:00+09:00,467.87724201645244,484.97275662859204,441.7840881347656,441.7840881347656,1100,0.0,0.0
2012-09-26 00:00:00+09:00,449.0412749938353,452.6698913574219,449.0412749938353,452.6698913574219,100,4.0,0.0
2012-09-27 00:00:00+09:00,452.6698838608408,468.9986572265625,452.6698838608408,468.9986572265625,1000,0.0,0.0
2012-09-28 00:00:00+09:00,487.1417924827504,487.1417924827504,485.3274841308594,485.3274841308594,300,0.0,0.0
2012-10-01 00:00:00+09:00,485.32750568914855,494.39904785156256,485.32750568914855,494.3990478515625,100,0.0,0.0
2012-10-02 00:00:00+09:00,497.1204298508655,497.1204298508655,460.8342670880286,488.04888916015625,300,0.0,0.0
2012-10-03 00:00:00+09:00,488.04888916015625,488.04888916015625,478.0701944003761,488.04888916015625,1300,0.0,0.0
2012-10-04 00:00:00+09:00,488.0490375615199,502.5635070800781,488.0490375615199,502.5635070800781,100,0.0,0.0
2012-10-05 00:00:00+09:00,488.0489193423764,495.30615234375006,451.76275433550825,495.30615234375,900,0.0,0.0
2012-10-09 00:00:00+09:00,495.3061448838976,495.3061448838976,489.8632202148438,489.86322021484375,100,0.0,0.0
2012-10-10 00:00:00+09:00,489.8632202148438,489.8632202148438,489.8632202148438,489.86322021484375,600,0.0,0.0
2012-10-11 00:00:00+09:00,489.8632202148438,489.8632202148438,489.8632202148438,489.86322021484375,600,0.0,0.0
2012-10-12 00:00:00+09:00,489.8632202148438,489.8632202148438,489.8632202148438,489.86322021484375,600,0.0,0.0
2012-10-15 00:00:00+09:00,489.8632202148438,489.8632202148438,489.8632202148438,489.86322021484375,600,0.0,0.0
2012-10-16 00:00:00+09:00,498.93475341796875,498.93475341796875,498.93475341796875,498.93475341796875,500,0.0,0.0
2012-10-17 00:00:00+09:00,498.93482575182907,499.84197998046875,498.93482575182907,499.84197998046875,400,0.0,0.0
2012-10-18 00:00:00+09:00,499.84197998046875,499.84197998046875,499.84197998046875,499.84197998046875,400,0.0,0.0
2012-10-19 00:00:00+09:00,499.84197998046875,499.84197998046875,499.84197998046875,499.84197998046875,400,0.0,0.0
2012-10-22 00:00:00+09:00,499.84192043834474,499.84192043834474,462.64860149465665,463.5557556152344,1600,0.0,0.0
2012-10-23 00:00:00+09:00,465.3700523825253,465.3700523825253,462.6485900878906,462.6485900878906,1100,0.0,0.0
2012-10-24 00:00:00+09:00,480.7916564941406,480.7916564941406,478.9773483564269,480.7916564941406,800,0.0,0.0
2012-10-25 00:00:00+09:00,483.51318359375,483.51318359375,483.51318359375,483.51318359375,400,0.0,0.0
2012-10-26 00:00:00+09:00,485.3274841308594,485.3274841308594,485.3274841308594,485.3274841308594,500,0.0,0.0
2012-10-29 00:00:00+09:00,485.3274841308594,485.3274841308594,485.3274841308594,485.3274841308594,500,0.0,0.0
2012-10-30 00:00:00+09:00,485.3274841308594,485.3274841308594,485.3274841308594,485.3274841308594,500,0.0,0.0
2012-10-31 00:00:00+09:00,485.3274841308594,485.3274841308594,485.3274841308594,485.3274841308594,500,0.0,0.0
2012-11-01 00:00:00+09:00,485.3274841308594,485.3274841308594,485.3274841308594,485.3274841308594,500,0.0,0.0
2012-11-02 00:00:00+09:00,470.8129926839836,470.8129926839836,459.0199890136719,459.0199890136719,1200,0.0,0.0
2012-11-05 00:00:00+09:00,459.0199890136719,459.0199890136719,459.0199890136719,459.0199890136719,100,0.0,0.0
2012-11-06 00:00:00+09:00,459.0199890136719,459.0199890136719,459.0199890136719,459.0199890136719,100,0.0,0.0
2012-11-07 00:00:00+09:00,459.0199890136719,459.0199890136719,459.0199890136719,459.0199890136719,100,0.0,0.0
2012-11-08 00:00:00+09:00,453.5771145427251,453.5771145427251,450.85565185546875,450.85565185546875,1200,0.0,0.0
2012-11-09 00:00:00+09:00,449.948486328125,449.948486328125,449.948486328125,449.948486328125,300,0.0,0.0
2012-11-12 00:00:00+09:00,449.948486328125,449.948486328125,449.948486328125,449.948486328125,300,0.0,0.0
2012-11-13 00:00:00+09:00,459.0199890136719,459.0199890136719,459.0199890136719,459.0199890136719,500,0.0,0.0
2012-11-14 00:00:00+09:00,459.0199890136719,459.0199890136719,459.0199890136719,459.0199890136719,500,0.0,0.0
2012-11-15 00:00:00+09:00,459.0199890136719,459.0199890136719,459.0199890136719,459.0199890136719,500,0.0,0.0
2012-11-16 00:00:00+09:00,459.92718505859375,459.92718505859375,459.92718505859375,459.92718505859375,100,0.0,0.0
2012-11-19 00:00:00+09:00,459.92718505859375,459.92718505859375,459.92718505859375,459.92718505859375,100,0.0,0.0
2012-11-20 00:00:00+09:00,459.92718505859375,459.92718505859375,459.92718505859375,459.92718505859375,100,0.0,0.0
2012-11-21 00:00:00+09:00,468.9986572265625,468.9986572265625,468.9986572265625,468.9986572265625,700,0.0,0.0
2012-11-22 00:00:00+09:00,468.9986572265625,468.9986572265625,468.9986572265625,468.9986572265625,700,0.0,0.0
2012-11-26 00:00:00+09:00,461.74151611328125,461.74151611328125,461.74151611328125,461.74151611328125,200,0.0,0.0
2012-11-27 00:00:00+09:00,468.09149169921875,468.09149169921875,468.09149169921875,468.09149169921875,200,0.0,0.0
2012-11-28 00:00:00+09:00,468.09149169921875,468.09149169921875,468.09149169921875,468.09149169921875,200,0.0,0.0
2012-11-29 00:00:00+09:00,468.09149169921875,468.09149169921875,468.09149169921875,468.09149169921875,200,0.0,0.0
2012-11-30 00:00:00+09:00,468.09149169921875,468.09149169921875,468.09149169921875,468.09149169921875,200,0.0,0.0
2012-12-03 00:00:00+09:00,468.09149169921875,468.09149169921875,468.09149169921875,468.09149169921875,200,0.0,0.0
2012-12-04 00:00:00+09:00,468.09149169921875,468.09149169921875,468.09149169921875,468.09149169921875,200,0.0,0.0
2012-12-05 00:00:00+09:00,468.09149169921875,468.09149169921875,468.09149169921875,468.09149169921875,100,0.0,0.0
2012-12-06 00:00:00+09:00,468.09149169921875,468.09149169921875,468.09149169921875,468.09149169921875,100,0.0,0.0
2012-12-07 00:00:00+09:00,453.5770568847656,453.5770568847656,453.5770568847656,453.5770568847656,1000,0.0,0.0
2012-12-10 00:00:00+09:00,454.48431396484375,454.48431396484375,454.48431396484375,454.48431396484375,300,0.0,0.0
2012-12-11 00:00:00+09:00,454.48431396484375,454.48431396484375,454.48431396484375,454.48431396484375,300,0.0,0.0
2012-12-12 00:00:00+09:00,454.48431396484375,454.48431396484375,454.48431396484375,454.48431396484375,300,0.0,0.0
2012-12-13 00:00:00+09:00,461.74151611328125,461.74151611328125,461.74151611328125,461.74151611328125,400,0.0,0.0
2012-12-14 00:00:00+09:00,461.74151611328125,461.74151611328125,461.74151611328125,461.74151611328125,400,0.0,0.0
2012-12-17 00:00:00+09:00,453.5771145427251,453.5771145427251,450.85565185546875,450.85565185546875,1000,0.0,0.0
2012-12-18 00:00:00+09:00,450.85565185546875,450.85565185546875,450.85565185546875,450.85565185546875,1000,0.0,0.0
2012-12-19 00:00:00+09:00,450.85565185546875,450.85565185546875,450.85565185546875,450.85565185546875,1000,0.0,0.0
2012-12-20 00:00:00+09:00,461.74151611328125,461.74151611328125,461.74151611328125,461.74151611328125,100,0.0,0.0
2012-12-21 00:00:00+09:00,461.74151611328125,461.74151611328125,461.74151611328125,461.74151611328125,2300,0.0,0.0
2012-12-25 00:00:00+09:00,461.74151611328125,461.74151611328125,461.74151611328125,461.74151611328125,100,0.0,0.0
2012-12-26 00:00:00+09:00,463.55582462453185,463.55582462453185,461.74151611328125,461.74151611328125,3100,0.0,0.0
2012-12-27 00:00:00+09:00,462.64862483562814,462.64862483562814,458.11285400390625,458.11285400390625,1900,0.0,0.0
2012-12-28 00:00:00+09:00,468.09157295904214,468.09157295904214,459.92718505859375,459.92718505859375,1600,0.0,0.0
2013-01-04 00:00:00+09:00,468.09149169921875,468.09149169921875,468.09149169921875,468.09149169921875,1000,0.0,0.0
2013-01-07 00:00:00+09:00,469.9058227539063,469.9058227539063,469.9058227539063,469.90582275390625,100,0.0,0.0
2013-01-08 00:00:00+09:00,449.04132080078125,449.04132080078125,449.04132080078125,449.04132080078125,100,0.0,0.0
2013-01-09 00:00:00+09:00,468.09149169921875,468.09149169921875,468.09149169921875,468.09149169921875,200,0.0,0.0
2013-01-10 00:00:00+09:00,468.0914766751803,471.7200927734375,468.0914766751803,471.7200927734375,1500,0.0,0.0
2013-01-11 00:00:00+09:00,471.7200927734375,471.7200927734375,471.7200927734375,471.7200927734375,700,0.0,0.0
2013-01-15 00:00:00+09:00,471.7201687179449,475.3487854003906,471.7201687179449,475.3487854003906,1300,0.0,0.0
2013-01-16 00:00:00+09:00,464.4628982843137,464.4628982843137,462.6485900878906,462.6485900878906,500,0.0,0.0
2013-01-17 00:00:00+09:00,462.6485900878906,462.6485900878906,462.6485900878906,462.6485900878906,500,0.0,0.0
2013-01-18 00:00:00+09:00,471.7200927734375,471.7200927734375,471.7200927734375,471.7200927734375,100,0.0,0.0
2013-01-21 00:00:00+09:00,480.7917593113671,481.69891357421875,480.7917593113671,481.69891357421875,900,0.0,0.0
2013-01-22 00:00:00+09:00,482.6060294031426,483.51318359375,482.6060294031426,483.51318359375,1500,0.0,0.0
2013-01-23 00:00:00+09:00,483.51318359375,483.51318359375,483.51318359375,483.51318359375,6000,0.0,0.0
2013-01-24 00:00:00+09:00,483.51318359375,483.51318359375,483.51318359375,483.51318359375,1800,0.0,0.0
2013-01-25 00:00:00+09:00,562.4356079101562,562.4356079101562,562.4356079101562,562.4356079101562,500,0.0,0.0
2013-01-28 00:00:00+09:00,562.4356079101562,562.4356079101562,562.4356079101562,562.4356079101562,500,0.0,0.0
2013-01-29 00:00:00+09:00,562.4356079101562,562.4356079101562,562.4356079101562,562.4356079101562,500,0.0,0.0
2013-01-30 00:00:00+09:00,562.4356079101562,562.4356079101562,562.4356079101562,562.4356079101562,500,0.0,0.0
2013-01-31 00:00:00+09:00,562.4356079101562,562.4356079101562,562.4356079101562,562.4356079101562,500,0.0,0.0
2013-02-01 00:00:00+09:00,562.4356079101562,562.4356079101562,562.4356079101562,562.4356079101562,100,0.0,0.0
2013-02-04 00:00:00+09:00,624.1221313476562,624.1221313476562,624.1221313476562,624.1221313476562,100,0.0,0.0
2013-02-05 00:00:00+09:00,566.9713182514216,566.9713182514216,533.4066162109375,533.4066162109375,400,0.0,0.0
2013-02-06 00:00:00+09:00,526.1494140625,526.1494140625,526.1494140625,526.1494140625,100,0.0,0.0
2013-02-07 00:00:00+09:00,526.1494140625,526.1494140625,526.1494140625,526.1494140625,100,0.0,0.0
2013-02-08 00:00:00+09:00,501.6562427471935,502.56339689321015,496.21331787109375,496.21331787109375,1200,0.0,0.0
2013-02-12 00:00:00+09:00,487.1417501553622,498.93475341796875,487.1417501553622,498.93475341796875,1500,0.0,0.0
2013-02-13 00:00:00+09:00,589.650146484375,589.650146484375,589.650146484375,589.650146484375,1100,0.0,0.0
2013-02-14 00:00:00+09:00,544.29248046875,544.29248046875,544.29248046875,544.29248046875,1100,0.0,0.0
2013-02-15 00:00:00+09:00,508.00637885902415,525.2423095703125,481.69890566811046,525.2423095703125,1000,0.0,0.0
2013-02-18 00:00:00+09:00,525.2423095703125,525.2423095703125,525.2423095703125,525.2423095703125,1000,0.0,0.0
2013-02-19 00:00:00+09:00,525.2423095703125,525.2423095703125,525.2423095703125,525.2423095703125,1000,0.0,0.0
2013-02-20 00:00:00+09:00,525.2423095703125,525.2423095703125,525.2423095703125,525.2423095703125,600,0.0,0.0
2013-02-21 00:00:00+09:00,526.1494638182751,526.1494638182751,525.2423095703125,525.2423095703125,1200,0.0,0.0
2013-02-22 00:00:00+09:00,517.0778198242188,517.0778198242188,517.0778198242188,517.0778198242188,500,0.0,0.0
2013-02-25 00:00:00+09:00,517.0778198242188,517.0778198242188,517.0778198242188,517.0778198242188,500,0.0,0.0
2013-02-26 00:00:00+09:00,494.398994516053,496.21330275280917,492.5846862792969,492.5846862792969,1500,0.0,0.0
2013-02-27 00:00:00+09:00,498.0275842524084,518.8921278549683,498.0275842524084,509.8205871582031,600,0.0,0.0
2013-02-28 00:00:00+09:00,527.0565682246768,527.0565682246768,526.1494140625,526.1494140625,200,0.0,0.0
2013-03-01 00:00:00+09:00,565.1570491347202,589.650211777798,565.1570491347202,585.1144409179688,2800,0.0,0.0
2013-03-04 00:00:00+09:00,595.0931155620806,675.829833984375,595.0931155620806,675.829833984375,6200,0.0,0.0
2013-03-05 00:00:00+09:00,757.4739087975544,774.7098420516305,612.3292077105979,625.9365234375,17900,0.0,0.0
2013-03-06 00:00:00+09:00,621.400668565617,625.9364398690158,575.1358012709507,624.1221313476562,5500,0.0,0.0
2013-03-07 00:00:00+09:00,612.3290446267199,616.8648153276586,592.3716535425898,607.7932739257812,2000,0.0,0.0
2013-03-08 00:00:00+09:00,607.7933141790285,607.7933141790285,591.4645385742188,591.4645385742188,2700,0.0,0.0
2013-03-11 00:00:00+09:00,607.793339550047,625.0292700746006,598.721797168703,603.257568359375,2500,0.0,0.0
2013-03-12 00:00:00+09:00,603.2576132462164,606.88623046875,603.2576132462164,606.88623046875,2200,0.0,0.0
2013-03-13 00:00:00+09:00,600.5360408042794,607.7932739257812,600.5360408042794,607.7932739257812,4600,0.0,0.0
2013-03-14 00:00:00+09:00,607.7932471718866,610.5147094726562,603.2574766706039,610.5147094726562,3500,0.0,0.0
2013-03-15 00:00:00+09:00,615.0506523467047,616.8649610556921,590.5574847753759,599.6290283203125,6800,0.0,0.0
2013-03-18 00:00:00+09:00,598.721729330662,598.721729330662,597.8145751953125,597.8145751953125,1200,0.0,0.0
2013-03-19 00:00:00+09:00,599.6287875291778,599.6287875291778,589.6500936368617,595.093017578125,3600,0.0,0.0
2013-03-21 00:00:00+09:00,595.0929976406009,598.7216134798729,576.0427644844232,588.742919921875,5900,0.0,0.0
2013-03-22 00:00:00+09:00,588.742919921875,589.650073881693,576.9499184442411,588.742919921875,2700,0.0,0.0
2013-03-25 00:00:00+09:00,597.8145993254906,597.8145993254906,585.1144409179688,585.1144409179688,2300,0.0,0.0
2013-03-26 00:00:00+09:00,576.9501789093018,580.5787963867188,576.9501789093018,580.5787963867188,2400,0.0,0.0
2013-03-27 00:00:00+09:00,582.410163116455,602.5564266204834,581.494423866272,586.0731201171875,1600,6.0,0.0
2013-03-28 00:00:00+09:00,581.4943237304688,581.4943237304688,581.4943237304688,581.4943237304688,400,0.0,0.0
2013-03-29 00:00:00+09:00,577.8314853083655,579.6629638671875,577.8314853083655,579.6629638671875,200,0.0,0.0
2013-04-01 00:00:00+09:00,581.4944335724834,581.4944335724834,525.6343383789062,525.6343383789062,2700,0.0,0.0
2013-04-02 00:00:00+09:00,550.3591555592209,550.3591555592209,538.4545482010348,547.6119384765625,600,0.0,0.0
2013-04-03 00:00:00+09:00,549.4434994556865,558.6008911132812,545.7805427926486,558.6008911132812,1700,0.0,0.0
2013-04-04 00:00:00+09:00,549.4434994556865,558.6008911132812,548.527760289927,558.6008911132812,1000,0.0,0.0
2013-04-05 00:00:00+09:00,570.5055403050368,586.0731072154472,560.4324087747714,563.1796264648438,3000,0.0,0.0
2013-04-08 00:00:00+09:00,565.926759158157,581.4943237304688,565.926759158157,581.4943237304688,1400,0.0,0.0
2013-04-09 00:00:00+09:00,582.4100766897964,583.3258158040885,573.252685546875,573.252685546875,2500,0.0,0.0
2013-04-10 00:00:00+09:00,573.252685546875,573.252685546875,573.252685546875,573.252685546875,2500,0.0,0.0
2013-04-11 00:00:00+09:00,582.4100766897964,583.3258158040885,573.252685546875,573.252685546875,600,0.0,0.0
2013-04-12 00:00:00+09:00,572.3370361328125,572.3370361328125,572.3370361328125,572.3370361328125,200,0.0,0.0
2013-04-15 00:00:00+09:00,572.3371229754383,572.3371229754383,565.0112078013527,569.5899047851562,900,0.0,0.0
2013-04-16 00:00:00+09:00,565.0110979095808,565.0110979095808,559.5166625976562,559.5166625976562,800,0.0,0.0
2013-04-17 00:00:00+09:00,569.5899047851562,569.5899047851562,569.5899047851562,569.5899047851562,300,0.0,0.0
2013-04-18 00:00:00+09:00,561.348237674477,562.2639770507812,561.348237674477,562.2639770507812,300,0.0,0.0
2013-04-19 00:00:00+09:00,562.2638620913607,568.6740364148778,562.2638620913607,565.9268188476562,1000,0.0,0.0
2013-04-22 00:00:00+09:00,565.9268188476562,567.758297225804,565.9268188476562,565.9268188476562,1800,0.0,0.0
2013-04-23 00:00:00+09:00,566.8426865948742,569.5899047851562,565.9269471981135,569.5899047851562,800,0.0,0.0
2013-04-24 00:00:00+09:00,568.6739097694298,569.5896487545657,564.09521484375,564.09521484375,3300,0.0,0.0
2013-04-25 00:00:00+09:00,568.6741333007812,569.5898726458711,568.6741333007812,568.6741333007812,600,0.0,0.0
2013-04-26 00:00:00+09:00,569.5899047851562,569.5899047851562,569.5899047851562,569.5899047851562,700,0.0,0.0
2013-04-30 00:00:00+09:00,569.5899047851562,569.5899047851562,569.5899047851562,569.5899047851562,300,0.0,0.0
2013-05-01 00:00:00+09:00,560.4323912060951,560.4323912060951,554.022216796875,554.022216796875,2700,0.0,0.0
2013-05-02 00:00:00+09:00,555.8537126246506,563.1796264648438,555.8537126246506,563.1796264648438,1000,0.0,0.0
2013-05-07 00:00:00+09:00,558.6008053852722,561.3480224609375,558.6008053852722,561.3480224609375,1400,0.0,0.0
2013-05-08 00:00:00+09:00,562.2638477763192,562.2638477763192,557.6851519475217,558.6008911132812,300,0.0,0.0
2013-05-09 00:00:00+09:00,559.5166865234374,575.9999931640625,559.5166865234374,572.3370361328125,600,0.0,0.0
2013-05-10 00:00:00+09:00,572.3368657099736,572.3368657099736,563.1794758586141,564.09521484375,5200,0.0,0.0
2013-05-13 00:00:00+09:00,572.3370361328125,572.3370361328125,572.3370361328125,572.3370361328125,100,0.0,0.0
2013-05-14 00:00:00+09:00,573.2526283993084,576.9155844913167,573.2526283993084,575.0841064453125,2600,0.0,0.0
2013-05-15 00:00:00+09:00,579.6628015603229,584.2414966753335,575.0841064453125,575.0841064453125,1600,0.0,0.0
2013-05-16 00:00:00+09:00,575.08425390625,575.08425390625,572.3370361328125,572.3370361328125,900,0.0,0.0
2013-05-17 00:00:00+09:00,572.3370361328125,572.3370361328125,572.3370361328125,572.3370361328125,900,0.0,0.0
2013-05-20 00:00:00+09:00,575.9999931640625,575.9999931640625,572.3370361328125,572.3370361328125,2600,0.0,0.0
2013-05-21 00:00:00+09:00,572.336908418183,584.2415161132812,567.7582131508376,584.2415161132812,2000,0.0,0.0
2013-05-22 00:00:00+09:00,584.2415161132812,584.2415161132812,584.2415161132812,584.2415161132812,900,0.0,0.0
2013-05-23 00:00:00+09:00,583.3258670929939,583.3258670929939,567.75830078125,567.75830078125,700,0.0,0.0
2013-05-24 00:00:00+09:00,565.9269414274441,572.3371171394056,529.2973659305222,548.5278930664062,1900,0.0,0.0
2013-05-27 00:00:00+09:00,548.5278930664062,548.5278930664062,548.5278930664062,548.5278930664062,200,0.0,0.0
2013-05-28 00:00:00+09:00,549.4434994556865,558.6008911132812,549.4434994556865,558.6008911132812,2600,0.0,0.0
2013-05-29 00:00:00+09:00,558.6008911132812,558.6008911132812,558.6008911132812,558.6008911132812,2600,0.0,0.0
2013-05-30 00:00:00+09:00,549.4434814453125,549.4434814453125,549.4434814453125,549.4434814453125,800,0.0,0.0
2013-05-31 00:00:00+09:00,550.3592529296875,550.3592529296875,550.3592529296875,550.3592529296875,100,0.0,0.0
2013-06-03 00:00:00+09:00,550.3592529296875,550.3592529296875,550.3592529296875,550.3592529296875,100,0.0,0.0
2013-06-04 00:00:00+09:00,549.4434814453125,549.4434814453125,549.4434814453125,549.4434814453125,100,0.0,0.0
2013-06-05 00:00:00+09:00,549.4434814453125,549.4434814453125,549.4434814453125,549.4434814453125,0,0.0,0.0
2013-06-06 00:00:00+09:00,538.4546692629895,538.4546692629895,532.0444946289062,532.0444946289062,800,0.0,0.0
2013-06-07 00:00:00+09:00,529.297284601385,529.297284601385,503.6565856933594,503.6565856933594,1700,0.0,0.0
2013-06-10 00:00:00+09:00,510.98248291015625,510.98248291015625,510.98248291015625,510.98248291015625,300,0.0,0.0
2013-06-11 00:00:00+09:00,512.8139432383849,517.3926391601562,512.8139432383849,517.3926391601562,200,0.0,0.0
2013-06-12 00:00:00+09:00,517.3926391601562,517.3926391601562,517.3926391601562,517.3926391601562,200,0.0,0.0
2013-06-13 00:00:00+09:00,517.3926391601562,517.3926391601562,517.3926391601562,517.3926391601562,600,0.0,0.0
2013-06-14 00:00:00+09:00,517.3926391601562,517.3926391601562,517.3926391601562,517.3926391601562,300,0.0,0.0
2013-06-17 00:00:00+09:00,542.11767578125,542.11767578125,542.11767578125,542.11767578125,100,0.0,0.0
2013-06-18 00:00:00+09:00,521.9712810818047,521.9712810818047,521.0555419921875,521.0555419921875,200,0.0,0.0
2013-06-19 00:00:00+09:00,526.5501098632812,526.5501098632812,526.5501098632812,526.5501098632812,300,0.0,0.0
2013-06-20 00:00:00+09:00,526.5501098632812,527.4658491847827,526.5501098632812,526.5501098632812,1100,0.0,0.0
2013-06-21 00:00:00+09:00,526.5501098632812,526.5501098632812,522.8871525772759,526.5501098632812,6000,0.0,0.0
2013-06-24 00:00:00+09:00,553.1064596737132,553.1064596737132,541.2018504423254,544.8648071289062,1900,0.0,0.0
2013-06-25 00:00:00+09:00,549.4435065954774,549.4435065954774,544.8648107071817,546.6962890625,3900,0.0,0.0
2013-06-26 00:00:00+09:00,545.7806040360192,547.6120825730528,543.0333862304688,543.0333862304688,2500,0.0,0.0
2013-06-27 00:00:00+09:00,543.0333862304688,543.0333862304688,543.0333862304688,543.0333862304688,2500,0.0,0.0
2013-06-28 00:00:00+09:00,543.0333862304688,543.0333862304688,543.0333862304688,543.0333862304688,600,0.0,0.0
2013-07-01 00:00:00+09:00,547.6120282401591,553.1064633061138,546.6962890625,546.6962890625,800,0.0,0.0
2013-07-02 00:00:00+09:00,551.2751168499423,569.5899047851562,551.2751168499423,569.5899047851562,1200,0.0,0.0
2013-07-03 00:00:00+09:00,569.5899047851562,569.5899047851562,569.5899047851562,569.5899047851562,1700,0.0,0.0
2013-07-04 00:00:00+09:00,569.5898149468925,570.5055541992188,567.7583364422402,570.5055541992188,2400,0.0,0.0
2013-07-05 00:00:00+09:00,573.2526929098462,576.9156494140625,573.2526929098462,576.9156494140625,300,0.0,0.0
2013-07-08 00:00:00+09:00,572.3370361328125,576.915732421875,572.3370361328125,572.3370361328125,900,0.0,0.0
2013-07-09 00:00:00+09:00,576.9156494140625,576.9156494140625,576.9156494140625,576.9156494140625,1700,0.0,0.0
2013-07-10 00:00:00+09:00,576.915732421875,576.915732421875,572.3370361328125,572.3370361328125,900,0.0,0.0
2013-07-11 00:00:00+09:00,572.3370361328125,572.3370361328125,572.3370361328125,572.3370361328125,900,0.0,0.0
2013-07-12 00:00:00+09:00,572.3370361328125,572.3370361328125,572.3370361328125,572.3370361328125,0,0.0,0.0
2013-07-16 00:00:00+09:00,572.3370361328125,572.3370361328125,572.3370361328125,572.3370361328125,0,0.0,0.0
2013-07-17 00:00:00+09:00,572.3370361328125,572.3370361328125,572.3370361328125,572.3370361328125,0,0.0,0.0
2013-07-18 00:00:00+09:00,559.5166625976562,559.5166625976562,555.8537057230399,559.5166625976562,4800,0.0,0.0
2013-07-19 00:00:00+09:00,559.5165199180702,564.09521484375,549.4433910815746,564.09521484375,1300,0.0,0.0
2013-07-22 00:00:00+09:00,565.0109538288859,565.0109538288859,564.09521484375,564.09521484375,200,0.0,0.0
2013-07-23 00:00:00+09:00,569.5897756039518,569.5897756039518,565.0110796585824,565.9268188476562,1200,0.0,0.0
2013-07-24 00:00:00+09:00,565.9268188476562,565.9268188476562,565.9268188476562,565.9268188476562,300,0.0,0.0
2013-07-25 00:00:00+09:00,566.8425903320312,566.8425903320312,566.8425903320312,566.8425903320312,100,0.0,0.0
2013-07-26 00:00:00+09:00,566.8425903320312,566.8425903320312,566.8425903320312,566.8425903320312,0,0.0,0.0
2013-07-29 00:00:00+09:00,564.0954262138214,564.0954262138214,545.7806396484375,545.7806396484375,300,0.0,0.0
2013-07-30 00:00:00+09:00,540.2861938476562,545.7806297172934,540.2861938476562,540.2861938476562,600,0.0,0.0
2013-07-31 00:00:00+09:00,539.3703289421237,539.3703289421237,538.45458984375,538.45458984375,300,0.0,0.0
2013-08-01 00:00:00+09:00,538.45458984375,538.45458984375,538.45458984375,538.45458984375,0,0.0,0.0
2013-08-02 00:00:00+09:00,538.45458984375,538.45458984375,538.45458984375,538.45458984375,0,0.0,0.0
2013-08-05 00:00:00+09:00,538.45458984375,538.45458984375,538.45458984375,538.45458984375,0,0.0,0.0
2013-08-06 00:00:00+09:00,538.45458984375,538.45458984375,538.45458984375,538.45458984375,0,0.0,0.0
2013-08-07 00:00:00+09:00,523.8027769475644,523.8027769475644,512.8139075011121,514.6453857421875,3100,0.0,0.0
2013-08-08 00:00:00+09:00,523.8028918987771,529.2973278277854,520.1399346127718,526.5501098632812,1100,0.0,0.0
2013-08-09 00:00:00+09:00,535.7073725486288,538.45458984375,535.7073725486288,538.45458984375,300,0.0,0.0
2013-08-12 00:00:00+09:00,540.2860680404974,541.2018071388711,538.45458984375,538.45458984375,3600,0.0,0.0
2013-08-13 00:00:00+09:00,529.2972769285849,532.0444946289062,529.2972769285849,532.0444946289062,1400,0.0,0.0
2013-08-14 00:00:00+09:00,532.0444946289062,532.0444946289062,532.0444946289062,532.0444946289062,0,0.0,0.0
2013-08-15 00:00:00+09:00,532.0444946289062,532.0444946289062,532.0444946289062,532.0444946289062,500,0.0,0.0
2013-08-16 00:00:00+09:00,532.0444946289062,532.0444946289062,532.0444946289062,532.0444946289062,0,0.0,0.0
2013-08-19 00:00:00+09:00,523.8029174804688,523.8029174804688,523.8029174804688,523.8029174804688,1000,0.0,0.0
2013-08-20 00:00:00+09:00,528.3814986432185,558.6008911132812,528.3814986432185,558.6008911132812,1000,0.0,0.0
2013-08-21 00:00:00+09:00,558.6008911132812,558.6008911132812,558.6008911132812,558.6008911132812,1500,0.0,0.0
2013-08-22 00:00:00+09:00,558.6009198769756,558.6009198769756,557.6851806640625,557.6851806640625,1700,0.0,0.0
2013-08-23 00:00:00+09:00,558.6008911132812,558.6008911132812,558.6008911132812,558.6008911132812,400,0.0,0.0
2013-08-26 00:00:00+09:00,554.022216796875,554.022216796875,554.022216796875,554.022216796875,1000,0.0,0.0
2013-08-27 00:00:00+09:00,549.4434814453125,549.4434814453125,549.4434814453125,549.4434814453125,100,0.0,0.0
2013-08-28 00:00:00+09:00,549.4434814453125,549.4434814453125,549.4434814453125,549.4434814453125,0,0.0,0.0
2013-08-29 00:00:00+09:00,556.7694127817623,558.6008911132812,556.7694127817623,558.6008911132812,1400,0.0,0.0
2013-08-30 00:00:00+09:00,558.6008911132812,558.6008911132812,558.6008911132812,558.6008911132812,0,0.0,0.0
2013-09-02 00:00:00+09:00,558.6008911132812,558.6008911132812,558.6008911132812,558.6008911132812,0,0.0,0.0
2013-09-03 00:00:00+09:00,549.4434814453125,549.4434814453125,549.4434814453125,549.4434814453125,400,0.0,0.0
2013-09-04 00:00:00+09:00,554.9380329311294,554.9380329311294,545.7806396484375,545.7806396484375,2100,0.0,0.0
2013-09-05 00:00:00+09:00,542.117568359375,549.4434814453125,542.117568359375,549.4434814453125,1600,0.0,0.0
2013-09-06 00:00:00+09:00,544.8648937328442,545.7806330500423,542.11767578125,542.11767578125,1500,0.0,0.0
2013-09-09 00:00:00+09:00,550.3592205810546,550.3592205810546,544.8647857666016,549.4434814453125,3200,0.0,0.0
2013-09-10 00:00:00+09:00,551.2750244140625,551.2750244140625,551.2750244140625,551.2750244140625,300,0.0,0.0
2013-09-11 00:00:00+09:00,551.2750244140625,551.2750244140625,551.2750244140625,551.2750244140625,0,0.0,0.0
2013-09-12 00:00:00+09:00,560.432373046875,560.432373046875,560.432373046875,560.432373046875,900,0.0,0.0
2013-09-13 00:00:00+09:00,558.6008911132812,558.6008911132812,558.6008911132812,558.6008911132812,200,0.0,0.0
2013-09-17 00:00:00+09:00,565.9268188476562,565.9268188476562,565.9268188476562,565.9268188476562,300,0.0,0.0
2013-09-18 00:00:00+09:00,565.9268223916331,567.75830078125,553.1064736643145,567.75830078125,2700,0.0,0.0
2013-09-19 00:00:00+09:00,567.7584133086065,567.7584133086065,561.348237674477,562.2639770507812,1200,0.0,0.0
2013-09-20 00:00:00+09:00,563.1794758586141,569.5896487545657,563.1794758586141,564.09521484375,900,0.0,0.0
2013-09-24 00:00:00+09:00,564.0953407731905,564.0953407731905,549.4435137401207,550.3592529296875,3500,0.0,0.0
2013-09-25 00:00:00+09:00,559.5166625976562,559.5166625976562,559.5166625976562,559.5166625976562,300,0.0,0.0
2013-09-26 00:00:00+09:00,563.2037963867188,563.2037963867188,563.2037963867188,563.2037963867188,800,4.0,0.0
2013-09-27 00:00:00+09:00,558.5948301496204,558.5948301496204,553.9859619140625,553.9859619140625,1700,0.0,0.0
2013-09-30 00:00:00+09:00,549.3771154764709,553.0642102112123,549.3771154764709,550.2988891601562,3600,0.0,0.0
2013-10-01 00:00:00+09:00,550.2988891601562,550.2988891601562,550.2988891601562,550.2988891601562,0,0.0,0.0
2013-10-02 00:00:00+09:00,550.2988075077733,551.2205810546875,547.5334868670307,551.2205810546875,1500,0.0,0.0
2013-10-03 00:00:00+09:00,551.2207432716638,568.7344458170845,551.2207432716638,552.1425170898438,2100,0.0,0.0
2013-10-04 00:00:00+09:00,553.064208984375,553.064208984375,553.064208984375,553.064208984375,700,0.0,0.0
2013-10-07 00:00:00+09:00,553.064208984375,553.064208984375,553.064208984375,553.064208984375,100,0.0,0.0
2013-10-08 00:00:00+09:00,545.6901003625835,552.1425170898438,545.6901003625835,552.1425170898438,1800,0.0,0.0
2013-10-09 00:00:00+09:00,552.1425170898438,552.1425170898438,552.1425170898438,552.1425170898438,0,0.0,0.0
2013-10-10 00:00:00+09:00,552.1425170898438,552.1425170898438,552.1425170898438,552.1425170898438,0,0.0,0.0
2013-10-11 00:00:00+09:00,552.142478314568,562.2819896024816,538.3158720128677,548.4553833007812,2600,0.0,0.0
2013-10-15 00:00:00+09:00,551.2207074772522,551.2207074772522,542.9247436523438,542.9247436523438,1500,0.0,0.0
2013-10-16 00:00:00+09:00,542.9247436523438,542.9247436523438,542.9247436523438,542.9247436523438,0,0.0,0.0
2013-10-17 00:00:00+09:00,548.4554250887635,548.4554250887635,546.6118774414062,546.6118774414062,300,0.0,0.0
2013-10-18 00:00:00+09:00,549.3772583007812,549.3772583007812,549.3772583007812,549.3772583007812,100,0.0,0.0
2013-10-21 00:00:00+09:00,550.2988075077733,551.2205810546875,550.2988075077733,551.2205810546875,2200,0.0,0.0
2013-10-22 00:00:00+09:00,553.0642520680148,554.9077995749082,548.4553833007812,548.4553833007812,3500,0.0,0.0
2013-10-23 00:00:00+09:00,548.4553833007812,548.4553833007812,545.6900620404411,548.4553833007812,2800,0.0,0.0
2013-10-24 00:00:00+09:00,554.9077995749082,554.9077995749082,543.8465145335479,548.4553833007812,1300,0.0,0.0
2013-10-25 00:00:00+09:00,548.4553833007812,548.4553833007812,548.4553833007812,548.4553833007812,0,0.0,0.0
2013-10-28 00:00:00+09:00,554.9077995749082,554.9077995749082,548.4553833007812,548.4553833007812,300,0.0,0.0
2013-10-29 00:00:00+09:00,548.4553833007812,548.4553833007812,548.4553833007812,548.4553833007812,0,0.0,0.0
2013-10-30 00:00:00+09:00,548.4553833007812,548.4553833007812,548.4553833007812,548.4553833007812,0,0.0,0.0
2013-10-31 00:00:00+09:00,553.9860258214615,553.9860258214615,548.4553833007812,548.4553833007812,1300,0.0,0.0
2013-11-01 00:00:00+09:00,549.3772235128253,549.3772235128253,539.2377109983269,540.1594848632812,1800,0.0,0.0
2013-11-05 00:00:00+09:00,540.1594848632812,540.1594848632812,540.1594848632812,540.1594848632812,0,0.0,0.0
2013-11-06 00:00:00+09:00,540.1594267746498,540.1594267746498,527.2545940530711,534.6287841796875,3200,0.0,0.0
2013-11-07 00:00:00+09:00,541.0811794891621,547.5335955989135,535.550537109375,535.550537109375,7300,0.0,0.0
2013-11-08 00:00:00+09:00,543.8465233444134,543.8465233444134,531.8634643554688,531.8634643554688,1500,0.0,0.0
2013-11-11 00:00:00+09:00,536.4723108393396,536.4723108393396,535.550537109375,535.550537109375,300,0.0,0.0
2013-11-12 00:00:00+09:00,540.1593214800569,542.0028686523438,540.1593214800569,542.0028686523438,300,0.0,0.0
2013-11-13 00:00:00+09:00,542.0029284482075,544.7682495117188,539.2376073846963,544.7682495117188,1500,0.0,0.0
2013-11-14 00:00:00+09:00,543.8465559703704,546.6118774414062,538.315913028299,546.6118774414062,1000,0.0,0.0
2013-11-15 00:00:00+09:00,546.611736583061,546.611736583061,537.3940007216265,542.0028686523438,1700,0.0,0.0
2013-11-18 00:00:00+09:00,553.0642127022526,553.0642127022526,543.8464758238816,544.7682495117188,3300,0.0,0.0
2013-11-19 00:00:00+09:00,544.7682482786853,547.5335693359375,544.7682482786853,547.5335693359375,600,0.0,0.0
2013-11-20 00:00:00+09:00,547.5335668945313,553.064208984375,547.5335668945313,553.064208984375,2400,0.0,0.0
2013-11-21 00:00:00+09:00,553.0643084191329,556.7514038085938,551.2207607244023,556.7514038085938,1100,0.0,0.0
2013-11-22 00:00:00+09:00,557.6731633255494,557.6731633255494,546.6118774414062,546.6118774414062,1100,0.0,0.0
2013-11-25 00:00:00+09:00,546.6118774414062,546.6118774414062,546.6118774414062,546.6118774414062,0,0.0,0.0
2013-11-26 00:00:00+09:00,548.4554391823067,556.7514038085938,548.4554391823067,556.7514038085938,800,0.0,0.0
2013-11-27 00:00:00+09:00,553.064208984375,553.064208984375,553.064208984375,553.064208984375,800,0.0,0.0
2013-11-28 00:00:00+09:00,551.2205810546875,551.2205810546875,551.2205810546875,551.2205810546875,600,0.0,0.0
2013-11-29 00:00:00+09:00,550.2988075077733,557.6729958830869,550.2988075077733,551.2205810546875,1300,0.0,0.0
2013-12-02 00:00:00+09:00,551.2207432716638,552.1425170898438,551.2207432716638,552.1425170898438,700,0.0,0.0
2013-12-03 00:00:00+09:00,552.1424365275269,552.1424365275269,550.2988891601562,550.2988891601562,1300,0.0,0.0
2013-12-04 00:00:00+09:00,547.5335693359375,547.5335693359375,547.5335693359375,547.5335693359375,2000,0.0,0.0
2013-12-05 00:00:00+09:00,547.5335693359375,547.5335693359375,547.5335693359375,547.5335693359375,0,0.0,0.0
2013-12-06 00:00:00+09:00,548.45536793748,548.45536793748,538.3158569335938,538.3158569335938,1600,0.0,0.0
2013-12-09 00:00:00+09:00,538.3158569335938,538.3158569335938,538.3158569335938,538.3158569335938,1200,0.0,0.0
2013-12-10 00:00:00+09:00,537.3940575885613,550.2988891601562,537.3940575885613,550.2988891601562,1500,0.0,0.0
2013-12-11 00:00:00+09:00,542.9247228590109,543.8464965820312,542.9247228590109,543.8464965820312,200,0.0,0.0
2013-12-12 00:00:00+09:00,544.7682495117188,548.4553442630671,544.7682495117188,544.7682495117188,600,0.0,0.0
2013-12-13 00:00:00+09:00,542.9246422384872,542.9246422384872,542.0028686523438,542.0028686523438,1700,0.0,0.0
2013-12-16 00:00:00+09:00,537.3941054771686,537.3941054771686,531.8634628822064,534.6287841796875,3400,0.0,0.0
2013-12-17 00:00:00+09:00,531.8634643554688,531.8634643554688,531.8634643554688,531.8634643554688,600,0.0,0.0
2013-12-18 00:00:00+09:00,537.3940624791333,539.2376098632812,535.5505150949854,539.2376098632812,900,0.0,0.0
2013-12-19 00:00:00+09:00,545.6900678736064,545.6900678736064,534.6287827140062,537.3941040039062,1200,0.0,0.0
2013-12-20 00:00:00+09:00,537.3941040039062,537.3941040039062,537.3941040039062,537.3941040039062,1300,0.0,0.0
2013-12-24 00:00:00+09:00,542.0029728204063,542.0029728204063,537.3941040039062,537.3941040039062,3000,0.0,0.0
2013-12-25 00:00:00+09:00,537.3940832059677,538.3158569335938,537.3940832059677,538.3158569335938,1100,0.0,0.0
2013-12-26 00:00:00+09:00,543.8465248666158,566.890869140625,543.8465248666158,566.890869140625,2300,0.0,0.0
2013-12-27 00:00:00+09:00,566.8908981807244,566.8908981807244,550.2989694534837,552.1425170898438,5600,0.0,0.0
2013-12-30 00:00:00+09:00,557.6730565025089,557.6730565025089,553.9859619140625,553.9859619140625,1400,0.0,0.0
2014-01-06 00:00:00+09:00,550.2988891601562,550.2988891601562,550.2988891601562,550.2988891601562,200,0.0,0.0
2014-01-07 00:00:00+09:00,551.2207465597993,551.2207465597993,546.6118774414062,546.6118774414062,1600,0.0,0.0
2014-01-08 00:00:00+09:00,549.3770339608591,551.2205810546875,549.3770339608591,551.2205810546875,1000,0.0,0.0
2014-01-09 00:00:00+09:00,551.2208061474281,551.2208061474281,549.3772583007812,549.3772583007812,2000,0.0,0.0
2014-01-10 00:00:00+09:00,549.377157054228,549.377157054228,548.4553833007812,548.4553833007812,1400,0.0,0.0
2014-01-14 00:00:00+09:00,555.8294724444954,555.8294724444954,542.0028686523438,542.0028686523438,800,0.0,0.0
2014-01-15 00:00:00+09:00,549.377157054228,553.0642520680148,548.4553833007812,548.4553833007812,6300,0.0,0.0
2014-01-16 00:00:00+09:00,560.4384203683903,594.5440479237036,553.064230626701,592.7005004882812,5400,0.0,0.0
2014-01-17 00:00:00+09:00,588.0915755621038,588.0915755621038,577.9520656386193,581.63916015625,900,0.0,0.0
2014-01-20 00:00:00+09:00,589.0133322438886,589.0133322438886,571.4996337890625,571.4996337890625,4400,0.0,0.0
2014-01-21 00:00:00+09:00,574.2650287334736,587.1698608398438,574.2650287334736,587.1698608398438,400,0.0,0.0
2014-01-22 00:00:00+09:00,587.1699656233003,589.0135133960579,582.5610961914062,582.5610961914062,1600,0.0,0.0
2014-01-23 00:00:00+09:00,584.4044972832701,601.9181967286677,584.4044972832701,591.7786865234375,4600,0.0,0.0
2014-01-24 00:00:00+09:00,586.24803046875,589.0133513671875,576.1085205078125,576.1085205078125,2200,0.0,0.0
2014-01-27 00:00:00+09:00,571.4996167513341,571.4996167513341,553.985918818632,561.360107421875,3800,0.0,0.0
2014-01-28 00:00:00+09:00,558.5949052019816,566.890869140625,558.5949052019816,566.890869140625,700,0.0,0.0
2014-01-29 00:00:00+09:00,573.3432276655988,622.1972325953042,573.3432276655988,604.6835327148438,6700,0.0,0.0
2014-01-30 00:00:00+09:00,613.9014083282857,613.9014083282857,575.1869051003757,582.5610961914062,2200,0.0,0.0
2014-01-31 00:00:00+09:00,590.8569543838502,594.5440492630005,585.3263120651245,589.9351806640625,3000,0.0,0.0
2014-02-03 00:00:00+09:00,598.2310603360952,599.1528339267518,586.2480036575602,593.6221923828125,6300,0.0,0.0
2014-02-04 00:00:00+09:00,589.9351767141757,598.2311401367188,575.1867972963213,598.2311401367188,4700,0.0,0.0
2014-02-05 00:00:00+09:00,594.5440308578371,599.1528993140994,581.6391991803026,585.3262939453125,3800,0.0,0.0
2014-02-06 00:00:00+09:00,589.9351806640625,589.9351806640625,589.9351806640625,589.9351806640625,300,0.0,0.0
2014-02-07 00:00:00+09:00,589.9350934180577,607.4487915039062,589.9350934180577,607.4487915039062,500,0.0,0.0
2014-02-10 00:00:00+09:00,607.4488142516716,607.4488142516716,599.1528516898126,600.9963989257812,2100,0.0,0.0
2014-02-12 00:00:00+09:00,600.0746875639505,602.8400087047983,598.2311401367188,598.2311401367188,3000,0.0,0.0
2014-02-13 00:00:00+09:00,594.5440673828125,594.5440673828125,594.5440673828125,594.5440673828125,800,0.0,0.0
2014-02-14 00:00:00+09:00,585.3263445598323,585.3263445598323,566.890869140625,566.890869140625,4700,0.0,0.0
2014-02-17 00:00:00+09:00,571.4996337890625,571.4996337890625,571.4996337890625,571.4996337890625,800,0.0,0.0
2014-02-18 00:00:00+09:00,589.9352014866979,589.9352014866979,589.013427734375,589.013427734375,3800,0.0,0.0
2014-02-19 00:00:00+09:00,589.013427734375,589.013427734375,589.013427734375,589.013427734375,500,0.0,0.0
2014-02-20 00:00:00+09:00,589.0133513671875,589.0133513671875,576.1085205078125,576.1085205078125,1900,0.0,0.0
2014-02-21 00:00:00+09:00,576.1086565893401,586.2481689453125,576.1086565893401,586.2481689453125,200,0.0,0.0
2014-02-24 00:00:00+09:00,586.248084464303,592.7005004882812,583.4827633111696,592.7005004882812,1900,0.0,0.0
2014-02-25 00:00:00+09:00,601.9182573658552,601.9182573658552,585.3263299040092,594.5440673828125,600,0.0,0.0
2014-02-26 00:00:00+09:00,585.3262939453125,585.3262939453125,585.3262939453125,585.3262939453125,100,0.0,0.0
2014-02-27 00:00:00+09:00,583.4827880859375,583.4827880859375,582.5610143290877,583.4827880859375,700,0.0,0.0
2014-02-28 00:00:00+09:00,586.2480871179602,587.1698608398438,586.2480871179602,587.1698608398438,400,0.0,0.0
2014-03-03 00:00:00+09:00,570.5779432816939,570.5779432816939,560.4384321732955,567.8126220703125,7200,0.0,0.0
2014-03-04 00:00:00+09:00,577.030275406376,577.030275406376,571.4996337890625,571.4996337890625,500,0.0,0.0
2014-03-05 00:00:00+09:00,580.7174726845561,580.7174726845561,572.4215087890625,572.4215087890625,400,0.0,0.0
2014-03-06 00:00:00+09:00,574.2649915907118,580.7174072265625,574.2649915907118,580.7174072265625,2100,0.0,0.0
2014-03-07 00:00:00+09:00,580.7174072265625,580.7174072265625,580.7174072265625,580.7174072265625,300,0.0,0.0
2014-03-10 00:00:00+09:00,580.7174072265625,580.7174072265625,580.7174072265625,580.7174072265625,1000,0.0,0.0
2014-03-11 00:00:00+09:00,571.4996578028945,571.4996578028945,562.2819213867188,562.2819213867188,2200,0.0,0.0
2014-03-12 00:00:00+09:00,562.2819213867188,562.2819213867188,562.2819213867188,562.2819213867188,0,0.0,0.0
2014-03-13 00:00:00+09:00,562.2819213867188,562.2819213867188,562.2819213867188,562.2819213867188,0,0.0,0.0
2014-03-14 00:00:00+09:00,562.2819213867188,563.2036950283363,560.4383741034836,562.2819213867188,2100,0.0,0.0
2014-03-17 00:00:00+09:00,562.2819213867188,562.2819213867188,562.2819213867188,562.2819213867188,0,0.0,0.0
2014-03-18 00:00:00+09:00,562.2819213867188,562.2819213867188,562.2819213867188,562.2819213867188,0,0.0,0.0
2014-03-19 00:00:00+09:00,562.2819213867188,562.2819213867188,562.2819213867188,562.2819213867188,0,0.0,0.0
2014-03-20 00:00:00+09:00,562.2819458007813,562.2819458007813,553.064208984375,553.064208984375,2300,0.0,0.0
2014-03-24 00:00:00+09:00,554.9077758789062,554.9077758789062,554.9077758789062,554.9077758789062,100,0.0,0.0
2014-03-25 00:00:00+09:00,555.8296508789062,555.8296508789062,555.8296508789062,555.8296508789062,200,0.0,0.0
2014-03-26 00:00:00+09:00,557.6731986430154,562.2820680532883,553.0643292327426,555.8296508789062,1300,0.0,0.0
2014-03-27 00:00:00+09:00,552.1053484061395,559.5536499023438,552.1053484061395,559.5536499023438,1100,6.0,0.0
2014-03-28 00:00:00+09:00,555.8295065307617,558.6226196289062,548.3812049357097,558.6226196289062,1800,0.0,0.0
2014-03-31 00:00:00+09:00,555.8295288085938,555.8295288085938,555.8295288085938,555.8295288085938,100,0.0,0.0
2014-04-01 00:00:00+09:00,560.4847174920828,560.4847174920828,555.8295288085938,555.8295288085938,300,0.0,0.0
2014-04-02 00:00:00+09:00,559.5536499023438,560.4846875893693,558.6226122153182,559.5536499023438,1200,0.0,0.0
2014-04-03 00:00:00+09:00,562.3468627929688,562.3468627929688,562.3468627929688,562.3468627929688,400,0.0,0.0
2014-04-04 00:00:00+09:00,558.6226196289062,558.6226196289062,558.6226196289062,558.6226196289062,500,0.0,0.0
2014-04-07 00:00:00+09:00,567.9329833984375,567.9329833984375,567.9329833984375,567.9329833984375,500,0.0,0.0
2014-04-08 00:00:00+09:00,567.9329833984375,567.9329833984375,567.9329833984375,567.9329833984375,0,0.0,0.0
2014-04-09 00:00:00+09:00,561.4158476496627,561.4158476496627,551.1744308600338,552.10546875,2400,0.0,0.0
2014-04-10 00:00:00+09:00,553.036376953125,553.036376953125,553.036376953125,553.036376953125,300,0.0,0.0
2014-04-11 00:00:00+09:00,553.036376953125,553.036376953125,553.036376953125,553.036376953125,600,0.0,0.0
2014-04-14 00:00:00+09:00,553.0364917356576,561.4158325195312,553.0364917356576,561.4158325195312,400,0.0,0.0
2014-04-15 00:00:00+09:00,563.2777099609375,563.2777099609375,563.2777099609375,563.2777099609375,100,0.0,0.0
2014-04-16 00:00:00+09:00,561.4158325195312,561.4158325195312,561.4158325195312,561.4158325195312,500,0.0,0.0
2014-04-17 00:00:00+09:00,561.4158325195312,561.4158325195312,561.4158325195312,561.4158325195312,0,0.0,0.0
2014-04-18 00:00:00+09:00,559.5536499023438,559.5536499023438,559.5536499023438,559.5536499023438,100,0.0,0.0
2014-04-21 00:00:00+09:00,559.5537034348396,560.4847412109375,559.5537034348396,560.4847412109375,1300,0.0,0.0
2014-04-22 00:00:00+09:00,567.0018920898438,567.0018920898438,567.0018920898438,567.0018920898438,100,0.0,0.0
2014-04-23 00:00:00+09:00,567.0018920898438,567.0018920898438,567.0018920898438,567.0018920898438,600,0.0,0.0
2014-04-24 00:00:00+09:00,569.7949829101562,569.7949829101562,569.7949829101562,569.7949829101562,100,0.0,0.0
2014-04-25 00:00:00+09:00,569.7949829101562,569.7949829101562,569.7949829101562,569.7949829101562,0,0.0,0.0
2014-04-28 00:00:00+09:00,569.7949829101562,569.7949829101562,569.7949829101562,569.7949829101562,0,0.0,0.0
2014-04-30 00:00:00+09:00,562.3467704264323,562.3467704264323,558.6226196289062,558.6226196289062,500,0.0,0.0
2014-05-01 00:00:00+09:00,558.6226656587417,560.4847412109375,558.6226656587417,560.4847412109375,900,0.0,0.0
2014-05-02 00:00:00+09:00,556.7605442301432,558.6226196289062,556.7605442301432,558.6226196289062,400,0.0,0.0
2014-05-07 00:00:00+09:00,553.036376953125,553.036376953125,553.036376953125,553.036376953125,1000,0.0,0.0
2014-05-08 00:00:00+09:00,557.6916960897977,557.6916960897977,552.10546875,552.10546875,1700,0.0,0.0
2014-05-09 00:00:00+09:00,552.1053392814867,558.6226029829545,552.1053392814867,553.036376953125,400,0.0,0.0
2014-05-12 00:00:00+09:00,553.036376953125,553.036376953125,553.036376953125,553.036376953125,300,0.0,0.0
2014-05-13 00:00:00+09:00,551.1744068919362,551.1744068919362,532.5536499023438,532.5536499023438,2900,0.0,0.0
2014-05-14 00:00:00+09:00,538.139795913309,550.2432861328125,538.139795913309,550.2432861328125,900,0.0,0.0
2014-05-15 00:00:00+09:00,550.2432861328125,550.2432861328125,550.2432861328125,550.2432861328125,500,0.0,0.0
2014-05-16 00:00:00+09:00,550.2432861328125,550.2432861328125,550.2432861328125,550.2432861328125,0,0.0,0.0
2014-05-19 00:00:00+09:00,546.5191188192775,546.5191188192775,544.6570434570312,544.6570434570312,800,0.0,0.0
2014-05-20 00:00:00+09:00,544.6570434570312,544.6570434570312,544.6570434570312,544.6570434570312,0,0.0,0.0
2014-05-21 00:00:00+09:00,553.9674682617188,553.9674682617188,553.9674682617188,553.9674682617188,800,0.0,0.0
2014-05-22 00:00:00+09:00,553.9674767782521,560.4847412109375,553.9674767782521,560.4847412109375,3800,0.0,0.0
2014-05-23 00:00:00+09:00,557.691650390625,557.691650390625,557.691650390625,557.691650390625,100,0.0,0.0
2014-05-26 00:00:00+09:00,557.691650390625,557.691650390625,557.691650390625,557.691650390625,0,0.0,0.0
2014-05-27 00:00:00+09:00,567.0018920898438,567.0018920898438,567.0018920898438,567.0018920898438,500,0.0,0.0
2014-05-28 00:00:00+09:00,558.6226882042988,558.6226882042988,557.691650390625,557.691650390625,1100,0.0,0.0
2014-05-29 00:00:00+09:00,557.691650390625,557.691650390625,557.691650390625,557.691650390625,900,0.0,0.0
2014-05-30 00:00:00+09:00,558.6226196289062,558.6226196289062,558.6226196289062,558.6226196289062,400,0.0,0.0
2014-06-02 00:00:00+09:00,554.8985060235032,554.8985060235032,553.9674682617188,553.9674682617188,700,0.0,0.0
2014-06-03 00:00:00+09:00,553.9674682617188,553.9674682617188,553.9674682617188,553.9674682617188,0,0.0,0.0
2014-06-04 00:00:00+09:00,558.6226196289062,558.6226196289062,558.6226196289062,558.6226196289062,100,0.0,0.0
2014-06-05 00:00:00+09:00,558.6226196289062,558.6226196289062,558.6226196289062,558.6226196289062,200,0.0,0.0
2014-06-06 00:00:00+09:00,558.6226196289062,558.6226196289062,558.6226196289062,558.6226196289062,500,0.0,0.0
2014-06-09 00:00:00+09:00,558.6226196289062,558.6226196289062,553.0363934326172,558.6226196289062,700,0.0,0.0
2014-06-10 00:00:00+09:00,558.6226196289062,558.6226196289062,558.6226196289062,558.6226196289062,800,0.0,0.0
2014-06-11 00:00:00+09:00,558.6226196289062,558.6226196289062,558.6226196289062,558.6226196289062,0,0.0,0.0
2014-06-12 00:00:00+09:00,555.8295288085938,555.8295288085938,555.8295288085938,555.8295288085938,300,0.0,0.0
2014-06-13 00:00:00+09:00,558.6226029829545,558.6226029829545,553.036376953125,553.036376953125,1200,0.0,0.0
2014-06-16 00:00:00+09:00,567.001951398548,567.001951398548,556.7605368412671,559.5536499023438,500,0.0,0.0
2014-06-17 00:00:00+09:00,558.6226196289062,558.6226196289062,556.7605442301432,558.6226196289062,300,0.0,0.0
2014-06-18 00:00:00+09:00,558.6226196289062,558.6226196289062,558.6226196289062,558.6226196289062,1900,0.0,0.0
2014-06-19 00:00:00+09:00,556.760498046875,556.760498046875,556.760498046875,556.760498046875,1600,0.0,0.0
2014-06-20 00:00:00+09:00,556.760498046875,556.760498046875,556.760498046875,556.760498046875,0,0.0,0.0
2014-06-23 00:00:00+09:00,560.4847570720472,566.0709838867188,560.4847570720472,566.0709838867188,400,0.0,0.0
2014-06-24 00:00:00+09:00,566.0709098149272,575.3812866210938,566.0709098149272,575.3812866210938,1500,0.0,0.0
2014-06-25 00:00:00+09:00,575.3812866210938,575.3812866210938,575.3812866210938,575.3812866210938,500,0.0,0.0
2014-06-26 00:00:00+09:00,575.3812866210938,575.3812866210938,575.3812866210938,575.3812866210938,300,0.0,0.0
2014-06-27 00:00:00+09:00,575.3812866210938,575.3812866210938,575.3812866210938,575.3812866210938,0,0.0,0.0
2014-06-30 00:00:00+09:00,575.3812866210938,575.3812866210938,575.3812866210938,575.3812866210938,100,0.0,0.0
2014-07-01 00:00:00+09:00,575.3813164428313,575.3813164428313,571.6571655273438,571.6571655273438,6700,0.0,0.0
2014-07-02 00:00:00+09:00,571.6571655273438,571.6571655273438,571.6571655273438,571.6571655273438,0,0.0,0.0
2014-07-03 00:00:00+09:00,571.6571655273438,571.6571655273438,571.6571655273438,571.6571655273438,0,0.0,0.0
2014-07-04 00:00:00+09:00,571.6571655273438,571.6571655273438,571.6571655273438,571.6571655273438,0,0.0,0.0
2014-07-07 00:00:00+09:00,574.4503173828125,574.4503173828125,574.4503173828125,574.4503173828125,100,0.0,0.0
2014-07-08 00:00:00+09:00,574.4503173828125,574.4503173828125,574.4503173828125,574.4503173828125,100,0.0,0.0
2014-07-09 00:00:00+09:00,574.4503173828125,574.4503173828125,574.4503173828125,574.4503173828125,0,0.0,0.0
2014-07-10 00:00:00+09:00,568.8641357421875,568.8641357421875,568.8641357421875,568.8641357421875,500,0.0,0.0
2014-07-11 00:00:00+09:00,567.9329833984375,567.9329833984375,567.9329833984375,567.9329833984375,200,0.0,0.0
2014-07-14 00:00:00+09:00,567.9329833984375,567.9329833984375,567.9329833984375,567.9329833984375,100,0.0,0.0
2014-07-15 00:00:00+09:00,574.4503023951812,576.3123779296875,574.4503023951812,576.3123779296875,500,0.0,0.0
2014-07-16 00:00:00+09:00,576.3122457865796,577.2432833403544,569.7949829101562,569.7949829101562,3600,0.0,0.0
2014-07-17 00:00:00+09:00,572.5882568359375,572.5882568359375,572.5882568359375,572.5882568359375,100,0.0,0.0
2014-07-18 00:00:00+09:00,572.588249305626,573.519287109375,572.588249305626,573.519287109375,200,0.0,0.0
2014-07-22 00:00:00+09:00,573.5191965410786,577.2433471679688,573.5191965410786,577.2433471679688,400,0.0,0.0
2014-07-23 00:00:00+09:00,577.2433471679688,577.2433471679688,577.2433471679688,577.2433471679688,0,0.0,0.0
2014-07-24 00:00:00+09:00,577.2433471679688,577.2433471679688,577.2433471679688,577.2433471679688,0,0.0,0.0
2014-07-25 00:00:00+09:00,582.8295530872375,588.4157788356775,582.8295530872375,587.4847412109375,1100,0.0,0.0
2014-07-28 00:00:00+09:00,586.5537349670891,591.2089233398438,586.5537349670891,591.2089233398438,1600,0.0,0.0
2014-07-29 00:00:00+09:00,591.2089233398438,591.2089233398438,591.2089233398438,591.2089233398438,100,0.0,0.0
2014-07-30 00:00:00+09:00,618.2091064453125,618.2091064453125,618.2091064453125,618.2091064453125,700,0.0,0.0
2014-07-31 00:00:00+09:00,613.5537866508217,613.5537866508217,602.381335300579,611.6917114257812,1100,0.0,0.0
2014-08-01 00:00:00+09:00,590.2779541015625,590.2779541015625,590.2779541015625,590.2779541015625,800,0.0,0.0
2014-08-04 00:00:00+09:00,590.2779541015625,590.2779541015625,590.2779541015625,590.2779541015625,300,0.0,0.0
2014-08-05 00:00:00+09:00,590.2779541015625,590.2779541015625,590.2779541015625,590.2779541015625,100,0.0,0.0
2014-08-06 00:00:00+09:00,589.3469077662418,589.3469077662418,583.7606811523438,583.7606811523438,600,0.0,0.0
2014-08-07 00:00:00+09:00,578.1744995117188,578.1744995117188,578.1744995117188,578.1744995117188,300,0.0,0.0
2014-08-08 00:00:00+09:00,577.2433471679688,577.2433471679688,577.2433471679688,577.2433471679688,1400,0.0,0.0
2014-08-11 00:00:00+09:00,577.2433471679688,577.2433471679688,577.2433471679688,577.2433471679688,1200,0.0,0.0
2014-08-12 00:00:00+09:00,577.2433471679688,577.2433471679688,577.2433471679688,577.2433471679688,0,0.0,0.0
2014-08-13 00:00:00+09:00,589.346923828125,589.346923828125,589.346923828125,589.346923828125,100,0.0,0.0
2014-08-14 00:00:00+09:00,580.0364767933806,582.82958984375,580.0364767933806,582.82958984375,400,0.0,0.0
2014-08-15 00:00:00+09:00,584.6917114257812,584.6917114257812,584.6917114257812,584.6917114257812,100,0.0,0.0
2014-08-18 00:00:00+09:00,585.6227103515625,585.6227103515625,579.105446484375,581.8985595703125,2200,0.0,0.0
2014-08-19 00:00:00+09:00,581.8985595703125,581.8985595703125,581.8985595703125,581.8985595703125,100,0.0,0.0
2014-08-20 00:00:00+09:00,581.8985595703125,581.8985595703125,581.8985595703125,581.8985595703125,1000,0.0,0.0
2014-08-21 00:00:00+09:00,581.8985670040815,581.8985670040815,580.967529296875,580.967529296875,1600,0.0,0.0
2014-08-22 00:00:00+09:00,581.8985595703125,581.8985595703125,581.8985595703125,581.8985595703125,100,0.0,0.0
2014-08-25 00:00:00+09:00,582.8296210394965,586.5537719726562,582.8296210394965,586.5537719726562,700,0.0,0.0
2014-08-26 00:00:00+09:00,599.5882568359375,599.5882568359375,599.5882568359375,599.5882568359375,400,0.0,0.0
2014-08-27 00:00:00+09:00,599.5882568359375,599.5882568359375,599.5882568359375,599.5882568359375,0,0.0,0.0
2014-08-28 00:00:00+09:00,596.7952880859375,596.7952880859375,596.7952880859375,596.7952880859375,600,0.0,0.0
2014-08-29 00:00:00+09:00,594.9331665039062,594.9331665039062,594.9331665039062,594.9331665039062,1100,0.0,0.0
2014-09-01 00:00:00+09:00,594.9331665039062,594.9331665039062,594.9331665039062,594.9331665039062,0,0.0,0.0
2014-09-02 00:00:00+09:00,594.9331665039062,594.9331665039062,594.9331665039062,594.9331665039062,0,0.0,0.0
2014-09-03 00:00:00+09:00,594.9331665039062,594.9331665039062,594.9331665039062,594.9331665039062,0,0.0,0.0
2014-09-04 00:00:00+09:00,591.2089233398438,591.2089233398438,591.2089233398438,591.2089233398438,500,0.0,0.0
2014-09-05 00:00:00+09:00,591.2089233398438,591.2089233398438,591.2089233398438,591.2089233398438,0,0.0,0.0
2014-09-08 00:00:00+09:00,582.82958984375,582.82958984375,582.82958984375,582.82958984375,1400,0.0,0.0
2014-09-09 00:00:00+09:00,585.6226637152952,585.6226637152952,580.0364379882812,580.0364379882812,1500,0.0,0.0
2014-09-10 00:00:00+09:00,590.277922905816,590.277922905816,586.5537719726562,586.5537719726562,800,0.0,0.0
2014-09-11 00:00:00+09:00,586.5537719726562,586.5537719726562,584.6916965060764,586.5537719726562,800,0.0,0.0
2014-09-12 00:00:00+09:00,577.243394639757,586.5537719726562,577.243394639757,586.5537719726562,700,0.0,0.0
2014-09-16 00:00:00+09:00,586.5537719726562,586.5537719726562,586.5537719726562,586.5537719726562,0,0.0,0.0
2014-09-17 00:00:00+09:00,586.5537719726562,586.5537719726562,586.5537719726562,586.5537719726562,0,0.0,0.0
2014-09-18 00:00:00+09:00,585.6227103515625,585.6227103515625,581.8985595703125,581.8985595703125,200,0.0,0.0
2014-09-19 00:00:00+09:00,585.6227209091187,595.8641357421875,585.6227209091187,595.8641357421875,4300,0.0,0.0
2014-09-22 00:00:00+09:00,594.9331115722656,594.9331115722656,586.5537719726562,586.5537719726562,900,0.0,0.0
2014-09-24 00:00:00+09:00,586.5537586212158,595.8641357421875,586.5537586212158,595.8641357421875,1600,0.0,0.0
2014-09-25 00:00:00+09:00,595.8641357421875,595.8641357421875,595.8641357421875,595.8641357421875,200,0.0,0.0
2014-09-26 00:00:00+09:00,599.61181640625,599.61181640625,599.61181640625,599.61181640625,0,4.0,0.0
2014-09-29 00:00:00+09:00,599.61181640625,599.61181640625,599.61181640625,599.61181640625,0,0.0,0.0
2014-09-30 00:00:00+09:00,593.053466796875,593.053466796875,593.053466796875,593.053466796875,100,0.0,0.0
2014-10-01 00:00:00+09:00,593.053466796875,593.053466796875,593.053466796875,593.053466796875,0,0.0,0.0
2014-10-02 00:00:00+09:00,584.6214599609375,584.6214599609375,584.6214599609375,584.6214599609375,600,0.0,0.0
2014-10-03 00:00:00+09:00,576.1894606921646,576.1894606921646,574.315673828125,574.315673828125,200,0.0,0.0
2014-10-06 00:00:00+09:00,576.1893920898438,576.1893920898438,576.1893920898438,576.1893920898438,200,0.0,0.0
2014-10-07 00:00:00+09:00,576.1893920898438,576.1893920898438,576.1893920898438,576.1893920898438,0,0.0,0.0
2014-10-08 00:00:00+09:00,571.5049254874873,576.1893920898438,571.5049254874873,576.1893920898438,200,0.0,0.0
2014-10-09 00:00:00+09:00,576.1893920898438,576.1893920898438,576.1893920898438,576.1893920898438,400,0.0,0.0
2014-10-10 00:00:00+09:00,574.315661722819,574.315661722819,559.3253671264648,562.1360473632812,3100,0.0,0.0
2014-10-14 00:00:00+09:00,545.2718399439102,549.0194127270299,545.2718399439102,548.08251953125,2400,0.0,0.0
2014-10-15 00:00:00+09:00,548.0826873002109,551.8302612304688,548.0826873002109,551.8302612304688,2300,0.0,0.0
2014-10-16 00:00:00+09:00,546.2089272200856,546.2089272200856,545.2720336914062,545.2720336914062,500,0.0,0.0
2014-10-17 00:00:00+09:00,542.4613647460938,542.4613647460938,542.4613647460938,542.4613647460938,500,0.0,0.0
2014-10-20 00:00:00+09:00,542.4611960767663,543.3980893342391,537.7767297894021,538.713623046875,4500,0.0,0.0
2014-10-21 00:00:00+09:00,542.4612956089256,544.3350824676784,529.3447875976562,529.3447875976562,3600,0.0,0.0
2014-10-22 00:00:00+09:00,529.3448066711426,542.4613151550293,529.3448066711426,539.650634765625,2000,0.0,0.0
2014-10-23 00:00:00+09:00,534.9661254882812,534.9661254882812,534.9661254882812,534.9661254882812,1400,0.0,0.0
2014-10-24 00:00:00+09:00,540.587330890524,543.3980102539062,536.8397584060143,543.3980102539062,1700,0.0,0.0
2014-10-27 00:00:00+09:00,534.029099733572,538.7135655207086,534.029099733572,537.7766723632812,2100,0.0,0.0
2014-10-28 00:00:00+09:00,531.2184985651911,533.09228515625,529.3447119741322,533.09228515625,4400,0.0,0.0
2014-10-29 00:00:00+09:00,533.09228515625,533.09228515625,528.4078186786028,533.09228515625,700,0.0,0.0
2014-10-30 00:00:00+09:00,533.0923035533715,533.0923035533715,528.4078369140625,528.4078369140625,1800,0.0,0.0
2014-10-31 00:00:00+09:00,529.3446904721467,542.4611960767663,529.3446904721467,538.713623046875,1700,0.0,0.0
2014-11-04 00:00:00+09:00,548.0826453640036,562.1360465271832,547.145751953125,547.145751953125,6000,0.0,0.0
2014-11-05 00:00:00+09:00,543.3980102539062,543.3980102539062,543.3980102539062,543.3980102539062,1300,0.0,0.0
2014-11-06 00:00:00+09:00,534.0291784517794,538.7136449294266,533.09228515625,533.09228515625,1800,0.0,0.0
2014-11-07 00:00:00+09:00,534.9661254882812,543.3981659951017,534.0292320986345,534.9661254882812,1500,0.0,0.0
2014-11-10 00:00:00+09:00,541.5242449929906,541.5242449929906,537.7766723632812,537.7766723632812,1100,0.0,0.0
2014-11-11 00:00:00+09:00,537.7768402627595,541.5244140625,537.7768402627595,541.5244140625,700,0.0,0.0
2014-11-12 00:00:00+09:00,541.5242240116514,543.3980102539062,534.9659721637595,543.3980102539062,1500,0.0,0.0
2014-11-13 00:00:00+09:00,537.7768854619711,548.0827142774444,535.9030984046123,545.2720336914062,1900,0.0,0.0
2014-11-14 00:00:00+09:00,548.0825266502734,548.0825266502734,546.208740234375,546.208740234375,1100,0.0,0.0
2014-11-17 00:00:00+09:00,546.2087473779045,546.2087473779045,538.7136016162866,544.3349609375,2900,0.0,0.0
2014-11-18 00:00:00+09:00,543.3980102539062,543.3980102539062,543.3980102539062,543.3980102539062,500,0.0,0.0
2014-11-19 00:00:00+09:00,543.3980102539062,543.3980102539062,543.3980102539062,543.3980102539062,100,0.0,0.0
2014-11-20 00:00:00+09:00,543.3980606105275,546.208740234375,543.3980606105275,546.208740234375,300,0.0,0.0
2014-11-21 00:00:00+09:00,546.2088585422463,547.145751953125,545.2719651313677,547.145751953125,1800,0.0,0.0
2014-11-25 00:00:00+09:00,548.0826759338379,556.5147171020508,548.0826759338379,554.6409301757812,800,0.0,0.0
2014-11-26 00:00:00+09:00,547.1456584962584,555.5776977539062,547.1456584962584,555.5776977539062,500,0.0,0.0
2014-11-27 00:00:00+09:00,555.5776977539062,555.5776977539062,555.5776977539062,555.5776977539062,0,0.0,0.0
2014-11-28 00:00:00+09:00,549.0195126606123,553.7039794921875,549.0195126606123,553.7039794921875,400,0.0,0.0
2014-12-01 00:00:00+09:00,556.5146484375,556.5146484375,556.5146484375,556.5146484375,100,0.0,0.0
2014-12-02 00:00:00+09:00,565.8836059570312,565.8836059570312,565.8836059570312,565.8836059570312,100,0.0,0.0
2014-12-03 00:00:00+09:00,565.8836059570312,565.8836059570312,565.8836059570312,565.8836059570312,0,0.0,0.0
2014-12-04 00:00:00+09:00,565.8836059570312,565.8836059570312,565.8836059570312,565.8836059570312,0,0.0,0.0
2014-12-05 00:00:00+09:00,560.2622680664062,560.2622680664062,560.2622680664062,560.2622680664062,100,0.0,0.0
2014-12-08 00:00:00+09:00,563.0728506790964,569.631103515625,562.1359574167352,569.631103515625,2100,0.0,0.0
2014-12-09 00:00:00+09:00,568.6943359375,568.6943359375,568.6943359375,568.6943359375,1100,0.0,0.0
2014-12-10 00:00:00+09:00,568.6943359375,568.6943359375,568.6943359375,568.6943359375,600,0.0,0.0
2014-12-11 00:00:00+09:00,568.6943359375,568.6943359375,568.6943359375,568.6943359375,0,0.0,0.0
2014-12-12 00:00:00+09:00,560.2623329865473,560.2623329865473,559.325439453125,559.325439453125,400,0.0,0.0
2014-12-15 00:00:00+09:00,552.76708984375,552.76708984375,552.76708984375,552.76708984375,100,0.0,0.0
2014-12-16 00:00:00+09:00,552.7669414651805,552.7669414651805,543.3980102539062,543.3980102539062,1700,0.0,0.0
2014-12-17 00:00:00+09:00,543.3980102539062,546.2086896172885,543.3980102539062,543.3980102539062,600,0.0,0.0
2014-12-18 00:00:00+09:00,537.7768402627595,545.2719878622405,537.7768402627595,541.5244140625,600,0.0,0.0
2014-12-19 00:00:00+09:00,544.3349467481303,548.08251953125,544.3349467481303,548.08251953125,1400,0.0,0.0
2014-12-22 00:00:00+09:00,548.08251953125,548.08251953125,543.3980535523503,548.08251953125,2600,0.0,0.0
2014-12-24 00:00:00+09:00,548.08251953125,548.08251953125,543.3980535523503,548.08251953125,8100,0.0,0.0
2014-12-25 00:00:00+09:00,548.08251953125,548.08251953125,543.3980535523503,548.08251953125,5600,0.0,0.0
2014-12-26 00:00:00+09:00,538.7137905509567,542.4613647460938,538.7137905509567,542.4613647460938,3100,0.0,0.0
2014-12-29 00:00:00+09:00,539.6506840997409,549.0196195875836,539.6506840997409,542.4613647460938,700,0.0,0.0
2014-12-30 00:00:00+09:00,541.5243792158083,562.1360337880363,534.9661254882812,534.9661254882812,1600,0.0,0.0
2015-01-05 00:00:00+09:00,557.4516105651855,557.4516105651855,554.6409301757812,554.6409301757812,1100,0.0,0.0
2015-01-06 00:00:00+09:00,554.6409301757812,554.6409301757812,554.6409301757812,554.6409301757812,0,0.0,0.0
2015-01-07 00:00:00+09:00,554.6407611872874,554.6407611872874,550.8931884765625,550.8931884765625,300,0.0,0.0
2015-01-08 00:00:00+09:00,550.8933450137868,557.4515991210938,550.8933450137868,557.4515991210938,1000,0.0,0.0
2015-01-09 00:00:00+09:00,557.4515991210938,557.4515991210938,557.4515991210938,557.4515991210938,0,0.0,0.0
2015-01-13 00:00:00+09:00,548.0826229806673,552.76708984375,548.0826229806673,552.76708984375,1500,0.0,0.0
2015-01-14 00:00:00+09:00,552.7670073029179,561.1990463973692,552.7670073029179,558.3883666992188,1200,0.0,0.0
2015-01-15 00:00:00+09:00,558.3883666992188,558.3883666992188,558.3883666992188,558.3883666992188,0,0.0,0.0
2015-01-16 00:00:00+09:00,552.7670750473485,557.4515417850379,552.7670750473485,556.5146484375,2000,0.0,0.0
2015-01-19 00:00:00+09:00,556.5146484375,556.5146484375,556.5146484375,556.5146484375,0,0.0,0.0
2015-01-20 00:00:00+09:00,556.5146484375,556.5146484375,556.5146484375,556.5146484375,0,0.0,0.0
2015-01-21 00:00:00+09:00,551.8302384576878,557.4515991210938,551.8302384576878,557.4515991210938,6200,0.0,0.0
2015-01-22 00:00:00+09:00,557.4515991210938,557.4515991210938,557.4515991210938,557.4515991210938,600,0.0,0.0
2015-01-23 00:00:00+09:00,557.4515098597816,557.4515098597816,546.2087903331978,549.0194702148438,2800,0.0,0.0
2015-01-26 00:00:00+09:00,555.5776977539062,555.5776977539062,555.5776977539062,555.5776977539062,100,0.0,0.0
2015-01-27 00:00:00+09:00,552.7669855101495,552.7669855101495,548.08251953125,548.08251953125,700,0.0,0.0
2015-01-28 00:00:00+09:00,548.08251953125,548.08251953125,548.08251953125,548.08251953125,2200,0.0,0.0
2015-01-29 00:00:00+09:00,548.0826759338379,554.6409301757812,541.5244216918945,554.6409301757812,4600,0.0,0.0
2015-01-30 00:00:00+09:00,554.6409301757812,554.6409301757812,554.6409301757812,554.6409301757812,0,0.0,0.0
2015-02-02 00:00:00+09:00,541.5244216918945,541.5244216918945,539.650634765625,539.650634765625,1800,0.0,0.0
2015-02-03 00:00:00+09:00,537.7766723632812,537.7766723632812,537.7766723632812,537.7766723632812,1800,0.0,0.0
2015-02-04 00:00:00+09:00,539.6505700281629,540.5874633789062,539.6505700281629,540.5874633789062,200,0.0,0.0
2015-02-05 00:00:00+09:00,542.4611171327789,543.3980102539062,537.7766515271418,543.3980102539062,7700,0.0,0.0
2015-02-06 00:00:00+09:00,548.0826101848529,548.0826101848529,540.5874633789062,540.5874633789062,1600,0.0,0.0
2015-02-09 00:00:00+09:00,540.5874633789062,540.5874633789062,540.5874633789062,540.5874633789062,0,0.0,0.0
2015-02-10 00:00:00+09:00,548.08251953125,548.08251953125,548.08251953125,548.08251953125,800,0.0,0.0
2015-02-12 00:00:00+09:00,549.0194127270299,549.0194127270299,548.08251953125,548.08251953125,3100,0.0,0.0
2015-02-13 00:00:00+09:00,548.08251953125,548.08251953125,548.08251953125,548.08251953125,0,0.0,0.0
2015-02-16 00:00:00+09:00,547.145751953125,547.145751953125,547.145751953125,547.145751953125,200,0.0,0.0
2015-02-17 00:00:00+09:00,551.8302612304688,551.8302612304688,551.8302612304688,551.8302612304688,100,0.0,0.0
2015-02-18 00:00:00+09:00,553.7040754495207,553.7040754495207,545.2720336914062,545.2720336914062,200,0.0,0.0
2015-02-19 00:00:00+09:00,558.3884925649947,564.0098532284007,557.4515991210938,557.4515991210938,12600,0.0,0.0
2015-02-20 00:00:00+09:00,573.3787342691656,573.3787342691656,570.5680541992188,570.5680541992188,1600,0.0,0.0
2015-02-23 00:00:00+09:00,575.2524448881213,575.2524448881213,556.5145802337852,558.3883666992188,2200,0.0,0.0
2015-02-24 00:00:00+09:00,558.3883666992188,558.3883666992188,558.3883666992188,558.3883666992188,200,0.0,0.0
2015-02-25 00:00:00+09:00,565.8836059570312,565.8836059570312,565.8836059570312,565.8836059570312,100,0.0,0.0
2015-02-26 00:00:00+09:00,566.8203735351562,566.8203735351562,560.2621212793775,566.8203735351562,3700,0.0,0.0
2015-02-27 00:00:00+09:00,563.0730801596384,572.4420166015625,563.0730801596384,572.4420166015625,1200,0.0,0.0
2015-03-02 00:00:00+09:00,563.0728008175685,566.8203735351562,558.3883349205837,566.8203735351562,2900,0.0,0.0
2015-03-03 00:00:00+09:00,567.7572667145532,573.378625790935,566.8203735351562,566.8203735351562,3000,0.0,0.0
2015-03-04 00:00:00+09:00,566.8203735351562,566.8203735351562,566.8203735351562,566.8203735351562,0,0.0,0.0
2015-03-05 00:00:00+09:00,570.5680541992188,570.5680541992188,570.5680541992188,570.5680541992188,100,0.0,0.0
2015-03-06 00:00:00+09:00,572.4418188079586,580.8738586922002,571.5049254874873,576.1893920898438,900,0.0,0.0
2015-03-09 00:00:00+09:00,575.2525024414062,575.2525024414062,575.2525024414062,575.2525024414062,100,0.0,0.0
2015-03-10 00:00:00+09:00,575.2525551350911,575.2525551350911,562.1360473632812,562.1360473632812,6400,0.0,0.0
2015-03-11 00:00:00+09:00,562.1360473632812,562.1360473632812,562.1360473632812,562.1360473632812,0,0.0,0.0
2015-03-12 00:00:00+09:00,557.4515803019206,562.1360473632812,557.4515803019206,562.1360473632812,1300,0.0,0.0
2015-03-13 00:00:00+09:00,562.1360398606208,564.0098266601562,562.1360398606208,564.0098266601562,2200,0.0,0.0
2015-03-16 00:00:00+09:00,578.0632896052981,579.0001831054688,569.6312481037621,579.0001831054688,2000,0.0,0.0
2015-03-17 00:00:00+09:00,569.6312330436093,584.6215286500201,569.6312330436093,582.7477416992188,5400,0.0,0.0
2015-03-18 00:00:00+09:00,581.8107947564895,581.8107947564895,563.0729269704511,580.8739013671875,4500,0.0,0.0
2015-03-19 00:00:00+09:00,564.0097717581924,578.0631713867188,564.0097717581924,578.0631713867188,2900,0.0,0.0
2015-03-20 00:00:00+09:00,578.0632590372054,578.0632590372054,568.6943245309299,571.5050048828125,1500,0.0,0.0
2015-03-23 00:00:00+09:00,580.8740593992942,581.8109530434866,572.4420166015625,572.4420166015625,2400,0.0,0.0
2015-03-24 00:00:00+09:00,572.4420166015625,574.3158038899473,572.4420166015625,572.4420166015625,500,0.0,0.0
2015-03-25 00:00:00+09:00,572.4420166015625,572.4420166015625,572.4420166015625,572.4420166015625,0,0.0,0.0
2015-03-26 00:00:00+09:00,572.4420166015625,572.4420166015625,572.4420166015625,572.4420166015625,0,0.0,0.0
2015-03-27 00:00:00+09:00,575.280474541804,576.2266595328267,574.3342895507812,574.3342895507812,1100,6.0,0.0
2015-03-30 00:00:00+09:00,573.3880509173284,577.1727905273438,572.4418660148245,577.1727905273438,400,0.0,0.0
2015-03-31 00:00:00+09:00,577.1727905273438,577.1727905273438,577.1727905273438,577.1727905273438,0,0.0,0.0
2015-04-01 00:00:00+09:00,579.0650634765625,579.0650634765625,577.1726939880771,579.0650634765625,2000,0.0,0.0
2015-04-02 00:00:00+09:00,581.9036865234375,581.9036865234375,581.9036865234375,581.9036865234375,1200,0.0,0.0
2015-04-03 00:00:00+09:00,572.4418379620807,581.9036865234375,572.4418379620807,581.9036865234375,2000,0.0,0.0
2015-04-06 00:00:00+09:00,581.9037012662288,587.580810546875,581.9037012662288,587.580810546875,3200,0.0,0.0
2015-04-07 00:00:00+09:00,587.580810546875,587.580810546875,586.6346256667673,587.580810546875,2800,0.0,0.0
2015-04-08 00:00:00+09:00,578.1190795898438,578.1190795898438,578.1190795898438,578.1190795898438,200,0.0,0.0
2015-04-09 00:00:00+09:00,585.6884155273438,585.6884155273438,585.6884155273438,585.6884155273438,100,0.0,0.0
2015-04-10 00:00:00+09:00,585.6884303710938,591.3655395507812,585.6884303710938,591.3655395507812,800,0.0,0.0
2015-04-13 00:00:00+09:00,581.9036077524161,582.8497924804688,581.9036077524161,582.8497924804688,300,0.0,0.0
2015-04-14 00:00:00+09:00,596.0964534013563,596.0964534013563,586.6346049346681,595.1502685546875,1900,0.0,0.0
2015-04-15 00:00:00+09:00,592.3115844726562,592.3115844726562,592.3115844726562,592.3115844726562,300,0.0,0.0
2015-04-16 00:00:00+09:00,592.3115844726562,592.3115844726562,592.3115844726562,592.3115844726562,0,0.0,0.0
2015-04-17 00:00:00+09:00,592.3115844726562,592.3115844726562,592.3115844726562,592.3115844726562,0,0.0,0.0
2015-04-20 00:00:00+09:00,592.3115844726562,592.3115844726562,592.3115844726562,592.3115844726562,400,0.0,0.0
2015-04-21 00:00:00+09:00,599.8813115725727,601.773681640625,596.0965714364681,601.773681640625,1400,0.0,0.0
2015-04-22 00:00:00+09:00,600.8273391962799,604.6120783408234,600.8273391962799,603.6658935546875,2400,0.0,0.0
2015-04-23 00:00:00+09:00,602.7197875976562,602.7197875976562,602.7197875976562,602.7197875976562,400,0.0,0.0
2015-04-24 00:00:00+09:00,602.7197875976562,602.7197875976562,602.7197875976562,602.7197875976562,0,0.0,0.0
2015-04-27 00:00:00+09:00,604.6121170213756,604.6121170213756,588.5269746280057,595.1502685546875,1600,0.0,0.0
2015-04-28 00:00:00+09:00,595.1502685546875,595.1502685546875,595.1502685546875,595.1502685546875,0,0.0,0.0
2015-04-30 00:00:00+09:00,585.6884303710938,591.3655395507812,585.6884303710938,591.3655395507812,400,0.0,0.0
2015-05-01 00:00:00+09:00,591.3655395507812,591.3655395507812,591.3655395507812,591.3655395507812,0,0.0,0.0
2015-05-07 00:00:00+09:00,588.527099609375,589.4732846569784,588.527099609375,588.527099609375,1000,0.0,0.0
2015-05-08 00:00:00+09:00,588.527099609375,588.527099609375,588.527099609375,588.527099609375,0,0.0,0.0
2015-05-11 00:00:00+09:00,586.6346435546875,586.6346435546875,586.6346435546875,586.6346435546875,1000,0.0,0.0
2015-05-12 00:00:00+09:00,586.6346435546875,586.6346435546875,586.6346435546875,586.6346435546875,1000,0.0,0.0
2015-05-13 00:00:00+09:00,586.6346435546875,586.6346435546875,586.6346435546875,586.6346435546875,0,0.0,0.0
2015-05-14 00:00:00+09:00,589.4731267293294,590.4193115234375,589.4731267293294,590.4193115234375,300,0.0,0.0
2015-05-15 00:00:00+09:00,590.4193115234375,590.4193115234375,590.4193115234375,590.4193115234375,3000,0.0,0.0
2015-05-18 00:00:00+09:00,590.4193115234375,590.4193115234375,590.4193115234375,590.4193115234375,500,0.0,0.0
2015-05-19 00:00:00+09:00,590.419469704582,590.419469704582,588.527099609375,588.527099609375,200,0.0,0.0
2015-05-20 00:00:00+09:00,595.1501383918543,595.1501383918543,586.6344766342602,592.3115844726562,3800,0.0,0.0
2015-05-21 00:00:00+09:00,596.096435546875,596.096435546875,595.1502507285466,596.096435546875,1100,0.0,0.0
2015-05-22 00:00:00+09:00,596.096435546875,596.096435546875,596.096435546875,596.096435546875,2300,0.0,0.0
2015-05-25 00:00:00+09:00,591.3655395507812,591.3655395507812,591.3655395507812,591.3655395507812,300,0.0,0.0
2015-05-26 00:00:00+09:00,590.4193115234375,590.4193115234375,590.4193115234375,590.4193115234375,300,0.0,0.0
2015-05-27 00:00:00+09:00,588.5269597085675,589.47314453125,588.5269597085675,589.47314453125,900,0.0,0.0
2015-05-28 00:00:00+09:00,589.4731698242188,591.3655395507812,589.4731698242188,591.3655395507812,700,0.0,0.0
2015-05-29 00:00:00+09:00,595.1503546423089,597.042724609375,595.1503546423089,597.042724609375,1000,0.0,0.0
2015-06-01 00:00:00+09:00,601.7736241957721,611.2354736328125,601.7736241957721,611.2354736328125,2100,0.0,0.0
2015-06-02 00:00:00+09:00,608.3969476137444,608.3969476137444,606.5045776367188,606.5045776367188,500,0.0,0.0
2015-06-03 00:00:00+09:00,603.6658935546875,603.6658935546875,603.6658935546875,603.6658935546875,100,0.0,0.0
2015-06-04 00:00:00+09:00,603.6658935546875,603.6658935546875,603.6658935546875,603.6658935546875,0,0.0,0.0
2015-06-05 00:00:00+09:00,603.6660226711803,606.5045776367188,603.6660226711803,606.5045776367188,1400,0.0,0.0
2015-06-08 00:00:00+09:00,606.5045776367188,606.5045776367188,606.5045776367188,606.5045776367188,500,0.0,0.0
2015-06-09 00:00:00+09:00,600.8273776347004,600.8273776347004,595.1502685546875,595.1502685546875,500,0.0,0.0
2015-06-10 00:00:00+09:00,596.096435546875,596.096435546875,596.096435546875,596.096435546875,200,0.0,0.0
2015-06-11 00:00:00+09:00,605.5583124999999,605.5583124999999,586.634615234375,591.3655395507812,8400,0.0,0.0
2015-06-12 00:00:00+09:00,602.7197292751736,602.7197292751736,596.096435546875,596.096435546875,2100,0.0,0.0
2015-06-15 00:00:00+09:00,596.096435546875,596.096435546875,596.096435546875,596.096435546875,0,0.0,0.0
2015-06-16 00:00:00+09:00,596.096435546875,596.096435546875,596.096435546875,596.096435546875,0,0.0,0.0
2015-06-17 00:00:00+09:00,596.096435546875,596.096435546875,596.096435546875,596.096435546875,0,0.0,0.0
2015-06-18 00:00:00+09:00,595.1502685546875,595.1502685546875,595.1502685546875,595.1502685546875,500,0.0,0.0
2015-06-19 00:00:00+09:00,595.1502730439713,604.6121215820312,595.1502730439713,604.6121215820312,800,0.0,0.0
2015-06-22 00:00:00+09:00,604.6121215820312,604.6121215820312,604.6121215820312,604.6121215820312,300,0.0,0.0
2015-06-23 00:00:00+09:00,606.5044734001159,606.5044734001159,605.5582885742188,605.5582885742188,1000,0.0,0.0
2015-06-24 00:00:00+09:00,593.2578885769957,598.9349975585938,593.2578885769957,598.9349975585938,2400,0.0,0.0
2015-06-25 00:00:00+09:00,596.096435546875,596.096435546875,596.096435546875,596.096435546875,100,0.0,0.0
2015-06-26 00:00:00+09:00,596.096435546875,596.096435546875,596.096435546875,596.096435546875,0,0.0,0.0
2015-06-29 00:00:00+09:00,596.0964279539847,596.0964279539847,593.2578735351562,593.2578735351562,400,0.0,0.0
2015-06-30 00:00:00+09:00,583.7961348399118,597.042724609375,583.7961348399118,597.042724609375,1300,0.0,0.0
2015-07-01 00:00:00+09:00,597.0426427515833,604.6121215820312,597.0426427515833,604.6121215820312,2000,0.0,0.0
2015-07-02 00:00:00+09:00,613.1277671813965,613.1277671813965,603.6659189224243,605.5582885742188,2800,0.0,0.0
2015-07-03 00:00:00+09:00,610.2891870576386,610.2891870576386,603.6658935546875,603.6658935546875,1500,0.0,0.0
2015-07-06 00:00:00+09:00,597.0426203652033,597.0426203652033,596.096435546875,596.096435546875,1700,0.0,0.0
2015-07-07 00:00:00+09:00,612.181640625,612.181640625,612.181640625,612.181640625,100,0.0,0.0
2015-07-08 00:00:00+09:00,612.181640625,612.181640625,612.181640625,612.181640625,0,0.0,0.0
2015-07-09 00:00:00+09:00,594.2039537521216,594.2039537521216,592.3115844726562,592.3115844726562,900,0.0,0.0
2015-07-10 00:00:00+09:00,592.3115844726562,592.3115844726562,592.3115844726562,592.3115844726562,0,0.0,0.0
2015-07-13 00:00:00+09:00,601.7734963519391,609.342974293473,601.7734963519391,608.3967895507812,4500,0.0,0.0
2015-07-14 00:00:00+09:00,605.5583389945652,609.3430786132812,605.5583389945652,609.3430786132812,1200,0.0,0.0
2015-07-15 00:00:00+09:00,600.8273807945654,627.320556640625,600.8273807945654,627.320556640625,3500,0.0,0.0
2015-07-16 00:00:00+09:00,624.48200208569,627.320556640625,622.5896323824,627.320556640625,1300,0.0,0.0
2015-07-17 00:00:00+09:00,629.2129381168523,642.4595262877334,629.2129381168523,639.6209716796875,2200,0.0,0.0
2015-07-21 00:00:00+09:00,637.72868147737,637.72868147737,622.5897216796875,622.5897216796875,1100,0.0,0.0
2015-07-22 00:00:00+09:00,629.2129516601562,629.2129516601562,629.2129516601562,629.2129516601562,500,0.0,0.0
2015-07-23 00:00:00+09:00,624.48193359375,624.48193359375,624.48193359375,624.48193359375,100,0.0,0.0
2015-07-24 00:00:00+09:00,615.0201880413554,615.0201880413554,609.3430786132812,609.3430786132812,1900,0.0,0.0
2015-07-27 00:00:00+09:00,607.4507446289062,607.4507446289062,607.4507446289062,607.4507446289062,200,0.0,0.0
2015-07-28 00:00:00+09:00,607.4507446289062,607.4507446289062,607.4507446289062,607.4507446289062,0,0.0,0.0
2015-07-29 00:00:00+09:00,607.4507446289062,607.4507446289062,607.4507446289062,607.4507446289062,0,0.0,0.0
2015-07-30 00:00:00+09:00,601.7735700003708,601.7735700003708,597.0426457079151,597.9888305664062,3600,0.0,0.0
2015-07-31 00:00:00+09:00,600.827392578125,607.4506866695374,600.827392578125,600.827392578125,3300,0.0,0.0
2015-08-03 00:00:00+09:00,600.8274966065989,601.773681640625,600.8274966065989,601.773681640625,1900,0.0,0.0
2015-08-04 00:00:00+09:00,601.773681640625,601.773681640625,601.773681640625,601.773681640625,0,0.0,0.0
2015-08-05 00:00:00+09:00,611.2355235877404,615.020263671875,605.5584134615385,615.020263671875,3500,0.0,0.0
2015-08-06 00:00:00+09:00,605.5584312403698,614.0740966796875,605.5584312403698,614.0740966796875,1100,0.0,0.0
2015-08-07 00:00:00+09:00,614.0740966796875,614.0740966796875,614.0740966796875,614.0740966796875,0,0.0,0.0
2015-08-10 00:00:00+09:00,599.8810615905177,603.6658001494484,592.3115844726562,592.3115844726562,4900,0.0,0.0
2015-08-11 00:00:00+09:00,587.5808031396958,588.5269880078757,584.7422485351562,584.7422485351562,4000,0.0,0.0
2015-08-12 00:00:00+09:00,585.6884586457284,616.9125606413811,585.6884586457284,586.6346435546875,3300,0.0,0.0
2015-08-13 00:00:00+09:00,579.0650965166633,583.7960205078125,575.2803573237439,583.7960205078125,2900,0.0,0.0
2015-08-14 00:00:00+09:00,580.957466113123,592.3116836918811,580.957466113123,583.7960205078125,300,0.0,0.0
2015-08-17 00:00:00+09:00,577.1728945168653,578.1190795898438,575.2805243709083,578.1190795898438,5700,0.0,0.0
2015-08-18 00:00:00+09:00,580.0113525390625,580.0113525390625,580.0113525390625,580.0113525390625,100,0.0,0.0
2015-08-19 00:00:00+09:00,577.1727244059244,590.4193115234375,572.441800435384,590.4193115234375,1900,0.0,0.0
2015-08-20 00:00:00+09:00,589.4730979225852,589.4730979225852,571.4955877130682,572.4417724609375,3900,0.0,0.0
2015-08-21 00:00:00+09:00,584.7423205049496,584.7423205049496,580.9575805664062,580.9575805664062,4100,0.0,0.0
2015-08-24 00:00:00+09:00,567.7109515930072,567.7109515930072,555.4105476418254,557.3029174804688,3800,0.0,0.0
2015-08-25 00:00:00+09:00,553.518032731681,553.518032731681,548.787109375,548.787109375,3000,0.0,0.0
2015-08-26 00:00:00+09:00,544.0564007826255,545.0025858274648,534.5945503342319,537.43310546875,3600,0.0,0.0
2015-08-27 00:00:00+09:00,556.3566284179688,558.2489979023836,556.3566284179688,556.3566284179688,800,0.0,0.0
2015-08-28 00:00:00+09:00,562.0336643021573,566.7645874023438,562.0336643021573,566.7645874023438,1600,0.0,0.0
2015-08-31 00:00:00+09:00,566.7645874023438,566.7645874023438,566.7645874023438,566.7645874023438,0,0.0,0.0
2015-09-01 00:00:00+09:00,661.3832397460938,661.3832397460938,661.3832397460938,661.3832397460938,11800,0.0,0.0
2015-09-02 00:00:00+09:00,713.4233323575857,756.0016479492188,709.638593193885,756.0016479492188,278200,0.0,0.0
2015-09-03 00:00:00+09:00,846.8354102760736,879.0056940184049,761.6787768404909,771.140625,218700,0.0,0.0
2015-09-04 00:00:00+09:00,762.6250136657331,762.6250136657331,742.755131175683,752.2169799804688,40500,0.0,0.0
2015-09-07 00:00:00+09:00,794.7951780901311,794.7951780901311,752.2168649781598,784.3871459960938,17800,0.0,0.0
2015-09-08 00:00:00+09:00,798.5800888042983,850.6202604680855,773.0330954420755,778.710205078125,16900,0.0,0.0
2015-09-09 00:00:00+09:00,813.7189809040851,813.7189809040851,780.6025107510119,785.3334350585938,13500,0.0,0.0
2015-09-10 00:00:00+09:00,793.8490988122412,793.8490988122412,771.1406621358481,785.3334350585938,10800,0.0,0.0
2015-09-11 00:00:00+09:00,785.3334350585938,785.3334350585938,778.7101410279791,785.3334350585938,6100,0.0,0.0
2015-09-14 00:00:00+09:00,785.333488861047,785.333488861047,775.871639597661,782.4949340820312,10500,0.0,0.0
2015-09-15 00:00:00+09:00,785.3333307319153,785.3333307319153,783.4409612602722,784.3871459960938,5800,0.0,0.0
2015-09-16 00:00:00+09:00,786.2796882180606,790.0644279928769,783.4411333869485,788.1720581054688,8800,0.0,0.0
2015-09-17 00:00:00+09:00,798.5800423407949,803.3109667622451,792.9029330350546,800.472412109375,4600,0.0,0.0
2015-09-18 00:00:00+09:00,804.257145371548,813.718994140625,803.3109604946402,813.718994140625,5300,0.0,0.0
2015-09-24 00:00:00+09:00,836.4275301339286,836.4275301339286,824.1271252790178,827.911865234375,8600,0.0,0.0
2015-09-25 00:00:00+09:00,841.1583578293222,846.8354671060106,827.9117695170495,845.8892822265625,12200,0.0,0.0
2015-09-28 00:00:00+09:00,793.4975022592556,802.0707045645777,767.7778953432893,791.5923461914062,14900,6.0,0.0
2015-09-29 00:00:00+09:00,793.4974806876968,793.4974806876968,774.4459205271278,775.3984985351562,2300,0.0,0.0
2015-09-30 00:00:00+09:00,789.687051004017,789.687051004017,772.5406494140625,772.5406494140625,2600,0.0,0.0
2015-10-01 00:00:00+09:00,775.3984985351562,780.1613885752985,775.3984985351562,775.3984985351562,2000,0.0,0.0
2015-10-02 00:00:00+09:00,775.3985008624501,779.2088129060002,774.4459228515625,774.4459228515625,1800,0.0,0.0
2015-10-05 00:00:00+09:00,772.5406494140625,780.1612723429312,772.5406494140625,772.5406494140625,3000,0.0,0.0
2015-10-06 00:00:00+09:00,779.2088410493973,787.7820434570312,777.303684958812,787.7820434570312,1600,0.0,0.0
2015-10-07 00:00:00+09:00,791.5923580141969,797.307826303108,785.8768897252857,786.8294677734375,1700,0.0,0.0
2015-10-08 00:00:00+09:00,791.5923532679461,791.5923532679461,787.7820410981847,788.734619140625,2200,0.0,0.0
2015-10-09 00:00:00+09:00,790.6398242890907,795.4027147968562,790.6398242890907,793.49755859375,1500,0.0,0.0
2015-10-13 00:00:00+09:00,797.3079149518694,800.1656494140625,794.4501804896763,800.1656494140625,2100,0.0,0.0
2015-10-14 00:00:00+09:00,800.1655484967283,800.1655484967283,790.6397681574815,791.5923461914062,2400,0.0,0.0
2015-10-15 00:00:00+09:00,798.2604515369122,800.1656077458308,792.5449829101562,792.5449829101562,700,0.0,0.0
2015-10-16 00:00:00+09:00,800.1655859839477,803.0233202196047,800.1655859839477,801.1181640625,1100,0.0,0.0
2015-10-19 00:00:00+09:00,801.118203125,809.69140625,801.118203125,809.69140625,900,0.0,0.0
2015-10-20 00:00:00+09:00,809.6913381310449,812.549072265625,809.6913381310449,812.549072265625,900,0.0,0.0
2015-10-21 00:00:00+09:00,822.0748477377226,840.1738304804999,816.3593795031614,839.2212524414062,2200,0.0,0.0
2015-10-22 00:00:00+09:00,852.5573424620775,864.9408569335938,851.604764425807,864.9408569335938,4500,0.0,0.0
2015-10-23 00:00:00+09:00,867.7985436551587,873.5140115606812,859.225341796875,859.225341796875,4700,0.0,0.0
2015-10-26 00:00:00+09:00,876.3718454461348,876.3718454461348,867.7986426102487,868.751220703125,2000,0.0,0.0
2015-10-27 00:00:00+09:00,869.7037231719013,870.6563011819471,849.6995849609375,849.6995849609375,5400,0.0,0.0
2015-10-28 00:00:00+09:00,854.4624797006671,854.4624797006671,841.1263874868329,847.79443359375,1400,0.0,0.0
2015-10-29 00:00:00+09:00,847.7943568405101,854.46240234375,843.0314671953387,854.46240234375,700,0.0,0.0
2015-10-30 00:00:00+09:00,854.4624797006671,855.415057715941,845.8892775632023,847.79443359375,600,0.0,0.0
2015-11-02 00:00:00+09:00,847.79443359375,847.79443359375,841.1263874868329,847.79443359375,1000,0.0,0.0
2015-11-04 00:00:00+09:00,842.0789678206728,847.794435928053,841.1263898027761,846.8418579101562,1600,0.0,0.0
2015-11-05 00:00:00+09:00,847.7944571755149,858.2728156349876,838.2686767578125,838.2686767578125,4100,0.0,0.0
2015-11-06 00:00:00+09:00,833.5057983398438,835.4109544503349,830.6480641741072,833.5057983398438,2200,0.0,0.0
2015-11-09 00:00:00+09:00,838.2686744023127,854.4625010669029,837.3160963632192,839.2212524414062,4300,0.0,0.0
2015-11-10 00:00:00+09:00,839.2211392793035,843.0314509218883,830.6479380834878,835.4108276367188,2400,0.0,0.0
2015-11-11 00:00:00+09:00,854.4624820533298,854.4624820533298,846.8418579101562,846.8418579101562,600,0.0,0.0
2015-11-12 00:00:00+09:00,855.4151048660278,855.4151048660278,853.5099487304688,853.5099487304688,600,0.0,0.0
2015-11-13 00:00:00+09:00,851.6046752929688,852.5572532295381,850.6520973563995,851.6046752929688,1100,0.0,0.0
2015-11-16 00:00:00+09:00,849.6995038065344,858.272705078125,849.6995038065344,858.272705078125,1000,0.0,0.0
2015-11-17 00:00:00+09:00,858.2727684190538,860.1779243977865,857.3201904296875,857.3201904296875,1000,0.0,0.0
2015-11-18 00:00:00+09:00,857.3201271590593,858.272705078125,853.5098154827969,858.272705078125,1100,0.0,0.0
2015-11-19 00:00:00+09:00,858.2728414695356,858.2728414695356,852.557373046875,852.557373046875,3300,0.0,0.0
2015-11-20 00:00:00+09:00,852.5573706626892,853.5099487304688,852.5573706626892,853.5099487304688,1400,0.0,0.0
2015-11-24 00:00:00+09:00,857.3201858283676,863.0356537338901,857.3201858283676,859.225341796875,2500,0.0,0.0
2015-11-25 00:00:00+09:00,873.5140162489149,873.5140162489149,857.3201904296875,857.3201904296875,1600,0.0,0.0
2015-11-26 00:00:00+09:00,858.2727638126213,865.8933876866513,858.2727638126213,859.225341796875,1000,0.0,0.0
2015-11-27 00:00:00+09:00,861.1305447885118,864.9408569335938,861.1305447885118,864.9408569335938,400,0.0,0.0
2015-11-30 00:00:00+09:00,868.7511573281763,869.7037353515625,866.846001281404,869.7037353515625,4200,0.0,0.0
2015-12-01 00:00:00+09:00,870.6564232653782,874.4667358398438,869.7038451217618,874.4667358398438,1200,0.0,0.0
2015-12-02 00:00:00+09:00,876.3718044420812,928.7635970989447,876.3718044420812,909.7120361328125,5000,0.0,0.0
2015-12-03 00:00:00+09:00,911.6171403277183,914.4748743099369,895.4233144284799,905.9016723632812,1800,0.0,0.0
2015-12-04 00:00:00+09:00,895.4233098705569,914.4748696550367,895.4233098705569,907.8068237304688,1900,0.0,0.0
2015-12-07 00:00:00+09:00,916.3800149788533,919.2377489132988,886.85009765625,886.85009765625,5000,0.0,0.0
2015-12-08 00:00:00+09:00,890.6605444098651,890.6605444098651,857.320310127143,882.0873413085938,4800,0.0,0.0
2015-12-09 00:00:00+09:00,882.0872731778543,884.9450073242188,878.2769609827016,884.9450073242188,700,0.0,0.0
2015-12-10 00:00:00+09:00,884.9450073242188,884.9450073242188,870.6563365923961,884.9450073242188,900,0.0,0.0
2015-12-11 00:00:00+09:00,878.2770191479755,885.8976440429688,878.2770191479755,885.8976440429688,800,0.0,0.0
2015-12-14 00:00:00+09:00,885.8975265766012,885.8975265766012,878.2769026920713,883.9923706054688,1600,0.0,0.0
2015-12-15 00:00:00+09:00,883.9923741319444,883.9923741319444,857.3201904296875,857.3201904296875,7800,0.0,0.0
2015-12-16 00:00:00+09:00,859.2254350190611,870.6563720703125,859.2254350190611,870.6563720703125,1500,0.0,0.0
2015-12-17 00:00:00+09:00,873.5140707387607,884.9450073242188,873.5140707387607,884.9450073242188,2000,0.0,0.0
2015-12-18 00:00:00+09:00,885.8976513513855,887.8028075908509,876.3718701540588,883.0399169921875,1800,0.0,0.0
2015-12-21 00:00:00+09:00,897.3285364417575,897.3285364417575,876.3718190301665,879.2295532226562,2100,0.0,0.0
2015-12-22 00:00:00+09:00,887.8027714366873,899.2337084079751,885.897615274806,897.3285522460938,1900,0.0,0.0
2015-12-24 00:00:00+09:00,900.1862159390278,901.1387939453125,895.4233259076043,901.1387939453125,1700,0.0,0.0
2015-12-25 00:00:00+09:00,901.1387939453125,901.1387939453125,901.1387939453125,901.1387939453125,0,0.0,0.0
2015-12-28 00:00:00+09:00,909.7120850880941,928.7636470794678,904.9491945902506,914.4749755859375,4500,0.0,0.0
2015-12-29 00:00:00+09:00,914.4749075155763,925.905843859521,914.4749075155763,917.3326416015625,700,0.0,0.0
2015-12-30 00:00:00+09:00,919.2378492069342,924.0007396173329,904.9491779757384,921.1430053710938,1900,0.0,0.0
2016-01-04 00:00:00+09:00,927.8110233108162,936.3842257849408,919.2378208366916,932.5739135742188,4100,0.0,0.0
2016-01-05 00:00:00+09:00,925.9059497322004,946.862668759061,924.0007934570312,924.0007934570312,3300,0.0,0.0
2016-01-06 00:00:00+09:00,938.2893914638422,946.8625940254408,914.4749399038462,928.7636108398438,2700,0.0,0.0
2016-01-07 00:00:00+09:00,916.3801149606951,924.0007396173329,914.4749587965356,921.1430053710938,2200,0.0,0.0
2016-01-08 00:00:00+09:00,911.6172245502964,921.1430053710938,902.0914437294992,921.1430053710938,2900,0.0,0.0
2016-01-12 00:00:00+09:00,921.1430222829183,921.1430222829183,904.9491945902506,914.4749755859375,1900,0.0,0.0
2016-01-13 00:00:00+09:00,914.4748696550367,914.4748696550367,906.8542457412448,907.8068237304688,1300,0.0,0.0
2016-01-14 00:00:00+09:00,906.8542596480663,906.8542596480663,895.4233236020823,902.0913696289062,2300,0.0,0.0
2016-01-15 00:00:00+09:00,904.9491367156099,904.9491367156099,887.8027320199458,888.7553100585938,1200,0.0,0.0
2016-01-18 00:00:00+09:00,886.8501138398141,894.4707378040661,877.3243338844992,880.1820678710938,2200,0.0,0.0
2016-01-19 00:00:00+09:00,895.423328218006,900.1862182617188,880.182080078125,900.1862182617188,1700,0.0,0.0
2016-01-20 00:00:00+09:00,904.9490146882544,904.9490146882544,887.8026123046875,887.8026123046875,1800,0.0,0.0
2016-01-21 00:00:00+09:00,883.0398229380123,894.4707591572746,871.60888671875,871.60888671875,3400,0.0,0.0
2016-01-22 00:00:00+09:00,866.8460962212789,872.561564987573,856.3677368164062,856.3677368164062,5800,0.0,0.0
2016-01-25 00:00:00+09:00,857.3203003604109,867.7986595870382,857.3203003604109,862.0831909179688,3000,0.0,0.0
2016-01-26 00:00:00+09:00,871.6088032490499,881.1345825195312,866.8459136138091,881.1345825195312,900,0.0,0.0
2016-01-27 00:00:00+09:00,883.9923276154891,883.9923276154891,876.3717041015625,876.3717041015625,400,0.0,0.0
2016-01-28 00:00:00+09:00,882.0872970099548,883.9924531590043,875.4192504882812,875.4192504882812,1100,0.0,0.0
2016-01-29 00:00:00+09:00,871.6089417345323,898.2811279296875,871.6089417345323,898.2811279296875,2100,0.0,0.0
2016-02-01 00:00:00+09:00,903.9965988126784,904.949176893619,897.3285522460938,897.3285522460938,5600,0.0,0.0
2016-02-02 00:00:00+09:00,897.3284554158835,897.3284554158835,886.85009765625,886.85009765625,2000,0.0,0.0
2016-02-03 00:00:00+09:00,876.3717909216243,890.6604614257812,876.3717909216243,890.6604614257812,800,0.0,0.0
2016-02-04 00:00:00+09:00,876.3718285628061,878.2769847118556,866.8460478175581,875.4192504882812,2700,0.0,0.0
2016-02-05 00:00:00+09:00,880.1820158585258,880.1820158585258,876.3717041015625,876.3717041015625,300,0.0,0.0
2016-02-08 00:00:00+09:00,876.3718454461348,878.2770016318873,868.751220703125,868.751220703125,1900,0.0,0.0
2016-02-09 00:00:00+09:00,862.0832055827004,862.0832055827004,851.6048461778278,856.3677368164062,2300,0.0,0.0
2016-02-10 00:00:00+09:00,856.3676286891753,856.3676286891753,850.6521606445312,850.6521606445312,1600,0.0,0.0
2016-02-12 00:00:00+09:00,836.3634965482362,843.984120662571,798.2603759765625,798.2603759765625,4200,0.0,0.0
2016-02-15 00:00:00+09:00,812.5490343992113,815.4067684006153,801.1180983935952,803.0232543945312,2000,0.0,0.0
2016-02-16 00:00:00+09:00,831.6006073340941,847.79443359375,817.311937104986,847.79443359375,1100,0.0,0.0
2016-02-17 00:00:00+09:00,847.7945084843841,850.6522427826461,818.2645874023438,818.2645874023438,1900,0.0,0.0
2016-02-18 00:00:00+09:00,837.3160331881776,840.1737670898438,837.3160331881776,840.1737670898438,400,0.0,0.0
2016-02-19 00:00:00+09:00,840.1738187561724,843.984130859375,840.1738187561724,843.984130859375,500,0.0,0.0
2016-02-22 00:00:00+09:00,843.9840167035113,872.5613536122081,843.9840167035113,866.8458862304688,500,0.0,0.0
2016-02-23 00:00:00+09:00,869.7038306044259,869.7038306044259,856.3677368164062,856.3677368164062,700,0.0,0.0
2016-02-24 00:00:00+09:00,862.0831909179688,862.0831909179688,860.1780346949456,862.0831909179688,300,0.0,0.0
2016-02-25 00:00:00+09:00,857.3202256706229,867.798583984375,851.6047574994855,867.798583984375,600,0.0,0.0
2016-02-26 00:00:00+09:00,860.17790832856,871.6088439874112,860.17790832856,863.9882202148438,800,0.0,0.0
2016-02-29 00:00:00+09:00,877.3242430969909,881.1345546848171,866.8458862304688,866.8458862304688,1200,0.0,0.0
2016-03-01 00:00:00+09:00,864.9407981864147,865.8933761579856,862.0830642717018,863.9882202148438,3200,0.0,0.0
2016-03-02 00:00:00+09:00,863.988152539599,866.8458862304688,862.0829967456859,866.8458862304688,1900,0.0,0.0
2016-03-03 00:00:00+09:00,871.6088960984666,871.6088960984666,866.8460059558521,867.798583984375,1700,0.0,0.0
2016-03-04 00:00:00+09:00,869.7037987960013,871.6089549817536,868.751220703125,868.751220703125,800,0.0,0.0
2016-03-07 00:00:00+09:00,876.3717721254772,880.1820841781966,873.5140380859375,873.5140380859375,1200,0.0,0.0
2016-03-08 00:00:00+09:00,876.3718285628061,878.2769847118556,874.4666724137564,875.4192504882812,800,0.0,0.0
2016-03-09 00:00:00+09:00,879.229426665435,885.897472154772,879.229426665435,881.1345825195312,900,0.0,0.0
2016-03-10 00:00:00+09:00,846.8418555784762,851.6047456548455,845.8892775632023,847.79443359375,56900,0.0,0.0
2016-03-11 00:00:00+09:00,849.6996388355448,852.557373046875,848.7470607651013,852.557373046875,18900,0.0,0.0
2016-03-14 00:00:00+09:00,856.3676286891753,856.3676286891753,850.6521606445312,850.6521606445312,9700,0.0,0.0
2016-03-15 00:00:00+09:00,853.5098244147157,854.46240234375,851.6046685566472,854.46240234375,7600,0.0,0.0
2016-03-16 00:00:00+09:00,852.5573706626892,853.5099487304688,850.6522145271301,853.5099487304688,5000,0.0,0.0
2016-03-17 00:00:00+09:00,853.5098970011211,853.5098970011211,849.6995849609375,849.6995849609375,5700,0.0,0.0
2016-03-18 00:00:00+09:00,849.6995329985747,849.6995329985747,838.2685975770693,845.8892211914062,15900,0.0,0.0
2016-03-22 00:00:00+09:00,847.7945018540375,849.6996580379791,844.936767578125,844.936767578125,5600,0.0,0.0
2016-03-23 00:00:00+09:00,845.8893456700958,846.8419237620667,843.0316113941834,844.936767578125,5200,0.0,0.0
2016-03-24 00:00:00+09:00,845.8892211914062,846.8417991431984,842.0789093842377,845.8892211914062,5400,0.0,0.0
2016-03-25 00:00:00+09:00,845.8892211914062,845.8892211914062,842.0789093842377,845.8892211914062,5000,0.0,0.0
2016-03-28 00:00:00+09:00,845.8893968986742,849.6997094973169,845.8893968986742,848.7471313476562,9100,0.0,0.0
2016-03-29 00:00:00+09:00,836.2794985563859,842.033715289572,834.3614263119905,838.1975708007812,7300,6.0,0.0
2016-03-30 00:00:00+09:00,835.3205474502739,836.2795836700791,834.3615112304688,834.3615112304688,2500,0.0,0.0
2016-03-31 00:00:00+09:00,834.3615356163394,835.3205718641743,829.5663543771651,830.525390625,2300,0.0,0.0
2016-04-01 00:00:00+09:00,829.5663387598919,834.361519908793,816.1398315429688,816.1398315429688,4900,0.0,0.0
2016-04-04 00:00:00+09:00,815.1807953131886,819.0169402323095,815.1807953131886,816.1398315429688,2300,0.0,0.0
2016-04-05 00:00:00+09:00,813.2628083032025,813.2628083032025,807.5085903199251,812.3037719726562,3500,0.0,0.0
2016-04-06 00:00:00+09:00,806.5494144236548,811.3445952466253,806.5494144236548,810.3855590820312,2100,0.0,0.0
2016-04-07 00:00:00+09:00,810.3856720404602,810.3856720404602,808.4675994439148,809.4266357421875,1200,0.0,0.0
2016-04-08 00:00:00+09:00,806.5494144236548,810.3855590820312,806.5494144236548,810.3855590820312,1600,0.0,0.0
2016-04-11 00:00:00+09:00,821.8940827711573,821.8940827711573,813.2627563476562,813.2627563476562,1000,0.0,0.0
2016-04-12 00:00:00+09:00,819.975843727934,827.6481323242188,814.2216272807204,827.6481323242188,1500,0.0,0.0
2016-04-13 00:00:00+09:00,828.6072387695312,832.4433833934643,820.9349495216652,828.6072387695312,1600,0.0,0.0
2016-04-14 00:00:00+09:00,826.6893037700543,830.5254490311681,823.8121948242188,823.8121948242188,1600,0.0,0.0
2016-04-15 00:00:00+09:00,823.8121061948973,824.7711424069985,819.0169251343915,820.9349975585938,1500,0.0,0.0
2016-04-18 00:00:00+09:00,820.9349179413056,827.6481707749377,819.016845703125,819.016845703125,1000,0.0,0.0
2016-04-19 00:00:00+09:00,827.6481707749377,827.6481707749377,818.0578095840347,819.016845703125,1900,0.0,0.0
2016-04-20 00:00:00+09:00,822.853100642321,830.525390625,822.853100642321,830.525390625,1600,0.0,0.0
2016-04-21 00:00:00+09:00,833.4024658203125,833.4024658203125,826.689212355707,833.4024658203125,1900,0.0,0.0
2016-04-22 00:00:00+09:00,826.689208984375,828.6072813950116,824.7711365737384,826.689208984375,500,0.0,0.0
2016-04-25 00:00:00+09:00,825.7301025390625,829.5662470340176,825.7301025390625,825.7301025390625,1000,0.0,0.0
2016-04-26 00:00:00+09:00,825.7301543479741,825.7301543479741,824.7711181640625,824.7711181640625,800,0.0,0.0
2016-04-27 00:00:00+09:00,824.7711181640625,826.6891905318859,824.7711181640625,824.7711181640625,500,0.0,0.0
2016-04-28 00:00:00+09:00,823.8121061948973,824.7711424069985,819.9759613464927,820.9349975585938,1600,0.0,0.0
2016-05-02 00:00:00+09:00,818.0579040025292,818.0579040025292,813.2627228536281,816.1398315429688,3400,0.0,0.0
2016-05-06 00:00:00+09:00,819.9758631746535,823.8120075637746,817.0987548828125,817.0987548828125,1400,0.0,0.0
2016-05-09 00:00:00+09:00,826.6891905318859,826.6891905318859,824.7711181640625,824.7711181640625,600,0.0,0.0
2016-05-10 00:00:00+09:00,824.7711365737384,826.689208984375,819.9759555471469,826.689208984375,1400,0.0,0.0
2016-05-11 00:00:00+09:00,821.8939021952668,821.8939021952668,819.975830078125,819.975830078125,2200,0.0,0.0
2016-05-12 00:00:00+09:00,819.016845703125,824.7710624176668,817.0987734649443,819.016845703125,800,0.0,0.0
2016-05-13 00:00:00+09:00,818.0579376940458,824.771191578991,813.2627563476562,813.2627563476562,5000,0.0,0.0
2016-05-16 00:00:00+09:00,814.2218172335512,821.894107619733,809.4266357421875,809.4266357421875,2500,0.0,0.0
2016-05-17 00:00:00+09:00,816.1398898300966,816.1398898300966,809.4266357421875,809.4266357421875,2700,0.0,0.0
2016-05-18 00:00:00+09:00,810.3856475398226,813.2627563476562,809.4266112705446,813.2627563476562,1600,0.0,0.0
2016-05-19 00:00:00+09:00,811.3447265625,813.2627992021277,810.3856902426861,811.3447265625,1700,0.0,0.0
2016-05-20 00:00:00+09:00,812.3037719726562,813.2628083032025,811.3447356421101,812.3037719726562,1300,0.0,0.0
2016-05-23 00:00:00+09:00,813.2627563476562,813.2627563476562,812.3037200783783,813.2627563476562,2800,0.0,0.0
2016-05-24 00:00:00+09:00,813.2625961748834,821.8939208984375,812.3035600944885,821.8939208984375,1800,0.0,0.0
2016-05-25 00:00:00+09:00,819.016845703125,823.8120262985765,819.016845703125,819.016845703125,1200,0.0,0.0
2016-05-26 00:00:00+09:00,815.1807012267637,819.016845703125,815.1807012267637,819.016845703125,900,0.0,0.0
2016-05-27 00:00:00+09:00,824.7711181640625,824.7711181640625,822.853045796239,824.7711181640625,800,0.0,0.0
2016-05-30 00:00:00+09:00,823.8121948242188,823.8121948242188,821.8941221936618,823.8121948242188,700,0.0,0.0
2016-05-31 00:00:00+09:00,823.8121277913882,829.5663452148438,823.8121277913882,829.5663452148438,3600,0.0,0.0
2016-06-01 00:00:00+09:00,833.4024993685046,833.4024993685046,830.525390625,830.525390625,1200,0.0,0.0
2016-06-02 00:00:00+09:00,827.6482818814953,830.525390625,827.6482818814953,830.525390625,800,0.0,0.0
2016-06-03 00:00:00+09:00,830.5253388119954,831.484375,830.5253388119954,831.484375,800,0.0,0.0
2016-06-06 00:00:00+09:00,831.4843232466877,832.443359375,826.6891426051267,832.443359375,1800,0.0,0.0
2016-06-07 00:00:00+09:00,827.6482302479816,840.1157006920415,827.6482302479816,831.484375,2300,0.0,0.0
2016-06-08 00:00:00+09:00,836.279571037558,836.279571037558,824.7711365737384,826.689208984375,1600,0.0,0.0
2016-06-09 00:00:00+09:00,826.689194059977,831.484375,826.689194059977,831.484375,600,0.0,0.0
2016-06-10 00:00:00+09:00,832.4433833934643,833.4024195494475,827.6482026135479,828.6072387695312,1200,0.0,0.0
2016-06-13 00:00:00+09:00,829.56620447329,830.5252405478255,825.7300601751476,827.6481323242188,2300,0.0,0.0
2016-06-14 00:00:00+09:00,827.6481707749377,828.6072068940281,817.0987734649443,819.016845703125,5800,0.0,0.0
2016-06-15 00:00:00+09:00,819.975918856534,828.6072443181818,819.975918856534,822.85302734375,2100,0.0,0.0
2016-06-16 00:00:00+09:00,822.8530641631017,826.689208984375,815.1807745205554,826.689208984375,2400,0.0,0.0
2016-06-17 00:00:00+09:00,826.6890824881214,826.6890824881214,819.975830078125,819.975830078125,1800,0.0,0.0
2016-06-20 00:00:00+09:00,819.9758818222153,824.7710624176668,817.0987734649443,819.016845703125,6300,0.0,0.0
2016-06-21 00:00:00+09:00,819.975830078125,821.8939021952668,819.0167940195541,819.975830078125,1600,0.0,0.0
2016-06-22 00:00:00+09:00,821.8940337706949,822.8530699827961,819.9759613464927,820.9349975585938,2400,0.0,0.0
2016-06-23 00:00:00+09:00,822.853045796239,824.7711181640625,820.9349734284157,824.7711181640625,3300,0.0,0.0
2016-06-24 00:00:00+09:00,824.7712350398936,824.7712350398936,810.3856902426861,811.3447265625,10100,0.0,0.0
2016-06-27 00:00:00+09:00,813.262683957122,830.5253352675327,813.262683957122,824.7711181640625,4600,0.0,0.0
2016-06-28 00:00:00+09:00,820.9349734284157,825.7301543479741,820.9349734284157,824.7711181640625,1200,0.0,0.0
2016-06-29 00:00:00+09:00,827.6482026135479,829.5662749255144,822.8530218336317,828.6072387695312,1500,0.0,0.0
2016-06-30 00:00:00+09:00,830.5253814520863,832.4434539265715,826.6892365031159,829.5663452148438,1700,0.0,0.0
2016-07-01 00:00:00+09:00,830.5253814520863,833.4024901638142,824.7711640286308,829.5663452148438,5100,0.0,0.0
2016-07-04 00:00:00+09:00,838.1976745325492,838.1976745325492,831.4844208463617,836.2796020507812,2700,0.0,0.0
2016-07-05 00:00:00+09:00,842.9928220563617,842.9928220563617,838.1976410435268,839.1566772460938,3200,0.0,0.0
2016-07-06 00:00:00+09:00,839.1566122731855,839.1566122731855,832.443359375,832.443359375,2400,0.0,0.0
2016-07-07 00:00:00+09:00,832.4434387908585,834.3615112304688,831.4844025710534,834.3615112304688,600,0.0,0.0
2016-07-08 00:00:00+09:00,837.2385346785835,839.1566069229789,834.3614263119905,838.1975708007812,1300,0.0,0.0
2016-07-11 00:00:00+09:00,838.1975708007812,838.1975708007812,838.1975708007812,838.1975708007812,0,0.0,0.0
2016-07-12 00:00:00+09:00,848.7470185083945,850.6650908666056,845.869909971078,849.7060546875,2900,0.0,0.0
2016-07-13 00:00:00+09:00,851.624099195746,851.624099195746,846.8289184570312,846.8289184570312,2200,0.0,0.0
2016-07-14 00:00:00+09:00,850.6650908666056,851.6241270457111,849.7060546875,849.7060546875,1400,0.0,0.0
2016-07-15 00:00:00+09:00,851.6240844726562,851.6240844726562,847.7879399480047,851.6240844726562,2900,0.0,0.0
2016-07-19 00:00:00+09:00,852.5831298828125,852.5831298828125,848.7469853164107,852.5831298828125,6200,0.0,0.0
2016-07-20 00:00:00+09:00,853.5423064740285,854.5013427734375,852.5832701746195,854.5013427734375,3700,0.0,0.0
2016-07-21 00:00:00+09:00,855.4602143735127,856.4192504882812,853.5421421439758,856.4192504882812,3400,0.0,0.0
2016-07-22 00:00:00+09:00,856.4194153722556,857.3784516716646,854.5013427734375,854.5013427734375,2400,0.0,0.0
2016-07-25 00:00:00+09:00,856.4193449899052,857.3783812104986,853.542236328125,853.542236328125,1800,0.0,0.0
2016-07-26 00:00:00+09:00,857.3782866030498,857.3782866030498,854.5011782587442,856.4192504882812,1100,0.0,0.0
2016-07-27 00:00:00+09:00,856.4193449899052,857.3783812104986,853.542236328125,853.542236328125,3500,0.0,0.0
2016-07-28 00:00:00+09:00,853.542236328125,857.3783812104986,853.542236328125,853.542236328125,1100,0.0,0.0
2016-07-29 00:00:00+09:00,853.5422121598417,857.3783569335938,853.5422121598417,857.3783569335938,2200,0.0,0.0
2016-08-01 00:00:00+09:00,857.3784608028394,857.3784608028394,854.5013518739709,855.4603881835938,1300,0.0,0.0
2016-08-02 00:00:00+09:00,857.3783812104986,857.3783812104986,853.542236328125,853.542236328125,800,0.0,0.0
2016-08-03 00:00:00+09:00,853.542236328125,855.4603087693118,853.542236328125,853.542236328125,800,0.0,0.0
2016-08-04 00:00:00+09:00,855.4603881835938,855.4603881835938,852.5832792547251,855.4603881835938,1200,0.0,0.0
2016-08-05 00:00:00+09:00,855.460238307614,857.3783105908149,852.5831298828125,852.5831298828125,2200,0.0,0.0
2016-08-08 00:00:00+09:00,852.583215263065,852.583215263065,848.7470703125,848.7470703125,3900,0.0,0.0
2016-08-09 00:00:00+09:00,848.7469760791676,852.5831206038192,848.7469760791676,851.6240844726562,900,0.0,0.0
2016-08-10 00:00:00+09:00,852.5832001075316,854.5012725487184,852.5832001075316,853.542236328125,400,0.0,0.0
2016-08-12 00:00:00+09:00,855.4603881835938,857.3784608028394,855.4603881835938,855.4603881835938,3300,0.0,0.0
2016-08-15 00:00:00+09:00,858.3373931270318,859.2964293204699,855.4602845467177,857.3783569335938,2300,0.0,0.0
2016-08-16 00:00:00+09:00,859.296475250278,862.173583984375,853.5422577820842,862.173583984375,4000,0.0,0.0
2016-08-17 00:00:00+09:00,863.1324462890625,866.0095544433593,854.5011218261718,863.1324462890625,6100,0.0,0.0
2016-08-18 00:00:00+09:00,863.1325313023158,865.0506035940988,858.3373505728586,859.29638671875,900,0.0,0.0
2016-08-19 00:00:00+09:00,860.2554655139079,860.2554655139079,856.4193207401557,857.3783569335938,1400,0.0,0.0
2016-08-22 00:00:00+09:00,862.1734671768924,862.1734671768924,856.4192504882812,856.4192504882812,1600,0.0,0.0
2016-08-23 00:00:00+09:00,860.2553524081267,860.2553524081267,853.5420999367144,858.3372802734375,2400,0.0,0.0
2016-08-24 00:00:00+09:00,850.6651276663448,857.3783812104986,850.6651276663448,853.542236328125,1500,0.0,0.0
2016-08-25 00:00:00+09:00,857.3784516716646,860.2555605698916,854.5013427734375,854.5013427734375,1100,0.0,0.0
2016-08-26 00:00:00+09:00,859.2963163407821,859.2963163407821,850.6649917346805,858.3372802734375,2500,0.0,0.0
2016-08-29 00:00:00+09:00,863.1326110432036,865.0506835121885,859.2964661052338,861.2145385742188,2700,0.0,0.0
2016-08-30 00:00:00+09:00,862.173583984375,863.132620229074,859.296475250278,862.173583984375,1700,0.0,0.0
2016-08-31 00:00:00+09:00,863.132620229074,863.132620229074,862.173583984375,862.173583984375,1400,0.0,0.0
2016-09-01 00:00:00+09:00,862.1735748087111,863.1326110432036,861.2145385742188,861.2145385742188,1900,0.0,0.0
2016-09-02 00:00:00+09:00,864.0916564737729,864.0916564737729,861.214547739676,862.173583984375,2200,0.0,0.0
2016-09-05 00:00:00+09:00,864.0916137695312,866.9687223614387,863.1325775722288,864.0916137695312,2900,0.0,0.0
2016-09-06 00:00:00+09:00,863.1325867646549,865.0506591796875,862.1735505571387,865.0506591796875,2600,0.0,0.0
2016-09-07 00:00:00+09:00,866.0096381159112,871.7638549804688,865.0506019718183,871.7638549804688,3100,0.0,0.0
2016-09-08 00:00:00+09:00,872.7229737923815,881.3542999068117,871.7639375574448,880.395263671875,2900,0.0,0.0
2016-09-09 00:00:00+09:00,882.3133301838136,886.1494750976562,877.5181490415102,886.1494750976562,4500,0.0,0.0
2016-09-12 00:00:00+09:00,886.1493343593241,887.1083704354706,878.4770457501525,884.2312622070312,2300,0.0,0.0
2016-09-13 00:00:00+09:00,884.2312901182432,888.0674345439189,881.3541817989865,887.1083984375,3000,0.0,0.0
2016-09-14 00:00:00+09:00,887.1083984375,889.0264706503378,882.3132179054054,887.1083984375,2500,0.0,0.0
2016-09-15 00:00:00+09:00,888.0675048828125,889.0265410651914,886.1494325180548,888.0675048828125,2100,0.0,0.0
2016-09-16 00:00:00+09:00,888.067406511617,889.0264425877635,883.2722261308847,884.2312622070312,3500,0.0,0.0
2016-09-20 00:00:00+09:00,887.1084409571158,889.026513261888,885.1903686523438,885.1903686523438,5000,0.0,0.0
2016-09-21 00:00:00+09:00,889.0265837830383,889.0265837830383,885.1904388691955,886.1494750976562,2600,0.0,0.0
2016-09-23 00:00:00+09:00,888.0675933148042,891.9037384263153,887.1085570369265,890.9447021484375,5300,0.0,0.0
2016-09-26 00:00:00+09:00,893.8218201339886,895.7398927093834,891.9037475585938,891.9037475585938,5600,0.0,0.0
2016-09-27 00:00:00+09:00,895.7397979049437,895.7397979049437,889.0265446015876,894.78076171875,9200,0.0,0.0
2016-09-28 00:00:00+09:00,873.5454098263302,893.8155243084882,871.6149227327915,892.8502807617188,11000,6.0,0.0
2016-09-29 00:00:00+09:00,896.7112426757812,898.6417297428981,893.815512075106,896.7112426757812,4300,0.0,0.0
2016-09-30 00:00:00+09:00,893.8155181786003,897.6764923391991,885.1283263172533,894.78076171875,3600,0.0,0.0
2016-10-03 00:00:00+09:00,896.7112549487965,896.7112549487965,890.9197936681799,892.8502807617188,2700,0.0,0.0
2016-10-04 00:00:00+09:00,892.850293088037,893.8155366481321,888.9893188476562,888.9893188476562,1800,0.0,0.0
2016-10-05 00:00:00+09:00,888.9893462538978,891.8850770234545,888.0241026640456,889.95458984375,1400,0.0,0.0
2016-10-06 00:00:00+09:00,892.8503206133067,895.7460513828634,889.95458984375,889.95458984375,1400,0.0,0.0
2016-10-07 00:00:00+09:00,894.7807403168121,895.7459838338744,889.9545227315002,891.885009765625,2200,0.0,0.0
2016-10-11 00:00:00+09:00,893.8154846717572,898.6417021915831,893.8154846717572,895.7459716796875,2600,0.0,0.0
2016-10-12 00:00:00+09:00,899.6070007980511,899.6070007980511,897.676513671875,897.676513671875,1500,0.0,0.0
2016-10-13 00:00:00+09:00,899.606906059093,900.5721495205298,895.7459322133458,898.6416625976562,2300,0.0,0.0
2016-10-14 00:00:00+09:00,900.5721495205298,900.5721495205298,898.6416625976562,898.6416625976562,1000,0.0,0.0
2016-10-17 00:00:00+09:00,898.6417449363039,901.5374755859375,895.7460142866703,901.5374755859375,1600,0.0,0.0
2016-10-18 00:00:00+09:00,901.5374755859375,901.5374755859375,898.6417449363039,901.5374755859375,1400,0.0,0.0
2016-10-19 00:00:00+09:00,901.5374512237096,910.2246429378566,898.6417206523272,909.2593994140625,3300,0.0,0.0
2016-10-20 00:00:00+09:00,910.2247314453125,912.1552186806153,908.2942442100097,910.2247314453125,2500,0.0,0.0
2016-10-21 00:00:00+09:00,910.224737736928,910.224737736928,908.2942504882812,908.2942504882812,2300,0.0,0.0
2016-10-24 00:00:00+09:00,910.2247065434822,921.807629638415,910.2247065434822,917.9466552734375,4400,0.0,0.0
2016-10-25 00:00:00+09:00,920.8423772262315,920.8423772262315,911.18994140625,911.18994140625,4000,0.0,0.0
2016-10-26 00:00:00+09:00,911.1899048894898,911.1899048894898,903.4679565429688,903.4679565429688,1800,0.0,0.0
2016-10-27 00:00:00+09:00,904.4332487065741,915.0509282538231,903.4680051113697,907.3289794921875,1500,0.0,0.0
2016-10-28 00:00:00+09:00,907.3289943473048,912.1552124023438,906.3637507362971,912.1552124023438,500,0.0,0.0
2016-10-31 00:00:00+09:00,915.0508605568273,917.9465911282097,908.2941558902684,909.2593994140625,1400,0.0,0.0
2016-11-01 00:00:00+09:00,909.259487827661,914.0857059159183,909.259487827661,910.2247314453125,1000,0.0,0.0
2016-11-02 00:00:00+09:00,910.2247314453125,910.2247314453125,907.3290005923582,910.2247314453125,2000,0.0,0.0
2016-11-04 00:00:00+09:00,908.2942442100097,916.9814367688726,907.3290005923582,910.2247314453125,2700,0.0,0.0
2016-11-07 00:00:00+09:00,910.2246732311088,920.8423523462119,909.2594296751904,918.911865234375,1300,0.0,0.0
2016-11-08 00:00:00+09:00,915.0508758641598,915.0508758641598,910.2246581644544,914.0856323242188,1400,0.0,0.0
2016-11-09 00:00:00+09:00,914.0856450867162,914.0856450867162,854.2405447748087,890.9197998046875,14600,0.0,0.0
2016-11-10 00:00:00+09:00,915.0509558585447,915.0509558585447,908.2942504882812,908.2942504882812,2300,0.0,0.0
2016-11-11 00:00:00+09:00,916.9814600120665,925.6686527911281,914.0857290857125,921.8076782226562,5300,0.0,0.0
2016-11-14 00:00:00+09:00,927.5989870061528,936.2861783516839,927.5989870061528,931.4599609375,2200,0.0,0.0
2016-11-15 00:00:00+09:00,931.4600668148119,945.938720703125,931.4600668148119,945.938720703125,2000,0.0,0.0
2016-11-16 00:00:00+09:00,948.834390258789,974.8959655761719,947.8691467285156,965.2435302734375,7900,0.0,0.0
2016-11-17 00:00:00+09:00,966.2087208301346,1023.1580859939487,966.2087208301346,1001.9227294921875,7900,0.0,0.0
2016-11-18 00:00:00+09:00,1001.9226939174107,1023.1580496651786,1001.9226939174107,1013.505615234375,4400,0.0,0.0
2016-11-21 00:00:00+09:00,1013.5056784857244,1013.5056784857244,976.8264253595744,983.5831298828125,3800,0.0,0.0
2016-11-22 00:00:00+09:00,994.2008673035273,1002.888059347927,974.89599609375,974.89599609375,3300,0.0,0.0
2016-11-24 00:00:00+09:00,974.89599609375,987.4441623801052,974.89599609375,974.89599609375,1700,0.0,0.0
2016-11-25 00:00:00+09:00,975.8612396542388,978.7569703357054,974.89599609375,974.89599609375,1300,0.0,0.0
2016-11-28 00:00:00+09:00,970.0697479248047,970.0697479248047,965.2435302734375,965.2435302734375,3500,0.0,0.0
2016-11-29 00:00:00+09:00,965.2435887834258,966.2088323722093,929.5295759984391,956.556396484375,9000,0.0,0.0
2016-11-30 00:00:00+09:00,963.3129331290004,964.2781765489693,956.5562291892178,961.3824462890625,1700,0.0,0.0
2016-12-01 00:00:00+09:00,964.278286743164,974.8959655761719,962.3477996826172,965.2435302734375,4100,0.0,0.0
2016-12-02 00:00:00+09:00,974.8959500873508,974.8959500873508,960.4172973632812,960.4172973632812,2000,0.0,0.0
2016-12-05 00:00:00+09:00,960.4172028690936,961.3824462890625,956.5562291892178,961.3824462890625,1100,0.0,0.0
2016-12-06 00:00:00+09:00,961.3825561523437,968.1392608642577,956.5563385009765,965.2435302734375,3100,0.0,0.0
2016-12-07 00:00:00+09:00,974.8960084706604,975.8612520434036,970.0697906069443,971.0350341796875,2400,0.0,0.0
2016-12-08 00:00:00+09:00,971.035012881278,974.8959870875655,966.2087951234188,968.1392822265625,1400,0.0,0.0
2016-12-09 00:00:00+09:00,965.2435727432281,971.0350341796875,965.2435727432281,971.0350341796875,1200,0.0,0.0
2016-12-12 00:00:00+09:00,970.0697142213255,970.0697142213255,966.208740234375,966.208740234375,1700,0.0,0.0
2016-12-13 00:00:00+09:00,967.1740809762915,973.9307861328125,967.1740809762915,973.9307861328125,1100,0.0,0.0
2016-12-14 00:00:00+09:00,972.0002349853515,974.8959655761719,965.2435302734375,965.2435302734375,2000,0.0,0.0
2016-12-15 00:00:00+09:00,965.2435789070282,969.1045532226562,965.2435789070282,969.1045532226562,2100,0.0,0.0
2016-12-16 00:00:00+09:00,970.0697782913057,974.89599609375,970.0697782913057,974.89599609375,1400,0.0,0.0
2016-12-19 00:00:00+09:00,970.0697782913057,974.89599609375,967.1740476098391,974.89599609375,4900,0.0,0.0
2016-12-20 00:00:00+09:00,974.8959838144877,978.7569580078125,969.1045225245007,978.7569580078125,2200,0.0,0.0
2016-12-21 00:00:00+09:00,979.7222138961943,980.6874574566832,965.2435604888614,974.89599609375,3800,0.0,0.0
2016-12-22 00:00:00+09:00,967.1740809762915,978.757004101756,967.1740809762915,973.9307861328125,1400,0.0,0.0
2016-12-26 00:00:00+09:00,973.9307220458984,974.8959655761719,965.2435302734375,965.2435302734375,2200,0.0,0.0
2016-12-27 00:00:00+09:00,972.9655275382844,972.9655275382844,964.2783353281211,969.1045532226562,6300,0.0,0.0
2016-12-28 00:00:00+09:00,977.7916716318282,977.7916716318282,972.9654541015625,972.9654541015625,1200,0.0,0.0
2016-12-29 00:00:00+09:00,971.034991455078,971.034991455078,965.2435302734375,965.2435302734375,2300,0.0,0.0
2016-12-30 00:00:00+09:00,966.2087738037109,967.1740173339844,965.2435302734375,965.2435302734375,2000,0.0,0.0
2017-01-04 00:00:00+09:00,966.2088497939988,975.8612858558769,966.2088497939988,970.06982421875,1900,0.0,0.0
2017-01-05 00:00:00+09:00,970.0697570618948,975.8612182980852,969.1045135225297,972.000244140625,1500,0.0,0.0
2017-01-06 00:00:00+09:00,972.000231945668,975.8612060546875,969.1045013639034,975.8612060546875,1800,0.0,0.0
2017-01-10 00:00:00+09:00,978.7569396972656,996.1313232421875,978.7569396972656,984.5484008789062,2700,0.0,0.0
2017-01-11 00:00:00+09:00,993.2355865060466,993.2355865060466,984.5483947873348,986.4788818359375,2100,0.0,0.0
2017-01-12 00:00:00+09:00,986.4788818359375,996.1313170789506,985.5136383116361,986.4788818359375,800,0.0,0.0
2017-01-13 00:00:00+09:00,986.4788664721223,995.1660580555363,979.7221619072448,981.6526489257812,1700,0.0,0.0
2017-01-16 00:00:00+09:00,981.652688652806,988.4093934911242,978.7569580078125,978.7569580078125,2300,0.0,0.0
2017-01-17 00:00:00+09:00,978.7569151378813,978.7569151378813,970.0697235834031,972.9654541015625,2300,0.0,0.0
2017-01-18 00:00:00+09:00,969.1045806125621,972.0003114311256,967.1740934001865,970.06982421875,2900,0.0,0.0
2017-01-19 00:00:00+09:00,970.0697570618948,972.96548767999,970.0697570618948,972.000244140625,800,0.0,0.0
2017-01-20 00:00:00+09:00,973.9307675516663,979.7222290039062,973.9307675516663,979.7222290039062,600,0.0,0.0
2017-01-23 00:00:00+09:00,979.7222138961943,979.7222138961943,971.0350218517946,974.89599609375,2800,0.0,0.0
2017-01-24 00:00:00+09:00,978.7569916283625,979.72223520985,976.8265044653874,977.791748046875,800,0.0,0.0
2017-01-25 00:00:00+09:00,977.7917267752166,979.7222138961943,974.89599609375,974.89599609375,1000,0.0,0.0
2017-01-26 00:00:00+09:00,978.7569366364522,983.5831542727266,974.8959625274326,975.8612060546875,1800,0.0,0.0
2017-01-27 00:00:00+09:00,979.7222563976378,980.6875,979.7222563976378,980.6875,300,0.0,0.0
2017-01-30 00:00:00+09:00,977.7917022405297,983.583163458144,976.8264587042607,982.617919921875,900,0.0,0.0
2017-01-31 00:00:00+09:00,984.5483947873348,989.3746124088414,975.861203068623,986.4788818359375,2700,0.0,0.0
2017-02-01 00:00:00+09:00,986.4788879394531,986.4788879394531,984.5484008789062,984.5484008789062,300,0.0,0.0
2017-02-02 00:00:00+09:00,987.4442847126143,1003.853427273821,987.4442847126143,1002.88818359375,700,0.0,0.0
2017-02-03 00:00:00+09:00,1002.8880712200558,1002.8880712200558,990.3399047851562,990.3399047851562,1300,0.0,0.0
2017-02-06 00:00:00+09:00,1002.8879729695403,1002.8879729695403,991.305051241307,1001.9227294921875,1000,0.0,0.0
2017-02-07 00:00:00+09:00,1001.9227079087409,1001.9227079087409,995.1660037128245,999.0269775390625,700,0.0,0.0
2017-02-08 00:00:00+09:00,1001.9227079087409,1001.9227079087409,989.3745429734677,999.0269775390625,1500,0.0,0.0
2017-02-09 00:00:00+09:00,999.0271355984652,1006.7490844726562,999.0271355984652,1006.7490844726562,400,0.0,0.0
2017-02-10 00:00:00+09:00,1009.6448301358988,1013.5058046297263,1009.6448301358988,1011.5753173828125,2400,0.0,0.0
2017-02-13 00:00:00+09:00,1022.1928771568449,1022.1928771568449,1012.5404420562137,1020.2623901367188,1800,0.0,0.0
2017-02-14 00:00:00+09:00,1020.2623901367188,1020.2623901367188,1014.47092907634,1020.2623901367188,1600,0.0,0.0
2017-02-15 00:00:00+09:00,1020.262295641836,1022.1927824831639,1018.3318088005079,1021.2275390625,1000,0.0,0.0
2017-02-16 00:00:00+09:00,1015.4362593670281,1052.1155158840882,1014.4710157744739,1040.5325927734375,5300,0.0,0.0
2017-02-17 00:00:00+09:00,1039.567312258099,1056.941696306981,1028.9496331171158,1052.115478515625,3500,0.0,0.0
2017-02-20 00:00:00+09:00,1050.1849701011959,1050.1849701011959,1043.4282653303242,1049.2197265625,3100,0.0,0.0
2017-02-21 00:00:00+09:00,1050.1849150345622,1050.1849150345622,1040.53248015373,1047.2891845703125,2800,0.0,0.0
2017-02-22 00:00:00+09:00,1050.1849913990825,1052.115478515625,1039.567312258099,1052.115478515625,5000,0.0,0.0
2017-02-23 00:00:00+09:00,1058.8720034459595,1061.7677336285828,1053.0805430807127,1060.802490234375,3800,0.0,0.0
2017-02-24 00:00:00+09:00,1070.455350301434,1081.0730318643878,1062.7334000738313,1080.1077880859375,2500,0.0,0.0
2017-02-27 00:00:00+09:00,1085.898911325555,1105.2037808602315,1085.898911325555,1100.3775634765625,3900,0.0,0.0
2017-02-28 00:00:00+09:00,1110.0302097940037,1158.2923928285256,1109.0649661333132,1129.3350830078125,6400,0.0,0.0
2017-03-01 00:00:00+09:00,1130.300203484149,1167.9447021484375,1130.300203484149,1167.9447021484375,4600,0.0,0.0
2017-03-02 00:00:00+09:00,1178.5625337194224,1206.5546004498592,1167.9448532354636,1177.5972900390625,7400,0.0,0.0
2017-03-03 00:00:00+09:00,1158.2923160725502,1158.2923160725502,1135.1264697510992,1152.5008544921875,4900,0.0,0.0
2017-03-06 00:00:00+09:00,1158.2922027867403,1164.083663800674,1158.2922027867403,1159.2574462890625,1400,0.0,0.0
2017-03-07 00:00:00+09:00,1158.292126097408,1160.222612974237,1153.4659089053355,1154.43115234375,2100,0.0,0.0
2017-03-08 00:00:00+09:00,1154.4311739274917,1157.326904296875,1153.4659304710306,1157.326904296875,1600,0.0,0.0
2017-03-09 00:00:00+09:00,1153.4659638826756,1157.3269378203581,1149.604989944993,1156.3616943359375,1800,0.0,0.0
2017-03-10 00:00:00+09:00,1156.3616943359375,1156.3616943359375,1149.604989944993,1156.3616943359375,1500,0.0,0.0
2017-03-13 00:00:00+09:00,1140.9179516099903,1140.9179516099903,1125.4740537878586,1127.404541015625,7800,0.0,0.0
2017-03-14 00:00:00+09:00,1118.717297521814,1119.6825410917209,1095.5514518440543,1114.8563232421875,5300,0.0,0.0
2017-03-15 00:00:00+09:00,1109.0646790202402,1109.0646790202402,1084.93359375,1084.93359375,3000,0.0,0.0
2017-03-16 00:00:00+09:00,1081.0727388491189,1095.5513916015625,1072.3855471976528,1095.5513916015625,3500,0.0,0.0
2017-03-17 00:00:00+09:00,1072.3853521026342,1094.5859489508434,1072.3853521026342,1090.7249755859375,1700,0.0,0.0
2017-03-21 00:00:00+09:00,1088.79465625,1088.79465625,1083.0031953124999,1085.89892578125,3700,0.0,0.0
2017-03-22 00:00:00+09:00,1084.933749408671,1087.8294800565589,1079.1422881128951,1083.968505859375,4100,0.0,0.0
2017-03-23 00:00:00+09:00,1088.7944889034845,1090.7249755859375,1083.968272197352,1090.7249755859375,2600,0.0,0.0
2017-03-24 00:00:00+09:00,1084.9335155385786,1090.7249755859375,1084.9335155385786,1090.7249755859375,1900,0.0,0.0
2017-03-27 00:00:00+09:00,1090.7249755859375,1109.0645990692408,1088.7944889034845,1090.7249755859375,8600,0.0,0.0
2017-03-28 00:00:00+09:00,1109.0648439425736,1109.0648439425736,1086.8642421926352,1101.3428955078125,4500,0.0,0.0
2017-03-29 00:00:00+09:00,1068.3512064890078,1085.8174387476836,1068.3512064890078,1079.995361328125,4400,6.0,0.0
2017-03-30 00:00:00+09:00,1071.2623103384944,1073.2030029296875,1067.3809251561088,1073.2030029296875,1400,0.0,0.0
2017-03-31 00:00:00+09:00,1067.3808100490905,1067.3808100490905,1039.2407705114329,1047.0035400390625,3100,0.0,0.0
2017-04-03 00:00:00+09:00,1038.2704046129604,1038.2704046129604,1003.3379424016832,1004.3082885742188,4800,0.0,0.0
2017-04-04 00:00:00+09:00,1004.3082064390182,1007.2192447185516,993.6343994140625,993.6343994140625,3000,0.0,0.0
2017-04-05 00:00:00+09:00,992.6641179537703,993.6344641101279,981.9903102338372,986.842041015625,2500,0.0,0.0
2017-04-06 00:00:00+09:00,984.9013316905773,985.8716778301739,968.4054473174346,969.3757934570312,11100,0.0,0.0
2017-04-07 00:00:00+09:00,981.9902861916183,998.4861704458253,975.1978632634155,982.9606323242188,1500,0.0,0.0
2017-04-10 00:00:00+09:00,984.9013818479051,989.7531127929688,983.9310356588924,989.7531127929688,1000,0.0,0.0
2017-04-11 00:00:00+09:00,989.7529937360086,1008.1895691095225,989.7529937360086,1002.3674926757812,2000,0.0,0.0
2017-04-12 00:00:00+09:00,999.4566597264079,999.4566597264079,974.227656665353,981.0200805664062,1900,0.0,0.0
2017-04-13 00:00:00+09:00,974.2275206184767,980.0495974349218,974.2275206184767,976.168212890625,700,0.0,0.0
2017-04-14 00:00:00+09:00,973.257187287172,979.0792641802159,968.4054565429688,968.4054565429688,3900,0.0,0.0
2017-04-17 00:00:00+09:00,969.3757784745583,969.3757784745583,964.5240478515625,964.5240478515625,4600,0.0,0.0
2017-04-18 00:00:00+09:00,971.3164154052735,979.0791839599609,968.4053771972656,970.3460693359375,2800,0.0,0.0
2017-04-19 00:00:00+09:00,970.3461821381744,981.0199901416943,970.3461821381744,971.3165283203125,1500,0.0,0.0
2017-04-20 00:00:00+09:00,972.2868706839425,980.0496401105609,972.2868706839425,978.1089477539062,1400,0.0,0.0
2017-04-21 00:00:00+09:00,987.8122985839843,987.8122985839843,970.3460693359375,970.3460693359375,2500,0.0,0.0
2017-04-24 00:00:00+09:00,971.3165283203125,984.901374870247,971.3165283203125,971.3165283203125,1200,0.0,0.0
2017-04-25 00:00:00+09:00,971.3165098211225,975.1978944757524,970.346163657465,973.2572021484375,1100,0.0,0.0
2017-04-26 00:00:00+09:00,974.227586829144,989.753126061481,974.227586829144,981.9903564453125,1800,0.0,0.0
2017-04-27 00:00:00+09:00,981.990246295929,993.6343994140625,980.0495541095734,993.6343994140625,1200,0.0,0.0
2017-04-28 00:00:00+09:00,986.8420282131289,994.6047973632812,985.8716820693598,994.6047973632812,1200,0.0,0.0
2017-05-01 00:00:00+09:00,994.6047455072403,999.4564759731293,993.6343994140625,993.6343994140625,800,0.0,0.0
2017-05-02 00:00:00+09:00,993.6344441770933,1008.1896362304688,993.6344441770933,1008.1896362304688,1300,0.0,0.0
2017-05-08 00:00:00+09:00,1014.0117130518189,1025.655866694519,1008.1896362304688,1008.1896362304688,6500,0.0,0.0
2017-05-09 00:00:00+09:00,1011.1005950839788,1015.952325386685,1007.2192108418137,1010.1302490234375,2000,0.0,0.0
2017-05-10 00:00:00+09:00,1017.8931645881617,1023.7152417926698,1012.0710873836535,1014.0117797851562,4300,0.0,0.0
2017-05-11 00:00:00+09:00,1015.9522859986744,1054.7661269155292,1015.9522859986744,1020.8040161132812,3700,0.0,0.0
2017-05-12 00:00:00+09:00,1028.5670166015625,1028.5670166015625,1020.804246664947,1028.5670166015625,1800,0.0,0.0
2017-05-15 00:00:00+09:00,1011.1005796925901,1013.0412717841307,1003.3378113264282,1005.2785034179688,3400,0.0,0.0
2017-05-16 00:00:00+09:00,1005.2786162476646,1009.1600008663814,1005.2786162476646,1006.2489624023438,1000,0.0,0.0
2017-05-17 00:00:00+09:00,1006.2489956195537,1013.0414189265324,1006.2489956195537,1009.1600341796875,700,0.0,0.0
2017-05-18 00:00:00+09:00,999.4566319956868,999.4566319956868,992.6642082830948,996.5455932617188,1700,0.0,0.0
2017-05-19 00:00:00+09:00,996.5455044940837,999.45654296875,996.5455044940837,999.45654296875,600,0.0,0.0
2017-05-22 00:00:00+09:00,1014.0117502995736,1014.0117502995736,1004.3082885742188,1004.3082885742188,1300,0.0,0.0
2017-05-23 00:00:00+09:00,1013.0412872050613,1014.0116332656024,1010.1302490234375,1010.1302490234375,2500,0.0,0.0
2017-05-24 00:00:00+09:00,1015.9523775243484,1027.5965308484097,1011.1006469726562,1011.1006469726562,1500,0.0,0.0
2017-05-25 00:00:00+09:00,1020.8041080760406,1025.655838627733,1011.1006469726562,1011.1006469726562,1600,0.0,0.0
2017-05-26 00:00:00+09:00,1011.1005950839788,1014.0116332656024,1010.1302490234375,1010.1302490234375,600,0.0,0.0
2017-05-29 00:00:00+09:00,1010.1303949821508,1023.7152417926698,1010.1303949821508,1014.0117797851562,600,0.0,0.0
2017-05-30 00:00:00+09:00,1025.6559871857296,1027.5966796875,1021.7746021821885,1027.5966796875,1000,0.0,0.0
2017-05-31 00:00:00+09:00,1026.6263096813907,1026.6263096813907,1017.8931936254999,1023.7152709960938,2000,0.0,0.0
2017-06-01 00:00:00+09:00,1018.8634515484699,1028.5669129917887,1018.8634515484699,1026.626220703125,800,0.0,0.0
2017-06-02 00:00:00+09:00,1018.8632451153344,1027.5963586448945,1017.8928991676055,1022.74462890625,2500,0.0,0.0
2017-06-05 00:00:00+09:00,1313.8485107421875,1313.8485107421875,1313.8485107421875,1313.8485107421875,15400,0.0,0.0
2017-06-06 00:00:00+09:00,1498.2145443512088,1537.9987388579443,1388.565422905816,1414.7647705078125,268800,0.0,0.0
2017-06-07 00:00:00+09:00,1414.7647519464363,1416.7054443359375,1359.4550188456496,1416.7054443359375,43400,0.0,0.0
2017-06-08 00:00:00+09:00,1419.6165087223053,1496.273859500885,1407.9723541736603,1490.4517822265625,43800,0.0,0.0
2017-06-09 00:00:00+09:00,1502.0956781342272,1504.03637022484,1451.6376837782973,1478.807373046875,48400,0.0,0.0
2017-06-12 00:00:00+09:00,1455.5193998271986,1467.163555025816,1440.9642058289267,1456.48974609375,16000,0.0,0.0
2017-06-13 00:00:00+09:00,1440.9640183559684,1508.888248177462,1440.9640183559684,1502.0958251953125,20900,0.0,0.0
2017-06-14 00:00:00+09:00,1502.095730620449,1504.0364227788734,1456.4894648974769,1499.1846923828125,15100,0.0,0.0
2017-06-15 00:00:00+09:00,1499.1848109874065,1537.9986572265625,1485.5999648037018,1537.9986572265625,13700,0.0,0.0
2017-06-16 00:00:00+09:00,1552.5538123426684,1562.25727366981,1523.4434283612434,1541.8800048828125,19200,0.0,0.0
2017-06-19 00:00:00+09:00,1518.5917432380445,1601.0711669921875,1515.6807047526042,1601.0711669921875,15200,0.0,0.0
2017-06-20 00:00:00+09:00,1615.626248873197,1717.5125888922275,1606.8931340144231,1702.9573974609375,28200,0.0,0.0
2017-06-21 00:00:00+09:00,1712.6608519610745,1744.682272989242,1693.2539301258214,1716.542236328125,21000,0.0,0.0
2017-06-22 00:00:00+09:00,1677.728392657619,1716.542236328125,1641.825587262401,1716.542236328125,21500,0.0,0.0
2017-06-23 00:00:00+09:00,1740.8008821651097,1743.7119204295998,1684.5208090516335,1730.1270751953125,15100,0.0,0.0
2017-06-26 00:00:00+09:00,1742.741721218235,1795.1404143951752,1717.512720799708,1766.030029296875,17800,0.0,0.0
2017-06-27 00:00:00+09:00,1766.0299732965507,1828.1321262036822,1756.3265119048115,1823.2803955078125,23100,0.0,0.0
2017-06-28 00:00:00+09:00,1823.2804636819596,1841.717041015625,1799.9921554710138,1841.717041015625,13400,0.0,0.0
2017-06-29 00:00:00+09:00,1837.8356050639572,1872.76806640625,1744.6823748178433,1872.76806640625,25700,0.0,0.0
2017-06-30 00:00:00+09:00,1872.7680008611069,1969.8026123046875,1859.1831552590056,1969.8026123046875,31900,0.0,0.0
2017-07-03 00:00:00+09:00,1990.1798555107528,2379.288642473118,1988.2391633064517,2256.0546875,67600,0.0,0.0
2017-07-04 00:00:00+09:00,2207.5371967539268,2233.736539308809,2088.184636226132,2185.21923828125,51100,0.0,0.0
2017-07-05 00:00:00+09:00,2177.4568614747277,2177.4568614747277,1988.2393534588755,2003.764892578125,50600,0.0,0.0
2017-07-06 00:00:00+09:00,1973.6841484518611,2125.0581539378445,1964.9510327507467,1979.5062255859375,28200,0.0,0.0
2017-07-07 00:00:00+09:00,1930.9888992618453,1960.099284677853,1897.0267829431696,1917.404052734375,17400,0.0,0.0
2017-07-10 00:00:00+09:00,1917.4040434725912,1936.8109669895202,1850.4501573391858,1918.3743896484375,33500,0.0,0.0
2017-07-11 00:00:00+09:00,1939.721923828125,1940.6922699631066,1799.9920803907814,1939.721923828125,44500,0.0,0.0
2017-07-12 00:00:00+09:00,1907.700480837169,1920.314980456133,1863.0645591085272,1877.6197509765625,11200,0.0,0.0
2017-07-13 00:00:00+09:00,1916.4338061371325,1916.4338061371325,1868.8868408203125,1868.8868408203125,5900,0.0,0.0
2017-07-14 00:00:00+09:00,1869.8568756103516,1968.832174682617,1865.005145263672,1940.692138671875,18400,0.0,0.0
2017-07-17 00:00:00+09:00,1940.692138671875,1940.692138671875,1940.692138671875,1940.692138671875,0,0.0,0.0
2017-07-18 00:00:00+09:00,1968.8323823875978,2017.3496909728024,1922.2557661458015,1996.0020751953125,17300,0.0,0.0
2017-07-19 00:00:00+09:00,2005.7057829378,2053.2527511835438,1996.0023200305054,2046.4603271484375,17300,0.0,0.0
2017-07-20 00:00:00+09:00,2045.4894752803928,2102.7398922830225,2017.349439804524,2087.21435546875,9500,0.0,0.0
2017-07-21 00:00:00+09:00,2115.354335428142,2164.8419827248554,2090.125338767072,2158.049560546875,24100,0.0,0.0
2017-07-24 00:00:00+09:00,2165.812328750281,2183.2785572079447,2096.9177609450526,2158.049560546875,16200,0.0,0.0
2017-07-25 00:00:00+09:00,2158.050024732309,2158.050024732309,2048.4009002742378,2084.3037109375,29900,0.0,0.0
2017-07-26 00:00:00+09:00,2072.65916141692,2187.159995240514,2033.8453194428205,2074.599853515625,46000,0.0,0.0
2017-07-27 00:00:00+09:00,2123.117581700515,2163.872123945223,2086.2444244314934,2120.20654296875,42600,0.0,0.0
2017-07-28 00:00:00+09:00,2153.198232472562,2461.768326175254,2121.1768076543576,2243.4404296875,236100,0.0,0.0
2017-07-31 00:00:00+09:00,2243.440550632515,2421.013916015625,2212.389470346944,2421.013916015625,142900,0.0,0.0
2017-08-01 00:00:00+09:00,2237.61794615921,2266.728327071949,2130.8798828125,2130.8798828125,52200,0.0,0.0
2017-08-02 00:00:00+09:00,2227.9149125978847,2227.9149125978847,2053.2525936659945,2075.570556640625,16000,0.0,0.0
2017-08-03 00:00:00+09:00,2115.3547370296787,2115.3547370296787,1999.8835380817281,2026.0828857421875,14300,0.0,0.0
2017-08-04 00:00:00+09:00,1991.150357927595,2173.575439453125,1954.277203151158,2173.575439453125,16200,0.0,0.0
2017-08-07 00:00:00+09:00,2231.7961532307436,2260.906537838101,2101.7697686512133,2179.3974609375,12900,0.0,0.0
2017-08-08 00:00:00+09:00,2191.041954627404,2191.041954627404,2115.354942908654,2144.46533203125,6800,0.0,0.0
2017-08-09 00:00:00+09:00,2095.9473214285713,2095.9473214285713,2028.0231026785714,2037.7265625,6100,0.0,0.0
2017-08-10 00:00:00+09:00,2037.7270908043033,2129.909983007355,2032.8753596357217,2071.689208984375,12300,0.0,0.0
2017-08-11 00:00:00+09:00,2071.689208984375,2071.689208984375,2071.689208984375,2071.689208984375,0,0.0,0.0
2017-08-14 00:00:00+09:00,1958.158443206563,1994.0612491523723,1950.3956743534152,1984.3577880859375,7600,0.0,0.0
2017-08-15 00:00:00+09:00,2059.074693424509,2154.168623658063,1989.2097650896526,2124.087890625,9000,0.0,0.0
2017-08-16 00:00:00+09:00,2091.096041505264,2137.6726586710424,2087.2146567414493,2094.007080078125,4000,0.0,0.0
2017-08-17 00:00:00+09:00,2094.0070413382678,2094.0070413382678,2046.4600788611708,2085.27392578125,5400,0.0,0.0
2017-08-18 00:00:00+09:00,2086.24425817419,2253.143798828125,2035.786257511372,2253.143798828125,12400,0.0,0.0
2017-08-21 00:00:00+09:00,2253.1438277609022,2253.1438277609022,2162.9016331089797,2186.18994140625,4800,0.0,0.0
2017-08-22 00:00:00+09:00,2230.8255239462374,2230.8255239462374,2086.2439654129666,2130.8798828125,10300,0.0,0.0
2017-08-23 00:00:00+09:00,2190.0712437489387,2192.982282176607,2133.7911674806896,2143.49462890625,5000,0.0,0.0
2017-08-24 00:00:00+09:00,2075.5707444411055,2154.1687950721152,2075.5707444411055,2144.46533203125,3300,0.0,0.0
2017-08-25 00:00:00+09:00,2136.701995626853,2136.701995626853,2107.591614215043,2126.99853515625,1000,0.0,0.0
2017-08-28 00:00:00+09:00,2126.9991724640936,2185.219952732271,2100.7998213434134,2161.931640625,4400,0.0,0.0
2017-08-29 00:00:00+09:00,2124.0874605995277,2160.960609755664,2105.6508860214594,2130.8798828125,4100,0.0,0.0
2017-08-30 00:00:00+09:00,2173.575453436572,2287.10595703125,2144.465067899475,2287.10595703125,14300,0.0,0.0
2017-08-31 00:00:00+09:00,2257.0249911799824,2277.4022589421406,2159.990382788754,2234.70703125,12400,0.0,0.0
2017-09-01 00:00:00+09:00,2233.7369277087882,2233.7369277087882,2192.0120415700057,2222.0927734375,6200,0.0,0.0
2017-09-04 00:00:00+09:00,2222.0927414156263,2263.817626953125,2185.219586754581,2263.817626953125,5700,0.0,0.0
2017-09-05 00:00:00+09:00,2263.817927433894,2275.4620830829326,2136.7025615985576,2157.079833984375,8300,0.0,0.0
2017-09-06 00:00:00+09:00,2136.70222753408,2287.10588115251,2136.70222753408,2282.254150390625,7300,0.0,0.0
2017-09-07 00:00:00+09:00,2281.2837282301875,2281.2837282301875,2203.656038626438,2277.40234375,4200,0.0,0.0
2017-09-08 00:00:00+09:00,2282.2539245345743,2284.194616647274,2222.092469040891,2280.313232421875,5000,0.0,0.0
2017-09-11 00:00:00+09:00,2280.3134005613674,2280.3134005613674,2242.4699015733277,2275.461669921875,1600,0.0,0.0
2017-09-12 00:00:00+09:00,2280.3134619838756,2307.483154296875,2263.817577365269,2307.483154296875,5100,0.0,0.0
2017-09-13 00:00:00+09:00,2309.4235478427113,2333.6821985553447,2232.766211590789,2248.291748046875,6100,0.0,0.0
2017-09-14 00:00:00+09:00,2296.809245952686,2296.809245952686,2151.2573292256466,2176.486328125,10400,0.0,0.0
2017-09-15 00:00:00+09:00,2160.9610688928433,2195.893533410195,2139.613451687795,2159.99072265625,8600,0.0,0.0
2017-09-18 00:00:00+09:00,2159.99072265625,2159.99072265625,2159.99072265625,2159.99072265625,0,0.0,0.0
2017-09-19 00:00:00+09:00,2154.1681656236124,2192.011660425108,2154.1681656236124,2185.21923828125,6200,0.0,0.0
2017-09-20 00:00:00+09:00,2194.9227794630983,2280.313232421875,2131.850285800366,2280.313232421875,8100,0.0,0.0
2017-09-21 00:00:00+09:00,2280.313419044094,2280.313419044094,2231.796112255922,2273.52099609375,3000,0.0,0.0
2017-09-22 00:00:00+09:00,2205.5969276296228,2288.076355191663,2205.5969276296228,2243.4404296875,2300,0.0,0.0
2017-09-25 00:00:00+09:00,2243.440017904348,2287.1055891870883,2236.647595704811,2248.291748046875,4100,0.0,0.0
2017-09-26 00:00:00+09:00,2248.292291353255,2285.165449346964,2209.4784408335613,2217.2412109375,12200,0.0,0.0
2017-09-27 00:00:00+09:00,2181.3068921577715,2373.603759765625,2181.3068921577715,2373.603759765625,15700,2.0,0.0
2017-09-28 00:00:00+09:00,2369.7185530799898,2369.7185530799898,2259.002194452482,2360.006591796875,11200,0.0,0.0
2017-09-29 00:00:00+09:00,2360.006725555852,2360.006725555852,2332.813232421875,2332.813232421875,2300,0.0,0.0
2017-10-02 00:00:00+09:00,2326.0150616798564,2326.0150616798564,2241.5209863704004,2243.46337890625,5100,0.0,0.0
2017-10-03 00:00:00+09:00,2243.4632902397934,2320.187792373535,2243.4632902397934,2310.475830078125,4200,0.0,0.0
2017-10-04 00:00:00+09:00,2284.2535845782304,2309.50468712884,2275.5128183107117,2299.792724609375,1300,0.0,0.0
2017-10-05 00:00:00+09:00,2251.2329884224196,2294.9368212433897,2251.2329884224196,2284.253662109375,900,0.0,0.0
2017-10-06 00:00:00+09:00,2254.146280098284,2296.8789110006214,2254.146280098284,2295.90771484375,1100,0.0,0.0
2017-10-09 00:00:00+09:00,2295.90771484375,2295.90771484375,2295.90771484375,2295.90771484375,0,0.0,0.0
2017-10-10 00:00:00+09:00,2295.90802734375,2301.735205078125,2263.8585498046873,2282.311279296875,1700,0.0,0.0
2017-10-11 00:00:00+09:00,2282.3109450849515,2302.7060641686894,2281.339748938107,2300.763671875,2400,0.0,0.0
2017-10-12 00:00:00+09:00,2300.763964657462,2300.763964657462,2273.570469085318,2291.052001953125,900,0.0,0.0
2017-10-13 00:00:00+09:00,2291.0522262566783,2306.5913681049647,2266.7723171187313,2294.93701171875,2700,0.0,0.0
2017-10-16 00:00:00+09:00,2294.936690405468,2326.0149697507813,2277.45515827373,2310.475830078125,2600,0.0,0.0
2017-10-17 00:00:00+09:00,2299.792576333889,2329.899658203125,2292.0230068192477,2329.899658203125,2700,0.0,0.0
2017-10-18 00:00:00+09:00,2329.8998428855293,2329.8998428855293,2233.7514125205157,2292.994384765625,3300,0.0,0.0
2017-10-19 00:00:00+09:00,2278.426399470558,2350.294921875,2248.319315760589,2350.294921875,6800,0.0,0.0
2017-10-20 00:00:00+09:00,2302.7061697296726,2386.2290421871808,2302.7061697296726,2378.45947265625,6600,0.0,0.0
2017-10-23 00:00:00+09:00,2383.315444031135,2383.315444031135,2334.7556346580477,2380.40185546875,2600,0.0,0.0
2017-10-24 00:00:00+09:00,2336.698045649029,2475.5791015625,2336.698045649029,2475.5791015625,4900,0.0,0.0
2017-10-25 00:00:00+09:00,2463.9250699092095,2962.1487832964485,2463.9250699092095,2845.605224609375,14700,0.0,0.0
2017-10-26 00:00:00+09:00,2913.5887666745666,2913.5887666745666,2597.9499836181553,2689.242431640625,22500,0.0,0.0
2017-10-27 00:00:00+09:00,2640.6828731556175,2753.3416496492005,2632.9133023629565,2686.3291015625,6700,0.0,0.0
2017-10-30 00:00:00+09:00,2686.3289749512787,2686.3289749512787,2615.4316448097593,2663.020263671875,5200,0.0,0.0
2017-10-31 00:00:00+09:00,2614.460209306027,2901.934288783956,2614.460209306027,2860.1728515625,15300,0.0,0.0
2017-11-01 00:00:00+09:00,2811.613180581091,2893.193666649765,2692.1560402662467,2880.568115234375,5000,0.0,0.0
2017-11-02 00:00:00+09:00,2880.5680874273444,2880.5680874273444,2690.2136217713232,2788.304443359375,6400,0.0,0.0
2017-11-03 00:00:00+09:00,2788.304443359375,2788.304443359375,2788.304443359375,2788.304443359375,0,0.0,0.0
2017-11-06 00:00:00+09:00,2739.744682426045,2788.3044960103425,2723.234345807384,2729.0615234375,3000,0.0,0.0
2017-11-07 00:00:00+09:00,2702.839176085993,2774.7076989140073,2702.839176085993,2738.7734375,2800,0.0,0.0
2017-11-08 00:00:00+09:00,2737.80200071831,2737.80200071831,2641.6535799765174,2688.27099609375,2200,0.0,0.0
2017-11-09 00:00:00+09:00,2697.98339351779,2698.95458984375,2675.645878020702,2698.95458984375,1600,0.0,0.0
2017-11-10 00:00:00+09:00,2650.394954537884,2710.609130859375,2650.394954537884,2710.609130859375,2500,0.0,0.0
2017-11-13 00:00:00+09:00,2714.49365234375,2714.49365234375,2695.069726387802,2714.49365234375,2100,0.0,0.0
2017-11-14 00:00:00+09:00,2713.5223380295797,2713.5223380295797,2664.9625252516703,2689.242431640625,6800,0.0,0.0
2017-11-15 00:00:00+09:00,2689.242420066152,2689.242420066152,2642.625,2642.625,1600,0.0,0.0
2017-11-16 00:00:00+09:00,2622.229674325585,2703.8101530823815,2622.229674325585,2634.855224609375,1800,0.0,0.0
2017-11-17 00:00:00+09:00,2634.8553770632207,2708.666290685338,2629.9993959038707,2653.30810546875,1700,0.0,0.0
2017-11-20 00:00:00+09:00,2664.9624156350737,2713.522226415596,2664.9624156350737,2711.579833984375,1800,0.0,0.0
2017-11-21 00:00:00+09:00,2714.493701434863,2767.9094987797353,2668.8474746128813,2704.78173828125,3100,0.0,0.0
2017-11-22 00:00:00+09:00,2748.4853067893055,2806.757080078125,2748.4853067893055,2806.757080078125,1600,0.0,0.0
2017-11-23 00:00:00+09:00,2806.757080078125,2806.757080078125,2806.757080078125,2806.757080078125,0,0.0,0.0
2017-11-24 00:00:00+09:00,2806.7574989171726,2842.6917644742434,2721.2922186733276,2820.354248046875,2400,0.0,0.0
2017-11-27 00:00:00+09:00,2784.419668033423,2821.325125789011,2755.2837803316434,2786.362060546875,2600,0.0,0.0
2017-11-28 00:00:00+09:00,2788.3044191660238,2860.172941290122,2788.3044191660238,2793.160400390625,2800,0.0,0.0
2017-11-29 00:00:00+09:00,2744.600428129919,2868.913540232052,2744.600428129919,2776.64990234375,5700,0.0,0.0
2017-11-30 00:00:00+09:00,2749.4564043378496,2868.9135352928324,2749.4564043378496,2777.62109375,2100,0.0,0.0
2017-12-01 00:00:00+09:00,2798.016440023923,2835.893094366489,2771.794140863685,2781.506103515625,4300,0.0,0.0
2017-12-04 00:00:00+09:00,2743.629328592265,2797.0451208303443,2692.155928799207,2707.695068359375,6000,0.0,0.0
2017-12-05 00:00:00+09:00,2685.3575839626114,2739.744573004892,2685.3575839626114,2701.867919921875,3200,0.0,0.0
2017-12-06 00:00:00+09:00,2701.868095263912,2812.584472999385,2700.896898967987,2764.024658203125,4100,0.0,0.0
2017-12-07 00:00:00+09:00,2757.2260775145214,2838.8065602588754,2740.7157417210215,2805.785888671875,4300,0.0,0.0
2017-12-08 00:00:00+09:00,2708.6663552952145,2805.785980798808,2708.6663552952145,2787.333251953125,7500,0.0,0.0
2017-12-11 00:00:00+09:00,2787.332872150235,2787.332872150235,2723.233928052007,2764.995361328125,5400,0.0,0.0
2017-12-12 00:00:00+09:00,2750.4277682522124,2750.4277682522124,2722.263077122511,2743.62939453125,3100,0.0,0.0
2017-12-13 00:00:00+09:00,2748.485552547396,2748.485552547396,2689.242577739837,2708.66650390625,2700,0.0,0.0
2017-12-14 00:00:00+09:00,2697.0118930972644,2697.0118930972644,2611.5466260491694,2612.517822265625,5000,0.0,0.0
2017-12-15 00:00:00+09:00,2612.5178511913773,2669.81842859669,2571.727609648612,2606.690673828125,4200,0.0,0.0
2017-12-18 00:00:00+09:00,2596.007558969351,2596.007558969351,2481.4064022322077,2499.859130859375,5700,0.0,0.0
2017-12-19 00:00:00+09:00,2427.9908079499332,2427.9908079499332,2362.920654296875,2362.920654296875,14500,0.0,0.0
2017-12-20 00:00:00+09:00,2362.920460800868,2401.768310546875,2362.920460800868,2401.768310546875,2200,0.0,0.0
2017-12-21 00:00:00+09:00,2410.5088555383913,2410.5088555383913,2393.998520911416,2396.912109375,1700,0.0,0.0
2017-12-22 00:00:00+09:00,2330.870931467688,2340.5828936821367,2309.504614595901,2314.360595703125,11300,0.0,0.0
2017-12-25 00:00:00+09:00,2314.361210817397,2324.073175613106,2284.2541199506995,2290.081298828125,5900,0.0,0.0
2017-12-26 00:00:00+09:00,2285.224823381334,2292.9943935415763,2210.4427105889995,2242.4921875,10100,0.0,0.0
2017-12-27 00:00:00+09:00,2254.146511861031,2255.1177081177566,2199.759521484375,2199.759521484375,6600,0.0,0.0
2017-12-28 00:00:00+09:00,2199.759415800414,2238.6072642030704,2199.759415800414,2221.125732421875,2900,0.0,0.0
2017-12-29 00:00:00+09:00,2269.685751869836,2280.368911164046,2253.1754147787847,2277.455322265625,4700,0.0,0.0
2018-01-01 00:00:00+09:00,2277.455322265625,2277.455322265625,2277.455322265625,2277.455322265625,0,0.0,0.0
2018-01-02 00:00:00+09:00,2277.455322265625,2277.455322265625,2277.455322265625,2277.455322265625,0,0.0,0.0
2018-01-03 00:00:00+09:00,2277.455322265625,2277.455322265625,2277.455322265625,2277.455322265625,0,0.0,0.0
2018-01-04 00:00:00+09:00,2277.4553369641,2280.3689258813247,2253.1754293205595,2274.541748046875,3900,0.0,0.0
2018-01-05 00:00:00+09:00,2259.002544245953,2293.965610278994,2259.002544245953,2287.167236328125,5100,0.0,0.0
2018-01-08 00:00:00+09:00,2287.167236328125,2287.167236328125,2287.167236328125,2287.167236328125,0,0.0,0.0
2018-01-09 00:00:00+09:00,2287.1668564025986,2287.1668564025986,2260.9445612336513,2264.829345703125,3100,0.0,0.0
2018-01-10 00:00:00+09:00,2271.627666790873,2277.454843362376,2265.80049021937,2275.512451171875,1600,0.0,0.0
2018-01-11 00:00:00+09:00,2276.483853280519,2293.9653845770417,2276.483853280519,2283.2822265625,3000,0.0,0.0
2018-01-12 00:00:00+09:00,2278.426110336461,2278.426110336461,2259.0021878271987,2260.944580078125,5600,0.0,0.0
2018-01-15 00:00:00+09:00,2261.915705838368,2276.4836472671254,2259.0021175526167,2275.512451171875,2600,0.0,0.0
2018-01-16 00:00:00+09:00,2277.455049463659,2283.2822265625,2274.5414609142385,2283.2822265625,4100,0.0,0.0
2018-01-17 00:00:00+09:00,2276.4841406583582,2276.4841406583582,2257.060214543526,2274.541748046875,1500,0.0,0.0
2018-01-18 00:00:00+09:00,2270.6565603233244,2270.6565603233244,2257.059814453125,2257.059814453125,2500,0.0,0.0
2018-01-19 00:00:00+09:00,2257.059992194332,2258.0311884043986,2221.125732421875,2221.125732421875,4100,0.0,0.0
2018-01-22 00:00:00+09:00,2221.12576132059,2223.068153765995,2215.298583984375,2215.298583984375,1200,0.0,0.0
2018-01-23 00:00:00+09:00,2225.0106018066404,2253.17529296875,2225.0106018066404,2253.17529296875,1800,0.0,0.0
2018-01-24 00:00:00+09:00,2253.17552229068,2258.0315040197547,2250.2619332532354,2256.089111328125,1400,0.0,0.0
2018-01-25 00:00:00+09:00,2231.8090140266813,2257.06011688338,2231.8090140266813,2245.40576171875,1200,0.0,0.0
2018-01-26 00:00:00+09:00,2225.9816227538213,2250.2615270159704,2222.0968380718778,2239.578369140625,2300,0.0,0.0
2018-01-29 00:00:00+09:00,2276.4839980073243,2276.4839980073243,2225.01059702849,2254.146484375,1600,0.0,0.0
2018-01-30 00:00:00+09:00,2247.3481639779493,2247.3481639779493,2243.46337890625,2243.46337890625,2100,0.0,0.0
2018-01-31 00:00:00+09:00,2229.8665858101035,2236.6649595473295,2201.7018946130247,2203.644287109375,4200,0.0,0.0
2018-02-01 00:00:00+09:00,2197.817528597457,2197.817528597457,2162.8544569980277,2169.65283203125,2400,0.0,0.0
2018-02-02 00:00:00+09:00,2162.8540572293828,2171.5948235136507,2152.1708984375,2152.1708984375,2000,0.0,0.0
2018-02-05 00:00:00+09:00,2122.0638460726354,2122.0638460726354,2048.2529296875,2048.2529296875,3500,0.0,0.0
2018-02-06 00:00:00+09:00,2004.5491194524684,2010.3762971252954,1849.15771484375,1849.15771484375,8400,0.0,0.0
2018-02-07 00:00:00+09:00,1853.042534072987,1901.6023489071847,1853.042534072987,1866.6392822265625,3300,0.0,0.0
2018-02-08 00:00:00+09:00,1933.651654563927,1990.9522309673782,1922.968496251419,1924.910888671875,1700,0.0,0.0
2018-02-09 00:00:00+09:00,1910.3429742110404,1929.7668987073398,1906.4581893117804,1919.083740234375,4600,0.0,0.0
2018-02-12 00:00:00+09:00,1919.083740234375,1919.083740234375,1919.083740234375,1919.083740234375,0,0.0,0.0
2018-02-13 00:00:00+09:00,1919.0836039153296,1949.1906847459852,1919.0836039153296,1921.9971923828125,2400,0.0,0.0
2018-02-14 00:00:00+09:00,1949.1907939275748,1962.7875408707666,1922.968496251419,1924.910888671875,2200,0.0,0.0
2018-02-15 00:00:00+09:00,1941.4212262087576,1979.297878445947,1940.4500299975475,1949.1907958984375,2500,0.0,0.0
2018-02-16 00:00:00+09:00,1950.1619921096474,1967.643523911427,1943.3636186311776,1949.1907958984375,1900,0.0,0.0
2018-02-19 00:00:00+09:00,1952.1044150650912,1967.6435546875,1952.1044150650912,1967.6435546875,900,0.0,0.0
2018-02-20 00:00:00+09:00,1987.067626953125,2010.3763381197305,1977.3556639670394,1987.067626953125,1500,0.0,0.0
2018-02-21 00:00:00+09:00,2009.4050925881945,2009.4050925881945,1996.779541015625,1996.779541015625,900,0.0,0.0
2018-02-22 00:00:00+09:00,1997.7505552018326,1997.7505552018326,1982.211416221167,1984.15380859375,1100,0.0,0.0
2018-02-23 00:00:00+09:00,1990.9525311901118,2005.5204765402834,1963.759033203125,1963.759033203125,1400,0.0,0.0
2018-02-26 00:00:00+09:00,1967.6435691693955,1983.1827089061726,1964.72998046875,1964.72998046875,1400,0.0,0.0
2018-02-27 00:00:00+09:00,2019.1169465107275,2019.1169465107275,1989.0098636142231,1993.8658447265625,2800,0.0,0.0
2018-02-28 00:00:00+09:00,1988.0388632943486,1992.8948448851995,1955.0181884765625,1955.0181884765625,2000,0.0,0.0
2018-03-01 00:00:00+09:00,1949.1908587701582,1955.0180362253755,1936.5653076171875,1936.5653076171875,2500,0.0,0.0
2018-03-02 00:00:00+09:00,1935.5942391608096,1954.0469689872298,1883.14963860151,1887.034423828125,3300,0.0,0.0
2018-03-05 00:00:00+09:00,1906.4582453202554,1907.4294415736024,1858.86962890625,1858.86962890625,4700,0.0,0.0
2018-03-06 00:00:00+09:00,1862.7542963900369,1882.1782202314346,1857.8983154296875,1857.8983154296875,2900,0.0,0.0
2018-03-07 00:00:00+09:00,1857.8983683781669,1872.4663116743889,1847.2152099609375,1847.2152099609375,2500,0.0,0.0
2018-03-08 00:00:00+09:00,1848.1863535089888,1874.4086506948756,1848.1863535089888,1857.8983154296875,1300,0.0,0.0
2018-03-09 00:00:00+09:00,1893.8328424432038,1908.4007873850746,1862.7545599005462,1878.293701171875,4900,0.0,0.0
2018-03-12 00:00:00+09:00,1917.1413543764618,1917.1413543764618,1864.6967580561331,1868.58154296875,3200,0.0,0.0
2018-03-13 00:00:00+09:00,1917.1414205423732,1918.112616804046,1898.6886915705873,1904.515869140625,2200,0.0,0.0
2018-03-14 00:00:00+09:00,1904.5157662821962,1944.3348108602534,1900.6309814453125,1900.6309814453125,4300,0.0,0.0
2018-03-15 00:00:00+09:00,1900.6310151867988,1904.515800092648,1893.8326416015625,1893.8326416015625,2000,0.0,0.0
2018-03-16 00:00:00+09:00,1912.2854246306565,1920.054994664707,1907.429443359375,1907.429443359375,6900,0.0,0.0
2018-03-19 00:00:00+09:00,1896.7461241881465,1900.6309088767039,1857.8982773025725,1865.6678466796875,4300,0.0,0.0
2018-03-20 00:00:00+09:00,1847.2152311761895,1852.071212330701,1792.8282422456602,1793.7994384765625,5900,0.0,0.0
2018-03-21 00:00:00+09:00,1793.7994384765625,1793.7994384765625,1793.7994384765625,1793.7994384765625,0,0.0,0.0
2018-03-22 00:00:00+09:00,1796.7130271692695,1804.482597016488,1793.7994384765625,1793.7994384765625,4900,0.0,0.0
2018-03-23 00:00:00+09:00,1793.7994107702598,1806.4249615769804,1750.0955810546875,1750.0955810546875,5100,0.0,0.0
2018-03-26 00:00:00+09:00,1748.1530920251623,1748.1530920251623,1674.3421836952111,1719.9884033203125,9000,0.0,0.0
2018-03-27 00:00:00+09:00,1748.153222384227,1765.6347546080694,1710.2765692325688,1743.2972412109375,12300,0.0,0.0
2018-03-28 00:00:00+09:00,1731.6297607421875,1742.3248350645704,1716.0732890005395,1731.6297607421875,3800,2.0,0.0
2018-03-29 00:00:00+09:00,1731.6298423918668,1766.6319054609892,1731.6298423918668,1761.7705078125,3700,0.0,0.0
2018-03-30 00:00:00+09:00,1788.0220870593362,1788.0220870593362,1764.6873779296875,1764.6873779296875,1400,0.0,0.0
2018-04-02 00:00:00+09:00,1764.6873674319097,1771.4933242209033,1763.715087890625,1763.715087890625,1700,0.0,0.0
2018-04-03 00:00:00+09:00,1750.1033310906146,1760.798407002835,1732.6022977797084,1744.2696533203125,2300,0.0,0.0
2018-04-04 00:00:00+09:00,1747.1863164400886,1795.80029296875,1742.3249187872225,1795.80029296875,4100,0.0,0.0
2018-04-05 00:00:00+09:00,1789.9667655936523,1789.9667655936523,1761.7706568472015,1787.0499267578125,3000,0.0,0.0
2018-04-06 00:00:00+09:00,1760.7981924355263,1777.3269441038883,1747.186279296875,1747.186279296875,2800,0.0,0.0
2018-04-09 00:00:00+09:00,1768.5765975388256,1768.5765975388256,1759.8260811133998,1762.742919921875,1100,0.0,0.0
2018-04-10 00:00:00+09:00,1764.6874477323247,1764.6874477323247,1749.1309743638856,1759.8260498046875,1400,0.0,0.0
2018-04-11 00:00:00+09:00,1765.6597344661964,1765.6597344661964,1749.1309814453125,1749.1309814453125,1300,0.0,0.0
2018-04-12 00:00:00+09:00,1748.158653149441,1756.909169210812,1747.1863735870666,1755.9368896484375,700,0.0,0.0
2018-04-13 00:00:00+09:00,1755.9369314625776,1764.6874477323247,1755.9369314625776,1759.8260498046875,700,0.0,0.0
2018-04-16 00:00:00+09:00,1759.8259382495428,1764.6873358690166,1750.103143010595,1760.7982177734375,1000,0.0,0.0
2018-04-17 00:00:00+09:00,1748.158653149441,1760.7982874603103,1742.324975775194,1755.9368896484375,1000,0.0,0.0
2018-04-18 00:00:00+09:00,1750.103153456126,1764.6873464015937,1750.103153456126,1761.7705078125,600,0.0,0.0
2018-04-19 00:00:00+09:00,1764.6874791275252,1764.6874791275252,1761.77064031905,1762.742919921875,800,0.0,0.0
2018-04-20 00:00:00+09:00,1758.8536692234065,1761.7705078125,1751.0754329858237,1761.7705078125,800,0.0,0.0
2018-04-23 00:00:00+09:00,1764.6874097483387,1801.634033203125,1764.6874097483387,1801.634033203125,1400,0.0,0.0
2018-04-24 00:00:00+09:00,1795.8002969742847,1808.4399308999293,1795.8002969742847,1807.4676513671875,3100,0.0,0.0
2018-04-25 00:00:00+09:00,1807.467655347032,1819.135009765625,1797.7448599982044,1819.135009765625,1500,0.0,0.0
2018-04-26 00:00:00+09:00,1823.0241357200823,1934.836282710914,1812.3290607905244,1932.8917236328125,3800,0.0,0.0
2018-04-27 00:00:00+09:00,1964.976936709677,1988.3116455078125,1920.252078179917,1988.3116455078125,8700,0.0,0.0
2018-04-30 00:00:00+09:00,1988.3116455078125,1988.3116455078125,1988.3116455078125,1988.3116455078125,0,0.0,0.0
2018-05-01 00:00:00+09:00,1988.311652049437,1988.311652049437,1967.8937817838926,1977.6165771484375,1700,0.0,0.0
2018-05-02 00:00:00+09:00,1968.8661446417232,1985.3948974609375,1949.4205530897061,1985.3948974609375,2300,0.0,0.0
2018-05-03 00:00:00+09:00,1985.3948974609375,1985.3948974609375,1985.3948974609375,1985.3948974609375,0,0.0,0.0
2018-05-04 00:00:00+09:00,1985.3948974609375,1985.3948974609375,1985.3948974609375,1985.3948974609375,0,0.0,0.0
2018-05-07 00:00:00+09:00,1936.7807686634073,1983.4501847757786,1933.8639301563842,1982.4779052734375,4100,0.0,0.0
2018-05-08 00:00:00+09:00,1988.3115212191012,2037.897774315519,1978.5887264943135,2033.036376953125,3500,0.0,0.0
2018-05-09 00:00:00+09:00,2010.6742434365146,2010.6742434365146,1981.5058549920777,2003.8682861328125,1700,0.0,0.0
2018-05-10 00:00:00+09:00,2003.8681882970473,2003.8681882970473,1973.7275217093672,1983.4503173828125,900,0.0,0.0
2018-05-11 00:00:00+09:00,1988.3116836810032,1988.3116836810032,1925.1135128060569,1980.533447265625,4500,0.0,0.0
2018-05-14 00:00:00+09:00,1964.9768593610215,1986.3670082506517,1953.3095054212233,1969.8382568359375,2200,0.0,0.0
2018-05-15 00:00:00+09:00,1970.8106968315433,1970.8106968315433,1959.1433419415687,1962.0601806640625,2100,0.0,0.0
2018-05-16 00:00:00+09:00,1962.060079623685,1964.004638671875,1951.36500485864,1964.004638671875,1500,0.0,0.0
2018-05-17 00:00:00+09:00,1968.8662317743663,1970.810791015625,1949.42063936178,1970.810791015625,2600,0.0,0.0
2018-05-18 00:00:00+09:00,1973.727634452774,1973.727634452774,1948.4483642578125,1948.4483642578125,1000,0.0,0.0
2018-05-21 00:00:00+09:00,1950.3928085417438,1971.782958984375,1950.3928085417438,1971.782958984375,1100,0.0,0.0
2018-05-22 00:00:00+09:00,1971.782906487503,1971.782906487503,1958.1709929318695,1966.9215087890625,1500,0.0,0.0
2018-05-23 00:00:00+09:00,1971.7829448084678,1971.7829448084678,1948.4482354024506,1959.143310546875,1300,0.0,0.0
2018-05-24 00:00:00+09:00,1959.1433246319111,1971.782958984375,1951.365088107318,1971.782958984375,1300,0.0,0.0
2018-05-25 00:00:00+09:00,1977.6165771484375,1977.6165771484375,1977.6165771484375,1977.6165771484375,400,0.0,0.0
2018-05-28 00:00:00+09:00,1976.6442830625117,1976.6442830625117,1962.0600901230441,1964.9769287109375,1000,0.0,0.0
2018-05-29 00:00:00+09:00,1972.7552594866072,1973.7275390625,1963.0324637276788,1973.7275390625,1300,0.0,0.0
2018-05-30 00:00:00+09:00,1959.1432659558022,1977.6165771484375,1955.2541478099843,1977.6165771484375,1900,0.0,0.0
2018-05-31 00:00:00+09:00,1977.6165650513797,1977.6165650513797,1935.8085452395756,1942.614501953125,1000,0.0,0.0
2018-06-01 00:00:00+09:00,1939.6976002153144,1941.642159213024,1934.8362027210403,1936.78076171875,1200,0.0,0.0
2018-06-04 00:00:00+09:00,1925.1134704039978,1942.614501953125,1925.1134704039978,1942.614501953125,1400,0.0,0.0
2018-06-05 00:00:00+09:00,1941.6421483455938,2014.5631103515625,1941.6421483455938,2014.5631103515625,3500,0.0,0.0
2018-06-06 00:00:00+09:00,2012.618704403148,2013.5909839704925,1964.0047260359222,1983.4503173828125,3900,0.0,0.0
2018-06-07 00:00:00+09:00,1983.4501681460467,1992.20068359375,1964.0045782622622,1992.20068359375,1300,0.0,0.0
2018-06-08 00:00:00+09:00,1943.5868070513288,2080.67822265625,1943.5868070513288,2080.67822265625,8700,0.0,0.0
2018-06-11 00:00:00+09:00,2077.761510013802,2077.761510013802,2046.648562741719,2058.31591796875,2700,0.0,0.0
2018-06-12 00:00:00+09:00,2066.0941057510518,2066.0941057510518,2046.6485141675125,2065.121826171875,1700,0.0,0.0
2018-06-13 00:00:00+09:00,2033.0365756188817,2056.3712852386107,2017.4801025390625,2017.4801025390625,2500,0.0,0.0
2018-06-14 00:00:00+09:00,1995.117615440018,1995.117615440018,1946.503638455612,1966.9215087890625,4100,0.0,0.0
2018-06-15 00:00:00+09:00,1946.50351321816,1946.50351321816,1853.164683413493,1854.136962890625,3000,0.0,0.0
2018-06-18 00:00:00+09:00,1867.7491588257215,1886.222471692816,1867.7491588257215,1880.3887939453125,1800,0.0,0.0
2018-06-19 00:00:00+09:00,1881.3608380357628,1903.7232666015625,1869.6934840014324,1903.7232666015625,2100,0.0,0.0
2018-06-20 00:00:00+09:00,1941.642373654103,1941.642373654103,1875.5273604300273,1899.8343505859375,4600,0.0,0.0
2018-06-21 00:00:00+09:00,1885.25017418881,1894.000690727077,1882.333335342721,1890.111572265625,2400,0.0,0.0
2018-06-22 00:00:00+09:00,1894.000676043521,1911.501708984375,1894.000676043521,1911.501708984375,800,0.0,0.0
2018-06-25 00:00:00+09:00,1894.0004027138787,1908.5845947265625,1894.0004027138787,1908.5845947265625,900,0.0,0.0
2018-06-26 00:00:00+09:00,1890.1115304848583,1890.1115304848583,1872.6104977951836,1886.222412109375,1900,0.0,0.0
2018-06-27 00:00:00+09:00,1877.471742833836,1883.305419921875,1877.471742833836,1883.305419921875,900,0.0,0.0
2018-06-28 00:00:00+09:00,1922.1967324791983,1922.1967324791983,1838.5806884765625,1838.5806884765625,3400,0.0,0.0
2018-06-29 00:00:00+09:00,1847.3309614263171,1850.247799786464,1760.7980900752948,1771.4931640625,3800,0.0,0.0
2018-07-02 00:00:00+09:00,1771.493458677142,1771.493458677142,1730.65771484375,1730.65771484375,4800,0.0,0.0
2018-07-03 00:00:00+09:00,1707.3227808701606,1707.3227808701606,1619.817626953125,1619.817626953125,5200,0.0,0.0
2018-07-04 00:00:00+09:00,1629.5404517351876,1651.902880368785,1629.5404517351876,1645.096923828125,2400,0.0,0.0
2018-07-05 00:00:00+09:00,1652.8751617852195,1652.8751617852195,1622.7344970703125,1622.7344970703125,3000,0.0,0.0
2018-07-06 00:00:00+09:00,1616.9009207924041,1623.706877765072,1616.9009207924041,1620.7900390625,2200,0.0,0.0
2018-07-09 00:00:00+09:00,1621.7623500070172,1623.7069091796875,1617.8732316616768,1623.7069091796875,1900,0.0,0.0
2018-07-10 00:00:00+09:00,1623.706776577245,1654.8197207990843,1622.7344970703125,1622.7344970703125,4300,0.0,0.0
2018-07-11 00:00:00+09:00,1623.7068357026083,1649.9583833457043,1616.90087890625,1616.90087890625,2500,0.0,0.0
2018-07-12 00:00:00+09:00,1637.318856002938,1637.318856002938,1592.593994140625,1592.593994140625,2300,0.0,0.0
2018-07-13 00:00:00+09:00,1592.59366492523,1594.5382237346626,1584.8154296875,1584.8154296875,1000,0.0,0.0
2018-07-16 00:00:00+09:00,1584.8154296875,1584.8154296875,1584.8154296875,1584.8154296875,0,0.0,0.0
2018-07-17 00:00:00+09:00,1584.8155016362273,1602.3165317156456,1456.4746143871585,1468.1419677734375,6900,0.0,0.0
2018-07-18 00:00:00+09:00,1487.5877229194186,1490.5045615918098,1469.1144113276089,1472.03125,4400,0.0,0.0
2018-07-19 00:00:00+09:00,1472.031246261495,1484.670880476422,1460.3638916015625,1460.3638916015625,3900,0.0,0.0
2018-07-20 00:00:00+09:00,1458.4192881687623,1490.504512508475,1453.557890541533,1478.837158203125,4400,0.0,0.0
2018-07-23 00:00:00+09:00,1517.7283474919095,1527.4511427993527,1500.2273159385113,1502.171875,2400,0.0,0.0
2018-07-24 00:00:00+09:00,1511.8946139899658,1542.0352783203125,1511.8946139899658,1542.0352783203125,1200,0.0,0.0
2018-07-25 00:00:00+09:00,1561.48085903114,1561.48085903114,1509.9500461241348,1518.7005615234375,2200,0.0,0.0
2018-07-26 00:00:00+09:00,1518.700582596957,1535.2293341361044,1518.700582596957,1520.6451416015625,2100,0.0,0.0
2018-07-27 00:00:00+09:00,1534.2570348668983,1575.0927734375,1529.395637418017,1575.0927734375,3800,0.0,0.0
2018-07-30 00:00:00+09:00,1578.0097269148955,1821.0796170743063,1578.0097269148955,1778.29931640625,14000,0.0,0.0
2018-07-31 00:00:00+09:00,1771.493402607622,1771.493402607622,1608.1504324440214,1612.03955078125,7800,0.0,0.0
2018-08-01 00:00:00+09:00,1619.8177422538852,1650.9306880834915,1619.8177422538852,1630.5128173828125,2800,0.0,0.0
2018-08-02 00:00:00+09:00,1656.764382755055,1656.764382755055,1584.8156947715609,1586.76025390625,2600,0.0,0.0
2018-08-03 00:00:00+09:00,1585.787900766226,1591.6215778996393,1578.981944110577,1579.9542236328125,2300,0.0,0.0
2018-08-06 00:00:00+09:00,1612.0394652186533,1612.0394652186533,1567.3146067143962,1570.2314453125,1800,0.0,0.0
2018-08-07 00:00:00+09:00,1570.2315082642192,1610.094970703125,1570.2315082642192,1610.094970703125,1400,0.0,0.0
2018-08-08 00:00:00+09:00,1612.0394544258731,1612.0394544258731,1569.2591552734375,1569.2591552734375,2800,0.0,0.0
2018-08-09 00:00:00+09:00,1573.1483327381648,1579.9542896783173,1563.425537109375,1563.425537109375,2600,0.0,0.0
2018-08-10 00:00:00+09:00,1593.5660516648065,1593.5660516648065,1565.3699470288825,1572.1759033203125,2000,0.0,0.0
2018-08-13 00:00:00+09:00,1557.5917626890687,1558.5640421913713,1520.6451416015625,1520.6451416015625,3000,0.0,0.0
2018-08-14 00:00:00+09:00,1529.395787010021,1529.395787010021,1509.9501953125,1509.9501953125,1000,0.0,0.0
2018-08-15 00:00:00+09:00,1543.9799807831616,1543.9799807831616,1508.977915727624,1509.9501953125,2100,0.0,0.0
2018-08-16 00:00:00+09:00,1538.1461832942293,1538.1461832942293,1521.617431640625,1521.617431640625,400,0.0,0.0
2018-08-17 00:00:00+09:00,1509.9501006763833,1510.9223802003216,1495.3659078173068,1501.1995849609375,1700,0.0,0.0
2018-08-20 00:00:00+09:00,1501.1995156905664,1540.0906948535346,1501.1995156905664,1506.0609130859375,800,0.0,0.0
2018-08-21 00:00:00+09:00,1489.5321525998977,1489.5321525998977,1482.7261962890625,1482.7261962890625,1600,0.0,0.0
2018-08-22 00:00:00+09:00,1484.6707885336637,1484.6707885336637,1462.3083601536543,1463.2806396484375,3000,0.0,0.0
2018-08-23 00:00:00+09:00,1464.25300982154,1464.25300982154,1459.391612046568,1460.3638916015625,3800,0.0,0.0
2018-08-24 00:00:00+09:00,1468.142180566212,1468.142180566212,1463.280782617317,1465.225341796875,700,0.0,0.0
2018-08-27 00:00:00+09:00,1477.8647301368464,1505.0885541130515,1477.8647301368464,1487.5875244140625,1100,0.0,0.0
2018-08-28 00:00:00+09:00,1492.4489945631763,1522.5896582970254,1492.4489945631763,1516.7559814453125,1100,0.0,0.0
2018-08-29 00:00:00+09:00,1529.3956285060797,1553.7026156088464,1529.3956285060797,1551.758056640625,3600,0.0,0.0
2018-08-30 00:00:00+09:00,1552.7304970470461,1553.702776631922,1509.9501953125,1509.9501953125,1400,0.0,0.0
2018-08-31 00:00:00+09:00,1509.9501399884628,1553.7027197048058,1509.9501399884628,1527.451171875,1600,0.0,0.0
2018-09-03 00:00:00+09:00,1527.4510556734526,1527.4510556734526,1501.1995098407453,1516.7559814453125,1000,0.0,0.0
2018-09-04 00:00:00+09:00,1483.6985222917342,1522.589702430443,1483.6985222917342,1498.28271484375,1400,0.0,0.0
2018-09-05 00:00:00+09:00,1497.3105433598864,1497.3105433598864,1481.7540701821213,1485.6431884765625,2500,0.0,0.0
2018-09-06 00:00:00+09:00,1480.7816478884235,1501.1995169663337,1480.7816478884235,1483.698486328125,1300,0.0,0.0
2018-09-07 00:00:00+09:00,1483.6984804509598,1515.7837031605807,1483.6984804509598,1494.3935546875,1300,0.0,0.0
2018-09-10 00:00:00+09:00,1494.393763234084,1526.478990421283,1494.393763234084,1513.83935546875,1700,0.0,0.0
2018-09-11 00:00:00+09:00,1523.5619887344783,1549.813535445283,1514.8114731642102,1543.9798583984375,16800,0.0,0.0
2018-09-12 00:00:00+09:00,1532.312577145376,1553.7027273339536,1532.312577145376,1550.785888671875,10000,0.0,0.0
2018-09-13 00:00:00+09:00,1538.1462752426423,1553.702748317157,1535.229436541171,1552.73046875,5600,0.0,0.0
2018-09-14 00:00:00+09:00,1540.0906797827745,1601.344286365044,1540.0906797827745,1594.538330078125,33800,0.0,0.0
2018-09-17 00:00:00+09:00,1594.538330078125,1594.538330078125,1594.538330078125,1594.538330078125,0,0.0,0.0
2018-09-18 00:00:00+09:00,1578.0096645883414,1602.3166526442308,1575.0928260216347,1579.9542236328125,20900,0.0,0.0
2018-09-19 00:00:00+09:00,1608.1504115597638,1610.094970703125,1537.1740028270776,1610.094970703125,13100,0.0,0.0
2018-09-20 00:00:00+09:00,1604.2613174529847,1624.6791887660227,1601.3444786939792,1623.7069091796875,4000,0.0,0.0
2018-09-21 00:00:00+09:00,1623.7068291120631,1739.4080941805275,1601.3443997290826,1718.0179443359375,6800,0.0,0.0
2018-09-24 00:00:00+09:00,1718.0179443359375,1718.0179443359375,1718.0179443359375,1718.0179443359375,0,0.0,0.0
2018-09-25 00:00:00+09:00,1679.1267602675455,1740.38037109375,1672.3208035090781,1740.38037109375,14200,0.0,0.0
2018-09-26 00:00:00+09:00,1743.3070333175483,1743.3070333175483,1672.0919166795063,1681.847412109375,10100,6.0,0.0
2018-09-27 00:00:00+09:00,1665.263037940858,1679.8962808050132,1661.36083984375,1661.36083984375,5700,0.0,0.0
2018-09-28 00:00:00+09:00,1661.360743093856,1723.795909011652,1628.1920612000267,1655.5074462890625,6000,0.0,0.0
2018-10-01 00:00:00+09:00,1654.532021061796,1655.5075706025166,1638.9232284102698,1645.7520751953125,1300,0.0,0.0
2018-10-02 00:00:00+09:00,1638.923105342148,1655.5074462890625,1638.923105342148,1655.5074462890625,2400,0.0,0.0
2018-10-03 00:00:00+09:00,1651.6053250138427,1651.6053250138427,1634.0454337851074,1637.9476318359375,900,0.0,0.0
2018-10-04 00:00:00+09:00,1654.5320576310721,1654.5320576310721,1629.1677690117278,1646.7276611328125,3000,0.0,0.0
2018-10-05 00:00:00+09:00,1646.7275754884547,1647.703125,1632.0943328152755,1647.703125,1400,0.0,0.0
2018-10-08 00:00:00+09:00,1647.703125,1647.703125,1647.703125,1647.703125,0,0.0,0.0
2018-10-09 00:00:00+09:00,1638.923034124629,1655.5073743508901,1638.923034124629,1643.80078125,500,0.0,0.0
2018-10-10 00:00:00+09:00,1643.8008604067054,1643.8008604067054,1606.72998046875,1606.72998046875,1200,0.0,0.0
2018-10-11 00:00:00+09:00,1606.7300033569336,1645.7519827948677,1529.661593967014,1545.2703857421875,4900,0.0,0.0
2018-10-12 00:00:00+09:00,1531.6127524066826,1575.5124809788488,1523.8083562160755,1550.148193359375,2400,0.0,0.0
2018-10-15 00:00:00+09:00,1553.0747420607843,1563.8057861328125,1552.099192599691,1563.8057861328125,2300,0.0,0.0
2018-10-16 00:00:00+09:00,1641.849743020289,1641.849743020289,1561.8546872106256,1563.8057861328125,4200,0.0,0.0
2018-10-17 00:00:00+09:00,1566.732421875,1613.55879562967,1565.7568724217776,1566.732421875,3000,0.0,0.0
2018-10-18 00:00:00+09:00,1563.8057957778742,1601.8522249951775,1563.8057957778742,1580.39013671875,4200,0.0,0.0
2018-10-19 00:00:00+09:00,1552.0992146281453,1580.3901494013799,1552.0992146281453,1577.4635009765625,1500,0.0,0.0
2018-10-22 00:00:00+09:00,1581.3657099531201,1589.1701058072997,1564.7813687629887,1584.2923583984375,1700,0.0,0.0
2018-10-23 00:00:00+09:00,1594.0478051818243,1594.0478051818243,1561.8546732534276,1576.4879150390625,4200,0.0,0.0
2018-10-24 00:00:00+09:00,1531.6126415589974,1566.732421875,1530.637092105775,1566.732421875,2700,0.0,0.0
2018-10-25 00:00:00+09:00,1523.80834559695,1609.6567030953697,1523.80834559695,1543.3193359375,2300,0.0,0.0
2018-10-26 00:00:00+09:00,1560.8791863591916,1560.8791863591916,1496.492919921875,1496.492919921875,1800,0.0,0.0
2018-10-29 00:00:00+09:00,1466.250933933507,1526.7350043951687,1466.250933933507,1494.5418701171875,2800,0.0,0.0
2018-10-30 00:00:00+09:00,1533.5638358251572,1628.192138671875,1519.9061426307856,1628.192138671875,8100,0.0,0.0
2018-10-31 00:00:00+09:00,1605.7547048298861,1627.216796875,1581.3659638695294,1627.216796875,2000,0.0,0.0
2018-11-01 00:00:00+09:00,1593.072230328467,1598.9255269493922,1541.3681101769614,1582.3411865234375,2000,0.0,0.0
2018-11-02 00:00:00+09:00,1618.4366274789663,1618.4366274789663,1579.414647310697,1585.2679443359375,1900,0.0,0.0
2018-11-05 00:00:00+09:00,1585.2679259218112,1585.2679259218112,1552.0992431640625,1552.0992431640625,1500,0.0,0.0
2018-11-06 00:00:00+09:00,1517.9550757181917,1597.950137549099,1517.9550757181917,1583.31689453125,2400,0.0,0.0
2018-11-07 00:00:00+09:00,1599.9011468075196,1607.7055426456052,1582.3412561718274,1603.8033447265625,700,0.0,0.0
2018-11-08 00:00:00+09:00,1603.8032580603285,1622.3386971741645,1603.8032580603285,1614.5343017578125,2600,0.0,0.0
2018-11-09 00:00:00+09:00,1614.5344000942848,1627.2165434182882,1610.6322021484375,1610.6322021484375,700,0.0,0.0
2018-11-12 00:00:00+09:00,1626.2410888671875,1626.2410888671875,1624.289989780364,1626.2410888671875,400,0.0,0.0
2018-11-13 00:00:00+09:00,1627.2166277414344,1627.2166277414344,1609.65673607516,1619.4122314453125,1200,0.0,0.0
2018-11-14 00:00:00+09:00,1609.656731963378,1627.2166235847967,1583.31689453125,1583.31689453125,1300,0.0,0.0
2018-11-15 00:00:00+09:00,1608.6813208258288,1618.4368170103396,1608.6813208258288,1616.4857177734375,1100,0.0,0.0
2018-11-16 00:00:00+09:00,1577.4635320867148,1607.70556640625,1577.4635320867148,1607.70556640625,900,0.0,0.0
2018-11-19 00:00:00+09:00,1618.4366455078125,1618.4366455078125,1618.4366455078125,1618.4366455078125,300,0.0,0.0
2018-11-20 00:00:00+09:00,1618.4365628870523,1619.4121123523248,1582.3412326719704,1599.901123046875,800,0.0,0.0
2018-11-21 00:00:00+09:00,1609.6566744967624,1624.2899169921875,1598.9256300001173,1624.2899169921875,1100,0.0,0.0
2018-11-22 00:00:00+09:00,1606.7301107553335,1624.2900026761567,1597.9501647949219,1623.314453125,2000,0.0,0.0
2018-11-23 00:00:00+09:00,1623.314453125,1623.314453125,1623.314453125,1623.314453125,0,0.0,0.0
2018-11-26 00:00:00+09:00,1600.8769238782204,1616.4857177734375,1600.8769238782204,1616.4857177734375,400,0.0,0.0
2018-11-27 00:00:00+09:00,1616.4854358247205,1626.24093030767,1616.4854358247205,1625.265380859375,900,0.0,0.0
2018-11-28 00:00:00+09:00,1624.2901147210462,1625.2656643394973,1616.4857177734375,1616.4857177734375,1700,0.0,0.0
2018-11-29 00:00:00+09:00,1590.1458780752585,1619.4123666287908,1590.1458780752585,1616.4857177734375,700,0.0,0.0
2018-11-30 00:00:00+09:00,1626.2410653046077,1626.2410653046077,1622.3388671875,1622.3388671875,800,0.0,0.0
2018-12-03 00:00:00+09:00,1627.2166513296274,1627.2166513296274,1618.4367053692158,1623.314453125,1300,0.0,0.0
2018-12-04 00:00:00+09:00,1604.7787826510528,1622.3386720660794,1604.7787826510528,1620.3875732421875,1300,0.0,0.0
2018-12-05 00:00:00+09:00,1581.365683206698,1619.4121123523248,1581.365683206698,1599.901123046875,1700,0.0,0.0
2018-12-06 00:00:00+09:00,1562.8301558918013,1562.8301558918013,1516.0037841796875,1516.0037841796875,2100,0.0,0.0
2018-12-07 00:00:00+09:00,1503.3217114288793,1541.368140206119,1503.3217114288793,1537.4659423828125,1500,0.0,0.0
2018-12-10 00:00:00+09:00,1536.4904753200672,1536.4904753200672,1479.9086038479631,1490.6396484375,2100,0.0,0.0
2018-12-11 00:00:00+09:00,1490.6394798177084,1490.6394798177084,1460.3974484863281,1463.3240966796875,2600,0.0,0.0
2018-12-12 00:00:00+09:00,1463.324356335638,1470.153203331871,1444.78891448872,1450.6422119140625,6400,0.0,0.0
2018-12-13 00:00:00+09:00,1452.5932088027641,1485.7618918781798,1452.5932088027641,1474.0552978515625,2800,0.0,0.0
2018-12-14 00:00:00+09:00,1463.3243066340665,1504.2973872198204,1452.59326171875,1452.59326171875,5400,0.0,0.0
2018-12-17 00:00:00+09:00,1452.5930549415382,1461.3729995315139,1443.8131103515625,1443.8131103515625,2100,0.0,0.0
2018-12-18 00:00:00+09:00,1435.0332893541367,1435.0332893541367,1358.9404296875,1358.9404296875,3300,0.0,0.0
2018-12-19 00:00:00+09:00,1357.9649057092645,1360.8915542129482,1347.2338611957575,1353.087158203125,1200,0.0,0.0
2018-12-20 00:00:00+09:00,1353.0870830757538,1353.0870830757538,1275.04312731075,1276.0186767578125,5700,0.0,0.0
2018-12-21 00:00:00+09:00,1249.678907707556,1258.4588531949626,1160.9039033348881,1176.5126953125,6300,0.0,0.0
2018-12-24 00:00:00+09:00,1176.5126953125,1176.5126953125,1176.5126953125,1176.5126953125,0,0.0,0.0
2018-12-25 00:00:00+09:00,1151.1484360482223,1151.1484360482223,982.378368729288,984.3294677734375,7400,0.0,0.0
2018-12-26 00:00:00+09:00,1265.287709906027,1276.9943039838006,1094.566546271829,1127.7352294921875,12900,0.0,0.0
2018-12-27 00:00:00+09:00,1420.4000244140625,1420.4000244140625,1419.424474946745,1420.4000244140625,7500,0.0,0.0
2018-12-28 00:00:00+09:00,1398.9379332007431,1415.5222741103753,1275.0431511111376,1279.9208984375,11600,0.0,0.0
2018-12-31 00:00:00+09:00,1279.9208984375,1279.9208984375,1279.9208984375,1279.9208984375,0,0.0,0.0
2019-01-04 00:00:00+09:00,1296.5051907966474,1297.4807402253882,1271.1409056493842,1272.116455078125,3500,0.0,0.0
2019-01-07 00:00:00+09:00,1302.3586277330135,1308.211924936308,1259.4344482421875,1259.4344482421875,4400,0.0,0.0
2019-01-08 00:00:00+09:00,1306.2607082893708,1306.2607082893708,1264.312082108308,1285.774169921875,3200,0.0,0.0
2019-01-09 00:00:00+09:00,1280.896559487997,1296.5053522921157,1263.3366675833634,1273.0921630859375,2600,0.0,0.0
2019-01-10 00:00:00+09:00,1276.9942955566792,1276.9942955566792,1232.1190185546875,1232.1190185546875,2100,0.0,0.0
2019-01-11 00:00:00+09:00,1246.7523396319652,1248.70343875502,1212.6081049785078,1214.5592041015625,2100,0.0,0.0
2019-01-15 00:00:00+09:00,1213.5835621597978,1266.2632344722006,1213.5835621597978,1254.556640625,3000,0.0,0.0
2019-01-16 00:00:00+09:00,1254.5566183606034,1256.5077173005109,1239.9233763112961,1240.89892578125,1000,0.0,0.0
2019-01-17 00:00:00+09:00,1259.4343032299212,1259.4343032299212,1234.0700182694425,1245.776611328125,1400,0.0,0.0
2019-01-18 00:00:00+09:00,1263.3365264340332,1263.3365264340332,1235.0455926374411,1239.92333984375,3700,0.0,0.0
2019-01-21 00:00:00+09:00,1248.703412270184,1252.6056104335282,1220.4124755859375,1220.4124755859375,4100,0.0,0.0
2019-01-22 00:00:00+09:00,1230.167949309538,1230.167949309538,1202.8525626476292,1206.7547607421875,3800,0.0,0.0
2019-01-23 00:00:00+09:00,1186.268235549428,1221.3880188387204,1186.268235549428,1194.0726318359375,3700,0.0,0.0
2019-01-24 00:00:00+09:00,1194.0725881519127,1227.2412711561324,1162.855004147941,1166.7572021484375,6200,0.0,0.0
2019-01-25 00:00:00+09:00,1163.8305060903633,1170.6593523121844,1157.0016598685422,1158.9527587890625,4500,0.0,0.0
2019-01-28 00:00:00+09:00,1157.9771866806525,1168.7082305336323,1144.3194945041325,1145.2950439453125,7400,0.0,0.0
2019-01-29 00:00:00+09:00,1146.2706298828125,1146.2706298828125,1142.3684319938498,1146.2706298828125,2700,0.0,0.0
2019-01-30 00:00:00+09:00,1147.24621962181,1160.903912712546,1127.7352294921875,1127.7352294921875,6600,0.0,0.0
2019-01-31 00:00:00+09:00,1157.0016886043056,1162.8549855112415,1133.5885009765625,1133.5885009765625,4400,0.0,0.0
2019-02-01 00:00:00+09:00,1154.074964735243,1162.8549095219016,1141.392822265625,1141.392822265625,2300,0.0,0.0
2019-02-04 00:00:00+09:00,1155.0504757148865,1167.7326177624318,1153.099376938341,1159.92822265625,5200,0.0,0.0
2019-02-05 00:00:00+09:00,1159.9284198706075,1164.8061676412997,1149.1973747750847,1152.1240234375,4400,0.0,0.0
2019-02-06 00:00:00+09:00,1153.0994873046875,1154.0750367863327,1148.2217398964613,1153.0994873046875,2800,0.0,0.0
2019-02-07 00:00:00+09:00,1164.8061676412997,1164.8061676412997,1146.2707261126693,1152.1240234375,2700,0.0,0.0
2019-02-08 00:00:00+09:00,1145.2950931067353,1160.9038848356174,1143.343994140625,1143.343994140625,2700,0.0,0.0
2019-02-12 00:00:00+09:00,1156.0260853216278,1164.8060302734375,1156.0260853216278,1164.8060302734375,2400,0.0,0.0
2019-02-13 00:00:00+09:00,1170.6593508712438,1170.6593508712438,1168.708251953125,1168.708251953125,1500,0.0,0.0
2019-02-14 00:00:00+09:00,1170.6594625708437,1170.6594625708437,1161.8795166015625,1161.8795166015625,1600,0.0,0.0
2019-02-15 00:00:00+09:00,1170.6593746750207,1173.5860231117083,1170.6593746750207,1172.6104736328125,700,0.0,0.0
2019-02-18 00:00:00+09:00,1192.1215690768495,1201.8770647321428,1188.2193708147322,1195.0482177734375,2300,0.0,0.0
2019-02-19 00:00:00+09:00,1195.0481083896468,1201.8769547233019,1191.145910484701,1192.1214599609375,1300,0.0,0.0
2019-02-20 00:00:00+09:00,1192.1214615724268,1192.1214615724268,1179.4393183642094,1182.365966796875,1600,0.0,0.0
2019-02-21 00:00:00+09:00,1192.1214693206466,1212.6080084824582,1192.1214693206466,1208.705810546875,1600,0.0,0.0
2019-02-22 00:00:00+09:00,1237.97221595567,1305.2851260430941,1236.996666534113,1245.776611328125,6500,0.0,0.0
2019-02-25 00:00:00+09:00,1254.5565561221367,1254.5565561221367,1235.0455676909994,1245.776611328125,3500,0.0,0.0
2019-02-26 00:00:00+09:00,1242.8501234566,1251.6300693836874,1220.4124838651544,1236.996826171875,4400,0.0,0.0
2019-02-27 00:00:00+09:00,1236.0213103842418,1251.6301035698361,1236.0213103842418,1247.7279052734375,2000,0.0,0.0
2019-02-28 00:00:00+09:00,1252.6055382908212,1278.9453743763759,1252.6055382908212,1274.067626953125,2800,0.0,0.0
2019-03-01 00:00:00+09:00,1266.263241979246,1294.5541772777037,1266.263241979246,1280.896484375,2000,0.0,0.0
2019-03-04 00:00:00+09:00,1316.0161759635319,1316.0161759635319,1294.5540885868102,1301.3829345703125,1000,0.0,0.0
2019-03-05 00:00:00+09:00,1307.236205150463,1316.99169921875,1305.2851063368055,1316.99169921875,2400,0.0,0.0
2019-03-06 00:00:00+09:00,1316.9918068698987,1334.551697628164,1316.9918068698987,1329.6739501953125,3200,0.0,0.0
2019-03-07 00:00:00+09:00,1316.9917232000669,1331.6249645689566,1309.1873278033258,1320.8939208984375,2800,0.0,0.0
2019-03-08 00:00:00+09:00,1271.1409784991745,1304.3096609772804,1271.1409784991745,1274.067626953125,5200,0.0,0.0
2019-03-11 00:00:00+09:00,1276.9943900650846,1325.7718686771964,1276.9943900650846,1303.334228515625,2400,0.0,0.0
2019-03-12 00:00:00+09:00,1301.383123970469,1301.383123970469,1276.0188351974314,1276.994384765625,2600,0.0,0.0
2019-03-13 00:00:00+09:00,1277.9698850397479,1278.9454345703125,1264.312191611842,1278.9454345703125,1300,0.0,0.0
2019-03-14 00:00:00+09:00,1266.2633914050452,1266.2633914050452,1265.287841796875,1265.287841796875,2100,0.0,0.0
2019-03-15 00:00:00+09:00,1266.263267277759,1275.043212890625,1265.2877177652185,1275.043212890625,3400,0.0,0.0
2019-03-18 00:00:00+09:00,1285.774169921875,1285.774169921875,1272.1164776768778,1285.774169921875,6700,0.0,0.0
2019-03-19 00:00:00+09:00,1262.3610493518,1276.9942918095103,1250.6544553856318,1251.6300048828125,14500,0.0,0.0
2019-03-20 00:00:00+09:00,1262.3611669884401,1276.9944108097898,1250.6545719313604,1271.14111328125,15900,0.0,0.0
2019-03-22 00:00:00+09:00,1268.2143409653465,1280.896484375,1268.2143409653465,1280.896484375,12600,0.0,0.0
2019-03-25 00:00:00+09:00,1268.2143409653465,1281.8720338680503,1267.2387914722963,1280.896484375,3400,0.0,0.0
2019-03-26 00:00:00+09:00,1280.8964621078137,1362.8426180994788,1280.8964621078137,1342.3560791015625,4900,0.0,0.0
2019-03-27 00:00:00+09:00,1343.3358072855663,1343.3358072855663,1297.2841785894161,1307.0823974609375,3800,6.0,0.0
2019-03-28 00:00:00+09:00,1276.7079793386122,1309.0421031438111,1276.7079793386122,1302.183349609375,2900,0.0,0.0
2019-03-29 00:00:00+09:00,1332.5578166056682,1336.4771043015671,1303.1631588864254,1305.122802734375,2100,0.0,0.0
2019-04-01 00:00:00+09:00,1307.0823725002915,1322.7595223953476,1307.0823725002915,1312.9613037109375,1200,0.0,0.0
2019-04-02 00:00:00+09:00,1332.5578009686346,1340.3963762684502,1327.65869140625,1327.65869140625,800,0.0,0.0
2019-04-03 00:00:00+09:00,1340.396424190664,1340.396424190664,1324.7192730305392,1335.497314453125,600,0.0,0.0
2019-04-04 00:00:00+09:00,1339.4166537157082,1342.3561196711926,1323.739501953125,1323.739501953125,700,0.0,0.0
2019-04-05 00:00:00+09:00,1339.4165911379114,1342.3560569560634,1323.7394401077677,1328.6385498046875,1100,0.0,0.0
2019-04-08 00:00:00+09:00,1328.6385498046875,1328.6385498046875,1328.6385498046875,1328.6385498046875,100,0.0,0.0
2019-04-09 00:00:00+09:00,1328.6385498046875,1328.6385498046875,1328.6385498046875,1328.6385498046875,100,0.0,0.0
2019-04-10 00:00:00+09:00,1331.5778570806226,1331.5778570806226,1306.1024896898234,1317.8603515625,1200,0.0,0.0
2019-04-11 00:00:00+09:00,1289.4456309280629,1303.1631376400635,1281.6070556640625,1281.6070556640625,2100,0.0,0.0
2019-04-12 00:00:00+09:00,1289.4457042432014,1303.1632117351503,1281.6071285335163,1283.5667724609375,3000,0.0,0.0
2019-04-15 00:00:00+09:00,1282.5870161212858,1314.921142578125,1282.5870161212858,1314.921142578125,2000,0.0,0.0
2019-04-16 00:00:00+09:00,1321.7798011745263,1325.6990889467265,1295.3246087121747,1299.243896484375,700,0.0,0.0
2019-04-17 00:00:00+09:00,1309.042236328125,1309.042236328125,1309.042236328125,1309.042236328125,300,0.0,0.0
2019-04-18 00:00:00+09:00,1303.1631633799564,1303.1631633799564,1273.7685055593558,1275.7281494140625,1100,0.0,0.0
2019-04-19 00:00:00+09:00,1292.3851701343333,1292.3851701343333,1276.7080187149631,1283.5667724609375,500,0.0,0.0
2019-04-22 00:00:00+09:00,1264.9500720224228,1280.6272224115464,1264.9500720224228,1274.748291015625,700,0.0,0.0
2019-04-23 00:00:00+09:00,1283.566904726948,1293.3651253737187,1275.7283282095316,1290.4256591796875,1000,0.0,0.0
2019-04-24 00:00:00+09:00,1300.2237588055004,1300.2237588055004,1280.6273193359375,1280.6273193359375,1700,0.0,0.0
2019-04-25 00:00:00+09:00,1300.223638070031,1300.223638070031,1236.535215707897,1251.2325439453125,6600,0.0,0.0
2019-04-26 00:00:00+09:00,1245.3537382066677,1245.3537382066677,1231.63623046875,1231.63623046875,1800,0.0,0.0
2019-05-07 00:00:00+09:00,1225.7571166407188,1242.414087850065,1222.817651133187,1226.7369384765625,1800,0.0,0.0
2019-05-08 00:00:00+09:00,1250.2529300847996,1250.2529300847996,1203.2214718997914,1204.2012939453125,2300,0.0,0.0
2019-05-09 00:00:00+09:00,1233.5958239664167,1233.5958239664167,1167.94775390625,1167.94775390625,2100,0.0,0.0
2019-05-10 00:00:00+09:00,1197.3423394097222,1198.3221612913997,1146.3916015625,1146.3916015625,3100,0.0,0.0
2019-05-13 00:00:00+09:00,1234.5756652732464,1234.5756652732464,1195.3827870106036,1201.26171875,1900,0.0,0.0
2019-05-14 00:00:00+09:00,1192.443346567623,1218.8985399590165,1159.1293993340164,1195.3828125,4400,0.0,0.0
2019-05-15 00:00:00+09:00,1217.9187159592543,1217.9187159592543,1191.4635226117887,1205.1810302734375,1100,0.0,0.0
2019-05-16 00:00:00+09:00,1201.2616082630018,1220.8580455919252,1200.2817863965556,1208.120361328125,3500,0.0,0.0
2019-05-17 00:00:00+09:00,1208.1204982069673,1215.9590740266394,1186.5644147028688,1195.3828125,1400,0.0,0.0
2019-05-20 00:00:00+09:00,1195.3828318337985,1202.2415857869432,1155.2101301082364,1163.0487060546875,1500,0.0,0.0
2019-05-21 00:00:00+09:00,1110.138345381218,1147.37158203125,1088.5822610048838,1147.37158203125,6000,0.0,0.0
2019-05-22 00:00:00+09:00,1137.5733666970975,1152.2706970161817,1126.7953244631028,1127.775146484375,6700,0.0,0.0
2019-05-23 00:00:00+09:00,1134.6338815629854,1134.6338815629854,1104.2593994140625,1104.2593994140625,7200,0.0,0.0
2019-05-24 00:00:00+09:00,1106.218963959638,1106.218963959638,1066.0462646484375,1066.0462646484375,11000,0.0,0.0
2019-05-27 00:00:00+09:00,1030.7727778107212,1036.6517100035578,1028.8131337464422,1032.732421875,39300,0.0,0.0
2019-05-28 00:00:00+09:00,1034.6920789724072,1034.6920789724072,1029.79296875,1029.79296875,7500,0.0,0.0
2019-05-29 00:00:00+09:00,1029.7927976428953,1031.75244140625,1026.8533319978633,1031.75244140625,5400,0.0,0.0
2019-05-30 00:00:00+09:00,1026.8533319978633,1031.75244140625,1026.8533319978633,1031.75244140625,3700,0.0,0.0
2019-05-31 00:00:00+09:00,1026.8533204992232,1028.8129642406338,1019.9945674042856,1024.8936767578125,6200,0.0,0.0
2019-06-03 00:00:00+09:00,1021.9543272240393,1027.8332591160279,990.6000238000994,993.5394897460938,6500,0.0,0.0
2019-06-04 00:00:00+09:00,987.6605343053836,998.4385758503829,985.700890388111,989.6201782226562,3200,0.0,0.0
2019-06-05 00:00:00+09:00,1005.2974317482997,1021.9544067382812,999.4184993988944,1021.9544067382812,6800,0.0,0.0
2019-06-06 00:00:00+09:00,1021.954441474209,1027.8333740234375,1019.0149751995949,1027.8333740234375,1500,0.0,0.0
2019-06-07 00:00:00+09:00,1026.8535519318993,1027.8333740234375,1009.2167542842142,1027.8333740234375,2700,0.0,0.0
2019-06-10 00:00:00+09:00,1028.8129995990273,1035.6717529296875,1028.8129995990273,1035.6717529296875,4200,0.0,0.0
2019-06-11 00:00:00+09:00,1035.6716674343174,1036.6514892578125,1035.6716674343174,1036.6514892578125,3100,0.0,0.0
2019-06-12 00:00:00+09:00,1037.6313967384476,1037.6313967384476,1030.7726434077874,1035.6717529296875,1500,0.0,0.0
2019-06-13 00:00:00+09:00,1029.79296875,1029.79296875,1028.8131467055186,1029.79296875,1300,0.0,0.0
2019-06-14 00:00:00+09:00,1035.671864420573,1035.671864420573,1028.8131103515625,1028.8131103515625,2500,0.0,0.0
2019-06-17 00:00:00+09:00,1033.7121091209274,1035.6717529296875,1029.7928215034074,1035.6717529296875,2600,0.0,0.0
2019-06-18 00:00:00+09:00,1028.8131103515625,1031.7525763811384,1028.8131103515625,1028.8131103515625,1500,0.0,0.0
2019-06-19 00:00:00+09:00,1033.7120242519234,1033.7120242519234,1021.9541623646977,1026.853271484375,1600,0.0,0.0
2019-06-20 00:00:00+09:00,1021.9543795214659,1032.732421875,1021.9543795214659,1032.732421875,1600,0.0,0.0
2019-06-21 00:00:00+09:00,1031.752639055024,1032.7324611244019,1023.9140625,1023.9140625,1200,0.0,0.0
2019-06-24 00:00:00+09:00,1023.9138919881575,1027.8331796129926,1020.9744262695312,1020.9744262695312,1500,0.0,0.0
2019-06-25 00:00:00+09:00,1020.9746209506332,1026.8535535088902,1018.0351546715046,1022.9342651367188,3700,0.0,0.0
2019-06-26 00:00:00+09:00,1022.9340694394699,1030.7726446842169,1019.9946037226898,1025.87353515625,1100,0.0,0.0
2019-06-27 00:00:00+09:00,1019.994797291133,1031.75266238959,1019.994797291133,1027.8333740234375,1200,0.0,0.0
2019-06-28 00:00:00+09:00,1019.9947626218128,1026.8535170294524,1019.0149405635786,1021.9544067382812,2200,0.0,0.0
2019-07-01 00:00:00+09:00,1023.9140872297617,1031.7526639741043,1022.9342651367188,1022.9342651367188,2800,0.0,0.0
2019-07-02 00:00:00+09:00,1032.7324348834443,1033.7122569279259,1026.8535026165557,1029.79296875,3500,0.0,0.0
2019-07-03 00:00:00+09:00,1035.6717529296875,1035.6717529296875,1030.7726434077874,1035.6717529296875,4600,0.0,0.0
2019-07-04 00:00:00+09:00,1033.712023787327,1036.6514892578125,1033.712023787327,1036.6514892578125,1700,0.0,0.0
2019-07-05 00:00:00+09:00,1037.631591796875,1037.631591796875,1034.6921255311613,1037.631591796875,4100,0.0,0.0
2019-07-08 00:00:00+09:00,1037.631591796875,1038.6114138854462,1036.6517697083038,1037.631591796875,2500,0.0,0.0
2019-07-09 00:00:00+09:00,1038.6114138854462,1038.6114138854462,1035.6719476197327,1037.631591796875,2000,0.0,0.0
2019-07-10 00:00:00+09:00,1037.6313967384476,1037.6313967384476,1034.6919310253074,1035.6717529296875,2600,0.0,0.0
2019-07-11 00:00:00+09:00,1036.6517697083038,1037.631591796875,1035.6719476197327,1037.631591796875,2700,0.0,0.0
2019-07-12 00:00:00+09:00,1037.631591796875,1037.631591796875,1035.6719476197327,1037.631591796875,1300,0.0,0.0
2019-07-16 00:00:00+09:00,1037.631591796875,1038.6114138854462,1036.6517697083038,1037.631591796875,1900,0.0,0.0
2019-07-17 00:00:00+09:00,1035.6719476197327,1037.631591796875,1034.6921255311613,1037.631591796875,1500,0.0,0.0
2019-07-18 00:00:00+09:00,1035.671950755742,1035.671950755742,1027.8333740234375,1027.8333740234375,4100,0.0,0.0
2019-07-19 00:00:00+09:00,1024.8938585275928,1035.6719010168888,1024.8938585275928,1029.79296875,2300,0.0,0.0
2019-07-22 00:00:00+09:00,1029.792992006998,1036.6517464732672,1029.792992006998,1033.7122802734375,1400,0.0,0.0
2019-07-23 00:00:00+09:00,1035.6719244066574,1036.6517464732672,1032.7324582068277,1033.7122802734375,1300,0.0,0.0
2019-07-24 00:00:00+09:00,1034.6918456108222,1036.6514892578125,1032.732201963832,1036.6514892578125,1300,0.0,0.0
2019-07-25 00:00:00+09:00,1036.6514892578125,1036.6514892578125,1036.6514892578125,1036.6514892578125,500,0.0,0.0
2019-07-26 00:00:00+09:00,1036.6517464732672,1036.6517464732672,1030.7728140736078,1033.7122802734375,1300,0.0,0.0
2019-07-29 00:00:00+09:00,1035.6716674343174,1036.6514892578125,1033.712023787327,1036.6514892578125,1300,0.0,0.0
2019-07-30 00:00:00+09:00,1036.6517435996186,1043.510498046875,1036.6517435996186,1043.510498046875,3400,0.0,0.0
2019-07-31 00:00:00+09:00,1042.5305667740702,1042.5305667740702,1039.5911008903088,1040.5709228515625,1500,0.0,0.0
2019-08-01 00:00:00+09:00,1040.5709228515625,1040.5709228515625,1038.6112789290548,1040.5709228515625,1000,0.0,0.0
2019-08-02 00:00:00+09:00,1040.5708014774686,1040.5708014774686,1030.7725830078125,1030.7725830078125,2500,0.0,0.0
2019-08-05 00:00:00+09:00,1030.772816985646,1031.752639055024,1023.9140625,1023.9140625,3400,0.0,0.0
2019-08-06 00:00:00+09:00,1010.1964944692758,1034.6920447716345,1009.2166724571815,1019.014892578125,3500,0.0,0.0
2019-08-07 00:00:00+09:00,1034.6920634104792,1042.5306396484375,1021.9543770237973,1042.5306396484375,6600,0.0,0.0
2019-08-08 00:00:00+09:00,1038.611330450149,1038.611330450149,1027.833288341704,1028.8131103515625,1600,0.0,0.0
2019-08-09 00:00:00+09:00,1030.7728402980517,1030.7728402980517,1019.994797291133,1027.8333740234375,1700,0.0,0.0
2019-08-13 00:00:00+09:00,1027.8332906869741,1033.7122227595403,1019.014892578125,1019.014892578125,5100,0.0,0.0
2019-08-14 00:00:00+09:00,1003.3377415458937,1014.1157836914062,1003.3377415458937,1014.1157836914062,4500,0.0,0.0
2019-08-15 00:00:00+09:00,1004.3175530340885,1008.2368410459288,1003.3377310311284,1007.2570190429688,2000,0.0,0.0
2019-08-16 00:00:00+09:00,1007.256944575365,1016.075341950052,1007.256944575365,1015.0955200195312,1500,0.0,0.0
2019-08-19 00:00:00+09:00,1015.0956174285801,1016.075439453125,1012.1561513549452,1016.075439453125,1800,0.0,0.0
2019-08-20 00:00:00+09:00,1013.1359488132603,1017.0552368164062,1013.1359488132603,1017.0552368164062,1300,0.0,0.0
2019-08-21 00:00:00+09:00,1021.9544067382812,1023.9140508547497,1019.0149405635786,1021.9544067382812,2200,0.0,0.0
2019-08-22 00:00:00+09:00,1021.9543586144081,1024.8938246506912,1018.0350705660306,1019.014892578125,4700,0.0,0.0
2019-08-23 00:00:00+09:00,1018.0350599408957,1021.954347948368,1009.2166619240834,1012.1561279296875,2200,0.0,0.0
2019-08-26 00:00:00+09:00,1012.1561786733407,1019.0149330302753,1005.2974243164062,1005.2974243164062,3300,0.0,0.0
2019-08-27 00:00:00+09:00,1005.2973268387958,1010.1964366187119,1004.3175048828125,1004.3175048828125,2100,0.0,0.0
2019-08-28 00:00:00+09:00,1005.2972896119944,1010.1963992104934,1005.2972896119944,1008.2367553710938,1700,0.0,0.0
2019-08-29 00:00:00+09:00,1008.2368045795741,1008.2368045795741,1004.3175167094884,1006.2771606445312,4000,0.0,0.0
2019-08-30 00:00:00+09:00,1011.1762322974481,1015.0955200195312,1011.1762322974481,1015.0955200195312,2600,0.0,0.0
2019-09-02 00:00:00+09:00,1015.0955455002276,1015.0955455002276,1009.2166137695312,1009.2166137695312,1400,0.0,0.0
2019-09-03 00:00:00+09:00,1007.2569934247309,1014.1157472710083,1007.2569934247309,1013.1359252929688,31400,0.0,0.0
2019-09-04 00:00:00+09:00,1016.0753912270876,1018.0350351831668,1013.1359252929688,1013.1359252929688,2200,0.0,0.0
2019-09-05 00:00:00+09:00,1013.1360197368421,1023.9140625,1013.1360197368421,1023.9140625,28400,0.0,0.0
2019-09-06 00:00:00+09:00,1026.8535170294524,1029.792983204155,1017.0552964471102,1021.9544067382812,13500,0.0,0.0
2019-09-09 00:00:00+09:00,1021.9544067382812,1021.9544067382812,1020.9745846800471,1021.9544067382812,9000,0.0,0.0
2019-09-10 00:00:00+09:00,1022.9342635657472,1027.8333740234375,1022.9342635657472,1027.8333740234375,2400,0.0,0.0
2019-09-11 00:00:00+09:00,1036.6515622696786,1038.6112060546875,1033.7120965921654,1038.6112060546875,6700,0.0,0.0
2019-09-12 00:00:00+09:00,1046.4499874846529,1047.4298095703125,1043.5105212276735,1047.4298095703125,11600,0.0,0.0
2019-09-13 00:00:00+09:00,1048.4094603010476,1050.3691041520776,1045.4699945245025,1049.3892822265625,12100,0.0,0.0
2019-09-17 00:00:00+09:00,1068.9858163730091,1068.9858163730091,1061.1472402676159,1065.0665283203125,7500,0.0,0.0
2019-09-18 00:00:00+09:00,1065.0665542927193,1065.0665542927193,1056.248155959109,1059.1876220703125,5600,0.0,0.0
2019-09-19 00:00:00+09:00,1061.1470575018243,1069.9654541015625,1059.1874138129936,1069.9654541015625,5800,0.0,0.0
2019-09-20 00:00:00+09:00,1072.9050892223013,1077.80419921875,1072.9050892223013,1077.80419921875,3500,0.0,0.0
2019-09-24 00:00:00+09:00,1082.7031606585322,1094.4610230367243,1079.7636950639842,1093.481201171875,6200,0.0,0.0
2019-09-25 00:00:00+09:00,1093.4813467843192,1097.400634765625,1092.5015247889928,1097.400634765625,3500,0.0,0.0
2019-09-26 00:00:00+09:00,1102.2997298076525,1118.9567035025239,1102.2997298076525,1110.1383056640625,10700,0.0,0.0
2019-09-27 00:00:00+09:00,1089.4524295422993,1093.392582994532,1083.5421993639504,1086.497314453125,19100,6.0,0.0
2019-09-30 00:00:00+09:00,1085.512361225329,1085.512361225329,1061.871438657808,1066.796630859375,3700,0.0,0.0
2019-10-01 00:00:00+09:00,1067.781563220046,1073.6917932747697,1067.781563220046,1068.7666015625,2200,0.0,0.0
2019-10-02 00:00:00+09:00,1063.8414051768543,1077.6319419106285,1060.8862901624743,1075.661865234375,3500,0.0,0.0
2019-10-03 00:00:00+09:00,1054.9761380256602,1062.8564453125,1054.9761380256602,1062.8564453125,1400,0.0,0.0
2019-10-04 00:00:00+09:00,1053.9910688556608,1082.5571819367956,1053.9910688556608,1081.5721435546875,1700,0.0,0.0
2019-10-07 00:00:00+09:00,1055.9611031105992,1074.6768316172236,1055.9611031105992,1068.7666015625,1800,0.0,0.0
2019-10-08 00:00:00+09:00,1064.8266013069258,1077.6321016001637,1064.8266013069258,1072.7069091796875,1900,0.0,0.0
2019-10-09 00:00:00+09:00,1073.691868167607,1085.5123291015625,1073.691868167607,1085.5123291015625,2700,0.0,0.0
2019-10-10 00:00:00+09:00,1085.5124452279645,1092.40771484375,1085.5124452279645,1092.40771484375,1600,0.0,0.0
2019-10-11 00:00:00+09:00,1088.4675607775869,1093.3927533602907,1084.5274067114235,1092.40771484375,2900,0.0,0.0
2019-10-15 00:00:00+09:00,1092.4076403972813,1098.31787109375,1090.4375634984585,1098.31787109375,2100,0.0,0.0
2019-10-16 00:00:00+09:00,1101.2728849943694,1101.2728849943694,1086.497309614302,1093.392578125,1700,0.0,0.0
2019-10-17 00:00:00+09:00,1087.4824326261469,1087.4824326261469,1048.080895212156,1073.69189453125,1900,0.0,0.0
2019-10-18 00:00:00+09:00,1073.6917998463755,1084.5272216796875,1073.6917998463755,1084.5272216796875,800,0.0,0.0
2019-10-21 00:00:00+09:00,1081.5722228783563,1091.422607421875,1074.6769536978932,1091.422607421875,1200,0.0,0.0
2019-10-23 00:00:00+09:00,1090.4376378106683,1098.3179459429948,1087.482522261046,1092.40771484375,2000,0.0,0.0
2019-10-24 00:00:00+09:00,1097.332768744354,1097.332768744354,1090.4375,1090.4375,2300,0.0,0.0
2019-10-25 00:00:00+09:00,1093.3926041399845,1093.3926041399845,1078.6170284083632,1081.5721435546875,1600,0.0,0.0
2019-10-28 00:00:00+09:00,1098.3178551906096,1098.3178551906096,1096.3477783203125,1096.3477783203125,1300,0.0,0.0
2019-10-29 00:00:00+09:00,1101.2730653211806,1111.1234505208333,1095.362834201389,1108.1683349609375,4800,0.0,0.0
2019-10-30 00:00:00+09:00,1108.1681598778516,1130.8240422575766,1098.3177762344928,1109.1531982421875,17100,0.0,0.0
2019-10-31 00:00:00+09:00,1106.1980991228252,1126.8839050725842,1097.3327537157857,1111.123291015625,2000,0.0,0.0
2019-11-01 00:00:00+09:00,1101.2730181628406,1103.2430951184092,1101.2730181628406,1102.258056640625,1000,0.0,0.0
2019-11-05 00:00:00+09:00,1102.2580709390706,1126.884033203125,1102.2580709390706,1126.884033203125,2500,0.0,0.0
2019-11-06 00:00:00+09:00,1126.884033203125,1126.884033203125,1119.0037252786276,1126.884033203125,2200,0.0,0.0
2019-11-07 00:00:00+09:00,1126.8839012238234,1140.6744384765625,1126.8839012238234,1140.6744384765625,3100,0.0,0.0
2019-11-08 00:00:00+09:00,1156.4351592318703,1167.2705823592557,1143.6296591722328,1161.3603515625,7500,0.0,0.0
2019-11-11 00:00:00+09:00,1166.285569852941,1177.1209932215072,1164.315492876838,1172.19580078125,2500,0.0,0.0
2019-11-12 00:00:00+09:00,1175.1507245986977,1175.1507245986977,1164.315302997201,1171.2105712890625,1800,0.0,0.0
2019-11-13 00:00:00+09:00,1175.1509060904093,1175.1509060904093,1163.3304443359375,1163.3304443359375,1700,0.0,0.0
2019-11-14 00:00:00+09:00,1163.3303272565747,1163.3303272565747,1156.43505859375,1156.43505859375,1400,0.0,0.0
2019-11-15 00:00:00+09:00,1159.3902164192489,1169.2406005859375,1159.3902164192489,1169.2406005859375,1900,0.0,0.0
2019-11-18 00:00:00+09:00,1164.3153817313057,1167.270496913365,1155.4500361851283,1158.4051513671875,3000,0.0,0.0
2019-11-19 00:00:00+09:00,1128.8541696038044,1129.8392081462162,1105.2132445859238,1119.0037841796875,8600,0.0,0.0
2019-11-20 00:00:00+09:00,1103.2430100526433,1106.1981252581415,1088.4674340251527,1099.3028564453125,11700,0.0,0.0
2019-11-21 00:00:00+09:00,1089.452585368139,1093.392739383937,1060.8864687536036,1067.78173828125,11000,0.0,0.0
2019-11-22 00:00:00+09:00,1051.0360055155804,1051.0360055155804,1035.275390625,1035.275390625,24000,0.0,0.0
2019-11-25 00:00:00+09:00,1018.5296582781731,1025.4249267578125,1011.6343897985336,1025.4249267578125,97000,0.0,0.0
2019-11-26 00:00:00+09:00,1034.2903468919837,1043.1556927224865,1032.320270040761,1042.170654296875,30100,0.0,0.0
2019-11-27 00:00:00+09:00,1048.0808475936617,1052.021001156044,1042.1706172500883,1045.125732421875,14100,0.0,0.0
2019-11-28 00:00:00+09:00,1042.170585235336,1042.170585235336,1034.290278352649,1041.185546875,12300,0.0,0.0
2019-11-29 00:00:00+09:00,1044.1408218876009,1044.1408218876009,1037.2455523090978,1038.2305908203125,6100,0.0,0.0
2019-12-02 00:00:00+09:00,1043.1557833763861,1043.1557833763861,1036.260513797883,1038.2305908203125,8100,0.0,0.0
2019-12-03 00:00:00+09:00,1038.2304952259026,1038.2304952259026,1024.4399573386515,1026.4100341796875,12700,0.0,0.0
2019-12-04 00:00:00+09:00,1022.4699648624402,1029.365234375,1019.5148493570574,1029.365234375,4800,0.0,0.0
2019-12-05 00:00:00+09:00,1033.3052287793341,1033.3052287793341,1030.3501137303942,1032.3201904296875,4600,0.0,0.0
2019-12-06 00:00:00+09:00,1031.3352369023548,1035.275390625,1031.3352369023548,1035.275390625,3200,0.0,0.0
2019-12-09 00:00:00+09:00,1036.2604237432065,1043.1556927224865,1036.2604237432065,1042.170654296875,4400,0.0,0.0
2019-12-10 00:00:00+09:00,1042.1707606460109,1044.1408376982718,1040.20068359375,1040.20068359375,3900,0.0,0.0
2019-12-11 00:00:00+09:00,1038.2305059169837,1040.2005827783064,1035.275390625,1035.275390625,5400,0.0,0.0
2019-12-12 00:00:00+09:00,1037.2454143567684,1037.2454143567684,1029.3651073151216,1036.2603759765625,5300,0.0,0.0
2019-12-13 00:00:00+09:00,1040.200508514664,1043.1556235956718,1038.2304317939925,1041.185546875,11200,0.0,0.0
2019-12-16 00:00:00+09:00,1042.1706805608337,1053.006103515625,1039.215565209527,1053.006103515625,12500,0.0,0.0
2019-12-17 00:00:00+09:00,1053.0060663934964,1055.961181640625,1047.095835899239,1055.961181640625,5600,0.0,0.0
2019-12-18 00:00:00+09:00,1061.8714930432602,1061.8714930432602,1041.1856847372226,1043.15576171875,10400,0.0,0.0
2019-12-19 00:00:00+09:00,1043.155740264663,1048.0809326171875,1043.155740264663,1048.0809326171875,2900,0.0,0.0
2019-12-20 00:00:00+09:00,1045.1257483840325,1048.0808636009524,1044.1407099783926,1047.0958251953125,3000,0.0,0.0
2019-12-23 00:00:00+09:00,1044.1407311480978,1046.1108079993207,1042.170654296875,1042.170654296875,4200,0.0,0.0
2019-12-24 00:00:00+09:00,1042.170654296875,1044.1407311480978,1042.170654296875,1042.170654296875,1400,0.0,0.0
2019-12-25 00:00:00+09:00,1038.2306125811785,1038.2306125811785,1031.3353428581536,1033.305419921875,9600,0.0,0.0
2019-12-26 00:00:00+09:00,1034.2903202789219,1035.2753586791875,1026.4100130767968,1031.335205078125,13900,0.0,0.0
2019-12-27 00:00:00+09:00,1038.2304738799844,1038.2304738799844,1030.3501666778593,1031.335205078125,4300,0.0,0.0
2019-12-30 00:00:00+09:00,1026.4100609640473,1029.3651763027156,1014.589599609375,1014.589599609375,30200,0.0,0.0
2020-01-06 00:00:00+09:00,1015.5746141413287,1016.5596525643562,1010.6494220261914,1011.6344604492188,12700,0.0,0.0
2020-01-07 00:00:00+09:00,1011.6344472731879,1019.5147545547707,1011.6344472731879,1017.544677734375,4000,0.0,0.0
2020-01-08 00:00:00+09:00,1014.589599609375,1019.5147918404886,1010.6494458244842,1014.589599609375,5600,0.0,0.0
2020-01-09 00:00:00+09:00,1022.4699096679688,1022.4699096679688,1018.5297558734871,1022.4699096679688,3300,0.0,0.0
2020-01-10 00:00:00+09:00,1027.3950885173463,1028.380126953125,1024.4399732100096,1028.380126953125,5400,0.0,0.0
2020-01-14 00:00:00+09:00,1028.3801110207232,1028.3801110207232,1024.4399573386515,1026.4100341796875,3900,0.0,0.0
2020-01-15 00:00:00+09:00,1028.380126953125,1028.380126953125,1024.4399732100096,1028.380126953125,2100,0.0,0.0
2020-01-16 00:00:00+09:00,1028.380041820515,1028.380041820515,1025.4249267578125,1025.4249267578125,1800,0.0,0.0
2020-01-17 00:00:00+09:00,1028.380041820515,1028.380041820515,1024.4398884035784,1025.4249267578125,2400,0.0,0.0
2020-01-20 00:00:00+09:00,1028.3801958732056,1030.3502728767942,1027.3951573714114,1029.365234375,2800,0.0,0.0
2020-01-21 00:00:00+09:00,1033.3052287793341,1033.3052287793341,1029.3650753807476,1032.3201904296875,2200,0.0,0.0
2020-01-22 00:00:00+09:00,1032.3201904296875,1038.2304205275675,1029.3650753807476,1032.3201904296875,5300,0.0,0.0
2020-01-23 00:00:00+09:00,1032.320222455739,1038.2304527369743,1031.335184075533,1036.2603759765625,3700,0.0,0.0
2020-01-24 00:00:00+09:00,1036.2605355174571,1037.2455740493178,1033.305419921875,1033.305419921875,2800,0.0,0.0
2020-01-27 00:00:00+09:00,1029.3651494412413,1030.3501878617592,1025.4249957591696,1026.4100341796875,3600,0.0,0.0
2020-01-28 00:00:00+09:00,1024.4400398158753,1027.395155315344,1017.5447703171145,1021.4849243164062,4500,0.0,0.0
2020-01-29 00:00:00+09:00,1019.5147174849934,1023.4548709825199,1019.5147174849934,1020.499755859375,3100,0.0,0.0
2020-01-30 00:00:00+09:00,1020.4998302867112,1020.4998302867112,1013.6045611631523,1014.589599609375,4900,0.0,0.0
2020-01-31 00:00:00+09:00,1014.5896075421693,1018.5297613578671,1014.5896075421693,1015.5746459960938,2000,0.0,0.0
2020-02-03 00:00:00+09:00,1009.6643915436147,1013.6045452667117,1009.6643915436147,1012.6195068359375,3800,0.0,0.0
2020-02-04 00:00:00+09:00,1012.6195306343204,1019.5147998117915,1012.6195306343204,1015.5746459960938,1400,0.0,0.0
2020-02-05 00:00:00+09:00,1024.4399732100096,1028.380126953125,1023.4549347742308,1028.380126953125,2500,0.0,0.0
2020-02-06 00:00:00+09:00,1028.380037031101,1036.260343828274,1028.380037031101,1032.3201904296875,5100,0.0,0.0
2020-02-07 00:00:00+09:00,1037.245387008623,1037.245387008623,1019.5146966324073,1025.4249267578125,3600,0.0,0.0
2020-02-10 00:00:00+09:00,1025.4251116669893,1049.0660364316461,1025.4251116669893,1033.305419921875,8000,0.0,0.0
2020-02-12 00:00:00+09:00,1030.3501396031913,1030.3501396031913,1016.5596023618484,1020.499755859375,7100,0.0,0.0
2020-02-13 00:00:00+09:00,1020.4998009569179,1022.4698777927421,1017.5446857031817,1018.5297241210938,1800,0.0,0.0
2020-02-14 00:00:00+09:00,1018.5297058746717,1031.335205078125,1018.5297058746717,1031.335205078125,1900,0.0,0.0
2020-02-17 00:00:00+09:00,1030.3502946120043,1030.3502946120043,1019.5148708636945,1024.4400634765625,1600,0.0,0.0
2020-02-18 00:00:00+09:00,1024.4399920814137,1028.3801458971113,1015.5746459960938,1015.5746459960938,1800,0.0,0.0
2020-02-19 00:00:00+09:00,1015.5746380555977,1023.4549456253793,1014.589599609375,1014.589599609375,3000,0.0,0.0
2020-02-20 00:00:00+09:00,1015.5746776046384,1024.4400239658817,1015.5746776046384,1019.5148315429688,1600,0.0,0.0
2020-02-21 00:00:00+09:00,1023.4549162106541,1023.4549162106541,1018.5297241210938,1018.5297241210938,2200,0.0,0.0
2020-02-25 00:00:00+09:00,1004.7392156273274,1013.6045616475686,991.9337158203125,991.9337158203125,12700,0.0,0.0
2020-02-26 00:00:00+09:00,985.0384837602713,990.948714662833,985.0384837602713,988.9786376953125,5800,0.0,0.0
2020-02-27 00:00:00+09:00,992.918724894041,992.918724894041,973.2179565429688,973.2179565429688,8000,0.0,0.0
2020-02-28 00:00:00+09:00,958.4424714119203,958.4424714119203,916.0858154296875,916.0858154296875,12700,0.0,0.0
2020-03-02 00:00:00+09:00,890.4747187541867,927.906178170845,887.5196035370822,919.0408325195312,13400,0.0,0.0
2020-03-03 00:00:00+09:00,943.6668877046925,943.6668877046925,922.9810791015625,922.9810791015625,4700,0.0,0.0
2020-03-04 00:00:00+09:00,917.0707584912161,936.7715266650339,917.0707584912161,926.921142578125,2600,0.0,0.0
2020-03-05 00:00:00+09:00,938.7416034824156,940.7116802997974,926.921142578125,926.921142578125,3000,0.0,0.0
2020-03-06 00:00:00+09:00,922.9810647797166,922.9810647797166,898.3551025390625,898.3551025390625,5600,0.0,0.0
2020-03-09 00:00:00+09:00,866.8337844937865,869.7888996681972,842.2078247070312,842.2078247070312,14200,0.0,0.0
2020-03-10 00:00:00+09:00,786.060745184172,819.5520551293622,741.7340114331848,818.5670166015625,12900,0.0,0.0
2020-03-11 00:00:00+09:00,829.40238894508,839.2527736118861,827.4323120117188,827.4323120117188,4500,0.0,0.0
2020-03-12 00:00:00+09:00,826.4472791013118,826.4472791013118,752.5693936035783,767.344970703125,14500,0.0,0.0
2020-03-13 00:00:00+09:00,737.793801871788,756.5095324933687,722.0331866115094,742.718994140625,10000,0.0,0.0
2020-03-16 00:00:00+09:00,745.6740401674551,763.4047306866285,741.73388671875,741.73388671875,17300,0.0,0.0
2020-03-17 00:00:00+09:00,741.7339970117442,762.4198056933467,740.7489585030964,755.5245361328125,9200,0.0,0.0
2020-03-18 00:00:00+09:00,814.6267586570116,814.6267586570116,783.1055297851562,783.1055297851562,3800,0.0,0.0
2020-03-19 00:00:00+09:00,786.060692719306,803.7913850362828,786.060692719306,789.0158081054688,4600,0.0,0.0
2020-03-23 00:00:00+09:00,789.0157942806381,818.5669476244823,789.0157942806381,817.5819091796875,7700,0.0,0.0
2020-03-24 00:00:00+09:00,817.5819006157346,884.5645141601562,815.611823746781,884.5645141601562,8400,0.0,0.0
2020-03-25 00:00:00+09:00,896.3849356705445,903.2802044064717,876.6841678536094,902.295166015625,4900,0.0,0.0
2020-03-26 00:00:00+09:00,904.2653277275741,905.2503662109375,882.59448109358,905.2503662109375,6700,0.0,0.0
2020-03-27 00:00:00+09:00,907.220382204481,927.9061889648438,899.3400748672,927.9061889648438,18900,0.0,0.0
2020-03-30 00:00:00+09:00,902.1309993651266,910.0618213375673,882.303944434025,898.1655883789062,14100,6.0,0.0
2020-03-31 00:00:00+09:00,892.2174790326286,910.0618286132812,884.286656996783,910.0618286132812,3100,0.0,0.0
2020-04-01 00:00:00+09:00,891.2260822642933,901.1396093195135,872.390380859375,872.390380859375,3600,0.0,0.0
2020-04-02 00:00:00+09:00,842.6498859684642,852.5634140386815,812.9093017578125,812.9093017578125,2800,0.0,0.0
2020-04-03 00:00:00+09:00,798.0389799543217,810.9265659660064,795.0649216439328,796.0562744140625,1800,0.0,0.0
2020-04-06 00:00:00+09:00,777.2205560378086,802.9957275390625,777.2205560378086,802.9957275390625,3400,0.0,0.0
2020-04-07 00:00:00+09:00,804.9784419389205,817.8660278320312,804.9784419389205,817.8660278320312,2400,0.0,0.0
2020-04-08 00:00:00+09:00,819.848746449869,875.364501953125,819.848746449869,875.364501953125,3300,0.0,0.0
2020-04-09 00:00:00+09:00,871.3990540742357,914.0272216796875,869.4163486042147,914.0272216796875,3900,0.0,0.0
2020-04-10 00:00:00+09:00,914.0272087902756,980.4478410993304,906.0963870220303,957.646728515625,8000,0.0,0.0
2020-04-13 00:00:00+09:00,956.6553936678754,956.6553936678754,917.9926368253396,953.6813354492188,3600,0.0,0.0
2020-04-14 00:00:00+09:00,956.6554025627776,969.5429882967838,924.9321146021466,934.8456420898438,1200,0.0,0.0
2020-04-15 00:00:00+09:00,964.586194386395,964.586194386395,920.9666748046875,920.9666748046875,1600,0.0,0.0
2020-04-16 00:00:00+09:00,923.9407997796474,966.5689697265625,923.9407997796474,966.5689697265625,1800,0.0,0.0
2020-04-17 00:00:00+09:00,966.5689482105722,979.4565341867132,963.5948899083858,964.5862426757812,1900,0.0,0.0
2020-04-20 00:00:00+09:00,952.6900094670358,964.5862426757812,952.6900094670358,964.5862426757812,1900,0.0,0.0
2020-04-21 00:00:00+09:00,964.586199466166,964.586199466166,956.6553776822715,960.6207885742188,1000,0.0,0.0
2020-04-22 00:00:00+09:00,960.620806473648,960.620806473648,945.7505153517649,956.6553955078125,1200,0.0,0.0
2020-04-23 00:00:00+09:00,941.7850952148438,941.7850952148438,941.7850952148438,941.7850952148438,900,0.0,0.0
2020-04-24 00:00:00+09:00,949.7158986357869,976.482421875,942.7764296478426,976.482421875,3800,0.0,0.0
2020-04-27 00:00:00+09:00,947.7332123547066,975.4910888671875,947.7332123547066,975.4910888671875,1700,0.0,0.0
2020-04-28 00:00:00+09:00,978.4651757739111,989.3700561523438,978.4651757739111,989.3700561523438,3000,0.0,0.0
2020-04-30 00:00:00+09:00,990.3613732036492,999.2835477370154,984.4132568480718,997.3008422851562,3100,0.0,0.0
2020-05-01 00:00:00+09:00,997.3009147875237,997.3009147875237,971.5257420395359,981.4392700195312,2400,0.0,0.0
2020-05-07 00:00:00+09:00,981.4392322942839,986.39599609375,980.4478795343906,986.39599609375,800,0.0,0.0
2020-05-08 00:00:00+09:00,983.4218866027228,1001.2662353515625,974.4997122283029,1001.2662353515625,2100,0.0,0.0
2020-05-11 00:00:00+09:00,1006.2230084675115,1017.1278883622333,1001.2662448790015,1016.1365356445312,4200,0.0,0.0
2020-05-12 00:00:00+09:00,1001.266317857584,1011.179845757164,996.3095539077939,1003.2490234375,2000,0.0,0.0
2020-05-13 00:00:00+09:00,1003.2490071454857,1010.1884765625,991.3527738591756,1010.1884765625,1000,0.0,0.0
2020-05-14 00:00:00+09:00,991.3528260006848,995.3182373046875,991.3528260006848,995.3182373046875,1000,0.0,0.0
2020-05-15 00:00:00+09:00,990.3614388301455,1006.2230834960938,984.4133220804149,1006.2230834960938,1100,0.0,0.0
2020-05-18 00:00:00+09:00,986.3960031246121,998.292236328125,986.3960031246121,998.292236328125,600,0.0,0.0
2020-05-19 00:00:00+09:00,999.2835299350247,1005.2316461846381,995.3181191019493,1001.2662353515625,2000,0.0,0.0
2020-05-20 00:00:00+09:00,1001.2663195379849,1006.2230834960938,990.3614388301455,1006.2230834960938,4900,0.0,0.0
2020-05-21 00:00:00+09:00,1008.2057495117188,1009.1971022644343,994.326810973701,1008.2057495117188,1600,0.0,0.0
2020-05-22 00:00:00+09:00,994.3268304659625,1008.2057692760558,994.3268304659625,1007.2144165039062,400,0.0,0.0
2020-05-25 00:00:00+09:00,1011.1797879861707,1011.1797879861707,1002.2576133862927,1009.1970825195312,1500,0.0,0.0
2020-05-26 00:00:00+09:00,1010.1885129058868,1010.1885129058868,1000.2749848106376,1002.2576904296875,2300,0.0,0.0
2020-05-27 00:00:00+09:00,1003.2489661196125,1009.1970825195312,999.2835551863335,1009.1970825195312,2000,0.0,0.0
2020-05-28 00:00:00+09:00,1001.266342462278,1011.1798706054688,1000.2749896479588,1011.1798706054688,3300,0.0,0.0
2020-05-29 00:00:00+09:00,1011.1798275925042,1011.1798275925042,1004.2403581874577,1007.2144165039062,2200,0.0,0.0
2020-06-01 00:00:00+09:00,1009.1970825195312,1009.1970825195312,1009.1970825195312,1009.1970825195312,100,0.0,0.0
2020-06-02 00:00:00+09:00,1009.1970843727045,1012.171142578125,1003.2489679618634,1012.171142578125,2200,0.0,0.0
2020-06-03 00:00:00+09:00,1001.2662429958874,1013.1624755859375,1001.2662429958874,1013.1624755859375,2200,0.0,0.0
2020-06-04 00:00:00+09:00,1005.2316752672195,1015.1452026367188,1005.2316752672195,1015.1452026367188,1200,0.0,0.0
2020-06-05 00:00:00+09:00,1015.1452187807276,1015.1452187807276,1007.2143967590032,1008.2057495117188,1800,0.0,0.0
2020-06-08 00:00:00+09:00,1008.2057957486726,1018.1193237304688,1005.2317373541338,1018.1193237304688,2700,0.0,0.0
2020-06-09 00:00:00+09:00,1017.1278883622333,1019.1105937976372,1016.1365356445312,1016.1365356445312,1100,0.0,0.0
2020-06-10 00:00:00+09:00,1016.1365375444583,1019.110595703125,1016.1365375444583,1019.110595703125,1900,0.0,0.0
2020-06-11 00:00:00+09:00,1016.136593205655,1020.1020043010917,1008.2057710147816,1010.1884765625,2800,0.0,0.0
2020-06-12 00:00:00+09:00,1000.2749896479588,1018.1193403057024,998.2922840193206,1011.1798706054688,2700,0.0,0.0
2020-06-15 00:00:00+09:00,1011.1798077698654,1012.171160522581,1008.2057495117188,1008.2057495117188,900,0.0,0.0
2020-06-16 00:00:00+09:00,1003.2490512780977,1017.1279907226562,1002.2576984606292,1017.1279907226562,1500,0.0,0.0
2020-06-17 00:00:00+09:00,1017.1279709322891,1018.1193237304688,1014.1539125377503,1018.1193237304688,800,0.0,0.0
2020-06-18 00:00:00+09:00,1018.119341927656,1018.119341927656,1006.2231081368753,1014.1539306640625,800,0.0,0.0
2020-06-19 00:00:00+09:00,1013.1625348840776,1015.1452404317959,1006.2230654670633,1010.1884765625,3600,0.0,0.0
2020-06-22 00:00:00+09:00,1010.1885194004689,1014.1539306640625,1010.1885194004689,1014.1539306640625,1500,0.0,0.0
2020-06-23 00:00:00+09:00,1018.1193435401248,1018.1193435401248,1017.1279907226562,1017.1279907226562,1100,0.0,0.0
2020-06-24 00:00:00+09:00,1017.1279062538259,1017.1279062538259,1011.1797898429849,1012.171142578125,500,0.0,0.0
2020-06-25 00:00:00+09:00,1011.1797898429849,1012.171142578125,1011.1797898429849,1012.171142578125,400,0.0,0.0
2020-06-26 00:00:00+09:00,1012.1711247737234,1016.1365356445312,1012.1711247737234,1016.1365356445312,1600,0.0,0.0
2020-06-29 00:00:00+09:00,1025.0587355548162,1025.0587355548162,1016.1365608739715,1024.0673828125,4600,0.0,0.0
2020-06-30 00:00:00+09:00,1026.050086456595,1026.050086456595,1021.0933227539061,1021.0933227539062,2100,0.0,0.0
2020-07-01 00:00:00+09:00,1024.0674588230465,1024.0674588230465,1011.1798722163672,1014.1539306640625,1500,0.0,0.0
2020-07-02 00:00:00+09:00,1023.0760282349818,1023.0760282349818,1014.1538535701418,1021.0933227539062,5000,0.0,0.0
2020-07-03 00:00:00+09:00,1021.0932814113369,1021.0932814113369,1016.1365179093401,1020.1019287109375,3400,0.0,0.0
2020-07-06 00:00:00+09:00,1020.1019700133684,1021.0933227539061,1016.1365590512173,1021.0933227539062,5500,0.0,0.0
2020-07-07 00:00:00+09:00,1021.0933190584183,1021.0933190584183,1015.1452026367188,1015.1452026367188,1700,0.0,0.0
2020-07-08 00:00:00+09:00,1015.1452404317959,1015.1452404317959,1010.1884765625,1010.1884765625,2300,0.0,0.0
2020-07-09 00:00:00+09:00,1010.1884532078248,1012.1711587097047,1005.231689453125,1005.231689453125,1900,0.0,0.0
2020-07-10 00:00:00+09:00,1006.2230402029891,1006.2230402029891,968.5516357421875,968.5516357421875,7100,0.0,0.0
2020-07-13 00:00:00+09:00,973.5084119655327,1001.2662892924521,973.5084119655327,989.3700561523438,6000,0.0,0.0
2020-07-14 00:00:00+09:00,990.3613574676665,1004.2402954101562,986.3959466269552,1004.2402954101562,5300,0.0,0.0
2020-07-15 00:00:00+09:00,1005.2316789053018,1021.0933227539061,1005.2316789053018,1021.0933227539062,3000,0.0,0.0
2020-07-16 00:00:00+09:00,1017.1279442254014,1017.1279442254014,1003.2490054153081,1007.2144165039062,900,0.0,0.0
2020-07-17 00:00:00+09:00,1021.0933153193685,1021.0933153193685,1009.1970825195312,1009.1970825195312,9700,0.0,0.0
2020-07-20 00:00:00+09:00,1021.0933821250077,1021.0933821250077,1014.1539125377503,1018.1193237304688,6000,0.0,0.0
2020-07-21 00:00:00+09:00,1020.1019700133684,1021.0933227539061,1010.1884426079907,1021.0933227539062,3400,0.0,0.0
2020-07-22 00:00:00+09:00,1011.1798706054688,1019.1106931200216,1011.1798706054688,1011.1798706054688,7900,0.0,0.0
2020-07-27 00:00:00+09:00,1011.1798769928688,1023.0761108398438,1007.2144657105439,1023.0761108398438,9200,0.0,0.0
2020-07-28 00:00:00+09:00,1026.050086456595,1026.050086456595,1015.1452063106796,1021.0933227539062,3000,0.0,0.0
2020-07-29 00:00:00+09:00,1021.0933227539061,1021.0933227539061,1013.162500829604,1021.0933227539062,1900,0.0,0.0
2020-07-30 00:00:00+09:00,1021.0933674266965,1028.0328369140625,1012.1711923715119,1028.0328369140625,3500,0.0,0.0
2020-07-31 00:00:00+09:00,1027.041490396492,1027.041490396492,1003.2490234375,1003.2490234375,19600,0.0,0.0
2020-08-03 00:00:00+09:00,1006.2231097305031,1017.1279907226562,1006.2231097305031,1017.1279907226562,3500,0.0,0.0
2020-08-04 00:00:00+09:00,1015.1451848249027,1021.0933011422361,1015.1451848249027,1019.110595703125,1000,0.0,0.0
2020-08-05 00:00:00+09:00,1017.1280136330399,1022.0847778320312,1015.1453079534433,1022.0847778320312,600,0.0,0.0
2020-08-06 00:00:00+09:00,1015.1452063106796,1021.0933227539061,1010.1884426079907,1021.0933227539062,1300,0.0,0.0
2020-08-07 00:00:00+09:00,1021.0932814113369,1025.0586922129344,1018.1192233101389,1020.1019287109375,6100,0.0,0.0
2020-08-11 00:00:00+09:00,1025.0588164810063,1026.0501693015874,1021.0934051986812,1023.0761108398438,3100,0.0,0.0
2020-08-12 00:00:00+09:00,1025.0587785623343,1029.024189697972,1025.0587785623343,1028.0328369140625,3000,0.0,0.0
2020-08-13 00:00:00+09:00,1019.1106227254271,1030.0155029296875,1019.1106227254271,1030.0155029296875,4400,0.0,0.0
2020-08-14 00:00:00+09:00,1030.0155424818813,1031.0068952657907,1026.0501313462437,1028.0328369140625,2600,0.0,0.0
2020-08-17 00:00:00+09:00,1026.0500331300234,1032.989501953125,1026.0500331300234,1032.989501953125,1800,0.0,0.0
2020-08-18 00:00:00+09:00,1038.9376417741164,1038.9376417741164,1030.015467369568,1037.9462890625,3300,0.0,0.0
2020-08-19 00:00:00+09:00,1037.9462890625,1037.9462890625,1035.963583639267,1037.9462890625,1000,0.0,0.0
2020-08-20 00:00:00+09:00,1037.9463715676015,1040.9204299388555,1037.9463715676015,1039.9290771484375,2300,0.0,0.0
2020-08-21 00:00:00+09:00,1040.92041015625,1041.9117629278273,1037.946351841518,1040.92041015625,30000,0.0,0.0
2020-08-24 00:00:00+09:00,1043.8944684709822,1044.8858212425596,1037.946351841518,1040.92041015625,3000,0.0,0.0
2020-08-25 00:00:00+09:00,1042.9032181032944,1045.877276710053,1041.911865234375,1041.911865234375,2200,0.0,0.0
2020-08-26 00:00:00+09:00,1042.9030798639826,1048.8511962890625,1042.9030798639826,1048.8511962890625,2500,0.0,0.0
2020-08-27 00:00:00+09:00,1049.8426544619279,1055.790771484375,1045.8772431136297,1055.790771484375,3200,0.0,0.0
2020-08-28 00:00:00+09:00,1055.7906654516555,1057.773370926682,1038.9376689139297,1048.8511962890625,6900,0.0,0.0
2020-08-31 00:00:00+09:00,1078.591749768089,1078.591749768089,1056.781990122043,1068.67822265625,4800,0.0,0.0
2020-09-01 00:00:00+09:00,1070.6609280786179,1070.6609280786179,1067.686869945066,1068.67822265625,2900,0.0,0.0
2020-09-02 00:00:00+09:00,1082.5572206577035,1082.5572206577035,1065.7042236328125,1065.7042236328125,30800,0.0,0.0
2020-09-03 00:00:00+09:00,1080.5744431982557,1081.5657958984375,1074.6263269971644,1081.5657958984375,13800,0.0,0.0
2020-09-04 00:00:00+09:00,1080.5744431982557,1082.5571485986195,1077.60038509771,1081.5657958984375,14900,0.0,0.0
2020-09-07 00:00:00+09:00,1088.5052802252662,1105.3582763671875,1086.522574796805,1105.3582763671875,28200,0.0,0.0
2020-09-08 00:00:00+09:00,1109.323750231475,1110.3151030020124,1101.3929280671748,1108.3323974609375,13100,0.0,0.0
2020-09-09 00:00:00+09:00,1110.3150832216265,1110.3150832216265,1098.418850187109,1109.32373046875,9200,0.0,0.0
2020-09-10 00:00:00+09:00,1110.315185546875,1110.315185546875,1107.3411270141603,1110.315185546875,9800,0.0,0.0
2020-09-11 00:00:00+09:00,1108.3324798583985,1111.3065383911132,1105.3584213256836,1110.315185546875,9000,0.0,0.0
2020-09-14 00:00:00+09:00,1118.2459321418694,1120.2286376953125,1111.3064627048188,1120.2286376953125,4600,0.0,0.0
2020-09-15 00:00:00+09:00,1119.2372849185908,1120.2286376953125,1110.3151099280974,1120.2286376953125,3100,0.0,0.0
2020-09-16 00:00:00+09:00,1120.2286376953125,1120.2286376953125,1116.2632265884265,1120.2286376953125,2800,0.0,0.0
2020-09-17 00:00:00+09:00,1120.2285982273493,1124.1940091945257,1118.245892743761,1122.2113037109375,7300,0.0,0.0
2020-09-18 00:00:00+09:00,1126.1767183380932,1129.150776573141,1122.2113073580294,1128.159423828125,5000,0.0,0.0
2020-09-23 00:00:00+09:00,1130.142152641076,1133.1162109375,1126.1767415791776,1133.1162109375,8000,0.0,0.0
2020-09-24 00:00:00+09:00,1140.0557099339799,1140.0557099339799,1102.3843038665962,1113.2891845703125,12800,0.0,0.0
2020-09-25 00:00:00+09:00,1105.3583356459364,1107.3410411807272,1101.3929245763545,1102.38427734375,6600,0.0,0.0
2020-09-28 00:00:00+09:00,1133.1161714911982,1135.098876953125,1110.3150586790393,1135.098876953125,20100,0.0,0.0
2020-09-29 00:00:00+09:00,1128.1411864391057,1152.9901112505397,1068.5037668916639,1151.002197265625,49900,3.0,0.0
2020-09-30 00:00:00+09:00,1140.0687274949432,1157.95995425598,1116.2137584802279,1144.0445556640625,14300,0.0,0.0
2020-10-02 00:00:00+09:00,1157.959987415987,1157.959987415987,1044.6488813512465,1081.42529296875,11700,0.0,0.0
2020-10-05 00:00:00+09:00,1082.419207974885,1123.171446291662,1082.419207974885,1120.1895751953125,7300,0.0,0.0
2020-10-06 00:00:00+09:00,1110.2499950377921,1114.225823131034,1097.328553734756,1100.3104248046875,3700,0.0,0.0
2020-10-07 00:00:00+09:00,1100.3105484132398,1107.268248358039,1100.3105484132398,1104.286376953125,2700,0.0,0.0
2020-10-08 00:00:00+09:00,1116.2138022075221,1116.2138022075221,1100.3104889080385,1107.2681884765625,2700,0.0,0.0
2020-10-09 00:00:00+09:00,1104.2862498935626,1104.2862498935626,1094.3466796875,1094.3466796875,1300,0.0,0.0
2020-10-12 00:00:00+09:00,1078.4434226499784,1087.3890362940797,1078.4434226499784,1083.4132080078125,1400,0.0,0.0
2020-10-13 00:00:00+09:00,1083.4132071102367,1084.40716418098,1076.4555076150334,1081.42529296875,1100,0.0,0.0
2020-10-14 00:00:00+09:00,1075.4614863082504,1079.4373143537523,1073.4735722854996,1074.467529296875,1000,0.0,0.0
2020-10-15 00:00:00+09:00,1074.4675759161087,1074.4675759161087,1043.6549072265625,1043.6549072265625,4100,0.0,0.0
2020-10-16 00:00:00+09:00,1043.6549072265625,1070.4917476981027,1043.6549072265625,1043.6549072265625,1800,0.0,0.0
2020-10-19 00:00:00+09:00,1033.7152111324376,1040.672909668906,1033.7152111324376,1035.703125,2200,0.0,0.0
2020-10-20 00:00:00+09:00,1031.7274169921875,1036.6972022378145,1031.7274169921875,1031.7274169921875,700,0.0,0.0
2020-10-21 00:00:00+09:00,1042.6609565906956,1077.449453712406,1042.6609565906956,1057.5703125,1200,0.0,0.0
2020-10-22 00:00:00+09:00,1067.5097540433765,1071.4855818051767,1047.630615234375,1047.630615234375,1500,0.0,0.0
2020-10-23 00:00:00+09:00,1044.6488642810639,1047.6307354445685,1043.6549072265625,1043.6549072265625,600,0.0,0.0
2020-10-26 00:00:00+09:00,1044.6488037109375,1044.6488037109375,1044.6488037109375,1044.6488037109375,200,0.0,0.0
2020-10-27 00:00:00+09:00,1045.6427679357396,1060.5521229918575,1045.6427679357396,1058.564208984375,1500,0.0,0.0
2020-10-28 00:00:00+09:00,1046.6367793210106,1051.6065645979384,1043.654908154854,1045.642822265625,1500,0.0,0.0
2020-10-29 00:00:00+09:00,1061.5460694527512,1061.5460694527512,1038.68505859375,1038.68505859375,1500,0.0,0.0
2020-10-30 00:00:00+09:00,1052.6003964256695,1054.588310299939,1038.6849993057833,1041.6668701171875,600,0.0,0.0
2020-11-02 00:00:00+09:00,1041.6669931175595,1048.6246924990699,1038.6851219540551,1043.6549072265625,1700,0.0,0.0
2020-11-04 00:00:00+09:00,1038.6851847137884,1052.6005843176097,1038.6851847137884,1048.624755859375,900,0.0,0.0
2020-11-05 00:00:00+09:00,1048.6246952866063,1053.5944805723248,1041.6669958866003,1049.61865234375,1200,0.0,0.0
2020-11-06 00:00:00+09:00,1049.618532576651,1053.5943603515625,1049.618532576651,1053.5943603515625,1500,0.0,0.0
2020-11-09 00:00:00+09:00,1058.5643176062633,1202.6880979376324,1053.5945320775954,1172.869384765625,12000,0.0,0.0
2020-11-10 00:00:00+09:00,1142.056750455496,1142.056750455496,1080.431407959203,1110.2501220703125,7700,0.0,0.0
2020-11-11 00:00:00+09:00,1139.0748150755303,1139.0748150755303,1100.3104889080385,1107.2681884765625,2400,0.0,0.0
2020-11-12 00:00:00+09:00,1107.2680608777032,1107.2680608777032,1093.3526633442311,1097.3284912109375,3000,0.0,0.0
2020-11-13 00:00:00+09:00,1098.3225667911724,1098.3225667911724,1089.376953125,1089.376953125,2300,0.0,0.0
2020-11-16 00:00:00+09:00,1087.3889215441718,1097.3284912109375,1087.3889215441718,1097.3284912109375,2000,0.0,0.0
2020-11-17 00:00:00+09:00,1100.3104187847816,1100.3104187847816,1085.401063516695,1088.3829345703125,1600,0.0,0.0
2020-11-18 00:00:00+09:00,1086.3951439341163,1097.3286723726114,1086.3951439341163,1092.35888671875,4300,0.0,0.0
2020-11-19 00:00:00+09:00,1092.3587063775547,1097.3284912109375,1092.3587063775547,1097.3284912109375,1300,0.0,0.0
2020-11-20 00:00:00+09:00,1097.3284912109375,1097.3284912109375,1091.3647494108782,1097.3284912109375,900,0.0,0.0
2020-11-24 00:00:00+09:00,1097.328617664385,1114.2258880450868,1097.328617664385,1107.2681884765625,3000,0.0,0.0
2020-11-25 00:00:00+09:00,1113.231875,1118.20166015625,1113.231875,1118.20166015625,2000,0.0,0.0
2020-11-26 00:00:00+09:00,1123.1714453125,1123.1714453125,1118.20166015625,1118.20166015625,1500,0.0,0.0
2020-11-27 00:00:00+09:00,1118.2017259194818,1129.13525390625,1114.225897560657,1129.13525390625,3400,0.0,0.0
2020-11-30 00:00:00+09:00,1136.092894544944,1141.0626797354294,1128.1412382401675,1134.10498046875,1600,0.0,0.0
2020-12-01 00:00:00+09:00,1106.27417578125,1128.14123046875,1106.27417578125,1118.20166015625,3200,0.0,0.0
2020-12-02 00:00:00+09:00,1115.2197871076328,1131.1230995797557,1113.2318730486172,1114.225830078125,2900,0.0,0.0
2020-12-03 00:00:00+09:00,1116.2138091770948,1125.1594229639104,1116.2138091770948,1123.1715087890625,800,0.0,0.0
2020-12-04 00:00:00+09:00,1123.1715087890625,1123.1715087890625,1123.1715087890625,1123.1715087890625,400,0.0,0.0
2020-12-07 00:00:00+09:00,1117.2076339034347,1118.2015908730996,1103.292236328125,1103.292236328125,1600,0.0,0.0
2020-12-08 00:00:00+09:00,1103.292236328125,1104.28619329779,1103.292236328125,1103.292236328125,1300,0.0,0.0
2020-12-09 00:00:00+09:00,1103.2923618923999,1113.2319327202595,1103.2923618923999,1111.2440185546875,800,0.0,0.0
2020-12-10 00:00:00+09:00,1111.2440159200764,1111.2440159200764,1105.2802734375,1105.2802734375,1500,0.0,0.0
2020-12-11 00:00:00+09:00,1105.2803294187897,1109.2561579418789,1092.35888671875,1092.35888671875,3000,0.0,0.0
2020-12-14 00:00:00+09:00,1106.2741105274488,1109.2559814453125,1097.3284977738574,1109.2559814453125,2900,0.0,0.0
2020-12-15 00:00:00+09:00,1112.2379738826512,1112.2379738826512,1107.2681884765625,1107.2681884765625,400,0.0,0.0
2020-12-16 00:00:00+09:00,1098.3225117469285,1108.2620819889823,1097.3285547227233,1102.29833984375,2200,0.0,0.0
2020-12-17 00:00:00+09:00,1110.2499990146791,1112.2379130684208,1101.304385772842,1108.2620849609375,2100,0.0,0.0
2020-12-18 00:00:00+09:00,1108.2620819889823,1108.2620819889823,1102.29833984375,1102.29833984375,900,0.0,0.0
2020-12-21 00:00:00+09:00,1102.2983427997128,1111.2439560415498,1102.2983427997128,1108.2620849609375,1100,0.0,0.0
2020-12-22 00:00:00+09:00,1111.2440768979243,1111.2440768979243,1104.286376953125,1104.286376953125,1400,0.0,0.0
2020-12-23 00:00:00+09:00,1104.2863145959077,1106.274228753596,1101.304443359375,1101.304443359375,900,0.0,0.0
2020-12-24 00:00:00+09:00,1100.310427765962,1106.274169921875,1100.310427765962,1106.274169921875,800,0.0,0.0
2020-12-25 00:00:00+09:00,1106.2741709071959,1108.2620849609375,1106.2741709071959,1108.2620849609375,2100,0.0,0.0
2020-12-28 00:00:00+09:00,1118.20166015625,1122.17748828125,1109.256046875,1118.20166015625,2100,0.0,0.0
2020-12-29 00:00:00+09:00,1128.1411737781773,1128.1411737781773,1118.2016039651537,1127.147216796875,4200,0.0,0.0
2020-12-30 00:00:00+09:00,1111.2440220238261,1126.15337831216,1111.2440220238261,1119.1956787109375,3400,0.0,0.0
2021-01-04 00:00:00+09:00,1119.1956787109375,1121.1835928827154,1113.2319361956038,1119.1956787109375,2200,0.0,0.0
2021-01-05 00:00:00+09:00,1119.1956778421097,1125.1594203528136,1117.207763671875,1117.207763671875,2800,0.0,0.0
2021-01-06 00:00:00+09:00,1113.2318720676944,1118.2016572108537,1112.2379150390625,1112.2379150390625,1900,0.0,0.0
2021-01-07 00:00:00+09:00,1112.237980827399,1125.1594229639104,1112.237980827399,1123.1715087890625,2500,0.0,0.0
2021-01-08 00:00:00+09:00,1113.2318788614298,1126.1533203125,1113.2318788614298,1126.1533203125,6000,0.0,0.0
2021-01-12 00:00:00+09:00,1133.111024390994,1139.074766624631,1126.1533251184178,1136.0928955078125,2800,0.0,0.0
2021-01-13 00:00:00+09:00,1136.0928955078125,1136.0928955078125,1130.1291532741757,1136.0928955078125,1600,0.0,0.0
2021-01-14 00:00:00+09:00,1136.0928955078125,1142.0566377414493,1133.111024390994,1136.0928955078125,2200,0.0,0.0
2021-01-15 00:00:00+09:00,1133.111015625,1133.111015625,1118.20166015625,1118.20166015625,4600,0.0,0.0
2021-01-18 00:00:00+09:00,1122.177491205757,1124.1654052734375,1120.1895771380762,1124.1654052734375,2000,0.0,0.0
2021-01-19 00:00:00+09:00,1124.1654062431046,1130.1291484512908,1123.171449208407,1126.1533203125,1200,0.0,0.0
2021-01-20 00:00:00+09:00,1126.1533203125,1131.1231054859886,1126.1533203125,1126.1533203125,1200,0.0,0.0
2021-01-21 00:00:00+09:00,1133.111023430653,1141.0626797354294,1133.111023430653,1134.10498046875,1900,0.0,0.0
2021-01-22 00:00:00+09:00,1128.1412382401675,1143.0505938116235,1128.1412382401675,1134.10498046875,4500,0.0,0.0
2021-01-25 00:00:00+09:00,1151.0022578260048,1151.9962148707596,1135.0989451099288,1150.00830078125,5100,0.0,0.0
2021-01-26 00:00:00+09:00,1138.080815302861,1148.0203857421875,1135.0989441710633,1148.0203857421875,1600,0.0,0.0
2021-01-27 00:00:00+09:00,1155.9720430497784,1156.9660000945332,1148.0203866917404,1150.00830078125,1500,0.0,0.0
2021-01-28 00:00:00+09:00,1150.0082988755557,1153.9841270479862,1143.0505995738022,1146.032470703125,3500,0.0,0.0
2021-01-29 00:00:00+09:00,1155.9721039768735,1155.9721039768735,1149.014404296875,1149.014404296875,4100,0.0,0.0
2021-02-01 00:00:00+09:00,1149.01434278612,1152.9901709618507,1148.0203857421875,1148.0203857421875,2700,0.0,0.0
2021-02-02 00:00:00+09:00,1144.0445585127216,1151.0022578260048,1144.0445585127216,1150.00830078125,800,0.0,0.0
2021-02-03 00:00:00+09:00,1150.0083613940176,1151.996275588303,1143.0506617140193,1149.014404296875,2500,0.0,0.0
2021-02-04 00:00:00+09:00,1149.0142832807103,1151.9961542580822,1146.032412303338,1151.002197265625,2300,0.0,0.0
2021-02-05 00:00:00+09:00,1151.9961542580822,1155.9719822279117,1151.002197265625,1151.002197265625,5500,0.0,0.0
2021-02-08 00:00:00+09:00,1158.9539254339543,1173.86328125,1157.9599683795511,1173.86328125,7100,0.0,0.0
2021-02-09 00:00:00+09:00,1191.7545147628464,1191.7545147628464,1169.887459446097,1187.7786865234375,4000,0.0,0.0
2021-02-10 00:00:00+09:00,1187.778624977099,1187.778624977099,1182.808839935354,1186.78466796875,1900,0.0,0.0
2021-02-12 00:00:00+09:00,1179.826969924978,1188.7725830078125,1178.833012915774,1188.7725830078125,4500,0.0,0.0
2021-02-15 00:00:00+09:00,1188.7725850423178,1192.7484130859375,1185.7907140096029,1192.7484130859375,2800,0.0,0.0
2021-02-16 00:00:00+09:00,1192.7484130859375,1192.7484130859375,1188.7725850423178,1192.7484130859375,1400,0.0,0.0
2021-02-17 00:00:00+09:00,1188.7726435832897,1192.7484718226988,1187.7786865234375,1187.7786865234375,2300,0.0,0.0
2021-02-18 00:00:00+09:00,1182.808842976888,1192.7484130859375,1180.8209289550782,1192.7484130859375,3100,0.0,0.0
2021-02-19 00:00:00+09:00,1178.8331298828125,1189.7666580689095,1178.8331298828125,1178.8331298828125,6400,0.0,0.0
2021-02-22 00:00:00+09:00,1178.8331347737767,1190.7606201171875,1178.8331347737767,1190.7606201171875,4400,0.0,0.0
2021-02-24 00:00:00+09:00,1192.7484100188442,1192.7484100188442,1186.78466796875,1186.78466796875,7100,0.0,0.0
2021-02-25 00:00:00+09:00,1192.7484718226988,1192.7484718226988,1187.7786865234375,1187.7786865234375,4200,0.0,0.0
2021-02-26 00:00:00+09:00,1184.7966913308144,1192.74834697733,1183.802734375,1183.802734375,35900,0.0,0.0
2021-03-01 00:00:00+09:00,1173.8632238111913,1180.8209228515625,1172.869266805424,1180.8209228515625,7900,0.0,0.0
2021-03-02 00:00:00+09:00,1174.8572373717795,1180.8209796934639,1171.8753662109375,1171.8753662109375,6900,0.0,0.0
2021-03-03 00:00:00+09:00,1163.923775692114,1184.796875,1163.923775692114,1184.796875,7000,0.0,0.0
2021-03-04 00:00:00+09:00,1190.7606176593958,1190.7606176593958,1174.8573039010066,1184.796875,8200,0.0,0.0
2021-03-05 00:00:00+09:00,1175.8511408769107,1187.778624977099,1175.8511408769107,1186.78466796875,13800,0.0,0.0
2021-03-08 00:00:00+09:00,1182.8089632215801,1190.7606201171875,1182.8089632215801,1190.7606201171875,5000,0.0,0.0
2021-03-09 00:00:00+09:00,1190.7604431202828,1201.6939697265625,1190.7604431202828,1201.6939697265625,4200,0.0,0.0
2021-03-10 00:00:00+09:00,1201.6939697265625,1201.6939697265625,1197.7181418697335,1201.6939697265625,7700,0.0,0.0
2021-03-11 00:00:00+09:00,1193.7423771413587,1206.663818359375,1193.7423771413587,1206.663818359375,4900,0.0,0.0
2021-03-12 00:00:00+09:00,1205.6699245787722,1211.6336669921875,1205.6699245787722,1211.6336669921875,8200,0.0,0.0
2021-03-15 00:00:00+09:00,1211.6336114154599,1222.567138671875,1209.645697368839,1222.567138671875,7400,0.0,0.0
2021-03-16 00:00:00+09:00,1222.5672232186284,1277.23486328125,1221.5732661265806,1277.23486328125,8700,0.0,0.0
2021-03-17 00:00:00+09:00,1276.2409162528647,1301.08984375,1273.2590449532086,1301.08984375,23400,0.0,0.0
2021-03-18 00:00:00+09:00,1312.023314503509,1320.9689280114876,1303.0777009955307,1310.035400390625,13100,0.0,0.0
2021-03-19 00:00:00+09:00,1315.005191200658,1321.962890625,1313.0172770794172,1321.962890625,30300,0.0,0.0
2021-03-22 00:00:00+09:00,1321.962828072014,1327.926570153542,1313.017214949722,1318.98095703125,15500,0.0,0.0
2021-03-23 00:00:00+09:00,1317.9870559089452,1321.9628841318984,1308.0474853515625,1308.0474853515625,8400,0.0,0.0
2021-03-24 00:00:00+09:00,1317.986983439913,1317.986983439913,1287.17431640625,1287.17431640625,4100,0.0,0.0
2021-03-25 00:00:00+09:00,1302.0837957636613,1302.0837957636613,1252.3859409635215,1289.162353515625,3600,0.0,0.0
2021-03-26 00:00:00+09:00,1284.1925629255836,1291.1502625699172,1262.325506900535,1277.23486328125,6600,0.0,0.0
2021-03-29 00:00:00+09:00,1282.2045334602337,1294.132017492422,1282.2045334602337,1291.150146484375,21100,0.0,0.0
2021-03-30 00:00:00+09:00,1290.1515922146136,1290.1515922146136,1237.2274169921875,1237.2274169921875,31500,6.0,0.0
2021-03-31 00:00:00+09:00,1237.2274317196989,1255.2016801224063,1233.233154296875,1233.233154296875,7600,0.0,0.0
2021-04-01 00:00:00+09:00,1232.2346340272486,1254.2031607278964,1228.2403564453125,1228.2403564453125,4000,0.0,0.0
2021-04-02 00:00:00+09:00,1208.2689788793325,1227.2417975559501,1207.2704094752999,1217.256103515625,3300,0.0,0.0
2021-04-05 00:00:00+09:00,1215.2589558075078,1215.2589558075078,1202.2775536501556,1203.276123046875,3300,0.0,0.0
2021-04-06 00:00:00+09:00,1199.2818121849532,1199.2818121849532,1179.3104248046875,1179.3104248046875,4800,0.0,0.0
2021-04-07 00:00:00+09:00,1170.32332552195,1173.3190336930813,1158.340492837425,1164.3319091796875,8100,0.0,0.0
2021-04-08 00:00:00+09:00,1161.3361621725148,1168.3261476714035,1158.3404541015625,1158.3404541015625,3300,0.0,0.0
2021-04-09 00:00:00+09:00,1158.3405269246243,1169.324790542013,1156.3433880850991,1163.3333740234375,2500,0.0,0.0
2021-04-12 00:00:00+09:00,1163.3332667744783,1184.30322265625,1163.3332667744783,1184.30322265625,2300,0.0,0.0
2021-04-13 00:00:00+09:00,1184.3032179924342,1202.2774658203125,1184.3032179924342,1202.2774658203125,2100,0.0,0.0
2021-04-14 00:00:00+09:00,1214.260337035124,1214.260337035124,1199.2817966934078,1208.2689208984375,1200,0.0,0.0
2021-04-15 00:00:00+09:00,1208.2689356764356,1209.267505044763,1198.2832419931592,1204.274658203125,1700,0.0,0.0
2021-04-16 00:00:00+09:00,1215.2589466982183,1215.2589466982183,1189.296142578125,1189.296142578125,1900,0.0,0.0
2021-04-19 00:00:00+09:00,1191.293212890625,1198.2831982135372,1191.293212890625,1191.293212890625,700,0.0,0.0
2021-04-20 00:00:00+09:00,1191.2932275719158,1198.2832129809715,1187.2989501953125,1187.2989501953125,1400,0.0,0.0
2021-04-21 00:00:00+09:00,1216.257451171875,1225.2445751953126,1198.283203125,1198.283203125,2700,0.0,0.0
2021-04-22 00:00:00+09:00,1198.2832332503215,1198.2832332503215,1160.3375975307279,1165.3304443359375,2100,0.0,0.0
2021-04-23 00:00:00+09:00,1168.3261376828032,1197.2846487877616,1168.3261376828032,1169.32470703125,1600,0.0,0.0
2021-04-26 00:00:00+09:00,1220.2517689342321,1220.2517689342321,1179.3104248046875,1179.3104248046875,2000,0.0,0.0
2021-04-27 00:00:00+09:00,1181.307621495864,1195.287593347886,1181.307621495864,1188.297607421875,900,0.0,0.0
2021-04-28 00:00:00+09:00,1174.3175291707041,1183.304653118439,1159.3389892578125,1159.3389892578125,3400,0.0,0.0
2021-04-30 00:00:00+09:00,1160.3375781082207,1180.308964994765,1160.3375781082207,1162.334716796875,1600,0.0,0.0
2021-05-06 00:00:00+09:00,1161.336181640625,1172.3204447515855,1161.336181640625,1161.336181640625,1700,0.0,0.0
2021-05-07 00:00:00+09:00,1174.3175489288017,1174.3175489288017,1162.334716796875,1162.334716796875,1100,0.0,0.0
2021-05-10 00:00:00+09:00,1170.323344939585,1170.323344939585,1164.3319284979148,1167.32763671875,700,0.0,0.0
2021-05-11 00:00:00+09:00,1168.3261476714035,1169.3247170283878,1158.3404541015625,1158.3404541015625,2400,0.0,0.0
2021-05-12 00:00:00+09:00,1161.3362114448053,1196.286140422078,1153.34765625,1153.34765625,3400,0.0,0.0
2021-05-13 00:00:00+09:00,1154.346181999781,1165.3304449772877,1119.3962543440784,1140.3662109375,4200,0.0,0.0
2021-05-14 00:00:00+09:00,1170.3233422486533,1170.3233422486533,1118.3977332069041,1135.3734130859375,3500,0.0,0.0
2021-05-17 00:00:00+09:00,1165.3303951672501,1165.3303951672501,1137.3704542377875,1145.3590087890625,1600,0.0,0.0
2021-05-18 00:00:00+09:00,1162.3347362528118,1165.3304443359375,1149.3533345592666,1165.3304443359375,3000,0.0,0.0
2021-05-19 00:00:00+09:00,1166.3289794921875,1180.3089501367856,1163.3332714969165,1166.3289794921875,2100,0.0,0.0
2021-05-20 00:00:00+09:00,1168.3261181557014,1172.3203954827295,1164.3318408286734,1166.3289794921875,2700,0.0,0.0
2021-05-21 00:00:00+09:00,1182.306192998927,1182.306192998927,1163.3333740234375,1163.3333740234375,1900,0.0,0.0
2021-05-24 00:00:00+09:00,1179.3104651446188,1179.3104651446188,1153.34766066218,1160.337646484375,2700,0.0,0.0
2021-05-25 00:00:00+09:00,1167.3276082144844,1168.326177597046,1149.353359328376,1150.3519287109375,1500,0.0,0.0
2021-05-26 00:00:00+09:00,1149.3533501113866,1154.3461969841553,1136.3719482421875,1136.3719482421875,1400,0.0,0.0
2021-05-27 00:00:00+09:00,1146.357622349945,1146.357622349945,1133.376220703125,1133.376220703125,800,0.0,0.0
2021-05-28 00:00:00+09:00,1130.3805704183512,1142.3634033203125,1130.3805704183512,1142.3634033203125,3800,0.0,0.0
2021-05-31 00:00:00+09:00,1142.3633690979805,1148.3547853694733,1133.376244690741,1143.3619384765625,1200,0.0,0.0
2021-06-01 00:00:00+09:00,1142.3633154254155,1164.3318407220581,1141.36474609375,1141.36474609375,3000,0.0,0.0
2021-06-02 00:00:00+09:00,1155.344731599642,1155.344731599642,1137.3704833984375,1137.3704833984375,900,0.0,0.0
2021-06-03 00:00:00+09:00,1155.3447364687295,1155.3447364687295,1138.3690575404942,1144.3604736328125,1000,0.0,0.0
2021-06-04 00:00:00+09:00,1150.3518553836093,1150.3518553836093,1138.369023556697,1145.3590087890625,1400,0.0,0.0
2021-06-07 00:00:00+09:00,1154.346181999781,1154.346181999781,1140.3662109375,1140.3662109375,1600,0.0,0.0
2021-06-08 00:00:00+09:00,1152.349043276598,1152.349043276598,1139.3676415759085,1140.3662109375,1200,0.0,0.0
2021-06-09 00:00:00+09:00,1142.3633008323343,1145.3590087890625,1142.3633008323343,1145.3590087890625,800,0.0,0.0
2021-06-10 00:00:00+09:00,1145.3590966201411,1151.350512993045,1145.3590966201411,1146.357666015625,1100,0.0,0.0
2021-06-11 00:00:00+09:00,1151.350512993045,1153.347651784013,1146.357666015625,1146.357666015625,3200,0.0,0.0
2021-06-14 00:00:00+09:00,1154.3462062411838,1154.3462062411838,1148.3547899458142,1150.3519287109375,1400,0.0,0.0
2021-06-15 00:00:00+09:00,1150.3519287109375,1164.3319000667996,1150.3519287109375,1150.3519287109375,800,0.0,0.0
2021-06-16 00:00:00+09:00,1150.3518945143105,1164.3318654545885,1150.3518945143105,1151.3504638671875,1000,0.0,0.0
2021-06-17 00:00:00+09:00,1164.3318654545885,1164.3318654545885,1151.3504638671875,1151.3504638671875,700,0.0,0.0
2021-06-18 00:00:00+09:00,1156.3433106315726,1158.3404493373266,1150.3518945143105,1151.3504638671875,2000,0.0,0.0
2021-06-21 00:00:00+09:00,1151.3505005325899,1158.340486225329,1100.4234619140625,1100.4234619140625,7000,0.0,0.0
2021-06-22 00:00:00+09:00,1160.3375532827724,1160.3375532827724,1116.4005030724093,1127.384765625,2800,0.0,0.0
2021-06-23 00:00:00+09:00,1153.3476368586223,1160.3376225365532,1148.3547899458142,1150.3519287109375,1000,0.0,0.0
2021-06-24 00:00:00+09:00,1160.3375832123281,1160.3375832123281,1139.3676268892139,1144.3604736328125,1400,0.0,0.0
2021-06-25 00:00:00+09:00,1160.3375536093886,1160.3375536093886,1145.3590137607305,1152.3489990234375,1800,0.0,0.0
2021-06-28 00:00:00+09:00,1158.3405076780336,1160.337646484375,1153.34766066218,1160.337646484375,2100,0.0,0.0
2021-06-29 00:00:00+09:00,1170.323331507241,1171.3219009027248,1144.360527224657,1146.357666015625,3800,0.0,0.0
2021-06-30 00:00:00+09:00,1176.314687617456,1176.314687617456,1157.341870075239,1162.334716796875,2900,0.0,0.0
2021-07-01 00:00:00+09:00,1172.3204944459062,1175.3162026940643,1151.3505367087987,1156.3433837890625,5100,0.0,0.0
2021-07-02 00:00:00+09:00,1170.3232911411471,1170.3232911411471,1163.3333056138538,1165.3304443359375,1800,0.0,0.0
2021-07-05 00:00:00+09:00,1173.3190187633547,1173.3190187633547,1168.326171875,1168.326171875,1600,0.0,0.0
2021-07-06 00:00:00+09:00,1168.326171875,1174.3175881410257,1168.326171875,1168.326171875,700,0.0,0.0
2021-07-07 00:00:00+09:00,1167.3275488239444,1174.3175341462436,1166.3289794921875,1166.3289794921875,1900,0.0,0.0
2021-07-08 00:00:00+09:00,1165.330400225608,1166.3289695488518,1152.3489990234375,1152.3489990234375,3400,0.0,0.0
2021-07-09 00:00:00+09:00,1143.3619727288092,1154.3462362222738,1142.3634033203125,1142.3634033203125,6200,0.0,0.0
2021-07-12 00:00:00+09:00,1162.3348002853788,1162.3348002853788,1143.361981380377,1156.3433837890625,4300,0.0,0.0
2021-07-13 00:00:00+09:00,1161.3361229326324,1161.3361229326324,1152.3489990234375,1152.3489990234375,1400,0.0,0.0
2021-07-14 00:00:00+09:00,1152.349013671875,1153.3475830078125,1148.354736328125,1148.354736328125,800,0.0,0.0
2021-07-15 00:00:00+09:00,1135.3734130859375,1155.344801178918,1135.3734130859375,1135.3734130859375,4600,0.0,0.0
2021-07-16 00:00:00+09:00,1135.3733788676338,1139.367656365849,1133.3762401185263,1136.3719482421875,7700,0.0,0.0
2021-07-19 00:00:00+09:00,1136.3719974797275,1151.350538747035,1131.379150390625,1131.379150390625,4000,0.0,0.0
2021-07-20 00:00:00+09:00,1131.3790772350121,1149.353325593556,1126.38623046875,1126.38623046875,3700,0.0,0.0
2021-07-21 00:00:00+09:00,1136.371943601141,1144.3604985649451,1129.3819580078125,1129.3819580078125,6800,0.0,0.0
2021-07-26 00:00:00+09:00,1136.371938902288,1136.371938902288,1120.3948290407445,1122.3919677734375,6800,0.0,0.0
2021-07-27 00:00:00+09:00,1120.3948676455336,1128.3834228515625,1118.3977288440265,1128.3834228515625,4100,0.0,0.0
2021-07-28 00:00:00+09:00,1127.3847802734374,1127.3847802734374,1123.3905029296875,1123.3905029296875,1400,0.0,0.0
2021-07-29 00:00:00+09:00,1123.3904883331488,1127.384765625,1118.3976417183349,1127.384765625,3800,0.0,0.0
2021-07-30 00:00:00+09:00,1122.3919630742223,1122.3919630742223,1115.4019775390625,1115.4019775390625,12600,0.0,0.0
2021-08-02 00:00:00+09:00,1121.3933593531629,1137.3704686582835,1115.4019433637425,1116.4005126953125,6900,0.0,0.0
2021-08-03 00:00:00+09:00,1116.4005321873606,1125.3876563284036,1113.4048241403461,1119.396240234375,4800,0.0,0.0
2021-08-04 00:00:00+09:00,1119.396274457659,1119.396274457659,1118.397705078125,1118.397705078125,2200,0.0,0.0
2021-08-05 00:00:00+09:00,1118.397705078125,1118.397705078125,1115.4019969395229,1118.397705078125,4600,0.0,0.0
2021-08-06 00:00:00+09:00,1111.4077297035267,1118.3977154249324,1105.416313370893,1107.4134521484375,17400,0.0,0.0
2021-08-10 00:00:00+09:00,1122.3919186799424,1122.3919186799424,1102.4205322265625,1102.4205322265625,10900,0.0,0.0
2021-08-11 00:00:00+09:00,1110.4091212531166,1110.4091212531166,1101.4219970703125,1101.4219970703125,3500,0.0,0.0
2021-08-12 00:00:00+09:00,1101.4220017991624,1110.4091260205516,1101.4220017991624,1108.4119873046875,7600,0.0,0.0
2021-08-13 00:00:00+09:00,1107.4134566330995,1132.377691453503,1098.4263320977543,1114.4034423828125,32700,0.0,0.0
2021-08-16 00:00:00+09:00,1095.4305862075173,1095.4305862075173,1071.4649216049827,1083.44775390625,17900,0.0,0.0
2021-08-17 00:00:00+09:00,1104.417680605987,1104.417680605987,1089.4391406339346,1091.436279296875,2600,0.0,0.0
2021-08-18 00:00:00+09:00,1109.4106209154675,1109.4106209154675,1097.4277879262816,1099.4249267578125,7600,0.0,0.0
2021-08-19 00:00:00+09:00,1098.4262499465874,1106.4148044916535,1095.4305419921875,1095.4305419921875,2400,0.0,0.0
2021-08-20 00:00:00+09:00,1091.436303982708,1091.436303982708,1071.4649169015972,1076.457763671875,66600,0.0,0.0
2021-08-23 00:00:00+09:00,1090.4377543037408,1091.4363236758138,1079.4534912109375,1079.4534912109375,6200,0.0,0.0
2021-08-24 00:00:00+09:00,1088.440671638523,1113.4049072265625,1079.4535468268289,1113.4049072265625,7700,0.0,0.0
2021-08-25 00:00:00+09:00,1113.4048879060813,1113.4048879060813,1108.4120408751123,1110.4091796875,1200,0.0,0.0
2021-08-26 00:00:00+09:00,1108.4120112827845,1118.397705078125,1106.4148725237164,1118.397705078125,2500,0.0,0.0
2021-08-27 00:00:00+09:00,1113.4048729899964,1114.4034423828125,1111.407734204364,1114.4034423828125,14100,0.0,0.0
2021-08-30 00:00:00+09:00,1117.3990917408003,1133.3762011848153,1117.3990917408003,1130.3804931640625,4400,0.0,0.0
2021-08-31 00:00:00+09:00,1130.3805660626924,1139.3676907045335,1130.3805660626924,1135.3734130859375,3800,0.0,0.0
2021-09-01 00:00:00+09:00,1142.363349660683,1144.360488383866,1136.3719334911339,1140.3662109375,2900,0.0,0.0
2021-09-02 00:00:00+09:00,1140.3661767620845,1144.3604540887468,1140.3661767620845,1141.36474609375,2200,0.0,0.0
2021-09-03 00:00:00+09:00,1144.360542137306,1148.3548197712933,1139.3676950948222,1142.3634033203125,6100,0.0,0.0
2021-09-06 00:00:00+09:00,1172.3204250993401,1172.3204250993401,1151.3504686026738,1158.3404541015625,17900,0.0,0.0
2021-09-07 00:00:00+09:00,1164.3319180763374,1178.3118896484375,1158.3405016882944,1178.3118896484375,8000,0.0,0.0
2021-09-08 00:00:00+09:00,1178.3119132418592,1194.2890239298845,1178.3119132418592,1188.297607421875,7300,0.0,0.0
2021-09-09 00:00:00+09:00,1188.2975537849195,1193.2904006495621,1177.3132906827059,1186.3004150390625,3500,0.0,0.0
2021-09-10 00:00:00+09:00,1196.286064453125,1198.283203125,1187.2989404296875,1198.283203125,8300,0.0,0.0
2021-09-13 00:00:00+09:00,1199.281825033746,1232.2346145642318,1199.281825033746,1225.24462890625,3700,0.0,0.0
2021-09-14 00:00:00+09:00,1225.244560862272,1252.2059326171875,1225.244560862272,1252.2059326171875,4300,0.0,0.0
2021-09-15 00:00:00+09:00,1551.7767996651787,1551.7767996651787,1402.9899636612458,1467.89697265625,119600,0.0,0.0
2021-09-16 00:00:00+09:00,1467.897028996394,1467.897028996394,1344.0744224688071,1363.0472412109375,43200,0.0,0.0
2021-09-17 00:00:00+09:00,1348.0685936476657,1351.0643016335493,1311.1215284884333,1334.088623046875,16000,0.0,0.0
2021-09-21 00:00:00+09:00,1311.121562097671,1348.0686282040028,1311.121562097671,1333.090087890625,10700,0.0,0.0
2021-09-22 00:00:00+09:00,1333.0901670239516,1333.0901670239516,1314.117348167431,1320.1087646484375,5700,0.0,0.0
2021-09-24 00:00:00+09:00,1320.1087481133766,1351.0643995441744,1320.1087481133766,1349.0672607421875,10400,0.0,0.0
2021-09-27 00:00:00+09:00,1351.0643497939388,1399.9942486408738,1351.0643497939388,1379.0242919921875,17300,0.0,0.0
2021-09-28 00:00:00+09:00,1391.0071530758228,1397.997138769671,1378.0257510729614,1396.0,24700,0.0,0.0
2021-09-29 00:00:00+09:00,1356.0,1356.0,1282.0,1288.0,47600,2.0,0.0
2021-09-30 00:00:00+09:00,1281.0,1290.0,1251.0,1268.0,8600,0.0,0.0
2021-10-01 00:00:00+09:00,1251.0,1259.0,1210.0,1215.0,9700,0.0,0.0
2021-10-04 00:00:00+09:00,1217.0,1245.0,1185.0,1185.0,6100,0.0,0.0
2021-10-05 00:00:00+09:00,1151.0,1175.0,1130.0,1148.0,10000,0.0,0.0
2021-10-06 00:00:00+09:00,1160.0,1171.0,1148.0,1148.0,3600,0.0,0.0
2021-10-07 00:00:00+09:00,1146.0,1163.0,1145.0,1152.0,2800,0.0,0.0
2021-10-08 00:00:00+09:00,1149.0,1155.0,1140.0,1143.0,2900,0.0,0.0
2021-10-11 00:00:00+09:00,1140.0,1171.0,1140.0,1152.0,2600,0.0,0.0
2021-10-12 00:00:00+09:00,1147.0,1160.0,1145.0,1155.0,2200,0.0,0.0
2021-10-13 00:00:00+09:00,1146.0,1159.0,1144.0,1155.0,3200,0.0,0.0
2021-10-14 00:00:00+09:00,1150.0,1160.0,1150.0,1150.0,1700,0.0,0.0
2021-10-15 00:00:00+09:00,1156.0,1158.0,1150.0,1151.0,1900,0.0,0.0
2021-10-18 00:00:00+09:00,1155.0,1167.0,1145.0,1156.0,5000,0.0,0.0
2021-10-19 00:00:00+09:00,1156.0,1187.0,1156.0,1187.0,3200,0.0,0.0
2021-10-20 00:00:00+09:00,1187.0,1211.0,1162.0,1162.0,3800,0.0,0.0
2021-10-21 00:00:00+09:00,1172.0,1191.0,1172.0,1172.0,3200,0.0,0.0
2021-10-22 00:00:00+09:00,1171.0,1174.0,1168.0,1168.0,1300,0.0,0.0
2021-10-25 00:00:00+09:00,1168.0,1168.0,1161.0,1161.0,400,0.0,0.0
2021-10-26 00:00:00+09:00,1171.0,1171.0,1164.0,1167.0,1000,0.0,0.0
2021-10-27 00:00:00+09:00,1161.0,1172.0,1161.0,1167.0,500,0.0,0.0
2021-10-28 00:00:00+09:00,1160.0,1165.0,1158.0,1163.0,2600,0.0,0.0
2021-10-29 00:00:00+09:00,1171.0,1174.0,1165.0,1172.0,2600,0.0,0.0
2021-11-01 00:00:00+09:00,1172.0,1181.0,1172.0,1181.0,1400,0.0,0.0
2021-11-02 00:00:00+09:00,1189.0,1200.0,1189.0,1195.0,1400,0.0,0.0
2021-11-04 00:00:00+09:00,1195.0,1224.0,1195.0,1208.0,4600,0.0,0.0
2021-11-05 00:00:00+09:00,1201.0,1202.0,1193.0,1196.0,1400,0.0,0.0
2021-11-08 00:00:00+09:00,1210.0,1240.0,1190.0,1212.0,6900,0.0,0.0
2021-11-09 00:00:00+09:00,1225.0,1225.0,1215.0,1215.0,800,0.0,0.0
2021-11-10 00:00:00+09:00,1215.0,1215.0,1201.0,1201.0,1100,0.0,0.0
2021-11-11 00:00:00+09:00,1200.0,1200.0,1197.0,1197.0,1000,0.0,0.0
2021-11-12 00:00:00+09:00,1195.0,1217.0,1190.0,1217.0,4900,0.0,0.0
2021-11-15 00:00:00+09:00,1222.0,1222.0,1211.0,1219.0,1600,0.0,0.0
2021-11-16 00:00:00+09:00,1212.0,1220.0,1212.0,1217.0,1100,0.0,0.0
2021-11-17 00:00:00+09:00,1213.0,1213.0,1209.0,1209.0,1300,0.0,0.0
2021-11-18 00:00:00+09:00,1206.0,1206.0,1191.0,1195.0,900,0.0,0.0
2021-11-19 00:00:00+09:00,1190.0,1210.0,1190.0,1205.0,1200,0.0,0.0
2021-11-22 00:00:00+09:00,1195.0,1195.0,1171.0,1182.0,1900,0.0,0.0
2021-11-24 00:00:00+09:00,1192.0,1195.0,1190.0,1190.0,1400,0.0,0.0
2021-11-25 00:00:00+09:00,1180.0,1180.0,1165.0,1165.0,1300,0.0,0.0
2021-11-26 00:00:00+09:00,1165.0,1165.0,1116.0,1122.0,4900,0.0,0.0
2021-11-29 00:00:00+09:00,1101.0,1103.0,1087.0,1087.0,4100,0.0,0.0
2021-11-30 00:00:00+09:00,1087.0,1112.0,1067.0,1067.0,4000,0.0,0.0
2021-12-01 00:00:00+09:00,1067.0,1079.0,1066.0,1070.0,2300,0.0,0.0
2021-12-02 00:00:00+09:00,1072.0,1111.0,1053.0,1053.0,4300,0.0,0.0
2021-12-03 00:00:00+09:00,1054.0,1069.0,1054.0,1060.0,2900,0.0,0.0
2021-12-06 00:00:00+09:00,1056.0,1066.0,1056.0,1066.0,2200,0.0,0.0
2021-12-07 00:00:00+09:00,1066.0,1095.0,1066.0,1089.0,3000,0.0,0.0
2021-12-08 00:00:00+09:00,1089.0,1110.0,1082.0,1100.0,3700,0.0,0.0
2021-12-09 00:00:00+09:00,1114.0,1121.0,1105.0,1120.0,2400,0.0,0.0
2021-12-10 00:00:00+09:00,1121.0,1145.0,1121.0,1144.0,4700,0.0,0.0
2021-12-13 00:00:00+09:00,1146.0,1166.0,1146.0,1152.0,3000,0.0,0.0
2021-12-14 00:00:00+09:00,1159.0,1159.0,1111.0,1111.0,3500,0.0,0.0
2021-12-15 00:00:00+09:00,1110.0,1120.0,1110.0,1115.0,1900,0.0,0.0
2021-12-16 00:00:00+09:00,1120.0,1122.0,1115.0,1115.0,2100,0.0,0.0
2021-12-17 00:00:00+09:00,1109.0,1110.0,1107.0,1110.0,1500,0.0,0.0
2021-12-20 00:00:00+09:00,1110.0,1113.0,1101.0,1101.0,2100,0.0,0.0
2021-12-21 00:00:00+09:00,1102.0,1102.0,1090.0,1093.0,3000,0.0,0.0
2021-12-22 00:00:00+09:00,1096.0,1096.0,1081.0,1081.0,2500,0.0,0.0
2021-12-23 00:00:00+09:00,1091.0,1092.0,1071.0,1075.0,4200,0.0,0.0
2021-12-24 00:00:00+09:00,1069.0,1075.0,1057.0,1069.0,4500,0.0,0.0
2021-12-27 00:00:00+09:00,1069.0,1069.0,1065.0,1068.0,2800,0.0,0.0
2021-12-28 00:00:00+09:00,1068.0,1070.0,1061.0,1062.0,5700,0.0,0.0
2021-12-29 00:00:00+09:00,1055.0,1066.0,1055.0,1056.0,5600,0.0,0.0
2021-12-30 00:00:00+09:00,1056.0,1059.0,1050.0,1050.0,22100,0.0,0.0
2022-01-04 00:00:00+09:00,1059.0,1060.0,1052.0,1060.0,8200,0.0,0.0
2022-01-05 00:00:00+09:00,1068.0,1068.0,1062.0,1064.0,4900,0.0,0.0
2022-01-06 00:00:00+09:00,1064.0,1067.0,1061.0,1061.0,4300,0.0,0.0
2022-01-07 00:00:00+09:00,1076.0,1076.0,1060.0,1060.0,6700,0.0,0.0
2022-01-11 00:00:00+09:00,1064.0,1064.0,1055.0,1058.0,5300,0.0,0.0
2022-01-12 00:00:00+09:00,1063.0,1072.0,1061.0,1069.0,6000,0.0,0.0
2022-01-13 00:00:00+09:00,1069.0,1074.0,1069.0,1069.0,2400,0.0,0.0
2022-01-14 00:00:00+09:00,1069.0,1069.0,1062.0,1066.0,5000,0.0,0.0
2022-01-17 00:00:00+09:00,1079.0,1079.0,1070.0,1075.0,3900,0.0,0.0
2022-01-18 00:00:00+09:00,1090.0,1090.0,1076.0,1077.0,3000,0.0,0.0
2022-01-19 00:00:00+09:00,1076.0,1080.0,1063.0,1063.0,4400,0.0,0.0
2022-01-20 00:00:00+09:00,1063.0,1074.0,1063.0,1067.0,2000,0.0,0.0
2022-01-21 00:00:00+09:00,1077.0,1078.0,1067.0,1074.0,8300,0.0,0.0
2022-01-24 00:00:00+09:00,1085.0,1085.0,1076.0,1083.0,2100,0.0,0.0
2022-01-25 00:00:00+09:00,1075.0,1082.0,1075.0,1082.0,1200,0.0,0.0
2022-01-26 00:00:00+09:00,1080.0,1083.0,1077.0,1082.0,1400,0.0,0.0
2022-01-27 00:00:00+09:00,1082.0,1084.0,1067.0,1067.0,3600,0.0,0.0
2022-01-28 00:00:00+09:00,1070.0,1074.0,1069.0,1072.0,6100,0.0,0.0
2022-01-31 00:00:00+09:00,1082.0,1082.0,1074.0,1074.0,1500,0.0,0.0
2022-02-01 00:00:00+09:00,1074.0,1081.0,1074.0,1075.0,1500,0.0,0.0
2022-02-02 00:00:00+09:00,1075.0,1086.0,1075.0,1086.0,2500,0.0,0.0
2022-02-03 00:00:00+09:00,1086.0,1092.0,1084.0,1089.0,2100,0.0,0.0
2022-02-04 00:00:00+09:00,1088.0,1096.0,1087.0,1096.0,7000,0.0,0.0
2022-02-07 00:00:00+09:00,1121.0,1158.0,1093.0,1093.0,14000,0.0,0.0
2022-02-08 00:00:00+09:00,1095.0,1103.0,1095.0,1103.0,4000,0.0,0.0
2022-02-09 00:00:00+09:00,1103.0,1113.0,1103.0,1104.0,2600,0.0,0.0
2022-02-10 00:00:00+09:00,1104.0,1112.0,1104.0,1108.0,7100,0.0,0.0
2022-02-14 00:00:00+09:00,1108.0,1108.0,1100.0,1104.0,5000,0.0,0.0
2022-02-15 00:00:00+09:00,1125.0,1125.0,1100.0,1100.0,3600,0.0,0.0
2022-02-16 00:00:00+09:00,1129.0,1129.0,1109.0,1118.0,2300,0.0,0.0
2022-02-17 00:00:00+09:00,1120.0,1126.0,1113.0,1114.0,2900,0.0,0.0
2022-02-18 00:00:00+09:00,1157.0,1159.0,1133.0,1151.0,18900,0.0,0.0
2022-02-21 00:00:00+09:00,1160.0,1167.0,1153.0,1165.0,8400,0.0,0.0
2022-02-22 00:00:00+09:00,1168.0,1173.0,1144.0,1147.0,10600,0.0,0.0
2022-02-24 00:00:00+09:00,1158.0,1161.0,1141.0,1141.0,9500,0.0,0.0
2022-02-25 00:00:00+09:00,1155.0,1169.0,1154.0,1154.0,44000,0.0,0.0
2022-02-28 00:00:00+09:00,1156.0,1167.0,1156.0,1161.0,12200,0.0,0.0
2022-03-01 00:00:00+09:00,1162.0,1166.0,1146.0,1146.0,3800,0.0,0.0
2022-03-02 00:00:00+09:00,1146.0,1170.0,1146.0,1146.0,3700,0.0,0.0
2022-03-03 00:00:00+09:00,1164.0,1180.0,1155.0,1175.0,6200,0.0,0.0
2022-03-04 00:00:00+09:00,1183.0,1215.0,1182.0,1196.0,84500,0.0,0.0
2022-03-07 00:00:00+09:00,1219.0,1235.0,1196.0,1221.0,12500,0.0,0.0
2022-03-08 00:00:00+09:00,1196.0,1209.0,1181.0,1190.0,6600,0.0,0.0
2022-03-09 00:00:00+09:00,1190.0,1190.0,1131.0,1144.0,7700,0.0,0.0
2022-03-10 00:00:00+09:00,1176.0,1176.0,1144.0,1165.0,5000,0.0,0.0
2022-03-11 00:00:00+09:00,1134.0,1159.0,1134.0,1151.0,13700,0.0,0.0
2022-03-14 00:00:00+09:00,1151.0,1151.0,1142.0,1148.0,3600,0.0,0.0
2022-03-15 00:00:00+09:00,1142.0,1173.0,1142.0,1173.0,2600,0.0,0.0
2022-03-16 00:00:00+09:00,1155.0,1186.0,1155.0,1186.0,9000,0.0,0.0
2022-03-17 00:00:00+09:00,1186.0,1200.0,1175.0,1200.0,5000,0.0,0.0
2022-03-18 00:00:00+09:00,1185.0,1192.0,1180.0,1186.0,4400,0.0,0.0
2022-03-22 00:00:00+09:00,1186.0,1197.0,1186.0,1197.0,4600,0.0,0.0
2022-03-23 00:00:00+09:00,1199.0,1215.0,1190.0,1215.0,4400,0.0,0.0
2022-03-24 00:00:00+09:00,1210.0,1212.0,1206.0,1210.0,4400,0.0,0.0
2022-03-25 00:00:00+09:00,1210.0,1210.0,1193.0,1201.0,2700,0.0,0.0
2022-03-28 00:00:00+09:00,1208.0,1215.0,1202.0,1202.0,11100,0.0,0.0
2022-03-29 00:00:00+09:00,1200.0,1214.0,1196.0,1214.0,15400,0.0,0.0
2022-03-30 00:00:00+09:00,1198.0,1198.0,1144.0,1147.0,24400,0.0,0.0
2022-03-31 00:00:00+09:00,1150.0,1158.0,1102.0,1109.0,8300,0.0,0.0
2022-04-01 00:00:00+09:00,1109.0,1113.0,1090.0,1092.0,5900,0.0,0.0
2022-04-04 00:00:00+09:00,1092.0,1169.0,1092.0,1112.0,3500,0.0,0.0
2022-04-05 00:00:00+09:00,1112.0,1112.0,1103.0,1109.0,2400,0.0,0.0
2022-04-06 00:00:00+09:00,1109.0,1118.0,1109.0,1112.0,2100,0.0,0.0
2022-04-07 00:00:00+09:00,1100.0,1104.0,1095.0,1104.0,2800,0.0,0.0
2022-04-08 00:00:00+09:00,1112.0,1121.0,1093.0,1112.0,3900,0.0,0.0
2022-04-11 00:00:00+09:00,1137.0,1137.0,1129.0,1130.0,3000,0.0,0.0
2022-04-12 00:00:00+09:00,1129.0,1130.0,1103.0,1103.0,2800,0.0,0.0
2022-04-13 00:00:00+09:00,1094.0,1124.0,1094.0,1109.0,2600,0.0,0.0
2022-04-14 00:00:00+09:00,1099.0,1122.0,1099.0,1122.0,700,0.0,0.0
2022-04-15 00:00:00+09:00,1123.0,1123.0,1119.0,1119.0,700,0.0,0.0
2022-04-18 00:00:00+09:00,1124.0,1136.0,1103.0,1122.0,1700,0.0,0.0
2022-04-19 00:00:00+09:00,1115.0,1129.0,1115.0,1123.0,2000,0.0,0.0
2022-04-20 00:00:00+09:00,1123.0,1138.0,1123.0,1138.0,1900,0.0,0.0
2022-04-21 00:00:00+09:00,1139.0,1143.0,1130.0,1139.0,3600,0.0,0.0
2022-04-22 00:00:00+09:00,1112.0,1119.0,1104.0,1119.0,800,0.0,0.0
2022-04-25 00:00:00+09:00,1135.0,1135.0,1095.0,1095.0,3900,0.0,0.0
2022-04-26 00:00:00+09:00,1099.0,1111.0,1099.0,1100.0,1200,0.0,0.0
2022-04-27 00:00:00+09:00,1096.0,1099.0,1078.0,1099.0,8500,0.0,0.0
2022-04-28 00:00:00+09:00,1099.0,1126.0,1099.0,1115.0,1200,0.0,0.0
2022-05-02 00:00:00+09:00,1111.0,1142.0,1109.0,1139.0,3100,0.0,0.0
2022-05-06 00:00:00+09:00,1129.0,1152.0,1129.0,1152.0,1200,0.0,0.0
2022-05-09 00:00:00+09:00,1154.0,1154.0,1125.0,1139.0,1800,0.0,0.0
2022-05-10 00:00:00+09:00,1146.0,1153.0,1125.0,1127.0,1600,0.0,0.0
2022-05-11 00:00:00+09:00,1117.0,1147.0,1100.0,1100.0,4200,0.0,0.0
2022-05-12 00:00:00+09:00,1066.0,1099.0,1066.0,1066.0,3200,0.0,0.0
2022-05-13 00:00:00+09:00,1066.0,1085.0,1066.0,1085.0,2000,0.0,0.0
2022-05-16 00:00:00+09:00,1071.0,1092.0,1071.0,1076.0,1100,0.0,0.0
2022-05-17 00:00:00+09:00,1076.0,1078.0,1074.0,1073.0,900,0.0,0.0
2022-05-18 00:00:00+09:00,1073.0,1090.0,1073.0,1083.0,1100,0.0,0.0
2022-05-19 00:00:00+09:00,1072.0,1080.0,1072.0,1072.0,1200,0.0,0.0
2022-05-20 00:00:00+09:00,1072.0,1081.0,1072.0,1081.0,1000,0.0,0.0
2022-05-23 00:00:00+09:00,1091.0,1095.0,1082.0,1093.0,3000,0.0,0.0
2022-05-24 00:00:00+09:00,1093.0,1093.0,1078.0,1088.0,1400,0.0,0.0
2022-05-25 00:00:00+09:00,1075.0,1090.0,1075.0,1085.0,1900,0.0,0.0
2022-05-26 00:00:00+09:00,1077.0,1088.0,1077.0,1086.0,800,0.0,0.0
2022-05-27 00:00:00+09:00,1086.0,1086.0,1077.0,1084.0,1300,0.0,0.0
2022-05-30 00:00:00+09:00,1094.0,1150.0,1086.0,1150.0,10300,0.0,0.0
2022-05-31 00:00:00+09:00,1137.0,1155.0,1137.0,1155.0,2200,0.0,0.0
2022-06-01 00:00:00+09:00,1123.0,1179.0,1123.0,1179.0,2300,0.0,0.0
2022-06-02 00:00:00+09:00,1152.0,1185.0,1151.0,1185.0,2100,0.0,0.0
2022-06-03 00:00:00+09:00,1181.0,1181.0,1148.0,1152.0,900,0.0,0.0
2022-06-06 00:00:00+09:00,1152.0,1163.0,1152.0,1163.0,2000,0.0,0.0
2022-06-07 00:00:00+09:00,1163.0,1163.0,1135.0,1137.0,1100,0.0,0.0
2022-06-08 00:00:00+09:00,1134.0,1143.0,1122.0,1135.0,1800,0.0,0.0
2022-06-09 00:00:00+09:00,1130.0,1141.0,1130.0,1133.0,1400,0.0,0.0
2022-06-10 00:00:00+09:00,1104.0,1129.0,1104.0,1109.0,2500,0.0,0.0
2022-06-13 00:00:00+09:00,1108.0,1115.0,1094.0,1115.0,1600,0.0,0.0
2022-06-14 00:00:00+09:00,1100.0,1100.0,1094.0,1094.0,1900,0.0,0.0
2022-06-15 00:00:00+09:00,1094.0,1097.0,1091.0,1091.0,2400,0.0,0.0
2022-06-16 00:00:00+09:00,1092.0,1114.0,1092.0,1099.0,1100,0.0,0.0
2022-06-17 00:00:00+09:00,1099.0,1099.0,1094.0,1095.0,1300,0.0,0.0
2022-06-20 00:00:00+09:00,1106.0,1119.0,1106.0,1106.0,1000,0.0,0.0
2022-06-21 00:00:00+09:00,1117.0,1130.0,1117.0,1122.0,900,0.0,0.0
2022-06-22 00:00:00+09:00,1132.0,1132.0,1106.0,1106.0,1600,0.0,0.0
2022-06-23 00:00:00+09:00,1107.0,1112.0,1101.0,1101.0,1600,0.0,0.0
2022-06-24 00:00:00+09:00,1101.0,1102.0,1089.0,1089.0,4200,0.0,0.0
2022-06-27 00:00:00+09:00,1090.0,1093.0,1076.0,1076.0,4500,0.0,0.0
2022-06-28 00:00:00+09:00,1078.0,1098.0,1078.0,1098.0,3200,0.0,0.0
2022-06-29 00:00:00+09:00,1084.0,1100.0,1078.0,1100.0,8500,0.0,0.0
2022-06-30 00:00:00+09:00,1110.0,1110.0,1079.0,1079.0,6300,0.0,0.0
2022-07-01 00:00:00+09:00,1089.0,1097.0,1077.0,1077.0,4300,0.0,0.0
2022-07-04 00:00:00+09:00,1077.0,1090.0,1073.0,1073.0,4600,0.0,0.0
2022-07-05 00:00:00+09:00,1073.0,1080.0,1071.0,1071.0,3200,0.0,0.0
2022-07-06 00:00:00+09:00,1071.0,1073.0,1066.0,1066.0,3800,0.0,0.0
2022-07-07 00:00:00+09:00,1067.0,1067.0,1061.0,1061.0,2400,0.0,0.0
2022-07-08 00:00:00+09:00,1053.0,1080.0,1051.0,1051.0,8900,0.0,0.0
2022-07-11 00:00:00+09:00,1051.0,1060.0,1049.0,1055.0,9900,0.0,0.0
2022-07-12 00:00:00+09:00,1060.0,1063.0,1048.0,1048.0,5000,0.0,0.0
2022-07-13 00:00:00+09:00,1049.0,1054.0,1049.0,1051.0,1400,0.0,0.0
2022-07-14 00:00:00+09:00,1050.0,1052.0,1050.0,1050.0,3400,0.0,0.0
2022-07-15 00:00:00+09:00,1046.0,1046.0,1041.0,1041.0,9900,0.0,0.0
2022-07-19 00:00:00+09:00,1040.0,1047.0,1034.0,1036.0,6600,0.0,0.0
2022-07-20 00:00:00+09:00,1037.0,1040.0,1035.0,1035.0,5900,0.0,0.0
2022-07-21 00:00:00+09:00,1035.0,1040.0,1035.0,1040.0,4900,0.0,0.0
2022-07-22 00:00:00+09:00,1035.0,1041.0,1034.0,1034.0,15300,0.0,0.0
2022-07-25 00:00:00+09:00,1033.0,1039.0,1033.0,1039.0,5900,0.0,0.0
2022-07-26 00:00:00+09:00,1037.0,1040.0,1037.0,1039.0,4500,0.0,0.0
2022-07-27 00:00:00+09:00,1042.0,1044.0,1039.0,1039.0,3900,0.0,0.0
2022-07-28 00:00:00+09:00,1039.0,1046.0,1035.0,1046.0,10600,0.0,0.0
2022-07-29 00:00:00+09:00,1035.0,1045.0,1035.0,1035.0,27600,0.0,0.0
2022-08-01 00:00:00+09:00,1033.0,1039.0,1033.0,1034.0,7100,0.0,0.0
2022-08-02 00:00:00+09:00,1042.0,1044.0,1035.0,1040.0,5100,0.0,0.0
2022-08-03 00:00:00+09:00,1037.0,1043.0,1037.0,1037.0,2300,0.0,0.0
2022-08-04 00:00:00+09:00,1042.0,1043.0,1036.0,1036.0,2000,0.0,0.0
2022-08-05 00:00:00+09:00,1034.0,1044.0,1033.0,1041.0,12800,0.0,0.0
2022-08-08 00:00:00+09:00,1048.0,1296.0,1044.0,1121.0,147600,0.0,0.0
2022-08-09 00:00:00+09:00,1120.0,1120.0,1062.0,1064.0,30300,0.0,0.0
2022-08-10 00:00:00+09:00,1070.0,1074.0,1054.0,1058.0,9000,0.0,0.0
2022-08-12 00:00:00+09:00,1053.0,1062.0,1051.0,1062.0,15300,0.0,0.0
2022-08-15 00:00:00+09:00,1069.0,1069.0,1054.0,1059.0,7400,0.0,0.0
2022-08-16 00:00:00+09:00,1059.0,1065.0,1056.0,1060.0,3900,0.0,0.0
2022-08-17 00:00:00+09:00,1056.0,1069.0,1056.0,1069.0,5000,0.0,0.0
2022-08-18 00:00:00+09:00,1061.0,1069.0,1061.0,1065.0,2400,0.0,0.0
2022-08-19 00:00:00+09:00,1061.0,1062.0,1057.0,1060.0,13000,0.0,0.0
2022-08-22 00:00:00+09:00,1057.0,1059.0,1052.0,1059.0,8200,0.0,0.0
2022-08-23 00:00:00+09:00,1065.0,1065.0,1054.0,1057.0,1900,0.0,0.0
2022-08-24 00:00:00+09:00,1055.0,1063.0,1055.0,1062.0,3000,0.0,0.0
2022-08-25 00:00:00+09:00,1056.0,1067.0,1056.0,1060.0,4000,0.0,0.0
2022-08-26 00:00:00+09:00,1076.0,1088.0,1061.0,1081.0,22000,0.0,0.0
2022-08-29 00:00:00+09:00,1062.0,1066.0,1061.0,1063.0,10500,0.0,0.0
2022-08-30 00:00:00+09:00,1061.0,1068.0,1061.0,1068.0,6300,0.0,0.0
2022-08-31 00:00:00+09:00,1062.0,1068.0,1061.0,1066.0,8600,0.0,0.0
2022-09-01 00:00:00+09:00,1065.0,1066.0,1051.0,1055.0,10300,0.0,0.0
2022-09-02 00:00:00+09:00,1050.0,1058.0,1047.0,1047.0,74900,0.0,0.0
2022-09-05 00:00:00+09:00,1064.0,1064.0,1049.0,1054.0,5500,0.0,0.0
2022-09-06 00:00:00+09:00,1059.0,1059.0,1050.0,1057.0,3700,0.0,0.0
2022-09-07 00:00:00+09:00,1057.0,1057.0,1045.0,1049.0,3000,0.0,0.0
2022-09-08 00:00:00+09:00,1048.0,1055.0,1047.0,1055.0,3800,0.0,0.0
2022-09-09 00:00:00+09:00,1045.0,1048.0,1039.0,1039.0,36800,0.0,0.0
2022-09-12 00:00:00+09:00,1040.0,1043.0,1039.0,1042.0,3400,0.0,0.0
2022-09-13 00:00:00+09:00,1040.0,1044.0,1039.0,1041.0,2300,0.0,0.0
2022-09-14 00:00:00+09:00,1035.0,1040.0,1035.0,1040.0,4100,0.0,0.0
2022-09-15 00:00:00+09:00,1040.0,1046.0,1034.0,1046.0,2500,0.0,0.0
2022-09-16 00:00:00+09:00,1040.0,1040.0,1034.0,1034.0,8300,0.0,0.0
2022-09-20 00:00:00+09:00,1035.0,1037.0,1031.0,1035.0,6700,0.0,0.0
2022-09-21 00:00:00+09:00,1031.0,1036.0,1031.0,1032.0,3900,0.0,0.0
2022-09-22 00:00:00+09:00,1030.0,1037.0,1030.0,1037.0,4400,0.0,0.0
2022-09-26 00:00:00+09:00,1031.0,1033.0,1030.0,1030.0,5600,0.0,0.0
2022-09-27 00:00:00+09:00,1051.0,1051.0,1035.0,1036.0,3500,0.0,0.0
2022-09-28 00:00:00+09:00,1031.0,1042.0,1029.0,1042.0,30200,0.0,0.0
2022-09-29 00:00:00+09:00,1022.0,1028.0,1005.0,1015.0,20100,0.0,0.0
2022-09-30 00:00:00+09:00,1003.0,1004.0,995.0,995.0,11800,0.0,0.0
2022-10-03 00:00:00+09:00,996.0,996.0,989.0,989.0,4700,0.0,0.0
2022-10-04 00:00:00+09:00,989.0,1000.0,989.0,1000.0,6400,0.0,0.0
2022-10-05 00:00:00+09:00,999.0,1024.0,995.0,1018.0,6300,0.0,0.0
2022-10-06 00:00:00+09:00,996.0,1006.0,996.0,1003.0,4400,0.0,0.0
2022-10-07 00:00:00+09:00,999.0,1003.0,997.0,997.0,5600,0.0,0.0
2022-10-11 00:00:00+09:00,995.0,1001.0,989.0,999.0,6600,0.0,0.0
2022-10-12 00:00:00+09:00,999.0,1007.0,995.0,1007.0,2800,0.0,0.0
2022-10-13 00:00:00+09:00,1000.0,1000.0,982.0,982.0,6900,0.0,0.0
2022-10-14 00:00:00+09:00,987.0,999.0,987.0,998.0,5900,0.0,0.0
2022-10-17 00:00:00+09:00,990.0,1004.0,990.0,999.0,3100,0.0,0.0
2022-10-18 00:00:00+09:00,1005.0,1005.0,997.0,1002.0,3600,0.0,0.0
2022-10-19 00:00:00+09:00,1002.0,1007.0,998.0,1007.0,2400,0.0,0.0
2022-10-20 00:00:00+09:00,1007.0,1007.0,1000.0,1007.0,1700,0.0,0.0
2022-10-21 00:00:00+09:00,1007.0,1007.0,1002.0,1003.0,1300,0.0,0.0
2022-10-24 00:00:00+09:00,1007.0,1007.0,996.0,996.0,4300,0.0,0.0
2022-10-25 00:00:00+09:00,1005.0,1005.0,992.0,1001.0,3400,0.0,0.0
2022-10-26 00:00:00+09:00,1003.0,1006.0,995.0,996.0,3100,0.0,0.0
2022-10-27 00:00:00+09:00,1000.0,1000.0,996.0,1000.0,2300,0.0,0.0
2022-10-28 00:00:00+09:00,1005.0,1005.0,984.0,984.0,41400,0.0,0.0
2022-10-31 00:00:00+09:00,991.0,996.0,977.0,985.0,7900,0.0,0.0
2022-11-01 00:00:00+09:00,985.0,991.0,985.0,988.0,3600,0.0,0.0
2022-11-02 00:00:00+09:00,985.0,990.0,985.0,988.0,3700,0.0,0.0
2022-11-04 00:00:00+09:00,987.0,993.0,980.0,980.0,4500,0.0,0.0
2022-11-07 00:00:00+09:00,983.0,1000.0,983.0,1000.0,6100,0.0,0.0
2022-11-08 00:00:00+09:00,1007.0,1034.0,996.0,996.0,27100,0.0,0.0
2022-11-09 00:00:00+09:00,990.0,995.0,986.0,995.0,6700,0.0,0.0
2022-11-10 00:00:00+09:00,986.0,992.0,985.0,985.0,3100,0.0,0.0
2022-11-11 00:00:00+09:00,998.0,998.0,986.0,996.0,3900,0.0,0.0
2022-11-14 00:00:00+09:00,996.0,996.0,985.0,985.0,2500,0.0,0.0
2022-11-15 00:00:00+09:00,994.0,994.0,984.0,987.0,2100,0.0,0.0
2022-11-16 00:00:00+09:00,990.0,990.0,985.0,986.0,2700,0.0,0.0
2022-11-17 00:00:00+09:00,990.0,990.0,987.0,987.0,1500,0.0,0.0
2022-11-18 00:00:00+09:00,993.0,993.0,989.0,989.0,1700,0.0,0.0
2022-11-21 00:00:00+09:00,989.0,994.0,988.0,988.0,2800,0.0,0.0
2022-11-22 00:00:00+09:00,992.0,992.0,989.0,992.0,2800,0.0,0.0
2022-11-24 00:00:00+09:00,992.0,1000.0,992.0,997.0,4200,0.0,0.0
2022-11-25 00:00:00+09:00,1000.0,1005.0,993.0,1001.0,8200,0.0,0.0
2022-11-28 00:00:00+09:00,1007.0,1007.0,1000.0,1002.0,2500,0.0,0.0
2022-11-29 00:00:00+09:00,1002.0,1009.0,1000.0,1000.0,5300,0.0,0.0
2022-11-30 00:00:00+09:00,1007.0,1007.0,1005.0,1006.0,1500,0.0,0.0
2022-12-01 00:00:00+09:00,1006.0,1006.0,995.0,995.0,1900,0.0,0.0
2022-12-02 00:00:00+09:00,995.0,996.0,984.0,988.0,5100,0.0,0.0
2022-12-05 00:00:00+09:00,986.0,997.0,986.0,997.0,1400,0.0,0.0
2022-12-06 00:00:00+09:00,996.0,996.0,989.0,989.0,1700,0.0,0.0
2022-12-07 00:00:00+09:00,985.0,996.0,985.0,996.0,3800,0.0,0.0
2022-12-08 00:00:00+09:00,990.0,995.0,987.0,990.0,4000,0.0,0.0
2022-12-09 00:00:00+09:00,990.0,997.0,990.0,992.0,3700,0.0,0.0
2022-12-12 00:00:00+09:00,992.0,997.0,992.0,993.0,2100,0.0,0.0
2022-12-13 00:00:00+09:00,998.0,1002.0,994.0,1000.0,9800,0.0,0.0
2022-12-14 00:00:00+09:00,1004.0,1007.0,996.0,1003.0,5600,0.0,0.0
2022-12-15 00:00:00+09:00,1002.0,1019.0,1000.0,1011.0,7000,0.0,0.0
2022-12-16 00:00:00+09:00,1011.0,1013.0,1000.0,1000.0,6000,0.0,0.0
2022-12-19 00:00:00+09:00,1000.0,1001.0,991.0,991.0,2900,0.0,0.0
2022-12-20 00:00:00+09:00,999.0,1000.0,989.0,989.0,5700,0.0,0.0
2022-12-21 00:00:00+09:00,989.0,997.0,989.0,989.0,4000,0.0,0.0
2022-12-22 00:00:00+09:00,999.0,999.0,991.0,992.0,3200,0.0,0.0
2022-12-23 00:00:00+09:00,1002.0,1002.0,987.0,987.0,7200,0.0,0.0
2022-12-26 00:00:00+09:00,987.0,989.0,985.0,985.0,3500,0.0,0.0
2022-12-27 00:00:00+09:00,984.0,990.0,984.0,985.0,4200,0.0,0.0
2022-12-28 00:00:00+09:00,985.0,990.0,985.0,990.0,2900,0.0,0.0
2022-12-29 00:00:00+09:00,990.0,999.0,986.0,995.0,2800,0.0,0.0
2022-12-30 00:00:00+09:00,992.0,998.0,991.0,998.0,3300,0.0,0.0
2023-01-04 00:00:00+09:00,1000.0,1003.0,989.0,989.0,2100,0.0,0.0
2023-01-05 00:00:00+09:00,990.0,994.0,990.0,992.0,1300,0.0,0.0
2023-01-06 00:00:00+09:00,992.0,997.0,992.0,997.0,1300,0.0,0.0
2023-01-10 00:00:00+09:00,1010.0,1010.0,991.0,991.0,4100,0.0,0.0
2023-01-11 00:00:00+09:00,991.0,999.0,991.0,995.0,1600,0.0,0.0
2023-01-12 00:00:00+09:00,992.0,994.0,987.0,987.0,5900,0.0,0.0
2023-01-13 00:00:00+09:00,987.0,995.0,982.0,982.0,5700,0.0,0.0
2023-01-16 00:00:00+09:00,990.0,990.0,986.0,986.0,2000,0.0,0.0
2023-01-17 00:00:00+09:00,992.0,992.0,980.0,980.0,5700,0.0,0.0
2023-01-18 00:00:00+09:00,980.0,989.0,979.0,984.0,3300,0.0,0.0
2023-01-19 00:00:00+09:00,981.0,985.0,981.0,983.0,1500,0.0,0.0
2023-01-20 00:00:00+09:00,983.0,988.0,983.0,988.0,2600,0.0,0.0
2023-01-23 00:00:00+09:00,986.0,988.0,985.0,985.0,4000,0.0,0.0
2023-01-24 00:00:00+09:00,989.0,990.0,986.0,990.0,2900,0.0,0.0
2023-01-25 00:00:00+09:00,990.0,991.0,989.0,991.0,2200,0.0,0.0
2023-01-26 00:00:00+09:00,995.0,997.0,992.0,994.0,2900,0.0,0.0
2023-01-27 00:00:00+09:00,994.0,994.0,991.0,992.0,1800,0.0,0.0
2023-01-30 00:00:00+09:00,994.0,998.0,983.0,983.0,22000,0.0,0.0
2023-01-31 00:00:00+09:00,985.0,992.0,985.0,991.0,2200,0.0,0.0
2023-02-01 00:00:00+09:00,992.0,996.0,991.0,993.0,1100,0.0,0.0
2023-02-02 00:00:00+09:00,995.0,996.0,991.0,991.0,1900,0.0,0.0
2023-02-03 00:00:00+09:00,1001.0,1001.0,991.0,991.0,2600,0.0,0.0
2023-02-06 00:00:00+09:00,997.0,999.0,991.0,992.0,5500,0.0,0.0
2023-02-07 00:00:00+09:00,1000.0,1030.0,1000.0,1007.0,21900,0.0,0.0
2023-02-08 00:00:00+09:00,1010.0,1011.0,1000.0,1001.0,5800,0.0,0.0
2023-02-09 00:00:00+09:00,1001.0,1001.0,996.0,996.0,4100,0.0,0.0
2023-02-10 00:00:00+09:00,996.0,1007.0,996.0,1002.0,3000,0.0,0.0
2023-02-13 00:00:00+09:00,1008.0,1015.0,998.0,1014.0,5400,0.0,0.0
2023-02-14 00:00:00+09:00,1014.0,1014.0,1002.0,1002.0,1200,0.0,0.0
2023-02-15 00:00:00+09:00,1002.0,1010.0,1002.0,1005.0,2600,0.0,0.0
2023-02-16 00:00:00+09:00,1005.0,1012.0,1001.0,1007.0,2900,0.0,0.0
2023-02-17 00:00:00+09:00,1005.0,1011.0,1002.0,1002.0,2700,0.0,0.0
2023-02-20 00:00:00+09:00,1003.0,1013.0,1003.0,1004.0,2000,0.0,0.0
2023-02-21 00:00:00+09:00,1014.0,1014.0,1008.0,1012.0,3200,0.0,0.0
2023-02-22 00:00:00+09:00,1007.0,1013.0,1005.0,1005.0,3300,0.0,0.0
2023-02-24 00:00:00+09:00,1006.0,1015.0,1006.0,1015.0,1900,0.0,0.0
2023-02-27 00:00:00+09:00,1015.0,1024.0,1014.0,1024.0,3900,0.0,0.0
2023-02-28 00:00:00+09:00,1021.0,1023.0,1016.0,1016.0,2200,0.0,0.0
2023-03-01 00:00:00+09:00,1022.0,1022.0,1012.0,1012.0,4300,0.0,0.0
2023-03-02 00:00:00+09:00,1015.0,1021.0,1014.0,1016.0,4400,0.0,0.0
2023-03-03 00:00:00+09:00,1016.0,1028.0,1016.0,1028.0,6700,0.0,0.0
2023-03-06 00:00:00+09:00,1027.0,1027.0,1022.0,1022.0,3700,0.0,0.0
2023-03-07 00:00:00+09:00,1028.0,1039.0,1024.0,1039.0,4700,0.0,0.0
2023-03-08 00:00:00+09:00,1024.0,1045.0,1024.0,1042.0,3800,0.0,0.0
2023-03-09 00:00:00+09:00,1040.0,1046.0,1039.0,1046.0,3200,0.0,0.0
2023-03-10 00:00:00+09:00,1046.0,1046.0,1045.0,1045.0,4900,0.0,0.0
2023-03-13 00:00:00+09:00,1045.0,1045.0,1018.0,1018.0,7300,0.0,0.0
2023-03-14 00:00:00+09:00,1018.0,1026.0,992.0,1005.0,9700,0.0,0.0
2023-03-15 00:00:00+09:00,1005.0,1018.0,1005.0,1005.0,4500,0.0,0.0
2023-03-16 00:00:00+09:00,996.0,1006.0,996.0,1006.0,4700,0.0,0.0
2023-03-17 00:00:00+09:00,1018.0,1018.0,1009.0,1014.0,1900,0.0,0.0
2023-03-20 00:00:00+09:00,1009.0,1010.0,1004.0,1004.0,3800,0.0,0.0
2023-03-22 00:00:00+09:00,1015.0,1016.0,1010.0,1016.0,2300,0.0,0.0
2023-03-23 00:00:00+09:00,1016.0,1016.0,999.0,1003.0,7200,0.0,0.0
2023-03-24 00:00:00+09:00,1003.0,1007.0,1003.0,1004.0,3200,0.0,0.0
2023-03-27 00:00:00+09:00,1008.0,1012.0,1007.0,1007.0,4600,0.0,0.0
2023-03-28 00:00:00+09:00,1006.0,1009.0,1006.0,1009.0,2700,0.0,0.0
2023-03-29 00:00:00+09:00,1010.0,1025.0,1010.0,1025.0,8200,0.0,0.0
2023-03-30 00:00:00+09:00,993.0,1011.0,991.0,1011.0,6300,0.0,0.0
2023-03-31 00:00:00+09:00,1002.0,1007.0,999.0,1007.0,2500,0.0,0.0
2023-04-03 00:00:00+09:00,1007.0,1007.0,1002.0,1006.0,1900,0.0,0.0
2023-04-04 00:00:00+09:00,1006.0,1006.0,1003.0,1005.0,2800,0.0,0.0
2023-04-05 00:00:00+09:00,1002.0,1010.0,1000.0,1000.0,2800,0.0,0.0
2023-04-06 00:00:00+09:00,1000.0,1005.0,993.0,993.0,4900,0.0,0.0
2023-04-07 00:00:00+09:00,992.0,999.0,991.0,991.0,4300,0.0,0.0
2023-04-10 00:00:00+09:00,992.0,996.0,991.0,991.0,2800,0.0,0.0
2023-04-11 00:00:00+09:00,994.0,996.0,992.0,996.0,2400,0.0,0.0
2023-04-12 00:00:00+09:00,997.0,1002.0,997.0,1001.0,3900,0.0,0.0
2023-04-13 00:00:00+09:00,1002.0,1002.0,995.0,999.0,3000,0.0,0.0
2023-04-14 00:00:00+09:00,998.0,1001.0,995.0,1001.0,5300,0.0,0.0
2023-04-17 00:00:00+09:00,1010.0,1010.0,999.0,1000.0,7700,0.0,0.0
2023-04-18 00:00:00+09:00,1003.0,1003.0,995.0,1003.0,6600,0.0,0.0
2023-04-19 00:00:00+09:00,1020.0,1020.0,1011.0,1013.0,8200,0.0,0.0
2023-04-20 00:00:00+09:00,1017.0,1017.0,1007.0,1013.0,2300,0.0,0.0
2023-04-21 00:00:00+09:00,1019.0,1019.0,1008.0,1015.0,2400,0.0,0.0
2023-04-24 00:00:00+09:00,1019.0,1020.0,1014.0,1020.0,2000,0.0,0.0
2023-04-25 00:00:00+09:00,1023.0,1025.0,1016.0,1020.0,2700,0.0,0.0
2023-04-26 00:00:00+09:00,1023.0,1029.0,1017.0,1026.0,4600,0.0,0.0
2023-04-27 00:00:00+09:00,1026.0,1026.0,1015.0,1015.0,14600,0.0,0.0
2023-04-28 00:00:00+09:00,1014.0,1025.0,1013.0,1015.0,3100,0.0,0.0
2023-05-01 00:00:00+09:00,1011.0,1016.0,1011.0,1015.0,2200,0.0,0.0
2023-05-02 00:00:00+09:00,1020.0,1022.0,1013.0,1015.0,1800,0.0,0.0
2023-05-08 00:00:00+09:00,1012.0,1021.0,1012.0,1013.0,2000,0.0,0.0
2023-05-09 00:00:00+09:00,1015.0,1020.0,1015.0,1017.0,2100,0.0,0.0
2023-05-10 00:00:00+09:00,1007.0,1057.0,1006.0,1007.0,23800,0.0,0.0
2023-05-11 00:00:00+09:00,1019.0,1019.0,1010.0,1017.0,7100,0.0,0.0
2023-05-12 00:00:00+09:00,1019.0,1019.0,1011.0,1015.0,2800,0.0,0.0
2023-05-15 00:00:00+09:00,1016.0,1022.0,1015.0,1022.0,4300,0.0,0.0
2023-05-16 00:00:00+09:00,1024.0,1024.0,1018.0,1021.0,2600,0.0,0.0
2023-05-17 00:00:00+09:00,1027.0,1028.0,1020.0,1026.0,3100,0.0,0.0
2023-05-18 00:00:00+09:00,1026.0,1030.0,1018.0,1018.0,3600,0.0,0.0
2023-05-19 00:00:00+09:00,1018.0,1020.0,1018.0,1018.0,1800,0.0,0.0
2023-05-22 00:00:00+09:00,1019.0,1025.0,1018.0,1020.0,3400,0.0,0.0
2023-05-23 00:00:00+09:00,1028.0,1028.0,1014.0,1023.0,4800,0.0,0.0
2023-05-24 00:00:00+09:00,1016.0,1025.0,1016.0,1017.0,2000,0.0,0.0
2023-05-25 00:00:00+09:00,1018.0,1018.0,1011.0,1013.0,2400,0.0,0.0
2023-05-26 00:00:00+09:00,1019.0,1019.0,1010.0,1010.0,3000,0.0,0.0
2023-05-29 00:00:00+09:00,1011.0,1015.0,1010.0,1010.0,2000,0.0,0.0
2023-05-30 00:00:00+09:00,1010.0,1011.0,1000.0,1000.0,4500,0.0,0.0
2023-05-31 00:00:00+09:00,1001.0,1008.0,998.0,998.0,6500,0.0,0.0
2023-06-01 00:00:00+09:00,999.0,1002.0,997.0,1000.0,2500,0.0,0.0
2023-06-02 00:00:00+09:00,1000.0,1004.0,1000.0,1000.0,2300,0.0,0.0
2023-06-05 00:00:00+09:00,1005.0,1009.0,1005.0,1009.0,2700,0.0,0.0
2023-06-06 00:00:00+09:00,1002.0,1008.0,1002.0,1008.0,1500,0.0,0.0
2023-06-07 00:00:00+09:00,1004.0,1008.0,1004.0,1004.0,2400,0.0,0.0
2023-06-08 00:00:00+09:00,1002.0,1008.0,1002.0,1002.0,1700,0.0,0.0
2023-06-09 00:00:00+09:00,1004.0,1007.0,1002.0,1006.0,3600,0.0,0.0
2023-06-12 00:00:00+09:00,1009.0,1010.0,1002.0,1005.0,4400,0.0,0.0
2023-06-13 00:00:00+09:00,1005.0,1010.0,1005.0,1010.0,1800,0.0,0.0
2023-06-14 00:00:00+09:00,1010.0,1011.0,1010.0,1011.0,900,0.0,0.0
2023-06-15 00:00:00+09:00,1011.0,1017.0,1011.0,1017.0,1200,0.0,0.0
2023-06-16 00:00:00+09:00,1018.0,1025.0,1017.0,1017.0,3200,0.0,0.0
2023-06-19 00:00:00+09:00,1025.0,1026.0,1021.0,1022.0,1700,0.0,0.0
2023-06-20 00:00:00+09:00,1020.0,1028.0,1020.0,1027.0,1900,0.0,0.0
2023-06-21 00:00:00+09:00,1033.0,1033.0,1025.0,1025.0,3400,0.0,0.0
2023-06-22 00:00:00+09:00,1026.0,1027.0,1022.0,1022.0,1100,0.0,0.0
2023-06-23 00:00:00+09:00,1022.0,1023.0,1016.0,1020.0,2900,0.0,0.0
2023-06-26 00:00:00+09:00,1037.0,1037.0,1022.0,1023.0,1200,0.0,0.0
2023-06-27 00:00:00+09:00,1021.0,1031.0,1021.0,1022.0,600,0.0,0.0
2023-06-28 00:00:00+09:00,1022.0,1037.0,1021.0,1037.0,1700,0.0,0.0
2023-06-29 00:00:00+09:00,1037.0,1044.0,1023.0,1034.0,8000,0.0,0.0
2023-06-30 00:00:00+09:00,1042.0,1042.0,1030.0,1030.0,2700,0.0,0.0
2023-07-03 00:00:00+09:00,1050.0,1050.0,1040.0,1040.0,1900,0.0,0.0
2023-07-04 00:00:00+09:00,1050.0,1050.0,1040.0,1040.0,3000,0.0,0.0
2023-07-05 00:00:00+09:00,1042.0,1049.0,1040.0,1040.0,2400,0.0,0.0
2023-07-06 00:00:00+09:00,1050.0,1050.0,1039.0,1039.0,2600,0.0,0.0
2023-07-07 00:00:00+09:00,1039.0,1046.0,1038.0,1038.0,2000,0.0,0.0
2023-07-10 00:00:00+09:00,1037.0,1042.0,1033.0,1036.0,3500,0.0,0.0
2023-07-11 00:00:00+09:00,1043.0,1043.0,1032.0,1033.0,2000,0.0,0.0
2023-07-12 00:00:00+09:00,1033.0,1041.0,1032.0,1032.0,1000,0.0,0.0
2023-07-13 00:00:00+09:00,1039.0,1039.0,1033.0,1033.0,2100,0.0,0.0
2023-07-14 00:00:00+09:00,1038.0,1040.0,1025.0,1025.0,4000,0.0,0.0
2023-07-18 00:00:00+09:00,1025.0,1033.0,1025.0,1026.0,2200,0.0,0.0
2023-07-19 00:00:00+09:00,1026.0,1032.0,1026.0,1032.0,1400,0.0,0.0
2023-07-20 00:00:00+09:00,1032.0,1037.0,1023.0,1033.0,3100,0.0,0.0
2023-07-21 00:00:00+09:00,1038.0,1039.0,1034.0,1038.0,3000,0.0,0.0
2023-07-24 00:00:00+09:00,1038.0,1039.0,1035.0,1035.0,3000,0.0,0.0
2023-07-25 00:00:00+09:00,1038.0,1049.0,1037.0,1039.0,2500,0.0,0.0
2023-07-26 00:00:00+09:00,1046.0,1048.0,1039.0,1046.0,3200,0.0,0.0
2023-07-27 00:00:00+09:00,1047.0,1047.0,1040.0,1042.0,2000,0.0,0.0
2023-07-28 00:00:00+09:00,1042.0,1042.0,1025.0,1025.0,20000,0.0,0.0
2023-07-31 00:00:00+09:00,1043.0,1045.0,1031.0,1031.0,3000,0.0,0.0
2023-08-01 00:00:00+09:00,1026.0,1034.0,1026.0,1030.0,2300,0.0,0.0
2023-08-02 00:00:00+09:00,1047.0,1047.0,1026.0,1026.0,4600,0.0,0.0
2023-08-03 00:00:00+09:00,1026.0,1026.0,1021.0,1022.0,4800,0.0,0.0
2023-08-04 00:00:00+09:00,1020.0,1031.0,1020.0,1025.0,2800,0.0,0.0
2023-08-07 00:00:00+09:00,1025.0,1031.0,1025.0,1027.0,1500,0.0,0.0
2023-08-08 00:00:00+09:00,1030.0,1035.0,1026.0,1029.0,2600,0.0,0.0
2023-08-09 00:00:00+09:00,1027.0,1030.0,1026.0,1026.0,1300,0.0,0.0
2023-08-10 00:00:00+09:00,1018.0,1040.0,1018.0,1025.0,7600,0.0,0.0
2023-08-14 00:00:00+09:00,1035.0,1036.0,1027.0,1032.0,2200,0.0,0.0
2023-08-15 00:00:00+09:00,1035.0,1040.0,1035.0,1037.0,1400,0.0,0.0
2023-08-16 00:00:00+09:00,1037.0,1042.0,1037.0,1037.0,1500,0.0,0.0
2023-08-17 00:00:00+09:00,1037.0,1043.0,1032.0,1040.0,2000,0.0,0.0
2023-08-18 00:00:00+09:00,1040.0,1040.0,1033.0,1037.0,1300,0.0,0.0
2023-08-21 00:00:00+09:00,1040.0,1040.0,1035.0,1037.0,1900,0.0,0.0
2023-08-22 00:00:00+09:00,1045.0,1045.0,1032.0,1033.0,1900,0.0,0.0
2023-08-23 00:00:00+09:00,1042.0,1045.0,1035.0,1045.0,2400,0.0,0.0
2023-08-24 00:00:00+09:00,1047.0,1047.0,1043.0,1044.0,1300,0.0,0.0
2023-08-25 00:00:00+09:00,1041.0,1044.0,1041.0,1044.0,800,0.0,0.0
2023-08-28 00:00:00+09:00,1045.0,1049.0,1045.0,1049.0,1900,0.0,0.0
2023-08-29 00:00:00+09:00,1049.0,1049.0,1049.0,1049.0,500,0.0,0.0
2023-08-30 00:00:00+09:00,1050.0,1057.0,1050.0,1054.0,3700,0.0,0.0
2023-08-31 00:00:00+09:00,1056.0,1071.0,1056.0,1069.0,4900,0.0,0.0
2023-09-01 00:00:00+09:00,1070.0,1075.0,1069.0,1075.0,4200,0.0,0.0
2023-09-04 00:00:00+09:00,1079.0,1083.0,1074.0,1083.0,5000,0.0,0.0
2023-09-05 00:00:00+09:00,1085.0,1090.0,1085.0,1085.0,3200,0.0,0.0
2023-09-06 00:00:00+09:00,1092.0,1092.0,1081.0,1085.0,2200,0.0,0.0
2023-09-07 00:00:00+09:00,1090.0,1090.0,1080.0,1080.0,2300,0.0,0.0
2023-09-08 00:00:00+09:00,1080.0,1080.0,1077.0,1077.0,4000,0.0,0.0
2023-09-11 00:00:00+09:00,1077.0,1077.0,1058.0,1068.0,6200,0.0,0.0
2023-09-12 00:00:00+09:00,1056.0,1066.0,1056.0,1060.0,2600,0.0,0.0
2023-09-13 00:00:00+09:00,1060.0,1076.0,1060.0,1075.0,2700,0.0,0.0
2023-09-14 00:00:00+09:00,1078.0,1085.0,1075.0,1084.0,3500,0.0,0.0
2023-09-15 00:00:00+09:00,1090.0,1091.0,1083.0,1083.0,2800,0.0,0.0
2023-09-19 00:00:00+09:00,1082.0,1129.0,1082.0,1121.0,52700,0.0,0.0
2023-09-20 00:00:00+09:00,1116.0,1116.0,1100.0,1105.0,7300,0.0,0.0
2023-09-21 00:00:00+09:00,1115.0,1115.0,1096.0,1100.0,3700,0.0,0.0
2023-09-22 00:00:00+09:00,1104.0,1107.0,1096.0,1102.0,3100,0.0,0.0
2023-09-25 00:00:00+09:00,1107.0,1109.0,1100.0,1100.0,4600,0.0,0.0
2023-09-26 00:00:00+09:00,1119.0,1120.0,1098.0,1098.0,11000,0.0,0.0
2023-09-27 00:00:00+09:00,1109.0,1115.0,1085.0,1115.0,11100,0.0,0.0
2023-09-28 00:00:00+09:00,1092.0,1098.0,1078.0,1079.0,11200,0.0,0.0
2023-09-29 00:00:00+09:00,1093.0,1093.0,1083.0,1088.0,2000,0.0,0.0
2023-10-02 00:00:00+09:00,1085.0,1088.0,1070.0,1070.0,4200,0.0,0.0
2023-10-03 00:00:00+09:00,1076.0,1076.0,1050.0,1050.0,4300,0.0,0.0
2023-10-04 00:00:00+09:00,1043.0,1050.0,1034.0,1038.0,4600,0.0,0.0
2023-10-05 00:00:00+09:00,1038.0,1067.0,1038.0,1047.0,5900,0.0,0.0
2023-10-06 00:00:00+09:00,1055.0,1055.0,1036.0,1042.0,7100,0.0,0.0
2023-10-10 00:00:00+09:00,1056.0,1064.0,1042.0,1054.0,4900,0.0,0.0
2023-10-11 00:00:00+09:00,1064.0,1064.0,1046.0,1049.0,2200,0.0,0.0
2023-10-12 00:00:00+09:00,1046.0,1051.0,1045.0,1046.0,2000,0.0,0.0
2023-10-13 00:00:00+09:00,1046.0,1046.0,1032.0,1032.0,4700,0.0,0.0
2023-10-16 00:00:00+09:00,1032.0,1040.0,1028.0,1028.0,3300,0.0,0.0
2023-10-17 00:00:00+09:00,1028.0,1034.0,1028.0,1031.0,1000,0.0,0.0
2023-10-18 00:00:00+09:00,1049.0,1049.0,1029.0,1034.0,2300,0.0,0.0
2023-10-19 00:00:00+09:00,1034.0,1034.0,1026.0,1028.0,2200,0.0,0.0
2023-10-20 00:00:00+09:00,1028.0,1033.0,1027.0,1033.0,1300,0.0,0.0
2023-10-23 00:00:00+09:00,1038.0,1039.0,1031.0,1031.0,2000,0.0,0.0
2023-10-24 00:00:00+09:00,1030.0,1032.0,1022.0,1030.0,4200,0.0,0.0
2023-10-25 00:00:00+09:00,1036.0,1036.0,1026.0,1035.0,2100,0.0,0.0
2023-10-26 00:00:00+09:00,1035.0,1035.0,1027.0,1029.0,1800,0.0,0.0
2023-10-27 00:00:00+09:00,1026.0,1037.0,1026.0,1036.0,2200,0.0,0.0
2023-10-30 00:00:00+09:00,1036.0,1040.0,1011.0,1011.0,15500,0.0,0.0
2023-10-31 00:00:00+09:00,1012.0,1025.0,1012.0,1020.0,2600,0.0,0.0
2023-11-01 00:00:00+09:00,1022.0,1027.0,1022.0,1024.0,4500,0.0,0.0
2023-11-02 00:00:00+09:00,1024.0,1030.0,1022.0,1023.0,3900,0.0,0.0
2023-11-06 00:00:00+09:00,1027.0,1043.0,1027.0,1036.0,3500,0.0,0.0
2023-11-07 00:00:00+09:00,1040.0,1046.0,1040.0,1046.0,600,0.0,0.0
2023-11-08 00:00:00+09:00,1045.0,1063.0,1045.0,1050.0,1600,0.0,0.0
2023-11-09 00:00:00+09:00,1053.0,1130.0,1053.0,1073.0,22300,0.0,0.0
2023-11-10 00:00:00+09:00,1073.0,1079.0,1040.0,1060.0,6100,0.0,0.0
2023-11-13 00:00:00+09:00,1060.0,1082.0,1057.0,1071.0,6200,0.0,0.0
2023-11-14 00:00:00+09:00,1072.0,1082.0,1063.0,1063.0,3000,0.0,0.0
2023-11-15 00:00:00+09:00,1060.0,1063.0,1051.0,1056.0,2800,0.0,0.0
2023-11-16 00:00:00+09:00,1063.0,1064.0,1056.0,1056.0,1300,0.0,0.0
2023-11-17 00:00:00+09:00,1065.0,1068.0,1062.0,1068.0,1100,0.0,0.0
2023-11-20 00:00:00+09:00,1075.0,1077.0,1070.0,1072.0,2700,0.0,0.0
2023-11-21 00:00:00+09:00,1084.0,1084.0,1066.0,1073.0,2200,0.0,0.0
2023-11-22 00:00:00+09:00,1073.0,1076.0,1070.0,1072.0,800,0.0,0.0
2023-11-24 00:00:00+09:00,1079.0,1086.0,1072.0,1084.0,1600,0.0,0.0
2023-11-27 00:00:00+09:00,1090.0,1092.0,1087.0,1087.0,2000,0.0,0.0
2023-11-28 00:00:00+09:00,1081.0,1087.0,1078.0,1087.0,2400,0.0,0.0
2023-11-29 00:00:00+09:00,1087.0,1087.0,1079.0,1085.0,1000,0.0,0.0
2023-11-30 00:00:00+09:00,1080.0,1089.0,1073.0,1085.0,2300,0.0,0.0
2023-12-01 00:00:00+09:00,1091.0,1091.0,1080.0,1091.0,1900,0.0,0.0
2023-12-04 00:00:00+09:00,1095.0,1104.0,1089.0,1098.0,3900,0.0,0.0
2023-12-05 00:00:00+09:00,1103.0,1104.0,1092.0,1099.0,2900,0.0,0.0
2023-12-06 00:00:00+09:00,1099.0,1113.0,1099.0,1110.0,3400,0.0,0.0
2023-12-07 00:00:00+09:00,1110.0,1110.0,1104.0,1104.0,1900,0.0,0.0
2023-12-08 00:00:00+09:00,1104.0,1110.0,1100.0,1101.0,2700,0.0,0.0
2023-12-11 00:00:00+09:00,1110.0,1111.0,1100.0,1110.0,4300,0.0,0.0
2023-12-12 00:00:00+09:00,1111.0,1123.0,1111.0,1120.0,2500,0.0,0.0
2023-12-13 00:00:00+09:00,1120.0,1120.0,1116.0,1116.0,900,0.0,0.0
2023-12-14 00:00:00+09:00,1116.0,1116.0,1103.0,1109.0,2900,0.0,0.0
2023-12-15 00:00:00+09:00,1110.0,1115.0,1108.0,1108.0,1800,0.0,0.0
2023-12-18 00:00:00+09:00,1108.0,1114.0,1105.0,1105.0,1200,0.0,0.0
2023-12-19 00:00:00+09:00,1105.0,1106.0,1098.0,1106.0,3000,0.0,0.0
2023-12-20 00:00:00+09:00,1106.0,1114.0,1106.0,1114.0,1800,0.0,0.0
2023-12-21 00:00:00+09:00,1114.0,1117.0,1107.0,1117.0,2500,0.0,0.0
2023-12-22 00:00:00+09:00,1120.0,1120.0,1112.0,1113.0,1700,0.0,0.0
2023-12-25 00:00:00+09:00,1123.0,1125.0,1112.0,1112.0,2800,0.0,0.0
2023-12-26 00:00:00+09:00,1113.0,1163.0,1113.0,1163.0,6200,0.0,0.0
2023-12-27 00:00:00+09:00,1160.0,1160.0,1135.0,1159.0,3100,0.0,0.0
2023-12-28 00:00:00+09:00,1159.0,1172.0,1159.0,1166.0,2400,0.0,0.0
2023-12-29 00:00:00+09:00,1171.0,1177.0,1170.0,1177.0,3600,0.0,0.0
2024-01-04 00:00:00+09:00,1179.0,1235.0,1172.0,1219.0,11700,0.0,0.0
2024-01-05 00:00:00+09:00,1219.0,1245.0,1210.0,1224.0,7400,0.0,0.0
2024-01-09 00:00:00+09:00,1224.0,1229.0,1212.0,1212.0,2800,0.0,0.0
2024-01-10 00:00:00+09:00,1207.0,1224.0,1207.0,1213.0,4700,0.0,0.0
2024-01-11 00:00:00+09:00,1205.0,1220.0,1205.0,1210.0,4400,0.0,0.0
2024-01-12 00:00:00+09:00,1205.0,1205.0,1152.0,1161.0,12900,0.0,0.0
2024-01-15 00:00:00+09:00,1154.0,1160.0,1152.0,1160.0,2300,0.0,0.0
2024-01-16 00:00:00+09:00,1154.0,1160.0,1141.0,1146.0,7600,0.0,0.0
2024-01-17 00:00:00+09:00,1145.0,1145.0,1135.0,1135.0,4900,0.0,0.0
2024-01-18 00:00:00+09:00,1137.0,1139.0,1131.0,1132.0,4900,0.0,0.0
2024-01-19 00:00:00+09:00,1130.0,1131.0,1117.0,1117.0,7300,0.0,0.0
2024-01-22 00:00:00+09:00,1118.0,1141.0,1118.0,1133.0,3100,0.0,0.0
2024-01-23 00:00:00+09:00,1143.0,1143.0,1135.0,1136.0,3300,0.0,0.0
2024-01-24 00:00:00+09:00,1136.0,1143.0,1133.0,1135.0,3100,0.0,0.0
2024-01-25 00:00:00+09:00,1134.0,1137.0,1131.0,1134.0,3800,0.0,0.0
2024-01-26 00:00:00+09:00,1134.0,1144.0,1134.0,1136.0,3300,0.0,0.0
2024-01-29 00:00:00+09:00,1145.0,1160.0,1141.0,1160.0,3800,0.0,0.0
2024-01-30 00:00:00+09:00,1160.0,1173.0,1125.0,1125.0,29400,0.0,0.0
2024-01-31 00:00:00+09:00,1136.0,1136.0,1123.0,1125.0,8100,0.0,0.0
2024-02-01 00:00:00+09:00,1130.0,1135.0,1130.0,1132.0,2500,0.0,0.0
2024-02-02 00:00:00+09:00,1132.0,1142.0,1128.0,1128.0,4500,0.0,0.0
2024-02-05 00:00:00+09:00,1136.0,1137.0,1129.0,1129.0,4200,0.0,0.0
2024-02-06 00:00:00+09:00,1133.0,1139.0,1129.0,1129.0,3700,0.0,0.0
2024-02-07 00:00:00+09:00,1128.0,1133.0,1126.0,1126.0,3600,0.0,0.0
2024-02-08 00:00:00+09:00,1126.0,1134.0,1125.0,1134.0,3600,0.0,0.0
2024-02-09 00:00:00+09:00,1131.0,1148.0,1130.0,1132.0,8100,0.0,0.0
2024-02-13 00:00:00+09:00,1139.0,1139.0,1126.0,1130.0,3500,0.0,0.0
2024-02-14 00:00:00+09:00,1132.0,1138.0,1124.0,1125.0,4000,0.0,0.0
2024-02-15 00:00:00+09:00,1125.0,1134.0,1123.0,1125.0,2400,0.0,0.0
2024-02-16 00:00:00+09:00,1135.0,1136.0,1127.0,1136.0,1400,0.0,0.0
2024-02-19 00:00:00+09:00,1137.0,1152.0,1136.0,1152.0,4800,0.0,0.0
2024-02-20 00:00:00+09:00,1153.0,1162.0,1152.0,1154.0,1900,0.0,0.0
2024-02-21 00:00:00+09:00,1162.0,1169.0,1154.0,1154.0,2600,0.0,0.0
2024-02-22 00:00:00+09:00,1166.0,1166.0,1153.0,1157.0,1900,0.0,0.0
2024-02-26 00:00:00+09:00,1157.0,1175.0,1157.0,1167.0,5100,0.0,0.0
2024-02-27 00:00:00+09:00,1185.0,1185.0,1174.0,1182.0,2200,0.0,0.0
2024-02-28 00:00:00+09:00,1182.0,1182.0,1171.0,1179.0,2800,0.0,0.0
2024-02-29 00:00:00+09:00,1177.0,1184.0,1171.0,1184.0,2500,0.0,0.0
2024-03-01 00:00:00+09:00,1176.0,1190.0,1176.0,1183.0,1700,0.0,0.0
2024-03-04 00:00:00+09:00,1185.0,1200.0,1185.0,1191.0,3500,0.0,0.0
2024-03-05 00:00:00+09:00,1191.0,1215.0,1191.0,1214.0,3600,0.0,0.0
2024-03-06 00:00:00+09:00,1212.0,1226.0,1196.0,1215.0,3600,0.0,0.0
2024-03-07 00:00:00+09:00,1222.0,1224.0,1201.0,1201.0,1600,0.0,0.0
2024-03-08 00:00:00+09:00,1202.0,1213.0,1199.0,1199.0,4000,0.0,0.0
2024-03-11 00:00:00+09:00,1179.0,1195.0,1169.0,1176.0,6500,0.0,0.0
2024-03-12 00:00:00+09:00,1175.0,1196.0,1175.0,1196.0,1300,0.0,0.0
2024-03-13 00:00:00+09:00,1194.0,1215.0,1194.0,1209.0,3900,0.0,0.0
2024-03-14 00:00:00+09:00,1179.0,1209.0,1179.0,1199.0,3700,0.0,0.0
2024-03-15 00:00:00+09:00,1199.0,1215.0,1199.0,1208.0,2900,0.0,0.0
2024-03-18 00:00:00+09:00,1208.0,1223.0,1208.0,1222.0,3200,0.0,0.0
2024-03-19 00:00:00+09:00,1223.0,1230.0,1219.0,1230.0,2800,0.0,0.0
2024-03-21 00:00:00+09:00,1239.0,1246.0,1231.0,1244.0,5300,0.0,0.0
2024-03-22 00:00:00+09:00,1249.0,1252.0,1244.0,1252.0,3100,0.0,0.0
2024-03-25 00:00:00+09:00,1265.0,1275.0,1257.0,1267.0,5200,0.0,0.0
2024-03-26 00:00:00+09:00,1269.0,1270.0,1258.0,1265.0,2800,0.0,0.0
2024-03-27 00:00:00+09:00,1269.0,1285.0,1260.0,1260.0,8500,0.0,0.0
2024-03-28 00:00:00+09:00,1260.0,1260.0,1200.0,1200.0,11000,0.0,0.0
2024-03-29 00:00:00+09:00,1200.0,1224.0,1200.0,1211.0,3700,0.0,0.0
2024-04-01 00:00:00+09:00,1214.0,1227.0,1212.0,1219.0,1900,0.0,0.0
2024-04-02 00:00:00+09:00,1216.0,1216.0,1203.0,1203.0,1900,0.0,0.0
2024-04-03 00:00:00+09:00,1203.0,1211.0,1200.0,1200.0,3100,0.0,0.0
2024-04-04 00:00:00+09:00,1202.0,1213.0,1200.0,1213.0,5200,0.0,0.0
2024-04-05 00:00:00+09:00,1213.0,1213.0,1181.0,1186.0,8100,0.0,0.0
2024-04-08 00:00:00+09:00,1197.0,1209.0,1196.0,1205.0,2400,0.0,0.0
2024-04-09 00:00:00+09:00,1209.0,1211.0,1204.0,1204.0,1300,0.0,0.0
2024-04-10 00:00:00+09:00,1202.0,1209.0,1195.0,1195.0,3100,0.0,0.0
2024-04-11 00:00:00+09:00,1195.0,1210.0,1195.0,1195.0,1800,0.0,0.0
2024-04-12 00:00:00+09:00,1195.0,1203.0,1155.0,1163.0,6100,0.0,0.0
2024-04-15 00:00:00+09:00,1161.0,1178.0,1158.0,1160.0,5900,0.0,0.0
2024-04-16 00:00:00+09:00,1164.0,1164.0,1132.0,1134.0,7300,0.0,0.0
2024-04-17 00:00:00+09:00,1137.0,1147.0,1120.0,1120.0,4000,0.0,0.0
2024-04-18 00:00:00+09:00,1133.0,1133.0,1121.0,1121.0,3000,0.0,0.0
2024-04-19 00:00:00+09:00,1123.0,1123.0,1104.0,1111.0,4700,0.0,0.0
2024-04-22 00:00:00+09:00,1112.0,1131.0,1112.0,1122.0,3100,0.0,0.0
2024-04-23 00:00:00+09:00,1132.0,1155.0,1132.0,1152.0,2600,0.0,0.0
2024-04-24 00:00:00+09:00,1155.0,1160.0,1134.0,1134.0,3000,0.0,0.0
2024-04-25 00:00:00+09:00,1142.0,1148.0,1135.0,1144.0,3600,0.0,0.0
2024-04-26 00:00:00+09:00,1143.0,1143.0,1102.0,1102.0,23100,0.0,0.0
2024-04-30 00:00:00+09:00,1119.0,1122.0,1116.0,1120.0,2900,0.0,0.0
2024-05-01 00:00:00+09:00,1120.0,1126.0,1120.0,1125.0,1000,0.0,0.0
2024-05-02 00:00:00+09:00,1125.0,1133.0,1125.0,1127.0,1700,0.0,0.0
2024-05-07 00:00:00+09:00,1138.0,1138.0,1126.0,1131.0,2700,0.0,0.0
2024-05-08 00:00:00+09:00,1131.0,1147.0,1131.0,1146.0,2700,0.0,0.0
2024-05-09 00:00:00+09:00,1148.0,1155.0,1140.0,1155.0,2300,0.0,0.0
2024-05-10 00:00:00+09:00,1169.0,1230.0,1131.0,1131.0,21800,0.0,0.0
2024-05-13 00:00:00+09:00,1154.0,1155.0,1140.0,1150.0,3600,0.0,0.0
2024-05-14 00:00:00+09:00,1147.0,1174.0,1147.0,1161.0,2300,0.0,0.0
2024-05-15 00:00:00+09:00,1153.0,1173.0,1153.0,1165.0,2200,0.0,0.0
2024-05-16 00:00:00+09:00,1176.0,1176.0,1150.0,1159.0,3300,0.0,0.0
2024-05-17 00:00:00+09:00,1150.0,1161.0,1140.0,1143.0,2400,0.0,0.0
2024-05-20 00:00:00+09:00,1147.0,1159.0,1146.0,1147.0,1400,0.0,0.0
2024-05-21 00:00:00+09:00,1157.0,1159.0,1140.0,1140.0,3300,0.0,0.0
2024-05-22 00:00:00+09:00,1152.0,1152.0,1140.0,1148.0,1800,0.0,0.0
2024-05-23 00:00:00+09:00,1148.0,1155.0,1141.0,1155.0,1000,0.0,0.0
2024-05-24 00:00:00+09:00,1150.0,1155.0,1145.0,1145.0,1200,0.0,0.0
2024-05-27 00:00:00+09:00,1143.0,1143.0,1141.0,1141.0,2500,0.0,0.0
2024-05-28 00:00:00+09:00,1150.0,1152.0,1142.0,1150.0,1300,0.0,0.0
2024-05-29 00:00:00+09:00,1144.0,1153.0,1141.0,1141.0,1900,0.0,0.0
2024-05-30 00:00:00+09:00,1141.0,1145.0,1141.0,1142.0,2100,0.0,0.0
2024-05-31 00:00:00+09:00,1142.0,1149.0,1142.0,1149.0,1200,0.0,0.0
2024-06-03 00:00:00+09:00,1153.0,1164.0,1152.0,1164.0,6500,0.0,0.0
2024-06-04 00:00:00+09:00,1163.0,1169.0,1156.0,1165.0,2400,0.0,0.0
2024-06-05 00:00:00+09:00,1163.0,1168.0,1155.0,1156.0,1500,0.0,0.0
2024-06-06 00:00:00+09:00,1156.0,1160.0,1150.0,1157.0,1800,0.0,0.0
2024-06-07 00:00:00+09:00,1147.0,1158.0,1147.0,1147.0,1400,0.0,0.0
2024-06-10 00:00:00+09:00,1160.0,1208.0,1160.0,1208.0,5000,0.0,0.0
2024-06-11 00:00:00+09:00,1221.0,1230.0,1201.0,1207.0,6100,0.0,0.0
2024-06-12 00:00:00+09:00,1219.0,1219.0,1201.0,1206.0,1800,0.0,0.0
2024-06-13 00:00:00+09:00,1204.0,1204.0,1191.0,1191.0,1500,0.0,0.0
2024-06-14 00:00:00+09:00,1191.0,1198.0,1188.0,1191.0,1700,0.0,0.0
2024-06-17 00:00:00+09:00,1192.0,1197.0,1185.0,1190.0,2400,0.0,0.0
2024-06-18 00:00:00+09:00,1175.0,1181.0,1175.0,1181.0,600,0.0,0.0
2024-06-19 00:00:00+09:00,1180.0,1180.0,1175.0,1179.0,2400,0.0,0.0
2024-06-20 00:00:00+09:00,1180.0,1183.0,1180.0,1180.0,3000,0.0,0.0
2024-06-21 00:00:00+09:00,1187.0,1190.0,1183.0,1183.0,3300,0.0,0.0
2024-06-24 00:00:00+09:00,1187.0,1191.0,1179.0,1186.0,2100,0.0,0.0
2024-06-25 00:00:00+09:00,1191.0,1193.0,1185.0,1193.0,800,0.0,0.0
2024-06-26 00:00:00+09:00,1198.0,1217.0,1194.0,1217.0,2300,0.0,0.0
2024-06-27 00:00:00+09:00,1227.0,1227.0,1210.0,1213.0,3700,0.0,0.0
2024-06-28 00:00:00+09:00,1223.0,1230.0,1212.0,1215.0,4300,0.0,0.0
2024-07-01 00:00:00+09:00,1230.0,1230.0,1219.0,1225.0,1500,0.0,0.0
2024-07-02 00:00:00+09:00,1217.0,1223.0,1209.0,1215.0,3200,0.0,0.0
2024-07-03 00:00:00+09:00,1215.0,1224.0,1215.0,1217.0,2700,0.0,0.0
2024-07-04 00:00:00+09:00,1217.0,1218.0,1210.0,1217.0,2200,0.0,0.0
2024-07-05 00:00:00+09:00,1218.0,1220.0,1200.0,1200.0,1400,0.0,0.0
2024-07-08 00:00:00+09:00,1220.0,1224.0,1205.0,1209.0,1200,0.0,0.0
2024-07-09 00:00:00+09:00,1211.0,1223.0,1200.0,1207.0,2300,0.0,0.0
2024-07-10 00:00:00+09:00,1210.0,1210.0,1200.0,1200.0,2100,0.0,0.0
2024-07-11 00:00:00+09:00,1207.0,1212.0,1200.0,1203.0,1600,0.0,0.0
2024-07-12 00:00:00+09:00,1199.0,1218.0,1199.0,1200.0,1800,0.0,0.0
2024-07-16 00:00:00+09:00,1216.0,1216.0,1203.0,1203.0,2500,0.0,0.0
2024-07-17 00:00:00+09:00,1203.0,1222.0,1203.0,1211.0,1700,0.0,0.0
2024-07-18 00:00:00+09:00,1206.0,1219.0,1206.0,1219.0,3100,0.0,0.0
2024-07-19 00:00:00+09:00,1219.0,1223.0,1219.0,1223.0,1000,0.0,0.0
2024-07-22 00:00:00+09:00,1225.0,1225.0,1215.0,1224.0,2600,0.0,0.0
2024-07-23 00:00:00+09:00,1223.0,1223.0,1204.0,1221.0,3100,0.0,0.0
2024-07-24 00:00:00+09:00,1218.0,1218.0,1202.0,1202.0,4300,0.0,0.0
2024-07-25 00:00:00+09:00,1202.0,1209.0,1192.0,1196.0,8100,0.0,0.0
2024-07-26 00:00:00+09:00,1197.0,1202.0,1193.0,1196.0,1500,0.0,0.0
2024-07-29 00:00:00+09:00,1203.0,1212.0,1192.0,1193.0,2900,0.0,0.0
2024-07-30 00:00:00+09:00,1197.0,1197.0,1113.0,1113.0,27000,0.0,0.0
2024-07-31 00:00:00+09:00,1140.0,1166.0,1139.0,1153.0,10600,0.0,0.0
2024-08-01 00:00:00+09:00,1175.0,1175.0,1148.0,1148.0,2600,0.0,0.0
2024-08-02 00:00:00+09:00,1134.0,1134.0,1112.0,1112.0,10700,0.0,0.0
2024-08-05 00:00:00+09:00,1085.0,1085.0,999.0,1023.0,24400,0.0,0.0
2024-08-06 00:00:00+09:00,999.0,1127.0,999.0,1059.0,9100,0.0,0.0
2024-08-07 00:00:00+09:00,1040.0,1088.0,1036.0,1060.0,2600,0.0,0.0
2024-08-08 00:00:00+09:00,1072.0,1078.0,1060.0,1073.0,2900,0.0,0.0
2024-08-09 00:00:00+09:00,1075.0,1106.0,1059.0,1059.0,9400,0.0,0.0
2024-08-13 00:00:00+09:00,1065.0,1096.0,1065.0,1084.0,2500,0.0,0.0
2024-08-14 00:00:00+09:00,1103.0,1103.0,1088.0,1095.0,1900,0.0,0.0
2024-08-15 00:00:00+09:00,1109.0,1117.0,1095.0,1115.0,2000,0.0,0.0
2024-08-16 00:00:00+09:00,1109.0,1113.0,1102.0,1102.0,3900,0.0,0.0
2024-08-19 00:00:00+09:00,1114.0,1114.0,1100.0,1101.0,3300,0.0,0.0
2024-08-20 00:00:00+09:00,1104.0,1113.0,1101.0,1110.0,900,0.0,0.0
2024-08-21 00:00:00+09:00,1118.0,1118.0,1110.0,1110.0,1700,0.0,0.0
2024-08-22 00:00:00+09:00,1117.0,1127.0,1117.0,1127.0,3900,0.0,0.0
2024-08-23 00:00:00+09:00,1127.0,1127.0,1100.0,1103.0,5000,0.0,0.0
2024-08-26 00:00:00+09:00,1121.0,1121.0,1113.0,1120.0,1400,0.0,0.0
2024-08-27 00:00:00+09:00,1120.0,1128.0,1120.0,1125.0,1300,0.0,0.0
2024-08-28 00:00:00+09:00,1131.0,1135.0,1120.0,1135.0,2700,0.0,0.0
2024-08-29 00:00:00+09:00,1135.0,1141.0,1132.0,1140.0,3400,0.0,0.0
2024-08-30 00:00:00+09:00,1143.0,1147.0,1143.0,1147.0,2700,0.0,0.0
2024-09-02 00:00:00+09:00,1148.0,1153.0,1147.0,1148.0,3200,0.0,0.0
2024-09-03 00:00:00+09:00,1151.0,1151.0,1149.0,1151.0,2900,0.0,0.0
2024-09-04 00:00:00+09:00,1144.0,1155.0,1140.0,1155.0,4700,0.0,0.0
2024-09-05 00:00:00+09:00,1147.0,1157.0,1137.0,1157.0,2000,0.0,0.0
2024-09-06 00:00:00+09:00,1151.0,1155.0,1140.0,1151.0,2700,0.0,0.0
2024-09-09 00:00:00+09:00,1139.0,1148.0,1135.0,1148.0,2000,0.0,0.0
2024-09-10 00:00:00+09:00,1155.0,1158.0,1142.0,1151.0,3200,0.0,0.0
2024-09-11 00:00:00+09:00,1145.0,1145.0,1111.0,1114.0,2800,0.0,0.0
2024-09-12 00:00:00+09:00,1132.0,1132.0,1120.0,1131.0,1900,0.0,0.0
2024-09-13 00:00:00+09:00,1129.0,1132.0,1127.0,1127.0,3100,0.0,0.0
2024-09-17 00:00:00+09:00,1153.0,1153.0,1114.0,1120.0,7700,0.0,0.0
2024-09-18 00:00:00+09:00,1141.0,1141.0,1133.0,1139.0,2300,0.0,0.0
2024-09-19 00:00:00+09:00,1139.0,1150.0,1139.0,1150.0,2500,0.0,0.0
2024-09-20 00:00:00+09:00,1153.0,1164.0,1150.0,1164.0,4900,0.0,0.0
2024-09-24 00:00:00+09:00,1177.0,1183.0,1169.0,1175.0,5400,0.0,0.0
2024-09-25 00:00:00+09:00,1175.0,1180.0,1172.0,1175.0,3000,0.0,0.0
2024-09-26 00:00:00+09:00,1190.0,1194.0,1178.0,1194.0,8900,0.0,0.0
2024-09-27 00:00:00+09:00,1150.0,1164.0,1150.0,1156.0,5400,0.0,0.0
2024-09-30 00:00:00+09:00,1140.0,1140.0,1121.0,1131.0,4000,0.0,0.0
2024-10-01 00:00:00+09:00,1126.0,1134.0,1126.0,1131.0,2500,0.0,0.0
2024-10-02 00:00:00+09:00,1122.0,1132.0,1122.0,1127.0,1400,0.0,0.0
2024-10-03 00:00:00+09:00,1130.0,1132.0,1121.0,1129.0,1600,0.0,0.0
2024-10-04 00:00:00+09:00,1130.0,1132.0,1125.0,1126.0,1900,0.0,0.0
2024-10-07 00:00:00+09:00,1137.0,1137.0,1125.0,1127.0,1300,0.0,0.0
2024-10-08 00:00:00+09:00,1124.0,1138.0,1124.0,1138.0,800,0.0,0.0
2024-10-09 00:00:00+09:00,1128.0,1135.0,1123.0,1131.0,1100,0.0,0.0
2024-10-10 00:00:00+09:00,1131.0,1132.0,1124.0,1132.0,1300,0.0,0.0
2024-10-11 00:00:00+09:00,1132.0,1133.0,1123.0,1127.0,1800,0.0,0.0
2024-10-15 00:00:00+09:00,1127.0,1129.0,1121.0,1122.0,2300,0.0,0.0
2024-10-16 00:00:00+09:00,1125.0,1127.0,1120.0,1127.0,1200,0.0,0.0
2024-10-17 00:00:00+09:00,1130.0,1130.0,1119.0,1122.0,1100,0.0,0.0
2024-10-18 00:00:00+09:00,1127.0,1127.0,1116.0,1116.0,2100,0.0,0.0
2024-10-21 00:00:00+09:00,1114.0,1114.0,1110.0,1110.0,4800,0.0,0.0
2024-10-22 00:00:00+09:00,1110.0,1113.0,1102.0,1111.0,3400,0.0,0.0
2024-10-23 00:00:00+09:00,1108.0,1108.0,1091.0,1095.0,5200,0.0,0.0
2024-10-24 00:00:00+09:00,1088.0,1088.0,1070.0,1070.0,7600,0.0,0.0
2024-10-25 00:00:00+09:00,1070.0,1076.0,1070.0,1070.0,3000,0.0,0.0
