Date,Open,High,Low,Close,Volume,Dividends,Stock Splits
2000-01-04 00:00:00+09:00,4979.91357421875,5051.055196707589,4979.91357421875,4979.91357421875,636,0.0,0.0
2000-01-05 00:00:00+09:00,5335.623046875,5549.04796875,4979.91484375,5335.623046875,1752,0.0,0.0
2000-01-06 00:00:00+09:00,5406.7633091517855,5406.7633091517855,4979.91357421875,4979.91357421875,1342,0.0,0.0
2000-01-07 00:00:00+09:00,4979.91484375,5335.623046875,4979.91484375,5335.623046875,1670,0.0,0.0
2000-01-10 00:00:00+09:00,5335.623046875,5335.623046875,5335.623046875,5335.623046875,0,0.0,0.0
2000-01-11 00:00:00+09:00,5335.623046875,5335.623046875,5051.056484375,5335.623046875,1464,0.0,0.0
2000-01-12 00:00:00+09:00,5264.48140625,5406.7646875,5193.339765625,5335.623046875,996,0.0,0.0
2000-01-13 00:00:00+09:00,5193.338894314236,5406.763780381944,5122.197265625,5122.197265625,1842,0.0,0.0
2000-01-14 00:00:00+09:00,5193.338840793918,5264.48046875,5122.1972128378375,5264.48046875,1864,0.0,0.0
2000-01-17 00:00:00+09:00,5406.7646875,5477.906328125,5264.48140625,5335.623046875,1598,0.0,0.0
2000-01-18 00:00:00+09:00,5620.189453125,5691.331091772152,5477.906175830696,5620.189453125,2406,0.0,0.0
2000-01-19 00:00:00+09:00,5549.04736328125,5691.33062900641,5477.90573041867,5549.04736328125,958,0.0,0.0
2000-01-20 00:00:00+09:00,5620.188527293019,5691.330154220779,5477.9052734375,5477.9052734375,2030,0.0,0.0
2000-01-21 00:00:00+09:00,5549.04736328125,5691.33062900641,5406.76409755609,5549.04736328125,1934,0.0,0.0
2000-01-24 00:00:00+09:00,5477.905299136513,5549.046926398027,5406.763671875,5406.763671875,622,0.0,0.0
2000-01-25 00:00:00+09:00,5406.763671875,5549.046926398027,5335.622044613488,5406.763671875,1294,0.0,0.0
2000-01-26 00:00:00+09:00,5477.906175830696,5620.189453125,5335.622898536392,5620.189453125,1228,0.0,0.0
2000-01-27 00:00:00+09:00,5335.622151692709,5406.763780381944,5051.055636935764,5122.197265625,2360,0.0,0.0
2000-01-28 00:00:00+09:00,5335.623046875,5335.623046875,5122.198125,5335.623046875,2002,0.0,0.0
2000-01-31 00:00:00+09:00,5122.1972128378375,5335.622096706081,5122.1972128378375,5264.48046875,1194,0.0,0.0
2000-02-01 00:00:00+09:00,5122.197238869863,5193.3388671875,5122.197238869863,5193.3388671875,1338,0.0,0.0
2000-02-02 00:00:00+09:00,5193.338840793918,5264.48046875,5122.1972128378375,5264.48046875,1426,0.0,0.0
2000-02-03 00:00:00+09:00,5122.197265625,5193.338894314236,5122.197265625,5122.197265625,736,0.0,0.0
2000-02-04 00:00:00+09:00,5122.196819196429,5193.338441685268,4979.91357421875,4979.91357421875,1400,0.0,0.0
2000-02-07 00:00:00+09:00,4979.914008246528,5122.197265625,4979.914008246528,5122.197265625,2148,0.0,0.0
2000-02-08 00:00:00+09:00,5193.3388671875,5193.3388671875,5051.0556105522255,5193.3388671875,1038,0.0,0.0
2000-02-09 00:00:00+09:00,5051.055196707589,5122.196819196429,4979.91357421875,4979.91357421875,1460,0.0,0.0
2000-02-10 00:00:00+09:00,4979.91357421875,5051.055196707589,4908.771951729911,4979.91357421875,2402,0.0,0.0
2000-02-11 00:00:00+09:00,4979.91357421875,4979.91357421875,4979.91357421875,4979.91357421875,0,0.0,0.0
2000-02-14 00:00:00+09:00,4908.7719941980695,4908.7719941980695,4695.34712488511,4837.63037109375,2582,0.0,0.0
2000-02-15 00:00:00+09:00,4766.489381820436,4837.6310143849205,4126.2146887400795,4481.9228515625,3366,0.0,0.0
2000-02-16 00:00:00+09:00,4268.497511340725,4410.78076171875,4126.214260962702,4410.78076171875,2644,0.0,0.0
2000-02-17 00:00:00+09:00,4410.781349311441,4410.781349311441,4126.214810646186,4197.3564453125,2248,0.0,0.0
2000-02-18 00:00:00+09:00,4197.3564453125,4268.498079978814,4126.214810646186,4197.3564453125,3044,0.0,0.0
2000-02-21 00:00:00+09:00,4197.356035505022,4268.497663225447,3983.93115234375,3983.93115234375,2284,0.0,0.0
2000-02-22 00:00:00+09:00,4126.215829525354,4126.215829525354,3557.0826116597877,3770.507568359375,5854,0.0,0.0
2000-02-23 00:00:00+09:00,4055.0731759798728,4268.498079978814,3912.7899066472455,4197.3564453125,2858,0.0,0.0
2000-02-24 00:00:00+09:00,4197.356478987069,4268.498114224138,4055.073208512931,4126.21484375,1736,0.0,0.0
2000-02-25 00:00:00+09:00,4055.072998046875,4126.214629591557,3983.9313665021928,4055.072998046875,2520,0.0,0.0
2000-02-28 00:00:00+09:00,4055.072780064174,4126.214407784598,3983.93115234375,3983.93115234375,1492,0.0,0.0
2000-02-29 00:00:00+09:00,3912.789734957511,4055.072998046875,3912.789734957511,4055.072998046875,2438,0.0,0.0
2000-03-01 00:00:00+09:00,4055.072780064174,4126.214407784598,3983.93115234375,3983.93115234375,2370,0.0,0.0
2000-03-02 00:00:00+09:00,4126.214435369318,4126.214435369318,3912.7895507812505,3912.78955078125,1798,0.0,0.0
2000-03-03 00:00:00+09:00,3983.9313665021928,4055.072998046875,3912.789734957511,4055.072998046875,1602,0.0,0.0
2000-03-06 00:00:00+09:00,4055.072998046875,4126.214629591557,3983.9313665021928,4055.072998046875,2024,0.0,0.0
2000-03-07 00:00:00+09:00,4055.07314453125,4268.498046875,4055.07314453125,4268.498046875,2270,0.0,0.0
2000-03-08 00:00:00+09:00,4410.781218998016,4553.064484126984,4268.497953869048,4481.9228515625,1888,0.0,0.0
2000-03-09 00:00:00+09:00,4624.206470090951,5051.056298099347,4553.0648320895525,4766.48974609375,4334,0.0,0.0
2000-03-10 00:00:00+09:00,5406.7633091517855,5406.7633091517855,4979.91357421875,4979.91357421875,7682,0.0,0.0
2000-03-13 00:00:00+09:00,5335.62246469351,5620.18899614383,5122.1975661057695,5549.04736328125,3560,0.0,0.0
2000-03-14 00:00:00+09:00,5620.188527293019,5691.330154220779,5264.480392654221,5477.9052734375,2314,0.0,0.0
2000-03-15 00:00:00+09:00,5335.622151692709,5477.905409071181,5122.197265625,5122.197265625,1870,0.0,0.0
2000-03-16 00:00:00+09:00,5122.1971628289475,5406.763671875,5122.1971628289475,5406.763671875,1912,0.0,0.0
2000-03-17 00:00:00+09:00,5406.7646875,5406.7646875,4979.91484375,5335.623046875,1814,0.0,0.0
2000-03-20 00:00:00+09:00,5335.623046875,5335.623046875,5335.623046875,5335.623046875,0,0.0,0.0
2000-03-21 00:00:00+09:00,4979.9146600979475,5122.197936100746,4624.206470090951,4766.48974609375,1994,0.0,0.0
2000-03-22 00:00:00+09:00,5335.622123822774,5335.622123822774,4837.630725599315,5193.3388671875,2672,0.0,0.0
2000-03-23 00:00:00+09:00,4837.63131227355,5051.056223109148,4766.489675328351,4908.77294921875,872,0.0,0.0
2000-03-24 00:00:00+09:00,4979.914516395246,5051.05615234375,4766.489608549736,5051.05615234375,1374,0.0,0.0
2000-03-27 00:00:00+09:00,4979.91361730239,5122.196863511029,4837.63037109375,4837.63037109375,1810,0.0,0.0
2000-03-28 00:00:00+09:00,4837.6312444982395,5122.197788292254,4837.6312444982395,5051.05615234375,946,0.0,0.0
2000-03-29 00:00:00+09:00,5051.055196707589,5193.338441685268,4979.91357421875,4979.91357421875,1082,0.0,0.0
2000-03-30 00:00:00+09:00,5051.056223109148,5122.197860054348,4908.77294921875,4908.77294921875,914,0.0,0.0
2000-03-31 00:00:00+09:00,4908.773022096549,4979.9146600979475,4766.48974609375,4766.48974609375,1408,0.0,0.0
2000-04-03 00:00:00+09:00,4766.488706752232,4979.91357421875,4766.488706752232,4979.91357421875,932,0.0,0.0
2000-04-04 00:00:00+09:00,4979.914586163949,4979.914586163949,4837.63131227355,4908.77294921875,1150,0.0,0.0
2000-04-05 00:00:00+09:00,4908.77294921875,4979.914586163949,4837.63131227355,4908.77294921875,960,0.0,0.0
2000-04-06 00:00:00+09:00,4908.77294921875,4908.77294921875,4766.489675328351,4908.77294921875,1270,0.0,0.0
2000-04-07 00:00:00+09:00,4837.631384095149,4908.773022096549,4766.48974609375,4766.48974609375,1038,0.0,0.0
2000-04-10 00:00:00+09:00,4766.48974609375,4837.631384095149,4695.348108092351,4766.48974609375,794,0.0,0.0
2000-04-11 00:00:00+09:00,4695.348108092351,4766.48974609375,4695.348108092351,4766.48974609375,1004,0.0,0.0
2000-04-12 00:00:00+09:00,4766.48874798943,4837.63037109375,4695.34712488511,4837.63037109375,1298,0.0,0.0
2000-04-13 00:00:00+09:00,4766.48874798943,4837.63037109375,4695.34712488511,4837.63037109375,1272,0.0,0.0
2000-04-14 00:00:00+09:00,4766.48974609375,4837.631384095149,4624.206470090951,4766.48974609375,2758,0.0,0.0
2000-04-17 00:00:00+09:00,4268.497869318182,4766.489287405303,4268.497869318182,4695.34765625,2290,0.0,0.0
2000-04-18 00:00:00+09:00,4695.348108092351,4766.48974609375,4481.923194088153,4766.48974609375,1644,0.0,0.0
2000-04-19 00:00:00+09:00,4410.780694110576,4766.488814603365,4410.780694110576,4624.20556640625,1758,0.0,0.0
2000-04-20 00:00:00+09:00,4410.781315104166,4553.064583333333,4268.498046875,4268.498046875,2404,0.0,0.0
2000-04-21 00:00:00+09:00,4481.922386907761,4481.922386907761,4126.214260962702,4410.78076171875,5084,0.0,0.0
2000-04-24 00:00:00+09:00,4268.498046875,4410.781315104166,4126.214778645834,4268.498046875,2792,0.0,0.0
2000-04-25 00:00:00+09:00,4268.498046875,4339.639680989583,4126.214778645834,4268.498046875,2464,0.0,0.0
2000-04-26 00:00:00+09:00,4197.356478987069,4268.498114224138,4126.21484375,4126.21484375,2512,0.0,0.0
2000-04-27 00:00:00+09:00,4126.21484375,4268.498114224138,4126.21484375,4126.21484375,1958,0.0,0.0
2000-04-28 00:00:00+09:00,4126.214629591557,4197.356261136239,3912.789734957511,4055.072998046875,3238,0.0,0.0
2000-05-01 00:00:00+09:00,3983.931541313559,4197.3564453125,3912.7899066472455,4197.3564453125,3514,0.0,0.0
2000-05-02 00:00:00+09:00,4197.356261136239,4197.356261136239,4055.072998046875,4055.072998046875,1962,0.0,0.0
2000-05-03 00:00:00+09:00,4055.072998046875,4055.072998046875,4055.072998046875,4055.072998046875,0,0.0,0.0
2000-05-04 00:00:00+09:00,4055.072998046875,4055.072998046875,4055.072998046875,4055.072998046875,0,0.0,0.0
2000-05-05 00:00:00+09:00,4055.072998046875,4055.072998046875,4055.072998046875,4055.072998046875,0,0.0,0.0
2000-05-08 00:00:00+09:00,4197.3564453125,4268.498079978814,4126.214810646186,4197.3564453125,1282,0.0,0.0
2000-05-09 00:00:00+09:00,4197.3564453125,4197.3564453125,4197.3564453125,4197.3564453125,0,0.0,0.0
2000-05-10 00:00:00+09:00,4126.21484375,4197.356478987069,4055.073208512931,4126.21484375,1750,0.0,0.0
2000-05-11 00:00:00+09:00,4126.214629591557,4126.214629591557,3983.9313665021928,4055.072998046875,1380,0.0,0.0
2000-05-12 00:00:00+09:00,4055.072998046875,4126.214629591557,3983.9313665021928,4055.072998046875,3850,0.0,0.0
2000-05-15 00:00:00+09:00,4055.072780064174,4126.214407784598,3983.93115234375,3983.93115234375,1480,0.0,0.0
2000-05-16 00:00:00+09:00,3983.93115234375,4055.072780064174,3983.93115234375,3983.93115234375,1438,0.0,0.0
2000-05-17 00:00:00+09:00,4055.072780064174,4055.072780064174,3983.93115234375,3983.93115234375,1878,0.0,0.0
2000-05-18 00:00:00+09:00,3983.9311789772732,4055.0728071732956,3912.7895507812505,3912.78955078125,1710,0.0,0.0
2000-05-19 00:00:00+09:00,3983.9313665021928,4055.072998046875,3912.789734957511,4055.072998046875,1670,0.0,0.0
2000-05-22 00:00:00+09:00,3983.93115234375,4055.072780064174,3912.7895246233256,3983.93115234375,1652,0.0,0.0
2000-05-23 00:00:00+09:00,4055.073208512931,4126.21484375,3983.9315732758623,4126.21484375,2572,0.0,0.0
2000-05-24 00:00:00+09:00,4126.214629591557,4126.214629591557,3983.9313665021928,4055.072998046875,1348,0.0,0.0
2000-05-25 00:00:00+09:00,4055.0728071732956,4055.0728071732956,3912.7895507812505,3912.78955078125,1286,0.0,0.0
2000-05-26 00:00:00+09:00,3912.7895507812505,3983.9311789772732,3912.7895507812505,3912.78955078125,1630,0.0,0.0
2000-05-29 00:00:00+09:00,3912.7895779079863,3983.931206597222,3770.506320529514,3841.64794921875,2774,0.0,0.0
2000-05-30 00:00:00+09:00,3841.64794921875,3841.64794921875,3841.64794921875,3841.64794921875,0,0.0,0.0
2000-05-31 00:00:00+09:00,3770.5059179687496,3770.5059179687496,3557.0810546875,3557.0810546875,3216,0.0,0.0
2000-06-01 00:00:00+09:00,3557.0813237404336,3628.2229502152422,3343.6564443160078,3485.939697265625,5580,0.0,0.0
2000-06-02 00:00:00+09:00,3414.798148777174,3485.9397768766985,3201.3732644786005,3272.514892578125,7734,0.0,0.0
2000-06-05 00:00:00+09:00,3272.514866605718,3343.656494140625,3272.514866605718,3343.656494140625,3140,0.0,0.0
2000-06-06 00:00:00+09:00,3343.6565206776495,3343.6565206776495,3201.3732644786005,3272.514892578125,4794,0.0,0.0
2000-06-07 00:00:00+09:00,3272.514670138889,3343.6562934027775,3201.373046875,3201.373046875,2514,0.0,0.0
2000-06-08 00:00:00+09:00,3201.3732644786005,3272.514892578125,3201.3732644786005,3272.514892578125,2940,0.0,0.0
2000-06-09 00:00:00+09:00,3201.3732644786005,3343.6565206776495,3201.3732644786005,3272.514892578125,4448,0.0,0.0
2000-06-12 00:00:00+09:00,3343.6564443160078,3485.939697265625,3272.514817841199,3485.939697265625,2442,0.0,0.0
2000-06-13 00:00:00+09:00,3770.5059179687496,3841.6475390624996,3557.0810546875,3557.0810546875,2976,0.0,0.0
2000-06-14 00:00:00+09:00,3699.3647748161766,3699.3647748161766,3557.0815142463234,3628.22314453125,2862,0.0,0.0
2000-06-15 00:00:00+09:00,3699.3642968749996,3699.3642968749996,3557.0810546875,3557.0810546875,1350,0.0,0.0
2000-06-16 00:00:00+09:00,3628.22267578125,3699.3642968749996,3557.0810546875,3557.0810546875,1428,0.0,0.0
2000-06-19 00:00:00+09:00,3557.0815142463234,3628.22314453125,3557.0815142463234,3628.22314453125,1018,0.0,0.0
2000-06-20 00:00:00+09:00,3628.22267578125,3628.22267578125,3485.93943359375,3557.0810546875,1558,0.0,0.0
2000-06-21 00:00:00+09:00,3628.22314453125,3699.3647748161766,3557.0815142463234,3628.22314453125,2534,0.0,0.0
2000-06-22 00:00:00+09:00,3628.22267578125,3699.3642968749996,3557.0810546875,3557.0810546875,1150,0.0,0.0
2000-06-23 00:00:00+09:00,3699.3647460937505,3841.6480055588945,3628.223116361178,3699.36474609375,4178,0.0,0.0
2000-06-26 00:00:00+09:00,3770.507568359375,3841.6492205925706,3699.365916126179,3770.507568359375,1478,0.0,0.0
2000-06-27 00:00:00+09:00,3699.364691840278,3841.64794921875,3699.364691840278,3841.64794921875,1502,0.0,0.0
2000-06-28 00:00:00+09:00,3699.365916126179,3841.6492205925706,3699.365916126179,3770.507568359375,1992,0.0,0.0
2000-06-29 00:00:00+09:00,3770.507568359375,3912.790872825766,3770.507568359375,3770.507568359375,2298,0.0,0.0
2000-06-30 00:00:00+09:00,3912.789764404297,4624.206085205078,3912.789764404297,4553.064453125,8322,0.0,0.0
2000-07-03 00:00:00+09:00,4695.34712488511,5051.055240406709,4624.205501780791,4837.63037109375,9056,0.0,0.0
2000-07-04 00:00:00+09:00,4979.913763230847,4979.913763230847,4339.639136529738,4410.78076171875,5828,0.0,0.0
2000-07-05 00:00:00+09:00,4481.9228515625,4553.064484126984,4339.639586433532,4481.9228515625,2808,0.0,0.0
2000-07-06 00:00:00+09:00,4268.498046875,4410.781315104166,4055.07314453125,4268.498046875,2452,0.0,0.0
2000-07-07 00:00:00+09:00,4055.0731759798728,4268.498079978814,3983.931541313559,4197.3564453125,2248,0.0,0.0
2000-07-10 00:00:00+09:00,4197.356063565341,4268.497691761364,3770.506294389205,3912.78955078125,3738,0.0,0.0
2000-07-11 00:00:00+09:00,4055.0728071732956,4055.0728071732956,3841.6479225852277,3912.78955078125,3544,0.0,0.0
2000-07-12 00:00:00+09:00,3841.6480353860293,3983.9312959558824,3628.22314453125,3628.22314453125,5176,0.0,0.0
2000-07-13 00:00:00+09:00,2561.098942454268,3201.3736780678355,2489.957305163872,2916.80712890625,23578,0.0,0.0
2000-07-14 00:00:00+09:00,3059.0900601473722,3414.7982066761365,2987.9484308416195,3130.231689453125,23160,0.0,0.0
2000-07-17 00:00:00+09:00,3201.3738587845205,3272.515500090843,3059.090576171875,3059.090576171875,7934,0.0,0.0
2000-07-18 00:00:00+09:00,3059.0900601473722,3130.231689453125,2987.9484308416195,3130.231689453125,6392,0.0,0.0
2000-07-19 00:00:00+09:00,3059.0900601473722,3130.231689453125,2987.9484308416195,3130.231689453125,6392,0.0,0.0
2000-07-20 00:00:00+09:00,3130.231689453125,3130.231689453125,3130.231689453125,3130.231689453125,0,0.0,0.0
2000-07-21 00:00:00+09:00,2987.948344983553,2987.948344983553,2703.3818359375,2703.3818359375,11508,0.0,0.0
2000-07-24 00:00:00+09:00,2703.381862331081,2703.381862331081,2489.956978462838,2632.240234375,14092,0.0,0.0
2000-07-25 00:00:00+09:00,2774.523889160156,2916.807165527344,2703.3822509765623,2845.66552734375,8492,0.0,0.0
2000-07-26 00:00:00+09:00,2845.665118243243,2916.806746199324,2632.240234375,2632.240234375,9158,0.0,0.0
2000-07-27 00:00:00+09:00,2632.2402615017363,2703.381890190972,2489.957004123264,2561.0986328125,11126,0.0,0.0
2000-07-28 00:00:00+09:00,2561.0987548828125,2632.2403869628906,2134.2489624023438,2276.5322265625,22002,0.0,0.0
2000-07-31 00:00:00+09:00,2561.0984095982144,2632.2400320870534,2418.8151646205356,2489.956787109375,13578,0.0,0.0
2000-08-01 00:00:00+09:00,2561.0987830528848,2774.523681640625,2489.9571501903047,2774.523681640625,10088,0.0,0.0
2000-08-02 00:00:00+09:00,2632.240208675987,2774.5234631990133,2632.240208675987,2703.3818359375,8634,0.0,0.0
2000-08-03 00:00:00+09:00,2632.2400548598343,2703.3816779641543,2347.673562442555,2418.815185546875,14644,0.0,0.0
2000-08-04 00:00:00+09:00,2418.815459280303,2489.957090435606,2205.390565814394,2347.673828125,14526,0.0,0.0
2000-08-07 00:00:00+09:00,2561.0986328125,2632.2402615017363,2418.815375434028,2561.0986328125,8302,0.0,0.0
2000-08-08 00:00:00+09:00,2774.523594447545,3059.090116954985,2703.3819638206846,2987.948486328125,21104,0.0,0.0
2000-08-09 00:00:00+09:00,2987.948803710937,2987.948803710937,2774.523889160156,2845.66552734375,11834,0.0,0.0
2000-08-10 00:00:00+09:00,3414.798121675532,3557.0813767453456,3272.514866605718,3343.656494140625,30552,0.0,0.0
2000-08-11 00:00:00+09:00,3343.6565773703833,3414.7982066761365,3059.0900601473722,3130.231689453125,11038,0.0,0.0
2000-08-14 00:00:00+09:00,3059.0900601473722,3130.231689453125,2987.9484308416195,3130.231689453125,3776,0.0,0.0
2000-08-15 00:00:00+09:00,2987.948803710937,3059.090441894531,2845.66552734375,2845.66552734375,4850,0.0,0.0
2000-08-16 00:00:00+09:00,2845.66552734375,2916.807165527344,2845.66552734375,2845.66552734375,4212,0.0,0.0
2000-08-17 00:00:00+09:00,2845.6654916158536,2916.80712890625,2845.6654916158536,2916.80712890625,3080,0.0,0.0
2000-08-18 00:00:00+09:00,2774.5234631990133,2916.8067177220396,2703.3818359375,2703.3818359375,6074,0.0,0.0
2000-08-21 00:00:00+09:00,2703.381862331081,2774.523490287162,2632.240234375,2632.240234375,9352,0.0,0.0
2000-08-22 00:00:00+09:00,2703.382048778045,2774.523681640625,2632.240415915465,2774.523681640625,8450,0.0,0.0
2000-08-23 00:00:00+09:00,2916.806947365785,2916.806947365785,2774.523681640625,2774.523681640625,4528,0.0,0.0
2000-08-24 00:00:00+09:00,2845.6652250744046,2987.948486328125,2774.523594447545,2987.948486328125,5748,0.0,0.0
2000-08-25 00:00:00+09:00,2987.9489348655525,3130.232217478198,2916.80729355923,3059.090576171875,5564,0.0,0.0
2000-08-28 00:00:00+09:00,3059.0904034870427,3130.232040777439,2916.80712890625,2916.80712890625,5198,0.0,0.0
2000-08-29 00:00:00+09:00,2916.807165527344,2987.948803710937,2845.66552734375,2845.66552734375,3336,0.0,0.0
2000-08-30 00:00:00+09:00,2916.807165527344,3059.090441894531,2845.66552734375,2845.66552734375,7218,0.0,0.0
2000-08-31 00:00:00+09:00,2845.6654916158536,2916.80712890625,2703.382217035061,2916.80712890625,12056,0.0,0.0
2000-09-01 00:00:00+09:00,3130.2317475818454,3272.5150088355654,2987.948486328125,2987.948486328125,25478,0.0,0.0
2000-09-04 00:00:00+09:00,2916.807165527344,2987.948803710937,2703.3822509765623,2845.66552734375,10680,0.0,0.0
2000-09-05 00:00:00+09:00,2703.3818359375,2774.5234631990133,2703.3818359375,2703.3818359375,4390,0.0,0.0
2000-09-06 00:00:00+09:00,2703.3818359375,2774.5234631990133,2632.240208675987,2703.3818359375,5840,0.0,0.0
2000-09-07 00:00:00+09:00,2703.3818359375,2774.5234631990133,2632.240208675987,2703.3818359375,3270,0.0,0.0
2000-09-08 00:00:00+09:00,2703.3818359375,2703.3818359375,2632.240208675987,2703.3818359375,5650,0.0,0.0
2000-09-11 00:00:00+09:00,2703.381862331081,2703.381862331081,2632.240234375,2632.240234375,1536,0.0,0.0
2000-09-12 00:00:00+09:00,2632.2402615017363,2703.381890190972,2561.0986328125,2561.0986328125,4442,0.0,0.0
2000-09-13 00:00:00+09:00,2632.240234375,2703.381862331081,2632.240234375,2632.240234375,5616,0.0,0.0
2000-09-14 00:00:00+09:00,2845.665314503205,2845.665314503205,2774.523681640625,2774.523681640625,10262,0.0,0.0
2000-09-15 00:00:00+09:00,2774.523681640625,2774.523681640625,2774.523681640625,2774.523681640625,0,0.0,0.0
2000-09-18 00:00:00+09:00,2774.523681640625,2845.665314503205,2774.523681640625,2774.523681640625,3850,0.0,0.0
2000-09-19 00:00:00+09:00,2774.523681640625,2774.523681640625,2632.240415915465,2774.523681640625,6780,0.0,0.0
2000-09-20 00:00:00+09:00,2632.2402615017363,2703.381890190972,2561.0986328125,2561.0986328125,4084,0.0,0.0
2000-09-21 00:00:00+09:00,2703.381862331081,2703.381862331081,2632.240234375,2632.240234375,4640,0.0,0.0
2000-09-22 00:00:00+09:00,2703.3818359375,2774.5234631990133,2632.240208675987,2703.3818359375,5104,0.0,0.0
2000-09-25 00:00:00+09:00,2703.382048778045,2774.523681640625,2703.382048778045,2774.523681640625,1920,0.0,0.0
2000-09-26 00:00:00+09:00,2703.381862331081,2774.523490287162,2632.240234375,2632.240234375,1820,0.0,0.0
2000-09-27 00:00:00+09:00,2632.240208675987,2703.3818359375,2632.240208675987,2703.3818359375,1696,0.0,0.0
2000-09-28 00:00:00+09:00,2632.2402615017363,2703.381890190972,2561.0986328125,2561.0986328125,2024,0.0,0.0
2000-09-29 00:00:00+09:00,2561.0986328125,2632.2402615017363,2561.0986328125,2561.0986328125,2252,0.0,0.0
2000-10-02 00:00:00+09:00,2561.0984095982144,2632.2400320870534,2418.8151646205356,2489.956787109375,5192,0.0,0.0
2000-10-03 00:00:00+09:00,2418.815185546875,2489.956808651195,2347.673562442555,2418.815185546875,4774,0.0,0.0
2000-10-04 00:00:00+09:00,2276.532196969697,2347.673828125,2276.532196969697,2347.673828125,2788,0.0,0.0
2000-10-05 00:00:00+09:00,2276.532006048387,2276.532006048387,2134.2487556703627,2205.390380859375,5634,0.0,0.0
2000-10-06 00:00:00+09:00,2134.2490234375,2205.390657552083,2063.107389322917,2134.2490234375,7244,0.0,0.0
2000-10-09 00:00:00+09:00,2134.2490234375,2134.2490234375,2134.2490234375,2134.2490234375,0,0.0,0.0
2000-10-10 00:00:00+09:00,2134.249057112069,2134.249057112069,2063.107421875,2063.107421875,4612,0.0,0.0
2000-10-11 00:00:00+09:00,2063.107130481351,2205.390380859375,2063.107130481351,2205.390380859375,3814,0.0,0.0
2000-10-12 00:00:00+09:00,2205.390594482422,2276.5322265625,2134.2489624023438,2276.5322265625,3870,0.0,0.0
2000-10-13 00:00:00+09:00,2205.390380859375,2276.532006048387,2205.390380859375,2205.390380859375,2266,0.0,0.0
2000-10-16 00:00:00+09:00,2205.390380859375,2205.390380859375,2205.390380859375,2205.390380859375,0,0.0,0.0
2000-10-17 00:00:00+09:00,2205.390657552083,2276.5322916666664,2134.2490234375,2134.2490234375,1314,0.0,0.0
2000-10-18 00:00:00+09:00,2134.2487556703627,2205.390380859375,2134.2487556703627,2205.390380859375,1444,0.0,0.0
2000-10-19 00:00:00+09:00,2134.2487556703627,2205.390380859375,2063.107130481351,2205.390380859375,2340,0.0,0.0
2000-10-20 00:00:00+09:00,2134.2490234375,2205.390657552083,2134.2490234375,2134.2490234375,1610,0.0,0.0
2000-10-23 00:00:00+09:00,2205.390380859375,2276.532006048387,2134.2487556703627,2205.390380859375,2254,0.0,0.0
2000-10-24 00:00:00+09:00,2205.390380859375,2205.390380859375,2134.2487556703627,2205.390380859375,1134,0.0,0.0
2000-10-25 00:00:00+09:00,2134.249057112069,2205.390692349138,2063.107421875,2063.107421875,2560,0.0,0.0
2000-10-26 00:00:00+09:00,2063.107389322917,2134.2490234375,2063.107389322917,2134.2490234375,2518,0.0,0.0
2000-10-27 00:00:00+09:00,2134.2490234375,2134.2490234375,2134.2490234375,2134.2490234375,0,0.0,0.0
2000-10-30 00:00:00+09:00,2063.107389322917,2205.390657552083,2063.107389322917,2134.2490234375,2710,0.0,0.0
2000-10-31 00:00:00+09:00,2134.2490234375,2134.2490234375,2063.107389322917,2134.2490234375,1770,0.0,0.0
2000-11-01 00:00:00+09:00,2063.107421875,2205.390692349138,2063.107421875,2063.107421875,1892,0.0,0.0
2000-11-02 00:00:00+09:00,2134.2490234375,2205.390657552083,2063.107389322917,2134.2490234375,1014,0.0,0.0
2000-11-03 00:00:00+09:00,2134.2490234375,2134.2490234375,2134.2490234375,2134.2490234375,0,0.0,0.0
2000-11-06 00:00:00+09:00,2063.107421875,2134.249057112069,1991.9657866379312,2063.107421875,3228,0.0,0.0
2000-11-07 00:00:00+09:00,2063.107203892299,2063.107203892299,1991.965576171875,1991.965576171875,1336,0.0,0.0
2000-11-08 00:00:00+09:00,1991.965576171875,2063.107203892299,1991.965576171875,1991.965576171875,1336,0.0,0.0
2000-11-09 00:00:00+09:00,1991.965576171875,2063.107203892299,1991.965576171875,1991.965576171875,1410,0.0,0.0
2000-11-10 00:00:00+09:00,1991.965603298611,2063.107231987847,1920.823974609375,1920.823974609375,2624,0.0,0.0
2000-11-13 00:00:00+09:00,1920.8240027794473,1991.9656325120193,1849.6823730468752,1849.682373046875,2482,0.0,0.0
2000-11-14 00:00:00+09:00,1849.6821484374998,1849.6821484374998,1707.39890625,1778.54052734375,4094,0.0,0.0
2000-11-15 00:00:00+09:00,1707.399074388587,1778.5407024881115,1493.9741900900135,1636.2574462890625,6600,0.0,0.0
2000-11-16 00:00:00+09:00,1565.1158737909227,1636.2575044177827,1422.8326125372023,1493.9742431640625,8004,0.0,0.0
2000-11-17 00:00:00+09:00,1493.9742154208097,1565.1158447265625,1422.8325861150568,1565.1158447265625,3204,0.0,0.0
2000-11-20 00:00:00+09:00,1565.1158447265625,1636.2574740323153,1493.9742154208097,1565.1158447265625,2888,0.0,0.0
2000-11-21 00:00:00+09:00,1778.540732643821,1778.540732643821,1565.1158447265625,1565.1158447265625,3460,0.0,0.0
2000-11-22 00:00:00+09:00,1636.2574208577473,1778.5406748453775,1636.2574208577473,1707.3990478515625,3170,0.0,0.0
2000-11-23 00:00:00+09:00,1707.3990478515623,1707.3990478515623,1707.3990478515623,1707.3990478515625,0,0.0,0.0
2000-11-24 00:00:00+09:00,1707.3990478515623,1778.5406748453775,1636.2574208577473,1707.3990478515625,2080,0.0,0.0
2000-11-27 00:00:00+09:00,1778.54052734375,1778.54052734375,1707.39890625,1778.54052734375,1560,0.0,0.0
2000-11-28 00:00:00+09:00,1778.5407172309028,1991.965603298611,1707.3990885416667,1920.823974609375,5310,0.0,0.0
2000-11-29 00:00:00+09:00,1991.9655052923385,2347.673631237399,1920.8238801033265,2205.390380859375,12070,0.0,0.0
2000-11-30 00:00:00+09:00,1991.9657866379312,2134.249057112069,1849.6825161637933,2063.107421875,15298,0.0,0.0
2000-12-01 00:00:00+09:00,2063.107421875,2063.107421875,1991.9657866379312,2063.107421875,6230,0.0,0.0
2000-12-04 00:00:00+09:00,2063.107203892299,2134.2488316127233,1920.8239484514509,1991.965576171875,6398,0.0,0.0
2000-12-05 00:00:00+09:00,1991.965603298611,2063.107231987847,1920.823974609375,1920.823974609375,2636,0.0,0.0
2000-12-06 00:00:00+09:00,2063.107203892299,2063.107203892299,1920.8239484514509,1991.965576171875,2706,0.0,0.0
2000-12-07 00:00:00+09:00,1991.9657866379312,2063.107421875,1920.824151400862,2063.107421875,2764,0.0,0.0
2000-12-08 00:00:00+09:00,1991.965603298611,2063.107231987847,1920.823974609375,1920.823974609375,6358,0.0,0.0
2000-12-11 00:00:00+09:00,2134.248934659091,2489.957090435606,2134.248934659091,2347.673828125,22390,0.0,0.0
2000-12-12 00:00:00+09:00,2489.956978462838,2632.240234375,2347.6737225506754,2632.240234375,14354,0.0,0.0
2000-12-13 00:00:00+09:00,2632.2400320870534,2703.3816545758928,2418.8151646205356,2489.956787109375,16220,0.0,0.0
2000-12-14 00:00:00+09:00,2489.957090435606,2561.098721590909,2347.673828125,2347.673828125,7330,0.0,0.0
2000-12-15 00:00:00+09:00,2276.532196969697,2418.815459280303,2276.532196969697,2347.673828125,5052,0.0,0.0
2000-12-18 00:00:00+09:00,2276.532196969697,2347.673828125,2276.532196969697,2347.673828125,2426,0.0,0.0
2000-12-19 00:00:00+09:00,2347.673631237399,2347.673631237399,2205.390380859375,2205.390380859375,2982,0.0,0.0
2000-12-20 00:00:00+09:00,2205.390657552083,2276.5322916666664,2134.2490234375,2134.2490234375,3980,0.0,0.0
2000-12-21 00:00:00+09:00,2276.5322916666664,2276.5322916666664,2134.2490234375,2134.2490234375,3560,0.0,0.0
2000-12-22 00:00:00+09:00,2134.2490234375,2205.390657552083,2134.2490234375,2134.2490234375,1938,0.0,0.0
2000-12-25 00:00:00+09:00,2134.2489624023438,2276.5322265625,2134.2489624023438,2276.5322265625,3238,0.0,0.0
2000-12-26 00:00:00+09:00,2276.5322916666664,2276.5322916666664,2134.2490234375,2134.2490234375,1966,0.0,0.0
2000-12-27 00:00:00+09:00,2489.9571501903047,2774.523681640625,2347.673884465144,2774.523681640625,27034,0.0,0.0
2000-12-28 00:00:00+09:00,3130.231636379076,3485.9397768766985,3059.0900082795515,3272.514892578125,82432,0.0,0.0
2000-12-29 00:00:00+09:00,3272.514892578125,3485.9397768766985,3272.514892578125,3272.514892578125,20928,0.0,0.0
2001-01-01 00:00:00+09:00,3272.514892578125,3272.514892578125,3272.514892578125,3272.514892578125,0,0.0,0.0
2001-01-02 00:00:00+09:00,3272.514892578125,3272.514892578125,3272.514892578125,3272.514892578125,0,0.0,0.0
2001-01-03 00:00:00+09:00,3272.514892578125,3272.514892578125,3272.514892578125,3272.514892578125,0,0.0,0.0
2001-01-04 00:00:00+09:00,3343.657141397166,3343.657141397166,2916.80729355923,3059.090576171875,9176,0.0,0.0
2001-01-05 00:00:00+09:00,2987.9489348655525,3130.232217478198,2916.80729355923,3059.090576171875,9738,0.0,0.0
2001-01-08 00:00:00+09:00,3059.090576171875,3059.090576171875,3059.090576171875,3059.090576171875,0,0.0,0.0
2001-01-09 00:00:00+09:00,2916.80712890625,2987.9487661966464,2845.6654916158536,2916.80712890625,7814,0.0,0.0
2001-01-10 00:00:00+09:00,2845.6650904605267,2845.6650904605267,2632.240208675987,2703.3818359375,8238,0.0,0.0
2001-01-11 00:00:00+09:00,2632.2402615017363,2632.2402615017363,2418.815375434028,2561.0986328125,9620,0.0,0.0
2001-01-12 00:00:00+09:00,2561.0984095982144,2632.2400320870534,2489.956787109375,2489.956787109375,5012,0.0,0.0
2001-01-15 00:00:00+09:00,2489.957004123264,2632.2402615017363,2489.957004123264,2561.0986328125,2862,0.0,0.0
2001-01-16 00:00:00+09:00,2632.240234375,2703.381862331081,2489.956978462838,2632.240234375,2586,0.0,0.0
2001-01-17 00:00:00+09:00,2561.0984095982144,2632.2400320870534,2489.956787109375,2489.956787109375,2630,0.0,0.0
2001-01-18 00:00:00+09:00,2561.0984095982144,2561.0984095982144,2489.956787109375,2489.956787109375,2736,0.0,0.0
2001-01-19 00:00:00+09:00,2561.0984095982144,2561.0984095982144,2489.956787109375,2489.956787109375,3068,0.0,0.0
2001-01-22 00:00:00+09:00,2418.815185546875,2489.956808651195,2347.673562442555,2418.815185546875,5226,0.0,0.0
2001-01-23 00:00:00+09:00,2489.956787109375,2489.956787109375,2347.673542131696,2489.956787109375,3426,0.0,0.0
2001-01-24 00:00:00+09:00,2418.8151646205356,2561.0984095982144,2347.673542131696,2489.956787109375,7222,0.0,0.0
2001-01-25 00:00:00+09:00,2489.956808651195,2561.0984317555144,2418.815185546875,2418.815185546875,4942,0.0,0.0
2001-01-26 00:00:00+09:00,2489.957090435606,2489.957090435606,2347.673828125,2347.673828125,3194,0.0,0.0
2001-01-29 00:00:00+09:00,2347.673562442555,2418.815185546875,2347.673562442555,2418.815185546875,4470,0.0,0.0
2001-01-30 00:00:00+09:00,2418.815459280303,2418.815459280303,2347.673828125,2347.673828125,3314,0.0,0.0
2001-01-31 00:00:00+09:00,2347.673828125,2418.815459280303,2347.673828125,2347.673828125,2604,0.0,0.0
2001-02-01 00:00:00+09:00,2347.673858642578,2418.8154907226562,2276.5322265625,2276.5322265625,4086,0.0,0.0
2001-02-02 00:00:00+09:00,2347.673631237399,2347.673631237399,2205.390380859375,2205.390380859375,4220,0.0,0.0
2001-02-05 00:00:00+09:00,2205.390594482422,2276.5322265625,2205.390594482422,2276.5322265625,2548,0.0,0.0
2001-02-06 00:00:00+09:00,2205.390657552083,2276.5322916666664,2134.2490234375,2134.2490234375,3074,0.0,0.0
2001-02-07 00:00:00+09:00,2205.390380859375,2276.532006048387,2134.2487556703627,2205.390380859375,4822,0.0,0.0
2001-02-08 00:00:00+09:00,2205.390657552083,2205.390657552083,2134.2490234375,2134.2490234375,3360,0.0,0.0
2001-02-09 00:00:00+09:00,2134.2490234375,2205.390657552083,2134.2490234375,2134.2490234375,3616,0.0,0.0
2001-02-12 00:00:00+09:00,2134.2490234375,2134.2490234375,2134.2490234375,2134.2490234375,0,0.0,0.0
2001-02-13 00:00:00+09:00,2489.957004123264,2774.5235188802085,2418.815375434028,2561.0986328125,17406,0.0,0.0
2001-02-14 00:00:00+09:00,2561.0984317555144,2561.0984317555144,2276.531939338235,2418.815185546875,8120,0.0,0.0
2001-02-15 00:00:00+09:00,2418.8151646205356,2561.0984095982144,2418.8151646205356,2489.956787109375,4452,0.0,0.0
2001-02-16 00:00:00+09:00,2489.956787109375,2561.0984095982144,2418.8151646205356,2489.956787109375,3882,0.0,0.0
2001-02-19 00:00:00+09:00,2418.815375434028,2561.0986328125,2418.815375434028,2561.0986328125,3630,0.0,0.0
2001-02-20 00:00:00+09:00,2489.956978462838,2632.240234375,2489.956978462838,2632.240234375,8036,0.0,0.0
2001-02-21 00:00:00+09:00,2703.382217035061,2987.9487661966464,2632.2405797446645,2916.80712890625,19274,0.0,0.0
2001-02-22 00:00:00+09:00,2916.806855701265,3059.090116954985,2703.3819638206846,2987.948486328125,26230,0.0,0.0
2001-02-23 00:00:00+09:00,2987.948486328125,2987.948486328125,2987.948486328125,2987.948486328125,0,0.0,0.0
2001-02-26 00:00:00+09:00,2987.948486328125,2987.948486328125,2987.948486328125,2987.948486328125,0,0.0,0.0
2001-02-27 00:00:00+09:00,2987.948486328125,2987.948486328125,2987.948486328125,2987.948486328125,0,0.0,0.0
2001-02-28 00:00:00+09:00,2987.948486328125,2987.948486328125,2987.948486328125,2987.948486328125,0,0.0,0.0
2001-03-01 00:00:00+09:00,3165.802444045608,3165.802444045608,2312.102908572635,2632.240234375,12072,0.0,0.0
2001-03-02 00:00:00+09:00,2632.2405300946302,2667.811348068882,2525.528076171875,2525.528076171875,4792,0.0,0.0
2001-03-05 00:00:00+09:00,2525.5281490496736,2525.5281490496736,2347.6740540461756,2383.244873046875,4272,0.0,0.0
2001-03-06 00:00:00+09:00,2312.103042602539,2383.244674682617,2276.5322265625,2276.5322265625,3968,0.0,0.0
2001-03-07 00:00:00+09:00,2205.3906410092213,2240.9614577996927,2134.2490074282787,2169.81982421875,6060,0.0,0.0
2001-03-08 00:00:00+09:00,2134.2488606770835,2596.669447157118,2134.2488606770835,2561.0986328125,13380,0.0,0.0
2001-03-09 00:00:00+09:00,2703.3816545758928,2738.952465820312,2383.244353376116,2489.956787109375,15460,0.0,0.0
2001-03-12 00:00:00+09:00,2418.815459280303,2454.3862748579545,2347.673828125,2347.673828125,3792,0.0,0.0
2001-03-13 00:00:00+09:00,2312.102783203125,2383.2444073016827,2276.531971153846,2312.102783203125,3612,0.0,0.0
2001-03-14 00:00:00+09:00,2312.102783203125,2312.102783203125,2312.102783203125,2312.102783203125,0,0.0,0.0
2001-03-15 00:00:00+09:00,2276.5324160447763,2383.244873046875,2240.9615970440764,2383.244873046875,3324,0.0,0.0
2001-03-16 00:00:00+09:00,2276.531939338235,2418.815185546875,2276.531939338235,2418.815185546875,3924,0.0,0.0
2001-03-19 00:00:00+09:00,2418.815656136775,2454.386474609375,2347.674019191576,2454.386474609375,3884,0.0,0.0
2001-03-20 00:00:00+09:00,2454.386474609375,2454.386474609375,2454.386474609375,2454.386474609375,0,0.0,0.0
2001-03-21 00:00:00+09:00,2525.5275983537945,2525.5275983537945,2383.244353376116,2489.956787109375,4296,0.0,0.0
2001-03-22 00:00:00+09:00,2489.957004123264,2561.0986328125,2454.386189778646,2561.0986328125,3548,0.0,0.0
2001-03-23 00:00:00+09:00,2454.386176958476,2596.66943359375,2418.8153627996576,2596.66943359375,5760,0.0,0.0
2001-03-26 00:00:00+09:00,2596.66943359375,2596.66943359375,2454.386176958476,2596.66943359375,5016,0.0,0.0
2001-03-27 00:00:00+09:00,2525.527818467882,2561.0986328125,2489.957004123264,2561.0986328125,2496,0.0,0.0
2001-03-28 00:00:00+09:00,2489.956808651195,2596.6692433076746,1814.1113891601562,2418.815185546875,30612,0.0,0.0
2001-03-29 00:00:00+09:00,2134.2489624023438,2312.103042602539,2134.2489624023438,2276.5322265625,16420,0.0,0.0
2001-03-30 00:00:00+09:00,2276.532196969697,2383.2446437026515,2240.9613813920455,2347.673828125,14008,0.0,0.0
2001-04-02 00:00:00+09:00,2383.2448376641755,2454.386474609375,2347.674019191576,2454.386474609375,9392,0.0,0.0
2001-04-03 00:00:00+09:00,2454.386474609375,2489.9572930819745,2383.2448376641755,2454.386474609375,12660,0.0,0.0
2001-04-04 00:00:00+09:00,2418.815185546875,2418.815185546875,2347.673562442555,2418.815185546875,5744,0.0,0.0
2001-04-05 00:00:00+09:00,2418.815459280303,2418.815459280303,2347.673828125,2347.673828125,5540,0.0,0.0
2001-04-06 00:00:00+09:00,2383.244373994715,2418.815185546875,2347.673562442555,2418.815185546875,8424,0.0,0.0
2001-04-09 00:00:00+09:00,2383.2446437026515,2418.815459280303,2312.1030125473485,2347.673828125,14288,0.0,0.0
2001-04-10 00:00:00+09:00,2383.2444073016827,2383.2444073016827,2312.102783203125,2312.102783203125,4088,0.0,0.0
2001-04-11 00:00:00+09:00,2347.673874627976,2347.673874627976,2240.96142578125,2240.96142578125,7324,0.0,0.0
2001-04-12 00:00:00+09:00,2276.531971153846,2312.102783203125,2240.9611591045673,2312.102783203125,5164,0.0,0.0
2001-04-13 00:00:00+09:00,2276.532196969697,2347.673828125,2240.9613813920455,2347.673828125,6748,0.0,0.0
2001-04-16 00:00:00+09:00,2347.6735952524036,2383.2444073016827,2276.531971153846,2312.102783203125,6504,0.0,0.0
2001-04-17 00:00:00+09:00,2347.6735952524036,2383.2444073016827,2312.102783203125,2312.102783203125,4584,0.0,0.0
2001-04-18 00:00:00+09:00,2312.1027508903953,2418.815185546875,2312.1027508903953,2418.815185546875,10016,0.0,0.0
2001-04-19 00:00:00+09:00,2383.2446437026515,2383.2446437026515,2347.673828125,2347.673828125,3444,0.0,0.0
2001-04-20 00:00:00+09:00,2347.6735952524036,2383.2444073016827,2312.102783203125,2312.102783203125,3884,0.0,0.0
2001-04-23 00:00:00+09:00,2383.2446437026515,2418.815459280303,2347.673828125,2347.673828125,11744,0.0,0.0
2001-04-24 00:00:00+09:00,2383.244873046875,2383.244873046875,2312.1032350454757,2383.244873046875,5028,0.0,0.0
2001-04-25 00:00:00+09:00,2383.2446437026515,2418.815459280303,2347.673828125,2347.673828125,12760,0.0,0.0
2001-04-26 00:00:00+09:00,2383.2446437026515,2418.815459280303,2347.673828125,2347.673828125,12760,0.0,0.0
2001-04-27 00:00:00+09:00,2418.8151646205356,2489.956787109375,2383.244353376116,2489.956787109375,30828,0.0,0.0
2001-04-30 00:00:00+09:00,2489.956787109375,2489.956787109375,2489.956787109375,2489.956787109375,0,0.0,0.0
2001-05-01 00:00:00+09:00,2525.5277924408783,2667.8110483530404,2489.956978462838,2632.240234375,43036,0.0,0.0
2001-05-02 00:00:00+09:00,2632.2405300946302,2632.2405300946302,2418.8156222491198,2525.528076171875,26616,0.0,0.0
2001-05-03 00:00:00+09:00,2525.528076171875,2525.528076171875,2525.528076171875,2525.528076171875,0,0.0,0.0
2001-05-04 00:00:00+09:00,2525.528076171875,2525.528076171875,2525.528076171875,2525.528076171875,0,0.0,0.0
2001-05-07 00:00:00+09:00,2489.9573300489737,2489.9573300489737,2347.6740540461756,2383.244873046875,122,0.0,0.0
2001-05-08 00:00:00+09:00,2347.673828125,2383.2446437026515,2312.1030125473485,2347.673828125,80,0.0,0.0
2001-05-09 00:00:00+09:00,2347.6735952524036,2347.6735952524036,2276.531971153846,2312.102783203125,66,0.0,0.0
2001-05-10 00:00:00+09:00,2312.1030125473485,2383.2446437026515,2276.532196969697,2347.673828125,38,0.0,0.0
2001-05-11 00:00:00+09:00,2347.673858642578,2347.673858642578,2276.5322265625,2276.5322265625,47,0.0,0.0
2001-05-14 00:00:00+09:00,2276.532242063492,2312.103058345734,2240.96142578125,2240.96142578125,39,0.0,0.0
2001-05-15 00:00:00+09:00,2240.96142578125,2312.103058345734,2240.96142578125,2240.96142578125,2996,0.0,0.0
2001-05-16 00:00:00+09:00,2240.96142578125,2312.103058345734,2240.96142578125,2240.96142578125,3696,0.0,0.0
2001-05-17 00:00:00+09:00,2276.532242063492,2312.103058345734,2240.96142578125,2240.96142578125,2916,0.0,0.0
2001-05-18 00:00:00+09:00,2276.532242063492,2276.532242063492,2240.96142578125,2240.96142578125,4064,0.0,0.0
2001-05-21 00:00:00+09:00,2240.96142578125,2276.532242063492,2205.390609499008,2240.96142578125,3636,0.0,0.0
2001-05-22 00:00:00+09:00,2205.3906410092213,2240.9614577996927,2134.2490074282787,2169.81982421875,9292,0.0,0.0
2001-05-23 00:00:00+09:00,2134.2490234375,2134.2490234375,2027.536572265625,2134.2490234375,14728,0.0,0.0
2001-05-24 00:00:00+09:00,2098.67822265625,2098.67822265625,2063.107405323093,2098.67822265625,3356,0.0,0.0
2001-05-25 00:00:00+09:00,2098.6782394935344,2134.249057112069,2063.107421875,2063.107421875,3196,0.0,0.0
2001-05-28 00:00:00+09:00,2063.107421875,2134.249057112069,2063.107421875,2063.107421875,2612,0.0,0.0
2001-05-29 00:00:00+09:00,2063.107421875,2134.249057112069,2063.107421875,2063.107421875,2448,0.0,0.0
2001-05-30 00:00:00+09:00,2063.1073147957786,2063.1073147957786,1991.9656832510964,2027.5364990234375,7656,0.0,0.0
2001-05-31 00:00:00+09:00,2027.5364990234375,2134.2489463404604,1991.9656832510964,2027.5364990234375,4552,0.0,0.0
2001-06-01 00:00:00+09:00,2063.107421875,2063.107421875,1991.9657866379312,2063.107421875,1772,0.0,0.0
2001-06-04 00:00:00+09:00,2063.107421875,2063.107421875,1991.9657866379312,2063.107421875,2728,0.0,0.0
2001-06-05 00:00:00+09:00,2027.5364990234375,2063.1073147957786,1991.9656832510964,2027.5364990234375,2428,0.0,0.0
2001-06-06 00:00:00+09:00,2027.5366042564656,2063.107421875,1991.9657866379312,2063.107421875,1256,0.0,0.0
2001-06-07 00:00:00+09:00,2063.107421875,2063.107421875,1991.9657866379312,2063.107421875,1536,0.0,0.0
2001-06-08 00:00:00+09:00,2169.8198747306037,2169.8198747306037,2027.5366042564656,2063.107421875,13224,0.0,0.0
2001-06-11 00:00:00+09:00,2063.1073147957786,2098.6781305681193,2027.5364990234375,2027.5364990234375,1404,0.0,0.0
2001-06-12 00:00:00+09:00,2063.107203892299,2063.107203892299,1991.965576171875,1991.965576171875,2996,0.0,0.0
2001-06-13 00:00:00+09:00,2027.536390032087,2063.107203892299,1991.965576171875,1991.965576171875,1828,0.0,0.0
2001-06-14 00:00:00+09:00,2027.536390032087,2027.536390032087,1991.965576171875,1991.965576171875,2272,0.0,0.0
2001-06-15 00:00:00+09:00,1991.9655894886366,2027.5364035866478,1956.3947753906252,1956.394775390625,2396,0.0,0.0
2001-06-18 00:00:00+09:00,1956.3948674787555,2027.5364990234375,1956.3948674787555,2027.5364990234375,3032,0.0,0.0
2001-06-19 00:00:00+09:00,2027.536390032087,2063.107203892299,1956.3947623116628,1991.965576171875,3976,0.0,0.0
2001-06-20 00:00:00+09:00,1991.9655894886366,2027.5364035866478,1956.3947753906252,1956.394775390625,2380,0.0,0.0
2001-06-21 00:00:00+09:00,2027.536390032087,2027.536390032087,1991.965576171875,1991.965576171875,2608,0.0,0.0
2001-06-22 00:00:00+09:00,2027.5364990234375,2063.1073147957786,1991.9656832510964,2027.5364990234375,3752,0.0,0.0
2001-06-25 00:00:00+09:00,2027.536390032087,2063.107203892299,1991.965576171875,1991.965576171875,4260,0.0,0.0
2001-06-26 00:00:00+09:00,2027.536390032087,2027.536390032087,1956.3947623116628,1991.965576171875,3496,0.0,0.0
2001-06-27 00:00:00+09:00,1991.9655894886366,2027.5364035866478,1956.3947753906252,1956.394775390625,3284,0.0,0.0
2001-06-28 00:00:00+09:00,1956.3947623116628,2027.536390032087,1956.3947623116628,1991.965576171875,6348,0.0,0.0
2001-06-29 00:00:00+09:00,1991.9656832510964,2027.5364990234375,1956.3948674787555,2027.5364990234375,3068,0.0,0.0
2001-07-02 00:00:00+09:00,1991.965576171875,2027.536390032087,1956.3947623116628,1991.965576171875,3512,0.0,0.0
2001-07-03 00:00:00+09:00,1991.9655894886366,2027.5364035866478,1956.3947753906252,1956.394775390625,2468,0.0,0.0
2001-07-04 00:00:00+09:00,1991.9655894886366,1991.9655894886366,1920.8239612926138,1956.394775390625,5724,0.0,0.0
2001-07-05 00:00:00+09:00,1956.3947623116628,1991.965576171875,1920.8239484514509,1991.965576171875,2316,0.0,0.0
2001-07-06 00:00:00+09:00,1956.3947889539932,1991.965603298611,1920.823974609375,1920.823974609375,2612,0.0,0.0
2001-07-09 00:00:00+09:00,1920.8246102962853,1956.395436412883,1885.2537841796875,1885.2537841796875,2584,0.0,0.0
2001-07-10 00:00:00+09:00,1885.253160264757,1956.3947889539932,1885.253160264757,1920.823974609375,3168,0.0,0.0
2001-07-11 00:00:00+09:00,1920.8246102962853,1956.395436412883,1885.2537841796875,1885.2537841796875,3472,0.0,0.0
2001-07-12 00:00:00+09:00,1920.8240027794473,1920.8240027794473,1849.6823730468752,1849.682373046875,1936,0.0,0.0
2001-07-13 00:00:00+09:00,1885.2529589843748,1885.2529589843748,1778.54052734375,1778.54052734375,9412,0.0,0.0
2001-07-16 00:00:00+09:00,1778.5406618702168,1814.1114751076211,1742.9698486328125,1742.9698486328125,2600,0.0,0.0
2001-07-17 00:00:00+09:00,1742.9697699652777,1742.9697699652777,1600.6865234375,1600.6865234375,8980,0.0,0.0
2001-07-18 00:00:00+09:00,1636.2573350694445,1671.8281467013887,1565.1157118055555,1600.6865234375,6296,0.0,0.0
2001-07-19 00:00:00+09:00,1600.6866593794389,1636.2574740323153,1565.1158447265625,1565.1158447265625,2892,0.0,0.0
2001-07-20 00:00:00+09:00,1565.1158447265625,1565.1158447265625,1565.1158447265625,1565.1158447265625,0,0.0,0.0
2001-07-23 00:00:00+09:00,1636.2577500454215,1636.2577500454215,1529.5452880859375,1529.5452880859375,5160,0.0,0.0
2001-07-24 00:00:00+09:00,1565.1157118055555,1636.2573350694445,1529.544900173611,1600.6865234375,5628,0.0,0.0
2001-07-25 00:00:00+09:00,1600.6866593794389,1600.6866593794389,1529.5450300736861,1565.1158447265625,2108,0.0,0.0
2001-07-26 00:00:00+09:00,1565.1158447265625,1636.2574740323153,1565.1158447265625,1565.1158447265625,3656,0.0,0.0
2001-07-27 00:00:00+09:00,1600.6866593794389,1636.2574740323153,1565.1158447265625,1565.1158447265625,4624,0.0,0.0
2001-07-30 00:00:00+09:00,1600.6866593794389,1600.6866593794389,1529.5450300736861,1565.1158447265625,4156,0.0,0.0
2001-07-31 00:00:00+09:00,1565.1158447265625,1600.6866593794389,1529.5450300736861,1565.1158447265625,4280,0.0,0.0
2001-08-01 00:00:00+09:00,1565.1158447265625,1600.6866593794389,1529.5450300736861,1565.1158447265625,2924,0.0,0.0
2001-08-02 00:00:00+09:00,1565.1157118055555,1600.6865234375,1565.1157118055555,1600.6865234375,2340,0.0,0.0
2001-08-03 00:00:00+09:00,1600.6869293922603,1600.6869293922603,1529.5452880859375,1529.5452880859375,2572,0.0,0.0
2001-08-06 00:00:00+09:00,1565.116108739099,1565.116108739099,1529.5452880859375,1529.5452880859375,1232,0.0,0.0
2001-08-07 00:00:00+09:00,1529.5450300736861,1565.1158447265625,1529.5450300736861,1565.1158447265625,1628,0.0,0.0
2001-08-08 00:00:00+09:00,1565.1158447265625,1636.2574740323153,1529.5450300736861,1565.1158447265625,3920,0.0,0.0
2001-08-09 00:00:00+09:00,1600.6869293922603,1600.6869293922603,1529.5452880859375,1529.5452880859375,1676,0.0,0.0
2001-08-10 00:00:00+09:00,1529.5452880859375,1600.6869293922603,1529.5452880859375,1529.5452880859375,3084,0.0,0.0
2001-08-13 00:00:00+09:00,1565.1158447265625,1565.1158447265625,1529.5450300736861,1565.1158447265625,1800,0.0,0.0
2001-08-14 00:00:00+09:00,1565.1157118055555,1600.6865234375,1529.544900173611,1600.6865234375,2540,0.0,0.0
2001-08-15 00:00:00+09:00,1600.6865234375,1671.8281467013887,1565.1157118055555,1600.6865234375,6424,0.0,0.0
2001-08-16 00:00:00+09:00,1565.1157118055555,1636.2573350694445,1565.1157118055555,1600.6865234375,3740,0.0,0.0
2001-08-17 00:00:00+09:00,1636.2574740323153,1671.8282886851916,1565.1158447265625,1565.1158447265625,5428,0.0,0.0
2001-08-20 00:00:00+09:00,1600.6866593794389,1600.6866593794389,1565.1158447265625,1565.1158447265625,2308,0.0,0.0
2001-08-21 00:00:00+09:00,1600.6869293922603,1600.6869293922603,1529.5452880859375,1529.5452880859375,3400,0.0,0.0
2001-08-22 00:00:00+09:00,1600.6866322393003,1636.2574462890625,1565.115818189538,1636.2574462890625,4728,0.0,0.0
2001-08-23 00:00:00+09:00,1636.2574740323153,1636.2574740323153,1565.1158447265625,1565.1158447265625,3336,0.0,0.0
2001-08-24 00:00:00+09:00,1600.6866593794389,1636.2574740323153,1565.1158447265625,1565.1158447265625,1968,0.0,0.0
2001-08-27 00:00:00+09:00,1600.6866593794389,1600.6866593794389,1565.1158447265625,1565.1158447265625,3288,0.0,0.0
2001-08-28 00:00:00+09:00,1600.6866322393003,1636.2574462890625,1565.115818189538,1636.2574462890625,5696,0.0,0.0
2001-08-29 00:00:00+09:00,1600.6865234375,1636.2573350694445,1600.6865234375,1600.6865234375,3260,0.0,0.0
2001-08-30 00:00:00+09:00,1600.6865234375,1636.2573350694445,1565.1157118055555,1600.6865234375,2464,0.0,0.0
2001-08-31 00:00:00+09:00,1565.116108739099,1600.6869293922603,1529.5452880859375,1529.5452880859375,5396,0.0,0.0
2001-09-03 00:00:00+09:00,1600.6869293922603,1600.6869293922603,1529.5452880859375,1529.5452880859375,2060,0.0,0.0
2001-09-04 00:00:00+09:00,1565.1158447265625,1600.6866593794389,1529.5450300736861,1565.1158447265625,2828,0.0,0.0
2001-09-05 00:00:00+09:00,1529.5452880859375,1565.116108739099,1529.5452880859375,1529.5452880859375,1620,0.0,0.0
2001-09-06 00:00:00+09:00,1529.544986122533,1529.544986122533,1351.69091796875,1351.69091796875,8664,0.0,0.0
2001-09-07 00:00:00+09:00,1351.690945095486,1422.8325737847222,1280.54931640625,1280.54931640625,9480,0.0,0.0
2001-09-10 00:00:00+09:00,1244.9784043255975,1280.5492158777572,1209.4075927734375,1209.4075927734375,6372,0.0,0.0
2001-09-11 00:00:00+09:00,1209.4075927734375,1244.9784043255975,1209.4075927734375,1209.4075927734375,2496,0.0,0.0
2001-09-12 00:00:00+09:00,1138.2660030241934,1209.4076282132055,1067.1243778351813,1102.6951904296875,5796,0.0,0.0
2001-09-13 00:00:00+09:00,1102.695282907197,1209.4077296401515,1102.695282907197,1173.8369140625,4316,0.0,0.0
2001-09-14 00:00:00+09:00,1138.2660590277778,1280.54931640625,1138.2660590277778,1280.54931640625,9144,0.0,0.0
2001-09-17 00:00:00+09:00,1102.6953287760416,1138.2661458333332,1067.12451171875,1067.12451171875,7692,0.0,0.0
2001-09-18 00:00:00+09:00,1102.695282907197,1173.8369140625,1102.695282907197,1173.8369140625,4576,0.0,0.0
2001-09-19 00:00:00+09:00,1173.8368156186996,1209.4076282132055,1102.6951904296875,1102.6951904296875,6496,0.0,0.0
2001-09-20 00:00:00+09:00,1173.836929321289,1209.4077453613281,1138.26611328125,1138.26611328125,8748,0.0,0.0
2001-09-21 00:00:00+09:00,1138.26611328125,1173.836929321289,1138.26611328125,1138.26611328125,3200,0.0,0.0
2001-09-24 00:00:00+09:00,1138.26611328125,1138.26611328125,1138.26611328125,1138.26611328125,0,0.0,0.0
2001-09-25 00:00:00+09:00,1173.8368156186996,1173.8368156186996,1102.6951904296875,1102.6951904296875,4224,0.0,0.0
2001-09-26 00:00:00+09:00,1138.2660030241934,1173.8368156186996,1102.6951904296875,1102.6951904296875,4240,0.0,0.0
2001-09-27 00:00:00+09:00,1138.26611328125,1138.26611328125,1102.695297241211,1138.26611328125,1404,0.0,0.0
2001-09-28 00:00:00+09:00,1138.26611328125,1138.26611328125,1138.26611328125,1138.26611328125,0,0.0,0.0
2001-10-01 00:00:00+09:00,1138.26611328125,1173.836929321289,1102.695297241211,1138.26611328125,4012,0.0,0.0
2001-10-02 00:00:00+09:00,1138.26611328125,1173.836929321289,1102.695297241211,1138.26611328125,2420,0.0,0.0
2001-10-03 00:00:00+09:00,1138.2660030241934,1138.2660030241934,1067.1243778351813,1102.6951904296875,10568,0.0,0.0
2001-10-04 00:00:00+09:00,1102.695297241211,1138.26611328125,1067.1244812011719,1138.26611328125,2788,0.0,0.0
2001-10-05 00:00:00+09:00,1102.6953287760416,1138.2661458333332,1067.12451171875,1067.12451171875,2888,0.0,0.0
2001-10-08 00:00:00+09:00,1067.12451171875,1067.12451171875,1067.12451171875,1067.12451171875,0,0.0,0.0
2001-10-09 00:00:00+09:00,1067.1245285560344,1102.695346174569,1031.5537109375,1031.5537109375,7188,0.0,0.0
2001-10-10 00:00:00+09:00,1067.1244158063616,1067.1244158063616,995.9827880859375,995.9827880859375,4096,0.0,0.0
2001-10-11 00:00:00+09:00,995.9828933189656,1031.5537109375,995.9828933189656,1031.5537109375,5452,0.0,0.0
2001-10-12 00:00:00+09:00,1031.5537109375,1031.5537109375,995.9828933189656,1031.5537109375,8256,0.0,0.0
2001-10-15 00:00:00+09:00,995.9827880859375,1031.5536019461495,995.9827880859375,995.9827880859375,4292,0.0,0.0
2001-10-16 00:00:00+09:00,995.9828933189656,1031.5537109375,960.412075700431,1031.5537109375,8104,0.0,0.0
2001-10-17 00:00:00+09:00,995.9828933189656,1031.5537109375,960.412075700431,1031.5537109375,4044,0.0,0.0
2001-10-18 00:00:00+09:00,995.9827880859375,1031.5536019461495,995.9827880859375,995.9827880859375,6220,0.0,0.0
2001-10-19 00:00:00+09:00,995.9827880859375,1031.5536019461495,960.4119742257254,995.9827880859375,4384,0.0,0.0
2001-10-22 00:00:00+09:00,995.9828016493055,1031.5536159939236,960.4119873046875,960.4119873046875,3112,0.0,0.0
2001-10-23 00:00:00+09:00,995.9827880859375,995.9827880859375,960.4119742257254,995.9827880859375,6456,0.0,0.0
2001-10-24 00:00:00+09:00,995.9828933189656,1031.5537109375,960.412075700431,1031.5537109375,4692,0.0,0.0
2001-10-25 00:00:00+09:00,1031.5535652406754,1138.2660030241934,1031.5535652406754,1102.6951904296875,14464,0.0,0.0
2001-10-26 00:00:00+09:00,1173.836929321289,1209.4077453613281,1138.26611328125,1138.26611328125,11880,0.0,0.0
2001-10-29 00:00:00+09:00,1173.8368156186996,1173.8368156186996,1102.6951904296875,1102.6951904296875,4440,0.0,0.0
2001-10-30 00:00:00+09:00,1067.12451171875,1102.6953287760416,1031.5536946614584,1067.12451171875,9992,0.0,0.0
2001-10-31 00:00:00+09:00,1031.5536019461495,1067.1244158063616,995.9827880859375,995.9827880859375,6548,0.0,0.0
2001-11-01 00:00:00+09:00,995.9828016493055,1031.5536159939236,960.4119873046875,960.4119873046875,8208,0.0,0.0
2001-11-02 00:00:00+09:00,960.4119873046875,995.9828016493055,924.8411729600695,960.4119873046875,10428,0.0,0.0
2001-11-05 00:00:00+09:00,960.4119742257254,995.9827880859375,960.4119742257254,995.9827880859375,3608,0.0,0.0
2001-11-06 00:00:00+09:00,995.9827880859375,1031.5536019461495,960.4119742257254,995.9827880859375,5820,0.0,0.0
2001-11-07 00:00:00+09:00,995.9828016493055,995.9828016493055,960.4119873046875,960.4119873046875,3556,0.0,0.0
2001-11-08 00:00:00+09:00,960.4119873046875,960.4119873046875,924.8411729600695,960.4119873046875,6156,0.0,0.0
2001-11-09 00:00:00+09:00,960.4119873046875,960.4119873046875,960.4119873046875,960.4119873046875,0,0.0,0.0
2001-11-12 00:00:00+09:00,889.270263671875,960.4118847656249,889.270263671875,889.270263671875,5220,0.0,0.0
2001-11-13 00:00:00+09:00,889.2703716571515,960.4120013897236,889.2703716571515,924.8411865234375,4172,0.0,0.0
2001-11-14 00:00:00+09:00,889.270263671875,924.8410742187499,889.270263671875,889.270263671875,2096,0.0,0.0
2001-11-15 00:00:00+09:00,889.270263671875,924.8410742187499,853.699453125,889.270263671875,7980,0.0,0.0
2001-11-16 00:00:00+09:00,853.699453125,924.8410742187499,853.699453125,889.270263671875,7704,0.0,0.0
2001-11-19 00:00:00+09:00,853.6995239257811,889.2703374226887,853.6995239257811,853.6995239257812,3824,0.0,0.0
2001-11-20 00:00:00+09:00,889.2703374226887,889.2703374226887,853.6995239257811,853.6995239257812,7816,0.0,0.0
2001-11-21 00:00:00+09:00,853.699453125,889.270263671875,853.699453125,889.270263671875,5548,0.0,0.0
2001-11-22 00:00:00+09:00,853.6995371942935,853.6995371942935,782.557909094769,818.1287231445312,16520,0.0,0.0
2001-11-23 00:00:00+09:00,818.1287231445312,818.1287231445312,818.1287231445312,818.1287231445312,0,0.0,0.0
2001-11-26 00:00:00+09:00,818.128642578125,889.270263671875,818.128642578125,889.270263671875,14548,0.0,0.0
2001-11-27 00:00:00+09:00,853.6995567908655,960.4120013897236,853.6995567908655,924.8411865234375,18112,0.0,0.0
2001-11-28 00:00:00+09:00,924.8411865234376,960.4120013897236,889.2703716571515,924.8411865234375,14464,0.0,0.0
2001-11-29 00:00:00+09:00,889.270263671875,924.8410742187499,889.270263671875,889.270263671875,7788,0.0,0.0
2001-11-30 00:00:00+09:00,924.8410742187499,924.8410742187499,889.270263671875,889.270263671875,7288,0.0,0.0
2001-12-03 00:00:00+09:00,889.2703512440557,924.8411652938179,818.1287231445312,818.1287231445312,10564,0.0,0.0
2001-12-04 00:00:00+09:00,818.1287104288737,889.2703374226887,818.1287104288737,853.6995239257812,6280,0.0,0.0
2001-12-05 00:00:00+09:00,853.6995371942935,853.6995371942935,818.1287231445312,818.1287231445312,5124,0.0,0.0
2001-12-06 00:00:00+09:00,818.1288391113281,853.699658203125,640.2747436523438,711.4163818359375,43704,0.0,0.0
2001-12-07 00:00:00+09:00,640.2746887207031,640.2746887207031,569.133056640625,569.133056640625,54916,0.0,0.0
2001-12-10 00:00:00+09:00,640.274658203125,675.845472547743,604.703843858507,640.274658203125,22252,0.0,0.0
2001-12-11 00:00:00+09:00,675.845472547743,675.845472547743,640.274658203125,640.274658203125,12556,0.0,0.0
2001-12-12 00:00:00+09:00,640.274658203125,675.845472547743,604.703843858507,640.274658203125,5744,0.0,0.0
2001-12-13 00:00:00+09:00,640.2746079388786,675.8454194910386,604.7037963867188,604.7037963867188,9256,0.0,0.0
2001-12-14 00:00:00+09:00,604.703843858507,640.274658203125,569.1330295138889,640.274658203125,20820,0.0,0.0
2001-12-17 00:00:00+09:00,604.7037963867188,640.2746079388786,604.7037963867188,604.7037963867188,3284,0.0,0.0
2001-12-18 00:00:00+09:00,604.7037963867188,640.2746079388786,569.1329848345588,604.7037963867188,7688,0.0,0.0
2001-12-19 00:00:00+09:00,604.7038726806641,640.2746887207031,569.133056640625,569.133056640625,5784,0.0,0.0
2001-12-20 00:00:00+09:00,640.2746079388786,640.2746079388786,604.7037963867188,604.7037963867188,10020,0.0,0.0
2001-12-21 00:00:00+09:00,604.703843858507,640.274658203125,604.703843858507,640.274658203125,3616,0.0,0.0
2001-12-24 00:00:00+09:00,640.274658203125,640.274658203125,640.274658203125,640.274658203125,0,0.0,0.0
2001-12-25 00:00:00+09:00,640.274658203125,675.845472547743,640.274658203125,640.274658203125,7796,0.0,0.0
2001-12-26 00:00:00+09:00,640.274658203125,675.845472547743,640.274658203125,640.274658203125,4580,0.0,0.0
2001-12-27 00:00:00+09:00,640.2746453536184,675.845458984375,640.2746453536184,675.845458984375,8752,0.0,0.0
2001-12-28 00:00:00+09:00,675.8455627441406,711.4163818359375,640.2747436523438,711.4163818359375,6328,0.0,0.0
2001-12-31 00:00:00+09:00,711.4163818359375,711.4163818359375,711.4163818359375,711.4163818359375,0,0.0,0.0
2002-01-01 00:00:00+09:00,711.4163818359375,711.4163818359375,711.4163818359375,711.4163818359375,0,0.0,0.0
2002-01-02 00:00:00+09:00,711.4163818359375,711.4163818359375,711.4163818359375,711.4163818359375,0,0.0,0.0
2002-01-03 00:00:00+09:00,711.4163818359375,711.4163818359375,711.4163818359375,711.4163818359375,0,0.0,0.0
2002-01-04 00:00:00+09:00,711.4163818359375,711.4163818359375,675.8455627441406,711.4163818359375,2012,0.0,0.0
2002-01-07 00:00:00+09:00,711.4163062686011,746.9871215820312,711.4163062686011,746.9871215820312,4864,0.0,0.0
2002-01-08 00:00:00+09:00,746.9872009277343,746.9872009277343,711.4163818359375,711.4163818359375,4896,0.0,0.0
2002-01-09 00:00:00+09:00,711.4163062686011,746.9871215820312,711.4163062686011,746.9871215820312,2380,0.0,0.0
2002-01-10 00:00:00+09:00,746.9872009277343,746.9872009277343,711.4163818359375,711.4163818359375,7748,0.0,0.0
2002-01-11 00:00:00+09:00,711.4163818359375,746.9872009277343,711.4163818359375,711.4163818359375,4520,0.0,0.0
2002-01-14 00:00:00+09:00,711.4163818359375,711.4163818359375,711.4163818359375,711.4163818359375,0,0.0,0.0
2002-01-15 00:00:00+09:00,711.4162726151317,746.9870862458882,640.2746453536184,675.845458984375,9140,0.0,0.0
2002-01-16 00:00:00+09:00,675.8455627441406,711.4163818359375,640.2747436523438,711.4163818359375,2564,0.0,0.0
2002-01-17 00:00:00+09:00,711.4163818359375,711.4163818359375,675.8455627441406,711.4163818359375,3280,0.0,0.0
2002-01-18 00:00:00+09:00,675.8455627441406,711.4163818359375,675.8455627441406,711.4163818359375,2380,0.0,0.0
2002-01-21 00:00:00+09:00,711.416269938151,995.9827779134114,711.416269938151,853.6995239257812,44684,0.0,0.0
2002-01-22 00:00:00+09:00,853.6995239257811,889.2703374226887,782.5578969319661,853.6995239257812,10116,0.0,0.0
2002-01-23 00:00:00+09:00,889.2703374226887,889.2703374226887,818.1287104288737,853.6995239257812,6956,0.0,0.0
2002-01-24 00:00:00+09:00,853.6995239257811,889.2703374226887,818.1287104288737,853.6995239257812,3836,0.0,0.0
2002-01-25 00:00:00+09:00,853.6995239257811,853.6995239257811,818.1287104288737,853.6995239257812,3328,0.0,0.0
2002-01-28 00:00:00+09:00,818.1287104288737,853.6995239257811,818.1287104288737,853.6995239257812,2380,0.0,0.0
2002-01-29 00:00:00+09:00,853.6995239257811,889.2703374226887,853.6995239257811,853.6995239257812,11168,0.0,0.0
2002-01-30 00:00:00+09:00,889.270263671875,924.8410742187499,853.699453125,889.270263671875,8188,0.0,0.0
2002-01-31 00:00:00+09:00,889.270263671875,889.270263671875,889.270263671875,889.270263671875,0,0.0,0.0
2002-02-01 00:00:00+09:00,853.6995371942935,889.2703512440557,818.1287231445312,818.1287231445312,8080,0.0,0.0
2002-02-04 00:00:00+09:00,818.1287231445312,818.1287231445312,782.557909094769,818.1287231445312,2900,0.0,0.0
2002-02-05 00:00:00+09:00,818.1287370161576,818.1287370161576,782.5579223632812,782.5579223632812,3016,0.0,0.0
2002-02-06 00:00:00+09:00,782.5579223632812,818.1287370161576,782.5579223632812,782.5579223632812,1884,0.0,0.0
2002-02-07 00:00:00+09:00,782.5579223632812,818.1287370161576,782.5579223632812,782.5579223632812,1884,0.0,0.0
2002-02-08 00:00:00+09:00,818.1287104288737,853.6995239257811,782.5578969319661,853.6995239257812,7432,0.0,0.0
2002-02-11 00:00:00+09:00,853.6995239257811,853.6995239257811,853.6995239257811,853.6995239257812,0,0.0,0.0
2002-02-12 00:00:00+09:00,853.6995371942935,889.2703512440557,818.1287231445312,818.1287231445312,4036,0.0,0.0
2002-02-13 00:00:00+09:00,818.1287104288737,853.6995239257811,818.1287104288737,853.6995239257812,2376,0.0,0.0
2002-02-14 00:00:00+09:00,853.6995371942935,853.6995371942935,818.1287231445312,818.1287231445312,3876,0.0,0.0
2002-02-15 00:00:00+09:00,853.6995326450892,995.9827880859375,853.6995326450892,995.9827880859375,30212,0.0,0.0
2002-02-18 00:00:00+09:00,960.4119873046875,995.9828016493055,924.8411729600695,960.4119873046875,8288,0.0,0.0
2002-02-19 00:00:00+09:00,960.4120013897236,995.9828162560096,924.8411865234376,924.8411865234375,5608,0.0,0.0
2002-02-20 00:00:00+09:00,924.8411865234376,960.4120013897236,924.8411865234376,924.8411865234375,2088,0.0,0.0
2002-02-21 00:00:00+09:00,995.9828933189656,1031.5537109375,960.412075700431,1031.5537109375,15392,0.0,0.0
2002-02-22 00:00:00+09:00,995.9828933189656,1031.5537109375,960.412075700431,1031.5537109375,9012,0.0,0.0
2002-02-25 00:00:00+09:00,995.9828933189656,1067.1245285560344,995.9828933189656,1031.5537109375,7664,0.0,0.0
2002-02-26 00:00:00+09:00,1031.5536019461495,1067.1244158063616,960.4119742257254,995.9827880859375,11332,0.0,0.0
2002-02-27 00:00:00+09:00,995.9828933189656,1031.5537109375,960.412075700431,1031.5537109375,4308,0.0,0.0
2002-02-28 00:00:00+09:00,1031.5536946614584,1067.12451171875,995.9828776041666,1067.12451171875,8172,0.0,0.0
2002-03-01 00:00:00+09:00,1031.5537109375,1067.1245285560344,1031.5537109375,1031.5537109375,10988,0.0,0.0
2002-03-04 00:00:00+09:00,889.2704404633621,1031.5537109375,889.2704404633621,1031.5537109375,21652,0.0,0.0
2002-03-05 00:00:00+09:00,1067.1245285560344,1067.1245285560344,995.9828933189656,1031.5537109375,13608,0.0,0.0
2002-03-06 00:00:00+09:00,1031.5537109375,1031.5537109375,960.412075700431,1031.5537109375,10228,0.0,0.0
2002-03-07 00:00:00+09:00,1031.5536019461495,1031.5536019461495,995.9827880859375,995.9827880859375,5640,0.0,0.0
2002-03-08 00:00:00+09:00,995.9827880859375,1031.5536019461495,960.4119742257254,995.9827880859375,18788,0.0,0.0
2002-03-11 00:00:00+09:00,995.9828933189656,1031.5537109375,960.412075700431,1031.5537109375,10428,0.0,0.0
2002-03-12 00:00:00+09:00,1031.5536019461495,1031.5536019461495,995.9827880859375,995.9827880859375,3624,0.0,0.0
2002-03-13 00:00:00+09:00,995.9827880859375,1031.5536019461495,995.9827880859375,995.9827880859375,3860,0.0,0.0
2002-03-14 00:00:00+09:00,995.9828933189656,1031.5537109375,995.9828933189656,1031.5537109375,2640,0.0,0.0
2002-03-15 00:00:00+09:00,995.9827880859375,1031.5536019461495,960.4119742257254,995.9827880859375,4596,0.0,0.0
2002-03-18 00:00:00+09:00,995.9828016493055,995.9828016493055,960.4119873046875,960.4119873046875,5716,0.0,0.0
2002-03-19 00:00:00+09:00,960.4120013897236,995.9828162560096,924.8411865234376,924.8411865234375,14352,0.0,0.0
2002-03-20 00:00:00+09:00,960.4120013897236,960.4120013897236,924.8411865234376,924.8411865234375,14448,0.0,0.0
2002-03-21 00:00:00+09:00,924.8411865234376,924.8411865234376,924.8411865234376,924.8411865234375,0,0.0,0.0
2002-03-22 00:00:00+09:00,924.8410742187499,960.4118847656249,889.270263671875,889.270263671875,8168,0.0,0.0
2002-03-25 00:00:00+09:00,889.270263671875,924.8410742187499,853.699453125,889.270263671875,8516,0.0,0.0
2002-03-26 00:00:00+09:00,889.2703512440557,889.2703512440557,782.557909094769,818.1287231445312,12136,0.0,0.0
2002-03-27 00:00:00+09:00,818.128642578125,889.270263671875,782.55783203125,889.270263671875,6980,0.0,0.0
2002-03-28 00:00:00+09:00,889.2703716571515,924.8411865234376,853.6995567908655,924.8411865234375,2436,0.0,0.0
2002-03-29 00:00:00+09:00,889.2703374226887,924.8411509195963,853.6995239257811,853.6995239257812,3200,0.0,0.0
2002-04-01 00:00:00+09:00,889.270263671875,889.270263671875,853.699453125,889.270263671875,2048,0.0,0.0
2002-04-02 00:00:00+09:00,889.2703374226887,889.2703374226887,818.1287104288737,853.6995239257812,4108,0.0,0.0
2002-04-03 00:00:00+09:00,818.128642578125,889.270263671875,818.128642578125,889.270263671875,3764,0.0,0.0
2002-04-04 00:00:00+09:00,889.2703374226887,889.2703374226887,853.6995239257811,853.6995239257812,2780,0.0,0.0
2002-04-05 00:00:00+09:00,853.6995239257811,889.2703374226887,853.6995239257811,853.6995239257812,1816,0.0,0.0
2002-04-08 00:00:00+09:00,889.2703374226887,924.8411509195963,853.6995239257811,853.6995239257812,5720,0.0,0.0
2002-04-09 00:00:00+09:00,889.2703716571515,924.8411865234376,853.6995567908655,924.8411865234375,2240,0.0,0.0
2002-04-10 00:00:00+09:00,889.2703716571515,924.8411865234376,853.6995567908655,924.8411865234375,2260,0.0,0.0
2002-04-11 00:00:00+09:00,889.270263671875,924.8410742187499,853.699453125,889.270263671875,2560,0.0,0.0
2002-04-12 00:00:00+09:00,889.2703374226887,889.2703374226887,853.6995239257811,853.6995239257812,3300,0.0,0.0
2002-04-15 00:00:00+09:00,853.699453125,889.270263671875,853.699453125,889.270263671875,4228,0.0,0.0
2002-04-16 00:00:00+09:00,889.270263671875,889.270263671875,853.699453125,889.270263671875,2084,0.0,0.0
2002-04-17 00:00:00+09:00,889.2703374226887,889.2703374226887,853.6995239257811,853.6995239257812,2460,0.0,0.0
2002-04-18 00:00:00+09:00,853.6995239257811,889.2703374226887,853.6995239257811,853.6995239257812,2284,0.0,0.0
2002-04-19 00:00:00+09:00,853.6995239257811,889.2703374226887,853.6995239257811,853.6995239257812,1788,0.0,0.0
2002-04-22 00:00:00+09:00,853.6995239257811,889.2703374226887,853.6995239257811,853.6995239257812,3016,0.0,0.0
2002-04-23 00:00:00+09:00,889.2703374226887,889.2703374226887,818.1287104288737,853.6995239257812,6264,0.0,0.0
2002-04-24 00:00:00+09:00,853.699453125,889.270263671875,853.699453125,889.270263671875,2404,0.0,0.0
2002-04-25 00:00:00+09:00,853.6995239257811,889.2703374226887,818.1287104288737,853.6995239257812,4248,0.0,0.0
2002-04-26 00:00:00+09:00,818.1287104288737,853.6995239257811,818.1287104288737,853.6995239257812,6280,0.0,0.0
2002-04-29 00:00:00+09:00,853.6995239257811,853.6995239257811,853.6995239257811,853.6995239257812,0,0.0,0.0
2002-04-30 00:00:00+09:00,853.6995516690341,853.6995516690341,782.5579223632812,782.5579223632812,4840,0.0,0.0
2002-05-01 00:00:00+09:00,818.1287231445312,818.1287231445312,782.557909094769,818.1287231445312,2756,0.0,0.0
2002-05-02 00:00:00+09:00,818.1287370161576,818.1287370161576,782.5579223632812,782.5579223632812,2096,0.0,0.0
2002-05-03 00:00:00+09:00,782.5579223632812,782.5579223632812,782.5579223632812,782.5579223632812,0,0.0,0.0
2002-05-06 00:00:00+09:00,782.5579223632812,782.5579223632812,782.5579223632812,782.5579223632812,0,0.0,0.0
2002-05-07 00:00:00+09:00,782.5579223632812,818.1287370161576,782.5579223632812,782.5579223632812,4864,0.0,0.0
2002-05-08 00:00:00+09:00,818.1287370161576,818.1287370161576,782.5579223632812,782.5579223632812,1780,0.0,0.0
2002-05-09 00:00:00+09:00,818.1287370161576,818.1287370161576,782.5579223632812,782.5579223632812,1372,0.0,0.0
2002-05-10 00:00:00+09:00,818.1287370161576,818.1287370161576,782.5579223632812,782.5579223632812,2024,0.0,0.0
2002-05-13 00:00:00+09:00,782.5579223632812,818.1287370161576,782.5579223632812,782.5579223632812,1648,0.0,0.0
2002-05-14 00:00:00+09:00,818.1287231445312,818.1287231445312,782.557909094769,818.1287231445312,1940,0.0,0.0
2002-05-15 00:00:00+09:00,818.1287231445312,818.1287231445312,782.557909094769,818.1287231445312,2828,0.0,0.0
2002-05-16 00:00:00+09:00,818.1287231445312,818.1287231445312,782.557909094769,818.1287231445312,1904,0.0,0.0
2002-05-17 00:00:00+09:00,782.5579223632812,818.1287370161576,782.5579223632812,782.5579223632812,2144,0.0,0.0
2002-05-20 00:00:00+09:00,818.1287231445312,853.6995371942935,782.557909094769,818.1287231445312,5340,0.0,0.0
2002-05-21 00:00:00+09:00,853.6995239257811,853.6995239257811,818.1287104288737,853.6995239257812,2316,0.0,0.0
2002-05-22 00:00:00+09:00,889.270263671875,889.270263671875,853.699453125,889.270263671875,6028,0.0,0.0
2002-05-23 00:00:00+09:00,853.6995567908655,924.8411865234376,853.6995567908655,924.8411865234375,9676,0.0,0.0
2002-05-24 00:00:00+09:00,889.2703716571515,924.8411865234376,853.6995567908655,924.8411865234375,5948,0.0,0.0
2002-05-27 00:00:00+09:00,889.270263671875,924.8410742187499,853.699453125,889.270263671875,8192,0.0,0.0
2002-05-28 00:00:00+09:00,995.9828016493055,1067.1244303385417,960.4119873046875,960.4119873046875,80228,0.0,0.0
2002-05-29 00:00:00+09:00,960.4120013897236,995.9828162560096,889.2703716571515,924.8411865234375,32020,0.0,0.0
2002-05-30 00:00:00+09:00,924.8411865234376,960.4120013897236,889.2703716571515,924.8411865234375,6696,0.0,0.0
2002-05-31 00:00:00+09:00,889.270263671875,924.8410742187499,889.270263671875,889.270263671875,4076,0.0,0.0
2002-06-03 00:00:00+09:00,924.8411865234376,960.4120013897236,889.2703716571515,924.8411865234375,8256,0.0,0.0
2002-06-04 00:00:00+09:00,924.8411603655134,995.9827880859375,924.8411603655134,995.9827880859375,20720,0.0,0.0
2002-06-05 00:00:00+09:00,995.9828016493055,995.9828016493055,960.4119873046875,960.4119873046875,6396,0.0,0.0
2002-06-06 00:00:00+09:00,960.4119873046875,995.9828016493055,960.4119873046875,960.4119873046875,5460,0.0,0.0
2002-06-07 00:00:00+09:00,960.4120013897236,960.4120013897236,924.8411865234376,924.8411865234375,5660,0.0,0.0
2002-06-10 00:00:00+09:00,924.8411865234376,960.4120013897236,924.8411865234376,924.8411865234375,1680,0.0,0.0
2002-06-11 00:00:00+09:00,960.4120013897236,960.4120013897236,924.8411865234376,924.8411865234375,1472,0.0,0.0
2002-06-12 00:00:00+09:00,924.8411729600695,960.4119873046875,924.8411729600695,960.4119873046875,1616,0.0,0.0
2002-06-13 00:00:00+09:00,960.4120013897236,960.4120013897236,924.8411865234376,924.8411865234375,4088,0.0,0.0
2002-06-14 00:00:00+09:00,960.4118847656249,960.4118847656249,889.270263671875,889.270263671875,14468,0.0,0.0
2002-06-17 00:00:00+09:00,889.2703374226887,924.8411509195963,853.6995239257811,853.6995239257812,4428,0.0,0.0
2002-06-18 00:00:00+09:00,889.2703374226887,924.8411509195963,853.6995239257811,853.6995239257812,4188,0.0,0.0
2002-06-19 00:00:00+09:00,853.6995371942935,889.2703512440557,818.1287231445312,818.1287231445312,7108,0.0,0.0
2002-06-20 00:00:00+09:00,853.6995239257811,889.2703374226887,818.1287104288737,853.6995239257812,3092,0.0,0.0
2002-06-21 00:00:00+09:00,924.8411509195963,924.8411509195963,853.6995239257811,853.6995239257812,4388,0.0,0.0
2002-06-24 00:00:00+09:00,853.6995239257811,924.8411509195963,853.6995239257811,853.6995239257812,3912,0.0,0.0
2002-06-25 00:00:00+09:00,889.2703716571515,924.8411865234376,853.6995567908655,924.8411865234375,2960,0.0,0.0
2002-06-26 00:00:00+09:00,889.2703374226887,889.2703374226887,853.6995239257811,853.6995239257812,3160,0.0,0.0
2002-06-27 00:00:00+09:00,853.6995239257811,889.2703374226887,853.6995239257811,853.6995239257812,2520,0.0,0.0
2002-06-28 00:00:00+09:00,853.699453125,924.8410742187499,853.699453125,889.270263671875,3452,0.0,0.0
2002-07-01 00:00:00+09:00,889.2703374226887,924.8411509195963,853.6995239257811,853.6995239257812,2752,0.0,0.0
2002-07-02 00:00:00+09:00,853.6995239257811,889.2703374226887,853.6995239257811,853.6995239257812,2444,0.0,0.0
2002-07-03 00:00:00+09:00,889.2703716571515,924.8411865234376,853.6995567908655,924.8411865234375,5056,0.0,0.0
2002-07-04 00:00:00+09:00,924.8411865234376,924.8411865234376,889.2703716571515,924.8411865234375,2616,0.0,0.0
2002-07-05 00:00:00+09:00,889.270263671875,924.8410742187499,889.270263671875,889.270263671875,2412,0.0,0.0
2002-07-08 00:00:00+09:00,924.8411509195963,924.8411509195963,853.6995239257811,853.6995239257812,2192,0.0,0.0
2002-07-09 00:00:00+09:00,889.2703716571515,924.8411865234376,853.6995567908655,924.8411865234375,1540,0.0,0.0
2002-07-10 00:00:00+09:00,853.699453125,924.8410742187499,853.699453125,889.270263671875,1740,0.0,0.0
2002-07-11 00:00:00+09:00,889.2703374226887,924.8411509195963,853.6995239257811,853.6995239257812,1796,0.0,0.0
2002-07-12 00:00:00+09:00,889.2703374226887,889.2703374226887,853.6995239257811,853.6995239257812,3924,0.0,0.0
2002-07-15 00:00:00+09:00,889.2703374226887,889.2703374226887,853.6995239257811,853.6995239257812,1248,0.0,0.0
2002-07-16 00:00:00+09:00,853.6995239257811,889.2703374226887,853.6995239257811,853.6995239257812,1740,0.0,0.0
2002-07-17 00:00:00+09:00,853.6995239257811,889.2703374226887,818.1287104288737,853.6995239257812,4696,0.0,0.0
2002-07-18 00:00:00+09:00,853.6995239257811,889.2703374226887,853.6995239257811,853.6995239257812,1532,0.0,0.0
2002-07-19 00:00:00+09:00,853.6995239257811,853.6995239257811,818.1287104288737,853.6995239257812,3000,0.0,0.0
2002-07-22 00:00:00+09:00,853.6995371942935,889.2703512440557,818.1287231445312,818.1287231445312,3996,0.0,0.0
2002-07-23 00:00:00+09:00,889.2703374226887,889.2703374226887,853.6995239257811,853.6995239257812,5132,0.0,0.0
2002-07-24 00:00:00+09:00,853.6995567908655,924.8411865234376,853.6995567908655,924.8411865234375,6080,0.0,0.0
2002-07-25 00:00:00+09:00,889.2703374226887,924.8411509195963,853.6995239257811,853.6995239257812,1928,0.0,0.0
2002-07-26 00:00:00+09:00,853.6995239257811,889.2703374226887,853.6995239257811,853.6995239257812,1760,0.0,0.0
2002-07-29 00:00:00+09:00,853.6995239257811,889.2703374226887,853.6995239257811,853.6995239257812,3632,0.0,0.0
2002-07-30 00:00:00+09:00,853.6995239257811,889.2703374226887,853.6995239257811,853.6995239257812,1080,0.0,0.0
2002-07-31 00:00:00+09:00,853.6995371942935,853.6995371942935,818.1287231445312,818.1287231445312,4144,0.0,0.0
2002-08-01 00:00:00+09:00,818.1287231445312,853.6995371942935,818.1287231445312,818.1287231445312,1916,0.0,0.0
2002-08-02 00:00:00+09:00,853.6995371942935,853.6995371942935,818.1287231445312,818.1287231445312,2844,0.0,0.0
2002-08-05 00:00:00+09:00,818.1287104288737,853.6995239257811,818.1287104288737,853.6995239257812,1140,0.0,0.0
2002-08-06 00:00:00+09:00,853.6995239257811,853.6995239257811,818.1287104288737,853.6995239257812,2472,0.0,0.0
2002-08-07 00:00:00+09:00,853.699453125,889.270263671875,818.128642578125,889.270263671875,5268,0.0,0.0
2002-08-08 00:00:00+09:00,889.270263671875,889.270263671875,853.699453125,889.270263671875,1256,0.0,0.0
2002-08-09 00:00:00+09:00,853.699453125,889.270263671875,818.128642578125,889.270263671875,3464,0.0,0.0
2002-08-12 00:00:00+09:00,853.6995371942935,889.2703512440557,818.1287231445312,818.1287231445312,1348,0.0,0.0
2002-08-13 00:00:00+09:00,818.1287231445312,853.6995371942935,818.1287231445312,818.1287231445312,1088,0.0,0.0
2002-08-14 00:00:00+09:00,853.6995371942935,853.6995371942935,818.1287231445312,818.1287231445312,696,0.0,0.0
2002-08-15 00:00:00+09:00,853.6995239257811,853.6995239257811,818.1287104288737,853.6995239257812,2096,0.0,0.0
2002-08-16 00:00:00+09:00,818.1287104288737,853.6995239257811,818.1287104288737,853.6995239257812,1440,0.0,0.0
2002-08-19 00:00:00+09:00,853.6995371942935,853.6995371942935,818.1287231445312,818.1287231445312,2348,0.0,0.0
2002-08-20 00:00:00+09:00,853.6995239257811,853.6995239257811,818.1287104288737,853.6995239257812,1588,0.0,0.0
2002-08-21 00:00:00+09:00,889.2703512440557,889.2703512440557,818.1287231445312,818.1287231445312,4560,0.0,0.0
2002-08-22 00:00:00+09:00,818.1287104288737,889.2703374226887,818.1287104288737,853.6995239257812,2252,0.0,0.0
2002-08-23 00:00:00+09:00,853.6995239257811,853.6995239257811,853.6995239257811,853.6995239257812,0,0.0,0.0
2002-08-26 00:00:00+09:00,853.6995239257811,889.2703374226887,818.1287104288737,853.6995239257812,2556,0.0,0.0
2002-08-27 00:00:00+09:00,853.6995239257811,853.6995239257811,818.1287104288737,853.6995239257812,1736,0.0,0.0
2002-08-28 00:00:00+09:00,853.6995239257811,853.6995239257811,818.1287104288737,853.6995239257812,1012,0.0,0.0
2002-08-29 00:00:00+09:00,853.6995371942935,853.6995371942935,818.1287231445312,818.1287231445312,1832,0.0,0.0
2002-08-30 00:00:00+09:00,853.6995239257811,853.6995239257811,818.1287104288737,853.6995239257812,2548,0.0,0.0
2002-09-02 00:00:00+09:00,818.1287370161576,853.6995516690341,782.5579223632812,782.5579223632812,6488,0.0,0.0
2002-09-03 00:00:00+09:00,818.1287370161576,818.1287370161576,782.5579223632812,782.5579223632812,2900,0.0,0.0
2002-09-04 00:00:00+09:00,782.5580200195312,818.1288391113281,711.4163818359375,711.4163818359375,5240,0.0,0.0
2002-09-05 00:00:00+09:00,746.9871215820312,782.5579368954614,711.4163062686011,746.9871215820312,3452,0.0,0.0
2002-09-06 00:00:00+09:00,746.9872009277343,746.9872009277343,711.4163818359375,711.4163818359375,3980,0.0,0.0
2002-09-09 00:00:00+09:00,746.9871215820312,782.5579368954614,711.4163062686011,746.9871215820312,1816,0.0,0.0
2002-09-10 00:00:00+09:00,746.9871215820312,782.5579368954614,746.9871215820312,746.9871215820312,1460,0.0,0.0
2002-09-11 00:00:00+09:00,746.9871077104049,782.5579223632812,746.9871077104049,782.5579223632812,1224,0.0,0.0
2002-09-12 00:00:00+09:00,782.5579368954614,782.5579368954614,711.4163062686011,746.9871215820312,2792,0.0,0.0
2002-09-13 00:00:00+09:00,675.8454909551712,746.9871215820312,675.8454909551712,746.9871215820312,16812,0.0,0.0
2002-09-16 00:00:00+09:00,746.9871215820312,746.9871215820312,746.9871215820312,746.9871215820312,0,0.0,0.0
2002-09-17 00:00:00+09:00,746.9872009277343,746.9872009277343,675.8455627441406,711.4163818359375,3888,0.0,0.0
2002-09-18 00:00:00+09:00,711.4163818359375,711.4163818359375,675.8455627441406,711.4163818359375,3508,0.0,0.0
2002-09-19 00:00:00+09:00,711.4163818359375,746.9872009277343,675.8455627441406,711.4163818359375,4920,0.0,0.0
2002-09-20 00:00:00+09:00,746.9870862458882,746.9870862458882,675.845458984375,675.845458984375,7592,0.0,0.0
2002-09-23 00:00:00+09:00,675.845458984375,675.845458984375,675.845458984375,675.845458984375,0,0.0,0.0
2002-09-24 00:00:00+09:00,675.845458984375,711.4162726151317,675.845458984375,675.845458984375,8268,0.0,0.0
2002-09-25 00:00:00+09:00,675.8455627441406,711.4163818359375,640.2747436523438,711.4163818359375,3060,0.0,0.0
2002-09-26 00:00:00+09:00,675.845458984375,711.4162726151317,675.845458984375,675.845458984375,2556,0.0,0.0
2002-09-27 00:00:00+09:00,675.845458984375,711.4162726151317,640.2746453536184,675.845458984375,3824,0.0,0.0
2002-09-30 00:00:00+09:00,675.845458984375,711.4162726151317,640.2746453536184,675.845458984375,2476,0.0,0.0
2002-10-01 00:00:00+09:00,640.274675641741,746.9871215820312,640.274675641741,746.9871215820312,10700,0.0,0.0
2002-10-02 00:00:00+09:00,675.845458984375,711.4162726151317,675.845458984375,675.845458984375,4744,0.0,0.0
2002-10-03 00:00:00+09:00,640.2746079388786,675.8454194910386,569.1329848345588,604.7037963867188,8884,0.0,0.0
2002-10-04 00:00:00+09:00,604.7037963867188,640.2746079388786,569.1329848345588,604.7037963867188,9204,0.0,0.0
2002-10-07 00:00:00+09:00,533.5622079031808,569.1330217633929,497.99139404296875,497.99139404296875,9368,0.0,0.0
2002-10-08 00:00:00+09:00,497.9914245605469,604.7038726806641,497.9914245605469,569.133056640625,13732,0.0,0.0
2002-10-09 00:00:00+09:00,569.1330729166666,569.1330729166666,497.9914388020833,533.562255859375,14652,0.0,0.0
2002-10-10 00:00:00+09:00,533.5622079031808,533.5622079031808,497.99139404296875,497.99139404296875,10012,0.0,0.0
2002-10-11 00:00:00+09:00,569.1330729166666,604.7038899739583,533.562255859375,533.562255859375,19464,0.0,0.0
2002-10-14 00:00:00+09:00,533.562255859375,533.562255859375,533.562255859375,533.562255859375,0,0.0,0.0
2002-10-15 00:00:00+09:00,569.1330729166666,569.1330729166666,533.562255859375,533.562255859375,6296,0.0,0.0
2002-10-16 00:00:00+09:00,533.562255859375,569.1330729166666,533.562255859375,533.562255859375,4628,0.0,0.0
2002-10-17 00:00:00+09:00,533.5622406005859,569.133056640625,533.5622406005859,569.133056640625,3056,0.0,0.0
2002-10-18 00:00:00+09:00,569.133056640625,604.7038726806641,533.5622406005859,569.133056640625,6972,0.0,0.0
2002-10-21 00:00:00+09:00,569.133056640625,604.7038726806641,533.5622406005859,569.133056640625,4176,0.0,0.0
2002-10-22 00:00:00+09:00,569.133056640625,604.7038726806641,569.133056640625,569.133056640625,2504,0.0,0.0
2002-10-23 00:00:00+09:00,604.7037963867188,604.7037963867188,569.1329848345588,604.7037963867188,7560,0.0,0.0
2002-10-24 00:00:00+09:00,604.7038726806641,604.7038726806641,533.5622406005859,569.133056640625,5224,0.0,0.0
2002-10-25 00:00:00+09:00,533.562255859375,569.1330729166666,533.562255859375,533.562255859375,3648,0.0,0.0
2002-10-28 00:00:00+09:00,533.5622406005859,569.133056640625,533.5622406005859,569.133056640625,4744,0.0,0.0
2002-10-29 00:00:00+09:00,569.1330729166666,569.1330729166666,533.562255859375,533.562255859375,3052,0.0,0.0
2002-10-30 00:00:00+09:00,533.5622406005859,569.133056640625,533.5622406005859,569.133056640625,2088,0.0,0.0
2002-10-31 00:00:00+09:00,569.1330729166666,569.1330729166666,533.562255859375,533.562255859375,5204,0.0,0.0
2002-11-01 00:00:00+09:00,533.562255859375,569.1330729166666,497.9914388020833,533.562255859375,6000,0.0,0.0
2002-11-04 00:00:00+09:00,533.562255859375,533.562255859375,533.562255859375,533.562255859375,0,0.0,0.0
2002-11-05 00:00:00+09:00,533.5622079031808,533.5622079031808,497.99139404296875,497.99139404296875,2632,0.0,0.0
2002-11-06 00:00:00+09:00,533.562255859375,533.562255859375,497.9914388020833,533.562255859375,3412,0.0,0.0
2002-11-07 00:00:00+09:00,533.5622079031808,533.5622079031808,462.4205801827567,497.99139404296875,16304,0.0,0.0
2002-11-08 00:00:00+09:00,497.9914081280048,497.9914081280048,462.4205932617188,462.42059326171875,5908,0.0,0.0
2002-11-11 00:00:00+09:00,462.4205932617188,462.4205932617188,426.84977839543274,462.42059326171875,5908,0.0,0.0
2002-11-12 00:00:00+09:00,426.84976196289057,462.42057545979816,391.27894846598304,426.8497619628906,8860,0.0,0.0
2002-11-13 00:00:00+09:00,391.27895779079864,426.8497721354167,320.1373291015625,320.1373291015625,23808,0.0,0.0
2002-11-14 00:00:00+09:00,355.7081465287642,426.84977583451706,355.7081465287642,391.2789611816406,26960,0.0,0.0
2002-11-15 00:00:00+09:00,426.84977583451706,426.84977583451706,355.7081465287642,391.2789611816406,14372,0.0,0.0
2002-11-18 00:00:00+09:00,391.2790100097656,426.8498291015625,355.70819091796875,355.70819091796875,13160,0.0,0.0
2002-11-19 00:00:00+09:00,391.27894846598304,426.84976196289057,355.7081349690755,426.8497619628906,7064,0.0,0.0
2002-11-20 00:00:00+09:00,426.84976196289057,462.42057545979816,391.27894846598304,426.8497619628906,18808,0.0,0.0
2002-11-21 00:00:00+09:00,462.42057545979816,497.9913889567057,426.84976196289057,426.8497619628906,15168,0.0,0.0
2002-11-22 00:00:00+09:00,462.4205801827567,497.99139404296875,426.8497663225446,497.99139404296875,6908,0.0,0.0
2002-11-25 00:00:00+09:00,497.99139404296875,533.5622079031808,462.4205801827567,497.99139404296875,9840,0.0,0.0
2002-11-26 00:00:00+09:00,497.9913889567057,497.9913889567057,426.84976196289057,426.8497619628906,19156,0.0,0.0
2002-11-27 00:00:00+09:00,426.84977839543274,462.4205932617188,391.27896352914667,462.42059326171875,21096,0.0,0.0
2002-11-28 00:00:00+09:00,462.4205932617188,462.4205932617188,426.84977839543274,462.42059326171875,18188,0.0,0.0
2002-11-29 00:00:00+09:00,462.4205932617188,462.4205932617188,426.84977839543274,462.42059326171875,5088,0.0,0.0
2002-12-02 00:00:00+09:00,462.4205932617188,462.4205932617188,462.4205932617188,462.42059326171875,0,0.0,0.0
2002-12-03 00:00:00+09:00,462.42057545979816,462.42057545979816,426.84976196289057,426.8497619628906,5864,0.0,0.0
2002-12-04 00:00:00+09:00,426.84977839543274,462.4205932617188,426.84977839543274,462.42059326171875,3796,0.0,0.0
2002-12-05 00:00:00+09:00,462.4205932617188,462.4205932617188,426.84977839543274,462.42059326171875,7072,0.0,0.0
2002-12-06 00:00:00+09:00,462.4205932617188,462.4205932617188,426.84977839543274,462.42059326171875,4416,0.0,0.0
2002-12-09 00:00:00+09:00,426.84977839543274,462.4205932617188,426.84977839543274,462.42059326171875,3376,0.0,0.0
2002-12-10 00:00:00+09:00,462.4205932617188,462.4205932617188,426.84977839543274,462.42059326171875,3964,0.0,0.0
2002-12-11 00:00:00+09:00,426.84977839543274,462.4205932617188,426.84977839543274,462.42059326171875,2236,0.0,0.0
2002-12-12 00:00:00+09:00,462.4205932617188,462.4205932617188,426.84977839543274,462.42059326171875,3128,0.0,0.0
2002-12-13 00:00:00+09:00,426.84977839543274,462.4205932617188,426.84977839543274,462.42059326171875,16056,0.0,0.0
2002-12-16 00:00:00+09:00,426.84976196289057,462.42057545979816,391.27894846598304,426.8497619628906,6640,0.0,0.0
2002-12-17 00:00:00+09:00,426.84976196289057,462.42057545979816,391.27894846598304,426.8497619628906,7984,0.0,0.0
2002-12-18 00:00:00+09:00,426.84976196289057,462.42057545979816,391.27894846598304,426.8497619628906,4492,0.0,0.0
2002-12-19 00:00:00+09:00,426.84976196289057,462.42057545979816,391.27894846598304,426.8497619628906,3864,0.0,0.0
2002-12-20 00:00:00+09:00,462.42057545979816,462.42057545979816,426.84976196289057,426.8497619628906,6808,0.0,0.0
2002-12-23 00:00:00+09:00,426.84976196289057,426.84976196289057,426.84976196289057,426.8497619628906,0,0.0,0.0
2002-12-24 00:00:00+09:00,462.42057545979816,462.42057545979816,391.27894846598304,426.8497619628906,4376,0.0,0.0
2002-12-25 00:00:00+09:00,391.2789611816406,426.84977583451706,391.2789611816406,391.2789611816406,2904,0.0,0.0
2002-12-26 00:00:00+09:00,426.84976196289057,426.84976196289057,391.27894846598304,426.8497619628906,3944,0.0,0.0
2002-12-27 00:00:00+09:00,391.27894846598304,426.84976196289057,391.27894846598304,426.8497619628906,4676,0.0,0.0
2002-12-30 00:00:00+09:00,426.84977583451706,426.84977583451706,391.2789611816406,391.2789611816406,3168,0.0,0.0
2002-12-31 00:00:00+09:00,391.2789611816406,391.2789611816406,391.2789611816406,391.2789611816406,0,0.0,0.0
2003-01-01 00:00:00+09:00,391.2789611816406,391.2789611816406,391.2789611816406,391.2789611816406,0,0.0,0.0
2003-01-02 00:00:00+09:00,391.2789611816406,391.2789611816406,391.2789611816406,391.2789611816406,0,0.0,0.0
2003-01-03 00:00:00+09:00,391.2789611816406,391.2789611816406,391.2789611816406,391.2789611816406,0,0.0,0.0
2003-01-06 00:00:00+09:00,426.84976196289057,426.84976196289057,391.27894846598304,426.8497619628906,1640,0.0,0.0
2003-01-07 00:00:00+09:00,426.84977583451706,462.42059048739344,391.2789611816406,391.2789611816406,4968,0.0,0.0
2003-01-08 00:00:00+09:00,426.84976196289057,426.84976196289057,391.27894846598304,426.8497619628906,1548,0.0,0.0
2003-01-09 00:00:00+09:00,426.84976196289057,426.84976196289057,391.27894846598304,426.8497619628906,6648,0.0,0.0
2003-01-10 00:00:00+09:00,426.84977583451706,426.84977583451706,391.2789611816406,391.2789611816406,4180,0.0,0.0
2003-01-13 00:00:00+09:00,391.2789611816406,391.2789611816406,391.2789611816406,391.2789611816406,0,0.0,0.0
2003-01-14 00:00:00+09:00,391.2789611816406,426.84977583451706,391.2789611816406,391.2789611816406,2028,0.0,0.0
2003-01-15 00:00:00+09:00,391.2789611816406,426.84977583451706,391.2789611816406,391.2789611816406,4668,0.0,0.0
2003-01-16 00:00:00+09:00,391.27894846598304,426.84976196289057,391.27894846598304,426.8497619628906,2208,0.0,0.0
2003-01-17 00:00:00+09:00,391.27894846598304,462.42057545979816,391.27894846598304,426.8497619628906,18324,0.0,0.0
2003-01-20 00:00:00+09:00,462.42058648003473,746.9871012369792,426.8497721354167,640.274658203125,116088,0.0,0.0
2003-01-21 00:00:00+09:00,640.2746887207031,675.8455047607422,533.5622406005859,569.133056640625,48536,0.0,0.0
2003-01-22 00:00:00+09:00,604.7038726806641,640.2746887207031,533.5622406005859,569.133056640625,26728,0.0,0.0
2003-01-23 00:00:00+09:00,569.1330729166666,604.7038899739583,533.562255859375,533.562255859375,8336,0.0,0.0
2003-01-24 00:00:00+09:00,853.6995675223214,889.2703828357515,746.9871215820312,746.9871215820312,104596,0.0,0.0
2003-01-27 00:00:00+09:00,711.4163818359375,746.9872009277343,640.2747436523438,711.4163818359375,42748,0.0,0.0
2003-01-28 00:00:00+09:00,711.4162726151317,711.4162726151317,675.845458984375,675.845458984375,12748,0.0,0.0
2003-01-29 00:00:00+09:00,675.845472547743,711.4162868923611,640.274658203125,640.274658203125,10172,0.0,0.0
2003-01-30 00:00:00+09:00,640.274658203125,675.845472547743,640.274658203125,640.274658203125,9268,0.0,0.0
2003-01-31 00:00:00+09:00,640.274658203125,675.845472547743,640.274658203125,640.274658203125,11104,0.0,0.0
2003-02-03 00:00:00+09:00,640.274658203125,675.845472547743,640.274658203125,640.274658203125,4748,0.0,0.0
2003-02-04 00:00:00+09:00,640.274658203125,675.845472547743,640.274658203125,640.274658203125,7740,0.0,0.0
2003-02-05 00:00:00+09:00,640.274658203125,675.845472547743,640.274658203125,640.274658203125,5588,0.0,0.0
2003-02-06 00:00:00+09:00,640.274658203125,675.845472547743,640.274658203125,640.274658203125,7136,0.0,0.0
2003-02-07 00:00:00+09:00,640.2746079388786,675.8454194910386,604.7037963867188,604.7037963867188,9060,0.0,0.0
2003-02-10 00:00:00+09:00,640.2746079388786,675.8454194910386,604.7037963867188,604.7037963867188,15676,0.0,0.0
2003-02-11 00:00:00+09:00,604.7037963867188,604.7037963867188,604.7037963867188,604.7037963867188,0,0.0,0.0
2003-02-12 00:00:00+09:00,640.2747436523438,711.4163818359375,604.7039245605469,711.4163818359375,20832,0.0,0.0
2003-02-13 00:00:00+09:00,711.4163818359375,711.4163818359375,675.8455627441406,711.4163818359375,7208,0.0,0.0
2003-02-14 00:00:00+09:00,675.8455627441406,711.4163818359375,675.8455627441406,711.4163818359375,5720,0.0,0.0
2003-02-17 00:00:00+09:00,711.4162930575284,782.5579223632812,711.4162930575284,782.5579223632812,30132,0.0,0.0
2003-02-18 00:00:00+09:00,782.5579223632812,782.5579223632812,746.9871077104049,782.5579223632812,13044,0.0,0.0
2003-02-19 00:00:00+09:00,782.5580200195312,782.5580200195312,711.4163818359375,711.4163818359375,7860,0.0,0.0
2003-02-20 00:00:00+09:00,711.4163062686011,746.9871215820312,711.4163062686011,746.9871215820312,4008,0.0,0.0
2003-02-21 00:00:00+09:00,746.9872009277343,746.9872009277343,711.4163818359375,711.4163818359375,8680,0.0,0.0
2003-02-24 00:00:00+09:00,746.9872009277343,746.9872009277343,711.4163818359375,711.4163818359375,3348,0.0,0.0
2003-02-25 00:00:00+09:00,711.4162726151317,746.9870862458882,675.845458984375,675.845458984375,6924,0.0,0.0
2003-02-26 00:00:00+09:00,675.845458984375,711.4162726151317,675.845458984375,675.845458984375,7480,0.0,0.0
2003-02-27 00:00:00+09:00,675.845472547743,675.845472547743,640.274658203125,640.274658203125,5392,0.0,0.0
2003-02-28 00:00:00+09:00,675.845472547743,675.845472547743,640.274658203125,640.274658203125,5408,0.0,0.0
2003-03-03 00:00:00+09:00,675.845458984375,711.4162726151317,640.2746453536184,675.845458984375,4736,0.0,0.0
2003-03-04 00:00:00+09:00,675.845472547743,711.4162868923611,640.274658203125,640.274658203125,10360,0.0,0.0
2003-03-05 00:00:00+09:00,640.274658203125,675.845472547743,640.274658203125,640.274658203125,2600,0.0,0.0
2003-03-06 00:00:00+09:00,640.2746453536184,711.4162726151317,640.2746453536184,675.845458984375,6984,0.0,0.0
2003-03-07 00:00:00+09:00,675.845458984375,675.845458984375,640.2746453536184,675.845458984375,3320,0.0,0.0
2003-03-10 00:00:00+09:00,640.2746453536184,675.845458984375,640.2746453536184,675.845458984375,4568,0.0,0.0
2003-03-11 00:00:00+09:00,640.2746079388786,675.8454194910386,604.7037963867188,604.7037963867188,9868,0.0,0.0
2003-03-12 00:00:00+09:00,640.2746079388786,675.8454194910386,604.7037963867188,604.7037963867188,3804,0.0,0.0
2003-03-13 00:00:00+09:00,675.845472547743,675.845472547743,640.274658203125,640.274658203125,1816,0.0,0.0
2003-03-14 00:00:00+09:00,604.7037963867188,640.2746079388786,604.7037963867188,604.7037963867188,12720,0.0,0.0
2003-03-17 00:00:00+09:00,604.7037963867188,640.2746079388786,604.7037963867188,604.7037963867188,1776,0.0,0.0
2003-03-18 00:00:00+09:00,640.2746079388786,640.2746079388786,604.7037963867188,604.7037963867188,6916,0.0,0.0
2003-03-19 00:00:00+09:00,604.703843858507,640.274658203125,604.703843858507,640.274658203125,8408,0.0,0.0
2003-03-20 00:00:00+09:00,640.274658203125,675.845472547743,604.703843858507,640.274658203125,5900,0.0,0.0
2003-03-21 00:00:00+09:00,640.274658203125,640.274658203125,640.274658203125,640.274658203125,0,0.0,0.0
2003-03-24 00:00:00+09:00,640.274658203125,675.845472547743,604.703843858507,640.274658203125,4936,0.0,0.0
2003-03-25 00:00:00+09:00,640.274658203125,675.845472547743,604.703843858507,640.274658203125,7584,0.0,0.0
2003-03-26 00:00:00+09:00,640.2746453536184,746.9870862458882,640.2746453536184,675.845458984375,33260,0.0,0.0
2003-03-27 00:00:00+09:00,711.4163062686011,746.9871215820312,675.8454909551712,746.9871215820312,18656,0.0,0.0
2003-03-28 00:00:00+09:00,746.9871215820312,746.9871215820312,711.4163062686011,746.9871215820312,5128,0.0,0.0
2003-03-31 00:00:00+09:00,711.4163818359375,746.9872009277343,711.4163818359375,711.4163818359375,7480,0.0,0.0
2003-04-01 00:00:00+09:00,711.4163818359375,711.4163818359375,675.8455627441406,711.4163818359375,2748,0.0,0.0
2003-04-02 00:00:00+09:00,711.4163818359375,711.4163818359375,675.8455627441406,711.4163818359375,5524,0.0,0.0
2003-04-03 00:00:00+09:00,711.4162930575284,818.1287370161576,711.4162930575284,782.5579223632812,34460,0.0,0.0
2003-04-04 00:00:00+09:00,818.1288391113281,889.2704772949219,711.4163818359375,711.4163818359375,104372,0.0,0.0
2003-04-07 00:00:00+09:00,711.4162868923611,711.4162868923611,604.703843858507,640.274658203125,65788,0.0,0.0
2003-04-08 00:00:00+09:00,675.845458984375,675.845458984375,640.2746453536184,675.845458984375,12380,0.0,0.0
2003-04-09 00:00:00+09:00,675.845472547743,711.4162868923611,640.274658203125,640.274658203125,24024,0.0,0.0
2003-04-10 00:00:00+09:00,675.845458984375,675.845458984375,640.2746453536184,675.845458984375,5108,0.0,0.0
2003-04-11 00:00:00+09:00,675.845458984375,675.845458984375,640.2746453536184,675.845458984375,4780,0.0,0.0
2003-04-14 00:00:00+09:00,640.2746453536184,675.845458984375,640.2746453536184,675.845458984375,2840,0.0,0.0
2003-04-15 00:00:00+09:00,640.2746453536184,675.845458984375,640.2746453536184,675.845458984375,4996,0.0,0.0
2003-04-16 00:00:00+09:00,640.274658203125,675.845472547743,640.274658203125,640.274658203125,6388,0.0,0.0
2003-04-17 00:00:00+09:00,640.2746453536184,675.845458984375,640.2746453536184,675.845458984375,8660,0.0,0.0
2003-04-18 00:00:00+09:00,640.2746453536184,675.845458984375,640.2746453536184,675.845458984375,6456,0.0,0.0
2003-04-21 00:00:00+09:00,640.274658203125,675.845472547743,640.274658203125,640.274658203125,5156,0.0,0.0
2003-04-22 00:00:00+09:00,640.2746453536184,675.845458984375,640.2746453536184,675.845458984375,3584,0.0,0.0
2003-04-23 00:00:00+09:00,675.845472547743,675.845472547743,640.274658203125,640.274658203125,7224,0.0,0.0
2003-04-24 00:00:00+09:00,640.2746453536184,675.845458984375,640.2746453536184,675.845458984375,3284,0.0,0.0
2003-04-25 00:00:00+09:00,640.2746079388786,640.2746079388786,604.7037963867188,604.7037963867188,10080,0.0,0.0
2003-04-28 00:00:00+09:00,604.7037963867188,640.2746079388786,604.7037963867188,604.7037963867188,14756,0.0,0.0
2003-04-29 00:00:00+09:00,604.7037963867188,604.7037963867188,604.7037963867188,604.7037963867188,0,0.0,0.0
2003-04-30 00:00:00+09:00,604.7038726806641,640.2746887207031,569.133056640625,569.133056640625,9896,0.0,0.0
2003-05-01 00:00:00+09:00,604.7038726806641,604.7038726806641,569.133056640625,569.133056640625,9100,0.0,0.0
2003-05-02 00:00:00+09:00,604.7038726806641,604.7038726806641,569.133056640625,569.133056640625,14380,0.0,0.0
2003-05-05 00:00:00+09:00,569.133056640625,569.133056640625,569.133056640625,569.133056640625,0,0.0,0.0
2003-05-06 00:00:00+09:00,604.7037963867188,675.8454194910386,569.1329848345588,604.7037963867188,15064,0.0,0.0
2003-05-07 00:00:00+09:00,604.703843858507,640.274658203125,604.703843858507,640.274658203125,4120,0.0,0.0
2003-05-08 00:00:00+09:00,640.2746079388786,640.2746079388786,604.7037963867188,604.7037963867188,3568,0.0,0.0
2003-05-09 00:00:00+09:00,640.274658203125,640.274658203125,604.703843858507,640.274658203125,8908,0.0,0.0
2003-05-12 00:00:00+09:00,640.274658203125,640.274658203125,604.703843858507,640.274658203125,2156,0.0,0.0
2003-05-13 00:00:00+09:00,640.2746079388786,640.2746079388786,604.7037963867188,604.7037963867188,3336,0.0,0.0
2003-05-14 00:00:00+09:00,640.2746079388786,640.2746079388786,604.7037963867188,604.7037963867188,2668,0.0,0.0
2003-05-15 00:00:00+09:00,640.274658203125,640.274658203125,604.703843858507,640.274658203125,3608,0.0,0.0
2003-05-16 00:00:00+09:00,604.7037963867188,640.2746079388786,604.7037963867188,604.7037963867188,1472,0.0,0.0
2003-05-19 00:00:00+09:00,604.7037963867188,640.2746079388786,604.7037963867188,604.7037963867188,5380,0.0,0.0
2003-05-20 00:00:00+09:00,640.2746079388786,640.2746079388786,604.7037963867188,604.7037963867188,1600,0.0,0.0
2003-05-21 00:00:00+09:00,640.274658203125,640.274658203125,604.703843858507,640.274658203125,5280,0.0,0.0
2003-05-22 00:00:00+09:00,640.2746079388786,640.2746079388786,604.7037963867188,604.7037963867188,1888,0.0,0.0
2003-05-23 00:00:00+09:00,640.274658203125,640.274658203125,604.703843858507,640.274658203125,3036,0.0,0.0
2003-05-26 00:00:00+09:00,640.2746453536184,675.845458984375,604.7038317228619,675.845458984375,16344,0.0,0.0
2003-05-27 00:00:00+09:00,675.845478404652,782.5579223632812,640.2746637517756,782.5579223632812,103976,0.0,0.0
2003-05-28 00:00:00+09:00,782.5579368954614,782.5579368954614,711.4163062686011,746.9871215820312,46944,0.0,0.0
2003-05-29 00:00:00+09:00,746.9870862458882,746.9870862458882,675.845458984375,675.845458984375,11380,0.0,0.0
2003-05-30 00:00:00+09:00,711.4162726151317,711.4162726151317,675.845458984375,675.845458984375,9708,0.0,0.0
2003-06-02 00:00:00+09:00,675.845472547743,711.4162868923611,640.274658203125,640.274658203125,16768,0.0,0.0
2003-06-03 00:00:00+09:00,640.2746453536184,675.845458984375,640.2746453536184,675.845458984375,5540,0.0,0.0
2003-06-04 00:00:00+09:00,675.845472547743,675.845472547743,640.274658203125,640.274658203125,4572,0.0,0.0
2003-06-05 00:00:00+09:00,675.845458984375,675.845458984375,640.2746453536184,675.845458984375,4956,0.0,0.0
2003-06-06 00:00:00+09:00,675.8455627441406,711.4163818359375,640.2747436523438,711.4163818359375,6636,0.0,0.0
2003-06-09 00:00:00+09:00,711.4162726151317,711.4162726151317,675.845458984375,675.845458984375,6204,0.0,0.0
2003-06-10 00:00:00+09:00,711.4162726151317,711.4162726151317,675.845458984375,675.845458984375,3256,0.0,0.0
2003-06-11 00:00:00+09:00,675.8454909551712,746.9871215820312,675.8454909551712,746.9871215820312,24348,0.0,0.0
2003-06-12 00:00:00+09:00,746.9870834350586,889.2703374226887,746.9870834350586,853.6995239257812,106188,0.0,0.0
2003-06-13 00:00:00+09:00,924.8412580818966,1067.1245285560344,889.2704404633621,1031.5537109375,177544,0.0,0.0
2003-06-16 00:00:00+09:00,1031.5536159939236,1067.1244303385417,889.2703586154514,960.4119873046875,70456,0.0,0.0
2003-06-17 00:00:00+09:00,995.9828162560096,995.9828162560096,924.8411865234376,924.8411865234375,24280,0.0,0.0
2003-06-18 00:00:00+09:00,924.8411865234376,960.4120013897236,924.8411865234376,924.8411865234375,13904,0.0,0.0
2003-06-19 00:00:00+09:00,924.8410742187499,960.4118847656249,889.270263671875,889.270263671875,20428,0.0,0.0
2003-06-20 00:00:00+09:00,924.8410742187499,924.8410742187499,889.270263671875,889.270263671875,9392,0.0,0.0
2003-06-23 00:00:00+09:00,924.8411729600695,960.4119873046875,889.2703586154514,960.4119873046875,22252,0.0,0.0
2003-06-24 00:00:00+09:00,960.4120013897236,960.4120013897236,889.2703716571515,924.8411865234375,18636,0.0,0.0
2003-06-25 00:00:00+09:00,924.8411729600695,960.4119873046875,889.2703586154514,960.4119873046875,17860,0.0,0.0
2003-06-26 00:00:00+09:00,924.8411865234376,960.4120013897236,924.8411865234376,924.8411865234375,13360,0.0,0.0
2003-06-27 00:00:00+09:00,924.8410742187499,960.4118847656249,889.270263671875,889.270263671875,22896,0.0,0.0
2003-06-30 00:00:00+09:00,889.270263671875,924.8410742187499,889.270263671875,889.270263671875,30336,0.0,0.0
2003-07-01 00:00:00+09:00,924.8411865234376,924.8411865234376,889.2703716571515,924.8411865234375,15244,0.0,0.0
2003-07-02 00:00:00+09:00,889.2703374226887,924.8411509195963,853.6995239257811,853.6995239257812,25160,0.0,0.0
2003-07-03 00:00:00+09:00,889.2703374226887,889.2703374226887,853.6995239257811,853.6995239257812,22420,0.0,0.0
2003-07-04 00:00:00+09:00,853.6995239257811,889.2703374226887,818.1287104288737,853.6995239257812,19916,0.0,0.0
2003-07-07 00:00:00+09:00,853.6995516690341,853.6995516690341,782.5579223632812,782.5579223632812,22408,0.0,0.0
2003-07-08 00:00:00+09:00,782.5579223632812,818.1287370161576,782.5579223632812,782.5579223632812,23564,0.0,0.0
2003-07-09 00:00:00+09:00,818.1287231445312,818.1287231445312,782.557909094769,818.1287231445312,9428,0.0,0.0
2003-07-10 00:00:00+09:00,782.5579368954614,818.1287522088913,746.9871215820312,746.9871215820312,20708,0.0,0.0
2003-07-11 00:00:00+09:00,746.9871077104049,818.1287370161576,746.9871077104049,782.5579223632812,18840,0.0,0.0
2003-07-14 00:00:00+09:00,746.9870950450068,818.1287231445312,746.9870950450068,818.1287231445312,24784,0.0,0.0
2003-07-15 00:00:00+09:00,818.1287370161576,818.1287370161576,782.5579223632812,782.5579223632812,12252,0.0,0.0
2003-07-16 00:00:00+09:00,818.1287370161576,818.1287370161576,746.9871077104049,782.5579223632812,13136,0.0,0.0
2003-07-17 00:00:00+09:00,746.9871215820312,782.5579368954614,746.9871215820312,746.9871215820312,7280,0.0,0.0
2003-07-18 00:00:00+09:00,746.9871215820312,782.5579368954614,746.9871215820312,746.9871215820312,7604,0.0,0.0
2003-07-21 00:00:00+09:00,746.9871215820312,746.9871215820312,746.9871215820312,746.9871215820312,0,0.0,0.0
2003-07-22 00:00:00+09:00,746.9872009277343,782.5580200195312,711.4163818359375,711.4163818359375,15508,0.0,0.0
2003-07-23 00:00:00+09:00,746.9872009277343,746.9872009277343,711.4163818359375,711.4163818359375,12504,0.0,0.0
2003-07-24 00:00:00+09:00,746.9871077104049,782.5579223632812,711.4162930575284,782.5579223632812,14840,0.0,0.0
2003-07-25 00:00:00+09:00,746.9871215820312,782.5579368954614,746.9871215820312,746.9871215820312,9040,0.0,0.0
2003-07-28 00:00:00+09:00,746.9871077104049,782.5579223632812,711.4162930575284,782.5579223632812,18276,0.0,0.0
2003-07-29 00:00:00+09:00,782.5579155815973,960.4119873046875,782.5579155815973,960.4119873046875,144544,0.0,0.0
2003-07-30 00:00:00+09:00,960.4119873046875,960.4119873046875,960.4119873046875,960.4119873046875,0,0.0,0.0
2003-07-31 00:00:00+09:00,960.4119873046875,960.4119873046875,960.4119873046875,960.4119873046875,0,0.0,0.0
2003-08-01 00:00:00+09:00,960.4119873046875,960.4119873046875,960.4119873046875,960.4119873046875,0,0.0,0.0
2003-08-04 00:00:00+09:00,960.4119873046875,960.4119873046875,960.4119873046875,960.4119873046875,0,0.0,0.0
2003-08-05 00:00:00+09:00,974.640434890497,974.640434890497,867.927978515625,867.927978515625,404400,0.0,0.2
2003-08-06 00:00:00+09:00,853.6995239257811,867.9278493245442,846.5853612263996,853.6995239257812,88100,0.0,0.0
2003-08-07 00:00:00+09:00,853.699453125,924.8410742187499,853.699453125,889.270263671875,76800,0.0,0.0
2003-08-08 00:00:00+09:00,853.6995377079132,896.384514593309,853.6995377079132,882.1561889648438,78700,0.0,0.0
2003-08-11 00:00:00+09:00,875.041939453125,910.61275,867.92777734375,889.270263671875,37300,0.0,0.0
2003-08-12 00:00:00+09:00,896.3845281600952,924.8411798477174,889.2703652381897,910.6128540039062,51700,0.0,0.0
2003-08-13 00:00:00+09:00,910.61275,924.8410742187499,889.270263671875,889.270263671875,52200,0.0,0.0
2003-08-14 00:00:00+09:00,889.2703716571515,924.8411865234376,882.1562086838943,924.8411865234375,47200,0.0,0.0
2003-08-15 00:00:00+09:00,896.3844604492188,896.3844604492188,896.3844604492188,896.3844604492188,30500,0.0,0.0
2003-08-18 00:00:00+09:00,903.4986228337364,924.8411099872892,889.2702980647011,896.3844604492188,33900,0.0,0.0
2003-08-19 00:00:00+09:00,910.6128540039062,917.7270169258119,896.3845281600952,910.6128540039062,43700,0.0,0.0
2003-08-20 00:00:00+09:00,910.6127664728682,924.8410909490067,903.4986042347989,917.7269287109375,62400,0.0,0.0
2003-08-21 00:00:00+09:00,882.1561356801835,910.612785218254,882.1561356801835,896.3844604492188,65200,0.0,0.0
2003-08-22 00:00:00+09:00,860.8137871967098,896.3846048494664,860.8137871967098,875.0421142578125,44700,0.0,0.0
2003-08-25 00:00:00+09:00,853.6996236661585,875.0421142578124,853.6996236661585,875.0421142578125,101500,0.0,0.0
2003-08-26 00:00:00+09:00,839.471212079448,882.1561889648438,839.471212079448,882.1561889648438,112400,0.0,0.0
2003-08-27 00:00:00+09:00,846.5853947410899,867.9278836841426,846.5853947410899,860.813720703125,97400,0.0,0.0
2003-08-28 00:00:00+09:00,839.47119140625,853.699516684322,825.242866128178,839.47119140625,80500,0.0,0.0
2003-08-29 00:00:00+09:00,839.4712617891329,839.4712617891329,754.1013029631195,789.672119140625,198500,0.0,0.0
2003-09-01 00:00:00+09:00,789.6720508260465,803.9003760661554,768.329562965883,775.4437255859375,143100,0.0,0.0
2003-09-02 00:00:00+09:00,775.443916253284,811.0147380997648,775.443916253284,803.9005737304688,191600,0.0,0.0
2003-09-03 00:00:00+09:00,875.0420120239257,889.2703374226887,839.4711985270181,853.6995239257812,348300,0.0,0.0
2003-09-04 00:00:00+09:00,860.8138147573002,867.927978515625,839.4713234823258,867.927978515625,100900,0.0,0.0
2003-09-05 00:00:00+09:00,875.0420066052535,910.6128198818898,867.9278439499262,903.4986572265625,139400,0.0,0.0
2003-09-08 00:00:00+09:00,903.498587890625,910.61275,889.270263671875,889.270263671875,56400,0.0,0.0
2003-09-09 00:00:00+09:00,860.8138073637285,931.9554443359375,860.8138073637285,931.9554443359375,101400,0.0,0.0
2003-09-10 00:00:00+09:00,917.7270235501803,946.1836754432092,910.6128605769231,924.8411865234375,86300,0.0,0.0
2003-09-11 00:00:00+09:00,910.6128540039062,924.8411798477174,903.4986910820007,910.6128540039062,22800,0.0,0.0
2003-09-12 00:00:00+09:00,946.1835590709339,953.2977211692116,917.7269106778232,939.0693969726562,259100,0.0,0.0
2003-09-15 00:00:00+09:00,939.0693969726562,939.0693969726562,939.0693969726562,939.0693969726562,0,0.0,0.0
2003-09-16 00:00:00+09:00,946.1838534740691,1010.2113322805851,931.9555248503989,1003.09716796875,120300,0.0,0.0
2003-09-17 00:00:00+09:00,1003.0970300125749,1052.8961733465326,1003.0970300125749,1038.6678466796875,155800,0.0,0.0
2003-09-18 00:00:00+09:00,1038.6676819274476,1038.6676819274476,1003.0968709025349,1017.3251953125,57500,0.0,0.0
2003-09-19 00:00:00+09:00,1017.3252015904018,1301.891691545759,1017.3252015904018,1244.9783935546875,257200,0.0,0.0
2003-09-22 00:00:00+09:00,1287.6634792751736,1558.001668294271,1280.54931640625,1536.6591796875,332000,0.0,0.0
2003-09-23 00:00:00+09:00,1536.6591796875,1536.6591796875,1536.6591796875,1536.6591796875,0,0.0,0.0
2003-09-24 00:00:00+09:00,1558.0018566596798,1735.8559498856707,1358.8052722465702,1458.403564453125,378500,0.0,0.0
2003-09-25 00:00:00+09:00,1280.54931640625,1387.2617594401042,1223.636013454861,1280.54931640625,159400,0.0,0.0
2003-09-26 00:00:00+09:00,1223.6359369663594,1316.1200484812587,1195.1792872694673,1301.8917236328125,113900,0.0,0.0
2003-09-29 00:00:00+09:00,1351.690945095486,1422.8325737847222,1252.0926649305557,1280.54931640625,125200,0.0,0.0
2003-09-30 00:00:00+09:00,1316.1203731190074,1351.6911940141156,1252.0928955078125,1252.0928955078125,62800,0.0,0.0
2003-10-01 00:00:00+09:00,1252.092624470339,1301.8917629435912,1230.750136553231,1259.206787109375,62900,0.0,0.0
2003-10-02 00:00:00+09:00,1437.0611198080246,1486.8602675241443,1365.919480213568,1415.7186279296875,231800,0.0,0.0
2003-10-03 00:00:00+09:00,1429.9466552734375,1465.517467593672,1422.8324928093905,1429.9466552734375,124600,0.0,0.0
2003-10-06 00:00:00+09:00,1465.5177465820311,1465.5177465820311,1422.832763671875,1422.832763671875,49300,0.0,0.0
2003-10-07 00:00:00+09:00,1351.6911061604817,1415.7185796101887,1344.5769424438477,1365.91943359375,50600,0.0,0.0
2003-10-08 00:00:00+09:00,1351.6910282258066,1358.805191532258,1316.1202116935483,1323.234375,65600,0.0,0.0
2003-10-09 00:00:00+09:00,1294.7776288006755,1330.3484427787162,1294.7776288006755,1316.1201171875,28100,0.0,0.0
2003-10-10 00:00:00+09:00,1280.5493032094594,1351.6909311655404,1280.5493032094594,1316.1201171875,79400,0.0,0.0
2003-10-13 00:00:00+09:00,1316.1201171875,1316.1201171875,1316.1201171875,1316.1201171875,0,0.0,0.0
2003-10-14 00:00:00+09:00,1422.8325737847222,1422.8325737847222,1387.2617594401042,1408.604248046875,92000,0.0,0.0
2003-10-15 00:00:00+09:00,1422.8323534660533,1422.8323534660533,1365.919059327411,1401.4898681640625,80600,0.0,0.0
2003-10-16 00:00:00+09:00,1415.7183191984602,1465.5174560546875,1401.4899943823955,1465.5174560546875,133400,0.0,0.0
2003-10-17 00:00:00+09:00,1465.517683417876,1565.1159725821979,1429.9468658591898,1501.0885009765625,164200,0.0,0.0
2003-10-20 00:00:00+09:00,1565.1159946668095,1565.1159946668095,1479.7460313213471,1558.0018310546875,142300,0.0,0.0
2003-10-21 00:00:00+09:00,1565.1154323876729,1593.5720766129034,1515.3163049935197,1543.77294921875,74400,0.0,0.0
2003-10-22 00:00:00+09:00,1565.1158311631946,1565.1158311631946,1501.088365342882,1536.6591796875,32100,0.0,0.0
2003-10-23 00:00:00+09:00,1458.4031623027045,1522.4306182086768,1351.6907357927505,1401.4898681640625,68900,0.0,0.0
2003-10-24 00:00:00+09:00,1330.3482504907597,1465.5173240700349,1323.2340887234295,1401.4898681640625,55700,0.0,0.0
2003-10-27 00:00:00+09:00,1365.9192708333335,1408.604248046875,1365.9192708333335,1408.604248046875,25400,0.0,0.0
2003-10-28 00:00:00+09:00,1415.7184242777305,1472.6317277662824,1401.4900984055926,1437.0609130859375,39900,0.0,0.0
2003-10-29 00:00:00+09:00,1444.175048828125,1536.659165255542,1437.0608860260159,1444.175048828125,72900,0.0,0.0
2003-10-30 00:00:00+09:00,1437.0609130859375,1451.2892389580754,1401.4900984055926,1437.0609130859375,23100,0.0,0.0
2003-10-31 00:00:00+09:00,1422.83263868122,1515.3167601954992,1415.718475487814,1486.860107421875,74500,0.0,0.0
2003-11-03 00:00:00+09:00,1486.860107421875,1486.860107421875,1486.860107421875,1486.860107421875,0,0.0,0.0
2003-11-04 00:00:00+09:00,1493.9741056868174,1508.2024305028824,1429.9466440145252,1465.5174560546875,31300,0.0,0.0
2003-11-05 00:00:00+09:00,1437.0609801049325,1458.4034699084712,1387.2618372300092,1451.289306640625,24500,0.0,0.0
2003-11-06 00:00:00+09:00,1422.8327918891332,1444.1752837674703,1401.4903000107963,1415.7186279296875,31100,0.0,0.0
2003-11-07 00:00:00+09:00,1415.7184249008258,1415.7184249008258,1365.9192843264248,1373.033447265625,25300,0.0,0.0
2003-11-10 00:00:00+09:00,1351.6910243890225,1422.8326572516025,1351.6910243890225,1387.2618408203125,27900,0.0,0.0
2003-11-11 00:00:00+09:00,1351.6910678116733,1387.2618853856648,1273.4352691488923,1344.576904296875,42400,0.0,0.0
2003-11-12 00:00:00+09:00,1316.1202502376818,1365.9193948412699,1287.663596178489,1344.576904296875,37200,0.0,0.0
2003-11-13 00:00:00+09:00,1373.033489696482,1373.033489696482,1301.8918581059909,1330.3485107421875,17300,0.0,0.0
2003-11-14 00:00:00+09:00,1294.7776697254712,1323.2343218073497,1259.2068546231233,1273.4351806640625,67300,0.0,0.0
2003-11-17 00:00:00+09:00,1131.1519376314604,1244.9785477075823,1088.4669588529148,1109.8094482421875,62300,0.0,0.0
2003-11-18 00:00:00+09:00,1074.2386751302083,1131.151982421875,1038.6678580729167,1067.12451171875,80400,0.0,0.0
2003-11-19 00:00:00+09:00,1031.5535585723653,1045.781883518191,953.2977713703239,974.6402587890625,69300,0.0,0.0
2003-11-20 00:00:00+09:00,1031.5537109375,1031.5537109375,995.9828933189656,1031.5537109375,56800,0.0,0.0
2003-11-21 00:00:00+09:00,1003.0970568426725,1067.1245285560344,1003.0970568426725,1031.5537109375,43100,0.0,0.0
2003-11-24 00:00:00+09:00,1031.5537109375,1031.5537109375,1031.5537109375,1031.5537109375,0,0.0,0.0
2003-11-25 00:00:00+09:00,1138.2659598214286,1309.005853794643,1131.1517975725446,1244.9783935546875,160100,0.0,0.0
2003-11-26 00:00:00+09:00,1244.9785706624818,1273.4352237061958,1173.8369380531972,1230.750244140625,69100,0.0,0.0
2003-11-27 00:00:00+09:00,1159.6086986849766,1195.1795176630435,1124.03787970691,1145.38037109375,65700,0.0,0.0
2003-11-28 00:00:00+09:00,1159.6083984375,1159.6083984375,1088.466778901457,1159.6083984375,61600,0.0,0.0
2003-12-01 00:00:00+09:00,1145.3801829020183,1195.1793212890625,1081.3527192615327,1195.1793212890625,50000,0.0,0.0
2003-12-02 00:00:00+09:00,1173.836929321289,1209.4077453613281,1138.26611328125,1138.26611328125,37800,0.0,0.0
2003-12-03 00:00:00+09:00,1145.3800836876978,1173.8367317296281,1124.03759765625,1124.03759765625,19300,0.0,0.0
2003-12-04 00:00:00+09:00,1124.0380338343177,1166.7230224609375,1124.0380338343177,1166.7230224609375,38100,0.0,0.0
2003-12-05 00:00:00+09:00,1145.38037109375,1166.72286248059,1131.1520435025234,1145.38037109375,24400,0.0,0.0
2003-12-08 00:00:00+09:00,1124.0376779863911,1152.494328061996,1095.5810279107861,1102.6951904296875,14400,0.0,0.0
2003-12-09 00:00:00+09:00,1102.6951904296875,1109.8093529485886,1074.2385403540825,1102.6951904296875,22000,0.0,0.0
2003-12-10 00:00:00+09:00,1081.3526611328125,1102.695147865697,1060.010174399928,1081.3526611328125,20100,0.0,0.0
2003-12-11 00:00:00+09:00,1088.4671345500203,1095.581298828125,1067.124641715706,1095.581298828125,24100,0.0,0.0
2003-12-12 00:00:00+09:00,1088.4668233771074,1124.0376345985815,1052.8960121556333,1081.3526611328125,148400,0.0,0.0
2003-12-15 00:00:00+09:00,1124.03759765625,1138.2659216772151,1102.6951116248022,1124.03759765625,72000,0.0,0.0
2003-12-16 00:00:00+09:00,1109.8093529485886,1116.9235154674898,1088.466865391885,1102.6951904296875,121800,0.0,0.0
2003-12-17 00:00:00+09:00,1067.124336644223,1102.695147865697,1045.7818499113384,1081.3526611328125,29500,0.0,0.0
2003-12-18 00:00:00+09:00,1045.782148881392,1102.6954631062297,1038.6679846032873,1095.581298828125,27600,0.0,0.0
2003-12-19 00:00:00+09:00,1088.4669739173737,1102.69530037381,1060.0103210045013,1074.2386474609375,44100,0.0,0.0
2003-12-22 00:00:00+09:00,1088.467001953125,1095.5811653645833,1060.0103483072917,1067.12451171875,48500,0.0,0.0
2003-12-23 00:00:00+09:00,1067.12451171875,1067.12451171875,1067.12451171875,1067.12451171875,0,0.0,0.0
2003-12-24 00:00:00+09:00,1052.8961848958334,1074.2386751302083,1052.8961848958334,1067.12451171875,30100,0.0,0.0
2003-12-25 00:00:00+09:00,1060.010308713329,1060.010308713329,1038.6678192761478,1045.781982421875,23600,0.0,0.0
2003-12-26 00:00:00+09:00,1045.781982421875,1067.124471859056,1038.6678192761478,1045.781982421875,24800,0.0,0.0
2003-12-29 00:00:00+09:00,1060.010308713329,1138.2661033163265,1045.781982421875,1045.781982421875,60900,0.0,0.0
2003-12-30 00:00:00+09:00,1109.809299736266,1131.1517862696558,1081.3526510250797,1116.9234619140625,19200,0.0,0.0
2003-12-31 00:00:00+09:00,1116.9234619140625,1116.9234619140625,1116.9234619140625,1116.9234619140625,0,0.0,0.0
2004-01-01 00:00:00+09:00,1116.9234619140625,1116.9234619140625,1116.9234619140625,1116.9234619140625,0,0.0,0.0
2004-01-02 00:00:00+09:00,1116.9234619140625,1116.9234619140625,1116.9234619140625,1116.9234619140625,0,0.0,0.0
2004-01-05 00:00:00+09:00,1188.06535386743,1188.06535386743,1138.2662072981366,1145.38037109375,29500,0.0,0.0
2004-01-06 00:00:00+09:00,1202.2933975031347,1202.2933975031347,1138.265938464506,1152.4942626953125,32400,0.0,0.0
2004-01-07 00:00:00+09:00,1145.3802764892578,1152.4944396972655,1131.1519500732422,1138.26611328125,20200,0.0,0.0
2004-01-08 00:00:00+09:00,1124.0377868652342,1152.4944396972655,1124.0377868652342,1138.26611328125,31100,0.0,0.0
2004-01-09 00:00:00+09:00,1138.26611328125,1159.6086029052733,1131.1519500732422,1138.26611328125,59900,0.0,0.0
2004-01-12 00:00:00+09:00,1138.26611328125,1138.26611328125,1138.26611328125,1138.26611328125,0,0.0,0.0
2004-01-13 00:00:00+09:00,1138.26611328125,1152.4944396972655,1124.0377868652342,1138.26611328125,36900,0.0,0.0
2004-01-14 00:00:00+09:00,1145.3802764892578,1145.3802764892578,1109.8094604492187,1138.26611328125,42200,0.0,0.0
2004-01-15 00:00:00+09:00,1131.1519376314604,1145.3802638909756,1109.8094482421875,1109.8094482421875,72700,0.0,0.0
2004-01-16 00:00:00+09:00,1116.923611371945,1124.0377745017029,1102.69528511243,1109.8094482421875,29700,0.0,0.0
2004-01-19 00:00:00+09:00,1074.2384635828719,1124.03759765625,1074.2384635828719,1124.03759765625,42300,0.0,0.0
2004-01-20 00:00:00+09:00,1124.0376240918592,1138.2659484474523,1116.9234619140625,1116.9234619140625,49300,0.0,0.0
2004-01-21 00:00:00+09:00,1124.0377745017029,1124.0377745017029,1109.8094482421875,1109.8094482421875,34600,0.0,0.0
2004-01-22 00:00:00+09:00,1102.6951904296875,1116.9235154674898,1095.5810279107861,1102.6951904296875,51300,0.0,0.0
2004-01-23 00:00:00+09:00,1109.8094460227273,1188.0652402935607,1102.695282907197,1173.8369140625,154700,0.0,0.0
2004-01-26 00:00:00+09:00,1244.9783935546875,1309.005853794643,1209.4075823102678,1244.9783935546875,182500,0.0,0.0
2004-01-27 00:00:00+09:00,1223.6358642578125,1244.9783502623093,1223.6358642578125,1223.6358642578125,78800,0.0,0.0
2004-01-28 00:00:00+09:00,1188.065185546875,1209.4076739099926,1173.8368599714634,1188.065185546875,36000,0.0,0.0
2004-01-29 00:00:00+09:00,1159.6085343960517,1195.179348334581,1145.38020882064,1188.065185546875,34700,0.0,0.0
2004-01-30 00:00:00+09:00,1152.4945171310242,1188.065335560994,1152.4945171310242,1180.951171875,30600,0.0,0.0
2004-02-02 00:00:00+09:00,1180.951171875,1202.293662932982,1173.8370081890062,1180.951171875,21900,0.0,0.0
2004-02-03 00:00:00+09:00,1145.3802764892578,1166.7227661132813,1109.8094604492187,1138.26611328125,46000,0.0,0.0
2004-02-04 00:00:00+09:00,1102.69528511243,1131.1519376314604,1095.5811219826724,1109.8094482421875,39800,0.0,0.0
2004-02-05 00:00:00+09:00,1081.3527028729839,1109.8093529485886,1081.3527028729839,1102.6951904296875,34400,0.0,0.0
2004-02-06 00:00:00+09:00,1095.581081814236,1102.6952446831597,1074.2385932074653,1088.4669189453125,23400,0.0,0.0
2004-02-09 00:00:00+09:00,1102.6953287760416,1109.8094921875,1045.782021484375,1067.12451171875,44700,0.0,0.0
2004-02-10 00:00:00+09:00,1060.0101322657626,1060.0101322657626,1010.2109985351562,1010.2109985351562,89900,0.0,0.0
2004-02-11 00:00:00+09:00,1010.2109985351562,1010.2109985351562,1010.2109985351562,1010.2109985351562,0,0.0,0.0
2004-02-12 00:00:00+09:00,1010.2110331075174,1052.8960063374125,1010.2110331075174,1017.3251953125,97700,0.0,0.0
2004-02-13 00:00:00+09:00,1010.2112203663794,1045.7820379849138,1010.2112203663794,1031.5537109375,74400,0.0,0.0
2004-02-16 00:00:00+09:00,1052.896157776283,1074.2386474609375,1045.7819945480649,1074.2386474609375,26900,0.0,0.0
2004-02-17 00:00:00+09:00,1095.581298828125,1109.8096273843344,1081.3529702719156,1095.581298828125,25700,0.0,0.0
2004-02-18 00:00:00+09:00,1138.2660590277778,1138.2660590277778,1088.4669189453125,1088.4669189453125,69000,0.0,0.0
2004-02-19 00:00:00+09:00,1095.5811653645833,1095.5811653645833,1060.0103483072917,1067.12451171875,39400,0.0,0.0
2004-02-20 00:00:00+09:00,1067.1244842327194,1088.4669739173737,1060.0103210045013,1074.2386474609375,50300,0.0,0.0
2004-02-23 00:00:00+09:00,1088.4669189453125,1109.8094075520835,1081.352756076389,1088.4669189453125,43600,0.0,0.0
2004-02-24 00:00:00+09:00,1095.5811939623532,1095.5811939623532,1052.8962123794042,1060.0103759765625,38500,0.0,0.0
2004-02-25 00:00:00+09:00,1067.1244842327194,1074.2386474609375,1045.7819945480649,1074.2386474609375,44300,0.0,0.0
2004-02-26 00:00:00+09:00,1067.1244842327194,1081.3528106891556,1060.0103210045013,1074.2386474609375,33700,0.0,0.0
2004-02-27 00:00:00+09:00,1088.466787603837,1124.03759765625,1081.3526255933546,1124.03759765625,68300,0.0,0.0
2004-03-01 00:00:00+09:00,1138.2661409198113,1145.38030430056,1102.6953240160672,1131.1519775390625,88400,0.0,0.0
2004-03-02 00:00:00+09:00,1145.3800745302915,1180.9508842983128,1138.265912576687,1159.6083984375,73200,0.0,0.0
2004-03-03 00:00:00+09:00,1159.6083984375,1173.8367223447085,1159.6083984375,1159.6083984375,43700,0.0,0.0
2004-03-04 00:00:00+09:00,1138.2660984848485,1180.9510771780303,1138.2660984848485,1173.8369140625,104100,0.0,0.0
2004-03-05 00:00:00+09:00,1180.951171875,1188.065335560994,1159.608680817018,1180.951171875,54900,0.0,0.0
2004-03-08 00:00:00+09:00,1188.0650462519172,1202.2933701591257,1159.6083984375,1159.6083984375,78600,0.0,0.0
2004-03-09 00:00:00+09:00,1159.6084248107156,1173.836749041522,1145.3801005799094,1152.4942626953125,31300,0.0,0.0
2004-03-10 00:00:00+09:00,1159.608680817018,1195.179499246988,1152.4945171310242,1180.951171875,82200,0.0,0.0
2004-03-11 00:00:00+09:00,1180.9510771780303,1180.9510771780303,1166.7227509469697,1173.8369140625,73200,0.0,0.0
2004-03-12 00:00:00+09:00,1159.6086029052733,1166.7227661132813,1116.9236236572265,1138.26611328125,306400,0.0,0.0
2004-03-15 00:00:00+09:00,1166.72267078218,1195.1793212890625,1145.3801829020183,1195.1793212890625,51600,0.0,0.0
2004-03-16 00:00:00+09:00,1202.2934200613838,1244.9783935546875,1202.2934200613838,1244.9783935546875,145200,0.0,0.0
2004-03-17 00:00:00+09:00,1351.6910208907782,1479.7459597120098,1337.4626943550857,1451.289306640625,366100,0.0,0.0
2004-03-18 00:00:00+09:00,1501.088544209798,1558.001853942871,1351.6911061604817,1365.91943359375,408400,0.0,0.0
2004-03-19 00:00:00+09:00,1351.6909584480245,1408.6042619616255,1316.120143752024,1373.033447265625,105600,0.0,0.0
2004-03-22 00:00:00+09:00,1373.0334202088031,1401.4900714048406,1373.0334202088031,1380.1475830078125,51700,0.0,0.0
2004-03-23 00:00:00+09:00,1365.9192843264248,1408.6042619616255,1351.6909584480245,1373.033447265625,70800,0.0,0.0
2004-03-24 00:00:00+09:00,1387.2616804891557,1522.4307673060478,1380.1475180251089,1429.9466552734375,126100,0.0,0.0
2004-03-25 00:00:00+09:00,1501.0885468273627,1515.316874285442,1437.0610732660061,1458.403564453125,98200,0.0,0.0
2004-03-26 00:00:00+09:00,1458.4033051296253,1486.8599549858131,1408.6041678812967,1429.9466552734375,96000,0.0,0.0
2004-03-29 00:00:00+09:00,1408.6043306790866,1415.7184939653446,1387.2618408203125,1387.2618408203125,57600,0.0,0.0
2004-03-30 00:00:00+09:00,1422.8325878400258,1437.060913718426,1344.5767955088245,1373.033447265625,68500,0.0,0.0
2004-03-31 00:00:00+09:00,1358.8050418775908,1408.604179538026,1358.8050418775908,1394.3758544921875,44900,0.0,0.0
2004-04-01 00:00:00+09:00,1422.8327458079268,1465.5177281821645,1415.7185820788873,1458.403564453125,78200,0.0,0.0
2004-04-02 00:00:00+09:00,1493.9742154208097,1565.1158447265625,1465.5175636985084,1565.1158447265625,178700,0.0,0.0
2004-04-05 00:00:00+09:00,1636.2574089205996,1742.9698486328125,1579.3441077407526,1742.9698486328125,260100,0.0,0.0
2004-04-06 00:00:00+09:00,1671.8280818544586,1700.2847300562366,1579.34397519868,1650.485595703125,187500,0.0,0.0
2004-04-07 00:00:00+09:00,1657.6001504310093,1935.05253612547,1650.4859866952538,1892.3675537109375,421700,0.0,0.0
2004-04-08 00:00:00+09:00,2070.221508930184,2461.50048828125,2034.6506926255418,2461.50048828125,1642800,0.0,0.0
2004-04-09 00:00:00+09:00,2354.7880218505857,2482.8429595947264,2240.961410522461,2276.5322265625,983600,0.0,0.0
2004-04-12 00:00:00+09:00,2347.6737225506754,2802.9801414695944,2326.331234163851,2632.240234375,1082600,0.0,0.0
2004-04-13 00:00:00+09:00,2774.523111979167,2802.979759281517,2489.9566389556626,2497.07080078125,630000,0.0,0.0
2004-04-14 00:00:00+09:00,2532.6420645878234,2582.441206307247,2461.500433560075,2475.728759765625,333200,0.0,0.0
2004-04-15 00:00:00+09:00,2404.5869313886087,2440.157743983115,2205.390380859375,2205.390380859375,422500,0.0,0.0
2004-04-16 00:00:00+09:00,2226.7330449341976,2383.2446327570487,2212.504718768484,2255.189697265625,442900,0.0,0.0
2004-04-19 00:00:00+09:00,2240.961474609375,2262.30396484375,2070.221552734375,2134.2490234375,247400,0.0,0.0
2004-04-20 00:00:00+09:00,2098.678059625467,2191.162177507267,2070.2214079695286,2141.363037109375,208800,0.0,0.0
2004-04-21 00:00:00+09:00,2105.7924247588085,2141.3632427445996,2070.221606773018,2120.020751953125,145400,0.0,0.0
2004-04-22 00:00:00+09:00,2098.6782611616504,2148.4774063417576,2091.5640975644924,2120.020751953125,86800,0.0,0.0
2004-04-23 00:00:00+09:00,2105.791844223485,2120.020167495265,2091.5635209517045,2112.906005859375,77300,0.0,0.0
2004-04-26 00:00:00+09:00,2077.335292762434,2091.5636166854642,2020.4219970703125,2020.4219970703125,113400,0.0,0.0
2004-04-27 00:00:00+09:00,1984.8513334564102,2013.3079833984375,1927.9380335723554,2013.3079833984375,258700,0.0,0.0
2004-04-28 00:00:00+09:00,1977.7374595905173,2134.249057112069,1977.7374595905173,2063.107421875,148700,0.0,0.0
2004-04-29 00:00:00+09:00,2063.107421875,2063.107421875,2063.107421875,2063.107421875,0,0.0,0.0
2004-04-30 00:00:00+09:00,2027.5365112727077,2077.3356536548445,1991.965695285467,2055.9931640625,84800,0.0,0.0
2004-05-03 00:00:00+09:00,2055.9931640625,2055.9931640625,2055.9931640625,2055.9931640625,0,0.0,0.0
2004-05-04 00:00:00+09:00,2055.9931640625,2055.9931640625,2055.9931640625,2055.9931640625,0,0.0,0.0
2004-05-05 00:00:00+09:00,2055.9931640625,2055.9931640625,2055.9931640625,2055.9931640625,0,0.0,0.0
2004-05-06 00:00:00+09:00,2020.4222407670457,2034.6505664062502,1920.8239612926138,1956.394775390625,94800,0.0,0.0
2004-05-07 00:00:00+09:00,1885.253134591239,1999.0797389439174,1871.024809047154,1991.965576171875,103200,0.0,0.0
2004-05-10 00:00:00+09:00,1885.2531457716418,1899.481471400107,1721.627401044292,1764.3123779296875,193100,0.0,0.0
2004-05-11 00:00:00+09:00,1693.1707497873613,1849.6823317004787,1657.5999357161984,1764.3123779296875,133900,0.0,0.0
2004-05-12 00:00:00+09:00,1792.7689769847973,1913.7097413052004,1792.7689769847973,1842.568115234375,86600,0.0,0.0
2004-05-13 00:00:00+09:00,1849.6821484374998,1849.6821484374998,1778.54052734375,1778.54052734375,61900,0.0,0.0
2004-05-14 00:00:00+09:00,1742.9698486328125,1828.3398004025828,1714.513198042889,1742.9698486328125,109100,0.0,0.0
2004-05-17 00:00:00+09:00,1671.8286018728097,1750.0844087689836,1501.0886595538843,1522.43115234375,238000,0.0,0.0
2004-05-18 00:00:00+09:00,1493.9742279052734,1678.9424656459262,1493.9742279052734,1593.572509765625,121700,0.0,0.0
2004-05-19 00:00:00+09:00,1657.600054242122,1742.9700141172527,1593.572584335774,1700.2850341796875,102700,0.0,0.0
2004-05-20 00:00:00+09:00,1643.3716358857996,1778.5407314781382,1600.6866583303245,1693.1707763671875,131500,0.0,0.0
2004-05-21 00:00:00+09:00,1728.741656567677,1799.8832885251945,1686.0566773931664,1771.4266357421875,105600,0.0,0.0
2004-05-24 00:00:00+09:00,1814.111370707667,1871.0246686122214,1778.5405595173206,1835.453857421875,141100,0.0,0.0
2004-05-25 00:00:00+09:00,1849.6824308954567,1863.9107572869602,1721.6274933719253,1771.4266357421875,73900,0.0,0.0
2004-05-26 00:00:00+09:00,1878.1390113830569,1885.2531743049624,1792.7690563201904,1821.2257080078125,75200,0.0,0.0
2004-05-27 00:00:00+09:00,1806.997314453125,1835.453965074434,1785.6548264871433,1806.997314453125,51700,0.0,0.0
2004-05-28 00:00:00+09:00,1814.111370707667,1835.453857421875,1742.9697483269742,1835.453857421875,46700,0.0,0.0
2004-05-31 00:00:00+09:00,1799.8831517977978,1842.5681277297615,1742.9698505551796,1806.997314453125,52300,0.0,0.0
2004-06-01 00:00:00+09:00,1814.111545085907,1856.7965226173403,1778.5407304763794,1821.2257080078125,71600,0.0,0.0
2004-06-02 00:00:00+09:00,1821.2257352941176,1835.454061351103,1799.8832462086398,1814.111572265625,37300,0.0,0.0
2004-06-03 00:00:00+09:00,1835.4538242187498,1871.0246347656248,1721.62723046875,1778.54052734375,80200,0.0,0.0
2004-06-04 00:00:00+09:00,1771.4267191072788,1778.5408826378302,1714.5134108628683,1750.084228515625,76000,0.0,0.0
2004-06-07 00:00:00+09:00,1714.5131092900815,1814.1113811990488,1714.5131092900815,1799.883056640625,97000,0.0,0.0
2004-06-08 00:00:00+09:00,1806.99717578125,1814.111337890625,1771.426365234375,1778.54052734375,43200,0.0,0.0
2004-06-09 00:00:00+09:00,1785.65472175539,1842.5680196599442,1764.312235041182,1835.453857421875,90200,0.0,0.0
2004-06-10 00:00:00+09:00,1821.2255329457364,1871.0246686122214,1806.9972084695978,1835.453857421875,65100,0.0,0.0
2004-06-11 00:00:00+09:00,1799.883056640625,1871.0246794327445,1778.540569802989,1799.883056640625,265000,0.0,0.0
2004-06-14 00:00:00+09:00,1821.2257080078125,1842.5681967735293,1814.111545085907,1821.2257080078125,56900,0.0,0.0
2004-06-15 00:00:00+09:00,1806.9974092371324,1842.5682243795957,1778.5407571231617,1814.111572265625,41800,0.0,0.0
2004-06-16 00:00:00+09:00,1792.7692614103619,1899.481717446693,1792.7692614103619,1892.3675537109375,177900,0.0,0.0
2004-06-17 00:00:00+09:00,1878.1393105394488,1906.5959667597435,1835.4543262090067,1871.025146484375,57500,0.0,0.0
2004-06-18 00:00:00+09:00,1835.454061351103,1863.9107134650735,1785.6549201516543,1814.111572265625,57000,0.0,0.0
2004-06-21 00:00:00+09:00,1814.111531575521,1892.3673231336807,1814.111531575521,1856.7965087890625,75900,0.0,0.0
2004-06-22 00:00:00+09:00,1849.682561277433,1863.910888671875,1814.1117427913287,1863.910888671875,47500,0.0,0.0
2004-06-23 00:00:00+09:00,1842.5682100736178,1871.0248619666468,1828.3398841271035,1849.682373046875,44500,0.0,0.0
2004-06-24 00:00:00+09:00,1856.7965360201324,1878.139024939904,1835.4540471003606,1849.682373046875,47700,0.0,0.0
2004-06-25 00:00:00+09:00,1835.4539526272924,1885.2530908768701,1806.9973021989624,1842.568115234375,51400,0.0,0.0
2004-06-28 00:00:00+09:00,1814.1117427913287,1863.910888671875,1814.1117427913287,1863.910888671875,51800,0.0,0.0
2004-06-29 00:00:00+09:00,1863.9109824293014,1892.367638649596,1835.4543262090067,1871.025146484375,50000,0.0,0.0
2004-06-30 00:00:00+09:00,1885.2531997624772,1970.6231559781365,1863.9107107085624,1942.16650390625,92500,0.0,0.0
2004-07-01 00:00:00+09:00,1977.7370342951947,2048.8786542338707,1977.7370342951947,1984.8511962890625,95600,0.0,0.0
2004-07-02 00:00:00+09:00,1927.93798828125,1942.166312918012,1892.3671766893451,1927.93798828125,41100,0.0,0.0
2004-07-05 00:00:00+09:00,1892.3672534839527,1906.5955786981178,1821.2256274131275,1842.568115234375,47400,0.0,0.0
2004-07-06 00:00:00+09:00,1814.1113969973553,1849.6822087031858,1814.1113969973553,1828.3397216796875,34300,0.0,0.0
2004-07-07 00:00:00+09:00,1778.5405852915248,1842.5680463620197,1643.3715008093689,1828.3397216796875,93500,0.0,0.0
2004-07-08 00:00:00+09:00,1785.654962133691,1792.7691253294429,1742.9699829591805,1771.4266357421875,30200,0.0,0.0
2004-07-09 00:00:00+09:00,1735.8556878998525,1835.453965074434,1735.8556878998525,1806.997314453125,78300,0.0,0.0
2004-07-12 00:00:00+09:00,1842.5680463620197,1871.024695726684,1806.9972346561892,1828.3397216796875,37300,0.0,0.0
2004-07-13 00:00:00+09:00,1814.111464806045,1842.568115234375,1799.8831395918799,1842.568115234375,22000,0.0,0.0
2004-07-14 00:00:00+09:00,1871.0247783510704,1885.253103661725,1806.997314453125,1806.997314453125,43300,0.0,0.0
2004-07-15 00:00:00+09:00,1799.8831517977978,1842.5681277297615,1799.8831517977978,1806.997314453125,33500,0.0,0.0
2004-07-16 00:00:00+09:00,1778.5406638318161,1821.2256397637796,1764.3123385211616,1806.997314453125,26400,0.0,0.0
2004-07-19 00:00:00+09:00,1806.997314453125,1806.997314453125,1806.997314453125,1806.997314453125,0,0.0,0.0
2004-07-20 00:00:00+09:00,1778.54052734375,1792.7688515625,1764.312203125,1778.54052734375,19800,0.0,0.0
2004-07-21 00:00:00+09:00,1792.7689208984375,1792.7689208984375,1771.4264337448847,1792.7689208984375,24400,0.0,0.0
2004-07-22 00:00:00+09:00,1771.4263390772846,1785.6546630859375,1757.1980150686318,1785.6546630859375,17800,0.0,0.0
2004-07-23 00:00:00+09:00,1764.3124310661765,1828.3398983226102,1764.3124310661765,1814.111572265625,25600,0.0,0.0
2004-07-26 00:00:00+09:00,1785.6549201516543,1821.2257352941176,1785.6549201516543,1814.111572265625,27900,0.0,0.0
2004-07-27 00:00:00+09:00,1814.1115455781883,1814.1115455781883,1742.969916339828,1757.1982421875,33500,0.0,0.0
2004-07-28 00:00:00+09:00,1757.198228624132,1764.3123914930557,1707.3990885416667,1728.7415771484375,60700,0.0,0.0
2004-07-29 00:00:00+09:00,1735.8558259774081,1735.8558259774081,1600.6867247742491,1643.3717041015625,43900,0.0,0.0
2004-07-30 00:00:00+09:00,1643.371674723645,1714.5133056640625,1643.371674723645,1714.5133056640625,35600,0.0,0.0
2004-08-02 00:00:00+09:00,1714.51319600768,1721.6273586467162,1657.599894895392,1678.9423828125,33600,0.0,0.0
2004-08-03 00:00:00+09:00,1671.8282603388247,1678.9424231487772,1622.0291206691577,1636.2574462890625,28000,0.0,0.0
2004-08-04 00:00:00+09:00,1600.6867279877533,1622.0292176942569,1458.403463277731,1579.34423828125,75100,0.0,0.0
2004-08-05 00:00:00+09:00,1572.230075045749,1593.5725647522522,1543.7734221037445,1579.34423828125,26800,0.0,0.0
2004-08-06 00:00:00+09:00,1522.4304660498274,1558.0012713313654,1515.3163049935197,1543.77294921875,31100,0.0,0.0
2004-08-09 00:00:00+09:00,1479.7458895596592,1565.1158447265625,1472.6317266290837,1565.1158447265625,30300,0.0,0.0
2004-08-10 00:00:00+09:00,1543.7733559348367,1579.344170587713,1529.5450300736861,1565.1158447265625,24800,0.0,0.0
2004-08-11 00:00:00+09:00,1586.458198784722,1614.9148480902777,1572.2298741319444,1600.6865234375,32900,0.0,0.0
2004-08-12 00:00:00+09:00,1622.0292022301762,1636.2575285655287,1607.8008758948238,1614.9150390625,27500,0.0,0.0
2004-08-13 00:00:00+09:00,1586.4586011309957,1586.4586011309957,1508.2027956940408,1529.5452880859375,121100,0.0,0.0
2004-08-16 00:00:00+09:00,1529.5450584774926,1529.5450584774926,1486.8600801013765,1493.9742431640625,33300,0.0,0.0
2004-08-17 00:00:00+09:00,1515.3167601954992,1515.3167601954992,1465.5176178416566,1486.860107421875,28500,0.0,0.0
2004-08-18 00:00:00+09:00,1472.6317138671875,1486.8600396050347,1458.4033881293403,1472.6317138671875,35400,0.0,0.0
2004-08-19 00:00:00+09:00,1486.8600801013765,1522.4308954148066,1465.5175909133184,1493.9742431640625,24500,0.0,0.0
2004-08-20 00:00:00+09:00,1486.860107421875,1501.0884338086871,1458.4034546482505,1486.860107421875,38000,0.0,0.0
2004-08-23 00:00:00+09:00,1522.4308954148066,1522.4308954148066,1493.9742431640625,1493.9742431640625,20500,0.0,0.0
2004-08-24 00:00:00+09:00,1493.9743830983232,1501.0885468273627,1458.403564453125,1458.403564453125,34500,0.0,0.0
2004-08-25 00:00:00+09:00,1465.517683417876,1529.5451550235114,1465.517683417876,1501.0885009765625,45000,0.0,0.0
2004-08-26 00:00:00+09:00,1522.4308130685151,1536.6591384242956,1493.9741623569541,1515.316650390625,30800,0.0,0.0
2004-08-27 00:00:00+09:00,1522.4308130685151,1522.4308130685151,1493.9741623569541,1515.316650390625,22900,0.0,0.0
2004-08-30 00:00:00+09:00,1508.2025146484375,1515.316677453383,1479.7458634286556,1508.2025146484375,29400,0.0,0.0
2004-08-31 00:00:00+09:00,1501.088351843492,1508.2025146484375,1479.7458634286556,1508.2025146484375,21600,0.0,0.0
2004-09-01 00:00:00+09:00,1515.316677453383,1515.316677453383,1501.088351843492,1508.2025146484375,17400,0.0,0.0
2004-09-02 00:00:00+09:00,1515.316650390625,1522.4308130685151,1501.0883250348445,1515.316650390625,22600,0.0,0.0
2004-09-03 00:00:00+09:00,1543.773301102186,1543.773301102186,1501.0883250348445,1515.316650390625,101600,0.0,0.0
2004-09-06 00:00:00+09:00,1515.316678519871,1657.59993471892,1515.316678519871,1636.2574462890625,175900,0.0,0.0
2004-09-07 00:00:00+09:00,1671.8283161364104,1686.0566422311883,1586.4583595677427,1622.0291748046875,109700,0.0,0.0
2004-09-08 00:00:00+09:00,1657.6002980460107,1657.6002980460107,1600.6869830916412,1607.8011474609375,51200,0.0,0.0
2004-09-09 00:00:00+09:00,1600.6864613500136,1686.0564059553476,1593.572299299569,1650.485595703125,88300,0.0,0.0
2004-09-10 00:00:00+09:00,1614.9151056947667,1629.1434326171875,1543.7734710826624,1629.1434326171875,339800,0.0,0.0
2004-09-13 00:00:00+09:00,1614.9151056947667,1629.1434326171875,1600.6867787723456,1629.1434326171875,30000,0.0,0.0
2004-09-14 00:00:00+09:00,1629.143454249901,1707.3992533623416,1622.0292906942245,1686.0567626953125,106300,0.0,0.0
2004-09-15 00:00:00+09:00,1678.9424231487772,1686.0565859587296,1622.0291206691577,1636.2574462890625,45200,0.0,0.0
2004-09-16 00:00:00+09:00,1622.029269155977,1664.7142499232395,1600.6867787723456,1629.1434326171875,42700,0.0,0.0
2004-09-17 00:00:00+09:00,1614.9149987357002,1636.2574877057757,1586.4583467756,1593.572509765625,78700,0.0,0.0
2004-09-20 00:00:00+09:00,1593.572509765625,1593.572509765625,1593.572509765625,1593.572509765625,0,0.0,0.0
2004-09-21 00:00:00+09:00,1607.8007396475616,1607.8007396475616,1536.6591139994396,1586.458251953125,46000,0.0,0.0
2004-09-22 00:00:00+09:00,1550.887451171875,1607.800752132311,1543.7732885518205,1550.887451171875,35800,0.0,0.0
2004-09-23 00:00:00+09:00,1550.887451171875,1550.887451171875,1550.887451171875,1550.887451171875,0,0.0,0.0
2004-09-24 00:00:00+09:00,1508.2028238171729,1536.6594808703271,1501.0886595538843,1522.43115234375,44200,0.0,0.0
2004-09-27 00:00:00+09:00,1508.2025692894345,1522.4308954148066,1493.9742431640625,1493.9742431640625,46100,0.0,0.0
2004-09-28 00:00:00+09:00,1486.860173953088,1501.0885009765625,1479.7460104413506,1501.0885009765625,32400,0.0,0.0
2004-09-29 00:00:00+09:00,1522.4309233889055,1522.4309233889055,1486.860107421875,1486.860107421875,38000,0.0,0.0
2004-09-30 00:00:00+09:00,1493.974270615281,1522.4309233889055,1486.860107421875,1486.860107421875,48400,0.0,0.0
2004-10-01 00:00:00+09:00,1501.0886595538843,1536.6594808703271,1501.0886595538843,1522.43115234375,43100,0.0,0.0
2004-10-04 00:00:00+09:00,1550.8875318254743,1593.572509765625,1543.7733688354492,1593.572509765625,57100,0.0,0.0
2004-10-05 00:00:00+09:00,1586.458251953125,1600.6865770827494,1572.2299268235006,1586.458251953125,25000,0.0,0.0
2004-10-06 00:00:00+09:00,1579.3440664397801,1671.828178438506,1579.3440664397801,1657.599853515625,89700,0.0,0.0
2004-10-07 00:00:00+09:00,1671.8282470703125,1686.056572577294,1650.4857588098405,1671.8282470703125,73800,0.0,0.0
2004-10-08 00:00:00+09:00,1678.9423848054846,1806.9973124601404,1671.8282221580039,1742.9698486328125,261300,0.0,0.0
2004-10-11 00:00:00+09:00,1742.9698486328125,1742.9698486328125,1742.9698486328125,1742.9698486328125,0,0.0,0.0
2004-10-12 00:00:00+09:00,1728.741549098238,1735.8557118517288,1664.7140843168218,1671.8282470703125,91000,0.0,0.0
2004-10-13 00:00:00+09:00,1700.2850503513957,1700.2850503513957,1664.7142333984375,1664.7142333984375,65400,0.0,0.0
2004-10-14 00:00:00+09:00,1650.4857719089673,1657.59993471892,1629.14328347911,1636.2574462890625,32400,0.0,0.0
2004-10-15 00:00:00+09:00,1600.6867127271476,1650.4858549008811,1586.4583863917953,1614.9150390625,45700,0.0,0.0
2004-10-18 00:00:00+09:00,1614.9150117572985,1636.2575008994654,1607.8008487099096,1622.0291748046875,17600,0.0,0.0
2004-10-19 00:00:00+09:00,1622.029214437906,1643.3717041015625,1622.029214437906,1643.3717041015625,24800,0.0,0.0
2004-10-20 00:00:00+09:00,1614.9151056947667,1643.3717595396083,1600.6867787723456,1629.1434326171875,51100,0.0,0.0
2004-10-21 00:00:00+09:00,1657.6000180685573,1657.6000180685573,1607.8008758948238,1614.9150390625,39700,0.0,0.0
2004-10-22 00:00:00+09:00,1622.0292022301762,1636.2575285655287,1600.6867127271476,1614.9150390625,21300,0.0,0.0
2004-10-25 00:00:00+09:00,1650.4858269942436,1678.9424791837994,1614.9150117572985,1622.0291748046875,77200,0.0,0.0
2004-10-26 00:00:00+09:00,1600.6866322393003,1643.371609099015,1600.6866322393003,1636.2574462890625,41300,0.0,0.0
2004-10-27 00:00:00+09:00,1657.59993471892,1657.59993471892,1629.14328347911,1636.2574462890625,54000,0.0,0.0
2004-10-28 00:00:00+09:00,1636.2575408803436,1671.8283569864382,1629.1433776591248,1643.3717041015625,55000,0.0,0.0
2004-10-29 00:00:00+09:00,1671.828178438506,1671.828178438506,1643.3715285927442,1657.599853515625,17300,0.0,0.0
2004-11-01 00:00:00+09:00,1650.4858673227814,1650.4858673227814,1629.1433776591248,1643.3717041015625,20100,0.0,0.0
2004-11-02 00:00:00+09:00,1650.485732256356,1700.284870729608,1636.2574069782838,1678.9423828125,69100,0.0,0.0
2004-11-03 00:00:00+09:00,1678.9423828125,1678.9423828125,1678.9423828125,1678.9423828125,0,0.0,0.0
2004-11-04 00:00:00+09:00,1686.0567235702124,1693.170886960804,1664.7142333984375,1664.7142333984375,29900,0.0,0.0
2004-11-05 00:00:00+09:00,1700.2849524631974,1757.198256311338,1664.7141375581095,1721.62744140625,67000,0.0,0.0
2004-11-08 00:00:00+09:00,1750.0840092028602,1757.198171841896,1671.828220173464,1678.9423828125,59800,0.0,0.0
2004-11-09 00:00:00+09:00,1657.599921563331,1707.399060837766,1657.599921563331,1671.8282470703125,21700,0.0,0.0
2004-11-10 00:00:00+09:00,1671.8283808879771,1700.2850341796875,1664.7142175650497,1700.2850341796875,35100,0.0,0.0
2004-11-11 00:00:00+09:00,1721.6273863447473,1721.6273863447473,1671.8282470703125,1671.8282470703125,34800,0.0,0.0
2004-11-12 00:00:00+09:00,1686.0566532878956,1750.0841211342713,1686.0566532878956,1714.5133056640625,160800,0.0,0.0
2004-11-15 00:00:00+09:00,1714.5133056640625,2091.5639496482754,1714.5133056640625,1714.5133056640625,424200,0.0,0.0
2004-11-16 00:00:00+09:00,1757.198256311338,1778.5407452543905,1714.5132784252326,1721.62744140625,216500,0.0,0.0
2004-11-17 00:00:00+09:00,1686.0566286359515,1693.1707916259766,1593.572509765625,1593.572509765625,191800,0.0,0.0
2004-11-18 00:00:00+09:00,1607.8008758948238,1636.2575285655287,1607.8008758948238,1614.9150390625,115400,0.0,0.0
2004-11-19 00:00:00+09:00,1636.2573350694445,1650.4856597222222,1600.6865234375,1600.6865234375,94800,0.0,0.0
2004-11-22 00:00:00+09:00,1586.4579155565957,1586.4579155565957,1529.5446271061348,1543.77294921875,98100,0.0,0.0
2004-11-23 00:00:00+09:00,1543.77294921875,1543.77294921875,1543.77294921875,1543.77294921875,0,0.0,0.0
2004-11-24 00:00:00+09:00,1543.773616347202,1550.8877804778344,1515.316959824673,1529.5452880859375,114900,0.0,0.0
2004-11-25 00:00:00+09:00,1600.6865770827494,1607.8007396475616,1536.6591139994396,1586.458251953125,135100,0.0,0.0
2004-11-26 00:00:00+09:00,1579.344170587713,1586.4583335182883,1550.887518865412,1565.1158447265625,65400,0.0,0.0
2004-11-29 00:00:00+09:00,1565.1161612451604,1614.9153118302336,1565.1161612451604,1607.8011474609375,79400,0.0,0.0
2004-11-30 00:00:00+09:00,1600.6865770827494,1600.6865770827494,1565.1157642586884,1586.458251953125,54400,0.0,0.0
2004-12-01 00:00:00+09:00,1565.1158578055245,1593.572509765625,1565.1158578055245,1593.572509765625,39800,0.0,0.0
2004-12-02 00:00:00+09:00,1614.9153118302336,1622.0294761995297,1586.4586543530488,1607.8011474609375,62100,0.0,0.0
2004-12-03 00:00:00+09:00,1622.0292022301762,1636.2575285655287,1600.6867127271476,1614.9150390625,63100,0.0,0.0
2004-12-06 00:00:00+09:00,1614.9150117572985,1629.1433378520765,1600.6866856625206,1622.0291748046875,43400,0.0,0.0
2004-12-07 00:00:00+09:00,1636.2574462890625,1707.399074388587,1614.914957859205,1636.2574462890625,101000,0.0,0.0
2004-12-08 00:00:00+09:00,1600.6869830916412,1636.257804938122,1600.6869830916412,1607.8011474609375,65500,0.0,0.0
2004-12-09 00:00:00+09:00,1614.9149852405894,1629.14331110174,1565.1158447265625,1565.1158447265625,72000,0.0,0.0
2004-12-10 00:00:00+09:00,1550.8877804778344,1572.2302728697312,1515.316959824673,1529.5452880859375,425800,0.0,0.0
2004-12-13 00:00:00+09:00,1529.5452880859375,1543.773616347202,1529.5452880859375,1529.5452880859375,18200,0.0,0.0
2004-12-14 00:00:00+09:00,1536.6594808703271,1550.8878093969042,1522.43115234375,1522.43115234375,59600,0.0,0.0
2004-12-15 00:00:00+09:00,1522.4308402583283,1550.8874914781102,1508.2025146484375,1508.2025146484375,103100,0.0,0.0
2004-12-16 00:00:00+09:00,1501.0883378248948,1515.3166633019082,1479.745849609375,1479.745849609375,141500,0.0,0.0
2004-12-17 00:00:00+09:00,1465.5176178416566,1543.7734129691237,1465.5176178416566,1486.860107421875,74700,0.0,0.0
2004-12-20 00:00:00+09:00,1522.4311239553053,1529.5452880859375,1508.2027956940408,1529.5452880859375,55200,0.0,0.0
2004-12-21 00:00:00+09:00,1536.6587881624425,1572.2295934439805,1529.5446271061348,1543.77294921875,74300,0.0,0.0
2004-12-22 00:00:00+09:00,1558.001668294271,1572.2299940321182,1529.5450168185764,1536.6591796875,56100,0.0,0.0
2004-12-23 00:00:00+09:00,1536.6591796875,1536.6591796875,1536.6591796875,1536.6591796875,0,0.0,0.0
2004-12-24 00:00:00+09:00,1543.7732885518205,1558.0016137919295,1536.659125931766,1550.887451171875,50300,0.0,0.0
2004-12-27 00:00:00+09:00,1543.7733425564236,1550.8875054253472,1529.5450168185764,1536.6591796875,37300,0.0,0.0
2004-12-28 00:00:00+09:00,1543.7735038304438,1558.0018310546875,1536.659340218322,1558.0018310546875,46100,0.0,0.0
2004-12-29 00:00:00+09:00,1572.2299390320384,1579.344101652093,1550.887451171875,1550.887451171875,42900,0.0,0.0
2004-12-30 00:00:00+09:00,1572.2301582789312,1572.2301582789312,1558.0018310546875,1558.0018310546875,18000,0.0,0.0
2004-12-31 00:00:00+09:00,1558.0018310546875,1558.0018310546875,1558.0018310546875,1558.0018310546875,0,0.0,0.0
2005-01-03 00:00:00+09:00,1558.0018310546875,1558.0018310546875,1558.0018310546875,1558.0018310546875,0,0.0,0.0
2005-01-04 00:00:00+09:00,1558.0017485747467,1593.5725647522522,1558.0017485747467,1579.34423828125,40600,0.0,0.0
2005-01-05 00:00:00+09:00,1565.1159118102478,1593.5725647522522,1565.1159118102478,1579.34423828125,65800,0.0,0.0
2005-01-06 00:00:00+09:00,1586.4583595677427,1643.3716639468546,1586.4583595677427,1622.0291748046875,97200,0.0,0.0
2005-01-07 00:00:00+09:00,1643.3716506958008,1643.3716506958008,1586.4583467756,1593.572509765625,83300,0.0,0.0
2005-01-10 00:00:00+09:00,1593.572509765625,1593.572509765625,1593.572509765625,1593.572509765625,0,0.0,0.0
2005-01-11 00:00:00+09:00,1607.8007396475616,1614.9149022123738,1586.458251953125,1586.458251953125,75000,0.0,0.0
2005-01-12 00:00:00+09:00,1600.68667275565,1607.8008357456752,1579.3441837855746,1593.572509765625,54700,0.0,0.0
2005-01-13 00:00:00+09:00,1586.458401516751,1600.6867279877533,1579.34423828125,1579.34423828125,34000,0.0,0.0
2005-01-14 00:00:00+09:00,1565.1157118055555,1614.9148480902777,1565.1157118055555,1600.6865234375,177100,0.0,0.0
2005-01-17 00:00:00+09:00,1622.0291206691577,1657.59993471892,1600.6866322393003,1636.2574462890625,98900,0.0,0.0
2005-01-18 00:00:00+09:00,1636.2575408803436,1678.942520207657,1636.2575408803436,1643.3717041015625,80500,0.0,0.0
2005-01-19 00:00:00+09:00,1657.5999900416325,1664.7141530890215,1614.9150117572985,1622.0291748046875,62100,0.0,0.0
2005-01-20 00:00:00+09:00,1622.0292022301762,1636.2575285655287,1600.6867127271476,1614.9150390625,39800,0.0,0.0
2005-01-21 00:00:00+09:00,1607.8006857638889,1614.9148480902777,1600.6865234375,1600.6865234375,32800,0.0,0.0
2005-01-24 00:00:00+09:00,1600.6867247742491,1664.7141937652193,1600.6867247742491,1643.3717041015625,107700,0.0,0.0
2005-01-25 00:00:00+09:00,1650.4859449169303,1707.3992533623416,1650.4859449169303,1686.0567626953125,153600,0.0,0.0
2005-01-26 00:00:00+09:00,1693.170708090572,1693.170708090572,1671.828220173464,1678.9423828125,58600,0.0,0.0
2005-01-27 00:00:00+09:00,1678.9425442109048,1700.2850341796875,1678.9425442109048,1700.2850341796875,32600,0.0,0.0
2005-01-28 00:00:00+09:00,1707.399301997951,1742.9701207895748,1707.399301997951,1735.85595703125,112500,0.0,0.0
2005-01-31 00:00:00+09:00,1742.9698486328125,1764.3123365752551,1728.7415233378508,1742.9698486328125,104700,0.0,0.0
2005-02-01 00:00:00+09:00,1764.312271360367,1828.3397328210256,1742.9697842068142,1792.7689208984375,114400,0.0,0.0
2005-02-02 00:00:00+09:00,1842.567983453924,1920.8237665349786,1814.1113350608132,1878.1387939453125,169200,0.0,0.0
2005-02-03 00:00:00+09:00,1863.9112885097286,1906.5962798496462,1856.797123286409,1885.2537841796875,76700,0.0,0.0
2005-02-04 00:00:00+09:00,1878.1389973958335,1878.1389973958335,1814.111531575521,1856.7965087890625,100400,0.0,0.0
2005-02-07 00:00:00+09:00,1849.6821818980134,1856.7963441360828,1814.111370707667,1835.453857421875,107600,0.0,0.0
2005-02-08 00:00:00+09:00,1856.7963441360828,1856.7963441360828,1821.2255329457364,1835.453857421875,41200,0.0,0.0
2005-02-09 00:00:00+09:00,1835.4538840208536,1849.6822087031858,1814.1113969973553,1828.3397216796875,44500,0.0,0.0
2005-02-10 00:00:00+09:00,1792.768909973857,1849.6822087031858,1785.654747632691,1828.3397216796875,114100,0.0,0.0
2005-02-11 00:00:00+09:00,1828.3397216796875,1828.3397216796875,1828.3397216796875,1828.3397216796875,0,0.0,0.0
2005-02-14 00:00:00+09:00,1849.6823874080883,1849.6823874080883,1814.111572265625,1814.111572265625,39000,0.0,0.0
2005-02-15 00:00:00+09:00,1806.9974092371324,1842.5682243795957,1806.9974092371324,1814.111572265625,22800,0.0,0.0
2005-02-16 00:00:00+09:00,1828.339635111896,1828.339635111896,1785.6546630859375,1785.6546630859375,32700,0.0,0.0
2005-02-17 00:00:00+09:00,1764.312177072958,1806.997149098917,1764.312177072958,1785.6546630859375,41900,0.0,0.0
2005-02-18 00:00:00+09:00,1764.312177072958,1792.768825090264,1764.312177072958,1785.6546630859375,22700,0.0,0.0
2005-02-21 00:00:00+09:00,1814.1114080519903,1821.225570436508,1785.65475851392,1792.7689208984375,31900,0.0,0.0
2005-02-22 00:00:00+09:00,1792.7688515625,1799.883013671875,1771.426365234375,1778.54052734375,25400,0.0,0.0
2005-02-23 00:00:00+09:00,1778.54052734375,1778.54052734375,1750.08387890625,1778.54052734375,40100,0.0,0.0
2005-02-24 00:00:00+09:00,1778.540501081611,1792.768825090264,1764.312177072958,1785.6546630859375,34900,0.0,0.0
2005-02-25 00:00:00+09:00,1792.7689891424704,1835.453965074434,1778.5406638318161,1806.997314453125,44000,0.0,0.0
2005-02-28 00:00:00+09:00,1842.5681830512153,1863.910671657986,1821.2256944444446,1856.7965087890625,61400,0.0,0.0
2005-03-01 00:00:00+09:00,1849.6822778414576,1849.6822778414576,1842.568115234375,1842.568115234375,20200,0.0,0.0
2005-03-02 00:00:00+09:00,1871.0246318470347,1935.052090731534,1856.7963076504793,1878.1387939453125,126800,0.0,0.0
2005-03-03 00:00:00+09:00,1871.0254537330482,1892.367949403007,1863.9112885097286,1885.2537841796875,66500,0.0,0.0
2005-03-04 00:00:00+09:00,1871.0246043871807,2041.7644922400032,1849.6821184055777,1984.8511962890625,180900,0.0,0.0
2005-03-07 00:00:00+09:00,1999.0797389439174,2041.7647155761717,1977.7372506277902,1991.965576171875,69800,0.0,0.0
2005-03-08 00:00:00+09:00,1991.96535828293,2006.1936822706652,1970.622872301327,1984.8511962890625,88700,0.0,0.0
2005-03-09 00:00:00+09:00,2013.3083318074544,2112.906623840332,1956.3950220743814,2048.879150390625,190900,0.0,0.0
2005-03-10 00:00:00+09:00,2027.5366592407227,2077.335805257161,2027.5366592407227,2048.879150390625,77200,0.0,0.0
2005-03-11 00:00:00+09:00,2084.449863921619,2240.9614577996927,2084.449863921619,2169.81982421875,547200,0.0,0.0
2005-03-14 00:00:00+09:00,2162.705512152778,2212.504652235243,2162.705512152778,2176.933837890625,123000,0.0,0.0
2005-03-15 00:00:00+09:00,2169.819284246488,2198.275930597262,2155.5909610711014,2184.047607421875,103600,0.0,0.0
2005-03-16 00:00:00+09:00,2176.9340647608524,2212.5048828125,2169.8199011505226,2212.5048828125,46400,0.0,0.0
2005-03-17 00:00:00+09:00,2219.618896484375,2233.84722274389,2184.048080835587,2219.618896484375,46300,0.0,0.0
2005-03-18 00:00:00+09:00,2191.162229519913,2269.418023431339,2184.0480664370566,2255.189697265625,66800,0.0,0.0
2005-03-21 00:00:00+09:00,2255.189697265625,2255.189697265625,2255.189697265625,2255.189697265625,0,0.0,0.0
2005-03-22 00:00:00+09:00,2269.417734717108,2276.5318968949045,2219.618599472532,2233.846923828125,60600,0.0,0.0
2005-03-23 00:00:00+09:00,2255.1895184916834,2255.1895184916834,2191.1620558215723,2205.390380859375,108200,0.0,0.0
2005-03-24 00:00:00+09:00,2191.1623919815115,2212.5048828125,2169.8199011505226,2212.5048828125,42900,0.0,0.0
2005-03-25 00:00:00+09:00,2184.047607421875,2198.275930597262,2162.7051226587946,2184.047607421875,36000,0.0,0.0
2005-03-28 00:00:00+09:00,2148.477145859117,2184.0479595322813,2141.3629831244843,2155.59130859375,67900,0.0,0.0
2005-03-29 00:00:00+09:00,2169.81982421875,2205.3906410092213,2148.477334144467,2169.81982421875,77600,0.0,0.0
2005-03-30 00:00:00+09:00,2169.8196340630157,2205.39044773618,2134.2488203898515,2155.59130859375,80600,0.0,0.0
2005-03-31 00:00:00+09:00,2169.819284246488,2198.275930597262,2169.819284246488,2184.047607421875,69000,0.0,0.0
2005-04-01 00:00:00+09:00,2169.819284246488,2184.047607421875,2134.248476308021,2184.047607421875,40600,0.0,0.0
2005-04-04 00:00:00+09:00,2148.477334144467,2184.0481509349383,2141.363170786373,2169.81982421875,34000,0.0,0.0
2005-04-05 00:00:00+09:00,2176.933987576844,2191.1623142930325,2155.591497502561,2169.81982421875,36400,0.0,0.0
2005-04-06 00:00:00+09:00,2155.591513671875,2155.591513671875,2134.2490234375,2134.2490234375,49300,0.0,0.0
2005-04-07 00:00:00+09:00,2120.0209548752027,2226.7334190467736,2120.0209548752027,2191.16259765625,124700,0.0,0.0
2005-04-08 00:00:00+09:00,2169.81982421875,2205.3906410092213,2169.81982421875,2169.81982421875,126700,0.0,0.0
2005-04-11 00:00:00+09:00,2176.933837890625,2283.6462809244795,2155.5913492838545,2176.933837890625,147700,0.0,0.0
2005-04-12 00:00:00+09:00,2169.8199561653014,2233.8474302816544,2169.8199561653014,2198.276611328125,61100,0.0,0.0
2005-04-13 00:00:00+09:00,2212.504652235243,2212.504652235243,2169.8196750217016,2176.933837890625,44700,0.0,0.0
2005-04-14 00:00:00+09:00,2162.705660860656,2198.276477651127,2127.1348440701845,2169.81982421875,44800,0.0,0.0
2005-04-15 00:00:00+09:00,2120.020713056144,2141.3632034560383,2027.5365879899364,2098.67822265625,107100,0.0,0.0
2005-04-18 00:00:00+09:00,1999.0796584274237,2055.9929583114786,1970.6230084853964,2013.3079833984375,113200,0.0,0.0
2005-04-19 00:00:00+09:00,1977.7374963337243,2091.564114827752,1977.7374963337243,2084.449951171875,65600,0.0,0.0
2005-04-20 00:00:00+09:00,2091.5640591896185,2134.249039989407,2063.107405323093,2098.67822265625,69400,0.0,0.0
2005-04-21 00:00:00+09:00,1991.9657866379312,2112.9065665409485,1984.8516231142241,2063.107421875,75700,0.0,0.0
2005-04-22 00:00:00+09:00,2098.6781432471885,2098.6781432471885,2055.9931640625,2055.9931640625,52700,0.0,0.0
2005-04-25 00:00:00+09:00,2027.5363233612804,2055.9929735137193,1999.0796732088415,2041.7646484375,61700,0.0,0.0
2005-04-26 00:00:00+09:00,2013.3083318074544,2055.993314107259,2013.3083318074544,2048.879150390625,45400,0.0,0.0
2005-04-27 00:00:00+09:00,2013.3078351087975,2034.650320993343,2013.3078351087975,2020.4219970703125,34900,0.0,0.0
2005-04-28 00:00:00+09:00,2027.5366592407227,2055.993314107259,2006.1941680908203,2048.879150390625,64500,0.0,0.0
2005-04-29 00:00:00+09:00,2048.879150390625,2048.879150390625,2048.879150390625,2048.879150390625,0,0.0,0.0
2005-05-02 00:00:00+09:00,2013.308172714501,2041.764825332374,2013.308172714501,2027.5364990234375,27800,0.0,0.0
2005-05-03 00:00:00+09:00,2027.5364990234375,2027.5364990234375,2027.5364990234375,2027.5364990234375,0,0.0,0.0
2005-05-04 00:00:00+09:00,2027.5364990234375,2027.5364990234375,2027.5364990234375,2027.5364990234375,0,0.0,0.0
2005-05-05 00:00:00+09:00,2027.5364990234375,2027.5364990234375,2027.5364990234375,2027.5364990234375,0,0.0,0.0
2005-05-06 00:00:00+09:00,2055.9932033591076,2084.4498566927978,2041.7648766922625,2077.335693359375,44500,0.0,0.0
2005-05-09 00:00:00+09:00,2077.3351976799245,2120.020167495265,2070.221036044034,2112.906005859375,50000,0.0,0.0
2005-05-10 00:00:00+09:00,2098.67822265625,2112.9065495895125,2070.2215687897246,2098.67822265625,26400,0.0,0.0
2005-05-11 00:00:00+09:00,2063.107460204245,2084.449951171875,2034.650805580738,2084.449951171875,22100,0.0,0.0
2005-05-12 00:00:00+09:00,2048.87918814433,2077.3358435352234,2041.7650242966067,2070.2216796875,68400,0.0,0.0
2005-05-13 00:00:00+09:00,2063.107389322917,2176.93400390625,2063.107389322917,2134.2490234375,102100,0.0,0.0
2005-05-16 00:00:00+09:00,2127.134893588362,2141.363220635776,2063.107421875,2063.107421875,58900,0.0,0.0
2005-05-17 00:00:00+09:00,2084.4494642032087,2105.791950184812,1942.1662243258568,1984.8511962890625,81700,0.0,0.0
2005-05-18 00:00:00+09:00,1956.394857518813,1977.7373468735639,1885.253226336311,1935.0523681640625,87200,0.0,0.0
2005-05-19 00:00:00+09:00,2006.194080380227,2020.4224071914343,1963.5090999466051,1977.7374267578125,77500,0.0,0.0
2005-05-20 00:00:00+09:00,1977.7373320100971,2006.1939842692352,1942.1665166861746,1970.6231689453125,56600,0.0,0.0
2005-05-23 00:00:00+09:00,1991.9654924156023,1991.9654924156023,1935.0521926322992,1949.280517578125,73600,0.0,0.0
2005-05-24 00:00:00+09:00,2020.4219970703125,2127.1344264930403,2006.1936731472822,2020.4219970703125,296800,0.0,0.0
2005-05-25 00:00:00+09:00,1984.851509991814,2020.4223255830652,1920.824041927562,1935.0523681640625,165300,0.0,0.0
2005-05-26 00:00:00+09:00,1927.9382050458123,1935.0523681640625,1821.2257582720588,1935.0523681640625,118200,0.0,0.0
2005-05-27 00:00:00+09:00,1942.1666097297941,1977.7374267578125,1913.7099561073796,1977.7374267578125,55400,0.0,0.0
2005-05-30 00:00:00+09:00,1956.3948428157437,1991.9656581396662,1956.3948428157437,1970.6231689453125,46700,0.0,0.0
2005-05-31 00:00:00+09:00,1991.9660073138298,2006.1943359375,1963.5093500664893,2006.1943359375,60100,0.0,0.0
2005-06-01 00:00:00+09:00,2034.65071335884,2091.56402002622,2006.1940600251498,2077.335693359375,109300,0.0,0.0
2005-06-02 00:00:00+09:00,2084.4499689737954,2084.4499689737954,2034.6508229573567,2048.879150390625,49800,0.0,0.0
2005-06-03 00:00:00+09:00,2027.5366419248612,2084.449951171875,2027.5366419248612,2084.449951171875,42000,0.0,0.0
2005-06-06 00:00:00+09:00,2063.107460204245,2091.564114827752,2048.8791328924913,2084.449951171875,74700,0.0,0.0
2005-06-07 00:00:00+09:00,2091.563710088315,2155.591170601223,2084.449547809103,2127.134521484375,92000,0.0,0.0
2005-06-08 00:00:00+09:00,2127.134478594806,2155.59112713788,2084.449505780194,2105.7919921875,75400,0.0,0.0
2005-06-09 00:00:00+09:00,2091.5640759698276,2127.134893588362,2063.107421875,2063.107421875,44600,0.0,0.0
2005-06-10 00:00:00+09:00,2027.5362086940456,2127.134478594806,2027.5362086940456,2105.7919921875,356000,0.0,0.0
2005-06-13 00:00:00+09:00,2120.020167495265,2134.2484907670455,2105.791844223485,2112.906005859375,36400,0.0,0.0
2005-06-14 00:00:00+09:00,2112.9061543232688,2134.2486407305746,2098.6778300517317,2105.7919921875,35200,0.0,0.0
2005-06-15 00:00:00+09:00,2105.792222539452,2155.591362937344,2105.792222539452,2141.363037109375,75200,0.0,0.0
2005-06-16 00:00:00+09:00,2127.1348600260417,2155.591513671875,2105.7923697916667,2134.2490234375,94700,0.0,0.0
2005-06-17 00:00:00+09:00,2134.2490234375,2155.591513671875,2127.1348600260417,2134.2490234375,29400,0.0,0.0
2005-06-20 00:00:00+09:00,2134.2484907670455,2141.3626524029355,2098.6776825875945,2112.906005859375,27300,0.0,0.0
2005-06-21 00:00:00+09:00,2112.9065495895125,2127.1348765227754,2034.6507514565678,2098.67822265625,110100,0.0,0.0
2005-06-22 00:00:00+09:00,2112.906533203125,2155.591513671875,2091.56404296875,2134.2490234375,63700,0.0,0.0
2005-06-23 00:00:00+09:00,2155.591513671875,2155.591513671875,2120.0206966145834,2134.2490234375,54700,0.0,0.0
2005-06-24 00:00:00+09:00,2105.792034646739,2134.248683763587,2105.792034646739,2127.134521484375,39100,0.0,0.0
2005-06-27 00:00:00+09:00,2105.791844223485,2120.020167495265,2084.4493593158145,2112.906005859375,34900,0.0,0.0
2005-06-28 00:00:00+09:00,2127.1346576552187,2155.59130859375,2098.6780067166874,2155.59130859375,40900,0.0,0.0
2005-06-29 00:00:00+09:00,2148.4773502604166,2155.591513671875,2127.1348600260417,2134.2490234375,33800,0.0,0.0
2005-06-30 00:00:00+09:00,2141.363037109375,2148.4772000233593,2127.1347112814055,2141.363037109375,28900,0.0,0.0
2005-07-01 00:00:00+09:00,2134.2488741953903,2155.591362937344,2127.1347112814055,2141.363037109375,30000,0.0,0.0
2005-07-04 00:00:00+09:00,2134.2490074282787,2176.933987576844,2134.2490074282787,2169.81982421875,34300,0.0,0.0
2005-07-05 00:00:00+09:00,2169.81948450992,2184.0478089985095,2162.705322265625,2162.705322265625,40300,0.0,0.0
2005-07-06 00:00:00+09:00,2162.705471328383,2176.9337967976485,2155.59130859375,2155.59130859375,28900,0.0,0.0
2005-07-07 00:00:00+09:00,2148.4771864149307,2176.933837890625,2148.4771864149307,2176.933837890625,36900,0.0,0.0
2005-07-08 00:00:00+09:00,2191.1623142930325,2198.276477651127,2169.81982421875,2169.81982421875,113700,0.0,0.0
2005-07-11 00:00:00+09:00,2198.276611328125,2226.7332664909486,2184.0482837467134,2198.276611328125,39300,0.0,0.0
2005-07-12 00:00:00+09:00,2219.619102700243,2219.619102700243,2191.162447537419,2198.276611328125,32600,0.0,0.0
2005-07-13 00:00:00+09:00,2191.1623142930325,2191.1623142930325,2162.705660860656,2169.81982421875,42000,0.0,0.0
2005-07-14 00:00:00+09:00,2176.933646754215,2191.161971242804,2155.5911600213303,2162.705322265625,104300,0.0,0.0
2005-07-15 00:00:00+09:00,2191.1623142930325,2191.1623142930325,2169.81982421875,2169.81982421875,40100,0.0,0.0
2005-07-18 00:00:00+09:00,2169.81982421875,2169.81982421875,2169.81982421875,2169.81982421875,0,0.0,0.0
2005-07-19 00:00:00+09:00,2176.933851679298,2176.933851679298,2141.363037109375,2141.363037109375,36000,0.0,0.0
2005-07-20 00:00:00+09:00,2141.3631868489583,2155.591513671875,2134.2490234375,2134.2490234375,54600,0.0,0.0
2005-07-21 00:00:00+09:00,2141.3632427445996,2155.5915699389157,2105.7924247588085,2120.020751953125,68900,0.0,0.0
2005-07-22 00:00:00+09:00,2120.020713056144,2120.020713056144,2098.67822265625,2098.67822265625,56400,0.0,0.0
2005-07-25 00:00:00+09:00,2105.792222539452,2141.363037109375,2105.792222539452,2141.363037109375,36500,0.0,0.0
2005-07-26 00:00:00+09:00,2127.134521484375,2141.362846042799,2112.906196925951,2127.134521484375,32300,0.0,0.0
2005-07-27 00:00:00+09:00,2127.1346576552187,2169.8196340630157,2127.1346576552187,2155.59130859375,39000,0.0,0.0
2005-07-28 00:00:00+09:00,2162.705322265625,2191.161971242804,2162.705322265625,2162.705322265625,34300,0.0,0.0
2005-07-29 00:00:00+09:00,2184.0477372181567,2248.0751953125,2184.0477372181567,2248.0751953125,82300,0.0,0.0
2005-08-01 00:00:00+09:00,2276.5318491887906,2475.7283859928098,2255.189363102646,2411.700927734375,276500,0.0,0.0
2005-08-02 00:00:00+09:00,2404.586967831566,2418.8152930850074,2376.130317324684,2390.358642578125,133400,0.0,0.0
2005-08-03 00:00:00+09:00,2418.8152807688784,2447.271931130865,2404.586955587885,2425.929443359375,68800,0.0,0.0
2005-08-04 00:00:00+09:00,2411.7013368348817,2418.8155000703828,2340.5597044798706,2369.016357421875,63000,0.0,0.0
2005-08-05 00:00:00+09:00,2369.015921509158,2397.4725692149736,2326.3309499504344,2354.78759765625,79700,0.0,0.0
2005-08-08 00:00:00+09:00,2276.5318991097924,2397.47265625,2276.5318991097924,2397.47265625,84400,0.0,0.0
2005-08-09 00:00:00+09:00,2447.2718136160715,2525.5275983537945,2447.2718136160715,2489.956787109375,159300,0.0,0.0
2005-08-10 00:00:00+09:00,2539.7561180320945,2653.5827227618242,2539.7561180320945,2632.240234375,206700,0.0,0.0
2005-08-11 00:00:00+09:00,2632.240575154622,2760.295522054036,2618.012247721354,2731.8388671875,224200,0.0,0.0
2005-08-12 00:00:00+09:00,2774.5233106237697,2788.7516352936354,2710.495849609375,2710.495849609375,169400,0.0,0.0
2005-08-15 00:00:00+09:00,2731.838501908397,2845.66510615458,2731.838501908397,2795.865966796875,119900,0.0,0.0
2005-08-16 00:00:00+09:00,2767.4093422354354,2781.6376679024556,2703.3818767338444,2724.724365234375,118400,0.0,0.0
2005-08-17 00:00:00+09:00,2710.495985947646,2795.8659382609576,2703.38182325487,2738.95263671875,244900,0.0,0.0
2005-08-18 00:00:00+09:00,2717.610462652943,2738.952953197338,2682.0396450789517,2689.15380859375,112300,0.0,0.0
2005-08-19 00:00:00+09:00,2667.8115234375,2667.8115234375,2646.46903125,2667.8115234375,93600,0.0,0.0
2005-08-22 00:00:00+09:00,2703.381758709343,2810.094196553133,2689.1534336635045,2788.751708984375,147600,0.0,0.0
2005-08-23 00:00:00+09:00,2788.751968265504,2795.8661314498545,2738.952825975048,2753.18115234375,98700,0.0,0.0
2005-08-24 00:00:00+09:00,2738.952825975048,2753.18115234375,2710.496173237645,2753.18115234375,77400,0.0,0.0
2005-08-25 00:00:00+09:00,2753.1809203462453,2753.1809203462453,2689.153457082379,2717.610107421875,105300,0.0,0.0
2005-08-26 00:00:00+09:00,2710.496173237645,2760.2953155281007,2703.3820100532944,2753.18115234375,49200,0.0,0.0
2005-08-29 00:00:00+09:00,2760.294765724143,2817.2080598627854,2724.723956887492,2802.979736328125,147600,0.0,0.0
2005-08-30 00:00:00+09:00,2845.66552734375,2895.4646740722656,2817.2088720703123,2845.66552734375,151700,0.0,0.0
2005-08-31 00:00:00+09:00,2810.094306833051,2888.35009765625,2795.865981228833,2888.35009765625,101100,0.0,0.0
2005-09-01 00:00:00+09:00,2923.921203324015,3030.6336560000736,2909.6928763005403,3002.177001953125,207200,0.0,0.0
2005-09-02 00:00:00+09:00,3059.089951492811,3066.204114170701,3002.176650069689,3030.63330078125,257500,0.0,0.0
2005-09-05 00:00:00+09:00,3080.4317373811928,3116.002542662731,3066.2034152685774,3087.5458984375,92500,0.0,0.0
2005-09-06 00:00:00+09:00,3158.6886437821063,3194.2594618427156,3101.7753348851315,3116.003662109375,184500,0.0,0.0
2005-09-07 00:00:00+09:00,3151.5739213922047,3165.80224609375,3108.8889472875703,3165.80224609375,124600,0.0,0.0
2005-09-08 00:00:00+09:00,3172.916803033502,3172.916803033502,3108.8893339139922,3158.6884765625,130000,0.0,0.0
2005-09-09 00:00:00+09:00,3165.8025041060014,3172.9166670365767,3130.231689453125,3130.231689453125,295100,0.0,0.0
2005-09-12 00:00:00+09:00,3201.3731713388484,3329.428098192402,3172.916520926947,3265.400634765625,207100,0.0,0.0
2005-09-13 00:00:00+09:00,3265.4007038522273,3343.656494140625,3236.9440528382647,3343.656494140625,112500,0.0,0.0
2005-09-14 00:00:00+09:00,3272.515192156796,3343.6568267689,3258.286865234375,3258.286865234375,118600,0.0,0.0
2005-09-15 00:00:00+09:00,3251.172057053139,3322.3136775575836,3251.172057053139,3300.97119140625,106100,0.0,0.0
2005-09-16 00:00:00+09:00,3336.5425507516575,3336.5425507516575,3265.4009185394684,3286.743408203125,117700,0.0,0.0
2005-09-19 00:00:00+09:00,3286.743408203125,3286.743408203125,3286.743408203125,3286.743408203125,0,0.0,0.0
2005-09-20 00:00:00+09:00,3322.3142243092193,3329.4283875304386,3279.629244981906,3286.743408203125,157800,0.0,0.0
2005-09-21 00:00:00+09:00,3286.7433013916016,3315.199953351702,3151.5742045811244,3187.14501953125,98100,0.0,0.0
2005-09-22 00:00:00+09:00,3151.574137183567,3151.574137183567,3080.4325088047053,3108.88916015625,104900,0.0,0.0
2005-09-23 00:00:00+09:00,3108.88916015625,3108.88916015625,3108.88916015625,3108.88916015625,0,0.0,0.0
2005-09-26 00:00:00+09:00,3116.0034147563733,3265.400838751542,3116.0034147563733,3244.058349609375,104800,0.0,0.0
2005-09-27 00:00:00+09:00,3251.1726626888735,3272.515152815934,3215.6018458104395,3236.9443359375,51300,0.0,0.0
2005-09-28 00:00:00+09:00,3201.3739661832824,3251.1731167683556,3194.259801813986,3215.602294921875,61000,0.0,0.0
2005-09-29 00:00:00+09:00,3215.601852547409,3393.4559373121997,3215.601852547409,3329.428466796875,182100,0.0,0.0
2005-09-30 00:00:00+09:00,3379.2274054049394,3379.2274054049394,3194.259168477511,3222.7158203125,88000,0.0,0.0
2005-10-03 00:00:00+09:00,3158.6883930407075,3322.314143130654,3151.5742299933186,3244.058349609375,59100,0.0,0.0
2005-10-04 00:00:00+09:00,3236.943931331345,3322.3138811686554,3236.943931331345,3279.62890625,133100,0.0,0.0
2005-10-05 00:00:00+09:00,3329.4284831432237,3343.656809994263,3265.4010123135463,3293.857666015625,86400,0.0,0.0
2005-10-06 00:00:00+09:00,3244.058171805401,3279.6289850927405,3172.9165452307207,3194.259033203125,76000,0.0,0.0
2005-10-07 00:00:00+09:00,3165.802382573253,3236.944009147933,3165.802382573253,3194.259033203125,49100,0.0,0.0
2005-10-10 00:00:00+09:00,3194.259033203125,3194.259033203125,3194.259033203125,3194.259033203125,0,0.0,0.0
2005-10-11 00:00:00+09:00,3194.2592715931146,3322.314208984375,3180.030945216308,3322.314208984375,52500,0.0,0.0
2005-10-12 00:00:00+09:00,3286.7430571854884,3357.884681799893,3236.943919955405,3315.19970703125,141500,0.0,0.0
2005-10-13 00:00:00+09:00,3208.4873869580824,3272.5148514428333,3208.4873869580824,3251.17236328125,64800,0.0,0.0
2005-10-14 00:00:00+09:00,3322.3143363852687,3322.3143363852687,3244.058538311954,3258.286865234375,139800,0.0,0.0
2005-10-17 00:00:00+09:00,3258.28656695822,3308.0857066278872,3236.9440785283628,3272.514892578125,134300,0.0,0.0
2005-10-18 00:00:00+09:00,3258.286526001778,3286.743176883889,3236.944037840194,3251.17236328125,49400,0.0,0.0
2005-10-19 00:00:00+09:00,3258.2867553182496,3322.3142243092193,3251.1725920970307,3286.743408203125,135000,0.0,0.0
2005-10-20 00:00:00+09:00,3265.4010286955854,3329.428499846479,3251.1727017731646,3258.286865234375,48900,0.0,0.0
2005-10-21 00:00:00+09:00,3244.0589523990593,3251.1731167683556,3208.4881305525787,3215.602294921875,68900,0.0,0.0
2005-10-24 00:00:00+09:00,3236.9443748507438,3279.6293556180062,3208.4877210059017,3258.286865234375,45900,0.0,0.0
2005-10-25 00:00:00+09:00,3279.6288947240478,3322.3138694926906,3244.0580824168455,3315.19970703125,44200,0.0,0.0
2005-10-26 00:00:00+09:00,3322.3144249735956,3663.7942802171347,3315.2002613226887,3578.42431640625,231500,0.0,0.0
2005-10-27 00:00:00+09:00,3663.7942326719926,3855.8766487538255,3635.337578437647,3777.620849609375,216400,0.0,0.0
2005-10-28 00:00:00+09:00,3713.5936367484555,3813.191933519487,3699.3653086383083,3742.05029296875,80500,0.0,0.0
2005-10-31 00:00:00+09:00,3870.1043346774195,3870.1043346774195,3720.706924699063,3749.16357421875,87300,0.0,0.0
2005-11-01 00:00:00+09:00,3749.164288743098,3798.963434893386,3742.0501250073426,3784.735107421875,50100,0.0,0.0
2005-11-02 00:00:00+09:00,3770.50591208718,3855.875857266513,3692.2501290061255,3756.277587890625,110400,0.0,0.0
2005-11-03 00:00:00+09:00,3756.277587890625,3756.277587890625,3756.277587890625,3756.277587890625,0,0.0,0.0
2005-11-04 00:00:00+09:00,3841.6476851577327,3877.218497057341,3699.364437559298,3749.16357421875,116700,0.0,0.0
2005-11-07 00:00:00+09:00,3727.821343315972,3770.506320529514,3606.880574544271,3713.593017578125,111600,0.0,0.0
2005-11-08 00:00:00+09:00,3642.451416015625,3670.9080677032475,3621.1089272499084,3642.451416015625,75100,0.0,0.0
2005-11-09 00:00:00+09:00,3621.1085369266266,3685.1359963221857,3606.8802126165024,3649.565185546875,50100,0.0,0.0
2005-11-10 00:00:00+09:00,3592.6517509055748,3656.6792078524068,3592.6517509055748,3621.1083984375,53900,0.0,0.0
2005-11-11 00:00:00+09:00,3663.793767493541,3663.793767493541,3592.6521409402685,3613.99462890625,117700,0.0,0.0
2005-11-14 00:00:00+09:00,3613.9942365545185,3670.9075316183694,3599.765912788556,3621.1083984375,35000,0.0,0.0
2005-11-15 00:00:00+09:00,3642.451727642276,3642.451727642276,3414.798494664634,3500.16845703125,68000,0.0,0.0
2005-11-16 00:00:00+09:00,3436.140692212804,3549.9672989941805,3421.9123663651317,3514.396484375,54000,0.0,0.0
2005-11-17 00:00:00+09:00,3542.8530949672227,3542.8530949672227,3443.254815189028,3493.053955078125,50700,0.0,0.0
2005-11-18 00:00:00+09:00,3549.9674346801266,3549.9674346801266,3507.2824555056163,3542.853271484375,44000,0.0,0.0
2005-11-21 00:00:00+09:00,3564.1951641675487,3635.3367842108128,3549.9668401588956,3571.309326171875,66200,0.0,0.0
2005-11-22 00:00:00+09:00,3663.793767493541,3663.793767493541,3564.1954903189594,3613.99462890625,70900,0.0,0.0
2005-11-23 00:00:00+09:00,3613.99462890625,3613.99462890625,3613.99462890625,3613.99462890625,0,0.0,0.0
2005-11-24 00:00:00+09:00,3507.2818908691406,3535.7385390709187,3286.742867305361,3300.97119140625,307700,0.0,0.0
2005-11-25 00:00:00+09:00,3322.3143034062837,3336.542630187467,3158.6885454226763,3329.428466796875,173200,0.0,0.0
2005-11-28 00:00:00+09:00,3308.085969694368,3308.085969694368,3172.9168655563185,3236.9443359375,181300,0.0,0.0
2005-11-29 00:00:00+09:00,3236.944311932041,3450.3692116198677,3236.944311932041,3400.570068359375,124700,0.0,0.0
2005-11-30 00:00:00+09:00,3507.2825585125393,3507.2825585125393,3407.6842708468685,3421.91259765625,62300,0.0,0.0
2005-12-01 00:00:00+09:00,3421.9122334382973,3507.2821852080674,3407.6839081433354,3485.939697265625,66100,0.0,0.0
2005-12-02 00:00:00+09:00,3542.852985913826,3542.852985913826,3471.711359690657,3521.510498046875,77000,0.0,0.0
2005-12-05 00:00:00+09:00,3549.9671610929527,3549.9671610929527,3471.711371970663,3485.939697265625,80300,0.0,0.0
2005-12-06 00:00:00+09:00,3493.0543668452,3500.168530525129,3450.369384765625,3450.369384765625,51300,0.0,0.0
2005-12-07 00:00:00+09:00,3414.7980707908164,3535.738835797991,3393.4555828483735,3485.939697265625,58000,0.0,0.0
2005-12-08 00:00:00+09:00,3457.483071899414,3493.053885396321,3393.4556076049803,3414.798095703125,64200,0.0,0.0
2005-12-09 00:00:00+09:00,3379.227187887363,3443.2546503947024,3350.770537884101,3407.683837890625,337800,0.0,0.0
2005-12-12 00:00:00+09:00,3464.5969472656247,3564.195216796875,3443.2544609375,3557.0810546875,79500,0.0,0.0
2005-12-13 00:00:00+09:00,3628.2227939947106,3678.0219303828735,3599.7661446300463,3656.679443359375,127700,0.0,0.0
2005-12-14 00:00:00+09:00,3670.9079261001275,3742.049552574936,3485.939697265625,3485.939697265625,111700,0.0,0.0
2005-12-15 00:00:00+09:00,3521.5101320757612,3663.793369735388,3521.5101320757612,3621.1083984375,116900,0.0,0.0
2005-12-16 00:00:00+09:00,3557.0817701887377,3663.7942232943997,3507.282625406095,3592.652587890625,163900,0.0,0.0
2005-12-19 00:00:00+09:00,3599.7664924172796,3649.565633616728,3585.5381663602943,3628.22314453125,35400,0.0,0.0
2005-12-20 00:00:00+09:00,3678.0234204562203,3813.1925596992924,3628.2242638929833,3770.507568359375,103400,0.0,0.0
2005-12-21 00:00:00+09:00,3784.734458497909,3827.41943359375,3777.6202959819357,3827.41943359375,88800,0.0,0.0
2005-12-22 00:00:00+09:00,3841.647693879014,3877.218505859375,3784.734394710436,3877.218505859375,79200,0.0,0.0
2005-12-23 00:00:00+09:00,3877.218505859375,3877.218505859375,3877.218505859375,3877.218505859375,0,0.0,0.0
2005-12-26 00:00:00+09:00,3806.0775986291414,3870.10507225094,3756.2784524788535,3784.735107421875,32300,0.0,0.0
2005-12-27 00:00:00+09:00,3642.4521428571425,3770.507101004464,3642.4521428571425,3734.936279296875,35700,0.0,0.0
2005-12-28 00:00:00+09:00,3685.136091349511,3848.7618251353,3663.7936043339732,3820.30517578125,59100,0.0,0.0
2005-12-29 00:00:00+09:00,3820.3058309608937,3841.648321636653,3742.050031816443,3777.620849609375,44200,0.0,0.0
2005-12-30 00:00:00+09:00,3763.3922128530653,3813.191353665866,3699.3647460937505,3699.36474609375,35200,0.0,0.0
2006-01-02 00:00:00+09:00,3699.3647460937505,3699.3647460937505,3699.3647460937505,3699.36474609375,0,0.0,0.0
2006-01-03 00:00:00+09:00,3699.3647460937505,3699.3647460937505,3699.3647460937505,3699.36474609375,0,0.0,0.0
2006-01-04 00:00:00+09:00,3692.2504624364956,3770.506252584475,3635.3371605106922,3763.39208984375,34000,0.0,0.0
2006-01-05 00:00:00+09:00,3905.675123843401,3905.675123843401,3777.6202017501746,3820.30517578125,56200,0.0,0.0
2006-01-06 00:00:00+09:00,3806.077787134978,3862.9910998398,3756.2786385182585,3798.963623046875,69600,0.0,0.0
2006-01-09 00:00:00+09:00,3798.963623046875,3798.963623046875,3798.963623046875,3798.963623046875,0,0.0,0.0
2006-01-10 00:00:00+09:00,3798.9642292526532,3827.4208901459315,3770.507568359375,3770.507568359375,49800,0.0,0.0
2006-01-11 00:00:00+09:00,3763.3929366629463,3763.3929366629463,3699.3654575892856,3734.936279296875,54900,0.0,0.0
2006-01-12 00:00:00+09:00,3720.7068505102347,3742.0493372244428,3656.679390367611,3670.90771484375,36800,0.0,0.0
2006-01-13 00:00:00+09:00,3663.793767493541,3663.793767493541,3599.7663035955957,3613.99462890625,218900,0.0,0.0
2006-01-16 00:00:00+09:00,3613.9944169391956,3756.277661700581,3599.766092463057,3670.90771484375,143400,0.0,0.0
2006-01-17 00:00:00+09:00,3663.793750493214,3685.1362383601645,3521.510498046875,3521.510498046875,108100,0.0,0.0
2006-01-18 00:00:00+09:00,3485.9400201612902,3507.2825100806454,3229.830141129032,3308.0859375,190400,0.0,0.0
2006-01-19 00:00:00+09:00,3308.0857861731665,3514.396512622676,3308.0857861731665,3443.2548828125,120800,0.0,0.0
2006-01-20 00:00:00+09:00,3443.2545777738765,3478.8253895277385,3094.660622586025,3165.80224609375,311600,0.0,0.0
2006-01-23 00:00:00+09:00,3158.6886956935978,3158.6886956935978,2902.578801448171,2916.80712890625,353900,0.0,0.0
2006-01-24 00:00:00+09:00,3023.5189172835994,3201.372971241458,3016.4047551252847,3123.1171875,153600,0.0,0.0
2006-01-25 00:00:00+09:00,3108.889081313509,3229.8298464904647,3073.318268026169,3194.259033203125,116100,0.0,0.0
2006-01-26 00:00:00+09:00,3215.6015900985053,3279.6290553880776,3208.487427288553,3272.514892578125,68600,0.0,0.0
2006-01-27 00:00:00+09:00,3386.341852501978,3414.798506724683,3315.2002169452135,3372.113525390625,102100,0.0,0.0
2006-01-30 00:00:00+09:00,3557.0814760672292,3564.1956390193636,3471.7115206416156,3478.82568359375,123200,0.0,0.0
2006-01-31 00:00:00+09:00,3514.396568456626,3514.396568456626,3407.6841220459996,3429.026611328125,54700,0.0,0.0
2006-02-01 00:00:00+09:00,3457.483071899414,3542.853024291992,3379.2272822062173,3414.798095703125,77600,0.0,0.0
2006-02-02 00:00:00+09:00,3379.2274022638676,3521.510661306557,3364.999076359599,3478.82568359375,97800,0.0,0.0
2006-02-03 00:00:00+09:00,3485.93980577257,3500.168131510417,3421.9123399522573,3457.483154296875,49100,0.0,0.0
2006-02-06 00:00:00+09:00,3564.196003644491,3564.196003644491,3450.369384765625,3450.369384765625,50100,0.0,0.0
2006-02-07 00:00:00+09:00,3457.4835484455543,3485.9402031652708,3421.9127300459086,3450.369384765625,30400,0.0,0.0
2006-02-08 00:00:00+09:00,3471.7118151700947,3514.3967965041534,3357.885198279272,3372.113525390625,75900,0.0,0.0
2006-02-09 00:00:00+09:00,3443.2550878703223,3443.2550878703223,3386.3417806327966,3421.91259765625,38500,0.0,0.0
2006-02-10 00:00:00+09:00,3400.5701173984207,3414.79844424946,3272.515175739066,3293.857666015625,143800,0.0,0.0
2006-02-13 00:00:00+09:00,3258.2864546839965,3265.400617248809,3165.8023413414376,3172.91650390625,93100,0.0,0.0
2006-02-14 00:00:00+09:00,3208.487427288553,3343.6565206776495,3151.5741248089334,3272.514892578125,103700,0.0,0.0
2006-02-15 00:00:00+09:00,3350.770877194095,3421.912509406284,3286.743408203125,3286.743408203125,74400,0.0,0.0
2006-02-16 00:00:00+09:00,3322.3140058801528,3436.140609936004,3315.199843126662,3343.656494140625,87500,0.0,0.0
2006-02-17 00:00:00+09:00,3308.086083659576,3386.341883488082,3187.1453021064303,3208.48779296875,60900,0.0,0.0
2006-02-20 00:00:00+09:00,3279.629053079857,3322.31402990953,2995.0625408820383,3016.405029296875,209900,0.0,0.0
2006-02-21 00:00:00+09:00,3087.546814771476,3236.9442412926765,3073.3184884361235,3229.830078125,129900,0.0,0.0
2006-02-22 00:00:00+09:00,3265.400659777805,3300.9714730651444,3151.5740572583168,3194.259033203125,63500,0.0,0.0
2006-02-23 00:00:00+09:00,3158.688576777429,3265.4010286955854,3158.688576777429,3258.286865234375,68200,0.0,0.0
2006-02-24 00:00:00+09:00,3222.7159392121553,3300.9717346455627,3201.3734495484982,3286.743408203125,28900,0.0,0.0
2006-02-27 00:00:00+09:00,3293.8571571180555,3293.8571571180555,3172.916397569444,3201.373046875,55900,0.0,0.0
2006-02-28 00:00:00+09:00,3229.8296198747153,3236.94378203303,2973.719782175399,3123.1171875,150200,0.0,0.0
2006-03-01 00:00:00+09:00,3087.5470455109125,3158.6886825042516,3051.976227014243,3137.34619140625,60800,0.0,0.0
2006-03-02 00:00:00+09:00,3172.9163226082005,3187.1446469248294,3116.0030253416858,3123.1171875,111300,0.0,0.0
2006-03-03 00:00:00+09:00,3158.688203304186,3158.688203304186,3080.432414483587,3101.77490234375,53800,0.0,0.0
2006-03-06 00:00:00+09:00,3172.9166670365767,3172.9166670365767,3037.7475713556464,3130.231689453125,69200,0.0,0.0
2006-03-07 00:00:00+09:00,3101.77490234375,3130.231552823968,3073.318251863532,3101.77490234375,36000,0.0,0.0
2006-03-08 00:00:00+09:00,3080.4323197288077,3116.003131734914,3066.203994926365,3094.66064453125,37100,0.0,0.0
2006-03-09 00:00:00+09:00,3130.231569285913,3222.7156838329965,3130.231569285913,3194.259033203125,94900,0.0,0.0
2006-03-10 00:00:00+09:00,3201.373525766226,3343.6567935780586,3180.031035594451,3329.428466796875,236000,0.0,0.0
2006-03-13 00:00:00+09:00,3258.286832890959,3350.77095696865,3244.058506109776,3329.428466796875,58900,0.0,0.0
2006-03-14 00:00:00+09:00,3293.857666015625,3329.4284831432237,3286.7435025901054,3293.857666015625,37700,0.0,0.0
2006-03-15 00:00:00+09:00,3286.743327893709,3322.314143130654,3215.601697419819,3244.058349609375,40100,0.0,0.0
2006-03-16 00:00:00+09:00,3229.8299974714005,3272.5149754115514,3187.14501953125,3187.14501953125,27500,0.0,0.0
2006-03-17 00:00:00+09:00,3172.916457802441,3343.656356877012,3165.8022953410004,3315.19970703125,43100,0.0,0.0
2006-03-20 00:00:00+09:00,3258.2865410987365,3343.656494140625,3258.2865410987365,3343.656494140625,45400,0.0,0.0
2006-03-21 00:00:00+09:00,3343.656494140625,3343.656494140625,3343.656494140625,3343.656494140625,0,0.0,0.0
2006-03-22 00:00:00+09:00,3393.455795857916,3450.3691006102504,3372.1133065757913,3429.026611328125,79200,0.0,0.0
2006-03-23 00:00:00+09:00,3443.2546503947024,3443.2546503947024,3386.3413503881784,3407.683837890625,33800,0.0,0.0
2006-03-24 00:00:00+09:00,3372.113453823415,3436.1409244656315,3372.113453823415,3421.91259765625,26900,0.0,0.0
2006-03-27 00:00:00+09:00,3421.9123399522573,3471.711480034722,3421.9123399522573,3457.483154296875,39700,0.0,0.0
2006-03-28 00:00:00+09:00,3421.9123266651286,3500.1681179194247,3350.770698252132,3493.053955078125,35100,0.0,0.0
2006-03-29 00:00:00+09:00,3450.369085981616,3478.8257382371344,3414.798270662218,3464.597412109375,55500,0.0,0.0
2006-03-30 00:00:00+09:00,3421.9122334382973,3507.2821852080674,3407.6839081433354,3485.939697265625,62900,0.0,0.0
2006-03-31 00:00:00+09:00,3485.93980577257,3485.93980577257,3429.0265028211807,3457.483154296875,26800,0.0,0.0
2006-04-03 00:00:00+09:00,3464.5973037129265,3514.396443602024,3379.2273496173307,3493.053955078125,55300,0.0,0.0
2006-04-04 00:00:00+09:00,3485.9397922368253,3521.5106064433235,3436.140652347728,3493.053955078125,55500,0.0,0.0
2006-04-05 00:00:00+09:00,3557.081420649822,3557.081420649822,3471.7114665542263,3493.053955078125,54600,0.0,0.0
2006-04-06 00:00:00+09:00,3478.82568359375,3493.0540094980192,3450.3690317852124,3478.82568359375,38500,0.0,0.0
2006-04-07 00:00:00+09:00,3450.369440872477,3478.82609605493,3421.912785690023,3436.14111328125,28800,0.0,0.0
2006-04-10 00:00:00+09:00,3436.140487893887,3443.2546503947024,3343.656375383285,3407.683837890625,74700,0.0,0.0
2006-04-11 00:00:00+09:00,3400.5699445344585,3464.597412109375,3379.2274553428197,3464.597412109375,59600,0.0,0.0
2006-04-12 00:00:00+09:00,3429.026893725838,3471.7118758054125,3414.7985663659797,3450.369384765625,58000,0.0,0.0
2006-04-13 00:00:00+09:00,3429.026396085778,3500.168022560587,3429.026396085778,3485.939697265625,46000,0.0,0.0
2006-04-14 00:00:00+09:00,3507.2821129020417,3507.2821129020417,3386.3413503881784,3407.683837890625,108700,0.0,0.0
2006-04-17 00:00:00+09:00,3421.9124936220223,3436.140819998829,3308.0858826075682,3322.314208984375,44700,0.0,0.0
2006-04-18 00:00:00+09:00,3286.74334944729,3471.7115898923757,3286.74334944729,3429.026611328125,68500,0.0,0.0
2006-04-19 00:00:00+09:00,3436.141057405767,3464.5977121254837,3429.026893725838,3450.369384765625,50400,0.0,0.0
2006-04-20 00:00:00+09:00,3450.368977520481,3450.368977520481,3357.8848605972516,3364.9990234375,48000,0.0,0.0
2006-04-21 00:00:00+09:00,3400.5701074421777,3450.369251275013,3393.455944037487,3421.91259765625,65600,0.0,0.0
2006-04-24 00:00:00+09:00,3393.4558565214084,3393.4558565214084,3279.629244981906,3286.743408203125,57700,0.0,0.0
2006-04-25 00:00:00+09:00,3293.8576185154616,3414.79839500523,3293.8576185154616,3400.570068359375,44000,0.0,0.0
2006-04-26 00:00:00+09:00,3364.998862885732,3407.683837890625,3343.656375383285,3407.683837890625,47900,0.0,0.0
2006-04-27 00:00:00+09:00,3421.912785690023,3443.2552770768634,3379.227802916343,3436.14111328125,27500,0.0,0.0
2006-04-28 00:00:00+09:00,3400.5696565685357,3407.683819029976,3286.7430571854884,3315.19970703125,56400,0.0,0.0
2006-05-01 00:00:00+09:00,3329.427839608028,3350.7703257593616,3286.742867305361,3300.97119140625,25500,0.0,0.0
2006-05-02 00:00:00+09:00,3265.4009962815508,3350.77095696865,3251.172669500367,3329.428466796875,22900,0.0,0.0
2006-05-03 00:00:00+09:00,3329.428466796875,3329.428466796875,3329.428466796875,3329.428466796875,0,0.0,0.0
2006-05-04 00:00:00+09:00,3329.428466796875,3329.428466796875,3329.428466796875,3329.428466796875,0,0.0,0.0
2006-05-05 00:00:00+09:00,3329.428466796875,3329.428466796875,3329.428466796875,3329.428466796875,0,0.0,0.0
2006-05-08 00:00:00+09:00,3450.369251275013,3485.940068298467,3421.91259765625,3421.91259765625,55100,0.0,0.0
2006-05-09 00:00:00+09:00,3379.227253542108,3400.569741459216,3336.542277707892,3357.884765625,29000,0.0,0.0
2006-05-10 00:00:00+09:00,3379.2275300789706,3400.570019742627,3265.4009185394684,3286.743408203125,47700,0.0,0.0
2006-05-11 00:00:00+09:00,3308.0853534566945,3350.7703257593616,3293.8570293558055,3300.97119140625,62200,0.0,0.0
2006-05-12 00:00:00+09:00,3265.400634765625,3308.0856103834763,3229.829821750749,3265.400634765625,60600,0.0,0.0
2006-05-15 00:00:00+09:00,3137.3457154440225,3151.5740406841314,3080.432414483587,3101.77490234375,85600,0.0,0.0
2006-05-16 00:00:00+09:00,3108.889324993656,3151.5743042841864,3044.8618560578598,3066.204345703125,75300,0.0,0.0
2006-05-17 00:00:00+09:00,3101.7750108506943,3101.7750108506943,2995.0625678168403,3073.318359375,70600,0.0,0.0
2006-05-18 00:00:00+09:00,2995.0627135522404,3108.889324993656,2973.720223906975,3066.204345703125,48400,0.0,0.0
2006-05-19 00:00:00+09:00,3037.7476928427714,3080.432672133302,2952.3777342617095,3066.204345703125,45600,0.0,0.0
2006-05-22 00:00:00+09:00,3073.318359375,3080.432522243924,2945.263427734375,2945.263427734375,51600,0.0,0.0
2006-05-23 00:00:00+09:00,3051.9756970761428,3051.9756970761428,2838.550823154734,2859.893310546875,108200,0.0,0.0
2006-05-24 00:00:00+09:00,2824.322658962674,2867.0076361762153,2760.2951931423613,2817.20849609375,125700,0.0,0.0
2006-05-25 00:00:00+09:00,2852.7792398031656,2888.3500532670455,2717.610148640422,2738.95263671875,109500,0.0,0.0
2006-05-26 00:00:00+09:00,2760.2949859539044,2824.322446968299,2639.3542262600477,2710.495849609375,110000,0.0,0.0
2006-05-29 00:00:00+09:00,2774.5235050689457,2895.464273238618,2717.6102024008646,2724.724365234375,112300,0.0,0.0
2006-05-30 00:00:00+09:00,2717.610089557927,2717.610089557927,2610.8976514862807,2625.1259765625,100500,0.0,0.0
2006-05-31 00:00:00+09:00,2553.984130859375,2667.810721649765,2539.7558070105765,2553.984130859375,111300,0.0,0.0
2006-06-01 00:00:00+09:00,2568.213057740977,2660.697184474032,2497.0714217924738,2525.528076171875,114100,0.0,0.0
2006-06-02 00:00:00+09:00,2561.098550052966,2561.098550052966,2447.27194782839,2518.41357421875,139100,0.0,0.0
2006-06-05 00:00:00+09:00,2660.6968269994704,2682.0393149165784,2511.299411579714,2518.41357421875,111600,0.0,0.0
2006-06-06 00:00:00+09:00,2482.842511615381,2575.3266166325734,2482.842511615381,2553.984130859375,62200,0.0,0.0
2006-06-07 00:00:00+09:00,2553.98461067332,2632.240406543533,2461.50048828125,2461.50048828125,195700,0.0,0.0
2006-06-08 00:00:00+09:00,2468.6144189023553,2489.9569066738454,2411.7011181783814,2425.929443359375,146600,0.0,0.0
2006-06-09 00:00:00+09:00,2354.7877247529873,2468.6143217198987,2262.303614717371,2418.815185546875,390900,0.0,0.0
2006-06-12 00:00:00+09:00,2418.8155472107806,2546.870487945469,2354.7880768434366,2482.843017578125,118500,0.0,0.0
2006-06-13 00:00:00+09:00,2447.272307981928,2454.386471667922,2361.90234375,2361.90234375,102500,0.0,0.0
2006-06-14 00:00:00+09:00,2326.3315611655667,2397.4731991217004,2269.4182508006597,2290.7607421875,174000,0.0,0.0
2006-06-15 00:00:00+09:00,2354.787680850667,2411.7009782730397,2198.2761129391424,2233.846923828125,291800,0.0,0.0
2006-06-16 00:00:00+09:00,2447.2721117424244,2461.500437973485,2276.532196969697,2347.673828125,334100,0.0,0.0
2006-06-19 00:00:00+09:00,2418.8156532379517,2440.1581442959337,2347.6740163780123,2361.90234375,97000,0.0,0.0
2006-06-20 00:00:00+09:00,2354.787660198447,2383.2443086600597,2290.7602011598187,2304.988525390625,88000,0.0,0.0
2006-06-21 00:00:00+09:00,2376.130569170106,2376.130569170106,2233.8473015551294,2262.303955078125,88200,0.0,0.0
2006-06-22 00:00:00+09:00,2276.532196969697,2354.78799124053,2276.532196969697,2347.673828125,97100,0.0,0.0
2006-06-23 00:00:00+09:00,2312.1028912030274,2319.217053945191,2269.4179147500486,2283.646240234375,96400,0.0,0.0
2006-06-26 00:00:00+09:00,2283.646133563702,2333.4452704326923,2276.531971153846,2312.102783203125,57000,0.0,0.0
2006-06-27 00:00:00+09:00,2340.559814453125,2361.902305162424,2319.217323743826,2340.559814453125,60500,0.0,0.0
2006-06-28 00:00:00+09:00,2340.559735844379,2347.6738991752127,2283.6464291977068,2297.874755859375,71800,0.0,0.0
2006-06-29 00:00:00+09:00,2304.988525390625,2340.559335967641,2297.8743632752216,2304.988525390625,46900,0.0,0.0
2006-06-30 00:00:00+09:00,2333.446044921875,2383.245198319598,2333.446044921875,2333.446044921875,86900,0.0,0.0
2006-07-03 00:00:00+09:00,2333.4452704326923,2361.9019200721154,2297.874458383413,2312.102783203125,82000,0.0,0.0
2006-07-04 00:00:00+09:00,2333.4451207822085,2347.673444689417,2312.1026349213957,2319.216796875,60900,0.0,0.0
2006-07-05 00:00:00+09:00,2347.6743744640817,2354.788539235185,2312.103550608565,2333.446044921875,68300,0.0,0.0
2006-07-06 00:00:00+09:00,2340.5595421716803,2340.5595421716803,2248.075426523559,2283.646240234375,122000,0.0,0.0
2006-07-07 00:00:00+09:00,2312.1030987433664,2312.1030987433664,2240.961464935878,2262.303955078125,50200,0.0,0.0
2006-07-10 00:00:00+09:00,2262.3035193334654,2262.3035193334654,2169.8194131971914,2248.0751953125,105400,0.0,0.0
2006-07-11 00:00:00+09:00,2212.5044372947355,2248.0752481837185,2198.2761129391424,2233.846923828125,48700,0.0,0.0
2006-07-12 00:00:00+09:00,2205.3907192021707,2233.847373643489,2205.3907192021707,2212.5048828125,47100,0.0,0.0
2006-07-13 00:00:00+09:00,2198.276218340474,2255.1895184916834,2169.819568264869,2205.390380859375,146500,0.0,0.0
2006-07-14 00:00:00+09:00,2205.390555685627,2283.6463495970524,2184.0480664370566,2255.189697265625,174300,0.0,0.0
2006-07-17 00:00:00+09:00,2255.189697265625,2255.189697265625,2255.189697265625,2255.189697265625,0,0.0,0.0
2006-07-18 00:00:00+09:00,2205.3905751753828,2276.532206632653,2084.449801698023,2091.56396484375,103100,0.0,0.0
2006-07-19 00:00:00+09:00,2091.56417123067,2112.9066627738403,2048.87918814433,2070.2216796875,80800,0.0,0.0
2006-07-20 00:00:00+09:00,2112.906533203125,2155.591513671875,2084.4498795572918,2134.2490234375,111900,0.0,0.0
2006-07-21 00:00:00+09:00,2098.678278483628,2127.134933107135,2048.8791328924913,2084.449951171875,80200,0.0,0.0
2006-07-24 00:00:00+09:00,2063.1071360518295,2077.335461128049,2006.1938357469512,2041.7646484375,45200,0.0,0.0
2006-07-25 00:00:00+09:00,2048.878988486842,2077.335641104715,2020.4223358689692,2027.5364990234375,37400,0.0,0.0
2006-07-26 00:00:00+09:00,2055.9929735137193,2063.1071360518295,2034.6504858993903,2041.7646484375,52900,0.0,0.0
2006-07-27 00:00:00+09:00,2048.8789859693875,2112.906454280931,1970.6231913663903,2091.56396484375,68400,0.0,0.0
2006-07-28 00:00:00+09:00,2127.134521484375,2148.477008322011,2091.563710088315,2127.134521484375,71700,0.0,0.0
2006-07-31 00:00:00+09:00,2191.162177507267,2212.5046662492214,2134.2488741953903,2141.363037109375,91200,0.0,0.0
2006-08-01 00:00:00+09:00,2105.792034646739,2191.1619819972825,2098.677872367527,2127.134521484375,72500,0.0,0.0
2006-08-02 00:00:00+09:00,2127.1348440701845,2169.81982421875,2120.02068071209,2169.81982421875,32300,0.0,0.0
2006-08-03 00:00:00+09:00,2169.81948450992,2191.161971242804,2148.4769977770356,2162.705322265625,29400,0.0,0.0
2006-08-04 00:00:00+09:00,2162.7053328804345,2184.0478197180705,2105.792034646739,2127.134521484375,47100,0.0,0.0
2006-08-07 00:00:00+09:00,2162.7056533604455,2169.819816693868,2077.335693359375,2077.335693359375,64600,0.0,0.0
2006-08-08 00:00:00+09:00,2112.906196925951,2134.248683763587,2020.4220872961955,2127.134521484375,44500,0.0,0.0
2006-08-09 00:00:00+09:00,2098.677861223866,2112.9061857067395,1984.8512653608766,1999.07958984375,198800,0.0,0.0
2006-08-10 00:00:00+09:00,1949.2809311596316,1963.5092591243003,1835.4543074422809,1906.595947265625,372000,0.0,0.0
2006-08-11 00:00:00+09:00,1920.824041927562,1991.9656731100642,1906.5957156910615,1935.0523681640625,202300,0.0,0.0
2006-08-14 00:00:00+09:00,1913.7098644270366,1970.6231689453127,1913.7098644270366,1970.6231689453125,88500,0.0,0.0
2006-08-15 00:00:00+09:00,1970.6231559781365,1977.7373189961081,1942.16650390625,1942.16650390625,76800,0.0,0.0
2006-08-16 00:00:00+09:00,1963.5090306332236,2027.5364990234375,1956.3948674787555,2027.5364990234375,145600,0.0,0.0
2006-08-17 00:00:00+09:00,2098.6779487423782,2134.248761432927,2034.6504858993903,2041.7646484375,246800,0.0,0.0
2006-08-18 00:00:00+09:00,2055.9934861203456,2055.9934861203456,1991.9660073138298,2006.1943359375,91200,0.0,0.0
2006-08-21 00:00:00+09:00,2013.3079143266239,2027.5362388094975,1999.0795898437502,1999.07958984375,94600,0.0,0.0
2006-08-22 00:00:00+09:00,2020.4223358689692,2041.764825332374,2006.1940095600328,2027.5364990234375,98100,0.0,0.0
2006-08-23 00:00:00+09:00,2048.8790008650517,2063.107327259948,2041.7648376676038,2055.9931640625,110100,0.0,0.0
2006-08-24 00:00:00+09:00,2055.9929583114786,2063.1071207969853,2006.1938209129307,2013.3079833984375,79600,0.0,0.0
2006-08-25 00:00:00+09:00,2034.650470854958,2034.650470854958,1999.0796584274237,2013.3079833984375,55300,0.0,0.0
2006-08-28 00:00:00+09:00,2034.6507340026415,2034.6507340026415,1970.6232633522088,1977.7374267578125,78500,0.0,0.0
2006-08-29 00:00:00+09:00,1970.6231559781365,2013.3081340859662,1935.0523408882784,1942.16650390625,94500,0.0,0.0
2006-08-30 00:00:00+09:00,1963.5090332031252,1977.737359530684,1942.1665437117867,1963.509033203125,101000,0.0,0.0
2006-08-31 00:00:00+09:00,1999.0797389439174,2027.536390032087,1970.6230878557478,1991.965576171875,111400,0.0,0.0
2006-09-01 00:00:00+09:00,1984.8514820140797,1984.8514820140797,1935.0523408882784,1942.16650390625,203600,0.0,0.0
2006-09-04 00:00:00+09:00,1970.6230169246633,1970.6230169246633,1906.5955542809015,1913.709716796875,188700,0.0,0.0
2006-09-05 00:00:00+09:00,1935.05253612547,1935.05253612547,1871.0250625036713,1892.3675537109375,225000,0.0,0.0
2006-09-06 00:00:00+09:00,2063.1074993047127,2205.390775118831,2048.879171723301,2198.276611328125,2004600,0.0,0.0
2006-09-07 00:00:00+09:00,2553.9841683086747,2625.1257885958244,2326.3309833897956,2411.700927734375,1669900,0.0,0.0
2006-09-08 00:00:00+09:00,2383.244352661506,2411.701001648509,2283.6460812069954,2326.3310546875,551900,0.0,0.0
2006-09-11 00:00:00+09:00,2361.901865921254,2376.1301904147554,2304.9885679472477,2326.3310546875,162800,0.0,0.0
2006-09-12 00:00:00+09:00,2397.472827465503,2753.1809621043017,2383.2445020799514,2738.95263671875,1545700,0.0,0.0
2006-09-13 00:00:00+09:00,2774.5238283847243,2980.8345745979473,2646.4688824592754,2674.925537109375,1897900,0.0,0.0
2006-09-14 00:00:00+09:00,2746.066979392964,2902.578568892045,2553.984574098638,2660.697021484375,531600,0.0,0.0
2006-09-15 00:00:00+09:00,2632.24075931007,2724.7248940966406,2582.4416098096094,2653.583251953125,175500,0.0,0.0
2006-09-18 00:00:00+09:00,2653.583251953125,2653.583251953125,2653.583251953125,2653.583251953125,0,0.0,0.0
2006-09-19 00:00:00+09:00,2703.382166043134,2724.724656827685,2497.0714217924738,2525.528076171875,260200,0.0,0.0
2006-09-20 00:00:00+09:00,2518.4137943686774,2518.4137943686774,2397.4730189328934,2461.50048828125,213400,0.0,0.0
2006-09-21 00:00:00+09:00,2468.614758708919,2489.957249418218,2312.1031601740597,2340.559814453125,272800,0.0,0.0
2006-09-22 00:00:00+09:00,2312.1031881599297,2312.1031881599297,2027.5366419248612,2084.449951171875,1421300,0.0,0.0
2006-09-25 00:00:00+09:00,2120.020713056144,2141.3632034560383,2055.9932418564617,2098.67822265625,364800,0.0,0.0
2006-09-26 00:00:00+09:00,2027.5366419248612,2091.564114827752,2027.5366419248612,2084.449951171875,171000,0.0,0.0
2006-09-27 00:00:00+09:00,2063.107245055544,2141.363037109375,2027.5364304856207,2141.363037109375,267100,0.0,0.0
2006-09-28 00:00:00+09:00,2112.9063854534365,2184.0480145932825,2112.9063854534365,2141.363037109375,179500,0.0,0.0
2006-09-29 00:00:00+09:00,2191.161950761346,2304.988545606091,2176.9336264057524,2233.846923828125,563300,0.0,0.0
2006-10-02 00:00:00+09:00,2219.6187058971773,2269.4178435294857,2184.047893302671,2205.390380859375,188200,0.0,0.0
2006-10-03 00:00:00+09:00,2198.276285001547,2205.39044773618,2141.3629831244843,2155.59130859375,134000,0.0,0.0
2006-10-04 00:00:00+09:00,2141.3633181647338,2148.477482012457,2063.1075158397766,2070.2216796875,181300,0.0,0.0
2006-10-05 00:00:00+09:00,2176.9339225924746,2184.0480857382013,2048.8789859693875,2091.56396484375,238700,0.0,0.0
2006-10-06 00:00:00+09:00,2105.7920234653025,2105.7920234653025,1991.9654276023134,1999.07958984375,306800,0.0,0.0
2006-10-09 00:00:00+09:00,1999.0795898437502,1999.0795898437502,1999.0795898437502,1999.07958984375,0,0.0,0.0
2006-10-10 00:00:00+09:00,2063.1071207969853,2063.1071207969853,1999.0796584274237,2013.3079833984375,125200,0.0,0.0
2006-10-11 00:00:00+09:00,2027.5364887013154,2034.6506518195656,1935.0523681640625,1935.0523681640625,141400,0.0,0.0
2006-10-12 00:00:00+09:00,1935.0521960578621,2041.7646333404648,1920.8238710868486,2013.3079833984375,218500,0.0,0.0
2006-10-13 00:00:00+09:00,2020.4223358689692,2055.9931516413103,1984.8515200966283,2027.5364990234375,253200,0.0,0.0
2006-10-16 00:00:00+09:00,2070.221355778156,2191.162122266914,2034.6505421049917,2155.59130859375,341700,0.0,0.0
2006-10-17 00:00:00+09:00,2134.248943718112,2169.8197594467474,2077.3356385522957,2091.56396484375,183700,0.0,0.0
2006-10-18 00:00:00+09:00,2112.9065495895125,2112.9065495895125,2077.335732256356,2098.67822265625,86500,0.0,0.0
2006-10-19 00:00:00+09:00,2112.906588355967,2127.134915550283,2077.3357703701763,2120.020751953125,95600,0.0,0.0
2006-10-20 00:00:00+09:00,2098.678183359643,2105.792346693065,2063.10736669253,2077.335693359375,104800,0.0,0.0
2006-10-23 00:00:00+09:00,2070.221490457396,2091.5639800497406,2048.8790008650517,2055.9931640625,131300,0.0,0.0
2006-10-24 00:00:00+09:00,2055.993314107259,2070.2216415405273,2027.5366592407227,2048.879150390625,105400,0.0,0.0
2006-10-25 00:00:00+09:00,2063.107312260842,2127.134780572385,2048.8789859693875,2091.56396484375,176000,0.0,0.0
2006-10-26 00:00:00+09:00,2091.56368826486,2098.6778504698427,2034.6503906249998,2034.650390625,138200,0.0,0.0
2006-10-27 00:00:00+09:00,2055.9929735137193,2063.1071360518295,2034.6504858993903,2041.7646484375,56100,0.0,0.0
2006-10-30 00:00:00+09:00,2027.5362388094975,2034.6504010509343,1999.0795898437502,1999.07958984375,95300,0.0,0.0
2006-10-31 00:00:00+09:00,2020.4224955240884,2084.4499689737954,2013.3083318074544,2048.879150390625,121500,0.0,0.0
2006-11-01 00:00:00+09:00,2020.4223358689692,2055.9931516413103,2013.308172714501,2027.5364990234375,61000,0.0,0.0
2006-11-02 00:00:00+09:00,2013.3078351087975,2034.650320993343,1991.965349224252,2020.4219970703125,71600,0.0,0.0
2006-11-03 00:00:00+09:00,2020.4219970703125,2020.4219970703125,2020.4219970703125,2020.4219970703125,0,0.0,0.0
2006-11-06 00:00:00+09:00,2084.4498566927978,2120.0206733599102,2048.879040025685,2077.335693359375,194400,0.0,0.0
2006-11-07 00:00:00+09:00,2063.1069688394036,2077.335292762434,1999.079511185767,2020.4219970703125,103900,0.0,0.0
2006-11-08 00:00:00+09:00,2006.194080380227,2041.7648974082451,1956.3949365410015,1977.7374267578125,110300,0.0,0.0
2006-11-09 00:00:00+09:00,1963.5088425239508,2006.1938173614278,1935.0521926322992,1949.280517578125,103500,0.0,0.0
2006-11-10 00:00:00+09:00,1927.9380301593865,1991.9654924156023,1927.9380301593865,1949.280517578125,158200,0.0,0.0
2006-11-13 00:00:00+09:00,1935.0526319639514,1977.737616492568,1849.6826629067182,1899.4818115234375,124400,0.0,0.0
2006-11-14 00:00:00+09:00,1892.3673627804487,1949.2806669242216,1871.024873726534,1942.16650390625,158900,0.0,0.0
2006-11-15 00:00:00+09:00,1970.6230169246633,1970.6230169246633,1892.3672292489546,1913.709716796875,78900,0.0,0.0
2006-11-16 00:00:00+09:00,1913.709663644488,1977.737124509917,1913.709663644488,1927.93798828125,117200,0.0,0.0
2006-11-17 00:00:00+09:00,1920.824198249642,1927.9383619468629,1856.796724974654,1863.910888671875,83300,0.0,0.0
2006-11-20 00:00:00+09:00,1849.6823317004787,1863.9106573289441,1757.1982151154548,1764.3123779296875,134200,0.0,0.0
2006-11-21 00:00:00+09:00,1693.170926250989,1707.3992533623416,1664.7142720282832,1686.0567626953125,203400,0.0,0.0
2006-11-22 00:00:00+09:00,1671.8284832063268,1750.0842845478996,1643.3718281730278,1735.85595703125,166800,0.0,0.0
2006-11-23 00:00:00+09:00,1735.85595703125,1735.85595703125,1735.85595703125,1735.85595703125,0,0.0,0.0
2006-11-24 00:00:00+09:00,1707.3992137419873,1714.5133771325789,1643.3717432266628,1664.7142333984375,114700,0.0,0.0
2006-11-27 00:00:00+09:00,1629.1434164454795,1707.3992137419873,1614.9150896642964,1664.7142333984375,121400,0.0,0.0
2006-11-28 00:00:00+09:00,1636.2574069782838,1693.170708090572,1636.2574069782838,1678.9423828125,99900,0.0,0.0
2006-11-29 00:00:00+09:00,1671.8280818544586,1678.942243904903,1643.3714336526805,1650.485595703125,189500,0.0,0.0
2006-11-30 00:00:00+09:00,1664.7144624153068,1686.0569555231955,1600.6869830916412,1607.8011474609375,284700,0.0,0.0
2006-12-01 00:00:00+09:00,1643.3716358857996,1764.312405626313,1622.029147108062,1693.1707763671875,521000,0.0,0.0
2006-12-04 00:00:00+09:00,1742.96986134847,1764.3123494466145,1700.2848851521808,1707.3990478515625,438500,0.0,0.0
2006-12-05 00:00:00+09:00,1742.9698746052195,1742.9698746052195,1664.7140843168218,1671.8282470703125,251600,0.0,0.0
2006-12-06 00:00:00+09:00,1678.9424098238032,1700.2848980842753,1671.8282470703125,1671.8282470703125,140800,0.0,0.0
2006-12-07 00:00:00+09:00,1686.0567235702124,1693.170886960804,1657.600070007846,1664.7142333984375,120700,0.0,0.0
2006-12-08 00:00:00+09:00,1643.3717432266628,1707.3992137419873,1643.3717432266628,1664.7142333984375,400300,0.0,0.0
2006-12-11 00:00:00+09:00,1657.5997577535695,1664.713919804014,1629.1431095517917,1650.485595703125,119500,0.0,0.0
2006-12-12 00:00:00+09:00,1643.371609099015,1664.7140975288723,1636.2574462890625,1636.2574462890625,118100,0.0,0.0
2006-12-13 00:00:00+09:00,1650.485595703125,1657.5997577535695,1636.2572716022362,1650.485595703125,72200,0.0,0.0
2006-12-14 00:00:00+09:00,1643.3714336526805,1650.485595703125,1636.2572716022362,1650.485595703125,73400,0.0,0.0
2006-12-15 00:00:00+09:00,1671.828220173464,1707.399033368644,1650.485732256356,1678.9423828125,226400,0.0,0.0
2006-12-18 00:00:00+09:00,1700.2847300562366,1700.2847300562366,1650.485595703125,1650.485595703125,98000,0.0,0.0
2006-12-19 00:00:00+09:00,1657.6000864620291,1664.7142499232395,1622.029269155977,1629.1434326171875,125400,0.0,0.0
2006-12-20 00:00:00+09:00,1607.800623400458,1678.942243904903,1607.800623400458,1650.485595703125,182900,0.0,0.0
2006-12-21 00:00:00+09:00,1650.4857719089673,1650.4857719089673,1614.914957859205,1636.2574462890625,135800,0.0,0.0
2006-12-22 00:00:00+09:00,1622.0291748046875,1643.3716639468546,1607.8008487099096,1622.0291748046875,119800,0.0,0.0
2006-12-25 00:00:00+09:00,1600.6867279877533,1614.9150544587558,1565.1159118102478,1579.34423828125,101900,0.0,0.0
2006-12-26 00:00:00+09:00,1558.0016016938762,1593.5724145179372,1522.430788869815,1586.458251953125,134500,0.0,0.0
2006-12-27 00:00:00+09:00,1600.6865234375,1614.9148480902777,1579.3440364583332,1600.6865234375,93800,0.0,0.0
2006-12-28 00:00:00+09:00,1600.6865234375,1614.9148480902777,1586.458198784722,1600.6865234375,62600,0.0,0.0
2006-12-29 00:00:00+09:00,1600.6865234375,1614.9148480902777,1600.6865234375,1600.6865234375,36500,0.0,0.0
2007-01-04 00:00:00+09:00,1622.0291748046875,1622.0291748046875,1600.6866856625206,1622.0291748046875,44600,0.0,0.0
2007-01-05 00:00:00+09:00,1657.5997577535695,1678.942243904903,1607.800623400458,1650.485595703125,221600,0.0,0.0
2007-01-09 00:00:00+09:00,1664.7142333984375,1671.8283967890293,1643.3717432266628,1664.7142333984375,122500,0.0,0.0
2007-01-10 00:00:00+09:00,1650.4856910541846,1671.828178438506,1636.2573661313038,1657.599853515625,76900,0.0,0.0
2007-01-11 00:00:00+09:00,1657.600070007846,1728.7417039137622,1657.600070007846,1664.7142333984375,250900,0.0,0.0
2007-01-12 00:00:00+09:00,1678.9423970540363,1728.741535949707,1678.9423970540363,1707.3990478515625,257800,0.0,0.0
2007-01-15 00:00:00+09:00,1742.9700649850736,1771.4267191072788,1721.6275743934195,1750.084228515625,155100,0.0,0.0
2007-01-16 00:00:00+09:00,1757.198228624132,1757.198228624132,1721.627414279514,1728.7415771484375,111600,0.0,0.0
2007-01-17 00:00:00+09:00,1742.9697584069293,1806.997218919837,1728.7414338485055,1799.883056640625,204200,0.0,0.0
2007-01-18 00:00:00+09:00,1806.9973821640015,1849.6823596954348,1806.9973821640015,1821.2257080078125,182700,0.0,0.0
2007-01-19 00:00:00+09:00,1821.2254731075698,1821.2254731075698,1778.540501081611,1785.6546630859375,94700,0.0,0.0
2007-01-22 00:00:00+09:00,1799.8831920008506,1814.1115176293158,1764.3123779296875,1764.3123779296875,101700,0.0,0.0
2007-01-23 00:00:00+09:00,1771.426775822874,1771.426775822874,1707.399301997951,1735.85595703125,82500,0.0,0.0
2007-01-24 00:00:00+09:00,1764.3126120645493,1771.426775822874,1735.85595703125,1735.85595703125,99800,0.0,0.0
2007-01-25 00:00:00+09:00,1742.9699303493028,1764.3124192923553,1707.3991154442149,1721.62744140625,106700,0.0,0.0
2007-01-26 00:00:00+09:00,1714.5134657562755,1735.85595703125,1714.5134657562755,1735.85595703125,131600,0.0,0.0
2007-01-29 00:00:00+09:00,1735.8558197634288,1771.4266357421875,1721.6274933719253,1771.4266357421875,95100,0.0,0.0
2007-01-30 00:00:00+09:00,1785.654689453125,1792.7688515625,1771.426365234375,1778.54052734375,88700,0.0,0.0
2007-01-31 00:00:00+09:00,1771.4265543619792,1771.4265543619792,1714.5132514105903,1728.7415771484375,81700,0.0,0.0
2007-02-01 00:00:00+09:00,1714.513198042889,1757.1981739277742,1714.513198042889,1742.9698486328125,80200,0.0,0.0
2007-02-02 00:00:00+09:00,1735.855753415992,1757.1982421875,1728.7415904921559,1757.1982421875,61300,0.0,0.0
2007-02-05 00:00:00+09:00,1771.426568035172,1771.426568035172,1750.084079263664,1757.1982421875,94100,0.0,0.0
2007-02-06 00:00:00+09:00,1742.9698486328125,1750.0840112802935,1735.8556859853315,1742.9698486328125,49200,0.0,0.0
2007-02-07 00:00:00+09:00,1728.741535949707,1742.96986134847,1686.0565597534178,1707.3990478515625,83000,0.0,0.0
2007-02-08 00:00:00+09:00,1707.3989907457083,1721.627315668589,1650.4856910541846,1657.599853515625,73200,0.0,0.0
2007-02-09 00:00:00+09:00,1650.4856910541846,1671.828178438506,1600.6865538241013,1657.599853515625,137000,0.0,0.0
2007-02-13 00:00:00+09:00,1657.6001084726067,1700.2850898066654,1643.3717813612539,1686.0567626953125,89200,0.0,0.0
2007-02-14 00:00:00+09:00,1686.056613441275,1714.5132651449253,1671.82828758945,1693.1707763671875,113900,0.0,0.0
2007-02-15 00:00:00+09:00,1707.3990478515623,1714.513210550944,1700.2848851521808,1707.3990478515625,49100,0.0,0.0
2007-02-16 00:00:00+09:00,1693.1707224527993,1714.513210550944,1678.9423970540363,1707.3990478515625,58200,0.0,0.0
2007-02-19 00:00:00+09:00,1693.1708708567598,1714.5133608255426,1686.0567075338322,1700.2850341796875,41300,0.0,0.0
2007-02-20 00:00:00+09:00,1686.056613441275,1700.2849392931,1657.5999617376249,1693.1707763671875,74400,0.0,0.0
2007-02-21 00:00:00+09:00,1700.2850898066654,1700.2850898066654,1671.8284355839596,1686.0567626953125,52200,0.0,0.0
2007-02-22 00:00:00+09:00,1671.8282221580039,1750.0840112802935,1671.8282221580039,1742.9698486328125,113700,0.0,0.0
2007-02-23 00:00:00+09:00,1750.084079263664,1764.3124051113361,1728.7415904921559,1757.1982421875,120400,0.0,0.0
2007-02-26 00:00:00+09:00,1757.1980982680266,1835.4538840208536,1757.1980982680266,1828.3397216796875,165800,0.0,0.0
2007-02-27 00:00:00+09:00,1885.2530204090162,1935.052156797179,1814.1113969973553,1828.3397216796875,267600,0.0,0.0
2007-02-28 00:00:00+09:00,1686.056756740663,1750.0842285156248,1650.4859390879064,1750.084228515625,182400,0.0,0.0
2007-03-01 00:00:00+09:00,1764.3124192923553,1771.426582273373,1686.0566265011623,1721.62744140625,167900,0.0,0.0
2007-03-02 00:00:00+09:00,1707.3991425700208,1721.6274687581042,1686.0566532878956,1714.5133056640625,91100,0.0,0.0
2007-03-05 00:00:00+09:00,1686.0566707392622,1693.1708339069385,1593.5725495594716,1614.9150390625,153200,0.0,0.0
2007-03-06 00:00:00+09:00,1579.3441965203538,1657.5999900416325,1579.3441965203538,1622.0291748046875,149100,0.0,0.0
2007-03-07 00:00:00+09:00,1664.7141812362336,1664.7141812362336,1614.9150390625,1614.9150390625,142600,0.0,0.0
2007-03-08 00:00:00+09:00,1629.1432705493683,1671.8282470703125,1607.8007822888962,1671.8282470703125,133800,0.0,0.0
2007-03-09 00:00:00+09:00,1693.1708466500947,1693.1708466500947,1643.3717041015625,1643.3717041015625,380600,0.0,0.0
2007-03-12 00:00:00+09:00,1657.599921563331,1671.8282470703125,1650.4857588098405,1671.8282470703125,98600,0.0,0.0
2007-03-13 00:00:00+09:00,1664.7141937652193,1671.8283569864382,1643.3717041015625,1643.3717041015625,92500,0.0,0.0
2007-03-14 00:00:00+09:00,1586.458401516751,1600.6867279877533,1572.230075045749,1579.34423828125,103400,0.0,0.0
2007-03-15 00:00:00+09:00,1614.9149573140553,1614.9149573140553,1565.115817661199,1572.22998046875,122400,0.0,0.0
2007-03-16 00:00:00+09:00,1579.344170587713,1593.5724964488636,1550.887518865412,1565.1158447265625,120600,0.0,0.0
2007-03-19 00:00:00+09:00,1572.2300207955495,1607.8008357456752,1565.1158578055245,1593.572509765625,94200,0.0,0.0
2007-03-20 00:00:00+09:00,1650.4861336767144,1650.4861336767144,1607.8011474609373,1607.8011474609375,54800,0.0,0.0
2007-03-22 00:00:00+09:00,1622.029214437906,1650.4858673227814,1622.029214437906,1643.3717041015625,51800,0.0,0.0
2007-03-23 00:00:00+09:00,1664.7141530890215,1664.7141530890215,1622.0291748046875,1622.0291748046875,56900,0.0,0.0
2007-03-26 00:00:00+09:00,1622.0291206691577,1643.371609099015,1622.0291206691577,1636.2574462890625,69000,0.0,0.0
2007-03-27 00:00:00+09:00,1661.3204329570485,1661.3204329570485,1625.51611328125,1625.51611328125,47400,15.0,0.0
2007-03-28 00:00:00+09:00,1611.1946787152972,1625.5164091927663,1596.8729482378278,1604.0338134765625,88400,0.0,0.0
2007-03-29 00:00:00+09:00,1596.8729205215186,1632.67724609375,1589.7120554070723,1632.67724609375,88700,0.0,0.0
2007-03-30 00:00:00+09:00,1625.51611328125,1639.8378411515694,1618.3552493460902,1625.51611328125,62700,0.0,0.0
2007-04-02 00:00:00+09:00,1632.677125665639,1646.9988548381448,1589.7119381481223,1596.872802734375,104900,0.0,0.0
2007-04-03 00:00:00+09:00,1604.0333506944446,1625.5159402126737,1596.8724875217015,1611.1942138671875,90900,0.0,0.0
2007-04-04 00:00:00+09:00,1618.3552267231466,1661.3204097334956,1618.3552267231466,1654.1595458984375,104200,0.0,0.0
2007-04-05 00:00:00+09:00,1668.4811759159481,1675.6420393318965,1639.8377222521551,1661.3203125,90300,0.0,0.0
2007-04-06 00:00:00+09:00,1654.1598652002592,1668.4815956348934,1632.6772695483078,1639.838134765625,55600,0.0,0.0
2007-04-09 00:00:00+09:00,1654.1596435546876,1682.8031005859375,1654.1596435546876,1682.8031005859375,75400,0.0,0.0
2007-04-10 00:00:00+09:00,1682.8031490020107,1697.1248779296875,1668.481420074334,1697.1248779296875,51600,0.0,0.0
2007-04-11 00:00:00+09:00,1704.285814412435,1747.2510030110677,1697.1249496459961,1718.6075439453125,94800,0.0,0.0
2007-04-12 00:00:00+09:00,1697.1249496459961,1725.7684087117514,1697.1249496459961,1718.6075439453125,41400,0.0,0.0
2007-04-13 00:00:00+09:00,1732.9292002488792,1754.411793640394,1689.9640134658491,1697.1248779296875,112400,0.0,0.0
2007-04-16 00:00:00+09:00,1732.9293728752616,1740.0902380524321,1711.44677734375,1711.44677734375,77300,0.0,0.0
2007-04-17 00:00:00+09:00,1732.9291503906252,1740.0900146484375,1668.4813720703125,1682.8031005859375,88100,0.0,0.0
2007-04-18 00:00:00+09:00,1661.3205078125002,1682.8031005859375,1632.67705078125,1646.998779296875,151400,0.0,0.0
2007-04-19 00:00:00+09:00,1632.6768033854169,1639.8376665581598,1596.8724875217015,1611.1942138671875,123900,0.0,0.0
2007-04-20 00:00:00+09:00,1611.1942343042986,1625.515960831448,1575.3899179864254,1582.55078125,150400,0.0,0.0
2007-04-23 00:00:00+09:00,1618.3554230433076,1618.3554230433076,1553.9076407097245,1568.2293701171875,156300,0.0,0.0
2007-04-24 00:00:00+09:00,1561.068603515625,1575.3903338231078,1546.7468732081422,1561.068603515625,118600,0.0,0.0
2007-04-25 00:00:00+09:00,1553.907766752154,1561.068632036726,1532.4251708984375,1532.4251708984375,88500,0.0,0.0
2007-04-26 00:00:00+09:00,1539.5860080544007,1568.2294686693665,1539.5860080544007,1561.068603515625,78300,0.0,0.0
2007-04-27 00:00:00+09:00,1568.2293701171875,1596.8728289321134,1546.746776005993,1568.2293701171875,113100,0.0,0.0
2007-05-01 00:00:00+09:00,1568.2294686693665,1568.2294686693665,1546.7468732081422,1561.068603515625,46400,0.0,0.0
2007-05-02 00:00:00+09:00,1561.068505413456,1575.390234820919,1553.9076407097245,1568.2293701171875,39300,0.0,0.0
2007-05-07 00:00:00+09:00,1646.998999982942,1661.3207304175764,1639.838134765625,1639.838134765625,209700,0.0,0.0
2007-05-08 00:00:00+09:00,1697.125023593422,1718.6076188287816,1689.9641585149686,1704.285888671875,175700,0.0,0.0
2007-05-09 00:00:00+09:00,1682.8031248965506,1697.1248536190744,1675.6422605352886,1689.9639892578125,54800,0.0,0.0
2007-05-10 00:00:00+09:00,1668.4813961740267,1697.1248536190744,1668.4813961740267,1689.9639892578125,67900,0.0,0.0
2007-05-11 00:00:00+09:00,1668.4813961740267,1689.9639892578125,1661.3205318127648,1689.9639892578125,87700,0.0,0.0
2007-05-14 00:00:00+09:00,1668.481273568554,1675.642137403612,1654.1595458984375,1654.1595458984375,52000,0.0,0.0
2007-05-15 00:00:00+09:00,1689.9637087673611,1689.9637087673611,1611.1942138671875,1611.1942138671875,56000,0.0,0.0
2007-05-16 00:00:00+09:00,1582.55078125,1589.7116445135746,1582.55078125,1582.55078125,46100,0.0,0.0
2007-05-17 00:00:00+09:00,1589.7118652343752,1589.7118652343752,1568.2292724609376,1575.39013671875,64400,0.0,0.0
2007-05-18 00:00:00+09:00,1553.9074458369503,1553.9074458369503,1539.5857182255497,1546.74658203125,60600,0.0,0.0
2007-05-21 00:00:00+09:00,1582.5510735618695,1611.1945319068807,1568.2293443893639,1596.872802734375,64300,0.0,0.0
2007-05-22 00:00:00+09:00,1604.0334990530303,1661.3204097334956,1596.8726352179722,1654.1595458984375,82200,0.0,0.0
2007-05-23 00:00:00+09:00,1675.6422363281251,1682.8031005859375,1661.3205078125002,1682.8031005859375,61600,0.0,0.0
2007-05-24 00:00:00+09:00,1675.6422363281251,1682.8031005859375,1668.4813720703125,1682.8031005859375,40900,0.0,0.0
2007-05-25 00:00:00+09:00,1632.67705078125,1646.998779296875,1632.67705078125,1646.998779296875,49400,0.0,0.0
2007-05-28 00:00:00+09:00,1646.998779296875,1654.1596435546876,1646.998779296875,1646.998779296875,36900,0.0,0.0
2007-05-29 00:00:00+09:00,1639.8377222521551,1668.4811759159481,1639.8377222521551,1661.3203125,23400,0.0,0.0
2007-05-30 00:00:00+09:00,1654.1595458984375,1661.3204097334956,1646.9986820633794,1654.1595458984375,39100,0.0,0.0
2007-05-31 00:00:00+09:00,1661.3205078125002,1661.3205078125002,1639.8379150390626,1646.998779296875,79800,0.0,0.0
2007-06-01 00:00:00+09:00,1668.481469309228,1682.803198659522,1668.481469309228,1675.642333984375,41800,0.0,0.0
2007-06-04 00:00:00+09:00,1675.6423098846567,1675.6423098846567,1654.1597161681866,1668.4814453125,43500,0.0,0.0
2007-06-05 00:00:00+09:00,1689.9640134658491,1697.1248779296875,1689.9640134658491,1697.1248779296875,69900,0.0,0.0
2007-06-06 00:00:00+09:00,1711.4465341836094,1797.3769041007781,1704.2856700238456,1783.05517578125,188100,0.0,0.0
2007-06-07 00:00:00+09:00,1775.8942413330078,1854.6637439727783,1761.5725135803223,1833.18115234375,267300,0.0,0.0
2007-06-08 00:00:00+09:00,1790.216210353897,1811.6988048781436,1775.8944806710656,1797.3770751953125,395600,0.0,0.0
2007-06-11 00:00:00+09:00,1790.2162339952258,1804.5379638671875,1783.0553690592449,1804.5379638671875,76300,0.0,0.0
2007-06-12 00:00:00+09:00,1783.0549570312498,1790.2158203124998,1775.89409375,1790.2158203125,65800,0.0,0.0
2007-06-13 00:00:00+09:00,1768.7334474617219,1797.3769041007781,1768.7334474617219,1783.05517578125,134600,0.0,0.0
2007-06-14 00:00:00+09:00,1790.21637199461,1890.468488826308,1783.0555065066314,1847.5032958984375,140200,0.0,0.0
2007-06-15 00:00:00+09:00,1826.0202884674072,1854.6637439727783,1826.0202884674072,1833.18115234375,82100,0.0,0.0
2007-06-18 00:00:00+09:00,1868.9855476010687,2012.2028309421466,1861.8246834340148,1926.2724609375,318600,0.0,0.0
2007-06-19 00:00:00+09:00,1911.9504852294922,1911.9504852294922,1876.1461690266929,1890.4678955078125,66200,0.0,0.0
2007-06-20 00:00:00+09:00,1868.9855712890626,1919.11162109375,1868.9855712890626,1897.6290283203125,97000,0.0,0.0
2007-06-21 00:00:00+09:00,1983.5596215463902,1990.7204866061245,1954.9161613074532,1962.0770263671875,215400,0.0,0.0
2007-06-22 00:00:00+09:00,1969.2376708984375,1976.39853515625,1954.9159423828125,1969.2376708984375,78400,0.0,0.0
2007-06-25 00:00:00+09:00,1954.9159176057155,1969.2376459398233,1926.2724609375,1926.2724609375,152600,0.0,0.0
2007-06-26 00:00:00+09:00,1883.3073488191792,1897.629077707538,1876.146484375,1876.146484375,89300,0.0,0.0
2007-06-27 00:00:00+09:00,1861.8250268743943,1861.8250268743943,1833.1815649224804,1847.5032958984375,102900,0.0,0.0
2007-06-28 00:00:00+09:00,1840.3419935960035,1861.8245849609375,1840.3419935960035,1861.8245849609375,102400,0.0,0.0
2007-06-29 00:00:00+09:00,1897.6291007426246,1954.9160169914587,1868.9856426182077,1919.1116943359375,179600,0.0,0.0
2007-07-02 00:00:00+09:00,1897.628903902494,1911.9506314791165,1847.502857384315,1861.8245849609375,144600,0.0,0.0
2007-07-03 00:00:00+09:00,1876.1466863893995,1883.3075516046263,1826.0206298828125,1826.0206298828125,106500,0.0,0.0
2007-07-04 00:00:00+09:00,1811.698968458545,1876.1467578503512,1811.698968458545,1847.5032958984375,113500,0.0,0.0
2007-07-05 00:00:00+09:00,1897.629077707538,1933.433399928435,1876.146484375,1876.146484375,131200,0.0,0.0
2007-07-06 00:00:00+09:00,1883.3070322672527,1897.6287587483725,1876.1461690266929,1890.4678955078125,83100,0.0,0.0
2007-07-09 00:00:00+09:00,1904.789892578125,1933.433349609375,1876.1464355468752,1933.433349609375,108700,0.0,0.0
2007-07-10 00:00:00+09:00,1933.433301317823,1983.559349870507,1933.433301317823,1954.9158935546875,117900,0.0,0.0
2007-07-11 00:00:00+09:00,1933.4333739333485,1947.7551026291512,1933.4333739333485,1940.59423828125,65200,0.0,0.0
2007-07-12 00:00:00+09:00,1926.272211710612,1940.593938191732,1876.1461690266929,1890.4678955078125,119800,0.0,0.0
2007-07-13 00:00:00+09:00,1962.0770732492642,2055.1683212501416,1933.4336123259172,1976.3988037109375,474100,0.0,0.0
2007-07-17 00:00:00+09:00,1969.2379384801009,1990.720534172611,1969.2379384801009,1976.3988037109375,94900,0.0,0.0
2007-07-18 00:00:00+09:00,1954.9161613074532,1962.0770263671873,1947.755296247719,1962.0770263671875,48500,0.0,0.0
2007-07-19 00:00:00+09:00,1933.4333739333485,1947.7551026291512,1919.111645237546,1940.59423828125,47300,0.0,0.0
2007-07-20 00:00:00+09:00,1933.433325104554,1940.5941892716078,1911.9507326033922,1926.2724609375,55300,0.0,0.0
2007-07-23 00:00:00+09:00,1897.629295865396,1904.7901611328125,1890.4684305979792,1904.7901611328125,34900,0.0,0.0
2007-07-24 00:00:00+09:00,1883.3074951171875,1890.468360117633,1883.3074951171875,1883.3074951171875,29300,0.0,0.0
2007-07-25 00:00:00+09:00,1833.1815418287938,1854.6641380221,1818.8598110332562,1840.3424072265625,82300,0.0,0.0
2007-07-26 00:00:00+09:00,1833.1815418287938,1861.8250034198686,1826.0206764310249,1840.3424072265625,74700,0.0,0.0
2007-07-27 00:00:00+09:00,1797.3770751953125,1826.0205345609747,1790.216210353897,1797.3770751953125,77300,0.0,0.0
2007-07-30 00:00:00+09:00,1725.7682861328126,1761.572607421875,1689.96396484375,1754.4117431640625,304700,0.0,0.0
2007-07-31 00:00:00+09:00,1718.6074702995868,1754.411792597495,1718.6074702995868,1732.92919921875,107400,0.0,0.0
2007-08-01 00:00:00+09:00,1732.92929449314,1768.7336187595274,1725.7684296398627,1761.57275390625,149100,0.0,0.0
2007-08-02 00:00:00+09:00,1732.9289466594826,1747.250673491379,1632.6768588362067,1661.3203125,221000,0.0,0.0
2007-08-03 00:00:00+09:00,1632.67705078125,1654.1596435546876,1625.5161865234377,1646.998779296875,226400,0.0,0.0
2007-08-06 00:00:00+09:00,1575.39013671875,1596.8727294921875,1546.7466796875,1575.39013671875,181500,0.0,0.0
2007-08-07 00:00:00+09:00,1632.6768240950225,1639.8376873585973,1582.55078125,1582.55078125,121800,0.0,0.0
2007-08-08 00:00:00+09:00,1575.390234820919,1611.1945583395761,1568.2293701171875,1568.2293701171875,147400,0.0,0.0
2007-08-09 00:00:00+09:00,1532.425123682562,1575.390314066185,1510.9425284907502,1518.1033935546875,398800,0.0,0.0
2007-08-10 00:00:00+09:00,1475.1382589901193,1496.6208549948299,1432.1730669806984,1460.8165283203125,489200,0.0,0.0
2007-08-13 00:00:00+09:00,1539.5857182255497,1568.2291734483508,1525.2639906141494,1546.74658203125,253900,0.0,0.0
2007-08-14 00:00:00+09:00,1510.9425284907502,1525.2642586186246,1489.4599332989387,1518.1033935546875,193600,0.0,0.0
2007-08-15 00:00:00+09:00,1503.7816162109375,1518.1033458891368,1489.459886532738,1503.7816162109375,258700,0.0,0.0
2007-08-16 00:00:00+09:00,1460.8164300685976,1475.1381597751524,1432.1729706554877,1467.977294921875,233300,0.0,0.0
2007-08-17 00:00:00+09:00,1467.9773300730121,1467.9773300730121,1353.4034896770695,1367.7252197265625,220600,0.0,0.0
2007-08-20 00:00:00+09:00,1417.8510494328998,1432.1727772049494,1403.5293216608502,1410.690185546875,128600,0.0,0.0
2007-08-21 00:00:00+09:00,1396.36865234375,1410.690382111378,1389.2077874599358,1396.36865234375,211300,0.0,0.0
2007-08-22 00:00:00+09:00,1389.2077396373056,1389.2077396373056,1374.8860103626944,1382.046875,76300,0.0,0.0
2007-08-23 00:00:00+09:00,1410.6901630762204,1446.494481936023,1410.6901630762204,1439.3336181640625,120900,0.0,0.0
2007-08-24 00:00:00+09:00,1432.1729767628203,1432.1729767628203,1396.36865234375,1396.36865234375,98100,0.0,0.0
2007-08-27 00:00:00+09:00,1417.8511477100606,1417.8511477100606,1396.3685545629385,1403.5294189453125,90400,0.0,0.0
2007-08-28 00:00:00+09:00,1396.36865234375,1410.690382111378,1389.2077874599358,1396.36865234375,52200,0.0,0.0
2007-08-29 00:00:00+09:00,1367.7252952938989,1382.0470261346727,1324.7601027715773,1353.403564453125,139400,0.0,0.0
2007-08-30 00:00:00+09:00,1367.7250983125418,1367.7250983125418,1331.9207763671875,1331.9207763671875,80300,0.0,0.0
2007-08-31 00:00:00+09:00,1353.4033447265626,1367.7250732421876,1346.24248046875,1360.564208984375,94800,0.0,0.0
2007-09-03 00:00:00+09:00,1382.0468508402507,1382.0468508402507,1353.403392791748,1374.885986328125,56800,0.0,0.0
2007-09-04 00:00:00+09:00,1389.207763671875,1389.207763671875,1367.7251693882893,1389.207763671875,60600,0.0,0.0
2007-09-05 00:00:00+09:00,1417.8511490360381,1417.8511490360381,1324.7599119781164,1331.9207763671875,163100,0.0,0.0
2007-09-06 00:00:00+09:00,1324.7599360012116,1339.0816650390625,1303.2773424444351,1339.0816650390625,130400,0.0,0.0
2007-09-07 00:00:00+09:00,1360.564233923471,1374.8859627016127,1317.5990475890455,1331.9207763671875,144500,0.0,0.0
2007-09-10 00:00:00+09:00,1403.5294708901263,1446.494658774518,1346.2425537109375,1346.2425537109375,764700,0.0,0.0
2007-09-11 00:00:00+09:00,1339.0818336123511,1353.403564453125,1303.2775065104167,1353.403564453125,167200,0.0,0.0
2007-09-12 00:00:00+09:00,1353.4032942975152,1353.4032942975152,1296.116382369578,1310.4381103515625,160600,0.0,0.0
2007-09-13 00:00:00+09:00,1245.9904545249276,1253.1513192061054,1224.5078604813946,1238.82958984375,166400,0.0,0.0
2007-09-14 00:00:00+09:00,1238.82958984375,1267.4730485684609,1217.3469958002167,1238.82958984375,352700,0.0,0.0
2007-09-18 00:00:00+09:00,1210.1862859958555,1210.1862859958555,1174.3819580078125,1174.3819580078125,149000,0.0,0.0
2007-09-19 00:00:00+09:00,1188.703490497076,1224.5078125,1188.703490497076,1224.5078125,73800,0.0,0.0
2007-09-20 00:00:00+09:00,1260.312255859375,1260.312255859375,1253.151390769265,1260.312255859375,89500,0.0,0.0
2007-09-21 00:00:00+09:00,1245.9903808593751,1260.312109375,1203.0251953125,1217.346923828125,93300,0.0,0.0
2007-09-25 00:00:00+09:00,1217.3471448548446,1217.3471448548446,1181.5428170649964,1210.186279296875,53400,0.0,0.0
2007-09-26 00:00:00+09:00,1203.0254074622846,1245.9906005859375,1188.7036764210668,1245.9906005859375,110100,0.0,0.0
2007-09-27 00:00:00+09:00,1253.1513867457268,1296.1165771484375,1245.9905216786085,1296.1165771484375,82500,0.0,0.0
2007-09-28 00:00:00+09:00,1324.7599387303585,1331.920803264036,1260.31215792726,1267.4730224609375,130800,0.0,0.0
2007-10-01 00:00:00+09:00,1267.4729736328125,1296.1164306640626,1231.66865234375,1253.1512451171875,52500,0.0,0.0
2007-10-02 00:00:00+09:00,1245.9903808593751,1267.4729736328125,1238.8295166015625,1253.1512451171875,59500,0.0,0.0
2007-10-03 00:00:00+09:00,1253.1513171249562,1288.9556404713835,1245.9904524556707,1274.6339111328125,79100,0.0,0.0
2007-10-04 00:00:00+09:00,1267.4729736328125,1296.1164306640626,1267.4729736328125,1288.95556640625,75000,0.0,0.0
2007-10-05 00:00:00+09:00,1310.4381103515625,1324.7598383335467,1303.2772463605704,1310.4381103515625,90800,0.0,0.0
2007-10-09 00:00:00+09:00,1360.564429873512,1360.564429873512,1346.242699032738,1353.403564453125,65400,0.0,0.0
2007-10-10 00:00:00+09:00,1374.8859627016127,1374.8859627016127,1317.5990475890455,1331.9207763671875,58800,0.0,0.0
2007-10-11 00:00:00+09:00,1310.4383719308037,1353.403564453125,1296.1166410900298,1353.403564453125,87000,0.0,0.0
2007-10-12 00:00:00+09:00,1353.4033940769134,1353.4033940769134,1339.0816650390625,1339.0816650390625,87000,0.0,0.0
2007-10-15 00:00:00+09:00,1324.7599360012116,1360.564258595839,1324.7599360012116,1339.0816650390625,30500,0.0,0.0
2007-10-16 00:00:00+09:00,1339.0816407562584,1339.0816407562584,1331.9207763671875,1331.9207763671875,30500,0.0,0.0
2007-10-17 00:00:00+09:00,1310.4383072826745,1310.4383072826745,1296.1165771484375,1296.1165771484375,30500,0.0,0.0
2007-10-18 00:00:00+09:00,1296.1164306640626,1360.564208984375,1296.1164306640626,1360.564208984375,30500,0.0,0.0
2007-10-19 00:00:00+09:00,1339.0815913988197,1339.0815913988197,1317.5989990234375,1317.5989990234375,30500,0.0,0.0
2007-10-22 00:00:00+09:00,1281.7947515282929,1281.7947515282929,1260.31215792726,1267.4730224609375,61400,0.0,0.0
2007-10-23 00:00:00+09:00,1274.6339111328125,1274.6339111328125,1274.6339111328125,1274.6339111328125,61400,0.0,0.0
2007-10-24 00:00:00+09:00,1281.7949281889819,1281.7949281889819,1245.9906005859375,1245.9906005859375,61400,0.0,0.0
2007-10-25 00:00:00+09:00,1245.9904302552688,1245.9904302552688,1231.668701171875,1231.668701171875,61400,0.0,0.0
2007-10-26 00:00:00+09:00,1224.5079630777507,1238.8296936400636,1195.864501953125,1195.864501953125,58200,0.0,0.0
2007-10-29 00:00:00+09:00,1224.5077880859376,1224.5077880859376,1217.346923828125,1217.346923828125,58200,0.0,0.0
2007-10-30 00:00:00+09:00,1217.3470653187146,1260.312255859375,1217.3470653187146,1260.312255859375,58200,0.0,0.0
2007-10-31 00:00:00+09:00,1253.1514661065464,1296.1166592301995,1231.6688695447199,1245.9906005859375,126300,0.0,0.0
2007-11-01 00:00:00+09:00,1260.3121838872833,1260.3121838872833,1238.82958984375,1238.82958984375,126300,0.0,0.0
2007-11-02 00:00:00+09:00,1217.346923828125,1217.346923828125,1217.346923828125,1217.346923828125,126300,0.0,0.0
2007-11-05 00:00:00+09:00,1231.668779592803,1231.668779592803,1174.3818596117424,1181.542724609375,104000,0.0,0.0
2007-11-06 00:00:00+09:00,1181.5428236054213,1181.5428236054213,1174.3819580078125,1174.3819580078125,104000,0.0,0.0
2007-11-07 00:00:00+09:00,1167.220947265625,1167.220947265625,1167.220947265625,1167.220947265625,104000,0.0,0.0
2007-11-08 00:00:00+09:00,1160.0601092644456,1160.0601092644456,1138.5775146484375,1138.5775146484375,104000,0.0,0.0
2007-11-09 00:00:00+09:00,1138.5773174579326,1138.5773174579326,1117.0947265625,1117.0947265625,104000,0.0,0.0
2007-11-12 00:00:00+09:00,1117.09482421875,1117.09482421875,1074.129638671875,1074.129638671875,104000,0.0,0.0
2007-11-13 00:00:00+09:00,1059.8078859060402,1074.1296140939596,1059.8078859060402,1066.96875,54800,0.0,0.0
2007-11-14 00:00:00+09:00,1066.9688222784746,1088.451416015625,1066.9688222784746,1088.451416015625,54800,0.0,0.0
2007-11-15 00:00:00+09:00,1088.451342281879,1088.451342281879,1066.96875,1066.96875,54800,0.0,0.0
2007-11-16 00:00:00+09:00,1066.9687744140626,1066.9687744140626,966.7166748046875,966.7166748046875,54800,0.0,0.0
2007-11-19 00:00:00+09:00,966.7166748046875,966.7166748046875,966.7166748046875,966.7166748046875,54800,0.0,0.0
2007-11-20 00:00:00+09:00,966.7168111012394,966.7168111012394,952.3950805664062,952.3950805664062,54800,0.0,0.0
2007-11-21 00:00:00+09:00,952.3951099011324,952.3951099011324,923.7516479492186,923.7516479492188,54800,0.0,0.0
2007-11-22 00:00:00+09:00,923.751533615757,1016.8427734375,923.751533615757,1016.8427734375,54800,0.0,0.0
2007-11-26 00:00:00+09:00,1016.8427246093751,1016.8427246093751,959.555810546875,966.7166748046875,222200,0.0,0.0
2007-11-27 00:00:00+09:00,952.3949701645795,973.8775634765625,952.3949701645795,973.8775634765625,222200,0.0,0.0
2007-11-28 00:00:00+09:00,973.8774752103366,973.8774752103366,930.9122924804688,930.9122924804688,222200,0.0,0.0
2007-11-29 00:00:00+09:00,930.9122212727865,945.2339477539062,930.9122212727865,945.2339477539062,222200,0.0,0.0
2007-11-30 00:00:00+09:00,945.2342104704484,988.1994018554688,945.2342104704484,988.1994018554688,222200,0.0,0.0
2007-12-03 00:00:00+09:00,973.8775390625001,1002.52099609375,973.8775390625001,1002.52099609375,222200,0.0,0.0
2007-12-04 00:00:00+09:00,981.0385131835936,1002.5211083627964,973.8776481238594,981.0385131835938,103700,0.0,0.0
2007-12-05 00:00:00+09:00,973.8776481238594,981.0385131835936,973.8776481238594,981.0385131835938,103700,0.0,0.0
2007-12-06 00:00:00+09:00,966.7167830641251,981.0385131835936,966.7167830641251,981.0385131835938,103700,0.0,0.0
2007-12-07 00:00:00+09:00,995.3602488550647,1038.325439453125,995.3602488550647,1038.325439453125,103700,0.0,0.0
2007-12-10 00:00:00+09:00,1038.325415717231,1038.325415717231,1031.16455078125,1031.16455078125,103700,0.0,0.0
2007-12-11 00:00:00+09:00,1041.5135149390549,1041.5135149390549,1024.003662109375,1024.003662109375,103700,0.0,0.0
2007-12-12 00:00:00+09:00,1016.8428896949405,1052.647216796875,1016.8428896949405,1052.647216796875,103700,0.0,0.0
2007-12-13 00:00:00+09:00,1052.647325880984,1052.647325880984,1009.68212890625,1009.68212890625,103700,0.0,0.0
2007-12-14 00:00:00+09:00,1002.52099609375,1002.52099609375,966.7166748046875,966.7166748046875,103700,0.0,0.0
2007-12-17 00:00:00+09:00,966.7168111012394,966.7168111012394,952.3950805664062,952.3950805664062,103700,0.0,0.0
2007-12-18 00:00:00+09:00,930.9123777433206,945.2341066316793,916.5906488549617,938.0732421875,67600,0.0,0.0
2007-12-19 00:00:00+09:00,930.9123039245605,930.9123039245605,916.590576171875,916.590576171875,67600,0.0,0.0
2007-12-20 00:00:00+09:00,916.5906628024193,916.5906628024193,887.9472045898438,887.9472045898438,67600,0.0,0.0
2007-12-21 00:00:00+09:00,887.947046875,895.1079101562499,887.947046875,895.10791015625,67600,0.0,0.0
2007-12-25 00:00:00+09:00,952.3949826368645,959.5558471679688,952.3949826368645,959.5558471679688,67600,0.0,0.0
2007-12-26 00:00:00+09:00,945.2341181057602,959.5558471679688,938.073253574656,959.5558471679688,51700,0.0,0.0
2007-12-27 00:00:00+09:00,959.5556742350261,959.5556742350261,945.2339477539062,945.2339477539062,51700,0.0,0.0
2007-12-28 00:00:00+09:00,916.5904947916667,945.2339477539062,916.5904947916667,945.2339477539062,29200,0.0,0.0
2008-01-04 00:00:00+09:00,938.073256461851,938.073256461851,873.6254754835559,887.9472045898438,87800,0.0,0.0
2008-01-07 00:00:00+09:00,887.9471206665039,916.590576171875,887.9471206665039,916.590576171875,87800,0.0,0.0
2008-01-08 00:00:00+09:00,916.590576171875,916.590576171875,916.590576171875,916.590576171875,87800,0.0,0.0
2008-01-09 00:00:00+09:00,916.5906126968504,916.5906126968504,909.4297485351562,909.4297485351562,87800,0.0,0.0
2008-01-10 00:00:00+09:00,909.42963671875,909.42963671875,895.1079101562499,895.10791015625,87800,0.0,0.0
2008-01-11 00:00:00+09:00,895.1080451577396,895.1080451577396,844.9819946289062,844.9819946289062,87800,0.0,0.0
2008-01-15 00:00:00+09:00,844.981982421875,844.981982421875,787.695068359375,787.695068359375,87800,0.0,0.0
2008-01-16 00:00:00+09:00,780.5343215044807,787.6951868393842,730.4082641601562,730.4082641601562,133100,0.0,0.0
2008-01-17 00:00:00+09:00,730.4082268279733,737.569091796875,730.4082268279733,737.569091796875,133100,0.0,0.0
2008-01-18 00:00:00+09:00,737.5691015855322,759.0516967773438,737.5691015855322,759.0516967773438,133100,0.0,0.0
2008-01-21 00:00:00+09:00,759.0516369508044,759.0516369508044,723.247314453125,723.247314453125,133100,0.0,0.0
2008-01-22 00:00:00+09:00,723.2473157246908,723.2473157246908,687.4429931640625,687.4429931640625,133100,0.0,0.0
2008-01-23 00:00:00+09:00,723.2473988252527,730.4082641601562,723.2473988252527,730.4082641601562,133100,0.0,0.0
2008-01-24 00:00:00+09:00,737.5691243109302,766.2125854492188,737.5691243109302,766.2125854492188,133100,0.0,0.0
2008-01-25 00:00:00+09:00,766.2125714503297,780.5343017578125,766.2125714503297,780.5343017578125,133100,0.0,0.0
2008-01-28 00:00:00+09:00,766.2125714503297,780.5343017578125,766.2125714503297,780.5343017578125,133100,0.0,0.0
2008-01-29 00:00:00+09:00,780.5342495910123,837.8211669921875,780.5342495910123,837.8211669921875,133100,0.0,0.0
2008-01-30 00:00:00+09:00,837.8211181640626,837.8211181640626,823.4993896484375,823.4993896484375,133100,0.0,0.0
2008-01-31 00:00:00+09:00,823.4994581269054,880.786376953125,823.4994581269054,880.786376953125,133100,0.0,0.0
2008-02-01 00:00:00+09:00,880.7864046497506,880.7864046497506,852.1429443359376,852.1429443359375,133100,0.0,0.0
2008-02-04 00:00:00+09:00,895.1079101562499,895.1079101562499,895.1079101562499,895.10791015625,133100,0.0,0.0
2008-02-05 00:00:00+09:00,866.46464724657,880.786376953125,866.46464724657,880.786376953125,133100,0.0,0.0
2008-02-06 00:00:00+09:00,880.7863834347345,880.7863834347345,809.1777343749999,809.177734375,133100,0.0,0.0
2008-02-07 00:00:00+09:00,809.1777082915999,837.8211669921875,809.1777082915999,837.8211669921875,133100,0.0,0.0
2008-02-08 00:00:00+09:00,837.8211939988937,837.8211939988937,809.1777343749999,809.177734375,133100,0.0,0.0
2008-02-12 00:00:00+09:00,809.1777623727781,809.1777623727781,780.5343017578125,780.5343017578125,133100,0.0,0.0
2008-02-13 00:00:00+09:00,759.0517201646466,766.2125854492188,759.0517201646466,766.2125854492188,133100,0.0,0.0
2008-02-14 00:00:00+09:00,787.6951762608119,802.0169067382812,787.6951762608119,802.0169067382812,133100,0.0,0.0
2008-02-15 00:00:00+09:00,787.6951396570796,809.1777343749999,780.5342747511062,809.177734375,77300,0.0,0.0
2008-02-18 00:00:00+09:00,809.177685986768,809.177685986768,794.85595703125,794.85595703125,77300,0.0,0.0
2008-02-19 00:00:00+09:00,816.3386372157505,816.3386372157505,802.0169067382812,802.0169067382812,77300,0.0,0.0
2008-02-20 00:00:00+09:00,810.148744918283,810.148744918283,780.5343017578125,780.5343017578125,77300,0.0,0.0
2008-02-21 00:00:00+09:00,780.5342747511062,809.1777343749999,780.5342747511062,809.177734375,77300,0.0,0.0
2008-02-22 00:00:00+09:00,809.1777579324288,816.338623046875,809.1777579324288,816.338623046875,77300,0.0,0.0
2008-02-25 00:00:00+09:00,816.3384294181034,830.6601562499999,816.3384294181034,830.66015625,77300,0.0,0.0
2008-02-26 00:00:00+09:00,816.338623046875,816.338623046875,816.338623046875,816.338623046875,77300,0.0,0.0
2008-02-27 00:00:00+09:00,816.3385992809734,816.3385992809734,809.1777343749999,809.177734375,77300,0.0,0.0
2008-02-28 00:00:00+09:00,809.1776611328125,823.4993896484375,809.1776611328125,823.4993896484375,77300,0.0,0.0
2008-02-29 00:00:00+09:00,816.338525390625,823.4993896484375,816.338525390625,823.4993896484375,77300,0.0,0.0
2008-03-03 00:00:00+09:00,823.4994641869469,823.4994641869469,809.1777343749999,809.177734375,77300,0.0,0.0
2008-03-04 00:00:00+09:00,809.1776611328125,823.4993896484375,809.1776611328125,823.4993896484375,77300,0.0,0.0
2008-03-05 00:00:00+09:00,823.4994149422861,823.4994149422861,794.85595703125,794.85595703125,77300,0.0,0.0
2008-03-06 00:00:00+09:00,794.8558824327257,794.8558824327257,773.373291015625,773.373291015625,77300,0.0,0.0
2008-03-07 00:00:00+09:00,773.3733673095703,773.3733673095703,687.4429931640625,687.4429931640625,77300,0.0,0.0
2008-03-10 00:00:00+09:00,687.4429687500001,687.4429687500001,680.2821044921875,680.2821044921875,77300,0.0,0.0
2008-03-11 00:00:00+09:00,680.2820224954625,708.9254760742188,680.2820224954625,708.9254760742188,77300,0.0,0.0
2008-03-12 00:00:00+09:00,708.9256219482422,716.0864868164062,708.9256219482422,716.0864868164062,77300,0.0,0.0
2008-03-13 00:00:00+09:00,716.0864647398604,716.0864647398604,673.1212768554688,673.1212768554688,77300,0.0,0.0
2008-03-14 00:00:00+09:00,673.121240234375,673.121240234375,644.477783203125,644.477783203125,77300,0.0,0.0
2008-03-17 00:00:00+09:00,644.477783203125,644.477783203125,644.477783203125,644.477783203125,77300,0.0,0.0
2008-03-18 00:00:00+09:00,644.4778182658744,673.1212768554688,644.4778182658744,673.1212768554688,77300,0.0,0.0
2008-03-19 00:00:00+09:00,673.1212519431601,701.7647094726562,673.1212519431601,701.7647094726562,77300,0.0,0.0
2008-03-21 00:00:00+09:00,708.9256219482422,716.0864868164062,708.9256219482422,716.0864868164062,77300,0.0,0.0
2008-03-24 00:00:00+09:00,730.4082641601562,730.4082641601562,730.4082641601562,730.4082641601562,77300,0.0,0.0
2008-03-25 00:00:00+09:00,744.7299948299632,744.7299948299632,730.4082641601562,730.4082641601562,77300,0.0,0.0
2008-03-26 00:00:00+09:00,734.0420107374005,741.3097534179688,734.0420107374005,741.3097534179688,77300,15.0,0.0
2008-03-27 00:00:00+09:00,726.7742450420674,755.84521484375,726.7742450420674,755.84521484375,77300,0.0,0.0
2008-03-28 00:00:00+09:00,755.84521484375,755.84521484375,755.84521484375,755.84521484375,77300,0.0,0.0
2008-03-31 00:00:00+09:00,755.8452334449405,763.1129760742188,755.8452334449405,763.1129760742188,77300,0.0,0.0
2008-04-01 00:00:00+09:00,763.1129760742188,763.1129760742188,763.1129760742188,763.1129760742188,77300,0.0,0.0
2008-04-02 00:00:00+09:00,755.84521484375,755.84521484375,755.84521484375,755.84521484375,77300,0.0,0.0
2008-04-03 00:00:00+09:00,755.84521484375,755.84521484375,755.84521484375,755.84521484375,77300,0.0,0.0
2008-04-04 00:00:00+09:00,755.0137308720429,770.3806762695312,755.0137308720429,770.3806762695312,77300,0.0,0.0
2008-04-07 00:00:00+09:00,748.5774908156623,763.1129760742188,748.5774908156623,763.1129760742188,77300,0.0,0.0
2008-04-08 00:00:00+09:00,763.1129760742188,763.1129760742188,763.1129760742188,763.1129760742188,77300,0.0,0.0
2008-04-09 00:00:00+09:00,763.1129814596737,763.1129814596737,741.3097534179688,741.3097534179688,77300,0.0,0.0
2008-04-10 00:00:00+09:00,697.703369140625,697.703369140625,697.703369140625,697.703369140625,77300,0.0,0.0
2008-04-11 00:00:00+09:00,690.435546875,690.435546875,690.435546875,690.435546875,77300,0.0,0.0
2008-04-14 00:00:00+09:00,690.435546875,690.435546875,690.435546875,690.435546875,77300,0.0,0.0
2008-04-15 00:00:00+09:00,675.9000616776316,690.435546875,675.9000616776316,690.435546875,77300,0.0,0.0
2008-04-16 00:00:00+09:00,697.703369140625,697.703369140625,697.703369140625,697.703369140625,77300,0.0,0.0
2008-04-17 00:00:00+09:00,697.7033263530927,704.9710693359375,697.7033263530927,704.9710693359375,77300,0.0,0.0
2008-04-18 00:00:00+09:00,704.9711125691731,704.9711125691731,697.703369140625,697.703369140625,77300,0.0,0.0
2008-04-21 00:00:00+09:00,697.703369140625,697.703369140625,697.703369140625,697.703369140625,77300,0.0,0.0
2008-04-22 00:00:00+09:00,704.9710693359375,704.9710693359375,704.9710693359375,704.9710693359375,77300,0.0,0.0
2008-04-23 00:00:00+09:00,704.9710808177986,734.0420532226562,704.9710808177986,734.0420532226562,77300,0.0,0.0
2008-04-24 00:00:00+09:00,734.042060073541,734.042060073541,712.2388305664062,712.2388305664062,77300,0.0,0.0
2008-04-25 00:00:00+09:00,719.5065670202274,734.0420532226562,719.5065670202274,734.0420532226562,77300,0.0,0.0
2008-04-28 00:00:00+09:00,734.0420412673163,734.0420412673163,704.9710693359375,704.9710693359375,77300,0.0,0.0
2008-04-30 00:00:00+09:00,697.703369140625,697.703369140625,697.703369140625,697.703369140625,77300,0.0,0.0
2008-05-01 00:00:00+09:00,704.9710873973612,712.2388305664062,704.9710873973612,712.2388305664062,77300,0.0,0.0
2008-05-02 00:00:00+09:00,712.2387276081124,719.5064697265625,712.2387276081124,719.5064697265625,77300,0.0,0.0
2008-05-07 00:00:00+09:00,726.774268056832,741.3097534179688,726.774268056832,741.3097534179688,77300,0.0,0.0
2008-05-08 00:00:00+09:00,726.7743453238775,748.5775756835938,726.7743453238775,748.5775756835938,77300,0.0,0.0
2008-05-09 00:00:00+09:00,748.577539425085,748.577539425085,734.0420532226562,734.0420532226562,77300,0.0,0.0
2008-05-12 00:00:00+09:00,734.0420887771162,748.5775756835938,734.0420887771162,748.5775756835938,77300,0.0,0.0
2008-05-13 00:00:00+09:00,755.84521484375,755.84521484375,755.84521484375,755.84521484375,77300,0.0,0.0
2008-05-14 00:00:00+09:00,748.5774908156623,763.1129760742188,748.5774908156623,763.1129760742188,77300,0.0,0.0
2008-05-15 00:00:00+09:00,771.1511368667914,784.9161987304688,771.1511368667914,784.9161987304688,77300,0.0,0.0
2008-05-16 00:00:00+09:00,763.1129760742188,763.1129760742188,763.1129760742188,763.1129760742188,77300,0.0,0.0
2008-05-19 00:00:00+09:00,784.9161987304688,784.9161987304688,784.9161987304688,784.9161987304688,77300,0.0,0.0
2008-05-20 00:00:00+09:00,822.1584417791719,822.1584417791719,806.7195434570312,806.7195434570312,77300,0.0,0.0
2008-05-21 00:00:00+09:00,813.9872614767698,821.2550048828125,813.9872614767698,821.2550048828125,77300,0.0,0.0
2008-05-22 00:00:00+09:00,821.2550307265274,821.2550307265274,806.7195434570312,806.7195434570312,77300,0.0,0.0
2008-05-23 00:00:00+09:00,806.7195434570312,806.7195434570312,806.7195434570312,806.7195434570312,77300,0.0,0.0
2008-05-26 00:00:00+09:00,799.4516920006793,835.7904052734374,799.4516920006793,835.7904052734375,77300,0.0,0.0
2008-05-27 00:00:00+09:00,864.8614501953125,864.8614501953125,864.8614501953125,864.8614501953125,77300,0.0,0.0
2008-05-28 00:00:00+09:00,850.3258905825408,850.3258905825408,835.7904052734374,835.7904052734375,77300,0.0,0.0
2008-05-29 00:00:00+09:00,835.7904236892174,843.0581665039062,835.7904236892174,843.0581665039062,77300,0.0,0.0
2008-05-30 00:00:00+09:00,850.3259636374081,864.8614501953125,850.3259636374081,864.8614501953125,77300,0.0,0.0
2008-06-02 00:00:00+09:00,864.8614757570447,864.8614757570447,850.3259887695312,850.3259887695312,77300,0.0,0.0
2008-06-03 00:00:00+09:00,850.3260594418175,850.3260594418175,828.5228271484375,828.5228271484375,77300,0.0,0.0
2008-06-04 00:00:00+09:00,828.5226808745285,843.0581665039062,828.5226808745285,843.0581665039062,77300,0.0,0.0
2008-06-05 00:00:00+09:00,843.0582452757747,850.3259887695312,843.0582452757747,850.3259887695312,77300,0.0,0.0
2008-06-06 00:00:00+09:00,850.325945838023,857.5936889648438,850.325945838023,857.5936889648438,77300,0.0,0.0
2008-06-09 00:00:00+09:00,828.522748288855,828.522748288855,821.2550048828125,821.2550048828125,77300,0.0,0.0
2008-06-10 00:00:00+09:00,821.2550830506442,828.5228271484375,821.2550830506442,828.5228271484375,77300,0.0,0.0
2008-06-11 00:00:00+09:00,828.5226808745285,843.0581665039062,828.5226808745285,843.0581665039062,77300,0.0,0.0
2008-06-12 00:00:00+09:00,835.7904052734374,835.7904052734374,835.7904052734374,835.7904052734375,77300,0.0,0.0
2008-06-13 00:00:00+09:00,843.0583153440241,843.0583153440241,828.5228271484375,828.5228271484375,77300,0.0,0.0
2008-06-16 00:00:00+09:00,828.5227582882612,850.3259887695312,828.5227582882612,850.3259887695312,77300,0.0,0.0
2008-06-17 00:00:00+09:00,850.3259636374081,864.8614501953125,850.3259636374081,864.8614501953125,77300,0.0,0.0
2008-06-18 00:00:00+09:00,864.8614320916644,864.8614320916644,857.5936889648438,857.5936889648438,77300,0.0,0.0
2008-06-19 00:00:00+09:00,843.0581479279891,843.0581479279891,835.7904052734374,835.7904052734375,77300,0.0,0.0
2008-06-20 00:00:00+09:00,843.0582166399275,843.0582166399275,813.9872436523439,813.9872436523438,77300,0.0,0.0
2008-06-23 00:00:00+09:00,799.4517211914062,799.4517211914062,799.4517211914062,799.4517211914062,77300,0.0,0.0
2008-06-24 00:00:00+09:00,799.4518507572643,828.5228271484375,799.4518507572643,828.5228271484375,77300,0.0,0.0
2008-06-25 00:00:00+09:00,828.522748288855,828.522748288855,821.2550048828125,821.2550048828125,77300,0.0,0.0
2008-06-26 00:00:00+09:00,821.2550048828125,821.2550048828125,821.2550048828125,821.2550048828125,77300,0.0,0.0
2008-06-27 00:00:00+09:00,821.2549499511719,821.2549499511719,799.4517211914062,799.4517211914062,77300,0.0,0.0
2008-06-30 00:00:00+09:00,799.4517902124709,799.4517902124709,777.6485595703125,777.6485595703125,77300,0.0,0.0
2008-07-01 00:00:00+09:00,777.6484613327754,777.6484613327754,763.1129760742188,763.1129760742188,77300,0.0,0.0
2008-07-02 00:00:00+09:00,763.1129814596737,763.1129814596737,741.3097534179688,741.3097534179688,77300,0.0,0.0
2008-07-03 00:00:00+09:00,741.3097963238706,741.3097963238706,734.0420532226562,734.0420532226562,77300,0.0,0.0
2008-07-04 00:00:00+09:00,734.0420532226562,734.0420532226562,734.0420532226562,734.0420532226562,77300,0.0,0.0
2008-07-07 00:00:00+09:00,734.041987492488,755.84521484375,734.041987492488,755.84521484375,77300,0.0,0.0
2008-07-08 00:00:00+09:00,741.3097963238706,741.3097963238706,734.0420532226562,734.0420532226562,77300,0.0,0.0
2008-07-09 00:00:00+09:00,734.0420107374005,741.3097534179688,734.0420107374005,741.3097534179688,77300,0.0,0.0
2008-07-10 00:00:00+09:00,741.3097299429087,755.84521484375,741.3097299429087,755.84521484375,77300,0.0,0.0
2008-07-11 00:00:00+09:00,755.8452387791053,755.8452387791053,741.3097534179688,741.3097534179688,77300,0.0,0.0
2008-07-14 00:00:00+09:00,741.3098322303549,748.5775756835938,741.3098322303549,748.5775756835938,77300,0.0,0.0
2008-07-15 00:00:00+09:00,734.0420107374005,741.3097534179688,734.0420107374005,741.3097534179688,77300,0.0,0.0
2008-07-16 00:00:00+09:00,741.3098400878906,741.3098400878906,726.7743530273438,726.7743530273438,77300,0.0,0.0
2008-07-17 00:00:00+09:00,726.7743530273438,726.7743530273438,726.7743530273438,726.7743530273438,77300,0.0,0.0
2008-07-18 00:00:00+09:00,704.9710873973612,712.2388305664062,704.9710873973612,712.2388305664062,77300,0.0,0.0
2008-07-22 00:00:00+09:00,726.7743169044961,734.042060073541,712.2388305664062,712.2388305664062,106200,0.0,0.0
2008-07-23 00:00:00+09:00,719.5064697265625,719.5064697265625,719.5064697265625,719.5064697265625,106200,0.0,0.0
2008-07-24 00:00:00+09:00,719.5066094970703,726.7743530273438,719.5066094970703,726.7743530273438,106200,0.0,0.0
2008-07-25 00:00:00+09:00,748.5774382003631,748.5774382003631,719.5064697265625,719.5064697265625,106200,0.0,0.0
2008-07-28 00:00:00+09:00,734.0420532226562,734.0420532226562,734.0420532226562,734.0420532226562,106200,0.0,0.0
2008-07-29 00:00:00+09:00,726.7742118450127,726.7742118450127,719.5064697265625,719.5064697265625,106200,0.0,0.0
2008-07-30 00:00:00+09:00,719.5066094970703,726.7743530273438,719.5066094970703,726.7743530273438,106200,0.0,0.0
2008-07-31 00:00:00+09:00,726.7742118450127,726.7742118450127,719.5064697265625,719.5064697265625,106200,0.0,0.0
2008-08-01 00:00:00+09:00,719.5064697265625,719.5064697265625,719.5064697265625,719.5064697265625,106200,0.0,0.0
2008-08-04 00:00:00+09:00,719.5065553016269,719.5065553016269,704.9710693359375,704.9710693359375,106200,0.0,0.0
2008-08-05 00:00:00+09:00,704.9711205267138,704.9711205267138,675.900146484375,675.900146484375,106200,0.0,0.0
2008-08-06 00:00:00+09:00,675.9000051747197,675.9000051747197,668.6322631835938,668.6322631835938,106200,0.0,0.0
2008-08-07 00:00:00+09:00,661.3646057128906,661.3646057128906,654.0968627929688,654.0968627929688,106200,0.0,0.0
2008-08-08 00:00:00+09:00,617.7582137886135,632.293701171875,617.7582137886135,632.293701171875,106200,0.0,0.0
2008-08-11 00:00:00+09:00,646.8291625976562,646.8291625976562,646.8291625976562,646.8291625976562,106200,0.0,0.0
2008-08-12 00:00:00+09:00,646.8291399920429,646.8291399920429,588.6871948242188,588.6871948242188,106200,0.0,0.0
2008-08-13 00:00:00+09:00,588.6872285541735,588.6872285541735,552.3485107421875,552.3485107421875,106200,0.0,0.0
2008-08-14 00:00:00+09:00,508.74209933810766,523.277587890625,450.6001451280382,457.8678894042969,726600,0.0,0.0
2008-08-15 00:00:00+09:00,457.8678169897047,457.8678169897047,428.7968444824219,428.7968444824219,106200,0.0,0.0
2008-08-18 00:00:00+09:00,421.5290832519531,421.5290832519531,421.5290832519531,421.5290832519531,106200,0.0,0.0
2008-08-19 00:00:00+09:00,421.52915767201205,421.52915767201205,414.26141357421875,414.26141357421875,106200,0.0,0.0
2008-08-20 00:00:00+09:00,414.2613920618276,443.3323669433594,414.2613920618276,443.3323669433594,106200,0.0,0.0
2008-08-21 00:00:00+09:00,443.3323669433594,443.3323669433594,443.3323669433594,443.3323669433594,106200,0.0,0.0
2008-08-22 00:00:00+09:00,443.3323669433594,443.3323669433594,443.3323669433594,443.3323669433594,106200,0.0,0.0
2008-08-25 00:00:00+09:00,443.3323841710245,450.6001281738282,443.3323841710245,450.6001281738281,106200,0.0,0.0
2008-08-26 00:00:00+09:00,443.33240085177954,457.8678894042969,443.33240085177954,457.8678894042969,106200,0.0,0.0
2008-08-27 00:00:00+09:00,436.0646057128906,436.0646057128906,436.0646057128906,436.0646057128906,106200,0.0,0.0
2008-08-28 00:00:00+09:00,436.0646057128906,436.0646057128906,436.0646057128906,436.0646057128906,106200,0.0,0.0
2008-08-29 00:00:00+09:00,436.06465657552087,457.8678894042969,436.06465657552087,457.8678894042969,106200,0.0,0.0
2008-09-01 00:00:00+09:00,457.8678543841253,457.8678543841253,443.3323669433594,443.3323669433594,106200,0.0,0.0
2008-09-02 00:00:00+09:00,436.0646057128906,436.0646057128906,436.0646057128906,436.0646057128906,106200,0.0,0.0
2008-09-03 00:00:00+09:00,436.0645688813308,436.0645688813308,421.5290832519531,421.5290832519531,106200,0.0,0.0
2008-09-04 00:00:00+09:00,421.52910831996377,421.52910831996377,406.99362182617193,406.9936218261719,106200,0.0,0.0
2008-09-05 00:00:00+09:00,414.2613327923943,414.2613327923943,370.6548767089844,370.6548767089844,106200,0.0,0.0
2008-09-08 00:00:00+09:00,370.6548889160156,399.7258605957031,370.6548889160156,399.7258605957031,106200,0.0,0.0
2008-09-09 00:00:00+09:00,399.72584743125765,399.72584743125765,370.6548767089844,370.6548767089844,106200,0.0,0.0
2008-09-10 00:00:00+09:00,377.9225959058078,392.45808036372347,377.9225959058078,385.1903381347656,428800,0.0,0.0
2008-09-11 00:00:00+09:00,385.1903567843967,392.4580993652344,385.1903567843967,392.4580993652344,428800,0.0,0.0
2008-09-12 00:00:00+09:00,392.45813533238004,406.99362182617193,392.45813533238004,406.9936218261719,428800,0.0,0.0
2008-09-16 00:00:00+09:00,406.99356482163915,406.99356482163915,385.1903381347656,385.1903381347656,428800,0.0,0.0
2008-09-17 00:00:00+09:00,392.45808036372347,392.45808036372347,385.1903381347656,385.1903381347656,428800,0.0,0.0
2008-09-18 00:00:00+09:00,399.7258605957031,399.7258605957031,399.7258605957031,399.7258605957031,428800,0.0,0.0
2008-09-19 00:00:00+09:00,428.7968622843424,436.0646057128906,428.7968622843424,436.0646057128906,428800,0.0,0.0
2008-09-22 00:00:00+09:00,465.1356161794355,465.1356161794355,450.6001281738282,450.6001281738281,428800,0.0,0.0
2008-09-24 00:00:00+09:00,443.3323307360633,443.3323307360633,428.7968444824219,428.7968444824219,428800,0.0,0.0
2008-09-25 00:00:00+09:00,414.26136507306785,414.26136507306785,406.99362182617193,406.9936218261719,428800,0.0,0.0
2008-09-26 00:00:00+09:00,414.26132710774743,414.26132710774743,392.4580993652344,392.4580993652344,428800,0.0,0.0
2008-09-29 00:00:00+09:00,377.92266357421875,377.92266357421875,363.3871765136719,363.3871765136719,428800,0.0,0.0
2008-09-30 00:00:00+09:00,319.7806701660156,319.7806701660156,319.7806701660156,319.7806701660156,428800,0.0,0.0
2008-10-01 00:00:00+09:00,319.780716745477,319.780716745477,276.17425537109375,276.17425537109375,428800,0.0,0.0
2008-10-02 00:00:00+09:00,268.90651180869656,276.17425537109375,268.90651180869656,276.17425537109375,428800,0.0,0.0
2008-10-03 00:00:00+09:00,276.1742428510617,297.9774725498297,268.90649961813904,283.4419860839844,442200,0.0,0.0
2008-10-06 00:00:00+09:00,276.1742640904018,276.1742640904018,254.37103271484375,254.37103271484375,442200,0.0,0.0
2008-10-07 00:00:00+09:00,232.56780133928572,254.37103271484375,232.56780133928572,254.37103271484375,442200,0.0,0.0
2008-10-08 00:00:00+09:00,254.3710147633272,254.3710147633272,247.103271484375,247.103271484375,442200,0.0,0.0
2008-10-09 00:00:00+09:00,268.90649961813904,283.4419860839844,261.63875638521637,283.4419860839844,401800,0.0,0.0
2008-10-10 00:00:00+09:00,268.90651180869656,276.17425537109375,268.90651180869656,276.17425537109375,401800,0.0,0.0
2008-10-14 00:00:00+09:00,319.7806701660156,319.7806701660156,319.7806701660156,319.7806701660156,401800,0.0,0.0
2008-10-15 00:00:00+09:00,297.9774538971657,312.512939453125,297.9774538971657,312.512939453125,401800,0.0,0.0
2008-10-16 00:00:00+09:00,312.5129830496652,312.5129830496652,305.2452392578125,305.2452392578125,401800,0.0,0.0
2008-10-17 00:00:00+09:00,297.9774725498297,305.24521578275244,283.4419860839844,283.4419860839844,218100,0.0,0.0
2008-10-20 00:00:00+09:00,290.7097473144531,290.7097473144531,290.7097473144531,290.7097473144531,218100,0.0,0.0
2008-10-21 00:00:00+09:00,305.24523468017577,305.24523468017577,290.7097473144531,290.7097473144531,218100,0.0,0.0
2008-10-22 00:00:00+09:00,297.9774909973145,297.9774909973145,290.7097473144531,290.7097473144531,218100,0.0,0.0
2008-10-23 00:00:00+09:00,283.4419860839844,283.4419860839844,283.4419860839844,283.4419860839844,218100,0.0,0.0
2008-10-24 00:00:00+09:00,283.44199893349094,283.44199893349094,276.17425537109375,276.17425537109375,218100,0.0,0.0
2008-10-27 00:00:00+09:00,276.1742372255068,276.1742372255068,268.906494140625,268.906494140625,218100,0.0,0.0
2008-10-28 00:00:00+09:00,261.6387510557432,268.906494140625,261.6387510557432,268.906494140625,218100,0.0,0.0
2008-10-29 00:00:00+09:00,268.90651626586913,290.7097473144531,268.90651626586913,290.7097473144531,218100,0.0,0.0
2008-10-30 00:00:00+09:00,290.7097473144531,290.7097473144531,290.7097473144531,290.7097473144531,218100,0.0,0.0
2008-10-31 00:00:00+09:00,290.7097346608232,297.97747802734375,290.7097346608232,297.97747802734375,218100,0.0,0.0
2008-11-04 00:00:00+09:00,297.97742163616675,334.3161315917969,297.97742163616675,334.3161315917969,385500,0.0,0.0
2008-11-05 00:00:00+09:00,334.31620239257813,363.3871765136719,334.31620239257813,363.3871765136719,385500,0.0,0.0
2008-11-06 00:00:00+09:00,341.5839538574219,341.5839538574219,341.5839538574219,341.5839538574219,385500,0.0,0.0
2008-11-07 00:00:00+09:00,334.3162101583278,341.5839538574219,334.3162101583278,341.5839538574219,385500,0.0,0.0
2008-11-10 00:00:00+09:00,363.3871765136719,370.6549200439453,356.11943298339844,363.3871765136719,203300,0.0,0.0
2008-11-11 00:00:00+09:00,363.3871765136719,363.3871765136719,363.3871765136719,363.3871765136719,203300,0.0,0.0
2008-11-12 00:00:00+09:00,363.3871714274088,363.3871714274088,348.8516845703125,348.8516845703125,163200,0.0,0.0
2008-11-13 00:00:00+09:00,348.85167211415813,356.1194152832031,341.5839289451132,356.1194152832031,128000,0.0,0.0
2008-11-14 00:00:00+09:00,356.11942799886066,356.11942799886066,348.8516845703125,348.8516845703125,128000,0.0,0.0
2008-11-17 00:00:00+09:00,356.11942799886066,356.11942799886066,348.8516845703125,348.8516845703125,128000,0.0,0.0
2008-11-18 00:00:00+09:00,356.11942799886066,356.11942799886066,348.8516845703125,348.8516845703125,128000,0.0,0.0
2008-11-19 00:00:00+09:00,356.1194152832031,356.1194152832031,348.85167211415813,356.1194152832031,108700,0.0,0.0
2008-11-20 00:00:00+09:00,356.11940307617186,356.11940307617186,327.0484313964844,327.0484313964844,108700,0.0,0.0
2008-11-21 00:00:00+09:00,327.0483896006709,334.3161315917969,327.0483896006709,334.3161315917969,108700,0.0,0.0
2008-11-25 00:00:00+09:00,334.31616778706393,334.31616778706393,312.512939453125,312.512939453125,29000,0.0,0.0
2008-11-26 00:00:00+09:00,312.51292766224253,319.7806701660156,312.51292766224253,319.7806701660156,29000,0.0,0.0
2008-11-27 00:00:00+09:00,312.51292766224253,319.7806701660156,312.51292766224253,319.7806701660156,29000,0.0,0.0
2008-11-28 00:00:00+09:00,319.78068223110466,319.78068223110466,312.512939453125,312.512939453125,29000,0.0,0.0
2008-12-01 00:00:00+09:00,312.51292766224253,319.7806701660156,312.51292766224253,319.7806701660156,29000,0.0,0.0
2008-12-02 00:00:00+09:00,319.7806701660156,319.7806701660156,319.7806701660156,319.7806701660156,29000,0.0,0.0
2008-12-03 00:00:00+09:00,319.7806701660156,319.7806701660156,319.7806701660156,319.7806701660156,29000,0.0,0.0
2008-12-04 00:00:00+09:00,319.7806476095448,334.3161315917969,319.7806476095448,334.3161315917969,29000,0.0,0.0
2008-12-05 00:00:00+09:00,334.3161551735618,334.3161551735618,319.7806701660156,319.7806701660156,29000,0.0,0.0
2008-12-08 00:00:00+09:00,312.5129830496652,312.5129830496652,305.2452392578125,305.2452392578125,29000,0.0,0.0
2008-12-09 00:00:00+09:00,312.512939453125,312.512939453125,312.512939453125,312.512939453125,29000,0.0,0.0
2008-12-10 00:00:00+09:00,312.5129830496652,312.5129830496652,305.2452392578125,305.2452392578125,29000,0.0,0.0
2008-12-11 00:00:00+09:00,305.24518515846944,319.7806701660156,305.24518515846944,319.7806701660156,29000,0.0,0.0
2008-12-12 00:00:00+09:00,319.7807268415179,319.7807268415179,305.2452392578125,305.2452392578125,29000,0.0,0.0
2008-12-15 00:00:00+09:00,305.2452392578125,305.2452392578125,305.2452392578125,305.2452392578125,29000,0.0,0.0
2008-12-16 00:00:00+09:00,312.51292766224253,319.7806701660156,312.51292766224253,319.7806701660156,167900,0.0,0.0
2008-12-17 00:00:00+09:00,319.7806701660156,319.7806701660156,319.7806701660156,319.7806701660156,105500,0.0,0.0
2008-12-18 00:00:00+09:00,312.5129830496652,312.5129830496652,305.2452392578125,305.2452392578125,87700,0.0,0.0
2008-12-19 00:00:00+09:00,305.2452392578125,305.2452392578125,305.2452392578125,305.2452392578125,89600,0.0,0.0
2008-12-22 00:00:00+09:00,305.24518515846944,319.7806701660156,305.24518515846944,319.7806701660156,76700,0.0,0.0
2008-12-24 00:00:00+09:00,305.2452392578125,305.2452392578125,305.2452392578125,305.2452392578125,49300,0.0,0.0
2008-12-25 00:00:00+09:00,305.2452392578125,305.2452392578125,305.2452392578125,305.2452392578125,48100,0.0,0.0
2008-12-26 00:00:00+09:00,312.512939453125,319.78068223110466,305.24519667514534,312.512939453125,49600,0.0,0.0
2008-12-29 00:00:00+09:00,312.512939453125,319.78068223110466,305.24519667514534,312.512939453125,66400,0.0,0.0
2008-12-30 00:00:00+09:00,312.5129455566406,327.0484313964844,312.5129455566406,327.0484313964844,82700,0.0,0.0
2009-01-05 00:00:00+09:00,348.8516155740489,348.8516155740489,334.3161315917969,334.3161315917969,145600,0.0,0.0
2009-01-06 00:00:00+09:00,327.0484313964844,327.0484313964844,327.0484313964844,327.0484313964844,111400,0.0,0.0
2009-01-07 00:00:00+09:00,327.0484126697887,327.0484126697887,319.7806701660156,319.7806701660156,176500,0.0,0.0
2009-01-08 00:00:00+09:00,305.24519667514534,312.512939453125,305.24519667514534,312.512939453125,52600,0.0,0.0
2009-01-09 00:00:00+09:00,312.512939453125,312.512939453125,312.512939453125,312.512939453125,33000,0.0,0.0
2009-01-13 00:00:00+09:00,312.512939453125,312.512939453125,312.512939453125,312.512939453125,121900,0.0,0.0
2009-01-14 00:00:00+09:00,319.7806701660156,319.7806701660156,319.7806701660156,319.7806701660156,35100,0.0,0.0
2009-01-15 00:00:00+09:00,312.51292766224253,319.7806701660156,312.51292766224253,319.7806701660156,94600,0.0,0.0
2009-01-16 00:00:00+09:00,305.24518515846944,319.7806701660156,305.24518515846944,319.7806701660156,28400,0.0,0.0
2009-01-19 00:00:00+09:00,334.3161743164062,334.3161743164062,319.7806884765625,327.0484313964844,114200,0.0,0.0
2009-01-20 00:00:00+09:00,327.0484126697887,327.0484126697887,319.7806701660156,319.7806701660156,41400,0.0,0.0
2009-01-21 00:00:00+09:00,334.31616778706393,334.31616778706393,312.512939453125,312.512939453125,131000,0.0,0.0
2009-01-22 00:00:00+09:00,312.512939453125,312.512939453125,312.512939453125,312.512939453125,108400,0.0,0.0
2009-01-23 00:00:00+09:00,312.51296476038493,312.51296476038493,297.97747802734375,297.97747802734375,34200,0.0,0.0
2009-01-26 00:00:00+09:00,297.9774909973145,297.9774909973145,290.7097473144531,290.7097473144531,112000,0.0,0.0
2009-01-27 00:00:00+09:00,297.9774538971657,312.512939453125,297.9774538971657,312.512939453125,109900,0.0,0.0
2009-01-28 00:00:00+09:00,312.5129830496652,312.5129830496652,305.2452392578125,305.2452392578125,95600,0.0,0.0
2009-01-29 00:00:00+09:00,305.24518515846944,319.7806701660156,305.24518515846944,319.7806701660156,90400,0.0,0.0
2009-01-30 00:00:00+09:00,319.78068223110466,319.78068223110466,312.512939453125,312.512939453125,37500,0.0,0.0
2009-02-02 00:00:00+09:00,312.512939453125,312.512939453125,312.512939453125,312.512939453125,86400,0.0,0.0
2009-02-03 00:00:00+09:00,327.0484250090843,327.0484250090843,312.512939453125,312.512939453125,45300,0.0,0.0
2009-02-04 00:00:00+09:00,327.0484313964844,327.0484313964844,327.0484313964844,327.0484313964844,75300,0.0,0.0
2009-02-05 00:00:00+09:00,319.7806701660156,319.7806701660156,319.7806701660156,319.7806701660156,119900,0.0,0.0
2009-02-06 00:00:00+09:00,319.78068223110466,319.78068223110466,312.512939453125,312.512939453125,22700,0.0,0.0
2009-02-09 00:00:00+09:00,319.78068223110466,319.78068223110466,312.512939453125,312.512939453125,29500,0.0,0.0
2009-02-10 00:00:00+09:00,312.51292766224253,363.3871251886541,254.37098763205788,319.7806701660156,36900,0.0,0.0
2009-02-12 00:00:00+09:00,297.9774954659598,305.2452392578125,297.9774954659598,305.2452392578125,38500,0.0,0.0
2009-02-13 00:00:00+09:00,297.97747802734375,305.2452213938643,297.97747802734375,297.97747802734375,10200,0.0,0.0
2009-02-16 00:00:00+09:00,301.0786404998973,305.2452392578125,301.0786404998973,305.2452392578125,46000,0.0,0.0
2009-02-17 00:00:00+09:00,305.24523468017577,305.24523468017577,290.7097473144531,290.7097473144531,45900,0.0,0.0
2009-02-18 00:00:00+09:00,290.70975167410717,290.70975167410717,254.37103271484375,254.37103271484375,247300,0.0,0.0
2009-02-19 00:00:00+09:00,268.9065013212316,268.9065013212316,247.103271484375,247.103271484375,304100,0.0,0.0
2009-02-20 00:00:00+09:00,254.37103271484375,254.37103271484375,247.10328892299108,254.37103271484375,75900,0.0,0.0
2009-02-23 00:00:00+09:00,254.37099032931857,261.63873291015625,247.10324774848092,261.63873291015625,75600,0.0,0.0
2009-02-24 00:00:00+09:00,254.37103271484375,254.37103271484375,247.10328892299108,254.37103271484375,48300,0.0,0.0
2009-02-25 00:00:00+09:00,254.37099032931857,261.63873291015625,254.37099032931857,261.63873291015625,48600,0.0,0.0
2009-02-26 00:00:00+09:00,261.6387510557432,268.906494140625,261.6387510557432,268.906494140625,20400,0.0,0.0
2009-02-27 00:00:00+09:00,268.90647549099396,268.90647549099396,261.63873291015625,261.63873291015625,81400,0.0,0.0
2009-03-02 00:00:00+09:00,261.63873291015625,261.63873291015625,261.63873291015625,261.63873291015625,110200,0.0,0.0
2009-03-03 00:00:00+09:00,254.37103271484375,254.37103271484375,254.37103271484375,254.37103271484375,90700,0.0,0.0
2009-03-04 00:00:00+09:00,261.6387682462994,276.17425537109375,261.6387682462994,276.17425537109375,89700,0.0,0.0
2009-03-05 00:00:00+09:00,290.70972931690704,290.70972931690704,283.4419860839844,283.4419860839844,175200,0.0,0.0
2009-03-06 00:00:00+09:00,283.44199893349094,283.44199893349094,276.17425537109375,276.17425537109375,66900,0.0,0.0
2009-03-09 00:00:00+09:00,283.44200363159183,290.7097473144531,283.44200363159183,290.7097473144531,41300,0.0,0.0
2009-03-10 00:00:00+09:00,283.44200363159183,290.7097473144531,283.44200363159183,290.7097473144531,48600,0.0,0.0
2009-03-11 00:00:00+09:00,290.7097346608232,297.97747802734375,290.7097346608232,297.97747802734375,47100,0.0,0.0
2009-03-12 00:00:00+09:00,297.9774909973145,297.9774909973145,290.7097473144531,290.7097473144531,46600,0.0,0.0
2009-03-13 00:00:00+09:00,283.4419860839844,283.4419860839844,283.4419860839844,283.4419860839844,48500,0.0,0.0
2009-03-16 00:00:00+09:00,305.2452392578125,312.5129830496652,297.9774954659598,305.2452392578125,110400,0.0,0.0
2009-03-17 00:00:00+09:00,297.9774538971657,312.512939453125,297.9774538971657,312.512939453125,89100,0.0,0.0
2009-03-18 00:00:00+09:00,312.51292766224253,319.7806701660156,312.51292766224253,319.7806701660156,52000,0.0,0.0
2009-03-19 00:00:00+09:00,319.7806701660156,319.7806701660156,319.7806701660156,319.7806701660156,70300,0.0,0.0
2009-03-23 00:00:00+09:00,305.24518515846944,319.7806701660156,305.24518515846944,319.7806701660156,80900,0.0,0.0
2009-03-24 00:00:00+09:00,319.7806884765625,327.0484313964844,319.7806884765625,327.0484313964844,69400,0.0,0.0
2009-03-25 00:00:00+09:00,319.7806884765625,327.0484313964844,319.7806884765625,327.0484313964844,40500,0.0,0.0
2009-03-26 00:00:00+09:00,323.2892781575521,338.32598876953125,323.2892781575521,338.32598876953125,31500,15.0,0.0
2009-03-27 00:00:00+09:00,323.28924560546875,323.28924560546875,323.28924560546875,323.28924560546875,101100,0.0,0.0
2009-03-30 00:00:00+09:00,323.289290655227,323.289290655227,315.77093505859375,315.77093505859375,93400,0.0,0.0
2009-03-31 00:00:00+09:00,315.77093505859375,315.77093505859375,315.77093505859375,315.77093505859375,36800,0.0,0.0
2009-04-01 00:00:00+09:00,323.28923242742366,330.8075866699219,323.28923242742366,330.8075866699219,18000,0.0,0.0
2009-04-02 00:00:00+09:00,330.8075866699219,330.8075866699219,330.8075866699219,330.8075866699219,56900,0.0,0.0
2009-04-03 00:00:00+09:00,338.32598876953125,338.32598876953125,338.32598876953125,338.32598876953125,72200,0.0,0.0
2009-04-06 00:00:00+09:00,360.8810586734694,368.3994140625,360.8810586734694,368.3994140625,464000,0.0,0.0
2009-04-07 00:00:00+09:00,368.39940643310547,421.02789306640625,368.39940643310547,421.02789306640625,630100,0.0,0.0
2009-04-08 00:00:00+09:00,413.5095642089844,413.5095642089844,375.91778564453125,375.91778564453125,524100,0.0,0.0
2009-04-09 00:00:00+09:00,398.4727783203125,398.4727783203125,398.4727783203125,398.4727783203125,195400,0.0,0.0
2009-04-10 00:00:00+09:00,405.99114990234375,405.99114990234375,405.99114990234375,405.99114990234375,204800,0.0,0.0
2009-04-13 00:00:00+09:00,436.0645917472193,443.58294677734375,436.0645917472193,443.58294677734375,393500,0.0,0.0
2009-04-14 00:00:00+09:00,443.58294677734375,443.58294677734375,443.58294677734375,443.58294677734375,306100,0.0,0.0
2009-04-15 00:00:00+09:00,443.5829299400593,443.5829299400593,436.0645751953125,436.0645751953125,116900,0.0,0.0
2009-04-16 00:00:00+09:00,443.5829630533854,451.101318359375,443.5829630533854,451.101318359375,133600,0.0,0.0
2009-04-17 00:00:00+09:00,451.10130180746825,451.10130180746825,443.58294677734375,443.58294677734375,102700,0.0,0.0
2009-04-20 00:00:00+09:00,436.0645917472193,443.58294677734375,436.0645917472193,443.58294677734375,148700,0.0,0.0
2009-04-21 00:00:00+09:00,436.0645751953125,436.0645751953125,436.0645751953125,436.0645751953125,84200,0.0,0.0
2009-04-22 00:00:00+09:00,436.06465122155976,436.06465122155976,428.5462951660156,428.5462951660156,82300,0.0,0.0
2009-04-23 00:00:00+09:00,428.5462204505657,436.0645751953125,428.5462204505657,436.0645751953125,71000,0.0,0.0
2009-04-24 00:00:00+09:00,428.5462951660156,428.5462951660156,428.5462951660156,428.5462951660156,45500,0.0,0.0
2009-04-27 00:00:00+09:00,421.0279391104715,428.5462951660156,421.0279391104715,428.5462951660156,75000,0.0,0.0
2009-04-28 00:00:00+09:00,421.02787642045456,421.02787642045456,413.509521484375,413.509521484375,66200,0.0,0.0
2009-04-30 00:00:00+09:00,413.50953783307756,421.02789306640625,413.50953783307756,421.02789306640625,76200,0.0,0.0
2009-05-01 00:00:00+09:00,413.5095109610722,436.0645751953125,413.5095109610722,436.0645751953125,88600,0.0,0.0
2009-05-07 00:00:00+09:00,451.10130180746825,451.10130180746825,443.58294677734375,443.58294677734375,172000,0.0,0.0
2009-05-08 00:00:00+09:00,443.58294677734375,443.58294677734375,443.58294677734375,443.58294677734375,44400,0.0,0.0
2009-05-11 00:00:00+09:00,443.58294677734375,443.58294677734375,443.58294677734375,443.58294677734375,62900,0.0,0.0
2009-05-12 00:00:00+09:00,443.5829630533854,451.101318359375,443.5829630533854,451.101318359375,112200,0.0,0.0
2009-05-13 00:00:00+09:00,451.101318359375,451.101318359375,451.101318359375,451.101318359375,57200,0.0,0.0
2009-05-14 00:00:00+09:00,443.5829299400593,443.5829299400593,436.0645751953125,436.0645751953125,47200,0.0,0.0
2009-05-15 00:00:00+09:00,443.58297879578635,458.61968994140625,443.58297879578635,458.61968994140625,359800,0.0,0.0
2009-05-18 00:00:00+09:00,458.6196736653646,458.6196736653646,451.101318359375,451.101318359375,102300,0.0,0.0
2009-05-19 00:00:00+09:00,451.10133436859627,458.61968994140625,451.10133436859627,458.61968994140625,220300,0.0,0.0
2009-05-20 00:00:00+09:00,473.65631923390856,503.729736328125,473.65631923390856,503.729736328125,561700,0.0,0.0
2009-05-21 00:00:00+09:00,526.2849581068841,526.2849581068841,518.7666015625,518.7666015625,634900,0.0,0.0
2009-05-22 00:00:00+09:00,511.24808631310094,511.24808631310094,488.6930236816406,488.6930236816406,485100,0.0,0.0
2009-05-25 00:00:00+09:00,526.284912109375,526.284912109375,526.284912109375,526.284912109375,298300,0.0,0.0
2009-05-26 00:00:00+09:00,578.9132435472706,593.949951171875,571.3948897349684,593.949951171875,892000,0.0,0.0
2009-05-27 00:00:00+09:00,578.9133465106671,586.4317016601562,571.394991361178,586.4317016601562,406100,0.0,0.0
2009-05-28 00:00:00+09:00,586.431730571546,586.431730571546,571.39501953125,571.39501953125,210200,0.0,0.0
2009-05-29 00:00:00+09:00,556.3582763671875,556.3582763671875,556.3582763671875,556.3582763671875,217600,0.0,0.0
2009-06-01 00:00:00+09:00,578.9133465106671,586.4317016601562,578.9133465106671,586.4317016601562,165700,0.0,0.0
2009-06-02 00:00:00+09:00,586.4317016601562,586.4317016601562,586.4317016601562,586.4317016601562,216300,0.0,0.0
2009-06-03 00:00:00+09:00,578.913375051398,578.913375051398,571.39501953125,571.39501953125,227800,0.0,0.0
2009-06-04 00:00:00+09:00,593.9500921340216,631.5418701171875,593.9500921340216,631.5418701171875,634400,0.0,0.0
2009-06-05 00:00:00+09:00,691.6886881510417,691.6886881510417,676.6519775390625,676.6519775390625,642100,0.0,0.0
2009-06-08 00:00:00+09:00,706.7253585012336,714.2437133789062,706.7253585012336,714.2437133789062,379600,0.0,0.0
2009-06-09 00:00:00+09:00,729.2805318629488,729.2805318629488,706.7254638671875,706.7254638671875,476900,0.0,0.0
2009-06-10 00:00:00+09:00,706.7254638671875,706.7254638671875,706.7254638671875,706.7254638671875,108400,0.0,0.0
2009-06-11 00:00:00+09:00,736.7988598632813,751.8355712890625,729.2805041503907,751.8355712890625,418500,0.0,0.0
2009-06-12 00:00:00+09:00,796.945694682754,811.9824059031833,789.4273390725394,804.4640502929688,583000,0.0,0.0
2009-06-15 00:00:00+09:00,857.0925130928512,857.0925130928512,834.5374469588288,849.5741577148438,518400,0.0,0.0
2009-06-16 00:00:00+09:00,819.5006649925595,834.5373744419643,781.9088913690476,789.42724609375,412400,0.0,0.0
2009-06-17 00:00:00+09:00,804.4639451768663,819.5006544325088,789.427235921224,811.9822998046875,345500,0.0,0.0
2009-06-18 00:00:00+09:00,781.9088913690476,789.42724609375,781.9088913690476,789.42724609375,127900,0.0,0.0
2009-06-19 00:00:00+09:00,766.8722827148438,766.8722827148438,729.2805041503907,751.8355712890625,272800,0.0,0.0
2009-06-22 00:00:00+09:00,751.8355712890625,766.8722827148438,751.8355712890625,751.8355712890625,391400,0.0,0.0
2009-06-23 00:00:00+09:00,729.2804565429688,751.835522209246,729.2804565429688,729.2804565429688,190800,0.0,0.0
2009-06-24 00:00:00+09:00,729.280501683553,736.7988573710123,721.7621459960938,721.7621459960938,91500,0.0,0.0
2009-06-25 00:00:00+09:00,729.2804727359694,744.3171835140306,714.2437619579082,736.798828125,126700,0.0,0.0
2009-06-26 00:00:00+09:00,751.8355712890625,759.3539270019531,736.7988598632813,751.8355712890625,111900,0.0,0.0
2009-06-29 00:00:00+09:00,759.3538774313386,759.3538774313386,706.7253908766913,729.2804565429688,182500,0.0,0.0
2009-06-30 00:00:00+09:00,736.798828125,736.798828125,714.2437619579082,736.798828125,80100,0.0,0.0
2009-07-01 00:00:00+09:00,721.7620682565789,729.2804231342516,714.2437133789062,714.2437133789062,129800,0.0,0.0
2009-07-02 00:00:00+09:00,714.2437540690105,721.762109375,669.133622233073,676.6519775390625,302900,0.0,0.0
2009-07-03 00:00:00+09:00,646.5785563151042,676.6519775390625,646.5785563151042,676.6519775390625,238000,0.0,0.0
2009-07-06 00:00:00+09:00,669.1335356339165,691.6885986328125,661.6151813009511,691.6885986328125,257800,0.0,0.0
2009-07-07 00:00:00+09:00,691.6886000689339,691.6886000689339,631.5417652803309,639.0601196289062,218400,0.0,0.0
2009-07-08 00:00:00+09:00,601.4684003665124,624.0234653802565,601.4684003665124,608.9867553710938,255700,0.0,0.0
2009-07-09 00:00:00+09:00,601.4684165396342,631.5418373666159,601.4684165396342,616.505126953125,179000,0.0,0.0
2009-07-10 00:00:00+09:00,616.5050828313252,639.0601468373494,608.9867281626506,624.0234375,107700,0.0,0.0
2009-07-13 00:00:00+09:00,601.4684198943662,601.4684198943662,518.7665121588909,533.80322265625,149400,0.0,0.0
2009-07-14 00:00:00+09:00,571.3950651041667,571.3950651041667,556.3583528645834,563.876708984375,112200,0.0,0.0
2009-07-15 00:00:00+09:00,563.876708984375,571.3950651041667,541.321640625,563.876708984375,91900,0.0,0.0
2009-07-16 00:00:00+09:00,593.9501334635416,601.4684895833334,563.876708984375,563.876708984375,135300,0.0,0.0
2009-07-17 00:00:00+09:00,578.9133465106671,586.4317016601562,571.394991361178,586.4317016601562,53800,0.0,0.0
2009-07-21 00:00:00+09:00,616.5050828313252,624.0234375,601.4683734939758,624.0234375,120600,0.0,0.0
2009-07-22 00:00:00+09:00,631.5418701171875,631.5418701171875,616.5051589239212,631.5418701171875,97900,0.0,0.0
2009-07-23 00:00:00+09:00,631.5418373666159,631.5418373666159,608.9867717463796,616.505126953125,100100,0.0,0.0
2009-07-24 00:00:00+09:00,631.5417921686746,631.5417921686746,616.5050828313252,624.0234375,84900,0.0,0.0
2009-07-27 00:00:00+09:00,624.0234653802565,631.5418203848379,608.9867553710938,608.9867553710938,66600,0.0,0.0
2009-07-28 00:00:00+09:00,601.4684119591346,608.9867671086238,578.9133465106671,586.4317016601562,107300,0.0,0.0
2009-07-29 00:00:00+09:00,578.9133781433105,601.4684448242188,571.3950225830077,601.4684448242188,107100,0.0,0.0
2009-07-30 00:00:00+09:00,586.431730571546,593.9500860916941,563.876664011102,571.39501953125,119100,0.0,0.0
2009-07-31 00:00:00+09:00,571.394991361178,593.9500568096455,571.394991361178,586.4317016601562,117400,0.0,0.0
2009-08-03 00:00:00+09:00,593.950045361931,616.5051103756751,593.950045361931,608.9867553710938,118200,0.0,0.0
2009-08-04 00:00:00+09:00,624.0235145205544,646.578581310454,608.9868033272879,631.5418701171875,284500,0.0,0.0
2009-08-05 00:00:00+09:00,631.5418701171875,631.5418701171875,608.9868033272879,631.5418701171875,178800,0.0,0.0
2009-08-06 00:00:00+09:00,608.9867281626506,624.0234375,608.9867281626506,624.0234375,66400,0.0,0.0
2009-08-07 00:00:00+09:00,631.5418373666159,639.0601925733613,608.9867717463796,616.505126953125,219800,0.0,0.0
2009-08-10 00:00:00+09:00,624.0234375,631.5417921686746,608.9867281626506,624.0234375,82900,0.0,0.0
2009-08-11 00:00:00+09:00,624.0235145205544,639.0602257138207,616.5051589239212,631.5418701171875,148700,0.0,0.0
2009-08-12 00:00:00+09:00,624.0234109317555,654.096828326057,624.0234109317555,639.0601196289062,265100,0.0,0.0
2009-08-13 00:00:00+09:00,631.5417652803309,646.5784739774816,631.5417652803309,639.0601196289062,98600,0.0,0.0
2009-08-14 00:00:00+09:00,639.0602437565835,676.6520228010885,639.0602437565835,669.1336669921875,196500,0.0,0.0
2009-08-17 00:00:00+09:00,676.6519094067951,684.1702639557595,631.5417821130087,646.5784912109375,250900,0.0,0.0
2009-08-18 00:00:00+09:00,624.0234109317555,646.5784739774816,624.0234109317555,639.0601196289062,114700,0.0,0.0
2009-08-19 00:00:00+09:00,639.0601468373494,646.578501506024,624.0234375,624.0234375,59000,0.0,0.0
2009-08-20 00:00:00+09:00,624.0235145205544,631.5418701171875,608.9868033272879,631.5418701171875,96600,0.0,0.0
2009-08-21 00:00:00+09:00,639.0601925733613,639.0601925733613,616.505126953125,616.505126953125,43800,0.0,0.0
2009-08-24 00:00:00+09:00,624.0235145205544,639.0602257138207,624.0235145205544,631.5418701171875,77600,0.0,0.0
2009-08-25 00:00:00+09:00,631.5418701171875,639.0602257138207,631.5418701171875,631.5418701171875,44900,0.0,0.0
2009-08-26 00:00:00+09:00,639.0601196289062,646.5784739774816,631.5417652803309,639.0601196289062,88200,0.0,0.0
2009-08-27 00:00:00+09:00,639.0601196289062,646.5784739774816,631.5417652803309,639.0601196289062,75400,0.0,0.0
2009-08-28 00:00:00+09:00,646.5784739774816,646.5784739774816,639.0601196289062,639.0601196289062,41200,0.0,0.0
2009-08-31 00:00:00+09:00,639.0601925733613,654.0969029868522,616.505126953125,616.505126953125,172200,0.0,0.0
2009-09-02 00:00:00+09:00,601.4684119591346,601.4684119591346,578.9133465106671,586.4317016601562,103200,0.0,0.0
2009-09-03 00:00:00+09:00,586.431730571546,593.9500860916941,563.876664011102,571.39501953125,134400,0.0,0.0
2009-09-04 00:00:00+09:00,571.3949517144098,571.3949517144098,526.2848239474827,541.321533203125,323400,0.0,0.0
2009-09-07 00:00:00+09:00,541.3215076958955,541.3215076958955,503.729736328125,503.729736328125,290700,0.0,0.0
2009-09-08 00:00:00+09:00,496.21153192934787,526.2849581068841,488.6931753849638,518.7666015625,287500,0.0,0.0
2009-09-09 00:00:00+09:00,526.2848402049444,548.8399047851562,526.2848402049444,548.8399047851562,143900,0.0,0.0
2009-09-10 00:00:00+09:00,548.8399259127103,593.9500568096455,548.8399259127103,586.4317016601562,178100,0.0,0.0
2009-09-11 00:00:00+09:00,586.43177734375,586.43177734375,548.8399967447917,563.876708984375,167600,0.0,0.0
2009-09-14 00:00:00+09:00,571.3949693653682,571.3949693653682,541.3215499250856,548.8399047851562,86000,0.0,0.0
2009-09-15 00:00:00+09:00,548.8399212811445,563.8766314532306,533.8032111090583,556.3582763671875,66300,0.0,0.0
2009-09-16 00:00:00+09:00,556.3583528645834,571.3950651041667,548.8399967447917,563.876708984375,69300,0.0,0.0
2009-09-17 00:00:00+09:00,563.8766145052975,571.3949693653682,541.3215499250856,548.8399047851562,98700,0.0,0.0
2009-09-18 00:00:00+09:00,563.8766145052975,563.8766145052975,526.2848402049444,548.8399047851562,174100,0.0,0.0
2009-09-21 00:00:00+09:00,548.8399047851562,548.8399047851562,548.8399047851562,548.8399047851562,0,0.0,0.0
2009-09-24 00:00:00+09:00,533.8031785753038,548.8398878309462,533.8031785753038,541.321533203125,49100,0.0,0.0
2009-09-25 00:00:00+09:00,533.8032352223115,533.8032352223115,503.7298135196461,511.2481689453125,105100,0.0,0.0
2009-09-28 00:00:00+09:00,488.69303703308105,503.72974586486816,473.65632820129395,481.1746826171875,189700,0.0,0.0
2009-09-29 00:00:00+09:00,488.6930277810168,503.729736328125,488.6930277810168,503.729736328125,65600,0.0,0.0
2009-09-30 00:00:00+09:00,496.2113820545709,503.729736328125,488.6930277810168,503.729736328125,54200,0.0,0.0
2009-10-01 00:00:00+09:00,503.72973210261415,511.24808631310094,481.17466947115383,488.6930236816406,82100,0.0,0.0
2009-10-02 00:00:00+09:00,458.61973571777344,488.69316101074224,443.58302307128906,466.1380920410156,254600,0.0,0.0
2009-10-05 00:00:00+09:00,458.61968994140625,458.61968994140625,436.0646232229764,458.61968994140625,213100,0.0,0.0
2009-10-06 00:00:00+09:00,451.10130180746825,458.6196568375927,443.58294677734375,443.58294677734375,75000,0.0,0.0
2009-10-07 00:00:00+09:00,451.10133436859627,466.1380455142162,436.0646232229764,458.61968994140625,134300,0.0,0.0
2009-10-08 00:00:00+09:00,458.6197504921565,481.1748201884921,458.6197504921565,473.6564636230469,84600,0.0,0.0
2009-10-09 00:00:00+09:00,488.69307084517044,511.24813565340907,473.6563609730114,496.21142578125,165600,0.0,0.0
2009-10-13 00:00:00+09:00,503.729736328125,503.729736328125,481.17467350746267,503.729736328125,97900,0.0,0.0
2009-10-14 00:00:00+09:00,503.72978071732956,503.72978071732956,481.1747159090909,496.21142578125,58900,0.0,0.0
2009-10-15 00:00:00+09:00,503.7298898848277,503.7298898848277,466.1381070576017,473.6564636230469,143300,0.0,0.0
2009-10-16 00:00:00+09:00,473.6564010870261,473.6564010870261,451.10133436859627,458.61968994140625,47900,0.0,0.0
2009-10-19 00:00:00+09:00,458.6197504921565,473.6564636230469,458.6197504921565,473.6564636230469,62300,0.0,0.0
2009-10-20 00:00:00+09:00,458.61961936950684,481.1746826171875,458.61961936950684,481.1746826171875,45800,0.0,0.0
2009-10-21 00:00:00+09:00,488.6930277810168,503.729736328125,473.65631923390856,503.729736328125,132200,0.0,0.0
2009-10-22 00:00:00+09:00,503.72973210261415,503.72973210261415,481.17466947115383,488.6930236816406,66800,0.0,0.0
2009-10-23 00:00:00+09:00,496.2113820545709,503.729736328125,488.6930277810168,503.729736328125,85000,0.0,0.0
2009-10-26 00:00:00+09:00,496.21145809397973,511.24816894531244,488.6931026683134,511.2481689453125,87600,0.0,0.0
2009-10-27 00:00:00+09:00,503.72978071732956,511.24813565340907,488.69307084517044,496.21142578125,122800,0.0,0.0
2009-10-28 00:00:00+09:00,496.2113914489746,511.2481002807617,481.1746826171875,481.1746826171875,109300,0.0,0.0
2009-10-29 00:00:00+09:00,466.1381070576017,481.1748201884921,451.10139392671135,473.6564636230469,106300,0.0,0.0
2009-10-30 00:00:00+09:00,511.24808631310094,518.7664405235877,488.6930236816406,488.6930236816406,139400,0.0,0.0
2009-11-02 00:00:00+09:00,473.65631526066704,488.6930236816406,466.13796105018025,488.6930236816406,73800,0.0,0.0
2009-11-04 00:00:00+09:00,488.6931026683134,511.24816894531244,481.174747242647,511.2481689453125,109800,0.0,0.0
2009-11-05 00:00:00+09:00,518.7665243709788,518.7665243709788,496.21145809397973,511.2481689453125,125300,0.0,0.0
2009-11-06 00:00:00+09:00,496.21142578125,503.72978071732956,488.69307084517044,496.21142578125,78200,0.0,0.0
2009-11-09 00:00:00+09:00,496.21137789212736,496.21137789212736,488.6930236816406,488.6930236816406,26000,0.0,0.0
2009-11-10 00:00:00+09:00,488.6930236816406,503.72973210261415,481.17466947115383,488.6930236816406,77600,0.0,0.0
2009-11-11 00:00:00+09:00,496.2113914489746,503.72974586486816,473.65632820129395,481.1746826171875,100100,0.0,0.0
2009-11-12 00:00:00+09:00,488.69303703308105,488.69303703308105,473.65632820129395,481.1746826171875,77200,0.0,0.0
2009-11-13 00:00:00+09:00,473.65631526066704,488.6930236816406,473.65631526066704,488.6930236816406,84000,0.0,0.0
2009-11-16 00:00:00+09:00,488.6931767539373,496.21153331938245,473.6564636230469,473.6564636230469,49800,0.0,0.0
2009-11-17 00:00:00+09:00,473.6564010870261,481.174756659836,451.10133436859627,458.61968994140625,78300,0.0,0.0
2009-11-18 00:00:00+09:00,451.101284684806,458.61963942955276,413.5095109610722,436.0645751953125,174300,0.0,0.0
2009-11-19 00:00:00+09:00,413.50948693617335,428.54619555203425,398.4727783203125,398.4727783203125,200400,0.0,0.0
2009-11-20 00:00:00+09:00,405.99122699938323,428.5462951660156,398.4728709438391,428.5462951660156,66800,0.0,0.0
2009-11-24 00:00:00+09:00,436.0645684136285,436.0645684136285,405.99114990234375,405.99114990234375,76900,0.0,0.0
2009-11-25 00:00:00+09:00,398.4728058459712,405.99116067325366,375.91774136412374,383.43609619140625,96700,0.0,0.0
2009-11-26 00:00:00+09:00,390.9544372558594,398.47279181847205,375.91772813063403,390.9544372558594,170200,0.0,0.0
2009-11-27 00:00:00+09:00,375.91774136412374,390.9544510186887,368.3993865368413,383.43609619140625,214000,0.0,0.0
2009-11-30 00:00:00+09:00,390.9544240123821,398.4727783203125,375.91771539652126,398.4727783203125,226900,0.0,0.0
2009-12-01 00:00:00+09:00,383.4361017400568,413.509521484375,383.4361017400568,413.509521484375,102800,0.0,0.0
2009-12-02 00:00:00+09:00,413.509504530165,436.0645684136285,405.99114990234375,405.99114990234375,150600,0.0,0.0
2009-12-03 00:00:00+09:00,421.02786570581895,443.5829299400593,413.5095109610722,436.0645751953125,162500,0.0,0.0
2009-12-04 00:00:00+09:00,428.5462204505657,443.5829299400593,421.02786570581895,436.0645751953125,171900,0.0,0.0
2009-12-07 00:00:00+09:00,443.5829299400593,458.61963942955276,428.5462204505657,436.0645751953125,163300,0.0,0.0
2009-12-08 00:00:00+09:00,428.54624829973494,436.06460353306363,421.02789306640625,421.02789306640625,96400,0.0,0.0
2009-12-09 00:00:00+09:00,421.02789306640625,428.54624829973494,421.02789306640625,421.02789306640625,50800,0.0,0.0
2009-12-10 00:00:00+09:00,413.509521484375,428.54623135653407,405.99116654829544,413.509521484375,114500,0.0,0.0
2009-12-11 00:00:00+09:00,413.5095109610722,436.0645751953125,413.5095109610722,436.0645751953125,71200,0.0,0.0
2009-12-14 00:00:00+09:00,443.5829299400593,443.5829299400593,428.5462204505657,436.0645751953125,70900,0.0,0.0
2009-12-15 00:00:00+09:00,421.02787642045456,428.54623135653407,413.509521484375,413.509521484375,58000,0.0,0.0
2009-12-16 00:00:00+09:00,413.50953783307756,428.54624829973494,413.50953783307756,421.02789306640625,90200,0.0,0.0
2009-12-17 00:00:00+09:00,421.02787642045456,428.54623135653407,405.99116654829544,413.509521484375,168100,0.0,0.0
2009-12-18 00:00:00+09:00,413.50953783307756,421.02789306640625,405.99118259974887,421.02789306640625,93400,0.0,0.0
2009-12-21 00:00:00+09:00,428.54624829973494,428.54624829973494,421.02789306640625,421.02789306640625,22000,0.0,0.0
2009-12-22 00:00:00+09:00,436.06460353306363,436.06460353306363,421.02789306640625,421.02789306640625,64100,0.0,0.0
2009-12-24 00:00:00+09:00,428.54624829973494,436.06460353306363,421.02789306640625,421.02789306640625,64600,0.0,0.0
2009-12-25 00:00:00+09:00,421.02787642045456,428.54623135653407,413.509521484375,413.509521484375,94000,0.0,0.0
2009-12-28 00:00:00+09:00,421.02787642045456,421.02787642045456,413.509521484375,413.509521484375,31200,0.0,0.0
2009-12-29 00:00:00+09:00,421.02787642045456,421.02787642045456,405.99116654829544,413.509521484375,89000,0.0,0.0
2009-12-30 00:00:00+09:00,413.509521484375,413.509521484375,405.99116654829544,413.509521484375,28800,0.0,0.0
2010-01-04 00:00:00+09:00,413.50958305492736,428.5462951660156,405.99122699938323,428.5462951660156,95400,0.0,0.0
2010-01-05 00:00:00+09:00,436.06465122155976,443.58300727710395,413.50958305492736,428.5462951660156,180800,0.0,0.0
2010-01-06 00:00:00+09:00,421.0279391104715,436.06465122155976,413.50958305492736,428.5462951660156,138300,0.0,0.0
2010-01-07 00:00:00+09:00,443.5829299400593,451.101284684806,428.5462204505657,436.0645751953125,132600,0.0,0.0
2010-01-08 00:00:00+09:00,443.5829630533854,458.6196736653646,436.0646077473958,451.101318359375,116900,0.0,0.0
2010-01-12 00:00:00+09:00,481.1748046875,481.1748046875,458.61973571777344,466.1380920410156,91200,0.0,0.0
2010-01-13 00:00:00+09:00,466.1380920410156,488.69316101074224,466.1380920410156,466.1380920410156,134500,0.0,0.0
2010-01-14 00:00:00+09:00,466.1381070576017,473.6564636230469,466.1381070576017,473.6564636230469,44900,0.0,0.0
2010-01-15 00:00:00+09:00,466.1380920410156,466.1380920410156,458.61973571777344,466.1380920410156,37200,0.0,0.0
2010-01-18 00:00:00+09:00,466.1380289713542,466.1380289713542,451.101318359375,451.101318359375,58300,0.0,0.0
2010-01-19 00:00:00+09:00,451.101284684806,451.101284684806,436.0645751953125,436.0645751953125,109500,0.0,0.0
2010-01-20 00:00:00+09:00,443.5829630533854,458.6196736653646,443.5829630533854,451.101318359375,117900,0.0,0.0
2010-01-21 00:00:00+09:00,451.10133436859627,466.1380455142162,443.58297879578635,458.61968994140625,186700,0.0,0.0
2010-01-22 00:00:00+09:00,451.101318359375,466.1380289713542,451.101318359375,451.101318359375,76300,0.0,0.0
2010-01-25 00:00:00+09:00,451.10137939453125,473.6564483642578,451.10137939453125,466.1380920410156,97700,0.0,0.0
2010-01-26 00:00:00+09:00,466.1380289713542,481.17473958333335,451.101318359375,451.101318359375,136900,0.0,0.0
2010-01-27 00:00:00+09:00,451.101318359375,458.6196736653646,443.5829630533854,451.101318359375,25800,0.0,0.0
2010-01-28 00:00:00+09:00,451.10130180746825,451.10130180746825,436.0645917472193,443.58294677734375,66500,0.0,0.0
2010-01-29 00:00:00+09:00,443.5829299400593,443.5829299400593,436.0645751953125,436.0645751953125,28900,0.0,0.0
2010-02-01 00:00:00+09:00,436.06465122155976,443.58300727710395,421.0279391104715,428.5462951660156,56100,0.0,0.0
2010-02-02 00:00:00+09:00,428.5462204505657,443.5829299400593,428.5462204505657,436.0645751953125,55000,0.0,0.0
2010-02-03 00:00:00+09:00,443.58294677734375,451.10130180746825,436.0645917472193,443.58294677734375,34400,0.0,0.0
2010-02-04 00:00:00+09:00,451.10133436859627,458.61968994140625,436.0646232229764,458.61968994140625,81400,0.0,0.0
2010-02-05 00:00:00+09:00,443.5829299400593,443.5829299400593,436.0645751953125,436.0645751953125,147300,0.0,0.0
2010-02-08 00:00:00+09:00,443.58300727710395,443.58300727710395,428.5462951660156,428.5462951660156,75600,0.0,0.0
2010-02-09 00:00:00+09:00,428.5462204505657,443.5829299400593,428.5462204505657,436.0645751953125,84100,0.0,0.0
2010-02-10 00:00:00+09:00,436.0645751953125,436.0645751953125,421.02786570581895,436.0645751953125,91100,0.0,0.0
2010-02-12 00:00:00+09:00,428.5462951660156,436.06465122155976,421.0279391104715,428.5462951660156,196100,0.0,0.0
2010-02-15 00:00:00+09:00,421.02789306640625,428.54624829973494,421.02789306640625,421.02789306640625,40000,0.0,0.0
2010-02-16 00:00:00+09:00,428.5462204505657,436.0645751953125,421.02786570581895,436.0645751953125,59900,0.0,0.0
2010-02-17 00:00:00+09:00,421.02789306640625,436.06460353306363,421.02789306640625,421.02789306640625,139000,0.0,0.0
2010-02-18 00:00:00+09:00,428.5462951660156,436.06465122155976,421.0279391104715,428.5462951660156,93600,0.0,0.0
2010-02-19 00:00:00+09:00,428.54624829973494,436.06460353306363,421.02789306640625,421.02789306640625,46700,0.0,0.0
2010-02-22 00:00:00+09:00,421.0279391104715,428.5462951660156,421.0279391104715,428.5462951660156,18200,0.0,0.0
2010-02-23 00:00:00+09:00,428.5462951660156,436.06465122155976,421.0279391104715,428.5462951660156,49400,0.0,0.0
2010-02-24 00:00:00+09:00,428.5462951660156,436.06465122155976,421.0279391104715,428.5462951660156,33900,0.0,0.0
2010-02-25 00:00:00+09:00,428.5462204505657,436.0645751953125,421.02786570581895,436.0645751953125,38900,0.0,0.0
2010-02-26 00:00:00+09:00,436.06460353306363,436.06460353306363,421.02789306640625,421.02789306640625,32000,0.0,0.0
2010-03-01 00:00:00+09:00,421.02786570581895,436.0645751953125,421.02786570581895,436.0645751953125,43100,0.0,0.0
2010-03-02 00:00:00+09:00,436.0645917472193,443.58294677734375,428.5462367170948,443.58294677734375,127300,0.0,0.0
2010-03-03 00:00:00+09:00,436.06465122155976,436.06465122155976,428.5462951660156,428.5462951660156,148100,0.0,0.0
2010-03-04 00:00:00+09:00,436.06465122155976,436.06465122155976,421.0279391104715,428.5462951660156,74300,0.0,0.0
2010-03-05 00:00:00+09:00,428.5462204505657,436.0645751953125,428.5462204505657,436.0645751953125,68100,0.0,0.0
2010-03-08 00:00:00+09:00,436.0645917472193,443.58294677734375,428.5462367170948,443.58294677734375,67700,0.0,0.0
2010-03-09 00:00:00+09:00,443.58294677734375,451.10130180746825,436.0645917472193,443.58294677734375,108600,0.0,0.0
2010-03-10 00:00:00+09:00,443.58294677734375,451.10130180746825,443.58294677734375,443.58294677734375,16500,0.0,0.0
2010-03-11 00:00:00+09:00,443.5829630533854,458.6196736653646,443.5829630533854,451.101318359375,71100,0.0,0.0
2010-03-12 00:00:00+09:00,451.10137939453125,466.1380920410156,443.58302307128906,466.1380920410156,92900,0.0,0.0
2010-03-15 00:00:00+09:00,473.65632820129395,488.69303703308105,473.65632820129395,481.1746826171875,174800,0.0,0.0
2010-03-16 00:00:00+09:00,473.65631526066704,488.6930236816406,466.13796105018025,488.6930236816406,172800,0.0,0.0
2010-03-17 00:00:00+09:00,481.17466947115383,488.6930236816406,473.65631526066704,488.6930236816406,59700,0.0,0.0
2010-03-18 00:00:00+09:00,488.6930277810168,518.7664448752332,488.6930277810168,503.729736328125,236300,0.0,0.0
2010-03-19 00:00:00+09:00,503.729736328125,511.2480906016791,488.6930277810168,503.729736328125,162400,0.0,0.0
2010-03-23 00:00:00+09:00,503.7298898848277,503.7298898848277,473.6564636230469,473.6564636230469,152800,0.0,0.0
2010-03-24 00:00:00+09:00,481.17466947115383,488.6930236816406,481.17466947115383,488.6930236816406,107400,0.0,0.0
2010-03-25 00:00:00+09:00,481.1748201884921,481.1748201884921,473.6564636230469,473.6564636230469,51800,0.0,0.0
2010-03-26 00:00:00+09:00,473.65632820129395,481.1746826171875,473.65632820129395,481.1746826171875,57700,0.0,0.0
2010-03-29 00:00:00+09:00,481.1746826171875,488.69303703308105,473.65632820129395,481.1746826171875,42100,0.0,0.0
2010-03-30 00:00:00+09:00,481.17466947115383,488.6930236816406,481.17466947115383,488.6930236816406,77700,0.0,0.0
2010-03-31 00:00:00+09:00,488.6930236816406,496.21137789212736,488.6930236816406,488.6930236816406,61200,0.0,0.0
2010-04-01 00:00:00+09:00,488.6930236816406,496.21137789212736,481.17466947115383,488.6930236816406,97900,0.0,0.0
2010-04-02 00:00:00+09:00,496.21142578125,496.21142578125,488.69307084517044,496.21142578125,31000,0.0,0.0
2010-04-05 00:00:00+09:00,503.729736328125,511.2480906016791,496.2113820545709,503.729736328125,115400,0.0,0.0
2010-04-06 00:00:00+09:00,511.2480906016791,511.2480906016791,496.2113820545709,503.729736328125,117500,0.0,0.0
2010-04-07 00:00:00+09:00,511.2481146918403,541.321533203125,503.7297600640191,541.321533203125,283900,0.0,0.0
2010-04-08 00:00:00+09:00,541.3215779049297,541.3215779049297,518.7665121588909,533.80322265625,252400,0.0,0.0
2010-04-09 00:00:00+09:00,533.80322265625,541.3215779049297,526.2848674075705,533.80322265625,151300,0.0,0.0
2010-04-12 00:00:00+09:00,541.321640625,571.3950651041667,541.321640625,563.876708984375,277100,0.0,0.0
2010-04-13 00:00:00+09:00,556.3582596452269,563.8766145052975,548.8399047851562,548.8399047851562,114100,0.0,0.0
2010-04-14 00:00:00+09:00,556.3582763671875,563.8766314532306,548.8399212811445,556.3582763671875,37000,0.0,0.0
2010-04-15 00:00:00+09:00,556.3582763671875,571.3949865392736,548.8399212811445,556.3582763671875,156800,0.0,0.0
2010-04-16 00:00:00+09:00,563.8766314532306,563.8766314532306,548.8399212811445,556.3582763671875,82400,0.0,0.0
2010-04-19 00:00:00+09:00,533.8032679966517,548.8399797712053,526.284912109375,526.284912109375,137200,0.0,0.0
2010-04-20 00:00:00+09:00,541.3215779049297,548.8399331536092,526.2848674075705,533.80322265625,72700,0.0,0.0
2010-04-21 00:00:00+09:00,541.3215707632212,586.4317016601562,541.3215707632212,586.4317016601562,246300,0.0,0.0
2010-04-22 00:00:00+09:00,578.913375051398,586.431730571546,556.358308490954,571.39501953125,198000,0.0,0.0
2010-04-23 00:00:00+09:00,563.876664011102,578.913375051398,563.876664011102,571.39501953125,111100,0.0,0.0
2010-04-26 00:00:00+09:00,646.5785303940007,654.0968853985821,601.4684003665124,608.9867553710938,990800,0.0,0.0
2010-04-27 00:00:00+09:00,601.4684003665124,624.0234653802565,601.4684003665124,608.9867553710938,264100,0.0,0.0
2010-04-28 00:00:00+09:00,593.950089263916,608.9868003845214,586.4317337036133,601.4684448242188,141600,0.0,0.0
2010-04-30 00:00:00+09:00,608.9867553710938,608.9867553710938,593.950045361931,608.9867553710938,127800,0.0,0.0
2010-05-06 00:00:00+09:00,593.9500568096455,601.4684119591346,578.9133465106671,586.4317016601562,165300,0.0,0.0
2010-05-07 00:00:00+09:00,533.8031785753038,556.3582424587674,518.7664693196615,541.321533203125,364700,0.0,0.0
2010-05-10 00:00:00+09:00,548.8399103338069,578.913330078125,541.3215553977273,578.913330078125,111600,0.0,0.0
2010-05-11 00:00:00+09:00,586.4316609700521,593.9500155978733,541.321533203125,541.321533203125,160500,0.0,0.0
2010-05-12 00:00:00+09:00,556.3582763671875,563.8766314532306,548.8399212811445,556.3582763671875,52300,0.0,0.0
2010-05-13 00:00:00+09:00,571.3949751420455,586.4316850142045,563.8766202059659,578.913330078125,89400,0.0,0.0
2010-05-14 00:00:00+09:00,571.3950651041667,571.3950651041667,556.3583528645834,563.876708984375,55600,0.0,0.0
2010-05-17 00:00:00+09:00,541.3216238839285,548.8399797712053,526.284912109375,526.284912109375,282000,0.0,0.0
2010-05-18 00:00:00+09:00,533.8032004616477,541.3215553977273,488.69307084517044,496.21142578125,322600,0.0,0.0
2010-05-19 00:00:00+09:00,466.13796105018025,496.21137789212736,458.61960683969346,488.6930236816406,151200,0.0,0.0
2010-05-20 00:00:00+09:00,488.69303703308105,496.2113914489746,473.65632820129395,481.1746826171875,56500,0.0,0.0
2010-05-21 00:00:00+09:00,443.58302307128906,481.1748046875,443.58302307128906,466.1380920410156,151500,0.0,0.0
2010-05-24 00:00:00+09:00,473.6564636230469,488.6931767539373,466.1381070576017,473.6564636230469,73200,0.0,0.0
2010-05-25 00:00:00+09:00,481.174756659836,481.174756659836,458.61968994140625,458.61968994140625,47300,0.0,0.0
2010-05-26 00:00:00+09:00,473.6564483642578,473.6564483642578,458.61973571777344,466.1380920410156,32100,0.0,0.0
2010-05-27 00:00:00+09:00,466.1379737854004,488.69303703308105,458.61961936950684,481.1746826171875,57300,0.0,0.0
2010-05-28 00:00:00+09:00,503.72978071732956,511.24813565340907,481.1747159090909,496.21142578125,105000,0.0,0.0
2010-05-31 00:00:00+09:00,488.6930277810168,503.729736328125,488.6930277810168,503.729736328125,29100,0.0,0.0
2010-06-01 00:00:00+09:00,496.21142578125,496.21142578125,481.1747159090909,496.21142578125,50800,0.0,0.0
2010-06-02 00:00:00+09:00,488.6930236816406,496.21137789212736,481.17466947115383,488.6930236816406,27300,0.0,0.0
2010-06-03 00:00:00+09:00,503.72978071732956,503.72978071732956,488.69307084517044,496.21142578125,34000,0.0,0.0
2010-06-04 00:00:00+09:00,511.24816894531244,511.24816894531244,496.21145809397973,511.2481689453125,51100,0.0,0.0
2010-06-07 00:00:00+09:00,496.2113914489746,496.2113914489746,481.1746826171875,481.1746826171875,96000,0.0,0.0
2010-06-08 00:00:00+09:00,473.65632820129395,488.69303703308105,473.65632820129395,481.1746826171875,41500,0.0,0.0
2010-06-09 00:00:00+09:00,488.69309488932294,488.69309488932294,436.0646077473958,451.101318359375,145100,0.0,0.0
2010-06-10 00:00:00+09:00,451.10133436859627,466.1380455142162,443.58297879578635,458.61968994140625,86300,0.0,0.0
2010-06-11 00:00:00+09:00,473.6564010870261,488.693112232646,451.10133436859627,458.61968994140625,192700,0.0,0.0
2010-06-14 00:00:00+09:00,466.1381070576017,481.1748201884921,466.1381070576017,473.6564636230469,39600,0.0,0.0
2010-06-15 00:00:00+09:00,466.1380455142162,481.174756659836,458.61968994140625,458.61968994140625,70900,0.0,0.0
2010-06-16 00:00:00+09:00,473.6564636230469,488.6931767539373,466.1381070576017,473.6564636230469,93200,0.0,0.0
2010-06-17 00:00:00+09:00,481.1746826171875,481.1746826171875,473.65632820129395,481.1746826171875,28700,0.0,0.0
2010-06-18 00:00:00+09:00,481.1746826171875,481.1746826171875,473.65632820129395,481.1746826171875,28300,0.0,0.0
2010-06-21 00:00:00+09:00,481.1747159090909,496.21142578125,481.1747159090909,496.21142578125,37900,0.0,0.0
2010-06-22 00:00:00+09:00,488.69303703308105,496.2113914489746,481.1746826171875,481.1746826171875,31100,0.0,0.0
2010-06-23 00:00:00+09:00,488.6931767539373,488.6931767539373,473.6564636230469,473.6564636230469,36900,0.0,0.0
2010-06-24 00:00:00+09:00,481.1748201884921,481.1748201884921,473.6564636230469,473.6564636230469,16300,0.0,0.0
2010-06-25 00:00:00+09:00,466.1380920410156,473.6564483642578,458.61973571777344,466.1380920410156,22900,0.0,0.0
2010-06-28 00:00:00+09:00,473.6564636230469,473.6564636230469,466.1381070576017,473.6564636230469,21400,0.0,0.0
2010-06-29 00:00:00+09:00,473.6563668978416,473.6563668978416,443.58294677734375,443.58294677734375,94700,0.0,0.0
2010-06-30 00:00:00+09:00,436.0645917472193,451.10130180746825,428.5462367170948,443.58294677734375,51500,0.0,0.0
2010-07-01 00:00:00+09:00,443.58300727710395,443.58300727710395,428.5462951660156,428.5462951660156,65900,0.0,0.0
2010-07-02 00:00:00+09:00,436.0646077473958,451.101318359375,436.0646077473958,451.101318359375,45800,0.0,0.0
2010-07-05 00:00:00+09:00,458.61968994140625,466.1380455142162,451.10133436859627,458.61968994140625,108900,0.0,0.0
2010-07-06 00:00:00+09:00,458.6196736653646,458.6196736653646,436.0646077473958,451.101318359375,57300,0.0,0.0
2010-07-07 00:00:00+09:00,443.5829299400593,451.101284684806,436.0645751953125,436.0645751953125,60300,0.0,0.0
2010-07-08 00:00:00+09:00,451.10133436859627,466.1380455142162,443.58297879578635,458.61968994140625,71300,0.0,0.0
2010-07-09 00:00:00+09:00,451.10133436859627,466.1380455142162,451.10133436859627,458.61968994140625,13600,0.0,0.0
2010-07-12 00:00:00+09:00,458.61973571777344,466.1380920410156,451.10137939453125,466.1380920410156,10900,0.0,0.0
2010-07-13 00:00:00+09:00,466.1380118677172,466.1380118677172,443.58294677734375,443.58294677734375,45600,0.0,0.0
2010-07-14 00:00:00+09:00,451.101318359375,458.6196736653646,451.101318359375,451.101318359375,42400,0.0,0.0
2010-07-15 00:00:00+09:00,451.10130180746825,458.6196568375927,443.58294677734375,443.58294677734375,12300,0.0,0.0
2010-07-16 00:00:00+09:00,443.5829299400593,451.101284684806,436.0645751953125,436.0645751953125,22800,0.0,0.0
2010-07-21 00:00:00+09:00,451.1013633326481,451.1013633326481,428.5462951660156,428.5462951660156,45000,0.0,0.0
2010-07-22 00:00:00+09:00,436.0645751953125,436.0645751953125,428.5462204505657,436.0645751953125,7300,0.0,0.0
2010-07-23 00:00:00+09:00,443.58294677734375,443.58294677734375,428.5462367170948,443.58294677734375,29800,0.0,0.0
2010-07-26 00:00:00+09:00,436.0645751953125,443.5829299400593,428.5462204505657,436.0645751953125,24900,0.0,0.0
2010-07-27 00:00:00+09:00,443.58294677734375,451.10130180746825,436.0645917472193,443.58294677734375,30400,0.0,0.0
2010-07-28 00:00:00+09:00,451.101318359375,451.101318359375,443.5829630533854,451.101318359375,43700,0.0,0.0
2010-07-29 00:00:00+09:00,451.10130180746825,451.10130180746825,443.58294677734375,443.58294677734375,32600,0.0,0.0
2010-07-30 00:00:00+09:00,436.0645917472193,443.58294677734375,436.0645917472193,443.58294677734375,18400,0.0,0.0
2010-08-02 00:00:00+09:00,436.0645751953125,451.101284684806,436.0645751953125,436.0645751953125,16100,0.0,0.0
2010-08-03 00:00:00+09:00,451.10130180746825,451.10130180746825,443.58294677734375,443.58294677734375,7900,0.0,0.0
2010-08-04 00:00:00+09:00,436.0645917472193,451.10130180746825,436.0645917472193,443.58294677734375,28700,0.0,0.0
2010-08-05 00:00:00+09:00,443.58297879578635,466.1380455142162,443.58297879578635,458.61968994140625,112200,0.0,0.0
2010-08-06 00:00:00+09:00,458.6196736653646,458.6196736653646,443.5829630533854,451.101318359375,43500,0.0,0.0
2010-08-09 00:00:00+09:00,451.10130180746825,451.10130180746825,443.58294677734375,443.58294677734375,21900,0.0,0.0
2010-08-10 00:00:00+09:00,443.5829630533854,451.101318359375,443.5829630533854,451.101318359375,78300,0.0,0.0
2010-08-11 00:00:00+09:00,436.0645751953125,443.5829299400593,436.0645751953125,436.0645751953125,46400,0.0,0.0
2010-08-12 00:00:00+09:00,428.54624829973494,428.54624829973494,413.50953783307756,421.02789306640625,84900,0.0,0.0
2010-08-13 00:00:00+09:00,428.54624829973494,428.54624829973494,413.50953783307756,421.02789306640625,36900,0.0,0.0
2010-08-16 00:00:00+09:00,421.02787642045456,421.02787642045456,405.99116654829544,413.509521484375,52300,0.0,0.0
2010-08-17 00:00:00+09:00,405.99116654829544,421.02787642045456,405.99116654829544,413.509521484375,18800,0.0,0.0
2010-08-18 00:00:00+09:00,421.02789306640625,421.02789306640625,413.50953783307756,421.02789306640625,29800,0.0,0.0
2010-08-19 00:00:00+09:00,405.99118259974887,421.02789306640625,405.99118259974887,421.02789306640625,75800,0.0,0.0
2010-08-20 00:00:00+09:00,413.509504530165,421.02785915798614,405.99114990234375,405.99114990234375,38200,0.0,0.0
2010-08-23 00:00:00+09:00,413.509521484375,413.509521484375,405.99116654829544,413.509521484375,46800,0.0,0.0
2010-08-24 00:00:00+09:00,398.47279181847205,398.47279181847205,383.4360826932467,390.9544372558594,125000,0.0,0.0
2010-08-25 00:00:00+09:00,375.91774136412374,390.9544510186887,375.91774136412374,383.43609619140625,129300,0.0,0.0
2010-08-26 00:00:00+09:00,390.9544970703125,390.9544970703125,375.91778564453125,375.91778564453125,43000,0.0,0.0
2010-08-27 00:00:00+09:00,383.43609619140625,390.9544510186887,368.3993865368413,383.43609619140625,66700,0.0,0.0
2010-08-30 00:00:00+09:00,398.4727783203125,398.4727783203125,390.9544240123821,398.4727783203125,29400,0.0,0.0
2010-08-31 00:00:00+09:00,390.9544510186887,398.4728058459712,383.43609619140625,383.43609619140625,53800,0.0,0.0
2010-09-01 00:00:00+09:00,383.4360826932467,398.47279181847205,383.4360826932467,390.9544372558594,28600,0.0,0.0
2010-09-02 00:00:00+09:00,398.4727952745226,405.99114990234375,398.4727952745226,405.99114990234375,40000,0.0,0.0
2010-09-03 00:00:00+09:00,405.99118259974887,428.54624829973494,405.99118259974887,421.02789306640625,60000,0.0,0.0
2010-09-06 00:00:00+09:00,421.0279391104715,436.06465122155976,421.0279391104715,428.5462951660156,101400,0.0,0.0
2010-09-07 00:00:00+09:00,421.02787642045456,421.02787642045456,413.509521484375,413.509521484375,8700,0.0,0.0
2010-09-08 00:00:00+09:00,405.99114990234375,405.99114990234375,398.4727952745226,405.99114990234375,20800,0.0,0.0
2010-09-09 00:00:00+09:00,405.99114990234375,413.509504530165,405.99114990234375,405.99114990234375,20600,0.0,0.0
2010-09-10 00:00:00+09:00,413.509521484375,421.02787642045456,413.509521484375,413.509521484375,37100,0.0,0.0
2010-09-13 00:00:00+09:00,421.02789306640625,421.02789306640625,413.50953783307756,421.02789306640625,21600,0.0,0.0
2010-09-14 00:00:00+09:00,421.02789306640625,421.02789306640625,413.50953783307756,421.02789306640625,24700,0.0,0.0
2010-09-16 00:00:00+09:00,428.54623135653407,428.54623135653407,413.509521484375,413.509521484375,11800,0.0,0.0
2010-09-17 00:00:00+09:00,413.50953783307756,421.02789306640625,405.99118259974887,421.02789306640625,27500,0.0,0.0
2010-09-21 00:00:00+09:00,428.54623135653407,428.54623135653407,413.509521484375,413.509521484375,57200,0.0,0.0
2010-09-22 00:00:00+09:00,413.509521484375,421.02787642045456,413.509521484375,413.509521484375,8800,0.0,0.0
2010-09-24 00:00:00+09:00,405.99114990234375,413.509504530165,405.99114990234375,405.99114990234375,17100,0.0,0.0
2010-09-27 00:00:00+09:00,405.99116654829544,413.509521484375,405.99116654829544,413.509521484375,29900,0.0,0.0
2010-09-28 00:00:00+09:00,421.02787642045456,421.02787642045456,405.99116654829544,413.509521484375,18800,0.0,0.0
2010-09-29 00:00:00+09:00,413.509521484375,413.509521484375,405.99116654829544,413.509521484375,27600,0.0,0.0
2010-09-30 00:00:00+09:00,413.50948693617335,413.50948693617335,398.4727783203125,398.4727783203125,16300,0.0,0.0
2010-10-01 00:00:00+09:00,398.4727783203125,405.99113262824295,398.4727783203125,398.4727783203125,22100,0.0,0.0
2010-10-04 00:00:00+09:00,405.99113262824295,405.99113262824295,390.9544240123821,398.4727783203125,83300,0.0,0.0
2010-10-05 00:00:00+09:00,398.4727952745226,405.99114990234375,390.9544406467014,405.99114990234375,38200,0.0,0.0
2010-10-06 00:00:00+09:00,405.99118259974887,421.02789306640625,398.4728273664202,421.02789306640625,86000,0.0,0.0
2010-10-07 00:00:00+09:00,413.50958305492736,428.5462951660156,413.50958305492736,428.5462951660156,24600,0.0,0.0
2010-10-08 00:00:00+09:00,428.54624829973494,428.54624829973494,421.02789306640625,421.02789306640625,29300,0.0,0.0
2010-10-12 00:00:00+09:00,413.5095009436974,421.0278555063101,390.9544372558594,390.9544372558594,66800,0.0,0.0
2010-10-13 00:00:00+09:00,390.9544372558594,398.47279181847205,390.9544372558594,390.9544372558594,21500,0.0,0.0
2010-10-14 00:00:00+09:00,398.4727952745226,405.99114990234375,398.4727952745226,405.99114990234375,25200,0.0,0.0
2010-10-15 00:00:00+09:00,405.99113262824295,405.99113262824295,398.4727783203125,398.4727783203125,22600,0.0,0.0
2010-10-18 00:00:00+09:00,398.4727952745226,405.99114990234375,390.9544406467014,405.99114990234375,30800,0.0,0.0
2010-10-19 00:00:00+09:00,405.99113262824295,405.99113262824295,398.4727783203125,398.4727783203125,8300,0.0,0.0
2010-10-20 00:00:00+09:00,390.9544372558594,398.47279181847205,390.9544372558594,390.9544372558594,19200,0.0,0.0
2010-10-21 00:00:00+09:00,398.4727783203125,398.4727783203125,390.9544240123821,398.4727783203125,55900,0.0,0.0
2010-10-22 00:00:00+09:00,390.9544372558594,398.47279181847205,390.9544372558594,390.9544372558594,21200,0.0,0.0
2010-10-25 00:00:00+09:00,390.9544510186887,390.9544510186887,383.43609619140625,383.43609619140625,38600,0.0,0.0
2010-10-26 00:00:00+09:00,383.43609619140625,390.9544510186887,383.43609619140625,383.43609619140625,68700,0.0,0.0
2010-10-27 00:00:00+09:00,383.43609619140625,390.9544510186887,383.43609619140625,383.43609619140625,18000,0.0,0.0
2010-10-28 00:00:00+09:00,383.43609619140625,390.9544510186887,383.43609619140625,383.43609619140625,43700,0.0,0.0
2010-10-29 00:00:00+09:00,383.4361413574219,390.9544970703125,375.91778564453125,375.91778564453125,33300,0.0,0.0
2010-11-01 00:00:00+09:00,383.43609619140625,390.9544510186887,383.43609619140625,383.43609619140625,29900,0.0,0.0
2010-11-02 00:00:00+09:00,390.9544510186887,390.9544510186887,383.43609619140625,383.43609619140625,10800,0.0,0.0
2010-11-04 00:00:00+09:00,398.4727952745226,405.99114990234375,390.9544406467014,405.99114990234375,59100,0.0,0.0
2010-11-05 00:00:00+09:00,421.02787642045456,421.02787642045456,405.99116654829544,413.509521484375,168700,0.0,0.0
2010-11-08 00:00:00+09:00,421.02787642045456,428.54623135653407,413.509521484375,413.509521484375,100400,0.0,0.0
2010-11-09 00:00:00+09:00,413.50953783307756,421.02789306640625,413.50953783307756,421.02789306640625,15900,0.0,0.0
2010-11-10 00:00:00+09:00,421.02789306640625,436.06460353306363,421.02789306640625,421.02789306640625,112900,0.0,0.0
2010-11-11 00:00:00+09:00,428.5462951660156,428.5462951660156,421.0279391104715,428.5462951660156,60400,0.0,0.0
2010-11-12 00:00:00+09:00,421.02789306640625,428.54624829973494,421.02789306640625,421.02789306640625,28700,0.0,0.0
2010-11-15 00:00:00+09:00,421.02786570581895,436.0645751953125,413.5095109610722,436.0645751953125,39900,0.0,0.0
2010-11-16 00:00:00+09:00,428.5462951660156,436.06465122155976,428.5462951660156,428.5462951660156,28500,0.0,0.0
2010-11-17 00:00:00+09:00,421.0279391104715,428.5462951660156,413.50958305492736,428.5462951660156,28800,0.0,0.0
2010-11-18 00:00:00+09:00,421.02786570581895,436.0645751953125,421.02786570581895,436.0645751953125,31800,0.0,0.0
2010-11-19 00:00:00+09:00,436.0645751953125,443.5829299400593,428.5462204505657,436.0645751953125,47700,0.0,0.0
2010-11-22 00:00:00+09:00,436.0645751953125,443.5829299400593,428.5462204505657,436.0645751953125,26400,0.0,0.0
2010-11-24 00:00:00+09:00,421.02786570581895,436.0645751953125,421.02786570581895,436.0645751953125,43500,0.0,0.0
2010-11-25 00:00:00+09:00,443.5829630533854,458.6196736653646,443.5829630533854,451.101318359375,108700,0.0,0.0
2010-11-26 00:00:00+09:00,466.1380920410156,473.6564483642578,451.10137939453125,466.1380920410156,106000,0.0,0.0
2010-11-29 00:00:00+09:00,473.6564483642578,473.6564483642578,466.1380920410156,466.1380920410156,28000,0.0,0.0
2010-11-30 00:00:00+09:00,473.65632820129395,481.1746826171875,458.61961936950684,481.1746826171875,120600,0.0,0.0
2010-12-01 00:00:00+09:00,466.1380920410156,473.6564483642578,466.1380920410156,466.1380920410156,21800,0.0,0.0
2010-12-02 00:00:00+09:00,473.6564010870261,481.174756659836,458.61968994140625,458.61968994140625,121500,0.0,0.0
2010-12-03 00:00:00+09:00,458.6197504921565,473.6564636230469,458.6197504921565,473.6564636230469,80700,0.0,0.0
2010-12-06 00:00:00+09:00,458.6197504921565,473.6564636230469,458.6197504921565,473.6564636230469,86900,0.0,0.0
2010-12-07 00:00:00+09:00,458.6197504921565,473.6564636230469,458.6197504921565,473.6564636230469,23300,0.0,0.0
2010-12-08 00:00:00+09:00,473.65632820129395,481.1746826171875,466.1379737854004,481.1746826171875,101900,0.0,0.0
2010-12-09 00:00:00+09:00,473.6564636230469,481.1748201884921,466.1381070576017,473.6564636230469,35200,0.0,0.0
2010-12-10 00:00:00+09:00,473.6564636230469,473.6564636230469,466.1381070576017,473.6564636230469,104000,0.0,0.0
2010-12-13 00:00:00+09:00,473.6564636230469,473.6564636230469,466.1381070576017,473.6564636230469,17400,0.0,0.0
2010-12-14 00:00:00+09:00,473.65632820129395,481.1746826171875,466.1379737854004,481.1746826171875,62600,0.0,0.0
2010-12-15 00:00:00+09:00,473.6564483642578,481.1748046875,466.1380920410156,466.1380920410156,110900,0.0,0.0
2010-12-16 00:00:00+09:00,473.6564636230469,473.6564636230469,466.1381070576017,473.6564636230469,91300,0.0,0.0
2010-12-17 00:00:00+09:00,466.1380920410156,473.6564483642578,466.1380920410156,466.1380920410156,59100,0.0,0.0
2010-12-20 00:00:00+09:00,466.1380455142162,473.6564010870261,458.61968994140625,458.61968994140625,74500,0.0,0.0
2010-12-21 00:00:00+09:00,458.61973571777344,473.6564483642578,458.61973571777344,466.1380920410156,34000,0.0,0.0
2010-12-22 00:00:00+09:00,473.6564483642578,473.6564483642578,458.61973571777344,466.1380920410156,70600,0.0,0.0
2010-12-24 00:00:00+09:00,466.1380455142162,466.1380455142162,458.61968994140625,458.61968994140625,54500,0.0,0.0
2010-12-27 00:00:00+09:00,451.10133436859627,458.61968994140625,451.10133436859627,458.61968994140625,81000,0.0,0.0
2010-12-28 00:00:00+09:00,451.101318359375,458.6196736653646,451.101318359375,451.101318359375,31400,0.0,0.0
2010-12-29 00:00:00+09:00,458.61973571777344,466.1380920410156,451.10137939453125,466.1380920410156,22500,0.0,0.0
2010-12-30 00:00:00+09:00,458.6196736653646,458.6196736653646,451.101318359375,451.101318359375,26100,0.0,0.0
2011-01-04 00:00:00+09:00,473.65632820129395,481.1746826171875,466.1379737854004,481.1746826171875,89100,0.0,0.0
2011-01-05 00:00:00+09:00,473.65632820129395,481.1746826171875,466.1379737854004,481.1746826171875,26900,0.0,0.0
2011-01-06 00:00:00+09:00,481.1748046875,481.1748046875,466.1380920410156,466.1380920410156,37200,0.0,0.0
2011-01-07 00:00:00+09:00,481.1748201884921,481.1748201884921,466.1381070576017,473.6564636230469,35000,0.0,0.0
2011-01-11 00:00:00+09:00,466.1379737854004,481.1746826171875,466.1379737854004,481.1746826171875,88300,0.0,0.0
2011-01-12 00:00:00+09:00,481.1748201884921,496.21153331938245,473.6564636230469,473.6564636230469,181800,0.0,0.0
2011-01-13 00:00:00+09:00,473.6564636230469,481.1748201884921,466.1381070576017,473.6564636230469,55400,0.0,0.0
2011-01-14 00:00:00+09:00,473.6564636230469,481.1748201884921,466.1381070576017,473.6564636230469,50800,0.0,0.0
2011-01-17 00:00:00+09:00,481.1748201884921,488.6931767539373,473.6564636230469,473.6564636230469,61400,0.0,0.0
2011-01-18 00:00:00+09:00,473.6564636230469,481.1748201884921,466.1381070576017,473.6564636230469,55400,0.0,0.0
2011-01-19 00:00:00+09:00,481.1748046875,481.1748046875,466.1380920410156,466.1380920410156,41600,0.0,0.0
2011-01-20 00:00:00+09:00,466.1380920410156,481.1748046875,466.1380920410156,466.1380920410156,91400,0.0,0.0
2011-01-21 00:00:00+09:00,473.6564010870261,473.6564010870261,458.61968994140625,458.61968994140625,111200,0.0,0.0
2011-01-24 00:00:00+09:00,466.1380920410156,473.6564483642578,458.61973571777344,466.1380920410156,57000,0.0,0.0
2011-01-25 00:00:00+09:00,466.1380455142162,466.1380455142162,458.61968994140625,458.61968994140625,45700,0.0,0.0
2011-01-26 00:00:00+09:00,458.6197504921565,473.6564636230469,458.6197504921565,473.6564636230469,72000,0.0,0.0
2011-01-27 00:00:00+09:00,466.1380920410156,473.6564483642578,466.1380920410156,466.1380920410156,44900,0.0,0.0
2011-01-28 00:00:00+09:00,473.6564483642578,473.6564483642578,458.61973571777344,466.1380920410156,76900,0.0,0.0
2011-01-31 00:00:00+09:00,466.1381070576017,473.6564636230469,458.6197504921565,473.6564636230469,58300,0.0,0.0
2011-02-01 00:00:00+09:00,466.1380920410156,473.6564483642578,466.1380920410156,466.1380920410156,50600,0.0,0.0
2011-02-02 00:00:00+09:00,473.6564636230469,473.6564636230469,466.1381070576017,473.6564636230469,26300,0.0,0.0
2011-02-03 00:00:00+09:00,473.65632820129395,481.1746826171875,466.1379737854004,481.1746826171875,40300,0.0,0.0
2011-02-04 00:00:00+09:00,481.1746826171875,481.1746826171875,473.65632820129395,481.1746826171875,38300,0.0,0.0
2011-02-07 00:00:00+09:00,488.6931767539373,488.6931767539373,473.6564636230469,473.6564636230469,90400,0.0,0.0
2011-02-08 00:00:00+09:00,481.1748201884921,481.1748201884921,473.6564636230469,473.6564636230469,52500,0.0,0.0
2011-02-09 00:00:00+09:00,473.6564636230469,481.1748201884921,466.1381070576017,473.6564636230469,24100,0.0,0.0
2011-02-10 00:00:00+09:00,473.6564636230469,473.6564636230469,466.1381070576017,473.6564636230469,21000,0.0,0.0
2011-02-14 00:00:00+09:00,481.1746826171875,481.1746826171875,451.1012649536133,481.1746826171875,52200,0.0,0.0
2011-02-15 00:00:00+09:00,481.1748046875,481.1748046875,466.1380920410156,466.1380920410156,57000,0.0,0.0
2011-02-16 00:00:00+09:00,473.6564483642578,473.6564483642578,466.1380920410156,466.1380920410156,78800,0.0,0.0
2011-02-17 00:00:00+09:00,466.1380920410156,473.6564483642578,466.1380920410156,466.1380920410156,21400,0.0,0.0
2011-02-18 00:00:00+09:00,466.1380920410156,473.6564483642578,466.1380920410156,466.1380920410156,28300,0.0,0.0
2011-02-21 00:00:00+09:00,466.1380920410156,473.6564483642578,458.61973571777344,466.1380920410156,54700,0.0,0.0
2011-02-22 00:00:00+09:00,466.1380455142162,473.6564010870261,458.61968994140625,458.61968994140625,56300,0.0,0.0
2011-02-23 00:00:00+09:00,473.6564483642578,473.6564483642578,458.61973571777344,466.1380920410156,65100,0.0,0.0
2011-02-24 00:00:00+09:00,458.6197504921565,473.6564636230469,458.6197504921565,473.6564636230469,57000,0.0,0.0
2011-02-25 00:00:00+09:00,466.1380455142162,466.1380455142162,451.10133436859627,458.61968994140625,83600,0.0,0.0
2011-02-28 00:00:00+09:00,458.61973571777344,473.6564483642578,458.61973571777344,466.1380920410156,53600,0.0,0.0
2011-03-01 00:00:00+09:00,466.1380920410156,473.6564483642578,466.1380920410156,466.1380920410156,45300,0.0,0.0
2011-03-02 00:00:00+09:00,466.1380455142162,466.1380455142162,458.61968994140625,458.61968994140625,18200,0.0,0.0
2011-03-03 00:00:00+09:00,466.1381070576017,473.6564636230469,458.6197504921565,473.6564636230469,32200,0.0,0.0
2011-03-04 00:00:00+09:00,481.17466947115383,503.72973210261415,473.65631526066704,488.6930236816406,446300,0.0,0.0
2011-03-07 00:00:00+09:00,488.6931767539373,488.6931767539373,473.6564636230469,473.6564636230469,121800,0.0,0.0
2011-03-08 00:00:00+09:00,473.6564636230469,488.6931767539373,473.6564636230469,473.6564636230469,40600,0.0,0.0
2011-03-09 00:00:00+09:00,473.6564636230469,488.6931767539373,473.6564636230469,473.6564636230469,39100,0.0,0.0
2011-03-10 00:00:00+09:00,473.6564010870261,473.6564010870261,451.10133436859627,458.61968994140625,147000,0.0,0.0
2011-03-11 00:00:00+09:00,458.6197504921565,473.6564636230469,451.10139392671135,473.6564636230469,98000,0.0,0.0
2011-03-14 00:00:00+09:00,699.2070922851562,699.2070922851562,684.1703806231098,699.2070922851562,809900,0.0,0.0
2011-03-15 00:00:00+09:00,736.7988598632813,751.8355712890625,661.6153027343751,751.8355712890625,2845100,0.0,0.0
2011-03-16 00:00:00+09:00,714.2437540690105,736.7988199869792,654.0969116210938,676.6519775390625,831800,0.0,0.0
2011-03-17 00:00:00+09:00,601.4683639171512,661.6152003088663,593.9500093681868,646.5784912109375,424800,0.0,0.0
2011-03-18 00:00:00+09:00,654.096923828125,661.6152792744253,646.5785683818248,654.096923828125,247500,0.0,0.0
2011-03-22 00:00:00+09:00,684.1703291789139,804.4640134301516,676.6519739132116,759.3538818359375,1423000,0.0,0.0
2011-03-23 00:00:00+09:00,774.3905584161931,864.6108176491477,759.3538485440341,827.01904296875,1611000,0.0,0.0
2011-03-24 00:00:00+09:00,879.647488005265,909.7209063986073,827.0190058169158,864.6107788085938,1280000,0.0,0.0
2011-03-25 00:00:00+09:00,879.6476063951153,887.16596200533,774.3906278521101,804.4640502929688,1206800,0.0,0.0
2011-03-28 00:00:00+09:00,766.8723118558843,774.3906678544714,706.7254638671875,706.7254638671875,679200,0.0,0.0
2011-03-29 00:00:00+09:00,699.2070511798469,759.3538942920918,699.2070511798469,736.798828125,512200,0.0,0.0
2011-03-30 00:00:00+09:00,751.8355687459309,751.8355687459309,714.2437903086344,721.7621459960938,321500,0.0,0.0
2011-03-31 00:00:00+09:00,729.2804727359694,736.798828125,714.2437619579082,736.798828125,220500,0.0,0.0
2011-04-01 00:00:00+09:00,736.7988573710123,744.3172130584717,706.725434621175,721.7621459960938,207300,0.0,0.0
2011-04-04 00:00:00+09:00,729.2804565429688,736.7988117650611,706.7253908766913,729.2804565429688,272000,0.0,0.0
2011-04-05 00:00:00+09:00,729.2803702976393,729.2803702976393,684.1702442998471,691.6885986328125,307200,0.0,0.0
2011-04-06 00:00:00+09:00,706.7254481161795,706.7254481161795,684.1703806231098,699.2070922851562,300900,0.0,0.0
2011-04-07 00:00:00+09:00,699.2070600907881,706.7254155756353,676.6519936362466,684.1703491210938,135900,0.0,0.0
2011-04-08 00:00:00+09:00,684.1703491210938,699.2070600907881,676.6519936362466,684.1703491210938,171700,0.0,0.0
2011-04-11 00:00:00+09:00,691.6887518700132,714.2438198657745,684.1703958714262,706.7254638671875,194800,0.0,0.0
2011-04-12 00:00:00+09:00,706.7253072987432,714.2436616317086,684.1702442998471,691.6885986328125,159700,0.0,0.0
2011-04-13 00:00:00+09:00,691.688704605941,699.2070600907881,684.1703491210938,684.1703491210938,95500,0.0,0.0
2011-04-14 00:00:00+09:00,691.688736454133,706.7254481161795,684.1703806231098,699.2070922851562,140200,0.0,0.0
2011-04-15 00:00:00+09:00,699.2069529657779,699.2069529657779,684.1702442998471,691.6885986328125,101000,0.0,0.0
2011-04-18 00:00:00+09:00,684.1703491210938,691.688704605941,684.1703491210938,684.1703491210938,119800,0.0,0.0
2011-04-19 00:00:00+09:00,684.1703328450521,684.1703328450521,676.6519775390625,676.6519775390625,125900,0.0,0.0
2011-04-20 00:00:00+09:00,676.6519775390625,691.6886881510417,676.6519775390625,676.6519775390625,135700,0.0,0.0
2011-04-21 00:00:00+09:00,676.6520228010885,684.1703786099895,669.1336669921875,669.1336669921875,99900,0.0,0.0
2011-04-22 00:00:00+09:00,669.1335275823419,676.6518818248402,661.6151733398438,661.6151733398438,114000,0.0,0.0
2011-04-25 00:00:00+09:00,669.1335275823419,676.6518818248402,661.6151733398438,661.6151733398438,90300,0.0,0.0
2011-04-26 00:00:00+09:00,661.6151733398438,669.1335275823419,661.6151733398438,661.6151733398438,45600,0.0,0.0
2011-04-27 00:00:00+09:00,669.1335275823419,669.1335275823419,654.0968190973455,661.6151733398438,73700,0.0,0.0
2011-04-28 00:00:00+09:00,661.6153111832865,669.1336669921875,654.0969553743855,669.1336669921875,65000,0.0,0.0
2011-05-02 00:00:00+09:00,676.6519936362466,684.1703491210938,669.1336381513994,684.1703491210938,84800,0.0,0.0
2011-05-06 00:00:00+09:00,676.6520247920868,699.2070922851562,676.6520247920868,699.2070922851562,237000,0.0,0.0
2011-05-09 00:00:00+09:00,699.2070600907881,706.7254155756353,684.1703491210938,684.1703491210938,153700,0.0,0.0
2011-05-10 00:00:00+09:00,684.1703491210938,691.688704605941,669.1336381513994,684.1703491210938,86500,0.0,0.0
2011-05-11 00:00:00+09:00,684.1703786099895,684.1703786099895,669.1336669921875,669.1336669921875,40800,0.0,0.0
2011-05-12 00:00:00+09:00,669.133622233073,676.6519775390625,669.133622233073,676.6519775390625,37400,0.0,0.0
2011-05-13 00:00:00+09:00,676.6520228010885,676.6520228010885,661.6153111832865,669.1336669921875,89100,0.0,0.0
2011-05-16 00:00:00+09:00,661.6152003088663,661.6152003088663,639.0601366619732,646.5784912109375,132000,0.0,0.0
2011-05-17 00:00:00+09:00,639.0601468373494,639.0601468373494,601.4683734939758,624.0234375,149500,0.0,0.0
2011-05-18 00:00:00+09:00,616.5051103756751,624.0234653802565,608.9867553710938,608.9867553710938,108400,0.0,0.0
2011-05-19 00:00:00+09:00,616.505126953125,624.0234821598705,608.9867717463796,616.505126953125,98700,0.0,0.0
2011-05-20 00:00:00+09:00,616.5051559448242,616.5051559448242,601.4684448242188,601.4684448242188,60500,0.0,0.0
2011-05-23 00:00:00+09:00,601.4684416118422,601.4684416118422,556.358308490954,571.39501953125,190600,0.0,0.0
2011-05-24 00:00:00+09:00,563.8766202059659,586.4316850142045,563.8766202059659,578.913330078125,99300,0.0,0.0
2011-05-25 00:00:00+09:00,571.3949517144098,571.3949517144098,533.8031785753038,541.321533203125,155400,0.0,0.0
2011-05-26 00:00:00+09:00,541.3215499250856,556.3582596452269,541.3215499250856,548.8399047851562,125900,0.0,0.0
2011-05-27 00:00:00+09:00,541.3215661951014,563.8766314532306,541.3215661951014,556.3582763671875,181500,0.0,0.0
2011-05-30 00:00:00+09:00,556.3582763671875,563.8766314532306,541.3215661951014,556.3582763671875,78500,0.0,0.0
2011-05-31 00:00:00+09:00,548.8399212811445,556.3582763671875,541.3215661951014,556.3582763671875,47600,0.0,0.0
2011-06-01 00:00:00+09:00,556.3583114624023,601.4684448242188,556.3583114624023,601.4684448242188,124600,0.0,0.0
2011-06-02 00:00:00+09:00,586.4317337036133,616.5051559448242,578.9133781433105,601.4684448242188,222000,0.0,0.0
2011-06-03 00:00:00+09:00,601.4684119591346,608.9867671086238,578.9133465106671,586.4317016601562,133500,0.0,0.0
2011-06-06 00:00:00+09:00,578.913330078125,593.9500399502841,563.8766202059659,578.913330078125,137900,0.0,0.0
2011-06-07 00:00:00+09:00,578.913330078125,586.4316850142045,571.3949751420455,578.913330078125,60700,0.0,0.0
2011-06-08 00:00:00+09:00,586.4317016601562,586.4317016601562,571.394991361178,586.4317016601562,68700,0.0,0.0
2011-06-09 00:00:00+09:00,578.9133465106671,586.4317016601562,578.9133465106671,586.4317016601562,26900,0.0,0.0
2011-06-10 00:00:00+09:00,586.4316850142045,593.9500399502841,578.913330078125,578.913330078125,40500,0.0,0.0
2011-06-13 00:00:00+09:00,571.394991361178,593.9500568096455,571.394991361178,586.4317016601562,68800,0.0,0.0
2011-06-14 00:00:00+09:00,586.4317337036133,601.4684448242188,586.4317337036133,601.4684448242188,68200,0.0,0.0
2011-06-15 00:00:00+09:00,593.950089263916,608.9868003845214,593.950089263916,601.4684448242188,60600,0.0,0.0
2011-06-16 00:00:00+09:00,593.9500568096455,593.9500568096455,586.4317016601562,586.4317016601562,19600,0.0,0.0
2011-06-17 00:00:00+09:00,586.4316850142045,586.4316850142045,563.8766202059659,578.913330078125,64000,0.0,0.0
2011-06-20 00:00:00+09:00,571.394991361178,586.4317016601562,571.394991361178,586.4317016601562,54500,0.0,0.0
2011-06-21 00:00:00+09:00,586.4316903573496,616.5051103756751,578.9133353527681,608.9867553710938,148600,0.0,0.0
2011-06-22 00:00:00+09:00,616.505126953125,624.0234821598705,601.4684165396342,616.505126953125,91500,0.0,0.0
2011-06-23 00:00:00+09:00,608.9867553710938,624.0234653802565,601.4684003665124,608.9867553710938,127600,0.0,0.0
2011-06-24 00:00:00+09:00,608.9867717463796,616.505126953125,601.4684165396342,616.505126953125,51300,0.0,0.0
2011-06-27 00:00:00+09:00,616.5051103756751,616.5051103756751,608.9867553710938,608.9867553710938,28800,0.0,0.0
2011-06-28 00:00:00+09:00,616.505126953125,624.0234821598705,608.9867717463796,616.505126953125,55100,0.0,0.0
2011-06-29 00:00:00+09:00,616.5051103756751,616.5051103756751,601.4684003665124,608.9867553710938,44500,0.0,0.0
2011-06-30 00:00:00+09:00,608.9867717463796,616.505126953125,608.9867717463796,616.505126953125,32400,0.0,0.0
2011-07-01 00:00:00+09:00,616.5051103756751,616.5051103756751,601.4684003665124,608.9867553710938,36800,0.0,0.0
2011-07-04 00:00:00+09:00,616.5050828313252,624.0234375,608.9867281626506,624.0234375,94400,0.0,0.0
2011-07-05 00:00:00+09:00,624.0234653802565,624.0234653802565,608.9867553710938,608.9867553710938,87700,0.0,0.0
2011-07-06 00:00:00+09:00,608.9867553710938,608.9867553710938,601.4684003665124,608.9867553710938,60100,0.0,0.0
2011-07-07 00:00:00+09:00,616.505126953125,616.505126953125,608.9867717463796,616.505126953125,25700,0.0,0.0
2011-07-08 00:00:00+09:00,616.505126953125,624.0234821598705,608.9867717463796,616.505126953125,50500,0.0,0.0
2011-07-11 00:00:00+09:00,608.9868003845214,616.5051559448242,601.4684448242188,601.4684448242188,41300,0.0,0.0
2011-07-12 00:00:00+09:00,601.4683049841773,601.4683049841773,586.4315973595728,593.949951171875,81000,0.0,0.0
2011-07-13 00:00:00+09:00,586.4316903573496,608.9867553710938,586.4316903573496,608.9867553710938,88000,0.0,0.0
2011-07-14 00:00:00+09:00,608.9868003845214,616.5051559448242,601.4684448242188,601.4684448242188,48900,0.0,0.0
2011-07-15 00:00:00+09:00,601.4684003665124,608.9867553710938,593.950045361931,608.9867553710938,37200,0.0,0.0
2011-07-19 00:00:00+09:00,608.9867553710938,608.9867553710938,601.4684003665124,608.9867553710938,9100,0.0,0.0
2011-07-20 00:00:00+09:00,608.9868003845214,608.9868003845214,593.950089263916,601.4684448242188,62100,0.0,0.0
2011-07-21 00:00:00+09:00,601.4683049841773,601.4683049841773,593.949951171875,593.949951171875,28500,0.0,0.0
2011-07-22 00:00:00+09:00,593.950089263916,601.4684448242188,593.950089263916,601.4684448242188,65100,0.0,0.0
2011-07-25 00:00:00+09:00,593.949951171875,601.4683049841773,593.949951171875,593.949951171875,21300,0.0,0.0
2011-07-26 00:00:00+09:00,593.949951171875,601.4683049841773,593.949951171875,593.949951171875,27100,0.0,0.0
2011-07-27 00:00:00+09:00,586.4317016601562,586.4317016601562,578.9133465106671,586.4317016601562,72800,0.0,0.0
2011-07-28 00:00:00+09:00,586.4317016601562,586.4317016601562,578.9133465106671,586.4317016601562,51800,0.0,0.0
2011-07-29 00:00:00+09:00,578.913330078125,586.4316850142045,578.913330078125,578.913330078125,22400,0.0,0.0
2011-08-01 00:00:00+09:00,571.3948897349684,593.949951171875,571.3948897349684,593.949951171875,60700,0.0,0.0
2011-08-02 00:00:00+09:00,586.4316850142045,586.4316850142045,571.3949751420455,578.913330078125,52100,0.0,0.0
2011-08-03 00:00:00+09:00,571.3950651041667,578.9134212239584,563.876708984375,563.876708984375,86500,0.0,0.0
2011-08-04 00:00:00+09:00,578.913375051398,578.913375051398,563.876664011102,571.39501953125,92500,0.0,0.0
2011-08-05 00:00:00+09:00,541.321533203125,548.8398878309462,533.8031785753038,541.321533203125,133500,0.0,0.0
2011-08-08 00:00:00+09:00,533.8032352223115,533.8032352223115,511.24816894531244,511.2481689453125,87100,0.0,0.0
2011-08-09 00:00:00+09:00,496.21142578125,503.72978071732956,466.1380060369318,496.21142578125,125200,0.0,0.0
2011-08-10 00:00:00+09:00,511.2482003348214,533.8032679966517,511.2482003348214,526.284912109375,64400,0.0,0.0
2011-08-11 00:00:00+09:00,503.729790764886,563.8766314532306,503.729790764886,556.3582763671875,140400,0.0,0.0
2011-08-12 00:00:00+09:00,563.876708984375,571.3950651041667,556.3583528645834,563.876708984375,77700,0.0,0.0
2011-08-15 00:00:00+09:00,563.8766314532306,563.8766314532306,556.3582763671875,556.3582763671875,31200,0.0,0.0
2011-08-16 00:00:00+09:00,563.8765970865886,563.8765970865886,541.321533203125,541.321533203125,43600,0.0,0.0
2011-08-17 00:00:00+09:00,548.8398282980618,593.949951171875,541.3214744857595,593.949951171875,253700,0.0,0.0
2011-08-18 00:00:00+09:00,586.4316850142045,586.4316850142045,563.8766202059659,578.913330078125,109400,0.0,0.0
2011-08-19 00:00:00+09:00,563.876664011102,571.39501953125,556.358308490954,571.39501953125,85200,0.0,0.0
2011-08-22 00:00:00+09:00,563.8766314532306,571.3949865392736,556.3582763671875,556.3582763671875,54000,0.0,0.0
2011-08-23 00:00:00+09:00,571.3949865392736,571.3949865392736,556.3582763671875,556.3582763671875,32600,0.0,0.0
2011-08-24 00:00:00+09:00,563.8766202059659,593.9500399502841,563.8766202059659,578.913330078125,76100,0.0,0.0
2011-08-25 00:00:00+09:00,586.43177734375,593.9501334635416,563.876708984375,563.876708984375,115000,0.0,0.0
2011-08-26 00:00:00+09:00,563.8766202059659,578.913330078125,563.8766202059659,578.913330078125,28000,0.0,0.0
2011-08-29 00:00:00+09:00,586.4317016601562,593.9500568096455,571.394991361178,586.4317016601562,76900,0.0,0.0
2011-08-30 00:00:00+09:00,593.949951171875,593.949951171875,586.4315973595728,593.949951171875,36900,0.0,0.0
2011-08-31 00:00:00+09:00,593.9500568096455,593.9500568096455,578.9133465106671,586.4317016601562,38600,0.0,0.0
2011-09-01 00:00:00+09:00,578.913330078125,586.4316850142045,571.3949751420455,578.913330078125,35800,0.0,0.0
2011-09-02 00:00:00+09:00,586.4315973595728,593.949951171875,578.9132435472706,593.949951171875,41400,0.0,0.0
2011-09-05 00:00:00+09:00,601.4683049841773,616.5050126087816,578.9132435472706,593.949951171875,283800,0.0,0.0
2011-09-06 00:00:00+09:00,586.431730571546,586.431730571546,563.876664011102,571.39501953125,93600,0.0,0.0
2011-09-07 00:00:00+09:00,571.3950651041667,578.9134212239584,563.876708984375,563.876708984375,35800,0.0,0.0
2011-09-08 00:00:00+09:00,586.4316850142045,586.4316850142045,571.3949751420455,578.913330078125,21400,0.0,0.0
2011-09-09 00:00:00+09:00,578.9133465106671,586.4317016601562,571.394991361178,586.4317016601562,52100,0.0,0.0
2011-09-12 00:00:00+09:00,556.3582424587674,563.8765970865886,526.2848239474827,541.321533203125,119500,0.0,0.0
2011-09-13 00:00:00+09:00,541.3215779049297,548.8399331536092,533.80322265625,533.80322265625,45400,0.0,0.0
2011-09-14 00:00:00+09:00,533.8031785753038,541.321533203125,526.2848239474827,541.321533203125,53700,0.0,0.0
2011-09-15 00:00:00+09:00,533.8031785753038,541.321533203125,518.7664693196615,541.321533203125,65600,0.0,0.0
2011-09-16 00:00:00+09:00,526.284912109375,541.3216238839285,526.284912109375,526.284912109375,43500,0.0,0.0
2011-09-20 00:00:00+09:00,541.3216238839285,541.3216238839285,526.284912109375,526.284912109375,61800,0.0,0.0
2011-09-21 00:00:00+09:00,526.284912109375,533.8032679966517,518.7665562220982,526.284912109375,57400,0.0,0.0
2011-09-22 00:00:00+09:00,503.729736328125,511.2480906016791,496.2113820545709,503.729736328125,161700,0.0,0.0
2011-09-26 00:00:00+09:00,503.7298898848277,503.7298898848277,466.1381070576017,473.6564636230469,95500,0.0,0.0
2011-09-27 00:00:00+09:00,481.17466947115383,488.6930236816406,473.65631526066704,488.6930236816406,51200,0.0,0.0
2011-09-28 00:00:00+09:00,488.6930277810168,503.729736328125,481.17467350746267,503.729736328125,109700,0.0,0.0
2011-09-29 00:00:00+09:00,488.6931026683134,518.7665243709788,488.6931026683134,511.2481689453125,125600,0.0,0.0
2011-09-30 00:00:00+09:00,518.7664448752332,518.7664448752332,503.729736328125,503.729736328125,69000,0.0,0.0
2011-10-03 00:00:00+09:00,503.7298444475446,526.284912109375,503.7298444475446,526.284912109375,91900,0.0,0.0
2011-10-04 00:00:00+09:00,518.7665562220982,526.284912109375,488.69313267299106,526.284912109375,163800,0.0,0.0
2011-10-05 00:00:00+09:00,533.8032004616477,533.8032004616477,496.21142578125,496.21142578125,91800,0.0,0.0
2011-10-06 00:00:00+09:00,503.7298135196461,518.7665243709788,503.7298135196461,511.2481689453125,42700,0.0,0.0
2011-10-07 00:00:00+09:00,511.24816894531244,518.7665243709788,511.24816894531244,511.2481689453125,14400,0.0,0.0
2011-10-11 00:00:00+09:00,518.7665562220982,533.8032679966517,518.7665562220982,526.284912109375,58900,0.0,0.0
2011-10-12 00:00:00+09:00,526.2848239474827,541.321533203125,526.2848239474827,541.321533203125,55700,0.0,0.0
2011-10-13 00:00:00+09:00,548.8398878309462,548.8398878309462,533.8031785753038,541.321533203125,66500,0.0,0.0
2011-10-14 00:00:00+09:00,533.80322265625,548.8399331536092,533.80322265625,533.80322265625,60400,0.0,0.0
2011-10-17 00:00:00+09:00,541.321533203125,541.321533203125,533.8031785753038,541.321533203125,24300,0.0,0.0
2011-10-18 00:00:00+09:00,526.2848674075705,541.3215779049297,526.2848674075705,533.80322265625,27200,0.0,0.0
2011-10-19 00:00:00+09:00,533.80322265625,541.3215779049297,526.2848674075705,533.80322265625,30000,0.0,0.0
2011-10-20 00:00:00+09:00,526.2848674075705,533.80322265625,526.2848674075705,533.80322265625,20500,0.0,0.0
2011-10-21 00:00:00+09:00,541.3216238839285,541.3216238839285,526.284912109375,526.284912109375,36800,0.0,0.0
2011-10-24 00:00:00+09:00,533.80322265625,541.3215779049297,526.2848674075705,533.80322265625,33000,0.0,0.0
2011-10-25 00:00:00+09:00,533.80322265625,541.3215779049297,526.2848674075705,533.80322265625,42300,0.0,0.0
2011-10-26 00:00:00+09:00,526.284912109375,533.8032679966517,526.284912109375,526.284912109375,34000,0.0,0.0
2011-10-27 00:00:00+09:00,526.2848674075705,533.80322265625,526.2848674075705,533.80322265625,33800,0.0,0.0
2011-10-28 00:00:00+09:00,541.3216238839285,541.3216238839285,526.284912109375,526.284912109375,40200,0.0,0.0
2011-10-31 00:00:00+09:00,526.2848674075705,541.3215779049297,526.2848674075705,533.80322265625,47300,0.0,0.0
2011-11-01 00:00:00+09:00,526.2848674075705,541.3215779049297,518.7665121588909,533.80322265625,40300,0.0,0.0
2011-11-02 00:00:00+09:00,526.2848674075705,533.80322265625,526.2848674075705,533.80322265625,86900,0.0,0.0
2011-11-04 00:00:00+09:00,533.80322265625,541.3215779049297,526.2848674075705,533.80322265625,57100,0.0,0.0
2011-11-07 00:00:00+09:00,533.8031785753038,541.321533203125,526.2848239474827,541.321533203125,117800,0.0,0.0
2011-11-08 00:00:00+09:00,541.3216711956522,541.3216711956522,518.7666015625,518.7666015625,50200,0.0,0.0
2011-11-09 00:00:00+09:00,526.2849581068841,526.2849581068841,518.7666015625,518.7666015625,32200,0.0,0.0
2011-11-10 00:00:00+09:00,511.24824501811594,518.7666015625,496.21153192934787,518.7666015625,76900,0.0,0.0
2011-11-11 00:00:00+09:00,511.24816894531244,518.7665243709788,496.21145809397973,511.2481689453125,56000,0.0,0.0
2011-11-14 00:00:00+09:00,511.2480906016791,511.2480906016791,496.2113820545709,503.729736328125,43400,0.0,0.0
2011-11-15 00:00:00+09:00,496.2113820545709,503.729736328125,488.6930277810168,503.729736328125,55600,0.0,0.0
2011-11-16 00:00:00+09:00,503.72973210261415,511.24808631310094,488.6930236816406,488.6930236816406,23600,0.0,0.0
2011-11-17 00:00:00+09:00,481.1747159090909,496.21142578125,473.6563609730114,496.21142578125,45900,0.0,0.0
2011-11-18 00:00:00+09:00,488.69307084517044,503.72978071732956,481.1747159090909,496.21142578125,48800,0.0,0.0
2011-11-21 00:00:00+09:00,496.2113914489746,496.2113914489746,481.1746826171875,481.1746826171875,22700,0.0,0.0
2011-11-22 00:00:00+09:00,488.6930277810168,503.729736328125,481.17467350746267,503.729736328125,39400,0.0,0.0
2011-11-24 00:00:00+09:00,488.6930236816406,496.21137789212736,488.6930236816406,488.6930236816406,32200,0.0,0.0
2011-11-25 00:00:00+09:00,488.6930236816406,496.21137789212736,488.6930236816406,488.6930236816406,24200,0.0,0.0
2011-11-28 00:00:00+09:00,488.6930236816406,496.21137789212736,488.6930236816406,488.6930236816406,20300,0.0,0.0
2011-11-29 00:00:00+09:00,496.2113820545709,503.729736328125,488.6930277810168,503.729736328125,36700,0.0,0.0
2011-11-30 00:00:00+09:00,503.72978071732956,511.24813565340907,496.21142578125,496.21142578125,56200,0.0,0.0
2011-12-01 00:00:00+09:00,503.7298135196461,511.24816894531244,503.7298135196461,511.2481689453125,24900,0.0,0.0
2011-12-02 00:00:00+09:00,518.7665562220982,526.284912109375,511.2482003348214,526.284912109375,90500,0.0,0.0
2011-12-05 00:00:00+09:00,533.80322265625,533.80322265625,526.2848674075705,533.80322265625,73800,0.0,0.0
2011-12-06 00:00:00+09:00,526.2849581068841,533.8033146512681,518.7666015625,518.7666015625,49300,0.0,0.0
2011-12-07 00:00:00+09:00,511.2482003348214,526.284912109375,511.2482003348214,526.284912109375,48100,0.0,0.0
2011-12-08 00:00:00+09:00,526.2849581068841,533.8033146512681,518.7666015625,518.7666015625,65600,0.0,0.0
2011-12-09 00:00:00+09:00,518.7665243709788,518.7665243709788,511.24816894531244,511.2481689453125,44700,0.0,0.0
2011-12-12 00:00:00+09:00,518.7666015625,526.2849581068841,518.7666015625,518.7666015625,19100,0.0,0.0
2011-12-13 00:00:00+09:00,511.24816894531244,518.7665243709788,511.24816894531244,511.2481689453125,42000,0.0,0.0
2011-12-14 00:00:00+09:00,511.2480906016791,518.7664448752332,503.729736328125,503.729736328125,30700,0.0,0.0
2011-12-15 00:00:00+09:00,503.729736328125,511.2480906016791,503.729736328125,503.729736328125,22300,0.0,0.0
2011-12-16 00:00:00+09:00,511.2480906016791,511.2480906016791,503.729736328125,503.729736328125,23300,0.0,0.0
2011-12-19 00:00:00+09:00,496.21142578125,503.72978071732956,496.21142578125,496.21142578125,36700,0.0,0.0
2011-12-20 00:00:00+09:00,511.24824501811594,518.7666015625,503.72988847373193,518.7666015625,31400,0.0,0.0
2011-12-21 00:00:00+09:00,518.7666015625,518.7666015625,503.72988847373193,518.7666015625,30800,0.0,0.0
2011-12-22 00:00:00+09:00,503.729736328125,511.2480906016791,503.729736328125,503.729736328125,28200,0.0,0.0
2011-12-26 00:00:00+09:00,503.72978071732956,511.24813565340907,496.21142578125,496.21142578125,45500,0.0,0.0
2011-12-27 00:00:00+09:00,488.69303703308105,488.69303703308105,481.1746826171875,481.1746826171875,88300,0.0,0.0
2011-12-28 00:00:00+09:00,488.69307084517044,503.72978071732956,481.1747159090909,496.21142578125,47100,0.0,0.0
2011-12-29 00:00:00+09:00,503.7298135196461,518.7665243709788,496.21145809397973,511.2481689453125,62700,0.0,0.0
2011-12-30 00:00:00+09:00,511.24824501811594,526.2849581068841,511.24824501811594,518.7666015625,27000,0.0,0.0
2012-01-04 00:00:00+09:00,526.2848674075705,533.80322265625,526.2848674075705,533.80322265625,51900,0.0,0.0
2012-01-05 00:00:00+09:00,533.80322265625,541.3215779049297,518.7665121588909,533.80322265625,141000,0.0,0.0
2012-01-06 00:00:00+09:00,533.803195065015,548.8399047851562,533.803195065015,548.8399047851562,105700,0.0,0.0
2012-01-10 00:00:00+09:00,556.358308490954,571.39501953125,541.3215974506579,571.39501953125,198800,0.0,0.0
2012-01-11 00:00:00+09:00,586.4316850142045,586.4316850142045,571.3949751420455,578.913330078125,116700,0.0,0.0
2012-01-12 00:00:00+09:00,578.9133416253168,578.9133416253168,556.3582763671875,556.3582763671875,68700,0.0,0.0
2012-01-13 00:00:00+09:00,556.3583528645834,578.9134212239584,556.3583528645834,563.876708984375,98200,0.0,0.0
2012-01-16 00:00:00+09:00,556.358308490954,578.913375051398,548.8399529708059,571.39501953125,79100,0.0,0.0
2012-01-17 00:00:00+09:00,586.4315973595728,593.949951171875,578.9132435472706,593.949951171875,1652400,0.0,0.0
2012-01-18 00:00:00+09:00,684.1702639557595,699.2069730536882,631.5417821130087,646.5784912109375,747600,0.0,0.0
2012-01-19 00:00:00+09:00,654.0968190973455,676.6518818248402,616.5050478848544,661.6151733398438,566400,0.0,0.0
2012-01-20 00:00:00+09:00,654.096845759902,661.6152003088663,616.50507301508,646.5784912109375,229300,0.0,0.0
2012-01-23 00:00:00+09:00,654.0968190973455,676.6518818248402,646.5784648548473,661.6151733398438,163900,0.0,0.0
2012-01-24 00:00:00+09:00,669.1335275823419,669.1335275823419,646.5784648548473,661.6151733398438,167300,0.0,0.0
2012-01-25 00:00:00+09:00,646.5785995654845,676.6520228010885,646.5785995654845,669.1336669921875,174600,0.0,0.0
2012-01-26 00:00:00+09:00,669.1336347207256,676.6519901670259,646.5785683818248,654.096923828125,120400,0.0,0.0
2012-01-27 00:00:00+09:00,654.096845759902,669.1335548578307,646.5784912109375,646.5784912109375,128800,0.0,0.0
2012-01-30 00:00:00+09:00,646.5785683818248,669.1336347207256,646.5785683818248,654.096923828125,132700,0.0,0.0
2012-01-31 00:00:00+09:00,661.6152003088663,661.6152003088663,646.5784912109375,646.5784912109375,74100,0.0,0.0
2012-02-01 00:00:00+09:00,654.0968269679857,721.762015964674,654.0968269679857,691.6885986328125,773200,0.0,0.0
2012-02-02 00:00:00+09:00,691.6885986328125,699.2069529657779,676.6518899668819,691.6885986328125,168100,0.0,0.0
2012-02-03 00:00:00+09:00,691.6886487458881,721.7620682565789,684.1702938682155,714.2437133789062,518600,0.0,0.0
2012-02-06 00:00:00+09:00,744.3172155761719,751.8355712890625,729.2805041503907,751.8355712890625,707900,0.0,0.0
2012-02-07 00:00:00+09:00,751.8354319562816,759.3537862758444,721.7620146780303,744.3170776367188,686600,0.0,0.0
2012-02-08 00:00:00+09:00,751.8354319562816,751.8354319562816,736.7987233171559,744.3170776367188,293300,0.0,0.0
2012-02-09 00:00:00+09:00,736.7988714402723,736.7988714402723,684.1703806231098,699.2070922851562,514600,0.0,0.0
2012-02-10 00:00:00+09:00,691.6885986328125,706.7253072987432,676.6518899668819,691.6885986328125,242200,0.0,0.0
2012-02-13 00:00:00+09:00,676.6519775390625,684.1703328450521,669.133622233073,676.6519775390625,270100,0.0,0.0
2012-02-14 00:00:00+09:00,676.6520228010885,684.1703786099895,654.0969553743855,669.1336669921875,249900,0.0,0.0
2012-02-15 00:00:00+09:00,669.133622233073,684.1703328450521,661.6152669270833,676.6519775390625,115100,0.0,0.0
2012-02-16 00:00:00+09:00,676.6519775390625,699.2070434570313,676.6519775390625,676.6519775390625,147400,0.0,0.0
2012-02-17 00:00:00+09:00,684.1703491210938,691.688704605941,669.1336381513994,684.1703491210938,132900,0.0,0.0
2012-02-20 00:00:00+09:00,676.6520228010885,676.6520228010885,654.0969553743855,669.1336669921875,156600,0.0,0.0
2012-02-21 00:00:00+09:00,654.096927181705,691.688704605941,654.096927181705,684.1703491210938,204900,0.0,0.0
2012-02-22 00:00:00+09:00,691.6885986328125,691.6885986328125,676.6518899668819,691.6885986328125,149800,0.0,0.0
2012-02-23 00:00:00+09:00,691.6885986328125,691.6885986328125,676.6518899668819,691.6885986328125,46300,0.0,0.0
2012-02-24 00:00:00+09:00,684.1702442998471,699.2069529657779,684.1702442998471,691.6885986328125,158500,0.0,0.0
2012-02-27 00:00:00+09:00,691.6886881510417,699.2070434570313,676.6519775390625,676.6519775390625,159700,0.0,0.0
2012-02-28 00:00:00+09:00,676.6519775390625,676.6519775390625,669.133622233073,676.6519775390625,66600,0.0,0.0
2012-02-29 00:00:00+09:00,676.6519775390625,684.1703328450521,669.133622233073,676.6519775390625,31800,0.0,0.0
2012-03-01 00:00:00+09:00,676.6520228010885,684.1703786099895,661.6153111832865,669.1336669921875,61300,0.0,0.0
2012-03-02 00:00:00+09:00,676.6519936362466,684.1703491210938,669.1336381513994,684.1703491210938,83600,0.0,0.0
2012-03-05 00:00:00+09:00,684.1702442998471,699.2069529657779,676.6518899668819,691.6885986328125,294000,0.0,0.0
2012-03-06 00:00:00+09:00,699.2070922851562,706.7254481161795,684.1703806231098,699.2070922851562,160300,0.0,0.0
2012-03-07 00:00:00+09:00,691.688736454133,699.2070922851562,684.1703806231098,699.2070922851562,66600,0.0,0.0
2012-03-08 00:00:00+09:00,699.2070922851562,699.2070922851562,684.1703806231098,699.2070922851562,62900,0.0,0.0
2012-03-09 00:00:00+09:00,699.2069529657779,699.2069529657779,684.1702442998471,691.6885986328125,73000,0.0,0.0
2012-03-12 00:00:00+09:00,691.6886881510417,699.2070434570313,676.6519775390625,676.6519775390625,104500,0.0,0.0
2012-03-13 00:00:00+09:00,676.6519775390625,684.1703328450521,676.6519775390625,676.6519775390625,43700,0.0,0.0
2012-03-14 00:00:00+09:00,684.1703328450521,691.6886881510417,676.6519775390625,676.6519775390625,65000,0.0,0.0
2012-03-15 00:00:00+09:00,676.6519775390625,684.1703328450521,661.6152669270833,676.6519775390625,107200,0.0,0.0
2012-03-16 00:00:00+09:00,669.1336669921875,676.6520228010885,669.1336669921875,669.1336669921875,32100,0.0,0.0
2012-03-19 00:00:00+09:00,669.133622233073,691.6886881510417,669.133622233073,676.6519775390625,98800,0.0,0.0
2012-03-21 00:00:00+09:00,684.1703328450521,691.6886881510417,676.6519775390625,676.6519775390625,69500,0.0,0.0
2012-03-22 00:00:00+09:00,684.1703328450521,684.1703328450521,669.133622233073,676.6519775390625,44100,0.0,0.0
2012-03-23 00:00:00+09:00,669.133622233073,676.6519775390625,669.133622233073,676.6519775390625,31700,0.0,0.0
2012-03-26 00:00:00+09:00,661.6151733398438,669.1335275823419,661.6151733398438,661.6151733398438,42400,0.0,0.0
2012-03-27 00:00:00+09:00,669.133622233073,676.6519775390625,669.133622233073,676.6519775390625,57700,0.0,0.0
2012-03-28 00:00:00+09:00,676.6518818248402,676.6518818248402,661.6151733398438,661.6151733398438,37000,0.0,0.0
2012-03-29 00:00:00+09:00,669.1335275823419,669.1335275823419,661.6151733398438,661.6151733398438,56900,0.0,0.0
2012-03-30 00:00:00+09:00,669.1335275823419,669.1335275823419,661.6151733398438,661.6151733398438,25300,0.0,0.0
2012-04-02 00:00:00+09:00,669.1336669921875,676.6520228010885,661.6153111832865,669.1336669921875,38200,0.0,0.0
2012-04-03 00:00:00+09:00,669.1336669921875,676.6520228010885,669.1336669921875,669.1336669921875,36000,0.0,0.0
2012-04-04 00:00:00+09:00,676.6519775390625,676.6519775390625,661.6152669270833,676.6519775390625,119400,0.0,0.0
2012-04-05 00:00:00+09:00,676.6519775390625,684.1703328450521,661.6152669270833,676.6519775390625,125800,0.0,0.0
2012-04-06 00:00:00+09:00,669.133622233073,676.6519775390625,661.6152669270833,676.6519775390625,60700,0.0,0.0
2012-04-09 00:00:00+09:00,669.133622233073,676.6519775390625,661.6152669270833,676.6519775390625,50400,0.0,0.0
2012-04-10 00:00:00+09:00,676.6518818248402,676.6518818248402,661.6151733398438,661.6151733398438,39200,0.0,0.0
2012-04-11 00:00:00+09:00,661.6151826746324,661.6151826746324,639.0601196289062,639.0601196289062,107100,0.0,0.0
2012-04-12 00:00:00+09:00,646.5784739774816,646.5784739774816,639.0601196289062,639.0601196289062,67200,0.0,0.0
2012-04-13 00:00:00+09:00,646.5784648548473,661.6151733398438,646.5784648548473,661.6151733398438,74300,0.0,0.0
2012-04-16 00:00:00+09:00,646.578581310454,654.0969369070871,631.5418701171875,631.5418701171875,98200,0.0,0.0
2012-04-17 00:00:00+09:00,631.5417652803309,639.0601196289062,624.0234109317555,639.0601196289062,79100,0.0,0.0
2012-04-18 00:00:00+09:00,646.5784912109375,654.096845759902,631.5417821130087,646.5784912109375,104000,0.0,0.0
2012-04-19 00:00:00+09:00,639.0602257138207,639.0602257138207,631.5418701171875,631.5418701171875,29000,0.0,0.0
2012-04-20 00:00:00+09:00,631.5418701171875,639.0602257138207,624.0235145205544,631.5418701171875,43600,0.0,0.0
2012-04-23 00:00:00+09:00,646.5784739774816,646.5784739774816,631.5417652803309,639.0601196289062,37900,0.0,0.0
2012-04-24 00:00:00+09:00,624.0234375,639.0601468373494,624.0234375,624.0234375,38500,0.0,0.0
2012-04-25 00:00:00+09:00,631.5417652803309,639.0601196289062,624.0234109317555,639.0601196289062,37000,0.0,0.0
2012-04-26 00:00:00+09:00,646.5784912109375,646.5784912109375,631.5417821130087,646.5784912109375,66600,0.0,0.0
2012-04-27 00:00:00+09:00,639.0601925733613,646.5785477801068,616.505126953125,616.505126953125,72600,0.0,0.0
2012-05-01 00:00:00+09:00,616.5051559448242,616.5051559448242,593.950089263916,601.4684448242188,98100,0.0,0.0
2012-05-02 00:00:00+09:00,608.9867281626506,624.0234375,601.4683734939758,624.0234375,73900,0.0,0.0
2012-05-07 00:00:00+09:00,624.0234774076022,624.0234774076022,586.4317016601562,586.4317016601562,112000,0.0,0.0
2012-05-08 00:00:00+09:00,586.4315973595728,593.949951171875,586.4315973595728,593.949951171875,39200,0.0,0.0
2012-05-09 00:00:00+09:00,586.4316967113598,586.4316967113598,548.8399212811445,556.3582763671875,137500,0.0,0.0
2012-05-10 00:00:00+09:00,548.8399529708059,586.431730571546,541.3215974506579,571.39501953125,77900,0.0,0.0
2012-05-11 00:00:00+09:00,563.8766436509684,571.3949988996479,533.80322265625,533.80322265625,98200,0.0,0.0
2012-05-14 00:00:00+09:00,533.8031785753038,556.3582424587674,533.8031785753038,541.321533203125,72000,0.0,0.0
2012-05-15 00:00:00+09:00,533.8031785753038,541.321533203125,518.7664693196615,541.321533203125,116600,0.0,0.0
2012-05-16 00:00:00+09:00,518.7665243709788,533.8032352223115,511.24816894531244,511.2481689453125,98700,0.0,0.0
2012-05-17 00:00:00+09:00,518.7665121588909,541.3215779049297,511.2481569102113,533.80322265625,74500,0.0,0.0
2012-05-18 00:00:00+09:00,518.7665562220982,526.284912109375,511.2482003348214,526.284912109375,44400,0.0,0.0
2012-05-21 00:00:00+09:00,526.284912109375,526.284912109375,511.2482003348214,526.284912109375,50500,0.0,0.0
2012-05-22 00:00:00+09:00,533.8033146512681,541.3216711956522,518.7666015625,518.7666015625,37300,0.0,0.0
2012-05-23 00:00:00+09:00,533.8032679966517,541.3216238839285,526.284912109375,526.284912109375,48200,0.0,0.0
2012-05-24 00:00:00+09:00,533.80322265625,541.3215779049297,533.80322265625,533.80322265625,13900,0.0,0.0
2012-05-25 00:00:00+09:00,541.321533203125,541.321533203125,526.2848239474827,541.321533203125,20500,0.0,0.0
2012-05-28 00:00:00+09:00,541.3215779049297,541.3215779049297,526.2848674075705,533.80322265625,29200,0.0,0.0
2012-05-29 00:00:00+09:00,526.2848560230152,563.8766314532306,526.2848560230152,556.3582763671875,32400,0.0,0.0
2012-05-30 00:00:00+09:00,563.8765970865886,563.8765970865886,541.321533203125,541.321533203125,16100,0.0,0.0
2012-05-31 00:00:00+09:00,541.3215779049297,541.3215779049297,533.80322265625,533.80322265625,29300,0.0,0.0
2012-06-01 00:00:00+09:00,541.321533203125,548.8398878309462,541.321533203125,541.321533203125,33800,0.0,0.0
2012-06-04 00:00:00+09:00,548.8398878309462,548.8398878309462,541.321533203125,541.321533203125,75200,0.0,0.0
2012-06-05 00:00:00+09:00,563.876708984375,563.876708984375,541.321640625,563.876708984375,82000,0.0,0.0
2012-06-06 00:00:00+09:00,578.9133465106671,593.9500568096455,578.9133465106671,586.4317016601562,49700,0.0,0.0
2012-06-07 00:00:00+09:00,601.4683049841773,601.4683049841773,578.9132435472706,593.949951171875,18600,0.0,0.0
2012-06-08 00:00:00+09:00,593.9500399502841,593.9500399502841,571.3949751420455,578.913330078125,33200,0.0,0.0
2012-06-11 00:00:00+09:00,586.43177734375,586.43177734375,563.876708984375,563.876708984375,26900,0.0,0.0
2012-06-12 00:00:00+09:00,556.3583528645834,563.876708984375,548.8399967447917,563.876708984375,19700,0.0,0.0
2012-06-13 00:00:00+09:00,571.3949865392736,571.3949865392736,556.3582763671875,556.3582763671875,12700,0.0,0.0
2012-06-14 00:00:00+09:00,556.3583528645834,563.876708984375,556.3583528645834,563.876708984375,13500,0.0,0.0
2012-06-15 00:00:00+09:00,556.3583528645834,563.876708984375,548.8399967447917,563.876708984375,11400,0.0,0.0
2012-06-18 00:00:00+09:00,571.3949751420455,578.913330078125,563.8766202059659,578.913330078125,14000,0.0,0.0
2012-06-19 00:00:00+09:00,578.913375051398,586.431730571546,563.876664011102,571.39501953125,25300,0.0,0.0
2012-06-20 00:00:00+09:00,578.913375051398,586.431730571546,571.39501953125,571.39501953125,22400,0.0,0.0
2012-06-21 00:00:00+09:00,586.4316850142045,586.4316850142045,571.3949751420455,578.913330078125,28500,0.0,0.0
2012-06-22 00:00:00+09:00,578.9133781433105,601.4684448242188,571.3950225830077,601.4684448242188,48100,0.0,0.0
2012-06-25 00:00:00+09:00,601.4684448242188,616.5051559448242,601.4684448242188,601.4684448242188,21200,0.0,0.0
2012-06-26 00:00:00+09:00,601.4684119591346,608.9867671086238,586.4317016601562,586.4317016601562,23400,0.0,0.0
2012-06-27 00:00:00+09:00,586.4316903573496,608.9867553710938,578.9133353527681,608.9867553710938,49100,0.0,0.0
2012-06-28 00:00:00+09:00,608.9867717463796,616.505126953125,601.4684165396342,616.505126953125,33500,0.0,0.0
2012-06-29 00:00:00+09:00,608.9867717463796,624.0234821598705,608.9867717463796,616.505126953125,38700,0.0,0.0
2012-07-02 00:00:00+09:00,624.0234821598705,624.0234821598705,616.505126953125,616.505126953125,28000,0.0,0.0
2012-07-03 00:00:00+09:00,624.0235145205544,631.5418701171875,616.5051589239212,631.5418701171875,55800,0.0,0.0
2012-07-04 00:00:00+09:00,639.0601925733613,639.0601925733613,616.505126953125,616.505126953125,65900,0.0,0.0
2012-07-05 00:00:00+09:00,608.9868003845214,616.5051559448242,601.4684448242188,601.4684448242188,49500,0.0,0.0
2012-07-06 00:00:00+09:00,601.4684003665124,616.5051103756751,601.4684003665124,608.9867553710938,31100,0.0,0.0
2012-07-09 00:00:00+09:00,593.950045361931,608.9867553710938,593.950045361931,608.9867553710938,33000,0.0,0.0
2012-07-10 00:00:00+09:00,593.949951171875,608.9866587964794,586.4315973595728,593.949951171875,78300,0.0,0.0
2012-07-11 00:00:00+09:00,578.913375051398,578.913375051398,571.39501953125,571.39501953125,29200,0.0,0.0
2012-07-12 00:00:00+09:00,571.3949751420455,578.913330078125,563.8766202059659,578.913330078125,20900,0.0,0.0
2012-07-13 00:00:00+09:00,563.876664011102,586.431730571546,563.876664011102,571.39501953125,41000,0.0,0.0
2012-07-17 00:00:00+09:00,586.4317337036133,601.4684448242188,586.4317337036133,601.4684448242188,37500,0.0,0.0
2012-07-18 00:00:00+09:00,593.9500399502841,593.9500399502841,563.8766202059659,578.913330078125,35000,0.0,0.0
2012-07-19 00:00:00+09:00,563.876664011102,571.39501953125,563.876664011102,571.39501953125,12000,0.0,0.0
2012-07-20 00:00:00+09:00,571.3949865392736,571.3949865392736,556.3582763671875,556.3582763671875,42000,0.0,0.0
2012-07-23 00:00:00+09:00,548.8400277400362,556.3583842844204,518.7666015625,518.7666015625,65700,0.0,0.0
2012-07-24 00:00:00+09:00,518.7665562220982,533.8032679966517,518.7665562220982,526.284912109375,28500,0.0,0.0
2012-07-25 00:00:00+09:00,526.2848797966452,526.2848797966452,511.24816894531244,511.2481689453125,54900,0.0,0.0
2012-07-26 00:00:00+09:00,518.7666015625,541.3216711956522,511.24824501811594,518.7666015625,29800,0.0,0.0
2012-07-27 00:00:00+09:00,533.803195065015,556.3582596452269,533.803195065015,548.8399047851562,27200,0.0,0.0
2012-07-30 00:00:00+09:00,556.3582424587674,563.8765970865886,541.321533203125,541.321533203125,44300,0.0,0.0
2012-07-31 00:00:00+09:00,556.3583326366473,556.3583326366473,548.8399767902062,553.8291015625,17700,0.0,0.0
2012-08-01 00:00:00+09:00,556.3582596452269,556.3582596452269,548.8399047851562,548.8399047851562,9200,0.0,0.0
2012-08-02 00:00:00+09:00,548.8399967447917,563.876708984375,548.8399967447917,563.876708984375,16800,0.0,0.0
2012-08-03 00:00:00+09:00,563.8766314532306,563.8766314532306,548.8399212811445,556.3582763671875,33800,0.0,0.0
2012-08-06 00:00:00+09:00,563.8766436509684,563.8766436509684,533.80322265625,533.80322265625,67700,0.0,0.0
2012-08-07 00:00:00+09:00,526.284912109375,533.8032679966517,518.7665562220982,526.284912109375,43400,0.0,0.0
2012-08-08 00:00:00+09:00,526.2848674075705,541.3215779049297,518.7665121588909,533.80322265625,177600,0.0,0.0
2012-08-09 00:00:00+09:00,518.7665243709788,533.8032352223115,511.24816894531244,511.2481689453125,31000,0.0,0.0
2012-08-10 00:00:00+09:00,518.7666015625,526.2849581068841,518.7666015625,518.7666015625,19900,0.0,0.0
2012-08-13 00:00:00+09:00,526.2849581068841,526.2849581068841,511.24824501811594,518.7666015625,45300,0.0,0.0
2012-08-14 00:00:00+09:00,518.7665562220982,533.8032679966517,518.7665562220982,526.284912109375,38500,0.0,0.0
2012-08-15 00:00:00+09:00,526.284912109375,548.8399797712053,518.7665562220982,526.284912109375,70400,0.0,0.0
2012-08-16 00:00:00+09:00,518.7665121588909,533.80322265625,518.7665121588909,533.80322265625,36600,0.0,0.0
2012-08-17 00:00:00+09:00,533.8031785753038,541.321533203125,533.8031785753038,541.321533203125,23900,0.0,0.0
2012-08-20 00:00:00+09:00,541.3215779049297,548.8399331536092,533.80322265625,533.80322265625,28600,0.0,0.0
2012-08-21 00:00:00+09:00,541.3215499250856,548.8399047851562,541.3215499250856,548.8399047851562,25300,0.0,0.0
2012-08-22 00:00:00+09:00,556.3582596452269,556.3582596452269,548.8399047851562,548.8399047851562,36000,0.0,0.0
2012-08-23 00:00:00+09:00,548.8399047851562,548.8399047851562,541.3215499250856,548.8399047851562,20600,0.0,0.0
2012-08-24 00:00:00+09:00,533.8032679966517,541.3216238839285,526.284912109375,526.284912109375,17600,0.0,0.0
2012-08-27 00:00:00+09:00,526.2848674075705,541.3215779049297,526.2848674075705,533.80322265625,17700,0.0,0.0
2012-08-28 00:00:00+09:00,541.3215779049297,541.3215779049297,526.2848674075705,533.80322265625,22600,0.0,0.0
2012-08-29 00:00:00+09:00,533.8033146512681,533.8033146512681,518.7666015625,518.7666015625,26200,0.0,0.0
2012-08-30 00:00:00+09:00,526.2849581068841,526.2849581068841,518.7666015625,518.7666015625,24000,0.0,0.0
2012-08-31 00:00:00+09:00,518.7664448752332,518.7664448752332,503.729736328125,503.729736328125,48300,0.0,0.0
2012-09-03 00:00:00+09:00,511.24816894531244,518.7665243709788,511.24816894531244,511.2481689453125,18300,0.0,0.0
2012-09-04 00:00:00+09:00,526.284912109375,526.284912109375,503.7298444475446,526.284912109375,79100,0.0,0.0
2012-09-05 00:00:00+09:00,526.2848797966452,526.2848797966452,503.7298135196461,511.2481689453125,70300,0.0,0.0
2012-09-06 00:00:00+09:00,503.729736328125,511.2480906016791,503.729736328125,503.729736328125,27800,0.0,0.0
2012-09-07 00:00:00+09:00,511.24816894531244,518.7665243709788,503.7298135196461,511.2481689453125,58800,0.0,0.0
2012-09-10 00:00:00+09:00,503.729736328125,511.2480906016791,503.729736328125,503.729736328125,24500,0.0,0.0
2012-09-11 00:00:00+09:00,496.21142578125,503.72978071732956,488.69307084517044,496.21142578125,60000,0.0,0.0
2012-09-12 00:00:00+09:00,496.21142578125,503.72978071732956,496.21142578125,496.21142578125,46000,0.0,0.0
2012-09-13 00:00:00+09:00,496.21142578125,503.72978071732956,488.69307084517044,496.21142578125,49200,0.0,0.0
2012-09-14 00:00:00+09:00,496.21145809397973,511.24816894531244,496.21145809397973,511.2481689453125,79400,0.0,0.0
2012-09-18 00:00:00+09:00,503.72988847373193,518.7666015625,503.72988847373193,518.7666015625,82900,0.0,0.0
2012-09-19 00:00:00+09:00,518.7664448752332,518.7664448752332,503.729736328125,503.729736328125,98000,0.0,0.0
2012-09-20 00:00:00+09:00,511.24813565340907,518.7664905894886,496.21142578125,496.21142578125,105000,0.0,0.0
2012-09-21 00:00:00+09:00,496.2113820545709,511.2480906016791,496.2113820545709,503.729736328125,103600,0.0,0.0
2012-09-24 00:00:00+09:00,511.24824501811594,518.7666015625,503.72988847373193,518.7666015625,39800,0.0,0.0
2012-09-25 00:00:00+09:00,511.24824501811594,526.2849581068841,511.24824501811594,518.7666015625,44700,0.0,0.0
2012-09-26 00:00:00+09:00,518.7666015625,518.7666015625,511.24824501811594,518.7666015625,30000,0.0,0.0
2012-09-27 00:00:00+09:00,511.24824501811594,518.7666015625,511.24824501811594,518.7666015625,8800,0.0,0.0
2012-09-28 00:00:00+09:00,518.7665562220982,526.284912109375,518.7665562220982,526.284912109375,55300,0.0,0.0
2012-10-01 00:00:00+09:00,518.7665243709788,526.2848797966452,511.24816894531244,511.2481689453125,13100,0.0,0.0
2012-10-02 00:00:00+09:00,518.7665243709788,518.7665243709788,511.24816894531244,511.2481689453125,23900,0.0,0.0
2012-10-03 00:00:00+09:00,511.2480906016791,518.7664448752332,503.729736328125,503.729736328125,30400,0.0,0.0
2012-10-04 00:00:00+09:00,518.7666015625,518.7666015625,511.24824501811594,518.7666015625,61200,0.0,0.0
2012-10-05 00:00:00+09:00,518.7666015625,518.7666015625,511.24824501811594,518.7666015625,81900,0.0,0.0
2012-10-09 00:00:00+09:00,511.2480906016791,518.7664448752332,503.729736328125,503.729736328125,9000,0.0,0.0
2012-10-10 00:00:00+09:00,496.21142578125,503.72978071732956,496.21142578125,496.21142578125,54400,0.0,0.0
2012-10-11 00:00:00+09:00,496.21142578125,503.72978071732956,496.21142578125,496.21142578125,21500,0.0,0.0
2012-10-12 00:00:00+09:00,496.21137789212736,496.21137789212736,488.6930236816406,488.6930236816406,25400,0.0,0.0
2012-10-15 00:00:00+09:00,496.21142578125,496.21142578125,488.69307084517044,496.21142578125,25400,0.0,0.0
2012-10-16 00:00:00+09:00,503.7298135196461,511.24816894531244,496.21145809397973,511.2481689453125,25000,0.0,0.0
2012-10-17 00:00:00+09:00,511.2480906016791,518.7664448752332,496.2113820545709,503.729736328125,159900,0.0,0.0
2012-10-18 00:00:00+09:00,511.2480906016791,511.2480906016791,503.729736328125,503.729736328125,58700,0.0,0.0
2012-10-19 00:00:00+09:00,511.24824501811594,518.7666015625,511.24824501811594,518.7666015625,52600,0.0,0.0
2012-10-22 00:00:00+09:00,511.2482003348214,526.284912109375,511.2482003348214,526.284912109375,44500,0.0,0.0
2012-10-23 00:00:00+09:00,526.2849581068841,533.8033146512681,518.7666015625,518.7666015625,22100,0.0,0.0
2012-10-24 00:00:00+09:00,511.24824501811594,526.2849581068841,511.24824501811594,518.7666015625,12100,0.0,0.0
2012-10-25 00:00:00+09:00,518.7664693196615,541.321533203125,518.7664693196615,541.321533203125,73500,0.0,0.0
2012-10-26 00:00:00+09:00,541.3216711956522,541.3216711956522,518.7666015625,518.7666015625,53300,0.0,0.0
2012-10-29 00:00:00+09:00,526.284912109375,533.8032679966517,518.7665562220982,526.284912109375,21100,0.0,0.0
2012-10-30 00:00:00+09:00,526.2849581068841,533.8033146512681,518.7666015625,518.7666015625,31200,0.0,0.0
2012-10-31 00:00:00+09:00,526.2848239474827,541.321533203125,518.7664693196615,541.321533203125,50600,0.0,0.0
2012-11-01 00:00:00+09:00,533.80322265625,541.3215779049297,533.80322265625,533.80322265625,38500,0.0,0.0
2012-11-02 00:00:00+09:00,541.321533203125,548.8398878309462,533.8031785753038,541.321533203125,52800,0.0,0.0
2012-11-05 00:00:00+09:00,541.3216711956522,548.8400277400362,511.24824501811594,518.7666015625,117700,0.0,0.0
2012-11-06 00:00:00+09:00,518.7665121588909,533.80322265625,511.2481569102113,533.80322265625,64900,0.0,0.0
2012-11-07 00:00:00+09:00,526.284912109375,533.8032679966517,526.284912109375,526.284912109375,15400,0.0,0.0
2012-11-08 00:00:00+09:00,526.2849581068841,526.2849581068841,518.7666015625,518.7666015625,12200,0.0,0.0
2012-11-09 00:00:00+09:00,518.7665243709788,526.2848797966452,511.24816894531244,511.2481689453125,34500,0.0,0.0
2012-11-12 00:00:00+09:00,518.7665562220982,526.284912109375,511.2482003348214,526.284912109375,44100,0.0,0.0
2012-11-13 00:00:00+09:00,518.7665243709788,518.7665243709788,511.24816894531244,511.2481689453125,12900,0.0,0.0
2012-11-14 00:00:00+09:00,511.2480906016791,518.7664448752332,503.729736328125,503.729736328125,85000,0.0,0.0
2012-11-15 00:00:00+09:00,518.7664693196615,548.8398878309462,511.2481146918403,541.321533203125,173400,0.0,0.0
2012-11-16 00:00:00+09:00,541.3215499250856,556.3582596452269,541.3215499250856,548.8399047851562,74800,0.0,0.0
2012-11-19 00:00:00+09:00,556.3582596452269,563.8766145052975,548.8399047851562,548.8399047851562,125100,0.0,0.0
2012-11-20 00:00:00+09:00,563.8766314532306,571.3949865392736,548.8399212811445,556.3582763671875,131200,0.0,0.0
2012-11-21 00:00:00+09:00,548.8399047851562,556.3582596452269,533.803195065015,548.8399047851562,88300,0.0,0.0
2012-11-22 00:00:00+09:00,548.8399047851562,556.3582596452269,541.3215499250856,548.8399047851562,41000,0.0,0.0
2012-11-26 00:00:00+09:00,556.3582596452269,563.8766145052975,548.8399047851562,548.8399047851562,67000,0.0,0.0
2012-11-27 00:00:00+09:00,548.8399967447917,571.3950651041667,548.8399967447917,563.876708984375,181600,0.0,0.0
2012-11-28 00:00:00+09:00,563.8766145052975,563.8766145052975,548.8399047851562,548.8399047851562,61300,0.0,0.0
2012-11-29 00:00:00+09:00,563.876664011102,578.913375051398,556.358308490954,571.39501953125,125400,0.0,0.0
2012-11-30 00:00:00+09:00,578.913330078125,578.913330078125,571.3949751420455,578.913330078125,67000,0.0,0.0
2012-12-03 00:00:00+09:00,684.1702457203585,691.6886000689339,631.5417652803309,639.0601196289062,942400,0.0,0.0
2012-12-04 00:00:00+09:00,646.578501506024,646.578501506024,608.9867281626506,624.0234375,286500,0.0,0.0
2012-12-05 00:00:00+09:00,631.5418701171875,631.5418701171875,616.5051589239212,631.5418701171875,144100,0.0,0.0
2012-12-06 00:00:00+09:00,631.5418574892242,661.6152792744253,631.5418574892242,654.096923828125,272900,0.0,0.0
2012-12-07 00:00:00+09:00,654.0968190973455,669.1335275823419,639.060110612349,661.6151733398438,398600,0.0,0.0
2012-12-10 00:00:00+09:00,669.1335370232077,676.6518913717831,639.0601196289062,639.0601196289062,301100,0.0,0.0
2012-12-11 00:00:00+09:00,639.0601196289062,646.5784739774816,624.0234109317555,639.0601196289062,133000,0.0,0.0
2012-12-12 00:00:00+09:00,639.0601196289062,646.5784739774816,639.0601196289062,639.0601196289062,65700,0.0,0.0
2012-12-13 00:00:00+09:00,639.0601196289062,654.096828326057,639.0601196289062,639.0601196289062,116000,0.0,0.0
2012-12-14 00:00:00+09:00,654.0968190973455,669.1335275823419,646.5784648548473,661.6151733398438,391200,0.0,0.0
2012-12-17 00:00:00+09:00,669.133622233073,684.1703328450521,661.6152669270833,676.6519775390625,559000,0.0,0.0
2012-12-18 00:00:00+09:00,684.1702938682155,714.2437133789062,676.6519389905427,714.2437133789062,437500,0.0,0.0
2012-12-19 00:00:00+09:00,736.7988160388304,766.8722371016398,729.2804607731281,759.3538818359375,917200,0.0,0.0
2012-12-20 00:00:00+09:00,759.35383755553,781.9089020373774,751.8354827282475,766.8721923828125,715800,0.0,0.0
2012-12-21 00:00:00+09:00,781.908994140625,796.9457055664063,729.2805041503907,751.8355712890625,750400,0.0,0.0
2012-12-25 00:00:00+09:00,766.8722694174758,781.9089805825242,759.3539138349515,774.390625,306400,0.0,0.0
2012-12-26 00:00:00+09:00,774.3905366443452,789.42724609375,766.8721819196428,789.42724609375,298400,0.0,0.0
2012-12-27 00:00:00+09:00,789.4273361650486,789.4273361650486,766.8722694174758,774.390625,308600,0.0,0.0
2012-12-28 00:00:00+09:00,774.3905923673422,774.3905923673422,736.7988160388304,759.3538818359375,273500,0.0,0.0
2013-01-04 00:00:00+09:00,789.42724609375,789.42724609375,766.8721819196428,789.42724609375,327500,0.0,0.0
2013-01-07 00:00:00+09:00,811.9823651994977,857.0924965994699,796.9456547328404,842.0557861328125,732200,0.0,0.0
2013-01-08 00:00:00+09:00,842.0557942708333,924.7577026367188,842.0557942708333,902.20263671875,1038700,0.0,0.0
2013-01-09 00:00:00+09:00,887.1658876953124,939.7943725585938,872.129177734375,939.7943725585938,793500,0.0,0.0
2013-01-10 00:00:00+09:00,977.386072229456,1045.0512618453415,969.867717827691,1014.9778442382812,1318300,0.0,0.0
2013-01-11 00:00:00+09:00,1014.9778269298041,1037.5328897504664,984.9044098355877,1007.45947265625,793700,0.0,0.0
2013-01-15 00:00:00+09:00,1030.0145354769122,1030.0145354769122,992.4227641091418,1007.45947265625,461000,0.0,0.0
2013-01-16 00:00:00+09:00,992.4227557842547,1014.9778184157151,962.3493389423077,977.3860473632812,432400,0.0,0.0
2013-01-17 00:00:00+09:00,954.8311742767086,969.867885682641,894.6843286529789,924.7577514648438,513100,0.0,0.0
2013-01-18 00:00:00+09:00,939.7944628707762,954.8311742767086,909.7210400589114,924.7577514648438,438200,0.0,0.0
2013-01-21 00:00:00+09:00,924.7577354556224,932.2760910284323,887.1659575915727,917.2393798828125,273100,0.0,0.0
2013-01-22 00:00:00+09:00,924.7577354556224,939.7944466012423,909.7210243100026,917.2393798828125,226800,0.0,0.0
2013-01-23 00:00:00+09:00,902.202645360896,902.202645360896,849.5741577148438,849.5741577148438,321500,0.0,0.0
2013-01-24 00:00:00+09:00,834.5373766668911,879.6475051353717,827.0190219221444,872.129150390625,326200,0.0,0.0
2013-01-25 00:00:00+09:00,887.165934604881,894.6842899828885,842.0558023368362,849.5741577148438,278800,0.0,0.0
2013-01-28 00:00:00+09:00,857.0924965994699,879.6475622994559,842.0557861328125,842.0557861328125,282200,0.0,0.0
2013-01-29 00:00:00+09:00,834.5374755859375,857.0925424936656,834.5374755859375,834.5374755859375,230100,0.0,0.0
2013-01-30 00:00:00+09:00,842.0557942708333,924.7577026367188,842.0557942708333,902.20263671875,715300,0.0,0.0
2013-01-31 00:00:00+09:00,924.7576571377841,932.2760120738636,894.6842373934659,909.720947265625,311700,0.0,0.0
2013-02-01 00:00:00+09:00,924.7576571377841,924.7576571377841,902.2025923295455,909.720947265625,218700,0.0,0.0
2013-02-04 00:00:00+09:00,917.2393473307292,917.2393473307292,879.6475708007813,902.20263671875,239100,0.0,0.0
2013-02-05 00:00:00+09:00,879.6475385245631,917.2393136751854,879.6475385245631,887.1658935546875,228000,0.0,0.0
2013-02-06 00:00:00+09:00,894.684248584812,909.7209586450609,887.1658935546875,887.1658935546875,249500,0.0,0.0
2013-02-07 00:00:00+09:00,819.5007643141189,842.0558312218469,789.4273417704815,834.5374755859375,851800,0.0,0.0
2013-02-08 00:00:00+09:00,834.5373281802772,834.5373281802772,796.945556640625,796.945556640625,314400,0.0,0.0
2013-02-12 00:00:00+09:00,804.4640473300971,811.9824029126214,766.8722694174758,774.390625,275700,0.0,0.0
2013-02-13 00:00:00+09:00,766.8721405954071,774.39049491497,736.7987233171559,744.3170776367188,320900,0.0,0.0
2013-02-14 00:00:00+09:00,729.2804727359694,744.3171835140306,721.7621173469388,736.798828125,264500,0.0,0.0
2013-02-15 00:00:00+09:00,714.2436616317086,729.2803702976393,669.1335356339165,691.6885986328125,327500,0.0,0.0
2013-02-18 00:00:00+09:00,706.7253060389047,766.8721405954071,706.7253060389047,744.3170776367188,268400,0.0,0.0
2013-02-19 00:00:00+09:00,736.7987471360426,781.9088745117188,736.7987471360426,781.9088745117188,253200,0.0,0.0
2013-02-20 00:00:00+09:00,789.4272568646599,811.9823213465073,766.8721923828125,766.8721923828125,262900,0.0,0.0
2013-02-21 00:00:00+09:00,774.3905366443452,789.42724609375,766.8721819196428,789.42724609375,150500,0.0,0.0
2013-02-22 00:00:00+09:00,781.9088745117188,789.4272290743314,766.8721653864934,781.9088745117188,212600,0.0,0.0
2013-02-25 00:00:00+09:00,789.42724609375,804.4639555431547,774.3905366443452,789.42724609375,200400,0.0,0.0
2013-02-26 00:00:00+09:00,759.35383755553,774.390547210095,759.35383755553,766.8721923828125,134600,0.0,0.0
2013-02-27 00:00:00+09:00,774.3905199491061,796.9455836369441,766.8721653864934,781.9088745117188,306000,0.0,0.0
2013-02-28 00:00:00+09:00,789.4272568646599,796.9456116919424,766.8721923828125,766.8721923828125,142900,0.0,0.0
2013-03-01 00:00:00+09:00,774.3905923673422,781.9089476330445,759.3538818359375,759.3538818359375,190600,0.0,0.0
2013-03-04 00:00:00+09:00,766.8722694174758,774.390625,766.8722694174758,774.390625,118900,0.0,0.0
2013-03-05 00:00:00+09:00,774.3905923673422,774.3905923673422,759.3538818359375,759.3538818359375,107700,0.0,0.0
2013-03-06 00:00:00+09:00,766.8722694174758,789.4273361650486,759.3539138349515,774.390625,214700,0.0,0.0
2013-03-07 00:00:00+09:00,781.9089020373774,789.4272568646599,766.8721923828125,766.8721923828125,150700,0.0,0.0
2013-03-08 00:00:00+09:00,766.8721923828125,781.9089020373774,766.8721923828125,766.8721923828125,231800,0.0,0.0
2013-03-11 00:00:00+09:00,774.3905199491061,789.4272290743314,774.3905199491061,781.9088745117188,229900,0.0,0.0
2013-03-12 00:00:00+09:00,781.9089476330445,781.9089476330445,759.3538818359375,759.3538818359375,174200,0.0,0.0
2013-03-13 00:00:00+09:00,759.3538818359375,774.3905923673422,751.8355265702351,759.3538818359375,119400,0.0,0.0
2013-03-14 00:00:00+09:00,759.3539270019531,766.8722827148438,751.8355712890625,751.8355712890625,78500,0.0,0.0
2013-03-15 00:00:00+09:00,759.3539138349515,774.390625,751.8355582524272,774.390625,201900,0.0,0.0
2013-03-18 00:00:00+09:00,774.3905923673422,774.3905923673422,759.3538818359375,759.3538818359375,78000,0.0,0.0
2013-03-19 00:00:00+09:00,766.8722827148438,781.908994140625,751.8355712890625,751.8355712890625,157500,0.0,0.0
2013-03-21 00:00:00+09:00,759.3538271949404,789.42724609375,751.8354724702381,789.42724609375,306000,0.0,0.0
2013-03-22 00:00:00+09:00,781.9089476330445,781.9089476330445,759.3538818359375,759.3538818359375,151500,0.0,0.0
2013-03-25 00:00:00+09:00,766.8722371016398,774.3905923673422,759.3538818359375,759.3538818359375,73400,0.0,0.0
2013-03-26 00:00:00+09:00,759.3539270019531,759.3539270019531,751.8355712890625,751.8355712890625,89500,0.0,0.0
2013-03-27 00:00:00+09:00,751.8354827282475,774.390547210095,751.8354827282475,766.8721923828125,149000,0.0,0.0
2013-03-28 00:00:00+09:00,766.8722827148438,766.8722827148438,744.3172155761719,751.8355712890625,142200,0.0,0.0
2013-03-29 00:00:00+09:00,751.8354319562816,759.3537862758444,744.3170776367188,744.3170776367188,66700,0.0,0.0
2013-04-01 00:00:00+09:00,751.8355687459309,751.8355687459309,721.7621459960938,721.7621459960938,123000,0.0,0.0
2013-04-02 00:00:00+09:00,691.688736454133,714.2438039472027,676.6520247920868,699.2070922851562,204100,0.0,0.0
2013-04-03 00:00:00+09:00,706.7254638671875,721.7621758643617,699.2071078686004,706.7254638671875,151300,0.0,0.0
2013-04-04 00:00:00+09:00,706.7253908766913,729.2804565429688,691.6886804325064,729.2804565429688,115100,0.0,0.0
2013-04-05 00:00:00+09:00,759.3538942920918,759.3538942920918,729.2804727359694,736.798828125,168600,0.0,0.0
2013-04-08 00:00:00+09:00,744.3171016986554,781.9088745117188,736.7987471360426,781.9088745117188,297100,0.0,0.0
2013-04-09 00:00:00+09:00,796.9455836369441,804.4639381995568,766.8721653864934,781.9088745117188,340000,0.0,0.0
2013-04-10 00:00:00+09:00,781.9088913690476,796.9456008184524,774.3905366443452,789.42724609375,177800,0.0,0.0
2013-04-11 00:00:00+09:00,796.9456917475728,804.4640473300971,774.390625,774.390625,181600,0.0,0.0
2013-04-12 00:00:00+09:00,774.390547210095,774.390547210095,759.35383755553,766.8721923828125,184600,0.0,0.0
2013-04-15 00:00:00+09:00,774.3905923673422,781.9089476330445,759.3538818359375,759.3538818359375,134300,0.0,0.0
2013-04-16 00:00:00+09:00,751.8355712890625,766.8722827148438,751.8355712890625,751.8355712890625,88100,0.0,0.0
2013-04-17 00:00:00+09:00,766.8721923828125,774.390547210095,759.35383755553,766.8721923828125,164000,0.0,0.0
2013-04-18 00:00:00+09:00,766.8721923828125,781.9089020373774,766.8721923828125,766.8721923828125,163400,0.0,0.0
2013-04-19 00:00:00+09:00,766.8721923828125,781.9089020373774,759.35383755553,766.8721923828125,155700,0.0,0.0
2013-04-22 00:00:00+09:00,781.9089861345722,842.0558312218469,781.9089861345722,834.5374755859375,1000400,0.0,0.0
2013-04-23 00:00:00+09:00,879.6476020187628,947.3128021740522,864.6108908731429,917.2393798828125,2164800,0.0,0.0
2013-04-24 00:00:00+09:00,932.2761840820312,939.7945404052734,879.6476898193359,932.2761840820312,987000,0.0,0.0
2013-04-25 00:00:00+09:00,932.2760237354344,939.7943787655588,849.5741184040652,887.1658935546875,924800,0.0,0.0
2013-04-26 00:00:00+09:00,902.2026492387821,909.7210046491053,864.6108721871661,879.6475830078125,329400,0.0,0.0
2013-04-30 00:00:00+09:00,879.6475385245631,887.1658935546875,864.6108284643141,887.1658935546875,180500,0.0,0.0
2013-05-01 00:00:00+09:00,879.6475385245631,902.2026036149365,879.6475385245631,887.1658935546875,185300,0.0,0.0
2013-05-02 00:00:00+09:00,879.6475830078125,879.6475830078125,864.6108721871661,879.6475830078125,118800,0.0,0.0
2013-05-07 00:00:00+09:00,894.6842373934659,909.720947265625,879.6475275213069,909.720947265625,328300,0.0,0.0
2013-05-08 00:00:00+09:00,917.2393798828125,932.2760910284323,902.2026687371925,917.2393798828125,390800,0.0,0.0
2013-05-09 00:00:00+09:00,917.2393306443672,917.2393306443672,887.1659099675027,894.6842651367188,208700,0.0,0.0
2013-05-10 00:00:00+09:00,909.7209241143588,909.7209241143588,864.6107956458782,872.129150390625,245500,0.0,0.0
2013-05-13 00:00:00+09:00,864.6108721871661,879.6475830078125,864.6108721871661,879.6475830078125,156100,0.0,0.0
2013-05-14 00:00:00+09:00,872.1291996290704,894.6842651367188,857.0924892906381,894.6842651367188,292600,0.0,0.0
2013-05-15 00:00:00+09:00,894.684370609752,894.684370609752,857.0925903320312,857.0925903320312,336300,0.0,0.0
2013-05-16 00:00:00+09:00,849.5741537951549,857.0925091384748,781.9089557052753,819.500732421875,401200,0.0,0.0
2013-05-17 00:00:00+09:00,811.9823843149039,879.6475830078125,804.4640289045807,879.6475830078125,242900,0.0,0.0
2013-05-20 00:00:00+09:00,902.2026492387821,902.2026492387821,879.6475830078125,879.6475830078125,133000,0.0,0.0
2013-05-21 00:00:00+09:00,879.6475051353717,879.6475051353717,864.6107956458782,872.129150390625,182900,0.0,0.0
2013-05-22 00:00:00+09:00,879.6475275213069,917.2393022017045,872.1291725852273,909.720947265625,715900,0.0,0.0
2013-05-23 00:00:00+09:00,909.7209832327707,917.2393384660993,811.9823651994977,842.0557861328125,519700,0.0,0.0
2013-05-24 00:00:00+09:00,842.0557861328125,864.6108518327985,804.4640099661691,842.0557861328125,303400,0.0,0.0
2013-05-27 00:00:00+09:00,811.9822927621694,819.5006473247821,781.9088745117188,781.9088745117188,232800,0.0,0.0
2013-05-28 00:00:00+09:00,781.9089834623247,804.4640502929688,774.3906278521101,804.4640502929688,196900,0.0,0.0
2013-05-29 00:00:00+09:00,811.9822652564859,819.5006195644163,796.945556640625,796.945556640625,128200,0.0,0.0
2013-05-30 00:00:00+09:00,789.4272568646599,796.9456116919424,766.8721923828125,766.8721923828125,149900,0.0,0.0
2013-05-31 00:00:00+09:00,796.9456116919424,796.9456116919424,766.8721923828125,766.8721923828125,117500,0.0,0.0
2013-06-03 00:00:00+09:00,766.8722496811224,774.390605070153,736.798828125,736.798828125,176700,0.0,0.0
2013-06-04 00:00:00+09:00,736.7987730736826,766.8721923828125,721.7620634191176,766.8721923828125,240900,0.0,0.0
2013-06-05 00:00:00+09:00,774.39049491497,804.4639121932213,744.3170776367188,744.3170776367188,347900,0.0,0.0
2013-06-06 00:00:00+09:00,729.280501683553,744.3172130584717,714.2437903086344,721.7621459960938,379100,0.0,0.0
2013-06-07 00:00:00+09:00,706.7253072987432,714.2436616317086,661.6151813009511,691.6885986328125,467400,0.0,0.0
2013-06-10 00:00:00+09:00,714.2437133789062,729.2804231342516,706.7253585012336,714.2437133789062,202500,0.0,0.0
2013-06-11 00:00:00+09:00,714.2437903086344,744.3172130584717,714.2437903086344,721.7621459960938,199700,0.0,0.0
2013-06-12 00:00:00+09:00,706.7253908766913,729.2804565429688,699.2070356545988,729.2804565429688,141100,0.0,0.0
2013-06-13 00:00:00+09:00,714.2436616317086,714.2436616317086,691.6885986328125,691.6885986328125,141200,0.0,0.0
2013-06-14 00:00:00+09:00,699.2069529657779,714.2436616317086,684.1702442998471,691.6885986328125,177600,0.0,0.0
2013-06-17 00:00:00+09:00,684.1702442998471,714.2436616317086,684.1702442998471,691.6885986328125,274600,0.0,0.0
2013-06-18 00:00:00+09:00,699.2069529657779,706.7253072987432,684.1702442998471,691.6885986328125,348600,0.0,0.0
2013-06-19 00:00:00+09:00,699.2069529657779,706.7253072987432,676.6518899668819,691.6885986328125,409000,0.0,0.0
2013-06-20 00:00:00+09:00,684.1703491210938,691.688704605941,684.1703491210938,684.1703491210938,90900,0.0,0.0
2013-06-21 00:00:00+09:00,676.6518899668819,691.6885986328125,669.1335356339165,691.6885986328125,240500,0.0,0.0
2013-06-24 00:00:00+09:00,691.6885986328125,699.2069529657779,684.1702442998471,691.6885986328125,162900,0.0,0.0
2013-06-25 00:00:00+09:00,691.6887344188904,691.6887344188904,669.1336669921875,669.1336669921875,116500,0.0,0.0
2013-06-26 00:00:00+09:00,676.6518818248402,684.1702360673384,661.6151733398438,661.6151733398438,159100,0.0,0.0
2013-06-27 00:00:00+09:00,669.1336669921875,676.6520228010885,654.0969553743855,669.1336669921875,132600,0.0,0.0
2013-06-28 00:00:00+09:00,676.6518899668819,691.6885986328125,676.6518899668819,691.6885986328125,127500,0.0,0.0
2013-07-01 00:00:00+09:00,699.2070922851562,706.7254481161795,691.688736454133,699.2070922851562,181200,0.0,0.0
2013-07-02 00:00:00+09:00,706.7253908766913,744.3171669871537,699.2070356545988,729.2804565429688,281400,0.0,0.0
2013-07-03 00:00:00+09:00,744.3171669871537,751.835522209246,721.7621013208762,729.2804565429688,244900,0.0,0.0
2013-07-04 00:00:00+09:00,736.7987233171559,751.8354319562816,736.7987233171559,744.3170776367188,211300,0.0,0.0
2013-07-05 00:00:00+09:00,751.8355582524272,774.390625,751.8355582524272,774.390625,329500,0.0,0.0
2013-07-08 00:00:00+09:00,789.4272290743314,804.4639381995568,774.3905199491061,781.9088745117188,409200,0.0,0.0
2013-07-09 00:00:00+09:00,781.9088745117188,789.4272290743314,766.8721653864934,781.9088745117188,170300,0.0,0.0
2013-07-10 00:00:00+09:00,781.9088745117188,796.9455836369441,774.3905199491061,781.9088745117188,153300,0.0,0.0
2013-07-11 00:00:00+09:00,766.8721653864934,781.9088745117188,759.3538108238807,781.9088745117188,315500,0.0,0.0
2013-07-12 00:00:00+09:00,781.9089020373774,781.9089020373774,766.8721923828125,766.8721923828125,231500,0.0,0.0
2013-07-16 00:00:00+09:00,781.9089805825242,781.9089805825242,774.390625,774.390625,203400,0.0,0.0
2013-07-17 00:00:00+09:00,774.390625,789.4273361650486,766.8722694174758,774.390625,173000,0.0,0.0
2013-07-18 00:00:00+09:00,781.9088745117188,789.4272290743314,774.3905199491061,781.9088745117188,523000,0.0,0.0
2013-07-19 00:00:00+09:00,781.9088913690476,796.9456008184524,774.3905366443452,789.42724609375,198500,0.0,0.0
2013-07-22 00:00:00+09:00,781.9088745117188,789.4272290743314,774.3905199491061,781.9088745117188,161100,0.0,0.0
2013-07-23 00:00:00+09:00,781.9089805825242,781.9089805825242,774.390625,774.390625,79100,0.0,0.0
2013-07-24 00:00:00+09:00,774.390547210095,781.9089020373774,766.8721923828125,766.8721923828125,83100,0.0,0.0
2013-07-25 00:00:00+09:00,766.8722827148438,766.8722827148438,744.3172155761719,751.8355712890625,116300,0.0,0.0
2013-07-26 00:00:00+09:00,736.7987233171559,751.8354319562816,736.7987233171559,744.3170776367188,133200,0.0,0.0
2013-07-29 00:00:00+09:00,714.2436616317086,721.762015964674,691.6885986328125,691.6885986328125,241500,0.0,0.0
2013-07-30 00:00:00+09:00,699.2070789337158,729.280501683553,691.6887232462565,721.7621459960938,124800,0.0,0.0
2013-07-31 00:00:00+09:00,721.7621459960938,729.280501683553,706.725434621175,721.7621459960938,110100,0.0,0.0
2013-08-01 00:00:00+09:00,714.2437927246094,751.8355712890625,714.2437927246094,751.8355712890625,173800,0.0,0.0
2013-08-02 00:00:00+09:00,759.35383755553,766.8721923828125,759.35383755553,766.8721923828125,116200,0.0,0.0
2013-08-05 00:00:00+09:00,766.8721923828125,781.9089020373774,759.35383755553,766.8721923828125,153900,0.0,0.0
2013-08-06 00:00:00+09:00,766.8721653864934,781.9088745117188,759.3538108238807,781.9088745117188,143400,0.0,0.0
2013-08-07 00:00:00+09:00,766.8721923828125,774.390547210095,766.8721923828125,766.8721923828125,68000,0.0,0.0
2013-08-08 00:00:00+09:00,766.8722827148438,766.8722827148438,751.8355712890625,751.8355712890625,112900,0.0,0.0
2013-08-09 00:00:00+09:00,759.3539270019531,766.8722827148438,751.8355712890625,751.8355712890625,67100,0.0,0.0
2013-08-12 00:00:00+09:00,751.8355712890625,759.3539270019531,744.3172155761719,751.8355712890625,65400,0.0,0.0
2013-08-13 00:00:00+09:00,759.35383755553,766.8721923828125,751.8354827282475,766.8721923828125,50500,0.0,0.0
2013-08-14 00:00:00+09:00,766.8722371016398,766.8722371016398,751.8355265702351,759.3538818359375,78500,0.0,0.0
2013-08-15 00:00:00+09:00,751.8355712890625,759.3539270019531,751.8355712890625,751.8355712890625,42300,0.0,0.0
2013-08-16 00:00:00+09:00,751.8355712890625,751.8355712890625,736.7988598632813,751.8355712890625,43400,0.0,0.0
2013-08-19 00:00:00+09:00,751.8355265702351,766.8722371016398,751.8355265702351,759.3538818359375,65200,0.0,0.0
2013-08-20 00:00:00+09:00,759.3538942920918,759.3538942920918,736.798828125,736.798828125,84000,0.0,0.0
2013-08-21 00:00:00+09:00,744.3171835140306,751.8355389030612,736.798828125,736.798828125,57500,0.0,0.0
2013-08-22 00:00:00+09:00,736.7988598632813,751.8355712890625,729.2805041503907,751.8355712890625,97300,0.0,0.0
2013-08-23 00:00:00+09:00,759.3539270019531,759.3539270019531,744.3172155761719,751.8355712890625,61900,0.0,0.0
2013-08-26 00:00:00+09:00,751.8355265702351,766.8722371016398,751.8355265702351,759.3538818359375,113500,0.0,0.0
2013-08-27 00:00:00+09:00,751.8355712890625,759.3539270019531,751.8355712890625,751.8355712890625,42800,0.0,0.0
2013-08-28 00:00:00+09:00,744.3171669871537,751.835522209246,729.2804565429688,729.2804565429688,142500,0.0,0.0
2013-08-29 00:00:00+09:00,736.7987233171559,744.3170776367188,736.7987233171559,744.3170776367188,72600,0.0,0.0
2013-08-30 00:00:00+09:00,744.3171835140306,751.8355389030612,736.798828125,736.798828125,45200,0.0,0.0
2013-09-02 00:00:00+09:00,744.3170776367188,751.8354319562816,744.3170776367188,744.3170776367188,116400,0.0,0.0
2013-09-03 00:00:00+09:00,751.8354827282475,766.8721923828125,751.8354827282475,766.8721923828125,156200,0.0,0.0
2013-09-04 00:00:00+09:00,766.8722694174758,774.390625,759.3539138349515,774.390625,230000,0.0,0.0
2013-09-05 00:00:00+09:00,774.390625,781.9089805825242,766.8722694174758,774.390625,206100,0.0,0.0
2013-09-06 00:00:00+09:00,774.390625,774.390625,751.8355582524272,774.390625,166400,0.0,0.0
2013-09-09 00:00:00+09:00,872.1293024431195,887.1660145542079,842.055878220943,857.0925903320312,924100,0.0,0.0
2013-09-10 00:00:00+09:00,879.6474681181066,1210.4550629659416,879.6474681181066,1150.3082275390625,6370800,0.0,0.0
2013-09-11 00:00:00+09:00,1210.4553513299852,1217.973707549426,1075.124939380049,1105.1983642578125,4204900,0.0,0.0
2013-09-12 00:00:00+09:00,1067.6063288271039,1157.8265819674225,1060.0879743987439,1150.3082275390625,1778100,0.0,0.0
2013-09-13 00:00:00+09:00,1135.271683542352,1157.826750102796,1112.716616981908,1142.7900390625,1421700,0.0,0.0
2013-09-17 00:00:00+09:00,1135.271683542352,1240.5286608244244,1120.234972502056,1142.7900390625,3171600,0.0,0.0
2013-09-18 00:00:00+09:00,1150.3083945826481,1180.3818166632402,1112.716616981908,1142.7900390625,1490100,0.0,0.0
2013-09-19 00:00:00+09:00,1233.0102635751855,1518.707763671875,1210.4551977780786,1518.707763671875,21245600,0.0,0.0
2013-09-20 00:00:00+09:00,1699.148145887587,1781.8500467936199,1586.3728264702693,1623.964599609375,23547500,0.0,0.0
2013-09-24 00:00:00+09:00,1586.3731277198124,1751.7769609417833,1563.8180595531799,1714.1851806640625,13468000,0.0,0.0
2013-09-25 00:00:00+09:00,1676.593339174532,1691.6300507366354,1473.5977330861358,1481.1160888671875,6093000,0.0,0.0
2013-09-26 00:00:00+09:00,1458.5608750316296,1857.0336914062502,1451.0425200056934,1857.03369140625,20978600,0.0,0.0
2013-09-27 00:00:00+09:00,1796.8868974401596,1954.7723570478724,1736.7400556848404,1766.8134765625,26429100,0.0,0.0
2013-09-30 00:00:00+09:00,1691.6299673227165,1857.0337863498264,1661.5565456814238,1759.295166015625,7334100,0.0,0.0
2013-10-01 00:00:00+09:00,1744.2582668138589,1826.9601673955503,1699.1481392238452,1729.2215576171875,4463500,0.0,0.0
2013-10-02 00:00:00+09:00,1759.29482421875,1789.368240017361,1631.4828070746528,1691.629638671875,3753200,0.0,0.0
2013-10-03 00:00:00+09:00,1669.0747273763022,1684.1114366319446,1623.964599609375,1623.964599609375,2377000,0.0,0.0
2013-10-04 00:00:00+09:00,1744.2585075309685,1759.2952188027873,1639.0015286282378,1669.074951171875,5064900,0.0,0.0
2013-10-07 00:00:00+09:00,1646.519858912418,1654.0382144325658,1541.2628816303454,1571.3363037109375,2798400,0.0,0.0
2013-10-08 00:00:00+09:00,1541.2628120052657,1736.7400466986164,1533.7444568247522,1706.6666259765625,5843900,0.0,0.0
2013-10-09 00:00:00+09:00,1669.074951171875,1729.2217962591499,1639.0015286282378,1669.074951171875,2453100,0.0,0.0
2013-10-10 00:00:00+09:00,1699.148170160492,1736.739943836609,1654.0380417491515,1661.556396484375,1672000,0.0,0.0
2013-10-11 00:00:00+09:00,1721.7033484322683,1721.7033484322683,1669.0748617989675,1684.111572265625,725100,0.0,0.0
2013-10-15 00:00:00+09:00,1669.074951171875,1691.6300180796031,1646.519884264147,1669.074951171875,531300,0.0,0.0
2013-10-16 00:00:00+09:00,1646.5199570766715,1646.5199570766715,1608.9281772347383,1616.446533203125,470800,0.0,0.0
2013-10-17 00:00:00+09:00,1654.03817553039,1691.62995224699,1623.9647541571103,1639.00146484375,542700,0.0,0.0
2013-10-18 00:00:00+09:00,1639.0013965671346,1789.368497169624,1608.9279764466366,1774.331787109375,3013000,0.0,0.0
2013-10-21 00:00:00+09:00,1796.886943067241,1811.9236538878874,1729.2217443743323,1759.295166015625,1370700,0.0,0.0
2013-10-22 00:00:00+09:00,1789.36848490631,2022.4374892428461,1759.2950649919183,1962.2906494140625,10016800,0.0,0.0
2013-10-23 00:00:00+09:00,1992.3638735838042,2150.249312622521,1917.1803311844153,2037.4739990234375,10762200,0.0,0.0
2013-10-24 00:00:00+09:00,2014.919103238449,2443.465330419761,1992.364038649959,2278.0615234375,10453100,0.0,0.0
2013-10-25 00:00:00+09:00,2330.690185546875,2466.020583417339,2285.580052923387,2330.690185546875,13550900,0.0,0.0
2013-10-28 00:00:00+09:00,2481.056900024414,2684.052464571866,2435.9467745694246,2646.460693359375,9974500,0.0,0.0
2013-10-29 00:00:00+09:00,2526.1672815393517,2533.685636543933,2405.8736014660494,2435.947021484375,4726700,0.0,0.0
2013-10-30 00:00:00+09:00,2443.4654961257684,2488.575628361936,2255.5066118084014,2293.098388671875,3739300,0.0,0.0
2013-10-31 00:00:00+09:00,2323.171492972643,2428.4284538193,2255.506303856935,2263.024658203125,2349400,0.0,0.0
2013-11-01 00:00:00+09:00,2300.6167025291315,2300.6167025291315,2120.176176840572,2217.914794921875,1997500,0.0,0.0
2013-11-05 00:00:00+09:00,2255.5065711069915,2338.208478714248,2180.3230187367585,2217.914794921875,1572500,0.0,0.0
2013-11-06 00:00:00+09:00,2217.9146622011326,2293.0982100723572,2150.24946911703,2240.4697265625,1939200,0.0,0.0
2013-11-07 00:00:00+09:00,2225.4332404543516,2285.580084790956,2195.3598182860496,2202.878173828125,1186200,0.0,0.0
2013-11-08 00:00:00+09:00,2180.3230187367585,2225.4331501588986,2172.8046634997354,2217.914794921875,682900,0.0,0.0
2013-11-11 00:00:00+09:00,2278.06172924888,2285.580084790956,2187.8414627439743,2202.878173828125,1043800,0.0,0.0
2013-11-12 00:00:00+09:00,2172.8046428811963,2210.3964187095908,2112.657801555765,2180.322998046875,759000,0.0,0.0
2013-11-13 00:00:00+09:00,2187.8415810032893,2187.8415810032893,2127.69473341557,2142.7314453125,663200,0.0,0.0
2013-11-14 00:00:00+09:00,2217.91468453486,2345.7267172029706,2217.91468453486,2278.0615234375,6870400,0.0,0.0
2013-11-15 00:00:00+09:00,2308.1353287760417,2330.690397135417,2225.4334114583335,2255.5068359375,2241800,0.0,0.0
2013-11-18 00:00:00+09:00,2240.469595164556,2278.0613668955043,2240.469595164556,2263.024658203125,817600,0.0,0.0
2013-11-19 00:00:00+09:00,2255.5066118084014,2390.8370085169054,2247.9882564357067,2293.098388671875,5989900,0.0,0.0
2013-11-20 00:00:00+09:00,2300.616429934074,2308.134784280264,2255.506303856935,2263.024658203125,1368900,0.0,0.0
2013-11-21 00:00:00+09:00,2270.5431677413317,2278.061522601402,2135.21278026006,2195.359619140625,2153400,0.0,0.0
2013-11-22 00:00:00+09:00,2195.3593477787454,2202.877701709495,2135.212516332753,2157.767578125,1429200,0.0,0.0
2013-11-25 00:00:00+09:00,2150.249651740579,2157.7680071662453,2022.4376095042508,2044.99267578125,2088500,0.0,0.0
2013-11-26 00:00:00+09:00,2052.510623094512,2157.767578125,2052.510623094512,2157.767578125,3301600,0.0,0.0
2013-11-27 00:00:00+09:00,2127.6949020606885,2150.2499716938405,2060.029693161232,2075.06640625,1345900,0.0,0.0
2013-11-28 00:00:00+09:00,2082.5841153555543,2105.1391779767337,2029.955635906136,2060.029052734375,1036400,0.0,0.0
2013-11-29 00:00:00+09:00,2067.547761662342,2135.212961134928,2044.9926951714801,2082.58447265625,2240600,0.0,0.0
2013-12-02 00:00:00+09:00,2075.06640625,2090.103119338768,2044.9929800724638,2075.06640625,624600,0.0,0.0
2013-12-03 00:00:00+09:00,2067.5476968506755,2075.0660521119507,2037.4742758055747,2052.510986328125,630400,0.0,0.0
2013-12-04 00:00:00+09:00,2029.9556187220983,2029.9556187220983,1992.3638480050224,1999.8822021484375,986400,0.0,0.0
2013-12-05 00:00:00+09:00,1962.2906494140625,2052.510909157238,1954.7722944354646,1962.2906494140625,1225700,0.0,0.0
2013-12-06 00:00:00+09:00,1954.7722611003862,1992.3640353523167,1924.6988416988418,1947.25390625,1073800,0.0,0.0
2013-12-09 00:00:00+09:00,1947.2542877197268,1954.772644042969,1857.0340118408203,1864.5523681640625,2079600,0.0,0.0
2013-12-10 00:00:00+09:00,1841.9973149681896,1841.9973149681896,1766.8137510919369,1781.8504638671875,2687700,0.0,0.0
2013-12-11 00:00:00+09:00,1789.3683171058767,2044.9923624067164,1781.8499628323227,2014.9189453125,8680900,0.0,0.0
2013-12-12 00:00:00+09:00,2075.065770223132,2135.212604142643,2014.9189363036207,2037.4739990234375,7834400,0.0,0.0
2013-12-13 00:00:00+09:00,2052.510909157238,2060.029264135836,1909.662164563877,1962.2906494140625,4044700,0.0,0.0
2013-12-16 00:00:00+09:00,1924.698875,1947.2539399414063,1864.55203515625,1879.5887451171875,1505700,0.0,0.0
2013-12-17 00:00:00+09:00,1902.1436672210693,1992.363920211792,1902.1436672210693,1924.69873046875,2056600,0.0,0.0
2013-12-18 00:00:00+09:00,1917.1806512877,1939.7357177734375,1902.1439402972082,1939.7357177734375,963900,0.0,0.0
2013-12-19 00:00:00+09:00,1962.2909538773713,1984.8460223127433,1932.2175292968752,1932.217529296875,882600,0.0,0.0
2013-12-20 00:00:00+09:00,1954.7721481323242,1962.2905025482178,1902.1436672210693,1924.69873046875,652000,0.0,0.0
2013-12-24 00:00:00+09:00,1924.6987051792828,1932.2170594963895,1864.5518706424302,1887.10693359375,982700,0.0,0.0
2013-12-25 00:00:00+09:00,1872.0704600575207,2060.0293415894002,1864.5521047962454,2052.510986328125,5505100,0.0,0.0
2013-12-26 00:00:00+09:00,2097.621202834109,2127.6946250969636,2052.511069439827,2120.17626953125,4293900,0.0,0.0
2013-12-27 00:00:00+09:00,2097.6213096217107,2142.7314453125,2044.992817982456,2142.7314453125,2713100,0.0,0.0
2013-12-30 00:00:00+09:00,2165.2860342019544,2368.2815999083878,2157.767679916531,2308.134765625,10373700,0.0,0.0
2014-01-06 00:00:00+09:00,2263.0251012132658,2308.135236121171,2217.91496630536,2270.54345703125,3881800,0.0,0.0
2014-01-07 00:00:00+09:00,2315.653228861831,2390.836775253449,2225.4329731918897,2247.988037109375,5820800,0.0,0.0
2014-01-08 00:00:00+09:00,2285.580260416667,2285.580260416667,2240.4701236979167,2255.5068359375,1833100,0.0,0.0
2014-01-09 00:00:00+09:00,2247.9881031611194,2247.9881031611194,2172.804554560413,2195.359619140625,1774200,0.0,0.0
2014-01-10 00:00:00+09:00,2180.3231072018984,2210.3965293702004,2142.731329491521,2202.878173828125,1540000,0.0,0.0
2014-01-14 00:00:00+09:00,2142.7311995222763,2255.5065258129225,2135.2128444362334,2225.43310546875,1646800,0.0,0.0
2014-01-15 00:00:00+09:00,2247.988170726879,2270.543235985009,2202.878040210621,2225.43310546875,1294600,0.0,0.0
2014-01-16 00:00:00+09:00,2240.469679090712,2255.5063883463545,2157.767778184679,2165.2861328125,1238100,0.0,0.0
2014-01-17 00:00:00+09:00,2157.768040575672,2232.951595996427,2157.768040575672,2202.878173828125,1569300,0.0,0.0
2014-01-20 00:00:00+09:00,2187.8414627439743,2232.951595996427,2180.3231072018984,2202.878173828125,778200,0.0,0.0
2014-01-21 00:00:00+09:00,2217.914409570993,2217.914409570993,2157.767578125,2157.767578125,922400,0.0,0.0
2014-01-22 00:00:00+09:00,2157.767956371039,2165.2863116197186,2105.139469630282,2135.212890625,855500,0.0,0.0
2014-01-23 00:00:00+09:00,2165.2863571113076,2202.87813414449,2127.694580078125,2127.694580078125,1356100,0.0,0.0
2014-01-24 00:00:00+09:00,2105.139693940412,2127.6947620897736,2075.066269741263,2097.621337890625,929800,0.0,0.0
2014-01-27 00:00:00+09:00,2022.4379585637582,2060.029742180185,2007.4012451171875,2007.4012451171875,1205900,0.0,0.0
2014-01-28 00:00:00+09:00,2022.4379585637582,2060.029742180185,2007.4012451171875,2007.4012451171875,577500,0.0,0.0
2014-01-29 00:00:00+09:00,2037.4742758055747,2067.5476968506755,2029.9559205442995,2052.510986328125,642200,0.0,0.0
2014-01-30 00:00:00+09:00,2014.918910435268,2022.4372645786832,1977.327139718192,1999.8822021484375,638500,0.0,0.0
2014-01-31 00:00:00+09:00,2037.4741876775568,2037.4741876775568,1962.2906383167613,1984.845703125,600500,0.0,0.0
2014-02-03 00:00:00+09:00,1932.2170594963895,1947.2537681306026,1879.5885792766435,1887.10693359375,910300,0.0,0.0
2014-02-04 00:00:00+09:00,1781.8503851639598,1811.9238093861363,1691.6301124974302,1714.1851806640625,2083500,0.0,0.0
2014-02-05 00:00:00+09:00,1774.331787109375,1826.9602723202463,1729.2216569286281,1774.331787109375,1135600,0.0,0.0
2014-02-06 00:00:00+09:00,1774.3319505105808,1939.7357764056349,1774.3319505105808,1909.662353515625,936300,0.0,0.0
2014-02-07 00:00:00+09:00,1939.7358854419992,1977.3276661676193,1909.662460861503,1932.217529296875,876100,0.0,0.0
2014-02-10 00:00:00+09:00,1999.8822552630008,2007.4006096060948,1954.7721292044369,1969.808837890625,712700,0.0,0.0
2014-02-12 00:00:00+09:00,1999.8822021484377,2007.4005562918528,1962.2904314313616,1999.8822021484375,507000,0.0,0.0
2014-02-13 00:00:00+09:00,1999.8825617354046,2052.5110502021257,1932.2173622781916,1939.7357177734375,1192700,0.0,0.0
2014-02-14 00:00:00+09:00,1939.7359938848588,1969.8094201466395,1849.5157150995165,1894.6258544921875,672600,0.0,0.0
2014-02-17 00:00:00+09:00,1909.662567623078,1924.6992807539684,1826.960645403181,1894.6258544921875,438900,0.0,0.0
2014-02-18 00:00:00+09:00,1894.6255848019623,1939.7357177734375,1864.5521628209788,1939.7357177734375,486300,0.0,0.0
2014-02-19 00:00:00+09:00,1932.2174206831326,1969.8091992956447,1894.6256420706202,1909.662353515625,461300,0.0,0.0
2014-02-20 00:00:00+09:00,1902.1439792372614,1917.1806905355797,1864.5522009914657,1872.070556640625,319500,0.0,0.0
2014-02-21 00:00:00+09:00,1894.6253223042243,1917.180385664989,1887.1069678506362,1902.1436767578125,229700,0.0,0.0
2014-02-24 00:00:00+09:00,1909.6623535156252,1924.69906496063,1887.1072863481177,1909.662353515625,255800,0.0,0.0
2014-02-25 00:00:00+09:00,1924.699173151751,1947.2542415871233,1902.144104716379,1932.217529296875,331200,0.0,0.0
2014-02-26 00:00:00+09:00,1932.217677884334,2052.5113854568995,1932.217677884334,2007.4012451171875,1603200,0.0,0.0
2014-02-27 00:00:00+09:00,1999.882828280953,2007.4011847782497,1962.2910457944688,1977.3277587890625,536800,0.0,0.0
2014-02-28 00:00:00+09:00,1962.290784259175,1969.809139754421,1909.662295792454,1939.7357177734375,543800,0.0,0.0
2014-03-03 00:00:00+09:00,1887.1074979267423,1917.1809241885232,1864.5524282304068,1894.6258544921875,360100,0.0,0.0
2014-03-04 00:00:00+09:00,1872.0702589434597,1917.180385664989,1872.0702589434597,1902.1436767578125,331100,0.0,0.0
2014-03-05 00:00:00+09:00,1932.2170594963895,1954.772122447709,1887.10693359375,1887.10693359375,373800,0.0,0.0
2014-03-06 00:00:00+09:00,1887.1069583892822,1939.735439300537,1887.1069583892822,1924.69873046875,507400,0.0,0.0
2014-03-07 00:00:00+09:00,1984.845703125,2022.4374778053977,1962.2906383167613,1984.845703125,1219500,0.0,0.0
2014-03-10 00:00:00+09:00,1984.8461277173915,2105.1398324275365,1984.8461277173915,2075.06640625,2246300,0.0,0.0
2014-03-11 00:00:00+09:00,2097.6208329429487,2112.6575414228264,2014.9189363036207,2037.4739990234375,1128200,0.0,0.0
2014-03-12 00:00:00+09:00,2022.4373182922827,2075.065798693941,1954.7721292044369,1969.808837890625,910800,0.0,0.0
2014-03-13 00:00:00+09:00,1984.845703125,2007.4007679332385,1947.2539284446023,1984.845703125,501800,0.0,0.0
2014-03-14 00:00:00+09:00,1924.69873046875,1984.8455657958984,1909.662021636963,1924.69873046875,848200,0.0,0.0
2014-03-17 00:00:00+09:00,1902.143992850451,1932.217415662316,1841.9971472267214,1849.5155029296875,557500,0.0,0.0
2014-03-18 00:00:00+09:00,1917.180519542475,1962.2906494140625,1902.143809585279,1962.2906494140625,721200,0.0,0.0
2014-03-19 00:00:00+09:00,1984.8461332775298,1984.8461332775298,1841.9973585340713,1894.6258544921875,1040800,0.0,0.0
2014-03-20 00:00:00+09:00,1894.6254438920455,1894.6254438920455,1819.44189453125,1819.44189453125,845400,0.0,0.0
2014-03-24 00:00:00+09:00,1834.4787962906005,1917.1807092381275,1834.4787962906005,1909.662353515625,845800,0.0,0.0
2014-03-25 00:00:00+09:00,1879.5889257415524,1894.625637147485,1841.9971472267214,1849.5155029296875,433400,0.0,0.0
2014-03-26 00:00:00+09:00,1864.5518893494898,1879.5885981345664,1826.9601173867986,1841.996826171875,401800,0.0,0.0
2014-03-27 00:00:00+09:00,1819.442067096511,1887.1072679389433,1789.3686444998746,1872.070556640625,742400,0.0,0.0
2014-03-28 00:00:00+09:00,1857.033540725708,1932.2170848846436,1841.996831893921,1924.69873046875,428200,0.0,0.0
2014-03-31 00:00:00+09:00,1947.2542102290136,1962.290922277114,1894.625718060662,1917.1807861328125,363500,0.0,0.0
2014-04-01 00:00:00+09:00,1909.6619524274554,2022.4372645786832,1902.1435982840403,1999.8822021484375,1559300,0.0,0.0
2014-04-02 00:00:00+09:00,2022.437299586054,2029.9556538596082,1984.8455282182836,2014.9189453125,761100,0.0,0.0
2014-04-03 00:00:00+09:00,2007.4011847782497,2029.95625427014,1969.8094022917655,1977.3277587890625,886600,0.0,0.0
2014-04-04 00:00:00+09:00,1977.327818224046,2029.9563152870435,1954.77274805419,2007.4012451171875,729400,0.0,0.0
2014-04-07 00:00:00+09:00,1977.3271573580228,1992.3638657789963,1932.217032095102,1954.7720947265625,607600,0.0,0.0
2014-04-08 00:00:00+09:00,1924.6992807539684,1939.7359938848588,1894.6258544921875,1894.6258544921875,490700,0.0,0.0
2014-04-09 00:00:00+09:00,1864.55221433562,1887.1072814445185,1849.5155029296875,1849.5155029296875,488400,0.0,0.0
2014-04-10 00:00:00+09:00,1879.5889257415524,1894.625637147485,1826.960435820789,1849.5155029296875,431300,0.0,0.0
2014-04-11 00:00:00+09:00,1774.3317649147727,1834.478604403409,1766.8134099786932,1819.44189453125,357900,0.0,0.0
2014-04-14 00:00:00+09:00,1819.4419840494793,1841.997049967448,1804.4052734375,1804.4052734375,315200,0.0,0.0
2014-04-15 00:00:00+09:00,1834.478759765625,1841.997115338435,1811.9236930471952,1834.478759765625,269400,0.0,0.0
2014-04-16 00:00:00+09:00,1834.4787783948293,1879.588912289784,1819.442067096511,1872.070556640625,659800,0.0,0.0
2014-04-17 00:00:00+09:00,1909.6623535156252,1924.69906496063,1887.1072863481177,1909.662353515625,668100,0.0,0.0
2014-04-18 00:00:00+09:00,1924.69873046875,1932.2170848846436,1894.6253128051758,1924.69873046875,600300,0.0,0.0
2014-04-21 00:00:00+09:00,1924.6992807539684,1932.2176373194136,1879.5891413612972,1894.6258544921875,397300,0.0,0.0
2014-04-22 00:00:00+09:00,1887.1069525271046,1909.6620157047196,1841.996826171875,1841.996826171875,469400,0.0,0.0
2014-04-23 00:00:00+09:00,1849.5152931949808,1962.2906159507722,1849.5152931949808,1947.25390625,970200,0.0,0.0
2014-04-24 00:00:00+09:00,2029.956089564732,2127.6947160993304,1999.8826660156249,2105.1396484375,4896800,0.0,0.0
2014-04-25 00:00:00+09:00,2082.5845807756696,2127.6947160993304,2060.029513113839,2105.1396484375,3163100,0.0,0.0
2014-04-28 00:00:00+09:00,2082.5841244630706,2097.6208329429487,2022.4372905435596,2037.4739990234375,881000,0.0,0.0
2014-04-30 00:00:00+09:00,2044.9925426136363,2060.0292524857955,1977.3273481889205,1984.845703125,709900,0.0,0.0
2014-05-01 00:00:00+09:00,1977.3274769502527,2044.9926757812498,1969.8091215245863,2044.99267578125,591100,0.0,0.0
2014-05-02 00:00:00+09:00,2037.4744894923274,2112.6580499901993,2007.4010652931786,2097.621337890625,1007600,0.0,0.0
2014-05-07 00:00:00+09:00,2067.547425227379,2075.065779500933,2007.4005910389458,2014.9189453125,891300,0.0,0.0
2014-05-08 00:00:00+09:00,2022.4378977728434,2029.95625427014,1962.2910457944688,1977.3277587890625,460000,0.0,0.0
2014-05-09 00:00:00+09:00,1962.2906159507722,1999.882390202703,1939.735551399614,1947.25390625,397500,0.0,0.0
2014-05-12 00:00:00+09:00,1954.7727070157491,1969.8094201466395,1879.5891413612972,1894.6258544921875,384800,0.0,0.0
2014-05-13 00:00:00+09:00,1917.1807861328127,1939.7358542049633,1902.1440740847122,1917.1807861328125,499500,0.0,0.0
2014-05-14 00:00:00+09:00,1879.5885792766435,1932.2170594963895,1879.5885792766435,1887.10693359375,479600,0.0,0.0
2014-05-15 00:00:00+09:00,1872.070784795852,1909.662567623078,1864.5524282304068,1894.6258544921875,412600,0.0,0.0
2014-05-16 00:00:00+09:00,1872.0704014581227,1879.5887564840589,1841.9969813543776,1857.03369140625,376200,0.0,0.0
2014-05-19 00:00:00+09:00,1857.0337267963828,1864.5520819655987,1774.3318199350053,1789.3685302734375,628700,0.0,0.0
2014-05-20 00:00:00+09:00,1789.3684747869318,1834.478604403409,1781.8501198508523,1819.44189453125,466000,0.0,0.0
2014-05-21 00:00:00+09:00,1804.4053687118903,1857.0338586326538,1789.3686573059579,1849.5155029296875,341600,0.0,0.0
2014-05-22 00:00:00+09:00,1864.5518706424302,1894.6252879108565,1834.478453374004,1887.10693359375,452200,0.0,0.0
2014-05-23 00:00:00+09:00,1887.1069678506362,1932.2170945721653,1872.0702589434597,1902.1436767578125,420400,0.0,0.0
2014-05-26 00:00:00+09:00,1909.662567623078,1932.2176373194136,1887.1074979267423,1894.6258544921875,268600,0.0,0.0
2014-05-27 00:00:00+09:00,1887.1071000976563,1917.1805200195313,1879.5887451171875,1879.5887451171875,360600,0.0,0.0
2014-05-28 00:00:00+09:00,1887.107537544622,2014.919601840473,1887.107537544622,2007.4012451171875,1448100,0.0,0.0
2014-05-29 00:00:00+09:00,1992.364471783656,2029.95625427014,1969.8094022917655,1977.3277587890625,836200,0.0,0.0
2014-05-30 00:00:00+09:00,1992.3638480050224,1999.8822021484377,1954.7720772879466,1999.8822021484375,726200,0.0,0.0
2014-06-02 00:00:00+09:00,2037.4739990234375,2052.510707503315,2014.9189363036207,2037.4739990234375,714500,0.0,0.0
2014-06-03 00:00:00+09:00,2052.5109200743495,2052.5109200743495,2007.4007899628252,2022.4375,444200,0.0,0.0
2014-06-04 00:00:00+09:00,2037.473990113196,2105.1391779767337,2022.4372816990763,2060.029052734375,1788100,0.0,0.0
2014-06-05 00:00:00+09:00,2075.0657611484944,2082.5841153555543,2022.4372816990763,2060.029052734375,624000,0.0,0.0
2014-06-06 00:00:00+09:00,2044.9928013392855,2120.1763602120536,2044.9928013392855,2105.1396484375,1262000,0.0,0.0
2014-06-09 00:00:00+09:00,1984.845703125,2060.0292524857955,1962.2906383167613,1984.845703125,2950200,0.0,0.0
2014-06-10 00:00:00+09:00,1932.2172416656124,1939.7355966915486,1841.9969813543776,1857.03369140625,5198800,0.0,0.0
2014-06-11 00:00:00+09:00,1841.9971340439884,1917.1806905355797,1841.9971340439884,1872.070556640625,2958600,0.0,0.0
2014-06-12 00:00:00+09:00,1879.5886039733887,1924.69873046875,1879.5886039733887,1924.69873046875,2236100,0.0,0.0
2014-06-13 00:00:00+09:00,1909.6621112175708,1999.882368440448,1909.6621112175708,1992.364013671875,2369400,0.0,0.0
2014-06-16 00:00:00+09:00,1984.8457143498563,1992.3640693284544,1939.7355844782687,1962.2906494140625,1091900,0.0,0.0
2014-06-17 00:00:00+09:00,1962.290784259175,1962.290784259175,1924.6990067829458,1939.7357177734375,430700,0.0,0.0
2014-06-18 00:00:00+09:00,1939.735386305589,1954.7720947265625,1917.1803236741284,1954.7720947265625,396400,0.0,0.0
2014-06-19 00:00:00+09:00,1954.7721292044369,1984.845546576813,1939.735420518249,1969.808837890625,685600,0.0,0.0
2014-06-20 00:00:00+09:00,1969.8094022917655,1999.882828280953,1947.254332799875,1977.3277587890625,680900,0.0,0.0
2014-06-23 00:00:00+09:00,1984.8457143498563,1992.3640693284544,1954.7722944354646,1962.2906494140625,361500,0.0,0.0
2014-06-24 00:00:00+09:00,1954.7722944354646,1962.2906494140625,1924.6988745210729,1962.2906494140625,292100,0.0,0.0
2014-06-25 00:00:00+09:00,1954.7722944354646,1977.3273593712584,1947.2539394568666,1962.2906494140625,447700,0.0,0.0
2014-06-26 00:00:00+09:00,1969.808993252841,1984.845703125,1947.2539284446023,1984.845703125,520800,0.0,0.0
2014-06-27 00:00:00+09:00,1977.3273593712584,1992.3640693284544,1947.2539394568666,1962.2906494140625,497000,0.0,0.0
2014-06-30 00:00:00+09:00,1939.735551399614,1962.2906159507722,1939.735551399614,1947.25390625,408700,0.0,0.0
2014-07-01 00:00:00+09:00,1947.2539394568666,1969.8090043926604,1939.7355844782687,1962.2906494140625,419300,0.0,0.0
2014-07-02 00:00:00+09:00,1962.2906494140625,1977.3273593712584,1954.7722944354646,1962.2906494140625,484500,0.0,0.0
2014-07-03 00:00:00+09:00,1969.8089708011585,1969.8089708011585,1939.735551399614,1947.25390625,284500,0.0,0.0
2014-07-04 00:00:00+09:00,1939.7354490257535,1939.7354490257535,1902.1436767578125,1902.1436767578125,598000,0.0,0.0
2014-07-07 00:00:00+09:00,1879.588613397048,1902.1436767578125,1872.0702589434597,1902.1436767578125,403600,0.0,0.0
2014-07-08 00:00:00+09:00,1879.5888738114704,1939.7357177734375,1879.5888738114704,1939.7357177734375,671200,0.0,0.0
2014-07-09 00:00:00+09:00,1909.6624301087625,1939.7358542049633,1909.6624301087625,1917.1807861328125,360700,0.0,0.0
2014-07-10 00:00:00+09:00,1902.1438100585938,1909.6621650390625,1879.5887451171875,1879.5887451171875,298600,0.0,0.0
2014-07-11 00:00:00+09:00,1872.0706801358829,1939.7358854419992,1872.0706801358829,1932.217529296875,750200,0.0,0.0
2014-07-14 00:00:00+09:00,1924.6991421568628,1924.6991421568628,1909.6624301087625,1917.1807861328125,338000,0.0,0.0
2014-07-15 00:00:00+09:00,1932.217498180913,1939.7358542049633,1902.1440740847122,1917.1807861328125,405800,0.0,0.0
2014-07-16 00:00:00+09:00,1917.1804868484558,1954.7722611003862,1909.6621319980695,1947.25390625,783300,0.0,0.0
2014-07-17 00:00:00+09:00,1977.3273481889205,2112.6577370383525,1969.808993252841,2067.547607421875,7276000,0.0,0.0
2014-07-18 00:00:00+09:00,2022.4376408183127,2240.4699515385028,1984.8458631079352,2202.878173828125,9597100,0.0,0.0
2014-07-22 00:00:00+09:00,2293.098301243138,2330.6900766733534,2180.3229749524917,2225.43310546875,7942300,0.0,0.0
2014-07-23 00:00:00+09:00,2255.5065711069915,2285.579992055085,2150.249597788665,2217.914794921875,3341600,0.0,0.0
2014-07-24 00:00:00+09:00,2217.9146152072485,2240.469679090712,2157.767778184679,2165.2861328125,1594600,0.0,0.0
2014-07-25 00:00:00+09:00,2165.286308262712,2247.9882158699684,2165.286308262712,2217.914794921875,2156100,0.0,0.0
2014-07-28 00:00:00+09:00,2202.878040210621,2270.543235985009,2202.878040210621,2225.43310546875,1570000,0.0,0.0
2014-07-29 00:00:00+09:00,2240.4699515385028,2247.988307080578,2187.8414627439743,2202.878173828125,853800,0.0,0.0
2014-07-30 00:00:00+09:00,2210.3962605794272,2210.3962605794272,2150.249423556858,2165.2861328125,852500,0.0,0.0
2014-07-31 00:00:00+09:00,2150.2496011223593,2165.2863116197186,2135.212890625,2135.212890625,715300,0.0,0.0
2014-08-01 00:00:00+09:00,2105.1395138582157,2165.2863571113076,2090.1028030449424,2127.694580078125,860400,0.0,0.0
2014-08-04 00:00:00+09:00,2105.1395138582157,2135.2129354847616,2082.5844476383063,2127.694580078125,684900,0.0,0.0
2014-08-05 00:00:00+09:00,2150.2499716938405,2180.323397871377,2067.548049705616,2075.06640625,1146400,0.0,0.0
2014-08-06 00:00:00+09:00,2090.102847268395,2135.212980662677,2075.066136136968,2120.17626953125,975500,0.0,0.0
2014-08-07 00:00:00+09:00,2112.6579139655364,2150.249691794105,2082.5844917026816,2120.17626953125,778000,0.0,0.0
2014-08-08 00:00:00+09:00,2180.3233036378615,2263.0252220517114,2142.731522540657,2210.396728515625,3978200,0.0,0.0
2014-08-11 00:00:00+09:00,2210.396109532828,2240.4695259890573,2165.2859848484845,2232.951171875,1665200,0.0,0.0
2014-08-12 00:00:00+09:00,2240.4701533933885,2285.580290710034,2195.3600160767432,2210.396728515625,1897900,0.0,0.0
2014-08-13 00:00:00+09:00,2195.359685124578,2232.9514605547934,2157.7679096943625,2225.43310546875,1179200,0.0,0.0
2014-08-14 00:00:00+09:00,2255.5066747572814,2323.171875,2217.9148968446602,2323.171875,3893300,0.0,0.0
2014-08-15 00:00:00+09:00,2315.6531199104234,2353.2448913375406,2247.9879313416127,2308.134765625,3803600,0.0,0.0
2014-08-18 00:00:00+09:00,2315.653426460598,2428.428755671341,2293.098360618449,2420.910400390625,5884200,0.0,0.0
2014-08-19 00:00:00+09:00,2443.46539807537,2473.538818359375,2398.355267649363,2473.538818359375,4334000,0.0,0.0
2014-08-20 00:00:00+09:00,2488.575506516445,2496.093861521026,2428.4286664797937,2435.947021484375,3812200,0.0,0.0
2014-08-21 00:00:00+09:00,2420.9102674278847,2473.538751502404,2375.8001382211537,2443.46533203125,2597900,0.0,0.0
2014-08-22 00:00:00+09:00,2428.428644353693,2435.9469992897725,2383.318514737216,2398.355224609375,1378600,0.0,0.0
2014-08-25 00:00:00+09:00,2375.8003127433803,2435.947156103972,2368.281957323306,2413.39208984375,1467600,0.0,0.0
2014-08-26 00:00:00+09:00,2443.4654822716348,2563.7591675526996,2420.910416281435,2541.2041015625,7099400,0.0,0.0
2014-08-27 00:00:00+09:00,2481.0573750984768,2789.3099580652574,2473.53901941636,2684.052978515625,12315400,0.0,0.0
2014-08-28 00:00:00+09:00,2684.0528641374144,2811.864905286815,2653.9794426904964,2744.19970703125,7758100,0.0,0.0
2014-08-29 00:00:00+09:00,2774.2729050095018,2819.3830335462417,2729.162776472762,2781.791259765625,4833700,0.0,0.0
2014-09-01 00:00:00+09:00,2819.3833923339844,3029.897352294922,2804.3466809082033,3007.34228515625,9091200,0.0,0.0
2014-09-02 00:00:00+09:00,3022.378436464252,3037.4151451033777,2894.566413031684,2977.268310546875,5996800,0.0,0.0
2014-09-03 00:00:00+09:00,2954.7137010772926,3135.1542324407915,2909.6035682364177,3105.080810546875,8568900,0.0,0.0
2014-09-04 00:00:00+09:00,3075.0072585117673,3157.709165219908,3022.3787724247686,3044.933837890625,6957000,0.0,0.0
2014-09-05 00:00:00+09:00,3059.970663767317,3090.044085524244,2954.713687618073,2984.787109375,4194300,0.0,0.0
2014-09-08 00:00:00+09:00,2969.750136223392,3112.598876953125,2954.713426672894,3112.598876953125,5019600,0.0,0.0
2014-09-09 00:00:00+09:00,3112.5989888008003,3150.190764027863,3029.8970833012622,3052.4521484375,3988300,0.0,0.0
2014-09-10 00:00:00+09:00,3067.4889987244896,3090.0440648915815,2879.5301139987246,2947.1953125,7142700,0.0,0.0
2014-09-11 00:00:00+09:00,2917.1217151988635,2939.6767800071025,2804.3463911576705,2811.86474609375,5809900,0.0,0.0
2014-09-12 00:00:00+09:00,2804.3467595764478,2872.011962890625,2759.2366240336632,2872.011962890625,5396600,0.0,0.0
2014-09-16 00:00:00+09:00,2841.937771550669,2909.6029565875897,2796.827648192722,2879.529541015625,2923500,0.0,0.0
2014-09-17 00:00:00+09:00,2864.493339617228,2939.676891838152,2834.4199187288577,2917.121826171875,2619600,0.0,0.0
2014-09-18 00:00:00+09:00,2917.1217151988635,2932.1584250710225,2789.3096812855115,2811.86474609375,2740300,0.0,0.0
2014-09-19 00:00:00+09:00,2811.8651434715757,2849.456923464511,2781.791719477227,2826.90185546875,1659500,0.0,0.0
2014-09-22 00:00:00+09:00,2826.9016311925857,2864.493408203125,2766.754787975722,2864.493408203125,1713700,0.0,0.0
2014-09-24 00:00:00+09:00,2841.9382305390423,2977.268622469473,2834.4198754317963,2924.64013671875,3960600,0.0,0.0
2014-09-25 00:00:00+09:00,2947.195337799547,2947.195337799547,2887.0484941709847,2902.085205078125,2290400,0.0,0.0
2014-09-26 00:00:00+09:00,2894.566413031684,3007.3417278251263,2894.566413031684,2977.268310546875,3078100,0.0,0.0
2014-09-29 00:00:00+09:00,2984.7868664311427,3082.5254791858147,2947.1950922947303,3067.48876953125,4089000,0.0,0.0
2014-09-30 00:00:00+09:00,3059.9705482011964,3120.11738944348,2947.195220871914,3044.933837890625,6027000,0.0,0.0
2014-10-01 00:00:00+09:00,3067.489158669099,3067.489158669099,2947.1954661722716,2962.232177734375,4004100,0.0,0.0
2014-10-02 00:00:00+09:00,2894.566849624555,2962.2320487066872,2887.0484941709847,2902.085205078125,4218700,0.0,0.0
2014-10-03 00:00:00+09:00,2932.1588331653224,3037.415816919975,2894.5670532529466,3029.8974609375,5211600,0.0,0.0
2014-10-06 00:00:00+09:00,3029.8974609375,3067.489240849876,2984.7873250426487,3029.8974609375,2559500,0.0,0.0
2014-10-07 00:00:00+09:00,3022.37875311295,3022.37875311295,2917.121781611504,2924.64013671875,3500700,0.0,0.0
2014-10-08 00:00:00+09:00,2856.9747885376296,2917.121626191053,2841.9380791242734,2909.603271484375,2291700,0.0,0.0
2014-10-09 00:00:00+09:00,2924.640000131968,2939.6767096442145,2766.7545502533785,2781.791259765625,2259300,0.0,0.0
2014-10-10 00:00:00+09:00,2721.6444217166386,2796.8279692778715,2699.089357448269,2781.791259765625,2056700,0.0,0.0
2014-10-14 00:00:00+09:00,2699.089599609375,2744.199732193376,2669.016177886708,2699.089599609375,2266700,0.0,0.0
2014-10-15 00:00:00+09:00,2751.718234154486,2804.346724971648,2729.163166661416,2796.828369140625,2231100,0.0,0.0
2014-10-16 00:00:00+09:00,2751.718234154486,2864.493571619834,2721.6448108303935,2796.828369140625,2528500,0.0,0.0
2014-10-17 00:00:00+09:00,2849.456923464511,2909.603771453208,2796.8284314744014,2826.90185546875,3309400,0.0,0.0
2014-10-20 00:00:00+09:00,2902.0847673512467,2977.268310546875,2887.048058712121,2977.268310546875,2650200,0.0,0.0
2014-10-21 00:00:00+09:00,2977.2684663552136,3075.00707762445,2954.713402216159,2992.30517578125,3836800,0.0,0.0
2014-10-22 00:00:00+09:00,3052.4521040482955,3067.4888139204545,2992.305264559659,3059.970458984375,2400400,0.0,0.0
2014-10-23 00:00:00+09:00,3067.489240849876,3112.5993767447267,2992.3056810251237,3029.8974609375,3526600,0.0,0.0
2014-10-24 00:00:00+09:00,3052.4525288849254,3052.4525288849254,2992.3056810251237,3029.8974609375,1338200,0.0,0.0
2014-10-27 00:00:00+09:00,3037.41552734375,3059.970593140857,2999.823751015238,3037.41552734375,1253800,0.0,0.0
2014-10-28 00:00:00+09:00,3037.415597449622,3052.4523083280856,2969.7503984965365,2984.787109375,2318900,0.0,0.0
2014-10-29 00:00:00+09:00,2999.82373046875,3014.860440897165,2969.750309611921,2999.82373046875,1310800,0.0,0.0
2014-10-30 00:00:00+09:00,3007.342247596154,3014.8606032151442,2932.15869140625,2932.15869140625,1239700,0.0,0.0
2014-10-31 00:00:00+09:00,2939.6770837402346,3007.34228515625,2932.158728027344,3007.34228515625,1255300,0.0,0.0
2014-11-04 00:00:00+09:00,3044.9340637207033,3052.452419433594,2984.787218017578,3007.34228515625,1605700,0.0,0.0
2014-11-05 00:00:00+09:00,3029.897506486124,3037.415862581623,2999.8240821041277,3022.379150390625,962600,0.0,0.0
2014-11-06 00:00:00+09:00,3007.34228515625,3112.5992651367187,2999.8239294433597,3007.34228515625,2435600,0.0,0.0
2014-11-07 00:00:00+09:00,3037.415597449622,3067.489019206549,2969.7503984965365,2984.787109375,1253800,0.0,0.0
2014-11-10 00:00:00+09:00,2977.268779471707,2977.268779471707,2917.1219354419754,2939.677001953125,1166100,0.0,0.0
2014-11-11 00:00:00+09:00,2947.1953125,2962.232023278061,2924.640246332908,2947.1953125,697300,0.0,0.0
2014-11-12 00:00:00+09:00,2947.195350060096,2954.7137055449434,2721.644685514681,2736.681396484375,3308200,0.0,0.0
2014-11-13 00:00:00+09:00,2714.1266777184096,2826.902024438011,2706.608321270436,2759.23681640625,1921200,0.0,0.0
2014-11-14 00:00:00+09:00,2781.7915488969343,2811.8649710471714,2751.718126746697,2774.273193359375,891300,0.0,0.0
2014-11-17 00:00:00+09:00,2789.3096812855115,2789.3096812855115,2706.6077769886365,2729.162841796875,893000,0.0,0.0
2014-11-18 00:00:00+09:00,2736.6813273879716,2796.828169748147,2729.1629720929495,2789.309814453125,749400,0.0,0.0
2014-11-19 00:00:00+09:00,2804.3465009532492,2864.4933427967508,2796.8281457228118,2834.419921875,1370000,0.0,0.0
2014-11-20 00:00:00+09:00,2849.456452570735,2856.9748073268584,2766.7545502533785,2781.791259765625,792100,0.0,0.0
2014-11-21 00:00:00+09:00,2774.2730153265334,2819.383145657046,2766.754660271448,2804.346435546875,511200,0.0,0.0
2014-11-25 00:00:00+09:00,2804.346324033995,2811.8646787901184,2751.717840741132,2781.791259765625,614700,0.0,0.0
2014-11-26 00:00:00+09:00,2774.2727488642154,2781.7911031971807,2751.7176858653193,2766.75439453125,312700,0.0,0.0
2014-11-27 00:00:00+09:00,2766.7548378218157,2811.8649710471714,2751.718126746697,2774.273193359375,523500,0.0,0.0
2014-11-28 00:00:00+09:00,2826.9016311925857,2894.566829811557,2811.8649203883697,2864.493408203125,1735700,0.0,0.0
2014-12-01 00:00:00+09:00,2849.4565658773877,2864.4932759875587,2781.791370381619,2804.346435546875,1174400,0.0,0.0
2014-12-02 00:00:00+09:00,2789.3099044344935,2826.90168212229,2759.2364822842565,2774.273193359375,1027400,0.0,0.0
2014-12-03 00:00:00+09:00,2781.7915293934584,2796.8282403631524,2729.1630409995278,2736.681396484375,910900,0.0,0.0
2014-12-04 00:00:00+09:00,2736.6812413674033,2766.75466160221,2721.64453125,2721.64453125,546000,0.0,0.0
2014-12-05 00:00:00+09:00,2721.64453125,2751.7179514848067,2714.1261761912983,2721.64453125,480300,0.0,0.0
2014-12-08 00:00:00+09:00,2721.6446207682293,2729.162976074219,2691.5711995442707,2706.60791015625,577600,0.0,0.0
2014-12-09 00:00:00+09:00,2691.570977334922,2714.1260413908017,2646.460849223164,2661.49755859375,533000,0.0,0.0
2014-12-10 00:00:00+09:00,2631.424550402528,2714.12646484375,2608.869482827649,2714.12646484375,726800,0.0,0.0
2014-12-11 00:00:00+09:00,2684.052908090445,2744.1997519692222,2661.497841635903,2736.681396484375,725200,0.0,0.0
2014-12-12 00:00:00+09:00,2744.1995951061913,2834.419855767217,2736.681240051106,2804.346435546875,1112100,0.0,0.0
2014-12-15 00:00:00+09:00,2819.3831010298295,2856.9748757102275,2804.3463911576705,2811.86474609375,1029200,0.0,0.0
2014-12-16 00:00:00+09:00,2781.7915293934584,2789.3098848783056,2721.644685514681,2736.681396484375,705700,0.0,0.0
2014-12-17 00:00:00+09:00,2721.6446409460614,2804.3465499250856,2721.6446409460614,2744.19970703125,550600,0.0,0.0
2014-12-18 00:00:00+09:00,2796.828259972053,2804.346615509612,2751.718126746697,2774.273193359375,646600,0.0,0.0
2014-12-19 00:00:00+09:00,2819.3832757904775,2879.530119007341,2796.8282095841537,2864.493408203125,1561000,0.0,0.0
2014-12-22 00:00:00+09:00,2864.493408203125,2872.011763605233,2811.8649203883697,2864.493408203125,779500,0.0,0.0
2014-12-24 00:00:00+09:00,2856.975279463098,2864.4936354616852,2811.8651434715757,2826.90185546875,457200,0.0,0.0
2014-12-25 00:00:00+09:00,2826.90185546875,2879.5303474588595,2811.8651434715757,2826.90185546875,970300,0.0,0.0
2014-12-26 00:00:00+09:00,2819.382709871695,2894.5662488016073,2819.382709871695,2879.529541015625,966200,0.0,0.0
2014-12-29 00:00:00+09:00,2894.566844104219,2999.823820253463,2894.566844104219,2984.787109375,2307300,0.0,0.0
2014-12-30 00:00:00+09:00,2962.2319122549807,2977.268622469473,2909.6034265042576,2924.64013671875,998700,0.0,0.0
2015-01-05 00:00:00+09:00,2902.0851995434505,2999.823820253463,2894.566844104219,2984.787109375,1293400,0.0,0.0
2015-01-06 00:00:00+09:00,2924.640070134943,2954.7134898792615,2879.529940518466,2894.566650390625,933700,0.0,0.0
2015-01-07 00:00:00+09:00,2894.566424930945,2939.676551033765,2826.901235776715,2849.456298828125,767100,0.0,0.0
2015-01-08 00:00:00+09:00,2887.048070580475,2902.0847792814147,2834.419590127185,2849.456298828125,561500,0.0,0.0
2015-01-09 00:00:00+09:00,2841.93812109375,2849.4564759114583,2789.3096373697917,2819.383056640625,685900,0.0,0.0
2015-01-13 00:00:00+09:00,2781.791259765625,2804.346324033995,2759.2361954972553,2781.791259765625,348300,0.0,0.0
2015-01-14 00:00:00+09:00,2774.2729714133525,2804.3463911576705,2714.126131924716,2729.162841796875,515900,0.0,0.0
2015-01-15 00:00:00+09:00,2736.681131228885,2796.8279692778715,2721.6444217166386,2781.791259765625,479400,0.0,0.0
2015-01-16 00:00:00+09:00,2781.7916574785786,2804.346724971648,2736.6815224924394,2796.828369140625,765400,0.0,0.0
2015-01-19 00:00:00+09:00,2826.901388302365,2826.901388302365,2766.7545502533785,2781.791259765625,398500,0.0,0.0
2015-01-20 00:00:00+09:00,2781.7918857501704,2796.8285986461174,2751.7184599582765,2759.23681640625,382300,0.0,0.0
2015-01-21 00:00:00+09:00,2759.2361954972553,2789.3096145217482,2751.717840741132,2781.791259765625,302300,0.0,0.0
2015-01-22 00:00:00+09:00,2789.3099044344935,2796.828259972053,2751.718126746697,2774.273193359375,241200,0.0,0.0
2015-01-23 00:00:00+09:00,2781.7918857501704,2781.7918857501704,2729.163390614356,2759.23681640625,308600,0.0,0.0
2015-01-26 00:00:00+09:00,2736.681396484375,2759.2364629389167,2729.1630409995278,2736.681396484375,258200,0.0,0.0
2015-01-27 00:00:00+09:00,2744.200103510303,2766.7551728542235,2729.163390614356,2759.23681640625,265000,0.0,0.0
2015-01-28 00:00:00+09:00,2759.236589985509,2834.420148295741,2751.718234154486,2796.828369140625,527600,0.0,0.0
2015-01-29 00:00:00+09:00,2804.3465250431686,2834.4199462232564,2789.309814453125,2789.309814453125,453300,0.0,0.0
2015-01-30 00:00:00+09:00,2811.8647018229167,2841.93812109375,2796.8279921875,2819.383056640625,365200,0.0,0.0
2015-02-02 00:00:00+09:00,2804.346615509612,2804.346615509612,2766.7548378218157,2774.273193359375,329200,0.0,0.0
2015-02-03 00:00:00+09:00,2789.3098848783056,2789.3098848783056,2714.1263300298338,2736.681396484375,375200,0.0,0.0
2015-02-04 00:00:00+09:00,2759.23681640625,2774.273529302197,2729.163390614356,2759.23681640625,269700,0.0,0.0
2015-02-05 00:00:00+09:00,2736.6813516695206,2781.7914838398974,2736.6813516695206,2744.19970703125,348300,0.0,0.0
2015-02-06 00:00:00+09:00,2766.754773116438,2766.754773116438,2729.162996307791,2744.19970703125,216100,0.0,0.0
2015-02-09 00:00:00+09:00,2751.7181074540695,2759.2364629389167,2721.644685514681,2736.681396484375,390000,0.0,0.0
2015-02-10 00:00:00+09:00,2751.7179066051135,2759.236261541193,2706.6077769886365,2729.162841796875,363900,0.0,0.0
2015-02-12 00:00:00+09:00,2781.7912825520834,2879.529895182292,2766.754572916667,2819.383056640625,1379900,0.0,0.0
2015-02-13 00:00:00+09:00,2819.382709871695,2902.0846026945983,2811.864355978704,2879.529541015625,1137800,0.0,0.0
2015-02-16 00:00:00+09:00,2902.0846026945983,2917.1213104805806,2849.45612544366,2879.529541015625,565000,0.0,0.0
2015-02-17 00:00:00+09:00,2864.493230646307,2909.603360262784,2864.493230646307,2894.566650390625,565800,0.0,0.0
2015-02-18 00:00:00+09:00,2902.085386585815,2917.1220984334095,2856.97525104303,2872.011962890625,437400,0.0,0.0
2015-02-19 00:00:00+09:00,2872.011763605233,2887.048474409449,2849.4566973989095,2864.493408203125,283700,0.0,0.0
2015-02-20 00:00:00+09:00,2864.4934469159607,2962.232068464274,2834.4200249010946,2939.677001953125,1216000,0.0,0.0
2015-02-23 00:00:00+09:00,2977.2687340561224,2992.3054448341836,2917.1218909438776,2947.1953125,841100,0.0,0.0
2015-02-24 00:00:00+09:00,2939.6766927901226,3007.3418852072864,2917.121628651068,2992.30517578125,1151300,0.0,0.0
2015-02-25 00:00:00+09:00,2969.749956227312,3022.378436464252,2954.7132475881863,2977.268310546875,1463600,0.0,0.0
2015-02-26 00:00:00+09:00,2977.2684663552136,3007.3418852072864,2954.713402216159,2992.30517578125,903000,0.0,0.0
2015-02-27 00:00:00+09:00,2992.3054648142315,3029.89724201039,2954.713687618073,2984.787109375,906000,0.0,0.0
2015-03-02 00:00:00+09:00,2962.231754431121,2962.231754431121,2887.048207364341,2909.603271484375,600100,0.0,0.0
2015-03-03 00:00:00+09:00,2887.048583984375,2932.158718109131,2872.011872609456,2887.048583984375,386400,0.0,0.0
2015-03-04 00:00:00+09:00,2856.974853515625,2872.0115632709703,2826.9014340049343,2856.974853515625,412600,0.0,0.0
2015-03-05 00:00:00+09:00,2849.4566323358754,2887.0484084880636,2834.419921875,2834.419921875,377200,0.0,0.0
2015-03-06 00:00:00+09:00,2856.975279463098,2856.975279463098,2819.383499470163,2826.90185546875,327500,0.0,0.0
2015-03-09 00:00:00+09:00,2826.901566644562,2879.5300532576257,2819.3832114141246,2834.419921875,394000,0.0,0.0
2015-03-10 00:00:00+09:00,2856.974987566313,2872.0116980271882,2804.3465009532492,2834.419921875,523700,0.0,0.0
2015-03-11 00:00:00+09:00,2804.346002085713,2909.6029565875897,2804.346002085713,2879.529541015625,583000,0.0,0.0
2015-03-12 00:00:00+09:00,2894.5665620710192,2917.121626191053,2872.0114979509854,2909.603271484375,316900,0.0,0.0
2015-03-13 00:00:00+09:00,2909.6029565875897,2917.1213104805806,2872.0111871226336,2879.529541015625,482000,0.0,0.0
2015-03-16 00:00:00+09:00,2872.0115632709703,2879.529918148643,2834.419788882607,2856.974853515625,254100,0.0,0.0
2015-03-17 00:00:00+09:00,2856.974653178595,2864.493007529065,2834.419590127185,2849.456298828125,430800,0.0,0.0
2015-03-18 00:00:00+09:00,2872.01169483932,2939.676891838152,2872.01169483932,2917.121826171875,919500,0.0,0.0
2015-03-19 00:00:00+09:00,2917.122006734212,2917.122006734212,2864.493516921997,2887.048583984375,517500,0.0,0.0
2015-03-20 00:00:00+09:00,2872.0115855823865,2909.603360262784,2872.0115855823865,2894.566650390625,413300,0.0,0.0
2015-03-23 00:00:00+09:00,2909.603651046753,2909.603651046753,2872.011872609456,2887.048583984375,243300,0.0,0.0
2015-03-24 00:00:00+09:00,2887.0484941709847,2917.121915985266,2872.011783263844,2902.085205078125,601400,0.0,0.0
2015-03-25 00:00:00+09:00,2894.566829811557,2917.1218960178808,2834.4199865946935,2864.493408203125,611400,0.0,0.0
2015-03-26 00:00:00+09:00,2841.93798828125,2864.493051680308,2811.8645704158403,2841.93798828125,302000,0.0,0.0
2015-03-27 00:00:00+09:00,2826.8217799479166,2879.730208984375,2804.1467389322916,2834.380126953125,446000,20.0,0.0
2015-03-30 00:00:00+09:00,2811.70508074313,2826.82177472562,2781.47169277815,2819.263427734375,323600,0.0,0.0
2015-03-31 00:00:00+09:00,2841.9384739583334,2872.171861979167,2826.8217799479166,2834.380126953125,424500,0.0,0.0
2015-04-01 00:00:00+09:00,2804.146500607754,2864.613271510347,2789.029807882106,2841.938232421875,455200,0.0,0.0
2015-04-02 00:00:00+09:00,2819.263427734375,2834.380121716865,2796.58838676064,2819.263427734375,450500,0.0,0.0
2015-04-03 00:00:00+09:00,2834.37987296812,2849.49656562395,2789.02979500063,2811.704833984375,431400,0.0,0.0
2015-04-06 00:00:00+09:00,2789.0300239750086,2796.5883709234504,2758.7966361812414,2773.913330078125,334200,0.0,0.0
2015-04-07 00:00:00+09:00,2766.354729620965,2781.471422132555,2751.238037109375,2751.238037109375,342100,0.0,0.0
2015-04-08 00:00:00+09:00,2766.3547462525403,2804.1464777587225,2766.3547462525403,2789.02978515625,608700,0.0,0.0
2015-04-09 00:00:00+09:00,2811.7045858953843,2826.8212772174024,2781.4712032513476,2804.146240234375,348800,0.0,0.0
2015-04-10 00:00:00+09:00,2811.704833984375,2811.704833984375,2781.471448672715,2811.704833984375,354300,0.0,0.0
2015-04-13 00:00:00+09:00,2819.2631670081096,2826.8215133003564,2781.471435546875,2781.471435546875,277300,0.0,0.0
2015-04-14 00:00:00+09:00,2789.029579665856,2872.1713828537268,2789.029579665856,2864.613037109375,568600,0.0,0.0
2015-04-15 00:00:00+09:00,2857.0549412524606,2909.963366090469,2857.0549412524606,2879.72998046875,640500,0.0,0.0
2015-04-16 00:00:00+09:00,2879.7297439774397,2894.846435546875,2834.3796692691335,2894.846435546875,350800,0.0,0.0
2015-04-17 00:00:00+09:00,2902.405003324468,2909.963349687292,2834.379886059051,2841.938232421875,292700,0.0,0.0
2015-04-20 00:00:00+09:00,2804.14648765646,2834.37987296812,2789.02979500063,2811.704833984375,294900,0.0,0.0
2015-04-21 00:00:00+09:00,2819.262931556393,2819.262931556393,2781.4712032513476,2804.146240234375,319300,0.0,0.0
2015-04-22 00:00:00+09:00,2819.26318031229,2826.821526640205,2796.588141328545,2811.704833984375,429800,0.0,0.0
2015-04-23 00:00:00+09:00,2819.2631703611955,2819.2631703611955,2781.4714388550133,2789.02978515625,401200,0.0,0.0
2015-04-24 00:00:00+09:00,2887.288370253165,3000.663568037975,2857.0549841772154,2985.546875,2665400,0.0,0.0
2015-04-27 00:00:00+09:00,3000.6635617942907,3068.6886803236325,2917.5217502584287,2970.43017578125,1445300,0.0,0.0
2015-04-28 00:00:00+09:00,2947.755360973931,2962.872055132772,2902.405278497409,2917.52197265625,567400,0.0,0.0
2015-04-30 00:00:00+09:00,2887.288089762157,2909.9631271163103,2879.7297439774397,2894.846435546875,270500,0.0,0.0
2015-05-01 00:00:00+09:00,2872.171378968254,2879.729724702381,2826.821304563492,2857.0546875,453000,0.0,0.0
2015-05-07 00:00:00+09:00,2857.0551626906,2864.613509681845,2819.263427734375,2819.263427734375,279800,0.0,0.0
2015-05-08 00:00:00+09:00,2834.3796347551806,2849.4963261405414,2819.26294336982,2826.8212890625,259800,0.0,0.0
2015-05-11 00:00:00+09:00,2857.054911951865,2879.72995093561,2804.14648765646,2811.704833984375,353800,0.0,0.0
2015-05-12 00:00:00+09:00,2811.704833984375,2841.9382192960347,2804.14648765646,2811.704833984375,378400,0.0,0.0
2015-05-13 00:00:00+09:00,2826.821539696227,2857.054925147523,2804.146500607754,2841.938232421875,496000,0.0,0.0
2015-05-14 00:00:00+09:00,2872.1711734899873,2940.1962802305397,2872.1711734899873,2925.07958984375,760600,0.0,0.0
2015-05-15 00:00:00+09:00,2781.471428876366,2804.1464676987275,2758.7963900540044,2766.354736328125,1406300,0.0,0.0
2015-05-18 00:00:00+09:00,2773.913092553777,2796.5881314574863,2743.679707348831,2789.02978515625,479000,0.0,0.0
2015-05-19 00:00:00+09:00,2773.913330078125,2789.0300239750086,2758.7966361812414,2773.913330078125,284800,0.0,0.0
2015-05-20 00:00:00+09:00,2773.9130826022456,2773.9130826022456,2758.7963900540044,2766.354736328125,218400,0.0,0.0
2015-05-21 00:00:00+09:00,2758.7961345073604,2766.3544800813534,2736.121097785382,2743.679443359375,432300,0.0,0.0
2015-05-22 00:00:00+09:00,2751.2382892327996,2781.471677026567,2743.679942284358,2773.913330078125,351700,0.0,0.0
2015-05-25 00:00:00+09:00,2781.471422132555,2781.471422132555,2751.238037109375,2751.238037109375,159700,0.0,0.0
2015-05-26 00:00:00+09:00,2758.79638671875,2758.79638671875,2743.679694188784,2758.79638671875,194500,0.0,0.0
2015-05-27 00:00:00+09:00,2751.237788933368,2758.7961345073604,2736.121097785382,2743.679443359375,234000,0.0,0.0
2015-05-28 00:00:00+09:00,2751.2382731345224,2781.471660751385,2728.563232421875,2728.563232421875,373500,0.0,0.0
2015-05-29 00:00:00+09:00,2743.6799262303066,2751.2382731345224,2705.888191709228,2728.563232421875,441100,0.0,0.0
2015-06-01 00:00:00+09:00,2728.563004957522,2781.471428876366,2721.0046586834014,2766.354736328125,435900,0.0,0.0
2015-06-02 00:00:00+09:00,2796.5879062917784,2834.3796347551806,2796.5879062917784,2826.8212890625,731700,0.0,0.0
2015-06-03 00:00:00+09:00,2834.379886059051,2864.613271510347,2826.821539696227,2841.938232421875,430900,0.0,0.0
2015-06-04 00:00:00+09:00,2864.6135149739584,2864.6135149739584,2826.8217799479166,2834.380126953125,257600,0.0,0.0
2015-06-05 00:00:00+09:00,2826.82177472562,2826.82177472562,2796.58838676064,2819.263427734375,190400,0.0,0.0
2015-06-08 00:00:00+09:00,2826.82177472562,2826.82177472562,2796.58838676064,2819.263427734375,162800,0.0,0.0
2015-06-09 00:00:00+09:00,2796.5881314574863,2826.8215166624323,2781.4714388550133,2789.02978515625,208900,0.0,0.0
2015-06-10 00:00:00+09:00,2789.029775150487,2796.588121424607,2766.354736328125,2766.354736328125,187500,0.0,0.0
2015-06-11 00:00:00+09:00,2773.9130826022456,2789.029775150487,2743.679697505763,2766.354736328125,414900,0.0,0.0
2015-06-12 00:00:00+09:00,2773.9130892546277,2789.029781839122,2758.796396670134,2781.471435546875,228800,0.0,0.0
2015-06-15 00:00:00+09:00,2781.471435546875,2804.1464744236155,2773.9130892546277,2781.471435546875,129600,0.0,0.0
2015-06-16 00:00:00+09:00,2773.9130826022456,2789.029775150487,2766.354736328125,2766.354736328125,155600,0.0,0.0
2015-06-17 00:00:00+09:00,2781.4714388550133,2811.7048240599593,2773.913092553777,2789.02978515625,258600,0.0,0.0
2015-06-18 00:00:00+09:00,2773.912825655346,2781.471171229339,2736.121097785382,2743.679443359375,328600,0.0,0.0
2015-06-19 00:00:00+09:00,2751.2382758546273,2758.7966227663155,2721.004888207873,2736.12158203125,186400,0.0,0.0
2015-06-22 00:00:00+09:00,2766.354756016885,2811.704833984375,2758.79640968897,2811.704833984375,411100,0.0,0.0
2015-06-23 00:00:00+09:00,2811.7048207158628,2811.7048207158628,2766.354742962381,2781.471435546875,179000,0.0,0.0
2015-06-24 00:00:00+09:00,2781.471684966216,2811.7050728462837,2766.3549910261822,2796.58837890625,229400,0.0,0.0
2015-06-25 00:00:00+09:00,2796.588121424607,2804.1464676987275,2766.354736328125,2766.354736328125,164800,0.0,0.0
2015-06-26 00:00:00+09:00,2796.5879062917784,2834.3796347551806,2766.3545235210563,2826.8212890625,428500,0.0,0.0
2015-06-29 00:00:00+09:00,2766.3544800813534,2773.912825655346,2736.121097785382,2743.679443359375,333200,0.0,0.0
2015-06-30 00:00:00+09:00,2728.563232421875,2743.6799262303066,2713.4465386134434,2728.563232421875,320300,0.0,0.0
2015-07-01 00:00:00+09:00,2728.5629983419904,2751.238037109375,2721.004652086195,2751.238037109375,183400,0.0,0.0
2015-07-02 00:00:00+09:00,2751.2382970861486,2804.146725876267,2751.2382970861486,2796.58837890625,590200,0.0,0.0
2015-07-03 00:00:00+09:00,2796.58837890625,2796.58837890625,2781.471684966216,2796.58837890625,202000,0.0,0.0
2015-07-06 00:00:00+09:00,2781.471171229339,2789.0295168033317,2736.121097785382,2743.679443359375,260100,0.0,0.0
2015-07-07 00:00:00+09:00,2766.3549669429535,2766.3549669429535,2721.004885517659,2728.563232421875,265400,0.0,0.0
2015-07-08 00:00:00+09:00,2728.562916685759,2736.1212627153595,2577.39599609375,2577.39599609375,754200,0.0,0.0
2015-07-09 00:00:00+09:00,2486.6960566523558,2539.60448338964,2343.087469794013,2516.929443359375,851200,0.0,0.0
2015-07-10 00:00:00+09:00,2592.512907097139,2592.512907097139,2486.696053746235,2509.37109375,392800,0.0,0.0
2015-07-13 00:00:00+09:00,2532.046136712885,2562.2795234199043,2516.929443359375,2516.929443359375,335500,0.0,0.0
2015-07-14 00:00:00+09:00,2569.8376641757245,2645.421124886775,2562.2793181046195,2607.62939453125,559400,0.0,0.0
2015-07-15 00:00:00+09:00,2645.4211529523727,2698.32957601142,2637.8628068010803,2668.09619140625,534700,0.0,0.0
2015-07-16 00:00:00+09:00,2683.2126255580356,2683.2126255580356,2630.3042075892854,2645.4208984375,213500,0.0,0.0
2015-07-17 00:00:00+09:00,2652.979243861607,2660.537589285714,2630.3042075892854,2645.4208984375,136100,0.0,0.0
2015-07-21 00:00:00+09:00,2660.537838319088,2660.537838319088,2630.3044537927353,2652.9794921875,129400,0.0,0.0
2015-07-22 00:00:00+09:00,2630.3044537927353,2675.654530582265,2622.7461076611467,2652.9794921875,218700,0.0,0.0
2015-07-23 00:00:00+09:00,2652.9794921875,2660.537838319088,2622.7461076611467,2652.9794921875,166400,0.0,0.0
2015-07-24 00:00:00+09:00,2645.421381106322,2645.421381106322,2607.629647090517,2630.3046875,172400,0.0,0.0
2015-07-27 00:00:00+09:00,2622.7460902219564,2637.862782384619,2584.9543598153,2615.187744140625,204500,0.0,0.0
2015-07-28 00:00:00+09:00,2554.720975489975,2637.862782384619,2554.720975489975,2615.187744140625,239100,0.0,0.0
2015-07-29 00:00:00+09:00,2630.304432744565,2637.86277881567,2584.9543563179345,2607.62939453125,193200,0.0,0.0
2015-07-30 00:00:00+09:00,2622.7460902219564,2645.4211284659505,2615.187744140625,2615.187744140625,283700,0.0,0.0
2015-07-31 00:00:00+09:00,2615.1875167410712,2668.0959347098214,2615.1875167410712,2645.4208984375,235000,0.0,0.0
2015-08-03 00:00:00+09:00,2622.74608667346,2630.304432744565,2600.071048460145,2607.62939453125,207100,0.0,0.0
2015-08-04 00:00:00+09:00,2607.6293980592936,2622.7460902219564,2584.9543598153,2615.187744140625,260900,0.0,0.0
2015-08-05 00:00:00+09:00,2637.862855994183,2819.2631670081096,2630.304509701936,2781.471435546875,1302400,0.0,0.0
2015-08-06 00:00:00+09:00,2819.2631703611955,2864.6132481686145,2773.913092553777,2789.02978515625,1129300,0.0,0.0
2015-08-07 00:00:00+09:00,2781.471422132555,2796.588114644145,2698.32961331881,2751.238037109375,655500,0.0,0.0
2015-08-10 00:00:00+09:00,2751.23830481317,2834.380121716865,2736.1216108306803,2819.263427734375,510000,0.0,0.0
2015-08-11 00:00:00+09:00,2841.9379804478613,2849.4963261405414,2781.471214906417,2826.8212890625,467400,0.0,0.0
2015-08-12 00:00:00+09:00,2826.821807703206,2955.3137080533515,2811.7051135443653,2917.52197265625,2115600,0.0,0.0
2015-08-13 00:00:00+09:00,2902.4048331234258,3008.2216759977173,2894.8464872038335,3000.663330078125,1533600,0.0,0.0
2015-08-14 00:00:00+09:00,2993.105236816406,3046.013662719726,2955.31350402832,3023.338623046875,1088800,0.0,0.0
2015-08-17 00:00:00+09:00,3046.013918432859,3068.6889600092823,2993.1054880878714,3053.572265625,1069600,0.0,0.0
2015-08-18 00:00:00+09:00,3038.455074472023,3053.571766384819,3008.2216906464305,3030.896728515625,763100,0.0,0.0
2015-08-19 00:00:00+09:00,3008.221901974105,3038.4552879235935,2932.6384371003837,2955.3134765625,873300,0.0,0.0
2015-08-20 00:00:00+09:00,2909.96339455629,2985.54685934996,2894.846701597556,2947.755126953125,641400,0.0,0.0
2015-08-21 00:00:00+09:00,2849.496345620671,2925.0798030641904,2834.3796541319675,2864.613037109375,737400,0.0,0.0
2015-08-24 00:00:00+09:00,2773.9127880031783,2841.937897245763,2652.979260460805,2675.654296875,1074600,0.0,0.0
2015-08-25 00:00:00+09:00,2554.7212167349603,2781.4716205871755,2441.3460148088525,2622.746337890625,1061900,0.0,0.0
2015-08-26 00:00:00+09:00,2668.096201693074,2721.004624956109,2645.421163151773,2690.771240234375,563600,0.0,0.0
2015-08-27 00:00:00+09:00,2781.471684966216,2857.055154666385,2766.3549910261822,2796.58837890625,777400,0.0,0.0
2015-08-28 00:00:00+09:00,2894.846458140866,2947.754879046835,2864.613074766027,2940.196533203125,779200,0.0,0.0
2015-08-31 00:00:00+09:00,2955.313250917377,3008.221672289299,2909.963175455729,2993.10498046875,810000,0.0,0.0
2015-09-01 00:00:00+09:00,2970.4304022121923,3023.3388317681347,2909.9636255768296,2917.52197265625,970300,0.0,0.0
2015-09-02 00:00:00+09:00,2826.821102329619,2993.1046965843025,2811.7044119428297,2925.07958984375,959400,0.0,0.0
2015-09-03 00:00:00+09:00,3000.6632999528038,3046.0133750150626,2932.638187359415,2940.196533203125,1389900,0.0,0.0
2015-09-04 00:00:00+09:00,2962.871527777778,2962.871527777778,2804.1462673611113,2857.0546875,716500,0.0,0.0
2015-09-07 00:00:00+09:00,2834.380126953125,2894.846902994792,2773.9133509114586,2834.380126953125,469700,0.0,0.0
2015-09-08 00:00:00+09:00,2849.496545343451,2864.6132378916923,2728.563004957522,2766.354736328125,415800,0.0,0.0
2015-09-09 00:00:00+09:00,2872.1713750621684,2879.729720786016,2789.0295720998424,2849.496337890625,465400,0.0,0.0
2015-09-10 00:00:00+09:00,2819.2632216416396,2925.080071783685,2796.588182325487,2909.96337890625,595300,0.0,0.0
2015-09-11 00:00:00+09:00,2887.288089762157,2909.9631271163103,2864.6130524080045,2894.846435546875,339200,0.0,0.0
2015-09-14 00:00:00+09:00,2909.96337890625,2917.5217253449678,2864.613300273945,2909.96337890625,312000,0.0,0.0
2015-09-15 00:00:00+09:00,2909.9635581230523,2909.9635581230523,2713.4465386134434,2728.563232421875,843000,0.0,0.0
2015-09-16 00:00:00+09:00,2766.354715983073,2781.471408420139,2683.21290757921,2721.004638671875,545800,0.0,0.0
2015-09-17 00:00:00+09:00,2736.1213479238013,2773.913079248716,2698.3296165988872,2758.79638671875,433900,0.0,0.0
2015-09-18 00:00:00+09:00,2728.562984890408,2736.121331108941,2690.771253797743,2721.004638671875,608900,0.0,0.0
2015-09-24 00:00:00+09:00,2675.6545235270414,2683.2128696387,2637.86279296875,2637.86279296875,362800,0.0,0.0
2015-09-25 00:00:00+09:00,2607.62941539797,2660.537838319088,2592.5127231347938,2652.9794921875,387000,0.0,0.0
2015-09-28 00:00:00+09:00,2668.0962118079738,2713.4462890625,2630.3044807625347,2713.4462890625,260200,0.0,0.0
2015-09-29 00:00:00+09:00,2713.446285652715,2781.4714014490223,2683.212900854356,2705.887939453125,905700,0.0,0.0
2015-09-30 00:00:00+09:00,2758.796651804415,2834.380121716865,2728.5632638394354,2819.263427734375,434900,0.0,0.0
2015-10-01 00:00:00+09:00,2834.379886059051,2857.054925147523,2758.7964224308093,2841.938232421875,452900,0.0,0.0
2015-10-02 00:00:00+09:00,2834.3801498413086,2909.963620503743,2826.821802775065,2902.4052734375,545400,0.0,0.0
2015-10-05 00:00:00+09:00,2940.1970087687173,2962.8720499674478,2879.7302322387695,2902.4052734375,453400,0.0,0.0
2015-10-06 00:00:00+09:00,2909.9633628443667,2917.5217092413654,2834.3798988743833,2872.171630859375,515400,0.0,0.0
2015-10-07 00:00:00+09:00,2887.288330078125,2902.405022905759,2841.9382515952225,2887.288330078125,890100,0.0,0.0
2015-10-08 00:00:00+09:00,2879.7297439774397,2940.1965102551812,2857.0547066232866,2894.846435546875,637100,0.0,0.0
2015-10-09 00:00:00+09:00,2909.963421737939,3015.7802734375,2887.288382088033,3015.7802734375,1257500,0.0,0.0
2015-10-13 00:00:00+09:00,3008.2221824721537,3076.2473072014236,3008.2221824721537,3053.572265625,1131900,0.0,0.0
2015-10-14 00:00:00+09:00,3015.779991640223,3106.4801417647413,2932.638187359415,2940.196533203125,1517400,0.0,0.0
2015-10-15 00:00:00+09:00,2947.755183660605,3098.922116156021,2947.755183660605,3091.36376953125,1428100,0.0,0.0
2015-10-16 00:00:00+09:00,3061.130078374123,3106.4801536092955,2940.196544413664,2962.87158203125,1368200,0.0,0.0
2015-10-19 00:00:00+09:00,2940.196577038848,3068.6884582976154,2909.9631932132556,3030.896728515625,1256100,0.0,0.0
2015-10-20 00:00:00+09:00,3030.897173563639,3046.013867696126,2887.2885793050127,2902.4052734375,916600,0.0,0.0
2015-10-21 00:00:00+09:00,2909.9636255768296,2955.3137080533515,2879.7302372591485,2917.52197265625,707700,0.0,0.0
2015-10-22 00:00:00+09:00,2902.405022905759,2932.6384085610275,2857.0549444228564,2887.288330078125,572400,0.0,0.0
2015-10-23 00:00:00+09:00,2962.8720499674478,2962.8720499674478,2879.7302322387695,2902.4052734375,503900,0.0,0.0
2015-10-26 00:00:00+09:00,2894.846656961644,2894.846656961644,2826.821539696227,2841.938232421875,694700,0.0,0.0
2015-10-27 00:00:00+09:00,2834.3796228784113,2849.4963142004294,2804.146240234375,2804.146240234375,538600,0.0,0.0
2015-10-28 00:00:00+09:00,2804.146240234375,2841.9379685394206,2781.4712032513476,2804.146240234375,524800,0.0,0.0
2015-10-29 00:00:00+09:00,2834.37987296812,2841.9382192960347,2781.471448672715,2811.704833984375,716000,0.0,0.0
2015-10-30 00:00:00+09:00,2789.02976838835,2796.588114644145,2721.004652086195,2751.238037109375,742300,0.0,0.0
2015-11-02 00:00:00+09:00,2705.8881753411088,2743.6799096335826,2660.538094190141,2683.213134765625,777900,0.0,0.0
2015-11-04 00:00:00+09:00,2690.771461925287,2705.888155531609,2592.5129534841954,2630.3046875,968600,0.0,0.0
2015-11-05 00:00:00+09:00,2630.3044291651527,2637.862775225972,2577.396006739417,2600.071044921875,888300,0.0,0.0
2015-11-06 00:00:00+09:00,2637.863034303161,2668.0964215158046,2600.0713002873563,2630.3046875,841600,0.0,0.0
2015-11-09 00:00:00+09:00,2652.979260460805,2705.887678760593,2615.1875331038136,2675.654296875,824000,0.0,0.0
2015-11-10 00:00:00+09:00,2652.979509332207,2698.3295864148085,2645.421163151773,2690.771240234375,734400,0.0,0.0
2015-11-11 00:00:00+09:00,2713.4462924533423,2751.238023546007,2705.887946234809,2721.004638671875,504100,0.0,0.0
2015-11-12 00:00:00+09:00,2751.237995494496,2758.7963416359644,2645.4211495139384,2660.537841796875,887300,0.0,0.0
2015-11-13 00:00:00+09:00,2622.7461076611467,2675.654530582265,2615.1877615295584,2652.9794921875,577100,0.0,0.0
2015-11-16 00:00:00+09:00,2592.512939453125,2622.746326502141,2584.954592690871,2592.512939453125,437200,0.0,0.0
2015-11-17 00:00:00+09:00,2607.6296329776333,2637.8630200266493,2577.396245928617,2592.512939453125,473000,0.0,0.0
2015-11-18 00:00:00+09:00,2607.6291200536243,2615.187465329142,2539.6040125739646,2554.720703125,625600,0.0,0.0
2015-11-19 00:00:00+09:00,2562.2790570427387,2569.83740234375,2539.6040211397058,2569.83740234375,317200,0.0,0.0
2015-11-20 00:00:00+09:00,2569.83765006415,2577.39599609375,2547.162611975348,2577.39599609375,337100,0.0,0.0
2015-11-24 00:00:00+09:00,2592.5127023890395,2622.74608667346,2592.5127023890395,2607.62939453125,301600,0.0,0.0
2015-11-25 00:00:00+09:00,2615.187740602355,2637.86277881567,2584.9543563179345,2607.62939453125,477500,0.0,0.0
2015-11-26 00:00:00+09:00,2622.746111089533,2660.537841796875,2615.187764948065,2660.537841796875,416200,0.0,0.0
2015-11-27 00:00:00+09:00,2668.0959514036017,2705.887678760593,2660.5376059322034,2675.654296875,568000,0.0,0.0
2015-11-30 00:00:00+09:00,2660.5378170289855,2668.0961631000905,2584.9543563179345,2607.62939453125,376800,0.0,0.0
2015-12-01 00:00:00+09:00,2607.629647090517,2630.3046875,2584.9546066810344,2630.3046875,288700,0.0,0.0
2015-12-02 00:00:00+09:00,2630.3044707909057,2713.4462787756756,2622.746124610472,2690.771240234375,791100,0.0,0.0
2015-12-03 00:00:00+09:00,2698.329333289195,2721.0043697033902,2668.0959514036017,2675.654296875,376500,0.0,0.0
2015-12-04 00:00:00+09:00,2637.86279296875,2645.4211390804085,2615.187754633775,2637.86279296875,291900,0.0,0.0
2015-12-07 00:00:00+09:00,2698.3295618620164,2698.3295618620164,2637.86279296875,2637.86279296875,290100,0.0,0.0
2015-12-08 00:00:00+09:00,2637.86277881567,2660.5378170289855,2592.5127023890395,2607.62939453125,315800,0.0,0.0
2015-12-09 00:00:00+09:00,2584.954592690871,2615.187979739887,2577.396245928617,2592.512939453125,529300,0.0,0.0
2015-12-10 00:00:00+09:00,2577.395981604692,2600.0710195660236,2539.6042516691396,2547.16259765625,409500,0.0,0.0
2015-12-11 00:00:00+09:00,2532.0459020705453,2562.279285975865,2516.9292101178853,2539.604248046875,352700,0.0,0.0
2015-12-14 00:00:00+09:00,2486.6960566523558,2532.046136712885,2471.5793632988457,2516.929443359375,361300,0.0,0.0
2015-12-15 00:00:00+09:00,2516.9294284727516,2539.6044683689024,2471.5793486804496,2479.1376953125,360700,0.0,0.0
2015-12-16 00:00:00+09:00,2494.2544062266093,2532.046139654285,2494.2544062266093,2524.48779296875,278100,0.0,0.0
2015-12-17 00:00:00+09:00,2554.720711741728,2600.070783547794,2554.720711741728,2569.83740234375,445200,0.0,0.0
2015-12-18 00:00:00+09:00,2562.279520425452,2600.07125376506,2509.37109375,2509.37109375,1027000,0.0,0.0
2015-12-21 00:00:00+09:00,2486.6960566523558,2524.48779003613,2479.1377099756005,2516.929443359375,508400,0.0,0.0
2015-12-22 00:00:00+09:00,2516.929440417922,2532.0461337537654,2501.812747082078,2509.37109375,270900,0.0,0.0
2015-12-24 00:00:00+09:00,2509.370573918269,2524.487264122596,2433.7871228966346,2456.462158203125,818400,0.0,0.0
2015-12-25 00:00:00+09:00,2456.462158203125,2456.462158203125,2456.462158203125,2456.462158203125,0,0.0,0.0
2015-12-28 00:00:00+09:00,2433.7873721808105,2494.254139191514,2433.7873721808105,2471.5791015625,285200,0.0,0.0
2015-12-29 00:00:00+09:00,2584.9543598153,2652.9794745472814,2569.8376676526373,2615.187744140625,1281800,0.0,0.0
2015-12-30 00:00:00+09:00,2645.4211390804085,2645.4211390804085,2592.5127162988,2637.86279296875,439000,0.0,0.0
2016-01-04 00:00:00+09:00,2615.187474149816,2637.8625100528493,2569.83740234375,2569.83740234375,354100,0.0,0.0
2016-01-05 00:00:00+09:00,2554.720711741728,2600.070783547794,2532.045675838695,2569.83740234375,358400,0.0,0.0
2016-01-06 00:00:00+09:00,2562.279541015625,2592.5129279302637,2547.1628475583057,2562.279541015625,350600,0.0,0.0
2016-01-07 00:00:00+09:00,2562.279526396426,2607.629606509637,2524.48779296875,2524.48779296875,374200,0.0,0.0
2016-01-08 00:00:00+09:00,2479.137701231061,2577.396207682292,2464.0210079308713,2494.25439453125,872900,0.0,0.0
2016-01-12 00:00:00+09:00,2524.4877841177304,2592.5129040490465,2494.25439748159,2501.812744140625,899700,0.0,0.0
2016-01-13 00:00:00+09:00,2554.720753348214,2675.6542801339283,2539.6040625,2645.4208984375,1709300,0.0,0.0
2016-01-14 00:00:00+09:00,2562.279314617778,2600.071044921875,2532.0459303745006,2600.071044921875,1101100,0.0,0.0
2016-01-15 00:00:00+09:00,2630.304673264395,2652.979713551157,2569.837899166363,2592.512939453125,816200,0.0,0.0
2016-01-18 00:00:00+09:00,2516.928976747411,2569.8373936760354,2486.6955956453403,2554.720703125,596800,0.0,0.0
2016-01-19 00:00:00+09:00,2577.396006739417,2630.3044291651527,2569.8376606785973,2600.071044921875,635400,0.0,0.0
2016-01-20 00:00:00+09:00,2615.187915493983,2615.187915493983,2411.112557926533,2433.78759765625,1197600,0.0,0.0
2016-01-21 00:00:00+09:00,2418.6706189710612,2494.254075813907,2350.6455078125,2350.6455078125,1325500,0.0,0.0
2016-01-22 00:00:00+09:00,2433.7876036844136,2456.462643470293,2388.437524112654,2448.904296875,542100,0.0,0.0
2016-01-25 00:00:00+09:00,2479.1376801954334,2479.1376801954334,2395.995867749855,2441.345947265625,492500,0.0,0.0
2016-01-26 00:00:00+09:00,2403.5542143358166,2486.696026781395,2403.5542143358166,2441.345947265625,473500,0.0,0.0
2016-01-27 00:00:00+09:00,2494.2544033291106,2547.1628300663947,2479.1377099756005,2516.929443359375,512800,0.0,0.0
2016-01-28 00:00:00+09:00,2516.928976747411,2592.512429502589,2509.3706314718934,2554.720703125,406400,0.0,0.0
2016-01-29 00:00:00+09:00,2562.279345288155,2675.6545375575424,2554.7209991368627,2668.09619140625,796000,0.0,0.0
2016-02-01 00:00:00+09:00,2705.887946234809,2743.679677327474,2690.771253797743,2721.004638671875,606500,0.0,0.0
2016-02-02 00:00:00+09:00,2713.4467732405465,2736.1218159138657,2668.0966878939075,2698.330078125,387600,0.0,0.0
2016-02-03 00:00:00+09:00,2652.9794745472814,2660.5378206286127,2577.3960137339686,2615.187744140625,806000,0.0,0.0
2016-02-04 00:00:00+09:00,2600.071044921875,2637.862775225972,2577.396006739417,2600.071044921875,405500,0.0,0.0
2016-02-05 00:00:00+09:00,2584.9543421233507,2615.1877262417524,2524.487573886547,2577.39599609375,394200,0.0,0.0
2016-02-08 00:00:00+09:00,2532.0457170758928,2683.2126255580356,2532.0457170758928,2645.4208984375,368800,0.0,0.0
2016-02-09 00:00:00+09:00,2547.1623578494823,2577.395738951553,2516.928976747411,2554.720703125,517300,0.0,0.0
2016-02-10 00:00:00+09:00,2562.279492641012,2607.629572156782,2365.762481406008,2441.345947265625,719500,0.0,0.0
2016-02-12 00:00:00+09:00,2380.879115054482,2426.229193436472,2267.5039190995067,2297.7373046875,931000,0.0,0.0
2016-02-15 00:00:00+09:00,2403.5542173032404,2471.5793366608796,2327.9707513503085,2448.904296875,809400,0.0,0.0
2016-02-16 00:00:00+09:00,2418.6709075077397,2501.8127199533183,2403.5542143358166,2441.345947265625,639300,0.0,0.0
2016-02-17 00:00:00+09:00,2441.345426535305,2464.020461456685,2343.086941875989,2388.43701171875,519100,0.0,0.0
2016-02-18 00:00:00+09:00,2433.787334261632,2448.904025778785,2380.878913951597,2395.99560546875,473600,0.0,0.0
2016-02-19 00:00:00+09:00,2365.7624222604854,2373.3207686574838,2267.5039190995067,2297.7373046875,642700,0.0,0.0
2016-02-22 00:00:00+09:00,2267.5038930532096,2282.620585673564,2207.0371225717904,2237.2705078125,818600,0.0,0.0
2016-02-23 00:00:00+09:00,2252.387438673208,2267.5041328924913,2191.920661796075,2214.595703125,506500,0.0,0.0
2016-02-24 00:00:00+09:00,2176.804204252577,2214.59594390974,2131.454116663982,2199.479248046875,447500,0.0,0.0
2016-02-25 00:00:00+09:00,2229.711922282723,2259.945304279777,2191.920194786406,2244.82861328125,475800,0.0,0.0
2016-02-26 00:00:00+09:00,2252.3871971001063,2267.503889698093,2214.5954656051376,2229.712158203125,370900,0.0,0.0
2016-02-29 00:00:00+09:00,1761.0948855492377,1904.7034813665575,1677.953066918158,1874.4700927734375,4104400,0.0,0.0
2016-03-01 00:00:00+09:00,1874.4696710759943,2010.5198891379616,1874.4696710759943,1995.4031982421875,1513900,0.0,0.0
2016-03-02 00:00:00+09:00,1995.403535617618,1995.403535617618,1897.145028181902,1919.820068359375,1465200,0.0,0.0
2016-03-03 00:00:00+09:00,1950.0533380508425,1965.1700305938723,1904.703260421753,1934.9366455078125,642500,0.0,0.0
2016-03-04 00:00:00+09:00,1919.8199529647827,1957.6116843223574,1897.144914150238,1934.9366455078125,667900,0.0,0.0
2016-03-07 00:00:00+09:00,1950.0533380508425,1957.6116843223574,1912.2616066932678,1934.9366455078125,396500,0.0,0.0
2016-03-08 00:00:00+09:00,1927.3781661082633,1934.9365118577075,1866.91140011271,1912.261474609375,431400,0.0,0.0
2016-03-09 00:00:00+09:00,1889.5863080879608,1912.2613437850164,1866.9112723909052,1897.1446533203125,289800,0.0,0.0
2016-03-10 00:00:00+09:00,1897.1451440235926,1919.8201855856275,1889.5867968362477,1904.7034912109375,275200,0.0,0.0
2016-03-11 00:00:00+09:00,1882.028461382083,1957.6119337267448,1874.4701141476166,1942.4952392578125,433700,0.0,0.0
2016-03-14 00:00:00+09:00,1965.1700755931713,2063.42857937283,1965.1700755931713,2040.7535400390625,528400,0.0,0.0
2016-03-15 00:00:00+09:00,2040.753659386617,2048.312006273234,1995.4035780669144,2033.1953125,538100,0.0,0.0
2016-03-16 00:00:00+09:00,2033.195096563346,2131.453595653768,2025.6367504794675,2093.661865234375,696000,0.0,0.0
2016-03-17 00:00:00+09:00,2131.4538521902905,2191.920628138951,2086.103770228795,2116.337158203125,574200,0.0,0.0
2016-03-18 00:00:00+09:00,2116.3366611398383,2154.1283872316208,2048.3115541746292,2101.219970703125,549900,0.0,0.0
2016-03-22 00:00:00+09:00,2101.220218343974,2116.336910562276,2040.753449470766,2108.778564453125,599300,0.0,0.0
2016-03-23 00:00:00+09:00,2116.336934549825,2184.3620503032125,2093.661895965363,2161.68701171875,503300,0.0,0.0
2016-03-24 00:00:00+09:00,2169.245138089951,2237.2702469499145,2154.1284472321813,2207.036865234375,542000,0.0,0.0
2016-03-25 00:00:00+09:00,2252.387417763158,2297.7374999999997,2123.8955180921052,2154.12890625,851100,0.0,0.0
2016-03-28 00:00:00+09:00,2184.361807899608,2184.361807899608,2146.570081119338,2169.2451171875,373400,0.0,0.0
2016-03-29 00:00:00+09:00,2184.57572147764,2261.2275011786096,2184.57572147764,2222.901611328125,354700,40.0,0.0
2016-03-30 00:00:00+09:00,2222.901532854353,2222.901532854353,2115.5890450613842,2146.249755859375,567300,0.0,0.0
2016-03-31 00:00:00+09:00,2161.5802539745414,2207.571323208042,2153.9150757689576,2192.240966796875,382000,0.0,0.0
2016-04-01 00:00:00+09:00,2199.9061450024587,2215.2365014136253,2153.9150757689576,2192.240966796875,458300,0.0,0.0
2016-04-04 00:00:00+09:00,2169.2452889578685,2184.575644356864,2115.5890450613842,2146.249755859375,332500,0.0,0.0
2016-04-05 00:00:00+09:00,2146.2497837869005,2153.9149615861393,2077.26318359375,2077.26318359375,682600,0.0,0.0
2016-04-06 00:00:00+09:00,2069.598180042614,2115.589250710227,2038.9374662642047,2107.924072265625,341200,0.0,0.0
2016-04-07 00:00:00+09:00,2107.924073131372,2207.5713929521276,2107.924073131372,2161.580322265625,488000,0.0,0.0
2016-04-08 00:00:00+09:00,2123.254228651731,2222.9015390216678,2115.5890509309666,2199.906005859375,335700,0.0,0.0
2016-04-11 00:00:00+09:00,2192.240932888455,2215.2364671495225,2161.5802205403647,2207.5712890625,305800,0.0,0.0
2016-04-12 00:00:00+09:00,2192.240932888455,2238.2320014105903,2184.575754801432,2207.5712890625,253900,0.0,0.0
2016-04-13 00:00:00+09:00,2222.901750716371,2230.5669291671175,2176.9106800118943,2215.236572265625,399400,0.0,0.0
2016-04-14 00:00:00+09:00,2238.2319060164036,2314.883683619705,2238.2319060164036,2307.218505859375,718100,0.0,0.0
2016-04-15 00:00:00+09:00,2314.884033203125,2360.8751067104718,2284.2233175315605,2314.884033203125,1150300,0.0,0.0
2016-04-18 00:00:00+09:00,2307.218614102953,2399.2007515422733,2299.55343598301,2368.5400390625,936800,0.0,0.0
2016-04-19 00:00:00+09:00,2399.2007515422733,2414.5311077821602,2345.5445047026697,2368.5400390625,470100,0.0,0.0
2016-04-20 00:00:00+09:00,2376.2053571428573,2391.535714285714,2337.879464285714,2360.875,279600,0.0,0.0
2016-04-21 00:00:00+09:00,2383.87042971931,2383.87042971931,2330.214182105049,2353.209716796875,275200,0.0,0.0
2016-04-22 00:00:00+09:00,2345.5445047026697,2376.2052171824434,2330.214148462783,2368.5400390625,297800,0.0,0.0
2016-04-25 00:00:00+09:00,2360.8747893688724,2368.5399672564336,2307.2185441559436,2345.54443359375,284500,0.0,0.0
2016-04-26 00:00:00+09:00,2314.883751249474,2330.2141072180134,2253.562327375316,2276.557861328125,439300,0.0,0.0
2016-04-27 00:00:00+09:00,2276.5579677894466,2345.544572873975,2276.5579677894466,2337.87939453125,330700,0.0,0.0
2016-04-28 00:00:00+09:00,2353.209749567429,2353.209749567429,2276.557966193897,2284.22314453125,357100,0.0,0.0
2016-05-02 00:00:00+09:00,2199.9060443198846,2253.5622893032964,2199.9060443198846,2238.23193359375,257400,0.0,0.0
2016-05-06 00:00:00+09:00,2222.901679619209,2222.901679619209,2169.2454321801247,2192.240966796875,280700,0.0,0.0
2016-05-09 00:00:00+09:00,2215.236537867805,2253.5624295264174,2207.5713595360826,2230.56689453125,245700,0.0,0.0
2016-05-10 00:00:00+09:00,2230.5666899809967,2284.2229333826012,2199.9059794657937,2268.892578125,219000,0.0,0.0
2016-05-11 00:00:00+09:00,2253.5622893032964,2261.2274671580694,2207.5712221746576,2238.23193359375,319200,0.0,0.0
2016-05-12 00:00:00+09:00,2207.571255387931,2245.8971452384158,2207.571255387931,2222.901611328125,234200,0.0,0.0
2016-05-13 00:00:00+09:00,2215.236355154855,2215.236355154855,2138.5845781598773,2146.249755859375,323900,0.0,0.0
2016-05-16 00:00:00+09:00,2138.584463680492,2184.575527415556,2069.5978680778953,2084.92822265625,502600,0.0,0.0
2016-05-17 00:00:00+09:00,2092.5934087281585,2153.9148272989473,2084.92823140681,2138.58447265625,277600,0.0,0.0
2016-05-18 00:00:00+09:00,2153.9150757689576,2215.2365014136253,2138.5847193577906,2192.240966796875,443800,0.0,0.0
2016-05-19 00:00:00+09:00,2192.240755322953,2199.9059327891173,2146.249690525968,2176.910400390625,294900,0.0,0.0
2016-05-20 00:00:00+09:00,2184.575650417846,2207.5711835801394,2153.9149395347886,2199.906005859375,336200,0.0,0.0
2016-05-23 00:00:00+09:00,2207.571255387931,2230.566789298222,2184.57572147764,2222.901611328125,365800,0.0,0.0
2016-05-24 00:00:00+09:00,2222.9017178324243,2314.8838578806626,2222.9017178324243,2284.22314453125,519300,0.0,0.0
2016-05-25 00:00:00+09:00,2307.21875,2307.21875,2245.8973214285716,2253.5625,448300,0.0,0.0
2016-05-26 00:00:00+09:00,2268.8928230713695,2345.5446076345916,2261.2276446150477,2322.549072265625,447500,0.0,0.0
2016-05-27 00:00:00+09:00,2307.2185441559436,2360.8747893688724,2291.888188380821,2345.54443359375,544500,0.0,0.0
2016-05-30 00:00:00+09:00,2376.2051833174237,2399.2007173495276,2360.874827296021,2383.870361328125,351600,0.0,0.0
2016-05-31 00:00:00+09:00,2368.540143806704,2376.205322265625,2337.879429971018,2376.205322265625,544600,0.0,0.0
2016-06-01 00:00:00+09:00,2368.5401079021517,2368.5401079021517,2322.549037845799,2337.87939453125,260800,0.0,0.0
2016-06-02 00:00:00+09:00,2322.5491424866746,2322.5491424866746,2276.5580703582255,2291.888427734375,491700,0.0,0.0
2016-06-03 00:00:00+09:00,2291.8882172966646,2314.883751249474,2268.892683343855,2276.557861328125,241800,0.0,0.0
2016-06-06 00:00:00+09:00,2230.567067498676,2276.5581410553496,2222.9018885725636,2261.227783203125,206000,0.0,0.0
2016-06-07 00:00:00+09:00,2261.2274671580694,2268.8926450128424,2230.566755738977,2238.23193359375,151700,0.0,0.0
2016-06-08 00:00:00+09:00,2261.227783203125,2268.8929621292373,2238.232246424788,2261.227783203125,199100,0.0,0.0
2016-06-09 00:00:00+09:00,2261.2278190326365,2268.8929980802045,2230.5671028423635,2245.8974609375,198000,0.0,0.0
2016-06-10 00:00:00+09:00,2261.2276785714284,2261.2276785714284,2245.8973214285716,2253.5625,228400,0.0,0.0
2016-06-13 00:00:00+09:00,2230.566819812055,2230.566819812055,2146.2498609875447,2153.9150390625,289800,0.0,0.0
2016-06-14 00:00:00+09:00,2107.924072265625,2146.2499644886366,2084.928536931818,2107.924072265625,308400,0.0,0.0
2016-06-15 00:00:00+09:00,2115.5890779563847,2153.9149670497977,2100.25872231902,2130.91943359375,252200,0.0,0.0
2016-06-16 00:00:00+09:00,2138.584930762816,2146.2501097261234,2038.9376042398173,2046.602783203125,283000,0.0,0.0
2016-06-17 00:00:00+09:00,2077.263254875684,2115.589145187044,2069.5980768134123,2100.2587890625,263100,0.0,0.0
2016-06-20 00:00:00+09:00,2115.589250710227,2130.919607599432,2100.258893821023,2107.924072265625,187200,0.0,0.0
2016-06-21 00:00:00+09:00,2107.923967124772,2107.923967124772,2061.9328987511403,2100.2587890625,206900,0.0,0.0
2016-06-22 00:00:00+09:00,2115.589393872893,2115.589393872893,2023.6072463132023,2046.602783203125,192700,0.0,0.0
2016-06-23 00:00:00+09:00,2077.2633593403702,2169.2455007133753,2069.59818089262,2161.580322265625,384500,0.0,0.0
2016-06-24 00:00:00+09:00,2192.2410902491156,2207.571447523585,1946.9553738576062,2031.2723388671875,490800,0.0,0.0
2016-06-27 00:00:00+09:00,2046.6025426265967,2130.9195013115877,2031.272186502053,2100.2587890625,346400,0.0,0.0
2016-06-28 00:00:00+09:00,2069.5979788643976,2161.580111258371,2038.9372680664064,2146.249755859375,300800,0.0,0.0
2016-06-29 00:00:00+09:00,2169.2452949763174,2222.9015390216678,2161.580117255553,2199.906005859375,337600,0.0,0.0
2016-06-30 00:00:00+09:00,2222.901750716371,2238.232107617863,2184.5758584626406,2215.236572265625,323600,0.0,0.0
2016-07-01 00:00:00+09:00,2215.2364671495225,2230.566823323568,2192.240932888455,2207.5712890625,128200,0.0,0.0
2016-07-04 00:00:00+09:00,2215.236433358028,2268.892679148707,2199.906077417834,2222.901611328125,256600,0.0,0.0
2016-07-05 00:00:00+09:00,2238.23193359375,2245.897111448523,2215.2364000294306,2238.23193359375,177700,0.0,0.0
2016-07-06 00:00:00+09:00,2230.566716742432,2238.2318944631966,2176.910472697082,2199.906005859375,215800,0.0,0.0
2016-07-07 00:00:00+09:00,2184.575644356864,2192.2408220563616,2123.254222760882,2146.249755859375,205400,0.0,0.0
2016-07-08 00:00:00+09:00,2176.910466657366,2184.575644356864,2123.254222760882,2146.249755859375,196500,0.0,0.0
2016-07-11 00:00:00+09:00,2146.249755859375,2146.249755859375,2146.249755859375,2146.249755859375,0,0.0,0.0
2016-07-12 00:00:00+09:00,2376.2053571428573,2437.526785714286,2353.2098214285716,2360.875,936500,0.0,0.0
2016-07-13 00:00:00+09:00,2414.530900116939,2445.191609959694,2376.205012813495,2406.86572265625,485600,0.0,0.0
2016-07-14 00:00:00+09:00,2399.2005128498317,2429.8612222792226,2391.535335492484,2422.196044921875,289400,0.0,0.0
2016-07-15 00:00:00+09:00,2422.1962859021037,2422.1962859021037,2353.209682822613,2368.5400390625,294400,0.0,0.0
2016-07-19 00:00:00+09:00,2383.870535714286,2383.870535714286,2330.214285714286,2360.875,264500,0.0,0.0
2016-07-20 00:00:00+09:00,2360.8746260630933,2429.8612222792226,2337.87909399105,2422.196044921875,400400,0.0,0.0
2016-07-21 00:00:00+09:00,2483.5179252164908,2575.500070594879,2452.857210090361,2544.83935546875,1120700,0.0,0.0
2016-07-22 00:00:00+09:00,2506.513217397837,2521.843573467548,2445.1917931189905,2491.182861328125,442400,0.0,0.0
2016-07-25 00:00:00+09:00,2460.5220388899843,2491.1827496549686,2422.196150433754,2429.861328125,364800,0.0,0.0
2016-07-26 00:00:00+09:00,2414.5310772589914,2460.522145397258,2383.870365166814,2437.526611328125,307800,0.0,0.0
2016-07-27 00:00:00+09:00,2468.187363873106,2529.5087890625,2452.8570075757575,2529.5087890625,519400,0.0,0.0
2016-07-28 00:00:00+09:00,2483.5178571428573,2621.4910714285716,2483.5178571428573,2575.5,958500,0.0,0.0
2016-07-29 00:00:00+09:00,2598.4949170489645,2636.82080078125,2552.5038565702216,2636.82080078125,605200,0.0,0.0
2016-08-01 00:00:00+09:00,2621.490929849778,2636.8212861646884,2575.4998609050444,2583.1650390625,411000,0.0,0.0
2016-08-02 00:00:00+09:00,2567.834891813347,2575.500070594879,2521.8438191241526,2544.83935546875,251200,0.0,0.0
2016-08-03 00:00:00+09:00,2468.1875,2498.848214285714,2445.191964285714,2468.1875,372700,0.0,0.0
2016-08-04 00:00:00+09:00,2475.8524673461916,2483.517645263672,2445.1917556762696,2452.85693359375,279000,0.0,0.0
2016-08-05 00:00:00+09:00,2483.517784705529,2491.1829630533853,2376.2052878355366,2391.53564453125,370700,0.0,0.0
2016-08-08 00:00:00+09:00,2429.8615714780744,2437.526749936996,2353.209786888861,2376.205322265625,441500,0.0,0.0
2016-08-09 00:00:00+09:00,2353.2100593687996,2437.5270321800595,2307.2189832899307,2414.531494140625,375100,0.0,0.0
2016-08-10 00:00:00+09:00,2376.2052878355366,2414.53117957482,2360.8749311398237,2391.53564453125,269700,0.0,0.0
2016-08-12 00:00:00+09:00,2391.5355393388263,2414.5310733709307,2376.2051833174237,2383.870361328125,162900,0.0,0.0
2016-08-15 00:00:00+09:00,2383.8704645876023,2391.535642930328,2314.883859503074,2337.87939453125,352600,0.0,0.0
2016-08-16 00:00:00+09:00,2330.2141072180134,2337.879285202283,2276.557861328125,2276.557861328125,351700,0.0,0.0
2016-08-17 00:00:00+09:00,2261.2275011786096,2276.557857118804,2215.236433358028,2222.901611328125,401600,0.0,0.0
2016-08-18 00:00:00+09:00,2207.571110255282,2215.236287721446,2169.245222924461,2176.910400390625,475800,0.0,0.0
2016-08-19 00:00:00+09:00,2192.240929437278,2192.240929437278,2146.2498609875447,2153.9150390625,317800,0.0,0.0
2016-08-22 00:00:00+09:00,2161.5802539745414,2207.571323208042,2161.5802539745414,2192.240966796875,231100,0.0,0.0
2016-08-23 00:00:00+09:00,2192.241036913387,2238.232107617863,2176.9106800118943,2215.236572265625,327800,0.0,0.0
2016-08-24 00:00:00+09:00,2238.231820119938,2238.231820119938,2161.580045458297,2176.910400390625,312200,0.0,0.0
2016-08-25 00:00:00+09:00,2169.2455007133753,2176.910679161126,2146.2499653701243,2161.580322265625,212200,0.0,0.0
2016-08-26 00:00:00+09:00,2161.58014486848,2161.58014486848,2123.2542557750676,2130.91943359375,185800,0.0,0.0
2016-08-29 00:00:00+09:00,2161.580111258371,2169.2452889578685,2123.254222760882,2146.249755859375,253500,0.0,0.0
2016-08-30 00:00:00+09:00,2123.254323249316,2146.2498574361316,2100.2587890625,2100.2587890625,489200,0.0,0.0
2016-08-31 00:00:00+09:00,2123.2541180135527,2146.2496499775984,2115.5889406922042,2138.58447265625,438700,0.0,0.0
2016-09-01 00:00:00+09:00,2169.2454644488944,2169.2454644488944,2115.5892162116425,2123.25439453125,284000,0.0,0.0
2016-09-02 00:00:00+09:00,2107.9239001377023,2130.91943359375,2100.25872231902,2130.91943359375,274700,0.0,0.0
2016-09-05 00:00:00+09:00,2146.249823086504,2153.9150010260983,2115.589111328125,2115.589111328125,210400,0.0,0.0
2016-09-06 00:00:00+09:00,2115.5891156415637,2176.910539283348,2115.5891156415637,2169.245361328125,382100,0.0,0.0
2016-09-07 00:00:00+09:00,2153.9150757689576,2207.571323208042,2146.2498975633744,2192.240966796875,353000,0.0,0.0
2016-09-08 00:00:00+09:00,2192.240755322953,2199.9059327891173,2169.245222924461,2176.910400390625,210400,0.0,0.0
2016-09-09 00:00:00+09:00,2161.5802171374557,2176.910573287367,2146.2498609875447,2153.9150390625,230400,0.0,0.0
2016-09-12 00:00:00+09:00,2123.25439453125,2138.5847511704646,2115.5892162116425,2123.25439453125,209800,0.0,0.0
2016-09-13 00:00:00+09:00,2130.919607599432,2138.584786044034,2100.258893821023,2107.924072265625,158500,0.0,0.0
2016-09-14 00:00:00+09:00,2092.5933999454273,2100.2585772346047,2069.5978680778953,2084.92822265625,172900,0.0,0.0
2016-09-15 00:00:00+09:00,2069.5983200930477,2069.5983200930477,2031.2724252765097,2046.602783203125,344500,0.0,0.0
2016-09-16 00:00:00+09:00,2069.5976872230644,2069.5976872230644,2038.9369807456856,2054.267333984375,214700,0.0,0.0
2016-09-20 00:00:00+09:00,2046.6024669300427,2061.9328224875712,2008.2765780362217,2023.60693359375,225900,0.0,0.0
2016-09-21 00:00:00+09:00,2008.276274268307,2061.9325106037195,1992.9459210296175,2054.267333984375,381300,0.0,0.0
2016-09-23 00:00:00+09:00,2061.9329662181713,2092.5936794704858,2046.6026095920138,2069.59814453125,207300,0.0,0.0
2016-09-26 00:00:00+09:00,2069.598232053361,2077.2634106905957,2031.2723388671875,2031.2723388671875,156900,0.0,0.0
2016-09-27 00:00:00+09:00,2008.2767857142858,2038.9375,1969.950892857143,2038.9375,334100,0.0,0.0
2016-09-28 00:00:00+09:00,2031.2721496355134,2077.263217174431,2031.2721496355134,2061.932861328125,291200,0.0,0.0
2016-09-29 00:00:00+09:00,2077.263217174431,2092.5935730207366,2061.932861328125,2061.932861328125,259700,0.0,0.0
2016-09-30 00:00:00+09:00,2023.6068772536057,2023.6068772536057,1992.9461669921875,1992.9461669921875,339700,0.0,0.0
2016-10-03 00:00:00+09:00,1992.9461669921875,2000.611344557542,1977.6158118614783,1992.9461669921875,271500,0.0,0.0
2016-10-04 00:00:00+09:00,1992.9464285714287,2000.611607142857,1977.6160714285713,1985.28125,233300,0.0,0.0
2016-10-05 00:00:00+09:00,1985.281044699929,2023.6069335937502,1969.9506891424007,2023.60693359375,299500,0.0,0.0
2016-10-06 00:00:00+09:00,2015.9420166015625,2023.6071953719106,2000.6116590608663,2015.9420166015625,236200,0.0,0.0
2016-10-07 00:00:00+09:00,2015.9416996882512,2023.6068772536057,1969.9506342961238,1992.9461669921875,263200,0.0,0.0
2016-10-11 00:00:00+09:00,1992.9461669921875,2031.2720548189604,1985.280989426833,1992.9461669921875,341600,0.0,0.0
2016-10-12 00:00:00+09:00,1985.28125,2008.2767857142858,1977.6160714285713,1985.28125,245500,0.0,0.0
2016-10-13 00:00:00+09:00,2008.2765221228967,2008.2765221228967,1977.6158118614783,1992.9461669921875,255400,0.0,0.0
2016-10-14 00:00:00+09:00,1985.28130152017,2015.9420166015625,1977.616122749822,2015.9420166015625,304200,0.0,0.0
2016-10-17 00:00:00+09:00,2000.611344557542,2008.2765221228967,1985.280989426833,1992.9461669921875,204900,0.0,0.0
2016-10-18 00:00:00+09:00,2000.6114002574575,2031.2721113725142,1985.281044699929,2023.60693359375,346400,0.0,0.0
2016-10-19 00:00:00+09:00,2038.9372945975554,2100.258716991467,2031.2721167983166,2077.26318359375,526100,0.0,0.0
2016-10-20 00:00:00+09:00,2077.2630453670727,2100.2585772346047,2077.2630453670727,2084.92822265625,316000,0.0,0.0
2016-10-21 00:00:00+09:00,2084.9280404617534,2084.9280404617534,2046.6021573650303,2054.267333984375,356700,0.0,0.0
2016-10-24 00:00:00+09:00,2046.6024397965316,2107.923861213656,2046.6024397965316,2092.593505859375,418600,0.0,0.0
2016-10-25 00:00:00+09:00,2092.593505859375,2107.923861213656,2077.263150505094,2092.593505859375,314200,0.0,0.0
2016-10-26 00:00:00+09:00,2107.923970612767,2161.5802171374557,2107.923970612767,2153.9150390625,571500,0.0,0.0
2016-10-27 00:00:00+09:00,2153.9149335588727,2176.910466657366,2123.254222760882,2146.249755859375,468000,0.0,0.0
2016-10-28 00:00:00+09:00,2146.2496499775984,2161.5800046202958,2130.9192953349016,2138.58447265625,555800,0.0,0.0
2016-10-31 00:00:00+09:00,2153.9148272989473,2153.9148272989473,2138.58447265625,2138.58447265625,226300,0.0,0.0
2016-11-01 00:00:00+09:00,2138.5846114124324,2138.5846114124324,2107.9239001377023,2130.91943359375,283900,0.0,0.0
2016-11-02 00:00:00+09:00,2107.923861213656,2107.923861213656,2069.597972827953,2092.593505859375,422900,0.0,0.0
2016-11-04 00:00:00+09:00,2077.2633228443287,2084.9285011574075,2038.937431278935,2069.59814453125,374900,0.0,0.0
2016-11-07 00:00:00+09:00,2115.589145187044,2123.254323249316,2069.5980768134123,2100.2587890625,310100,0.0,0.0
2016-11-08 00:00:00+09:00,2092.5936794704858,2100.2588577835645,2038.937431278935,2069.59814453125,414500,0.0,0.0
2016-11-09 00:00:00+09:00,2069.59804745171,2084.9284033587596,1923.959666334738,1946.9552001953125,706500,0.0,0.0
2016-11-10 00:00:00+09:00,2046.6026785714287,2061.933035714286,2023.607142857143,2038.9375,359800,0.0,0.0
2016-11-11 00:00:00+09:00,2069.5976872230644,2092.5932170810984,2038.9369807456856,2054.267333984375,450600,0.0,0.0
2016-11-14 00:00:00+09:00,2046.6026095920138,2130.9195710358795,2046.6026095920138,2069.59814453125,788200,0.0,0.0
2016-11-15 00:00:00+09:00,2100.258893821023,2115.589250710227,2077.263358487216,2107.924072265625,381200,0.0,0.0
2016-11-16 00:00:00+09:00,2107.923967124772,2107.923967124772,2084.928432937956,2100.2587890625,305600,0.0,0.0
2016-11-17 00:00:00+09:00,2100.258859572428,2138.5847511704646,2092.5936812528203,2123.25439453125,461800,0.0,0.0
2016-11-18 00:00:00+09:00,2138.5845781598773,2153.9149335588727,2115.5890450613842,2146.249755859375,499700,0.0,0.0
2016-11-21 00:00:00+09:00,2153.915005417679,2169.245361328125,2146.249827462456,2169.245361328125,267000,0.0,0.0
2016-11-22 00:00:00+09:00,2176.910472697082,2207.5711835801394,2169.2452949763174,2199.906005859375,488100,0.0,0.0
2016-11-24 00:00:00+09:00,2207.571393814879,2230.5669291671175,2199.906215364133,2215.236572265625,365000,0.0,0.0
2016-11-25 00:00:00+09:00,2222.901645236545,2222.901645236545,2184.575754801432,2207.5712890625,393300,0.0,0.0
2016-11-28 00:00:00+09:00,2199.9060443198846,2238.23193359375,2176.910510755565,2238.23193359375,368800,0.0,0.0
2016-11-29 00:00:00+09:00,2230.5671028423635,2245.8974609375,2222.901923794795,2245.8974609375,328600,0.0,0.0
2016-11-30 00:00:00+09:00,2238.2321428571427,2261.2276785714284,2222.901785714286,2253.5625,381500,0.0,0.0
2016-12-01 00:00:00+09:00,2276.558035714286,2276.558035714286,2238.2321428571427,2253.5625,439900,0.0,0.0
2016-12-02 00:00:00+09:00,2245.897111448523,2261.2274671580694,2222.9015778842036,2238.23193359375,273500,0.0,0.0
2016-12-05 00:00:00+09:00,2238.2320014105903,2238.2320014105903,2192.240932888455,2207.5712890625,284600,0.0,0.0
2016-12-06 00:00:00+09:00,2222.901785714286,2261.2276785714284,2222.901785714286,2253.5625,486400,0.0,0.0
2016-12-07 00:00:00+09:00,2268.89275390625,2307.2186450195313,2253.5623974609375,2299.553466796875,621500,0.0,0.0
2016-12-08 00:00:00+09:00,2322.54900387444,2360.874895027484,2314.8838256438316,2353.209716796875,461500,0.0,0.0
2016-12-09 00:00:00+09:00,2368.5400732580924,2376.2052514887014,2337.8793603356576,2353.209716796875,395400,0.0,0.0
2016-12-12 00:00:00+09:00,2368.5401079021517,2376.205286244877,2299.5535028176228,2337.87939453125,432800,0.0,0.0
2016-12-13 00:00:00+09:00,2314.883997866982,2353.2098918714023,2314.883997866982,2330.21435546875,302800,0.0,0.0
2016-12-14 00:00:00+09:00,2337.8793603356576,2353.209716796875,2330.214182105049,2353.209716796875,210800,0.0,0.0
2016-12-15 00:00:00+09:00,2353.209714355469,2353.209714355469,2299.553466796875,2299.553466796875,189900,0.0,0.0
2016-12-16 00:00:00+09:00,2330.214077818627,2345.54443359375,2314.883722043505,2345.54443359375,322800,0.0,0.0
2016-12-19 00:00:00+09:00,2345.544713070518,2353.2098918714023,2314.883997866982,2330.21435546875,207900,0.0,0.0
2016-12-20 00:00:00+09:00,2330.214285714286,2368.5401785714284,2322.5491071428573,2360.875,347200,0.0,0.0
2016-12-21 00:00:00+09:00,2360.8750706722863,2360.8750706722863,2322.549176667866,2330.21435546875,180700,0.0,0.0
2016-12-22 00:00:00+09:00,2330.2142507219473,2330.2142507219473,2307.218715352981,2322.549072265625,212500,0.0,0.0
2016-12-26 00:00:00+09:00,2299.5536753673427,2322.549212121016,2299.5536753673427,2314.884033203125,104300,0.0,0.0
2016-12-27 00:00:00+09:00,2299.553395280934,2307.218573265204,2268.892683343855,2276.557861328125,224400,0.0,0.0
2016-12-28 00:00:00+09:00,2268.89275390625,2314.8838232421876,2268.89275390625,2299.553466796875,185500,0.0,0.0
2016-12-29 00:00:00+09:00,2299.5536753673427,2330.2143910389073,2284.2233175315605,2314.884033203125,426800,0.0,0.0
2016-12-30 00:00:00+09:00,2291.8882885742187,2307.2186450195313,2268.89275390625,2299.553466796875,167600,0.0,0.0
2017-01-04 00:00:00+09:00,2307.2186811603483,2337.87939453125,2284.223146132172,2337.87939453125,275000,0.0,0.0
2017-01-05 00:00:00+09:00,2353.209786090914,2353.209786090914,2314.8838938093027,2322.549072265625,247200,0.0,0.0
2017-01-06 00:00:00+09:00,2299.5536753673427,2322.549212121016,2291.8884964494514,2314.884033203125,184300,0.0,0.0
2017-01-10 00:00:00+09:00,2314.883997866982,2337.879534269634,2291.88846146433,2330.21435546875,277200,0.0,0.0
2017-01-11 00:00:00+09:00,2353.209611481311,2353.209611481311,2322.548899931066,2345.54443359375,232500,0.0,0.0
2017-01-12 00:00:00+09:00,2353.209716796875,2360.874895027484,2322.54900387444,2353.209716796875,480500,0.0,0.0
2017-01-13 00:00:00+09:00,2360.8749311398237,2391.53564453125,2345.5445744441104,2391.53564453125,402600,0.0,0.0
2017-01-16 00:00:00+09:00,2414.5314221995004,2468.187676026156,2383.870705727126,2445.192138671875,702400,0.0,0.0
2017-01-17 00:00:00+09:00,2445.191785413736,2445.191785413736,2376.2051833174237,2383.870361328125,515600,0.0,0.0
2017-01-18 00:00:00+09:00,2406.8661064172325,2414.53128510009,2360.875034320088,2399.200927734375,341300,0.0,0.0
2017-01-19 00:00:00+09:00,2429.8614042789563,2529.508717388188,2422.196226347477,2506.51318359375,813500,0.0,0.0
2017-01-20 00:00:00+09:00,2475.8523351157583,2521.843400164348,2475.8523351157583,2514.17822265625,323100,0.0,0.0
2017-01-23 00:00:00+09:00,2514.1784327651512,2560.1695016571966,2475.85254202178,2529.5087890625,444000,0.0,0.0
2017-01-24 00:00:00+09:00,2506.5133928571427,2514.1785714285716,2468.1875,2468.1875,305300,0.0,0.0
2017-01-25 00:00:00+09:00,2498.8480734810373,2506.5132516205495,2460.5221827834753,2475.8525390625,273600,0.0,0.0
2017-01-26 00:00:00+09:00,2475.8525390625,2491.1828953415247,2460.5221827834753,2475.8525390625,257700,0.0,0.0
2017-01-27 00:00:00+09:00,2491.1832095655195,2506.5135677782305,2468.1876722464535,2498.848388671875,233000,0.0,0.0
2017-01-30 00:00:00+09:00,2498.8480056622707,2521.8435394567086,2483.517649799312,2506.51318359375,327500,0.0,0.0
2017-01-31 00:00:00+09:00,2475.8524004147375,2514.1782889660494,2468.187222704475,2483.517578125,195200,0.0,0.0
2017-02-01 00:00:00+09:00,2460.5224609375,2468.187639943536,2437.5269239193926,2460.5224609375,211700,0.0,0.0
2017-02-02 00:00:00+09:00,2483.5174637806567,2483.5174637806567,2422.196044921875,2422.196044921875,210300,0.0,0.0
2017-02-03 00:00:00+09:00,2422.1966013175943,2452.857317789969,2422.1966013175943,2445.192138671875,213100,0.0,0.0
2017-02-06 00:00:00+09:00,2460.5219317086135,2468.187109065961,2422.196044921875,2422.196044921875,148400,0.0,0.0
2017-02-07 00:00:00+09:00,2445.191964285714,2552.504464285714,2445.191964285714,2468.1875,605900,0.0,0.0
2017-02-08 00:00:00+09:00,2468.1871423417597,2483.517497263137,2383.870190274184,2406.86572265625,408700,0.0,0.0
2017-02-09 00:00:00+09:00,2414.5314221995004,2460.5224969080623,2414.5314221995004,2445.192138671875,301500,0.0,0.0
2017-02-10 00:00:00+09:00,2491.183213380437,2498.8483924985308,2414.5314221995004,2445.192138671875,490600,0.0,0.0
2017-02-13 00:00:00+09:00,2475.8523942724764,2475.8523942724764,2414.530972742508,2429.861328125,365100,0.0,0.0
2017-02-14 00:00:00+09:00,2422.1963579226763,2429.8615362705327,2383.8704661833935,2391.53564453125,383400,0.0,0.0
2017-02-15 00:00:00+09:00,2414.5310772589914,2437.526611328125,2391.5355431898583,2437.526611328125,271400,0.0,0.0
2017-02-16 00:00:00+09:00,2437.5269239193926,2475.852818949572,2422.196565907321,2460.5224609375,276400,0.0,0.0
2017-02-17 00:00:00+09:00,2445.191789351169,2445.191789351169,2429.8614333050805,2437.526611328125,146200,0.0,0.0
2017-02-20 00:00:00+09:00,2437.5269595537816,2445.192138671875,2406.866243081407,2445.192138671875,137600,0.0,0.0
2017-02-21 00:00:00+09:00,2429.8614333050805,2460.522145397258,2429.8614333050805,2437.526611328125,132000,0.0,0.0
2017-02-22 00:00:00+09:00,2437.526749936996,2437.526749936996,2376.205322265625,2376.205322265625,459100,0.0,0.0
2017-02-23 00:00:00+09:00,2383.870500724546,2399.200857642389,2376.205322265625,2376.205322265625,129100,0.0,0.0
2017-02-24 00:00:00+09:00,2368.540143806704,2391.535679183468,2360.874965347782,2376.205322265625,169700,0.0,0.0
2017-02-27 00:00:00+09:00,2360.874895027484,2376.2052514887014,2345.5445385662665,2353.209716796875,200000,0.0,0.0
2017-02-28 00:00:00+09:00,2345.5446428571427,2383.870535714286,2345.5446428571427,2360.875,199500,0.0,0.0
2017-03-01 00:00:00+09:00,2360.8748609425566,2376.2052171824434,2345.5445047026697,2368.5400390625,235900,0.0,0.0
2017-03-02 00:00:00+09:00,2391.535679183468,2399.200857642389,2368.540143806704,2376.205322265625,220400,0.0,0.0
2017-03-03 00:00:00+09:00,2368.5401785714284,2376.2053571428573,2345.5446428571427,2360.875,173500,0.0,0.0
2017-03-06 00:00:00+09:00,2360.8747893688724,2360.8747893688724,2345.54443359375,2345.54443359375,113300,0.0,0.0
2017-03-07 00:00:00+09:00,2337.879534269634,2337.879534269634,2314.883997866982,2330.21435546875,220400,0.0,0.0
2017-03-08 00:00:00+09:00,2345.544713070518,2360.8750706722863,2330.21435546875,2330.21435546875,211900,0.0,0.0
2017-03-09 00:00:00+09:00,2337.8793265827267,2368.5400390625,2330.214148462783,2368.5400390625,227400,0.0,0.0
2017-03-10 00:00:00+09:00,2383.8704645876023,2391.535642930328,2322.549037845799,2337.87939453125,411000,0.0,0.0
2017-03-13 00:00:00+09:00,2330.2142161885245,2337.87939453125,2322.549037845799,2337.87939453125,156500,0.0,0.0
2017-03-14 00:00:00+09:00,2345.544572873975,2345.544572873975,2337.87939453125,2337.87939453125,122100,0.0,0.0
2017-03-15 00:00:00+09:00,2337.879429178269,2345.5446076345916,2322.549072265625,2322.549072265625,124200,0.0,0.0
2017-03-16 00:00:00+09:00,2330.214148462783,2376.2052171824434,2330.214148462783,2368.5400390625,257900,0.0,0.0
2017-03-17 00:00:00+09:00,2353.2097512167006,2368.5401079021517,2330.2142161885245,2337.87939453125,171400,0.0,0.0
2017-03-21 00:00:00+09:00,2345.5447488746895,2368.540285628363,2314.884033203125,2314.884033203125,219000,0.0,0.0
2017-03-22 00:00:00+09:00,2299.553466796875,2314.8838232421876,2284.223110351563,2299.553466796875,193300,0.0,0.0
2017-03-23 00:00:00+09:00,2276.557755753801,2284.2229333826012,2253.5622228673988,2268.892578125,228100,0.0,0.0
2017-03-24 00:00:00+09:00,2268.8926170577242,2314.883683619705,2261.227439297394,2307.218505859375,206700,0.0,0.0
2017-03-27 00:00:00+09:00,2299.55360642245,2307.2187851105245,2284.2232490463,2291.888427734375,128900,0.0,0.0
2017-03-28 00:00:00+09:00,2284.2232490463,2314.8839637985993,2276.5580703582255,2291.888427734375,396700,0.0,0.0
2017-03-29 00:00:00+09:00,2331.1328677615606,2338.981799976246,2307.586071117504,2323.283935546875,251600,70.0,0.0
2017-03-30 00:00:00+09:00,2307.5864463404605,2307.5864463404605,2236.946044921875,2236.946044921875,464400,0.0,0.0
2017-03-31 00:00:00+09:00,2276.1904296875,2323.284024784483,2260.4925646551724,2276.1904296875,444000,0.0,0.0
2017-04-03 00:00:00+09:00,2291.8882947198276,2291.8882947198276,2252.643632139009,2276.1904296875,220600,0.0,0.0
2017-04-04 00:00:00+09:00,2276.1903514263936,2284.0392836726915,2236.9456901949043,2252.6435546875,342600,0.0,0.0
2017-04-05 00:00:00+09:00,2260.492486933798,2260.492486933798,2213.3988934560107,2252.6435546875,318200,0.0,0.0
2017-04-06 00:00:00+09:00,2213.3988470262098,2236.9456432711695,2174.1541866179437,2189.85205078125,307300,0.0,0.0
2017-04-07 00:00:00+09:00,2205.550236695202,2229.0970363752217,2182.0034370151816,2213.399169921875,298200,0.0,0.0
2017-04-10 00:00:00+09:00,2229.0971114309214,2236.946044921875,2213.399244449013,2236.946044921875,194300,0.0,0.0
2017-04-11 00:00:00+09:00,2213.399169921875,2229.0970363752217,2205.550236695202,2213.399169921875,128400,0.0,0.0
2017-04-12 00:00:00+09:00,2205.550236695202,2213.399169921875,2166.3055705618353,2213.399169921875,212300,0.0,0.0
2017-04-13 00:00:00+09:00,2205.550236695202,2221.2481031485486,2182.0034370151816,2213.399169921875,269200,0.0,0.0
2017-04-14 00:00:00+09:00,2197.7009828629034,2213.3988470262098,2182.0031186995966,2189.85205078125,200900,0.0,0.0
2017-04-17 00:00:00+09:00,2189.8523147636924,2221.248046875,2189.8523147636924,2221.248046875,250400,0.0,0.0
2017-04-18 00:00:00+09:00,2236.945988581731,2252.6438551682695,2221.2481219951924,2244.794921875,279000,0.0,0.0
2017-04-19 00:00:00+09:00,2236.946044921875,2244.794978412829,2221.2481779399673,2236.946044921875,247100,0.0,0.0
2017-04-20 00:00:00+09:00,2229.097055288462,2244.794921875,2221.2481219951924,2244.794921875,145000,0.0,0.0
2017-04-21 00:00:00+09:00,2260.4926200259515,2276.1904854427985,2252.643687317528,2268.341552734375,169100,0.0,0.0
2017-04-24 00:00:00+09:00,2284.039681600629,2315.435416055621,2284.039681600629,2299.737548828125,241500,0.0,0.0
2017-04-25 00:00:00+09:00,2291.888427734375,2299.737360706068,2268.341628819296,2291.888427734375,215600,0.0,0.0
2017-04-26 00:00:00+09:00,2315.435026041667,2362.5286197916666,2291.888229166667,2354.6796875,297400,0.0,0.0
2017-04-27 00:00:00+09:00,2338.9817445286194,2346.8306765572393,2323.2838804713806,2331.1328125,145200,0.0,0.0
2017-04-28 00:00:00+09:00,2338.9818229166667,2362.5286197916666,2331.132890625,2354.6796875,268600,0.0,0.0
2017-05-01 00:00:00+09:00,2346.8308873460783,2370.377685546875,2323.2840891452815,2370.377685546875,211200,0.0,0.0
2017-05-02 00:00:00+09:00,2378.226750424034,2401.773549933183,2370.3778172543175,2386.07568359375,220200,0.0,0.0
2017-05-08 00:00:00+09:00,2417.4710811491937,2441.0178773941534,2401.7732169858873,2433.1689453125,353900,0.0,0.0
2017-05-09 00:00:00+09:00,2417.4710811491937,2433.1689453125,2401.7732169858873,2433.1689453125,234000,0.0,0.0
2017-05-10 00:00:00+09:00,2433.1689453125,2441.0178773941534,2417.4710811491937,2433.1689453125,269400,0.0,0.0
2017-05-11 00:00:00+09:00,2425.319989372702,2433.1689213771447,2401.773193359375,2401.773193359375,328500,0.0,0.0
2017-05-12 00:00:00+09:00,2386.0753607765782,2393.924292884396,2331.132836021854,2362.528564453125,461200,0.0,0.0
2017-05-15 00:00:00+09:00,2354.6797318892045,2417.47119140625,2338.981867009943,2417.47119140625,372700,0.0,0.0
2017-05-16 00:00:00+09:00,2417.4708664190575,2417.4708664190575,2386.0751408811475,2393.924072265625,240400,0.0,0.0
2017-05-17 00:00:00+09:00,2378.2265292080965,2417.47119140625,2362.528664328835,2417.47119140625,259200,0.0,0.0
2017-05-18 00:00:00+09:00,2370.3774653416053,2401.773193359375,2362.528533337163,2401.773193359375,216900,0.0,0.0
2017-05-19 00:00:00+09:00,2401.7733818327565,2417.4712470734935,2378.226583971651,2409.622314453125,166300,0.0,0.0
2017-05-22 00:00:00+09:00,2409.6220946480607,2441.017822265625,2386.0752989348875,2441.017822265625,331300,0.0,0.0
2017-05-23 00:00:00+09:00,2456.715779249092,2574.449762280199,2448.8668470470184,2566.600830078125,1188500,0.0,0.0
2017-05-24 00:00:00+09:00,2574.4500828598484,2613.6947487571024,2566.6011496803976,2590.14794921875,712800,0.0,0.0
2017-05-25 00:00:00+09:00,2590.1481695934735,2668.637508066003,2582.299235746221,2660.78857421875,761200,0.0,0.0
2017-05-26 00:00:00+09:00,2668.637508066003,2700.033243455015,2613.694971135232,2660.78857421875,775800,0.0,0.0
2017-05-29 00:00:00+09:00,2668.6370404746717,2700.032770362609,2637.2413105867345,2692.183837890625,448900,0.0,0.0
2017-05-30 00:00:00+09:00,2707.881967506079,2739.277700462671,2668.6373013103384,2723.579833984375,571600,0.0,0.0
2017-05-31 00:00:00+09:00,2739.2773763967116,2747.126308707304,2684.3348502225654,2700.03271484375,437900,0.0,0.0
2017-06-01 00:00:00+09:00,2700.0326596467394,2731.428388247283,2692.1837274966033,2707.881591796875,315600,0.0,0.0
2017-06-02 00:00:00+09:00,2692.183648717334,2692.183648717334,2637.241125274123,2684.334716796875,514800,0.0,0.0
2017-06-05 00:00:00+09:00,2676.4858631963316,2715.730523947011,2652.9390667459243,2707.881591796875,280200,0.0,0.0
2017-06-06 00:00:00+09:00,2707.8816696693157,2747.126331548581,2676.4859401659037,2731.428466796875,389800,0.0,0.0
2017-06-07 00:00:00+09:00,2739.2773203974184,2747.1262525475545,2684.3347953464677,2707.881591796875,392900,0.0,0.0
2017-06-08 00:00:00+09:00,2707.881815174808,2715.730747972416,2676.486083984375,2676.486083984375,193000,0.0,0.0
2017-06-09 00:00:00+09:00,2652.9396403714973,2676.486441913256,2652.9396403714973,2660.78857421875,174800,0.0,0.0
2017-06-12 00:00:00+09:00,2645.0903527939427,2692.183949579591,2637.2414199963346,2676.486083984375,235300,0.0,0.0
2017-06-13 00:00:00+09:00,2660.7883680711907,2731.428767223523,2660.7883680711907,2723.579833984375,260400,0.0,0.0
2017-06-14 00:00:00+09:00,2739.277497799296,2802.0689590669017,2731.4285651408454,2786.37109375,629300,0.0,0.0
2017-06-15 00:00:00+09:00,2786.37105984158,2841.3135877821182,2786.37105984158,2825.61572265625,459900,0.0,0.0
2017-06-16 00:00:00+09:00,2825.615621680241,2833.464553962686,2762.82416342068,2770.673095703125,358400,0.0,0.0
2017-06-19 00:00:00+09:00,2778.522216796875,2817.7668808759267,2770.6732839810643,2778.522216796875,366900,0.0,0.0
2017-06-20 00:00:00+09:00,2794.219992404514,2841.3135877821182,2794.219992404514,2825.61572265625,310500,0.0,0.0
2017-06-21 00:00:00+09:00,2809.9177800026264,2849.1624417345065,2802.06884765625,2802.06884765625,328300,0.0,0.0
2017-06-22 00:00:00+09:00,2809.9178575303818,2825.61572265625,2794.219992404514,2825.61572265625,146300,0.0,0.0
2017-06-23 00:00:00+09:00,2825.615533600279,2849.1623297136143,2809.9176695247215,2817.7666015625,274600,0.0,0.0
2017-06-26 00:00:00+09:00,2809.917891725352,2817.766824383803,2778.5221610915496,2786.37109375,249900,0.0,0.0
2017-06-27 00:00:00+09:00,2794.2200824284955,2794.2200824284955,2747.1264855336335,2778.522216796875,247900,0.0,0.0
2017-06-28 00:00:00+09:00,2754.97509765625,2786.3708252648685,2747.126165754096,2754.97509765625,140800,0.0,0.0
2017-06-29 00:00:00+09:00,2786.37109375,2794.220026408451,2754.9753631161975,2786.37109375,174100,0.0,0.0
2017-06-30 00:00:00+09:00,2762.824207929363,2841.3135320182655,2747.1263431115826,2833.464599609375,416600,0.0,0.0
2017-07-03 00:00:00+09:00,2841.3135877821182,2888.407183159722,2809.9178575303818,2825.61572265625,388500,0.0,0.0
2017-07-04 00:00:00+09:00,2841.313679323358,2841.313679323358,2770.6732839810643,2778.522216796875,245700,0.0,0.0
2017-07-05 00:00:00+09:00,2778.5219413736077,2817.7666015625,2723.5794171091575,2817.7666015625,438400,0.0,0.0
2017-07-06 00:00:00+09:00,2817.766778217099,2911.9539685753302,2817.766778217099,2896.256103515625,616400,0.0,0.0
2017-07-07 00:00:00+09:00,2864.8601624205876,2880.558026324262,2833.4644346132386,2857.01123046875,308700,0.0,0.0
2017-07-10 00:00:00+09:00,2841.3136648803375,2872.7093959839876,2809.9179337766873,2849.16259765625,216100,0.0,0.0
2017-07-11 00:00:00+09:00,2825.6155026614015,2864.8601624205876,2817.766570709564,2857.01123046875,210400,0.0,0.0
2017-07-12 00:00:00+09:00,2841.3135877821182,2849.162520345052,2825.61572265625,2825.61572265625,213300,0.0,0.0
2017-07-13 00:00:00+09:00,2919.802944193468,3013.9901359416444,2911.9540115477866,2959.047607421875,1196300,0.0,0.0
2017-07-14 00:00:00+09:00,2982.594482421875,3013.9902138157895,2966.8966167249177,2982.594482421875,604200,0.0,0.0
2017-07-17 00:00:00+09:00,2982.594482421875,2982.594482421875,2982.594482421875,2982.594482421875,0,0.0,0.0
2017-07-18 00:00:00+09:00,2974.7458320312503,2982.594765625,2927.65223046875,2943.35009765625,392700,0.0,0.0
2017-07-19 00:00:00+09:00,2927.652062794519,2966.896728515625,2927.652062794519,2966.896728515625,294700,0.0,0.0
2017-07-20 00:00:00+09:00,2951.19903125,2974.7458320312503,2935.5011640625003,2943.35009765625,225500,0.0,0.0
2017-07-21 00:00:00+09:00,2959.047683876439,2982.594482421875,2935.5008853310032,2982.594482421875,284100,0.0,0.0
2017-07-24 00:00:00+09:00,3006.141544977824,3037.5372791290283,2998.292611440023,3013.990478515625,587600,0.0,0.0
2017-07-25 00:00:00+09:00,3021.8391320392834,3061.083796091742,3021.8391320392834,3053.23486328125,444600,0.0,0.0
2017-07-26 00:00:00+09:00,3068.932651341888,3068.932651341888,3021.8390556691224,3029.68798828125,330600,0.0,0.0
2017-07-27 00:00:00+09:00,3053.234674512725,3076.781471488402,3037.5368098622744,3045.3857421875,422400,0.0,0.0
2017-07-28 00:00:00+09:00,3045.386155641234,3045.386155641234,3006.1414886870944,3021.83935546875,310500,0.0,0.0
2017-07-31 00:00:00+09:00,2990.4433037722924,3021.8390339956236,2966.896506104794,2998.292236328125,276300,0.0,0.0
2017-08-01 00:00:00+09:00,3006.141135361151,3037.536865234375,2982.5943379562336,3037.536865234375,203400,0.0,0.0
2017-08-02 00:00:00+09:00,3029.687932766069,3045.3857977026805,2974.7454054879277,3037.536865234375,307400,0.0,0.0
2017-08-03 00:00:00+09:00,3029.687954563619,3068.9326171875,3013.9900895140663,3068.9326171875,409000,0.0,0.0
2017-08-04 00:00:00+09:00,3037.536865234375,3068.9325951075984,3029.687932766069,3037.536865234375,222700,0.0,0.0
2017-08-07 00:00:00+09:00,3068.9324517419495,3108.1771122501586,3013.989927030457,3092.479248046875,700500,0.0,0.0
2017-08-08 00:00:00+09:00,3092.479336138853,3092.479336138853,3029.6878775370487,3045.3857421875,428400,0.0,0.0
2017-08-09 00:00:00+09:00,3006.1414320385807,3013.990365281501,2911.954233123534,2927.652099609375,685300,0.0,0.0
2017-08-10 00:00:00+09:00,2676.4855943080356,2778.5217020089285,2676.4855943080356,2747.1259765625,1229900,0.0,0.0
2017-08-11 00:00:00+09:00,2747.1259765625,2747.1259765625,2747.1259765625,2747.1259765625,0,0.0,0.0
2017-08-14 00:00:00+09:00,2731.428488991477,2778.522083629261,2700.0327592329545,2762.82421875,519600,0.0,0.0
2017-08-15 00:00:00+09:00,2809.9177800026264,2825.6156446953783,2778.5220506171217,2802.06884765625,394200,0.0,0.0
2017-08-16 00:00:00+09:00,2778.522083629261,2809.917813387784,2762.82421875,2762.82421875,231700,0.0,0.0
2017-08-17 00:00:00+09:00,2778.5220048352435,2778.5220048352435,2739.27734375,2739.27734375,232400,0.0,0.0
2017-08-18 00:00:00+09:00,2707.881780194409,2739.277510979272,2692.183914801978,2715.730712890625,285000,0.0,0.0
2017-08-21 00:00:00+09:00,2715.7302511160715,2762.8238392857143,2715.7302511160715,2747.1259765625,245400,0.0,0.0
2017-08-22 00:00:00+09:00,2754.9752081840975,2770.673072618195,2715.730547098854,2739.27734375,370400,0.0,0.0
2017-08-23 00:00:00+09:00,2762.8241963002874,2762.8241963002874,2707.8816696693157,2731.428466796875,256800,0.0,0.0
2017-08-24 00:00:00+09:00,2731.428388247283,2762.824116847826,2700.0326596467394,2707.881591796875,219200,0.0,0.0
2017-08-25 00:00:00+09:00,2723.579833984375,2754.9755669409674,2707.881967506079,2723.579833984375,318400,0.0,0.0
2017-08-28 00:00:00+09:00,2723.579511775527,2731.4284440861193,2684.3348502225654,2700.03271484375,250800,0.0,0.0
2017-08-29 00:00:00+09:00,2754.975145260272,2872.70912582695,2747.1262132224933,2817.7666015625,836600,0.0,0.0
2017-08-30 00:00:00+09:00,2786.3712998975593,2802.0691663758557,2700.033034266931,2723.579833984375,836500,0.0,0.0
2017-08-31 00:00:00+09:00,2723.579511775527,2731.4284440861193,2676.4859179119735,2700.03271484375,558900,0.0,0.0
2017-09-01 00:00:00+09:00,2684.335016781983,2700.0328823771993,2645.0903527939427,2676.486083984375,624700,0.0,0.0
2017-09-04 00:00:00+09:00,2676.4859845738215,2676.4859845738215,2605.845592019087,2621.54345703125,469100,0.0,0.0
2017-09-05 00:00:00+09:00,2621.5433554926417,2629.3922876947154,2558.7518978760513,2566.600830078125,472600,0.0,0.0
2017-09-06 00:00:00+09:00,2543.054534082326,2605.8460040596674,2535.2056003351586,2597.9970703125,311300,0.0,0.0
2017-09-07 00:00:00+09:00,2597.996882398201,2613.6947487571024,2574.4500828598484,2590.14794921875,247600,0.0,0.0
2017-09-08 00:00:00+09:00,2566.601018393912,2597.996749505764,2550.903152837986,2574.449951171875,365000,0.0,0.0
2017-09-11 00:00:00+09:00,2590.1477607332827,2605.845625949848,2566.6009629084347,2582.298828125,238800,0.0,0.0
2017-09-12 00:00:00+09:00,2613.694479725844,2621.543412097393,2558.751953125,2558.751953125,327400,0.0,0.0
2017-09-13 00:00:00+09:00,2558.752216500947,2605.8458155776516,2558.752216500947,2590.14794921875,257700,0.0,0.0
2017-09-14 00:00:00+09:00,2605.8460040596674,2645.0906727955057,2590.148136565332,2597.9970703125,425600,0.0,0.0
2017-09-15 00:00:00+09:00,2597.997031075614,2637.24169921875,2582.2991638183594,2637.24169921875,251500,0.0,0.0
2017-09-18 00:00:00+09:00,2637.24169921875,2637.24169921875,2637.24169921875,2637.24169921875,0,0.0,0.0
2017-09-19 00:00:00+09:00,2660.7881975032456,2668.6371302392436,2637.2413992952524,2645.09033203125,303300,0.0,0.0
2017-09-20 00:00:00+09:00,2676.4860494095465,2731.428578283056,2660.7881840171153,2715.730712890625,537300,0.0,0.0
2017-09-21 00:00:00+09:00,2739.2773763967116,2747.126308707304,2684.3348502225654,2700.03271484375,362700,0.0,0.0
2017-09-22 00:00:00+09:00,2700.032770362609,2723.5795677785623,2684.3349054186406,2692.183837890625,263900,0.0,0.0
2017-09-25 00:00:00+09:00,2700.03271484375,2723.579511775527,2684.3348502225654,2700.03271484375,185400,0.0,0.0
2017-09-26 00:00:00+09:00,2692.183914801978,2739.277510979272,2692.183914801978,2715.730712890625,195900,0.0,0.0
2017-09-27 00:00:00+09:00,2735.353291260125,2735.353291260125,2645.090557115243,2664.712890625,314500,0.0,0.1
2017-09-28 00:00:00+09:00,2664.7125742386797,2696.108304126617,2664.7125742386797,2692.183837890625,360100,0.0,0.0
2017-09-29 00:00:00+09:00,2688.259690836708,2692.1841575386597,2652.9394905191457,2664.712890625,271800,0.0,0.0
2017-10-02 00:00:00+09:00,2645.090017982516,2672.561279296875,2633.3166202763628,2672.561279296875,292800,0.0,0.0
2017-10-03 00:00:00+09:00,2688.2594102214484,2719.655140559801,2668.637078759978,2703.957275390625,290100,0.0,0.0
2017-10-04 00:00:00+09:00,2696.108304126617,2696.108304126617,2668.6370404746717,2692.183837890625,232100,0.0,0.0
2017-10-05 00:00:00+09:00,2668.637244921303,2680.41064453125,2652.939378774707,2680.41064453125,281800,0.0,0.0
2017-10-06 00:00:00+09:00,2680.4102111009774,2692.183608807131,2652.9389497866187,2672.561279296875,259400,0.0,0.0
2017-10-09 00:00:00+09:00,2672.561279296875,2672.561279296875,2672.561279296875,2672.561279296875,0,0.0,0.0
2017-10-10 00:00:00+09:00,2672.561397121264,2707.881591796875,2668.636931046196,2707.881591796875,268300,0.0,0.0
2017-10-11 00:00:00+09:00,2680.410384067269,2700.03271484375,2672.5614517566773,2700.03271484375,276200,0.0,0.0
2017-10-12 00:00:00+09:00,2700.0323883928572,2754.9749079241074,2700.0323883928572,2747.1259765625,354900,0.0,0.0
2017-10-13 00:00:00+09:00,2758.899373604911,2766.748304966518,2727.503648158482,2747.1259765625,247700,0.0,0.0
2017-10-16 00:00:00+09:00,2751.0509138824245,2782.446644711325,2747.1264475288117,2766.748779296875,189000,0.0,0.0
2017-10-17 00:00:00+09:00,2774.597900390625,2786.37130025084,2754.975567290267,2774.597900390625,214900,0.0,0.0
2017-10-18 00:00:00+09:00,2766.7484555223978,2786.370784994188,2739.277194261892,2743.20166015625,156800,0.0,0.0
2017-10-19 00:00:00+09:00,2739.277169212419,2743.201635070889,2711.805908203125,2711.805908203125,125000,0.0,0.0
2017-10-20 00:00:00+09:00,2696.1083811500857,2735.3530446311643,2692.183914801978,2715.730712890625,141000,0.0,0.0
2017-10-23 00:00:00+09:00,2747.1264436754877,2747.1264436754877,2711.8062465425173,2715.730712890625,103200,0.0,0.0
2017-10-24 00:00:00+09:00,2700.0326986381674,2727.503961560358,2684.3348341112014,2719.655029296875,213300,0.0,0.0
2017-10-25 00:00:00+09:00,2758.8995790413155,2762.824045014347,2735.352783203125,2735.352783203125,204200,0.0,0.0
2017-10-26 00:00:00+09:00,2711.806065175476,2758.899658203125,2692.183734747289,2758.899658203125,258200,0.0,0.0
2017-10-27 00:00:00+09:00,2770.673118270746,2809.9177800026264,2758.8997197511817,2802.06884765625,323600,0.0,0.0
2017-10-30 00:00:00+09:00,2817.766790093316,2857.011452907986,2805.993391248915,2825.61572265625,291400,0.0,0.0
2017-10-31 00:00:00+09:00,2849.1623297136143,2849.1623297136143,2805.9932035058323,2817.7666015625,157200,0.0,0.0
2017-11-01 00:00:00+09:00,2837.388947517641,2837.388947517641,2790.295355027722,2798.144287109375,255700,0.0,0.0
2017-11-02 00:00:00+09:00,2805.993391248915,2825.61572265625,2790.295526123047,2825.61572265625,178600,0.0,0.0
2017-11-03 00:00:00+09:00,2825.61572265625,2825.61572265625,2825.61572265625,2825.61572265625,0,0.0,0.0
2017-11-06 00:00:00+09:00,2837.389404296875,2849.1628043147043,2813.8426042612164,2837.389404296875,204500,0.0,0.0
2017-11-07 00:00:00+09:00,2825.6155026614015,2876.633560348343,2825.6155026614015,2857.01123046875,371000,0.0,0.0
2017-11-08 00:00:00+09:00,2841.313852163462,2966.8967848557695,2833.4649188701924,2908.02978515625,637600,0.0,0.0
2017-11-09 00:00:00+09:00,2880.5581940627167,2923.7273223116126,2805.993336178259,2833.464599609375,472500,0.0,0.0
2017-11-10 00:00:00+09:00,2535.2048500514143,2539.1293157635682,2397.8485501260284,2444.942138671875,3204000,0.0,0.0
2017-11-13 00:00:00+09:00,2452.791057649206,2468.488920418161,2389.9996065733862,2393.924072265625,1304300,0.0,0.0
2017-11-14 00:00:00+09:00,2421.39567957169,2452.791409614759,2378.22655076247,2448.866943359375,921100,0.0,0.0
2017-11-15 00:00:00+09:00,2437.093235831082,2441.017701589264,2386.0751809747144,2405.697509765625,483200,0.0,0.0
2017-11-16 00:00:00+09:00,2397.8490468244336,2441.0181786003236,2390.000113774272,2425.3203125,306500,0.0,0.0
2017-11-17 00:00:00+09:00,2444.9424549449573,2448.8669211647725,2397.8488603071733,2417.47119140625,377700,0.0,0.0
2017-11-20 00:00:00+09:00,2413.547062556979,2441.018329935677,2401.773662251823,2421.39599609375,216100,0.0,0.0
2017-11-21 00:00:00+09:00,2421.3957133836775,2425.320179693862,2389.9999829022036,2409.622314453125,425200,0.0,0.0
2017-11-22 00:00:00+09:00,2421.39599609375,2433.169396398906,2401.773662251823,2421.39599609375,441000,0.0,0.0
2017-11-23 00:00:00+09:00,2421.39599609375,2421.39599609375,2421.39599609375,2421.39599609375,0,0.0,0.0
2017-11-24 00:00:00+09:00,2405.6974693423413,2413.546400726819,2386.0751408811475,2393.924072265625,350700,0.0,0.0
2017-11-27 00:00:00+09:00,2386.075250103135,2393.9241818468954,2362.528454871854,2378.226318359375,325000,0.0,0.0
2017-11-28 00:00:00+09:00,2389.9996467328965,2429.2443043147177,2382.1507152165323,2405.697509765625,462200,0.0,0.0
2017-11-29 00:00:00+09:00,2425.3202218191964,2476.3382847377234,2405.6978899274554,2472.413818359375,461200,0.0,0.0
2017-11-30 00:00:00+09:00,2472.41358984375,2480.262521875,2441.01786171875,2452.791259765625,400600,0.0,0.0
2017-12-01 00:00:00+09:00,2468.4890839309937,2472.4135498831893,2433.168890361234,2441.017822265625,420400,0.0,0.0
2017-12-04 00:00:00+09:00,2464.565091706539,2480.2629585326954,2452.791691586922,2460.640625,300600,0.0,0.0
2017-12-05 00:00:00+09:00,2468.4893755700364,2562.676569550451,2456.7159763224845,2554.82763671875,708500,0.0,0.0
2017-12-06 00:00:00+09:00,2550.9031672462775,2550.9031672462775,2472.413839023315,2503.8095703125,461200,0.0,0.0
2017-12-07 00:00:00+09:00,2523.4318674346546,2543.05419921875,2507.7340020073784,2543.05419921875,260200,0.0,0.0
2017-12-08 00:00:00+09:00,2543.0543680636683,2546.9788346810506,2507.7341685072283,2519.507568359375,310600,0.0,0.0
2017-12-11 00:00:00+09:00,2499.885292065391,2499.885292065391,2437.0938247607655,2460.640625,595400,0.0,0.0
2017-12-12 00:00:00+09:00,2476.3381902697733,2480.2626564984103,2460.6403253552267,2468.4892578125,300300,0.0,0.0
2017-12-13 00:00:00+09:00,2460.640286479133,2480.2626173123003,2456.7158203125,2456.7158203125,288000,0.0,0.0
2017-12-14 00:00:00+09:00,2452.791486467634,2488.111683872768,2452.791486467634,2472.413818359375,198500,0.0,0.0
2017-12-15 00:00:00+09:00,2480.262673402444,2484.1871396578276,2444.9424771039917,2448.866943359375,233800,0.0,0.0
2017-12-18 00:00:00+09:00,2452.7918215598997,2484.187556875867,2448.8673546454042,2476.338623046875,289100,0.0,0.0
2017-12-19 00:00:00+09:00,2468.4893091058884,2472.413775416073,2409.622314453125,2409.622314453125,375600,0.0,0.0
2017-12-20 00:00:00+09:00,2409.6221490675402,2444.94234343498,2405.6976830267135,2433.1689453125,249500,0.0,0.0
2017-12-21 00:00:00+09:00,2421.3953443989517,2448.866604384029,2409.62194726249,2444.942138671875,233100,0.0,0.0
2017-12-22 00:00:00+09:00,2444.9422882178205,2448.866754170016,2433.168890361234,2441.017822265625,252900,0.0,0.0
2017-12-25 00:00:00+09:00,2441.0181402439025,2448.8670731707316,2409.622408536585,2413.546875,205100,0.0,0.0
2017-12-26 00:00:00+09:00,2409.622258966619,2429.244590065696,2409.622258966619,2417.47119140625,217300,0.0,0.0
2017-12-27 00:00:00+09:00,2425.320553158429,2480.263089961371,2425.320553158429,2476.338623046875,261500,0.0,0.0
2017-12-28 00:00:00+09:00,2488.111493736316,2507.733824128558,2464.564697265625,2464.564697265625,294200,0.0,0.0
2017-12-29 00:00:00+09:00,2460.6404192243303,2480.2627511160713,2452.791486467634,2472.413818359375,160800,0.0,0.0
2018-01-01 00:00:00+09:00,2472.413818359375,2472.413818359375,2472.413818359375,2472.413818359375,0,0.0,0.0
2018-01-02 00:00:00+09:00,2472.413818359375,2472.413818359375,2472.413818359375,2472.413818359375,0,0.0,0.0
2018-01-03 00:00:00+09:00,2472.413818359375,2472.413818359375,2472.413818359375,2472.413818359375,0,0.0,0.0
2018-01-04 00:00:00+09:00,2480.262789420419,2492.036188737288,2464.564923664593,2484.187255859375,336200,0.0,0.0
2018-01-05 00:00:00+09:00,2492.036077238888,2527.356273609203,2480.2626784487834,2499.885009765625,472800,0.0,0.0
2018-01-08 00:00:00+09:00,2499.885009765625,2499.885009765625,2499.885009765625,2499.885009765625,0,0.0,0.0
2018-01-09 00:00:00+09:00,2519.5074742833463,2519.5074742833463,2484.1872760457295,2515.5830078125,391600,0.0,0.0
2018-01-10 00:00:00+09:00,2507.7339809417726,2515.5829135894774,2488.11164932251,2511.658447265625,288600,0.0,0.0
2018-01-11 00:00:00+09:00,2495.9605650436047,2535.2052280159883,2476.338233557413,2531.28076171875,425300,0.0,0.0
2018-01-12 00:00:00+09:00,2543.054042600236,2546.9785087153596,2495.96044921875,2495.96044921875,361800,0.0,0.0
2018-01-15 00:00:00+09:00,2507.7343583628417,2511.6588252773377,2468.4896892178836,2476.338623046875,254200,0.0,0.0
2018-01-16 00:00:00+09:00,2480.2627511160713,2484.1872174944197,2460.6404192243303,2472.413818359375,210700,0.0,0.0
2018-01-17 00:00:00+09:00,2464.5648083809097,2464.5648083809097,2441.018010848608,2448.866943359375,205500,0.0,0.0
2018-01-18 00:00:00+09:00,2452.791691586922,2464.565091706539,2441.0182914673046,2460.640625,244900,0.0,0.0
2018-01-19 00:00:00+09:00,2460.6401609405757,2492.035888671875,2456.7156949741634,2492.035888671875,210800,0.0,0.0
2018-01-22 00:00:00+09:00,2492.035848883134,2492.035848883134,2468.489053460616,2480.262451171875,174800,0.0,0.0
2018-01-23 00:00:00+09:00,2488.111493736316,2492.0359598147643,2452.79129903028,2464.564697265625,411900,0.0,0.0
2018-01-24 00:00:00+09:00,2460.6403253552267,2476.3381902697733,2460.6403253552267,2468.4892578125,119400,0.0,0.0
2018-01-25 00:00:00+09:00,2460.6402311871766,2468.4891633440734,2452.79129903028,2464.564697265625,139900,0.0,0.0
2018-01-26 00:00:00+09:00,2488.1117222983316,2503.809588054157,2472.413856542506,2484.187255859375,391500,0.0,0.0
2018-01-29 00:00:00+09:00,2492.0360551843205,2492.0360551843205,2460.6403253552267,2468.4892578125,213700,0.0,0.0
2018-01-30 00:00:00+09:00,2460.6402075982865,2468.4891396799394,2425.320013230847,2433.1689453125,285700,0.0,0.0
2018-01-31 00:00:00+09:00,2429.244590065696,2441.017988725142,2409.622258966619,2417.47119140625,222600,0.0,0.0
2018-02-01 00:00:00+09:00,2429.2444792716733,2433.1689453125,2393.924284904234,2433.1689453125,209000,0.0,0.0
2018-02-02 00:00:00+09:00,2413.5464669195353,2441.0177275186193,2397.8486037200587,2437.09326171875,319100,0.0,0.0
2018-02-05 00:00:00+09:00,2401.7733818327565,2417.4712470734935,2386.0755165920195,2409.622314453125,282500,0.0,0.0
2018-02-06 00:00:00+09:00,2346.8310928863734,2354.680026307398,2252.6438918340773,2307.58642578125,640700,0.0,0.0
2018-02-07 00:00:00+09:00,2366.4530736821994,2393.924336560766,2259.7075950683425,2262.84716796875,555200,0.0,0.0
2018-02-08 00:00:00+09:00,2244.794475523719,2285.608920533241,2238.5153301376386,2266.771484375,370800,0.0,0.0
2018-02-09 00:00:00+09:00,2196.916551561327,2352.325439453125,2196.916551561327,2352.325439453125,616100,0.0,0.0
2018-02-12 00:00:00+09:00,2352.325439453125,2352.325439453125,2352.325439453125,2352.325439453125,0,0.0,0.0
2018-02-13 00:00:00+09:00,2354.679671358471,2421.3955953802943,2341.336486554106,2374.302001953125,384300,0.0,0.0
2018-02-14 00:00:00+09:00,2354.6799879807695,2354.6799879807695,2265.987041766827,2295.81298828125,289500,0.0,0.0
2018-02-15 00:00:00+09:00,2319.359656209531,2321.714336063551,2292.6732845306396,2310.725830078125,131900,0.0,0.0
2018-02-16 00:00:00+09:00,2333.4874463612223,2405.697619608862,2329.5629804238506,2389.999755859375,199400,0.0,0.0
2018-02-19 00:00:00+09:00,2409.622503072673,2519.507568359375,2409.622503072673,2519.507568359375,536300,0.0,0.0
2018-02-20 00:00:00+09:00,2511.6586351246106,2531.2809682115217,2499.885235272464,2519.507568359375,285400,0.0,0.0
2018-02-21 00:00:00+09:00,2515.5829347210165,2578.3743964301216,2499.8850692937403,2543.05419921875,431900,0.0,0.0
2018-02-22 00:00:00+09:00,2515.582987371026,2531.2808531268515,2480.262789420419,2484.187255859375,155800,0.0,0.0
2018-02-23 00:00:00+09:00,2499.8850482940675,2515.5829135894774,2488.11164932251,2511.658447265625,103800,0.0,0.0
2018-02-26 00:00:00+09:00,2523.432034976757,2550.903301298433,2492.0363020376994,2519.507568359375,170500,0.0,0.0
2018-02-27 00:00:00+09:00,2527.3565015941394,2535.205434828904,2507.7341685072283,2519.507568359375,181500,0.0,0.0
2018-02-28 00:00:00+09:00,2499.8848206046996,2543.0539462352363,2492.035888671875,2492.035888671875,188500,0.0,0.0
2018-03-01 00:00:00+09:00,2480.2626509232955,2480.2626509232955,2413.5467251864347,2417.47119140625,248700,0.0,0.0
2018-03-02 00:00:00+09:00,2354.679950914885,2393.9246167634665,2352.32527096397,2386.07568359375,266900,0.0,0.0
2018-03-05 00:00:00+09:00,2378.2265672329363,2429.24462890625,2370.377634667811,2429.24462890625,314600,0.0,0.0
2018-03-06 00:00:00+09:00,2456.7158203125,2503.8094143121007,2441.017955645966,2456.7158203125,248700,0.0,0.0
2018-03-07 00:00:00+09:00,2456.7157880675118,2523.431712024617,2452.791321952388,2495.96044921875,420900,0.0,0.0
2018-03-08 00:00:00+09:00,2511.658313679245,2519.507245909493,2476.338118643131,2495.96044921875,164800,0.0,0.0
2018-03-09 00:00:00+09:00,2527.356106629082,2546.9784366494946,2499.8848446005054,2523.431640625,373700,0.0,0.0
2018-03-12 00:00:00+09:00,2550.90283203125,2562.676229717548,2523.431570763221,2550.90283203125,356300,0.0,0.0
2018-03-13 00:00:00+09:00,2550.903357700038,2574.450157924962,2546.9788909958843,2562.6767578125,305100,0.0,0.0
2018-03-14 00:00:00+09:00,2550.903037305593,2574.4498345730294,2531.280706249396,2539.129638671875,214100,0.0,0.0
2018-03-15 00:00:00+09:00,2523.431640625,2535.205038637247,2499.8848446005054,2523.431640625,239500,0.0,0.0
2018-03-16 00:00:00+09:00,2527.3565015941394,2550.903301298433,2515.583101741993,2519.507568359375,237100,0.0,0.0
2018-03-19 00:00:00+09:00,2511.658447265625,2539.129711532593,2492.0361156463623,2511.658447265625,307400,0.0,0.0
2018-03-20 00:00:00+09:00,2484.187368802935,2523.432034976757,2480.262902185553,2519.507568359375,212600,0.0,0.0
2018-03-21 00:00:00+09:00,2519.507568359375,2519.507568359375,2519.507568359375,2519.507568359375,0,0.0,0.0
2018-03-22 00:00:00+09:00,2546.9787068194655,2613.694635965738,2515.582975456514,2605.845703125,489200,0.0,0.0
2018-03-23 00:00:00+09:00,2554.827598289207,2594.0722618573977,2539.1297328619307,2543.05419921875,404300,0.0,0.0
2018-03-26 00:00:00+09:00,2515.5829009545973,2582.298828125,2484.1871705214667,2582.298828125,274000,0.0,0.0
2018-03-27 00:00:00+09:00,2613.6949378068352,2613.6949378068352,2574.450269070997,2597.9970703125,259700,0.0,0.0
2018-03-28 00:00:00+09:00,2487.4435388036522,2621.6865234375,2487.4435388036522,2621.6865234375,415300,20.0,0.0
2018-03-29 00:00:00+09:00,2617.738525390625,2633.5318196614585,2578.2552897135415,2617.738525390625,329500,0.0,0.0
2018-03-30 00:00:00+09:00,2653.272957785088,2728.291092008178,2649.324634931241,2700.65283203125,752100,0.0,0.0
2018-04-02 00:00:00+09:00,2684.859781180863,2692.756427596101,2653.2731955199115,2676.963134765625,310600,0.0,0.0
2018-04-03 00:00:00+09:00,2645.3767903645835,2684.8600260416665,2637.4801432291665,2653.2734375,254900,0.0,0.0
2018-04-04 00:00:00+09:00,2669.066650750184,2700.6532383330264,2657.2216804066184,2680.91162109375,508500,0.0,0.0
2018-04-05 00:00:00+09:00,2688.8079403041916,2712.497878104228,2669.0663254708275,2673.0146484375,321000,0.0,0.0
2018-04-06 00:00:00+09:00,2673.0148115580064,2700.6530740113385,2669.0664883503873,2676.963134765625,312300,0.0,0.0
2018-04-09 00:00:00+09:00,2676.96321662454,2696.7048332663144,2673.0148932961856,2684.85986328125,251100,0.0,0.0
2018-04-10 00:00:00+09:00,2680.911378385035,2728.2912554698955,2673.014732204225,2692.75634765625,328700,0.0,0.0
2018-04-11 00:00:00+09:00,2684.85986328125,2696.7048332663144,2661.1699233111212,2684.85986328125,196700,0.0,0.0
2018-04-12 00:00:00+09:00,2680.9117844578777,2688.8084318347787,2661.170166015625,2661.170166015625,128200,0.0,0.0
2018-04-13 00:00:00+09:00,2669.0664872685184,2684.8597800925927,2637.4799016203706,2665.1181640625,174000,0.0,0.0
2018-04-16 00:00:00+09:00,2669.066650750184,2680.91162109375,2657.2216804066184,2680.91162109375,127900,0.0,0.0
2018-04-17 00:00:00+09:00,2676.9632976458947,2692.756591437316,2661.1700038544736,2680.91162109375,95400,0.0,0.0
2018-04-18 00:00:00+09:00,2684.8597843886464,2720.3946932996723,2684.8597843886464,2712.498046875,322800,0.0,0.0
2018-04-19 00:00:00+09:00,2740.1362290554903,2748.0328752487335,2712.4979673791377,2728.291259765625,310600,0.0,0.0
2018-04-20 00:00:00+09:00,2736.188071518924,2779.6196282097007,2724.3431015123488,2767.774658203125,414900,0.0,0.0
2018-04-23 00:00:00+09:00,2815.1543750276646,2819.102698134295,2755.929528428205,2787.51611328125,341200,0.0,0.0
2018-04-24 00:00:00+09:00,2826.99943370136,2870.4309892470515,2826.99943370136,2866.482666015625,648500,0.0,0.0
2018-04-25 00:00:00+09:00,2866.4826690051023,2905.965901360544,2850.689376062925,2902.017578125,477600,0.0,0.0
2018-04-26 00:00:00+09:00,2894.1210944107324,2917.81103515625,2882.2761240379737,2917.81103515625,339200,0.0,0.0
2018-04-27 00:00:00+09:00,2921.7592786528153,2945.44921875,2917.810955303284,2945.44921875,343700,0.0,0.0
2018-04-30 00:00:00+09:00,2945.44921875,2945.44921875,2945.44921875,2945.44921875,0,0.0,0.0
2018-05-01 00:00:00+09:00,2937.55224609375,2953.3455377394152,2894.12069406817,2937.55224609375,236700,0.0,0.0
2018-05-02 00:00:00+09:00,2921.759115460748,2937.552407976752,2909.914146073745,2929.65576171875,182900,0.0,0.0
2018-05-03 00:00:00+09:00,2929.65576171875,2929.65576171875,2929.65576171875,2929.65576171875,0,0.0,0.0
2018-05-04 00:00:00+09:00,2929.65576171875,2929.65576171875,2929.65576171875,2929.65576171875,0,0.0,0.0
2018-05-07 00:00:00+09:00,2917.8107936372694,2945.4490555526427,2898.0691779834315,2941.500732421875,169800,0.0,0.0
2018-05-08 00:00:00+09:00,2953.3459475907125,2984.932535265479,2945.4493006720204,2965.19091796875,216900,0.0,0.0
2018-05-09 00:00:00+09:00,2945.4491337159866,2945.4491337159866,2894.1209316539116,2902.017578125,246800,0.0,0.0
2018-05-10 00:00:00+09:00,2882.2758815599527,2917.810789688774,2870.4309121836786,2905.9658203125,206700,0.0,0.0
2018-05-11 00:00:00+09:00,2882.2760425536444,2909.914305975392,2854.6377791318973,2898.0693359375,260800,0.0,0.0
2018-05-14 00:00:00+09:00,2858.5860195527716,2898.0692518670367,2846.7410498584923,2866.482666015625,371400,0.0,0.0
2018-05-15 00:00:00+09:00,2921.759128076425,3142.8652242551816,2921.759128076425,3048.10546875,987500,0.0,0.0
2018-05-16 00:00:00+09:00,3032.312174902471,3048.105467480088,3000.725589747237,3036.260498046875,313000,0.0,0.0
2018-05-17 00:00:00+09:00,3008.622248147098,3154.710205078125,3008.622248147098,3154.710205078125,722300,0.0,0.0
2018-05-18 00:00:00+09:00,3127.0719290551565,3131.020252197903,3016.518881058257,3024.41552734375,455100,0.0,0.0
2018-05-21 00:00:00+09:00,3052.053707754441,3056.0020307916393,3016.5188004196543,3028.36376953125,141000,0.0,0.0
2018-05-22 00:00:00+09:00,3016.5188797817004,3059.950434333531,3000.7255872173982,3012.570556640625,213700,0.0,0.0
2018-05-23 00:00:00+09:00,3000.7255833471486,3004.6739064831313,2957.2940288513346,2977.03564453125,238100,0.0,0.0
2018-05-24 00:00:00+09:00,2957.294268715218,2973.0875625401327,2870.431152678189,2882.276123046875,332300,0.0,0.0
2018-05-25 00:00:00+09:00,2854.637699298469,2913.8625478316326,2850.689376062925,2902.017578125,196100,0.0,0.0
2018-05-28 00:00:00+09:00,2902.017741325905,2921.7593586138364,2882.2761240379737,2917.81103515625,140300,0.0,0.0
2018-05-29 00:00:00+09:00,2902.0174131380386,2909.9140591601827,2850.6892139941006,2886.22412109375,155700,0.0,0.0
2018-05-30 00:00:00+09:00,2870.4309121836786,2921.7591128141985,2862.53426593283,2905.9658203125,207600,0.0,0.0
2018-05-31 00:00:00+09:00,2905.965982629428,2917.8109526673197,2874.3793958617166,2898.0693359375,267600,0.0,0.0
2018-06-01 00:00:00+09:00,2890.1726899062924,2917.810953334358,2878.327719865693,2909.914306640625,151400,0.0,0.0
2018-06-04 00:00:00+09:00,2941.5005767660796,2992.8287747499176,2941.5005767660796,2984.93212890625,249900,0.0,0.0
2018-06-05 00:00:00+09:00,2988.8804518280836,3000.7254205935847,2949.397222609747,2984.93212890625,232900,0.0,0.0
2018-06-06 00:00:00+09:00,2992.8292643229165,3036.2608235677085,2988.8809407552085,2996.777587890625,235700,0.0,0.0
2018-06-07 00:00:00+09:00,2996.777097671751,3008.622066437252,2977.035483062583,2984.93212890625,143900,0.0,0.0
2018-06-08 00:00:00+09:00,2957.294270724536,2984.932534936915,2953.345947265625,2953.345947265625,140300,0.0,0.0
2018-06-11 00:00:00+09:00,2961.2425951535665,3000.725829755614,2957.294271693362,2988.880859375,105500,0.0,0.0
2018-06-12 00:00:00+09:00,3012.5705591804494,3040.208821191279,3000.725589747237,3036.260498046875,237300,0.0,0.0
2018-06-13 00:00:00+09:00,3036.2605800603924,3048.105549813554,2980.984054545639,3044.1572265625,166600,0.0,0.0
2018-06-14 00:00:00+09:00,3032.312177419355,3067.847085748488,3024.415531123992,3059.950439453125,181400,0.0,0.0
2018-06-15 00:00:00+09:00,3071.7955712256494,3071.7955712256494,3028.3640143060065,3040.208984375,196000,0.0,0.0
2018-06-18 00:00:00+09:00,3024.415531123992,3059.950439453125,3000.725592237903,3059.950439453125,120700,0.0,0.0
2018-06-19 00:00:00+09:00,3052.0537931577624,3071.7954088961696,3008.622238533266,3059.950439453125,219600,0.0,0.0
2018-06-20 00:00:00+09:00,3032.3120098039217,3032.3120098039217,2973.0871658624387,3020.467041015625,169300,0.0,0.0
2018-06-21 00:00:00+09:00,3059.9504407083464,3091.5370259027554,3032.3121786632387,3071.79541015625,262600,0.0,0.0
2018-06-22 00:00:00+09:00,3052.053874013344,3067.8471670224685,3020.4672879950945,3056.002197265625,178900,0.0,0.0
2018-06-25 00:00:00+09:00,3075.7438945819804,3083.640541294643,3036.2606610186685,3040.208984375,143000,0.0,0.0
2018-06-26 00:00:00+09:00,3024.415933507843,3052.05419921875,3004.674315142909,3052.05419921875,133100,0.0,0.0
2018-06-27 00:00:00+09:00,3044.1570664238684,3067.8470046839766,3012.570482077058,3063.898681640625,127100,0.0,0.0
2018-06-28 00:00:00+09:00,3024.4155298737046,3063.898761334197,3016.518883581606,3048.10546875,114800,0.0,0.0
2018-06-29 00:00:00+09:00,3020.4672092153355,3075.743733305551,3016.5188860660346,3071.79541015625,175900,0.0,0.0
2018-07-02 00:00:00+09:00,3067.8473275740516,3071.7956510329627,2949.3976238067135,2953.345947265625,171700,0.0,0.0
2018-07-03 00:00:00+09:00,2961.2425108213683,2965.19083416913,2909.9143073004648,2921.75927734375,170400,0.0,0.0
2018-07-04 00:00:00+09:00,2913.862392043558,2977.0355604347465,2898.069099945761,2957.2939453125,166300,0.0,0.0
2018-07-05 00:00:00+09:00,2969.1389943372483,2984.932286860319,2933.6040861603396,2941.500732421875,212200,0.0,0.0
2018-07-06 00:00:00+09:00,2949.3973825793682,2988.880613939199,2909.9141512195374,2977.03564453125,159100,0.0,0.0
2018-07-09 00:00:00+09:00,3000.725750811688,3056.0022778003245,2977.0358106737012,3040.208984375,133900,0.0,0.0
2018-07-10 00:00:00+09:00,3079.6921414567487,3131.0203438143612,3071.7954949401933,3115.22705078125,256700,0.0,0.0
2018-07-11 00:00:00+09:00,3131.020342877803,3142.8653126490935,3067.8471707642534,3103.382080078125,187100,0.0,0.0
2018-07-12 00:00:00+09:00,3095.4857596216043,3095.4857596216043,3052.05419921875,3052.05419921875,84500,0.0,0.0
2018-07-13 00:00:00+09:00,3079.6921358219847,3079.6921358219847,3032.3122568093386,3044.1572265625,94600,0.0,0.0
2018-07-16 00:00:00+09:00,3044.1572265625,3044.1572265625,3044.1572265625,3044.1572265625,0,0.0,0.0
2018-07-17 00:00:00+09:00,3032.3121786632387,3099.4336722013572,3028.363855513938,3071.79541015625,121600,0.0,0.0
2018-07-18 00:00:00+09:00,3075.743645977632,3083.640292052029,3028.36376953125,3028.36376953125,161500,0.0,0.0
2018-07-19 00:00:00+09:00,3024.415358124587,3032.312003968254,2977.035483062583,2984.93212890625,149100,0.0,0.0
2018-07-20 00:00:00+09:00,2984.9322097475165,2992.8288558050494,2961.242271574917,2980.98388671875,109100,0.0,0.0
2018-07-23 00:00:00+09:00,3000.7255082708607,3056.0020307916393,2996.777185233662,3028.36376953125,203800,0.0,0.0
2018-07-24 00:00:00+09:00,3044.157230304119,3091.537109375,3028.363937280492,3091.537109375,130800,0.0,0.0
2018-07-25 00:00:00+09:00,3091.5370296492815,3115.226968573797,3067.8470907247656,3107.330322265625,140400,0.0,0.0
2018-07-26 00:00:00+09:00,3107.330567326378,3150.762125446569,3107.330567326378,3142.865478515625,220000,0.0,0.0
2018-07-27 00:00:00+09:00,3138.9169893919966,3154.7102824203844,3087.5887870497377,3103.382080078125,143900,0.0,0.0
2018-07-30 00:00:00+09:00,3063.898927030051,3107.330483985374,3056.0022803109014,3087.5888671875,96100,0.0,0.0
2018-07-31 00:00:00+09:00,3091.5371905470747,3111.2788073449487,3083.640543827925,3087.5888671875,185500,0.0,0.0
2018-08-01 00:00:00+09:00,3075.743975499505,3079.692298959709,2980.9842124545903,2988.880859375,243000,0.0,0.0
2018-08-02 00:00:00+09:00,2996.7775062954097,3008.622476676024,2980.9842124545903,2988.880859375,127600,0.0,0.0
2018-08-03 00:00:00+09:00,2980.9842114780035,2980.9842114780035,2925.707683053246,2953.345947265625,171700,0.0,0.0
2018-08-06 00:00:00+09:00,2977.036056111939,2988.8810271574775,2807.258137792558,2815.15478515625,314400,0.0,0.0
2018-08-07 00:00:00+09:00,2846.7409734311314,2913.8624665633492,2838.844327180282,2905.9658203125,257700,0.0,0.0
2018-08-08 00:00:00+09:00,2874.379391803422,2886.22436182459,2811.206218357193,2826.99951171875,206600,0.0,0.0
2018-08-09 00:00:00+09:00,2826.9995089444246,2850.689448963512,2767.7746588967066,2779.61962890625,257400,0.0,0.0
2018-08-10 00:00:00+09:00,2503.236906333238,2673.014803765934,2463.753674372146,2594.04833984375,977000,0.0,0.0
2018-08-13 00:00:00+09:00,2613.789681304096,2629.582972429801,2432.1668333584944,2451.908447265625,441700,0.0,0.0
2018-08-14 00:00:00+09:00,2471.6503929318405,2507.185302734375,2432.167159817913,2507.185302734375,250400,0.0,0.0
2018-08-15 00:00:00+09:00,2515.0822769382676,2522.9789245895654,2463.7540672048335,2491.392333984375,172900,0.0,0.0
2018-08-16 00:00:00+09:00,2455.8570169208533,2479.5469559908292,2424.2704314942184,2475.5986328125,196800,0.0,0.0
2018-08-17 00:00:00+09:00,2471.650390625,2471.650390625,2444.0121274710464,2471.650390625,130900,0.0,0.0
2018-08-20 00:00:00+09:00,2467.7023910304824,2522.9789245895654,2467.7023910304824,2491.392333984375,224000,0.0,0.0
2018-08-21 00:00:00+09:00,2471.650389841242,2487.4436830670647,2440.063803389597,2459.805419921875,141800,0.0,0.0
2018-08-22 00:00:00+09:00,2467.7020673172924,2491.3920071635384,2447.960450778754,2471.650390625,152500,0.0,0.0
2018-08-23 00:00:00+09:00,2447.960530467488,2479.547117957391,2440.063883595012,2444.01220703125,109000,0.0,0.0
2018-08-24 00:00:00+09:00,2463.753579682476,2463.753579682476,2436.1153183719352,2455.85693359375,122900,0.0,0.0
2018-08-27 00:00:00+09:00,2475.598876953125,2495.3404947916665,2463.75390625,2487.44384765625,118100,0.0,0.0
2018-08-28 00:00:00+09:00,2479.546875,2499.2884902468154,2471.6502289012737,2479.546875,172100,0.0,0.0
2018-08-29 00:00:00+09:00,2507.1853828125,2507.1853828125,2459.8055015625,2467.7021484375,160700,0.0,0.0
2018-08-30 00:00:00+09:00,2475.598626828661,2475.598626828661,2408.4771329593036,2416.373779296875,274900,0.0,0.0
2018-08-31 00:00:00+09:00,2428.2186610369436,2436.1153070890964,2372.942138671875,2372.942138671875,300100,0.0,0.0
2018-09-03 00:00:00+09:00,2376.890524986643,2400.580463773885,2344.5142753107452,2355.569580078125,355500,0.0,0.0
2018-09-04 00:00:00+09:00,2376.890443446965,2396.6320584257605,2353.2005054724104,2359.517822265625,189600,0.0,0.0
2018-09-05 00:00:00+09:00,2359.517751920021,2363.466074798067,2313.7172065346927,2329.510498046875,296100,0.0,0.0
2018-09-06 00:00:00+09:00,2211.061134111393,2290.0276031868,2192.1091815332957,2256.072021484375,610900,0.0,0.0
2018-09-07 00:00:00+09:00,2225.2751627604166,2259.230745442708,2200.795556640625,2250.54443359375,485200,0.0,0.0
2018-09-10 00:00:00+09:00,2226.854032727822,2296.34451318174,2226.854032727822,2287.658203125,195500,0.0,0.0
2018-09-11 00:00:00+09:00,2274.234193633486,2282.1308401391575,2229.2233085511566,2245.0166015625,310900,0.0,0.0
2018-09-12 00:00:00+09:00,2240.278663336898,2268.706591387701,2212.6403999541726,2261.599609375,251700,0.0,0.0
2018-09-13 00:00:00+09:00,2274.2339899897333,2324.772523100616,2273.4443254098755,2307.39990234375,161000,0.0,0.0
2018-09-14 00:00:00+09:00,2316.876285763033,2351.6215334022877,2308.1899738532193,2323.193603515625,185000,0.0,0.0
2018-09-17 00:00:00+09:00,2323.193603515625,2323.193603515625,2323.193603515625,2323.193603515625,0,0.0,0.0
2018-09-18 00:00:00+09:00,2317.6656441424702,2361.0971979509322,2308.1896687660783,2340.56591796875,174500,0.0,0.0
2018-09-19 00:00:00+09:00,2380.8387863462335,2412.425370576366,2365.8351588369205,2384.787109375,190300,0.0,0.0
2018-09-20 00:00:00+09:00,2392.6838402841604,2420.322102465661,2354.7799378638174,2416.373779296875,232900,0.0,0.0
2018-09-21 00:00:00+09:00,2424.2701877956424,2471.6500611727556,2424.2701877956424,2451.908447265625,279600,0.0,0.0
2018-09-24 00:00:00+09:00,2451.908447265625,2451.908447265625,2451.908447265625,2451.908447265625,0,0.0,0.0
2018-09-25 00:00:00+09:00,2463.7536655805684,2503.23689740077,2436.1154033064277,2499.28857421875,284800,0.0,0.0
2018-09-26 00:00:00+09:00,2475.5985550263704,2519.0301086233244,2424.2703553208794,2503.23681640625,247500,0.0,0.0
2018-09-27 00:00:00+09:00,2487.4437656249997,2519.0303531249997,2455.857178125,2467.7021484375,253000,0.0,0.0
2018-09-28 00:00:00+09:00,2503.2369778728635,2511.133624490759,2475.5987147102296,2483.495361328125,165700,0.0,0.0
2018-10-01 00:00:00+09:00,2447.960530467488,2459.805500776202,2412.425619541347,2444.01220703125,219400,0.0,0.0
2018-10-02 00:00:00+09:00,2451.9088539037257,2483.495441393629,2428.2189132862986,2444.01220703125,210800,0.0,0.0
2018-10-03 00:00:00+09:00,2451.9088546875,2487.4437656249997,2447.96053125,2467.7021484375,271000,0.0,0.0
2018-10-04 00:00:00+09:00,2479.546958308649,2519.030190128851,2463.7536655805684,2499.28857421875,295100,0.0,0.0
2018-10-05 00:00:00+09:00,2483.4951191189925,2507.185056662258,2467.701827423482,2495.340087890625,212400,0.0,0.0
2018-10-08 00:00:00+09:00,2495.340087890625,2495.340087890625,2495.340087890625,2495.340087890625,0,0.0,0.0
2018-10-09 00:00:00+09:00,2440.06388319932,2463.753823812906,2400.580648843344,2432.167236328125,283700,0.0,0.0
2018-10-10 00:00:00+09:00,2475.59903868178,2499.2889816356724,2447.9607719022383,2491.392333984375,187500,0.0,0.0
2018-10-11 00:00:00+09:00,2396.6320784612994,2432.1669857201987,2372.9421402887,2384.787109375,259300,0.0,0.0
2018-10-12 00:00:00+09:00,2384.7873539178336,2408.4772945196664,2376.890707050556,2396.63232421875,151900,0.0,0.0
2018-10-15 00:00:00+09:00,2400.580481770833,2404.5288049316405,2368.993896484375,2368.993896484375,163400,0.0,0.0
2018-10-16 00:00:00+09:00,2368.9939792097107,2396.632242300491,2363.466326591555,2388.735595703125,138900,0.0,0.0
2018-10-17 00:00:00+09:00,2479.546706735608,2487.44335229846,2416.37354223279,2451.908447265625,201100,0.0,0.0
2018-10-18 00:00:00+09:00,2447.960446821297,2451.9087701226217,2404.5288905067255,2412.425537109375,132000,0.0,0.0
2018-10-19 00:00:00+09:00,2392.6838402841604,2436.1153951408037,2388.735517115375,2416.373779296875,122000,0.0,0.0
2018-10-22 00:00:00+09:00,2408.4771329593036,2432.1670719720178,2380.838870777803,2416.373779296875,135100,0.0,0.0
2018-10-23 00:00:00+09:00,2420.321941427422,2420.321941427422,2325.562191681487,2331.08984375,194100,0.0,0.0
2018-10-24 00:00:00+09:00,2353.200699968037,2372.9423165785074,2320.0347840624477,2354.780029296875,213800,0.0,0.0
2018-10-25 00:00:00+09:00,2282.1307912347697,2290.027437571222,2246.5958827207332,2252.12353515625,225700,0.0,0.0
2018-10-26 00:00:00+09:00,2259.2302105883773,2263.178533221352,2183.4224160352546,2200.00537109375,286000,0.0,0.0
2018-10-29 00:00:00+09:00,2239.488669938474,2286.868543068343,2228.4333662081713,2230.0126953125,179200,0.0,0.0
2018-10-30 00:00:00+09:00,2211.0609458715003,2284.499755859375,2200.795305765668,2284.499755859375,378100,0.0,0.0
2018-10-31 00:00:00+09:00,2305.8207699529025,2338.197020489912,2301.8724467166817,2326.35205078125,150300,0.0,0.0
2018-11-01 00:00:00+09:00,2327.1416709798177,2384.787189127604,2319.245024658203,2368.993896484375,156200,0.0,0.0
2018-11-02 00:00:00+09:00,2366.625226713482,2404.5291342484325,2341.3559550235145,2400.580810546875,173200,0.0,0.0
2018-11-05 00:00:00+09:00,2384.787355487682,2463.7538242124397,2364.256073619245,2444.01220703125,198100,0.0,0.0
2018-11-06 00:00:00+09:00,2436.1155601587743,2475.598794521153,2424.270589850061,2444.01220703125,184400,0.0,0.0
2018-11-07 00:00:00+09:00,2467.7019852858325,2487.443601168119,2428.2187535212593,2463.753662109375,256800,0.0,0.0
2018-11-08 00:00:00+09:00,2467.702064946946,2495.3403280743514,2428.2188319077945,2436.115478515625,185300,0.0,0.0
2018-11-09 00:00:00+09:00,2396.6321535694356,2404.528799874442,2304.241391800861,2321.614013671875,651900,0.0,0.0
2018-11-12 00:00:00+09:00,2550.6167190906613,2716.4462890625,2542.7200729015262,2716.4462890625,1186600,0.0,0.0
2018-11-13 00:00:00+09:00,2645.376467732988,2712.4979601978553,2629.5831753883135,2669.06640625,564800,0.0,0.0
2018-11-14 00:00:00+09:00,2653.273109538981,2665.118078777994,2613.7898787422696,2633.531494140625,240700,0.0,0.0
2018-11-15 00:00:00+09:00,2609.8418782552085,2645.3767903645835,2582.20361328125,2641.428466796875,218600,0.0,0.0
2018-11-16 00:00:00+09:00,2633.5318196614585,2653.2734375,2578.2552897135415,2605.8935546875,207400,0.0,0.0
2018-11-19 00:00:00+09:00,2621.686685706193,2653.273272280967,2594.0484224532665,2613.7900390625,196900,0.0,0.0
2018-11-20 00:00:00+09:00,2621.686524901612,2633.531494140625,2597.996586423585,2633.531494140625,136100,0.0,0.0
2018-11-21 00:00:00+09:00,2578.2549695853727,2629.583169592432,2574.3066465079064,2621.6865234375,170200,0.0,0.0
2018-11-22 00:00:00+09:00,2661.169760077663,2692.756344767012,2649.324790819157,2669.06640625,289600,0.0,0.0
2018-11-23 00:00:00+09:00,2669.06640625,2669.06640625,2669.06640625,2669.06640625,0,0.0,0.0
2018-11-26 00:00:00+09:00,2661.1698430043134,2724.343014351597,2653.273196585903,2688.80810546875,212800,0.0,0.0
2018-11-27 00:00:00+09:00,2740.136236001682,2799.361082601142,2740.136236001682,2787.51611328125,381600,0.0,0.0
2018-11-28 00:00:00+09:00,2787.5163563710544,2826.9995908805595,2740.1364749596487,2751.9814453125,327000,0.0,0.0
2018-11-29 00:00:00+09:00,2791.464520622702,2838.8443993319984,2779.6195509453783,2819.102783203125,296400,0.0,0.0
2018-11-30 00:00:00+09:00,2795.412925667159,2838.844482421875,2787.5162789844835,2838.844482421875,174400,0.0,0.0
2018-12-03 00:00:00+09:00,2838.8442331233496,2842.7925561179577,2795.4126801826587,2803.309326171875,200200,0.0,0.0
2018-12-04 00:00:00+09:00,2755.929517102731,2755.929517102731,2684.85970147544,2692.75634765625,252500,0.0,0.0
2018-12-05 00:00:00+09:00,2645.376394684325,2748.0327920899854,2637.4797487300434,2720.39453125,169300,0.0,0.0
2018-12-06 00:00:00+09:00,2716.4462861986804,2720.3946092890856,2688.808024565845,2692.75634765625,159600,0.0,0.0
2018-12-07 00:00:00+09:00,2696.704836101201,2751.981362756277,2692.7565127686958,2732.23974609375,185700,0.0,0.0
2018-12-10 00:00:00+09:00,2676.9634596907026,2724.343343933016,2676.9634596907026,2696.705078125,115500,0.0,0.0
2018-12-11 00:00:00+09:00,2724.343425667199,2732.2400732778287,2680.9118638087366,2704.601806640625,244100,0.0,0.0
2018-12-12 00:00:00+09:00,2724.343100823782,2759.8780108345272,2700.6531608166188,2755.9296875,165000,0.0,0.0
2018-12-13 00:00:00+09:00,2803.309488242629,2854.637690140029,2795.412841796875,2795.412841796875,337100,0.0,0.0
2018-12-14 00:00:00+09:00,2787.5161018259714,2799.3610710971866,2692.75634765625,2692.75634765625,266800,0.0,0.0
2018-12-17 00:00:00+09:00,2653.273356958763,2728.2915024680137,2653.273356958763,2680.91162109375,224700,0.0,0.0
2018-12-18 00:00:00+09:00,2637.4796663697,2704.601154885097,2629.5830206620067,2700.65283203125,337700,0.0,0.0
2018-12-19 00:00:00+09:00,2684.8596279226617,2751.9811186207285,2680.9113049404227,2744.08447265625,265200,0.0,0.0
2018-12-20 00:00:00+09:00,2732.2394148620247,2744.0843834235657,2676.962894908169,2700.65283203125,235100,0.0,0.0
2018-12-21 00:00:00+09:00,2629.583579094085,2649.3251975557523,2542.720457862749,2578.25537109375,364000,0.0,0.0
2018-12-24 00:00:00+09:00,2578.25537109375,2578.25537109375,2578.25537109375,2578.25537109375,0,0.0,0.0
2018-12-25 00:00:00+09:00,2368.9939024390246,2495.340243902439,2368.9939024390246,2428.21875,270400,0.0,0.0
2018-12-26 00:00:00+09:00,2384.7871951219513,2444.0120426829267,2384.7871951219513,2428.21875,375200,0.0,0.0
2018-12-27 00:00:00+09:00,2491.3919345838135,2586.1516912082375,2491.3919345838135,2570.3583984375,299900,0.0,0.0
2018-12-28 00:00:00+09:00,2562.4619954427085,2617.738525390625,2542.7203776041665,2605.8935546875,172500,0.0,0.0
2018-12-31 00:00:00+09:00,2605.8935546875,2605.8935546875,2605.8935546875,2605.8935546875,0,0.0,0.0
2019-01-04 00:00:00+09:00,2558.5131967905404,2633.5313306470534,2546.6682282868805,2629.5830078125,196900,0.0,0.0
2019-01-07 00:00:00+09:00,2684.8596985946747,2696.7046678531806,2665.118083163831,2669.06640625,189700,0.0,0.0
2019-01-08 00:00:00+09:00,2669.0665713830176,2736.188068000638,2653.2732780612246,2708.5498046875,219600,0.0,0.0
2019-01-09 00:00:00+09:00,2708.5500491855782,2724.343343933016,2661.170164943265,2696.705078125,235900,0.0,0.0
2019-01-10 00:00:00+09:00,2673.014732204225,2696.704670746655,2649.3247936617945,2692.75634765625,197800,0.0,0.0
2019-01-11 00:00:00+09:00,2720.394770273905,2720.394770273905,2633.5316571446947,2637.47998046875,198700,0.0,0.0
2019-01-15 00:00:00+09:00,2617.738285590278,2684.8597800925927,2594.048346354167,2665.1181640625,179700,0.0,0.0
2019-01-16 00:00:00+09:00,2657.221429637268,2673.014721938233,2601.9449065838926,2609.841552734375,188600,0.0,0.0
2019-01-17 00:00:00+09:00,2613.789875809616,2649.324783486786,2594.0482604334106,2609.841552734375,182200,0.0,0.0
2019-01-18 00:00:00+09:00,2601.9449123705654,2673.014727882963,2601.9449123705654,2657.221435546875,149300,0.0,0.0
2019-01-21 00:00:00+09:00,2676.9630494986004,2692.756341826026,2637.479818680037,2645.37646484375,146700,0.0,0.0
2019-01-22 00:00:00+09:00,2669.0667317708335,2684.8600260416665,2653.2734375,2653.2734375,121900,0.0,0.0
2019-01-23 00:00:00+09:00,2645.3766271168597,2673.014890385245,2625.635010496585,2637.47998046875,187700,0.0,0.0
2019-01-24 00:00:00+09:00,2629.583332349887,2637.47997899358,2613.7900390625,2613.7900390625,103300,0.0,0.0
2019-01-25 00:00:00+09:00,2613.7902018229165,2653.2734375,2597.9969075520835,2617.738525390625,162100,0.0,0.0
2019-01-28 00:00:00+09:00,2605.89339387631,2649.324950440915,2605.89339387631,2637.47998046875,92800,0.0,0.0
2019-01-29 00:00:00+09:00,2625.6350112210084,2665.1182444724523,2625.6350112210084,2649.324951171875,107800,0.0,0.0
2019-01-30 00:00:00+09:00,2669.0665699678307,2700.653156594669,2665.1182466394757,2684.85986328125,221000,0.0,0.0
2019-01-31 00:00:00+09:00,2716.4462861986804,2732.2395785603007,2684.85970147544,2692.75634765625,132600,0.0,0.0
2019-02-01 00:00:00+09:00,2645.3764662948083,2696.704666387096,2641.4281432107864,2657.221435546875,113400,0.0,0.0
2019-02-04 00:00:00+09:00,2688.8081914926224,2775.6713048741753,2688.8081914926224,2767.774658203125,214800,0.0,0.0
2019-02-05 00:00:00+09:00,2771.72314453125,2779.6197916666665,2740.1365559895835,2748.033203125,92300,0.0,0.0
2019-02-06 00:00:00+09:00,2748.0330408309455,2783.5679508416906,2748.0330408309455,2755.9296875,153900,0.0,0.0
2019-02-07 00:00:00+09:00,2740.1362276299055,2748.032873819041,2684.8597043059594,2716.4462890625,163900,0.0,0.0
2019-02-08 00:00:00+09:00,2716.4464454305134,2716.4464454305134,2582.2034524877267,2613.7900390625,264200,0.0,0.0
2019-02-12 00:00:00+09:00,2724.3429188036735,2740.1362110865934,2574.306642115935,2586.151611328125,423000,0.0,0.0
2019-02-13 00:00:00+09:00,2590.100177776703,2609.8417949853665,2530.875326150711,2550.616943359375,251200,0.0,0.0
2019-02-14 00:00:00+09:00,2566.410238619633,2625.6350902800864,2566.410238619633,2597.996826171875,179700,0.0,0.0
2019-02-15 00:00:00+09:00,2578.2550402239826,2578.2550402239826,2507.185222882433,2522.978515625,186700,0.0,0.0
2019-02-18 00:00:00+09:00,2542.720214082001,2554.5651840233763,2515.0819508854574,2530.875244140625,172700,0.0,0.0
2019-02-19 00:00:00+09:00,2538.7718117796344,2558.513427734375,2530.8751653977383,2558.513427734375,81700,0.0,0.0
2019-02-20 00:00:00+09:00,2550.6171052474156,2586.1520184784167,2522.9788394010816,2578.25537109375,166800,0.0,0.0
2019-02-21 00:00:00+09:00,2601.9447391055046,2601.9447391055046,2566.4098337155965,2582.203125,91400,0.0,0.0
2019-02-22 00:00:00+09:00,2597.9969075520835,2621.6868489583335,2578.2552897135415,2617.738525390625,149900,0.0,0.0
2019-02-25 00:00:00+09:00,2637.4798243905793,2704.601316927465,2633.531501300174,2692.75634765625,225200,0.0,0.0
2019-02-26 00:00:00+09:00,2700.652916364296,2748.0327920899854,2700.652916364296,2720.39453125,168900,0.0,0.0
2019-02-27 00:00:00+09:00,2704.6014066655584,2787.5161943151593,2704.6014066655584,2783.56787109375,237100,0.0,0.0
2019-02-28 00:00:00+09:00,2787.5165200671854,2823.0514332125176,2775.671549018741,2791.46484375,234300,0.0,0.0
2019-03-01 00:00:00+09:00,2779.6193882042253,2807.2576491664836,2767.774419220401,2803.309326171875,149500,0.0,0.0
2019-03-04 00:00:00+09:00,2823.0511084662544,2842.792724609375,2803.309492323134,2842.792724609375,137900,0.0,0.0
2019-03-05 00:00:00+09:00,2826.99951171875,2830.9478350591394,2811.206218357193,2826.99951171875,184100,0.0,0.0
2019-03-06 00:00:00+09:00,2826.9994316948787,2842.792724609375,2815.1544620090062,2842.792724609375,146800,0.0,0.0
2019-03-07 00:00:00+09:00,2795.413005354021,2838.8445633468095,2783.5680349923514,2823.05126953125,209600,0.0,0.0
2019-03-08 00:00:00+09:00,2807.2578915583767,2815.154538229427,2763.8263348676,2767.774658203125,190100,0.0,0.0
2019-03-11 00:00:00+09:00,2759.8780108345272,2771.722980838109,2744.0847174964183,2755.9296875,71400,0.0,0.0
2019-03-12 00:00:00+09:00,2755.9298502604165,2767.7748209635415,2720.3949381510415,2724.34326171875,109300,0.0,0.0
2019-03-13 00:00:00+09:00,2744.085044693773,2755.930016109717,2700.6534828353106,2704.601806640625,82200,0.0,0.0
2019-03-14 00:00:00+09:00,2724.342854227141,2736.187823158563,2716.446208272859,2720.39453125,63900,0.0,0.0
2019-03-15 00:00:00+09:00,2732.2395842714336,2744.0845535674084,2716.4462918768013,2740.13623046875,176100,0.0,0.0
2019-03-18 00:00:00+09:00,2751.9811969136085,2755.929520008176,2704.6013197787975,2716.4462890625,94100,0.0,0.0
2019-03-19 00:00:00+09:00,2720.39453125,2720.39453125,2680.911301478592,2720.39453125,69600,0.0,0.0
2019-03-20 00:00:00+09:00,2728.2912611727756,2744.0845535674084,2704.601322580827,2740.13623046875,120500,0.0,0.0
2019-03-22 00:00:00+09:00,2755.9298502604165,2755.9298502604165,2716.4466145833335,2748.033203125,99800,0.0,0.0
2019-03-25 00:00:00+09:00,2708.5500491855782,2708.5500491855782,2673.015136003843,2696.705078125,67600,0.0,0.0
2019-03-26 00:00:00+09:00,2720.3946191128425,2787.516111892114,2720.3946191128425,2775.671142578125,206600,0.0,0.0
2019-03-27 00:00:00+09:00,2816.310644951578,2840.694286899211,2804.1188239777616,2832.56640625,115400,100.0,0.0
2019-03-28 00:00:00+09:00,2836.630419921875,2844.75830078125,2795.991015625,2804.118896484375,59200,0.0,0.0
2019-03-29 00:00:00+09:00,2828.502342621026,2828.502342621026,2787.862941146586,2812.24658203125,116000,0.0,0.0
2019-04-01 00:00:00+09:00,2869.1417717316413,2873.20571191823,2844.7581306121087,2856.949951171875,87900,0.0,0.0
2019-04-02 00:00:00+09:00,2873.2058084146424,2873.2058084146424,2791.927001953125,2791.927001953125,108600,0.0,0.0
2019-04-03 00:00:00+09:00,2775.6712635519975,2775.6712635519975,2710.6482178465335,2714.712158203125,159700,0.0,0.0
2019-04-04 00:00:00+09:00,2686.2645991579593,2698.456420334168,2625.3054932769164,2637.497314453125,182900,0.0,0.0
2019-04-05 00:00:00+09:00,2637.496976010854,2674.0724348461354,2633.433036140267,2661.880615234375,175800,0.0,0.0
2019-04-08 00:00:00+09:00,2661.8805902230265,2682.2002893850345,2653.7527105582235,2657.816650390625,74400,0.0,0.0
2019-04-09 00:00:00+09:00,2633.4332989386794,2633.4332989386794,2584.666015625,2584.666015625,111700,0.0,0.0
2019-04-10 00:00:00+09:00,2535.8987552332537,2548.090576171875,2495.2593521045155,2548.090576171875,121300,0.0,0.0
2019-04-11 00:00:00+09:00,2511.515185546875,2527.7709472656247,2499.3233642578125,2519.64306640625,97300,0.0,0.0
2019-04-12 00:00:00+09:00,2523.70654296875,2544.026241382347,2499.3229048724334,2523.70654296875,157200,0.0,0.0
2019-04-15 00:00:00+09:00,2556.218409356545,2592.793871493602,2535.8987081692912,2580.60205078125,144700,0.0,0.0
2019-04-16 00:00:00+09:00,2576.5381335176216,2584.666014064996,2535.8987307807506,2544.026611328125,100400,0.0,0.0
2019-04-17 00:00:00+09:00,2552.154417573736,2556.218357729108,2519.6428963307585,2531.834716796875,96500,0.0,0.0
2019-04-18 00:00:00+09:00,2523.706833707178,2527.770773858075,2483.0674321982056,2491.1953125,110200,0.0,0.0
2019-04-19 00:00:00+09:00,2479.003173828125,2487.131053086578,2466.8113549404457,2479.003173828125,107400,0.0,0.0
2019-04-22 00:00:00+09:00,2479.0034674351514,2491.1952877667995,2458.683766882404,2487.13134765625,92600,0.0,0.0
2019-04-23 00:00:00+09:00,2479.0038580643504,2491.195680317126,2458.6841543097244,2470.8759765625,155600,0.0,0.0
2019-04-24 00:00:00+09:00,2491.1952339680993,2491.1952339680993,2437.551225667318,2438.364013671875,137900,0.0,0.0
2019-04-25 00:00:00+09:00,2560.2825413655723,2682.200757621076,2560.2825413655723,2653.753173828125,673300,0.0,0.0
2019-04-26 00:00:00+09:00,2645.625,2694.3922811059906,2637.497119815668,2645.625,249100,0.0,0.0
2019-05-07 00:00:00+09:00,2645.625169903507,2649.6891102566615,2588.7300049593455,2592.7939453125,224500,0.0,0.0
2019-05-08 00:00:00+09:00,2564.3464111328126,2584.66611328125,2552.15458984375,2560.282470703125,143100,0.0,0.0
2019-05-09 00:00:00+09:00,2507.451220782007,2531.8348631234853,2487.1315188307753,2515.5791015625,162100,0.0,0.0
2019-05-10 00:00:00+09:00,2515.579078602567,2596.8578856656545,2503.3872575431037,2592.7939453125,194000,0.0,0.0
2019-05-13 00:00:00+09:00,2617.1776124927774,2686.2645991579593,2617.1776124927774,2637.497314453125,344500,0.0,0.0
2019-05-14 00:00:00+09:00,2580.6019986613414,2621.241400215063,2491.195315243153,2531.834716796875,538400,0.0,0.0
2019-05-15 00:00:00+09:00,2527.7708287493106,2527.7708287493106,2379.843404044367,2395.286376953125,695000,0.0,0.0
2019-05-16 00:00:00+09:00,2389.5969437913664,2438.3642283585373,2389.5969437913664,2425.359619140625,284600,0.0,0.0
2019-05-17 00:00:00+09:00,2413.167436654961,2424.546468016756,2397.724465521096,2413.980224609375,284600,0.0,0.0
2019-05-20 00:00:00+09:00,2495.2591739908858,2503.3870540364587,2438.364013671875,2438.364013671875,222300,0.0,0.0
2019-05-21 00:00:00+09:00,2400.9759713171934,2403.414335539926,2352.208686862545,2375.779541015625,247300,0.0,0.0
2019-05-22 00:00:00+09:00,2365.2128601594463,2397.724377137583,2330.2629794079494,2383.906982421875,265100,0.0,0.0
2019-05-23 00:00:00+09:00,2353.8343167633616,2358.7110453201917,2292.8752098029845,2311.5693359375,311900,0.0,0.0
2019-05-24 00:00:00+09:00,2283.9345214843747,2322.1355615234374,2279.8705810546876,2316.446044921875,158800,0.0,0.0
2019-05-27 00:00:00+09:00,2347.3321148097825,2363.587877377717,2330.263564113451,2336.765869140625,154900,0.0,0.0
2019-05-28 00:00:00+09:00,2360.336414599237,2363.5875666854618,2313.1947093489766,2342.455078125,224700,0.0,0.0
2019-05-29 00:00:00+09:00,2303.441339450412,2340.82958984375,2280.683273993598,2340.82958984375,307700,0.0,0.0
2019-05-30 00:00:00+09:00,2332.701654524784,2403.414213390169,2328.6377143601067,2396.09912109375,360200,0.0,0.0
2019-05-31 00:00:00+09:00,2387.158374607749,2387.158374607749,2335.1399422022687,2343.267822265625,242900,0.0,0.0
2019-06-03 00:00:00+09:00,2316.445737385618,2368.464167979541,2316.445737385618,2353.833984375,247400,0.0,0.0
2019-06-04 00:00:00+09:00,2381.469135459054,2396.912109375,2359.5238567363936,2396.912109375,271000,0.0,0.0
2019-06-05 00:00:00+09:00,2423.7340771830677,2432.6747461465193,2383.907460891327,2406.66552734375,219400,0.0,0.0
2019-06-06 00:00:00+09:00,2409.9166008138573,2424.546785911547,2385.532958984375,2385.532958984375,130600,0.0,0.0
2019-06-07 00:00:00+09:00,2392.035313317811,2491.19545882402,2386.345796772373,2474.939697265625,337900,0.0,0.0
2019-06-10 00:00:00+09:00,2479.003173828125,2487.131053086578,2442.4277171650874,2479.003173828125,153000,0.0,0.0
2019-06-11 00:00:00+09:00,2458.683791292822,2499.3231928017944,2458.683791292822,2491.1953125,76300,0.0,0.0
2019-06-12 00:00:00+09:00,2499.3233642578125,2539.9627685546875,2491.1954833984373,2519.64306640625,138700,0.0,0.0
2019-06-13 00:00:00+09:00,2519.643265573602,2531.8350878263777,2454.6202135587996,2470.8759765625,164000,0.0,0.0
2019-06-14 00:00:00+09:00,2491.1953125,2503.3871329526914,2466.8116715946167,2491.1953125,129000,0.0,0.0
2019-06-17 00:00:00+09:00,2470.8756117455137,2511.515013254486,2466.8116715946167,2491.1953125,131700,0.0,0.0
2019-06-18 00:00:00+09:00,2487.1314691232496,2548.0905737586236,2454.61994665105,2466.811767578125,212800,0.0,0.0
2019-06-19 00:00:00+09:00,2499.323315666717,2552.154540225526,2499.323315666717,2511.51513671875,179800,0.0,0.0
2019-06-20 00:00:00+09:00,2507.4510513747236,2535.8986321844855,2491.1952909120027,2527.770751953125,180800,0.0,0.0
2019-06-21 00:00:00+09:00,2499.3231679878986,2507.4510482089972,2466.8116471035028,2487.13134765625,227600,0.0,0.0
2019-06-24 00:00:00+09:00,2487.1313228825697,2507.4510232329176,2462.747682462152,2483.0673828125,117200,0.0,0.0
2019-06-25 00:00:00+09:00,2491.1953125,2523.706833707178,2487.1313723491025,2491.1953125,130000,0.0,0.0
2019-06-26 00:00:00+09:00,2479.003492047308,2511.515013254486,2474.939551896411,2491.1953125,135700,0.0,0.0
2019-06-27 00:00:00+09:00,2531.8348171699913,2657.816966981018,2523.7069365370216,2629.369384765625,569900,0.0,0.0
2019-06-28 00:00:00+09:00,2604.9854960538905,2637.497015505421,2584.6657963966836,2588.729736328125,211500,0.0,0.0
2019-07-01 00:00:00+09:00,2645.6250276594365,2698.456249409932,2613.113506582208,2690.328369140625,395400,0.0,0.0
2019-07-02 00:00:00+09:00,2722.839890217853,2735.0317106218135,2686.2644290059716,2690.328369140625,228100,0.0,0.0
2019-07-03 00:00:00+09:00,2653.752789864833,2714.7118891726013,2621.2412702340234,2710.64794921875,255000,0.0,0.0
2019-07-04 00:00:00+09:00,2690.3282494494943,2710.64794921875,2678.1364295879403,2710.64794921875,151800,0.0,0.0
2019-07-05 00:00:00+09:00,2718.7760985597165,2739.095800342674,2710.6482178465335,2714.712158203125,201700,0.0,0.0
2019-07-08 00:00:00+09:00,2686.264698162926,2694.392579246626,2625.305590035174,2653.753173828125,191400,0.0,0.0
2019-07-09 00:00:00+09:00,2653.7531005859373,2665.944921875,2588.730053710937,2600.921875,213300,0.0,0.0
2019-07-10 00:00:00+09:00,2572.4738518437252,2592.793550515477,2552.154153171974,2568.409912109375,199300,0.0,0.0
2019-07-11 00:00:00+09:00,2519.6428963307585,2552.154417573736,2487.1313750877807,2531.834716796875,434100,0.0,0.0
2019-07-12 00:00:00+09:00,2531.8348137408834,2564.3463362287275,2503.3872315640197,2507.451171875,219700,0.0,0.0
2019-07-16 00:00:00+09:00,2511.515013254486,2556.2183549143556,2487.1313723491025,2491.1953125,176300,0.0,0.0
2019-07-17 00:00:00+09:00,2462.7477037803674,2474.9395240961117,2435.1129110646802,2446.491943359375,456800,0.0,0.0
2019-07-18 00:00:00+09:00,2438.3641631779155,2450.5559839938055,2378.2178471528605,2390.40966796875,399000,0.0,0.0
2019-07-19 00:00:00+09:00,2389.596704557513,2421.2954363526633,2367.6514286993315,2393.66064453125,455000,0.0,0.0
2019-07-22 00:00:00+09:00,2396.098801288676,2426.1719544934526,2382.281406572968,2383.906982421875,313700,0.0,0.0
2019-07-23 00:00:00+09:00,2361.9620237104605,2405.03978945604,2341.642322887074,2396.09912109375,354000,0.0,0.0
2019-07-24 00:00:00+09:00,2408.2906767594873,2409.9162526466016,2365.212915750965,2369.27685546875,206700,0.0,0.0
2019-07-25 00:00:00+09:00,2357.085439546512,2392.0353270984087,2341.6424659770696,2379.843505859375,227000,0.0,0.0
2019-07-26 00:00:00+09:00,2357.0854931792214,2380.6563481110134,2349.770400269355,2356.272705078125,141800,0.0,0.0
2019-07-29 00:00:00+09:00,2361.9620738729195,2361.9620738729195,2327.8249757646395,2331.888916015625,204200,0.0,0.0
2019-07-30 00:00:00+09:00,2331.8887712551923,2351.3956832489616,2330.2631952557113,2348.14453125,177500,0.0,0.0
2019-07-31 00:00:00+09:00,2348.1446353442047,2383.907308918156,2344.0806951653467,2373.341064453125,337200,0.0,0.0
2019-08-01 00:00:00+09:00,2362.7747326484696,2382.281644785918,2344.893396522475,2374.966552734375,318800,0.0,0.0
2019-08-02 00:00:00+09:00,2354.6470257747123,2366.026058691815,2309.9436821718095,2331.076171875,326500,0.0,0.0
2019-08-05 00:00:00+09:00,2304.254101130393,2311.569193514934,2250.610090310426,2296.126220703125,281800,0.0,0.0
2019-08-06 00:00:00+09:00,2227.0394121590307,2308.318222821769,2227.0394121590307,2301.81591796875,240100,0.0,0.0
2019-08-07 00:00:00+09:00,2299.377733532246,2320.510225957781,2284.7475464684144,2307.505615234375,275000,0.0,0.0
2019-08-08 00:00:00+09:00,2296.1261065262092,2340.016658650958,2284.747074493867,2325.386474609375,316900,0.0,0.0
2019-08-09 00:00:00+09:00,2290.4367183674435,2336.7656370853088,2242.4822235542147,2282.308837890625,562700,0.0,0.0
2019-08-13 00:00:00+09:00,2251.4226512419873,2266.0528345352564,2231.915740184295,2250.60986328125,297700,0.0,0.0
2019-08-14 00:00:00+09:00,2270.116968052655,2296.1261850156643,2269.304180022561,2274.180908203125,221100,0.0,0.0
2019-08-15 00:00:00+09:00,2227.0391369385206,2257.1122931672526,2219.7240448828834,2239.23095703125,225900,0.0,0.0
2019-08-16 00:00:00+09:00,2235.167192398787,2251.4229537980505,2222.9753713493387,2235.97998046875,184600,0.0,0.0
2019-08-19 00:00:00+09:00,2263.61474609375,2274.9937789286914,2247.3589849009763,2263.61474609375,180500,0.0,0.0
2019-08-20 00:00:00+09:00,2263.614690642252,2325.3865816615735,2258.737962403884,2318.88427734375,200000,0.0,0.0
2019-08-21 00:00:00+09:00,2335.952895130108,2337.5784712575473,2305.0669487087634,2322.135498046875,236500,0.0,0.0
2019-08-22 00:00:00+09:00,2347.3317315028776,2347.3317315028776,2310.756271697604,2330.26318359375,154900,0.0,0.0
2019-08-23 00:00:00+09:00,2366.8389111344895,2374.9667920106385,2331.8890233670504,2366.026123046875,285800,0.0,0.0
2019-08-26 00:00:00+09:00,2300.1902539476005,2323.7611081399964,2277.4321878308047,2303.44140625,285600,0.0,0.0
2019-08-27 00:00:00+09:00,2323.760841912882,2341.6421775274616,2310.7562341931875,2340.0166015625,219100,0.0,0.0
2019-08-28 00:00:00+09:00,2333.5143795079975,2336.765531551896,2313.1946792336335,2329.450439453125,120800,0.0,0.0
2019-08-29 00:00:00+09:00,2320.5098070605504,2361.1492082349905,2309.130774731707,2351.395751953125,166900,0.0,0.0
2019-08-30 00:00:00+09:00,2389.597031409874,2389.597031409874,2361.9622358085353,2383.0947265625,180200,0.0,0.0
2019-09-02 00:00:00+09:00,2361.962143162091,2367.6516596803754,2327.0122559783435,2335.14013671875,184400,0.0,0.0
2019-09-03 00:00:00+09:00,2339.204067731224,2378.217895129104,2336.7657035188563,2357.898193359375,220100,0.0,0.0
2019-09-04 00:00:00+09:00,2357.8978242589515,2384.7198263963337,2346.518793049153,2369.27685546875,249700,0.0,0.0
2019-09-05 00:00:00+09:00,2389.5968902927775,2418.0444723200726,2384.720161945241,2408.291015625,293100,0.0,0.0
2019-09-06 00:00:00+09:00,2428.610407788826,2442.4278030138626,2412.354648700547,2413.980224609375,123500,0.0,0.0
2019-09-09 00:00:00+09:00,2401.788764933159,2426.1724072167444,2396.912036476442,2425.359619140625,128100,0.0,0.0
2019-09-10 00:00:00+09:00,2435.112861653646,2450.5558337402344,2430.236133626302,2438.364013671875,133200,0.0,0.0
2019-09-11 00:00:00+09:00,2466.8117445908583,2511.5150875735594,2466.8117445908583,2503.38720703125,233000,0.0,0.0
2019-09-12 00:00:00+09:00,2531.8348876953123,2548.090649414062,2519.64306640625,2519.64306640625,218600,0.0,0.0
2019-09-13 00:00:00+09:00,2523.706982342993,2527.770922733239,2474.9396976600365,2515.5791015625,270200,0.0,0.0
2019-09-17 00:00:00+09:00,2511.515185546875,2539.9627685546875,2491.1954833984373,2519.64306640625,155900,0.0,0.0
2019-09-18 00:00:00+09:00,2539.9627685546875,2539.9627685546875,2479.003662109375,2519.64306640625,195900,0.0,0.0
2019-09-19 00:00:00+09:00,2515.578837206409,2560.282176801353,2515.578837206409,2552.154296875,202800,0.0,0.0
2019-09-20 00:00:00+09:00,2560.282370827415,2560.282370827415,2503.38720703125,2503.38720703125,182200,0.0,0.0
2019-09-24 00:00:00+09:00,2519.6429928079415,2564.3463362287275,2499.323291253039,2507.451171875,207900,0.0,0.0
2019-09-25 00:00:00+09:00,2470.8756605691055,2507.451122649898,2458.683839875508,2499.3232421875,137000,0.0,0.0
2019-09-26 00:00:00+09:00,2511.5150381082044,2552.15444001934,2483.067456770409,2495.25927734375,217000,0.0,0.0
2019-09-27 00:00:00+09:00,2499.3231679878986,2507.4510482089972,2462.7477069929537,2487.13134765625,230900,0.0,0.0
2019-09-30 00:00:00+09:00,2466.8117203379065,2523.706883574695,2462.747780106707,2499.3232421875,301900,0.0,0.0
2019-10-01 00:00:00+09:00,2499.323315666717,2552.154540225526,2499.323315666717,2511.51513671875,164700,0.0,0.0
2019-10-02 00:00:00+09:00,2483.0674075457005,2491.1952877667995,2458.683766882404,2487.13134765625,204300,0.0,0.0
2019-10-03 00:00:00+09:00,2458.6837636751193,2470.8755839908636,2421.2955147068365,2446.491943359375,192600,0.0,0.0
2019-10-04 00:00:00+09:00,2434.3004491307715,2446.4922710796736,2391.222678244651,2435.926025390625,184200,0.0,0.0
2019-10-07 00:00:00+09:00,2432.674692333821,2446.4920895171404,2421.2956593593226,2430.236328125,111400,0.0,0.0
2019-10-08 00:00:00+09:00,2436.738613235616,2462.747831255476,2422.9212161625655,2435.113037109375,130400,0.0,0.0
2019-10-09 00:00:00+09:00,2422.108327179208,2450.555908203125,2409.9165067403865,2450.555908203125,116000,0.0,0.0
2019-10-10 00:00:00+09:00,2446.492226914297,2446.492226914297,2411.5423379583785,2436.73876953125,147100,0.0,0.0
2019-10-11 00:00:00+09:00,2442.428052485384,2466.811693608366,2427.7978678115946,2454.619873046875,109700,0.0,0.0
2019-10-15 00:00:00+09:00,2507.451075864642,2539.9625971076193,2499.3231955538977,2531.834716796875,205700,0.0,0.0
2019-10-16 00:00:00+09:00,2564.34611676453,2572.4739966908837,2544.0264169486463,2552.154296875,163100,0.0,0.0
2019-10-17 00:00:00+09:00,2539.9627685546875,2564.3464111328126,2535.898828125,2560.282470703125,88500,0.0,0.0
2019-10-18 00:00:00+09:00,2568.410639967874,2625.3058123722253,2564.346699081849,2609.050048828125,231300,0.0,0.0
2019-10-21 00:00:00+09:00,2637.4973388671874,2694.3925048828123,2629.369458007812,2682.20068359375,222100,0.0,0.0
2019-10-23 00:00:00+09:00,2686.264279621403,2690.328219530059,2645.6248805348464,2665.944580078125,163900,0.0,0.0
2019-10-24 00:00:00+09:00,2690.328199894267,2722.839718926222,2686.2642600152726,2702.52001953125,277200,0.0,0.0
2019-10-25 00:00:00+09:00,2714.712158203125,2722.840038916308,2674.07275463721,2714.712158203125,178500,0.0,0.0
2019-10-28 00:00:00+09:00,2710.6483402856334,2710.6483402856334,2670.0089348840497,2694.392578125,187800,0.0,0.0
2019-10-29 00:00:00+09:00,2698.456298828125,2726.9038802916743,2690.328418409968,2698.456298828125,138200,0.0,0.0
2019-10-30 00:00:00+09:00,2694.392189403345,2718.775829126452,2686.264309495643,2710.64794921875,214000,0.0,0.0
2019-10-31 00:00:00+09:00,2718.77619607108,2751.287720089867,2690.328612554641,2730.968017578125,181400,0.0,0.0
2019-11-01 00:00:00+09:00,2702.52001953125,2718.7757790472274,2690.328199894267,2702.52001953125,155100,0.0,0.0
2019-11-05 00:00:00+09:00,2726.903683957395,2726.903683957395,2694.392164625563,2706.583984375,161300,0.0,0.0
2019-11-06 00:00:00+09:00,2706.5841570509842,2739.095678457002,2690.3283963479753,2735.03173828125,211600,0.0,0.0
2019-11-07 00:00:00+09:00,2751.2877689893594,2763.479590713094,2735.032006691047,2739.095947265625,137000,0.0,0.0
2019-11-08 00:00:00+09:00,2730.9677519273127,2779.735033211729,2722.839871713243,2767.543212890625,323600,0.0,0.0
2019-11-11 00:00:00+09:00,2779.735303606306,2783.7992441086544,2694.3925530569895,2730.968017578125,295800,0.0,0.0
2019-11-12 00:00:00+09:00,2674.0725840050586,2706.5841047832355,2617.177422643249,2686.264404296875,655900,0.0,0.0
2019-11-13 00:00:00+09:00,2722.839890217853,2730.96777048716,2661.88078819805,2690.328369140625,281500,0.0,0.0
2019-11-14 00:00:00+09:00,2690.3282651548034,2702.520085087529,2621.2412855360244,2633.43310546875,162800,0.0,0.0
2019-11-15 00:00:00+09:00,2633.4330113962155,2665.944530055428,2633.4330113962155,2657.816650390625,169500,0.0,0.0
2019-11-18 00:00:00+09:00,2674.0725806451615,2674.0725806451615,2633.4331797235022,2645.625,113000,0.0,0.0
2019-11-19 00:00:00+09:00,2633.4333503514436,2678.1366942617306,2629.369409995963,2674.07275390625,147500,0.0,0.0
2019-11-20 00:00:00+09:00,2645.625146031564,2653.7530266645335,2617.1775638161707,2629.369384765625,118100,0.0,0.0
2019-11-21 00:00:00+09:00,2609.0495391705067,2657.8168202764978,2604.985599078341,2645.625,162900,0.0,0.0
2019-11-22 00:00:00+09:00,2665.9445494186048,2665.9445494186048,2621.2412109375,2621.2412109375,164500,0.0,0.0
2019-11-25 00:00:00+09:00,2633.4330608088794,2670.008519986781,2633.4330608088794,2665.944580078125,99300,0.0,0.0
2019-11-26 00:00:00+09:00,2674.0727779817507,2674.0727779817507,2621.241552884847,2637.497314453125,213900,0.0,0.0
2019-11-27 00:00:00+09:00,2633.433446966066,2661.881030498107,2625.305565956912,2649.689208984375,169100,0.0,0.0
2019-11-28 00:00:00+09:00,2690.328219530059,2690.328219530059,2641.560940626191,2665.944580078125,138700,0.0,0.0
2019-11-29 00:00:00+09:00,2665.9448227070434,2670.00876298556,2617.1775393648413,2625.305419921875,136800,0.0,0.0
2019-12-02 00:00:00+09:00,2637.496976010854,2661.880615234375,2637.496976010854,2661.880615234375,143600,0.0,0.0
2019-12-03 00:00:00+09:00,2633.4333503514436,2686.2645749726917,2629.369409995963,2674.07275390625,126300,0.0,0.0
2019-12-04 00:00:00+09:00,2645.6252197265626,2702.5203857421875,2629.369458007812,2682.20068359375,199100,0.0,0.0
2019-12-05 00:00:00+09:00,2686.2645044849537,2751.287548466435,2678.136623987268,2743.15966796875,244400,0.0,0.0
2019-12-06 00:00:00+09:00,2726.904004193897,2771.607348524945,2722.840063800166,2759.41552734375,264400,0.0,0.0
2019-12-09 00:00:00+09:00,2795.9907936398677,2795.9907936398677,2759.4153326765554,2767.543212890625,108000,0.0,0.0
2019-12-10 00:00:00+09:00,2767.543138352116,2787.862838340017,2755.351318359375,2755.351318359375,95400,0.0,0.0
2019-12-11 00:00:00+09:00,2755.351293476505,2763.4791733982643,2739.0955336329857,2751.287353515625,152800,0.0,0.0
2019-12-12 00:00:00+09:00,2747.2233835397897,2759.4152032892266,2706.583984375,2706.583984375,174300,0.0,0.0
2019-12-13 00:00:00+09:00,2722.8397440409162,2735.0315637903527,2694.392164625563,2706.583984375,198400,0.0,0.0
2019-12-16 00:00:00+09:00,2694.3925048828123,2702.5203857421875,2678.1367431640624,2682.20068359375,184600,0.0,0.0
2019-12-17 00:00:00+09:00,2722.8401365734285,2735.0319580804735,2694.3925530569895,2730.968017578125,161100,0.0,0.0
2019-12-18 00:00:00+09:00,2759.4155269788166,2767.543407765205,2702.5203614740985,2718.776123046875,142300,0.0,0.0
2019-12-19 00:00:00+09:00,2710.6483402856334,2718.7762213659503,2678.1368159643666,2694.392578125,126100,0.0,0.0
2019-12-20 00:00:00+09:00,2714.712059664439,2718.7759998735173,2690.328418409968,2698.456298828125,139100,0.0,0.0
2019-12-23 00:00:00+09:00,2690.3285153281727,2694.392455683653,2674.07275390625,2674.07275390625,59500,0.0,0.0
2019-12-24 00:00:00+09:00,2706.584276750095,2714.712157461056,2665.944873195289,2674.07275390625,115100,0.0,0.0
2019-12-25 00:00:00+09:00,2665.944675480769,2665.944675480769,2625.305274939904,2641.56103515625,144600,0.0,0.0
2019-12-26 00:00:00+09:00,2641.561231062405,2674.07275390625,2641.561231062405,2674.07275390625,83500,0.0,0.0
2019-12-27 00:00:00+09:00,2706.583984375,2714.711864207958,2694.392164625563,2706.583984375,85000,0.0,0.0
2019-12-30 00:00:00+09:00,2698.4561045420423,2718.775804124437,2674.0724650431684,2706.583984375,127500,0.0,0.0
2020-01-06 00:00:00+09:00,2657.817041015625,2694.3925048828123,2653.7531005859373,2682.20068359375,132200,0.0,0.0
2020-01-07 00:00:00+09:00,2694.392189403345,2722.8397690803035,2690.3282494494943,2710.64794921875,128700,0.0,0.0
2020-01-08 00:00:00+09:00,2674.072459895436,2678.136399804092,2645.6248805348464,2665.944580078125,161600,0.0,0.0
2020-01-09 00:00:00+09:00,2714.71220703125,2714.71220703125,2661.8809814453125,2682.20068359375,151900,0.0,0.0
2020-01-10 00:00:00+09:00,2670.0087890625,2686.264550335331,2661.8809084260847,2670.0087890625,94100,0.0,0.0
2020-01-14 00:00:00+09:00,2665.9445551049616,2665.9445551049616,2641.560915881441,2661.880615234375,102200,0.0,0.0
2020-01-15 00:00:00+09:00,2641.5613522025747,2674.0728765373756,2641.5613522025747,2653.753173828125,102700,0.0,0.0
2020-01-16 00:00:00+09:00,2657.8169681078766,2674.0727293807076,2649.6890874714613,2670.0087890625,81800,0.0,0.0
2020-01-17 00:00:00+09:00,2665.944530055428,2670.00846988783,2653.7527105582235,2657.816650390625,112900,0.0,0.0
2020-01-20 00:00:00+09:00,2649.688943421426,2690.3283443941473,2649.688943421426,2686.264404296875,169800,0.0,0.0
2020-01-21 00:00:00+09:00,2702.5204820944223,2771.60747186225,2702.5204820944223,2739.095947265625,270800,0.0,0.0
2020-01-22 00:00:00+09:00,2739.095898582822,2739.095898582822,2702.5204340616865,2730.968017578125,138400,0.0,0.0
2020-01-23 00:00:00+09:00,2702.5201646859637,2702.5201646859637,2678.136524102331,2686.264404296875,135600,0.0,0.0
2020-01-24 00:00:00+09:00,2665.9449710026843,2674.0728520118387,2641.5613279752206,2649.689208984375,163400,0.0,0.0
2020-01-27 00:00:00+09:00,2604.9857170057,2613.1135975579796,2580.60207534886,2584.666015625,241200,0.0,0.0
2020-01-28 00:00:00+09:00,2580.60207534886,2600.92177672956,2564.3463142443006,2584.666015625,187600,0.0,0.0
2020-01-29 00:00:00+09:00,2613.113454777644,2649.688915264423,2592.7937545072114,2641.56103515625,165600,0.0,0.0
2020-01-30 00:00:00+09:00,2617.1773660626955,2645.6249461285947,2584.6658459873825,2596.857666015625,184100,0.0,0.0
2020-01-31 00:00:00+09:00,2604.9858154296876,2609.0497558593747,2548.090649414062,2560.282470703125,299600,0.0,0.0
2020-02-03 00:00:00+09:00,2491.195315243153,2552.154417573736,2491.195315243153,2531.834716796875,200300,0.0,0.0
2020-02-04 00:00:00+09:00,2531.8347194966923,2572.47412109375,2531.8347194966923,2572.47412109375,83300,0.0,0.0
2020-02-05 00:00:00+09:00,2604.9854016815707,2629.3690403868586,2600.921461897356,2613.11328125,152400,0.0,0.0
2020-02-06 00:00:00+09:00,2661.881030498107,2682.200733020993,2649.689208984375,2649.689208984375,222900,0.0,0.0
2020-02-07 00:00:00+09:00,2649.688943421426,2690.3283443941473,2641.5610632268817,2686.264404296875,141700,0.0,0.0
2020-02-10 00:00:00+09:00,2653.752805356626,2694.3922051323784,2625.3052255135995,2633.43310546875,242400,0.0,0.0
2020-02-12 00:00:00+09:00,2661.8812602144417,2661.8812602144417,2556.218797976922,2564.3466796875,286800,0.0,0.0
2020-02-13 00:00:00+09:00,2580.601762976283,2633.4329801710733,2548.090244702566,2613.11328125,193400,0.0,0.0
2020-02-14 00:00:00+09:00,2621.2412109375,2625.3051507994187,2596.8575717659883,2621.2412109375,111400,0.0,0.0
2020-02-17 00:00:00+09:00,2584.6663839639464,2584.6663839639464,2556.218797976922,2564.3466796875,138200,0.0,0.0
2020-02-18 00:00:00+09:00,2552.154491875499,2584.666014064996,2531.8347905070636,2544.026611328125,161000,0.0,0.0
2020-02-19 00:00:00+09:00,2576.5377915780755,2588.7296107811267,2564.3459723750248,2568.409912109375,120000,0.0,0.0
2020-02-20 00:00:00+09:00,2572.4742435467283,2609.0497067251176,2572.4742435467283,2592.7939453125,217300,0.0,0.0
2020-02-21 00:00:00+09:00,2604.9857170057,2625.3054183863997,2584.666015625,2584.666015625,146800,0.0,0.0
2020-02-25 00:00:00+09:00,2450.5560075212725,2527.7708734299026,2450.5560075212725,2507.451171875,229800,0.0,0.0
2020-02-26 00:00:00+09:00,2479.003565404322,2507.451147302405,2462.747804319704,2503.38720703125,228600,0.0,0.0
2020-02-27 00:00:00+09:00,2446.49174917708,2454.6196287424523,2422.1081104809628,2422.9208984375,346700,0.0,0.0
2020-02-28 00:00:00+09:00,2316.445986695868,2361.9621183642785,2307.5053179752877,2331.076171875,326200,0.0,0.0
2020-03-02 00:00:00+09:00,2283.934284920528,2381.4688451306574,2283.934284920528,2357.085205078125,315000,0.0,0.0
2020-03-03 00:00:00+09:00,2419.6699542566535,2424.546682414376,2320.509815049629,2328.6376953125,257500,0.0,0.0
2020-03-04 00:00:00+09:00,2298.564217637031,2347.331492410094,2280.682883553575,2339.20361328125,275800,0.0,0.0
2020-03-05 00:00:00+09:00,2349.769994491186,2357.8978740985576,2305.066656650641,2314.00732421875,170700,0.0,0.0
2020-03-06 00:00:00+09:00,2280.6832992876,2285.5600276538603,2199.404493183267,2231.916015625,279300,0.0,0.0
2020-03-09 00:00:00+09:00,2170.143944788874,2184.774128686327,2088.052357364276,2122.189453125,308100,0.0,0.0
2020-03-10 00:00:00+09:00,2040.9108226499568,2133.568661671102,1988.8923867082615,2118.9384765625,244200,0.0,0.0
2020-03-11 00:00:00+09:00,2119.7511272364372,2169.3311957799274,2112.43603515625,2112.43603515625,215000,0.0,0.0
2020-03-12 00:00:00+09:00,2072.6093676017995,2097.805795207939,1991.330568872317,2011.6502685546875,295900,0.0,0.0
2020-03-13 00:00:00+09:00,1767.8140235374042,1937.6867274083547,1767.8140235374042,1906.80078125,346600,0.0,0.0
2020-03-16 00:00:00+09:00,1927.1205164923472,1967.7599200455388,1862.0974708072406,1867.7869873046875,178400,0.0,0.0
2020-03-17 00:00:00+09:00,1810.079123338336,1936.8740686642366,1788.9466324506861,1895.421875,338900,0.0,0.0
2020-03-18 00:00:00+09:00,1913.3030208231562,1949.0656941095704,1815.7684573147542,1819.8323974609375,341800,0.0,0.0
2020-03-19 00:00:00+09:00,1837.7138326537322,1874.2892959307856,1797.0744290125615,1815.7685546875,297800,0.0,0.0
2020-03-23 00:00:00+09:00,1824.7091256363576,1844.216038338038,1724.7361980402454,1819.8323974609375,408400,0.0,0.0
2020-03-24 00:00:00+09:00,1860.4718191815682,1921.4309220381072,1843.4032703817375,1907.613525390625,285500,0.0,0.0
2020-03-25 00:00:00+09:00,2101.057134078721,2123.815199747659,2039.2852415487469,2109.997802734375,341100,0.0,0.0
2020-03-26 00:00:00+09:00,2045.78747008157,2092.929175788654,1995.3946122567559,2036.8468017578125,393400,0.0,0.0
2020-03-27 00:00:00+09:00,2075.8606766501307,2137.632568359375,2035.2212742098384,2137.632568359375,429500,0.0,0.0
2020-03-30 00:00:00+09:00,2095.0502392401,2124.0062181564263,1969.0065663102077,2112.934814453125,279800,120.0,0.0
2020-03-31 00:00:00+09:00,2144.4457631010096,2182.76985338677,2103.5667334628647,2129.9677734375,223000,0.0,0.0
2020-04-01 00:00:00+09:00,2129.9676088879455,2147.8521829729702,2007.330529447776,2033.7315673828125,200000,0.0,0.0
2020-04-02 00:00:00+09:00,1973.264450558504,2036.2862759108257,1928.127197265625,1928.127197265625,249600,0.0,0.0
2020-04-03 00:00:00+09:00,1928.1275100539885,1978.3746492294238,1897.4682386927059,1932.3857421875,169800,0.0,0.0
2020-04-06 00:00:00+09:00,1905.1329675637203,1966.4515074227224,1872.770404860358,1963.044921875,228600,0.0,0.0
2020-04-07 00:00:00+09:00,1992.8525181449495,2051.616118038967,1975.8195906394371,2027.77001953125,278000,0.0,0.0
2020-04-08 00:00:00+09:00,2043.9516364414694,2085.682315685483,1995.4077850759845,2051.616455078125,234000,0.0,0.0
2020-04-09 00:00:00+09:00,2066.945938738468,2079.720635516827,2023.5119696920478,2048.209716796875,209600,0.0,0.0
2020-04-10 00:00:00+09:00,2031.1769022351525,2046.5065392331535,1959.6385962444804,2037.138427734375,243600,0.0,0.0
2020-04-13 00:00:00+09:00,2039.6929592700164,2043.0995445882127,1991.1491184857196,2009.03369140625,135800,0.0,0.0
2020-04-14 00:00:00+09:00,1916.2043095262152,1949.4185175580028,1881.2868087748484,1942.6053466796875,486800,0.0,0.0
2020-04-15 00:00:00+09:00,1942.6055609101163,1975.8197726047656,1903.4298240395046,1925.5726318359375,361700,0.0,0.0
2020-04-16 00:00:00+09:00,1905.1330033369516,1919.610992186629,1884.693489666819,1909.3912353515625,187800,0.0,0.0
2020-04-17 00:00:00+09:00,1927.275940239139,1937.4956977658155,1885.545263671875,1920.4627685546875,306500,0.0,0.0
2020-04-20 00:00:00+09:00,1907.6881958502024,1918.7596005582616,1882.9904468860702,1893.210205078125,280800,0.0,0.0
2020-04-21 00:00:00+09:00,1862.5508942452757,1880.4354707332275,1840.4080852601924,1878.732177734375,267300,0.0,0.0
2020-04-22 00:00:00+09:00,1861.6990661341372,1877.8803480447266,1836.1496736437327,1858.29248046875,186400,0.0,0.0
2020-04-23 00:00:00+09:00,1871.9188759159904,1909.3913192919247,1856.5892399894717,1908.5396728515625,187900,0.0,0.0
2020-04-24 00:00:00+09:00,1894.913261344841,1896.6165541640273,1869.3638690570453,1890.655029296875,164400,0.0,0.0
2020-04-27 00:00:00+09:00,1900.023064561632,1925.5724558376737,1886.3967225477431,1916.204345703125,269600,0.0,0.0
2020-04-28 00:00:00+09:00,1951.9736022949219,1956.231834411621,1925.5725631713867,1948.5670166015625,301700,0.0,0.0
2020-04-30 00:00:00+09:00,1991.1490374735308,2037.989583692968,1974.9677578704525,2023.5115966796875,259800,0.0,0.0
2020-05-01 00:00:00+09:00,2049.061068895056,2055.0225932019,2002.2205207698573,2009.03369140625,278200,0.0,0.0
2020-05-07 00:00:00+09:00,2016.6987380058406,2050.76459506675,2010.7372130201813,2041.396484375,164700,0.0,0.0
2020-05-08 00:00:00+09:00,2078.01723540238,2117.1929701681624,2066.9458320990066,2111.2314453125,187300,0.0,0.0
2020-05-11 00:00:00+09:00,2137.632658397052,2164.885345675421,2125.709607712766,2161.478759765625,129900,0.0,0.0
2020-05-12 00:00:00+09:00,2164.0334993712004,2164.0334993712004,2111.2314226451026,2118.896240234375,158300,0.0,0.0
2020-05-13 00:00:00+09:00,2112.9347839975494,2135.9292375114283,2084.8304519250305,2095.90185546875,178800,0.0,0.0
2020-05-14 00:00:00+09:00,2053.3194734871954,2154.6653952395704,2013.2920926270137,2061.8359375,399400,0.0,0.0
2020-05-15 00:00:00+09:00,2104.41819488108,2125.7093542789057,2026.9183746729952,2055.022705078125,310600,0.0,0.0
2020-05-18 00:00:00+09:00,2085.6820754316423,2089.0886610999664,2050.7645723313167,2076.31396484375,156100,0.0,0.0
2020-05-19 00:00:00+09:00,2144.445515011138,2159.7751493519645,2091.6434411705145,2102.71484375,180000,0.0,0.0
2020-05-20 00:00:00+09:00,2104.417932904735,2121.450858302588,2092.494885126238,2117.192626953125,161300,0.0,0.0
2020-05-21 00:00:00+09:00,2117.193207106794,2126.5613186426644,2095.9020445252695,2113.78662109375,163700,0.0,0.0
2020-05-22 00:00:00+09:00,2126.5610647158774,2129.116003920582,2077.16557342492,2089.088623046875,155800,0.0,0.0
2020-05-25 00:00:00+09:00,2115.4898080221037,2131.6710907726756,2071.204192073171,2095.05029296875,148500,0.0,0.0
2020-05-26 00:00:00+09:00,2124.0061948989514,2152.9621734982156,2106.121619881759,2147.852294921875,138000,0.0,0.0
2020-05-27 00:00:00+09:00,2181.917987386689,2238.978293848402,2181.917987386689,2231.3134765625,273000,0.0,0.0
2020-05-28 00:00:00+09:00,2273.8960037832185,2280.7091753301347,2249.198256925648,2271.341064453125,201500,0.0,0.0
2020-05-29 00:00:00+09:00,2256.8629988146245,2297.7420267176817,2241.5333633509777,2242.385009765625,226400,0.0,0.0
2020-06-01 00:00:00+09:00,2231.31387291885,2239.8303380826624,2215.1325891076062,2234.720458984375,122900,0.0,0.0
2020-06-02 00:00:00+09:00,2259.4178548299183,2291.7804173943878,2254.3079765302655,2270.4892578125,119800,0.0,0.0
2020-06-03 00:00:00+09:00,2297.742143311652,2304.555314974548,2242.385123550622,2258.56640625,229600,0.0,0.0
2020-06-04 00:00:00+09:00,2297.7423142688676,2297.7423142688676,2245.7918764740566,2256.86328125,155200,0.0,0.0
2020-06-05 00:00:00+09:00,2256.011329529594,2256.011329529594,2215.9839484469626,2250.0498046875,156200,0.0,0.0
2020-06-08 00:00:00+09:00,2296.890479340788,2327.5497515900533,2267.0828535428914,2318.181640625,303600,0.0,0.0
2020-06-09 00:00:00+09:00,2342.0277412633172,2354.8024380338447,2314.775054819526,2318.181640625,335900,0.0,0.0
2020-06-10 00:00:00+09:00,2318.181556704462,2365.0221098340526,2313.923324601772,2319.033203125,244400,0.0,0.0
2020-06-11 00:00:00+09:00,2276.4508740791352,2307.1101451105037,2239.830078125,2239.830078125,267300,0.0,0.0
2020-06-12 00:00:00+09:00,2206.6160620375344,2263.6763770342595,2166.588676890578,2255.159912109375,199100,0.0,0.0
2020-06-15 00:00:00+09:00,2239.8298241570883,2242.384763120005,2158.07177734375,2158.07177734375,171800,0.0,0.0
2020-06-16 00:00:00+09:00,2206.6157500058343,2295.1869727000094,2198.099286285241,2280.708984375,174400,0.0,0.0
2020-06-17 00:00:00+09:00,2265.379161005435,2277.3022092212527,2229.610016357981,2233.0166015625,112700,0.0,0.0
2020-06-18 00:00:00+09:00,2208.3192739927636,2240.681839519846,2199.802809380373,2228.7587890625,79600,0.0,0.0
2020-06-19 00:00:00+09:00,2222.797134700422,2245.7915878180124,2204.0609136416447,2244.93994140625,165300,0.0,0.0
2020-06-22 00:00:00+09:00,2244.9399333525125,2250.9014582134637,2204.912552143268,2220.2421875,86000,0.0,0.0
2020-06-23 00:00:00+09:00,2230.4619981805577,2243.2366946191632,2199.802726727904,2202.357666015625,105400,0.0,0.0
2020-06-24 00:00:00+09:00,2204.912574631296,2212.5773923878364,2176.808242857317,2185.32470703125,132600,0.0,0.0
2020-06-25 00:00:00+09:00,2144.4456557164103,2158.923644654925,2135.0775452267835,2138.484130859375,126300,0.0,0.0
2020-06-26 00:00:00+09:00,2153.813887565944,2183.621513530676,2146.149069460727,2179.36328125,178400,0.0,0.0
2020-06-29 00:00:00+09:00,2159.7754293621083,2173.401772765024,2137.6326213323705,2147.000732421875,123400,0.0,0.0
2020-06-30 00:00:00+09:00,2215.1323778729106,2227.9070744004357,2196.3961562992067,2197.247802734375,182500,0.0,0.0
2020-07-01 00:00:00+09:00,2198.099449946126,2210.8741464781647,2139.3358458987477,2142.742431640625,105200,0.0,0.0
2020-07-02 00:00:00+09:00,2148.7037754685666,2198.099264559798,2138.4840191048634,2176.80810546875,169800,0.0,0.0
2020-07-03 00:00:00+09:00,2186.176406712323,2198.9511032844634,2172.5500637020396,2194.69287109375,107600,0.0,0.0
2020-07-06 00:00:00+09:00,2210.874213376481,2255.1598293609095,2203.2093952253294,2228.7587890625,266300,0.0,0.0
2020-07-07 00:00:00+09:00,2248.346665491106,2248.346665491106,2188.731412997023,2226.203857421875,161400,0.0,0.0
2020-07-08 00:00:00+09:00,2214.2806392705106,2255.1596664570434,2198.9510040755613,2200.654296875,185600,0.0,0.0
2020-07-09 00:00:00+09:00,2181.066611532839,2209.170945066843,2167.440268001201,2193.84130859375,115100,0.0,0.0
2020-07-10 00:00:00+09:00,2193.841201913665,2201.5060197774937,2169.995101892864,2175.10498046875,154800,0.0,0.0
2020-07-13 00:00:00+09:00,2197.2477037380413,2221.945449245174,2184.473007786076,2203.209228515625,124700,0.0,0.0
2020-07-14 00:00:00+09:00,2184.473203574856,2226.2038807581575,2180.214971209213,2218.5390625,114100,0.0,0.0
2020-07-15 00:00:00+09:00,2229.6102676653777,2270.4892947272338,2221.94545009128,2230.4619140625,233300,0.0,0.0
2020-07-16 00:00:00+09:00,2264.5278319383146,2278.1541746652847,2220.2422180756625,2237.275146484375,96300,0.0,0.0
2020-07-17 00:00:00+09:00,2229.6102062562836,2238.126669992939,2205.7641077936496,2223.648681640625,90500,0.0,0.0
2020-07-20 00:00:00+09:00,2216.835540618838,2227.9069436261543,2195.544380989383,2213.428955078125,91100,0.0,0.0
2020-07-21 00:00:00+09:00,2210.0225302437757,2210.0225302437757,2175.9566723594785,2187.028076171875,159300,0.0,0.0
2020-07-22 00:00:00+09:00,2192.989669900621,2226.2038823767853,2188.7314375318815,2191.286376953125,77900,0.0,0.0
2020-07-27 00:00:00+09:00,2172.549950794824,2212.577331307312,2154.665376523287,2205.76416015625,125000,0.0,0.0
2020-07-28 00:00:00+09:00,2214.280545468994,2214.280545468994,2170.8465809232566,2176.80810546875,105800,0.0,0.0
2020-07-29 00:00:00+09:00,2164.885138948239,2177.659834890105,2143.593979045129,2148.703857421875,153000,0.0,0.0
2020-07-30 00:00:00+09:00,2160.626805545999,2164.8850373267364,2120.5994268070704,2127.41259765625,116800,0.0,0.0
2020-07-31 00:00:00+09:00,2086.533636228643,2092.495160903582,2043.099670739802,2049.912841796875,192600,0.0,0.0
2020-08-03 00:00:00+09:00,2075.46260225089,2099.30870519017,2050.7648527780643,2063.53955078125,99900,0.0,0.0
2020-08-04 00:00:00+09:00,2070.352462675551,2117.193016129749,2059.2810591318316,2095.90185546875,169500,0.0,0.0
2020-08-05 00:00:00+09:00,2083.127159072151,2108.6765518653497,2076.313987660631,2095.90185546875,129900,0.0,0.0
2020-08-06 00:00:00+09:00,2098.456703220081,2118.04457017384,2087.3853001592606,2099.308349609375,92800,0.0,0.0
2020-08-07 00:00:00+09:00,2098.456848744877,2113.7864848152535,2066.94593015577,2078.017333984375,116900,0.0,0.0
2020-08-11 00:00:00+09:00,2248.3465262927684,2248.3465262927684,2187.8796310780763,2190.4345703125,232900,0.0,0.0
2020-08-12 00:00:00+09:00,2221.9454966119115,2336.0661162155893,2220.2422037820056,2324.14306640625,367500,0.0,0.0
2020-08-13 00:00:00+09:00,2315.626403155691,2327.549451939869,2291.7803055873355,2308.813232421875,271200,0.0,0.0
2020-08-14 00:00:00+09:00,2303.703629300976,2307.110215074434,2265.3795393495734,2271.341064453125,211300,0.0,0.0
2020-08-17 00:00:00+09:00,2271.341072894157,2282.4124766990403,2241.533447265625,2241.533447265625,85500,0.0,0.0
2020-08-18 00:00:00+09:00,2229.610215250651,2250.9013746781784,2214.2805804628315,2248.346435546875,107300,0.0,0.0
2020-08-19 00:00:00+09:00,2234.7203220638867,2250.049958419508,2222.7972715650703,2226.203857421875,63300,0.0,0.0
2020-08-20 00:00:00+09:00,2214.2807310609687,2228.7587204563674,2209.170852450828,2224.50048828125,84600,0.0,0.0
2020-08-21 00:00:00+09:00,2232.1655321344338,2262.824806898585,2232.1655321344338,2256.86328125,90000,0.0,0.0
2020-08-24 00:00:00+09:00,2255.1596768007107,2313.0716322472545,2250.9014447825825,2307.110107421875,147700,0.0,0.0
2020-08-25 00:00:00+09:00,2330.9559855202806,2343.730680362372,2314.774705386965,2326.69775390625,126900,0.0,0.0
2020-08-26 00:00:00+09:00,2342.0277568833994,2347.1376356256906,2307.1102521444104,2313.07177734375,71600,0.0,0.0
2020-08-27 00:00:00+09:00,2299.4449557829203,2314.774588821473,2290.928492983724,2310.516357421875,84600,0.0,0.0
2020-08-28 00:00:00+09:00,2316.478294722844,2354.8023841575973,2258.566337354773,2281.560791015625,159800,0.0,0.0
2020-08-31 00:00:00+09:00,2324.143005124351,2347.1374577217707,2311.368309236896,2317.329833984375,149700,0.0,0.0
2020-09-01 00:00:00+09:00,2300.296989440918,2301.148635864258,2278.154182434082,2289.2255859375,88800,0.0,0.0
2020-09-02 00:00:00+09:00,2291.7804402102643,2291.7804402102643,2262.824462890625,2262.824462890625,95900,0.0,0.0
2020-09-03 00:00:00+09:00,2288.3738929581045,2299.4452962362793,2250.0498046875,2250.0498046875,149000,0.0,0.0
2020-09-04 00:00:00+09:00,2244.0883255004883,2290.07723236084,2244.0883255004883,2289.2255859375,80500,0.0,0.0
2020-09-07 00:00:00+09:00,2274.7473512212914,2284.9671071983244,2251.7529002729666,2261.97265625,113400,0.0,0.0
2020-09-08 00:00:00+09:00,2265.379585677968,2267.0828785995304,2233.868666629064,2256.011474609375,105200,0.0,0.0
2020-09-09 00:00:00+09:00,2207.4673026881205,2237.2749244450974,2192.989314977589,2229.610107421875,148600,0.0,0.0
2020-09-10 00:00:00+09:00,2231.3135762494094,2252.604736328125,2215.983940992734,2252.604736328125,151000,0.0,0.0
2020-09-11 00:00:00+09:00,2256.863082564987,2290.9289404150245,2247.4949716562264,2268.7861328125,124400,0.0,0.0
2020-09-14 00:00:00+09:00,2287.5222185724433,2357.3572230113637,2284.115632990057,2342.027587890625,219300,0.0,0.0
2020-09-15 00:00:00+09:00,2357.357276858475,2371.8352659143256,2334.3628236521245,2351.395751953125,126700,0.0,0.0
2020-09-16 00:00:00+09:00,2320.7365954571865,2335.2145852270114,2310.5168379726047,2313.07177734375,107300,0.0,0.0
2020-09-17 00:00:00+09:00,2314.775366452661,2339.4731168673507,2310.5171336225417,2322.440185546875,66000,0.0,0.0
2020-09-18 00:00:00+09:00,2330.9562835192705,2336.917808541059,2305.4068905687486,2336.066162109375,155600,0.0,0.0
2020-09-23 00:00:00+09:00,2327.5497130790154,2336.066177451789,2304.5552592725267,2330.956298828125,111300,0.0,0.0
2020-09-24 00:00:00+09:00,2326.6981518988073,2330.9563842412285,2296.890525501861,2302.85205078125,169300,0.0,0.0
2020-09-25 00:00:00+09:00,2325.8464349283504,2363.318878405775,2319.884909829669,2353.09912109375,178400,0.0,0.0
2020-09-28 00:00:00+09:00,2399.0879517249723,2405.901123046875,2369.280327191648,2405.901123046875,191000,0.0,0.0
2020-09-29 00:00:00+09:00,2414.4176024957596,2416.120895337027,2382.906684932323,2400.791259765625,120300,0.0,0.0
2020-09-30 00:00:00+09:00,2383.7581104938504,2383.7581104938504,2302.851708029786,2308.813232421875,178400,0.0,0.0
2020-10-02 00:00:00+09:00,2297.741925418738,2301.1485109271425,2238.126679021662,2248.346435546875,249200,0.0,0.0
2020-10-05 00:00:00+09:00,2289.225487012987,2330.9561599533276,2278.1540839879985,2295.18701171875,187300,0.0,0.0
2020-10-06 00:00:00+09:00,2297.7421189629363,2306.258583451309,2279.0058970885166,2293.48388671875,111600,0.0,0.0
2020-10-07 00:00:00+09:00,2275.5993043825074,2286.67070818377,2261.9729612424926,2268.7861328125,178200,0.0,0.0
2020-10-08 00:00:00+09:00,2304.55517523344,2305.406821639661,2273.895904609492,2277.302490234375,104000,0.0,0.0
2020-10-09 00:00:00+09:00,2279.0059302756017,2279.0059302756017,2204.9126881478073,2228.7587890625,254100,0.0,0.0
2020-10-12 00:00:00+09:00,2246.6431956078177,2250.901427593428,2209.17075413445,2230.4619140625,120600,0.0,0.0
2020-10-13 00:00:00+09:00,2231.3134990036147,2241.533255487601,2219.3904497722974,2223.648681640625,74200,0.0,0.0
2020-10-14 00:00:00+09:00,2201.5062269639207,2215.9842176248053,2168.292013094833,2187.8798828125,148600,0.0,0.0
2020-10-15 00:00:00+09:00,2147.0006484924847,2175.1049806623587,2139.335830627974,2147.852294921875,197300,0.0,0.0
2020-10-16 00:00:00+09:00,2146.149185654087,2148.704125160818,2129.116255609213,2141.039306640625,222800,0.0,0.0
2020-10-19 00:00:00+09:00,2139.335656163435,2168.291632401316,2137.6323634435594,2152.1103515625,127100,0.0,0.0
2020-10-20 00:00:00+09:00,2138.4841845941505,2140.1874774532457,2089.9403381099346,2093.346923828125,139500,0.0,0.0
2020-10-21 00:00:00+09:00,2101.0118692529904,2136.7810214656474,2098.456929809229,2131.671142578125,174600,0.0,0.0
2020-10-22 00:00:00+09:00,2107.8249657168385,2133.3743592406786,2103.5667334628647,2129.9677734375,130600,0.0,0.0
2020-10-23 00:00:00+09:00,2118.896497582289,2143.594246147356,2113.786618568827,2141.039306640625,151200,0.0,0.0
2020-10-26 00:00:00+09:00,2134.225883717285,2153.813750966087,2134.225883717285,2143.593994140625,69900,0.0,0.0
2020-10-27 00:00:00+09:00,2129.116142441132,2129.116142441132,2108.6766274736974,2124.85791015625,81400,0.0,0.0
2020-10-28 00:00:00+09:00,2106.1215971709767,2106.1215971709767,2056.7261047989928,2073.759033203125,157000,0.0,0.0
2020-10-29 00:00:00+09:00,2043.0994857102996,2090.791678790657,2039.692900490274,2086.533447265625,143700,0.0,0.0
2020-10-30 00:00:00+09:00,2081.4237579358382,2088.236928992911,2036.2864996827288,2049.912841796875,109200,0.0,0.0
2020-11-02 00:00:00+09:00,2070.3524853953722,2096.7535249047332,2056.726142422799,2088.237060546875,139400,0.0,0.0
2020-11-04 00:00:00+09:00,2106.1216125860296,2112.0831375711095,2079.720573366391,2095.90185546875,92300,0.0,0.0
2020-11-05 00:00:00+09:00,2091.6436917072183,2105.270034975669,2070.352530350264,2100.16015625,133200,0.0,0.0
2020-11-06 00:00:00+09:00,2095.050087760522,2109.528076171875,2076.3138674634765,2109.528076171875,172100,0.0,0.0
2020-11-09 00:00:00+09:00,2112.9347457269473,2112.9347457269473,2052.4678505449187,2108.676513671875,226500,0.0,0.0
2020-11-10 00:00:00+09:00,2147.8523403612976,2159.775390625,2083.12721035834,2159.775390625,311500,0.0,0.0
2020-11-11 00:00:00+09:00,2227.055350600332,2250.049803551081,2161.478577370418,2195.54443359375,510500,0.0,0.0
2020-11-12 00:00:00+09:00,2194.6930576876293,2194.6930576876293,2121.45145778032,2160.627197265625,345400,0.0,0.0
2020-11-13 00:00:00+09:00,2131.670804726957,2146.1487926136365,2091.6434264520203,2107.82470703125,158000,0.0,0.0
2020-11-16 00:00:00+09:00,2132.5224510732323,2135.929036458333,2104.418121646149,2107.82470703125,145500,0.0,0.0
2020-11-17 00:00:00+09:00,2131.6709134946313,2132.5225598843613,2099.3083506848843,2126.56103515625,190600,0.0,0.0
2020-11-18 00:00:00+09:00,2107.8249054389094,2118.8963089826293,2089.0886840572302,2095.90185546875,173700,0.0,0.0
2020-11-19 00:00:00+09:00,2078.017467956789,2113.78662109375,2076.314174950267,2113.78662109375,178000,0.0,0.0
2020-11-20 00:00:00+09:00,2113.7863997580116,2125.709449555196,2098.4567643044884,2106.12158203125,183800,0.0,0.0
2020-11-24 00:00:00+09:00,2134.225552350978,2137.6321374305485,2114.637688143447,2117.192626953125,156800,0.0,0.0
2020-11-25 00:00:00+09:00,2146.1488457938567,2152.962016732885,2089.940185546875,2089.940185546875,210500,0.0,0.0
2020-11-26 00:00:00+09:00,2072.907694794043,2072.907694794043,2043.9517122044795,2053.31982421875,240600,0.0,0.0
2020-11-27 00:00:00+09:00,2056.726127555325,2067.797531140509,2045.654723970141,2066.09423828125,210600,0.0,0.0
2020-11-30 00:00:00+09:00,2069.5006988292826,2069.5006988292826,2001.368988579759,2011.5887451171875,426600,0.0,0.0
2020-12-01 00:00:00+09:00,1999.6657119827653,2033.7315673828125,1992.0008945177547,2033.7315673828125,266200,0.0,0.0
2020-12-02 00:00:00+09:00,2033.7316209634873,2067.7974772610332,2028.6217425188554,2043.0997314453125,240600,0.0,0.0
2020-12-03 00:00:00+09:00,2043.951318419434,2082.2754056397985,2026.918390765939,2077.16552734375,235100,0.0,0.0
2020-12-04 00:00:00+09:00,2103.5665544061762,2164.033447265625,2087.3852732184364,2164.033447265625,437000,0.0,0.0
2020-12-07 00:00:00+09:00,2184.4730003091818,2271.3409324852196,2184.4730003091818,2205.76416015625,504000,0.0,0.0
2020-12-08 00:00:00+09:00,2187.879766532822,2256.8631301331175,2176.808362498207,2226.203857421875,266100,0.0,0.0
2020-12-09 00:00:00+09:00,2212.5774765279048,2231.31369842306,2197.2478404318686,2211.725830078125,161100,0.0,0.0
2020-12-10 00:00:00+09:00,2220.242195094236,2241.5333553847445,2213.429023801273,2217.687255859375,117600,0.0,0.0
2020-12-11 00:00:00+09:00,2204.91272053309,2211.7258923230725,2169.99521510943,2191.286376953125,118700,0.0,0.0
2020-12-14 00:00:00+09:00,2192.1376482009887,2204.912343120575,2175.1047216415404,2180.214599609375,121700,0.0,0.0
2020-12-15 00:00:00+09:00,2163.1818771812327,2180.214805348014,2153.813766689503,2165.73681640625,116900,0.0,0.0
2020-12-16 00:00:00+09:00,2169.1432862682313,2174.2531644455416,2149.555419921875,2149.555419921875,136700,0.0,0.0
2020-12-17 00:00:00+09:00,2150.407303865544,2153.8138896934493,2118.0447385004386,2124.85791015625,183600,0.0,0.0
2020-12-18 00:00:00+09:00,2124.8578793830397,2135.07763671875,2112.0831827134025,2135.07763671875,212500,0.0,0.0
2020-12-21 00:00:00+09:00,2135.0776973898796,2154.665566173273,2112.0832427311134,2141.890869140625,203900,0.0,0.0
2020-12-22 00:00:00+09:00,2115.489715576172,2158.923683166504,2115.489715576172,2152.962158203125,192500,0.0,0.0
2020-12-23 00:00:00+09:00,2168.291908219229,2187.0281305212015,2152.11062532207,2169.1435546875,235600,0.0,0.0
2020-12-24 00:00:00+09:00,2187.027953718897,2203.209235307939,2170.8466721298555,2173.401611328125,180500,0.0,0.0
2020-12-25 00:00:00+09:00,2180.2147523400936,2192.1378017669535,2169.1433493008667,2183.621337890625,108000,0.0,0.0
2020-12-28 00:00:00+09:00,2191.2863238749333,2194.6929096874087,2174.253394812555,2181.918212890625,115400,0.0,0.0
2020-12-29 00:00:00+09:00,2201.506011858099,2233.8685760556264,2191.286254743091,2232.165283203125,190100,0.0,0.0
2020-12-30 00:00:00+09:00,2227.0553816750567,2227.907028092523,2198.0994034811933,2212.577392578125,148600,0.0,0.0
2021-01-04 00:00:00+09:00,2212.5774540401003,2212.5774540401003,2166.5885462194055,2192.137939453125,97900,0.0,0.0
2021-01-05 00:00:00+09:00,2195.5443513096634,2229.6102062562836,2187.879533946674,2223.648681640625,166600,0.0,0.0
2021-01-06 00:00:00+09:00,2227.0554348051164,2252.604827938636,2223.6488490539805,2249.1982421875,99400,0.0,0.0
2021-01-07 00:00:00+09:00,2274.7473809362,2284.967137046733,2249.1979906598667,2251.7529296875,202200,0.0,0.0
2021-01-08 00:00:00+09:00,2248.346425396608,2335.21435546875,2240.6816080373014,2335.21435546875,312300,0.0,0.0
2021-01-12 00:00:00+09:00,2305.4069370024718,2315.626694388519,2284.9674222303775,2293.48388671875,168700,0.0,0.0
2021-01-13 00:00:00+09:00,2290.9289481970477,2307.1102307307815,2266.231201171875,2266.231201171875,193700,0.0,0.0
2021-01-14 00:00:00+09:00,2269.6376201226226,2295.18701171875,2262.8244490303223,2295.18701171875,131800,0.0,0.0
2021-01-15 00:00:00+09:00,2302.8520838228383,2302.8520838228383,2265.379638671875,2265.379638671875,125700,0.0,0.0
2021-01-18 00:00:00+09:00,2265.3794784517204,2276.4508819178377,2242.385025099015,2264.52783203125,114500,0.0,0.0
2021-01-19 00:00:00+09:00,2273.0442271688958,2279.005751931047,2257.7145920662206,2260.26953125,83000,0.0,0.0
2021-01-20 00:00:00+09:00,2265.3791831856342,2284.1154019939368,2256.8627200909514,2282.412109375,110400,0.0,0.0
2021-01-21 00:00:00+09:00,2288.37393951416,2311.368392944336,2277.302536010742,2289.2255859375,102200,0.0,0.0
2021-01-22 00:00:00+09:00,2264.5279380288953,2284.9674530769184,2253.4565340445497,2283.26416015625,129800,0.0,0.0
2021-01-25 00:00:00+09:00,2270.489387676497,2273.895973404444,2244.08834828491,2254.30810546875,140200,0.0,0.0
2021-01-26 00:00:00+09:00,2254.307945199564,2267.082640771152,2244.939835113733,2253.456298828125,79000,0.0,0.0
2021-01-27 00:00:00+09:00,2253.456527502828,2272.192749575792,2251.753234587104,2258.56640625,106300,0.0,0.0
2021-01-28 00:00:00+09:00,2215.9838880163843,2269.637610132077,2210.022363336863,2243.236572265625,127000,0.0,0.0
2021-01-29 00:00:00+09:00,2242.3850559850466,2251.753166739257,2197.2477950783973,2199.802734375,257800,0.0,0.0
2021-02-01 00:00:00+09:00,2200.6543131387207,2256.011329529594,2200.6543131387207,2250.0498046875,123100,0.0,0.0
2021-02-02 00:00:00+09:00,2254.308014019621,2261.972831596567,2244.939903647798,2257.714599609375,80500,0.0,0.0
2021-02-03 00:00:00+09:00,2262.824666762493,2304.5553437182184,2261.973020294009,2302.85205078125,143800,0.0,0.0
2021-02-04 00:00:00+09:00,2304.55500071324,2313.0714641305103,2295.186890954243,2308.813232421875,85400,0.0,0.0
2021-02-05 00:00:00+09:00,2335.2144776275836,2349.6924667303074,2331.807891956354,2348.8408203125,192200,0.0,0.0
2021-02-08 00:00:00+09:00,2350.5437927570406,2405.900802369072,2350.5437927570406,2404.197509765625,176300,0.0,0.0
2021-02-09 00:00:00+09:00,2404.19786841776,2432.302200567171,2372.6869505532695,2393.12646484375,215300,0.0,0.0
2021-02-10 00:00:00+09:00,2384.6099028716217,2434.0053937168195,2376.0934389327945,2426.340576171875,273700,0.0,0.0
2021-02-12 00:00:00+09:00,2452.741768533123,2529.3899487997833,2424.637435768681,2429.747314453125,388800,0.0,0.0
2021-02-15 00:00:00+09:00,2437.412078793711,2451.0384216520965,2419.52750379208,2447.6318359375,183700,0.0,0.0
2021-02-16 00:00:00+09:00,2462.1098716586243,2462.1098716586243,2421.230842312511,2432.30224609375,245900,0.0,0.0
2021-02-17 00:00:00+09:00,2417.8244313775594,2447.632059097959,2411.0112593271824,2428.044189453125,217900,0.0,0.0
2021-02-18 00:00:00+09:00,2429.7471760980857,2434.8570544915624,2391.4230881470116,2393.97802734375,172700,0.0,0.0
2021-02-19 00:00:00+09:00,2388.016571044922,2392.274803161621,2360.763885498047,2370.983642578125,138500,0.0,0.0
2021-02-22 00:00:00+09:00,2373.5387033517018,2411.011147896903,2373.5387033517018,2384.610107421875,149100,0.0,0.0
2021-02-24 00:00:00+09:00,2404.197722463237,2421.230650004599,2384.6098557906707,2387.164794921875,277500,0.0,0.0
2021-02-25 00:00:00+09:00,2427.1923972436216,2456.1483767195105,2407.604528774638,2449.335205078125,206400,0.0,0.0
2021-02-26 00:00:00+09:00,2427.192376684912,2427.192376684912,2375.241943359375,2375.241943359375,297000,0.0,0.0
2021-03-01 00:00:00+09:00,2417.8242693847324,2514.911964597786,2396.5331081537993,2508.950439453125,499000,0.0,0.0
2021-03-02 00:00:00+09:00,2503.840514566297,2554.939300577854,2485.104293028726,2551.53271484375,327300,0.0,0.0
2021-03-03 00:00:00+09:00,2529.389711703177,2606.037884785091,2514.9117234543705,2563.45556640625,322000,0.0,0.0
2021-03-04 00:00:00+09:00,2563.455611448237,2584.7467710117603,2521.724938703731,2548.1259765625,258200,0.0,0.0
2021-03-05 00:00:00+09:00,2554.0876614152894,2576.23046875,2518.3185111053717,2576.23046875,301200,0.0,0.0
2021-03-08 00:00:00+09:00,2597.5215989301682,2601.779831059562,2542.16458124805,2559.197509765625,179200,0.0,0.0
2021-03-09 00:00:00+09:00,2571.972441020765,2614.5547662032277,2567.7142085025184,2589.00537109375,171600,0.0,0.0
2021-03-10 00:00:00+09:00,2580.488587419839,2631.587371329143,2567.713891442513,2614.554443359375,233300,0.0,0.0
2021-03-11 00:00:00+09:00,2623.07093125,2682.6861796875,2606.038003125,2661.39501953125,204100,0.0,0.0
2021-03-12 00:00:00+09:00,2674.1694660428207,2695.460624211951,2648.6200762398635,2691.202392578125,144200,0.0,0.0
2021-03-15 00:00:00+09:00,2691.202555717054,2746.5595703125,2691.202555717054,2746.5595703125,263300,0.0,0.0
2021-03-16 00:00:00+09:00,2746.5595703125,2772.108961664244,2738.043106528585,2746.5595703125,190700,0.0,0.0
2021-03-17 00:00:00+09:00,2725.268347723705,2725.268347723705,2678.427797997204,2712.49365234375,248200,0.0,0.0
2021-03-18 00:00:00+09:00,2716.752021897007,2742.301413952465,2703.977325869278,2721.01025390625,226600,0.0,0.0
2021-03-19 00:00:00+09:00,2721.010042039269,2759.334127138414,2686.9441886178074,2738.04296875,824300,0.0,0.0
2021-03-22 00:00:00+09:00,2738.0434088013258,2797.658661870095,2712.494014628996,2780.625732421875,291300,0.0,0.0
2021-03-23 00:00:00+09:00,2776.3670538491447,2806.174675592924,2733.7847370723175,2738.04296875,276400,0.0,0.0
2021-03-24 00:00:00+09:00,2708.2357201360887,2712.493952400454,2631.5875393775204,2640.10400390625,365100,0.0,0.0
2021-03-25 00:00:00+09:00,2678.4280855948464,2725.2686403508774,2661.3951565926536,2669.91162109375,224700,0.0,0.0
2021-03-26 00:00:00+09:00,2699.719062961368,2725.2684547244094,2691.2025990403545,2703.977294921875,264800,0.0,0.0
2021-03-29 00:00:00+09:00,2738.04332841458,2742.301560651617,2674.16984485903,2699.71923828125,394100,0.0,0.0
2021-03-30 00:00:00+09:00,2668.738889012796,2721.848120634941,2655.4615811072595,2712.99658203125,266400,120.0,0.0
2021-03-31 00:00:00+09:00,2686.4418214109296,2686.4418214109296,2635.1029002768823,2659.88720703125,272000,0.0,0.0
2021-04-01 00:00:00+09:00,2659.887290870075,2673.1645984784113,2624.4811372478443,2636.873291015625,204300,0.0,0.0
2021-04-02 00:00:00+09:00,2682.0160768423507,2708.5706914645525,2640.4138472675686,2668.73876953125,240400,0.0,0.0
2021-04-05 00:00:00+09:00,2690.86762727649,2690.86762727649,2649.265397512676,2673.16455078125,107600,0.0,0.0
2021-04-06 00:00:00+09:00,2686.442007999292,2690.8677773699665,2637.758544921875,2637.758544921875,166800,0.0,0.0
2021-04-07 00:00:00+09:00,2646.6100191156916,2704.14501953125,2640.413942147862,2704.14501953125,176400,0.0,0.0
2021-04-08 00:00:00+09:00,2690.8674440681443,2708.5705193580666,2673.1643687782225,2695.293212890625,116700,0.0,0.0
2021-04-09 00:00:00+09:00,2699.719214188425,2721.8480602063632,2686.4419065776624,2690.86767578125,113500,0.0,0.0
2021-04-12 00:00:00+09:00,2695.2934449848376,2699.719214188425,2664.3130605597244,2690.86767578125,100500,0.0,0.0
2021-04-13 00:00:00+09:00,2686.4418336988683,2708.5706791164866,2654.576296297498,2664.31298828125,110400,0.0,0.0
2021-04-14 00:00:00+09:00,2652.8058586697234,2652.8058586697234,2623.595784149836,2635.102783203125,117500,0.0,0.0
2021-04-15 00:00:00+09:00,2635.1028881835937,2673.164501953125,2635.1028881835937,2655.46142578125,93400,0.0,0.0
2021-04-16 00:00:00+09:00,2643.9544262695313,2664.3129638671876,2640.4138110351564,2655.46142578125,116400,0.0,0.0
2021-04-19 00:00:00+09:00,2664.3128311332616,2721.847825825508,2655.4612934883007,2695.293212890625,175800,0.0,0.0
2021-04-20 00:00:00+09:00,2668.7387451578097,2682.0160523476497,2655.46143796797,2659.88720703125,114900,0.0,0.0
2021-04-21 00:00:00+09:00,2637.7583858053486,2677.5903077386506,2617.3998479283273,2668.73876953125,213400,0.0,0.0
2021-04-22 00:00:00+09:00,2690.86762727649,2708.57070377173,2659.88724340982,2673.16455078125,199300,0.0,0.0
2021-04-23 00:00:00+09:00,2686.4421152666578,2704.145193456224,2668.739037077092,2677.590576171875,104900,0.0,0.0
2021-04-26 00:00:00+09:00,2686.441999453881,2686.441999453881,2649.2655368584733,2652.80615234375,120300,0.0,0.0
2021-04-27 00:00:00+09:00,2682.0160890288703,2695.2933964003,2648.380243687914,2673.16455078125,141500,0.0,0.0
2021-04-28 00:00:00+09:00,2690.8676150497513,2690.8676150497513,2664.31300042755,2668.73876953125,62000,0.0,0.0
2021-04-30 00:00:00+09:00,2673.1645989668996,2717.4222910027756,2664.3130605597244,2690.86767578125,129000,0.0,0.0
2021-05-06 00:00:00+09:00,2726.273973034274,2797.0862840221776,2726.273973034274,2743.97705078125,234600,0.0,0.0
2021-05-07 00:00:00+09:00,2752.828393398187,2783.8087772467197,2752.828393398187,2761.679931640625,110600,0.0,0.0
2021-05-10 00:00:00+09:00,2774.957287442153,2797.0861334345145,2752.828441449791,2779.383056640625,126900,0.0,0.0
2021-05-11 00:00:00+09:00,2805.937462856577,2859.0466892828845,2766.1055430368465,2792.66015625,251400,0.0,0.0
2021-05-12 00:00:00+09:00,2757.2540519404215,2757.2540519404215,2677.590210953379,2721.847900390625,150400,0.0,0.0
2021-05-13 00:00:00+09:00,2668.73876953125,2704.144922360852,2668.73876953125,2668.73876953125,152900,0.0,0.0
2021-05-14 00:00:00+09:00,2518.262597006292,2673.16451422109,2515.6071355683234,2659.88720703125,367700,0.0,0.0
2021-05-17 00:00:00+09:00,2668.7390198246126,2668.7390198246126,2612.0891699842227,2634.218017578125,156100,0.0,0.0
2021-05-18 00:00:00+09:00,2630.677313928796,2642.184314292549,2604.1226977047504,2637.758544921875,104300,0.0,0.0
2021-05-19 00:00:00+09:00,2637.7583617148503,2695.29335953749,2627.1365159629786,2659.88720703125,153400,0.0,0.0
2021-05-20 00:00:00+09:00,2664.313036625928,2690.867651608911,2659.8872674620975,2682.01611328125,79700,0.0,0.0
2021-05-21 00:00:00+09:00,2668.73878165744,2677.59031990506,2643.9544745641037,2673.16455078125,156700,0.0,0.0
2021-05-24 00:00:00+09:00,2704.144750535586,2717.4220570030275,2690.8674440681443,2695.293212890625,113800,0.0,0.0
2021-05-25 00:00:00+09:00,2690.8674440681443,2708.5705193580666,2677.590137600703,2695.293212890625,66400,0.0,0.0
2021-05-26 00:00:00+09:00,2673.16451422109,2673.16451422109,2653.691130342658,2659.88720703125,82700,0.0,0.0
2021-05-27 00:00:00+09:00,2634.217680337221,2644.839525822452,2617.399758318939,2618.284912109375,345500,0.0,0.0
2021-05-28 00:00:00+09:00,2651.9208469371893,2668.73876953125,2644.8396163712687,2668.73876953125,133000,0.0,0.0
2021-05-31 00:00:00+09:00,2659.887133173582,2659.887133173582,2612.973982405462,2633.33251953125,198100,0.0,0.0
2021-06-01 00:00:00+09:00,2642.1842867516116,2642.1842867516116,2582.8789778027476,2609.43359375,155200,0.0,0.0
2021-06-02 00:00:00+09:00,2655.46168145213,2668.738989859391,2580.2236004776532,2586.419677734375,259600,0.0,0.0
2021-06-03 00:00:00+09:00,2542.1618452561547,2559.86492217298,2527.999383722694,2552.78369140625,344400,0.0,0.0
2021-06-04 00:00:00+09:00,2540.391625298394,2554.5540873209634,2532.4252404106987,2549.2431640625,196200,0.0,0.0
2021-06-07 00:00:00+09:00,2542.161821231298,2558.0945903058673,2533.310282856537,2543.93212890625,212800,0.0,0.0
2021-06-08 00:00:00+09:00,2527.114214305603,2584.6492139307743,2512.06659901902,2582.87890625,263800,0.0,0.0
2021-06-09 00:00:00+09:00,2577.567881004736,2664.3129539231645,2577.567881004736,2616.5146484375,231800,0.0,0.0
2021-06-10 00:00:00+09:00,2595.271192948897,2599.696962377527,2562.5204991770315,2577.568115234375,161700,0.0,0.0
2021-06-11 00:00:00+09:00,2567.831407400888,2578.4532539671795,2549.2431759098786,2553.6689453125,114800,0.0,0.0
2021-06-14 00:00:00+09:00,2553.6687968163515,2560.750027448771,2532.4251049190925,2535.08056640625,85500,0.0,0.0
2021-06-15 00:00:00+09:00,2507.6408009540933,2530.65480053927,2498.789262652102,2500.5595703125,234000,0.0,0.0
2021-06-16 00:00:00+09:00,2478.430867397751,2510.2964071214365,2463.383251417122,2499.674560546875,413900,0.0,0.0
2021-06-17 00:00:00+09:00,2487.2825031913353,2502.330119758685,2473.120040539712,2481.08642578125,202100,0.0,0.0
2021-06-18 00:00:00+09:00,2459.842379962127,2466.038456485961,2434.1729200776717,2441.254150390625,288100,0.0,0.0
2021-06-21 00:00:00+09:00,2413.814472818111,2413.814472818111,2391.6856272660566,2403.192626953125,160700,0.0,0.0
2021-06-22 00:00:00+09:00,2469.57930509978,2493.4784596652617,2449.2207660254808,2490.822998046875,209900,0.0,0.0
2021-06-23 00:00:00+09:00,2476.6604966578143,2488.167496820985,2442.1394961683022,2458.072265625,209500,0.0,0.0
2021-06-24 00:00:00+09:00,2472.2348543323233,2504.1003948822568,2466.9239309073346,2487.282470703125,131600,0.0,0.0
2021-06-25 00:00:00+09:00,2495.2485986937386,2504.100136823195,2470.464291931261,2482.8564453125,109600,0.0,0.0
2021-06-28 00:00:00+09:00,2496.1338210012664,2497.904128675735,2476.6604365821076,2489.937744140625,121700,0.0,0.0
2021-06-29 00:00:00+09:00,2478.4307520788625,2486.397136639116,2465.15344447844,2474.89013671875,124100,0.0,0.0
2021-06-30 00:00:00+09:00,2498.7892016601563,2499.67435546875,2458.0721264648437,2478.4306640625,138400,0.0,0.0
2021-07-01 00:00:00+09:00,2481.9713431835517,2504.1001889679983,2464.268266555994,2466.03857421875,93200,0.0,0.0
2021-07-02 00:00:00+09:00,2478.4307919497883,2508.5260229948926,2475.775330386985,2507.640869140625,129400,0.0,0.0
2021-07-05 00:00:00+09:00,2514.722023906882,2520.9181006993313,2502.329870321984,2515.607177734375,187100,0.0,0.0
2021-07-06 00:00:00+09:00,2535.080505349595,2536.8508129650627,2509.411044925315,2512.95166015625,100000,0.0,0.0
2021-07-07 00:00:00+09:00,2481.9714273251952,2509.4111970281483,2475.775350295496,2497.01904296875,138500,0.0,0.0
2021-07-08 00:00:00+09:00,2503.21503954939,2506.755654881143,2474.0049630624276,2485.511962890625,131900,0.0,0.0
2021-07-09 00:00:00+09:00,2450.9908092025344,2485.511806515246,2450.9908092025344,2481.97119140625,265900,0.0,0.0
2021-07-12 00:00:00+09:00,2512.066542777133,2528.8844653679594,2503.2150045714347,2526.22900390625,127700,0.0,0.0
2021-07-13 00:00:00+09:00,2545.7025045676833,2570.4868126789124,2537.736119817645,2551.013427734375,198600,0.0,0.0
2021-07-14 00:00:00+09:00,2548.357969846279,2582.8789704798337,2543.9322005342847,2570.48681640625,108100,0.0,0.0
2021-07-15 00:00:00+09:00,2583.763903699677,2592.6154415677815,2571.371750684331,2579.338134765625,146700,0.0,0.0
2021-07-16 00:00:00+09:00,2581.1086507470245,2601.4671894874846,2566.06103515625,2566.06103515625,104400,0.0,0.0
2021-07-19 00:00:00+09:00,2538.621062160326,2548.3577538213317,2523.5734477751357,2544.817138671875,89900,0.0,0.0
2021-07-20 00:00:00+09:00,2522.68830795852,2524.4586155430525,2498.789155567334,2514.721923828125,122700,0.0,0.0
2021-07-21 00:00:00+09:00,2549.243108055266,2580.223493048993,2539.506415628666,2546.587646484375,159400,0.0,0.0
2021-07-26 00:00:00+09:00,2577.5680795866415,2577.5680795866415,2547.472847888171,2564.290771484375,69000,0.0,0.0
2021-07-27 00:00:00+09:00,2568.71638437608,2574.9124611130314,2543.932077428275,2560.75,190100,0.0,0.0
2021-07-28 00:00:00+09:00,2566.061031337575,2568.716492908466,2532.425184772957,2546.587646484375,91100,0.0,0.0
2021-07-29 00:00:00+09:00,2546.587358501894,2558.094357341145,2540.391282203836,2548.357666015625,97500,0.0,0.0
2021-07-30 00:00:00+09:00,2538.6211928669204,2544.8172696974884,2466.0385785659832,2485.511962890625,270000,0.0,0.0
2021-08-02 00:00:00+09:00,2527.9992653011655,2564.290571280629,2514.7219582355083,2562.520263671875,118200,0.0,0.0
2021-08-03 00:00:00+09:00,2532.4252320389355,2564.290771484375,2507.6409235813717,2564.290771484375,130200,0.0,0.0
2021-08-04 00:00:00+09:00,2566.9461488223924,2566.9461488223924,2527.1142258234245,2533.310302734375,132700,0.0,0.0
2021-08-05 00:00:00+09:00,2512.066521139706,2542.1617507798574,2473.119753370098,2482.8564453125,216100,0.0,0.0
2021-08-06 00:00:00+09:00,2469.5791259765624,2493.478278808594,2465.153356933594,2478.4306640625,180900,0.0,0.0
2021-08-10 00:00:00+09:00,2434.173168702878,2441.2543997391044,2388.145166967405,2406.7333984375,426000,0.0,0.0
2021-08-11 00:00:00+09:00,2425.3213891770797,2430.6323119271024,2397.8816216352952,2426.20654296875,206700,0.0,0.0
2021-08-12 00:00:00+09:00,2432.402673247732,2477.5455176202336,2416.4699046456726,2463.383056640625,247800,0.0,0.0
2021-08-13 00:00:00+09:00,2469.5793305934444,2492.593331523706,2441.2544063715845,2445.68017578125,110300,0.0,0.0
2021-08-16 00:00:00+09:00,2445.6799904599834,2453.646374793729,2411.158991680418,2413.814453125,142100,0.0,0.0
2021-08-17 00:00:00+09:00,2395.2263063376413,2409.388767868093,2390.800537109375,2390.800537109375,144700,0.0,0.0
2021-08-18 00:00:00+09:00,2412.929229138812,2449.2205344926974,2412.044075349693,2441.254150390625,136800,0.0,0.0
2021-08-19 00:00:00+09:00,2407.618415880503,2424.436338638492,2392.57080078125,2392.57080078125,136000,0.0,0.0
2021-08-20 00:00:00+09:00,2398.766893177454,2409.388739198904,2355.3943552565333,2362.4755859375,198800,0.0,0.0
2021-08-23 00:00:00+09:00,2375.752761025117,2389.03006781177,2354.509070166472,2367.786376953125,126700,0.0,0.0
2021-08-24 00:00:00+09:00,2367.786676978068,2384.604601038847,2356.279676304903,2370.442138671875,186600,0.0,0.0
2021-08-25 00:00:00+09:00,2379.293541040571,2384.604464123251,2352.7389256271717,2356.279541015625,176900,0.0,0.0
2021-08-26 00:00:00+09:00,2360.705310251192,2367.786541028098,2350.083464085832,2356.279541015625,131000,0.0,0.0
2021-08-27 00:00:00+09:00,2350.968720903166,2380.178799137279,2350.968720903166,2376.63818359375,110300,0.0,0.0
2021-08-30 00:00:00+09:00,2386.3747118814863,2389.030173356132,2359.8200971350307,2388.14501953125,212800,0.0,0.0
2021-08-31 00:00:00+09:00,2374.8677878190083,2391.685711027566,2368.671710847434,2380.1787109375,183700,0.0,0.0
2021-09-01 00:00:00+09:00,2380.178778739253,2396.9967024268863,2374.8678554694743,2387.260009765625,220500,0.0,0.0
2021-09-02 00:00:00+09:00,2392.570732385639,2402.3074242303455,2378.4082715206114,2385.489501953125,116800,0.0,0.0
2021-09-03 00:00:00+09:00,2408.5036539059647,2433.2879619946702,2384.6044996775704,2423.55126953125,206200,0.0,0.0
2021-09-06 00:00:00+09:00,2448.3356815988886,2462.498143965332,2434.1732192324453,2443.909912109375,183900,0.0,0.0
2021-09-07 00:00:00+09:00,2488.1675892183307,2500.5597437003858,2468.6942036036726,2474.005126953125,184300,0.0,0.0
2021-09-08 00:00:00+09:00,2469.5790440261744,2507.640656532671,2466.923582688512,2501.444580078125,191400,0.0,0.0
2021-09-09 00:00:00+09:00,2478.430828399713,2492.5932902762825,2458.9574433194293,2466.923828125,141300,0.0,0.0
2021-09-10 00:00:00+09:00,2500.5593890526334,2504.985157882815,2470.464161007398,2488.167236328125,223800,0.0,0.0
2021-09-13 00:00:00+09:00,2471.3495492894713,2503.215087890625,2467.8089338893433,2503.215087890625,110600,0.0,0.0
2021-09-14 00:00:00+09:00,2514.7221038337348,2542.1618733581436,2506.7557191331,2527.1142578125,187200,0.0,0.0
2021-09-15 00:00:00+09:00,2506.755654881143,2512.951731711711,2483.7416552247487,2485.511962890625,155400,0.0,0.0
2021-09-16 00:00:00+09:00,2493.478288481507,2521.8032104663876,2487.2822117973146,2517.37744140625,185900,0.0,0.0
2021-09-17 00:00:00+09:00,2506.7557152863574,2520.033023100374,2489.9377920552693,2507.640869140625,172600,0.0,0.0
2021-09-21 00:00:00+09:00,2442.1393725215225,2457.1869873576466,2423.55114242984,2448.33544921875,230200,0.0,0.0
2021-09-22 00:00:00+09:00,2442.1395162572053,2454.5316703810186,2430.6325159993785,2447.450439453125,164200,0.0,0.0
2021-09-24 00:00:00+09:00,2504.985359373611,2512.066590071487,2475.775282744873,2489.937744140625,178600,0.0,0.0
2021-09-27 00:00:00+09:00,2506.755619853714,2532.4250806502387,2501.4446969302953,2526.22900390625,256100,0.0,0.0
2021-09-28 00:00:00+09:00,2535.9657921359385,2571.371946301885,2523.573638177857,2561.63525390625,315300,0.0,0.0
2021-09-29 00:00:00+09:00,2517.3775018244596,2556.3242704884105,2516.492347991188,2539.50634765625,288500,0.0,0.0
2021-09-30 00:00:00+09:00,2557.2094089088873,2620.940484520324,2555.439101253014,2569.6015625,343300,0.0,0.0
2021-10-01 00:00:00+09:00,2534.195391249445,2549.2430062166964,2483.741623418073,2491.7080078125,235200,0.0,0.0
2021-10-04 00:00:00+09:00,2516.4923044255866,2543.932072781968,2495.2486127948396,2541.276611328125,174300,0.0,0.0
2021-10-05 00:00:00+09:00,2534.1953196200534,2555.4390107380696,2503.2149367396123,2519.147705078125,155700,0.0,0.0
2021-10-06 00:00:00+09:00,2523.5733046640926,2547.472455567611,2491.707770126068,2511.18115234375,174900,0.0,0.0
2021-10-07 00:00:00+09:00,2531.539882798823,2557.2093431488806,2512.0664990849855,2527.999267578125,174900,0.0,0.0
2021-10-08 00:00:00+09:00,2558.094678925305,2572.2571408155486,2535.965832221799,2540.3916015625,162300,0.0,0.0
2021-10-11 00:00:00+09:00,2548.3579023160987,2563.405517578125,2534.195440893015,2563.405517578125,122800,0.0,0.0
2021-10-12 00:00:00+09:00,2531.539870536106,2544.817177549407,2518.262563522804,2523.573486328125,96800,0.0,0.0
2021-10-13 00:00:00+09:00,2544.81727065588,2560.750039654769,2530.6548093235338,2539.50634765625,95800,0.0,0.0
2021-10-14 00:00:00+09:00,2539.506298982373,2539.506298982373,2507.6407615953517,2521.80322265625,97300,0.0,0.0
2021-10-15 00:00:00+09:00,2539.5063956562067,2558.094626506252,2528.884549456181,2557.20947265625,74400,0.0,0.0
2021-10-18 00:00:00+09:00,2559.8648461804355,2571.3718458347735,2539.5063083304526,2560.75,85300,0.0,0.0
2021-10-19 00:00:00+09:00,2580.2234405180366,2583.7640558738076,2559.864902222354,2563.405517578125,100200,0.0,0.0
2021-10-20 00:00:00+09:00,2561.635055205047,2571.3717468454256,2523.573442429022,2525.34375,130200,0.0,0.0
2021-10-21 00:00:00+09:00,2522.68855811697,2528.8846352772575,2480.201171875,2480.201171875,113400,0.0,0.0
2021-10-22 00:00:00+09:00,2470.4643795254487,2502.329917921334,2452.761302638846,2479.31591796875,116500,0.0,0.0
2021-10-25 00:00:00+09:00,2474.004877794103,2495.2485690524422,2453.646340338194,2454.531494140625,114400,0.0,0.0
2021-10-26 00:00:00+09:00,2469.5790385247637,2496.133651842234,2454.5314243115304,2481.97119140625,110100,0.0,0.0
2021-10-27 00:00:00+09:00,2566.94622118938,2584.649298576893,2537.736143499984,2559.864990234375,301100,0.0,0.0
2021-10-28 00:00:00+09:00,2544.8173310198717,2551.898561854014,2497.9041767436793,2507.640869140625,475300,0.0,0.0
2021-10-29 00:00:00+09:00,2506.7554779052734,2506.7554779052734,2469.579019546509,2492.593017578125,98200,0.0,0.0
2021-11-01 00:00:00+09:00,2536.85107421875,2558.979921691,2522.68861183651,2536.85107421875,100900,0.0,0.0
2021-11-02 00:00:00+09:00,2536.8508450782906,2540.391460354045,2501.444692320743,2506.755615234375,96600,0.0,0.0
2021-11-04 00:00:00+09:00,2538.6211938229785,2555.439116655139,2523.573578657361,2539.50634765625,150200,0.0,0.0
2021-11-05 00:00:00+09:00,2521.8032273332733,2543.932072781968,2511.1813815179,2541.276611328125,127200,0.0,0.0
2021-11-08 00:00:00+09:00,2551.898603070627,2551.898603070627,2472.2347548998478,2486.397216796875,156300,0.0,0.0
2021-11-09 00:00:00+09:00,2469.579209463151,2496.1338246186688,2435.9433635994956,2455.416748046875,224100,0.0,0.0
2021-11-10 00:00:00+09:00,2454.531747051178,2456.302054838449,2435.943515284833,2439.484130859375,94800,0.0,0.0
2021-11-11 00:00:00+09:00,2436.82850891784,2456.3018932971327,2408.5035861843235,2416.469970703125,122800,0.0,0.0
2021-11-12 00:00:00+09:00,2535.9659490715967,2597.926722696383,2523.5737943466397,2584.6494140625,516200,0.0,0.0
2021-11-15 00:00:00+09:00,2560.7500560612966,2589.074978907464,2554.5539791886977,2563.405517578125,194600,0.0,0.0
2021-11-16 00:00:00+09:00,2556.3242695256854,2564.2906540221297,2485.511962890625,2485.511962890625,220100,0.0,0.0
2021-11-17 00:00:00+09:00,2485.511991087148,2530.654837079115,2465.1534526986134,2513.8369140625,273400,0.0,0.0
2021-11-18 00:00:00+09:00,2500.5594721302737,2515.6070866528275,2428.8620146992816,2465.1533203125,331300,0.0,0.0
2021-11-19 00:00:00+09:00,2439.4839306888844,2448.335468898931,2420.895700447786,2437.713623046875,322100,0.0,0.0
2021-11-22 00:00:00+09:00,2416.469990643971,2428.862144442145,2399.652067632163,2405.84814453125,170700,0.0,0.0
2021-11-24 00:00:00+09:00,2409.3886961818266,2427.0917725681734,2404.9629270852397,2418.240234375,202500,0.0,0.0
2021-11-25 00:00:00+09:00,2425.321577251872,2432.402808134359,2415.5848847884517,2423.55126953125,69500,0.0,0.0
2021-11-26 00:00:00+09:00,2427.976820339176,2443.024434610327,2388.1449002096597,2397.881591796875,208500,0.0,0.0
2021-11-29 00:00:00+09:00,2373.9825736380913,2381.0638042827986,2351.853727873381,2358.0498046875,269700,0.0,0.0
2021-11-30 00:00:00+09:00,2346.542864795145,2389.0302497480557,2326.184326171875,2326.184326171875,273700,0.0,0.0
2021-12-01 00:00:00+09:00,2326.1842208439234,2407.618371649723,2326.1842208439234,2394.341064453125,198900,0.0,0.0
2021-12-02 00:00:00+09:00,2381.063754690632,2443.0245215413174,2372.2122165691053,2428.862060546875,254700,0.0,0.0
2021-12-03 00:00:00+09:00,2443.9099293990494,2487.282470703125,2430.632620836577,2487.282470703125,308300,0.0,0.0
2021-12-06 00:00:00+09:00,2464.2682079420624,2514.721975130531,2462.4979003214144,2497.904052734375,223800,0.0,0.0
2021-12-07 00:00:00+09:00,2542.161924647264,2570.486848598766,2513.837000695763,2564.290771484375,280700,0.0,0.0
2021-12-08 00:00:00+09:00,2593.500666623309,2597.041281867846,2550.1281298777317,2551.8984375,209600,0.0,0.0
2021-12-09 00:00:00+09:00,2551.0133200698756,2575.797627135093,2543.932089479814,2565.17578125,148800,0.0,0.0
2021-12-10 00:00:00+09:00,2576.6825862353194,2576.6825862353194,2540.391282203836,2548.357666015625,132600,0.0,0.0
2021-12-13 00:00:00+09:00,2575.797671323323,2575.797671323323,2551.0133638329266,2563.405517578125,77500,0.0,0.0
2021-12-14 00:00:00+09:00,2549.2431640625,2561.6353183322485,2527.1143171522353,2549.2431640625,153300,0.0,0.0
2021-12-15 00:00:00+09:00,2549.243000345662,2574.9124611130314,2541.2766159695816,2560.75,153700,0.0,0.0
2021-12-16 00:00:00+09:00,2575.797675526902,2583.7640600903874,2560.750060240319,2582.87890625,118600,0.0,0.0
2021-12-17 00:00:00+09:00,2586.4196217802546,2599.6969299002762,2576.682929158905,2583.76416015625,171900,0.0,0.0
2021-12-20 00:00:00+09:00,2543.9320237485204,2553.6687155582745,2520.032871124578,2523.573486328125,164200,0.0,0.0
2021-12-21 00:00:00+09:00,2523.573486328125,2537.735947142313,2513.8367945183704,2523.573486328125,135000,0.0,0.0
2021-12-22 00:00:00+09:00,2523.573454721396,2535.080453988803,2517.377378192792,2529.76953125,72200,0.0,0.0
2021-12-23 00:00:00+09:00,2530.6547655127515,2544.817226599916,2515.6071506076387,2541.276611328125,102800,0.0,0.0
2021-12-24 00:00:00+09:00,2547.472690905555,2548.3578447244936,2503.21499995862,2506.755615234375,72300,0.0,0.0
2021-12-27 00:00:00+09:00,2522.688416067478,2527.1141852184737,2476.660416897124,2500.5595703125,120300,0.0,0.0
2021-12-28 00:00:00+09:00,2522.688408354317,2529.7696389742587,2501.444716494491,2515.607177734375,104100,0.0,0.0
2021-12-29 00:00:00+09:00,2529.769790538345,2557.209560834597,2525.344021135724,2553.6689453125,82200,0.0,0.0
2021-12-30 00:00:00+09:00,2531.5399193306994,2555.4390724152895,2526.228996423012,2541.276611328125,72700,0.0,0.0
2022-01-04 00:00:00+09:00,2574.0272120447626,2583.763903699677,2558.0944438821743,2579.338134765625,92900,0.0,0.0
2022-01-05 00:00:00+09:00,2584.649082084687,2590.8451586513283,2575.7975441323424,2588.189697265625,165100,0.0,0.0
2022-01-06 00:00:00+09:00,2567.8313584865487,2597.9265898510926,2558.979819849918,2589.960205078125,203300,0.0,0.0
2022-01-07 00:00:00+09:00,2597.041210501834,2608.5482097303698,2574.912365831573,2579.338134765625,138700,0.0,0.0
2022-01-11 00:00:00+09:00,2597.0411980800427,2602.352120775503,2555.4389702989374,2574.912353515625,139300,0.0,0.0
2022-01-12 00:00:00+09:00,2597.0414667116715,2643.954622040819,2592.615697340997,2637.758544921875,228100,0.0,0.0
2022-01-13 00:00:00+09:00,2615.629785599247,2654.576557364515,2614.744631695491,2634.218017578125,146500,0.0,0.0
2022-01-14 00:00:00+09:00,2655.4615825688074,2659.887351873089,2597.9265816131497,2605.0078125,245500,0.0,0.0
2022-01-17 00:00:00+09:00,2617.3998240237624,2677.59028328437,2617.3998240237624,2659.88720703125,130100,0.0,0.0
2022-01-18 00:00:00+09:00,2673.1644721429625,2682.016010130191,2624.4810132132066,2627.136474609375,157700,0.0,0.0
2022-01-19 00:00:00+09:00,2589.074882792413,2605.007651301905,2576.6827295072526,2581.99365234375,166300,0.0,0.0
2022-01-20 00:00:00+09:00,2594.385934272378,2632.4475498212396,2594.385934272378,2611.203857421875,149500,0.0,0.0
2022-01-21 00:00:00+09:00,2598.811707446585,2631.56239994506,2577.568015015141,2630.67724609375,146700,0.0,0.0
2022-01-24 00:00:00+09:00,2608.5484316537995,2636.873355241489,2594.385969859955,2624.481201171875,149300,0.0,0.0
2022-01-25 00:00:00+09:00,2602.352241847826,2602.352241847826,2543.932089479814,2565.17578125,258400,0.0,0.0
2022-01-26 00:00:00+09:00,2574.0273837064406,2574.0273837064406,2549.243076022885,2552.78369140625,134100,0.0,0.0
2022-01-27 00:00:00+09:00,2574.0273025921933,2616.5146858536878,2521.8032273332733,2541.276611328125,318600,0.0,0.0
2022-01-28 00:00:00+09:00,2566.9459694724346,2595.2708905148893,2565.175661907281,2574.912353515625,151900,0.0,0.0
2022-01-31 00:00:00+09:00,2576.682673405194,2589.07482642054,2572.2569044711413,2579.338134765625,128100,0.0,0.0
2022-02-01 00:00:00+09:00,2578.4532419840493,2579.33839586046,2549.2431640625,2549.2431640625,106000,0.0,0.0
2022-02-02 00:00:00+09:00,2528.8847701694995,2577.5682361685626,2524.459000533221,2567.83154296875,117200,0.0,0.0
2022-02-03 00:00:00+09:00,2566.946125128733,2585.53435569001,2558.0945867662203,2578.453125,137000,0.0,0.0
2022-02-04 00:00:00+09:00,2578.453066138018,2617.399834043982,2568.7163741615273,2610.318603515625,163400,0.0,0.0
2022-02-07 00:00:00+09:00,2610.3187075136166,2641.2990923094717,2600.5820151492053,2630.67724609375,238800,0.0,0.0
2022-02-08 00:00:00+09:00,2631.5623758690813,2635.988145085141,2612.0889913184187,2621.82568359375,102700,0.0,0.0
2022-02-09 00:00:00+09:00,2643.9545296740484,2659.887298851863,2621.82568359375,2621.82568359375,211100,0.0,0.0
2022-02-10 00:00:00+09:00,2668.7389356398494,2668.7389356398494,2566.9462399189265,2603.237548828125,427700,0.0,0.0
2022-02-14 00:00:00+09:00,2593.5006710820508,2659.88720703125,2576.682748641587,2659.88720703125,244400,0.0,0.0
2022-02-15 00:00:00+09:00,2655.4615418035896,2668.7388495126074,2612.974157134732,2626.25146484375,161600,0.0,0.0
2022-02-16 00:00:00+09:00,2664.31297609453,2677.59028328437,2646.60989984141,2659.88720703125,228700,0.0,0.0
2022-02-17 00:00:00+09:00,2566.9461689630925,2617.399938490988,2558.094630449427,2576.682861328125,357400,0.0,0.0
2022-02-18 00:00:00+09:00,2557.2094089088873,2587.3046390587324,2557.2094089088873,2569.6015625,192900,0.0,0.0
2022-02-21 00:00:00+09:00,2558.979800481866,2577.568031478102,2539.506415628666,2546.587646484375,171200,0.0,0.0
2022-02-22 00:00:00+09:00,2525.3441058356016,2542.162030129635,2515.6074128232667,2530.655029296875,149400,0.0,0.0
2022-02-24 00:00:00+09:00,2516.492335996148,2537.736027893407,2508.525951534676,2535.08056640625,172200,0.0,0.0
2022-02-25 00:00:00+09:00,2538.6209181959375,2545.7021480932763,2500.559307497742,2511.18115234375,139000,0.0,0.0
2022-02-28 00:00:00+09:00,2512.06671292786,2553.6689453125,2512.06671292786,2553.6689453125,189900,0.0,0.0
2022-03-01 00:00:00+09:00,2566.061055367407,2578.4532094809438,2553.66890125387,2555.439208984375,224700,0.0,0.0
2022-03-02 00:00:00+09:00,2530.6549054263683,2541.2767518289975,2511.1815203548817,2520.918212890625,232800,0.0,0.0
2022-03-03 00:00:00+09:00,2543.932065335007,2570.486679795706,2526.228989027874,2556.32421875,231500,0.0,0.0
2022-03-04 00:00:00+09:00,2556.324206555671,2575.7975904006244,2533.310207466181,2551.8984375,144300,0.0,0.0
2022-03-07 00:00:00+09:00,2526.2289973864354,2526.2289973864354,2438.598769376184,2452.76123046875,313800,0.0,0.0
2022-03-08 00:00:00+09:00,2430.632508692519,2439.4840473257764,2403.1927389294206,2408.503662109375,230300,0.0,0.0
2022-03-09 00:00:00+09:00,2412.929294528362,2425.3214479118533,2388.1449877613795,2394.341064453125,228000,0.0,0.0
2022-03-10 00:00:00+09:00,2412.0441905047,2471.349497207017,2412.0441905047,2466.03857421875,292700,0.0,0.0
2022-03-11 00:00:00+09:00,2428.8622200755867,2460.7277594060247,2426.206758464717,2451.876220703125,205800,0.0,0.0
2022-03-14 00:00:00+09:00,2482.856493708518,2515.6071854258853,2463.3831094441375,2500.5595703125,149900,0.0,0.0
2022-03-15 00:00:00+09:00,2500.559606417804,2523.5736063352774,2489.0526064590667,2513.8369140625,143600,0.0,0.0
2022-03-16 00:00:00+09:00,2526.229063685182,2530.6548328927597,2494.363525390625,2494.363525390625,139100,0.0,0.0
2022-03-17 00:00:00+09:00,2527.1142899588253,2541.2767518289975,2493.4784430171667,2520.918212890625,245400,0.0,0.0
2022-03-18 00:00:00+09:00,2518.262500596504,2540.391345065718,2512.9515779238927,2535.965576171875,383500,0.0,0.0
2022-03-22 00:00:00+09:00,2562.5202758789064,2582.8788134765628,2550.128122558594,2566.946044921875,225000,0.0,0.0
2022-03-23 00:00:00+09:00,2587.304743487136,2610.3187439423755,2566.9462046228855,2589.960205078125,210400,0.0,0.0
2022-03-24 00:00:00+09:00,2566.946020423335,2574.0272508245025,2548.3577906202695,2558.094482421875,215200,0.0,0.0
2022-03-25 00:00:00+09:00,2584.6491333638123,2589.960056240587,2558.0945189799377,2571.371826171875,201900,0.0,0.0
2022-03-28 00:00:00+09:00,2568.7164606313927,2573.1422298605994,2539.506383718631,2552.78369140625,180300,0.0,0.0
2022-03-29 00:00:00+09:00,2536.851009792752,2553.668933444553,2515.6073167588975,2549.2431640625,328400,0.0,0.0
2022-03-30 00:00:00+09:00,2555.70854588964,2572.3340442004505,2524.3048268581083,2563.09765625,276400,120.0,0.0
2022-03-31 00:00:00+09:00,2549.242973074262,2551.0902505909826,2503.06103515625,2503.06103515625,172700,0.0,0.0
2022-04-01 00:00:00+09:00,2502.137559511492,2551.090416895807,2490.130254870056,2545.548583984375,166100,0.0,0.0
2022-04-04 00:00:00+09:00,2544.6248853439365,2560.3267448905235,2527.9993870004914,2554.784912109375,98000,0.0,0.0
2022-04-05 00:00:00+09:00,2552.9375439667597,2552.9375439667597,2515.9919934028417,2523.381103515625,116700,0.0,0.0
2022-04-06 00:00:00+09:00,2521.5340368421507,2533.5413417794944,2490.130316236791,2491.053955078125,155700,0.0,0.0
2022-04-07 00:00:00+09:00,2479.9701198491834,2479.9701198491834,2446.719123828859,2456.879150390625,144700,0.0,0.0
2022-04-08 00:00:00+09:00,2468.886603683722,2486.4357415325776,2460.5738541763694,2479.046630859375,139000,0.0,0.0
2022-04-11 00:00:00+09:00,2462.4209532202744,2484.5882836318597,2450.413649247332,2461.497314453125,126000,0.0,0.0
2022-04-12 00:00:00+09:00,2470.733752181099,2484.5883339690304,2464.2682806800644,2468.886474609375,203200,0.0,0.0
2022-04-13 00:00:00+09:00,2466.1156625320664,2481.817522555679,2461.4974684074746,2475.35205078125,142700,0.0,0.0
2022-04-14 00:00:00+09:00,2485.5120953783166,2532.61767578125,2483.6648177154566,2532.61767578125,190800,0.0,0.0
2022-04-15 00:00:00+09:00,2525.228704867459,2541.854204753199,2504.908649451554,2526.15234375,82100,0.0,0.0
2022-04-18 00:00:00+09:00,2509.526798581614,2522.4577427038603,2465.192133019628,2473.5048828125,81400,0.0,0.0
2022-04-19 00:00:00+09:00,2492.901298995869,2495.6722155934935,2464.2684941537527,2473.5048828125,74900,0.0,0.0
2022-04-20 00:00:00+09:00,2501.21375763953,2515.9919777732935,2487.359176264126,2503.06103515625,149000,0.0,0.0
2022-04-21 00:00:00+09:00,2524.3048320794132,2532.6175812520128,2498.442945764659,2509.526611328125,125700,0.0,0.0
2022-04-22 00:00:00+09:00,2488.283068720689,2503.0612903611977,2479.0466801953708,2486.435791015625,120900,0.0,0.0
2022-04-25 00:00:00+09:00,2471.657566812783,2472.581205664357,2436.5592904529603,2449.490234375,185400,0.0,0.0
2022-04-26 00:00:00+09:00,2462.4208938741235,2475.35183630257,2448.5663127007883,2470.733642578125,133500,0.0,0.0
2022-04-27 00:00:00+09:00,2452.261056772965,2452.261056772965,2414.3918653124406,2426.399169921875,298300,0.0,0.0
2022-04-28 00:00:00+09:00,2452.2610059168833,2509.526611328125,2443.9482567442838,2509.526611328125,175400,0.0,0.0
2022-05-02 00:00:00+09:00,2508.6029226219316,2521.5338655220444,2485.5119531574437,2502.137451171875,116700,0.0,0.0
2022-05-06 00:00:00+09:00,2514.1449236887174,2551.09047730648,2510.4503683269413,2536.312255859375,173600,0.0,0.0
2022-05-09 00:00:00+09:00,2536.3119795521834,2537.2356182920057,2490.1300425610657,2495.671875,133700,0.0,0.0
2022-05-10 00:00:00+09:00,2466.1156223987236,2503.9848136040973,2466.1156223987236,2496.595703125,119800,0.0,0.0
2022-05-11 00:00:00+09:00,2487.359355505189,2487.359355505189,2450.413802508454,2475.35205078125,147000,0.0,0.0
2022-05-12 00:00:00+09:00,2474.4284722831812,2496.5958046216647,2454.1084176395716,2466.11572265625,161100,0.0,0.0
2022-05-13 00:00:00+09:00,2478.122965643894,2520.6103515625,2453.184717387321,2520.6103515625,124500,0.0,0.0
2022-05-16 00:00:00+09:00,2534.464935576026,2534.464935576026,2459.6501907576376,2475.35205078125,318900,0.0,0.0
2022-05-17 00:00:00+09:00,2447.642907216221,2484.588460532692,2429.170130557985,2442.10107421875,302800,0.0,0.0
2022-05-18 00:00:00+09:00,2449.4901600230824,2471.657491787997,2432.8646611993963,2438.406494140625,190600,0.0,0.0
2022-05-19 00:00:00+09:00,2431.9408152927863,2472.5809200679028,2429.169899058119,2470.733642578125,169600,0.0,0.0
2022-05-20 00:00:00+09:00,2470.733777097147,2478.122887458559,2437.482780470793,2472.5810546875,239200,0.0,0.0
2022-05-23 00:00:00+09:00,2473.5048828125,2495.6722155934935,2456.879383226755,2473.5048828125,213300,0.0,0.0
2022-05-24 00:00:00+09:00,2456.8791350277197,2460.573690117987,2418.0863065799135,2436.55908203125,296200,0.0,0.0
2022-05-25 00:00:00+09:00,2465.191899395706,2472.5810096224445,2449.490040163886,2456.879150390625,176000,0.0,0.0
2022-05-26 00:00:00+09:00,2458.7266497965734,2503.061315157293,2458.7266497965734,2490.13037109375,139800,0.0,0.0
2022-05-27 00:00:00+09:00,2504.908326878727,2504.908326878727,2473.5046089163834,2478.122802734375,111700,0.0,0.0
2022-05-30 00:00:00+09:00,2491.9775496297807,2503.0612155288013,2470.733856656658,2475.35205078125,203800,0.0,0.0
2022-05-31 00:00:00+09:00,2466.115583306578,2476.2756100542833,2427.32275390625,2427.32275390625,340000,0.0,0.0
2022-06-01 00:00:00+09:00,2446.7191880009873,2487.3592953139523,2443.024632790718,2484.58837890625,177500,0.0,0.0
2022-06-02 00:00:00+09:00,2489.20669112323,2511.3740234375,2473.5048307339557,2511.3740234375,118100,0.0,0.0
2022-06-03 00:00:00+09:00,2514.144820588406,2526.152125021782,2483.6647401036826,2484.58837890625,166000,0.0,0.0
2022-06-06 00:00:00+09:00,2491.0539196862896,2507.6794185940958,2490.130280858078,2503.98486328125,104000,0.0,0.0
2022-06-07 00:00:00+09:00,2511.373883902983,2522.457549444298,2500.2902183616675,2517.83935546875,102800,0.0,0.0
2022-06-08 00:00:00+09:00,2538.1595227563084,2562.1741325058224,2530.7704120641506,2552.937744140625,144500,0.0,0.0
2022-06-09 00:00:00+09:00,2540.0067668731676,2542.7776833461203,2519.6867127381825,2520.6103515625,115100,0.0,0.0
2022-06-10 00:00:00+09:00,2506.755615234375,2517.8392804454334,2497.519227558493,2506.755615234375,122900,0.0,0.0
2022-06-13 00:00:00+09:00,2491.053805741556,2527.0757183941037,2488.2828893836677,2514.144775390625,120200,0.0,0.0
2022-06-14 00:00:00+09:00,2489.2065577951034,2514.1448053129025,2480.893808622504,2509.526611328125,195100,0.0,0.0
2022-06-15 00:00:00+09:00,2519.686623086735,2539.0830377072707,2489.20654296875,2489.20654296875,174300,0.0,0.0
2022-06-16 00:00:00+09:00,2528.9230009445264,2529.8466397323077,2497.5192821599708,2505.83203125,91500,0.0,0.0
2022-06-17 00:00:00+09:00,2468.886628287179,2493.8248770577566,2455.9556844802128,2482.7412109375,208600,0.0,0.0
2022-06-20 00:00:00+09:00,2475.351820168206,2483.6645688180242,2443.9481030466686,2450.41357421875,146300,0.0,0.0
2022-06-21 00:00:00+09:00,2471.6575148533234,2493.824846825102,2471.6575148533234,2487.359375,115600,0.0,0.0
2022-06-22 00:00:00+09:00,2475.3519114021215,2496.5956031790797,2472.5809950833877,2481.8173828125,109800,0.0,0.0
2022-06-23 00:00:00+09:00,2492.9010682508683,2505.8320111762155,2481.817402886285,2493.82470703125,123800,0.0,0.0
2022-06-24 00:00:00+09:00,2475.3521493068433,2490.13037109375,2466.115760690027,2490.13037109375,93700,0.0,0.0
2022-06-27 00:00:00+09:00,2526.152134691692,2528.923051110001,2500.290248120808,2513.22119140625,77500,0.0,0.0
2022-06-28 00:00:00+09:00,2504.9084863209914,2528.923095703125,2503.061208676212,2528.923095703125,107100,0.0,0.0
2022-06-29 00:00:00+09:00,2527.999283240644,2552.013890973292,2522.4574506869562,2548.3193359375,175300,0.0,0.0
2022-06-30 00:00:00+09:00,2548.319285707186,2564.0211442998,2535.388343336798,2540.93017578125,118100,0.0,0.0
2022-07-01 00:00:00+09:00,2564.944883143051,2565.86852191984,2501.21380754461,2510.4501953125,152200,0.0,0.0
2022-07-04 00:00:00+09:00,2539.082898299766,2541.853814521992,2525.228317188636,2540.93017578125,130400,0.0,0.0
2022-07-05 00:00:00+09:00,2563.0975860396243,2575.104890046296,2533.5411454078157,2543.701171875,194800,0.0,0.0
2022-07-06 00:00:00+09:00,2521.5339458094236,2521.5339458094236,2494.7484203777485,2504.908447265625,82900,0.0,0.0
2022-07-07 00:00:00+09:00,2504.9085376981366,2513.221287270144,2466.1157063621035,2491.053955078125,188900,0.0,0.0
2022-07-08 00:00:00+09:00,2503.061208676212,2563.0977321315454,2482.7411545836376,2528.923095703125,210700,0.0,0.0
2022-07-11 00:00:00+09:00,2560.3267149579347,2568.6394640324734,2543.701216808857,2559.403076171875,90300,0.0,0.0
2022-07-12 00:00:00+09:00,2552.0139957188007,2565.8685776716716,2531.6939421879238,2554.784912109375,115500,0.0,0.0
2022-07-13 00:00:00+09:00,2544.624705555919,2559.402925261507,2530.7701245819303,2537.235595703125,88700,0.0,0.0
2022-07-14 00:00:00+09:00,2537.2358451046325,2544.6249556837506,2522.457623946397,2528.923095703125,56400,0.0,0.0
2022-07-15 00:00:00+09:00,2534.464778262021,2534.464778262021,2501.213782628846,2506.755615234375,62600,0.0,0.0
2022-07-19 00:00:00+09:00,2514.144964660129,2531.6941029145532,2502.137659538681,2515.068603515625,191000,0.0,0.0
2022-07-20 00:00:00+09:00,2550.1667975979876,2562.1741023313357,2533.541298736429,2557.555908203125,115600,0.0,0.0
2022-07-21 00:00:00+09:00,2535.3886062467495,2558.4795771597433,2532.61768973719,2552.937744140625,74900,0.0,0.0
2022-07-22 00:00:00+09:00,2558.479599307774,2603.7379026890308,2552.9377662406814,2601.890625,211600,0.0,0.0
2022-07-25 00:00:00+09:00,2606.5088083526234,2630.5234182098766,2606.5088083526234,2618.51611328125,143000,0.0,0.0
2022-07-26 00:00:00+09:00,2630.523372100628,2659.1561756593073,2619.4397062069456,2648.072509765625,144000,0.0,0.0
2022-07-27 00:00:00+09:00,2643.454196018598,2655.4615001933857,2611.1268386249394,2621.286865234375,86600,0.0,0.0
2022-07-28 00:00:00+09:00,2621.286964464622,2640.683379635079,2607.4323822000097,2636.065185546875,75600,0.0,0.0
2022-07-29 00:00:00+09:00,2631.4469519889,2634.2178684002606,2606.5087042866535,2612.050537109375,109800,0.0,0.0
2022-08-01 00:00:00+09:00,2623.133978462689,2633.294004435608,2609.279397590527,2624.0576171875,112800,0.0,0.0
2022-08-02 00:00:00+09:00,2604.6614566036797,2608.3560118612736,2572.334098099733,2607.432373046875,107100,0.0,0.0
2022-08-03 00:00:00+09:00,2612.050335929118,2612.050335929118,2563.097483098763,2582.493896484375,85900,0.0,0.0
2022-08-04 00:00:00+09:00,2587.112264921171,2587.112264921171,2556.632184684685,2563.09765625,104600,0.0,0.0
2022-08-05 00:00:00+09:00,2558.47947200196,2604.6614119297933,2554.7849168077337,2591.73046875,95400,0.0,0.0
2022-08-08 00:00:00+09:00,2588.0360423322686,2601.890625,2577.8760150425987,2601.890625,100500,0.0,0.0
2022-08-09 00:00:00+09:00,2612.9742685144092,2616.6688238604884,2542.7777169389074,2552.937744140625,156900,0.0,0.0
2022-08-10 00:00:00+09:00,2455.95556640625,2471.6574259883887,2402.3845160671895,2455.95556640625,530300,0.0,0.0
2022-08-12 00:00:00+09:00,2479.970007503734,2519.686473173254,2479.0463687672336,2512.29736328125,206300,0.0,0.0
2022-08-15 00:00:00+09:00,2512.2975327732643,2516.9157267673327,2491.0538404005492,2501.2138671875,177100,0.0,0.0
2022-08-16 00:00:00+09:00,2493.8247469765597,2501.2138573379716,2456.8791951695,2472.5810546875,267400,0.0,0.0
2022-08-17 00:00:00+09:00,2492.9010088142877,2503.06103515625,2474.428233647083,2503.06103515625,138700,0.0,0.0
2022-08-18 00:00:00+09:00,2500.2902034782096,2502.1374810574325,2482.7410664755917,2497.519287109375,110000,0.0,0.0
2022-08-19 00:00:00+09:00,2504.9084772984393,2504.9084772984393,2480.893868002805,2500.290283203125,98600,0.0,0.0
2022-08-22 00:00:00+09:00,2477.199248483928,2517.83935546875,2470.733776918161,2517.83935546875,85100,0.0,0.0
2022-08-23 00:00:00+09:00,2503.061064940504,2505.831981248556,2485.5119283228396,2498.44287109375,103800,0.0,0.0
2022-08-24 00:00:00+09:00,2501.213946796616,2504.9085021094616,2490.130280858078,2503.98486328125,154000,0.0,0.0
2022-08-25 00:00:00+09:00,2493.8249265404766,2493.8249265404766,2475.3521493068433,2490.13037109375,160400,0.0,0.0
2022-08-26 00:00:00+09:00,2493.824647572648,2512.2974227398527,2491.053731297567,2503.06103515625,75500,0.0,0.0
2022-08-29 00:00:00+09:00,2470.733642578125,2474.428197557681,2453.1845064252334,2470.733642578125,124100,0.0,0.0
2022-08-30 00:00:00+09:00,2490.130131768701,2490.130131768701,2474.42827262921,2481.8173828125,85400,0.0,0.0
2022-08-31 00:00:00+09:00,2453.184699568804,2476.2756700090226,2449.490144298369,2463.3447265625,171600,0.0,0.0
2022-09-01 00:00:00+09:00,2463.3445669215052,2476.275509530017,2451.337263070744,2457.802734375,194700,0.0,0.0
2022-09-02 00:00:00+09:00,2463.3445165629123,2464.268155301781,2439.329909352325,2450.41357421875,194800,0.0,0.0
2022-09-05 00:00:00+09:00,2443.9481826230704,2455.955486619329,2422.7044909373826,2453.1845703125,196700,0.0,0.0
2022-09-06 00:00:00+09:00,2449.490215132389,2450.4138539767077,2427.322882868748,2437.48291015625,213800,0.0,0.0
2022-09-07 00:00:00+09:00,2438.4065599961846,2438.4065599961846,2403.3082837538154,2420.857421875,356300,0.0,0.0
2022-09-08 00:00:00+09:00,2421.7810853794645,2440.2538625372026,2406.079224795387,2424.552001953125,495000,0.0,0.0
2022-09-09 00:00:00+09:00,2439.330127708864,2454.108348853636,2430.093739493382,2446.71923828125,229100,0.0,0.0
2022-09-12 00:00:00+09:00,2448.566551437233,2450.4138291071217,2430.0937747383477,2433.788330078125,144600,0.0,0.0
2022-09-13 00:00:00+09:00,2429.170061490302,2430.093700296952,2413.468201777247,2422.70458984375,238500,0.0,0.0
2022-09-14 00:00:00+09:00,2403.3080852887215,2403.3080852887215,2373.7516445780225,2391.30078125,419200,0.0,0.0
2022-09-15 00:00:00+09:00,2346.966341101605,2381.1409788901765,2346.966341101605,2379.293701171875,374300,0.0,0.0
2022-09-16 00:00:00+09:00,2388.52982421113,2399.6134892886753,2359.897022760803,2367.2861328125,327400,0.0,0.0
2022-09-20 00:00:00+09:00,2407.0025509132583,2408.8498283890167,2389.453414893553,2405.1552734375,186700,0.0,0.0
2022-09-21 00:00:00+09:00,2394.071856936416,2409.7737171092244,2391.3009404353324,2396.8427734375,189200,0.0,0.0
2022-09-22 00:00:00+09:00,2382.0643435880593,2386.682537352286,2375.598872318142,2383.91162109375,138700,0.0,0.0
2022-09-26 00:00:00+09:00,2369.133424488152,2372.8279795360863,2341.424261628641,2342.347900390625,243900,0.0,0.0
2022-09-27 00:00:00+09:00,2338.653569968787,2349.73723617717,2330.3408203125,2330.3408203125,222800,0.0,0.0
2022-09-28 00:00:00+09:00,2324.7989025545858,2335.882568359375,2311.8679591156647,2335.882568359375,195300,0.0,0.0
2022-09-29 00:00:00+09:00,2366.3626886237157,2366.3626886237157,2341.4244401487585,2359.897216796875,150900,0.0,0.0
2022-09-30 00:00:00+09:00,2339.577018719642,2356.2025166813296,2318.3333268797087,2329.4169921875,122800,0.0,0.0
2022-10-03 00:00:00+09:00,2318.33336156331,2324.798833089582,2283.2350875635466,2316.486083984375,217500,0.0,0.0
2022-10-04 00:00:00+09:00,2353.4314676643394,2382.0642680951064,2348.8132740464735,2372.827880859375,222700,0.0,0.0
2022-10-05 00:00:00+09:00,2394.071823120117,2394.9954619407654,2358.973547935486,2364.515380859375,168100,0.0,0.0
2022-10-06 00:00:00+09:00,2367.2861876059656,2391.3007958298263,2366.362548828125,2366.362548828125,183500,0.0,0.0
2022-10-07 00:00:00+09:00,2341.4245246297564,2358.9736630786583,2323.875386180855,2354.35546875,144900,0.0,0.0
2022-10-11 00:00:00+09:00,2327.569680198886,2357.126120582364,2325.7224026749186,2342.347900390625,199500,0.0,0.0
2022-10-12 00:00:00+09:00,2327.569819005783,2346.0425953470985,2317.4097920180593,2335.882568359375,186500,0.0,0.0
2022-10-13 00:00:00+09:00,2324.7989625525693,2337.72990632521,2317.4098518253463,2326.646240234375,128600,0.0,0.0
2022-10-14 00:00:00+09:00,2353.4316059383536,2380.217130495737,2346.966134493468,2366.362548828125,197100,0.0,0.0
2022-10-17 00:00:00+09:00,2353.431705883625,2364.5153716884142,2333.1116519081775,2335.882568359375,129800,0.0,0.0
2022-10-18 00:00:00+09:00,2357.126200798789,2357.126200798789,2335.8825085502103,2345.118896484375,94800,0.0,0.0
2022-10-19 00:00:00+09:00,2342.3480789811642,2364.515410958904,2340.500801316353,2359.897216796875,73500,0.0,0.0
2022-10-20 00:00:00+09:00,2334.959052569635,2354.35546875,2334.0354137039035,2354.35546875,166500,0.0,0.0
2022-10-21 00:00:00+09:00,2340.50052218967,2344.195077078683,2326.645941355872,2327.569580078125,157500,0.0,0.0
2022-10-24 00:00:00+09:00,2322.0279318130288,2331.264319767735,2288.776935176088,2291.5478515625,344800,0.0,0.0
2022-10-25 00:00:00+09:00,2313.715167615973,2322.0279167211797,2301.707863352896,2316.486083984375,169100,0.0,0.0
2022-10-26 00:00:00+09:00,2324.7990117859927,2338.653594692941,2318.3335397627498,2334.035400390625,151900,0.0,0.0
2022-10-27 00:00:00+09:00,2331.2645255871853,2335.882719972263,2299.8608037686577,2312.791748046875,121200,0.0,0.0
2022-10-28 00:00:00+09:00,2300.784219454328,2310.020607328492,2275.8459721940844,2279.54052734375,386800,0.0,0.0
2022-10-31 00:00:00+09:00,2288.776836823165,2324.7987482985905,2286.0059205558246,2322.02783203125,173300,0.0,0.0
2022-11-01 00:00:00+09:00,2323.8752493019547,2330.3407209812526,2312.791583566015,2315.5625,68900,0.0,0.0
2022-11-02 00:00:00+09:00,2318.333251953125,2322.9514456821153,2310.020503240942,2318.333251953125,170100,0.0,0.0
2022-11-04 00:00:00+09:00,2309.096998469845,2324.7988580594397,2309.096998469845,2320.1806640625,117100,0.0,0.0
2022-11-07 00:00:00+09:00,2346.0425252473337,2348.813441615736,2315.5624451949075,2316.486083984375,169400,0.0,0.0
2022-11-08 00:00:00+09:00,2344.195262706892,2347.8898178884633,2328.493403185215,2336.80615234375,134800,0.0,0.0
2022-11-09 00:00:00+09:00,2341.4244155554807,2368.209941413906,2336.8062214419588,2356.20263671875,208600,0.0,0.0
2022-11-10 00:00:00+09:00,2339.5771624839467,2371.9045216181507,2337.7298848191353,2359.897216796875,133800,0.0,0.0
2022-11-11 00:00:00+09:00,2324.7990038945127,2360.8209193303037,2291.5480050307056,2305.402587890625,476000,0.0,0.0
2022-11-14 00:00:00+09:00,2299.860682430698,2299.860682430698,2249.060546875,2249.060546875,347900,0.0,0.0
2022-11-15 00:00:00+09:00,2262.915019026339,2276.76960077548,2248.136798493922,2250.90771484375,184800,0.0,0.0
2022-11-16 00:00:00+09:00,2266.609654360912,2266.609654360912,2246.289600409836,2253.6787109375,170600,0.0,0.0
2022-11-17 00:00:00+09:00,2251.8315863273297,2278.6171138103045,2250.907947448606,2267.533447265625,196800,0.0,0.0
2022-11-18 00:00:00+09:00,2267.5334301502066,2298.937151789761,2267.5334301502066,2292.4716796875,140000,0.0,0.0
2022-11-21 00:00:00+09:00,2291.5479505093613,2312.7916437224667,2291.5479505093613,2306.326171875,140400,0.0,0.0
2022-11-22 00:00:00+09:00,2318.3333419703836,2351.584338110198,2317.4097031887222,2349.737060546875,171200,0.0,0.0
2022-11-24 00:00:00+09:00,2356.2024427609967,2366.362468974392,2346.9660552942737,2363.591552734375,106300,0.0,0.0
2022-11-25 00:00:00+09:00,2354.35538380244,2368.2099662885275,2351.5844673052225,2359.897216796875,130700,0.0,0.0
2022-11-28 00:00:00+09:00,2369.1336906017063,2371.9046071989014,2338.653608032562,2354.35546875,193000,0.0,0.0
2022-11-29 00:00:00+09:00,2341.4244454766667,2358.9735833323107,2335.8826124696216,2351.58447265625,118800,0.0,0.0
2022-11-30 00:00:00+09:00,2349.7370904514573,2366.362588732953,2344.1952576909584,2345.118896484375,231900,0.0,0.0
2022-12-01 00:00:00+09:00,2355.279003176325,2365.4390302488505,2347.889892578125,2347.889892578125,165800,0.0,0.0
2022-12-02 00:00:00+09:00,2341.4243712270927,2349.737120474053,2328.493427954044,2340.500732421875,190800,0.0,0.0
2022-12-05 00:00:00+09:00,2334.958869756794,2345.118896484375,2320.1806490621307,2345.118896484375,240700,0.0,0.0
2022-12-06 00:00:00+09:00,2345.118970846298,2364.515386123089,2344.1953320235934,2356.20263671875,154000,0.0,0.0
2022-12-07 00:00:00+09:00,2357.12607243767,2393.14798341928,2357.12607243767,2380.217041015625,164700,0.0,0.0
2022-12-08 00:00:00+09:00,2375.5987970300944,2384.835184265826,2364.515132347217,2372.827880859375,151400,0.0,0.0
2022-12-09 00:00:00+09:00,2370.9809268459007,2389.4537038372982,2363.5918160493416,2375.59912109375,157200,0.0,0.0
2022-12-12 00:00:00+09:00,2380.2171555695268,2388.529904657663,2365.438934968397,2370.05712890625,125400,0.0,0.0
2022-12-13 00:00:00+09:00,2382.988091920318,2394.9953962594514,2378.369897943728,2382.064453125,146600,0.0,0.0
2022-12-14 00:00:00+09:00,2381.1408193625366,2384.8353745516174,2365.4389598089433,2373.751708984375,122100,0.0,0.0
2022-12-15 00:00:00+09:00,2373.751793919413,2383.9118210529205,2366.3626832768623,2368.2099609375,108400,0.0,0.0
2022-12-16 00:00:00+09:00,2364.515191481047,2378.3697726811315,2355.2788040143246,2363.591552734375,193600,0.0,0.0
2022-12-19 00:00:00+09:00,2363.591543639497,2384.835234731216,2358.049711180788,2380.217041015625,127000,0.0,0.0
2022-12-20 00:00:00+09:00,2387.606240718463,2390.3771570519857,2353.4316059383536,2366.362548828125,231400,0.0,0.0
2022-12-21 00:00:00+09:00,2359.8971270253223,2387.6062909434277,2353.431655444431,2373.751708984375,160700,0.0,0.0
2022-12-22 00:00:00+09:00,2386.6826916710806,2401.46091267214,2382.0644976082494,2397.766357421875,161800,0.0,0.0
2022-12-23 00:00:00+09:00,2394.9955204563353,2407.0028254181293,2391.3009650834756,2400.537353515625,142900,0.0,0.0
2022-12-26 00:00:00+09:00,2412.5444491653616,2437.482695768526,2402.38442277148,2432.864501953125,134600,0.0,0.0
2022-12-27 00:00:00+09:00,2439.330212527047,2442.101129088039,2427.3229074294127,2441.177490234375,125500,0.0,0.0
2022-12-28 00:00:00+09:00,2444.871980066679,2460.573840157776,2438.4065082644624,2458.7265625,172900,0.0,0.0
2022-12-29 00:00:00+09:00,2453.1847456119544,2453.1847456119544,2417.1628310491283,2433.788330078125,108900,0.0,0.0
2022-12-30 00:00:00+09:00,2431.941027651083,2445.7956100342076,2423.628278221209,2430.09375,95300,0.0,0.0
2023-01-04 00:00:00+09:00,2422.70457510708,2422.70457510708,2399.613605081279,2402.384521484375,164000,0.0,0.0
2023-01-05 00:00:00+09:00,2396.8424876722765,2396.8424876722765,2365.43877107079,2372.827880859375,158000,0.0,0.0
2023-01-06 00:00:00+09:00,2346.966303136489,2368.209996553309,2342.348108915441,2355.279052734375,203900,0.0,0.0
2023-01-10 00:00:00+09:00,2366.3626637684974,2368.209941413906,2345.118970846298,2356.20263671875,197400,0.0,0.0
2023-01-11 00:00:00+09:00,2373.751774350132,2380.2172461090627,2352.5080814279327,2356.20263671875,183700,0.0,0.0
2023-01-12 00:00:00+09:00,2355.279052734375,2362.6681634880515,2351.5844973575367,2355.279052734375,151100,0.0,0.0
2023-01-13 00:00:00+09:00,2354.3551948804266,2381.1407188708276,2352.5079173638474,2358.973388671875,122500,0.0,0.0
2023-01-16 00:00:00+09:00,2354.3554138901654,2364.5154411764706,2350.660858513327,2355.279052734375,191200,0.0,0.0
2023-01-17 00:00:00+09:00,2361.7443501054427,2380.217125624453,2350.6606847940366,2374.67529296875,117200,0.0,0.0
2023-01-18 00:00:00+09:00,2373.7517833044876,2388.530004523504,2360.8208397378485,2384.83544921875,128000,0.0,0.0
2023-01-19 00:00:00+09:00,2384.8354739538017,2399.613695326095,2379.293640939192,2388.530029296875,137500,0.0,0.0
2023-01-20 00:00:00+09:00,2388.529776155674,2414.391660816292,2385.758859942036,2405.1552734375,157700,0.0,0.0
2023-01-23 00:00:00+09:00,2419.933673423799,2431.940977910253,2405.155452517394,2422.70458984375,98500,0.0,0.0
2023-01-24 00:00:00+09:00,2429.170185136741,2450.4138787710167,2429.170185136741,2441.177490234375,109700,0.0,0.0
2023-01-25 00:00:00+09:00,2449.490099867335,2453.1846550707546,2436.5591566553658,2447.642822265625,104500,0.0,0.0
2023-01-26 00:00:00+09:00,2449.4900749362246,2466.1155731823983,2431.940937898597,2443.9482421875,130700,0.0,0.0
2023-01-27 00:00:00+09:00,2452.261156478345,2452.261156478345,2436.5592959660544,2441.177490234375,95400,0.0,0.0
2023-01-30 00:00:00+09:00,2442.1010989278466,2455.9556815617034,2436.5592658743035,2445.795654296875,103200,0.0,0.0
2023-01-31 00:00:00+09:00,2447.6429211673035,2469.8102532835355,2443.948365814598,2462.421142578125,139200,0.0,0.0
2023-02-01 00:00:00+09:00,2463.344692149061,2463.344692149061,2424.551862351438,2431.017333984375,182500,0.0,0.0
2023-02-02 00:00:00+09:00,2419.9337747345558,2419.9337747345558,2389.4536928390444,2392.224609375,163800,0.0,0.0
2023-02-03 00:00:00+09:00,2370.9807925925643,2376.5226253761857,2355.2789330389714,2373.751708984375,164300,0.0,0.0
2023-02-06 00:00:00+09:00,2391.3008909103814,2399.613640241472,2372.828114619069,2389.45361328125,156000,0.0,0.0
2023-02-07 00:00:00+09:00,2388.5300649877286,2392.224620386008,2371.9045656954704,2375.59912109375,136600,0.0,0.0
2023-02-08 00:00:00+09:00,2375.5990362411508,2391.300896122994,2372.828119791414,2381.140869140625,140100,0.0,0.0
2023-02-09 00:00:00+09:00,2381.1409186107285,2394.9955011472534,2379.293640939192,2388.530029296875,119800,0.0,0.0
2023-02-10 00:00:00+09:00,2393.148163359044,2414.3918560480665,2392.224524546478,2397.766357421875,172700,0.0,0.0
2023-02-13 00:00:00+09:00,2422.70443472833,2437.4826546885483,2400.537104788002,2408.849853515625,195200,0.0,0.0
2023-02-14 00:00:00+09:00,2419.0100633172806,2465.192004197718,2417.1627856820633,2463.3447265625,194800,0.0,0.0
2023-02-15 00:00:00+09:00,2462.421022961944,2482.741076414743,2446.71916347569,2480.893798828125,177700,0.0,0.0
2023-02-16 00:00:00+09:00,2485.5120581851097,2490.1302522731535,2447.6428666631514,2463.3447265625,147500,0.0,0.0
2023-02-17 00:00:00+09:00,2463.344779167386,2510.4503598713745,2463.344779167386,2507.679443359375,202900,0.0,0.0
2023-02-20 00:00:00+09:00,2518.762846003442,2558.479311855348,2518.762846003442,2540.93017578125,251800,0.0,0.0
2023-02-21 00:00:00+09:00,2562.1740372382756,2590.8068401057544,2547.3958164034475,2575.10498046875,213000,0.0,0.0
2023-02-22 00:00:00+09:00,2567.7159051544477,2578.7995709320926,2555.7086005619985,2562.174072265625,161300,0.0,0.0
2023-02-24 00:00:00+09:00,2567.716064453125,2582.494286406812,2561.250592348387,2567.716064453125,141400,0.0,0.0
2023-02-27 00:00:00+09:00,2568.639572457611,2602.814208984375,2568.639572457611,2602.814208984375,133400,0.0,0.0
2023-02-28 00:00:00+09:00,2605.5849548800734,2605.5849548800734,2568.639404296875,2568.639404296875,105900,0.0,0.0
2023-03-01 00:00:00+09:00,2575.10497037598,2599.1195791384534,2575.10497037598,2591.73046875,159800,0.0,0.0
2023-03-02 00:00:00+09:00,2612.9742360599,2619.4397078352335,2592.6541819088507,2602.814208984375,99200,0.0,0.0
2023-03-03 00:00:00+09:00,2601.8903761942674,2615.744957537155,2599.11945992569,2610.203125,152100,0.0,0.0
2023-03-06 00:00:00+09:00,2624.0577063428873,2628.67590012385,2607.4322087314226,2610.203125,154900,0.0,0.0
2023-03-07 00:00:00+09:00,2614.821477358393,2672.0870837152356,2608.3560056729434,2661.00341796875,269100,0.0,0.0
2023-03-08 00:00:00+09:00,2662.8507698235776,2677.628991230854,2660.079853309713,2672.087158203125,147700,0.0,0.0
2023-03-09 00:00:00+09:00,2677.6290784913363,2710.880077741315,2673.0108841510614,2703.490966796875,195900,0.0,0.0
2023-03-10 00:00:00+09:00,2678.552534844232,2711.803531828505,2675.781618428876,2694.25439453125,222800,0.0,0.0
2023-03-13 00:00:00+09:00,2664.6979083031447,2665.621547092851,2604.6613869722246,2633.294189453125,253200,0.0,0.0
2023-03-14 00:00:00+09:00,2605.585071285537,2614.8214593439757,2556.632214575812,2558.4794921875,242500,0.0,0.0
2023-03-15 00:00:00+09:00,2586.1887891594292,2612.0506770510237,2585.265150306158,2605.585205078125,154300,0.0,0.0
2023-03-16 00:00:00+09:00,2545.5486087522645,2553.8613582002945,2527.075832201087,2549.2431640625,167700,0.0,0.0
2023-03-17 00:00:00+09:00,2574.1813473879633,2574.1813473879633,2521.533935546875,2521.533935546875,204100,0.0,0.0
2023-03-20 00:00:00+09:00,2494.7483507125894,2511.373848792125,2473.5046587220713,2485.511962890625,157700,0.0,0.0
2023-03-22 00:00:00+09:00,2531.6941029145532,2532.617741770049,2500.2903818276886,2515.068603515625,142800,0.0,0.0
2023-03-23 00:00:00+09:00,2493.8246134619358,2520.6101370880083,2480.8936710217627,2515.991943359375,126200,0.0,0.0
2023-03-24 00:00:00+09:00,2474.4281998016763,2519.6864983422815,2452.2608699042366,2515.991943359375,175500,0.0,0.0
2023-03-27 00:00:00+09:00,2525.2284708763686,2527.0757484702794,2502.137500952481,2509.526611328125,117000,0.0,0.0
2023-03-28 00:00:00+09:00,2515.06855405804,2516.915831732706,2495.672138474045,2507.679443359375,135300,0.0,0.0
2023-03-29 00:00:00+09:00,2535.3886472026347,2535.3886472026347,2505.832203956557,2531.694091796875,311700,0.0,0.0
2023-03-30 00:00:00+09:00,2526.8459572988013,2549.147360605736,2506.483806453339,2548.177734375,230600,130.0,0.0
2023-03-31 00:00:00+09:00,2577.2664577775363,2585.0234674322464,2561.7524384681155,2578.236083984375,111400,0.0,0.0
2023-04-03 00:00:00+09:00,2603.4463729462504,2619.9300185105285,2584.0538487529825,2616.051513671875,162500,0.0,0.0
2023-04-04 00:00:00+09:00,2641.2616553368507,2690.7125894125406,2639.322403020157,2687.8037109375,275100,0.0,0.0
2023-04-05 00:00:00+09:00,2663.5630933498755,2692.6518784974896,2629.6261773443257,2631.5654296875,245700,0.0,0.0
2023-04-06 00:00:00+09:00,2602.4767467365873,2637.38329028447,2601.5071205269237,2616.051513671875,123700,0.0,0.0
2023-04-07 00:00:00+09:00,2615.081743780972,2634.474266908751,2611.203239155416,2617.02099609375,88500,0.0,0.0
2023-04-10 00:00:00+09:00,2629.6261340493834,2634.4742648274982,2620.899498648777,2633.504638671875,101500,0.0,0.0
2023-04-11 00:00:00+09:00,2655.8060243668097,2664.532659715222,2637.3831275201615,2645.14013671875,80500,0.0,0.0
2023-04-12 00:00:00+09:00,2654.8365665565993,2673.259464571419,2649.988435500068,2670.3505859375,125900,0.0,0.0
2023-04-13 00:00:00+09:00,2669.3808480217012,2669.3808480217012,2645.140193753433,2648.049072265625,73400,0.0,0.0
2023-04-14 00:00:00+09:00,2670.350556049948,2684.894949056756,2647.079527239055,2677.137939453125,137000,0.0,0.0
2023-04-17 00:00:00+09:00,2685.864599329156,2703.31787109375,2674.229084819427,2703.31787109375,140900,0.0,0.0
2023-04-18 00:00:00+09:00,2705.2569659002897,2705.2569659002897,2690.712573610503,2699.439208984375,89000,0.0,0.0
2023-04-19 00:00:00+09:00,2681.016387164895,2693.621527502379,2667.4416206476044,2674.22900390625,130800,0.0,0.0
2023-04-20 00:00:00+09:00,2676.1682538006758,2699.4392820945945,2665.5023658326295,2690.712646484375,111000,0.0,0.0
2023-04-21 00:00:00+09:00,2690.7127140590123,2716.892621547154,2687.8038354492187,2714.953369140625,108000,0.0,0.0
2023-04-24 00:00:00+09:00,2713.983585472271,2716.8924639132915,2702.348071708188,2711.07470703125,55700,0.0,0.0
2023-04-25 00:00:00+09:00,2716.892559497527,2749.8598496555987,2716.892559497527,2745.01171875,125700,0.0,0.0
2023-04-26 00:00:00+09:00,2745.011727256642,2787.6752793581227,2737.2547177836454,2782.8271484375,205700,0.0,0.0
2023-04-27 00:00:00+09:00,2762.4650011192984,2773.130889154508,2748.8902345290317,2766.343505859375,199200,0.0,0.0
2023-04-28 00:00:00+09:00,2803.189195195421,2810.946204383094,2778.948541483942,2798.341064453125,196100,0.0,0.0
2023-05-01 00:00:00+09:00,2810.946291519155,2816.7640485902534,2787.67526323476,2794.462646484375,112200,0.0,0.0
2023-05-02 00:00:00+09:00,2811.915915240169,2818.7032984838524,2790.5841393314504,2810.9462890625,184400,0.0,0.0
2023-05-08 00:00:00+09:00,2617.0210367694303,2743.0724390591768,2592.7803824829407,2735.3154296875,853000,0.0,0.0
2023-05-09 00:00:00+09:00,2744.0420960985925,2827.429947782154,2732.4065819101884,2815.79443359375,319600,0.0,0.0
2023-05-10 00:00:00+09:00,2841.97437606486,2864.275778538245,2825.490730758445,2863.30615234375,239000,0.0,0.0
2023-05-11 00:00:00+09:00,2831.3084852430557,2860.397271050347,2792.5234375,2792.5234375,319400,0.0,0.0
2023-05-12 00:00:00+09:00,2792.5233734631147,2850.7009437435963,2780.8878594070184,2839.0654296875,311400,0.0,0.0
2023-05-15 00:00:00+09:00,2795.4321957632214,2904.0303247696315,2758.586401993189,2836.156494140625,693600,0.0,0.0
2023-05-16 00:00:00+09:00,2838.0958903217447,2849.731404733723,2818.7033663017805,2835.18701171875,267000,0.0,0.0
2023-05-17 00:00:00+09:00,2835.1870252219187,2845.852913483697,2813.8552486983613,2840.03515625,266800,0.0,0.0
2023-05-18 00:00:00+09:00,2840.035213121776,2857.488485172371,2820.642688621115,2842.944091796875,240600,0.0,0.0
2023-05-19 00:00:00+09:00,2831.308349609375,2837.126106492134,2826.4602188737426,2831.308349609375,126400,0.0,0.0
2023-05-22 00:00:00+09:00,2821.612215227578,2863.306141431972,2821.612215227578,2841.974365234375,143900,0.0,0.0
2023-05-23 00:00:00+09:00,2860.3973773128937,2877.85064944565,2829.3693379657707,2847.792236328125,166400,0.0,0.0
2023-05-24 00:00:00+09:00,2845.8527418162726,2845.8527418162726,2815.794331255351,2831.308349609375,112200,0.0,0.0
2023-05-25 00:00:00+09:00,2815.7944310863145,2842.943964168414,2812.885552541804,2832.278076171875,106600,0.0,0.0
2023-05-26 00:00:00+09:00,2832.278182772058,2833.2478089900555,2800.280517578125,2800.280517578125,131500,0.0,0.0
2023-05-29 00:00:00+09:00,2818.7033257509024,2840.0351018659762,2818.7033257509024,2820.642578125,175500,0.0,0.0
2023-05-30 00:00:00+09:00,3044.6262478298613,3049.474378797743,2918.5748426649307,2967.05615234375,463600,0.0,0.0
2023-05-31 00:00:00+09:00,2937.9674351458157,2942.8155662269146,2885.60761946995,2904.030517578125,385500,0.0,0.0
2023-06-01 00:00:00+09:00,2895.3038950195314,2923.4230554199216,2884.638006591797,2908.878662109375,141500,0.0,0.0
2023-06-02 00:00:00+09:00,2913.7267249949023,2981.600558855016,2907.908967806892,2971.904296875,175800,0.0,0.0
2023-06-05 00:00:00+09:00,3005.8412682333874,3015.5375303889787,2971.904350688817,2991.296875,191100,0.0,0.0
2023-06-06 00:00:00+09:00,2991.2967267158706,3030.08177341559,2981.6004650409404,3025.233642578125,193700,0.0,0.0
2023-06-07 00:00:00+09:00,3025.233806128641,3044.6263305269013,2991.2968884316847,2996.14501953125,196500,0.0,0.0
2023-06-08 00:00:00+09:00,3030.081759677844,3054.3224137552666,3010.6892364159057,3020.385498046875,180500,0.0,0.0
2023-06-09 00:00:00+09:00,3030.08180075941,3049.47432428427,3010.6892772345495,3034.929931640625,144300,0.0,0.0
2023-06-12 00:00:00+09:00,3049.4743516278113,3054.322482552498,3034.929958853752,3044.626220703125,76500,0.0,0.0
2023-06-13 00:00:00+09:00,3044.6262478298613,3068.866902669271,3020.3855929904516,3054.322509765625,161500,0.0,0.0
2023-06-14 00:00:00+09:00,3054.3224137552666,3064.018675386236,2996.1448439694523,3020.385498046875,165600,0.0,0.0
2023-06-15 00:00:00+09:00,3025.233737371236,3073.715047265006,3000.993082424351,3059.170654296875,117200,0.0,0.0
2023-06-16 00:00:00+09:00,3020.3855929904516,3054.322509765625,3005.8412000868057,3054.322509765625,115100,0.0,0.0
2023-06-19 00:00:00+09:00,3054.322399863093,3054.322399863093,3005.841091928758,3015.537353515625,119600,0.0,0.0
2023-06-20 00:00:00+09:00,2996.1449381510415,2996.1449381510415,2957.3598904079863,2967.05615234375,122700,0.0,0.0
2023-06-21 00:00:00+09:00,2981.6006128444083,2991.296875,2967.056219611021,2991.296875,81800,0.0,0.0
2023-06-22 00:00:00+09:00,2991.2966995484576,3044.626138276226,2976.752307168157,3015.537353515625,154700,0.0,0.0
2023-06-23 00:00:00+09:00,3020.3856478604403,3039.778172084263,2981.600599412794,2986.44873046875,104900,0.0,0.0
2023-06-26 00:00:00+09:00,3000.993096466562,3015.5374895027485,2976.75244140625,2976.75244140625,67700,0.0,0.0
2023-06-27 00:00:00+09:00,2976.7524817666126,2991.296875,2967.056219611021,2991.296875,62100,0.0,0.0
2023-06-28 00:00:00+09:00,2996.1448575533354,3030.08177341559,2981.6004650409404,3025.233642578125,94100,0.0,0.0
2023-06-29 00:00:00+09:00,3044.6261104460687,3044.6261104460687,2996.144802954889,3005.841064453125,92700,0.0,0.0
2023-06-30 00:00:00+09:00,3015.5375168044843,3015.5375168044843,2971.9043373008826,2986.44873046875,84000,0.0,0.0
2023-07-03 00:00:00+09:00,3000.9929883908003,3039.77803509052,2996.1448575533354,3025.233642578125,110500,0.0,0.0
2023-07-04 00:00:00+09:00,3010.689195202243,3025.233587449597,3000.992933704007,3005.841064453125,111000,0.0,0.0
2023-07-05 00:00:00+09:00,3034.929931640625,3049.47432428427,3005.841146353335,3034.929931640625,173700,0.0,0.0
2023-07-06 00:00:00+09:00,3000.9931506308153,3010.6894128299455,2981.6006262325545,2996.14501953125,69900,0.0,0.0
2023-07-07 00:00:00+09:00,2986.4486898450245,3005.841213805057,2962.2080348949835,2971.904296875,88800,0.0,0.0
2023-07-10 00:00:00+09:00,3005.8412682333874,3010.689399311183,2981.6006128444083,2991.296875,90100,0.0,0.0
2023-07-11 00:00:00+09:00,3005.841064453125,3025.233587449597,3000.992933704007,3005.841064453125,91900,0.0,0.0
2023-07-12 00:00:00+09:00,3020.3856885475566,3044.626344153877,2986.448770698708,3000.9931640625,105500,0.0,0.0
2023-07-13 00:00:00+09:00,3000.993110073679,3000.993110073679,2967.056192835366,2981.6005859375,89000,0.0,0.0
2023-07-14 00:00:00+09:00,2991.2968615247055,3025.2337789163957,2957.3599441330152,2986.44873046875,90500,0.0,0.0
2023-07-18 00:00:00+09:00,2986.448568755024,3015.537353515625,2981.6004379615906,3015.537353515625,69100,0.0,0.0
2023-07-19 00:00:00+09:00,3030.08177341559,3034.929904253055,3010.6892500657304,3025.233642578125,76700,0.0,0.0
2023-07-20 00:00:00+09:00,3030.081827929065,3054.322482552498,3030.081827929065,3044.626220703125,88100,0.0,0.0
2023-07-21 00:00:00+09:00,3054.322509765625,3064.018771701389,3030.0818549262153,3054.322509765625,104500,0.0,0.0
2023-07-24 00:00:00+09:00,3068.866943359375,3068.866943359375,3049.4744192307217,3068.866943359375,99200,0.0,0.0
2023-07-25 00:00:00+09:00,3073.7151147614486,3093.1076391448014,3064.0188525697718,3083.411376953125,109800,0.0,0.0
2023-07-26 00:00:00+09:00,3088.2594945712353,3088.2594945712353,3059.170708123155,3078.563232421875,69600,0.0,0.0
2023-07-27 00:00:00+09:00,3078.5630432988555,3097.95556640625,3059.170520191461,3097.95556640625,67200,0.0,0.0
2023-07-28 00:00:00+09:00,3068.8667680985504,3112.49994489616,3054.3223758326803,3093.107421875,139700,0.0,0.0
2023-07-31 00:00:00+09:00,3127.0444199461376,3141.58881259705,3107.651896411588,3122.1962890625,108700,0.0,0.0
2023-08-01 00:00:00+09:00,3131.892578125,3146.43697090267,3107.6519234955495,3131.892578125,112500,0.0,0.0
2023-08-02 00:00:00+09:00,3117.348198868576,3165.8295083377607,3107.651936974739,3136.74072265625,124100,0.0,0.0
2023-08-03 00:00:00+09:00,3102.803901336478,3122.196425719831,3083.411376953125,3083.411376953125,94800,0.0,0.0
2023-08-04 00:00:00+09:00,3083.41116036442,3107.65181414087,3078.5630296091304,3093.107421875,79000,0.0,0.0
2023-08-07 00:00:00+09:00,3078.5631233957583,3102.8037779106858,3015.5374216569476,3039.778076171875,194400,0.0,0.0
2023-08-08 00:00:00+09:00,3044.6262070748603,3068.8668615897877,3025.2336834629186,3039.778076171875,197600,0.0,0.0
2023-08-09 00:00:00+09:00,3005.8411168265266,3025.233640160891,2928.271023489068,2937.96728515625,300200,0.0,0.0
2023-08-10 00:00:00+09:00,2913.726698355667,2991.2967934865997,2898.2126793294806,2962.2080078125,260700,0.0,0.0
2023-08-14 00:00:00+09:00,2991.296724325753,3025.233640160891,2933.1191543226587,2937.96728515625,202400,0.0,0.0
2023-08-15 00:00:00+09:00,2937.9673124614515,2971.904228611996,2928.271050704153,2947.66357421875,135900,0.0,0.0
2023-08-16 00:00:00+09:00,2937.9674199091924,2996.1449925806614,2937.9674199091924,2986.44873046875,112200,0.0,0.0
2023-08-17 00:00:00+09:00,2986.44873046875,2986.44873046875,2947.663682021104,2986.44873046875,86500,0.0,0.0
2023-08-18 00:00:00+09:00,2976.752373255337,2986.448635057471,2942.815456947865,2952.51171875,81300,0.0,0.0
2023-08-21 00:00:00+09:00,2971.9043640334244,3010.6894128299455,2971.9043640334244,2996.14501953125,126400,0.0,0.0
2023-08-22 00:00:00+09:00,3010.689263671875,3059.170572265625,2996.1448710937498,3030.081787109375,127600,0.0,0.0
2023-08-23 00:00:00+09:00,3015.5374216569476,3039.778076171875,2986.448636239035,3039.778076171875,87900,0.0,0.0
2023-08-24 00:00:00+09:00,3034.929985894097,3068.866902669271,3020.3855929904516,3054.322509765625,80300,0.0,0.0
2023-08-25 00:00:00+09:00,3049.4744459737944,3097.9557567205957,3020.3856595257134,3078.563232421875,169900,0.0,0.0
2023-08-28 00:00:00+09:00,3102.8038594470045,3160.981431811636,3097.955728416619,3156.13330078125,169300,0.0,0.0
2023-08-29 00:00:00+09:00,3131.892578125,3165.8294946062306,3131.892578125,3131.892578125,133400,0.0,0.0
2023-08-30 00:00:00+09:00,3136.740763221154,3165.829549278846,3127.044501201923,3151.28515625,335100,0.0,0.0
2023-08-31 00:00:00+09:00,3112.5001215077764,3185.2220869635657,3107.6519904773904,3156.13330078125,225500,0.0,0.0
2023-09-01 00:00:00+09:00,3194.9182287345593,3287.03271484375,3190.070097886707,3287.03271484375,353900,0.0,0.0
2023-09-04 00:00:00+09:00,3262.792019675926,3287.032673611111,3248.247627314815,3272.48828125,146800,0.0,0.0
2023-09-05 00:00:00+09:00,3296.7289902430043,3320.9696445830264,3257.943943298969,3291.880859375,170100,0.0,0.0
2023-09-06 00:00:00+09:00,3291.8808319677805,3316.1214861059825,3267.640177829579,3282.1845703125,124100,0.0,0.0
2023-09-07 00:00:00+09:00,3282.1847451030344,3359.754842476223,3277.33661401721,3345.21044921875,217400,0.0,0.0
2023-09-08 00:00:00+09:00,3291.8809271918403,3340.3622368706597,3291.8809271918403,3316.12158203125,111800,0.0,0.0
2023-09-11 00:00:00+09:00,3311.273341432831,3330.665864662306,3277.33642578125,3277.33642578125,78000,0.0,0.0
2023-09-12 00:00:00+09:00,3267.640205034978,3296.7289902430043,3267.640205034978,3291.880859375,54900,0.0,0.0
2023-09-13 00:00:00+09:00,3301.5771211110086,3306.4252519790134,3277.3364667709866,3291.880859375,70300,0.0,0.0
2023-09-14 00:00:00+09:00,3277.3365208638356,3316.1215684480235,3277.3365208638356,3311.2734375,72000,0.0,0.0
2023-09-15 00:00:00+09:00,3335.514052426576,3408.2360157788994,3335.514052426576,3383.995361328125,242400,0.0,0.0
2023-09-19 00:00:00+09:00,3383.995374949705,3388.843505859375,3354.9065894916844,3388.843505859375,82700,0.0,0.0
2023-09-20 00:00:00+09:00,3393.691732717115,3398.5398637638536,3335.51416015625,3335.51416015625,111800,0.0,0.0
2023-09-21 00:00:00+09:00,3471.2617452566965,3505.1986617606026,3393.691650390625,3393.691650390625,313900,0.0,0.0
2023-09-22 00:00:00+09:00,3364.6027694636095,3379.1471618388123,3320.9695923380004,3359.754638671875,167400,0.0,0.0
2023-09-25 00:00:00+09:00,3388.843573483554,3422.780490528454,3374.299180464311,3413.084228515625,138100,0.0,0.0
2023-09-26 00:00:00+09:00,3388.843533024808,3413.0841877674748,3374.2991401792083,3398.539794921875,101900,0.0,0.0
2023-09-27 00:00:00+09:00,3388.843573483554,3413.084228515625,3359.7547874450684,3413.084228515625,131400,0.0,0.0
2023-09-28 00:00:00+09:00,3393.6915708391853,3466.4135330714535,3388.8434400237006,3451.869140625,189200,0.0,0.0
2023-09-29 00:00:00+09:00,3466.413683302859,3466.413683302859,3413.0842420212766,3417.932373046875,189100,0.0,0.0
2023-10-02 00:00:00+09:00,3427.6284592319544,3485.8060285541374,3422.7803284551055,3442.1728515625,185700,0.0,0.0
2023-10-03 00:00:00+09:00,3442.1730688062767,3510.046903965837,3398.539889060845,3432.476806640625,297400,0.0,0.0
2023-10-04 00:00:00+09:00,3393.691650390625,3447.021090611049,3374.2991266741074,3393.691650390625,284000,0.0,0.0
2023-10-05 00:00:00+09:00,3374.2992204075317,3442.1730553007865,3374.2992204075317,3427.628662109375,289900,0.0,0.0
2023-10-06 00:00:00+09:00,3471.261745952298,3510.046793393106,3471.261745952298,3480.9580078125,118400,0.0,0.0
2023-10-10 00:00:00+09:00,3519.7430826822915,3602.1613091362847,3505.198689778646,3577.920654296875,263100,0.0,0.0
2023-10-11 00:00:00+09:00,3568.224488480055,3568.224488480055,3490.6543909044017,3524.59130859375,188000,0.0,0.0
2023-10-12 00:00:00+09:00,3529.439358313107,3534.2874892998007,3490.654310419556,3495.50244140625,123200,0.0,0.0
2023-10-13 00:00:00+09:00,3461.565484092096,3514.894924323207,3437.324829441591,3480.9580078125,133400,0.0,0.0
2023-10-16 00:00:00+09:00,3447.021091301793,3500.350531532904,3447.021091301793,3480.9580078125,85000,0.0,0.0
2023-10-17 00:00:00+09:00,3495.502454932046,3510.046847948407,3471.2617999047784,3500.3505859375,69400,0.0,0.0
2023-10-18 00:00:00+09:00,3519.743137085635,3529.4393991712705,3476.109957700276,3510.046875,110400,0.0,0.0
2023-10-19 00:00:00+09:00,3476.1099443237813,3519.7431235412346,3476.1099443237813,3505.19873046875,57900,0.0,0.0
2023-10-20 00:00:00+09:00,3519.7431505926725,3534.28754377694,3495.50249528556,3514.89501953125,57200,0.0,0.0
2023-10-23 00:00:00+09:00,3514.8949517144097,3534.2874755859375,3485.806165907118,3490.654296875,95800,0.0,0.0
2023-10-24 00:00:00+09:00,3490.654189854452,3553.6798905046016,3485.8060590352097,3539.135498046875,124400,0.0,0.0
2023-10-25 00:00:00+09:00,3543.983642578125,3582.768689282126,3524.591119226124,3543.983642578125,119700,0.0,0.0
2023-10-26 00:00:00+09:00,3573.0725368556537,3616.7057157317745,3558.528143896947,3582.768798828125,164300,0.0,0.0
2023-10-27 00:00:00+09:00,3587.6168896095824,3655.49072265625,3587.6168896095824,3655.49072265625,194600,0.0,0.0
2023-10-30 00:00:00+09:00,3621.5538740273914,3636.098267095774,3573.0725637994474,3592.465087890625,109600,0.0,0.0
2023-10-31 00:00:00+09:00,3611.8575442691067,3665.18698452006,3597.313151473392,3655.49072265625,154100,0.0,0.0
2023-11-01 00:00:00+09:00,3674.8833565660702,3679.731487643334,3607.009521484375,3607.009521484375,227400,0.0,0.0
2023-11-02 00:00:00+09:00,3621.553693834242,3636.0980861789576,3495.5022935133716,3529.439208984375,375700,0.0,0.0
2023-11-06 00:00:00+09:00,3573.0723860185226,3573.0723860185226,3485.8060319502274,3529.439208984375,271000,0.0,0.0
2023-11-07 00:00:00+09:00,3529.439358313107,3573.0725371933513,3485.8061794328623,3495.50244140625,196800,0.0,0.0
2023-11-08 00:00:00+09:00,3490.6542829440086,3514.8949376866753,3359.754747333608,3398.539794921875,397100,0.0,0.0
2023-11-09 00:00:00+09:00,3398.5396745708626,3451.8691131161972,3369.450889909771,3442.1728515625,111000,0.0,0.0
2023-11-10 00:00:00+09:00,3466.413549170122,3568.224296768126,3451.8691566561215,3543.983642578125,187200,0.0,0.0
2023-11-13 00:00:00+09:00,3534.2874480436108,3534.2874480436108,3447.021091301793,3480.9580078125,227100,0.0,0.0
2023-11-14 00:00:00+09:00,3534.28737851179,3534.28737851179,3383.9953226354314,3456.71728515625,357400,0.0,0.0
2023-11-15 00:00:00+09:00,3456.717326073673,3500.3505041026533,3408.236017152584,3471.26171875,205500,0.0,0.0
2023-11-16 00:00:00+09:00,3427.6285116261447,3466.4135584337955,3369.4509414146687,3374.299072265625,188600,0.0,0.0
2023-11-17 00:00:00+09:00,3374.2991536458335,3413.084201388889,3364.6028917100693,3403.387939453125,164000,0.0,0.0
2023-11-20 00:00:00+09:00,3393.691540315661,3442.1728480344564,3354.906494140625,3354.906494140625,182900,0.0,0.0
2023-11-21 00:00:00+09:00,3340.3622776792213,3364.6029328147742,3301.577229462336,3330.666015625,194800,0.0,0.0
2023-11-22 00:00:00+09:00,3335.5141331086006,3369.451050160578,3311.273478071474,3325.81787109375,204600,0.0,0.0
2023-11-24 00:00:00+09:00,3345.210232596866,3354.906494140625,3301.57705564995,3354.906494140625,190300,0.0,0.0
2023-11-27 00:00:00+09:00,3374.299017228143,3393.691540315661,3340.3621018249864,3354.906494140625,106400,0.0,0.0
2023-11-28 00:00:00+09:00,3354.906670760553,3374.2991948689955,3316.1216225436683,3330.666015625,112400,0.0,0.0
2023-11-29 00:00:00+09:00,3330.666015625,3345.2104087063317,3320.9697535707787,3330.666015625,93200,0.0,0.0
2023-11-30 00:00:00+09:00,3316.12152745864,3320.969658346737,3243.3995641371785,3296.72900390625,294900,0.0,0.0
2023-12-01 00:00:00+09:00,3320.9695787374685,3369.4508864562636,3311.2733171937093,3354.906494140625,137700,0.0,0.0
2023-12-04 00:00:00+09:00,3383.995497905344,3383.995497905344,3330.6660559612774,3345.21044921875,131500,0.0,0.0
2023-12-05 00:00:00+09:00,3335.514105902778,3364.6028917100693,3316.12158203125,3316.12158203125,114000,0.0,0.0
2023-12-06 00:00:00+09:00,3311.273464240865,3413.0842149715504,3306.4253332536896,3408.236083984375,141300,0.0,0.0
2023-12-07 00:00:00+09:00,3408.2360431780135,3408.2360431780135,3374.2991266741074,3393.691650390625,99000,0.0,0.0
2023-12-08 00:00:00+09:00,3403.3880222486414,3417.932415506114,3320.9697937896285,3345.21044921875,188100,0.0,0.0
2023-12-11 00:00:00+09:00,3398.539715139595,3461.5654159909714,3388.8434534701523,3456.71728515625,190000,0.0,0.0
2023-12-12 00:00:00+09:00,3471.261855303231,3476.109986386057,3427.6286755577994,3432.476806640625,132300,0.0,0.0
2023-12-13 00:00:00+09:00,3442.173053609914,3524.591281654095,3413.084267241379,3514.89501953125,168000,0.0,0.0
2023-12-14 00:00:00+09:00,3500.3504765187326,3510.0467382265406,3442.172906271884,3461.5654296875,92500,0.0,0.0
2023-12-15 00:00:00+09:00,3480.957994192381,3519.743041481433,3461.5654705478555,3476.10986328125,134000,0.0,0.0
2023-12-18 00:00:00+09:00,3442.1730281748673,3456.7174212516625,3388.8435868932847,3417.932373046875,96000,0.0,0.0
2023-12-19 00:00:00+09:00,3456.7174212516625,3456.7174212516625,3408.2361109956782,3417.932373046875,113300,0.0,0.0
2023-12-20 00:00:00+09:00,3393.691636769045,3417.932291317395,3383.995374949705,3388.843505859375,84900,0.0,0.0
2023-12-21 00:00:00+09:00,3374.29920853016,3403.3879948105923,3335.51416015625,3335.51416015625,134400,0.0,0.0
2023-12-22 00:00:00+09:00,3335.5139847132036,3379.1471618388123,3335.5139847132036,3359.754638671875,60500,0.0,0.0
2023-12-25 00:00:00+09:00,3359.7547331779233,3359.7547331779233,3306.42529296875,3306.42529296875,62100,0.0,0.0
2023-12-26 00:00:00+09:00,3306.4252134647427,3374.299044826189,3306.4252134647427,3364.602783203125,95700,0.0,0.0
2023-12-27 00:00:00+09:00,3398.5396745708626,3447.0209823393484,3388.8434130171654,3442.1728515625,139200,0.0,0.0
2023-12-28 00:00:00+09:00,3437.324720785651,3476.10976700044,3427.6284592319544,3442.1728515625,134100,0.0,0.0
2023-12-29 00:00:00+09:00,3442.173000552618,3529.439358313107,3437.324869565924,3495.50244140625,129100,0.0,0.0
2024-01-04 00:00:00+09:00,3587.6168477681617,3597.3131095188864,3524.591146388451,3553.679931640625,213600,0.0,0.0
2024-01-05 00:00:00+09:00,3587.6168339630294,3587.6168339630294,3543.9836562526684,3548.831787109375,80500,0.0,0.0
2024-01-09 00:00:00+09:00,3553.68003970827,3597.3132189134194,3548.831908685476,3592.465087890625,86600,0.0,0.0
2024-01-10 00:00:00+09:00,3592.464926110693,3636.098103350904,3568.2242720883537,3621.5537109375,119100,0.0,0.0
2024-01-11 00:00:00+09:00,3645.794501649188,3645.794501649188,3582.768798828125,3582.768798828125,123800,0.0,0.0
2024-01-12 00:00:00+09:00,3602.161174048048,3616.70556640625,3573.072389331644,3616.70556640625,95500,0.0,0.0
2024-01-15 00:00:00+09:00,3597.313070531835,3626.40185546875,3597.313070531835,3626.40185546875,6300,0.0,0.0
2024-01-16 00:00:00+09:00,3597.313178168403,3607.0094401041665,3577.920654296875,3577.920654296875,67900,0.0,0.0
2024-01-17 00:00:00+09:00,3602.161376953125,3660.3389496630007,3597.3132458939685,3602.161376953125,116200,0.0,0.0
2024-01-18 00:00:00+09:00,3602.161174048048,3640.946220336587,3602.161174048048,3616.70556640625,73700,0.0,0.0
2024-01-19 00:00:00+09:00,3645.7944743377484,3674.8832600372516,3616.705688638245,3660.3388671875,118600,0.0,0.0
2024-01-22 00:00:00+09:00,3665.187038773912,3679.7314317849196,3645.794514759235,3674.88330078125,100200,0.0,0.0
2024-01-23 00:00:00+09:00,3670.035060546875,3684.579453125,3636.09814453125,3636.09814453125,73300,0.0,0.0
2024-01-24 00:00:00+09:00,3611.8576119818026,3616.705743004597,3582.768825845036,3592.465087890625,123800,0.0,0.0
2024-01-25 00:00:00+09:00,3602.161376953125,3616.705770130594,3592.4651148348125,3602.161376953125,81100,0.0,0.0
2024-01-26 00:00:00+09:00,3602.1613227730677,3611.8575847455386,3563.3762748831828,3582.768798828125,103300,0.0,0.0
2024-01-29 00:00:00+09:00,3597.313272729656,3645.794583682886,3597.313272729656,3611.857666015625,82000,0.0,0.0
2024-01-30 00:00:00+09:00,3631.249961972861,3713.668185408827,3631.249961972861,3703.971923828125,190800,0.0,0.0
2024-01-31 00:00:00+09:00,3679.731337687439,3733.0607773640686,3660.3388141686646,3728.212646484375,109500,0.0,0.0
2024-02-01 00:00:00+09:00,3703.971923828125,3723.364446989529,3665.1868775053176,3703.971923828125,105300,0.0,0.0
2024-02-02 00:00:00+09:00,3674.883287235799,3694.275811178996,3631.250108363606,3670.03515625,138300,0.0,0.0
2024-02-05 00:00:00+09:00,3718.5164254144065,3757.301472876356,3699.1239016834315,3742.757080078125,118800,0.0,0.0
2024-02-06 00:00:00+09:00,3723.3644501278773,3820.327066016624,3718.51631933344,3791.23828125,122300,0.0,0.0
2024-02-07 00:00:00+09:00,3796.086493942338,3839.719672033629,3776.6939703462085,3820.3271484375,133200,0.0,0.0
2024-02-08 00:00:00+09:00,3849.4159745664215,3849.4159745664215,3742.7570936590396,3747.605224609375,162800,0.0,0.0
2024-02-09 00:00:00+09:00,3747.6051973770873,3791.238375613043,3708.8201500562377,3737.908935546875,153800,0.0,0.0
2024-02-13 00:00:00+09:00,3713.668212890625,3728.2126053693087,3660.3387738021174,3713.668212890625,170800,0.0,0.0
2024-02-14 00:00:00+09:00,3849.4158924661624,3859.112154160032,3713.6682287519907,3805.78271484375,370200,0.0,0.0
2024-02-15 00:00:00+09:00,3805.7826985889565,3849.415876025008,3713.668212890625,3713.668212890625,130800,0.0,0.0
2024-02-16 00:00:00+09:00,3708.8202178069346,3728.2127418216114,3655.490776766573,3674.88330078125,190400,0.0,0.0
2024-02-19 00:00:00+09:00,3679.7313913046773,3771.845879361053,3679.7313913046773,3747.605224609375,83600,0.0,0.0
2024-02-20 00:00:00+09:00,3762.14956264223,3786.390217040698,3718.516384724988,3728.212646484375,86600,0.0,0.0
2024-02-21 00:00:00+09:00,3752.4534381159656,3757.3015691729634,3665.187079090013,3689.427734375,130300,0.0,0.0
2024-02-22 00:00:00+09:00,3684.5795082476793,3684.5795082476793,3626.401937064821,3655.49072265625,208000,0.0,0.0
2024-02-26 00:00:00+09:00,3684.5796167568897,3699.12400998093,3650.642699234129,3694.27587890625,148100,0.0,0.0
2024-02-27 00:00:00+09:00,3699.12400998093,3737.909058578371,3689.42774783157,3694.27587890625,134400,0.0,0.0
2024-02-28 00:00:00+09:00,3708.820095733682,3776.693927551031,3699.1238340454897,3718.516357421875,155300,0.0,0.0
2024-02-29 00:00:00+09:00,3766.997748720962,3883.352891538598,3752.4533558687576,3834.87158203125,334800,0.0,0.0
2024-03-01 00:00:00+09:00,3776.6939025333254,3820.327079841156,3776.6939025333254,3796.08642578125,162000,0.0,0.0
2024-03-04 00:00:00+09:00,3762.1496038090995,3766.997734741843,3708.820163548919,3742.757080078125,212900,0.0,0.0
2024-03-05 00:00:00+09:00,3762.1496851903917,3800.9347334913236,3733.060898964693,3771.845947265625,123800,0.0,0.0
2024-03-06 00:00:00+09:00,3810.6308730245396,3844.567789196514,3786.390218615986,3815.47900390625,166000,0.0,0.0
2024-03-07 00:00:00+09:00,3805.782769303509,3849.415947550301,3771.8458528893375,3825.17529296875,136300,0.0,0.0
2024-03-08 00:00:00+09:00,3805.782705911776,3994.8598084984756,3805.782705911776,3975.46728515625,285400,0.0,0.0
2024-03-11 00:00:00+09:00,3975.4673936631943,3975.4673936631943,3888.2010362413193,3926.986083984375,217500,0.0,0.0
2024-03-12 00:00:00+09:00,3888.2009550635494,3936.682263730177,3863.9603007302353,3897.897216796875,108500,0.0,0.0
2024-03-13 00:00:00+09:00,3878.50480163728,3922.137980655699,3820.32722961272,3849.416015625,114100,0.0,0.0
2024-03-14 00:00:00+09:00,3893.0491940352717,3946.3786350494534,3878.504801031404,3936.682373046875,101000,0.0,0.0
2024-03-15 00:00:00+09:00,3926.9861647661996,3965.7712133071004,3873.656723022461,3956.074951171875,687700,0.0,0.0
2024-03-18 00:00:00+09:00,3994.85990371987,4009.404296573219,3922.137939453125,3922.137939453125,133300,0.0,0.0
2024-03-19 00:00:00+09:00,4125.759304820303,4208.17752830085,4082.126127683543,4135.45556640625,423400,0.0,0.0
2024-03-21 00:00:00+09:00,4145.1519641014265,4183.93701171875,4111.215047436269,4183.93701171875,200500,0.0,0.0
2024-03-22 00:00:00+09:00,4222.721976530594,4232.418238244785,4140.303751959962,4154.84814453125,189700,0.0,0.0
2024-03-25 00:00:00+09:00,4169.392495791862,4179.0887574099825,4140.3037109375,4140.3037109375,121100,0.0,0.0
2024-03-26 00:00:00+09:00,4130.607408104436,4145.151800386494,4096.6704927796345,4125.75927734375,138000,0.0,0.0
2024-03-27 00:00:00+09:00,4159.696261682243,4188.785046728972,4106.366822429906,4150.0,221800,0.0,0.0
2024-03-28 00:00:00+09:00,4115.0,4165.0,4070.0,4115.0,203100,130.0,0.0
2024-03-29 00:00:00+09:00,4120.0,4195.0,4120.0,4180.0,66100,0.0,0.0
2024-04-01 00:00:00+09:00,4200.0,4205.0,4105.0,4125.0,91900,0.0,0.0
2024-04-02 00:00:00+09:00,4125.0,4125.0,4070.0,4075.0,104100,0.0,0.0
2024-04-03 00:00:00+09:00,4075.0,4175.0,4070.0,4150.0,249600,0.0,0.0
2024-04-04 00:00:00+09:00,4185.0,4250.0,4150.0,4205.0,155600,0.0,0.0
2024-04-05 00:00:00+09:00,4150.0,4165.0,4080.0,4165.0,100200,0.0,0.0
2024-04-08 00:00:00+09:00,4190.0,4195.0,4145.0,4170.0,64700,0.0,0.0
2024-04-09 00:00:00+09:00,4175.0,4195.0,4155.0,4185.0,58700,0.0,0.0
2024-04-10 00:00:00+09:00,4185.0,4250.0,4185.0,4230.0,86500,0.0,0.0
2024-04-11 00:00:00+09:00,4230.0,4240.0,4170.0,4240.0,73400,0.0,0.0
2024-04-12 00:00:00+09:00,4245.0,4265.0,4210.0,4230.0,63200,0.0,0.0
2024-04-15 00:00:00+09:00,4230.0,4260.0,4175.0,4250.0,118100,0.0,0.0
2024-04-16 00:00:00+09:00,4145.0,4205.0,4065.0,4120.0,120900,0.0,0.0
2024-04-17 00:00:00+09:00,4115.0,4115.0,4030.0,4070.0,87800,0.0,0.0
2024-04-18 00:00:00+09:00,4040.0,4095.0,4040.0,4065.0,78300,0.0,0.0
2024-04-19 00:00:00+09:00,4060.0,4075.0,3950.0,4015.0,102300,0.0,0.0
2024-04-22 00:00:00+09:00,4035.0,4080.0,4030.0,4065.0,72900,0.0,0.0
2024-04-23 00:00:00+09:00,4080.0,4100.0,4060.0,4090.0,66200,0.0,0.0
2024-04-24 00:00:00+09:00,4095.0,4175.0,4095.0,4130.0,127900,0.0,0.0
2024-04-25 00:00:00+09:00,4085.0,4130.0,4065.0,4070.0,67000,0.0,0.0
2024-04-26 00:00:00+09:00,4070.0,4140.0,4070.0,4130.0,87100,0.0,0.0
2024-04-30 00:00:00+09:00,4165.0,4200.0,4130.0,4155.0,69000,0.0,0.0
2024-05-01 00:00:00+09:00,4135.0,4160.0,4120.0,4140.0,59100,0.0,0.0
2024-05-02 00:00:00+09:00,4070.0,4165.0,4070.0,4140.0,65900,0.0,0.0
2024-05-07 00:00:00+09:00,4140.0,4140.0,4085.0,4115.0,122600,0.0,0.0
2024-05-08 00:00:00+09:00,4140.0,4155.0,4085.0,4140.0,78200,0.0,0.0
2024-05-09 00:00:00+09:00,4110.0,4185.0,4105.0,4170.0,100200,0.0,0.0
2024-05-10 00:00:00+09:00,4200.0,4245.0,4180.0,4215.0,63300,0.0,0.0
2024-05-13 00:00:00+09:00,4160.0,4190.0,4070.0,4090.0,144200,0.0,0.0
2024-05-14 00:00:00+09:00,4090.0,4090.0,3980.0,4030.0,255300,0.0,0.0
2024-05-15 00:00:00+09:00,3540.0,3800.0,3540.0,3570.0,685700,0.0,0.0
2024-05-16 00:00:00+09:00,3570.0,3620.0,3545.0,3610.0,411100,0.0,0.0
2024-05-17 00:00:00+09:00,3575.0,3660.0,3575.0,3645.0,317300,0.0,0.0
2024-05-20 00:00:00+09:00,3630.0,3700.0,3620.0,3650.0,116600,0.0,0.0
2024-05-21 00:00:00+09:00,3720.0,3760.0,3660.0,3680.0,201100,0.0,0.0
2024-05-22 00:00:00+09:00,3640.0,3675.0,3565.0,3575.0,237200,0.0,0.0
2024-05-23 00:00:00+09:00,3590.0,3600.0,3525.0,3600.0,203800,0.0,0.0
2024-05-24 00:00:00+09:00,3585.0,3590.0,3545.0,3545.0,162500,0.0,0.0
2024-05-27 00:00:00+09:00,3555.0,3610.0,3545.0,3610.0,120300,0.0,0.0
2024-05-28 00:00:00+09:00,3610.0,3625.0,3565.0,3585.0,105800,0.0,0.0
2024-05-29 00:00:00+09:00,3595.0,3620.0,3590.0,3610.0,121900,0.0,0.0
2024-05-30 00:00:00+09:00,3590.0,3605.0,3550.0,3585.0,154700,0.0,0.0
2024-05-31 00:00:00+09:00,3580.0,3635.0,3575.0,3620.0,233600,0.0,0.0
2024-06-03 00:00:00+09:00,3645.0,3680.0,3615.0,3640.0,110300,0.0,0.0
2024-06-04 00:00:00+09:00,3640.0,3695.0,3605.0,3690.0,232500,0.0,0.0
2024-06-05 00:00:00+09:00,3690.0,3690.0,3625.0,3630.0,204600,0.0,0.0
2024-06-06 00:00:00+09:00,3630.0,3640.0,3560.0,3565.0,176000,0.0,0.0
2024-06-07 00:00:00+09:00,3575.0,3585.0,3555.0,3580.0,111900,0.0,0.0
2024-06-10 00:00:00+09:00,3600.0,3655.0,3570.0,3645.0,184400,0.0,0.0
2024-06-11 00:00:00+09:00,3660.0,3665.0,3625.0,3645.0,184700,0.0,0.0
2024-06-12 00:00:00+09:00,3605.0,3645.0,3600.0,3625.0,166800,0.0,0.0
2024-06-13 00:00:00+09:00,3610.0,3625.0,3530.0,3545.0,186500,0.0,0.0
2024-06-14 00:00:00+09:00,3550.0,3585.0,3525.0,3580.0,148700,0.0,0.0
2024-06-17 00:00:00+09:00,3525.0,3545.0,3455.0,3515.0,194500,0.0,0.0
2024-06-18 00:00:00+09:00,3515.0,3530.0,3485.0,3495.0,128700,0.0,0.0
2024-06-19 00:00:00+09:00,3540.0,3585.0,3530.0,3575.0,112300,0.0,0.0
2024-06-20 00:00:00+09:00,3610.0,3650.0,3580.0,3640.0,143400,0.0,0.0
2024-06-21 00:00:00+09:00,3610.0,3645.0,3600.0,3600.0,110900,0.0,0.0
2024-06-24 00:00:00+09:00,3640.0,3710.0,3625.0,3695.0,196300,0.0,0.0
2024-06-25 00:00:00+09:00,3655.0,3710.0,3640.0,3655.0,158200,0.0,0.0
2024-06-26 00:00:00+09:00,3675.0,3700.0,3650.0,3675.0,109800,0.0,0.0
2024-06-27 00:00:00+09:00,3640.0,3680.0,3635.0,3675.0,106100,0.0,0.0
2024-06-28 00:00:00+09:00,3695.0,3710.0,3645.0,3675.0,87200,0.0,0.0
2024-07-01 00:00:00+09:00,3680.0,3690.0,3635.0,3645.0,116200,0.0,0.0
2024-07-02 00:00:00+09:00,3640.0,3650.0,3610.0,3630.0,90400,0.0,0.0
2024-07-03 00:00:00+09:00,3650.0,3685.0,3635.0,3685.0,100300,0.0,0.0
2024-07-04 00:00:00+09:00,3670.0,3720.0,3665.0,3700.0,182500,0.0,0.0
2024-07-05 00:00:00+09:00,3630.0,3645.0,3590.0,3610.0,184400,0.0,0.0
2024-07-08 00:00:00+09:00,3575.0,3600.0,3565.0,3565.0,116700,0.0,0.0
2024-07-09 00:00:00+09:00,3575.0,3600.0,3550.0,3580.0,94100,0.0,0.0
2024-07-10 00:00:00+09:00,3580.0,3585.0,3535.0,3550.0,109800,0.0,0.0
2024-07-11 00:00:00+09:00,3580.0,3620.0,3560.0,3605.0,126300,0.0,0.0
2024-07-12 00:00:00+09:00,3605.0,3655.0,3600.0,3640.0,135700,0.0,0.0
2024-07-16 00:00:00+09:00,3630.0,3645.0,3605.0,3630.0,53600,0.0,0.0
2024-07-17 00:00:00+09:00,3655.0,3675.0,3630.0,3660.0,83800,0.0,0.0
2024-07-18 00:00:00+09:00,3650.0,3675.0,3625.0,3635.0,107700,0.0,0.0
2024-07-19 00:00:00+09:00,3615.0,3620.0,3575.0,3595.0,116400,0.0,0.0
2024-07-22 00:00:00+09:00,3630.0,3640.0,3580.0,3605.0,77600,0.0,0.0
2024-07-23 00:00:00+09:00,3630.0,3670.0,3625.0,3630.0,152700,0.0,0.0
2024-07-24 00:00:00+09:00,3600.0,3600.0,3565.0,3580.0,132600,0.0,0.0
2024-07-25 00:00:00+09:00,3580.0,3600.0,3535.0,3555.0,151400,0.0,0.0
2024-07-26 00:00:00+09:00,3600.0,3600.0,3535.0,3540.0,79800,0.0,0.0
2024-07-29 00:00:00+09:00,3575.0,3610.0,3575.0,3590.0,65500,0.0,0.0
2024-07-30 00:00:00+09:00,3580.0,3595.0,3540.0,3580.0,82300,0.0,0.0
2024-07-31 00:00:00+09:00,3595.0,3640.0,3550.0,3630.0,113400,0.0,0.0
2024-08-01 00:00:00+09:00,3620.0,3620.0,3495.0,3505.0,220800,0.0,0.0
2024-08-02 00:00:00+09:00,3405.0,3450.0,3375.0,3410.0,145800,0.0,0.0
2024-08-05 00:00:00+09:00,3480.0,3490.0,3000.0,3065.0,331900,0.0,0.0
2024-08-06 00:00:00+09:00,3275.0,3430.0,3270.0,3330.0,165400,0.0,0.0
2024-08-07 00:00:00+09:00,3265.0,3410.0,3245.0,3335.0,135500,0.0,0.0
2024-08-08 00:00:00+09:00,3330.0,3370.0,3300.0,3325.0,83600,0.0,0.0
2024-08-09 00:00:00+09:00,3425.0,3425.0,3320.0,3345.0,157100,0.0,0.0
2024-08-13 00:00:00+09:00,3275.0,3360.0,3275.0,3310.0,178300,0.0,0.0
2024-08-14 00:00:00+09:00,3300.0,3325.0,3255.0,3325.0,110000,0.0,0.0
2024-08-15 00:00:00+09:00,3325.0,3335.0,3280.0,3310.0,112800,0.0,0.0
2024-08-16 00:00:00+09:00,3350.0,3390.0,3345.0,3380.0,120400,0.0,0.0
2024-08-19 00:00:00+09:00,3365.0,3395.0,3360.0,3365.0,65400,0.0,0.0
2024-08-20 00:00:00+09:00,3370.0,3400.0,3355.0,3380.0,74000,0.0,0.0
2024-08-21 00:00:00+09:00,3345.0,3375.0,3320.0,3350.0,56300,0.0,0.0
2024-08-22 00:00:00+09:00,3375.0,3385.0,3345.0,3370.0,71100,0.0,0.0
2024-08-23 00:00:00+09:00,3370.0,3435.0,3370.0,3400.0,59100,0.0,0.0
2024-08-26 00:00:00+09:00,3410.0,3430.0,3395.0,3410.0,64200,0.0,0.0
2024-08-27 00:00:00+09:00,3445.0,3530.0,3420.0,3510.0,125000,0.0,0.0
2024-08-28 00:00:00+09:00,3530.0,3600.0,3520.0,3580.0,144900,0.0,0.0
2024-08-29 00:00:00+09:00,3560.0,3590.0,3525.0,3535.0,100200,0.0,0.0
2024-08-30 00:00:00+09:00,3565.0,3610.0,3560.0,3580.0,120700,0.0,0.0
2024-09-02 00:00:00+09:00,3600.0,3600.0,3515.0,3540.0,101700,0.0,0.0
2024-09-03 00:00:00+09:00,3535.0,3585.0,3530.0,3575.0,67000,0.0,0.0
2024-09-04 00:00:00+09:00,3530.0,3555.0,3485.0,3510.0,81000,0.0,0.0
2024-09-05 00:00:00+09:00,3490.0,3525.0,3470.0,3505.0,65700,0.0,0.0
2024-09-06 00:00:00+09:00,3525.0,3525.0,3465.0,3475.0,49100,0.0,0.0
2024-09-09 00:00:00+09:00,3410.0,3475.0,3410.0,3460.0,73500,0.0,0.0
2024-09-10 00:00:00+09:00,3455.0,3485.0,3425.0,3460.0,85400,0.0,0.0
2024-09-11 00:00:00+09:00,3440.0,3445.0,3350.0,3375.0,99100,0.0,0.0
2024-09-12 00:00:00+09:00,3440.0,3475.0,3415.0,3440.0,75400,0.0,0.0
2024-09-13 00:00:00+09:00,3440.0,3475.0,3400.0,3405.0,112700,0.0,0.0
2024-09-17 00:00:00+09:00,3435.0,3445.0,3405.0,3435.0,77000,0.0,0.0
2024-09-18 00:00:00+09:00,3505.0,3510.0,3460.0,3490.0,71500,0.0,0.0
2024-09-19 00:00:00+09:00,3510.0,3565.0,3490.0,3525.0,102100,0.0,0.0
2024-09-20 00:00:00+09:00,3550.0,3565.0,3530.0,3540.0,128200,0.0,0.0
2024-09-24 00:00:00+09:00,3565.0,3565.0,3525.0,3550.0,82400,0.0,0.0
2024-09-25 00:00:00+09:00,3565.0,3585.0,3530.0,3585.0,89400,0.0,0.0
2024-09-26 00:00:00+09:00,3610.0,3685.0,3600.0,3665.0,178200,0.0,0.0
2024-09-27 00:00:00+09:00,3680.0,3730.0,3650.0,3670.0,161800,0.0,0.0
