Date,Open,High,Low,Close,Volume,Dividends,Stock Splits
2007-12-31 00:00:00+08:00,22.547047036670428,23.405982859353966,22.3752606430294,23.191247940063477,197630,0.0,0.0
2008-01-02 00:00:00+08:00,23.62071359298976,23.749555303140962,23.19124572271012,23.320087432861328,451727,0.0,0.0
2008-01-03 00:00:00+08:00,22.332312062712827,23.105352692732282,22.332312062712827,22.976512908935547,104697,0.0,0.0
2008-01-04 00:00:00+08:00,22.847670606283124,23.01945696574008,22.675884246826172,22.675884246826172,155281,0.0,0.0
2008-01-07 00:00:00+08:00,22.289367240828877,22.289367240828877,21.473378024074332,22.203474044799805,338795,0.0,0.0
2008-01-08 00:00:00+08:00,21.98873813602132,22.203473043650842,21.81695175170898,21.816951751708984,157634,0.0,0.0
2008-01-09 00:00:00+08:00,21.51632426146991,22.461153256432492,21.04390976398862,21.55927085876465,470549,0.0,0.0
2008-01-10 00:00:00+08:00,21.859899407788255,21.945792604109442,21.645164489746094,21.645164489746094,101168,0.0,0.0
2008-01-11 00:00:00+08:00,21.47336912785154,21.602208868518005,21.21568964651861,21.387475967407227,215276,0.0,0.0
2008-01-14 00:00:00+08:00,21.344535184067265,21.45190166378191,19.905818574174255,19.927291870117188,832872,0.0,0.0
2008-01-15 00:00:00+08:00,19.927294255270144,19.927294255270144,19.003938564727356,19.454879760742188,676414,0.0,0.0
2008-01-16 00:00:00+08:00,19.197195890990372,19.197195890990372,18.33826028782579,18.35973358154297,764642,0.0,0.0
2008-01-17 00:00:00+08:00,17.608169824827364,18.467103669076128,17.608169824827364,18.03763771057129,267036,0.0,0.0
2008-01-18 00:00:00+08:00,18.037636978280755,18.25236994881546,17.82290208050704,18.080583572387695,211747,0.0,0.0
2008-01-21 00:00:00+08:00,18.252368982679158,18.252368982679158,17.801427841186523,17.801427841186523,156457,0.0,0.0
2008-01-22 00:00:00+08:00,17.41490883509804,17.41490883509804,16.555974960327152,16.55597496032715,454080,0.0,0.0
2008-01-23 00:00:00+08:00,16.555971024637977,16.641864198972602,15.675562133230637,15.71850872039795,583481,0.0,0.0
2008-01-24 00:00:00+08:00,16.319765608871645,16.319765608871645,15.460830830409849,15.675564765930176,635241,0.0,0.0
2008-01-25 00:00:00+08:00,15.890298755258206,16.770706833891317,15.890298755258206,16.620393753051758,1235191,0.0,0.0
2008-01-28 00:00:00+08:00,16.513025376220792,16.513025376220792,15.568196550349843,15.890296936035156,494076,0.0,0.0
2008-01-29 00:00:00+08:00,15.933244353460841,16.233871459960938,15.890297761620749,16.233871459960938,609361,0.0,0.0
2008-01-30 00:00:00+08:00,16.126504142502892,16.126504142502892,15.804402793198177,15.890296936035156,530544,0.0,0.0
2008-01-31 00:00:00+08:00,15.804405780526794,15.890299939599378,14.902524337411556,15.160204887390137,447021,0.0,0.0
2008-02-01 00:00:00+08:00,15.246096034927056,15.675563881743395,15.246096034927056,15.503776550292969,154104,0.0,0.0
2008-02-12 00:00:00+08:00,15.503777431431658,15.847352113859168,14.988417335029416,15.117257118225098,381144,0.0,0.0
2008-02-13 00:00:00+08:00,14.06506156778582,14.8166298535018,14.06506156778582,14.623369216918945,514075,0.0,0.0
2008-02-14 00:00:00+08:00,14.73073658896551,15.160203490271718,14.73073658896551,15.074310302734375,988153,0.0,0.0
2008-02-15 00:00:00+08:00,14.816627283110991,16.126502990722656,14.60189338678428,16.126502990722656,1613984,0.0,0.0
2008-02-18 00:00:00+08:00,16.319762630159293,16.942491989488023,16.126502990722656,16.126502990722656,3019750,0.0,0.0
2008-02-19 00:00:00+08:00,16.448605890771606,16.448605890771606,15.933243912107738,16.147977828979492,848165,0.0,0.0
2008-02-20 00:00:00+08:00,16.14798078571554,16.25534728200078,15.976193428039553,15.97619342803955,448198,0.0,0.0
2008-02-21 00:00:00+08:00,16.062087691343887,16.74923620404435,16.062087691343887,16.577449798583984,669356,0.0,0.0
2008-02-22 00:00:00+08:00,16.405659898871,17.006914117160072,16.38418467552314,16.448606491088867,910512,0.0,0.0
2008-02-25 00:00:00+08:00,16.448605311060692,16.66333825674502,16.276817027274443,16.405658721923828,1573987,0.0,0.0
2008-02-26 00:00:00+08:00,16.663339452178207,16.663339452178207,16.362711379414208,16.448606491088867,407025,0.0,0.0
2008-02-27 00:00:00+08:00,16.448607374949404,16.770706833891317,16.405660780423812,16.620393753051758,1159904,0.0,0.0
2008-02-29 00:00:00+08:00,16.53449986705533,17.77995491027832,16.49155327433998,17.77995491027832,1404589,0.0,0.0
2008-03-03 00:00:00+08:00,17.608169195036382,17.608169195036382,16.813653345741685,17.071334838867188,1295187,0.0,0.0
2008-03-04 00:00:00+08:00,17.071333255866566,17.737007333251988,16.963966780036476,17.50080108642578,1389296,0.0,0.0
2008-03-05 00:00:00+08:00,17.586693558587122,17.69406003009182,17.02838597952394,17.092805862426758,627006,0.0,0.0
2008-03-06 00:00:00+08:00,17.178703177737056,17.822904089182877,17.049863380895736,17.6296443939209,1222251,0.0,0.0
2008-03-07 00:00:00+08:00,17.50080212320695,17.608168605397637,17.264593935148476,17.32901382446289,651710,0.0,0.0
2008-03-10 00:00:00+08:00,17.32901509734483,17.32901509734483,16.878073911781634,16.9210205078125,534073,0.0,0.0
2008-03-11 00:00:00+08:00,16.663336622855404,17.006911229500602,16.534496868077927,16.72775650024414,756408,0.0,0.0
2008-03-12 00:00:00+08:00,17.00691567896987,17.17870206361714,16.89954918856533,17.02838897705078,592892,0.0,0.0
2008-03-13 00:00:00+08:00,17.00691565614843,17.00691565614843,16.34123956205533,16.362712860107422,674061,0.0,0.0
2008-03-14 00:00:00+08:00,16.405658992307433,16.706285121220144,15.589669930781,15.997663497924805,854047,0.0,0.0
2008-03-17 00:00:00+08:00,15.611143993806781,15.675563881743395,15.246096034927056,15.503776550292969,377615,0.0,0.0
2008-03-18 00:00:00+08:00,15.54672566580494,15.675565454605756,15.246097564697266,15.246097564697266,403496,0.0,0.0
2008-03-19 00:00:00+08:00,15.503776057842346,15.868824005126953,15.41788287665511,15.868824005126953,531720,0.0,0.0
2008-03-20 00:00:00+08:00,15.911768589909258,16.89954486714216,15.911768589909258,16.83512306213379,1888079,0.0,0.0
2008-03-21 00:00:00+08:00,17.32901470151832,17.32901470151832,16.727760443580845,16.942495346069336,1005799,0.0,0.0
2008-03-24 00:00:00+08:00,17.694062686681416,17.822902471831082,16.835126931205565,16.942495346069336,1490464,0.0,0.0
2008-03-25 00:00:00+08:00,17.157232333702137,17.350492056622272,16.942499308235323,17.264598846435547,1476348,0.0,0.0
2008-03-26 00:00:00+08:00,17.651114873888933,18.46710205078125,17.651114873888933,18.46710205078125,3898501,0.0,0.0
2008-03-27 00:00:00+08:00,18.595945531114054,18.617418829209328,18.080584449588404,18.252370834350586,1684566,0.0,0.0
2008-03-28 00:00:00+08:00,18.295316858257554,18.552998354579568,17.844375685123307,17.95174217224121,1569281,0.0,0.0
2008-03-31 00:00:00+08:00,18.080584480255105,18.123531076518493,17.60816999411873,17.694063186645508,717587,0.0,0.0
2008-04-01 00:00:00+08:00,17.951743840299002,17.951743840299002,17.393436128169466,17.522275924682617,816403,0.0,0.0
2008-04-02 00:00:00+08:00,17.82290280407978,18.445630371150887,17.694063016528332,18.03763771057129,949333,0.0,0.0
2008-04-03 00:00:00+08:00,18.252368646670558,18.552996711211005,18.037635691455144,18.381208419799805,1268130,0.0,0.0
2008-04-07 00:00:00+08:00,18.681839791362947,19.111307705056213,18.595946594072135,18.746259689331055,919923,0.0,0.0
2008-04-08 00:00:00+08:00,18.746256370904877,18.746256370904877,18.359735124278263,18.381208419799805,718764,0.0,0.0
2008-04-09 00:00:00+08:00,18.33826365825018,18.55299856212722,18.166477276939805,18.27384376525879,531720,0.0,0.0
2008-04-10 00:00:00+08:00,18.273840406674253,18.59594173967065,18.273840406674253,18.35973358154297,576422,0.0,0.0
2008-04-11 00:00:00+08:00,18.402681263791713,18.595942845982574,18.29531478881836,18.29531478881836,908160,0.0,0.0
2008-04-14 00:00:00+08:00,18.295315237713638,18.381208419799805,18.037635691455144,18.381208419799805,564659,0.0,0.0
2008-04-15 00:00:00+08:00,18.59594253713715,19.326036482069224,18.552995947861078,18.87509536743164,1265777,0.0,0.0
2008-04-16 00:00:00+08:00,18.98246322882677,19.111304933316102,18.68183708190918,18.68183708190918,886985,0.0,0.0
2008-04-17 00:00:00+08:00,18.939517092301653,19.51929803112324,18.810677311949966,19.326038360595703,1836318,0.0,0.0
2008-04-18 00:00:00+08:00,19.326038202310503,19.326038202310503,19.00393682683039,19.111305236816406,696412,0.0,0.0
2008-04-21 00:00:00+08:00,19.476351876240425,19.970239639282227,19.111305823690547,19.970239639282227,1214017,0.0,0.0
2008-04-22 00:00:00+08:00,19.97023978047526,19.97023978047526,19.368985527138403,19.626667022705078,788170,0.0,0.0
2008-04-23 00:00:00+08:00,19.669610631522943,19.669610631522943,19.240142822265625,19.240142822265625,839930,0.0,0.0
2008-04-24 00:00:00+08:00,19.368985244173285,19.411931838267144,19.154252273703996,19.19719886779785,588186,0.0,0.0
2008-04-25 00:00:00+08:00,19.19720028990473,19.32604008173061,18.939518779013817,19.003938674926758,482313,0.0,0.0
2008-04-28 00:00:00+08:00,18.467103846625598,18.574472264523177,17.694063186645508,17.694063186645508,1893961,0.0,0.0
2008-04-29 00:00:00+08:00,17.69406027710544,17.95173981231398,17.39343222545668,17.865846633911133,795228,0.0,0.0
2008-04-30 00:00:00+08:00,17.865850688129985,18.016163784444856,17.58669779497379,17.6296443939209,642299,0.0,0.0
2008-05-02 00:00:00+08:00,17.694063114979464,17.715536413024186,17.436381611203714,17.58669662475586,572893,0.0,0.0
2008-05-05 00:00:00+08:00,17.52227238769347,17.8229004461129,17.3934326171875,17.3934326171875,730527,0.0,0.0
2008-05-06 00:00:00+08:00,17.393436536543213,17.608171463012695,17.006917137928827,17.608171463012695,577599,0.0,0.0
2008-05-07 00:00:00+08:00,17.608168539416926,17.865848095709016,17.608168539416926,17.77995491027832,556424,0.0,0.0
2008-05-08 00:00:00+08:00,17.60816749526962,17.60816749526962,17.30753943685019,17.3934326171875,499958,0.0,0.0
2008-05-09 00:00:00+08:00,17.47932567467359,18.0805817872866,17.47932567467359,17.73700714111328,709353,0.0,0.0
2008-05-12 00:00:00+08:00,17.60817104959727,17.73701084611042,17.2216497328186,17.522275924682617,275271,0.0,0.0
2008-05-13 00:00:00+08:00,17.500801898013542,17.82290134044096,17.479326674612782,17.565221786499023,389379,0.0,0.0
2008-05-14 00:00:00+08:00,17.56522209280924,17.608168685881818,17.264594014062226,17.43638038635254,570541,0.0,0.0
2008-05-15 00:00:00+08:00,17.56522015235772,17.973212741475766,17.479325048462538,17.887319564819336,489371,0.0,0.0
2008-05-16 00:00:00+08:00,18.080582721998063,18.724783530542297,17.93026772245457,18.46710205078125,1014033,0.0,0.0
2008-05-19 00:00:00+08:00,18.467102336236,18.467102336236,18.23089607610623,18.3382625579834,435258,0.0,0.0
2008-05-20 00:00:00+08:00,18.338262923879075,18.595944412764638,18.295316330271312,18.316789627075195,395261,0.0,0.0
2008-05-21 00:00:00+08:00,18.166477641969493,18.38121062292222,18.037637853397857,18.252370834350586,167045,0.0,0.0
2008-05-22 00:00:00+08:00,18.03763676862474,18.44562940789848,17.908795060562465,18.316789627075195,355264,0.0,0.0
2008-05-23 00:00:00+08:00,18.552997819156875,18.85362397441121,18.316789627075195,18.316789627075195,634065,0.0,0.0
2008-05-26 00:00:00+08:00,18.42415878732678,18.42415878732678,17.608171463012695,17.608171463012695,368204,0.0,0.0
2008-05-27 00:00:00+08:00,17.608168685881818,17.822901651244706,17.307540607134804,17.43638038635254,211747,0.0,0.0
2008-05-28 00:00:00+08:00,17.436378096305987,17.801426016717464,17.436378096305987,17.457853317260742,145870,0.0,0.0
2008-05-29 00:00:00+08:00,17.95174143046244,17.95174143046244,17.178700827917073,17.43638038635254,374086,0.0,0.0
2008-05-30 00:00:00+08:00,17.39343617383077,17.39343617383077,16.749235262334647,16.963970184326172,351735,0.0,0.0
2008-06-02 00:00:00+08:00,17.13575541520593,17.13575541520593,16.749234123689035,16.9210205078125,171750,0.0,0.0
2008-06-03 00:00:00+08:00,16.92101802775148,17.737007087219155,16.92101802775148,17.178699493408203,224687,0.0,0.0
2008-06-04 00:00:00+08:00,17.049862573449282,17.092809170362525,16.749234467817438,16.89954948425293,425847,0.0,0.0
2008-06-05 00:00:00+08:00,16.899549137036164,16.963969031082463,16.77070742170447,16.9210205078125,321149,0.0,0.0
2008-06-06 00:00:00+08:00,17.17870317907847,17.26459637697939,16.963970184326172,16.963970184326172,310562,0.0,0.0
2008-06-09 00:00:00+08:00,16.577446148126107,16.87807229148198,16.491552964310145,16.792179107666016,251743,0.0,0.0
2008-06-10 00:00:00+08:00,16.749233536628523,16.8351267256797,16.57744715852617,16.620393753051758,170574,0.0,0.0
2008-06-11 00:00:00+08:00,16.577443804533047,16.620390390369565,16.019135297800332,16.255342483520508,435258,0.0,0.0
2008-06-12 00:00:00+08:00,15.89029659524404,15.95471647827564,15.267568168413744,15.46082878112793,461138,0.0,0.0
2008-06-13 00:00:00+08:00,15.460832035095216,15.890299939599378,14.945470935138056,15.160204887390137,236451,0.0,0.0
2008-06-16 00:00:00+08:00,15.289045124583756,15.718512050872695,15.246097564697266,15.246097564697266,227040,0.0,0.0
2008-06-17 00:00:00+08:00,15.460829446050782,15.589670181274414,15.07430916761874,15.589670181274414,72935,0.0,0.0
2008-06-18 00:00:00+08:00,15.54672359073968,15.632616771809149,15.460829446050782,15.589670181274414,109402,0.0,0.0
2008-06-19 00:00:00+08:00,15.5467251332776,15.5467251332776,15.331991195678711,15.331991195678711,64700,0.0,0.0
2008-06-20 00:00:00+08:00,15.546724762174703,15.589671355945434,15.331990829701548,15.353464126586914,72935,0.0,0.0
2008-06-23 00:00:00+08:00,15.138732225549225,15.46083268567121,15.095785626015578,15.289046287536621,129401,0.0,0.0
2008-06-24 00:00:00+08:00,15.374938317117634,15.460831509651511,15.246097564697266,15.246097564697266,134106,0.0,0.0
2008-06-25 00:00:00+08:00,15.203150968430327,15.246097564697266,14.902523830942203,15.246097564697266,224687,0.0,0.0
2008-06-26 00:00:00+08:00,15.417884095176515,15.503777283152147,15.181676864624025,15.181676864624023,463491,0.0,0.0
2008-06-27 00:00:00+08:00,14.290556424214511,14.5914093245403,14.240414098823909,14.365769386291504,314597,2.525023,1.06944
2008-06-30 00:00:00+08:00,13.989701710928015,14.240413324244047,13.989701710928015,14.115056991577148,243097,0.0,0.0
2008-07-01 00:00:00+08:00,14.190274567987869,14.290559238518583,13.83927822113037,13.839278221130371,219998,0.0,0.0
2008-07-02 00:00:00+08:00,13.839275623630211,13.889417949484331,13.237567713380766,13.488279342651367,249697,0.0,0.0
2008-07-03 00:00:00+08:00,13.287707898107719,14.039842664723588,12.585716501283903,13.939558029174805,265097,0.0,0.0
2008-07-04 00:00:00+08:00,13.93956083944756,13.93956083944756,13.438137560614654,13.463208198547363,218898,0.0,0.0
2008-07-07 00:00:00+08:00,13.463204852334597,13.638703482315737,13.036995697267734,13.387991905212402,18699,0.0,0.0
2008-07-08 00:00:00+08:00,13.387991905212402,13.43813422063307,12.811355803883538,13.387991905212402,184798,0.0,0.0
2008-07-09 00:00:00+08:00,13.312780030715256,13.51334825654031,13.087139067133313,13.187423706054688,65999,0.0,0.0
2008-07-10 00:00:00+08:00,13.137281386594001,13.187423706054688,12.736143882926195,13.187423706054688,172698,0.0,0.0
2008-07-11 00:00:00+08:00,13.18742418332121,13.287708825871992,13.062068906141603,13.112211227416992,109999,0.0,0.0
2008-07-14 00:00:00+08:00,13.187426694929322,13.187426694929322,12.961786732224729,13.036999702453613,117698,0.0,0.0
2008-07-15 00:00:00+08:00,12.961785061617338,12.961785061617338,12.585718154907227,12.585718154907227,175998,0.0,0.0
2008-07-16 00:00:00+08:00,12.535576114199309,12.660931401933281,12.259792797956052,12.335005760192871,173798,0.0,0.0
2008-07-17 00:00:00+08:00,13.187425691003353,13.187425691003353,12.786287074939157,13.087141036987305,92399,0.0,0.0
2008-07-18 00:00:00+08:00,13.387995242790856,13.387995242790856,12.535576720152298,12.786287307739258,62699,0.0,0.0
2008-07-21 00:00:00+08:00,12.836429088726598,13.036998391864623,12.585718511821897,12.811358451843262,148498,0.0,0.0
2008-07-22 00:00:00+08:00,12.786286318232403,12.986855614394585,12.660931034139935,12.83642864227295,73699,0.0,0.0
2008-07-23 00:00:00+08:00,12.936715502427788,13.66377879932875,12.861502529515056,13.588565826416016,300297,0.0,0.0
2008-07-24 00:00:00+08:00,13.538421668505489,13.538421668505489,13.312781728170863,13.488279342651367,133098,0.0,0.0
2008-07-25 00:00:00+08:00,13.287708376586599,13.287708376586599,12.98685445910676,13.13728141784668,75899,0.0,0.0
2008-07-28 00:00:00+08:00,13.13728141784668,13.13728141784668,13.13728141784668,13.13728141784668,0,0.0,0.0
2008-07-29 00:00:00+08:00,13.13728141784668,13.13728141784668,13.13728141784668,13.13728141784668,0,0.0,0.0
2008-07-30 00:00:00+08:00,13.13728141784668,13.13728141784668,13.13728141784668,13.13728141784668,0,0.0,0.0
2008-07-31 00:00:00+08:00,13.13728141784668,13.13728141784668,13.13728141784668,13.13728141784668,0,0.0,0.0
2008-08-01 00:00:00+08:00,13.13728141784668,13.13728141784668,13.13728141784668,13.13728141784668,0,0.0,0.0
2008-08-04 00:00:00+08:00,13.13728141784668,13.13728141784668,13.13728141784668,13.13728141784668,0,0.0,0.0
2008-08-05 00:00:00+08:00,13.13728141784668,13.13728141784668,13.13728141784668,13.13728141784668,0,0.0,0.0
2008-08-06 00:00:00+08:00,13.13728141784668,13.13728141784668,13.13728141784668,13.13728141784668,0,0.0,0.0
2008-08-07 00:00:00+08:00,13.13728141784668,13.13728141784668,13.13728141784668,13.13728141784668,0,0.0,0.0
2008-08-08 00:00:00+08:00,13.13728141784668,13.13728141784668,13.13728141784668,13.13728141784668,0,0.0,0.0
2008-08-11 00:00:00+08:00,13.13728141784668,13.13728141784668,13.13728141784668,13.13728141784668,0,0.0,0.0
2008-08-12 00:00:00+08:00,13.13728141784668,13.13728141784668,13.13728141784668,13.13728141784668,0,0.0,0.0
2008-08-13 00:00:00+08:00,13.13728141784668,13.13728141784668,13.13728141784668,13.13728141784668,0,0.0,0.0
2008-08-14 00:00:00+08:00,13.13728141784668,13.13728141784668,13.13728141784668,13.13728141784668,0,0.0,0.0
2008-08-15 00:00:00+08:00,13.13728141784668,13.13728141784668,13.13728141784668,13.13728141784668,0,0.0,0.0
2008-08-18 00:00:00+08:00,12.886571086231488,12.886571086231488,12.284863192145652,12.535575866699219,237597,0.0,0.0
2008-08-19 00:00:00+08:00,12.435288429260254,12.66092938404387,12.435288429260254,12.435288429260254,80299,0.0,0.0
2008-08-20 00:00:00+08:00,12.28486442565918,12.4603631050648,12.159509127813372,12.28486442565918,186998,0.0,0.0
2008-08-21 00:00:00+08:00,12.385148253815899,12.385148253815899,11.984010696411131,11.984010696411133,93499,0.0,0.0
2008-08-22 00:00:00+08:00,11.883727031533041,11.984011692221841,11.733300040499843,11.933869361877441,160598,0.0,0.0
2008-08-25 00:00:00+08:00,12.08429635291064,12.109366992073877,11.908797670696279,11.933869361877441,21999,0.0,0.0
2008-08-26 00:00:00+08:00,11.933868485108095,11.933868485108095,11.783441505126616,11.83358383178711,71499,0.0,0.0
2008-08-27 00:00:00+08:00,11.833584743147243,12.059224704488136,11.683157751580673,11.883727073669434,46199,0.0,0.0
2008-08-28 00:00:00+08:00,11.883725821943942,11.984010472425233,11.708227157592773,11.708227157592773,29699,0.0,0.0
2008-08-29 00:00:00+08:00,11.758369815787445,11.984010811768588,11.733299178466122,11.83358383178711,65999,0.0,0.0
2008-09-01 00:00:00+08:00,11.833583089967885,11.833583089967885,11.532729148864746,11.532729148864746,81399,0.0,0.0
2008-09-02 00:00:00+08:00,11.532730263154756,11.532730263154756,11.231876292983168,11.332160949707031,177098,0.0,0.0
2008-09-03 00:00:00+08:00,10.780594462101353,11.4324446778617,10.554954528808594,10.554954528808594,620394,0.0,0.0
2008-09-04 00:00:00+08:00,10.279170376193859,10.379453954266639,9.827888488769531,9.827888488769531,536795,0.0,0.0
2008-09-05 00:00:00+08:00,9.251255355809466,9.677465696257823,9.176042385152662,9.376611709594727,548895,0.0,0.0
2008-09-08 00:00:00+08:00,9.777746903006989,10.028459548950195,9.42675172352894,10.028459548950195,229897,0.0,0.0
2008-09-09 00:00:00+08:00,9.978317407766552,9.978317407766552,9.752677471437014,9.777748107910156,119898,0.0,0.0
2008-09-10 00:00:00+08:00,9.527038994639,10.454671622578179,9.527038994639,10.12874698638916,133098,0.0,0.0
2008-09-11 00:00:00+08:00,10.229030911522491,10.429599175575067,9.978318214416504,9.978318214416504,105599,0.0,0.0
2008-09-12 00:00:00+08:00,10.22903031404831,10.22903031404831,9.978317631586366,10.053531646728516,39599,0.0,0.0
2008-09-15 00:00:00+08:00,9.827889921328529,9.827889921328529,9.752676963806152,9.752676963806152,322297,0.0,0.0
2008-09-16 00:00:00+08:00,9.426752326962044,9.451822961950597,9.075756072998047,9.075756072998047,532395,0.0,0.0
2008-09-17 00:00:00+08:00,9.125899846957427,9.476896156766239,8.624476547230554,9.000544548034668,269497,0.0,0.0
2008-09-18 00:00:00+08:00,8.524190443241695,8.524190443241695,8.373764004815635,8.423906326293945,282697,0.0,0.0
2008-09-19 00:00:00+08:00,8.825044337463194,8.825044337463194,8.42390629322051,8.474048614501953,852492,0.0,0.0
2008-09-22 00:00:00+08:00,8.649547286682228,8.649547286682228,8.223338028891703,8.34869384765625,877792,0.0,0.0
2008-09-23 00:00:00+08:00,8.123051903689399,8.373764038085938,7.8974114561405,8.373764038085938,866792,0.0,0.0
2008-09-24 00:00:00+08:00,8.32362047157225,8.950399398803711,8.223335843215215,8.950399398803711,474095,0.0,0.0
2008-09-25 00:00:00+08:00,9.301396195618372,9.552107810974121,9.301396195618372,9.552107810974121,387196,0.0,0.0
2008-09-26 00:00:00+08:00,10.028461201765714,10.078603528814899,8.925330006683629,9.125899314880371,1002090,0.0,0.0
2008-09-29 00:00:00+08:00,9.125899314880371,9.125899314880371,9.125899314880371,9.125899314880371,0,0.0,0.0
2008-09-30 00:00:00+08:00,8.499120712280273,8.499120712280273,8.499120712280273,8.499120712280273,30799,0.0,0.0
2008-10-01 00:00:00+08:00,8.123051955095772,9.075756072998047,8.123051955095772,9.075756072998047,367396,0.0,0.0
2008-10-02 00:00:00+08:00,9.025615782282145,9.17604278212138,8.850118141812032,8.925331115722656,135298,0.0,0.0
2008-10-03 00:00:00+08:00,8.825046831558788,9.527039527893066,8.674619825201445,9.527039527893066,301397,0.0,0.0
2008-10-06 00:00:00+08:00,9.527038532214725,10.178888824971162,9.527038532214725,9.577180862426758,524695,0.0,0.0
2008-10-07 00:00:00+08:00,9.42675288517928,9.802819796401112,9.201111896831929,9.777748107910156,224397,0.0,0.0
2008-10-08 00:00:00+08:00,9.727606187452743,9.77774851450193,9.100828677364706,9.125899314880371,388296,0.0,0.0
2008-10-09 00:00:00+08:00,9.12589832778846,9.351538249094796,9.075756006162859,9.176040649414062,364096,0.0,0.0
2008-10-13 00:00:00+08:00,8.875188782442912,8.9754734490024,8.875188782442912,8.925331115722656,147398,0.0,0.0
2008-10-14 00:00:00+08:00,9.12590084427348,9.527039527893066,9.12590084427348,9.527039527893066,204598,0.0,0.0
2008-10-15 00:00:00+08:00,9.527039527893066,9.652394840515171,9.226185515178376,9.527039527893066,196898,0.0,0.0
2008-10-16 00:00:00+08:00,9.201112747192383,9.326469097196883,9.201112747192383,9.201112747192383,218898,0.0,0.0
2008-10-17 00:00:00+08:00,9.326468744157435,9.326468744157435,8.900259484715049,8.975472450256348,222197,0.0,0.0
2008-10-20 00:00:00+08:00,8.774902414448494,8.774902414448494,8.674617767333984,8.674617767333984,167198,0.0,0.0
2008-10-21 00:00:00+08:00,8.850117504511076,8.850117504511076,8.524191835653795,8.549263000488281,406996,0.0,0.0
2008-10-22 00:00:00+08:00,8.273480356397522,8.524191467917682,8.273480356397522,8.34869384765625,512595,0.0,0.0
2008-10-23 00:00:00+08:00,8.072911262512207,8.072911262512207,8.072911262512207,8.072911262512207,79199,0.0,0.0
2008-10-24 00:00:00+08:00,7.797128200531007,7.797128200531007,7.797128200531007,7.797128200531006,113298,0.0,0.0
2008-10-27 00:00:00+08:00,7.270634174346924,7.270634174346924,7.270634174346924,7.270634174346924,57199,0.0,0.0
2008-10-28 00:00:00+08:00,6.769209722419168,7.696842670440674,6.769209722419168,7.696842670440674,581894,0.0,0.0
2008-10-29 00:00:00+08:00,7.746985219494277,7.872341026962829,7.320775474101203,7.370917797088623,505995,0.0,0.0
2008-10-30 00:00:00+08:00,7.370918810843049,7.872342109680175,7.2706346770845816,7.872342109680176,366296,0.0,0.0
2008-10-31 00:00:00+08:00,8.022768930396778,8.223338784867474,7.847271294001758,8.072911262512207,382796,0.0,0.0
2008-11-03 00:00:00+08:00,7.897413121651566,8.173196475047716,7.847271315408337,8.047840118408203,93499,0.0,0.0
2008-11-04 00:00:00+08:00,8.07291025238786,8.173195430079497,7.972625600705137,8.148123741149902,237597,0.0,0.0
2008-11-05 00:00:00+08:00,8.123052036746156,8.27347953025165,7.9475539080001045,8.173194885253906,163898,0.0,0.0
2008-11-06 00:00:00+08:00,8.123052419229808,8.123052419229808,7.646700859069824,7.646700859069824,40699,0.0,0.0
2008-11-07 00:00:00+08:00,7.521344545139308,7.696842670440674,7.4712022236246325,7.696842670440674,97899,0.0,0.0
2008-11-10 00:00:00+08:00,7.646701153580199,8.022768078504521,7.646701153580199,7.947554588317871,82499,0.0,0.0
2008-11-11 00:00:00+08:00,7.721914364926717,7.947554301329829,7.521345065004923,7.62162971496582,62699,0.0,0.0
2008-11-12 00:00:00+08:00,7.621629271986765,7.671771594052877,7.095135416301474,7.571486949920654,140798,0.0,0.0
2008-11-13 00:00:00+08:00,7.345847317243855,7.345847317243855,7.044993877410889,7.044993877410889,118798,0.0,0.0
2008-11-14 00:00:00+08:00,6.894565451200744,7.220491063509304,6.668925532848281,7.019921779632568,196898,0.0,0.0
2008-11-17 00:00:00+08:00,6.869495474651797,6.96978065988286,6.568642022994424,6.7692108154296875,71499,0.0,0.0
2008-11-18 00:00:00+08:00,6.618784129513978,6.719068259346975,6.317930161988178,6.393143653869629,158398,0.0,0.0
2008-11-19 00:00:00+08:00,6.0170769536285125,6.819353179433705,6.0170769536285125,6.66892671585083,76999,0.0,0.0
2008-11-20 00:00:00+08:00,6.317930527925865,6.5184998512268075,6.217645866275395,6.518499851226807,70399,0.0,0.0
2008-11-21 00:00:00+08:00,6.443285807820762,6.719068077930972,6.368072317970089,6.618783950805664,50599,0.0,0.0
2008-11-24 00:00:00+08:00,6.668926843702514,6.668926843702514,6.5184998512268075,6.518499851226807,30799,0.0,0.0
2008-11-25 00:00:00+08:00,6.7190677206877405,6.7190677206877405,6.4432854652404785,6.4432854652404785,35199,0.0,0.0
2008-11-26 00:00:00+08:00,6.5686412749932765,6.668925922795515,6.4432854652404785,6.4432854652404785,199098,0.0,0.0
2008-11-27 00:00:00+08:00,6.618782894518392,6.8694939613342285,6.618782894518392,6.8694939613342285,310197,0.0,0.0
2008-11-28 00:00:00+08:00,7.0951349208852745,7.0951349208852745,6.7692093242043585,6.8694939613342285,116598,0.0,0.0
2008-12-01 00:00:00+08:00,6.869496249290814,7.17035078689197,6.819353914025457,6.9196391105651855,116598,0.0,0.0
2008-12-02 00:00:00+08:00,6.61878488177403,6.668927215393938,6.468357880914302,6.643856048583984,156198,0.0,0.0
2008-12-03 00:00:00+08:00,6.693996887203749,6.719068050384521,6.468356944585719,6.7190680503845215,63799,0.0,0.0
2008-12-04 00:00:00+08:00,6.5686412749932765,6.643854760844956,6.418214303289918,6.4432854652404785,65999,0.0,0.0
2008-12-05 00:00:00+08:00,6.51849935498964,6.543570518493652,6.468357027981615,6.543570518493652,37399,0.0,0.0
2008-12-08 00:00:00+08:00,6.543570858188897,6.8193531450407425,6.543570858188897,6.7692108154296875,236497,0.0,0.0
2008-12-09 00:00:00+08:00,6.919638497828691,6.969780828653926,6.5184998512268075,6.518499851226807,447695,0.0,0.0
2008-12-10 00:00:00+08:00,6.49342926080965,6.919639110565185,6.468358093176972,6.9196391105651855,398196,0.0,0.0
2008-12-11 00:00:00+08:00,6.86949371238416,7.345845721488073,6.86949371238416,7.220490455627441,323397,0.0,0.0
2008-12-12 00:00:00+08:00,7.070063505384101,7.721913097096425,7.01992118863632,7.220490455627441,633594,0.0,0.0
2008-12-15 00:00:00+08:00,7.4712035915782655,7.721915245056152,7.4712035915782655,7.721915245056152,300297,0.0,0.0
2008-12-16 00:00:00+08:00,7.596557868978646,8.123051707893397,7.596557868978646,8.022767066955566,215598,0.0,0.0
2008-12-17 00:00:00+08:00,8.123052712431182,8.348693708454066,7.8221992784214915,7.972625732421875,354196,0.0,0.0
2008-12-18 00:00:00+08:00,7.972625291271949,7.997696453219569,7.847270007542744,7.922482967376709,120998,0.0,0.0
2008-12-19 00:00:00+08:00,7.922484287777673,8.223338807299928,7.772057817030018,8.047840118408203,304697,0.0,0.0
2008-12-22 00:00:00+08:00,8.123052262957668,8.198266274809422,7.872341169490364,7.922482967376709,226597,0.0,0.0
2008-12-23 00:00:00+08:00,7.997696724390614,7.997696724390614,7.496273994445801,7.496273994445801,172698,0.0,0.0
2008-12-24 00:00:00+08:00,7.4712027400244745,7.746985527416941,7.4712027400244745,7.62162971496582,57199,0.0,0.0
2008-12-25 00:00:00+08:00,7.746986410403941,7.746986410403941,7.721915245056152,7.721915245056152,10999,0.0,0.0
2008-12-26 00:00:00+08:00,7.721914729081909,7.897412348780806,7.721914729081909,7.772057056427002,36299,0.0,0.0
2008-12-29 00:00:00+08:00,7.7469870050056935,7.7469870050056935,7.571488834101223,7.596560001373291,25299,0.0,0.0
2008-12-30 00:00:00+08:00,7.646700189447562,8.123051707893397,7.646700189447562,8.022767066955566,273897,0.0,0.0
2008-12-31 00:00:00+08:00,8.02276812700294,8.02276812700294,7.822199344635011,7.82219934463501,106699,0.0,0.0
2009-01-02 00:00:00+08:00,7.822199344635011,7.822199344635011,7.822199344635011,7.82219934463501,0,0.0,0.0
2009-01-05 00:00:00+08:00,8.173195701385884,8.34869384765625,8.173195701385884,8.34869384765625,656694,0.0,0.0
2009-01-06 00:00:00+08:00,8.67461944932393,8.925331115722656,8.524192449484696,8.925331115722656,1042790,0.0,0.0
2009-01-07 00:00:00+08:00,9.025613959516317,9.1008279702551,8.699688859020105,8.77490234375,456495,0.0,0.0
2009-01-08 00:00:00+08:00,8.674618491513813,8.724760819257082,8.298551559448242,8.298551559448242,196898,0.0,0.0
2009-01-09 00:00:00+08:00,8.44897886715929,8.825045813667634,8.273480713317884,8.549263000488281,172698,0.0,0.0
2009-01-12 00:00:00+08:00,7.9475539080001045,8.298550691501086,7.9475539080001045,8.173194885253906,182598,0.0,0.0
2009-01-13 00:00:00+08:00,7.997697124655374,8.273480455241101,7.922483632498067,8.22333812713623,83599,0.0,0.0
2009-01-14 00:00:00+08:00,8.173195058156292,8.273479705275538,7.997696399688721,7.997696399688721,118798,0.0,0.0
2009-01-15 00:00:00+08:00,7.997697003470993,7.997697003470993,7.746985892754456,7.772057056427002,65999,0.0,0.0
2009-01-16 00:00:00+08:00,7.872341671729225,7.822199344635011,7.772057017540796,7.82219934463501,60499,0.0,0.0
2009-01-19 00:00:00+08:00,7.822199383772096,7.9475546761258995,7.772057056427003,7.772057056427002,92399,0.0,0.0
2009-01-20 00:00:00+08:00,7.772056238185099,7.772056238185099,7.5213446278545435,7.571486949920654,69299,0.0,0.0
2009-01-21 00:00:00+08:00,7.521344766050885,7.521344766050885,7.370917797088624,7.370917797088623,78099,0.0,0.0
2009-02-02 00:00:00+08:00,7.49627517047082,7.49627517047082,7.1954216957092285,7.1954216957092285,234297,0.0,0.0
2009-02-03 00:00:00+08:00,7.195420548998855,7.521345138549805,7.170349386263481,7.521345138549805,197998,0.0,0.0
2009-02-04 00:00:00+08:00,7.571486949920654,7.59655811095371,7.496273466821488,7.571486949920654,76999,0.0,0.0
2009-02-05 00:00:00+08:00,7.571487464020553,7.6467009522266745,7.521345138549805,7.521345138549805,90199,0.0,0.0
2009-02-06 00:00:00+08:00,7.521345065004923,7.696843202436493,7.521345065004923,7.62162971496582,359696,0.0,0.0
2009-02-09 00:00:00+08:00,7.721914364926717,7.721914364926717,7.596558552475596,7.62162971496582,145198,0.0,0.0
2009-02-10 00:00:00+08:00,7.6216297894913,7.671772114962049,7.446131650343683,7.521345138549805,261797,0.0,0.0
2009-02-11 00:00:00+08:00,7.421060487608309,7.521345138549805,7.421060487608309,7.521345138549805,125398,0.0,0.0
2009-02-12 00:00:00+08:00,7.521345496440916,7.772057135724365,7.521345496440916,7.671772480010986,232097,0.0,0.0
2009-02-13 00:00:00+08:00,7.6717722984121846,8.123052712431182,7.621629971742416,7.972625732421875,287097,0.0,0.0
2009-02-16 00:00:00+08:00,7.972625732421875,8.173195565109875,7.972625732421875,7.972625732421875,75899,0.0,0.0
2009-02-17 00:00:00+08:00,7.972625799908727,7.972625799908727,7.721914690446581,7.82219934463501,70399,0.0,0.0
2009-02-18 00:00:00+08:00,7.621629696639883,7.7469855087895905,7.621629696639883,7.646700859069824,32999,0.0,0.0
2009-02-19 00:00:00+08:00,7.721913322705138,7.77205564091791,7.696842163598752,7.746984481811523,40699,0.0,0.0
2009-02-20 00:00:00+08:00,7.696843202436493,7.746985527416941,7.571487389985371,7.62162971496582,57199,0.0,0.0
2009-02-23 00:00:00+08:00,7.521345419701534,7.772057056427003,7.446131928683894,7.772057056427002,83599,0.0,0.0
2009-02-24 00:00:00+08:00,7.62162971496582,7.646700877456045,7.521345065004923,7.62162971496582,115498,0.0,0.0
2009-02-25 00:00:00+08:00,7.671772480010986,7.721914807867676,7.596558988225952,7.671772480010986,94599,0.0,0.0
2009-02-26 00:00:00+08:00,7.72191470970213,7.922483492570204,7.671772382482879,7.797128200531006,172698,0.0,0.0
2009-02-27 00:00:00+08:00,7.822199779796462,7.947555078496786,7.77205744991275,7.872342109680176,136398,0.0,0.0
2009-03-02 00:00:00+08:00,7.82219791867704,8.022766664482026,7.7720556007235855,7.897410869598389,218898,0.0,0.0
2009-03-03 00:00:00+08:00,7.77205744991275,7.872342109680175,7.646701625203469,7.872342109680176,109999,0.0,0.0
2009-03-04 00:00:00+08:00,7.772057927478762,8.398837089538574,7.772057927478762,8.398837089538574,793092,0.0,0.0
2009-03-05 00:00:00+08:00,8.474050588985753,8.649548228353511,8.34869475657379,8.398837089538574,706193,0.0,0.0
2009-03-06 00:00:00+08:00,8.273480356397522,8.5743337954235,8.273480356397522,8.34869384765625,399296,0.0,0.0
2009-03-09 00:00:00+08:00,8.423906497748264,8.423906497748264,8.123052036746156,8.173194885253906,279397,0.0,0.0
2009-03-10 00:00:00+08:00,8.27347939473087,8.574332798787198,8.248408233892103,8.373764038085938,327797,0.0,0.0
2009-03-11 00:00:00+08:00,8.52419040977453,8.649546212978139,8.44897745386123,8.474048614501953,389396,0.0,0.0
2009-03-12 00:00:00+08:00,8.474048096806035,8.724759161887965,8.474048096806035,8.62447452545166,472995,0.0,0.0
2009-03-13 00:00:00+08:00,8.875188782442912,9.226185115401126,8.699690615963803,8.925331115722656,680893,0.0,0.0
2009-03-16 00:00:00+08:00,9.050685846518302,9.201111767274698,8.925329509864243,9.100828170776367,411396,0.0,0.0
2009-03-17 00:00:00+08:00,9.07575751698474,9.07575751698474,8.900259888089293,9.000544548034668,237597,0.0,0.0
2009-03-18 00:00:00+08:00,9.075757602161154,9.075757602161154,8.900259971618652,8.900259971618652,238697,0.0,0.0
2009-03-19 00:00:00+08:00,9.025614858279516,9.025614858279516,8.825045545693937,8.875187873840332,470795,0.0,0.0
2009-03-20 00:00:00+08:00,8.825043798324272,8.825043798324272,8.524189889015354,8.62447452545166,162798,0.0,0.0
2009-03-23 00:00:00+08:00,8.674617767333984,8.72476009089124,8.574333120219475,8.674617767333984,204598,0.0,0.0
2009-03-24 00:00:00+08:00,8.72476092888569,8.900259604201242,8.674618600512373,8.825045585632324,512595,0.0,0.0
2009-03-25 00:00:00+08:00,8.799973334968513,9.176040751337723,8.774902173877233,9.025613784790039,794192,0.0,0.0
2009-03-26 00:00:00+08:00,9.025615782282145,9.125900448841636,8.850118141812032,8.925331115722656,329997,0.0,0.0
2009-03-27 00:00:00+08:00,9.025614547407752,9.301396816705136,9.025614547407752,9.276326179504395,490595,0.0,0.0
2009-03-30 00:00:00+08:00,9.42675236225053,9.42675236225053,8.875186818242355,9.025613784790039,228797,0.0,0.0
2009-03-31 00:00:00+08:00,9.025615782282145,9.025615782282145,8.850118141812032,8.925331115722656,210098,0.0,0.0
2009-04-02 00:00:00+08:00,9.276326726096283,9.326469055470165,9.075757408600762,9.25125503540039,193598,0.0,0.0
2009-04-03 00:00:00+08:00,9.326468103928757,9.326468103928757,9.050685846518302,9.100828170776367,364096,0.0,0.0
2009-04-06 00:00:00+08:00,9.376610595645023,9.727605819702148,9.376610595645023,9.727605819702148,503795,0.0,0.0
2009-04-07 00:00:00+08:00,10.078603186851888,10.379456086921328,9.878032833442562,10.254100799560547,1479486,0.0,0.0
2009-04-08 00:00:00+08:00,10.178886505305508,10.229028824090612,9.827889221792093,10.028459548950195,691893,0.0,0.0
2009-04-09 00:00:00+08:00,10.128744044466407,10.42959690093994,10.003387723252906,10.429596900939941,641294,0.0,0.0
2009-04-10 00:00:00+08:00,10.630166658327774,10.630166658327774,10.078602186276717,10.354384422302246,728193,0.0,0.0
2009-04-13 00:00:00+08:00,10.354385450256299,10.354385450256299,10.153816148864793,10.254100799560547,420196,0.0,0.0
2009-04-14 00:00:00+08:00,10.279172007214619,10.379455601199636,10.203957996703645,10.329313278198242,472995,0.0,0.0
2009-04-15 00:00:00+08:00,10.429598692822525,10.63016799960929,10.379456366125833,10.580025672912598,563194,0.0,0.0
2009-04-16 00:00:00+08:00,10.730451550525387,10.981163158250014,10.429597621255834,10.780593872070312,724893,0.0,0.0
2009-04-17 00:00:00+08:00,10.88087791627929,11.006233187233212,10.028459548950195,10.028459548950195,1138489,0.0,0.0
2009-04-20 00:00:00+08:00,9.67746585553234,10.028462179082752,9.527038859725021,9.802821159362793,437796,0.0,0.0
2009-04-21 00:00:00+08:00,9.7025362435412,10.128746579936658,9.7025362435412,10.10367488861084,486195,0.0,0.0
2009-04-22 00:00:00+08:00,10.028462252511071,10.805667877197264,9.928176535887275,10.805667877197266,1002090,0.0,0.0
2009-04-23 00:00:00+08:00,11.282018027503186,11.557800292968752,11.081448724612656,11.55780029296875,1957982,0.0,0.0
2009-04-24 00:00:00+08:00,12.059223895032382,12.36007785797119,11.958939240719445,12.360077857971191,3219670,0.0,0.0
2009-04-27 00:00:00+08:00,12.535574266996251,12.635858903212927,11.683154859154499,12.184576988220215,2113080,0.0,0.0
2009-04-28 00:00:00+08:00,12.184576988220215,12.660929536258262,12.109364037066541,12.184576988220215,2031681,0.0,0.0
2009-04-29 00:00:00+08:00,12.736146561914348,12.986857159935878,12.184579879809645,12.660932540893555,2030581,0.0,0.0
2009-04-30 00:00:00+08:00,13.53842258453369,13.53842258453369,13.137283950559139,13.538422584533691,1351887,0.0,0.0
2009-05-04 00:00:00+08:00,14.039844067985003,14.315626317299348,13.58856316291063,14.06491470336914,751293,0.0,0.0
2009-05-05 00:00:00+08:00,14.064914279631672,14.064914279631672,13.08713954077043,13.112211227416992,1304588,0.0,0.0
2009-05-06 00:00:00+08:00,13.112213473322868,13.789134400477156,13.036999452517994,13.33785343170166,1325487,0.0,0.0
2009-05-07 00:00:00+08:00,13.337852254641957,13.63870620727539,13.112212316175793,13.63870620727539,938291,0.0,0.0
2009-05-08 00:00:00+08:00,13.538421876158095,14.59140968322754,13.538421876158095,14.591409683227539,1239688,0.0,0.0
2009-05-11 00:00:00+08:00,14.616483365987401,14.766910366372695,14.140131724109635,14.390843391418457,1247388,0.0,0.0
2009-05-12 00:00:00+08:00,14.140132232722513,14.315629880142248,13.6888512153343,13.839278221130371,777692,0.0,0.0
2009-05-13 00:00:00+08:00,13.939562141771674,14.791980743408205,13.939562141771674,14.791980743408203,1211088,0.0,0.0
2009-05-14 00:00:00+08:00,14.791978601532715,15.81989574432373,14.591409300303463,15.81989574432373,1285888,0.0,0.0
2009-05-15 00:00:00+08:00,16.546960121722957,16.92302703857422,16.546960121722957,16.92302703857422,903091,0.0,0.0
2009-05-18 00:00:00+08:00,18.10137367248535,18.10137367248535,16.847815428952753,18.10137367248535,3026072,0.0,0.0
2009-05-19 00:00:00+08:00,19.30478537119455,19.354928747470414,18.101371693036604,18.201656341552734,4665057,0.0,0.0
2009-05-20 00:00:00+08:00,18.552649884250105,19.455211639404297,17.299091890980396,19.455211639404297,3116271,0.0,0.0
2009-05-21 00:00:00+08:00,19.705924814635498,19.705924814635498,18.101372473252674,18.55265235900879,2260479,0.0,0.0
2009-05-22 00:00:00+08:00,18.051228842949005,18.703078025287265,17.750374888630812,18.327011108398438,1238588,0.0,0.0
2009-05-25 00:00:00+08:00,18.828431732606038,18.828431732606038,17.148664581905592,17.675159454345703,1699484,0.0,0.0
2009-05-26 00:00:00+08:00,17.299093729402685,17.80051803201601,16.471745891928997,17.223880767822266,1321087,0.0,0.0
2009-05-27 00:00:00+08:00,17.549806566319,18.427295684814453,17.04838225914564,18.427295684814453,2183480,0.0,0.0
2009-06-01 00:00:00+08:00,19.655785469596932,19.655785469596932,18.602795459414317,18.652938842773438,2264879,0.0,0.0
2009-06-02 00:00:00+08:00,18.65293633483371,18.65293633483371,17.62501920655495,18.301939010620117,1016390,0.0,0.0
2009-06-03 00:00:00+08:00,18.051228761602943,18.20165679010198,17.023311614990234,17.023311614990234,1776483,0.0,0.0
2009-06-04 00:00:00+08:00,16.597103238587074,17.449521764352,16.296249269957848,16.44667625427246,1037290,0.0,0.0
2009-06-05 00:00:00+08:00,16.546960195506596,17.29909403256292,16.546960195506596,16.822742462158203,579694,0.0,0.0
2009-06-08 00:00:00+08:00,17.39937880256642,17.549806833420362,16.195964023895442,16.67231559753418,592894,0.0,0.0
2009-06-09 00:00:00+08:00,16.622173082325222,16.622173082325222,15.51904296875,15.51904296875,855792,0.0,0.0
2009-06-10 00:00:00+08:00,15.51904271181733,16.04553659703394,14.566338539123535,14.566338539123535,721593,0.0,0.0
2009-06-11 00:00:00+08:00,14.541270220398037,15.117906522402212,14.440985554656615,14.691696166992188,766693,0.0,0.0
2009-06-12 00:00:00+08:00,15.092833939275952,15.092833939275952,14.541268348693848,14.541268348693848,461995,0.0,0.0
2009-06-15 00:00:00+08:00,14.41591282034407,14.41591282034407,13.53842258453369,13.538422584533691,591794,0.0,0.0
2009-06-16 00:00:00+08:00,13.538419974486462,13.638704613646407,12.836427500366844,13.13728141784668,995490,0.0,0.0
2009-06-17 00:00:00+08:00,13.13728296814733,13.61363453436138,12.234721109198563,12.335005760192871,1646685,0.0,0.0
2009-06-18 00:00:00+08:00,12.435288914144373,13.187423706054688,12.36007596096219,13.187423706054688,1677484,0.0,0.0
2009-06-19 00:00:00+08:00,13.337853968552432,13.688850291727698,13.187426972905888,13.212498664855957,834892,0.0,0.0
2009-06-22 00:00:00+08:00,13.438136572793866,13.638705869583427,13.187424951806912,13.513349533081055,387196,0.0,0.0
2009-06-23 00:00:00+08:00,13.18742742992815,13.588566098887423,13.13728509630824,13.287712097167969,230997,0.0,0.0
2009-06-24 00:00:00+08:00,13.663776974288663,14.165200233459473,13.362923018786176,14.165200233459473,633594,0.0,0.0
2009-06-25 00:00:00+08:00,14.165200720273319,14.641552306847395,13.964631409712052,14.089987754821777,317897,0.0,0.0
2009-06-26 00:00:00+08:00,14.165199908524295,14.516196181892369,13.864347011940898,13.88941764831543,411396,0.0,0.0
2009-06-29 00:00:00+08:00,13.889417721964914,14.165199983636134,13.789133071899414,13.789133071899414,259597,0.0,0.0
2009-06-30 00:00:00+08:00,14.039843559265137,14.140128201203504,13.789131954419217,14.039843559265137,203498,0.0,0.0
2009-07-01 00:00:00+08:00,14.089987637774469,14.240414619445803,14.039845310550689,14.2404146194458,199098,0.0,0.0
2009-07-02 00:00:00+08:00,14.240414025618662,14.741836224929212,14.240414025618662,14.46605396270752,443295,0.0,0.0
2009-07-03 00:00:00+08:00,14.466054882738005,15.293402774039619,14.290557259620465,15.042692184448242,608294,0.0,0.0
2009-07-06 00:00:00+08:00,15.243259393279766,15.544113342439063,14.791978469540819,15.293401718139648,409196,0.0,0.0
2009-07-07 00:00:00+08:00,15.293402164863316,15.468900833008165,15.142976237907503,15.268331527709961,248597,0.0,0.0
2009-07-08 00:00:00+08:00,15.042690513620723,15.243258752612656,14.641550879583564,14.842120170593262,343196,0.0,0.0
2009-07-09 00:00:00+08:00,14.94240487924597,15.44382810888927,14.94240487924597,15.36861515045166,345396,0.0,0.0
2009-07-10 00:00:00+08:00,15.042691815106911,15.193117744361196,14.942406108907628,14.967477798461914,257397,0.0,0.0
2009-07-13 00:00:00+08:00,14.967475971186175,14.967475971186175,14.039843559265137,14.039843559265137,447695,0.0,0.0
2009-07-14 00:00:00+08:00,14.0398450845283,14.616481312309759,14.0398450845283,14.541268348693848,200198,0.0,0.0
2009-07-15 00:00:00+08:00,14.541270132586616,14.94240774111194,14.440985467450792,14.791980743408203,420196,0.0,0.0
2009-07-16 00:00:00+08:00,15.129933425975967,15.805841445922852,15.129933425975967,15.805841445922852,855792,0.954554,0.0
2009-07-17 00:00:00+08:00,16.84569880556889,16.89769172668457,16.195787837045135,16.89769172668457,2269279,0.0,0.0
2009-07-20 00:00:00+08:00,17.05366830780105,18.06752959439831,16.455749246059717,17.521604537963867,1822683,0.0,0.0
2009-07-21 00:00:00+08:00,17.417619903677213,17.57359865776308,16.741711969305133,17.001676559448242,818392,0.0,0.0
2009-07-22 00:00:00+08:00,17.00167665991571,17.157655414923294,16.637726231564677,16.793704986572266,485095,0.0,0.0
2009-07-23 00:00:00+08:00,17.781569765300603,17.781569765300603,16.949684143066406,16.949684143066406,725993,0.0,0.0
2009-07-24 00:00:00+08:00,17.67758398563191,18.119524348863834,17.28763763298677,18.041534423828125,2306679,0.0,0.0
2009-07-27 00:00:00+08:00,17.937546762819792,18.145519511514287,17.39162170638535,17.521604537963867,874492,0.0,0.0
2009-07-28 00:00:00+08:00,17.5735974524264,17.833560933894724,17.521604537963867,17.521604537963867,680893,0.0,0.0
2009-07-29 00:00:00+08:00,17.547603892248404,18.509472453081763,17.521607975339457,18.145523071289062,1571885,0.0,0.0
2009-07-30 00:00:00+08:00,18.1455222533286,18.1455222533286,17.46961426318498,17.59959602355957,581894,0.0,0.0
2009-07-31 00:00:00+08:00,17.93754997622829,18.66545199994758,17.78157120489799,18.093528747558594,867892,0.0,0.0
2009-08-03 00:00:00+08:00,18.40548273911528,18.40548273911528,17.70357894897461,17.70357894897461,564294,0.0,0.0
2009-08-04 00:00:00+08:00,17.83356702682146,18.119528699487805,16.48175187978554,16.53374481201172,905291,0.0,0.0
2009-08-05 00:00:00+08:00,16.58573362238435,17.157655734739368,16.117797348639336,16.169790267944336,588494,0.0,0.0
2009-08-06 00:00:00+08:00,16.22178396501768,16.45575156768575,15.363901300775407,15.935823440551758,403696,0.0,0.0
2009-08-10 00:00:00+08:00,15.779844410957066,16.351766541157755,15.701855574988308,16.1177978515625,259597,0.0,0.0
2009-08-11 00:00:00+08:00,16.221783322313012,16.637726680216197,16.221783322313012,16.50774383544922,376196,0.0,0.0
2009-08-12 00:00:00+08:00,16.63772523141246,17.651586532592773,16.63772523141246,17.651586532592773,1464086,0.0,0.0
2009-08-13 00:00:00+08:00,17.833561811543742,18.82142723494806,17.833561811543742,18.691444396972656,2811574,0.0,0.0
2009-08-14 00:00:00+08:00,19.70530528034095,19.70530528034095,19.029398465451234,19.28936195373535,2089981,0.0,0.0
2009-08-17 00:00:00+08:00,19.23737197759415,19.341357819239285,18.45747925610012,18.873422622680664,1156089,0.0,0.0
2009-08-18 00:00:00+08:00,18.717441980753208,18.769435990229617,17.573598861694336,17.573598861694336,1362887,0.0,0.0
2009-08-19 00:00:00+08:00,17.833564655341636,18.43148384185469,17.625592954092678,18.27550506591797,1286988,0.0,0.0
2009-08-20 00:00:00+08:00,18.301498721089075,18.301498721089075,17.027672753806204,17.677583694458008,655594,0.0,0.0
2009-08-21 00:00:00+08:00,17.83356324385494,18.717442904205917,17.83356324385494,17.98954200744629,956991,0.0,0.0
2009-08-24 00:00:00+08:00,18.30149905060988,18.821428248830493,18.197514301810223,18.587459564208984,895391,0.0,0.0
2009-08-25 00:00:00+08:00,18.691444365237114,19.601319866142465,18.613455535259813,19.133384704589844,1659884,0.0,0.0
2009-08-26 00:00:00+08:00,19.393349112004646,19.575325966109446,18.717442250878964,19.23737144470215,1145089,0.0,0.0
2009-08-27 00:00:00+08:00,19.39334791908441,20.381214417427444,19.28936208671613,19.757299423217773,3086571,0.0,0.0
2009-08-28 00:00:00+08:00,20.017265681693786,20.069259695913118,19.34135876866604,19.39335060119629,1206689,0.0,0.0
2009-08-31 00:00:00+08:00,20.01726291329408,20.01726291329408,19.39334791908441,19.757299423217773,967991,0.0,0.0
2009-09-01 00:00:00+08:00,19.75730016103634,21.135110855102543,19.653314324784805,21.13511085510254,1731384,0.0,0.0
2009-09-02 00:00:00+08:00,21.733028224921203,22.512923064570572,21.629042391747205,22.148971557617188,3105271,0.0,0.0
2009-09-03 00:00:00+08:00,22.408939475874714,23.500789742716936,22.148973776057176,22.20096778869629,3282370,0.0,0.0
2009-09-04 00:00:00+08:00,22.252959619646386,22.928868693820778,21.62904455811111,22.20096778869629,2781874,0.0,0.0
2009-09-07 00:00:00+08:00,22.3569454632356,22.46093130682481,21.91500726424821,22.20096778869629,1426687,0.0,0.0
2009-09-08 00:00:00+08:00,22.356943130493164,23.292815625146346,22.25295729775392,22.356943130493164,1750084,0.0,0.0
2009-09-09 00:00:00+08:00,22.33095062387988,22.51292530461875,21.05712349532974,21.10911750793457,1664284,0.0,0.0
2009-09-10 00:00:00+08:00,21.31708955138026,21.57705307368374,20.017265394795707,20.48520278930664,1788583,0.0,0.0
2009-09-11 00:00:00+08:00,20.48520331263696,21.213104248046875,20.48520331263696,21.213104248046875,1040590,0.0,0.0
2009-09-14 00:00:00+08:00,21.213103351455214,21.577052712932957,20.901145820893284,21.10911750793457,776592,0.0,0.0
2009-09-15 00:00:00+08:00,21.395078539956582,21.759027910071822,21.213103854898964,21.603050231933594,681993,0.0,0.0
2009-09-16 00:00:00+08:00,21.75902498250311,21.96699664649857,21.681036153927007,21.707033157348633,851392,0.0,0.0
2009-09-17 00:00:00+08:00,21.889007480446317,22.772885947955334,21.83701347440469,22.09697914123535,2153780,0.0,0.0
2009-09-18 00:00:00+08:00,22.096982059949966,22.512925436468564,21.889010371690663,21.992996215820312,884391,0.0,0.0
2009-09-21 00:00:00+08:00,22.096982646491615,22.460932019761536,21.915007959856652,22.04498863220215,1398087,0.0,0.0
2009-09-22 00:00:00+08:00,22.148971557617188,22.38294022768088,21.811019236068297,22.148971557617188,907491,0.0,0.0
2009-09-23 00:00:00+08:00,22.35694466429293,23.032853714313188,21.81102064122534,21.889009475708008,1945882,0.0,0.0
2009-09-24 00:00:00+08:00,21.837013742614,21.99299358096594,21.369078590935718,21.473064422607422,813992,0.0,0.0
2009-09-25 00:00:00+08:00,21.36907630389223,21.78501958606236,21.36907630389223,21.629039764404297,504895,0.0,0.0
2009-09-28 00:00:00+08:00,21.73303034427064,21.73303034427064,20.8491517669425,20.87514877319336,764493,0.0,0.0
2009-09-29 00:00:00+08:00,21.317089906759637,21.369081739411474,20.92714134426997,20.95313835144043,557694,0.0,0.0
2009-09-30 00:00:00+08:00,20.953138537413064,21.57705362490728,20.953138537413064,21.213104248046875,949291,0.0,0.0
2009-10-01 00:00:00+08:00,21.42107448061945,21.42107448061945,20.927142231876402,21.057125091552734,309097,0.0,0.0
2009-10-02 00:00:00+08:00,20.693173567928334,21.36908044148309,20.693173567928334,21.239097595214844,542295,0.0,0.0
2009-10-05 00:00:00+08:00,21.369079238565714,21.759025573730465,21.13511056479133,21.75902557373047,537895,0.0,0.0
2009-10-06 00:00:00+08:00,22.200967904079615,22.408939592338914,21.837016358781327,21.992996215820312,1251788,0.0,0.0
2009-10-07 00:00:00+08:00,22.356945579429574,22.356945579429574,21.941002202910976,21.992996215820312,937191,0.0,0.0
2009-10-08 00:00:00+08:00,21.966997545114825,22.096980385851463,21.135110855102543,21.13511085510254,898691,0.0,0.0
2009-10-09 00:00:00+08:00,21.317085180656044,21.473062825719623,20.979130707433484,21.08311653137207,478495,0.0,0.0
2009-10-12 00:00:00+08:00,21.31708994055091,21.31708994055091,21.00513239907812,21.18710708618164,373996,0.0,0.0
2009-10-13 00:00:00+08:00,20.979135544814266,21.213104248046875,20.901146704299766,21.213104248046875,525795,0.0,0.0
2009-10-14 00:00:00+08:00,21.317089547808436,21.7330307470865,21.317089547808436,21.57705307006836,706193,0.0,0.0
2009-10-15 00:00:00+08:00,21.785022877096853,21.785022877096853,21.109116032306304,21.13511085510254,543395,0.0,0.0
2009-10-16 00:00:00+08:00,21.421072856807484,21.421072856807484,20.901145820893284,21.10911750793457,406996,0.0,0.0
2009-10-19 00:00:00+08:00,21.265095306912766,22.148973891170275,21.005131787433154,21.992996215820312,1193489,0.0,0.0
2009-10-20 00:00:00+08:00,22.35694629665407,22.46093214411965,21.603050538795443,21.837017059326172,867892,0.0,0.0
2009-10-21 00:00:00+08:00,21.889007974010966,22.616908803185662,21.629042301318467,22.356943130493164,1405787,0.0,0.0
2009-10-22 00:00:00+08:00,22.09698245495673,22.356945979083463,21.5770532250142,21.603050231933594,777692,0.0,0.0
2009-10-23 00:00:00+08:00,21.629044939056588,21.9929964888735,21.603050113968205,21.81102180480957,304697,0.0,0.0
2009-10-26 00:00:00+08:00,21.94100467328668,21.94100467328668,21.36908355702453,21.39508056640625,283797,0.0,0.0
2009-10-27 00:00:00+08:00,21.395077604303548,21.525058269838045,20.92714022697465,21.265094757080078,436696,0.0,0.0
2009-10-28 00:00:00+08:00,21.16110988900167,21.23909872824747,20.901146364285978,20.927141189575195,324497,0.0,0.0
2009-10-29 00:00:00+08:00,20.693174599880653,20.693174599880653,19.47134145641858,20.277231216430664,1271588,0.0,0.0
2009-10-30 00:00:00+08:00,20.381217271605294,20.381217271605294,19.54933049616196,19.6273193359375,914091,0.0,0.0
2009-11-02 00:00:00+08:00,18.977407790405223,19.289365340125876,18.977407790405223,19.263370513916016,446595,0.0,0.0
2009-11-03 00:00:00+08:00,19.26336529783951,19.471336941339338,19.029396653480063,19.081388473510742,567594,0.0,0.0
2009-11-04 00:00:00+08:00,19.08139011530514,19.731302102583747,19.08139011530514,19.705305099487305,587394,0.0,0.0
2009-11-05 00:00:00+08:00,19.70530491168319,19.70530491168319,19.289361592859283,19.49733543395996,459795,0.0,0.0
2009-11-06 00:00:00+08:00,19.757303107274893,20.48520406958132,19.757303107274893,19.965274810791016,1845783,0.0,0.0
2009-11-09 00:00:00+08:00,20.43320869930318,20.53719454417292,19.757301798494392,20.01726531982422,1439886,0.0,0.0
2009-11-10 00:00:00+08:00,20.303225475647334,21.369080911447913,20.277230651173152,21.317089080810547,2523377,0.0,0.0
2009-11-11 00:00:00+08:00,21.577050254279126,22.01899058430606,21.447067419267302,21.473064422607422,1920582,0.0,0.0
2009-11-12 00:00:00+08:00,21.62904442801276,21.83701611394024,21.23909806232099,21.317089080810547,679793,0.0,0.0
2009-11-13 00:00:00+08:00,21.317090095962577,21.525059610104876,21.16111023324447,21.213104248046875,575294,0.0,0.0
2009-11-16 00:00:00+08:00,21.317087411998536,22.070983078200037,21.265093403742526,21.75902557373047,1190189,0.0,0.0
2009-11-17 00:00:00+08:00,21.83701788623237,21.941003737635597,21.00513325669571,21.057125091552734,787592,0.0,0.0
2009-11-18 00:00:00+08:00,21.213099356717457,21.421068822906026,21.057119529965274,21.08311653137207,1097790,0.0,0.0
2009-11-19 00:00:00+08:00,21.083120546697277,21.785024446539683,21.083120546697277,21.52505874633789,1015290,0.0,0.0
2009-11-20 00:00:00+08:00,21.525054572227372,23.006853103637695,21.395073929021173,23.006853103637695,4948855,0.0,0.0
2009-11-23 00:00:00+08:00,23.39680501972202,24.54064935398799,23.292819171152384,24.072711944580078,5988345,0.0,0.0
2009-11-24 00:00:00+08:00,24.228692118210358,24.228692118210358,23.7087628687113,24.124706268310547,1983281,0.0,0.0
2009-11-25 00:00:00+08:00,24.12470490213484,24.280682577307008,23.65676969492931,23.76075553894043,1066990,0.0,0.0
2009-11-26 00:00:00+08:00,24.020719736552625,24.228691430448713,23.29281880791632,23.370807647705078,1613685,0.0,0.0
2009-11-27 00:00:00+08:00,22.772889752923685,23.03285546319026,21.8370171230044,22.304954528808594,1802883,0.0,0.0
2009-11-30 00:00:00+08:00,22.850878807466984,22.98086166381836,22.304954737831626,22.98086166381836,1467386,0.0,0.0
2009-12-01 00:00:00+08:00,22.876872294189376,22.876872294189376,22.304951304967936,22.356943130493164,978991,0.0,0.0
2009-12-02 00:00:00+08:00,22.460932789111418,23.91673469543457,22.460932789111418,23.91673469543457,1718184,0.0,0.0
2009-12-03 00:00:00+08:00,24.904597568759367,25.476520799997488,24.07271081909594,24.384668350219727,6245743,0.0,0.0
2009-12-04 00:00:00+08:00,24.332676269291195,25.658495217527648,23.916732898731603,25.476520538330078,7971627,0.0,0.0
2009-12-07 00:00:00+08:00,25.112570451535895,25.736485543481884,24.852606920736296,25.63249969482422,6536140,0.0,0.0
2009-12-08 00:00:00+08:00,25.632496795049217,27.036304502271975,25.06057578297739,26.412391662597656,12857783,0.0,0.0
2009-12-09 00:00:00+08:00,26.15242597951855,26.67235516398788,25.918457301085134,26.412391662597656,6715438,0.0,0.0
2009-12-10 00:00:00+08:00,26.516378579277312,26.82833612832922,24.956593015706915,25.216556549072266,3888464,0.0,0.0
2009-12-11 00:00:00+08:00,25.268549840101514,26.464385986328125,25.268549840101514,26.464385986328125,3797165,0.0,0.0
2009-12-14 00:00:00+08:00,26.776342735112316,26.984314422369806,26.152427673339844,26.152427673339844,7508531,0.0,0.0
2009-12-15 00:00:00+08:00,26.256413267284813,26.41239312208916,25.476520538330078,25.476520538330078,2602576,0.0,0.0
2009-12-16 00:00:00+08:00,25.788474804578993,25.970449460760804,25.47651731611501,25.52850914001465,1497086,0.0,0.0
2009-12-17 00:00:00+08:00,25.918456868598454,25.918456868598454,24.488652180588357,24.59263801574707,1873282,0.0,0.0
2009-12-18 00:00:00+08:00,24.488657443953205,24.8526090360775,24.124708033518218,24.332679748535156,1450886,0.0,0.0
2009-12-21 00:00:00+08:00,24.46266057286664,24.800612945278402,24.436663565238312,24.5406494140625,721593,0.0,0.0
2009-12-22 00:00:00+08:00,24.332674885973063,25.008581733862442,24.332674885973063,24.87860107421875,1052690,0.0,0.0
2009-12-23 00:00:00+08:00,25.060577930679866,25.866467690250218,24.87860324594251,25.78847885131836,2540976,0.0,0.0
2009-12-24 00:00:00+08:00,25.788480127560934,25.94445781314381,25.268550872802734,25.268550872802734,1099990,0.0,0.0
2009-12-25 00:00:00+08:00,25.372536723754372,25.892463796823403,25.268550872802734,25.268550872802734,1627985,0.0,0.0
2009-12-28 00:00:00+08:00,25.658495582894215,27.036306381225586,25.26854921286417,27.036306381225586,6412941,0.0,0.0
2009-12-29 00:00:00+08:00,27.504240812767424,27.816198311580912,27.036303473702798,27.140289306640625,10715002,0.0,0.0
2009-12-30 00:00:00+08:00,27.140287638686118,28.12815408172881,26.828330159044533,27.400253295898438,4889455,0.0,0.0
2009-12-31 00:00:00+08:00,27.556237724664363,27.97218113318964,27.140294316139087,27.296274185180664,4167862,0.0,0.0
2010-01-04 00:00:00+08:00,27.192284348457214,27.81619936982041,26.360397653306283,26.412391662597656,3607967,0.0,0.0
2010-01-05 00:00:00+08:00,26.41239751835635,26.828338776459166,25.476524778823954,25.502519607543945,2252779,0.0,0.0
2010-01-06 00:00:00+08:00,25.502514249060223,25.866465773251054,24.982587240254297,25.112567901611328,1613685,0.0,0.0
2010-01-07 00:00:00+08:00,25.11256772034228,25.21655355769065,24.020717519028846,24.228689193725586,2286879,0.0,0.0
2010-01-08 00:00:00+08:00,24.228693313762054,24.852608443947677,24.020721603700178,24.69662857055664,983391,0.0,0.0
2010-01-11 00:00:00+08:00,24.696626195684345,24.930594892427415,24.436662673950195,24.436662673950195,612694,0.0,0.0
2010-01-12 00:00:00+08:00,24.540646882911464,25.138564906558294,24.4366610448125,25.112567901611328,818392,0.0,0.0
2010-01-13 00:00:00+08:00,24.852607889563068,25.658497702653616,24.696628019651463,25.294546127319336,1061490,0.0,0.0
2010-01-14 00:00:00+08:00,25.73648687600882,25.996452601957476,25.372537477707787,25.580509185791016,1165989,0.0,0.0
2010-01-15 00:00:00+08:00,25.684494276609293,25.892463796823403,25.268550872802734,25.268550872802734,1060390,0.0,0.0
2010-01-18 00:00:00+08:00,25.112571661532648,26.724351302542125,25.112571661532648,26.672359466552734,3682766,0.0,0.0
2010-01-19 00:00:00+08:00,26.776341175326426,27.45224802869557,26.048440312327173,26.620361328125,6447041,0.0,0.0
2010-01-20 00:00:00+08:00,27.192281191568178,27.192281191568178,26.048437118530273,26.048437118530273,1785283,0.0,0.0
2010-01-21 00:00:00+08:00,26.360399109924714,26.360399109924714,25.476520538330078,25.476520538330078,881091,0.0,0.0
2010-01-22 00:00:00+08:00,24.95658816867504,25.52850914001465,24.488650845134703,25.52850914001465,1615885,0.0,0.0
2010-01-25 00:00:00+08:00,25.372537477707787,26.048444438133664,25.112571751759134,25.580509185791016,1008690,0.0,0.0
2010-01-26 00:00:00+08:00,25.736485987493932,25.94445768839724,23.91673469543457,23.91673469543457,1537786,0.0,0.0
2010-01-27 00:00:00+08:00,24.176697793149714,24.54064935398799,23.812748414000556,24.072711944580078,1014190,0.0,0.0
2010-01-28 00:00:00+08:00,24.384666249622434,24.904595423373202,24.384666249622434,24.800609588623047,478495,0.0,0.0
2010-01-29 00:00:00+08:00,24.436665606043622,24.826612026278053,24.228693891026687,24.332679748535156,503795,0.0,0.0
2010-02-01 00:00:00+08:00,24.69662506860244,24.748619079589844,24.228689878160544,24.748619079589844,349796,0.0,0.0
2010-02-02 00:00:00+08:00,24.904594690049834,24.904594690049834,23.656766891479492,23.656766891479492,651194,0.0,0.0
2010-02-03 00:00:00+08:00,24.17669689387131,24.17669689387131,23.65676985205151,23.968725204467773,355296,0.0,0.0
2010-02-04 00:00:00+08:00,24.124703212516504,25.476519089984137,24.020717375788223,24.87860107421875,1602685,0.0,0.0
2010-02-05 00:00:00+08:00,23.16283799524297,23.968727834694345,23.16283799524297,23.396806716918945,988891,0.0,0.0
2010-02-08 00:00:00+08:00,22.30495410014308,22.66890346949484,22.252960086413367,22.4609317779541,355296,0.0,0.0
2010-02-09 00:00:00+08:00,22.798884976150383,23.396803008608398,22.798884976150383,23.188831329345703,405896,0.0,0.0
2010-02-10 00:00:00+08:00,23.760758304158156,23.760758304158156,23.396806716918945,23.396806716918945,477395,0.0,0.0
2010-02-22 00:00:00+08:00,24.17669760887421,24.17669760887421,23.604776536944982,23.630773544311523,246397,0.0,0.0
2010-02-23 00:00:00+08:00,23.630775027332934,24.150704298847934,23.39680630972887,24.020721435546875,570894,0.0,0.0
2010-02-24 00:00:00+08:00,24.228690790288553,24.95659169969257,24.072710933143178,24.17669677734375,1311188,0.0,0.0
2010-02-25 00:00:00+08:00,24.566643031286347,24.644634050334055,24.176696662803867,24.384668350219727,942691,0.0,0.0
2010-02-26 00:00:00+08:00,24.566643072175925,24.90459761021145,24.51465124107993,24.618637084960938,1913982,0.0,0.0
2010-03-01 00:00:00+08:00,24.436657621552296,24.56663826470072,24.176691971878263,24.280677795410156,512595,0.0,0.0
2010-03-02 00:00:00+08:00,24.280682621544326,24.4366624786897,23.812747413486257,24.17669677734375,502695,0.0,0.0
2010-03-03 00:00:00+08:00,24.17669689387131,24.43666259647025,23.968725204467773,23.968725204467773,313497,0.0,0.0
2010-03-04 00:00:00+08:00,24.02071917555765,24.098708013525012,23.396804108440698,23.552783966064453,901991,0.0,0.0
2010-03-05 00:00:00+08:00,24.0207177244489,24.072709552723264,23.65676838146163,23.812746047973633,304697,0.0,0.0
2010-03-08 00:00:00+08:00,24.17669260809108,24.280678434359377,23.942726135253906,23.942726135253906,285997,0.0,0.0
2010-03-09 00:00:00+08:00,23.942732590241935,24.176699126156752,23.942732590241935,24.020721435546875,314597,0.0,0.0
2010-03-10 00:00:00+08:00,24.020720418410736,24.3846698022155,24.020720418410736,24.124706268310547,678693,0.0,0.0
2010-03-11 00:00:00+08:00,24.384666858903696,24.384666858903696,23.96872350951022,24.228689193725586,600594,0.0,0.0
2010-03-12 00:00:00+08:00,24.228688895931814,24.9565897484238,23.99472021935146,24.852603912353516,2214279,0.0,0.0
2010-03-15 00:00:00+08:00,24.80061070122891,25.11256821947442,24.4886531829834,24.4886531829834,1934882,0.0,0.0
2010-03-16 00:00:00+08:00,24.176699871427797,24.8526090360775,24.176699871427797,24.332679748535156,520295,0.0,0.0
2010-03-17 00:00:00+08:00,24.592640350652875,24.696626195684345,24.358673835598854,24.436662673950195,447695,0.0,0.0
2010-03-18 00:00:00+08:00,24.696629030523397,25.580509905592983,24.488657316588114,25.424530029296875,2628976,0.0,0.0
2010-03-19 00:00:00+08:00,25.476520538330078,25.580506380969975,25.32054068352573,25.476520538330078,1444286,0.0,0.0
2010-03-22 00:00:00+08:00,25.476520538330078,25.476520538330078,25.476520538330078,25.476520538330078,0,0.0,0.0
2010-03-23 00:00:00+08:00,25.918459210133452,26.204421918921092,25.73648452758789,25.73648452758789,1557585,0.0,0.0
2010-03-24 00:00:00+08:00,25.99644764414274,26.048439470403505,25.42452446514142,25.45052146911621,1116489,0.0,0.0
2010-03-25 00:00:00+08:00,25.450528220192357,25.52851707111545,25.346542358398438,25.346542358398438,694093,0.0,0.0
2010-03-26 00:00:00+08:00,25.424526058338238,25.580505910272453,25.268548388092974,25.398529052734375,600594,0.0,0.0
2010-03-29 00:00:00+08:00,25.580502652074383,26.776338577270508,25.39852581771476,26.776338577270508,3041472,0.0,0.0
2010-03-30 00:00:00+08:00,27.03630205513062,27.140287882612398,26.41238927192862,26.776338577270508,3626667,0.0,0.0
2010-03-31 00:00:00+08:00,26.776339759112172,26.828331584303516,26.256410598754883,26.256410598754883,2583876,0.0,0.0
2010-04-01 00:00:00+08:00,26.308405511884878,26.464383174520663,26.048439831906766,26.360397338867188,1152789,0.0,0.0
2010-04-02 00:00:00+08:00,26.464383174520663,26.672354845827613,26.308405511884878,26.360397338867188,672093,0.0,0.0
2010-04-06 00:00:00+08:00,26.41239154795092,26.41239154795092,25.684490692853416,25.944454193115234,1698384,0.0,0.0
2010-04-07 00:00:00+08:00,25.944456216693972,26.152427905800053,25.73648452758789,25.73648452758789,1008690,0.0,0.0
2010-04-08 00:00:00+08:00,25.84046989672522,26.152427424644916,25.476520538330078,25.476520538330078,906391,0.0,0.0
2010-04-09 00:00:00+08:00,25.476518534931902,25.91845669513201,25.476518534931902,25.684490203857422,834892,0.0,0.0
2010-04-12 00:00:00+08:00,26.204422114855454,26.93232085048031,25.918459403929628,25.996450424194336,2863273,0.0,0.0
2010-04-13 00:00:00+08:00,25.892458452378268,26.152424116942612,25.47651731611501,25.52850914001465,870092,0.0,0.0
2010-04-14 00:00:00+08:00,25.580506697083283,25.788478384933107,25.580506697083283,25.710487365722656,365196,0.0,0.0
2010-04-15 00:00:00+08:00,25.996452601957476,25.996452601957476,25.580509185791016,25.580509185791016,623694,0.0,0.0
2010-04-16 00:00:00+08:00,25.63249969482422,25.814474384552852,25.37253616402462,25.63249969482422,744693,0.0,0.0
2010-04-19 00:00:00+08:00,25.4765208424015,25.944456049021518,24.46265940998394,24.618637084960938,625894,0.0,0.0
2010-04-20 00:00:00+08:00,25.112567252446073,25.112567252446073,24.800609746213343,24.82660675048828,532395,0.0,0.0
2010-04-21 00:00:00+08:00,25.372536854387825,25.372536854387825,24.956593448439733,25.060579299926758,897591,0.0,0.0
2010-04-22 00:00:00+08:00,25.060575425585043,25.216553087856983,24.696623910802433,24.82660675048828,844792,0.0,0.0
2010-04-23 00:00:00+08:00,24.878602402265454,25.320540595685127,24.878602402265454,25.008583068847656,520295,0.0,0.0
2010-04-26 00:00:00+08:00,25.216556856482327,25.63250026028889,25.086576179059655,25.268550872802734,760093,0.0,0.0
2010-04-27 00:00:00+08:00,25.32053957780926,25.47651942580216,25.060576073406295,25.112567901611328,456495,0.0,0.0
2010-04-28 00:00:00+08:00,23.968727585340083,24.904600280618517,23.968727585340083,24.69662857055664,389396,0.0,0.0
2010-04-29 00:00:00+08:00,24.696628335592674,25.580509185791016,24.696628335592674,25.580509185791016,1871082,0.0,0.0
2010-04-30 00:00:00+08:00,25.996449751529568,26.56837079520451,25.42452652616563,25.476520538330078,4446159,0.0,0.0
2010-05-03 00:00:00+08:00,25.476519851651453,25.736483360399802,24.904596641702785,24.95659065246582,662193,0.0,0.0
2010-05-04 00:00:00+08:00,25.19056083653128,25.21655784571133,24.69662857055664,24.69662857055664,529095,0.0,0.0
2010-05-05 00:00:00+08:00,24.17669386823202,24.436659538297054,23.656766891479492,23.656766891479492,696293,0.0,0.0
2010-05-06 00:00:00+08:00,22.90287236076886,23.500790433561367,22.668903660392985,22.720897674560547,658894,0.0,0.0
2010-05-07 00:00:00+08:00,21.837016133904324,22.408939361572266,21.3690809309842,22.408939361572266,768893,0.0,0.0
2010-05-10 00:00:00+08:00,22.512926435318178,23.344811043575262,22.434937594183005,22.98086166381836,311297,0.0,0.0
2010-05-11 00:00:00+08:00,23.162833519995228,23.318813364872398,22.772887180335594,22.876873016357422,472995,0.0,0.0
2010-05-12 00:00:00+08:00,23.03285262157063,23.03285262157063,22.434934616088867,22.434934616088867,372896,0.0,0.0
2010-05-13 00:00:00+08:00,22.590914585681045,23.188832652249797,22.590914585681045,23.1368408203125,380596,0.0,0.0
2010-05-14 00:00:00+08:00,22.980856102321017,23.058844924582456,22.77288445516478,23.006853103637695,244197,0.0,0.0
2010-05-17 00:00:00+08:00,22.954864036692914,23.266821574503478,22.694900512695312,22.694900512695312,359696,0.0,0.0
2010-05-18 00:00:00+08:00,22.74689171524663,22.980860407551198,22.408939361572266,22.408939361572266,236497,0.0,0.0
2010-05-19 00:00:00+08:00,22.408939433801738,22.408939433801738,21.785024373437867,21.966999053955078,328897,0.0,0.0
2010-05-20 00:00:00+08:00,22.356942626377272,22.66890011756082,22.044985135193723,22.09697914123535,558794,0.0,0.0
2010-05-21 00:00:00+08:00,21.3170908109054,21.3170908109054,20.79716155388925,21.057125091552734,533495,0.0,0.0
2010-05-24 00:00:00+08:00,21.057124385328766,21.317090095962577,20.901146704299766,21.213104248046875,375096,0.0,0.0
2010-05-25 00:00:00+08:00,20.797160127023655,20.901145971292554,19.861287528603565,20.225236892700195,593994,0.0,0.0
2010-05-26 00:00:00+08:00,20.01726405371634,20.693173093462384,20.01726405371634,20.303224563598633,236497,0.0,0.0
2010-05-27 00:00:00+08:00,20.641180121247167,21.161109338850384,20.43320843420588,21.10911750793457,238697,0.0,0.0
2010-05-28 00:00:00+08:00,21.681038440339133,21.681038440339133,21.265095068484175,21.317089080810547,251897,0.0,0.0
2010-05-31 00:00:00+08:00,21.31709171995037,21.473069412862127,21.265097701186935,21.39508056640625,170498,0.0,0.0
2010-06-01 00:00:00+08:00,21.31709171995037,21.421075394098693,21.161111845349335,21.39508056640625,162798,0.0,0.0
2010-06-02 00:00:00+08:00,21.36907870677223,21.39507571025327,20.823152542114258,20.823152542114258,210098,0.0,0.0
2010-06-03 00:00:00+08:00,21.109116930635555,21.317088611989163,21.083119925044116,21.239097595214844,84699,0.0,0.0
2010-06-04 00:00:00+08:00,21.31709171995037,21.55105825931801,21.213105864112773,21.39508056640625,117698,0.0,0.0
2010-06-07 00:00:00+08:00,21.031129703000474,21.031129703000474,20.32922569739355,20.589191436767578,131998,0.0,0.0
2010-06-08 00:00:00+08:00,20.589189010447736,21.733031147492206,20.589189010447736,21.18710708618164,327797,0.0,0.0
2010-06-09 00:00:00+08:00,21.18710821796294,21.525060603011184,20.537196093088426,20.64118194580078,200198,0.0,0.0
2010-06-10 00:00:00+08:00,20.641178350367223,20.95313585416521,20.589186523911973,20.90114402770996,129798,0.0,0.0
2010-06-11 00:00:00+08:00,21.161108277569433,21.317088125872136,20.92713959595983,20.97913360595703,124298,0.0,0.0
2010-06-14 00:00:00+08:00,21.05712243926393,21.135111272570832,20.90114477265013,20.97913360595703,116598,0.0,0.0
2010-06-15 00:00:00+08:00,21.161108596595618,21.889009475708008,21.00513092763029,21.889009475708008,419096,0.0,0.0
2010-06-17 00:00:00+08:00,21.88901107390351,22.252960449188492,21.733031211860595,21.837017059326172,265097,0.0,0.0
2010-06-18 00:00:00+08:00,21.837017059326175,21.88901107390351,21.785025226437934,21.837017059326172,104499,0.0,0.0
2010-06-21 00:00:00+08:00,22.096982925065447,22.226965780738706,21.837017213718934,21.863014221191406,163898,0.0,0.0
2010-06-22 00:00:00+08:00,22.0969811554544,22.0969811554544,21.83701546492694,21.889009475708008,134198,0.0,0.0
2010-06-23 00:00:00+08:00,21.889009425567785,21.889009425567785,21.60304891199376,21.655040740966797,170498,0.0,0.0
2010-06-24 00:00:00+08:00,21.47306448993155,21.837013811079213,21.47306448993155,21.707033157348633,100099,0.0,0.0
2010-06-25 00:00:00+08:00,21.317089665129874,21.629045020883048,21.317089665129874,21.369081497192383,126498,0.0,0.0
2010-06-28 00:00:00+08:00,21.369081497192383,21.369081497192383,21.369081497192383,21.369081497192383,0,0.0,0.0
2010-06-29 00:00:00+08:00,21.78502428330287,21.78502428330287,21.317089080810547,21.317089080810547,170498,0.0,0.0
2010-06-30 00:00:00+08:00,20.823153015493844,21.265093357963202,20.6931723585113,20.90114402770996,135298,0.0,0.0
2010-07-01 00:00:00+08:00,20.901146518788593,21.213104059766877,20.84915250444767,20.95313835144043,101199,0.0,0.0
2010-07-02 00:00:00+08:00,21.109116669739702,21.681037695549055,21.109116669739702,21.421072006225586,236497,0.0,0.0
2010-07-05 00:00:00+08:00,21.837014151124222,22.096979826011104,21.577050657926147,21.94099998474121,279397,0.0,0.0
2010-07-06 00:00:00+08:00,21.941001461460445,22.09698131322842,21.733029780229117,21.915006637573242,261797,0.0,0.0
2010-07-07 00:00:00+08:00,21.992996985502167,22.772889752923685,21.88901113773336,22.304954528808594,625894,0.0,0.0
2010-07-08 00:00:00+08:00,22.35694383624829,23.136838697256415,22.35694383624829,22.876873016357422,635794,0.0,0.0
2010-07-09 00:00:00+08:00,22.980861200331127,23.18883289362322,22.6169118279145,22.720897674560547,356396,0.0,0.0
2010-07-12 00:00:00+08:00,22.876873016357422,22.98085885237925,22.720895353169112,22.876873016357422,283797,0.0,0.0
2010-07-13 00:00:00+08:00,22.87687119158764,23.136836851750516,22.64290471546747,22.668899536132812,301397,0.0,0.0
2010-07-14 00:00:00+08:00,22.98085601526488,23.188827661633276,22.772884368896484,22.772884368896484,303597,0.0,0.0
2010-07-15 00:00:00+08:00,22.876873810451663,23.396803008608398,22.798884976150383,23.188831329345703,678693,0.0,0.0
2010-07-16 00:00:00+08:00,23.396804223635495,24.800612040715816,23.396804223635495,24.436662673950195,2259379,0.0,0.0
2010-07-19 00:00:00+08:00,24.176699126156752,24.254690153150936,23.760757890633993,24.020721435546875,445495,0.0,0.0
2010-07-20 00:00:00+08:00,24.020720111139823,24.306680649284036,24.020720111139823,24.072711944580078,369596,0.0,0.0
2010-07-21 00:00:00+08:00,24.072709346858588,24.410663863663007,24.072709346858588,24.228689193725586,598394,0.0,0.0
2010-07-22 00:00:00+08:00,24.410666939657638,24.410666939657638,23.734760002566468,23.91673469543457,915191,0.0,0.0
2010-07-23 00:00:00+08:00,24.24661626635863,24.5490112600326,24.24661626635863,24.411558151245117,799692,2.272748,0.0
2010-07-26 00:00:00+08:00,24.549013045044603,24.549013045044603,23.696807861328125,23.696807861328125,464195,0.0,0.0
2010-07-27 00:00:00+08:00,23.88923897866818,23.88923897866818,23.39441101958013,23.421899795532227,465295,0.0,0.0
2010-07-28 00:00:00+08:00,23.42190020077346,23.696806421635607,23.394411424345755,23.669315338134766,521395,0.0,0.0
2010-07-29 00:00:00+08:00,23.669318297050545,24.466543668724626,23.641827210113025,24.43905258178711,343196,0.0,0.0
2010-07-30 00:00:00+08:00,24.356578291973992,24.439049234417237,24.026692215127902,24.411558151245117,416896,0.0,0.0
2010-08-02 00:00:00+08:00,24.411557806769117,24.57650199640116,24.081671734578112,24.136653900146484,416896,0.0,0.0
2010-08-03 00:00:00+08:00,24.439053282825217,24.439053282825217,23.751789932113528,23.97171401977539,388296,0.0,0.0
2010-08-04 00:00:00+08:00,23.97171179181884,23.97171179181884,23.586845827717184,23.696807861328125,425696,0.0,0.0
2010-08-05 00:00:00+08:00,23.696806011637996,23.834259119690884,23.421899795532227,23.421899795532227,291497,0.0,0.0
2010-08-06 00:00:00+08:00,23.421900331426645,23.504373582389228,23.311938303883018,23.366920471191406,168298,0.0,0.0
2010-08-09 00:00:00+08:00,23.39441741082981,24.63148880004883,23.201982084154068,24.631488800048828,324497,0.0,0.0
2010-08-10 00:00:00+08:00,24.13665452935653,24.13665452935653,23.669315338134766,23.669315338134766,268397,0.0,0.0
2010-08-11 00:00:00+08:00,23.91673060890954,23.91673060890954,23.366920471191406,23.366920471191406,256297,0.0,0.0
2010-08-12 00:00:00+08:00,23.366920340844914,24.081672362354844,23.366920340844914,23.669315338134766,133098,0.0,0.0
2010-08-13 00:00:00+08:00,23.696810775058307,24.603995933589967,23.696810775058307,24.46654510498047,573094,0.0,0.0
2010-08-16 00:00:00+08:00,24.57650234320472,24.713953144919092,24.274105042457638,24.411558151245117,315697,0.0,0.0
2010-08-17 00:00:00+08:00,24.466541797149077,24.52152165974499,24.301597595214844,24.301597595214844,243097,0.0,0.0
2010-08-18 00:00:00+08:00,24.57650199640116,24.57650199640116,24.136653900146484,24.136653900146484,272797,0.0,0.0
2010-08-19 00:00:00+08:00,24.13665383300793,24.466539904281326,24.13665383300793,24.164142608642578,299197,0.0,0.0
2010-08-20 00:00:00+08:00,24.164141699054102,24.246614944072792,24.026690904835593,24.0816707611084,293697,0.0,0.0
2010-08-23 00:00:00+08:00,24.081671734578112,24.164142675857594,23.999200793298627,24.136653900146484,237597,0.0,0.0
2010-08-24 00:00:00+08:00,24.24661973961967,25.12631607055664,24.24661973961967,25.12631607055664,1168189,0.0,0.0
2010-08-25 00:00:00+08:00,25.07133521066824,25.07133521066824,24.466545104980465,24.46654510498047,515895,0.0,0.0
2010-08-26 00:00:00+08:00,24.301596384359215,24.46654057807491,23.69680639057231,23.8067684173584,371796,0.0,0.0
2010-08-27 00:00:00+08:00,23.69681006373481,24.164147019711145,23.69681006373481,23.97171401977539,179298,0.0,0.0
2010-08-30 00:00:00+08:00,24.246617405680933,24.356579436463292,23.91673131333385,24.02669334411621,236497,0.0,0.0
2010-08-31 00:00:00+08:00,23.751789536685553,23.8067717112224,22.65216911668311,22.872093200683594,367396,0.0,0.0
2010-09-01 00:00:00+08:00,22.872091254982895,23.092015320274715,22.81711139219657,23.009544372558594,112198,0.0,0.0
2010-09-02 00:00:00+08:00,23.33942813357894,24.549010371571562,23.201975029766068,24.191633224487305,765593,0.0,0.0
2010-09-03 00:00:00+08:00,24.46654122166454,24.906389340379036,24.219126078119334,24.494029998779297,884391,0.0,0.0
2010-09-06 00:00:00+08:00,24.494032324044422,26.198445099402846,24.494032324044422,25.593652725219727,2941373,0.0,0.0
2010-09-07 00:00:00+08:00,25.5936494456586,25.5936494456586,25.236274591375576,25.53866958618164,887691,0.0,0.0
2010-09-08 00:00:00+08:00,25.538671575096455,25.538671575096455,24.85140828213613,25.263765335083008,582994,0.0,0.0
2010-09-09 00:00:00+08:00,25.291257858276367,25.951030103327938,25.12631595055019,25.291257858276367,697393,0.0,0.0
2010-09-10 00:00:00+08:00,25.786082444971804,25.841064611586987,25.26376339749317,25.401216506958008,751293,0.0,0.0
2010-09-13 00:00:00+08:00,25.40122039308558,26.17095469394779,25.12631643917153,26.1159725189209,1010890,0.0,0.0
2010-09-14 00:00:00+08:00,26.225934816755835,27.710423564952585,26.225934816755835,27.380535125732422,4896055,0.0,0.0
2010-09-15 00:00:00+08:00,27.765402048295627,28.20525020254829,27.2155918554798,27.32555389404297,2187880,0.0,0.0
2010-09-16 00:00:00+08:00,27.49050152954732,27.49050152954732,26.665784984063016,27.215595245361328,1896382,0.0,0.0
2010-09-17 00:00:00+08:00,27.490493892772054,29.084942054067497,27.380529563986478,28.370187759399414,7463432,0.0,0.0
2010-09-20 00:00:00+08:00,28.260226863971404,28.91999902054129,27.8203810666646,27.985322952270508,2261579,0.0,0.0
2010-09-21 00:00:00+08:00,27.98532183694201,28.91999786796216,27.545473750091816,28.370187759399414,2767574,0.0,0.0
2010-09-23 00:00:00+08:00,28.645093967217303,28.645093967217303,27.8203799579097,28.370187759399414,1325487,0.0,0.0
2010-09-24 00:00:00+08:00,29.029960196335477,30.349504470825195,29.029960196335477,30.349504470825195,8238925,0.0,0.0
2010-09-27 00:00:00+08:00,30.734374690954404,31.88897724596794,30.459470748901367,30.459470748901367,7510731,0.0,0.0
2010-09-28 00:00:00+08:00,30.294526017298804,30.844333850084105,30.18456398932711,30.514450073242188,1743484,0.0,0.0
2010-09-29 00:00:00+08:00,30.789358434061832,32.16388282858325,30.129586170993914,31.06426239013672,3783965,0.0,0.0
2010-09-30 00:00:00+08:00,31.06426143137534,33.09856033325195,30.51445353619473,33.09856033325195,7384232,0.0,0.0
2010-10-01 00:00:00+08:00,33.64836883544922,34.0882170051873,32.49376854342348,33.64836883544922,5750747,0.0,0.0
2010-10-04 00:00:00+08:00,34.08821657734219,34.08821657734219,33.04357834086234,33.53840637207031,2997472,0.0,0.0
2010-10-05 00:00:00+08:00,34.0882170051873,34.0882170051873,32.603730585857996,33.64836883544922,3921464,0.0,0.0
2010-10-06 00:00:00+08:00,34.08821907159325,34.638029317095,33.20852498586405,33.483428955078125,2896273,0.0,0.0
2010-10-07 00:00:00+08:00,33.648369117498405,33.86829320421091,31.99894077422812,32.328826904296875,2913873,0.0,0.0
2010-10-08 00:00:00+08:00,32.32882541082557,32.5487494873784,31.06426081711012,31.449129104614258,1818283,0.0,0.0
2010-10-11 00:00:00+08:00,31.88897714055163,32.878633174329735,31.44912898906209,31.614070892333984,3235070,0.0,0.0
2010-10-12 00:00:00+08:00,31.83399254126191,32.0539166002411,31.394144423303533,31.77901268005371,1282588,0.0,0.0
2010-10-13 00:00:00+08:00,31.7240341979375,32.43878862620715,31.559092288074325,31.943958282470703,1840283,0.0,0.0
2010-10-14 00:00:00+08:00,32.2738431195683,32.658709098584964,31.614070892333984,31.614070892333984,1734684,0.0,0.0
2010-10-15 00:00:00+08:00,31.888974510422383,32.05391640009025,30.51445030392184,30.954296112060547,1303488,0.0,0.0
2010-10-18 00:00:00+08:00,31.339166935981428,31.339166935981428,30.514452805875436,30.624412536621094,2340778,0.0,0.0
2010-10-19 00:00:00+08:00,30.569434053456092,31.339168352993067,30.349509967874102,30.789358139038086,1451986,0.0,0.0
2010-10-20 00:00:00+08:00,31.229203748247567,31.394145645365967,30.789355613167466,31.11924171447754,727093,0.0,0.0
2010-10-21 00:00:00+08:00,31.11924456559579,31.669054784819053,31.06426239013672,31.06426239013672,1347487,0.0,0.0
2010-10-22 00:00:00+08:00,31.064257361241047,31.284181413327534,30.51444953809795,30.569429397583008,1233088,0.0,0.0
2010-10-25 00:00:00+08:00,30.84433296346548,30.899315129407444,29.96463676497876,30.294525146484375,1403587,0.0,0.0
2010-10-26 00:00:00+08:00,30.239548336690486,31.28418660388737,29.96464207243436,30.899320602416992,4469259,0.0,0.0
2010-10-27 00:00:00+08:00,30.51444953809795,30.89931547571274,30.23954331945328,30.569429397583008,2078981,0.0,0.0
2010-10-28 00:00:00+08:00,30.78935115041904,32.38379925544122,30.679389132587406,31.88897132873535,5480150,0.0,0.0
2010-10-29 00:00:00+08:00,31.88897132873535,31.88897132873535,31.174217059293277,31.88897132873535,1735784,0.0,0.0
2010-11-01 00:00:00+08:00,32.16388195361874,32.16388195361874,30.844337463378906,30.844337463378906,1741284,0.0,0.0
2010-11-02 00:00:00+08:00,30.84433242022231,31.33916267669248,29.909656379328624,30.349504470825195,2545376,0.0,0.0
2010-11-03 00:00:00+08:00,30.514453930184256,30.734375706851985,28.37019296017106,28.535137176513672,2206579,0.0,0.0
2010-11-04 00:00:00+08:00,28.315210591174917,29.359848743116892,28.260228421560473,28.865020751953125,1304588,0.0,0.0
2010-11-05 00:00:00+08:00,29.139924678805606,29.579772807428174,28.5351346554862,28.865020751953125,1289188,0.0,0.0
2010-11-08 00:00:00+08:00,28.86502082815734,29.194906925495175,28.53513473081951,28.59011459350586,754,0.0,0.0
2010-11-09 00:00:00+08:00,29.029964228207554,29.029964228207554,28.480154037475586,28.480154037475586,533495,0.0,0.0
2010-11-10 00:00:00+08:00,28.370192115517536,28.370192115517536,27.490498113817033,28.31521224975586,1209989,0.0,0.0
2010-11-11 00:00:00+08:00,28.315212133792684,29.084946400817437,28.040305884890014,28.480154037475586,1006490,0.0,0.0
2010-11-12 00:00:00+08:00,29.139926266353946,29.139926266353946,28.2602299611828,28.480154037475586,581894,0.0,0.0
2010-11-15 00:00:00+08:00,28.48015415411427,28.590116192711008,28.20525021115912,28.31521224975586,368496,0.0,0.0
2010-11-16 00:00:00+08:00,28.040308959057523,28.425177288301185,27.985329087493355,28.095291137695312,504895,0.0,0.0
2010-11-17 00:00:00+08:00,28.040308959057523,28.315215238099228,27.710425115525272,28.095291137695312,1119789,0.0,0.0
2010-11-18 00:00:00+08:00,28.205247103700806,28.260226963405184,27.765398997773275,27.82038116455078,568694,0.0,0.0
2010-11-19 00:00:00+08:00,28.040302468343274,28.205246659002064,27.71041870117187,27.710418701171875,234297,0.0,0.0
2010-11-22 00:00:00+08:00,27.710422611623173,28.040306425347257,27.43551635742188,27.435516357421875,249697,0.0,0.0
2010-11-23 00:00:00+08:00,27.490494651675544,28.040302468343274,27.490494651675544,27.710418701171875,476295,0.0,0.0
2010-11-24 00:00:00+08:00,27.49049508510513,28.31520913018269,27.49049508510513,27.82038116455078,455395,0.0,0.0
2010-11-25 00:00:00+08:00,28.1502685546875,28.2052507285311,27.765402566075977,28.1502685546875,845892,0.0,0.0
2010-11-26 00:00:00+08:00,28.15026371597432,29.02995988967471,27.93034197962225,28.370187759399414,1057090,0.0,0.0
2010-11-29 00:00:00+08:00,28.865022442739537,28.97498448133627,28.31521224975586,28.31521224975586,552194,0.0,0.0
2010-11-30 00:00:00+08:00,28.370193036449372,29.909661626776742,28.370193036449372,29.249889373779297,1695084,0.0,0.0
2010-12-01 00:00:00+08:00,29.139923152761426,30.56942949592219,29.029961126364444,30.40448760986328,1728084,0.0,0.0
2010-12-02 00:00:00+08:00,30.514448658672936,30.89931458519591,29.96463623722917,30.349504470825195,1588385,0.0,0.0
2010-12-03 00:00:00+08:00,30.514454477986945,31.174224433981372,30.129586170993914,31.06426239013672,2595976,0.0,0.0
2010-12-06 00:00:00+08:00,31.11923877973825,31.669048896737838,30.62440852090209,31.339162826538086,1440986,0.0,0.0
2010-12-07 00:00:00+08:00,31.33916780075556,31.33916780075556,30.67939555563564,30.844337463378906,1385987,0.0,0.0
2010-12-08 00:00:00+08:00,30.78935945848169,30.844339328696556,30.12958717346191,30.129587173461914,1010890,0.0,0.0
2010-12-09 00:00:00+08:00,30.184561842109193,30.514447902557396,29.68973159790039,29.68973159790039,1304588,0.0,0.0
2010-12-10 00:00:00+08:00,29.689733934362973,31.009278279998618,29.689733934362973,30.954296112060547,1944782,0.0,0.0
2010-12-13 00:00:00+08:00,31.064258140863515,31.5041062560754,30.789354222392678,30.954296112060547,1524586,0.0,0.0
2010-12-14 00:00:00+08:00,30.899321930934256,31.1192460289654,30.23954963684082,30.23954963684082,1044990,0.0,0.0
2010-12-15 00:00:00+08:00,30.239547830701124,30.514454090357326,29.524795708327225,29.964641571044922,740293,0.0,0.0
2010-12-16 00:00:00+08:00,30.349505443128226,30.459467469525208,29.799695311143317,30.40448760986328,361896,0.0,0.0
2010-12-17 00:00:00+08:00,30.404490066772603,31.33916621313918,29.964639618568356,31.229204177856445,1366187,0.0,0.0
2010-12-20 00:00:00+08:00,31.229201553842472,31.284181413327534,30.51444953809795,30.569429397583008,524695,0.0,0.0
2010-12-21 00:00:00+08:00,31.06426201669349,32.65871047973633,30.56943397887794,32.65871047973633,5468050,0.0,0.0
2010-12-22 00:00:00+08:00,32.658709113471446,33.48342555142695,32.21886326885478,32.603729248046875,4838,0.0,0.0
2010-12-23 00:00:00+08:00,33.42844919107859,34.85795593261719,32.98860326998663,34.85795593261719,3559567,0.0,0.0
2010-12-24 00:00:00+08:00,34.85795127586482,35.46274135526053,34.198179021756694,34.63802719116211,5340451,0.0,0.0
2010-12-27 00:00:00+08:00,35.13285929722924,36.28745964628612,34.088218688964844,34.088218688964844,4024863,0.0,0.0
2010-12-28 00:00:00+08:00,34.363118857475534,34.528060746435514,32.548746543549896,33.81330871582031,2055881,0.0,0.0
2010-12-29 00:00:00+08:00,33.64836177548211,33.97824783357028,31.998933792114258,31.998933792114258,2177980,0.0,0.0
2010-12-30 00:00:00+08:00,32.38380694287949,32.823655118619484,31.888978898708736,32.768672943115234,2212079,0.0,0.0
2010-12-31 00:00:00+08:00,33.2085163716492,33.2085163716492,32.10889616588472,32.27383804321289,1528986,0.0,0.0
2011-01-03 00:00:00+08:00,32.54874758482739,32.82365151091295,32.05391728797083,32.438785552978516,1548785,0.0,0.0
2011-01-04 00:00:00+08:00,32.6037295796927,33.81331200914419,32.43878767466783,32.98859786987305,1951382,0.0,0.0
2011-01-05 00:00:00+08:00,32.713687896728516,33.20851816965052,32.27383979060813,32.713687896728516,1293588,0.0,0.0
2011-01-06 00:00:00+08:00,32.823651587157045,32.933613619261344,32.16387939453125,32.16387939453125,651194,0.0,0.0
2011-01-07 00:00:00+08:00,32.21886784577975,32.54875400641001,31.064265130036993,32.10890579223633,1843583,0.0,0.0
2011-01-10 00:00:00+08:00,32.10890814900214,32.10890814900214,31.394153594970703,31.394153594970703,416896,0.0,0.0
2011-01-11 00:00:00+08:00,31.5041088544616,31.88897714055163,31.5041088544616,31.614070892333984,378396,0.0,0.0
2011-01-12 00:00:00+08:00,31.61407771819978,31.88898402577306,31.394153594970703,31.394153594970703,486195,0.0,0.0
2011-01-13 00:00:00+08:00,31.614070147809358,31.888976389552848,31.229204177856445,31.229204177856445,505995,0.0,0.0
2011-01-14 00:00:00+08:00,31.33916621313918,31.55909028370465,31.00928010729098,31.229204177856445,509295,0.0,0.0
2011-01-17 00:00:00+08:00,31.229204177856445,31.229204177856445,29.964639618568356,31.229204177856445,1589485,0.0,0.0
2011-01-18 00:00:00+08:00,31.17422485351562,31.22920702971463,30.239548621794203,31.174224853515625,1288088,0.0,0.0
2011-01-19 00:00:00+08:00,31.064255816871967,32.43878222761407,30.8993139395438,32.27383804321289,1790783,0.0,0.0
2011-01-20 00:00:00+08:00,32.43878852476342,32.548750566686145,31.724034098728975,32.21886444091797,868992,0.0,0.0
2011-01-21 00:00:00+08:00,32.0539166002411,32.27384065922029,31.779012680053707,31.77901268005371,486195,0.0,0.0
2011-01-24 00:00:00+08:00,31.833996392015813,31.833996392015813,30.789358139038086,30.789358139038086,436696,0.0,0.0
2011-01-25 00:00:00+08:00,30.789358139038086,31.119244267411073,30.73437596410585,30.789358139038086,543395,0.0,0.0
2011-01-26 00:00:00+08:00,30.789356761827776,31.614070892333984,30.789356761827776,31.614070892333984,445495,0.0,0.0
2011-01-27 00:00:00+08:00,31.449124849938006,31.61406673150135,31.11923877973825,31.339162826538086,259597,0.0,0.0
2011-01-28 00:00:00+08:00,31.339168653285096,31.50411056551533,30.789358434061832,31.06426239013672,540095,0.0,0.0
2011-02-08 00:00:00+08:00,31.339168352993067,31.339168352993067,30.51445418559733,30.789358139038086,376196,0.0,0.0
2011-02-09 00:00:00+08:00,30.679400321298036,31.064266370532085,30.074607849121094,30.074607849121094,380596,0.0,0.0
2011-02-10 00:00:00+08:00,30.29452750707013,30.29452750707013,29.139925003051758,29.139925003051758,736993,0.0,0.0
2011-02-11 00:00:00+08:00,29.13993000636859,29.194912186035257,27.105633193101667,27.215595245361328,2503577,0.0,0.0
2011-02-14 00:00:00+08:00,27.490494651675544,27.9303427506682,27.270570602179216,27.710418701171875,443295,0.0,0.0
2011-02-15 00:00:00+08:00,27.76539856000941,27.76539856000941,27.325550461016753,27.710418701171875,635794,0.0,0.0
2011-02-16 00:00:00+08:00,27.76540332781024,27.985327415071342,27.4904993722706,27.655441284179688,731493,0.0,0.0
2011-02-17 00:00:00+08:00,27.765400737509776,27.765400737509776,26.88570447053432,26.99566650390625,631394,0.0,0.0
2011-02-18 00:00:00+08:00,27.05064863498858,27.65543866412248,27.05064863498858,27.133119583129883,542295,0.0,0.0
2011-02-21 00:00:00+08:00,27.215594226208864,27.380536144884882,27.078141089263127,27.298065185546875,545595,0.0,0.0
2011-02-22 00:00:00+08:00,27.29806620778766,27.325557297620993,26.390881006950693,27.215595245361328,566494,0.0,0.0
2011-02-23 00:00:00+08:00,27.215588807888583,27.490495027049292,26.500836790802357,26.555816650390625,565394,0.0,0.0
2011-02-24 00:00:00+08:00,25.868557013566353,26.610800151195953,25.67612172767678,25.731103897094727,984491,0.0,0.0
2011-02-25 00:00:00+08:00,26.006008071074632,26.308405391611878,25.6761219726394,26.280914306640625,648994,0.0,0.0
2011-03-01 00:00:00+08:00,26.418367136476125,27.21559013536698,26.308405104862914,26.885704040527344,688593,0.0,0.0
2011-03-02 00:00:00+08:00,26.83072704355781,27.270575216982813,26.665782824986692,26.940689086914062,784292,0.0,0.0
2011-03-03 00:00:00+08:00,26.940687213877514,28.42517354244206,26.858213956789122,27.93034553527832,1590585,0.0,0.0
2011-03-04 00:00:00+08:00,28.205253715698294,28.205253715698294,27.105633193101667,27.215595245361328,666593,0.0,0.0
2011-03-07 00:00:00+08:00,27.21558925403081,27.43551331013532,26.665779113769535,26.66577911376953,524695,0.0,0.0
2011-03-08 00:00:00+08:00,26.665778676640283,26.9131938124703,26.390874764552695,26.555816650390625,346496,0.0,0.0
2011-03-09 00:00:00+08:00,26.665781915715687,27.050650207875762,26.665781915715687,26.748252868652344,434496,0.0,0.0
2011-03-10 00:00:00+08:00,26.748253035748053,26.94068833656693,26.418369221940647,26.445858001708984,335496,0.0,0.0
2011-03-11 00:00:00+08:00,26.39087804045843,26.830726200055523,25.896047707374997,26.72076416015625,391596,0.0,0.0
2011-03-14 00:00:00+08:00,26.280913404114763,26.720761520256698,26.060989346043794,26.198442459106445,367396,0.0,0.0
2011-03-15 00:00:00+08:00,26.19844164426305,26.55581649720815,24.384067068073,24.411558151245117,692993,0.0,0.0
2011-03-16 00:00:00+08:00,24.52152158416242,24.906389849440522,24.19163548838401,24.57650375366211,312397,0.0,0.0
2011-03-17 00:00:00+08:00,23.531866902813118,24.136659324620922,23.531866902813118,23.75179100036621,262897,0.0,0.0
2011-03-18 00:00:00+08:00,23.916732587687097,24.741446708961362,23.916732587687097,24.35658073425293,652294,0.0,0.0
2011-03-21 00:00:00+08:00,24.356584815913624,24.74145085511766,24.19164057977352,24.631488800048828,448795,0.0,0.0
2011-03-22 00:00:00+08:00,24.631481585055774,25.29125372220991,24.301595516478706,24.878896713256836,708393,0.0,0.0
2011-03-23 00:00:00+08:00,24.796428680419922,24.87889963046617,24.466542573161608,24.796428680419922,603894,0.0,0.0
2011-03-24 00:00:00+08:00,24.96136971186697,25.071331743793106,24.494030499412577,24.57650375366211,544495,0.0,0.0
2011-03-25 00:00:00+08:00,24.576504498274225,25.34623643800507,24.576504498274225,24.96137046813965,666593,0.0,0.0
2011-03-28 00:00:00+08:00,25.291254356168025,25.318745439340145,24.384067068073,24.411558151245117,508195,0.0,0.0
2011-03-29 00:00:00+08:00,24.35658034692754,24.494031160238574,24.10916519165039,24.10916519165039,542295,0.0,0.0
2011-03-30 00:00:00+08:00,24.109162750300214,24.466539904281326,24.02669180925013,24.164142608642578,304697,0.0,0.0
2011-03-31 00:00:00+08:00,24.246619623814762,25.511181939960224,24.246619623814762,25.291257858276367,878892,0.0,0.0
2011-04-01 00:00:00+08:00,25.291256961681615,25.291256961681615,24.96137085085055,25.208786010742188,636894,0.0,0.0
2011-04-06 00:00:00+08:00,25.1812950130543,25.208786099154974,24.796429035938253,24.933879852294922,531295,0.0,0.0
2011-04-07 00:00:00+08:00,24.851410229177972,25.236278533935547,24.851410229177972,25.236278533935547,290397,0.0,0.0
2011-04-08 00:00:00+08:00,25.236276407281206,26.115970371723773,25.236276407281206,25.566160202026367,1148389,0.0,0.0
2011-04-11 00:00:00+08:00,25.566160623615996,25.70361374507529,24.741446509006874,24.796428680419922,659994,0.0,0.0
2011-04-12 00:00:00+08:00,24.741447616879544,24.768938703817064,24.274108367235417,24.43905258178711,420196,0.0,0.0
2011-04-13 00:00:00+08:00,24.301597595214844,24.741445724275135,24.19163556294977,24.301597595214844,530195,0.0,0.0
2011-04-14 00:00:00+08:00,24.356582340032883,25.12631664727011,24.356582340032883,24.82391929626465,662193,0.0,0.0
2011-04-15 00:00:00+08:00,25.01635430285712,25.01635430285712,24.549015045166016,24.549015045166016,266197,0.0,0.0
2011-04-18 00:00:00+08:00,24.41156064272792,25.098823949735408,24.219127655029297,24.219127655029297,563194,0.0,0.0
2011-04-19 00:00:00+08:00,24.219127611682772,24.686464537103962,24.19163652575407,24.35658073425293,310197,0.0,0.0
2011-04-20 00:00:00+08:00,24.466542169704837,25.67612223596585,24.466542169704837,25.566160202026367,1332087,0.0,0.0
2011-04-21 00:00:00+08:00,25.813574480443485,25.841065564765117,25.291255413698497,25.346235275268555,822792,0.0,0.0
2011-04-22 00:00:00+08:00,25.56615955485697,26.33589377294866,25.401217661659647,26.033498764038086,1087890,0.0,0.0
2011-04-25 00:00:00+08:00,26.170951916628322,26.170951916628322,25.731103791384715,25.896045684814453,540095,0.0,0.0
2011-04-26 00:00:00+08:00,25.896045354954776,25.951027523446488,25.456197235313887,25.62114143371582,373996,0.0,0.0
2011-04-27 00:00:00+08:00,26.060991376326058,26.060991376326058,25.34623697837586,25.78608512878418,626994,0.0,0.0
2011-04-28 00:00:00+08:00,25.786087351252693,25.786087351252693,25.236279422928444,25.318750381469727,342096,0.0,0.0
2011-04-29 00:00:00+08:00,25.043840659043262,25.181293775719244,24.219126573133853,24.57650375366211,908591,0.0,0.0
2011-05-03 00:00:00+08:00,24.76893923389012,24.82391910186834,24.19163793121468,24.27410888671875,678693,0.0,0.0
2011-05-04 00:00:00+08:00,24.08167630332086,24.466544614096932,24.08167630332086,24.384071350097656,522495,0.0,0.0
2011-05-05 00:00:00+08:00,24.191637449857083,25.456199766002545,24.191637449857083,25.291257858276367,1399187,0.0,0.0
2011-05-06 00:00:00+08:00,25.2912587490428,25.621144883187284,25.208787792275057,25.373729705810547,823892,0.0,0.0
2011-05-09 00:00:00+08:00,25.566159548396726,25.566159548396726,24.988860615278753,25.0163516998291,713893,0.0,0.0
2011-05-10 00:00:00+08:00,25.016347447277667,25.126309459713298,24.686459102897953,24.768932342529297,772192,0.0,0.0
2011-05-11 00:00:00+08:00,25.07133207148753,25.07133207148753,24.57650407488889,24.851408004760742,1015290,0.0,0.0
2011-05-12 00:00:00+08:00,25.236279061263595,26.115973118219504,25.098825927615614,25.923540115356445,2280279,0.0,0.0
2011-05-13 00:00:00+08:00,26.253425739169124,27.16061317362656,26.253425739169124,26.940689086914062,3618967,0.0,0.0
2011-05-16 00:00:00+08:00,27.270575216982813,27.270575216982813,26.500840913489057,26.940689086914062,1514686,0.0,0.0
2011-05-17 00:00:00+08:00,26.94068833656693,27.21559228376424,26.39087813509889,26.445858001708984,835992,0.0,0.0
2011-05-18 00:00:00+08:00,26.500840427975895,27.32555458450172,26.500840427975895,26.85821533203125,1442086,0.0,0.0
2011-05-19 00:00:00+08:00,26.940690775605287,27.243085837021276,26.500842574609802,26.52833366394043,966891,0.0,0.0
2011-05-20 00:00:00+08:00,26.830724104493726,26.830724104493726,25.86855690729165,25.896045684814453,868992,0.0,0.0
2011-05-23 00:00:00+08:00,25.731102585429742,25.89604447112905,25.2362746212587,25.401216506958008,942691,0.0,0.0
2011-05-24 00:00:00+08:00,25.401222781997138,26.06099510192871,25.07133662203135,26.06099510192871,1230888,0.0,0.0
2011-05-25 00:00:00+08:00,26.060995510262757,26.280919620352474,25.89605127415861,26.170957565307617,797492,0.0,0.0
2011-05-26 00:00:00+08:00,26.500836790802357,26.80323178622064,26.308403821633732,26.555816650390625,625894,0.0,0.0
2011-05-27 00:00:00+08:00,26.665779113769535,26.72076128133224,26.28091316912322,26.66577911376953,811792,0.0,0.0
2011-05-30 00:00:00+08:00,26.665782075561037,27.820384651889007,26.418369215267973,27.435516357421875,2454077,0.0,0.0
2011-05-31 00:00:00+08:00,27.490497699799306,28.42517386025828,27.490497699799306,28.205249786376953,2573976,0.0,0.0
2011-06-01 00:00:00+08:00,28.425169923792204,29.084942054067497,28.15026371597432,28.370187759399414,2828074,0.0,0.0
2011-06-02 00:00:00+08:00,28.040307247168187,28.810041551588828,27.765403291983272,28.645099639892578,1787483,0.0,0.0
2011-06-03 00:00:00+08:00,29.029962646649967,29.689734839583817,28.81003858233868,28.865020751953125,3253770,0.0,0.0
2011-06-07 00:00:00+08:00,29.304867228195057,30.129581269323523,28.974981150329047,29.41482925415039,4241561,0.0,0.0
2011-06-08 00:00:00+08:00,29.46980873042668,29.799694804003533,29.029960632324215,29.02996063232422,1447586,0.0,0.0
2011-06-09 00:00:00+08:00,29.029963354578094,29.249887424252474,28.15026707588058,28.260229110717773,1838083,0.0,0.0
2011-06-10 00:00:00+08:00,28.040302468343274,28.425170708498392,27.490494651675544,27.710418701171875,2212079,0.0,0.0
2011-06-13 00:00:00+08:00,27.490495651746286,27.545475512583923,26.11596913885409,26.22593116760254,1660984,0.0,0.0
2011-06-14 00:00:00+08:00,26.775743600464693,26.775743600464693,26.22593340971791,26.610801696777344,824992,0.0,0.0
2011-06-15 00:00:00+08:00,26.500837794577055,26.720761855406458,26.225931565003698,26.473346710205078,454295,0.0,0.0
2011-06-16 00:00:00+08:00,26.308407824441556,26.390878779908423,25.95103060798716,26.1159725189209,404796,0.0,0.0
2011-06-17 00:00:00+08:00,26.19844578146124,26.50084082288874,25.78608638997995,26.1159725189209,409196,0.0,0.0
2011-06-20 00:00:00+08:00,26.006008201539746,26.225932268266533,24.851408004760742,24.851408004760742,845892,0.0,0.0
2011-06-21 00:00:00+08:00,25.18129581743444,25.291257858276367,24.46654370549862,25.291257858276367,784292,0.0,0.0
2011-06-22 00:00:00+08:00,25.73110790249962,25.841069951379396,25.346239577883605,25.428712844848633,468595,0.0,0.0
2011-06-23 00:00:00+08:00,25.401218567052318,25.401218567052318,25.01635259782505,25.09882354736328,192498,0.0,0.0
2011-06-24 00:00:00+08:00,24.85140953119475,25.593652725219727,24.85140953119475,25.593652725219727,288197,0.0,0.0
2011-06-27 00:00:00+08:00,24.851410229177972,25.373729357637878,24.851410229177972,25.236278533935547,219998,0.0,0.0
2011-06-28 00:00:00+08:00,25.48369229855229,25.731107481249694,25.291259292931446,25.318750381469727,325597,0.0,0.0
2011-06-29 00:00:00+08:00,25.56616163842199,25.84106789225252,25.483690685102196,25.593652725219727,369596,0.0,0.0
2011-06-30 00:00:00+08:00,25.59365182811458,25.731104950211858,25.2087858547302,25.511180877685547,389396,0.0,0.0
2011-07-01 00:00:00+08:00,25.67612162219265,26.006007716125353,25.511179728762915,25.896045684814453,345396,0.0,0.0
2011-07-04 00:00:00+08:00,26.11597029093529,26.11597029093529,25.703613241706165,25.841066360473633,288197,0.0,0.0
2011-07-05 00:00:00+08:00,25.56615836238356,25.84106458098771,25.456196336356527,25.53866958618164,277197,0.0,0.0
2011-07-06 00:00:00+08:00,25.538672906543813,25.703614813492415,25.34623760567255,25.456199645996094,285997,0.0,0.0
2011-07-07 00:00:00+08:00,25.456200844584032,25.456200844584032,25.04384375072355,25.071334838867188,337696,0.0,0.0
2011-07-08 00:00:00+08:00,25.15380301974176,25.456198034722775,24.851408004760742,24.851408004760742,377296,0.0,0.0
2011-07-11 00:00:00+08:00,24.74144831207213,24.74144831207213,23.11950874328613,23.119508743286133,2096580,0.0,0.0
2011-07-12 00:00:00+08:00,23.037037701303895,23.037037701303895,21.525060181923816,21.55255126953125,2208779,0.0,0.0
2011-07-13 00:00:00+08:00,21.167682964247632,21.992399442956252,21.167682964247632,21.55255126953125,796392,0.0,0.0
2011-07-14 00:00:00+08:00,21.717493181028885,21.96490835534882,21.305136095211314,21.55255126953125,665493,0.0,0.0
2011-07-15 00:00:00+08:00,21.717491846525327,22.239810943603516,21.60752980992606,22.239810943603516,404796,0.0,0.0
2011-07-18 00:00:00+08:00,22.32228420135797,22.432246237957237,22.102360128159436,22.239810943603516,700693,0.0,0.0
2011-07-19 00:00:00+08:00,22.43224630900248,22.43224630900248,21.882436124264835,22.212322235107422,446595,0.0,0.0
2011-07-20 00:00:00+08:00,22.734639879300797,23.47688300444032,22.432244873810355,23.201976776123047,923991,0.0,0.0
2011-07-21 00:00:00+08:00,23.09201676197082,23.36692301428535,22.982054722459687,23.037036895751953,349796,0.0,0.0
2011-07-22 00:00:00+08:00,23.146997451782227,23.421901379404886,23.092015282013744,23.146997451782227,569794,0.0,0.0
2011-07-25 00:00:00+08:00,23.366921299160623,23.366921299160623,22.43224518545763,22.459733963012695,501595,0.0,0.0
2011-07-26 00:00:00+08:00,22.5971879398175,22.789620925398964,22.404754954236033,22.679658889770508,369596,0.0,0.0
2011-07-27 00:00:00+08:00,22.67966061978574,23.311941796111732,22.67966061978574,22.9820556640625,387196,0.0,0.0
2011-07-28 00:00:00+08:00,22.70714993356848,22.81711196899414,22.542208033966652,22.81711196899414,288197,0.0,0.0
2011-07-29 00:00:00+08:00,22.652167960256786,22.817112168373235,22.322284158170557,22.37726402282715,443295,0.0,0.0
2011-08-01 00:00:00+08:00,22.37726456447372,22.542208776582683,21.937416408281013,22.322284698486328,556594,0.0,0.0
2011-08-02 00:00:00+08:00,22.26730346679688,22.26730346679688,21.909926248013495,22.267303466796875,571994,0.0,0.0
2011-08-03 00:00:00+08:00,21.93741433388738,22.81711056308905,21.882434473098858,22.65216636657715,371796,0.0,0.0
2011-08-04 00:00:00+08:00,22.542207839824414,22.59718770352708,22.047377531133968,22.12984848022461,218898,0.0,0.0
2011-08-05 00:00:00+08:00,20.590383529663086,21.167682514718436,20.590383529663086,20.590383529663086,1143989,0.0,0.0
2011-08-08 00:00:00+08:00,20.50791255769063,20.892780897760066,19.160879135131836,19.160879135131836,1215488,0.0,0.0
2011-08-09 00:00:00+08:00,17.92611099795147,19.26817306418601,17.92611099795147,18.820819854736328,1115000,1.7,1.09999
2011-08-10 00:00:00+08:00,19.17231251054485,19.90725091299384,19.17231251054485,19.87529754638672,614000,0.0,0.0
2011-08-11 00:00:00+08:00,19.14035988458982,19.619667715900654,18.85277469822618,19.491851806640625,324000,0.0,0.0
2011-08-12 00:00:00+08:00,19.875297491800293,20.833911895751953,19.843342906338133,20.833911895751953,475000,0.0,0.0
2011-08-15 00:00:00+08:00,21.377129707299698,21.53689898397924,20.961728612778614,21.281267166137695,808000,0.0,0.0
2011-08-16 00:00:00+08:00,21.409081758242603,21.600804390888563,21.217359125596644,21.536897659301758,343000,0.0,0.0
2011-08-17 00:00:00+08:00,21.664715120347573,21.664715120347573,21.281267389559627,21.472990036010742,266000,0.0,0.0
2011-08-18 00:00:00+08:00,21.34517551160414,21.34517551160414,20.64218925875018,20.833911895751953,225000,0.0,0.0
2011-08-19 00:00:00+08:00,19.683572854841234,20.003111383127248,19.395988910749473,19.427942276000977,427000,0.0,0.0
2011-08-22 00:00:00+08:00,19.076452815851447,19.6196686270187,18.85277557373047,18.85277557373047,526000,0.0,0.0
2011-08-23 00:00:00+08:00,18.884726534126205,19.491850225446726,18.884726534126205,19.427942276000977,862000,0.0,0.0
2011-08-24 00:00:00+08:00,19.491852591165046,19.55576054836728,19.07645269776486,19.10840606689453,474000,0.0,0.0
2011-08-25 00:00:00+08:00,19.17231302899713,19.90725145132012,19.17231302899713,19.300128936767578,486000,0.0,0.0
2011-08-26 00:00:00+08:00,19.36403465270996,19.683573186378066,19.17231202008621,19.36403465270996,307000,0.0,0.0
2011-08-29 00:00:00+08:00,19.204268397420755,19.683576273086263,18.852776442843236,19.395992279052734,362000,0.0,0.0
2011-08-30 00:00:00+08:00,19.61966772188224,20.162882289045854,19.364035903284247,19.84334373474121,319000,0.0,0.0
2011-08-31 00:00:00+08:00,20.13092759365142,20.13092759365142,19.715527744237644,20.098974227905273,336000,0.0,0.0
2011-09-01 00:00:00+08:00,20.194837686948677,20.578284211303586,19.843344531730466,19.939207077026367,276000,0.0,0.0
2011-09-02 00:00:00+08:00,19.6196660389402,19.939204565835364,19.6196660389402,19.68357276916504,175000,0.0,0.0
2011-09-05 00:00:00+08:00,19.49185076548472,19.49185076548472,19.172312228345625,19.204265594482422,170000,0.0,0.0
2011-09-06 00:00:00+08:00,19.17231154079472,19.23621948971925,18.724957117265745,18.980588912963867,215000,0.0,0.0
2011-09-07 00:00:00+08:00,19.17231190205173,19.42794248362387,19.076450586330026,19.268173217773438,108000,0.0,0.0
2011-09-08 00:00:00+08:00,19.49185076548472,19.49185076548472,19.044496325912874,19.204265594482422,107000,0.0,0.0
2011-09-09 00:00:00+08:00,19.300127921130557,19.49185055375431,19.300127921130557,19.36403465270996,158000,0.0,0.0
2011-09-13 00:00:00+08:00,19.300128781187485,19.300128781187485,18.724958419799805,18.724958419799805,191000,0.0,0.0
2011-09-14 00:00:00+08:00,18.852772025430347,18.980587916569657,18.405417625385436,18.4373722076416,341000,0.0,0.0
2011-09-15 00:00:00+08:00,18.66105124170038,18.916681830160087,18.469327386148507,18.693004608154297,341000,0.0,0.0
2011-09-16 00:00:00+08:00,18.852774281655588,19.939205829531513,18.820820914518045,19.811389923095703,559000,0.0,0.0
2011-09-19 00:00:00+08:00,19.875298208375956,20.13092880657565,19.68357434551905,19.747482299804688,347000,0.0,0.0
2011-09-20 00:00:00+08:00,19.811389923095703,19.843343290233243,19.332082102375644,19.811389923095703,318000,0.0,0.0
2011-09-21 00:00:00+08:00,19.811390721862246,20.38655988612774,19.811390721862246,20.258745193481445,282000,0.0,0.0
2011-09-22 00:00:00+08:00,19.8113886675002,20.035065880115365,19.6196660389402,19.68357276916504,189000,0.0,0.0
2011-09-23 00:00:00+08:00,18.852774093891014,19.04449673269244,18.501282183107456,18.533235549926758,391000,0.0,0.0
2011-09-26 00:00:00+08:00,18.533235585788702,18.597143538493775,17.350942727044654,17.44680404663086,270000,0.0,0.0
2011-09-27 00:00:00+08:00,17.89415708529439,18.341511500003836,17.89415708529439,17.958065032958984,204000,0.0,0.0
2011-09-28 00:00:00+08:00,18.40542179331142,18.40542179331142,17.990021881454954,18.021976470947266,86000,0.0,0.0
2011-09-29 00:00:00+08:00,17.766344630780562,18.213699132129342,17.446806049515136,18.021976470947266,93000,0.0,0.0
2011-09-30 00:00:00+08:00,18.21369710383786,18.277605056762695,17.95806651108133,18.277605056762695,91000,0.0,0.0
2011-10-03 00:00:00+08:00,17.958066016581064,17.958066016581064,17.702435430863677,17.766342163085938,94000,0.0,0.0
2011-10-04 00:00:00+08:00,17.318989941810383,18.149789698049783,17.318989941810383,18.05392837524414,202000,0.0,0.0
2011-10-05 00:00:00+08:00,18.053927333857235,18.053927333857235,17.766342163085938,17.766342163085938,125000,0.0,0.0
2011-10-06 00:00:00+08:00,18.405418228725715,18.405418228725715,17.92611044965533,17.958065032958984,90000,0.0,0.0
2011-10-07 00:00:00+08:00,17.958065599124915,18.4054188089954,17.83024969976606,18.085880279541016,270000,0.0,0.0
2011-10-11 00:00:00+08:00,18.597140945366206,18.724955614011463,18.34151038913305,18.661048889160156,205000,0.0,0.0
2011-10-12 00:00:00+08:00,18.724957646608342,19.10840413205257,18.66105091481995,18.756912231445312,234000,0.0,0.0
2011-10-13 00:00:00+08:00,18.91668116969392,19.04449584998979,18.788865270455297,18.820819854736328,148000,0.0,0.0
2011-10-14 00:00:00+08:00,18.88472673594385,19.459897068159613,18.88472673594385,19.268173217773438,355000,0.0,0.0
2011-10-17 00:00:00+08:00,19.427940430039598,19.523801735628513,19.07644856989937,19.17230987548828,204000,0.0,0.0
2011-10-18 00:00:00+08:00,18.916683197021484,18.916683197021484,18.72495932761623,18.916683197021484,129000,0.0,0.0
2011-10-19 00:00:00+08:00,19.10840618517891,19.10840618517891,18.69300628920733,18.85277557373047,89000,0.0,0.0
2011-10-20 00:00:00+08:00,18.788867735636433,18.852775693640748,18.597145080566406,18.597145080566406,140000,0.0,0.0
2011-10-21 00:00:00+08:00,18.597145080566406,18.72495977763212,18.53323712256209,18.597145080566406,61000,0.0,0.0
2011-10-24 00:00:00+08:00,18.916679320936964,19.300125762235258,18.916679320936964,19.17230987548828,314000,0.0,0.0
2011-10-25 00:00:00+08:00,19.17231199120273,19.17231199120273,18.98058935886781,19.012542724609375,210000,0.0,0.0
2011-10-26 00:00:00+08:00,19.012545151081806,20.32265281677246,18.980591781262202,20.32265281677246,723000,0.0,0.0
2011-10-27 00:00:00+08:00,20.450466987781954,21.249313354492188,20.16288180818914,21.249313354492188,1336000,0.0,0.0
2011-10-28 00:00:00+08:00,22.04815906636855,22.303790871277776,21.249312723384186,21.728620529174805,2125000,0.0,0.0
2011-10-31 00:00:00+08:00,21.664715255484275,21.664715255484275,21.089544874657502,21.345176696777344,541000,0.0,0.0
2011-11-01 00:00:00+08:00,21.345177252416562,22.623331520516096,21.345177252416562,22.30379295349121,1660000,0.0,0.0
2011-11-02 00:00:00+08:00,22.112067862967645,22.495515606128983,21.728622557692102,22.30379295349121,749000,0.0,0.0
2011-11-03 00:00:00+08:00,22.303790920524722,23.32631326664822,22.23988175021352,22.431604385375977,1732000,0.0,0.0
2011-11-04 00:00:00+08:00,23.03873019491697,23.03873019491697,22.144023669978772,22.30379295349121,1217000,0.0,0.0
2011-11-07 00:00:00+08:00,22.30379044566096,22.719189073354556,21.984251914564876,22.048158645629883,717000,0.0,0.0
2011-11-08 00:00:00+08:00,22.11206388620034,22.75114090531463,21.952294631421765,22.463558197021484,2080000,0.0,0.0
2011-11-09 00:00:00+08:00,22.81505313844842,23.198498426333998,22.52746795359139,22.71919059753418,2067000,0.0,0.0
2011-11-10 00:00:00+08:00,22.719192312055473,22.719192312055473,22.14402433682161,22.17597770690918,1161000,0.0,0.0
2011-11-11 00:00:00+08:00,22.303793625145328,22.75114568214304,22.14402433682161,22.17597770690918,1283000,0.0,0.0
2011-11-14 00:00:00+08:00,22.68723619084964,22.81505209358647,22.399651019163166,22.431604385375977,841000,0.0,0.0
2011-11-15 00:00:00+08:00,22.68723619084964,22.783098727373655,22.36769765295035,22.431604385375977,488000,0.0,0.0
2011-11-16 00:00:00+08:00,22.623330703859043,22.783099981604135,21.85643768310547,21.85643768310547,621000,0.0,0.0
2011-11-17 00:00:00+08:00,21.856436014549338,22.335743811193463,21.792526845598807,22.048158645629883,402000,0.0,0.0
2011-11-18 00:00:00+08:00,21.984255048497893,22.623332201792763,21.824485760174174,22.17597770690918,615000,0.0,0.0
2011-11-21 00:00:00+08:00,22.080114946376785,22.591376176517795,21.60080708601599,21.984254837036133,859000,0.0,0.0
2011-11-22 00:00:00+08:00,21.98425367009119,22.112067142427595,20.77000617980957,20.77000617980957,648000,0.0,0.0
2011-11-23 00:00:00+08:00,20.54633001067874,21.089544577676744,19.332082529537015,19.491851806640625,488000,0.0,0.0
2011-11-24 00:00:00+08:00,19.236220409870654,20.833911895751953,18.98058982088736,20.833911895751953,666000,0.0,0.0
2011-11-25 00:00:00+08:00,20.833914365384828,21.664716620684363,20.130930467085406,21.08954620361328,1003000,0.0,0.0
2011-11-28 00:00:00+08:00,21.217359181848817,21.60080444815734,20.897820647296534,21.15345001220703,259000,0.0,0.0
2011-11-29 00:00:00+08:00,21.60080526826756,21.60080526826756,21.153450815332704,21.249313354492188,241000,0.0,0.0
2011-11-30 00:00:00+08:00,21.24931402146539,22.335745601869338,21.153451479296976,21.472990036010742,809000,0.0,0.0
2011-12-01 00:00:00+08:00,22.048158854177444,22.974821090698242,21.792527051728417,22.974821090698242,1361000,0.0,0.0
2011-12-02 00:00:00+08:00,22.36769881319354,23.39022121235668,22.36769881319354,22.942869186401367,1567000,0.0,0.0
2011-12-05 00:00:00+08:00,22.942868816942482,22.942868816942482,22.36769845299687,22.527467727661133,369000,0.0,0.0
2011-12-06 00:00:00+08:00,22.687234666294458,23.10263571280331,22.112064361572266,22.112064361572266,831000,0.0,0.0
2011-12-07 00:00:00+08:00,22.367698884312617,22.55942153002958,21.472989953785827,21.85643768310547,825000,0.0,0.0
2011-12-08 00:00:00+08:00,21.66471335204314,22.14402114799201,20.83391122209002,21.696666717529297,530000,0.0,0.0
2011-12-09 00:00:00+08:00,21.089544662351894,22.048160328822437,21.089544662351894,21.85643768310547,359000,0.0,0.0
2011-12-12 00:00:00+08:00,22.303789338181215,22.87895720286328,22.048157550843364,22.144020080566406,657000,0.0,0.0
2011-12-13 00:00:00+08:00,21.9842508229516,22.559418687633666,21.9842508229516,22.144020080566406,288000,0.0,0.0
2011-12-14 00:00:00+08:00,22.144021445025665,22.68723597923337,21.952296373765957,22.591373443603516,409000,0.0,0.0
2011-12-15 00:00:00+08:00,22.591375581294653,22.591375581294653,22.080114364624023,22.080114364624023,325000,0.0,0.0
2011-12-16 00:00:00+08:00,22.112065376694893,22.23988127671043,21.920342745614345,22.048158645629883,309000,0.0,0.0
2011-12-19 00:00:00+08:00,21.984253814191206,22.0481605507783,21.089544874657502,21.345176696777344,391000,0.0,0.0
2011-12-20 00:00:00+08:00,21.345176696777344,21.728621992071368,21.345176696777344,21.345176696777344,228000,0.0,0.0
2011-12-21 00:00:00+08:00,22.048160117013115,22.559421313308743,21.952297576132697,22.367698669433594,566000,0.0,0.0
2011-12-22 00:00:00+08:00,22.367697843494867,22.367697843494867,21.888390032562832,21.92034339904785,260000,0.0,0.0
2011-12-23 00:00:00+08:00,22.175976168086166,23.262407740875563,22.112066994459905,22.942869186401367,1107000,0.0,0.0
2011-12-26 00:00:00+08:00,22.942867696318608,23.070681159498555,22.495513261532167,22.623329162597656,469000,0.0,0.0
2011-12-27 00:00:00+08:00,22.495513966566545,22.495513966566545,21.728620974023872,21.760574340820312,754000,0.0,0.0
2011-12-28 00:00:00+08:00,21.760573000368126,21.984251429935846,21.53689700868587,21.66471290588379,368000,0.0,0.0
2011-12-29 00:00:00+08:00,21.60080337524414,21.760572634584534,21.536896646662154,21.60080337524414,324000,0.0,0.0
2011-12-30 00:00:00+08:00,22.144022730086395,22.144022730086395,21.632759094238285,21.63275909423828,448000,0.0,0.0
2012-01-02 00:00:00+08:00,21.60080267439064,21.760571928547204,21.153448275175187,21.377126693725586,316000,0.0,0.0
2012-01-03 00:00:00+08:00,21.4090822007921,21.60080483740118,21.377128834338187,21.568851470947266,242000,0.0,0.0
2012-01-04 00:00:00+08:00,21.600804626720194,22.04815906636855,21.600804626720194,21.728620529174805,507000,0.0,0.0
2012-01-05 00:00:00+08:00,22.04815906636855,22.04815906636855,21.664713796890283,21.728620529174805,322000,0.0,0.0
2012-01-06 00:00:00+08:00,21.728621407035483,21.824483947220788,21.441036224365234,21.441036224365234,726000,0.0,0.0
2012-01-09 00:00:00+08:00,21.472989810576006,21.53689898397924,21.281267166137695,21.281267166137695,275000,0.0,0.0
2012-01-10 00:00:00+08:00,21.281264856563354,21.632756739535132,21.281264856563354,21.60080337524414,396000,0.0,0.0
2012-01-11 00:00:00+08:00,21.600805863559042,21.984253592878684,21.409083217842074,21.85643768310547,763000,0.0,0.0
2012-01-12 00:00:00+08:00,21.856437766798688,21.920344502987156,21.472990036010742,21.472990036010742,297000,0.0,0.0
2012-01-13 00:00:00+08:00,21.696665143701257,21.696665143701257,20.86586551189802,21.025634765625,617000,0.0,0.0
2012-01-16 00:00:00+08:00,21.02563835752872,21.281267744431,20.86586907650764,21.185407638549805,321000,0.0,0.0
2012-01-17 00:00:00+08:00,21.089544528506778,21.82448417662417,21.089544528506778,21.63275909423828,427000,0.0,0.0
2012-01-18 00:00:00+08:00,21.824482167909817,22.144020691961877,21.66471290588379,21.66471290588379,545000,0.0,0.0
2012-01-30 00:00:00+08:00,22.048160117013115,22.495514577978923,21.856437473137962,22.367698669433594,1066000,0.0,0.0
2012-01-31 00:00:00+08:00,22.367697999845785,23.93343734741211,22.367697999845785,23.93343734741211,3410000,0.0,0.0
2012-02-01 00:00:00+08:00,24.92400699046859,25.59503746032715,24.50860589880651,25.59503746032715,2569000,0.0,0.0
2012-02-02 00:00:00+08:00,26.202160056315492,27.224682400432112,25.59503634792131,26.77733039855957,4886000,0.0,0.0
2012-02-03 00:00:00+08:00,26.77733128742901,27.416408383187356,25.94652911263464,26.841238021850586,2477000,0.0,0.0
2012-02-06 00:00:00+08:00,27.480313990752414,27.799852525528607,26.93709945678711,26.93709945678711,1373000,0.0,0.0
2012-02-07 00:00:00+08:00,26.937100133497392,27.22468287171214,26.617561590693796,27.160776138305664,1311000,0.0,0.0
2012-02-08 00:00:00+08:00,27.032958984375,27.608129309996265,26.77732962467649,27.032958984375,1758000,0.0,0.0
2012-02-09 00:00:00+08:00,27.032955435474964,27.73594156759986,26.84123283139915,27.22467803955078,2062000,0.0,0.0
2012-02-10 00:00:00+08:00,27.22468468128215,28.75847076384133,27.032962030433694,28.247209548950195,3847000,0.0,0.0
2012-02-13 00:00:00+08:00,28.24721136677682,28.24721136677682,27.608134197564162,27.672040939331055,1505000,0.0,0.0
2012-02-14 00:00:00+08:00,27.86375866969477,28.11939046727878,27.032958984375,27.032958984375,1443000,0.0,0.0
2012-02-15 00:00:00+08:00,27.192725235335033,27.480310366280126,26.841233381017798,27.12881851196289,1294000,0.0,0.0
2012-02-16 00:00:00+08:00,27.0010036130634,27.54421809521351,25.88261884802527,25.94652557373047,1421000,0.0,0.0
2012-02-17 00:00:00+08:00,26.20215735232188,26.841234360915095,25.595033706581262,25.94652557373047,861000,0.0,0.0
2012-02-20 00:00:00+08:00,26.07434359993686,26.90514329161878,26.07434359993686,26.87318992614746,729000,0.0,0.0
2012-02-21 00:00:00+08:00,26.90514736339471,27.12882583131608,26.234116835402375,26.3619327545166,652000,0.0,0.0
2012-02-22 00:00:00+08:00,26.393883196348582,26.84123764467021,26.361929829586813,26.42583656311035,795000,0.0,0.0
2012-02-23 00:00:00+08:00,26.361929324951564,27.544220937704253,26.361929324951564,26.77733039855957,1351000,0.0,0.0
2012-02-24 00:00:00+08:00,26.777334118435135,26.937103409266168,26.202163696289062,26.202163696289062,661000,0.0,0.0
2012-02-29 00:00:00+08:00,26.329976590794026,27.03296041451207,26.298023223876957,26.298023223876953,687000,0.0,0.0
2012-03-01 00:00:00+08:00,26.20216034750426,26.58560562133789,26.20216034750426,26.58560562133789,565000,0.0,0.0
2012-03-02 00:00:00+08:00,26.841233568214427,27.448357196024897,26.841233568214427,26.96904945373535,1387000,0.0,0.0
2012-03-05 00:00:00+08:00,26.841236768681227,27.416407103164325,26.58560496715862,26.713420867919922,1247000,0.0,0.0
2012-03-06 00:00:00+08:00,26.96905260843159,27.001005974078243,25.8826211112466,26.01043701171875,863000,0.0,0.0
2012-03-07 00:00:00+08:00,25.88262256720389,26.521699667628678,25.65894655720948,25.978485107421875,507000,0.0,0.0
2012-03-08 00:00:00+08:00,26.042391842310085,26.329977025078374,25.914575934647996,25.978485107421875,436000,0.0,0.0
2012-03-09 00:00:00+08:00,26.202157485625527,27.76789665222168,26.202157485625527,27.76789665222168,2985000,0.0,0.0
2012-03-12 00:00:00+08:00,27.991575267152385,28.566745607129818,27.608129999091133,28.343067169189453,4848000,0.0,0.0
2012-03-13 00:00:00+08:00,28.502840771730327,28.502840771730327,27.352502354724724,27.672040939331055,1782000,0.0,0.0
2012-03-14 00:00:00+08:00,28.05548062817031,28.05548062817031,27.06490935070552,27.12881851196289,1677000,0.0,0.0
2012-03-15 00:00:00+08:00,27.128819640377152,27.86375674126716,27.032957113446344,27.76789665222168,1557000,0.0,0.0
2012-03-16 00:00:00+08:00,27.76790009249748,28.311114644712212,27.32054564120472,27.35249900817871,2493000,0.0,0.0
2012-03-19 00:00:00+08:00,27.352496388850835,27.480312282392532,26.39388084411621,26.39388084411621,1545000,0.0,0.0
2012-03-20 00:00:00+08:00,26.393886357709118,26.745378309960202,26.170210325700037,26.202163696289062,740000,0.0,0.0
2012-03-21 00:00:00+08:00,26.138252912190904,26.393882275249673,25.914574476893257,26.01043701171875,652000,0.0,0.0
2012-03-22 00:00:00+08:00,26.17020570709169,26.617560130045103,26.10629653930664,26.10629653930664,571000,0.0,0.0
2012-03-23 00:00:00+08:00,26.10629589137631,26.425834408714504,26.074342527219574,26.234111785888672,404000,0.0,0.0
2012-03-26 00:00:00+08:00,26.329975301133782,26.521697931131122,25.754804973256253,25.818714141845703,474000,0.0,0.0
2012-03-27 00:00:00+08:00,26.010436771843043,26.074343502546988,25.754804973256253,25.818714141845703,455000,0.0,0.0
2012-03-28 00:00:00+08:00,25.818715690978713,26.202160973980263,25.754806518554688,25.754806518554688,361000,0.0,0.0
2012-03-29 00:00:00+08:00,25.626991040319886,25.94652959412879,24.92400719709457,25.083776473999023,1456000,0.0,0.0
2012-03-30 00:00:00+08:00,24.924006101966274,25.307451374534594,24.732283465682112,25.179637908935547,454000,0.0,0.0
2012-04-02 00:00:00+08:00,25.179634291206668,25.179634291206668,24.508601503795553,24.636417388916016,588000,0.0,0.0
2012-04-03 00:00:00+08:00,24.6364233640426,24.796192649721064,23.64585428041326,23.773670196533203,852000,0.0,0.0
2012-04-05 00:00:00+08:00,23.006772688114488,23.23044866965035,22.23987977760027,22.463558197021484,1083000,0.0,0.0
2012-04-06 00:00:00+08:00,22.59137282894873,23.326312414420276,22.59137282894873,23.070680618286133,561000,0.0,0.0
2012-04-09 00:00:00+08:00,22.623329820799785,22.751143287698333,22.239882106447308,22.495513916015625,251000,0.0,0.0
2012-04-10 00:00:00+08:00,22.68723767153486,23.00677623028887,22.3996524810791,22.3996524810791,308000,0.0,0.0
2012-04-11 00:00:00+08:00,22.39965204500097,22.878959873800788,22.39965204500097,22.71919059753418,240000,0.0,0.0
2012-04-12 00:00:00+08:00,22.687237229858,22.878959873800788,22.52746795359139,22.71919059753418,284000,0.0,0.0
2012-04-13 00:00:00+08:00,22.751141651035855,23.230449431081993,22.751141651035855,23.038726806640625,572000,0.0,0.0
2012-04-16 00:00:00+08:00,22.815051429996462,22.87895816056332,22.52746626667458,22.559419631958008,282000,0.0,0.0
2012-04-17 00:00:00+08:00,22.559420238301435,22.687236140756045,21.664713796890283,21.728620529174805,599000,0.0,0.0
2012-04-18 00:00:00+08:00,21.95229607930405,22.04815861364803,21.66471335204314,21.696666717529297,362000,0.0,0.0
2012-04-19 00:00:00+08:00,21.69666567166787,22.463558595796023,21.568849777998942,22.144020080566406,566000,0.0,0.0
2012-04-20 00:00:00+08:00,22.04815778897433,22.04815778897433,21.568850010953145,21.60080337524414,355000,0.0,0.0
2012-04-23 00:00:00+08:00,21.409080403689142,21.56884966043309,20.45046486322545,20.706096649169922,661000,0.0,0.0
2012-04-24 00:00:00+08:00,20.706098408832958,20.833911874781755,20.32265069732977,20.482419967651367,304000,0.0,0.0
2012-04-25 00:00:00+08:00,20.70610010933612,20.89782276189027,20.64219093322754,20.64219093322754,429000,0.0,0.0
2012-04-26 00:00:00+08:00,20.83391336438808,20.929775908589363,20.450468063354492,20.450468063354492,533000,0.0,0.0
2012-04-27 00:00:00+08:00,20.51437331276894,20.64218921647019,20.067020087700154,20.13092803955078,334000,0.0,0.0
2012-04-30 00:00:00+08:00,19.81139025409032,19.90725157604735,19.33208242536233,19.747482299804688,474000,0.0,0.0
2012-05-02 00:00:00+08:00,19.74748192775172,20.929774793460982,19.74748192775172,20.8978214263916,474000,0.0,0.0
2012-05-03 00:00:00+08:00,20.89782037921841,20.89782037921841,20.25874331831195,20.6102352142334,173000,0.0,0.0
2012-05-04 00:00:00+08:00,20.578281880355675,20.99368050785126,20.41851261488379,20.961727142333984,285000,0.0,0.0
2012-05-07 00:00:00+08:00,20.833912109647123,20.833912109647123,20.57828273698216,20.674142837524414,203000,0.0,0.0
2012-05-08 00:00:00+08:00,20.770005141807356,20.833911874781755,20.482419967651367,20.482419967651367,151000,0.0,0.0
2012-05-09 00:00:00+08:00,20.482420768839578,20.64219004541069,20.354606078948393,20.578283309936523,130000,0.0,0.0
2012-05-10 00:00:00+08:00,20.642187188714413,20.642187188714413,20.32264867979349,20.38655662536621,191000,0.0,0.0
2012-05-11 00:00:00+08:00,20.418513213407195,20.418513213407195,20.13092803955078,20.13092803955078,148000,0.0,0.0
2012-05-14 00:00:00+08:00,20.578282820492927,20.578282820492927,20.067020416259766,20.067020416259766,79000,0.0,0.0
2012-05-15 00:00:00+08:00,19.93920144606927,20.290693283081055,19.875293506900977,20.290693283081055,78000,0.0,0.0
2012-05-16 00:00:00+08:00,20.418513311307386,20.418513311307386,19.87529754638672,19.87529754638672,87000,0.0,0.0
2012-05-17 00:00:00+08:00,19.939205286867764,20.258743825317936,19.939205286867764,20.035066604614258,133000,0.0,0.0
2012-05-18 00:00:00+08:00,19.332082748413086,19.90725190870953,19.332082748413086,19.332082748413086,165000,0.0,0.0
2012-05-21 00:00:00+08:00,19.395988910749473,19.651619489589734,19.364034326555224,19.427942276000977,67000,0.0,0.0
2012-05-22 00:00:00+08:00,19.68357434551905,19.90725157604735,19.52380506927639,19.747482299804688,117000,0.0,0.0
2012-05-23 00:00:00+08:00,19.74748071833262,20.0031112960602,19.491850140605038,19.68357276916504,123000,0.0,0.0
2012-05-24 00:00:00+08:00,19.49185055375431,19.811389087422416,19.20426538587591,19.36403465270996,147000,0.0,0.0
2012-05-25 00:00:00+08:00,19.300125762235258,19.395987067824173,19.07644856989937,19.17230987548828,145000,0.0,0.0
2012-05-28 00:00:00+08:00,19.108401932114795,19.17230987548828,18.78886343418999,19.17230987548828,163000,0.0,0.0
2012-05-29 00:00:00+08:00,19.236218480827965,20.45046457093893,19.236218480827965,20.38655662536621,540000,0.0,0.0
2012-05-30 00:00:00+08:00,20.450466460810922,20.450466460810922,19.875297335389174,20.035066604614258,244000,0.0,0.0
2012-05-31 00:00:00+08:00,19.61966761017626,19.939206162661588,19.61966761017626,19.747482299804688,141000,0.0,0.0
2012-06-01 00:00:00+08:00,19.939206270107878,19.939206270107878,19.491851806640625,19.491851806640625,199000,0.0,0.0
2012-06-04 00:00:00+08:00,18.852772898778415,18.852772898778415,18.14978790283203,18.14978790283203,494000,0.0,0.0
2012-06-05 00:00:00+08:00,18.5012827318388,18.756913330803414,18.277605500641194,18.309558868408203,212000,0.0,0.0
2012-06-06 00:00:00+08:00,18.181743850667313,18.533235765540084,18.181743850667313,18.37346649169922,240000,0.0,0.0
2012-06-07 00:00:00+08:00,18.756912992705857,18.756912992705857,18.37346649169922,18.37346649169922,214000,0.0,0.0
2012-06-08 00:00:00+08:00,18.341514817765294,18.405421558047138,18.181745529174805,18.181745529174805,120000,0.0,0.0
2012-06-11 00:00:00+08:00,18.24564881383502,18.533233966408094,18.24564881383502,18.46932601928711,96000,0.0,0.0
2012-06-12 00:00:00+08:00,18.34151134398785,18.597141913529075,18.34151134398785,18.46932601928711,107000,0.0,0.0
2012-06-13 00:00:00+08:00,18.405421206553463,18.66105303857072,18.405421206553463,18.597145080566406,143000,0.0,0.0
2012-06-14 00:00:00+08:00,18.405417625385436,18.597141462094402,18.405417625385436,18.4373722076416,63000,0.0,0.0
2012-06-15 00:00:00+08:00,18.533235013357615,18.884726913964872,18.469327062626448,18.756912231445312,163000,0.0,0.0
2012-06-18 00:00:00+08:00,19.39598854521407,19.39598854521407,18.916680761818053,19.140357971191406,143000,0.0,0.0
2012-06-19 00:00:00+08:00,19.140358383890135,19.140358383890135,18.597142640540113,18.820819854736328,96000,0.0,0.0
2012-06-20 00:00:00+08:00,18.820819650123912,19.04449564294566,18.820819650123912,18.980588912963867,116000,0.0,0.0
2012-06-21 00:00:00+08:00,18.980589387462455,19.49185055375431,18.980589387462455,19.36403465270996,207000,0.0,0.0
2012-06-22 00:00:00+08:00,19.17230987548828,19.23621781886177,19.108401932114795,19.17230987548828,70000,0.0,0.0
2012-06-25 00:00:00+08:00,19.17231302899713,19.300128936767578,19.17231302899713,19.300128936767578,86000,0.0,0.0
2012-06-26 00:00:00+08:00,19.20426717271504,19.20426717271504,18.916683197021484,18.916683197021484,121000,0.0,0.0
2012-06-27 00:00:00+08:00,18.91668374590094,19.26817568826167,18.91668374590094,19.044498443603516,138000,0.0,0.0
2012-06-28 00:00:00+08:00,19.23621948971925,19.4279421175501,18.980588912963867,18.980588912963867,90000,0.0,0.0
2012-06-29 00:00:00+08:00,19.140359990472668,19.236221313476562,18.948636125522025,19.236221313476562,91000,0.0,0.0
2012-07-02 00:00:00+08:00,19.459897994995117,19.58771268239736,19.36403545576491,19.459897994995117,281000,0.0,0.0
2012-07-03 00:00:00+08:00,19.523804966757588,20.00311279296875,19.45989823175037,20.00311279296875,389000,0.0,0.0
2012-07-04 00:00:00+08:00,20.130929281892282,20.770006401952354,20.098975913466425,20.258745193481445,529000,0.0,0.0
2012-07-05 00:00:00+08:00,20.418514694582655,20.57828397632761,20.290698781609535,20.450468063354492,329000,0.0,0.0
2012-07-06 00:00:00+08:00,20.578284211303586,20.578284211303586,19.907252488946767,19.939207077026367,255000,0.0,0.0
2012-07-09 00:00:00+08:00,19.875299894997895,20.130930514890455,19.843345305671985,19.90725326538086,108000,0.0,0.0
2012-07-10 00:00:00+08:00,19.90724952943856,19.90724952943856,19.619665593133174,19.65161895751953,142000,0.0,0.0
2012-07-11 00:00:00+08:00,19.65161895751953,19.747480269621327,19.4918496977023,19.65161895751953,103000,0.0,0.0
2012-07-12 00:00:00+08:00,19.683573902264527,19.747481855111015,19.55575921551436,19.71552848815918,110000,0.0,0.0
2012-07-13 00:00:00+08:00,19.61966624516788,19.747480925903798,19.491850345489212,19.5238037109375,124000,0.0,0.0
2012-07-16 00:00:00+08:00,19.68357445158782,19.68357445158782,19.30012916169343,19.491851806640625,86000,0.0,0.0
2012-07-17 00:00:00+08:00,19.300129938501236,19.491852591165046,18.980591371432958,19.10840606689453,137000,0.0,0.0
2012-07-18 00:00:00+08:00,19.10840437067002,19.10840437067002,18.916681735025143,18.94863510131836,121000,0.0,0.0
2012-07-19 00:00:00+08:00,18.948632683152393,19.23621781886177,18.948632683152393,19.17230987548828,431000,0.0,0.0
2012-07-20 00:00:00+08:00,19.309257916750077,19.446202221047162,19.172312306442862,19.377729415893555,272000,2.0,0.0
2012-07-23 00:00:00+08:00,19.27502021535248,19.27502021535248,19.00113030992495,19.03536605834961,89000,0.0,0.0
2012-07-24 00:00:00+08:00,19.035368362655245,19.035368362655245,18.487588485489287,18.761478424072266,107000,0.0,0.0
2012-07-25 00:00:00+08:00,18.76147700551697,18.76147700551697,18.556059893613885,18.62453269958496,94000,0.0,0.0
2012-07-26 00:00:00+08:00,18.624531710156237,19.17231151680374,18.624531710156237,19.069602966308594,133000,0.0,0.0
2012-07-27 00:00:00+08:00,19.275019438450997,19.343492238550528,19.17231089130672,19.24078369140625,70000,0.0,0.0
2012-07-30 00:00:00+08:00,19.343493138040813,19.446201689961136,19.00113042763301,19.172311782836914,99000,0.0,0.0
2012-07-31 00:00:00+08:00,19.172311395466636,19.172311395466636,18.864184439921182,18.93265724182129,125000,0.0,0.0
2012-08-01 00:00:00+08:00,19.1038412330828,19.617385359273253,18.932659857685984,19.411968231201172,189000,0.0,0.0
2012-08-02 00:00:00+08:00,19.411968231201172,19.411968231201172,19.411968231201172,19.411968231201172,0,0.0,0.0
2012-08-03 00:00:00+08:00,19.411966207812387,19.411966207812387,19.001130688481044,19.275020599365234,116000,0.0,0.0
2012-08-06 00:00:00+08:00,19.377727859525127,19.51467345883323,19.103837966918945,19.103837966918945,75000,0.0,0.0
2012-08-07 00:00:00+08:00,19.240784466927824,19.240784466927824,19.00113030992495,19.03536605834961,78000,0.0,0.0
2012-08-08 00:00:00+08:00,19.172311664068417,19.206547412493077,19.03536605834961,19.03536605834961,134000,0.0,0.0
2012-08-09 00:00:00+08:00,19.514676752586276,19.95974806644321,19.514676752586276,19.925512313842773,335000,0.0,0.0
2012-08-10 00:00:00+08:00,19.993980407714844,20.165161742349355,19.75432627802454,19.993980407714844,171000,0.0,0.0
2012-08-13 00:00:00+08:00,20.13092469181649,20.13092469181649,19.85703481760326,19.993980407714844,185000,0.0,0.0
2012-08-14 00:00:00+08:00,19.993980407714844,20.062451896760695,19.85703481760326,19.993980407714844,112000,0.0,0.0
2012-08-15 00:00:00+08:00,19.99398347325041,20.267873389457236,19.99398347325041,20.02821922302246,130000,0.0,0.0
2012-08-16 00:00:00+08:00,20.199402359812755,20.47329230009969,20.130929548238456,20.40481948852539,236000,0.0,0.0
2012-08-17 00:00:00+08:00,20.473290389143315,20.986834469001476,20.473290389143315,20.91836166381836,355000,0.0,0.0
2012-08-20 00:00:00+08:00,20.81565424230466,20.986835611576918,20.61023712158203,20.61023712158203,180000,0.0,0.0
2012-08-21 00:00:00+08:00,20.67870854465603,20.81565284729004,20.541762936011903,20.81565284729004,180000,0.0,0.0
2012-08-22 00:00:00+08:00,20.81565284729004,20.81565284729004,20.610235740333966,20.81565284729004,144000,0.0,0.0
2012-08-23 00:00:00+08:00,20.815652598393495,21.466142272659894,20.815652598393495,21.22648811340332,253000,0.0,0.0
2012-08-24 00:00:00+08:00,21.226489122562604,21.500379043587188,21.123780565429655,21.29496192932129,276000,0.0,0.0
2012-08-27 00:00:00+08:00,21.29496091690664,21.329196665653253,21.123779561153388,21.22648811340332,106000,0.0,0.0
2012-08-28 00:00:00+08:00,21.089544171938233,21.294962598671066,20.507528561220717,20.61023712158203,199000,0.0,0.0
2012-08-29 00:00:00+08:00,20.541764205648928,20.678709822757334,20.40481858854052,20.473291397094727,153000,0.0,0.0
2012-08-30 00:00:00+08:00,20.47329230009969,20.747182240386625,20.40481948852539,20.40481948852539,105000,0.0,0.0
2012-08-31 00:00:00+08:00,20.26787517138705,20.541765111673985,20.233638112594775,20.40481948852539,96000,0.0,0.0
2012-09-03 00:00:00+08:00,20.439054382533865,20.81565284729004,20.439054382533865,20.81565284729004,167000,0.0,0.0
2012-09-04 00:00:00+08:00,20.815655507559672,20.952601133705638,20.610238374351002,20.78141975402832,89000,0.0,0.0
2012-09-05 00:00:00+08:00,20.747181325301337,20.747181325301337,20.33634708599652,20.473291397094727,99000,0.0,0.0
2012-09-06 00:00:00+08:00,20.40481948852539,20.81565505196092,20.40481948852539,20.40481948852539,84000,0.0,0.0
2012-09-07 00:00:00+08:00,20.747182240386625,20.747182240386625,20.40481948852539,20.40481948852539,121000,0.0,0.0
2012-09-10 00:00:00+08:00,20.302107992643602,20.507526397705078,20.199399443117898,20.507526397705078,249000,0.0,0.0
2012-09-11 00:00:00+08:00,20.404815799922652,20.644469944105,20.267871507539894,20.54176139831543,122000,0.0,0.0
2012-09-12 00:00:00+08:00,20.61023701420313,20.644472765475133,20.473291397094727,20.473291397094727,132000,0.0,0.0
2012-09-13 00:00:00+08:00,20.576000064121455,20.747181433393717,20.507528561220717,20.61023712158203,109000,0.0,0.0
2012-09-14 00:00:00+08:00,20.610234735415222,21.363432934213066,20.610234735415222,20.74717903137207,424000,0.0,0.0
2012-09-17 00:00:00+08:00,20.88412786353522,20.88412786353522,20.40481948852539,20.40481948852539,216000,0.0,0.0
2012-09-18 00:00:00+08:00,20.507525651722244,20.747178489894576,20.23363445493669,20.54176139831543,172000,0.0,0.0
2012-09-19 00:00:00+08:00,20.541763043149466,20.64447159716319,20.404817433791088,20.439054489135742,153000,0.0,0.0
2012-09-20 00:00:00+08:00,20.541764205648928,20.78141838258354,20.33634708599652,20.473291397094727,310000,0.0,0.0
2012-09-21 00:00:00+08:00,20.47328859911904,20.644469944105,20.404815799922652,20.54176139831543,111000,0.0,0.0
2012-09-24 00:00:00+08:00,21.26072366463165,21.979684829711914,21.26072366463165,21.979684829711914,515000,0.0,0.0
2012-09-25 00:00:00+08:00,22.869830748043558,23.486082077026367,22.4932296663082,23.486082077026367,2885000,0.0,0.0
2012-09-26 00:00:00+08:00,23.280665195863442,23.280665195863442,22.561703998983482,22.732885360717773,1406000,0.0,0.0
2012-09-27 00:00:00+08:00,22.630176013245016,23.212194223582845,22.630176013245016,22.938302993774414,3248000,0.0,0.0
2012-09-28 00:00:00+08:00,22.93830429423939,23.075249916907605,22.5959415435791,22.5959415435791,691000,0.0,0.0
2012-10-01 00:00:00+08:00,22.801360175244373,23.86268424987793,22.66441454354505,23.86268424987793,3004000,0.0,0.0
2012-10-02 00:00:00+08:00,23.862682179861736,23.896920543831992,23.486083684372897,23.55455780029297,1324000,0.0,0.0
2012-10-03 00:00:00+08:00,23.623025593817424,23.657261340389965,22.80135461597629,22.835590362548828,910000,0.0,0.0
2012-10-04 00:00:00+08:00,22.835592610546172,22.869830972509263,22.356286887306393,22.732885360717773,545000,0.0,0.0
2012-10-05 00:00:00+08:00,22.732884176733133,22.83559142121229,22.116630261777598,22.185104370117188,525000,0.0,0.0
2012-10-08 00:00:00+08:00,21.91121510683309,22.42475921089949,21.50037956237793,21.50037956237793,734000,0.0,0.0
2012-10-09 00:00:00+08:00,21.637324808159114,21.705797615395824,20.98683509842564,21.260725021362305,429000,0.0,0.0
2012-10-11 00:00:00+08:00,21.226489505668678,21.53461648863891,20.71294540472508,21.021072387695312,928000,0.0,0.0
2012-10-12 00:00:00+08:00,20.884125267044684,21.158015173279317,20.50752680922332,20.575998306274414,511000,0.0,0.0
2012-10-15 00:00:00+08:00,20.678709298946256,20.678709298946256,20.199400957218366,20.267873764038086,335000,0.0,0.0
2012-10-16 00:00:00+08:00,20.062456130981445,20.336347369009896,20.062456130981445,20.062456130981445,251000,0.0,0.0
2012-10-17 00:00:00+08:00,20.199400957218366,20.747180799755814,20.199400957218366,20.267873764038086,410000,0.0,0.0
2012-10-18 00:00:00+08:00,20.678709298946256,20.678709298946256,20.199400957218366,20.267873764038086,228000,0.0,0.0
2012-10-19 00:00:00+08:00,20.33634657085781,20.47329087848709,20.233636707623145,20.267873764038086,174000,0.0,0.0
2012-10-22 00:00:00+08:00,20.062453563805757,20.199399165296533,19.58314657060814,19.720090866088867,259000,0.0,0.0
2012-10-23 00:00:00+08:00,20.062456007887384,20.062456007887384,19.54891189875023,19.583148956298828,135000,0.0,0.0
2012-10-24 00:00:00+08:00,19.172314044443578,19.617385359273253,19.172314044443578,19.411968231201172,237000,0.0,0.0
2012-10-25 00:00:00+08:00,19.240784466927824,19.41196582107129,19.03536605834961,19.03536605834961,326000,0.0,0.0
2012-10-26 00:00:00+08:00,18.829953349492037,18.829953349492037,17.734392166137695,17.734392166137695,711000,0.0,0.0
2012-10-29 00:00:00+08:00,17.118136625506132,17.460499358016257,16.501883968189947,16.63882827758789,585000,0.0,0.0
2012-10-30 00:00:00+08:00,16.6388270211262,17.118135332850034,16.6388270211262,16.981189727783203,189000,0.0,0.0
2012-10-31 00:00:00+08:00,17.1181342904885,17.392024177934314,16.912717201406636,17.083898544311523,368000,0.0,0.0
2012-11-01 00:00:00+08:00,17.083904183804556,17.15237569876134,16.43341434363163,16.946958541870117,172000,0.0,0.0
2012-11-02 00:00:00+08:00,17.152373111934285,17.460500106811523,17.11813735961914,17.11813735961914,117000,0.0,0.0
2012-11-05 00:00:00+08:00,16.8100076168832,17.186607360839844,16.638826271269277,17.186607360839844,68000,0.0,0.0
2012-11-06 00:00:00+08:00,17.460501378125482,17.460501378125482,16.912721465137444,17.28931999206543,74000,0.0,0.0
2012-11-07 00:00:00+08:00,17.289317335779163,17.46049869553935,17.118135976018973,17.32355308532715,118000,0.0,0.0
2012-11-08 00:00:00+08:00,17.152371081111703,17.22084388364512,16.878481176988117,16.981189727783203,197000,0.0,0.0
2012-11-09 00:00:00+08:00,16.638825412208174,17.357787810272697,16.638825412208174,17.25507926940918,123000,0.0,0.0
2012-11-12 00:00:00+08:00,17.255082943568006,17.802862815486577,17.255082943568006,17.631681442260742,252000,0.0,0.0
2012-11-13 00:00:00+08:00,17.63167851813063,17.63167851813063,17.46049717329441,17.56320571899414,151000,0.0,0.0
2012-11-14 00:00:00+08:00,17.528971728306352,17.802861646277826,17.528971728306352,17.597444534301758,99000,0.0,0.0
2012-11-15 00:00:00+08:00,17.528971359170537,17.905569825199407,17.528971359170537,17.871334075927734,112000,0.0,0.0
2012-11-16 00:00:00+08:00,18.076752353342634,18.282170780295854,17.871335232399616,17.90557098388672,176000,0.0,0.0
2012-11-19 00:00:00+08:00,17.871334865608308,17.905570616392755,17.5974449413022,17.665916442871094,143000,0.0,0.0
2012-11-20 00:00:00+08:00,18.0767497535028,18.0767497535028,17.32355157502143,17.56320571899414,134000,0.0,0.0
2012-11-21 00:00:00+08:00,17.665916938724187,17.665916938724187,17.186609884237686,17.528972625732422,108000,0.0,0.0
2012-11-22 00:00:00+08:00,17.563206439279092,17.665914989191002,17.015426635742188,17.015426635742188,159000,0.0,0.0
2012-11-23 00:00:00+08:00,17.186607282758462,17.597442771567394,17.049661684485482,17.56320571899414,190000,0.0,0.0
2012-11-26 00:00:00+08:00,17.734388837042502,18.11098861694336,17.700153087056126,18.11098861694336,230000,0.0,0.0
2012-11-27 00:00:00+08:00,18.282169604702272,18.96689503849621,18.145223995539435,18.384878158569336,396000,0.0,0.0
2012-11-28 00:00:00+08:00,18.419113907854985,18.761476624751957,18.213696800120854,18.384878158569336,254000,0.0,0.0
2012-11-29 00:00:00+08:00,18.556059666003904,18.761476775387326,18.2821697514893,18.35064125061035,186000,0.0,0.0
2012-11-30 00:00:00+08:00,18.213697945872212,18.658769244633916,18.213697945872212,18.41911506652832,296000,0.0,0.0
2012-12-03 00:00:00+08:00,18.419112269259063,18.932656298918758,18.419112269259063,18.487585067749023,387000,0.0,0.0
2012-12-04 00:00:00+08:00,18.487585382052533,19.3092563658811,18.41911258239848,19.103837966918945,413000,0.0,0.0
2012-12-05 00:00:00+08:00,19.103838979553334,19.275020334757237,18.96689467899627,19.172311782836914,320000,0.0,0.0
2012-12-06 00:00:00+08:00,19.172311664068417,19.44620156949595,19.03536605834961,19.03536605834961,411000,0.0,0.0
2012-12-07 00:00:00+08:00,19.035367559377523,19.172313175895134,18.93265899999441,18.966896057128906,181000,0.0,0.0
2012-12-10 00:00:00+08:00,19.172312535333283,19.172312535333283,18.62453269958496,18.62453269958496,213000,0.0,0.0
2012-12-11 00:00:00+08:00,18.624534107785898,18.761478424072266,18.45335273292026,18.761478424072266,69000,0.0,0.0
2012-12-12 00:00:00+08:00,18.62453395853738,18.82995108432593,18.62453395853738,18.79571533203125,145000,0.0,0.0
2012-12-13 00:00:00+08:00,18.898423140507788,18.898423140507788,18.62453321505322,18.8299503326416,205000,0.0,0.0
2012-12-14 00:00:00+08:00,18.590297049206622,18.82995123522057,18.590297049206622,18.761478424072266,56000,0.0,0.0
2012-12-17 00:00:00+08:00,18.624533750815615,18.693005254641307,18.4875881311438,18.52182388305664,99000,0.0,0.0
2012-12-18 00:00:00+08:00,18.48758787541709,18.521823626856374,18.384879315089037,18.41911506652832,138000,0.0,0.0
2012-12-19 00:00:00+08:00,18.48758761682243,18.624533232684445,18.31640625,18.31640625,127000,0.0,0.0
2012-12-20 00:00:00+08:00,18.35064225763955,18.453352123977808,18.282170754760983,18.41911506652832,132000,0.0,0.0
2012-12-21 00:00:00+08:00,18.487585067749023,18.624530664728944,18.419112269259063,18.487585067749023,124000,0.0,0.0
2012-12-24 00:00:00+08:00,20.302110311251234,20.84989148129792,20.062456130981445,20.062456130981445,1890000,0.0,0.0
2012-12-25 00:00:00+08:00,20.062455490778905,20.267873912745245,19.89127412547871,20.2336368560791,565000,0.0,0.0
2012-12-26 00:00:00+08:00,20.404817440182374,21.294961289270407,20.33634594149186,20.952598571777344,2025000,0.0,0.0
2012-12-27 00:00:00+08:00,21.089541456442067,21.500376950998216,20.54176166770722,20.64447021484375,979000,0.0,0.0
2012-12-28 00:00:00+08:00,21.05530712582324,21.500378397362194,20.884125767076707,20.952598571777344,1123000,0.0,0.0
2013-01-02 00:00:00+08:00,21.08954545384132,21.363436706133253,20.644474127882354,20.78141975402832,516000,0.0,0.0
2013-01-03 00:00:00+08:00,20.88412550416328,21.158015413507663,20.747179896486035,20.849889755249023,449000,0.0,0.0
2013-01-04 00:00:00+08:00,21.02107266903749,21.02107266903749,20.541764312671084,20.61023712158203,351000,0.0,0.0
2013-01-07 00:00:00+08:00,20.712944134466404,20.712944134466404,20.30210861770472,20.336345672607422,336000,0.0,0.0
2013-01-08 00:00:00+08:00,20.199401823942328,20.986835871131255,20.199401823942328,20.71294593811035,469000,0.0,0.0
2013-01-09 00:00:00+08:00,20.918362802665975,20.918362802665975,20.576000064121455,20.61023712158203,251000,0.0,0.0
2013-01-10 00:00:00+08:00,20.541762926661512,20.781417088674587,20.302108764648438,20.302108764648438,320000,0.0,0.0
2013-01-11 00:00:00+08:00,20.336345046492216,20.541762145543625,20.267872244805055,20.507526397705078,263000,0.0,0.0
2013-01-14 00:00:00+08:00,20.30210861770472,20.404817170392615,20.199400065016825,20.336345672607422,197000,0.0,0.0
2013-01-15 00:00:00+08:00,20.678707536398672,20.88412463333897,20.541761934431772,20.74717903137207,214000,0.0,0.0
2013-01-16 00:00:00+08:00,20.884126942409743,20.884126942409743,20.473291397094727,20.473291397094727,275000,0.0,0.0
2013-01-17 00:00:00+08:00,20.473290772708097,20.815653499027665,19.583148206681287,19.61738395690918,398000,0.0,0.0
2013-01-18 00:00:00+08:00,19.72008997699994,19.857035572316462,19.685854231175803,19.788562774658203,221000,0.0,0.0
2013-01-21 00:00:00+08:00,19.85703950263165,20.1309294414659,19.788566691420524,19.925512313842773,170000,0.0,0.0
2013-01-22 00:00:00+08:00,20.336344306736283,20.78141554249778,20.130925909147116,20.54176139831543,402000,0.0,0.0
2013-01-23 00:00:00+08:00,20.541765111673985,20.610237923248285,20.40481948852539,20.40481948852539,146000,0.0,0.0
2013-01-24 00:00:00+08:00,20.40481858854052,20.61023701420313,20.370582837268522,20.473291397094727,102000,0.0,0.0
2013-01-25 00:00:00+08:00,20.47329087848709,20.644472242531315,20.096692399993863,20.267873764038086,163000,0.0,0.0
2013-01-28 00:00:00+08:00,20.37058232126259,20.54176368530681,20.233636707623145,20.267873764038086,100000,0.0,0.0
2013-01-29 00:00:00+08:00,20.43905512808231,20.507527934902033,20.267873764038086,20.267873764038086,174000,0.0,0.0
2013-01-30 00:00:00+08:00,20.302110134487883,20.849891299765233,20.302110134487883,20.61023712158203,222000,0.0,0.0
2013-01-31 00:00:00+08:00,20.81565505196092,20.81565505196092,20.26787517138705,20.40481948852539,163000,0.0,0.0
2013-02-01 00:00:00+08:00,20.404815799922652,20.71294274330139,20.404815799922652,20.54176139831543,251000,0.0,0.0
2013-02-04 00:00:00+08:00,20.541762926661512,20.644471480092797,20.267873015508048,20.302108764648438,216000,0.0,0.0
2013-02-05 00:00:00+08:00,20.302108764648438,20.473290122370617,20.130927406926258,20.302108764648438,108000,0.0,0.0
2013-02-06 00:00:00+08:00,20.404814566029717,20.404814566029717,19.993980407714844,19.993980407714844,164000,0.0,0.0
2013-02-18 00:00:00+08:00,20.062456630254776,20.33634787509927,19.925512313842773,19.925512313842773,189000,0.0,0.0
2013-02-19 00:00:00+08:00,19.993983104354584,20.302108764648438,19.993983104354584,20.302108764648438,180000,0.0,0.0
2013-02-20 00:00:00+08:00,20.40481858854052,20.57599995692093,20.33634708599652,20.473291397094727,147000,0.0,0.0
2013-02-21 00:00:00+08:00,20.541761934431772,20.918360380825668,20.473289133448326,20.74717903137207,292000,0.0,0.0
2013-02-22 00:00:00+08:00,20.815651289090965,20.849888341694168,20.370580053329466,20.54176139831543,186000,0.0,0.0
2013-02-25 00:00:00+08:00,20.747180157675434,21.123779930523877,20.610235854284284,20.952598571777344,352000,0.0,0.0
2013-02-26 00:00:00+08:00,20.8156524639835,20.8156524639835,20.575998306274414,20.575998306274414,137000,0.0,0.0
2013-02-27 00:00:00+08:00,20.64447159716319,20.64447159716319,20.404817433791088,20.439054489135742,123000,0.0,0.0
2013-03-01 00:00:00+08:00,20.575998792483997,20.575998792483997,20.404817433791088,20.439054489135742,142000,0.0,0.0
2013-03-04 00:00:00+08:00,20.43905486525654,20.50752767119577,20.165164947509766,20.165164947509766,160000,0.0,0.0
2013-03-05 00:00:00+08:00,20.16516535476716,20.336346720067358,20.16516535476716,20.2336368560791,126000,0.0,0.0
2013-03-06 00:00:00+08:00,20.233637607395966,20.404818979052482,20.19940185546875,20.19940185546875,187000,0.0,0.0
2013-03-07 00:00:00+08:00,20.2678746653334,20.404818979052482,20.19940185546875,20.19940185546875,122000,0.0,0.0
2013-03-08 00:00:00+08:00,20.404818071667368,20.47329087848709,20.267873764038086,20.267873764038086,236000,0.0,0.0
2013-03-11 00:00:00+08:00,20.267873015508048,20.404817318079722,20.09669165778587,20.302108764648438,157000,0.0,0.0
2013-03-12 00:00:00+08:00,20.336347191948455,20.712945681943346,20.336347191948455,20.61023712158203,259474,0.0,0.0
2013-03-13 00:00:00+08:00,20.7814192991789,20.7814192991789,20.336347982961346,20.40481948852539,150000,0.0,0.0
2013-03-14 00:00:00+08:00,20.404818221379298,20.404818221379298,20.2336368560791,20.2336368560791,160797,0.0,0.0
2013-03-15 00:00:00+08:00,20.23363750174412,20.267874559502783,20.062456130981445,20.062456130981445,215313,0.0,0.0
2013-03-18 00:00:00+08:00,19.89127282906695,19.89127282906695,18.966894561500293,19.03536605834961,279999,0.0,0.0
2013-03-19 00:00:00+08:00,19.13807591564376,19.309257269787228,19.03536605834961,19.03536605834961,217813,0.0,0.0
2013-03-20 00:00:00+08:00,19.035368362655245,19.035368362655245,18.52182423805832,18.761478424072266,398607,0.0,0.0
2013-03-21 00:00:00+08:00,18.7957124087146,18.864183902654517,18.693002555784656,18.72723960876465,225000,0.0,0.0
2013-03-22 00:00:00+08:00,18.693004608154297,18.79571447236111,18.658768857425475,18.693004608154297,131650,0.0,0.0
2013-03-25 00:00:00+08:00,18.82994713039573,18.898419926617343,18.55605725151924,18.65876579284668,174904,0.0,0.0
2013-03-26 00:00:00+08:00,18.727240882696364,19.035366544416526,18.69300382738738,18.898422241210938,227201,0.0,0.0
2013-03-27 00:00:00+08:00,18.966893940303503,19.377728131984263,18.932656886990074,19.206546783447266,188973,0.0,0.0
2013-03-28 00:00:00+08:00,19.377728495156894,19.377728495156894,18.93265724182129,18.93265724182129,189098,0.0,0.0
2013-03-29 00:00:00+08:00,19.103838979553334,19.206547531473657,19.00113042763301,19.172311782836914,109597,0.0,0.0
2013-04-01 00:00:00+08:00,19.17231151680374,19.343492869632346,19.035365912136825,19.069602966308594,72523,0.0,0.0
2013-04-02 00:00:00+08:00,19.172311664068417,19.240784466927824,19.03536605834961,19.03536605834961,65258,0.0,0.0
2013-04-03 00:00:00+08:00,19.103838861209013,19.172311664068417,19.03536605834961,19.03536605834961,63000,0.0,0.0
2013-04-08 00:00:00+08:00,18.727239791149696,19.206546783447266,18.14522294492189,19.206546783447266,365547,0.0,0.0
2013-04-09 00:00:00+08:00,18.9668954234302,19.103839729362207,18.62453269958496,18.62453269958496,138150,0.0,0.0
2013-04-10 00:00:00+08:00,18.65876844956543,18.79571406150758,18.59029564359435,18.62453269958496,53159,0.0,0.0
2013-04-11 00:00:00+08:00,18.761475274658714,19.103837966918945,18.761475274658714,19.103837966918945,101498,0.0,0.0
2013-04-12 00:00:00+08:00,19.172312153632234,19.172312153632234,18.795713687304218,18.898422241210938,63229,0.0,0.0
2013-04-15 00:00:00+08:00,18.898419646338954,18.898419646338954,18.55605697631836,18.55605697631836,108761,0.0,0.0
2013-04-16 00:00:00+08:00,18.453352123977808,18.453352123977808,18.282170754760983,18.41911506652832,116521,0.0,0.0
2013-04-17 00:00:00+08:00,18.556057866238984,18.624530664728944,18.419112269259063,18.487585067749023,69538,0.0,0.0
2013-04-18 00:00:00+08:00,18.4875881311438,18.693005254641307,18.4875881311438,18.52182388305664,40000,0.0,0.0
2013-04-19 00:00:00+08:00,18.55606029922884,18.693004608154297,18.521823242489845,18.693004608154297,77657,0.0,0.0
2013-04-22 00:00:00+08:00,18.761478424072266,18.761478424072266,18.556061296637594,18.761478424072266,122806,0.0,0.0
2013-04-23 00:00:00+08:00,18.761476631995233,18.898422241210938,18.761476631995233,18.898422241210938,126073,0.0,0.0
2013-04-24 00:00:00+08:00,18.898421758640886,19.03536605834961,18.829948955781482,19.03536605834961,149399,0.0,0.0
2013-04-25 00:00:00+08:00,18.898422241210938,18.96689504581879,18.624532328789645,18.898422241210938,106397,0.0,0.0
2013-04-26 00:00:00+08:00,18.898422617459122,19.001131173410663,18.62453269958496,18.62453269958496,111696,0.0,0.0
2013-04-29 00:00:00+08:00,18.761477415622114,18.86418597381875,18.693004608154297,18.693004608154297,161214,0.0,0.0
2013-04-30 00:00:00+08:00,18.8299503326416,19.035367450229984,18.8299503326416,18.8299503326416,157174,0.0,0.0
2013-05-02 00:00:00+08:00,18.966895838025565,18.966895838025565,18.624533106696656,18.693004608154297,127473,0.0,0.0
2013-05-03 00:00:00+08:00,18.693004608154297,18.898423030557748,18.693004608154297,18.693004608154297,124812,0.0,0.0
2013-05-06 00:00:00+08:00,18.693005612923958,18.8641869877896,18.693005612923958,18.761478424072266,98176,0.0,0.0
2013-05-07 00:00:00+08:00,18.966898541886426,19.377732833240206,18.966898541886426,19.309261322021484,482785,0.0,0.0
2013-05-08 00:00:00+08:00,19.514674152546668,20.64447081596578,19.37772854837038,19.959745407104492,1175395,0.0,0.0
2013-05-09 00:00:00+08:00,19.857036321404834,20.130926216360137,19.65161922669087,19.75432777404785,368944,0.0,0.0
2013-05-10 00:00:00+08:00,19.959744564161156,20.644469944105,19.822800271778394,20.54176139831543,1456190,0.0,0.0
2013-05-13 00:00:00+08:00,20.678708535243302,20.678708535243302,20.267873015508048,20.302108764648438,290199,0.0,0.0
2013-05-14 00:00:00+08:00,20.302109023508734,20.302109023508734,19.85703774895825,19.891273498535156,652417,0.0,0.0
2013-05-15 00:00:00+08:00,20.062455490778905,20.43905527804544,20.062455490778905,20.2336368560791,564610,0.0,0.0
2013-05-16 00:00:00+08:00,20.473290238470277,20.849890011200756,20.33634593512202,20.439054489135742,710008,0.0,0.0
2013-05-17 00:00:00+08:00,20.61023419751182,21.123778232469704,20.507525651722244,20.54176139831543,873001,0.0,0.0
2013-05-20 00:00:00+08:00,20.7814192991789,20.7814192991789,20.40481948852539,20.40481948852539,416401,0.0,0.0
2013-05-21 00:00:00+08:00,20.404815799922652,20.815651289090965,20.404815799922652,20.54176139831543,353294,0.0,0.0
2013-05-22 00:00:00+08:00,20.67870726789595,20.884124362169008,20.473288867612858,20.64447021484375,377395,0.0,0.0
2013-05-23 00:00:00+08:00,20.610236492126536,20.610236492126536,20.233636707623145,20.267873764038086,457652,0.0,0.0
2013-05-24 00:00:00+08:00,20.370583120758347,20.370583120758347,19.95974756972588,20.062456130981445,218498,0.0,0.0
2013-05-27 00:00:00+08:00,20.404818979052482,20.47329178891713,20.06245623573945,20.19940185546875,111786,0.0,0.0
2013-05-28 00:00:00+08:00,20.199400583902992,20.199400583902992,20.02821922302246,20.02821922302246,184268,0.0,0.0
2013-05-29 00:00:00+08:00,20.302110417260614,20.302110417260614,20.130929045604102,20.19940185546875,232397,0.0,0.0
2013-05-30 00:00:00+08:00,20.19939968233385,20.19939968233385,19.993982580849742,20.096691131591797,122622,0.0,0.0
2013-05-31 00:00:00+08:00,20.130925909147116,20.815651289090965,20.09669016255393,20.54176139831543,531599,0.0,0.0
2013-06-03 00:00:00+08:00,20.233634983011278,20.74717903137207,20.233634983011278,20.74717903137207,265205,0.0,0.0
2013-06-04 00:00:00+08:00,20.747181303058646,21.50037958432699,20.747181303058646,20.986835479736328,970097,0.0,0.0
2013-06-05 00:00:00+08:00,20.986833181809118,21.192251584759468,20.74717903137207,20.74717903137207,370461,0.0,0.0
2013-06-06 00:00:00+08:00,20.61023701420313,20.815654133855542,20.439055645822723,20.473291397094727,235834,0.0,0.0
2013-06-07 00:00:00+08:00,20.54176368530681,20.644472242531315,20.096692399993863,20.267873764038086,348340,0.0,0.0
2013-06-10 00:00:00+08:00,20.678707536398672,21.055305982792568,20.678707536398672,20.74717903137207,331679,0.0,0.0
2013-06-11 00:00:00+08:00,20.815654133855542,20.884126942409743,20.439055645822723,20.473291397094727,256513,0.0,0.0
2013-06-13 00:00:00+08:00,20.2336368560791,20.336346720067358,20.2336368560791,20.2336368560791,203411,0.0,0.0
2013-06-14 00:00:00+08:00,20.50752782198048,20.50752782198048,20.096692289334516,20.13092803955078,182173,0.0,0.0
2013-06-17 00:00:00+08:00,20.40481894720545,20.815654499741914,20.199401823942328,20.71294593811035,307377,0.0,0.0
2013-06-18 00:00:00+08:00,20.781417213030814,21.02107137647798,20.575998798928904,20.952598571777344,597122,0.0,0.0
2013-06-19 00:00:00+08:00,21.021070909555316,21.80850488109675,20.952598106375603,21.603086471557617,1531261,0.0,0.0
2013-06-20 00:00:00+08:00,21.43190724922222,21.534617117217106,21.02107300128357,21.363435745239258,554100,0.0,0.0
2013-06-21 00:00:00+08:00,20.54176403774388,21.089543889679643,20.54176403774388,21.021072387695312,480001,0.0,0.0
2013-06-24 00:00:00+08:00,20.884127349516167,22.356288191093515,20.884127349516167,21.87697982788086,1189376,0.0,0.0
2013-06-25 00:00:00+08:00,21.842740732913008,22.04815914342297,21.123779561153388,21.22648811340332,837229,0.0,0.0
2013-06-26 00:00:00+08:00,22.595939516693686,22.595939516693686,21.43190574645996,21.43190574645996,1023849,0.0,0.0
2013-06-27 00:00:00+08:00,21.842742530998166,22.69865068623252,21.705798218728425,22.11663246154785,2168400,0.0,0.0
2013-06-28 00:00:00+08:00,22.527470185436282,22.938304444104578,22.116633314747475,22.219343185424805,1872524,0.0,0.0
2013-07-01 00:00:00+08:00,22.219341052528357,22.595939522160307,22.185105302929134,22.458993911743164,623088,0.0,0.0
2013-07-02 00:00:00+08:00,22.732886546292306,22.80135804974886,22.11663256710162,22.253578186035156,736962,0.0,0.0
2013-07-03 00:00:00+08:00,22.458993246278762,22.458993246278762,21.43190511661339,21.603086471557617,922499,0.0,0.0
2013-07-04 00:00:00+08:00,21.705798641886904,21.705798641886904,21.29496308504796,21.329198837280273,455298,0.0,0.0
2013-07-05 00:00:00+08:00,21.568848675488233,21.911211352876936,21.5003758788085,21.63732147216797,358797,0.0,0.0
2013-07-08 00:00:00+08:00,21.77426755614011,22.219340118276904,21.77426755614011,22.185104370117188,737894,0.0,0.0
2013-07-09 00:00:00+08:00,22.116633771317268,22.116633771317268,21.70579950416782,21.77427101135254,432300,0.0,0.0
2013-07-10 00:00:00+08:00,21.705797463863245,21.774268964611768,21.15801631580392,21.29496192932129,797314,0.0,0.0
2013-07-11 00:00:00+08:00,21.43190574645996,21.63732416203598,21.329197191677014,21.43190574645996,396432,0.0,0.0
2013-07-12 00:00:00+08:00,21.43190511661339,21.77426782650185,21.43190511661339,21.603086471557617,484000,0.0,0.0
2013-07-15 00:00:00+08:00,21.67155900565088,22.32204736275606,21.603086203321368,22.185104370117188,801097,0.0,0.0
2013-07-16 00:00:00+08:00,22.25357767061085,22.25357767061085,21.945450688152164,22.048160552978516,395853,0.0,0.0
2013-07-17 00:00:00+08:00,22.185106168740194,22.21934191967552,21.945450688152164,22.048160552978516,471262,0.0,0.0
2013-07-18 00:00:00+08:00,22.219341164697347,22.59593963623047,21.568851470947266,21.568851470947266,2077992,0.0,0.0
2013-07-19 00:00:00+08:00,22.672209363814876,23.063723993235026,22.529840160801488,22.88576316833496,2951530,1.2,0.0
2013-07-22 00:00:00+08:00,23.06372375452909,24.416224380491393,22.850168594485922,24.060302734375,2309162,0.0,0.0
2013-07-23 00:00:00+08:00,24.558592295227843,25.44839636389552,24.238262287414177,24.3094482421875,2719177,0.0,0.0
2013-07-24 00:00:00+08:00,24.629777208505082,25.483989715576172,24.487410720215486,25.483989715576172,2193901,0.0,0.0
2013-07-25 00:00:00+08:00,25.448397930325584,25.483989552169767,24.950107078106992,24.985698699951172,1390800,0.0,0.0
2013-07-26 00:00:00+08:00,25.128066793321512,25.27043598987893,24.416223526000977,24.416223526000977,1100080,0.0,0.0
2013-07-29 00:00:00+08:00,24.416225065897002,25.092476755595037,24.380633443379576,24.736555099487305,915979,0.0,0.0
2013-07-30 00:00:00+08:00,24.736556142741147,25.412807860959813,24.558595307181857,25.3060302734375,1185166,0.0,0.0
2013-07-31 00:00:00+08:00,25.626359264822383,26.302610955181876,24.91451595191065,24.95010757446289,3384307,0.0,0.0
2013-08-01 00:00:00+08:00,24.87892480563379,25.056885637268557,24.55859476559785,24.700963973999023,915799,0.0,0.0
2013-08-02 00:00:00+08:00,25.128067902794584,25.234845483793812,24.59418542873181,24.985698699951172,1033807,0.0,0.0
2013-08-05 00:00:00+08:00,24.985696035699913,25.270434411024777,24.914512799601894,25.199251174926758,461226,0.0,0.0
2013-08-06 00:00:00+08:00,25.270436214424027,25.483988653424436,24.985697818779094,25.128067016601562,609545,0.0,0.0
2013-08-07 00:00:00+08:00,24.950108417355022,24.98570004110966,23.989120998645742,24.167081832885742,1052599,0.0,0.0
2013-08-08 00:00:00+08:00,24.34504229073917,24.843333162000718,24.34504229073917,24.487411499023438,541701,0.0,0.0
2013-08-09 00:00:00+08:00,24.77214537977869,25.16365863719053,24.558592940778283,25.128067016601562,979004,0.0,0.0
2013-08-12 00:00:00+08:00,25.270436214424027,25.448397032835466,24.950106198190124,25.128067016601562,782298,0.0,0.0
2013-08-13 00:00:00+08:00,25.34161945560197,25.34161945560197,24.843331336423216,25.128067016601562,446139,0.0,0.0
2013-08-14 00:00:00+08:00,25.128065223362345,25.44839521673622,24.914512799601894,25.199251174926758,663498,0.0,0.0
2013-08-15 00:00:00+08:00,25.19925332238397,26.765306373729146,25.19925332238397,26.124649047851562,2755481,0.0,0.0
2013-08-16 00:00:00+08:00,26.302611413183154,26.69412469900859,25.83991216554696,26.44498062133789,1920078,0.0,0.0
2013-08-19 00:00:00+08:00,26.622943484560366,27.868669398922766,26.124652575722006,27.15682601928711,2172401,0.0,0.0
2013-08-20 00:00:00+08:00,27.548333139398938,27.5839247572828,26.338199123082934,26.373790740966797,1389897,0.0,0.0
2013-08-22 00:00:00+08:00,26.195832355163375,26.729714819122414,25.875502333694627,26.551753997802734,720600,0.0,0.0
2013-08-23 00:00:00+08:00,26.907675812368993,27.690705060458733,26.765306611310255,27.050045013427734,1560564,0.0,0.0
2013-08-26 00:00:00+08:00,27.33478287943995,27.33478287943995,26.62293960357398,26.87208366394043,717097,0.0,0.0
2013-08-27 00:00:00+08:00,26.765305318658747,27.15682128152837,25.83990962966963,25.98227882385254,948699,0.0,0.0
2013-08-28 00:00:00+08:00,25.626358032226562,25.839910472735127,25.483988833398648,25.626358032226562,580604,0.0,0.0
2013-08-29 00:00:00+08:00,25.911096498439747,26.55175382166054,25.83991054110414,26.053462982177734,800742,0.0,0.0
2013-08-30 00:00:00+08:00,26.267016914568845,26.587344203517386,26.05346176798116,26.51616096496582,608976,0.0,0.0
2013-09-02 00:00:00+08:00,26.267018280573726,26.658531543900803,25.98227988062678,26.33820152282715,544485,0.0,0.0
2013-09-03 00:00:00+08:00,26.480569799281128,26.55175303905201,26.08905654960822,26.267017364501953,421040,0.0,0.0
2013-09-04 00:00:00+08:00,26.338201555312445,26.622939955610587,26.053463155014306,26.551753997802734,717810,0.0,0.0
2013-09-05 00:00:00+08:00,26.694121776811226,26.765305015362795,26.373791772396196,26.51616096496582,632546,0.0,0.0
2013-09-06 00:00:00+08:00,26.51616234392733,26.658531543900803,26.33820152282715,26.33820152282715,491589,0.0,0.0
2013-09-09 00:00:00+08:00,26.19582924545071,26.19582924545071,24.522998809814453,24.522998809814453,1727349,0.0,0.0
2013-09-10 00:00:00+08:00,24.345039972713252,24.416223212344242,23.13490589072071,23.27727508544922,1882828,0.0,0.0
2013-09-11 00:00:00+08:00,23.277274636542877,23.704379497025084,23.063722206301772,23.526418685913086,819706,0.0,0.0
2013-09-12 00:00:00+08:00,23.526419027521545,23.66878822157167,22.921353347141658,23.20608901977539,696799,0.0,0.0
2013-09-13 00:00:00+08:00,23.206091528349408,23.455238323736477,23.09931665786936,23.24168586730957,478561,0.0,0.0
2013-09-16 00:00:00+08:00,23.455236089217454,24.060301777361804,23.348458513443013,23.77556610107422,993802,0.0,0.0
2013-09-17 00:00:00+08:00,23.84675205019819,23.917935298489652,23.562013626098633,23.562013626098633,283295,0.0,0.0
2013-09-18 00:00:00+08:00,23.597605094721736,23.597605094721736,23.241683465633724,23.27727508544922,422498,0.0,0.0
2013-09-23 00:00:00+08:00,23.419643872656646,23.882340353139842,23.38404953799399,23.739971160888672,1020533,0.0,0.0
2013-09-24 00:00:00+08:00,23.775565950374144,23.811157570251176,23.490827560424805,23.490827560424805,308473,0.0,0.0
2013-09-25 00:00:00+08:00,23.490830377807175,23.704382838148412,23.490830377807175,23.562013626098633,257334,0.0,0.0
2013-09-26 00:00:00+08:00,23.526421589328148,23.775568384912244,23.455238342285156,23.455238342285156,243361,0.0,0.0
2013-09-27 00:00:00+08:00,23.59760513552244,23.633196755399474,23.419644320670738,23.490827560424805,282886,0.0,0.0
2013-09-30 00:00:00+08:00,23.419644168583837,23.419644168583837,23.20608901977539,23.20608901977539,195657,0.0,0.0
2013-10-01 00:00:00+08:00,23.312866705264714,23.455235899993223,23.2060891303517,23.27727508544922,197004,0.0,0.0
2013-10-02 00:00:00+08:00,23.348458748801296,23.455236325652077,23.24168388741709,23.384050369262695,177399,0.0,0.0
2013-10-03 00:00:00+08:00,23.31286583119003,23.52641825754276,23.31286583119003,23.41964340209961,317714,0.0,0.0
2013-10-04 00:00:00+08:00,23.419647129515717,23.633199589856954,23.419647129515717,23.562013626098633,238097,0.0,0.0
2013-10-07 00:00:00+08:00,23.91793077344696,24.48740751390655,23.882339156034824,24.202669143676758,1522622,0.0,0.0
2013-10-08 00:00:00+08:00,24.1314891911129,24.202672435619213,23.989119986633565,24.02471160888672,445197,0.0,0.0
2013-10-09 00:00:00+08:00,24.024711051051337,24.024711051051337,23.633197784423828,23.633197784423828,418174,0.0,0.0
2013-10-11 00:00:00+08:00,23.84675205019819,23.98912126224797,23.490830377807175,23.562013626098633,496099,0.0,0.0
2013-10-14 00:00:00+08:00,23.6331975780074,23.704380820239166,22.529839672881966,22.921354293823242,1069267,0.0,0.0
2013-10-15 00:00:00+08:00,23.063724412683097,23.206090902818946,22.992538452148438,22.992538452148438,372102,0.0,0.0
2013-10-16 00:00:00+08:00,22.992539493366376,24.06030451053943,22.992539493366376,23.562013626098633,705614,0.0,0.0
2013-10-17 00:00:00+08:00,23.84674976415392,24.024710583289398,23.59760570355089,23.882341384887695,401033,0.0,0.0
2013-10-18 00:00:00+08:00,24.238263934775286,25.483989715576172,24.238263934775286,25.483989715576172,2459306,0.0,0.0
2013-10-21 00:00:00+08:00,27.263594765395272,27.263594765395272,26.267015887315207,26.373790740966797,3339917,0.0,0.0
2013-10-22 00:00:00+08:00,26.37379416385023,26.729715819814384,25.982280885383013,26.480571746826172,1472189,0.0,0.0
2013-10-23 00:00:00+08:00,27.050042945782398,27.22800375463623,26.622938090719778,26.765304565429688,2179136,0.0,0.0
2013-10-24 00:00:00+08:00,26.872082977483416,26.872082977483416,26.2670172946406,26.40938377380371,1244585,0.0,0.0
2013-10-25 00:00:00+08:00,26.694122353692478,26.943266409473654,26.48056991795625,26.90767478942871,1078987,0.0,0.0
2013-10-28 00:00:00+08:00,27.121225849807423,27.619516651567263,27.05004261332734,27.085634231567383,1607244,0.0,0.0
2013-10-29 00:00:00+08:00,27.334783351639395,27.619519037624542,26.4093849046544,26.622940063476562,2445474,0.0,0.0
2013-10-30 00:00:00+08:00,26.872085098089787,27.192415132418642,26.694124269625615,27.12122917175293,1325549,0.0,0.0
2013-10-31 00:00:00+08:00,27.47714986927356,27.47714986927356,26.800900917095397,26.83649253845215,759541,0.0,0.0
2013-11-01 00:00:00+08:00,27.050042945782398,27.334781326135104,26.729712946752212,26.765304565429688,626798,0.0,0.0
2013-11-04 00:00:00+08:00,26.765306191916654,26.836492149063915,25.519580454238973,25.626358032226562,1516201,0.0,0.0
2013-11-05 00:00:00+08:00,25.911095430945217,26.124647863220808,25.697540283203125,25.697540283203125,513696,0.0,0.0
2013-11-06 00:00:00+08:00,25.69754196491654,26.55175446538727,25.69754196491654,26.302610397338867,982673,0.0,0.0
2013-11-07 00:00:00+08:00,26.58734477809109,27.441557236502558,26.58734477809109,26.90767478942871,1478497,0.0,0.0
2013-11-08 00:00:00+08:00,26.907676433881402,27.477150535803396,25.199254128115413,25.55517578125,2377598,0.0,0.0
2013-11-11 00:00:00+08:00,25.839909973947908,26.160239986260738,25.37721348102187,25.661949157714844,776101,0.0,0.0
2013-11-12 00:00:00+08:00,25.733136473446148,25.946688921118447,24.80773800775502,25.270437240600586,756753,0.0,0.0
2013-11-13 00:00:00+08:00,25.12806751240451,25.48398915625009,24.98569831177295,25.09247589111328,288145,0.0,0.0
2013-11-14 00:00:00+08:00,25.270436392890083,25.626358032226562,25.19925315120943,25.626358032226562,368075,0.0,0.0
2013-11-15 00:00:00+08:00,25.697540151827855,25.697540151827855,25.056882858276367,25.056882858276367,460021,0.0,0.0
2013-11-18 00:00:00+08:00,25.270437105637992,25.412806308481404,24.985698699951172,24.985698699951172,413000,0.0,0.0
2013-11-19 00:00:00+08:00,25.163659659031087,25.41280644420435,25.09247641496255,25.270437240600586,192397,0.0,0.0
2013-11-20 00:00:00+08:00,25.09247589111328,25.34161995561853,25.09247589111328,25.09247589111328,301198,0.0,0.0
2013-11-21 00:00:00+08:00,25.09247641496255,25.555175647808117,24.98569883339305,25.270437240600586,317300,0.0,0.0
2013-11-22 00:00:00+08:00,25.37721148529856,25.590763904890665,25.23484230041504,25.23484230041504,355267,0.0,0.0
2013-11-25 00:00:00+08:00,25.448397032835466,25.448397032835466,25.021292154834654,25.128067016601562,180375,0.0,0.0
2013-11-26 00:00:00+08:00,25.128067159981335,25.626357997469903,25.128067159981335,25.412805557250977,434699,0.0,0.0
2013-11-27 00:00:00+08:00,25.626357044266765,25.80431785707417,25.5551738053304,25.697540283203125,456510,0.0,0.0
2013-11-28 00:00:00+08:00,25.98227967156304,25.98227967156304,25.626358032226562,25.626358032226562,393499,0.0,0.0
2013-11-29 00:00:00+08:00,25.87549961550435,25.87549961550435,25.37721154052712,25.448394775390625,358996,0.0,0.0
2013-12-02 00:00:00+08:00,25.626357044266765,25.839909476542353,25.5551738053304,25.697540283203125,268099,0.0,0.0
2013-12-03 00:00:00+08:00,25.697543568574567,25.768729532078392,25.199255401382036,25.3060302734375,397596,0.0,0.0
2013-12-04 00:00:00+08:00,25.270437267675074,25.69754216347727,25.021293197701578,25.483989715576172,466801,0.0,0.0
2013-12-05 00:00:00+08:00,25.733136302180608,26.587346087184656,25.733136302180608,26.302610397338867,1391718,0.0,0.0
2013-12-06 00:00:00+08:00,26.409385262731032,26.444979599995104,26.160241194682634,26.302610397338867,678403,0.0,0.0
2013-12-09 00:00:00+08:00,26.48057122179249,26.9432677360919,26.302610397338867,26.302610397338867,1164498,0.0,0.0
2013-12-10 00:00:00+08:00,26.19583021339273,26.19583021339273,25.697539411344547,25.839908599853516,697229,0.0,0.0
2013-12-11 00:00:00+08:00,25.83991136723357,26.053463815134663,25.448398093503773,25.483989715576172,569015,0.0,0.0
2013-12-12 00:00:00+08:00,25.483989715576172,25.76872812308877,25.483989715576172,25.483989715576172,309117,0.0,0.0
2013-12-13 00:00:00+08:00,25.62635753756154,25.982279170027674,25.62635753756154,25.661949157714844,309005,0.0,0.0
2013-12-16 00:00:00+08:00,25.804321788464925,26.124651843415116,25.69754419832589,25.76873016357422,406102,0.0,0.0
2013-12-17 00:00:00+08:00,26.053460749079267,26.516159927968626,25.98227751331154,26.373790740966797,999940,0.0,0.0
2013-12-18 00:00:00+08:00,26.444976692200903,26.836489919856156,26.373790740966793,26.373790740966797,964708,0.0,0.0
2013-12-19 00:00:00+08:00,26.694126008782717,26.76530925861937,26.19583511352539,26.19583511352539,777228,0.0,0.0
2013-12-20 00:00:00+08:00,26.338203056585964,26.836493927776896,26.2314254715212,26.658533096313477,941573,0.0,0.0
2013-12-23 00:00:00+08:00,26.8364934754903,27.405967583482298,26.76530751482459,27.12122917175293,1456518,0.0,0.0
2013-12-24 00:00:00+08:00,27.477150268508353,27.477150268508353,26.72971534729004,26.72971534729004,624197,0.0,0.0
2013-12-25 00:00:00+08:00,26.872083518280622,27.05004433628248,26.516161882276904,26.587345123291016,453978,0.0,0.0
2013-12-26 00:00:00+08:00,26.694122353692478,27.050043985075046,26.58734477809109,26.90767478942871,510240,0.0,0.0
2013-12-27 00:00:00+08:00,26.907677174175546,27.05004638243964,26.62294147311415,26.658533096313477,388998,0.0,0.0
2013-12-30 00:00:00+08:00,26.694118132202707,26.978856478465985,26.694118132202707,26.80089569091797,337102,0.0,0.0
2013-12-31 00:00:00+08:00,26.836495225831886,28.651695251464844,26.836495225831886,28.651695251464844,3344183,0.0,0.0
2014-01-02 00:00:00+08:00,29.505901934258873,30.43129757472447,29.327941129728323,29.897415161132812,5210964,0.0,0.0
2014-01-03 00:00:00+08:00,29.897420008042282,30.324524921970443,29.25675992168322,30.253341674804688,1879494,0.0,0.0
2014-01-06 00:00:00+08:00,30.466888005620937,31.036362014840098,29.00761000841363,29.327939987182617,2481114,0.0,0.0
2014-01-07 00:00:00+08:00,29.29235410498187,29.6482757698518,28.972024063505575,29.5414981842041,1239987,0.0,0.0
2014-01-08 00:00:00+08:00,29.89741892432544,30.50248464970248,29.470314025878906,29.470314025878906,1566818,0.0,0.0
2014-01-09 00:00:00+08:00,29.470313220138788,29.683865663523374,28.722875595092773,28.722875595092773,1319922,0.0,0.0
2014-01-10 00:00:00+08:00,28.93643036424247,29.256757667272016,28.68728358742697,28.829652786254883,917247,0.0,0.0
2014-01-13 00:00:00+08:00,28.972023507476184,29.363536788225844,28.900837546588313,28.936431884765625,735996,0.0,0.0
2014-01-14 00:00:00+08:00,28.616102114501352,28.90083781429002,28.260180453165432,28.5449161529541,747879,0.0,0.0
2014-01-15 00:00:00+08:00,28.54491815942553,28.9008398457798,28.509326533883495,28.616104125976562,570794,0.0,0.0
2014-01-16 00:00:00+08:00,28.9720230369675,29.897418789747288,28.9720230369675,29.185575485229492,1102711,0.0,0.0
2014-01-17 00:00:00+08:00,29.541493102632458,29.683862287184194,28.75846666079741,28.900833129882812,460514,0.0,0.0
2014-01-20 00:00:00+08:00,29.363534309329257,29.363534309329257,28.722874292757282,28.758468627929688,506323,0.0,0.0
2014-01-21 00:00:00+08:00,28.68728065490723,28.900833073585677,28.65168903770521,28.687280654907227,352353,0.0,0.0
2014-01-22 00:00:00+08:00,29.149984382648572,29.755050116086338,28.758471101279035,29.363536834716797,1587931,0.0,0.0
2014-01-23 00:00:00+08:00,30.466889192537305,30.466889192537305,29.54149355207171,29.897415161132812,2083305,0.0,0.0
2014-01-24 00:00:00+08:00,29.897419971933296,30.253341638265837,29.577089929140648,29.826236724853516,756937,0.0,0.0
2014-01-27 00:00:00+08:00,29.18557551174904,29.755049612787385,29.18557551174904,29.399127960205078,744401,0.0,0.0
2014-02-05 00:00:00+08:00,29.043204766442532,29.434718020414042,29.007613146166317,29.07879638671875,752666,0.0,0.0
2014-02-06 00:00:00+08:00,29.32794673116344,29.861829246722966,29.221169141864774,29.683868408203125,597053,0.0,0.0
2014-02-07 00:00:00+08:00,29.826236928368697,31.748211767305285,29.826236928368697,31.17873764038086,5499642,0.0,0.0
2014-02-10 00:00:00+08:00,31.178731484789246,31.605839032259198,30.538074236783768,31.071956634521484,2222852,0.0,0.0
2014-02-11 00:00:00+08:00,31.24992024042324,33.02952839271462,31.24992024042324,32.602420806884766,4185497,0.0,0.0
2014-02-12 00:00:00+08:00,33.17189577041904,33.17189577041904,32.24650004927229,32.460052490234375,2085092,0.0,0.0
2014-02-13 00:00:00+08:00,32.63801134534781,32.74478891713374,31.997354061031587,32.246498107910156,1234685,0.0,0.0
2014-02-14 00:00:00+08:00,32.67360623555436,32.67360623555436,30.965181350708008,30.965181350708008,2016529,0.0,0.0
2014-02-17 00:00:00+08:00,31.46347232415367,31.67702475694992,30.822812310298417,31.249919891357422,1135093,0.0,0.0
2014-02-18 00:00:00+08:00,31.249921827653335,31.605843476189403,31.107552625145573,31.46347427368164,762963,0.0,0.0
2014-02-19 00:00:00+08:00,31.67702320643834,31.890575628781725,31.14314079284668,31.14314079284668,811028,0.0,0.0
2014-02-20 00:00:00+08:00,31.17873764038086,31.997358564718173,31.17873764038086,31.17873764038086,1303629,0.0,0.0
2014-02-21 00:00:00+08:00,31.783807541315937,31.783807541315937,31.178739047828376,31.214330673217773,741459,0.0,0.0
2014-02-24 00:00:00+08:00,31.321104085351397,31.677025722684935,31.178734887324662,31.534656524658203,531758,0.0,0.0
2014-02-25 00:00:00+08:00,31.890579720523974,31.890579720523974,31.463474821037217,31.85498809814453,869595,0.0,0.0
2014-02-26 00:00:00+08:00,32.139725978363614,32.56683087081052,31.605843505071636,31.677026748657227,1374490,0.0,0.0
2014-02-27 00:00:00+08:00,31.463474306532376,31.67702675278365,29.89741850824524,30.146562576293945,2599718,0.0,0.0
2014-03-03 00:00:00+08:00,30.110969006913024,30.110969006913024,29.577086568083125,29.933008193969727,881427,0.0,0.0
2014-03-04 00:00:00+08:00,30.18215370178223,30.18215370178223,29.683862903242794,30.182153701782227,628713,0.0,0.0
2014-03-05 00:00:00+08:00,30.538079971048283,30.538079971048283,29.82623664039883,29.968603134155273,953216,0.0,0.0
2014-03-06 00:00:00+08:00,30.110973589041045,30.89400291442871,30.110973589041045,30.89400291442871,1072676,0.0,0.0
2014-03-07 00:00:00+08:00,31.036366120959354,31.24992127870293,29.612679551824215,29.755048751831055,1177533,0.0,0.0
2014-03-10 00:00:00+08:00,29.61267641488366,30.004192352294922,29.399123995228827,30.004192352294922,768944,0.0,0.0
2014-03-11 00:00:00+08:00,30.609258485507823,30.858402526528888,30.324520111083984,30.324520111083984,1058665,0.0,0.0
2014-03-12 00:00:00+08:00,30.466895549302794,30.466895549302794,30.11097386598041,30.2889347076416,640372,0.0,0.0
2014-03-13 00:00:00+08:00,30.680442765434876,30.751628719196482,30.324521143026274,30.466890335083008,754421,0.0,0.0
2014-03-14 00:00:00+08:00,30.324524921970443,30.716040927782547,30.14656408858924,30.253341674804688,462434,0.0,0.0
2014-03-17 00:00:00+08:00,30.25333930687349,30.929590963885158,30.146561729015527,30.502483367919922,545754,0.0,0.0
2014-03-18 00:00:00+08:00,30.75163028760651,31.107551928168007,30.60926108828859,30.787221908569336,615197,0.0,0.0
2014-03-19 00:00:00+08:00,31.036364589465567,31.748207838907128,30.965181350708008,30.965181350708008,1570642,0.0,0.0
2014-03-20 00:00:00+08:00,30.822815798531177,30.822815798531177,30.00419759425773,30.253341674804688,783500,0.0,0.0
2014-03-21 00:00:00+08:00,30.43129740288798,30.43129740288798,29.541493385259677,29.6126766204834,715300,0.0,0.0
2014-03-24 00:00:00+08:00,29.043204766442532,29.32794315958539,28.616099892194807,29.07879638671875,456703,0.0,0.0
2014-03-25 00:00:00+08:00,29.327940964122156,29.79063742400906,29.185571778208356,29.6126766204834,412000,0.0,0.0
2014-03-26 00:00:00+08:00,29.612681827861998,29.897420249760742,29.221168534351357,29.434720993041992,401648,0.0,0.0
2014-03-27 00:00:00+08:00,29.82623175708728,29.82623175708728,29.541493385259677,29.6126766204834,261698,0.0,0.0
2014-03-28 00:00:00+08:00,29.683867393245432,29.968603095861294,29.327945728375504,29.5414981842041,735597,0.0,0.0
2014-03-31 00:00:00+08:00,29.755045599808998,30.217744771949757,29.6838623650795,30.004192352294922,337999,0.0,0.0
2014-04-01 00:00:00+08:00,30.18215353456825,30.57366676144219,29.897415161132812,29.897415161132812,552099,0.0,0.0
2014-04-02 00:00:00+08:00,30.03978396965967,30.288928006679253,29.861823167369586,30.004192352294922,334746,0.0,0.0
2014-04-03 00:00:00+08:00,30.075377093526843,31.107550341605084,30.075377093526843,30.466890335083008,1127099,0.0,0.0
2014-04-07 00:00:00+08:00,30.573669929606446,30.680444794109384,30.182156662162356,30.53807830810547,429100,0.0,0.0
2014-04-08 00:00:00+08:00,30.609260775826193,31.534656488746226,30.609260775826193,31.321104049682617,1783713,0.0,0.0
2014-04-09 00:00:00+08:00,31.4634682211727,31.4634682211727,30.71603344612151,30.751625061035156,1026615,0.0,0.0
2014-04-10 00:00:00+08:00,30.965183454968287,31.143144279422128,30.14656257629395,30.146562576293945,782200,0.0,0.0
2014-04-11 00:00:00+08:00,29.541497137488392,29.861827167614738,28.865245455103146,29.185575485229492,1083265,0.0,0.0
2014-04-14 00:00:00+08:00,29.185574818648245,29.185574818648245,28.40254828774922,28.722875595092773,805394,0.0,0.0
2014-04-15 00:00:00+08:00,28.829652786254883,29.078796847603773,28.829652786254883,28.829652786254883,452606,0.0,0.0
2014-04-16 00:00:00+08:00,28.82965186734145,29.14998187562744,28.6872826730514,28.758468627929688,305463,0.0,0.0
2014-04-17 00:00:00+08:00,28.8296538329706,29.43471955562404,28.8296538329706,29.185575485229492,331353,0.0,0.0
2014-04-18 00:00:00+08:00,29.185575485229496,29.470313893223295,29.1143922409644,29.185575485229492,325998,0.0,0.0
2014-04-21 00:00:00+08:00,29.185571498986285,29.185571498986285,28.68728071078837,28.900833129882812,262873,0.0,0.0
2014-04-22 00:00:00+08:00,29.185574425591362,29.185574425591362,28.68728358742697,28.829652786254883,377905,0.0,0.0
2014-04-23 00:00:00+08:00,28.90083312988281,29.29234906626667,28.68728071078837,28.900833129882812,267488,0.0,0.0
2014-04-24 00:00:00+08:00,28.90083831867477,29.18557673889954,28.47373340380443,28.50932502746582,323599,0.0,0.0
2014-04-25 00:00:00+08:00,28.473731560062404,28.616100760956048,26.765306580272,26.83649253845215,1120901,0.0,0.0
2014-04-28 00:00:00+08:00,25.199253385053158,26.551753997802734,25.199253385053158,26.551753997802734,526800,0.0,0.0
2014-04-29 00:00:00+08:00,26.694124269625615,27.192415132418642,26.694124269625615,27.12122917175293,255240,0.0,0.0
2014-04-30 00:00:00+08:00,26.943268270299527,27.014454230772397,26.4093857863533,26.480571746826172,184500,0.0,0.0
2014-05-02 00:00:00+08:00,26.480570026039803,26.97886085510254,26.480570026039803,26.97886085510254,337123,0.0,0.0
2014-05-05 00:00:00+08:00,27.05004501342773,27.05004501342773,26.765306611310255,27.050045013427734,190924,0.0,0.0
2014-05-06 00:00:00+08:00,27.05004315189617,27.263595581054688,26.907673960635,27.263595581054688,208437,0.0,0.0
2014-05-07 00:00:00+08:00,27.263597457282515,27.263597457282515,26.97886177063169,27.050045013427734,162285,0.0,0.0
2014-05-08 00:00:00+08:00,27.050045926553956,27.334784338283328,27.014454303954473,27.12122917175293,198798,0.0,0.0
2014-05-09 00:00:00+08:00,27.050045926553956,27.15682350981916,26.978862681354986,27.12122917175293,188321,0.0,0.0
2014-05-12 00:00:00+08:00,26.480568590410662,26.480568590410662,25.839908599853516,25.839908599853516,580101,0.0,0.0
2014-05-13 00:00:00+08:00,25.839910437688832,26.053462877907762,25.341619600200264,25.412805557250977,363796,0.0,0.0
2014-05-14 00:00:00+08:00,26.338205046519306,27.15682601928711,26.338205046519306,27.15682601928711,911391,0.0,0.0
2014-05-15 00:00:00+08:00,27.156820769491592,27.939847249533983,27.156820769491592,27.477148056030273,954627,0.0,0.0
2014-05-16 00:00:00+08:00,27.192414411141588,27.93984932777209,27.192414411141588,27.76188850402832,399390,0.0,0.0
2014-05-19 00:00:00+08:00,27.83307174733916,28.153401773171282,27.65511092359539,27.76188850402832,218904,0.0,0.0
2014-05-20 00:00:00+08:00,28.0466234342845,28.0466234342845,27.655107498168945,27.655107498168945,222000,0.0,0.0
2014-05-21 00:00:00+08:00,27.619519272287153,27.97544091939257,27.548336029052734,27.548336029052734,155550,0.0,0.0
2014-05-22 00:00:00+08:00,27.690704273459005,27.904256711244397,27.65510993760596,27.833070755004883,214104,0.0,0.0
2014-05-23 00:00:00+08:00,27.904258231190475,28.47373233479299,27.833072271073462,27.939849853515625,342537,0.0,0.0
2014-05-26 00:00:00+08:00,28.11780776852707,28.295768577188632,28.011030197143555,28.011030197143555,218344,0.0,0.0
2014-05-27 00:00:00+08:00,28.331357397529626,28.402543343243057,28.046621761074427,28.153396606445312,655359,0.0,0.0
2014-05-28 00:00:00+08:00,28.188993925258373,28.331363130025682,27.86866660886533,27.939849853515625,398966,0.0,0.0
2014-05-29 00:00:00+08:00,27.868666084461253,27.97544094942751,27.69070526071748,27.76188850402832,339107,0.0,0.0
2014-05-30 00:00:00+08:00,27.833071358565523,28.295770580022992,27.833071358565523,27.86866569519043,338773,0.0,0.0
2014-06-03 00:00:00+08:00,27.868669513190373,28.1178136108976,27.868669513190373,28.08222198486328,152274,0.0,0.0
2014-06-04 00:00:00+08:00,28.188992500353717,28.188992500353717,27.86866520015266,27.90425682067871,222709,0.0,0.0
2014-06-05 00:00:00+08:00,27.90425265275971,28.58050420361272,27.90425265275971,28.3669490814209,687432,0.0,0.0
2014-06-06 00:00:00+08:00,28.473732491661856,28.651693319734743,28.3313632861102,28.438140869140625,434689,0.0,0.0
2014-06-09 00:00:00+08:00,28.509317519701916,28.794055864942493,28.509317519701916,28.580503463745117,339849,0.0,0.0
2014-06-10 00:00:00+08:00,28.651693294984323,28.651693294984323,28.082219188736367,28.22458839416504,258101,0.0,0.0
2014-06-11 00:00:00+08:00,27.619516651567263,27.619516651567263,26.97885937684725,27.085634231567383,1234597,0.0,0.0
2014-06-12 00:00:00+08:00,27.085637549153443,27.192415132418642,26.907676720689274,27.12122917175293,374798,0.0,0.0
2014-06-13 00:00:00+08:00,27.085637025377206,27.15682298466634,26.907676200354405,26.943267822265625,378762,0.0,0.0
2014-06-16 00:00:00+08:00,26.907673755606044,26.94326537428352,26.729712946752212,26.765304565429688,268398,0.0,0.0
2014-06-17 00:00:00+08:00,26.76530136103547,27.156817266014002,26.76530136103547,26.80089569091797,235117,0.0,0.0
2014-06-18 00:00:00+08:00,27.050044095482974,27.15682167152019,26.872083279065325,26.97886085510254,302631,0.0,0.0
2014-06-19 00:00:00+08:00,27.050044133649813,27.40596576698731,26.97886089316894,27.192413330078125,446221,0.0,0.0
2014-06-20 00:00:00+08:00,27.512741088867188,27.583924323515532,27.192411102016965,27.512741088867188,564224,0.0,0.0
2014-06-23 00:00:00+08:00,27.512744206096958,27.939849093311235,26.62294009484501,26.83649253845215,1120474,0.0,0.0
2014-06-24 00:00:00+08:00,26.516162026007443,26.87208366394043,26.516162026007443,26.87208366394043,300898,0.0,0.0
2014-06-25 00:00:00+08:00,27.050042945782398,27.050042945782398,26.694121328074733,26.765304565429688,190523,0.0,0.0
2014-06-26 00:00:00+08:00,27.014453360702536,27.014453360702536,26.836492538452145,26.83649253845215,177114,0.0,0.0
2014-06-27 00:00:00+08:00,27.050045878092448,27.050045878092448,26.65853259926604,26.694124221801758,242400,0.0,0.0
2014-06-30 00:00:00+08:00,26.943268295018548,26.943268295018548,26.551755016192136,26.694124221801758,331000,0.0,0.0
2014-07-01 00:00:00+08:00,26.694123337558505,27.050044982059283,26.516162515308114,26.83649253845215,480195,0.0,0.0
2014-07-02 00:00:00+08:00,26.90767564044209,27.12122808293238,26.373793176483055,26.551753997802734,534999,0.0,0.0
2014-07-03 00:00:00+08:00,26.587347134448034,26.87208555097622,26.587347134448034,26.658533096313477,351096,0.0,0.0
2014-07-04 00:00:00+08:00,26.8364934754903,27.370375960882814,26.8364934754903,27.12122917175293,799958,0.0,0.0
2014-07-07 00:00:00+08:00,27.405964772315855,27.548333963577022,27.15682072420866,27.263595581054688,415504,0.0,0.0
2014-07-08 00:00:00+08:00,27.405969627733715,27.904260527694987,27.405969627733715,27.619522094726562,430630,0.0,0.0
2014-07-09 00:00:00+08:00,27.548337419448657,27.619520666275772,27.263599001206583,27.370376586914062,281689,0.0,0.0
2014-07-10 00:00:00+08:00,27.477152870238875,27.761891303124365,27.370377994507027,27.405969619750977,347997,0.0,0.0
2014-07-11 00:00:00+08:00,27.405967534383137,27.619519985064205,26.551755016192136,26.694124221801758,671210,0.0,0.0
2014-07-14 00:00:00+08:00,26.83649256957295,27.05004501342773,26.480570924659425,27.050045013427734,207847,0.0,0.0
2014-07-15 00:00:00+08:00,27.192414606577564,27.370375431600365,26.907676200354405,26.943267822265625,233199,0.0,0.0
2014-07-16 00:00:00+08:00,27.370374146746872,27.370374146746872,26.94326655746194,27.192413330078125,299000,0.0,0.0
2014-07-17 00:00:00+08:00,27.334786369263078,27.655113711925573,27.15682552757638,27.405969619750977,456657,0.0,0.0
2014-07-18 00:00:00+08:00,27.192414381947316,27.619519272287153,27.121228423246233,27.548336029052734,162107,0.0,0.0
2014-07-21 00:00:00+08:00,27.548335076446552,27.939848331630866,27.548335076446552,27.833070755004883,634000,0.0,0.0
2014-07-22 00:00:00+08:00,27.90425624421516,28.0466254388448,26.40938377380371,26.40938377380371,1080968,0.0,0.0
2014-07-23 00:00:00+08:00,27.975439071655273,27.975439071655273,27.975439071655273,27.975439071655273,0,0.0,0.0
2014-07-24 00:00:00+08:00,27.900033757743007,28.013143153303396,27.786924362182614,27.786924362182617,728861,2.2,0.0
2014-07-25 00:00:00+08:00,27.78692663963309,28.088549801521257,27.636117935180664,27.636117935180664,371625,0.0,0.0
2014-07-28 00:00:00+08:00,27.636120817120993,28.05085055059718,27.447607040405273,27.447607040405273,285549,0.0,0.0
2014-07-29 00:00:00+08:00,27.447607851917887,27.67382381536663,27.145984649658203,27.145984649658203,480926,0.0,0.0
2014-07-30 00:00:00+08:00,27.2213831373635,27.824629411697025,27.2213831373635,27.786924362182617,193549,0.0,0.0
2014-07-31 00:00:00+08:00,27.824632281862925,27.824632281862925,27.56071129049518,27.598413467407227,89400,0.0,0.0
2014-08-01 00:00:00+08:00,27.29679544373431,27.447607040405273,27.1836860271081,27.447607040405273,201009,0.0,0.0
2014-08-04 00:00:00+08:00,27.824631692237855,27.824631692237855,27.636117935180664,27.636117935180664,123000,0.0,0.0
2014-08-05 00:00:00+08:00,27.786929537300004,27.786929537300004,27.447607040405273,27.447607040405273,88000,0.0,0.0
2014-08-06 00:00:00+08:00,27.40989759869908,27.40989759869908,26.957465757560396,27.296791076660156,228401,0.0,0.0
2014-08-07 00:00:00+08:00,27.749223693209494,27.786925868276,26.995168685913086,26.995168685913086,97050,0.0,0.0
2014-08-08 00:00:00+08:00,26.806654147681538,26.806654147681538,26.429626655093916,26.542736053466797,199200,0.0,0.0
2014-08-11 00:00:00+08:00,26.09030227118128,26.467329777276333,26.09030227118128,26.354223251342773,207707,0.0,0.0
2014-08-12 00:00:00+08:00,26.090303982440307,26.316522802128276,26.090303982440307,26.24111557006836,91704,0.0,0.0
2014-08-13 00:00:00+08:00,26.24111441454036,26.768953509749238,26.165710062292657,26.505035400390625,176001,0.0,0.0
2014-08-14 00:00:00+08:00,26.505035400390625,26.542737576514476,26.165710062292657,26.505035400390625,76200,0.0,0.0
2014-08-15 00:00:00+08:00,26.39192562642586,26.505035029707187,26.165709696354817,26.27881622314453,160010,0.0,0.0
2014-08-18 00:00:00+08:00,26.278814871684336,26.278814871684336,26.014896779589435,26.05259895324707,230000,0.0,0.0
2014-08-19 00:00:00+08:00,26.01489886600156,26.16571044921875,26.01489886600156,26.16571044921875,96798,0.0,0.0
2014-08-20 00:00:00+08:00,26.090303982440307,26.354224979912342,26.090303982440307,26.24111557006836,64099,0.0,0.0
2014-08-21 00:00:00+08:00,26.241115383287344,26.241115383287344,25.75098132259962,25.939495086669922,142601,0.0,0.0
2014-08-22 00:00:00+08:00,26.05259895324707,26.20341052436907,26.014896779589435,26.05259895324707,147107,0.0,0.0
2014-08-25 00:00:00+08:00,26.316521460044896,26.46733016349026,26.128007704246556,26.391925811767578,88499,0.0,0.0
2014-08-26 00:00:00+08:00,26.39192374058331,26.655841827392578,26.39192374058331,26.655841827392578,88300,0.0,0.0
2014-08-27 00:00:00+08:00,26.693548971641576,26.84435767508694,26.693548971641576,26.768953323364258,224501,0.0,0.0
2014-08-28 00:00:00+08:00,26.806654362602494,26.995168110407704,26.618140614797287,26.844356536865234,244200,0.0,0.0
2014-08-29 00:00:00+08:00,27.108277140538455,27.598411152262656,26.844356171310217,27.18368148803711,351500,0.0,0.0
2014-09-01 00:00:00+08:00,27.221385000849292,27.44760380745626,26.995169070733937,27.03287124633789,117000,0.0,0.0
2014-09-02 00:00:00+08:00,26.919766035181873,27.070577621459964,26.76895444890378,27.07057762145996,88000,0.0,0.0
2014-09-03 00:00:00+08:00,27.07057435879487,27.07057435879487,26.54273530868492,26.655841827392578,121997,0.0,0.0
2014-09-04 00:00:00+08:00,26.65584240507047,26.80665397644043,26.542735883911604,26.80665397644043,135099,0.0,0.0
2014-09-05 00:00:00+08:00,26.806653781257005,26.882061004638672,26.580437864094915,26.882061004638672,65099,0.0,0.0
2014-09-09 00:00:00+08:00,26.50503389822254,27.108277311490404,26.50503389822254,26.919763565063477,82498,0.0,0.0
2014-09-10 00:00:00+08:00,26.919764903301257,27.145980834960938,26.542737391704577,26.768953323364258,176162,0.0,0.0
2014-09-11 00:00:00+08:00,26.54273530868492,27.07057435879487,26.54273530868492,26.655841827392578,139536,0.0,0.0
2014-09-12 00:00:00+08:00,26.50503656754039,26.54273874532446,26.090303982440307,26.24111557006836,221898,0.0,0.0
2014-09-15 00:00:00+08:00,26.2411138433601,26.2411138433601,25.977195739746094,25.977195739746094,68000,0.0,0.0
2014-09-16 00:00:00+08:00,25.97719246226972,25.97719246226972,25.7509765625,25.7509765625,185561,0.0,0.0
2014-09-17 00:00:00+08:00,25.75098076092871,25.977196697580577,25.75098076092871,25.78868293762207,80206,0.0,0.0
2014-09-18 00:00:00+08:00,25.864086337344894,26.0526000903525,25.82638416204169,25.977195739746094,54692,0.0,0.0
2014-09-19 00:00:00+08:00,25.977196697580577,26.128008280845723,25.78868293762207,25.78868293762207,141798,0.0,0.0
2014-09-22 00:00:00+08:00,26.20341108837267,26.20341108837267,25.713274190799304,25.826383590698242,91000,0.0,0.0
2014-09-23 00:00:00+08:00,25.826383590698242,25.864085765167378,25.750979241759968,25.826383590698242,121499,0.0,0.0
2014-09-24 00:00:00+08:00,25.82638090359283,25.97719246226972,25.7509765625,25.7509765625,82004,0.0,0.0
2014-09-25 00:00:00+08:00,26.014898689816707,26.014898689816707,25.675573348999023,25.675573348999023,157189,0.0,0.0
2014-09-26 00:00:00+08:00,25.63787193015346,25.675574107693567,25.411655988421046,25.562467575073242,93117,0.0,0.0
2014-09-29 00:00:00+08:00,26.09030167420084,26.09030167420084,25.44935607910156,25.449356079101562,70223,0.0,0.0
2014-09-30 00:00:00+08:00,25.44935741963183,25.524761772500735,25.260843660967893,25.298545837402344,127000,0.0,0.0
2014-10-01 00:00:00+08:00,25.411653518676758,25.750978836542423,25.3739513448009,25.411653518676758,151150,0.0,0.0
2014-10-02 00:00:00+08:00,25.41165524319738,25.41165524319738,25.147734255172857,25.298545837402344,188589,0.0,0.0
2014-10-03 00:00:00+08:00,25.487059590377164,25.750980578342777,25.449357413951127,25.675573348999023,90512,0.0,0.0
2014-10-06 00:00:00+08:00,25.675574107693567,25.675574107693567,25.487060343501263,25.562467575073242,101000,0.0,0.0
2014-10-07 00:00:00+08:00,25.449358750487686,25.750981930719828,25.411656572081625,25.524763107299805,129488,0.0,0.0
2014-10-08 00:00:00+08:00,25.260844802038886,25.41165639108076,25.223142623901367,25.223142623901367,95000,0.0,0.0
2014-10-09 00:00:00+08:00,25.449355672368526,25.449355672368526,25.034626007080078,25.034626007080078,126499,0.0,0.0
2014-10-13 00:00:00+08:00,24.506790161132812,24.657601752807388,23.82814087508909,24.506790161132812,263199,0.0,0.0
2014-10-14 00:00:00+08:00,24.205165661253567,24.582193181687373,24.129761307763488,24.28057289123535,66457,0.0,0.0
2014-10-15 00:00:00+08:00,24.280572909476085,24.280572909476085,23.526517868041992,23.526517868041992,203058,0.0,0.0
2014-10-16 00:00:00+08:00,23.375704173778384,23.375704173778384,21.943000012066918,23.036378860473633,283100,0.0,0.0
2014-10-17 00:00:00+08:00,23.036382325575445,23.224896097268356,22.621652603149414,22.621652603149414,178999,0.0,0.0
2014-10-20 00:00:00+08:00,23.074084659988568,23.30030059814453,22.62165134543078,23.30030059814453,84001,0.0,0.0
2014-10-21 00:00:00+08:00,23.30030021873775,23.30030021873775,22.847866911547086,22.885570526123047,103099,0.0,0.0
2014-10-22 00:00:00+08:00,23.149491412775024,23.22489576979222,22.885571848477085,23.111787796020508,183140,0.0,0.0
2014-10-23 00:00:00+08:00,23.111787139512174,23.111787139512174,22.7724632278358,22.810165405273438,85200,0.0,0.0
2014-10-24 00:00:00+08:00,22.92327184643985,22.998677634530086,22.621650132324675,22.84786605834961,115099,0.0,0.0
2014-10-27 00:00:00+08:00,22.92327184643985,22.92327184643985,22.697055920414915,22.84786605834961,141020,0.0,0.0
2014-10-28 00:00:00+08:00,23.14948883521081,23.3380025832557,22.885569300298812,23.187191009521484,30999,0.0,0.0
2014-10-29 00:00:00+08:00,23.187190479023215,23.865839668808896,23.149488305575126,23.790433883666992,149252,0.0,0.0
2014-10-30 00:00:00+08:00,23.79043607876747,23.79043607876747,23.48881434861549,23.67732810974121,33649,0.0,0.0
2014-10-31 00:00:00+08:00,23.752734556203748,23.97895050048828,23.752734556203748,23.97895050048828,48000,0.0,0.0
2014-11-03 00:00:00+08:00,23.97894877949252,24.092058181762695,23.828138640208607,24.092058181762695,55116,0.0,0.0
2014-11-04 00:00:00+08:00,24.1297607421875,24.205165093910182,23.75273323059082,23.75273323059082,52199,0.0,0.0
2014-11-05 00:00:00+08:00,23.75273323059082,24.01665277635766,23.71503105472948,23.75273323059082,55012,0.0,0.0
2014-11-06 00:00:00+08:00,24.129758133106495,24.129758133106495,23.601919098646526,23.828136444091797,75399,0.0,0.0
2014-11-07 00:00:00+08:00,23.82813968338557,24.129761413403948,23.82813968338557,24.05435562133789,73199,0.0,0.0
2014-11-10 00:00:00+08:00,24.054352351291406,24.054352351291406,23.752730662276708,23.828136444091797,77198,0.0,0.0
2014-11-11 00:00:00+08:00,23.75273323059082,23.75273323059082,23.37570571899414,23.37570571899414,82075,0.0,0.0
2014-11-12 00:00:00+08:00,23.3380025832557,23.677326466789047,23.14948883521081,23.187191009521484,28099,0.0,0.0
2014-11-13 00:00:00+08:00,23.451113155581563,23.451113155581563,23.111787796020508,23.111787796020508,55342,0.0,0.0
2014-11-14 00:00:00+08:00,23.526518632893467,23.752734577379673,23.224895455917324,23.6019229888916,112005,0.0,0.0
2014-11-17 00:00:00+08:00,23.790436755378742,23.790436755378742,23.6019229888916,23.6019229888916,107258,0.0,0.0
2014-11-18 00:00:00+08:00,23.752734577379673,23.790436755378742,23.526518632893467,23.6019229888916,85817,0.0,0.0
2014-11-19 00:00:00+08:00,23.63962660513657,23.67732878313564,23.6019229888916,23.6019229888916,70299,0.0,0.0
2014-11-20 00:00:00+08:00,23.56421692686181,23.978946569476314,23.56421692686181,23.828136444091797,95401,0.0,0.0
2014-11-21 00:00:00+08:00,24.054355524920435,24.054355524920435,23.828139587874862,23.903545379638672,23000,0.0,0.0
2014-11-24 00:00:00+08:00,23.978950117426646,23.978950117426646,23.903545762700308,23.941247940063477,24200,0.0,0.0
2014-11-25 00:00:00+08:00,23.941247940063477,23.978950117426646,23.865842147091268,23.941247940063477,30199,0.0,0.0
2014-11-26 00:00:00+08:00,23.752732851443753,24.092058181762695,23.752732851443753,24.092058181762695,135226,0.0,0.0
2014-11-27 00:00:00+08:00,24.129760186957387,24.80841084281219,24.09205801196358,24.733003616333008,209562,0.0,0.0
2014-11-28 00:00:00+08:00,24.88381518393632,25.223140511742855,24.280571754775572,24.355976104736328,138449,0.0,0.0
2014-12-01 00:00:00+08:00,24.09205801196358,24.733003616333008,23.30029939288157,24.733003616333008,187398,0.0,0.0
2014-12-02 00:00:00+08:00,24.6575984954834,24.6575984954834,24.6575984954834,24.6575984954834,372480,0.0,0.0
2014-12-03 00:00:00+08:00,24.846115112304688,24.846115112304688,24.846115112304688,24.846115112304688,328798,0.0,0.0
2014-12-04 00:00:00+08:00,25.034626007080078,25.034626007080078,25.034626007080078,25.034626007080078,266066,0.0,0.0
2014-12-05 00:00:00+08:00,25.185440046688633,25.562467575073242,24.80841251830402,25.562467575073242,221099,0.0,0.0
2014-12-08 00:00:00+08:00,25.562468338590406,25.901790823078258,25.260845156276925,25.63787269592285,245000,0.0,0.0
2014-12-09 00:00:00+08:00,25.788681010418276,25.788681010418276,25.18543759893014,25.411653518676758,142500,0.0,0.0
2014-12-10 00:00:00+08:00,25.41165602281334,25.600169787260782,24.770707497796984,24.808412551879883,140500,0.0,0.0
2014-12-11 00:00:00+08:00,24.770707879468763,24.883817290476745,24.695303523124647,24.846115112304688,30599,0.0,0.0
2014-12-12 00:00:00+08:00,24.921520026827682,25.07233161938552,24.921520026827682,24.99692726135254,51304,0.0,0.0
2014-12-15 00:00:00+08:00,24.808411796476296,24.921518325805664,24.5821929848342,24.921518325805664,64399,0.0,0.0
2014-12-16 00:00:00+08:00,24.88381630661019,26.65584449905999,24.88381630661019,26.16571044921875,884772,0.0,0.0
2014-12-17 00:00:00+08:00,26.16570796170213,26.16570796170213,25.71327325506254,26.014896392822266,458052,0.0,0.0
2014-12-18 00:00:00+08:00,26.278816979262867,26.919765488813,26.16571044921875,26.16571044921875,1084218,0.0,0.0
2014-12-19 00:00:00+08:00,26.693549747342306,27.10827944685216,26.391926578703295,26.467330932617188,2145597,0.0,0.0
2014-12-22 00:00:00+08:00,26.542738174169017,26.542738174169017,26.01489906707495,26.090303421020508,333500,0.0,0.0
2014-12-23 00:00:00+08:00,26.090301126904702,26.128006177053802,25.901787382125068,26.05259895324707,149499,0.0,0.0
2014-12-24 00:00:00+08:00,25.939492046628047,26.39192387677621,25.939492046628047,26.014896392822266,140499,0.0,0.0
2014-12-25 00:00:00+08:00,26.16570796170213,26.16570796170213,25.977194219725156,26.014896392822266,88499,0.0,0.0
2014-12-26 00:00:00+08:00,26.39192387677621,26.39192387677621,25.939492046628047,26.014896392822266,78822,0.0,0.0
2014-12-29 00:00:00+08:00,26.241114802581496,26.278816979262867,26.090303219364305,26.16571044921875,78581,0.0,0.0
2014-12-30 00:00:00+08:00,26.165711620463274,26.165711620463274,25.788684083789427,25.901790618896484,103619,0.0,0.0
2014-12-31 00:00:00+08:00,25.901790032662454,26.01489944170134,25.78868350011533,25.939495086669922,71698,0.0,0.0
2015-01-05 00:00:00+08:00,26.014901564682088,26.014901564682088,25.788685604635425,25.864089965820312,83198,0.0,0.0
2015-01-06 00:00:00+08:00,25.637871566857456,25.713275920869172,25.336248397827152,25.33624839782715,120151,0.0,0.0
2015-01-07 00:00:00+08:00,25.336248959019407,25.487060546875,25.185440247655595,25.487060546875,98000,0.0,0.0
2015-01-08 00:00:00+08:00,25.562468338590406,25.864088644412035,25.411656747433668,25.63787269592285,92108,0.0,0.0
2015-01-09 00:00:00+08:00,25.864084823942402,26.014896392822266,25.63786890886832,26.014896392822266,81464,0.0,0.0
2015-01-12 00:00:00+08:00,26.014900235568774,26.014900235568774,25.60017051725663,25.63787269592285,64053,0.0,0.0
2015-01-13 00:00:00+08:00,25.63787097504111,25.63787097504111,25.336247812973376,25.373952865600586,96400,0.0,0.0
2015-01-14 00:00:00+08:00,25.487060546875,25.637872134730596,25.373954013352144,25.487060546875,56113,0.0,0.0
2015-01-15 00:00:00+08:00,25.336248397827152,25.449357805336447,25.336248397827152,25.33624839782715,93712,0.0,0.0
2015-01-16 00:00:00+08:00,25.2985469801764,25.33624915831392,24.996926678584455,25.223142623901367,101000,0.0,0.0
2015-01-19 00:00:00+08:00,25.260845390959847,25.411656983517684,24.959222205844174,24.99692726135254,77001,0.0,0.0
2015-01-20 00:00:00+08:00,25.0346282975581,25.14773482944435,24.80841235729386,25.072330474853516,61799,0.0,0.0
2015-01-21 00:00:00+08:00,25.072328377799337,25.18543777671684,24.959218978881836,24.959218978881836,69427,0.0,0.0
2015-01-22 00:00:00+08:00,25.1100331906707,25.675574491706037,25.1100331906707,25.600170135498047,195806,0.0,0.0
2015-01-23 00:00:00+08:00,25.60016732199775,26.5427360534668,25.411653575703937,26.542736053466797,541371,0.0,0.0
2015-01-26 00:00:00+08:00,26.50503654839454,26.995170612216928,26.354224960875428,26.61814308166504,1201285,0.0,0.0
2015-01-27 00:00:00+08:00,26.844356340597813,27.296791057917332,26.768951992623638,26.919763565063477,752884,0.0,0.0
2015-01-28 00:00:00+08:00,26.91976354605442,27.070575118387765,26.46732882905438,26.542736053466797,507753,0.0,0.0
2015-01-29 00:00:00+08:00,26.542737579181285,26.542737579181285,26.09030283617465,26.128007888793945,243505,0.0,0.0
2015-01-30 00:00:00+08:00,26.241114802581496,26.46733073916143,26.16571044921875,26.16571044921875,127020,0.0,0.0
2015-02-02 00:00:00+08:00,26.241114810925808,26.241114810925808,25.713275707743648,25.78868293762207,202627,0.0,0.0
2015-02-03 00:00:00+08:00,26.09030379673275,26.128008850740223,25.78868350011533,25.939495086669922,111998,0.0,0.0
2015-02-04 00:00:00+08:00,26.316524762405635,26.316524762405635,25.864089965820312,25.864089965820312,113381,0.0,0.0
2015-02-05 00:00:00+08:00,25.864083074139245,26.014894632816137,25.713271515462356,25.7509765625,131000,0.0,0.0
2015-02-06 00:00:00+08:00,25.750982108413368,25.750982108413368,25.524763283432335,25.63787269592285,178535,0.0,0.0
2015-02-09 00:00:00+08:00,25.637871913560737,26.01489944170134,25.487060327006144,25.939495086669922,147151,0.0,0.0
2015-02-10 00:00:00+08:00,25.864085358169987,25.93949258241318,25.26084194668185,25.411653518676758,256599,0.0,0.0
2015-02-11 00:00:00+08:00,25.637872493821522,26.542739157137117,25.487060903853617,25.901790618896484,760498,0.0,0.0
2015-02-12 00:00:00+08:00,25.977195150855305,25.977195150855305,25.44935607910156,25.449356079101562,303000,0.0,0.0
2015-02-13 00:00:00+08:00,25.487059394007243,25.487059394007243,25.298545636837822,25.373952865600586,238039,0.0,0.0
2015-02-24 00:00:00+08:00,25.939494935106804,25.939494935106804,24.996926120262685,25.072330474853516,320699,0.0,0.0
2015-02-25 00:00:00+08:00,25.110032084512955,25.260843666777124,24.84611397291942,24.921518325805664,310444,0.0,0.0
2015-02-26 00:00:00+08:00,24.9215179412422,24.95922011710354,24.73300418544386,24.88381576538086,314300,0.0,0.0
2015-03-02 00:00:00+08:00,24.88381703439947,26.24111557006836,24.770707624555488,26.24111557006836,1197797,0.0,0.0
2015-03-03 00:00:00+08:00,26.27881622314453,26.65584373209347,26.128007520758246,26.27881622314453,1930548,0.0,0.0
2015-03-04 00:00:00+08:00,26.27881815557033,26.354225388800195,25.901790618896484,25.901790618896484,626999,0.0,0.0
2015-03-05 00:00:00+08:00,26.128010982951416,26.128010982951416,25.63787400577365,25.864089965820312,545399,0.0,0.0
2015-03-06 00:00:00+08:00,25.864088644412035,25.864088644412035,25.63787269592285,25.63787269592285,655400,0.0,0.0
2015-03-09 00:00:00+08:00,25.562467779048692,25.8640880782681,25.487060546875,25.487060546875,360199,0.0,0.0
2015-03-10 00:00:00+08:00,25.750978836542423,25.750978836542423,25.411653518676758,25.411653518676758,207349,0.0,0.0
2015-03-11 00:00:00+08:00,25.034626007080078,25.260841926647277,24.921516609050734,25.034626007080078,369104,0.0,0.0
2015-03-12 00:00:00+08:00,25.110032831854316,25.26084441860704,25.03462847672384,25.185440063476562,194931,0.0,0.0
2015-03-13 00:00:00+08:00,25.336247054462255,25.373952105960658,25.03462677791602,25.110031127929688,298998,0.0,0.0
2015-03-16 00:00:00+08:00,25.110031127929688,25.110031127929688,25.110031127929688,25.110031127929688,0,0.0,0.0
2015-03-17 00:00:00+08:00,25.26084327697754,25.52476138449856,25.14773387290188,25.26084327697754,132797,0.0,0.0
2015-03-18 00:00:00+08:00,25.260841926647277,25.411653498522575,24.959218782896688,25.034626007080078,346150,0.0,0.0
2015-03-19 00:00:00+08:00,25.110032652148934,25.298546415117755,24.959221066475525,25.072330474853516,270543,0.0,0.0
2015-03-20 00:00:00+08:00,25.072330282294423,25.37395345132473,25.072330282294423,25.33624839782715,192075,0.0,0.0
2015-03-23 00:00:00+08:00,25.336250808050103,26.24111752472875,25.336250808050103,25.864089965820312,749200,0.0,0.0
2015-03-24 00:00:00+08:00,25.82638472678952,26.467330350434352,25.82638472678952,26.128007888793945,2121339,0.0,0.0
2015-03-25 00:00:00+08:00,25.93949527130404,26.391927157696408,25.826385861460057,26.24111557006836,1508660,0.0,0.0
2015-03-26 00:00:00+08:00,26.165710640469896,26.505035986065856,25.939494702236498,26.467330932617188,845096,0.0,0.0
2015-03-27 00:00:00+08:00,26.655844507536184,26.768953914107968,25.78868293762207,25.78868293762207,830612,0.0,0.0
2015-03-30 00:00:00+08:00,25.86408690834608,25.86408690834608,25.26084346070227,25.373952865600586,491582,0.0,0.0
2015-03-31 00:00:00+08:00,25.411656368486266,25.713276669810032,25.33624913578647,25.600170135498047,310499,0.0,0.0
2015-04-01 00:00:00+08:00,25.260843660967893,25.524761772500735,25.260843660967893,25.298545837402344,227130,0.0,0.0
2015-04-02 00:00:00+08:00,25.29854545283888,25.44935703277588,25.223141101116198,25.26084327697754,220897,0.0,0.0
2015-04-07 00:00:00+08:00,25.260843660967893,25.600169001861317,25.22314148453344,25.298545837402344,221026,0.0,0.0
2015-04-08 00:00:00+08:00,25.298546220821294,25.562467212845743,25.260844043815435,25.33624839782715,147108,0.0,0.0
2015-04-09 00:00:00+08:00,25.411653698060334,25.449355872202336,24.883814630597836,24.959218978881836,162619,0.0,0.0
2015-04-10 00:00:00+08:00,25.072329908069833,25.110032084512955,24.808411796476296,24.921518325805664,244197,0.0,0.0
2015-04-13 00:00:00+08:00,24.921520026827682,25.260845390959847,24.883817847811194,24.99692726135254,184273,0.0,0.0
2015-04-14 00:00:00+08:00,24.921516609050734,25.336246274339185,24.921516609050734,25.034626007080078,150504,0.0,0.0
2015-04-15 00:00:00+08:00,25.072328180926032,25.110030354771983,24.73300286332949,25.034626007080078,190108,0.0,0.0
2015-04-16 00:00:00+08:00,25.110032084512955,25.110032084512955,24.808411796476296,24.921518325805664,254741,0.0,0.0
2015-04-17 00:00:00+08:00,24.846113026390285,25.185438354434922,24.846113026390285,25.110031127929688,279373,0.0,0.0
2015-04-20 00:00:00+08:00,25.110031110310153,25.185438336762477,24.355976104736328,24.355976104736328,429371,0.0,0.0
2015-04-21 00:00:00+08:00,24.355976971777164,24.619897959018186,23.224894423151365,23.262598037719727,529799,0.0,0.0
2015-04-22 00:00:00+08:00,23.375707360318447,23.564221129353275,23.111787796020508,23.111787796020508,298748,0.0,0.0
2015-04-23 00:00:00+08:00,23.11178673230573,23.526517868041992,23.11178673230573,23.526517868041992,325199,0.0,0.0
2015-04-24 00:00:00+08:00,23.526518834016674,23.601923190659427,23.262599271029305,23.33800506591797,256300,0.0,0.0
2015-04-27 00:00:00+08:00,23.11178551379021,23.60192097723194,23.11178551379021,23.45111083984375,141550,0.0,0.0
2015-04-28 00:00:00+08:00,23.97894817601172,23.97894817601172,23.03637943578727,23.187191009521484,237116,0.0,0.0
2015-04-29 00:00:00+08:00,22.998680146535236,22.998680146535236,22.621652603149414,22.621652603149414,275553,0.0,0.0
2015-04-30 00:00:00+08:00,22.62165031692053,22.960975646972656,22.47083873950941,22.960975646972656,339616,0.0,0.0
2015-05-04 00:00:00+08:00,23.111788121901796,23.14949173918794,22.621652603149414,22.621652603149414,125119,0.0,0.0
2015-05-05 00:00:00+08:00,22.546242421062498,22.6216482027207,22.357728686039824,22.470836639404297,225123,0.0,0.0
2015-05-06 00:00:00+08:00,23.37570600964383,23.37570600964383,22.395435042602262,22.885570526123047,178003,0.0,0.0
2015-05-07 00:00:00+08:00,22.885570920756876,22.885570920756876,22.470839782744807,22.546245574951172,103866,0.0,0.0
2015-05-08 00:00:00+08:00,22.58394890970852,22.84786702178442,22.282325744628906,22.282325744628906,125112,0.0,0.0
2015-05-11 00:00:00+08:00,22.6216512805037,22.847867218010393,21.641380300313546,22.018407821655273,269103,0.0,0.0
2015-05-12 00:00:00+08:00,21.867594451224324,22.244621941762677,21.64137853219961,22.16921615600586,204054,0.0,0.0
2015-05-13 00:00:00+08:00,22.169216740677633,22.69705581665039,21.792189240195885,22.69705581665039,293556,0.0,0.0
2015-05-14 00:00:00+08:00,22.697060069488405,22.734762251302676,22.206924514672647,22.35773468017578,122200,0.0,0.0
2015-05-15 00:00:00+08:00,22.39543342590332,22.54624355858285,22.16921606951543,22.39543342590332,78008,0.0,0.0
2015-05-18 00:00:00+08:00,22.320028389253093,22.320028389253093,21.71678352355957,21.71678352355957,281198,0.0,0.0
2015-05-19 00:00:00+08:00,21.754489312869698,22.01840887812121,21.716785695978956,21.98070526123047,106125,0.0,0.0
2015-05-20 00:00:00+08:00,21.943002700805664,22.32003023367777,21.867596906582065,21.943002700805664,111386,0.0,0.0
2015-05-21 00:00:00+08:00,21.867597875907833,21.94300367347395,21.75448989868164,21.75448989868164,93160,0.0,0.0
2015-05-22 00:00:00+08:00,21.56597018889844,22.169213526921872,21.56597018889844,21.867591857910156,113098,0.0,0.0
2015-05-25 00:00:00+08:00,21.754488374738845,21.86759634404161,21.754488374738845,21.792190551757812,48000,0.0,0.0
2015-05-26 00:00:00+08:00,21.86759634404161,21.86759634404161,21.679082582455045,21.792190551757812,100709,0.0,0.0
2015-05-27 00:00:00+08:00,21.792191112358463,22.131516467241717,21.792191112358463,21.943002700805664,106074,0.0,0.0
2015-05-28 00:00:00+08:00,21.94300202973776,22.2823259359978,21.94300202973776,22.018407821655273,133327,0.0,0.0
2015-05-29 00:00:00+08:00,22.169213526921872,22.169213526921872,21.82988968862578,21.867591857910156,166040,0.0,0.0
2015-06-01 00:00:00+08:00,21.867595287379782,22.09381121505436,21.829893112182617,21.829893112182617,92201,0.0,0.0
2015-06-02 00:00:00+08:00,21.86759634404161,21.980704313344376,21.716784759474013,21.792190551757812,125203,0.0,0.0
2015-06-03 00:00:00+08:00,21.79218608109584,21.867591857910156,21.60367235818282,21.867591857910156,130001,0.0,0.0
2015-06-04 00:00:00+08:00,21.867595672607422,21.867595672607422,20.88732471775438,21.113540649414062,227300,0.0,0.0
2015-06-05 00:00:00+08:00,21.1135413331852,21.33975727217098,20.548000047474883,20.661108016967773,236498,0.0,0.0
2015-06-08 00:00:00+08:00,20.548001734358266,20.548001734358266,20.02016258239746,20.02016258239746,260500,0.0,0.0
2015-06-09 00:00:00+08:00,20.02015715810775,20.02015715810775,18.2481292814536,18.285831451416016,507079,0.0,0.0
2015-06-10 00:00:00+08:00,18.587455755168882,19.002186874649826,18.398942002199128,18.9644832611084,217050,0.0,0.0
2015-06-11 00:00:00+08:00,18.24813017241429,18.4743460797249,17.41866944853261,17.720291137695312,563444,0.0,0.0
2015-06-12 00:00:00+08:00,17.72029439476879,18.021916139370987,17.494078445878625,17.569482803344727,275186,0.0,0.0
2015-06-15 00:00:00+08:00,17.720293045043945,18.097320556640625,17.569481465106946,18.097320556640625,191173,0.0,0.0
2015-06-16 00:00:00+08:00,18.097321906124144,18.097321906124144,17.908808136268686,17.946510314941406,83923,0.0,0.0
2015-06-17 00:00:00+08:00,17.946507768922174,18.549752609826598,17.946507768922174,18.398941040039062,168014,0.0,0.0
2015-06-18 00:00:00+08:00,18.398942278268805,19.530024813058844,18.323536488300306,19.228403091430664,294003,0.0,0.0
2015-06-22 00:00:00+08:00,19.530025482177734,19.756242859833677,19.454619689625755,19.530025482177734,101299,0.0,0.0
2015-06-23 00:00:00+08:00,19.530025092754684,20.2086743356987,19.530025092754684,19.86935043334961,157300,0.0,0.0
2015-06-24 00:00:00+08:00,19.869350148794183,20.133269694561022,19.492322637197503,19.605430603027344,144000,0.0,0.0
2015-06-25 00:00:00+08:00,19.45461941141666,19.605430994363953,19.26610565185547,19.26610565185547,181421,0.0,0.0
2015-06-26 00:00:00+08:00,19.26610497821085,19.30380859175228,18.9644832611084,18.9644832611084,92123,0.0,0.0
2015-06-29 00:00:00+08:00,18.92678098292702,19.190700523299178,18.62515926746418,18.81367301940918,105002,0.0,0.0
2015-06-30 00:00:00+08:00,19.152996718582493,19.152996718582493,18.248131581235548,18.700563430786133,88000,0.0,0.0
2015-07-01 00:00:00+08:00,18.62516086667132,19.002188402933932,18.135023918933197,18.926782608032227,954000,0.0,0.0
2015-07-02 00:00:00+08:00,18.92678000989286,19.077590140748168,18.587454698538412,18.625158309936523,445123,0.0,0.0
2015-07-03 00:00:00+08:00,18.549753189086914,18.625158976335406,18.36123944008856,18.549753189086914,117175,0.0,0.0
2015-07-06 00:00:00+08:00,18.775968130417862,18.775968130417862,18.361238479614258,18.361238479614258,144126,0.0,0.0
2015-07-07 00:00:00+08:00,18.474347494442394,18.474347494442394,18.323535919189453,18.323535919189453,81501,0.0,0.0
2015-07-08 00:00:00+08:00,18.32353549155686,18.32353549155686,17.343264590027513,17.53177833557129,186490,0.0,0.0
2015-07-09 00:00:00+08:00,17.494078085922503,17.494078085922503,16.51380563832792,17.154752731323242,272500,0.0,0.0
2015-07-10 00:00:00+08:00,17.154752731323242,17.154752731323242,17.154752731323242,17.154752731323242,0,0.0,0.0
2015-07-13 00:00:00+08:00,17.418669136245768,17.720290820000912,17.343263355745574,17.456371307373047,192175,0.0,0.0
2015-07-14 00:00:00+08:00,17.531779668910183,17.871105011993883,17.531779668910183,17.75799560546875,117279,0.0,0.0
2015-07-15 00:00:00+08:00,17.757996573501842,17.871105986192852,17.41867265016659,17.569482803344727,96001,0.0,0.0
2015-07-16 00:00:00+08:00,17.569482803344727,17.795700190480822,17.494078445878625,17.569482803344727,92297,0.0,0.0
2015-07-17 00:00:00+08:00,17.569481465106946,17.644887255075446,17.267859743478766,17.343265533447266,127138,0.0,0.0
2015-07-20 00:00:00+08:00,17.56948283269205,17.56948283269205,17.192455291748047,17.192455291748047,112205,0.0,0.0
2015-07-21 00:00:00+08:00,16.966238585947227,17.117050170898438,16.853130616356754,17.117050170898438,161311,0.0,0.0
2015-07-22 00:00:00+08:00,17.117050016495007,17.117050016495007,16.853130464333994,15.872858047485352,369699,0.0,0.0
2015-07-23 00:00:00+08:00,16.91765576762347,16.998024988129536,16.756918859526714,16.877471923828125,177013,1.3,0.0
2015-07-24 00:00:00+08:00,16.877469275031373,16.957838482924075,16.756916229649892,16.797100067138672,136898,0.0,0.0
2015-07-27 00:00:00+08:00,16.435442760767017,16.79710193717531,15.551384441354568,15.83267593383789,467499,0.0,0.0
2015-07-28 00:00:00+08:00,14.627141175070973,15.671936316326674,14.627141175070973,15.35046100616455,309518,0.0,0.0
2015-07-29 00:00:00+08:00,15.35046118775821,15.511198078283167,15.229908136635688,15.390645027160645,161000,0.0,0.0
2015-07-30 00:00:00+08:00,15.350460973388156,15.913042381741846,15.350460973388156,15.471014022827148,134599,0.0,0.0
2015-07-31 00:00:00+08:00,15.5513831685427,15.79248926641476,15.5111977969539,15.712120056152344,30001,0.0,0.0
2015-08-03 00:00:00+08:00,15.71212135786386,15.71212135786386,15.149539905248801,15.270092964172363,113060,0.0,0.0
2015-08-04 00:00:00+08:00,15.27009001018295,15.35045921155639,14.546770263652023,14.707507133483887,301109,0.0,0.0
2015-08-05 00:00:00+08:00,14.58695826762911,15.270094375208362,14.58695826762911,15.109355926513672,98001,0.0,0.0
2015-08-06 00:00:00+08:00,15.189723272061228,15.189723272061228,14.988801002502441,14.988801002502441,55953,0.0,0.0
2015-08-07 00:00:00+08:00,14.747694193278008,15.511197861668414,14.747694193278008,15.471014022827148,97101,0.0,0.0
2015-08-10 00:00:00+08:00,15.471013778295273,15.752305244483674,15.430829940089144,15.67193603515625,51107,0.0,0.0
2015-08-11 00:00:00+08:00,16.43544075235157,16.43544075235157,15.953227043151855,15.953227043151855,165004,0.0,0.0
2015-08-12 00:00:00+08:00,16.033595687563224,16.113963358847194,15.67193503512508,15.913041114807129,49175,0.0,0.0
2015-08-13 00:00:00+08:00,15.832673999080708,15.993410880203864,15.712119422094437,15.953227043151855,82099,0.0,0.0
2015-08-14 00:00:00+08:00,15.832676200536328,15.832676200536328,15.430831642481248,15.631753921508789,108009,0.0,0.0
2015-08-17 00:00:00+08:00,15.591569375999438,15.591569375999438,15.028987884521484,15.028987884521484,121376,0.0,0.0
2015-08-18 00:00:00+08:00,15.069169015615332,15.390644314698763,15.069169015615332,15.189722061157227,50272,0.0,0.0
2015-08-19 00:00:00+08:00,16.033597723957293,16.033597723957293,14.868247947350222,14.988801002502441,180099,0.0,0.0
2015-08-20 00:00:00+08:00,15.028986376163356,15.189723272061228,14.988801002502441,14.988801002502441,89715,0.0,0.0
2015-08-21 00:00:00+08:00,14.586955097698592,14.787877348446273,14.386032846950911,14.466402053833008,236998,0.0,0.0
2015-08-24 00:00:00+08:00,14.225295907022955,14.225295907022955,13.019762407543556,13.100130081176758,476161,0.0,0.0
2015-08-25 00:00:00+08:00,12.85902451023911,13.341238235956112,12.85902451023911,13.260869026184082,270008,0.0,0.0
2015-08-26 00:00:00+08:00,13.10013147073271,13.501976013183594,12.9795784145805,13.501976013183594,115073,0.0,0.0
2015-08-27 00:00:00+08:00,13.501974201697482,14.104740934503889,13.501974201697482,13.94400405883789,189008,0.0,0.0
2015-08-28 00:00:00+08:00,13.94400456180221,14.386032901971637,13.94400456180221,14.225296020507812,164399,0.0,0.0
2015-08-31 00:00:00+08:00,14.386034307391606,14.627141952514648,14.225297410224853,14.627141952514648,86156,0.0,0.0
2015-09-01 00:00:00+08:00,14.466401612774973,14.868246102018723,14.466401612774973,14.747693061828613,114301,0.0,0.0
2015-09-02 00:00:00+08:00,14.546770817206738,14.787876897586958,14.466401612774973,14.747693061828613,103008,0.0,0.0
2015-09-03 00:00:00+08:00,14.868246819521856,15.028985236142207,14.868246819521856,14.948616027832031,99001,0.0,0.0
2015-09-04 00:00:00+08:00,14.707507152580469,15.028983958491642,14.586954116821289,14.586954116821289,102386,0.0,0.0
2015-09-07 00:00:00+08:00,14.908431905785283,14.908431905785283,14.546772737473635,14.627141952514648,38099,0.0,0.0
2015-09-08 00:00:00+08:00,14.86824724712055,14.908431085973719,14.667324987024328,14.787878036499023,45000,0.0,0.0
2015-09-09 00:00:00+08:00,14.948617671104902,15.27009300676962,14.948617671104902,15.149539947509766,108118,0.0,0.0
2015-09-10 00:00:00+08:00,15.149538778558302,15.270091828516179,15.028985728600425,15.229907989501953,54788,0.0,0.0
2015-09-11 00:00:00+08:00,15.27009252627323,15.511198637206173,15.189723311657158,15.430830955505371,96001,0.0,0.0
2015-09-14 00:00:00+08:00,15.591567105557344,15.591567105557344,15.109353373856562,15.35046100616455,102499,0.0,0.0
2015-09-15 00:00:00+08:00,15.430831398013986,15.471015240016737,15.270092964172363,15.270092964172363,82006,0.0,0.0
2015-09-16 00:00:00+08:00,15.3504617408893,15.671937066438314,15.27009252627323,15.430830955505371,88321,0.0,0.0
2015-09-17 00:00:00+08:00,15.67193603515625,15.8326744538111,15.63175219695012,15.67193603515625,117039,0.0,0.0
2015-09-18 00:00:00+08:00,15.67193503512508,15.913041114807129,15.551381995284054,15.913041114807129,82391,0.0,0.0
2015-09-21 00:00:00+08:00,15.752306732781921,15.752306732781921,15.270092964172363,15.270092964172363,144165,0.0,0.0
2015-09-22 00:00:00+08:00,15.270091521434294,15.752305244483674,15.270091521434294,15.67193603515625,82399,0.0,0.0
2015-09-23 00:00:00+08:00,15.430830151547386,15.671936249918518,15.430830151547386,15.591567039489746,74481,0.0,0.0
2015-09-24 00:00:00+08:00,15.591566568240301,15.591566568240301,15.189722061157227,15.189722061157227,126007,0.0,0.0
2015-09-25 00:00:00+08:00,15.551383300361358,15.551383300361358,15.109353406628877,15.229907989501953,65007,0.0,0.0
2015-09-29 00:00:00+08:00,15.229907989501953,15.229907989501953,15.229907989501953,15.229907989501953,0,0.0,0.0
2015-09-30 00:00:00+08:00,15.18972258462589,15.35046100616455,15.028985696002426,15.35046100616455,88546,0.0,0.0
2015-10-01 00:00:00+08:00,15.270091730689838,15.671936249918518,15.149538681504273,15.591567039489746,81099,0.0,0.0
2015-10-02 00:00:00+08:00,15.591568545954079,15.631753921508789,15.47101548512062,15.631753921508789,180381,0.0,0.0
2015-10-05 00:00:00+08:00,15.671938214983259,17.15876342914167,15.671938214983259,16.877471923828125,363474,0.0,0.0
2015-10-06 00:00:00+08:00,17.038206209457893,17.158759244358087,16.395254135131836,16.395254135131836,174118,0.0,0.0
2015-10-07 00:00:00+08:00,16.395254135131836,16.676545571842297,16.355070301136774,16.395254135131836,169398,0.0,0.0
2015-10-08 00:00:00+08:00,16.475626068280434,16.596179123172604,16.19433458492186,16.234519958496094,134315,0.0,0.0
2015-10-12 00:00:00+08:00,16.234520138387946,16.47562625084394,16.234520138387946,16.274703979492188,73001,0.0,0.0
2015-10-13 00:00:00+08:00,16.274703979492188,16.395257035720185,16.274703979492188,16.274703979492188,93100,0.0,0.0
2015-10-14 00:00:00+08:00,16.274702515208823,17.038207690816776,16.07378026193464,16.797100067138672,206159,0.0,0.0
2015-10-15 00:00:00+08:00,16.957839665640527,17.118576559721305,16.596178971357087,16.716732025146484,130408,0.0,0.0
2015-10-16 00:00:00+08:00,16.71673348281599,17.03821036484026,16.71673348281599,16.877471923828125,130625,0.0,0.0
2015-10-19 00:00:00+08:00,16.87747045214251,16.87747045214251,16.716732025146484,16.716732025146484,55150,0.0,0.0
2015-10-20 00:00:00+08:00,16.716732498073075,17.038209361159907,16.716732498073075,16.998023986816406,76358,0.0,0.0
2015-10-21 00:00:00+08:00,17.11857610672332,17.64097521417887,17.078392267495296,17.560606002807617,199190,0.0,0.0
2015-10-22 00:00:00+08:00,17.56060475072324,17.56060475072324,17.198944091796875,17.198944091796875,126034,0.0,0.0
2015-10-23 00:00:00+08:00,17.118576559721305,17.399868040506732,16.716732025146484,16.716732025146484,141239,0.0,0.0
2015-10-26 00:00:00+08:00,16.79710037964859,17.078391846048902,16.716731170260623,17.0382080078125,65695,0.0,0.0
2015-10-27 00:00:00+08:00,16.7167323210583,17.078393021743686,16.676548480055597,16.957839965820312,45154,0.0,0.0
2015-10-28 00:00:00+08:00,16.957838798424532,17.1185756842853,16.87746958903656,17.0382080078125,94064,0.0,0.0
2015-10-29 00:00:00+08:00,17.359682313418954,18.685768826802573,17.11857469913052,18.0830020904541,750577,0.0,0.0
2015-10-30 00:00:00+08:00,18.163369402415565,18.24373859880312,17.520417364230063,17.841894149780273,235099,0.0,0.0
2015-11-02 00:00:00+08:00,17.84189716146955,18.083003258415687,17.681158741562005,18.002634048461914,92523,0.0,0.0
2015-11-03 00:00:00+08:00,17.922267017582598,18.243743896484375,17.922267017582598,18.243743896484375,105000,0.0,0.0
2015-11-04 00:00:00+08:00,18.243739520123007,18.52502942231237,18.16337031967676,18.203554153442383,169988,0.0,0.0
2015-11-05 00:00:00+08:00,17.962448085018643,18.324107187654253,17.962448085018643,18.203554153442383,81000,0.0,0.0
2015-11-06 00:00:00+08:00,18.484845588546747,18.52502942231237,18.002631918784267,18.203554153442383,75039,0.0,0.0
2015-11-09 00:00:00+08:00,17.92226515460545,17.92226515460545,17.440052952208337,17.560606002807617,110576,0.0,0.0
2015-11-10 00:00:00+08:00,17.560606184160697,17.60079002380371,17.319498547556954,17.60079002380371,108254,0.0,0.0
2015-11-11 00:00:00+08:00,17.60079089088881,17.60079089088881,16.596179521170097,16.75691795349121,193499,0.0,0.0
2015-11-12 00:00:00+08:00,16.756917872416572,16.998023986816406,16.47562638367324,16.998023986816406,159451,0.0,0.0
2015-11-13 00:00:00+08:00,17.35968325830868,18.002633865576897,17.35968325830868,17.96245002746582,408097,0.0,0.0
2015-11-16 00:00:00+08:00,17.440052644615868,18.364294726796302,17.440052644615868,18.002634048461914,192038,0.0,0.0
2015-11-17 00:00:00+08:00,18.72595343036656,18.72595343036656,18.083002831737506,18.163372039794922,236075,0.0,0.0
2015-11-18 00:00:00+08:00,18.32411003112793,18.64558688279861,18.163373138207827,18.32411003112793,212198,0.0,0.0
2015-11-19 00:00:00+08:00,18.484848682450004,19.167984701210553,18.484848682450004,18.806324005126953,249101,0.0,0.0
2015-11-20 00:00:00+08:00,19.208168099690614,19.208168099690614,18.846508944844633,18.96706199645996,273331,0.0,0.0
2015-11-23 00:00:00+08:00,19.208168099690614,19.36890652378786,19.12779888764199,18.96706199645996,216560,0.0,0.0
2015-11-24 00:00:00+08:00,19.529643650561887,19.93148818273736,19.208168331404558,19.449275970458984,509005,0.0,0.0
2015-11-25 00:00:00+08:00,19.208167781775778,19.770750723889602,19.16798394287416,19.409090042114258,344165,0.0,0.0
2015-11-26 00:00:00+08:00,19.48945976143544,19.48945976143544,18.967062177505785,19.007246017456055,307954,0.0,0.0
2015-11-27 00:00:00+08:00,19.16798376162572,19.20816760014737,18.565216986309913,18.68577003479004,147528,0.0,0.0
2015-11-30 00:00:00+08:00,18.565215786115896,18.685768826802573,17.922263680928477,18.0830020904541,200934,0.0,0.0
2015-12-01 00:00:00+08:00,18.123187274596685,18.926876316182614,18.042819596770247,18.725954055786133,184098,0.0,0.0
2015-12-02 00:00:00+08:00,18.886693219025005,19.087615487312505,18.7259547912289,18.806324005126953,145009,0.0,0.0
2015-12-03 00:00:00+08:00,18.766139911923975,19.047431390321556,18.525032273476665,19.007246017456055,79499,0.0,0.0
2015-12-04 00:00:00+08:00,19.047432854107214,19.167985916137695,18.725955978138796,19.167985916137695,57286,0.0,0.0
2015-12-07 00:00:00+08:00,19.20816691976034,19.20816691976034,18.766138580018907,19.04743003845215,86012,0.0,0.0
2015-12-08 00:00:00+08:00,18.886694956962128,18.886694956962128,18.605403448892382,18.766141891479492,98013,0.0,0.0
2015-12-09 00:00:00+08:00,18.64558567616046,18.64558567616046,17.68115824939125,17.721342086791992,385339,0.0,0.0
2015-12-10 00:00:00+08:00,17.841896009080745,18.324108171827458,17.440051518181768,18.0830020904541,331299,0.0,0.0
2015-12-11 00:00:00+08:00,18.484849402245054,19.449276940745705,18.44466556018891,18.886693954467773,759236,0.0,0.0
2015-12-14 00:00:00+08:00,18.645584990878707,18.645584990878707,18.0830020904541,18.0830020904541,212400,0.0,0.0
2015-12-15 00:00:00+08:00,18.16337246836946,18.28392551684253,17.681158741562005,18.002634048461914,233265,0.0,0.0
2015-12-16 00:00:00+08:00,18.163372532097295,18.565217050360882,18.163372532097295,18.444664001464844,164500,0.0,0.0
2015-12-17 00:00:00+08:00,18.48484992980957,18.565219149130943,18.364296867285187,18.48484992980957,71200,0.0,0.0
2015-12-18 00:00:00+08:00,18.525030933211195,18.525030933211195,18.243741008079866,18.364294052124023,122002,0.0,0.0
2015-12-21 00:00:00+08:00,18.20355637075758,18.484847840125127,18.163372532097295,18.444664001464844,53397,0.0,0.0
2015-12-22 00:00:00+08:00,18.60540520747376,18.766143665253857,18.2839298248291,18.2839298248291,74151,0.0,0.0
2015-12-23 00:00:00+08:00,18.48485002274534,18.565219242470786,18.243743896484375,18.243743896484375,74004,0.0,0.0
2015-12-24 00:00:00+08:00,18.484846391746796,18.484846391746796,18.00263270103126,18.042818069458008,87565,0.0,0.0
2015-12-25 00:00:00+08:00,18.042820085288938,18.48484845696327,17.962450872371267,18.32411003112793,110013,0.0,0.0
2015-12-28 00:00:00+08:00,18.605401509882157,18.605401509882157,18.123187765291373,18.32411003112793,22100,0.0,0.0
2015-12-29 00:00:00+08:00,18.16337467675893,18.444666179340302,18.16337467675893,18.243743896484375,45909,0.0,0.0
2015-12-30 00:00:00+08:00,18.243740925673585,18.283924762535086,17.922264099121094,17.922264099121094,101388,0.0,0.0
2015-12-31 00:00:00+08:00,18.002633865576897,18.163372283851533,17.92226465643958,17.96245002746582,48099,0.0,0.0
2016-01-04 00:00:00+08:00,18.042816374291696,18.042816374291696,17.68115575700517,17.841894149780273,169966,0.0,0.0
2016-01-05 00:00:00+08:00,17.6811580657959,17.84189647956009,17.39986660816612,17.6811580657959,62099,0.0,0.0
2016-01-06 00:00:00+08:00,17.600791287456495,17.761529723399246,17.279315948486328,17.279315948486328,172009,0.0,0.0
2016-01-07 00:00:00+08:00,17.27931649344308,17.27931649344308,16.636365795225302,16.877471923828125,284003,0.0,0.0
2016-01-08 00:00:00+08:00,16.797100085024145,17.68115830695492,16.797100085024145,17.480236053466797,173021,0.0,0.0
2016-01-11 00:00:00+08:00,17.03821027000994,17.198947177212073,16.877471829892436,17.11857795715332,64999,0.0,0.0
2016-01-12 00:00:00+08:00,17.922261813252906,18.404475458663303,17.841894149780273,17.841894149780273,318600,0.0,0.0
2016-01-13 00:00:00+08:00,17.841899141357572,18.12318910803732,17.76152992248535,17.76152992248535,105429,0.0,0.0
2016-01-14 00:00:00+08:00,17.359682503078613,17.681157792726996,17.07839104979312,17.198944091796875,135615,0.0,0.0
2016-01-15 00:00:00+08:00,17.3998683485111,17.3998683485111,16.91765459190234,16.957839965820312,152827,0.0,0.0
2016-01-18 00:00:00+08:00,16.877468393865016,17.359682083129883,16.75691535477756,17.359682083129883,120367,0.0,0.0
2016-01-19 00:00:00+08:00,17.359683920115188,17.60079002380371,17.27931470791394,17.60079002380371,131499,0.0,0.0
2016-01-20 00:00:00+08:00,17.681160964649216,17.681160964649216,16.998024893522878,17.11857795715332,127004,0.0,0.0
2016-01-21 00:00:00+08:00,17.1185756842853,17.279314103061242,17.0382080078125,17.0382080078125,69004,0.0,0.0
2016-01-22 00:00:00+08:00,17.279315769602253,17.841898756662406,17.1989465524629,17.239131927490234,60001,0.0,0.0
2016-01-25 00:00:00+08:00,17.681159053406894,17.841897476149402,17.48023679143636,17.560606002807617,84099,0.0,0.0
2016-01-26 00:00:00+08:00,17.681158120954024,17.681158120954024,17.39986666244673,17.440052032470703,57099,0.0,0.0
2016-01-27 00:00:00+08:00,17.44004970075743,17.841894149780273,17.44004970075743,17.841894149780273,104004,0.0,0.0
2016-01-28 00:00:00+08:00,17.922265826207468,18.002635040590402,17.68115971597393,17.882081985473633,134103,0.0,0.0
2016-01-29 00:00:00+08:00,17.88207984500461,18.20355513114078,17.8017106402418,18.0830020904541,195000,0.0,0.0
2016-02-01 00:00:00+08:00,18.364295660924455,18.364295660924455,18.08300417823552,18.123188018798828,60204,0.0,0.0
2016-02-02 00:00:00+08:00,18.40447813105203,18.40447813105203,18.12318666930864,18.163372039794922,70101,0.0,0.0
2016-02-03 00:00:00+08:00,18.002633305759215,18.042818675535834,17.922264099121094,17.922264099121094,58005,0.0,0.0
2016-02-15 00:00:00+08:00,17.92226441562267,18.163372039794922,17.92226441562267,18.163372039794922,67029,0.0,0.0
2016-02-16 00:00:00+08:00,18.565216064453125,18.886691355408978,18.163371567529527,18.565216064453125,475009,0.0,0.0
2016-02-17 00:00:00+08:00,18.725955605620566,18.926877882646174,18.56521870374927,18.645587921142578,248208,0.0,0.0
2016-02-18 00:00:00+08:00,18.806324915240374,19.04743256860269,18.806324915240374,18.926877975463867,289557,0.0,0.0
2016-02-19 00:00:00+08:00,19.047430714181942,19.569828279567698,18.886692294256243,19.368906021118164,375299,0.0,0.0
2016-02-22 00:00:00+08:00,19.368905538882196,19.81093388329973,19.28853633092033,19.770750045776367,237135,0.0,0.0
2016-02-23 00:00:00+08:00,19.931487426038313,20.132409684498032,19.810934377545514,20.05204200744629,303026,0.0,0.0
2016-02-24 00:00:00+08:00,20.21277951416002,20.21277951416002,19.810934984920593,19.931488037109375,259499,0.0,0.0
2016-02-25 00:00:00+08:00,19.931488037109375,20.293148726590946,19.851120357593672,19.931488037109375,240175,0.0,0.0
2016-02-26 00:00:00+08:00,20.21277907803,20.21277907803,19.97167297885477,20.092226028442383,102019,0.0,0.0
2016-03-01 00:00:00+08:00,20.252964449836,20.333332127617616,19.97167297885477,20.092226028442383,237099,0.0,0.0
2016-03-02 00:00:00+08:00,20.252966551801748,20.41370345696234,20.13241195678711,20.13241195678711,225198,0.0,0.0
2016-03-03 00:00:00+08:00,20.092226690641187,20.97628497161245,20.052042850426,20.4137020111084,770099,0.0,0.0
2016-03-04 00:00:00+08:00,20.453886215182138,20.69499230852314,20.21277858892598,20.494070053100586,213599,0.0,0.0
2016-03-07 00:00:00+08:00,20.57443926185264,20.57443926185264,20.092225542255477,20.494070053100586,177235,0.0,0.0
2016-03-08 00:00:00+08:00,20.494070053100586,20.494070053100586,20.092225542255477,20.494070053100586,145328,0.0,0.0
2016-03-09 00:00:00+08:00,20.614622116088867,20.614622116088867,20.29314682933587,20.614622116088867,79486,0.0,0.0
2016-03-10 00:00:00+08:00,20.654809951782227,20.654809951782227,20.413702308235994,20.654809951782227,191019,0.0,0.0
2016-03-11 00:00:00+08:00,20.855730005081497,21.498680587041946,20.855730005081497,21.09683609008789,674210,0.0,0.0
2016-03-14 00:00:00+08:00,21.177206468945744,21.21739030770066,20.93609883767068,21.016468048095703,191599,0.0,0.0
2016-03-15 00:00:00+08:00,21.016466468270096,21.29775791715516,20.494068939149308,21.2575740814209,642227,0.0,0.0
2016-03-16 00:00:00+08:00,21.498681236477893,22.74439860150027,21.498681236477893,22.342554092407227,1045896,0.0,0.0
2016-03-17 00:00:00+08:00,22.6640321871652,22.74439986712379,21.779973911383607,22.021080017089844,571617,0.0,0.0
2016-03-18 00:00:00+08:00,22.021080272821,22.061265646182203,21.61923573670049,21.820158004760742,279228,0.0,0.0
2016-03-21 00:00:00+08:00,21.820158915811138,22.101450409423226,21.579052797238102,21.940711975097656,218199,0.0,0.0
2016-03-22 00:00:00+08:00,21.820157518692145,21.940710570259792,21.53886604309082,21.53886604309082,226498,0.0,0.0
2016-03-23 00:00:00+08:00,21.538864877415723,21.779972500417585,21.498681040039646,21.619234085083008,170012,0.0,0.0
2016-03-24 00:00:00+08:00,21.619235072644926,21.619235072644926,21.096837498317257,21.498682022094727,280544,0.0,0.0
2016-03-25 00:00:00+08:00,21.498682456688098,21.498682456688098,21.13702176481136,21.33794403076172,143201,0.0,0.0
2016-03-28 00:00:00+08:00,21.137019692251585,21.378127307499696,21.137019692251585,21.297758102416992,114013,0.0,0.0
2016-03-29 00:00:00+08:00,21.297760103097648,21.418313155588738,20.333332617338453,20.373517990112305,505016,0.0,0.0
2016-03-30 00:00:00+08:00,20.413702663040567,20.936100267097483,20.413702663040567,20.735177993774414,271144,0.0,0.0
2016-03-31 00:00:00+08:00,20.895916425598987,20.97628564151127,20.735177993774414,20.735177993774414,178573,0.0,0.0
2016-04-01 00:00:00+08:00,20.574440255235867,20.735177147585578,20.212779564847363,20.373517990112305,248117,0.0,0.0
2016-04-06 00:00:00+08:00,20.5744424584097,20.65481167964835,20.172597885131836,20.172597885131836,102099,0.0,0.0
2016-04-07 00:00:00+08:00,20.212781729293464,20.413704015932396,20.011859442654533,20.172597885131836,182209,0.0,0.0
2016-04-08 00:00:00+08:00,20.172595903986803,20.4137020111084,20.092226690641187,20.4137020111084,102375,0.0,0.0
2016-04-11 00:00:00+08:00,20.413700844348533,20.534253891019034,20.33333163559648,20.494070053100586,87288,0.0,0.0
2016-04-12 00:00:00+08:00,20.373515609464558,20.373515609464558,19.770748884527233,19.851118087768555,330940,0.0,0.0
2016-04-13 00:00:00+08:00,19.851120909911174,20.052043180121146,19.851120909911174,19.9716739654541,168307,0.0,0.0
2016-04-14 00:00:00+08:00,19.97167297885477,20.293148288726808,19.97167297885477,20.092226028442383,109332,0.0,0.0
2016-04-15 00:00:00+08:00,20.092226690641187,20.65480965114524,20.092226690641187,20.4137020111084,140830,0.0,0.0
2016-04-18 00:00:00+08:00,20.41370133831442,20.453886710120425,20.092226028442383,20.092226028442383,64681,0.0,0.0
2016-04-19 00:00:00+08:00,20.172597885131836,20.45388939300942,20.011859442654533,20.172597885131836,177549,0.0,0.0
2016-04-20 00:00:00+08:00,20.172593367818784,20.172593367818784,19.73056351644905,19.851118087768555,153499,0.0,0.0
2016-04-21 00:00:00+08:00,19.89130192293169,19.931485758094823,19.810932719690367,19.851118087768555,61734,0.0,0.0
2016-04-22 00:00:00+08:00,19.73056351644905,20.092224164577463,19.047429121185456,19.851118087768555,493046,0.0,0.0
2016-04-25 00:00:00+08:00,19.851119747980082,19.851119747980082,19.288536811155314,19.368906021118164,119187,0.0,0.0
2016-04-26 00:00:00+08:00,19.368906203212642,19.449275413931073,19.28853699249421,19.409090042114258,118034,0.0,0.0
2016-04-27 00:00:00+08:00,19.36890711635163,19.529644012451172,19.36890711635163,19.529644012451172,44115,0.0,0.0
2016-04-28 00:00:00+08:00,19.6501986794007,19.6501986794007,19.127799549467152,19.288537979125977,122141,0.0,0.0
2016-04-29 00:00:00+08:00,18.886692784411338,19.167984260123912,18.886692784411338,18.96706199645996,107046,0.0,0.0
2016-05-03 00:00:00+08:00,18.96706317149538,19.04743238852299,18.76614089538402,18.886693954467773,110005,0.0,0.0
2016-05-04 00:00:00+08:00,18.886693954467773,19.127800072635278,18.404480185217448,18.886693954467773,251455,0.0,0.0
2016-05-05 00:00:00+08:00,18.806324737440168,18.886693954467773,18.725955520412562,18.886693954467773,28003,0.0,0.0
2016-05-06 00:00:00+08:00,18.926877796523918,19.007247013551527,18.725955520412562,18.886693954467773,58003,0.0,0.0
2016-05-09 00:00:00+08:00,18.7259547912289,18.886693219025005,18.645587110246105,18.806324005126953,75016,0.0,0.0
2016-05-10 00:00:00+08:00,18.04281801517886,18.163371054266314,17.359682083129883,17.359682083129883,625320,0.0,0.0
2016-05-11 00:00:00+08:00,17.560605021930314,17.6811580657959,17.118575150536344,17.6811580657959,186000,0.0,0.0
2016-05-12 00:00:00+08:00,17.761527298988106,18.645585510170477,17.761527298988106,18.364294052124023,447679,0.0,0.0
2016-05-13 00:00:00+08:00,18.404477376590272,18.484846581353082,17.88207984500461,18.0830020904541,106005,0.0,0.0
2016-05-16 00:00:00+08:00,18.163373138207827,18.444664616962054,17.962450872371267,18.32411003112793,103003,0.0,0.0
2016-05-17 00:00:00+08:00,18.32410868216589,18.484847096168185,18.163371801078718,18.364294052124023,132599,0.0,0.0
2016-05-18 00:00:00+08:00,18.364293540666406,18.364293540666406,18.0830020904541,18.0830020904541,87576,0.0,0.0
2016-05-19 00:00:00+08:00,18.083003925290157,18.64558688279861,18.083003925290157,18.32411003112793,155000,0.0,0.0
2016-05-20 00:00:00+08:00,18.484845588546747,18.484845588546747,18.083001119230513,18.203554153442383,115009,0.0,0.0
2016-05-23 00:00:00+08:00,18.24374174233305,18.645586260596637,18.24374174233305,18.444664001464844,77284,0.0,0.0
2016-05-24 00:00:00+08:00,18.48484992980957,18.64558836845232,18.48484992980957,18.48484992980957,86514,0.0,0.0
2016-05-25 00:00:00+08:00,18.56521870374927,18.725955605620566,18.525033328594958,18.645587921142578,142903,0.0,0.0
2016-05-26 00:00:00+08:00,18.80632119407515,19.650195514494722,18.76613735959018,19.610010147094727,222501,0.0,0.0
2016-05-27 00:00:00+08:00,19.851119929267153,20.333332127617616,19.770750718570344,20.092226028442383,948169,0.0,0.0
2016-05-30 00:00:00+08:00,20.011856817745574,20.815545858883272,19.610012297176727,20.092226028442383,506342,0.0,0.0
2016-05-31 00:00:00+08:00,19.931487426038313,20.05204200744629,19.770750539019645,20.05204200744629,123132,0.0,0.0
2016-06-01 00:00:00+08:00,19.971672797479364,20.172595055939087,19.89130358751244,20.05204200744629,215578,0.0,0.0
2016-06-02 00:00:00+08:00,20.092224588199535,20.092224588199535,19.690380096435547,19.690380096435547,171823,0.0,0.0
2016-06-03 00:00:00+08:00,19.85111949832198,19.85111949832198,19.529642662513645,19.569828033447266,106504,0.0,0.0
2016-06-06 00:00:00+08:00,19.690380332396202,19.690380332396202,19.40908887820752,19.489458084106445,104317,0.0,0.0
2016-06-07 00:00:00+08:00,19.489458084106445,19.489458084106445,19.489458084106445,19.489458084106445,0,0.0,0.0
2016-06-08 00:00:00+08:00,19.409089859642,19.449275231081014,19.127798391229614,19.368906021118164,153598,0.0,0.0
2016-06-13 00:00:00+08:00,19.208167787320733,19.208167787320733,18.725954055786133,18.725954055786133,144707,0.0,0.0
2016-06-14 00:00:00+08:00,18.76614089538402,18.886693954467773,18.725955520412562,18.886693954467773,250301,0.0,0.0
2016-06-15 00:00:00+08:00,18.88668995231547,18.88668995231547,18.72595155232126,18.846506118774414,132002,0.0,0.0
2016-06-16 00:00:00+08:00,18.88669229322864,19.007245341708767,18.64558619626839,18.68577003479004,130006,0.0,0.0
2016-06-17 00:00:00+08:00,18.685767718780202,18.92687378585653,18.685767718780202,18.846506118774414,95206,0.0,0.0
2016-06-20 00:00:00+08:00,18.96706308736603,19.28853842113522,18.96706308736603,19.12779998779297,74000,0.0,0.0
2016-06-21 00:00:00+08:00,19.16798484654075,19.770751655973385,19.16798484654075,19.529644012451172,117654,0.0,0.0
2016-06-22 00:00:00+08:00,19.529642662513645,19.65019724239935,19.44927498647672,19.569828033447266,125000,0.0,0.0
2016-06-23 00:00:00+08:00,19.44927658994674,19.529644272609474,19.32872200012207,19.32872200012207,77126,0.0,0.0
2016-06-24 00:00:00+08:00,19.32872243669739,19.32872243669739,18.484849486355962,18.645587921142578,240499,0.0,0.0
2016-06-27 00:00:00+08:00,18.645586681180685,19.047431208508584,18.645586681180685,18.96706199645996,82947,0.0,0.0
2016-06-28 00:00:00+08:00,18.967062177505785,19.127799070222093,18.967062177505785,19.007246017456055,39500,0.0,0.0
2016-06-29 00:00:00+08:00,19.087615230271822,19.208168283037864,19.007246017456055,19.007246017456055,71002,0.0,0.0
2016-06-30 00:00:00+08:00,19.007245103697837,19.61001187146573,19.007245103697837,19.569828033447266,178495,0.0,0.0
2016-07-01 00:00:00+08:00,19.36890711635163,19.65019860066991,19.36890711635163,19.529644012451172,68199,0.0,0.0
2016-07-04 00:00:00+08:00,19.69038244146598,19.89130471127686,19.489460171655104,19.529644012451172,60499,0.0,0.0
2016-07-05 00:00:00+08:00,19.529642662513645,19.69038108041781,19.48945882449518,19.569828033447266,96599,0.0,0.0
2016-07-06 00:00:00+08:00,19.449275413931073,19.449275413931073,19.328720831395827,19.409090042114258,28001,0.0,0.0
2016-07-07 00:00:00+08:00,19.409089376405554,20.2127783901939,19.368905538882196,19.770750045776367,185749,0.0,0.0
2016-07-08 00:00:00+08:00,19.770750045776367,19.770750045776367,19.770750045776367,19.770750045776367,0,0.0,0.0
2016-07-11 00:00:00+08:00,20.172595903986803,20.4137020111084,19.77075137017398,20.4137020111084,340202,0.0,0.0
2016-07-12 00:00:00+08:00,19.931487426038313,20.05204200744629,19.810934377545514,20.05204200744629,286099,0.0,0.0
2016-07-13 00:00:00+08:00,19.85112108858464,20.011857986450195,19.690382657803802,20.011857986450195,139104,0.0,0.0
2016-07-14 00:00:00+08:00,19.810934984920593,20.052042622213385,19.810934984920593,19.931488037109375,103697,0.0,0.0
2016-07-15 00:00:00+08:00,19.971673409782454,20.052042622213385,19.851120357593672,19.931488037109375,99501,0.0,0.0
2016-07-18 00:00:00+08:00,19.931488591662948,20.052043180121146,19.810935536120017,19.9716739654541,201788,0.0,0.0
2016-07-19 00:00:00+08:00,20.052043360603047,20.132411043078182,19.931488771059776,20.011857986450195,162941,0.0,0.0
2016-07-20 00:00:00+08:00,20.011857986450195,20.172596417231034,19.931488771059776,20.011857986450195,144257,0.0,0.0
2016-07-21 00:00:00+08:00,20.011857395755502,20.494071140949117,20.011857395755502,19.449275970458984,839491,0.0,0.0
2016-07-22 00:00:00+08:00,20.383518580386514,20.383518580386514,20.043793594700706,20.17119026184082,391456,1.3,0.0
2016-07-25 00:00:00+08:00,20.17119130569084,20.256122961491595,19.916397958225172,20.043794631958008,245198,0.0,0.0
2016-07-26 00:00:00+08:00,19.958863641960576,20.128726959228516,19.916398622611915,20.128726959228516,74099,0.0,0.0
2016-07-27 00:00:00+08:00,20.298587296524662,20.298587296524662,19.9588623046875,19.9588623046875,89909,0.0,0.0
2016-07-28 00:00:00+08:00,20.00132712690848,20.00132712690848,19.916397094726562,19.916397094726562,207199,0.0,0.0
2016-07-29 00:00:00+08:00,19.873931320356498,20.043794631958008,19.66160299082291,20.043794631958008,183007,0.0,0.0
2016-08-01 00:00:00+08:00,20.128726959228516,20.171191978577177,20.001328661309234,20.128726959228516,38399,0.0,0.0
2016-08-02 00:00:00+08:00,20.1711916022827,20.38351993493831,20.04379492667666,20.341054916381836,149013,0.0,0.0
2016-08-03 00:00:00+08:00,20.29858656909437,20.553381518793685,20.043793239331535,20.38351821899414,151002,0.0,0.0
2016-08-04 00:00:00+08:00,20.638312909096467,20.638312909096467,20.46845121803726,20.553382873535156,118012,0.0,0.0
2016-08-05 00:00:00+08:00,20.553382392949864,20.63831242652531,20.425984102713585,20.510915756225586,114398,0.0,0.0
2016-08-08 00:00:00+08:00,20.680778868072505,20.680778868072505,20.425983909941156,20.46845054626465,36882,0.0,0.0
2016-08-09 00:00:00+08:00,20.510916308957263,20.510916308957263,20.001327994089333,20.043794631958008,137261,0.0,0.0
2016-08-10 00:00:00+08:00,20.086258974134367,20.17119062707779,19.916397288184058,19.9588623046875,169298,0.0,0.0
2016-08-11 00:00:00+08:00,20.341054507245047,20.341054507245047,19.788999557495117,19.788999557495117,122408,0.0,0.0
2016-08-12 00:00:00+08:00,19.873931212836382,19.91639785047531,19.70406952209044,19.788999557495117,256280,0.0,0.0
2016-08-15 00:00:00+08:00,20.086260220329223,20.086260220329223,19.873931884765625,19.873931884765625,93813,0.0,0.0
2016-08-16 00:00:00+08:00,19.873931884765625,20.043795201191163,19.873931884765625,19.873931884765625,143828,0.0,0.0
2016-08-17 00:00:00+08:00,20.043795300594546,20.256123637211147,19.746535305343972,20.128726959228516,243503,0.0,0.0
2016-08-18 00:00:00+08:00,20.1711916022827,20.38351993493831,20.00132828818357,20.341054916381836,139299,0.0,0.0
2016-08-19 00:00:00+08:00,20.341054243350733,20.425984277653573,20.128725917720505,20.256122589111328,129598,0.0,0.0
2016-08-22 00:00:00+08:00,20.383519830095157,20.383519830095157,20.086259841918945,20.086259841918945,22034,0.0,0.0
2016-08-23 00:00:00+08:00,20.08625861043524,20.213655277575352,20.08625861043524,20.17119026184082,61511,0.0,0.0
2016-08-24 00:00:00+08:00,20.17119235900085,20.29858903938615,20.17119235900085,20.21365737915039,63614,0.0,0.0
2016-08-25 00:00:00+08:00,20.29858656909437,20.59584653377533,20.213654919194596,20.38351821899414,163199,0.0,0.0
2016-08-26 00:00:00+08:00,20.46845073943786,20.510915756225586,20.341054069138135,20.510915756225586,78898,0.0,0.0
2016-08-29 00:00:00+08:00,20.51091661054435,20.595848267593915,20.29858827788874,20.341054916381836,180202,0.0,0.0
2016-08-30 00:00:00+08:00,20.38351821899414,20.553381518793685,20.38351821899414,20.38351821899414,90076,0.0,0.0
2016-08-31 00:00:00+08:00,20.425983428955078,20.59584673037608,20.29858676285758,20.425983428955078,115754,0.0,0.0
2016-09-01 00:00:00+08:00,20.38351821899414,20.510914883875557,20.38351821899414,20.38351821899414,87098,0.0,0.0
2016-09-02 00:00:00+08:00,20.341054916381836,20.468451591987876,20.341054916381836,20.341054916381836,86455,0.0,0.0
2016-09-05 00:00:00+08:00,20.468449868893913,20.468449868893913,20.341053204012496,20.38351821899414,65364,0.0,0.0
2016-09-06 00:00:00+08:00,20.38351993493831,20.38351993493831,20.29858827788874,20.341054916381836,57160,0.0,0.0
2016-09-07 00:00:00+08:00,20.34105285080888,20.723242838816752,20.34105285080888,20.59584617614746,136298,0.0,0.0
2016-09-08 00:00:00+08:00,20.553383256314014,20.63831329345703,20.42598496072625,20.63831329345703,63003,0.0,0.0
2016-09-09 00:00:00+08:00,20.553381161903182,20.723242838816752,20.51091452772245,20.59584617614746,79009,0.0,0.0
2016-09-12 00:00:00+08:00,20.425983428955078,20.468450064278578,20.38351841356808,20.425983428955078,101004,0.0,0.0
2016-09-13 00:00:00+08:00,20.46845073943786,20.63831242652531,20.383519085925858,20.510915756225586,88190,0.0,0.0
2016-09-14 00:00:00+08:00,20.256121554112724,20.468449868893913,20.256121554112724,20.38351821899414,132004,0.0,0.0
2016-09-19 00:00:00+08:00,20.638312231749012,20.765710520782957,20.46845054626465,20.46845054626465,135092,0.0,0.0
2016-09-20 00:00:00+08:00,20.55338324903744,20.55338324903744,20.341054916381836,20.341054916381836,93298,0.0,0.0
2016-09-21 00:00:00+08:00,20.298587073268944,20.9780386694068,20.298587073268944,20.723243713378906,225881,0.0,0.0
2016-09-22 00:00:00+08:00,20.680778868072505,20.72324388445946,20.341053877167244,20.46845054626465,144203,0.0,0.0
2016-09-23 00:00:00+08:00,20.468449868893913,20.553381518793685,20.341053204012496,20.38351821899414,164002,0.0,0.0
2016-09-26 00:00:00+08:00,20.38351821899414,20.468449868893913,20.29858656909437,20.38351821899414,73499,0.0,0.0
2016-09-27 00:00:00+08:00,20.38351821899414,20.38351821899414,20.38351821899414,20.38351821899414,0,0.0,0.0
2016-09-28 00:00:00+08:00,20.38351821899414,20.38351821899414,20.38351821899414,20.38351821899414,0,0.0,0.0
2016-09-29 00:00:00+08:00,20.3835188935542,20.46845054626465,20.298587240843748,20.46845054626465,81298,0.0,0.0
2016-09-30 00:00:00+08:00,20.468452359857675,20.468452359857675,20.21365737915039,20.21365737915039,67000,0.0,0.0
2016-10-03 00:00:00+08:00,20.425984277653573,20.425984277653573,20.21365595202334,20.256122589111328,48001,0.0,0.0
2016-10-04 00:00:00+08:00,20.256122781517483,20.341054436563628,20.256122781517483,20.298587799072266,22008,0.0,0.0
2016-10-05 00:00:00+08:00,20.341053877167244,20.46845054626465,20.2136555881333,20.46845054626465,91677,0.0,0.0
2016-10-06 00:00:00+08:00,20.46845054626465,20.5533821989751,20.3835188935542,20.46845054626465,25000,0.0,0.0
2016-10-07 00:00:00+08:00,20.25612174747058,20.55338171498908,20.25612174747058,20.425983428955078,138199,0.0,0.0
2016-10-11 00:00:00+08:00,20.468452762195415,20.468452762195415,19.619139383016655,19.704071044921875,164002,0.0,0.0
2016-10-12 00:00:00+08:00,19.534206581834198,19.619138238786018,19.364343267930558,19.576671600341797,178001,0.0,0.0
2016-10-13 00:00:00+08:00,19.576671979714387,19.576671979714387,19.27941360452743,19.364343643188477,122298,0.0,0.0
2016-10-14 00:00:00+08:00,19.27941204020675,19.27941204020675,18.854755401611328,18.854755401611328,226437,0.0,0.0
2016-10-17 00:00:00+08:00,18.854755401611328,18.939685433381197,18.727357114083485,18.854755401611328,115567,0.0,0.0
2016-10-18 00:00:00+08:00,18.854755401611328,18.854755401611328,18.76982374990494,18.854755401611328,53074,0.0,0.0
2016-10-19 00:00:00+08:00,18.727357477877714,18.89722078459022,18.599960807811605,18.642427444458008,198598,0.0,0.0
2016-10-20 00:00:00+08:00,18.769824114524116,18.769824114524116,18.642427444458008,18.642427444458008,40467,0.0,0.0
2016-10-21 00:00:00+08:00,18.684892098198553,18.939685433381197,18.642427082313617,18.854755401611328,54390,0.0,0.0
2016-10-24 00:00:00+08:00,18.76982374990494,18.854755401611328,18.727357114083485,18.854755401611328,17399,0.0,0.0
2016-10-25 00:00:00+08:00,18.812288765789873,18.939685433381197,18.76982374990494,18.854755401611328,50009,0.0,0.0
2016-10-26 00:00:00+08:00,18.854757498313734,18.939687539528066,18.854757498313734,18.8972225189209,37680,0.0,0.0
2016-10-27 00:00:00+08:00,18.897220417496264,18.939685433381197,18.854755401611328,18.854755401611328,26075,0.0,0.0
2016-10-28 00:00:00+08:00,18.854755401611328,19.024617085087584,18.76982374990494,18.854755401611328,33008,0.0,0.0
2016-10-31 00:00:00+08:00,18.812288765789873,18.939685433381197,18.76982374990494,18.854755401611328,40014,0.0,0.0
2016-11-01 00:00:00+08:00,18.76982413457578,18.939685821533203,18.76982413457578,18.939685821533203,18004,0.0,0.0
2016-11-02 00:00:00+08:00,18.93968531185768,18.93968531185768,18.599960327148438,18.599960327148438,50003,0.0,0.0
2016-11-03 00:00:00+08:00,18.430099376441532,18.59996106557145,18.090372758308554,18.175304412841797,134492,0.0,0.0
2016-11-04 00:00:00+08:00,18.260235700721577,18.387632369995117,18.175304047893704,18.387632369995117,40003,0.0,0.0
2016-11-07 00:00:00+08:00,18.43009967926954,18.51502971526171,18.43009967926954,18.472564697265625,16007,0.0,0.0
2016-11-08 00:00:00+08:00,18.430099870353832,18.515029907226562,18.345168213544486,18.515029907226562,43204,0.0,0.0
2016-11-09 00:00:00+08:00,18.345167721908286,18.345167721908286,18.00544272371188,18.175304412841797,92299,0.0,0.0
2016-11-10 00:00:00+08:00,18.430099870353832,18.515029907226562,18.17530489992579,18.515029907226562,68199,0.0,0.0
2016-11-11 00:00:00+08:00,18.21777229338261,18.345168973908617,18.090373992919922,18.090373992919922,68488,0.0,0.0
2016-11-14 00:00:00+08:00,18.217771530151367,18.26023654856874,17.83557988464854,18.217771530151367,55862,0.0,0.0
2016-11-15 00:00:00+08:00,18.175304891797378,18.26023654856874,18.090373235026014,18.217771530151367,22299,0.0,0.0
2016-11-16 00:00:00+08:00,18.26023515120386,18.59996013235524,18.26023515120386,18.5574951171875,47237,0.0,0.0
2016-11-17 00:00:00+08:00,18.642429540283707,18.684894561767578,18.345169530086423,18.684894561767578,75085,0.0,0.0
2016-11-18 00:00:00+08:00,18.59996013235524,18.684891782627204,18.51502848208327,18.5574951171875,56199,0.0,0.0
2016-11-21 00:00:00+08:00,18.599960327148438,18.599960327148438,18.430098644762072,18.599960327148438,57058,0.0,0.0
2016-11-22 00:00:00+08:00,18.515028675987,18.64242696269741,18.430098644762072,18.599960327148438,52006,0.0,0.0
2016-11-23 00:00:00+08:00,18.59996013235524,18.727356797794943,18.430098451747796,18.5574951171875,49049,0.0,0.0
2016-11-24 00:00:00+08:00,18.557496159902602,18.59996117745638,18.34516783226055,18.430099487304688,90016,0.0,0.0
2016-11-25 00:00:00+08:00,18.430098451747796,18.59996013235524,18.345166801475827,18.5574951171875,127080,0.0,0.0
2016-11-28 00:00:00+08:00,18.430099870353832,18.515029907226562,18.430099870353832,18.515029907226562,49298,0.0,0.0
2016-11-29 00:00:00+08:00,18.51502971526171,18.68489302711925,18.472564697265625,18.472564697265625,75705,0.0,0.0
2016-11-30 00:00:00+08:00,18.472563827963867,18.472563827963867,18.302700524099937,18.34516716003418,71299,0.0,0.0
2016-12-01 00:00:00+08:00,18.430099487304688,18.64242781494674,18.34516783226055,18.430099487304688,119720,0.0,0.0
2016-12-02 00:00:00+08:00,18.3876321760319,18.430098811966147,18.34516716003418,18.34516716003418,58799,0.0,0.0
2016-12-05 00:00:00+08:00,18.5574949918192,18.5574949918192,18.26023502784375,18.30270004272461,59699,0.0,0.0
2016-12-06 00:00:00+08:00,18.302701676617243,18.897221657641282,18.302701676617243,18.769824981689453,178015,0.0,0.0
2016-12-07 00:00:00+08:00,18.769824877654603,18.769824877654603,18.515029907226562,18.515029907226562,70005,0.0,0.0
2016-12-08 00:00:00+08:00,18.684891782627204,18.812288448066912,18.51502848208327,18.5574951171875,32799,0.0,0.0
2016-12-09 00:00:00+08:00,18.939684263210456,18.939684263210456,18.599959297311013,18.72735595703125,44003,0.0,0.0
2016-12-12 00:00:00+08:00,18.76982259022894,18.76982259022894,18.55749428404974,18.72735595703125,57250,0.0,0.0
2016-12-13 00:00:00+08:00,18.599962898863104,18.684894561767578,18.557497877379237,18.684894561767578,26011,0.0,0.0
2016-12-14 00:00:00+08:00,18.59996013235524,18.64242676745947,18.51502848208327,18.5574951171875,45299,0.0,0.0
2016-12-15 00:00:00+08:00,18.515029154455352,18.642427444458008,18.430099121035646,18.642427444458008,23494,0.0,0.0
2016-12-16 00:00:00+08:00,18.64242676745947,18.684891782627204,18.51502848208327,18.5574951171875,37360,0.0,0.0
2016-12-19 00:00:00+08:00,18.557496159902602,18.684892832500516,18.430099487304688,18.430099487304688,31005,0.0,0.0
2016-12-20 00:00:00+08:00,18.430099487304688,18.430099487304688,18.387632849814327,18.430099487304688,17153,0.0,0.0
2016-12-21 00:00:00+08:00,18.34516783226055,18.557496159902602,18.30270119477019,18.430099487304688,35178,0.0,0.0
2016-12-22 00:00:00+08:00,18.3876321760319,18.430098811966147,18.34516716003418,18.34516716003418,16100,0.0,0.0
2016-12-23 00:00:00+08:00,18.34516716003418,18.472563827963867,18.302700524099937,18.34516716003418,34999,0.0,0.0
2016-12-26 00:00:00+08:00,18.34516802334077,18.472564697265625,18.34516802334077,18.472564697265625,26500,0.0,0.0
2016-12-27 00:00:00+08:00,18.430098811966147,18.472563827963867,18.34516716003418,18.34516716003418,50005,0.0,0.0
2016-12-28 00:00:00+08:00,18.387632369995117,18.387632369995117,18.302700717167244,18.387632369995117,36299,0.0,0.0
2016-12-29 00:00:00+08:00,18.387633416637392,18.387633416637392,18.175305082450038,18.260236740112305,104332,0.0,0.0
2016-12-30 00:00:00+08:00,18.30270175897512,18.30270175897512,18.217771721249488,18.260236740112305,35109,0.0,0.0
2017-01-03 00:00:00+08:00,18.30270175897512,18.387633416637392,18.217771721249488,18.260236740112305,55252,0.0,0.0
2017-01-04 00:00:00+08:00,18.260235508102213,18.430098811966147,18.260235508102213,18.34516716003418,47058,0.0,0.0
2017-01-05 00:00:00+08:00,18.472563660374536,18.599960327148438,18.3876320092131,18.599960327148438,125099,0.0,0.0
2017-01-06 00:00:00+08:00,18.557496545599545,18.59996156403591,18.430099870353832,18.515029907226562,117379,0.0,0.0
2017-01-09 00:00:00+08:00,18.55749581092659,19.109549128427176,18.55749581092659,18.939685821533203,304462,0.0,0.0
2017-01-10 00:00:00+08:00,18.684894561767578,18.684894561767578,18.387634551570294,18.684894561767578,147999,0.0,0.0
2017-01-11 00:00:00+08:00,18.515028675987,18.684891978309874,18.472563660374536,18.599960327148438,41003,0.0,0.0
2017-01-12 00:00:00+08:00,18.472564697265625,18.59996137119048,18.43009967926954,18.472564697265625,86299,0.0,0.0
2017-01-13 00:00:00+08:00,18.515029907226562,18.557496545599545,18.515029907226562,18.515029907226562,23004,0.0,0.0
2017-01-16 00:00:00+08:00,18.51502848208327,18.769823432899173,18.51502848208327,18.5574951171875,39699,0.0,0.0
2017-01-17 00:00:00+08:00,18.5574951171875,18.59996013235524,18.51502848208327,18.5574951171875,37058,0.0,0.0
2017-01-18 00:00:00+08:00,18.472563660374536,18.599960327148438,18.472563660374536,18.599960327148438,16012,0.0,0.0
2017-01-19 00:00:00+08:00,18.515031235958634,18.684894561767578,18.472566214474764,18.684894561767578,64509,0.0,0.0
2017-01-20 00:00:00+08:00,18.684891978309874,18.72735699392234,18.515028675987,18.599960327148438,23428,0.0,0.0
2017-01-23 00:00:00+08:00,18.599962898863104,18.769826224672048,18.599962898863104,18.684894561767578,47619,0.0,0.0
2017-01-24 00:00:00+08:00,18.769824114524116,18.769824114524116,18.472564137745497,18.642427444458008,93499,0.0,0.0
2017-02-02 00:00:00+08:00,18.897220098338877,18.897220098338877,18.430098451747796,18.5574951171875,69029,0.0,0.0
2017-02-03 00:00:00+08:00,18.55749581092659,19.06708411167196,18.55749581092659,18.939685821533203,167015,0.0,0.0
2017-02-06 00:00:00+08:00,18.982151583366996,18.982151583366996,18.812288284301758,18.812288284301758,110024,0.0,0.0
2017-02-07 00:00:00+08:00,18.8972225189209,18.8972225189209,18.684894176011674,18.8972225189209,108030,0.0,0.0
2017-02-08 00:00:00+08:00,18.769822573407353,19.449272504597314,18.769822573407353,19.2369441986084,293384,0.0,0.0
2017-02-09 00:00:00+08:00,19.279413118169128,19.406809792883532,18.769824799374902,19.02461814880371,177731,0.0,0.0
2017-02-10 00:00:00+08:00,18.854754370867287,19.024616045057616,18.854754370867287,18.98215103149414,197487,0.0,0.0
2017-02-13 00:00:00+08:00,18.854754370867287,19.15201270568447,18.854754370867287,18.98215103149414,112050,0.0,0.0
2017-02-14 00:00:00+08:00,19.024618816637666,19.19448213551077,19.024618816637666,19.10955047607422,64199,0.0,0.0
2017-02-15 00:00:00+08:00,19.321876689107963,19.321876689107963,19.024616723749773,19.06708335876465,133199,0.0,0.0
2017-02-16 00:00:00+08:00,19.06708267855752,19.06708267855752,18.897219384430763,18.98215103149414,103030,0.0,0.0
2017-02-17 00:00:00+08:00,18.98215342212515,19.32187843322754,18.98215342212515,19.32187843322754,163599,0.0,0.0
2017-02-20 00:00:00+08:00,19.40681028245565,19.66160363831208,19.364343643188477,19.364343643188477,239230,0.0,0.0
2017-02-21 00:00:00+08:00,19.449274917166235,19.449274917166235,19.2794132232666,19.2794132232666,81171,0.0,0.0
2017-02-22 00:00:00+08:00,19.36434307814204,19.61913804650027,19.27941304195923,19.53420639038086,178017,0.0,0.0
2017-02-23 00:00:00+08:00,19.534206574084358,19.534206574084358,19.2794132232666,19.2794132232666,88561,0.0,0.0
2017-02-24 00:00:00+08:00,19.2794132232666,19.36434326024811,19.109549909430353,19.2794132232666,148431,0.0,0.0
2017-03-01 00:00:00+08:00,19.27941379494732,19.27941379494732,19.10955047607422,19.10955047607422,71270,0.0,0.0
2017-03-02 00:00:00+08:00,19.40680989867548,19.491741555593606,19.109549909430353,19.2794132232666,201299,0.0,0.0
2017-03-03 00:00:00+08:00,19.194481566348475,19.2794132232666,19.194481566348475,19.2794132232666,35005,0.0,0.0
2017-03-06 00:00:00+08:00,19.321877082329966,19.44927375009429,19.152013778686523,19.152013778686523,83259,0.0,0.0
2017-03-07 00:00:00+08:00,19.152015495824163,19.19448213551077,19.067085456324275,19.10955047607422,100079,0.0,0.0
2017-03-08 00:00:00+08:00,19.067084225036446,19.44927423791539,19.067084225036446,19.194480895996094,160299,0.0,0.0
2017-03-09 00:00:00+08:00,19.194479339184376,19.279410986247754,18.939684397994238,18.98215103149414,156199,0.0,0.0
2017-03-10 00:00:00+08:00,19.024618816637666,19.152015495824163,18.81229047801462,19.10955047607422,152399,0.0,0.0
2017-03-13 00:00:00+08:00,19.109547692120994,19.109547692120994,18.812287737367384,18.98215103149414,106144,0.0,0.0
2017-03-14 00:00:00+08:00,18.98215418007193,19.19448252298115,18.8972225189209,18.8972225189209,126198,0.0,0.0
2017-03-15 00:00:00+08:00,19.024617588092188,19.23694591300379,18.98215257108449,19.194480895996094,84314,0.0,0.0
2017-03-16 00:00:00+08:00,19.1944811968964,19.87393119929023,19.1944811968964,19.491741180419922,407435,0.0,0.0
2017-03-17 00:00:00+08:00,19.534207058626528,19.619138717651367,19.449275399601692,19.619138717651367,281582,0.0,0.0
2017-03-20 00:00:00+08:00,19.57667207817062,19.958863733814063,19.57667207817062,19.619138717651367,161101,0.0,0.0
2017-03-21 00:00:00+08:00,19.873931394921904,19.873931394921904,19.53420639038086,19.53420639038086,172391,0.0,0.0
2017-03-22 00:00:00+08:00,19.449275213638426,19.958863542978392,19.406810194500363,19.873931884765625,248243,0.0,0.0
2017-03-23 00:00:00+08:00,19.873930843969358,20.043794151499167,19.788999190204457,20.001327514648438,197589,0.0,0.0
2017-03-24 00:00:00+08:00,19.95886335092968,19.95886335092968,19.74653501740915,19.831466674804688,200598,0.0,0.0
2017-03-27 00:00:00+08:00,19.831466571197257,19.95886324665668,19.534206581834198,19.576671600341797,107357,0.0,0.0
2017-03-28 00:00:00+08:00,19.619137853376692,19.619137853376692,19.279412852179778,19.491741180419922,217507,0.0,0.0
2017-03-29 00:00:00+08:00,19.491742611186172,19.576672652767144,19.321879288150825,19.449275970458984,197561,0.0,0.0
2017-03-30 00:00:00+08:00,19.746534720711086,19.746534720711086,19.321878060050633,19.53420639038086,160454,0.0,0.0
2017-03-31 00:00:00+08:00,19.534206581834198,19.78899993275304,19.491741563326595,19.576671600341797,205669,0.0,0.0
2017-04-05 00:00:00+08:00,19.61913804650027,19.78899973880249,19.53420639038086,19.53420639038086,109190,0.0,0.0
2017-04-06 00:00:00+08:00,19.661602871050086,19.661602871050086,19.491741180419922,19.491741180419922,125064,0.0,0.0
2017-04-07 00:00:00+08:00,19.53420639038086,19.576671408472265,19.406809716170045,19.53420639038086,118042,0.0,0.0
2017-04-10 00:00:00+08:00,19.534206574084358,19.534206574084358,19.2794132232666,19.2794132232666,134799,0.0,0.0
2017-04-11 00:00:00+08:00,19.364342583963438,19.44927423791539,19.10954924204414,19.194480895996094,121620,0.0,0.0
2017-04-12 00:00:00+08:00,19.194480023936304,19.194480023936304,18.982151708671385,19.06708335876465,266150,0.0,0.0
2017-04-13 00:00:00+08:00,19.06708335876465,19.236945039014696,18.982151708671385,19.06708335876465,131499,0.0,0.0
2017-04-14 00:00:00+08:00,19.109550861830122,19.19448252298115,18.854757498313734,18.8972225189209,100299,0.0,0.0
2017-04-17 00:00:00+08:00,18.93968649234857,19.10954980525885,18.854756455830042,19.02461814880371,128099,0.0,0.0
2017-04-18 00:00:00+08:00,18.939685433381197,19.06708372090904,18.812288765789873,18.854755401611328,119212,0.0,0.0
2017-04-19 00:00:00+08:00,18.854755401611328,19.06708372090904,18.812288765789873,18.854755401611328,136317,0.0,0.0
2017-04-20 00:00:00+08:00,18.812288765789873,18.939685433381197,18.812288765789873,18.854755401611328,64099,0.0,0.0
2017-04-21 00:00:00+08:00,19.024619200679094,19.06708584122296,18.8972225189209,18.8972225189209,134210,0.0,0.0
2017-04-24 00:00:00+08:00,18.897219384430763,18.98215103149414,18.854754370867287,18.98215103149414,56499,0.0,0.0
2017-04-25 00:00:00+08:00,19.02461814880371,19.10954980525885,18.93968649234857,19.02461814880371,74099,0.0,0.0
2017-04-26 00:00:00+08:00,19.10955047607422,19.152015495824163,19.024618816637666,19.10955047607422,39599,0.0,0.0
2017-04-27 00:00:00+08:00,19.10954980525885,19.152014823518115,19.02461814880371,19.02461814880371,82005,0.0,0.0
2017-04-28 00:00:00+08:00,19.067083746801323,19.236945430508246,19.0246171109222,19.152013778686523,125368,0.0,0.0
2017-05-02 00:00:00+08:00,19.194480414565646,19.364342098272566,19.152013778686523,19.152013778686523,28444,0.0,0.0
2017-05-03 00:00:00+08:00,19.53420430750146,19.53420430750146,18.98215103149414,18.98215103149414,94661,0.0,0.0
2017-05-04 00:00:00+08:00,19.024616723749773,19.06708335876465,18.854755043499726,19.06708335876465,40336,0.0,0.0
2017-05-05 00:00:00+08:00,19.06708584122296,19.06708584122296,18.854757498313734,18.8972225189209,34008,0.0,0.0
2017-05-08 00:00:00+08:00,19.06708372090904,19.06708372090904,18.76982374990494,18.854755401611328,48507,0.0,0.0
2017-05-09 00:00:00+08:00,18.854755280632748,18.854755280632748,18.515028675987,18.599960327148438,136400,0.0,0.0
2017-05-10 00:00:00+08:00,18.51502848208327,18.64242676745947,18.51502848208327,18.5574951171875,51599,0.0,0.0
2017-05-11 00:00:00+08:00,18.897220098338877,18.897220098338877,18.51502848208327,18.5574951171875,44302,0.0,0.0
2017-05-12 00:00:00+08:00,18.175305653249488,18.302702333775493,17.708183951341905,18.090373992919922,358525,0.0,0.0
2017-05-15 00:00:00+08:00,17.835579225141196,18.2177708565117,17.835579225141196,18.13283920288086,71003,0.0,0.0
2017-05-16 00:00:00+08:00,18.132839768246342,18.132839768246342,17.920511437517312,17.962976455688477,129001,0.0,0.0
2017-05-17 00:00:00+08:00,17.920511914458718,18.17530527014005,17.920511914458718,18.005443572998047,89004,0.0,0.0
2017-05-18 00:00:00+08:00,17.920512103772488,18.175305462145477,17.920512103772488,18.047908782958984,169620,0.0,0.0
2017-05-19 00:00:00+08:00,18.00544376320904,18.175305462145477,18.00544376320904,18.047908782958984,172062,0.0,0.0
2017-05-22 00:00:00+08:00,18.132840633053046,18.132840633053046,18.04790897272348,18.090373992919922,47465,0.0,0.0
2017-05-23 00:00:00+08:00,18.090373130138573,18.175304786417506,17.962976455688477,17.962976455688477,174907,0.0,0.0
2017-05-24 00:00:00+08:00,18.26023692867938,18.26023692867938,17.920511914458718,18.005443572998047,205282,0.0,0.0
2017-05-25 00:00:00+08:00,18.09037380270893,18.217772101832086,18.047908782958984,18.047908782958984,38302,0.0,0.0
2017-05-26 00:00:00+08:00,18.26023587335884,18.26023587335884,18.090372566097162,18.13283920288086,53001,0.0,0.0
2017-05-31 00:00:00+08:00,18.175304891797378,18.302701566986116,18.132839873380004,18.217771530151367,108428,0.0,0.0
2017-06-01 00:00:00+08:00,18.132839873380004,18.217771530151367,18.132839873380004,18.217771530151367,55003,0.0,0.0
2017-06-02 00:00:00+08:00,18.175304219728,18.2177708565117,18.047907549250017,18.13283920288086,184674,0.0,0.0
2017-06-05 00:00:00+08:00,18.132839031448036,18.47256402282299,18.132839031448036,18.387632369995117,78162,0.0,0.0
2017-06-06 00:00:00+08:00,18.30270108467338,18.387632739206623,18.175304412841797,18.175304412841797,103398,0.0,0.0
2017-06-07 00:00:00+08:00,18.175303378145554,18.59996000670006,18.175303378145554,18.30270004272461,141457,0.0,0.0
2017-06-08 00:00:00+08:00,18.345168205340105,18.43009986211147,18.217771530151367,18.217771530151367,39397,0.0,0.0
2017-06-09 00:00:00+08:00,18.217771050076706,18.430099376441532,18.13283939554346,18.175304412841797,107500,0.0,0.0
2017-06-12 00:00:00+08:00,18.175304412841797,18.30270108467338,18.175304412841797,18.175304412841797,64199,0.0,0.0
2017-06-13 00:00:00+08:00,18.26023654856874,18.345168205340105,18.090373235026014,18.217771530151367,60000,0.0,0.0
2017-06-14 00:00:00+08:00,18.43010063423818,18.43010063423818,18.04790897272348,18.090373992919922,71698,0.0,0.0
2017-06-15 00:00:00+08:00,18.090372566097162,18.13283920288086,18.005442532402874,18.13283920288086,43002,0.0,0.0
2017-06-16 00:00:00+08:00,18.132840633053046,18.132840633053046,18.00544395252704,18.090373992919922,127007,0.0,0.0
2017-06-19 00:00:00+08:00,18.13284006358722,18.260236740112305,18.047908405924954,18.260236740112305,55309,0.0,0.0
2017-06-20 00:00:00+08:00,18.34516716003418,18.34516716003418,18.17530385617025,18.34516716003418,43997,0.0,0.0
2017-06-21 00:00:00+08:00,18.17530385617025,18.34516716003418,18.17530385617025,18.34516716003418,24071,0.0,0.0
2017-06-22 00:00:00+08:00,18.345166677541947,18.345166677541947,18.26023502784375,18.30270004272461,102100,0.0,0.0
2017-06-23 00:00:00+08:00,18.26023731357905,18.302702333775493,18.090373992919922,18.090373992919922,164050,0.0,0.0
2017-06-26 00:00:00+08:00,18.345167721908286,18.430099376441532,18.175304412841797,18.175304412841797,64050,0.0,0.0
2017-06-27 00:00:00+08:00,18.38763322375748,18.43009986211147,18.217771530151367,18.217771530151367,81898,0.0,0.0
2017-06-28 00:00:00+08:00,18.26023502784375,18.430098327240145,18.26023502784375,18.30270004272461,175099,0.0,0.0
2017-06-29 00:00:00+08:00,18.387632369995117,18.430099006377326,18.260235700721577,18.387632369995117,31199,0.0,0.0
2017-06-30 00:00:00+08:00,18.3876321760319,18.3876321760319,18.260235508102213,18.34516716003418,28108,0.0,0.0
2017-07-03 00:00:00+08:00,18.345169530086423,18.684894561767578,18.30270288866582,18.684894561767578,127399,0.0,0.0
2017-07-04 00:00:00+08:00,18.59996117745638,18.59996117745638,18.430099487304688,18.430099487304688,33099,0.0,0.0
2017-07-05 00:00:00+08:00,18.430099487304688,18.557496159902602,18.430099487304688,18.430099487304688,28000,0.0,0.0
2017-07-06 00:00:00+08:00,18.557495791101754,18.642427444458008,18.345167467679392,18.642427444458008,103497,0.0,0.0
2017-07-07 00:00:00+08:00,18.38763323198085,18.515029907226562,18.302701575171504,18.515029907226562,26099,0.0,0.0
2017-07-10 00:00:00+08:00,18.387633416637392,18.47256507429966,18.260236740112305,18.260236740112305,42099,0.0,0.0
2017-07-11 00:00:00+08:00,18.26023692867938,18.26023692867938,18.005443572998047,18.005443572998047,273898,0.0,0.0
2017-07-12 00:00:00+08:00,18.04790897272348,18.090373992919922,18.00544395252704,18.090373992919922,54614,0.0,0.0
2017-07-13 00:00:00+08:00,18.090373992919922,18.26023731357905,18.090373992919922,18.090373992919922,69199,0.0,0.0
2017-07-14 00:00:00+08:00,18.30270108467338,18.345167721908286,18.13283939554346,18.175304412841797,103251,0.0,0.0
2017-07-17 00:00:00+08:00,18.260236740112305,18.34516839777457,18.217771721249488,18.260236740112305,58471,0.0,0.0
2017-07-18 00:00:00+08:00,18.30270175897512,18.30270175897512,18.217771721249488,18.260236740112305,31501,0.0,0.0
2017-07-19 00:00:00+08:00,18.26023654856874,18.302701566986116,18.217771530151367,18.217771530151367,299625,0.0,0.0
2017-07-20 00:00:00+08:00,18.26023654856874,18.345168205340105,18.217771530151367,18.217771530151367,163200,0.0,0.0
2017-07-21 00:00:00+08:00,18.26023654856874,18.302701566986116,18.217771530151367,18.217771530151367,118598,0.0,0.0
2017-07-24 00:00:00+08:00,18.217772101832086,18.217772101832086,18.047908782958984,18.047908782958984,270299,0.0,0.0
2017-07-25 00:00:00+08:00,18.047908181562207,18.260236513109998,18.047908181562207,17.156129837036133,381734,0.0,0.0
2017-07-26 00:00:00+08:00,18.239673613596818,18.60085491122038,18.239673613596818,18.465412139892578,291698,1.2,0.0
2017-07-27 00:00:00+08:00,18.51055908203125,18.51055908203125,18.32996757281944,18.51055908203125,337484,0.0,0.0
2017-07-28 00:00:00+08:00,18.51055908203125,18.600854836637154,18.32996757281944,18.51055908203125,119499,0.0,0.0
2017-07-31 00:00:00+08:00,18.420263327425346,18.555706098210067,18.32996757281944,18.51055908203125,62399,0.0,0.0
2017-08-01 00:00:00+08:00,18.510559044829705,18.600854799254137,18.420263290405273,18.420263290405273,51099,0.0,0.0
2017-08-02 00:00:00+08:00,18.46541199126519,18.46541199126519,18.329967498779297,18.329967498779297,68001,0.0,0.0
2017-08-03 00:00:00+08:00,18.37511631124653,18.51055908203125,18.284820556640625,18.284820556640625,81605,0.0,0.0
2017-08-04 00:00:00+08:00,18.55570617261226,18.55570617261226,18.28482062995666,18.465412139892578,97358,0.0,0.0
2017-08-07 00:00:00+08:00,18.329967498779297,18.46541199126519,18.28482048278284,18.329967498779297,100499,0.0,0.0
2017-08-08 00:00:00+08:00,18.510559007261644,18.510559007261644,18.329967498779297,18.329967498779297,95075,0.0,0.0
2017-08-09 00:00:00+08:00,18.329967498779297,18.42026325302047,18.28482048278284,18.329967498779297,76001,0.0,0.0
2017-08-10 00:00:00+08:00,18.14937577132949,18.14937577132949,17.33671751457553,17.51730728149414,392763,0.0,0.0
2017-08-11 00:00:00+08:00,17.562457890628504,17.788196415072324,17.427013398163602,17.652751922607422,99030,0.0,0.0
2017-08-14 00:00:00+08:00,17.697900660845143,17.83334343106178,17.652751922607422,17.652751922607422,178155,0.0,0.0
2017-08-15 00:00:00+08:00,17.788196452566286,17.788196452566286,17.65275195981589,17.7430477142334,14100,0.0,0.0
2017-08-16 00:00:00+08:00,17.74304778836798,17.74304778836798,17.472162246231907,17.697900772094727,61500,0.0,0.0
2017-08-17 00:00:00+08:00,17.788196452566286,17.788196452566286,17.65275195981589,17.7430477142334,62029,0.0,0.0
2017-08-18 00:00:00+08:00,17.788196563720703,17.788196563720703,17.607605053757215,17.788196563720703,68174,0.0,0.0
2017-08-21 00:00:00+08:00,17.788196563720703,17.788196563720703,17.697900808738957,17.788196563720703,66099,0.0,0.0
2017-08-22 00:00:00+08:00,17.833343505859375,18.104229047428817,17.833343505859375,18.05908203125,68001,0.0,0.0
2017-08-23 00:00:00+08:00,18.059081994043897,18.059081994043897,17.87849048520415,17.968786239624023,69352,0.0,0.0
2017-08-24 00:00:00+08:00,18.059082105475706,18.14937786045274,17.96878635049867,18.013935089111328,66105,0.0,0.0
2017-08-25 00:00:00+08:00,18.05908210455707,18.239673614501953,17.96878634958463,18.239673614501953,81581,0.0,0.0
2017-08-28 00:00:00+08:00,18.37511623609855,18.37511623609855,18.05908195739449,18.104228973388672,32506,0.0,0.0
2017-08-29 00:00:00+08:00,18.104229047428817,18.149377785855904,18.05908203125,18.05908203125,56999,0.0,0.0
2017-08-30 00:00:00+08:00,18.104229047428817,18.149377785855904,18.05908203125,18.05908203125,43736,0.0,0.0
2017-08-31 00:00:00+08:00,18.05908210455707,18.375116385836478,18.05908210455707,18.239673614501953,87101,0.0,0.0
2017-09-01 00:00:00+08:00,18.239673503804674,18.420263290405273,18.149377749380243,18.420263290405273,94504,0.0,0.0
2017-09-04 00:00:00+08:00,18.51055915625242,18.51055915625242,18.375116384924617,18.465412139892578,46899,0.0,0.0
2017-09-05 00:00:00+08:00,18.420263364085997,18.646001889925895,18.420263364085997,18.600854873657227,138126,0.0,0.0
2017-09-06 00:00:00+08:00,18.51055915625242,18.51055915625242,18.3299676463165,18.465412139892578,85503,0.0,0.0
2017-09-07 00:00:00+08:00,18.465412139892578,18.73629768254818,18.3299676463165,18.465412139892578,54119,0.0,0.0
2017-09-08 00:00:00+08:00,18.46541202874162,18.510559044829705,18.420263290405273,18.420263290405273,22848,0.0,0.0
2017-09-11 00:00:00+08:00,18.104228973388672,18.37511623609855,17.968786203157865,18.104228973388672,131125,0.0,0.0
2017-09-12 00:00:00+08:00,18.059082105475706,18.14937786045274,17.923639334134293,18.013935089111328,189499,0.0,0.0
2017-09-13 00:00:00+08:00,17.968786239624023,18.059081994043897,17.87849048520415,17.968786239624023,105568,0.0,0.0
2017-09-14 00:00:00+08:00,18.013935089111328,18.013935089111328,17.96878635049867,18.013935089111328,39031,0.0,0.0
2017-09-15 00:00:00+08:00,18.013935052277755,18.013935052277755,17.833343542692948,17.92363929748535,99000,0.0,0.0
2017-09-18 00:00:00+08:00,17.923639186238162,17.96878620223001,17.788196416014348,17.878490447998047,58199,0.0,0.0
2017-09-19 00:00:00+08:00,18.013934940470122,18.013934940470122,17.878490447998047,17.878490447998047,49099,0.0,0.0
2017-09-20 00:00:00+08:00,17.96878620223001,17.96878620223001,17.878490447998047,17.878490447998047,61401,0.0,0.0
2017-09-21 00:00:00+08:00,17.92363929748535,18.05908206854982,17.878490558965012,17.92363929748535,117175,0.0,0.0
2017-09-22 00:00:00+08:00,18.013934977958094,18.059081994043897,17.87849048520415,17.968786239624023,77114,0.0,0.0
2017-09-25 00:00:00+08:00,17.9687863142308,18.05908206902558,17.697900772094727,17.697900772094727,101498,0.0,0.0
2017-09-26 00:00:00+08:00,17.833343543162762,18.05908206902558,17.697900772094727,17.697900772094727,120298,0.0,0.0
2017-09-27 00:00:00+08:00,17.96878623915303,17.96878623915303,17.7430477142334,17.7430477142334,35002,0.0,0.0
2017-09-28 00:00:00+08:00,17.788196452566286,17.878490484735522,17.7430477142334,17.7430477142334,43075,0.0,0.0
2017-09-29 00:00:00+08:00,17.7430477142334,17.92363922306841,17.69790069814878,17.7430477142334,50052,0.0,0.0
2017-10-02 00:00:00+08:00,17.833343580087437,17.878490596454167,17.74304782510569,17.788196563720703,81128,0.0,0.0
2017-10-03 00:00:00+08:00,18.013935052277755,18.013935052277755,17.788196526420883,17.92363929748535,47200,0.0,0.0
2017-10-05 00:00:00+08:00,17.92364117747141,17.968788198478883,17.833345413208008,17.833345413208008,96397,0.0,0.0
2017-10-06 00:00:00+08:00,17.788198392200535,17.833345413208008,17.652753884681204,17.833345413208008,122530,0.0,0.0
2017-10-11 00:00:00+08:00,17.697900735074654,17.74304775125347,17.562457964289933,17.60760498046875,75422,0.0,0.0
2017-10-12 00:00:00+08:00,17.51731122789097,17.51731122789097,17.291572676701012,17.336721420288086,224676,0.0,0.0
2017-10-13 00:00:00+08:00,17.336721420288086,17.51731122789097,17.291572676701012,17.336721420288086,66162,0.0,0.0
2017-10-16 00:00:00+08:00,17.29157262287883,17.29157262287883,17.156129837036133,17.156129837036133,105471,0.0,0.0
2017-10-17 00:00:00+08:00,17.1561278929574,17.427013433946897,17.1561278929574,17.29157066345215,110837,0.0,0.0
2017-10-18 00:00:00+08:00,17.29157262287883,17.427015408721527,17.156129837036133,17.156129837036133,130173,0.0,0.0
2017-10-19 00:00:00+08:00,17.246423721313477,17.38186649238893,17.246423721313477,17.246423721313477,67465,0.0,0.0
2017-10-20 00:00:00+08:00,17.246425601680752,17.33672136632537,17.156129837036133,17.156129837036133,148132,0.0,0.0
2017-10-23 00:00:00+08:00,17.156127855841685,17.291570626043413,17.156127855841685,17.201274871826172,95710,0.0,0.0
2017-10-24 00:00:00+08:00,17.29157066345215,17.336719401782577,17.246423647369987,17.29157066345215,71984,0.0,0.0
2017-10-25 00:00:00+08:00,17.291572519532235,17.47216404774213,17.291572519532235,17.42701530456543,104000,0.0,0.0
2017-10-26 00:00:00+08:00,17.517309225862846,17.517309225862846,17.381866455078125,17.381866455078125,122012,0.0,0.0
2017-10-27 00:00:00+08:00,17.517309262978575,17.517309262978575,17.42701350818135,17.4721622467041,56199,0.0,0.0
2017-10-30 00:00:00+08:00,17.42701347125694,17.42701347125694,17.1561279296875,17.381866455078125,118499,0.0,0.0
2017-10-31 00:00:00+08:00,17.381868283637182,17.51731106867038,17.291572519532235,17.42701530456543,139101,0.0,0.0
2017-11-01 00:00:00+08:00,17.42701347125694,17.517309225862846,17.381866455078125,17.381866455078125,109314,0.0,0.0
2017-11-02 00:00:00+08:00,17.38186649238893,17.427013508664658,17.201274982789478,17.246423721313477,101278,0.0,0.0
2017-11-03 00:00:00+08:00,17.246423721313477,17.291570737589204,17.201274982789478,17.246423721313477,92110,0.0,0.0
2017-11-06 00:00:00+08:00,17.246423721313477,17.38186649238893,17.201274982789478,17.246423721313477,82010,0.0,0.0
2017-11-07 00:00:00+08:00,17.24642565536241,17.336721420288086,17.15612989043673,17.336721420288086,114298,0.0,0.0
2017-11-08 00:00:00+08:00,17.20127490903956,17.29157066345215,17.1561278929574,17.29157066345215,124799,0.0,0.0
2017-11-09 00:00:00+08:00,17.20127685823421,17.33672136632537,17.110982815838053,17.156129837036133,174000,0.0,0.0
2017-11-10 00:00:00+08:00,17.156129837036133,17.29157262287883,17.110982815838053,17.156129837036133,70874,0.0,0.0
2017-11-13 00:00:00+08:00,17.156127967002163,17.156127967002163,16.975536457397567,17.02068519592285,121451,0.0,0.0
2017-11-14 00:00:00+08:00,17.02068519592285,17.156127967002163,16.975536457397567,17.02068519592285,89100,0.0,0.0
2017-11-15 00:00:00+08:00,17.02068523255221,17.156128003922998,17.02068523255221,17.110980987548828,95175,0.0,0.0
2017-11-16 00:00:00+08:00,17.110980876875242,17.427013433946897,17.110980876875242,17.29157066345215,143059,0.0,0.0
2017-11-17 00:00:00+08:00,17.33671943889931,17.60760498046875,17.33671943889931,17.60760498046875,200363,0.0,0.0
2017-11-20 00:00:00+08:00,17.60760498046875,17.60760498046875,17.381866455078125,17.381866455078125,57001,0.0,0.0
2017-11-21 00:00:00+08:00,17.42701347125694,17.42701347125694,17.381866455078125,17.381866455078125,86510,0.0,0.0
2017-11-22 00:00:00+08:00,17.381866380260654,17.381866380260654,17.201274871826172,17.201274871826172,83503,0.0,0.0
2017-11-23 00:00:00+08:00,17.29157066345215,17.336719401782577,17.20127490903956,17.29157066345215,40195,0.0,0.0
2017-11-24 00:00:00+08:00,17.38186844162669,17.427015462965294,17.24642565536241,17.336721420288086,61701,0.0,0.0
2017-11-27 00:00:00+08:00,17.33672136632537,17.33672136632537,17.156129837036133,17.156129837036133,63112,0.0,0.0
2017-11-28 00:00:00+08:00,17.29157066345215,17.427013433946897,17.246423647369987,17.29157066345215,102009,0.0,0.0
2017-11-29 00:00:00+08:00,17.336719476113206,17.336719476113206,17.246423721313477,17.246423721313477,84654,0.0,0.0
2017-11-30 00:00:00+08:00,17.201275020297167,17.201275020297167,17.110980987548828,17.110980987548828,136006,0.0,0.0
2017-12-01 00:00:00+08:00,17.110982815838053,17.246425601680752,17.020687051193434,17.156129837036133,90002,0.0,0.0
2017-12-04 00:00:00+08:00,17.15612796651375,17.38186649238893,17.15612796651375,17.246423721313477,49798,0.0,0.0
2017-12-05 00:00:00+08:00,17.427013546664575,17.427013546664575,17.110980987548828,17.110980987548828,116408,0.0,0.0
2017-12-06 00:00:00+08:00,17.156127967002163,17.156127967002163,16.885242424843543,17.02068519592285,102217,0.0,0.0
2017-12-07 00:00:00+08:00,16.975536457397567,17.156127967002163,16.975536457397567,17.02068519592285,129091,0.0,0.0
2017-12-08 00:00:00+08:00,17.02068519592285,17.156127967002163,16.975536457397567,17.02068519592285,105000,0.0,0.0
2017-12-11 00:00:00+08:00,17.110982869098127,17.427015462965294,17.020687104172453,17.336721420288086,239000,0.0,0.0
2017-12-12 00:00:00+08:00,17.427013546664575,17.427013546664575,17.110980987548828,17.110980987548828,61299,0.0,0.0
2017-12-13 00:00:00+08:00,17.11098087639067,17.156127892471552,16.97553638365149,17.065832138061523,77075,0.0,0.0
2017-12-14 00:00:00+08:00,16.97553638365149,17.156127892471552,16.97553638365149,17.065832138061523,58500,0.0,0.0
2017-12-15 00:00:00+08:00,17.0206869970872,17.0206869970872,16.97553825378418,16.97553825378418,68895,0.0,0.0
2017-12-18 00:00:00+08:00,16.975536457397567,17.156127967002163,16.930389441120553,17.02068519592285,95005,0.0,0.0
2017-12-19 00:00:00+08:00,17.02068515890278,17.065832175081596,16.930389404296875,16.930389404296875,336424,0.0,0.0
2017-12-20 00:00:00+08:00,16.97553825378418,17.065834018141764,16.97553825378418,16.97553825378418,44175,0.0,0.0
2017-12-21 00:00:00+08:00,17.065832138061523,17.156127892471552,17.02068512198064,17.065832138061523,420428,0.0,0.0
2017-12-22 00:00:00+08:00,17.110980987548828,17.24642375891962,17.06583224892638,17.110980987548828,95783,0.0,0.0
2017-12-25 00:00:00+08:00,17.110980987548828,17.156128003922998,17.02068523255221,17.110980987548828,250004,0.0,0.0
2017-12-26 00:00:00+08:00,17.201274945866317,17.201274945866317,16.930389404296875,16.930389404296875,160138,0.0,0.0
2017-12-27 00:00:00+08:00,17.065832212199865,17.065832212199865,16.975536457397567,17.02068519592285,29080,0.0,0.0
2017-12-28 00:00:00+08:00,17.02068519592285,17.065832212199865,17.02068519592285,17.02068519592285,58142,0.0,0.0
2017-12-29 00:00:00+08:00,17.02068523255221,17.24642375891962,17.02068523255221,17.110980987548828,229131,0.0,0.0
2018-01-02 00:00:00+08:00,17.110982815838053,17.33672136632537,17.110982815838053,17.156129837036133,99698,0.0,0.0
2018-01-03 00:00:00+08:00,17.336721262708934,17.652753853703576,17.336721262708934,17.42701530456543,226699,0.0,0.0
2018-01-04 00:00:00+08:00,17.607605017299942,17.697900772094727,17.427013507710377,17.697900772094727,148000,0.0,0.0
2018-01-05 00:00:00+08:00,17.788196417828786,18.510559007261644,17.788196417828786,18.329967498779297,909201,0.0,0.0
2018-01-08 00:00:00+08:00,18.375114347578805,18.78144261651045,18.194522857666016,18.194522857666016,416071,0.0,0.0
2018-01-09 00:00:00+08:00,18.284820594406693,18.329967610678757,17.878490558965012,17.92363929748535,152451,0.0,0.0
2018-01-10 00:00:00+08:00,17.92363922306841,17.92363922306841,17.69790069814878,17.7430477142334,131178,0.0,0.0
2018-01-11 00:00:00+08:00,17.743047677774236,17.923639186238162,17.291570628862686,17.878490447998047,399200,0.0,0.0
2018-01-12 00:00:00+08:00,18.05908384777251,18.962038040161133,17.968788084083958,18.962038040161133,922452,0.0,0.0
2018-01-15 00:00:00+08:00,19.187776611511968,19.503810923680675,18.736299514770508,18.736299514770508,759243,0.0,0.0
2018-01-16 00:00:00+08:00,18.78144462360069,18.78144462360069,18.51055908203125,18.51055908203125,248876,0.0,0.0
2018-01-17 00:00:00+08:00,18.51055915625242,18.51055915625242,18.3299676463165,18.465412139892578,156398,0.0,0.0
2018-01-18 00:00:00+08:00,18.555706023258097,18.600854761502816,18.329967498779297,18.329967498779297,135500,0.0,0.0
2018-01-19 00:00:00+08:00,18.32996757281944,18.420263327425346,18.23967354046181,18.284820556640625,105449,0.0,0.0
2018-01-22 00:00:00+08:00,18.239673614501953,18.329967647226116,18.194524875891595,18.239673614501953,77051,0.0,0.0
2018-01-23 00:00:00+08:00,18.284820556640625,18.420263327425346,18.05908203125,18.05908203125,81082,0.0,0.0
2018-01-24 00:00:00+08:00,18.05908203125,18.05908203125,17.968786276644096,18.05908203125,64794,0.0,0.0
2018-01-25 00:00:00+08:00,18.239673615429773,18.239673615429773,18.013935089111328,18.013935089111328,96498,0.0,0.0
2018-01-26 00:00:00+08:00,18.420263403135564,18.420263403135564,17.96878635049867,18.013935089111328,103305,0.0,0.0
2018-01-29 00:00:00+08:00,18.420263403135564,18.420263403135564,18.013935089111328,18.013935089111328,60754,0.0,0.0
2018-01-30 00:00:00+08:00,17.878490596454167,17.968786351435913,17.697900808738957,17.788196563720703,102005,0.0,0.0
2018-01-31 00:00:00+08:00,17.743047677774236,17.96878620223001,17.743047677774236,17.878490447998047,40058,0.0,0.0
2018-02-01 00:00:00+08:00,17.878490484735522,17.878490484735522,17.7430477142334,17.7430477142334,35289,0.0,0.0
2018-02-02 00:00:00+08:00,17.743047676834603,17.743047676834603,17.652751922607422,17.652751922607422,73130,0.0,0.0
2018-02-05 00:00:00+08:00,17.51730728149414,17.562456014909856,17.38186452574316,17.51730728149414,130004,0.0,0.0
2018-02-06 00:00:00+08:00,17.381866455078125,17.381866455078125,16.659503862727433,16.930389404296875,261080,0.0,0.0
2018-02-07 00:00:00+08:00,17.381866417372493,17.381866417372493,17.065832138061523,17.065832138061523,68075,0.0,0.0
2018-02-08 00:00:00+08:00,17.02068519592285,17.065832212199865,16.930389441120553,17.02068519592285,51002,0.0,0.0
2018-02-09 00:00:00+08:00,17.02068519592285,17.02068519592285,17.02068519592285,17.02068519592285,0,0.0,0.0
2018-02-12 00:00:00+08:00,16.65950576492115,16.74979980758862,16.65950576492115,16.704652786254883,59081,0.0,0.0
2018-02-21 00:00:00+08:00,16.74979793200562,16.975536457893828,16.70465091572729,16.794946670532227,174999,0.0,0.0
2018-02-22 00:00:00+08:00,16.74979986058019,16.97553841245997,16.74979986058019,16.885244369506836,62266,0.0,0.0
2018-02-23 00:00:00+08:00,17.02068715618501,17.065834177661575,16.79494860430523,16.885244369506836,86900,0.0,0.0
2018-02-26 00:00:00+08:00,16.885242424843543,17.02068519592285,16.885242424843543,17.02068519592285,23550,0.0,0.0
2018-02-27 00:00:00+08:00,17.065834072391514,17.29157262287883,16.930391286548815,17.156129837036133,89603,0.0,0.0
2018-03-01 00:00:00+08:00,17.156129837036133,17.29157262287883,17.156129837036133,17.156129837036133,31070,0.0,0.0
2018-03-02 00:00:00+08:00,17.156129837036133,17.246425601680752,17.065834072391514,17.156129837036133,20031,0.0,0.0
2018-03-05 00:00:00+08:00,17.29157262287883,17.33672136632537,17.156129837036133,17.156129837036133,41022,0.0,0.0
2018-03-06 00:00:00+08:00,17.156127855841685,17.246423610058923,17.156127855841685,17.201274871826172,222914,0.0,0.0
2018-03-07 00:00:00+08:00,16.88524246118142,17.156128003922998,16.88524246118142,17.110980987548828,50199,0.0,0.0
2018-03-08 00:00:00+08:00,17.201274982789478,17.246423721313477,17.15612796651375,17.246423721313477,49999,0.0,0.0
2018-03-09 00:00:00+08:00,17.33671943889931,17.33671943889931,16.84009364969097,16.930389404296875,134007,0.0,0.0
2018-03-12 00:00:00+08:00,17.0206869970872,17.156129782499345,16.93039123272962,16.97553825378418,55215,0.0,0.0
2018-03-13 00:00:00+08:00,16.97553825378418,17.0206869970872,16.93039123272962,16.97553825378418,48061,0.0,0.0
2018-03-14 00:00:00+08:00,16.97553841245997,17.02068715618501,16.885244369506836,16.885244369506836,245404,0.0,0.0
2018-03-15 00:00:00+08:00,17.02068718324845,17.02068718324845,16.614357100319385,16.65950584411621,474512,0.0,0.0
2018-03-16 00:00:00+08:00,16.65950576492115,16.74979980758862,16.569210000005214,16.704652786254883,61215,0.0,0.0
2018-03-19 00:00:00+08:00,16.74979980758862,16.74979980758862,16.704652786254883,16.704652786254883,41088,0.0,0.0
2018-03-20 00:00:00+08:00,16.704652786254883,16.74979980758862,16.65950576492115,16.704652786254883,52154,0.0,0.0
2018-03-21 00:00:00+08:00,16.79494860430523,16.930391390983402,16.74979986058019,16.885244369506836,50427,0.0,0.0
2018-03-22 00:00:00+08:00,16.885244236251296,16.930391257371568,16.704652707273283,16.749799728393555,62086,0.0,0.0
2018-03-23 00:00:00+08:00,16.704650916228935,16.704650916228935,16.478912390333953,16.5692081451416,72162,0.0,0.0
2018-03-26 00:00:00+08:00,16.614355161421287,16.614355161421287,16.524059406613638,16.5692081451416,57893,0.0,0.0
2018-03-27 00:00:00+08:00,16.659503825606762,16.70465084168498,16.569208071202052,16.614355087280273,56030,0.0,0.0
2018-03-28 00:00:00+08:00,16.614355087280273,16.70465084168498,16.524059332875566,16.614355087280273,69299,0.0,0.0
2018-03-29 00:00:00+08:00,16.6595018650976,16.6595018650976,16.524057388305664,16.524057388305664,93373,0.0,0.0
2018-03-30 00:00:00+08:00,16.614353132084265,16.614353132084265,16.524057388305664,16.524057388305664,45129,0.0,0.0
2018-04-02 00:00:00+08:00,16.478910377540394,16.524057388305664,16.43376336677513,16.524057388305664,33259,0.0,0.0
2018-04-03 00:00:00+08:00,16.524059444141393,16.524059444141393,16.298320917733733,16.433765411376953,157370,0.0,0.0
2018-04-09 00:00:00+08:00,16.43376336677513,16.794944619641466,16.43376336677513,16.524057388305664,73799,0.0,0.0
2018-04-10 00:00:00+08:00,16.524057388305664,16.524057388305664,16.478910377540394,16.524057388305664,65811,0.0,0.0
2018-04-11 00:00:00+08:00,16.478912278655088,16.478912278655088,16.25317375428995,16.298320770263672,198160,0.0,0.0
2018-04-12 00:00:00+08:00,16.29832080697352,16.29832080697352,16.117731020423612,16.162878036499023,175823,0.0,0.0
2018-04-13 00:00:00+08:00,16.25317390237138,16.25317390237138,16.208026885986328,16.208026885986328,31237,0.0,0.0
2018-04-16 00:00:00+08:00,16.162879003157112,16.162879003157112,15.846844704983283,15.937140464782715,91123,0.0,0.0
2018-04-17 00:00:00+08:00,16.072581378484116,16.072581378484116,15.575957340582212,15.666253089904785,202298,0.0,0.0
2018-04-18 00:00:00+08:00,15.80169685267529,15.80169685267529,15.440515554778083,15.530811309814453,121272,0.0,0.0
2018-04-19 00:00:00+08:00,15.440515554778083,15.621105342602545,15.395366816135756,15.530811309814453,171523,0.0,0.0
2018-04-20 00:00:00+08:00,15.485664340803245,15.711402893066406,15.485664340803245,15.711402893066406,67101,0.0,0.0
2018-04-23 00:00:00+08:00,15.756549686482817,15.756549686482817,15.621105194091797,15.621105194091797,51143,0.0,0.0
2018-04-24 00:00:00+08:00,15.621105342602545,15.66625408124487,15.485662571172128,15.530811309814453,65125,0.0,0.0
2018-04-25 00:00:00+08:00,15.440515554778083,15.66625408124487,15.395366816135756,15.530811309814453,58982,0.0,0.0
2018-04-26 00:00:00+08:00,15.530811273563344,15.530811273563344,15.214776992797852,15.214776992797852,109399,0.0,0.0
2018-04-27 00:00:00+08:00,15.214777901037344,15.350220680236816,15.214777901037344,15.350220680236816,28102,0.0,0.0
2018-04-30 00:00:00+08:00,15.259924996639382,15.35022075730852,15.169629235970243,15.305073738098145,67102,0.0,0.0
2018-05-02 00:00:00+08:00,15.395367776518897,15.395367776518897,15.259924996639382,15.305073738098145,47082,0.0,0.0
2018-05-03 00:00:00+08:00,15.350220680236816,15.350220680236816,15.169629159805266,15.350220680236816,43200,0.0,0.0
2018-05-04 00:00:00+08:00,15.350220680236816,15.350220680236816,15.305073661253118,15.350220680236816,25000,0.0,0.0
2018-05-07 00:00:00+08:00,15.3502197976745,16.11773113200788,15.259924042650288,15.982288360595703,1035800,0.0,0.0
2018-05-08 00:00:00+08:00,15.666255028383986,15.801697808002906,15.666255028383986,15.756550788879395,88896,0.0,0.0
2018-05-09 00:00:00+08:00,15.937138615624338,15.937138615624338,15.666253089904785,15.666253089904785,56000,0.0,0.0
2018-05-10 00:00:00+08:00,15.756550725896386,15.756550725896386,15.575959205627441,15.575959205627441,30002,0.0,0.0
2018-05-11 00:00:00+08:00,15.575958289297935,15.621105305584996,15.35021976336608,15.440515518188477,91084,0.0,0.0
2018-05-14 00:00:00+08:00,15.440516363382207,15.575959141905626,15.395367622375488,15.395367622375488,71411,0.0,0.0
2018-05-15 00:00:00+08:00,15.395367776518897,15.44051651797766,15.305073738098145,15.305073738098145,61436,0.0,0.0
2018-05-16 00:00:00+08:00,15.305073738098145,15.35022075730852,15.305073738098145,15.305073738098145,42015,0.0,0.0
2018-05-17 00:00:00+08:00,15.259924875248533,15.485663414001465,15.214777856397296,15.485663414001465,69075,0.0,0.0
2018-05-18 00:00:00+08:00,15.485663382140558,15.485663382140558,15.395367622375488,15.395367622375488,9001,0.0,0.0
2018-05-21 00:00:00+08:00,15.440516395150228,15.530812155101076,15.395367654050618,15.485663414001465,30810,0.0,0.0
2018-05-22 00:00:00+08:00,15.440515518188477,15.485662534475537,15.35021976336608,15.440515518188477,73162,0.0,0.0
2018-05-23 00:00:00+08:00,15.485662534475537,15.485662534475537,15.395366779653141,15.440515518188477,41200,0.0,0.0
2018-05-24 00:00:00+08:00,15.440516426549921,15.62110622457049,15.440516426549921,15.575959205627441,34205,0.0,0.0
2018-05-25 00:00:00+08:00,15.440516395150228,15.530812155101076,15.440516395150228,15.485663414001465,45981,0.0,0.0
2018-05-28 00:00:00+08:00,15.485662534475537,15.530811273010872,15.440515518188477,15.440515518188477,70000,0.0,0.0
2018-05-29 00:00:00+08:00,15.440516395150228,15.62110619280355,15.440516395150228,15.485663414001465,62011,0.0,0.0
2018-05-30 00:00:00+08:00,15.440516395150228,15.530812155101076,15.440516395150228,15.485663414001465,50060,0.0,0.0
2018-05-31 00:00:00+08:00,15.530812155101076,15.62110619280355,15.440516395150228,15.485663414001465,55300,0.0,0.0
2018-06-01 00:00:00+08:00,15.48566249734722,15.80169677734375,15.48566249734722,15.80169677734375,106486,0.0,0.0
2018-06-04 00:00:00+08:00,15.937139621959457,16.027435376983668,15.801696850547279,15.982288360595703,107068,0.0,0.0
2018-06-05 00:00:00+08:00,15.982288286555558,16.162878073519096,15.891992531949654,16.027435302734375,100577,0.0,0.0
2018-06-06 00:00:00+08:00,15.982288212931362,16.11773098309215,15.982288212931362,16.072582244873047,41045,0.0,0.0
2018-06-07 00:00:00+08:00,16.07258231891319,16.07258231891319,15.93713954812847,16.027435302734375,79823,0.0,0.0
2018-06-08 00:00:00+08:00,16.07258231891319,16.208026811946183,15.982288286555558,16.027435302734375,110041,0.0,0.0
2018-06-11 00:00:00+08:00,16.027435229924812,16.343469508485658,16.027435229924812,16.298320770263672,70751,0.0,0.0
2018-06-12 00:00:00+08:00,16.2080267748227,16.2080267748227,16.117731020423612,16.162878036499023,94328,0.0,0.0
2018-06-13 00:00:00+08:00,16.253171942079433,16.253171942079433,16.11772918701172,16.11772918701172,32655,0.0,0.0
2018-06-14 00:00:00+08:00,16.25317379089811,16.25317379089811,16.072582282099937,16.162878036499023,96787,0.0,0.0
2018-06-15 00:00:00+08:00,16.2080267748227,16.25317379089811,16.117731020423612,16.162878036499023,56499,0.0,0.0
2018-06-19 00:00:00+08:00,16.11772918701172,16.1628761979516,16.072580453823765,16.11772918701172,150953,0.0,0.0
2018-06-20 00:00:00+08:00,16.162878146338794,16.56920818277189,16.162878146338794,16.433765411376953,349100,0.0,0.0
2018-06-21 00:00:00+08:00,16.478912428793205,16.478912428793205,16.117731130967943,16.208026885986328,195002,0.0,0.0
2018-06-22 00:00:00+08:00,16.07258231891319,16.298320844303817,16.027435302734375,16.253173828125,113377,0.0,0.0
2018-06-25 00:00:00+08:00,16.298320844303817,16.298320844303817,16.208026811946183,16.253173828125,138274,0.0,0.0
2018-06-26 00:00:00+08:00,16.25317379089811,16.388616561372608,16.072582282099937,16.162878036499023,145141,0.0,0.0
2018-06-27 00:00:00+08:00,16.208026811946183,16.298320844303817,16.208026811946183,16.253173828125,81500,0.0,0.0
2018-06-28 00:00:00+08:00,16.25317390237138,16.38861667377482,16.208026885986328,16.208026885986328,77001,0.0,0.0
2018-06-29 00:00:00+08:00,16.2080267748227,16.25317379089811,16.162878036499023,16.162878036499023,25301,0.0,0.0
2018-07-02 00:00:00+08:00,16.162878036499023,16.343469545297197,16.162878036499023,16.162878036499023,86301,0.0,0.0
2018-07-03 00:00:00+08:00,16.25317390237138,16.25317390237138,16.117731130967943,16.208026885986328,85193,0.0,0.0
2018-07-04 00:00:00+08:00,16.162878036499023,16.25317379089811,16.027435266024526,16.162878036499023,113555,0.0,0.0
2018-07-05 00:00:00+08:00,16.162877999062992,16.162877999062992,15.982288212931362,16.072582244873047,33500,0.0,0.0
2018-07-06 00:00:00+08:00,16.027435376983668,16.027435376983668,15.711401095523067,15.982288360595703,48002,0.0,0.0
2018-07-09 00:00:00+08:00,16.027436192392905,16.027436192392905,15.756550635787022,15.846844673156738,36304,0.0,0.0
2018-07-10 00:00:00+08:00,15.891992568969727,15.891992568969727,15.711401059337232,15.891992568969727,50100,0.0,0.0
2018-07-11 00:00:00+08:00,15.891992531949654,16.11773105734028,15.891992531949654,16.027435302734375,63091,0.0,0.0
2018-07-12 00:00:00+08:00,15.982288286555558,16.07258231891319,15.93713954812847,16.027435302734375,68471,0.0,0.0
2018-07-13 00:00:00+08:00,16.027433442883886,16.11772918701172,15.982286431944004,16.11772918701172,118118,0.0,0.0
2018-07-16 00:00:00+08:00,16.11772918701172,16.20802493113955,16.11772918701172,16.11772918701172,49804,0.0,0.0
2018-07-17 00:00:00+08:00,16.072582357448702,16.072582357448702,15.982288324874581,15.440515518188477,65697,0.0,0.0
2018-07-18 00:00:00+08:00,16.142358341112434,16.142358341112434,16.048779095203315,16.095569610595703,132100,0.6,0.0
2018-07-19 00:00:00+08:00,16.142358341112434,16.18914707162916,16.095569610595703,16.095569610595703,14000,0.0,0.0
2018-07-20 00:00:00+08:00,16.142355408197695,16.142355408197695,16.00198745727539,16.00198745727539,54200,0.0,0.0
2018-07-23 00:00:00+08:00,16.001988352795973,16.001988352795973,15.908409118652344,15.908409118652344,87001,0.0,0.0
2018-07-24 00:00:00+08:00,15.908409118652344,16.001988352795973,15.908409118652344,15.908409118652344,119200,0.0,0.0
2018-07-25 00:00:00+08:00,16.001990364686588,16.18914707162916,15.908411118777469,16.095569610595703,67999,0.0,0.0
2018-07-26 00:00:00+08:00,16.048776626586914,16.048776626586914,15.955197395072116,16.048776626586914,25898,0.0,0.0
2018-07-27 00:00:00+08:00,16.18914559881871,16.18914559881871,16.00198890890275,16.142356872558594,4675,0.0,0.0
2018-07-30 00:00:00+08:00,16.001988352795973,16.001988352795973,15.861620394018246,15.908409118652344,53100,0.0,0.0
2018-07-31 00:00:00+08:00,15.908409060154504,15.908409060154504,15.81482982635498,15.81482982635498,38285,0.0,0.0
2018-08-01 00:00:00+08:00,15.861620903015137,15.861620903015137,15.861620903015137,15.861620903015137,20000,0.0,0.0
2018-08-02 00:00:00+08:00,15.908409000960258,15.908409000960258,15.721250534057617,15.721250534057617,88001,0.0,0.0
2018-08-03 00:00:00+08:00,15.721251154857532,15.861620903015137,15.674462428721991,15.861620903015137,64877,0.0,0.0
2018-08-06 00:00:00+08:00,15.861620335692457,15.861620335692457,15.81482982635498,15.81482982635498,72200,0.0,0.0
2018-08-07 00:00:00+08:00,15.81482982635498,15.81482982635498,15.81482982635498,15.81482982635498,19299,0.0,0.0
2018-08-08 00:00:00+08:00,16.001988352795973,16.001988352795973,15.908409118652344,15.908409118652344,31548,0.0,0.0
2018-08-09 00:00:00+08:00,15.90840766027043,16.00198688583531,15.90840766027043,15.955196380615234,16178,0.0,0.0
2018-08-10 00:00:00+08:00,15.955196380615234,16.00198688583531,15.955196380615234,15.955196380615234,95402,0.0,0.0
2018-08-13 00:00:00+08:00,16.0955674678629,16.0955674678629,15.580882576318345,15.721250534057617,136102,0.0,0.0
2018-08-14 00:00:00+08:00,15.721250534057617,15.721250534057617,15.627673085481717,15.721250534057617,140151,0.0,0.0
2018-08-15 00:00:00+08:00,15.768041554908462,15.81483028071475,15.580883081932356,15.67446231842041,288001,0.0,0.0
2018-08-16 00:00:00+08:00,15.627673479983844,15.627673479983844,15.393726282887531,15.487303733825684,180189,0.0,0.0
2018-08-17 00:00:00+08:00,15.580882969639301,15.580882969639301,15.440515008356607,15.487303733825684,67858,0.0,0.0
2018-08-20 00:00:00+08:00,15.58088342989822,15.58088342989822,15.346936225891113,15.346936225891113,56002,0.0,0.0
2018-08-21 00:00:00+08:00,15.34693583833183,15.393726348876953,15.34693583833183,15.393726348876953,24106,0.0,0.0
2018-08-22 00:00:00+08:00,15.393726338692797,15.674462262275908,15.393726338692797,15.580883026123047,27001,0.0,0.0
2018-08-23 00:00:00+08:00,15.721252243246056,16.657041109745837,15.721252243246056,16.610252380371094,389897,0.0,0.0
2018-08-24 00:00:00+08:00,16.657039424044157,17.82677538879095,16.657039424044157,17.171724319458008,2817500,0.0,0.0
2018-08-27 00:00:00+08:00,17.078146339462247,17.171725580489205,16.376304709073388,16.750619888305664,808237,0.0,0.0
2018-08-28 00:00:00+08:00,16.84419720992623,16.890985932670326,16.516670796091482,16.563461303710938,415525,0.0,0.0
2018-08-29 00:00:00+08:00,16.563461866201212,16.797409057617188,16.516671356992763,16.797409057617188,156355,0.0,0.0
2018-08-30 00:00:00+08:00,16.797409501359652,16.937777462942297,16.657039754901536,16.84419822692871,204199,0.0,0.0
2018-08-31 00:00:00+08:00,16.844199406253615,17.873567504722008,16.56346346343296,17.499252319335938,1052100,0.0,0.0
2018-09-03 00:00:00+08:00,17.686408814141164,17.779988055619537,17.078146421845084,17.124935150146484,570003,0.0,0.0
2018-09-04 00:00:00+08:00,17.124935150146484,17.40567287458161,16.937778452065306,17.124935150146484,347829,0.0,0.0
2018-09-05 00:00:00+08:00,16.937777010543922,17.218512926210916,16.890986501349143,16.98456573486328,129000,0.0,0.0
2018-09-06 00:00:00+08:00,16.937778370359588,17.031357611386547,16.657040647278702,16.750619888305664,160499,0.0,0.0
2018-09-07 00:00:00+08:00,16.750619336826816,16.750619336826816,16.423092896453355,16.516672134399414,141123,0.0,0.0
2018-09-10 00:00:00+08:00,16.423094293964123,16.423094293964123,16.048779095203315,16.095569610595703,129199,0.0,0.0
2018-09-11 00:00:00+08:00,16.001987903267207,16.095567134782005,15.955197395072116,16.048776626586914,113236,0.0,0.0
2018-09-12 00:00:00+08:00,16.095566111400192,16.095566111400192,15.90840766027043,15.955196380615234,52003,0.0,0.0
2018-09-13 00:00:00+08:00,16.00198745727539,16.048776179291046,15.908408228368744,16.00198745727539,85000,0.0,0.0
2018-09-14 00:00:00+08:00,15.955196380615234,16.048775606180115,15.90840766027043,15.955196380615234,102001,0.0,0.0
2018-09-17 00:00:00+08:00,16.001988672557367,16.984566188511355,16.001988672557367,16.84419822692871,290802,0.0,0.0
2018-09-18 00:00:00+08:00,16.797410867621295,16.89098832637078,16.610252380371094,16.610252380371094,137005,0.0,0.0
2018-09-19 00:00:00+08:00,16.657040098880753,16.750619336826816,16.516672134399414,16.516672134399414,65099,0.0,0.0
2018-09-20 00:00:00+08:00,16.610252281917226,16.750620254085067,16.423093795776367,16.423093795776367,45699,0.0,0.0
2018-09-21 00:00:00+08:00,16.61025138635274,16.61025138635274,16.282724945703077,16.32951545715332,31200,0.0,0.0
2018-09-25 00:00:00+08:00,16.142357314329526,16.189146041870117,16.001989346832204,16.189146041870117,66703,0.0,0.0
2018-09-26 00:00:00+08:00,16.142357875321405,16.282725847696902,16.142357875321405,16.235937118530273,26151,0.0,0.0
2018-09-27 00:00:00+08:00,16.142357875321405,16.235937118530273,16.142357875321405,16.235937118530273,10935,0.0,0.0
2018-09-28 00:00:00+08:00,16.235935089616508,16.235935089616508,16.048776626586914,16.048776626586914,61481,0.0,0.0
2018-10-01 00:00:00+08:00,16.048777729544614,16.890987301308154,16.001989003009335,16.516672134399414,4495104,0.0,0.0
2018-10-02 00:00:00+08:00,16.750619888305664,16.750619888305664,16.329515980997687,16.750619888305664,293103,0.0,0.0
2018-10-03 00:00:00+08:00,16.79740836012934,16.844197082519532,16.14235553741455,16.37630271911621,204004,0.0,0.0
2018-10-04 00:00:00+08:00,16.235937118530273,16.32951636173914,16.189146604488034,16.235937118530273,51314,0.0,0.0
2018-10-05 00:00:00+08:00,16.23593542560217,16.23593542560217,15.627673085481717,15.721250534057617,219003,0.0,0.0
2018-10-08 00:00:00+08:00,15.627673536637214,15.721250987914603,15.440515064331493,15.580883026123047,97000,0.0,0.0
2018-10-09 00:00:00+08:00,15.534094310761372,15.580883036431022,15.393726348876953,15.393726348876953,80756,0.0,0.0
2018-10-11 00:00:00+08:00,14.78546354923874,14.972621134937912,13.896464347839355,13.896464347839355,677000,0.0,0.0
2018-10-12 00:00:00+08:00,13.615727175583796,14.411147117614746,13.615727175583796,14.411147117614746,155001,0.0,0.0
2018-10-15 00:00:00+08:00,14.083621524605135,14.223989486694336,13.990042288253845,14.223989486694336,82343,0.0,0.0
2018-10-16 00:00:00+08:00,14.223989989849407,14.411147576734708,14.223989989849407,14.270779609680176,55000,0.0,0.0
2018-10-17 00:00:00+08:00,14.317568723045627,14.411147066959181,14.223989486694336,14.223989486694336,85502,0.0,0.0
2018-10-18 00:00:00+08:00,14.083621978759766,14.223989945375411,14.083621978759766,14.083621978759766,60006,0.0,0.0
2018-10-19 00:00:00+08:00,14.036831799112404,14.036831799112404,13.75609498464261,13.943252563476562,80015,0.0,0.0
2018-10-22 00:00:00+08:00,13.943253111535322,14.411147523230301,13.943253111535322,14.177200317382812,38297,0.0,0.0
2018-10-23 00:00:00+08:00,14.036831911684962,14.177199873826716,14.036831911684962,14.130411148071289,32581,0.0,0.0
2018-10-24 00:00:00+08:00,14.036831911684962,14.457936690547962,13.849674331350043,14.130411148071289,78351,0.0,0.0
2018-10-25 00:00:00+08:00,13.756095436188197,13.896464294249585,13.662517089918364,13.802885055541992,82108,0.0,0.0
2018-10-26 00:00:00+08:00,14.223989324088251,14.223989324088251,13.709305314915396,13.756094932556152,63099,0.0,0.0
2018-10-29 00:00:00+08:00,13.756094989186762,13.849674224853516,13.756094989186762,13.849674224853516,22200,0.0,0.0
2018-10-30 00:00:00+08:00,13.756094932556152,13.849674167837662,13.756094932556152,13.756094932556152,24001,0.0,0.0
2018-10-31 00:00:00+08:00,13.84967472037781,14.270779511069351,13.84967472037781,13.990042686462402,47000,0.0,0.0
2018-11-01 00:00:00+08:00,13.990042237767131,14.130411091787511,13.89646389419128,14.036831855773926,48000,0.0,0.0
2018-11-02 00:00:00+08:00,14.130411598444237,14.17720032569094,14.036832359075294,14.083621978759766,36001,0.0,0.0
2018-11-05 00:00:00+08:00,13.943253119706352,14.270779565059883,13.943253119706352,14.083621978759766,20173,0.0,0.0
2018-11-06 00:00:00+08:00,14.036832359075294,14.083621978759766,14.036832359075294,14.083621978759766,14002,0.0,0.0
2018-11-07 00:00:00+08:00,14.036831911684962,14.130411148071289,13.990042293491797,14.130411148071289,111000,0.0,0.0
2018-11-08 00:00:00+08:00,14.223989435363364,14.223989435363364,14.036831855773926,14.036831855773926,51014,0.0,0.0
2018-11-09 00:00:00+08:00,14.036831911684962,14.223989492019879,14.036831911684962,14.130411148071289,34002,0.0,0.0
2018-11-12 00:00:00+08:00,14.083621524605135,14.270779104869982,14.083621524605135,14.223989486694336,35300,0.0,0.0
2018-11-13 00:00:00+08:00,14.130411091787511,14.130411091787511,13.89646389419128,14.036831855773926,29101,0.0,0.0
2018-11-14 00:00:00+08:00,14.457937079452567,15.440515518188477,14.457937079452567,15.440515518188477,2223084,0.0,0.0
2018-11-15 00:00:00+08:00,15.534094244170225,16.51667175802455,15.487303733825684,15.487303733825684,5658584,0.0,0.0
2018-11-16 00:00:00+08:00,15.20656831336744,15.440515518188477,14.832253142628884,15.440515518188477,2372119,0.0,0.0
2018-11-19 00:00:00+08:00,15.440516375466393,15.627674863664721,15.159780428044526,15.253357887268066,376124,0.0,0.0
2018-11-20 00:00:00+08:00,15.066201324184703,15.721252469224954,15.019410809261775,15.534095764160156,576112,0.0,0.0
2018-11-21 00:00:00+08:00,15.440515518188477,15.674462723009515,15.346936279284957,15.440515518188477,294002,0.0,0.0
2018-11-22 00:00:00+08:00,15.440515074546601,15.627673546976144,15.393726348876953,15.393726348876953,231299,0.0,0.0
2018-11-23 00:00:00+08:00,15.393725951570266,16.18914497667765,15.393725951570266,15.81482982635498,1283302,0.0,0.0
2018-11-26 00:00:00+08:00,15.81482982635498,16.095567527753552,15.580882634293886,15.81482982635498,247099,0.0,0.0
2018-11-27 00:00:00+08:00,15.721249770555447,16.235934637104343,15.44051386871084,16.00198745727539,501003,0.0,0.0
2018-11-28 00:00:00+08:00,15.861621637252924,17.124935150146484,15.814831124075948,17.124935150146484,845753,0.0,0.0
2018-11-29 00:00:00+08:00,17.124935250685667,17.779988160004486,16.9845672800818,17.31209373474121,3201112,0.0,0.0
2018-11-30 00:00:00+08:00,17.312093654398762,17.358882382757717,16.890987959665857,16.93777847290039,588782,0.0,0.0
2018-12-03 00:00:00+08:00,17.265304010665925,17.358881462422538,16.98456630076965,17.031356811523438,597139,0.0,0.0
2018-12-04 00:00:00+08:00,16.89098716136294,17.546040036682623,16.89098716136294,17.405672073364258,967253,0.0,0.0
2018-12-05 00:00:00+08:00,17.07814649888027,19.13688268118867,17.031357770367816,18.949724197387695,4741974,0.0,0.0
2018-12-06 00:00:00+08:00,18.528616142619974,18.66898588003973,17.45245945994577,17.639617919921875,1591841,0.0,0.0
2018-12-07 00:00:00+08:00,17.639618803611512,19.090090694026664,17.639618803611512,18.996511459350586,1419530,0.0,0.0
2018-12-10 00:00:00+08:00,18.66898762477047,18.902934829166714,17.920355499777177,18.341461181640625,1660765,0.0,0.0
2018-12-11 00:00:00+08:00,18.341460049953213,18.809354429876123,17.873565670030302,18.06072235107422,845753,0.0,0.0
2018-12-12 00:00:00+08:00,18.341461642898725,18.762565550476733,18.154303160724787,18.201093673706055,910856,0.0,0.0
2018-12-13 00:00:00+08:00,18.341460625031008,18.435039860924753,18.01393419184063,18.107513427734375,451248,0.0,0.0
2018-12-14 00:00:00+08:00,18.107514796153218,18.107514796153218,17.733199609166004,17.873567581176758,303644,0.0,0.0
2018-12-17 00:00:00+08:00,17.77998768865238,18.013934895082016,17.40567251534007,17.45246124267578,606786,0.0,0.0
2018-12-18 00:00:00+08:00,17.2653034354057,17.312092159725054,16.937777010543922,16.98456573486328,566600,0.0,0.0
2018-12-19 00:00:00+08:00,17.031356811523438,17.592828661565026,17.031356811523438,17.031356811523438,386099,0.0,0.0
2018-12-20 00:00:00+08:00,16.937777348477532,17.171724544492758,16.56346219182826,16.657039642333984,271302,0.0,0.0
2018-12-21 00:00:00+08:00,16.65703986499507,17.031356811523438,16.65703986499507,17.031356811523438,243001,0.0,0.0
2018-12-24 00:00:00+08:00,16.984567012758426,18.013935089111328,16.93777828491875,18.013935089111328,601773,0.0,0.0
2018-12-25 00:00:00+08:00,17.499250969957625,17.87356612648002,17.124934028559775,17.733198165893555,790061,0.0,0.0
2018-12-26 00:00:00+08:00,17.967147100239057,18.52861899691008,17.358882904052734,17.358882904052734,1559008,0.0,0.0
2018-12-27 00:00:00+08:00,17.63962026779799,17.826776967809746,17.546041025354317,17.68640899658203,298024,0.0,0.0
2018-12-28 00:00:00+08:00,17.6864063274869,18.060721455897273,17.358879920799577,17.967144012451172,499810,0.0,0.0
2019-01-02 00:00:00+08:00,18.247881274268273,18.481828470092225,17.92035484313965,17.92035484313965,1090003,0.0,0.0
2019-01-03 00:00:00+08:00,17.779988338211055,18.388250740174733,17.779988338211055,17.873567581176758,472631,0.0,0.0
2019-01-04 00:00:00+08:00,17.68640874016551,18.201093673706055,17.218514319606236,18.201093673706055,467100,0.0,0.0
2019-01-07 00:00:00+08:00,18.435040405106143,18.996512267291692,18.201093200903657,18.52861785888672,2321664,0.0,0.0
2019-01-08 00:00:00+08:00,18.481830157097747,18.52861888658319,18.20109421043385,18.435041427612305,372014,0.0,0.0
2019-01-09 00:00:00+08:00,18.52861581262907,18.622195040950494,17.967144012451172,17.967144012451172,509286,0.0,0.0
2019-01-10 00:00:00+08:00,18.013933970133465,18.10751320487548,17.499250856365542,17.546039581298828,304259,0.0,0.0
2019-01-11 00:00:00+08:00,17.592828762830244,17.87356647434246,17.358881562341143,17.405672073364258,212004,0.0,0.0
2019-01-14 00:00:00+08:00,17.499251198484135,17.499251198484135,17.124934252197995,17.21851348876953,241010,0.0,0.0
2019-01-15 00:00:00+08:00,17.358881216187072,18.528617195306833,17.358881216187072,17.92035484313965,1387101,0.0,0.0
2019-01-16 00:00:00+08:00,17.967146824142464,18.013935553187515,17.68640909524535,17.873567581176758,361007,0.0,0.0
2019-01-17 00:00:00+08:00,18.060724181481138,18.154303423924812,17.592829754138357,17.68640899658203,337051,0.0,0.0
2019-01-18 00:00:00+08:00,17.82677561636756,17.87356612648002,17.686407655781096,17.733198165893555,124790,0.0,0.0
2019-01-21 00:00:00+08:00,17.87356646192757,17.92035518804269,17.59282875061035,17.59282875061035,121086,0.0,0.0
2019-01-22 00:00:00+08:00,17.686408280732874,18.52861785888672,17.686408280732874,18.52861785888672,1642149,0.0,0.0
2019-01-23 00:00:00+08:00,18.528618861140394,18.6221981048584,18.247882914861993,18.6221981048584,1541538,0.0,0.0
2019-01-24 00:00:00+08:00,18.62219720428893,18.996512376183453,18.435040510779434,18.715776443481445,919015,0.0,0.0
2019-01-25 00:00:00+08:00,18.80935529520601,20.353406463011062,18.80935529520601,20.306617736816406,7047997,0.0,0.0
2019-01-28 00:00:00+08:00,20.868088138439482,22.31856175291645,20.868088138439482,21.61672019958496,9665874,0.0,0.0
2019-01-29 00:00:00+08:00,21.242406278928335,21.476353476780517,21.008459081076154,21.195615768432617,1896228,0.0,0.0
2019-01-30 00:00:00+08:00,21.1956153176165,21.757088937494675,21.1956153176165,21.335983276367188,1902452,0.0,0.0
2019-02-11 00:00:00+08:00,21.803878240448817,22.13140467613806,21.0552479173381,21.382774353027344,1485285,0.0,0.0
2019-02-12 00:00:00+08:00,21.14882877776825,21.382775994812423,20.587355099887116,20.634143829345703,1404996,0.0,0.0
2019-02-13 00:00:00+08:00,20.68093141320599,20.821299366567324,20.30661627595064,20.353404998779297,1117640,0.0,0.0
2019-02-14 00:00:00+08:00,20.259827225746257,20.77451213826494,20.259827225746257,20.306617736816406,677370,0.0,0.0
2019-02-15 00:00:00+08:00,20.025881201708327,20.119460444471684,19.511198043823242,19.511198043823242,1519719,0.0,0.0
2019-02-18 00:00:00+08:00,19.557985407577124,20.072670314411678,19.557985407577124,19.932300567626953,563993,0.0,0.0
2019-02-19 00:00:00+08:00,20.44698558841899,20.44698558841899,20.072670426282986,20.11945915222168,527632,0.0,0.0
2019-02-20 00:00:00+08:00,20.213039909591565,20.961670290182667,19.79193420496181,20.634143829345703,1483317,0.0,0.0
2019-02-21 00:00:00+08:00,20.40019661230153,20.91488156072408,20.353407882842944,20.634143829345703,940264,0.0,0.0
2019-02-22 00:00:00+08:00,20.634142389929984,20.82130086445959,20.306617736816406,20.306617736816406,336101,0.0,0.0
2019-02-25 00:00:00+08:00,20.446985244750977,20.727721165415566,20.400194734723243,20.446985244750977,669501,0.0,0.0
2019-02-26 00:00:00+08:00,21.00845887095561,21.335983516772483,20.446985244750977,20.446985244750977,1488197,0.0,0.0
2019-02-27 00:00:00+08:00,20.634143202458702,20.634143202458702,19.979092085561536,20.025880813598633,434999,0.0,0.0
2019-03-04 00:00:00+08:00,20.259827308510495,20.86808967590332,20.02588010683052,20.86808967590332,1471036,0.0,0.0
2019-03-05 00:00:00+08:00,20.821300400595582,20.86808912574786,20.446985244750977,20.446985244750977,634111,0.0,0.0
2019-03-06 00:00:00+08:00,20.58735421817739,20.914880664987137,20.493774978392384,20.540565490722656,417333,0.0,0.0
2019-03-07 00:00:00+08:00,20.587354951746324,20.821302167107078,19.838724576542152,19.885513305664062,496499,0.0,0.0
2019-03-08 00:00:00+08:00,19.791933623393234,19.885512864436283,19.417618444096604,19.83872413635254,542120,0.0,0.0
2019-03-11 00:00:00+08:00,19.791934062544637,20.02588127790539,19.791934062544637,19.885513305664062,220281,0.0,0.0
2019-03-12 00:00:00+08:00,19.88551276070731,20.166248697496485,19.651565551757812,19.651565551757812,377143,0.0,0.0
2019-03-13 00:00:00+08:00,19.651564654100525,19.885511852363624,19.651564654100525,19.74514389038086,138195,0.0,0.0
2019-03-14 00:00:00+08:00,19.932300578066055,19.932300578066055,19.74514389038086,19.74514389038086,152440,0.0,0.0
2019-03-15 00:00:00+08:00,19.791933603662024,20.259828023535242,19.791933603662024,20.025880813598633,293099,0.0,0.0
2019-03-18 00:00:00+08:00,20.306617790096272,21.991036925780307,20.306617790096272,21.94424819946289,4463177,0.0,0.0
2019-03-19 00:00:00+08:00,22.271771117175373,22.318561624720598,21.33598238477514,21.429561614990234,2120424,0.0,0.0
2019-03-20 00:00:00+08:00,21.52314231550117,21.710300788716587,21.195615879811925,21.382774353027344,917514,0.0,0.0
2019-03-21 00:00:00+08:00,21.47635468027552,22.131405800044192,21.429564167157746,21.850669860839844,1963849,0.0,0.0
2019-03-22 00:00:00+08:00,21.61672144891983,21.897457372527366,21.008459091186523,21.008459091186523,1241512,0.0,0.0
2019-03-25 00:00:00+08:00,20.400194734723243,20.727721165415566,20.213038049238666,20.446985244750977,547176,0.0,0.0
2019-03-26 00:00:00+08:00,20.58735466003418,20.86809060053896,20.493775418240727,20.58735466003418,266500,0.0,0.0
2019-03-27 00:00:00+08:00,20.82129891402186,20.82129891402186,20.44698378490215,20.493772506713867,277827,0.0,0.0
2019-03-28 00:00:00+08:00,20.493775337593384,20.493775337593384,20.21303939819336,20.21303939819336,332291,0.0,0.0
2019-03-29 00:00:00+08:00,20.16624742550388,20.493773854349453,19.979090741074586,20.25982666015625,601124,0.0,0.0
2019-04-01 00:00:00+08:00,20.30661903449062,22.27177421825533,20.30661903449062,21.897459030151367,5098538,0.0,0.0
2019-04-02 00:00:00+08:00,23.113983598520985,23.815825184084876,22.36535150299423,23.1607723236084,6038223,0.0,0.0
2019-04-03 00:00:00+08:00,23.769036782052606,24.704825645793857,23.207563106832733,23.909404754638672,5727668,0.0,0.0
2019-04-08 00:00:00+08:00,24.330509925469784,24.751615618899297,23.44150981039662,23.488300323486328,2534056,0.0,0.0
2019-04-09 00:00:00+08:00,23.30114118926487,23.488299666638692,22.78645805380014,23.06719398498535,1814306,0.0,0.0
2019-04-10 00:00:00+08:00,23.25435201545735,23.535087941247387,23.020404815673828,23.020404815673828,1091619,0.0,0.0
2019-04-11 00:00:00+08:00,22.833246241915017,23.06719344067414,22.505719806677153,22.646089553833008,819972,0.0,0.0
2019-04-12 00:00:00+08:00,22.8332462310791,23.254351902595868,22.739666994644768,22.8332462310791,876187,0.0,0.0
2019-04-15 00:00:00+08:00,23.2075620416288,24.330509340526383,23.020405348396224,23.441509246826172,2581940,0.0,0.0
2019-04-16 00:00:00+08:00,23.160772929681798,25.032350540161133,23.160772929681798,25.032350540161133,2913379,0.0,0.0
2019-04-17 00:00:00+08:00,25.032348834551296,25.032348834551296,24.14334881619652,24.330507278442383,2593476,0.0,0.0
2019-04-18 00:00:00+08:00,24.330509340526383,24.517667818634493,23.394720519736907,23.441509246826172,1546851,0.0,0.0
2019-04-19 00:00:00+08:00,23.81582529187061,24.04977248811737,23.48829886015005,23.53508758544922,983348,0.0,0.0
2019-04-22 00:00:00+08:00,24.049773986433824,24.049773986433824,23.488300323486328,23.488300323486328,663509,0.0,0.0
2019-04-23 00:00:00+08:00,23.769035597823905,23.815826109605123,22.926826019392745,23.06719398498535,776176,0.0,0.0
2019-04-24 00:00:00+08:00,23.254351902595868,23.254351902595868,22.739666994644768,22.8332462310791,686931,0.0,0.0
2019-04-25 00:00:00+08:00,22.833246330429372,23.207561492919922,22.833246330429372,23.207561492919922,333004,0.0,0.0
2019-04-26 00:00:00+08:00,23.207559982877783,23.207559982877783,21.476352245893736,21.61672019958496,1517269,0.0,0.0
2019-04-29 00:00:00+08:00,21.56993234155172,21.663511583800165,20.587354760132015,20.774513244628906,1082704,0.0,0.0
2019-04-30 00:00:00+08:00,20.727721481648857,21.42956307889346,20.587353519175032,21.382774353027344,306199,0.0,0.0
2019-05-02 00:00:00+08:00,21.382772451230693,21.616719629504825,21.10203476637654,21.569929122924805,372010,0.0,0.0
2019-05-03 00:00:00+08:00,21.710300330224804,21.85066828973425,21.42956262633047,21.523141860961914,473968,0.0,0.0
2019-05-06 00:00:00+08:00,20.727721725072822,21.0552481646085,20.49377452324384,20.680932998657227,627100,0.0,0.0
2019-05-07 00:00:00+08:00,20.774512223131733,21.0552481511975,20.774512223131733,20.86808967590332,141001,0.0,0.0
2019-05-08 00:00:00+08:00,20.587354579018584,20.68093382044378,20.21303939819336,20.21303939819336,513863,0.0,0.0
2019-05-09 00:00:00+08:00,20.072670578339117,20.072670578339117,18.715776097332327,19.043302536010742,1143020,0.0,0.0
2019-05-10 00:00:00+08:00,19.04330208352568,19.41761723960318,18.809354887867812,19.183670043945312,351002,0.0,0.0
2019-05-13 00:00:00+08:00,18.715776000220277,18.809355237196474,18.34146083719097,18.668987274169922,593200,0.0,0.0
2019-05-14 00:00:00+08:00,18.247882560447408,19.090092167800634,18.247882560447408,18.949724197387695,357400,0.0,0.0
2019-05-15 00:00:00+08:00,18.996514413250612,19.791935354369638,18.996514413250612,19.46440887451172,350612,0.0,0.0
2019-05-16 00:00:00+08:00,19.46440493423285,19.698352117504278,19.090089797973633,19.090089797973633,185104,0.0,0.0
2019-05-17 00:00:00+08:00,19.1368820177136,19.18367074460389,18.52861785888672,18.52861785888672,324001,0.0,0.0
2019-05-20 00:00:00+08:00,18.29466863426317,18.48182709090602,17.9203535058528,17.967144012451172,345051,0.0,0.0
2019-05-21 00:00:00+08:00,17.779988040305273,18.809356125929643,17.779988040305273,18.76256561279297,211233,0.0,0.0
2019-05-22 00:00:00+08:00,18.71577588817741,18.90293436100938,18.435039963804943,18.481828689575195,157102,0.0,0.0
2019-05-23 00:00:00+08:00,18.154300684218697,18.29466863426317,17.826774277531374,17.967144012451172,251014,0.0,0.0
2019-05-24 00:00:00+08:00,18.013932734174222,18.341459140861545,17.9203535058528,17.967144012451172,146081,0.0,0.0
2019-05-27 00:00:00+08:00,18.060724181481138,18.060724181481138,17.592829754138357,17.68640899658203,264000,0.0,0.0
2019-05-28 00:00:00+08:00,17.686407655781096,17.82677561636756,17.592828420431633,17.733198165893555,184000,0.0,0.0
2019-05-29 00:00:00+08:00,17.49925239418954,17.873567581176758,17.49925239418954,17.873567581176758,78002,0.0,0.0
2019-05-30 00:00:00+08:00,17.73319925314678,18.201093673706055,17.73319925314678,18.201093673706055,93003,0.0,0.0
2019-05-31 00:00:00+08:00,18.107515306003553,18.341462527567227,18.107515306003553,18.2946720123291,369503,0.0,0.0
2019-06-03 00:00:00+08:00,17.967144012451172,17.967144012451172,17.733196834085273,17.967144012451172,149001,0.0,0.0
2019-06-04 00:00:00+08:00,17.82677572005314,18.107513427734375,17.779986994543997,18.107513427734375,116842,0.0,0.0
2019-06-05 00:00:00+08:00,18.201093673706055,18.481829612091392,18.201093673706055,18.201093673706055,123002,0.0,0.0
2019-06-06 00:00:00+08:00,18.060723816951004,18.107514329666238,17.82677660800151,18.013935089111328,80080,0.0,0.0
2019-06-10 00:00:00+08:00,18.0607214613476,18.2946686397841,18.0607214613476,18.154300689697266,87201,0.0,0.0
2019-06-11 00:00:00+08:00,17.96714535322971,18.247881274268273,17.826775607834975,17.92035484313965,209349,0.0,0.0
2019-06-12 00:00:00+08:00,18.060722803658926,18.060722803658926,17.779986882620367,17.92035484313965,147301,0.0,0.0
2019-06-13 00:00:00+08:00,17.920356210253424,18.154303423924812,17.68640899658203,17.68640899658203,165010,0.0,0.0
2019-06-14 00:00:00+08:00,17.873568084439878,18.622198479493374,17.686409593238675,18.2946720123291,396081,0.0,0.0
2019-06-17 00:00:00+08:00,18.294669660015362,18.48182812715188,18.20109221132253,18.247880935668945,154663,0.0,0.0
2019-06-18 00:00:00+08:00,18.247882298060826,18.294671025900502,17.967146361271652,18.013935089111328,146403,0.0,0.0
2019-06-19 00:00:00+08:00,18.201091196309758,18.2946686397841,18.107511967960093,18.154300689697266,199199,0.0,0.0
2019-06-20 00:00:00+08:00,18.294669016371543,18.90293312072754,18.294669016371543,18.90293312072754,473389,0.0,0.0
2019-06-21 00:00:00+08:00,19.090092538572808,19.090092538572808,18.575409375437204,18.6221981048584,256234,0.0,0.0
2019-06-24 00:00:00+08:00,18.6221981048584,18.6221981048584,18.341462158579997,18.6221981048584,162001,0.0,0.0
2019-06-25 00:00:00+08:00,18.52861752626788,18.902934474172675,18.52861752626788,18.668987274169922,200001,0.0,0.0
2019-06-26 00:00:00+08:00,18.80935389045159,18.90293312072754,18.481827476923442,18.90293312072754,189053,0.0,0.0
2019-06-27 00:00:00+08:00,18.99651056612813,18.99651056612813,18.71577466017564,18.90293312072754,219301,0.0,0.0
2019-06-28 00:00:00+08:00,18.762564272310744,18.809354782104492,18.62219631268039,18.809354782104492,75509,0.0,0.0
2019-07-01 00:00:00+08:00,19.183671409701123,19.183671409701123,18.856144955487206,18.949724197387695,273004,0.0,0.0
2019-07-02 00:00:00+08:00,18.94972402375693,19.932301592520023,18.902935295673185,19.83872413635254,1821470,0.0,0.0
2019-07-03 00:00:00+08:00,19.604777286586604,19.651566015530484,19.277250829352642,19.511198043823242,656000,0.0,0.0
2019-07-04 00:00:00+08:00,19.65156454153042,20.025879699632096,19.464406070041846,19.557985305786133,306000,0.0,0.0
2019-07-05 00:00:00+08:00,19.698353836018413,19.698353836018413,19.51119714399865,19.60477638244629,225000,0.0,0.0
2019-07-08 00:00:00+08:00,19.791935354369638,19.791935354369638,19.27725216093271,19.46440887451172,134000,0.0,0.0
2019-07-09 00:00:00+08:00,19.136880305553134,19.745142625083783,18.902933122281706,19.090089797973633,279000,0.0,0.0
2019-07-10 00:00:00+08:00,19.32403855992296,19.417617797851562,19.136881868941263,19.417617797851562,112000,0.0,0.0
2019-07-11 00:00:00+08:00,18.809355334794088,19.370828974689157,18.715776097332327,19.043302536010742,356600,0.0,0.0
2019-07-12 00:00:00+08:00,19.043302536010742,19.277249737227397,18.99651202484211,19.043302536010742,124128,0.0,0.0
2019-07-15 00:00:00+08:00,19.183670156960964,19.417617353997073,19.13688143150393,19.37082862854004,220510,0.0,0.0
2019-07-16 00:00:00+08:00,19.370831410160076,19.69835610514227,19.370831410160076,19.46440887451172,212002,0.0,0.0
2019-07-17 00:00:00+08:00,19.3708280608411,19.464405509012707,19.27724882779408,19.324037551879883,258500,0.0,0.0
2019-07-18 00:00:00+08:00,19.566194455967025,19.66305532309843,19.420899460264692,19.469331741333008,195410,0.7,0.0
2019-07-19 00:00:00+08:00,19.759918037732447,19.759918037732447,19.469331741333008,19.469331741333008,166333,0.0,0.0
2019-07-22 00:00:00+08:00,19.51776234791034,19.856780928383266,19.51776234791034,19.759918212890625,239417,0.0,0.0
2019-07-23 00:00:00+08:00,19.905211362378267,20.195799508856187,19.759918212890625,19.759918212890625,362409,0.0,0.0
2019-07-24 00:00:00+08:00,19.759919387653067,20.14736842515553,19.663056666401765,20.09893798828125,334300,0.0,0.0
2019-07-25 00:00:00+08:00,20.09893711854738,20.29266255266697,20.00207440148758,20.244230270385742,289506,0.0,0.0
2019-07-26 00:00:00+08:00,20.195801671449455,20.292664397314283,20.098938945584624,20.147369384765625,197200,0.0,0.0
2019-07-29 00:00:00+08:00,20.147368567563436,20.583249892523867,20.050507693130232,20.29266357421875,713537,0.0,0.0
2019-07-30 00:00:00+08:00,20.437954483238638,20.437954483238638,19.75991735183872,19.905210494995117,324065,0.0,0.0
2019-07-31 00:00:00+08:00,19.90521144004334,19.90521144004334,19.66305557411823,19.856781005859375,128562,0.0,0.0
2019-08-01 00:00:00+08:00,19.663056293185214,19.759919012598,19.469332701862342,19.517763137817383,180057,0.0,0.0
2019-08-02 00:00:00+08:00,19.614626517303105,19.614626517303105,18.985021591186523,18.985021591186523,326999,0.0,0.0
2019-08-05 00:00:00+08:00,18.985020321961233,18.985020321961233,18.54913902282715,18.54913902282715,183046,0.0,0.0
2019-08-06 00:00:00+08:00,18.306983231462716,18.69443225034236,17.725808779391922,18.6460018157959,254002,0.0,0.0
2019-08-07 00:00:00+08:00,18.936587160423,18.936587160423,18.452275449440286,18.69443130493164,86003,0.0,0.0
2019-08-08 00:00:00+08:00,18.742864684352494,18.888157836672516,18.500708814651563,18.8397274017334,117320,0.0,0.0
2019-08-12 00:00:00+08:00,18.83972645835512,18.985019603399753,18.646001033293896,18.88815689086914,41201,0.0,0.0
2019-08-13 00:00:00+08:00,18.83972931498728,19.03345292191987,18.742866587769555,18.93659019470215,53102,0.0,0.0
2019-08-14 00:00:00+08:00,18.985021591186523,19.275607911701016,18.839728430929277,18.985021591186523,91161,0.0,0.0
2019-08-15 00:00:00+08:00,19.130314821918514,19.130314821918514,18.452277608216495,19.081884384155273,116042,0.0,0.0
2019-08-16 00:00:00+08:00,19.227176666259766,19.227176666259766,18.839727639352056,19.227176666259766,60100,0.0,0.0
2019-08-19 00:00:00+08:00,19.227177693795603,19.37247085571289,19.033452246237356,19.37247085571289,140133,0.0,0.0
2019-08-20 00:00:00+08:00,19.566194455967025,19.66305532309843,19.08188273029955,19.469331741333008,113015,0.0,0.0
2019-08-21 00:00:00+08:00,19.37246912209155,19.663055419921875,19.22717597317639,19.663055419921875,176501,0.0,0.0
2019-08-22 00:00:00+08:00,19.663055419921875,19.90521128394802,19.42089955589573,19.663055419921875,72400,0.0,0.0
2019-08-23 00:00:00+08:00,19.75991990332659,19.75991990332659,19.37247085571289,19.37247085571289,89600,0.0,0.0
2019-08-26 00:00:00+08:00,18.88815908432007,19.37247085571289,18.88815908432007,19.37247085571289,93002,0.0,0.0
2019-08-27 00:00:00+08:00,19.372470055097416,19.808351370338194,19.227176899184727,19.614625930786133,100002,0.0,0.0
2019-08-28 00:00:00+08:00,19.66305532309843,19.711487604166745,19.420899460264692,19.469331741333008,165398,0.0,0.0
2019-08-29 00:00:00+08:00,19.469333219699287,21.019131229016654,19.42090093495336,20.389524459838867,1576019,0.0,0.0
2019-08-30 00:00:00+08:00,20.728542924461646,21.794029164212585,20.437956607939906,21.697166442871094,2714640,0.0,0.0
2019-09-02 00:00:00+08:00,21.697165556910985,21.890890991683584,21.212853817482156,21.74559783935547,969428,0.0,0.0
2019-09-03 00:00:00+08:00,21.745599464840144,21.745599464840144,20.970699515328604,21.261287689208984,511422,0.0,0.0
2019-09-04 00:00:00+08:00,21.261286507416642,21.261286507416642,20.776974758705585,20.92226791381836,383850,0.0,0.0
2019-09-05 00:00:00+08:00,21.16442283269376,21.212853266377365,20.825404254400667,20.9706974029541,290002,0.0,0.0
2019-09-06 00:00:00+08:00,20.970698423244503,21.309717018031915,20.7769748315822,21.01913070678711,521400,0.0,0.0
2019-09-10 00:00:00+08:00,20.34109298744554,20.34109298744554,20.00207440148758,20.244230270385742,182900,0.0,0.0
2019-09-11 00:00:00+08:00,20.244230270385742,20.82540472524186,19.905211684427783,20.244230270385742,1333001,0.0,0.0
2019-09-12 00:00:00+08:00,20.631679368115634,20.631679368115634,20.244230345933225,20.341093063354492,233001,0.0,0.0
2019-09-16 00:00:00+08:00,20.34109289414068,20.34109289414068,20.002074309737804,20.050506591796875,183005,0.0,0.0
2019-09-17 00:00:00+08:00,20.050506591796875,20.195799742968777,19.95364387518139,20.050506591796875,154003,0.0,0.0
2019-09-18 00:00:00+08:00,20.09893798828125,20.195800709532552,19.95364483015567,20.09893798828125,117185,0.0,0.0
2019-09-19 00:00:00+08:00,20.147369384765625,20.195801671449455,19.953645780538796,20.147369384765625,189002,0.0,0.0
2019-09-20 00:00:00+08:00,20.147366271110904,21.115989685058594,20.147366271110904,21.115989685058594,530302,0.0,0.0
2019-09-23 00:00:00+08:00,21.164422734545163,21.455009030304456,20.72854144340361,20.776973724365234,491380,0.0,0.0
2019-09-24 00:00:00+08:00,20.77697468515104,20.92226783974945,20.631679683049928,20.82540512084961,190899,0.0,0.0
2019-09-25 00:00:00+08:00,20.82540480295817,20.82540480295817,20.147367628511955,20.341093063354492,345006,0.0,0.0
2019-09-26 00:00:00+08:00,20.34109298744554,20.486386139283905,20.09893711854738,20.244230270385742,139007,0.0,0.0
2019-09-27 00:00:00+08:00,20.098938059654728,20.292663502845272,19.905212616464187,20.19580078125,129565,0.0,0.0
2019-10-01 00:00:00+08:00,20.195799742968777,20.195799742968777,19.95364387518139,20.050506591796875,101191,0.0,0.0
2019-10-02 00:00:00+08:00,20.09893702635329,20.195799742968777,19.905211593122317,20.050506591796875,252254,0.0,0.0
2019-10-03 00:00:00+08:00,19.953644901013195,20.389524376937793,19.856782179417923,20.19580078125,315502,0.0,0.0
2019-10-04 00:00:00+08:00,20.195799665688895,20.24423010005999,19.953643798828125,19.953643798828125,69299,0.0,0.0
2019-10-07 00:00:00+08:00,20.002074155913913,20.05050643760052,19.856781005859375,19.856781005859375,115538,0.0,0.0
2019-10-08 00:00:00+08:00,19.856780928383266,19.905211362378267,19.759918212890625,19.759918212890625,96102,0.0,0.0
2019-10-09 00:00:00+08:00,19.71148689821007,19.85678004120619,19.71148689821007,19.808349609375,32002,0.0,0.0
2019-10-14 00:00:00+08:00,19.95364275237112,20.00207318420231,19.517761475880206,19.808349609375,132803,0.0,0.0
2019-10-15 00:00:00+08:00,19.61462585723017,19.759919012598,19.37246998244955,19.517763137817383,184168,0.0,0.0
2019-10-16 00:00:00+08:00,19.566194455967025,19.66305532309843,19.37246902669899,19.469331741333008,95005,0.0,0.0
2019-10-17 00:00:00+08:00,19.32404027814713,19.372470715935858,19.033452108906427,19.17874526977539,309411,0.0,0.0
2019-10-18 00:00:00+08:00,19.32404027814713,19.42090115372459,19.13031483198666,19.17874526977539,93707,0.0,0.0
2019-10-21 00:00:00+08:00,19.324038988434708,20.147367460909706,19.275606706375637,20.050506591796875,441375,0.0,0.0
2019-10-22 00:00:00+08:00,20.244229060695076,20.38952220385147,19.856780063110502,19.905210494995117,740102,0.0,0.0
2019-10-23 00:00:00+08:00,19.9052120780753,19.9052120780753,19.081883585541455,19.324039459228516,474630,0.0,0.0
2019-10-24 00:00:00+08:00,19.372469894964848,19.66305620438824,19.275607175989485,19.324039459228516,541399,0.0,0.0
2019-10-25 00:00:00+08:00,19.37246990907702,19.56619534716887,19.324039473305408,19.420900344848633,147298,0.0,0.0
2019-10-28 00:00:00+08:00,19.420901293851056,19.66305717954747,19.27560813193377,19.37247085571289,141260,0.0,0.0
2019-10-29 00:00:00+08:00,19.372470786175576,19.61462667100277,19.178745339312705,19.27560806274414,218336,0.0,0.0
2019-10-30 00:00:00+08:00,19.178745339312705,19.27560806274414,19.178745339312705,19.27560806274414,72720,0.0,0.0
2019-10-31 00:00:00+08:00,19.275607992855623,19.32404027814713,19.08188439419793,19.17874526977539,116099,0.0,0.0
2019-11-01 00:00:00+08:00,18.985021671117696,19.227177555066895,18.985021671117696,19.17874526977539,134001,0.0,0.0
2019-11-04 00:00:00+08:00,19.178744308652703,19.275607026878763,18.985020719703265,19.130313873291016,145000,0.0,0.0
2019-11-05 00:00:00+08:00,19.178744141312563,19.22717642375435,18.742864684352494,18.8397274017334,187000,0.0,0.0
2019-11-06 00:00:00+08:00,18.888156810016373,18.985019522132355,18.69443138578441,18.79129409790039,109000,0.0,0.0
2019-11-07 00:00:00+08:00,18.59757120974273,18.59757120974273,18.30698306263581,18.35541534423828,270000,0.0,0.0
2019-11-08 00:00:00+08:00,18.40384681254588,18.5491399705128,18.40384681254588,18.500709533691406,65300,0.0,0.0
2019-11-11 00:00:00+08:00,18.45227701766326,18.500709301379235,18.11326026916504,18.11326026916504,175000,0.0,0.0
2019-11-12 00:00:00+08:00,18.11326028228847,18.306983874784564,18.064827998537403,18.210121154785156,99000,0.0,0.0
2019-11-13 00:00:00+08:00,18.210120269872014,18.25855255126953,18.064827120684726,18.25855255126953,89000,0.0,0.0
2019-11-14 00:00:00+08:00,18.258553276464816,18.258553276464816,17.628948373311417,17.91953468322754,174000,0.0,0.0
2019-11-15 00:00:00+08:00,17.91953475665975,18.355416070822827,17.82267203712321,18.01639747619629,111001,0.0,0.0
2019-11-18 00:00:00+08:00,18.064827912213204,18.064827912213204,17.91953475665975,18.01639747619629,55000,0.0,0.0
2019-11-19 00:00:00+08:00,18.01639756228906,18.403846594783968,18.01639756228906,18.210121154785156,119000,0.0,0.0
2019-11-20 00:00:00+08:00,18.452277177355043,18.694433055522445,18.21012129918764,18.403846740722656,85000,0.0,0.0
2019-11-21 00:00:00+08:00,18.59757218225767,18.59757218225767,18.16169086255525,18.403846740722656,125000,0.0,0.0
2019-11-22 00:00:00+08:00,18.306982985164417,18.355415266561934,18.16168983597713,18.25855255126953,49001,0.0,0.0
2019-11-25 00:00:00+08:00,18.210121154785156,18.258553438536218,18.16169071853681,18.210121154785156,68000,0.0,0.0
2019-11-26 00:00:00+08:00,18.30698290686666,18.355415188057037,18.16168975830078,18.16168975830078,97000,0.0,0.0
2019-11-27 00:00:00+08:00,18.35541614523675,18.35541614523675,18.11326026916504,18.11326026916504,44000,0.0,0.0
2019-11-28 00:00:00+08:00,18.25855247317891,18.355415188057037,18.16168975830078,18.16168975830078,78000,0.0,0.0
2019-11-29 00:00:00+08:00,18.11326026916504,18.306983861520777,18.11326026916504,18.11326026916504,89395,0.0,0.0
2019-12-02 00:00:00+08:00,18.064827998537403,18.210121154785156,17.532085809794744,18.210121154785156,94000,0.0,0.0
2019-12-03 00:00:00+08:00,18.210120269872014,18.306982985164417,17.725808540912624,18.25855255126953,58000,0.0,0.0
2019-12-04 00:00:00+08:00,18.306982985164417,18.306982985164417,18.11325940208224,18.25855255126953,20000,0.0,0.0
2019-12-05 00:00:00+08:00,18.210121227368415,18.355416231698012,18.210121227368415,18.306983947753906,83000,0.0,0.0
2019-12-06 00:00:00+08:00,18.210121154785156,18.258553438536218,18.210121154785156,18.210121154785156,38000,0.0,0.0
2019-12-09 00:00:00+08:00,18.210120191988533,18.210120191988533,18.16168975830078,18.16168975830078,46000,0.0,0.0
2019-12-10 00:00:00+08:00,18.258552628535973,18.35541534423828,18.210120346933504,18.35541534423828,58000,0.0,0.0
2019-12-11 00:00:00+08:00,18.355415266561934,18.355415266561934,18.210120269872014,18.25855255126953,47000,0.0,0.0
2019-12-12 00:00:00+08:00,18.16168975830078,18.210120191988533,18.064827043422653,18.16168975830078,181000,0.0,0.0
2019-12-13 00:00:00+08:00,18.16168975830078,18.25855247317891,18.064827043422653,18.16168975830078,75427,0.0,0.0
2019-12-16 00:00:00+08:00,18.258553438536218,18.258553438536218,18.01639756228906,18.210121154785156,99000,0.0,0.0
2019-12-17 00:00:00+08:00,18.258552628535973,18.403845778338116,18.161689912833666,18.35541534423828,73000,0.0,0.0
2019-12-18 00:00:00+08:00,18.35541458524579,18.985019440022803,18.35541458524579,18.69443130493164,181000,0.0,0.0
2019-12-19 00:00:00+08:00,18.742864455220662,18.79129488956772,18.403845872283338,18.54913902282715,90000,0.0,0.0
2019-12-20 00:00:00+08:00,18.742864684352494,18.8397274017334,18.54913924959068,18.8397274017334,129399,0.0,0.0
2019-12-23 00:00:00+08:00,18.79129488956772,18.79129488956772,18.500708588480094,18.54913902282715,61000,0.0,0.0
2019-12-24 00:00:00+08:00,18.646001643842567,18.646001643842567,18.35541534423828,18.35541534423828,82000,0.0,0.0
2019-12-25 00:00:00+08:00,18.500709132669094,19.469332628122945,18.500709132669094,19.420900344848633,425000,0.0,0.0
2019-12-26 00:00:00+08:00,19.856782627105712,20.05050807466396,19.324040417574725,19.37247085571289,1331000,0.0,0.0
2019-12-27 00:00:00+08:00,19.37247070574027,19.469333428769524,19.033452098889256,19.081884384155273,253506,0.0,0.0
2019-12-30 00:00:00+08:00,19.130312748444386,19.227175460974998,18.88815689086914,18.88815689086914,166000,0.0,0.0
2019-12-31 00:00:00+08:00,18.88815776049872,18.88815776049872,18.597571457030575,18.74286460876465,178077,0.0,0.0
2020-01-02 00:00:00+08:00,18.742864684352494,18.8397274017334,18.646001966971586,18.8397274017334,137000,0.0,0.0
2020-01-03 00:00:00+08:00,18.83972709303341,18.88815752717897,18.30698307991909,18.4522762298584,191162,0.0,0.0
2020-01-06 00:00:00+08:00,18.45227701766326,18.45227701766326,18.11326026916504,18.11326026916504,130000,0.0,0.0
2020-01-07 00:00:00+08:00,18.306983787303203,18.306983787303203,18.01639747619629,18.01639747619629,82000,0.0,0.0
2020-01-08 00:00:00+08:00,17.91953468322754,18.016397402367147,17.82267196408793,17.91953468322754,81000,0.0,0.0
2020-01-09 00:00:00+08:00,17.967965119045992,18.016397402367147,17.871104247409086,17.91953468322754,113000,0.0,0.0
2020-01-10 00:00:00+08:00,18.016397237173095,18.016397237173095,17.628948211669922,17.628948211669922,174000,0.0,0.0
2020-01-13 00:00:00+08:00,17.628948226459997,17.774241380207748,17.628948226459997,17.72580909729004,67000,0.0,0.0
2020-01-14 00:00:00+08:00,17.48365235326838,17.774240493774414,17.48365235326838,17.774240493774414,129000,0.0,0.0
2020-01-15 00:00:00+08:00,17.774242469821097,17.967966070859696,17.774242469821097,17.871105194091797,72000,0.0,0.0
2020-01-16 00:00:00+08:00,17.774241454640954,17.871104173379315,17.774241454640954,17.82267189025879,85000,0.0,0.0
2020-01-17 00:00:00+08:00,17.82267189025879,17.967965044614985,17.677378735902593,17.82267189025879,127002,0.0,0.0
2020-01-20 00:00:00+08:00,17.871103207276427,17.871103207276427,17.774240493774414,17.774240493774414,71445,0.0,0.0
2020-01-30 00:00:00+08:00,17.43522263427101,17.43522263427101,16.030717849731445,16.030717849731445,425000,0.0,0.0
2020-01-31 00:00:00+08:00,15.594838384738978,16.27287371168253,15.594838384738978,15.982287406921387,178202,0.0,0.0
2020-02-03 00:00:00+08:00,15.836993718624353,15.836993718624353,14.965232062586937,15.207387924194336,366000,0.0,0.0
2020-02-04 00:00:00+08:00,15.255819484591484,15.546405783392174,15.207388126874264,15.49797534942627,174000,0.0,0.0
2020-02-05 00:00:00+08:00,15.59483917747079,15.98228821934838,15.497976455125702,15.788562774658203,84000,0.0,0.0
2020-02-06 00:00:00+08:00,15.88542484512458,16.224443435668945,15.788562126754377,16.224443435668945,83000,0.0,0.0
2020-02-07 00:00:00+08:00,16.224443435668945,16.224443435668945,16.224443435668945,16.224443435668945,0,0.0,0.0
2020-02-10 00:00:00+08:00,15.885425497003292,15.885425497003292,15.497976455125702,15.788562774658203,122047,0.0,0.0
2020-02-11 00:00:00+08:00,15.885424681673221,15.933856964111328,15.836994246737783,15.933856964111328,18000,0.0,0.0
2020-02-12 00:00:00+08:00,15.982287414748427,16.17601284968584,15.933856979765407,16.030717849731445,68000,0.0,0.0
2020-02-13 00:00:00+08:00,16.224443284668858,16.369736437120583,15.982287414748427,16.030717849731445,91000,0.0,0.0
2020-02-14 00:00:00+08:00,16.176013877185877,16.272874753304514,15.98228842994303,16.079151153564453,97314,0.0,0.0
2020-02-17 00:00:00+08:00,16.07915011642031,16.07915011642031,15.885424681673221,15.933856964111328,94000,0.0,0.0
2020-02-18 00:00:00+08:00,15.885424681673221,15.933856964111328,15.885424681673221,15.933856964111328,59000,0.0,0.0
2020-02-19 00:00:00+08:00,15.982287563494783,16.369736589472907,15.88542484512458,16.224443435668945,106000,0.0,0.0
2020-02-20 00:00:00+08:00,16.41816791766216,16.466598350279597,16.272872924804688,16.272872924804688,68000,0.0,0.0
2020-02-21 00:00:00+08:00,16.272873719651876,16.272873719651876,16.030717849731445,16.030717849731445,55008,0.0,0.0
2020-02-24 00:00:00+08:00,16.030717841880687,16.079150124342657,15.788561972078849,15.982287406921387,68000,0.0,0.0
2020-02-25 00:00:00+08:00,15.691701964452163,15.836995124816895,15.594839241708083,15.836995124816895,69000,0.0,0.0
2020-02-26 00:00:00+08:00,15.740131378173828,15.78856181264407,15.691700943703584,15.740131378173828,48000,0.0,0.0
2020-02-27 00:00:00+08:00,15.691701672966163,15.788562546408203,15.401113510131836,15.401113510131836,132000,0.0,0.0
2020-03-02 00:00:00+08:00,15.207388950159089,15.691701629799288,15.158957589819932,15.304251670837402,775000,0.0,0.0
2020-03-03 00:00:00+08:00,15.449542829039714,16.51502799987793,15.352681044646012,16.51502799987793,455000,0.0,0.0
2020-03-04 00:00:00+08:00,16.466598329528153,17.047772757717897,15.982286613953796,16.17601203918457,982000,0.0,0.0
2020-03-05 00:00:00+08:00,16.27287290429738,16.321305184356362,15.982286613953796,16.17601203918457,132000,0.0,0.0
2020-03-06 00:00:00+08:00,16.176013664038557,16.176013664038557,15.691701899815879,15.788562774658203,137000,0.0,0.0
2020-03-09 00:00:00+08:00,15.788562774658203,15.788562774658203,15.788562774658203,15.788562774658203,0,0.0,0.0
2020-03-10 00:00:00+08:00,15.304251670837402,15.304251670837402,14.819939914948568,15.304251670837402,186000,0.0,0.0
2020-03-11 00:00:00+08:00,15.40111263399183,16.708754673600197,15.40111263399183,15.49797534942627,596000,0.0,0.0
2020-03-12 00:00:00+08:00,15.304251235276185,15.304251235276185,14.577783622118309,14.626214981079102,406000,0.0,0.0
2020-03-13 00:00:00+08:00,14.626214981079102,14.626214981079102,14.626214981079102,14.626214981079102,0,0.0,0.0
2020-03-16 00:00:00+08:00,13.367003860357798,13.802884230246912,12.5921049118042,12.5921049118042,267000,0.0,0.0
2020-03-17 00:00:00+08:00,12.253086512572066,12.253086512572066,11.381325760027906,11.429757118225098,503000,0.0,0.0
2020-03-18 00:00:00+08:00,11.429758002821657,11.768775688937344,11.284463916985167,11.332895278930664,266000,0.0,0.0
2020-03-19 00:00:00+08:00,11.090738693170112,11.090738693170112,10.218977928161621,10.218977928161621,728000,0.0,0.0
2020-03-20 00:00:00+08:00,10.36427142202937,10.89701453983841,10.36427142202937,10.751721382141113,248000,0.0,0.0
2020-03-23 00:00:00+08:00,10.218977965579004,10.461133837162624,10.170546606512012,10.267409324645996,72000,0.0,0.0
2020-03-24 00:00:00+08:00,10.46113407230132,10.945445826354609,10.46113407230132,10.654858589172363,261000,0.0,0.0
2020-03-25 00:00:00+08:00,11.284463916985167,11.478189364767156,11.139170754900073,11.332895278930664,323000,0.0,0.0
2020-03-26 00:00:00+08:00,11.575050354003906,11.8172062230155,11.332894484992313,11.575050354003906,235000,0.0,0.0
2020-03-27 00:00:00+08:00,11.76877481735927,11.76877481735927,11.42975715635073,11.478188514709473,150000,0.0,0.0
2020-03-30 00:00:00+08:00,11.236032800731556,11.720344543457031,11.236032800731556,11.720344543457031,84000,0.0,0.0
2020-03-31 00:00:00+08:00,11.720344543457031,11.865637696774138,11.6234818254114,11.720344543457031,44000,0.0,0.0
2020-04-01 00:00:00+08:00,11.768775133564576,11.96250057220459,11.623481978335919,11.96250057220459,86000,0.0,0.0
2020-04-06 00:00:00+08:00,11.768775023544222,11.817206382751465,11.575050510466593,11.817206382751465,82000,0.0,0.0
2020-04-07 00:00:00+08:00,12.107792983585162,12.301517486572266,11.91406848059806,12.301517486572266,103000,0.0,0.0
2020-04-08 00:00:00+08:00,12.495242282239214,12.78582950540203,12.156224625008694,12.737398147583008,186000,0.0,0.0
2020-04-09 00:00:00+08:00,13.124848077341204,13.124848077341204,12.543673631415986,12.68896770477295,113000,0.0,0.0
2020-04-10 00:00:00+08:00,12.785829544067383,12.785829544067383,12.592105035956774,12.785829544067383,65000,0.0,0.0
2020-04-13 00:00:00+08:00,12.737398099812026,12.785829457449408,12.640536308288574,12.640536308288574,46000,0.0,0.0
2020-04-14 00:00:00+08:00,12.688967789970569,12.834260940551758,12.688967789970569,12.834260940551758,79000,0.0,0.0
2020-04-15 00:00:00+08:00,12.785829777584876,13.124848365783691,12.785829777584876,13.124848365783691,155000,0.0,0.0
2020-04-16 00:00:00+08:00,13.027986491992124,13.124849215966604,12.83426196779456,12.979555130004883,94000,0.0,0.0
2020-04-17 00:00:00+08:00,13.124848328009952,13.221710121679887,12.834261099497478,13.076416969299316,193000,0.0,0.0
2020-04-20 00:00:00+08:00,13.124848204560303,13.124848204560303,12.737398262270835,12.882692337036133,118000,0.0,0.0
2020-04-21 00:00:00+08:00,12.882692796444607,12.882692796444607,12.107793807983398,12.107793807983398,212000,0.0,0.0
2020-04-22 00:00:00+08:00,12.010930231202744,12.301517446615179,11.865637085372173,12.25308609008789,156000,0.0,0.0
2020-04-23 00:00:00+08:00,12.301517351262612,13.463865280151367,12.301517351262612,13.463865280151367,404000,0.0,0.0
2020-04-24 00:00:00+08:00,13.560728326392923,14.09347140968005,13.512296969048402,13.948177337646484,766000,0.0,0.0
2020-04-27 00:00:00+08:00,13.754452822899204,13.996608685709933,13.657591032025696,13.899746894836426,252000,0.0,0.0
2020-04-28 00:00:00+08:00,14.238764762878418,14.723076495790957,13.996608896422147,14.238764762878418,363000,0.0,0.0
2020-04-29 00:00:00+08:00,14.384058914148437,14.432489348698377,14.14190304639342,14.335627555847168,228000,0.0,0.0
2020-04-30 00:00:00+08:00,14.432489348698377,14.432489348698377,14.23876483924463,14.335627555847168,135000,0.0,0.0
2020-05-04 00:00:00+08:00,14.045040484899976,14.626214943430856,13.754453255634537,14.577783584594727,646000,0.0,0.0
2020-05-05 00:00:00+08:00,14.577783470512959,14.771507980590103,14.384058960435812,14.432489395141602,163000,0.0,0.0
2020-05-06 00:00:00+08:00,14.529352150210277,14.529352150210277,14.432489433041676,14.480920791625977,131000,0.0,0.0
2020-05-07 00:00:00+08:00,14.335627639624407,14.529352150210277,14.335627639624407,14.480920791625977,98000,0.0,0.0
2020-05-08 00:00:00+08:00,14.480920791625977,14.626214867378879,14.238764922455806,14.480920791625977,115000,0.0,0.0
2020-05-11 00:00:00+08:00,14.480920829399718,14.674645340490923,14.335627677019147,14.529352188110352,129000,0.0,0.0
2020-05-12 00:00:00+08:00,14.384058960435812,14.674645263675867,14.384058960435812,14.432489395141602,183000,0.0,0.0
2020-05-13 00:00:00+08:00,14.577783622118309,14.674645416288556,14.480920904196722,14.626214981079102,131000,0.0,0.0
2020-05-14 00:00:00+08:00,14.626214988654622,15.740131626573106,14.48092091169699,14.67464542388916,1650000,0.0,0.0
2020-05-15 00:00:00+08:00,14.965232569003396,14.965232569003396,14.480920829399718,14.529352188110352,169000,0.0,0.0
2020-05-18 00:00:00+08:00,14.626214781903451,14.72307657475466,14.2871961975459,14.335627555847168,120000,0.0,0.0
2020-05-19 00:00:00+08:00,14.335627555847168,14.480920706999646,14.23876483924463,14.335627555847168,116000,0.0,0.0
2020-05-20 00:00:00+08:00,14.33562759390171,14.480920745439876,14.190333518612217,14.384058952331543,148000,0.0,0.0
2020-05-21 00:00:00+08:00,14.577783546820987,14.674645340490923,14.432489470689083,14.529352188110352,119000,0.0,0.0
2020-05-22 00:00:00+08:00,14.77150793305593,14.965232442509677,14.335627555847168,14.335627555847168,217000,0.0,0.0
2020-05-25 00:00:00+08:00,14.33562759390171,14.723076613837705,14.28719623547188,14.384058952331543,209000,0.0,0.0
2020-05-26 00:00:00+08:00,14.529352263157516,14.91680128734118,14.238765033144098,14.626214981079102,366000,0.0,0.0
2020-05-27 00:00:00+08:00,14.723076737351777,14.723076737351777,14.384059073001545,14.577783584594727,126000,0.0,0.0
2020-05-28 00:00:00+08:00,14.674645651204159,15.013664245605469,14.287196620818108,15.013664245605469,483000,0.0,0.0
2020-05-29 00:00:00+08:00,15.062095757206754,16.51503009767949,15.062095757206754,15.255820274353027,5258000,0.0,0.0
2020-06-01 00:00:00+08:00,15.207387884655782,15.207387884655782,14.819938876591818,15.158956527709961,431000,0.0,0.0
2020-06-02 00:00:00+08:00,15.25582012053459,15.25582012053459,14.965232885869375,15.013664245605469,206000,0.0,0.0
2020-06-03 00:00:00+08:00,15.158956527709961,15.255819241601603,15.0136633806238,15.158956527709961,230000,0.0,0.0
2020-06-04 00:00:00+08:00,15.304251634577437,15.304251634577437,15.062095757206754,15.255820274353027,149000,0.0,0.0
2020-06-05 00:00:00+08:00,15.255820274353027,15.401113431274892,15.110527117431163,15.255820274353027,165000,0.0,0.0
2020-06-08 00:00:00+08:00,15.207387874978606,15.304250588808609,15.110526084899902,15.110526084899902,141000,0.0,0.0
2020-06-09 00:00:00+08:00,15.207387884655782,15.255819241601603,15.110526094515441,15.158956527709961,127000,0.0,0.0
2020-06-10 00:00:00+08:00,15.110526890626593,15.158957326372713,14.81993965739313,14.916801452636719,170000,0.0,0.0
2020-06-11 00:00:00+08:00,15.013664051277562,15.06209541038679,14.577783666797192,14.723076820373535,215000,0.0,0.0
2020-06-12 00:00:00+08:00,14.14190304639342,14.432489348698377,14.093471688092153,14.335627555847168,165000,0.0,0.0
2020-06-15 00:00:00+08:00,14.529352026470637,14.577783384642471,14.287196159362793,14.287196159362793,102000,0.0,0.0
2020-06-16 00:00:00+08:00,14.48092091169699,14.67464542388916,14.432489552711113,14.67464542388916,89000,0.0,0.0
2020-06-17 00:00:00+08:00,14.67464542388916,14.819939500846793,14.48092091169699,14.67464542388916,127000,0.0,0.0
2020-06-18 00:00:00+08:00,14.86837105363811,15.06209556835543,14.723076974786606,14.965232849121094,157000,0.0,0.0
2020-06-19 00:00:00+08:00,15.0136633710699,15.304250588808609,15.0136633710699,15.110526084899902,126000,0.0,0.0
2020-06-22 00:00:00+08:00,15.207387924194336,15.497975142873473,15.207387924194336,15.207387924194336,101000,0.0,0.0
2020-06-23 00:00:00+08:00,15.207387924194336,15.352681995409556,15.158956567122594,15.207387924194336,57000,0.0,0.0
2020-06-24 00:00:00+08:00,15.207388950159089,15.304251670837402,15.062095792892984,15.304251670837402,141000,0.0,0.0
2020-06-29 00:00:00+08:00,15.207388202482253,15.59483814239502,14.819939186320806,15.59483814239502,342000,0.0,0.0
2020-06-30 00:00:00+08:00,15.788561818475326,17.144636154174805,15.546405951029369,17.144636154174805,2129000,0.0,0.0
2020-07-01 00:00:00+08:00,17.09620468581039,17.96796548060332,16.99934196472168,16.99934196472168,3542000,0.0,0.0
2020-07-02 00:00:00+08:00,16.85404960791066,16.85404960791066,16.46660055264315,16.66032600402832,596000,0.0,0.0
2020-07-03 00:00:00+08:00,16.563461224423545,16.6603239381049,16.272873083379476,16.466598510742188,311000,0.0,0.0
2020-07-06 00:00:00+08:00,16.515028084207128,17.096202488541934,16.515028084207128,16.61189079284668,466000,0.0,0.0
2020-07-07 00:00:00+08:00,16.708754290264835,16.805617003477035,16.321305284918633,16.369735717773438,323000,0.0,0.0
2020-07-08 00:00:00+08:00,16.321307460200806,17.096205574170604,16.321307460200806,16.854049682617188,1047000,0.0,0.0
2020-07-09 00:00:00+08:00,16.85404960791066,16.950912333603245,16.66032600402832,16.66032600402832,296000,0.0,0.0
2020-07-10 00:00:00+08:00,16.708754187315332,16.902479612546106,16.079149326569183,16.17601203918457,547000,0.0,0.0
2020-07-13 00:00:00+08:00,16.27287290429738,16.321305184356362,16.127579759125588,16.17601203918457,212000,0.0,0.0
2020-07-14 00:00:00+08:00,16.17601284968584,16.321306002137565,16.030717849731445,16.030717849731445,187000,0.0,0.0
2020-07-15 00:00:00+08:00,16.176012841763928,16.22444327672323,15.885424689500118,15.982287406921387,173000,0.0,0.0
2020-07-16 00:00:00+08:00,15.982287406921387,16.127580559301958,15.933856971962086,15.982287406921387,139000,0.0,0.0
2020-07-17 00:00:00+08:00,16.030718722802284,16.07915100792571,15.594839241708083,15.836995124816895,257000,0.0,0.0
2020-07-20 00:00:00+08:00,15.98228821934838,15.98228821934838,15.643269614891953,15.788562774658203,57000,0.0,0.0
2020-07-21 00:00:00+08:00,16.079150355356727,17.14463656729352,16.03071807219892,16.321306228637695,389000,0.0,0.0
2020-07-22 00:00:00+08:00,16.46659900222088,17.386792038404874,16.418168567686,17.241497039794922,1020000,0.0,0.0
2020-07-23 00:00:00+08:00,17.24149660772091,17.386791602689755,16.563461303710938,16.563461303710938,1551000,0.0,0.0
2020-07-24 00:00:00+08:00,16.563461872057992,16.805617741978423,15.982287414748427,16.030717849731445,345000,0.0,0.0
2020-07-27 00:00:00+08:00,15.982287245530348,16.030717680000592,15.691700943703584,15.740131378173828,261000,0.0,0.0
2020-07-28 00:00:00+08:00,15.838815062393541,15.937499649531123,15.296052656514764,15.394737243652344,295000,0.3,0.0
2020-07-29 00:00:00+08:00,15.394737243652344,15.690789122813143,15.197368069377182,15.394737243652344,170000,0.0,0.0
2020-07-30 00:00:00+08:00,15.444078694428486,15.789473810483196,15.444078694428486,15.690789222717285,155000,0.0,0.0
2020-07-31 00:00:00+08:00,15.690789374168292,15.789473962886728,15.592105726575841,15.641448020935059,102000,0.0,0.0
2020-08-03 00:00:00+08:00,15.641447340774844,15.789473276289682,15.444078171920467,15.542762756347656,110000,0.0,0.0
2020-08-04 00:00:00+08:00,15.690788691862494,15.740130984076087,15.493420464134061,15.542762756347656,90000,0.0,0.0
2020-08-05 00:00:00+08:00,15.789473112347798,15.986842279152894,15.740130820646524,15.937499046325684,160000,0.0,0.0
2020-08-06 00:00:00+08:00,15.937499046325684,16.08552498030357,15.838814462923136,15.937499046325684,109000,0.0,0.0
2020-08-07 00:00:00+08:00,15.937499471557771,15.937499471557771,15.740131240612584,15.789473533630371,104000,0.0,0.0
2020-08-10 00:00:00+08:00,16.03618377990761,16.03618377990761,15.69078867588999,15.888157844543457,77000,0.0,0.0
2020-08-11 00:00:00+08:00,15.888158551605164,15.986843140323602,15.641448020935059,15.641448020935059,211000,0.0,0.0
2020-08-12 00:00:00+08:00,15.64144759570297,15.98684270570152,15.49342071664961,15.789473533630371,97000,0.0,0.0
2020-08-13 00:00:00+08:00,16.1842098236084,16.381578993583048,16.03618388725336,16.1842098236084,336000,0.0,0.0
2020-08-14 00:00:00+08:00,16.18421059085015,16.578947067260742,15.937500057812032,16.578947067260742,388000,0.0,0.0
2020-08-17 00:00:00+08:00,16.677630683149097,17.072367136511726,16.57894609924547,16.924341201782227,465000,0.0,0.0
2020-08-18 00:00:00+08:00,16.973685014360793,16.973685014360793,16.529605312759024,16.726974487304688,218000,0.0,0.0
2020-08-19 00:00:00+08:00,16.726973540206895,16.726973540206895,16.332235213466046,16.38157844543457,212000,0.0,0.0
2020-08-20 00:00:00+08:00,16.381578900600925,16.381578900600925,15.246709944192036,15.542762756347656,486000,0.0,0.0
2020-08-21 00:00:00+08:00,15.592105137062306,15.888157950898329,15.592105137062306,16.1842098236084,159000,0.0,0.0
2020-08-24 00:00:00+08:00,15.838814462923136,15.986842279152894,15.740130820646524,15.937499046325684,94000,0.0,0.0
2020-08-25 00:00:00+08:00,16.08552498030357,16.08552498030357,15.838814462923136,15.937499046325684,80000,0.0,0.0
2020-08-26 00:00:00+08:00,15.937499573818128,16.134868747155664,15.937499573818128,16.085525512695312,110000,0.0,0.0
2020-08-27 00:00:00+08:00,16.1842098236084,16.23355305722801,16.134868472240687,16.1842098236084,57000,0.0,0.0
2020-08-28 00:00:00+08:00,16.184209973651324,16.282894559553547,16.0855253877491,16.134868621826172,56000,0.0,0.0
2020-08-31 00:00:00+08:00,16.233553207728395,16.3322359113787,15.888158098196572,16.134868621826172,163000,0.0,0.0
2020-09-01 00:00:00+08:00,16.233553142344455,17.121710647383395,16.184209908466123,16.82565689086914,987000,0.0,0.0
2020-09-02 00:00:00+08:00,17.023026987558715,17.368422114481323,16.628290506326596,17.171052932739258,883000,0.0,0.0
2020-09-03 00:00:00+08:00,17.368422114481323,17.467106705352357,17.072368341868223,17.171052932739258,493000,0.0,0.0
2020-09-04 00:00:00+08:00,16.9243411742251,17.66447272891936,16.72697388899109,17.615131378173828,925000,0.0,0.0
2020-09-07 00:00:00+08:00,17.713817110321962,18.05921035243665,17.220396041870117,17.220396041870117,997000,0.0,0.0
2020-09-08 00:00:00+08:00,17.516446389940135,17.516446389940135,16.97368401526526,17.07236671447754,217000,0.0,0.0
2020-09-09 00:00:00+08:00,17.269737395814502,17.269737395814502,16.973685507644195,17.220396041870117,177000,0.0,0.0
2020-09-10 00:00:00+08:00,17.319077808110695,17.417762392885926,16.875,16.875,582000,0.0,0.0
2020-09-11 00:00:00+08:00,16.825656958637897,16.875000192714968,16.03618403592395,16.134868621826172,536000,0.0,0.0
2020-09-14 00:00:00+08:00,16.282894559553547,16.38157914545577,16.03618403592395,16.134868621826172,197000,0.0,0.0
2020-09-15 00:00:00+08:00,16.282893863749358,16.77631488992358,16.134867932347458,16.38157844543457,166000,0.0,0.0
2020-09-16 00:00:00+08:00,16.480263151070794,16.480263151070794,16.282893986215917,16.33223533630371,61000,0.0,0.0
2020-09-17 00:00:00+08:00,16.480263960248582,16.825657192325572,16.480263960248582,16.726974487304688,185000,0.0,0.0
2020-09-18 00:00:00+08:00,16.776316118635044,16.973685296460953,16.578946940809136,16.6282901763916,133000,0.0,0.0
2020-09-21 00:00:00+08:00,16.776316555899587,16.776316555899587,16.282895480726072,16.48026466369629,163000,0.0,0.0
2020-09-22 00:00:00+08:00,16.480262878741065,16.480262878741065,16.134867787078477,16.430919647216797,80000,0.0,0.0
2020-09-23 00:00:00+08:00,16.33223563471792,16.381578867959142,16.134868348508707,16.233552932739258,113000,0.0,0.0
2020-09-24 00:00:00+08:00,16.08552581540478,16.48026416950833,15.74013163781614,15.98684310913086,972000,0.0,0.0
2020-09-25 00:00:00+08:00,16.03618438099822,16.18421032191089,15.296052794182916,15.3453950881958,473000,0.0,0.0
2020-09-28 00:00:00+08:00,15.394736820832819,15.59210504856125,15.394736820832819,15.542762756347656,85000,0.0,0.0
2020-09-29 00:00:00+08:00,15.641447203585017,15.690788554239896,15.493420328242564,15.5921049118042,67000,0.0,0.0
2020-09-30 00:00:00+08:00,15.592105576077351,15.690789222717285,15.49342098831144,15.690789222717285,66000,0.0,0.0
2020-10-05 00:00:00+08:00,15.789473383988396,15.937499320512906,15.789473383988396,15.838814735412598,90000,0.0,0.0
2020-10-06 00:00:00+08:00,16.134868747155664,16.18421009936408,15.986842808278478,16.085525512695312,121000,0.0,0.0
2020-10-07 00:00:00+08:00,16.1842098236084,16.282894408595723,15.986842535885652,16.1842098236084,60000,0.0,0.0
2020-10-08 00:00:00+08:00,16.33223548505868,16.33223548505868,16.134868200658026,16.282894134521484,67000,0.0,0.0
2020-10-12 00:00:00+08:00,16.1842098236084,16.282894408595723,16.03618388725336,16.1842098236084,98000,0.0,0.0
2020-10-13 00:00:00+08:00,16.578946790157612,16.776315966190044,16.480264084393358,16.677631378173828,325000,0.0,0.0
2020-10-14 00:00:00+08:00,16.677630683149097,16.97368443485998,16.677630683149097,16.924341201782227,255000,0.0,0.0
2020-10-15 00:00:00+08:00,16.973684162660703,17.023025512695312,16.62828906566289,17.023025512695312,165000,0.0,0.0
2020-10-16 00:00:00+08:00,16.973685633249207,17.22039616930078,16.77631645150714,17.171052932739258,359000,0.0,0.0
2020-10-19 00:00:00+08:00,17.269737572064493,17.86184323669997,17.220396217616546,17.8125,800000,0.0,0.0
2020-10-20 00:00:00+08:00,17.76315689086914,18.108551984641963,17.516446378495957,17.76315689086914,620000,0.0,0.0
2020-10-21 00:00:00+08:00,17.763157039072485,17.763157039072485,17.46710517465535,17.713815689086914,191000,0.0,0.0
2020-10-22 00:00:00+08:00,17.763157312662305,17.960526480148193,17.41776221068794,17.615131378173828,503000,0.0,0.0
2020-10-23 00:00:00+08:00,17.664472853481794,17.664472853481794,17.368420982417206,17.56578826904297,135000,0.0,0.0
2020-10-26 00:00:00+08:00,17.66447272891936,17.66447272891936,17.41776221068794,17.615131378173828,172000,0.0,0.0
2020-10-27 00:00:00+08:00,17.269737243652344,17.467106422194878,17.269737243652344,17.269737243652344,572000,0.0,0.0
2020-10-28 00:00:00+08:00,17.319078597161983,17.56578912921416,17.023026711600167,17.269737243652344,173000,0.0,0.0
2020-10-29 00:00:00+08:00,16.82565689086914,17.023026061878642,16.677630953737967,16.82565689086914,320000,0.0,0.0
2020-10-30 00:00:00+08:00,16.578945577285957,16.628288808810225,16.282893717147637,16.430919647216797,342000,0.0,0.0
2020-11-02 00:00:00+08:00,16.529604627715504,16.973684310913086,16.480263277249936,16.973684310913086,393000,0.0,0.0
2020-11-03 00:00:00+08:00,16.77631645150714,17.368422114481323,16.77631645150714,17.171052932739258,1207000,0.0,0.0
2020-11-04 00:00:00+08:00,17.17105280567373,17.220396041870117,17.02302686158858,17.220396041870117,188000,0.0,0.0
2020-11-05 00:00:00+08:00,17.12171157842975,17.171052932739258,16.92434239668768,17.171052932739258,91000,0.0,0.0
2020-11-06 00:00:00+08:00,17.171051595027226,17.171051595027226,16.77631514454708,16.973684310913086,187000,0.0,0.0
2020-11-09 00:00:00+08:00,17.02302587800726,17.56578826904297,16.973684526913793,17.56578826904297,181000,0.0,0.0
2020-11-10 00:00:00+08:00,17.41776168362683,17.41776168362683,16.924340662094895,17.1217098236084,184000,0.0,0.0
2020-11-11 00:00:00+08:00,17.072366862729922,17.17105144505099,16.973684162660703,17.023025512695312,222000,0.0,0.0
2020-11-12 00:00:00+08:00,17.023026648803267,18.552631188983348,16.97368529547564,17.960527420043945,11327000,0.0,0.0
2020-11-13 00:00:00+08:00,17.81249972130917,18.059210254192966,17.713817013957243,17.911184310913086,620000,0.0,0.0
2020-11-16 00:00:00+08:00,17.911183759606452,18.40460481018653,17.911183759606452,18.108552932739258,994000,0.0,0.0
2020-11-17 00:00:00+08:00,18.256577915615505,18.256577915615505,17.6644723094695,17.76315689086914,612000,0.0,0.0
2020-11-18 00:00:00+08:00,17.763157437920622,17.81249878901409,17.5164469179495,17.56578826904297,330000,0.0,0.0
2020-11-19 00:00:00+08:00,17.66447365332227,18.059210126699195,17.565789064415043,17.960527420043945,394000,0.0,0.0
2020-11-20 00:00:00+08:00,17.96052699401562,18.20723751930566,17.812499173040052,18.108552932739258,459000,0.0,0.0
2020-11-23 00:00:00+08:00,18.30592099494262,18.552631530627842,18.20723828647014,18.5032901763916,688000,0.0,0.0
2020-11-24 00:00:00+08:00,18.503288525262708,19.39144599802495,18.256578011592538,19.095394134521484,1376000,0.0,0.0
2020-11-25 00:00:00+08:00,19.095394682192893,19.539472490184604,18.898025512695312,18.898025512695312,767000,0.0,0.0
2020-11-26 00:00:00+08:00,18.89802509268329,19.391446123208976,18.700657809824133,19.046051025390625,327000,0.0,0.0
2020-11-27 00:00:00+08:00,19.24342077078653,19.24342077078653,18.74999972538175,18.848684310913086,374000,0.0,0.0
2020-11-30 00:00:00+08:00,19.144736619810804,19.144736619810804,18.700658798217773,18.700658798217773,356000,0.0,0.0
2020-12-01 00:00:00+08:00,18.700658647637617,18.996710526315788,18.50328947368421,18.75,453000,0.0,0.0
2020-12-02 00:00:00+08:00,18.898025512695312,18.947368746195657,18.70065822544963,18.898025512695312,239000,0.0,0.0
2020-12-03 00:00:00+08:00,18.99671102181459,19.440790733666898,18.94736966816522,19.24342155456543,611000,0.0,0.0
2020-12-04 00:00:00+08:00,19.440790733666898,19.53947344096564,19.095395611365326,19.24342155456543,404000,0.0,0.0
2020-12-07 00:00:00+08:00,19.24342019050164,19.342104773057148,18.996709675238797,19.046051025390625,436000,0.0,0.0
2020-12-08 00:00:00+08:00,19.194079266941685,19.24342061819013,18.848684161446865,18.898025512695312,241000,0.0,0.0
2020-12-09 00:00:00+08:00,18.89802621905434,19.0460521605844,18.503289747556853,18.651315689086914,617000,0.0,0.0
2020-12-10 00:00:00+08:00,18.651315689086914,18.84868486596164,18.503289747556853,18.651315689086914,262000,0.0,0.0
2020-12-11 00:00:00+08:00,18.55263074891017,18.70065856988574,17.911183759606452,18.108552932739258,319000,0.0,0.0
2020-12-14 00:00:00+08:00,17.960527603196446,18.65131596808739,17.960527603196446,18.552631378173828,191000,0.0,0.0
2020-12-15 00:00:00+08:00,18.65131505310002,18.8486842232447,18.108552658580003,18.207237243652344,138000,0.0,0.0
2020-12-16 00:00:00+08:00,18.207237243652344,18.453947765207243,18.108552658580003,18.207237243652344,253000,0.0,0.0
2020-12-17 00:00:00+08:00,18.256578871462896,18.256578871462896,17.96052699401562,18.108552932739258,98000,0.0,0.0
2020-12-18 00:00:00+08:00,18.10855236255048,18.35526288007228,18.059209129695,18.305919647216797,119000,0.0,0.0
2020-12-21 00:00:00+08:00,18.30592022362013,18.30592022362013,18.108552932739258,18.108552932739258,63000,0.0,0.0
2020-12-22 00:00:00+08:00,18.157894998208185,18.305920942746848,17.76315851868775,17.86184310913086,199000,0.0,0.0
2020-12-23 00:00:00+08:00,17.911184033749333,18.157894562815446,17.861842680836897,18.009868621826172,126000,0.0,0.0
2020-12-24 00:00:00+08:00,18.009868621826172,18.207237797979847,18.009868621826172,18.009868621826172,116000,0.0,0.0
2020-12-25 00:00:00+08:00,18.108553058359863,18.30592035060989,18.0592098236084,18.0592098236084,117000,0.0,0.0
2020-12-28 00:00:00+08:00,18.059209448679024,19.539472579956055,18.059209448679024,19.539472579956055,1291000,0.0,0.0
2020-12-29 00:00:00+08:00,20.1315781362244,21.217104805024892,20.032893551378557,20.921052932739258,5431000,0.0,0.0
2020-12-30 00:00:00+08:00,20.921054049542125,20.921054049542125,20.082237856952805,20.526315689086914,1283000,0.0,0.0
2020-12-31 00:00:00+08:00,20.427632430800823,20.723684310913086,20.082237315835215,20.723684310913086,655000,0.0,0.0
2021-01-04 00:00:00+08:00,20.72368361529182,21.118420069608906,20.624999031149578,20.970394134521484,1081000,0.0,0.0
2021-01-05 00:00:00+08:00,21.0197353795109,23.042762756347656,20.72368351082839,23.042762756347656,5555000,0.0,0.0
2021-01-06 00:00:00+08:00,21.907895436807337,22.450657840489832,20.773025512695312,20.773025512695312,3132000,0.0,0.0
2021-01-07 00:00:00+08:00,20.773024593089524,21.01973510788751,20.279603563493556,20.427631378173828,625000,0.0,0.0
2021-01-08 00:00:00+08:00,20.5263139430831,20.5263139430831,19.687499704096773,19.786182403564453,616000,0.0,0.0
2021-01-11 00:00:00+08:00,20.1315776493675,20.1315776493675,19.539472036863664,19.736841201782227,333000,0.0,0.0
2021-01-12 00:00:00+08:00,19.78618244344685,20.03289295711702,18.996709552603047,19.095394134521484,596000,0.0,0.0
2021-01-13 00:00:00+08:00,19.39144721841709,19.539473159484768,19.194079924410836,19.342105865478516,134000,0.0,0.0
2021-01-14 00:00:00+08:00,19.243420027484845,20.230262080176377,19.243420027484845,19.786182403564453,339000,0.0,0.0
2021-01-15 00:00:00+08:00,19.835526401722653,19.835526401722653,18.700658373742034,18.848684310913086,542000,0.0,0.0
2021-01-18 00:00:00+08:00,18.65131457742045,19.046051025390625,18.157893546894766,19.046051025390625,226000,0.0,0.0
2021-01-19 00:00:00+08:00,19.095394700972783,20.921052932739258,19.04605146742391,20.921052932739258,2327000,0.0,0.0
2021-01-20 00:00:00+08:00,22.993419647216797,22.993419647216797,22.499998608587664,22.993419647216797,11548000,0.0,0.0
2021-01-21 00:00:00+08:00,21.315790025405732,22.549342667127686,20.82236896871695,21.365131378173828,5080000,0.0,0.0
2021-01-22 00:00:00+08:00,20.575658015311422,20.97039447605741,19.835526445568217,20.18092155456543,2049000,0.0,0.0
2021-01-25 00:00:00+08:00,20.18092108267686,21.56249960410847,19.934210565197937,21.01973533630371,1592000,0.0,0.0
2021-01-26 00:00:00+08:00,21.01973595818499,21.06907919249175,20.03289385907298,20.13157844543457,891000,0.0,0.0
2021-01-27 00:00:00+08:00,20.921053254075332,20.921053254075332,19.73684198224015,20.13157844543457,783000,0.0,0.0
2021-01-28 00:00:00+08:00,19.835527420043945,20.23026390018247,19.440790939905423,19.835527420043945,861000,0.0,0.0
2021-01-29 00:00:00+08:00,20.082236299263787,20.18092088172307,19.588815269219232,19.736841201782227,501000,0.0,0.0
2021-02-01 00:00:00+08:00,19.588816394675302,19.638157747613874,19.046052101091195,19.342105865478516,287000,0.0,0.0
2021-02-02 00:00:00+08:00,19.44079002631973,19.68750055009408,19.342105440359603,19.490131378173828,692000,0.0,0.0
2021-02-03 00:00:00+08:00,19.736841053830613,20.082236148723016,19.53947189039157,19.786182403564453,353000,0.0,0.0
2021-02-04 00:00:00+08:00,19.83552593367819,20.180921033761884,19.63815676727269,19.6875,210000,0.0,0.0
2021-02-05 00:00:00+08:00,19.934210920764787,19.934210920764787,19.490131228480916,19.539472579956055,252000,0.0,0.0
2021-02-17 00:00:00+08:00,19.934211857872846,20.131579155303548,19.44079079091809,19.884868621826172,472000,0.0,0.0
2021-02-18 00:00:00+08:00,20.03289363419568,21.5625,20.03289363419568,21.5625,1302000,0.0,0.0
2021-02-19 00:00:00+08:00,20.82236776717591,21.8092098236084,20.82236776717591,21.8092098236084,1050000,0.0,0.0
2021-02-22 00:00:00+08:00,22.499999658572175,22.499999658572175,21.611842124043374,21.957237243652344,997000,0.0,0.0
2021-02-23 00:00:00+08:00,21.710525661789127,22.15460534868102,21.56249972690912,21.661184310913086,881000,0.0,0.0
2021-02-24 00:00:00+08:00,21.661185014198743,22.00657824604886,21.414474487304688,21.414474487304688,655000,0.0,0.0
2021-02-25 00:00:00+08:00,21.710526366676774,21.858552306362817,21.414474487304688,21.414474487304688,624000,0.0,0.0
2021-02-26 00:00:00+08:00,21.16776287942694,21.562499325848854,20.97039371509006,21.118419647216797,508000,0.0,0.0
2021-03-02 00:00:00+08:00,21.611841676592572,22.05592137578875,20.773025512695312,20.773025512695312,817000,0.0,0.0
2021-03-03 00:00:00+08:00,21.167764511715408,21.463816398798034,20.476974265519964,21.217105865478516,633000,0.0,0.0
2021-03-04 00:00:00+08:00,21.217105713850255,21.809211366036006,21.167764360439765,21.266447067260742,523000,0.0,0.0
2021-03-05 00:00:00+08:00,21.217105713850255,21.907895955108962,20.970395182293856,21.266447067260742,547000,0.0,0.0
2021-03-08 00:00:00+08:00,21.26644590666058,21.365130490347898,20.328947067260742,20.328947067260742,667000,0.0,0.0
2021-03-09 00:00:00+08:00,20.328947067260742,20.526314352383505,20.082236549168385,20.328947067260742,280000,0.0,0.0
2021-03-10 00:00:00+08:00,20.624998511312597,20.674341743266005,20.427631230254487,20.476972579956055,129000,0.0,0.0
2021-03-11 00:00:00+08:00,20.230262433271896,21.06907856915062,20.082236499234916,21.01973533630371,609000,0.0,0.0
2021-03-12 00:00:00+08:00,21.217105713850255,21.414474891996164,20.42763276577057,21.266447067260742,1371000,0.0,0.0
2021-03-15 00:00:00+08:00,21.217105713850255,21.51315759881714,20.92105382888337,21.266447067260742,838000,0.0,0.0
2021-03-16 00:00:00+08:00,21.36513050682553,22.49999851447526,21.217104572306326,22.351972579956055,3549000,0.0,0.0
2021-03-17 00:00:00+08:00,23.338815961270118,24.572368621826172,23.240131371975238,24.572368621826172,19195000,0.0,0.0
2021-03-18 00:00:00+08:00,24.572367561950013,24.868421317065017,24.02960516761703,24.276315689086914,6545000,0.0,0.0
2021-03-19 00:00:00+08:00,23.881578885828624,26.447366766209456,23.881578885828624,25.75657844543457,7200000,0.0,0.0
2021-03-22 00:00:00+08:00,25.559210683072067,26.496711455530633,25.065789620146923,25.263158798217773,3920000,0.0,0.0
2021-03-23 00:00:00+08:00,25.164472753351383,25.509867853867366,24.177630684592508,24.424341201782227,2217000,0.0,0.0
2021-03-24 00:00:00+08:00,24.424342334843782,24.86842203928718,24.029605865478516,24.029605865478516,973000,0.0,0.0
2021-03-25 00:00:00+08:00,23.980262205859393,24.621711074755343,23.980262205859393,24.177631378173828,825000,0.0,0.0
2021-03-26 00:00:00+08:00,24.078945954910548,24.572366986290895,24.029604604673256,24.473682403564453,718000,0.0,0.0
2021-03-29 00:00:00+08:00,24.572368621826172,24.917763743232264,24.32565808971496,24.572368621826172,1193000,0.0,0.0
2021-03-30 00:00:00+08:00,24.967104384025248,25.460525434162125,24.325657395297693,24.81907844543457,1769000,0.0,0.0
2021-03-31 00:00:00+08:00,24.86842224011814,27.286184310913086,24.86842224011814,27.286184310913086,7654000,0.0,0.0
2021-04-01 00:00:00+08:00,27.38486815874256,29.506578288284842,25.855263663136988,26.20065689086914,17392000,0.0,0.0
2021-04-07 00:00:00+08:00,26.10197483047873,27.483553422217717,26.10197483047873,26.644737243652344,2506000,0.0,0.0
2021-04-08 00:00:00+08:00,26.64473618225966,26.99013128699859,26.151315141847444,26.348684310913086,2015000,0.0,0.0
2021-04-09 00:00:00+08:00,26.792762631141,27.434209619513243,26.151315642768758,26.842105865478516,2297000,0.0,0.0
2021-04-12 00:00:00+08:00,27.236842336143933,28.815790072576554,27.088816397595984,28.174341201782227,4639000,0.0,0.0
2021-04-13 00:00:00+08:00,28.815789332291974,30.98684076714155,28.61842016446388,29.111841201782227,11628000,0.0,0.0
2021-04-14 00:00:00+08:00,29.45723786137888,30.34539539904693,27.828948728612122,29.901315689086914,6552000,0.0,0.0
2021-04-15 00:00:00+08:00,29.60526361419823,30.64144708779438,29.062501200838714,29.30921173095703,3465000,0.0,0.0
2021-04-16 00:00:00+08:00,29.605262875556946,31.77631623933189,29.309210999702145,31.578947067260742,6072000,0.0,0.0
2021-04-19 00:00:00+08:00,33.157893204606424,33.35526237840248,30.78947441256532,31.480262756347656,5478000,0.0,0.0
2021-04-20 00:00:00+08:00,31.332236460851682,32.072368030793065,30.690789476686206,30.9375,1910000,0.0,0.0
2021-04-21 00:00:00+08:00,31.52960539023284,31.52960539023284,30.148024964485625,30.345394134521484,1999000,0.0,0.0
2021-04-22 00:00:00+08:00,30.592105638096445,30.789474814468818,28.667762756347656,28.667762756347656,2644000,0.0,0.0
2021-04-23 00:00:00+08:00,28.717105664074406,29.901315062047942,27.927630849840106,29.457237243652344,2109000,0.0,0.0
2021-04-26 00:00:00+08:00,29.753289555818824,29.851974144316547,29.11184255396159,29.30921173095703,1653000,0.0,0.0
2021-04-27 00:00:00+08:00,29.802631705268716,31.77631587429971,29.358552014335984,31.036184310913086,5418000,0.0,0.0
2021-04-28 00:00:00+08:00,32.07236856269822,34.095394134521484,31.381578333062404,34.095394134521484,10711000,0.0,0.0
2021-04-29 00:00:00+08:00,34.24342085262088,34.24342085262088,32.12170887954564,32.467105865478516,7628000,0.0,0.0
2021-05-03 00:00:00+08:00,32.46710632859613,32.516447680289275,29.50657817070945,29.605262756347656,3738000,0.0,0.0
2021-05-04 00:00:00+08:00,29.605262780770925,30.444078936009817,26.64473650269383,27.582237243652344,4118000,0.0,0.0
2021-05-05 00:00:00+08:00,27.63157775338772,29.555920528399398,27.187498072307534,27.87828826904297,1740000,0.0,0.0
2021-05-06 00:00:00+08:00,27.92763146937664,28.865132243873315,27.088817166381904,27.23684310913086,1479000,0.0,0.0
2021-05-07 00:00:00+08:00,28.27302628585487,28.865131932720033,27.483553344869296,28.667762756347656,1592000,0.0,0.0
2021-05-10 00:00:00+08:00,28.8157902793061,28.963816218916012,27.38486847115574,27.4342098236084,1341000,0.0,0.0
2021-05-11 00:00:00+08:00,26.940788748079836,26.940788748079836,24.720394008988027,24.769737243652344,2687000,0.0,0.0
2021-05-12 00:00:00+08:00,24.769737741202512,24.769737741202512,22.302632425988158,22.598684310913086,2392000,0.0,0.0
2021-05-13 00:00:00+08:00,22.30263200461123,24.27631621949272,20.427632376924205,22.7467098236084,1608000,0.0,0.0
2021-05-14 00:00:00+08:00,23.289474552073898,24.424342620622106,22.302632425988158,22.598684310913086,1216000,0.0,0.0
2021-05-17 00:00:00+08:00,20.37828974504221,22.30263266437936,20.37828974504221,20.526315689086914,1724000,0.0,0.0
2021-05-18 00:00:00+08:00,20.921053966591202,22.54934310913086,20.921053966591202,22.54934310913086,857000,0.0,0.0
2021-05-19 00:00:00+08:00,22.697367776940073,23.881579022550742,22.20394673831094,22.993419647216797,710000,0.0,0.0
2021-05-20 00:00:00+08:00,22.7467098236084,23.634869226106623,22.64802711866588,22.7467098236084,484000,0.0,0.0
2021-05-21 00:00:00+08:00,22.894736915722206,23.980261693502747,22.894736915722206,23.6842098236084,521000,0.0,0.0
2021-05-24 00:00:00+08:00,23.634869124786473,24.769737167027884,23.289474012212494,24.1282901763916,430000,0.0,0.0
2021-05-25 00:00:00+08:00,24.52302684161779,25.263158425073545,24.4736836067029,24.720394134521484,535000,0.0,0.0
2021-05-26 00:00:00+08:00,25.115132484832785,25.411184365314305,24.4736836067029,24.720394134521484,481000,0.0,0.0
2021-05-27 00:00:00+08:00,24.621711857599603,25.065789686048593,24.22697350042008,24.572368621826172,376000,0.0,0.0
2021-05-28 00:00:00+08:00,24.671052582941943,25.90460521208904,24.671052582941943,25.460525512695312,651000,0.0,0.0
2021-05-31 00:00:00+08:00,25.65789456014586,25.953946436785234,25.41118403552907,25.509868621826172,532000,0.0,0.0
2021-06-01 00:00:00+08:00,25.559209783321613,26.990131568333165,25.559209783321613,26.25,598000,0.0,0.0
2021-06-02 00:00:00+08:00,26.398025850122533,26.94078824554205,25.460525113759477,25.608552932739258,745000,0.0,0.0
2021-06-03 00:00:00+08:00,25.65789359120686,26.151314621806993,25.50986765847719,25.855262756347656,281000,0.0,0.0
2021-06-04 00:00:00+08:00,25.50986938513844,27.82894876237866,25.361843442389485,27.23684310913086,1706000,0.0,0.0
2021-06-07 00:00:00+08:00,27.236841372411696,27.236841372411696,26.151314724383155,26.4967098236084,943000,0.0,0.0
2021-06-08 00:00:00+08:00,26.64473603150555,26.990131134290255,26.34868416183402,26.398025512695312,359000,0.0,0.0
2021-06-09 00:00:00+08:00,26.644736395328966,27.680919835579886,26.15131535097102,26.94078826904297,2025000,0.0,0.0
2021-06-10 00:00:00+08:00,27.187499502705094,28.125000264419874,26.59539573978203,26.69407844543457,1270000,0.0,0.0
2021-06-11 00:00:00+08:00,26.447366766209456,26.447366766209456,25.657893861823336,25.75657844543457,1070000,0.0,0.0
2021-06-15 00:00:00+08:00,25.75657922494731,26.595395387651426,25.509868699578565,26.151315689086914,509000,0.0,0.0
2021-06-16 00:00:00+08:00,26.2499996076534,26.792761996751207,25.50986805038264,25.70723533630371,470000,0.0,0.0
2021-06-17 00:00:00+08:00,25.559209783321613,26.39802593721625,25.559209783321613,26.25,429000,0.0,0.0
2021-06-18 00:00:00+08:00,26.644737243652344,27.039473715256058,26.546052655188422,26.644737243652344,951000,0.0,0.0
2021-06-21 00:00:00+08:00,26.546052434132623,26.546052434132623,25.60855355716209,26.052631378173828,395000,0.0,0.0
2021-06-22 00:00:00+08:00,26.151315175569977,26.546051631958388,25.50986819865732,25.657894134521484,311000,0.0,0.0
2021-06-23 00:00:00+08:00,25.756579772124006,25.953947067260742,25.559210594735298,25.953947067260742,310000,0.0,0.0
2021-06-24 00:00:00+08:00,26.101974187089624,27.039473048758484,25.953946366916504,26.20065689086914,772000,0.0,0.0
2021-06-25 00:00:00+08:00,26.39802578678132,26.64473630815311,25.85526339266415,26.299341201782227,261000,0.0,0.0
2021-06-28 00:00:00+08:00,26.59539566907967,26.74342160941692,25.855264085141485,26.052631378173828,276000,0.0,0.0
2021-06-29 00:00:00+08:00,26.10197417369562,26.10197417369562,24.86842155456543,24.86842155456543,667000,0.0,0.0
2021-06-30 00:00:00+08:00,25.312499649196234,25.312499649196234,24.424342130009897,24.769737243652344,716000,0.0,0.0
2021-07-01 00:00:00+08:00,25.657895327887392,27.23684310913086,25.657895327887392,27.23684310913086,2399000,0.0,0.0
2021-07-02 00:00:00+08:00,27.63157889923778,29.950658219017054,26.15131574392147,28.8157901763916,8639000,0.0,0.0
2021-07-05 00:00:00+08:00,29.65460343836082,30.542762806795775,28.815789185008494,29.161182403564453,4659000,0.0,0.0
2021-07-06 00:00:00+08:00,28.76644683822595,29.11184194967245,27.73026338613838,28.174341201782227,1646000,0.0,0.0
2021-07-07 00:00:00+08:00,28.17434015601079,29.111840869102988,26.891446226544282,27.187498092651367,1261000,0.0,0.0
2021-07-08 00:00:00+08:00,27.434208758596053,27.927629792975495,26.990130957005682,27.13815689086914,549000,0.0,0.0
2021-07-09 00:00:00+08:00,27.138158458131965,27.779605463419234,26.54605280623142,26.595396041870117,806000,0.0,0.0
2021-07-12 00:00:00+08:00,27.138157039895063,27.43420890924771,26.398025484261563,27.088815689086914,776000,0.0,0.0
2021-07-13 00:00:00+08:00,27.13815830371998,28.02631583539133,26.644737243652344,26.644737243652344,969000,0.0,0.0
2021-07-14 00:00:00+08:00,26.447367102535743,27.28618325052049,25.657894188110042,26.990131378173828,878000,0.0,0.0
2021-07-15 00:00:00+08:00,27.23684162376324,28.421050983425715,26.94078787215871,27.088815689086914,1338000,0.0,0.0
2021-07-16 00:00:00+08:00,26.940787724216616,27.828947091901103,26.940787724216616,27.13815689086914,665000,0.0,0.0
2021-07-19 00:00:00+08:00,27.730263890772516,27.730263890772516,27.13815824355368,27.335527420043945,503000,0.0,0.0
2021-07-20 00:00:00+08:00,27.335526520894877,27.335526520894877,26.20065661678313,26.299341201782227,695000,0.0,0.0
2021-07-21 00:00:00+08:00,26.644736216618465,26.9407880883468,25.657894134521484,25.657894134521484,687000,0.0,0.0
2021-07-22 00:00:00+08:00,25.75657844543457,26.644735933431924,25.657893861823336,25.75657844543457,610000,0.0,0.0
2021-07-23 00:00:00+08:00,25.90460493249201,26.20065680739115,25.21381471472479,25.5592098236084,799000,0.0,0.0
2021-07-26 00:00:00+08:00,25.953946243315585,26.940788334426472,25.657894368883085,26.25,774000,0.0,0.0
2021-07-27 00:00:00+08:00,26.891447183229793,26.891447183229793,25.46052538755166,25.509868621826172,492000,0.0,0.0
2021-07-28 00:00:00+08:00,25.411184807454685,25.559210750271014,23.881580261265974,24.572368621826172,775000,0.0,0.0
2021-07-29 00:00:00+08:00,24.572368621826172,24.769737800415932,24.27631673619351,24.572368621826172,398000,0.0,0.0
2021-07-30 00:00:00+08:00,24.671052863478568,24.967104744939526,23.88157992474804,24.029605865478516,636000,0.0,0.0
2021-08-02 00:00:00+08:00,24.02960516761703,24.671052146988348,23.930920582578697,24.276315689086914,217000,0.0,0.0
2021-08-03 00:00:00+08:00,24.37500105044717,24.72039428570395,24.37500105044717,24.671052932739258,171000,0.0,0.0
2021-08-04 00:00:00+08:00,24.671052382603833,24.86842155456543,24.473683210642232,24.86842155456543,187000,0.0,0.0
2021-08-05 00:00:00+08:00,24.671051995253062,25.065788450726732,24.32565689086914,24.32565689086914,704000,0.0,0.0
2021-08-06 00:00:00+08:00,24.76973657968445,24.76973657968445,24.32565689086914,24.32565689086914,170000,0.0,0.0
2021-08-09 00:00:00+08:00,24.375001199430496,24.375001199430496,22.7467101901158,23.289474487304688,628000,0.0,0.0
2021-08-10 00:00:00+08:00,23.78289496081426,23.78289496081426,23.141447972956076,23.486841201782227,201000,0.0,0.0
2021-08-11 00:00:00+08:00,23.338814215536793,23.338814215536793,22.30263081107658,22.499998092651367,362000,0.0,0.0
2021-08-12 00:00:00+08:00,22.499999596156467,22.99342065644281,22.351973654520958,22.648027420043945,212000,0.0,0.0
2021-08-13 00:00:00+08:00,22.401316281046498,22.499998984620056,21.51315689086914,21.51315689086914,496000,0.0,0.0
2021-08-16 00:00:00+08:00,21.513156523925993,22.203946730669806,20.72368361529182,20.970394134521484,270000,0.0,0.0
2021-08-17 00:00:00+08:00,20.970394134521484,20.970394134521484,20.970394134521484,20.970394134521484,0,0.0,0.0
2021-08-18 00:00:00+08:00,19.983553056068263,21.759868130373537,19.983553056068263,21.266447067260742,255000,0.0,0.0
2021-08-19 00:00:00+08:00,21.266446036525533,21.31578926979645,20.230262607110856,20.279603958129883,153000,0.0,0.0
2021-08-20 00:00:00+08:00,20.279604756432295,20.67434310913086,19.736842344849713,20.67434310913086,180000,0.0,0.0
2021-08-23 00:00:00+08:00,20.72368479883948,21.217105865478516,20.72368479883948,21.217105865478516,118000,0.0,0.0
2021-08-24 00:00:00+08:00,21.1184203074838,22.25328833227287,21.1184203074838,21.5625,172000,0.0,0.0
2021-08-25 00:00:00+08:00,21.661185566132136,22.993420939504226,21.661185566132136,22.54934310913086,345000,0.0,0.0
2021-08-26 00:00:00+08:00,22.993419271593805,22.993419271593805,22.055920442864668,22.45065689086914,157000,0.0,0.0
2021-08-27 00:00:00+08:00,22.746708606308736,22.746708606308736,22.105261647249943,22.499998092651367,221000,0.0,0.0
2021-08-30 00:00:00+08:00,23.0,23.049999237060547,22.600000381469727,22.799999237060547,112000,0.3,0.0
2021-08-31 00:00:00+08:00,23.200000762939453,23.75,22.549999237060547,22.700000762939453,244000,0.0,0.0
2021-09-01 00:00:00+08:00,23.0,23.0,22.450000762939453,22.600000381469727,75000,0.0,0.0
2021-09-02 00:00:00+08:00,22.649999618530273,22.850000381469727,21.950000762939453,22.0,152000,0.0,0.0
2021-09-03 00:00:00+08:00,22.25,22.299999237060547,22.0,22.200000762939453,70000,0.0,0.0
2021-09-06 00:00:00+08:00,22.149999618530273,22.200000762939453,21.0,21.049999237060547,228000,0.0,0.0
2021-09-07 00:00:00+08:00,20.850000381469727,21.399999618530273,20.700000762939453,21.299999237060547,138000,0.0,0.0
2021-09-08 00:00:00+08:00,21.649999618530273,21.649999618530273,20.5,20.850000381469727,162000,0.0,0.0
2021-09-09 00:00:00+08:00,20.799999237060547,20.899999618530273,20.600000381469727,20.850000381469727,90000,0.0,0.0
2021-09-10 00:00:00+08:00,21.049999237060547,21.299999237060547,20.700000762939453,20.700000762939453,124000,0.0,0.0
2021-09-13 00:00:00+08:00,20.700000762939453,21.299999237060547,20.600000381469727,20.649999618530273,152000,0.0,0.0
2021-09-14 00:00:00+08:00,20.600000381469727,20.75,20.450000762939453,20.649999618530273,153000,0.0,0.0
2021-09-15 00:00:00+08:00,20.700000762939453,20.700000762939453,20.25,20.600000381469727,131000,0.0,0.0
2021-09-16 00:00:00+08:00,20.600000381469727,20.600000381469727,20.299999237060547,20.600000381469727,164000,0.0,0.0
2021-09-17 00:00:00+08:00,20.600000381469727,21.399999618530273,20.549999237060547,21.25,299000,0.0,0.0
2021-09-22 00:00:00+08:00,20.549999237060547,21.299999237060547,20.549999237060547,21.299999237060547,126000,0.0,0.0
2021-09-23 00:00:00+08:00,21.649999618530273,22.899999618530273,21.649999618530273,22.600000381469727,560000,0.0,0.0
2021-09-24 00:00:00+08:00,23.100000381469727,23.100000381469727,22.299999237060547,22.649999618530273,369000,0.0,0.0
2021-09-27 00:00:00+08:00,22.75,23.0,22.049999237060547,22.299999237060547,255000,0.0,0.0
2021-09-28 00:00:00+08:00,22.299999237060547,22.600000381469727,21.600000381469727,22.049999237060547,230000,0.0,0.0
2021-09-29 00:00:00+08:00,21.600000381469727,22.149999618530273,21.600000381469727,21.75,112000,0.0,0.0
2021-09-30 00:00:00+08:00,21.850000381469727,22.399999618530273,21.5,22.299999237060547,172000,0.0,0.0
2021-10-01 00:00:00+08:00,22.200000762939453,22.200000762939453,21.100000381469727,21.600000381469727,143000,0.0,0.0
2021-10-04 00:00:00+08:00,21.100000381469727,21.600000381469727,20.450000762939453,20.450000762939453,259000,0.0,0.0
2021-10-05 00:00:00+08:00,20.200000762939453,21.0,20.049999237060547,21.0,84000,0.0,0.0
2021-10-06 00:00:00+08:00,21.299999237060547,21.299999237060547,20.5,20.950000762939453,144000,0.0,0.0
2021-10-07 00:00:00+08:00,20.299999237060547,21.0,20.299999237060547,20.950000762939453,144000,0.0,0.0
2021-10-08 00:00:00+08:00,20.549999237060547,21.149999618530273,20.549999237060547,20.549999237060547,81000,0.0,0.0
2021-10-12 00:00:00+08:00,20.5,20.5,20.200000762939453,20.25,101000,0.0,0.0
2021-10-13 00:00:00+08:00,20.200000762939453,20.899999618530273,19.5,19.799999237060547,176000,0.0,0.0
2021-10-14 00:00:00+08:00,20.5,20.5,19.5,19.850000381469727,153000,0.0,0.0
2021-10-15 00:00:00+08:00,19.950000762939453,20.0,19.700000762939453,19.799999237060547,166000,0.0,0.0
2021-10-18 00:00:00+08:00,19.899999618530273,19.899999618530273,19.549999237060547,19.649999618530273,86000,0.0,0.0
2021-10-19 00:00:00+08:00,19.899999618530273,20.25,19.649999618530273,20.200000762939453,185000,0.0,0.0
2021-10-20 00:00:00+08:00,20.200000762939453,20.350000381469727,19.950000762939453,20.299999237060547,52000,0.0,0.0
2021-10-21 00:00:00+08:00,20.299999237060547,20.700000762939453,20.049999237060547,20.100000381469727,67000,0.0,0.0
2021-10-22 00:00:00+08:00,20.450000762939453,20.450000762939453,19.600000381469727,20.149999618530273,166000,0.0,0.0
2021-10-25 00:00:00+08:00,20.200000762939453,20.899999618530273,20.049999237060547,20.600000381469727,179000,0.0,0.0
2021-10-26 00:00:00+08:00,20.950000762939453,21.100000381469727,20.549999237060547,20.799999237060547,170000,0.0,0.0
2021-10-27 00:00:00+08:00,21.149999618530273,22.850000381469727,20.75,22.850000381469727,1140000,0.0,0.0
2021-10-28 00:00:00+08:00,22.850000381469727,23.600000381469727,22.0,22.75,980000,0.0,0.0
2021-10-29 00:00:00+08:00,23.200000762939453,23.200000762939453,22.149999618530273,22.5,260000,0.0,0.0
2021-11-01 00:00:00+08:00,22.549999237060547,23.0,22.299999237060547,22.549999237060547,319000,0.0,0.0
2021-11-02 00:00:00+08:00,22.899999618530273,23.450000762939453,22.200000762939453,22.25,489000,0.0,0.0
2021-11-03 00:00:00+08:00,22.0,22.799999237060547,21.850000381469727,22.600000381469727,228000,0.0,0.0
2021-11-04 00:00:00+08:00,22.799999237060547,24.850000381469727,22.799999237060547,24.850000381469727,1717000,0.0,0.0
2021-11-05 00:00:00+08:00,25.100000381469727,26.25,24.25,24.799999237060547,3202000,0.0,0.0
2021-11-08 00:00:00+08:00,24.799999237060547,25.200000762939453,23.799999237060547,24.25,767000,0.0,0.0
2021-11-09 00:00:00+08:00,24.350000381469727,24.350000381469727,23.649999618530273,23.899999618530273,322000,0.0,0.0
2021-11-10 00:00:00+08:00,23.899999618530273,24.100000381469727,23.549999237060547,23.950000762939453,332000,0.0,0.0
2021-11-11 00:00:00+08:00,23.600000381469727,24.350000381469727,23.5,23.850000381469727,304000,0.0,0.0
2021-11-12 00:00:00+08:00,23.649999618530273,23.700000762939453,23.049999237060547,23.200000762939453,385000,0.0,0.0
2021-11-15 00:00:00+08:00,23.299999237060547,24.299999237060547,23.299999237060547,23.700000762939453,387000,0.0,0.0
2021-11-16 00:00:00+08:00,24.049999237060547,25.399999618530273,23.950000762939453,24.200000762939453,1302000,0.0,0.0
2021-11-17 00:00:00+08:00,24.399999618530273,24.600000381469727,23.600000381469727,23.899999618530273,496000,0.0,0.0
2021-11-18 00:00:00+08:00,23.75,24.299999237060547,23.399999618530273,23.799999237060547,568000,0.0,0.0
2021-11-19 00:00:00+08:00,24.100000381469727,24.100000381469727,23.149999618530273,23.299999237060547,369000,0.0,0.0
2021-11-22 00:00:00+08:00,23.200000762939453,23.450000762939453,22.850000381469727,23.200000762939453,235000,0.0,0.0
2021-11-23 00:00:00+08:00,22.950000762939453,23.399999618530273,22.649999618530273,22.700000762939453,310000,0.0,0.0
2021-11-24 00:00:00+08:00,22.700000762939453,23.299999237060547,22.600000381469727,23.149999618530273,202000,0.0,0.0
2021-11-25 00:00:00+08:00,23.200000762939453,23.5,22.950000762939453,22.950000762939453,196000,0.0,0.0
2021-11-26 00:00:00+08:00,22.950000762939453,23.0,22.200000762939453,22.399999618530273,249000,0.0,0.0
2021-11-29 00:00:00+08:00,21.649999618530273,22.299999237060547,21.5,21.950000762939453,252000,0.0,0.0
2021-11-30 00:00:00+08:00,22.350000381469727,23.5,22.350000381469727,22.75,242000,0.0,0.0
2021-12-01 00:00:00+08:00,22.5,22.850000381469727,22.399999618530273,22.700000762939453,121000,0.0,0.0
2021-12-02 00:00:00+08:00,22.75,22.75,22.0,22.0,319000,0.0,0.0
2021-12-03 00:00:00+08:00,22.149999618530273,22.5,22.100000381469727,22.350000381469727,105000,0.0,0.0
2021-12-06 00:00:00+08:00,22.350000381469727,22.75,22.350000381469727,22.649999618530273,111000,0.0,0.0
2021-12-07 00:00:00+08:00,22.899999618530273,22.899999618530273,22.450000762939453,22.450000762939453,95000,0.0,0.0
2021-12-08 00:00:00+08:00,22.5,23.0,22.350000381469727,22.350000381469727,317000,0.0,0.0
2021-12-09 00:00:00+08:00,22.649999618530273,22.850000381469727,22.399999618530273,22.399999618530273,106000,0.0,0.0
2021-12-10 00:00:00+08:00,22.700000762939453,22.850000381469727,22.350000381469727,22.5,207000,0.0,0.0
2021-12-13 00:00:00+08:00,22.350000381469727,23.700000762939453,22.350000381469727,23.350000381469727,386000,0.0,0.0
2021-12-14 00:00:00+08:00,24.049999237060547,24.049999237060547,22.75,22.799999237060547,483000,0.0,0.0
2021-12-15 00:00:00+08:00,22.799999237060547,23.850000381469727,22.799999237060547,23.600000381469727,523000,0.0,0.0
2021-12-16 00:00:00+08:00,23.950000762939453,23.950000762939453,23.149999618530273,23.5,301000,0.0,0.0
2021-12-17 00:00:00+08:00,23.5,23.5,22.600000381469727,22.799999237060547,291000,0.0,0.0
2021-12-20 00:00:00+08:00,22.799999237060547,23.0,22.399999618530273,22.450000762939453,130000,0.0,0.0
2021-12-21 00:00:00+08:00,22.399999618530273,22.850000381469727,22.399999618530273,22.700000762939453,71000,0.0,0.0
2021-12-22 00:00:00+08:00,22.850000381469727,22.850000381469727,22.649999618530273,22.75,77000,0.0,0.0
2021-12-23 00:00:00+08:00,23.049999237060547,23.049999237060547,22.600000381469727,22.600000381469727,99000,0.0,0.0
2021-12-24 00:00:00+08:00,22.899999618530273,22.899999618530273,22.399999618530273,22.549999237060547,179000,0.0,0.0
2021-12-27 00:00:00+08:00,22.549999237060547,23.350000381469727,22.5,23.200000762939453,339000,0.0,0.0
2021-12-28 00:00:00+08:00,23.200000762939453,23.200000762939453,22.799999237060547,22.899999618530273,122000,0.0,0.0
2021-12-29 00:00:00+08:00,23.100000381469727,23.700000762939453,23.100000381469727,23.200000762939453,474000,0.0,0.0
2021-12-30 00:00:00+08:00,23.200000762939453,23.549999237060547,23.200000762939453,23.350000381469727,337000,0.0,0.0
2022-01-03 00:00:00+08:00,23.75,23.75,22.899999618530273,22.899999618530273,197000,0.0,0.0
2022-01-04 00:00:00+08:00,22.899999618530273,23.0,22.649999618530273,22.649999618530273,146000,0.0,0.0
2022-01-05 00:00:00+08:00,22.600000381469727,22.799999237060547,22.350000381469727,22.399999618530273,202000,0.0,0.0
2022-01-06 00:00:00+08:00,22.100000381469727,22.100000381469727,21.600000381469727,21.799999237060547,391000,0.0,0.0
2022-01-07 00:00:00+08:00,21.75,21.950000762939453,20.850000381469727,20.899999618530273,397000,0.0,0.0
2022-01-10 00:00:00+08:00,20.899999618530273,21.100000381469727,20.5,20.950000762939453,223000,0.0,0.0
2022-01-11 00:00:00+08:00,20.950000762939453,20.950000762939453,20.5,20.5,131000,0.0,0.0
2022-01-12 00:00:00+08:00,20.549999237060547,20.649999618530273,20.0,20.100000381469727,271000,0.0,0.0
2022-01-13 00:00:00+08:00,20.399999618530273,20.399999618530273,19.700000762939453,19.850000381469727,273000,0.0,0.0
2022-01-14 00:00:00+08:00,19.700000762939453,20.100000381469727,19.5,19.799999237060547,217000,0.0,0.0
2022-01-17 00:00:00+08:00,19.799999237060547,20.100000381469727,19.799999237060547,20.049999237060547,135000,0.0,0.0
2022-01-18 00:00:00+08:00,20.600000381469727,20.600000381469727,20.0,20.049999237060547,122000,0.0,0.0
2022-01-19 00:00:00+08:00,20.149999618530273,20.149999618530273,19.799999237060547,19.950000762939453,55000,0.0,0.0
2022-01-20 00:00:00+08:00,19.950000762939453,20.299999237060547,19.850000381469727,19.950000762939453,73000,0.0,0.0
2022-01-21 00:00:00+08:00,19.850000381469727,19.850000381469727,19.399999618530273,19.649999618530273,308000,0.0,0.0
2022-01-24 00:00:00+08:00,19.5,19.5,18.649999618530273,19.0,205000,0.0,0.0
2022-01-25 00:00:00+08:00,18.75,18.850000381469727,18.350000381469727,18.549999237060547,266000,0.0,0.0
2022-01-26 00:00:00+08:00,18.600000381469727,18.799999237060547,18.450000762939453,18.600000381469727,172000,0.0,0.0
2022-02-07 00:00:00+08:00,18.899999618530273,19.5,18.899999618530273,19.399999618530273,97000,0.0,0.0
2022-02-08 00:00:00+08:00,19.75,19.75,19.5,19.600000381469727,66000,0.0,0.0
2022-02-09 00:00:00+08:00,19.950000762939453,19.950000762939453,19.700000762939453,19.850000381469727,63000,0.0,0.0
2022-02-10 00:00:00+08:00,19.950000762939453,20.0,19.799999237060547,19.850000381469727,54000,0.0,0.0
2022-02-11 00:00:00+08:00,19.850000381469727,19.850000381469727,19.799999237060547,19.850000381469727,48000,0.0,0.0
2022-02-14 00:00:00+08:00,19.200000762939453,19.5,19.200000762939453,19.350000381469727,69000,0.0,0.0
2022-02-15 00:00:00+08:00,19.350000381469727,19.399999618530273,19.200000762939453,19.350000381469727,72000,0.0,0.0
2022-02-16 00:00:00+08:00,19.549999237060547,19.600000381469727,19.350000381469727,19.5,77000,0.0,0.0
2022-02-17 00:00:00+08:00,19.700000762939453,19.75,19.5,19.600000381469727,59000,0.0,0.0
2022-02-18 00:00:00+08:00,19.600000381469727,19.600000381469727,19.299999237060547,19.600000381469727,74000,0.0,0.0
2022-02-21 00:00:00+08:00,19.399999618530273,19.549999237060547,19.149999618530273,19.25,120000,0.0,0.0
2022-02-22 00:00:00+08:00,19.149999618530273,19.149999618530273,18.5,18.75,197000,0.0,0.0
2022-02-23 00:00:00+08:00,18.75,19.0,18.75,19.0,35000,0.0,0.0
2022-02-24 00:00:00+08:00,19.0,19.0,18.399999618530273,18.450000762939453,132000,0.0,0.0
2022-02-25 00:00:00+08:00,18.450000762939453,18.649999618530273,18.399999618530273,18.399999618530273,113000,0.0,0.0
2022-03-01 00:00:00+08:00,18.649999618530273,18.799999237060547,18.549999237060547,18.700000762939453,110000,0.0,0.0
2022-03-02 00:00:00+08:00,18.75,18.950000762939453,18.549999237060547,18.799999237060547,50000,0.0,0.0
2022-03-03 00:00:00+08:00,19.0,19.100000381469727,18.899999618530273,18.899999618530273,57000,0.0,0.0
2022-03-04 00:00:00+08:00,19.149999618530273,19.149999618530273,18.799999237060547,18.799999237060547,26000,0.0,0.0
2022-03-07 00:00:00+08:00,18.899999618530273,18.899999618530273,18.149999618530273,18.200000762939453,131000,0.0,0.0
2022-03-08 00:00:00+08:00,18.200000762939453,18.25,17.399999618530273,17.450000762939453,196000,0.0,0.0
2022-03-09 00:00:00+08:00,17.450000762939453,17.600000381469727,17.399999618530273,17.600000381469727,212000,0.0,0.0
2022-03-10 00:00:00+08:00,17.799999237060547,17.850000381469727,17.649999618530273,17.799999237060547,87000,0.0,0.0
2022-03-11 00:00:00+08:00,17.75,18.0,17.649999618530273,18.0,98000,0.0,0.0
2022-03-14 00:00:00+08:00,18.100000381469727,18.100000381469727,17.799999237060547,18.0,58000,0.0,0.0
2022-03-15 00:00:00+08:00,18.0,18.0,17.0,17.399999618530273,214000,0.0,0.0
2022-03-16 00:00:00+08:00,17.399999618530273,17.5,17.149999618530273,17.25,60000,0.0,0.0
2022-03-17 00:00:00+08:00,17.5,17.799999237060547,17.299999237060547,17.75,73000,0.0,0.0
2022-03-18 00:00:00+08:00,17.75,17.950000762939453,17.600000381469727,17.700000762939453,43000,0.0,0.0
2022-03-21 00:00:00+08:00,17.700000762939453,17.75,17.649999618530273,17.75,48000,0.0,0.0
2022-03-22 00:00:00+08:00,17.75,17.799999237060547,17.549999237060547,17.799999237060547,66000,0.0,0.0
2022-03-23 00:00:00+08:00,17.799999237060547,17.950000762939453,17.700000762939453,17.899999618530273,103000,0.0,0.0
2022-03-24 00:00:00+08:00,17.75,18.100000381469727,17.75,17.950000762939453,67000,0.0,0.0
2022-03-25 00:00:00+08:00,18.100000381469727,19.700000762939453,18.100000381469727,19.700000762939453,896000,0.0,0.0
2022-03-28 00:00:00+08:00,20.600000381469727,21.649999618530273,20.0,21.649999618530273,4228000,0.0,0.0
2022-03-29 00:00:00+08:00,20.850000381469727,21.450000762939453,20.450000762939453,21.299999237060547,1833000,0.0,0.0
2022-03-30 00:00:00+08:00,21.399999618530273,21.399999618530273,20.549999237060547,20.549999237060547,660000,0.0,0.0
2022-03-31 00:00:00+08:00,20.700000762939453,20.700000762939453,19.850000381469727,20.0,534000,0.0,0.0
2022-04-01 00:00:00+08:00,19.799999237060547,22.0,19.700000762939453,21.200000762939453,4480000,0.0,0.0
2022-04-06 00:00:00+08:00,20.700000762939453,21.200000762939453,20.200000762939453,20.299999237060547,894000,0.0,0.0
2022-04-07 00:00:00+08:00,20.200000762939453,20.75,19.850000381469727,19.899999618530273,478000,0.0,0.0
2022-04-08 00:00:00+08:00,20.149999618530273,20.450000762939453,19.700000762939453,20.049999237060547,372000,0.0,0.0
2022-04-11 00:00:00+08:00,19.799999237060547,20.0,18.899999618530273,19.0,453000,0.0,0.0
2022-04-12 00:00:00+08:00,19.0,20.0,18.799999237060547,18.899999618530273,774000,0.0,0.0
2022-04-13 00:00:00+08:00,18.899999618530273,19.100000381469727,18.799999237060547,18.899999618530273,134000,0.0,0.0
2022-04-14 00:00:00+08:00,19.049999237060547,19.049999237060547,18.899999618530273,18.950000762939453,76000,0.0,0.0
2022-04-15 00:00:00+08:00,18.799999237060547,19.100000381469727,18.799999237060547,18.950000762939453,137000,0.0,0.0
2022-04-18 00:00:00+08:00,18.950000762939453,18.950000762939453,18.649999618530273,18.950000762939453,164000,0.0,0.0
2022-04-19 00:00:00+08:00,19.0,19.200000762939453,18.899999618530273,19.0,138000,0.0,0.0
2022-04-20 00:00:00+08:00,18.75,19.25,18.75,19.0,149000,0.0,0.0
2022-04-21 00:00:00+08:00,19.0,19.200000762939453,19.0,19.200000762939453,101000,0.0,0.0
2022-04-22 00:00:00+08:00,19.0,19.100000381469727,18.950000762939453,19.0,89000,0.0,0.0
2022-04-25 00:00:00+08:00,18.899999618530273,18.899999618530273,17.700000762939453,18.450000762939453,344000,0.0,0.0
2022-04-26 00:00:00+08:00,18.5,18.600000381469727,18.25,18.25,59000,0.0,0.0
2022-04-27 00:00:00+08:00,18.200000762939453,18.5,17.600000381469727,18.049999237060547,286000,0.0,0.0
2022-04-28 00:00:00+08:00,18.049999237060547,18.350000381469727,17.950000762939453,18.100000381469727,121000,0.0,0.0
2022-04-29 00:00:00+08:00,18.600000381469727,18.700000762939453,18.049999237060547,18.049999237060547,48000,0.0,0.0
2022-05-03 00:00:00+08:00,18.0,18.049999237060547,17.850000381469727,17.899999618530273,35000,0.0,0.0
2022-05-04 00:00:00+08:00,18.399999618530273,18.450000762939453,17.899999618530273,17.899999618530273,51000,0.0,0.0
2022-05-05 00:00:00+08:00,18.350000381469727,18.399999618530273,17.950000762939453,17.950000762939453,63000,0.0,0.0
2022-05-06 00:00:00+08:00,17.649999618530273,18.049999237060547,17.649999618530273,18.049999237060547,43000,0.0,0.0
2022-05-09 00:00:00+08:00,18.100000381469727,18.100000381469727,17.200000762939453,17.450000762939453,146000,0.0,0.0
2022-05-10 00:00:00+08:00,17.350000381469727,17.350000381469727,17.0,17.200000762939453,196000,0.0,0.0
2022-05-11 00:00:00+08:00,17.200000762939453,17.399999618530273,17.0,17.149999618530273,299000,0.0,0.0
2022-05-12 00:00:00+08:00,17.149999618530273,17.149999618530273,16.350000381469727,16.700000762939453,153000,0.0,0.0
2022-05-13 00:00:00+08:00,16.700000762939453,16.850000381469727,16.700000762939453,16.75,93000,0.0,0.0
2022-05-16 00:00:00+08:00,17.0,17.0,16.799999237060547,16.899999618530273,38000,0.0,0.0
2022-05-17 00:00:00+08:00,17.0,17.149999618530273,17.0,17.100000381469727,49000,0.0,0.0
2022-05-18 00:00:00+08:00,17.100000381469727,17.5,17.100000381469727,17.350000381469727,118000,0.0,0.0
2022-05-19 00:00:00+08:00,16.75,17.200000762939453,16.75,17.200000762939453,42000,0.0,0.0
2022-05-20 00:00:00+08:00,17.5,17.5,17.149999618530273,17.299999237060547,33000,0.0,0.0
2022-05-23 00:00:00+08:00,17.299999237060547,19.0,17.25,19.0,2018000,0.0,0.0
2022-05-24 00:00:00+08:00,18.75,18.899999618530273,18.149999618530273,18.200000762939453,436000,0.0,0.0
2022-05-25 00:00:00+08:00,18.149999618530273,18.149999618530273,17.549999237060547,17.799999237060547,373000,0.0,0.0
2022-05-26 00:00:00+08:00,17.899999618530273,18.0,17.700000762939453,17.700000762939453,103000,0.0,0.0
2022-05-27 00:00:00+08:00,17.850000381469727,18.0,17.799999237060547,18.0,39000,0.0,0.0
2022-05-30 00:00:00+08:00,18.0,18.200000762939453,17.950000762939453,18.149999618530273,89000,0.0,0.0
2022-05-31 00:00:00+08:00,18.100000381469727,18.299999237060547,18.0,18.0,54000,0.0,0.0
2022-06-01 00:00:00+08:00,18.200000762939453,18.700000762939453,18.200000762939453,18.5,151000,0.0,0.0
2022-06-02 00:00:00+08:00,18.5,18.600000381469727,18.299999237060547,18.549999237060547,46000,0.0,0.0
2022-06-06 00:00:00+08:00,18.75,18.75,18.399999618530273,18.399999618530273,60000,0.0,0.0
2022-06-07 00:00:00+08:00,18.450000762939453,18.649999618530273,18.299999237060547,18.549999237060547,33000,0.0,0.0
2022-06-08 00:00:00+08:00,18.399999618530273,18.799999237060547,18.399999618530273,18.649999618530273,736000,0.0,0.0
2022-06-09 00:00:00+08:00,18.700000762939453,18.700000762939453,18.5,18.600000381469727,42000,0.0,0.0
2022-06-10 00:00:00+08:00,18.600000381469727,18.600000381469727,18.299999237060547,18.450000762939453,45000,0.0,0.0
2022-06-13 00:00:00+08:00,18.100000381469727,18.100000381469727,17.799999237060547,18.0,62000,0.0,0.0
2022-06-14 00:00:00+08:00,18.0,18.200000762939453,17.600000381469727,18.200000762939453,107000,0.0,0.0
2022-06-15 00:00:00+08:00,18.200000762939453,18.450000762939453,18.200000762939453,18.450000762939453,79000,0.0,0.0
2022-06-16 00:00:00+08:00,18.5,18.899999618530273,18.200000762939453,18.200000762939453,169000,0.0,0.0
2022-06-17 00:00:00+08:00,18.549999237060547,18.549999237060547,17.850000381469727,18.149999618530273,112000,0.0,0.0
2022-06-20 00:00:00+08:00,18.0,18.0,16.549999237060547,16.549999237060547,149000,0.0,0.0
2022-06-21 00:00:00+08:00,16.75,17.25,16.75,17.100000381469727,146000,0.0,0.0
2022-06-22 00:00:00+08:00,17.100000381469727,17.399999618530273,16.600000381469727,16.75,136000,0.0,0.0
2022-06-23 00:00:00+08:00,16.799999237060547,17.149999618530273,16.350000381469727,16.700000762939453,215000,0.0,0.0
2022-06-24 00:00:00+08:00,16.899999618530273,17.399999618530273,16.850000381469727,16.899999618530273,55000,0.0,0.0
2022-06-27 00:00:00+08:00,17.350000381469727,17.399999618530273,17.149999618530273,17.299999237060547,40000,0.0,0.0
2022-06-28 00:00:00+08:00,17.299999237060547,17.399999618530273,17.0,17.200000762939453,34000,0.0,0.0
2022-06-29 00:00:00+08:00,17.299999237060547,17.299999237060547,16.850000381469727,17.0,28000,0.0,0.0
2022-06-30 00:00:00+08:00,16.899999618530273,16.899999618530273,16.600000381469727,16.799999237060547,78000,0.0,0.0
2022-07-01 00:00:00+08:00,16.700000762939453,16.700000762939453,15.850000381469727,15.850000381469727,157000,0.0,0.0
2022-07-04 00:00:00+08:00,15.850000381469727,16.200000762939453,15.699999809265137,15.949999809265137,117000,0.0,0.0
2022-07-05 00:00:00+08:00,16.149999618530273,16.600000381469727,15.800000190734863,15.949999809265137,149000,0.0,0.0
2022-07-06 00:00:00+08:00,15.949999809265137,15.949999809265137,15.149999618530273,15.300000190734863,181000,0.0,0.0
2022-07-07 00:00:00+08:00,15.399999618530273,15.5,15.0,15.5,346000,0.0,0.0
2022-07-08 00:00:00+08:00,15.600000381469727,15.899999618530273,15.399999618530273,15.600000381469727,175000,0.0,0.0
2022-07-11 00:00:00+08:00,16.950000762939453,17.149999618530273,15.800000190734863,16.0,1072000,0.0,0.0
2022-07-12 00:00:00+08:00,15.899999618530273,15.899999618530273,15.5,15.5,164000,0.0,0.0
2022-07-13 00:00:00+08:00,15.699999809265137,15.850000381469727,15.600000381469727,15.600000381469727,161000,0.0,0.0
2022-07-14 00:00:00+08:00,15.850000381469727,16.200000762939453,15.649999618530273,16.200000762939453,80000,0.0,0.0
2022-07-15 00:00:00+08:00,16.299999237060547,16.299999237060547,15.899999618530273,16.149999618530273,52000,0.0,0.0
2022-07-18 00:00:00+08:00,16.25,16.450000762939453,16.149999618530273,16.399999618530273,77000,0.0,0.0
2022-07-19 00:00:00+08:00,16.350000381469727,16.700000762939453,16.350000381469727,16.549999237060547,49000,0.0,0.0
2022-07-20 00:00:00+08:00,16.850000381469727,16.950000762939453,16.399999618530273,16.399999618530273,157000,0.0,0.0
2022-07-21 00:00:00+08:00,16.5,16.700000762939453,16.450000762939453,16.5,50000,0.0,0.0
2022-07-22 00:00:00+08:00,16.700000762939453,16.799999237060547,16.5,16.5,90000,0.0,0.0
2022-07-25 00:00:00+08:00,16.549999237060547,17.25,16.5,16.700000762939453,279000,0.0,0.0
2022-07-26 00:00:00+08:00,16.899999618530273,17.100000381469727,16.700000762939453,16.75,134000,0.0,0.0
2022-07-27 00:00:00+08:00,16.899999618530273,17.149999618530273,16.899999618530273,17.0,115000,0.0,0.0
2022-07-28 00:00:00+08:00,17.0,17.100000381469727,16.899999618530273,16.899999618530273,65000,0.0,0.0
2022-07-29 00:00:00+08:00,17.0,17.299999237060547,16.899999618530273,17.049999237060547,126000,0.0,0.0
2022-08-01 00:00:00+08:00,16.799999237060547,17.0,16.700000762939453,16.799999237060547,136000,0.0,0.0
2022-08-02 00:00:00+08:00,16.600000381469727,16.75,16.549999237060547,16.75,58000,0.0,0.0
2022-08-03 00:00:00+08:00,16.5,16.75,16.5,16.700000762939453,48000,0.0,0.0
2022-08-04 00:00:00+08:00,16.5,16.899999618530273,16.5,16.75,55000,0.0,0.0
2022-08-05 00:00:00+08:00,17.200000762939453,17.75,17.100000381469727,17.549999237060547,342000,0.0,0.0
2022-08-08 00:00:00+08:00,17.5,18.5,17.5,18.0,829000,0.0,0.0
2022-08-09 00:00:00+08:00,18.0,18.25,17.799999237060547,17.950000762939453,284000,0.0,0.0
2022-08-10 00:00:00+08:00,17.950000762939453,18.0,17.799999237060547,17.799999237060547,34000,0.0,0.0
2022-08-11 00:00:00+08:00,17.799999237060547,17.950000762939453,17.649999618530273,17.700000762939453,97000,0.0,0.0
2022-08-12 00:00:00+08:00,17.700000762939453,17.850000381469727,17.600000381469727,17.700000762939453,86000,0.0,0.0
2022-08-15 00:00:00+08:00,18.0,18.25,17.649999618530273,17.649999618530273,138000,0.0,0.0
2022-08-16 00:00:00+08:00,17.700000762939453,17.700000762939453,17.350000381469727,17.350000381469727,128000,0.0,0.0
2022-08-17 00:00:00+08:00,17.350000381469727,17.450000762939453,17.25,17.399999618530273,72000,0.0,0.0
2022-08-18 00:00:00+08:00,17.5,17.5,17.25,17.299999237060547,90000,0.0,0.0
2022-08-19 00:00:00+08:00,17.350000381469727,17.549999237060547,17.299999237060547,17.450000762939453,79000,0.0,0.0
2022-08-22 00:00:00+08:00,17.5,17.5,17.450000762939453,17.5,25000,0.0,0.0
2022-08-23 00:00:00+08:00,17.450000762939453,17.450000762939453,17.149999618530273,17.200000762939453,58000,0.0,0.0
2022-08-24 00:00:00+08:00,17.299999237060547,17.350000381469727,17.25,17.299999237060547,45000,0.0,0.0
2022-08-25 00:00:00+08:00,17.299999237060547,17.600000381469727,17.299999237060547,17.600000381469727,90000,0.0,0.0
2022-08-26 00:00:00+08:00,17.600000381469727,17.899999618530273,17.5,17.600000381469727,193000,0.0,0.0
2022-08-29 00:00:00+08:00,17.5,17.5,17.350000381469727,17.399999618530273,25000,0.0,0.0
2022-08-30 00:00:00+08:00,17.450000762939453,17.5,17.399999618530273,17.399999618530273,27000,0.0,0.0
2022-08-31 00:00:00+08:00,17.649999618530273,17.649999618530273,17.399999618530273,17.5,52000,0.0,0.0
2022-09-01 00:00:00+08:00,17.649999618530273,18.0,17.5,17.75,188000,0.0,0.0
2022-09-02 00:00:00+08:00,18.200000762939453,19.5,18.200000762939453,19.5,3847000,0.0,0.0
2022-09-05 00:00:00+08:00,20.5,20.549999237060547,18.5,18.549999237060547,3251000,0.0,0.0
2022-09-06 00:00:00+08:00,18.549999237060547,18.799999237060547,17.5,17.549999237060547,649000,0.0,0.0
2022-09-07 00:00:00+08:00,17.5,17.5,16.950000762939453,17.0,283000,0.0,0.0
2022-09-08 00:00:00+08:00,17.049999237060547,17.350000381469727,17.0,17.100000381469727,241000,0.0,0.0
2022-09-12 00:00:00+08:00,17.299999237060547,17.299999237060547,16.950000762939453,17.049999237060547,432000,0.0,0.0
2022-09-13 00:00:00+08:00,17.049999237060547,17.25,17.049999237060547,17.049999237060547,101000,0.0,0.0
2022-09-14 00:00:00+08:00,17.0,17.149999618530273,16.450000762939453,17.149999618530273,181000,0.0,0.0
2022-09-15 00:00:00+08:00,17.299999237060547,17.399999618530273,17.149999618530273,17.399999618530273,146000,0.0,0.0
2022-09-16 00:00:00+08:00,17.200000762939453,17.399999618530273,17.149999618530273,17.399999618530273,109000,0.0,0.0
2022-09-19 00:00:00+08:00,17.549999237060547,17.549999237060547,17.049999237060547,17.100000381469727,94000,0.0,0.0
2022-09-20 00:00:00+08:00,17.350000381469727,17.350000381469727,17.200000762939453,17.25,34000,0.0,0.0
2022-09-21 00:00:00+08:00,17.299999237060547,17.299999237060547,17.0,17.049999237060547,84000,0.0,0.0
2022-09-22 00:00:00+08:00,16.799999237060547,17.049999237060547,16.799999237060547,17.0,52000,0.0,0.0
2022-09-23 00:00:00+08:00,17.100000381469727,17.100000381469727,16.799999237060547,16.850000381469727,107000,0.0,0.0
2022-09-26 00:00:00+08:00,16.850000381469727,16.850000381469727,16.299999237060547,16.450000762939453,157000,0.0,0.0
2022-09-27 00:00:00+08:00,16.450000762939453,16.649999618530273,16.25,16.600000381469727,113000,0.0,0.0
2022-09-28 00:00:00+08:00,16.350000381469727,16.399999618530273,16.049999237060547,16.049999237060547,149000,0.0,0.0
2022-09-29 00:00:00+08:00,16.100000381469727,16.399999618530273,16.049999237060547,16.200000762939453,61000,0.0,0.0
2022-09-30 00:00:00+08:00,15.850000381469727,16.25,15.600000381469727,16.200000762939453,97000,0.0,0.0
2022-10-03 00:00:00+08:00,16.600000381469727,16.600000381469727,16.200000762939453,16.25,18000,0.0,0.0
2022-10-04 00:00:00+08:00,16.399999618530273,16.649999618530273,16.399999618530273,16.549999237060547,83000,0.0,0.0
2022-10-05 00:00:00+08:00,16.799999237060547,16.799999237060547,16.5,16.600000381469727,55000,0.0,0.0
2022-10-06 00:00:00+08:00,16.600000381469727,16.649999618530273,16.450000762939453,16.649999618530273,23000,0.0,0.0
2022-10-07 00:00:00+08:00,16.5,16.649999618530273,16.450000762939453,16.600000381469727,16000,0.0,0.0
2022-10-11 00:00:00+08:00,16.5,16.5,15.800000190734863,16.100000381469727,92000,0.0,0.0
2022-10-12 00:00:00+08:00,16.049999237060547,16.350000381469727,16.049999237060547,16.350000381469727,115000,0.0,0.0
2022-10-13 00:00:00+08:00,16.350000381469727,16.350000381469727,15.550000190734863,15.899999618530273,179000,0.0,0.0
2022-10-14 00:00:00+08:00,16.350000381469727,16.350000381469727,16.0,16.200000762939453,26000,0.0,0.0
2022-10-17 00:00:00+08:00,15.600000381469727,15.600000381469727,15.399999618530273,15.550000190734863,158000,0.0,0.0
2022-10-18 00:00:00+08:00,15.600000381469727,15.649999618530273,15.399999618530273,15.5,143000,0.0,0.0
2022-10-19 00:00:00+08:00,15.5,15.5,15.399999618530273,15.399999618530273,105000,0.0,0.0
2022-10-20 00:00:00+08:00,15.300000190734863,15.300000190734863,14.899999618530273,15.100000381469727,142000,0.0,0.0
2022-10-21 00:00:00+08:00,15.050000190734863,15.149999618530273,14.949999809265137,15.0,44000,0.0,0.0
2022-10-24 00:00:00+08:00,15.050000190734863,15.399999618530273,14.899999618530273,15.300000190734863,147000,0.0,0.0
2022-10-25 00:00:00+08:00,15.199999809265137,15.199999809265137,14.800000190734863,14.949999809265137,435000,0.0,0.0
2022-10-26 00:00:00+08:00,15.0,15.0,14.850000381469727,14.899999618530273,83000,0.0,0.0
2022-10-27 00:00:00+08:00,15.0,15.0,14.850000381469727,14.899999618530273,88000,0.0,0.0
2022-10-28 00:00:00+08:00,14.899999618530273,14.949999809265137,14.649999618530273,14.75,97000,0.0,0.0
2022-10-31 00:00:00+08:00,14.800000190734863,14.899999618530273,14.649999618530273,14.850000381469727,30000,0.0,0.0
2022-11-01 00:00:00+08:00,14.899999618530273,15.0,14.800000190734863,14.949999809265137,85000,0.0,0.0
2022-11-02 00:00:00+08:00,15.0,15.050000190734863,14.899999618530273,15.050000190734863,151000,0.0,0.0
2022-11-03 00:00:00+08:00,15.0,15.449999809265137,15.0,15.300000190734863,156000,0.0,0.0
2022-11-04 00:00:00+08:00,15.300000190734863,15.449999809265137,15.100000381469727,15.399999618530273,70000,0.0,0.0
2022-11-07 00:00:00+08:00,15.5,16.899999618530273,15.5,16.75,1920000,0.0,0.0
2022-11-08 00:00:00+08:00,16.5,16.75,15.649999618530273,16.100000381469727,824000,0.0,0.0
2022-11-09 00:00:00+08:00,16.299999237060547,16.299999237060547,15.949999809265137,16.0,221000,0.0,0.0
2022-11-10 00:00:00+08:00,16.25,16.299999237060547,15.899999618530273,15.899999618530273,147000,0.0,0.0
2022-11-11 00:00:00+08:00,16.450000762939453,16.450000762939453,15.899999618530273,15.899999618530273,164000,0.0,0.0
2022-11-14 00:00:00+08:00,16.0,16.049999237060547,15.949999809265137,16.049999237060547,84000,0.0,0.0
2022-11-15 00:00:00+08:00,16.049999237060547,16.549999237060547,16.0,16.200000762939453,159000,0.0,0.0
2022-11-16 00:00:00+08:00,16.399999618530273,16.399999618530273,16.200000762939453,16.25,45000,0.0,0.0
2022-11-17 00:00:00+08:00,16.25,16.399999618530273,16.149999618530273,16.299999237060547,104000,0.0,0.0
2022-11-18 00:00:00+08:00,16.450000762939453,17.200000762939453,16.350000381469727,16.700000762939453,422000,0.0,0.0
2022-11-21 00:00:00+08:00,16.700000762939453,16.799999237060547,16.450000762939453,16.450000762939453,128000,0.0,0.0
2022-11-22 00:00:00+08:00,16.5,16.5,16.25,16.399999618530273,80000,0.0,0.0
2022-11-23 00:00:00+08:00,16.5,16.5,16.299999237060547,16.5,68000,0.0,0.0
2022-11-24 00:00:00+08:00,16.700000762939453,17.149999618530273,16.450000762939453,16.950000762939453,280000,0.0,0.0
2022-11-25 00:00:00+08:00,16.950000762939453,17.5,16.950000762939453,17.0,336000,0.0,0.0
2022-11-28 00:00:00+08:00,16.899999618530273,16.899999618530273,16.75,16.899999618530273,49000,0.0,0.0
2022-11-29 00:00:00+08:00,16.850000381469727,17.700000762939453,16.799999237060547,17.200000762939453,304000,0.0,0.0
2022-11-30 00:00:00+08:00,17.350000381469727,17.649999618530273,17.149999618530273,17.149999618530273,151000,0.0,0.0
2022-12-01 00:00:00+08:00,17.25,17.549999237060547,17.25,17.450000762939453,259000,0.0,0.0
2022-12-02 00:00:00+08:00,17.299999237060547,17.450000762939453,17.25,17.25,71000,0.0,0.0
2022-12-05 00:00:00+08:00,17.25,17.549999237060547,17.200000762939453,17.399999618530273,159000,0.0,0.0
2022-12-06 00:00:00+08:00,17.399999618530273,17.399999618530273,17.0,17.0,71000,0.0,0.0
2022-12-07 00:00:00+08:00,17.0,17.0,16.600000381469727,16.649999618530273,125000,0.0,0.0
2022-12-08 00:00:00+08:00,16.600000381469727,16.950000762939453,16.5,16.600000381469727,202000,0.0,0.0
2022-12-09 00:00:00+08:00,16.600000381469727,16.799999237060547,16.600000381469727,16.600000381469727,56000,0.0,0.0
2022-12-12 00:00:00+08:00,16.549999237060547,16.549999237060547,16.200000762939453,16.399999618530273,85000,0.0,0.0
2022-12-13 00:00:00+08:00,16.450000762939453,16.549999237060547,16.299999237060547,16.399999618530273,49000,0.0,0.0
2022-12-14 00:00:00+08:00,16.399999618530273,16.649999618530273,16.350000381469727,16.649999618530273,125000,0.0,0.0
2022-12-15 00:00:00+08:00,16.649999618530273,16.649999618530273,16.450000762939453,16.649999618530273,47000,0.0,0.0
2022-12-16 00:00:00+08:00,16.649999618530273,16.649999618530273,16.200000762939453,16.25,222000,0.0,0.0
2022-12-19 00:00:00+08:00,16.25,16.25,16.049999237060547,16.100000381469727,84000,0.0,0.0
2022-12-20 00:00:00+08:00,16.100000381469727,16.100000381469727,15.399999618530273,15.449999809265137,214000,0.0,0.0
2022-12-21 00:00:00+08:00,15.699999809265137,15.75,15.550000190734863,15.600000381469727,60000,0.0,0.0
2022-12-22 00:00:00+08:00,15.699999809265137,15.899999618530273,15.399999618530273,15.800000190734863,83000,0.0,0.0
2022-12-23 00:00:00+08:00,15.800000190734863,16.899999618530273,15.649999618530273,16.5,200000,0.0,0.0
2022-12-26 00:00:00+08:00,16.450000762939453,16.600000381469727,16.200000762939453,16.200000762939453,98000,0.0,0.0
2022-12-27 00:00:00+08:00,16.350000381469727,16.450000762939453,16.200000762939453,16.25,27000,0.0,0.0
2022-12-28 00:00:00+08:00,16.200000762939453,16.25,16.100000381469727,16.100000381469727,32000,0.0,0.0
2022-12-29 00:00:00+08:00,16.100000381469727,16.100000381469727,15.800000190734863,16.5,64000,0.0,0.0
2022-12-30 00:00:00+08:00,16.149999618530273,16.200000762939453,15.800000190734863,15.800000190734863,163000,0.0,0.0
2023-01-03 00:00:00+08:00,15.850000381469727,16.149999618530273,15.75,16.0,30000,0.0,0.0
2023-01-04 00:00:00+08:00,16.0,16.450000762939453,15.899999618530273,16.350000381469727,160000,0.0,0.0
2023-01-05 00:00:00+08:00,16.399999618530273,16.5,16.299999237060547,16.350000381469727,87000,0.0,0.0
2023-01-06 00:00:00+08:00,16.399999618530273,16.5,16.350000381469727,16.399999618530273,38000,0.0,0.0
2023-01-09 00:00:00+08:00,16.399999618530273,16.75,16.399999618530273,16.600000381469727,88000,0.0,0.0
2023-01-10 00:00:00+08:00,16.649999618530273,16.700000762939453,16.299999237060547,16.549999237060547,110000,0.0,0.0
2023-01-11 00:00:00+08:00,17.399999618530273,17.549999237060547,16.799999237060547,16.899999618530273,393000,0.0,0.0
2023-01-12 00:00:00+08:00,16.899999618530273,16.950000762939453,16.399999618530273,16.5,161000,0.0,0.0
2023-01-13 00:00:00+08:00,16.549999237060547,16.549999237060547,16.350000381469727,16.450000762939453,51000,0.0,0.0
2023-01-16 00:00:00+08:00,16.549999237060547,16.549999237060547,16.350000381469727,16.399999618530273,34000,0.0,0.0
2023-01-17 00:00:00+08:00,16.299999237060547,16.549999237060547,16.25,16.399999618530273,70000,0.0,0.0
2023-01-30 00:00:00+08:00,16.450000762939453,16.649999618530273,16.350000381469727,16.5,141000,0.0,0.0
2023-01-31 00:00:00+08:00,16.549999237060547,16.950000762939453,16.549999237060547,16.899999618530273,165000,0.0,0.0
2023-02-01 00:00:00+08:00,16.850000381469727,17.399999618530273,16.649999618530273,17.0,267000,0.0,0.0
2023-02-02 00:00:00+08:00,17.100000381469727,17.200000762939453,16.899999618530273,17.049999237060547,200000,0.0,0.0
2023-02-03 00:00:00+08:00,17.200000762939453,17.200000762939453,16.850000381469727,16.950000762939453,88000,0.0,0.0
2023-02-06 00:00:00+08:00,16.899999618530273,17.049999237060547,16.899999618530273,16.950000762939453,95000,0.0,0.0
2023-02-07 00:00:00+08:00,17.100000381469727,17.100000381469727,16.950000762939453,16.950000762939453,45000,0.0,0.0
2023-02-08 00:00:00+08:00,17.049999237060547,17.100000381469727,16.950000762939453,17.0,76000,0.0,0.0
2023-02-09 00:00:00+08:00,17.100000381469727,17.100000381469727,17.0,17.049999237060547,103000,0.0,0.0
2023-02-10 00:00:00+08:00,17.149999618530273,17.149999618530273,16.850000381469727,16.950000762939453,81000,0.0,0.0
2023-02-13 00:00:00+08:00,17.450000762939453,18.100000381469727,17.350000381469727,17.5,718000,0.0,0.0
2023-02-14 00:00:00+08:00,17.5,17.649999618530273,17.100000381469727,17.25,451000,0.0,0.0
2023-02-15 00:00:00+08:00,17.149999618530273,17.25,17.100000381469727,17.200000762939453,172000,0.0,0.0
2023-02-16 00:00:00+08:00,17.25,17.299999237060547,17.149999618530273,17.299999237060547,161000,0.0,0.0
2023-02-17 00:00:00+08:00,17.299999237060547,17.350000381469727,17.200000762939453,17.299999237060547,85000,0.0,0.0
2023-02-20 00:00:00+08:00,17.450000762939453,17.700000762939453,17.399999618530273,17.5,252000,0.0,0.0
2023-02-21 00:00:00+08:00,17.75,17.899999618530273,17.600000381469727,17.600000381469727,354000,0.0,0.0
2023-02-22 00:00:00+08:00,17.5,17.600000381469727,17.299999237060547,17.5,126000,0.0,0.0
2023-02-23 00:00:00+08:00,17.549999237060547,17.799999237060547,17.549999237060547,17.75,192000,0.0,0.0
2023-02-24 00:00:00+08:00,17.950000762939453,17.950000762939453,17.649999618530273,17.700000762939453,156000,0.0,0.0
2023-03-01 00:00:00+08:00,17.700000762939453,18.450000762939453,17.700000762939453,18.049999237060547,359000,0.0,0.0
2023-03-02 00:00:00+08:00,18.149999618530273,18.149999618530273,18.0,18.049999237060547,121000,0.0,0.0
2023-03-03 00:00:00+08:00,18.049999237060547,18.700000762939453,18.049999237060547,18.399999618530273,316000,0.0,0.0
2023-03-06 00:00:00+08:00,18.399999618530273,18.950000762939453,18.399999618530273,18.649999618530273,259000,0.0,0.0
2023-03-07 00:00:00+08:00,18.649999618530273,18.75,18.299999237060547,18.75,261000,0.0,0.0
2023-03-08 00:00:00+08:00,18.5,19.450000762939453,18.5,18.950000762939453,403000,0.0,0.0
2023-03-09 00:00:00+08:00,19.100000381469727,19.200000762939453,18.799999237060547,18.899999618530273,235000,0.0,0.0
2023-03-10 00:00:00+08:00,18.850000381469727,18.850000381469727,18.200000762939453,18.450000762939453,303000,0.0,0.0
2023-03-13 00:00:00+08:00,17.850000381469727,18.450000762939453,17.049999237060547,18.100000381469727,640000,0.0,0.0
2023-03-14 00:00:00+08:00,18.100000381469727,18.100000381469727,17.75,18.100000381469727,75000,0.0,0.0
2023-03-15 00:00:00+08:00,18.25,18.549999237060547,18.100000381469727,18.100000381469727,143000,0.0,0.0
2023-03-16 00:00:00+08:00,17.899999618530273,18.0,17.549999237060547,17.649999618530273,195000,0.0,0.0
2023-03-17 00:00:00+08:00,17.899999618530273,17.899999618530273,17.549999237060547,17.600000381469727,61000,0.0,0.0
2023-03-20 00:00:00+08:00,17.5,17.649999618530273,17.049999237060547,17.350000381469727,432000,0.0,0.0
2023-03-21 00:00:00+08:00,17.5,17.700000762939453,17.399999618530273,17.600000381469727,183000,0.0,0.0
2023-03-22 00:00:00+08:00,17.700000762939453,17.899999618530273,17.549999237060547,17.700000762939453,212000,0.0,0.0
2023-03-23 00:00:00+08:00,17.700000762939453,18.149999618530273,17.700000762939453,18.049999237060547,261000,0.0,0.0
2023-03-24 00:00:00+08:00,18.100000381469727,18.350000381469727,18.0,18.049999237060547,249000,0.0,0.0
2023-03-27 00:00:00+08:00,18.049999237060547,18.100000381469727,17.850000381469727,17.950000762939453,132000,0.0,0.0
2023-03-28 00:00:00+08:00,17.600000381469727,17.600000381469727,17.25,17.399999618530273,374000,0.0,0.0
2023-03-29 00:00:00+08:00,17.450000762939453,17.549999237060547,17.25,17.299999237060547,146000,0.0,0.0
2023-03-30 00:00:00+08:00,17.399999618530273,17.600000381469727,17.25,17.399999618530273,252000,0.0,0.0
2023-03-31 00:00:00+08:00,17.5,18.0,17.5,17.600000381469727,279000,0.0,0.0
2023-04-06 00:00:00+08:00,17.799999237060547,17.950000762939453,17.5,17.899999618530273,124000,0.0,0.0
2023-04-07 00:00:00+08:00,17.950000762939453,18.100000381469727,17.850000381469727,17.950000762939453,126000,0.0,0.0
2023-04-10 00:00:00+08:00,17.899999618530273,17.950000762939453,17.700000762939453,17.700000762939453,138000,0.0,0.0
2023-04-11 00:00:00+08:00,17.649999618530273,17.950000762939453,17.649999618530273,17.799999237060547,74000,0.0,0.0
2023-04-12 00:00:00+08:00,18.899999618530273,18.899999618530273,18.149999618530273,18.399999618530273,506000,0.0,0.0
2023-04-13 00:00:00+08:00,18.5,18.5,18.100000381469727,18.25,149000,0.0,0.0
2023-04-14 00:00:00+08:00,18.299999237060547,18.450000762939453,18.100000381469727,18.200000762939453,206000,0.0,0.0
2023-04-17 00:00:00+08:00,18.25,18.950000762939453,18.149999618530273,18.799999237060547,647000,0.0,0.0
2023-04-18 00:00:00+08:00,18.75,19.299999237060547,18.75,18.799999237060547,534000,0.0,0.0
2023-04-19 00:00:00+08:00,18.899999618530273,19.25,18.899999618530273,18.950000762939453,306000,0.0,0.0
2023-04-20 00:00:00+08:00,19.0,19.0,18.5,18.5,296000,0.0,0.0
2023-04-21 00:00:00+08:00,18.75,18.75,18.049999237060547,18.100000381469727,174000,0.0,0.0
2023-04-24 00:00:00+08:00,18.049999237060547,18.799999237060547,17.950000762939453,18.350000381469727,117000,0.0,0.0
2023-04-25 00:00:00+08:00,18.399999618530273,18.399999618530273,17.799999237060547,17.850000381469727,237000,0.0,0.0
2023-04-26 00:00:00+08:00,17.899999618530273,18.0,17.700000762939453,17.899999618530273,76000,0.0,0.0
2023-04-27 00:00:00+08:00,18.0,18.049999237060547,17.700000762939453,17.950000762939453,93000,0.0,0.0
2023-04-28 00:00:00+08:00,18.100000381469727,18.200000762939453,17.950000762939453,18.149999618530273,164000,0.0,0.0
2023-05-02 00:00:00+08:00,18.25,19.950000762939453,18.25,19.950000762939453,2781000,0.0,0.0
2023-05-03 00:00:00+08:00,19.5,21.450000762939453,19.299999237060547,20.700000762939453,6644000,0.0,0.0
2023-05-04 00:00:00+08:00,20.450000762939453,21.549999237060547,20.450000762939453,21.0,2886000,0.0,0.0
2023-05-05 00:00:00+08:00,20.850000381469727,22.399999618530273,20.700000762939453,21.450000762939453,5086000,0.0,0.0
2023-05-08 00:00:00+08:00,21.549999237060547,21.700000762939453,20.700000762939453,21.299999237060547,1588000,0.0,0.0
2023-05-09 00:00:00+08:00,21.200000762939453,21.450000762939453,20.100000381469727,20.149999618530273,960000,0.0,0.0
2023-05-10 00:00:00+08:00,19.600000381469727,20.299999237060547,19.600000381469727,19.850000381469727,737000,0.0,0.0
2023-05-11 00:00:00+08:00,20.049999237060547,20.049999237060547,19.049999237060547,19.100000381469727,692000,0.0,0.0
2023-05-12 00:00:00+08:00,19.0,19.700000762939453,18.899999618530273,19.549999237060547,401000,0.0,0.0
2023-05-15 00:00:00+08:00,19.799999237060547,19.799999237060547,18.850000381469727,18.850000381469727,368000,0.0,0.0
2023-05-16 00:00:00+08:00,19.200000762939453,19.5,19.100000381469727,19.200000762939453,376000,0.0,0.0
2023-05-17 00:00:00+08:00,19.200000762939453,19.5,19.200000762939453,19.350000381469727,307000,0.0,0.0
2023-05-18 00:00:00+08:00,19.5,19.799999237060547,19.350000381469727,19.350000381469727,396000,0.0,0.0
2023-05-19 00:00:00+08:00,19.450000762939453,19.950000762939453,19.450000762939453,19.549999237060547,371000,0.0,0.0
2023-05-22 00:00:00+08:00,19.5,21.149999618530273,19.350000381469727,21.049999237060547,2941000,0.0,0.0
2023-05-23 00:00:00+08:00,20.899999618530273,21.950000762939453,20.549999237060547,21.100000381469727,3335000,0.0,0.0
2023-05-24 00:00:00+08:00,21.0,21.100000381469727,20.649999618530273,20.75,643000,0.0,0.0
2023-05-25 00:00:00+08:00,20.950000762939453,20.950000762939453,20.149999618530273,20.200000762939453,530000,0.0,0.0
2023-05-26 00:00:00+08:00,20.350000381469727,20.350000381469727,19.899999618530273,20.0,398000,0.0,0.0
2023-05-29 00:00:00+08:00,20.299999237060547,20.649999618530273,20.100000381469727,20.149999618530273,440000,0.0,0.0
2023-05-30 00:00:00+08:00,20.200000762939453,20.899999618530273,20.0,20.899999618530273,401000,0.0,0.0
2023-05-31 00:00:00+08:00,21.0,21.299999237060547,20.600000381469727,21.0,768000,0.0,0.0
2023-06-01 00:00:00+08:00,20.700000762939453,20.899999618530273,20.5,20.600000381469727,366000,0.0,0.0
2023-06-02 00:00:00+08:00,20.799999237060547,21.25,20.649999618530273,20.799999237060547,489000,0.0,0.0
2023-06-05 00:00:00+08:00,20.899999618530273,20.899999618530273,20.549999237060547,20.600000381469727,292000,0.0,0.0
2023-06-06 00:00:00+08:00,20.649999618530273,20.649999618530273,19.549999237060547,19.549999237060547,570000,0.0,0.0
2023-06-07 00:00:00+08:00,19.549999237060547,20.200000762939453,19.549999237060547,19.850000381469727,207000,0.0,0.0
2023-06-08 00:00:00+08:00,19.850000381469727,19.850000381469727,19.299999237060547,19.299999237060547,399000,0.0,0.0
2023-06-09 00:00:00+08:00,19.350000381469727,19.600000381469727,19.350000381469727,19.450000762939453,128000,0.0,0.0
2023-06-12 00:00:00+08:00,19.799999237060547,19.899999618530273,19.149999618530273,19.299999237060547,247000,0.0,0.0
2023-06-13 00:00:00+08:00,19.450000762939453,19.75,19.350000381469727,19.649999618530273,337000,0.0,0.0
2023-06-14 00:00:00+08:00,19.75,19.899999618530273,19.700000762939453,19.850000381469727,165000,0.0,0.0
2023-06-15 00:00:00+08:00,19.899999618530273,20.049999237060547,19.700000762939453,19.899999618530273,234000,0.0,0.0
2023-06-16 00:00:00+08:00,19.899999618530273,20.0,19.450000762939453,19.549999237060547,238000,0.0,0.0
2023-06-19 00:00:00+08:00,19.450000762939453,19.799999237060547,19.450000762939453,19.549999237060547,170000,0.0,0.0
2023-06-20 00:00:00+08:00,19.700000762939453,19.700000762939453,19.350000381469727,19.549999237060547,143000,0.0,0.0
2023-06-21 00:00:00+08:00,19.549999237060547,19.75,19.399999618530273,19.649999618530273,159000,0.0,0.0
2023-06-26 00:00:00+08:00,19.649999618530273,19.649999618530273,19.5,19.549999237060547,62000,0.0,0.0
2023-06-27 00:00:00+08:00,19.5,19.600000381469727,19.299999237060547,19.350000381469727,113000,0.0,0.0
2023-06-28 00:00:00+08:00,19.450000762939453,20.5,19.399999618530273,20.350000381469727,624000,0.0,0.0
2023-06-29 00:00:00+08:00,20.350000381469727,20.549999237060547,20.049999237060547,20.100000381469727,196000,0.0,0.0
2023-06-30 00:00:00+08:00,20.200000762939453,20.850000381469727,20.0,20.450000762939453,621000,0.0,0.0
2023-07-03 00:00:00+08:00,20.5,21.75,20.450000762939453,21.100000381469727,1570000,0.0,0.0
2023-07-04 00:00:00+08:00,21.350000381469727,21.700000762939453,20.799999237060547,21.0,440000,0.0,0.0
2023-07-05 00:00:00+08:00,21.049999237060547,21.149999618530273,20.75,20.799999237060547,360000,0.0,0.0
2023-07-06 00:00:00+08:00,20.799999237060547,21.149999618530273,20.549999237060547,21.0,375000,0.0,0.0
2023-07-07 00:00:00+08:00,21.0,21.0,20.399999618530273,20.549999237060547,289000,0.0,0.0
2023-07-10 00:00:00+08:00,20.549999237060547,20.899999618530273,20.350000381469727,20.700000762939453,203000,0.0,0.0
2023-07-11 00:00:00+08:00,20.399999618530273,20.600000381469727,19.899999618530273,19.950000762939453,432000,0.0,0.0
2023-07-12 00:00:00+08:00,19.950000762939453,19.950000762939453,19.0,19.25,379000,0.0,0.0
2023-07-13 00:00:00+08:00,19.350000381469727,19.450000762939453,19.0,19.049999237060547,338000,0.0,0.0
2023-07-14 00:00:00+08:00,19.100000381469727,19.600000381469727,19.049999237060547,19.399999618530273,156000,0.0,0.0
2023-07-17 00:00:00+08:00,19.399999618530273,19.5,19.200000762939453,19.399999618530273,232000,0.0,0.0
2023-07-18 00:00:00+08:00,19.5,20.0,19.0,19.049999237060547,294000,0.0,0.0
2023-07-19 00:00:00+08:00,19.200000762939453,19.299999237060547,18.899999618530273,19.049999237060547,170000,0.0,0.0
2023-07-20 00:00:00+08:00,19.200000762939453,19.399999618530273,19.149999618530273,19.350000381469727,140000,0.0,0.0
2023-07-21 00:00:00+08:00,19.600000381469727,19.649999618530273,19.100000381469727,19.200000762939453,123000,0.0,0.0
2023-07-24 00:00:00+08:00,19.149999618530273,19.149999618530273,18.399999618530273,18.600000381469727,408000,0.0,0.0
2023-07-25 00:00:00+08:00,18.600000381469727,18.850000381469727,18.350000381469727,18.75,204000,0.0,0.0
2023-07-26 00:00:00+08:00,18.75,18.850000381469727,18.600000381469727,18.649999618530273,231000,0.0,0.0
2023-07-27 00:00:00+08:00,18.950000762939453,19.299999237060547,18.799999237060547,19.200000762939453,212000,0.0,0.0
2023-07-28 00:00:00+08:00,19.200000762939453,19.200000762939453,19.049999237060547,19.149999618530273,83000,0.0,0.0
2023-07-31 00:00:00+08:00,19.450000762939453,19.950000762939453,19.200000762939453,19.350000381469727,432000,0.0,0.0
2023-08-01 00:00:00+08:00,19.649999618530273,20.299999237060547,19.600000381469727,19.899999618530273,618000,0.0,0.0
2023-08-02 00:00:00+08:00,19.850000381469727,20.149999618530273,19.700000762939453,19.700000762939453,317000,0.0,0.0
2023-08-04 00:00:00+08:00,19.700000762939453,20.25,19.5,20.149999618530273,352000,0.0,0.0
2023-08-07 00:00:00+08:00,20.5,20.5,20.100000381469727,20.149999618530273,180000,0.0,0.0
2023-08-08 00:00:00+08:00,20.450000762939453,20.450000762939453,19.75,19.850000381469727,217000,0.0,0.0
2023-08-09 00:00:00+08:00,19.700000762939453,19.850000381469727,19.5,19.600000381469727,130000,0.0,0.0
2023-08-10 00:00:00+08:00,20.899999618530273,21.399999618530273,20.200000762939453,20.549999237060547,1886000,0.0,0.0
2023-08-11 00:00:00+08:00,20.75,21.649999618530273,20.350000381469727,21.25,1928000,0.0,0.0
2023-08-14 00:00:00+08:00,21.850000381469727,22.149999618530273,20.200000762939453,20.25,1986000,0.0,0.0
2023-08-15 00:00:00+08:00,20.399999618530273,22.25,20.399999618530273,22.25,3519000,0.0,0.0
2023-08-16 00:00:00+08:00,22.549999237060547,23.0,21.399999618530273,21.799999237060547,4730000,0.0,0.0
2023-08-17 00:00:00+08:00,21.649999618530273,23.350000381469727,21.5,23.350000381469727,2856000,0.0,0.0
2023-08-18 00:00:00+08:00,23.350000381469727,23.350000381469727,22.450000762939453,22.5,2699000,0.0,0.0
2023-08-21 00:00:00+08:00,22.5,23.149999618530273,22.100000381469727,22.399999618530273,1290000,0.0,0.0
2023-08-22 00:00:00+08:00,22.450000762939453,22.700000762939453,21.700000762939453,22.100000381469727,1142000,0.0,0.0
2023-08-23 00:00:00+08:00,22.100000381469727,22.600000381469727,21.75,22.0,820000,0.0,0.0
2023-08-24 00:00:00+08:00,22.350000381469727,22.75,21.600000381469727,21.649999618530273,1040000,0.0,0.0
2023-08-25 00:00:00+08:00,21.649999618530273,22.649999618530273,21.399999618530273,22.399999618530273,993000,0.0,0.0
2023-08-28 00:00:00+08:00,22.350000381469727,23.450000762939453,21.600000381469727,22.100000381469727,3372000,0.0,0.0
2023-08-29 00:00:00+08:00,22.350000381469727,23.799999237060547,22.350000381469727,23.0,4593000,0.0,0.0
2023-08-30 00:00:00+08:00,23.0,23.899999618530273,22.850000381469727,23.450000762939453,2835000,0.0,0.0
2023-08-31 00:00:00+08:00,23.899999618530273,25.75,23.700000762939453,25.75,4972000,0.0,0.0
2023-09-01 00:00:00+08:00,28.299999237060547,28.299999237060547,25.799999237060547,25.799999237060547,13845000,0.0,0.0
2023-09-04 00:00:00+08:00,26.100000381469727,26.950000762939453,25.149999618530273,26.149999618530273,4681000,0.0,0.0
2023-09-05 00:00:00+08:00,25.799999237060547,27.049999237060547,25.75,26.5,2741000,0.0,0.0
2023-09-06 00:00:00+08:00,26.649999618530273,27.450000762939453,26.600000381469727,26.899999618530273,3739000,0.0,0.0
2023-09-07 00:00:00+08:00,27.25,29.200000762939453,27.0,28.299999237060547,9617000,0.0,0.0
2023-09-08 00:00:00+08:00,27.950000762939453,28.399999618530273,26.5,27.0,4320000,0.0,0.0
2023-09-11 00:00:00+08:00,27.0,27.850000381469727,26.5,26.549999237060547,3099000,0.0,0.0
2023-09-12 00:00:00+08:00,26.850000381469727,26.850000381469727,25.549999237060547,25.850000381469727,2716000,0.0,0.0
2023-09-13 00:00:00+08:00,25.899999618530273,26.600000381469727,25.600000381469727,25.899999618530273,1467000,0.0,0.0
2023-09-14 00:00:00+08:00,26.100000381469727,26.700000762939453,25.899999618530273,26.700000762939453,1274000,0.0,0.0
2023-09-15 00:00:00+08:00,26.950000762939453,27.450000762939453,25.649999618530273,25.75,4394000,0.0,0.0
2023-09-18 00:00:00+08:00,25.75,27.25,25.399999618530273,26.0,4087000,0.0,0.0
2023-09-19 00:00:00+08:00,25.899999618530273,26.649999618530273,25.850000381469727,25.899999618530273,1936000,0.0,0.0
2023-09-20 00:00:00+08:00,26.100000381469727,26.200000762939453,24.600000381469727,24.850000381469727,2757000,0.0,0.0
2023-09-21 00:00:00+08:00,24.700000762939453,25.0,24.0,24.200000762939453,1132000,0.0,0.0
2023-09-22 00:00:00+08:00,24.0,24.700000762939453,23.799999237060547,24.450000762939453,866000,0.0,0.0
2023-09-25 00:00:00+08:00,24.5,25.25,24.5,24.700000762939453,555000,0.0,0.0
2023-09-26 00:00:00+08:00,24.600000381469727,24.75,24.149999618530273,24.299999237060547,942000,0.0,0.0
2023-09-27 00:00:00+08:00,24.299999237060547,24.600000381469727,23.899999618530273,24.0,470000,0.0,0.0
2023-09-28 00:00:00+08:00,24.100000381469727,24.549999237060547,24.0,24.299999237060547,461000,0.0,0.0
2023-10-02 00:00:00+08:00,24.600000381469727,25.0,24.5,24.850000381469727,589000,0.0,0.0
2023-10-03 00:00:00+08:00,24.850000381469727,25.25,24.299999237060547,24.299999237060547,559000,0.0,0.0
2023-10-04 00:00:00+08:00,24.149999618530273,24.25,23.25,23.350000381469727,1000000,0.0,0.0
2023-10-05 00:00:00+08:00,23.899999618530273,25.350000381469727,23.799999237060547,25.299999237060547,1931000,0.0,0.0
2023-10-06 00:00:00+08:00,25.399999618530273,25.700000762939453,24.799999237060547,25.149999618530273,1007000,0.0,0.0
2023-10-11 00:00:00+08:00,25.149999618530273,25.149999618530273,23.450000762939453,23.549999237060547,1505000,0.0,0.0
2023-10-12 00:00:00+08:00,23.799999237060547,24.299999237060547,23.5,23.950000762939453,585000,0.0,0.0
2023-10-13 00:00:00+08:00,23.950000762939453,24.200000762939453,23.600000381469727,23.700000762939453,472000,0.0,0.0
2023-10-16 00:00:00+08:00,23.700000762939453,24.149999618530273,23.450000762939453,23.450000762939453,508000,0.0,0.0
2023-10-17 00:00:00+08:00,23.700000762939453,23.700000762939453,22.600000381469727,22.799999237060547,726000,0.0,0.0
2023-10-18 00:00:00+08:00,22.799999237060547,23.100000381469727,21.899999618530273,21.950000762939453,810000,0.0,0.0
2023-10-19 00:00:00+08:00,22.0,22.700000762939453,21.899999618530273,22.299999237060547,763000,0.0,0.0
2023-10-20 00:00:00+08:00,22.299999237060547,22.350000381469727,21.600000381469727,21.899999618530273,399000,0.0,0.0
2023-10-23 00:00:00+08:00,21.549999237060547,22.299999237060547,21.5,21.75,279000,0.0,0.0
2023-10-24 00:00:00+08:00,21.850000381469727,22.600000381469727,21.75,22.600000381469727,362000,0.0,0.0
2023-10-25 00:00:00+08:00,22.600000381469727,23.049999237060547,22.399999618530273,22.799999237060547,242000,0.0,0.0
2023-10-26 00:00:00+08:00,22.5,22.600000381469727,22.200000762939453,22.25,177000,0.0,0.0
2023-10-27 00:00:00+08:00,22.350000381469727,22.899999618530273,22.350000381469727,22.850000381469727,289000,0.0,0.0
2023-10-30 00:00:00+08:00,23.149999618530273,23.200000762939453,22.649999618530273,22.75,186000,0.0,0.0
2023-10-31 00:00:00+08:00,23.100000381469727,23.100000381469727,21.700000762939453,21.899999618530273,435000,0.0,0.0
2023-11-01 00:00:00+08:00,22.100000381469727,22.5,21.899999618530273,22.049999237060547,184000,0.0,0.0
2023-11-02 00:00:00+08:00,22.299999237060547,24.25,22.299999237060547,23.299999237060547,3218000,0.0,0.0
2023-11-03 00:00:00+08:00,23.600000381469727,23.700000762939453,22.799999237060547,23.450000762939453,1374000,0.0,0.0
2023-11-06 00:00:00+08:00,23.5,23.5,23.200000762939453,23.399999618530273,308000,0.0,0.0
2023-11-07 00:00:00+08:00,23.649999618530273,24.149999618530273,23.299999237060547,23.399999618530273,565000,0.0,0.0
2023-11-08 00:00:00+08:00,23.600000381469727,23.600000381469727,23.049999237060547,23.149999618530273,192000,0.0,0.0
2023-11-09 00:00:00+08:00,23.299999237060547,23.299999237060547,22.649999618530273,22.799999237060547,341000,0.0,0.0
2023-11-10 00:00:00+08:00,22.549999237060547,23.5,22.5,23.100000381469727,539000,0.0,0.0
2023-11-13 00:00:00+08:00,24.0,24.899999618530273,23.5,23.75,1427000,0.0,0.0
2023-11-14 00:00:00+08:00,23.75,24.649999618530273,23.700000762939453,24.25,1297000,0.0,0.0
2023-11-15 00:00:00+08:00,24.549999237060547,24.700000762939453,24.200000762939453,24.350000381469727,985000,0.0,0.0
2023-11-16 00:00:00+08:00,24.450000762939453,25.0,24.399999618530273,24.649999618530273,1268000,0.0,0.0
2023-11-17 00:00:00+08:00,24.5,25.100000381469727,24.5,24.850000381469727,892000,0.0,0.0
2023-11-20 00:00:00+08:00,25.5,25.5,24.649999618530273,24.799999237060547,531000,0.0,0.0
2023-11-21 00:00:00+08:00,25.0,25.100000381469727,24.299999237060547,24.299999237060547,1009000,0.0,0.0
2023-11-22 00:00:00+08:00,24.350000381469727,24.600000381469727,24.299999237060547,24.399999618530273,850000,0.0,0.0
2023-11-23 00:00:00+08:00,24.700000762939453,24.850000381469727,24.25,24.350000381469727,499000,0.0,0.0
2023-11-24 00:00:00+08:00,24.350000381469727,25.700000762939453,24.350000381469727,24.850000381469727,4852000,0.0,0.0
2023-11-27 00:00:00+08:00,24.850000381469727,25.0,23.899999618530273,23.899999618530273,1215000,0.0,0.0
2023-11-28 00:00:00+08:00,24.100000381469727,25.100000381469727,23.899999618530273,25.0,2062000,0.0,0.0
2023-11-29 00:00:00+08:00,25.0,25.450000762939453,24.75,24.799999237060547,596000,0.0,0.0
2023-11-30 00:00:00+08:00,24.600000381469727,27.25,24.399999618530273,27.0,8806000,0.0,0.0
2023-12-01 00:00:00+08:00,27.200000762939453,29.700000762939453,27.200000762939453,29.700000762939453,15586000,0.0,0.0
2023-12-04 00:00:00+08:00,31.0,32.099998474121094,29.75,30.0,24268000,0.0,0.0
2023-12-05 00:00:00+08:00,29.549999237060547,31.649999618530273,29.049999237060547,30.850000381469727,11392000,0.0,0.0
2023-12-06 00:00:00+08:00,31.0,31.75,29.75,30.600000381469727,9055000,0.0,0.0
2023-12-07 00:00:00+08:00,31.0,31.0,29.100000381469727,29.5,5088000,0.0,0.0
2023-12-08 00:00:00+08:00,29.799999237060547,30.100000381469727,28.299999237060547,28.649999618530273,3722000,0.0,0.0
2023-12-11 00:00:00+08:00,28.0,31.5,27.600000381469727,31.5,12131000,0.0,0.0
2023-12-12 00:00:00+08:00,32.0,34.650001525878906,32.0,34.650001525878906,23974000,0.0,0.0
2023-12-13 00:00:00+08:00,35.29999923706055,36.400001525878906,33.599998474121094,34.900001525878906,29139000,0.0,0.0
2023-12-14 00:00:00+08:00,35.349998474121094,35.599998474121094,33.650001525878906,33.650001525878906,7131000,0.0,0.0
2023-12-15 00:00:00+08:00,34.04999923706055,34.599998474121094,32.900001525878906,33.599998474121094,5412000,0.0,0.0
2023-12-18 00:00:00+08:00,34.29999923706055,35.5,33.599998474121094,33.599998474121094,8496000,0.0,0.0
2023-12-19 00:00:00+08:00,33.599998474121094,34.150001525878906,32.0,33.150001525878906,4601000,0.0,0.0
2023-12-20 00:00:00+08:00,33.150001525878906,34.650001525878906,33.150001525878906,34.29999923706055,4253000,0.0,0.0
2023-12-21 00:00:00+08:00,34.0,35.95000076293945,33.5,34.75,11363000,0.0,0.0
2023-12-22 00:00:00+08:00,34.75,36.099998474121094,34.099998474121094,35.0,8419000,0.0,0.0
2023-12-25 00:00:00+08:00,35.349998474121094,35.400001525878906,33.29999923706055,33.5,5071000,0.0,0.0
2023-12-26 00:00:00+08:00,33.5,34.20000076293945,32.79999923706055,32.79999923706055,3149000,0.0,0.0
2023-12-27 00:00:00+08:00,33.0,33.400001525878906,32.75,32.849998474121094,1653000,0.0,0.0
2023-12-28 00:00:00+08:00,32.849998474121094,33.29999923706055,31.700000762939453,33.099998474121094,3203000,0.0,0.0
2023-12-29 00:00:00+08:00,33.099998474121094,33.150001525878906,31.850000381469727,31.850000381469727,1698000,0.0,0.0
2024-01-02 00:00:00+08:00,31.850000381469727,32.29999923706055,31.0,31.350000381469727,1815000,0.0,0.0
2024-01-03 00:00:00+08:00,31.5,33.0,30.850000381469727,32.5,2451000,0.0,0.0
2024-01-04 00:00:00+08:00,32.5,33.650001525878906,31.549999237060547,31.899999618530273,3521000,0.0,0.0
2024-01-05 00:00:00+08:00,31.899999618530273,33.599998474121094,31.899999618530273,33.150001525878906,2960000,0.0,0.0
2024-01-08 00:00:00+08:00,33.400001525878906,36.150001525878906,33.349998474121094,34.650001525878906,12388000,0.0,0.0
2024-01-09 00:00:00+08:00,34.900001525878906,37.0,33.0,36.79999923706055,12983000,0.0,0.0
2024-01-10 00:00:00+08:00,36.29999923706055,37.70000076293945,34.0,34.650001525878906,21884000,0.0,0.0
2024-01-11 00:00:00+08:00,35.45000076293945,38.099998474121094,35.45000076293945,38.099998474121094,21955000,0.0,0.0
2024-01-12 00:00:00+08:00,39.5,40.75,36.900001525878906,38.349998474121094,54583000,0.0,0.0
2024-01-15 00:00:00+08:00,39.29999923706055,42.150001525878906,38.5,42.150001525878906,24542205,0.0,0.0
2024-01-16 00:00:00+08:00,42.150001525878906,42.900001525878906,40.849998474121094,42.70000076293945,22926000,0.0,0.0
2024-01-17 00:00:00+08:00,42.75,42.900001525878906,40.95000076293945,41.650001525878906,9995000,0.0,0.0
2024-01-18 00:00:00+08:00,42.0,42.599998474121094,39.650001525878906,39.900001525878906,13259000,0.0,0.0
2024-01-19 00:00:00+08:00,40.599998474121094,40.95000076293945,39.29999923706055,40.20000076293945,7742000,0.0,0.0
2024-01-22 00:00:00+08:00,40.599998474121094,42.599998474121094,40.0,40.0,8481000,0.0,0.0
2024-01-23 00:00:00+08:00,40.0,44.0,39.849998474121094,44.0,11544000,0.0,0.0
2024-01-24 00:00:00+08:00,45.5,48.400001525878906,45.20000076293945,48.400001525878906,45258000,0.0,0.0
2024-01-25 00:00:00+08:00,48.75,51.400001525878906,45.70000076293945,45.70000076293945,69398000,0.0,0.0
2024-01-26 00:00:00+08:00,45.650001525878906,47.79999923706055,44.79999923706055,47.29999923706055,18997000,0.0,0.0
2024-01-29 00:00:00+08:00,47.900001525878906,48.25,46.29999923706055,47.900001525878906,12219000,0.0,0.0
2024-01-30 00:00:00+08:00,47.0,47.29999923706055,45.5,45.5,10531000,0.0,0.0
2024-01-31 00:00:00+08:00,45.20000076293945,46.45000076293945,45.04999923706055,45.75,6092000,0.0,0.0
2024-02-01 00:00:00+08:00,45.75,48.20000076293945,45.54999923706055,45.75,11822000,0.0,0.0
2024-02-02 00:00:00+08:00,45.900001525878906,46.20000076293945,43.5,43.54999923706055,7092000,0.0,0.0
2024-02-05 00:00:00+08:00,43.54999923706055,44.849998474121094,42.20000076293945,43.0,5039000,0.0,0.0
2024-02-15 00:00:00+08:00,46.900001525878906,47.29999923706055,45.45000076293945,47.29999923706055,6849000,0.0,0.0
2024-02-16 00:00:00+08:00,49.70000076293945,52.0,49.0,52.0,11764000,0.0,0.0
2024-02-19 00:00:00+08:00,53.0,55.0,51.70000076293945,53.0,25388000,0.0,0.0
2024-02-20 00:00:00+08:00,53.5,54.099998474121094,50.20000076293945,50.5,12238000,0.0,0.0
2024-02-21 00:00:00+08:00,50.900001525878906,55.5,50.70000076293945,55.5,13702000,0.0,0.0
2024-02-22 00:00:00+08:00,56.599998474121094,58.5,54.599998474121094,56.0,26632000,0.0,0.0
2024-02-23 00:00:00+08:00,57.29999923706055,57.400001525878906,53.79999923706055,54.599998474121094,7966000,0.0,0.0
2024-02-26 00:00:00+08:00,56.0,60.0,55.0,60.0,22832000,0.0,0.0
2024-02-27 00:00:00+08:00,61.0,62.79999923706055,56.79999923706055,59.79999923706055,28098000,0.0,0.0
2024-02-29 00:00:00+08:00,65.0,65.69999694824219,62.0,65.69999694824219,24588000,0.0,0.0
2024-03-01 00:00:00+08:00,67.19999694824219,71.30000305175781,66.5,68.9000015258789,44886000,0.0,0.0
2024-03-04 00:00:00+08:00,70.0,70.5,66.4000015258789,68.5,13945000,0.0,0.0
2024-03-05 00:00:00+08:00,69.5,71.19999694824219,67.4000015258789,68.5,9660000,0.0,0.0
2024-03-06 00:00:00+08:00,69.69999694824219,71.5,68.0999984741211,68.5999984741211,14830000,0.0,0.0
2024-03-07 00:00:00+08:00,68.5999984741211,69.5,65.0,67.0999984741211,11154000,0.0,0.0
2024-03-08 00:00:00+08:00,67.5,69.9000015258789,65.30000305175781,66.19999694824219,12025000,0.0,0.0
2024-03-11 00:00:00+08:00,72.80000305175781,72.80000305175781,72.80000305175781,72.80000305175781,4215000,0.0,0.0
2024-03-12 00:00:00+08:00,78.0,80.0,77.80000305175781,80.0,11766000,0.0,0.0
2024-03-13 00:00:00+08:00,80.0,80.0,80.0,80.0,0,0.0,0.0
2024-03-14 00:00:00+08:00,79.5999984741211,80.9000015258789,72.9000015258789,75.5999984741211,5687000,0.0,0.0
2024-03-15 00:00:00+08:00,74.4000015258789,78.30000305175781,73.0999984741211,77.80000305175781,3113000,0.0,0.0
2024-03-18 00:00:00+08:00,79.0,84.0,79.0,84.0,3719000,0.0,0.0
2024-03-19 00:00:00+08:00,84.0,85.5,81.5999984741211,81.5999984741211,2593000,0.0,0.0
2024-03-20 00:00:00+08:00,81.5999984741211,81.5999984741211,81.5999984741211,81.5999984741211,0,0.0,0.0
2024-03-21 00:00:00+08:00,81.0,83.5,80.0,82.5999984741211,1831000,0.0,0.0
2024-03-22 00:00:00+08:00,82.5,82.5999984741211,81.0999984741211,82.0,1105000,0.0,0.0
2024-03-25 00:00:00+08:00,82.0,82.0,82.0,82.0,0,0.0,0.0
2024-03-26 00:00:00+08:00,82.0,82.0,82.0,82.0,0,0.0,0.0
2024-03-27 00:00:00+08:00,89.4000015258789,91.0,86.5,88.5,2856000,0.0,0.0
2024-03-28 00:00:00+08:00,86.0,87.0,80.0,82.9000015258789,10169000,0.0,0.0
2024-03-29 00:00:00+08:00,82.9000015258789,90.9000015258789,82.4000015258789,87.5,11557000,0.0,0.0
2024-04-01 00:00:00+08:00,89.9000015258789,96.5999984741211,89.5,96.5999984741211,9883000,0.0,0.0
2024-04-02 00:00:00+08:00,99.30000305175781,101.0,95.4000015258789,95.80000305175781,22053000,0.0,0.0
2024-04-03 00:00:00+08:00,95.80000305175781,100.5,93.0,96.5999984741211,13093000,0.0,0.0
2024-04-08 00:00:00+08:00,96.0999984741211,99.19999694824219,96.0,98.0999984741211,1504000,0.0,0.0
2024-04-09 00:00:00+08:00,96.80000305175781,98.5999984741211,96.69999694824219,98.30000305175781,1146000,0.0,0.0
2024-04-10 00:00:00+08:00,101.5,102.5,94.0,95.30000305175781,2412000,0.0,0.0
2024-04-11 00:00:00+08:00,96.80000305175781,96.80000305175781,95.69999694824219,96.69999694824219,669000,0.0,0.0
2024-04-12 00:00:00+08:00,98.4000015258789,100.0,97.5,97.9000015258789,935000,0.0,0.0
2024-04-15 00:00:00+08:00,99.0,99.0,97.0,98.5999984741211,751000,0.0,0.0
2024-04-16 00:00:00+08:00,98.4000015258789,98.4000015258789,92.30000305175781,93.5,1555000,0.0,0.0
2024-04-17 00:00:00+08:00,94.0,97.0,94.0,97.0,461000,0.0,0.0
2024-04-18 00:00:00+08:00,96.9000015258789,100.0,96.9000015258789,100.0,1038000,0.0,0.0
2024-04-19 00:00:00+08:00,99.0999984741211,100.0,94.0,97.5,1252000,0.0,0.0
2024-04-22 00:00:00+08:00,97.5999984741211,97.9000015258789,87.80000305175781,87.80000305175781,6500000,0.0,0.0
2024-04-23 00:00:00+08:00,87.4000015258789,92.4000015258789,79.30000305175781,79.30000305175781,9827000,0.0,0.0
2024-04-24 00:00:00+08:00,81.5,86.0,81.19999694824219,81.5,7698000,0.0,0.0
2024-04-25 00:00:00+08:00,79.19999694824219,80.9000015258789,75.0999984741211,78.0,5885000,0.0,0.0
2024-04-26 00:00:00+08:00,80.4000015258789,85.80000305175781,80.4000015258789,85.80000305175781,6104000,0.0,0.0
2024-04-29 00:00:00+08:00,89.80000305175781,91.80000305175781,82.5,83.19999694824219,7666000,0.0,0.0
2024-04-30 00:00:00+08:00,83.0999984741211,84.0,81.0999984741211,82.0999984741211,2487000,0.0,0.0
2024-05-02 00:00:00+08:00,82.5,87.5999984741211,81.19999694824219,83.69999694824219,5141000,0.0,0.0
2024-05-03 00:00:00+08:00,84.5999984741211,88.5999984741211,80.19999694824219,80.5,7257000,0.0,0.0
2024-05-06 00:00:00+08:00,82.0999984741211,82.5,79.69999694824219,80.5999984741211,2527000,0.0,0.0
2024-05-07 00:00:00+08:00,82.0,88.5999984741211,81.19999694824219,88.5999984741211,7561000,0.0,0.0
2024-05-08 00:00:00+08:00,89.0,90.9000015258789,85.0999984741211,88.5999984741211,10898000,0.0,0.0
2024-05-09 00:00:00+08:00,90.0999984741211,93.30000305175781,88.0999984741211,88.5,11247000,0.0,0.0
2024-05-10 00:00:00+08:00,90.0,90.80000305175781,81.4000015258789,83.9000015258789,11079000,0.0,0.0
2024-05-13 00:00:00+08:00,84.5999984741211,89.4000015258789,81.5,87.4000015258789,6701000,0.0,0.0
2024-05-14 00:00:00+08:00,89.5,90.0,86.80000305175781,87.4000015258789,6410000,0.0,0.0
2024-05-15 00:00:00+08:00,88.30000305175781,89.9000015258789,86.19999694824219,86.30000305175781,4798000,0.0,0.0
2024-05-16 00:00:00+08:00,87.0,88.0999984741211,82.5,83.30000305175781,4893000,0.0,0.0
2024-05-17 00:00:00+08:00,83.0,84.4000015258789,82.5,83.0,2530000,0.0,0.0
2024-05-20 00:00:00+08:00,82.4000015258789,83.80000305175781,80.0,80.0,3424000,0.0,0.0
2024-05-21 00:00:00+08:00,80.0,81.0,79.0,80.30000305175781,3021000,0.0,0.0
2024-05-22 00:00:00+08:00,81.0999984741211,86.4000015258789,81.0,81.69999694824219,7111000,0.0,0.0
2024-05-23 00:00:00+08:00,81.5999984741211,81.69999694824219,78.80000305175781,79.19999694824219,4642000,0.0,0.0
2024-05-24 00:00:00+08:00,78.5999984741211,81.69999694824219,77.9000015258789,81.19999694824219,2788000,0.0,0.0
2024-05-27 00:00:00+08:00,83.0,84.5999984741211,82.0,82.80000305175781,3609000,0.0,0.0
2024-05-28 00:00:00+08:00,84.30000305175781,91.0,83.4000015258789,88.69999694824219,14965000,0.0,0.0
2024-05-29 00:00:00+08:00,89.9000015258789,90.5999984741211,87.4000015258789,88.0,8209000,0.0,0.0
2024-05-30 00:00:00+08:00,87.30000305175781,87.30000305175781,83.0,83.0,4102000,0.0,0.0
2024-05-31 00:00:00+08:00,83.5999984741211,85.0,82.30000305175781,83.69999694824219,2346000,0.0,0.0
2024-06-03 00:00:00+08:00,85.69999694824219,90.5,84.4000015258789,88.19999694824219,5641000,0.0,0.0
2024-06-04 00:00:00+08:00,88.19999694824219,90.4000015258789,87.19999694824219,87.80000305175781,3566000,0.0,0.0
2024-06-05 00:00:00+08:00,88.5,89.5,86.30000305175781,86.30000305175781,2009000,0.0,0.0
2024-06-06 00:00:00+08:00,88.0,91.0,86.0,88.9000015258789,6530000,0.0,0.0
2024-06-07 00:00:00+08:00,89.19999694824219,90.9000015258789,85.5999984741211,86.0999984741211,4492000,0.0,0.0
2024-06-11 00:00:00+08:00,86.30000305175781,87.80000305175781,83.4000015258789,85.30000305175781,3794000,0.0,0.0
2024-06-12 00:00:00+08:00,86.5,93.80000305175781,85.5,93.80000305175781,9824000,0.0,0.0
2024-06-13 00:00:00+08:00,96.19999694824219,97.5999984741211,90.19999694824219,90.69999694824219,20570000,0.0,0.0
2024-06-14 00:00:00+08:00,90.80000305175781,92.9000015258789,89.19999694824219,89.19999694824219,5201000,0.0,0.0
2024-06-17 00:00:00+08:00,89.0,94.0999984741211,88.5999984741211,93.69999694824219,5648000,0.0,0.0
2024-06-18 00:00:00+08:00,94.4000015258789,97.0999984741211,91.69999694824219,93.9000015258789,8554000,0.0,0.0
2024-06-19 00:00:00+08:00,94.30000305175781,103.0,93.4000015258789,103.0,16345000,0.0,0.0
2024-06-20 00:00:00+08:00,104.0,113.0,101.5,113.0,30314000,0.0,0.0
2024-06-21 00:00:00+08:00,113.0,118.0,110.0,111.5,25810000,0.0,0.0
2024-06-24 00:00:00+08:00,111.0,119.5,110.0,114.0,19116000,0.0,0.0
2024-06-25 00:00:00+08:00,113.0,114.0,103.5,109.0,13192000,0.0,0.0
2024-06-26 00:00:00+08:00,109.0,113.0,104.5,107.0,13798000,0.0,0.0
2024-06-27 00:00:00+08:00,109.0,117.5,106.0,117.5,17998000,0.0,0.0
2024-06-28 00:00:00+08:00,120.0,121.0,115.0,116.5,27543000,0.0,0.0
2024-07-01 00:00:00+08:00,118.0,118.0,110.5,112.0,7090000,0.0,0.0
2024-07-02 00:00:00+08:00,113.5,117.5,111.0,111.5,12184000,0.0,0.0
2024-07-03 00:00:00+08:00,114.0,116.0,109.5,110.0,6421000,0.0,0.0
2024-07-04 00:00:00+08:00,108.5,111.5,106.0,107.0,5603000,0.0,0.0
2024-07-05 00:00:00+08:00,106.0,109.5,106.0,108.0,4852000,0.0,0.0
2024-07-08 00:00:00+08:00,110.0,118.5,108.0,115.5,16274000,0.0,0.0
2024-07-09 00:00:00+08:00,114.5,115.5,104.0,106.0,14196000,0.0,0.0
2024-07-10 00:00:00+08:00,112.0,115.5,109.5,110.0,14043000,0.0,0.0
2024-07-11 00:00:00+08:00,111.0,117.0,110.5,111.5,8320000,0.0,0.0
2024-07-12 00:00:00+08:00,111.0,118.5,109.5,115.0,14927000,0.0,0.0
2024-07-15 00:00:00+08:00,115.0,125.5,111.0,121.5,21099000,0.0,0.0
2024-07-16 00:00:00+08:00,122.0,126.5,119.0,123.0,20251000,0.0,0.0
2024-07-17 00:00:00+08:00,123.5,135.0,122.5,135.0,12840000,0.0,0.0
2024-07-18 00:00:00+08:00,136.5,139.5,124.0,129.5,42964000,0.0,0.0
2024-07-19 00:00:00+08:00,129.5,132.0,119.5,121.5,14013000,0.0,0.0
2024-07-22 00:00:00+08:00,120.5,124.0,116.0,117.5,8835000,0.0,0.0
2024-07-23 00:00:00+08:00,120.0,123.0,115.0,115.0,6687000,0.0,0.0
2024-07-26 00:00:00+08:00,111.5,112.5,106.5,112.0,4639000,0.0,0.0
2024-07-29 00:00:00+08:00,112.5,114.5,104.0,105.0,6889000,0.0,0.0
2024-07-30 00:00:00+08:00,105.5,114.0,104.0,112.5,7294000,0.0,0.0
2024-07-31 00:00:00+08:00,109.5,115.5,109.0,113.5,5523000,0.0,0.0
2024-08-01 00:00:00+08:00,117.5,123.5,115.5,122.0,8025000,0.0,0.0
2024-08-02 00:00:00+08:00,117.0,121.5,113.5,113.5,6255000,0.0,0.0
