Date,Open,High,Low,Close,Volume,Dividends,Stock Splits,Capital Gains
2016-03-31 00:00:00+09:00,7990.0,7990.0,7990.0,7990.0,1,0.0,0.0,0.0
2016-04-01 00:00:00+09:00,9170.0,9170.0,9170.0,9170.0,1,0.0,0.0,0.0
2016-04-04 00:00:00+09:00,7800.0,7800.0,7800.0,7800.0,129,0.0,0.0,0.0
2016-04-05 00:00:00+09:00,8800.0,8800.0,8800.0,8800.0,1,0.0,0.0,0.0
2016-04-06 00:00:00+09:00,9480.0,9480.0,9480.0,9480.0,1,0.0,0.0,0.0
2016-04-07 00:00:00+09:00,8060.0,8060.0,8060.0,8060.0,125,0.0,0.0,0.0
2016-04-08 00:00:00+09:00,9240.0,9240.0,9240.0,9240.0,1,0.0,0.0,0.0
2016-04-11 00:00:00+09:00,10600.0,10600.0,7860.0,7860.0,11,0.0,0.0,0.0
2016-04-12 00:00:00+09:00,9010.0,9010.0,6690.0,7990.0,202,0.0,0.0,0.0
2016-04-14 00:00:00+09:00,9150.0,9150.0,7900.0,7900.0,1001,0.0,0.0,0.0
2016-04-15 00:00:00+09:00,9060.0,9060.0,9060.0,9060.0,1,0.0,0.0,0.0
2016-04-18 00:00:00+09:00,9990.0,9990.0,9990.0,9990.0,1,0.0,0.0,0.0
2016-04-19 00:00:00+09:00,8500.0,8500.0,8500.0,8500.0,118,0.0,0.0,0.0
2016-04-20 00:00:00+09:00,9750.0,9750.0,7230.0,8300.0,32,0.0,0.0,0.0
2016-04-21 00:00:00+09:00,9540.0,9540.0,9540.0,9540.0,1,0.0,0.0,0.0
2016-04-22 00:00:00+09:00,10800.0,10800.0,10800.0,10800.0,1,0.0,0.0,0.0
2016-04-25 00:00:00+09:00,10600.0,10600.0,10600.0,10600.0,1,0.0,0.0,0.0
2016-04-26 00:00:00+09:00,9050.0,9050.0,9050.0,9050.0,111,0.0,0.0,0.0
2016-04-27 00:00:00+09:00,10100.0,10100.0,7700.0,9040.0,202,0.0,0.0,0.0
2016-04-28 00:00:00+09:00,10250.0,10250.0,9980.0,9980.0,2,0.0,0.0,0.0
2016-04-29 00:00:00+09:00,10400.0,10400.0,10400.0,10400.0,1,0.0,0.0,0.0
2016-05-02 00:00:00+09:00,10000.0,10000.0,10000.0,10000.0,1,0.0,0.0,0.0
2016-05-03 00:00:00+09:00,8500.0,8500.0,8500.0,8500.0,118,0.0,0.0,0.0
2016-05-04 00:00:00+09:00,8500.0,8500.0,7230.0,7230.0,215,0.0,0.0,0.0
2016-05-09 00:00:00+09:00,8310.0,8310.0,8310.0,8310.0,1,0.0,0.0,0.0
2016-05-10 00:00:00+09:00,9510.0,9510.0,7070.0,9000.0,12,0.0,0.0,0.0
2016-05-11 00:00:00+09:00,10250.0,10250.0,10250.0,10250.0,1,0.0,0.0,0.0
2016-05-12 00:00:00+09:00,11400.0,11400.0,11400.0,11400.0,1,0.0,0.0,0.0
2016-05-13 00:00:00+09:00,9700.0,9700.0,9700.0,9700.0,104,0.0,0.0,0.0
2016-05-16 00:00:00+09:00,9940.0,9940.0,8400.0,8400.0,11,0.0,0.0,0.0
2016-05-17 00:00:00+09:00,9330.0,9330.0,7140.0,8490.0,346,0.0,0.0,0.0
2016-05-18 00:00:00+09:00,9760.0,9760.0,7220.0,9760.0,12,0.0,0.0,0.0
2016-05-19 00:00:00+09:00,11200.0,11200.0,11200.0,11200.0,1,0.0,0.0,0.0
2016-05-20 00:00:00+09:00,9550.0,9550.0,9550.0,9550.0,61,0.0,0.0,0.0
2016-05-23 00:00:00+09:00,8120.0,8120.0,8120.0,8120.0,124,0.0,0.0,0.0
2016-05-24 00:00:00+09:00,9320.0,9320.0,6910.0,9190.0,102,0.0,0.0,0.0
2016-05-25 00:00:00+09:00,8900.0,8900.0,8900.0,8900.0,1,0.0,0.0,0.0
2016-05-26 00:00:00+09:00,7570.0,8490.0,7570.0,8490.0,201,0.0,0.0,0.0
2016-05-27 00:00:00+09:00,9760.0,9760.0,7220.0,8450.0,103,0.0,0.0,0.0
2016-05-30 00:00:00+09:00,9700.0,9700.0,9700.0,9700.0,1,0.0,0.0,0.0
2016-05-31 00:00:00+09:00,8250.0,8740.0,8250.0,8250.0,123,0.0,0.0,0.0
2016-06-01 00:00:00+09:00,9450.0,9450.0,7020.0,8990.0,102,0.0,0.0,0.0
2016-06-02 00:00:00+09:00,9000.0,9000.0,7650.0,8690.0,1600,0.0,0.0,0.0
2016-06-03 00:00:00+09:00,7390.0,7990.0,7390.0,7990.0,101,0.0,0.0,0.0
2016-06-07 00:00:00+09:00,9170.0,9170.0,9170.0,9170.0,1,0.0,0.0,0.0
2016-06-08 00:00:00+09:00,8490.0,8490.0,8490.0,8490.0,1,0.0,0.0,0.0
2016-06-09 00:00:00+09:00,8500.0,8500.0,7220.0,8200.0,102,0.0,0.0,0.0
2016-06-10 00:00:00+09:00,9400.0,9400.0,6970.0,8990.0,102,0.0,0.0,0.0
2016-06-13 00:00:00+09:00,7650.0,7950.0,7650.0,7950.0,1001,0.0,0.0,0.0
2016-06-14 00:00:00+09:00,8000.0,8000.0,7000.0,7100.0,122,0.0,0.0,0.0
2016-06-15 00:00:00+09:00,8000.0,8000.0,6800.0,7980.0,12,0.0,0.0,0.0
2016-06-16 00:00:00+09:00,6790.0,7900.0,6790.0,7900.0,41,0.0,0.0,0.0
2016-06-17 00:00:00+09:00,9000.0,9000.0,6720.0,8400.0,164,0.0,0.0,0.0
2016-06-20 00:00:00+09:00,7140.0,8290.0,7140.0,8180.0,649,0.0,0.0,0.0
2016-06-21 00:00:00+09:00,7490.0,7490.0,6960.0,7390.0,132,0.0,0.0,0.0
2016-06-22 00:00:00+09:00,8000.0,8000.0,6290.0,7950.0,142,0.0,0.0,0.0
2016-06-23 00:00:00+09:00,7950.0,7950.0,7950.0,7950.0,1,0.0,0.0,0.0
2016-06-24 00:00:00+09:00,8000.0,8000.0,7800.0,7990.0,635,0.0,0.0,0.0
2016-06-27 00:00:00+09:00,7700.0,7700.0,6900.0,7600.0,21417,0.0,0.0,0.0
2016-06-28 00:00:00+09:00,8000.0,8000.0,6480.0,7800.0,3233,0.0,0.0,0.0
2016-06-29 00:00:00+09:00,8970.0,8970.0,6700.0,8090.0,9324,0.0,0.0,0.0
2016-06-30 00:00:00+09:00,8980.0,8980.0,6910.0,6910.0,802,0.0,0.0,0.0
2016-07-01 00:00:00+09:00,7920.0,7920.0,7920.0,7920.0,1,0.0,0.0,0.0
2016-07-04 00:00:00+09:00,8990.0,8990.0,6740.0,7090.0,364,0.0,0.0,0.0
2016-07-05 00:00:00+09:00,8140.0,8140.0,7000.0,7690.0,1109,0.0,0.0,0.0
2016-07-06 00:00:00+09:00,7990.0,7990.0,7990.0,7990.0,1,0.0,0.0,0.0
2016-07-07 00:00:00+09:00,8490.0,8490.0,6800.0,7290.0,434,0.0,0.0,0.0
2016-07-08 00:00:00+09:00,6200.0,7980.0,6200.0,7980.0,12,0.0,0.0,0.0
2016-07-11 00:00:00+09:00,8490.0,8490.0,6790.0,8450.0,302,0.0,0.0,0.0
2016-07-12 00:00:00+09:00,9170.0,9170.0,7190.0,8990.0,10,0.0,0.0,0.0
2016-07-13 00:00:00+09:00,9490.0,9490.0,9490.0,9490.0,1,0.0,0.0,0.0
2016-07-14 00:00:00+09:00,9000.0,9000.0,9000.0,9000.0,1,0.0,0.0,0.0
2016-07-15 00:00:00+09:00,7650.0,8000.0,7650.0,8000.0,1477,0.0,0.0,0.0
2016-07-18 00:00:00+09:00,8850.0,8850.0,6820.0,8000.0,282,0.0,0.0,0.0
2016-07-19 00:00:00+09:00,8980.0,8980.0,8980.0,8980.0,1,0.0,0.0,0.0
2016-07-20 00:00:00+09:00,10250.0,10250.0,7640.0,9700.0,852,0.0,0.0,0.0
2016-07-21 00:00:00+09:00,8250.0,8250.0,8250.0,8250.0,122,0.0,0.0,0.0
2016-07-22 00:00:00+09:00,9290.0,9290.0,7020.0,7020.0,12,0.0,0.0,0.0
2016-07-25 00:00:00+09:00,8060.0,8060.0,7890.0,7890.0,101,0.0,0.0,0.0
2016-07-26 00:00:00+09:00,8990.0,8990.0,8990.0,8990.0,1,0.0,0.0,0.0
2016-07-27 00:00:00+09:00,9490.0,9490.0,7650.0,7700.0,173,0.0,0.0,0.0
2016-07-28 00:00:00+09:00,8290.0,8290.0,8290.0,8290.0,1,0.0,0.0,0.0
2016-07-29 00:00:00+09:00,7990.0,8000.0,7950.0,7950.0,61,0.0,0.0,0.0
2016-08-01 00:00:00+09:00,8500.0,8500.0,8500.0,8500.0,601,0.0,0.0,0.0
2016-08-02 00:00:00+09:00,9690.0,9690.0,7800.0,9090.0,454,0.0,0.0,0.0
2016-08-03 00:00:00+09:00,9500.0,9500.0,7730.0,8190.0,2015,0.0,0.0,0.0
2016-08-04 00:00:00+09:00,8970.0,8970.0,6970.0,7990.0,102,0.0,0.0,0.0
2016-08-05 00:00:00+09:00,9180.0,9180.0,9180.0,9180.0,1,0.0,0.0,0.0
2016-08-08 00:00:00+09:00,9170.0,9170.0,9170.0,9170.0,1,0.0,0.0,0.0
2016-08-09 00:00:00+09:00,9170.0,9170.0,9170.0,9170.0,1,0.0,0.0,0.0
2016-08-10 00:00:00+09:00,10500.0,10500.0,10500.0,10500.0,1,0.0,0.0,0.0
2016-08-11 00:00:00+09:00,8950.0,8950.0,8950.0,8950.0,112,0.0,0.0,0.0
2016-08-12 00:00:00+09:00,10250.0,10250.0,10250.0,10250.0,1,0.0,0.0,0.0
2016-08-16 00:00:00+09:00,11600.0,11600.0,11600.0,11600.0,1,0.0,0.0,0.0
2016-08-17 00:00:00+09:00,9900.0,9900.0,9900.0,9900.0,102,0.0,0.0,0.0
2016-08-18 00:00:00+09:00,9820.0,9820.0,9820.0,9820.0,1,0.0,0.0,0.0
2016-08-19 00:00:00+09:00,9980.0,9980.0,9980.0,9980.0,1,0.0,0.0,0.0
2016-08-22 00:00:00+09:00,11350.0,11350.0,11350.0,11350.0,1,0.0,0.0,0.0
2016-08-23 00:00:00+09:00,9650.0,9650.0,9650.0,9650.0,104,0.0,0.0,0.0
2016-08-24 00:00:00+09:00,11000.0,11000.0,11000.0,11000.0,1,0.0,0.0,0.0
2016-08-25 00:00:00+09:00,9350.0,9350.0,9350.0,9350.0,107,0.0,0.0,0.0
2016-08-26 00:00:00+09:00,10650.0,10650.0,7950.0,7950.0,4,0.0,0.0,0.0
2016-08-29 00:00:00+09:00,9110.0,9110.0,9110.0,9110.0,1,0.0,0.0,0.0
2016-08-30 00:00:00+09:00,9790.0,9790.0,9790.0,9790.0,1,0.0,0.0,0.0
2016-08-31 00:00:00+09:00,11250.0,11250.0,11250.0,11250.0,1,0.0,0.0,0.0
2016-09-01 00:00:00+09:00,9600.0,9600.0,9600.0,9600.0,105,0.0,0.0,0.0
2016-09-02 00:00:00+09:00,11000.0,11000.0,11000.0,11000.0,1,0.0,0.0,0.0
2016-09-05 00:00:00+09:00,9350.0,9350.0,9350.0,9350.0,107,0.0,0.0,0.0
2016-09-06 00:00:00+09:00,10750.0,10750.0,10750.0,10750.0,1,0.0,0.0,0.0
2016-09-07 00:00:00+09:00,9150.0,9150.0,9150.0,9150.0,110,0.0,0.0,0.0
2016-09-08 00:00:00+09:00,9000.0,9000.0,9000.0,9000.0,1,0.0,0.0,0.0
2016-09-09 00:00:00+09:00,10200.0,10200.0,7650.0,7990.0,72,0.0,0.0,0.0
2016-09-12 00:00:00+09:00,9170.0,9170.0,9170.0,9170.0,1,0.0,0.0,0.0
2016-09-13 00:00:00+09:00,10500.0,10500.0,10500.0,10500.0,1,0.0,0.0,0.0
2016-09-19 00:00:00+09:00,11700.0,11700.0,11700.0,11700.0,1,0.0,0.0,0.0
2016-09-20 00:00:00+09:00,12050.0,12050.0,12050.0,12050.0,1,0.0,0.0,0.0
2016-09-21 00:00:00+09:00,10250.0,10250.0,10250.0,10250.0,100,0.0,0.0,0.0
2016-09-22 00:00:00+09:00,11750.0,11750.0,11750.0,11750.0,1,0.0,0.0,0.0
2016-09-23 00:00:00+09:00,11750.0,13450.0,11750.0,13450.0,2,0.0,0.0,0.0
2016-09-26 00:00:00+09:00,11450.0,11450.0,11450.0,11450.0,100,0.0,0.0,0.0
2016-09-27 00:00:00+09:00,9750.0,9750.0,9750.0,9750.0,103,0.0,0.0,0.0
2016-09-28 00:00:00+09:00,11050.0,11050.0,8290.0,8290.0,11,0.0,0.0,0.0
2016-09-29 00:00:00+09:00,8400.0,8400.0,7050.0,8390.0,52,0.0,0.0,0.0
2016-09-30 00:00:00+09:00,9630.0,9630.0,9630.0,9630.0,1,0.0,0.0,0.0
2016-10-04 00:00:00+09:00,10950.0,10950.0,10950.0,10950.0,1,0.0,0.0,0.0
2016-10-05 00:00:00+09:00,9350.0,9350.0,9350.0,9350.0,107,0.0,0.0,0.0
2016-10-06 00:00:00+09:00,9300.0,9300.0,7950.0,7950.0,11,0.0,0.0,0.0
2016-10-07 00:00:00+09:00,7950.0,7950.0,7950.0,7950.0,2,0.0,0.0,0.0
2016-10-10 00:00:00+09:00,9130.0,9130.0,9130.0,9130.0,1,0.0,0.0,0.0
2016-10-11 00:00:00+09:00,9850.0,9850.0,9850.0,9850.0,1,0.0,0.0,0.0
2016-10-12 00:00:00+09:00,10450.0,10450.0,8400.0,8400.0,22,0.0,0.0,0.0
2016-10-13 00:00:00+09:00,8400.0,8400.0,8400.0,8400.0,1,0.0,0.0,0.0
2016-10-14 00:00:00+09:00,8390.0,8390.0,8390.0,8390.0,1,0.0,0.0,0.0
2016-10-17 00:00:00+09:00,8390.0,8390.0,8390.0,8390.0,1,0.0,0.0,0.0
2016-10-18 00:00:00+09:00,9640.0,9640.0,9640.0,9640.0,1,0.0,0.0,0.0
2016-10-19 00:00:00+09:00,10450.0,10450.0,10450.0,10450.0,1,0.0,0.0,0.0
2016-10-20 00:00:00+09:00,8900.0,8900.0,8900.0,8900.0,113,0.0,0.0,0.0
2016-10-21 00:00:00+09:00,7570.0,7570.0,7570.0,7570.0,5,0.0,0.0,0.0
2016-10-24 00:00:00+09:00,8650.0,8650.0,8650.0,8650.0,1,0.0,0.0,0.0
2016-10-25 00:00:00+09:00,9940.0,9940.0,9940.0,9940.0,1,0.0,0.0,0.0
2016-10-26 00:00:00+09:00,8450.0,8450.0,8450.0,8450.0,119,0.0,0.0,0.0
2016-10-27 00:00:00+09:00,7190.0,7190.0,7190.0,7190.0,140,0.0,0.0,0.0
2016-10-28 00:00:00+09:00,8260.0,8260.0,8260.0,8260.0,1,0.0,0.0,0.0
2016-10-31 00:00:00+09:00,9490.0,9490.0,9490.0,9490.0,1,0.0,0.0,0.0
2016-11-01 00:00:00+09:00,8070.0,8070.0,8070.0,8070.0,124,0.0,0.0,0.0
2016-11-02 00:00:00+09:00,7970.0,7970.0,7970.0,7970.0,1,0.0,0.0,0.0
2016-11-03 00:00:00+09:00,8100.0,8100.0,8100.0,8100.0,1,0.0,0.0,0.0
2016-11-04 00:00:00+09:00,8070.0,8070.0,8070.0,8070.0,1,0.0,0.0,0.0
2016-11-07 00:00:00+09:00,7970.0,7970.0,7970.0,7970.0,1,0.0,0.0,0.0
2016-11-08 00:00:00+09:00,8200.0,8200.0,8200.0,8200.0,1,0.0,0.0,0.0
2016-11-09 00:00:00+09:00,8500.0,8500.0,8500.0,8500.0,1,0.0,0.0,0.0
2016-11-10 00:00:00+09:00,8000.0,8000.0,8000.0,8000.0,1,0.0,0.0,0.0
2016-11-11 00:00:00+09:00,8000.0,8000.0,8000.0,8000.0,1,0.0,0.0,0.0
2016-11-14 00:00:00+09:00,8000.0,8000.0,8000.0,8000.0,1,0.0,0.0,0.0
2016-11-15 00:00:00+09:00,8300.0,8300.0,8300.0,8300.0,1,0.0,0.0,0.0
2016-11-16 00:00:00+09:00,8500.0,8500.0,8500.0,8500.0,1,0.0,0.0,0.0
2016-11-17 00:00:00+09:00,7230.0,7230.0,7230.0,7230.0,20,0.0,0.0,0.0
2016-11-18 00:00:00+09:00,7990.0,7990.0,7990.0,7990.0,1,0.0,0.0,0.0
2016-11-21 00:00:00+09:00,8500.0,8500.0,8500.0,8500.0,1,0.0,0.0,0.0
2016-11-22 00:00:00+09:00,8800.0,8800.0,8800.0,8800.0,1,0.0,0.0,0.0
2016-11-23 00:00:00+09:00,9000.0,9000.0,9000.0,9000.0,1,0.0,0.0,0.0
2016-11-24 00:00:00+09:00,8950.0,8950.0,8950.0,8950.0,1,0.0,0.0,0.0
2016-11-25 00:00:00+09:00,8950.0,8950.0,8950.0,8950.0,0,0.0,0.0,0.0
2016-11-28 00:00:00+09:00,8100.0,8100.0,8100.0,8100.0,1,0.0,0.0,0.0
2016-11-29 00:00:00+09:00,8500.0,8500.0,8500.0,8500.0,1,0.0,0.0,0.0
2016-11-30 00:00:00+09:00,8800.0,8800.0,8800.0,8800.0,1,0.0,0.0,0.0
2016-12-01 00:00:00+09:00,9000.0,9000.0,9000.0,9000.0,1,0.0,0.0,0.0
2016-12-02 00:00:00+09:00,9200.0,9200.0,9200.0,9200.0,1,0.0,0.0,0.0
2016-12-05 00:00:00+09:00,8950.0,8950.0,8950.0,8950.0,1,0.0,0.0,0.0
2016-12-06 00:00:00+09:00,9200.0,9200.0,9200.0,9200.0,1,0.0,0.0,0.0
2016-12-07 00:00:00+09:00,8490.0,8490.0,8490.0,8490.0,1,0.0,0.0,0.0
2016-12-08 00:00:00+09:00,9300.0,9300.0,9300.0,9300.0,1,0.0,0.0,0.0
2016-12-09 00:00:00+09:00,9300.0,9300.0,9300.0,9300.0,1,0.0,0.0,0.0
2016-12-12 00:00:00+09:00,8950.0,8950.0,8950.0,8950.0,1,0.0,0.0,0.0
2016-12-13 00:00:00+09:00,7610.0,7610.0,7610.0,7610.0,132,0.0,0.0,0.0
2016-12-14 00:00:00+09:00,7580.0,7580.0,7580.0,7580.0,1,0.0,0.0,0.0
2016-12-15 00:00:00+09:00,8000.0,8000.0,8000.0,8000.0,1,0.0,0.0,0.0
2016-12-16 00:00:00+09:00,8100.0,8100.0,8100.0,8100.0,1,0.0,0.0,0.0
2016-12-19 00:00:00+09:00,8690.0,8690.0,8690.0,8690.0,1,0.0,0.0,0.0
2016-12-20 00:00:00+09:00,8900.0,8900.0,7390.0,7990.0,3,0.0,0.0,0.0
2016-12-21 00:00:00+09:00,8500.0,8500.0,6800.0,6800.0,3,0.0,0.0,0.0
2016-12-22 00:00:00+09:00,7500.0,7500.0,7500.0,7500.0,1,0.0,0.0,0.0
2016-12-23 00:00:00+09:00,8200.0,8200.0,8200.0,8200.0,1,0.0,0.0,0.0
2016-12-26 00:00:00+09:00,8600.0,8600.0,6970.0,6970.0,4,0.0,0.0,0.0
2016-12-27 00:00:00+09:00,7800.0,7800.0,7800.0,7800.0,1,0.0,0.0,0.0
2016-12-28 00:00:00+09:00,7950.0,7950.0,7950.0,7950.0,1,0.0,0.0,0.0
2016-12-29 00:00:00+09:00,8300.0,8300.0,8300.0,8300.0,1,0.0,0.0,0.0
2017-01-02 00:00:00+09:00,8600.0,8600.0,7060.0,7060.0,6,0.0,0.0,0.0
2017-01-03 00:00:00+09:00,7990.0,7990.0,6010.0,6010.0,1211,0.0,0.0,0.0
2017-01-04 00:00:00+09:00,6800.0,6800.0,6800.0,6800.0,1,0.0,0.0,0.0
2017-01-05 00:00:00+09:00,6750.0,7190.0,5780.0,6700.0,475,0.0,0.0,0.0
2017-01-06 00:00:00+09:00,6700.0,6700.0,6700.0,6700.0,1,0.0,0.0,0.0
2017-01-09 00:00:00+09:00,7300.0,7300.0,7300.0,7300.0,1,0.0,0.0,0.0
2017-01-10 00:00:00+09:00,7800.0,7800.0,7800.0,7800.0,1,0.0,0.0,0.0
2017-01-11 00:00:00+09:00,8200.0,8200.0,6630.0,6800.0,3,0.0,0.0,0.0
2017-01-12 00:00:00+09:00,7550.0,7550.0,7550.0,7550.0,1,0.0,0.0,0.0
2017-01-13 00:00:00+09:00,8000.0,8000.0,8000.0,8000.0,1,0.0,0.0,0.0
2017-01-16 00:00:00+09:00,8400.0,8400.0,6800.0,6800.0,2,0.0,0.0,0.0
2017-01-17 00:00:00+09:00,7500.0,7500.0,7500.0,7500.0,1,0.0,0.0,0.0
2017-01-18 00:00:00+09:00,6950.0,6950.0,6380.0,6380.0,2,0.0,0.0,0.0
2017-01-19 00:00:00+09:00,7000.0,7000.0,7000.0,7000.0,1,0.0,0.0,0.0
2017-01-20 00:00:00+09:00,7500.0,7500.0,7500.0,7500.0,1,0.0,0.0,0.0
2017-01-23 00:00:00+09:00,7800.0,7800.0,6380.0,6380.0,2,0.0,0.0,0.0
2017-01-24 00:00:00+09:00,6350.0,6350.0,6350.0,6350.0,1,0.0,0.0,0.0
2017-01-25 00:00:00+09:00,6350.0,6350.0,6350.0,6350.0,1,0.0,0.0,0.0
2017-01-26 00:00:00+09:00,6360.0,6360.0,6360.0,6360.0,1,0.0,0.0,0.0
2017-01-31 00:00:00+09:00,6350.0,6350.0,6350.0,6350.0,1,0.0,0.0,0.0
2017-02-01 00:00:00+09:00,7000.0,7000.0,6500.0,6500.0,2,0.0,0.0,0.0
2017-02-02 00:00:00+09:00,7200.0,7200.0,7200.0,7200.0,1,0.0,0.0,0.0
2017-02-03 00:00:00+09:00,6120.0,6990.0,6120.0,6990.0,2,0.0,0.0,0.0
2017-02-06 00:00:00+09:00,6990.0,6990.0,6990.0,6990.0,1,0.0,0.0,0.0
2017-02-07 00:00:00+09:00,7800.0,7800.0,7800.0,7800.0,1,0.0,0.0,0.0
2017-02-08 00:00:00+09:00,6630.0,6630.0,6630.0,6630.0,151,0.0,0.0,0.0
2017-02-09 00:00:00+09:00,6480.0,6480.0,5640.0,5640.0,526,0.0,0.0,0.0
2017-02-10 00:00:00+09:00,6000.0,6000.0,6000.0,6000.0,1,0.0,0.0,0.0
2017-02-13 00:00:00+09:00,5980.0,5980.0,5980.0,5980.0,1,0.0,0.0,0.0
2017-02-14 00:00:00+09:00,6400.0,6400.0,5090.0,6390.0,36,0.0,0.0,0.0
2017-02-15 00:00:00+09:00,6350.0,6350.0,6350.0,6350.0,1,0.0,0.0,0.0
2017-02-16 00:00:00+09:00,6300.0,6300.0,6300.0,6300.0,1,0.0,0.0,0.0
2017-02-17 00:00:00+09:00,6280.0,6280.0,6280.0,6280.0,1,0.0,0.0,0.0
2017-02-20 00:00:00+09:00,6250.0,6250.0,6250.0,6250.0,1,0.0,0.0,0.0
2017-02-21 00:00:00+09:00,6220.0,6220.0,6220.0,6220.0,1,0.0,0.0,0.0
2017-02-22 00:00:00+09:00,6180.0,6180.0,6180.0,6180.0,1,0.0,0.0,0.0
2017-02-23 00:00:00+09:00,6180.0,6180.0,6180.0,6180.0,1,0.0,0.0,0.0
2017-02-24 00:00:00+09:00,6170.0,6170.0,5260.0,5690.0,14,0.0,0.0,0.0
2017-02-27 00:00:00+09:00,6500.0,6500.0,6500.0,6500.0,1,0.0,0.0,0.0
2017-02-28 00:00:00+09:00,6770.0,6770.0,6770.0,6770.0,1,0.0,0.0,0.0
2017-03-02 00:00:00+09:00,6950.0,6950.0,6950.0,6950.0,1,0.0,0.0,0.0
2017-03-03 00:00:00+09:00,5910.0,7350.0,5910.0,7350.0,39,0.0,0.0,0.0
2017-03-06 00:00:00+09:00,6980.0,6980.0,6980.0,6980.0,1,0.0,0.0,0.0
2017-03-07 00:00:00+09:00,7500.0,7500.0,7500.0,7500.0,1,0.0,0.0,0.0
2017-03-08 00:00:00+09:00,7800.0,7800.0,6380.0,7700.0,17,0.0,0.0,0.0
2017-03-09 00:00:00+09:00,7800.0,7800.0,7800.0,7800.0,1,0.0,0.0,0.0
2017-03-10 00:00:00+09:00,6630.0,6630.0,6630.0,6630.0,151,0.0,0.0,0.0
2017-03-13 00:00:00+09:00,5640.0,6380.0,5640.0,6380.0,67,0.0,0.0,0.0
2017-03-14 00:00:00+09:00,6380.0,6380.0,5430.0,5430.0,31,0.0,0.0,0.0
2017-03-15 00:00:00+09:00,5990.0,5990.0,4620.0,5300.0,606,0.0,0.0,0.0
2017-03-16 00:00:00+09:00,5450.0,5450.0,4510.0,4510.0,541,0.0,0.0,0.0
2017-03-17 00:00:00+09:00,5000.0,5000.0,3835.0,3835.0,2,0.0,0.0,0.0
2017-03-20 00:00:00+09:00,4410.0,4410.0,3510.0,4150.0,1303,0.0,0.0,0.0
2017-03-21 00:00:00+09:00,4500.0,4770.0,4500.0,4770.0,2,0.0,0.0,0.0
2017-03-22 00:00:00+09:00,5000.0,5000.0,5000.0,5000.0,1,0.0,0.0,0.0
2017-03-23 00:00:00+09:00,5750.0,5750.0,4250.0,4890.0,27,0.0,0.0,0.0
2017-03-24 00:00:00+09:00,5200.0,5200.0,4160.0,5100.0,5,0.0,0.0,0.0
2017-03-27 00:00:00+09:00,5400.0,5400.0,4340.0,5100.0,9,0.0,0.0,0.0
2017-03-28 00:00:00+09:00,5300.0,5300.0,5300.0,5300.0,1,0.0,0.0,0.0
2017-03-29 00:00:00+09:00,5500.0,5500.0,5500.0,5500.0,1,0.0,0.0,0.0
2017-03-30 00:00:00+09:00,5800.0,5800.0,5800.0,5800.0,1,0.0,0.0,0.0
2017-03-31 00:00:00+09:00,5900.0,5900.0,5900.0,5900.0,1,0.0,0.0,0.0
2017-04-03 00:00:00+09:00,6000.0,6000.0,5020.0,5020.0,5,0.0,0.0,0.0
2017-04-04 00:00:00+09:00,4270.0,5400.0,4270.0,5400.0,11,0.0,0.0,0.0
2017-04-05 00:00:00+09:00,5500.0,5500.0,5500.0,5500.0,1,0.0,0.0,0.0
2017-04-06 00:00:00+09:00,5600.0,5600.0,5600.0,5600.0,1,0.0,0.0,0.0
2017-04-07 00:00:00+09:00,5800.0,5800.0,5800.0,5800.0,1,0.0,0.0,0.0
2017-04-10 00:00:00+09:00,5900.0,5900.0,5900.0,5900.0,1,0.0,0.0,0.0
2017-04-11 00:00:00+09:00,5900.0,5900.0,5900.0,5900.0,1,0.0,0.0,0.0
2017-04-12 00:00:00+09:00,5900.0,5900.0,5900.0,5900.0,1,0.0,0.0,0.0
2017-04-13 00:00:00+09:00,6000.0,6000.0,6000.0,6000.0,1,0.0,0.0,0.0
2017-04-14 00:00:00+09:00,6100.0,6100.0,6100.0,6100.0,1,0.0,0.0,0.0
2017-04-17 00:00:00+09:00,6300.0,6300.0,6300.0,6300.0,1,0.0,0.0,0.0
2017-04-18 00:00:00+09:00,6500.0,6500.0,6500.0,6500.0,1,0.0,0.0,0.0
2017-04-19 00:00:00+09:00,6600.0,6600.0,6600.0,6600.0,1,0.0,0.0,0.0
2017-04-20 00:00:00+09:00,6800.0,6800.0,6800.0,6800.0,1,0.0,0.0,0.0
2017-04-21 00:00:00+09:00,7000.0,7000.0,7000.0,7000.0,1,0.0,0.0,0.0
2017-04-24 00:00:00+09:00,6750.0,6750.0,6750.0,6750.0,1,0.0,0.0,0.0
2017-04-25 00:00:00+09:00,6450.0,6450.0,6450.0,6450.0,1,0.0,0.0,0.0
2017-04-26 00:00:00+09:00,6800.0,6800.0,6800.0,6800.0,1,0.0,0.0,0.0
2017-04-27 00:00:00+09:00,7000.0,7000.0,7000.0,7000.0,1,0.0,0.0,0.0
2017-04-28 00:00:00+09:00,7200.0,7200.0,7200.0,7200.0,1,0.0,0.0,0.0
2017-05-02 00:00:00+09:00,6980.0,6980.0,6980.0,6980.0,1,0.0,0.0,0.0
2017-05-04 00:00:00+09:00,7200.0,7200.0,7200.0,7200.0,1,0.0,0.0,0.0
2017-05-08 00:00:00+09:00,7500.0,7500.0,7500.0,7500.0,1,0.0,0.0,0.0
2017-05-10 00:00:00+09:00,7600.0,7600.0,7600.0,7600.0,1,0.0,0.0,0.0
2017-05-11 00:00:00+09:00,7700.0,7700.0,7700.0,7700.0,1,0.0,0.0,0.0
2017-05-12 00:00:00+09:00,7800.0,7800.0,7800.0,7800.0,1,0.0,0.0,0.0
2017-05-15 00:00:00+09:00,8000.0,8000.0,8000.0,8000.0,1,0.0,0.0,0.0
2017-05-16 00:00:00+09:00,8000.0,8000.0,8000.0,8000.0,1,0.0,0.0,0.0
2017-05-17 00:00:00+09:00,8050.0,8050.0,8050.0,8050.0,1,0.0,0.0,0.0
2017-05-18 00:00:00+09:00,8300.0,8300.0,8300.0,8300.0,1,0.0,0.0,0.0
2017-05-19 00:00:00+09:00,7480.0,7480.0,7480.0,7480.0,1,0.0,0.0,0.0
2017-05-22 00:00:00+09:00,8000.0,8000.0,8000.0,8000.0,1,0.0,0.0,0.0
2017-05-23 00:00:00+09:00,7000.0,7000.0,7000.0,7000.0,1,0.0,0.0,0.0
2017-05-24 00:00:00+09:00,7500.0,7500.0,7500.0,7500.0,1,0.0,0.0,0.0
2017-05-25 00:00:00+09:00,7700.0,7700.0,7700.0,7700.0,1,0.0,0.0,0.0
2017-05-26 00:00:00+09:00,7800.0,7800.0,7800.0,7800.0,1,0.0,0.0,0.0
2017-05-29 00:00:00+09:00,6630.0,6630.0,6630.0,6630.0,156,0.0,0.0,0.0
2017-05-30 00:00:00+09:00,7100.0,7100.0,7100.0,7100.0,1,0.0,0.0,0.0
2017-05-31 00:00:00+09:00,7500.0,7500.0,7500.0,7500.0,1,0.0,0.0,0.0
2017-06-01 00:00:00+09:00,7700.0,7700.0,7700.0,7700.0,1,0.0,0.0,0.0
2017-06-02 00:00:00+09:00,7900.0,7900.0,7900.0,7900.0,1,0.0,0.0,0.0
2017-06-05 00:00:00+09:00,7000.0,7000.0,7000.0,7000.0,1,0.0,0.0,0.0
2017-06-07 00:00:00+09:00,7150.0,7150.0,7150.0,7150.0,1,0.0,0.0,0.0
2017-06-08 00:00:00+09:00,7300.0,7300.0,7300.0,7300.0,1,0.0,0.0,0.0
2017-06-09 00:00:00+09:00,7500.0,7500.0,7500.0,7500.0,1,0.0,0.0,0.0
2017-06-12 00:00:00+09:00,7500.0,7500.0,6380.0,6380.0,11,0.0,0.0,0.0
2017-06-13 00:00:00+09:00,6490.0,6490.0,5430.0,5430.0,11,0.0,0.0,0.0
2017-06-14 00:00:00+09:00,6000.0,6000.0,6000.0,6000.0,1,0.0,0.0,0.0
2017-06-15 00:00:00+09:00,6300.0,6300.0,6300.0,6300.0,1,0.0,0.0,0.0
2017-06-16 00:00:00+09:00,6500.0,6500.0,6500.0,6500.0,1,0.0,0.0,0.0
2017-06-19 00:00:00+09:00,6800.0,6800.0,6800.0,6800.0,1,0.0,0.0,0.0
2017-06-20 00:00:00+09:00,7000.0,7000.0,7000.0,7000.0,1,0.0,0.0,0.0
2017-06-21 00:00:00+09:00,7200.0,7200.0,7200.0,7200.0,1,0.0,0.0,0.0
2017-06-22 00:00:00+09:00,6120.0,6120.0,6120.0,6120.0,164,0.0,0.0,0.0
2017-06-23 00:00:00+09:00,6900.0,6900.0,6900.0,6900.0,1,0.0,0.0,0.0
2017-06-26 00:00:00+09:00,7290.0,7290.0,7290.0,7290.0,1,0.0,0.0,0.0
2017-06-27 00:00:00+09:00,7500.0,7500.0,7500.0,7500.0,1,0.0,0.0,0.0
2017-06-28 00:00:00+09:00,7700.0,7700.0,7700.0,7700.0,1,0.0,0.0,0.0
2017-06-29 00:00:00+09:00,7700.0,7700.0,7700.0,7700.0,1,0.0,0.0,0.0
2017-06-30 00:00:00+09:00,7790.0,7790.0,7790.0,7790.0,1,0.0,0.0,0.0
2017-07-03 00:00:00+09:00,8000.0,8000.0,8000.0,8000.0,1,0.0,0.0,0.0
2017-07-04 00:00:00+09:00,6800.0,6800.0,6800.0,6800.0,148,0.0,0.0,0.0
2017-07-05 00:00:00+09:00,7200.0,7200.0,7200.0,7200.0,1,0.0,0.0,0.0
2017-07-06 00:00:00+09:00,7500.0,7500.0,7500.0,7500.0,1,0.0,0.0,0.0
2017-07-07 00:00:00+09:00,7500.0,7500.0,7500.0,7500.0,1,0.0,0.0,0.0
2017-07-10 00:00:00+09:00,7500.0,7500.0,7500.0,7500.0,1,0.0,0.0,0.0
2017-07-11 00:00:00+09:00,6380.0,6380.0,6380.0,6380.0,66,0.0,0.0,0.0
2017-07-12 00:00:00+09:00,7000.0,7000.0,7000.0,7000.0,1,0.0,0.0,0.0
2017-07-13 00:00:00+09:00,7200.0,7200.0,7200.0,7200.0,1,0.0,0.0,0.0
2017-07-14 00:00:00+09:00,7400.0,7400.0,7400.0,7400.0,1,0.0,0.0,0.0
2017-07-17 00:00:00+09:00,7500.0,7500.0,7500.0,7500.0,1,0.0,0.0,0.0
2017-07-18 00:00:00+09:00,7600.0,7600.0,7600.0,7600.0,1,0.0,0.0,0.0
2017-07-19 00:00:00+09:00,7700.0,7700.0,7700.0,7700.0,1,0.0,0.0,0.0
2017-07-20 00:00:00+09:00,6550.0,6550.0,6550.0,6550.0,153,0.0,0.0,0.0
2017-07-21 00:00:00+09:00,6990.0,6990.0,6990.0,6990.0,1,0.0,0.0,0.0
2017-07-24 00:00:00+09:00,6950.0,6950.0,6950.0,6950.0,1,0.0,0.0,0.0
2017-07-25 00:00:00+09:00,7200.0,7200.0,7200.0,7200.0,1,0.0,0.0,0.0
2017-07-26 00:00:00+09:00,7300.0,7300.0,7300.0,7300.0,1,0.0,0.0,0.0
2017-07-27 00:00:00+09:00,7400.0,7400.0,7400.0,7400.0,1,0.0,0.0,0.0
2017-07-28 00:00:00+09:00,7380.0,7380.0,7380.0,7380.0,1,0.0,0.0,0.0
2017-07-31 00:00:00+09:00,7360.0,7360.0,7360.0,7360.0,1,0.0,0.0,0.0
2017-08-01 00:00:00+09:00,7300.0,7300.0,7300.0,7300.0,1,0.0,0.0,0.0
2017-08-02 00:00:00+09:00,7400.0,7400.0,7400.0,7400.0,1,0.0,0.0,0.0
2017-08-03 00:00:00+09:00,7400.0,7400.0,7400.0,7400.0,1,0.0,0.0,0.0
2017-08-04 00:00:00+09:00,7400.0,7400.0,7400.0,7400.0,1,0.0,0.0,0.0
2017-08-07 00:00:00+09:00,7400.0,7400.0,7400.0,7400.0,1,0.0,0.0,0.0
2017-08-08 00:00:00+09:00,7500.0,7500.0,7500.0,7500.0,1,0.0,0.0,0.0
2017-08-09 00:00:00+09:00,7450.0,7450.0,7450.0,7450.0,1,0.0,0.0,0.0
2017-08-10 00:00:00+09:00,7370.0,7370.0,7370.0,7370.0,1,0.0,0.0,0.0
2017-08-11 00:00:00+09:00,7350.0,7350.0,7350.0,7350.0,1,0.0,0.0,0.0
2017-08-14 00:00:00+09:00,7300.0,7300.0,7300.0,7300.0,1,0.0,0.0,0.0
2017-08-16 00:00:00+09:00,7390.0,7390.0,7390.0,7390.0,1,0.0,0.0,0.0
2017-08-17 00:00:00+09:00,7400.0,7400.0,7400.0,7400.0,1,0.0,0.0,0.0
2017-08-18 00:00:00+09:00,7290.0,7290.0,7290.0,7290.0,1,0.0,0.0,0.0
2017-08-21 00:00:00+09:00,7290.0,7290.0,7290.0,7290.0,1,0.0,0.0,0.0
2017-08-22 00:00:00+09:00,7290.0,7290.0,7290.0,7290.0,1,0.0,0.0,0.0
2017-08-23 00:00:00+09:00,7250.0,7250.0,7250.0,7250.0,1,0.0,0.0,0.0
2017-08-24 00:00:00+09:00,7300.0,7300.0,7300.0,7300.0,1,0.0,0.0,0.0
2017-08-25 00:00:00+09:00,7300.0,7300.0,7300.0,7300.0,1,0.0,0.0,0.0
2017-08-28 00:00:00+09:00,7300.0,7300.0,7300.0,7300.0,1,0.0,0.0,0.0
2017-08-29 00:00:00+09:00,7300.0,7300.0,7300.0,7300.0,1,0.0,0.0,0.0
2017-08-30 00:00:00+09:00,7300.0,7300.0,7300.0,7300.0,1,0.0,0.0,0.0
2017-08-31 00:00:00+09:00,7300.0,7300.0,7300.0,7300.0,1,0.0,0.0,0.0
2017-09-01 00:00:00+09:00,7300.0,7300.0,7300.0,7300.0,1,0.0,0.0,0.0
2017-09-04 00:00:00+09:00,7300.0,7300.0,7300.0,7300.0,0,0.0,0.0,0.0
2017-09-05 00:00:00+09:00,7200.0,7200.0,7200.0,7200.0,1,0.0,0.0,0.0
2017-09-06 00:00:00+09:00,7200.0,7200.0,7200.0,7200.0,1,0.0,0.0,0.0
2017-09-07 00:00:00+09:00,7200.0,7200.0,7200.0,7200.0,1,0.0,0.0,0.0
2017-09-08 00:00:00+09:00,7300.0,7300.0,7300.0,7300.0,1,0.0,0.0,0.0
2017-09-11 00:00:00+09:00,7300.0,7300.0,7300.0,7300.0,1,0.0,0.0,0.0
2017-09-12 00:00:00+09:00,6500.0,6500.0,6500.0,6500.0,1,0.0,0.0,0.0
2017-09-13 00:00:00+09:00,6950.0,6950.0,6950.0,6950.0,1,0.0,0.0,0.0
2017-09-14 00:00:00+09:00,6950.0,6950.0,6950.0,6950.0,1,0.0,0.0,0.0
2017-09-15 00:00:00+09:00,6950.0,6950.0,6950.0,6950.0,1,0.0,0.0,0.0
2017-09-18 00:00:00+09:00,6950.0,7000.0,6940.0,7000.0,101,0.0,0.0,0.0
2017-09-19 00:00:00+09:00,6950.0,6950.0,6950.0,6950.0,1,0.0,0.0,0.0
2017-09-20 00:00:00+09:00,7000.0,7000.0,7000.0,7000.0,1,0.0,0.0,0.0
2017-09-21 00:00:00+09:00,7000.0,7000.0,7000.0,7000.0,1,0.0,0.0,0.0
2017-09-25 00:00:00+09:00,7000.0,7000.0,7000.0,7000.0,1,0.0,0.0,0.0
2017-09-26 00:00:00+09:00,7000.0,7000.0,7000.0,7000.0,1,0.0,0.0,0.0
2017-09-27 00:00:00+09:00,5960.0,5960.0,5950.0,5950.0,11,0.0,0.0,0.0
2017-09-28 00:00:00+09:00,6500.0,6500.0,6500.0,6500.0,1,0.0,0.0,0.0
2017-09-29 00:00:00+09:00,6800.0,6800.0,6800.0,6800.0,1,0.0,0.0,0.0
2017-10-10 00:00:00+09:00,6900.0,6900.0,6900.0,6900.0,1,0.0,0.0,0.0
2017-10-11 00:00:00+09:00,6900.0,6900.0,6900.0,6900.0,1,0.0,0.0,0.0
2017-10-12 00:00:00+09:00,7000.0,7000.0,7000.0,7000.0,1,0.0,0.0,0.0
2017-10-13 00:00:00+09:00,7000.0,7000.0,7000.0,7000.0,1,0.0,0.0,0.0
2017-10-16 00:00:00+09:00,7000.0,7000.0,7000.0,7000.0,1,0.0,0.0,0.0
2017-10-17 00:00:00+09:00,7000.0,7000.0,5950.0,6950.0,12,0.0,0.0,0.0
2017-10-18 00:00:00+09:00,6990.0,6990.0,6990.0,6990.0,1,0.0,0.0,0.0
2017-10-19 00:00:00+09:00,6980.0,6980.0,6980.0,6980.0,1,0.0,0.0,0.0
2017-10-20 00:00:00+09:00,7000.0,7000.0,5940.0,6990.0,12,0.0,0.0,0.0
2017-10-23 00:00:00+09:00,7000.0,7000.0,7000.0,7000.0,1,0.0,0.0,0.0
2017-10-24 00:00:00+09:00,6980.0,6980.0,5950.0,6490.0,12,0.0,0.0,0.0
2017-10-25 00:00:00+09:00,6950.0,6950.0,5520.0,6940.0,12,0.0,0.0,0.0
2017-10-26 00:00:00+09:00,6900.0,6900.0,6900.0,6900.0,1,0.0,0.0,0.0
2017-10-27 00:00:00+09:00,6900.0,6900.0,5870.0,6540.0,12,0.0,0.0,0.0
2017-10-30 00:00:00+09:00,5560.0,6820.0,5560.0,6820.0,11,0.0,0.0,0.0
2017-10-31 00:00:00+09:00,7000.0,7000.0,7000.0,7000.0,1,0.0,0.0,0.0
2017-11-01 00:00:00+09:00,6950.0,6950.0,6950.0,6950.0,1,0.0,0.0,0.0
2017-11-02 00:00:00+09:00,6950.0,6950.0,6950.0,6950.0,1,0.0,0.0,0.0
2017-11-03 00:00:00+09:00,6950.0,6950.0,6950.0,6950.0,1,0.0,0.0,0.0
2017-11-06 00:00:00+09:00,6030.0,6900.0,5970.0,6890.0,297,0.0,0.0,0.0
2017-11-07 00:00:00+09:00,6900.0,6900.0,5860.0,6800.0,11,0.0,0.0,0.0
2017-11-08 00:00:00+09:00,6950.0,6950.0,6950.0,6950.0,1,0.0,0.0,0.0
2017-11-09 00:00:00+09:00,6950.0,6950.0,5910.0,6540.0,12,0.0,0.0,0.0
2017-11-10 00:00:00+09:00,6950.0,6970.0,5560.0,5960.0,455,0.0,0.0,0.0
2017-11-13 00:00:00+09:00,6800.0,6800.0,6800.0,6800.0,1,0.0,0.0,0.0
2017-11-14 00:00:00+09:00,6900.0,6900.0,5780.0,5780.0,192,0.0,0.0,0.0
2017-11-15 00:00:00+09:00,4930.0,5900.0,4920.0,5900.0,1470,0.0,0.0,0.0
2017-11-16 00:00:00+09:00,5880.0,5880.0,5020.0,5830.0,12,0.0,0.0,0.0
2017-11-17 00:00:00+09:00,5800.0,5800.0,5800.0,5800.0,1,0.0,0.0,0.0
2017-11-20 00:00:00+09:00,5750.0,5750.0,5750.0,5750.0,1,0.0,0.0,0.0
2017-11-21 00:00:00+09:00,5730.0,5730.0,5730.0,5730.0,1,0.0,0.0,0.0
2017-11-22 00:00:00+09:00,5710.0,5710.0,5710.0,5710.0,1,0.0,0.0,0.0
2017-11-23 00:00:00+09:00,5690.0,5690.0,5690.0,5690.0,1,0.0,0.0,0.0
2017-11-24 00:00:00+09:00,4850.0,5600.0,4850.0,5600.0,111,0.0,0.0,0.0
2017-11-27 00:00:00+09:00,4770.0,6410.0,4760.0,4760.0,84,0.0,0.0,0.0
2017-11-28 00:00:00+09:00,4115.0,4550.0,4115.0,4550.0,2019,0.0,0.0,0.0
2017-11-29 00:00:00+09:00,5000.0,5000.0,3870.0,4100.0,3850,0.0,0.0,0.0
2017-11-30 00:00:00+09:00,4450.0,4450.0,3610.0,4300.0,502,0.0,0.0,0.0
2017-12-01 00:00:00+09:00,4300.0,4300.0,4300.0,4300.0,0,0.0,0.0,0.0
2017-12-04 00:00:00+09:00,4300.0,4300.0,4300.0,4300.0,0,0.0,0.0,0.0
2017-12-05 00:00:00+09:00,5660.0,5660.0,4250.0,4930.0,6572,0.0,0.0,0.0
2017-12-06 00:00:00+09:00,4915.0,4915.0,4600.0,4915.0,1454,0.0,0.0,0.0
2017-12-07 00:00:00+09:00,4900.0,5000.0,4500.0,4700.0,1085,0.0,0.0,0.0
2017-12-08 00:00:00+09:00,5000.0,5400.0,5000.0,5400.0,6,0.0,0.0,0.0
2017-12-11 00:00:00+09:00,5400.0,5400.0,5400.0,5400.0,0,0.0,0.0,0.0
2017-12-12 00:00:00+09:00,5400.0,5400.0,5400.0,5400.0,0,0.0,0.0,0.0
2017-12-13 00:00:00+09:00,5400.0,5400.0,5400.0,5400.0,0,0.0,0.0,0.0
2017-12-14 00:00:00+09:00,5400.0,5400.0,5400.0,5400.0,0,0.0,0.0,0.0
2017-12-15 00:00:00+09:00,5520.0,5520.0,5520.0,5520.0,182,0.0,0.0,0.0
2017-12-18 00:00:00+09:00,5520.0,5520.0,5520.0,5520.0,0,0.0,0.0,0.0
2017-12-19 00:00:00+09:00,5520.0,5520.0,5520.0,5520.0,0,0.0,0.0,0.0
2017-12-21 00:00:00+09:00,5520.0,5520.0,5520.0,5520.0,0,0.0,0.0,0.0
2017-12-22 00:00:00+09:00,5520.0,5520.0,5520.0,5520.0,0,0.0,0.0,0.0
2017-12-26 00:00:00+09:00,5520.0,5520.0,5520.0,5520.0,0,0.0,0.0,0.0
2017-12-27 00:00:00+09:00,5520.0,5520.0,5520.0,5520.0,0,0.0,0.0,0.0
2017-12-28 00:00:00+09:00,5900.0,6300.0,5900.0,5900.0,1464,0.0,0.0,0.0
2018-01-02 00:00:00+09:00,5900.0,5900.0,5900.0,5900.0,0,0.0,0.0,0.0
2018-01-03 00:00:00+09:00,7130.0,7130.0,6300.0,6300.0,1003,0.0,0.0,0.0
2018-01-04 00:00:00+09:00,6300.0,6300.0,6300.0,6300.0,0,0.0,0.0,0.0
2018-01-05 00:00:00+09:00,6500.0,6500.0,6000.0,6000.0,2,0.0,0.0,0.0
2018-01-08 00:00:00+09:00,6000.0,6000.0,6000.0,6000.0,0,0.0,0.0,0.0
2018-01-09 00:00:00+09:00,6000.0,6000.0,5140.0,5800.0,2781,0.0,0.0,0.0
2018-01-10 00:00:00+09:00,6200.0,6200.0,6000.0,6000.0,968,0.0,0.0,0.0
2018-01-11 00:00:00+09:00,6000.0,6000.0,5800.0,6000.0,532,0.0,0.0,0.0
2018-01-12 00:00:00+09:00,6200.0,6890.0,6200.0,6780.0,956,0.0,0.0,0.0
2018-01-15 00:00:00+09:00,6010.0,6600.0,6010.0,6450.0,1116,0.0,0.0,0.0
2018-01-16 00:00:00+09:00,6790.0,7410.0,6790.0,7180.0,6189,0.0,0.0,0.0
2018-01-17 00:00:00+09:00,7180.0,7180.0,7180.0,7180.0,0,0.0,0.0,0.0
2018-01-18 00:00:00+09:00,7180.0,7180.0,7180.0,7180.0,0,0.0,0.0,0.0
2018-01-19 00:00:00+09:00,7180.0,7180.0,7180.0,7180.0,0,0.0,0.0,0.0
2018-01-22 00:00:00+09:00,6950.0,6950.0,6000.0,6000.0,1053,0.0,0.0,0.0
2018-01-23 00:00:00+09:00,6000.0,6000.0,6000.0,6000.0,0,0.0,0.0,0.0
2018-01-24 00:00:00+09:00,6000.0,6000.0,6000.0,6000.0,0,0.0,0.0,0.0
2018-01-25 00:00:00+09:00,6000.0,6000.0,6000.0,6000.0,0,0.0,0.0,0.0
2018-01-26 00:00:00+09:00,6000.0,6000.0,6000.0,6000.0,0,0.0,0.0,0.0
2018-01-29 00:00:00+09:00,6000.0,6000.0,6000.0,6000.0,0,0.0,0.0,0.0
2018-01-30 00:00:00+09:00,6000.0,6000.0,6000.0,6000.0,0,0.0,0.0,0.0
2018-01-31 00:00:00+09:00,6000.0,6000.0,6000.0,6000.0,0,0.0,0.0,0.0
2018-02-01 00:00:00+09:00,6000.0,6000.0,6000.0,6000.0,0,0.0,0.0,0.0
2018-02-02 00:00:00+09:00,6300.0,6300.0,6120.0,6120.0,5868,0.0,0.0,0.0
2018-02-05 00:00:00+09:00,6120.0,6120.0,6120.0,6120.0,0,0.0,0.0,0.0
2018-02-06 00:00:00+09:00,6400.0,6400.0,5500.0,6200.0,11102,0.0,0.0,0.0
2018-02-07 00:00:00+09:00,5800.0,5800.0,5320.0,5690.0,1105,0.0,0.0,0.0
2018-02-08 00:00:00+09:00,5690.0,5690.0,5690.0,5690.0,0,0.0,0.0,0.0
2018-02-09 00:00:00+09:00,5690.0,5690.0,5690.0,5690.0,0,0.0,0.0,0.0
2018-02-12 00:00:00+09:00,5690.0,5690.0,5690.0,5690.0,0,0.0,0.0,0.0
2018-02-13 00:00:00+09:00,5690.0,5690.0,5690.0,5690.0,0,0.0,0.0,0.0
2018-02-14 00:00:00+09:00,5690.0,5690.0,5690.0,5690.0,0,0.0,0.0,0.0
2018-02-19 00:00:00+09:00,5690.0,5690.0,5690.0,5690.0,0,0.0,0.0,0.0
2018-02-20 00:00:00+09:00,5690.0,5690.0,5690.0,5690.0,0,0.0,0.0,0.0
2018-02-21 00:00:00+09:00,5690.0,5690.0,5690.0,5690.0,0,0.0,0.0,0.0
2018-02-22 00:00:00+09:00,5690.0,5690.0,5690.0,5690.0,0,0.0,0.0,0.0
2018-02-23 00:00:00+09:00,7000.0,7100.0,7000.0,7100.0,71,0.0,0.0,0.0
2018-02-26 00:00:00+09:00,7100.0,7100.0,7100.0,7100.0,0,0.0,0.0,0.0
2018-02-27 00:00:00+09:00,7100.0,7100.0,7100.0,7100.0,0,0.0,0.0,0.0
2018-02-28 00:00:00+09:00,7100.0,7100.0,7100.0,7100.0,0,0.0,0.0,0.0
2018-03-02 00:00:00+09:00,7100.0,7100.0,7100.0,7100.0,0,0.0,0.0,0.0
2018-03-05 00:00:00+09:00,7100.0,7100.0,7100.0,7100.0,0,0.0,0.0,0.0
2018-03-06 00:00:00+09:00,7100.0,7100.0,7100.0,7100.0,0,0.0,0.0,0.0
2018-03-07 00:00:00+09:00,7100.0,7100.0,7100.0,7100.0,0,0.0,0.0,0.0
2018-03-08 00:00:00+09:00,7100.0,7100.0,7100.0,7100.0,0,0.0,0.0,0.0
2018-03-09 00:00:00+09:00,7100.0,7100.0,7100.0,7100.0,0,0.0,0.0,0.0
2018-03-12 00:00:00+09:00,7100.0,7100.0,7100.0,7100.0,0,0.0,0.0,0.0
2018-03-13 00:00:00+09:00,5950.0,6540.0,5950.0,6300.0,12576,0.0,0.0,0.0
2018-03-14 00:00:00+09:00,7240.0,7240.0,6320.0,6990.0,22,0.0,0.0,0.0
2018-03-15 00:00:00+09:00,7100.0,7100.0,6510.0,7000.0,1002,0.0,0.0,0.0
2018-03-16 00:00:00+09:00,7000.0,8030.0,7000.0,8030.0,2,0.0,0.0,0.0
2018-03-19 00:00:00+09:00,6830.0,7390.0,6830.0,7390.0,4,0.0,0.0,0.0
2018-03-20 00:00:00+09:00,6980.0,6980.0,6980.0,6980.0,58,0.0,0.0,0.0
2018-03-21 00:00:00+09:00,6980.0,6980.0,6980.0,6980.0,0,0.0,0.0,0.0
2018-03-22 00:00:00+09:00,6980.0,6980.0,6980.0,6980.0,0,0.0,0.0,0.0
2018-03-23 00:00:00+09:00,6980.0,6980.0,6980.0,6980.0,0,0.0,0.0,0.0
2018-03-26 00:00:00+09:00,6980.0,6980.0,6980.0,6980.0,0,0.0,0.0,0.0
2018-03-27 00:00:00+09:00,6980.0,6980.0,6980.0,6980.0,0,0.0,0.0,0.0
2018-03-28 00:00:00+09:00,6980.0,6980.0,6980.0,6980.0,0,0.0,0.0,0.0
2018-03-29 00:00:00+09:00,6980.0,6980.0,6980.0,6980.0,0,0.0,0.0,0.0
2018-03-30 00:00:00+09:00,6980.0,6980.0,6980.0,6980.0,0,0.0,0.0,0.0
2018-04-02 00:00:00+09:00,6500.0,6500.0,6500.0,6500.0,1,0.0,0.0,0.0
2018-04-03 00:00:00+09:00,6500.0,6500.0,6500.0,6500.0,0,0.0,0.0,0.0
2018-04-04 00:00:00+09:00,6500.0,6500.0,6500.0,6500.0,0,0.0,0.0,0.0
2018-04-05 00:00:00+09:00,6300.0,6300.0,6300.0,6300.0,2,0.0,0.0,0.0
2018-04-06 00:00:00+09:00,6290.0,6300.0,6010.0,6010.0,510,0.0,0.0,0.0
2018-04-09 00:00:00+09:00,6010.0,6010.0,6010.0,6010.0,0,0.0,0.0,0.0
2018-04-10 00:00:00+09:00,6010.0,6010.0,6010.0,6010.0,0,0.0,0.0,0.0
2018-04-11 00:00:00+09:00,6010.0,6010.0,6010.0,6010.0,0,0.0,0.0,0.0
2018-04-12 00:00:00+09:00,7300.0,7400.0,6010.0,7400.0,500,0.0,0.0,0.0
2018-04-13 00:00:00+09:00,7400.0,7400.0,7400.0,7400.0,0,0.0,0.0,0.0
2018-04-16 00:00:00+09:00,7400.0,7400.0,7400.0,7400.0,0,0.0,0.0,0.0
2018-04-17 00:00:00+09:00,7400.0,7400.0,7400.0,7400.0,0,0.0,0.0,0.0
2018-04-18 00:00:00+09:00,7400.0,7400.0,7400.0,7400.0,0,0.0,0.0,0.0
2018-04-19 00:00:00+09:00,7400.0,7400.0,7400.0,7400.0,0,0.0,0.0,0.0
2018-04-20 00:00:00+09:00,6300.0,6300.0,6290.0,6290.0,170,0.0,0.0,0.0
2018-04-23 00:00:00+09:00,6190.0,7000.0,6190.0,6970.0,1058,0.0,0.0,0.0
2018-04-24 00:00:00+09:00,6900.0,6900.0,6900.0,6900.0,1,0.0,0.0,0.0
2018-04-25 00:00:00+09:00,6900.0,6900.0,5900.0,6500.0,604,0.0,0.0,0.0
2018-04-26 00:00:00+09:00,6500.0,6500.0,6500.0,6500.0,0,0.0,0.0,0.0
2018-04-27 00:00:00+09:00,6700.0,6700.0,6000.0,6500.0,2293,0.0,0.0,0.0
2018-04-30 00:00:00+09:00,6900.0,6900.0,6850.0,6850.0,2,0.0,0.0,0.0
2018-05-02 00:00:00+09:00,5910.0,6600.0,5830.0,6590.0,457,0.0,0.0,0.0
2018-05-03 00:00:00+09:00,6590.0,6590.0,6590.0,6590.0,0,0.0,0.0,0.0
2018-05-04 00:00:00+09:00,6900.0,6900.0,6490.0,6490.0,5002,0.0,0.0,0.0
2018-05-08 00:00:00+09:00,6490.0,6490.0,6490.0,6490.0,0,0.0,0.0,0.0
2018-05-09 00:00:00+09:00,6490.0,6490.0,6490.0,6490.0,0,0.0,0.0,0.0
2018-05-10 00:00:00+09:00,6490.0,6490.0,6490.0,6490.0,0,0.0,0.0,0.0
2018-05-11 00:00:00+09:00,6490.0,6490.0,6490.0,6490.0,0,0.0,0.0,0.0
2018-05-14 00:00:00+09:00,5350.0,6000.0,5350.0,6000.0,523,0.0,0.0,0.0
2018-05-15 00:00:00+09:00,6000.0,6000.0,6000.0,6000.0,0,0.0,0.0,0.0
2018-05-16 00:00:00+09:00,6000.0,6000.0,6000.0,6000.0,0,0.0,0.0,0.0
2018-05-17 00:00:00+09:00,6000.0,6000.0,6000.0,6000.0,0,0.0,0.0,0.0
2018-05-18 00:00:00+09:00,6000.0,6000.0,6000.0,6000.0,0,0.0,0.0,0.0
2018-05-21 00:00:00+09:00,6000.0,6700.0,6000.0,6700.0,836,0.0,0.0,0.0
2018-05-23 00:00:00+09:00,6700.0,6700.0,6700.0,6700.0,0,0.0,0.0,0.0
2018-05-24 00:00:00+09:00,6700.0,6700.0,6700.0,6700.0,0,0.0,0.0,0.0
2018-05-25 00:00:00+09:00,6700.0,6700.0,6700.0,6700.0,0,0.0,0.0,0.0
2018-05-28 00:00:00+09:00,6700.0,6700.0,6700.0,6700.0,0,0.0,0.0,0.0
2018-05-29 00:00:00+09:00,6700.0,6700.0,6700.0,6700.0,0,0.0,0.0,0.0
2018-05-30 00:00:00+09:00,6700.0,6700.0,6700.0,6700.0,0,0.0,0.0,0.0
2018-05-31 00:00:00+09:00,6700.0,6700.0,6700.0,6700.0,0,0.0,0.0,0.0
2018-06-01 00:00:00+09:00,6700.0,6700.0,6700.0,6700.0,0,0.0,0.0,0.0
2018-06-04 00:00:00+09:00,6700.0,6700.0,6700.0,6700.0,0,0.0,0.0,0.0
2018-06-05 00:00:00+09:00,6700.0,6700.0,6700.0,6700.0,0,0.0,0.0,0.0
2018-06-07 00:00:00+09:00,6820.0,6820.0,6740.0,6740.0,101,0.0,0.0,0.0
2018-06-08 00:00:00+09:00,6740.0,6740.0,6740.0,6740.0,0,0.0,0.0,0.0
2018-06-11 00:00:00+09:00,6740.0,6740.0,6740.0,6740.0,0,0.0,0.0,0.0
2018-06-12 00:00:00+09:00,6740.0,6740.0,6740.0,6740.0,0,0.0,0.0,0.0
2018-06-14 00:00:00+09:00,6740.0,6740.0,6740.0,6740.0,0,0.0,0.0,0.0
2018-06-15 00:00:00+09:00,6740.0,6740.0,6740.0,6740.0,0,0.0,0.0,0.0
2018-06-18 00:00:00+09:00,6740.0,6740.0,6740.0,6740.0,0,0.0,0.0,0.0
2018-06-19 00:00:00+09:00,6740.0,6740.0,6740.0,6740.0,0,0.0,0.0,0.0
2018-06-20 00:00:00+09:00,6740.0,6740.0,6740.0,6740.0,0,0.0,0.0,0.0
2018-06-21 00:00:00+09:00,6740.0,6740.0,6740.0,6740.0,0,0.0,0.0,0.0
2018-06-22 00:00:00+09:00,6740.0,6740.0,6740.0,6740.0,0,0.0,0.0,0.0
2018-06-25 00:00:00+09:00,6740.0,6740.0,6740.0,6740.0,0,0.0,0.0,0.0
2018-06-26 00:00:00+09:00,6740.0,6740.0,6740.0,6740.0,0,0.0,0.0,0.0
2018-06-27 00:00:00+09:00,6740.0,6740.0,6740.0,6740.0,0,0.0,0.0,0.0
2018-06-28 00:00:00+09:00,6740.0,6740.0,6740.0,6740.0,0,0.0,0.0,0.0
2018-06-29 00:00:00+09:00,6740.0,6740.0,6740.0,6740.0,0,0.0,0.0,0.0
2018-07-02 00:00:00+09:00,6740.0,6740.0,6740.0,6740.0,0,0.0,0.0,0.0
2018-07-03 00:00:00+09:00,6740.0,6740.0,6740.0,6740.0,0,0.0,0.0,0.0
2018-07-04 00:00:00+09:00,6740.0,6740.0,6740.0,6740.0,0,0.0,0.0,0.0
2018-07-05 00:00:00+09:00,6740.0,6740.0,6740.0,6740.0,0,0.0,0.0,0.0
2018-07-06 00:00:00+09:00,6740.0,6740.0,6740.0,6740.0,0,0.0,0.0,0.0
2018-07-09 00:00:00+09:00,6740.0,6740.0,6740.0,6740.0,0,0.0,0.0,0.0
2018-07-10 00:00:00+09:00,6740.0,6740.0,6740.0,6740.0,0,0.0,0.0,0.0
2018-07-11 00:00:00+09:00,6740.0,6740.0,6740.0,6740.0,0,0.0,0.0,0.0
2018-07-12 00:00:00+09:00,6740.0,6740.0,6740.0,6740.0,0,0.0,0.0,0.0
2018-07-13 00:00:00+09:00,6740.0,6740.0,6740.0,6740.0,0,0.0,0.0,0.0
2018-07-16 00:00:00+09:00,6740.0,6740.0,6740.0,6740.0,0,0.0,0.0,0.0
2018-07-17 00:00:00+09:00,6740.0,6740.0,6740.0,6740.0,0,0.0,0.0,0.0
2018-07-18 00:00:00+09:00,6740.0,6740.0,6740.0,6740.0,0,0.0,0.0,0.0
2018-07-19 00:00:00+09:00,6740.0,6740.0,6740.0,6740.0,0,0.0,0.0,0.0
2018-07-20 00:00:00+09:00,6740.0,6740.0,6740.0,6740.0,0,0.0,0.0,0.0
2018-07-23 00:00:00+09:00,6740.0,6740.0,6740.0,6740.0,0,0.0,0.0,0.0
2018-07-24 00:00:00+09:00,6740.0,6740.0,6740.0,6740.0,0,0.0,0.0,0.0
2018-07-25 00:00:00+09:00,6740.0,6740.0,6740.0,6740.0,0,0.0,0.0,0.0
2018-07-26 00:00:00+09:00,6740.0,6740.0,6740.0,6740.0,0,0.0,0.0,0.0
2018-07-27 00:00:00+09:00,6740.0,6740.0,6740.0,6740.0,0,0.0,0.0,0.0
2018-07-30 00:00:00+09:00,5900.0,5900.0,5700.0,5700.0,147,0.0,0.0,0.0
2018-07-31 00:00:00+09:00,5700.0,5700.0,5700.0,5700.0,0,0.0,0.0,0.0
2018-08-01 00:00:00+09:00,6550.0,6550.0,5880.0,5890.0,2677,0.0,0.0,0.0
2018-08-02 00:00:00+09:00,5700.0,6730.0,5700.0,6730.0,91,0.0,0.0,0.0
2018-08-03 00:00:00+09:00,6720.0,6720.0,6000.0,6700.0,582,0.0,0.0,0.0
2018-08-06 00:00:00+09:00,6700.0,6700.0,6700.0,6700.0,0,0.0,0.0,0.0
2018-08-07 00:00:00+09:00,6700.0,6700.0,6700.0,6700.0,0,0.0,0.0,0.0
2018-08-08 00:00:00+09:00,6700.0,6700.0,6700.0,6700.0,0,0.0,0.0,0.0
2018-08-09 00:00:00+09:00,6700.0,6700.0,6700.0,6700.0,0,0.0,0.0,0.0
2018-08-10 00:00:00+09:00,6700.0,6700.0,6700.0,6700.0,0,0.0,0.0,0.0
2018-08-13 00:00:00+09:00,6700.0,6700.0,6700.0,6700.0,0,0.0,0.0,0.0
2018-08-14 00:00:00+09:00,6000.0,6000.0,5100.0,5890.0,202,0.0,0.0,0.0
2018-08-16 00:00:00+09:00,5800.0,5800.0,5800.0,5800.0,202,0.0,0.0,0.0
2018-08-17 00:00:00+09:00,5800.0,5800.0,5800.0,5800.0,0,0.0,0.0,0.0
2018-08-20 00:00:00+09:00,5800.0,5800.0,5800.0,5800.0,0,0.0,0.0,0.0
2018-08-21 00:00:00+09:00,5800.0,5800.0,5800.0,5800.0,0,0.0,0.0,0.0
2018-08-22 00:00:00+09:00,5800.0,5800.0,5800.0,5800.0,0,0.0,0.0,0.0
2018-08-23 00:00:00+09:00,6390.0,6390.0,5550.0,5550.0,402,0.0,0.0,0.0
2018-08-24 00:00:00+09:00,5550.0,5550.0,5550.0,5550.0,0,0.0,0.0,0.0
2018-08-27 00:00:00+09:00,5550.0,5550.0,5550.0,5550.0,0,0.0,0.0,0.0
2018-08-28 00:00:00+09:00,5550.0,5550.0,5550.0,5550.0,0,0.0,0.0,0.0
2018-08-29 00:00:00+09:00,5550.0,5550.0,5550.0,5550.0,0,0.0,0.0,0.0
2018-08-30 00:00:00+09:00,5550.0,5550.0,5550.0,5550.0,0,0.0,0.0,0.0
2018-08-31 00:00:00+09:00,5550.0,5550.0,5550.0,5550.0,0,0.0,0.0,0.0
2018-09-03 00:00:00+09:00,5550.0,5550.0,5550.0,5550.0,0,0.0,0.0,0.0
2018-09-04 00:00:00+09:00,5550.0,5550.0,5550.0,5550.0,0,0.0,0.0,0.0
2018-09-05 00:00:00+09:00,5550.0,5550.0,5550.0,5550.0,0,0.0,0.0,0.0
2018-09-06 00:00:00+09:00,5550.0,5550.0,5550.0,5550.0,0,0.0,0.0,0.0
2018-09-07 00:00:00+09:00,5550.0,5550.0,5550.0,5550.0,0,0.0,0.0,0.0
2018-09-10 00:00:00+09:00,5550.0,5550.0,5550.0,5550.0,0,0.0,0.0,0.0
2018-09-11 00:00:00+09:00,5550.0,5550.0,5550.0,5550.0,0,0.0,0.0,0.0
2018-09-12 00:00:00+09:00,5550.0,5550.0,5550.0,5550.0,0,0.0,0.0,0.0
2018-09-13 00:00:00+09:00,5550.0,5550.0,5550.0,5550.0,0,0.0,0.0,0.0
2018-09-14 00:00:00+09:00,5550.0,5550.0,5550.0,5550.0,0,0.0,0.0,0.0
2018-09-17 00:00:00+09:00,5550.0,5550.0,5550.0,5550.0,0,0.0,0.0,0.0
2018-09-18 00:00:00+09:00,5550.0,5550.0,5550.0,5550.0,0,0.0,0.0,0.0
2018-09-19 00:00:00+09:00,7200.0,7200.0,7200.0,7200.0,139,0.0,0.0,0.0
2018-09-20 00:00:00+09:00,7200.0,7200.0,7200.0,7200.0,0,0.0,0.0,0.0
2018-09-21 00:00:00+09:00,7200.0,7200.0,7200.0,7200.0,0,0.0,0.0,0.0
2018-09-27 00:00:00+09:00,7200.0,7200.0,7200.0,7200.0,0,0.0,0.0,0.0
2018-09-28 00:00:00+09:00,7250.0,7250.0,7190.0,7190.0,3,0.0,0.0,0.0
2018-10-01 00:00:00+09:00,7190.0,7190.0,7190.0,7190.0,0,0.0,0.0,0.0
2018-10-02 00:00:00+09:00,7190.0,7190.0,7190.0,7190.0,0,0.0,0.0,0.0
2018-10-04 00:00:00+09:00,7190.0,7190.0,7190.0,7190.0,0,0.0,0.0,0.0
2018-10-05 00:00:00+09:00,7190.0,7190.0,7190.0,7190.0,0,0.0,0.0,0.0
2018-10-08 00:00:00+09:00,7190.0,7190.0,7190.0,7190.0,0,0.0,0.0,0.0
2018-10-10 00:00:00+09:00,7190.0,7190.0,7190.0,7190.0,0,0.0,0.0,0.0
2018-10-11 00:00:00+09:00,7190.0,7190.0,7190.0,7190.0,0,0.0,0.0,0.0
2018-10-12 00:00:00+09:00,7190.0,7190.0,7190.0,7190.0,0,0.0,0.0,0.0
2018-10-15 00:00:00+09:00,7190.0,7190.0,7190.0,7190.0,0,0.0,0.0,0.0
2018-10-16 00:00:00+09:00,7190.0,7190.0,7190.0,7190.0,0,0.0,0.0,0.0
2018-10-17 00:00:00+09:00,7190.0,7190.0,7190.0,7190.0,0,0.0,0.0,0.0
2018-10-18 00:00:00+09:00,6300.0,6300.0,6300.0,6300.0,1,0.0,0.0,0.0
2018-10-19 00:00:00+09:00,6300.0,6300.0,6300.0,6300.0,0,0.0,0.0,0.0
2018-10-22 00:00:00+09:00,6300.0,6300.0,6300.0,6300.0,0,0.0,0.0,0.0
2018-10-23 00:00:00+09:00,6300.0,6300.0,6300.0,6300.0,0,0.0,0.0,0.0
2018-10-24 00:00:00+09:00,6300.0,6300.0,6300.0,6300.0,0,0.0,0.0,0.0
2018-10-25 00:00:00+09:00,6300.0,6300.0,6300.0,6300.0,0,0.0,0.0,0.0
2018-10-26 00:00:00+09:00,6300.0,6300.0,6300.0,6300.0,0,0.0,0.0,0.0
2018-10-29 00:00:00+09:00,6300.0,6300.0,6300.0,6300.0,0,0.0,0.0,0.0
2018-10-30 00:00:00+09:00,6300.0,6300.0,6300.0,6300.0,0,0.0,0.0,0.0
2018-10-31 00:00:00+09:00,6300.0,6300.0,6300.0,6300.0,0,0.0,0.0,0.0
2018-11-01 00:00:00+09:00,6300.0,6300.0,6300.0,6300.0,0,0.0,0.0,0.0
2018-11-02 00:00:00+09:00,6300.0,6300.0,6300.0,6300.0,0,0.0,0.0,0.0
2018-11-05 00:00:00+09:00,6300.0,6300.0,6300.0,6300.0,0,0.0,0.0,0.0
2018-11-06 00:00:00+09:00,5950.0,6100.0,5950.0,6100.0,112,0.0,0.0,0.0
2018-11-07 00:00:00+09:00,6100.0,6100.0,6100.0,6100.0,0,0.0,0.0,0.0
2018-11-08 00:00:00+09:00,6100.0,6100.0,6100.0,6100.0,0,0.0,0.0,0.0
2018-11-09 00:00:00+09:00,6100.0,6100.0,6100.0,6100.0,0,0.0,0.0,0.0
2018-11-12 00:00:00+09:00,6100.0,6100.0,6100.0,6100.0,0,0.0,0.0,0.0
2018-11-13 00:00:00+09:00,6100.0,6100.0,6100.0,6100.0,0,0.0,0.0,0.0
2018-11-14 00:00:00+09:00,6100.0,6100.0,6100.0,6100.0,0,0.0,0.0,0.0
2018-11-15 00:00:00+09:00,6100.0,6100.0,6100.0,6100.0,0,0.0,0.0,0.0
2018-11-16 00:00:00+09:00,6100.0,6100.0,6100.0,6100.0,0,0.0,0.0,0.0
2018-11-19 00:00:00+09:00,6100.0,6100.0,6100.0,6100.0,0,0.0,0.0,0.0
2018-11-20 00:00:00+09:00,6100.0,6100.0,6100.0,6100.0,0,0.0,0.0,0.0
2018-11-21 00:00:00+09:00,6100.0,6100.0,6100.0,6100.0,0,0.0,0.0,0.0
2018-11-22 00:00:00+09:00,6100.0,6100.0,6100.0,6100.0,0,0.0,0.0,0.0
2018-11-23 00:00:00+09:00,6100.0,6100.0,6100.0,6100.0,0,0.0,0.0,0.0
2018-11-26 00:00:00+09:00,6100.0,6100.0,6100.0,6100.0,0,0.0,0.0,0.0
2018-11-27 00:00:00+09:00,6100.0,6100.0,6100.0,6100.0,0,0.0,0.0,0.0
2018-11-28 00:00:00+09:00,6100.0,6100.0,6100.0,6100.0,0,0.0,0.0,0.0
2018-11-29 00:00:00+09:00,6880.0,6880.0,6860.0,6860.0,3,0.0,0.0,0.0
2018-11-30 00:00:00+09:00,6860.0,6860.0,6860.0,6860.0,0,0.0,0.0,0.0
2018-12-03 00:00:00+09:00,6860.0,6860.0,6860.0,6860.0,0,0.0,0.0,0.0
2018-12-04 00:00:00+09:00,6860.0,6860.0,6860.0,6860.0,0,0.0,0.0,0.0
2018-12-05 00:00:00+09:00,6860.0,6860.0,6860.0,6860.0,0,0.0,0.0,0.0
2018-12-06 00:00:00+09:00,6860.0,6860.0,6860.0,6860.0,0,0.0,0.0,0.0
2018-12-07 00:00:00+09:00,6860.0,6860.0,6860.0,6860.0,0,0.0,0.0,0.0
2018-12-10 00:00:00+09:00,6860.0,6860.0,6860.0,6860.0,0,0.0,0.0,0.0
2018-12-11 00:00:00+09:00,6860.0,6860.0,6860.0,6860.0,0,0.0,0.0,0.0
2018-12-12 00:00:00+09:00,6860.0,6860.0,6860.0,6860.0,0,0.0,0.0,0.0
2018-12-13 00:00:00+09:00,6860.0,6860.0,6860.0,6860.0,0,0.0,0.0,0.0
2018-12-14 00:00:00+09:00,6860.0,6860.0,6860.0,6860.0,0,0.0,0.0,0.0
2018-12-17 00:00:00+09:00,6860.0,6860.0,6860.0,6860.0,0,0.0,0.0,0.0
2018-12-18 00:00:00+09:00,6860.0,6860.0,6860.0,6860.0,0,0.0,0.0,0.0
2018-12-19 00:00:00+09:00,6860.0,6860.0,6860.0,6860.0,0,0.0,0.0,0.0
2018-12-20 00:00:00+09:00,6860.0,6860.0,6860.0,6860.0,0,0.0,0.0,0.0
2018-12-21 00:00:00+09:00,6860.0,6860.0,6860.0,6860.0,0,0.0,0.0,0.0
2018-12-24 00:00:00+09:00,6860.0,6860.0,6860.0,6860.0,0,0.0,0.0,0.0
2018-12-26 00:00:00+09:00,6860.0,6860.0,6860.0,6860.0,0,0.0,0.0,0.0
2018-12-27 00:00:00+09:00,6860.0,6860.0,6860.0,6860.0,0,0.0,0.0,0.0
2018-12-28 00:00:00+09:00,5950.0,7290.0,5950.0,7280.0,31845,0.0,0.0,0.0
2019-01-02 00:00:00+09:00,7280.0,7280.0,7280.0,7280.0,0,0.0,0.0,0.0
2019-01-03 00:00:00+09:00,7280.0,7280.0,7280.0,7280.0,0,0.0,0.0,0.0
2019-01-04 00:00:00+09:00,6000.0,6000.0,6000.0,6000.0,200,0.0,0.0,0.0
2019-01-07 00:00:00+09:00,6000.0,6000.0,6000.0,6000.0,0,0.0,0.0,0.0
2019-01-08 00:00:00+09:00,6000.0,6000.0,6000.0,6000.0,0,0.0,0.0,0.0
2019-01-09 00:00:00+09:00,6000.0,6000.0,6000.0,6000.0,0,0.0,0.0,0.0
2019-01-10 00:00:00+09:00,6000.0,6000.0,6000.0,6000.0,0,0.0,0.0,0.0
2019-01-11 00:00:00+09:00,6000.0,6000.0,6000.0,6000.0,0,0.0,0.0,0.0
2019-01-14 00:00:00+09:00,6000.0,6000.0,6000.0,6000.0,0,0.0,0.0,0.0
2019-01-15 00:00:00+09:00,6000.0,6000.0,6000.0,6000.0,0,0.0,0.0,0.0
2019-01-16 00:00:00+09:00,6000.0,6000.0,6000.0,6000.0,0,0.0,0.0,0.0
2019-01-17 00:00:00+09:00,6000.0,6000.0,6000.0,6000.0,0,0.0,0.0,0.0
2019-01-18 00:00:00+09:00,6000.0,6000.0,6000.0,6000.0,0,0.0,0.0,0.0
2019-01-21 00:00:00+09:00,4605.0,4605.0,4600.0,4600.0,119,0.0,0.0,0.0
2019-01-22 00:00:00+09:00,4600.0,4600.0,4600.0,4600.0,0,0.0,0.0,0.0
2019-01-23 00:00:00+09:00,4600.0,4600.0,4600.0,4600.0,0,0.0,0.0,0.0
2019-01-24 00:00:00+09:00,4600.0,4600.0,4600.0,4600.0,0,0.0,0.0,0.0
2019-01-25 00:00:00+09:00,4600.0,4600.0,4600.0,4600.0,0,0.0,0.0,0.0
2019-01-28 00:00:00+09:00,4600.0,4600.0,4600.0,4600.0,0,0.0,0.0,0.0
2019-01-29 00:00:00+09:00,4400.0,5000.0,4400.0,5000.0,2,0.0,0.0,0.0
2019-01-30 00:00:00+09:00,5000.0,5000.0,5000.0,5000.0,0,0.0,0.0,0.0
2019-01-31 00:00:00+09:00,5000.0,5000.0,5000.0,5000.0,0,0.0,0.0,0.0
2019-02-01 00:00:00+09:00,4250.0,4250.0,4250.0,4250.0,1,0.0,0.0,0.0
2019-02-07 00:00:00+09:00,4250.0,4250.0,4250.0,4250.0,0,0.0,0.0,0.0
2019-02-08 00:00:00+09:00,4250.0,4250.0,4250.0,4250.0,0,0.0,0.0,0.0
2019-02-11 00:00:00+09:00,4250.0,4250.0,4250.0,4250.0,0,0.0,0.0,0.0
2019-02-12 00:00:00+09:00,4250.0,4250.0,4250.0,4250.0,0,0.0,0.0,0.0
2019-02-13 00:00:00+09:00,4250.0,4250.0,4250.0,4250.0,0,0.0,0.0,0.0
2019-02-14 00:00:00+09:00,4250.0,4250.0,4250.0,4250.0,0,0.0,0.0,0.0
2019-02-15 00:00:00+09:00,5470.0,5470.0,4200.0,4200.0,7,0.0,0.0,0.0
2019-02-18 00:00:00+09:00,4200.0,4200.0,4200.0,4200.0,0,0.0,0.0,0.0
2019-02-19 00:00:00+09:00,4100.0,4100.0,4100.0,4100.0,1,0.0,0.0,0.0
2019-02-20 00:00:00+09:00,4100.0,4100.0,4100.0,4100.0,0,0.0,0.0,0.0
2019-02-21 00:00:00+09:00,3655.0,4695.0,3655.0,4695.0,6,0.0,0.0,0.0
2019-02-22 00:00:00+09:00,4050.0,4980.0,4050.0,4980.0,3,0.0,0.0,0.0
2019-02-25 00:00:00+09:00,4980.0,4980.0,4980.0,4980.0,0,0.0,0.0,0.0
2019-02-26 00:00:00+09:00,4980.0,4980.0,4980.0,4980.0,0,0.0,0.0,0.0
2019-02-27 00:00:00+09:00,3255.0,4295.0,3255.0,3300.0,5,0.0,0.0,0.0
2019-02-28 00:00:00+09:00,3300.0,3300.0,3300.0,3300.0,0,0.0,0.0,0.0
2019-03-04 00:00:00+09:00,3800.0,3800.0,3800.0,3800.0,264,0.0,0.0,0.0
2019-03-05 00:00:00+09:00,3800.0,3800.0,3800.0,3800.0,0,0.0,0.0,0.0
2019-03-06 00:00:00+09:00,3800.0,3800.0,3800.0,3800.0,0,0.0,0.0,0.0
2019-03-07 00:00:00+09:00,3800.0,3800.0,3800.0,3800.0,0,0.0,0.0,0.0
2019-03-08 00:00:00+09:00,3800.0,3800.0,3800.0,3800.0,0,0.0,0.0,0.0
2019-03-11 00:00:00+09:00,3800.0,3800.0,3800.0,3800.0,0,0.0,0.0,0.0
2019-03-12 00:00:00+09:00,4500.0,4500.0,4500.0,4500.0,5,0.0,0.0,0.0
2019-03-13 00:00:00+09:00,5000.0,5000.0,5000.0,5000.0,210,0.0,0.0,0.0
2019-03-14 00:00:00+09:00,5000.0,5000.0,5000.0,5000.0,0,0.0,0.0,0.0
2019-03-15 00:00:00+09:00,5000.0,5000.0,5000.0,5000.0,0,0.0,0.0,0.0
2019-03-18 00:00:00+09:00,5000.0,5000.0,5000.0,5000.0,0,0.0,0.0,0.0
2019-03-19 00:00:00+09:00,5000.0,5000.0,5000.0,5000.0,0,0.0,0.0,0.0
2019-03-20 00:00:00+09:00,5000.0,5000.0,5000.0,5000.0,0,0.0,0.0,0.0
2019-03-21 00:00:00+09:00,5000.0,5000.0,5000.0,5000.0,0,0.0,0.0,0.0
2019-03-22 00:00:00+09:00,5000.0,5000.0,5000.0,5000.0,0,0.0,0.0,0.0
2019-03-25 00:00:00+09:00,5000.0,5000.0,5000.0,5000.0,0,0.0,0.0,0.0
2019-03-26 00:00:00+09:00,5000.0,5000.0,5000.0,5000.0,0,0.0,0.0,0.0
2019-03-27 00:00:00+09:00,4750.0,4750.0,4750.0,4750.0,211,0.0,0.0,0.0
2019-03-28 00:00:00+09:00,4750.0,4750.0,4750.0,4750.0,0,0.0,0.0,0.0
2019-03-29 00:00:00+09:00,5110.0,5110.0,5110.0,5110.0,197,0.0,0.0,0.0
2019-04-01 00:00:00+09:00,5110.0,5110.0,5110.0,5110.0,0,0.0,0.0,0.0
2019-04-02 00:00:00+09:00,5110.0,5110.0,5110.0,5110.0,0,0.0,0.0,0.0
2019-04-03 00:00:00+09:00,5110.0,5110.0,5110.0,5110.0,0,0.0,0.0,0.0
2019-04-04 00:00:00+09:00,5110.0,5110.0,5110.0,5110.0,0,0.0,0.0,0.0
2019-04-05 00:00:00+09:00,5840.0,5840.0,5840.0,5840.0,197,0.0,0.0,0.0
2019-04-08 00:00:00+09:00,5840.0,5840.0,5840.0,5840.0,0,0.0,0.0,0.0
2019-04-09 00:00:00+09:00,5840.0,5840.0,5840.0,5840.0,0,0.0,0.0,0.0
2019-04-10 00:00:00+09:00,5840.0,5840.0,5840.0,5840.0,0,0.0,0.0,0.0
2019-04-11 00:00:00+09:00,5550.0,5550.0,5550.0,5550.0,181,0.0,0.0,0.0
2019-04-12 00:00:00+09:00,6370.0,6370.0,6370.0,6370.0,1,0.0,0.0,0.0
2019-04-15 00:00:00+09:00,6360.0,6360.0,6000.0,6000.0,3,0.0,0.0,0.0
2019-04-16 00:00:00+09:00,6840.0,6840.0,6840.0,6840.0,155,0.0,0.0,0.0
2019-04-17 00:00:00+09:00,6840.0,6840.0,6840.0,6840.0,0,0.0,0.0,0.0
2019-04-18 00:00:00+09:00,5820.0,5820.0,5820.0,5820.0,1,0.0,0.0,0.0
2019-04-19 00:00:00+09:00,5000.0,5000.0,5000.0,5000.0,400,0.0,0.0,0.0
2019-04-22 00:00:00+09:00,5200.0,5200.0,5200.0,5200.0,193,0.0,0.0,0.0
2019-04-23 00:00:00+09:00,5200.0,5200.0,5200.0,5200.0,2,0.0,0.0,0.0
2019-04-24 00:00:00+09:00,5180.0,5180.0,5180.0,5180.0,2,0.0,0.0,0.0
2019-04-25 00:00:00+09:00,5180.0,5180.0,5180.0,5180.0,0,0.0,0.0,0.0
2019-04-26 00:00:00+09:00,5180.0,5180.0,5180.0,5180.0,0,0.0,0.0,0.0
2019-04-29 00:00:00+09:00,4500.0,5180.0,4500.0,5180.0,301,0.0,0.0,0.0
2019-04-30 00:00:00+09:00,5180.0,5180.0,5180.0,5180.0,0,0.0,0.0,0.0
2019-05-02 00:00:00+09:00,4500.0,5450.0,4500.0,5280.0,916,0.0,0.0,0.0
2019-05-03 00:00:00+09:00,4790.0,4790.0,4790.0,4790.0,130,0.0,0.0,0.0
2019-05-07 00:00:00+09:00,4790.0,4790.0,4790.0,4790.0,0,0.0,0.0,0.0
2019-05-08 00:00:00+09:00,4790.0,5490.0,4150.0,5490.0,2402,0.0,0.0,0.0
2019-05-09 00:00:00+09:00,4670.0,4670.0,4670.0,4670.0,265,0.0,0.0,0.0
2019-05-10 00:00:00+09:00,4670.0,4670.0,4670.0,4670.0,215,0.0,0.0,0.0
2019-05-13 00:00:00+09:00,3980.0,3980.0,3980.0,3980.0,552,0.0,0.0,0.0
2019-05-14 00:00:00+09:00,4500.0,4500.0,4500.0,4500.0,40,0.0,0.0,0.0
2019-05-15 00:00:00+09:00,5090.0,5090.0,5090.0,5090.0,10,0.0,0.0,0.0
2019-05-16 00:00:00+09:00,4335.0,4335.0,4330.0,4330.0,335,0.0,0.0,0.0
2019-05-17 00:00:00+09:00,4320.0,4320.0,4320.0,4320.0,224,0.0,0.0,0.0
2019-05-20 00:00:00+09:00,4040.0,4040.0,4000.0,4000.0,1599,0.0,0.0,0.0
2019-05-21 00:00:00+09:00,4000.0,4000.0,4000.0,4000.0,0,0.0,0.0,0.0
2019-05-22 00:00:00+09:00,4000.0,4000.0,4000.0,4000.0,0,0.0,0.0,0.0
2019-05-23 00:00:00+09:00,4495.0,4495.0,4495.0,4495.0,1,0.0,0.0,0.0
2019-05-24 00:00:00+09:00,5000.0,5000.0,5000.0,5000.0,2,0.0,0.0,0.0
2019-05-27 00:00:00+09:00,4250.0,4295.0,4250.0,4250.0,43,0.0,0.0,0.0
2019-05-28 00:00:00+09:00,4250.0,4250.0,4250.0,4250.0,236,0.0,0.0,0.0
2019-05-29 00:00:00+09:00,4250.0,4250.0,4250.0,4250.0,0,0.0,0.0,0.0
2019-05-30 00:00:00+09:00,3800.0,3800.0,3800.0,3800.0,500,0.0,0.0,0.0
2019-05-31 00:00:00+09:00,4300.0,4300.0,4300.0,4300.0,20,0.0,0.0,0.0
2019-06-03 00:00:00+09:00,4300.0,4300.0,4300.0,4300.0,0,0.0,0.0,0.0
2019-06-04 00:00:00+09:00,3850.0,3850.0,3850.0,3850.0,800,0.0,0.0,0.0
2019-06-05 00:00:00+09:00,4390.0,4390.0,3800.0,3800.0,1177,0.0,0.0,0.0
2019-06-07 00:00:00+09:00,3600.0,3600.0,3600.0,3600.0,725,0.0,0.0,0.0
2019-06-10 00:00:00+09:00,4000.0,4000.0,4000.0,4000.0,5,0.0,0.0,0.0
2019-06-11 00:00:00+09:00,4000.0,4000.0,4000.0,4000.0,0,0.0,0.0,0.0
2019-06-12 00:00:00+09:00,3900.0,3900.0,3900.0,3900.0,114,0.0,0.0,0.0
2019-06-13 00:00:00+09:00,4365.0,4365.0,4365.0,4365.0,10,0.0,0.0,0.0
2019-06-14 00:00:00+09:00,4365.0,4365.0,4365.0,4365.0,0,0.0,0.0,0.0
2019-06-17 00:00:00+09:00,4365.0,4365.0,4365.0,4365.0,0,0.0,0.0,0.0
2019-06-18 00:00:00+09:00,4365.0,4365.0,4365.0,4365.0,0,0.0,0.0,0.0
2019-06-19 00:00:00+09:00,4520.0,4520.0,4520.0,4520.0,5,0.0,0.0,0.0
2019-06-20 00:00:00+09:00,5180.0,5180.0,5180.0,5180.0,2,0.0,0.0,0.0
2019-06-21 00:00:00+09:00,4410.0,4410.0,4410.0,4410.0,1,0.0,0.0,0.0
2019-06-24 00:00:00+09:00,5040.0,5040.0,5040.0,5040.0,1,0.0,0.0,0.0
2019-06-25 00:00:00+09:00,5040.0,5040.0,5040.0,5040.0,0,0.0,0.0,0.0
2019-06-26 00:00:00+09:00,4215.0,5100.0,4215.0,5100.0,20,0.0,0.0,0.0
2019-06-27 00:00:00+09:00,4340.0,5180.0,4340.0,5180.0,6,0.0,0.0,0.0
2019-06-28 00:00:00+09:00,4410.0,4410.0,4410.0,4410.0,5,0.0,0.0,0.0
2019-07-01 00:00:00+09:00,4410.0,4410.0,4410.0,4410.0,0,0.0,0.0,0.0
2019-07-02 00:00:00+09:00,4410.0,4410.0,4410.0,4410.0,0,0.0,0.0,0.0
2019-07-03 00:00:00+09:00,4565.0,4565.0,4565.0,4565.0,5,0.0,0.0,0.0
2019-07-04 00:00:00+09:00,4565.0,4565.0,4565.0,4565.0,0,0.0,0.0,0.0
2019-07-05 00:00:00+09:00,4565.0,4565.0,4565.0,4565.0,0,0.0,0.0,0.0
2019-07-08 00:00:00+09:00,4760.0,4760.0,4760.0,4760.0,3,0.0,0.0,0.0
2019-07-09 00:00:00+09:00,4760.0,4760.0,4760.0,4760.0,0,0.0,0.0,0.0
2019-07-10 00:00:00+09:00,4760.0,4760.0,4760.0,4760.0,0,0.0,0.0,0.0
2019-07-11 00:00:00+09:00,4050.0,4685.0,4045.0,4685.0,827,0.0,0.0,0.0
2019-07-12 00:00:00+09:00,4685.0,4685.0,4685.0,4685.0,0,0.0,0.0,0.0
2019-07-15 00:00:00+09:00,3660.0,3660.0,3660.0,3660.0,500,0.0,0.0,0.0
2019-07-16 00:00:00+09:00,4195.0,4195.0,3405.0,3405.0,501,0.0,0.0,0.0
2019-07-17 00:00:00+09:00,3895.0,3895.0,3895.0,3895.0,26,0.0,0.0,0.0
2019-07-18 00:00:00+09:00,4445.0,4445.0,4445.0,4445.0,5,0.0,0.0,0.0
2019-07-19 00:00:00+09:00,3780.0,4920.0,3780.0,4920.0,501,0.0,0.0,0.0
2019-07-22 00:00:00+09:00,4920.0,4920.0,4920.0,4920.0,0,0.0,0.0,0.0
2019-07-23 00:00:00+09:00,3565.0,3565.0,3560.0,3560.0,305,0.0,0.0,0.0
2019-07-24 00:00:00+09:00,3400.0,3990.0,3400.0,3400.0,407,0.0,0.0,0.0
2019-07-25 00:00:00+09:00,3400.0,3400.0,3400.0,3400.0,0,0.0,0.0,0.0
2019-07-26 00:00:00+09:00,3400.0,3400.0,3200.0,3200.0,801,0.0,0.0,0.0
2019-07-29 00:00:00+09:00,3675.0,3675.0,3675.0,3675.0,10,0.0,0.0,0.0
2019-07-30 00:00:00+09:00,4220.0,4220.0,3500.0,3500.0,7,0.0,0.0,0.0
2019-07-31 00:00:00+09:00,3995.0,3995.0,3995.0,3995.0,10,0.0,0.0,0.0
2019-08-01 00:00:00+09:00,4520.0,4520.0,4520.0,4520.0,5,0.0,0.0,0.0
2019-08-02 00:00:00+09:00,4520.0,4520.0,4520.0,4520.0,0,0.0,0.0,0.0
2019-08-05 00:00:00+09:00,3280.0,4370.0,3270.0,3270.0,744,0.0,0.0,0.0
2019-08-06 00:00:00+09:00,3685.0,3685.0,3685.0,3685.0,5,0.0,0.0,0.0
2019-08-07 00:00:00+09:00,4200.0,4200.0,4200.0,4200.0,9,0.0,0.0,0.0
2019-08-08 00:00:00+09:00,4200.0,4200.0,4200.0,4200.0,0,0.0,0.0,0.0
2019-08-09 00:00:00+09:00,4200.0,4200.0,4200.0,4200.0,0,0.0,0.0,0.0
2019-08-12 00:00:00+09:00,3745.0,3745.0,2820.0,2860.0,1124,0.0,0.0,0.0
2019-08-13 00:00:00+09:00,3195.0,3195.0,3195.0,3195.0,10,0.0,0.0,0.0
2019-08-14 00:00:00+09:00,3495.0,3495.0,3495.0,3495.0,5,0.0,0.0,0.0
2019-08-16 00:00:00+09:00,3495.0,3495.0,3495.0,3495.0,0,0.0,0.0,0.0
2019-08-19 00:00:00+09:00,3495.0,3495.0,3495.0,3495.0,0,0.0,0.0,0.0
2019-08-20 00:00:00+09:00,3485.0,3485.0,3485.0,3485.0,10,0.0,0.0,0.0
2019-08-21 00:00:00+09:00,3485.0,3485.0,3485.0,3485.0,0,0.0,0.0,0.0
2019-08-22 00:00:00+09:00,3485.0,3485.0,3485.0,3485.0,0,0.0,0.0,0.0
2019-08-23 00:00:00+09:00,3495.0,3495.0,3495.0,3495.0,10,0.0,0.0,0.0
2019-08-26 00:00:00+09:00,3495.0,3495.0,3495.0,3495.0,0,0.0,0.0,0.0
2019-08-27 00:00:00+09:00,3495.0,3495.0,3495.0,3495.0,0,0.0,0.0,0.0
2019-08-28 00:00:00+09:00,3495.0,3495.0,3495.0,3495.0,0,0.0,0.0,0.0
2019-08-29 00:00:00+09:00,3495.0,3495.0,3495.0,3495.0,0,0.0,0.0,0.0
2019-08-30 00:00:00+09:00,3470.0,3470.0,3470.0,3470.0,2,0.0,0.0,0.0
2019-09-02 00:00:00+09:00,3000.0,3000.0,3000.0,3000.0,2,0.0,0.0,0.0
2019-09-03 00:00:00+09:00,3415.0,3415.0,3415.0,3415.0,10,0.0,0.0,0.0
2019-09-04 00:00:00+09:00,3880.0,3880.0,3880.0,3880.0,510,0.0,0.0,0.0
2019-09-05 00:00:00+09:00,3880.0,3880.0,3880.0,3880.0,0,0.0,0.0,0.0
2019-09-06 00:00:00+09:00,3300.0,3300.0,3290.0,3290.0,200,0.0,0.0,0.0
2019-09-09 00:00:00+09:00,3445.0,3445.0,3445.0,3445.0,5,0.0,0.0,0.0
2019-09-10 00:00:00+09:00,3445.0,3445.0,3445.0,3445.0,0,0.0,0.0,0.0
2019-09-11 00:00:00+09:00,3445.0,3445.0,3445.0,3445.0,20,0.0,0.0,0.0
2019-09-16 00:00:00+09:00,3445.0,3445.0,3445.0,3445.0,0,0.0,0.0,0.0
2019-09-17 00:00:00+09:00,3445.0,3445.0,3445.0,3445.0,0,0.0,0.0,0.0
2019-09-18 00:00:00+09:00,3445.0,3445.0,3445.0,3445.0,0,0.0,0.0,0.0
2019-09-19 00:00:00+09:00,3445.0,3445.0,3445.0,3445.0,0,0.0,0.0,0.0
2019-09-20 00:00:00+09:00,3445.0,3445.0,3445.0,3445.0,0,0.0,0.0,0.0
2019-09-23 00:00:00+09:00,3485.0,3485.0,3485.0,3485.0,5,0.0,0.0,0.0
2019-09-24 00:00:00+09:00,3485.0,3485.0,3485.0,3485.0,0,0.0,0.0,0.0
2019-09-25 00:00:00+09:00,3485.0,3485.0,3485.0,3485.0,0,0.0,0.0,0.0
2019-09-26 00:00:00+09:00,3485.0,3485.0,3485.0,3485.0,0,0.0,0.0,0.0
2019-09-27 00:00:00+09:00,3485.0,3485.0,3485.0,3485.0,0,0.0,0.0,0.0
2019-09-30 00:00:00+09:00,3485.0,3485.0,3485.0,3485.0,0,0.0,0.0,0.0
2019-10-01 00:00:00+09:00,3485.0,3485.0,3485.0,3485.0,0,0.0,0.0,0.0
2019-10-02 00:00:00+09:00,3475.0,3475.0,3475.0,3475.0,10,0.0,0.0,0.0
2019-10-04 00:00:00+09:00,3475.0,3475.0,3475.0,3475.0,0,0.0,0.0,0.0
2019-10-07 00:00:00+09:00,3475.0,3475.0,3475.0,3475.0,0,0.0,0.0,0.0
2019-10-08 00:00:00+09:00,3475.0,3475.0,3475.0,3475.0,0,0.0,0.0,0.0
2019-10-10 00:00:00+09:00,3475.0,3475.0,3475.0,3475.0,0,0.0,0.0,0.0
2019-10-11 00:00:00+09:00,3475.0,3475.0,3475.0,3475.0,0,0.0,0.0,0.0
2019-10-14 00:00:00+09:00,3475.0,3475.0,3475.0,3475.0,0,0.0,0.0,0.0
2019-10-15 00:00:00+09:00,3475.0,3475.0,3475.0,3475.0,0,0.0,0.0,0.0
2019-10-16 00:00:00+09:00,3475.0,3475.0,3475.0,3475.0,0,0.0,0.0,0.0
2019-10-17 00:00:00+09:00,3475.0,3475.0,3475.0,3475.0,0,0.0,0.0,0.0
2019-10-18 00:00:00+09:00,3475.0,3475.0,3475.0,3475.0,0,0.0,0.0,0.0
2019-10-21 00:00:00+09:00,3475.0,3475.0,3475.0,3475.0,0,0.0,0.0,0.0
2019-10-22 00:00:00+09:00,2855.0,3470.0,2760.0,3470.0,965,0.0,0.0,0.0
2019-10-23 00:00:00+09:00,2950.0,3490.0,2950.0,2950.0,1523,0.0,0.0,0.0
2019-10-24 00:00:00+09:00,2950.0,2950.0,2950.0,2950.0,0,0.0,0.0,0.0
2019-10-25 00:00:00+09:00,3385.0,3385.0,2705.0,3385.0,67,0.0,0.0,0.0
2019-10-28 00:00:00+09:00,3865.0,3865.0,3865.0,3865.0,5,0.0,0.0,0.0
2019-10-29 00:00:00+09:00,3865.0,3865.0,3865.0,3865.0,0,0.0,0.0,0.0
2019-10-30 00:00:00+09:00,3865.0,3865.0,3865.0,3865.0,0,0.0,0.0,0.0
2019-10-31 00:00:00+09:00,2955.0,3455.0,2955.0,3455.0,32,0.0,0.0,0.0
2019-11-01 00:00:00+09:00,3455.0,3455.0,3455.0,3455.0,0,0.0,0.0,0.0
2019-11-04 00:00:00+09:00,3480.0,3480.0,3480.0,3480.0,5,0.0,0.0,0.0
2019-11-05 00:00:00+09:00,3490.0,3490.0,3490.0,3490.0,5,0.0,0.0,0.0
2019-11-06 00:00:00+09:00,3490.0,3490.0,3490.0,3490.0,0,0.0,0.0,0.0
2019-11-07 00:00:00+09:00,3490.0,3490.0,3490.0,3490.0,0,0.0,0.0,0.0
2019-11-08 00:00:00+09:00,3490.0,3490.0,3490.0,3490.0,0,0.0,0.0,0.0
2019-11-11 00:00:00+09:00,3475.0,3475.0,3475.0,3475.0,5,0.0,0.0,0.0
2019-11-12 00:00:00+09:00,3490.0,3490.0,3490.0,3490.0,5,0.0,0.0,0.0
2019-11-13 00:00:00+09:00,3490.0,3490.0,3490.0,3490.0,0,0.0,0.0,0.0
2019-11-14 00:00:00+09:00,3490.0,3490.0,3490.0,3490.0,0,0.0,0.0,0.0
2019-11-15 00:00:00+09:00,3490.0,3490.0,3490.0,3490.0,10,0.0,0.0,0.0
2019-11-18 00:00:00+09:00,3490.0,3490.0,3490.0,3490.0,0,0.0,0.0,0.0
2019-11-19 00:00:00+09:00,3490.0,3490.0,3490.0,3490.0,5,0.0,0.0,0.0
2019-11-20 00:00:00+09:00,3490.0,3490.0,3490.0,3490.0,0,0.0,0.0,0.0
2019-11-21 00:00:00+09:00,3480.0,3480.0,3480.0,3480.0,6,0.0,0.0,0.0
2019-11-22 00:00:00+09:00,3485.0,3485.0,3485.0,3485.0,5,0.0,0.0,0.0
2019-11-25 00:00:00+09:00,3485.0,3485.0,3485.0,3485.0,0,0.0,0.0,0.0
2019-11-26 00:00:00+09:00,3490.0,3490.0,3490.0,3490.0,24,0.0,0.0,0.0
2019-11-27 00:00:00+09:00,3490.0,3490.0,3490.0,3490.0,0,0.0,0.0,0.0
2019-11-28 00:00:00+09:00,3490.0,3490.0,3490.0,3490.0,0,0.0,0.0,0.0
2019-11-29 00:00:00+09:00,3490.0,3490.0,3490.0,3490.0,0,0.0,0.0,0.0
2019-12-02 00:00:00+09:00,3490.0,3490.0,3490.0,3490.0,0,0.0,0.0,0.0
2019-12-03 00:00:00+09:00,3490.0,3490.0,3490.0,3490.0,0,0.0,0.0,0.0
2019-12-04 00:00:00+09:00,3490.0,3490.0,3490.0,3490.0,0,0.0,0.0,0.0
2019-12-05 00:00:00+09:00,3480.0,3480.0,3395.0,3480.0,25,0.0,0.0,0.0
2019-12-06 00:00:00+09:00,2960.0,3395.0,2960.0,3395.0,32,0.0,0.0,0.0
2019-12-09 00:00:00+09:00,3485.0,3485.0,3485.0,3485.0,5,0.0,0.0,0.0
2019-12-10 00:00:00+09:00,3485.0,3485.0,3485.0,3485.0,0,0.0,0.0,0.0
2019-12-11 00:00:00+09:00,3490.0,3490.0,3490.0,3490.0,5,0.0,0.0,0.0
2019-12-12 00:00:00+09:00,3490.0,3490.0,3490.0,3490.0,0,0.0,0.0,0.0
2019-12-13 00:00:00+09:00,3490.0,3490.0,3490.0,3490.0,0,0.0,0.0,0.0
2019-12-16 00:00:00+09:00,3465.0,3465.0,3465.0,3465.0,5,0.0,0.0,0.0
2019-12-17 00:00:00+09:00,3465.0,3465.0,3465.0,3465.0,0,0.0,0.0,0.0
2019-12-18 00:00:00+09:00,3490.0,3490.0,3490.0,3490.0,2,0.0,0.0,0.0
2019-12-19 00:00:00+09:00,3490.0,3490.0,3490.0,3490.0,0,0.0,0.0,0.0
2019-12-20 00:00:00+09:00,3405.0,3405.0,2525.0,3000.0,693,0.0,0.0,0.0
2019-12-23 00:00:00+09:00,3000.0,3000.0,3000.0,3000.0,0,0.0,0.0,0.0
2019-12-24 00:00:00+09:00,3415.0,3415.0,3415.0,3415.0,10,0.0,0.0,0.0
2019-12-26 00:00:00+09:00,3415.0,3415.0,3415.0,3415.0,0,0.0,0.0,0.0
2019-12-27 00:00:00+09:00,3415.0,3415.0,3415.0,3415.0,0,0.0,0.0,0.0
2019-12-30 00:00:00+09:00,2890.0,2890.0,2890.0,2890.0,170,0.0,0.0,0.0
2020-01-02 00:00:00+09:00,3310.0,3310.0,2500.0,3250.0,115,0.0,0.0,0.0
2020-01-03 00:00:00+09:00,3490.0,3490.0,2765.0,2770.0,91,0.0,0.0,0.0
2020-01-06 00:00:00+09:00,2995.0,2995.0,2500.0,2500.0,6,0.0,0.0,0.0
2020-01-07 00:00:00+09:00,2500.0,2860.0,2500.0,2860.0,369,0.0,0.0,0.0
2020-01-08 00:00:00+09:00,3280.0,3280.0,2450.0,2450.0,310,0.0,0.0,0.0
2020-01-09 00:00:00+09:00,2350.0,2545.0,2350.0,2535.0,1370,0.0,0.0,0.0
2020-01-10 00:00:00+09:00,2530.0,2530.0,2300.0,2300.0,592,0.0,0.0,0.0
2020-01-13 00:00:00+09:00,2320.0,2630.0,2320.0,2350.0,769,0.0,0.0,0.0
2020-01-14 00:00:00+09:00,2350.0,2695.0,2350.0,2350.0,61,0.0,0.0,0.0
2020-01-15 00:00:00+09:00,2595.0,2700.0,2365.0,2365.0,1401,0.0,0.0,0.0
2020-01-16 00:00:00+09:00,2400.0,2485.0,2400.0,2485.0,131,0.0,0.0,0.0
2020-01-17 00:00:00+09:00,2850.0,2850.0,2205.0,2460.0,5756,0.0,0.0,0.0
2020-01-20 00:00:00+09:00,2820.0,2820.0,2255.0,2265.0,24,0.0,0.0,0.0
2020-01-21 00:00:00+09:00,2265.0,2265.0,2265.0,2265.0,0,0.0,0.0,0.0
2020-01-22 00:00:00+09:00,2605.0,2605.0,2300.0,2550.0,3826,0.0,0.0,0.0
2020-01-23 00:00:00+09:00,2600.0,2600.0,2250.0,2250.0,16,0.0,0.0,0.0
2020-01-28 00:00:00+09:00,2545.0,2545.0,2545.0,2545.0,6,0.0,0.0,0.0
2020-01-29 00:00:00+09:00,2920.0,2920.0,2205.0,2300.0,7,0.0,0.0,0.0
2020-01-30 00:00:00+09:00,2350.0,2570.0,2205.0,2525.0,13,0.0,0.0,0.0
2020-01-31 00:00:00+09:00,2840.0,2840.0,2200.0,2825.0,4,0.0,0.0,0.0
2020-02-03 00:00:00+09:00,3195.0,3195.0,3195.0,3195.0,2,0.0,0.0,0.0
2020-02-04 00:00:00+09:00,2720.0,2895.0,2720.0,2895.0,3,0.0,0.0,0.0
2020-02-05 00:00:00+09:00,2770.0,3305.0,2770.0,2770.0,10,0.0,0.0,0.0
2020-02-06 00:00:00+09:00,3170.0,3170.0,2360.0,2360.0,502,0.0,0.0,0.0
2020-02-07 00:00:00+09:00,2680.0,2680.0,2495.0,2495.0,1876,0.0,0.0,0.0
2020-02-10 00:00:00+09:00,2495.0,2495.0,2495.0,2495.0,60,0.0,0.0,0.0
2020-02-11 00:00:00+09:00,2850.0,2850.0,2260.0,2500.0,831,0.0,0.0,0.0
2020-02-12 00:00:00+09:00,2260.0,2500.0,2260.0,2500.0,9,0.0,0.0,0.0
2020-02-13 00:00:00+09:00,2210.0,2210.0,2210.0,2210.0,3,0.0,0.0,0.0
2020-02-14 00:00:00+09:00,2445.0,2540.0,2210.0,2540.0,1026,0.0,0.0,0.0
2020-02-17 00:00:00+09:00,2915.0,2915.0,2300.0,2300.0,102,0.0,0.0,0.0
2020-02-18 00:00:00+09:00,2300.0,2350.0,2300.0,2350.0,380,0.0,0.0,0.0
2020-02-19 00:00:00+09:00,2500.0,2500.0,2500.0,2500.0,2,0.0,0.0,0.0
2020-02-20 00:00:00+09:00,2500.0,2500.0,2500.0,2500.0,0,0.0,0.0,0.0
2020-02-21 00:00:00+09:00,2300.0,2495.0,2300.0,2495.0,202,0.0,0.0,0.0
2020-02-24 00:00:00+09:00,2500.0,2500.0,2500.0,2500.0,120,0.0,0.0,0.0
2020-02-25 00:00:00+09:00,2500.0,2500.0,2500.0,2500.0,0,0.0,0.0,0.0
2020-02-26 00:00:00+09:00,2200.0,2200.0,2200.0,2200.0,555,0.0,0.0,0.0
2020-02-27 00:00:00+09:00,2400.0,2400.0,2075.0,2075.0,11,0.0,0.0,0.0
2020-02-28 00:00:00+09:00,2350.0,2350.0,2350.0,2350.0,5,0.0,0.0,0.0
2020-03-02 00:00:00+09:00,2500.0,2500.0,2500.0,2500.0,5,0.0,0.0,0.0
2020-03-03 00:00:00+09:00,2200.0,2200.0,2200.0,2200.0,500,0.0,0.0,0.0
2020-03-04 00:00:00+09:00,2495.0,2495.0,2495.0,2495.0,1,0.0,0.0,0.0
2020-03-05 00:00:00+09:00,2495.0,2495.0,2495.0,2495.0,0,0.0,0.0,0.0
2020-03-06 00:00:00+09:00,2495.0,2495.0,2495.0,2495.0,0,0.0,0.0,0.0
2020-03-09 00:00:00+09:00,2210.0,2790.0,2210.0,2675.0,5104,0.0,0.0,0.0
2020-03-10 00:00:00+09:00,2675.0,2675.0,2675.0,2675.0,0,0.0,0.0,0.0
2020-03-11 00:00:00+09:00,2675.0,2675.0,2675.0,2675.0,0,0.0,0.0,0.0
2020-03-12 00:00:00+09:00,2675.0,2675.0,2675.0,2675.0,0,0.0,0.0,0.0
2020-03-13 00:00:00+09:00,2675.0,2675.0,2675.0,2675.0,0,0.0,0.0,0.0
2020-03-16 00:00:00+09:00,1865.0,2400.0,1865.0,2400.0,531,0.0,0.0,0.0
2020-03-17 00:00:00+09:00,2695.0,2695.0,2050.0,2490.0,323,0.0,0.0,0.0
2020-03-18 00:00:00+09:00,2490.0,2490.0,2490.0,2490.0,0,0.0,0.0,0.0
2020-03-19 00:00:00+09:00,2430.0,2430.0,1805.0,1805.0,1103,0.0,0.0,0.0
2020-03-20 00:00:00+09:00,1535.0,1800.0,1535.0,1800.0,433,0.0,0.0,0.0
2020-03-23 00:00:00+09:00,1800.0,1800.0,1800.0,1800.0,0,0.0,0.0,0.0
2020-03-24 00:00:00+09:00,1800.0,1800.0,1800.0,1800.0,0,0.0,0.0,0.0
2020-03-25 00:00:00+09:00,1525.0,1755.0,1525.0,1525.0,8722,0.0,0.0,0.0
2020-03-26 00:00:00+09:00,1595.0,1750.0,1305.0,1740.0,4106,0.0,0.0,0.0
2020-03-27 00:00:00+09:00,2000.0,2000.0,1480.0,1480.0,18,0.0,0.0,0.0
2020-03-30 00:00:00+09:00,1700.0,1700.0,1500.0,1500.0,37,0.0,0.0,0.0
2020-03-31 00:00:00+09:00,1725.0,1725.0,1725.0,1725.0,600,0.0,0.0,0.0
2020-04-01 00:00:00+09:00,1725.0,1980.0,1500.0,1980.0,620,0.0,0.0,0.0
2020-04-02 00:00:00+09:00,2275.0,2275.0,1690.0,2100.0,513,0.0,0.0,0.0
2020-04-03 00:00:00+09:00,2200.0,2200.0,2200.0,2200.0,3,0.0,0.0,0.0
2020-04-06 00:00:00+09:00,2200.0,2530.0,2200.0,2530.0,18,0.0,0.0,0.0
2020-04-07 00:00:00+09:00,2890.0,2890.0,2490.0,2795.0,20,0.0,0.0,0.0
2020-04-08 00:00:00+09:00,2695.0,2695.0,2500.0,2695.0,405,0.0,0.0,0.0
2020-04-09 00:00:00+09:00,3095.0,3095.0,2650.0,3075.0,6,0.0,0.0,0.0
2020-04-10 00:00:00+09:00,3500.0,3500.0,3500.0,3500.0,1,0.0,0.0,0.0
2020-04-13 00:00:00+09:00,3500.0,3500.0,3500.0,3500.0,0,0.0,0.0,0.0
2020-04-14 00:00:00+09:00,2980.0,3395.0,2980.0,3395.0,12,0.0,0.0,0.0
2020-04-16 00:00:00+09:00,3395.0,3875.0,3395.0,3490.0,11,0.0,0.0,0.0
2020-04-17 00:00:00+09:00,3490.0,3490.0,3490.0,3490.0,0,0.0,0.0,0.0
2020-04-20 00:00:00+09:00,3435.0,3435.0,2550.0,3395.0,130,0.0,0.0,0.0
2020-04-21 00:00:00+09:00,3395.0,3395.0,3395.0,3395.0,0,0.0,0.0,0.0
2020-04-22 00:00:00+09:00,2650.0,3195.0,2460.0,3185.0,153,0.0,0.0,0.0
2020-04-23 00:00:00+09:00,2710.0,3145.0,2710.0,2710.0,232,0.0,0.0,0.0
2020-04-24 00:00:00+09:00,3115.0,3115.0,2350.0,3110.0,39,0.0,0.0,0.0
2020-04-27 00:00:00+09:00,2885.0,2885.0,2885.0,2885.0,3,0.0,0.0,0.0
2020-04-28 00:00:00+09:00,3315.0,3315.0,2455.0,3285.0,25,0.0,0.0,0.0
2020-04-29 00:00:00+09:00,3770.0,3770.0,3770.0,3770.0,66,0.0,0.0,0.0
2020-05-04 00:00:00+09:00,4335.0,4335.0,4335.0,4335.0,1,0.0,0.0,0.0
2020-05-06 00:00:00+09:00,3690.0,3690.0,3685.0,3685.0,120,0.0,0.0,0.0
2020-05-07 00:00:00+09:00,3685.0,3685.0,3685.0,3685.0,0,0.0,0.0,0.0
2020-05-08 00:00:00+09:00,3605.0,3605.0,3485.0,3485.0,329,0.0,0.0,0.0
2020-05-11 00:00:00+09:00,2970.0,3300.0,2970.0,3300.0,401,0.0,0.0,0.0
2020-05-12 00:00:00+09:00,2815.0,3600.0,2815.0,3600.0,45,0.0,0.0,0.0
2020-05-13 00:00:00+09:00,3600.0,3600.0,3600.0,3600.0,0,0.0,0.0,0.0
2020-05-14 00:00:00+09:00,2620.0,2995.0,2615.0,2995.0,512,0.0,0.0,0.0
2020-05-15 00:00:00+09:00,2555.0,2700.0,2555.0,2700.0,401,0.0,0.0,0.0
2020-05-18 00:00:00+09:00,2700.0,2700.0,2700.0,2700.0,0,0.0,0.0,0.0
2020-05-19 00:00:00+09:00,2645.0,2645.0,2645.0,2645.0,50,0.0,0.0,0.0
2020-05-20 00:00:00+09:00,2595.0,2600.0,2350.0,2600.0,706,0.0,0.0,0.0
2020-05-21 00:00:00+09:00,2500.0,2500.0,2500.0,2500.0,129,0.0,0.0,0.0
2020-05-22 00:00:00+09:00,2700.0,2700.0,2155.0,2155.0,3088,0.0,0.0,0.0
2020-05-25 00:00:00+09:00,2450.0,2450.0,2450.0,2450.0,405,0.0,0.0,0.0
2020-05-26 00:00:00+09:00,2700.0,2700.0,2150.0,2150.0,6,0.0,0.0,0.0
2020-05-27 00:00:00+09:00,2470.0,2470.0,2470.0,2470.0,5,0.0,0.0,0.0
2020-05-28 00:00:00+09:00,2840.0,2840.0,2840.0,2840.0,1,0.0,0.0,0.0
2020-05-29 00:00:00+09:00,3265.0,3265.0,2415.0,2415.0,972,0.0,0.0,0.0
2020-06-01 00:00:00+09:00,2775.0,2775.0,2570.0,2645.0,704,0.0,0.0,0.0
2020-06-02 00:00:00+09:00,2795.0,2795.0,2265.0,2620.0,1526,0.0,0.0,0.0
2020-06-03 00:00:00+09:00,3010.0,3010.0,3010.0,3010.0,2,0.0,0.0,0.0
2020-06-04 00:00:00+09:00,2565.0,2990.0,2565.0,2565.0,1170,0.0,0.0,0.0
2020-06-05 00:00:00+09:00,2565.0,2800.0,2210.0,2210.0,721,0.0,0.0,0.0
2020-06-08 00:00:00+09:00,2540.0,2540.0,2540.0,2540.0,1512,0.0,0.0,0.0
2020-06-09 00:00:00+09:00,2800.0,2800.0,2800.0,2800.0,3,0.0,0.0,0.0
2020-06-10 00:00:00+09:00,2800.0,2800.0,2800.0,2800.0,0,0.0,0.0,0.0
2020-06-11 00:00:00+09:00,2800.0,2800.0,2800.0,2800.0,0,0.0,0.0,0.0
2020-06-12 00:00:00+09:00,2800.0,2800.0,2800.0,2800.0,0,0.0,0.0,0.0
2020-06-15 00:00:00+09:00,2305.0,2305.0,2305.0,2305.0,60,0.0,0.0,0.0
2020-06-16 00:00:00+09:00,2010.0,2650.0,2010.0,2650.0,4000,0.0,0.0,0.0
2020-06-17 00:00:00+09:00,2700.0,2700.0,2700.0,2700.0,2,0.0,0.0,0.0
2020-06-18 00:00:00+09:00,3100.0,3100.0,3100.0,3100.0,2,0.0,0.0,0.0
2020-06-19 00:00:00+09:00,3100.0,3100.0,3100.0,3100.0,20,0.0,0.0,0.0
2020-06-22 00:00:00+09:00,2715.0,3400.0,2650.0,3400.0,281,0.0,0.0,0.0
2020-06-23 00:00:00+09:00,3400.0,3400.0,3400.0,3400.0,0,0.0,0.0,0.0
2020-06-24 00:00:00+09:00,2720.0,3000.0,2720.0,3000.0,29,0.0,0.0,0.0
2020-06-25 00:00:00+09:00,3000.0,3000.0,3000.0,3000.0,0,0.0,0.0,0.0
2020-06-26 00:00:00+09:00,3000.0,3000.0,3000.0,3000.0,0,0.0,0.0,0.0
2020-06-29 00:00:00+09:00,3000.0,3000.0,3000.0,3000.0,0,0.0,0.0,0.0
2020-06-30 00:00:00+09:00,3100.0,3100.0,3100.0,3100.0,1,0.0,0.0,0.0
2020-07-01 00:00:00+09:00,2635.0,3100.0,2635.0,3090.0,1019,0.0,0.0,0.0
2020-07-02 00:00:00+09:00,2900.0,2900.0,2900.0,2900.0,2,0.0,0.0,0.0
2020-07-03 00:00:00+09:00,2900.0,2900.0,2900.0,2900.0,0,0.0,0.0,0.0
2020-07-06 00:00:00+09:00,2650.0,3000.0,2650.0,3000.0,51,0.0,0.0,0.0
2020-07-07 00:00:00+09:00,2800.0,2800.0,2800.0,2800.0,400,0.0,0.0,0.0
2020-07-08 00:00:00+09:00,2800.0,2800.0,2800.0,2800.0,0,0.0,0.0,0.0
2020-07-09 00:00:00+09:00,2800.0,2800.0,2800.0,2800.0,0,0.0,0.0,0.0
2020-07-10 00:00:00+09:00,3100.0,3100.0,3100.0,3100.0,1,0.0,0.0,0.0
2020-07-13 00:00:00+09:00,2900.0,2900.0,2900.0,2900.0,2,0.0,0.0,0.0
2020-07-14 00:00:00+09:00,2900.0,2900.0,2900.0,2900.0,0,0.0,0.0,0.0
2020-07-15 00:00:00+09:00,2900.0,2900.0,2900.0,2900.0,0,0.0,0.0,0.0
2020-07-16 00:00:00+09:00,2900.0,2900.0,2900.0,2900.0,0,0.0,0.0,0.0
2020-07-17 00:00:00+09:00,2700.0,2700.0,2320.0,2360.0,640,0.0,0.0,0.0
2020-07-20 00:00:00+09:00,2065.0,2345.0,2010.0,2010.0,30272,0.0,0.0,0.0
2020-07-21 00:00:00+09:00,2125.0,2310.0,2050.0,2155.0,13915,0.0,0.0,0.0
2020-07-22 00:00:00+09:00,2475.0,2475.0,2160.0,2460.0,3996,0.0,0.0,0.0
2020-07-23 00:00:00+09:00,2825.0,2825.0,2405.0,2500.0,6318,0.0,0.0,0.0
2020-07-24 00:00:00+09:00,2600.0,2795.0,2500.0,2500.0,1731,0.0,0.0,0.0
2020-07-27 00:00:00+09:00,2875.0,2875.0,2870.0,2875.0,1477,0.0,0.0,0.0
2020-07-28 00:00:00+09:00,3305.0,3305.0,3005.0,3305.0,4529,0.0,0.0,0.0
2020-07-29 00:00:00+09:00,3320.0,3750.0,2865.0,3200.0,1155,0.0,0.0,0.0
2020-07-30 00:00:00+09:00,3200.0,3200.0,2750.0,3200.0,669,0.0,0.0,0.0
2020-07-31 00:00:00+09:00,3595.0,3595.0,2800.0,3195.0,1051,0.0,0.0,0.0
2020-08-03 00:00:00+09:00,3200.0,3500.0,3195.0,3195.0,2004,0.0,0.0,0.0
2020-08-04 00:00:00+09:00,3200.0,3600.0,3100.0,3600.0,1101,0.0,0.0,0.0
2020-08-05 00:00:00+09:00,4140.0,4140.0,3100.0,4100.0,400,0.0,0.0,0.0
2020-08-06 00:00:00+09:00,3500.0,4700.0,3485.0,3495.0,2671,0.0,0.0,0.0
2020-08-07 00:00:00+09:00,3495.0,3495.0,3255.0,3255.0,4,0.0,0.0,0.0
2020-08-10 00:00:00+09:00,3255.0,3600.0,3055.0,3600.0,4867,0.0,0.0,0.0
2020-08-11 00:00:00+09:00,3500.0,3500.0,3500.0,3500.0,1,0.0,0.0,0.0
2020-08-12 00:00:00+09:00,3200.0,3210.0,3200.0,3205.0,15110,0.0,0.0,0.0
2020-08-13 00:00:00+09:00,3200.0,3200.0,3180.0,3180.0,2000,0.0,0.0,0.0
2020-08-14 00:00:00+09:00,3180.0,3655.0,3180.0,3655.0,5254,0.0,0.0,0.0
2020-08-18 00:00:00+09:00,3675.0,3675.0,3180.0,3450.0,913,0.0,0.0,0.0
2020-08-19 00:00:00+09:00,3450.0,3450.0,3450.0,3450.0,0,0.0,0.0,0.0
2020-08-20 00:00:00+09:00,3450.0,3450.0,3450.0,3450.0,0,0.0,0.0,0.0
2020-08-21 00:00:00+09:00,3450.0,3450.0,3450.0,3450.0,0,0.0,0.0,0.0
2020-08-24 00:00:00+09:00,3000.0,3000.0,2950.0,2960.0,3900,0.0,0.0,0.0
2020-08-25 00:00:00+09:00,2960.0,3400.0,2960.0,3400.0,1841,0.0,0.0,0.0
2020-08-26 00:00:00+09:00,3910.0,3910.0,2955.0,2955.0,1091,0.0,0.0,0.0
2020-08-27 00:00:00+09:00,2955.0,2955.0,2955.0,2955.0,0,0.0,0.0,0.0
2020-08-28 00:00:00+09:00,3100.0,3100.0,3090.0,3100.0,660,0.0,0.0,0.0
2020-08-31 00:00:00+09:00,3500.0,3500.0,3500.0,3500.0,4991,0.0,0.0,0.0
2020-09-01 00:00:00+09:00,4025.0,4025.0,3050.0,4020.0,205,0.0,0.0,0.0
2020-09-02 00:00:00+09:00,4615.0,4615.0,4615.0,4615.0,1,0.0,0.0,0.0
2020-09-03 00:00:00+09:00,5290.0,5290.0,3925.0,4700.0,9507,0.0,0.0,0.0
2020-09-04 00:00:00+09:00,4100.0,4700.0,4100.0,4700.0,10,0.0,0.0,0.0
2020-09-07 00:00:00+09:00,4695.0,4695.0,4000.0,4000.0,287,0.0,0.0,0.0
2020-09-08 00:00:00+09:00,4000.0,4490.0,4000.0,4490.0,31,0.0,0.0,0.0
2020-09-09 00:00:00+09:00,4490.0,4490.0,4490.0,4490.0,0,0.0,0.0,0.0
2020-09-10 00:00:00+09:00,4495.0,4495.0,4495.0,4495.0,1,0.0,0.0,0.0
2020-09-11 00:00:00+09:00,4495.0,4495.0,4495.0,4495.0,0,0.0,0.0,0.0
2020-09-14 00:00:00+09:00,4490.0,4490.0,4490.0,4490.0,500,0.0,0.0,0.0
2020-09-15 00:00:00+09:00,4490.0,4490.0,4490.0,4490.0,0,0.0,0.0,0.0
2020-09-16 00:00:00+09:00,4195.0,4200.0,3805.0,4195.0,239,0.0,0.0,0.0
2020-09-17 00:00:00+09:00,3800.0,3800.0,3800.0,3800.0,16,0.0,0.0,0.0
2020-09-18 00:00:00+09:00,3800.0,3800.0,3800.0,3800.0,10,0.0,0.0,0.0
2020-09-21 00:00:00+09:00,4370.0,4370.0,4370.0,4370.0,12,0.0,0.0,0.0
2020-09-22 00:00:00+09:00,4100.0,4100.0,3800.0,4095.0,25,0.0,0.0,0.0
2020-09-23 00:00:00+09:00,3500.0,3985.0,3500.0,3885.0,1005,0.0,0.0,0.0
2020-09-24 00:00:00+09:00,3885.0,4100.0,3885.0,4100.0,17,0.0,0.0,0.0
2020-09-25 00:00:00+09:00,4100.0,4100.0,4100.0,4100.0,0,0.0,0.0,0.0
2020-09-28 00:00:00+09:00,4045.0,4050.0,4045.0,4050.0,17,0.0,0.0,0.0
2020-09-29 00:00:00+09:00,4500.0,4500.0,4100.0,4100.0,41,0.0,0.0,0.0
2020-10-05 00:00:00+09:00,3485.0,4245.0,3485.0,4245.0,16,0.0,0.0,0.0
2020-10-06 00:00:00+09:00,3660.0,4090.0,3660.0,4090.0,842,0.0,0.0,0.0
2020-10-07 00:00:00+09:00,3500.0,3900.0,3500.0,3895.0,2042,0.0,0.0,0.0
2020-10-08 00:00:00+09:00,3890.0,3890.0,3500.0,3500.0,1111,0.0,0.0,0.0
2020-10-12 00:00:00+09:00,3500.0,3995.0,3500.0,3995.0,21,0.0,0.0,0.0
2020-10-13 00:00:00+09:00,3995.0,3995.0,3995.0,3995.0,0,0.0,0.0,0.0
2020-10-14 00:00:00+09:00,4010.0,4010.0,4010.0,4010.0,1,0.0,0.0,0.0
2020-10-15 00:00:00+09:00,3450.0,3990.0,3410.0,3990.0,10060,0.0,0.0,0.0
2020-10-16 00:00:00+09:00,3990.0,3990.0,3990.0,3990.0,0,0.0,0.0,0.0
2020-10-19 00:00:00+09:00,3990.0,4500.0,3990.0,4500.0,931,0.0,0.0,0.0
2020-10-20 00:00:00+09:00,5170.0,5170.0,3830.0,4500.0,189,0.0,0.0,0.0
2020-10-21 00:00:00+09:00,4500.0,4500.0,4500.0,4500.0,0,0.0,0.0,0.0
2020-10-22 00:00:00+09:00,4500.0,4500.0,4500.0,4500.0,0,0.0,0.0,0.0
2020-10-23 00:00:00+09:00,4500.0,4500.0,4500.0,4500.0,0,0.0,0.0,0.0
2020-10-26 00:00:00+09:00,4000.0,4000.0,3500.0,3500.0,746,0.0,0.0,0.0
2020-10-27 00:00:00+09:00,3000.0,3795.0,2975.0,3460.0,5886,0.0,0.0,0.0
2020-10-28 00:00:00+09:00,3975.0,3975.0,3975.0,3975.0,1,0.0,0.0,0.0
2020-10-29 00:00:00+09:00,4230.0,4230.0,4230.0,4230.0,3,0.0,0.0,0.0
2020-10-30 00:00:00+09:00,3600.0,3605.0,3600.0,3600.0,1849,0.0,0.0,0.0
2020-11-02 00:00:00+09:00,3600.0,3600.0,3600.0,3600.0,117,0.0,0.0,0.0
2020-11-03 00:00:00+09:00,4100.0,4140.0,4100.0,4140.0,6717,0.0,0.0,0.0
2020-11-04 00:00:00+09:00,4760.0,4760.0,4510.0,4520.0,5493,0.0,0.0,0.0
2020-11-05 00:00:00+09:00,4520.0,5190.0,4520.0,5190.0,2458,0.0,0.0,0.0
2020-11-06 00:00:00+09:00,5960.0,5960.0,5960.0,5960.0,2491,0.0,0.0,0.0
2020-11-09 00:00:00+09:00,6780.0,6780.0,5960.0,5960.0,102,0.0,0.0,0.0
2020-11-10 00:00:00+09:00,5960.0,6300.0,5960.0,6300.0,101,0.0,0.0,0.0
2020-11-11 00:00:00+09:00,5400.0,5950.0,5400.0,5950.0,701,0.0,0.0,0.0
2020-11-12 00:00:00+09:00,5950.0,5950.0,5950.0,5950.0,0,0.0,0.0,0.0
2020-11-13 00:00:00+09:00,5950.0,5950.0,5950.0,5950.0,0,0.0,0.0,0.0
2020-11-16 00:00:00+09:00,6100.0,6100.0,6100.0,6100.0,1,0.0,0.0,0.0
2020-11-17 00:00:00+09:00,6600.0,6600.0,6600.0,6600.0,1,0.0,0.0,0.0
2020-11-18 00:00:00+09:00,7500.0,7500.0,7500.0,7500.0,1,0.0,0.0,0.0
2020-11-19 00:00:00+09:00,6770.0,6770.0,6770.0,6770.0,100,0.0,0.0,0.0
2020-11-20 00:00:00+09:00,6770.0,7590.0,6770.0,7590.0,2,0.0,0.0,0.0
2020-11-23 00:00:00+09:00,7590.0,7590.0,7590.0,7590.0,0,0.0,0.0,0.0
2020-11-24 00:00:00+09:00,7200.0,7200.0,7200.0,7200.0,1,0.0,0.0,0.0
2020-11-25 00:00:00+09:00,7200.0,7200.0,7200.0,7200.0,0,0.0,0.0,0.0
2020-11-26 00:00:00+09:00,6120.0,6950.0,6120.0,6950.0,2,0.0,0.0,0.0
2020-11-27 00:00:00+09:00,6950.0,6950.0,6950.0,6950.0,0,0.0,0.0,0.0
2020-11-30 00:00:00+09:00,6790.0,6790.0,6790.0,6790.0,1,0.0,0.0,0.0
2020-12-01 00:00:00+09:00,6790.0,6790.0,6790.0,6790.0,0,0.0,0.0,0.0
2020-12-02 00:00:00+09:00,5000.0,5000.0,4920.0,4920.0,1880,0.0,0.0,0.0
2020-12-03 00:00:00+09:00,5650.0,5650.0,4200.0,5480.0,2363,0.0,0.0,0.0
2020-12-04 00:00:00+09:00,4700.0,4895.0,4660.0,4660.0,3891,0.0,0.0,0.0
2020-12-07 00:00:00+09:00,4200.0,4655.0,4200.0,4655.0,2,0.0,0.0,0.0
2020-12-08 00:00:00+09:00,4060.0,5350.0,4000.0,5310.0,8891,0.0,0.0,0.0
2020-12-09 00:00:00+09:00,4550.0,5300.0,4520.0,4520.0,880,0.0,0.0,0.0
2020-12-10 00:00:00+09:00,4000.0,4855.0,4000.0,4855.0,501,0.0,0.0,0.0
2020-12-11 00:00:00+09:00,4200.0,4200.0,4200.0,4200.0,2226,0.0,0.0,0.0
2020-12-14 00:00:00+09:00,4200.0,4200.0,4200.0,4200.0,0,0.0,0.0,0.0
2020-12-15 00:00:00+09:00,4075.0,5250.0,4075.0,5140.0,1446,0.0,0.0,0.0
2020-12-16 00:00:00+09:00,5140.0,5140.0,5140.0,5140.0,0,0.0,0.0,0.0
2020-12-17 00:00:00+09:00,4500.0,5110.0,4350.0,5050.0,8239,0.0,0.0,0.0
2020-12-18 00:00:00+09:00,5050.0,5050.0,4450.0,4450.0,879,0.0,0.0,0.0
2020-12-21 00:00:00+09:00,5100.0,5100.0,3905.0,4800.0,2136,0.0,0.0,0.0
2020-12-22 00:00:00+09:00,4150.0,4785.0,4150.0,4785.0,2,0.0,0.0,0.0
2020-12-23 00:00:00+09:00,4200.0,4500.0,4200.0,4300.0,2912,0.0,0.0,0.0
2020-12-24 00:00:00+09:00,4500.0,4500.0,4495.0,4500.0,1806,0.0,0.0,0.0
2020-12-28 00:00:00+09:00,4600.0,4700.0,4500.0,4500.0,2588,0.0,0.0,0.0
2020-12-29 00:00:00+09:00,5100.0,5100.0,4110.0,4990.0,9259,0.0,0.0,0.0
2020-12-30 00:00:00+09:00,4245.0,4990.0,4245.0,4405.0,2162,0.0,0.0,0.0
2021-01-04 00:00:00+09:00,5060.0,5060.0,4150.0,4150.0,2007,0.0,0.0,0.0
2021-01-05 00:00:00+09:00,4770.0,4770.0,4150.0,4300.0,3727,0.0,0.0,0.0
2021-01-06 00:00:00+09:00,4300.0,4495.0,4210.0,4210.0,303,0.0,0.0,0.0
2021-01-07 00:00:00+09:00,3660.0,4840.0,3660.0,4335.0,1425,0.0,0.0,0.0
2021-01-08 00:00:00+09:00,4335.0,4700.0,4335.0,4335.0,186,0.0,0.0,0.0
2021-01-11 00:00:00+09:00,3700.0,4595.0,3700.0,3815.0,1296,0.0,0.0,0.0
2021-01-12 00:00:00+09:00,4380.0,4380.0,3955.0,3955.0,3,0.0,0.0,0.0
2021-01-13 00:00:00+09:00,4500.0,4500.0,3655.0,3755.0,5,0.0,0.0,0.0
2021-01-14 00:00:00+09:00,3755.0,4315.0,3755.0,4305.0,6,0.0,0.0,0.0
2021-01-15 00:00:00+09:00,4600.0,4600.0,4110.0,4580.0,3,0.0,0.0,0.0
2021-01-18 00:00:00+09:00,4200.0,4400.0,3950.0,3950.0,2026,0.0,0.0,0.0
2021-01-19 00:00:00+09:00,3360.0,4500.0,3360.0,4100.0,727,0.0,0.0,0.0
2021-01-20 00:00:00+09:00,4500.0,4500.0,4400.0,4500.0,3006,0.0,0.0,0.0
2021-01-21 00:00:00+09:00,4500.0,4990.0,4500.0,4990.0,2923,0.0,0.0,0.0
2021-01-22 00:00:00+09:00,4355.0,5500.0,4355.0,4990.0,3433,0.0,0.0,0.0
2021-01-25 00:00:00+09:00,5500.0,5500.0,4530.0,4530.0,3,0.0,0.0,0.0
2021-01-26 00:00:00+09:00,4895.0,4900.0,4895.0,4900.0,94,0.0,0.0,0.0
2021-01-27 00:00:00+09:00,5580.0,5580.0,5000.0,5090.0,2630,0.0,0.0,0.0
2021-01-28 00:00:00+09:00,5100.0,5490.0,5100.0,5100.0,2454,0.0,0.0,0.0
2021-01-29 00:00:00+09:00,5200.0,5800.0,5200.0,5800.0,551,0.0,0.0,0.0
2021-02-01 00:00:00+09:00,5800.0,6600.0,5800.0,6200.0,31991,0.0,0.0,0.0
2021-02-02 00:00:00+09:00,6950.0,6950.0,5800.0,6050.0,18455,0.0,0.0,0.0
2021-02-03 00:00:00+09:00,5310.0,6950.0,5310.0,6490.0,4,0.0,0.0,0.0
2021-02-04 00:00:00+09:00,5600.0,7450.0,5600.0,5660.0,396,0.0,0.0,0.0
2021-02-05 00:00:00+09:00,5000.0,6290.0,5000.0,5100.0,4140,0.0,0.0,0.0
2021-02-08 00:00:00+09:00,5840.0,5840.0,5010.0,5800.0,5,0.0,0.0,0.0
2021-02-09 00:00:00+09:00,6650.0,6650.0,5020.0,5060.0,79,0.0,0.0,0.0
2021-02-10 00:00:00+09:00,5750.0,5750.0,5070.0,5660.0,3,0.0,0.0,0.0
2021-02-15 00:00:00+09:00,5660.0,6470.0,5660.0,6280.0,4,0.0,0.0,0.0
2021-02-16 00:00:00+09:00,5340.0,6980.0,5340.0,5340.0,1809,0.0,0.0,0.0
2021-02-17 00:00:00+09:00,6090.0,6090.0,6090.0,6090.0,1,0.0,0.0,0.0
2021-02-18 00:00:00+09:00,5190.0,5750.0,5180.0,5750.0,1213,0.0,0.0,0.0
2021-02-19 00:00:00+09:00,5750.0,5750.0,5750.0,5750.0,0,0.0,0.0,0.0
2021-02-22 00:00:00+09:00,4395.0,4395.0,4390.0,4390.0,2,0.0,0.0,0.0
2021-02-23 00:00:00+09:00,4390.0,4390.0,4390.0,4390.0,0,0.0,0.0,0.0
2021-02-24 00:00:00+09:00,5040.0,5040.0,5040.0,5040.0,1,0.0,0.0,0.0
2021-02-25 00:00:00+09:00,5000.0,5000.0,4600.0,5000.0,1850,0.0,0.0,0.0
2021-02-26 00:00:00+09:00,5000.0,5000.0,5000.0,5000.0,0,0.0,0.0,0.0
2021-03-02 00:00:00+09:00,4310.0,4310.0,4305.0,4305.0,91,0.0,0.0,0.0
2021-03-03 00:00:00+09:00,4940.0,4940.0,4925.0,4925.0,71,0.0,0.0,0.0
2021-03-04 00:00:00+09:00,4915.0,4920.0,4915.0,4920.0,86,0.0,0.0,0.0
2021-03-05 00:00:00+09:00,4920.0,4920.0,4920.0,4920.0,0,0.0,0.0,0.0
2021-03-08 00:00:00+09:00,4995.0,4995.0,4995.0,4995.0,1,0.0,0.0,0.0
2021-03-09 00:00:00+09:00,4995.0,4995.0,4995.0,4995.0,0,0.0,0.0,0.0
2021-03-10 00:00:00+09:00,5000.0,5700.0,5000.0,5670.0,579,0.0,0.0,0.0
2021-03-11 00:00:00+09:00,6520.0,6520.0,6470.0,6470.0,22,0.0,0.0,0.0
2021-03-12 00:00:00+09:00,7390.0,7390.0,6540.0,6540.0,2,0.0,0.0,0.0
2021-03-15 00:00:00+09:00,7120.0,7120.0,5560.0,7050.0,1227,0.0,0.0,0.0
2021-03-16 00:00:00+09:00,6000.0,6000.0,6000.0,6000.0,10,0.0,0.0,0.0
2021-03-17 00:00:00+09:00,5150.0,5590.0,5150.0,5200.0,4391,0.0,0.0,0.0
2021-03-18 00:00:00+09:00,5780.0,5800.0,5490.0,5800.0,6565,0.0,0.0,0.0
2021-03-19 00:00:00+09:00,5000.0,6300.0,5000.0,6300.0,261,0.0,0.0,0.0
2021-03-22 00:00:00+09:00,6300.0,6300.0,6300.0,6300.0,0,0.0,0.0,0.0
2021-03-23 00:00:00+09:00,6000.0,6900.0,6000.0,6900.0,260,0.0,0.0,0.0
2021-03-24 00:00:00+09:00,6900.0,6900.0,6900.0,6900.0,1,0.0,0.0,0.0
2021-03-25 00:00:00+09:00,6000.0,6500.0,5900.0,6500.0,2352,0.0,0.0,0.0
2021-03-26 00:00:00+09:00,6500.0,6500.0,6500.0,6500.0,0,0.0,0.0,0.0
2021-03-29 00:00:00+09:00,6500.0,6500.0,6500.0,6500.0,0,0.0,0.0,0.0
2021-03-30 00:00:00+09:00,5800.0,6500.0,5800.0,6500.0,3518,0.0,0.0,0.0
2021-03-31 00:00:00+09:00,6500.0,6500.0,6500.0,6500.0,1,0.0,0.0,0.0
2021-04-01 00:00:00+09:00,6500.0,6500.0,6500.0,6500.0,0,0.0,0.0,0.0
2021-04-02 00:00:00+09:00,5510.0,6080.0,5510.0,5700.0,270,0.0,0.0,0.0
2021-04-05 00:00:00+09:00,6290.0,6290.0,6290.0,6290.0,1,0.0,0.0,0.0
2021-04-06 00:00:00+09:00,6290.0,6290.0,6290.0,6290.0,0,0.0,0.0,0.0
2021-04-07 00:00:00+09:00,5510.0,6090.0,5500.0,6090.0,324,0.0,0.0,0.0
2021-04-08 00:00:00+09:00,6500.0,6500.0,5500.0,5900.0,932,0.0,0.0,0.0
2021-04-09 00:00:00+09:00,5900.0,6000.0,5900.0,6000.0,2449,0.0,0.0,0.0
2021-04-12 00:00:00+09:00,6800.0,6800.0,6000.0,6500.0,91,0.0,0.0,0.0
2021-04-13 00:00:00+09:00,6500.0,6500.0,6500.0,6500.0,3,0.0,0.0,0.0
2021-04-14 00:00:00+09:00,7470.0,7470.0,5550.0,6840.0,2213,0.0,0.0,0.0
2021-04-15 00:00:00+09:00,5820.0,6900.0,5820.0,5820.0,2245,0.0,0.0,0.0
2021-04-16 00:00:00+09:00,6690.0,6690.0,6670.0,6670.0,1101,0.0,0.0,0.0
2021-04-19 00:00:00+09:00,6670.0,6670.0,6670.0,6670.0,1,0.0,0.0,0.0
2021-04-20 00:00:00+09:00,7350.0,7350.0,7000.0,7000.0,22,0.0,0.0,0.0
2021-04-21 00:00:00+09:00,6990.0,7300.0,6990.0,7300.0,250,0.0,0.0,0.0
2021-04-22 00:00:00+09:00,7300.0,7300.0,7300.0,7300.0,1,0.0,0.0,0.0
2021-04-23 00:00:00+09:00,7300.0,7300.0,7300.0,7300.0,0,0.0,0.0,0.0
2021-04-26 00:00:00+09:00,7290.0,7290.0,7290.0,7290.0,1,0.0,0.0,0.0
2021-04-27 00:00:00+09:00,6300.0,7090.0,6300.0,7090.0,553,0.0,0.0,0.0
2021-04-28 00:00:00+09:00,7090.0,7090.0,7090.0,7090.0,0,0.0,0.0,0.0
2021-04-29 00:00:00+09:00,7090.0,7090.0,7090.0,7090.0,1,0.0,0.0,0.0
2021-04-30 00:00:00+09:00,7090.0,7090.0,7090.0,7090.0,0,0.0,0.0,0.0
2021-05-03 00:00:00+09:00,7090.0,7090.0,7090.0,7090.0,0,0.0,0.0,0.0
2021-05-04 00:00:00+09:00,6590.0,6590.0,6590.0,6590.0,1,0.0,0.0,0.0
2021-05-06 00:00:00+09:00,5660.0,6490.0,5650.0,5650.0,255,0.0,0.0,0.0
2021-05-07 00:00:00+09:00,6290.0,6290.0,5120.0,5120.0,4,0.0,0.0,0.0
2021-05-10 00:00:00+09:00,5880.0,5880.0,5150.0,5150.0,2285,0.0,0.0,0.0
2021-05-11 00:00:00+09:00,5150.0,5880.0,5150.0,5200.0,13560,0.0,0.0,0.0
2021-05-12 00:00:00+09:00,5200.0,5200.0,5200.0,5200.0,0,0.0,0.0,0.0
2021-05-13 00:00:00+09:00,5200.0,5200.0,5200.0,5200.0,0,0.0,0.0,0.0
2021-05-14 00:00:00+09:00,5300.0,5300.0,5300.0,5300.0,1,0.0,0.0,0.0
2021-05-17 00:00:00+09:00,4600.0,5890.0,4600.0,5890.0,2602,0.0,0.0,0.0
2021-05-18 00:00:00+09:00,5300.0,5300.0,5280.0,5280.0,300,0.0,0.0,0.0
2021-05-20 00:00:00+09:00,5280.0,5280.0,5280.0,5280.0,0,0.0,0.0,0.0
2021-05-21 00:00:00+09:00,5500.0,5500.0,5500.0,5500.0,30,0.0,0.0,0.0
2021-05-24 00:00:00+09:00,5500.0,5500.0,5500.0,5500.0,0,0.0,0.0,0.0
2021-05-25 00:00:00+09:00,5500.0,5500.0,5500.0,5500.0,0,0.0,0.0,0.0
2021-05-26 00:00:00+09:00,5500.0,5500.0,5500.0,5500.0,0,0.0,0.0,0.0
2021-05-27 00:00:00+09:00,5500.0,5500.0,5500.0,5500.0,0,0.0,0.0,0.0
2021-05-28 00:00:00+09:00,5500.0,5500.0,5500.0,5500.0,0,0.0,0.0,0.0
2021-05-31 00:00:00+09:00,5500.0,5500.0,5500.0,5500.0,0,0.0,0.0,0.0
2021-06-01 00:00:00+09:00,5500.0,5500.0,5500.0,5500.0,0,0.0,0.0,0.0
2021-06-02 00:00:00+09:00,5500.0,5500.0,5500.0,5500.0,0,0.0,0.0,0.0
2021-06-03 00:00:00+09:00,5500.0,5500.0,5500.0,5500.0,0,0.0,0.0,0.0
2021-06-04 00:00:00+09:00,5500.0,5500.0,5500.0,5500.0,0,0.0,0.0,0.0
2021-06-07 00:00:00+09:00,5500.0,5510.0,5500.0,5510.0,2470,0.0,0.0,0.0
2021-06-08 00:00:00+09:00,5510.0,5510.0,5510.0,5510.0,0,0.0,0.0,0.0
2021-06-09 00:00:00+09:00,5510.0,5800.0,5510.0,5800.0,1040,0.0,0.0,0.0
2021-06-10 00:00:00+09:00,5800.0,5800.0,5800.0,5800.0,0,0.0,0.0,0.0
2021-06-11 00:00:00+09:00,5800.0,5800.0,5800.0,5800.0,0,0.0,0.0,0.0
2021-06-14 00:00:00+09:00,6000.0,6000.0,6000.0,6000.0,229,0.0,0.0,0.0
2021-06-15 00:00:00+09:00,6000.0,6000.0,6000.0,6000.0,0,0.0,0.0,0.0
2021-06-16 00:00:00+09:00,5110.0,6000.0,5110.0,5110.0,3,0.0,0.0,0.0
2021-06-17 00:00:00+09:00,5870.0,5870.0,5870.0,5870.0,1,0.0,0.0,0.0
2021-06-18 00:00:00+09:00,5870.0,5870.0,5870.0,5870.0,0,0.0,0.0,0.0
2021-06-21 00:00:00+09:00,5000.0,6750.0,5000.0,6740.0,7,0.0,0.0,0.0
2021-06-22 00:00:00+09:00,6740.0,6740.0,6740.0,6740.0,0,0.0,0.0,0.0
2021-06-23 00:00:00+09:00,6000.0,6000.0,6000.0,6000.0,200,0.0,0.0,0.0
2021-06-24 00:00:00+09:00,6000.0,6000.0,6000.0,6000.0,0,0.0,0.0,0.0
2021-06-25 00:00:00+09:00,6000.0,6000.0,6000.0,6000.0,0,0.0,0.0,0.0
2021-06-28 00:00:00+09:00,6000.0,6000.0,6000.0,6000.0,50,0.0,0.0,0.0
2021-06-29 00:00:00+09:00,6000.0,6000.0,6000.0,6000.0,0,0.0,0.0,0.0
2021-06-30 00:00:00+09:00,5520.0,5520.0,5520.0,5520.0,1,0.0,0.0,0.0
2021-07-01 00:00:00+09:00,5520.0,5520.0,5520.0,5520.0,0,0.0,0.0,0.0
2021-07-02 00:00:00+09:00,5990.0,5990.0,5990.0,5990.0,1,0.0,0.0,0.0
2021-07-05 00:00:00+09:00,5990.0,5990.0,5990.0,5990.0,3,0.0,0.0,0.0
2021-07-06 00:00:00+09:00,6740.0,6740.0,6740.0,6740.0,1,0.0,0.0,0.0
2021-07-07 00:00:00+09:00,6740.0,6740.0,6740.0,6740.0,0,0.0,0.0,0.0
2021-07-08 00:00:00+09:00,6980.0,6980.0,6980.0,6980.0,1,0.0,0.0,0.0
2021-07-09 00:00:00+09:00,5940.0,6250.0,5940.0,6250.0,21,0.0,0.0,0.0
2021-07-12 00:00:00+09:00,6250.0,6250.0,6250.0,6250.0,0,0.0,0.0,0.0
2021-07-13 00:00:00+09:00,5360.0,6500.0,5360.0,6490.0,39,0.0,0.0,0.0
2021-07-14 00:00:00+09:00,6490.0,6490.0,6490.0,6490.0,0,0.0,0.0,0.0
2021-07-15 00:00:00+09:00,5510.0,5510.0,5510.0,5510.0,80,0.0,0.0,0.0
2021-07-16 00:00:00+09:00,5990.0,5990.0,5990.0,5990.0,1,0.0,0.0,0.0
2021-07-19 00:00:00+09:00,5990.0,5990.0,5990.0,5990.0,0,0.0,0.0,0.0
2021-07-20 00:00:00+09:00,5990.0,5990.0,5990.0,5990.0,0,0.0,0.0,0.0
2021-07-21 00:00:00+09:00,5990.0,5990.0,5990.0,5990.0,0,0.0,0.0,0.0
2021-07-22 00:00:00+09:00,5050.0,5050.0,5050.0,5050.0,3000,0.0,0.0,0.0
2021-07-23 00:00:00+09:00,5050.0,5050.0,5050.0,5050.0,0,0.0,0.0,0.0
2021-07-26 00:00:00+09:00,6030.0,6030.0,6030.0,6030.0,3003,0.0,0.0,0.0
2021-07-27 00:00:00+09:00,6870.0,6870.0,5600.0,5700.0,202,0.0,0.0,0.0
2021-07-28 00:00:00+09:00,5700.0,6500.0,5700.0,6500.0,26,0.0,0.0,0.0
2021-07-29 00:00:00+09:00,7000.0,7000.0,6010.0,6500.0,32,0.0,0.0,0.0
2021-07-30 00:00:00+09:00,7000.0,7000.0,7000.0,7000.0,3,0.0,0.0,0.0
2021-08-02 00:00:00+09:00,7000.0,7000.0,6000.0,6000.0,145,0.0,0.0,0.0
2021-08-03 00:00:00+09:00,6900.0,6900.0,6900.0,6900.0,2,0.0,0.0,0.0
2021-08-04 00:00:00+09:00,6590.0,6590.0,5900.0,6590.0,319,0.0,0.0,0.0
2021-08-05 00:00:00+09:00,6790.0,6790.0,6790.0,6790.0,1,0.0,0.0,0.0
2021-08-06 00:00:00+09:00,6790.0,6790.0,5850.0,6490.0,31114,0.0,0.0,0.0
2021-08-09 00:00:00+09:00,6990.0,6990.0,6990.0,6990.0,1,0.0,0.0,0.0
2021-08-10 00:00:00+09:00,6990.0,6990.0,6000.0,6880.0,33,0.0,0.0,0.0
2021-08-11 00:00:00+09:00,6880.0,6880.0,6880.0,6880.0,0,0.0,0.0,0.0
2021-08-12 00:00:00+09:00,6290.0,6290.0,6290.0,6290.0,28,0.0,0.0,0.0
2021-08-13 00:00:00+09:00,6090.0,6090.0,6090.0,6090.0,7,0.0,0.0,0.0
2021-08-17 00:00:00+09:00,6090.0,6090.0,6090.0,6090.0,1,0.0,0.0,0.0
2021-08-18 00:00:00+09:00,6980.0,6980.0,5800.0,5800.0,3,0.0,0.0,0.0
2021-08-19 00:00:00+09:00,6480.0,6480.0,6440.0,6440.0,3,0.0,0.0,0.0
2021-08-20 00:00:00+09:00,6790.0,6790.0,5610.0,6690.0,3,0.0,0.0,0.0
2021-08-23 00:00:00+09:00,6690.0,6690.0,6690.0,6690.0,0,0.0,0.0,0.0
2021-08-24 00:00:00+09:00,6970.0,6970.0,6970.0,6970.0,1,0.0,0.0,0.0
2021-08-25 00:00:00+09:00,5930.0,6770.0,5930.0,5930.0,166,0.0,0.0,0.0
2021-08-26 00:00:00+09:00,6290.0,6290.0,6290.0,6290.0,1,0.0,0.0,0.0
2021-08-27 00:00:00+09:00,6600.0,6600.0,6600.0,6600.0,1,0.0,0.0,0.0
2021-08-30 00:00:00+09:00,6290.0,6290.0,6290.0,6290.0,1,0.0,0.0,0.0
2021-08-31 00:00:00+09:00,6280.0,6280.0,5400.0,6280.0,1117,0.0,0.0,0.0
2021-09-01 00:00:00+09:00,6000.0,6000.0,6000.0,6000.0,2110,0.0,0.0,0.0
2021-09-02 00:00:00+09:00,6000.0,6000.0,6000.0,6000.0,200,0.0,0.0,0.0
2021-09-03 00:00:00+09:00,5300.0,5300.0,5300.0,5300.0,6,0.0,0.0,0.0
2021-09-06 00:00:00+09:00,5300.0,5300.0,5300.0,5300.0,0,0.0,0.0,0.0
2021-09-07 00:00:00+09:00,5300.0,5300.0,5300.0,5300.0,0,0.0,0.0,0.0
2021-09-08 00:00:00+09:00,6100.0,6100.0,6100.0,6100.0,10,0.0,0.0,0.0
2021-09-09 00:00:00+09:00,6100.0,6100.0,6100.0,6100.0,1,0.0,0.0,0.0
2021-09-10 00:00:00+09:00,6700.0,6700.0,6700.0,6700.0,2,0.0,0.0,0.0
2021-09-13 00:00:00+09:00,6700.0,6700.0,6700.0,6700.0,0,0.0,0.0,0.0
2021-09-14 00:00:00+09:00,6700.0,6700.0,6700.0,6700.0,0,0.0,0.0,0.0
2021-09-15 00:00:00+09:00,6300.0,6300.0,6300.0,6300.0,1,0.0,0.0,0.0
2021-09-16 00:00:00+09:00,6100.0,6100.0,6100.0,6100.0,5,0.0,0.0,0.0
2021-09-17 00:00:00+09:00,6100.0,6100.0,6100.0,6100.0,0,0.0,0.0,0.0
2021-09-23 00:00:00+09:00,6100.0,6100.0,6100.0,6100.0,0,0.0,0.0,0.0
2021-09-24 00:00:00+09:00,6100.0,6100.0,6100.0,6100.0,310,0.0,0.0,0.0
2021-09-27 00:00:00+09:00,6100.0,6100.0,6100.0,6100.0,0,0.0,0.0,0.0
2021-09-28 00:00:00+09:00,6100.0,6100.0,6100.0,6100.0,0,0.0,0.0,0.0
2021-09-29 00:00:00+09:00,6100.0,6100.0,6100.0,6100.0,0,0.0,0.0,0.0
2021-09-30 00:00:00+09:00,6100.0,6100.0,6100.0,6100.0,0,0.0,0.0,0.0
2021-10-01 00:00:00+09:00,6100.0,6100.0,6100.0,6100.0,0,0.0,0.0,0.0
2021-10-05 00:00:00+09:00,5400.0,5400.0,5400.0,5400.0,373,0.0,0.0,0.0
2021-10-06 00:00:00+09:00,5400.0,5990.0,5400.0,5400.0,975,0.0,0.0,0.0
2021-10-07 00:00:00+09:00,5400.0,5400.0,5400.0,5400.0,0,0.0,0.0,0.0
2021-10-08 00:00:00+09:00,6140.0,6140.0,6140.0,6140.0,1,0.0,0.0,0.0
2021-10-12 00:00:00+09:00,6140.0,6140.0,6140.0,6140.0,0,0.0,0.0,0.0
2021-10-13 00:00:00+09:00,6140.0,6140.0,6140.0,6140.0,0,0.0,0.0,0.0
2021-10-14 00:00:00+09:00,6140.0,6140.0,6140.0,6140.0,0,0.0,0.0,0.0
2021-10-15 00:00:00+09:00,6140.0,6140.0,6140.0,6140.0,0,0.0,0.0,0.0
2021-10-18 00:00:00+09:00,6140.0,6140.0,6140.0,6140.0,0,0.0,0.0,0.0
2021-10-19 00:00:00+09:00,6140.0,6140.0,6140.0,6140.0,0,0.0,0.0,0.0
2021-10-20 00:00:00+09:00,6480.0,6490.0,5800.0,5800.0,1345,0.0,0.0,0.0
2021-10-21 00:00:00+09:00,5310.0,5310.0,5310.0,5310.0,1,0.0,0.0,0.0
2021-10-22 00:00:00+09:00,5310.0,5310.0,5310.0,5310.0,0,0.0,0.0,0.0
2021-10-25 00:00:00+09:00,5310.0,5310.0,5310.0,5310.0,0,0.0,0.0,0.0
2021-10-26 00:00:00+09:00,5790.0,5790.0,5790.0,5790.0,1,0.0,0.0,0.0
2021-10-27 00:00:00+09:00,5790.0,5790.0,5790.0,5790.0,0,0.0,0.0,0.0
2021-10-28 00:00:00+09:00,5790.0,5790.0,5790.0,5790.0,0,0.0,0.0,0.0
2021-10-29 00:00:00+09:00,5790.0,5790.0,5790.0,5790.0,0,0.0,0.0,0.0
2021-11-01 00:00:00+09:00,5790.0,5790.0,5790.0,5790.0,0,0.0,0.0,0.0
2021-11-02 00:00:00+09:00,5790.0,5790.0,5790.0,5790.0,0,0.0,0.0,0.0
2021-11-03 00:00:00+09:00,5450.0,5450.0,5000.0,5000.0,1000,0.0,0.0,0.0
2021-11-04 00:00:00+09:00,5750.0,5750.0,5160.0,5750.0,30,0.0,0.0,0.0
2021-11-05 00:00:00+09:00,5750.0,5750.0,5750.0,5750.0,0,0.0,0.0,0.0
2021-11-08 00:00:00+09:00,5100.0,5100.0,5100.0,5100.0,2012,0.0,0.0,0.0
2021-11-09 00:00:00+09:00,5100.0,5100.0,5100.0,5100.0,1009,0.0,0.0,0.0
2021-11-10 00:00:00+09:00,5100.0,5100.0,5100.0,5100.0,0,0.0,0.0,0.0
2021-11-11 00:00:00+09:00,5790.0,5790.0,5790.0,5790.0,1,0.0,0.0,0.0
2021-11-12 00:00:00+09:00,5510.0,6490.0,5510.0,5510.0,3297,0.0,0.0,0.0
2021-11-15 00:00:00+09:00,5510.0,5510.0,5510.0,5510.0,0,0.0,0.0,0.0
2021-11-16 00:00:00+09:00,5510.0,5510.0,5510.0,5510.0,0,0.0,0.0,0.0
2021-11-17 00:00:00+09:00,5510.0,5510.0,5510.0,5510.0,0,0.0,0.0,0.0
2021-11-18 00:00:00+09:00,5510.0,5510.0,5510.0,5510.0,150,0.0,0.0,0.0
2021-11-19 00:00:00+09:00,6190.0,6190.0,6190.0,6190.0,1,0.0,0.0,0.0
2021-11-22 00:00:00+09:00,6190.0,6190.0,6190.0,6190.0,0,0.0,0.0,0.0
2021-11-23 00:00:00+09:00,5310.0,5310.0,5300.0,5300.0,208,0.0,0.0,0.0
2021-11-24 00:00:00+09:00,5300.0,5300.0,5300.0,5300.0,0,0.0,0.0,0.0
2021-11-25 00:00:00+09:00,5300.0,5300.0,5300.0,5300.0,0,0.0,0.0,0.0
2021-11-26 00:00:00+09:00,5300.0,5300.0,5300.0,5300.0,0,0.0,0.0,0.0
2021-11-29 00:00:00+09:00,5400.0,5410.0,5400.0,5400.0,25499,0.0,0.0,0.0
2021-11-30 00:00:00+09:00,5350.0,5350.0,5350.0,5350.0,1037,0.0,0.0,0.0
2021-12-01 00:00:00+09:00,5300.0,5300.0,5300.0,5300.0,5200,0.0,0.0,0.0
2021-12-02 00:00:00+09:00,5300.0,5300.0,5300.0,5300.0,0,0.0,0.0,0.0
2021-12-03 00:00:00+09:00,5300.0,5300.0,5300.0,5300.0,0,0.0,0.0,0.0
2021-12-06 00:00:00+09:00,5450.0,5450.0,5450.0,5450.0,50,0.0,0.0,0.0
2021-12-07 00:00:00+09:00,5450.0,5450.0,5450.0,5450.0,0,0.0,0.0,0.0
2021-12-08 00:00:00+09:00,5450.0,5450.0,5450.0,5450.0,0,0.0,0.0,0.0
2021-12-09 00:00:00+09:00,5450.0,5450.0,5450.0,5450.0,0,0.0,0.0,0.0
2021-12-10 00:00:00+09:00,5450.0,5450.0,5450.0,5450.0,0,0.0,0.0,0.0
2021-12-13 00:00:00+09:00,5450.0,5450.0,5450.0,5450.0,0,0.0,0.0,0.0
2021-12-14 00:00:00+09:00,5500.0,5500.0,5300.0,5300.0,3075,0.0,0.0,0.0
2021-12-15 00:00:00+09:00,5300.0,5300.0,5300.0,5300.0,0,0.0,0.0,0.0
2021-12-16 00:00:00+09:00,5300.0,5300.0,5300.0,5300.0,1700,0.0,0.0,0.0
2021-12-17 00:00:00+09:00,6090.0,6090.0,6090.0,6090.0,7,0.0,0.0,0.0
2021-12-20 00:00:00+09:00,5970.0,5970.0,5970.0,5970.0,2062,0.0,0.0,0.0
2021-12-21 00:00:00+09:00,5970.0,5970.0,5540.0,5970.0,226,0.0,0.0,0.0
2021-12-22 00:00:00+09:00,5300.0,6790.0,5300.0,6790.0,1001,0.0,0.0,0.0
2021-12-23 00:00:00+09:00,5780.0,6980.0,5780.0,5780.0,276,0.0,0.0,0.0
2021-12-24 00:00:00+09:00,5330.0,5780.0,5330.0,5700.0,301,0.0,0.0,0.0
2021-12-27 00:00:00+09:00,5500.0,5500.0,5500.0,5500.0,641,0.0,0.0,0.0
2021-12-28 00:00:00+09:00,6300.0,6300.0,5300.0,5510.0,740,0.0,0.0,0.0
2021-12-29 00:00:00+09:00,5510.0,5510.0,5510.0,5510.0,0,0.0,0.0,0.0
2021-12-30 00:00:00+09:00,5510.0,5510.0,5510.0,5510.0,0,0.0,0.0,0.0
2022-01-04 00:00:00+09:00,5350.0,5350.0,5350.0,5350.0,100,0.0,0.0,0.0
2022-01-05 00:00:00+09:00,5350.0,5350.0,5350.0,5350.0,0,0.0,0.0,0.0
2022-01-06 00:00:00+09:00,5350.0,5350.0,5350.0,5350.0,0,0.0,0.0,0.0
2022-01-07 00:00:00+09:00,5350.0,5350.0,5350.0,5350.0,0,0.0,0.0,0.0
2022-01-10 00:00:00+09:00,5350.0,5350.0,5350.0,5350.0,0,0.0,0.0,0.0
2022-01-11 00:00:00+09:00,5350.0,5350.0,5350.0,5350.0,0,0.0,0.0,0.0
2022-01-12 00:00:00+09:00,4600.0,5890.0,4600.0,5600.0,3390,0.0,0.0,0.0
2022-01-13 00:00:00+09:00,5600.0,5600.0,5600.0,5600.0,0,0.0,0.0,0.0
2022-01-14 00:00:00+09:00,5700.0,5700.0,5700.0,5700.0,1500,0.0,0.0,0.0
2022-01-17 00:00:00+09:00,5700.0,5700.0,5700.0,5700.0,0,0.0,0.0,0.0
2022-01-18 00:00:00+09:00,5700.0,5700.0,5300.0,5700.0,4060,0.0,0.0,0.0
2022-01-19 00:00:00+09:00,5310.0,5310.0,5310.0,5310.0,2500,0.0,0.0,0.0
2022-01-20 00:00:00+09:00,4750.0,5000.0,4700.0,4805.0,3000,0.0,0.0,0.0
2022-01-21 00:00:00+09:00,5500.0,5520.0,5500.0,5520.0,3173,0.0,0.0,0.0
2022-01-24 00:00:00+09:00,6340.0,6340.0,6300.0,6340.0,233,0.0,0.0,0.0
2022-01-25 00:00:00+09:00,7200.0,7200.0,5400.0,6960.0,66,0.0,0.0,0.0
2022-01-26 00:00:00+09:00,6960.0,6960.0,6960.0,6960.0,0,0.0,0.0,0.0
2022-01-27 00:00:00+09:00,6970.0,6970.0,5940.0,5980.0,1715,0.0,0.0,0.0
2022-01-28 00:00:00+09:00,6490.0,6490.0,5150.0,5300.0,1868,0.0,0.0,0.0
2022-02-03 00:00:00+09:00,5700.0,5700.0,5100.0,5630.0,1829,0.0,0.0,0.0
2022-02-04 00:00:00+09:00,5630.0,5630.0,5150.0,5150.0,2543,0.0,0.0,0.0
2022-02-07 00:00:00+09:00,5310.0,5310.0,5310.0,5310.0,1,0.0,0.0,0.0
2022-02-08 00:00:00+09:00,5310.0,5310.0,5310.0,5310.0,0,0.0,0.0,0.0
2022-02-09 00:00:00+09:00,5310.0,5310.0,5310.0,5310.0,0,0.0,0.0,0.0
2022-02-10 00:00:00+09:00,6190.0,6190.0,6190.0,6190.0,1,0.0,0.0,0.0
2022-02-11 00:00:00+09:00,6190.0,6190.0,6190.0,6190.0,0,0.0,0.0,0.0
2022-02-14 00:00:00+09:00,6190.0,6190.0,6190.0,6190.0,0,0.0,0.0,0.0
2022-02-15 00:00:00+09:00,6190.0,6190.0,6190.0,6190.0,0,0.0,0.0,0.0
2022-02-16 00:00:00+09:00,5260.0,5500.0,5260.0,5500.0,4255,0.0,0.0,0.0
2022-02-17 00:00:00+09:00,5500.0,5500.0,5500.0,5500.0,0,0.0,0.0,0.0
2022-02-18 00:00:00+09:00,5500.0,5500.0,5500.0,5500.0,0,0.0,0.0,0.0
2022-02-21 00:00:00+09:00,5500.0,5500.0,5500.0,5500.0,0,0.0,0.0,0.0
2022-02-22 00:00:00+09:00,5500.0,5500.0,5500.0,5500.0,0,0.0,0.0,0.0
2022-02-23 00:00:00+09:00,7000.0,7000.0,6310.0,6310.0,2321,0.0,0.0,0.0
2022-02-24 00:00:00+09:00,5520.0,6300.0,5520.0,6300.0,4,0.0,0.0,0.0
2022-02-25 00:00:00+09:00,6300.0,6300.0,6300.0,6300.0,0,0.0,0.0,0.0
2022-02-28 00:00:00+09:00,6300.0,6300.0,6300.0,6300.0,0,0.0,0.0,0.0
2022-03-02 00:00:00+09:00,7000.0,7000.0,7000.0,7000.0,1,0.0,0.0,0.0
2022-03-03 00:00:00+09:00,5950.0,6480.0,5950.0,6480.0,1016,0.0,0.0,0.0
2022-03-04 00:00:00+09:00,6480.0,6480.0,6480.0,6480.0,0,0.0,0.0,0.0
2022-03-07 00:00:00+09:00,6290.0,6290.0,6290.0,6290.0,1,0.0,0.0,0.0
2022-03-08 00:00:00+09:00,6290.0,6290.0,6290.0,6290.0,0,0.0,0.0,0.0
2022-03-10 00:00:00+09:00,6290.0,6290.0,6290.0,6290.0,0,0.0,0.0,0.0
2022-03-11 00:00:00+09:00,5420.0,5420.0,5400.0,5400.0,400,0.0,0.0,0.0
2022-03-14 00:00:00+09:00,6090.0,6090.0,5350.0,5350.0,601,0.0,0.0,0.0
2022-03-15 00:00:00+09:00,5350.0,5350.0,5350.0,5350.0,0,0.0,0.0,0.0
2022-03-16 00:00:00+09:00,5350.0,5350.0,5350.0,5350.0,0,0.0,0.0,0.0
2022-03-17 00:00:00+09:00,5350.0,5350.0,5350.0,5350.0,0,0.0,0.0,0.0
2022-03-18 00:00:00+09:00,5490.0,5500.0,5490.0,5490.0,2052,0.0,0.0,0.0
2022-03-21 00:00:00+09:00,5490.0,5490.0,5490.0,5490.0,0,0.0,0.0,0.0
2022-03-22 00:00:00+09:00,5980.0,5980.0,5980.0,5980.0,1,0.0,0.0,0.0
2022-03-23 00:00:00+09:00,5150.0,6050.0,5150.0,6050.0,302,0.0,0.0,0.0
2022-03-24 00:00:00+09:00,6050.0,6050.0,6050.0,6050.0,0,0.0,0.0,0.0
2022-03-25 00:00:00+09:00,5500.0,5500.0,5370.0,5370.0,510,0.0,0.0,0.0
2022-03-28 00:00:00+09:00,6100.0,6170.0,6100.0,6130.0,1036,0.0,0.0,0.0
2022-03-29 00:00:00+09:00,6500.0,6500.0,6200.0,6500.0,2150,0.0,0.0,0.0
2022-03-30 00:00:00+09:00,6500.0,7000.0,6500.0,7000.0,1560,0.0,0.0,0.0
2022-03-31 00:00:00+09:00,7000.0,7000.0,6750.0,6860.0,3703,0.0,0.0,0.0
2022-04-01 00:00:00+09:00,6010.0,6890.0,6010.0,6060.0,17,0.0,0.0,0.0
2022-04-04 00:00:00+09:00,6060.0,6960.0,6060.0,6960.0,2597,0.0,0.0,0.0
2022-04-05 00:00:00+09:00,7000.0,7350.0,6900.0,6900.0,1290,0.0,0.0,0.0
2022-04-06 00:00:00+09:00,7000.0,7250.0,7000.0,7250.0,416,0.0,0.0,0.0
2022-04-07 00:00:00+09:00,7250.0,7700.0,7250.0,7700.0,45,0.0,0.0,0.0
2022-04-08 00:00:00+09:00,7690.0,7690.0,7000.0,7480.0,380,0.0,0.0,0.0
2022-04-11 00:00:00+09:00,7410.0,7410.0,7410.0,7410.0,10,0.0,0.0,0.0
2022-04-12 00:00:00+09:00,8400.0,8400.0,8250.0,8250.0,5,0.0,0.0,0.0
2022-04-13 00:00:00+09:00,9480.0,9480.0,8600.0,8600.0,367,0.0,0.0,0.0
2022-04-14 00:00:00+09:00,7310.0,8600.0,7310.0,8590.0,13,0.0,0.0,0.0
2022-04-15 00:00:00+09:00,8530.0,8600.0,7500.0,8500.0,118,0.0,0.0,0.0
2022-04-18 00:00:00+09:00,8470.0,8480.0,7600.0,8480.0,256,0.0,0.0,0.0
2022-04-19 00:00:00+09:00,8000.0,8000.0,7210.0,7640.0,1531,0.0,0.0,0.0
2022-04-20 00:00:00+09:00,7590.0,7590.0,7300.0,7350.0,510,0.0,0.0,0.0
2022-04-21 00:00:00+09:00,7380.0,7380.0,7380.0,7380.0,1,0.0,0.0,0.0
2022-04-22 00:00:00+09:00,8450.0,8450.0,8140.0,8370.0,200,0.0,0.0,0.0
2022-04-25 00:00:00+09:00,8710.0,8710.0,8700.0,8700.0,106,0.0,0.0,0.0
2022-04-26 00:00:00+09:00,7570.0,8240.0,7500.0,8240.0,491,0.0,0.0,0.0
2022-04-27 00:00:00+09:00,8240.0,8240.0,8240.0,8240.0,0,0.0,0.0,0.0
2022-04-28 00:00:00+09:00,8240.0,8240.0,8240.0,8240.0,0,0.0,0.0,0.0
2022-04-29 00:00:00+09:00,8670.0,8670.0,7340.0,7900.0,625,0.0,0.0,0.0
2022-05-02 00:00:00+09:00,7900.0,7950.0,7900.0,7950.0,129,0.0,0.0,0.0
2022-05-03 00:00:00+09:00,7100.0,8090.0,7100.0,8080.0,240,0.0,0.0,0.0
2022-05-04 00:00:00+09:00,8110.0,8110.0,7300.0,7780.0,1930,0.0,0.0,0.0
2022-05-06 00:00:00+09:00,7780.0,7780.0,7780.0,7780.0,0,0.0,0.0,0.0
2022-05-10 00:00:00+09:00,7780.0,7780.0,7780.0,7780.0,200,0.0,0.0,0.0
2022-05-11 00:00:00+09:00,7780.0,7780.0,7780.0,7780.0,400,0.0,0.0,0.0
2022-05-12 00:00:00+09:00,7780.0,7780.0,7780.0,7780.0,240,0.0,0.0,0.0
2022-05-13 00:00:00+09:00,7780.0,7780.0,7780.0,7780.0,0,0.0,0.0,0.0
2022-05-16 00:00:00+09:00,8100.0,8100.0,8100.0,8100.0,100,0.0,0.0,0.0
2022-05-17 00:00:00+09:00,8200.0,9200.0,8200.0,9050.0,662,0.0,0.0,0.0
2022-05-18 00:00:00+09:00,10100.0,10100.0,9370.0,9370.0,411,0.0,0.0,0.0
2022-05-19 00:00:00+09:00,8200.0,9370.0,8200.0,9350.0,651,0.0,0.0,0.0
2022-05-20 00:00:00+09:00,9400.0,9400.0,9100.0,9100.0,550,0.0,0.0,0.0
2022-05-23 00:00:00+09:00,9100.0,9100.0,9100.0,9100.0,66,0.0,0.0,0.0
2022-05-24 00:00:00+09:00,8700.0,9070.0,8400.0,9070.0,2551,0.0,0.0,0.0
2022-05-25 00:00:00+09:00,9070.0,9080.0,9070.0,9070.0,932,0.0,0.0,0.0
2022-05-26 00:00:00+09:00,9070.0,9070.0,9070.0,9070.0,500,0.0,0.0,0.0
2022-05-27 00:00:00+09:00,9050.0,9050.0,9050.0,9050.0,400,0.0,0.0,0.0
2022-05-30 00:00:00+09:00,9050.0,9050.0,8990.0,9000.0,491,0.0,0.0,0.0
2022-05-31 00:00:00+09:00,8840.0,9100.0,8840.0,9100.0,9888,0.0,0.0,0.0
2022-06-02 00:00:00+09:00,10000.0,10450.0,9110.0,10450.0,7912,0.0,0.0,0.0
2022-06-03 00:00:00+09:00,10450.0,12000.0,9150.0,10800.0,9922,0.0,0.0,0.0
2022-06-07 00:00:00+09:00,11000.0,11000.0,11000.0,11000.0,913,0.0,0.0,0.0
2022-06-08 00:00:00+09:00,9800.0,11000.0,9500.0,9880.0,1844,0.0,0.0,0.0
2022-06-09 00:00:00+09:00,9010.0,9680.0,9010.0,9680.0,821,0.0,0.0,0.0
2022-06-10 00:00:00+09:00,9680.0,9680.0,9680.0,9680.0,1,0.0,0.0,0.0
2022-06-13 00:00:00+09:00,9680.0,9680.0,9680.0,9680.0,0,0.0,0.0,0.0
2022-06-14 00:00:00+09:00,9300.0,9300.0,9300.0,9300.0,10,0.0,0.0,0.0
2022-06-15 00:00:00+09:00,9300.0,9300.0,9300.0,9300.0,0,0.0,0.0,0.0
2022-06-16 00:00:00+09:00,9000.0,9000.0,9000.0,9000.0,200,0.0,0.0,0.0
2022-06-17 00:00:00+09:00,9000.0,9400.0,9000.0,9400.0,793,0.0,0.0,0.0
2022-06-20 00:00:00+09:00,8100.0,9000.0,8100.0,9000.0,440,0.0,0.0,0.0
2022-06-21 00:00:00+09:00,8170.0,9000.0,8170.0,8210.0,49,0.0,0.0,0.0
2022-06-22 00:00:00+09:00,8900.0,8900.0,8900.0,8900.0,2,0.0,0.0,0.0
2022-06-23 00:00:00+09:00,7700.0,7700.0,7700.0,7700.0,520,0.0,0.0,0.0
2022-06-24 00:00:00+09:00,8500.0,8500.0,8500.0,8500.0,9,0.0,0.0,0.0
2022-06-27 00:00:00+09:00,9480.0,9480.0,7230.0,8890.0,199,0.0,0.0,0.0
2022-06-28 00:00:00+09:00,7560.0,8760.0,7560.0,8760.0,558,0.0,0.0,0.0
2022-06-29 00:00:00+09:00,7500.0,7880.0,7500.0,7880.0,301,0.0,0.0,0.0
2022-06-30 00:00:00+09:00,9000.0,9000.0,9000.0,9000.0,63,0.0,0.0,0.0
2022-07-01 00:00:00+09:00,7710.0,10000.0,7700.0,10000.0,391,0.0,0.0,0.0
2022-07-04 00:00:00+09:00,10000.0,10000.0,10000.0,10000.0,0,0.0,0.0,0.0
2022-07-05 00:00:00+09:00,8800.0,8800.0,8800.0,8800.0,57,0.0,0.0,0.0
2022-07-06 00:00:00+09:00,8800.0,8800.0,8800.0,8800.0,0,0.0,0.0,0.0
2022-07-07 00:00:00+09:00,8000.0,8900.0,8000.0,8900.0,374,0.0,0.0,0.0
2022-07-08 00:00:00+09:00,10000.0,10000.0,10000.0,10000.0,1,0.0,0.0,0.0
2022-07-11 00:00:00+09:00,8500.0,8500.0,8500.0,8500.0,319,0.0,0.0,0.0
2022-07-12 00:00:00+09:00,7310.0,7800.0,7300.0,7790.0,116,0.0,0.0,0.0
2022-07-13 00:00:00+09:00,6800.0,8690.0,6800.0,7990.0,4468,0.0,0.0,0.0
2022-07-14 00:00:00+09:00,7990.0,8970.0,7990.0,8970.0,1402,0.0,0.0,0.0
2022-07-15 00:00:00+09:00,7700.0,9490.0,7700.0,9490.0,1491,0.0,0.0,0.0
2022-07-18 00:00:00+09:00,8080.0,9480.0,8070.0,9340.0,333,0.0,0.0,0.0
2022-07-19 00:00:00+09:00,9710.0,9710.0,8110.0,9290.0,313,0.0,0.0,0.0
2022-07-20 00:00:00+09:00,10200.0,10200.0,8810.0,8810.0,80,0.0,0.0,0.0
2022-07-21 00:00:00+09:00,9990.0,9990.0,8600.0,8990.0,430,0.0,0.0,0.0
2022-07-22 00:00:00+09:00,9410.0,9410.0,7650.0,7650.0,2510,0.0,0.0,0.0
2022-07-25 00:00:00+09:00,7890.0,7890.0,7890.0,7890.0,1,0.0,0.0,0.0
2022-07-26 00:00:00+09:00,8000.0,8000.0,8000.0,8000.0,2,0.0,0.0,0.0
2022-07-27 00:00:00+09:00,7990.0,8000.0,7500.0,8000.0,1247,0.0,0.0,0.0
2022-07-28 00:00:00+09:00,9200.0,9200.0,9000.0,9000.0,3,0.0,0.0,0.0
2022-07-29 00:00:00+09:00,8990.0,8990.0,7710.0,8990.0,3,0.0,0.0,0.0
2022-08-01 00:00:00+09:00,7700.0,8290.0,7650.0,7650.0,921,0.0,0.0,0.0
2022-08-02 00:00:00+09:00,7990.0,7990.0,7490.0,7490.0,15,0.0,0.0,0.0
2022-08-03 00:00:00+09:00,7900.0,7900.0,7900.0,7900.0,2,0.0,0.0,0.0
2022-08-04 00:00:00+09:00,6810.0,7900.0,6810.0,7900.0,13,0.0,0.0,0.0
2022-08-05 00:00:00+09:00,7900.0,7900.0,6850.0,7690.0,82,0.0,0.0,0.0
2022-08-08 00:00:00+09:00,8490.0,8490.0,8490.0,8490.0,1,0.0,0.0,0.0
2022-08-09 00:00:00+09:00,9290.0,9290.0,9290.0,9290.0,1,0.0,0.0,0.0
2022-08-10 00:00:00+09:00,9290.0,9290.0,9290.0,9290.0,0,0.0,0.0,0.0
2022-08-11 00:00:00+09:00,9290.0,9290.0,9290.0,9290.0,0,0.0,0.0,0.0
2022-08-12 00:00:00+09:00,9290.0,9290.0,9290.0,9290.0,0,0.0,0.0,0.0
2022-08-16 00:00:00+09:00,7890.0,7890.0,7890.0,7890.0,1,0.0,0.0,0.0
2022-08-17 00:00:00+09:00,8500.0,8500.0,8500.0,8500.0,1,0.0,0.0,0.0
2022-08-18 00:00:00+09:00,8500.0,8500.0,8500.0,8500.0,0,0.0,0.0,0.0
2022-08-19 00:00:00+09:00,8790.0,8790.0,8790.0,8790.0,1,0.0,0.0,0.0
2022-08-22 00:00:00+09:00,8790.0,8790.0,8790.0,8790.0,0,0.0,0.0,0.0
2022-08-23 00:00:00+09:00,7480.0,7480.0,7480.0,7480.0,3,0.0,0.0,0.0
2022-08-24 00:00:00+09:00,8600.0,8600.0,8490.0,8490.0,6,0.0,0.0,0.0
2022-08-25 00:00:00+09:00,7220.0,7490.0,7220.0,7490.0,45,0.0,0.0,0.0
2022-08-26 00:00:00+09:00,7490.0,7490.0,7490.0,7490.0,0,0.0,0.0,0.0
2022-08-29 00:00:00+09:00,7900.0,7900.0,7900.0,7900.0,1,0.0,0.0,0.0
2022-08-30 00:00:00+09:00,7900.0,7900.0,7900.0,7900.0,0,0.0,0.0,0.0
2022-08-31 00:00:00+09:00,9060.0,9060.0,6710.0,7690.0,17,0.0,0.0,0.0
2022-09-01 00:00:00+09:00,7300.0,7690.0,7000.0,7000.0,2070,0.0,0.0,0.0
2022-09-02 00:00:00+09:00,7990.0,7990.0,7990.0,7990.0,1,0.0,0.0,0.0
2022-09-05 00:00:00+09:00,9170.0,9170.0,9170.0,9170.0,21,0.0,0.0,0.0
2022-09-06 00:00:00+09:00,9980.0,9980.0,9980.0,9980.0,1,0.0,0.0,0.0
2022-09-07 00:00:00+09:00,8490.0,9200.0,8490.0,8500.0,13927,0.0,0.0,0.0
2022-09-08 00:00:00+09:00,7270.0,8980.0,7250.0,8980.0,881,0.0,0.0,0.0
2022-09-13 00:00:00+09:00,8000.0,8540.0,8000.0,8540.0,22,0.0,0.0,0.0
2022-09-14 00:00:00+09:00,7300.0,8500.0,7300.0,7380.0,425,0.0,0.0,0.0
2022-09-15 00:00:00+09:00,8400.0,8400.0,6550.0,8300.0,491,0.0,0.0,0.0
2022-09-16 00:00:00+09:00,9000.0,9000.0,7200.0,7200.0,6,0.0,0.0,0.0
2022-09-19 00:00:00+09:00,7200.0,7200.0,7200.0,7200.0,0,0.0,0.0,0.0
2022-09-20 00:00:00+09:00,8280.0,8280.0,8280.0,8280.0,3,0.0,0.0,0.0
2022-09-21 00:00:00+09:00,9520.0,9520.0,9520.0,9520.0,1,0.0,0.0,0.0
2022-09-22 00:00:00+09:00,9520.0,9520.0,9520.0,9520.0,0,0.0,0.0,0.0
2022-09-23 00:00:00+09:00,10400.0,10400.0,10400.0,10400.0,1,0.0,0.0,0.0
2022-09-26 00:00:00+09:00,8850.0,8850.0,8850.0,8850.0,5,0.0,0.0,0.0
2022-09-27 00:00:00+09:00,8850.0,8850.0,8850.0,8850.0,0,0.0,0.0,0.0
2022-09-28 00:00:00+09:00,8850.0,8850.0,8850.0,8850.0,0,0.0,0.0,0.0
2022-09-29 00:00:00+09:00,8850.0,8850.0,8850.0,8850.0,0,0.0,0.0,0.0
2022-09-30 00:00:00+09:00,10100.0,10100.0,10100.0,10100.0,1,0.0,0.0,0.0
2022-10-04 00:00:00+09:00,11600.0,11600.0,11600.0,11600.0,1,0.0,0.0,0.0
2022-10-05 00:00:00+09:00,11600.0,11600.0,11600.0,11600.0,0,0.0,0.0,0.0
2022-10-06 00:00:00+09:00,11250.0,11250.0,11250.0,11250.0,1,0.0,0.0,0.0
2022-10-07 00:00:00+09:00,11250.0,11250.0,11250.0,11250.0,0,0.0,0.0,0.0
2022-10-11 00:00:00+09:00,10950.0,10950.0,8160.0,8990.0,24,0.0,0.0,0.0
2022-10-12 00:00:00+09:00,8000.0,9990.0,8000.0,9990.0,101,0.0,0.0,0.0
2022-10-13 00:00:00+09:00,9990.0,9990.0,9990.0,9990.0,0,0.0,0.0,0.0
2022-10-14 00:00:00+09:00,8140.0,8500.0,8140.0,8500.0,11,0.0,0.0,0.0
2022-10-17 00:00:00+09:00,7230.0,8990.0,7230.0,8750.0,232,0.0,0.0,0.0
2022-10-18 00:00:00+09:00,8750.0,8750.0,8750.0,8750.0,0,0.0,0.0,0.0
2022-10-19 00:00:00+09:00,7940.0,7940.0,7940.0,7940.0,2,0.0,0.0,0.0
2022-10-20 00:00:00+09:00,8290.0,8290.0,8290.0,8290.0,1,0.0,0.0,0.0
2022-10-21 00:00:00+09:00,8290.0,8290.0,8290.0,8290.0,0,0.0,0.0,0.0
2022-10-24 00:00:00+09:00,8290.0,8290.0,8290.0,8290.0,0,0.0,0.0,0.0
2022-10-25 00:00:00+09:00,8490.0,8490.0,6760.0,8450.0,125,0.0,0.0,0.0
2022-10-26 00:00:00+09:00,7280.0,7280.0,7280.0,7280.0,2,0.0,0.0,0.0
2022-10-27 00:00:00+09:00,8300.0,8300.0,8300.0,8300.0,1,0.0,0.0,0.0
2022-10-28 00:00:00+09:00,7060.0,7090.0,7060.0,7080.0,121,0.0,0.0,0.0
2022-10-31 00:00:00+09:00,7950.0,7950.0,7950.0,7950.0,1,0.0,0.0,0.0
2022-11-01 00:00:00+09:00,6770.0,8430.0,6770.0,8430.0,11,0.0,0.0,0.0
2022-11-02 00:00:00+09:00,8430.0,8430.0,8430.0,8430.0,0,0.0,0.0,0.0
2022-11-03 00:00:00+09:00,7990.0,7990.0,7090.0,7870.0,184,0.0,0.0,0.0
2022-11-04 00:00:00+09:00,7870.0,7870.0,7870.0,7870.0,0,0.0,0.0,0.0
2022-11-07 00:00:00+09:00,8890.0,8890.0,8890.0,8890.0,1,0.0,0.0,0.0
2022-11-08 00:00:00+09:00,8890.0,8890.0,8890.0,8890.0,0,0.0,0.0,0.0
2022-11-09 00:00:00+09:00,7560.0,7560.0,7100.0,7100.0,300,0.0,0.0,0.0
2022-11-10 00:00:00+09:00,7100.0,7100.0,7100.0,7100.0,0,0.0,0.0,0.0
2022-11-11 00:00:00+09:00,7100.0,7100.0,7100.0,7100.0,0,0.0,0.0,0.0
2022-11-14 00:00:00+09:00,7770.0,7770.0,7770.0,7770.0,1,0.0,0.0,0.0
2022-11-15 00:00:00+09:00,8500.0,8500.0,8500.0,8500.0,1,0.0,0.0,0.0
2022-11-16 00:00:00+09:00,8500.0,8500.0,8500.0,8500.0,0,0.0,0.0,0.0
2022-11-17 00:00:00+09:00,8890.0,8890.0,8890.0,8890.0,1,0.0,0.0,0.0
2022-11-18 00:00:00+09:00,9940.0,9940.0,9940.0,9940.0,1,0.0,0.0,0.0
2022-11-21 00:00:00+09:00,11100.0,11100.0,11000.0,11000.0,2,0.0,0.0,0.0
2022-11-22 00:00:00+09:00,9350.0,9350.0,9350.0,9350.0,1,0.0,0.0,0.0
2022-11-23 00:00:00+09:00,9350.0,9350.0,9350.0,9350.0,0,0.0,0.0,0.0
2022-11-24 00:00:00+09:00,9000.0,9000.0,9000.0,9000.0,1,0.0,0.0,0.0
2022-11-25 00:00:00+09:00,9000.0,9000.0,9000.0,9000.0,0,0.0,0.0,0.0
2022-11-28 00:00:00+09:00,9990.0,9990.0,9990.0,9990.0,1,0.0,0.0,0.0
2022-11-29 00:00:00+09:00,9990.0,9990.0,9990.0,9990.0,0,0.0,0.0,0.0
2022-11-30 00:00:00+09:00,7800.0,7800.0,7230.0,7230.0,119,0.0,0.0,0.0
2022-12-01 00:00:00+09:00,8310.0,8310.0,8310.0,8310.0,1,0.0,0.0,0.0
2022-12-02 00:00:00+09:00,8300.0,8300.0,8300.0,8300.0,1,0.0,0.0,0.0
2022-12-05 00:00:00+09:00,8300.0,8300.0,8300.0,8300.0,0,0.0,0.0,0.0
2022-12-06 00:00:00+09:00,8300.0,8300.0,8300.0,8300.0,0,0.0,0.0,0.0
2022-12-07 00:00:00+09:00,9050.0,9050.0,9050.0,9050.0,1,0.0,0.0,0.0
2022-12-08 00:00:00+09:00,7700.0,10150.0,7700.0,8630.0,75,0.0,0.0,0.0
2022-12-09 00:00:00+09:00,7340.0,8250.0,7340.0,8170.0,155,0.0,0.0,0.0
2022-12-12 00:00:00+09:00,9200.0,9200.0,6950.0,8800.0,42,0.0,0.0,0.0
2022-12-13 00:00:00+09:00,8790.0,8790.0,8790.0,8790.0,1,0.0,0.0,0.0
2022-12-14 00:00:00+09:00,9990.0,9990.0,7480.0,7680.0,393,0.0,0.0,0.0
2022-12-15 00:00:00+09:00,8820.0,8820.0,6540.0,8330.0,52,0.0,0.0,0.0
2022-12-16 00:00:00+09:00,8790.0,8790.0,8680.0,8680.0,2,0.0,0.0,0.0
2022-12-19 00:00:00+09:00,7380.0,7380.0,7380.0,7380.0,52,0.0,0.0,0.0
2022-12-20 00:00:00+09:00,7380.0,7380.0,7380.0,7380.0,0,0.0,0.0,0.0
2022-12-21 00:00:00+09:00,8470.0,8470.0,8470.0,8470.0,1,0.0,0.0,0.0
2022-12-22 00:00:00+09:00,7200.0,7200.0,7200.0,7200.0,1,0.0,0.0,0.0
2022-12-23 00:00:00+09:00,7200.0,7200.0,7200.0,7200.0,0,0.0,0.0,0.0
2022-12-26 00:00:00+09:00,8140.0,8140.0,8140.0,8140.0,1,0.0,0.0,0.0
2022-12-27 00:00:00+09:00,7960.0,7960.0,7960.0,7960.0,1,0.0,0.0,0.0
2022-12-28 00:00:00+09:00,7960.0,7960.0,7960.0,7960.0,0,0.0,0.0,0.0
2022-12-29 00:00:00+09:00,8700.0,8700.0,8700.0,8700.0,1,0.0,0.0,0.0
2023-01-02 00:00:00+09:00,7400.0,7400.0,7400.0,7400.0,1,0.0,0.0,0.0
2023-01-03 00:00:00+09:00,7400.0,7400.0,7400.0,7400.0,0,0.0,0.0,0.0
2023-01-04 00:00:00+09:00,7400.0,7400.0,7400.0,7400.0,0,0.0,0.0,0.0
2023-01-05 00:00:00+09:00,7400.0,7400.0,7400.0,7400.0,0,0.0,0.0,0.0
2023-01-06 00:00:00+09:00,8460.0,8460.0,6280.0,7990.0,81,0.0,0.0,0.0
2023-01-09 00:00:00+09:00,9170.0,9170.0,9170.0,9170.0,1,0.0,0.0,0.0
2023-01-10 00:00:00+09:00,9170.0,9170.0,9170.0,9170.0,0,0.0,0.0,0.0
2023-01-11 00:00:00+09:00,9170.0,9170.0,9170.0,9170.0,0,0.0,0.0,0.0
2023-01-12 00:00:00+09:00,8270.0,8270.0,8270.0,8270.0,1,0.0,0.0,0.0
2023-01-13 00:00:00+09:00,8270.0,8270.0,8270.0,8270.0,0,0.0,0.0,0.0
2023-01-16 00:00:00+09:00,8270.0,8270.0,8270.0,8270.0,0,0.0,0.0,0.0
2023-01-17 00:00:00+09:00,7350.0,7350.0,7350.0,7350.0,1,0.0,0.0,0.0
2023-01-18 00:00:00+09:00,8420.0,8420.0,8240.0,8240.0,5,0.0,0.0,0.0
2023-01-19 00:00:00+09:00,7860.0,7860.0,7860.0,7860.0,2,0.0,0.0,0.0
2023-01-20 00:00:00+09:00,7860.0,7860.0,7860.0,7860.0,2,0.0,0.0,0.0
2023-01-25 00:00:00+09:00,7810.0,7810.0,7810.0,7810.0,10,0.0,0.0,0.0
2023-01-26 00:00:00+09:00,6670.0,6670.0,6670.0,6670.0,9,0.0,0.0,0.0
2023-01-27 00:00:00+09:00,7660.0,7660.0,6970.0,6970.0,3,0.0,0.0,0.0
2023-01-30 00:00:00+09:00,7790.0,7790.0,5930.0,7470.0,3,0.0,0.0,0.0
2023-01-31 00:00:00+09:00,7460.0,7460.0,7460.0,7460.0,1,0.0,0.0,0.0
2023-02-01 00:00:00+09:00,8550.0,8550.0,6500.0,6500.0,2,0.0,0.0,0.0
2023-02-02 00:00:00+09:00,6500.0,7440.0,6500.0,7440.0,10,0.0,0.0,0.0
2023-02-03 00:00:00+09:00,7200.0,7200.0,6600.0,6600.0,3,0.0,0.0,0.0
2023-02-06 00:00:00+09:00,7100.0,7100.0,7100.0,7100.0,1,0.0,0.0,0.0
2023-02-07 00:00:00+09:00,8140.0,8140.0,6890.0,6890.0,14,0.0,0.0,0.0
2023-02-08 00:00:00+09:00,7900.0,7900.0,7900.0,7900.0,1,0.0,0.0,0.0
2023-02-09 00:00:00+09:00,8880.0,8880.0,8880.0,8880.0,1,0.0,0.0,0.0
2023-02-10 00:00:00+09:00,7550.0,7550.0,7550.0,7550.0,4,0.0,0.0,0.0
2023-02-13 00:00:00+09:00,8670.0,8670.0,6420.0,7890.0,6,0.0,0.0,0.0
2023-02-14 00:00:00+09:00,6710.0,7490.0,6710.0,7490.0,13,0.0,0.0,0.0
2023-02-15 00:00:00+09:00,7470.0,7470.0,7470.0,7470.0,1,0.0,0.0,0.0
2023-02-16 00:00:00+09:00,8560.0,8560.0,8560.0,8560.0,1,0.0,0.0,0.0
2023-02-17 00:00:00+09:00,7280.0,7280.0,7280.0,7280.0,14,0.0,0.0,0.0
2023-02-20 00:00:00+09:00,8340.0,8340.0,8340.0,8340.0,1,0.0,0.0,0.0
2023-02-21 00:00:00+09:00,8340.0,8340.0,8340.0,8340.0,0,0.0,0.0,0.0
2023-02-22 00:00:00+09:00,8090.0,8090.0,8090.0,8090.0,1,0.0,0.0,0.0
2023-02-23 00:00:00+09:00,6880.0,8040.0,6880.0,8040.0,56,0.0,0.0,0.0
2023-02-24 00:00:00+09:00,8040.0,8040.0,8040.0,8040.0,0,0.0,0.0,0.0
2023-02-27 00:00:00+09:00,8350.0,8350.0,8350.0,8350.0,1,0.0,0.0,0.0
2023-02-28 00:00:00+09:00,8350.0,8350.0,8350.0,8350.0,0,0.0,0.0,0.0
2023-03-02 00:00:00+09:00,7890.0,7890.0,7100.0,7100.0,2,0.0,0.0,0.0
2023-03-03 00:00:00+09:00,8090.0,8090.0,7390.0,7390.0,31,0.0,0.0,0.0
2023-03-06 00:00:00+09:00,7390.0,7390.0,7390.0,7390.0,0,0.0,0.0,0.0
2023-03-07 00:00:00+09:00,8290.0,8290.0,8290.0,8290.0,1,0.0,0.0,0.0
2023-03-08 00:00:00+09:00,8290.0,8290.0,8290.0,8290.0,0,0.0,0.0,0.0
2023-03-09 00:00:00+09:00,8090.0,8090.0,8090.0,8090.0,1,0.0,0.0,0.0
2023-03-10 00:00:00+09:00,9290.0,9290.0,6880.0,9220.0,53,0.0,0.0,0.0
2023-03-13 00:00:00+09:00,7840.0,7840.0,7840.0,7840.0,2,0.0,0.0,0.0
2023-03-14 00:00:00+09:00,9000.0,9000.0,7840.0,7840.0,121,0.0,0.0,0.0
2023-03-15 00:00:00+09:00,7820.0,7820.0,7820.0,7820.0,1,0.0,0.0,0.0
2023-03-16 00:00:00+09:00,8980.0,8980.0,7700.0,7700.0,3,0.0,0.0,0.0
2023-03-17 00:00:00+09:00,7420.0,7420.0,7420.0,7420.0,2,0.0,0.0,0.0
2023-03-20 00:00:00+09:00,8520.0,8520.0,8520.0,8520.0,1,0.0,0.0,0.0
2023-03-21 00:00:00+09:00,9780.0,9780.0,9780.0,9780.0,1,0.0,0.0,0.0
2023-03-22 00:00:00+09:00,8320.0,8320.0,8320.0,8320.0,1,0.0,0.0,0.0
2023-03-23 00:00:00+09:00,8300.0,8300.0,8300.0,8300.0,1,0.0,0.0,0.0
2023-03-24 00:00:00+09:00,8300.0,8300.0,8300.0,8300.0,0,0.0,0.0,0.0
2023-03-27 00:00:00+09:00,8090.0,8090.0,8090.0,8090.0,1,0.0,0.0,0.0
2023-03-28 00:00:00+09:00,6880.0,8080.0,6880.0,8080.0,49,0.0,0.0,0.0
2023-03-29 00:00:00+09:00,6870.0,9250.0,6870.0,8390.0,102,0.0,0.0,0.0
2023-03-30 00:00:00+09:00,8390.0,8390.0,8390.0,8390.0,0,0.0,0.0,0.0
2023-03-31 00:00:00+09:00,6070.0,8150.0,6070.0,8150.0,100,0.0,0.0,0.0
2023-04-03 00:00:00+09:00,9250.0,9250.0,9250.0,9250.0,1,0.0,0.0,0.0
2023-04-04 00:00:00+09:00,7870.0,7870.0,7870.0,7870.0,2,0.0,0.0,0.0
2023-04-05 00:00:00+09:00,6690.0,8930.0,6690.0,8930.0,52,0.0,0.0,0.0
2023-04-06 00:00:00+09:00,8930.0,8930.0,8930.0,8930.0,0,0.0,0.0,0.0
2023-04-07 00:00:00+09:00,6460.0,7600.0,6460.0,7600.0,196,0.0,0.0,0.0
2023-04-10 00:00:00+09:00,7600.0,7600.0,7600.0,7600.0,0,0.0,0.0,0.0
2023-04-11 00:00:00+09:00,8720.0,8720.0,8720.0,8720.0,1,0.0,0.0,0.0
2023-04-12 00:00:00+09:00,8720.0,8720.0,8720.0,8720.0,0,0.0,0.0,0.0
2023-04-13 00:00:00+09:00,8720.0,8720.0,8720.0,8720.0,0,0.0,0.0,0.0
2023-04-14 00:00:00+09:00,8720.0,8720.0,8720.0,8720.0,0,0.0,0.0,0.0
2023-04-17 00:00:00+09:00,8440.0,8440.0,8440.0,8440.0,1,0.0,0.0,0.0
2023-04-18 00:00:00+09:00,8440.0,8440.0,8440.0,8440.0,0,0.0,0.0,0.0
2023-04-19 00:00:00+09:00,8210.0,8210.0,8210.0,8210.0,1,0.0,0.0,0.0
2023-04-20 00:00:00+09:00,8200.0,8200.0,8200.0,8200.0,1,0.0,0.0,0.0
2023-04-21 00:00:00+09:00,6970.0,9390.0,6970.0,8420.0,113,0.0,0.0,0.0
2023-04-24 00:00:00+09:00,7160.0,8400.0,7160.0,8400.0,41,0.0,0.0,0.0
2023-04-25 00:00:00+09:00,8400.0,8400.0,8400.0,8400.0,0,0.0,0.0,0.0
2023-04-26 00:00:00+09:00,8350.0,9570.0,7100.0,7100.0,202,0.0,0.0,0.0
2023-04-27 00:00:00+09:00,8150.0,8150.0,8150.0,8150.0,1,0.0,0.0,0.0
2023-04-28 00:00:00+09:00,9330.0,9330.0,6930.0,7100.0,503,0.0,0.0,0.0
2023-05-02 00:00:00+09:00,8140.0,8140.0,8140.0,8140.0,1,0.0,0.0,0.0
2023-05-03 00:00:00+09:00,9330.0,9330.0,9330.0,9330.0,1,0.0,0.0,0.0
2023-05-04 00:00:00+09:00,7940.0,7940.0,7940.0,7940.0,180,0.0,0.0,0.0
2023-05-08 00:00:00+09:00,7300.0,7300.0,7300.0,7300.0,137,0.0,0.0,0.0
2023-05-09 00:00:00+09:00,7290.0,7290.0,6220.0,6220.0,101,0.0,0.0,0.0
2023-05-10 00:00:00+09:00,7140.0,7140.0,7140.0,7140.0,1,0.0,0.0,0.0
2023-05-11 00:00:00+09:00,8210.0,8210.0,8180.0,8180.0,3,0.0,0.0,0.0
2023-05-12 00:00:00+09:00,8950.0,8950.0,8950.0,8950.0,1,0.0,0.0,0.0
2023-05-15 00:00:00+09:00,7610.0,7610.0,7610.0,7610.0,1,0.0,0.0,0.0
2023-05-16 00:00:00+09:00,8500.0,8500.0,8500.0,8500.0,1,0.0,0.0,0.0
2023-05-17 00:00:00+09:00,9760.0,9760.0,9760.0,9760.0,1,0.0,0.0,0.0
2023-05-18 00:00:00+09:00,9760.0,9760.0,9760.0,9760.0,0,0.0,0.0,0.0
2023-05-19 00:00:00+09:00,7060.0,7060.0,7060.0,7060.0,11,0.0,0.0,0.0
2023-05-22 00:00:00+09:00,7060.0,7060.0,6010.0,6010.0,60,0.0,0.0,0.0
2023-05-23 00:00:00+09:00,6010.0,6910.0,6010.0,6900.0,2593,0.0,0.0,0.0
2023-05-24 00:00:00+09:00,5870.0,6390.0,5870.0,6390.0,395,0.0,0.0,0.0
2023-05-25 00:00:00+09:00,6380.0,6380.0,6380.0,6380.0,1,0.0,0.0,0.0
2023-05-26 00:00:00+09:00,6380.0,6380.0,6380.0,6380.0,0,0.0,0.0,0.0
2023-05-30 00:00:00+09:00,7290.0,7290.0,7290.0,7290.0,1,0.0,0.0,0.0
2023-05-31 00:00:00+09:00,7290.0,7290.0,7290.0,7290.0,0,0.0,0.0,0.0
2023-06-01 00:00:00+09:00,7130.0,7130.0,7130.0,7130.0,1,0.0,0.0,0.0
2023-06-02 00:00:00+09:00,6070.0,6070.0,6070.0,6070.0,170,0.0,0.0,0.0
2023-06-05 00:00:00+09:00,6070.0,6070.0,6070.0,6070.0,0,0.0,0.0,0.0
2023-06-07 00:00:00+09:00,6960.0,6960.0,5160.0,6950.0,44,0.0,0.0,0.0
2023-06-08 00:00:00+09:00,7980.0,7990.0,6950.0,7980.0,2907,0.0,0.0,0.0
2023-06-09 00:00:00+09:00,7980.0,7980.0,6790.0,7950.0,2534,0.0,0.0,0.0
2023-06-12 00:00:00+09:00,6810.0,6810.0,6790.0,6790.0,156,0.0,0.0,0.0
2023-06-13 00:00:00+09:00,7790.0,7790.0,7790.0,7790.0,1,0.0,0.0,0.0
2023-06-14 00:00:00+09:00,6630.0,6630.0,6630.0,6630.0,589,0.0,0.0,0.0
2023-06-15 00:00:00+09:00,7620.0,7620.0,5650.0,7600.0,43,0.0,0.0,0.0
2023-06-16 00:00:00+09:00,6460.0,7550.0,6460.0,7550.0,52,0.0,0.0,0.0
2023-06-19 00:00:00+09:00,8680.0,8680.0,8680.0,8680.0,1,0.0,0.0,0.0
2023-06-20 00:00:00+09:00,7380.0,7380.0,7380.0,7380.0,1,0.0,0.0,0.0
2023-06-21 00:00:00+09:00,6280.0,6990.0,6280.0,6970.0,48,0.0,0.0,0.0
2023-06-22 00:00:00+09:00,5930.0,7500.0,5930.0,7490.0,71,0.0,0.0,0.0
2023-06-23 00:00:00+09:00,8000.0,8000.0,8000.0,8000.0,820,0.0,0.0,0.0
2023-06-26 00:00:00+09:00,9170.0,9170.0,9170.0,9170.0,1,0.0,0.0,0.0
2023-06-27 00:00:00+09:00,9170.0,9170.0,9170.0,9170.0,0,0.0,0.0,0.0
2023-06-28 00:00:00+09:00,9170.0,9170.0,9170.0,9170.0,0,0.0,0.0,0.0
2023-06-29 00:00:00+09:00,9170.0,9170.0,9170.0,9170.0,0,0.0,0.0,0.0
2023-06-30 00:00:00+09:00,7000.0,7000.0,7000.0,7000.0,1,0.0,0.0,0.0
2023-07-03 00:00:00+09:00,7000.0,7000.0,7000.0,7000.0,0,0.0,0.0,0.0
2023-07-04 00:00:00+09:00,6980.0,6990.0,5940.0,6990.0,43,0.0,0.0,0.0
2023-07-05 00:00:00+09:00,6990.0,6990.0,6990.0,6990.0,0,0.0,0.0,0.0
2023-07-06 00:00:00+09:00,6990.0,6990.0,6990.0,6990.0,0,0.0,0.0,0.0
2023-07-07 00:00:00+09:00,6990.0,6990.0,6990.0,6990.0,0,0.0,0.0,0.0
2023-07-10 00:00:00+09:00,6990.0,6990.0,6990.0,6990.0,0,0.0,0.0,0.0
2023-07-11 00:00:00+09:00,6880.0,6880.0,6880.0,6880.0,1,0.0,0.0,0.0
2023-07-12 00:00:00+09:00,7910.0,7910.0,5850.0,7490.0,3,0.0,0.0,0.0
2023-07-13 00:00:00+09:00,8610.0,8610.0,6370.0,8560.0,3,0.0,0.0,0.0
2023-07-14 00:00:00+09:00,8560.0,8560.0,8560.0,8560.0,0,0.0,0.0,0.0
2023-07-17 00:00:00+09:00,8560.0,8560.0,8560.0,8560.0,0,0.0,0.0,0.0
2023-07-18 00:00:00+09:00,8560.0,8560.0,8560.0,8560.0,0,0.0,0.0,0.0
2023-07-19 00:00:00+09:00,8560.0,8560.0,8560.0,8560.0,0,0.0,0.0,0.0
2023-07-20 00:00:00+09:00,8560.0,8560.0,8560.0,8560.0,0,0.0,0.0,0.0
2023-07-21 00:00:00+09:00,6020.0,6920.0,6020.0,6920.0,3,0.0,0.0,0.0
2023-07-24 00:00:00+09:00,7950.0,7950.0,7950.0,7950.0,1,0.0,0.0,0.0
2023-07-25 00:00:00+09:00,7940.0,7940.0,7940.0,7940.0,1,0.0,0.0,0.0
2023-07-26 00:00:00+09:00,7940.0,7940.0,7940.0,7940.0,0,0.0,0.0,0.0
2023-07-27 00:00:00+09:00,7930.0,7930.0,7930.0,7930.0,3,0.0,0.0,0.0
2023-07-28 00:00:00+09:00,7930.0,7930.0,7930.0,7930.0,0,0.0,0.0,0.0
2023-07-31 00:00:00+09:00,8600.0,8600.0,8600.0,8600.0,1,0.0,0.0,0.0
2023-08-01 00:00:00+09:00,8600.0,8600.0,8600.0,8600.0,0,0.0,0.0,0.0
2023-08-02 00:00:00+09:00,6220.0,6980.0,6220.0,6960.0,20,0.0,0.0,0.0
2023-08-03 00:00:00+09:00,7980.0,7980.0,7980.0,7980.0,1,0.0,0.0,0.0
2023-08-04 00:00:00+09:00,6790.0,6790.0,6790.0,6790.0,3,0.0,0.0,0.0
2023-08-07 00:00:00+09:00,6990.0,6990.0,6990.0,6990.0,1,0.0,0.0,0.0
2023-08-08 00:00:00+09:00,6990.0,6990.0,6990.0,6990.0,1,0.0,0.0,0.0
2023-08-09 00:00:00+09:00,6980.0,6980.0,6980.0,6980.0,1,0.0,0.0,0.0
2023-08-10 00:00:00+09:00,6980.0,6980.0,6980.0,6980.0,1,0.0,0.0,0.0
2023-08-11 00:00:00+09:00,6980.0,6980.0,6980.0,6980.0,1,0.0,0.0,0.0
2023-08-14 00:00:00+09:00,7000.0,7000.0,7000.0,7000.0,1,0.0,0.0,0.0
2023-08-16 00:00:00+09:00,6990.0,6990.0,6990.0,6990.0,1,0.0,0.0,0.0
2023-08-17 00:00:00+09:00,8020.0,8020.0,6970.0,6970.0,2,0.0,0.0,0.0
2023-08-18 00:00:00+09:00,8010.0,8010.0,8010.0,8010.0,1,0.0,0.0,0.0
2023-08-21 00:00:00+09:00,9200.0,9200.0,6810.0,8440.0,104,0.0,0.0,0.0
2023-08-22 00:00:00+09:00,7180.0,7180.0,7180.0,7180.0,113,0.0,0.0,0.0
2023-08-23 00:00:00+09:00,6110.0,6990.0,6110.0,6990.0,101,0.0,0.0,0.0
2023-08-24 00:00:00+09:00,5950.0,6990.0,5950.0,6990.0,50,0.0,0.0,0.0
2023-08-25 00:00:00+09:00,5960.0,6990.0,5950.0,6990.0,52,0.0,0.0,0.0
2023-08-28 00:00:00+09:00,5950.0,6980.0,5950.0,6980.0,146,0.0,0.0,0.0
2023-08-29 00:00:00+09:00,5940.0,6970.0,5940.0,6970.0,31,0.0,0.0,0.0
2023-08-30 00:00:00+09:00,7980.0,7980.0,5930.0,7650.0,33,0.0,0.0,0.0
2023-08-31 00:00:00+09:00,8760.0,8760.0,8760.0,8760.0,1,0.0,0.0,0.0
2023-09-01 00:00:00+09:00,10070.0,10070.0,7450.0,7450.0,43,0.0,0.0,0.0
2023-09-04 00:00:00+09:00,8520.0,8520.0,7470.0,7470.0,2,0.0,0.0,0.0
2023-09-05 00:00:00+09:00,7470.0,7470.0,7470.0,7470.0,0,0.0,0.0,0.0
2023-09-06 00:00:00+09:00,5950.0,6980.0,5950.0,6600.0,42,0.0,0.0,0.0
2023-09-07 00:00:00+09:00,5610.0,7580.0,5610.0,7580.0,72,0.0,0.0,0.0
2023-09-08 00:00:00+09:00,8670.0,8670.0,6970.0,6970.0,145,0.0,0.0,0.0
2023-09-11 00:00:00+09:00,7990.0,7990.0,5930.0,6920.0,260,0.0,0.0,0.0
2023-09-12 00:00:00+09:00,7880.0,7880.0,7880.0,7880.0,1,0.0,0.0,0.0
2023-09-13 00:00:00+09:00,7880.0,7880.0,7880.0,7880.0,0,0.0,0.0,0.0
2023-09-14 00:00:00+09:00,5720.0,6470.0,5700.0,6420.0,58,0.0,0.0,0.0
2023-09-15 00:00:00+09:00,7380.0,7380.0,5460.0,6450.0,76,0.0,0.0,0.0
2023-09-18 00:00:00+09:00,7390.0,7390.0,5490.0,6550.0,32,0.0,0.0,0.0
2023-09-19 00:00:00+09:00,7500.0,7500.0,5570.0,6500.0,22,0.0,0.0,0.0
2023-09-20 00:00:00+09:00,7450.0,7450.0,7450.0,7450.0,2,0.0,0.0,0.0
2023-09-21 00:00:00+09:00,6340.0,6340.0,6340.0,6340.0,3,0.0,0.0,0.0
2023-09-22 00:00:00+09:00,7270.0,7270.0,6410.0,6410.0,2,0.0,0.0,0.0
2023-09-25 00:00:00+09:00,7350.0,7350.0,6470.0,6470.0,3,0.0,0.0,0.0
2023-09-26 00:00:00+09:00,7410.0,7410.0,6500.0,6500.0,2,0.0,0.0,0.0
2023-09-27 00:00:00+09:00,7450.0,7450.0,6430.0,6430.0,2,0.0,0.0,0.0
2023-10-04 00:00:00+09:00,7370.0,7370.0,7370.0,7370.0,1,0.0,0.0,0.0
2023-10-05 00:00:00+09:00,6270.0,6270.0,6270.0,6270.0,1,0.0,0.0,0.0
2023-10-06 00:00:00+09:00,6990.0,6990.0,6940.0,6950.0,651,0.0,0.0,0.0
2023-10-10 00:00:00+09:00,7980.0,7980.0,5910.0,6440.0,155,0.0,0.0,0.0
2023-10-11 00:00:00+09:00,7390.0,7390.0,5480.0,6480.0,4,0.0,0.0,0.0
2023-10-12 00:00:00+09:00,7430.0,7430.0,5510.0,5510.0,6,0.0,0.0,0.0
2023-10-13 00:00:00+09:00,6320.0,6320.0,6320.0,6320.0,1,0.0,0.0,0.0
2023-10-16 00:00:00+09:00,5400.0,6310.0,5400.0,6310.0,242,0.0,0.0,0.0
2023-10-17 00:00:00+09:00,7210.0,7210.0,7210.0,7210.0,1,0.0,0.0,0.0
2023-10-18 00:00:00+09:00,6130.0,6130.0,6130.0,6130.0,46,0.0,0.0,0.0
2023-10-19 00:00:00+09:00,7020.0,7020.0,7020.0,7020.0,1,0.0,0.0,0.0
2023-10-20 00:00:00+09:00,8050.0,8050.0,8050.0,8050.0,1,0.0,0.0,0.0
2023-10-23 00:00:00+09:00,8050.0,8050.0,8050.0,8050.0,0,0.0,0.0,0.0
2023-10-24 00:00:00+09:00,8050.0,8050.0,8050.0,8050.0,0,0.0,0.0,0.0
2023-10-25 00:00:00+09:00,7370.0,7370.0,7370.0,7370.0,1,0.0,0.0,0.0
2023-10-26 00:00:00+09:00,7370.0,7370.0,7370.0,7370.0,0,0.0,0.0,0.0
2023-10-27 00:00:00+09:00,7190.0,7190.0,6350.0,6350.0,3,0.0,0.0,0.0
2023-10-30 00:00:00+09:00,5410.0,5410.0,5400.0,5400.0,61,0.0,0.0,0.0
2023-10-31 00:00:00+09:00,6200.0,6200.0,4600.0,5600.0,12,0.0,0.0,0.0
2023-11-01 00:00:00+09:00,6440.0,6440.0,6440.0,6440.0,1,0.0,0.0,0.0
2023-11-02 00:00:00+09:00,7350.0,7350.0,7350.0,7350.0,1,0.0,0.0,0.0
2023-11-03 00:00:00+09:00,7350.0,7350.0,7350.0,7350.0,0,0.0,0.0,0.0
2023-11-06 00:00:00+09:00,6350.0,6350.0,6350.0,6350.0,2,0.0,0.0,0.0
2023-11-07 00:00:00+09:00,6100.0,6100.0,6100.0,6100.0,1,0.0,0.0,0.0
2023-11-08 00:00:00+09:00,6980.0,6980.0,5190.0,5990.0,106,0.0,0.0,0.0
2023-11-09 00:00:00+09:00,6870.0,6870.0,6870.0,6870.0,1,0.0,0.0,0.0
2023-11-10 00:00:00+09:00,7890.0,7890.0,5840.0,6080.0,42,0.0,0.0,0.0
2023-11-13 00:00:00+09:00,6970.0,6970.0,5170.0,5970.0,42,0.0,0.0,0.0
2023-11-14 00:00:00+09:00,6840.0,6840.0,5090.0,5200.0,13,0.0,0.0,0.0
2023-11-15 00:00:00+09:00,5900.0,5900.0,4430.0,4430.0,80,0.0,0.0,0.0
2023-11-16 00:00:00+09:00,5090.0,5090.0,3770.0,5000.0,56,0.0,0.0,0.0
2023-11-17 00:00:00+09:00,5690.0,5690.0,4255.0,5640.0,5,0.0,0.0,0.0
2023-11-20 00:00:00+09:00,6440.0,6440.0,4805.0,4805.0,2,0.0,0.0,0.0
2023-11-21 00:00:00+09:00,5520.0,5520.0,5520.0,5520.0,1,0.0,0.0,0.0
2023-11-22 00:00:00+09:00,6280.0,6280.0,6000.0,6200.0,122,0.0,0.0,0.0
2023-11-23 00:00:00+09:00,7050.0,7050.0,5270.0,5270.0,28,0.0,0.0,0.0
2023-11-24 00:00:00+09:00,6000.0,6000.0,4480.0,5480.0,66,0.0,0.0,0.0
2023-11-27 00:00:00+09:00,6280.0,6280.0,6280.0,6280.0,1,0.0,0.0,0.0
2023-11-28 00:00:00+09:00,6280.0,6280.0,6280.0,6280.0,0,0.0,0.0,0.0
2023-11-29 00:00:00+09:00,6280.0,6280.0,6280.0,6280.0,0,0.0,0.0,0.0
2023-11-30 00:00:00+09:00,5940.0,5940.0,5500.0,5500.0,161,0.0,0.0,0.0
2023-12-01 00:00:00+09:00,6200.0,6200.0,4690.0,4690.0,123,0.0,0.0,0.0
2023-12-04 00:00:00+09:00,5300.0,5300.0,4690.0,5150.0,4,0.0,0.0,0.0
2023-12-05 00:00:00+09:00,5790.0,5790.0,4380.0,4995.0,85,0.0,0.0,0.0
2023-12-06 00:00:00+09:00,5700.0,5700.0,5700.0,5700.0,1,0.0,0.0,0.0
2023-12-07 00:00:00+09:00,5700.0,5700.0,5700.0,5700.0,0,0.0,0.0,0.0
2023-12-08 00:00:00+09:00,5550.0,5550.0,4125.0,5390.0,130,0.0,0.0,0.0
2023-12-11 00:00:00+09:00,6150.0,6150.0,4590.0,5280.0,68,0.0,0.0,0.0
2023-12-12 00:00:00+09:00,4490.0,5290.0,4490.0,5270.0,292,0.0,0.0,0.0
2023-12-13 00:00:00+09:00,4500.0,5270.0,4500.0,5270.0,21,0.0,0.0,0.0
2023-12-14 00:00:00+09:00,4480.0,5240.0,4480.0,5240.0,51,0.0,0.0,0.0
2023-12-15 00:00:00+09:00,5580.0,5580.0,5580.0,5580.0,1,0.0,0.0,0.0
2023-12-18 00:00:00+09:00,5690.0,5690.0,4750.0,5200.0,14,0.0,0.0,0.0
2023-12-19 00:00:00+09:00,5900.0,5900.0,5900.0,5900.0,1,0.0,0.0,0.0
2023-12-20 00:00:00+09:00,6090.0,6090.0,5020.0,5020.0,2,0.0,0.0,0.0
2023-12-21 00:00:00+09:00,4270.0,5000.0,4270.0,5000.0,209,0.0,0.0,0.0
2023-12-22 00:00:00+09:00,4250.0,5130.0,4250.0,5050.0,780,0.0,0.0,0.0
2023-12-26 00:00:00+09:00,4300.0,5770.0,4300.0,5770.0,70,0.0,0.0,0.0
2023-12-27 00:00:00+09:00,6570.0,6570.0,4910.0,6390.0,103,0.0,0.0,0.0
2023-12-28 00:00:00+09:00,6570.0,6570.0,6570.0,6570.0,1,0.0,0.0,0.0
2024-01-02 00:00:00+09:00,6570.0,6570.0,6570.0,6570.0,0,0.0,0.0,0.0
2024-01-03 00:00:00+09:00,5990.0,5990.0,5990.0,5990.0,1,0.0,0.0,0.0
2024-01-04 00:00:00+09:00,6800.0,6800.0,6490.0,6490.0,51,0.0,0.0,0.0
2024-01-05 00:00:00+09:00,6590.0,6590.0,6590.0,6590.0,1,0.0,0.0,0.0
2024-01-08 00:00:00+09:00,5610.0,5610.0,5610.0,5610.0,5,0.0,0.0,0.0
2024-01-09 00:00:00+09:00,6440.0,6440.0,6440.0,6440.0,1,0.0,0.0,0.0
2024-01-10 00:00:00+09:00,5480.0,5480.0,5480.0,5480.0,100,0.0,0.0,0.0
2024-01-11 00:00:00+09:00,5860.0,5860.0,4660.0,4660.0,13,0.0,0.0,0.0
2024-01-12 00:00:00+09:00,5350.0,5350.0,3970.0,5080.0,9,0.0,0.0,0.0
2024-01-15 00:00:00+09:00,5190.0,5190.0,5190.0,5190.0,1,0.0,0.0,0.0
2024-01-16 00:00:00+09:00,5740.0,5740.0,5740.0,5740.0,1,0.0,0.0,0.0
2024-01-17 00:00:00+09:00,5740.0,5740.0,5640.0,5690.0,520,0.0,0.0,0.0
2024-01-18 00:00:00+09:00,4850.0,5590.0,4850.0,5590.0,175,0.0,0.0,0.0
2024-01-19 00:00:00+09:00,5580.0,5580.0,4760.0,5500.0,217,0.0,0.0,0.0
2024-01-22 00:00:00+09:00,5570.0,5570.0,5390.0,5390.0,2,0.0,0.0,0.0
2024-01-23 00:00:00+09:00,4590.0,5390.0,4590.0,5300.0,17,0.0,0.0,0.0
2024-01-24 00:00:00+09:00,6070.0,6070.0,6070.0,6070.0,1,0.0,0.0,0.0
2024-01-25 00:00:00+09:00,6970.0,6970.0,5750.0,5750.0,2,0.0,0.0,0.0
2024-01-26 00:00:00+09:00,6600.0,6600.0,4890.0,5990.0,8,0.0,0.0,0.0
2024-01-29 00:00:00+09:00,5990.0,5990.0,5990.0,5990.0,0,0.0,0.0,0.0
2024-01-30 00:00:00+09:00,4890.0,5450.0,4890.0,5450.0,6,0.0,0.0,0.0
2024-01-31 00:00:00+09:00,5000.0,5000.0,5000.0,5000.0,10,0.0,0.0,0.0
2024-02-01 00:00:00+09:00,5750.0,5750.0,4250.0,5250.0,53,0.0,0.0,0.0
2024-02-02 00:00:00+09:00,5250.0,5250.0,5250.0,5250.0,8,0.0,0.0,0.0
2024-02-05 00:00:00+09:00,6030.0,6030.0,5200.0,5690.0,62,0.0,0.0,0.0
2024-02-06 00:00:00+09:00,6530.0,6530.0,4840.0,5690.0,22,0.0,0.0,0.0
2024-02-07 00:00:00+09:00,5690.0,5690.0,5690.0,5690.0,0,0.0,0.0,0.0
2024-02-08 00:00:00+09:00,5690.0,5690.0,5690.0,5690.0,0,0.0,0.0,0.0
2024-02-13 00:00:00+09:00,4840.0,4840.0,4480.0,4835.0,76,0.0,0.0,0.0
2024-02-14 00:00:00+09:00,4840.0,5200.0,4110.0,5100.0,112,0.0,0.0,0.0
2024-02-15 00:00:00+09:00,4840.0,5080.0,4340.0,4690.0,94,0.0,0.0,0.0
2024-02-16 00:00:00+09:00,4600.0,4600.0,4600.0,4600.0,15,0.0,0.0,0.0
2024-02-19 00:00:00+09:00,5000.0,5000.0,3910.0,4695.0,102,0.0,0.0,0.0
2024-02-20 00:00:00+09:00,5040.0,5040.0,4000.0,4725.0,87,0.0,0.0,0.0
2024-02-21 00:00:00+09:00,5170.0,5170.0,4030.0,5060.0,95,0.0,0.0,0.0
2024-02-22 00:00:00+09:00,5140.0,5140.0,5140.0,5140.0,1,0.0,0.0,0.0
2024-02-23 00:00:00+09:00,5140.0,5140.0,5140.0,5140.0,1,0.0,0.0,0.0
2024-02-26 00:00:00+09:00,5140.0,5140.0,5140.0,5140.0,0,0.0,0.0,0.0
2024-02-27 00:00:00+09:00,5140.0,5140.0,5140.0,5140.0,0,0.0,0.0,0.0
2024-02-28 00:00:00+09:00,5000.0,5000.0,5000.0,5000.0,1,0.0,0.0,0.0
2024-02-29 00:00:00+09:00,5000.0,5000.0,5000.0,5000.0,0,0.0,0.0,0.0
2024-03-04 00:00:00+09:00,4985.0,4985.0,4010.0,4650.0,157,0.0,0.0,0.0
2024-03-05 00:00:00+09:00,5000.0,5000.0,5000.0,5000.0,1,0.0,0.0,0.0
2024-03-06 00:00:00+09:00,4250.0,4635.0,4250.0,4300.0,29,0.0,0.0,0.0
2024-03-07 00:00:00+09:00,4900.0,4900.0,3655.0,4550.0,557,0.0,0.0,0.0
2024-03-08 00:00:00+09:00,4550.0,4550.0,4550.0,4550.0,0,0.0,0.0,0.0
2024-03-11 00:00:00+09:00,4980.0,4980.0,4980.0,4980.0,1,0.0,0.0,0.0
2024-03-12 00:00:00+09:00,4980.0,4980.0,4980.0,4980.0,0,0.0,0.0,0.0
2024-03-13 00:00:00+09:00,4990.0,4990.0,4990.0,4990.0,1,0.0,0.0,0.0
2024-03-14 00:00:00+09:00,4990.0,4990.0,4990.0,4990.0,0,0.0,0.0,0.0
2024-03-15 00:00:00+09:00,4950.0,4950.0,4950.0,4950.0,1,0.0,0.0,0.0
2024-03-18 00:00:00+09:00,4210.0,4210.0,4210.0,4210.0,99,0.0,0.0,0.0
2024-03-19 00:00:00+09:00,4800.0,4800.0,4800.0,4800.0,1,0.0,0.0,0.0
2024-03-20 00:00:00+09:00,4350.0,4775.0,4350.0,4775.0,38,0.0,0.0,0.0
2024-03-21 00:00:00+09:00,4060.0,4550.0,4060.0,4550.0,101,0.0,0.0,0.0
2024-03-22 00:00:00+09:00,4550.0,4895.0,4550.0,4895.0,20,0.0,0.0,0.0
2024-03-25 00:00:00+09:00,4165.0,4725.0,4165.0,4725.0,10,0.0,0.0,0.0
2024-03-26 00:00:00+09:00,4725.0,4725.0,4725.0,4725.0,0,0.0,0.0,0.0
2024-03-27 00:00:00+09:00,4725.0,4725.0,4725.0,4725.0,0,0.0,0.0,0.0
2024-03-28 00:00:00+09:00,4990.0,4990.0,4990.0,4990.0,1,0.0,0.0,0.0
2024-03-29 00:00:00+09:00,4985.0,4985.0,4985.0,4985.0,1,0.0,0.0,0.0
2024-04-01 00:00:00+09:00,4985.0,4985.0,4985.0,4985.0,0,0.0,0.0,0.0
2024-04-02 00:00:00+09:00,4965.0,5700.0,4965.0,5700.0,59,0.0,0.0,0.0
2024-04-03 00:00:00+09:00,4850.0,6550.0,4850.0,5050.0,484,0.0,0.0,0.0
2024-04-04 00:00:00+09:00,5780.0,5780.0,4300.0,5640.0,87,0.0,0.0,0.0
2024-04-05 00:00:00+09:00,4800.0,6390.0,4800.0,6390.0,245,0.0,0.0,0.0
2024-04-08 00:00:00+09:00,7290.0,7290.0,5440.0,7180.0,542,0.0,0.0,0.0
2024-04-09 00:00:00+09:00,8240.0,8240.0,6110.0,6110.0,2,0.0,0.0,0.0
2024-04-11 00:00:00+09:00,7000.0,7000.0,5200.0,5200.0,2,0.0,0.0,0.0
2024-04-12 00:00:00+09:00,5200.0,5200.0,5200.0,5200.0,0,0.0,0.0,0.0
2024-04-15 00:00:00+09:00,5840.0,5840.0,5840.0,5840.0,1,0.0,0.0,0.0
2024-04-16 00:00:00+09:00,4970.0,6670.0,4970.0,6660.0,9,0.0,0.0,0.0
2024-04-17 00:00:00+09:00,6640.0,6640.0,5670.0,5670.0,2,0.0,0.0,0.0
2024-04-18 00:00:00+09:00,6480.0,6480.0,4820.0,4820.0,92,0.0,0.0,0.0
2024-04-19 00:00:00+09:00,5500.0,5500.0,4100.0,4100.0,354,0.0,0.0,0.0
2024-04-22 00:00:00+09:00,4100.0,4710.0,4100.0,4710.0,6,0.0,0.0,0.0
2024-04-23 00:00:00+09:00,5380.0,5380.0,5380.0,5380.0,1,0.0,0.0,0.0
2024-04-24 00:00:00+09:00,4580.0,4580.0,4580.0,4580.0,2,0.0,0.0,0.0
2024-04-25 00:00:00+09:00,5190.0,5190.0,3905.0,4600.0,3,0.0,0.0,0.0
2024-04-26 00:00:00+09:00,5250.0,5250.0,5250.0,5250.0,1,0.0,0.0,0.0
2024-04-29 00:00:00+09:00,4470.0,5240.0,4470.0,5240.0,20,0.0,0.0,0.0
2024-04-30 00:00:00+09:00,5980.0,5980.0,5980.0,5980.0,1,0.0,0.0,0.0
2024-05-02 00:00:00+09:00,6700.0,6700.0,6700.0,6700.0,1,0.0,0.0,0.0
2024-05-03 00:00:00+09:00,6700.0,6700.0,6700.0,6700.0,0,0.0,0.0,0.0
2024-05-07 00:00:00+09:00,6700.0,6700.0,6700.0,6700.0,0,0.0,0.0,0.0
2024-05-08 00:00:00+09:00,4830.0,4830.0,4830.0,4830.0,10,0.0,0.0,0.0
2024-05-09 00:00:00+09:00,5000.0,5000.0,4110.0,4110.0,43,0.0,0.0,0.0
2024-05-10 00:00:00+09:00,4720.0,4720.0,4495.0,4495.0,3,0.0,0.0,0.0
2024-05-13 00:00:00+09:00,5150.0,5150.0,5150.0,5150.0,2,0.0,0.0,0.0
2024-05-14 00:00:00+09:00,5790.0,5790.0,4380.0,4380.0,511,0.0,0.0,0.0
2024-05-16 00:00:00+09:00,4265.0,4370.0,3730.0,4365.0,507,0.0,0.0,0.0
2024-05-17 00:00:00+09:00,3715.0,4495.0,3715.0,4400.0,103,0.0,0.0,0.0
2024-05-20 00:00:00+09:00,5030.0,5030.0,3740.0,4595.0,24,0.0,0.0,0.0
2024-05-21 00:00:00+09:00,5240.0,5240.0,3910.0,3910.0,10,0.0,0.0,0.0
2024-05-22 00:00:00+09:00,4490.0,4490.0,3325.0,4195.0,3,0.0,0.0,0.0
2024-05-23 00:00:00+09:00,4790.0,4790.0,3570.0,4790.0,39,0.0,0.0,0.0
2024-05-24 00:00:00+09:00,4790.0,4790.0,4785.0,4785.0,2,0.0,0.0,0.0
2024-05-27 00:00:00+09:00,4070.0,4070.0,4070.0,4070.0,1,0.0,0.0,0.0
2024-05-28 00:00:00+09:00,4495.0,4495.0,3460.0,4245.0,13,0.0,0.0,0.0
2024-05-29 00:00:00+09:00,3610.0,3610.0,3610.0,3610.0,10,0.0,0.0,0.0
2024-05-30 00:00:00+09:00,4150.0,4150.0,3070.0,3070.0,92,0.0,0.0,0.0
2024-05-31 00:00:00+09:00,2610.0,2620.0,2610.0,2610.0,1693,0.0,0.0,0.0
2024-06-03 00:00:00+09:00,2940.0,2940.0,2220.0,2220.0,390,0.0,0.0,0.0
2024-06-04 00:00:00+09:00,2490.0,2490.0,1890.0,2490.0,1419,0.0,0.0,0.0
2024-06-05 00:00:00+09:00,2860.0,2860.0,2130.0,2810.0,122,0.0,0.0,0.0
2024-06-07 00:00:00+09:00,3030.0,3030.0,3025.0,3025.0,4,0.0,0.0,0.0
2024-06-10 00:00:00+09:00,3025.0,3470.0,3025.0,3470.0,2,0.0,0.0,0.0
2024-06-11 00:00:00+09:00,3950.0,3950.0,2950.0,3645.0,4,0.0,0.0,0.0
2024-06-12 00:00:00+09:00,4170.0,4170.0,4170.0,4170.0,2,0.0,0.0,0.0
2024-06-13 00:00:00+09:00,4160.0,4165.0,3545.0,3545.0,442,0.0,0.0,0.0
2024-06-14 00:00:00+09:00,4050.0,4050.0,3030.0,4005.0,62,0.0,0.0,0.0
2024-06-17 00:00:00+09:00,4590.0,4590.0,4590.0,4590.0,1,0.0,0.0,0.0
2024-06-18 00:00:00+09:00,4585.0,4585.0,4585.0,4585.0,1,0.0,0.0,0.0
2024-06-19 00:00:00+09:00,3900.0,3900.0,3900.0,3900.0,1,0.0,0.0,0.0
2024-06-20 00:00:00+09:00,3900.0,4295.0,3315.0,3645.0,12,0.0,0.0,0.0
2024-06-21 00:00:00+09:00,4150.0,4150.0,3550.0,4145.0,71,0.0,0.0,0.0
2024-06-24 00:00:00+09:00,4145.0,4145.0,4145.0,4145.0,1,0.0,0.0,0.0
2024-06-25 00:00:00+09:00,4495.0,4495.0,4495.0,4495.0,1,0.0,0.0,0.0
2024-06-26 00:00:00+09:00,4595.0,4595.0,4595.0,4595.0,1,0.0,0.0,0.0
2024-06-27 00:00:00+09:00,3910.0,3910.0,3910.0,3910.0,1,0.0,0.0,0.0
2024-06-28 00:00:00+09:00,4090.0,4090.0,4090.0,4090.0,1,0.0,0.0,0.0
2024-07-01 00:00:00+09:00,4200.0,4200.0,4200.0,4200.0,1,0.0,0.0,0.0
2024-07-02 00:00:00+09:00,4200.0,4200.0,4200.0,4200.0,1,0.0,0.0,0.0
2024-07-03 00:00:00+09:00,4195.0,4195.0,4195.0,4195.0,1,0.0,0.0,0.0
2024-07-04 00:00:00+09:00,4190.0,4190.0,4190.0,4190.0,1,0.0,0.0,0.0
2024-07-05 00:00:00+09:00,4180.0,4180.0,3565.0,4105.0,12,0.0,0.0,0.0
2024-07-08 00:00:00+09:00,4105.0,4105.0,4105.0,4105.0,1,0.0,0.0,0.0
2024-07-09 00:00:00+09:00,4100.0,4100.0,4100.0,4100.0,1,0.0,0.0,0.0
2024-07-10 00:00:00+09:00,4095.0,4095.0,3485.0,4085.0,12,0.0,0.0,0.0
2024-07-11 00:00:00+09:00,4075.0,4075.0,4075.0,4075.0,1,0.0,0.0,0.0
2024-07-12 00:00:00+09:00,4065.0,4065.0,4065.0,4065.0,1,0.0,0.0,0.0
2024-07-15 00:00:00+09:00,4670.0,4670.0,4670.0,4670.0,2,0.0,0.0,0.0
2024-07-16 00:00:00+09:00,4670.0,4670.0,4670.0,4670.0,0,0.0,0.0,0.0
2024-07-17 00:00:00+09:00,3970.0,3970.0,3375.0,3965.0,13,0.0,0.0,0.0
2024-07-18 00:00:00+09:00,3960.0,3960.0,3375.0,3845.0,25,0.0,0.0,0.0
2024-07-19 00:00:00+09:00,3990.0,3990.0,3990.0,3990.0,1,0.0,0.0,0.0
2024-07-22 00:00:00+09:00,3985.0,3985.0,3985.0,3985.0,1,0.0,0.0,0.0
2024-07-23 00:00:00+09:00,3980.0,3980.0,3980.0,3980.0,1,0.0,0.0,0.0
2024-07-24 00:00:00+09:00,3980.0,3980.0,3980.0,3980.0,1,0.0,0.0,0.0
2024-07-25 00:00:00+09:00,3975.0,3975.0,3975.0,3975.0,1,0.0,0.0,0.0
2024-07-26 00:00:00+09:00,3975.0,3975.0,3975.0,3975.0,1,0.0,0.0,0.0
2024-07-29 00:00:00+09:00,3970.0,3970.0,3380.0,3950.0,15,0.0,0.0,0.0
2024-07-30 00:00:00+09:00,3950.0,3950.0,3950.0,3950.0,1,0.0,0.0,0.0
2024-07-31 00:00:00+09:00,3945.0,3945.0,3945.0,3945.0,1,0.0,0.0,0.0
2024-08-01 00:00:00+09:00,3940.0,3940.0,3940.0,3940.0,1,0.0,0.0,0.0
2024-08-02 00:00:00+09:00,3935.0,3935.0,3935.0,3935.0,1,0.0,0.0,0.0
2024-08-05 00:00:00+09:00,4000.0,4520.0,4000.0,4520.0,51,0.0,0.0,0.0
2024-08-06 00:00:00+09:00,3845.0,3845.0,3845.0,3845.0,3,0.0,0.0,0.0
2024-08-07 00:00:00+09:00,4410.0,4410.0,4410.0,4410.0,1,0.0,0.0,0.0
2024-08-08 00:00:00+09:00,4410.0,4410.0,4410.0,4410.0,0,0.0,0.0,0.0
2024-08-09 00:00:00+09:00,4295.0,4295.0,4295.0,4295.0,2,0.0,0.0,0.0
2024-08-12 00:00:00+09:00,4890.0,4890.0,4890.0,4890.0,1,0.0,0.0,0.0
2024-08-13 00:00:00+09:00,5590.0,5590.0,5590.0,5590.0,2,0.0,0.0,0.0
2024-08-14 00:00:00+09:00,5590.0,5590.0,5590.0,5590.0,0,0.0,0.0,0.0
2024-08-16 00:00:00+09:00,5390.0,5390.0,5390.0,5390.0,2,0.0,0.0,0.0
2024-08-19 00:00:00+09:00,4590.0,4590.0,4590.0,4590.0,2,0.0,0.0,0.0
2024-08-20 00:00:00+09:00,3905.0,3905.0,3905.0,3905.0,108,0.0,0.0,0.0
2024-08-21 00:00:00+09:00,4480.0,4480.0,4480.0,4480.0,2,0.0,0.0,0.0
2024-08-22 00:00:00+09:00,3810.0,3810.0,3810.0,3810.0,3,0.0,0.0,0.0
2024-08-23 00:00:00+09:00,4350.0,4350.0,3240.0,4340.0,54,0.0,0.0,0.0
2024-08-26 00:00:00+09:00,4950.0,4950.0,4950.0,4950.0,1,0.0,0.0,0.0
2024-08-27 00:00:00+09:00,4950.0,4950.0,4950.0,4950.0,0,0.0,0.0,0.0
2024-08-28 00:00:00+09:00,4200.0,4200.0,4200.0,4200.0,1,0.0,0.0,0.0
2024-08-29 00:00:00+09:00,4800.0,4800.0,4800.0,4800.0,2,0.0,0.0,0.0
2024-08-30 00:00:00+09:00,4800.0,4800.0,4800.0,4800.0,0,0.0,0.0,0.0
2024-09-02 00:00:00+09:00,4595.0,4595.0,4595.0,4595.0,1,0.0,0.0,0.0
2024-09-03 00:00:00+09:00,4595.0,4595.0,4595.0,4595.0,0,0.0,0.0,0.0
2024-09-04 00:00:00+09:00,4395.0,4395.0,4395.0,4395.0,1,0.0,0.0,0.0
2024-09-05 00:00:00+09:00,3740.0,3740.0,3740.0,3740.0,7,0.0,0.0,0.0
2024-09-06 00:00:00+09:00,4280.0,4280.0,3180.0,3845.0,5,0.0,0.0,0.0
2024-09-09 00:00:00+09:00,4420.0,4420.0,3270.0,3270.0,1941,0.0,0.0,0.0
2024-09-10 00:00:00+09:00,3730.0,3730.0,3730.0,3730.0,2,0.0,0.0,0.0
2024-09-11 00:00:00+09:00,3400.0,3400.0,3400.0,3400.0,2,0.0,0.0,0.0
2024-09-12 00:00:00+09:00,3300.0,3400.0,3300.0,3400.0,8,0.0,0.0,0.0
2024-09-13 00:00:00+09:00,3500.0,3500.0,3480.0,3480.0,5,0.0,0.0,0.0
2024-09-19 00:00:00+09:00,3980.0,3980.0,2960.0,2960.0,52,0.0,0.0,0.0
2024-09-20 00:00:00+09:00,3400.0,3400.0,2530.0,3290.0,38,0.0,0.0,0.0
2024-09-23 00:00:00+09:00,3740.0,3740.0,2800.0,3295.0,22,0.0,0.0,0.0
2024-09-24 00:00:00+09:00,3700.0,3700.0,2805.0,3440.0,3,0.0,0.0,0.0
2024-09-25 00:00:00+09:00,3770.0,3770.0,3770.0,3770.0,2,0.0,0.0,0.0
2024-09-26 00:00:00+09:00,3700.0,3700.0,3205.0,3205.0,5,0.0,0.0,0.0
2024-09-27 00:00:00+09:00,3490.0,3565.0,2725.0,3565.0,33,0.0,0.0,0.0
2024-09-30 00:00:00+09:00,3500.0,3500.0,3500.0,3500.0,1,0.0,0.0,0.0
2024-10-02 00:00:00+09:00,3450.0,3450.0,3450.0,3450.0,1,0.0,0.0,0.0
2024-10-04 00:00:00+09:00,3450.0,3450.0,3450.0,3450.0,2,0.0,0.0,0.0
2024-10-07 00:00:00+09:00,2935.0,3900.0,2935.0,3440.0,84,0.0,0.0,0.0
2024-10-08 00:00:00+09:00,3440.0,3695.0,3440.0,3695.0,11,0.0,0.0,0.0
2024-10-10 00:00:00+09:00,3690.0,3690.0,3690.0,3690.0,1,0.0,0.0,0.0
2024-10-11 00:00:00+09:00,3685.0,3685.0,3685.0,3685.0,1,0.0,0.0,0.0
2024-10-14 00:00:00+09:00,3685.0,3800.0,3685.0,3800.0,11,0.0,0.0,0.0
2024-10-15 00:00:00+09:00,3800.0,3800.0,3800.0,3800.0,0,0.0,0.0,0.0
2024-10-16 00:00:00+09:00,2750.0,3580.0,2750.0,3435.0,49,0.0,0.0,0.0
2024-10-17 00:00:00+09:00,3550.0,3550.0,3550.0,3550.0,2,0.0,0.0,0.0
2024-10-18 00:00:00+09:00,3695.0,3695.0,3425.0,3425.0,3,0.0,0.0,0.0
2024-10-21 00:00:00+09:00,3580.0,3580.0,3580.0,3580.0,2,0.0,0.0,0.0
2024-10-22 00:00:00+09:00,3575.0,3575.0,3575.0,3575.0,1,0.0,0.0,0.0
2024-10-23 00:00:00+09:00,4000.0,4000.0,4000.0,4000.0,1,0.0,0.0,0.0
2024-10-24 00:00:00+09:00,3400.0,3400.0,3400.0,3400.0,1,0.0,0.0,0.0
2024-10-25 00:00:00+09:00,3600.0,3895.0,2890.0,2890.0,6155,0.0,0.0,0.0
2024-10-28 00:00:00+09:00,3320.0,3320.0,2460.0,2795.0,3839,0.0,0.0,0.0
2024-10-29 00:00:00+09:00,3180.0,3180.0,2380.0,3150.0,914,0.0,0.0,0.0
2024-10-30 00:00:00+09:00,3400.0,3400.0,2680.0,3360.0,3,0.0,0.0,0.0
2024-10-31 00:00:00+09:00,2860.0,3360.0,2860.0,3300.0,537,0.0,0.0,0.0
2024-11-01 00:00:00+09:00,3300.0,3300.0,3300.0,3300.0,1,0.0,0.0,0.0
2024-11-04 00:00:00+09:00,3495.0,3495.0,2805.0,3495.0,487,0.0,0.0,0.0
2024-11-05 00:00:00+09:00,2975.0,3685.0,2975.0,2975.0,147,0.0,0.0,0.0
2024-11-06 00:00:00+09:00,3415.0,3415.0,2530.0,3200.0,1064,0.0,0.0,0.0
2024-11-07 00:00:00+09:00,2720.0,3500.0,2720.0,3490.0,686,0.0,0.0,0.0
2024-11-08 00:00:00+09:00,3490.0,3490.0,3490.0,3490.0,0,0.0,0.0,0.0
2024-11-11 00:00:00+09:00,3400.0,3400.0,2525.0,3195.0,195,0.0,0.0,0.0
2024-11-12 00:00:00+09:00,2720.0,3190.0,2720.0,3190.0,60,0.0,0.0,0.0
2024-11-13 00:00:00+09:00,2715.0,3395.0,2715.0,2715.0,190,0.0,0.0,0.0
2024-11-14 00:00:00+09:00,2710.0,3120.0,2310.0,3000.0,630,0.0,0.0,0.0
2024-11-15 00:00:00+09:00,2995.0,2995.0,2995.0,2995.0,2,0.0,0.0,0.0
2024-11-18 00:00:00+09:00,3285.0,3285.0,2555.0,2555.0,1432,0.0,0.0,0.0
2024-11-19 00:00:00+09:00,2930.0,2930.0,2930.0,2930.0,1,0.0,0.0,0.0
2024-11-20 00:00:00+09:00,3270.0,3270.0,2495.0,2990.0,394,0.0,0.0,0.0
2024-11-21 00:00:00+09:00,2700.0,3200.0,2555.0,3170.0,303,0.0,0.0,0.0
2024-11-22 00:00:00+09:00,3275.0,3275.0,2995.0,2995.0,2,0.0,0.0,0.0
2024-11-25 00:00:00+09:00,3435.0,3435.0,3435.0,3435.0,1,0.0,0.0,0.0
2024-11-26 00:00:00+09:00,3435.0,3435.0,3435.0,3435.0,0,0.0,0.0,0.0
2024-11-27 00:00:00+09:00,3090.0,3090.0,2485.0,2895.0,16,0.0,0.0,0.0
2024-11-28 00:00:00+09:00,2980.0,2980.0,2980.0,2980.0,2,0.0,0.0,0.0
2024-11-29 00:00:00+09:00,3045.0,3045.0,2535.0,2995.0,12,0.0,0.0,0.0
2024-12-02 00:00:00+09:00,2990.0,2990.0,2990.0,2990.0,1,0.0,0.0,0.0
2024-12-03 00:00:00+09:00,2995.0,2995.0,2995.0,2995.0,1,0.0,0.0,0.0
2024-12-04 00:00:00+09:00,2990.0,2990.0,2990.0,2990.0,1,0.0,0.0,0.0
2024-12-05 00:00:00+09:00,2990.0,2990.0,2990.0,2990.0,1,0.0,0.0,0.0
2024-12-06 00:00:00+09:00,2990.0,2990.0,2990.0,2990.0,0,0.0,0.0,0.0
2024-12-09 00:00:00+09:00,2980.0,2980.0,2895.0,2895.0,102,0.0,0.0,0.0
2024-12-10 00:00:00+09:00,2995.0,2995.0,2995.0,2995.0,1,0.0,0.0,0.0
2024-12-11 00:00:00+09:00,2985.0,2985.0,2985.0,2985.0,1,0.0,0.0,0.0
2024-12-12 00:00:00+09:00,2985.0,2985.0,2985.0,2985.0,0,0.0,0.0,0.0
2024-12-13 00:00:00+09:00,2890.0,2890.0,2890.0,2890.0,1,0.0,0.0,0.0
2024-12-16 00:00:00+09:00,2975.0,2975.0,2975.0,2975.0,1,0.0,0.0,0.0
2024-12-17 00:00:00+09:00,2960.0,2960.0,2960.0,2960.0,1,0.0,0.0,0.0
2024-12-18 00:00:00+09:00,2960.0,2960.0,2960.0,2960.0,1,0.0,0.0,0.0
2024-12-19 00:00:00+09:00,2600.0,2600.0,2600.0,2600.0,1,0.0,0.0,0.0
2024-12-20 00:00:00+09:00,2600.0,2600.0,2600.0,2600.0,0,0.0,0.0,0.0
2024-12-23 00:00:00+09:00,1880.0,2495.0,1880.0,2495.0,83,0.0,0.0,0.0
2024-12-24 00:00:00+09:00,2690.0,2690.0,2125.0,2680.0,12,0.0,0.0,0.0
2024-12-26 00:00:00+09:00,2675.0,2675.0,2280.0,2645.0,23,0.0,0.0,0.0
2024-12-27 00:00:00+09:00,2645.0,2645.0,2645.0,2645.0,0,0.0,0.0,0.0
