Date,Open,High,Low,Close,Volume,Dividends,Stock Splits
2020-07-27 00:00:00+09:00,20700.0,23800.0,19425.0,21500.0,5683528,0.0,0.0
2020-07-28 00:00:00+09:00,21975.0,24625.0,21750.0,23200.0,2603348,0.0,0.0
2020-07-29 00:00:00+09:00,22675.0,24100.0,22650.0,23150.0,726938,0.0,0.0
2020-07-30 00:00:00+09:00,23500.0,23800.0,22350.0,22900.0,407250,0.0,0.0
2020-07-31 00:00:00+09:00,22750.0,23000.0,21800.0,21900.0,369692,0.0,0.0
2020-08-03 00:00:00+09:00,21900.0,22475.0,20600.0,21900.0,286138,0.0,0.0
2020-08-04 00:00:00+09:00,21675.0,22475.0,21450.0,22175.0,163816,0.0,0.0
2020-08-05 00:00:00+09:00,22200.0,24750.0,22200.0,24750.0,1024958,0.0,0.0
2020-08-06 00:00:00+09:00,24800.0,26000.0,23950.0,25450.0,654050,0.0,0.0
2020-08-07 00:00:00+09:00,25300.0,25750.0,24825.0,25500.0,347076,0.0,0.0
2020-08-10 00:00:00+09:00,25500.0,26000.0,24550.0,25000.0,348554,0.0,0.0
2020-08-11 00:00:00+09:00,25200.0,26500.0,24100.0,25800.0,231280,0.0,0.0
2020-08-12 00:00:00+09:00,26000.0,27500.0,25150.0,26350.0,430396,0.0,0.0
2020-08-13 00:00:00+09:00,26300.0,27150.0,24225.0,24400.0,687758,0.0,0.0
2020-08-14 00:00:00+09:00,24950.0,24975.0,21725.0,24000.0,656828,0.0,0.0
2020-08-18 00:00:00+09:00,23950.0,23950.0,21700.0,21750.0,266124,0.0,0.0
2020-08-19 00:00:00+09:00,21650.0,22475.0,21300.0,22300.0,262310,0.0,0.0
2020-08-20 00:00:00+09:00,22300.0,22300.0,20475.0,20800.0,225120,0.0,0.0
2020-08-21 00:00:00+09:00,21100.0,21250.0,19375.0,20500.0,359648,0.0,0.0
2020-08-24 00:00:00+09:00,20300.0,21475.0,19375.0,21450.0,251550,0.0,0.0
2020-08-25 00:00:00+09:00,21500.0,22100.0,20825.0,21750.0,173256,0.0,0.0
2020-08-26 00:00:00+09:00,21775.0,21800.0,20625.0,21000.0,135006,0.0,0.0
2020-08-27 00:00:00+09:00,20975.0,22100.0,20050.0,20450.0,209200,0.0,0.0
2020-08-28 00:00:00+09:00,20525.0,20675.0,19550.0,19675.0,196320,0.0,0.0
2020-08-31 00:00:00+09:00,19925.0,19925.0,18450.0,18700.0,351914,0.0,0.0
2020-09-01 00:00:00+09:00,18900.0,18950.0,18050.0,18400.0,321488,0.0,0.0
2020-09-02 00:00:00+09:00,18400.0,20225.0,18325.0,19825.0,444974,0.0,0.0
2020-09-03 00:00:00+09:00,19950.0,21225.0,19825.0,20250.0,322336,0.0,0.0
2020-09-04 00:00:00+09:00,19450.0,20225.0,19275.0,20000.0,242290,0.0,0.0
2020-09-07 00:00:00+09:00,20250.0,20250.0,19475.0,19725.0,164986,0.0,0.0
2020-09-08 00:00:00+09:00,19725.0,19750.0,19050.0,19100.0,160344,0.0,0.0
2020-09-09 00:00:00+09:00,18700.0,19225.0,18500.0,18875.0,228296,0.0,0.0
2020-09-10 00:00:00+09:00,18925.0,20000.0,18925.0,19550.0,167234,0.0,0.0
2020-09-11 00:00:00+09:00,19600.0,20725.0,19000.0,20025.0,264078,0.0,0.0
2020-09-14 00:00:00+09:00,20550.0,21225.0,20300.0,20850.0,213984,0.0,0.0
2020-09-15 00:00:00+09:00,20875.0,20925.0,20100.0,20550.0,110588,0.0,0.0
2020-09-16 00:00:00+09:00,20850.0,20875.0,19925.0,20275.0,85284,0.0,0.0
2020-09-17 00:00:00+09:00,20000.0,20450.0,19400.0,19625.0,118970,0.0,0.0
2020-09-18 00:00:00+09:00,19500.0,19875.0,19325.0,19650.0,56580,0.0,0.0
2020-09-21 00:00:00+09:00,19650.0,19650.0,18750.0,18975.0,124480,0.0,0.0
2020-09-22 00:00:00+09:00,18675.0,18950.0,18250.0,18525.0,120056,0.0,0.0
2020-09-23 00:00:00+09:00,18575.0,19025.0,18525.0,18750.0,66654,0.0,0.0
2020-09-24 00:00:00+09:00,18325.0,18525.0,17600.0,17650.0,97832,0.0,0.0
2020-09-25 00:00:00+09:00,17650.0,18075.0,17275.0,17925.0,98924,0.0,0.0
2020-09-28 00:00:00+09:00,17950.0,18500.0,17950.0,18500.0,36714,0.0,0.0
2020-09-29 00:00:00+09:00,18600.0,18850.0,18100.0,18600.0,35150,0.0,0.0
2020-10-05 00:00:00+09:00,18625.0,18700.0,18425.0,18700.0,44892,0.0,0.0
2020-10-06 00:00:00+09:00,18775.0,18775.0,18300.0,18450.0,77802,0.0,0.0
2020-10-07 00:00:00+09:00,18400.0,18500.0,18175.0,18400.0,67182,0.0,0.0
2020-10-08 00:00:00+09:00,18550.0,18750.0,18450.0,18575.0,108740,0.0,0.0
2020-10-12 00:00:00+09:00,18750.0,20225.0,18750.0,20100.0,305874,0.0,0.0
2020-10-13 00:00:00+09:00,20500.0,21075.0,20125.0,20325.0,214020,0.0,0.0
2020-10-14 00:00:00+09:00,20525.0,21075.0,19875.0,20375.0,217088,0.0,0.0
2020-10-15 00:00:00+09:00,20150.0,20150.0,19300.0,19775.0,99544,0.0,0.0
2020-10-16 00:00:00+09:00,19650.0,19650.0,19075.0,19325.0,129770,0.0,0.0
2020-10-19 00:00:00+09:00,19350.0,21000.0,19325.0,20275.0,366728,0.0,0.0
2020-10-20 00:00:00+09:00,20275.0,21275.0,19675.0,21200.0,272168,0.0,0.0
2020-10-21 00:00:00+09:00,21200.0,21925.0,20900.0,21600.0,265448,0.0,0.0
2020-10-22 00:00:00+09:00,21350.0,21600.0,20975.0,21450.0,148344,0.0,0.0
2020-10-23 00:00:00+09:00,21125.0,22050.0,21100.0,21250.0,160762,0.0,0.0
2020-10-26 00:00:00+09:00,21450.0,22450.0,20800.0,21300.0,267390,0.0,0.0
2020-10-27 00:00:00+09:00,21050.0,21175.0,20075.0,20425.0,154602,0.0,0.0
2020-10-28 00:00:00+09:00,20650.0,21750.0,20250.0,21450.0,128352,0.0,0.0
2020-10-29 00:00:00+09:00,20975.0,21175.0,20600.0,20975.0,90040,0.0,0.0
2020-10-30 00:00:00+09:00,20975.0,21300.0,20450.0,20450.0,103752,0.0,0.0
2020-11-02 00:00:00+09:00,20450.0,20500.0,19750.0,20350.0,80798,0.0,0.0
2020-11-03 00:00:00+09:00,20475.0,20475.0,19950.0,20000.0,91850,0.0,0.0
2020-11-04 00:00:00+09:00,20050.0,20350.0,19950.0,20125.0,60676,0.0,0.0
2020-11-05 00:00:00+09:00,20150.0,21025.0,20000.0,20750.0,153374,0.0,0.0
2020-11-06 00:00:00+09:00,21225.0,22200.0,20675.0,21525.0,224268,0.0,0.0
2020-11-09 00:00:00+09:00,22250.0,23125.0,21925.0,22450.0,474526,0.0,0.0
2020-11-10 00:00:00+09:00,23000.0,24025.0,22325.0,23900.0,359514,0.0,0.0
2020-11-11 00:00:00+09:00,23900.0,24200.0,23050.0,24000.0,167364,0.0,0.0
2020-11-12 00:00:00+09:00,23750.0,24325.0,23575.0,23900.0,122606,0.0,0.0
2020-11-13 00:00:00+09:00,23800.0,24100.0,22725.0,23825.0,227666,0.0,0.0
2020-11-16 00:00:00+09:00,23825.0,23825.0,22950.0,23300.0,193826,0.0,0.0
2020-11-17 00:00:00+09:00,23025.0,23825.0,22500.0,23475.0,209064,0.0,0.0
2020-11-18 00:00:00+09:00,23275.0,23750.0,22475.0,22650.0,194578,0.0,0.0
2020-11-19 00:00:00+09:00,22475.0,22475.0,21400.0,21500.0,226848,0.0,0.0
2020-11-20 00:00:00+09:00,21400.0,21975.0,21400.0,21625.0,131970,0.0,0.0
2020-11-23 00:00:00+09:00,21600.0,22525.0,21325.0,22000.0,167542,0.0,0.0
2020-11-24 00:00:00+09:00,22000.0,22375.0,21450.0,21650.0,267920,0.0,0.0
2020-11-25 00:00:00+09:00,21700.0,21875.0,20700.0,21150.0,219786,0.0,0.0
2020-11-26 00:00:00+09:00,21100.0,21100.0,20125.0,20400.0,232818,0.0,0.0
2020-11-27 00:00:00+09:00,20400.0,20600.0,20150.0,20550.0,116550,0.0,0.0
2020-11-30 00:00:00+09:00,20850.0,21750.0,20400.0,21250.0,331760,0.0,0.0
2020-12-01 00:00:00+09:00,21250.0,22075.0,21250.0,21700.0,178476,0.0,0.0
2020-12-02 00:00:00+09:00,21700.0,21950.0,21275.0,21850.0,70526,0.0,0.0
2020-12-03 00:00:00+09:00,21825.0,21825.0,19450.0,19500.0,482396,0.0,0.0
2020-12-04 00:00:00+09:00,20425.0,21850.0,20350.0,21450.0,723148,0.0,0.0
2020-12-07 00:00:00+09:00,21450.0,21450.0,20500.0,21125.0,195334,0.0,0.0
2020-12-08 00:00:00+09:00,21025.0,21300.0,20750.0,21200.0,92706,0.0,0.0
2020-12-09 00:00:00+09:00,21150.0,21400.0,20750.0,20800.0,98272,0.0,0.0
2020-12-10 00:00:00+09:00,20850.0,20975.0,20400.0,20825.0,59766,0.0,0.0
2020-12-11 00:00:00+09:00,20925.0,20925.0,20500.0,20750.0,75122,0.0,0.0
2020-12-14 00:00:00+09:00,20425.0,20550.0,19875.0,20050.0,207628,0.0,0.0
2020-12-15 00:00:00+09:00,20000.0,20275.0,19800.0,20025.0,65206,0.0,0.0
2020-12-16 00:00:00+09:00,19850.0,20050.0,19475.0,19675.0,189890,0.0,0.0
2020-12-17 00:00:00+09:00,19725.0,20000.0,19650.0,19875.0,117910,0.0,0.0
2020-12-18 00:00:00+09:00,20000.0,20375.0,19850.0,20250.0,137188,0.0,0.0
2020-12-21 00:00:00+09:00,20050.0,20425.0,20000.0,20225.0,81800,0.0,0.0
2020-12-22 00:00:00+09:00,20075.0,20225.0,19700.0,19825.0,74548,0.0,0.0
2020-12-23 00:00:00+09:00,19825.0,19875.0,19000.0,19200.0,170278,0.0,0.0
2020-12-24 00:00:00+09:00,19425.0,19600.0,19275.0,19550.0,80338,0.0,0.0
2020-12-28 00:00:00+09:00,19500.0,19525.0,18775.0,18925.0,188556,0.0,0.0
2020-12-29 00:00:00+09:00,19000.0,19150.0,18775.0,19150.0,61364,0.0,0.0
2020-12-30 00:00:00+09:00,19150.0,19925.0,19150.0,19800.0,113102,0.0,0.0
2021-01-04 00:00:00+09:00,19800.0,19875.0,19325.0,19425.0,134044,0.0,0.0
2021-01-05 00:00:00+09:00,19550.0,19725.0,18925.0,19700.0,148180,0.0,0.0
2021-01-06 00:00:00+09:00,19800.0,19800.0,19350.0,19625.0,106250,0.0,0.0
2021-01-07 00:00:00+09:00,19650.0,20225.0,19500.0,19825.0,270816,0.0,0.0
2021-01-08 00:00:00+09:00,19975.0,19975.0,19650.0,19750.0,201174,0.0,0.0
2021-01-11 00:00:00+09:00,19800.0,19925.0,19050.0,19550.0,169734,0.0,0.0
2021-01-12 00:00:00+09:00,19350.0,19575.0,19025.0,19375.0,101806,0.0,0.0
2021-01-13 00:00:00+09:00,19700.0,20750.0,19400.0,20650.0,431570,0.0,0.0
2021-01-14 00:00:00+09:00,20800.0,21100.0,20375.0,20800.0,185592,0.0,0.0
2021-01-15 00:00:00+09:00,20800.0,20900.0,20100.0,20250.0,95364,0.0,0.0
2021-01-18 00:00:00+09:00,20250.0,20250.0,19625.0,19800.0,102514,0.0,0.0
2021-01-19 00:00:00+09:00,19950.0,20425.0,19825.0,20400.0,101570,0.0,0.0
2021-01-20 00:00:00+09:00,20300.0,20500.0,20075.0,20325.0,87700,0.0,0.0
2021-01-21 00:00:00+09:00,20450.0,20625.0,20225.0,20575.0,112212,0.0,0.0
2021-01-22 00:00:00+09:00,20800.0,21250.0,20275.0,21250.0,254924,0.0,0.0
2021-01-25 00:00:00+09:00,21125.0,21400.0,20675.0,21175.0,165698,0.0,0.0
2021-01-26 00:00:00+09:00,21175.0,21600.0,20700.0,21050.0,196352,0.0,0.0
2021-01-27 00:00:00+09:00,21000.0,21050.0,20400.0,20575.0,173836,0.0,0.0
2021-01-28 00:00:00+09:00,20000.0,20350.0,19500.0,19775.0,219378,0.0,0.0
2021-01-29 00:00:00+09:00,19775.0,19850.0,18900.0,19250.0,228260,0.0,0.0
2021-02-01 00:00:00+09:00,19250.0,19450.0,18875.0,19225.0,109390,0.0,0.0
2021-02-02 00:00:00+09:00,19425.0,19850.0,19175.0,19775.0,85482,0.0,0.0
2021-02-03 00:00:00+09:00,19850.0,20050.0,19650.0,19950.0,95580,0.0,0.0
2021-02-04 00:00:00+09:00,19950.0,20050.0,19725.0,20050.0,78520,0.0,0.0
2021-02-05 00:00:00+09:00,20125.0,21125.0,20125.0,21050.0,233850,0.0,0.0
2021-02-08 00:00:00+09:00,21000.0,21425.0,20625.0,21425.0,185354,0.0,0.0
2021-02-09 00:00:00+09:00,21425.0,23125.0,21275.0,22775.0,701124,0.0,0.0
2021-02-10 00:00:00+09:00,22775.0,23225.0,22025.0,23175.0,405542,0.0,0.0
2021-02-15 00:00:00+09:00,23400.0,23975.0,23125.0,23600.0,1007000,0.0,0.0
2021-02-16 00:00:00+09:00,23825.0,26850.0,23750.0,25550.0,1514144,0.0,0.0
2021-02-17 00:00:00+09:00,25850.0,26650.0,25250.0,25400.0,430586,0.0,0.0
2021-02-18 00:00:00+09:00,25400.0,27150.0,24675.0,26500.0,615140,0.0,0.0
2021-02-19 00:00:00+09:00,26150.0,26750.0,25300.0,25800.0,361058,0.0,0.0
2021-02-22 00:00:00+09:00,25900.0,26400.0,24975.0,25150.0,200042,0.0,0.0
2021-02-23 00:00:00+09:00,24900.0,27100.0,24550.0,25900.0,401128,0.0,0.0
2021-02-24 00:00:00+09:00,25700.0,26850.0,25300.0,25600.0,348114,0.0,0.0
2021-02-25 00:00:00+09:00,26000.0,26300.0,25300.0,25650.0,172008,0.0,0.0
2021-02-26 00:00:00+09:00,25050.0,26350.0,24700.0,26250.0,252386,0.0,0.0
2021-03-02 00:00:00+09:00,27250.0,28250.0,26200.0,27150.0,460874,0.0,0.0
2021-03-03 00:00:00+09:00,27200.0,28550.0,26550.0,27750.0,354382,0.0,0.0
2021-03-04 00:00:00+09:00,27100.0,28650.0,27000.0,27950.0,193192,0.0,0.0
2021-03-05 00:00:00+09:00,27850.0,28300.0,27500.0,28300.0,185630,0.0,0.0
2021-03-08 00:00:00+09:00,28700.0,29900.0,27650.0,27650.0,192044,0.0,0.0
2021-03-09 00:00:00+09:00,27950.0,28850.0,27100.0,28350.0,202502,0.0,0.0
2021-03-10 00:00:00+09:00,28350.0,29400.0,28100.0,28850.0,123450,0.0,0.0
2021-03-11 00:00:00+09:00,28700.0,29250.0,27400.0,28250.0,165974,0.0,0.0
2021-03-12 00:00:00+09:00,28250.0,28250.0,27200.0,27500.0,177422,0.0,0.0
2021-03-15 00:00:00+09:00,27500.0,27750.0,26850.0,27100.0,161214,0.0,0.0
2021-03-16 00:00:00+09:00,27100.0,29100.0,27050.0,28950.0,251650,0.0,0.0
2021-03-17 00:00:00+09:00,28900.0,29400.0,28350.0,29300.0,96018,0.0,0.0
2021-03-18 00:00:00+09:00,29650.0,29650.0,28650.0,29150.0,91576,0.0,0.0
2021-03-19 00:00:00+09:00,28950.0,29000.0,28550.0,28850.0,69374,0.0,0.0
2021-03-22 00:00:00+09:00,28850.0,29050.0,27900.0,28600.0,133798,0.0,0.0
2021-03-23 00:00:00+09:00,28600.0,28700.0,27550.0,27900.0,117276,0.0,0.0
2021-03-24 00:00:00+09:00,27550.0,28750.0,27050.0,28550.0,160010,0.0,0.0
2021-03-25 00:00:00+09:00,28300.0,28550.0,27600.0,28000.0,115862,0.0,0.0
2021-03-26 00:00:00+09:00,28100.0,28250.0,26950.0,27850.0,169776,0.0,0.0
2021-03-29 00:00:00+09:00,27600.0,27600.0,26300.0,26400.0,194028,0.0,0.0
2021-03-30 00:00:00+09:00,26250.0,26950.0,25750.0,26550.0,198174,0.0,0.0
2021-03-31 00:00:00+09:00,26550.0,26600.0,25800.0,26200.0,132366,0.0,0.0
2021-04-01 00:00:00+09:00,26000.0,26750.0,25400.0,26650.0,178248,0.0,0.0
2021-04-02 00:00:00+09:00,26650.0,26650.0,25550.0,26450.0,236678,0.0,0.0
2021-04-05 00:00:00+09:00,26450.0,27050.0,25850.0,26900.0,116242,0.0,0.0
2021-04-06 00:00:00+09:00,27100.0,28650.0,26950.0,27850.0,317834,0.0,0.0
2021-04-07 00:00:00+09:00,27800.0,27950.0,26850.0,27450.0,200584,0.0,0.0
2021-04-08 00:00:00+09:00,27200.0,27950.0,26900.0,27600.0,88378,0.0,0.0
2021-04-09 00:00:00+09:00,27700.0,28500.0,27650.0,28000.0,183190,0.0,0.0
2021-04-12 00:00:00+09:00,28000.0,28550.0,27900.0,28100.0,99624,0.0,0.0
2021-04-13 00:00:00+09:00,28100.0,28250.0,27500.0,27950.0,115854,0.0,0.0
2021-04-14 00:00:00+09:00,27650.0,28100.0,27500.0,27950.0,65762,0.0,0.0
2021-04-15 00:00:00+09:00,28000.0,28550.0,27850.0,28450.0,114528,0.0,0.0
2021-04-16 00:00:00+09:00,28600.0,28600.0,27750.0,28250.0,76986,0.0,0.0
2021-04-19 00:00:00+09:00,28450.0,28550.0,27850.0,28050.0,132118,0.0,0.0
2021-04-20 00:00:00+09:00,28100.0,28150.0,27250.0,27350.0,206882,0.0,0.0
2021-04-21 00:00:00+09:00,27350.0,27400.0,26700.0,27050.0,122004,0.0,0.0
2021-04-22 00:00:00+09:00,27000.0,27250.0,26500.0,27100.0,87730,0.0,0.0
2021-04-23 00:00:00+09:00,26850.0,27200.0,26500.0,27150.0,55068,0.0,0.0
2021-04-26 00:00:00+09:00,27350.0,27350.0,26800.0,27150.0,99014,0.0,0.0
2021-04-27 00:00:00+09:00,27150.0,27200.0,26700.0,27000.0,92692,0.0,0.0
2021-04-28 00:00:00+09:00,27100.0,27300.0,26500.0,26800.0,123152,0.0,0.0
2021-04-29 00:00:00+09:00,26650.0,27000.0,26350.0,26750.0,104944,0.0,0.0
2021-04-30 00:00:00+09:00,26800.0,27200.0,26300.0,26750.0,141786,0.0,0.0
2021-05-03 00:00:00+09:00,27100.0,28300.0,26950.0,27100.0,253384,0.0,0.0
2021-05-04 00:00:00+09:00,27400.0,28050.0,27000.0,27300.0,171562,0.0,0.0
2021-05-06 00:00:00+09:00,27500.0,28300.0,27400.0,28150.0,138006,0.0,0.0
2021-05-07 00:00:00+09:00,28300.0,28650.0,27700.0,28350.0,163778,0.0,0.0
2021-05-10 00:00:00+09:00,28400.0,30900.0,27750.0,30000.0,561560,0.0,0.0
2021-05-11 00:00:00+09:00,30350.0,32350.0,30150.0,31450.0,564572,0.0,0.0
2021-05-12 00:00:00+09:00,31050.0,32300.0,30850.0,31800.0,350940,0.0,0.0
2021-05-13 00:00:00+09:00,30900.0,31350.0,28450.0,29250.0,893652,0.0,0.0
2021-05-14 00:00:00+09:00,29800.0,30200.0,28700.0,29600.0,282156,0.0,0.0
2021-05-17 00:00:00+09:00,30100.0,30900.0,29250.0,29800.0,238026,0.0,0.0
2021-05-18 00:00:00+09:00,29800.0,31250.0,28750.0,30550.0,191308,0.0,0.0
2021-05-20 00:00:00+09:00,30100.0,30500.0,29350.0,30200.0,121812,0.0,0.0
2021-05-21 00:00:00+09:00,29850.0,30400.0,29050.0,29550.0,136592,0.0,0.0
2021-05-24 00:00:00+09:00,29550.0,29600.0,28550.0,29500.0,105398,0.0,0.0
2021-05-25 00:00:00+09:00,29450.0,30700.0,29150.0,30300.0,113222,0.0,0.0
2021-05-26 00:00:00+09:00,30450.0,30450.0,29650.0,30050.0,75034,0.0,0.0
2021-05-27 00:00:00+09:00,30300.0,32050.0,29900.0,31200.0,256942,0.0,0.0
2021-05-28 00:00:00+09:00,31900.0,31900.0,30200.0,30350.0,99944,0.0,0.0
2021-05-31 00:00:00+09:00,30700.0,30850.0,29650.0,29850.0,111120,0.0,0.0
2021-06-01 00:00:00+09:00,29750.0,30150.0,29400.0,29900.0,77492,0.0,0.0
2021-06-02 00:00:00+09:00,30000.0,30200.0,29350.0,29450.0,106202,0.0,0.0
2021-06-03 00:00:00+09:00,29450.0,29650.0,29000.0,29200.0,60742,0.0,0.0
2021-06-04 00:00:00+09:00,29100.0,29450.0,28950.0,29050.0,31398,0.0,0.0
2021-06-07 00:00:00+09:00,29000.0,29050.0,28300.0,28400.0,90758,0.0,0.0
2021-06-08 00:00:00+09:00,28400.0,30250.0,28400.0,29500.0,108548,0.0,0.0
2021-06-09 00:00:00+09:00,29150.0,30100.0,29150.0,29350.0,71850,0.0,0.0
2021-06-10 00:00:00+09:00,29350.0,30400.0,28850.0,30250.0,73882,0.0,0.0
2021-06-11 00:00:00+09:00,30000.0,31100.0,29400.0,29750.0,87752,0.0,0.0
2021-06-14 00:00:00+09:00,32000.0,32350.0,30000.0,30100.0,646266,0.0,0.0
2021-06-15 00:00:00+09:00,30350.0,34850.0,30050.0,33400.0,1057040,0.0,0.0
2021-06-16 00:00:00+09:00,33050.0,33150.0,32550.0,32800.0,312976,0.0,0.0
2021-06-17 00:00:00+09:00,32500.0,34200.0,32300.0,32700.0,301734,0.0,0.0
2021-06-18 00:00:00+09:00,32550.0,34050.0,31950.0,33550.0,205354,0.0,0.0
2021-06-21 00:00:00+09:00,33250.0,33750.0,32450.0,33000.0,185236,0.0,0.0
2021-06-22 00:00:00+09:00,33050.0,33750.0,32550.0,33300.0,94540,0.0,0.0
2021-06-23 00:00:00+09:00,33650.0,38000.0,33350.0,36650.0,794124,0.0,0.0
2021-06-24 00:00:00+09:00,36800.0,37450.0,35300.0,35300.0,201864,0.0,0.0
2021-06-25 00:00:00+09:00,36300.0,38000.0,35650.0,36700.0,382768,0.0,0.0
2021-06-28 00:00:00+09:00,36700.0,37400.0,36050.0,36350.0,164226,0.0,0.0
2021-06-29 00:00:00+09:00,36350.0,38800.0,36350.0,37400.0,322412,0.0,0.0
2021-06-30 00:00:00+09:00,37350.0,37500.0,36650.0,37100.0,121056,0.0,0.0
2021-07-01 00:00:00+09:00,37450.0,38500.0,36300.0,38200.0,221282,0.0,0.0
2021-07-02 00:00:00+09:00,38300.0,38450.0,37400.0,38200.0,153210,0.0,0.0
2021-07-05 00:00:00+09:00,37800.0,38250.0,35250.0,35400.0,356680,0.0,0.0
2021-07-06 00:00:00+09:00,35500.0,36150.0,35200.0,35550.0,191908,0.0,0.0
2021-07-07 00:00:00+09:00,35600.0,35750.0,34550.0,35000.0,192522,0.0,0.0
2021-07-08 00:00:00+09:00,35000.0,35600.0,34600.0,35100.0,128840,0.0,0.0
2021-07-09 00:00:00+09:00,34800.0,35450.0,33650.0,34950.0,204106,0.0,0.0
2021-07-12 00:00:00+09:00,34950.0,36250.0,34250.0,35900.0,148840,0.0,0.0
2021-07-13 00:00:00+09:00,36000.0,36500.0,35250.0,35650.0,111222,0.0,0.0
2021-07-14 00:00:00+09:00,35650.0,36550.0,35400.0,36400.0,79184,0.0,0.0
2021-07-15 00:00:00+09:00,36950.0,37500.0,35750.0,36550.0,154116,0.0,0.0
2021-07-16 00:00:00+09:00,36950.0,37850.0,36600.0,37350.0,216304,0.0,0.0
2021-07-19 00:00:00+09:00,37900.0,40700.0,36750.0,37900.0,945696,0.0,0.0
2021-07-20 00:00:00+09:00,33900.0,35250.0,30800.0,31150.0,1753578,0.0,0.0
2021-07-21 00:00:00+09:00,32000.0,32050.0,30550.0,30800.0,389254,0.0,0.0
2021-07-22 00:00:00+09:00,30800.0,33250.0,30300.0,33050.0,585438,0.0,0.0
2021-07-23 00:00:00+09:00,32700.0,34700.0,32500.0,34000.0,340318,0.0,0.0
2021-07-26 00:00:00+09:00,34950.0,35200.0,34100.0,34550.0,265430,0.0,0.0
2021-07-27 00:00:00+09:00,34550.0,34900.0,33400.0,33800.0,188334,0.0,0.0
2021-07-28 00:00:00+09:00,33750.0,34100.0,32700.0,33100.0,149554,0.0,0.0
2021-07-29 00:00:00+09:00,33250.0,36250.0,33250.0,35800.0,412326,0.0,0.0
2021-07-30 00:00:00+09:00,35850.0,36700.0,35150.0,35850.0,420234,0.0,0.0
2021-08-02 00:00:00+09:00,38000.0,38000.0,34050.0,35950.0,280995,0.0,0.0
2021-08-03 00:00:00+09:00,35950.0,35950.0,33900.0,34100.0,137757,0.0,0.0
2021-08-04 00:00:00+09:00,34350.0,34900.0,33350.0,34700.0,63619,0.0,0.0
2021-08-05 00:00:00+09:00,34350.0,35200.0,34100.0,34750.0,36904,0.0,0.0
2021-08-06 00:00:00+09:00,34300.0,35000.0,33900.0,34150.0,45391,0.0,0.0
2021-08-09 00:00:00+09:00,34450.0,34450.0,33300.0,33550.0,39403,0.0,0.0
2021-08-10 00:00:00+09:00,33600.0,33700.0,32000.0,33500.0,46181,0.0,0.0
2021-08-11 00:00:00+09:00,32950.0,33650.0,32400.0,33400.0,75836,0.0,0.0
2021-08-12 00:00:00+09:00,33600.0,34900.0,32500.0,34650.0,106099,0.0,0.0
2021-08-13 00:00:00+09:00,34750.0,34800.0,33300.0,34250.0,50040,0.0,0.0
2021-08-17 00:00:00+09:00,34400.0,34400.0,32650.0,32650.0,54265,0.0,0.0
2021-08-18 00:00:00+09:00,32050.0,33150.0,32050.0,32900.0,31628,0.0,0.0
2021-08-19 00:00:00+09:00,32600.0,33000.0,31000.0,31100.0,78529,0.0,0.0
2021-08-20 00:00:00+09:00,32400.0,32400.0,30350.0,31700.0,100612,0.0,0.0
2021-08-23 00:00:00+09:00,32450.0,39450.0,32100.0,35900.0,517403,0.0,0.0
2021-08-24 00:00:00+09:00,35900.0,36600.0,35700.0,36550.0,106840,0.0,0.0
2021-08-25 00:00:00+09:00,36250.0,36950.0,36050.0,36550.0,71044,0.0,0.0
2021-08-26 00:00:00+09:00,35900.0,36550.0,35200.0,36200.0,40998,0.0,0.0
2021-08-27 00:00:00+09:00,36000.0,36200.0,35000.0,35000.0,46920,0.0,0.0
2021-08-30 00:00:00+09:00,33050.0,34000.0,32600.0,33450.0,279406,0.0,0.0
2021-08-31 00:00:00+09:00,33250.0,33300.0,31850.0,32750.0,172792,0.0,0.0
2021-09-01 00:00:00+09:00,32500.0,33000.0,32300.0,32800.0,99010,0.0,0.0
2021-09-02 00:00:00+09:00,32700.0,33250.0,32400.0,33250.0,75633,0.0,0.0
2021-09-03 00:00:00+09:00,33200.0,33600.0,32500.0,33450.0,129432,0.0,0.0
2021-09-06 00:00:00+09:00,33450.0,33450.0,32600.0,32800.0,64998,0.0,0.0
2021-09-07 00:00:00+09:00,32800.0,32800.0,31400.0,31800.0,138608,0.0,0.0
2021-09-08 00:00:00+09:00,32100.0,32600.0,31000.0,31550.0,125853,0.0,0.0
2021-09-09 00:00:00+09:00,31600.0,31900.0,31000.0,31400.0,53419,0.0,0.0
2021-09-10 00:00:00+09:00,31350.0,32400.0,31050.0,32000.0,71682,0.0,0.0
2021-09-13 00:00:00+09:00,32000.0,33050.0,31300.0,31900.0,79991,0.0,0.0
2021-09-14 00:00:00+09:00,32250.0,33200.0,32000.0,32600.0,68292,0.0,0.0
2021-09-15 00:00:00+09:00,33000.0,33150.0,32150.0,32950.0,53054,0.0,0.0
2021-09-16 00:00:00+09:00,33000.0,33350.0,32150.0,32600.0,59917,0.0,0.0
2021-09-17 00:00:00+09:00,32350.0,32600.0,31650.0,32450.0,290419,0.0,0.0
2021-09-23 00:00:00+09:00,31650.0,32300.0,31100.0,31450.0,64650,0.0,0.0
2021-09-24 00:00:00+09:00,31550.0,32450.0,31450.0,31500.0,47084,0.0,0.0
2021-09-27 00:00:00+09:00,31250.0,32100.0,31000.0,31050.0,50779,0.0,0.0
2021-09-28 00:00:00+09:00,31000.0,31400.0,30500.0,30500.0,49449,0.0,0.0
2021-09-29 00:00:00+09:00,29900.0,30950.0,29500.0,30750.0,87663,0.0,0.0
2021-09-30 00:00:00+09:00,31200.0,31200.0,29500.0,29800.0,85373,0.0,0.0
2021-10-01 00:00:00+09:00,29650.0,29650.0,28150.0,28150.0,146443,0.0,0.0
2021-10-05 00:00:00+09:00,27700.0,28100.0,26950.0,28050.0,92371,0.0,0.0
2021-10-06 00:00:00+09:00,28000.0,28750.0,26700.0,26900.0,99212,0.0,0.0
2021-10-07 00:00:00+09:00,27000.0,28300.0,27000.0,27900.0,63953,0.0,0.0
2021-10-08 00:00:00+09:00,28650.0,28650.0,27100.0,27500.0,54508,0.0,0.0
2021-10-12 00:00:00+09:00,27600.0,27900.0,27100.0,27650.0,58965,0.0,0.0
2021-10-13 00:00:00+09:00,28100.0,29650.0,27750.0,28550.0,64782,0.0,0.0
2021-10-14 00:00:00+09:00,29400.0,30400.0,28900.0,30000.0,76937,0.0,0.0
2021-10-15 00:00:00+09:00,30200.0,30400.0,29150.0,30050.0,78040,0.0,0.0
2021-10-18 00:00:00+09:00,31500.0,32450.0,31000.0,31650.0,287920,0.0,0.0
2021-10-19 00:00:00+09:00,31650.0,31850.0,30750.0,31850.0,133133,0.0,0.0
2021-10-20 00:00:00+09:00,32350.0,33950.0,31600.0,32600.0,616644,0.0,0.0
2021-10-21 00:00:00+09:00,33600.0,35850.0,32900.0,34600.0,540170,0.0,0.0
2021-10-22 00:00:00+09:00,34600.0,35600.0,34250.0,34350.0,196737,0.0,0.0
2021-10-25 00:00:00+09:00,35400.0,37100.0,34650.0,35600.0,388015,0.0,0.0
2021-10-26 00:00:00+09:00,35600.0,36500.0,35050.0,35700.0,178026,0.0,0.0
2021-10-27 00:00:00+09:00,35100.0,35300.0,33450.0,33900.0,273993,0.0,0.0
2021-10-28 00:00:00+09:00,33900.0,34500.0,32800.0,33450.0,134308,0.0,0.0
2021-10-29 00:00:00+09:00,33300.0,33550.0,32250.0,32650.0,103559,0.0,0.0
2021-11-01 00:00:00+09:00,32700.0,32750.0,31500.0,32000.0,125975,0.0,0.0
2021-11-02 00:00:00+09:00,32000.0,32500.0,31500.0,31800.0,64256,0.0,0.0
2021-11-03 00:00:00+09:00,31600.0,33850.0,31550.0,32700.0,133876,0.0,0.0
2021-11-04 00:00:00+09:00,32850.0,34500.0,32000.0,32650.0,127921,0.0,0.0
2021-11-05 00:00:00+09:00,32850.0,33200.0,31450.0,31950.0,123377,0.0,0.0
2021-11-08 00:00:00+09:00,32350.0,32700.0,31950.0,32100.0,100590,0.0,0.0
2021-11-09 00:00:00+09:00,32250.0,34550.0,31800.0,33600.0,203719,0.0,0.0
2021-11-10 00:00:00+09:00,33500.0,33700.0,32050.0,32550.0,128092,0.0,0.0
2021-11-11 00:00:00+09:00,32000.0,33650.0,31600.0,32800.0,101247,0.0,0.0
2021-11-12 00:00:00+09:00,33450.0,34700.0,32350.0,34350.0,175836,0.0,0.0
2021-11-15 00:00:00+09:00,35050.0,35050.0,33150.0,33450.0,148974,0.0,0.0
2021-11-16 00:00:00+09:00,33300.0,33550.0,32300.0,33250.0,125443,0.0,0.0
2021-11-17 00:00:00+09:00,33250.0,33300.0,32000.0,32750.0,137197,0.0,0.0
2021-11-18 00:00:00+09:00,33050.0,35100.0,33000.0,34650.0,238938,0.0,0.0
2021-11-19 00:00:00+09:00,34350.0,34750.0,33700.0,34300.0,89291,0.0,0.0
2021-11-22 00:00:00+09:00,33950.0,33950.0,32400.0,32800.0,130338,0.0,0.0
2021-11-23 00:00:00+09:00,32400.0,33600.0,32300.0,32950.0,72251,0.0,0.0
2021-11-24 00:00:00+09:00,32500.0,33550.0,32150.0,32950.0,73514,0.0,0.0
2021-11-25 00:00:00+09:00,32950.0,32950.0,31000.0,31250.0,179305,0.0,0.0
2021-11-26 00:00:00+09:00,31150.0,31900.0,29400.0,30050.0,171450,0.0,0.0
2021-11-29 00:00:00+09:00,29000.0,30000.0,28550.0,28950.0,188103,0.0,0.0
2021-11-30 00:00:00+09:00,29100.0,30000.0,28450.0,28450.0,125297,0.0,0.0
2021-12-01 00:00:00+09:00,29000.0,29000.0,27200.0,28250.0,119383,0.0,0.0
2021-12-02 00:00:00+09:00,28100.0,30250.0,27700.0,29750.0,124056,0.0,0.0
2021-12-03 00:00:00+09:00,29400.0,31700.0,29400.0,30800.0,141693,0.0,0.0
2021-12-06 00:00:00+09:00,30150.0,30400.0,29550.0,30000.0,89959,0.0,0.0
2021-12-07 00:00:00+09:00,30000.0,30550.0,29350.0,30200.0,72248,0.0,0.0
2021-12-08 00:00:00+09:00,30800.0,30800.0,29400.0,29500.0,94050,0.0,0.0
2021-12-09 00:00:00+09:00,29300.0,29900.0,29150.0,29450.0,113936,0.0,0.0
2021-12-10 00:00:00+09:00,29200.0,29800.0,29000.0,29200.0,39227,0.0,0.0
2021-12-13 00:00:00+09:00,29200.0,29250.0,28600.0,28950.0,53364,0.0,0.0
2021-12-14 00:00:00+09:00,28950.0,29650.0,28350.0,28900.0,46580,0.0,0.0
2021-12-15 00:00:00+09:00,28900.0,28900.0,27750.0,28000.0,107301,0.0,0.0
2021-12-16 00:00:00+09:00,28100.0,28500.0,27350.0,27650.0,98079,0.0,0.0
2021-12-17 00:00:00+09:00,27600.0,27950.0,27250.0,27250.0,81956,0.0,0.0
2021-12-20 00:00:00+09:00,27150.0,27400.0,26700.0,26900.0,86204,0.0,0.0
2021-12-21 00:00:00+09:00,26900.0,27250.0,26400.0,27250.0,53842,0.0,0.0
2021-12-22 00:00:00+09:00,27800.0,28100.0,27100.0,27300.0,69753,0.0,0.0
2021-12-23 00:00:00+09:00,27700.0,27800.0,26900.0,27400.0,65159,0.0,0.0
2021-12-24 00:00:00+09:00,27250.0,27700.0,27150.0,27400.0,42600,0.0,0.0
2021-12-27 00:00:00+09:00,27700.0,28350.0,27400.0,28150.0,78027,0.0,0.0
2021-12-28 00:00:00+09:00,28150.0,29150.0,28000.0,28750.0,84960,0.0,0.0
2021-12-29 00:00:00+09:00,28750.0,29000.0,27900.0,28350.0,60909,0.0,0.0
2021-12-30 00:00:00+09:00,28350.0,30050.0,28000.0,29600.0,86920,0.0,0.0
2022-01-04 00:00:00+09:00,29700.0,30150.0,29000.0,29250.0,60655,0.0,0.0
2022-01-05 00:00:00+09:00,28800.0,29650.0,28450.0,28700.0,58640,0.0,0.0
2022-01-06 00:00:00+09:00,28100.0,29200.0,27850.0,28000.0,61148,0.0,0.0
2022-01-07 00:00:00+09:00,28300.0,29000.0,28300.0,28900.0,35941,0.0,0.0
2022-01-10 00:00:00+09:00,28900.0,29100.0,27950.0,28200.0,40270,0.0,0.0
2022-01-11 00:00:00+09:00,28050.0,28500.0,27400.0,27550.0,35561,0.0,0.0
2022-01-12 00:00:00+09:00,27550.0,28950.0,27550.0,28900.0,63907,0.0,0.0
2022-01-13 00:00:00+09:00,28900.0,29000.0,28050.0,28600.0,27213,0.0,0.0
2022-01-14 00:00:00+09:00,28000.0,32350.0,27650.0,30500.0,482600,0.0,0.0
2022-01-17 00:00:00+09:00,30450.0,31150.0,29800.0,30900.0,199038,0.0,0.0
2022-01-18 00:00:00+09:00,31150.0,33550.0,30700.0,32650.0,404032,0.0,0.0
2022-01-19 00:00:00+09:00,32150.0,32400.0,30100.0,30300.0,171354,0.0,0.0
2022-01-20 00:00:00+09:00,30100.0,31350.0,28100.0,30750.0,166671,0.0,0.0
2022-01-21 00:00:00+09:00,30150.0,31000.0,29750.0,30200.0,120712,0.0,0.0
2022-01-24 00:00:00+09:00,29850.0,30150.0,28650.0,28700.0,71413,0.0,0.0
2022-01-25 00:00:00+09:00,29200.0,29400.0,27450.0,27700.0,122953,0.0,0.0
2022-01-26 00:00:00+09:00,27750.0,28350.0,27400.0,27650.0,41432,0.0,0.0
2022-01-27 00:00:00+09:00,27300.0,27850.0,26600.0,27300.0,75253,0.0,0.0
2022-01-28 00:00:00+09:00,27350.0,28100.0,26600.0,27550.0,57637,0.0,0.0
2022-02-03 00:00:00+09:00,28100.0,29450.0,28000.0,29200.0,87524,0.0,0.0
2022-02-04 00:00:00+09:00,29150.0,29650.0,28250.0,29500.0,63382,0.0,0.0
2022-02-07 00:00:00+09:00,29200.0,29750.0,28600.0,29600.0,38068,0.0,0.0
2022-02-08 00:00:00+09:00,29650.0,32600.0,29650.0,31700.0,324106,0.0,0.0
2022-02-09 00:00:00+09:00,31800.0,34100.0,31200.0,33900.0,521423,0.0,0.0
2022-02-10 00:00:00+09:00,33900.0,34450.0,33350.0,33400.0,168350,0.0,0.0
2022-02-11 00:00:00+09:00,32900.0,35150.0,32550.0,34400.0,366229,0.0,0.0
2022-02-14 00:00:00+09:00,33550.0,34250.0,32900.0,33100.0,147017,0.0,0.0
2022-02-15 00:00:00+09:00,33100.0,34000.0,32050.0,33350.0,165290,0.0,0.0
2022-02-16 00:00:00+09:00,34000.0,35300.0,33500.0,34350.0,237536,0.0,0.0
2022-02-17 00:00:00+09:00,34350.0,34850.0,31000.0,33500.0,212130,0.0,0.0
2022-02-18 00:00:00+09:00,33050.0,33850.0,32500.0,32900.0,101905,0.0,0.0
2022-02-21 00:00:00+09:00,32650.0,35000.0,32200.0,34600.0,231828,0.0,0.0
2022-02-22 00:00:00+09:00,34200.0,35300.0,33700.0,34250.0,174827,0.0,0.0
2022-02-23 00:00:00+09:00,34500.0,37700.0,34500.0,37700.0,532979,0.0,0.0
2022-02-24 00:00:00+09:00,37500.0,38400.0,36200.0,36700.0,270968,0.0,0.0
2022-02-25 00:00:00+09:00,36750.0,37700.0,35250.0,37200.0,266625,0.0,0.0
2022-02-28 00:00:00+09:00,36800.0,38350.0,36050.0,36600.0,159577,0.0,0.0
2022-03-02 00:00:00+09:00,36600.0,36600.0,35250.0,35400.0,106084,0.0,0.0
2022-03-03 00:00:00+09:00,35750.0,36850.0,35000.0,36400.0,126886,0.0,0.0
2022-03-04 00:00:00+09:00,35950.0,36100.0,34750.0,35000.0,96554,0.0,0.0
2022-03-07 00:00:00+09:00,34850.0,34950.0,33700.0,34200.0,129459,0.0,0.0
2022-03-08 00:00:00+09:00,33450.0,34850.0,33350.0,33850.0,80954,0.0,0.0
2022-03-10 00:00:00+09:00,34200.0,35300.0,33850.0,33900.0,59733,0.0,0.0
2022-03-11 00:00:00+09:00,33900.0,34500.0,33550.0,33750.0,62697,0.0,0.0
2022-03-14 00:00:00+09:00,33750.0,33900.0,31800.0,32400.0,156632,0.0,0.0
2022-03-15 00:00:00+09:00,32100.0,32650.0,31150.0,31950.0,79235,0.0,0.0
2022-03-16 00:00:00+09:00,32000.0,32950.0,31500.0,32700.0,76433,0.0,0.0
2022-03-17 00:00:00+09:00,33000.0,33150.0,31500.0,31850.0,167517,0.0,0.0
2022-03-18 00:00:00+09:00,31850.0,32450.0,31250.0,32400.0,94053,0.0,0.0
2022-03-21 00:00:00+09:00,32700.0,32850.0,31400.0,31900.0,98616,0.0,0.0
2022-03-22 00:00:00+09:00,31900.0,33100.0,31900.0,32700.0,78734,0.0,0.0
2022-03-23 00:00:00+09:00,32700.0,34050.0,32250.0,33400.0,142047,0.0,0.0
2022-03-24 00:00:00+09:00,33050.0,33300.0,32000.0,33050.0,114448,0.0,0.0
2022-03-25 00:00:00+09:00,33050.0,33700.0,32800.0,33450.0,88822,0.0,0.0
2022-03-28 00:00:00+09:00,33400.0,33950.0,32950.0,33450.0,86274,0.0,0.0
2022-03-29 00:00:00+09:00,33500.0,34500.0,32900.0,34150.0,112902,0.0,0.0
2022-03-30 00:00:00+09:00,34650.0,34800.0,33900.0,34700.0,74191,0.0,0.0
2022-03-31 00:00:00+09:00,34900.0,35100.0,34100.0,34500.0,64908,0.0,0.0
2022-04-01 00:00:00+09:00,34300.0,34400.0,33600.0,34000.0,102125,0.0,0.0
2022-04-04 00:00:00+09:00,34000.0,34900.0,33600.0,34000.0,96315,0.0,0.0
2022-04-05 00:00:00+09:00,34050.0,34600.0,33800.0,34300.0,60365,0.0,0.0
2022-04-06 00:00:00+09:00,34200.0,34950.0,33300.0,34700.0,155334,0.0,0.0
2022-04-07 00:00:00+09:00,34100.0,35600.0,33550.0,35050.0,154188,0.0,0.0
2022-04-08 00:00:00+09:00,35050.0,35050.0,34000.0,34200.0,56913,0.0,0.0
2022-04-11 00:00:00+09:00,33800.0,34150.0,33000.0,33050.0,61082,0.0,0.0
2022-04-12 00:00:00+09:00,32600.0,33250.0,32200.0,32800.0,63192,0.0,0.0
2022-04-13 00:00:00+09:00,33150.0,33350.0,32550.0,32650.0,44058,0.0,0.0
2022-04-14 00:00:00+09:00,32750.0,33500.0,32450.0,33100.0,78309,0.0,0.0
2022-04-15 00:00:00+09:00,33350.0,34250.0,33100.0,33250.0,95722,0.0,0.0
2022-04-18 00:00:00+09:00,33600.0,34950.0,33300.0,34500.0,143712,0.0,0.0
2022-04-19 00:00:00+09:00,34600.0,35000.0,34150.0,34900.0,57331,0.0,0.0
2022-04-20 00:00:00+09:00,35000.0,35000.0,34400.0,34700.0,40509,0.0,0.0
2022-04-21 00:00:00+09:00,34750.0,35750.0,34600.0,34650.0,58871,0.0,0.0
2022-04-22 00:00:00+09:00,34750.0,34750.0,33650.0,34000.0,59335,0.0,0.0
2022-04-25 00:00:00+09:00,33750.0,34100.0,32850.0,33600.0,95647,0.0,0.0
2022-04-26 00:00:00+09:00,33700.0,34500.0,33700.0,34150.0,65573,0.0,0.0
2022-04-27 00:00:00+09:00,33200.0,34100.0,32950.0,34050.0,49600,0.0,0.0
2022-04-28 00:00:00+09:00,34050.0,34050.0,33050.0,33550.0,49538,0.0,0.0
2022-04-29 00:00:00+09:00,33200.0,34750.0,33050.0,34550.0,102500,0.0,0.0
2022-05-03 00:00:00+09:00,34350.0,34600.0,33600.0,33650.0,42831,0.0,0.0
2022-05-04 00:00:00+09:00,33450.0,34250.0,33050.0,33150.0,64915,0.0,0.0
2022-05-06 00:00:00+09:00,32800.0,33000.0,32350.0,32550.0,50788,0.0,0.0
2022-05-10 00:00:00+09:00,31750.0,32350.0,30550.0,32150.0,85585,0.0,0.0
2022-05-11 00:00:00+09:00,31800.0,33850.0,31800.0,33250.0,155695,0.0,0.0
2022-05-12 00:00:00+09:00,32850.0,33100.0,32300.0,32300.0,66737,0.0,0.0
2022-05-13 00:00:00+09:00,32300.0,33700.0,32300.0,33500.0,82008,0.0,0.0
2022-05-16 00:00:00+09:00,33800.0,35300.0,33600.0,34700.0,216118,0.0,0.0
2022-05-17 00:00:00+09:00,34400.0,34400.0,31600.0,32600.0,294154,0.0,0.0
2022-05-18 00:00:00+09:00,32600.0,32850.0,31500.0,31700.0,73776,0.0,0.0
2022-05-19 00:00:00+09:00,30900.0,32100.0,29900.0,31750.0,148501,0.0,0.0
2022-05-20 00:00:00+09:00,31750.0,32250.0,31200.0,31650.0,57711,0.0,0.0
2022-05-23 00:00:00+09:00,31800.0,32200.0,30950.0,31400.0,37496,0.0,0.0
2022-05-24 00:00:00+09:00,31050.0,32150.0,31000.0,31050.0,27413,0.0,0.0
2022-05-25 00:00:00+09:00,31050.0,31400.0,29800.0,30700.0,94754,0.0,0.0
2022-05-26 00:00:00+09:00,30900.0,31150.0,30200.0,30300.0,30904,0.0,0.0
2022-05-27 00:00:00+09:00,30500.0,30800.0,30250.0,30600.0,17854,0.0,0.0
2022-05-30 00:00:00+09:00,30900.0,30900.0,30050.0,30050.0,74371,0.0,0.0
2022-05-31 00:00:00+09:00,30300.0,30650.0,30000.0,30250.0,35916,0.0,0.0
2022-06-02 00:00:00+09:00,30300.0,30450.0,29950.0,30150.0,36606,0.0,0.0
2022-06-03 00:00:00+09:00,30300.0,31000.0,30250.0,31000.0,45239,0.0,0.0
2022-06-07 00:00:00+09:00,31050.0,31400.0,30550.0,31300.0,19344,0.0,0.0
2022-06-08 00:00:00+09:00,31300.0,31350.0,30350.0,30700.0,36358,0.0,0.0
2022-06-09 00:00:00+09:00,30400.0,30600.0,29850.0,30000.0,50906,0.0,0.0
2022-06-10 00:00:00+09:00,29850.0,30250.0,28750.0,29400.0,88736,0.0,0.0
2022-06-13 00:00:00+09:00,29350.0,29350.0,27450.0,27550.0,99714,0.0,0.0
2022-06-14 00:00:00+09:00,27150.0,27400.0,26250.0,27100.0,82463,0.0,0.0
2022-06-15 00:00:00+09:00,26950.0,27550.0,26150.0,26700.0,56525,0.0,0.0
2022-06-16 00:00:00+09:00,27650.0,28450.0,27050.0,27400.0,69196,0.0,0.0
2022-06-17 00:00:00+09:00,26450.0,27950.0,26400.0,27550.0,39830,0.0,0.0
2022-06-20 00:00:00+09:00,27500.0,28400.0,26150.0,28300.0,97870,0.0,0.0
2022-06-21 00:00:00+09:00,28150.0,28900.0,27950.0,28500.0,27956,0.0,0.0
2022-06-22 00:00:00+09:00,28550.0,29000.0,27050.0,27450.0,30791,0.0,0.0
2022-06-23 00:00:00+09:00,27150.0,27300.0,25800.0,25900.0,85641,0.0,0.0
2022-06-24 00:00:00+09:00,25900.0,27550.0,25850.0,27200.0,55916,0.0,0.0
2022-06-27 00:00:00+09:00,27850.0,29100.0,27550.0,28500.0,50410,0.0,0.0
2022-06-28 00:00:00+09:00,28600.0,28900.0,27650.0,28550.0,19736,0.0,0.0
2022-06-29 00:00:00+09:00,28300.0,28900.0,27750.0,28400.0,18068,0.0,0.0
2022-06-30 00:00:00+09:00,28450.0,28550.0,27500.0,27900.0,30125,0.0,0.0
2022-07-01 00:00:00+09:00,27600.0,29100.0,27350.0,27450.0,93182,0.0,0.0
2022-07-04 00:00:00+09:00,27400.0,27950.0,26200.0,27200.0,72303,0.0,0.0
2022-07-05 00:00:00+09:00,27400.0,29000.0,27000.0,28550.0,68487,0.0,0.0
2022-07-06 00:00:00+09:00,28650.0,29550.0,28450.0,28550.0,51122,0.0,0.0
2022-07-07 00:00:00+09:00,28550.0,30100.0,28400.0,29400.0,38519,0.0,0.0
2022-07-08 00:00:00+09:00,29950.0,30200.0,29350.0,29600.0,21910,0.0,0.0
2022-07-11 00:00:00+09:00,29600.0,30200.0,29350.0,29600.0,18998,0.0,0.0
2022-07-12 00:00:00+09:00,29750.0,30150.0,28850.0,29000.0,17974,0.0,0.0
2022-07-13 00:00:00+09:00,29700.0,29900.0,28700.0,29700.0,15748,0.0,0.0
2022-07-14 00:00:00+09:00,29650.0,30000.0,29200.0,29600.0,12903,0.0,0.0
2022-07-15 00:00:00+09:00,29500.0,30000.0,28600.0,29600.0,27170,0.0,0.0
2022-07-18 00:00:00+09:00,29400.0,30250.0,29300.0,30200.0,33730,0.0,0.0
2022-07-19 00:00:00+09:00,30250.0,30300.0,29500.0,30250.0,24028,0.0,0.0
2022-07-20 00:00:00+09:00,30400.0,30600.0,29850.0,30200.0,34131,0.0,0.0
2022-07-21 00:00:00+09:00,30000.0,30550.0,29900.0,30200.0,23171,0.0,0.0
2022-07-22 00:00:00+09:00,30200.0,30600.0,29600.0,30150.0,25393,0.0,0.0
2022-07-25 00:00:00+09:00,29700.0,30150.0,28950.0,29400.0,46052,0.0,0.0
2022-07-26 00:00:00+09:00,29400.0,30400.0,28650.0,29200.0,26869,0.0,0.0
2022-07-27 00:00:00+09:00,29200.0,29850.0,28800.0,29250.0,30752,0.0,0.0
2022-07-28 00:00:00+09:00,29450.0,30350.0,29250.0,29350.0,25832,0.0,0.0
2022-07-29 00:00:00+09:00,29050.0,30150.0,29050.0,30150.0,36410,0.0,0.0
2022-08-01 00:00:00+09:00,30000.0,30350.0,29800.0,30200.0,15602,0.0,0.0
2022-08-02 00:00:00+09:00,30000.0,30400.0,29000.0,29700.0,27127,0.0,0.0
2022-08-03 00:00:00+09:00,29400.0,30100.0,29300.0,29800.0,21541,0.0,0.0
2022-08-04 00:00:00+09:00,30000.0,30300.0,29650.0,29700.0,16440,0.0,0.0
2022-08-05 00:00:00+09:00,30400.0,30400.0,29700.0,29700.0,13198,0.0,0.0
2022-08-08 00:00:00+09:00,29700.0,29950.0,28650.0,29000.0,50954,0.0,0.0
2022-08-09 00:00:00+09:00,29550.0,29550.0,28700.0,29000.0,13503,0.0,0.0
2022-08-10 00:00:00+09:00,29250.0,29250.0,28300.0,28550.0,25546,0.0,0.0
2022-08-11 00:00:00+09:00,28900.0,29200.0,28600.0,29000.0,10954,0.0,0.0
2022-08-12 00:00:00+09:00,29100.0,29400.0,28600.0,29350.0,16319,0.0,0.0
2022-08-16 00:00:00+09:00,29350.0,32100.0,29000.0,31300.0,216658,0.0,0.0
2022-08-17 00:00:00+09:00,31500.0,31500.0,29850.0,30000.0,114388,0.0,0.0
2022-08-18 00:00:00+09:00,29600.0,29850.0,29350.0,29500.0,26858,0.0,0.0
2022-08-19 00:00:00+09:00,29800.0,30900.0,29700.0,30450.0,97986,0.0,0.0
2022-08-22 00:00:00+09:00,30450.0,30650.0,28950.0,28950.0,49277,0.0,0.0
2022-08-23 00:00:00+09:00,28750.0,29000.0,27550.0,28450.0,98600,0.0,0.0
2022-08-24 00:00:00+09:00,28100.0,29150.0,28100.0,28650.0,24432,0.0,0.0
2022-08-25 00:00:00+09:00,28500.0,29400.0,28450.0,28900.0,32541,0.0,0.0
2022-08-26 00:00:00+09:00,29300.0,29300.0,28450.0,28550.0,39551,0.0,0.0
2022-08-29 00:00:00+09:00,27800.0,28750.0,27300.0,28600.0,41145,0.0,0.0
2022-08-30 00:00:00+09:00,29000.0,29100.0,28500.0,28800.0,44269,0.0,0.0
2022-08-31 00:00:00+09:00,29300.0,29300.0,28600.0,29050.0,31985,0.0,0.0
2022-09-01 00:00:00+09:00,29050.0,29050.0,28350.0,28500.0,19353,0.0,0.0
2022-09-02 00:00:00+09:00,28900.0,29400.0,28500.0,29050.0,45245,0.0,0.0
2022-09-05 00:00:00+09:00,28800.0,29950.0,28800.0,29200.0,43802,0.0,0.0
2022-09-06 00:00:00+09:00,28850.0,29400.0,28850.0,29200.0,19639,0.0,0.0
2022-09-07 00:00:00+09:00,29200.0,29800.0,28500.0,29750.0,60656,0.0,0.0
2022-09-08 00:00:00+09:00,29800.0,31300.0,29750.0,30850.0,80578,0.0,0.0
2022-09-13 00:00:00+09:00,31200.0,31450.0,30600.0,30750.0,38980,0.0,0.0
2022-09-14 00:00:00+09:00,30350.0,30350.0,29350.0,30000.0,46759,0.0,0.0
2022-09-15 00:00:00+09:00,29700.0,31100.0,29700.0,30550.0,37909,0.0,0.0
2022-09-16 00:00:00+09:00,30450.0,30450.0,29700.0,30050.0,24844,0.0,0.0
2022-09-19 00:00:00+09:00,29800.0,30350.0,29600.0,29800.0,11526,0.0,0.0
2022-09-20 00:00:00+09:00,29650.0,30400.0,29100.0,29400.0,60431,0.0,0.0
2022-09-21 00:00:00+09:00,29000.0,29700.0,28950.0,29250.0,22678,0.0,0.0
2022-09-22 00:00:00+09:00,28200.0,29550.0,28150.0,29150.0,32785,0.0,0.0
2022-09-23 00:00:00+09:00,28850.0,29250.0,28500.0,28750.0,13349,0.0,0.0
2022-09-26 00:00:00+09:00,28450.0,28900.0,26850.0,26950.0,57108,0.0,0.0
2022-09-27 00:00:00+09:00,26950.0,27950.0,26400.0,26950.0,31468,0.0,0.0
2022-09-28 00:00:00+09:00,26500.0,27250.0,25450.0,25650.0,62077,0.0,0.0
2022-09-29 00:00:00+09:00,25800.0,26750.0,25250.0,25300.0,47063,0.0,0.0
2022-09-30 00:00:00+09:00,24800.0,25250.0,23800.0,24600.0,62583,0.0,0.0
2022-10-04 00:00:00+09:00,25250.0,25350.0,24650.0,24850.0,30690,0.0,0.0
2022-10-05 00:00:00+09:00,25200.0,25750.0,23800.0,23850.0,94320,0.0,0.0
2022-10-06 00:00:00+09:00,24100.0,25450.0,24100.0,25350.0,40301,0.0,0.0
2022-10-07 00:00:00+09:00,25100.0,25300.0,24000.0,24150.0,61224,0.0,0.0
2022-10-11 00:00:00+09:00,23850.0,23950.0,23150.0,23450.0,46575,0.0,0.0
2022-10-12 00:00:00+09:00,23150.0,24100.0,23150.0,23950.0,31364,0.0,0.0
2022-10-13 00:00:00+09:00,23350.0,24450.0,23350.0,24300.0,38340,0.0,0.0
2022-10-14 00:00:00+09:00,24700.0,25250.0,24650.0,25000.0,27354,0.0,0.0
2022-10-17 00:00:00+09:00,24950.0,25150.0,23950.0,24800.0,55184,0.0,0.0
2022-10-18 00:00:00+09:00,25100.0,25250.0,24000.0,24500.0,60001,0.0,0.0
2022-10-19 00:00:00+09:00,24550.0,25750.0,24400.0,25200.0,71259,0.0,0.0
2022-10-20 00:00:00+09:00,25200.0,25200.0,24450.0,24750.0,22162,0.0,0.0
2022-10-21 00:00:00+09:00,24750.0,25000.0,24400.0,24500.0,20144,0.0,0.0
2022-10-24 00:00:00+09:00,24750.0,25500.0,24150.0,24950.0,30355,0.0,0.0
2022-10-25 00:00:00+09:00,24850.0,25550.0,24850.0,25200.0,16462,0.0,0.0
2022-10-26 00:00:00+09:00,25800.0,27500.0,25100.0,26000.0,158990,0.0,0.0
2022-10-27 00:00:00+09:00,26000.0,26650.0,25700.0,26650.0,45483,0.0,0.0
2022-10-28 00:00:00+09:00,26650.0,26900.0,26050.0,26550.0,33892,0.0,0.0
2022-10-31 00:00:00+09:00,26700.0,27050.0,26200.0,26850.0,33428,0.0,0.0
2022-11-01 00:00:00+09:00,27000.0,27250.0,26350.0,27250.0,26120,0.0,0.0
2022-11-02 00:00:00+09:00,27400.0,27950.0,26950.0,27350.0,37304,0.0,0.0
2022-11-03 00:00:00+09:00,26700.0,27650.0,26550.0,27650.0,20437,0.0,0.0
2022-11-04 00:00:00+09:00,27600.0,28300.0,27000.0,28050.0,28467,0.0,0.0
2022-11-07 00:00:00+09:00,28100.0,28200.0,27550.0,27800.0,17493,0.0,0.0
2022-11-08 00:00:00+09:00,28050.0,28300.0,27600.0,27950.0,49732,0.0,0.0
2022-11-09 00:00:00+09:00,28300.0,28400.0,27300.0,27400.0,40548,0.0,0.0
2022-11-10 00:00:00+09:00,27800.0,28450.0,27250.0,27850.0,28854,0.0,0.0
2022-11-11 00:00:00+09:00,28950.0,28950.0,27850.0,28750.0,39107,0.0,0.0
2022-11-14 00:00:00+09:00,28750.0,30550.0,28200.0,29150.0,107024,0.0,0.0
2022-11-15 00:00:00+09:00,29700.0,30000.0,29000.0,29550.0,55063,0.0,0.0
2022-11-16 00:00:00+09:00,29450.0,30400.0,29400.0,29750.0,67003,0.0,0.0
2022-11-17 00:00:00+09:00,29150.0,29850.0,28900.0,29600.0,41078,0.0,0.0
2022-11-18 00:00:00+09:00,29900.0,30200.0,29400.0,29700.0,43555,0.0,0.0
2022-11-21 00:00:00+09:00,29700.0,30150.0,29550.0,29950.0,35241,0.0,0.0
2022-11-22 00:00:00+09:00,29900.0,30000.0,29050.0,29200.0,35388,0.0,0.0
2022-11-23 00:00:00+09:00,29200.0,29500.0,28050.0,28950.0,52164,0.0,0.0
2022-11-24 00:00:00+09:00,29050.0,29450.0,28550.0,28850.0,34361,0.0,0.0
2022-11-25 00:00:00+09:00,28850.0,29150.0,28650.0,29100.0,30170,0.0,0.0
2022-11-28 00:00:00+09:00,29100.0,29350.0,28750.0,28800.0,33506,0.0,0.0
2022-11-29 00:00:00+09:00,29400.0,30400.0,29150.0,30400.0,191514,0.0,0.0
2022-11-30 00:00:00+09:00,30100.0,30700.0,30050.0,30400.0,64443,0.0,0.0
2022-12-01 00:00:00+09:00,31000.0,31050.0,30400.0,30500.0,51173,0.0,0.0
2022-12-02 00:00:00+09:00,30500.0,30750.0,29550.0,30250.0,36356,0.0,0.0
2022-12-05 00:00:00+09:00,30300.0,31650.0,30300.0,31450.0,171359,0.0,0.0
2022-12-06 00:00:00+09:00,31450.0,31550.0,30100.0,30450.0,83380,0.0,0.0
2022-12-07 00:00:00+09:00,30000.0,31400.0,29500.0,31350.0,163452,0.0,0.0
2022-12-08 00:00:00+09:00,31400.0,32000.0,30400.0,31100.0,299178,0.0,0.0
2022-12-09 00:00:00+09:00,31250.0,31950.0,30400.0,31700.0,238642,0.0,0.0
2022-12-12 00:00:00+09:00,31350.0,33300.0,31000.0,32900.0,299296,0.0,0.0
2022-12-13 00:00:00+09:00,32900.0,33300.0,32350.0,32450.0,112807,0.0,0.0
2022-12-14 00:00:00+09:00,32700.0,33300.0,32200.0,32200.0,100970,0.0,0.0
2022-12-15 00:00:00+09:00,32150.0,32850.0,31950.0,32150.0,54960,0.0,0.0
2022-12-16 00:00:00+09:00,31600.0,32950.0,31400.0,32250.0,73546,0.0,0.0
2022-12-19 00:00:00+09:00,32500.0,33950.0,32050.0,32900.0,186017,0.0,0.0
2022-12-20 00:00:00+09:00,33250.0,33350.0,32250.0,32250.0,84138,0.0,0.0
2022-12-21 00:00:00+09:00,32350.0,33600.0,32350.0,33050.0,133928,0.0,0.0
2022-12-22 00:00:00+09:00,33400.0,34000.0,33000.0,33150.0,94612,0.0,0.0
2022-12-23 00:00:00+09:00,33000.0,33200.0,32400.0,32700.0,74424,0.0,0.0
2022-12-26 00:00:00+09:00,32600.0,32850.0,32250.0,32700.0,58329,0.0,0.0
2022-12-27 00:00:00+09:00,32700.0,34000.0,32700.0,33800.0,107163,0.0,0.0
2022-12-28 00:00:00+09:00,33450.0,33500.0,32400.0,32600.0,81759,0.0,0.0
2022-12-29 00:00:00+09:00,32300.0,32750.0,31300.0,31950.0,67613,0.0,0.0
2023-01-02 00:00:00+09:00,32250.0,32400.0,30450.0,30950.0,79372,0.0,0.0
2023-01-03 00:00:00+09:00,30950.0,31550.0,30500.0,31500.0,65030,0.0,0.0
2023-01-04 00:00:00+09:00,31500.0,31900.0,30350.0,30950.0,80515,0.0,0.0
2023-01-05 00:00:00+09:00,30700.0,30950.0,29800.0,30200.0,62752,0.0,0.0
2023-01-06 00:00:00+09:00,29850.0,30350.0,29700.0,29950.0,63523,0.0,0.0
2023-01-09 00:00:00+09:00,30000.0,31250.0,30000.0,30800.0,43380,0.0,0.0
2023-01-10 00:00:00+09:00,30800.0,30900.0,30000.0,30150.0,70816,0.0,0.0
2023-01-11 00:00:00+09:00,30550.0,31100.0,29850.0,30150.0,67260,0.0,0.0
2023-01-12 00:00:00+09:00,30400.0,30400.0,29450.0,29850.0,82851,0.0,0.0
2023-01-13 00:00:00+09:00,29800.0,30000.0,28750.0,29200.0,127150,0.0,0.0
2023-01-16 00:00:00+09:00,29250.0,29750.0,29200.0,29450.0,43800,0.0,0.0
2023-01-17 00:00:00+09:00,29450.0,29450.0,28750.0,28850.0,89341,0.0,0.0
2023-01-18 00:00:00+09:00,28850.0,29600.0,28500.0,29600.0,92991,0.0,0.0
2023-01-19 00:00:00+09:00,29000.0,29900.0,28900.0,29800.0,97650,0.0,0.0
2023-01-20 00:00:00+09:00,29850.0,30800.0,29500.0,30750.0,70683,0.0,0.0
2023-01-25 00:00:00+09:00,30800.0,32500.0,30800.0,32200.0,486732,0.0,0.0
2023-01-26 00:00:00+09:00,31800.0,32500.0,31500.0,32000.0,89450,0.0,0.0
2023-01-27 00:00:00+09:00,32150.0,32450.0,31250.0,31800.0,62546,0.0,0.0
2023-01-30 00:00:00+09:00,31550.0,32150.0,31250.0,31250.0,42065,0.0,0.0
2023-01-31 00:00:00+09:00,31250.0,31750.0,31150.0,31350.0,30208,0.0,0.0
2023-02-01 00:00:00+09:00,31300.0,31800.0,29650.0,30300.0,166414,0.0,0.0
2023-02-02 00:00:00+09:00,30850.0,30900.0,29800.0,30350.0,110198,0.0,0.0
2023-02-03 00:00:00+09:00,30000.0,30300.0,29600.0,30200.0,74288,0.0,0.0
2023-02-06 00:00:00+09:00,30000.0,30350.0,29700.0,29950.0,34532,0.0,0.0
2023-02-07 00:00:00+09:00,30200.0,30200.0,29700.0,29950.0,42021,0.0,0.0
2023-02-08 00:00:00+09:00,29900.0,30300.0,29750.0,30300.0,55498,0.0,0.0
2023-02-09 00:00:00+09:00,30000.0,30350.0,29250.0,29600.0,114028,0.0,0.0
2023-02-10 00:00:00+09:00,29400.0,29650.0,29000.0,29600.0,68832,0.0,0.0
2023-02-13 00:00:00+09:00,29600.0,29600.0,28850.0,29200.0,59823,0.0,0.0
2023-02-14 00:00:00+09:00,29250.0,29750.0,29100.0,29600.0,65737,0.0,0.0
2023-02-15 00:00:00+09:00,29450.0,29850.0,29050.0,29150.0,58016,0.0,0.0
2023-02-16 00:00:00+09:00,29500.0,30050.0,29400.0,29850.0,46141,0.0,0.0
2023-02-17 00:00:00+09:00,29400.0,29750.0,29300.0,29600.0,48192,0.0,0.0
2023-02-20 00:00:00+09:00,29500.0,30200.0,29100.0,29800.0,62962,0.0,0.0
2023-02-21 00:00:00+09:00,29400.0,29750.0,29250.0,29550.0,41588,0.0,0.0
2023-02-22 00:00:00+09:00,29200.0,29400.0,27950.0,28500.0,101971,0.0,0.0
2023-02-23 00:00:00+09:00,28500.0,28950.0,27200.0,27700.0,243361,0.0,0.0
2023-02-24 00:00:00+09:00,27750.0,27750.0,26600.0,26950.0,145928,0.0,0.0
2023-02-27 00:00:00+09:00,26700.0,26950.0,26100.0,26350.0,131878,0.0,0.0
2023-02-28 00:00:00+09:00,26350.0,26850.0,26200.0,26550.0,89064,0.0,0.0
2023-03-02 00:00:00+09:00,26700.0,27100.0,26400.0,26500.0,111720,0.0,0.0
2023-03-03 00:00:00+09:00,26550.0,26850.0,25800.0,26150.0,116967,0.0,0.0
2023-03-06 00:00:00+09:00,26800.0,27150.0,26350.0,26500.0,96100,0.0,0.0
2023-03-07 00:00:00+09:00,26550.0,26550.0,25650.0,25900.0,146528,0.0,0.0
2023-03-08 00:00:00+09:00,25900.0,26200.0,25500.0,26000.0,78852,0.0,0.0
2023-03-09 00:00:00+09:00,26250.0,29100.0,26050.0,28750.0,495990,0.0,0.0
2023-03-10 00:00:00+09:00,28500.0,29400.0,27900.0,28950.0,230056,0.0,0.0
2023-03-13 00:00:00+09:00,29250.0,29400.0,27750.0,28500.0,205476,0.0,0.0
2023-03-14 00:00:00+09:00,28500.0,28500.0,26500.0,26500.0,201606,0.0,0.0
2023-03-15 00:00:00+09:00,27350.0,27500.0,26050.0,26400.0,138081,0.0,0.0
2023-03-16 00:00:00+09:00,26450.0,26650.0,25700.0,25800.0,96854,0.0,0.0
2023-03-17 00:00:00+09:00,25900.0,26700.0,25800.0,26500.0,82700,0.0,0.0
2023-03-20 00:00:00+09:00,26550.0,27000.0,26200.0,26250.0,51276,0.0,0.0
2023-03-21 00:00:00+09:00,26450.0,27000.0,26000.0,26000.0,60856,0.0,0.0
2023-03-22 00:00:00+09:00,26100.0,26650.0,25750.0,26400.0,52468,0.0,0.0
2023-03-23 00:00:00+09:00,26400.0,26550.0,25300.0,25850.0,108599,0.0,0.0
2023-03-24 00:00:00+09:00,25850.0,28250.0,25750.0,27450.0,310062,0.0,0.0
2023-03-27 00:00:00+09:00,27450.0,27450.0,26350.0,26600.0,95056,0.0,0.0
2023-03-28 00:00:00+09:00,26650.0,27000.0,26400.0,26850.0,61569,0.0,0.0
2023-03-29 00:00:00+09:00,26600.0,27900.0,26550.0,27900.0,103518,0.0,0.0
2023-03-30 00:00:00+09:00,27650.0,28450.0,27550.0,28200.0,96853,0.0,0.0
2023-03-31 00:00:00+09:00,28050.0,28200.0,27450.0,27750.0,76908,0.0,0.0
2023-04-03 00:00:00+09:00,27750.0,28450.0,27050.0,27800.0,57596,0.0,0.0
2023-04-04 00:00:00+09:00,27800.0,28400.0,27600.0,28250.0,79500,0.0,0.0
2023-04-05 00:00:00+09:00,28000.0,28550.0,27850.0,28250.0,82075,0.0,0.0
2023-04-06 00:00:00+09:00,28150.0,28150.0,27000.0,27100.0,137650,0.0,0.0
2023-04-07 00:00:00+09:00,27450.0,27500.0,26800.0,27200.0,44912,0.0,0.0
2023-04-10 00:00:00+09:00,27200.0,27250.0,26550.0,27100.0,49873,0.0,0.0
2023-04-11 00:00:00+09:00,27100.0,27700.0,26800.0,27550.0,39508,0.0,0.0
2023-04-12 00:00:00+09:00,27400.0,28050.0,27150.0,27400.0,78430,0.0,0.0
2023-04-13 00:00:00+09:00,27850.0,28550.0,27500.0,28350.0,106385,0.0,0.0
2023-04-14 00:00:00+09:00,28250.0,28400.0,27700.0,27950.0,43950,0.0,0.0
2023-04-17 00:00:00+09:00,28050.0,29300.0,27650.0,29050.0,113209,0.0,0.0
2023-04-18 00:00:00+09:00,28700.0,31950.0,28700.0,31850.0,554807,0.0,0.0
2023-04-19 00:00:00+09:00,32000.0,33350.0,31400.0,31750.0,371952,0.0,0.0
2023-04-20 00:00:00+09:00,31800.0,31800.0,29900.0,30000.0,211290,0.0,0.0
2023-04-21 00:00:00+09:00,29900.0,29900.0,28350.0,29150.0,265378,0.0,0.0
2023-04-24 00:00:00+09:00,29100.0,29100.0,27650.0,28000.0,160100,0.0,0.0
2023-04-25 00:00:00+09:00,28150.0,28650.0,27600.0,27750.0,100860,0.0,0.0
2023-04-26 00:00:00+09:00,27500.0,29000.0,27300.0,28800.0,165407,0.0,0.0
2023-04-27 00:00:00+09:00,28950.0,29000.0,27700.0,28000.0,88847,0.0,0.0
2023-04-28 00:00:00+09:00,28000.0,28550.0,27500.0,28250.0,93739,0.0,0.0
2023-05-02 00:00:00+09:00,28100.0,28500.0,27500.0,27800.0,90481,0.0,0.0
2023-05-03 00:00:00+09:00,27500.0,28100.0,26850.0,27300.0,134599,0.0,0.0
2023-05-04 00:00:00+09:00,27300.0,28750.0,27100.0,28300.0,136241,0.0,0.0
2023-05-08 00:00:00+09:00,28500.0,28950.0,27700.0,28050.0,63604,0.0,0.0
2023-05-09 00:00:00+09:00,27900.0,28400.0,27250.0,27800.0,92253,0.0,0.0
2023-05-10 00:00:00+09:00,27950.0,28150.0,27000.0,27450.0,65634,0.0,0.0
2023-05-11 00:00:00+09:00,27900.0,28300.0,27500.0,27650.0,74325,0.0,0.0
2023-05-12 00:00:00+09:00,27600.0,28150.0,26950.0,26950.0,49313,0.0,0.0
2023-05-15 00:00:00+09:00,26850.0,27600.0,26550.0,26900.0,91387,0.0,0.0
2023-05-16 00:00:00+09:00,26550.0,26950.0,25650.0,25850.0,200279,0.0,0.0
2023-05-17 00:00:00+09:00,26100.0,27000.0,26100.0,26550.0,86559,0.0,0.0
2023-05-18 00:00:00+09:00,26550.0,26550.0,26000.0,26400.0,60630,0.0,0.0
2023-05-19 00:00:00+09:00,26550.0,26850.0,26000.0,26500.0,91312,0.0,0.0
2023-05-22 00:00:00+09:00,26450.0,26750.0,26300.0,26450.0,51298,0.0,0.0
2023-05-23 00:00:00+09:00,26650.0,27100.0,26600.0,26900.0,48691,0.0,0.0
2023-05-24 00:00:00+09:00,26500.0,26850.0,25950.0,26200.0,108926,0.0,0.0
2023-05-25 00:00:00+09:00,26400.0,26500.0,25950.0,25950.0,69545,0.0,0.0
2023-05-26 00:00:00+09:00,26000.0,26500.0,25700.0,25950.0,70067,0.0,0.0
2023-05-30 00:00:00+09:00,26050.0,26300.0,25700.0,26150.0,53718,0.0,0.0
2023-05-31 00:00:00+09:00,25850.0,26400.0,25850.0,25950.0,81260,0.0,0.0
2023-06-01 00:00:00+09:00,25750.0,26100.0,25400.0,25750.0,58545,0.0,0.0
2023-06-02 00:00:00+09:00,25800.0,26100.0,25600.0,26050.0,50693,0.0,0.0
2023-06-05 00:00:00+09:00,26250.0,26500.0,26000.0,26150.0,43323,0.0,0.0
2023-06-07 00:00:00+09:00,26350.0,26850.0,25900.0,26150.0,96318,0.0,0.0
2023-06-08 00:00:00+09:00,26450.0,26500.0,26000.0,26350.0,54767,0.0,0.0
2023-06-09 00:00:00+09:00,26350.0,27700.0,26200.0,27650.0,178537,0.0,0.0
2023-06-12 00:00:00+09:00,27500.0,27500.0,26100.0,26150.0,198339,0.0,0.0
2023-06-13 00:00:00+09:00,26300.0,26800.0,25900.0,25900.0,74847,0.0,0.0
2023-06-14 00:00:00+09:00,25900.0,26450.0,25750.0,25800.0,62697,0.0,0.0
2023-06-15 00:00:00+09:00,25900.0,26050.0,25300.0,25500.0,81234,0.0,0.0
2023-06-16 00:00:00+09:00,25400.0,26650.0,25400.0,26050.0,95074,0.0,0.0
2023-06-19 00:00:00+09:00,26100.0,26150.0,25550.0,25800.0,77013,0.0,0.0
2023-06-20 00:00:00+09:00,26000.0,26900.0,25900.0,26250.0,139862,0.0,0.0
2023-06-21 00:00:00+09:00,26300.0,26650.0,25850.0,26450.0,88803,0.0,0.0
2023-06-22 00:00:00+09:00,26250.0,26350.0,26000.0,26050.0,47816,0.0,0.0
2023-06-23 00:00:00+09:00,26050.0,26050.0,24850.0,25600.0,141052,0.0,0.0
2023-06-26 00:00:00+09:00,25600.0,25600.0,24000.0,24000.0,202087,0.0,0.0
2023-06-27 00:00:00+09:00,24300.0,24350.0,23500.0,23900.0,110962,0.0,0.0
2023-06-28 00:00:00+09:00,24200.0,24250.0,23700.0,23950.0,75785,0.0,0.0
2023-06-29 00:00:00+09:00,23750.0,24250.0,23350.0,23550.0,74428,0.0,0.0
2023-06-30 00:00:00+09:00,23550.0,24350.0,23300.0,24000.0,69577,0.0,0.0
2023-07-03 00:00:00+09:00,24000.0,24500.0,23850.0,24000.0,62563,0.0,0.0
2023-07-04 00:00:00+09:00,23800.0,24000.0,23350.0,23550.0,96761,0.0,0.0
2023-07-05 00:00:00+09:00,23300.0,23850.0,23100.0,23300.0,104177,0.0,0.0
2023-07-06 00:00:00+09:00,23100.0,23350.0,22100.0,22200.0,251730,0.0,0.0
2023-07-07 00:00:00+09:00,22100.0,22650.0,21600.0,22050.0,103606,0.0,0.0
2023-07-10 00:00:00+09:00,22050.0,22450.0,21800.0,22150.0,60509,0.0,0.0
2023-07-12 00:00:00+09:00,22800.0,24150.0,22800.0,23950.0,134735,0.0,0.0
2023-07-13 00:00:00+09:00,23950.0,24500.0,23800.0,23950.0,92898,0.0,0.0
2023-07-14 00:00:00+09:00,23900.0,24100.0,23350.0,23800.0,97550,0.0,0.0
2023-07-17 00:00:00+09:00,23850.0,24050.0,23100.0,23550.0,61758,0.0,0.0
2023-07-18 00:00:00+09:00,23350.0,23900.0,22500.0,22550.0,128329,0.0,0.0
2023-07-19 00:00:00+09:00,22600.0,22950.0,21900.0,22100.0,111459,0.0,0.0
2023-07-20 00:00:00+09:00,21850.0,22300.0,21600.0,22050.0,139749,0.0,0.0
2023-07-21 00:00:00+09:00,21850.0,22050.0,21600.0,21950.0,74754,0.0,0.0
2023-07-24 00:00:00+09:00,21700.0,21700.0,21000.0,21200.0,130068,0.0,0.0
2023-07-25 00:00:00+09:00,20850.0,21550.0,20600.0,20900.0,95883,0.0,0.0
2023-07-26 00:00:00+09:00,20750.0,20750.0,19830.0,20000.0,166608,0.0,0.0
2023-07-27 00:00:00+09:00,20200.0,21450.0,20200.0,21300.0,113960,0.0,0.0
2023-07-28 00:00:00+09:00,20800.0,21250.0,20600.0,20950.0,51915,0.0,0.0
2023-07-31 00:00:00+09:00,21100.0,21100.0,20050.0,20550.0,90480,0.0,0.0
2023-08-01 00:00:00+09:00,20550.0,21300.0,20300.0,21150.0,110173,0.0,0.0
2023-08-02 00:00:00+09:00,21200.0,21400.0,20250.0,20600.0,86037,0.0,0.0
2023-08-03 00:00:00+09:00,20650.0,20850.0,20050.0,20650.0,57356,0.0,0.0
2023-08-04 00:00:00+09:00,20550.0,21700.0,20350.0,21150.0,77528,0.0,0.0
2023-08-07 00:00:00+09:00,21350.0,21450.0,20750.0,21300.0,52104,0.0,0.0
2023-08-08 00:00:00+09:00,21150.0,21700.0,21000.0,21250.0,140208,0.0,0.0
2023-08-09 00:00:00+09:00,21250.0,21500.0,20600.0,21050.0,63329,0.0,0.0
2023-08-10 00:00:00+09:00,21100.0,22900.0,21100.0,21950.0,270101,0.0,0.0
2023-08-11 00:00:00+09:00,22000.0,22600.0,21600.0,22050.0,105969,0.0,0.0
2023-08-14 00:00:00+09:00,22050.0,23100.0,21900.0,22350.0,198157,0.0,0.0
2023-08-16 00:00:00+09:00,22400.0,22400.0,21200.0,21650.0,112049,0.0,0.0
2023-08-17 00:00:00+09:00,21550.0,21550.0,20600.0,21250.0,80260,0.0,0.0
2023-08-18 00:00:00+09:00,20900.0,21200.0,20650.0,20850.0,58877,0.0,0.0
2023-08-21 00:00:00+09:00,20950.0,22000.0,20900.0,21400.0,85721,0.0,0.0
2023-08-22 00:00:00+09:00,21500.0,21750.0,21100.0,21400.0,74899,0.0,0.0
2023-08-23 00:00:00+09:00,21100.0,21500.0,20800.0,21250.0,78840,0.0,0.0
2023-08-24 00:00:00+09:00,21550.0,21600.0,20600.0,21050.0,63418,0.0,0.0
2023-08-25 00:00:00+09:00,20650.0,21500.0,20600.0,21200.0,43400,0.0,0.0
2023-08-28 00:00:00+09:00,21250.0,22050.0,21250.0,21850.0,80505,0.0,0.0
2023-08-29 00:00:00+09:00,21850.0,22100.0,21650.0,22050.0,54232,0.0,0.0
2023-08-30 00:00:00+09:00,22100.0,22300.0,21750.0,22200.0,50279,0.0,0.0
2023-08-31 00:00:00+09:00,21950.0,22250.0,21550.0,21650.0,45422,0.0,0.0
2023-09-01 00:00:00+09:00,21550.0,22000.0,21450.0,21800.0,38254,0.0,0.0
2023-09-04 00:00:00+09:00,21900.0,21900.0,21150.0,21600.0,37156,0.0,0.0
2023-09-05 00:00:00+09:00,21400.0,21750.0,21350.0,21600.0,22512,0.0,0.0
2023-09-06 00:00:00+09:00,21400.0,22100.0,21050.0,21750.0,58275,0.0,0.0
2023-09-07 00:00:00+09:00,22200.0,24200.0,22000.0,22950.0,391638,0.0,0.0
2023-09-08 00:00:00+09:00,23050.0,23750.0,22650.0,23250.0,135797,0.0,0.0
2023-09-11 00:00:00+09:00,23700.0,24550.0,23150.0,24050.0,296158,0.0,0.0
2023-09-12 00:00:00+09:00,24250.0,24250.0,23300.0,23700.0,138987,0.0,0.0
2023-09-13 00:00:00+09:00,24300.0,24650.0,23450.0,23950.0,239939,0.0,0.0
2023-09-14 00:00:00+09:00,24100.0,24300.0,23600.0,23800.0,84111,0.0,0.0
2023-09-15 00:00:00+09:00,23500.0,24600.0,23450.0,24350.0,158238,0.0,0.0
2023-09-18 00:00:00+09:00,24600.0,25750.0,24400.0,25600.0,313600,0.0,0.0
2023-09-19 00:00:00+09:00,25600.0,25750.0,25150.0,25750.0,134482,0.0,0.0
2023-09-20 00:00:00+09:00,25800.0,25800.0,24700.0,25000.0,104360,0.0,0.0
2023-09-21 00:00:00+09:00,24850.0,25200.0,24150.0,24700.0,151422,0.0,0.0
2023-09-22 00:00:00+09:00,24200.0,25000.0,24200.0,24500.0,66032,0.0,0.0
2023-09-25 00:00:00+09:00,24550.0,24950.0,24300.0,24550.0,64281,0.0,0.0
2023-09-26 00:00:00+09:00,24300.0,24450.0,23150.0,23450.0,128846,0.0,0.0
2023-09-27 00:00:00+09:00,23050.0,23350.0,22750.0,23250.0,81127,0.0,0.0
2023-10-04 00:00:00+09:00,22700.0,22950.0,22400.0,22950.0,87198,0.0,0.0
2023-10-05 00:00:00+09:00,22900.0,23150.0,22050.0,22400.0,140913,0.0,0.0
2023-10-06 00:00:00+09:00,22450.0,22850.0,21750.0,22750.0,82278,0.0,0.0
2023-10-10 00:00:00+09:00,22400.0,22950.0,21750.0,21750.0,128815,0.0,0.0
2023-10-11 00:00:00+09:00,21700.0,22450.0,21600.0,21650.0,109370,0.0,0.0
2023-10-12 00:00:00+09:00,21700.0,22050.0,21500.0,21900.0,91621,0.0,0.0
2023-10-13 00:00:00+09:00,21900.0,22200.0,21350.0,21600.0,53840,0.0,0.0
2023-10-16 00:00:00+09:00,21600.0,21900.0,21350.0,21800.0,70873,0.0,0.0
2023-10-17 00:00:00+09:00,21900.0,22350.0,21750.0,21950.0,66752,0.0,0.0
2023-10-18 00:00:00+09:00,21850.0,22200.0,21650.0,22150.0,62025,0.0,0.0
2023-10-19 00:00:00+09:00,21700.0,21800.0,21000.0,21350.0,95106,0.0,0.0
2023-10-20 00:00:00+09:00,21350.0,21550.0,20250.0,21200.0,97977,0.0,0.0
2023-10-23 00:00:00+09:00,20800.0,21450.0,20600.0,21000.0,38251,0.0,0.0
2023-10-24 00:00:00+09:00,21250.0,21450.0,20250.0,21250.0,73042,0.0,0.0
2023-10-25 00:00:00+09:00,21600.0,22600.0,21000.0,22250.0,83611,0.0,0.0
2023-10-26 00:00:00+09:00,22250.0,22250.0,21450.0,21800.0,60828,0.0,0.0
2023-10-27 00:00:00+09:00,22150.0,22200.0,21500.0,21800.0,46371,0.0,0.0
2023-10-30 00:00:00+09:00,22000.0,22100.0,21400.0,21850.0,21733,0.0,0.0
2023-10-31 00:00:00+09:00,21950.0,22500.0,21400.0,21650.0,62760,0.0,0.0
2023-11-01 00:00:00+09:00,21650.0,22050.0,21500.0,22000.0,27125,0.0,0.0
2023-11-02 00:00:00+09:00,22350.0,22750.0,21700.0,21800.0,62563,0.0,0.0
2023-11-03 00:00:00+09:00,21850.0,22600.0,21700.0,22450.0,53094,0.0,0.0
2023-11-06 00:00:00+09:00,23100.0,23300.0,21900.0,23000.0,138514,0.0,0.0
2023-11-07 00:00:00+09:00,23050.0,23300.0,22000.0,22550.0,110095,0.0,0.0
2023-11-08 00:00:00+09:00,22800.0,22800.0,22050.0,22100.0,47774,0.0,0.0
2023-11-09 00:00:00+09:00,22000.0,22300.0,21750.0,22250.0,37654,0.0,0.0
2023-11-10 00:00:00+09:00,21750.0,22000.0,21550.0,21850.0,46458,0.0,0.0
2023-11-13 00:00:00+09:00,22200.0,22250.0,20900.0,21000.0,67487,0.0,0.0
2023-11-14 00:00:00+09:00,20600.0,21200.0,20550.0,20750.0,90275,0.0,0.0
2023-11-15 00:00:00+09:00,19920.0,20150.0,18680.0,19090.0,596722,0.0,0.0
2023-11-16 00:00:00+09:00,19110.0,19190.0,18710.0,18830.0,170252,0.0,0.0
2023-11-17 00:00:00+09:00,18810.0,18900.0,18130.0,18180.0,217656,0.0,0.0
2023-11-20 00:00:00+09:00,18190.0,18600.0,18190.0,18540.0,128743,0.0,0.0
2023-11-21 00:00:00+09:00,18520.0,18700.0,18350.0,18600.0,121058,0.0,0.0
2023-11-22 00:00:00+09:00,18640.0,18700.0,18300.0,18450.0,102440,0.0,0.0
2023-11-23 00:00:00+09:00,18590.0,18920.0,18450.0,18650.0,114324,0.0,0.0
2023-11-24 00:00:00+09:00,18800.0,18800.0,18320.0,18430.0,85720,0.0,0.0
2023-11-27 00:00:00+09:00,18540.0,18540.0,17810.0,17960.0,158976,0.0,0.0
2023-11-28 00:00:00+09:00,17900.0,18200.0,17820.0,17960.0,71864,0.0,0.0
2023-11-29 00:00:00+09:00,17870.0,18110.0,17600.0,17840.0,90659,0.0,0.0
2023-11-30 00:00:00+09:00,17850.0,17950.0,17520.0,17590.0,79907,0.0,0.0
2023-12-01 00:00:00+09:00,17500.0,17630.0,17400.0,17420.0,65963,0.0,0.0
2023-12-04 00:00:00+09:00,17420.0,17500.0,17090.0,17330.0,109793,0.0,0.0
2023-12-05 00:00:00+09:00,17330.0,17410.0,17090.0,17130.0,54760,0.0,0.0
2023-12-06 00:00:00+09:00,17270.0,17270.0,17120.0,17230.0,37998,0.0,0.0
2023-12-07 00:00:00+09:00,17230.0,17390.0,16890.0,16990.0,80095,0.0,0.0
2023-12-08 00:00:00+09:00,17000.0,17140.0,16960.0,17080.0,38687,0.0,0.0
2023-12-11 00:00:00+09:00,17090.0,17620.0,17010.0,17530.0,56724,0.0,0.0
2023-12-12 00:00:00+09:00,17400.0,17850.0,17390.0,17780.0,62606,0.0,0.0
2023-12-13 00:00:00+09:00,17790.0,17850.0,17450.0,17500.0,34303,0.0,0.0
2023-12-14 00:00:00+09:00,17740.0,17940.0,17600.0,17940.0,76053,0.0,0.0
2023-12-15 00:00:00+09:00,17890.0,18180.0,17810.0,17950.0,76426,0.0,0.0
2023-12-18 00:00:00+09:00,18100.0,18480.0,17930.0,18470.0,104444,0.0,0.0
2023-12-19 00:00:00+09:00,18270.0,18450.0,18100.0,18350.0,56417,0.0,0.0
2023-12-20 00:00:00+09:00,18260.0,18390.0,18070.0,18090.0,52667,0.0,0.0
2023-12-21 00:00:00+09:00,18080.0,18220.0,17690.0,17750.0,84294,0.0,0.0
2023-12-22 00:00:00+09:00,17750.0,17770.0,17470.0,17560.0,75807,0.0,0.0
2023-12-26 00:00:00+09:00,17730.0,17960.0,17560.0,17760.0,66218,0.0,0.0
2023-12-27 00:00:00+09:00,17760.0,17880.0,17350.0,17430.0,46069,0.0,0.0
2023-12-28 00:00:00+09:00,17260.0,17620.0,17230.0,17550.0,37978,0.0,0.0
2024-01-02 00:00:00+09:00,18250.0,18550.0,18000.0,18050.0,227267,0.0,0.0
2024-01-03 00:00:00+09:00,18000.0,18210.0,17740.0,18050.0,69662,0.0,0.0
2024-01-04 00:00:00+09:00,18020.0,18120.0,17780.0,17900.0,54980,0.0,0.0
2024-01-05 00:00:00+09:00,17900.0,17900.0,17510.0,17600.0,79492,0.0,0.0
2024-01-08 00:00:00+09:00,17820.0,17820.0,17550.0,17650.0,34321,0.0,0.0
2024-01-09 00:00:00+09:00,17650.0,17830.0,17650.0,17660.0,36477,0.0,0.0
2024-01-10 00:00:00+09:00,17660.0,17740.0,17440.0,17450.0,52665,0.0,0.0
2024-01-11 00:00:00+09:00,17430.0,17540.0,17230.0,17310.0,52104,0.0,0.0
2024-01-12 00:00:00+09:00,17310.0,17390.0,17080.0,17300.0,74561,0.0,0.0
2024-01-15 00:00:00+09:00,17300.0,17300.0,17010.0,17100.0,57911,0.0,0.0
2024-01-16 00:00:00+09:00,17020.0,17100.0,16580.0,16600.0,98293,0.0,0.0
2024-01-17 00:00:00+09:00,16760.0,16790.0,15840.0,15940.0,129988,0.0,0.0
2024-01-19 00:00:00+09:00,16000.0,16450.0,14700.0,15100.0,514166,0.0,0.0
2024-01-22 00:00:00+09:00,15230.0,15450.0,15100.0,15390.0,96219,0.0,0.0
2024-01-23 00:00:00+09:00,15530.0,15540.0,15170.0,15410.0,61491,0.0,0.0
2024-01-24 00:00:00+09:00,15540.0,15540.0,15160.0,15430.0,36993,0.0,0.0
2024-01-25 00:00:00+09:00,15270.0,15460.0,15060.0,15460.0,30471,0.0,0.0
2024-01-26 00:00:00+09:00,15200.0,15650.0,15200.0,15490.0,48583,0.0,0.0
2024-01-29 00:00:00+09:00,15600.0,15600.0,15270.0,15520.0,35755,0.0,0.0
2024-01-30 00:00:00+09:00,15520.0,15800.0,15420.0,15520.0,37299,0.0,0.0
2024-01-31 00:00:00+09:00,15520.0,15910.0,15390.0,15660.0,40442,0.0,0.0
2024-02-01 00:00:00+09:00,15800.0,15960.0,15600.0,15930.0,67301,0.0,0.0
2024-02-02 00:00:00+09:00,16000.0,16390.0,15930.0,16350.0,68558,0.0,0.0
2024-02-05 00:00:00+09:00,16210.0,16560.0,16050.0,16350.0,45977,0.0,0.0
2024-02-06 00:00:00+09:00,16350.0,16570.0,16030.0,16030.0,38253,0.0,0.0
2024-02-07 00:00:00+09:00,16190.0,16260.0,15950.0,16070.0,35237,0.0,0.0
2024-02-08 00:00:00+09:00,16010.0,16220.0,15850.0,15970.0,34017,0.0,0.0
2024-02-13 00:00:00+09:00,15970.0,16170.0,15800.0,15800.0,60941,0.0,0.0
2024-02-14 00:00:00+09:00,15610.0,15970.0,15500.0,15830.0,42493,0.0,0.0
2024-02-15 00:00:00+09:00,15830.0,15900.0,15500.0,15550.0,42453,0.0,0.0
2024-02-16 00:00:00+09:00,15550.0,15790.0,15450.0,15710.0,60595,0.0,0.0
2024-02-19 00:00:00+09:00,15690.0,16140.0,15670.0,16010.0,67990,0.0,0.0
2024-02-20 00:00:00+09:00,16030.0,16080.0,15730.0,15730.0,37749,0.0,0.0
2024-02-21 00:00:00+09:00,15590.0,15990.0,15570.0,15890.0,40946,0.0,0.0
2024-02-22 00:00:00+09:00,15970.0,16010.0,15660.0,15670.0,45047,0.0,0.0
2024-02-23 00:00:00+09:00,15680.0,15850.0,15420.0,15750.0,38267,0.0,0.0
2024-02-26 00:00:00+09:00,15610.0,15640.0,15190.0,15230.0,56540,0.0,0.0
2024-02-27 00:00:00+09:00,15200.0,15400.0,15170.0,15200.0,34298,0.0,0.0
2024-02-28 00:00:00+09:00,15200.0,15520.0,15170.0,15300.0,43526,0.0,0.0
2024-02-29 00:00:00+09:00,15160.0,15250.0,15060.0,15110.0,36817,0.0,0.0
2024-03-04 00:00:00+09:00,15100.0,15300.0,14860.0,14870.0,52329,0.0,0.0
2024-03-05 00:00:00+09:00,14820.0,15030.0,14440.0,14690.0,97678,0.0,0.0
2024-03-06 00:00:00+09:00,14510.0,14700.0,14280.0,14400.0,73100,0.0,0.0
2024-03-07 00:00:00+09:00,14320.0,14520.0,13990.0,14420.0,81644,0.0,0.0
2024-03-08 00:00:00+09:00,14460.0,14540.0,14320.0,14380.0,43016,0.0,0.0
2024-03-11 00:00:00+09:00,14380.0,14700.0,14230.0,14360.0,40222,0.0,0.0
2024-03-12 00:00:00+09:00,14370.0,14650.0,14310.0,14360.0,28380,0.0,0.0
2024-03-13 00:00:00+09:00,14440.0,14590.0,14380.0,14420.0,32085,0.0,0.0
2024-03-14 00:00:00+09:00,14430.0,14610.0,14430.0,14500.0,25499,0.0,0.0
2024-03-15 00:00:00+09:00,14370.0,14840.0,14270.0,14810.0,55101,0.0,0.0
2024-03-18 00:00:00+09:00,14790.0,15090.0,14580.0,15020.0,46550,0.0,0.0
2024-03-19 00:00:00+09:00,14860.0,15060.0,14700.0,14750.0,27311,0.0,0.0
2024-03-20 00:00:00+09:00,14650.0,14900.0,14500.0,14550.0,21783,0.0,0.0
2024-03-21 00:00:00+09:00,14560.0,14870.0,14490.0,14630.0,29543,0.0,0.0
2024-03-22 00:00:00+09:00,14490.0,14780.0,14490.0,14630.0,21708,0.0,0.0
2024-03-25 00:00:00+09:00,14550.0,14700.0,14410.0,14550.0,42524,0.0,0.0
2024-03-26 00:00:00+09:00,14450.0,14660.0,14410.0,14620.0,26122,0.0,0.0
2024-03-27 00:00:00+09:00,14620.0,14840.0,14500.0,14780.0,35740,0.0,0.0
2024-03-28 00:00:00+09:00,14700.0,15140.0,14700.0,14980.0,46039,0.0,0.0
2024-03-29 00:00:00+09:00,15010.0,15020.0,14720.0,14900.0,37351,0.0,0.0
2024-04-01 00:00:00+09:00,14970.0,15790.0,14910.0,15780.0,193821,0.0,0.0
2024-04-02 00:00:00+09:00,15800.0,15820.0,15400.0,15720.0,61416,0.0,0.0
2024-04-03 00:00:00+09:00,15710.0,15710.0,15420.0,15470.0,29189,0.0,0.0
2024-04-04 00:00:00+09:00,15470.0,15630.0,15210.0,15440.0,57169,0.0,0.0
2024-04-05 00:00:00+09:00,15290.0,15420.0,15040.0,15060.0,33392,0.0,0.0
2024-04-08 00:00:00+09:00,15060.0,15180.0,14600.0,14660.0,33503,0.0,0.0
2024-04-09 00:00:00+09:00,14700.0,14850.0,14580.0,14800.0,21651,0.0,0.0
2024-04-11 00:00:00+09:00,14800.0,14800.0,14400.0,14740.0,16487,0.0,0.0
2024-04-12 00:00:00+09:00,14740.0,14740.0,14350.0,14510.0,34398,0.0,0.0
2024-04-15 00:00:00+09:00,14490.0,14490.0,14000.0,14190.0,63367,0.0,0.0
2024-04-16 00:00:00+09:00,14000.0,14180.0,12950.0,13850.0,77560,0.0,0.0
2024-04-17 00:00:00+09:00,13600.0,14170.0,13600.0,14120.0,30352,0.0,0.0
2024-04-18 00:00:00+09:00,14150.0,14640.0,14050.0,14500.0,57360,0.0,0.0
2024-04-19 00:00:00+09:00,14350.0,14420.0,14060.0,14410.0,36313,0.0,0.0
2024-04-22 00:00:00+09:00,14370.0,14750.0,14080.0,14440.0,30446,0.0,0.0
2024-04-23 00:00:00+09:00,14230.0,14500.0,14170.0,14290.0,26800,0.0,0.0
2024-04-24 00:00:00+09:00,14300.0,14540.0,13890.0,14010.0,127624,0.0,0.0
2024-04-25 00:00:00+09:00,13870.0,14070.0,13850.0,13950.0,40098,0.0,0.0
2024-04-26 00:00:00+09:00,13950.0,14050.0,13640.0,13920.0,52928,0.0,0.0
2024-04-29 00:00:00+09:00,13910.0,14140.0,13770.0,14040.0,86709,0.0,0.0
2024-04-30 00:00:00+09:00,13920.0,14160.0,13910.0,14150.0,43233,0.0,0.0
2024-05-02 00:00:00+09:00,14100.0,14270.0,14080.0,14230.0,23857,0.0,0.0
2024-05-03 00:00:00+09:00,14360.0,14750.0,14300.0,14560.0,60320,0.0,0.0
2024-05-07 00:00:00+09:00,14780.0,14780.0,14420.0,14670.0,32214,0.0,0.0
2024-05-08 00:00:00+09:00,14680.0,14710.0,14370.0,14550.0,31350,0.0,0.0
2024-05-09 00:00:00+09:00,14430.0,14940.0,14370.0,14920.0,85044,0.0,0.0
2024-05-10 00:00:00+09:00,14840.0,14870.0,14670.0,14830.0,25932,0.0,0.0
2024-05-13 00:00:00+09:00,14800.0,14880.0,14360.0,14740.0,32670,0.0,0.0
2024-05-14 00:00:00+09:00,14700.0,14860.0,14560.0,14790.0,29498,0.0,0.0
2024-05-16 00:00:00+09:00,14820.0,14890.0,14580.0,14770.0,30637,0.0,0.0
2024-05-17 00:00:00+09:00,14870.0,14880.0,14000.0,14770.0,44858,0.0,0.0
2024-05-20 00:00:00+09:00,14760.0,14840.0,14360.0,14550.0,39633,0.0,0.0
2024-05-21 00:00:00+09:00,14820.0,14820.0,14200.0,14400.0,36133,0.0,0.0
2024-05-22 00:00:00+09:00,14230.0,14350.0,13820.0,14050.0,87037,0.0,0.0
2024-05-23 00:00:00+09:00,13870.0,14100.0,13720.0,14100.0,103225,0.0,0.0
2024-05-24 00:00:00+09:00,14110.0,14400.0,13720.0,14340.0,47647,0.0,0.0
2024-05-27 00:00:00+09:00,14200.0,14500.0,14170.0,14480.0,70161,0.0,0.0
2024-05-28 00:00:00+09:00,14270.0,15410.0,14270.0,15160.0,122091,0.0,0.0
2024-05-29 00:00:00+09:00,15300.0,15310.0,14590.0,14670.0,70799,0.0,0.0
2024-05-30 00:00:00+09:00,14510.0,15560.0,14510.0,15280.0,137538,0.0,0.0
2024-05-31 00:00:00+09:00,15280.0,16090.0,15220.0,15590.0,170211,0.0,0.0
2024-06-03 00:00:00+09:00,15760.0,16100.0,15100.0,15290.0,73965,0.0,0.0
2024-06-04 00:00:00+09:00,15250.0,15450.0,15010.0,15110.0,54541,0.0,0.0
2024-06-05 00:00:00+09:00,14970.0,15380.0,14900.0,14950.0,64128,0.0,0.0
2024-06-07 00:00:00+09:00,14810.0,15110.0,14530.0,14700.0,87572,0.0,0.0
2024-06-10 00:00:00+09:00,14540.0,14540.0,14090.0,14190.0,66407,0.0,0.0
2024-06-11 00:00:00+09:00,14060.0,14310.0,13910.0,14290.0,75037,0.0,0.0
2024-06-12 00:00:00+09:00,14040.0,14230.0,14000.0,14070.0,38470,0.0,0.0
2024-06-13 00:00:00+09:00,14070.0,14250.0,13620.0,14040.0,323573,0.0,0.0
2024-06-14 00:00:00+09:00,14000.0,14040.0,13250.0,13580.0,268326,0.0,0.0
2024-06-17 00:00:00+09:00,13580.0,13610.0,12960.0,13270.0,201812,0.0,0.0
2024-06-18 00:00:00+09:00,13260.0,13500.0,13010.0,13490.0,53817,0.0,0.0
2024-06-19 00:00:00+09:00,13490.0,13600.0,13250.0,13440.0,40248,0.0,0.0
2024-06-20 00:00:00+09:00,13440.0,13500.0,13330.0,13470.0,19053,0.0,0.0
2024-06-21 00:00:00+09:00,13470.0,13470.0,13240.0,13300.0,46769,0.0,0.0
2024-06-24 00:00:00+09:00,13100.0,13280.0,12760.0,12840.0,80075,0.0,0.0
2024-06-25 00:00:00+09:00,12680.0,12840.0,12160.0,12240.0,159271,0.0,0.0
2024-06-26 00:00:00+09:00,12500.0,12500.0,12020.0,12350.0,79066,0.0,0.0
2024-06-27 00:00:00+09:00,12350.0,12800.0,12280.0,12550.0,69199,0.0,0.0
2024-06-28 00:00:00+09:00,12540.0,12680.0,12360.0,12510.0,30782,0.0,0.0
2024-07-01 00:00:00+09:00,12500.0,12600.0,12260.0,12300.0,61033,0.0,0.0
2024-07-02 00:00:00+09:00,12280.0,12280.0,11940.0,12070.0,74909,0.0,0.0
2024-07-03 00:00:00+09:00,12000.0,12090.0,11460.0,11830.0,137981,0.0,0.0
2024-07-04 00:00:00+09:00,11830.0,12060.0,11630.0,12050.0,79870,0.0,0.0
2024-07-05 00:00:00+09:00,11860.0,12140.0,11810.0,12050.0,46003,0.0,0.0
2024-07-08 00:00:00+09:00,12050.0,12670.0,12050.0,12570.0,92954,0.0,0.0
2024-07-09 00:00:00+09:00,12440.0,12570.0,12130.0,12310.0,61934,0.0,0.0
2024-07-10 00:00:00+09:00,12200.0,12380.0,12000.0,12240.0,55374,0.0,0.0
2024-07-11 00:00:00+09:00,12250.0,12260.0,12100.0,12250.0,27292,0.0,0.0
2024-07-12 00:00:00+09:00,12250.0,12620.0,12100.0,12480.0,75942,0.0,0.0
2024-07-15 00:00:00+09:00,12490.0,12520.0,12250.0,12310.0,60595,0.0,0.0
2024-07-16 00:00:00+09:00,12290.0,12690.0,11960.0,12390.0,63104,0.0,0.0
2024-07-17 00:00:00+09:00,12510.0,12690.0,12030.0,12450.0,124603,0.0,0.0
2024-07-18 00:00:00+09:00,12450.0,12450.0,11970.0,12000.0,78907,0.0,0.0
2024-07-19 00:00:00+09:00,12240.0,12460.0,12100.0,12200.0,90918,0.0,0.0
2024-07-22 00:00:00+09:00,12130.0,12290.0,11610.0,11610.0,101489,0.0,0.0
2024-07-23 00:00:00+09:00,11610.0,11950.0,11470.0,11650.0,88036,0.0,0.0
2024-07-24 00:00:00+09:00,11660.0,11890.0,11410.0,11790.0,53630,0.0,0.0
2024-07-25 00:00:00+09:00,11530.0,11870.0,11500.0,11690.0,62185,0.0,0.0
2024-07-26 00:00:00+09:00,11690.0,11950.0,11410.0,11630.0,79961,0.0,0.0
2024-07-29 00:00:00+09:00,11790.0,12320.0,11640.0,12220.0,113602,0.0,0.0
2024-07-30 00:00:00+09:00,12220.0,12300.0,11930.0,12150.0,60926,0.0,0.0
2024-07-31 00:00:00+09:00,12000.0,12410.0,11970.0,12280.0,58595,0.0,0.0
2024-08-01 00:00:00+09:00,12300.0,12420.0,12270.0,12400.0,36512,0.0,0.0
2024-08-02 00:00:00+09:00,12400.0,12400.0,11710.0,11930.0,65537,0.0,0.0
2024-08-05 00:00:00+09:00,11660.0,11790.0,10000.0,10920.0,207127,0.0,0.0
2024-08-06 00:00:00+09:00,10400.0,11390.0,10400.0,10950.0,109261,0.0,0.0
2024-08-07 00:00:00+09:00,10920.0,11050.0,10670.0,10990.0,67169,0.0,0.0
2024-08-08 00:00:00+09:00,10900.0,10900.0,10450.0,10870.0,73692,0.0,0.0
2024-08-09 00:00:00+09:00,10980.0,11280.0,10880.0,10910.0,52821,0.0,0.0
2024-08-12 00:00:00+09:00,10910.0,11240.0,10910.0,11080.0,38215,0.0,0.0
2024-08-13 00:00:00+09:00,10970.0,11060.0,10750.0,11040.0,39581,0.0,0.0
2024-08-14 00:00:00+09:00,11040.0,11270.0,10360.0,10970.0,62179,0.0,0.0
2024-08-16 00:00:00+09:00,11050.0,11050.0,10480.0,10870.0,84432,0.0,0.0
2024-08-19 00:00:00+09:00,10760.0,10850.0,10420.0,10660.0,63422,0.0,0.0
2024-08-20 00:00:00+09:00,10560.0,10860.0,10560.0,10770.0,43757,0.0,0.0
2024-08-21 00:00:00+09:00,10670.0,11130.0,10670.0,10750.0,82973,0.0,0.0
2024-08-22 00:00:00+09:00,10860.0,10910.0,10560.0,10750.0,45358,0.0,0.0
2024-08-23 00:00:00+09:00,10650.0,10870.0,10530.0,10740.0,42190,0.0,0.0
2024-08-26 00:00:00+09:00,10740.0,10760.0,10500.0,10660.0,36604,0.0,0.0
2024-08-27 00:00:00+09:00,10500.0,10720.0,10330.0,10720.0,62871,0.0,0.0
2024-08-28 00:00:00+09:00,10720.0,10760.0,10530.0,10630.0,27553,0.0,0.0
2024-08-29 00:00:00+09:00,10500.0,10730.0,10390.0,10730.0,48345,0.0,0.0
2024-08-30 00:00:00+09:00,10600.0,10770.0,10450.0,10740.0,58187,0.0,0.0
2024-09-02 00:00:00+09:00,10620.0,10700.0,10530.0,10690.0,34397,0.0,0.0
2024-09-03 00:00:00+09:00,10600.0,10730.0,10560.0,10730.0,26758,0.0,0.0
2024-09-04 00:00:00+09:00,10410.0,10640.0,10200.0,10580.0,105459,0.0,0.0
2024-09-05 00:00:00+09:00,10480.0,10670.0,10300.0,10670.0,39457,0.0,0.0
2024-09-06 00:00:00+09:00,10480.0,10700.0,10480.0,10630.0,72236,0.0,0.0
2024-09-09 00:00:00+09:00,10620.0,10790.0,10360.0,10780.0,55422,0.0,0.0
2024-09-10 00:00:00+09:00,10780.0,10940.0,10660.0,10680.0,33063,0.0,0.0
2024-09-11 00:00:00+09:00,10700.0,10780.0,10620.0,10700.0,13650,0.0,0.0
2024-09-12 00:00:00+09:00,10700.0,10930.0,10640.0,10880.0,20083,0.0,0.0
2024-09-13 00:00:00+09:00,10820.0,10950.0,10790.0,10900.0,13283,0.0,0.0
2024-09-19 00:00:00+09:00,10800.0,10890.0,10680.0,10750.0,18126,0.0,0.0
2024-09-20 00:00:00+09:00,10750.0,10840.0,10300.0,10300.0,156884,0.0,0.0
2024-09-23 00:00:00+09:00,10280.0,10570.0,10220.0,10420.0,43427,0.0,0.0
2024-09-24 00:00:00+09:00,10550.0,10710.0,10420.0,10660.0,34065,0.0,0.0
2024-09-25 00:00:00+09:00,10660.0,11240.0,10600.0,10910.0,102721,0.0,0.0
2024-09-26 00:00:00+09:00,11000.0,11080.0,10850.0,11050.0,51411,0.0,0.0
2024-09-27 00:00:00+09:00,11090.0,11710.0,11010.0,11680.0,115088,0.0,0.0
2024-09-30 00:00:00+09:00,11730.0,11950.0,11490.0,11670.0,64322,0.0,0.0
2024-10-02 00:00:00+09:00,11670.0,11700.0,11260.0,11470.0,31910,0.0,0.0
2024-10-04 00:00:00+09:00,11470.0,11470.0,11090.0,11100.0,33882,0.0,0.0
2024-10-07 00:00:00+09:00,11150.0,11370.0,11120.0,11180.0,17950,0.0,0.0
2024-10-08 00:00:00+09:00,11180.0,11190.0,10840.0,11000.0,31678,0.0,0.0
2024-10-10 00:00:00+09:00,11110.0,11150.0,10620.0,10820.0,46133,0.0,0.0
2024-10-11 00:00:00+09:00,10750.0,10750.0,10350.0,10430.0,78695,0.0,0.0
2024-10-14 00:00:00+09:00,10400.0,10430.0,10220.0,10320.0,39599,0.0,0.0
2024-10-15 00:00:00+09:00,10270.0,10740.0,10120.0,10720.0,76212,0.0,0.0
2024-10-16 00:00:00+09:00,10620.0,10830.0,10560.0,10700.0,26180,0.0,0.0
2024-10-17 00:00:00+09:00,10690.0,10750.0,10200.0,10200.0,74028,0.0,0.0
2024-10-18 00:00:00+09:00,10280.0,10280.0,9940.0,10090.0,73262,0.0,0.0
2024-10-21 00:00:00+09:00,10080.0,10140.0,9940.0,10080.0,26155,0.0,0.0
2024-10-22 00:00:00+09:00,9990.0,10400.0,9760.0,9760.0,76686,0.0,0.0
2024-10-23 00:00:00+09:00,9850.0,10140.0,9560.0,10090.0,66469,0.0,0.0
2024-10-24 00:00:00+09:00,10090.0,10090.0,9800.0,9910.0,35557,0.0,0.0
2024-10-25 00:00:00+09:00,10050.0,10050.0,9760.0,9820.0,28329,0.0,0.0
2024-10-28 00:00:00+09:00,9730.0,9930.0,9720.0,9830.0,27595,0.0,0.0
2024-10-29 00:00:00+09:00,9740.0,9900.0,9610.0,9790.0,43168,0.0,0.0
2024-10-31 00:00:00+09:00,9800.0,10130.0,9660.0,9960.0,56334,0.0,0.0
2024-11-01 00:00:00+09:00,9800.0,9990.0,9750.0,9850.0,22798,0.0,0.0
2024-11-04 00:00:00+09:00,9940.0,10010.0,9720.0,9910.0,33611,0.0,0.0
2024-11-05 00:00:00+09:00,10000.0,10180.0,9950.0,10030.0,28851,0.0,0.0
2024-11-06 00:00:00+09:00,10120.0,10250.0,9820.0,10210.0,55541,0.0,0.0
2024-11-07 00:00:00+09:00,10210.0,10400.0,10000.0,10300.0,44151,0.0,0.0
2024-11-08 00:00:00+09:00,10450.0,10450.0,10200.0,10340.0,39402,0.0,0.0
2024-11-11 00:00:00+09:00,10310.0,10310.0,9760.0,9850.0,49930,0.0,0.0
2024-11-12 00:00:00+09:00,9560.0,9750.0,9300.0,9460.0,65133,0.0,0.0
2024-11-13 00:00:00+09:00,9350.0,9470.0,9130.0,9260.0,52799,0.0,0.0
2024-11-14 00:00:00+09:00,9230.0,9570.0,9010.0,9120.0,52634,0.0,0.0
2024-11-15 00:00:00+09:00,9020.0,9580.0,8900.0,9580.0,44001,0.0,0.0
2024-11-18 00:00:00+09:00,9490.0,10030.0,9470.0,9910.0,53252,0.0,0.0
2024-11-19 00:00:00+09:00,9800.0,10490.0,9800.0,10400.0,70205,0.0,0.0
2024-11-20 00:00:00+09:00,10400.0,10650.0,10260.0,10550.0,52247,0.0,0.0
2024-11-21 00:00:00+09:00,10430.0,10600.0,10340.0,10490.0,38064,0.0,0.0
2024-11-22 00:00:00+09:00,10340.0,10470.0,10020.0,10260.0,30859,0.0,0.0
2024-11-25 00:00:00+09:00,10240.0,10710.0,10140.0,10170.0,77350,0.0,0.0
2024-11-26 00:00:00+09:00,10190.0,10530.0,10060.0,10170.0,81922,0.0,0.0
2024-11-27 00:00:00+09:00,10200.0,10360.0,10070.0,10230.0,103103,0.0,0.0
2024-11-28 00:00:00+09:00,10230.0,10310.0,10080.0,10300.0,46614,0.0,0.0
2024-11-29 00:00:00+09:00,10250.0,10250.0,9890.0,10100.0,66379,0.0,0.0
2024-12-02 00:00:00+09:00,10000.0,10090.0,9350.0,9380.0,98134,0.0,0.0
2024-12-03 00:00:00+09:00,9390.0,9890.0,9390.0,9780.0,53730,0.0,0.0
2024-12-04 00:00:00+09:00,9430.0,9780.0,9430.0,9770.0,29159,0.0,0.0
2024-12-05 00:00:00+09:00,9670.0,9740.0,9320.0,9430.0,53551,0.0,0.0
2024-12-06 00:00:00+09:00,9590.0,9590.0,9020.0,9260.0,52340,0.0,0.0
2024-12-09 00:00:00+09:00,9150.0,9150.0,8710.0,8990.0,105034,0.0,0.0
2024-12-10 00:00:00+09:00,8990.0,9500.0,8600.0,9450.0,99093,0.0,0.0
2024-12-11 00:00:00+09:00,9450.0,9650.0,9400.0,9530.0,43022,0.0,0.0
2024-12-12 00:00:00+09:00,9620.0,9620.0,9400.0,9560.0,30168,0.0,0.0
2024-12-13 00:00:00+09:00,9380.0,9560.0,9380.0,9520.0,32747,0.0,0.0
2024-12-16 00:00:00+09:00,9430.0,9510.0,9350.0,9500.0,26276,0.0,0.0
2024-12-17 00:00:00+09:00,9410.0,9440.0,9260.0,9350.0,20625,0.0,0.0
2024-12-18 00:00:00+09:00,9300.0,9420.0,9180.0,9370.0,27841,0.0,0.0
2024-12-19 00:00:00+09:00,9280.0,9420.0,9200.0,9350.0,12634,0.0,0.0
2024-12-20 00:00:00+09:00,9350.0,9350.0,8950.0,9100.0,123721,0.0,0.0
2024-12-23 00:00:00+09:00,9150.0,9420.0,9150.0,9420.0,22344,0.0,0.0
2024-12-24 00:00:00+09:00,9410.0,9720.0,9400.0,9480.0,29434,0.0,0.0
2024-12-26 00:00:00+09:00,9500.0,9680.0,9340.0,9420.0,55163,0.0,0.0
2024-12-27 00:00:00+09:00,9420.0,9420.0,9110.0,9360.0,35833,0.0,0.0
