Date,Open,High,Low,Close,Volume,Dividends,Stock Splits,Capital Gains
2023-06-12 00:00:00-04:00,22.749330520629883,22.749330520629883,22.749330520629883,22.749330520629883,0,0.0,0.0,0.0
2023-06-13 00:00:00-04:00,22.749330520629883,22.749330520629883,22.749330520629883,22.749330520629883,0,0.0,0.0,0.0
2023-06-14 00:00:00-04:00,22.79483047492881,22.812120884047964,22.78573226928711,22.78573226928711,1534,0.0,0.0,0.0
2023-06-15 00:00:00-04:00,22.794830379563393,22.866718700413642,22.794830379563393,22.863079071044922,3156,0.0,0.0,0.0
2023-06-16 00:00:00-04:00,22.822131155700042,22.822131155700042,22.68563550267705,22.730314254760742,9315,0.0,0.0,0.0
2023-06-20 00:00:00-04:00,22.56733553671655,22.57643547734409,22.494537747332412,22.563695907592773,2825,0.0,0.0,0.0
2023-06-21 00:00:00-04:00,22.57643542111495,22.57643542111495,22.566972732543945,22.566972732543945,385,0.0,0.0,0.0
2023-06-22 00:00:00-04:00,22.48543930053711,22.48543930053711,22.48543930053711,22.48543930053711,172,0.0,0.0,0.0
2023-06-23 00:00:00-04:00,22.575525615755076,22.585535029582385,22.575525615755076,22.576435089111328,1864,0.0,0.0,0.0
2023-06-26 00:00:00-04:00,22.60373500972508,22.631034831258063,22.60373500972508,22.62193489074707,49002,0.0,0.0,0.0
2023-06-27 00:00:00-04:00,22.530936982494072,22.594999313354492,22.530936982494072,22.594999313354492,7759,0.0,0.0,0.0
2023-06-28 00:00:00-04:00,22.58553500971028,22.58553500971028,22.549136983494254,22.56733512878418,29066,0.0,0.0,0.0
2023-06-29 00:00:00-04:00,22.56733674147109,22.56733674147109,22.440033025880727,22.502729415893555,3159,0.0,0.0,0.0
2023-06-30 00:00:00-04:00,22.40126609802246,22.40126609802246,22.40126609802246,22.40126609802246,66,0.0,0.0,0.0
2023-07-03 00:00:00-04:00,22.239293539232445,22.249120712280273,22.239293539232445,22.249120712280273,409,0.0,0.0,0.0
2023-07-05 00:00:00-04:00,22.039550883811962,22.039550883811962,21.86210638264567,21.889406204223633,1925,0.0,0.0,0.0
2023-07-06 00:00:00-04:00,22.07594984553263,22.07594984553263,22.00360679626465,22.00360679626465,202,0.0,0.0,0.0
2023-07-07 00:00:00-04:00,21.998602805614105,22.000695982929887,21.976855283419482,21.986774444580078,1434,0.0,0.0,0.0
2023-07-10 00:00:00-04:00,21.9758518595064,22.00042152404785,21.9758518595064,22.00042152404785,5225,0.0,0.0,0.0
2023-07-11 00:00:00-04:00,21.995328903198242,21.995328903198242,21.995328903198242,21.995328903198242,25,0.0,0.0,0.0
2023-07-12 00:00:00-04:00,22.04865343451781,22.04865343451781,21.859378814697266,21.859378814697266,706,0.0,0.0,0.0
2023-07-13 00:00:00-04:00,21.862106300002832,21.884765030332353,21.812057495117188,21.812057495117188,5193,0.0,0.0,0.0
2023-07-14 00:00:00-04:00,21.783850372230262,21.783850372230262,21.745086669921875,21.745086669921875,3141,0.0,0.0,0.0
2023-07-17 00:00:00-04:00,21.921253342777103,21.921253342777103,21.584562513283515,21.8354434967041,1602,0.0,0.0,0.0
2023-07-18 00:00:00-04:00,21.752910625465656,21.78312110900879,21.752910625465656,21.78312110900879,6027,0.0,0.0,0.0
2023-07-19 00:00:00-04:00,21.666463861572698,21.666463861572698,21.65053939819336,21.65053939819336,374,0.0,0.0,0.0
2023-07-20 00:00:00-04:00,21.64826475142719,21.64826475142719,21.507400512695312,21.507400512695312,4433,0.0,0.0,0.0
2023-07-21 00:00:00-04:00,21.507218859144604,21.549531936645508,21.502668020750605,21.549531936645508,1185,0.0,0.0,0.0
2023-07-24 00:00:00-04:00,21.484470310061678,21.511768398434416,21.484470310061678,21.498119354248047,3043,0.0,0.0,0.0
2023-07-25 00:00:00-04:00,21.634248733520508,21.634248733520508,21.634248733520508,21.634248733520508,10,0.0,0.0,0.0
2023-07-26 00:00:00-04:00,21.47536715812685,21.529965062346204,21.45716727817504,21.519136428833008,1697,0.0,0.0,0.0
2023-07-27 00:00:00-04:00,21.76646989671715,21.76646989671715,21.73917007446289,21.73917007446289,793,0.0,0.0,0.0
2023-07-28 00:00:00-04:00,21.5208661058173,21.593663893315135,21.475368139494716,21.579105377197266,6487,0.0,0.0,0.0
2023-07-31 00:00:00-04:00,21.470818429580245,21.534518015669335,21.470818429580245,21.47100067138672,6376,0.0,0.0,0.0
2023-08-01 00:00:00-04:00,21.620965103294882,21.620965103294882,21.599672317504883,21.599672317504883,301,0.0,0.0,0.0
2023-08-02 00:00:00-04:00,21.620964843162522,21.81205839445637,21.620964843162522,21.743356704711914,4181019,0.0,0.0,0.0
2023-08-03 00:00:00-04:00,21.874208878064138,21.966752999125102,21.855828490929184,21.884855270385742,5591,0.0,0.0,0.0
2023-08-04 00:00:00-04:00,21.903057137560772,21.903057137560772,21.63288624981162,21.757461547851562,2565,0.0,0.0,0.0
2023-08-07 00:00:00-04:00,21.893954718898332,21.898595809936523,21.857556693407716,21.898595809936523,556,0.0,0.0,0.0
2023-08-08 00:00:00-04:00,21.971304080379024,21.99396281094586,21.947553634643555,21.947553634643555,1795,0.0,0.0,0.0
2023-08-09 00:00:00-04:00,22.020441935105083,22.122360229492188,22.020441935105083,22.122360229492188,274,0.0,0.0,0.0
2023-08-10 00:00:00-04:00,22.130550022862256,22.130550022862256,22.003154318311967,22.008432388305664,6379,0.0,0.0,0.0
2023-08-11 00:00:00-04:00,22.012254314993204,22.030452461663238,21.92325782775879,21.92325782775879,1222,0.0,0.0,0.0
2023-08-14 00:00:00-04:00,21.994052854040383,22.066850642404308,21.975852973040354,22.057750701904297,9152,0.0,0.0,0.0
2023-08-15 00:00:00-04:00,22.021352751373406,22.05320167541504,22.021352751373406,22.05320167541504,303,0.0,0.0,0.0
2023-08-16 00:00:00-04:00,22.06685258860464,22.166950207296782,22.06685258860464,22.075952529907227,6171,0.0,0.0,0.0
2023-08-17 00:00:00-04:00,22.107799495175378,22.13800997853599,22.02754020690918,22.02754020690918,4825,0.0,0.0,0.0
2023-08-18 00:00:00-04:00,22.139648510240097,22.139648510240097,22.09415054321289,22.09415054321289,1757,0.0,0.0,0.0
2023-08-21 00:00:00-04:00,22.11234869506135,22.194246424243044,22.11234869506135,22.176048278808594,583,0.0,0.0,0.0
2023-08-22 00:00:00-04:00,22.017985597397203,22.04410171508789,21.9940529100285,22.04410171508789,3182,0.0,0.0,0.0
2023-08-23 00:00:00-04:00,21.912157154490604,21.930357037176147,21.87575912475586,21.87575912475586,1541,0.0,0.0,0.0
2023-08-24 00:00:00-04:00,21.83025755934186,21.847455978393555,21.812057678205914,21.847455978393555,1436,0.0,0.0,0.0
2023-08-25 00:00:00-04:00,21.934906024891518,21.951377213693654,21.934906024891518,21.944005966186523,3892,0.0,0.0,0.0
2023-08-28 00:00:00-04:00,21.9212546240632,21.97594451904297,21.9212546240632,21.97594451904297,325,0.0,0.0,0.0
2023-08-29 00:00:00-04:00,21.839357853704282,21.947644197635846,21.839357853704282,21.898414611816406,2283,0.0,0.0,0.0
2023-08-30 00:00:00-04:00,21.921255749612083,21.994053540247275,21.921255749612083,21.96047592163086,1456,0.0,0.0,0.0
2023-08-31 00:00:00-04:00,21.857557184563408,21.884855270385742,21.857557184563408,21.884855270385742,560,0.0,0.0,0.0
2023-09-01 00:00:00-04:00,21.966752980138022,22.121358243915633,21.966752980138022,22.112348556518555,6796,0.0,0.0,0.0
2023-09-05 00:00:00-04:00,22.121450206166006,22.144563674926758,22.084323209825897,22.144563674926758,597,0.0,0.0,0.0
2023-09-06 00:00:00-04:00,22.239746034260772,22.26704412011681,22.148748364922888,22.212446212768555,9197,0.0,0.0,0.0
2023-09-07 00:00:00-04:00,22.121450385984517,22.203348121646474,22.121450385984517,22.185148239135742,908,0.0,0.0,0.0
2023-09-08 00:00:00-04:00,22.176048268689684,22.365413119292878,22.176048268689684,22.289794921875,1843,0.0,0.0,0.0
2023-09-11 00:00:00-04:00,22.10370635986328,22.10370635986328,22.10370635986328,22.10370635986328,109,0.0,0.0,0.0
2023-09-12 00:00:00-04:00,22.17541444376785,22.17541444376785,22.123817443847656,22.123817443847656,1309,0.0,0.0,0.0
2023-09-13 00:00:00-04:00,22.048649380727657,22.048649380727657,21.975851596922293,22.021259307861328,1741,0.0,0.0,0.0
2023-09-14 00:00:00-04:00,22.053203440193577,22.053203440193577,21.959293365478516,21.959293365478516,854,0.0,0.0,0.0
2023-09-15 00:00:00-04:00,21.80750898703816,21.80750898703816,21.711962212726693,21.745994567871094,688,0.0,0.0,0.0
2023-09-18 00:00:00-04:00,21.812058880521725,21.812058880521725,21.786489486694336,21.786489486694336,2591,0.0,0.0,0.0
2023-09-19 00:00:00-04:00,21.85664829808168,21.865293502807617,21.837630930448253,21.865293502807617,827,0.0,0.0,0.0
2023-09-20 00:00:00-04:00,21.866657564131817,21.866657564131817,21.74836007107236,21.776569366455078,5060,0.0,0.0,0.0
2023-09-21 00:00:00-04:00,21.79385806461299,21.87566379985958,21.79385806461299,21.84217643737793,2050,0.0,0.0,0.0
2023-09-22 00:00:00-04:00,21.975489279057204,21.975489279057204,21.94855567582371,21.96466064453125,589,0.0,0.0,0.0
2023-09-25 00:00:00-04:00,22.06685247395782,22.34894371032715,22.06685247395782,22.34894371032715,6225,0.0,0.0,0.0
2023-09-26 00:00:00-04:00,22.2670447033154,22.276054390967364,22.22181923016047,22.260129928588867,3626,0.0,0.0,0.0
2023-09-27 00:00:00-04:00,22.43065920391421,22.67653465270996,22.43065920391421,22.67653465270996,12611,0.0,0.0,0.0
2023-09-28 00:00:00-04:00,22.567335765596198,22.75788432402988,22.567335765596198,22.740140914916992,12179,0.0,0.0,0.0
2023-09-29 00:00:00-04:00,22.59463497005344,22.59463497005344,22.549137003334334,22.576435089111328,5086,0.0,0.0,0.0
2023-10-02 00:00:00-04:00,22.502729785750336,22.631036701230133,22.467149241045085,22.603736877441406,15128,0.0,0.0,0.0
2023-10-03 00:00:00-04:00,22.60373616783091,22.712931988285128,22.582078898421432,22.691911697387695,7974,0.0,0.0,0.0
2023-10-04 00:00:00-04:00,22.840330104803193,22.840330104803193,22.439941368092857,22.462690353393555,13664,0.0,0.0,0.0
2023-10-05 00:00:00-04:00,22.512739257173035,22.671985626220703,22.512739257173035,22.671985626220703,2563,0.0,0.0,0.0
2023-10-06 00:00:00-04:00,22.894926617452768,22.927504509266196,22.826587677001953,22.826587677001953,779,0.0,0.0,0.0
2023-10-09 00:00:00-04:00,23.049621593656887,23.1042195008799,23.040521653180356,23.069459915161133,56407,0.0,0.0,0.0
2023-10-10 00:00:00-04:00,23.004124632484864,23.004124632484864,22.913126959377962,22.91749382019043,20675,0.0,0.0,0.0
2023-10-11 00:00:00-04:00,22.81303018591295,22.86762809753418,22.794830303493768,22.86762809753418,1786,0.0,0.0,0.0
2023-10-12 00:00:00-04:00,23.140621166406635,23.27711681351082,23.140621166406635,23.21341896057129,14965,0.0,0.0,0.0
2023-10-13 00:00:00-04:00,23.3590145111084,23.3590145111084,23.3590145111084,23.3590145111084,291,0.0,0.0,0.0
2023-10-16 00:00:00-04:00,23.422711040975486,23.422711040975486,23.268015520408902,23.355009078979492,5004,0.0,0.0,0.0
2023-10-17 00:00:00-04:00,23.30441845949426,23.468213943081935,23.30441845949426,23.422714233398438,10755,0.0,0.0,0.0
2023-10-18 00:00:00-04:00,23.395410650883164,23.604705810546875,23.395410650883164,23.604705810546875,8031,0.0,0.0,0.0
2023-10-19 00:00:00-04:00,23.512252894382772,23.53272819519043,23.3861311508472,23.53272819519043,2453,0.0,0.0,0.0
2023-10-20 00:00:00-04:00,23.56830771749033,23.704803363015294,23.566306528836662,23.700618743896484,19067,0.0,0.0,0.0
2023-10-23 00:00:00-04:00,23.75030327751118,23.75030327751118,23.604707689585783,23.739564895629883,22533,0.0,0.0,0.0
2023-10-24 00:00:00-04:00,23.686601652998235,23.686601652998235,23.43299225066115,23.541006088256836,43499,0.0,0.0,0.0
2023-10-25 00:00:00-04:00,23.72300116440158,23.81399883198183,23.668403258107887,23.78806495666504,11530,0.0,0.0,0.0
2023-10-26 00:00:00-04:00,23.6456585145892,23.750305243596117,23.541011785582285,23.61380958557129,10074,0.0,0.0,0.0
2023-10-27 00:00:00-04:00,23.477308188689175,23.580045700073242,23.404784631626967,23.580045700073242,7372,0.0,0.0,0.0
2023-10-30 00:00:00-04:00,23.43181219167544,23.568307837897745,23.43181219167544,23.509159088134766,12181,0.0,0.0,0.0
2023-10-31 00:00:00-04:00,23.431813636430427,23.431813636430427,23.368115779974968,23.388044357299805,6598,0.0,0.0,0.0
2023-11-01 00:00:00-04:00,23.30441427688733,23.32252216877863,23.234619140625,23.234619140625,13588,0.0,0.0,0.0
2023-11-02 00:00:00-04:00,23.2316197905326,23.2316197905326,23.00412645753511,23.014680862426758,18606,0.0,0.0,0.0
2023-11-03 00:00:00-04:00,23.030421915063283,23.030421915063283,22.913125886941376,23.022321701049805,3525,0.0,0.0,0.0
2023-11-06 00:00:00-05:00,22.94042594918156,22.976825714111328,22.749332390209236,22.976825714111328,4308,0.0,0.0,0.0
2023-11-07 00:00:00-05:00,22.92222588446678,23.204317096524836,22.521837181921164,22.576435089111328,9472,0.0,0.0,0.0
2023-11-08 00:00:00-05:00,22.55004508509624,22.8767247703573,22.549135611796114,22.783361434936523,4239,0.0,0.0,0.0
2023-11-09 00:00:00-05:00,22.913125957781265,23.09894143126534,22.87754541615073,23.069459915161133,14810,0.0,0.0,0.0
2023-11-10 00:00:00-05:00,23.06782144438658,23.277114868164062,23.06782144438658,23.277114868164062,6216,0.0,0.0,0.0
2023-11-13 00:00:00-05:00,23.15881763896454,23.15881763896454,23.004122132187398,23.076190948486328,5343,0.0,0.0,0.0
2023-11-14 00:00:00-05:00,22.831228322261534,22.88491675634675,22.69473268582912,22.703832626342773,85428,0.0,0.0,0.0
2023-11-15 00:00:00-05:00,22.831228545838233,22.831228545838233,22.767803192138672,22.767803192138672,4796,0.0,0.0,0.0
2023-11-16 00:00:00-05:00,22.712930985510912,22.749330747812785,22.567335407575804,22.607284545898438,58794,0.0,0.0,0.0
2023-11-17 00:00:00-05:00,22.63103598759694,22.63103598759694,22.55823819542555,22.558692932128906,5150,0.0,0.0,0.0
2023-11-20 00:00:00-05:00,22.685630750102067,22.685630750102067,22.467237403890785,22.51273536682129,20146,0.0,0.0,0.0
2023-11-21 00:00:00-05:00,22.562786965957756,22.562969207763672,22.526387202589753,22.562969207763672,2849,0.0,0.0,0.0
2023-11-22 00:00:00-05:00,22.521837394738515,22.521837394738515,22.49453757306738,22.512372970581055,32911,0.0,0.0,0.0
2023-11-24 00:00:00-05:00,22.56278655285618,22.56278655285618,22.4763397198943,22.484710693359375,1321,0.0,0.0,0.0
2023-11-27 00:00:00-05:00,22.540036927911203,22.540036927911203,22.403541292934932,22.44548988342285,11982,0.0,0.0,0.0
2023-11-28 00:00:00-05:00,22.430841426834913,22.430841426834913,22.24884780879308,22.257946014404297,31057,0.0,0.0,0.0
2023-11-29 00:00:00-05:00,22.323918137538822,22.323918137538822,22.267044809396644,22.30526351928711,1805,0.0,0.0,0.0
2023-11-30 00:00:00-05:00,22.33074316192889,22.36714118739944,22.239745494798306,22.321733474731445,13361,0.0,0.0,0.0
2023-12-01 00:00:00-05:00,22.30344314550711,22.339933159373025,22.10661506652832,22.10661506652832,18483,0.0,0.0,0.0
2023-12-04 00:00:00-05:00,22.03955039696796,22.057750277617906,21.966752610004317,21.985044479370117,8928,0.0,0.0,0.0
2023-12-05 00:00:00-05:00,22.012253888536478,22.012798878326052,21.994054006582733,21.994508743286133,1103,0.0,0.0,0.0
2023-12-06 00:00:00-05:00,21.839357362916246,21.93945497289986,21.602764116541646,21.912155151367188,68644,0.0,0.0,0.0
2023-12-07 00:00:00-05:00,21.930354989287498,21.930354989287498,21.830257379500615,21.85300636291504,3474,0.0,0.0,0.0
2023-12-08 00:00:00-05:00,21.83025748854048,21.83025748854048,21.757459699869,21.784759521484375,23591,0.0,0.0,0.0
2023-12-11 00:00:00-05:00,21.793859316995157,21.870569229125977,21.793859316995157,21.870569229125977,9105,0.0,0.0,0.0
2023-12-12 00:00:00-05:00,21.94855622559903,21.94855622559903,21.932085037231445,21.932085037231445,394,0.0,0.0,0.0
2023-12-13 00:00:00-05:00,22.012255271168467,22.012255271168467,21.826255798339844,21.826255798339844,1427,0.0,0.0,0.0
2023-12-14 00:00:00-05:00,21.657360193638578,21.671010971069336,21.58456241134001,21.671010971069336,13004,0.0,0.0,0.0
2023-12-15 00:00:00-05:00,21.766558969555465,21.830256815725303,21.766558969555465,21.809236526489258,5938,0.0,0.0,0.0
2023-12-18 00:00:00-05:00,21.967664038776228,22.0304506770653,21.967664038776228,22.01325225830078,3210,0.0,0.0,0.0
2023-12-19 00:00:00-05:00,21.975853032498293,21.975853032498293,21.826435584494337,21.84845733642578,49726,0.0,0.0,0.0
2023-12-20 00:00:00-05:00,21.843907384041206,21.950010299682617,21.812058458731713,21.950010299682617,2705,0.0,0.0,0.0
2023-12-21 00:00:00-05:00,21.921255111694336,21.939454992732568,21.857557263696705,21.921255111694336,4512,0.0,0.0,0.0
2023-12-22 00:00:00-05:00,22.135099371391874,22.139648473832636,22.116899490356445,22.116899490356445,4707,0.0,0.0,0.0
2023-12-26 00:00:00-05:00,23.12935327222251,23.12935327222251,22.02419565764925,22.037614822387695,109544,1.89105,0.0,0.0
2023-12-27 00:00:00-05:00,22.088332342135207,22.10313294522193,22.07520866394043,22.07520866394043,1843,0.0,0.0,0.0
2023-12-28 00:00:00-05:00,22.2215445773242,22.2215445773242,22.023603439331055,22.023603439331055,5898,0.0,0.0,0.0
2023-12-29 00:00:00-05:00,22.004459618544615,22.004459618544615,21.827832926215567,21.958181381225586,5635,0.0,0.0,0.0
2024-01-02 00:00:00-05:00,21.955122526700112,22.191941600016033,21.846579745653802,22.083398818969727,364126,0.0,0.0,0.0
2024-01-03 00:00:00-05:00,22.399159150970164,22.487966537475586,22.399159150970164,22.487966537475586,1282,0.0,0.0,0.0
2024-01-04 00:00:00-05:00,22.645844895120586,22.645844895120586,22.4583624340652,22.473262786865234,8798,0.0,0.0,0.0
2024-01-05 00:00:00-05:00,22.280747516297204,22.36955489818447,22.280747516297204,22.30837631225586,3284,0.0,0.0,0.0
2024-01-08 00:00:00-05:00,22.280749880379133,22.30048527446377,22.17714188454093,22.221643447875977,4695,0.0,0.0,0.0
2024-01-09 00:00:00-05:00,22.261013282527532,22.335020065307617,22.23141207507203,22.335020065307617,6878,0.0,0.0,0.0
2024-01-10 00:00:00-05:00,22.49773510280895,22.49773510280895,22.389292070050367,22.44356346130371,1933,0.0,0.0,0.0
2024-01-11 00:00:00-05:00,22.726167678833008,22.726167678833008,22.726167678833008,22.726167678833008,116,0.0,0.0,0.0
2024-01-12 00:00:00-05:00,22.991204966476765,23.070144653320312,22.991204966476765,23.070144653320312,1383,0.0,0.0,0.0
2024-01-16 00:00:00-05:00,23.198424482641038,23.237893387855017,23.149085998535156,23.149085998535156,2779,0.0,0.0,0.0
2024-01-17 00:00:00-05:00,23.188458129821896,23.277363383797113,23.188458129821896,23.252695083618164,4498,0.0,0.0,0.0
2024-01-18 00:00:00-05:00,24.510798188444024,24.510798188444024,23.180663515218686,23.262563705444336,1822,0.0,0.0,0.0
2024-01-19 00:00:00-05:00,23.45497924774894,23.45497924774894,23.356304160371174,23.367948532104492,5230,0.0,0.0,0.0
2024-01-22 00:00:00-05:00,23.287231396196077,23.366171087082,23.252695399062905,23.322162628173828,5775,0.0,0.0,0.0
2024-01-23 00:00:00-05:00,23.178688525990285,23.36607124715115,23.168820829408794,23.32670021057129,7306,0.0,0.0,0.0
2024-01-24 00:00:00-05:00,23.306966867283908,23.494349589793885,23.306966867283908,23.447280883789062,11903,0.0,0.0,0.0
2024-01-25 00:00:00-05:00,23.295126321730145,23.37061241783165,23.287232916747353,23.356502532958984,1392,0.0,0.0,0.0
2024-01-26 00:00:00-05:00,23.208292116974924,23.336568411163388,23.208292116974924,23.321767807006836,2995,0.0,0.0,0.0
2024-01-29 00:00:00-05:00,23.361236842054552,23.37603932836416,23.30696733248843,23.31268882751465,6990,0.0,0.0,0.0
2024-01-30 00:00:00-05:00,23.385908790246056,23.474716186523438,23.385908790246056,23.474716186523438,6243,0.0,0.0,0.0
2024-01-31 00:00:00-05:00,23.36617163076129,23.36617163076129,23.178689154768406,23.339529037475586,4769,0.0,0.0,0.0
2024-02-01 00:00:00-05:00,23.336569128814432,23.435244217724268,23.26749713119878,23.27055549621582,1382630,0.0,0.0,0.0
2024-02-02 00:00:00-05:00,23.336568257555818,23.405640252592704,23.25762856578928,23.294631958007812,11080,0.0,0.0,0.0
2024-02-05 00:00:00-05:00,23.33656786614322,23.405639860021594,23.33656786614322,23.403667449951172,9115,0.0,0.0,0.0
2024-02-06 00:00:00-05:00,23.37604070012222,23.37604070012222,23.247762515621876,23.268484115600586,1032,0.0,0.0,0.0
2024-02-07 00:00:00-05:00,23.681928620507918,23.790471395614503,23.681928620507918,23.750802993774414,4293,0.0,0.0,0.0
2024-02-08 00:00:00-05:00,23.692982169160242,23.80034113106438,23.691798346657258,23.795406341552734,14247,0.0,0.0,0.0
2024-02-09 00:00:00-05:00,23.90108617751806,24.066761099461708,23.86941280925581,24.047027587890625,9196,0.0,0.0,0.0
2024-02-12 00:00:00-05:00,23.9384829744996,23.938580842169912,23.721399307250977,23.721399307250977,4815,0.0,0.0,0.0
2024-02-13 00:00:00-05:00,23.93848598335053,23.943418890968452,23.869413984274725,23.872867584228516,2811,0.0,0.0,0.0
2024-02-14 00:00:00-05:00,23.92861719979116,23.92861719979116,23.751792890184134,23.784454345703125,6645,0.0,0.0,0.0
2024-02-15 00:00:00-05:00,23.484580266247285,23.49938275258001,23.415508270263672,23.415508270263672,4278,0.0,0.0,0.0
2024-02-16 00:00:00-05:00,23.632593325904722,23.637526233195093,23.533918241461038,23.573387145996094,6936,0.0,0.0,0.0
2024-02-20 00:00:00-05:00,23.661996549554463,23.691797256469727,23.60298987005418,23.691797256469727,83395,0.0,0.0,0.0
2024-02-21 00:00:00-05:00,23.612857761747147,23.632593154907227,23.59312236858707,23.632593154907227,41944,0.0,0.0,0.0
2024-02-22 00:00:00-05:00,23.632593742616365,23.741134643554688,23.632593742616365,23.741134643554688,9594,0.0,0.0,0.0
2024-02-23 00:00:00-05:00,23.89901391335478,23.89901391335478,23.78060531616211,23.78060531616211,7898,0.0,0.0,0.0
2024-02-26 00:00:00-05:00,23.92861545811387,23.96808624267578,23.89901236969244,23.96808624267578,12267,0.0,0.0,0.0
2024-02-27 00:00:00-05:00,23.800341693241414,23.800341693241414,23.721401997827297,23.77073860168457,1531,0.0,0.0,0.0
2024-02-28 00:00:00-05:00,23.75050923784946,23.75050923784946,23.701665738323676,23.741134643554688,3399,0.0,0.0,0.0
2024-02-29 00:00:00-05:00,23.68193101202499,23.68193101202499,23.425376533546228,23.442249298095703,5343,0.0,0.0,0.0
2024-03-01 00:00:00-05:00,23.691799130666894,23.691799130666894,23.277365255299774,23.405641555786133,21081,0.0,0.0,0.0
2024-03-04 00:00:00-05:00,23.28723274369042,23.28723274369042,23.168822259474478,23.17868995666504,7911,0.0,0.0,0.0
2024-03-05 00:00:00-05:00,23.109615998115913,23.109615998115913,22.971472013307782,22.982423782348633,80926,0.0,0.0,0.0
2024-03-06 00:00:00-05:00,23.218159539437842,23.218159539437842,22.892533077346062,22.961605072021484,20257,0.0,0.0,0.0
2024-03-07 00:00:00-05:00,22.94285631194018,23.01094210283983,22.94285631194018,22.991601943969727,2378,0.0,0.0,0.0
2024-03-08 00:00:00-05:00,22.96160526396724,23.079915993274682,22.94186987044623,23.037879943847656,9114,0.0,0.0,0.0
2024-03-11 00:00:00-04:00,23.010941765165175,23.18243793006803,23.010941765165175,23.170795440673828,8821,0.0,0.0,0.0
2024-03-12 00:00:00-04:00,23.28723295257885,23.405641555786133,23.28555602748336,23.405641555786133,7570,0.0,0.0,0.0
2024-03-13 00:00:00-04:00,23.454979589353496,23.454979589353496,23.361237408047494,23.366270065307617,4970,0.0,0.0,0.0
2024-03-14 00:00:00-04:00,23.447379790735297,23.516944885253906,23.447379790735297,23.516944885253906,6274,0.0,0.0,0.0
2024-03-15 00:00:00-04:00,23.58325560219844,23.691698637039405,23.583157734519176,23.657657623291016,13023,0.0,0.0,0.0
2024-03-18 00:00:00-04:00,23.583253966237752,23.63259244766141,23.58226776123047,23.58226776123047,2816,0.0,0.0,0.0
2024-03-19 00:00:00-04:00,23.553654434022384,23.652229772064267,23.553654434022384,23.64374351501465,6614,0.0,0.0,0.0
2024-03-20 00:00:00-04:00,23.660812467359662,23.751001292653495,23.613152792424025,23.62943458557129,6215,0.0,0.0,0.0
2024-03-21 00:00:00-04:00,23.61285801508576,23.61285801508576,23.45497863225264,23.553653717041016,38175,0.0,0.0,0.0
2024-03-22 00:00:00-04:00,23.504315731647665,23.514183428542662,23.40564064476845,23.453004837036133,28644,0.0,0.0,0.0
2024-03-25 00:00:00-04:00,23.28723111979415,23.39567414950518,23.18855603684027,23.364887237548828,11940,0.0,0.0,0.0
2024-03-26 00:00:00-04:00,23.2477609166078,23.33656830528563,23.23789321985796,23.32275390625,4609,0.0,0.0,0.0
2024-03-27 00:00:00-04:00,23.292165499153572,23.374065691436712,23.25762950024752,23.371105194091797,3828,0.0,0.0,0.0
2024-03-28 00:00:00-04:00,23.376040600088057,23.41057659990478,23.040546417236328,23.040546417236328,9471,0.0,0.0,0.0
2024-04-01 00:00:00-04:00,23.228029267119705,23.228029267119705,23.11948647624149,23.153331756591797,6569,0.0,0.0,0.0
2024-04-02 00:00:00-04:00,23.129350690804518,23.356204186184808,23.129350690804518,23.237991333007812,16921,0.0,0.0,0.0
2024-04-03 00:00:00-04:00,23.25762772997388,23.287230819098994,23.199705123901367,23.199705123901367,7859,0.0,0.0,0.0
2024-04-04 00:00:00-04:00,23.2280284200523,23.2280284200523,23.139221027494315,23.159942626953125,11611,0.0,0.0,0.0
2024-04-05 00:00:00-04:00,23.19842426122262,23.287231649694856,23.14908577758765,23.243223190307617,14064,0.0,0.0,0.0
2024-04-08 00:00:00-04:00,23.213225598076715,23.23789389963758,23.168821902438854,23.186189651489258,7699,0.0,0.0,0.0
2024-04-09 00:00:00-04:00,23.149085844873,23.149085844873,22.86293016724127,22.88138198852539,2833,0.0,0.0,0.0
2024-04-10 00:00:00-04:00,23.001072798877487,23.030675887395695,22.96160389625715,22.994462966918945,2908,0.0,0.0,0.0
2024-04-11 00:00:00-04:00,22.892533695581747,22.896775883053216,22.719851822159047,22.722219467163086,10611,0.0,0.0,0.0
2024-04-12 00:00:00-04:00,22.655713345174846,22.872798919677734,22.655713345174846,22.872798919677734,6081,0.0,0.0,0.0
2024-04-15 00:00:00-04:00,22.882666748315927,23.084949837128562,22.872799051048137,23.04705810546875,10793,0.0,0.0,0.0
2024-04-16 00:00:00-04:00,23.050412187651958,23.237892776106616,23.050412187651958,23.20868492126465,10525,0.0,0.0,0.0
2024-04-17 00:00:00-04:00,23.16882317699059,23.198426269734597,23.11948657115478,23.173362731933594,5601,0.0,0.0,0.0
2024-04-18 00:00:00-04:00,23.385906455912895,23.385906455912895,23.272428885941547,23.285947799682617,3447,0.0,0.0,0.0
2024-04-19 00:00:00-04:00,23.306967128977387,23.366171427486663,23.306967128977387,23.34732437133789,4789,0.0,0.0,0.0
2024-04-22 00:00:00-04:00,23.40564144771067,23.40564144771067,23.34584617614746,23.34584617614746,5118,0.0,0.0,0.0
2024-04-23 00:00:00-04:00,23.336568265650463,23.336568265650463,23.218159668994936,23.282987594604492,5837,0.0,0.0,0.0
2024-04-24 00:00:00-04:00,23.346436037496193,23.346436037496193,23.237893255153818,23.248058319091797,2103,0.0,0.0,0.0
2024-04-25 00:00:00-04:00,23.040546618437947,23.040546618437947,22.971474618201334,22.981342315673828,14565,0.0,0.0,0.0
2024-04-26 00:00:00-04:00,22.861451356913754,22.86293066452746,22.803726364776384,22.834413528442383,6492,0.0,0.0,0.0
2024-04-29 00:00:00-04:00,22.783989877965904,22.79385757446289,22.764254484971936,22.79385757446289,2638,0.0,0.0,0.0
2024-04-30 00:00:00-04:00,22.764256357593485,22.842800819120225,22.507701873779297,22.507701873779297,56703,0.0,0.0,0.0
2024-05-01 00:00:00-04:00,22.734655595107753,22.86293189850364,22.695184805096183,22.766624450683594,42764,0.0,0.0,0.0
2024-05-02 00:00:00-04:00,22.72458698753485,22.764253507168146,22.62610952628544,22.665973663330078,20573,0.0,0.0,0.0
2024-05-03 00:00:00-04:00,22.645845664456804,22.645845664456804,22.497832100554348,22.566905975341797,61918,0.0,0.0,0.0
2024-05-06 00:00:00-04:00,22.714918782200314,22.841913387415424,22.714918782200314,22.79435157775879,5778,0.0,0.0,0.0
2024-05-07 00:00:00-04:00,22.793857802776426,22.85306210028069,22.724785808676334,22.732383728027344,21166,0.0,0.0,0.0
2024-05-08 00:00:00-04:00,22.734655603238867,22.79385990620654,22.734655603238867,22.77244758605957,2374,0.0,0.0,0.0
2024-05-09 00:00:00-04:00,22.951635981386776,22.951635981386776,22.843192957515004,22.85000228881836,832,0.0,0.0,0.0
2024-05-10 00:00:00-04:00,22.882666458985312,22.882666458985312,22.73465476598158,22.803627014160156,3617,0.0,0.0,0.0
2024-05-13 00:00:00-04:00,22.724786373590465,22.813593763089866,22.724786373590465,22.795337677001953,2005,0.0,0.0,0.0
2024-05-14 00:00:00-04:00,22.57677226942709,22.57677226942709,22.43862828105792,22.472078323364258,4678,0.0,0.0,0.0
2024-05-15 00:00:00-04:00,22.517567655131174,22.54717074453848,22.4586588434808,22.519344329833984,85471,0.0,0.0,0.0
2024-05-16 00:00:00-04:00,22.557039999336737,22.58170830117835,22.527436907884333,22.551414489746094,4187,0.0,0.0,0.0
2024-05-17 00:00:00-04:00,22.547170606509255,22.58565330505371,22.547170606509255,22.58565330505371,2329,0.0,0.0,0.0
2024-05-20 00:00:00-04:00,22.58663985116423,22.63597833395278,22.576772154606516,22.601442337036133,6973,0.0,0.0,0.0
2024-05-21 00:00:00-04:00,22.655712380890098,22.655712380890098,22.62611117258746,22.63045310974121,7007,0.0,0.0,0.0
2024-05-22 00:00:00-04:00,22.624826983090674,22.6358785020639,22.576772072677986,22.62117576599121,1971,0.0,0.0,0.0
2024-05-23 00:00:00-04:00,22.779056549072266,22.793859035802083,22.779056549072266,22.779056549072266,2572,0.0,0.0,0.0
2024-05-24 00:00:00-04:00,22.73465473509518,22.803626983180052,22.73465473509518,22.779056549072266,6410,0.0,0.0,0.0
2024-05-28 00:00:00-04:00,22.744517984850688,22.872796150996685,22.744517984850688,22.858388900756836,4640,0.0,0.0,0.0
2024-05-29 00:00:00-04:00,22.892531478469422,22.892531478469422,22.843192998525268,22.86292839050293,4406,0.0,0.0,0.0
2024-05-30 00:00:00-04:00,22.655712344051402,22.655712344051402,22.428760964436858,22.50079345703125,9201,0.0,0.0,0.0
2024-05-31 00:00:00-04:00,22.38929147210341,22.38929147210341,22.073532711866733,22.266145706176758,22074,0.0,0.0,0.0
2024-06-03 00:00:00-04:00,22.3300848425542,22.3300848425542,22.043929177638667,22.052810668945312,21203,0.0,0.0,0.0
2024-06-04 00:00:00-04:00,22.083399006691707,22.083399006691707,22.004459314915366,22.045211791992188,4646,0.0,0.0,0.0
2024-06-05 00:00:00-04:00,22.231412084432893,22.231509952107636,22.17220590535563,22.187896728515625,8060,0.0,0.0,0.0
2024-06-06 00:00:00-04:00,22.330087020775387,22.330087020775387,22.17418192072555,22.241281509399414,41739,0.0,0.0,0.0
2024-06-07 00:00:00-04:00,22.302656266548503,22.399161331477575,22.302656266548503,22.34952735900879,10886,0.0,0.0,0.0
2024-06-10 00:00:00-04:00,22.39916018697596,22.53730418034242,22.39916018697596,22.458364486694336,9069,0.0,0.0,0.0
2024-06-11 00:00:00-04:00,22.57184064888817,22.60637664794922,22.56690774133836,22.60637664794922,8903,0.0,0.0,0.0
2024-06-12 00:00:00-04:00,22.655711283773478,22.714917461653094,22.61624238059103,22.626110076904297,10729,0.0,0.0,0.0
2024-06-13 00:00:00-04:00,22.7543888092041,22.793859598697292,22.705052204408446,22.7543888092041,10184,0.0,0.0,0.0
2024-06-14 00:00:00-04:00,22.754386101519454,22.86381721496582,22.754386101519454,22.86381721496582,2727,0.0,0.0,0.0
2024-06-17 00:00:00-04:00,23.03067709176451,23.267496166082594,23.03067709176451,23.247760772705078,3870,0.0,0.0,0.0
2024-06-18 00:00:00-04:00,23.277362816780517,23.369130697998656,23.277362816780517,23.361433029174805,2756,0.0,0.0,0.0
2024-06-20 00:00:00-04:00,23.47471431749599,23.563519824631914,23.277364145465498,23.29265785217285,53487,0.0,0.0,0.0
2024-06-21 00:00:00-04:00,23.25989733782163,23.27933536326878,23.24775986434093,23.2589111328125,1483,0.0,0.0,0.0
2024-06-24 00:00:00-04:00,23.178688317059745,23.237892613944346,23.178688317059745,23.193193435668945,1138,0.0,0.0,0.0
2024-06-25 00:00:00-04:00,23.175754028181135,23.238086147342763,23.175754028181135,23.220247268676758,604,0.1,0.0,0.0
2024-06-26 00:00:00-04:00,23.138988156136048,23.155834724965857,22.990344073057088,23.02998161315918,3993,0.0,0.0,0.0
2024-06-27 00:00:00-04:00,23.109259710612893,23.31240707508865,23.109259710612893,23.22817611694336,5433,0.0,0.0,0.0
2024-06-28 00:00:00-04:00,23.208355808492882,23.4461867249712,23.208355808492882,23.376819610595703,4718,0.0,0.0,0.0
2024-07-01 00:00:00-04:00,23.492168469138548,23.492168469138548,23.46204386109054,23.463727951049805,4103,0.0,0.0,0.0
2024-07-02 00:00:00-04:00,23.485824970367883,23.507030137040577,23.47938346862793,23.47938346862793,798,0.0,0.0,0.0
2024-07-03 00:00:00-04:00,23.53091511729909,23.555193607678067,23.48582649230957,23.48582649230957,1479,0.0,0.0,0.0
2024-07-05 00:00:00-04:00,23.297543431473944,23.297543431473944,23.20835659849468,23.231544494628906,3713,0.0,0.0,0.0
2024-07-08 00:00:00-04:00,23.277724393148883,23.277724393148883,23.247004399111937,23.262365341186523,6056,0.0,0.0,0.0
2024-07-09 00:00:00-04:00,23.277723007009843,23.356999979455843,23.277723007009843,23.321821212768555,20834,0.0,0.0,0.0
2024-07-10 00:00:00-04:00,23.27901289779862,23.347090958402255,23.228176440527385,23.286148071289062,37736,0.0,0.0,0.0
2024-07-11 00:00:00-04:00,23.0993512143904,23.0993512143904,23.00025451829149,23.011850357055664,2538,0.0,0.0,0.0
2024-07-12 00:00:00-04:00,22.99034518860946,23.043856153860588,22.93088604040311,22.9407958984375,29433,0.0,0.0,0.0
2024-07-15 00:00:00-04:00,23.158807758468868,23.446186065673828,23.158807758468868,23.446186065673828,16206,0.0,0.0,0.0
2024-07-16 00:00:00-04:00,23.446187129655296,23.446187129655296,23.332523345947266,23.332523345947266,8244,0.0,0.0,0.0
2024-07-17 00:00:00-04:00,23.178626293322942,23.178626293322942,22.851608546080378,22.881338119506836,15094,0.0,0.0,0.0
2024-07-18 00:00:00-04:00,22.940794663545944,23.039891348443383,22.751520732535543,23.02076530456543,29644,0.0,0.0,0.0
2024-07-19 00:00:00-04:00,23.010162445270513,23.010162445270513,23.00243377685547,23.00243377685547,571,0.0,0.0,0.0
2024-07-22 00:00:00-04:00,23.138989676930443,23.20835679425226,23.129079818725586,23.129079818725586,20296,0.0,0.0,0.0
2024-07-23 00:00:00-04:00,23.193490857476014,23.194481276173402,23.079530333579818,23.089736938476562,1994,0.0,0.0,0.0
2024-07-24 00:00:00-04:00,22.940795445259972,22.940795445259972,22.76777458190918,22.76777458190918,932,0.0,0.0,0.0
2024-07-25 00:00:00-04:00,22.584050716028557,22.826935801178976,22.584050716028557,22.77768325805664,1685,0.0,0.0,0.0
2024-07-26 00:00:00-04:00,22.65331748191432,22.65331748191432,22.623688083648208,22.640039443969727,1789,0.0,0.0,0.0
2024-07-29 00:00:00-04:00,22.633596007016095,22.633596007016095,22.405674961219347,22.4453125,7796,0.0,0.0,0.0
2024-07-30 00:00:00-04:00,22.455222546189024,22.673233736597222,22.43738555908203,22.43738555908203,5100,0.0,0.0,0.0
2024-07-31 00:00:00-04:00,22.633596064480276,22.655099868774414,22.53449938210905,22.655099868774414,1112,0.0,0.0,0.0
2024-08-01 00:00:00-04:00,22.415587173215446,22.415587173215446,22.247123362948436,22.27239227294922,4120,0.0,0.0,0.0
2024-08-02 00:00:00-04:00,22.227302419066856,22.227302419066856,21.974210739135742,21.974210739135742,1815,0.0,0.0,0.0
2024-08-05 00:00:00-04:00,21.939922948256736,21.99541664123535,21.895329532097183,21.99541664123535,829,0.0,0.0,0.0
2024-08-06 00:00:00-04:00,21.781369631411398,21.96965315955807,21.781369631411398,21.914752960205078,6387,0.0,0.0,0.0
2024-08-07 00:00:00-04:00,22.04892827868606,22.04892827868606,21.94983159379315,21.984615325927734,2685,0.0,0.0,0.0
2024-08-08 00:00:00-04:00,21.9102931933027,21.91673469543457,21.870655651868585,21.91673469543457,1873,0.0,0.0,0.0
2024-08-09 00:00:00-04:00,21.96519190314084,21.97460466090053,21.95974082013302,21.970741271972656,2605,0.0,0.0,0.0
2024-08-12 00:00:00-04:00,22.019199775838302,22.034065507867226,22.0146427154541,22.0146427154541,1260,0.0,0.0,0.0
2024-08-13 00:00:00-04:00,22.098477099917258,22.098477099917258,22.030102291948825,22.044172286987305,5204,0.0,0.0,0.0
2024-08-14 00:00:00-04:00,22.118295425370654,22.194400787353516,22.118295425370654,22.194400787353516,1413,0.0,0.0,0.0
2024-08-15 00:00:00-04:00,22.34631901504024,22.40528106689453,22.34621883909062,22.40528106689453,3212,0.0,0.0,0.0
2024-08-16 00:00:00-04:00,22.450269788036067,22.450269788036067,22.400720498798645,22.40091896057129,2785,0.0,0.0,0.0
2024-08-19 00:00:00-04:00,22.2917146621882,22.32639821776158,22.237211391969446,22.312524795532227,3719,0.0,0.0,0.0
2024-08-20 00:00:00-04:00,22.22730333872943,22.22730333872943,22.167944365912525,22.172800064086914,3369,0.0,0.0,0.0
2024-08-21 00:00:00-04:00,22.207481808851025,22.271894936360116,22.1579344123745,22.26337242126465,23710,0.0,0.0,0.0
2024-08-22 00:00:00-04:00,22.21739263388418,22.291715621948242,22.21739263388418,22.291715621948242,2253,0.0,0.0,0.0
2024-08-23 00:00:00-04:00,22.33630889281701,22.33630889281701,22.238202624809176,22.2768497467041,5513,0.0,0.0,0.0
2024-08-26 00:00:00-04:00,22.068748474121094,22.098476157157695,22.04892875868863,22.068748474121094,3149,0.0,0.0,0.0
2024-08-27 00:00:00-04:00,22.227303607787906,22.237213466034884,22.177754316553024,22.202529907226562,8476,0.0,0.0,0.0
2024-08-28 00:00:00-04:00,22.257030858468582,22.257030858468582,22.19202423095703,22.19202423095703,1146,0.0,0.0,0.0
2024-08-29 00:00:00-04:00,22.197574378548474,22.228294372558594,22.1083875430497,22.228294372558594,1698,0.0,0.0,0.0
2024-08-30 00:00:00-04:00,22.157935196277442,22.177753021501953,21.989569681969016,22.116214752197266,21513,0.0,0.0,0.0
2024-09-03 00:00:00-04:00,22.118295175789576,22.242660767525408,22.04892806407334,22.075782775878906,3505,0.0,0.0,0.0
2024-09-04 00:00:00-04:00,21.910194781486474,22.09847640991211,21.910194781486474,22.09847640991211,303,0.0,0.0,0.0
2024-09-05 00:00:00-04:00,21.949832586035246,21.984516143798828,21.949832586035246,21.984516143798828,2887,0.0,0.0,0.0
2024-09-06 00:00:00-04:00,21.910194853052996,21.910194853052996,21.8903751373291,21.8903751373291,3548,0.0,0.0,0.0
2024-09-09 00:00:00-04:00,21.900284338859468,21.900284338859468,21.83091722601683,21.86708641052246,24763,0.0,0.0,0.0
2024-09-10 00:00:00-04:00,21.89037352916827,21.900283386302196,21.821006419342766,21.842510223388672,3105,0.0,0.0,0.0
2024-09-11 00:00:00-04:00,21.99938229738099,22.04228973388672,21.989472439242604,22.04228973388672,1286,0.0,0.0,0.0
2024-09-12 00:00:00-04:00,22.078657918346188,22.078657918346188,21.967472076416016,21.967472076416016,618,0.0,0.0,0.0
2024-09-13 00:00:00-04:00,21.870556071357637,21.900285645826717,21.85073635504492,21.868276596069336,1456,0.0,0.0,0.0
2024-09-16 00:00:00-04:00,21.751640642638062,21.80019762249189,21.751640642638062,21.767990112304688,4362,0.0,0.0,0.0
2024-09-17 00:00:00-04:00,21.677317539488385,21.731820811719892,21.677317539488385,21.707740783691406,2601,0.0,0.0,0.0
2024-09-18 00:00:00-04:00,21.71200113901856,21.71200113901856,21.681182861328125,21.681182861328125,1357,0.0,0.0,0.0
2024-09-19 00:00:00-04:00,21.795042037963867,21.795042037963867,21.795042037963867,21.795042037963867,230,0.0,0.0,0.0
2024-09-20 00:00:00-04:00,22.019200884450704,22.019200884450704,21.937943069087428,21.97272491455078,3399,0.0,0.0,0.0
2024-09-23 00:00:00-04:00,22.04892923485229,22.04892923485229,22.009289803131313,22.01483917236328,3685,0.0,0.0,0.0
2024-09-24 00:00:00-04:00,22.237212315213903,22.237212315213903,21.979561684463043,22.03842544555664,11086,0.0,0.0,0.0
2024-09-25 00:00:00-04:00,22.048976289204496,22.198291778564453,22.048976289204496,22.198291778564453,94273,0.1,0.0,0.0
2024-09-26 00:00:00-04:00,22.34760800315103,22.34760800315103,22.15349578857422,22.15349578857422,2411,0.0,0.0,0.0
2024-09-27 00:00:00-04:00,21.77025364303561,21.77025364303561,21.703956604003906,21.703956604003906,719,0.0,0.0,0.0
2024-09-30 00:00:00-04:00,21.48157591233211,21.541301727294922,21.44175933524005,21.541301727294922,9748,0.0,0.0,0.0
2024-10-01 00:00:00-04:00,21.38203181885528,21.48157611047777,21.375661849975586,21.375661849975586,10002,0.0,0.0,0.0
2024-10-02 00:00:00-04:00,21.23271584942,21.591074531677528,21.23271584942,21.544984817504883,10619,0.0,0.0,0.0
2024-10-03 00:00:00-04:00,21.561210671720723,21.56131130013888,21.54130143412094,21.5587215423584,1269,0.0,0.0,0.0
2024-10-04 00:00:00-04:00,21.60102978848315,21.60102978848315,21.48476219177246,21.48476219177246,1535,0.0,0.0,0.0
2024-10-07 00:00:00-04:00,21.39198707747159,21.51153934049392,21.39198707747159,21.491531372070312,17026,0.0,0.0,0.0
2024-10-08 00:00:00-04:00,21.780206775478494,21.780206775478494,21.69061900281276,21.72486114501953,2873,0.0,0.0,0.0
2024-10-09 00:00:00-04:00,21.734417332897053,21.7588054849581,21.72625503895307,21.757810592651367,1169,0.0,0.0,0.0
2024-10-10 00:00:00-04:00,21.79016250582971,21.79026313425386,21.730535417897574,21.7858829498291,5898,0.0,0.0,0.0
2024-10-11 00:00:00-04:00,21.760300410744662,21.848297119140625,21.760300410744662,21.848297119140625,1185,0.0,0.0,0.0
2024-10-14 00:00:00-04:00,21.958690275754716,21.958690275754716,21.90961588216494,21.944456100463867,2654,0.0,0.0,0.0
2024-10-15 00:00:00-04:00,21.780206934311803,21.78030756273155,21.765275955200195,21.765275955200195,1018,0.0,0.0,0.0
2024-10-16 00:00:00-04:00,21.849888804180303,21.876367368559713,21.800115710446885,21.8338623046875,3315,0.0,0.0,0.0
2024-10-17 00:00:00-04:00,21.890402904185546,21.890402904185546,21.75034523010254,21.75034523010254,61165,0.0,0.0,0.0
2024-10-18 00:00:00-04:00,21.7304357580398,21.74048910677686,21.650800704956055,21.650800704956055,41238,0.0,0.0,0.0
2024-10-21 00:00:00-04:00,21.620936184387062,21.70057123502636,21.620936184387062,21.69061851501465,893,0.0,0.0,0.0
2024-10-22 00:00:00-04:00,21.690619166871343,21.740390363023135,21.690619166871343,21.73322296142578,2161,0.0,0.0,0.0
2024-10-23 00:00:00-04:00,21.710627017499796,21.7304356268937,21.670709812103702,21.6720027923584,17821,0.0,0.0,0.0
2024-10-24 00:00:00-04:00,21.720480422689192,21.735411401321993,21.12321659493531,21.711421966552734,41570,0.0,0.0,0.0
2024-10-25 00:00:00-04:00,21.660754910826505,21.710526106061113,21.591074478038294,21.625316619873047,2773250,0.0,0.0,0.0
2024-10-28 00:00:00-04:00,21.610982154942075,21.615960413733035,21.58112019679402,21.596250534057617,3150,0.0,0.0,0.0
2024-10-29 00:00:00-04:00,21.640845997661746,21.770352874820556,21.63507220476569,21.701568603515625,15107,0.0,0.0,0.0
2024-10-30 00:00:00-04:00,21.56121191321371,21.575645446777344,21.47162223750552,21.575645446777344,4963,0.0,0.0,0.0
2024-10-31 00:00:00-04:00,21.252227162643667,21.267556858466442,21.222762021514907,21.257503509521484,6576,0.0,0.0,0.0
2024-11-01 00:00:00-04:00,21.369986799709036,21.369986799709036,21.288660049438477,21.288660049438477,690,0.0,0.0,0.0
2024-11-04 00:00:00-05:00,21.22594683426983,21.23769187927246,21.143125850102415,21.23769187927246,366,0.0,0.0,0.0
2024-11-05 00:00:00-05:00,21.093355919995304,21.30707550048828,21.093355919995304,21.30707550048828,12690,0.0,0.0,0.0
2024-11-06 00:00:00-05:00,21.36212248244591,21.501485249535524,21.36212248244591,21.472219467163086,20898,0.0,0.0,0.0
2024-11-07 00:00:00-05:00,21.302396800736673,21.38690948486328,21.302396800736673,21.38690948486328,3317,0.0,0.0,0.0
2024-11-08 00:00:00-05:00,21.591075749774742,21.69927978515625,21.591075749774742,21.69927978515625,6988,0.0,0.0,0.0
2024-11-11 00:00:00-05:00,21.60102944631513,21.71052645733279,21.53134711375008,21.53214454650879,27409,0.0,0.0,0.0
2024-11-12 00:00:00-05:00,21.690618349627172,21.690618349627172,21.636465072631836,21.636465072631836,61223,0.0,0.0,0.0
2024-11-13 00:00:00-05:00,21.65080020280057,21.770253728980375,21.620936346593275,21.671504974365234,4738,0.0,0.0,0.0
2024-11-14 00:00:00-05:00,21.421850941035103,21.486553118689077,21.411896321707683,21.454898834228516,2595,0.0,0.0,0.0
2024-11-15 00:00:00-05:00,21.51144069351055,21.51144069351055,21.262580905380716,21.296724319458008,5123,0.0,0.0,0.0
2024-11-18 00:00:00-05:00,21.21280612865437,21.22276074722917,21.093354503055536,21.169803619384766,2741459,0.0,0.0,0.0
2024-11-19 00:00:00-05:00,21.222861873650793,21.23122352561191,21.197178843206192,21.20404815673828,1523,0.0,0.0,0.0
2024-11-20 00:00:00-05:00,21.12321788797033,21.12321788797033,20.804677666642327,20.84041404724121,402533,0.0,0.0,0.0
2024-11-21 00:00:00-05:00,20.87435745790484,20.973901748657227,20.87435745790484,20.973901748657227,3444,0.0,0.0,0.0
2024-11-22 00:00:00-05:00,21.003766114902163,21.013720734083783,20.914275170689596,20.944040298461914,21275,0.0,0.0,0.0
2024-11-25 00:00:00-05:00,20.904320551507976,20.972011202483205,20.884312583372193,20.944040298461914,3421,0.0,0.0,0.0
2024-11-26 00:00:00-05:00,20.854450478816375,21.047664642333984,20.854450478816375,21.047664642333984,10690,0.0,0.0,0.0
2024-11-27 00:00:00-05:00,20.9838556264118,20.9838556264118,20.884311339175486,20.9362735748291,1641,0.0,0.0,0.0
2024-11-29 00:00:00-05:00,20.894265961017577,20.94403905396816,20.894265961017577,20.922536849975586,631,0.0,0.0,0.0
2024-12-02 00:00:00-05:00,20.99381094707326,20.99749432695265,20.95498926233413,20.976390838623047,1239,0.0,0.0,0.0
2024-12-03 00:00:00-05:00,21.023674609696183,21.156764237026817,21.023674609696183,21.146610260009766,3197,0.0,0.0,0.0
2024-12-04 00:00:00-05:00,21.2128069827246,21.28238868713379,21.11435821234081,21.28238868713379,2523,0.0,0.0,0.0
2024-12-05 00:00:00-05:00,21.198771270455374,21.24256931371815,21.192997477774515,21.208925247192383,2130,0.0,0.0,0.0
2024-12-06 00:00:00-05:00,21.06349102077713,21.179460525512695,21.06349102077713,21.179460525512695,883,0.0,0.0,0.0
2024-12-09 00:00:00-05:00,20.894267533945783,20.919551849365234,20.859427315582266,20.919551849365234,1071,0.0,0.0,0.0
2024-12-10 00:00:00-05:00,20.94403979257606,20.955585479736328,20.934085173634887,20.955585479736328,727,0.0,0.0,0.0
2024-12-11 00:00:00-05:00,21.00376658027891,21.07474189641326,21.00376658027891,21.07444190979004,4465,0.0,0.0,0.0
2024-12-12 00:00:00-05:00,20.87435672058692,20.982363288015726,20.87435672058692,20.9362735748291,12047,0.0,0.0,0.0
2024-12-13 00:00:00-05:00,21.103310130956423,21.153081327561495,21.046669620651908,21.07344627380371,3272,0.0,0.0,0.0
2024-12-16 00:00:00-05:00,21.252625080099033,21.38203132717798,21.22276122370417,21.332260131835938,10210,0.0,0.0,0.0
2024-12-17 00:00:00-05:00,21.252625249484122,21.308568954467773,21.252625249484122,21.308568954467773,2184,0.0,0.0,0.0
2024-12-18 00:00:00-05:00,21.3422157630396,21.36212310293112,21.25421905517578,21.25421905517578,2857,0.0,0.0,0.0
2024-12-19 00:00:00-05:00,21.362121716914416,21.362121716914416,21.308866500854492,21.308866500854492,612,0.0,0.0,0.0
2024-12-20 00:00:00-05:00,21.19290051362647,21.262580950667314,21.19290051362647,21.25760269165039,4335,0.0,0.0,0.0
2024-12-23 00:00:00-05:00,21.222761776271355,21.24764737459031,21.16303596057597,21.222064971923828,8658,0.0,0.0,0.0
2024-12-24 00:00:00-05:00,21.222760864613274,21.226444244384766,21.222760864613274,21.226444244384766,162,0.0,0.0,0.0
2024-12-26 00:00:00-05:00,21.20783109580945,21.20783109580945,21.01381949785023,21.168012619018555,31766,0.0,0.0,0.0
2024-12-27 00:00:00-05:00,21.11326201037393,21.132275085179398,21.10330929036891,21.12321662902832,2250,0.0,0.0,0.0
2024-12-30 00:00:00-05:00,21.202852842529627,21.202852842529627,21.11326316837574,21.158855438232422,5013,0.0,0.0,0.0
2024-12-31 00:00:00-05:00,20.914175367657553,21.033626994408113,20.69517945284861,20.898845672607422,3830,0.0,0.0,0.0
2025-01-02 00:00:00-05:00,20.934085903650423,21.262580745566787,20.914176665073796,21.247150421142578,2386,0.0,0.0,0.0
2025-01-03 00:00:00-05:00,21.262580604202736,21.262580604202736,21.073845352671963,21.124313354492188,1688,0.0,0.0,0.0
2025-01-06 00:00:00-05:00,21.113261915925285,21.2426700592041,20.993810289905692,21.2426700592041,3053,0.0,0.0,0.0
2025-01-07 00:00:00-05:00,20.695180960423908,20.939559936523438,20.695180960423908,20.939559936523438,782,0.0,0.0,0.0
2025-01-08 00:00:00-05:00,21.292441478878082,21.424636840820312,21.232715665236388,21.424636840820312,392,0.0,0.0,0.0
2025-01-10 00:00:00-05:00,21.122420890518118,21.122420890518118,20.993810180641105,21.09444808959961,2206,0.0,0.0,0.0
2025-01-13 00:00:00-05:00,20.983856637458434,21.083400929491003,20.853652954101562,20.853652954101562,2073,0.0,0.0,0.0
2025-01-14 00:00:00-05:00,21.103310002113634,21.103310002113634,21.076332092285156,21.076332092285156,312,0.0,0.0,0.0
2025-01-15 00:00:00-05:00,21.302397500635255,21.41329002380371,21.302397500635255,21.41329002380371,546,0.0,0.0,0.0
2025-01-16 00:00:00-05:00,21.461667115629012,21.63089184371009,21.401941299438477,21.401941299438477,3239,0.0,0.0,0.0
2025-01-17 00:00:00-05:00,21.601028702780805,21.601028702780805,21.342214315253322,21.471620559692383,9886,0.0,0.0,0.0
2025-01-21 00:00:00-05:00,21.924545736602244,22.048975623755094,21.720480797617547,21.984172821044922,3230,0.0,0.0,0.0
2025-01-22 00:00:00-05:00,22.337653811695773,22.467060058572105,22.28788071778226,22.42375946044922,11087,0.0,0.0,0.0
2025-01-23 00:00:00-05:00,22.248064758496483,22.248064758496483,22.160464870238307,22.164546966552734,953,0.0,0.0,0.0
2025-01-24 00:00:00-05:00,22.16843017811478,22.277927192801798,22.02906740696391,22.095962524414062,6065,0.0,0.0,0.0
2025-01-27 00:00:00-05:00,21.33226081103405,21.461667062233165,21.163036083374,21.228336334228516,3102,0.0,0.0,0.0
2025-01-28 00:00:00-05:00,21.501485849056298,21.780406951904297,21.501485849056298,21.780406951904297,715,0.0,0.0,0.0
2025-01-29 00:00:00-05:00,21.640845240636125,21.815048217773438,21.601028664974315,21.815048217773438,677,0.0,0.0,0.0
2025-01-30 00:00:00-05:00,21.67070967943719,21.734416961669922,21.581120008475946,21.734416961669922,1318,0.0,0.0,0.0
2025-01-31 00:00:00-05:00,21.95859027550726,22.029066242167445,21.83993418195872,21.847599029541016,3436,0.0,0.0,0.0
2025-02-03 00:00:00-05:00,22.00915849939616,22.057735443115234,21.86969700840546,22.057735443115234,548,0.0,0.0,0.0
2025-02-04 00:00:00-05:00,21.999205335647257,22.078840390763425,21.999205335647257,22.01642608642578,1422,0.0,0.0,0.0
2025-02-05 00:00:00-05:00,21.88970539550333,22.019113540649414,21.88970539550333,22.019113540649414,1038,0.0,0.0,0.0
2025-02-06 00:00:00-05:00,22.058930481703484,22.06998062133789,22.05395412156916,22.06998062133789,586,0.0,0.0,0.0
2025-02-07 00:00:00-05:00,22.198292342423557,22.287882018045092,22.178385002346165,22.27792739868164,2056,0.0,0.0,0.0
2025-02-10 00:00:00-05:00,22.287880913106505,22.475522535898307,22.287880913106505,22.45710563659668,2086,0.0,0.0,0.0
2025-02-11 00:00:00-05:00,22.39737916885489,22.432817459106445,22.377469931695614,22.432817459106445,1542,0.0,0.0,0.0
2025-02-12 00:00:00-05:00,22.128611913521016,22.168430390989194,22.07436180114746,22.07436180114746,2155,0.0,0.0,0.0
2025-02-13 00:00:00-05:00,22.03902175749206,22.03902175749206,21.710428190365455,21.74039077758789,3033,0.0,0.0,0.0
2025-02-14 00:00:00-05:00,21.382032311208363,21.461667366610182,21.372077691951947,21.400747299194336,1835,0.0,0.0,0.0
2025-02-18 00:00:00-05:00,21.55125731821502,21.55125731821502,21.182945894242135,21.25760269165039,1637,0.0,0.0,0.0
2025-02-19 00:00:00-05:00,21.053536757831374,21.053536757831374,20.909197631472466,21.013023376464844,450,0.0,0.0,0.0
2025-02-20 00:00:00-05:00,20.924129833913078,20.924129833913078,20.752415985729396,20.789745330810547,2073,0.0,0.0,0.0
2025-02-21 00:00:00-05:00,20.89566077144027,20.89566077144027,20.67885398864746,20.67885398864746,4066,0.0,0.0,0.0
2025-02-24 00:00:00-05:00,20.824587071823732,20.8345416911511,20.804677833169002,20.830459594726562,3326,0.0,0.0,0.0
2025-02-25 00:00:00-05:00,21.00376568981898,21.262479458934713,21.00376568981898,21.23659896850586,1924,0.0,0.0,0.0
2025-02-26 00:00:00-05:00,21.372077179346807,21.54130190534804,21.322305982907977,21.490137100219727,2603,0.0,0.0,0.0
2025-02-27 00:00:00-05:00,21.490137100219727,21.490137100219727,21.490137100219727,21.490137100219727,0,0.0,0.0,0.0
2025-02-28 00:00:00-05:00,21.38203102527187,21.431804118560535,21.37207640661414,21.395469665527344,750,0.0,0.0,0.0
2025-03-03 00:00:00-05:00,21.133172721978358,21.133172721978358,21.045276641845703,21.045276641845703,357,0.0,0.0,0.0
2025-03-04 00:00:00-05:00,20.555817417785057,20.913578033447266,20.555817417785057,20.913578033447266,4166,0.0,0.0,0.0
2025-03-05 00:00:00-05:00,20.734996727822118,20.744951346828447,20.648393630981445,20.648393630981445,442,0.0,0.0,0.0
2025-03-06 00:00:00-05:00,20.595635732680577,20.595635732680577,20.40650177001953,20.40650177001953,50526,0.0,0.0,0.0
2025-03-07 00:00:00-05:00,20.257185953035922,20.44631991261491,20.257185953035922,20.426410675048828,5373,0.0,0.0,0.0
2025-03-10 00:00:00-04:00,19.888873060283274,20.143009185791016,19.888873060283274,20.143009185791016,281,0.0,0.0,0.0
2025-03-11 00:00:00-04:00,20.287048838026536,20.525955902440817,20.287048838026536,20.497385025024414,23283,0.0,0.0,0.0
2025-03-12 00:00:00-04:00,20.804677695376075,21.023675521828654,20.804677695376075,20.911190032958984,19936,0.0,0.0,0.0
2025-03-13 00:00:00-04:00,20.55581798420731,20.725540161132812,20.55581798420731,20.725540161132812,211,0.0,0.0,0.0
2025-03-14 00:00:00-04:00,20.874356597945678,20.96394626606706,20.874356597945678,20.952898025512695,560,0.0,0.0,0.0
2025-03-17 00:00:00-04:00,20.953993478881824,20.953993478881824,20.884313041730643,20.912086486816406,1000,0.0,0.0,0.0
2025-03-18 00:00:00-04:00,20.59563660364458,20.65536242119243,20.595535975220695,20.631072998046875,1410,0.0,0.0,0.0
2025-03-19 00:00:00-04:00,20.79472262763712,20.865299224853516,20.79472262763712,20.865299224853516,6395,0.0,0.0,0.0
2025-03-20 00:00:00-04:00,20.865299224853516,20.865299224853516,20.865299224853516,20.865299224853516,0,0.0,0.0,0.0
2025-03-21 00:00:00-04:00,21.322305778826685,21.322305778826685,21.230327606201172,21.230327606201172,844,0.0,0.0,0.0
2025-03-24 00:00:00-04:00,21.486552799502594,21.60511016845703,21.486552799502594,21.60511016845703,2436,0.0,0.0,0.0
2025-03-25 00:00:00-04:00,20.804676462768136,21.82550048828125,20.804676462768136,21.82550048828125,1304,0.0,0.0,0.0
2025-03-26 00:00:00-04:00,21.489999771118164,21.489999771118164,21.389699935913086,21.389699935913086,1513,0.1,0.0,0.0
2025-03-27 00:00:00-04:00,21.149999618530273,21.150100708007812,21.028499603271484,21.028499603271484,918,0.0,0.0,0.0
2025-03-28 00:00:00-04:00,21.059999465942383,21.094900131225586,20.9950008392334,21.094900131225586,2754,0.0,0.0,0.0
2025-03-31 00:00:00-04:00,21.1200008392334,21.152700424194336,21.100000381469727,21.152700424194336,396,0.0,0.0,0.0
2025-04-01 00:00:00-04:00,21.152700424194336,21.152700424194336,21.152700424194336,21.152700424194336,0,0.0,0.0,0.0
2025-04-02 00:00:00-04:00,21.200000762939453,21.249900817871094,21.200000762939453,21.249900817871094,209,0.0,0.0,0.0
2025-04-03 00:00:00-04:00,21.110000610351562,21.211000442504883,21.110000610351562,21.211000442504883,637,0.0,0.0,0.0
2025-04-04 00:00:00-04:00,22.21500015258789,22.219999313354492,22.21500015258789,22.219999313354492,728,0.0,0.0,0.0
2025-04-07 00:00:00-04:00,23.530000686645508,23.530000686645508,21.190099716186523,21.654800415039062,6277,0.0,0.0,0.0
2025-04-08 00:00:00-04:00,21.654800415039062,21.654800415039062,21.654800415039062,21.654800415039062,0,0.0,0.0,0.0
2025-04-09 00:00:00-04:00,21.969999313354492,22.010000228881836,21.850000381469727,21.89069938659668,3738,0.0,0.0,0.0
2025-04-10 00:00:00-04:00,21.0,22.18000030517578,21.0,22.071399688720703,8113,0.0,0.0,0.0
2025-04-11 00:00:00-04:00,22.128000259399414,22.200000762939453,22.1200008392334,22.155899047851562,8728,0.0,0.0,0.0
2025-04-14 00:00:00-04:00,22.149999618530273,22.152000427246094,22.06999969482422,22.0762996673584,1403,0.0,0.0,0.0
2025-04-15 00:00:00-04:00,22.15999984741211,22.15999984741211,22.112499237060547,22.112499237060547,536,0.0,0.0,0.0
2025-04-16 00:00:00-04:00,21.770000457763672,21.770000457763672,21.68000030517578,21.75510025024414,26505,0.0,0.0,0.0
2025-04-17 00:00:00-04:00,21.75510025024414,21.75510025024414,21.75510025024414,21.75510025024414,0,0.0,0.0,0.0
2025-04-21 00:00:00-04:00,21.260000228881836,21.31800079345703,21.260000228881836,21.315000534057617,2335,0.0,0.0,0.0
2025-04-22 00:00:00-04:00,21.29800033569336,21.29800033569336,21.265100479125977,21.265100479125977,1422,0.0,0.0,0.0
2025-04-23 00:00:00-04:00,21.3799991607666,21.420000076293945,21.354999542236328,21.354999542236328,1789,0.0,0.0,0.0
2025-04-24 00:00:00-04:00,21.66990089416504,21.66990089416504,21.662500381469727,21.662500381469727,634,0.0,0.0,0.0
2025-04-25 00:00:00-04:00,21.707500457763672,21.760000228881836,21.707500457763672,21.760000228881836,1499,0.0,0.0,0.0
2025-04-28 00:00:00-04:00,21.760000228881836,21.760000228881836,21.760000228881836,21.760000228881836,0,0.0,0.0,0.0
2025-04-29 00:00:00-04:00,21.690000534057617,21.710100173950195,21.594100952148438,21.594100952148438,6319,0.0,0.0,0.0
2025-04-30 00:00:00-04:00,21.594100952148438,21.594100952148438,21.594100952148438,21.594100952148438,0,0.0,0.0,0.0
2025-05-01 00:00:00-04:00,21.969999313354492,21.969999313354492,21.799999237060547,21.899999618530273,949,0.0,0.0,0.0
2025-05-02 00:00:00-04:00,22.31999969482422,22.31999969482422,22.31439971923828,22.31800079345703,661,0.0,0.0,0.0
2025-05-05 00:00:00-04:00,22.389999389648438,22.47610092163086,22.389999389648438,22.47610092163086,682,0.0,0.0,0.0
2025-05-06 00:00:00-04:00,22.309999465942383,22.369300842285156,22.309900283813477,22.369300842285156,1281,0.0,0.0,0.0
2025-05-07 00:00:00-04:00,22.40999984741211,22.4507999420166,22.40999984741211,22.4507999420166,754,0.0,0.0,0.0
2025-05-08 00:00:00-04:00,22.729999542236328,22.729999542236328,22.435100555419922,22.435100555419922,1295,0.0,0.0,0.0
2025-05-09 00:00:00-04:00,22.09160041809082,22.09160041809082,22.076900482177734,22.076900482177734,463,0.0,0.0,0.0
2025-05-12 00:00:00-04:00,21.729999542236328,21.994600296020508,21.729999542236328,21.994600296020508,4623,0.0,0.0,0.0
2025-05-13 00:00:00-04:00,21.979999542236328,22.260000228881836,21.979999542236328,22.200000762939453,11745,0.0,0.0,0.0
2025-05-14 00:00:00-04:00,22.350000381469727,22.350000381469727,22.326200485229492,22.326200485229492,812,0.0,0.0,0.0
2025-05-15 00:00:00-04:00,22.399999618530273,22.400100708007812,22.37179946899414,22.37179946899414,405,0.0,0.0,0.0
2025-05-16 00:00:00-04:00,22.270000457763672,22.270000457763672,22.209999084472656,22.217500686645508,1510,0.0,0.0,0.0
2025-05-19 00:00:00-04:00,22.290000915527344,22.30459976196289,22.290000915527344,22.291000366210938,3038,0.0,0.0,0.0
2025-05-20 00:00:00-04:00,22.291000366210938,22.291000366210938,22.291000366210938,22.291000366210938,0,0.0,0.0,0.0
2025-05-21 00:00:00-04:00,22.290000915527344,22.3125,22.290000915527344,22.3125,660,0.0,0.0,0.0
2025-05-22 00:00:00-04:00,22.3125,22.3125,22.3125,22.3125,0,0.0,0.0,0.0
2025-05-23 00:00:00-04:00,22.3125,22.3125,22.3125,22.3125,0,0.0,0.0,0.0
2025-05-27 00:00:00-04:00,22.3125,22.3125,22.3125,22.3125,0,0.0,0.0,0.0
2025-05-28 00:00:00-04:00,22.3125,22.3125,22.3125,22.3125,0,0.0,0.0,0.0
2025-05-29 00:00:00-04:00,22.3125,22.3125,22.3125,22.3125,0,0.0,0.0,0.0
2025-05-30 00:00:00-04:00,22.3125,22.3125,22.3125,22.3125,0,0.0,0.0,0.0
