Date,Open,High,Low,Close,Volume,Dividends,Stock Splits
1993-11-04 00:00:00-05:00,24.177294350708067,24.718578724243393,23.99686622619629,23.99686622619629,1266570,0.0,0.0
1993-11-05 00:00:00-05:00,24.177296890965508,24.177296890965508,23.636014938354492,23.636014938354492,190305,0.0,0.0
1993-11-08 00:00:00-05:00,23.636014938354492,23.816443081823472,23.455586794885512,23.636014938354492,57645,0.0,0.0
1993-11-09 00:00:00-05:00,23.996868747496528,24.177296890965508,23.636014938354492,23.636014938354492,85725,0.0,0.0
1993-11-10 00:00:00-05:00,23.6360124549684,23.99686622619629,23.455584330456624,23.99686622619629,70245,0.0,0.0
1993-11-11 00:00:00-05:00,23.996868747496528,23.996868747496528,23.636014938354492,23.636014938354492,46620,0.0,0.0
1993-11-12 00:00:00-05:00,23.636014938354492,23.816443081823472,23.455586794885512,23.636014938354492,55575,0.0,0.0
1993-11-15 00:00:00-05:00,23.636014938354492,23.816443081823472,23.636014938354492,23.636014938354492,22365,0.0,0.0
1993-11-16 00:00:00-05:00,23.4555860663315,23.4555860663315,23.275157928466797,23.275157928466797,43740,0.0,0.0
1993-11-17 00:00:00-05:00,23.455580271279242,23.455580271279242,23.0947265625,23.0947265625,84465,0.0,0.0
1993-11-18 00:00:00-05:00,23.09472903115275,23.09472903115275,22.914300918579105,22.9143009185791,65610,0.0,0.0
1993-11-19 00:00:00-05:00,22.91430068973708,22.91430068973708,22.373016357421875,22.373016357421875,56520,0.0,0.0
1993-11-22 00:00:00-05:00,22.55344446819361,22.55344446819361,22.192590724445612,22.373016357421875,18945,0.0,0.0
1993-11-23 00:00:00-05:00,22.3730207922052,22.55344893874143,22.01216697692871,22.01216697692871,14985,0.0,0.0
1993-11-24 00:00:00-05:00,22.012169500226875,22.012169500226875,21.831741333007812,21.831741333007812,10080,0.0,0.0
1993-11-26 00:00:00-05:00,21.83173883039248,22.192595123464937,21.83173883039248,22.01216697692871,2160,0.0,0.0
1993-11-29 00:00:00-05:00,23.455586794885512,23.816443081823472,23.275158651416533,23.636014938354492,92700,0.0,0.0
1993-11-30 00:00:00-05:00,23.816444396972656,23.996870072608857,23.636016243540396,23.816444396972656,31635,0.0,0.0
1993-12-01 00:00:00-05:00,23.816449330055,24.89901351928711,23.816449330055,24.89901351928711,70695,0.0,0.0
1993-12-02 00:00:00-05:00,25.259869900895527,25.259869900895527,24.718587806279473,24.89901351928711,46260,0.0,0.0
1993-12-03 00:00:00-05:00,24.718586512950424,26.16200700826812,24.5381583315866,25.981578826904297,48600,0.0,0.0
1993-12-06 00:00:00-05:00,26.342424952678154,27.424988664572133,25.981568730183177,26.161996841430664,41580,0.0,0.0
1993-12-07 00:00:00-05:00,25.981568499565384,25.981568499565384,25.620712280273438,25.620712280273438,9090,0.0,0.0
1993-12-08 00:00:00-05:00,25.44029550121856,25.801149368286136,25.44029550121856,25.801149368286133,10800,0.0,0.0
1993-12-09 00:00:00-05:00,25.981578826904297,26.16200700826812,25.801150645540474,25.981578826904297,35865,0.0,0.0
1993-12-10 00:00:00-05:00,25.801149368286136,25.98157754071808,25.44029550121856,25.801149368286133,44640,0.0,0.0
1993-12-13 00:00:00-05:00,25.801149368286136,25.98157754071808,25.801149368286136,25.801149368286133,19710,0.0,0.0
1993-12-14 00:00:00-05:00,25.98156848723818,25.98156848723818,25.44028663635254,25.44028663635254,13230,0.0,0.0
1993-12-15 00:00:00-05:00,25.44028663635254,25.620712268117448,25.44028663635254,25.44028663635254,12060,0.0,0.0
1993-12-16 00:00:00-05:00,25.44029550121856,25.98157754071808,25.44029550121856,25.801149368286133,10575,0.0,0.0
1993-12-17 00:00:00-05:00,25.440286874236186,26.161996841430664,25.440286874236186,26.161996841430664,32220,0.0,0.0
1993-12-20 00:00:00-05:00,25.981571928734976,26.703281984778084,25.981571928734976,26.52285385131836,16740,0.0,0.0
1993-12-21 00:00:00-05:00,26.16200700826812,26.342435189631942,25.981578826904297,25.981578826904297,16560,0.0,0.0
1993-12-22 00:00:00-05:00,25.98157754071808,25.98157754071808,25.801149368286136,25.801149368286133,3285,0.0,0.0
1993-12-23 00:00:00-05:00,25.98157136227965,26.70328140258789,25.801143232753656,26.70328140258789,9045,0.0,0.0
1993-12-27 00:00:00-05:00,27.06413459777832,27.244560229083056,26.703278379577945,27.06413459777832,19890,0.0,0.0
1993-12-28 00:00:00-05:00,27.064144083897528,27.244569778442383,26.883715911556354,27.244569778442383,3960,0.0,0.0
1993-12-29 00:00:00-05:00,27.244569778442383,27.424997950783556,27.064144083897528,27.244569778442383,2520,0.0,0.0
1993-12-30 00:00:00-05:00,27.06414537139174,27.966283798217773,27.06414537139174,27.966283798217773,15075,0.0,0.0
1993-12-31 00:00:00-05:00,27.7858612075318,28.146715164184574,27.7858612075318,28.14671516418457,6030,0.0,0.0
1994-01-03 00:00:00-05:00,27.96628827142952,28.146714003416697,27.785860061645504,27.785860061645508,7965,0.0,0.0
1994-01-04 00:00:00-05:00,27.42498779296875,27.60541589848199,27.24455968745551,27.42498779296875,10080,0.0,0.0
1994-01-05 00:00:00-05:00,27.244569778442383,27.60542612312473,27.244569778442383,27.244569778442383,41535,0.0,0.0
1994-01-06 00:00:00-05:00,27.424975873053977,27.605403900146484,27.424975873053977,27.605403900146484,8505,0.0,0.0
1994-01-07 00:00:00-05:00,27.605431851861493,27.96628827142952,27.605431851861493,27.785860061645508,45225,0.0,0.0
1994-01-10 00:00:00-05:00,27.605431851861493,27.785860061645504,27.605431851861493,27.785860061645508,23355,0.0,0.0
1994-01-11 00:00:00-05:00,27.78585061403367,28.507560729980465,27.78585061403367,28.50756072998047,9495,0.0,0.0
1994-01-12 00:00:00-05:00,28.507548191654397,29.950967788696286,28.507548191654397,29.95096778869629,53325,0.0,0.0
1994-01-13 00:00:00-05:00,29.77055290422027,29.77055290422027,29.22927093505859,29.229270935058594,29430,0.0,0.0
1994-01-14 00:00:00-05:00,29.048844024154253,29.22927218083012,28.687990188598633,28.687990188598633,12555,0.0,0.0
1994-01-17 00:00:00-05:00,28.86841454905587,28.86841454905587,28.507560729980465,28.50756072998047,14040,0.0,0.0
1994-01-18 00:00:00-05:00,28.32713258154477,28.687988878416164,28.32713258154477,28.50756072998047,12600,0.0,0.0
1994-01-19 00:00:00-05:00,28.507560729980465,28.687988878416164,28.146704433109072,28.50756072998047,66870,0.0,0.0
1994-01-20 00:00:00-05:00,28.507560729980465,28.687988878416164,28.507560729980465,28.50756072998047,5580,0.0,0.0
1994-01-21 00:00:00-05:00,28.5075595316818,29.04884147644043,28.5075595316818,29.04884147644043,42750,0.0,0.0
1994-01-24 00:00:00-05:00,29.04884147644043,29.04884147644043,28.687987672533307,29.04884147644043,11610,0.0,0.0
1994-01-25 00:00:00-05:00,29.0488478275161,29.0488478275161,28.687993944713927,28.868419647216797,11115,0.0,0.0
1994-01-26 00:00:00-05:00,28.687987672533307,29.229269617291937,28.687987672533307,29.04884147644043,5220,0.0,0.0
1994-01-27 00:00:00-05:00,29.2292760078154,29.2292760078154,28.868419647216797,28.868419647216797,2160,0.0,0.0
1994-01-28 00:00:00-05:00,29.04884147644043,29.40969775814344,29.04884147644043,29.04884147644043,25875,0.0,0.0
1994-01-31 00:00:00-05:00,29.409705478774704,29.590133666992188,28.86842091412225,29.590133666992188,11205,0.0,0.0
1994-02-01 00:00:00-05:00,29.770540622105447,30.492250442504883,29.770540622105447,30.492250442504883,25065,0.0,0.0
1994-02-02 00:00:00-05:00,30.67269515991211,31.213979677256326,30.311841292812286,30.67269515991211,18585,0.0,0.0
1994-02-03 00:00:00-05:00,30.49226190726752,30.672690049655163,30.31183624267578,30.31183624267578,29205,0.0,0.0
1994-02-04 00:00:00-05:00,30.49225981643751,30.49225981643751,29.770549774169922,29.770549774169922,3825,0.0,0.0
1994-02-07 00:00:00-05:00,29.229260862773856,29.40968894958496,28.327122906513473,29.40968894958496,13185,0.0,0.0
1994-02-08 00:00:00-05:00,29.40969775814344,29.40969775814344,28.868413335588926,29.04884147644043,9000,0.0,0.0
1994-02-09 00:00:00-05:00,29.0488478275161,29.0488478275161,28.687993944713927,28.868419647216797,3240,0.0,0.0
1994-02-10 00:00:00-05:00,28.507555572458088,28.507555572458088,28.32712745666504,28.32712745666504,945,0.0,0.0
1994-02-11 00:00:00-05:00,27.966283798217773,27.966283798217773,27.42499925544429,27.966283798217773,13680,0.0,0.0
1994-02-14 00:00:00-05:00,28.146714003416697,28.32714221320071,27.785860061645504,27.785860061645508,5490,0.0,0.0
1994-02-15 00:00:00-05:00,27.605403900146484,27.605403900146484,27.06412229666329,27.605403900146484,11655,0.0,0.0
1994-02-16 00:00:00-05:00,27.605427340714545,28.868419647216797,27.605427340714545,28.868419647216797,28125,0.0,0.0
1994-02-17 00:00:00-05:00,29.048849102339734,30.131415753848106,29.048849102339734,29.590133666992188,31725,0.0,0.0
1994-02-18 00:00:00-05:00,29.229260862773856,29.40968894958496,29.229260862773856,29.40968894958496,4545,0.0,0.0
1994-02-22 00:00:00-05:00,29.2292760078154,29.2292760078154,28.687993944713927,28.868419647216797,13095,0.0,0.0
1994-02-23 00:00:00-05:00,28.507565764414625,29.409704188114702,28.507565764414625,28.868419647216797,15435,0.0,0.0
1994-02-24 00:00:00-05:00,29.0488427860727,29.22927093505859,28.868414637086808,29.229270935058594,8820,0.0,0.0
1994-02-25 00:00:00-05:00,29.229269617291937,29.229269617291937,28.5075595316818,29.04884147644043,12825,0.0,0.0
1994-02-28 00:00:00-05:00,29.048849102339734,29.590133666992188,29.048849102339734,29.590133666992188,11565,0.0,0.0
1994-03-01 00:00:00-05:00,29.229260862773856,29.40968894958496,29.04883277596275,29.40968894958496,3420,0.0,0.0
1994-03-02 00:00:00-05:00,29.048844024154253,29.048844024154253,28.687990188598633,28.687990188598633,8055,0.0,0.0
1994-03-03 00:00:00-05:00,28.687993944713927,28.868419647216797,28.687993944713927,28.868419647216797,5220,0.0,0.0
1994-03-04 00:00:00-05:00,29.04884147644043,29.04884147644043,29.04884147644043,29.04884147644043,675,0.0,0.0
1994-03-07 00:00:00-05:00,29.04883277596275,29.40968894958496,28.868404689151646,29.40968894958496,7470,0.0,0.0
1994-03-08 00:00:00-05:00,30.49225981643751,30.49225981643751,29.770549774169922,29.770549774169922,13725,0.0,0.0
1994-03-09 00:00:00-05:00,29.770554173061605,29.770554173061605,28.507562031922767,28.687990188598633,16425,0.0,0.0
1994-03-10 00:00:00-05:00,28.86841454905587,29.04884269749157,28.507560729980465,28.50756072998047,4410,0.0,0.0
1994-03-11 00:00:00-05:00,28.687990188598633,28.687990188598633,28.327133875246904,28.687990188598633,2520,0.0,0.0
1994-03-14 00:00:00-05:00,28.507565764414625,28.868419647216797,28.507565764414625,28.868419647216797,1260,0.0,0.0
1994-03-15 00:00:00-05:00,28.868404689151646,29.40968894958496,28.687979080135683,29.40968894958496,10710,0.0,0.0
1994-03-16 00:00:00-05:00,29.409705478774704,29.950987565630623,29.048849102339734,29.590133666992188,3375,0.0,0.0
1994-03-17 00:00:00-05:00,29.5901192390806,30.31182916225387,29.5901192390806,30.13140106201172,2835,0.0,0.0
1994-03-18 00:00:00-05:00,29.590114128333266,29.950967788696286,29.22925799017534,29.95096778869629,6390,0.0,0.0
1994-03-21 00:00:00-05:00,29.590127233030376,29.590127233030376,29.22927093505859,29.229270935058594,2745,0.0,0.0
1994-03-22 00:00:00-05:00,29.0488427860727,29.22927093505859,29.0488427860727,29.229270935058594,360,0.0,0.0
1994-03-23 00:00:00-05:00,29.04884147644043,29.04884147644043,28.868413335588926,29.04884147644043,2790,0.0,0.0
1994-03-24 00:00:00-05:00,28.868419647216797,28.868419647216797,28.868419647216797,28.868419647216797,135,0.0,0.0
1994-03-25 00:00:00-05:00,29.22925799017534,30.13139585777525,29.22925799017534,29.95096778869629,16335,0.0,0.0
1994-03-28 00:00:00-05:00,29.590127233030376,29.590127233030376,28.50756081691102,29.229270935058594,22950,0.0,0.0
1994-03-29 00:00:00-05:00,29.048846560875894,29.048846560875894,25.44029550121856,25.801149368286133,28575,0.0,0.0
1994-03-30 00:00:00-05:00,26.161996009966877,27.42498779296875,26.161996009966877,27.42498779296875,37170,0.0,0.0
1994-03-31 00:00:00-05:00,27.42499925544429,27.966283798217773,26.70328900954275,27.966283798217773,29970,0.0,0.0
1994-04-04 00:00:00-04:00,27.42498779296875,27.42498779296875,27.064134059737672,27.42498779296875,8325,0.0,0.0
1994-04-05 00:00:00-04:00,27.424975873053977,27.9662599543315,27.424975873053977,27.605403900146484,2520,0.0,0.0
1994-04-06 00:00:00-04:00,27.424994317162273,28.687988878416164,27.424994317162273,28.50756072998047,7650,0.0,0.0
1994-04-07 00:00:00-04:00,28.868419647216797,28.868419647216797,28.868419647216797,28.868419647216797,6300,0.0,0.0
1994-04-08 00:00:00-04:00,28.687990188598633,28.687990188598633,28.687990188598633,28.687990188598633,810,0.0,0.0
1994-04-11 00:00:00-04:00,28.86841454905587,28.86841454905587,28.507560729980465,28.50756072998047,1035,0.0,0.0
1994-04-12 00:00:00-04:00,28.146715164184574,28.327143381409428,28.146715164184574,28.14671516418457,1710,0.0,0.0
1994-04-13 00:00:00-04:00,28.146709501345832,28.146709501345832,27.966283798217773,27.966283798217773,2745,0.0,0.0
1994-04-14 00:00:00-04:00,28.146714003416697,28.146714003416697,27.785860061645504,27.785860061645508,2790,0.0,0.0
1994-04-15 00:00:00-04:00,27.42498779296875,27.60541589848199,27.42498779296875,27.42498779296875,1980,0.0,0.0
1994-04-18 00:00:00-04:00,27.96627210950847,27.96627210950847,27.42498779296875,27.42498779296875,17325,0.0,0.0
1994-04-19 00:00:00-04:00,27.42498779296875,27.42498779296875,27.42498779296875,27.42498779296875,4500,0.0,0.0
1994-04-20 00:00:00-04:00,27.424975873053977,27.605403900146484,27.424975873053977,27.605403900146484,19395,0.0,0.0
1994-04-21 00:00:00-04:00,27.24455968745551,27.60541589848199,27.24455968745551,27.42498779296875,37350,0.0,0.0
1994-04-22 00:00:00-04:00,27.42498779296875,27.42498779296875,27.42498779296875,27.42498779296875,5805,0.0,0.0
1994-04-25 00:00:00-04:00,27.424994317162273,28.507560729980465,27.424994317162273,28.50756072998047,6255,0.0,0.0
1994-04-26 00:00:00-04:00,28.32712745666504,28.32712745666504,28.146699340871987,28.32712745666504,1125,0.0,0.0
1994-04-28 00:00:00-04:00,28.146704433109072,28.507560729980465,28.146704433109072,28.50756072998047,14175,0.0,0.0
1994-04-29 00:00:00-04:00,28.327137682270326,28.327137682270326,27.966283798217773,27.966283798217773,1800,0.0,0.0
1994-05-02 00:00:00-04:00,28.146715164184574,28.327143381409428,28.146715164184574,28.14671516418457,450,0.0,0.0
1994-05-03 00:00:00-04:00,28.146709403816022,28.868419647216797,28.146709403816022,28.868419647216797,9765,0.0,0.0
1994-05-04 00:00:00-04:00,28.507555572458088,28.507555572458088,28.32712745666504,28.32712745666504,15435,0.0,0.0
1994-05-05 00:00:00-04:00,28.507560729980465,28.687988878416164,28.507560729980465,28.50756072998047,4320,0.0,0.0
1994-05-06 00:00:00-04:00,28.327143381409428,28.327143381409428,28.146715164184574,28.14671516418457,6075,0.0,0.0
1994-05-09 00:00:00-04:00,27.96628827142952,27.96628827142952,27.785860061645504,27.785860061645508,6075,0.0,0.0
1994-05-10 00:00:00-04:00,27.605403900146484,27.605403900146484,27.605403900146484,27.605403900146484,135,0.0,0.0
1994-05-11 00:00:00-04:00,27.42498779296875,27.42498779296875,27.42498779296875,27.42498779296875,4185,0.0,0.0
1994-05-12 00:00:00-04:00,27.424975873053977,27.605403900146484,27.424975873053977,27.605403900146484,1170,0.0,0.0
1994-05-13 00:00:00-04:00,27.24455968745551,27.60541589848199,26.883705954224432,27.42498779296875,26730,0.0,0.0
1994-05-16 00:00:00-04:00,27.244569778442383,27.424997950783556,27.244569778442383,27.244569778442383,1395,0.0,0.0
1994-05-17 00:00:00-04:00,27.24454784596147,27.605403900146484,27.24454784596147,27.605403900146484,1485,0.0,0.0
1994-05-18 00:00:00-04:00,27.78583192723899,27.78583192723899,27.605403900146484,27.605403900146484,315,0.0,0.0
1994-05-19 00:00:00-04:00,27.605403900146484,27.78583192723899,27.605403900146484,27.605403900146484,2880,0.0,0.0
1994-05-20 00:00:00-04:00,27.785860061645504,27.785860061645504,27.42500364207748,27.785860061645508,15750,0.0,0.0
1994-05-23 00:00:00-04:00,27.7858612075318,28.146715164184574,27.7858612075318,28.14671516418457,1620,0.0,0.0
1994-05-24 00:00:00-04:00,28.146699340871987,28.32712745666504,27.966273702874478,28.32712745666504,2790,0.0,0.0
1994-05-25 00:00:00-04:00,28.327143381409428,28.327143381409428,28.146715164184574,28.14671516418457,495,0.0,0.0
1994-05-26 00:00:00-04:00,28.32712745666504,28.32712745666504,28.32712745666504,28.32712745666504,945,0.0,0.0
1994-05-27 00:00:00-04:00,28.146709501345832,28.146709501345832,27.966283798217773,27.966283798217773,1350,0.0,0.0
1994-05-31 00:00:00-04:00,27.60541589848199,27.60541589848199,27.42498779296875,27.42498779296875,7920,0.0,0.0
1994-06-01 00:00:00-04:00,27.42500364207748,27.785860061645504,27.42500364207748,27.785860061645508,2790,0.0,0.0
1994-06-02 00:00:00-04:00,27.78585561729328,27.966283798217773,27.78585561729328,27.966283798217773,1125,0.0,0.0
1994-06-03 00:00:00-04:00,27.78584400399523,27.78584400399523,27.42498779296875,27.42498779296875,13725,0.0,0.0
1994-06-06 00:00:00-04:00,27.064134059737672,27.60541589848199,27.064134059737672,27.42498779296875,3780,0.0,0.0
1994-06-07 00:00:00-04:00,27.42500364207748,27.785860061645504,27.42500364207748,27.785860061645508,2025,0.0,0.0
1994-06-08 00:00:00-04:00,27.605432990306944,28.146715164184574,27.605432990306944,28.14671516418457,7065,0.0,0.0
1994-06-09 00:00:00-04:00,27.966289424756653,28.146715164184574,27.966289424756653,28.14671516418457,360,0.0,0.0
1994-06-10 00:00:00-04:00,28.146714003416697,28.146714003416697,27.785860061645504,27.785860061645508,3915,0.0,0.0
1994-06-13 00:00:00-04:00,27.9662599543315,27.9662599543315,27.605403900146484,27.605403900146484,900,0.0,0.0
1994-06-14 00:00:00-04:00,27.96628827142952,27.96628827142952,27.785860061645504,27.785860061645508,4590,0.0,0.0
1994-06-15 00:00:00-04:00,27.78583192723899,27.78583192723899,27.605403900146484,27.605403900146484,5310,0.0,0.0
1994-06-16 00:00:00-04:00,27.785860061645504,27.785860061645504,27.785860061645504,27.785860061645508,135,0.0,0.0
1994-06-17 00:00:00-04:00,27.966283798217773,27.966283798217773,27.78585561729328,27.966283798217773,1440,0.0,0.0
1994-06-20 00:00:00-04:00,27.78583192723899,27.78583192723899,27.605403900146484,27.605403900146484,1620,0.0,0.0
1994-06-21 00:00:00-04:00,27.60541589848199,27.78584400399523,27.42498779296875,27.42498779296875,12330,0.0,0.0
1994-06-22 00:00:00-04:00,27.42498779296875,27.42498779296875,27.42498779296875,27.42498779296875,6525,0.0,0.0
1994-06-23 00:00:00-04:00,27.42498779296875,27.42498779296875,27.42498779296875,27.42498779296875,3690,0.0,0.0
1994-06-24 00:00:00-04:00,27.424991442896136,27.424991442896136,26.70328140258789,26.70328140258789,187425,0.0,0.0
1994-06-27 00:00:00-04:00,26.703277848711195,27.42498779296875,26.703277848711195,27.42498779296875,13050,0.0,0.0
1994-06-28 00:00:00-04:00,27.24455968745551,27.42498779296875,27.24455968745551,27.42498779296875,20700,0.0,0.0
1994-06-29 00:00:00-04:00,27.605427436368785,27.966283798217773,27.605427436368785,27.966283798217773,4500,0.0,0.0
1994-06-30 00:00:00-04:00,27.785851883015418,28.687990188598633,27.605423726339556,28.687990188598633,22545,0.0,0.0
1994-07-01 00:00:00-04:00,28.507562031922767,28.687990188598633,28.507562031922767,28.687990188598633,4050,0.0,0.0
1994-07-05 00:00:00-04:00,28.507562031922767,28.687990188598633,28.327133875246904,28.687990188598633,5625,0.0,0.0
1994-07-06 00:00:00-04:00,28.50757042298472,28.50757042298472,27.785860061645504,27.785860061645508,9945,0.0,0.0
1994-07-07 00:00:00-04:00,27.966283798217773,27.966283798217773,27.966283798217773,27.966283798217773,1530,0.0,0.0
1994-07-08 00:00:00-04:00,27.966289424756653,28.146715164184574,27.7858612075318,28.14671516418457,15840,0.0,0.0
1994-07-11 00:00:00-04:00,27.9662599543315,27.9662599543315,27.605403900146484,27.605403900146484,2340,0.0,0.0
1994-07-12 00:00:00-04:00,27.78585561729328,27.966283798217773,27.78585561729328,27.966283798217773,1440,0.0,0.0
1994-07-13 00:00:00-04:00,27.96628827142952,28.146714003416697,27.785860061645504,27.785860061645508,1800,0.0,0.0
1994-07-14 00:00:00-04:00,27.9662599543315,27.9662599543315,27.605403900146484,27.605403900146484,22455,0.0,0.0
1994-07-15 00:00:00-04:00,27.605431851861493,27.785860061645504,27.605431851861493,27.785860061645508,1845,0.0,0.0
1994-07-18 00:00:00-04:00,27.966273702874478,28.32712745666504,27.966273702874478,28.32712745666504,2880,0.0,0.0
1994-07-19 00:00:00-04:00,28.32713258154477,28.687988878416164,28.32713258154477,28.50756072998047,9000,0.0,0.0
1994-07-20 00:00:00-04:00,28.327133875246904,28.687990188598633,28.327133875246904,28.687990188598633,7560,0.0,0.0
1994-07-21 00:00:00-04:00,28.507555572458088,28.507555572458088,28.32712745666504,28.32712745666504,2250,0.0,0.0
1994-07-22 00:00:00-04:00,28.507560729980465,28.507560729980465,28.32713258154477,28.50756072998047,945,0.0,0.0
1994-07-25 00:00:00-04:00,28.327143381409428,28.327143381409428,28.146715164184574,28.14671516418457,3285,0.0,0.0
1994-07-26 00:00:00-04:00,28.327143381409428,28.327143381409428,28.146715164184574,28.14671516418457,2565,0.0,0.0
1994-07-27 00:00:00-04:00,27.966283798217773,27.966283798217773,27.966283798217773,27.966283798217773,810,0.0,0.0
1994-07-28 00:00:00-04:00,27.78585561729328,27.966283798217773,27.78585561729328,27.966283798217773,3150,0.0,0.0
1994-07-29 00:00:00-04:00,27.966273702874478,28.32712745666504,27.966273702874478,28.32712745666504,1890,0.0,0.0
1994-08-01 00:00:00-04:00,28.32712745666504,28.32712745666504,28.146699340871987,28.32712745666504,4590,0.0,0.0
1994-08-02 00:00:00-04:00,28.327143381409428,28.327143381409428,28.146715164184574,28.14671516418457,765,0.0,0.0
1994-08-03 00:00:00-04:00,28.146715164184574,28.146715164184574,28.146715164184574,28.14671516418457,225,0.0,0.0
1994-08-04 00:00:00-04:00,27.966283798217773,27.966283798217773,27.966283798217773,27.966283798217773,1080,0.0,0.0
1994-08-05 00:00:00-04:00,28.146715164184574,28.146715164184574,28.146715164184574,28.14671516418457,10755,0.0,0.0
1994-08-08 00:00:00-04:00,27.96627266548381,27.96627266548381,27.06413459777832,27.06413459777832,159345,0.0,0.0
1994-08-09 00:00:00-04:00,27.064144083897528,27.244569778442383,27.064144083897528,27.244569778442383,945,0.0,0.0
1994-08-10 00:00:00-04:00,27.244569778442383,27.244569778442383,27.244569778442383,27.244569778442383,0,0.0,0.0
1994-08-11 00:00:00-04:00,27.06413459777832,27.06413459777832,27.06413459777832,27.06413459777832,2700,0.0,0.0
1994-08-12 00:00:00-04:00,26.883712768554688,26.883712768554688,26.883712768554688,26.883712768554688,5490,0.0,0.0
1994-08-15 00:00:00-04:00,26.883712768554688,26.883712768554688,26.883712768554688,26.883712768554688,630,0.0,0.0
1994-08-16 00:00:00-04:00,27.064140919801826,27.064140919801826,26.883712768554688,26.883712768554688,720,0.0,0.0
1994-08-17 00:00:00-04:00,26.883706488678133,27.06413459777832,26.883706488678133,27.06413459777832,1350,0.0,0.0
1994-08-18 00:00:00-04:00,26.883706488678133,27.06413459777832,26.883706488678133,27.06413459777832,855,0.0,0.0
1994-08-19 00:00:00-04:00,27.244569778442383,27.244569778442383,27.064144083897528,27.244569778442383,720,0.0,0.0
1994-08-22 00:00:00-04:00,27.244569778442383,27.244569778442383,27.244569778442383,27.244569778442383,225,0.0,0.0
1994-08-23 00:00:00-04:00,27.424997950783556,27.424997950783556,27.244569778442383,27.244569778442383,2070,0.0,0.0
1994-08-24 00:00:00-04:00,27.424975873053977,27.605403900146484,27.424975873053977,27.605403900146484,6300,0.0,0.0
1994-08-25 00:00:00-04:00,27.605403900146484,27.605403900146484,27.605403900146484,27.605403900146484,0,0.0,0.0
1994-08-26 00:00:00-04:00,27.42500364207748,27.785860061645504,27.42500364207748,27.785860061645508,5760,0.0,0.0
1994-08-29 00:00:00-04:00,27.60541589848199,27.60541589848199,27.42498779296875,27.42498779296875,10575,0.0,0.0
1994-08-30 00:00:00-04:00,27.42498779296875,27.42498779296875,27.064134059737672,27.42498779296875,3330,0.0,0.0
1994-08-31 00:00:00-04:00,27.42500477308209,28.146715164184574,27.42500477308209,28.14671516418457,53820,0.0,0.0
1994-09-01 00:00:00-04:00,28.146709501345832,28.146709501345832,27.966283798217773,27.966283798217773,1935,0.0,0.0
1994-09-02 00:00:00-04:00,27.785860061645504,27.785860061645504,27.785860061645504,27.785860061645508,900,0.0,0.0
1994-09-06 00:00:00-04:00,27.966283798217773,27.966283798217773,27.966283798217773,27.966283798217773,945,0.0,0.0
1994-09-07 00:00:00-04:00,27.78585561729328,27.966283798217773,27.78585561729328,27.966283798217773,1260,0.0,0.0
1994-09-08 00:00:00-04:00,27.785860061645504,27.785860061645504,27.605431851861493,27.785860061645508,1665,0.0,0.0
1994-09-09 00:00:00-04:00,27.785860061645504,27.785860061645504,27.785860061645504,27.785860061645508,0,0.0,0.0
1994-09-12 00:00:00-04:00,27.60541644728343,27.60541644728343,27.06413459777832,27.06413459777832,12600,0.0,0.0
1994-09-13 00:00:00-04:00,27.24455968745551,27.42498779296875,27.24455968745551,27.42498779296875,180,0.0,0.0
1994-09-14 00:00:00-04:00,27.42498779296875,27.42498779296875,27.42498779296875,27.42498779296875,225,0.0,0.0
1994-09-15 00:00:00-04:00,27.244560229083056,27.244560229083056,26.703278379577945,27.06413459777832,10260,0.0,0.0
1994-09-16 00:00:00-04:00,27.24455968745551,27.42498779296875,27.24455968745551,27.42498779296875,2070,0.0,0.0
1994-09-19 00:00:00-04:00,27.424992053046818,27.424992053046818,26.34242820739746,26.34242820739746,4410,0.0,0.0
1994-09-20 00:00:00-04:00,26.34242820739746,26.34242820739746,25.981571940317153,26.34242820739746,12240,0.0,0.0
1994-09-21 00:00:00-04:00,26.342424952678154,26.342424952678154,26.161996841430664,26.161996841430664,8730,0.0,0.0
1994-09-22 00:00:00-04:00,26.34242819565442,26.703281984778084,26.34242819565442,26.52285385131836,2070,0.0,0.0
1994-09-23 00:00:00-04:00,26.52285386314183,26.52285386314183,26.34242820739746,26.34242820739746,1170,0.0,0.0
1994-09-26 00:00:00-04:00,26.342427621331638,26.70328140258789,26.342427621331638,26.70328140258789,3240,0.0,0.0
1994-09-27 00:00:00-04:00,26.703278379577945,27.06413459777832,26.703278379577945,27.06413459777832,990,0.0,0.0
1994-09-28 00:00:00-04:00,27.424975873053977,27.9662599543315,27.24454784596147,27.605403900146484,6165,0.0,0.0
1994-09-29 00:00:00-04:00,27.78583192723899,27.9662599543315,27.424975873053977,27.605403900146484,5940,0.0,0.0
1994-09-30 00:00:00-04:00,27.78585561729328,27.966283798217773,27.78585561729328,27.966283798217773,4230,0.0,0.0
1994-10-03 00:00:00-04:00,27.78583192723899,27.78583192723899,27.605403900146484,27.605403900146484,180,0.0,0.0
1994-10-04 00:00:00-04:00,27.78583192723899,27.78583192723899,27.605403900146484,27.605403900146484,450,0.0,0.0
1994-10-05 00:00:00-04:00,27.42498779296875,27.42498779296875,27.42498779296875,27.42498779296875,270,0.0,0.0
1994-10-06 00:00:00-04:00,27.244566593252934,27.244566593252934,26.883712768554688,26.883712768554688,1035,0.0,0.0
1994-10-07 00:00:00-04:00,26.703281984778084,26.703281984778084,26.52285385131836,26.52285385131836,405,0.0,0.0
1994-10-10 00:00:00-04:00,26.52285385131836,26.52285385131836,26.52285385131836,26.52285385131836,630,0.0,0.0
1994-10-11 00:00:00-04:00,26.522859566874008,27.244569778442383,26.522859566874008,27.244569778442383,4185,0.0,0.0
1994-10-12 00:00:00-04:00,27.424988338183244,27.424988338183244,27.06413459777832,27.06413459777832,1575,0.0,0.0
1994-10-13 00:00:00-04:00,27.06413459777832,27.06413459777832,27.06413459777832,27.06413459777832,180,0.0,0.0
1994-10-14 00:00:00-04:00,27.244560229083056,27.244560229083056,27.06413459777832,27.06413459777832,1575,0.0,0.0
1994-10-17 00:00:00-04:00,27.24457543229347,27.785860061645504,27.24457543229347,27.785860061645508,13905,0.0,0.0
1994-10-18 00:00:00-04:00,27.78583192723899,27.78583192723899,27.605403900146484,27.605403900146484,225,0.0,0.0
1994-10-19 00:00:00-04:00,27.605403900146484,27.605403900146484,27.605403900146484,27.605403900146484,21465,0.0,0.0
1994-10-20 00:00:00-04:00,27.42498779296875,27.42498779296875,27.42498779296875,27.42498779296875,180,0.0,0.0
1994-10-21 00:00:00-04:00,27.064134059737672,27.42498779296875,27.064134059737672,27.42498779296875,19575,0.0,0.0
1994-10-24 00:00:00-04:00,27.42498779296875,27.60541589848199,27.42498779296875,27.42498779296875,63720,0.0,0.0
1994-10-25 00:00:00-04:00,27.244560229083056,27.424988338183244,26.883706488678133,27.06413459777832,4095,0.0,0.0
1994-10-26 00:00:00-04:00,27.24455968745551,27.42498779296875,26.883705954224432,27.42498779296875,13590,0.0,0.0
1994-10-27 00:00:00-04:00,27.424988338183244,27.424988338183244,27.06413459777832,27.06413459777832,57825,0.0,0.0
1994-10-28 00:00:00-04:00,27.24454784596147,27.605403900146484,27.24454784596147,27.605403900146484,5985,0.0,0.0
1994-10-31 00:00:00-05:00,27.424975873053977,27.78583192723899,27.424975873053977,27.605403900146484,1710,0.0,0.0
1994-11-01 00:00:00-05:00,27.605403900146484,27.605403900146484,27.424975873053977,27.605403900146484,4275,0.0,0.0
1994-11-02 00:00:00-05:00,27.424975873053977,27.605403900146484,27.424975873053977,27.605403900146484,2925,0.0,0.0
1994-11-03 00:00:00-05:00,27.42498779296875,27.60541589848199,27.42498779296875,27.42498779296875,16560,0.0,0.0
1994-11-04 00:00:00-05:00,27.42498779296875,27.60541589848199,27.42498779296875,27.42498779296875,18000,0.0,0.0
1994-11-07 00:00:00-05:00,27.42498779296875,27.42498779296875,27.24455968745551,27.42498779296875,7650,0.0,0.0
1994-11-08 00:00:00-05:00,27.42498779296875,27.42498779296875,27.24455968745551,27.42498779296875,6885,0.0,0.0
1994-11-09 00:00:00-05:00,27.60541589848199,27.60541589848199,27.42498779296875,27.42498779296875,90,0.0,0.0
1994-11-10 00:00:00-05:00,27.42499925544429,27.966283798217773,27.42499925544429,27.966283798217773,3915,0.0,0.0
1994-11-11 00:00:00-05:00,27.966283798217773,27.966283798217773,27.966283798217773,27.966283798217773,0,0.0,0.0
1994-11-14 00:00:00-05:00,27.966283798217773,27.966283798217773,27.966283798217773,27.966283798217773,270,0.0,0.0
1994-11-15 00:00:00-05:00,27.96628827142952,27.96628827142952,27.785860061645504,27.785860061645508,675,0.0,0.0
1994-11-16 00:00:00-05:00,27.966282467807076,27.966282467807076,27.244569778442383,27.244569778442383,8280,0.0,0.0
1994-11-17 00:00:00-05:00,27.424997950783556,27.424997950783556,27.244569778442383,27.244569778442383,360,0.0,0.0
1994-11-18 00:00:00-05:00,27.06413459777832,27.06413459777832,27.06413459777832,27.06413459777832,315,0.0,0.0
1994-11-21 00:00:00-05:00,27.06413459777832,27.06413459777832,27.06413459777832,27.06413459777832,225,0.0,0.0
1994-11-22 00:00:00-05:00,26.883712768554688,26.883712768554688,26.3424307926093,26.883712768554688,15120,0.0,0.0
1994-11-23 00:00:00-05:00,26.703281984778084,26.703281984778084,26.52285385131836,26.52285385131836,2430,0.0,0.0
1994-11-25 00:00:00-05:00,26.703281984778084,26.703281984778084,26.52285385131836,26.52285385131836,585,0.0,0.0
1994-11-28 00:00:00-05:00,26.883709532113887,26.883709532113887,26.70328140258789,26.70328140258789,1035,0.0,0.0
1994-11-29 00:00:00-05:00,27.06413459777832,27.06413459777832,26.883706488678133,27.06413459777832,3375,0.0,0.0
1994-11-30 00:00:00-05:00,27.06413766163988,27.06413766163988,26.70328140258789,26.70328140258789,720,0.0,0.0
1994-12-01 00:00:00-05:00,26.883709532113887,26.883709532113887,26.70328140258789,26.70328140258789,315,0.0,0.0
1994-12-02 00:00:00-05:00,26.70328461730755,26.883712768554688,26.70328461730755,26.883712768554688,12510,0.0,0.0
1994-12-05 00:00:00-05:00,26.52285646606041,26.883712768554688,26.52285646606041,26.883712768554688,3690,0.0,0.0
1994-12-06 00:00:00-05:00,26.70328461730755,26.883712768554688,26.70328461730755,26.883712768554688,1440,0.0,0.0
1994-12-07 00:00:00-05:00,26.883712768554688,26.883712768554688,26.883712768554688,26.883712768554688,0,0.0,0.0
1994-12-08 00:00:00-05:00,27.06413459777832,27.06413459777832,27.06413459777832,27.06413459777832,16200,0.0,0.0
1994-12-09 00:00:00-05:00,26.883717255926967,26.883717255926967,25.801150645540474,25.981578826904297,13590,0.0,0.0
1994-12-12 00:00:00-05:00,25.981578826904297,25.981578826904297,25.981578826904297,25.981578826904297,0,0.0,0.0
1994-12-13 00:00:00-05:00,26.162005713150027,26.162005713150027,25.620721195854188,25.801149368286133,8910,0.0,0.0
1994-12-14 00:00:00-05:00,25.80114038991941,25.80114038991941,25.620712280273438,25.620712280273438,1080,0.0,0.0
1994-12-15 00:00:00-05:00,25.801140618935687,26.161996841430664,25.801140618935687,26.161996841430664,5850,0.0,0.0
1994-12-16 00:00:00-05:00,26.342424952678154,26.342424952678154,26.161996841430664,26.161996841430664,3015,0.0,0.0
1994-12-19 00:00:00-05:00,26.34242819565442,26.703281984778084,26.34242819565442,26.52285385131836,4455,0.0,0.0
1994-12-20 00:00:00-05:00,26.883705954224432,27.60541589848199,26.883705954224432,27.42498779296875,5175,0.0,0.0
1994-12-21 00:00:00-05:00,27.605403900146484,27.605403900146484,27.424975873053977,27.605403900146484,900,0.0,0.0
1994-12-22 00:00:00-05:00,27.42498779296875,27.60541589848199,27.42498779296875,27.42498779296875,8550,0.0,0.0
1994-12-23 00:00:00-05:00,27.42498779296875,27.42498779296875,27.42498779296875,27.42498779296875,180,0.0,0.0
1994-12-27 00:00:00-05:00,27.42498779296875,27.42498779296875,27.42498779296875,27.42498779296875,45,0.0,0.0
1994-12-28 00:00:00-05:00,27.605403900146484,27.605403900146484,27.605403900146484,27.605403900146484,4005,0.0,0.0
1994-12-29 00:00:00-05:00,27.42499925544429,27.966283798217773,27.42499925544429,27.966283798217773,5670,0.0,0.0
1994-12-30 00:00:00-05:00,27.966289424756653,28.146715164184574,27.7858612075318,28.14671516418457,10755,0.0,0.0
1995-01-03 00:00:00-05:00,27.96628827142952,27.96628827142952,27.785860061645504,27.785860061645508,450,0.0,0.0
1995-01-04 00:00:00-05:00,27.785860061645504,27.96628827142952,27.785860061645504,27.785860061645508,48240,0.0,0.0
1995-01-05 00:00:00-05:00,27.7858612075318,28.146715164184574,27.7858612075318,28.14671516418457,3015,0.0,0.0
1995-01-06 00:00:00-05:00,28.146709501345832,28.146709501345832,27.966283798217773,27.966283798217773,675,0.0,0.0
1995-01-09 00:00:00-05:00,27.966283798217773,27.966283798217773,27.966283798217773,27.966283798217773,1530,0.0,0.0
1995-01-10 00:00:00-05:00,28.146699340871987,28.32712745666504,28.146699340871987,28.32712745666504,2295,0.0,0.0
1995-01-11 00:00:00-05:00,28.68798368825114,28.68798368825114,28.32712745666504,28.32712745666504,5670,0.0,0.0
1995-01-12 00:00:00-05:00,28.32713258154477,28.687988878416164,28.32713258154477,28.50756072998047,25875,0.0,0.0
1995-01-13 00:00:00-05:00,28.507565764414625,28.868419647216797,28.507565764414625,28.868419647216797,3285,0.0,0.0
1995-01-16 00:00:00-05:00,28.868419647216797,28.868419647216797,28.868419647216797,28.868419647216797,1800,0.0,0.0
1995-01-17 00:00:00-05:00,28.868419647216797,28.868419647216797,28.868419647216797,28.868419647216797,12195,0.0,0.0
1995-01-18 00:00:00-05:00,28.687988878416164,28.687988878416164,28.507560729980465,28.50756072998047,2070,0.0,0.0
1995-01-19 00:00:00-05:00,28.32712745666504,28.32712745666504,28.32712745666504,28.32712745666504,9000,0.0,0.0
1995-01-20 00:00:00-05:00,28.327143381409428,28.327143381409428,28.146715164184574,28.14671516418457,34650,0.0,0.0
1995-01-23 00:00:00-05:00,27.96628827142952,27.96628827142952,27.605431851861493,27.785860061645508,2745,0.0,0.0
1995-01-24 00:00:00-05:00,28.146714003416697,28.146714003416697,27.785860061645504,27.785860061645508,2745,0.0,0.0
1995-01-25 00:00:00-05:00,27.9662599543315,27.9662599543315,27.424975873053977,27.605403900146484,74385,0.0,0.0
1995-01-26 00:00:00-05:00,27.60541589848199,27.78584400399523,27.42498779296875,27.42498779296875,6120,0.0,0.0
1995-01-27 00:00:00-05:00,27.60542612312473,27.60542612312473,27.244569778442383,27.244569778442383,1440,0.0,0.0
1995-01-30 00:00:00-05:00,27.42498779296875,27.42498779296875,27.24455968745551,27.42498779296875,4230,0.0,0.0
1995-01-31 00:00:00-05:00,27.605427436368785,27.966283798217773,27.605427436368785,27.966283798217773,2970,0.0,0.0
1995-02-01 00:00:00-05:00,28.146715164184574,28.146715164184574,28.146715164184574,28.14671516418457,2385,0.0,0.0
1995-02-02 00:00:00-05:00,28.146715164184574,28.146715164184574,28.146715164184574,28.14671516418457,1215,0.0,0.0
1995-02-03 00:00:00-05:00,28.327133875246904,28.687990188598633,28.327133875246904,28.687990188598633,4500,0.0,0.0
1995-02-06 00:00:00-05:00,28.507555572458088,28.507555572458088,28.32712745666504,28.32712745666504,315,0.0,0.0
1995-02-07 00:00:00-05:00,28.507562031922767,28.687990188598633,28.507562031922767,28.687990188598633,1260,0.0,0.0
1995-02-08 00:00:00-05:00,28.687990188598633,28.687990188598633,28.687990188598633,28.687990188598633,1125,0.0,0.0
1995-02-09 00:00:00-05:00,28.687988878416164,28.687988878416164,28.507560729980465,28.50756072998047,1800,0.0,0.0
1995-02-10 00:00:00-05:00,28.68798368825114,28.68798368825114,28.32712745666504,28.32712745666504,540,0.0,0.0
1995-02-13 00:00:00-05:00,28.327133875246904,28.687990188598633,28.327133875246904,28.687990188598633,2475,0.0,0.0
1995-02-14 00:00:00-05:00,28.687990188598633,28.687990188598633,28.687990188598633,28.687990188598633,90,0.0,0.0
1995-02-15 00:00:00-05:00,28.68798368825114,28.68798368825114,28.146699340871987,28.32712745666504,4320,0.0,0.0
1995-02-16 00:00:00-05:00,28.14668550362968,28.14668550362968,27.605403900146484,27.605403900146484,2385,0.0,0.0
1995-02-17 00:00:00-05:00,27.605427436368785,27.966283798217773,27.42499925544429,27.966283798217773,2250,0.0,0.0
1995-02-21 00:00:00-05:00,27.785860061645504,27.785860061645504,27.605431851861493,27.785860061645508,1620,0.0,0.0
1995-02-22 00:00:00-05:00,27.605427436368785,27.966283798217773,27.605427436368785,27.966283798217773,2790,0.0,0.0
1995-02-23 00:00:00-05:00,27.785860061645504,27.785860061645504,27.785860061645504,27.785860061645508,225,0.0,0.0
1995-02-24 00:00:00-05:00,27.966283798217773,27.966283798217773,27.966283798217773,27.966283798217773,450,0.0,0.0
1995-02-27 00:00:00-05:00,27.966283798217773,27.966283798217773,27.966283798217773,27.966283798217773,360,0.0,0.0
1995-02-28 00:00:00-05:00,27.78585561729328,27.966283798217773,27.78585561729328,27.966283798217773,1530,0.0,0.0
1995-03-01 00:00:00-05:00,27.785860061645504,27.785860061645504,27.785860061645504,27.785860061645508,31275,0.0,0.0
1995-03-02 00:00:00-05:00,27.605403900146484,27.605403900146484,27.605403900146484,27.605403900146484,1125,0.0,0.0
1995-03-03 00:00:00-05:00,27.785860061645504,27.785860061645504,27.605431851861493,27.785860061645508,20520,0.0,0.0
1995-03-06 00:00:00-05:00,27.60541589848199,27.60541589848199,27.42498779296875,27.42498779296875,1665,0.0,0.0
1995-03-07 00:00:00-05:00,27.42498779296875,27.42498779296875,27.42498779296875,27.42498779296875,720,0.0,0.0
1995-03-08 00:00:00-05:00,27.60541589848199,27.60541589848199,27.42498779296875,27.42498779296875,1395,0.0,0.0
1995-03-09 00:00:00-05:00,27.60541589848199,27.60541589848199,27.42498779296875,27.42498779296875,180,0.0,0.0
1995-03-10 00:00:00-05:00,27.424988338183244,27.424988338183244,27.06413459777832,27.06413459777832,10935,0.0,0.0
1995-03-13 00:00:00-05:00,27.244569778442383,27.244569778442383,27.244569778442383,27.244569778442383,29700,0.0,0.0
1995-03-14 00:00:00-05:00,27.42498779296875,27.42498779296875,27.42498779296875,27.42498779296875,900,0.0,0.0
1995-03-15 00:00:00-05:00,27.244569778442383,27.244569778442383,27.244569778442383,27.244569778442383,2070,0.0,0.0
1995-03-16 00:00:00-05:00,27.24455968745551,27.42498779296875,27.24455968745551,27.42498779296875,20115,0.0,0.0
1995-03-17 00:00:00-05:00,27.24455968745551,27.42498779296875,27.24455968745551,27.42498779296875,1035,0.0,0.0
1995-03-20 00:00:00-05:00,27.244560229083056,27.244560229083056,26.883706488678133,27.06413459777832,5535,0.0,0.0
1995-03-21 00:00:00-05:00,27.24455968745551,27.42498779296875,27.24455968745551,27.42498779296875,3555,0.0,0.0
1995-03-22 00:00:00-05:00,27.42498779296875,27.42498779296875,27.42498779296875,27.42498779296875,225,0.0,0.0
1995-03-23 00:00:00-05:00,27.785860061645504,27.785860061645504,27.785860061645504,27.785860061645508,4500,0.0,0.0
1995-03-24 00:00:00-05:00,27.78585561729328,27.966283798217773,27.78585561729328,27.966283798217773,2385,0.0,0.0
1995-03-27 00:00:00-05:00,27.78585561729328,27.966283798217773,27.78585561729328,27.966283798217773,1575,0.0,0.0
1995-03-28 00:00:00-05:00,27.785845587081425,28.32712745666504,27.785845587081425,28.32712745666504,3555,0.0,0.0
1995-03-29 00:00:00-05:00,28.327137584115324,28.868419647216797,28.327137584115324,28.868419647216797,5085,0.0,0.0
1995-03-30 00:00:00-05:00,28.868413335588926,29.229269617291937,28.868413335588926,29.04884147644043,5940,0.0,0.0
1995-03-31 00:00:00-05:00,28.868413335588926,29.229269617291937,28.868413335588926,29.04884147644043,5760,0.0,0.0
1995-04-03 00:00:00-04:00,28.868413335588926,29.04884147644043,28.868413335588926,29.04884147644043,2205,0.0,0.0
1995-04-04 00:00:00-04:00,28.86842091412225,29.590133666992188,28.86842091412225,29.590133666992188,5580,0.0,0.0
1995-04-05 00:00:00-04:00,29.77054486152742,30.13140106201172,29.77054486152742,30.13140106201172,1845,0.0,0.0
1995-04-06 00:00:00-04:00,30.131409202192053,30.131409202192053,29.22927093505859,29.229270935058594,1665,0.0,0.0
1995-04-07 00:00:00-04:00,29.22927093505859,29.22927093505859,29.22927093505859,29.229270935058594,14175,0.0,0.0
1995-04-10 00:00:00-04:00,29.22927093505859,29.22927093505859,29.22927093505859,29.229270935058594,90,0.0,0.0
1995-04-11 00:00:00-04:00,29.04883277596275,29.40968894958496,29.04883277596275,29.40968894958496,2430,0.0,0.0
1995-04-12 00:00:00-04:00,29.590124121949827,30.131406034201586,29.590124121949827,29.770549774169922,3105,0.0,0.0
1995-04-13 00:00:00-04:00,29.950977904185752,29.950977904185752,29.770549774169922,29.770549774169922,1215,0.0,0.0
1995-04-17 00:00:00-04:00,29.590132368414004,29.590132368414004,28.868419647216797,28.868419647216797,2205,0.0,0.0
1995-04-18 00:00:00-04:00,28.86841586747839,28.86841586747839,28.507562031922767,28.687990188598633,38025,0.0,0.0
1995-04-19 00:00:00-04:00,28.868413335588926,29.04884147644043,28.868413335588926,29.04884147644043,7380,0.0,0.0
1995-04-20 00:00:00-04:00,29.409693440546004,31.5748233795166,29.409693440546004,31.5748233795166,16560,0.0,0.0
1995-04-21 00:00:00-04:00,31.935682288961114,32.11610794067383,31.935682288961114,32.11610794067383,2385,0.0,0.0
1995-04-24 00:00:00-04:00,31.93568801879883,32.11611370288316,31.93568801879883,31.935688018798828,1530,0.0,0.0
1995-04-25 00:00:00-04:00,32.116098888249134,32.116098888249134,31.75524520874023,31.755245208740234,6165,0.0,0.0
1995-04-26 00:00:00-04:00,31.935673287392202,31.935673287392202,31.75524520874023,31.755245208740234,1260,0.0,0.0
1995-04-27 00:00:00-04:00,31.935696156234187,32.657406509856806,31.75526794837933,32.47697830200195,12645,0.0,0.0
1995-04-28 00:00:00-04:00,32.47695473758439,33.55952072143555,32.47695473758439,33.55952072143555,2970,0.0,0.0
1995-05-01 00:00:00-04:00,33.5595242366191,33.5595242366191,32.657386235214766,32.83781433105469,9180,0.0,0.0
1995-05-02 00:00:00-04:00,33.018236490612466,33.55952072143555,33.018236490612466,33.55952072143555,1800,0.0,0.0
1995-05-03 00:00:00-04:00,33.37908929542179,34.281227111816406,33.37908929542179,34.281227111816406,3510,0.0,0.0
1995-05-04 00:00:00-04:00,34.281227111816406,34.6420807516974,34.281227111816406,34.281227111816406,2340,0.0,0.0
1995-05-05 00:00:00-04:00,34.46166801018221,34.822521784508005,34.46166801018221,34.642093658447266,2925,0.0,0.0
1995-05-08 00:00:00-04:00,33.920374397522586,33.920374397522586,33.19866456755349,33.55952072143555,41265,0.0,0.0
1995-05-09 00:00:00-04:00,33.55954042653509,33.55954042653509,33.379112243652344,33.379112243652344,3420,0.0,0.0
1995-05-10 00:00:00-04:00,33.5595340460141,33.739959716796875,33.5595340460141,33.739959716796875,1215,0.0,0.0
1995-05-11 00:00:00-04:00,33.73995550593926,34.642093658447266,33.73995550593926,34.642093658447266,1530,0.0,0.0
1995-05-12 00:00:00-04:00,34.642093658447266,34.642093658447266,34.28123988412147,34.642093658447266,3645,0.0,0.0
1995-05-15 00:00:00-04:00,34.82252443588511,35.002952575683594,34.64209629608662,35.002952575683594,2070,0.0,0.0
1995-05-16 00:00:00-04:00,34.8225212097168,35.00294933279933,34.8225212097168,34.8225212097168,585,0.0,0.0
1995-05-17 00:00:00-04:00,34.82251444778646,35.36379623413086,34.82251444778646,35.36379623413086,1800,0.0,0.0
1995-05-18 00:00:00-04:00,35.18337631225586,35.18337631225586,34.82252007782032,35.18337631225586,6075,0.0,0.0
1995-05-19 00:00:00-04:00,34.8225212097168,35.00294933279933,34.8225212097168,34.8225212097168,4455,0.0,0.0
1995-05-22 00:00:00-04:00,34.82252443588511,35.002952575683594,34.82252443588511,35.002952575683594,3060,0.0,0.0
1995-05-23 00:00:00-04:00,35.18337631225586,35.544230068895835,34.82252007782032,35.18337631225586,9135,0.0,0.0
1995-05-24 00:00:00-04:00,35.002952575683594,35.002952575683594,35.002952575683594,35.002952575683594,450,0.0,0.0
1995-05-25 00:00:00-04:00,34.8584596111059,35.0390739440918,34.8584596111059,35.0390739440918,1170,0.055556,0.0
1995-05-26 00:00:00-04:00,35.0390739440918,35.219688277077694,35.0390739440918,35.0390739440918,7200,0.0,0.0
1995-05-30 00:00:00-04:00,35.039077639387386,35.039077639387386,34.858463287353516,34.858463287353516,3915,0.0,0.0
1995-05-31 00:00:00-04:00,35.03906534589303,35.400291442871094,35.03906534589303,35.400291442871094,1035,0.0,0.0
1995-06-01 00:00:00-04:00,35.76154327392578,35.76154327392578,35.76154327392578,35.76154327392578,1935,0.0,0.0
1995-06-02 00:00:00-04:00,35.76154591031535,36.30338668823242,35.76154591031535,36.30338668823242,1080,0.0,0.0
1995-06-05 00:00:00-04:00,36.12275695800781,36.12275695800781,36.12275695800781,36.12275695800781,5220,0.0,0.0
1995-06-06 00:00:00-04:00,36.483978271484375,36.483978271484375,36.483978271484375,36.483978271484375,1125,0.0,0.0
1995-06-07 00:00:00-04:00,36.30336396511138,36.66459257785738,36.30336396511138,36.483978271484375,10935,0.0,0.0
1995-06-08 00:00:00-04:00,36.4839784357338,36.66459274291992,36.4839784357338,36.66459274291992,13725,0.0,0.0
1995-06-09 00:00:00-04:00,36.4839784357338,36.66459274291992,36.4839784357338,36.66459274291992,4635,0.0,0.0
1995-06-12 00:00:00-04:00,36.483978271484375,36.483978271484375,36.483978271484375,36.483978271484375,270,0.0,0.0
1995-06-13 00:00:00-04:00,36.30336880812266,36.483983138590325,36.12275695800781,36.12275695800781,5535,0.0,0.0
1995-06-14 00:00:00-04:00,35.94215768003434,35.94215768003434,35.76154327392578,35.76154327392578,810,0.0,0.0
1995-06-15 00:00:00-04:00,35.76154327392578,35.76154327392578,35.58092886781722,35.76154327392578,11700,0.0,0.0
1995-06-16 00:00:00-04:00,35.761520020201395,35.761520020201395,35.400291442871094,35.400291442871094,2160,0.0,0.0
1995-06-19 00:00:00-04:00,35.400291442871094,35.400291442871094,35.400291442871094,35.400291442871094,1035,0.0,0.0
1995-06-20 00:00:00-04:00,35.400314396713284,35.580928802490234,35.400314396713284,35.580928802490234,10530,0.0,0.0
1995-06-21 00:00:00-04:00,35.94214262754016,36.30336880812266,35.94214262754016,36.12275695800781,11205,0.0,0.0
1995-06-22 00:00:00-04:00,36.12275695800781,36.483983138590325,36.12275695800781,36.12275695800781,4770,0.0,0.0
1995-06-23 00:00:00-04:00,36.12275695800781,36.12275695800781,36.12275695800781,36.12275695800781,720,0.0,0.0
1995-06-26 00:00:00-04:00,36.66459257785738,36.66459257785738,36.483978271484375,36.483978271484375,8460,0.0,0.0
1995-06-27 00:00:00-04:00,36.303376371809584,36.303376371809584,35.9421501159668,35.9421501159668,15975,0.0,0.0
1995-06-28 00:00:00-04:00,36.12276448406485,36.12276448406485,35.9421501159668,35.9421501159668,9450,0.0,0.0
1995-06-29 00:00:00-04:00,36.12275695800781,36.30336880812266,36.12275695800781,36.12275695800781,21825,0.0,0.0
1995-06-30 00:00:00-04:00,36.12275213909085,36.483978271484375,36.12275213909085,36.483978271484375,20475,0.0,0.0
1995-07-03 00:00:00-04:00,36.30336396511138,36.483978271484375,36.30336396511138,36.483978271484375,675,0.0,0.0
1995-07-05 00:00:00-04:00,36.30336880812266,36.483983138590325,36.12275695800781,36.12275695800781,2430,0.0,0.0
1995-07-06 00:00:00-04:00,36.122774749162744,36.30338668823242,36.122774749162744,36.30338668823242,2700,0.0,0.0
1995-07-07 00:00:00-04:00,36.122774749162744,36.66461552707982,36.122774749162744,36.30338668823242,5670,0.0,0.0
1995-07-10 00:00:00-04:00,36.66459257785738,36.84520688423037,36.483978271484375,36.483978271484375,6435,0.0,0.0
1995-07-11 00:00:00-04:00,36.30338668823242,36.48400110765612,36.30338668823242,36.30338668823242,6030,0.0,0.0
1995-07-12 00:00:00-04:00,36.483983138590325,36.483983138590325,36.12275695800781,36.12275695800781,10845,0.0,0.0
1995-07-13 00:00:00-04:00,36.12275695800781,36.12275695800781,36.12275695800781,36.12275695800781,3915,0.0,0.0
1995-07-14 00:00:00-04:00,36.30336396511138,36.483978271484375,36.30336396511138,36.483978271484375,855,0.0,0.0
1995-07-17 00:00:00-04:00,36.48400110765612,36.66461552707982,36.30338668823242,36.30338668823242,2835,0.0,0.0
1995-07-18 00:00:00-04:00,36.30338668823242,36.30338668823242,36.30338668823242,36.30338668823242,7110,0.0,0.0
1995-07-19 00:00:00-04:00,36.66461552707982,36.66461552707982,36.30338668823242,36.30338668823242,1440,0.0,0.0
1995-07-20 00:00:00-04:00,36.30338668823242,36.30338668823242,36.30338668823242,36.30338668823242,225,0.0,0.0
1995-07-21 00:00:00-04:00,36.30338668823242,36.30338668823242,36.30338668823242,36.30338668823242,45,0.0,0.0
1995-07-24 00:00:00-04:00,36.30338668823242,36.30338668823242,36.30338668823242,36.30338668823242,225,0.0,0.0
1995-07-25 00:00:00-04:00,36.30338668823242,36.30338668823242,36.30338668823242,36.30338668823242,2295,0.0,0.0
1995-07-26 00:00:00-04:00,36.30338668823242,36.30338668823242,36.30338668823242,36.30338668823242,45,0.0,0.0
1995-07-27 00:00:00-04:00,36.66459930184879,37.02582550048828,36.66459930184879,37.02582550048828,3060,0.0,0.0
1995-07-28 00:00:00-04:00,36.845213641345,37.02582550048828,36.845213641345,37.02582550048828,360,0.0,0.0
1995-07-31 00:00:00-04:00,37.20643630631966,37.38705062866211,37.02582198397722,37.38705062866211,2160,0.0,0.0
1995-08-01 00:00:00-04:00,37.02582550048828,37.02582550048828,37.02582550048828,37.02582550048828,540,0.0,0.0
1995-08-02 00:00:00-04:00,37.20643983998449,37.3870541794807,37.02582550048828,37.02582550048828,2790,0.0,0.0
1995-08-03 00:00:00-04:00,37.20645523071289,37.20645523071289,37.20645523071289,37.20645523071289,180,0.0,0.0
1995-08-04 00:00:00-04:00,37.02582550048828,37.02582550048828,37.02582550048828,37.02582550048828,4005,0.0,0.0
1995-08-07 00:00:00-04:00,37.20643630631966,37.38705062866211,37.20643630631966,37.38705062866211,585,0.0,0.0
1995-08-08 00:00:00-04:00,37.92890085166677,38.83197021484375,37.92890085166677,38.83197021484375,3690,0.0,0.0
1995-08-09 00:00:00-04:00,39.193183264671724,39.9156379699707,39.193183264671724,39.9156379699707,1485,0.0,0.0
1995-08-10 00:00:00-04:00,39.9156379699707,39.9156379699707,39.9156379699707,39.9156379699707,45,0.0,0.0
1995-08-11 00:00:00-04:00,39.73503579731284,39.73503579731284,38.83196652006106,39.01258087158203,2970,0.0,0.0
1995-08-14 00:00:00-04:00,39.373809814453125,39.55442168672113,39.19319546183202,39.373809814453125,7785,0.0,0.0
1995-08-15 00:00:00-04:00,39.73502731323242,39.73502731323242,39.73502731323242,39.73502731323242,1890,0.0,0.0
1995-08-16 00:00:00-04:00,39.73503981613203,39.73503981613203,39.66730880737305,39.66730880737305,1800,0.0,0.0
1995-08-17 00:00:00-04:00,39.73502731323242,39.73502731323242,39.73502731323242,39.73502731323242,7965,0.0,0.0
1995-08-18 00:00:00-04:00,39.73503603934224,39.73503603934224,39.373809814453125,39.373809814453125,3780,0.0,0.0
1995-08-21 00:00:00-04:00,39.55441300027557,39.73502731323242,39.373801167671274,39.73502731323242,2115,0.0,0.0
1995-08-22 00:00:00-04:00,39.5544319152832,39.5544319152832,39.5544319152832,39.5544319152832,45,0.0,0.0
1995-08-23 00:00:00-04:00,39.735046314610216,39.735046314610216,39.193205596982914,39.5544319152832,4500,0.0,0.0
1995-08-24 00:00:00-04:00,39.373809814453125,39.373809814453125,39.28350263814257,39.373809814453125,945,0.0,0.0
1995-08-25 00:00:00-04:00,39.55441386710037,39.55441386710037,39.19318771362305,39.19318771362305,495,0.0,0.0
1995-08-28 00:00:00-04:00,39.19319546183202,39.373809814453125,39.19319546183202,39.373809814453125,855,0.0,0.0
1995-08-29 00:00:00-04:00,39.5544319152832,39.5544319152832,39.5544319152832,39.5544319152832,360,0.0,0.0
1995-08-30 00:00:00-04:00,39.22903342223206,39.409812927246094,39.22903342223206,39.409812927246094,810,0.055556,0.0
1995-08-31 00:00:00-04:00,39.2290188444084,39.77135467529297,39.2290188444084,39.77135467529297,1035,0.0,0.0
1995-09-01 00:00:00-04:00,39.77135467529297,39.77135467529297,39.77135467529297,39.77135467529297,45,0.0,0.0
1995-09-05 00:00:00-04:00,39.77134235279574,39.95212173461914,39.77134235279574,39.95212173461914,180,0.0,0.0
1995-09-06 00:00:00-04:00,39.77136945465305,39.77136945465305,39.409812927246094,39.409812927246094,1035,0.0,0.0
1995-09-07 00:00:00-04:00,39.59056854248047,39.59056854248047,39.59056854248047,39.59056854248047,540,0.0,0.0
1995-09-08 00:00:00-04:00,39.77136945465305,39.77136945465305,39.409812927246094,39.409812927246094,1260,0.0,0.0
1995-09-11 00:00:00-04:00,39.59057523745805,39.77135467529297,39.59057523745805,39.77135467529297,2205,0.0,0.0
1995-09-12 00:00:00-04:00,39.77135467529297,39.95213411312789,39.77135467529297,39.77135467529297,540,0.0,0.0
1995-09-13 00:00:00-04:00,39.77135467529297,39.77135467529297,39.77135467529297,39.77135467529297,0,0.0,0.0
1995-09-14 00:00:00-04:00,39.95213758983368,41.217588799559536,39.95213758983368,41.03681182861328,5580,0.0,0.0
1995-09-15 00:00:00-04:00,41.759912814366025,41.759912814366025,41.57913589477539,41.57913589477539,5895,0.0,0.0
1995-09-18 00:00:00-04:00,41.398356492565036,41.759912814366025,41.398356492565036,41.57913589477539,1485,0.0,0.0
1995-09-19 00:00:00-04:00,41.57913589477539,41.759912814366025,41.57913589477539,41.57913589477539,1890,0.0,0.0
1995-09-20 00:00:00-04:00,41.759936285975556,41.94071578979492,41.759936285975556,41.94071578979492,675,0.0,0.0
1995-09-21 00:00:00-04:00,42.121477189025704,42.483036041259766,42.121477189025704,42.483036041259766,990,0.0,0.0
1995-09-22 00:00:00-04:00,42.48303132393721,42.66381072998047,42.302251917893955,42.66381072998047,810,0.0,0.0
1995-09-25 00:00:00-04:00,42.483036041259766,42.483036041259766,42.483036041259766,42.483036041259766,855,0.0,0.0
1995-09-26 00:00:00-04:00,42.48303132393721,42.66381072998047,42.48303132393721,42.66381072998047,990,0.0,0.0
1995-09-27 00:00:00-04:00,42.3022575378418,42.483036967902,42.1214781077816,42.3022575378418,1485,0.0,0.0
1995-09-28 00:00:00-04:00,42.121472511850705,42.66381072998047,42.121472511850705,42.66381072998047,3600,0.0,0.0
1995-09-29 00:00:00-04:00,42.6638129590092,43.206146240234375,42.6638129590092,43.206146240234375,2295,0.0,0.0
1995-10-02 00:00:00-04:00,43.025374319610854,43.025374319610854,42.483036041259766,42.483036041259766,9135,0.0,0.0
1995-10-03 00:00:00-04:00,42.30225661514274,42.483036041259766,42.30225661514274,42.483036041259766,10620,0.0,0.0
1995-10-04 00:00:00-04:00,42.483041749939815,42.483041749939815,42.121482849121094,42.121482849121094,765,0.0,0.0
1995-10-05 00:00:00-04:00,41.94069312714332,41.94069312714332,41.39835739135742,41.39835739135742,2655,0.0,0.0
1995-10-06 00:00:00-04:00,41.03681374580226,41.03681374580226,40.49447535976488,40.675254821777344,5985,0.0,0.0
1995-10-09 00:00:00-04:00,40.675254821777344,40.675254821777344,40.675254821777344,40.675254821777344,180,0.0,0.0
1995-10-10 00:00:00-04:00,40.675254821777344,40.675254821777344,40.675254821777344,40.675254821777344,90,0.0,0.0
1995-10-11 00:00:00-04:00,40.675254821777344,40.675254821777344,40.49447535976488,40.675254821777344,225,0.0,0.0
1995-10-12 00:00:00-04:00,40.85603332519531,40.85603332519531,40.85603332519531,40.85603332519531,90,0.0,0.0
1995-10-13 00:00:00-04:00,40.675254821777344,40.8560342837898,40.675254821777344,40.675254821777344,495,0.0,0.0
1995-10-16 00:00:00-04:00,40.49447535976488,40.675254821777344,40.49447535976488,40.675254821777344,945,0.0,0.0
1995-10-17 00:00:00-04:00,40.856021655571524,41.39835739135742,40.67524224943631,41.39835739135742,5175,0.0,0.0
1995-10-18 00:00:00-04:00,41.57914770669288,41.57914770669288,41.03681182861328,41.03681182861328,810,0.0,0.0
1995-10-19 00:00:00-04:00,41.579149252607365,41.759926230274914,41.21759033203125,41.21759033203125,1710,0.0,0.0
1995-10-20 00:00:00-04:00,41.21757709035469,41.759912814366025,41.21757709035469,41.57913589477539,35145,0.0,0.0
1995-10-23 00:00:00-04:00,41.5791592647773,41.94071578979492,41.5791592647773,41.94071578979492,6165,0.0,0.0
1995-10-24 00:00:00-04:00,41.94071578979492,41.94071578979492,41.94071578979492,41.94071578979492,0,0.0,0.0
1995-10-25 00:00:00-04:00,41.94071578979492,41.94071578979492,41.94071578979492,41.94071578979492,630,0.0,0.0
1995-10-26 00:00:00-04:00,42.121482849121094,42.121482849121094,42.121482849121094,42.121482849121094,720,0.0,0.0
1995-10-27 00:00:00-04:00,42.30225102669434,42.84458923339844,42.30225102669434,42.84458923339844,1890,0.0,0.0
1995-10-30 00:00:00-05:00,43.0253752580826,43.0253752580826,42.3022575378418,42.3022575378418,3600,0.0,0.0
1995-10-31 00:00:00-05:00,42.663828891228675,43.92928030697254,42.663828891228675,43.74850082397461,3735,0.0,0.0
1995-11-01 00:00:00-05:00,43.92925262451172,43.92925262451172,43.74847325543373,43.92925262451172,495,0.0,0.0
1995-11-02 00:00:00-05:00,44.1100401265952,44.833152770996094,44.1100401265952,44.833152770996094,2250,0.0,0.0
1995-11-03 00:00:00-05:00,44.83315477157538,45.1947135925293,44.83315477157538,45.1947135925293,3375,0.0,0.0
1995-11-06 00:00:00-05:00,45.1947135925293,45.1947135925293,45.1947135925293,45.1947135925293,405,0.0,0.0
1995-11-07 00:00:00-05:00,45.1947135925293,45.1947135925293,45.1947135925293,45.1947135925293,225,0.0,0.0
1995-11-08 00:00:00-05:00,45.013932173406175,45.013932173406175,44.833152770996094,44.833152770996094,9450,0.0,0.0
1995-11-09 00:00:00-05:00,45.0139381044477,45.9178352355957,45.0139381044477,45.9178352355957,3420,0.0,0.0
1995-11-10 00:00:00-05:00,46.098618763366844,46.82173156738281,46.098618763366844,46.82173156738281,1800,0.0,0.0
1995-11-13 00:00:00-05:00,46.82172961540462,47.18328848495963,46.46017074584961,46.46017074584961,2340,0.0,0.0
1995-11-14 00:00:00-05:00,46.46015841836529,46.64093780517578,46.46015841836529,46.64093780517578,720,0.0,0.0
1995-11-15 00:00:00-05:00,46.64093780517578,46.821717191986274,46.64093780517578,46.64093780517578,495,0.0,0.0
1995-11-16 00:00:00-05:00,46.640949351383235,47.36406707763672,46.640949351383235,47.36406707763672,3330,0.0,0.0
1995-11-17 00:00:00-05:00,47.00250153893621,47.18328094482422,47.00250153893621,47.18328094482422,1125,0.0,0.0
1995-11-20 00:00:00-05:00,47.00251388549805,47.18329333887298,47.00251388549805,47.00251388549805,1575,0.0,0.0
1995-11-21 00:00:00-05:00,46.64095380423051,46.64095380423051,46.098620423003645,46.27939987182617,3735,0.0,0.0
1995-11-22 00:00:00-05:00,46.460174355407986,46.460174355407986,46.098620423003645,46.27939987182617,405,0.0,0.0
1995-11-24 00:00:00-05:00,46.27939987182617,46.27939987182617,46.27939987182617,46.27939987182617,0,0.0,0.0
1995-11-27 00:00:00-05:00,46.279383996793804,46.64093780517578,46.279383996793804,46.64093780517578,1170,0.0,0.0
1995-11-28 00:00:00-05:00,46.46017268275457,46.82173156738281,46.27939820568097,46.82173156738281,1035,0.0,0.0
1995-11-29 00:00:00-05:00,46.767460846869874,47.21975625851651,46.767460846869874,47.12929916381836,25290,0.055556,0.0
1995-11-30 00:00:00-05:00,47.219749366117746,48.12434005737305,47.219749366117746,48.12434005737305,2430,0.0,0.0
1995-12-01 00:00:00-05:00,48.486183166503906,48.486183166503906,48.486183166503906,48.486183166503906,585,0.0,0.0
1995-12-04 00:00:00-05:00,48.84802146679372,49.02894061693863,48.486183166503906,48.486183166503906,14805,0.0,0.0
1995-12-05 00:00:00-05:00,48.12432689426685,48.305245976847836,47.94341278076171,47.94341278076172,1125,0.0,0.0
1995-12-06 00:00:00-05:00,47.76249369818073,47.94341278076171,47.58157461559974,47.94341278076172,5760,0.0,0.0
1995-12-07 00:00:00-05:00,47.76249967897703,47.76249967897703,47.40066146850586,47.40066146850586,4680,0.0,0.0
1995-12-08 00:00:00-05:00,47.40066314080971,47.40066314080971,46.67698669433594,46.67698669433594,9765,0.0,0.0
1995-12-11 00:00:00-05:00,46.315158327486905,46.315158327486905,46.134239196777344,46.134239196777344,585,0.0,0.0
1995-12-12 00:00:00-05:00,45.95334926403011,45.95334926403011,45.59151077270508,45.59151077270508,31050,0.0,0.0
1995-12-13 00:00:00-05:00,45.77240093535822,46.134239196777344,45.77240093535822,46.134239196777344,5760,0.0,0.0
1995-12-14 00:00:00-05:00,45.77240753173828,45.953326688520576,45.77240753173828,45.77240753173828,2790,0.0,0.0
1995-12-15 00:00:00-05:00,45.95334926403011,46.134268509692625,45.59151077270508,45.59151077270508,5265,0.0,0.0
1995-12-18 00:00:00-05:00,45.59149149112268,45.86286776030567,44.5059814453125,44.5059814453125,9180,0.0,1.5
1995-12-19 00:00:00-05:00,43.963227590108396,44.23460388183594,43.963227590108396,44.23460388183594,2280,0.0,0.0
1995-12-20 00:00:00-05:00,44.23461891477636,45.59151077270508,44.23461891477636,45.59151077270508,2670,0.0,0.0
1995-12-21 00:00:00-05:00,45.04872911213074,45.320110321044915,44.777352872294244,45.32011032104492,2160,0.0,0.0
1995-12-22 00:00:00-05:00,45.32011522193969,45.59149149112268,44.23460020705129,44.5059814453125,1980,0.0,0.0
1995-12-26 00:00:00-05:00,44.77736143436966,44.77736143436966,43.963227590108396,44.23460388183594,1560,0.0,0.0
1995-12-27 00:00:00-05:00,43.963221033600654,43.963221033600654,42.60632983916726,43.42046356201172,5310,0.0,0.0
1995-12-28 00:00:00-05:00,42.877713546238155,43.14908981323242,42.877713546238155,43.14908981323242,5640,0.0,0.0
1995-12-29 00:00:00-05:00,42.8776969909668,42.8776969909668,42.3349396974611,42.8776969909668,25380,0.0,0.0
1996-01-02 00:00:00-05:00,42.606332653796905,44.5059814453125,42.606332653796905,44.5059814453125,1890,0.0,0.0
1996-01-03 00:00:00-05:00,44.77735585179822,47.219757080078125,44.77735585179822,47.219757080078125,4650,0.0,0.0
1996-01-04 00:00:00-05:00,47.21975474895981,47.76251220703124,47.21975474895981,47.76251220703125,7290,0.0,0.0
1996-01-05 00:00:00-05:00,48.03389866120066,48.305274963378906,47.491141087765335,48.305274963378906,2370,0.0,0.0
1996-01-08 00:00:00-05:00,48.03389866120066,48.305274963378906,48.03389866120066,48.305274963378906,150,0.0,0.0
1996-01-09 00:00:00-05:00,48.576650217642964,49.933536529541016,48.576650217642964,49.933536529541016,1530,0.0,0.0
1996-01-10 00:00:00-05:00,50.20491125709169,50.20491125709169,49.390777587890625,49.390777587890625,1080,0.0,0.0
1996-01-11 00:00:00-05:00,49.119396385438556,49.390777587890625,49.119396385438556,49.390777587890625,120,0.0,0.0
1996-01-12 00:00:00-05:00,48.8480339050293,49.11941021480869,48.8480339050293,48.8480339050293,1500,0.0,0.0
1996-01-15 00:00:00-05:00,48.576643918689555,49.390777587890625,48.576643918689555,49.390777587890625,3420,0.0,0.0
1996-01-16 00:00:00-05:00,49.11941021480869,49.11941021480869,48.5766575952499,48.8480339050293,1800,0.0,0.0
1996-01-17 00:00:00-05:00,48.57665623463598,48.84803253681423,48.305274963378906,48.305274963378906,1560,0.0,0.0
1996-01-18 00:00:00-05:00,48.57665495908567,48.57665495908567,48.033897399902344,48.033897399902344,1140,0.0,0.0
1996-01-19 00:00:00-05:00,48.57665623463598,48.57665623463598,47.76252235902241,48.305274963378906,5820,0.0,0.0
1996-01-22 00:00:00-05:00,48.305274963378906,48.305274963378906,48.305274963378906,48.305274963378906,0,0.0,0.0
1996-01-23 00:00:00-05:00,48.03390869339272,49.11941909790039,48.03390869339272,49.11941909790039,3120,0.0,0.0
1996-01-24 00:00:00-05:00,49.119402754770896,49.933536529541016,49.119402754770896,49.933536529541016,2400,0.0,0.0
1996-01-25 00:00:00-05:00,49.933536529541016,49.933536529541016,49.933536529541016,49.933536529541016,30,0.0,0.0
1996-01-26 00:00:00-05:00,49.66217678469416,49.66217678469416,49.11941909790039,49.11941909790039,600,0.0,0.0
1996-01-29 00:00:00-05:00,49.11941021480869,49.11941021480869,48.5766575952499,48.8480339050293,1170,0.0,0.0
1996-01-30 00:00:00-05:00,49.11941021480869,49.11941021480869,48.8480339050293,48.8480339050293,1230,0.0,0.0
1996-01-31 00:00:00-05:00,48.305252309383256,48.84800962827852,48.305252309383256,48.57663345336914,3750,0.0,0.0
1996-02-01 00:00:00-05:00,49.11941909790039,49.11941909790039,49.11941909790039,49.11941909790039,1800,0.0,0.0
1996-02-02 00:00:00-05:00,49.119393927997486,49.66215133666992,49.119393927997486,49.66215133666992,7110,0.0,0.0
1996-02-05 00:00:00-05:00,49.39079149366705,49.66216780344645,48.44096695582072,48.8480339050293,16320,0.0,0.0
1996-02-06 00:00:00-05:00,48.8480339050293,48.8480339050293,48.71234326560011,48.8480339050293,2490,0.0,0.0
1996-02-07 00:00:00-05:00,48.30528004897231,48.30528004897231,47.491146087646484,47.491146087646484,61860,0.0,0.0
1996-02-08 00:00:00-05:00,47.49113333797211,47.49113333797211,47.219757080078125,47.219757080078125,3720,0.0,0.0
1996-02-09 00:00:00-05:00,47.21976975689766,47.491146087646484,46.67701212632067,47.491146087646484,4920,0.0,0.0
1996-02-12 00:00:00-05:00,47.491146087646484,47.491146087646484,47.21976975689766,47.491146087646484,10320,0.0,0.0
1996-02-13 00:00:00-05:00,47.49113201729618,47.49113201729618,46.94837951660156,46.94837951660156,2430,0.0,0.0
1996-02-14 00:00:00-05:00,47.0840641421725,47.76251220703124,46.94837850446297,47.76251220703125,9090,0.0,0.0
1996-02-15 00:00:00-05:00,48.033903718223485,48.033903718223485,47.491146087646484,47.491146087646484,5430,0.0,0.0
1996-02-16 00:00:00-05:00,47.49113201729618,47.49113201729618,46.94837951660156,46.94837951660156,4920,0.0,0.0
1996-02-20 00:00:00-05:00,46.94838082218414,47.219757080078125,46.94838082218414,47.219757080078125,330,0.0,0.0
1996-02-21 00:00:00-05:00,47.21975576694887,47.21975576694887,46.94837951660156,46.94837951660156,600,0.0,0.0
1996-02-22 00:00:00-05:00,46.67699959521214,47.219757080078125,46.67699959521214,47.219757080078125,5400,0.0,0.0
1996-02-23 00:00:00-05:00,47.219757080078125,47.219757080078125,46.94838082218414,47.219757080078125,8430,0.0,0.0
1996-02-26 00:00:00-05:00,46.94838082218414,47.219757080078125,46.94838082218414,47.219757080078125,15180,0.0,0.0
1996-02-27 00:00:00-05:00,46.94837951660156,46.94837951660156,46.676998297176375,46.94837951660156,6900,0.0,0.0
1996-02-28 00:00:00-05:00,46.715877532958984,46.715877532958984,46.715877532958984,46.715877532958984,14820,0.06,0.0
1996-02-29 00:00:00-05:00,46.444271087646484,46.71587335439685,46.444271087646484,46.444271087646484,17520,0.0,0.0
1996-03-01 00:00:00-05:00,46.715877532958984,46.987484797220006,46.715877532958984,46.715877532958984,13290,0.0,0.0
1996-03-04 00:00:00-05:00,46.987484797220006,46.987484797220006,46.715877532958984,46.715877532958984,5010,0.0,0.0
1996-03-05 00:00:00-05:00,46.85168047596002,46.987484106093035,46.172672271728516,46.172672271728516,6210,0.0,0.0
1996-03-06 00:00:00-05:00,46.172672271728516,46.172672271728516,45.9010650114625,46.172672271728516,1860,0.0,0.0
1996-03-07 00:00:00-05:00,45.90105438232422,45.90105438232422,45.90105438232422,45.90105438232422,600,0.0,0.0
1996-03-08 00:00:00-05:00,46.17266882089612,46.444271087646484,46.17266882089612,46.444271087646484,14610,0.0,0.0
1996-03-11 00:00:00-05:00,46.444271087646484,46.444271087646484,46.17266882089612,46.444271087646484,1050,0.0,0.0
1996-03-12 00:00:00-05:00,46.98748779296875,46.98748779296875,46.715880511391056,46.98748779296875,4530,0.0,0.0
1996-03-13 00:00:00-05:00,46.987484797220006,46.987484797220006,46.715877532958984,46.715877532958984,510,0.0,0.0
1996-03-14 00:00:00-05:00,46.71587684582702,46.987484106093035,46.172672271728516,46.172672271728516,19590,0.0,0.0
1996-03-15 00:00:00-05:00,46.17267628507103,46.44427859572803,45.35786437988281,45.35786437988281,8550,0.0,0.0
1996-03-18 00:00:00-05:00,45.086257096008616,45.35786437988281,45.086257096008616,45.35786437988281,6180,0.0,0.0
1996-03-19 00:00:00-05:00,45.35789124187265,45.629493713378906,45.35789124187265,45.629493713378906,13080,0.0,0.0
1996-03-20 00:00:00-05:00,45.629462724413244,46.172672271728516,45.35786043736399,46.172672271728516,5160,0.0,0.0
1996-03-21 00:00:00-05:00,46.172672271728516,46.172672271728516,45.9010650114625,46.172672271728516,3600,0.0,0.0
1996-03-22 00:00:00-05:00,45.9010650114625,46.172672271728516,45.9010650114625,46.172672271728516,540,0.0,0.0
1996-03-25 00:00:00-05:00,45.9010650114625,46.172672271728516,45.629462724413244,46.172672271728516,7110,0.0,0.0
1996-03-26 00:00:00-05:00,46.172672271728516,46.172672271728516,46.172672271728516,46.172672271728516,2040,0.0,0.0
1996-03-27 00:00:00-05:00,45.9010650114625,46.172672271728516,45.9010650114625,46.172672271728516,15240,0.0,0.0
1996-03-28 00:00:00-05:00,46.172672271728516,46.172672271728516,46.172672271728516,46.172672271728516,6150,0.0,0.0
1996-03-29 00:00:00-05:00,46.172672271728516,46.172672271728516,46.172672271728516,46.172672271728516,1230,0.0,0.0
1996-04-01 00:00:00-05:00,46.172672271728516,46.172672271728516,46.172672271728516,46.172672271728516,3720,0.0,0.0
1996-04-02 00:00:00-05:00,46.172672271728516,46.172672271728516,45.9010650114625,46.172672271728516,5160,0.0,0.0
1996-04-03 00:00:00-05:00,46.172672271728516,46.172672271728516,45.9010650114625,46.172672271728516,1830,0.0,0.0
1996-04-04 00:00:00-05:00,46.17266157969515,46.17266157969515,45.90105438232422,45.90105438232422,930,0.0,0.0
1996-04-08 00:00:00-04:00,45.629452158168895,45.90105438232422,45.629452158168895,45.90105438232422,5370,0.0,0.0
1996-04-09 00:00:00-04:00,45.90105438232422,45.90105438232422,45.629452158168895,45.90105438232422,4380,0.0,0.0
1996-04-10 00:00:00-04:00,45.629493713378906,45.90109618488516,45.49368999101571,45.629493713378906,8700,0.0,0.0
1996-04-11 00:00:00-04:00,45.629493713378906,45.629493713378906,45.35789124187265,45.629493713378906,2910,0.0,0.0
1996-04-12 00:00:00-04:00,45.629459817889476,45.629459817889476,44.81464803542716,45.08625030517578,12990,0.0,0.0
1996-04-15 00:00:00-04:00,45.086249942122116,45.086249942122116,44.81464767456055,44.81464767456055,6270,0.0,0.0
1996-04-16 00:00:00-04:00,44.81464803542716,45.08625030517578,44.81464803542716,45.08625030517578,17940,0.0,0.0
1996-04-17 00:00:00-04:00,45.62948523400828,47.53071212768555,45.62948523400828,47.53071212768555,25680,0.0,0.0
1996-04-18 00:00:00-04:00,48.07392463722608,49.431946764944044,47.80232220097028,49.16033935546875,10860,0.0,0.0
1996-04-19 00:00:00-04:00,49.43191944238287,49.703521728515625,49.43191944238287,49.703521728515625,9090,0.0,0.0
1996-04-22 00:00:00-04:00,49.703521728515625,49.703521728515625,49.43191944238287,49.703521728515625,16830,0.0,0.0
1996-04-23 00:00:00-04:00,49.43193051798322,50.51834487915039,49.43193051798322,50.51834487915039,21210,0.0,0.0
1996-04-24 00:00:00-04:00,50.24671982725868,51.333133697509766,50.24671982725868,51.333133697509766,14820,0.0,0.0
1996-04-25 00:00:00-04:00,51.333133697509766,51.333133697509766,51.061531473250895,51.333133697509766,5520,0.0,0.0
1996-04-26 00:00:00-04:00,51.33314172422023,51.33314172422023,51.06153945749226,51.19733810424805,3210,0.0,0.0
1996-04-29 00:00:00-04:00,51.33314095896811,51.33314095896811,50.51832919771465,51.06153869628906,4530,0.0,0.0
1996-04-30 00:00:00-04:00,51.061531473250895,51.333133697509766,50.789924275776414,51.333133697509766,36990,0.0,0.0
1996-05-01 00:00:00-04:00,51.333137147273646,54.32078170776367,51.333137147273646,54.32078170776367,53670,0.0,0.0
1996-05-02 00:00:00-04:00,54.320789800395936,54.320789800395936,53.505977978256084,53.77758026123047,7410,0.0,0.0
1996-05-03 00:00:00-04:00,53.77759199370853,54.320801651384244,53.50598965147957,54.0491943359375,4800,0.0,0.0
1996-05-06 00:00:00-04:00,53.77759559780488,53.77759559780488,52.41957384921186,52.69118118286133,4020,0.0,0.0
1996-05-07 00:00:00-04:00,52.962779993803856,54.0491943359375,52.69117765157489,54.0491943359375,30180,0.0,0.0
1996-05-08 00:00:00-04:00,54.04918254420486,54.04918254420486,53.23437072206501,53.77758026123047,13380,0.0,0.0
1996-05-09 00:00:00-04:00,53.77757224952477,54.32078170776367,53.77757224952477,54.32078170776367,8550,0.0,0.0
1996-05-10 00:00:00-04:00,54.32079719303926,54.32079719303926,53.23437796685502,53.505985260009766,14100,0.0,0.0
1996-05-13 00:00:00-04:00,53.23438233603283,54.320801651384244,53.23438233603283,54.0491943359375,8100,0.0,0.0
1996-05-14 00:00:00-04:00,54.04918254420486,54.04918254420486,53.505977978256084,53.77758026123047,5550,0.0,0.0
1996-05-15 00:00:00-04:00,53.77759199370853,54.0491943359375,52.962779993803856,54.0491943359375,7470,0.0,0.0
1996-05-16 00:00:00-04:00,53.505977978256084,53.777580261230476,53.505977978256084,53.77758026123047,3450,0.0,0.0
1996-05-17 00:00:00-04:00,53.505977978256084,54.04918254420486,53.23437072206501,53.77758026123047,12900,0.0,0.0
1996-05-20 00:00:00-04:00,53.77758390512039,54.592395782470696,53.505981603742626,54.5923957824707,25710,0.0,0.0
1996-05-21 00:00:00-04:00,54.32077874903456,55.678794860839844,54.32077874903456,55.678794860839844,58440,0.0,0.0
1996-05-22 00:00:00-04:00,56.22203419592302,56.22203419592302,55.67882447831959,55.95043182373047,33960,0.0,0.0
1996-05-23 00:00:00-04:00,55.67880962288473,56.22201919555664,55.67880962288473,56.22201919555664,7260,0.0,0.0
1996-05-24 00:00:00-04:00,56.49363239025143,56.76523971557617,56.49363239025143,56.76523971557617,10980,0.0,0.0
1996-05-28 00:00:00-04:00,56.76522526766978,57.036827550648255,56.49361801147462,56.49361801147461,8640,0.0,0.0
1996-05-29 00:00:00-04:00,56.76522526766978,56.76522526766978,56.22201572849614,56.49361801147461,15990,0.0,0.0
1996-05-30 00:00:00-04:00,56.26096257246009,57.34812927246094,56.26096257246009,57.34812927246094,11790,0.06,0.0
1996-05-31 00:00:00-04:00,57.34812927246094,57.34812927246094,57.34812927246094,57.34812927246094,8940,0.0,0.0
1996-06-03 00:00:00-04:00,57.076338841626175,57.6199246799575,57.076338841626175,57.34812927246094,11970,0.0,0.0
1996-06-04 00:00:00-04:00,57.61994834912049,57.89173889160156,57.34815282997557,57.89173889160156,12060,0.0,0.0
1996-06-05 00:00:00-04:00,57.61994834912049,58.16352943408263,57.61994834912049,57.89173889160156,18810,0.0,0.0
1996-06-06 00:00:00-04:00,57.61992263793945,58.16350348034478,57.61992263793945,57.61992263793945,8610,0.0,0.0
1996-06-07 00:00:00-04:00,57.348137933527376,57.348137933527376,56.26097106933594,56.26097106933594,11820,0.0,0.0
1996-06-10 00:00:00-04:00,55.98918059745372,56.26097106933594,55.98918059745372,56.26097106933594,24000,0.0,0.0
1996-06-11 00:00:00-04:00,55.98918151855469,56.260971994908246,55.98918151855469,55.98918151855469,2400,0.0,0.0
1996-06-12 00:00:00-04:00,56.26097848074777,57.07635498046875,55.98918797306184,57.07635498046875,9600,0.0,0.0
1996-06-13 00:00:00-04:00,56.804571745013426,57.89173889160156,56.804571745013426,57.89173889160156,7140,0.0,0.0
1996-06-14 00:00:00-04:00,57.61992263793945,57.61992263793945,56.804546397669846,57.61992263793945,7650,0.0,0.0
1996-06-17 00:00:00-04:00,57.34813104941099,57.34813104941099,56.5327547549802,56.80455017089844,14490,0.0,0.0
1996-06-18 00:00:00-04:00,56.804546397669846,57.61992263793945,56.260960578602905,57.61992263793945,11100,0.0,0.0
1996-06-19 00:00:00-04:00,57.34814548815467,57.34814548815467,56.80456447278282,57.07635498046875,21540,0.0,0.0
1996-06-20 00:00:00-04:00,57.61994834912049,58.16352943408263,57.0763622874945,57.89173889160156,28290,0.0,0.0
1996-06-21 00:00:00-04:00,58.16352155594698,58.97889804961289,57.891731050279404,58.70710754394531,26940,0.0,0.0
1996-06-24 00:00:00-04:00,58.707087607868736,59.79425423801619,58.707087607868736,58.978878021240234,8670,0.0,0.0
1996-06-25 00:00:00-04:00,58.70708934107327,58.70708934107327,58.16350352162057,58.435298919677734,2520,0.0,0.0
1996-06-26 00:00:00-04:00,58.163533519381204,59.25070571899414,57.89174295781007,59.25070571899414,7170,0.0,0.0
1996-06-27 00:00:00-04:00,58.97888358842147,60.06605529785156,58.97888358842147,60.06605529785156,8910,0.0,0.0
1996-06-28 00:00:00-04:00,60.8814537897297,60.8814537897297,60.3378677368164,60.337867736816406,6780,0.0,0.0
1996-07-01 00:00:00-04:00,60.60965827494117,60.60965827494117,60.06607719869164,60.337867736816406,17130,0.0,0.0
1996-07-02 00:00:00-04:00,60.88144574159901,60.88144574159901,58.16352081298828,58.16352081298828,25740,0.0,0.0
1996-07-03 00:00:00-04:00,58.163501804464275,58.97887802124023,58.163501804464275,58.978878021240234,4140,0.0,0.0
1996-07-05 00:00:00-04:00,58.70708929941173,58.70708929941173,57.34812724007517,57.61992263793945,3570,0.0,0.0
1996-07-08 00:00:00-04:00,56.80455017089844,56.80455017089844,55.44558802129315,56.80455017089844,17430,0.0,0.0
1996-07-09 00:00:00-04:00,56.53275300329485,57.34812927246094,56.53275300329485,57.34812927246094,18600,0.0,0.0
1996-07-10 00:00:00-04:00,57.34812724007517,57.61992263793945,57.34812724007517,57.61992263793945,15330,0.0,0.0
1996-07-11 00:00:00-04:00,57.34814548815467,57.619940972503805,57.07635498046875,57.07635498046875,9810,0.0,0.0
1996-07-12 00:00:00-04:00,57.34812724007517,57.61992263793945,57.07633681887251,57.61992263793945,14100,0.0,0.0
1996-07-15 00:00:00-04:00,57.34813104941099,57.619926465329215,56.5327547549802,56.80455017089844,7650,0.0,0.0
1996-07-16 00:00:00-04:00,56.532761541218164,56.804556989762936,55.1738042051445,56.26097106933594,26040,0.0,0.0
1996-07-17 00:00:00-04:00,56.53276898843369,57.34814548815467,56.53276898843369,57.07635498046875,17190,0.0,0.0
1996-07-18 00:00:00-04:00,56.804563730308296,57.07635423444174,56.53276824951172,56.53276824951172,7560,0.0,0.0
1996-07-19 00:00:00-04:00,56.53276824951172,56.804563730308296,56.53276824951172,56.53276824951172,3810,0.0,0.0
1996-07-22 00:00:00-04:00,56.53276824951172,56.804563730308296,56.53276824951172,56.53276824951172,10650,0.0,0.0
1996-07-23 00:00:00-04:00,56.532761541218164,57.076347461645156,56.26097106933594,56.26097106933594,19410,0.0,0.0
1996-07-24 00:00:00-04:00,56.26095869515645,56.26095869515645,55.17379207007922,55.71737289428711,21360,0.0,0.0
1996-07-25 00:00:00-04:00,55.44558802129315,57.07634061015471,55.44558802129315,56.80455017089844,13620,0.0,0.0
1996-07-26 00:00:00-04:00,56.80455017089844,57.07634061015471,56.5327547549802,56.80455017089844,15690,0.0,0.0
1996-07-29 00:00:00-04:00,56.532761541218164,56.804556989762936,55.98918059745372,56.26097106933594,13710,0.0,0.0
1996-07-30 00:00:00-04:00,56.260971994908246,56.804557924277994,55.98918151855469,55.98918151855469,6480,0.0,0.0
1996-07-31 00:00:00-04:00,55.9891682830525,55.9891682830525,55.44558248218316,55.71737289428711,7260,0.0,0.0
1996-08-01 00:00:00-04:00,55.717385148908946,56.26097106933594,55.445594677026726,56.26097106933594,10920,0.0,0.0
1996-08-02 00:00:00-04:00,56.53276824951172,56.804563730308296,56.260977745378284,56.53276824951172,7770,0.0,0.0
1996-08-05 00:00:00-04:00,56.532761541218164,56.532761541218164,56.26097106933594,56.26097106933594,9090,0.0,0.0
1996-08-06 00:00:00-04:00,56.532761541218164,56.532761541218164,55.98918059745372,56.26097106933594,6960,0.0,0.0
1996-08-07 00:00:00-04:00,56.53276824951172,56.53276824951172,56.260977745378284,56.53276824951172,24360,0.0,0.0
1996-08-08 00:00:00-04:00,56.53276824951172,56.53276824951172,55.98918724124484,56.53276824951172,19350,0.0,0.0
1996-08-09 00:00:00-04:00,56.26097106933594,56.26097106933594,55.98918059745372,56.26097106933594,2370,0.0,0.0
1996-08-12 00:00:00-04:00,55.98918151855469,56.260971994908246,55.98918151855469,55.98918151855469,870,0.0,0.0
1996-08-13 00:00:00-04:00,55.98916144862682,55.98916144862682,55.44557571411133,55.44557571411133,3420,0.0,0.0
1996-08-14 00:00:00-04:00,55.7173728942871,55.7173728942871,55.7173728942871,55.71737289428711,720,0.0,0.0
1996-08-15 00:00:00-04:00,55.717385148908946,56.26097106933594,55.717385148908946,56.26097106933594,2130,0.0,0.0
1996-08-16 00:00:00-04:00,55.98918151855469,56.260971994908246,55.98918151855469,55.98918151855469,2310,0.0,0.0
1996-08-19 00:00:00-04:00,55.9891682830525,56.26095869515645,55.7173728942871,55.71737289428711,5850,0.0,0.0
1996-08-20 00:00:00-04:00,55.9891682830525,55.9891682830525,55.7173728942871,55.71737289428711,4200,0.0,0.0
1996-08-21 00:00:00-04:00,55.98916144862682,55.98916144862682,55.309678036317244,55.44557571411133,7470,0.0,0.0
1996-08-22 00:00:00-04:00,55.44558248218316,55.7173728942871,54.35841585710594,55.71737289428711,33450,0.0,0.0
1996-08-23 00:00:00-04:00,55.71736609303865,55.98916144862682,55.44557571411133,55.44557571411133,5010,0.0,0.0
1996-08-26 00:00:00-04:00,55.44561104773577,55.44561104773577,55.17382049560546,55.17382049560547,11100,0.0,0.0
1996-08-27 00:00:00-04:00,55.173811168884484,55.173811168884484,54.902015686035156,54.902015686035156,3600,0.0,0.0
1996-08-28 00:00:00-04:00,54.90200514516605,55.717381483840114,54.63021469116211,54.63021469116211,4800,0.0,0.0
1996-08-29 00:00:00-04:00,54.39738991127393,54.94136047363281,54.39738991127393,54.94136047363281,2460,0.06,0.0
1996-08-30 00:00:00-04:00,54.66936419991886,55.48532485961914,54.66936419991886,55.48532485961914,4770,0.0,0.0
1996-09-03 00:00:00-04:00,55.21333963312859,55.48532485961914,55.21333963312859,55.48532485961914,2310,0.0,0.0
1996-09-04 00:00:00-04:00,55.75731658935547,56.029306827798194,55.485331331141964,55.75731658935547,4110,0.0,0.0
1996-09-05 00:00:00-04:00,56.029315004951755,56.84527587890625,56.029315004951755,56.84527587890625,10530,0.0,0.0
1996-09-06 00:00:00-04:00,56.57330703735351,56.84529741855341,56.02933623541738,56.573307037353516,11040,0.0,0.0
1996-09-09 00:00:00-04:00,56.573290405196104,56.845280706432725,56.029319763183594,56.029319763183594,8610,0.0,0.0
1996-09-10 00:00:00-04:00,55.75732946194697,56.029319763183594,55.21335881993447,56.029319763183594,4350,0.0,0.0
1996-09-11 00:00:00-04:00,56.301307678222656,56.845283325528726,56.301307678222656,56.301307678222656,4830,0.0,0.0
1996-09-12 00:00:00-04:00,56.30130508418985,56.30130508418985,56.029319763183594,56.029319763183594,6900,0.0,0.0
1996-09-13 00:00:00-04:00,56.02933623541738,56.84529741855341,56.02933623541738,56.573307037353516,13470,0.0,0.0
1996-09-16 00:00:00-04:00,56.573284414607166,57.11725997924805,56.573284414607166,57.11725997924805,12360,0.0,0.0
1996-09-17 00:00:00-04:00,56.845283325528726,57.11726865906646,56.301307678222656,56.301307678222656,2040,0.0,0.0
1996-09-18 00:00:00-04:00,56.301321636385445,56.84529741855341,56.301321636385445,56.573307037353516,9030,0.0,0.0
1996-09-19 00:00:00-04:00,56.573284414607166,57.38924527145357,56.573284414607166,57.11725997924805,15000,0.0,0.0
1996-09-20 00:00:00-04:00,57.38924647472261,57.38924647472261,56.84527587890625,56.84527587890625,8190,0.0,0.0
1996-09-23 00:00:00-04:00,56.57328560076812,57.11726117681443,56.57328560076812,56.84527587890625,3660,0.0,0.0
1996-09-24 00:00:00-04:00,56.57330703735351,57.11728281952147,56.301321636385445,56.573307037353516,11790,0.0,0.0
1996-09-25 00:00:00-04:00,56.57327344687126,57.661224365234375,56.57327344687126,57.661224365234375,8970,0.0,0.0
1996-09-26 00:00:00-04:00,57.93323046669971,60.10912810674654,57.93323046669971,59.29316711425781,25830,0.0,0.0
1996-09-27 00:00:00-04:00,59.565152451677164,59.83713778909652,59.29316711425781,59.29316711425781,12120,0.0,0.0
1996-09-30 00:00:00-04:00,59.293167386487376,60.653099060058594,59.293167386487376,60.653099060058594,16830,0.0,0.0
1996-10-01 00:00:00-04:00,60.38109704945844,60.65308231302821,60.109111785888665,60.10911178588867,5970,0.0,0.0
1996-10-02 00:00:00-04:00,60.10910902894715,62.01301574707031,60.10910902894715,62.01301574707031,19800,0.0,0.0
1996-10-03 00:00:00-04:00,62.01303989190486,62.01303989190486,61.19707884069559,61.74105453491211,8070,0.0,0.0
1996-10-04 00:00:00-04:00,61.469049933457256,61.469049933457256,60.789084208649655,60.925079345703125,4770,0.0,0.0
1996-10-07 00:00:00-04:00,60.925079345703125,61.469049933457256,60.925079345703125,60.925079345703125,23880,0.0,0.0
1996-10-08 00:00:00-04:00,60.925098326567856,60.925098326567856,60.10913721049878,60.38112258911133,40530,0.0,0.0
1996-10-09 00:00:00-04:00,60.38112258911133,60.653107967723884,60.10913721049878,60.38112258911133,24300,0.0,0.0
1996-10-10 00:00:00-04:00,60.38112258911133,60.653107967723884,60.10913721049878,60.38112258911133,15360,0.0,0.0
1996-10-11 00:00:00-04:00,60.38112258911133,60.38112258911133,60.10913721049878,60.38112258911133,12480,0.0,0.0
1996-10-14 00:00:00-04:00,60.38112258911133,60.653107967723884,60.38112258911133,60.38112258911133,9330,0.0,0.0
1996-10-15 00:00:00-04:00,60.38110377771912,61.19706463958019,60.38110377771912,60.925079345703125,14970,0.0,0.0
1996-10-16 00:00:00-04:00,60.925079345703125,61.19706463958019,60.925079345703125,60.925079345703125,7440,0.0,0.0
1996-10-17 00:00:00-04:00,60.925079345703125,60.925079345703125,60.38110377771912,60.925079345703125,21000,0.0,0.0
1996-10-18 00:00:00-04:00,60.653089071596185,60.925079345703125,60.653089071596185,60.925079345703125,11160,0.0,0.0
1996-10-21 00:00:00-04:00,60.653107967723884,60.925098326567856,60.10913721049878,60.38112258911133,9990,0.0,0.0
1996-10-22 00:00:00-04:00,60.38109704945844,60.38109704945844,60.109111785888665,60.10911178588867,8220,0.0,0.0
1996-10-23 00:00:00-04:00,60.10912838272238,60.653099060058594,60.10912838272238,60.653099060058594,9180,0.0,0.0
1996-10-24 00:00:00-04:00,60.38110377771912,60.925079345703125,60.38110377771912,60.925079345703125,5010,0.0,0.0
1996-10-25 00:00:00-04:00,60.92508937895739,60.92508937895739,60.381113721390484,60.653099060058594,7890,0.0,0.0
1996-10-28 00:00:00-05:00,60.38109704945844,60.38109704945844,59.56513627851981,60.10911178588867,3210,0.0,0.0
1996-10-29 00:00:00-05:00,60.109111785888665,60.109111785888665,59.837121542089584,60.10911178588867,3030,0.0,0.0
1996-10-30 00:00:00-05:00,59.021168222631594,59.021168222631594,56.301300302859936,56.84527587890625,40380,0.0,0.0
1996-10-31 00:00:00-05:00,56.57329301176039,56.57329301176039,55.75733203091659,56.301307678222656,9780,0.0,0.0
1996-11-01 00:00:00-05:00,56.301307678222656,56.301307678222656,55.75733203091659,56.301307678222656,14820,0.0,0.0
1996-11-04 00:00:00-05:00,56.30128551931942,56.30128551931942,55.48532485961914,55.48532485961914,8310,0.0,0.0
1996-11-05 00:00:00-05:00,55.48535648473558,55.48535648473558,54.12541961669922,54.12541961669922,22110,0.0,0.0
1996-11-06 00:00:00-05:00,54.12540199973162,54.39739227294922,53.581431413756135,54.39739227294922,17880,0.0,0.0
1996-11-07 00:00:00-05:00,54.39740263286905,55.485348992247964,54.39740263286905,55.21336364746094,7290,0.0,0.0
1996-11-08 00:00:00-05:00,54.94136047363281,54.94136047363281,54.39738991127393,54.94136047363281,13860,0.0,0.0
1996-11-11 00:00:00-05:00,54.66938571653504,56.301307678222656,54.397400382997304,56.301307678222656,10980,0.0,0.0
1996-11-12 00:00:00-05:00,56.02932234468492,56.57329301176039,56.02932234468492,56.301307678222656,17550,0.0,0.0
1996-11-13 00:00:00-05:00,56.301299122401645,57.11725997924805,56.301299122401645,57.11725997924805,5760,0.0,0.0
1996-11-14 00:00:00-05:00,57.11726117681443,57.11726117681443,56.57328560076812,56.84527587890625,7530,0.0,0.0
1996-11-15 00:00:00-05:00,56.57330703735351,56.84529741855341,56.57330703735351,56.573307037353516,8370,0.0,0.0
1996-11-18 00:00:00-05:00,56.57330703735351,56.57330703735351,56.301321636385445,56.573307037353516,3540,0.0,0.0
1996-11-19 00:00:00-05:00,56.57329301176039,56.57329301176039,56.02932234468492,56.301307678222656,4620,0.0,0.0
1996-11-20 00:00:00-05:00,56.30130508418985,56.573290405196104,56.029319763183594,56.029319763183594,8190,0.0,0.0
1996-11-21 00:00:00-05:00,55.75731658935547,56.029306827798194,55.485331331141964,55.75731658935547,21990,0.0,0.0
1996-11-22 00:00:00-05:00,55.48535648473558,55.757341866250265,54.12541961669922,54.12541961669922,16080,0.0,0.0
1996-11-25 00:00:00-05:00,54.12539964986485,55.21335073504189,53.853414368685414,54.94136047363281,41130,0.0,0.0
1996-11-26 00:00:00-05:00,54.66936419991886,55.48532485961914,54.66936419991886,55.48532485961914,20040,0.0,0.0
1996-11-27 00:00:00-05:00,54.984509991688874,55.80111164990278,54.984509991688874,55.2567138671875,20940,0.066667,0.0
1996-11-29 00:00:00-05:00,55.528915685889515,56.07331848144531,55.528915685889515,56.07331848144531,3510,0.0,0.0
1996-12-02 00:00:00-05:00,55.80111047620851,56.07331434598172,54.71230994953829,55.52891159057617,20190,0.0,0.0
1996-12-03 00:00:00-05:00,55.528891453556454,55.801090240478516,55.2566926666344,55.801090240478516,18150,0.0,0.0
1996-12-04 00:00:00-05:00,55.52890700188236,56.34550857543945,55.52890700188236,56.34550857543945,14430,0.0,0.0
1996-12-05 00:00:00-05:00,56.07330971230057,56.34550857543945,55.801105865021235,56.34550857543945,8010,0.0,0.0
1996-12-06 00:00:00-05:00,56.07329401153964,56.07329401153964,55.528891453556454,55.801090240478516,11310,0.0,0.0
1996-12-09 00:00:00-05:00,53.35128620576279,55.801090240478516,53.35128620576279,55.801090240478516,22020,0.0,0.0
1996-12-10 00:00:00-05:00,55.528892465140096,56.889896392822266,55.528892465140096,56.889896392822266,25140,0.0,0.0
1996-12-11 00:00:00-05:00,56.61770629882813,56.61770629882813,55.80110474170974,56.617706298828125,24150,0.0,0.0
1996-12-12 00:00:00-05:00,56.345507441168785,56.61770629882813,56.345507441168785,56.617706298828125,20790,0.0,0.0
1996-12-13 00:00:00-05:00,56.3455173871526,56.3455173871526,55.80111459159679,56.07331848144531,6840,0.0,0.0
1996-12-16 00:00:00-05:00,56.07329503304079,56.889896392822266,56.07329503304079,56.889896392822266,8910,0.0,0.0
1996-12-17 00:00:00-05:00,56.61769261680234,56.889896392822266,56.61769261680234,56.889896392822266,7260,0.0,0.0
1996-12-18 00:00:00-05:00,56.88990183317215,57.43429946899414,56.88990183317215,57.43429946899414,7050,0.0,0.0
1996-12-19 00:00:00-05:00,57.70650552089131,60.42850875854492,57.43430170822807,60.42850875854492,21900,0.0,0.0
1996-12-20 00:00:00-05:00,60.9729096401577,61.78951108630205,60.700705835349794,61.51730728149414,10140,0.0,0.0
1996-12-23 00:00:00-05:00,61.517332588188516,61.517332588188516,60.70073080611459,60.97293472290039,3210,0.0,0.0
1996-12-24 00:00:00-05:00,60.70070758706834,60.97291139973158,60.156309930021514,60.42850875854492,2730,0.0,0.0
1996-12-26 00:00:00-05:00,60.156309930021514,60.42850875854492,59.88410611735827,60.42850875854492,3240,0.0,0.0
1996-12-27 00:00:00-05:00,60.15631261528317,60.70071029663085,60.15631261528317,60.70071029663086,12210,0.0,0.0
1996-12-30 00:00:00-05:00,60.70069715454663,60.70069715454663,60.15629959106445,60.15629959106445,7260,0.0,0.0
1996-12-31 00:00:00-05:00,59.88410611735827,60.42850875854492,58.79530581912479,60.42850875854492,8310,0.0,0.0
1997-01-02 00:00:00-05:00,60.156306756756344,60.156306756756344,59.33970533012228,59.61190414428711,10350,0.0,0.0
1997-01-03 00:00:00-05:00,59.067496696146755,59.067496696146755,56.889896392822266,56.889896392822266,35070,0.0,0.0
1997-01-06 00:00:00-05:00,56.889920182708394,57.16211908841567,55.25671678018223,56.07331848144531,30660,0.0,0.0
1997-01-07 00:00:00-05:00,56.073308583509444,56.61770629882813,56.073308583509444,56.617706298828125,5010,0.0,0.0
1997-01-08 00:00:00-05:00,56.889895329418195,58.795296805245535,56.889895329418195,57.16209411621094,66930,0.0,0.0
1997-01-09 00:00:00-05:00,56.889895329418195,57.43429290300368,56.889895329418195,57.16209411621094,50730,0.0,0.0
1997-01-10 00:00:00-05:00,57.16211014899655,57.16211014899655,56.34550857543945,56.34550857543945,7320,0.0,0.0
1997-01-13 00:00:00-05:00,56.3455173871526,56.617716292859875,56.07331848144531,56.07331848144531,3780,0.0,0.0
1997-01-14 00:00:00-05:00,56.61769261680234,57.43429397658381,56.61769261680234,56.889896392822266,20670,0.0,0.0
1997-01-15 00:00:00-05:00,56.889895329418195,57.16209411621094,56.617691558486385,57.16209411621094,81720,0.0,0.0
1997-01-16 00:00:00-05:00,57.16209518470304,57.16209518470304,56.889896392822266,56.889896392822266,4320,0.0,0.0
1997-01-17 00:00:00-05:00,56.88991014062783,56.88991014062783,56.345507441168785,56.617706298828125,5670,0.0,0.0
1997-01-20 00:00:00-05:00,56.61770743857833,56.61770743857833,56.34550857543945,56.34550857543945,9000,0.0,0.0
1997-01-21 00:00:00-05:00,56.61770629882813,56.61770629882813,56.345507441168785,56.617706298828125,18900,0.0,0.0
1997-01-22 00:00:00-05:00,56.345507441168785,56.61770629882813,56.345507441168785,56.617706298828125,5190,0.0,0.0
1997-01-23 00:00:00-05:00,56.889895329418195,57.16209411621094,56.617691558486385,57.16209411621094,15960,0.0,0.0
1997-01-24 00:00:00-05:00,56.889896392822266,56.889896392822266,56.61769261680234,56.889896392822266,21660,0.0,0.0
1997-01-27 00:00:00-05:00,56.889896392822266,56.889896392822266,56.61769261680234,56.889896392822266,4830,0.0,0.0
1997-01-28 00:00:00-05:00,57.16209411621094,57.16209411621094,56.617691558486385,57.16209411621094,4920,0.0,0.0
1997-01-29 00:00:00-05:00,56.88990183317215,57.43429946899414,56.88990183317215,57.43429946899414,27600,0.0,0.0
1997-01-30 00:00:00-05:00,57.706491301559886,58.79529133150451,57.434287555969775,58.25088882446289,93240,0.0,0.0
1997-01-31 00:00:00-05:00,58.25088836201326,59.33969336745253,58.25088836201326,59.06748962402344,33840,0.0,0.0
1997-02-03 00:00:00-05:00,59.067494497078904,59.067494497078904,57.706495604205536,58.79529571533203,47550,0.0,0.0
1997-02-04 00:00:00-05:00,58.52309693358515,58.79529571533203,58.250893167699296,58.79529571533203,57810,0.0,0.0
1997-02-05 00:00:00-05:00,58.795292946172864,58.795292946172864,58.250890424180575,58.523094177246094,4110,0.0,0.0
1997-02-06 00:00:00-05:00,58.250893167699296,58.79529571533203,58.250893167699296,58.79529571533203,6960,0.0,0.0
1997-02-07 00:00:00-05:00,58.795312882726854,60.15631715713308,58.795312882726854,59.88411331176758,39450,0.0,0.0
1997-02-10 00:00:00-05:00,59.88410879046928,60.70071029663085,59.88410879046928,60.70071029663086,11670,0.0,0.0
1997-02-11 00:00:00-05:00,60.70069715454663,60.70069715454663,59.884095825184396,60.15629959106445,20430,0.0,0.0
1997-02-12 00:00:00-05:00,59.88409088603361,60.156294629462714,59.06748962402344,59.06748962402344,7050,0.0,0.0
1997-02-13 00:00:00-05:00,58.795301220147444,59.067500027379424,57.70650100708008,57.70650100708008,12990,0.0,0.0
1997-02-14 00:00:00-05:00,58.25089424752098,58.25089424752098,56.617691558486385,57.16209411621094,12870,0.0,0.0
1997-02-18 00:00:00-05:00,57.16209518470304,57.16209518470304,56.34549382492157,56.889896392822266,12030,0.0,0.0
1997-02-19 00:00:00-05:00,57.16209518470304,57.43429397658381,56.61769261680234,56.889896392822266,3210,0.0,0.0
1997-02-20 00:00:00-05:00,56.889896392822266,57.43429397658381,56.889896392822266,56.889896392822266,3300,0.0,0.0
1997-02-21 00:00:00-05:00,57.16209840847668,57.97869981431206,56.8898996012447,57.70650100708008,16620,0.0,0.0
1997-02-24 00:00:00-05:00,57.70650100708008,57.70650100708008,57.16209840847668,57.70650100708008,5490,0.0,0.0
1997-02-25 00:00:00-05:00,57.43429721570866,57.97869981431206,57.16209840847668,57.70650100708008,5760,0.0,0.0
1997-02-26 00:00:00-05:00,57.70651169774622,57.70651169774622,56.61770629882813,56.617706298828125,9270,0.0,0.0
1997-02-27 00:00:00-05:00,55.844063685648145,56.388885498046875,55.844063685648145,56.388885498046875,8880,0.066667,0.0
1997-02-28 00:00:00-05:00,56.11647708583623,56.388885498046875,56.11647708583623,56.388885498046875,7200,0.0,0.0
1997-03-03 00:00:00-05:00,56.38888082545004,56.66128921508789,55.84405905819731,56.66128921508789,10980,0.0,0.0
1997-03-04 00:00:00-05:00,56.388885498046875,56.66129391025752,56.11647708583623,56.388885498046875,3090,0.0,0.0
1997-03-05 00:00:00-05:00,56.1164725661867,58.29574966430664,56.1164725661867,58.29574966430664,21270,0.0,0.0
1997-03-06 00:00:00-05:00,62.38186793090591,66.19560834600902,62.38186793090591,64.83355712890625,80520,0.0,0.0
1997-03-07 00:00:00-05:00,64.83355712890625,65.65078686157302,64.56114888067547,64.83355712890625,54900,0.0,0.0
1997-03-10 00:00:00-05:00,64.83355712890625,65.10597036511147,64.28874063244469,64.83355712890625,12570,0.0,0.0
1997-03-11 00:00:00-05:00,64.8335578484219,64.8335578484219,64.01632810668559,64.56114959716797,69450,0.0,0.0
1997-03-12 00:00:00-05:00,64.56117146752335,64.56117146752335,63.47153310541376,64.01634979248047,30630,0.0,0.0
1997-03-13 00:00:00-05:00,63.47154821146877,63.47154821146877,61.83708778531916,62.38190460205078,34290,0.0,0.0
1997-03-14 00:00:00-05:00,63.19913953834353,63.47155295504566,62.654322680894765,62.92673110961914,29670,0.0,0.0
1997-03-17 00:00:00-05:00,62.926732010505155,62.926732010505155,62.38191015727874,62.65432357788086,15060,0.0,0.0
1997-03-18 00:00:00-05:00,62.654291945593855,62.654291945593855,61.83706207233818,62.10947036743164,11190,0.0,0.0
1997-03-19 00:00:00-05:00,62.10948141179462,64.01634979248047,62.10948141179462,64.01634979248047,48840,0.0,0.0
1997-03-20 00:00:00-05:00,64.56117146752335,64.56117146752335,63.74394144894711,64.01634979248047,24780,0.0,0.0
1997-03-21 00:00:00-05:00,64.01635527744817,64.28876863229829,63.47153854370118,63.47153854370117,14700,0.0,0.0
1997-03-24 00:00:00-05:00,63.47155205419318,63.47155205419318,62.92673021649934,63.19913864135742,18150,0.0,0.0
1997-03-25 00:00:00-05:00,62.926732010505155,63.743962296355875,62.65432357788086,62.65432357788086,26430,0.0,0.0
1997-03-26 00:00:00-05:00,62.92673021649934,63.19913864135742,61.83709152908931,63.19913864135742,25770,0.0,0.0
1997-03-27 00:00:00-05:00,63.47155205419318,63.47155205419318,62.92673021649934,63.19913864135742,24330,0.0,0.0
1997-03-31 00:00:00-05:00,62.926716821977564,63.74394691057468,62.926716821977564,63.47153854370117,11130,0.0,0.0
1997-04-01 00:00:00-05:00,63.19912518885106,63.74394691057468,62.926716821977564,63.47153854370117,21660,0.0,0.0
1997-04-02 00:00:00-05:00,63.47155205419318,63.47155205419318,63.19913864135742,63.19913864135742,9690,0.0,0.0
1997-04-03 00:00:00-05:00,63.199113014575026,63.743934631347656,63.199113014575026,63.743934631347656,4440,0.0,0.0
1997-04-04 00:00:00-05:00,63.47153310541376,64.01634979248047,63.19911977390422,64.01634979248047,4830,0.0,0.0
1997-04-07 00:00:00-04:00,64.28875682521553,65.3783950805664,64.28875682521553,65.3783950805664,10320,0.0,0.0
1997-04-08 00:00:00-04:00,65.37837861334225,65.37837861334225,64.56114888067547,64.83355712890625,12510,0.0,0.0
1997-04-09 00:00:00-04:00,64.56118105169496,65.10600280761719,64.56118105169496,65.10600280761719,3510,0.0,0.0
1997-04-10 00:00:00-04:00,64.83358165618517,65.37840334673339,64.28876495361328,64.28876495361328,6780,0.0,0.0
1997-04-11 00:00:00-04:00,64.28876863229829,64.28876863229829,63.47153854370118,63.47153854370117,4800,0.0,0.0
1997-04-14 00:00:00-04:00,63.19914044312946,63.19914044312946,61.83709329203014,62.65432357788086,6870,0.0,0.0
1997-04-15 00:00:00-04:00,63.19912518885106,63.74394691057468,63.19912518885106,63.47153854370117,13740,0.0,0.0
1997-04-16 00:00:00-04:00,63.74394144894711,64.28876312399001,63.74394144894711,64.01634979248047,8460,0.0,0.0
1997-04-17 00:00:00-04:00,64.28876312399001,64.28876312399001,63.74394144894711,64.01634979248047,1500,0.0,0.0
1997-04-18 00:00:00-04:00,64.28875682521553,65.3783950805664,64.01634352039605,65.3783950805664,16020,0.0,0.0
1997-04-21 00:00:00-04:00,64.28875792677316,64.28875792677316,59.93019485473633,59.93019485473633,42840,0.0,0.0
1997-04-22 00:00:00-04:00,60.20260088787926,60.20260088787926,58.29572790384506,58.84054946899414,33480,0.0,0.0
1997-04-23 00:00:00-04:00,58.84054946899415,59.11295775758109,58.568141180407196,58.84054946899414,9780,0.0,0.0
1997-04-24 00:00:00-04:00,58.56812153283915,59.112937927246094,58.56812153283915,59.112937927246094,12000,0.0,0.0
1997-04-25 00:00:00-04:00,59.112937927246094,59.112937927246094,58.840529730042626,59.112937927246094,5820,0.0,0.0
1997-04-28 00:00:00-04:00,59.38539320134365,59.65780159161439,58.29574966430664,58.29574966430664,5760,0.0,0.0
1997-04-29 00:00:00-04:00,58.29570834766217,59.38535111242307,58.29570834766217,59.112937927246094,26970,0.0,0.0
1997-04-30 00:00:00-04:00,59.11295128573312,59.385364532470696,58.840543026970174,59.3853645324707,14520,0.0,0.0
1997-05-01 00:00:00-04:00,59.38540831104128,60.74745559692383,59.11299486348212,60.74745559692383,22290,0.0,0.0
1997-05-02 00:00:00-04:00,60.747423766367724,65.6508033974102,60.747423766367724,65.3783950805664,32460,0.0,0.0
1997-05-05 00:00:00-04:00,65.37840708776889,65.37840708776889,63.19912518885106,63.47153854370117,34380,0.0,0.0
1997-05-06 00:00:00-04:00,63.47155295504566,64.01636981249443,62.92673110961915,62.92673110961914,16500,0.0,0.0
1997-05-07 00:00:00-04:00,62.92670689950337,62.92670689950337,61.564655303955085,61.56465530395508,8610,0.0,0.0
1997-05-08 00:00:00-04:00,61.01983865611643,61.837068615850235,61.01983865611643,61.56465530395508,18150,0.0,0.0
1997-05-09 00:00:00-04:00,61.564655303955085,61.837068615850235,61.564655303955085,61.56465530395508,5280,0.0,0.0
1997-05-12 00:00:00-04:00,61.83709329203014,62.926732010505155,61.83709329203014,62.65432357788086,10110,0.0,0.0
1997-05-13 00:00:00-04:00,63.199113014575026,64.01634294574615,63.199113014575026,63.743934631347656,16260,0.0,0.0
1997-05-14 00:00:00-04:00,63.47155205419318,63.743960479051275,62.654321791641244,63.19913864135742,2100,0.0,0.0
1997-05-15 00:00:00-04:00,62.926716821977564,63.74394691057468,62.926716821977564,63.47153854370117,16230,0.0,0.0
1997-05-16 00:00:00-04:00,63.743960479051275,63.743960479051275,62.92673021649934,63.19913864135742,37770,0.0,0.0
1997-05-19 00:00:00-04:00,64.56117937551613,66.74046135464818,64.56117937551613,65.65081787109375,32580,0.0,0.0
1997-05-20 00:00:00-04:00,65.65083475189051,67.01288696256958,65.37842630494593,66.740478515625,13680,0.0,0.0
1997-05-21 00:00:00-04:00,67.01286234404806,67.55768402576412,66.74045399717816,67.28527069091797,17040,0.0,0.0
1997-05-22 00:00:00-04:00,67.28527926206533,68.91973952744326,67.01287088049465,67.8301010131836,19680,0.0,0.0
1997-05-23 00:00:00-04:00,67.5577079217898,67.5577079217898,65.92324728648825,67.01288604736328,10920,0.0,0.0
1997-05-27 00:00:00-04:00,66.74046135464818,66.74046135464818,65.10600111729335,65.65081787109375,47040,0.0,0.0
1997-05-28 00:00:00-04:00,64.8335894356676,65.65081957556248,64.8335894356676,65.10600280761719,30990,0.0,0.0
1997-05-29 00:00:00-04:00,65.42219561532131,65.69478643327935,64.87700898808782,65.14960479736328,14220,0.066667,0.0
1997-05-30 00:00:00-04:00,64.87700898808782,65.14960479736328,64.05923154289631,65.14960479736328,6810,0.0,0.0
1997-06-02 00:00:00-04:00,64.87701067976266,66.78516142917638,64.87701067976266,66.51256561279297,12270,0.0,0.0
1997-06-03 00:00:00-04:00,66.23999991928413,67.33036862455269,66.23999991928413,66.78518676757812,13980,0.0,0.0
1997-06-04 00:00:00-04:00,66.78517725749931,66.78517725749931,65.4222128265075,65.96739959716797,12120,0.0,0.0
1997-06-05 00:00:00-04:00,65.96738396266123,66.51256561279297,65.69478814627782,66.51256561279297,4560,0.0,0.0
1997-06-06 00:00:00-04:00,66.23997478772709,66.78516142917638,65.96738396266123,66.51256561279297,5100,0.0,0.0
1997-06-09 00:00:00-04:00,66.51258112300694,66.51258112300694,65.96739934574308,66.239990234375,53610,0.0,0.0
1997-06-10 00:00:00-04:00,66.239990234375,66.239990234375,65.96739934574308,66.239990234375,10350,0.0,0.0
1997-06-11 00:00:00-04:00,66.239990234375,66.239990234375,65.96739934574308,66.239990234375,6360,0.0,0.0
1997-06-12 00:00:00-04:00,65.96739959716797,66.23999048683883,65.69480371617837,65.96739959716797,15630,0.0,0.0
1997-06-13 00:00:00-04:00,66.23998038872001,66.51257123683509,65.69479370117188,65.69479370117188,16770,0.0,0.0
1997-06-16 00:00:00-04:00,65.42219543457031,65.96738206029752,65.42219543457031,65.42219543457031,10560,0.0,0.0
1997-06-17 00:00:00-04:00,65.69480371617837,66.23999048683883,65.69480371617837,65.96739959716797,2160,0.0,0.0
1997-06-18 00:00:00-04:00,65.96739959716797,66.23999048683883,65.96739959716797,65.96739959716797,3480,0.0,0.0
1997-06-19 00:00:00-04:00,65.42219952839177,67.05775451660156,65.42219952839177,67.05775451660156,58770,0.0,0.0
1997-06-20 00:00:00-04:00,65.96739934574308,66.239990234375,65.96739934574308,66.239990234375,8220,0.0,0.0
1997-06-23 00:00:00-04:00,65.96739959716797,66.23999048683883,65.4222128265075,65.96739959716797,11310,0.0,0.0
1997-06-24 00:00:00-04:00,66.239990234375,66.239990234375,65.96739934574308,66.239990234375,4050,0.0,0.0
1997-06-25 00:00:00-04:00,66.23998038872001,66.23998038872001,65.55850077277333,65.69479370117188,9420,0.0,0.0
1997-06-26 00:00:00-04:00,65.55849351995903,65.96738224255479,65.14960479736328,65.14960479736328,24660,0.0,0.0
1997-06-27 00:00:00-04:00,65.14960479736328,65.42219561532131,65.14960479736328,65.14960479736328,24180,0.0,0.0
1997-06-30 00:00:00-04:00,64.87702995665266,65.01332790534254,64.33184814453125,64.33184814453125,17850,0.0,0.0
1997-07-01 00:00:00-04:00,64.60442655897515,64.60442655897515,63.92294692993164,63.92294692993164,17700,0.0,0.0
1997-07-02 00:00:00-04:00,63.922980901194364,64.33186989418427,63.922980901194364,64.19557189941406,13560,0.0,0.0
1997-07-03 00:00:00-04:00,64.33183044150664,64.33183044150664,63.78664378809227,64.05923461914062,870,0.0,0.0
1997-07-07 00:00:00-04:00,64.33183570562136,64.60442655897515,63.92294692993164,63.92294692993164,6840,0.0,0.0
1997-07-08 00:00:00-04:00,63.92295266094721,65.1496190979932,63.92295266094721,64.74073028564453,12150,0.0,0.0
1997-07-09 00:00:00-04:00,64.46812008737702,65.42219543457031,64.46812008737702,65.42219543457031,10800,0.0,0.0
1997-07-10 00:00:00-04:00,65.42219952839177,67.05775451660156,65.42219952839177,67.05775451660156,147510,0.0,0.0
1997-07-11 00:00:00-04:00,67.33034307930812,67.33034307930812,66.51256561279297,66.51256561279297,7320,0.0,0.0
1997-07-14 00:00:00-04:00,66.51256561279297,66.78516142917638,66.3762726959188,66.51256561279297,11370,0.0,0.0
1997-07-15 00:00:00-04:00,66.78516246431414,66.92145538330078,66.23997581441473,66.92145538330078,3930,0.0,0.0
1997-07-16 00:00:00-04:00,67.05775225424225,67.33034307930812,66.3762726959188,66.51256561279297,9930,0.0,0.0
1997-07-17 00:00:00-04:00,66.64886915655161,66.78516707626814,65.69479370117188,65.69479370117188,12300,0.0,0.0
1997-07-18 00:00:00-04:00,66.23999446959428,66.23999446959428,64.0592522471515,64.33184814453125,4290,0.0,0.0
1997-07-21 00:00:00-04:00,63.786640548706046,65.96738206029752,63.24145392297883,65.42219543457031,7860,0.0,0.0
1997-07-22 00:00:00-04:00,65.83108827544422,67.19405242939162,65.69479036265416,67.05775451660156,315600,0.0,0.0
1997-07-23 00:00:00-04:00,67.0577782833215,67.60296513638995,66.51259143025304,67.46666717529297,29340,0.0,0.0
1997-07-24 00:00:00-04:00,67.46667344257148,67.46667344257148,66.10370867894822,66.37630462646484,17940,0.0,0.0
1997-07-25 00:00:00-04:00,66.5125976089032,66.5125976089032,65.96741569650986,66.37630462646484,10830,0.0,0.0
1997-07-28 00:00:00-04:00,66.10369229439968,66.64887906298226,65.96739934574308,66.239990234375,12540,0.0,0.0
1997-07-29 00:00:00-04:00,66.78516323798941,69.91997528076172,66.78516323798941,69.91997528076172,28170,0.0,0.0
1997-07-30 00:00:00-04:00,70.87407176796378,70.87407176796378,69.23851630402092,69.37480926513672,23700,0.0,0.0
1997-07-31 00:00:00-04:00,69.51109313964844,70.0562798476537,69.10220435647403,69.51109313964844,15810,0.0,0.0
1997-08-01 00:00:00-04:00,69.37479521481758,69.6473910644793,68.69331557329963,69.51109313964844,18450,0.0,0.0
1997-08-04 00:00:00-04:00,69.37476581005438,70.19254302978516,69.37476581005438,70.19254302978516,3960,0.0,0.0
1997-08-05 00:00:00-04:00,69.783699599806,69.783699599806,68.69333093133567,69.23851776123047,9840,0.0,0.0
1997-08-06 00:00:00-04:00,69.23849589807651,69.64738464355469,68.96590007354592,69.64738464355469,11190,0.0,0.0
1997-08-07 00:00:00-04:00,69.64736712905666,69.64736712905666,68.82958984375,68.82958984375,8370,0.0,0.0
1997-08-08 00:00:00-04:00,68.96588273042349,69.1021806084134,68.69329196576007,68.82958984375,8490,0.0,0.0
1997-08-11 00:00:00-04:00,69.23852129850266,69.51111223171661,68.0118546120606,68.14814758300781,9780,0.0,0.0
1997-08-12 00:00:00-04:00,68.01183985657505,68.14813279795287,67.33035518441216,67.60295104980469,88860,0.0,0.0
1997-08-13 00:00:00-04:00,67.60295104980469,68.55702160472322,67.60295104980469,67.60295104980469,20610,0.0,0.0
1997-08-14 00:00:00-04:00,67.8755634177517,68.14815437814605,67.73926544189453,67.73926544189453,17460,0.0,0.0
1997-08-15 00:00:00-04:00,67.73925254987266,68.01184844970703,67.73925254987266,68.01184844970703,31980,0.0,0.0
1997-08-18 00:00:00-04:00,68.14814581169784,68.42074172914599,67.33036804199219,67.33036804199219,12240,0.0,0.0
1997-08-19 00:00:00-04:00,67.60292391579,68.82958984375,67.60292391579,68.82958984375,15840,0.0,0.0
1997-08-20 00:00:00-04:00,68.82961173412093,69.23850050681607,68.42072296142578,68.42072296142578,19590,0.0,0.0
1997-08-21 00:00:00-04:00,67.87554168701172,68.01183961923235,67.6029508138889,67.87554168701172,29670,0.0,0.0
1997-08-22 00:00:00-04:00,67.87554432349248,67.87554432349248,65.42221139613733,66.10369110107422,30600,0.0,0.0
1997-08-25 00:00:00-04:00,66.10370282718361,67.3303695084591,66.10370282718361,67.19407653808594,6810,0.0,0.0
1997-08-26 00:00:00-04:00,66.92147915713936,67.73925692684502,66.64888823101062,67.33036804199219,17280,0.0,0.0
1997-08-27 00:00:00-04:00,67.19405242939162,67.19405242939162,66.9214566038115,67.05775451660156,6120,0.0,0.0
1997-08-28 00:00:00-04:00,66.6922378540039,66.96500607812206,66.55585124466191,66.6922378540039,10470,0.066667,0.0
1997-08-29 00:00:00-04:00,66.6922552949626,66.82864193997162,66.41948699951172,66.41948699951172,2760,0.0,0.0
1997-09-02 00:00:00-04:00,66.41947912762407,67.64694380352739,66.41947912762407,67.10140228271484,14580,0.0,0.0
1997-09-03 00:00:00-04:00,67.10142333488653,67.78334670392161,66.82865498618612,67.64696502685547,9450,0.0,0.0
1997-09-04 00:00:00-04:00,67.64696864915221,68.19250537576492,67.23781360690849,67.51058197021484,13800,0.0,0.0
1997-09-05 00:00:00-04:00,67.64696280041385,68.05611780728213,67.37418946612301,67.91973114013672,7530,0.0,0.0
1997-09-08 00:00:00-04:00,67.9197324771138,69.01081085205078,67.9197324771138,69.01081085205078,4710,0.0,0.0
1997-09-09 00:00:00-04:00,69.01076711936234,69.419921875,68.87438553052638,69.419921875,5070,0.0,0.0
1997-09-10 00:00:00-04:00,69.55635253680329,69.82912088189552,69.01081085205078,69.01081085205078,10710,0.0,0.0
1997-09-11 00:00:00-04:00,69.01081085205078,69.55635253680329,69.01081085205078,69.01081085205078,4950,0.0,0.0
1997-09-12 00:00:00-04:00,68.87441797855381,69.41995458003993,68.73803133089866,69.14718627929688,5250,0.0,0.0
1997-09-15 00:00:00-04:00,68.87441797855381,70.10188282374843,68.60164468324352,69.14718627929688,8550,0.0,0.0
1997-09-16 00:00:00-04:00,69.55636933792469,70.37467956542969,69.55636933792469,70.37467956542969,10800,0.0,0.0
1997-09-17 00:00:00-04:00,71.46572735245427,71.46572735245427,70.920190766003,71.329345703125,16350,0.0,0.0
1997-09-18 00:00:00-04:00,71.0565586431569,72.01125497625813,71.0565586431569,71.46571350097656,12630,0.0,0.0
1997-09-19 00:00:00-04:00,71.3293551296771,71.3293551296771,70.64742681464192,70.7838134765625,6990,0.0,0.0
1997-09-22 00:00:00-04:00,71.05653030704386,71.19291687011719,70.92014873853466,71.19291687011719,9240,0.0,0.0
1997-09-23 00:00:00-04:00,71.3293764957086,71.3293764957086,70.23829286265577,70.37467956542969,14730,0.0,0.0
1997-09-24 00:00:00-04:00,70.64740944048323,71.19295095943401,70.3746411782911,71.05656433105469,16260,0.0,0.0
1997-09-25 00:00:00-04:00,71.0565586431569,71.73848673590041,70.92017702026112,71.46571350097656,2220,0.0,0.0
1997-09-26 00:00:00-04:00,71.4656850016997,71.4656850016997,71.05653030704386,71.19291687011719,1290,0.0,0.0
1997-09-29 00:00:00-04:00,71.1929684677565,71.3293551296771,70.51104514728908,70.7838134765625,19860,0.0,0.0
1997-09-30 00:00:00-04:00,71.32934137632816,72.01126456531073,71.32934137632816,71.8748779296875,11220,0.0,0.0
1997-10-01 00:00:00-04:00,71.87488958737285,72.01127624511719,71.87488958737285,72.01127624511719,7440,0.0,0.0
1997-10-02 00:00:00-04:00,72.01125497625813,72.01125497625813,71.46571350097656,71.46571350097656,15270,0.0,0.0
1997-10-03 00:00:00-04:00,71.6021173455742,72.82958221435547,71.6021173455742,72.82958221435547,25920,0.0,0.0
1997-10-06 00:00:00-04:00,72.82956482798026,73.10233306884766,72.28402335167934,73.10233306884766,13800,0.0,0.0
1997-10-07 00:00:00-04:00,74.19342207501177,76.9211196899414,74.19342207501177,76.9211196899414,52410,0.0,0.0
1997-10-08 00:00:00-04:00,77.73943103467903,83.19483136863487,77.73943103467903,82.92205810546875,54510,0.0,0.0
1997-10-09 00:00:00-04:00,82.37653715176562,84.42230704511796,81.55822719659763,83.1948471069336,21300,0.0,0.0
1997-10-10 00:00:00-04:00,82.6492860556594,84.01313233082733,82.24013117419575,83.74036407470703,20100,0.0,0.0
1997-10-13 00:00:00-04:00,83.19484706371605,83.19484706371605,82.10376379434715,82.24015045166016,17280,0.0,0.0
1997-10-14 00:00:00-04:00,82.37654652912032,82.6493148803711,81.69461815914111,82.6493148803711,43920,0.0,0.0
1997-10-15 00:00:00-04:00,82.37655290955387,82.51293459845854,81.2854694309051,81.55824279785156,15300,0.0,0.0
1997-10-16 00:00:00-04:00,81.28543519663766,81.55820844870263,80.46712542957565,80.73989868164062,36780,0.0,0.0
1997-10-17 00:00:00-04:00,80.73991385769767,80.73991385769767,79.37606232471954,79.78521728515625,7950,0.0,0.0
1997-10-20 00:00:00-04:00,80.33074569951712,80.33074569951712,79.37604928382521,79.51243591308594,23190,0.0,0.0
1997-10-21 00:00:00-04:00,79.78520769061464,81.0126724243164,79.78520769061464,81.0126724243164,39180,0.0,0.0
1997-10-22 00:00:00-04:00,81.14905548095703,81.2854371156428,80.87628222245237,81.14905548095703,23580,0.0,0.0
1997-10-23 00:00:00-04:00,81.0126780630175,81.0126780630175,79.51244494892845,79.6488265991211,7620,0.0,0.0
1997-10-24 00:00:00-04:00,79.92157503886168,80.0579566466496,78.55772399902344,78.55772399902344,11130,0.0,0.0
1997-10-27 00:00:00-05:00,78.01220581850657,78.01220581850657,73.64788818359375,73.64788818359375,30240,0.0,0.0
1997-10-28 00:00:00-05:00,72.8295471680993,76.64832658708683,72.01123764935662,76.5119400024414,45480,0.0,0.0
1997-10-29 00:00:00-05:00,77.05749092647545,78.01218215398869,77.05749092647545,77.60302734375,24210,0.0,0.0
1997-10-30 00:00:00-05:00,76.37556057195692,76.37556057195692,75.42086937370703,75.5572509765625,7830,0.0,0.0
1997-10-31 00:00:00-05:00,75.830078125,76.23923321381373,75.6936914305391,75.830078125,14190,0.0,0.0
1997-11-03 00:00:00-05:00,76.10282282966799,77.19390106201172,75.69366786821816,77.19390106201172,32160,0.0,0.0
1997-11-04 00:00:00-05:00,77.6030506893472,78.4213605559996,77.46666904128317,77.87582397460938,8310,0.0,0.0
1997-11-05 00:00:00-05:00,77.87578788324878,78.28494262695312,77.87578788324878,78.28494262695312,11340,0.0,0.0
1997-11-06 00:00:00-05:00,78.14856918652853,78.55772399902344,78.14856918652853,78.55772399902344,8310,0.0,0.0
1997-11-07 00:00:00-05:00,78.28498533828848,78.28498533828848,74.19343566894531,74.19343566894531,23940,0.0,0.0
1997-11-10 00:00:00-05:00,74.466197579155,76.10281730616938,74.466197579155,75.9664306640625,10080,0.0,0.0
1997-11-11 00:00:00-05:00,76.10282282966799,77.19390106201172,76.10282282966799,77.19390106201172,8250,0.0,0.0
1997-11-12 00:00:00-05:00,76.9211337836516,77.05752043748554,74.19343566894531,74.19343566894531,14550,0.0,0.0
1997-11-13 00:00:00-05:00,74.1934242014007,75.01173400878906,74.1934242014007,75.01173400878906,14670,0.0,0.0
1997-11-14 00:00:00-05:00,75.28453634172539,76.10284651935284,75.28453634172539,75.830078125,3570,0.0,0.0
1997-11-17 00:00:00-05:00,76.10277563829494,76.78469848632812,75.96638907086259,76.78469848632812,3270,0.0,0.0
1997-11-18 00:00:00-05:00,77.05750016921559,77.05750016921559,74.73895263671875,74.73895263671875,25710,0.0,0.0
1997-11-19 00:00:00-05:00,74.73896617536666,75.5572760422304,74.73896617536666,75.28450775146484,11640,0.0,0.0
1997-11-20 00:00:00-05:00,75.28452296309584,76.37560134118323,75.28452296309584,76.23921966552734,14220,0.0,0.0
1997-11-21 00:00:00-05:00,76.23923321381373,76.64838830262745,75.830078125,75.830078125,24150,0.0,0.0
1997-11-24 00:00:00-05:00,75.96640538674158,75.96640538674158,73.64786320980652,73.9206314086914,19290,0.0,0.0
1997-11-25 00:00:00-05:00,74.19341105571759,76.64834004291524,74.19341105571759,75.4208755493164,39630,0.0,0.0
1997-11-26 00:00:00-05:00,75.3280747936618,76.28332378476287,75.3280747936618,76.14685821533203,6930,0.066667,0.0
1997-11-28 00:00:00-05:00,76.01042021150225,76.28335144934397,75.3281021118164,75.3281021118164,2190,0.0,0.0
1997-12-01 00:00:00-05:00,75.60100866985248,76.41979217529297,75.60100866985248,76.41979217529297,12720,0.0,0.0
1997-12-02 00:00:00-05:00,76.41979799715614,76.41979799715614,75.32808823921879,75.46455383300781,8430,0.0,0.0
1997-12-03 00:00:00-05:00,75.60100237031997,75.60100237031997,74.23636663993413,74.78221893310547,3930,0.0,0.0
1997-12-04 00:00:00-05:00,73.6905165573453,74.37283448927917,73.6905165573453,74.23637390136719,5520,0.0,0.0
1997-12-05 00:00:00-05:00,74.50930344364545,75.60101318359375,74.50930344364545,75.60101318359375,3750,0.0,0.0
1997-12-08 00:00:00-05:00,75.46454808391768,76.41979217529297,75.32808250052496,76.41979217529297,3780,0.0,0.0
1997-12-09 00:00:00-05:00,76.41980421087153,76.69273542064171,75.05516815185547,75.05516815185547,13470,0.0,0.0
1997-12-10 00:00:00-05:00,75.19165802001953,75.32812367801006,74.7822660435086,75.19165802001953,1560,0.0,0.0
1997-12-11 00:00:00-05:00,74.64580636187893,74.64580636187893,73.14469909667969,73.14469909667969,7800,0.0,0.0
1997-12-12 00:00:00-05:00,72.59879323830408,72.87171936035156,72.32586211879956,72.87171936035156,2460,0.0,0.0
1997-12-15 00:00:00-05:00,73.144650114672,73.144650114672,72.32586669921875,72.32586669921875,10200,0.0,0.0
1997-12-16 00:00:00-05:00,72.59881440860298,72.59881440860298,70.96124720387854,72.18942260742188,8460,0.0,0.0
1997-12-17 00:00:00-05:00,72.73527921100931,77.92091232373575,72.73527921100931,77.7844467163086,22680,0.0,0.0
1997-12-18 00:00:00-05:00,77.78443149082334,79.6949246335506,77.78443149082334,79.55846405029297,15030,0.0,0.0
1997-12-19 00:00:00-05:00,79.55846258247634,79.55846258247634,77.2385727404036,77.64796447753906,15930,0.0,0.0
1997-12-22 00:00:00-05:00,77.64797637932486,78.87615177898444,77.64797637932486,78.3302993774414,8580,0.0,0.0
1997-12-23 00:00:00-05:00,78.87616526437085,80.51373274389039,78.87616526437085,79.96788024902344,6300,0.0,0.0
1997-12-24 00:00:00-05:00,79.69490051269531,79.96783159151954,79.5584399707395,79.69490051269531,2040,0.0,0.0
1997-12-26 00:00:00-05:00,79.83138453247867,80.650167963581,79.83138453247867,80.51370239257812,1440,0.0,0.0
1997-12-29 00:00:00-05:00,80.78663353458388,80.78663353458388,79.96785010348154,80.51370239257812,6780,0.0,0.0
1997-12-30 00:00:00-05:00,80.51371295434055,81.33249649285065,80.51371295434055,81.0595703125,8040,0.0,0.0
1997-12-31 00:00:00-05:00,80.78665161132812,81.05957781694613,80.37725980417184,80.78665161132812,8160,0.0,0.0
1998-01-02 00:00:00-05:00,80.78661483307961,81.19600645385965,79.42197443132738,79.69490051269531,6480,0.0,0.0
1998-01-05 00:00:00-05:00,79.69493690774469,79.69493690774469,78.60322708625512,78.73969268798828,3360,0.0,0.0
1998-01-06 00:00:00-05:00,78.60322557821291,78.60322557821291,78.05736817921138,78.3302993774414,6810,0.0,0.0
1998-01-07 00:00:00-05:00,78.057373046875,78.057373046875,77.78444682908378,78.057373046875,5670,0.0,0.0
1998-01-08 00:00:00-05:00,78.05738203291493,78.60323952879581,77.78445578370419,78.19384765625,6150,0.0,0.0
1998-01-09 00:00:00-05:00,78.46677534096524,79.01263284683228,78.19384908676147,78.60324096679688,19380,0.0,0.0
1998-01-12 00:00:00-05:00,78.3302993774414,78.73969117732793,77.51151577766835,78.3302993774414,10680,0.0,0.0
1998-01-13 00:00:00-05:00,78.19383100818497,80.2407899351008,78.19383100818497,80.10432434082031,8790,0.0,0.0
1998-01-14 00:00:00-05:00,80.37729644827489,80.78668844207347,79.96790445447631,80.65022277832031,6630,0.0,0.0
1998-01-15 00:00:00-05:00,80.78661483307961,80.78661483307961,79.5584399707395,79.69490051269531,3540,0.0,0.0
1998-01-16 00:00:00-05:00,79.69495098107144,79.69495098107144,78.60324096679688,78.60324096679688,25200,0.0,0.0
1998-01-20 00:00:00-05:00,78.3303147125931,79.69495098107144,78.05738346092984,78.60324096679688,8970,0.0,0.0
1998-01-21 00:00:00-05:00,78.87615797272912,78.87615797272912,77.51152186425507,77.92091369628906,10620,0.0,0.0
1998-01-22 00:00:00-05:00,77.78444682908378,78.19383865450001,77.51152061129257,78.057373046875,3840,0.0,0.0
1998-01-23 00:00:00-05:00,77.78440832144706,77.78440832144706,77.23855115863567,77.51148223876953,8760,0.0,0.0
1998-01-26 00:00:00-05:00,77.5115143121389,77.5115143121389,75.87394714355469,75.87394714355469,3510,0.0,0.0
1998-01-27 00:00:00-05:00,76.01040165350167,76.4197934128517,76.01040165350167,76.28333282470703,19320,0.0,0.0
1998-01-28 00:00:00-05:00,76.01040196379729,76.82918548583984,75.73747578893578,76.82918548583984,15510,0.0,0.0
1998-01-29 00:00:00-05:00,81.8783557488097,86.24520472038503,81.8783557488097,86.10873413085938,112410,0.0,0.0
1998-01-30 00:00:00-05:00,85.83580965643554,88.42862082427402,85.15348671967128,86.79105377197266,34830,0.0,0.0
1998-02-02 00:00:00-05:00,87.33689242644115,89.65678205165331,87.33689242644115,88.7015380859375,49140,0.0,0.0
1998-02-03 00:00:00-05:00,87.88277462348947,88.56508761309864,87.88277462348947,88.42862701416016,26670,0.0,0.0
1998-02-04 00:00:00-05:00,88.56511136267486,91.02146277176217,88.56511136267486,90.88500213623047,17640,0.0,0.0
1998-02-05 00:00:00-05:00,91.02144473788312,91.02144473788312,90.06620048858277,90.61205291748047,18060,0.0,0.0
1998-02-06 00:00:00-05:00,90.33910813424521,90.33910813424521,89.24739356632163,89.52032470703125,10440,0.0,0.0
1998-02-09 00:00:00-05:00,89.52036579615512,90.88500213623047,89.38389516570396,90.88500213623047,23880,0.0,0.0
1998-02-10 00:00:00-05:00,90.88499467573004,91.43084716796875,90.61206343215136,91.43084716796875,38880,0.0,0.0
1998-02-11 00:00:00-05:00,91.15789156145917,91.15789156145917,89.24739356632163,89.52032470703125,20520,0.0,0.0
1998-02-12 00:00:00-05:00,90.06617699353559,90.06617699353559,88.70154127981729,89.52032470703125,17820,0.0,0.0
1998-02-13 00:00:00-05:00,89.52031870203847,89.9297103881836,89.24738757963698,89.9297103881836,3780,0.0,0.0
1998-02-17 00:00:00-05:00,90.33914959918422,91.29439403774502,89.92975769766967,90.88500213623047,14790,0.0,0.0
1998-02-18 00:00:00-05:00,90.33911290345218,91.02142579887473,90.33911290345218,90.74850463867188,6900,0.0,0.0
1998-02-19 00:00:00-05:00,91.02139571730899,91.56725784714413,91.02139571730899,91.29432678222656,9510,0.0,0.0
1998-02-20 00:00:00-05:00,92.24960637447651,93.61425223458987,92.24960637447651,93.06838989257812,25140,0.0,0.0
1998-02-23 00:00:00-05:00,93.61425223458987,93.61425223458987,92.79546871648824,93.06838989257812,50430,0.0,0.0
1998-02-24 00:00:00-05:00,93.34131611674783,95.52473538433152,93.06838496020657,94.84242248535156,23430,0.0,0.0
1998-02-25 00:00:00-05:00,95.38824514161007,96.88935104343022,95.25178460323092,95.93409729003906,14940,0.0,0.0
1998-02-26 00:00:00-05:00,95.99968189721793,96.13624572753906,95.59001040974509,96.13624572753906,4980,0.1,0.0
1998-02-27 00:00:00-05:00,96.13625642040613,96.13625642040613,94.90724182128906,94.90724182128906,9540,0.0,0.0
1998-03-02 00:00:00-05:00,94.90725346552621,95.86315049264813,94.90725346552621,95.31692504882812,15420,0.0,0.0
1998-03-03 00:00:00-05:00,95.04377486127878,95.04377486127878,92.8588638305664,92.8588638305664,35880,0.0,0.0
1998-03-04 00:00:00-05:00,92.99541764444086,92.99541764444086,92.44919238719883,92.8588638305664,6930,0.0,0.0
1998-03-05 00:00:00-05:00,92.85887618993509,92.85887618993509,91.49329786245737,91.90296936035156,12420,0.0,0.0
1998-03-06 00:00:00-05:00,91.6298727105792,93.26855889913354,91.4933088603685,92.58576965332031,15150,0.0,0.0
1998-03-09 00:00:00-05:00,92.58574551687737,92.58574551687737,92.03952026367188,92.03952026367188,3060,0.0,0.0
1998-03-10 00:00:00-05:00,92.31266354928654,93.13200674647473,92.03955581805582,92.99545288085938,7080,0.0,0.0
1998-03-11 00:00:00-05:00,93.26853458469236,93.67820602503252,92.03952026367188,92.03952026367188,15600,0.0,0.0
1998-03-12 00:00:00-05:00,92.31265195464567,92.58576965332031,91.76642655904314,92.58576965332031,14850,0.0,0.0
1998-03-13 00:00:00-05:00,92.85889554901664,95.31692504882812,92.85889554901664,95.31692504882812,6840,0.0,0.0
1998-03-16 00:00:00-05:00,94.77066398077754,96.68246751988805,94.77066398077754,96.54591369628906,21180,0.0,0.0
1998-03-17 00:00:00-05:00,96.13630074445129,101.59858703613281,96.13630074445129,101.59858703613281,12210,0.0,2.0
1998-03-18 00:00:00-05:00,101.59855718808427,101.59855718808427,99.68675304686558,101.325439453125,8850,0.0,0.0
1998-03-19 00:00:00-05:00,101.32538442997128,101.32538442997128,99.68669891357422,99.68669891357422,12405,0.0,0.0
1998-03-20 00:00:00-05:00,98.32115294132642,99.14049588250414,96.68246705897099,98.86737823486328,13680,0.0,0.0
1998-03-23 00:00:00-05:00,99.68669891357422,100.50604167177275,99.14047374202273,99.68669891357422,9600,0.0,0.0
1998-03-24 00:00:00-05:00,99.95982580566407,102.69097192115412,98.32114013671875,102.41785430908203,16725,0.0,0.0
1998-03-25 00:00:00-05:00,104.05657259269546,105.96837647293353,101.8716610165282,103.78345489501953,21300,0.0,0.0
1998-03-26 00:00:00-05:00,103.23721373550535,104.60278201184829,102.96409607953868,104.05655670166016,15930,0.0,0.0
1998-03-27 00:00:00-05:00,104.60280436786428,104.87592208220246,103.78346122659707,104.32969665527344,6540,0.0,0.0
1998-03-30 00:00:00-05:00,104.05657211203568,104.32968980845001,102.964111328125,102.964111328125,6240,0.0,0.0
1998-03-31 00:00:00-05:00,103.51032958515759,103.78343723461317,102.14475133089957,102.69098663330078,12885,0.0,0.0
1998-04-01 00:00:00-05:00,103.78345411638574,105.42214028665366,103.51034642250552,105.14903259277344,2610,0.0,0.0
1998-04-02 00:00:00-05:00,105.6952361286129,105.96835376776966,104.60277557373047,104.60277557373047,5640,0.0,0.0
1998-04-03 00:00:00-05:00,105.14904274328985,107.06083679199219,104.60280729930551,107.06083679199219,21195,0.0,0.0
1998-04-06 00:00:00-04:00,107.60706265549565,107.88017035142487,103.23722950141439,103.78345489501953,5700,0.0,0.0
1998-04-07 00:00:00-04:00,103.2372131180287,103.51033077236181,101.87164484985342,102.1447525024414,11520,0.0,0.0
1998-04-08 00:00:00-04:00,102.41790039121398,102.96412585938442,101.325439453125,101.325439453125,2205,0.0,0.0
1998-04-09 00:00:00-04:00,101.87164545916241,104.87589966781496,101.87164545916241,104.05655670166016,11415,0.0,0.0
1998-04-13 00:00:00-04:00,103.78340514378652,104.05652271053656,100.50603434975388,100.7791519165039,7350,0.0,0.0
1998-04-14 00:00:00-04:00,100.506066579933,102.1447525024414,100.23295892734504,102.1447525024414,15195,0.0,0.0
1998-04-15 00:00:00-04:00,101.05232169498612,102.14477252295008,98.32117462158203,98.32117462158203,13680,0.0,0.0
1998-04-16 00:00:00-04:00,98.32118822180706,98.32118822180706,93.95135430025503,94.22447204589844,20655,0.0,0.0
1998-04-17 00:00:00-04:00,94.2244421202561,97.22869636118975,93.40509914529736,95.04378509521484,22005,0.0,0.0
1998-04-20 00:00:00-04:00,95.59000647015239,98.86737823486327,95.59000647015239,98.86737823486328,13755,0.0,0.0
1998-04-21 00:00:00-04:00,99.68672117604099,99.68672117604099,98.86737823486327,98.86737823486328,16410,0.0,0.0
1998-04-22 00:00:00-04:00,101.59854284954665,104.05657211203568,101.59854284954665,102.964111328125,33330,0.0,0.0
1998-04-23 00:00:00-04:00,104.05653997802735,104.8758828125,101.59851147460937,102.41785430908203,22440,0.0,0.0
1998-04-24 00:00:00-04:00,101.59851825875053,102.14474351762476,99.14048959120011,100.50605773925781,7110,0.0,0.0
1998-04-27 00:00:00-04:00,100.50607742283778,100.50607742283778,94.22445070945611,96.68247985839844,12975,0.0,0.0
1998-04-28 00:00:00-04:00,95.59000647015239,98.86737823486327,95.59000647015239,98.86737823486328,10770,0.0,0.0
1998-04-29 00:00:00-04:00,98.32118300140881,99.95986938476562,98.32118300140881,99.95986938476562,17715,0.0,0.0
1998-04-30 00:00:00-04:00,100.50605579250576,100.50605579250576,98.86737004587934,99.14048767089844,4950,0.0,0.0
1998-05-01 00:00:00-04:00,98.5942994841425,99.14052493776244,95.59003448486328,95.59003448486328,9360,0.0,0.0
1998-05-04 00:00:00-04:00,96.68247975840717,98.04804817249187,96.68247975840717,97.77494049072266,3780,0.0,0.0
1998-05-05 00:00:00-04:00,98.04804827389543,98.04804827389543,96.13625449254887,96.68247985839844,6240,0.0,0.0
1998-05-06 00:00:00-04:00,97.22869636118975,97.77493167899244,94.7706674363135,95.04378509521484,14430,0.0,0.0
1998-05-07 00:00:00-04:00,95.59003355916985,97.22871990590848,95.31692583587856,96.95561218261719,8760,0.0,0.0
1998-05-08 00:00:00-04:00,96.95562118193135,97.7749644313512,95.31693468309166,96.40938568115234,5160,0.0,0.0
1998-05-11 00:00:00-04:00,96.4093776661671,96.95561312153485,95.31692675892721,95.59003448486328,2475,0.0,0.0
1998-05-12 00:00:00-04:00,94.49758911132812,95.59004008254108,94.22447136765068,94.49758911132812,9285,0.0,0.0
1998-05-13 00:00:00-04:00,93.95130992282684,97.7749165487792,93.95130992282684,94.7706527709961,25230,0.0,0.0
1998-05-14 00:00:00-04:00,95.04380634852818,95.86314950670516,91.76643371582031,91.76643371582031,20040,0.0,0.0
1998-05-15 00:00:00-04:00,91.7664190679811,93.13198744638693,90.67395836420887,91.49330139160156,15930,0.0,0.0
1998-05-18 00:00:00-04:00,91.49328568484499,94.49754960403673,90.94706042760296,92.8588638305664,23805,0.0,0.0
1998-05-19 00:00:00-04:00,93.4051288107167,94.49758979154183,92.31266782989158,94.22447204589844,35685,0.0,0.0
1998-05-20 00:00:00-04:00,93.95135362397323,94.49758911132812,93.40512813836676,94.49758911132812,50385,0.0,0.0
1998-05-21 00:00:00-04:00,94.22447204589844,95.04381528108016,93.95135430025503,94.22447204589844,29595,0.0,0.0
1998-05-22 00:00:00-04:00,92.58578490908285,94.77069685325716,92.58578490908285,94.49758911132812,10050,0.0,0.0
1998-05-26 00:00:00-04:00,97.228699297659,98.32115996451324,96.95559163225464,98.04804229736328,18945,0.0,0.0
1998-05-27 00:00:00-04:00,96.13626994023103,96.13626994023103,92.85889721501574,95.59003448486328,15945,0.0,0.0
1998-05-28 00:00:00-04:00,95.65561452838415,96.74882492589691,95.10901433393255,96.20222473144531,5790,0.1,0.0
1998-05-29 00:00:00-04:00,97.29543851096437,99.2085544677584,97.29543851096437,98.93524932861328,8595,0.0,0.0
1998-06-01 00:00:00-04:00,98.38865896121796,99.48186961921324,96.74884797853099,97.29544830322266,9225,0.0,0.0
1998-06-02 00:00:00-04:00,96.20221163008556,96.4755066857877,95.10900138145233,95.65560150146484,30735,0.0,0.0
1998-06-03 00:00:00-04:00,95.65559662199443,96.7488068148621,95.65559662199443,95.92890167236328,14565,0.0,0.0
1998-06-04 00:00:00-04:00,95.38230723257352,97.02211761474608,95.38230723257352,97.0221176147461,16665,0.0,0.0
1998-06-05 00:00:00-04:00,96.47550176449326,96.7488068148621,95.92890167236328,95.92890167236328,23445,0.0,0.0
1998-06-08 00:00:00-04:00,96.20220672273211,96.47550176449326,95.92890167236328,95.92890167236328,4530,0.0,0.0
1998-06-09 00:00:00-04:00,96.47551982436633,96.47551982436633,95.92891962991473,96.20222473144531,11895,0.0,0.0
1998-06-10 00:00:00-04:00,97.29540826115525,98.93521856897588,97.02211321559037,98.38861846923828,36525,0.0,0.0
1998-06-11 00:00:00-04:00,98.38862120775147,99.48183144626252,97.8420210928,98.66192626953125,30825,0.0,0.0
1998-06-12 00:00:00-04:00,98.66194434347987,101.1216603242707,98.66194434347987,99.48184967041016,27975,0.0,0.0
1998-06-15 00:00:00-04:00,99.48183144626252,100.84833673794525,98.38862120775147,98.66192626953125,16755,0.0,0.0
1998-06-16 00:00:00-04:00,98.38864220923715,101.94156873632969,98.11533708911918,101.39495849609375,25965,0.0,0.0
1998-06-17 00:00:00-04:00,102.48816693012161,103.85467248631988,102.21486181543793,103.0347671508789,13920,0.0,0.0
1998-06-18 00:00:00-04:00,103.03470130254124,108.77403498268339,103.03470130254124,108.50074005126953,28830,0.0,0.0
1998-06-19 00:00:00-04:00,109.0473880908014,112.3270087852616,107.95417785644531,107.95417785644531,20685,0.0,0.0
1998-06-22 00:00:00-04:00,108.50080815171536,108.50080815171536,104.9478817359109,107.13429260253906,9435,0.0,0.0
1998-06-23 00:00:00-04:00,107.68089294433594,109.32070344598263,106.86098769351258,107.68089294433594,14730,0.0,0.0
1998-06-24 00:00:00-04:00,107.68087455199657,111.50709506610153,106.58766440142058,110.96049499511719,37620,0.0,0.0
1998-06-25 00:00:00-04:00,111.50707083935276,111.50707083935276,109.32066102184167,109.59395599365234,2415,0.0,0.0
1998-06-26 00:00:00-04:00,109.86726826832707,110.41386825684317,108.22745829417293,109.04736328125,4320,0.0,0.0
1998-06-29 00:00:00-04:00,108.50081161551608,110.41391743166136,107.13429602271488,109.86731719970703,7905,0.0,0.0
1998-06-30 00:00:00-04:00,110.41388094746321,112.87359619140625,109.86728089612262,112.87359619140625,16935,0.0,0.0
1998-07-01 00:00:00-04:00,113.14692958169799,114.24013996699968,112.8736244832202,113.42023468017578,13875,0.0,0.0
1998-07-02 00:00:00-04:00,113.14692958169799,114.24013996699968,112.60032939335187,113.42023468017578,3855,0.0,0.0
1998-07-06 00:00:00-04:00,113.14694435371047,113.14694435371047,112.0537338256836,112.0537338256836,16800,0.0,0.0
1998-07-07 00:00:00-04:00,111.50709506610153,113.14690528766185,110.9604949951172,110.96049499511719,11670,0.0,0.0
1998-07-08 00:00:00-04:00,111.50709506610153,111.50709506610153,110.41388491552556,110.96049499511719,6000,0.0,0.0
1998-07-09 00:00:00-04:00,113.14688070463735,113.14688070463735,109.32066102184167,109.59395599365234,5910,0.0,0.0
1998-07-10 00:00:00-04:00,109.59401280158097,112.87363423213812,109.59401280158097,112.32703399658203,2745,0.0,0.0
1998-07-13 00:00:00-04:00,112.87362369067269,114.78673934936523,111.50711822509766,111.50711822509766,12945,0.0,0.0
1998-07-14 00:00:00-04:00,111.50710444619432,111.50710444619432,108.77408384415351,109.32069396972656,3510,0.0,0.0
1998-07-15 00:00:00-04:00,109.86729408669146,109.86729408669146,107.6808836102237,109.32069396972656,10950,0.0,0.0
1998-07-16 00:00:00-04:00,108.77407947870869,110.96049987603669,108.77407947870869,110.68719482421875,4410,0.0,0.0
1998-07-17 00:00:00-04:00,110.14059472919062,110.96049987603669,109.32068958234456,110.68719482421875,5745,0.0,0.0
1998-07-20 00:00:00-04:00,109.59397980474539,110.9604949951172,109.32068477355688,110.96049499511719,6405,0.0,0.0
1998-07-21 00:00:00-04:00,112.05373172349752,114.78675298798643,112.05373172349752,113.69354248046875,11985,0.0,0.0
1998-07-22 00:00:00-04:00,113.14688070463735,113.69348065686384,109.32066102184167,109.59395599365234,4200,0.0,0.0
1998-07-23 00:00:00-04:00,110.96049251154959,113.14690275515703,110.687187477871,111.2337875366211,24135,0.0,0.0
1998-07-24 00:00:00-04:00,111.78040010589736,113.14690528766185,109.86728484454122,110.96049499511719,8430,0.0,0.0
1998-07-27 00:00:00-04:00,110.41386825684317,110.41386825684317,109.04736328125,109.04736328125,27345,0.0,0.0
1998-07-28 00:00:00-04:00,109.32064486271841,109.32064486271841,108.22743511125202,108.50074005126953,14385,0.0,0.0
1998-07-29 00:00:00-04:00,108.50075608919937,109.59395599365234,108.50075608919937,109.59395599365234,1470,0.0,0.0
1998-07-30 00:00:00-04:00,109.04743433655459,109.04743433655459,104.40130638523631,106.86102294921875,13170,0.0,0.0
1998-07-31 00:00:00-04:00,105.76780436280576,107.40761528315933,105.49449920654297,105.49449920654297,12915,0.0,0.0
1998-08-03 00:00:00-04:00,104.94789395591086,106.58770479897197,104.94789395591086,105.7677993774414,9450,0.0,0.0
1998-08-04 00:00:00-04:00,105.22116724104487,106.86097758761383,102.7614517211914,102.7614517211914,10425,0.0,0.0
1998-08-05 00:00:00-04:00,102.76143367474377,103.85463370806873,101.6682236328125,102.48812866210938,20715,0.0,0.0
1998-08-06 00:00:00-04:00,102.21482259614822,104.9478426685094,102.21482259614822,104.6745376586914,3690,0.0,0.0
1998-08-07 00:00:00-04:00,104.94789395591086,106.58770479897197,104.40129367776086,105.7677993774414,12240,0.0,0.0
1998-08-10 00:00:00-04:00,106.31440458956563,106.31440458956563,102.76148760378567,104.40129852294922,5505,0.0,0.0
1998-08-11 00:00:00-04:00,103.3080879822754,105.49449920654297,98.38865522121466,105.49449920654297,26040,0.0,0.0
1998-08-12 00:00:00-04:00,105.22118684746815,107.40759771409631,105.22118684746815,107.13429260253906,14925,0.0,0.0
1998-08-13 00:00:00-04:00,106.86096399460249,106.86096399460249,104.94784883075623,106.3143539428711,12405,0.0,0.0
1998-08-14 00:00:00-04:00,106.04105303786744,108.77406311035158,106.04105303786744,108.77406311035156,11655,0.0,0.0
1998-08-17 00:00:00-04:00,106.0410692760814,107.1342694690358,106.0410692760814,106.5876693725586,5175,0.0,0.0
1998-08-18 00:00:00-04:00,107.13429602271488,109.86731719970703,107.13429602271488,109.86731719970703,7950,0.0,0.0
1998-08-19 00:00:00-04:00,109.3207169677527,110.96052767222595,108.2275064952338,109.86731719970703,11295,0.0,0.0
1998-08-20 00:00:00-04:00,109.32069396972656,110.41389420365637,109.32069396972656,109.32069396972656,6660,0.0,0.0
1998-08-21 00:00:00-04:00,108.77406925496591,110.41387939453126,108.77406925496591,110.41387939453125,9330,0.0,0.0
1998-08-24 00:00:00-04:00,110.68718995532137,113.14690528766185,110.68718995532137,110.96049499511719,12210,0.0,0.0
1998-08-25 00:00:00-04:00,110.96051394762932,112.0537142763211,107.68089294433594,107.68089294433594,8910,0.0,0.0
1998-08-26 00:00:00-04:00,104.94789395591086,106.31439965559142,104.94789395591086,105.7677993774414,15315,0.0,0.0
1998-08-27 00:00:00-04:00,104.9478817359109,107.68090282565356,104.40128152140635,107.13429260253906,23940,0.0,0.0
1998-08-28 00:00:00-04:00,107.47339737438644,108.29380498793138,101.18360900878906,101.18360900878906,120375,0.1,0.0
1998-08-31 00:00:00-04:00,100.91012358054137,100.91012358054137,94.34686351026225,95.98767852783203,44115,0.0,0.0
1998-09-01 00:00:00-04:00,94.07341310904644,94.62035825325823,91.06525487485139,94.34688568115234,88215,0.0,0.0
1998-09-02 00:00:00-04:00,94.62035058116551,97.35503602151843,94.34687803123356,97.08157348632812,27675,0.0,0.0
1998-09-03 00:00:00-04:00,97.0815941692447,97.35505676269533,96.26118635940529,97.35505676269531,46485,0.0,0.0
1998-09-04 00:00:00-04:00,97.35502936086782,98.17543693979295,97.35502936086782,97.62850189208984,14070,0.0,0.0
1998-09-08 00:00:00-04:00,98.72237330145488,102.82441083455218,98.72237330145488,102.2774658203125,16980,0.0,0.0
1998-09-09 00:00:00-04:00,101.7305499973627,105.01218064243892,101.7305499973627,103.09789276123047,18690,0.0,0.0
1998-09-10 00:00:00-04:00,102.00394407558915,102.27740640911934,100.63659234900119,100.91006469726562,31680,0.0,0.0
1998-09-11 00:00:00-04:00,100.6366195678711,101.7304992420528,100.6366195678711,100.6366195678711,33930,0.0,0.0
1998-09-14 00:00:00-04:00,101.73052128025743,103.09786365814354,100.08970642089844,100.08970642089844,31575,0.0,0.0
1998-09-15 00:00:00-04:00,100.36317460306282,100.36317460306282,98.44888734423424,99.26929473876953,13425,0.0,0.0
1998-09-16 00:00:00-04:00,99.81626509824501,103.91830352714197,99.54280254614673,103.37136840820312,12675,0.0,0.0
1998-09-17 00:00:00-04:00,102.27743407177518,102.27743407177518,100.08968473814873,100.6366195678711,5790,0.0,0.0
1998-09-18 00:00:00-04:00,100.08968473814873,100.6366195678711,100.08968473814873,100.6366195678711,13065,0.0,0.0
1998-09-21 00:00:00-04:00,100.36320402654493,100.36320402654493,97.08157348632812,97.08157348632812,4380,0.0,0.0
1998-09-22 00:00:00-04:00,97.62852545472144,98.17546063442727,95.98770990086058,96.5346450805664,11100,0.0,0.0
1998-09-23 00:00:00-04:00,97.62848721110623,101.1835895234266,97.62848721110623,100.3631820678711,21750,0.0,0.0
1998-09-24 00:00:00-04:00,100.08971785741501,100.08971785741501,98.17543029785156,98.17543029785156,6885,0.0,0.0
1998-09-25 00:00:00-04:00,98.72237532329271,98.72237532329271,97.6284952871507,98.17543029785156,13740,0.0,0.0
1998-09-28 00:00:00-04:00,98.44888191610558,99.26928926540646,97.35500211212502,97.90194702148438,15285,0.0,0.0
1998-09-29 00:00:00-04:00,97.62847994969896,99.26929473876953,97.62847994969896,99.26929473876953,12375,0.0,0.0
1998-09-30 00:00:00-04:00,98.72235437078525,99.54276172008613,97.90194702148438,97.90194702148438,37470,0.0,0.0
1998-10-01 00:00:00-04:00,97.35503183013857,97.35503183013857,93.5264663696289,93.5264663696289,14745,0.0,0.0
1998-10-02 00:00:00-04:00,94.07336956956323,94.3468420150993,90.7917402820815,92.97949981689453,11850,0.0,0.0
1998-10-05 00:00:00-04:00,92.97953535271827,92.97953535271827,91.06524753182018,91.6121826171875,29925,0.0,0.0
1998-10-06 00:00:00-04:00,91.88564197706971,91.88564197706971,91.33870697021484,91.33870697021484,20040,0.0,0.0
1998-10-07 00:00:00-04:00,91.61218743710455,91.61218743710455,81.49382773701028,82.86117553710938,17415,0.0,0.0
1998-10-08 00:00:00-04:00,81.76727200367763,82.0407394661082,76.02442024105005,80.12645721435547,11040,0.0,0.0
1998-10-09 00:00:00-04:00,80.39992807165083,84.50196521816363,80.39992807165083,84.2284927368164,16680,0.0,0.0
1998-10-12 00:00:00-04:00,85.3223648071289,87.09991073569802,85.3223648071289,85.3223648071289,6945,0.0,0.0
1998-10-13 00:00:00-04:00,85.32239271376524,86.68973541259766,85.32239271376524,86.68973541259766,9825,0.0,0.0
1998-10-14 00:00:00-04:00,87.23664762859966,90.244804438297,86.41624031552423,89.15092468261719,5295,0.0,0.0
1998-10-15 00:00:00-04:00,89.6979078342132,92.4325933679614,89.6979078342132,91.88565826416016,6150,0.0,0.0
1998-10-16 00:00:00-04:00,92.97955336874602,94.62036895751953,92.97955336874602,94.62036895751953,10860,0.0,0.0
1998-10-19 00:00:00-04:00,94.07338411382531,99.54277378171774,94.07338411382531,98.72236633300781,12180,0.0,0.0
1998-10-20 00:00:00-04:00,99.81624330045412,104.4652258477911,99.81624330045412,102.2774658203125,27780,0.0,0.0
1998-10-21 00:00:00-04:00,102.27747915035472,102.55095169311683,100.63666392326486,101.18360900878906,4260,0.0,0.0
1998-10-22 00:00:00-04:00,100.63668751934198,101.7305679321289,99.54281712129877,101.7305679321289,12585,0.0,0.0
1998-10-23 00:00:00-04:00,101.1836327331073,101.7305679321289,98.17546410162917,101.7305679321289,9180,0.0,0.0
1998-10-26 00:00:00-05:00,102.27750313115051,102.27750313115051,100.36322492720304,101.7305679321289,21480,0.0,0.0
1998-10-27 00:00:00-05:00,101.45709532524624,102.27750313115051,100.36322492720304,101.7305679321289,19500,0.0,0.0
1998-10-28 00:00:00-05:00,101.73055303664435,103.64484097504368,101.4570804698038,103.37136840820312,10005,0.0,0.0
1998-10-29 00:00:00-05:00,102.2774662172902,105.55909625650528,102.2774662172902,105.01216125488281,6795,0.0,0.0
1998-10-30 00:00:00-05:00,105.01213626850625,107.19988576918755,105.01213626850625,106.37947845458984,7260,0.0,0.0
1998-11-02 00:00:00-05:00,107.4733278873679,109.38761441953545,105.83251372114854,108.56720733642578,4485,0.0,0.0
1998-11-03 00:00:00-05:00,108.29381159425692,108.84074669840483,107.47340393066406,107.47340393066406,5310,0.0,0.0
1998-11-04 00:00:00-05:00,106.92642871775057,108.84070587158203,106.92642871775057,108.84070587158203,4890,0.0,0.0
1998-11-05 00:00:00-05:00,108.29379102383673,111.30194854736328,108.29379102383673,111.30194854736328,17670,0.0,0.0
1998-11-06 00:00:00-05:00,110.75505065917969,110.75505065917969,109.66117027738443,110.75505065917969,10890,0.0,0.0
1998-11-09 00:00:00-05:00,109.66112053963516,111.57540783584946,109.38765807927518,111.02847290039062,5145,0.0,0.0
1998-11-10 00:00:00-05:00,110.48155170289787,112.12236687677625,110.48155170289787,111.57543182373047,2580,0.0,0.0
1998-11-11 00:00:00-05:00,110.48152795019287,111.30193536075059,110.48152795019287,111.02847290039062,8745,0.0,0.0
1998-11-12 00:00:00-05:00,111.30194854736328,112.12235605511961,111.02848605460456,111.30194854736328,11100,0.0,0.0
1998-11-13 00:00:00-05:00,113.48971494893297,113.48971494893297,111.0284922874964,111.8488998413086,9630,0.0,0.0
1998-11-16 00:00:00-05:00,111.84888031094833,111.84888031094833,109.93459301473403,111.02847290039062,13140,0.0,0.0
1998-11-17 00:00:00-05:00,111.57542105486209,113.21623607037476,111.02848605460456,111.30194854736328,10590,0.0,0.0
1998-11-18 00:00:00-05:00,111.30194380021356,112.94275874574369,110.48153632744851,112.66929626464844,15060,0.0,0.0
1998-11-19 00:00:00-05:00,113.21622554234095,114.85704040527344,112.9427530602725,114.85704040527344,11730,0.0,0.0
1998-11-20 00:00:00-05:00,114.3100936484078,115.13050099513146,112.6692789549605,112.94274139404297,8445,0.0,0.0
1998-11-23 00:00:00-05:00,112.94272353347068,112.94272353347068,109.38763226968976,109.66109466552734,7650,0.0,0.0
1998-11-24 00:00:00-05:00,109.93456583811825,109.93456583811825,108.84068622287657,109.1141586303711,8895,0.0,0.0
1998-11-25 00:00:00-05:00,109.11420058391963,109.11420058391963,107.19991302490234,107.19991302490234,14355,0.0,0.0
1998-11-27 00:00:00-05:00,107.26554497987254,107.26554497987254,106.17100524902342,106.17100524902344,3690,0.1,0.0
1998-11-30 00:00:00-05:00,106.7183334108383,106.99197350346617,102.88742221843393,103.4346923828125,11040,0.0,0.0
1998-12-01 00:00:00-05:00,103.98196452138997,104.52924471703635,101.51923370361328,101.51923370361328,23580,0.0,0.0
1998-12-02 00:00:00-05:00,101.79281070368076,101.79281070368076,100.9719009399414,100.9719009399414,8700,0.0,0.0
1998-12-03 00:00:00-05:00,101.79281070368076,101.79281070368076,100.15099117620204,100.9719009399414,30885,0.0,0.0
1998-12-04 00:00:00-05:00,100.97190645443925,106.17100524902342,100.97190645443925,106.17100524902344,7710,0.0,0.0
1998-12-07 00:00:00-05:00,107.8128901223383,113.2856221516927,107.8128901223383,110.82289123535156,16545,0.0,0.0
1998-12-08 00:00:00-05:00,110.2756068551358,111.37014710770131,108.90741650811424,109.45469665527344,7875,0.0,0.0
1998-12-09 00:00:00-05:00,109.45469665527345,110.00196678155619,109.18105658169384,109.45469665527344,5400,0.0,0.0
1998-12-10 00:00:00-05:00,109.45469665527345,110.82287698141856,109.45469665527345,109.45469665527344,7290,0.0,0.0
1998-12-11 00:00:00-05:00,109.45470009460324,109.7283301559045,107.2655994789325,108.08650970458984,13065,0.0,0.0
1998-12-14 00:00:00-05:00,108.63378745670973,108.63378745670973,106.17105683442318,106.44468688964844,17490,0.0,0.0
1998-12-15 00:00:00-05:00,106.718268584259,108.63372802734375,106.718268584259,108.63372802734375,6360,0.0,0.0
1998-12-16 00:00:00-05:00,108.63378645541108,109.45469665527345,108.36014638183148,109.45469665527344,16785,0.0,0.0
1998-12-17 00:00:00-05:00,109.45467028108082,110.82285027754935,109.1810302734375,109.1810302734375,10950,0.0,0.0
1998-12-18 00:00:00-05:00,109.72832988864678,110.82288019381623,109.72832988864678,110.54924011230469,4635,0.0,0.0
1998-12-21 00:00:00-05:00,111.09652027532778,111.09652027532778,109.45469982801198,110.54924011230469,6570,0.0,0.0
1998-12-22 00:00:00-05:00,110.54918127109319,110.82282120695639,109.45464156938321,109.728271484375,6600,0.0,0.0
1998-12-23 00:00:00-05:00,110.2755949770751,117.66378598003577,109.45468486563503,115.47468566894531,18165,0.0,0.0
1998-12-24 00:00:00-05:00,114.92739910845991,118.21103908298733,114.92739910845991,117.39012908935547,4920,0.0,0.0
1998-12-28 00:00:00-05:00,117.9373988501792,123.9574087988008,117.39012886244049,121.22103881835938,9555,0.0,0.0
1998-12-29 00:00:00-05:00,121.22101731539455,121.49465727116085,117.66374799479334,117.9373779296875,9750,0.0,0.0
1998-12-30 00:00:00-05:00,118.48467950976952,119.85285949707031,117.11648950159474,119.85285949707031,10185,0.0,0.0
1998-12-31 00:00:00-05:00,119.30562677961271,124.77835845947266,119.30562677961271,124.77835845947266,5190,0.0,0.0
1999-01-04 00:00:00-05:00,124.2310421613814,124.77831211986158,120.40012238939987,122.31558227539062,34095,0.0,0.0
1999-01-05 00:00:00-05:00,122.04194948092639,122.04194948092639,119.3055895063248,119.85285949707031,12525,0.0,0.0
1999-01-06 00:00:00-05:00,119.85290188236617,121.76836255867823,119.30563169808167,119.57926177978516,18825,0.0,0.0
1999-01-07 00:00:00-05:00,118.75833647945284,118.75833647945284,117.11651611328125,117.11651611328125,13515,0.0,0.0
1999-01-08 00:00:00-05:00,118.2110612784477,118.75833137000042,113.83287048339844,113.83287048339844,27285,0.0,0.0
1999-01-11 00:00:00-05:00,114.38017256591469,114.38017256591469,110.82289123535156,110.82289123535156,17730,0.0,0.0
1999-01-12 00:00:00-05:00,110.82286741911807,111.09650746908676,99.0564855627223,107.26558685302734,55260,0.0,0.0
1999-01-13 00:00:00-05:00,106.99195933584453,114.38015067057579,106.71831927945144,108.90740966796875,19185,0.0,0.0
1999-01-14 00:00:00-05:00,107.81289611717328,110.00198704646184,106.44470551809941,106.71834564208984,8880,0.0,0.0
1999-01-15 00:00:00-05:00,106.71834502441233,108.08652559468896,105.62379455566406,105.62379455566406,12285,0.0,0.0
1999-01-19 00:00:00-05:00,106.71833533367128,109.18106614906368,106.71833533367128,107.53924560546875,8340,0.0,0.0
1999-01-20 00:00:00-05:00,107.2655994789325,110.00197023808254,107.2655994789325,108.08650970458984,8295,0.0,0.0
1999-01-21 00:00:00-05:00,108.63377708199525,110.00195729008756,106.71831677396554,107.26558685302734,11550,0.0,0.0
1999-01-22 00:00:00-05:00,107.26560550791046,107.812885703027,106.17106515943208,107.53924560546875,6915,0.0,0.0
1999-01-25 00:00:00-05:00,107.26558685302734,108.63377708199525,106.17104669490374,107.26558685302734,8670,0.0,0.0
1999-01-26 00:00:00-05:00,106.71833533367128,108.63379597482448,106.444695236113,107.53924560546875,8565,0.0,0.0
1999-01-27 00:00:00-05:00,109.45467028108082,111.09649028519267,108.90739026579418,109.1810302734375,22485,0.0,0.0
1999-01-28 00:00:00-05:00,108.90740959679644,113.83287048339844,108.90740959679644,113.83287048339844,23175,0.0,0.0
1999-01-29 00:00:00-05:00,112.19107173747072,113.55926226046763,110.54925112657662,110.82289123535156,19875,0.0,0.0
1999-02-01 00:00:00-05:00,111.91744164957355,111.91744164957355,110.54925112657662,110.82289123535156,4920,0.0,0.0
1999-02-02 00:00:00-05:00,110.82287245404694,114.65378322327754,110.00196228772067,113.011962890625,31290,0.0,0.0
1999-02-03 00:00:00-05:00,113.55922492562858,113.55922492562858,111.09649481895862,111.37012481689453,18795,0.0,0.0
1999-02-04 00:00:00-05:00,111.64375894048504,111.64375894048504,110.00193895606614,111.09648895263672,22890,0.0,0.0
1999-02-05 00:00:00-05:00,110.54920894391446,113.83284891275227,110.54920894391446,111.09648895263672,28965,0.0,0.0
1999-02-08 00:00:00-05:00,110.54924011230469,111.09652027532778,110.27561005166989,110.54924011230469,9825,0.0,0.0
1999-02-09 00:00:00-05:00,110.27561032026057,110.27561032026057,107.81287964328858,108.08650970458984,8160,0.0,0.0
1999-02-10 00:00:00-05:00,107.81284898379893,111.09648895263672,107.81284898379893,111.09648895263672,15690,0.0,0.0
1999-02-11 00:00:00-05:00,110.82287245404694,113.28560295302577,110.82287245404694,113.011962890625,8625,0.0,0.0
1999-02-12 00:00:00-05:00,112.73832451351039,113.55923461914062,112.19104442917337,113.55923461914062,9930,0.0,0.0
1999-02-16 00:00:00-05:00,113.011962890625,114.10651311935204,112.19105272429871,113.011962890625,32415,0.0,0.0
1999-02-17 00:00:00-05:00,113.01197078327837,113.55925094630147,110.54924011230469,110.54924011230469,14745,0.0,0.0
1999-02-18 00:00:00-05:00,110.54921478133788,112.46467487126156,110.54921478133788,111.37012481689453,12330,0.0,0.0
1999-02-19 00:00:00-05:00,110.8228590268767,111.37012906449559,109.45467892239206,110.27558898925781,15225,0.0,0.0
1999-02-22 00:00:00-05:00,110.27561610972774,110.27561610972774,109.45470584097264,110.0019760131836,14250,0.0,0.0
1999-02-23 00:00:00-05:00,109.45464156938321,110.0019114202382,109.45464156938321,109.728271484375,14895,0.0,0.0
1999-02-24 00:00:00-05:00,110.27562797024872,113.83289950353269,110.27562797024872,113.28562927246094,18960,0.0,0.0
1999-02-25 00:00:00-05:00,113.37325506493266,113.37325506493266,112.00401619688002,112.8255615234375,3735,0.133333,0.0
1999-02-26 00:00:00-05:00,112.82555933776716,113.92094639953751,111.73016224736752,113.37325286865234,6720,0.0,0.0
1999-03-01 00:00:00-05:00,114.19479914028703,114.74249267578126,113.37325382273102,114.74249267578125,29655,0.0,0.0
1999-03-02 00:00:00-05:00,115.29016580949832,121.04098151448424,115.01631409971866,117.48094940185547,46335,0.0,0.0
1999-03-03 00:00:00-05:00,117.20711721698024,120.21945644048581,116.93327549020947,119.6717529296875,16050,0.0,0.0
1999-03-04 00:00:00-05:00,119.39787570127709,122.41020400047172,119.39787570127709,121.86251068115234,39915,0.0,0.0
1999-03-05 00:00:00-05:00,121.86255778477445,121.86255778477445,120.21946716308594,120.21946716308594,20085,0.0,0.0
1999-03-08 00:00:00-05:00,120.76715660095215,120.76715660095215,118.30252075195312,118.30252075195312,8880,0.0,0.0
1999-03-09 00:00:00-05:00,117.20706423251436,121.58864019502968,116.65937099793389,121.04094696044922,7560,0.0,0.0
1999-03-10 00:00:00-05:00,121.31483004167097,121.86253349213828,118.85019460044994,119.1240463256836,17220,0.0,0.0
1999-03-11 00:00:00-05:00,118.57635096703787,122.68407663531138,118.57635096703787,122.41022491455078,13980,0.0,0.0
1999-03-12 00:00:00-05:00,122.41023920642832,122.41023920642832,120.49329699454775,121.3148422241211,8565,0.0,0.0
1999-03-15 00:00:00-05:00,121.04100837149501,121.31485011340895,118.30252075195312,118.30252075195312,5700,0.0,0.0
1999-03-16 00:00:00-05:00,118.3025130585616,121.58869397685497,118.3025130585616,121.3148422241211,12315,0.0,0.0
1999-03-17 00:00:00-05:00,121.04099498977884,121.8625401819524,119.94559805733816,120.76714324951172,9240,0.0,0.0
1999-03-18 00:00:00-05:00,121.86251068115236,122.41020400047172,121.31480733320758,121.86251068115234,40305,0.0,0.0
1999-03-19 00:00:00-05:00,122.13640612775195,128.16107540864164,122.13640612775195,125.97029113769531,28110,0.0,0.0
1999-03-22 00:00:00-05:00,126.79186908141267,127.0657109177712,123.50568681605107,124.60107421875,9120,0.0,0.0
1999-03-23 00:00:00-05:00,125.6964201247217,125.6964201247217,119.6717517649744,121.3148422241211,14100,0.0,0.0
1999-03-24 00:00:00-05:00,121.31478856342753,121.86249182663185,119.94555046266441,121.04094696044922,11985,0.0,0.0
1999-03-25 00:00:00-05:00,121.58867464567486,124.8748550415039,120.21943615695498,124.8748550415039,21120,0.0,0.0
1999-03-26 00:00:00-05:00,124.87486031551488,125.42255372840899,121.04098636800198,122.41022491455078,16350,0.0,0.0
1999-03-29 00:00:00-05:00,121.86255110563533,122.13639284182163,121.04100583981898,121.58869934082031,8595,0.0,0.0
1999-03-30 00:00:00-05:00,120.49329158043838,124.60101754373319,120.49329158043838,123.77947235107422,7170,0.0,0.0
1999-03-31 00:00:00-05:00,123.7794901576582,124.05334193748271,119.94561538326143,120.21946716308594,10650,0.0,0.0
1999-04-01 00:00:00-05:00,120.49328292648076,122.41022491455078,120.21944123434727,122.41022491455078,2190,0.0,0.0
1999-04-05 00:00:00-04:00,121.3147881303835,122.68403625488281,119.94555003450802,122.68403625488281,4770,0.0,0.0
1999-04-06 00:00:00-04:00,122.68403625488281,124.0532743507583,122.68403625488281,122.68403625488281,6405,0.0,0.0
1999-04-07 00:00:00-04:00,122.68405588796048,123.23174920823304,122.1363525390625,122.1363525390625,4620,0.0,0.0
1999-04-08 00:00:00-04:00,122.4102513157942,122.4102513157942,118.85021829259266,120.21946716308594,15645,0.0,0.0
1999-04-09 00:00:00-04:00,119.67170359026073,122.68404157180998,116.38552399484283,118.85015869140625,22605,0.0,0.0
1999-04-12 00:00:00-04:00,117.75480334449564,118.30249674581358,115.83786139694247,117.20709991455078,16815,0.0,0.0
1999-04-13 00:00:00-04:00,117.7548334827824,118.02867523921525,112.8255615234375,112.8255615234375,13575,0.0,0.0
1999-04-14 00:00:00-04:00,112.27785263464847,115.01634026965957,112.27785263464847,112.55170440673828,31170,0.0,0.0
1999-04-15 00:00:00-04:00,112.55170842527433,112.55170842527433,105.15780057251908,107.6224365234375,49080,0.0,0.0
1999-04-16 00:00:00-04:00,107.62239011606775,109.53933170528494,107.34853845228672,109.2654800415039,12225,0.0,0.0
1999-04-19 00:00:00-04:00,110.36090630190667,110.36090630190667,107.34856727732274,107.89627075195312,12060,0.0,0.0
1999-04-20 00:00:00-04:00,107.6224190592766,108.4439642429352,104.61009006207097,105.15778350830078,7725,0.0,0.0
1999-04-21 00:00:00-04:00,104.61007349594092,104.8839151613762,103.24082505425999,103.78852844238281,10230,0.0,0.0
1999-04-22 00:00:00-04:00,102.69314301951623,112.82553647365091,102.69314301951623,110.6347427368164,39945,0.0,0.0
1999-04-23 00:00:00-04:00,110.6347308838027,112.55167269100173,109.53934416136856,111.4562759399414,12480,0.0,0.0
1999-04-26 00:00:00-04:00,111.45626419756863,117.20707898466769,110.90857089405328,116.65938568115234,8160,0.0,0.0
1999-04-27 00:00:00-04:00,115.56402706419404,115.56402706419404,112.00400437721666,113.92093658447266,19860,0.0,0.0
1999-04-28 00:00:00-04:00,115.01630702771224,115.2901587206536,112.82552357005976,113.099365234375,15630,0.0,0.0
1999-04-29 00:00:00-04:00,112.82553288921568,112.82553288921568,108.99164898587031,109.53935241699219,14190,0.0,0.0
1999-04-30 00:00:00-04:00,109.5393558970264,110.90859446107753,109.26550417276528,110.6347427368164,13860,0.0,0.0
1999-05-03 00:00:00-04:00,110.63473600126764,110.63473600126764,107.89625903988647,108.99164581298828,16500,0.0,0.0
1999-05-04 00:00:00-04:00,108.44396209716797,109.81320069996345,107.8962686617753,108.44396209716797,25125,0.0,0.0
1999-05-05 00:00:00-04:00,107.6224246879119,107.6224246879119,105.15778900803605,105.70548248291016,18075,0.0,0.0
1999-05-06 00:00:00-04:00,105.9793308204745,105.9793308204745,104.06238867722818,104.61009216308594,25785,0.0,0.0
1999-05-07 00:00:00-04:00,105.15776079120671,106.25315747565698,100.77618408203125,100.77618408203125,61935,0.0,0.0
1999-05-10 00:00:00-04:00,100.77617064708232,107.3485298203404,100.77617064708232,106.25314331054688,18780,0.0,0.0
1999-05-11 00:00:00-04:00,105.15778900803605,106.25318598641252,105.15778900803605,105.70548248291016,10110,0.0,0.0
1999-05-12 00:00:00-04:00,105.15778350830078,106.52702213818921,104.06238658721341,105.15778350830078,12705,0.0,0.0
1999-05-13 00:00:00-04:00,104.61009006207097,105.9793286919594,103.78854487841237,105.15778350830078,29535,0.0,0.0
1999-05-14 00:00:00-04:00,104.06238993666413,105.157786893009,103.2408447265625,103.2408447265625,26205,0.0,0.0
1999-05-17 00:00:00-04:00,102.96700190375302,104.8839340209961,102.96700190375302,104.8839340209961,6630,0.0,0.0
1999-05-18 00:00:00-04:00,104.33624168290737,104.33624168290737,102.6931512627041,103.2408447265625,4080,0.0,0.0
1999-05-19 00:00:00-04:00,103.24083061042117,104.88392080596435,102.69313722144899,104.33622741699219,24975,0.0,0.0
1999-05-20 00:00:00-04:00,104.8839151613762,104.8839151613762,103.24082505425999,103.78852844238281,5565,0.0,0.0
1999-05-21 00:00:00-04:00,103.51470434470255,103.51470434470255,98.58543270924052,100.22852325439453,11280,0.0,0.0
1999-05-24 00:00:00-04:00,100.50230990112647,101.59769620238917,100.50230990112647,101.05000305175781,23730,0.0,0.0
1999-05-25 00:00:00-04:00,101.32390594482422,102.96699625728824,101.32390594482422,101.32390594482422,18090,0.0,0.0
1999-05-26 00:00:00-04:00,101.32390594482422,101.87159937276977,100.5023607885922,101.32390594482422,9390,0.0,0.0
1999-05-27 00:00:00-04:00,100.86344349546476,101.95978865472614,100.31527593448862,101.41162109375,21060,0.133333,0.0
1999-05-28 00:00:00-04:00,100.315295659485,101.41164103432077,99.76712799072266,99.76712799072266,22830,0.0,0.0
1999-06-01 00:00:00-04:00,100.04118179227734,100.04118179227734,97.02624531196874,99.21892547607422,21510,0.0,0.0
1999-06-02 00:00:00-04:00,99.49300559622343,100.86342932478235,95.92989185720103,100.31526184082031,12600,0.0,0.0
1999-06-03 00:00:00-04:00,109.90828274845525,110.18237159570738,102.50797420844505,103.33023071289062,46395,0.0,0.0
1999-06-04 00:00:00-04:00,103.60428165340727,105.24879406060421,102.50793670284025,103.05611419677734,42975,0.0,0.0
1999-06-07 00:00:00-04:00,103.05611695253998,104.15245189511627,101.95977197265626,102.78202819824219,11880,0.0,0.0
1999-06-08 00:00:00-04:00,102.78200407549001,104.42651614069786,100.8634033203125,100.8634033203125,16680,0.0,0.0
1999-06-09 00:00:00-04:00,100.86344310594728,102.7820446179181,100.31527554708806,101.68569946289062,14115,0.0,0.0
1999-06-10 00:00:00-04:00,101.4116045013681,102.78202819824219,100.86342699277252,102.78202819824219,12660,0.0,0.0
1999-06-11 00:00:00-04:00,102.50794874389345,103.60429382324219,102.23387000203753,103.60429382324219,11145,0.0,0.0
1999-06-14 00:00:00-04:00,103.05611695253998,104.97470812070222,101.95977197265626,102.78202819824219,19890,0.0,0.0
1999-06-15 00:00:00-04:00,103.33023289364452,104.15248941544358,99.76712799072266,99.76712799072266,36930,0.0,0.0
1999-06-16 00:00:00-04:00,100.31521870870408,100.86338595697292,99.49296281764911,100.04113006591797,50085,0.0,0.0
1999-06-17 00:00:00-04:00,100.04112953206796,102.23381858804922,99.76705092804778,101.1374740600586,22875,0.0,0.0
1999-06-18 00:00:00-04:00,100.58935060145517,102.50794181397613,100.31526184082031,100.31526184082031,6795,0.0,0.0
1999-06-21 00:00:00-04:00,100.31527593448862,103.60430137496365,100.04118713534601,101.41162109375,16950,0.0,0.0
1999-06-22 00:00:00-04:00,105.24883395522387,112.9232314435626,104.70066629081074,110.182373046875,75345,0.0,0.0
1999-06-23 00:00:00-04:00,111.27869379038147,121.69393733351644,111.27869379038147,116.28074645996094,295620,0.0,0.0
1999-06-24 00:00:00-04:00,118.13084128259926,120.32353186515329,117.03450602863255,118.4049301147461,94635,0.0,0.0
1999-06-25 00:00:00-04:00,118.95304521154186,120.59755740357842,116.21219824968485,117.03445434570312,28965,0.0,0.0
1999-06-28 00:00:00-04:00,117.03450602863255,118.95309774172945,117.03450602863255,118.4049301147461,18720,0.0,0.0
1999-06-29 00:00:00-04:00,118.4049301147461,120.04944303300645,116.4863283643389,118.4049301147461,34560,0.0,0.0
1999-06-30 00:00:00-04:00,118.40488130504082,120.8716496655625,117.03445778385304,118.95304870605469,43665,0.0,0.0
1999-07-01 00:00:00-04:00,118.1308201272291,120.59758906286017,118.1308201272291,119.22716522216797,32400,0.0,0.0
1999-07-02 00:00:00-04:00,118.67897002420084,120.0493935453886,118.40488130504082,118.95304870605469,11910,0.0,0.0
1999-07-06 00:00:00-04:00,117.8567123413086,119.50122455985101,117.8567123413086,117.8567123413086,14400,0.0,0.0
1999-07-07 00:00:00-04:00,118.1308245341352,120.32351480581188,117.58265698487045,119.77533721923828,13590,0.0,0.0
1999-07-08 00:00:00-04:00,119.77527643182108,120.323453740188,119.22710916075793,119.5011978149414,27780,0.0,0.0
1999-07-09 00:00:00-04:00,119.50126048921155,120.32351684570312,118.95308289334447,120.32351684570312,21900,0.0,0.0
1999-07-12 00:00:00-04:00,120.59758846358612,120.59758846358612,117.30856323242188,117.30856323242188,15450,0.0,0.0
1999-07-13 00:00:00-04:00,116.76034458835808,119.22711243177409,115.1158326927474,118.13076782226562,8535,0.0,0.0
1999-07-14 00:00:00-04:00,118.4049301147461,118.4049301147461,115.66407190520873,118.4049301147461,28005,0.0,0.0
1999-07-15 00:00:00-04:00,118.40492829685094,118.95309591541816,115.66407012939453,115.66407012939453,27270,0.0,0.0
1999-07-16 00:00:00-04:00,115.6640437682082,115.6640437682082,114.01953124999999,114.01953125,39105,0.0,0.0
1999-07-19 00:00:00-04:00,114.56770600737039,115.11587348773325,111.82684853094086,114.29361724853516,10230,0.0,0.0
1999-07-20 00:00:00-04:00,114.0195476657082,114.0195476657082,110.73052215576172,110.73052215576172,11595,0.0,0.0
1999-07-21 00:00:00-04:00,111.82685764857702,115.11588287353517,111.00460134233748,115.11588287353516,10935,0.0,0.0
1999-07-22 00:00:00-04:00,115.11590108384182,115.11590108384182,110.73053007773498,112.64913177490234,13215,0.0,0.0
1999-07-23 00:00:00-04:00,112.10089223989269,112.64905949996407,109.90820312500001,109.908203125,7095,0.0,0.0
1999-07-26 00:00:00-04:00,109.36008855693585,109.36008855693585,105.52289581298828,105.52289581298828,5250,0.0,0.0
1999-07-27 00:00:00-04:00,106.61923913538716,112.64912251865162,106.61923913538716,111.82686614990234,12840,0.0,0.0
1999-07-28 00:00:00-04:00,110.73053007773498,112.64913177490234,109.90827364142183,112.64913177490234,24840,0.0,0.0
1999-07-29 00:00:00-04:00,112.3750224636923,115.66404760933509,111.82685495185457,115.38996887207031,27375,0.0,0.0
1999-07-30 00:00:00-04:00,115.38996264293027,119.22715509326618,115.38996264293027,116.48629760742188,27330,0.0,0.0
1999-08-02 00:00:00-04:00,116.21224621768657,116.48632500461807,114.56773334685755,114.84181213378906,12765,0.0,0.0
1999-08-03 00:00:00-04:00,114.84179725728697,115.38997483475954,114.29362971712308,114.56771850585938,19965,0.0,0.0
1999-08-04 00:00:00-04:00,114.56773347206972,114.84181225930077,111.55278651404814,112.64913177490234,21915,0.0,0.0
1999-08-05 00:00:00-04:00,112.9232283632793,112.9232283632793,107.44151171943257,108.53785705566406,21675,0.0,0.0
1999-08-06 00:00:00-04:00,109.08599331709816,109.08599331709816,105.52288956487469,106.61922454833984,9810,0.0,0.0
1999-08-09 00:00:00-04:00,106.6192308613685,106.89331964211775,104.97471825148976,105.52289581298828,8250,0.0,0.0
1999-08-10 00:00:00-04:00,105.79696299163858,105.79696299163858,103.05611563298488,104.15245056152344,33000,0.0,0.0
1999-08-11 00:00:00-04:00,105.24879687500001,105.24879687500001,102.5079394439444,102.78202819824219,34650,0.0,0.0
1999-08-12 00:00:00-04:00,103.05610989103586,105.79695709697853,103.05610989103586,104.97470092773438,37800,0.0,0.0
1999-08-13 00:00:00-04:00,105.24881300206007,105.24881300206007,104.42655665048149,104.70064544677734,7140,0.0,0.0
1999-08-16 00:00:00-04:00,104.97470092773438,104.97470092773438,104.15244475849023,104.97470092773438,8970,0.0,0.0
1999-08-17 00:00:00-04:00,104.70064544677734,104.97472420576422,103.6043002989029,104.70064544677734,8805,0.0,0.0
1999-08-18 00:00:00-04:00,104.4265334940072,104.97470092773438,103.33018858924608,104.97470092773438,14445,0.0,0.0
1999-08-19 00:00:00-04:00,104.42655900113711,104.42655900113711,101.41162232325196,102.5079574584961,14595,0.0,0.0
1999-08-20 00:00:00-04:00,101.95978122287326,103.87838260240646,101.95978122287326,103.60429382324219,9735,0.0,0.0
1999-08-23 00:00:00-04:00,103.33020504407791,104.70063890259092,103.056126302222,103.60429382324219,9525,0.0,0.0
1999-08-24 00:00:00-04:00,103.60428165340727,104.42653785700574,103.05611419677734,103.05611419677734,12540,0.0,0.0
1999-08-25 00:00:00-04:00,103.05613506342736,103.33021382858378,102.23387869333966,102.5079574584961,13665,0.0,0.0
1999-08-26 00:00:00-04:00,102.50790430663638,103.87833757106549,101.68564836290051,102.23382568359375,9255,0.0,0.0
1999-08-27 00:00:00-04:00,102.78204626096172,103.33021382858378,101.95978989087403,102.5079574584961,14205,0.0,0.0
1999-08-30 00:00:00-04:00,101.7727612080751,101.7727612080751,94.91476490286998,95.4634017944336,27510,0.133333,0.0
1999-08-31 00:00:00-04:00,96.012067578027,98.48094940185547,96.012067578027,98.48094940185547,15360,0.0,0.0
1999-09-01 00:00:00-04:00,98.4809086635867,101.49843634173035,98.20659527168398,100.67547607421875,16620,0.0,0.0
1999-09-02 00:00:00-04:00,100.67549952168021,100.94981297747091,96.56069722577917,99.8525390625,7965,0.0,0.0
1999-09-03 00:00:00-04:00,100.40117331951458,104.79029899905692,100.40117331951458,103.96733856201172,6675,0.0,0.0
1999-09-07 00:00:00-04:00,103.41867743442877,105.0645980834961,103.14436402351916,105.0645980834961,18285,0.0,0.0
1999-09-08 00:00:00-04:00,104.51599018784799,105.33895074050821,104.51599018784799,104.79031372070312,21405,0.0,0.0
1999-09-09 00:00:00-04:00,104.241651921624,105.61325934613342,103.69301497936249,105.33893585205078,15015,0.0,0.0
1999-09-10 00:00:00-04:00,104.79029890978927,105.33893585205078,103.96733847344512,105.33893585205078,10740,0.0,0.0
1999-09-13 00:00:00-04:00,104.79028467258647,105.3389215403081,104.79028467258647,105.0645980834961,3435,0.0,0.0
1999-09-14 00:00:00-04:00,105.0646205666695,105.33894408218504,104.51598358154297,104.51598358154297,18345,0.0,0.0
1999-09-15 00:00:00-04:00,104.5159764971052,105.0646134450433,103.6930160522461,103.6930160522461,8625,0.0,0.0
1999-09-16 00:00:00-04:00,104.24162419499409,104.24162419499409,99.85250973252978,100.94978332519531,17070,0.0,0.0
1999-09-17 00:00:00-04:00,101.22412679634495,103.14437103271484,100.94980332089122,103.14437103271484,23715,0.0,0.0
1999-09-20 00:00:00-04:00,103.14436530422546,103.69300217875931,102.59571838378906,102.59571838378906,8550,0.0,0.0
1999-09-21 00:00:00-04:00,102.32141065225676,104.24164484272357,102.32141065225676,103.14437103271484,12330,0.0,0.0
1999-09-22 00:00:00-04:00,103.14437910430799,105.0646134450433,103.14437910430799,103.6930160522461,8130,0.0,0.0
1999-09-23 00:00:00-04:00,103.69303234128373,104.2416693754067,103.41870880126953,103.41870880126953,10905,0.0,0.0
1999-09-24 00:00:00-04:00,103.41869148527985,105.33893585205078,103.41869148527985,105.33893585205078,16020,0.0,0.0
1999-09-27 00:00:00-04:00,105.3389272607128,106.71052452745235,104.79029036319756,105.61325073242188,6180,0.0,0.0
1999-09-28 00:00:00-04:00,105.61322234360108,105.61322234360108,98.48089436355721,101.2240982055664,16545,0.0,0.0
1999-09-29 00:00:00-04:00,101.22415061887222,103.41870880126953,100.12686650472084,103.41870880126953,9675,0.0,0.0
1999-09-30 00:00:00-04:00,104.24163357058886,111.37396279390896,104.24163357058886,110.5510025024414,21030,0.0,0.0
1999-10-01 00:00:00-04:00,110.00232701201001,110.00232701201001,102.0470496113697,102.32137298583984,53310,0.0,0.0
1999-10-04 00:00:00-04:00,103.41869157337906,104.79029899905692,103.14437812496651,103.96733856201172,11400,0.0,0.0
1999-10-05 00:00:00-04:00,103.96734009993673,103.96734009993673,102.32141920149922,102.87005615234375,7440,0.0,0.0
1999-10-06 00:00:00-04:00,103.41871017154733,103.96735725884521,101.77278900146486,101.77278900146484,6735,0.0,0.0
1999-10-07 00:00:00-04:00,101.77279526511438,102.04711882564668,100.40119755426528,101.49848175048828,6135,0.0,0.0
1999-10-08 00:00:00-04:00,101.49843016742918,102.32139038487887,100.40114652886255,100.94978332519531,9900,0.0,0.0
1999-10-11 00:00:00-04:00,101.22411991763983,105.0645980834961,100.12683613629414,105.0645980834961,6825,0.0,0.0
1999-10-12 00:00:00-04:00,104.51599291542091,104.51599291542091,102.59574822713235,103.41870880126953,5550,0.0,0.0
1999-10-13 00:00:00-04:00,102.87010285162157,103.14442647452871,100.94985758308847,102.0471420288086,5325,0.0,0.0
1999-10-14 00:00:00-04:00,102.59573777535755,102.59573777535755,96.01205385296232,96.83501434326172,17070,0.0,0.0
1999-10-15 00:00:00-04:00,97.10932301929839,97.38364648945611,92.17156083187643,96.01203918457031,17670,0.0,0.0
1999-10-18 00:00:00-04:00,94.9148036221439,96.28640143353006,92.99455864947774,94.6404800415039,13050,0.0,0.0
1999-10-19 00:00:00-04:00,95.18908654307864,96.56069395924855,92.17156831013153,93.26885223388672,23640,0.0,0.0
1999-10-20 00:00:00-04:00,92.17156035324624,97.10932251502727,92.17156035324624,95.4634017944336,8640,0.0,0.0
1999-10-21 00:00:00-04:00,95.46339551219127,95.46339551219127,92.17155428763294,94.3661117553711,13395,0.0,0.0
1999-10-22 00:00:00-04:00,94.9147798964994,97.65797483356113,94.64045638443146,96.83501434326172,5445,0.0,0.0
1999-10-25 00:00:00-04:00,96.83499052026389,97.10931396484375,94.91475654591065,97.10931396484375,5190,0.0,0.0
1999-10-26 00:00:00-04:00,98.20661529424977,98.48092874208008,93.81748962402344,93.81748962402344,4830,0.0,0.0
1999-10-27 00:00:00-04:00,93.54319818872361,95.18911962339854,92.17160034179688,92.17160034179688,8550,0.0,0.0
1999-10-28 00:00:00-04:00,92.72019312805497,92.99451658460829,88.87971496582031,88.87971496582031,24165,0.0,0.0
1999-10-29 00:00:00-04:00,88.87973239567927,89.70269288082444,86.68517445059358,86.95948791503906,52860,0.0,0.0
1999-11-01 00:00:00-05:00,86.9594870737406,88.33109456631573,84.49060564219052,85.86221313476562,11355,0.0,0.0
1999-11-02 00:00:00-05:00,83.6676427202295,87.50812627862138,83.6676427202295,87.23380279541016,25995,0.0,0.0
1999-11-03 00:00:00-05:00,88.05677897669902,89.42837654670414,87.23381842551493,87.78245544433594,10935,0.0,0.0
1999-11-04 00:00:00-05:00,87.78245544433594,88.33110250906212,87.23381842551493,87.78245544433594,13695,0.0,0.0
1999-11-05 00:00:00-05:00,88.05676319914045,88.60540011965952,86.6851658748911,87.23380279541016,11400,0.0,0.0
1999-11-08 00:00:00-05:00,87.23381058143649,87.78244755092398,85.86221313476562,85.86221313476562,5085,0.0,0.0
1999-11-09 00:00:00-05:00,85.58788248697917,86.95947981922578,85.03924556326122,86.41084289550781,17115,0.0,0.0
1999-11-10 00:00:00-05:00,87.50815504836415,88.33111572265626,86.95950790156495,88.33111572265625,10185,0.0,0.0
1999-11-11 00:00:00-05:00,87.23381842551493,88.05677897669902,86.13653434196773,87.78245544433594,15000,0.0,0.0
1999-11-12 00:00:00-05:00,87.78244899661006,87.78244899661006,86.13652801513672,86.13652801513672,9315,0.0,0.0
1999-11-15 00:00:00-05:00,86.13652742989389,88.0567719105341,86.13652742989389,86.95948791503906,12915,0.0,0.0
1999-11-16 00:00:00-05:00,86.95948592641729,88.05676989681922,84.76492803151756,87.50813293457031,24735,0.0,0.0
1999-11-17 00:00:00-05:00,88.05676123526997,92.17156316215176,88.05676123526997,91.8972396850586,29220,0.0,0.0
1999-11-18 00:00:00-05:00,92.72020057598215,93.8174844444345,89.70268249511719,89.70268249511719,18720,0.0,0.0
1999-11-19 00:00:00-05:00,89.97703552246094,90.52567261390975,89.42838838510563,89.97703552246094,17355,0.0,0.0
1999-11-22 00:00:00-05:00,91.07428078290958,91.07428078290958,88.87972306813333,89.42835998535156,5505,0.0,0.0
1999-11-23 00:00:00-05:00,89.97699123870184,90.25130462646484,88.87970754994521,90.25130462646484,11040,0.0,0.0
1999-11-24 00:00:00-05:00,89.70267444957386,91.8972319437428,89.70267444957386,90.525634765625,11025,0.0,0.0
1999-11-26 00:00:00-05:00,91.07430970535854,91.07430970535854,89.97703552246094,89.97703552246094,10335,0.0,0.0
1999-11-29 00:00:00-05:00,89.79025551124856,90.33942803403156,87.86813659794215,88.96649169921875,5520,0.133333,0.0
1999-11-30 00:00:00-05:00,88.4173565073173,90.8886489868164,87.86817369695204,90.8886489868164,10785,0.0,0.0
1999-12-01 00:00:00-05:00,90.88867043848695,91.4378433227539,90.88867043848695,91.4378433227539,3780,0.0,0.0
1999-12-02 00:00:00-05:00,91.43783242361886,93.08536093575614,91.43783242361886,92.2615966796875,11205,0.0,0.0
1999-12-03 00:00:00-05:00,91.71242386088042,93.63453375456322,91.43783242361886,92.2615966796875,9375,0.0,0.0
1999-12-06 00:00:00-05:00,91.71237933107933,91.71237933107933,88.96649645884102,89.7902603149414,15540,0.0,0.0
1999-12-07 00:00:00-05:00,90.61403368107271,90.61403368107271,88.9665057959623,89.51567840576172,52665,0.0,0.0
1999-12-08 00:00:00-05:00,88.41737737570982,91.4378433227539,88.14278590571773,91.4378433227539,10305,0.0,0.0
1999-12-09 00:00:00-05:00,90.88863679099613,90.88863679099613,88.69192595572872,90.06487274169922,10110,0.0,0.0
1999-12-10 00:00:00-05:00,89.7902603149414,90.06485161887858,89.24108776277819,89.7902603149414,14970,0.0,0.0
1999-12-13 00:00:00-05:00,89.24108298846555,89.79025551124856,87.59355536440594,88.96649169921875,22530,0.0,0.0
1999-12-14 00:00:00-05:00,89.24114567731719,89.24114567731719,87.86819832234525,88.4173812866211,26700,0.0,0.0
1999-12-15 00:00:00-05:00,88.14278980448317,88.4173812866211,87.86819832234525,88.4173812866211,9705,0.0,0.0
1999-12-16 00:00:00-05:00,87.8681505206513,90.88862501382852,87.31897791085188,89.51567840576172,15390,0.0,0.0
1999-12-17 00:00:00-05:00,88.41734225098237,91.43780699811478,88.41734225098237,91.16321563720703,27600,0.0,0.0
1999-12-20 00:00:00-05:00,89.51571247422004,93.08536093575614,89.51571247422004,92.2615966796875,20565,0.0,0.0
1999-12-21 00:00:00-05:00,91.98699188232422,92.26158327970438,90.88864640423267,91.98699188232422,7560,0.0,0.0
1999-12-22 00:00:00-05:00,91.98698090102523,91.98698090102523,90.61404418945312,90.61404418945312,7920,0.0,0.0
1999-12-23 00:00:00-05:00,91.16322774589828,92.53617467708455,91.16322774589828,91.98699188232422,6795,0.0,0.0
1999-12-27 00:00:00-05:00,91.98699896534751,91.98699896534751,91.16323476549151,91.71241760253906,4845,0.0,0.0
1999-12-28 00:00:00-05:00,91.71239173318703,93.08532832711046,91.43780039211735,92.5361557006836,19110,0.0,0.0
1999-12-29 00:00:00-05:00,92.53618732232287,95.00748006930732,92.53618732232287,94.1837158203125,7650,0.0,0.0
1999-12-30 00:00:00-05:00,94.18369049479377,95.55662718870407,93.35992646730493,95.28203582763672,5535,0.0,0.0
1999-12-31 00:00:00-05:00,95.28204161785142,95.55663299560547,95.0074602958112,95.55663299560547,5460,0.0,0.0
2000-01-03 00:00:00-05:00,96.1058152952824,96.1058152952824,89.24112066715033,90.8886489868164,14940,0.0,0.0
2000-01-04 00:00:00-05:00,90.88860668808144,90.88860668808144,89.24107913515978,90.33942413330078,12420,0.0,0.0
2000-01-05 00:00:00-05:00,90.33944170840076,90.33944170840076,88.41733255986193,89.24109649658203,21540,0.0,0.0
2000-01-06 00:00:00-05:00,89.24113992063468,89.24113992063468,88.14278411865234,88.14278411865234,10020,0.0,0.0
2000-01-07 00:00:00-05:00,87.8681505206513,89.51567840576172,87.8681505206513,89.51567840576172,16200,0.0,0.0
2000-01-10 00:00:00-05:00,90.06489534874314,92.2615966796875,90.06489534874314,92.2615966796875,4365,0.0,0.0
2000-01-11 00:00:00-05:00,91.712434792746,92.81078056127991,91.16325185276182,91.4378433227539,10035,0.0,0.0
2000-01-12 00:00:00-05:00,91.43777918715193,91.43777918715193,90.33942413330078,90.33942413330078,15825,0.0,0.0
2000-01-13 00:00:00-05:00,90.88859601984319,102.97045997123134,90.88859601984319,102.4212875366211,26235,0.0,0.0
2000-01-14 00:00:00-05:00,102.69593166256226,117.52368698550674,102.69593166256226,109.8352279663086,50715,0.0,0.0
2000-01-18 00:00:00-05:00,109.83521779183206,114.22861966561969,109.83521779183206,110.93356323242188,30660,0.0,0.0
2000-01-19 00:00:00-05:00,110.65901430093079,110.65901430093079,107.36395690294493,108.1877212524414,29085,0.0,0.0
2000-01-20 00:00:00-05:00,107.6385180742342,108.73687368558969,105.9909896850586,105.9909896850586,7005,0.0,0.0
2000-01-21 00:00:00-05:00,107.08927837008059,107.08927837008059,102.4212875366211,102.4212875366211,7635,0.0,0.0
2000-01-24 00:00:00-05:00,102.42136716444638,102.97054002601286,101.04841992695502,101.59760284423828,8940,0.0,0.0
2000-01-25 00:00:00-05:00,101.32300164785254,104.06888580322264,101.32300164785254,104.06888580322266,7200,0.0,0.0
2000-01-26 00:00:00-05:00,103.79430581800403,106.54019027620609,102.42136861676148,103.51971435546875,15195,0.0,0.0
2000-01-27 00:00:00-05:00,104.618075032388,107.0893681433893,101.87219044603633,102.14678192138672,14490,0.0,0.0
2000-01-28 00:00:00-05:00,102.6959228515625,103.51968696549406,101.59757740346329,102.6959228515625,24900,0.0,0.0
2000-01-31 00:00:00-05:00,102.69592238320844,105.4418061023622,101.59757694011832,104.6180419921875,11340,0.0,0.0
2000-02-01 00:00:00-05:00,104.89264412941837,106.26558110182629,104.34346129588299,105.9909896850586,13185,0.0,0.0
2000-02-02 00:00:00-05:00,106.26554636787289,112.58106644351689,105.99095504085811,109.2860107421875,19065,0.0,0.0
2000-02-03 00:00:00-05:00,108.73686981201172,109.83522538424003,107.6385142397834,108.73686981201172,22245,0.0,0.0
2000-02-04 00:00:00-05:00,108.73687168515353,108.874162363154,107.63851609400453,108.4622802734375,4410,0.0,0.0
2000-02-07 00:00:00-05:00,108.18769959709253,110.93357350864252,106.54017122787648,109.8352279663086,7215,0.0,0.0
2000-02-08 00:00:00-05:00,109.28605642339375,115.87617058069821,107.63852788406763,115.05240631103516,25485,0.0,0.0
2000-02-09 00:00:00-05:00,113.95401115691712,113.95401115691712,111.48271942138672,111.48271942138672,6075,0.0,0.0
2000-02-10 00:00:00-05:00,112.03191192457093,112.30650329589844,109.56061974976421,112.30650329589844,22230,0.0,0.0
2000-02-11 00:00:00-05:00,112.30651981460147,112.85569258231844,107.63851609400453,108.4622802734375,10965,0.0,0.0
2000-02-14 00:00:00-05:00,107.63850529317745,107.63850529317745,104.3434489060831,107.0893325805664,7365,0.0,0.0
2000-02-15 00:00:00-05:00,107.63850980062777,108.46227393189716,105.71640019814221,107.91310119628906,19635,0.0,0.0
2000-02-16 00:00:00-05:00,106.54017251859396,107.6385180742342,104.89264412941837,105.9909896850586,6060,0.0,0.0
2000-02-17 00:00:00-05:00,106.54016160116655,106.81474293408196,103.79427788201279,104.6180419921875,10800,0.0,0.0
2000-02-18 00:00:00-05:00,103.24509296429244,103.24509296429244,97.75332617471841,99.67544555664062,35535,0.0,0.0
2000-02-22 00:00:00-05:00,100.77381447764758,102.14675133181557,99.12628623036024,99.9500503540039,8070,0.0,0.0
2000-02-23 00:00:00-05:00,99.40088173352187,104.06888580322264,98.30253611594648,104.06888580322266,19440,0.0,0.0
2000-02-24 00:00:00-05:00,103.79429141873662,104.06888284317814,98.57711468864098,99.40087890625,10890,0.0,0.0
2000-02-25 00:00:00-05:00,98.30251935100458,98.5771006807122,96.10580837905886,96.65499114990234,13890,0.0,0.0
2000-02-28 00:00:00-05:00,95.39049144464138,96.7650009630025,94.84069367759248,96.49009704589844,26220,0.166667,0.0
2000-02-29 00:00:00-05:00,96.76491703329613,96.76491703329613,95.66531238578862,95.94021606445312,20910,0.0,0.0
2000-03-01 00:00:00-05:00,95.94029927884952,100.06380769961442,95.11559759469655,96.49009704589844,18990,0.0,0.0
2000-03-02 00:00:00-05:00,96.49005364249157,96.7649574359377,94.84065101612418,95.11555480957031,18345,0.0,0.0
2000-03-03 00:00:00-05:00,95.11553881245369,97.31473858868368,95.11553881245369,96.21513366699219,26790,0.0,0.0
2000-03-06 00:00:00-05:00,96.76496291047506,96.76496291047506,93.19125366210938,93.19125366210938,9240,0.0,0.0
2000-03-07 00:00:00-05:00,90.9920613691074,93.1912618324434,90.16735993696189,92.64146423339844,24645,0.0,0.0
2000-03-08 00:00:00-05:00,92.36657164977477,92.36657164977477,89.6175631854314,91.5418701171875,18570,0.0,0.0
2000-03-09 00:00:00-05:00,91.54184532165527,91.54184532165527,87.69324256775435,89.06774139404297,11070,0.0,0.0
2000-03-10 00:00:00-05:00,89.06771713237241,92.36652147060842,87.96811233057643,89.34262084960938,5910,0.0,0.0
2000-03-13 00:00:00-05:00,88.24303478877493,88.24303478877493,86.31872849373784,87.6932373046875,13770,0.0,0.0
2000-03-14 00:00:00-05:00,87.96816101100592,88.2430648803711,87.69326720879822,88.2430648803711,17940,0.0,0.0
2000-03-15 00:00:00-05:00,88.2430321205198,90.16733835737054,87.96812835321148,89.6175308227539,67110,0.0,0.0
2000-03-16 00:00:00-05:00,89.61754032058565,94.01595072790165,89.61754032058565,92.09164428710938,33885,0.0,0.0
2000-03-17 00:00:00-05:00,89.06771480219219,96.49002436904154,89.06771480219219,94.29082489013672,18600,0.0,0.0
2000-03-20 00:00:00-05:00,94.56571853303005,95.66532330605828,93.74101747004678,94.29082489013672,7665,0.0,0.0
2000-03-21 00:00:00-05:00,95.3904195960133,95.3904195960133,92.6414227641702,94.29082489013672,7995,0.0,0.0
2000-03-22 00:00:00-05:00,94.29084921553567,95.665347986054,94.01594543457031,94.01594543457031,9930,0.0,0.0
2000-03-23 00:00:00-05:00,95.11553881245369,96.76494116141444,94.29083763797333,96.21513366699219,5475,0.0,0.0
2000-03-24 00:00:00-05:00,96.49005364249157,97.31475495567526,94.84065101612418,95.11555480957031,20325,0.0,0.0
2000-03-27 00:00:00-05:00,95.11554420830349,95.11554420830349,93.4661417657731,93.74103546142578,34230,0.0,0.0
2000-03-28 00:00:00-05:00,93.74106437922248,97.31477412952859,93.74106437922248,96.76497650146484,106725,0.0,0.0
2000-03-29 00:00:00-05:00,96.21519312879437,97.03989481294734,96.21519312879437,96.49009704589844,13800,0.0,0.0
2000-03-30 00:00:00-05:00,96.49008443049556,99.51398685464935,96.21518054933325,98.68928527832031,39405,0.0,0.0
2000-03-31 00:00:00-05:00,98.68922879007022,100.06373734197557,98.41433513341087,99.78883361816406,48060,0.0,0.0
2000-04-03 00:00:00-04:00,99.51398685464935,101.9880915836364,98.41439146431593,98.68928527832031,23340,0.0,0.0
2000-04-04 00:00:00-04:00,98.41436006230508,103.91236546114476,94.29085349638663,95.11555480957031,11730,0.0,0.0
2000-04-05 00:00:00-04:00,95.66535232930788,95.66535232930788,92.36654707657313,95.11555480957031,12330,0.0,0.0
2000-04-06 00:00:00-04:00,95.39045878295542,97.86456298828125,94.56575738118013,97.86456298828125,7950,0.0,0.0
2000-04-07 00:00:00-04:00,98.6892123797764,100.063720703125,98.13941509072724,100.063720703125,9615,0.0,0.0
2000-04-10 00:00:00-04:00,100.61354383145475,100.61354383145475,96.7649416854228,99.5139389038086,10920,0.0,0.0
2000-04-11 00:00:00-04:00,100.61353891264132,103.36254606378621,100.61353891264132,101.43824005126953,18060,0.0,0.0
2000-04-12 00:00:00-04:00,101.16335678836916,103.36256698119877,101.16335678836916,102.81275939941406,17820,0.0,0.0
2000-04-13 00:00:00-04:00,102.26297909350056,104.46217958925493,101.16337381204524,101.98807525634766,13110,0.0,0.0
2000-04-14 00:00:00-04:00,100.88849619330298,101.16339000730738,97.31478600682459,98.68928527832031,11985,0.0,0.0
2000-04-17 00:00:00-04:00,97.58970264715548,97.86459649710032,94.0159919934395,96.49009704589844,16965,0.0,0.0
2000-04-18 00:00:00-04:00,97.03984840543379,101.98805614396278,97.03984840543379,100.33865356445312,16980,0.0,0.0
2000-04-19 00:00:00-04:00,100.33867618461426,100.33867618461426,96.76497650146483,96.76497650146484,9285,0.0,0.0
2000-04-20 00:00:00-04:00,96.76496783068474,97.86456298828125,96.21516018473069,97.86456298828125,13665,0.0,0.0
2000-04-24 00:00:00-04:00,98.41431897098215,98.41431897098215,95.66531238578862,95.94021606445312,2940,0.0,0.0
2000-04-25 00:00:00-04:00,96.49008443049556,98.68928527832031,96.21518054933325,98.68928527832031,3630,0.0,0.0
2000-04-26 00:00:00-04:00,100.33863751326155,107.76094793370659,100.33863751326155,103.91234588623047,15525,0.0,0.0
2000-04-27 00:00:00-04:00,103.91234993934631,105.56175231933594,101.71315012174455,105.56175231933594,9855,0.0,0.0
2000-04-28 00:00:00-04:00,105.01199214004657,109.13549955304374,104.46218444020911,108.860595703125,14700,0.0,0.0
2000-05-01 00:00:00-04:00,108.31076547662299,111.05976287993094,108.31076547662299,110.23506164550781,12750,0.0,0.0
2000-05-02 00:00:00-04:00,109.68528800413846,111.60959465817531,108.8605865905735,109.13549041748047,8745,0.0,0.0
2000-05-03 00:00:00-04:00,108.86053208830496,108.86053208830496,105.56172808562906,105.83663177490234,4650,0.0,0.0
2000-05-04 00:00:00-04:00,105.8366971455069,109.68530083668925,105.8366971455069,107.76099395751953,26850,0.0,0.0
2000-05-05 00:00:00-04:00,108.3107980704443,109.41039333580571,107.76099037060683,108.860595703125,6945,0.0,0.0
2000-05-08 00:00:00-04:00,108.86059066544271,108.86059066544271,107.21118777657236,107.48609161376953,6075,0.0,0.0
2000-05-09 00:00:00-04:00,107.4861001656075,109.96020469575838,107.21119630653837,107.76099395751953,10815,0.0,0.0
2000-05-10 00:00:00-04:00,107.76094854231924,109.41035086728918,106.66135370377451,107.21115112304688,44415,0.0,0.0
2000-05-11 00:00:00-04:00,106.66136703020217,108.0358657836914,106.11155947508318,108.0358657836914,7905,0.0,0.0
2000-05-12 00:00:00-04:00,108.0358274021839,109.68522934725542,108.0358274021839,108.58562469482422,6960,0.0,0.0
2000-05-15 00:00:00-04:00,109.68526990336109,111.05976867675781,108.03586734842334,111.05976867675781,4440,0.0,0.0
2000-05-16 00:00:00-04:00,111.05976706822936,111.05976706822936,105.28685820955883,108.0358657836914,10530,0.0,0.0
2000-05-17 00:00:00-04:00,108.03591345348497,112.98412322998047,107.76100955462681,112.98412322998047,16635,0.0,0.0
2000-05-18 00:00:00-04:00,111.33463129232692,111.60953497222236,108.31073108207934,108.58562469482422,9840,0.0,0.0
2000-05-19 00:00:00-04:00,108.03585228553185,108.03585228553185,106.66135370377451,107.21115112304688,3195,0.0,0.0
2000-05-22 00:00:00-04:00,107.76094793370659,107.76094793370659,103.91234588623047,103.91234588623047,3555,0.0,0.0
2000-05-23 00:00:00-04:00,103.36252877289542,106.93622639769372,102.26292408295315,105.83663177490234,5235,0.0,0.0
2000-05-24 00:00:00-04:00,105.83663177490234,106.66133277557132,103.9123260842911,105.83663177490234,10695,0.0,0.0
2000-05-25 00:00:00-04:00,105.56172026405038,107.76091941383471,105.56172026405038,106.38642120361328,4950,0.0,0.0
2000-05-26 00:00:00-04:00,107.4861001656075,108.31080167565779,106.6613986555572,107.76099395751953,10920,0.0,0.0
2000-05-30 00:00:00-04:00,107.04548150041404,108.69656867048437,106.21993791537888,107.87102508544922,7095,0.166667,0.0
2000-05-31 00:00:00-04:00,108.97173296490966,109.79727639646201,107.87100503036172,108.69654846191406,6660,0.0,0.0
2000-06-01 00:00:00-04:00,107.87100515741729,108.97173309326173,105.66955936316289,108.97173309326172,11130,0.0,0.0
2000-06-02 00:00:00-04:00,110.07252265448064,110.07252265448064,108.42143486505061,109.24697875976562,6195,0.0,0.0
2000-06-05 00:00:00-04:00,109.24693825938182,110.62284088134764,108.9717537040141,110.62284088134766,11550,0.0,0.0
2000-06-06 00:00:00-04:00,110.07249450683594,110.34766901641348,108.9717662362132,110.07249450683594,48855,0.0,0.0
2000-06-07 00:00:00-04:00,110.07249450683594,110.07249450683594,107.87103796559045,110.07249450683594,13740,0.0,0.0
2000-06-08 00:00:00-04:00,108.97173309326173,109.52209202246671,108.696548589942,108.97173309326172,2835,0.0,0.0
2000-06-09 00:00:00-04:00,108.4214096069336,109.24695330932792,108.14622501365623,108.4214096069336,2520,0.0,0.0
2000-06-12 00:00:00-04:00,108.42139419376355,108.42139419376355,107.32066605457122,107.87102508544922,6555,0.0,0.0
2000-06-13 00:00:00-04:00,107.59587097167969,108.14623010671535,106.77032723040705,107.59587097167969,9045,0.0,0.0
2000-06-14 00:00:00-04:00,107.59587097167969,107.87104550047839,107.04550175920576,107.59587097167969,5655,0.0,0.0
2000-06-15 00:00:00-04:00,107.59585060872838,108.69656867048437,107.04548150041404,107.87102508544922,19290,0.0,0.0
2000-06-16 00:00:00-04:00,105.66959156709558,112.82430013697183,105.66959156709558,112.27394104003906,23055,0.0,0.0
2000-06-19 00:00:00-04:00,112.27392837967822,114.2002001178868,112.27392837967822,112.82428741455078,16035,0.0,0.0
2000-06-20 00:00:00-04:00,112.82428709198025,113.92501523601474,110.62284088134764,110.62284088134766,10815,0.0,0.0
2000-06-21 00:00:00-04:00,110.07249956140295,112.27394612630209,109.79731496175131,111.44840240478516,7770,0.0,0.0
2000-06-22 00:00:00-04:00,110.89806608283337,112.54915386532001,110.07252219159004,111.1732406616211,12435,0.0,0.0
2000-06-23 00:00:00-04:00,110.62285868326823,111.44840240478517,110.3476740836166,111.44840240478516,23280,0.0,0.0
2000-06-26 00:00:00-04:00,110.89801788330078,113.64982293980326,110.34764881005172,110.89801788330078,7590,0.0,0.0
2000-06-27 00:00:00-04:00,110.62281995831114,110.89800446163088,108.97173309326173,108.97173309326172,18030,0.0,0.0
2000-06-28 00:00:00-04:00,109.52213289885734,110.34767663949555,109.2469583702701,109.79731750488281,11940,0.0,0.0
2000-06-29 00:00:00-04:00,110.34765625,111.17319983809836,110.07248177225814,110.34765625,16065,0.0,0.0
2000-06-30 00:00:00-04:00,110.34766901641348,110.89803819044361,110.07249450683594,110.07249450683594,39105,0.0,0.0
2000-07-03 00:00:00-04:00,111.72356894845484,111.72356894845484,110.34765625,110.34765625,2070,0.0,0.0
2000-07-05 00:00:00-04:00,110.34765625,111.72356894845484,110.07248177225814,110.34765625,5910,0.0,0.0
2000-07-06 00:00:00-04:00,110.07248177225814,110.62284080517824,109.7972972170799,110.34765625,8415,0.0,0.0
2000-07-07 00:00:00-04:00,110.07247908225787,110.89802265018122,109.52210998535156,109.52210998535156,15975,0.0,0.0
2000-07-10 00:00:00-04:00,110.07246102910617,110.34763545499142,108.696548589942,108.97173309326172,13560,0.0,0.0
2000-07-11 00:00:00-04:00,107.32064610180497,108.69654846191406,107.32064610180497,108.69654846191406,31335,0.0,0.0
2000-07-12 00:00:00-04:00,108.69656945941556,113.37465652685975,108.69656945941556,112.82428741455078,26565,0.0,0.0
2000-07-13 00:00:00-04:00,112.27393108865489,114.20020287334108,112.27393108865489,113.92501831054688,7530,0.0,0.0
2000-07-14 00:00:00-04:00,113.92502847598233,114.47538757324219,113.92502847598233,114.47538757324219,5400,0.0,0.0
2000-07-17 00:00:00-04:00,114.47538757324219,114.47538757324219,112.5491256941139,114.47538757324219,6390,0.0,0.0
2000-07-18 00:00:00-04:00,113.92498765035597,114.20017213909085,113.37462875032016,113.6498031616211,8145,0.0,0.0
2000-07-19 00:00:00-04:00,113.09948479137375,115.0257567479396,112.96189753641818,114.47538757324219,9840,0.0,0.0
2000-07-20 00:00:00-04:00,114.47538757324219,115.85130043254817,113.37466937872247,114.47538757324219,12630,0.0,0.0
2000-07-21 00:00:00-04:00,114.47544081104769,115.02581024169922,113.92508145783839,115.02581024169922,26910,0.0,0.0
2000-07-24 00:00:00-04:00,114.47544081104769,115.57616959490852,114.47544081104769,115.02581024169922,17910,0.0,0.0
2000-07-25 00:00:00-04:00,115.0257825820666,115.30095715378037,112.8243255437175,113.0995101928711,13815,0.0,0.0
2000-07-26 00:00:00-04:00,112.54915386532001,113.37469775656334,110.62288142660556,111.1732406616211,18330,0.0,0.0
2000-07-27 00:00:00-04:00,111.17324066162108,112.27396920909221,109.79733753536223,111.1732406616211,37350,0.0,0.0
2000-07-28 00:00:00-04:00,112.27390087281458,113.92498765035597,111.173172995309,113.6498031616211,8670,0.0,0.0
2000-07-31 00:00:00-04:00,113.37467444747067,113.37467444747067,110.89804328291989,111.44840240478516,11640,0.0,0.0
2000-08-01 00:00:00-04:00,111.9987564528539,112.27394104003905,111.17321276873595,112.27394104003906,24690,0.0,0.0
2000-08-02 00:00:00-04:00,111.72358956037806,112.82430782929015,111.17322034848377,112.54913330078125,14400,0.0,0.0
2000-08-03 00:00:00-04:00,112.54913330078125,112.82430782929015,111.17322034848377,112.54913330078125,6840,0.0,0.0
2000-08-04 00:00:00-04:00,113.64983374775265,114.47537735869865,113.09947469960088,113.92501831054688,8880,0.0,0.0
2000-08-07 00:00:00-04:00,113.92505406289206,114.20023871204565,113.0995101928711,113.0995101928711,13095,0.0,0.0
2000-08-08 00:00:00-04:00,113.37466931134215,113.37466931134215,111.72358194310628,112.27394104003906,6975,0.0,0.0
2000-08-09 00:00:00-04:00,111.72358959218474,111.72358959218474,109.2469583702701,109.79731750488281,21915,0.0,0.0
2000-08-10 00:00:00-04:00,109.5221253328058,110.89803819044361,109.5221253328058,110.07249450683594,12000,0.0,0.0
2000-08-11 00:00:00-04:00,110.07250207957166,113.0994924352373,110.07250207957166,112.54913330078125,4530,0.0,0.0
2000-08-14 00:00:00-04:00,112.27391805134745,112.54910258218709,110.89801555202021,111.99873352050781,8190,0.0,0.0
2000-08-15 00:00:00-04:00,111.99874350331348,111.99874350331348,110.62284088134764,110.62284088134766,9015,0.0,0.0
2000-08-16 00:00:00-04:00,110.07248177225814,112.27392798137494,110.07248177225814,110.34765625,15840,0.0,0.0
2000-08-17 00:00:00-04:00,110.34766908461802,112.27394104003905,110.34766908461802,112.27394104003906,7425,0.0,0.0
2000-08-18 00:00:00-04:00,111.44837687911414,112.27392041155203,110.89801788330078,110.89801788330078,6360,0.0,0.0
2000-08-21 00:00:00-04:00,110.89802536035648,111.17319983809836,110.07248177225814,110.34765625,7110,0.0,0.0
2000-08-22 00:00:00-04:00,110.07247908225787,111.17319712119824,109.52210998535156,109.52210998535156,6855,0.0,0.0
2000-08-23 00:00:00-04:00,109.5221253328058,110.62285360342855,107.59586345601292,110.07249450683594,19530,0.0,0.0
2000-08-24 00:00:00-04:00,109.52213289885734,110.34767663949555,108.9717737642446,109.79731750488281,11355,0.0,0.0
2000-08-25 00:00:00-04:00,110.07249956140295,111.99876152665044,109.52213036209966,111.44840240478516,7065,0.0,0.0
2000-08-28 00:00:00-04:00,110.34765625,111.9987434261967,110.34765625,110.34765625,7290,0.0,0.0
2000-08-29 00:00:00-04:00,110.6228511604241,112.82429757561513,110.6228511604241,111.72357940673828,9975,0.0,0.0
2000-08-30 00:00:00-04:00,111.28284786849248,112.66011760369358,111.28284786849248,111.55830383300781,13260,0.166667,0.0
2000-08-31 00:00:00-04:00,111.00738187896351,112.93554301909866,110.73192596435547,110.73192596435547,8100,0.0,0.0
2000-09-01 00:00:00-04:00,111.83375090865881,113.21101044701584,111.2828390234162,112.93555450439453,9720,0.0,0.0
2000-09-05 00:00:00-04:00,112.38466163917825,112.38466163917825,111.28284786849248,111.55830383300781,7755,0.0,0.0
2000-09-06 00:00:00-04:00,111.28284430959926,114.86373138427734,111.28284430959926,114.86373138427734,10635,0.0,0.0
2000-09-07 00:00:00-04:00,113.7619122448837,114.86372592799417,112.93555450439453,112.93555450439453,14835,0.0,0.0
2000-09-08 00:00:00-04:00,113.48651393898031,116.24103416980176,112.93560182291282,115.69013214111328,15990,0.0,0.0
2000-09-11 00:00:00-04:00,115.13923194017207,116.24103601503936,114.03741777792563,114.31287384033203,7020,0.0,0.0
2000-09-12 00:00:00-04:00,114.8637131221301,115.13916903404152,111.28282661677608,112.10918426513672,10710,0.0,0.0
2000-09-13 00:00:00-04:00,112.38464127725629,113.48645484831476,110.73192596435547,110.73192596435547,10575,0.0,0.0
2000-09-14 00:00:00-04:00,111.0074338544058,113.4865079844989,111.0074338544058,113.21105194091797,12945,0.0,0.0
2000-09-15 00:00:00-04:00,114.31287831798669,115.69013850920788,113.21106411258201,115.13923645019531,24825,0.0,0.0
2000-09-18 00:00:00-04:00,114.31281250476518,114.31281250476518,110.73192596435547,110.73192596435547,10155,0.0,0.0
2000-09-19 00:00:00-04:00,111.83372569516864,114.31279835771642,111.83372569516864,113.76188659667969,3540,0.0,0.0
2000-09-20 00:00:00-04:00,113.76194516385746,120.37280900073785,113.76194516385746,119.82190704345703,30630,0.0,0.0
2000-09-21 00:00:00-04:00,119.82188847475923,121.75006015750142,118.72007464356712,119.54643249511719,19725,0.0,0.0
2000-09-22 00:00:00-04:00,119.54642337529158,119.54642337529158,118.16916375690037,118.99552154541016,7800,0.0,0.0
2000-09-25 00:00:00-04:00,118.99554009218873,119.54644200793435,118.72008409062748,119.27099609375,10155,0.0,0.0
2000-09-26 00:00:00-04:00,118.99552154541016,118.99552154541016,118.16916375690037,118.99552154541016,6480,0.0,0.0
2000-09-27 00:00:00-04:00,118.72005644574777,118.72005644574777,117.61825287082002,118.44461059570312,11340,0.0,0.0
2000-09-28 00:00:00-04:00,118.7200715330031,122.85186068249712,118.16916967552918,120.71710968017578,10365,0.0,0.0
2000-09-29 00:00:00-04:00,121.19913178060102,121.19913178060102,119.27097044642339,120.09732818603516,16800,0.0,0.0
2000-10-02 00:00:00-04:00,120.09731085257465,124.50454476949828,120.09731085257465,122.8518295288086,12105,0.0,0.0
2000-10-03 00:00:00-04:00,122.30097794206175,123.12733590112974,120.37280600844397,120.64826202392578,13215,0.0,0.0
2000-10-04 00:00:00-04:00,120.0973492018262,120.37279510498047,119.27099131761037,120.37279510498047,10440,0.0,0.0
2000-10-05 00:00:00-04:00,119.82187444513495,120.09733039252461,117.34280118075284,118.16915893554688,6525,0.0,0.0
2000-10-06 00:00:00-04:00,118.72005737736376,118.99551331694454,117.06734191462841,117.8936996459961,6810,0.0,0.0
2000-10-09 00:00:00-04:00,117.34283749295412,124.22915760969481,117.34283749295412,123.6782455444336,6990,0.0,0.0
2000-10-10 00:00:00-04:00,123.40275694500174,123.40275694500174,116.7918951459369,118.44461059570312,9675,0.0,0.0
2000-10-11 00:00:00-04:00,117.8936996459961,119.54641510873144,115.96553833105463,117.8936996459961,10140,0.0,0.0
2000-10-12 00:00:00-04:00,118.16914841227451,118.16914841227451,114.58826176459606,115.41461944580078,6795,0.0,0.0
2000-10-13 00:00:00-04:00,115.96553948797632,121.19913178060102,115.96553948797632,120.09732818603516,6210,0.0,0.0
2000-10-16 00:00:00-04:00,119.54641510873144,120.64822877967987,117.3427978542092,117.8936996459961,7080,0.0,0.0
2000-10-17 00:00:00-04:00,117.8936996459961,118.72005737736376,115.41462645189308,117.8936996459961,6360,0.0,0.0
2000-10-18 00:00:00-04:00,116.79186501904536,116.79186501904536,115.13914999560308,115.96550750732422,7575,0.0,0.0
2000-10-19 00:00:00-04:00,115.41461094570502,123.12728543138131,115.41461094570502,122.8518295288086,7350,0.0,0.0
2000-10-20 00:00:00-04:00,123.1273150273101,123.40277099609376,122.85185905852646,123.40277099609375,6585,0.0,0.0
2000-10-23 00:00:00-04:00,123.40277099609376,123.40277099609376,123.1273150273101,123.40277099609375,5580,0.0,0.0
2000-10-24 00:00:00-04:00,123.40278005516714,124.22913793480582,122.57642217552848,123.95368194580078,11115,0.0,0.0
2000-10-25 00:00:00-04:00,123.67823784471592,123.67823784471592,118.99554610578981,120.64826202392578,13590,0.0,0.0
2000-10-26 00:00:00-04:00,114.58828615897228,115.00146508753512,94.75569758795537,100.81565856933594,94050,0.0,0.0
2000-10-27 00:00:00-04:00,100.26473999023438,101.91745542915376,94.7556818022534,100.26473999023438,67335,0.0,0.0
2000-10-30 00:00:00-05:00,100.54021781982712,102.46838980770006,96.95933995469156,97.78569793701172,47565,0.0,0.0
2000-10-31 00:00:00-05:00,97.23474459424378,98.33655813184835,96.6838428691282,97.51020050048828,34740,0.0,0.0
2000-11-01 00:00:00-05:00,98.33656425175879,98.47428716976542,95.03113352060723,96.95930480957031,49785,0.0,0.0
2000-11-02 00:00:00-05:00,96.95933344056084,97.5102353626365,96.13297551375884,97.23477935791016,29490,0.0,0.0
2000-11-03 00:00:00-05:00,97.23479176286608,99.71386585954576,96.9593458103761,99.1629638671875,51990,0.0,0.0
2000-11-06 00:00:00-05:00,99.71382811901157,100.54018583847126,99.71382811901157,100.26473999023438,19110,0.0,0.0
2000-11-07 00:00:00-05:00,99.71380026347727,101.09106946941293,98.61199700357477,99.4383544921875,21960,0.0,0.0
2000-11-08 00:00:00-05:00,98.61202276869538,101.36654172551765,98.61202276869538,100.5401840209961,16095,0.0,0.0
2000-11-09 00:00:00-05:00,100.81567993164062,100.81567993164062,98.61206187482924,99.1629638671875,28980,0.0,0.0
2000-11-10 00:00:00-05:00,99.16289863352603,99.71380026347727,99.16289863352603,99.4383544921875,21690,0.0,0.0
2000-11-13 00:00:00-05:00,99.71385983750696,99.98931586073958,97.78569793701172,97.78569793701172,30525,0.0,0.0
2000-11-14 00:00:00-05:00,97.2347739567426,101.36656336124123,97.2347739567426,99.98930358886719,24030,0.0,0.0
2000-11-15 00:00:00-05:00,99.43838047321692,101.6419976561496,98.61202276869538,100.5401840209961,24855,0.0,0.0
2000-11-16 00:00:00-05:00,101.09111745919232,101.09111745919232,99.43840169739285,99.98930358886719,26070,0.0,0.0
2000-11-17 00:00:00-05:00,99.43841546477914,104.1211074090773,99.43841546477914,102.46839141845703,9120,0.0,0.0
2000-11-20 00:00:00-05:00,102.4683636921208,102.4683636921208,100.81564814869951,101.64200592041016,11595,0.0,0.0
2000-11-21 00:00:00-05:00,101.36656044496101,101.64201642646164,100.26475669371086,100.81565856933594,38340,0.0,0.0
2000-11-22 00:00:00-05:00,101.36656336124123,101.64201935066664,99.98930358886719,99.98930358886719,7125,0.0,0.0
2000-11-24 00:00:00-05:00,99.98928405462297,100.26473999023438,95.03113773786481,100.26473999023438,22125,0.0,0.0
2000-11-27 00:00:00-05:00,99.7138611618468,102.19293514173286,99.7138611618468,101.3665771484375,21420,0.0,0.0
2000-11-28 00:00:00-05:00,101.36654996738156,101.64200592041016,100.26474633001746,101.64200592041016,33525,0.0,0.0
2000-11-29 00:00:00-05:00,100.9250717163086,103.40683577490636,100.64931678813424,100.9250717163086,6270,0.166667,0.0
2000-11-30 00:00:00-05:00,101.20081064852633,101.75231031938033,98.99479176846587,100.0978012084961,18465,0.0,0.0
2000-12-01 00:00:00-05:00,100.37356244725457,102.85532627068953,100.37356244725457,100.64930725097656,22710,0.0,0.0
2000-12-04 00:00:00-05:00,101.20080247720966,102.02805696585628,99.54629349991644,101.47654724121094,10785,0.0,0.0
2000-12-05 00:00:00-05:00,102.0280685984803,104.23407745361328,101.20081401551512,104.23407745361328,12165,0.0,0.0
2000-12-06 00:00:00-05:00,103.68259955226412,105.61285391925803,102.30383489204029,102.57958984375,5985,0.0,0.0
2000-12-07 00:00:00-05:00,103.68260829061103,103.68260829061103,100.64933386113462,101.20084381103516,7590,0.0,0.0
2000-12-08 00:00:00-05:00,100.64929275256434,102.02805696585628,100.64929275256434,101.47654724121094,17745,0.0,0.0
2000-12-11 00:00:00-05:00,102.30381339392034,104.7855771428159,101.47655881095515,104.23407745361328,17160,0.0,0.0
2000-12-12 00:00:00-05:00,103.131080846732,103.40683577490636,100.3735719582837,100.9250717163086,13605,0.0,0.0
2000-12-13 00:00:00-05:00,101.47655543479222,101.47655543479222,99.5463015376421,100.0978012084961,15285,0.0,0.0
2000-12-14 00:00:00-05:00,100.64930087935011,101.20081064852633,100.0978012084961,100.0978012084961,10380,0.0,0.0
2000-12-15 00:00:00-05:00,99.5462875366211,100.6492867231941,99.5462875366211,99.5462875366211,25230,0.0,0.0
2000-12-18 00:00:00-05:00,100.0978012084961,101.20081064852633,99.5463015376421,100.0978012084961,15405,0.0,0.0
2000-12-19 00:00:00-05:00,99.54631727208445,101.4765714743335,99.2705623439101,100.9250717163086,21015,0.0,0.0
2000-12-20 00:00:00-05:00,99.82204547755217,100.64930002598028,97.06453704833984,97.06453704833984,14205,0.0,0.0
2000-12-21 00:00:00-05:00,98.16752340592366,100.92504156899774,97.61602381263715,99.5462875366211,20565,0.0,0.0
2000-12-22 00:00:00-05:00,99.54633415798459,101.75234366261019,98.71907933145931,101.20084381103516,16530,0.0,0.0
2000-12-26 00:00:00-05:00,100.9250621530214,101.47656185878822,99.82205264316491,100.64930725097656,7020,0.0,0.0
2000-12-27 00:00:00-05:00,101.20082664448294,102.30382616053275,99.82206210193499,100.9250717163086,14310,0.0,0.0
2000-12-28 00:00:00-05:00,99.8220508736264,104.23407873651777,99.8220508736264,103.68257904052734,15180,0.0,0.0
2000-12-29 00:00:00-05:00,103.95833208090995,104.78558673963953,102.85533260148615,104.50984191894531,20925,0.0,0.0
2001-01-02 00:00:00-05:00,104.50984191894531,105.3370965776749,102.30382276345078,104.50984191894531,15270,0.0,0.0
2001-01-03 00:00:00-05:00,103.95833473816771,104.5098445903001,100.92507094473441,102.30382537841797,19035,0.0,0.0
2001-01-04 00:00:00-05:00,103.13105328888311,103.13105328888311,100.92504474793152,102.85530853271484,11250,0.0,0.0
2001-01-05 00:00:00-05:00,102.57955753332187,102.85531239817452,97.06453092451925,98.71903991699219,9105,0.0,0.0
2001-01-08 00:00:00-05:00,100.09783228148271,100.09783228148271,97.06456800269774,97.8918228149414,7830,0.0,0.0
2001-01-09 00:00:00-05:00,98.16753638069592,99.27054581137412,96.23728249991173,97.06453704833984,11325,0.0,0.0
2001-01-10 00:00:00-05:00,97.06456967840873,102.3038435141852,97.06456967840873,101.20084381103516,13920,0.0,0.0
2001-01-11 00:00:00-05:00,100.64928715809408,101.7522964477539,99.27053311975992,101.7522964477539,11700,0.0,0.0
2001-01-12 00:00:00-05:00,101.47657180966601,103.95833587646483,100.92507204981867,103.95833587646484,16410,0.0,0.0
2001-01-16 00:00:00-05:00,103.95833587646483,105.61284525433072,103.40683611661748,103.95833587646484,13095,0.0,0.0
2001-01-17 00:00:00-05:00,103.95832383936123,104.23407873651777,102.85532444738038,103.68257904052734,21075,0.0,0.0
2001-01-18 00:00:00-05:00,103.68259048261743,104.23409023946965,102.57958087058918,103.1310806274414,19425,0.0,0.0
2001-01-19 00:00:00-05:00,102.02805129474908,103.13105048608807,101.7522964477539,101.7522964477539,38040,0.0,0.0
2001-01-22 00:00:00-05:00,102.02807100749563,102.02807100749563,95.4100341875137,99.82205200195312,18360,0.0,0.0
2001-01-23 00:00:00-05:00,100.37354610864769,100.37354610864769,95.96151888572564,97.61602783203125,26235,0.0,0.0
2001-01-24 00:00:00-05:00,98.16752340592366,101.47654116228424,97.06452421935066,99.5462875366211,19695,0.0,0.0
2001-01-25 00:00:00-05:00,99.8220898157743,100.64934473164627,98.44333498876324,98.99483489990234,5475,0.0,0.0
2001-01-26 00:00:00-05:00,98.44328071331157,98.44328071331157,94.031253561734,95.96151733398438,15105,0.0,0.0
2001-01-29 00:00:00-05:00,98.16754424202165,100.19707489013673,97.41750140449248,100.19707489013672,9135,0.0,0.0
2001-01-30 00:00:00-05:00,99.71173975713202,99.93233757773086,98.16752471797743,98.47637176513672,5910,0.0,0.0
2001-01-31 00:00:00-05:00,98.47640791148463,99.71177635692924,96.7998335645742,97.10868072509766,15225,0.0,0.0
2001-02-01 00:00:00-05:00,94.85851414027643,105.88857768154455,93.88787355741239,102.3148422241211,59895,0.0,0.0
2001-02-02 00:00:00-05:00,101.74129344582077,105.00619243461784,101.47656590178016,102.88841247558594,48840,0.0,0.0
2001-02-05 00:00:00-05:00,102.93252351032034,102.93252351032034,100.15294034196774,102.49131774902344,30720,0.0,0.0
2001-02-06 00:00:00-05:00,101.47658013523585,102.57958984374999,100.59417842741935,102.57958984375,44460,0.0,0.0
2001-02-07 00:00:00-05:00,102.57957531178094,102.57957531178094,101.69717372897014,101.9618911743164,13590,0.0,0.0
2001-02-08 00:00:00-05:00,102.00599213360906,103.24136018309753,101.3000689765187,101.47654724121094,19800,0.0,0.0
2001-02-09 00:00:00-05:00,101.56479244824354,102.18247650993204,101.03535762250083,101.785400390625,13350,0.0,0.0
2001-02-12 00:00:00-05:00,101.47654176133236,101.9177474975586,101.03534612342695,101.9177474975586,21345,0.0,0.0
2001-02-13 00:00:00-05:00,101.91777689914218,103.28550396785714,101.91777689914218,102.80017852783203,21720,0.0,0.0
2001-02-14 00:00:00-05:00,102.80016740895547,104.78557843250819,102.80016740895547,103.68257904052734,18555,0.0,0.0
2001-02-15 00:00:00-05:00,103.6825927516957,105.22679816367092,103.6825927516957,104.91796112060547,23100,0.0,0.0
2001-02-16 00:00:00-05:00,104.5208209778018,104.5208209778018,101.47652120144767,102.35893249511719,19455,0.0,0.0
2001-02-20 00:00:00-05:00,101.6971496786059,102.35895323378485,101.52066132512289,101.9177474975586,12480,0.0,0.0
2001-02-21 00:00:00-05:00,102.57955659218023,102.57955659218023,101.47654724121094,101.47654724121094,11760,0.0,0.0
2001-02-22 00:00:00-05:00,101.47653838556502,102.3589498286628,101.03534276233665,101.43241882324219,30270,0.0,0.0
2001-02-23 00:00:00-05:00,100.59415304102438,102.00599945656073,99.93234940259659,101.82952117919922,24615,0.0,0.0
2001-02-26 00:00:00-05:00,101.47653838556502,101.87362454479108,101.03534276233665,101.43241882324219,13245,0.0,0.0
2001-02-27 00:00:00-05:00,100.94648990299376,102.13929512809146,100.94648990299376,101.65333557128906,15795,0.2,0.0
2001-02-28 00:00:00-05:00,101.60911857207786,104.08308249838798,100.94645038549581,103.9947280883789,16740,0.0,0.0
2001-03-01 00:00:00-05:00,103.59713850428322,105.14337124342478,103.1553663886847,104.21562957763672,17385,0.0,0.0
2001-03-02 00:00:00-05:00,104.2156415194222,104.92248709689092,103.81804656982422,103.81804656982422,13440,0.0,0.0
2001-03-05 00:00:00-05:00,104.48071493067094,105.58515545773764,102.66941871461879,103.81804656982422,15165,0.0,0.0
2001-03-06 00:00:00-05:00,103.81806738814413,105.80607286933294,103.72971293718268,104.70162200927734,13950,0.0,0.0
2001-03-07 00:00:00-05:00,105.14340816508334,106.42456797323618,104.92251191819963,105.0550537109375,7110,0.0,0.0
2001-03-08 00:00:00-05:00,105.09920028365717,105.32008635459577,103.46461302416301,104.3481674194336,24870,0.0,0.0
2001-03-09 00:00:00-05:00,102.05089441565651,105.58512115478516,102.05089441565651,105.58512115478516,15375,0.0,0.0
2001-03-12 00:00:00-05:00,104.92248709689092,104.92248709689092,103.64132759181949,103.81804656982422,18495,0.0,0.0
2001-03-13 00:00:00-05:00,103.3762437824906,104.03891201186553,102.9344615924024,103.59712982177734,19800,0.0,0.0
2001-03-14 00:00:00-05:00,101.60914582576436,103.59715091873487,101.16737365722656,101.16737365722656,18135,0.0,0.0
2001-03-15 00:00:00-05:00,101.29990477630336,103.81804656982422,101.29990477630336,103.81804656982422,17340,0.0,0.0
2001-03-16 00:00:00-05:00,104.92251105785775,104.92251105785775,102.58108770763494,103.50881958007812,39720,0.0,0.0
2001-03-19 00:00:00-05:00,103.81807027857188,104.43656156404035,101.83006474203445,103.50881958007812,9090,0.0,0.0
2001-03-20 00:00:00-05:00,101.60915159244392,103.8180530065631,99.9303970336914,99.9303970336914,33435,0.0,0.0
2001-03-21 00:00:00-05:00,100.8139595772641,101.2999191405314,97.98657686646919,98.03075408935547,13590,0.0,0.0
2001-03-22 00:00:00-05:00,97.85401377531899,100.2837905883789,97.85401377531899,100.2837905883789,13965,0.0,0.0
2001-03-23 00:00:00-05:00,99.84207396290098,101.12323394991361,99.13522811953408,100.99069213867188,25845,0.0,0.0
2001-03-26 00:00:00-05:00,100.50470529290305,101.87421923840384,100.06292301284846,101.16737365722656,11235,0.0,0.0
2001-03-27 00:00:00-05:00,101.16735305507905,104.03891201186553,100.72557086499084,103.59712982177734,20805,0.0,0.0
2001-03-28 00:00:00-05:00,104.0389176599163,104.0389176599163,96.04272126546323,98.51668548583984,43890,0.0,0.0
2001-03-29 00:00:00-05:00,99.17937876078335,102.36017914733745,99.17937876078335,99.97457885742188,19545,0.0,0.0
2001-03-30 00:00:00-05:00,100.5047109969017,104.03893910336807,99.84204259496941,99.9303970336914,29310,0.0,0.0
2001-04-02 00:00:00-04:00,99.97454264258766,100.72556524577975,96.30777392589872,96.88208770751953,80760,0.0,0.0
2001-04-03 00:00:00-04:00,96.74957104662916,96.74957104662916,94.36396114059913,94.76156616210938,38745,0.0,0.0
2001-04-04 00:00:00-04:00,94.98250341682838,96.74962319268121,94.98250341682838,95.42428588867188,22110,0.0,0.0
2001-04-05 00:00:00-04:00,95.2033758446955,98.51671827419165,95.2033758446955,98.07493591308594,20670,0.0,0.0
2001-04-06 00:00:00-04:00,98.07491968644226,98.07491968644226,97.19136522193492,97.45642852783203,16920,0.0,0.0
2001-04-09 00:00:00-04:00,96.52871137901964,98.5167168071126,96.52871137901964,98.20746612548828,8145,0.0,0.0
2001-04-10 00:00:00-04:00,98.29578932304639,98.73757153711801,97.89819443074569,98.51668548583984,10785,0.0,0.0
2001-04-11 00:00:00-04:00,99.40024288008775,99.40024288008775,95.20334710676703,96.79374694824219,5850,0.0,0.0
2001-04-12 00:00:00-04:00,96.30779780649762,98.07491679492983,95.64512944977511,97.72148895263672,12960,0.0,0.0
2001-04-16 00:00:00-04:00,97.4122804203129,99.84206856320833,97.19139426605695,98.95850372314453,20340,0.0,0.0
2001-04-17 00:00:00-04:00,98.51671176084457,99.84204864501953,98.51671176084457,99.84204864501953,8040,0.0,0.0
2001-04-18 00:00:00-04:00,98.73759188790983,103.59715679824076,98.73759188790983,99.9303970336914,24540,0.0,0.0
2001-04-19 00:00:00-04:00,100.28380938570315,101.60914611816406,100.0629233007986,101.60914611816406,9705,0.0,0.0
2001-04-20 00:00:00-04:00,101.56497257195315,101.56497257195315,98.56088126260994,98.91429901123047,20040,0.0,0.0
2001-04-23 00:00:00-04:00,99.17941358596305,100.15132290945353,98.07496244022813,100.01879119873047,18990,0.0,0.0
2001-04-24 00:00:00-04:00,100.01875686495268,101.2557392967875,99.17937954032115,99.66532897949219,5505,0.0,0.0
2001-04-25 00:00:00-04:00,99.17938363362481,101.60916126431484,98.69342406287947,101.38827514648438,4290,0.0,0.0
2001-04-26 00:00:00-04:00,101.3440828162786,102.05092839948996,100.72559166702906,101.60914611816406,13125,0.0,0.0
2001-04-27 00:00:00-04:00,101.38828341036744,102.27183806522373,100.2838325081577,100.63726043701172,17235,0.0,0.0
2001-04-30 00:00:00-04:00,100.06293534550416,102.0509406834943,99.66533023329892,101.65333557128906,24720,0.0,0.0
2001-05-01 00:00:00-04:00,102.2718019344565,105.14337124342478,101.83002981885798,104.21562957763672,10425,0.0,0.0
2001-05-02 00:00:00-04:00,103.81804084918095,104.34816741943358,103.59714466672618,104.3481674194336,12075,0.0,0.0
2001-05-03 00:00:00-04:00,104.3481514749976,105.58513350627479,103.81802498574848,104.65740203857422,12105,0.0,0.0
2001-05-04 00:00:00-04:00,104.48072078819074,107.74988555908203,103.95058404748887,107.74988555908203,24180,0.0,0.0
2001-05-07 00:00:00-04:00,106.64541755703591,106.64541755703591,104.25980766666392,104.61323547363281,50760,0.0,0.0
2001-05-08 00:00:00-04:00,104.9224759571544,105.14337212832834,104.03892160700565,104.61323547363281,12495,0.0,0.0
2001-05-09 00:00:00-04:00,105.14339157440662,105.80605998745642,104.17147250912424,105.40845489501953,20295,0.0,0.0
2001-05-10 00:00:00-04:00,105.58517126508625,108.67762744918707,104.56908501914342,108.45674133300781,17640,0.0,0.0
2001-05-11 00:00:00-04:00,108.23581848748334,110.00293731689453,108.01493242562535,110.00293731689453,15150,0.0,0.0
2001-05-14 00:00:00-04:00,110.00293731689453,110.44471955212627,108.32417291222653,110.00293731689453,19605,0.0,0.0
2001-05-15 00:00:00-04:00,111.10740871695958,111.94678602118415,108.9426844581185,110.44474029541016,34785,0.0,0.0
2001-05-16 00:00:00-04:00,110.44472676157088,112.65361785888672,110.2238305737778,112.65361785888672,22770,0.0,0.0
2001-05-17 00:00:00-04:00,111.54918092364743,111.54918092364743,108.6776211341058,110.44474029541016,18720,0.0,0.0
2001-05-18 00:00:00-04:00,110.44473009844207,110.44473009844207,109.11939337770681,109.73788452148438,13290,0.0,0.0
2001-05-21 00:00:00-04:00,109.1193846148713,111.9909439086914,109.1193846148713,111.9909439086914,12375,0.0,0.0
2001-05-22 00:00:00-04:00,111.99095213666142,111.99095213666142,110.17965593429913,111.4608154296875,17625,0.0,0.0
2001-05-23 00:00:00-04:00,111.54915601251177,111.99093823205857,109.56115119182435,111.3282699584961,23895,0.0,0.0
2001-05-24 00:00:00-04:00,110.8865262498837,111.32830862286167,108.89852073876116,110.35639953613281,14715,0.0,0.0
2001-05-25 00:00:00-04:00,110.66562094660227,112.21184381686744,110.66562094660227,112.12348937988281,10380,0.0,0.0
2001-05-29 00:00:00-04:00,113.53715528371058,113.53715528371058,112.0351099667903,112.56524658203125,13470,0.0,0.0
2001-05-30 00:00:00-04:00,112.12294302821714,112.60947526362216,110.7960442941554,110.97296142578125,22770,0.2,0.0
2001-05-31 00:00:00-04:00,111.68066341072141,113.67101192768537,110.79606744432722,112.96333312988281,13950,0.0,0.0
2001-06-01 00:00:00-04:00,112.12298908896267,114.42294311523438,112.12298908896267,114.42294311523438,20190,0.0,0.0
2001-06-04 00:00:00-04:00,113.31718020498909,114.4671620742395,111.45951952160836,113.22872161865234,12270,0.0,0.0
2001-06-05 00:00:00-04:00,112.1229697437127,113.8921718518201,111.45952021860198,112.3441162109375,19920,0.0,0.0
2001-06-06 00:00:00-04:00,112.7864198799593,112.91910776101314,108.76149341404081,110.13262176513672,14790,0.0,0.0
2001-06-07 00:00:00-04:00,110.13261799375994,110.53069174672626,107.03651692467756,107.69996643066406,16440,0.0,0.0
2001-06-08 00:00:00-04:00,109.24801895565788,110.57491793032807,108.58456946832278,109.77877044677734,8475,0.0,0.0
2001-06-11 00:00:00-04:00,109.7787356534265,111.3267907155239,108.89413999182267,109.69027709960938,9240,0.0,0.0
2001-06-12 00:00:00-04:00,110.13261761069893,111.23837015797578,108.36341555974316,110.57492065429688,14295,0.0,0.0
2001-06-13 00:00:00-04:00,111.01721767320606,111.01721767320606,108.230731679565,109.20379638671875,7005,0.0,0.0
2001-06-14 00:00:00-04:00,110.13262050103248,110.13262050103248,106.4615284267278,106.9038314819336,11985,0.0,0.0
2001-06-15 00:00:00-04:00,105.93076332604967,107.47880863562354,103.05580902099608,103.0558090209961,29835,0.0,0.0
2001-06-18 00:00:00-04:00,103.49811194678344,104.8692401053708,102.56928678637861,102.65774536132812,7815,0.0,0.0
2001-06-19 00:00:00-04:00,102.83465181252156,105.79805425876377,102.17120244598917,103.67501831054688,6660,0.0,0.0
2001-06-20 00:00:00-04:00,103.67502916951263,103.71925845701846,102.30390100996208,103.0558090209961,5985,0.0,0.0
2001-06-21 00:00:00-04:00,102.83467718152338,105.2230995396301,102.83467718152338,104.86925506591797,35160,0.0,0.0
2001-06-22 00:00:00-04:00,103.94045409360447,106.15194967059563,103.49815092883073,105.3558120727539,15975,0.0,0.0
2001-06-25 00:00:00-04:00,105.04616811062962,106.59422370252543,105.04616811062962,105.7096176147461,11220,0.0,0.0
2001-06-26 00:00:00-04:00,105.39999329442216,107.25765359089856,105.04614889933582,106.15190124511719,22395,0.0,0.0
2001-06-27 00:00:00-04:00,105.93078954474703,107.87690904698808,105.93078954474703,107.83267974853516,35355,0.0,0.0
2001-06-28 00:00:00-04:00,107.83263256656241,108.62876971380413,106.37303598594734,106.59419250488281,24735,0.0,0.0
2001-06-29 00:00:00-04:00,107.65573658490003,110.04415884354398,107.61150729295743,109.51339721679688,42825,0.0,0.0
2001-07-02 00:00:00-04:00,109.24802992094264,110.13262595169824,108.49612177628488,109.2922592163086,16695,0.0,0.0
2001-07-03 00:00:00-04:00,109.69031940657408,109.82301741191324,108.71726481585121,108.8499526977539,6840,0.0,0.0
2001-07-05 00:00:00-04:00,107.7441798267589,110.13260174530808,107.39034554160173,108.45185852050781,17640,0.0,0.0
2001-07-06 00:00:00-04:00,108.45184247396914,108.45184247396914,106.59419250488281,106.59419250488281,19140,0.0,0.0
2001-07-09 00:00:00-04:00,107.03649704768176,107.25765359089856,105.93075482533459,106.15190124511719,15510,0.0,0.0
2001-07-10 00:00:00-04:00,106.1519161151473,106.1519161151473,104.02887981753148,104.16156768798828,7665,0.0,0.0
2001-07-11 00:00:00-04:00,104.60391932915117,105.04621243623609,103.54239562526675,103.896240234375,6675,0.0,0.0
2001-07-12 00:00:00-04:00,104.33851707409097,104.82504953946963,103.94045333977648,104.64813232421875,8610,0.0,0.0
2001-07-13 00:00:00-04:00,104.82500284685936,108.14224977239289,104.82500284685936,107.21342468261719,61500,0.0,0.0
2001-07-16 00:00:00-04:00,107.21342131736607,108.80569574226962,106.68265980125358,107.3018798828125,11985,0.0,0.0
2001-07-17 00:00:00-04:00,106.81537137389365,109.02686637154524,106.81537137389365,108.00958251953125,10935,0.0,0.0
2001-07-18 00:00:00-04:00,107.69997998933388,108.8941912751396,106.68269601791825,106.81538391113281,6315,0.0,0.0
2001-07-19 00:00:00-04:00,106.81537877746928,107.92113141465495,106.01924133300781,106.01924133300781,9465,0.0,0.0
2001-07-20 00:00:00-04:00,106.37306871331086,107.25767481434973,104.60387675810549,104.73656463623047,10560,0.0,0.0
2001-07-23 00:00:00-04:00,105.267324479417,106.01923256608939,104.16157193366797,104.25003051757812,5685,0.0,0.0
2001-07-24 00:00:00-04:00,103.27696454765106,103.32119383471392,101.06545970076785,102.34812927246094,12270,0.0,0.0
2001-07-25 00:00:00-04:00,102.34809433627296,104.8249740600586,102.34809433627296,104.8249740600586,53265,0.0,0.0
2001-07-26 00:00:00-04:00,104.60387190743207,106.54999106666179,104.60387190743207,105.93077087402344,32520,0.0,0.0
2001-07-27 00:00:00-04:00,106.15192483254026,106.15192483254026,104.60387930321119,104.86925506591797,10155,0.0,0.0
2001-07-30 00:00:00-04:00,105.26732695190736,105.53270270987092,103.40966627585372,103.45389556884766,19125,0.0,0.0
2001-07-31 00:00:00-04:00,103.49812243090575,104.82502143643019,103.49812243090575,104.25003051757812,21105,0.0,0.0
2001-08-01 00:00:00-04:00,104.38272939394045,104.38272939394045,102.61353728241683,103.63082122802734,25050,0.0,0.0
2001-08-02 00:00:00-04:00,103.49813252782442,105.2673347489329,103.49813252782442,104.38272857666016,12810,0.0,0.0
2001-08-03 00:00:00-04:00,104.38270789304082,104.82501089153406,102.79043329596114,103.0558090209961,113235,0.0,0.0
2001-08-06 00:00:00-04:00,103.49811902965402,105.04616444408055,103.49811902965402,103.94042205810547,7380,0.0,0.0
2001-08-07 00:00:00-04:00,104.1616178130003,104.1616178130003,102.17126842803852,103.71931457519531,55440,0.0,0.0
2001-08-08 00:00:00-04:00,103.94041063345037,104.60386004148636,102.39235526574333,102.56928253173828,5535,0.0,0.0
2001-08-09 00:00:00-04:00,102.83467852395978,104.38272407349751,101.50777944623127,101.77315521240234,7980,0.0,0.0
2001-08-10 00:00:00-04:00,102.39236275337836,104.1615646786621,101.72891329682638,102.03852844238281,26685,0.0,0.0
2001-08-13 00:00:00-04:00,102.39234185094087,103.05579117205589,102.03850761217726,102.92310333251953,4020,0.0,0.0
2001-08-14 00:00:00-04:00,103.36542735548679,103.63080308873346,101.95006986463392,102.03852844238281,9540,0.0,0.0
2001-08-15 00:00:00-04:00,102.39236880973638,103.71926780132448,101.64046073096124,102.613525390625,67050,0.0,0.0
2001-08-16 00:00:00-04:00,102.39235526574333,103.71925408181532,101.9500624093424,102.56928253173828,17340,0.0,0.0
2001-08-17 00:00:00-04:00,102.83467852395978,103.055824995769,101.33086226878387,101.77315521240234,29340,0.0,0.0
2001-08-20 00:00:00-04:00,102.17122572339443,102.56929948337955,101.50777620571006,102.52507019042969,12615,0.0,0.0
2001-08-21 00:00:00-04:00,102.83467165076141,103.27697468825406,101.153928207038,101.552001953125,10425,0.0,0.0
2001-08-22 00:00:00-04:00,101.46353830742449,101.72891404261667,100.53471311081647,101.68468475341797,33510,0.0,0.0
2001-08-23 00:00:00-04:00,101.37510845723273,101.81740147455899,101.37510845723273,101.72894287109375,7140,0.0,0.0
2001-08-24 00:00:00-04:00,101.7289237778374,105.09040069580078,101.50777731068071,105.09040069580078,40290,0.0,0.0
2001-08-27 00:00:00-04:00,105.09040069580078,106.46152903904493,104.82502493521275,105.09040069580078,10995,0.0,0.0
2001-08-28 00:00:00-04:00,105.5326835312743,106.1519036440938,105.26730782153783,105.75382995605469,46800,0.0,0.0
2001-08-29 00:00:00-04:00,105.39954366289608,106.81667898749903,105.00096991828526,105.5766830444336,59085,0.2,0.0
2001-08-30 00:00:00-04:00,105.57671378835262,105.57671378835262,104.69100648659582,105.31100463867188,34560,0.0,0.0
2001-08-31 00:00:00-04:00,105.3552588175117,106.28525070673507,104.95668507290088,105.5766830444336,34530,0.0,0.0
2001-09-04 00:00:00-04:00,104.91240769768753,107.7023937001669,104.29240968200855,105.75382995605469,11040,0.0,0.0
2001-09-05 00:00:00-04:00,104.9567272410141,107.61385957622964,104.73530292513128,106.46243286132812,9015,0.0,0.0
2001-09-06 00:00:00-04:00,106.28526031986408,106.32954516925386,104.11527229130746,104.46955108642578,9765,0.0,0.0
2001-09-07 00:00:00-04:00,104.73527150349824,104.73527150349824,102.4767036144648,102.52098846435547,11970,0.0,0.0
2001-09-10 00:00:00-04:00,102.96386703586518,104.11529362827301,102.74244274353843,103.14100646972656,18585,0.0,0.0
2001-09-17 00:00:00-04:00,101.41388569881667,101.41388569881667,96.32104543502781,97.16246795654297,8715,0.0,0.0
2001-09-18 00:00:00-04:00,97.11816712202064,97.6495955194251,95.52389206596085,96.40959930419922,5445,0.0,0.0
2001-09-19 00:00:00-04:00,96.09962590277397,96.32105022572371,92.11392727274402,93.39820861816406,21990,0.0,0.0
2001-09-20 00:00:00-04:00,93.53102606669424,93.8853048427143,90.91817954893925,91.4496078491211,14805,0.0,0.0
2001-09-21 00:00:00-04:00,91.44966073432538,92.68965743978738,90.785377508982,91.89250946044922,24915,0.0,0.0
2001-09-24 00:00:00-04:00,91.89248709654768,96.67533326394349,91.89248709654768,95.6567611694336,30075,0.0,0.0
2001-09-25 00:00:00-04:00,95.43526990720626,95.43526990720626,92.77813951662185,94.10670471191406,28350,0.0,0.0
2001-09-26 00:00:00-04:00,94.54961506422293,94.77104949951172,91.98105264964872,94.77104949951172,9840,0.0,0.0
2001-09-27 00:00:00-04:00,94.10680445265308,95.74536519996826,91.93680490058868,95.70108032226562,13230,0.0,0.0
2001-09-28 00:00:00-04:00,95.4353215005047,96.94102683286256,95.4353215005047,95.8338851928711,20610,0.0,0.0
2001-10-01 00:00:00-04:00,95.21388924149711,95.21388924149711,90.78534285380665,91.18390655517578,13200,0.0,0.0
2001-10-02 00:00:00-04:00,90.56390996757328,92.55675891651367,90.56390996757328,92.5124740600586,12720,0.0,0.0
2001-10-03 00:00:00-04:00,91.62674032468976,92.77816653219337,90.78531815896835,92.55673217773438,29145,0.0,0.0
2001-10-04 00:00:00-04:00,93.61960966764235,94.06246833960466,90.91819305459413,93.84103393554688,16275,0.0,0.0
2001-10-05 00:00:00-04:00,94.32818243493662,98.13674086063611,93.22104076472883,97.47245788574219,21930,0.0,0.0
2001-10-08 00:00:00-04:00,96.80819259402745,96.98533205004813,94.3281996651153,96.09962463378906,15630,0.0,0.0
2001-10-09 00:00:00-04:00,96.09962875873529,98.09247813297527,96.09962875873529,97.07390594482422,10890,0.0,0.0
2001-10-10 00:00:00-04:00,97.073845215125,100.52811327557558,96.54241702055958,99.86383056640625,13740,0.0,0.0
2001-10-11 00:00:00-04:00,100.97102720488031,105.08958023469043,100.97102720488031,104.0267333984375,17025,0.0,0.0
2001-10-12 00:00:00-04:00,103.62812225728095,105.22239700677846,102.6538454961773,104.9566879272461,16935,0.0,0.0
2001-10-15 00:00:00-04:00,103.80526983207939,103.80526983207939,98.97815022007009,99.73100280761719,11865,0.0,0.0
2001-10-16 00:00:00-04:00,99.77532381056547,106.15244589460747,99.77532381056547,105.70958709716797,18210,0.0,0.0
2001-10-17 00:00:00-04:00,105.70954358601848,106.72811536002777,102.34384446484096,103.98241424560547,11985,0.0,0.0
2001-10-18 00:00:00-04:00,104.51384363266037,104.51384363266037,101.19242900306149,104.38098907470703,10155,0.0,0.0
2001-10-19 00:00:00-04:00,103.84958599355451,103.84958599355451,101.63531241337594,103.00816345214844,6405,0.0,0.0
2001-10-22 00:00:00-04:00,103.18527134886781,104.42526741811119,101.41385708093648,102.52098846435547,16725,0.0,0.0
2001-10-23 00:00:00-04:00,102.52100237968389,102.74243679534524,99.37673706606138,100.92672729492188,21825,0.0,0.0
2001-10-24 00:00:00-04:00,100.97100324336297,102.91956713959246,100.57242943925696,102.87528228759766,22275,0.0,0.0
2001-10-25 00:00:00-04:00,102.43243595835783,102.43243595835783,99.19959069292855,100.04102325439453,18285,0.0,0.0
2001-10-26 00:00:00-04:00,99.99668866585343,101.81238718545053,98.8895475110559,100.52810668945312,30030,0.0,0.0
2001-10-29 00:00:00-05:00,100.52817063897152,102.91959381103516,100.52817063897152,102.91959381103516,32415,0.0,0.0
2001-10-30 00:00:00-05:00,102.74243542056996,104.07100135214564,101.9010028973927,102.7867202758789,27885,0.0,0.0
2001-10-31 00:00:00-05:00,102.07814837159998,103.36242939649476,101.67957455360899,103.1852798461914,18915,0.0,0.0
2001-11-01 00:00:00-05:00,103.14102954918278,103.18531441755758,101.63532375212638,102.9638900756836,16155,0.0,0.0
2001-11-02 00:00:00-05:00,102.96385080079123,104.95669952596784,102.96385080079123,104.73527526855469,10155,0.0,0.0
2001-11-05 00:00:00-05:00,104.07096940690116,105.62095913924237,104.07096940690116,105.1781005859375,9360,0.0,0.0
2001-11-06 00:00:00-05:00,104.51387280370753,107.17100524902345,104.51387280370753,107.17100524902344,7095,0.0,0.0
2001-11-07 00:00:00-05:00,107.17099384467407,107.61385258381958,105.84242776339235,107.126708984375,4770,0.0,0.0
2001-11-08 00:00:00-05:00,106.72812424105823,108.76525782243823,105.84240693704758,108.27811431884766,11160,0.0,0.0
2001-11-09 00:00:00-05:00,108.05669301296903,108.05669301296903,107.1709756847611,107.65811920166016,5250,0.0,0.0
2001-11-12 00:00:00-05:00,107.65810415125114,108.80953043526229,105.84239503202612,107.30382537841797,7395,0.0,0.0
2001-11-13 00:00:00-05:00,107.61387316106698,109.82814700788441,106.94958999340606,108.23387145996094,10125,0.0,0.0
2001-11-14 00:00:00-05:00,108.49959698703933,110.93530568009211,108.27817260991026,110.58101654052734,10710,0.0,0.0
2001-11-15 00:00:00-05:00,110.66956927506762,110.66956927506762,109.38528793049734,109.69528198242188,5460,0.0,0.0
2001-11-16 00:00:00-05:00,110.04956483929334,111.55527042189591,109.16384732563462,110.93527221679688,7530,0.0,0.0
2001-11-19 00:00:00-05:00,110.7138266859131,112.70667550544262,110.62525697875445,112.2638168334961,17415,0.0,0.0
2001-11-20 00:00:00-05:00,112.04238752051087,112.04238752051087,107.61383140891607,108.27811431884766,25680,0.0,0.0
2001-11-21 00:00:00-05:00,108.49952899681222,109.47381591796875,107.83524614553347,109.47381591796875,16680,0.0,0.0
2001-11-23 00:00:00-05:00,109.60670608246397,111.15669652713396,109.60670608246397,110.93527221679688,2025,0.0,0.0
2001-11-26 00:00:00-05:00,110.2709662699868,112.92809798733587,110.2709662699868,111.11238861083984,14505,0.0,0.0
2001-11-27 00:00:00-05:00,110.18239183384168,112.8395234371139,110.04953728090861,112.66238403320312,17610,0.0,0.0
2001-11-28 00:00:00-05:00,112.66239046437218,112.66239046437218,111.28791879528893,111.7313003540039,9030,0.2,0.0
2001-11-29 00:00:00-05:00,111.73129964672863,111.73129964672863,110.84454668303303,111.28791809082031,21975,0.0,0.0
2001-11-30 00:00:00-05:00,111.73128870448947,111.95297438667265,110.31248004227704,110.84453582763672,20280,0.0,0.0
2001-12-03 00:00:00-05:00,110.8888508318583,113.2830861659333,110.44546940786604,112.6180191040039,12900,0.0,0.0
2001-12-04 00:00:00-05:00,112.61804581878505,113.50480887712379,111.42093294183245,112.30768585205078,20730,0.0,0.0
2001-12-05 00:00:00-05:00,112.30771146890196,114.61327362060545,112.30771146890196,114.61327362060547,17880,0.0,0.0
2001-12-06 00:00:00-05:00,114.6132270846112,117.9385625913999,114.16985578245178,117.4065170288086,21855,0.0,0.0
2001-12-07 00:00:00-05:00,117.71689915785716,118.2489549689857,116.9631576538086,116.9631576538086,21060,0.0,0.0
2001-12-10 00:00:00-05:00,116.74146455981877,118.60364455853109,116.74146455981877,117.53954315185547,14535,0.0,0.0
2001-12-11 00:00:00-05:00,118.16029128553089,118.38197699832622,116.83015671251599,117.49522399902344,10695,0.0,0.0
2001-12-12 00:00:00-05:00,117.53955961703448,117.84991961092243,115.72170635132689,116.03206634521484,6720,0.0,0.0
2001-12-13 00:00:00-05:00,116.38674986634426,116.8301313437796,112.30767274792066,113.68214416503906,21495,0.0,0.0
2001-12-14 00:00:00-05:00,113.94819207667322,115.72170822917619,112.92842764637209,113.77084350585938,10665,0.0,0.0
2001-12-17 00:00:00-05:00,114.16989480601481,117.80559146700556,114.16989480601481,116.34244537353516,11295,0.0,0.0
2001-12-18 00:00:00-05:00,116.60846244059384,118.42631575465136,116.5641252974306,117.71691131591797,12780,0.0,0.0
2001-12-19 00:00:00-05:00,118.73667289175975,118.91402144497589,117.36219115997339,118.38196563720703,17730,0.0,0.0
2001-12-20 00:00:00-05:00,118.38192377200016,119.49037213384436,116.16503719642863,118.6922836303711,23970,0.0,0.0
2001-12-21 00:00:00-05:00,118.73663090111238,119.04699075948331,117.98287952026352,118.6922836303711,22665,0.0,0.0
2001-12-24 00:00:00-05:00,119.49043066984444,121.17526245117188,119.44609352550013,121.17526245117188,9960,0.0,0.0
2001-12-26 00:00:00-05:00,121.70726977763172,122.5053482055664,121.26388836294899,122.5053482055664,16260,0.0,0.0
2001-12-27 00:00:00-05:00,122.37238154685788,123.48083041459094,122.23937011827908,123.34780883789062,13665,0.0,0.0
2001-12-28 00:00:00-05:00,123.43644493028405,124.8995903678819,123.0817377781998,124.67789459228516,9540,0.0,0.0
2001-12-31 00:00:00-05:00,125.03266965185342,128.2249951619509,124.23459081135982,124.899658203125,28155,0.0,0.0
2002-01-02 00:00:00-05:00,124.58926751256182,124.63360465484433,122.8157615250185,123.1261215209961,17925,0.0,0.0
2002-01-03 00:00:00-05:00,123.03744056167835,123.03744056167835,121.4856203697335,122.28369903564453,20895,0.0,0.0
2002-01-04 00:00:00-05:00,122.15069583255988,123.87986470032736,121.92899997014035,123.34780883789062,22365,0.0,0.0
2002-01-07 00:00:00-05:00,123.92417947929248,124.1458753017038,121.3082479301723,121.9289779663086,20955,0.0,0.0
2002-01-08 00:00:00-05:00,121.04225101813894,121.97334119749128,117.31787000448593,121.17526245117188,59865,0.0,0.0
2002-01-09 00:00:00-05:00,124.14588090636822,125.29865661284747,122.59405067190903,123.70249938964844,29805,0.0,0.0
2002-01-10 00:00:00-05:00,124.58926622063109,125.8307264879109,123.92419894516843,125.25433349609375,14250,0.0,0.0
2002-01-11 00:00:00-05:00,125.25431726815403,126.58445164674724,123.6138229370117,123.61382293701172,10515,0.0,0.0
2002-01-14 00:00:00-05:00,123.25910457352325,125.78636169433592,123.25910457352325,125.78636169433594,17235,0.0,0.0
2002-01-15 00:00:00-05:00,125.69771290742439,128.31364482260355,125.5203643431739,127.60424041748047,31800,0.0,0.0
2002-01-16 00:00:00-05:00,127.6042326158989,127.6485697542508,125.03263799900681,125.1656494140625,18915,0.0,0.0
2002-01-17 00:00:00-05:00,125.60904892246216,128.18064390739258,125.38736319897572,128.1363067626953,11115,0.0,0.0
2002-01-18 00:00:00-05:00,127.69291547491724,129.68811727921283,126.36278093872019,129.24473571777344,23850,0.0,0.0
2002-01-22 00:00:00-05:00,128.1362702868443,128.80133741610453,124.14586751128292,125.78636169433594,41730,0.0,0.0
2002-01-23 00:00:00-05:00,126.36279125602877,131.15127394768547,125.919409658388,130.3531951904297,60285,0.0,0.0
2002-01-24 00:00:00-05:00,129.68812065660427,132.3483897982782,129.68812065660427,132.08236694335938,23025,0.0,0.0
2002-01-25 00:00:00-05:00,132.08231638564882,132.1266535111642,129.9540937684414,130.6634979248047,25410,0.0,0.0
2002-01-28 00:00:00-05:00,131.01819857083834,131.37290570546443,128.57961619612044,129.6880645751953,21450,0.0,0.0
2002-01-29 00:00:00-05:00,129.90977389705262,130.13146970219177,126.80613410629348,127.55987548828125,52860,0.0,0.0
2002-01-30 00:00:00-05:00,127.24955121231004,129.90982064635222,126.71750544399963,128.71270751953125,33975,0.0,0.0
2002-01-31 00:00:00-05:00,128.7127283231532,128.7127283231532,126.36281854081345,127.47126770019531,62745,0.0,0.0
2002-02-01 00:00:00-05:00,127.4712671829367,127.4712671829367,124.27894132944527,125.8750991821289,48735,0.0,0.0
2002-02-04 00:00:00-05:00,125.69772856374627,125.69772856374627,122.15070609633037,123.30348205566406,36405,0.0,0.0
2002-02-05 00:00:00-05:00,124.27887001714868,126.80612695717254,123.83548857998639,126.14105987548828,23070,0.0,0.0
2002-02-06 00:00:00-05:00,126.18542535702926,126.36277391249533,124.81095375592594,126.05241394042969,41250,0.0,0.0
2002-02-07 00:00:00-05:00,125.47604180161956,125.47604180161956,122.90444672829034,122.94878387451172,29895,0.0,0.0
2002-02-08 00:00:00-05:00,123.70252199168898,125.91940968410152,123.52517341184524,125.56471252441406,34170,0.0,0.0
2002-02-11 00:00:00-05:00,125.91939460202276,129.2003936767578,125.7863831830715,129.2003936767578,19935,0.0,0.0
2002-02-12 00:00:00-05:00,128.5796793272578,129.42210538007234,126.80617322770745,129.06739807128906,44415,0.0,0.0
2002-02-13 00:00:00-05:00,129.0230571711079,132.21538226475965,128.5796755850635,129.9541473388672,40800,0.0,0.0
2002-02-14 00:00:00-05:00,129.68808342947324,131.55027332372526,129.68808342947324,131.3729248046875,20040,0.0,0.0
2002-02-15 00:00:00-05:00,131.81633747390467,132.12670762775144,130.92958445228274,131.2399444580078,13455,0.0,0.0
2002-02-19 00:00:00-05:00,131.6833313911863,131.6833313911863,128.40233188536948,128.80137634277344,26790,0.0,0.0
2002-02-20 00:00:00-05:00,128.57963727463348,130.88520865737092,128.57963727463348,130.752197265625,18330,0.0,0.0
2002-02-21 00:00:00-05:00,131.01826500776264,131.2399507367435,127.47124260345785,128.57968139648438,41505,0.0,0.0
2002-02-22 00:00:00-05:00,129.02303769598643,129.90979058610435,127.20518463053052,129.7767791748047,16545,0.0,0.0
2002-02-25 00:00:00-05:00,129.33343669222984,132.25973936466545,129.33343669222984,131.2843017578125,17670,0.0,0.0
2002-02-26 00:00:00-05:00,132.17100328847596,132.92474464250495,130.97388048873404,131.3729248046875,14250,0.0,0.0
2002-02-27 00:00:00-05:00,131.6170966613122,132.06099239472582,130.9068533277283,131.08441162109375,16575,0.233333,0.0
2002-02-28 00:00:00-05:00,131.39514438406795,134.280517578125,131.17319650764915,134.280517578125,32475,0.0,0.0
2002-03-01 00:00:00-05:00,134.28049758818122,136.9439123492022,134.05853958468214,136.72195434570312,26085,0.0,0.0
2002-03-04 00:00:00-05:00,136.72196643892676,139.07465442731652,136.6775768663248,137.83172607421875,34395,0.0,0.0
2002-03-05 00:00:00-05:00,137.6097229686803,138.71947199834887,135.83411029704567,137.1658172607422,23370,0.0,0.0
2002-03-06 00:00:00-05:00,137.16585608756188,137.16585608756188,133.96975643796347,134.50244140625,41940,0.0,0.0
2002-03-07 00:00:00-05:00,134.50242601001554,134.85755266826277,132.8599918859358,133.08193969726562,26820,0.0,0.0
2002-03-08 00:00:00-05:00,134.05857956946494,136.27809930573153,134.05857956946494,135.56785583496094,19725,0.0,0.0
2002-03-11 00:00:00-05:00,135.39023236510965,135.61219034467345,133.57023992543,134.76876831054688,11970,0.0,0.0
2002-03-12 00:00:00-05:00,133.83661768620848,134.28052361913907,132.59368920210127,133.6146697998047,19770,0.0,0.0
2002-03-13 00:00:00-05:00,133.1707568599812,135.39026608760673,132.19417605106514,133.79222106933594,53340,0.0,0.0
2002-03-14 00:00:00-05:00,133.1707763671875,133.21516594863496,132.37175374100917,133.1707763671875,14340,0.0,0.0
2002-03-15 00:00:00-05:00,133.17075787578594,134.280517578125,132.06099817344688,134.280517578125,17565,0.0,0.0
2002-03-18 00:00:00-05:00,133.61464876488816,135.30147275624677,132.68244746850246,134.14732360839844,22545,0.0,0.0
2002-03-19 00:00:00-05:00,133.83663940429688,134.90200975216203,133.2151750613963,133.83663940429688,19485,0.0,0.0
2002-03-20 00:00:00-05:00,133.17077969837575,135.39028930664062,131.839071901392,135.39028930664062,20880,0.0,0.0
2002-03-21 00:00:00-05:00,135.3902433785911,136.27805504882656,132.86000755074605,135.52342224121094,24525,0.0,0.0
2002-03-22 00:00:00-05:00,134.63561413758615,137.16586019258028,134.05853958468214,136.72195434570312,25335,0.0,0.0
2002-03-25 00:00:00-05:00,135.83418093393828,136.27808687271767,133.1707656215081,133.57028198242188,14715,0.0,0.0
2002-03-26 00:00:00-05:00,133.57028278492933,135.4346653867334,133.57028278492933,135.34588623046875,7575,0.0,0.0
2002-03-27 00:00:00-05:00,136.05617022010182,136.5000762939453,134.94642027568233,136.5000762939453,9870,0.0,0.0
2002-03-28 00:00:00-05:00,136.05613559809703,140.71711262694026,135.8341876977171,140.45077514648438,22545,0.0,0.0
2002-04-01 00:00:00-05:00,140.05123852297072,140.05123852297072,136.50002182955947,139.16343688964844,21510,0.0,0.0
2002-04-02 00:00:00-05:00,138.4975855971888,139.16343937409835,137.74295267137427,138.58636474609375,22095,0.0,0.0
2002-04-03 00:00:00-05:00,138.49757788601727,139.29660034179688,137.60977628627572,139.29660034179688,28470,0.0,0.0
2002-04-04 00:00:00-05:00,138.4975439443279,139.82925109763875,138.0536381731845,139.51852416992188,19290,0.0,0.0
2002-04-05 00:00:00-05:00,139.8293300574113,143.9576225318432,139.51860295423094,142.1376190185547,25635,0.0,0.0
2002-04-08 00:00:00-04:00,140.4951271413595,142.3151299179591,138.09804981802728,142.0487823486328,19560,0.0,0.0
2002-04-09 00:00:00-04:00,141.95997164656526,143.3360682750515,141.60485517992038,143.11412048339844,25350,0.0,0.0
2002-04-10 00:00:00-04:00,142.93662732806504,145.37808462818202,142.7146692752375,144.93418884277344,25515,0.0,0.0
2002-04-11 00:00:00-04:00,144.7121762229051,144.75656578470785,143.33607948678076,143.735595703125,16020,0.0,0.0
2002-04-12 00:00:00-04:00,143.7800349969639,144.6234471230633,143.4249082195877,144.53466796875,9075,0.0,0.0
2002-04-15 00:00:00-04:00,144.71219094349624,145.3780445983898,142.35951344826987,142.84780883789062,17385,0.0,0.0
2002-04-16 00:00:00-04:00,142.9366333320432,144.71223686850732,142.9366333320432,144.26834106445312,17175,0.0,0.0
2002-04-17 00:00:00-04:00,144.04636425790352,146.04392559658072,144.04636425790352,144.3571014404297,10770,0.0,0.0
2002-04-18 00:00:00-04:00,144.40150374015988,145.82199057371386,144.0019873731689,144.93418884277344,10860,0.0,0.0
2002-04-19 00:00:00-04:00,145.37803831520498,147.19804093595303,144.71218468908936,146.75413513183594,11655,0.0,0.0
2002-04-22 00:00:00-04:00,146.265874916693,146.265874916693,142.6258690532091,143.15855407714844,8430,0.0,0.0
2002-04-23 00:00:00-04:00,143.1585646243828,144.57905135279444,142.49271083543218,142.89222717285156,10545,0.0,0.0
2002-04-24 00:00:00-04:00,143.15855338196772,146.04391618745518,143.06977423842923,143.6912384033203,12165,0.0,0.0
2002-04-25 00:00:00-04:00,143.73559919412114,144.9341377121441,141.3385221580752,143.64682006835938,25485,0.0,0.0
2002-04-26 00:00:00-04:00,144.26827394393482,144.4458321829479,140.9833957215982,141.95997619628906,17775,0.0,0.0
2002-04-29 00:00:00-04:00,141.0722075799288,141.3829345703125,140.05122714842537,141.3829345703125,14115,0.0,0.0
2002-04-30 00:00:00-04:00,141.38294314914612,144.0463581545311,141.38294314914612,142.58148193359375,11265,0.0,0.0
2002-05-01 00:00:00-04:00,143.60248623523313,144.09077161641824,140.7615023077198,143.78004455566406,16785,0.0,0.0
2002-05-02 00:00:00-04:00,143.3361058611808,144.0463491408319,142.58147301155913,142.9365997314453,8460,0.0,0.0
2002-05-03 00:00:00-04:00,142.49267455257467,142.49267455257467,140.18438674669486,140.58389282226562,18330,0.0,0.0
2002-05-06 00:00:00-04:00,140.27318226772854,141.64927923130855,139.34098099554782,139.65171813964844,14295,0.0,0.0
2002-05-07 00:00:00-04:00,139.60735059389543,139.8292984746079,136.72197734402013,138.4532012939453,16245,0.0,0.0
2002-05-08 00:00:00-04:00,137.83173818564748,141.96002976111575,137.83173818564748,141.24978637695312,26400,0.0,0.0
2002-05-09 00:00:00-04:00,141.69369287882168,143.29173795966125,140.71710187154642,140.85028076171875,20715,0.0,0.0
2002-05-10 00:00:00-04:00,140.98344215272687,140.98344215272687,139.3853869949529,140.00685119628906,15945,0.0,0.0
2002-05-13 00:00:00-04:00,140.05126909172233,142.71468473315048,139.87371075832695,142.49273681640625,9135,0.0,0.0
2002-05-14 00:00:00-04:00,142.49268901306476,145.82195744794944,142.49268901306476,145.51123046875,13710,0.0,0.0
2002-05-15 00:00:00-04:00,145.28927643587596,148.26342840436266,144.71220187004658,147.73074340820312,18285,0.0,0.0
2002-05-16 00:00:00-04:00,149.15120515695065,150.52730190814074,148.21901418876755,148.4853515625,19515,0.0,0.0
2002-05-17 00:00:00-04:00,147.3756329388245,148.70734049598295,146.0439253816661,148.21905517578125,22845,0.0,0.0
2002-05-20 00:00:00-04:00,148.26339078753497,151.01558404927505,147.81948504334125,147.90826416015625,33960,0.0,0.0
2002-05-21 00:00:00-04:00,146.93172707362123,148.04147652140705,145.37806159052644,145.6444091796875,12540,0.0,0.0
2002-05-22 00:00:00-04:00,144.7122026338934,147.28683832882007,144.7122026338934,145.77757263183594,27090,0.0,0.0
2002-05-23 00:00:00-04:00,145.7776102052642,146.26590576018697,145.33370423168682,145.6000518798828,34785,0.0,0.0
2002-05-24 00:00:00-04:00,145.55562585679414,147.4200081267743,145.15610956458616,146.265869140625,14250,0.0,0.0
2002-05-28 00:00:00-04:00,146.04394495888474,146.48785092415068,144.26834141806842,145.15614318847656,26850,0.0,0.0
2002-05-29 00:00:00-04:00,145.37809109104768,146.48785092415068,144.88980570539124,145.15614318847656,22005,0.0,0.0
2002-05-30 00:00:00-04:00,145.15618280937377,145.9108160442191,143.2917894385125,144.80105590820312,12150,0.0,0.0
2002-05-31 00:00:00-04:00,145.1561068268619,146.82074107946352,144.82317997634158,145.75537109375,16540,0.0,1.5
2002-06-03 00:00:00-04:00,146.15489053768584,146.8207442531195,142.2929369561464,143.29171752929688,15960,0.0,0.0
2002-06-04 00:00:00-04:00,143.29171752929688,144.75659367122663,141.82684138736712,143.29171752929688,15950,0.0,0.0
2002-06-05 00:00:00-04:00,143.49146910636657,144.82317647626323,142.1597617364699,144.49024963378906,19030,0.0,0.0
2002-06-06 00:00:00-04:00,144.3236652396281,144.3236652396281,139.3240001620428,139.8572998046875,31100,0.25,0.0
2002-06-07 00:00:00-04:00,139.32392608777386,139.99054774369623,137.99068277592914,139.05728149414062,18300,0.0,0.0
2002-06-10 00:00:00-04:00,139.32398757896803,141.7238306682045,139.32398757896803,140.12393188476562,15530,0.0,0.0
2002-06-11 00:00:00-04:00,140.32389416387372,141.25716065014615,139.190639095731,139.6572723388672,14570,0.0,0.0
2002-06-12 00:00:00-04:00,139.65719548454402,140.12382847088887,136.39075440829393,138.52394104003906,24940,0.0,0.0
2002-06-13 00:00:00-04:00,138.65730272616923,138.7906250213458,133.99095119211546,135.1908721923828,14190,0.0,0.0
2002-06-14 00:00:00-04:00,135.190889172825,139.2572756315777,132.12442513940982,137.8573760986328,25080,0.0,0.0
2002-06-17 00:00:00-04:00,137.99070217653298,142.59038818034782,137.99070217653298,140.857177734375,19710,0.0,0.0
2002-06-18 00:00:00-04:00,140.9904791000057,145.12353129930233,140.32385744941465,140.92381286621094,29500,0.0,0.0
2002-06-19 00:00:00-04:00,139.3239599517036,141.6571363145312,138.45734955399934,139.25729370117188,25210,0.0,0.0
2002-06-20 00:00:00-04:00,139.32395790109632,143.45701107719117,137.6574033807483,137.7907257080078,19080,0.0,0.0
2002-06-21 00:00:00-04:00,135.99085594528424,137.25743337799858,133.6576794952426,134.19097900390625,46890,0.0,0.0
2002-06-24 00:00:00-04:00,134.25761978316592,135.65752956237398,132.85772017579882,133.05770874023438,28760,0.0,0.0
2002-06-25 00:00:00-04:00,133.3243707332012,137.39076810930072,133.3243707332012,133.3910369873047,39270,0.0,0.0
2002-06-26 00:00:00-04:00,131.99114610878127,137.32412170913608,131.52451277811898,134.05767822265625,43930,0.0,0.0
2002-06-27 00:00:00-04:00,132.72439254040336,133.9909697780266,128.59132961375798,129.65792846679688,41080,0.0,0.0
2002-06-28 00:00:00-04:00,129.99121116025606,138.32398110642632,129.99121116025606,136.99073791503906,31660,0.0,0.0
2002-07-01 00:00:00-04:00,138.3240058118863,138.99062752664238,133.19102064263254,133.65765380859375,20830,0.0,0.0
2002-07-02 00:00:00-04:00,134.32425070432097,134.32425070432097,129.59123333533415,130.05787658691406,23600,0.0,0.0
2002-07-03 00:00:00-04:00,130.65783931458458,135.19086842721345,130.65783931458458,134.45758056640625,26830,0.0,0.0
2002-07-05 00:00:00-04:00,134.52424675590117,138.05734342368882,133.65763660390215,136.79075622558594,6230,0.0,0.0
2002-07-08 00:00:00-04:00,136.12418736423373,137.72408599699975,133.32437747169666,134.32431030273438,17030,0.0,0.0
2002-07-09 00:00:00-04:00,134.99091906157682,136.52415128775567,132.39109802246094,132.39109802246094,10160,0.0,0.0
2002-07-10 00:00:00-04:00,133.65762756810042,135.5241700373343,131.8577513259899,131.99107360839844,18930,0.0,0.0
2002-07-11 00:00:00-04:00,131.9911068329075,132.9910394604295,128.924642706437,132.25775146484375,23300,0.0,0.0
2002-07-12 00:00:00-04:00,132.3244181891661,133.25768457617204,128.99130941865812,129.92457580566406,15010,0.0,0.0
2002-07-15 00:00:00-04:00,129.99127102728244,129.99127102728244,124.32498485429834,125.92487335205078,18180,0.0,0.0
2002-07-16 00:00:00-04:00,124.99159307152742,127.52475805881208,124.65828215667001,126.32483673095703,11770,0.0,0.0
2002-07-17 00:00:00-04:00,126.19150034325463,127.72473241518453,121.99178124947822,123.05838012695312,34040,0.0,0.0
2002-07-18 00:00:00-04:00,123.05839861213028,123.19172094888143,114.6589591628584,114.85894775390625,64730,0.0,0.0
2002-07-19 00:00:00-04:00,114.85893729981053,118.59201324828133,112.32577244473025,113.1923828125,28310,0.0,0.0
2002-07-22 00:00:00-04:00,113.32571808491826,113.72569527630793,106.9928103095846,107.85942077636719,46060,0.0,0.0
2002-07-23 00:00:00-04:00,109.32595705337755,111.12583358025422,108.5926691263568,110.32588958740234,19950,0.0,0.0
2002-07-24 00:00:00-04:00,111.32579828077748,113.65897369384766,108.8593005927565,113.65897369384766,39470,0.0,0.0
2002-07-25 00:00:00-04:00,113.65897882776316,120.3251945947874,113.32566803941195,118.05868530273438,35070,0.0,0.0
2002-07-26 00:00:00-04:00,118.65867019485641,122.19176746536351,117.59207133785182,121.32515716552734,44890,0.0,0.0
2002-07-29 00:00:00-04:00,122.65843118337551,129.52463887637873,122.65843118337551,128.85801696777344,37340,0.0,0.0
2002-07-30 00:00:00-04:00,129.3246404231348,129.6579513520604,125.32490927602754,128.25804138183594,25730,0.0,0.0
2002-07-31 00:00:00-04:00,129.65794855700457,129.92459322566003,125.6582174961201,129.12464904785156,18550,0.0,0.0
2002-08-01 00:00:00-04:00,129.32466858237996,132.0578228634258,126.52485820414063,130.72457885742188,20550,0.0,0.0
2002-08-02 00:00:00-04:00,132.32438560029968,132.32438560029968,127.19140139223757,127.45804595947266,19590,0.0,0.0
2002-08-05 00:00:00-04:00,127.65810981170638,128.99135377840827,123.25840065285243,123.45838928222656,17310,0.0,0.0
2002-08-06 00:00:00-04:00,123.79167600095201,128.99132848591552,123.79167600095201,124.7249526977539,15080,0.0,0.0
2002-08-07 00:00:00-04:00,125.9914763734551,128.85795115071082,124.05827789466105,127.05807495117188,26600,0.0,0.0
2002-08-08 00:00:00-04:00,125.72485923411081,132.3244101289867,125.72485923411081,131.39114379882812,25520,0.0,0.0
2002-08-09 00:00:00-04:00,130.9912143431995,132.9910802110346,129.19133709651666,131.72450256347656,9460,0.0,0.0
2002-08-12 00:00:00-04:00,131.05785497322546,133.32436511138224,129.65794507081924,132.32443237304688,11670,0.0,0.0
2002-08-13 00:00:00-04:00,132.25775620028344,133.99097688544853,128.65800268105258,129.45794677734375,16210,0.0,0.0
2002-08-14 00:00:00-04:00,129.6579497464238,135.72421264648438,126.92479609434331,135.72421264648438,16620,0.0,0.0
2002-08-15 00:00:00-04:00,134.6575334356511,138.99057287788736,133.99091198299934,135.05751037597656,25660,0.0,0.0
2002-08-16 00:00:00-04:00,136.3241209480069,137.99067499382605,134.59090067161952,136.4574432373047,20960,0.0,0.0
2002-08-19 00:00:00-04:00,137.4574127024664,139.25728952255716,137.39075662577648,138.59066772460938,13190,0.0,0.0
2002-08-20 00:00:00-04:00,138.32395026103185,138.32395026103185,132.3243572376618,134.5908660888672,19630,0.0,0.0
2002-08-21 00:00:00-04:00,134.99092374687473,138.12404438712514,134.99092374687473,138.05738830566406,21880,0.0,0.0
2002-08-22 00:00:00-04:00,138.65735379071302,142.85707375239647,137.72408720893574,141.99046325683594,15350,0.0,0.0
2002-08-23 00:00:00-04:00,141.99042014059663,141.99042014059663,137.25740206717418,137.65737915039062,11130,0.0,0.0
2002-08-26 00:00:00-04:00,137.65741786453648,139.9905944385117,136.65748504711854,138.99066162109375,11780,0.0,0.0
2002-08-27 00:00:00-04:00,138.6573650481357,138.92400975833695,135.4575776665023,136.32418823242188,26340,0.0,0.0
2002-08-28 00:00:00-04:00,135.82360522729553,137.4921998861075,134.55547736031585,136.4910430908203,15610,0.25,0.0
2002-08-29 00:00:00-04:00,137.15841674804688,139.82816695238841,133.48751021707724,137.15841674804688,19410,0.0,0.0
2002-08-30 00:00:00-04:00,137.15841674804688,141.4967608301019,136.8246979725042,137.15841674804688,9520,0.0,0.0
2002-09-03 00:00:00-04:00,136.82468712179727,136.82468712179727,131.21821621100958,132.48634338378906,15540,0.0,0.0
2002-09-04 00:00:00-04:00,132.55316057289676,137.3587110375189,132.55316057289676,136.7580108642578,18240,0.0,0.0
2002-09-05 00:00:00-04:00,135.82359776681528,137.42544447757157,133.15384645935944,134.62220764160156,18370,0.0,0.0
2002-09-06 00:00:00-04:00,133.48756067961165,138.02613977957697,133.48756067961165,137.4921875,13350,0.0,0.0
2002-09-09 00:00:00-04:00,134.82238407370016,138.29305727042282,134.4219174730331,137.69236755371094,27200,0.0,0.0
2002-09-10 00:00:00-04:00,138.8270626525607,141.5635617112561,138.35985822856927,140.4289093017578,15300,0.0,0.0
2002-09-11 00:00:00-04:00,140.49560750523034,142.63140567747817,139.9616554160961,142.0307159423828,7160,0.0,0.0
2002-09-12 00:00:00-04:00,141.16308597400428,141.83052373274663,139.16077269777728,139.49449157714844,18140,0.0,0.0
2002-09-13 00:00:00-04:00,139.4276679327808,141.49672793382967,137.4253557450379,140.76254272460938,19810,0.0,0.0
2002-09-16 00:00:00-04:00,140.82935183549887,142.965150395198,140.49563299228677,141.16307067871094,16070,0.0,0.0
2002-09-17 00:00:00-04:00,141.49680175781248,141.49680175781248,136.4910186767578,136.82473754882812,20980,0.0,0.0
2002-09-18 00:00:00-04:00,136.62446625232428,137.82585589504689,132.55310325413356,137.02493286132812,24960,0.0,0.0
2002-09-19 00:00:00-04:00,136.82472497374567,136.82472497374567,131.4852235113556,132.82009887695312,19490,0.0,0.0
2002-09-20 00:00:00-04:00,133.15381478957892,133.75450461716906,131.48522061928344,132.2194061279297,29960,0.0,0.0
2002-09-23 00:00:00-04:00,132.28612490567946,132.28612490567946,129.54963696749206,130.81776428222656,39900,0.0,0.0
2002-09-24 00:00:00-04:00,129.81667402411196,129.81667402411196,125.54507545641933,126.07901763916016,39510,0.0,0.0
2002-09-25 00:00:00-04:00,126.81321170100998,130.1504014826155,126.14577374468887,129.28273010253906,13650,0.0,0.0
2002-09-26 00:00:00-04:00,129.48286201685474,134.0214385986328,129.48286201685474,134.0214385986328,17120,0.0,0.0
2002-09-27 00:00:00-04:00,129.14918946842405,129.14918946842405,123.47596925921678,126.47943878173828,102560,0.0,0.0
2002-09-30 00:00:00-04:00,125.14452188172594,126.27916350992946,119.53805137513952,124.21011352539062,40510,0.0,0.0
2002-10-01 00:00:00-04:00,124.27689686211025,127.01339548730769,118.33670544602633,126.94664764404297,38590,0.0,0.0
2002-10-02 00:00:00-04:00,125.47828164312544,125.54502948367313,119.8718093029999,120.00529479980469,47700,0.0,0.0
2002-10-03 00:00:00-04:00,120.80623781450858,123.87645566693675,119.27112888829448,122.34134674072266,31480,0.0,0.0
2002-10-04 00:00:00-04:00,122.4748243147808,125.81201298820807,120.13879224338172,121.74063873291016,22210,0.0,0.0
2002-10-07 00:00:00-04:00,121.74064810069449,123.14227152510367,118.53695487511756,119.93856811523438,23670,0.0,0.0
2002-10-08 00:00:00-04:00,120.6059668195318,125.6784964234553,118.4701686331442,123.4092025756836,25550,0.0,0.0
2002-10-09 00:00:00-04:00,120.13874118610964,122.14105353921147,118.13642883300781,118.13642883300781,42470,0.0,0.0
2002-10-10 00:00:00-04:00,118.13645709928919,123.60944347042091,116.46786307246308,122.14108276367188,49140,0.0,0.0
2002-10-11 00:00:00-04:00,126.81312843605323,132.01914311396993,125.41150557436048,126.14569091796875,36220,0.0,0.0
2002-10-14 00:00:00-04:00,126.14572626096913,129.01571042969067,123.94317979733206,128.68199157714844,16250,0.0,0.0
2002-10-15 00:00:00-04:00,129.14920075282745,136.0238114085701,129.14920075282745,134.55545043945312,32820,0.0,0.0
2002-10-16 00:00:00-04:00,133.4875145737006,133.62100005141644,129.81660792292382,130.81776428222656,33030,0.0,0.0
2002-10-17 00:00:00-04:00,132.8201036028339,136.02380663111728,131.08476149209548,133.68777465820312,22060,0.0,0.0
2002-10-18 00:00:00-04:00,133.48756295711587,133.48756295711587,129.68316944969663,130.684326171875,24320,0.0,0.0
2002-10-21 00:00:00-04:00,131.15152557208953,133.42080998155376,129.1492122045767,132.7533721923828,9040,0.0,0.0
2002-10-22 00:00:00-04:00,131.4184686360305,131.48521647445446,124.21015019501546,124.54386901855469,82130,0.0,0.0
2002-10-23 00:00:00-04:00,124.14344047777581,132.68664702063197,121.80740799566713,132.15269470214844,76570,0.0,0.0
2002-10-24 00:00:00-04:00,133.15380471975692,133.48752352857838,128.14802258743524,128.81546020507812,60310,0.0,0.0
2002-10-25 00:00:00-04:00,128.14808077611963,132.35294171344492,128.14808077611963,132.28619384765625,34260,0.0,0.0
2002-10-28 00:00:00-05:00,132.820115637764,133.48755340478792,127.81433238508444,130.61756896972656,29510,0.0,0.0
2002-10-29 00:00:00-05:00,130.5508488292165,130.5508488292165,126.01226936732,127.3471450805664,30830,0.0,0.0
2002-10-30 00:00:00-05:00,128.48180111790202,129.48295800972983,125.74530153985485,127.48064422607422,28260,0.0,0.0
2002-10-31 00:00:00-05:00,127.14691168672076,129.14922525659037,126.01226936732,127.3471450805664,19940,0.0,0.0
2002-11-01 00:00:00-05:00,127.2136047594279,127.6808090209961,121.47363759076407,127.6808090209961,27840,0.0,0.0
2002-11-04 00:00:00-05:00,128.14804098862373,128.94896420794436,126.81316556165889,128.5485076904297,18120,0.0,0.0
2002-11-05 00:00:00-05:00,127.88109740272367,127.94783507780991,125.47831704516274,127.3471450805664,19660,0.0,0.0
2002-11-06 00:00:00-05:00,127.01344953867066,127.28042065675874,125.14462115916801,125.47834014892578,47990,0.0,0.0
2002-11-07 00:00:00-05:00,125.2113384231089,126.81318510865904,124.94435718598865,125.07784271240234,16160,0.0,0.0
2002-11-08 00:00:00-05:00,125.14456487333695,126.14572139232365,124.210156195999,124.67736053466797,18500,0.0,0.0
2002-11-11 00:00:00-05:00,124.8108287697562,126.47942273726632,122.94200148928701,123.1422348022461,10510,0.0,0.0
2002-11-12 00:00:00-05:00,123.80968951468802,127.08013006966159,122.67504749669459,124.67736053466797,12280,0.0,0.0
2002-11-13 00:00:00-05:00,124.7441467536156,126.74646057106878,123.67625216155074,125.6785659790039,17070,0.0,0.0
2002-11-14 00:00:00-05:00,126.34598829563161,129.8166631132136,126.14575490178595,127.3471450805664,23440,0.0,0.0
2002-11-15 00:00:00-05:00,127.4805878798167,130.01685292161346,126.27919810377716,128.1480255126953,13520,0.0,0.0
2002-11-18 00:00:00-05:00,128.81546916678252,129.08244015869695,124.81084318232297,125.54502868652344,16970,0.0,0.0
2002-11-19 00:00:00-05:00,123.87643735633678,125.54503155464793,123.80968951468802,124.67736053466797,17960,0.0,0.0
2002-11-20 00:00:00-05:00,124.14340693088823,126.47943878173827,122.54156059259303,126.47943878173828,20280,0.0,0.0
2002-11-21 00:00:00-05:00,127.14686864964796,127.14686864964796,125.27804124681087,126.2791976928711,20580,0.0,0.0
2002-11-22 00:00:00-05:00,126.47945261360279,128.0145614631856,126.47945261360279,127.0134048461914,12760,0.0,0.0
2002-11-25 00:00:00-05:00,126.3459430566574,128.81546020507812,126.3459430566574,128.81546020507812,16220,0.0,0.0
2002-11-26 00:00:00-05:00,128.64840437236586,128.71523879129978,126.37617689362041,126.97764587402344,13770,0.25,0.0
2002-11-27 00:00:00-05:00,127.64595964804435,128.4479217529297,126.91082177002363,128.4479217529297,10480,0.0,0.0
2002-11-29 00:00:00-05:00,128.98252689371532,129.18301990766116,127.44542738346153,127.98007202148438,4130,0.0,0.0
2002-12-02 00:00:00-05:00,128.98252415043612,131.52207847890804,125.5073493734473,125.9083251953125,24310,0.0,0.0
2002-12-03 00:00:00-05:00,125.90835563898715,129.6508587329594,125.373721080563,126.84398651123047,12940,0.0,0.0
2002-12-04 00:00:00-05:00,126.3093148148588,126.3093148148588,124.30440505589279,124.50489807128906,23160,0.0,0.0
2002-12-05 00:00:00-05:00,124.97273113461209,124.97273113461209,121.9653659468808,123.76978302001953,29760,0.0,0.0
2002-12-06 00:00:00-05:00,122.76735182617912,125.30690718462122,122.63369316468264,124.9727554321289,12960,0.0,0.0
2002-12-09 00:00:00-05:00,123.97027316901202,124.97272820811455,120.96290805170446,122.29951477050781,22490,0.0,0.0
2002-12-10 00:00:00-05:00,122.9678181299095,124.30442484871287,121.96536309080697,122.29951477050781,18830,0.0,0.0
2002-12-11 00:00:00-05:00,122.29951512251405,123.63612184516448,121.29706008052624,122.83415985107422,24030,0.0,0.0
2002-12-12 00:00:00-05:00,123.30196437806866,123.30196437806866,118.75749969482422,118.75749969482422,61540,0.0,0.0
2002-12-13 00:00:00-05:00,118.75745153191815,122.299459783733,117.42084541406315,122.03214263916016,36730,0.0,0.0
2002-12-16 00:00:00-05:00,122.43320166533022,127.64597111147741,122.43320166533022,126.50985717773438,40250,0.0,0.0
2002-12-17 00:00:00-05:00,125.3069190389932,125.97522260720118,120.89611140981937,121.56441497802734,24070,0.0,0.0
2002-12-18 00:00:00-05:00,120.96289410798447,124.30441051980723,120.96289410798447,122.96780395507812,20570,0.0,0.0
2002-12-19 00:00:00-05:00,121.29707704135461,126.3093529521544,121.29707704135461,123.4356460571289,15100,0.0,0.0
2002-12-20 00:00:00-05:00,125.10640054687266,126.64350048139777,122.70051430794308,125.77470397949219,45490,0.0,0.0
2002-12-23 00:00:00-05:00,125.10643481797143,126.30938336571714,122.50005479577567,124.03715515136719,10770,0.0,0.0
2002-12-24 00:00:00-05:00,124.63857158239318,124.97272324883392,123.70295099535898,123.97026824951172,2540,0.0,0.0
2002-12-26 00:00:00-05:00,123.63611931496477,127.17812909700156,123.63611931496477,125.64102935791016,18150,0.0,0.0
2002-12-27 00:00:00-05:00,125.30691211487824,125.57422944838893,121.96539445848148,122.23271179199219,8510,0.0,0.0
2002-12-30 00:00:00-05:00,121.96534367043243,125.70784596616834,121.6311920439381,124.50489807128906,17140,0.0,0.0
2002-12-31 00:00:00-05:00,124.30442935601452,126.64349119873523,123.23513986319921,124.7722396850586,15320,0.0,0.0
2003-01-02 00:00:00-05:00,125.77468028185702,129.9849931535808,125.3068700066653,129.7845001220703,12740,0.0,0.0
2003-01-03 00:00:00-05:00,129.7845207448444,130.3191655146611,127.77961050615731,128.64840698242188,7980,0.0,0.0
2003-01-06 00:00:00-05:00,126.97766536101713,130.185524209638,123.63614785151667,129.24989318847656,17020,0.0,0.0
2003-01-07 00:00:00-05:00,129.31668090820312,130.65328742921812,127.11127810902865,129.31668090820312,17900,0.0,0.0
2003-01-08 00:00:00-05:00,129.31670777170282,129.31670777170282,126.97764587402344,126.97764587402344,12870,0.0,0.0
2003-01-09 00:00:00-05:00,127.31180846802943,130.1186809459345,127.24497404337632,129.5172119140625,11770,0.0,0.0
2003-01-10 00:00:00-05:00,128.64840698242188,130.65331722110898,127.98010356952618,128.64840698242188,12050,0.0,0.0
2003-01-13 00:00:00-05:00,128.98254430957388,130.6533026555528,127.31178596359494,128.58155822753906,13810,0.0,0.0
2003-01-14 00:00:00-05:00,127.9132543381031,129.98499875719187,125.64102707636026,128.24740600585938,19870,0.0,0.0
2003-01-15 00:00:00-05:00,128.3142409711823,130.31915098635704,124.97272427922444,128.58155822753906,15330,0.0,0.0
2003-01-16 00:00:00-05:00,128.64839811961062,130.72014263586155,126.71032243473083,127.24495697021484,10430,0.0,0.0
2003-01-17 00:00:00-05:00,127.111325794653,127.111325794653,124.4381117497707,125.44056701660156,14580,0.0,0.0
2003-01-21 00:00:00-05:00,125.44057745447873,125.44057745447873,121.29709737963374,121.76490783691406,19470,0.0,0.0
2003-01-22 00:00:00-05:00,121.96535474471953,122.63365805838923,120.29459646054529,122.16584777832031,13960,0.0,0.0
2003-01-23 00:00:00-05:00,121.96536327903449,122.63366663946756,121.29705991860142,122.0990219116211,9250,0.0,0.0
2003-01-24 00:00:00-05:00,121.96537568858052,121.96537568858052,119.6263136890735,119.89363098144531,12230,0.0,0.0
2003-01-27 00:00:00-05:00,119.35900708259591,120.16096922900994,116.61895870172089,117.0867691040039,18130,0.0,0.0
2003-01-28 00:00:00-05:00,117.68826142699038,117.82192009998037,114.94821274193147,116.15116119384766,28240,0.0,0.0
2003-01-29 00:00:00-05:00,116.21797135163814,117.4877540849651,114.27989533432576,116.61895751953125,26710,0.0,0.0
2003-01-30 00:00:00-05:00,120.62874529002319,122.76731380414152,120.16093502091904,120.49508666992188,30840,0.0,0.0
2003-01-31 00:00:00-05:00,120.49509808643597,124.6385768871523,120.36143945367094,122.83415985107422,14350,0.0,0.0
2003-02-03 00:00:00-05:00,122.9678181299095,123.97027316901202,120.96290805170446,122.29951477050781,18920,0.0,0.0
2003-02-04 00:00:00-05:00,121.76485885713302,121.89851747723435,120.29459364102036,120.49508666992188,9670,0.0,0.0
2003-02-05 00:00:00-05:00,120.76237278317573,121.8316618633712,119.6262595089033,119.96041107177734,13360,0.0,0.0
2003-02-06 00:00:00-05:00,119.29213640073498,121.09655323116229,117.95552983041863,119.15847778320312,15410,0.0,0.0
2003-02-07 00:00:00-05:00,119.82678222656249,120.56190972884265,119.35897196192985,119.8267822265625,10860,0.0,0.0
2003-02-10 00:00:00-05:00,119.9604482890162,119.9604482890162,117.55455221090517,119.0916519165039,10780,0.0,0.0
2003-02-11 00:00:00-05:00,119.29215221205074,119.693138315293,117.55455936133451,119.49264526367188,17610,0.0,0.0
2003-02-12 00:00:00-05:00,118.95797881009446,119.62628206183656,115.75012116223269,115.81695556640625,14450,0.0,0.0
2003-02-13 00:00:00-05:00,115.48280570751001,117.55453970111063,115.48280570751001,116.81941223144531,30630,0.0,0.0
2003-02-14 00:00:00-05:00,118.28972646690126,121.63124416370637,118.28972646690126,118.82437133789062,39890,0.0,0.0
2003-02-18 00:00:00-05:00,119.2921564648396,122.63367345265021,119.09166340607084,121.23023223876953,15110,0.0,0.0
2003-02-19 00:00:00-05:00,121.63123126559788,121.63123126559788,120.16096567441517,120.29462432861328,15520,0.0,0.0
2003-02-20 00:00:00-05:00,120.294647639478,122.03224107327192,119.35902668128352,120.62879943847656,13900,0.0,0.0
2003-02-21 00:00:00-05:00,120.62875049870188,124.30441879644626,120.62875049870188,123.30196380615234,13630,0.0,0.0
2003-02-24 00:00:00-05:00,121.96539593338689,121.96539593338689,118.62387823658177,118.82437133789062,22990,0.0,0.0
2003-02-25 00:00:00-05:00,118.62388480160799,123.50250294844238,118.62388480160799,123.10151672363281,23690,0.0,0.0
2003-02-26 00:00:00-05:00,121.76271610137475,121.89660301945467,120.49087209271785,120.55781555175781,9700,0.3,0.0
2003-02-27 00:00:00-05:00,121.36099236074101,122.96753199689267,120.82547574398049,122.6328353881836,14590,0.0,0.0
2003-02-28 00:00:00-05:00,123.03452953123029,124.50719321459758,121.89656260381622,122.56595611572266,11410,0.0,0.0
2003-03-03 00:00:00-05:00,122.56595924665993,124.30637629359484,122.03044238062816,122.49901580810547,13160,0.0,0.0
2003-03-04 00:00:00-05:00,122.49904675289392,123.10149699553195,119.15207826237769,119.55371856689453,25800,0.0,0.0
2003-03-05 00:00:00-05:00,119.01814989752314,120.55775677761518,118.14793642493784,120.28999328613281,23630,0.0,0.0
2003-03-06 00:00:00-05:00,121.96349373448976,121.96349373448976,118.81734632532216,119.21898651123047,14250,0.0,0.0
2003-03-07 00:00:00-05:00,118.48265240703093,119.21898936075101,116.07283166225109,118.88429260253906,36070,0.0,0.0
2003-03-10 00:00:00-05:00,118.81739881247489,119.68761279026724,117.21085778742649,119.01821899414062,28700,0.0,0.0
2003-03-11 00:00:00-05:00,118.95122797687871,120.62471179820264,117.07692405416897,117.14386749267578,40270,0.0,0.0
2003-03-12 00:00:00-05:00,116.47450724167264,117.54554127897524,114.73407948459032,116.8092041015625,20000,0.0,0.0
2003-03-13 00:00:00-05:00,117.47859401711958,120.15616880953256,117.47859401711958,119.55371856689453,19960,0.0,0.0
2003-03-14 00:00:00-05:00,120.2231112857068,121.29413506546551,118.81738044548564,120.8255615234375,17650,0.0,0.0
2003-03-17 00:00:00-05:00,120.55783594216807,124.64113228078445,120.22313901863528,124.50725555419922,25870,0.0,0.0
2003-03-18 00:00:00-05:00,122.49901798435361,125.84598568884415,122.49901798435361,123.43616485595703,26990,0.0,0.0
2003-03-19 00:00:00-05:00,123.7708508086705,125.17658120734777,121.82961379538659,124.7080078125,15110,0.0,0.0
2003-03-20 00:00:00-05:00,123.16844250457069,125.97989404065189,121.76271162946138,125.10968017578125,47310,0.0,0.0
2003-03-21 00:00:00-05:00,123.83784391182616,130.19708454513614,123.77090045108346,129.39381408691406,32760,0.0,0.0
2003-03-24 00:00:00-05:00,128.72439609347165,128.72439609347165,125.44436120342911,126.04682159423828,17140,0.0,0.0
2003-03-25 00:00:00-05:00,125.51125269087535,126.91698280666591,125.17655601703301,126.51534271240234,18070,0.0,0.0
2003-03-26 00:00:00-05:00,126.51543728046772,127.18483112851251,125.17664958437811,126.18074035644531,12450,0.0,0.0
2003-03-27 00:00:00-05:00,125.71207273800712,126.71616275953413,125.51125269087535,126.51534271240234,10840,0.0,0.0
2003-03-28 00:00:00-05:00,126.31456709826766,127.25172424316406,125.51129684131037,127.25172424316406,12590,0.0,0.0
2003-03-31 00:00:00-05:00,125.5782751705856,129.1929974381212,125.1766348234646,127.85420989990234,20630,0.0,0.0
2003-04-01 00:00:00-05:00,127.85419582880266,127.98807252506298,125.9798914387467,126.85010528564453,14690,0.0,0.0
2003-04-02 00:00:00-05:00,127.85417705396614,130.39787476592977,127.78723360859775,129.5946044921875,6430,0.0,0.0
2003-04-03 00:00:00-05:00,127.9210957099481,131.20111961466114,127.9210957099481,130.46478271484375,15680,0.0,0.0
2003-04-04 00:00:00-05:00,130.46480041130897,131.5358341901141,129.86235029456554,131.0672607421875,13960,0.0,0.0
2003-04-07 00:00:00-04:00,131.134223559157,131.401987171345,123.77089275725329,125.10968017578125,38490,0.0,0.0
2003-04-08 00:00:00-04:00,124.17254813379893,124.97581863954564,120.15618539092672,121.69579315185547,42020,0.0,0.0
2003-04-09 00:00:00-04:00,121.56192457241448,122.43212838696638,119.55374306657596,120.22313690185547,46710,0.0,0.0
2003-04-10 00:00:00-04:00,120.1561405970585,120.95941080334836,120.1561405970585,120.75859069824219,31590,0.0,0.0
2003-04-11 00:00:00-04:00,120.75861336633096,122.16434415181477,119.62064617596333,120.49085998535156,12440,0.0,0.0
2003-04-14 00:00:00-04:00,120.49082268919011,122.90064322862736,119.41978906852165,121.89655303955078,14310,0.0,0.0
2003-04-15 00:00:00-04:00,121.69575123111123,121.69575123111123,118.28183999001025,120.35696411132812,12060,0.0,0.0
2003-04-16 00:00:00-04:00,121.16019103725178,121.42794427985831,115.0687077337042,117.54547119140625,33940,0.0,0.0
2003-04-17 00:00:00-04:00,118.88434923129645,120.82558726795129,118.75046229292909,120.22313690185547,10380,0.0,0.0
2003-04-21 00:00:00-04:00,120.1561343709535,121.89656157284386,119.08510067530798,120.89247131347656,10180,0.0,0.0
2003-04-22 00:00:00-04:00,120.15616102292624,121.62882502049133,116.74224929818011,121.02637481689453,20890,0.0,0.0
2003-04-23 00:00:00-04:00,121.36106189592938,121.82963537377057,119.62063444779264,121.56188201904297,13160,0.0,0.0
2003-04-24 00:00:00-04:00,120.82559347924813,122.09743774600533,119.21905227764537,121.22723388671875,20910,0.0,0.0
2003-04-25 00:00:00-04:00,120.49088330279143,121.16027709891806,117.47861122022165,119.01821899414062,46380,0.0,0.0
2003-04-28 00:00:00-04:00,119.35288342219445,120.49085052319745,118.61654636112053,119.82145690917969,28990,0.0,0.0
2003-04-29 00:00:00-04:00,120.5577842221226,120.82553756042518,118.21490676250218,120.35696411132812,42840,0.0,0.0
2003-04-30 00:00:00-04:00,119.35289279498392,120.8255568186442,118.348802295106,120.49085998535156,13280,0.0,0.0
2003-05-01 00:00:00-04:00,120.02228533103164,123.30231018074898,118.68349801047164,121.49494934082031,32730,0.0,0.0
2003-05-02 00:00:00-04:00,121.16028631887129,124.5741990245616,120.42394900144335,124.50725555419922,29500,0.0,0.0
2003-05-05 00:00:00-04:00,124.50724345104344,126.11378444217569,124.37336673747218,125.57827758789062,21140,0.0,0.0
2003-05-06 00:00:00-04:00,125.17660313656457,128.32275101214304,124.1725127370734,127.18478393554688,23840,0.0,0.0
2003-05-07 00:00:00-04:00,126.85002481548396,129.05902465193066,126.44838476735521,127.98799133300781,26390,0.0,0.0
2003-05-08 00:00:00-04:00,128.65739938216691,130.06312949795748,126.18064603856001,126.51534271240234,29350,0.0,0.0
2003-05-09 00:00:00-04:00,127.0508948909576,131.26807620113556,126.6492546846036,129.52764892578125,33650,0.0,0.0
2003-05-12 00:00:00-04:00,130.53175144253086,130.73257156450038,128.6574473277084,129.5946044921875,37550,0.0,0.0
2003-05-13 00:00:00-04:00,128.9251949838618,129.52764506128375,127.51946451769795,128.18885803222656,16800,0.0,0.0
2003-05-14 00:00:00-04:00,128.3897250797193,128.85829866841317,126.18072363114744,126.91706085205078,10290,0.0,0.0
2003-05-15 00:00:00-04:00,127.98802750073203,128.52354431152344,126.71618401246936,128.52354431152344,14020,0.0,0.0
2003-05-16 00:00:00-04:00,129.05907154152482,129.05907154152482,125.51128387451173,125.51128387451172,15870,0.0,0.0
2003-05-19 00:00:00-04:00,123.83778860355332,125.37739558577555,121.82960824782002,122.96757507324219,19660,0.0,0.0
2003-05-20 00:00:00-04:00,122.499014985434,123.10146507183968,121.76267802281855,122.2981948852539,12600,0.0,0.0
2003-05-21 00:00:00-04:00,122.29822694289429,123.83783449566788,120.62474269295284,122.69986724853516,9890,0.0,0.0
2003-05-22 00:00:00-04:00,123.03455578106599,123.03455578106599,119.48676736820242,121.02637481689453,26160,0.0,0.0
2003-05-23 00:00:00-04:00,121.6957055954077,122.29815548773827,117.6793457421872,121.82958221435547,37900,0.0,0.0
2003-05-27 00:00:00-04:00,121.76273345947267,121.89662039663907,118.4827077816807,121.76273345947266,59140,0.0,0.0
2003-05-28 00:00:00-04:00,122.16500003068876,122.3661519156562,120.35465352800158,120.68990325927734,32960,0.3,0.0
2003-05-29 00:00:00-04:00,120.68990325927734,121.29334868316978,120.28759948934247,120.68990325927734,25010,0.0,0.0
2003-05-30 00:00:00-04:00,120.55583384044756,122.6343765258789,119.68418228739017,122.6343765258789,29730,0.0,0.0
2003-06-02 00:00:00-04:00,123.37188604287296,125.91978573561228,122.63433263173495,123.03663635253906,14880,0.0,0.0
2003-06-03 00:00:00-04:00,123.30485823620238,124.10946584893014,121.69566347276843,124.04241180419922,19060,0.0,0.0
2003-06-04 00:00:00-04:00,124.10946768134619,124.84701102922172,123.37191410245971,123.50601196289062,13620,0.0,0.0
2003-06-05 00:00:00-04:00,123.1707397821556,125.85273742675781,122.70139224055201,125.85273742675781,68950,0.0,0.0
2003-06-06 00:00:00-04:00,127.52899507404979,129.67459129695825,126.85849561495277,128.5347442626953,37550,0.0,0.0
2003-06-09 00:00:00-04:00,127.86419943111156,128.60175266680216,126.05385358015106,126.52320098876953,15840,0.0,0.0
2003-06-10 00:00:00-04:00,126.18799662061909,127.66309338986349,125.98684473594716,126.25505065917969,18520,0.0,0.0
2003-06-11 00:00:00-04:00,126.32207910172691,127.86422972195464,125.71863375212017,127.39488220214844,25130,0.0,0.0
2003-06-12 00:00:00-04:00,127.19377100168226,127.39492292618914,125.45047819498365,126.92557525634766,8420,0.0,0.0
2003-06-13 00:00:00-04:00,126.38911510757607,127.39486403416157,124.51171506508175,126.45616912841797,19300,0.0,0.0
2003-06-16 00:00:00-04:00,126.85846141627505,127.73011252432222,126.38911396763642,127.2607650756836,27950,0.0,0.0
2003-06-17 00:00:00-04:00,128.6018274307971,128.80297936029137,126.0539268628978,127.93132781982422,26940,0.0,0.0
2003-06-18 00:00:00-04:00,127.9313216915868,127.9313216915868,126.12097487488275,127.12672424316406,18780,0.0,0.0
2003-06-19 00:00:00-04:00,127.05964790649244,127.66309332921169,124.64584575359576,125.31634521484375,26520,0.0,0.0
2003-06-20 00:00:00-04:00,126.05387950440493,126.38912918393792,124.91403264019442,126.12093353271484,36880,0.0,0.0
2003-06-23 00:00:00-04:00,124.71292270897837,128.87001808640863,124.71292270897837,127.46197509765625,42510,0.0,0.0
2003-06-24 00:00:00-04:00,126.99261907717538,128.0654225205375,125.71867394031824,126.92557525634766,22080,0.0,0.0
2003-06-25 00:00:00-04:00,125.98682285370718,127.32782154392656,125.3833775355117,125.65157318115234,24020,0.0,0.0
2003-06-26 00:00:00-04:00,125.71867264528326,126.12097649015287,124.71292326412099,125.3834228515625,29360,0.0,0.0
2003-06-27 00:00:00-04:00,124.51177321149865,126.85852180278542,124.31062128604312,124.8470230102539,18710,0.0,0.0
2003-06-30 00:00:00-04:00,125.51748189191507,128.4006312721654,125.31633003170995,127.39488220214844,26790,0.0,0.0
2003-07-01 00:00:00-04:00,125.7186490437245,126.25505065917969,124.04240038980817,126.25505065917969,14600,0.0,0.0
2003-07-02 00:00:00-04:00,126.92557750208803,127.32787112720784,125.85277403974439,126.6573715209961,15240,0.0,0.0
2003-07-03 00:00:00-04:00,126.45619303539877,126.85848654348365,125.04814017957897,125.85273742675781,6970,0.0,0.0
2003-07-07 00:00:00-04:00,127.39483824484114,128.46764097509447,126.05383994752702,127.99828338623047,23070,0.0,0.0
2003-07-08 00:00:00-04:00,126.38912976962574,129.8757244067241,126.38912976962574,128.46768188476562,18720,0.0,0.0
2003-07-09 00:00:00-04:00,129.07114007591943,129.87573734447653,128.46769468225392,128.93704223632812,19610,0.0,0.0
2003-07-10 00:00:00-04:00,128.60177832371502,128.6688221206041,126.32207437831372,127.1937255859375,11150,0.0,0.0
2003-07-11 00:00:00-04:00,127.39484969931162,128.40059851272724,125.91975348583658,126.99254608154297,18490,0.0,0.0
2003-07-14 00:00:00-04:00,127.66310552046424,129.607560282376,126.99260599518658,127.59606170654297,17690,0.0,0.0
2003-07-15 00:00:00-04:00,128.33354397811163,128.60174979920322,125.9197529743231,126.72434997558594,15960,0.0,0.0
2003-07-16 00:00:00-04:00,127.39492518023384,127.39492518023384,125.85277403974439,126.6573715209961,10590,0.0,0.0
2003-07-17 00:00:00-04:00,125.38338988515424,126.38913900188008,124.77994450752237,125.85273742675781,11910,0.0,0.0
2003-07-18 00:00:00-04:00,126.99251677052139,128.80287240162787,126.65726724342815,128.1994171142578,42510,0.0,0.0
2003-07-21 00:00:00-04:00,133.96571307266316,133.96571307266316,127.730069822528,128.1994171142578,25310,0.0,0.0
2003-07-22 00:00:00-04:00,128.1995203932048,128.60182424221858,126.120977789332,126.92557525634766,11140,0.0,0.0
2003-07-23 00:00:00-04:00,127.9313227605737,128.60182234503057,125.38342229343525,127.46197509765625,10940,0.0,0.0
2003-07-24 00:00:00-04:00,127.4619652793068,130.74740889766423,127.4619652793068,129.13821411132812,33360,0.0,0.0
2003-07-25 00:00:00-04:00,128.6018124388791,130.74740889766423,128.6018124388791,129.13821411132812,32730,0.0,0.0
2003-07-28 00:00:00-04:00,129.40639074173563,130.41213989257812,127.79719619279139,130.41213989257812,38260,0.0,0.0
2003-07-29 00:00:00-04:00,130.0769115455277,130.74741108957681,128.80296650423884,129.8087158203125,14270,0.0,0.0
2003-07-30 00:00:00-04:00,130.1439555439703,131.95430212692446,129.2723041578041,131.68609619140625,31360,0.0,0.0
2003-07-31 00:00:00-04:00,132.08832860742464,132.7588277374116,128.40058339249654,128.80288696289062,12770,0.0,0.0
2003-08-01 00:00:00-04:00,128.60177134860953,128.9370210078963,127.12667489394926,128.40061950683594,12000,0.0,0.0
2003-08-04 00:00:00-04:00,129.07114007591943,129.74163950488523,126.65733803923874,128.93704223632812,15400,0.0,0.0
2003-08-05 00:00:00-04:00,128.26655199260145,128.26655199260145,125.78570597397504,126.05390167236328,17060,0.0,0.0
2003-08-06 00:00:00-04:00,125.71860678180303,126.72435563605745,125.38335716371822,126.32205200195312,33160,0.0,0.0
2003-08-07 00:00:00-04:00,125.9197769165039,126.05387473704386,124.37762640277467,125.9197769165039,13480,0.0,0.0
2003-08-08 00:00:00-04:00,125.2492803869228,127.32782222934703,124.9810745088303,126.85847473144531,27970,0.0,0.0
2003-08-11 00:00:00-04:00,126.18802161015971,127.39492292618914,126.18802161015971,126.92557525634766,11420,0.0,0.0
2003-08-12 00:00:00-04:00,126.38911396763642,127.39486288515077,126.38911396763642,127.2607650756836,8710,0.0,0.0
2003-08-13 00:00:00-04:00,127.05960009483975,127.32779568601485,126.6572964770711,126.99254608154297,7520,0.0,0.0
2003-08-14 00:00:00-04:00,126.72444984038387,127.05969970768646,125.71870023847606,126.79150390625,6690,0.0,0.0
2003-08-15 00:00:00-04:00,126.52327454437636,128.33362144780065,126.52327454437636,127.93132781982422,3790,0.0,0.0
2003-08-18 00:00:00-04:00,127.26074723675897,128.66878938530087,126.99254142441364,128.60174560546875,24500,0.0,0.0
2003-08-19 00:00:00-04:00,128.93707290927975,131.9543210574017,128.601823115044,131.55201721191406,23130,0.0,0.0
2003-08-20 00:00:00-04:00,130.74738960952564,131.1496933622664,129.87573829926023,130.41213989257812,12960,0.0,0.0
2003-08-21 00:00:00-04:00,130.4121022478256,131.8201547449605,129.47340740374,130.6802978515625,15340,0.0,0.0
2003-08-22 00:00:00-04:00,131.3508399447008,131.82019775087656,128.06539668752936,128.5347442626953,9680,0.0,0.0
2003-08-25 00:00:00-04:00,128.73590198863636,129.40640147816052,127.46195705094459,129.07115173339844,9100,0.0,0.0
2003-08-26 00:00:00-04:00,128.19945599161093,128.40060781506827,126.59026186596579,128.26651000976562,21980,0.0,0.0
2003-08-27 00:00:00-04:00,127.93131290607059,129.4064098320472,127.26081337326205,129.13821411132812,10380,0.0,0.0
2003-08-28 00:00:00-04:00,129.741610925834,129.741610925834,127.3278094208575,128.66880798339844,17790,0.0,0.0
2003-08-29 00:00:00-04:00,128.4006312721654,129.74163003218803,127.05963251214278,127.39488220214844,24730,0.0,0.0
2003-09-02 00:00:00-04:00,126.72437237881093,131.68606328959936,126.72437237881093,131.01556396484375,20460,0.0,0.0
2003-09-03 00:00:00-04:00,131.75311517369653,133.09411380141862,131.2837677001953,131.2837677001953,13210,0.0,0.0
2003-09-04 00:00:00-04:00,130.61228296849634,130.7465866085819,128.93346185064934,129.26922607421875,10060,0.3,0.0
2003-09-05 00:00:00-04:00,127.59037994143202,127.65753687166371,127.12031216993695,127.2546157836914,16620,0.0,0.0
2003-09-08 00:00:00-04:00,127.59036687264171,129.269187489387,127.3889063492907,128.53050231933594,10510,0.0,0.0
2003-09-09 00:00:00-04:00,128.2619150253045,129.20205061790566,127.12031887808608,127.7918472290039,8330,0.0,0.0
2003-09-10 00:00:00-04:00,128.12759997910908,128.66482466128,126.38162232373071,127.18745422363281,33420,0.0,0.0
2003-09-11 00:00:00-04:00,127.52323058861703,128.26191587822254,126.58309498976413,128.06045532226562,15800,0.0,0.0
2003-09-12 00:00:00-04:00,127.79191182125366,127.92621550997895,125.1729437808946,126.18023681640625,32990,0.0,0.0
2003-09-15 00:00:00-04:00,126.71741282284765,127.79186241064428,125.7772771185586,126.24734497070312,9830,0.0,0.0
2003-09-16 00:00:00-04:00,125.97872478263551,128.86628854124325,125.97872478263551,128.2619171142578,11350,0.0,0.0
2003-09-17 00:00:00-04:00,127.5903851580187,127.72468877726422,125.84440736769892,126.04586791992188,41390,0.0,0.0
2003-09-18 00:00:00-04:00,126.71739110206323,126.91885164608134,125.57579501490588,126.44878387451172,17490,0.0,0.0
2003-09-19 00:00:00-04:00,127.18748714758918,128.73200466613113,126.04589080665335,127.59040832519531,16510,0.0,0.0
2003-09-22 00:00:00-04:00,126.24728166673223,126.71734928317152,124.70276500125557,125.77721405029297,11860,0.0,0.0
2003-09-23 00:00:00-04:00,125.57577514648438,126.58306746049361,124.90424693714489,125.57577514648438,5740,0.0,0.0
2003-09-24 00:00:00-04:00,125.64296695025968,126.1130347779679,124.90428161621092,124.90428161621094,12580,0.0,0.0
2003-09-25 00:00:00-04:00,125.23998489119025,126.9188050639944,125.23998489119025,125.71005249023438,24110,0.0,0.0
2003-09-26 00:00:00-04:00,125.44150003536319,125.77726421626795,123.2254543920498,124.2999038696289,24920,0.0,0.0
2003-09-29 00:00:00-04:00,124.03129060146371,124.76997592329813,123.56122278152814,124.43421173095703,18540,0.0,0.0
2003-09-30 00:00:00-04:00,123.89698329013595,125.3071969547238,123.82982635498047,123.82982635498047,23090,0.0,0.0
2003-10-01 00:00:00-04:00,123.8298864002124,126.71746181802204,123.62843599048179,126.18023681640625,13640,0.0,0.0
2003-10-02 00:00:00-04:00,125.97866986590614,125.97866986590614,124.83706395103519,125.71005249023438,23540,0.0,0.0
2003-10-03 00:00:00-04:00,126.24738083088114,127.18751680221291,125.9116165201607,126.58314514160156,15500,0.0,0.0
2003-10-06 00:00:00-04:00,126.9188603905483,128.5976812951852,126.24733202869355,128.2619171142578,37050,0.0,0.0
2003-10-07 00:00:00-04:00,128.06042196061753,128.93341064453125,126.91882610321045,128.93341064453125,18620,0.0,0.0
2003-10-08 00:00:00-04:00,128.93341064453125,129.2691747347514,128.261882464091,128.93341064453125,15490,0.0,0.0
2003-10-09 00:00:00-04:00,129.13491398285854,129.26921761415457,128.1947680703658,129.0006103515625,11350,0.0,0.0
2003-10-10 00:00:00-04:00,128.59764655431113,129.2691747347514,128.06042196061753,128.93341064453125,9740,0.0,0.0
2003-10-13 00:00:00-04:00,129.26921761415457,129.87358907834184,128.39622864066496,129.0006103515625,7810,0.0,0.0
2003-10-14 00:00:00-04:00,128.59767822808882,129.2692065739274,128.2619140551695,129.13490295410156,9450,0.0,0.0
2003-10-15 00:00:00-04:00,129.9407031978624,130.54507446289062,128.39618633014848,130.54507446289062,17630,0.0,0.0
2003-10-16 00:00:00-04:00,130.14217845157424,131.48523496759313,129.60495379582505,131.01516723632812,21120,0.0,0.0
2003-10-17 00:00:00-04:00,130.94799932901955,131.61952753070685,129.87355010763704,131.1494598388672,14690,0.0,0.0
2003-10-20 00:00:00-04:00,130.94801372543625,130.94801372543625,128.39620422913737,128.86627197265625,20460,0.0,0.0
2003-10-21 00:00:00-04:00,128.39621221173863,129.1348974594138,127.79184082488366,128.79913330078125,9470,0.0,0.0
2003-10-22 00:00:00-04:00,128.46331919689044,129.20199391066728,126.91880261833167,128.66477966308594,9760,0.0,0.0
2003-10-23 00:00:00-04:00,128.26190609880496,130.00788378836222,127.25461364253161,129.20204162597656,9010,0.0,0.0
2003-10-24 00:00:00-04:00,129.33636350719502,130.47795964577872,128.73198184791465,129.13490295410156,14580,0.0,0.0
2003-10-27 00:00:00-05:00,129.60497924305795,130.8808790851087,129.13491141949768,129.4035186767578,17200,0.0,0.0
2003-10-28 00:00:00-05:00,129.73928495523745,132.62685912735225,129.60498132445053,132.22393798828125,21530,0.0,0.0
2003-10-29 00:00:00-05:00,132.89545719911132,134.37282777573688,132.89545719911132,134.0370635986328,18950,0.0,0.0
2003-10-30 00:00:00-05:00,134.37282278780904,134.84289056896392,133.02976612924707,133.23121643066406,16040,0.0,0.0
2003-10-31 00:00:00-05:00,132.7611195231233,133.96987229998334,132.7611195231233,133.43264770507812,8980,0.0,0.0
2003-11-03 00:00:00-05:00,132.6940129452404,134.70859809979336,132.3582487528149,133.096923828125,15890,0.0,0.0
2003-11-04 00:00:00-05:00,132.96261039341113,134.23851013183594,132.08962150815296,134.23851013183594,10040,0.0,0.0
2003-11-05 00:00:00-05:00,134.2384944106564,134.7085723876953,132.15676296298858,134.7085723876953,22920,0.0,0.0
2003-11-06 00:00:00-05:00,134.70859956190182,137.19325256347656,134.50713899491788,137.19325256347656,16380,0.0,0.0
2003-11-07 00:00:00-05:00,140.8866677012004,140.8866677012004,139.2749933093014,139.7450714111328,33000,0.0,0.0
2003-11-10 00:00:00-05:00,140.55084925121852,141.8267486866188,138.9391754811949,139.00633239746094,24560,0.0,0.0
2003-11-11 00:00:00-05:00,139.0063450388523,139.07350196122565,137.32752444659562,137.79759216308594,10770,0.0,0.0
2003-11-12 00:00:00-05:00,137.73046862769826,139.8793572974829,137.73046862769826,139.34213256835938,16720,0.0,0.0
2003-11-13 00:00:00-05:00,139.274964632553,140.55087454426837,138.13336857754032,139.47642517089844,12570,0.0,0.0
2003-11-14 00:00:00-05:00,139.00636839349585,141.22241399693695,139.00636839349585,139.34213256835938,19400,0.0,0.0
2003-11-17 00:00:00-05:00,139.00638903104343,139.67791748046875,137.99909635690543,139.67791748046875,20370,0.0,0.0
2003-11-18 00:00:00-05:00,139.3420966324028,141.62528833396183,139.3420966324028,139.81216430664062,23800,0.0,0.0
2003-11-19 00:00:00-05:00,139.00633228833752,141.28952398569513,139.00633228833752,141.08807373046875,15420,0.0,0.0
2003-11-20 00:00:00-05:00,140.75233634116898,141.49101132609573,139.4764264180449,140.4837188720703,15720,0.0,0.0
2003-11-21 00:00:00-05:00,140.3493665561322,141.42381556624878,140.0136025213089,140.5508270263672,19230,0.0,0.0
2003-11-24 00:00:00-05:00,139.87933914832965,142.63259887695312,139.87933914832965,142.63259887695312,15750,0.0,0.0
2003-11-25 00:00:00-05:00,141.7596349863671,144.17713083358393,141.7596349863671,143.10269165039062,19950,0.0,0.0
2003-11-26 00:00:00-05:00,142.76691099805788,144.24427110854046,142.22968634514385,142.90121459960938,14710,0.0,0.0
2003-11-28 00:00:00-05:00,143.23697586652142,144.91579646916065,142.6997512243353,144.5800323486328,5840,0.0,0.0
2003-12-01 00:00:00-05:00,144.64724072396604,146.6618263064542,144.37863341165246,146.39321899414062,11900,0.0,0.0
2003-12-02 00:00:00-05:00,144.84862183259366,146.32598173290586,144.31139725610564,144.98292541503906,25200,0.0,0.0
2003-12-03 00:00:00-05:00,145.78882136814565,146.59465340781026,144.98297908177068,145.72166442871094,14300,0.0,0.0
2003-12-04 00:00:00-05:00,145.3854353874537,145.7889143413208,144.78022721754908,145.72166442871094,7990,0.3,0.0
2003-12-05 00:00:00-05:00,145.0491760924881,145.99062336818315,144.3094785125426,145.25091552734375,8020,0.0,0.0
2003-12-08 00:00:00-05:00,145.85616570053696,147.33558180953463,145.25095748205382,146.86485290527344,11380,0.0,0.0
2003-12-09 00:00:00-05:00,146.8648056939951,147.1337950186601,145.78887917801583,146.73031616210938,9790,0.0,0.0
2003-12-10 00:00:00-05:00,146.12510681152344,146.66307519507572,145.4526488973065,146.12510681152344,11750,0.0,0.0
2003-12-11 00:00:00-05:00,146.12513533164724,148.61322804768733,145.92339586582875,147.40280151367188,22920,0.0,0.0
2003-12-12 00:00:00-05:00,146.864807356076,146.9320572532267,145.04917300283728,145.92337036132812,10860,0.0,0.0
2003-12-15 00:00:00-05:00,147.2682694161201,147.3355193055986,144.57843801125944,145.31814575195312,13340,0.0,0.0
2003-12-16 00:00:00-05:00,143.7715449348723,145.78891925034506,143.7715449348723,144.71298217773438,9120,0.0,0.0
2003-12-17 00:00:00-05:00,144.04051510593374,144.30950448778978,142.09039082673215,143.83877563476562,27030,0.0,0.0
2003-12-18 00:00:00-05:00,144.44400977044398,146.86485290527344,142.2921457858522,146.86485290527344,21890,0.0,0.0
2003-12-19 00:00:00-05:00,145.72164459215028,146.99932093153996,145.04918660117505,146.25961303710938,16620,0.0,0.0
2003-12-22 00:00:00-05:00,146.73028763658306,148.94940039441175,145.78885083551225,148.81491088867188,7290,0.0,0.0
2003-12-23 00:00:00-05:00,146.59586503727616,147.40281270089844,143.9060326512711,145.51992797851562,18730,0.0,0.0
2003-12-24 00:00:00-05:00,146.1251464219045,146.59586503727616,144.57849074777235,145.51992797851562,5490,0.0,0.0
2003-12-26 00:00:00-05:00,144.84743665763244,146.12511290445562,144.71294712135997,145.25091552734375,2270,0.0,0.0
2003-12-29 00:00:00-05:00,144.71294108731044,147.26828321351357,144.71294108731044,146.12510681152344,9460,0.0,0.0
2003-12-30 00:00:00-05:00,144.91470899079974,147.47005161915072,144.91470899079974,146.9320831298828,5870,0.0,0.0
2003-12-31 00:00:00-05:00,147.2683000235722,147.8062684685313,145.5199051426788,146.25961303710938,12120,0.0,0.0
2004-01-02 00:00:00-05:00,145.65439296122747,146.99930883248203,145.11642456054688,145.11642456054688,6360,0.0,0.0
2004-01-05 00:00:00-05:00,145.11643494206476,148.14249586886962,145.11643494206476,146.59584045410156,12730,0.0,0.0
2004-01-06 00:00:00-05:00,147.13380588929942,147.470034874302,145.72164004793095,146.79757690429688,14440,0.0,0.0
2004-01-07 00:00:00-05:00,146.59581586304878,146.59581586304878,145.72161857865936,146.1923370361328,11120,0.0,0.0
2004-01-08 00:00:00-05:00,146.59584203259698,146.59584203259698,145.18367614719116,146.25961303710938,7910,0.0,0.0
2004-01-09 00:00:00-05:00,145.25093397983284,145.51991308654854,144.24224693830624,144.57847595214844,18750,0.0,0.0
2004-01-12 00:00:00-05:00,143.77149654434393,149.15115957492074,143.77149654434393,148.27696228027344,15680,0.0,0.0
2004-01-13 00:00:00-05:00,148.276980945474,148.54596002650493,145.85612817261878,146.6630859375,11370,0.0,0.0
2004-01-14 00:00:00-05:00,145.65440494958955,146.79758148206847,145.31817595410192,146.25961303710938,9630,0.0,0.0
2004-01-15 00:00:00-05:00,146.25966192111667,149.15123430093215,145.45271411442116,149.083984375,15060,0.0,0.0
2004-01-16 00:00:00-05:00,147.73903909071583,151.10132951272072,146.93209144161386,149.21844482421875,22000,0.0,0.0
2004-01-20 00:00:00-05:00,148.8149729030309,149.9581495695433,148.68048334124634,149.89089965820312,20400,0.0,0.0
2004-01-21 00:00:00-05:00,149.08399279434667,150.5633989003192,147.94081581522693,150.4289093017578,11310,0.0,0.0
2004-01-22 00:00:00-05:00,150.49610126731176,155.00156777966095,150.36161172054958,151.70652770996094,24540,0.0,0.0
2004-01-23 00:00:00-05:00,151.30301044636047,152.51343658210976,151.10127104692023,151.90821838378906,24270,0.0,0.0
2004-01-26 00:00:00-05:00,151.16856084027185,151.37030029296875,149.21842647872845,151.37030029296875,23310,0.0,0.0
2004-01-27 00:00:00-05:00,150.29433898246103,151.23577592765832,150.0925995625207,150.966796875,11300,0.0,0.0
2004-01-28 00:00:00-05:00,150.4288529340149,155.13605894609967,150.4288529340149,151.37030029296875,12210,0.0,0.0
2004-01-29 00:00:00-05:00,146.59583562555875,149.28566747189927,146.39409618490436,148.0752410888672,14830,0.0,0.0
2004-01-30 00:00:00-05:00,147.6045151811591,147.6045151811591,145.25091243339574,145.92337036132812,18590,0.0,0.0
2004-02-02 00:00:00-05:00,146.25963241349086,149.0167146461036,145.45268476959563,148.14251708984375,16610,0.0,0.0
2004-02-03 00:00:00-05:00,147.3355328672432,150.02536451969203,146.7303145889061,149.95811462402344,17150,0.0,0.0
2004-02-04 00:00:00-05:00,149.62189500982112,149.62189500982112,146.2596052343195,147.9407501220703,31990,0.0,0.0
2004-02-05 00:00:00-05:00,147.6045447355059,150.83234548805146,146.05788913940117,150.2271270751953,17010,0.0,0.0
2004-02-06 00:00:00-05:00,149.55463577179873,150.56332264146704,148.61319879779901,149.95811462402344,14050,0.0,0.0
2004-02-09 00:00:00-05:00,148.94944306107092,150.76507756087798,148.6132140699624,149.48741149902344,9650,0.0,0.0
2004-02-10 00:00:00-05:00,148.8149580834444,149.42016618165374,147.60453162613086,148.94944763183594,31810,0.0,0.0
2004-02-11 00:00:00-05:00,149.62190538412221,151.84101884199825,148.94944738239582,151.37030029296875,6990,0.0,0.0
2004-02-12 00:00:00-05:00,150.02540867732552,150.89959601296002,149.95815876186296,150.2943878173828,8050,0.0,0.0
2004-02-13 00:00:00-05:00,150.4288601376644,151.57203674316406,150.02539147384437,151.57203674316406,7240,0.0,0.0
2004-02-17 00:00:00-05:00,150.4288529340149,152.37898729555832,150.36161329037915,151.37030029296875,10890,0.0,0.0
2004-02-18 00:00:00-05:00,151.5047652412098,151.5047652412098,150.6305679287305,150.966796875,9530,0.0,0.0
2004-02-19 00:00:00-05:00,151.6392655368571,152.6479524473018,151.50477600097656,151.50477600097656,11940,0.0,0.0
2004-02-20 00:00:00-05:00,150.2943649619624,151.16856242555323,149.48741740360737,151.03407287597656,44120,0.0,0.0
2004-02-23 00:00:00-05:00,151.03407909136288,151.30305820158534,149.28568409223087,150.15988159179688,11010,0.0,0.0
2004-02-24 00:00:00-05:00,150.4288331110233,151.1012910241355,149.3529066065798,149.95811462402344,15620,0.0,0.0
2004-02-25 00:00:00-05:00,149.62191170256756,150.36161964006195,147.9407666272578,150.025390625,8480,0.0,0.0
2004-02-26 00:00:00-05:00,146.85915044044447,149.68854486095503,146.85915044044447,149.41908264160156,18960,0.4,0.0
2004-02-27 00:00:00-05:00,148.88010139551443,150.02533088884638,148.61063926037335,149.21693420410156,14640,0.0,0.0
2004-03-01 00:00:00-05:00,149.89064981725588,149.89064981725588,148.94752175036044,149.35171508789062,10580,0.0,0.0
2004-03-02 00:00:00-05:00,149.28431830095337,151.0358428955078,149.28431830095337,151.0358428955078,12220,0.0,0.0
2004-03-03 00:00:00-05:00,149.68852753517527,151.70952478437923,149.35169466030794,151.2379608154297,8160,0.0,0.0
2004-03-04 00:00:00-05:00,150.02538588522293,150.90115356445312,149.14961820599274,150.90115356445312,13690,0.0,0.0
2004-03-05 00:00:00-05:00,150.22744840865454,150.56428125262013,149.55378272072335,150.42955017089844,18460,0.0,0.0
2004-03-08 00:00:00-05:00,151.23795646067416,151.23795646067416,149.75589390979724,149.890625,8490,0.0,0.0
2004-03-09 00:00:00-05:00,149.95799689756973,151.5074198664176,148.67802583198338,151.30532836914062,7340,0.0,0.0
2004-03-10 00:00:00-05:00,151.3053476269109,151.64218053767488,150.4295800030596,151.44007873535156,26020,0.0,0.0
2004-03-11 00:00:00-05:00,151.5074230035941,151.91162656516434,150.90112794056236,151.2379608154297,12200,0.0,0.0
2004-03-12 00:00:00-05:00,152.113722867256,152.113722867256,149.68852214383048,151.91162109375,18670,0.0,0.0
2004-03-15 00:00:00-05:00,151.237968691927,151.237968691927,149.3517024385682,149.9580078125,13400,0.0,0.0
2004-03-16 00:00:00-05:00,149.28436202723876,150.63169377737873,149.0822602088527,150.29486083984375,11140,0.0,0.0
2004-03-17 00:00:00-05:00,150.96849318981964,152.1810832722092,150.56428964280767,151.91162109375,9330,0.0,0.0
2004-03-18 00:00:00-05:00,150.90112481594002,151.84425273431032,149.95799689756973,151.30532836914062,9660,0.0,0.0
2004-03-19 00:00:00-05:00,150.90117838541667,151.97904805704331,150.90117838541667,151.57484436035156,9870,0.0,0.0
2004-03-22 00:00:00-05:00,151.5747893258427,151.5747893258427,149.55379213483147,149.890625,9540,0.0,0.0
2004-03-23 00:00:00-05:00,149.5538218361991,151.1032553795563,149.21698890413558,150.90115356445312,7460,0.0,0.0
2004-03-24 00:00:00-05:00,150.22744750976562,151.8442410393973,150.22744750976562,150.22744750976562,13040,0.0,0.0
2004-03-25 00:00:00-05:00,150.0927310967455,151.64216437699992,149.95800000266328,151.2379608154297,8100,0.0,0.0
2004-03-26 00:00:00-05:00,151.84424638949798,151.84424638949798,150.90111851053632,151.77688598632812,11980,0.0,0.0
2004-03-29 00:00:00-05:00,152.11374319808107,153.46107482910156,151.84427070428222,153.46107482910156,7460,0.0,0.0
2004-03-30 00:00:00-05:00,153.4610474390689,153.66314920351536,152.72001106253944,153.3936767578125,12470,0.0,0.0
2004-03-31 00:00:00-05:00,152.9895159484002,157.7725372314453,152.9221452528584,157.7725372314453,25220,0.0,0.0
2004-04-01 00:00:00-05:00,156.96414028156832,160.66930239121908,156.29047444345,157.7725372314453,28000,0.0,0.0
2004-04-02 00:00:00-05:00,159.254557882246,160.39979772748782,157.50303333416952,157.9072265625,9980,0.0,0.0
2004-04-05 00:00:00-04:00,158.10937584655142,159.99564231710232,156.62731300516333,158.3114776611328,8950,0.0,0.0
2004-04-06 00:00:00-04:00,157.0988311767578,157.907227919689,155.88623092269987,157.0988311767578,10320,0.0,0.0
2004-04-07 00:00:00-04:00,157.09882490267856,158.98509074706746,156.0883264445404,157.5703887939453,12610,0.0,0.0
2004-04-08 00:00:00-04:00,158.64826290008918,159.11982680613582,156.35780376824988,157.9072265625,12510,0.0,0.0
2004-04-12 00:00:00-04:00,156.96411029363082,159.92823530332643,156.96411029363082,158.985107421875,14410,0.0,0.0
2004-04-13 00:00:00-04:00,159.99562579184862,159.99562579184862,155.27996524219415,156.89675903320312,8010,0.0,0.0
2004-04-14 00:00:00-04:00,156.49254686529957,159.52404256759166,156.49254686529957,157.974609375,7650,0.0,0.0
2004-04-15 00:00:00-04:00,157.63781811880358,157.83991994148772,154.67369231718885,155.4147186279297,10220,0.0,0.0
2004-04-16 00:00:00-04:00,154.94309691451488,157.9745922889293,154.5388934195309,157.5703887939453,7100,0.0,0.0
2004-04-19 00:00:00-04:00,156.08839584939756,157.83993140072107,154.9431658101444,155.27999877929688,10890,0.0,0.0
2004-04-20 00:00:00-04:00,154.9431009176829,159.79349158619812,154.9431009176829,157.36830139160156,15320,0.0,0.0
2004-04-21 00:00:00-04:00,157.6377644102797,159.92822354211896,157.09882982651686,157.9072265625,26030,0.0,0.0
2004-04-22 00:00:00-04:00,158.31148962756905,162.35348510742188,157.63782371426024,162.35348510742188,18890,0.0,0.0
2004-04-23 00:00:00-04:00,164.03759135825158,167.4059197228974,164.03759135825158,164.5091552734375,23820,0.0,0.0
2004-04-26 00:00:00-04:00,164.50918557348706,167.60805235145355,162.4881881824631,163.2965850830078,17430,0.0,0.0
2004-04-27 00:00:00-04:00,164.17235375513133,166.6649151645955,163.7681604418618,164.71128845214844,20290,0.0,0.0
2004-04-28 00:00:00-04:00,164.37447306315104,164.37447306315104,161.6798095703125,161.6798095703125,12140,0.0,0.0
2004-04-29 00:00:00-04:00,161.34297663370768,163.0271413167318,161.00614369710289,161.6798095703125,14070,0.0,0.0
2004-04-30 00:00:00-04:00,162.01663449966267,162.3534674196204,158.3788430758493,161.41033935546875,18640,0.0,0.0
2004-05-03 00:00:00-04:00,161.0061113117045,164.71127286908683,160.80400953452806,163.49867248535156,15940,0.0,0.0
2004-05-04 00:00:00-04:00,162.89237743314564,164.98073505243983,162.35344278711625,163.49867248535156,11670,0.0,0.0
2004-05-05 00:00:00-04:00,163.16185397947106,164.91338916342158,162.28608638749583,163.2965850830078,8710,0.0,0.0
2004-05-06 00:00:00-04:00,162.62288309664703,164.0375850672722,159.9955911847111,162.42079162597656,11950,0.0,0.0
2004-05-07 00:00:00-04:00,160.73663830892687,161.6797661665024,158.58089986991536,158.85037231445312,13360,0.0,0.0
2004-05-10 00:00:00-04:00,157.8398901226857,159.32195274350468,156.55991900704635,156.8293914794922,10370,0.0,0.0
2004-05-11 00:00:00-04:00,156.49252993952442,157.9745922889293,155.95359537265304,157.5703887939453,14220,0.0,0.0
2004-05-12 00:00:00-04:00,156.62731365425876,156.62731365425876,153.52844656270244,156.08837890625,14930,0.0,0.0
2004-05-13 00:00:00-04:00,155.41466392283778,157.8398643827388,155.41466392283778,157.16619873046875,6510,0.0,0.0
2004-05-14 00:00:00-04:00,156.96417073403578,158.91779793187024,154.94317282758897,156.55996704101562,6200,0.0,0.0
2004-05-17 00:00:00-04:00,155.54941259759673,156.0209868310013,153.59578609669265,154.33682250976562,7200,0.0,0.0
2004-05-18 00:00:00-04:00,153.66320937824563,156.35787321457204,153.59583867060675,155.61683654785156,8020,0.0,0.0
2004-05-19 00:00:00-04:00,157.3009736224116,158.7830364143809,152.78741455078125,152.78741455078125,19710,0.0,0.0
2004-05-20 00:00:00-04:00,152.18113619223456,153.46110768332568,151.6422116479086,153.19163513183594,10540,0.0,0.0
2004-05-21 00:00:00-04:00,153.1916150401824,153.32635643791883,151.64219175946775,152.8547821044922,7670,0.0,0.0
2004-05-24 00:00:00-04:00,152.92215134975248,154.13475196257593,152.65268911549185,153.32635498046875,13990,0.0,0.0
2004-05-25 00:00:00-04:00,152.9221214642768,153.93262006426102,151.7768917734927,152.31582641601562,28890,0.0,0.0
2004-05-26 00:00:00-04:00,152.31582641601562,153.25895433093822,151.97899354935421,152.31582641601562,19670,0.0,0.0
2004-05-27 00:00:00-04:00,153.86802388256083,156.09506312984325,153.39562411435975,155.15025329589844,18330,0.4,0.0
2004-05-28 00:00:00-04:00,154.27291864008785,156.4999472258501,154.13793847334023,155.96006774902344,11670,0.0,0.0
2004-06-01 00:00:00-04:00,155.8250884307064,158.3895571497596,155.21771886719898,157.51223754882812,13380,0.0,0.0
2004-06-02 00:00:00-04:00,158.5920140383484,158.5920140383484,156.23000531862832,157.1748046875,10380,0.0,0.0
2004-06-03 00:00:00-04:00,156.1625117501244,156.1625117501244,154.67782264752313,155.21771240234375,11900,0.0,0.0
2004-06-04 00:00:00-04:00,155.21771802207542,156.8373770476372,154.61034846187496,155.96006774902344,11390,0.0,0.0
2004-06-07 00:00:00-04:00,155.62259661196344,159.5367732675109,155.62259661196344,158.72694396972656,10130,0.0,0.0
2004-06-08 00:00:00-04:00,157.17482547813023,158.72700490162939,156.8373956163931,157.91717529296875,14220,0.0,0.0
2004-06-09 00:00:00-04:00,157.84966056942483,158.92944007750265,156.29749168568125,157.7821807861328,6740,0.0,0.0
2004-06-10 00:00:00-04:00,156.90492519887312,159.13196490636608,156.90492519887312,158.8620147705078,8360,0.0,0.0
2004-06-14 00:00:00-04:00,158.92946487818008,160.61661418686563,157.71471531641805,157.91717529296875,11350,0.0,0.0
2004-06-15 00:00:00-04:00,158.592040767496,162.23627928739165,158.38958078360346,161.08901977539062,51380,0.0,0.0
2004-06-16 00:00:00-04:00,161.08905447800078,161.08905447800078,157.3098452538881,158.8620147705078,12840,0.0,0.0
2004-06-17 00:00:00-04:00,158.0521722274144,160.14424184724092,155.35273287153183,159.2669219970703,6560,0.0,0.0
2004-06-18 00:00:00-04:00,158.1196509998162,160.61663016557065,157.0398712158203,157.0398712158203,10200,0.0,0.0
2004-06-21 00:00:00-04:00,156.29752533456536,158.592044411286,154.81282561693612,158.05215454101562,7760,0.0,0.0
2004-06-22 00:00:00-04:00,157.9171537290064,158.45704349357098,155.69011488614046,156.43246459960938,14200,0.0,0.0
2004-06-23 00:00:00-04:00,157.24229735021163,157.9171569954915,155.6226383205563,157.57972717285156,7750,0.0,0.0
2004-06-24 00:00:00-04:00,158.59204399611033,160.61662328116708,158.25461411526754,158.92947387695312,13500,0.0,0.0
2004-06-25 00:00:00-04:00,158.25460515470587,160.0092445547557,157.91717529296875,157.91717529296875,12280,0.0,0.0
2004-06-28 00:00:00-04:00,159.26687602227548,160.61659531059985,157.91715673395112,158.45704650878906,7380,0.0,0.0
2004-06-29 00:00:00-04:00,157.57972974354504,162.6411771657146,157.57972974354504,162.1687774658203,15880,0.0,0.0
2004-06-30 00:00:00-04:00,162.37128217790465,166.01552120734087,162.30379207465643,164.73329162597656,24810,0.0,0.0
2004-07-01 00:00:00-04:00,164.05839598759417,165.13816532116178,162.3037566614269,164.8007354736328,15860,0.0,0.0
2004-07-02 00:00:00-04:00,163.65346692200038,167.09525529380943,163.65346692200038,165.4755859375,14960,0.0,0.0
2004-07-06 00:00:00-04:00,165.4755707380071,167.1627197265625,163.3835121707225,167.1627197265625,20660,0.0,0.0
2004-07-07 00:00:00-04:00,166.01543950668622,169.45722712766968,166.01543950668622,167.29766845703125,20170,0.0,0.0
2004-07-08 00:00:00-04:00,166.62283273325454,166.6903228129237,163.31602478027344,163.31602478027344,19260,0.0,0.0
2004-07-09 00:00:00-04:00,163.3160273854583,167.09524536132812,163.3160273854583,167.09524536132812,24120,0.0,0.0
2004-07-12 00:00:00-04:00,166.69031727839217,168.84986588807791,166.01545769426914,167.63511657714844,18470,0.0,0.0
2004-07-13 00:00:00-04:00,167.70263052368165,168.98485979699902,167.02777084350586,168.7149200439453,11460,0.0,0.0
2004-07-14 00:00:00-04:00,167.36521911621094,169.25482848832186,166.82532925310173,167.36521911621094,22580,0.0,0.0
2004-07-15 00:00:00-04:00,167.43269695572448,168.71492627640845,165.54308772192033,167.70263671875,10500,0.0,0.0
2004-07-16 00:00:00-04:00,168.24252347349432,172.42665150931975,166.217944395107,169.8621826171875,27270,0.0,0.0
2004-07-19 00:00:00-04:00,170.67200610625906,171.68429560937457,167.9050876429348,169.18731689453125,12170,0.0,0.0
2004-07-20 00:00:00-04:00,168.71494628918364,171.81930541992188,168.24254649908255,171.81930541992188,7560,0.0,0.0
2004-07-21 00:00:00-04:00,171.819253491496,173.303932213079,166.8927764892578,166.8927764892578,17110,0.0,0.0
2004-07-22 00:00:00-04:00,167.09528821748765,169.18734738914452,165.40813874153378,168.3775177001953,7910,0.0,0.0
2004-07-23 00:00:00-04:00,167.70266178243557,167.83763168412,163.8559629479407,164.53082275390625,7720,0.0,0.0
2004-07-26 00:00:00-04:00,164.80073619908086,166.555375532972,159.94174843278316,160.5491180419922,31990,0.0,0.0
2004-07-27 00:00:00-04:00,161.56134929378706,168.04000417622294,161.4263794623901,162.64112854003906,16730,0.0,0.0
2004-07-28 00:00:00-04:00,163.31604337064124,165.34062242069052,160.9540344789171,162.77615356445312,15910,0.0,0.0
2004-07-29 00:00:00-04:00,162.3037936797202,165.20569308984355,160.0092743122054,161.29150390625,19990,0.0,0.0
2004-07-30 00:00:00-04:00,160.95404281479685,164.80074114960433,160.00924332819224,163.04611206054688,17010,0.0,0.0
2004-08-02 00:00:00-04:00,163.11355615097932,166.55534407998073,161.76383700980855,166.48785400390625,13780,0.0,0.0
2004-08-03 00:00:00-04:00,166.01551179446466,167.77015140399263,165.00322208840086,165.40814208984375,10090,0.0,0.0
2004-08-04 00:00:00-04:00,164.5983094336838,165.74557938979837,162.10133010678422,164.26087951660156,14180,0.0,0.0
2004-08-05 00:00:00-04:00,163.92345020723621,165.67808990158625,160.95407104492188,160.95407104492188,12770,0.0,0.0
2004-08-06 00:00:00-04:00,160.27917165099205,163.78843987605288,159.94174181593735,161.62889099121094,13150,0.0,0.0
2004-08-09 00:00:00-04:00,160.95404389049182,161.62890361330312,158.99695481335596,160.41415405273438,9490,0.0,0.0
2004-08-10 00:00:00-04:00,160.21169965193837,162.43873887422765,160.21169965193837,161.96633911132812,9630,0.0,0.0
2004-08-11 00:00:00-04:00,161.15649748238454,162.2362668175806,159.40185815357103,160.61660766601562,12560,0.0,0.0
2004-08-12 00:00:00-04:00,159.6043146601124,161.62889370442673,159.6043146601124,160.34666442871094,10990,0.0,0.0
2004-08-13 00:00:00-04:00,160.2792141327798,162.23630357580456,160.2792141327798,161.29150390625,6120,0.0,0.0
2004-08-16 00:00:00-04:00,161.29153778386032,164.3958978602251,161.29153778386032,161.5614776611328,17790,0.0,0.0
2004-08-17 00:00:00-04:00,162.23627889083,163.5859983834244,160.81907960213138,161.96633911132812,9500,0.0,0.0
2004-08-18 00:00:00-04:00,161.6289148036949,165.8805334112756,161.29148491892727,164.32835388183594,11620,0.0,0.0
2004-08-19 00:00:00-04:00,163.31605193795104,165.67806095358256,162.64119221919918,163.85594177246094,7110,0.0,0.0
2004-08-20 00:00:00-04:00,163.45099195174058,167.50014952427358,163.04608237301142,167.1627197265625,6980,0.0,0.0
2004-08-23 00:00:00-04:00,167.2302922112959,168.71498199332814,164.5983323136728,166.21800231933594,11350,0.0,0.0
2004-08-24 00:00:00-04:00,166.35292935193266,166.35292935193266,162.7761705964191,165.7455596923828,12730,0.0,0.0
2004-08-25 00:00:00-04:00,166.28546393315696,167.3652438187472,163.31608469410008,165.88055419921875,10760,0.0,0.0
2004-08-26 00:00:00-04:00,165.54307888167602,165.9479885045915,164.6657592523805,165.00318908691406,11520,0.0,0.0
2004-08-27 00:00:00-04:00,164.665771484375,165.81303094750362,164.12588164950796,164.665771484375,13480,0.0,0.0
2004-08-30 00:00:00-04:00,164.328347591478,166.01549695073342,162.97862810407366,165.34063720703125,5560,0.0,0.0
2004-08-31 00:00:00-04:00,165.00320951184054,169.7272277800732,165.00320951184054,167.43270874023438,13820,0.0,0.0
2004-09-01 00:00:00-04:00,168.10871030292338,169.1902340899735,165.3373223591422,166.48643493652344,10940,0.4,0.0
2004-09-02 00:00:00-04:00,166.48637108386,167.70308229910125,166.21598508371122,166.95953369140625,7340,0.0,0.0
2004-09-03 00:00:00-04:00,165.6076786134287,167.16236500610387,165.3373028556478,165.67527770996094,11710,0.0,0.0
2004-09-07 00:00:00-04:00,166.1483253143203,168.64933544038237,166.1483253143203,167.77059936523438,7340,0.0,0.0
2004-09-08 00:00:00-04:00,167.0947561403258,168.64944244210577,164.9993183545993,165.13450622558594,11360,0.0,0.0
2004-09-09 00:00:00-04:00,165.47242689131195,167.36508740806647,165.47242689131195,166.55393981933594,9990,0.0,0.0
2004-09-10 00:00:00-04:00,165.26967860466004,166.08081606871957,162.90385498455242,165.54005432128906,9180,0.0,0.0
2004-09-13 00:00:00-04:00,164.86410442857726,166.28360272383998,164.39094176821382,165.81044006347656,7090,0.0,0.0
2004-09-14 00:00:00-04:00,165.26970375911557,165.94565346774183,164.796541025912,165.67527770996094,5340,0.0,0.0
2004-09-15 00:00:00-04:00,164.32335328228598,165.74284126584706,162.97145407079591,165.54005432128906,7570,0.0,0.0
2004-09-16 00:00:00-04:00,164.86408688646875,166.28358503069197,164.86408688646875,165.60763549804688,11150,0.0,0.0
2004-09-17 00:00:00-04:00,164.79649812170703,166.28358503069197,164.79649812170703,165.60763549804688,19310,0.0,0.0
2004-09-20 00:00:00-04:00,164.59368621668318,166.08077289995478,164.52608714801048,165.0668487548828,37020,0.0,0.0
2004-09-21 00:00:00-04:00,165.06688213970102,168.17625427246094,165.06688213970102,168.17625427246094,7430,0.0,0.0
2004-09-22 00:00:00-04:00,166.486338329087,167.16228772521472,165.06684047155113,166.3511505126953,11110,0.0,0.0
2004-09-23 00:00:00-04:00,165.2696273532233,167.16228772521472,165.2696273532233,166.3511505126953,6640,0.0,0.0
2004-09-24 00:00:00-04:00,166.55398371115814,168.98740649028738,165.60765836048162,168.8522186279297,21660,0.0,0.0
2004-09-27 00:00:00-04:00,167.63550646551724,168.91980662325335,166.4863941695156,166.62158203125,10440,0.0,0.0
2004-09-28 00:00:00-04:00,165.6075945138517,167.77063042017843,164.9992442106928,166.41873168945312,11910,0.0,0.0
2004-09-29 00:00:00-04:00,165.74284493744167,167.83829288733935,165.54005798839145,167.2975311279297,5400,0.0,0.0
2004-09-30 00:00:00-04:00,166.62158512152791,169.12259670960472,166.62158512152791,169.0550079345703,9210,0.0,0.0
2004-10-01 00:00:00-04:00,169.19013945690355,170.74482516339052,168.78456568506542,169.8660888671875,7610,0.0,0.0
2004-10-04 00:00:00-04:00,170.54207852138472,172.231952445865,169.86612895159263,170.8124542236328,6600,0.0,0.0
2004-10-05 00:00:00-04:00,170.81245057681997,171.6235879804185,168.58181498129525,168.6494140625,16380,0.0,0.0
2004-10-06 00:00:00-04:00,168.17627134573985,169.73095756995176,168.17627134573985,169.0550079345703,15850,0.0,0.0
2004-10-07 00:00:00-04:00,167.56791058851704,167.83829663133977,165.87803649902344,165.87803649902344,14140,0.0,0.0
2004-10-08 00:00:00-04:00,165.7428454587172,168.37905517631566,165.7428454587172,166.62158203125,19080,0.0,0.0
2004-10-11 00:00:00-04:00,166.95951566619337,167.97343985040104,166.21596713877304,167.43267822265625,3570,0.0,0.0
2004-10-12 00:00:00-04:00,166.6216228313609,167.703146618411,165.26972325463586,166.48643493652344,11210,0.0,0.0
2004-10-13 00:00:00-04:00,167.16226965463278,168.37898049896756,165.47239634699227,167.2298583984375,13340,0.0,0.0
2004-10-14 00:00:00-04:00,167.90588139388424,168.04107956915115,164.3909454345703,164.3909454345703,8190,0.0,0.0
2004-10-15 00:00:00-04:00,163.8501302950615,167.16228854074777,163.8501302950615,164.72886657714844,7040,0.0,0.0
2004-10-18 00:00:00-04:00,164.2557578346946,167.2975311279297,163.106645542307,167.2975311279297,9820,0.0,0.0
2004-10-19 00:00:00-04:00,166.62160317636807,167.77071561819787,165.3373028556478,165.67527770996094,12100,0.0,0.0
2004-10-20 00:00:00-04:00,164.99929069586756,167.63548983780962,164.59371683672032,164.66131591796875,9090,0.0,0.0
2004-10-21 00:00:00-04:00,164.05290819817995,168.31139124430328,163.98531945043848,168.041015625,15810,0.0,0.0
2004-10-22 00:00:00-04:00,167.63548768510785,167.63548768510785,163.9177651759623,164.18814086914062,11450,0.0,0.0
2004-10-25 00:00:00-04:00,163.30936057604603,168.3113814409947,163.30936057604603,167.2298583984375,12990,0.0,0.0
2004-10-26 00:00:00-04:00,166.55398347139047,168.98740624701662,164.52613459642626,165.9456329345703,10590,0.0,0.0
2004-10-27 00:00:00-04:00,165.6076348496223,171.82636846277387,165.6076348496223,170.5420684814453,9050,0.0,0.0
2004-10-28 00:00:00-04:00,169.73088414149814,174.3273314222528,169.73088414149814,174.19215393066406,7600,0.0,0.0
2004-10-29 00:00:00-04:00,174.192177089663,175.7468525338186,173.3810295189403,173.9893798828125,11140,0.0,0.0
2004-11-01 00:00:00-05:00,174.25980344539545,174.53019979554526,171.42082742392984,174.4626007080078,9760,0.0,0.0
2004-11-02 00:00:00-05:00,174.73292087679178,177.30152035981533,172.77267173150133,173.65139770507812,14450,0.0,0.0
2004-11-03 00:00:00-05:00,174.73296101888022,178.45068359375,174.73296101888022,178.45068359375,11190,0.0,0.0
2004-11-04 00:00:00-05:00,177.77475345400904,182.5064008843439,177.5043777265162,179.6674041748047,16720,0.0,0.0
2004-11-05 00:00:00-05:00,179.53219045525634,181.01926697104165,178.45066713483146,180.478515625,9420,0.0,0.0
2004-11-08 00:00:00-05:00,179.46461486816406,181.83043841633193,178.99144190719275,179.46461486816406,9230,0.0,0.0
2004-11-09 00:00:00-05:00,178.2478706919745,180.95166837783933,178.2478706919745,180.0729217529297,12110,0.0,0.0
2004-11-10 00:00:00-05:00,179.87014848201719,181.83039771461085,177.90989924942352,178.65342712402344,22180,0.0,0.0
2004-11-11 00:00:00-05:00,179.19427765061,181.62770080566406,178.9239018841259,181.62770080566406,17540,0.0,0.0
2004-11-12 00:00:00-05:00,181.3572215280476,181.3572215280476,179.12659668854485,180.0729217529297,9380,0.0,0.0
2004-11-15 00:00:00-05:00,178.7210892788486,179.32943985841396,177.4367890268002,179.1266632080078,10820,0.0,0.0
2004-11-16 00:00:00-05:00,179.1265645345052,179.87011289031557,176.7607419840495,177.4366912841797,17290,0.0,0.0
2004-11-17 00:00:00-05:00,178.4506740460063,179.53219740831722,176.96357684428597,177.6395263671875,8410,0.0,0.0
2004-11-18 00:00:00-05:00,177.63948047116523,178.31542981942434,175.67923148688115,177.50430297851562,7370,0.0,0.0
2004-11-19 00:00:00-05:00,177.16636177511214,179.12661112973157,176.62558981733858,176.7607879638672,9320,0.0,0.0
2004-11-22 00:00:00-05:00,175.94966335730606,179.194233643346,175.94966335730606,176.42283630371094,6980,0.0,0.0
2004-11-23 00:00:00-05:00,176.96359668610918,179.26184182433622,175.6116974887261,177.90994262695312,5100,0.0,0.0
2004-11-24 00:00:00-05:00,176.89602718257086,179.6674041748047,176.89602718257086,179.6674041748047,6130,0.0,0.0
2004-11-26 00:00:00-05:00,179.26178726640669,180.14051322592954,179.26178726640669,179.59976196289062,650,0.0,0.0
2004-11-29 00:00:00-05:00,180.9516833559279,181.08686087440677,175.40888938977025,176.0848388671875,13520,0.0,0.0
2004-11-30 00:00:00-05:00,176.08479601801176,176.08479601801176,172.84023725311883,174.53012084960938,20540,0.0,0.0
2004-12-01 00:00:00-05:00,173.44866280768497,177.63953774100025,173.44866280768497,175.74688720703125,15540,0.0,0.0
2004-12-02 00:00:00-05:00,175.0698560502338,177.37162104629078,175.0698560502338,176.15304565429688,11710,0.4,0.0
2004-12-03 00:00:00-05:00,175.8146111129855,177.10089017469437,175.0699167109023,176.0177001953125,8810,0.0,0.0
2004-12-06 00:00:00-05:00,175.81458060798175,176.6269574564675,174.86677662789143,175.88226318359375,7610,0.0,0.0
2004-12-07 00:00:00-05:00,175.34073248841534,176.69471497867337,173.64825437559278,173.78366088867188,11390,0.0,0.0
2004-12-08 00:00:00-05:00,172.63273477096703,176.76238471516112,172.091139811555,176.35618591308594,14260,0.0,0.0
2004-12-09 00:00:00-05:00,176.15312565946314,176.15312565946314,174.2575378263845,174.3929443359375,13040,0.0,0.0
2004-12-10 00:00:00-05:00,172.63268622008047,175.1375609116369,172.22648753224382,173.37738037109375,13530,0.0,0.0
2004-12-13 00:00:00-05:00,173.71591185686339,174.32519968490155,172.02343419001969,173.64820861816406,11760,0.0,0.0
2004-12-14 00:00:00-05:00,173.17435806808015,174.46064759842616,173.17435806808015,174.3252410888672,18150,0.0,0.0
2004-12-15 00:00:00-05:00,173.10661911442133,175.0021962266024,172.97122296285073,173.98670959472656,13880,0.0,0.0
2004-12-16 00:00:00-05:00,172.70043402217686,174.59600084120032,172.02344292107867,172.2942352294922,22930,0.0,0.0
2004-12-17 00:00:00-05:00,170.2632871982534,172.6327564037957,170.2632871982534,172.4973602294922,31910,0.0,0.0
2004-12-20 00:00:00-05:00,173.64819219252644,173.91898446158123,171.4818230498993,172.63270568847656,35480,0.0,0.0
2004-12-21 00:00:00-05:00,172.29417970268528,173.78356790915421,171.61718881976708,172.56497192382812,28420,0.0,0.0
2004-12-22 00:00:00-05:00,171.95573095960657,175.13759723747717,171.95573095960657,173.71591186523438,12530,0.0,0.0
2004-12-23 00:00:00-05:00,174.39284449206107,176.35611379576713,174.3251412760462,175.746826171875,13190,0.0,0.0
2004-12-27 00:00:00-05:00,176.01769035471148,177.03317702983483,175.4761057253641,176.35618591308594,10670,0.0,0.0
2004-12-28 00:00:00-05:00,176.01767190312108,178.18405151367188,175.746879616834,178.18405151367188,8710,0.0,0.0
2004-12-29 00:00:00-05:00,178.1840196445145,178.1840196445145,176.0853436459266,176.96542358398438,4410,0.0,0.0
2004-12-30 00:00:00-05:00,176.3561663288393,178.11634716894525,176.3561663288393,177.16856384277344,4310,0.0,0.0
2004-12-31 00:00:00-05:00,176.6269574564675,176.76236392794522,175.40838185367545,175.88226318359375,8700,0.0,0.0
2005-01-03 00:00:00-05:00,175.40840343827003,176.9654747512324,172.15884399414062,172.15884399414062,10150,0.0,0.0
2005-01-04 00:00:00-05:00,172.7680615386445,173.78355813597375,171.34638696250454,172.90345764160156,12550,0.0,0.0
2005-01-05 00:00:00-05:00,172.7680895563681,174.25746759054857,170.60172056755442,170.8725128173828,19090,0.0,0.0
2005-01-06 00:00:00-05:00,170.87254387306996,171.48184204101562,168.976977119632,171.48184204101562,15010,0.0,0.0
2005-01-07 00:00:00-05:00,171.2110204507816,173.4451031557668,169.58624617632697,172.63270568847656,14070,0.0,0.0
2005-01-10 00:00:00-05:00,172.63269710280264,174.8667590365537,172.63269710280264,173.8512725830078,16640,0.0,0.0
2005-01-11 00:00:00-05:00,172.9712175514266,174.1221106289314,171.95573095132036,173.64820861816406,10820,0.0,0.0
2005-01-12 00:00:00-05:00,173.17432236146004,174.86678975124968,171.95573633715242,174.05441284179688,18860,0.0,0.0
2005-01-13 00:00:00-05:00,174.05435034188787,176.0176196599166,172.63266543568741,172.90345764160156,17050,0.0,0.0
2005-01-14 00:00:00-05:00,172.63273718520563,174.12212592693376,172.56503394055807,173.5805206298828,11290,0.0,0.0
2005-01-18 00:00:00-05:00,172.15881098169237,174.59597234990107,171.95571161849261,174.46058654785156,8790,0.0,0.0
2005-01-19 00:00:00-05:00,174.46063093619793,175.00221560244333,172.09115153608016,172.83584594726562,9060,0.0,0.0
2005-01-20 00:00:00-05:00,172.83582140409186,174.5282887408717,171.95573095132036,173.64820861816406,10440,0.0,0.0
2005-01-21 00:00:00-05:00,173.64816569999624,173.64816569999624,171.61719300175065,171.8879852294922,10730,0.0,0.0
2005-01-24 00:00:00-05:00,171.88800478779265,172.9034912524627,170.73712219384575,171.27871704101562,9380,0.0,0.0
2005-01-25 00:00:00-05:00,170.9402569222721,171.95574359705788,170.19556256207002,171.1433563232422,11540,0.0,0.0
2005-01-26 00:00:00-05:00,172.63266281339907,175.34062615164848,171.88796876335635,174.79904174804688,15550,0.0,0.0
2005-01-27 00:00:00-05:00,173.98676533660188,175.34074794622524,173.24207076928204,173.5128631591797,9820,0.0,0.0
2005-01-28 00:00:00-05:00,172.2942041191876,172.6326996086163,170.94022216147297,171.8203125,13880,0.0,0.0
2005-01-31 00:00:00-05:00,173.5127830317135,179.4026129277307,172.9711985020196,179.06411743164062,12890,0.0,0.0
2005-02-01 00:00:00-05:00,182.11058044433594,184.00614699531957,180.7565984335974,182.11058044433594,29560,0.0,0.0
2005-02-02 00:00:00-05:00,180.89199217492182,186.84950433907443,180.21500121717156,184.07383728027344,24110,0.0,0.0
2005-02-03 00:00:00-05:00,182.99065186981957,183.93845576080304,181.8397796109645,183.3968505859375,11780,0.0,0.0
2005-02-04 00:00:00-05:00,183.53228964125802,186.17255077476534,183.53228964125802,185.3601531982422,19360,0.0,0.0
2005-02-07 00:00:00-05:00,184.1415374852224,186.84950127176978,183.80304201190395,185.6986083984375,42300,0.0,0.0
2005-02-08 00:00:00-05:00,184.81851748618175,186.17249929926732,184.7508142635029,185.15701293945312,13750,0.0,0.0
2005-02-09 00:00:00-05:00,185.83407768874451,186.1048700269387,181.2982285485005,182.0429229736328,23240,0.0,0.0
2005-02-10 00:00:00-05:00,181.70436772257742,183.73534058235316,181.70436772257742,183.1260528564453,10030,0.0,0.0
2005-02-11 00:00:00-05:00,183.12609422097108,185.15706753950312,182.11060756170508,183.80308532714844,6090,0.0,0.0
2005-02-14 00:00:00-05:00,182.78754076674056,184.07381932900054,181.63664798675285,181.9751434326172,11680,0.0,0.0
2005-02-15 00:00:00-05:00,181.56898438036464,185.63093015477884,181.56898438036464,185.2247314453125,17020,0.0,0.0
2005-02-16 00:00:00-05:00,184.88626747098158,186.84953746448863,184.54777193209662,186.17254638671875,16240,0.0,0.0
2005-02-17 00:00:00-05:00,185.8340776810632,186.5110688565862,181.70442737834668,182.24603271484375,18860,0.0,0.0
2005-02-18 00:00:00-05:00,182.58449001311558,182.92298552989175,179.60571293738388,179.87652587890625,19940,0.0,0.0
2005-02-22 00:00:00-05:00,179.40263257877373,180.68891147278467,176.01767724709873,178.25173950195312,22180,0.0,0.0
2005-02-23 00:00:00-05:00,178.04865692210697,180.82432452706286,178.04865692210697,179.808837890625,11310,0.0,0.0
2005-02-24 00:00:00-05:00,179.13179007897344,180.75656405077626,176.89770779013787,178.92868041992188,21280,0.0,0.0
2005-02-25 00:00:00-05:00,177.70780835695032,180.42090466774346,177.70780835695032,180.3530731201172,14940,0.5,0.0
2005-02-28 00:00:00-05:00,179.06441440866953,182.18448031473898,179.06441440866953,181.7775115966797,12340,0.0,0.0
2005-03-01 00:00:00-05:00,182.11657575656886,182.79484978173298,181.09916471882266,182.52354431152344,11820,0.0,0.0
2005-03-02 00:00:00-05:00,183.88008878437873,184.3548681731882,182.4557092193899,183.40528869628906,12610,0.0,0.0
2005-03-03 00:00:00-05:00,183.94799762680336,183.94799762680336,180.62443701205984,181.7775115966797,16710,0.0,0.0
2005-03-04 00:00:00-05:00,183.47320484074413,183.6766788584487,181.16707627650402,182.2523193359375,9730,0.0,0.0
2005-03-07 00:00:00-05:00,182.11659607383152,182.11659607383152,179.67480517097385,181.23484802246094,12050,0.0,0.0
2005-03-08 00:00:00-05:00,181.23486902808028,181.30267988659682,179.13221493193606,180.5565948486328,17150,0.0,0.0
2005-03-09 00:00:00-05:00,180.21751229102077,180.9635975547431,178.38616317264956,178.45399475097656,10880,0.0,0.0
2005-03-10 00:00:00-05:00,179.4035391833763,179.8105078733662,176.01216793227277,176.55477905273438,19500,0.0,0.0
2005-03-11 00:00:00-05:00,176.55482643967534,180.8279677825403,176.55482643967534,180.48883056640625,15400,0.0,0.0
2005-03-14 00:00:00-05:00,180.48876357648328,187.81411644639547,180.48876357648328,186.59323120117188,31630,0.0,0.0
2005-03-15 00:00:00-05:00,189.57761659039312,189.57761659039312,184.4227291371662,186.0505828857422,29140,0.0,0.0
2005-03-16 00:00:00-05:00,184.49058414792333,186.1862696639888,181.70965576171875,181.70965576171875,17640,0.0,0.0
2005-03-17 00:00:00-05:00,180.76002859699466,181.37047108279444,178.0469324829685,179.87828063964844,21350,0.0,0.0
2005-03-18 00:00:00-05:00,178.38607059438706,184.1513998721524,177.36865954536964,182.72702026367188,61030,0.0,0.0
2005-03-21 00:00:00-05:00,182.45577819434564,185.37234926866648,180.6244293900032,185.10104370117188,21110,0.0,0.0
2005-03-22 00:00:00-05:00,185.5080186674065,186.93239881897009,183.88016450817182,185.03321838378906,14660,0.0,0.0
2005-03-23 00:00:00-05:00,183.812358633449,185.77935021328443,183.40538986192993,184.69410705566406,9890,0.0,0.0
2005-03-24 00:00:00-05:00,185.5080238059715,186.11846654518266,182.59145255235748,183.13406372070312,12260,0.0,0.0
2005-03-28 00:00:00-05:00,184.49053190127557,185.37227984020927,182.18440439236568,184.01573181152344,10490,0.0,0.0
2005-03-29 00:00:00-05:00,184.82970435561538,189.71328647518385,183.54098762106608,184.3549041748047,21630,0.0,0.0
2005-03-30 00:00:00-05:00,183.81224624391828,187.47492154951328,183.13397227253853,187.3392791748047,12040,0.0,0.0
2005-03-31 00:00:00-05:00,187.33932641338885,187.67846348459392,184.69404069856208,186.93235778808594,24260,0.0,0.0
2005-04-01 00:00:00-05:00,187.54282454033037,188.08543564445748,184.82972762112124,185.44017028808594,14630,0.0,0.0
2005-04-04 00:00:00-04:00,185.16887770058216,188.22111194839394,185.03321456540854,187.47500610351562,19170,0.0,0.0
2005-04-05 00:00:00-04:00,186.72891233027954,189.10287245427148,186.45760674168122,188.28895568847656,11310,0.0,0.0
2005-04-06 00:00:00-04:00,187.3393505511044,187.81413009239392,183.74448471358025,185.44017028808594,12850,0.0,0.0
2005-04-07 00:00:00-04:00,184.89757245548293,187.94980670867557,184.49060374853292,185.23670959472656,8110,0.0,0.0
2005-04-08 00:00:00-04:00,184.35493592047305,185.16887331365476,183.33752452863976,184.89756774902344,12050,0.0,0.0
2005-04-11 00:00:00-04:00,185.30453911905352,185.84715025614457,183.13405317211325,183.4731903076172,4630,0.0,0.0
2005-04-12 00:00:00-04:00,182.99834238192653,184.0835850727787,180.9635200988097,183.26966857910156,13830,0.0,0.0
2005-04-13 00:00:00-04:00,183.2696525348316,183.54095800897267,182.1165783956311,183.33746337890625,12370,0.0,0.0
2005-04-14 00:00:00-04:00,183.33746415739563,184.01573819526877,181.30264204377622,182.32005310058594,8680,0.0,0.0
2005-04-15 00:00:00-04:00,181.43837883405556,182.59145344654848,176.6904586402672,177.09742736816406,16260,0.0,0.0
2005-04-18 00:00:00-04:00,177.09742538723216,181.43837680456775,176.35131951098174,179.74269104003906,14730,0.0,0.0
2005-04-19 00:00:00-04:00,179.2000196075994,180.3530731201172,176.96170273162576,180.3530731201172,18840,0.0,0.0
2005-04-20 00:00:00-04:00,180.5566025938586,181.031382120267,178.0469797425351,180.08180236816406,14800,0.0,0.0
2005-04-21 00:00:00-04:00,181.4383674945937,183.6766643092043,179.8783449509909,183.4731903076172,19720,0.0,0.0
2005-04-22 00:00:00-04:00,183.13406256909641,183.40536815156318,177.70786812260468,179.74269104003906,20000,0.0,0.0
2005-04-25 00:00:00-04:00,180.76009521685305,185.50801516626382,180.76009521685305,185.23670959472656,25080,0.0,0.0
2005-04-26 00:00:00-04:00,188.56025352610024,199.3448106490662,186.59326221550586,196.02127075195312,70400,0.0,0.0
2005-04-27 00:00:00-04:00,196.0212191842511,199.9552007705193,191.6124374378925,193.5115966796875,31390,0.0,0.0
2005-04-28 00:00:00-04:00,191.81592601692614,197.03864537897434,191.40897807643188,192.9011688232422,24590,0.0,0.0
2005-04-29 00:00:00-04:00,193.30813598632812,194.32554722836144,191.88375610762455,193.30813598632812,21640,0.0,0.0
2005-05-02 00:00:00-04:00,193.37601094972825,196.02127663294473,193.30817937850952,195.34300231933594,25830,0.0,0.0
2005-05-03 00:00:00-04:00,195.27514174510634,197.71693305129173,194.39339354809124,194.93600463867188,17060,0.0,0.0
2005-05-04 00:00:00-04:00,194.9359628513856,197.44558518074203,194.66465736425346,196.29251098632812,25330,0.0,0.0
2005-05-05 00:00:00-04:00,195.68213632620567,199.3448134208765,194.66472487216996,199.00567626953125,16850,0.0,0.0
2005-05-06 00:00:00-04:00,199.68396463141767,201.7866192576581,198.53091065523392,200.02310180664062,17530,0.0,0.0
2005-05-09 00:00:00-04:00,198.73431966076157,199.07345672502908,196.02122314662148,198.05604553222656,14620,0.0,0.0
2005-05-10 00:00:00-04:00,197.37775363413851,197.71689066787417,196.29251098632812,196.29251098632812,16590,0.0,0.0
2005-05-11 00:00:00-04:00,195.6822036743164,197.92050136383622,195.6822036743164,196.69961547851562,11670,0.0,0.0
2005-05-12 00:00:00-04:00,196.36035907164137,197.44560181085777,193.24029395862559,193.6472625732422,17020,0.0,0.0
2005-05-13 00:00:00-04:00,193.3081506676437,195.2073101839622,192.9011820000651,194.93600463867188,21690,0.0,0.0
2005-05-16 00:00:00-04:00,195.13950209433438,195.54645006840798,193.03684786471229,195.07167053222656,15860,0.0,0.0
2005-05-17 00:00:00-04:00,193.64729097521698,196.0212507595016,193.30815386317633,195.68211364746094,11460,0.0,0.0
2005-05-18 00:00:00-04:00,196.36041141785296,197.44565444637595,194.66472565431363,197.37782287597656,12560,0.0,0.0
2005-05-19 00:00:00-04:00,196.83515893861045,198.93779216223868,196.36035877240073,198.4630126953125,7030,0.0,0.0
2005-05-20 00:00:00-04:00,198.39522504886932,201.10832214355472,197.44564520558706,201.1083221435547,19070,0.0,0.0
2005-05-23 00:00:00-04:00,200.43008118463766,201.71879837896145,198.7343952186086,199.68397521972656,14690,0.0,0.0
2005-05-24 00:00:00-04:00,199.07351215870307,199.41264931740614,197.3099947935892,198.734375,13480,0.0,0.0
2005-05-25 00:00:00-04:00,197.71690953833283,200.63348002710927,196.22469816776393,199.2769317626953,12760,0.0,0.0
2005-05-26 00:00:00-04:00,199.20916864990076,202.05790826830767,199.1413370805673,201.04049682617188,10260,0.0,0.0
2005-05-27 00:00:00-04:00,201.1083703675771,202.46721070789854,200.0212939484683,201.2442626953125,10300,0.5,0.0
2005-05-31 00:00:00-04:00,200.7687403356225,200.90463271754268,197.98311238039005,199.0022430419922,10770,0.0,0.0
2005-06-01 00:00:00-04:00,199.07019924833992,203.69025018633505,198.52667116184665,199.81756591796875,10310,0.0,0.0
2005-06-02 00:00:00-04:00,199.0701754791568,202.6031698223222,197.77928087716884,201.78785705566406,10210,0.0,0.0
2005-06-03 00:00:00-04:00,201.10839184696374,201.31220962607745,199.07013111878504,199.953369140625,9310,0.0,0.0
2005-06-06 00:00:00-04:00,199.0701828521936,200.63284152285607,197.50752418153112,199.74960327148438,9260,0.0,0.0
2005-06-07 00:00:00-04:00,199.6136995930691,202.33138111637442,199.5457741423981,200.7687225341797,12810,0.0,0.0
2005-06-08 00:00:00-04:00,200.70078608727033,201.78786289619046,197.03191999964727,197.5075225830078,11680,0.0,0.0
2005-06-09 00:00:00-04:00,197.57544098165937,200.63283273454502,197.0319129637412,200.36106872558594,9450,0.0,0.0
2005-06-10 00:00:00-04:00,201.71983760525748,201.71983760525748,198.86628542688686,200.0892333984375,8230,0.0,0.0
2005-06-13 00:00:00-04:00,199.40981194238452,201.10836229964502,196.6241852096258,197.37155151367188,25520,0.0,0.0
2005-06-14 00:00:00-04:00,197.03192159432132,201.51610050849348,197.03192159432132,199.74960327148438,13090,0.0,0.0
2005-06-15 00:00:00-04:00,200.49693681850763,200.49693681850763,198.86633222794237,199.61367797851562,14760,0.0,0.0
2005-06-16 00:00:00-04:00,198.73045550407804,202.39932130499287,198.3907453237292,202.3313751220703,15840,0.0,0.0
2005-06-17 00:00:00-04:00,204.50552922686055,207.49497467667945,204.0978728622798,206.40789794921875,44970,0.0,0.0
2005-06-20 00:00:00-04:00,206.4078387334334,213.81353515163573,206.13607481309984,210.48435974121094,41630,0.0,0.0
2005-06-21 00:00:00-04:00,210.34855236856342,210.55237018747562,207.42703231381438,207.9705810546875,18140,0.0,0.0
2005-06-22 00:00:00-04:00,208.58205246980043,209.1255804691757,206.61173755423494,207.01939392089844,14390,0.0,0.0
2005-06-23 00:00:00-04:00,206.20408871659941,206.47585272620984,203.8261173475447,204.43759155273438,22240,0.0,0.0
2005-06-24 00:00:00-04:00,204.02988708943428,204.50548954487053,197.64334106445312,197.64334106445312,41220,0.0,0.0
2005-06-27 00:00:00-04:00,197.03191999964727,198.0510506203351,195.40131515339985,197.5075225830078,53820,0.0,0.0
2005-06-28 00:00:00-04:00,197.6433444622079,201.04044567583904,197.6433444622079,199.953369140625,18850,0.0,0.0
2005-06-29 00:00:00-04:00,200.3610518590347,200.8366543853751,198.79839338836712,199.47781372070312,13780,0.0,0.0
2005-06-30 00:00:00-04:00,199.6816134100867,203.0107685896346,199.6816134100867,201.99163818359375,30880,0.0,0.0
2005-07-01 00:00:00-04:00,202.1275764310889,203.82612749353504,202.1275764310889,203.35052490234375,25310,0.0,0.0
2005-07-05 00:00:00-04:00,203.01076570612696,206.40786701134502,203.01076570612696,205.0490264892578,13590,0.0,0.0
2005-07-06 00:00:00-04:00,204.91314729403155,205.38872901860486,201.65191772115963,201.71986389160156,9460,0.0,0.0
2005-07-07 00:00:00-04:00,200.0213230740333,201.38016361221867,198.3907185750631,201.1763458251953,10330,0.0,0.0
2005-07-08 00:00:00-04:00,200.97251554182395,203.4184327576686,200.08927744950378,202.6710662841797,6400,0.0,0.0
2005-07-11 00:00:00-04:00,202.80698385799633,204.165824620864,201.44814309512867,202.1275634765625,9870,0.0,0.0
2005-07-12 00:00:00-04:00,201.8557941499241,203.6902166908813,201.31224541854624,201.5840301513672,14220,0.0,0.0
2005-07-13 00:00:00-04:00,201.58400261957127,203.21460712247324,197.37158864733502,197.98306274414062,21410,0.0,0.0
2005-07-14 00:00:00-04:00,198.39076243290285,200.2931313132107,197.98310603447524,199.74960327148438,19430,0.0,0.0
2005-07-15 00:00:00-04:00,199.54576486211423,203.8261047685483,198.3227957929448,199.2060546875,31710,0.0,0.0
2005-07-18 00:00:00-04:00,198.05100514338568,200.15721208936134,193.56682729517385,194.31419372558594,30690,0.0,0.0
2005-07-19 00:00:00-04:00,194.78981332415057,197.50749459419515,194.65392096694328,197.09983825683594,30190,0.0,0.0
2005-07-20 00:00:00-04:00,196.2844981475674,199.6136530912058,196.08068037450658,198.05099487304688,13260,0.0,0.0
2005-07-21 00:00:00-04:00,198.0510258642915,198.0510258642915,193.02331957753944,193.4989013671875,31960,0.0,0.0
2005-07-22 00:00:00-04:00,193.83859746106026,196.89598871902186,193.3630157059342,193.56683349609375,22400,0.0,0.0
2005-07-25 00:00:00-04:00,193.43100392281184,197.84723669973204,193.2271653540867,195.2654266357422,24570,0.0,0.0
2005-07-26 00:00:00-04:00,195.67304828546995,197.98307318087652,193.63478736582962,194.78981018066406,19690,0.0,0.0
2005-07-27 00:00:00-04:00,194.7898395577297,194.99365738672742,190.2377145236365,192.8195037841797,27970,0.0,0.0
2005-07-28 00:00:00-04:00,191.12090804523018,191.12090804523018,184.6664156697596,187.51998901367188,61130,0.0,0.0
2005-07-29 00:00:00-04:00,187.45211933242834,188.539196322946,184.66649102368598,184.80238342285156,30260,0.0,0.0
2005-08-01 00:00:00-04:00,186.02525901330316,187.11233557685077,184.19083675068612,184.4626007080078,28660,0.0,0.0
2005-08-02 00:00:00-04:00,184.53053799080132,188.94676947086637,183.51140764924784,188.26734924316406,29750,0.0,0.0
2005-08-03 00:00:00-04:00,187.11235662571355,188.53914347998227,186.09322612041635,186.90853881835938,14690,0.0,0.0
2005-08-04 00:00:00-04:00,186.09320730199317,187.92765031972786,186.09320730199317,186.70468139648438,12250,0.0,0.0
2005-08-05 00:00:00-04:00,185.8214412288771,186.7046792737378,184.32670836221652,184.4626007080078,16390,0.0,0.0
2005-08-08 00:00:00-04:00,185.1420836745149,185.2779760663318,183.78324269341755,183.987060546875,20340,0.0,0.0
2005-08-09 00:00:00-04:00,184.12291848756186,185.0741028495009,182.9678955760376,184.8702850341797,22350,0.0,0.0
2005-08-10 00:00:00-04:00,185.41385775055866,186.90859120430403,184.32678076004103,184.80238342285156,19690,0.0,0.0
2005-08-11 00:00:00-04:00,184.80231736984064,186.63676043155473,184.66642501924642,185.6176300048828,10330,0.0,0.0
2005-08-12 00:00:00-04:00,185.27790636299196,187.18027472713172,183.91906589310352,186.5008544921875,17250,0.0,0.0
2005-08-15 00:00:00-04:00,185.6176214370998,186.84056959895233,182.56023029820787,185.685546875,16500,0.0,0.0
2005-08-16 00:00:00-04:00,185.68562181462082,185.7535680142036,183.78325263191672,184.80238342285156,12490,0.0,0.0
2005-08-17 00:00:00-04:00,184.19086093063814,186.5688321543314,184.12291474882275,185.20999145507812,15060,0.0,0.0
2005-08-18 00:00:00-04:00,184.87023616516495,187.11231447807833,184.12286981610762,186.02523803710938,15700,0.0,0.0
2005-08-19 00:00:00-04:00,185.88936644089986,186.5008404594891,184.8022899999309,186.02523803710938,8860,0.0,0.0
2005-08-22 00:00:00-04:00,186.2291179382423,186.70469973210243,182.2205421092861,184.19085693359375,17830,0.0,0.0
2005-08-23 00:00:00-04:00,184.12291169424017,184.39467568272957,182.35641466766418,182.89996337890625,6350,0.0,0.0
2005-08-24 00:00:00-04:00,183.03585545361258,184.25882463983206,182.0846710205078,182.0846710205078,16300,0.0,0.0
2005-08-25 00:00:00-04:00,182.0846032849977,184.46257385028684,182.0846032849977,184.12286376953125,12020,0.0,0.0
2005-08-26 00:00:00-04:00,184.32671002717868,184.32671002717868,176.9889794419095,177.3286895751953,38740,0.0,0.0
2005-08-29 00:00:00-04:00,176.9210369793623,178.48371606581128,175.35837862717483,176.98898315429688,38910,0.0,0.0
2005-08-30 00:00:00-04:00,176.64931216389644,177.39667878528923,175.01870727539062,175.01870727539062,22280,0.0,0.0
2005-08-31 00:00:00-04:00,175.01865362155357,175.6301276755061,173.04832875423904,174.3392333984375,31480,0.0,0.0
2005-09-01 00:00:00-04:00,174.5434458028478,176.9260591993076,174.5434458028478,175.6326446533203,24420,0.5,0.0
2005-09-02 00:00:00-04:00,175.4964808942435,176.38146401837875,173.31810404390774,174.4073028564453,17290,0.0,0.0
2005-09-06 00:00:00-04:00,182.91660467040717,191.83436777641947,181.41895396381344,185.50343322753906,41480,0.0,0.0
2005-09-07 00:00:00-04:00,185.5716079844694,187.20539637974332,183.46128845214844,183.46128845214844,24570,0.0,0.0
2005-09-08 00:00:00-04:00,183.25702793545173,185.16311046861438,181.96359252929688,181.96359252929688,14920,0.0,0.0
2005-09-09 00:00:00-04:00,182.37208492189063,183.86973636717187,182.37208492189063,183.12091064453125,16480,0.0,0.0
2005-09-12 00:00:00-04:00,182.71246271168016,184.89086108854306,181.28289007528554,183.46128845214844,23160,0.0,0.0
2005-09-13 00:00:00-04:00,183.12092833085492,183.12092833085492,179.30874128128528,179.71719360351562,19700,0.0,0.0
2005-09-14 00:00:00-04:00,179.3767342775217,181.41897413646882,179.24057664369664,180.5340118408203,16940,0.0,0.0
2005-09-15 00:00:00-04:00,180.87442608014027,182.1678407952085,180.46597386097588,182.09976196289062,18720,0.0,0.0
2005-09-16 00:00:00-04:00,182.03164813988266,183.46122024478984,180.46593917125125,181.7593536376953,97000,0.0,0.0
2005-09-19 00:00:00-04:00,181.0786540763917,182.2359319800107,180.6702018295412,181.4871063232422,11050,0.0,0.0
2005-09-20 00:00:00-04:00,180.73827952976475,181.75939975309677,176.85801437120548,177.470703125,22510,0.0,0.0
2005-09-21 00:00:00-04:00,176.99421813119912,180.39795309526065,175.7688818540368,179.1045379638672,28300,0.0,0.0
2005-09-22 00:00:00-04:00,178.42371732649892,178.49179615263046,176.72185054691525,177.3345184326172,34510,0.0,0.0
2005-09-23 00:00:00-04:00,177.0622652433938,178.35568014291616,176.65381296597994,176.9941864013672,18410,0.0,0.0
2005-09-26 00:00:00-04:00,177.40259725874873,178.76409068241563,176.99414507670045,177.3345184326172,11230,0.0,0.0
2005-09-27 00:00:00-04:00,177.47071752080765,177.67493327214166,175.29231922443094,176.9941864013672,15100,0.0,0.0
2005-09-28 00:00:00-04:00,177.6748814023949,177.81103904669877,175.7687990305793,176.92605590820312,16570,0.0,0.0
2005-09-29 00:00:00-04:00,176.99414475091837,179.2406005859375,175.97302468504768,179.2406005859375,16340,0.0,0.0
2005-09-30 00:00:00-04:00,179.30871869993527,179.92138671875,177.67493039151412,179.92138671875,7800,0.0,0.0
2005-10-03 00:00:00-04:00,180.46593302390778,181.21475846046937,178.69598765787265,180.5340118408203,21430,0.0,0.0
2005-10-04 00:00:00-04:00,180.0575142854942,181.01055557477903,177.6068218453746,178.01527404785156,15420,0.0,0.0
2005-10-05 00:00:00-04:00,178.21948973829674,178.90023648408814,174.8838348388672,174.8838348388672,27750,0.0,0.0
2005-10-06 00:00:00-04:00,174.88381589208365,178.08333356056676,174.88381589208365,176.92605590820312,19440,0.0,0.0
2005-10-07 00:00:00-04:00,177.33458100281393,177.47073870311846,176.72191290094003,177.06228637695312,15030,0.0,0.0
2005-10-10 00:00:00-04:00,183.52932375935342,183.52932375935342,176.65377758658425,177.40260314941406,8230,0.0,0.0
2005-10-11 00:00:00-04:00,177.4707210007584,178.7641359256428,173.99890773678197,174.4754180908203,21120,0.0,0.0
2005-10-12 00:00:00-04:00,171.8885657690853,176.92608789806226,171.8885657690853,176.65379333496094,24550,0.0,0.0
2005-10-13 00:00:00-04:00,176.17726813268385,177.60684060497977,175.6326789883541,176.7218780517578,14960,0.0,0.0
2005-10-14 00:00:00-04:00,176.31340623930043,178.08335192406417,176.31340623930043,177.5387420654297,16850,0.0,0.0
2005-10-17 00:00:00-04:00,176.9941720030755,178.62796020507812,175.8368941070039,178.62796020507812,11720,0.0,0.0
2005-10-18 00:00:00-04:00,179.30872445354996,179.30872445354996,174.33928052790534,175.2242431640625,19180,0.0,0.0
2005-10-19 00:00:00-04:00,174.27116696761823,181.14671325683594,173.99887242417972,181.14671325683594,26640,0.0,0.0
2005-10-20 00:00:00-04:00,181.75938166509957,181.75938166509957,176.38148651235403,177.26644897460938,19600,0.0,0.0
2005-10-21 00:00:00-04:00,177.6068326653395,181.07864543578634,176.38149675800219,177.67491149902344,12300,0.0,0.0
2005-10-24 00:00:00-04:00,178.35567601760377,182.37207830732592,178.01530259008925,181.41903686523438,13750,0.0,0.0
2005-10-25 00:00:00-04:00,181.14667964355684,181.14667964355684,177.6748677283991,180.5340118408203,14390,0.0,0.0
2005-10-26 00:00:00-04:00,180.39785420699525,183.66542967141538,178.62790884096012,180.5340118408203,21650,0.0,0.0
2005-10-27 00:00:00-04:00,180.05753271421008,180.05753271421008,176.17726755565081,177.470703125,12290,0.0,0.0
2005-10-28 00:00:00-04:00,176.65380206552604,176.9941754799105,170.8674540209905,173.38621520996094,28330,0.0,0.0
2005-10-31 00:00:00-05:00,174.0669683245278,177.26647645780577,172.97777959158884,174.2711944580078,29220,0.0,0.0
2005-11-01 00:00:00-05:00,174.40734774563208,174.40734774563208,172.8416175575136,173.93081665039062,31930,0.0,0.0
2005-11-02 00:00:00-05:00,173.5904432322881,175.76884141804217,173.52236439371865,173.93081665039062,22590,0.0,0.0
2005-11-03 00:00:00-05:00,173.59040631538596,175.22419421987684,172.56928627823663,173.04580688476562,24680,0.0,0.0
2005-11-04 00:00:00-05:00,172.56926173083147,174.27112821732882,171.61622065334043,173.11386108398438,21430,0.0,0.0
2005-11-07 00:00:00-05:00,173.18198220003651,173.59043443601115,172.16086199747173,173.25006103515625,16010,0.0,0.0
2005-11-08 00:00:00-05:00,172.22897619472596,173.59047007768822,170.4590299919254,172.84164428710938,15760,0.0,0.0
2005-11-09 00:00:00-05:00,172.84158534301508,175.70072983208217,172.43314354984153,174.951904296875,13670,0.0,0.0
2005-11-10 00:00:00-05:00,175.63266583861204,178.1514371857295,173.31813098638506,176.85800170898438,14500,0.0,0.0
2005-11-11 00:00:00-05:00,176.72187341843704,179.78523401815082,176.10920545344302,179.512939453125,10920,0.0,0.0
2005-11-14 00:00:00-05:00,179.44483259807544,179.71712712058277,176.99414034602847,178.9002227783203,12550,0.0,0.0
2005-11-15 00:00:00-05:00,178.49181890188603,180.1256070635688,176.7899519053949,178.28758239746094,15280,0.0,0.0
2005-11-16 00:00:00-05:00,177.60685356180866,180.53407755667547,176.3134386686097,176.5176544189453,33310,0.0,0.0
2005-11-17 00:00:00-05:00,176.85795870174385,178.9001985055734,176.7218218463311,178.21945190429688,18650,0.0,0.0
2005-11-18 00:00:00-05:00,178.6960115273695,180.46595712982688,178.55985387535702,179.2406005859375,13200,0.0,0.0
2005-11-21 00:00:00-05:00,178.83218732891694,179.92136555659275,177.94720405050154,178.69602966308594,10510,0.0,0.0
2005-11-22 00:00:00-05:00,178.35562031506103,178.62791481708283,176.99412703021324,177.87908935546875,20290,0.0,0.0
2005-11-23 00:00:00-05:00,177.40262486954214,178.0152928505992,175.97305239724622,176.7218780517578,16180,0.0,0.0
2005-11-25 00:00:00-05:00,176.51764302349196,177.19838984699132,175.56460162554168,176.4495849609375,3220,0.0,0.0
2005-11-28 00:00:00-05:00,176.44959212829767,179.7171687039255,175.56460875695393,178.5598907470703,28260,0.0,0.0
2005-11-29 00:00:00-05:00,179.921315989136,183.1208332820254,178.21944950881976,178.83213806152344,24440,0.0,0.0
2005-11-30 00:00:00-05:00,178.423756208581,180.39791794815892,177.74300934839928,178.76412963867188,20840,0.0,0.0
2005-12-01 00:00:00-05:00,180.74203895035222,181.83331580122928,179.24153067859942,180.40101623535156,16990,0.5,0.0
2005-12-02 00:00:00-05:00,180.40106053164186,182.5836147693078,173.23958175817404,181.96975708007812,10260,0.0,0.0
2005-12-05 00:00:00-05:00,181.42407326440397,181.90151336190175,178.76410041325167,179.85537719726562,11980,0.0,0.0
2005-12-06 00:00:00-05:00,179.71899006583473,180.81026703366396,179.17336198910857,180.0600128173828,10780,0.0,0.0
2005-12-07 00:00:00-05:00,180.05998168256252,181.21946716308594,179.30972759601053,181.21946716308594,13620,0.0,0.0
2005-12-08 00:00:00-05:00,180.40103556893087,181.3558951103901,178.9005271363686,180.0600128173828,12890,0.0,0.0
2005-12-09 00:00:00-05:00,180.05996841844376,181.83329045210584,179.30971438715923,181.1512451171875,9280,0.0,0.0
2005-12-12 00:00:00-05:00,181.9696847726028,182.85635618561798,180.60559411969163,181.628662109375,16030,0.0,0.0
2005-12-13 00:00:00-05:00,181.35580620899108,182.92452258574684,180.05992455123058,182.2424774169922,13390,0.0,0.0
2005-12-14 00:00:00-05:00,182.4471640674269,183.47023227715079,179.92358749102425,180.53744506835938,20890,0.0,0.0
2005-12-15 00:00:00-05:00,181.0830731211284,181.35588714751287,179.92358749102425,180.53744506835938,8260,0.0,0.0
2005-12-16 00:00:00-05:00,180.53741020851584,181.901500891423,179.71894747302272,181.2876434326172,25000,0.0,0.0
2005-12-19 00:00:00-05:00,180.94662761903695,180.94662761903695,178.28665484944008,179.30972290039062,11060,0.0,0.0
2005-12-20 00:00:00-05:00,179.03691342002466,181.96970024744147,178.28665933424705,181.424072265625,18620,0.0,0.0
2005-12-21 00:00:00-05:00,181.56049369432367,182.31072698236423,180.05998548949503,181.0830535888672,12660,0.0,0.0
2005-12-22 00:00:00-05:00,181.4240608266567,182.7881515095639,180.26457542043678,181.2876434326172,14600,0.0,0.0
2005-12-23 00:00:00-05:00,181.96969564010215,183.94764385644658,181.76509035569475,182.92457580566406,10030,0.0,0.0
2005-12-27 00:00:00-05:00,182.92461225613738,183.19742629450047,179.71899006583473,180.0600128173828,12430,0.0,0.0
2005-12-28 00:00:00-05:00,180.46918980987422,182.17430305294866,179.37791317143243,182.10609436035156,11720,0.0,0.0
2005-12-29 00:00:00-05:00,182.0379376381205,182.10614635019064,180.8784727904344,181.4923095703125,10860,0.0,0.0
2005-12-30 00:00:00-05:00,180.7419989650158,180.7419989650158,178.90046838566195,179.9917449951172,13300,0.0,0.0
2006-01-03 00:00:00-05:00,181.08304957339638,182.10611765008224,177.80924005375095,181.424072265625,13830,0.0,0.0
2006-01-04 00:00:00-05:00,181.96968703046642,182.58354448339037,179.65073705461842,181.1512451171875,14590,0.0,0.0
2006-01-05 00:00:00-05:00,180.40099962131808,183.12918109007146,179.71895425412973,182.92457580566406,19460,0.0,0.0
2006-01-06 00:00:00-05:00,184.01588900344356,185.51639760393297,182.44719249651496,183.26565551757812,18010,0.0,0.0
2006-01-09 00:00:00-05:00,183.26561165859638,183.67482225681675,182.7881715415069,183.19740295410156,11150,0.0,0.0
2006-01-10 00:00:00-05:00,182.8563458254685,184.08401901778328,182.8563458254685,183.53839111328125,13450,0.0,0.0
2006-01-11 00:00:00-05:00,184.15227030167978,184.15227030167978,182.719970703125,182.719970703125,24490,0.0,0.0
2006-01-12 00:00:00-05:00,182.65175782860607,182.92459265210636,180.2645988236014,180.40101623535156,8360,0.0,0.0
2006-01-13 00:00:00-05:00,179.92354757468797,182.10610093031292,179.92354757468797,180.33277893066406,10170,0.0,0.0
2006-01-17 00:00:00-05:00,178.69587980493606,181.96968912446852,178.55946241063387,180.87843322753906,16320,0.0,0.0
2006-01-18 00:00:00-05:00,180.0600503021816,181.76516441489164,179.3780046570976,180.74209594726562,9910,0.0,0.0
2006-01-19 00:00:00-05:00,180.81025150537465,181.42408824256847,178.90051177209097,180.2646026611328,13750,0.0,0.0
2006-01-20 00:00:00-05:00,179.5825481182274,179.99177952708166,176.7179698849958,176.7861785888672,10760,0.0,0.0
2006-01-23 00:00:00-05:00,177.3317922773247,178.9686969662409,176.6497469224119,178.28665161132812,10160,0.0,0.0
2006-01-24 00:00:00-05:00,178.42310903535576,180.4010368454551,178.08208628139462,178.49131774902344,11900,0.0,0.0
2006-01-25 00:00:00-05:00,178.35484035994656,178.35484035994656,174.94461396683096,175.96768188476562,13710,0.0,0.0
2006-01-26 00:00:00-05:00,176.58155611046283,177.0589962330119,174.60362854374065,176.8543701171875,21220,0.0,0.0
2006-01-27 00:00:00-05:00,176.64976905807995,178.01385993883733,175.96772361770127,176.30874633789062,12730,0.0,0.0
2006-01-30 00:00:00-05:00,176.37691657424963,177.60458977340662,175.35384863682867,176.99075317382812,17210,0.0,0.0
2006-01-31 00:00:00-05:00,180.74199521095517,196.7700589372097,180.53738995721895,193.56443786621094,131000,0.0,0.0
2006-02-01 00:00:00-05:00,195.06501057942708,211.4341023763021,195.06501057942708,204.6136474609375,173380,0.0,0.0
2006-02-02 00:00:00-05:00,202.56746450570913,202.56746450570913,196.8382878542806,199.49826049804688,65110,0.0,0.0
2006-02-03 00:00:00-05:00,197.11111240581758,202.09003529308734,195.3377902766623,197.38392639160156,37100,0.0,0.0
2006-02-06 00:00:00-05:00,197.1111043466104,203.52232641507902,196.97468695210958,201.8854217529297,30730,0.0,0.0
2006-02-07 00:00:00-05:00,201.20336245184075,202.22643039651112,198.27057600286724,199.1572265625,32250,0.0,0.0
2006-02-08 00:00:00-05:00,199.02080477577337,202.09000854190376,198.81619951711275,200.65773010253906,49300,0.0,0.0
2006-02-09 00:00:00-05:00,200.86234465002187,201.7489952310477,195.20137687867293,197.2475128173828,53680,0.0,0.0
2006-02-10 00:00:00-05:00,197.3839093913408,199.22544006192817,195.5423995351246,197.2475128173828,44370,0.0,0.0
2006-02-13 00:00:00-05:00,196.4290235050822,197.7931139460897,195.47416435925058,197.11106872558594,39660,0.0,0.0
2006-02-14 00:00:00-05:00,197.79322501283366,199.498339021565,196.5655512522991,196.97476196289062,30540,0.0,0.0
2006-02-15 00:00:00-05:00,197.0428680789026,198.67977251201444,196.15621758182468,196.22442626953125,24190,0.0,0.0
2006-02-16 00:00:00-05:00,197.79316922618446,198.95265475084622,196.70189240551,197.52035522460938,16550,0.0,0.0
2006-02-17 00:00:00-05:00,197.65673712446582,198.40699118380422,195.0649730806123,196.36085510253906,17160,0.0,0.0
2006-02-21 00:00:00-05:00,195.4059812266188,196.6336544583151,193.08703133654186,194.9967498779297,19090,0.0,0.0
2006-02-22 00:00:00-05:00,194.99677763135537,197.45214525858563,194.99677763135537,196.4290771484375,16630,0.0,0.0
2006-02-23 00:00:00-05:00,195.13316455965887,195.7470011669948,192.60958862304688,192.60958862304688,23560,0.0,0.0
2006-02-24 00:00:00-05:00,191.92758608763296,194.72397660454882,190.97272661742093,194.04193115234375,49210,0.0,0.0
2006-02-27 00:00:00-05:00,194.04194530198183,195.68230984723965,193.49516407301815,193.7685546875,30900,0.6,0.0
2006-02-28 00:00:00-05:00,193.15335797281008,195.13546535819148,191.3762882672281,191.44464111328125,15180,0.0,0.0
2006-03-01 00:00:00-05:00,192.19649011790293,194.79373152826872,191.51300334061077,194.11024475097656,31270,0.0,0.0
2006-03-02 00:00:00-05:00,193.7684988207152,194.5203384375471,192.60656297121488,192.87997436523438,11080,0.0,0.0
2006-03-03 00:00:00-05:00,192.8116215167295,195.34051004452303,192.33317243555624,192.87997436523438,15350,0.0,0.0
2006-03-06 00:00:00-05:00,192.67495732124817,194.2469897420273,189.87265679582916,194.04193115234375,45340,0.0,0.0
2006-03-07 00:00:00-05:00,192.67491049253738,193.63178777006678,191.58132752177792,193.0850067138672,21060,0.0,0.0
2006-03-08 00:00:00-05:00,193.29009562902849,194.79377521968468,192.40157096260083,194.2469940185547,10690,0.0,0.0
2006-03-09 00:00:00-05:00,194.17866436603907,195.2722477573924,190.41948579839033,191.17132568359375,18640,0.0,0.0
2006-03-10 00:00:00-05:00,191.0345820341991,193.6318238222665,190.00935171916763,193.56349182128906,14010,0.0,0.0
2006-03-13 00:00:00-05:00,193.56345578181205,194.52033305934145,192.05977658972276,193.0850067138672,18560,0.0,0.0
2006-03-14 00:00:00-05:00,191.37632547254293,193.9052352596329,190.62448573651366,193.56349182128906,14910,0.0,0.0
2006-03-15 00:00:00-05:00,192.3332256994552,193.76855248210708,191.23964239560772,192.5382843017578,24770,0.0,0.0
2006-03-16 00:00:00-05:00,193.35840943160096,193.35840943160096,188.36896418956596,189.1208038330078,21420,0.0,0.0
2006-03-17 00:00:00-05:00,187.27534963797865,188.84736065291042,182.9010390735807,185.70333862304688,46240,0.0,0.0
2006-03-20 00:00:00-05:00,185.2249753639915,188.36901970789515,185.2249753639915,187.95892333984375,22920,0.0,0.0
2006-03-21 00:00:00-05:00,187.2754200127666,188.6423938814729,185.4299969466667,185.6350555419922,11800,0.0,0.0
2006-03-22 00:00:00-05:00,185.22502811619492,188.43742624606145,183.72134795788003,187.6172332763672,17900,0.0,0.0
2006-03-23 00:00:00-05:00,186.4552459716797,189.8043489712173,185.90846471293003,186.4552459716797,23230,0.0,0.0
2006-03-24 00:00:00-05:00,186.59188029062992,189.53086493354857,186.31848976590538,188.710693359375,14880,0.0,0.0
2006-03-27 00:00:00-05:00,187.6171120194194,188.3689516126629,186.1817856792928,186.52352905273438,6920,0.0,0.0
2006-03-28 00:00:00-05:00,186.18179855916298,186.7286005095128,185.3616269211807,185.9767608642578,9490,0.0,0.0
2006-03-29 00:00:00-05:00,186.38689534557878,187.4121257471312,183.85798534506975,186.31854248046875,18020,0.0,0.0
2006-03-30 00:00:00-05:00,186.1818819233978,186.1818819233978,182.96950506747018,183.99473571777344,21760,0.0,0.0
2006-03-31 00:00:00-05:00,185.566696222783,187.20706063650474,184.60981871964242,186.9336700439453,27700,0.0,0.0
2006-04-03 00:00:00-04:00,186.25015887522989,186.25015887522989,182.42262850281872,184.9515380859375,33830,0.0,0.0
2006-04-04 00:00:00-04:00,184.81485532957973,187.8221935462407,184.6098176009939,186.6602783203125,22020,0.0,0.0
2006-04-05 00:00:00-04:00,185.90846046904215,185.90846046904215,182.0125762996895,183.31121826171875,16340,0.0,0.0
2006-04-06 00:00:00-04:00,182.49098194093634,183.03776305659036,181.3973988512657,181.8074951171875,15690,0.0,0.0
2006-04-07 00:00:00-04:00,182.01257664611785,182.90112224595367,178.1850661982231,178.5268096923828,20420,0.0,0.0
2006-04-10 00:00:00-04:00,178.52678185708294,184.13136177243436,177.9799798366624,183.85797119140625,29710,0.0,0.0
2006-04-11 00:00:00-04:00,183.8579317220052,185.5666485595703,179.0735245768229,179.41526794433594,26810,0.0,0.0
2006-04-12 00:00:00-04:00,179.89374662409293,181.3290523173019,179.55200320030733,180.50888061523438,22460,0.0,0.0
2006-04-13 00:00:00-04:00,187.2754363458807,188.64241033380682,181.46579689719462,187.95892333984375,46910,0.0,0.0
2006-04-17 00:00:00-04:00,191.2396292372605,192.81166164661624,185.97679254080472,186.9336700439453,45940,0.0,0.0
2006-04-18 00:00:00-04:00,186.79694898692088,188.3689812672504,184.40474499622957,186.2501678466797,33720,0.0,0.0
2006-04-19 00:00:00-04:00,185.84010954194594,187.6855327695401,185.22497541887046,187.2754364013672,17580,0.0,0.0
2006-04-20 00:00:00-04:00,186.59188842773438,187.68547143268265,185.77169595943292,186.59188842773438,8990,0.0,0.0
2006-04-21 00:00:00-04:00,187.9589080810547,187.9589080810547,185.2933131926693,185.908447265625,31210,0.0,0.0
2006-04-24 00:00:00-04:00,185.49833783470072,186.5235681700344,183.3111923010076,184.40475463867188,26620,0.0,0.0
2006-04-25 00:00:00-04:00,184.54142049553275,184.81481102089117,182.3542545759454,182.422607421875,27620,0.0,0.0
2006-04-26 00:00:00-04:00,178.39007806160848,182.21760881238103,177.0231042833586,180.3038330078125,40710,0.0,0.0
2006-04-27 00:00:00-04:00,178.73182578112508,182.49100376122524,178.6634729189048,181.1923828125,25520,0.0,0.0
2006-04-28 00:00:00-04:00,181.5340904955046,186.59188842773438,180.7822508759551,186.59188842773438,31130,0.0,0.0
2006-05-01 00:00:00-04:00,187.82217082283213,187.89052367687952,181.7391422631401,181.8074951171875,46510,0.0,0.0
2006-05-02 00:00:00-04:00,183.44789549898215,185.22496576284516,181.2607497466918,183.6529541015625,25770,0.0,0.0
2006-05-03 00:00:00-04:00,182.49101145583785,183.78963245931857,179.6887108535694,182.90110778808594,23780,0.0,0.0
2006-05-04 00:00:00-04:00,182.90109911562226,185.22495041035222,182.90109911562226,184.33642578125,19170,0.0,0.0
2006-05-05 00:00:00-04:00,184.54147227943804,186.86532368461704,182.8327549435173,186.31854248046875,29270,0.0,0.0
2006-05-08 00:00:00-04:00,185.36166605819017,186.386896465905,185.01992258895189,185.908447265625,15470,0.0,0.0
2006-05-09 00:00:00-04:00,185.088246814412,185.29330540235327,181.0556782186154,181.4657745361328,22920,0.0,0.0
2006-05-10 00:00:00-04:00,181.12399326281601,183.72123463418376,180.03041026389667,182.490966796875,53830,0.0,0.0
2006-05-11 00:00:00-04:00,182.49098239474827,184.95153913803537,182.14923898202403,184.54144287109375,30830,0.0,0.0
2006-05-12 00:00:00-04:00,184.54147338867188,187.07038340438157,184.54147338867188,185.908447265625,42660,0.0,0.0
2006-05-15 00:00:00-04:00,185.90838449831753,187.75380695249,184.13131488658829,187.4120635986328,40940,0.0,0.0
2006-05-16 00:00:00-04:00,188.84740152807424,191.3763111255787,182.627688103183,184.54144287109375,51460,0.0,0.0
2006-05-17 00:00:00-04:00,184.19970040128797,185.22493064470888,182.6960210342589,183.44786071777344,22820,0.0,0.0
2006-05-18 00:00:00-04:00,183.85791590520856,184.47304974214174,181.1239692002984,181.8758087158203,21640,0.0,0.0
2006-05-19 00:00:00-04:00,182.2859617226722,182.5593523067238,180.03044247292613,180.98731994628906,13480,0.0,0.0
2006-05-22 00:00:00-04:00,180.09876866075055,181.12399884288007,177.7749177529293,178.45840454101562,22940,0.0,0.0
2006-05-23 00:00:00-04:00,179.41533409236607,186.66030032643607,178.048360118329,183.31121826171875,47340,0.0,0.0
2006-05-24 00:00:00-04:00,182.49099871465424,187.41211264131655,181.73915896775245,186.18182373046875,50330,0.0,0.0
2006-05-25 00:00:00-04:00,186.66026643637863,187.275400441338,184.67815870557004,186.7969512939453,16100,0.0,0.0
2006-05-26 00:00:00-04:00,187.27542114257812,187.68551747733727,185.70340952742845,185.908447265625,17450,0.0,0.0
2006-05-30 00:00:00-04:00,186.45643537760805,186.45643537760805,184.1274258110664,184.8124237060547,36550,0.6,0.0
2006-05-31 00:00:00-04:00,185.01791220086767,188.16890629991087,184.94940823914354,187.2783966064453,20800,0.0,0.0
2006-06-01 00:00:00-04:00,186.66190288454303,187.1414097124581,184.8124004391267,186.93589782714844,32310,0.0,0.0
2006-06-02 00:00:00-04:00,187.34696281936016,189.33345294258146,185.01797367818756,185.5659637451172,15660,0.0,0.0
2006-06-05 00:00:00-04:00,184.74398932942395,186.3879805297745,182.62049111441678,183.031494140625,18650,0.0,0.0
2006-06-06 00:00:00-04:00,183.57942988939186,185.9769224439175,180.70243046217064,182.14093017578125,39670,0.0,0.0
2006-06-07 00:00:00-04:00,181.9354163450302,184.2644046391282,181.1819145986967,183.23690795898438,27100,0.0,0.0
2006-06-08 00:00:00-04:00,182.2094971310103,183.4424853663441,178.9899976544961,179.74349975585938,36210,0.0,0.0
2006-06-09 00:00:00-04:00,179.6064991202716,180.83948726254167,178.09949503129104,178.510498046875,21010,0.0,0.0
2006-06-12 00:00:00-04:00,179.19544439635646,180.29144515349296,173.03046365499887,173.30445861816406,41960,0.0,0.0
2006-06-13 00:00:00-04:00,172.68796610158927,172.96196106693873,168.09847204020093,170.2219696044922,49720,0.0,0.0
2006-06-14 00:00:00-04:00,169.53693428010132,170.4274333990904,166.93394087545468,169.60543823242188,33970,0.0,0.0
2006-06-15 00:00:00-04:00,171.2494783623274,176.8664696144027,170.70147794112023,176.72946166992188,25240,0.0,0.0
2006-06-16 00:00:00-04:00,176.79792438944202,177.8939249761237,174.742931128591,174.8799285888672,23890,0.0,0.0
2006-06-19 00:00:00-04:00,175.83895875774985,176.52395661671346,173.16746083644904,173.9894561767578,20870,0.0,0.0
2006-06-20 00:00:00-04:00,174.33200904089318,174.81150560006628,172.4140123519597,172.8935089111328,9720,0.0,0.0
2006-06-21 00:00:00-04:00,172.3454500265864,175.70193505333827,172.13994859689538,175.01693725585938,12330,0.0,0.0
2006-06-22 00:00:00-04:00,174.67449102770334,174.67449102770334,169.81100101819283,170.42750549316406,15830,0.0,0.0
2006-06-23 00:00:00-04:00,169.87947814332574,171.72897037137395,168.98897878841706,171.31797790527344,9240,0.0,0.0
2006-06-26 00:00:00-04:00,171.79751929528175,173.9895110447676,170.08502410783325,171.5235137939453,17010,0.0,0.0
2006-06-27 00:00:00-04:00,171.31795910497,172.1399543992042,170.0164569745483,170.0849609375,22940,0.0,0.0
2006-06-28 00:00:00-04:00,170.35897149346056,170.7699744043532,166.65998710437955,169.3999786376953,31490,0.0,0.0
2006-06-29 00:00:00-04:00,170.5645112879136,174.88000101335712,169.1945152133119,174.67449951171875,21120,0.0,0.0
2006-06-30 00:00:00-04:00,174.87994677436023,175.77044603711118,174.05795147498907,175.63343811035156,22360,0.0,0.0
2006-07-03 00:00:00-04:00,176.04447327394035,176.9349622477759,173.44147897165993,174.0579833984375,13370,0.0,0.0
2006-07-05 00:00:00-04:00,174.12647811232208,175.01697754448355,170.56449083591548,172.00299072265625,29890,0.0,0.0
2006-07-06 00:00:00-04:00,173.64694119055295,177.14043412912747,173.30444229274121,176.38693237304688,49540,0.0,0.0
2006-07-07 00:00:00-04:00,176.0444452069529,176.8664509782696,174.67444952440854,175.15394592285156,15760,0.0,0.0
2006-07-10 00:00:00-04:00,175.63343811035156,177.20894565018872,174.46894389855598,175.63343811035156,26840,0.0,0.0
2006-07-11 00:00:00-04:00,174.3319684336974,176.31845819566135,173.98946947803196,176.2499542236328,18950,0.0,0.0
2006-07-12 00:00:00-04:00,175.56497826473668,176.04448522441615,172.9619942379964,173.16749572753906,31640,0.0,0.0
2006-07-13 00:00:00-04:00,173.16746113658147,174.4689528899729,172.68796472492343,173.30445861816406,33260,0.0,0.0
2006-07-14 00:00:00-04:00,172.61946855371835,174.60595825697294,171.24947277154598,173.71546936035156,27070,0.0,0.0
2006-07-17 00:00:00-04:00,173.78396978973245,175.4964750377948,173.37297731007803,174.33197021484375,25800,0.0,0.0
2006-07-18 00:00:00-04:00,174.60596520332948,176.04446501273367,173.50997480533275,175.83897399902344,17250,0.0,0.0
2006-07-19 00:00:00-04:00,175.7704385378805,177.27742114556793,174.74294184444528,176.38693237304688,11010,0.0,0.0
2006-07-20 00:00:00-04:00,176.04447387201247,176.04447387201247,173.03048706054688,173.03048706054688,19740,0.0,0.0
2006-07-21 00:00:00-04:00,172.61944196931196,173.09893832877938,170.7014460792056,172.07144165039062,10950,0.0,0.0
2006-07-24 00:00:00-04:00,172.00298916124706,175.01697595571397,170.4959853117744,174.74298095703125,16360,0.0,0.0
2006-07-25 00:00:00-04:00,174.2634466387502,176.11294917197515,173.09895239903497,175.15394592285156,12020,0.0,0.0
2006-07-26 00:00:00-04:00,174.67444634058307,175.90743407060907,173.3044506830099,175.08544921875,15110,0.0,0.0
2006-07-27 00:00:00-04:00,175.01692707227625,175.77042878655433,156.7959825386516,157.5494842529297,84000,0.0,0.0
2006-07-28 00:00:00-04:00,153.09705381393434,164.46802485528363,153.09705381393434,164.39952087402344,74360,0.0,0.0
2006-07-31 00:00:00-04:00,163.02951534105804,167.82450108638326,163.02951534105804,167.0709991455078,48280,0.0,0.0
2006-08-01 00:00:00-04:00,166.45447925790626,166.79697818642046,165.22148102480753,165.90647888183594,27100,0.0,0.0
2006-08-02 00:00:00-04:00,166.11200921254047,168.98899862185615,166.11200921254047,168.64649963378906,23350,0.0,0.0
2006-08-03 00:00:00-04:00,168.3039990055991,171.86598635633737,166.5915040819519,171.38648986816406,28030,0.0,0.0
2006-08-04 00:00:00-04:00,172.07148701915094,174.33198239806092,171.24949155015807,172.75648498535156,35390,0.0,0.0
2006-08-07 00:00:00-04:00,172.61945393671292,172.96195285325402,170.29046548512844,172.345458984375,20590,0.0,0.0
2006-08-08 00:00:00-04:00,172.27698911282042,174.33198301873875,171.24949215986123,171.72898864746094,21320,0.0,0.0
2006-08-09 00:00:00-04:00,172.27697089715886,173.1674702526813,169.1259763936912,169.46847534179688,19170,0.0,0.0
2006-08-10 00:00:00-04:00,168.4409772371973,173.92096036588677,168.4409772371973,173.71546936035156,22340,0.0,0.0
2006-08-11 00:00:00-04:00,173.3044583177942,174.19495762489447,171.52345970359366,173.9894561767578,24830,0.0,0.0
2006-08-14 00:00:00-04:00,174.3319551062396,175.77045479095835,173.5784532804845,173.9894561767578,28230,0.0,0.0
2006-08-15 00:00:00-04:00,176.3869623603968,178.85295902477742,175.42796946438136,177.41445922851562,28250,0.0,0.0
2006-08-16 00:00:00-04:00,178.09950203731142,179.12699916444976,176.72950586779365,178.7845001220703,54090,0.0,0.0
2006-08-17 00:00:00-04:00,177.96249405856662,179.94900522795345,177.41450395255254,178.7845001220703,22420,0.0,0.0
2006-08-18 00:00:00-04:00,178.51039759488967,179.40088620715463,177.27738924198056,178.98988342285156,7240,0.0,0.0
2006-08-21 00:00:00-04:00,178.30494779853436,178.98994570925402,177.82546180371696,178.09945678710938,6570,0.0,0.0
2006-08-22 00:00:00-04:00,177.48295488203047,178.78444667308486,177.0719519731511,178.03094482421875,12840,0.0,0.0
2006-08-23 00:00:00-04:00,178.0309607999203,179.33245270776476,177.00346388775705,178.16796875,16650,0.0,0.0
2006-08-24 00:00:00-04:00,178.03093741584084,178.98993022700205,177.07194460467963,178.4419403076172,15150,0.0,0.0
2006-08-25 00:00:00-04:00,177.55147516659386,179.46946104497792,176.9349602943835,177.48297119140625,12980,0.0,0.0
2006-08-28 00:00:00-04:00,178.09946477496015,179.46946065784445,176.7979728671157,178.16796875,14560,0.0,0.0
2006-08-29 00:00:00-04:00,178.92140037919273,180.2228917757607,178.51039759488967,178.98988342285156,21450,0.0,0.0
2006-08-30 00:00:00-04:00,179.19544768486875,182.14093017578125,179.1269437167014,182.14093017578125,19020,0.0,0.0
2006-08-31 00:00:00-04:00,183.16843536896457,183.71644623491142,181.38743663747215,181.52444458007812,19780,0.0,0.0
2006-09-01 00:00:00-04:00,181.93636154412968,183.10350884800843,181.93636154412968,182.34829711914062,11680,0.6,0.0
2006-09-05 00:00:00-04:00,181.59308456845486,183.1035080193549,181.59308456845486,182.00502014160156,13450,0.0,0.0
2006-09-06 00:00:00-04:00,180.90659151361754,182.48565395061527,180.15137954082365,181.3185272216797,21380,0.0,0.0
2006-09-07 00:00:00-04:00,180.76923553405166,181.31849001607054,179.3961307568787,180.5632781982422,20960,0.0,0.0
2006-09-08 00:00:00-04:00,180.70060362395765,182.14234693085382,180.2200085537143,181.11251831054688,26520,0.0,0.0
2006-09-11 00:00:00-04:00,180.219970703125,181.1811396898258,178.70954732980047,180.219970703125,16050,0.0,0.0
2006-09-12 00:00:00-04:00,174.72759957173548,177.4051499523922,174.72759957173548,176.92457580566406,44250,0.0,0.0
2006-09-13 00:00:00-04:00,176.44395506155138,179.53344065601433,176.10067888438883,178.9842071533203,23120,0.0,0.0
2006-09-14 00:00:00-04:00,178.16034483818953,180.5632781982422,177.6111113080868,180.5632781982422,15650,0.0,0.0
2006-09-15 00:00:00-04:00,181.45580626582762,183.51546363979577,180.76925380783823,181.9364013671875,67170,0.0,0.0
2006-09-18 00:00:00-04:00,180.90657268020342,182.142358723817,179.60212720040724,181.9364013671875,31080,0.0,0.0
2006-09-19 00:00:00-04:00,182.6916082146991,183.30950121943727,180.49463202905486,182.07371520996094,25810,0.0,0.0
2006-09-20 00:00:00-04:00,182.96619919511883,185.57508971469608,182.55426359941853,184.1333465576172,28000,0.0,0.0
2006-09-21 00:00:00-04:00,184.68261356208438,185.91839962150934,184.3393373286976,185.30050659179688,42700,0.0,0.0
2006-09-22 00:00:00-04:00,184.33936658956236,184.47668548548162,181.79911367850914,182.2797088623047,19770,0.0,0.0
2006-09-25 00:00:00-04:00,182.48563719254622,183.99606099942835,180.22002243414155,182.9662322998047,16010,0.0,0.0
2006-09-26 00:00:00-04:00,181.93640799159687,185.5751277706612,181.11253663124467,185.02589416503906,36970,0.0,0.0
2006-09-27 00:00:00-04:00,184.27064913025959,186.53628448813797,183.17216116449268,185.98703002929688,33660,0.0,0.0
2006-09-28 00:00:00-04:00,185.2318135435983,185.6437491392986,183.03485861972132,184.1333465576172,8890,0.0,0.0
2006-09-29 00:00:00-04:00,182.62292075111924,183.03485634169263,180.9065399169922,180.9065399169922,19220,0.0,0.0
2006-10-02 00:00:00-04:00,180.22000634059034,182.69159918935893,179.73941127624877,180.28866577148438,9090,0.0,0.0
2006-10-03 00:00:00-04:00,179.67074155246368,181.18114400988955,179.19014657169774,179.9453582763672,10860,0.0,0.0
2006-10-04 00:00:00-04:00,179.19018946168202,183.37816359733867,179.19018946168202,183.2408447265625,10810,0.0,0.0
2006-10-05 00:00:00-04:00,183.37813898452913,184.40796752137382,181.79905599021814,183.6527557373047,34520,0.0,0.0
2006-10-06 00:00:00-04:00,183.652720081788,184.8885057053122,181.936339520276,183.5840606689453,25460,0.0,0.0
2006-10-09 00:00:00-04:00,182.6229517119058,183.99605661199533,181.59312303683868,183.2408447265625,22390,0.0,0.0
2006-10-10 00:00:00-04:00,183.37813130363438,184.8198953852109,182.96619571576758,184.75123596191406,24260,0.0,0.0
2006-10-11 00:00:00-04:00,183.58405995820365,184.54522887854702,181.59306270494002,183.44676208496094,22040,0.0,0.0
2006-10-12 00:00:00-04:00,183.9960343031192,184.68258666992188,183.58409869265446,184.68258666992188,7790,0.0,0.0
2006-10-13 00:00:00-04:00,184.13339305374382,184.7512861273631,183.58413847014447,184.47666931152344,8600,0.0,0.0
2006-10-16 00:00:00-04:00,184.13334305607106,185.09451212648398,183.99602420947735,184.75123596191406,11180,0.0,0.0
2006-10-17 00:00:00-04:00,184.47666931152344,185.30051975904243,183.79011679596422,184.47666931152344,10510,0.0,0.0
2006-10-18 00:00:00-04:00,184.68259257460704,185.3691449633602,184.0646996151124,185.0945281982422,15720,0.0,0.0
2006-10-19 00:00:00-04:00,183.51543080739657,185.781066084572,182.9661973200347,185.4377899169922,13750,0.0,0.0
2006-10-20 00:00:00-04:00,185.43780439261877,186.0556973521134,184.33931638023046,185.0945281982422,7180,0.0,0.0
2006-10-23 00:00:00-04:00,184.6826037658935,188.04670648425676,184.06471076895616,187.90940856933594,16270,0.0,0.0
2006-10-24 00:00:00-04:00,187.08553370697547,188.87057418226948,186.81091693044957,188.5272979736328,16350,0.0,0.0
2006-10-25 00:00:00-04:00,187.9093963426343,190.1063514056753,186.26165385545846,189.07652282714844,15680,0.0,0.0
2006-10-26 00:00:00-04:00,186.7422355883049,186.7422355883049,180.0826695413385,181.24981689453125,83890,0.0,0.0
2006-10-27 00:00:00-04:00,179.5334329340813,182.41696107898903,177.1991592201587,177.6797332763672,39390,0.0,0.0
2006-10-30 00:00:00-05:00,176.7185346317512,177.47374625299716,175.13947292980023,176.031982421875,41570,0.0,0.0
2006-10-31 00:00:00-05:00,173.35447692871094,175.3454746515684,172.25598892412603,173.35447692871094,28320,0.0,0.0
2006-11-01 00:00:00-05:00,174.38429966253082,178.4349544013168,171.84405802248077,175.20816040039062,41180,0.0,0.0
2006-11-02 00:00:00-05:00,174.04099231495002,175.68871349559683,173.4230994911964,174.86485290527344,19650,0.0,0.0
2006-11-03 00:00:00-05:00,175.20815493031407,176.44395123650048,174.38429421817557,175.0708465576172,16240,0.0,0.0
2006-11-06 00:00:00-05:00,175.27686016970398,178.16037865388114,175.00223287656897,177.61114501953125,29820,0.0,0.0
2006-11-07 00:00:00-05:00,177.13051315833783,180.08267999687715,176.1693440215052,179.19017028808594,30140,0.0,0.0
2006-11-08 00:00:00-05:00,178.16035190200913,180.631944789299,177.13052327829809,179.32749938964844,21990,0.0,0.0
2006-11-09 00:00:00-05:00,179.19017342106923,181.9363829754151,177.81706864389628,180.5632781982422,25970,0.0,0.0
2006-11-10 00:00:00-05:00,180.63192398186462,182.34830482366888,179.87671222108781,181.24981689453125,18310,0.0,0.0
2006-11-13 00:00:00-05:00,180.6319045017795,183.5840708505433,180.35728778708952,181.5244140625,15520,0.0,0.0
2006-11-14 00:00:00-05:00,181.45576763429608,182.0050220549035,177.74838934082968,178.50360107421875,36050,0.0,0.0
2006-11-15 00:00:00-05:00,177.47382244064067,177.47382244064067,174.79627186306138,175.68878173828125,53730,0.0,0.0
2006-11-16 00:00:00-05:00,176.78722222747675,176.78722222747675,174.65890584717093,175.00218200683594,52700,0.0,0.0
2006-11-17 00:00:00-05:00,175.00220193828966,178.50362335604146,174.65892573952806,177.06185913085938,40690,0.0,0.0
2006-11-20 00:00:00-05:00,177.26784051600035,178.84690267710442,176.85590487991158,178.43496704101562,27640,0.0,0.0
2006-11-21 00:00:00-05:00,177.67973759582085,178.50360878636997,175.55143162278856,177.40512084960938,29030,0.0,0.0
2006-11-22 00:00:00-05:00,177.88572496296194,179.39612762029444,177.5424487746706,179.19017028808594,21870,0.0,0.0
2006-11-24 00:00:00-05:00,178.5722691408755,178.98420473829535,177.8170573709249,177.95437622070312,6460,0.0,0.0
2006-11-27 00:00:00-05:00,177.88575085497806,178.36632501738606,176.16936966369482,177.1305389404297,20680,0.0,0.0
2006-11-28 00:00:00-05:00,176.58129371085712,178.29767478910452,176.23801749520766,176.51263427734375,20830,0.0,0.0
2006-11-29 00:00:00-05:00,176.9931759718,180.56325634105787,176.92453750278298,177.81704711914062,26350,0.0,0.0
2006-11-30 00:00:00-05:00,176.85587808185232,178.5722588455506,175.7573902027027,177.81704711914062,50630,0.0,0.0
2006-12-01 00:00:00-05:00,178.57403622946492,179.1933639469104,176.9913075070413,178.7804718017578,25270,0.6,0.0
2006-12-04 00:00:00-05:00,178.57402372963577,180.36320889967968,178.57402372963577,179.74388122558594,13360,0.0,0.0
2006-12-05 00:00:00-05:00,180.087939368564,181.73948669433594,178.7116464303268,181.73948669433594,25020,0.0,0.0
2006-12-06 00:00:00-05:00,182.0835895231652,182.35884395543732,179.74389534800127,180.01914978027344,11210,0.0,0.0
2006-12-07 00:00:00-05:00,180.6384576460962,182.08356950737794,180.01912999142255,180.43202209472656,7340,0.0,0.0
2006-12-08 00:00:00-05:00,180.4320574597721,183.25344188412302,179.33101863534378,182.22122192382812,23280,0.0,0.0
2006-12-11 00:00:00-05:00,181.87711131129794,183.1846064600352,181.0513481127194,182.4964599609375,19500,0.0,0.0
2006-12-12 00:00:00-05:00,182.0835836740937,183.45987679181084,181.3954371152351,182.70291137695312,18460,0.0,0.0
2006-12-13 00:00:00-05:00,183.04695477447888,184.90495858030968,182.84051924074788,184.21681213378906,15310,0.0,0.0
2006-12-14 00:00:00-05:00,184.07918020912464,186.4876928473749,184.01036136220478,185.5242919921875,20370,0.0,0.0
2006-12-15 00:00:00-05:00,186.55654352618288,186.55654352618288,184.767358203798,185.2490692138672,50030,0.0,0.0
2006-12-18 00:00:00-05:00,185.66192284254012,186.35006936308412,184.3544486536196,185.799560546875,21310,0.0,0.0
2006-12-19 00:00:00-05:00,185.38663522674844,186.48767366250652,185.11138086794926,186.1436004638672,17380,0.0,0.0
2006-12-20 00:00:00-05:00,185.52427396736184,186.96938561002318,185.52427396736184,185.86834716796875,21220,0.0,0.0
2006-12-21 00:00:00-05:00,185.86837939904245,186.41888821525154,184.6985219138916,185.799560546875,11540,0.0,0.0
2006-12-22 00:00:00-05:00,185.59310628032836,185.73072297022415,183.6662836167191,184.6296844482422,19430,0.0,0.0
2006-12-26 00:00:00-05:00,183.87276594760107,187.38229654045517,183.66630938294927,187.03822326660156,9740,0.0,0.0
2006-12-27 00:00:00-05:00,187.3135152154149,190.3413560924021,186.48773088506937,190.2725372314453,20260,0.0,0.0
2006-12-28 00:00:00-05:00,190.34129673660996,191.57995184529975,188.62093075200676,190.2036590576172,15750,0.0,0.0
2006-12-29 00:00:00-05:00,189.51553686794514,191.37354076883798,188.34570044934492,190.68539428710938,33710,0.0,0.0
2007-01-03 00:00:00-05:00,195.98416989886317,196.32824324559613,189.24034070312544,191.2359619140625,49690,0.0,0.0
2007-01-04 00:00:00-05:00,190.5477668177985,194.19495596705391,190.27251241044613,193.5756072998047,22460,0.0,0.0
2007-01-05 00:00:00-05:00,192.8874715281764,194.8142944881292,191.30474284729223,191.99288940429688,34710,0.0,0.0
2007-01-08 00:00:00-05:00,191.37354369106,192.74983667553283,189.65317746046895,192.33694458007812,22940,0.0,0.0
2007-01-09 00:00:00-05:00,191.92405187549727,193.36916370472014,190.2725044994844,192.13050842285156,13450,0.0,0.0
2007-01-10 00:00:00-05:00,190.96065779941983,192.13051527445307,190.47894683897906,191.85523986816406,14930,0.0,0.0
2007-01-11 00:00:00-05:00,191.8552460291822,193.43799566391058,191.57999161461902,192.6810302734375,18380,0.0,0.0
2007-01-12 00:00:00-05:00,192.1305214443111,193.71325007847378,192.1305214443111,192.6810302734375,12750,0.0,0.0
2007-01-16 00:00:00-05:00,192.47457388312858,194.33255673078423,192.47457388312858,193.36915588378906,18900,0.0,0.0
2007-01-17 00:00:00-05:00,192.8874449600098,193.9884834996743,192.6121905752345,193.36915588378906,17080,0.0,0.0
2007-01-18 00:00:00-05:00,193.437993942677,194.33257603218874,192.33695529365568,192.74984741210938,15440,0.0,0.0
2007-01-19 00:00:00-05:00,192.40575503679392,194.4013755771189,191.0982809586888,193.36915588378906,18420,0.0,0.0
2007-01-22 00:00:00-05:00,193.23153626575814,193.9196827923464,191.57998880205938,193.0251007080078,13390,0.0,0.0
2007-01-23 00:00:00-05:00,192.61223703020005,195.6400779941213,192.4058014419705,195.08956909179688,19510,0.0,0.0
2007-01-24 00:00:00-05:00,195.02071409249885,196.32818824367726,193.9884943414794,195.77767944335938,11840,0.0,0.0
2007-01-25 00:00:00-05:00,195.2959446520773,196.46580196064926,193.64439745217027,194.8142547607422,24530,0.0,0.0
2007-01-26 00:00:00-05:00,194.74545459056554,195.22716552864767,193.43798047363921,194.6766357421875,11480,0.0,0.0
2007-01-29 00:00:00-05:00,194.2637958788646,195.91536468169312,194.0573602787959,195.7089080810547,23820,0.0,0.0
2007-01-30 00:00:00-05:00,195.36482154291747,198.04858916526885,193.7132738522834,197.1540069580078,17870,0.0,0.0
2007-01-31 00:00:00-05:00,196.12170248907935,196.12170248907935,182.4275948311818,186.5564727783203,77850,0.0,0.0
2007-02-01 00:00:00-05:00,182.35880739492268,184.76731994542163,178.50518311401174,180.70726013183594,101400,0.0,0.0
2007-02-02 00:00:00-05:00,180.77607897624847,182.35880739492268,177.61060113833724,180.70726013183594,93810,0.0,0.0
2007-02-05 00:00:00-05:00,181.051312083714,181.051312083714,177.67939910925503,179.39976501464844,72410,0.0,0.0
2007-02-06 00:00:00-05:00,179.39983410455005,182.77174837759011,179.05576079096292,182.35885620117188,34340,0.0,0.0
2007-02-07 00:00:00-05:00,182.42759286824216,186.69408743404182,180.2943350850628,185.3177947998047,53400,0.0,0.0
2007-02-08 00:00:00-05:00,185.7995775254484,186.41890525041978,183.5287022003642,185.7307586669922,47480,0.0,0.0
2007-02-09 00:00:00-05:00,185.86836522622326,186.4876928473749,184.49207229008027,185.5242919921875,25740,0.0,0.0
2007-02-12 00:00:00-05:00,185.73070948750134,187.10700228992903,185.04256308628752,185.86834716796875,35250,0.0,0.0
2007-02-13 00:00:00-05:00,186.35006768132592,188.41450722432685,186.2124509787982,187.86399841308594,29340,0.0,0.0
2007-02-14 00:00:00-05:00,187.9328426287219,189.30913584313865,187.1758771606791,188.75860595703125,31960,0.0,0.0
2007-02-15 00:00:00-05:00,188.4832550415968,189.5842932496919,187.17578135722758,188.9649658203125,19890,0.0,0.0
2007-02-16 00:00:00-05:00,188.4144950602246,191.57997302190807,188.34569721368484,191.5111541748047,22960,0.0,0.0
2007-02-20 00:00:00-05:00,190.9606594873268,190.9606594873268,188.41450896060303,189.79080200195312,30110,0.0,0.0
2007-02-21 00:00:00-05:00,189.58439291607013,189.8596473626586,187.864026374182,189.72203063964844,34830,0.0,0.0
2007-02-22 00:00:00-05:00,189.3779801566369,191.51121812523874,187.2447211874644,191.16714477539062,31360,0.0,0.0
2007-02-23 00:00:00-05:00,190.27251571291902,191.51117106778594,189.72200688865937,190.7542266845703,23090,0.0,0.0
2007-02-26 00:00:00-05:00,190.75422224526807,191.99287757130858,189.30911036451081,191.85523986816406,21290,0.0,0.0
2007-02-27 00:00:00-05:00,189.71666114917699,192.13123683653015,187.64702484573144,190.4065399169922,61120,0.7,0.0
2007-02-28 00:00:00-05:00,190.13050650711494,192.47608904464533,189.09568882407922,189.4406280517578,83160,0.0,0.0
2007-03-01 00:00:00-05:00,188.54384245049204,193.02805405190844,188.26789517801342,192.8900909423828,77070,0.0,0.0
2007-03-02 00:00:00-05:00,192.1312313099111,192.75211797239925,189.92361089503262,191.1654052734375,74280,0.0,0.0
2007-03-05 00:00:00-05:00,190.06160158496937,192.40718519783664,188.47488883158454,190.54452514648438,70130,0.0,0.0
2007-03-06 00:00:00-05:00,190.7514515115118,193.09703476968423,189.85461766537784,191.234375,30850,0.0,0.0
2007-03-07 00:00:00-05:00,191.0963895491432,191.99322338919478,189.9235874012979,191.3033447265625,21980,0.0,0.0
2007-03-08 00:00:00-05:00,192.0621941300429,193.16600407831802,190.75142902733907,191.5102996826172,18930,0.0,0.0
2007-03-09 00:00:00-05:00,192.06223267948977,192.06223267948977,190.54451211773045,191.78628540039062,15010,0.0,0.0
2007-03-12 00:00:00-04:00,190.06158940368323,194.13186968476435,188.9577792291287,192.1312255859375,30600,0.0,0.0
2007-03-13 00:00:00-04:00,191.37228835397104,191.71722759795924,189.23366083056004,190.0615234375,28980,0.0,0.0
2007-03-14 00:00:00-04:00,190.54452910926676,192.89011277091552,189.1647715373052,192.26922607421875,29910,0.0,0.0
2007-03-15 00:00:00-04:00,192.2692715432762,193.3040899669678,191.30342417174955,192.47622680664062,14590,0.0,0.0
2007-03-16 00:00:00-04:00,192.33810166822624,192.8210250001489,190.1305032805981,190.88937377929688,26530,0.0,0.0
2007-03-19 00:00:00-04:00,191.71729307769098,192.82110324613618,190.95842227104566,191.9932403564453,17900,0.0,0.0
2007-03-20 00:00:00-04:00,191.57928807028637,193.16600036621097,190.6134412257167,193.16600036621094,15160,0.0,0.0
2007-03-21 00:00:00-04:00,193.09696337112638,193.7178497314453,191.71720654667615,193.7178497314453,29120,0.0,0.0
2007-03-22 00:00:00-04:00,194.0628369823601,194.6837445498176,192.8210639542922,193.99386596679688,10680,0.0,0.0
2007-03-23 00:00:00-04:00,194.20082800893402,194.8907066164258,193.2350021691304,194.1318359375,16100,0.0,0.0
2007-03-26 00:00:00-04:00,194.4767537857868,195.85651084855,192.68306539351028,194.54574584960938,14030,0.0,0.0
2007-03-27 00:00:00-04:00,194.06287760133696,194.06287760133696,192.1312255859375,192.1312255859375,28160,0.0,0.0
2007-03-28 00:00:00-04:00,191.85533996311258,193.44205312473252,190.47558206485712,192.47622680664062,16150,0.0,0.0
2007-03-29 00:00:00-04:00,193.16601033675542,193.78689687358155,190.8204272790654,191.09637451171875,19510,0.0,0.0
2007-03-30 00:00:00-04:00,190.61344111473363,191.0963645367373,188.47483438323437,190.33749389648438,30850,0.0,0.0
2007-04-02 00:00:00-04:00,191.2343642153524,191.2343642153524,188.47484970173073,190.13055419921875,13510,0.0,0.0
2007-04-03 00:00:00-04:00,190.54449183090506,192.13120430686257,187.30205374977805,189.7166290283203,46240,0.0,0.0
2007-04-04 00:00:00-04:00,186.61216648243092,187.99192372074833,185.71533269889446,186.26722717285156,50190,0.0,0.0
2007-04-05 00:00:00-04:00,185.64633995889722,186.61216581156233,183.99063548955348,185.71533203125,51310,0.0,0.0
2007-04-09 00:00:00-04:00,185.99121601199576,187.85387501148662,184.61145924789105,185.2323455810547,33840,0.0,0.0
2007-04-10 00:00:00-04:00,184.74946813733155,185.71531495461105,182.54186939900484,185.0254364013672,30220,0.0,0.0
2007-04-11 00:00:00-04:00,184.54252178264116,185.92227895484783,181.8519995075229,182.8178253173828,43980,0.0,0.0
2007-04-12 00:00:00-04:00,182.61085321367005,185.6463145000999,182.19692188974287,185.16339111328125,19480,0.0,0.0
2007-04-13 00:00:00-04:00,185.23242799166042,187.92295066800475,185.16343591207686,187.44004821777344,22980,0.0,0.0
2007-04-16 00:00:00-04:00,187.71597627405944,188.6818021291177,185.30140110970143,186.47418212890625,33690,0.0,0.0
2007-04-17 00:00:00-04:00,186.54314553198043,188.12987874246568,185.23238056917702,187.16403198242188,26890,0.0,0.0
2007-04-18 00:00:00-04:00,186.6811488357975,188.19886908687437,186.26721747516797,188.12989807128906,19530,0.0,0.0
2007-04-19 00:00:00-04:00,187.0261101262534,188.68181471009922,185.50836864322952,188.26788330078125,19920,0.0,0.0
2007-04-20 00:00:00-04:00,188.54382345628593,189.16473107359582,187.64698964772208,188.3368682861328,17100,0.0,0.0
2007-04-23 00:00:00-04:00,187.9919360457113,188.68181471009922,187.57800463639333,188.26788330078125,7520,0.0,0.0
2007-04-24 00:00:00-04:00,187.99197204082216,189.37172963378234,187.0951380267701,187.50904846191406,17000,0.0,0.0
2007-04-25 00:00:00-04:00,188.12990498857346,189.02673875839318,185.30139848259876,185.43936157226562,30760,0.0,0.0
2007-04-26 00:00:00-04:00,185.3014460671693,186.4052563350793,184.68055937066674,185.92233276367188,25480,0.0,0.0
2007-04-27 00:00:00-04:00,186.06031694219678,186.88815885305695,185.23245397790686,185.92233276367188,44030,0.0,0.0
2007-04-30 00:00:00-04:00,179.3684556749132,180.47226576667487,173.22853967211105,180.05833435058594,94240,0.0,0.0
2007-05-01 00:00:00-04:00,179.1615221894218,181.43811367345862,176.60896235895592,179.43746948242188,41970,0.0,0.0
2007-05-02 00:00:00-04:00,179.16155386121906,180.8172589653405,175.50518315895852,180.33433532714844,30440,0.0,0.0
2007-05-03 00:00:00-04:00,180.26530209441353,180.54127042665567,176.26401391803668,179.23048400878906,23890,0.0,0.0
2007-05-04 00:00:00-04:00,179.23047881411952,180.1273337610571,179.23047881411952,179.7823944091797,14410,0.0,0.0
2007-05-07 00:00:00-04:00,179.85134887695312,179.85134887695312,178.74753897110577,179.85134887695312,14790,0.0,0.0
2007-05-08 00:00:00-04:00,179.57541816599692,179.7823944091797,178.81656843460846,179.7823944091797,18470,0.0,0.0
2007-05-09 00:00:00-04:00,179.09249148720232,180.0583173311674,179.09249148720232,179.36843872070312,14430,0.0,0.0
2007-05-10 00:00:00-04:00,178.6785621392465,179.09249352091038,175.5741083569044,177.02285766601562,21940,0.0,0.0
2007-05-11 00:00:00-04:00,177.22983992060063,179.9203627325387,177.22983992060063,179.23048400878906,20150,0.0,0.0
2007-05-14 00:00:00-04:00,178.8855179766322,180.61021452886902,177.29880556994422,177.5747528076172,16650,0.0,0.0
2007-05-15 00:00:00-04:00,177.2298400861414,177.6437715314634,175.02223027342328,175.64312744140625,38580,0.0,0.0
2007-05-16 00:00:00-04:00,176.47095158410957,177.64374312268387,175.2291679734435,176.88487243652344,48960,0.0,0.0
2007-05-17 00:00:00-04:00,177.1608214243954,178.33362350128633,176.40196125743861,177.5747528076172,35890,0.0,0.0
2007-05-18 00:00:00-04:00,177.78173507650433,180.4032655037547,177.43679575431744,179.9893341064453,23650,0.0,0.0
2007-05-21 00:00:00-04:00,180.40327849791157,182.33493041992188,180.33428641781973,182.33493041992188,16040,0.0,0.0
2007-05-22 00:00:00-04:00,182.1279817348699,182.2659658999795,180.6102401323749,181.71405029296875,9430,0.0,0.0
2007-05-23 00:00:00-04:00,181.9210022110193,182.74884393068064,180.67920805138996,181.3000946044922,7570,0.0,0.0
2007-05-24 00:00:00-04:00,181.57606520879847,181.57606520879847,175.57411266109622,178.74755859375,11980,0.0,0.0
2007-05-25 00:00:00-04:00,178.67858945116046,179.36846817491013,176.67794536297203,179.23048400878906,23360,0.0,0.0
2007-05-29 00:00:00-04:00,179.78238709100214,181.09315236409506,179.71339501274957,180.05833435058594,14520,0.0,0.0
2007-05-30 00:00:00-04:00,180.0583041291791,180.5425262451172,179.02070340363247,180.5425262451172,19870,0.7,0.0
2007-05-31 00:00:00-04:00,180.88839581902218,182.68690799181226,180.88839581902218,181.64930725097656,50520,0.0,0.0
2007-06-01 00:00:00-04:00,181.5801400543386,184.41625313052913,180.5425392540281,182.96360778808594,29930,0.0,0.0
2007-06-04 00:00:00-04:00,182.1335384092335,184.208740234375,182.1335384092335,184.208740234375,15520,0.0,0.0
2007-06-05 00:00:00-04:00,183.58613936371557,185.86887348351803,183.4478052749648,185.5921630859375,27760,0.0,0.0
2007-06-06 00:00:00-04:00,185.24632459188086,187.2523697316107,184.13956727208293,185.453857421875,34310,0.0,0.0
2007-06-07 00:00:00-04:00,184.34705498382334,185.17714397560889,181.0958977277099,181.2342529296875,26540,0.0,0.0
2007-06-08 00:00:00-04:00,181.23426231424995,184.20870932042922,181.23426231424995,183.79368591308594,27550,0.0,0.0
2007-06-11 00:00:00-04:00,183.44784224531753,185.938067445083,183.378664631981,184.48544311523438,27900,0.0,0.0
2007-06-12 00:00:00-04:00,182.27183532714844,183.37861350180663,181.23423474653848,182.27183532714844,26070,0.0,0.0
2007-06-13 00:00:00-04:00,181.92602886250447,182.617762812552,181.2342949124569,181.37265014648438,14540,0.0,0.0
2007-06-14 00:00:00-04:00,180.95758692348488,183.9320341584294,180.95758692348488,181.92601013183594,17390,0.0,0.0
2007-06-15 00:00:00-04:00,182.89444464796887,184.20873487699245,181.09593222981053,181.5801544189453,30350,0.0,0.0
2007-06-18 00:00:00-04:00,182.2027178103495,182.6177624014527,179.85082660749129,180.40420532226562,16400,0.0,0.0
2007-06-19 00:00:00-04:00,179.78164271901568,179.78164271901568,178.12148552256178,179.43577575683594,20960,0.0,0.0
2007-06-20 00:00:00-04:00,179.78160118212313,179.98913397750886,177.63722229003906,177.63722229003906,21030,0.0,0.0
2007-06-21 00:00:00-04:00,177.5681271441542,178.6748846617275,175.14704757685797,178.60572814941406,24010,0.0,0.0
2007-06-22 00:00:00-04:00,178.12149303165947,179.0207387272188,175.56207951463622,175.70042419433594,31560,0.0,0.0
2007-06-25 00:00:00-04:00,175.56203544086756,177.4988921354949,174.80112406100758,175.42369079589844,24360,0.0,0.0
2007-06-26 00:00:00-04:00,175.35457023932125,176.2538265566814,173.55605760460094,175.077880859375,32470,0.0,0.0
2007-06-27 00:00:00-04:00,174.3169189453125,176.46129796387007,173.41766288736835,176.39212036132812,21560,0.0,0.0
2007-06-28 00:00:00-04:00,175.97704989559026,178.05225100546758,175.21614915497977,177.22218322753906,17110,0.0,0.0
2007-06-29 00:00:00-04:00,177.36053300623064,179.85077878058505,177.1530213208841,177.63722229003906,24830,0.0,0.0
2007-07-02 00:00:00-04:00,178.12149427377292,179.8508291696348,177.70644967675707,177.98313903808594,24240,0.0,0.0
2007-07-03 00:00:00-04:00,178.46730158879208,180.05828071708004,178.46730158879208,179.85076904296875,11250,0.0,0.0
2007-07-05 00:00:00-04:00,180.26584877912003,181.23427196455577,179.50493730840543,181.09591674804688,15700,0.0,0.0
2007-07-06 00:00:00-04:00,180.61167862018007,182.34101292119666,179.91994489977344,182.27183532714844,11490,0.0,0.0
2007-07-09 00:00:00-04:00,182.20267834598008,182.89441214464367,179.02069865011956,179.2974090576172,14140,0.0,0.0
2007-07-10 00:00:00-04:00,178.53648261750524,179.08986116580448,175.76954765593226,177.15301513671875,23790,0.0,0.0
2007-07-11 00:00:00-04:00,177.42967045486378,179.64322644451326,176.39207004284702,179.36651611328125,20910,0.0,0.0
2007-07-12 00:00:00-04:00,180.05832336246468,182.4102354796272,179.36658947154467,180.88841247558594,22940,0.0,0.0
2007-07-13 00:00:00-04:00,180.47336164533226,183.30947472152278,178.12147071997026,182.96360778808594,15650,0.0,0.0
2007-07-16 00:00:00-04:00,182.5485473119987,182.6177249146563,180.95756800107662,182.06434631347656,21460,0.0,0.0
2007-07-17 00:00:00-04:00,181.85687021023864,182.20273722133078,180.33506802746143,180.75009155273438,16790,0.0,0.0
2007-07-18 00:00:00-04:00,179.78165072261814,180.2658729352442,178.6748721723621,180.1275177001953,27060,0.0,0.0
2007-07-19 00:00:00-04:00,180.8192283198653,182.82525230891818,180.0583168453853,182.47938537597656,25530,0.0,0.0
2007-07-20 00:00:00-04:00,182.47941159191524,182.8252785745459,180.5425649332017,181.71852111816406,24760,0.0,0.0
2007-07-23 00:00:00-04:00,182.06440308292215,183.03282649197072,180.33506802746143,180.75009155273438,15880,0.0,0.0
2007-07-24 00:00:00-04:00,169.47479979178203,171.20413448353492,161.03564860703224,164.42514038085938,93520,0.0,0.0
2007-07-25 00:00:00-04:00,164.97854290008544,166.63870011606485,162.48829652109416,166.01614379882812,42470,0.0,0.0
2007-07-26 00:00:00-04:00,163.73342018933212,167.1229228014821,162.41912993575738,165.18606567382812,59700,0.0,0.0
2007-07-27 00:00:00-04:00,165.3243805126849,166.43115883017543,162.21157836914062,162.21157836914062,31950,0.0,0.0
2007-07-30 00:00:00-04:00,161.86577108930237,165.87783077431556,160.620647662226,163.87179565429688,48110,0.0,0.0
2007-07-31 00:00:00-04:00,164.42517886276906,164.97856820464895,162.14245442440438,162.9033660888672,38610,0.0,0.0
2007-08-01 00:00:00-04:00,163.0416605530836,164.84017272132274,160.8972920271283,163.3875274658203,31480,0.0,0.0
2007-08-02 00:00:00-04:00,163.94091489779873,165.18603788144432,163.24918107966457,164.978515625,31440,0.0,0.0
2007-08-03 00:00:00-04:00,165.18603921606817,166.70785151725477,164.84017230420665,165.5319061279297,40160,0.0,0.0
2007-08-06 00:00:00-04:00,166.22366240093896,168.43720882479846,164.70184989422444,167.88381958007812,62010,0.0,0.0
2007-08-07 00:00:00-04:00,166.77704009352448,169.47479796151563,165.39357235506313,169.05975341796875,64540,0.0,0.0
2007-08-08 00:00:00-04:00,170.304894063068,180.33504675669323,169.47481544536046,180.265869140625,80040,0.0,0.0
2007-08-09 00:00:00-04:00,178.88240584996117,184.48545513456267,175.83877010023076,177.98313903808594,105890,0.0,0.0
2007-08-10 00:00:00-04:00,176.73801906587846,179.3665995551302,172.65679310202162,173.41769409179688,69380,0.0,0.0
2007-08-13 00:00:00-04:00,171.54998124400672,172.9334488346842,162.69578655266687,165.3935546875,76700,0.0,0.0
2007-08-14 00:00:00-04:00,165.39354616754588,167.7454367285361,164.1484232890724,164.21759033203125,27210,0.0,0.0
2007-08-15 00:00:00-04:00,163.5258562204002,167.74543636752935,158.26868599096562,159.0295867919922,61300,0.0,0.0
2007-08-16 00:00:00-04:00,158.82211558726985,167.19208986192055,158.0612040372915,165.18606567382812,52350,0.0,0.0
2007-08-17 00:00:00-04:00,169.47477751751418,169.54395511810074,166.01610858858533,167.3303985595703,32380,0.0,0.0
2007-08-20 00:00:00-04:00,167.39964809177812,170.3049291294735,165.25526821239433,165.60113525390625,28650,0.0,0.0
2007-08-21 00:00:00-04:00,164.63264633248977,166.15445859934908,163.7333902709301,164.35595703125,23930,0.0,0.0
2007-08-22 00:00:00-04:00,165.39358473586867,167.26126421159543,164.909362547143,166.22366333007812,16700,0.0,0.0
2007-08-23 00:00:00-04:00,166.43118664997675,167.33043230885335,165.53193043607808,166.29283142089844,17820,0.0,0.0
2007-08-24 00:00:00-04:00,165.7394112571767,168.29882402943713,165.53188902050275,167.9529571533203,20570,0.0,0.0
2007-08-27 00:00:00-04:00,168.02214183497225,169.75147639710667,167.12289630667877,168.57553100585938,15350,0.0,0.0
2007-08-28 00:00:00-04:00,167.74546598477215,168.92141147036216,165.53191967865777,165.80860900878906,16110,0.0,0.0
2007-08-29 00:00:00-04:00,166.50035448136543,168.02216701308313,165.1860642392052,167.67630004882812,9640,0.0,0.0
2007-08-30 00:00:00-04:00,166.0161378415124,168.71389585942828,165.73944850045194,167.26126098632812,16200,0.0,0.0
2007-08-31 00:00:00-04:00,168.09133956453132,168.09133956453132,164.97853698000296,167.26126098632812,19310,0.0,0.0
2007-09-04 00:00:00-04:00,166.91436506901863,168.6487204392883,166.77560817086498,168.30184936523438,21960,0.7,0.0
2007-09-05 00:00:00-04:00,169.20369792943046,170.93805322016124,166.08185840611503,166.49810791015625,37760,0.0,0.0
2007-09-06 00:00:00-04:00,163.02942814385491,165.3881475508185,160.8788229425842,164.3475341796875,29660,0.0,0.0
2007-09-07 00:00:00-04:00,162.54378441282827,166.70623722449778,162.54378441282827,165.87374877929688,36390,0.0,0.0
2007-09-10 00:00:00-04:00,166.77560779031504,166.77560779031504,161.36442751595303,161.503173828125,30860,0.0,0.0
2007-09-11 00:00:00-04:00,161.9887912135594,163.86189289204356,161.08692430594402,161.503173828125,34850,0.0,0.0
2007-09-12 00:00:00-04:00,161.5725391088502,164.41688609840503,161.5725391088502,162.89065551757812,18720,0.0,0.0
2007-09-13 00:00:00-04:00,164.13942381143107,164.13942381143107,161.36445475687208,161.43382263183594,16330,0.0,0.0
2007-09-14 00:00:00-04:00,160.60128662765666,162.19689548018297,159.8381661286377,161.29502868652344,25490,0.0,0.0
2007-09-17 00:00:00-04:00,160.6012973619544,161.15629316327548,158.45069260145942,159.56068420410156,24560,0.0,0.0
2007-09-18 00:00:00-04:00,155.67573975069115,156.23073560752107,147.6977047425494,151.2357940673828,90890,0.0,0.0
2007-09-19 00:00:00-04:00,150.68082960688332,155.7451506539677,150.68082960688332,154.357666015625,57130,0.0,0.0
2007-09-20 00:00:00-04:00,153.8026474526871,154.1495185613245,153.03953736508453,153.17828369140625,37130,0.0,0.0
2007-09-21 00:00:00-04:00,153.31704347032513,153.87203940997557,150.19520321866693,152.41517639160156,68060,0.0,0.0
2007-09-24 00:00:00-04:00,151.65204708444477,152.62328191692254,146.31022374881988,147.6977081298828,53980,0.0,0.0
2007-09-25 00:00:00-04:00,146.79585634838605,148.25270864273145,146.1714820059528,147.07334899902344,45850,0.0,0.0
2007-09-26 00:00:00-04:00,148.25272773390392,149.0852163786855,137.77722533120675,138.05471801757812,135570,0.0,0.0
2007-09-27 00:00:00-04:00,139.09531095177908,141.66215497191067,137.84657287597656,137.84657287597656,111460,0.0,0.0
2007-09-28 00:00:00-04:00,138.33221180630213,138.88720776913502,136.11223854063815,136.5284881591797,118140,0.0,0.0
2007-10-01 00:00:00-04:00,136.04285732822314,136.45909632030296,132.57414613255875,132.8516387939453,101280,0.0,0.0
2007-10-02 00:00:00-04:00,132.85162754210614,132.92100599441005,129.72978773041174,130.77040100097656,96480,0.0,0.0
2007-10-03 00:00:00-04:00,130.77044433809138,137.01412603062627,130.63169797316888,136.73663330078125,60250,0.0,0.0
2007-10-04 00:00:00-04:00,136.7366347821746,136.7366347821746,132.71292664181468,134.58602905273438,49520,0.0,0.0
2007-10-05 00:00:00-04:00,135.34909744916754,138.0546875949021,132.85162147951635,135.07159423828125,65480,0.0,0.0
2007-10-08 00:00:00-04:00,135.41847236193993,142.3558942102531,135.00223340244054,136.0428466796875,35900,0.0,0.0
2007-10-09 00:00:00-04:00,136.181605463807,138.19345374968987,135.21035996474862,137.4303436279297,51080,0.0,0.0
2007-10-10 00:00:00-04:00,137.430352702219,138.54033402143307,133.8228843041882,134.1003875732422,48750,0.0,0.0
2007-10-11 00:00:00-04:00,135.27972085731693,137.29156888195453,134.72472501358976,135.21034240722656,52860,0.0,0.0
2007-10-12 00:00:00-04:00,134.72472280327005,135.55721126237023,131.04788730777383,131.88038635253906,43260,0.0,0.0
2007-10-15 00:00:00-04:00,131.11729577247132,131.81103807814577,129.66043269628798,130.42355346679688,53630,0.0,0.0
2007-10-16 00:00:00-04:00,129.9379035951537,130.77039203741006,128.8279119483686,129.660400390625,66030,0.0,0.0
2007-10-17 00:00:00-04:00,130.14604181600245,131.74164041803468,128.2729293950673,129.52166748046875,74820,0.0,0.0
2007-10-18 00:00:00-04:00,129.3135274510624,130.77039014315656,126.12232003769455,126.53855895996094,70610,0.0,0.0
2007-10-19 00:00:00-04:00,132.4353549880318,132.4353549880318,123.62483294527364,123.90233612060547,43170,0.0,0.0
2007-10-22 00:00:00-04:00,122.93112523856325,125.84484058697126,122.51488623774308,125.63672637939453,38920,0.0,0.0
2007-10-23 00:00:00-04:00,126.12233427045349,127.64856499565971,119.87865446088318,124.87359619140625,66210,0.0,0.0
2007-10-24 00:00:00-04:00,123.9717337898022,124.52672968827596,120.29489787128809,120.43365478515625,48740,0.0,0.0
2007-10-25 00:00:00-04:00,123.48610050257764,126.05294429476788,118.62990553899313,120.9886245727539,56830,0.0,0.0
2007-10-26 00:00:00-04:00,120.50296752710372,120.71109221702399,112.6636818349578,119.3236083984375,72230,0.0,0.0
2007-10-29 00:00:00-04:00,119.18496038324025,120.7111917246943,117.38122569791352,119.67057800292969,55880,0.0,0.0
2007-10-30 00:00:00-04:00,118.9767971702109,119.39304675900897,117.79743744950544,118.21367645263672,71550,0.0,0.0
2007-10-31 00:00:00-04:00,118.21368437929246,122.79238782042266,117.93619169193137,122.30677032470703,75950,0.0,0.0
2007-11-01 00:00:00-04:00,120.36423449536443,121.821096899314,118.56050109863281,118.56050109863281,67730,0.0,0.0
2007-11-02 00:00:00-04:00,118.83803110936918,120.98862539939418,117.0342973048766,118.28303527832031,68920,0.0,0.0
2007-11-05 00:00:00-05:00,116.75686836155539,117.5893572693369,114.8143871862847,115.43875122070312,49300,0.0,0.0
2007-11-06 00:00:00-05:00,115.57744515724644,118.49116003817177,113.49621873006193,118.28303527832031,57640,0.0,0.0
2007-11-07 00:00:00-05:00,116.89556279391921,118.1443008934207,114.53684350593446,115.0224609375,52210,0.0,0.0
2007-11-08 00:00:00-05:00,115.57744144093273,117.65866780119684,115.36931668777338,116.2018051147461,97570,0.0,0.0
2007-11-09 00:00:00-05:00,115.16117401051324,116.75678275550236,114.32868571311201,114.6061782836914,57990,0.0,0.0
2007-11-12 00:00:00-05:00,114.2593532715493,117.79744319180456,113.14937195675725,116.0630874633789,53460,0.0,0.0
2007-11-13 00:00:00-05:00,116.40997036230675,116.8262094277538,113.63500091665304,115.1612319946289,46110,0.0,0.0
2007-11-14 00:00:00-05:00,116.20181340657308,117.17304820973497,114.7449506161648,115.85494232177734,38840,0.0,0.0
2007-11-15 00:00:00-05:00,115.78554967913256,116.06305286435584,111.83122191426197,112.17809295654297,31830,0.0,0.0
2007-11-16 00:00:00-05:00,112.73310765395512,114.46746315632366,111.9699869986466,114.25933837890625,55120,0.0,0.0
2007-11-19 00:00:00-05:00,113.49625266936367,114.1206165499594,111.55377197265626,111.55377197265625,35470,0.0,0.0
2007-11-20 00:00:00-05:00,111.55377218487101,112.03938971355463,107.53006443096574,108.91754913330078,32800,0.0,0.0
2007-11-21 00:00:00-05:00,107.66878883297163,111.20687833686134,107.66878883297163,108.5706558227539,231840,0.0,0.0
2007-11-23 00:00:00-05:00,109.40314832224618,112.87185949660824,109.26440199240498,112.10874938964844,12800,0.0,0.0
2007-11-26 00:00:00-05:00,111.69249863624572,112.80249043459916,109.81939673898232,110.9987564086914,49970,0.0,0.0
2007-11-27 00:00:00-05:00,110.99876232180065,112.94124277956554,109.95814892503377,112.87186431884766,57040,0.0,0.0
2007-11-28 00:00:00-05:00,112.80246261367438,118.421766919553,112.80246261367438,117.93614959716797,50400,0.0,0.0
2007-11-29 00:00:00-05:00,117.23957307647396,118.00583840437245,115.28906115461763,116.47329711914062,33730,0.7,0.0
2007-11-30 00:00:00-05:00,117.51822688183373,118.56314296666824,116.54297612109595,117.03060150146484,36830,0.0,0.0
2007-12-03 00:00:00-05:00,118.21481361547215,118.77210420684561,116.61260715131121,118.35413360595703,42990,0.0,0.0
2007-12-04 00:00:00-05:00,117.58789220593046,118.07551758629934,115.77670007377621,117.03060150146484,42900,0.0,0.0
2007-12-05 00:00:00-05:00,118.28445371135777,121.21021540560677,118.28445371135777,120.09563446044922,44350,0.0,0.0
2007-12-06 00:00:00-05:00,120.30463483956557,120.51362012173261,118.77209381939544,118.9810791015625,19980,0.0,0.0
2007-12-07 00:00:00-05:00,118.56315578821814,119.88672268313547,117.7968902874697,118.42383575439453,34090,0.0,0.0
2007-12-10 00:00:00-05:00,118.49344007495642,118.98106525698441,116.6822486795019,117.93614959716797,87000,0.0,0.0
2007-12-11 00:00:00-05:00,118.07548947060576,119.32939059972014,115.01040727004488,115.28904724121094,36360,0.0,0.0
2007-12-12 00:00:00-05:00,117.72718232369026,118.63277815975917,113.47785373952335,115.70701599121094,28540,0.0,0.0
2007-12-13 00:00:00-05:00,115.63735237786932,116.40362824178524,114.59243654312954,115.77667236328125,29050,0.0,0.0
2007-12-14 00:00:00-05:00,114.94074013851416,116.96090647099348,114.24412959222013,115.70701599121094,55700,0.0,0.0
2007-12-17 00:00:00-05:00,115.01040544491691,116.33396123110221,114.8710748321114,115.70701599121094,47810,0.0,0.0
2007-12-18 00:00:00-05:00,116.54297992788945,116.75196527756992,114.52280238689342,115.56771850585938,40690,0.0,0.0
2007-12-19 00:00:00-05:00,115.01039513869122,120.3046284384429,115.01039513869122,118.91140747070312,39960,0.0,0.0
2007-12-20 00:00:00-05:00,119.60801745973222,120.0259880000979,116.6822555654696,119.25971221923828,24770,0.0,0.0
2007-12-21 00:00:00-05:00,121.41926098003061,122.18552645973826,118.84180322203774,119.53841400146484,53650,0.0,0.0
2007-12-24 00:00:00-05:00,120.5832927133221,120.86193268676308,118.91142098437528,120.44396209716797,5410,0.0,0.0
2007-12-26 00:00:00-05:00,119.95634019917854,122.46414254834025,119.88668551857812,121.62821197509766,36160,0.0,0.0
2007-12-27 00:00:00-05:00,121.48888122431953,121.97651713516751,118.28447892543156,118.35413360595703,12730,0.0,0.0
2007-12-28 00:00:00-05:00,118.21480547725301,119.12040129721203,116.96090439034309,118.70243072509766,36520,0.0,0.0
2007-12-31 00:00:00-05:00,118.00581637648676,122.11582477130547,117.58785644731675,120.51361846923828,27280,0.0,0.0
2008-01-02 00:00:00-05:00,118.98109491320128,118.98109491320128,105.74549325653281,108.74092102050781,173320,0.0,0.0
2008-01-03 00:00:00-05:00,108.74094205758449,109.36788747925789,106.37245913578582,106.8600845336914,77230,0.0,0.0
2008-01-04 00:00:00-05:00,105.67583238405697,106.6510936616119,101.63548853003768,102.05345916748047,134060,0.0,0.0
2008-01-07 00:00:00-05:00,102.6107293248052,103.37699450124475,99.19733147888553,100.3119125366211,73070,0.0,0.0
2008-01-08 00:00:00-05:00,100.86922442084193,100.86922442084193,96.13226986673881,96.34125518798828,47750,0.0,0.0
2008-01-09 00:00:00-05:00,96.20193035923543,98.01311158388758,93.90311319964381,94.59972381591797,41800,0.0,0.0
2008-01-10 00:00:00-05:00,94.25143115423504,97.87380471901606,93.97278049267595,97.10752868652344,72990,0.0,0.0
2008-01-11 00:00:00-05:00,96.27157567398713,97.24683681951855,95.36597983507704,95.6446304321289,33620,0.0,0.0
2008-01-14 00:00:00-05:00,96.4109093000422,97.1075199470929,95.50532396242423,96.68955993652344,135410,0.0,0.0
2008-01-15 00:00:00-05:00,96.0626043436007,98.08278160542835,95.2266736898325,96.8288803100586,83990,0.0,0.0
2008-01-16 00:00:00-05:00,97.52547883344697,100.66022636737918,97.31649353863142,100.10293579101562,300990,0.0,0.0
2008-01-17 00:00:00-05:00,100.10295427263901,102.68041170607371,97.734482172604,97.8738021850586,45040,0.0,0.0
2008-01-18 00:00:00-05:00,98.1524388143508,98.50074414815535,95.08735612864477,96.06260681152344,48480,0.0,0.0
2008-01-22 00:00:00-05:00,92.71890004613842,98.36144104589424,91.67398386513507,94.73906707763672,98670,0.0,0.0
2008-01-23 00:00:00-05:00,92.64918869715763,101.7747897303797,92.44020343887166,100.86919403076172,68700,0.0,0.0
2008-01-24 00:00:00-05:00,100.59058032205078,103.30736841604126,98.3614282191551,101.56584167480469,50670,0.0,0.0
2008-01-25 00:00:00-05:00,101.98380365057612,103.79499574761078,100.79956756994693,101.14787292480469,54830,0.0,0.0
2008-01-28 00:00:00-05:00,100.93889523629899,105.6758505472719,99.96364442055605,105.32754516601562,45670,0.0,0.0
2008-01-29 00:00:00-05:00,104.35228654450317,107.06906406330694,103.16805046270245,105.8151626586914,34460,0.0,0.0
2008-01-30 00:00:00-05:00,108.39263524710003,114.24416120329937,107.62635918237653,111.59703826904297,61890,0.0,0.0
2008-01-31 00:00:00-05:00,111.03972423292983,115.77667838953172,109.01955776572204,111.94532012939453,66110,0.0,0.0
2008-02-01 00:00:00-05:00,112.85092811246888,118.56313345894138,111.59702678533218,118.07550811767578,69700,0.0,0.0
2008-02-04 00:00:00-05:00,117.58789660964489,118.42382738293122,113.61721746445743,114.59246826171875,67630,0.0,0.0
2008-02-05 00:00:00-05:00,112.85091731233418,114.24413851372101,110.06447490956049,110.7610855102539,47310,0.0,0.0
2008-02-06 00:00:00-05:00,110.9004042402662,113.54752661861146,109.99480834380151,111.94532012939453,53500,0.0,0.0
2008-02-07 00:00:00-05:00,111.03971693289486,113.3385338637339,109.7858264519221,110.97006225585938,54930,0.0,0.0
2008-02-08 00:00:00-05:00,110.76107908834896,111.52735495645689,109.01955268758876,109.57684326171875,30290,0.0,0.0
2008-02-11 00:00:00-05:00,109.4375296207101,111.87566672313707,106.99939251828313,110.7610855102539,52130,0.0,0.0
2008-02-12 00:00:00-05:00,111.1093937749173,114.87108686724729,111.1093937749173,114.03515625,46810,0.0,0.0
2008-02-13 00:00:00-05:00,113.9655197722472,117.16992275518557,113.9655197722472,116.33399200439453,52160,0.0,0.0
2008-02-14 00:00:00-05:00,116.6822681058133,117.10023869110007,114.2441311603187,114.66210174560547,47700,0.0,0.0
2008-02-15 00:00:00-05:00,114.38347743600318,117.79687632190631,113.47788137935802,117.72721099853516,44890,0.0,0.0
2008-02-19 00:00:00-05:00,118.70246288704111,119.46873893372573,115.84636530185566,116.40365600585938,31260,0.0,0.0
2008-02-20 00:00:00-05:00,116.05531919981728,119.46870656416294,115.35870866591544,118.70243072509766,43030,0.0,0.0
2008-02-21 00:00:00-05:00,119.39903700532501,120.65293804756382,118.98107707753394,120.37429809570312,56650,0.0,0.0
2008-02-22 00:00:00-05:00,120.09566884450328,121.41923542450127,117.58787694405159,120.93161010742188,79940,0.0,0.0
2008-02-25 00:00:00-05:00,121.00125030499626,122.67312200121773,119.3990439154882,121.21023559570312,67640,0.0,0.0
2008-02-26 00:00:00-05:00,121.00129994311645,124.90232487184277,120.79231456667793,123.43943786621094,58190,0.0,0.0
2008-02-27 00:00:00-05:00,123.33446687741544,125.64305513627613,122.21514812323608,122.63489532470703,49850,0.75,0.0
2008-02-28 00:00:00-05:00,121.65549766028003,121.65549766028003,119.76665646448814,120.67610168457031,45730,0.0,0.0
2008-02-29 00:00:00-05:00,119.83665567145256,119.97656790142841,117.7379401979582,118.29759979248047,68210,0.0,0.0
2008-03-03 00:00:00-05:00,117.6679335055551,118.0876807087202,114.8696472834272,116.68853759765625,70200,0.0,0.0
2008-03-04 00:00:00-05:00,115.63919687466044,116.19885633439792,113.75035553833573,114.72975158691406,64870,0.0,0.0
2008-03-05 00:00:00-05:00,114.30997810098627,116.47865400699817,113.54045586066333,114.51985168457031,44130,0.0,0.0
2008-03-06 00:00:00-05:00,113.96021523505222,114.729748304502,111.58167594248822,111.72158813476562,37020,0.0,0.0
2008-03-07 00:00:00-05:00,110.60225678859928,111.86147693033618,108.22370731891156,108.92327880859375,50670,0.0,0.0
2008-03-10 00:00:00-04:00,108.29367082809007,109.97263816589047,106.19495631853256,106.68465423583984,69620,0.0,0.0
2008-03-11 00:00:00-04:00,108.85331566470713,109.83271136885185,102.83699726892499,103.25674438476562,133650,0.0,0.0
2008-03-12 00:00:00-04:00,103.326720831589,107.17436454395066,103.326720831589,104.93573760986328,95600,0.0,0.0
2008-03-13 00:00:00-04:00,103.53659480227986,105.77522174416286,100.66834702777601,103.32672119140625,87660,0.0,0.0
2008-03-14 00:00:00-04:00,103.95635285442215,104.65592451380691,95.98122953266603,99.47908782958984,76750,0.0,0.0
2008-03-17 00:00:00-04:00,96.89062838952313,97.80007324579108,94.44212875513085,95.56144714355469,68230,0.0,0.0
2008-03-18 00:00:00-04:00,97.45033590862859,99.47908948475285,95.49153309483683,97.59024810791016,71510,0.0,0.0
2008-03-19 00:00:00-04:00,97.87007845091614,99.19927111136516,94.86192862249496,95.42157745361328,73050,0.0,0.0
2008-03-20 00:00:00-04:00,95.14173168092893,96.05117683927253,93.25289061336285,93.60267639160156,79330,0.0,0.0
2008-03-24 00:00:00-04:00,93.95247935643887,98.00999726116706,91.36406625890052,96.82071685791016,155950,0.0,0.0
2008-03-25 00:00:00-04:00,96.19109157190427,98.28980629710945,96.19109157190427,96.89066314697266,46160,0.0,0.0
2008-03-26 00:00:00-04:00,96.61086337792197,97.10056147019358,94.30227445764977,94.931884765625,35440,0.0,0.0
2008-03-27 00:00:00-04:00,94.58208137925507,95.91127386891317,93.88250975562948,94.44216918945312,55400,0.0,0.0
2008-03-28 00:00:00-04:00,94.37220531315107,95.0018261628774,93.60268295186188,93.88250732421875,40320,0.0,0.0
2008-03-31 00:00:00-04:00,93.88250265284309,95.91126661263834,92.6932331175783,95.63143157958984,56550,0.0,0.0
2008-04-01 00:00:00-04:00,95.70139831412234,99.26920711778803,95.4915246963501,97.94002532958984,61120,0.0,0.0
2008-04-02 00:00:00-04:00,97.6601800168623,98.14987790359373,95.56146563834474,97.31039428710938,37250,0.0,0.0
2008-04-03 00:00:00-04:00,96.19111868633492,97.94004811699556,96.05120646680568,97.87008666992188,25610,0.0,0.0
2008-04-04 00:00:00-04:00,98.14991514668675,98.35978879909797,96.19111218187777,97.52029418945312,25170,0.0,0.0
2008-04-07 00:00:00-04:00,97.94000406461642,98.4996633656226,96.26103683621118,97.17047119140625,37740,0.0,0.0
2008-04-08 00:00:00-04:00,96.47092787002809,97.31042240368677,95.00183378535823,96.75076293945312,33350,0.0,0.0
2008-04-09 00:00:00-04:00,96.75077484331881,97.38038514641137,95.8413294363713,96.54090118408203,27310,0.0,0.0
2008-04-10 00:00:00-04:00,96.19109876105998,96.82070895583146,94.86191693893532,95.70140075683594,20750,0.0,0.0
2008-04-11 00:00:00-04:00,94.51210340073742,95.07175199875789,93.95244412810418,94.5820541381836,29220,0.0,0.0
2008-04-14 00:00:00-04:00,94.86189239045108,96.82068390044859,94.44214525281554,96.33098602294922,44380,0.0,0.0
2008-04-15 00:00:00-04:00,95.98125101205865,96.05121246350016,92.34347970409385,93.3228759765625,30850,0.0,0.0
2008-04-16 00:00:00-04:00,94.09238242399208,94.79195404052734,93.60268442734055,94.79195404052734,42530,0.0,0.0
2008-04-17 00:00:00-04:00,94.23228652258531,94.93185807906274,92.41340688051291,93.60267639160156,97700,0.0,0.0
2008-04-18 00:00:00-04:00,94.7919330436204,95.07175735840568,92.06360861331727,94.16232299804688,131970,0.0,0.0
2008-04-21 00:00:00-04:00,93.60268168592263,94.09237966823198,92.69323647613932,93.11298370361328,60650,0.0,0.0
2008-04-22 00:00:00-04:00,92.8331431928136,93.25289039556563,89.68507119601772,90.80438995361328,50310,0.0,0.0
2008-04-23 00:00:00-04:00,89.89496175995613,92.69324850734776,88.35590618381408,90.03487396240234,49960,0.0,0.0
2008-04-24 00:00:00-04:00,87.44644922397985,93.18293415814986,85.83743242333556,90.17477416992188,40650,0.0,0.0
2008-04-25 00:00:00-04:00,93.60268587477645,97.94002782944288,93.60268587477645,95.70140075683594,68210,0.0,0.0
2008-04-28 00:00:00-04:00,95.35160685459839,95.35160685459839,93.88250229193275,94.51212310791016,39150,0.0,0.0
2008-04-29 00:00:00-04:00,94.3022512517611,97.38036193825099,93.88250403332376,96.47091674804688,71320,0.0,0.0
2008-04-30 00:00:00-04:00,96.47088132521137,97.45028758373505,94.65200228728672,95.56144714355469,36810,0.0,0.0
2008-05-01 00:00:00-04:00,95.77134802626475,98.63959586378118,94.72199062345855,98.2198486328125,38290,0.0,0.0
2008-05-02 00:00:00-04:00,98.4996745642307,98.91941108174596,96.89065789388586,97.38035583496094,23930,0.0,0.0
2008-05-05 00:00:00-04:00,96.75074461881772,96.75074461881772,94.58206860855205,95.00181579589844,21380,0.0,0.0
2008-05-06 00:00:00-04:00,94.79195120038777,96.33100657572929,94.65203901619589,95.84130859375,22120,0.0,0.0
2008-05-07 00:00:00-04:00,95.98122450889188,96.96063118553705,93.7425974509564,94.37220764160156,84700,0.0,0.0
2008-05-08 00:00:00-04:00,94.93187614250944,95.77136003509469,93.81256784393472,95.28166198730469,19300,0.0,0.0
2008-05-09 00:00:00-04:00,94.58208030446374,95.07177830051376,93.74259650057576,94.72199249267578,19610,0.0,0.0
2008-05-12 00:00:00-04:00,94.512137685227,96.40097907525946,94.30226404753081,96.05119323730469,13250,0.0,0.0
2008-05-13 00:00:00-04:00,96.05118657051253,96.82070895583146,95.28165351057768,95.70140075683594,36650,0.0,0.0
2008-05-14 00:00:00-04:00,96.12114400012565,97.17050151398999,95.42157232421611,96.05119323730469,28190,0.0,0.0
2008-05-15 00:00:00-04:00,95.91129088098945,97.030599272556,95.28166990327915,96.54090118408203,55800,0.0,0.0
2008-05-16 00:00:00-04:00,96.89066159864291,97.73014534038687,94.58207330288583,95.98121643066406,86540,0.0,0.0
2008-05-19 00:00:00-04:00,96.05120646680568,100.2486371003912,96.05120646680568,97.87008666992188,43750,0.0,0.0
2008-05-20 00:00:00-04:00,97.73014690213171,99.40912508706492,96.33100375199491,96.89066314697266,15640,0.0,0.0
2008-05-21 00:00:00-04:00,96.6807923735167,98.07993556466633,95.35161061177071,95.84130859375,28760,0.0,0.0
2008-05-22 00:00:00-04:00,95.63141637952732,98.00996574661522,94.8618941788389,97.31039428710938,38340,0.0,0.0
2008-05-23 00:00:00-04:00,93.46276092529297,94.79194256596627,91.36404632973651,93.46276092529297,60730,0.0,0.0
2008-05-27 00:00:00-04:00,93.74258526818805,95.35160192637088,92.69322797040982,93.46276092529297,33950,0.0,0.0
2008-05-28 00:00:00-04:00,93.35723870145394,95.04569561740946,93.35723870145394,94.20146179199219,43030,0.75,0.0
2008-05-29 00:00:00-04:00,93.84971972876961,96.10099605934852,93.49795914397681,96.0306396484375,29000,0.0,0.0
2008-05-30 00:00:00-04:00,95.8195422447271,96.38236109884902,94.83461730117133,95.32707977294922,46770,0.0,0.0
2008-06-02 00:00:00-04:00,95.60851904410357,95.60851904410357,92.09091332894332,93.84971618652344,49250,0.0,0.0
2008-06-03 00:00:00-04:00,93.49792974999285,95.11603007831582,93.35722770728601,94.69392395019531,36510,0.0,0.0
2008-06-04 00:00:00-04:00,94.7642711426159,96.45272788714338,94.13110657271679,96.10096740722656,36490,0.0,0.0
2008-06-05 00:00:00-04:00,96.3823608945871,97.29694018873735,95.81954204165795,96.66376495361328,35950,0.0,0.0
2008-06-06 00:00:00-04:00,96.17130888060463,97.01553184872128,95.32708591248797,95.60848999023438,34640,0.0,0.0
2008-06-09 00:00:00-04:00,95.32709866559348,95.46780072329015,92.6537166298409,93.14617919921875,26860,0.0,0.0
2008-06-10 00:00:00-04:00,92.86476898508873,93.63864635391575,91.73913112768183,92.02054595947266,36090,0.0,0.0
2008-06-11 00:00:00-04:00,92.16126186664287,92.58337881036567,91.31703871407707,91.4577407836914,32490,0.0,0.0
2008-06-12 00:00:00-04:00,92.2316168267562,93.00548356497474,90.47281414687815,90.8949203491211,19700,0.0,0.0
2008-06-13 00:00:00-04:00,91.1059799194336,91.38738405766527,89.62858672395778,91.1059799194336,22340,0.0,0.0
2008-06-16 00:00:00-04:00,91.31702498231289,92.4426521048416,90.8245624452767,92.02054595947266,21140,0.0,0.0
2008-06-17 00:00:00-04:00,92.09088167331873,92.1612380573897,90.89489828825168,91.59841918945312,21540,0.0,0.0
2008-06-18 00:00:00-04:00,91.31699908370457,91.31699908370457,89.62854814389848,89.98030853271484,20870,0.0,0.0
2008-06-19 00:00:00-04:00,89.8396316516847,90.47280700740285,88.78435012703325,89.5582275390625,16710,0.0,0.0
2008-06-20 00:00:00-04:00,88.99538059058456,88.99538059058456,86.60340881347656,86.60340881347656,33950,0.0,0.0
2008-06-23 00:00:00-04:00,87.02553435493336,87.02553435493336,85.82955095580333,85.97025299072266,13780,0.0,0.0
2008-06-24 00:00:00-04:00,85.47781860556334,85.75922813536603,82.31197347202396,82.73408508300781,32110,0.0,0.0
2008-06-25 00:00:00-04:00,83.50793610233431,86.25166892959051,83.08582459831928,84.91497802734375,39400,0.0,0.0
2008-06-26 00:00:00-04:00,84.28182397857309,84.28182397857309,78.44259711371528,79.1461181640625,95270,0.0,0.0
2008-06-27 00:00:00-04:00,78.86471657544855,80.20140777857958,78.86471657544855,79.49788665771484,314610,0.0,0.0
2008-06-30 00:00:00-04:00,79.14610450444783,82.80441118790016,79.14610450444783,80.55314636230469,59910,0.0,0.0
2008-07-01 00:00:00-04:00,80.2013996483634,80.7642186349769,77.87977803788229,79.99034118652344,57920,0.0,0.0
2008-07-02 00:00:00-04:00,79.7089196398169,80.97525403177319,76.89483605666274,76.9651870727539,41110,0.0,0.0
2008-07-03 00:00:00-04:00,77.03555301304682,78.30189301777135,75.76921300832231,76.61344146728516,20260,0.0,0.0
2008-07-07 00:00:00-04:00,77.38730464505805,78.30188402874793,75.20639076945784,75.55815124511719,40150,0.0,0.0
2008-07-08 00:00:00-04:00,75.83956940548218,76.82449455644624,75.13604837339956,76.61344146728516,41020,0.0,0.0
2008-07-09 00:00:00-04:00,76.40238084497604,77.73907184153096,74.71392934235084,74.92498779296875,35450,0.0,0.0
2008-07-10 00:00:00-04:00,74.64357722880474,75.62850770496186,73.7993541734925,73.86970520019531,39190,0.0,0.0
2008-07-11 00:00:00-04:00,73.23652261832548,76.75412702235108,72.1812412971178,75.98025512695312,42910,0.0,0.0
2008-07-14 00:00:00-04:00,76.61341467734493,78.5832696578998,74.22144293119335,74.71390533447266,32370,0.0,0.0
2008-07-15 00:00:00-04:00,73.9400524197271,73.9400524197271,71.05561753391726,71.19631958007812,55250,0.0,0.0
2008-07-16 00:00:00-04:00,71.40737655884902,75.55815124511719,71.12596710483376,75.55815124511719,32040,0.0,0.0
2008-07-17 00:00:00-04:00,76.12097558903942,78.44259720485863,74.57323142345304,78.30189514160156,38330,0.0,0.0
2008-07-18 00:00:00-04:00,79.14610666441318,80.90490903473348,74.2918110488414,76.47272491455078,84840,0.0,0.0
2008-07-21 00:00:00-04:00,76.61343386003635,78.16117782996074,76.47272644712751,77.87976837158203,25790,0.0,0.0
2008-07-22 00:00:00-04:00,76.96519974278446,81.88984682400088,75.34709926912333,81.46773529052734,35550,0.0,0.0
2008-07-23 00:00:00-04:00,82.10090097688722,84.84463403137823,81.53808738073485,82.52301788330078,53600,0.0,0.0
2008-07-24 00:00:00-04:00,84.28180904326918,91.45772033821518,79.14610413884007,80.62349700927734,104570,0.0,0.0
2008-07-25 00:00:00-04:00,81.81948896521202,84.63357277667329,81.18631903414546,83.85969543457031,65510,0.0,0.0
2008-07-28 00:00:00-04:00,84.14109917427353,87.09589019607945,83.64863668769183,84.35215759277344,65300,0.0,0.0
2008-07-29 00:00:00-04:00,84.28180786413014,87.72905605777572,84.28180786413014,86.25166320800781,47800,0.0,0.0
2008-07-30 00:00:00-04:00,86.67377702878863,88.57328677339608,85.12603311905407,87.51800537109375,48740,0.0,0.0
2008-07-31 00:00:00-04:00,86.81447571343524,88.64362888681845,86.32200788804553,87.30693817138672,29820,0.0,0.0
2008-08-01 00:00:00-04:00,87.6587157968759,88.5029442199433,85.68886021126389,87.79942321777344,39720,0.0,0.0
2008-08-04 00:00:00-04:00,88.22153474558749,89.34716727557141,86.2516737925362,87.79942321777344,35050,0.0,0.0
2008-08-05 00:00:00-04:00,88.85469864215794,92.3019470230001,88.78434225280286,91.73912811279297,43890,0.0,0.0
2008-08-06 00:00:00-04:00,91.7391101953581,91.80946657097198,87.65869267933317,88.29186248779297,35910,0.0,0.0
2008-08-07 00:00:00-04:00,87.51800918556603,87.51800918556603,83.93005333484484,84.00040435791016,57380,0.0,0.0
2008-08-08 00:00:00-04:00,84.21145818723473,86.18131905547843,84.21145818723473,85.12603759765625,58420,0.0,0.0
2008-08-11 00:00:00-04:00,85.26674039253527,87.09589922941335,84.77427785487677,86.67378234863281,40420,0.0,0.0
2008-08-12 00:00:00-04:00,86.88484785156189,86.95519888159751,84.00041268058499,84.70393371582031,35090,0.0,0.0
2008-08-13 00:00:00-04:00,84.7742616319432,86.4627127296355,84.35215019937965,85.61848449707031,26480,0.0,0.0
2008-08-14 00:00:00-04:00,85.19638106378919,87.09589073983159,84.35215811939607,85.97025299072266,53400,0.0,0.0
2008-08-15 00:00:00-04:00,86.39237488269093,90.19138372206932,85.33709345676607,89.69892120361328,72090,0.0,0.0
2008-08-18 00:00:00-04:00,90.191381775653,91.03560475119819,88.29187739695692,88.78433990478516,51420,0.0,0.0
2008-08-19 00:00:00-04:00,88.64363619176352,89.27680609519243,85.82955250313611,86.53307342529297,30560,0.0,0.0
2008-08-20 00:00:00-04:00,87.23659973696934,87.23659973696934,83.93005334552757,84.8446273803711,23620,0.0,0.0
2008-08-21 00:00:00-04:00,84.77427521068793,84.77427521068793,83.36723329847734,84.21145629882812,10040,0.0,0.0
2008-08-22 00:00:00-04:00,84.42250236136015,86.39236289676714,83.85968353197582,85.82954406738281,19570,0.0,0.0
2008-08-25 00:00:00-04:00,85.26674445922853,85.6185049650297,81.25667684007091,81.46773529052734,26240,0.0,0.0
2008-08-26 00:00:00-04:00,81.32702600065522,82.10089802216355,79.63857453808482,80.97526550292969,19330,0.0,0.0
2008-08-27 00:00:00-04:00,81.18629802969745,84.21143412389442,80.55312826244402,84.07073211669922,23130,0.0,0.0
2008-08-28 00:00:00-04:00,84.00039212806303,86.53306616174851,84.00039212806303,86.46271514892578,16640,0.0,0.0
2008-08-29 00:00:00-04:00,86.11096990651542,87.23660241254429,85.61850199501336,86.88484191894531,27500,0.0,0.0
2008-09-02 00:00:00-04:00,88.15116533085173,90.68383396943075,84.70391206581586,85.33708190917969,37490,0.0,0.0
2008-09-03 00:00:00-04:00,85.33707460261071,86.8848182050371,84.91495783155106,86.60340881347656,38080,0.0,0.0
2008-09-04 00:00:00-04:00,86.14334585855501,86.7096148914522,83.59514601120108,84.44454956054688,93700,0.75,0.0
2008-09-05 00:00:00-04:00,84.16138349306418,84.65686466084333,82.53336468406462,84.30294799804688,21990,0.0,0.0
2008-09-08 00:00:00-04:00,86.21412539920952,88.05449148188012,86.00177318183394,86.92195892333984,69860,0.0,0.0
2008-09-09 00:00:00-04:00,87.06352807990196,88.54997747924662,84.51532833811947,85.43550872802734,35670,0.0,0.0
2008-09-10 00:00:00-04:00,85.43550537937129,86.56804335385486,84.302972805229,86.21412658691406,30470,0.0,0.0
2008-09-11 00:00:00-04:00,85.5062822523733,86.56803241908153,84.51531435004415,85.86019897460938,35040,0.0,0.0
2008-09-12 00:00:00-04:00,84.09062399192423,85.86020778468071,83.73670723337294,85.15237426757812,22110,0.0,0.0
2008-09-15 00:00:00-04:00,83.38278425417346,85.64784917978349,80.9053671291384,81.11771392822266,37130,0.0,0.0
2008-09-16 00:00:00-04:00,80.05596470127927,82.60416412353516,77.9324642826759,82.60416412353516,64250,0.0,0.0
2008-09-17 00:00:00-04:00,81.61318620580445,83.87825073210513,80.1267318725586,80.1267318725586,54820,0.0,0.0
2008-09-18 00:00:00-04:00,82.1086903332337,85.64785802001101,79.63127295248958,83.45357513427734,79420,0.0,0.0
2008-09-19 00:00:00-04:00,90.2487547226409,92.72617151894869,82.321023134592,82.95806884765625,122810,0.0,0.0
2008-09-22 00:00:00-04:00,82.17949295024746,84.01985952288196,80.55147865152345,80.9053955078125,42350,0.0,0.0
2008-09-23 00:00:00-04:00,80.62224091176158,81.8963380376415,76.7999387334392,77.01229095458984,33300,0.0,0.0
2008-09-24 00:00:00-04:00,77.36620447871148,78.35716706828312,76.23366654718774,76.65837097167969,24060,0.0,0.0
2008-09-25 00:00:00-04:00,76.87073651151174,77.93248703073246,76.02133825627212,76.16290283203125,23990,0.0,0.0
2008-09-26 00:00:00-04:00,75.10114530735518,76.02133116498158,73.61469579917107,74.25174713134766,52440,0.0,0.0
2008-09-29 00:00:00-04:00,73.26076075421365,77.15384465902693,70.287862477947,71.42039489746094,221730,0.0,0.0
2008-09-30 00:00:00-04:00,71.91589423786696,74.039395083869,70.35866244426892,73.40234375,47760,0.0,0.0
2008-10-01 00:00:00-04:00,72.76529821885764,73.04842734628339,70.85414420668218,72.05746459960938,29850,0.0,0.0
2008-10-02 00:00:00-04:00,71.91587618872107,72.41136283530486,69.01376017428096,69.22611236572266,17360,0.0,0.0
2008-10-03 00:00:00-04:00,70.07553646689966,71.13728701942846,66.9610670994134,67.24420166015625,49550,0.0,0.0
2008-10-06 00:00:00-04:00,65.75775083014972,67.88125189850541,64.34208345124593,67.3857650756836,152400,0.0,0.0
2008-10-07 00:00:00-04:00,68.09359929225343,69.50926668211602,62.43092973280309,63.138763427734375,43750,0.0,0.0
2008-10-08 00:00:00-04:00,60.44898254297007,66.04086832511,60.09506578967439,62.57248306274414,62110,0.0,0.0
2008-10-09 00:00:00-04:00,63.35109225903022,64.41284240862291,56.34354019165039,56.34354019165039,40190,0.0,0.0
2008-10-10 00:00:00-04:00,53.86614719687629,60.236650935279755,52.52126199425586,54.998680114746094,118950,0.0,0.0
2008-10-13 00:00:00-04:00,56.980603511978245,58.25470612331443,55.21101955197892,56.272769927978516,27500,0.0,0.0
2008-10-14 00:00:00-04:00,58.39626524308033,58.53782978656345,53.01673158560419,54.5739631652832,63160,0.0,0.0
2008-10-15 00:00:00-04:00,54.57397132660169,55.70650404485589,50.82245635986328,50.82245635986328,35720,0.0,0.0
2008-10-16 00:00:00-04:00,50.89321517944336,52.02574737557853,47.77874758981702,50.89321517944336,59090,0.0,0.0
2008-10-17 00:00:00-04:00,49.61911349753442,52.94593326433916,47.8495302387041,50.25616455078125,39600,0.0,0.0
2008-10-20 00:00:00-04:00,50.5393049877015,51.53027281105646,49.76068934090123,50.751651763916016,21000,0.0,0.0
2008-10-21 00:00:00-04:00,50.114614960007074,50.539313988412324,48.34503117470091,48.41581344604492,24310,0.0,0.0
2008-10-22 00:00:00-04:00,47.49562525997025,48.486593208534,44.87664355336826,45.513694763183594,28750,0.0,0.0
2008-10-23 00:00:00-04:00,46.43387981259862,47.14171336279171,42.96549703675489,46.71701431274414,56490,0.0,0.0
2008-10-24 00:00:00-04:00,44.66429822365526,47.70798480544029,42.5407974643657,45.867618560791016,48650,0.0,0.0
2008-10-27 00:00:00-04:00,44.73507711992054,46.00917686222498,42.328442173212885,42.399227142333984,43650,0.0,0.0
2008-10-28 00:00:00-04:00,42.89471550417717,44.876651763916016,41.19591646747792,44.876651763916016,33150,0.0,0.0
2008-10-29 00:00:00-04:00,45.08900143301462,46.15074914633616,43.6025492340226,44.31038284301758,35090,0.0,0.0
2008-10-30 00:00:00-04:00,45.44290487598221,46.1507383189124,43.814891197447125,46.0799560546875,19710,0.0,0.0
2008-10-31 00:00:00-04:00,46.57544467319146,50.043824369848444,45.938393467564794,49.61912536621094,30750,0.0,0.0
2008-11-03 00:00:00-05:00,49.33599967926091,49.83148643865649,48.13268472136354,49.194435119628906,20820,0.0,0.0
2008-11-04 00:00:00-05:00,50.5393168285041,50.68088137914745,46.787796832699314,48.27424621582031,25800,0.0,0.0
2008-11-05 00:00:00-05:00,48.557377693346815,48.911294448255084,46.00917813807547,46.29231262207031,14410,0.0,0.0
2008-11-06 00:00:00-05:00,46.36310277488738,47.566417786007186,41.479049646777405,41.6206169128418,34590,0.0,0.0
2008-11-07 00:00:00-05:00,42.04531215751769,43.107062437251265,40.77120966170093,41.33747863769531,27320,0.0,0.0
2008-11-10 00:00:00-05:00,41.97453037592208,42.894713481600284,38.789279294610054,39.28476333618164,44660,0.0,0.0
2008-11-11 00:00:00-05:00,38.93083788313955,39.497104075951185,36.09950421891122,37.51517105102539,32630,0.0,0.0
2008-11-12 00:00:00-05:00,37.01968060172698,37.44438219668649,34.188347436009124,34.259132385253906,28130,0.0,0.0
2008-11-13 00:00:00-05:00,34.40070440140048,38.647705078125,32.91425524461502,38.647705078125,36540,0.0,0.0
2008-11-14 00:00:00-05:00,38.29378962812089,38.5061418291529,34.89618951382396,35.46245574951172,40500,0.0,0.0
2008-11-17 00:00:00-05:00,35.39167462813859,36.52420713617082,34.329924389294426,34.89619064331055,34770,0.0,0.0
2008-11-18 00:00:00-05:00,35.10853956934588,37.869091224670406,34.68384056091308,35.39167404174805,32290,0.0,0.0
2008-11-19 00:00:00-05:00,35.1793218190283,35.745588019903614,34.40070343017578,34.40070343017578,41980,0.0,0.0
2008-11-20 00:00:00-05:00,34.32993453176398,36.31186835645012,33.40975125960662,33.622100830078125,54500,0.0,0.0
2008-11-21 00:00:00-05:00,34.11757795303067,35.67481231689453,31.35702600344606,35.67481231689453,39160,0.0,0.0
2008-11-24 00:00:00-05:00,36.0287219573736,38.081437243837016,35.533238026099596,37.51517105102539,47710,0.0,0.0
2008-11-25 00:00:00-05:00,38.010660889227466,38.7184944152832,35.745593065814965,38.7184944152832,33270,0.0,0.0
2008-11-26 00:00:00-05:00,38.647711018228165,43.95646268008207,37.727527936874296,41.97452926635742,45480,0.0,0.0
2008-11-28 00:00:00-05:00,41.549830172589346,43.390196333486024,41.549830172589346,42.25766372680664,11340,0.0,0.0
2008-12-01 00:00:00-05:00,41.62060373082972,42.68235383978033,37.798304958709636,37.86908721923828,30410,0.0,0.0
2008-12-02 00:00:00-05:00,38.57692121641074,40.27572249683452,37.44438882957501,40.1341552734375,27100,0.0,0.0
2008-12-03 00:00:00-05:00,39.73963373467192,42.53718745921504,38.0897912013141,42.39372253417969,41490,0.75,0.0
2008-12-04 00:00:00-05:00,41.60466838086772,44.83261678972815,40.6004166702315,41.96332931518555,28790,0.0,0.0
2008-12-05 00:00:00-05:00,41.676390767820656,43.613159955857725,38.01805109647912,43.32623291015625,25400,0.0,0.0
2008-12-08 00:00:00-05:00,44.68915326411745,47.701905753731566,42.895848536533556,46.841121673583984,28840,0.0,0.0
2008-12-09 00:00:00-05:00,46.338981271404926,46.91284082725806,43.39796336130085,44.7608757019043,20360,0.0,0.0
2008-12-10 00:00:00-05:00,45.04782073345328,46.98459066699981,44.11530268733569,46.19553756713867,19680,0.0,0.0
2008-12-11 00:00:00-05:00,45.62167025644453,47.773635886208254,43.39797353356834,44.11529541015625,34110,0.0,0.0
2008-12-12 00:00:00-05:00,42.89585560485923,46.3390007019043,41.819872591009755,46.3390007019043,23590,0.0,0.0
2008-12-15 00:00:00-05:00,46.48245927668276,47.34324332995293,40.67215049891453,41.96332931518555,20820,0.0,0.0
2008-12-16 00:00:00-05:00,43.18278016994567,44.90435113766785,41.46120646585752,44.61742401123047,37420,0.0,0.0
2008-12-17 00:00:00-05:00,43.971839369718914,45.26301846111752,43.39798229980469,44.83262634277344,22870,0.0,0.0
2008-12-18 00:00:00-05:00,44.4739556234391,45.76513443297547,42.60891986926054,43.75663375854492,20440,0.0,0.0
2008-12-19 00:00:00-05:00,44.83261389751221,47.701901186952995,42.60891734274184,44.1870231628418,59300,0.0,0.0
2008-12-22 00:00:00-05:00,43.82837116115419,44.18703214524339,39.524439352083746,42.1068000793457,31490,0.0,0.0
2008-12-23 00:00:00-05:00,42.68064926421804,43.39797110059145,39.739630829633306,40.02655792236328,29330,0.0,0.0
2008-12-24 00:00:00-05:00,40.45695532557421,41.030812285124135,39.38097250028091,39.596168518066406,9760,0.0,0.0
2008-12-26 00:00:00-05:00,39.59617214147264,40.38522519101352,38.878850192302366,40.24176025390625,15320,0.0,0.0
2008-12-29 00:00:00-05:00,40.38521790348508,40.45695172727736,37.51593062456798,38.73537826538086,17460,0.0,0.0
2008-12-30 00:00:00-05:00,38.80710802473559,42.10678992438661,38.80710802473559,41.89159393310547,33830,0.0,0.0
2008-12-31 00:00:00-05:00,41.53292801387366,44.90433785450242,41.53292801387366,44.7608757019043,21120,0.0,0.0
2009-01-02 00:00:00-05:00,44.976083115077216,47.271513713657775,43.5414393330101,46.841121673583984,21070,0.0,0.0
2009-01-05 00:00:00-05:00,47.05632418214615,47.63018399656478,46.05207224327993,47.34325408935547,14640,0.0,0.0
2009-01-06 00:00:00-05:00,47.91710283474087,51.57544325655393,47.70190408586241,51.07331466674805,33580,0.0,0.0
2009-01-07 00:00:00-05:00,50.1408115521293,53.22529303197466,49.3517584048541,51.71891784667969,60000,0.0,0.0
2009-01-08 00:00:00-05:00,51.71890880528329,52.22103742775572,50.571194839639276,51.50371551513672,32390,0.0,0.0
2009-01-09 00:00:00-05:00,51.43198950302285,54.01435329671298,49.92561427185893,53.010101318359375,45420,0.0,0.0
2009-01-12 00:00:00-05:00,51.86238428482911,54.2295436694596,51.86238428482911,53.153560638427734,46020,0.0,0.0
2009-01-13 00:00:00-05:00,53.01007649484612,54.73164972688503,52.436216926589665,54.01432800292969,25670,0.0,0.0
2009-01-14 00:00:00-05:00,53.51221482222276,53.72741359006932,51.43198013305664,51.43198013305664,51210,0.0,0.0
2009-01-15 00:00:00-05:00,50.42774360373622,55.01860046386719,50.21254479409686,55.01860046386719,34500,0.0,0.0
2009-01-16 00:00:00-05:00,55.52070800041787,56.66842177731088,53.58393587122562,54.73165512084961,20750,0.0,0.0
2009-01-20 00:00:00-05:00,55.16206073511084,55.16206073511084,53.08182592199953,53.440486907958984,44120,0.0,0.0
2009-01-21 00:00:00-05:00,54.157801621960054,57.09882021814269,53.29701756010763,55.592445373535156,43950,0.0,0.0
2009-01-22 00:00:00-05:00,54.444744441604065,55.52072751170402,51.64718736479762,52.077579498291016,42790,0.0,0.0
2009-01-23 00:00:00-05:00,51.50372608719546,54.086084408152594,51.00159736165216,53.010101318359375,61840,0.0,0.0
2009-01-26 00:00:00-05:00,52.36448974609375,55.592437744140625,52.22102757971734,53.79913330078125,32660,0.0,0.0
2009-01-27 00:00:00-05:00,53.79915265714357,55.59245774571502,53.225292839707585,53.583953857421875,26470,0.0,0.0
2009-01-28 00:00:00-05:00,54.22952720599448,57.24228206188536,54.22952720599448,56.381492614746094,19450,0.0,0.0
2009-01-29 00:00:00-05:00,55.80764465356599,55.80764465356599,51.790637732950714,52.005836486816406,39340,0.0,0.0
2009-01-30 00:00:00-05:00,50.21252950032552,52.221032869431106,44.90434671574483,45.19127655029297,55810,0.0,0.0
2009-02-02 00:00:00-05:00,44.617429699541894,47.34325279822716,43.111051832323966,46.62593078613281,30820,0.0,0.0
2009-02-03 00:00:00-05:00,46.69765134075646,46.69765134075646,44.11529377528599,45.19127655029297,25920,0.0,0.0
2009-02-04 00:00:00-05:00,44.25875059732515,45.5499291438948,43.32623291015625,43.32623291015625,33370,0.0,0.0
2009-02-05 00:00:00-05:00,43.39796851319209,45.263004082022746,42.68064671958561,44.33048629760742,27660,0.0,0.0
2009-02-06 00:00:00-05:00,44.043572461451795,46.554199493767236,43.6849114568353,46.3390007019043,28780,0.0,0.0
2009-02-09 00:00:00-05:00,45.69339956304542,46.62591736303297,44.33048703788747,45.83686447143555,19750,0.0,0.0
2009-02-10 00:00:00-05:00,45.69340545313586,46.84112213183734,43.03931388307317,43.90010070800781,42240,0.0,0.0
2009-02-11 00:00:00-05:00,44.90434972345999,45.40647559936902,43.03931388307317,43.90010070800781,26010,0.0,0.0
2009-02-12 00:00:00-05:00,43.61316450400094,44.617416109596206,42.53718181359122,44.33048629760742,28660,0.0,0.0
2009-02-13 00:00:00-05:00,45.04781450342176,45.90860132554898,43.68490454338905,44.54568862915039,30230,0.0,0.0
2009-02-17 00:00:00-05:00,43.684903020145555,44.330491061955634,42.106794357333506,42.89584732055664,42930,0.0,0.0
2009-02-18 00:00:00-05:00,43.32624208479581,44.0435639554953,41.6046685005707,42.89584732055664,25760,0.0,0.0
2009-02-19 00:00:00-05:00,42.537196694225486,43.32625258504448,39.73964236232114,40.313499450683594,30140,0.0,0.0
2009-02-20 00:00:00-05:00,39.52444076538086,40.74388870216185,38.37672666980242,39.52444076538086,20980,0.0,0.0
2009-02-23 00:00:00-05:00,40.38522446963827,40.38522446963827,38.73538456328987,38.95058059692383,25080,0.0,0.0
2009-02-24 00:00:00-05:00,39.45270164232266,41.89159702021252,38.37671887025932,41.532936096191406,16560,0.0,0.0
2009-02-25 00:00:00-05:00,41.496596130748806,41.496596130748806,37.6448985175999,38.44430923461914,18290,0.75,0.0
2009-02-26 00:00:00-05:00,38.66232822675844,40.76985946282299,38.51698057579085,38.58965301513672,15100,0.0,0.0
2009-02-27 00:00:00-05:00,38.008272157375686,42.80472888571444,37.93559970469573,40.769866943359375,18790,0.0,0.0
2009-03-02 00:00:00-05:00,39.75243141160004,39.89777906242503,37.790245056152344,37.790245056152344,25780,0.0,0.0
2009-03-03 00:00:00-05:00,37.7902412036858,37.93558883969355,36.11875032028558,36.700138092041016,27760,0.0,0.0
2009-03-04 00:00:00-05:00,36.990842412523776,37.426882654932875,34.88330810556851,36.77281951904297,24540,0.0,0.0
2009-03-05 00:00:00-05:00,36.70014072986359,36.70014072986359,34.15656661987305,34.15656661987305,20620,0.0,0.0
2009-03-06 00:00:00-05:00,34.59260940409994,34.88330471900201,32.70309817406439,33.7932014465332,28130,0.0,0.0
2009-03-09 00:00:00-04:00,34.083894182783624,36.33677299986494,33.13913586696652,34.15656661987305,19550,0.0,0.0
2009-03-10 00:00:00-04:00,35.17399257551248,38.73499418046029,34.59260206898799,38.00825881958008,30960,0.0,0.0
2009-03-11 00:00:00-04:00,38.00827675695483,39.607095859882484,36.77282550595269,37.6449089050293,19130,0.0,0.0
2009-03-12 00:00:00-04:00,37.42687853858585,38.22628648583944,35.973407527378626,38.15361404418945,27740,0.0,0.0
2009-03-13 00:00:00-04:00,38.00827041231769,38.516985874550016,36.336779126933976,37.063514709472656,88230,0.0,0.0
2009-03-16 00:00:00-04:00,37.644905625790244,38.226293583771174,35.392026249010456,35.61004638671875,36950,0.0,0.0
2009-03-17 00:00:00-04:00,35.392024808300484,36.70014835357666,35.392024808300484,36.3367805480957,44120,0.0,0.0
2009-03-18 00:00:00-04:00,36.62746810913086,36.918160628306836,35.75538500705141,36.62746810913086,68490,0.0,0.0
2009-03-19 00:00:00-04:00,37.64490146659872,37.64490146659872,36.118757898979965,36.5547981262207,50890,0.0,0.0
2009-03-20 00:00:00-04:00,36.7001473903656,37.28153530942109,34.8106359603662,34.88330841064453,27790,0.0,0.0
2009-03-23 00:00:00-04:00,35.319348347977616,36.990842412523776,34.81063565592574,36.77281951904297,57850,0.0,0.0
2009-03-24 00:00:00-04:00,36.7001470694002,37.790250447699215,35.682716140743956,36.77281951904297,49570,0.0,0.0
2009-03-25 00:00:00-04:00,37.281535682701865,40.91521367852615,37.281535682701865,39.3163948059082,28880,0.0,0.0
2009-03-26 00:00:00-04:00,39.89778111328248,42.51402787351123,39.24371803708729,42.07798767089844,23900,0.0,0.0
2009-03-27 00:00:00-04:00,40.55184039630708,42.65937445785563,40.55184039630708,41.2785758972168,21830,0.0,0.0
2009-03-30 00:00:00-04:00,39.534404675934354,41.06054782236888,37.79023870377313,38.298954010009766,15670,0.0,0.0
2009-03-31 00:00:00-04:00,38.88035202026367,40.11580301274597,38.153616468483044,38.88035202026367,21010,0.0,0.0
2009-04-01 00:00:00-04:00,38.298960202533515,40.8425343727095,37.862917252852135,40.261146545410156,21070,0.0,0.0
2009-04-02 00:00:00-04:00,41.423928876767164,46.583750487594315,41.27858120344606,46.22038269042969,28350,0.0,0.0
2009-04-03 00:00:00-04:00,46.43839645385742,47.09245946903458,45.6389857939436,46.43839645385742,17830,0.0,0.0
2009-04-06 00:00:00-04:00,46.22038841250117,47.67385978109903,45.057612426533545,47.52851486206055,18330,0.0,0.0
2009-04-07 00:00:00-04:00,46.65642293811673,46.874445834236525,45.784342442742656,46.22038269042969,20040,0.0,0.0
2009-04-08 00:00:00-04:00,46.58375302159867,48.182574742825246,45.78434493326181,46.65642547607422,15680,0.0,0.0
2009-04-09 00:00:00-04:00,47.528504605312136,51.16218224265172,47.455832161475755,50.290096282958984,22750,0.0,0.0
2009-04-13 00:00:00-04:00,49.636038648580794,49.85405597967135,47.09246430732662,48.18256759643555,16400,0.0,0.0
2009-04-14 00:00:00-04:00,46.72910093319171,49.49069286491131,43.386115535911394,46.22038269042969,30900,0.0,0.0
2009-04-15 00:00:00-04:00,46.3657275764838,48.61860944683867,45.27562425052128,47.673851013183594,9940,0.0,0.0
2009-04-16 00:00:00-04:00,48.40058491686902,49.708711081332524,47.52850450359471,48.98197555541992,19010,0.0,0.0
2009-04-17 00:00:00-04:00,49.19999033522681,51.016829055797245,48.76395015120025,50.14474868774414,14690,0.0,0.0
2009-04-20 00:00:00-04:00,49.05464581080845,49.78138130430191,44.621560409408715,45.78433609008789,25980,0.0,0.0
2009-04-21 00:00:00-04:00,45.78434375122674,50.508125249369186,45.78434375122674,49.999412536621094,19030,0.0,0.0
2009-04-22 00:00:00-04:00,49.490694279320266,51.234860864468025,48.61861375902276,49.999412536621094,25750,0.0,0.0
2009-04-23 00:00:00-04:00,50.29010024836371,50.29010024836371,47.383157909277884,48.6912841796875,21230,0.0,0.0
2009-04-24 00:00:00-04:00,49.34534695142985,52.76100195687604,49.19999650881467,51.38020324707031,42410,0.0,0.0
2009-04-27 00:00:00-04:00,49.8540585704575,51.598225032582,48.76395522469872,49.41801834106445,21200,0.0,0.0
2009-04-28 00:00:00-04:00,49.41800815082474,53.85109306720908,49.41800815082474,52.25227737426758,29960,0.0,0.0
2009-04-29 00:00:00-04:00,52.979023789482206,56.68537406151709,52.83367334977255,55.52259826660156,27190,0.0,0.0
2009-04-30 00:00:00-04:00,55.2319152172895,61.91788168366627,55.2319152172895,60.02836990356445,83160,0.0,0.0
2009-05-01 00:00:00-04:00,60.68242515414145,61.77252860002422,60.17371243055062,61.118465423583984,72060,0.0,0.0
2009-05-04 00:00:00-04:00,61.33649083787163,62.35392187119629,59.81034706016118,61.554508209228516,29740,0.0,0.0
2009-05-05 00:00:00-04:00,62.499265332334986,73.69099534959393,62.499265332334986,69.62127685546875,81230,0.0,0.0
2009-05-06 00:00:00-04:00,70.49334203877156,70.49334203877156,67.29570479614374,68.53115844726562,41880,0.0,0.0
2009-05-07 00:00:00-04:00,69.54858443246842,69.98463016372295,62.935292557913456,64.09806823730469,25570,0.0,0.0
2009-05-08 00:00:00-04:00,64.53411505353856,65.40619544160587,61.77251791707222,62.35390853881836,30630,0.0,0.0
2009-05-11 00:00:00-04:00,61.04578277857752,62.86262155174946,59.301616447422056,62.28123092651367,25830,0.0,0.0
2009-05-12 00:00:00-04:00,63.371332976772834,63.371332976772834,58.429534935118184,59.22894287109375,20940,0.0,0.0
2009-05-13 00:00:00-04:00,58.356862787365934,58.42953522835538,55.37724280583237,55.95863342285156,27970,0.0,0.0
2009-05-14 00:00:00-04:00,55.95863441798998,60.02835217584249,55.95863441798998,58.5022087097168,27750,0.0,0.0
2009-05-15 00:00:00-04:00,58.42953723614408,61.2638068885397,58.42953723614408,59.44696807861328,23160,0.0,0.0
2009-05-18 00:00:00-04:00,60.60973858613295,65.11549622872936,60.02834799922626,65.0428237915039,29550,0.0,0.0
2009-05-19 00:00:00-04:00,64.24340702134941,65.26083763566018,62.78993629934852,63.298648834228516,26100,0.0,0.0
2009-05-20 00:00:00-04:00,63.95272481565264,65.2608509501572,61.11845522059401,62.28123092651367,39310,0.0,0.0
2009-05-21 00:00:00-04:00,61.55449284042048,62.13588344131781,60.24637230522901,61.84518814086914,20780,0.0,0.0
2009-05-22 00:00:00-04:00,62.06321877700495,62.208563673160796,58.93825360868275,60.24637985229492,16520,0.0,0.0
2009-05-26 00:00:00-04:00,59.8830045658061,62.717274042215145,59.15626908696028,61.84518814086914,33710,0.0,0.0
2009-05-27 00:00:00-04:00,62.24845353897678,63.78816679102429,61.29529478616796,61.95517349243164,30620,0.75,0.0
2009-05-28 00:00:00-04:00,62.83501697535473,63.27493990466931,59.755590033267204,62.39509963989258,25850,0.0,0.0
2009-05-29 00:00:00-04:00,62.688374948073964,62.688374948073964,60.12218416072591,61.80854034423828,29160,0.0,0.0
2009-06-01 00:00:00-04:00,63.27494522159373,65.91445505001423,62.17514899359745,64.96129608154297,25870,0.0,0.0
2009-06-02 00:00:00-04:00,64.30139667239945,67.89406432091545,63.64152362160865,67.60078430175781,36100,0.0,0.0
2009-06-03 00:00:00-04:00,67.82076369391547,68.11404379082184,65.18125400946333,65.9877700805664,34810,0.0,0.0
2009-06-04 00:00:00-04:00,66.28104047972099,67.45415510185242,65.32788170269758,67.3808364868164,33320,0.0,0.0
2009-06-05 00:00:00-04:00,67.89407389197937,69.14051275064769,66.06108050616,67.67411804199219,19730,0.0,0.0
2009-06-08 00:00:00-04:00,67.16087504785662,68.18735243991603,65.54784314165737,67.3808364868164,15150,0.0,0.0
2009-06-09 00:00:00-04:00,67.52746333942771,67.6007819431963,65.69447027595871,66.57431030273438,16680,0.0,0.0
2009-06-10 00:00:00-04:00,66.72095627081198,68.04071368733574,64.15476564501152,67.08755493164062,36310,0.0,0.0
2009-06-11 00:00:00-04:00,67.2342040366163,69.06719766459224,66.13440785983074,68.04072570800781,18500,0.0,0.0
2009-06-12 00:00:00-04:00,67.96738292724208,67.96738292724208,66.13438979982077,67.60078430175781,23050,0.0,0.0
2009-06-15 00:00:00-04:00,65.76778722590335,66.79426443440394,64.59467281355299,66.3543472290039,34900,0.0,0.0
2009-06-16 00:00:00-04:00,67.23419832040155,67.45415977459871,65.91444637677503,66.79428100585938,22870,0.0,0.0
2009-06-17 00:00:00-04:00,67.01422462060093,67.01422462060093,65.40118743820707,65.84111022949219,17780,0.0,0.0
2009-06-18 00:00:00-04:00,65.40119987318965,66.57432008119893,64.15476664449446,65.10792541503906,12250,0.0,0.0
2009-06-19 00:00:00-04:00,65.98776499689004,67.60079701482871,65.1079303678057,66.79428100585938,32370,0.0,0.0
2009-06-22 00:00:00-04:00,66.42768170295166,66.42768170295166,62.10181602956579,62.24845886230469,25270,0.0,0.0
2009-06-23 00:00:00-04:00,61.66189480821006,62.981652249895404,61.66189480821006,62.321773529052734,17440,0.0,0.0
2009-06-24 00:00:00-04:00,62.83500367150887,64.08144238424183,62.0284877949471,63.71484375,18900,0.0,0.0
2009-06-25 00:00:00-04:00,63.4215700922087,63.64153153238135,62.32177407904901,63.274932861328125,40090,0.0,0.0
2009-06-26 00:00:00-04:00,63.201613944771644,67.6741225812468,62.24846067652376,67.16088104248047,72070,0.0,0.0
2009-06-29 00:00:00-04:00,67.0875564328206,68.40731387887581,65.69448037172938,67.3808364868164,18600,0.0,0.0
2009-06-30 00:00:00-04:00,67.60078595727053,68.11402740182821,66.13439141942213,67.82074737548828,26450,0.0,0.0
2009-07-01 00:00:00-04:00,68.55394084734239,71.56004836465887,68.55394084734239,70.68021392822266,28180,0.0,0.0
2009-07-02 00:00:00-04:00,69.50712383245573,69.50712383245573,66.57433389174204,67.23420715332031,18310,0.0,0.0
2009-07-06 00:00:00-04:00,67.16087970028654,67.23419832040155,64.96128753372354,66.79428100585938,18370,0.0,0.0
2009-07-07 00:00:00-04:00,66.42767416310116,67.08755285089667,64.37472508244471,64.5213623046875,18350,0.0,0.0
2009-07-08 00:00:00-04:00,64.59466586512187,64.66798445915988,62.98163442088484,64.37471008300781,19940,0.0,0.0
2009-07-09 00:00:00-04:00,64.74132554383311,65.03459999652665,60.92869612644943,61.95517349243164,33910,0.0,0.0
2009-07-10 00:00:00-04:00,61.58858134515776,65.25456832998859,61.58858134515776,63.86149215698242,14580,0.0,0.0
2009-07-13 00:00:00-04:00,64.1547487070436,65.32786299320237,62.615035856844585,64.37471008300781,19390,0.0,0.0
2009-07-14 00:00:00-04:00,64.22807748765315,65.91443338723437,63.641523048471335,65.25455474853516,20320,0.0,0.0
2009-07-15 00:00:00-04:00,66.13438979982077,67.74742710826219,65.7677911743365,67.60078430175781,27890,0.0,0.0
2009-07-16 00:00:00-04:00,67.67410641090616,71.12013114644076,67.30750779674925,70.68021392822266,15690,0.0,0.0
2009-07-17 00:00:00-04:00,70.9735097716087,70.9735097716087,67.82075874898011,69.06719207763672,22030,0.0,0.0
2009-07-20 00:00:00-04:00,69.72706736014841,74.05293287456149,69.58043012665043,73.9796142578125,47530,0.0,0.0
2009-07-21 00:00:00-04:00,73.97960952399457,74.93276266844471,72.80649494952048,74.63948822021484,16500,0.0,0.0
2009-07-22 00:00:00-04:00,74.4195267901909,75.51932275260752,73.75964809397063,74.63948822021484,27530,0.0,0.0
2009-07-23 00:00:00-04:00,74.12624060757527,79.40526414617759,73.75964198380503,79.185302734375,39420,0.0,0.0
2009-07-24 00:00:00-04:00,78.23217138983317,79.91852788550898,75.73930435289054,78.59877014160156,20290,0.0,0.0
2009-07-27 00:00:00-04:00,78.2321689565828,78.5987676969489,76.76577399511844,77.79225158691406,13320,0.0,0.0
2009-07-28 00:00:00-04:00,77.2789910095399,79.33193994634267,75.95923372642655,79.185302734375,16580,0.0,0.0
2009-07-29 00:00:00-04:00,78.89203914066664,78.89203914066664,76.76576556137233,77.2056884765625,10900,0.0,0.0
2009-07-30 00:00:00-04:00,77.5722846543059,79.91851402105287,76.32584575821679,78.81871795654297,35890,0.0,0.0
2009-07-31 00:00:00-04:00,78.81871144317546,82.63133524753727,78.81871144317546,79.33194732666016,25720,0.0,0.0
2009-08-03 00:00:00-04:00,80.2117929632922,91.42970930735746,80.2117929632922,90.91647338867188,79050,0.0,0.0
2009-08-04 00:00:00-04:00,90.03663163333454,94.43581548003456,89.3034343255512,93.2626953125,44160,0.0,0.0
2009-08-05 00:00:00-04:00,92.82276547094499,96.19547151104284,92.82276547094499,94.14251708984375,50200,0.0,0.0
2009-08-06 00:00:00-04:00,94.94907176895455,96.04886796705055,92.52951789560225,93.92259979248047,35020,0.0,0.0
2009-08-07 00:00:00-04:00,96.12218971792174,99.42157822740137,95.82890402667823,97.73522186279297,37140,0.0,0.0
2009-08-10 00:00:00-04:00,96.26881794834722,96.6354166372688,94.58246174176713,95.02238464355469,37720,0.0,0.0
2009-08-11 00:00:00-04:00,94.36249789514436,95.60893116829173,91.13643398962127,92.74946594238281,18760,0.0,0.0
2009-08-12 00:00:00-04:00,92.38286564467978,97.88184574257738,92.38286564467978,96.41545104980469,36400,0.0,0.0
2009-08-13 00:00:00-04:00,95.90220740656932,98.39507370805319,94.72908727192824,97.95516204833984,16580,0.0,0.0
2009-08-14 00:00:00-04:00,97.51524173615041,97.51524173615041,93.48265655157276,94.80241394042969,17650,0.0,0.0
2009-08-17 00:00:00-04:00,93.11605598409139,93.48265462969805,90.25658542958917,90.69650268554688,19260,0.0,0.0
2009-08-18 00:00:00-04:00,91.42968965612066,95.31563709844367,90.47653664144669,94.14251708984375,19770,0.0,0.0
2009-08-19 00:00:00-04:00,93.11603670091351,95.82886387906932,91.79627961249432,93.6292724609375,26710,0.0,0.0
2009-08-20 00:00:00-04:00,93.92258943986383,99.8614815423446,93.48266653403374,99.42156982421875,26020,0.0,0.0
2009-08-21 00:00:00-04:00,101.1079112412034,104.26066211964354,100.30140085964213,100.5213623046875,65660,0.0,0.0
2009-08-24 00:00:00-04:00,100.59466717385857,101.54782589999112,99.49487122548321,100.81462860107422,24760,0.0,0.0
2009-08-25 00:00:00-04:00,101.62117258799587,102.79428181318404,100.37472795390693,101.10792541503906,19350,0.0,0.0
2009-08-26 00:00:00-04:00,101.25456075160938,102.35435680095615,99.64151759573758,101.03459930419922,14990,0.0,0.0
2009-08-27 00:00:00-04:00,100.66798833183849,102.06105868253434,97.14863916601954,100.22806549072266,15550,0.0,0.0
2009-08-28 00:00:00-04:00,100.88796935451201,102.42767722217116,97.95517967778439,98.83501434326172,14540,0.0,0.0
2009-08-31 00:00:00-04:00,97.73521157900934,98.32177171207283,95.02238354975769,95.60893249511719,34210,0.0,0.0
2009-09-01 00:00:00-04:00,94.87573159227857,98.3950810718852,93.70262255754542,94.21585845947266,39480,0.0,0.0
2009-09-02 00:00:00-04:00,93.77592824072785,94.3624826772051,90.69649647228103,91.06309509277344,29890,0.0,0.0
2009-09-03 00:00:00-04:00,87.41173113811239,89.62468635679878,84.46112417986386,88.81327056884766,40150,0.75,0.0
2009-09-04 00:00:00-04:00,88.88704829653378,89.32963828281633,85.86267682445978,89.03457641601562,32950,0.0,0.0
2009-09-08 00:00:00-04:00,89.624690523949,89.99351641087883,86.89538121180281,88.66574096679688,20850,0.0,0.0
2009-09-09 00:00:00-04:00,88.88704304559992,91.46882437887461,87.92809344210609,91.0999984741211,18340,0.0,0.0
2009-09-10 00:00:00-04:00,90.65740672052071,94.12436790548276,89.99351897953063,93.68177795410156,23680,0.0,0.0
2009-09-11 00:00:00-04:00,93.60803745341893,93.75556559838752,91.69014342963732,92.42779541015625,20850,0.0,0.0
2009-09-14 00:00:00-04:00,91.61634193738176,95.8209545161551,90.43610030367661,95.0095443725586,21150,0.0,0.0
2009-09-15 00:00:00-04:00,94.64073139237007,96.04226535750786,93.23919179939548,95.89473724365234,16610,0.0,0.0
2009-09-16 00:00:00-04:00,96.48486365295773,98.2552235800794,96.26356584814904,98.18146514892578,18710,0.0,0.0
2009-09-17 00:00:00-04:00,97.81263877932727,99.43547058105469,96.85368913331938,99.43547058105469,25280,0.0,0.0
2009-09-18 00:00:00-04:00,99.58300215474675,99.58300215474675,97.96017029669314,98.47652435302734,48270,0.0,0.0
2009-09-21 00:00:00-04:00,97.73886953930841,98.69781918969679,96.77991988892003,98.18146514892578,19810,0.0,0.0
2009-09-22 00:00:00-04:00,99.50921674983883,99.87804262549527,98.4027391228695,99.73051452636719,22570,0.0,0.0
2009-09-23 00:00:00-04:00,100.46817630721489,102.38607555435738,99.28794014069717,100.32064819335938,28450,0.0,0.0
2009-09-24 00:00:00-04:00,100.68947256457055,100.98452878776513,95.74720766418419,97.2225112915039,20290,0.0,0.0
2009-09-25 00:00:00-04:00,96.41107057417163,97.8126154941243,95.8209469897532,97.73884582519531,21720,0.0,0.0
2009-09-28 00:00:00-04:00,98.10767093073848,101.20580565636442,97.59131701907934,99.28791809082031,20010,0.0,0.0
2009-09-29 00:00:00-04:00,99.73051101059744,102.97618535535882,99.73051101059744,101.94346618652344,29190,0.0,0.0
2009-09-30 00:00:00-04:00,102.01725006103516,103.12372780300804,98.77157526451049,102.01725006103516,23580,0.0,0.0
2009-10-01 00:00:00-04:00,101.35335469459505,101.64842217346306,96.63238758944134,97.2225112915039,20950,0.0,0.0
2009-10-02 00:00:00-04:00,96.0422592163086,97.07497845860956,95.08330965405516,96.0422592163086,16610,0.0,0.0
2009-10-05 00:00:00-04:00,96.04227133347278,99.14040693990592,95.67344539804803,98.69782257080078,17120,0.0,0.0
2009-10-06 00:00:00-04:00,99.36170812071211,101.20583786035293,98.32899996878312,99.21417999267578,33520,0.0,0.0
2009-10-07 00:00:00-04:00,99.21415446583305,100.61568820508911,99.14038479295776,99.87803649902344,17030,0.0,0.0
2009-10-08 00:00:00-04:00,100.54193759206854,102.82865130496646,100.54193759206854,101.35334777832031,27920,0.0,0.0
2009-10-09 00:00:00-04:00,100.83698710464397,102.16476244166279,100.83698710464397,101.79593658447266,11620,0.0,0.0
2009-10-12 00:00:00-04:00,102.45982360839844,103.4925428121614,102.09099773327004,102.45982360839844,29830,0.0,0.0
2009-10-13 00:00:00-04:00,101.94348188822036,103.049959646607,99.8780544880972,100.6894760131836,45560,0.0,0.0
2009-10-14 00:00:00-04:00,102.23852644451735,103.1237062015411,101.13204893431985,102.16475677490234,26120,0.0,0.0
2009-10-15 00:00:00-04:00,101.64839876831549,103.86135369974905,101.35333135738851,102.68110656738281,27960,0.0,0.0
2009-10-16 00:00:00-04:00,101.50089603870187,102.53360409566936,97.81263689856986,100.54194641113281,21560,0.0,0.0
2009-10-19 00:00:00-04:00,100.61566777848704,106.8119476048971,100.54190937625769,104.74652099609375,39620,0.0,0.0
2009-10-20 00:00:00-04:00,105.77925133985718,105.77925133985718,100.02557697222886,101.79593658447266,23940,0.0,0.0
2009-10-21 00:00:00-04:00,98.84534193225878,106.66445557245305,98.84534193225878,103.93513488769531,42200,0.0,0.0
2009-10-22 00:00:00-04:00,104.52526326808545,105.26291510661206,103.49255519641773,103.64008331298828,28660,0.0,0.0
2009-10-23 00:00:00-04:00,103.93511532241092,104.37771082464253,96.77989640747425,97.73884582519531,42800,0.0,0.0
2009-10-26 00:00:00-04:00,97.37002339602437,99.58297847320674,94.64071438530043,95.52589416503906,25270,0.0,0.0
2009-10-27 00:00:00-04:00,95.5259023371198,96.55861029254939,93.31294707062283,93.38671112060547,18570,0.0,0.0
2009-10-28 00:00:00-04:00,93.23919305182245,93.46048522557821,86.23150062065613,86.60032653808594,26740,0.0,0.0
2009-10-29 00:00:00-04:00,87.11668851104226,88.14940229953314,86.67409849535684,87.1904525756836,40010,0.0,0.0
2009-10-30 00:00:00-04:00,87.11668057135292,88.59198424107214,85.27255098420387,86.60032653808594,32280,0.0,0.0
2009-11-02 00:00:00-05:00,86.67407526324419,86.96913707055857,83.05958078627364,84.23982238769531,27860,0.0,0.0
2009-11-03 00:00:00-05:00,82.61698255258854,84.01852177502987,79.37131425531264,82.17439270019531,46430,0.0,0.0
2009-11-04 00:00:00-05:00,82.10064956335985,82.54323952842444,75.38801351983933,75.90437316894531,50260,0.0,0.0
2009-11-05 00:00:00-05:00,76.12565709577265,81.14169116433897,76.12565709577265,80.77286529541016,47610,0.0,0.0
2009-11-06 00:00:00-05:00,79.51885375033856,81.51051104510272,78.33860655420425,79.6663818359375,38830,0.0,0.0
2009-11-09 00:00:00-05:00,80.18274388418628,81.3629911998547,79.59262585418837,79.88768768310547,19870,0.0,0.0
2009-11-10 00:00:00-05:00,79.15003648568948,79.59262641828376,77.37967112747607,77.74849700927734,36570,0.0,0.0
2009-11-11 00:00:00-05:00,78.63367757719327,78.63367757719327,74.57659284112214,77.08460998535156,30810,0.0,0.0
2009-11-12 00:00:00-05:00,77.08460409664413,78.19108166740935,75.90436248006175,75.9781265258789,21090,0.0,0.0
2009-11-13 00:00:00-05:00,76.12565963019001,77.08460917246526,73.76517624159355,76.273193359375,22660,0.0,0.0
2009-11-16 00:00:00-05:00,77.15836365039098,79.59261641548949,76.56824569037374,78.6336669921875,17510,0.0,0.0
2009-11-17 00:00:00-05:00,78.04354764538029,78.48613751448754,75.90435671222042,77.6009521484375,18670,0.0,0.0
2009-11-18 00:00:00-05:00,77.3059241106648,78.19110417089844,74.72414236917288,74.9454345703125,20460,0.0,0.0
2009-11-19 00:00:00-05:00,72.80621179191674,74.6503408203628,71.9947961449675,73.91268920898438,20790,0.0,0.0
2009-11-20 00:00:00-05:00,73.39636179645409,75.68308149067566,73.39636179645409,74.6503677368164,20640,0.0,0.0
2009-11-23 00:00:00-05:00,75.38801233837233,77.6747374397363,74.50283242211553,74.87165832519531,15370,0.0,0.0
2009-11-24 00:00:00-05:00,74.87165874873436,75.24048465390054,73.39635512806964,75.09295654296875,24150,0.0,0.0
2009-11-25 00:00:00-05:00,74.65034898948873,75.53553439671144,73.91269729738772,74.13399505615234,10060,0.0,0.0
2009-11-27 00:00:00-05:00,71.62598959964794,73.10129321911684,71.0358715285624,72.14234924316406,8400,0.0,0.0
2009-11-30 00:00:00-05:00,71.69974431164867,71.69974431164867,68.23278350882133,70.8883285522461,27090,0.0,0.0
2009-12-01 00:00:00-05:00,71.77354141238351,73.8389636230547,71.4784794886196,72.43742370605469,43300,0.0,0.0
2009-12-02 00:00:00-05:00,72.47458314686675,75.81956390749137,72.47458314686675,74.18424224853516,21920,0.75,0.0
2009-12-03 00:00:00-05:00,74.92756321942984,76.78588566365032,74.55589873058574,75.44789123535156,33970,0.0,0.0
2009-12-04 00:00:00-05:00,77.23188307442375,79.75920277070053,75.74522509674918,77.6778793334961,28480,0.0,0.0
2009-12-07 00:00:00-05:00,77.08320007407207,78.79285871078459,76.63720389484462,77.45486450195312,15100,0.0,0.0
2009-12-08 00:00:00-05:00,76.63720104061717,78.34685961365624,76.19120487800012,77.30619812011719,15760,0.0,0.0
2009-12-09 00:00:00-05:00,77.45487361433102,78.12387079745264,75.89388396781375,77.8265380859375,20950,0.0,0.0
2009-12-10 00:00:00-05:00,77.82653378112309,78.71853186632949,77.30620581811479,77.6035385131836,16600,0.0,0.0
2009-12-11 00:00:00-05:00,78.34686566616398,79.38752724009696,77.5292050263414,78.49552917480469,27200,0.0,0.0
2009-12-14 00:00:00-05:00,79.31318699287219,79.31318699287219,77.67786577140748,78.64419555664062,13800,0.0,0.0
2009-12-15 00:00:00-05:00,78.4211988886562,82.13784338574891,78.4211988886562,81.0228500366211,24180,0.0,0.0
2009-12-16 00:00:00-05:00,81.24586293582142,83.47584996237298,81.17152549801615,81.5431900024414,70540,0.0,0.0
2009-12-17 00:00:00-05:00,80.50252364024789,80.79985066887501,78.56986392727424,79.23886108398438,28690,0.0,0.0
2009-12-18 00:00:00-05:00,79.90786155422795,80.8741914507855,77.60354295991739,78.71853637695312,67000,0.0,0.0
2009-12-21 00:00:00-05:00,79.01586735663437,80.87418967761684,78.71853465104725,79.9078598022461,19720,0.0,0.0
2009-12-22 00:00:00-05:00,80.05653860794712,80.50254058707611,79.53621052716429,80.20520782470703,15250,0.0,0.0
2009-12-23 00:00:00-05:00,80.72551583635625,81.0971802791306,79.46185899938324,80.65118408203125,10740,0.0,0.0
2009-12-24 00:00:00-05:00,81.09719566016787,81.39452840500986,80.5025358416343,81.24586486816406,4990,0.0,0.0
2009-12-28 00:00:00-05:00,81.46885678030985,82.2865175412075,80.35386328695392,81.17152404785156,26770,0.0,0.0
2009-12-29 00:00:00-05:00,81.09719228252455,81.6918577474411,80.6511960194122,81.17152404785156,17210,0.0,0.0
2009-12-30 00:00:00-05:00,81.02286051719751,82.3608549776847,80.2795315216269,81.17152404785156,14570,0.0,0.0
2009-12-31 00:00:00-05:00,81.24585274846763,81.9891816641127,80.130859375,80.130859375,15270,0.0,0.0
2010-01-04 00:00:00-05:00,81.61750946658219,83.47583157947204,81.17150762256941,81.98917388916016,26880,0.0,0.0
2010-01-05 00:00:00-05:00,81.61752936244345,82.80685467038434,79.7592067965513,80.94853210449219,29370,0.0,0.0
2010-01-06 00:00:00-05:00,81.09719228252455,82.2865175412075,80.72552778473923,81.17152404785156,26760,0.0,0.0
2010-01-07 00:00:00-05:00,81.24584486157863,81.91483628379764,80.05651417508037,81.3945083618164,16390,0.0,0.0
2010-01-08 00:00:00-05:00,81.02286482049557,82.2865219116211,80.50253676442047,82.2865219116211,17650,0.0,0.0
2010-01-11 00:00:00-05:00,82.50951850833876,82.73251947547,80.79985955006626,81.17152404785156,11260,0.0,0.0
2010-01-12 00:00:00-05:00,80.94853349816492,81.39452978742757,79.68487072891182,80.4281997680664,12700,0.0,0.0
2010-01-13 00:00:00-05:00,80.35385431496556,81.69184862605768,80.35385431496556,81.09718322753906,9390,0.0,0.0
2010-01-14 00:00:00-05:00,81.0971956413034,81.69186113084905,80.35386661494654,80.94853210449219,9110,0.0,0.0
2010-01-15 00:00:00-05:00,80.87418822663753,81.02285174118906,78.04953608096193,79.83352661132812,23430,0.0,0.0
2010-01-19 00:00:00-05:00,79.75918260587086,80.6511748985008,79.31318078840721,80.27951049804688,13240,0.0,0.0
2010-01-20 00:00:00-05:00,79.61053185255486,80.13086553620424,77.82654118360699,79.75920104980469,26990,0.0,0.0
2010-01-21 00:00:00-05:00,79.75919628502736,80.9485214362262,79.38753182083087,79.9078598022461,22150,0.0,0.0
2010-01-22 00:00:00-05:00,79.90785519648259,83.02983424732729,79.90785519648259,80.65118408203125,24640,0.0,0.0
2010-01-25 00:00:00-05:00,81.17152882107708,81.39452980132171,78.79287816383655,80.72553253173828,14020,0.0,0.0
2010-01-26 00:00:00-05:00,81.02284844895678,81.02284844895678,79.38752717074031,80.35385131835938,14250,0.0,0.0
2010-01-27 00:00:00-05:00,79.83352024725798,80.72551260575955,78.49552603835652,79.31318664550781,13800,0.0,0.0
2010-01-28 00:00:00-05:00,79.16454313984033,79.75920864315381,76.19122696557403,78.8672103881836,21300,0.0,0.0
2010-01-29 00:00:00-05:00,79.46185899441731,80.57685232267065,78.12386473205358,78.49552917480469,20010,0.0,0.0
2010-02-01 00:00:00-05:00,78.4955458783139,79.90787219553486,77.52922152422103,79.16454315185547,14260,0.0,0.0
2010-02-02 00:00:00-05:00,79.0902197160334,82.21219976001255,77.08322768391727,81.6918716430664,32180,0.0,0.0
2010-02-03 00:00:00-05:00,86.15182145337805,94.997436580687,86.15182145337805,92.84178161621094,64340,0.0,0.0
2010-02-04 00:00:00-05:00,92.69309505927787,92.91609595803654,86.74646491796354,88.45612335205078,60760,0.0,0.0
2010-02-05 00:00:00-05:00,88.15881047658868,90.38879727956049,85.85449191441442,90.16580200195312,31490,0.0,0.0
2010-02-08 00:00:00-05:00,89.79413142305967,90.38879112735418,85.55715338310833,86.22615051269531,31830,0.0,0.0
2010-02-09 00:00:00-05:00,87.19247281331829,88.9021256958223,85.33415076419513,88.38179779052734,20270,0.0,0.0
2010-02-10 00:00:00-05:00,87.78712291465108,87.78712291465108,85.48280495868995,87.11812591552734,16920,0.0,0.0
2010-02-11 00:00:00-05:00,87.26682388878467,89.05081458528838,85.78016592022327,88.90214538574219,14220,0.0,0.0
2010-02-12 00:00:00-05:00,88.01015145947844,89.19947668099503,87.63848697330762,88.82781219482422,33900,0.0,0.0
2010-02-16 00:00:00-05:00,88.90213021342643,89.199462890625,88.15880135600456,89.199462890625,12400,0.0,0.0
2010-02-17 00:00:00-05:00,88.97646196493879,89.199462890625,88.60479753622786,89.199462890625,19690,0.0,0.0
2010-02-18 00:00:00-05:00,88.9764750864233,92.02412838821397,88.7534797990008,91.94979095458984,44930,0.0,0.0
2010-02-19 00:00:00-05:00,92.24710867615659,92.24710867615659,89.4224624633789,89.4224624633789,33720,0.0,0.0
2010-02-22 00:00:00-05:00,89.94280860236077,90.38880486615896,89.05081607476437,89.5711441040039,21420,0.0,0.0
2010-02-23 00:00:00-05:00,89.71979705365037,90.16579893599886,88.30747666337852,89.12513732910156,20490,0.0,0.0
2010-02-24 00:00:00-05:00,89.68615479083262,91.33177000624879,89.38695046798028,90.65856170654297,16280,0.75,0.0
2010-02-25 00:00:00-05:00,89.53654985380206,90.8829664543839,88.48934328318039,89.98535919189453,17730,0.0,0.0
2010-02-26 00:00:00-05:00,90.35934927587508,90.50894856100574,88.3397246855296,88.9381332397461,14530,0.0,0.0
2010-03-01 00:00:00-05:00,88.48934299433789,90.88296615772823,88.48934299433789,90.80816650390625,23370,0.0,0.0
2010-03-02 00:00:00-05:00,91.33176189025922,92.6781783700246,90.73335900457803,91.63096618652344,21820,0.0,0.0
2010-03-03 00:00:00-05:00,92.22936525172167,92.22936525172167,89.68613755646311,90.13494110107422,25190,0.0,0.0
2010-03-04 00:00:00-05:00,90.5837457074658,91.18215424519268,89.68613860772224,90.06014251708984,19000,0.0,0.0
2010-03-05 00:00:00-05:00,90.3593496474703,92.30416889640142,90.20974465487747,92.1545639038086,35330,0.0,0.0
2010-03-08 00:00:00-05:00,92.22935706730406,93.1269640768728,91.33174435088914,92.75296020507812,17170,0.0,0.0
2010-03-09 00:00:00-05:00,92.15458763638658,93.50100438223005,91.63098429458545,92.2293930053711,16920,0.0,0.0
2010-03-10 00:00:00-05:00,92.8277861760686,93.20179015397932,91.10737130178802,92.37898254394531,17300,0.0,0.0
2010-03-11 00:00:00-05:00,91.63095929350581,93.42617922919693,90.50894754705473,93.20177459716797,16340,0.0,0.0
2010-03-12 00:00:00-05:00,93.20177602457056,93.27657566744351,91.33175641851238,92.1545639038086,28890,0.0,0.0
2010-03-15 00:00:00-04:00,92.00495246148878,93.27656334285219,90.80814121311508,92.75296020507812,10190,0.0,0.0
2010-03-16 00:00:00-04:00,92.82775983806782,93.50096794866747,91.63094858969411,92.75296020507812,7580,0.0,0.0
2010-03-17 00:00:00-04:00,93.20177459716797,93.5009788709243,92.07976285071689,93.20177459716797,21400,0.0,0.0
2010-03-18 00:00:00-04:00,93.72540122575472,94.17420486783134,91.70577627613804,92.902587890625,12890,0.0,0.0
2010-03-19 00:00:00-04:00,92.75296020507812,94.54817993106178,91.40654398387885,92.75296020507812,33440,0.0,0.0
2010-03-22 00:00:00-04:00,92.15456898504625,93.50098545838591,90.50895392371756,93.27658081054688,53030,0.0,0.0
2010-03-23 00:00:00-04:00,93.05218898529779,94.6230045197502,92.15457603214807,94.2490005493164,24980,0.0,0.0
2010-03-24 00:00:00-04:00,93.50099260844881,95.0718081429012,92.678185014864,94.2490005493164,26330,0.0,0.0
2010-03-25 00:00:00-04:00,94.77260571983473,95.52061367565615,92.22938323552015,92.37898254394531,14700,0.0,0.0
2010-03-26 00:00:00-04:00,92.37896032581517,94.7725829260127,91.48135327745271,94.09938049316406,17460,0.0,0.0
2010-03-29 00:00:00-04:00,94.9222083425349,95.37101196334582,93.27658745709799,95.2214126586914,20020,0.0,0.0
2010-03-30 00:00:00-04:00,95.81981737534873,98.66223828871377,95.81981737534873,97.24102783203125,24520,0.0,0.0
2010-03-31 00:00:00-04:00,97.09142430451647,99.48504721800015,95.8198132017621,96.19381713867188,25200,0.0,0.0
2010-04-01 00:00:00-04:00,97.1662207840005,97.4654307895675,94.84740316275324,96.418212890625,18220,0.0,0.0
2010-04-05 00:00:00-04:00,96.56781407369249,99.41023465715453,95.96940553528708,99.26063537597656,13730,0.0,0.0
2010-04-06 00:00:00-04:00,98.6622469234759,100.3826675415039,97.98904431427603,100.3826675415039,17860,0.0,0.0
2010-04-07 00:00:00-04:00,99.7842701180114,101.5794963008652,99.11106743300195,101.05589294433594,22720,0.0,0.0
2010-04-08 00:00:00-04:00,100.30785785620512,100.53225108160495,97.91422359079552,98.6622314453125,19880,0.0,0.0
2010-04-09 00:00:00-04:00,98.51261989031906,98.73702450147002,96.41819587573116,98.5874252319336,16970,0.0,0.0
2010-04-12 00:00:00-04:00,98.51262755639317,99.93384926181773,96.49300872625675,99.26063537597656,18880,0.0,0.0
2010-04-13 00:00:00-04:00,98.73705000382051,99.18585934204339,97.01662942556028,98.13864135742188,14070,0.0,0.0
2010-04-14 00:00:00-04:00,98.88663948331948,101.87867100422898,98.7370401900129,101.65426635742188,17780,0.0,0.0
2010-04-15 00:00:00-04:00,101.35505982346292,103.075480095825,101.35505982346292,102.62667083740234,12200,0.0,0.0
2010-04-16 00:00:00-04:00,102.62667802877728,103.6738959005808,100.08345582268684,100.2330551147461,22890,0.0,0.0
2010-04-19 00:00:00-04:00,99.70945523923164,101.80387963958634,98.66223733220691,100.53225708007812,20200,0.0,0.0
2010-04-20 00:00:00-04:00,100.83148824476707,102.62670301392372,99.70947616061989,101.05589294433594,24300,0.0,0.0
2010-04-21 00:00:00-04:00,101.13065850034269,102.02826563283836,100.08345208138007,101.5794677734375,20380,0.0,0.0
2010-04-22 00:00:00-04:00,100.83147731620573,104.42191787906835,100.08346934118002,103.8235092163086,11820,0.0,0.0
2010-04-23 00:00:00-04:00,103.59911292374694,104.4967202836682,101.95349752827516,102.17790222167969,17680,0.0,0.0
2010-04-26 00:00:00-04:00,102.40226587072345,104.64628932805437,101.80386874639002,103.59908294677734,18550,0.0,0.0
2010-04-27 00:00:00-04:00,102.85109131424515,103.22509528266059,100.75666680837965,100.98107147216797,26740,0.0,0.0
2010-04-28 00:00:00-04:00,101.20549294079571,102.25269966076604,98.96146875769026,101.80390167236328,26900,0.0,0.0
2010-04-29 00:00:00-04:00,92.8277966657153,107.26434842030679,91.55618527986448,107.03995513916016,54600,0.0,0.0
2010-04-30 00:00:00-04:00,106.66592074343902,109.20914279090033,106.66592074343902,107.71312713623047,58500,0.0,0.0
2010-05-03 00:00:00-04:00,107.78792239088652,108.98472795433409,107.11470856111048,108.16192626953125,41730,0.0,0.0
2010-05-04 00:00:00-04:00,106.5163018254143,106.5911071678513,104.1974845878732,105.9926986694336,42830,0.0,0.0
2010-05-05 00:00:00-04:00,105.24471840512706,105.84312705993652,103.07549987185047,104.72111511230469,46770,0.0,0.0
2010-05-06 00:00:00-04:00,103.9730847386473,106.8903106082831,98.5874308334848,103.7486801147461,70710,0.0,0.0
2010-05-07 00:00:00-04:00,102.70146609665392,105.76829101564203,101.42985520762505,103.07546997070312,52310,0.0,0.0
2010-05-10 00:00:00-04:00,107.03994116456985,108.31155238440557,105.09511594809491,106.81553649902344,26060,0.0,0.0
2010-05-11 00:00:00-04:00,105.4691152605631,110.03196807490231,104.49670269527992,108.08714294433594,24070,0.0,0.0
2010-05-12 00:00:00-04:00,109.13433771021474,112.27597972367761,106.36671102502982,111.75236511230469,29840,0.0,0.0
2010-05-13 00:00:00-04:00,111.00437514294812,112.35079173481908,109.73276391150715,109.95716857910156,26280,0.0,0.0
2010-05-14 00:00:00-04:00,108.98475173294172,111.07917619305826,107.86273985220376,110.25636291503906,26450,0.0,0.0
2010-05-17 00:00:00-04:00,110.854767617795,115.41762033707353,109.28395788847388,114.96881103515625,43100,0.0,0.0
2010-05-18 00:00:00-04:00,115.9412283646433,118.48445074393807,112.57519270244397,113.69720458984375,60680,0.0,0.0
2010-05-19 00:00:00-04:00,113.09880682602166,114.52002886806643,109.88237015725284,111.60279083251953,48510,0.0,0.0
2010-05-20 00:00:00-04:00,109.05956308653703,109.73276568651428,101.1306741279157,101.2802734375,49300,0.0,0.0
2010-05-21 00:00:00-04:00,99.63464573306369,104.27229223184118,98.96144321735355,102.85108184814453,39180,0.0,0.0
2010-05-24 00:00:00-04:00,102.25266939972549,103.89828436425388,100.15824516591942,101.5046615600586,24960,0.0,0.0
2010-05-25 00:00:00-04:00,99.11105188830146,99.11105188830146,96.19382549253903,97.61503601074219,34790,0.0,0.0
2010-05-26 00:00:00-04:00,97.80310807138119,101.7152300983026,97.7278703194586,99.6839370727539,48230,0.75,0.0
2010-05-27 00:00:00-04:00,102.01616480628815,104.19792175292969,100.8876674587835,104.19792175292969,21510,0.0,0.0
2010-05-28 00:00:00-04:00,104.27317996583714,104.64934582216459,101.86570930160474,102.76851654052734,27320,0.0,0.0
2010-06-01 00:00:00-04:00,102.16663077252475,102.24185704265906,97.57740354658354,97.65264129638672,15710,0.0,0.0
2010-06-02 00:00:00-04:00,99.08206162032741,99.60869140291601,97.0507687562466,98.48019409179688,23890,0.0,0.0
2010-06-03 00:00:00-04:00,98.63068778538131,99.98487562489689,97.65265430598753,99.2325439453125,26230,0.0,0.0
2010-06-04 00:00:00-04:00,97.50218524875139,97.65264928099162,92.3110900389395,92.687255859375,31260,0.0,0.0
2010-06-07 00:00:00-04:00,93.3643370485938,94.26713828327466,90.27977907806016,90.65594482421875,18320,0.0,0.0
2010-06-08 00:00:00-04:00,90.50549007635811,91.25782164560519,86.81906423908052,89.45222473144531,28660,0.0,0.0
2010-06-09 00:00:00-04:00,90.43025685824638,93.21388724782493,89.45222921312525,90.58072662353516,28380,0.0,0.0
2010-06-10 00:00:00-04:00,92.31108889537715,92.46155866558826,89.60269616976042,91.33306121826172,26480,0.0,0.0
2010-06-11 00:00:00-04:00,90.58071282295379,92.23583981011804,89.45221558447803,90.65594482421875,27790,0.0,0.0
2010-06-14 00:00:00-04:00,91.85970639818034,92.53680612756872,90.65597673473196,91.6340103149414,31290,0.0,0.0
2010-06-15 00:00:00-04:00,92.61204240479856,93.8157721234798,92.16064447777259,92.76251220703125,26140,0.0,0.0
2010-06-16 00:00:00-04:00,92.01017141313608,93.06343122653409,91.18260193141549,91.48353576660156,26870,0.0,0.0
2010-06-17 00:00:00-04:00,92.2358594866136,93.5900587576067,91.40829581648894,93.06342315673828,24360,0.0,0.0
2010-06-18 00:00:00-04:00,92.46156308744007,93.96622642250067,90.95689975237948,92.16062927246094,79370,0.0,0.0
2010-06-21 00:00:00-04:00,93.59003393476904,94.19189565348505,90.20454239505352,90.80640411376953,11520,0.0,0.0
2010-06-22 00:00:00-04:00,91.03213686902984,92.38633624235453,89.45224142670797,89.52747344970703,22970,0.0,0.0
2010-06-23 00:00:00-04:00,89.52747825459758,90.05410818369033,87.9475827274836,88.17327880859375,12210,0.0,0.0
2010-06-24 00:00:00-04:00,87.34570972070033,88.02280940253304,85.3896484375,85.3896484375,17670,0.0,0.0
2010-06-25 00:00:00-04:00,85.76581763860332,86.51814937227527,82.83172272931556,84.56208801269531,147200,0.0,0.0
2010-06-28 00:00:00-04:00,84.86301529033766,87.49617615452571,83.88498181627659,86.21720886230469,22700,0.0,0.0
2010-06-29 00:00:00-04:00,84.71254468871568,84.71254468871568,81.25182016307043,82.07938385009766,27650,0.0,0.0
2010-06-30 00:00:00-04:00,82.07936859687703,83.28309789429748,78.01677719572822,78.61864471435547,24830,0.0,0.0
2010-07-01 00:00:00-04:00,80.80043526933613,87.94758726331196,78.31773807023116,84.48686218261719,75120,0.0,0.0
2010-07-02 00:00:00-04:00,84.86300982327128,85.1639378822096,79.59668843416347,80.64994812011719,27000,0.0,0.0
2010-07-06 00:00:00-04:00,82.07937835612836,83.05741175522745,76.96352679885734,77.41492462158203,43970,0.0,0.0
2010-07-07 00:00:00-04:00,77.79108994339634,80.34901857593252,77.49015615018595,80.2737808227539,25040,0.0,0.0
2010-07-08 00:00:00-04:00,81.4022842007717,82.38031766533531,80.64995253259514,82.07938385009766,21850,0.0,0.0
2010-07-09 00:00:00-04:00,82.15460656836154,83.73450748454249,81.62797675619088,83.2831039428711,16370,0.0,0.0
2010-07-12 00:00:00-04:00,82.60601984976905,83.96021341494723,80.27378707559777,81.10135650634766,18540,0.0,0.0
2010-07-13 00:00:00-04:00,82.0793806204381,83.20787807829885,80.87565114668695,82.90694427490234,21570,0.0,0.0
2010-07-14 00:00:00-04:00,82.15462492843277,83.35836032212359,81.77845905286331,82.45555877685547,13810,0.0,0.0
2010-07-15 00:00:00-04:00,82.68125625636755,82.83172030275985,79.67192940983796,81.026123046875,22720,0.0,0.0
2010-07-16 00:00:00-04:00,80.27379221346204,80.5747260493744,76.96353723793267,77.56539916992188,33290,0.0,0.0
2010-07-19 00:00:00-04:00,77.71586128183809,78.39295517097027,75.45886634517099,77.26445770263672,24040,0.0,0.0
2010-07-20 00:00:00-04:00,76.43688508713015,79.44621131685838,75.08269172765301,79.37097930908203,24560,0.0,0.0
2010-07-21 00:00:00-04:00,79.59669488741106,80.6499546587571,77.56539588588241,78.39295959472656,25000,0.0,0.0
2010-07-22 00:00:00-04:00,79.74714789673381,81.77844087741494,79.74714789673381,81.40227508544922,35020,0.0,0.0
2010-07-23 00:00:00-04:00,80.80039987989542,83.80972571721121,80.27376441446505,83.65925598144531,38080,0.0,0.0
2010-07-26 00:00:00-04:00,84.26114477588956,85.69057605844753,83.43358110909335,85.46487426757812,19000,0.0,0.0
2010-07-27 00:00:00-04:00,86.21720267819778,87.34570011047742,85.389639042493,86.29243469238281,29070,0.0,0.0
2010-07-28 00:00:00-04:00,86.14197718109999,86.59337504019548,83.73451810603389,84.33638000488281,27300,0.0,0.0
2010-07-29 00:00:00-04:00,85.31440130121223,85.61533507758561,83.05740658816342,83.80973815917969,18540,0.0,0.0
2010-07-30 00:00:00-04:00,82.68124380856398,86.81906759958567,82.38031002125003,84.86300659179688,26900,0.0,0.0
2010-08-02 00:00:00-04:00,85.91627210948197,86.81907353312464,85.08870844268577,85.46487426757812,34940,0.0,0.0
2010-08-03 00:00:00-04:00,85.01349363721476,85.99152727587824,83.80976390182319,83.9602279663086,27790,0.0,0.0
2010-08-04 00:00:00-04:00,84.11068103971553,85.16394076127592,83.2831116301538,83.88497924804688,24450,0.0,0.0
2010-08-05 00:00:00-04:00,83.05740791186986,83.96020351554372,82.75647413070043,83.2831039428711,17710,0.0,0.0
2010-08-06 00:00:00-04:00,81.92892599549121,83.35835742087151,80.12332870763376,82.00415802001953,24710,0.0,0.0
2010-08-09 00:00:00-04:00,82.90692908986266,82.90692908986266,80.42423858119375,81.62796783447266,26240,0.0,0.0
2010-08-10 00:00:00-04:00,80.42425081414446,80.49948282769873,77.56538838040444,78.69388580322266,26960,0.0,0.0
2010-08-11 00:00:00-04:00,77.03875896046695,77.49015678405762,74.93222813059751,75.23316192626953,26840,0.0,0.0
2010-08-12 00:00:00-04:00,74.02944694874843,77.49017192561452,73.80374512293365,77.11400604248047,38030,0.0,0.0
2010-08-13 00:00:00-04:00,76.88828301468435,77.18921678617612,75.45885764480838,75.9102554321289,20620,0.0,0.0
2010-08-16 00:00:00-04:00,75.6093335618131,77.11399691627705,74.70653784506881,76.1359634399414,33670,0.0,0.0
2010-08-17 00:00:00-04:00,77.1140046102702,77.41493845915548,75.98550698182721,77.03877258300781,22810,0.0,0.0
2010-08-18 00:00:00-04:00,77.03876497234788,78.54342832829282,75.30839981707712,77.3396987915039,33410,0.0,0.0
2010-08-19 00:00:00-04:00,76.81306985438289,77.11400369971477,72.6752452656177,74.1799087524414,32680,0.0,0.0
2010-08-20 00:00:00-04:00,73.87897347676567,75.00747107003501,72.44954778382629,74.40560913085938,36490,0.0,0.0
2010-08-23 00:00:00-04:00,74.70654297036498,75.23317288462312,72.22384596923818,74.40560913085938,58750,0.0,0.0
2010-08-24 00:00:00-04:00,72.82570589229461,76.73782816971882,72.75046813555436,75.9854965209961,57800,0.0,0.0
2010-08-25 00:00:00-04:00,75.53409845365994,78.91959086277963,75.15793263042441,78.1672592163086,45770,0.0,0.0
2010-08-26 00:00:00-04:00,78.46818822009045,79.37098384466465,77.49015484360623,78.01678466796875,39210,0.0,0.0
2010-08-27 00:00:00-04:00,78.919575547728,78.919575547728,76.73781304838558,78.46817779541016,23270,0.0,0.0
2010-08-30 00:00:00-04:00,77.86633636256552,78.39296629323793,76.8883027886473,77.03877258300781,28850,0.0,0.0
2010-08-31 00:00:00-04:00,77.11400317525994,78.61866665185038,75.75980375039428,76.96353912353516,33550,0.0,0.0
2010-09-01 00:00:00-04:00,89.52747087321131,89.52747087321131,77.49016386504844,78.39295959472656,27280,0.0,0.0
2010-09-02 00:00:00-04:00,78.91957847366909,79.22051223298271,77.86631318598843,78.61864471435547,37340,0.0,0.0
2010-09-03 00:00:00-04:00,80.0963199829287,80.47520514042851,78.42922760246101,79.03544616699219,49750,0.75,0.0
2010-09-07 00:00:00-04:00,78.42922715056069,78.73233643107979,77.29257168461054,77.51990509033203,23310,0.0,0.0
2010-09-08 00:00:00-04:00,77.67143771465072,79.49008716862507,77.59566185851163,78.1260986328125,30230,0.0,0.0
2010-09-09 00:00:00-04:00,79.18698642323318,79.71742325420695,77.59567014898401,78.05033111572266,18960,0.0,0.0
2010-09-10 00:00:00-04:00,78.3534420241902,79.79320660065945,77.06522917942173,79.26276397705078,44450,0.0,0.0
2010-09-13 00:00:00-04:00,80.32364782064829,82.44540686806465,79.86898681943858,81.76341247558594,26840,0.0,0.0
2010-09-14 00:00:00-04:00,81.2329667584048,81.61185187534014,80.39942065741268,80.70252990722656,15670,0.0,0.0
2010-09-15 00:00:00-04:00,80.70251131279524,82.21805143134539,80.32362628315771,81.46028137207031,12540,0.0,0.0
2010-09-16 00:00:00-04:00,81.15718670965612,81.46029594385229,79.56587045678594,79.94475555419922,12840,0.0,0.0
2010-09-17 00:00:00-04:00,80.70254663870992,80.92988006853378,78.50501134862004,80.55099487304688,30420,0.0,0.0
2010-09-20 00:00:00-04:00,80.70253255527203,82.5969582021094,79.7932105573214,81.61185455322266,24440,0.0,0.0
2010-09-21 00:00:00-04:00,81.3845200224304,83.35472137130476,79.71742212620764,83.12738800048828,70740,0.0,0.0
2010-09-22 00:00:00-04:00,83.05160584354053,84.33981854499815,80.62674371812092,81.38451385498047,40330,0.0,0.0
2010-09-23 00:00:00-04:00,80.55097402259156,81.83918104126555,79.64164632000305,79.94475555419922,31870,0.0,0.0
2010-09-24 00:00:00-04:00,81.23296317514702,85.09759582247754,80.92985972003137,84.64292907714844,28460,0.0,0.0
2010-09-27 00:00:00-04:00,84.7944769659985,85.47647122529128,83.80937350465037,85.24913787841797,22860,0.0,0.0
2010-09-28 00:00:00-04:00,85.09758206469645,88.05288074358371,83.73359361188166,87.90132904052734,25990,0.0,0.0
2010-09-29 00:00:00-04:00,87.29512196545349,88.35600136815286,86.08269084008035,86.9162368774414,17350,0.0,0.0
2010-09-30 00:00:00-04:00,87.74978941515369,89.3411056415782,86.46157663656037,88.43177795410156,32380,0.0,0.0
2010-10-01 00:00:00-04:00,88.81068124909469,88.96223878540331,84.94605368382211,86.38581848144531,23590,0.0,0.0
2010-10-04 00:00:00-04:00,85.93113213771073,86.46156890531225,84.41559190876109,85.24913787841797,18490,0.0,0.0
2010-10-05 00:00:00-04:00,86.38580077460257,88.65911132130265,85.8553639595703,88.43177795410156,23290,0.0,0.0
2010-10-06 00:00:00-04:00,88.28021919883494,88.50755254792935,85.5522479163381,86.76467895507812,22930,0.0,0.0
2010-10-07 00:00:00-04:00,87.74977733747099,89.03798415743071,87.21933481411995,87.90132904052734,15650,0.0,0.0
2010-10-08 00:00:00-04:00,87.90132759031185,91.8417296180365,87.74977588975582,91.69017791748047,18710,0.0,0.0
2010-10-11 00:00:00-04:00,91.3870761696051,103.43562234644553,91.008191106065,101.92008209228516,81730,0.0,0.0
2010-10-12 00:00:00-04:00,101.23809280369642,101.23809280369642,95.78214446299762,96.99457550048828,36230,0.0,0.0
2010-10-13 00:00:00-04:00,97.44926183117965,100.63189466845927,96.16104889698293,99.4952392578125,17430,0.0,0.0
2010-10-14 00:00:00-04:00,99.72257979922949,99.72257979922949,95.55483721350924,96.23683166503906,17840,0.0,0.0
2010-10-15 00:00:00-04:00,97.22190742952185,98.0554476129635,95.63058557339481,97.14612579345703,20050,0.0,0.0
2010-10-18 00:00:00-04:00,97.07036377837117,99.1163409327717,96.61569704954651,98.88900756835938,11310,0.0,0.0
2010-10-19 00:00:00-04:00,97.14615666844267,98.58592727268214,94.49396044041295,95.55484008789062,34850,0.0,0.0
2010-10-20 00:00:00-04:00,96.16104805985013,100.17722700704209,95.85793879671738,98.20703125,19280,0.0,0.0
2010-10-21 00:00:00-04:00,98.96477982510257,100.101434976711,95.32748102742475,95.85791778564453,18400,0.0,0.0
2010-10-22 00:00:00-04:00,96.00945725101232,96.91878472514554,95.32746887207031,95.32746887207031,14300,0.0,0.0
2010-10-25 00:00:00-04:00,96.16102170044633,97.97967099939122,96.16102170044633,97.2219009399414,28560,0.0,0.0
2010-10-26 00:00:00-04:00,96.61569284992197,98.51011819992044,96.31258363765674,96.5399169921875,14570,0.0,0.0
2010-10-27 00:00:00-04:00,95.55481548364908,96.16103392077905,93.58461423496787,95.93370056152344,30230,0.0,0.0
2010-10-28 00:00:00-04:00,96.76723970434666,97.52500980627994,93.05417082993534,94.03926849365234,13720,0.0,0.0
2010-10-29 00:00:00-04:00,93.96348955865595,95.10014467428486,91.3870701402984,91.53862762451172,16290,0.0,0.0
2010-11-01 00:00:00-04:00,91.84174944750825,92.06908282875243,89.71999627498403,90.62931823730469,21910,0.0,0.0
2010-11-02 00:00:00-04:00,91.00819473184697,93.12995348473362,90.7808671534625,92.52373504638672,25800,0.0,0.0
2010-11-03 00:00:00-04:00,92.44795454850676,92.44795454850676,88.88643730056239,90.4019775390625,24850,0.0,0.0
2010-11-04 00:00:00-04:00,91.61441487712943,92.82684599508545,91.15975393056189,92.14485168457031,25860,0.0,0.0
2010-11-05 00:00:00-04:00,92.44796824970237,92.52374411659225,91.15976116859021,92.3721923828125,11810,0.0,0.0
2010-11-08 00:00:00-05:00,91.8417289136617,92.44794727389004,91.38706803415381,91.76595306396484,15590,0.0,0.0
2010-11-09 00:00:00-05:00,92.29641662456174,92.52374422549896,90.32620939513738,90.78087615966797,13860,0.0,0.0
2010-11-10 00:00:00-05:00,91.1597637882781,93.43307454827178,90.47776940401434,93.2815170288086,17510,0.0,0.0
2010-11-11 00:00:00-05:00,92.37217481018067,92.37217481018067,90.78085878290855,91.00818634033203,12560,0.0,0.0
2010-11-12 00:00:00-05:00,89.87154186064367,91.53863971929862,89.64421427627776,90.4777603149414,13980,0.0,0.0
2010-11-15 00:00:00-05:00,90.93242676322834,91.84174871832941,89.94732316076217,90.70509338378906,9820,0.0,0.0
2010-11-16 00:00:00-05:00,89.87154821705633,89.9473240838711,86.992024808799,87.44668579101562,18340,0.0,0.0
2010-11-17 00:00:00-05:00,87.67400916462584,89.9473197474389,87.67400916462584,89.87154388427734,12830,0.0,0.0
2010-11-18 00:00:00-05:00,91.1597593705484,94.72127707607775,91.1597593705484,94.34239196777344,23710,0.0,0.0
2010-11-19 00:00:00-05:00,94.03928960761736,94.56973226686335,92.67530658668844,94.41817474365234,19480,0.0,0.0
2010-11-22 00:00:00-05:00,93.73616340560972,94.56971517933734,92.22062313530833,93.20572662353516,14770,0.0,0.0
2010-11-23 00:00:00-05:00,91.84174986003116,92.14485910927553,90.32620939513738,90.78087615966797,22420,0.0,0.0
2010-11-24 00:00:00-05:00,91.69018468200436,93.963495046021,91.00819041653392,93.58460998535156,8040,0.0,0.0
2010-11-26 00:00:00-05:00,92.75109101100136,94.49395932869007,92.29642996209687,94.11507415771484,4930,0.0,0.0
2010-11-29 00:00:00-05:00,93.12995636463012,95.85792785889439,92.14485281718551,95.40326690673828,13410,0.0,0.0
2010-11-30 00:00:00-05:00,94.11506692514308,95.4790557483654,93.5088541669664,94.2666244506836,28110,0.0,0.0
2010-12-01 00:00:00-05:00,96.1343960134666,96.36310824607502,94.76214006699716,95.21955871582031,13870,0.75,0.0
2010-12-02 00:00:00-05:00,95.1433383185283,96.66807126711757,94.38097184423366,96.51559448242188,12440,0.0,0.0
2010-12-03 00:00:00-05:00,95.98194627378169,97.0492605677573,95.37205072968278,96.05818176269531,14320,0.0,0.0
2010-12-06 00:00:00-05:00,95.67700854697755,96.82055844992946,94.9146419450096,96.21066284179688,10790,0.0,0.0
2010-12-07 00:00:00-05:00,97.43043672307033,99.03139932268229,97.04925348990713,98.11656188964844,15680,0.0,0.0
2010-12-08 00:00:00-05:00,98.49774088420341,98.95516539743075,97.50666801046422,97.7353744506836,7770,0.0,0.0
2010-12-09 00:00:00-05:00,98.72645315413364,100.9373111585239,97.73537446386646,100.70861053466797,14930,0.0,0.0
2010-12-10 00:00:00-05:00,100.70861702947848,103.45312938784352,99.87000924529536,103.37689971923828,17440,0.0,0.0
2010-12-13 00:00:00-05:00,103.6818436131333,104.06302686171098,100.47990665163856,100.63237762451172,10380,0.0,0.0
2010-12-14 00:00:00-05:00,101.0135488750504,101.3184907845768,99.03139156476433,99.4125747680664,24150,0.0,0.0
2010-12-15 00:00:00-05:00,99.41258775615496,100.327436869834,97.88785474374282,98.80270385742188,15410,0.0,0.0
2010-12-16 00:00:00-05:00,98.72646476832632,100.86109336014543,98.57399379022281,100.2511978149414,10520,0.0,0.0
2010-12-17 00:00:00-05:00,100.17493789807237,100.17493789807237,98.26902194390213,99.33634185791016,31540,0.0,0.0
2010-12-20 00:00:00-05:00,99.56509211466944,99.87003413065378,97.50669860839844,97.50669860839844,15810,0.0,0.0
2010-12-21 00:00:00-05:00,98.11655524351517,98.65020940723761,97.27795335063952,98.4215087890625,8700,0.0,0.0
2010-12-22 00:00:00-05:00,98.72645237682096,98.72645237682096,97.5829027353906,97.81161499023438,6600,0.0,0.0
2010-12-23 00:00:00-05:00,98.0403348931454,98.0403348931454,96.59183158799698,96.97301483154297,7630,0.0,0.0
2010-12-27 00:00:00-05:00,96.51559516439185,98.6502178176631,95.6769932000212,98.34527587890625,9030,0.0,0.0
2010-12-28 00:00:00-05:00,98.72646007841243,98.72646007841243,96.51559610256672,96.97301483154297,7450,0.0,0.0
2010-12-29 00:00:00-05:00,97.27796258965871,97.96409359132043,96.7443083752522,96.97301483154297,4270,0.0,0.0
2010-12-30 00:00:00-05:00,96.7443083752522,97.65915164959941,96.7443083752522,96.97301483154297,4540,0.0,0.0
2010-12-31 00:00:00-05:00,97.0492603156455,97.5829145530495,96.43936477313096,97.35420227050781,11860,0.0,0.0
2011-01-03 00:00:00-05:00,98.34530078514761,98.42154210553981,97.20175077601799,97.50669860839844,23880,0.0,0.0
2011-01-04 00:00:00-05:00,97.65914143935306,98.42150784673977,93.77106810856556,95.75321960449219,16850,0.0,0.0
2011-01-05 00:00:00-05:00,95.52450994956969,99.33634185791016,94.83837904278963,99.33634185791016,18110,0.0,0.0
2011-01-06 00:00:00-05:00,99.48882385559375,100.0987193552127,97.58290768977778,98.11656188964844,26910,0.0,0.0
2011-01-07 00:00:00-05:00,98.19280567128443,99.18388442911673,97.65915145792532,99.1076431274414,21560,0.0,0.0
2011-01-10 00:00:00-05:00,98.573988914886,100.63237609945331,97.81162242928409,99.94625091552734,21430,0.0,0.0
2011-01-11 00:00:00-05:00,100.25118081165363,100.55612271614041,99.48881441764865,100.02246856689453,16830,0.0,0.0
2011-01-12 00:00:00-05:00,100.86108990021626,100.93731957025805,99.87001112735634,100.63237762451172,13400,0.0,0.0
2011-01-13 00:00:00-05:00,100.7848349608995,100.7848349608995,99.41257312513297,100.02246856689453,9550,0.0,0.0
2011-01-14 00:00:00-05:00,100.02247360577789,101.24226455075107,99.48881942964785,101.16602325439453,17440,0.0,0.0
2011-01-18 00:00:00-05:00,100.63239654751129,102.30960083007812,100.09874222571163,102.30960083007812,23270,0.0,0.0
2011-01-19 00:00:00-05:00,102.00463617320067,102.84323231184784,100.47990323079942,101.01355743408203,21700,0.0,0.0
2011-01-20 00:00:00-05:00,100.40366854066706,102.23335517167997,100.40366854066706,101.5472183227539,14220,0.0,0.0
2011-01-21 00:00:00-05:00,101.54721087323773,102.00463540563172,99.94624827543693,101.08979797363281,20010,0.0,0.0
2011-01-24 00:00:00-05:00,101.08980807096987,101.92840428706977,100.93732545641511,101.24227905273438,14990,0.0,0.0
2011-01-25 00:00:00-05:00,101.16605086931096,102.46207183162207,99.56508790391197,102.30960083007812,17400,0.0,0.0
2011-01-26 00:00:00-05:00,102.53828603278625,104.74914405249665,101.69967829687475,102.76699829101562,29010,0.0,0.0
2011-01-27 00:00:00-05:00,102.3858367071713,102.6145490137309,100.0987369071576,100.40367889404297,21940,0.0,0.0
2011-01-28 00:00:00-05:00,100.17495441317106,100.3274370208736,96.13441541403293,96.89678192138672,24460,0.0,0.0
2011-01-31 00:00:00-05:00,97.50667682247519,97.8878542572891,94.6859172736936,95.06710052490234,31770,0.0,0.0
2011-02-01 00:00:00-05:00,95.67698730760006,101.47097684946259,94.38096669851697,99.0313949584961,32870,0.0,0.0
2011-02-02 00:00:00-05:00,96.36310722992414,96.36310722992414,90.72159511021206,93.38987731933594,51670,0.0,0.0
2011-02-03 00:00:00-05:00,93.16118023820074,94.68591317706749,92.32257828510294,94.45720672607422,30940,0.0,0.0
2011-02-04 00:00:00-05:00,94.30473932050985,94.83839939201992,92.93248302890214,93.84732055664062,16530,0.0,0.0
2011-02-07 00:00:00-05:00,93.77108040451519,97.2017296876072,93.69484491705877,96.89678192138672,32830,0.0,0.0
2011-02-08 00:00:00-05:00,96.51559111021398,97.50666981872705,95.60075369958224,95.82946014404297,41760,0.0,0.0
2011-02-09 00:00:00-05:00,94.60968461058215,95.44828662499249,92.5512973191754,93.6948471069336,26180,0.0,0.0
2011-02-10 00:00:00-05:00,92.93247632546421,94.22849703234122,92.93247632546421,93.54236602783203,12540,0.0,0.0
2011-02-11 00:00:00-05:00,93.16117599490883,94.30472564697266,93.16117599490883,94.30472564697266,8090,0.0,0.0
2011-02-14 00:00:00-05:00,94.07600574534538,95.06707847882119,93.84729352110064,94.5334243774414,30710,0.0,0.0
2011-02-15 00:00:00-05:00,94.15223307156869,95.98191325810045,93.77104994172429,95.90567779541016,22450,0.0,0.0
2011-02-16 00:00:00-05:00,96.43936305658362,98.26903801877052,95.9819443160369,97.96409606933594,16640,0.0,0.0
2011-02-17 00:00:00-05:00,97.88785116008029,99.94624995771069,97.65915052282293,99.64129638671875,13800,0.0,0.0
2011-02-18 00:00:00-05:00,100.4798914304123,100.4798914304123,99.03138832557023,99.33634185791016,11050,0.0,0.0
2011-02-22 00:00:00-05:00,97.96409359132043,98.65021877658747,96.66807288982194,96.97301483154297,21600,0.0,0.0
2011-02-23 00:00:00-05:00,96.97301286946156,97.43332662777026,93.8275286922773,93.98096466064453,18180,0.8,0.0
2011-02-24 00:00:00-05:00,93.52065409124651,94.74815943966142,92.98361647723505,94.05768585205078,22970,0.0,0.0
2011-02-25 00:00:00-05:00,94.05768834373532,96.052385319402,93.36721473783334,95.59207153320312,18640,0.0,0.0
2011-02-28 00:00:00-05:00,96.4359797466545,98.73755449815657,95.82222999151163,97.35661315917969,24880,0.0,0.0
2011-03-01 00:00:00-05:00,97.8936378430305,98.35395158938131,94.59471778317726,95.89894104003906,28520,0.0,0.0
2011-03-02 00:00:00-05:00,95.66879257401517,98.43068708573176,95.66879257401517,97.97036743164062,14570,0.0,0.0
2011-03-03 00:00:00-05:00,98.73756243609976,101.57616918321074,98.73756243609976,100.9624252319336,20950,0.0,0.0
2011-03-04 00:00:00-05:00,101.19255027194352,101.19255027194352,99.50473137820016,99.81161499023438,22030,0.0,0.0
2011-03-07 00:00:00-05:00,99.8116271212439,100.42537100708056,94.82487610392143,95.82222747802734,23780,0.0,0.0
2011-03-08 00:00:00-05:00,95.59206950740439,100.04177715063788,95.36191554578608,98.81427764892578,15550,0.0,0.0
2011-03-09 00:00:00-05:00,98.6608254550991,100.50208025818013,98.27722972892283,99.65816497802734,8660,0.0,0.0
2011-03-10 00:00:00-05:00,98.35396269657397,98.35396269657397,95.74551588827639,95.97566986083984,14300,0.0,0.0
2011-03-11 00:00:00-05:00,95.36191878996914,96.66614217646385,94.21113138310648,95.43863677978516,11350,0.0,0.0
2011-03-14 00:00:00-04:00,94.05769915897567,95.05505068809333,91.75612411012696,93.82754516601562,10680,0.0,0.0
2011-03-15 00:00:00-04:00,91.06562259276356,93.82751648984048,91.06562259276356,92.9068832397461,10520,0.0,0.0
2011-03-16 00:00:00-04:00,92.36987052219324,93.29049810800214,91.52596092633384,91.98627471923828,17360,0.0,0.0
2011-03-17 00:00:00-04:00,93.5206352735623,94.13438489767098,91.67937469482422,91.67937469482422,23390,0.0,0.0
2011-03-18 00:00:00-04:00,92.60002586377539,93.36721748105009,90.83548865596805,91.37252044677734,37510,0.0,0.0
2011-03-21 00:00:00-04:00,92.90689717065598,92.90689717065598,91.67939183967829,92.36986541748047,35540,0.0,0.0
2011-03-22 00:00:00-04:00,92.29314165618855,92.60001357982401,91.52595014068643,91.9095458984375,13580,0.0,0.0
2011-03-23 00:00:00-04:00,91.5259375667651,92.44656491760827,90.68202233308524,91.83280944824219,16660,0.0,0.0
2011-03-24 00:00:00-04:00,92.29314165618855,92.60001357982401,90.98891256791089,91.9095458984375,11090,0.0,0.0
2011-03-25 00:00:00-04:00,91.90956254964381,92.2164345288751,90.98892905232653,91.29580688476562,24900,0.0,0.0
2011-03-28 00:00:00-04:00,91.98628054445163,92.13971653406728,91.14237089514998,91.29580688476562,9200,0.0,0.0
2011-03-29 00:00:00-04:00,91.21908311332838,92.21642868908678,90.29844967431204,91.98627471923828,8410,0.0,0.0
2011-03-30 00:00:00-04:00,92.0629704048444,92.36984814350176,91.06561921750951,91.67937469482422,25230,0.0,0.0
2011-03-31 00:00:00-04:00,91.83283870162818,92.75347219894546,91.14237089514998,91.29580688476562,44070,0.0,0.0
2011-04-01 00:00:00-04:00,92.21641782207294,92.36985963709742,91.14235438293537,91.9095458984375,17740,0.0,0.0
2011-04-04 00:00:00-04:00,92.4465840657552,93.75080739179005,91.832828469264,92.06298828125,83250,0.0,0.0
2011-04-05 00:00:00-04:00,92.13972029571136,92.29316214479914,90.98893276698921,91.52597045898438,16700,0.0,0.0
2011-04-06 00:00:00-04:00,92.13968718292523,92.369846947239,89.91483092298061,91.83280944824219,21200,0.0,0.0
2011-04-07 00:00:00-04:00,92.06298386068585,92.44657962677205,90.45188281376522,92.13970184326172,23540,0.0,0.0
2011-04-08 00:00:00-04:00,92.83017849026332,92.83017849026332,89.22438051002354,90.37516784667969,19100,0.0,0.0
2011-04-11 00:00:00-04:00,90.29843627003902,90.98890978350268,88.45718137174471,89.22437286376953,15210,0.0,0.0
2011-04-12 00:00:00-04:00,88.91750785960053,90.45189106389664,88.53391205852651,89.53125762939453,11650,0.0,0.0
2011-04-13 00:00:00-04:00,90.22171581902477,90.37515762514873,88.38045511798214,89.99156188964844,16920,0.0,0.0
2011-04-14 00:00:00-04:00,89.60797882080078,90.14501058513144,88.76406340084228,89.60797882080078,14180,0.0,0.0
2011-04-15 00:00:00-04:00,89.37780199096001,90.29842936975612,88.53389258486256,90.06827545166016,15550,0.0,0.0
2011-04-18 00:00:00-04:00,88.99422582339722,88.99422582339722,86.5392150385175,87.69000244140625,20710,0.0,0.0
2011-04-19 00:00:00-04:00,88.15031122336441,88.15031122336441,86.61592810669386,87.61327362060547,26060,0.0,0.0
2011-04-20 00:00:00-04:00,88.99421307487945,89.60796860978193,88.15030360429346,89.22437286376953,35610,0.0,0.0
2011-04-21 00:00:00-04:00,89.99157017009091,89.99157017009091,88.68734103745938,89.6846923828125,8770,0.0,0.0
2011-04-25 00:00:00-04:00,89.6847013758466,89.6847013758466,88.0736001475922,89.0709457397461,8270,0.0,0.0
2011-04-26 00:00:00-04:00,89.53124232448297,90.37515762514873,88.91749265960638,89.99156188964844,16260,0.0,0.0
2011-04-27 00:00:00-04:00,90.29845417199903,91.60268347893283,89.83814035616675,91.4492416381836,12610,0.0,0.0
2011-04-28 00:00:00-04:00,88.2270358259066,89.99157888370773,71.73241608454146,72.42288970947266,289320,0.0,0.0
2011-04-29 00:00:00-04:00,72.80649338286953,73.2668072314833,71.11866813367487,71.27210998535156,167520,0.0,0.0
2011-05-02 00:00:00-04:00,66.59223053138703,72.49960327148438,64.59752776939422,69.0472412109375,96970,0.0,0.0
2011-05-03 00:00:00-04:00,69.12396363128745,70.8885066944843,68.66364983099491,68.97052764892578,67950,0.0,0.0
2011-05-04 00:00:00-04:00,68.97051873551425,69.04723671678042,64.75096538059988,67.9731674194336,95940,0.0,0.0
2011-05-05 00:00:00-04:00,67.74300667107033,70.96520838624436,66.82237342873049,68.81707000732422,64930,0.0,0.0
2011-05-06 00:00:00-04:00,69.89116572420596,69.89116572420596,67.43615451923782,68.2033462524414,44840,0.0,0.0
2011-05-09 00:00:00-04:00,68.20332908652662,68.4334830366358,67.35941956304569,67.51285552978516,22800,0.0,0.0
2011-05-10 00:00:00-04:00,68.1266297167119,68.81709760889603,67.1292781007882,67.58959197998047,32940,0.0,0.0
2011-05-11 00:00:00-04:00,67.1292781007882,67.81975184618088,65.97849047620326,67.58959197998047,46830,0.0,0.0
2011-05-12 00:00:00-04:00,67.58957165989592,69.27739651378573,67.51285367862974,67.9731674194336,62100,0.0,0.0
2011-05-13 00:00:00-04:00,67.97316669347697,68.20332648802416,66.66894346626077,67.12925720214844,47940,0.0,0.0
2011-05-16 00:00:00-04:00,66.66894468034565,68.04988591315652,65.28799759432796,65.36471557617188,38670,0.0,0.0
2011-05-17 00:00:00-04:00,65.13455200195312,66.13189732490241,64.98111020774142,65.13455200195312,45400,0.0,0.0
2011-05-18 00:00:00-04:00,65.5218029792298,66.2962923901164,64.97966275516329,65.67670440673828,35640,0.8,0.0
2011-05-19 00:00:00-04:00,66.29630817701188,66.76100075242232,65.83161560160144,66.06396484375,32310,0.0,0.0
2011-05-20 00:00:00-04:00,65.676702147879,66.7609825587197,65.13455603357357,65.36690521240234,24640,0.0,0.0
2011-05-23 00:00:00-04:00,64.51498458989043,65.7541667401916,64.43753090452626,64.82477569580078,21150,0.0,0.0
2011-05-24 00:00:00-04:00,64.97966517138231,64.97966517138231,62.6561968523261,62.811092376708984,20920,0.0,0.0
2011-05-25 00:00:00-04:00,62.57875631980917,64.74732345612986,62.57875631980917,64.28263092041016,27120,0.0,0.0
2011-05-26 00:00:00-04:00,64.28261190924202,66.14138741128615,64.28261190924202,65.75414276123047,29320,0.0,0.0
2011-05-27 00:00:00-04:00,65.83161483414892,66.21885962729097,64.74732823157385,65.28947448730469,24620,0.0,0.0
2011-05-31 00:00:00-04:00,65.59924414069478,65.83159330414563,63.43067755365372,63.50812530517578,58170,0.0,0.0
2011-06-01 00:00:00-04:00,63.43068355405027,64.20517296030513,58.7837471165211,59.016090393066406,97000,0.0,0.0
2011-06-02 00:00:00-04:00,59.48078386078492,61.8042518880205,59.48078386078492,61.18465805053711,37890,0.0,0.0
2011-06-03 00:00:00-04:00,60.25528563145174,61.18467067048703,60.25528563145174,60.48762893676758,30160,0.0,0.0
2011-06-06 00:00:00-04:00,60.56506782836243,61.649354154240264,59.55823516845703,59.55823516845703,26140,0.0,0.0
2011-06-07 00:00:00-04:00,59.94548682146435,61.57191354463995,59.94548682146435,60.64252853393555,27220,0.0,0.0
2011-06-08 00:00:00-04:00,61.49447006459575,61.64936560754711,60.10038654248871,61.02977752685547,35260,0.0,0.0
2011-06-09 00:00:00-04:00,61.33956706273149,62.34640579313152,60.565077549773335,61.26211929321289,18030,0.0,0.0
2011-06-10 00:00:00-04:00,60.95231363452331,62.036599980179744,60.64252260052308,61.95915222167969,33190,0.0,0.0
2011-06-13 00:00:00-04:00,62.26896049594732,63.35324703891659,61.494470952238736,61.72681427001953,28900,0.0,0.0
2011-06-14 00:00:00-04:00,62.57875709861769,64.36007949252661,62.11405864822852,63.19834518432617,19770,0.0,0.0
2011-06-15 00:00:00-04:00,62.4238385392096,63.04343236401393,61.18465679848555,61.649349212646484,29550,0.0,0.0
2011-06-16 00:00:00-04:00,61.72679747574503,64.6698593046607,61.72679747574503,63.50812530517578,23920,0.0,0.0
2011-06-17 00:00:00-04:00,63.97280713789086,64.28260400160305,61.571891784667976,61.57189178466797,39700,0.0,0.0
2011-06-20 00:00:00-04:00,61.49446923011306,63.74049002574638,61.49446923011306,63.66303634643555,17730,0.0,0.0
2011-06-21 00:00:00-04:00,63.97282594452664,65.98649728730632,63.663028989740816,65.52180480957031,19470,0.0,0.0
2011-06-22 00:00:00-04:00,65.36691825652147,65.36691825652147,63.12089741222339,63.19834518432617,14050,0.0,0.0
2011-06-23 00:00:00-04:00,62.42385098176975,64.28262691779645,62.11405400761767,64.05027770996094,10410,0.0,0.0
2011-06-24 00:00:00-04:00,63.97283258856643,64.2051818060083,60.7199789976966,61.26211929321289,115330,0.0,0.0
2011-06-27 00:00:00-04:00,61.49447054484416,62.50130339966338,60.565079553219206,61.339569091796875,18920,0.0,0.0
2011-06-28 00:00:00-04:00,61.72679747574503,63.50812530517579,61.72679747574503,63.50812530517578,26560,0.0,0.0
2011-06-29 00:00:00-04:00,64.05026701716298,64.74730861541691,61.57190345546547,61.80425262451172,17500,0.0,0.0
2011-06-30 00:00:00-04:00,62.11404517509238,65.0571071477094,62.03659741978876,62.88853454589844,510130,0.0,0.0
2011-07-01 00:00:00-04:00,63.19833257295079,65.59924848234604,63.19833257295079,65.36690521240234,44730,0.0,0.0
2011-07-05 00:00:00-04:00,65.4443652141525,65.4443652141525,62.57875631980917,64.28263092041016,38770,0.0,0.0
2011-07-06 00:00:00-04:00,64.36007462196754,64.82476712830406,63.04344486919977,64.12773132324219,22130,0.0,0.0
2011-07-07 00:00:00-04:00,65.05710970296433,66.9158854476832,64.36006806008409,66.52864074707031,18370,0.0,0.0
2011-07-08 00:00:00-04:00,65.98650042844942,66.76098989783914,62.96599622493811,64.97966766357422,44270,0.0,0.0
2011-07-11 00:00:00-04:00,63.97283592502783,66.68354936175686,63.97283592502783,66.21885681152344,35730,0.0,0.0
2011-07-12 00:00:00-04:00,66.063948759641,67.53547390536475,65.21200568510378,66.91588592529297,21700,0.0,0.0
2011-07-13 00:00:00-04:00,67.69038449432334,68.00018148073462,65.98650402350428,66.37374877929688,16060,0.0,0.0
2011-07-14 00:00:00-04:00,66.76097283081201,67.76781124718096,66.14138495902546,66.68352508544922,22320,0.0,0.0
2011-07-15 00:00:00-04:00,66.76099533309919,66.76099533309919,65.83161025772114,66.29630279541016,24670,0.0,0.0
2011-07-18 00:00:00-04:00,66.21884851652148,66.91589020899882,63.50813541935393,63.97282791137695,17110,0.0,0.0
2011-07-19 00:00:00-04:00,64.90222732565599,66.99334676875624,64.66987809469533,66.6061019897461,13250,0.0,0.0
2011-07-20 00:00:00-04:00,66.91589859131675,66.91589859131675,65.44436725817229,66.21885681152344,8830,0.0,0.0
2011-07-21 00:00:00-04:00,66.68354519119212,67.92272721727498,66.29630043873586,67.69038391113281,20730,0.0,0.0
2011-07-22 00:00:00-04:00,67.84527175444926,67.9227195143802,65.83160045181778,65.98649597167969,20320,0.0,0.0
2011-07-25 00:00:00-04:00,65.36691106210488,66.21884827924198,64.97966633532569,65.4443588256836,17780,0.0,0.0
2011-07-26 00:00:00-04:00,65.599264811604,66.2188588367894,64.36008267011975,64.51498413085938,17660,0.0,0.0
2011-07-27 00:00:00-04:00,64.36006315410502,64.36006315410502,62.2689442937494,62.65618896484375,26030,0.0,0.0
2011-07-28 00:00:00-04:00,62.036594628062396,63.430677796331764,60.64251736867772,60.79741287231445,26580,0.0,0.0
2011-07-29 00:00:00-04:00,59.868052848670445,63.430704089034435,59.248458759525775,63.27580261230469,33920,0.0,0.0
2011-08-01 00:00:00-04:00,63.81793958336448,64.12773658262518,60.71998140853015,61.72681427001953,33940,0.0,0.0
2011-08-02 00:00:00-04:00,61.49446740280495,62.65620165131303,60.33273315429687,60.332733154296875,23490,0.0,0.0
2011-08-03 00:00:00-04:00,60.56507609111972,63.74048774488016,59.248446314355085,63.43069076538086,30720,0.0,0.0
2011-08-04 00:00:00-04:00,62.88853171583381,63.585573299968495,60.79741287231445,60.79741287231445,39520,0.0,0.0
2011-08-05 00:00:00-04:00,61.494454951560684,65.83159408604052,58.78374225390019,62.65618896484375,46680,0.0,0.0
2011-08-08 00:00:00-04:00,61.18465805053711,63.74047524405016,58.706294518373056,61.18465805053711,58570,0.0,0.0
2011-08-09 00:00:00-04:00,62.73366797952091,65.83162689208984,59.79060464902535,65.83162689208984,60330,0.0,0.0
2011-08-10 00:00:00-04:00,63.97282590590605,63.97282590590605,57.234770210588024,57.46711349487305,59860,0.0,0.0
2011-08-11 00:00:00-04:00,57.931819849164135,62.036610858294026,57.69947062403633,61.339569091796875,31410,0.0,0.0
2011-08-12 00:00:00-04:00,61.49446817532104,62.73365020751953,58.706307125652934,59.24844741821289,29650,0.0,0.0
2011-08-15 00:00:00-04:00,60.02294035154512,62.65620601326114,59.790591122113625,62.578758239746094,18720,0.0,0.0
2011-08-16 00:00:00-04:00,61.80426549761523,61.95916103665244,60.10038502377566,61.26211929321289,17280,0.0,0.0
2011-08-17 00:00:00-04:00,61.804267951499426,63.43069481151019,61.33956949816524,61.72681427001953,15750,0.0,0.0
2011-08-18 00:00:00-04:00,60.022929564188416,61.02976816559344,57.234768856532206,58.00925827026367,24550,0.0,0.0
2011-08-19 00:00:00-04:00,57.0024281748919,59.55824598514485,56.84753263258585,57.07987594604492,21590,0.0,0.0
2011-08-22 00:00:00-04:00,59.09354358193921,59.32588685660174,56.382830682013285,58.62884521484375,19900,0.0,0.0
2011-08-23 00:00:00-04:00,59.1710018639009,61.417022705078125,57.6994705604478,61.417022705078125,28210,0.0,0.0
2011-08-24 00:00:00-04:00,61.339558335908805,63.275781842836295,60.87486587602325,61.95915222167969,19240,0.0,0.0
2011-08-25 00:00:00-04:00,62.423853222248404,62.578754669326976,58.706307125652934,59.24844741821289,21110,0.0,0.0
2011-08-26 00:00:00-04:00,59.01608991483317,60.642522381896875,57.38966335665465,58.62884521484375,59840,0.0,0.0
2011-08-29 00:00:00-04:00,59.55823928280397,63.275785059773426,59.09354679929347,63.04344177246094,58810,0.0,0.0
2011-08-30 00:00:00-04:00,62.65619481844758,63.35323647331492,60.79741904176311,62.733642578125,23160,0.0,0.0
2011-08-31 00:00:00-04:00,63.35321931935021,63.35321931935021,60.56505345482432,61.57189178466797,32160,0.0,0.0
2011-09-01 00:00:00-04:00,61.571905893617284,63.19833241469054,58.861193055533505,59.170989990234375,20320,0.0,0.0
2011-09-02 00:00:00-04:00,58.00925794194677,58.24160121942003,55.45344052754407,56.150482177734375,24190,0.0,0.0
2011-09-06 00:00:00-04:00,54.29170661514943,56.84752403904388,54.21425885570405,56.38283157348633,21840,0.0,0.0
2011-09-07 00:00:00-04:00,57.157328419866296,61.33956706273149,57.157328419866296,61.26211929321289,24920,0.0,0.0
2011-09-08 00:00:00-04:00,61.029772644918054,61.959157646054585,57.46711635316133,58.396507263183594,17380,0.0,0.0
2011-09-09 00:00:00-04:00,57.92683881747946,58.70963393663458,55.42189682508417,57.065765380859375,22540,0.8,0.0
2011-09-12 00:00:00-04:00,55.96984444412531,60.0403761966154,55.813287827588034,59.883819580078125,25470,0.0,0.0
2011-09-13 00:00:00-04:00,60.353488247026,62.38875388198997,60.353488247026,61.99735641479492,31820,0.0,0.0
2011-09-14 00:00:00-04:00,62.70189740426195,65.20684575060895,61.527704546608156,63.954368591308594,30560,0.0,0.0
2011-09-15 00:00:00-04:00,64.42404490886605,67.24210632768241,63.79780638368322,66.77243041992188,27580,0.0,0.0
2011-09-16 00:00:00-04:00,67.3203787534525,67.3203787534525,65.83306686561174,66.2244644165039,79770,0.0,0.0
2011-09-19 00:00:00-04:00,65.05026497661561,66.77241760420685,63.95435075401246,66.14617919921875,21500,0.0,0.0
2011-09-20 00:00:00-04:00,66.14617421270286,67.86832073821579,63.876067631071024,64.11090850830078,26000,0.0,0.0
2011-09-21 00:00:00-04:00,64.34574023702226,66.6941250043917,62.232196335290276,62.467037200927734,23860,0.0,0.0
2011-09-22 00:00:00-04:00,60.58834134616926,64.03264094717743,60.196943799969524,61.2928581237793,34370,0.0,0.0
2011-09-23 00:00:00-04:00,62.07565331753965,64.65887354332436,61.840812400535306,63.406402587890625,35740,0.0,0.0
2011-09-26 00:00:00-04:00,64.58058472358105,67.085526226989,62.85843818651955,67.00724792480469,29310,0.0,0.0
2011-09-27 00:00:00-04:00,67.55520936764918,70.06015092234054,67.08552760042426,68.4162826538086,35170,0.0,0.0
2011-09-28 00:00:00-04:00,68.49457689412107,69.1990937366255,64.97199865385198,65.12855529785156,28220,0.0,0.0
2011-09-29 00:00:00-04:00,67.00724792480469,67.86832119333545,64.89370390456996,67.00724792480469,24730,0.0,0.0
2011-09-30 00:00:00-04:00,66.06789279875173,67.71176094516679,65.59821703866905,66.38101196289062,32920,0.0,0.0
2011-10-03 00:00:00-04:00,66.85069087214055,69.6687515376397,64.11090850830078,64.11090850830078,42670,0.0,0.0
2011-10-04 00:00:00-04:00,63.406390702058076,69.82530687805718,62.85843662810137,69.12079620361328,60910,0.0,0.0
2011-10-05 00:00:00-04:00,69.19907547134984,70.9995002911309,67.39864467931721,68.65111541748047,26030,0.0,0.0
2011-10-06 00:00:00-04:00,68.72940305874404,69.19907886203747,67.32036967661189,68.10316467285156,30000,0.0,0.0
2011-10-07 00:00:00-04:00,68.02488816683622,68.72940487653572,60.588335505873445,60.74489212036133,63200,0.0,0.0
2011-10-10 00:00:00-04:00,61.919078393188364,64.58058237648784,61.919078393188364,64.50230407714844,32450,0.0,0.0
2011-10-11 00:00:00-04:00,64.18919025548834,66.77241615467095,63.562951864095005,66.302734375,24310,0.0,0.0
2011-10-12 00:00:00-04:00,67.085522616889,67.39864178102789,65.83305193258472,66.38101196289062,26390,0.0,0.0
2011-10-13 00:00:00-04:00,66.06790161132812,66.61585574247248,64.42403324564296,66.06790161132812,16050,0.0,0.0
2011-10-14 00:00:00-04:00,67.00723659906903,67.94659398326313,65.75476605906086,67.79003143310547,17800,0.0,0.0
2011-10-17 00:00:00-04:00,66.85069642078702,67.47692885829137,65.59822557352621,65.91133880615234,22570,0.0,0.0
2011-10-18 00:00:00-04:00,66.06789748857682,68.57283903499845,66.06789748857682,68.25971984863281,39260,0.0,0.0
2011-10-19 00:00:00-04:00,68.10315242865961,68.80766899306143,66.694119299856,67.39863586425781,20200,0.0,0.0
2011-10-20 00:00:00-04:00,67.55521443638908,68.49456609681596,65.91134007226373,67.32037353515625,20910,0.0,0.0
2011-10-21 00:00:00-04:00,68.65111805909453,69.35563474274895,66.69413058908326,68.18144226074219,22790,0.0,0.0
2011-10-24 00:00:00-04:00,68.57283710541773,70.8429436773751,67.7117638463309,70.21670532226562,28090,0.0,0.0
2011-10-25 00:00:00-04:00,69.6687520048329,70.21670609237475,66.85069132043606,67.00724792480469,21050,0.0,0.0
2011-10-26 00:00:00-04:00,68.57284715341379,71.54747081767874,66.38102453386549,71.46919250488281,37780,0.0,0.0
2011-10-27 00:00:00-04:00,71.70401783706558,74.28724361902303,68.9642354504902,73.4261703491211,48140,0.0,0.0
2011-10-28 00:00:00-04:00,72.48682452212017,74.36553394248614,70.99951264881993,71.07779693603516,27270,0.0,0.0
2011-10-31 00:00:00-04:00,70.06015746965491,70.21671409185936,68.65112398080561,68.72940826416016,22930,0.0,0.0
2011-11-01 00:00:00-04:00,66.53757333666209,68.65111739492595,65.67650005263799,66.69412994384766,22490,0.0,0.0
2011-11-02 00:00:00-04:00,68.02489026660251,68.96424192702939,66.14618097349654,67.32037353515625,32080,0.0,0.0
2011-11-03 00:00:00-04:00,68.5728371273677,69.19907548267763,65.28510069261952,67.08552551269531,32430,0.0,0.0
2011-11-04 00:00:00-04:00,66.30272118113251,67.55519771468342,65.51992633378856,67.47691345214844,22280,0.0,0.0
2011-11-07 00:00:00-05:00,67.47692557708777,68.33800484169417,65.59822238367839,68.18144226074219,14300,0.0,0.0
2011-11-08 00:00:00-05:00,68.9642446896459,71.62574913047467,67.71177376815365,71.46919250488281,20310,0.0,0.0
2011-11-09 00:00:00-05:00,69.19906732188048,70.52981620466149,67.55519929837133,68.88594818115234,36730,0.0,0.0
2011-11-10 00:00:00-05:00,70.37328668090768,70.92124090869741,68.10317950302296,69.66876983642578,18460,0.0,0.0
2011-11-11 00:00:00-05:00,70.5298348345743,71.7040274432706,70.5298348345743,71.46919250488281,13980,0.0,0.0
2011-11-14 00:00:00-05:00,71.07778215247531,71.62573621549659,69.98186805418136,70.84294128417969,32990,0.0,0.0
2011-11-15 00:00:00-05:00,70.60812152823185,73.34790460705631,69.35565045807702,72.72167205810547,13780,0.0,0.0
2011-11-16 00:00:00-05:00,71.86056047616297,73.73926309933718,70.8429249117353,71.15604400634766,16580,0.0,0.0
2011-11-17 00:00:00-05:00,71.39090821983443,72.79994173917098,70.37327820898244,71.46919250488281,17370,0.0,0.0
2011-11-18 00:00:00-05:00,71.86058093214157,71.86058093214157,70.5298258942861,71.62574005126953,17170,0.0,0.0
2011-11-21 00:00:00-05:00,70.21669864402443,70.99949352733462,68.80767143741667,70.29498291015625,17590,0.0,0.0
2011-11-22 00:00:00-05:00,70.29499763636971,70.68639516001933,68.65112325923958,68.80768585205078,12260,0.0,0.0
2011-11-23 00:00:00-05:00,67.94661065173476,68.10316726804783,65.75478218983928,65.91133880615234,14600,0.0,0.0
2011-11-25 00:00:00-05:00,65.51995015496878,66.77242714388451,64.42404174804688,64.42404174804688,8360,0.0,0.0
2011-11-28 00:00:00-05:00,66.69413319099667,68.1031666132756,66.30273568172497,67.7117691040039,16170,0.0,0.0
2011-11-29 00:00:00-05:00,67.86832191765428,68.65111689235503,66.22445366523306,66.92897033691406,14240,0.0,0.0
2011-11-30 00:00:00-05:00,69.85266887802557,72.30225217211378,69.29953327699907,71.90715789794922,31750,0.8,0.0
2011-12-01 00:00:00-05:00,72.06518713771645,73.88262305754782,71.43303996939314,72.30224609375,13990,0.0,0.0
2011-12-02 00:00:00-05:00,73.40851436986745,75.06790904836242,72.53930820767103,72.93440246582031,11360,0.0,0.0
2011-12-05 00:00:00-05:00,74.1987181584075,75.77909551629196,73.3295118173033,75.06792449951172,17570,0.0,0.0
2011-12-06 00:00:00-05:00,75.06791530936752,75.46300960046946,73.4085204924715,74.83085632324219,11960,0.0,0.0
2011-12-07 00:00:00-05:00,74.35674891697394,76.17418517840876,72.53931868419993,75.85810852050781,9210,0.0,0.0
2011-12-08 00:00:00-05:00,74.98890243683744,74.98890243683744,71.51207124778743,71.74913024902344,12200,0.0,0.0
2011-12-09 00:00:00-05:00,71.82815212158083,76.17418985576307,71.82815212158083,75.06792449951172,17360,0.0,0.0
2011-12-12 00:00:00-05:00,74.27773125966391,76.01614383512788,72.85538931344006,75.85810852050781,16880,0.0,0.0
2011-12-13 00:00:00-05:00,76.8063170206034,78.54473527515049,75.14692243613635,75.70005798339844,25290,0.0,0.0
2011-12-14 00:00:00-05:00,74.98889158769671,76.2531920111654,73.64556748947503,75.14692687988281,23110,0.0,0.0
2011-12-15 00:00:00-05:00,76.56927642853816,77.0433883820804,74.59380493156175,74.98889923095703,29280,0.0,0.0
2011-12-16 00:00:00-05:00,75.62104649279314,76.33221743743677,73.25048069642143,74.98889923095703,47870,0.0,0.0
2011-12-19 00:00:00-05:00,75.46301281484769,76.49026042693293,70.8008987755281,71.35403442382812,31680,0.0,0.0
2011-12-20 00:00:00-05:00,73.32950437922895,75.7790878297476,72.06519779823559,74.98889923095703,35470,0.0,0.0
2011-12-21 00:00:00-05:00,75.0679032079333,76.25318589016382,73.7245852462025,75.62103271484375,21600,0.0,0.0
2011-12-22 00:00:00-05:00,76.33222639884755,77.91260378196515,75.77909672622091,77.59652709960938,12380,0.0,0.0
2011-12-23 00:00:00-05:00,77.83357084828724,77.83357084828724,76.72730569141204,77.28044128417969,7010,0.0,0.0
2011-12-27 00:00:00-05:00,76.33221894890994,77.83357852207293,75.54203033447266,75.54203033447266,12000,0.0,0.0
2011-12-28 00:00:00-05:00,75.30496778937402,75.93711498332526,71.03794860839844,71.03794860839844,25990,0.0,0.0
2011-12-29 00:00:00-05:00,71.19599150198206,73.64557495101037,71.03795619378434,73.25048065185547,22250,0.0,0.0
2011-12-30 00:00:00-05:00,73.17145837967038,73.96164692810885,71.67009893190526,71.82814025878906,18760,0.0,0.0
2012-01-03 00:00:00-05:00,73.80362872087422,74.59381745229972,72.14423359061297,72.4603042602539,32790,0.0,0.0
2012-01-04 00:00:00-05:00,71.98617081560612,72.7763593119984,70.24775853500698,70.64285278320312,34960,0.0,0.0
2012-01-05 00:00:00-05:00,70.01069800294798,70.9589277945277,68.58836235856788,70.24775695800781,17210,0.0,0.0
2012-01-06 00:00:00-05:00,70.32678221503333,71.03795312855786,69.45757600013015,70.40579986572266,18610,0.0,0.0
2012-01-09 00:00:00-05:00,70.80089879578128,71.03795779207205,67.40309136379793,67.71916198730469,26260,0.0,0.0
2012-01-10 00:00:00-05:00,68.82541681620837,70.95892937323478,68.82541681620837,70.8799057006836,15840,0.0,0.0
2012-01-11 00:00:00-05:00,70.32678526353207,71.90716246046539,69.61561431917998,71.19599151611328,18020,0.0,0.0
2012-01-12 00:00:00-05:00,71.11696491090737,73.25047144677067,70.64285301723329,72.85537719726562,14910,0.0,0.0
2012-01-13 00:00:00-05:00,71.90715498316821,73.56654966166319,71.74911969137248,72.93440246582031,12860,0.0,0.0
2012-01-17 00:00:00-05:00,73.48754434585497,74.11969767642348,72.14422605422308,72.2232437133789,15830,0.0,0.0
2012-01-18 00:00:00-05:00,72.30225527165399,74.83085632324219,71.90716098055205,74.83085632324219,10960,0.0,0.0
2012-01-19 00:00:00-05:00,74.98888397543298,75.77907241346988,74.43574845161154,75.22593688964844,10850,0.0,0.0
2012-01-20 00:00:00-05:00,75.38398294820365,76.8853422808821,75.14692399037979,76.41122436523438,10880,0.0,0.0
2012-01-23 00:00:00-05:00,76.33220672997685,77.04337757486137,75.77907719987763,76.25318908691406,12550,0.0,0.0
2012-01-24 00:00:00-05:00,75.70007906279729,77.83358611854153,75.06792569808573,77.59652709960938,14400,0.0,0.0
2012-01-25 00:00:00-05:00,77.7545638610944,78.86082916964678,76.41123954761618,78.22867584228516,15980,0.0,0.0
2012-01-26 00:00:00-05:00,78.70277404209327,79.01885065042696,77.43847363741841,78.78179168701172,22310,0.0,0.0
2012-01-27 00:00:00-05:00,78.544744897828,80.52021631865536,78.38670356696561,80.36217498779297,36360,0.0,0.0
2012-01-30 00:00:00-05:00,79.4139709156252,80.2041596809548,78.70279982109618,79.49298858642578,16770,0.0,0.0
2012-01-31 00:00:00-05:00,80.91530237153506,80.91530237153506,76.0951538007885,76.25318908691406,17830,0.0,0.0
2012-02-01 00:00:00-05:00,77.20143896505022,78.2286867581881,76.09517953079313,77.04340362548828,20680,0.0,0.0
2012-02-02 00:00:00-05:00,77.0433823117564,77.59651187586394,75.62104053453686,77.28044128417969,21400,0.0,0.0
2012-02-03 00:00:00-05:00,78.22868344440607,79.41396652689708,76.80634133395228,78.30770111083984,23330,0.0,0.0
2012-02-06 00:00:00-05:00,77.91261005040246,77.91261005040246,76.33223254013603,77.04340362548828,10350,0.0,0.0
2012-02-07 00:00:00-05:00,76.72732081682254,78.14966287443123,76.0161497880182,77.3594741821289,20370,0.0,0.0
2012-02-08 00:00:00-05:00,77.35945734402165,78.30768115692894,76.0951569172586,77.12239837646484,10980,0.0,0.0
2012-02-09 00:00:00-05:00,77.04339303169313,77.04339303169313,75.54203339765102,76.09516906738281,11340,0.0,0.0
2012-02-10 00:00:00-05:00,75.06791998938093,75.62104961994362,73.72460172735107,73.80361938476562,6990,0.0,0.0
2012-02-13 00:00:00-05:00,74.75184023985562,75.5420288386462,74.35674594046034,74.98889923095703,10860,0.0,0.0
2012-02-14 00:00:00-05:00,74.67282567364734,74.98890233196637,72.53931878015032,73.80361938476562,9830,0.0,0.0
2012-02-15 00:00:00-05:00,74.2777267396972,74.2777267396972,72.14421997885093,72.53931427001953,12080,0.0,0.0
2012-02-16 00:00:00-05:00,72.38126858300973,75.77908169416361,72.22323328751145,75.38398742675781,15230,0.0,0.0
2012-02-17 00:00:00-05:00,75.85810235206117,75.85810235206117,74.11968991795723,74.27772521972656,11920,0.0,0.0
2012-02-21 00:00:00-05:00,74.59380493196467,74.90988157721472,72.77636874327231,73.013427734375,9320,0.0,0.0
2012-02-22 00:00:00-05:00,72.77636407530157,73.2504759984362,71.74912257995324,72.06519317626953,9840,0.0,0.0
2012-02-23 00:00:00-05:00,72.14423047894714,73.48754885296695,71.90717145827949,73.40853118896484,9260,0.0,0.0
2012-02-24 00:00:00-05:00,73.48753964281265,74.35674589522132,73.1714629977566,73.25048065185547,8780,0.0,0.0
2012-02-27 00:00:00-05:00,72.77636720081247,73.56655578285965,71.43304902279645,72.69734954833984,5780,0.0,0.0
2012-02-28 00:00:00-05:00,72.93441165555268,73.01342931140677,70.72188111967401,71.35403442382812,13080,0.0,0.0
2012-02-29 00:00:00-05:00,71.95229894101563,71.95229894101563,68.60197248651828,69.71875,16460,0.85,0.0
2012-03-01 00:00:00-05:00,70.19735092325769,71.31412817786243,69.08057366865295,69.31988525390625,12100,0.0,0.0
2012-03-02 00:00:00-05:00,69.16035207816633,70.11759247039278,67.40542048800546,67.96380615234375,18520,0.0,0.0
2012-03-05 00:00:00-05:00,67.80426469714126,68.44242491690488,66.92679895942646,67.884033203125,14680,0.0,0.0
2012-03-06 00:00:00-05:00,67.00658383760393,67.88404978971622,66.36842346191406,66.36842346191406,12210,0.0,0.0
2012-03-07 00:00:00-05:00,66.84703150481448,68.52219450060737,66.36840828949053,67.24588012695312,12150,0.0,0.0
2012-03-08 00:00:00-05:00,67.80428390056767,68.36266968654583,66.20888898526019,68.20313262939453,14010,0.0,0.0
2012-03-09 00:00:00-05:00,68.28289631959821,70.67598852299031,67.88404761903287,69.16036224365234,12360,0.0,0.0
2012-03-12 00:00:00-04:00,69.31989153929335,69.31989153929335,67.96380257647571,68.28288269042969,9180,0.0,0.0
2012-03-13 00:00:00-04:00,68.84127782530483,70.11759225846858,68.44242918456945,69.87828063964844,13490,0.0,0.0
2012-03-14 00:00:00-04:00,70.11758231843446,70.75573640157647,69.5591906489955,70.35688781738281,8110,0.0,0.0
2012-03-15 00:00:00-04:00,70.35691016349438,72.6702339037434,70.27714163850959,72.2713851928711,12660,0.0,0.0
2012-03-16 00:00:00-04:00,72.5904524061415,72.67022091687087,71.07482635849415,71.79275512695312,25050,0.0,0.0
2012-03-19 00:00:00-04:00,71.87253244531908,73.46792719920384,71.71299540430981,72.82977294921875,15960,0.0,0.0
2012-03-20 00:00:00-04:00,72.35114247783773,72.90953423787973,72.27137396524527,72.5904541015625,19870,0.0,0.0
2012-03-21 00:00:00-04:00,72.59045091229889,73.38814817507141,72.19160228091263,72.67021942138672,14740,0.0,0.0
2012-03-22 00:00:00-04:00,71.8725221586142,72.98929954368515,71.23436799996448,72.67021942138672,12920,0.0,0.0
2012-03-23 00:00:00-04:00,72.5904415646115,73.8667558035033,72.11182448577036,73.7869873046875,10000,0.0,0.0
2012-03-26 00:00:00-04:00,75.46216347611927,76.49917240205534,74.42516063613063,75.94078063964844,14530,0.0,0.0
2012-03-27 00:00:00-04:00,75.94077619869519,76.4193994201823,75.54192757142064,75.86100769042969,11310,0.0,0.0
2012-03-28 00:00:00-04:00,75.94078989568732,76.49918172615376,74.9835554519565,75.06332397460938,10020,0.0,0.0
2012-03-29 00:00:00-04:00,74.34537841617407,74.58469001638076,72.9892955775277,73.22860717773438,14060,0.0,0.0
2012-03-30 00:00:00-04:00,73.78699139336854,74.02630298902301,72.11182848162736,72.19159698486328,12000,0.0,0.0
2012-04-02 00:00:00-04:00,71.79274838273696,72.51067708375366,71.15458818495618,72.19159698486328,15010,0.0,0.0
2012-04-03 00:00:00-04:00,71.95229129407127,72.51068303444131,71.0748255145723,71.39390563964844,15140,0.0,0.0
2012-04-04 00:00:00-04:00,70.35691517148335,70.91530705801979,69.08060042303387,69.63899230957031,10720,0.0,0.0
2012-04-05 00:00:00-04:00,69.08058968202535,69.79851851825988,68.60197248651828,69.71875,7360,0.0,0.0
2012-04-09 00:00:00-04:00,68.36266736506202,68.92105921802674,66.68750397806468,67.00658416748047,10550,0.0,0.0
2012-04-10 00:00:00-04:00,67.00658349252119,67.32566367872286,64.93257141113281,64.93257141113281,11160,0.0,0.0
2012-04-11 00:00:00-04:00,65.73025598098236,66.4481847380676,65.17186424282845,66.12910461425781,10890,0.0,0.0
2012-04-12 00:00:00-04:00,65.96955342831906,67.80425935101933,65.41116784451276,67.40541076660156,9050,0.0,0.0
2012-04-13 00:00:00-04:00,66.84704151341332,66.84704151341332,65.81003250620904,65.88980102539062,8430,0.0,0.0
2012-04-16 00:00:00-04:00,66.36842423127611,67.40543333230636,65.65050140773812,66.76727294921875,6050,0.0,0.0
2012-04-17 00:00:00-04:00,67.24590633665537,69.16037560034499,67.24590633665537,68.60198974609375,8420,0.0,0.0
2012-04-18 00:00:00-04:00,68.04359575106656,68.12336427985186,66.12912063047649,66.52796936035156,7250,0.0,0.0
2012-04-19 00:00:00-04:00,66.28864029709584,67.08633754756859,64.61347728829247,65.09209442138672,7050,0.0,0.0
2012-04-20 00:00:00-04:00,66.04934337971008,67.48519496608336,65.88980025725894,67.1661148071289,11110,0.0,0.0
2012-04-23 00:00:00-04:00,65.73027131096516,66.44820023548981,64.21464493384616,64.4539566040039,12810,0.0,0.0
2012-04-24 00:00:00-04:00,64.61348332705084,65.96956634521484,64.21463466453818,65.96956634521484,10750,0.0,0.0
2012-04-25 00:00:00-04:00,66.92682422651272,68.12337052584508,66.84705569041374,68.0436019897461,10390,0.0,0.0
2012-04-26 00:00:00-04:00,67.4852018587052,67.72451352385016,66.28865570487727,66.76727294921875,16020,0.0,0.0
2012-04-27 00:00:00-04:00,66.76725065967449,69.39965375367521,65.96955349009201,69.31988525390625,14630,0.0,0.0
2012-04-30 00:00:00-04:00,69.00082774389358,69.00082774389358,67.00658416748047,67.00658416748047,11400,0.0,0.0
2012-05-01 00:00:00-04:00,66.84704476318491,67.88404773485523,65.8100357055664,65.8100357055664,13770,0.0,0.0
2012-05-02 00:00:00-04:00,65.17186547187924,66.527954502158,65.01232844993929,66.28864288330078,10200,0.0,0.0
2012-05-03 00:00:00-04:00,65.96958734796286,66.12913051533027,64.61350389806236,65.41120147705078,14460,0.0,0.0
2012-05-04 00:00:00-04:00,64.8528009094715,65.96957239821762,64.29440907915026,65.171875,15670,0.0,0.0
2012-05-07 00:00:00-04:00,64.93258414684765,66.12913051533027,64.8528156061387,65.41120147705078,6900,0.0,0.0
2012-05-08 00:00:00-04:00,65.01233158341374,66.36841459310591,64.6134829233928,66.20887756347656,8800,0.0,0.0
2012-05-09 00:00:00-04:00,65.33141848126103,66.20888440681227,65.09210682613423,65.8100357055664,6800,0.0,0.0
2012-05-10 00:00:00-04:00,66.60772429176576,68.36265591058303,66.60772429176576,67.32565307617188,5870,0.0,0.0
2012-05-11 00:00:00-04:00,66.52795386053604,67.88403679178893,66.44818535033538,67.56495666503906,9900,0.0,0.0
2012-05-14 00:00:00-04:00,66.68748562301202,67.80426293561145,65.88978841200483,67.08633422851562,8900,0.0,0.0
2012-05-15 00:00:00-04:00,66.84703130655728,68.44242579038016,66.84703130655728,68.28288269042969,9300,0.0,0.0
2012-05-16 00:00:00-04:00,68.44245075619021,69.39968536127641,67.72452175940096,68.0436019897461,9990,0.0,0.0
2012-05-17 00:00:00-04:00,68.3626575941785,69.24012951114439,67.8042719069707,68.12335205078125,9300,0.0,0.0
2012-05-18 00:00:00-04:00,68.12334250040547,69.71873690984847,67.80426240132753,68.3626480102539,13570,0.0,0.0
2012-05-21 00:00:00-04:00,68.3626539389401,68.3626539389401,65.88979360703632,67.56495666503906,18200,0.0,0.0
2012-05-22 00:00:00-04:00,67.48519247995247,67.96380965777814,65.81002931458883,65.96956634521484,12100,0.0,0.0
2012-05-23 00:00:00-04:00,65.41118024343467,66.52795770868283,64.77301995302214,66.20887756347656,9000,0.0,0.0
2012-05-24 00:00:00-04:00,66.04934968518154,67.00658416748047,65.2516522546163,67.00658416748047,6760,0.0,0.0
2012-05-25 00:00:00-04:00,67.16612166716139,67.4852018587052,66.04935012568076,66.76727294921875,6900,0.0,0.0
2012-05-29 00:00:00-04:00,67.32565113443708,67.96380530198958,66.04933671338486,67.56495666503906,7980,0.0,0.0
2012-05-30 00:00:00-04:00,66.60771045924176,68.3626417136098,66.28863038955318,67.48517608642578,8890,0.0,0.0
2012-05-31 00:00:00-04:00,67.92837880734874,68.97590642658137,66.4779483835311,68.00895690917969,21820,0.85,0.0
2012-06-01 00:00:00-04:00,66.47795058475454,67.68664059538644,65.99447581004485,66.15563201904297,15140,0.0,0.0
2012-06-04 00:00:00-04:00,66.80026998200097,67.92838190217662,66.31679520127294,67.76721954345703,5940,0.0,0.0
2012-06-05 00:00:00-04:00,67.04200840776933,68.33128276568915,66.31679926608412,67.20317077636719,16850,0.0,0.0
2012-06-06 00:00:00-04:00,67.60607862561399,69.21766569107456,67.52550050188432,69.05650329589844,11100,0.0,0.0
2012-06-07 00:00:00-04:00,70.18460088827098,70.90981614658598,69.05648894730493,69.70112609863281,11290,0.0,0.0
2012-06-08 00:00:00-04:00,69.37880486931478,71.7156067688542,68.73417389035873,70.7486572265625,9600,0.0,0.0
2012-06-11 00:00:00-04:00,71.6350388242306,71.6350388242306,67.12259674072266,67.12259674072266,12190,0.0,0.0
2012-06-12 00:00:00-04:00,67.68663480173863,68.7341685137086,66.88084153028937,68.41184997558594,10580,0.0,0.0
2012-06-13 00:00:00-04:00,68.49243432020816,69.29822766515179,66.88084763032091,67.44490051269531,10570,0.0,0.0
2012-06-14 00:00:00-04:00,67.44489435576936,70.26517080561396,67.44489435576936,69.86227416992188,7970,0.0,0.0
2012-06-15 00:00:00-04:00,69.86227964046063,71.6350286649491,69.37880486931478,70.7486572265625,19150,0.0,0.0
2012-06-18 00:00:00-04:00,70.18459730139236,70.82923441977519,69.13706966866421,69.62054443359375,11530,0.0,0.0
2012-06-19 00:00:00-04:00,69.70113403320313,72.60198924897239,69.70113403320313,70.50692749023438,13110,0.0,0.0
2012-06-20 00:00:00-04:00,70.3457555553633,70.66806794805639,69.13706563961969,69.21764373779297,12430,0.0,0.0
2012-06-21 00:00:00-04:00,69.37881534139376,69.70113395338038,68.3312875370825,68.73418426513672,19410,0.0,0.0
2012-06-22 00:00:00-04:00,69.05649211214482,69.37881070258054,68.49243918966916,68.97591400146484,24780,0.0,0.0
2012-06-25 00:00:00-04:00,67.5254974293639,69.62055928959053,67.2837569214577,69.2982406616211,12600,0.0,0.0
2012-06-26 00:00:00-04:00,69.62055110179946,70.0234478024491,68.73417958991344,69.45938873291016,10440,0.0,0.0
2012-06-27 00:00:00-04:00,69.29822182034749,71.0709645706193,68.49242854336671,70.6680679321289,8180,0.0,0.0
2012-06-28 00:00:00-04:00,69.78170054070146,71.15155287840004,69.29822577645528,71.07096862792969,9800,0.0,0.0
2012-06-29 00:00:00-04:00,72.19908275898746,74.53588469798073,72.03792654845634,73.6495132446289,17510,0.0,0.0
2012-07-02 00:00:00-04:00,73.64951526579691,77.19500732421875,73.24661858069705,77.19500732421875,10780,0.0,0.0
2012-07-03 00:00:00-04:00,76.79211495132954,79.04833282595584,76.79211495132954,78.40370178222656,11990,0.0,0.0
2012-07-05 00:00:00-04:00,78.08137660869082,78.08137660869082,74.05240987086069,74.13298797607422,29820,0.0,0.0
2012-07-06 00:00:00-04:00,73.08545736494366,74.53588791315069,72.5214044560385,72.92430114746094,11160,0.0,0.0
2012-07-09 00:00:00-04:00,72.60197906554967,73.16603809498426,71.55445140696888,72.36024475097656,18050,0.0,0.0
2012-07-10 00:00:00-04:00,73.08545426014996,74.05240996711527,72.27966091153655,73.1660385131836,15540,0.0,0.0
2012-07-11 00:00:00-04:00,73.16603753931223,74.77762421508814,72.52140040991576,73.00487518310547,12560,0.0,0.0
2012-07-12 00:00:00-04:00,72.27965994946325,73.73009041674769,70.99039183838559,73.00487518310547,9950,0.0,0.0
2012-07-13 00:00:00-04:00,73.56893105764408,74.6970367642035,72.92429395585438,74.21356201171875,11130,0.0,0.0
2012-07-16 00:00:00-04:00,73.89125959481913,74.77763734024737,72.84373176032923,74.37474060058594,10800,0.0,0.0
2012-07-17 00:00:00-04:00,75.18051814842038,75.58341480270406,73.32719107962943,74.53588104248047,11810,0.0,0.0
2012-07-18 00:00:00-04:00,65.02751020487372,69.70111332630104,59.14522340469313,62.5295524597168,138770,0.0,0.0
2012-07-19 00:00:00-04:00,62.85188030188223,63.738251743263156,58.09769838283783,58.98406982421875,44620,0.0,0.0
2012-07-20 00:00:00-04:00,58.258867283380994,58.258867283380994,53.90758154413945,56.56669616699219,35300,0.0,0.0
2012-07-23 00:00:00-04:00,55.519172119678196,55.519172119678196,54.22990377847814,54.7939567565918,31190,0.0,0.0
2012-07-24 00:00:00-04:00,55.19684451840202,55.19684451840202,52.53772400222497,52.860042572021484,20900,0.0,0.0
2012-07-25 00:00:00-04:00,53.42409727910854,54.22989056447841,50.84555507729601,51.570770263671875,29320,0.0,0.0
2012-07-26 00:00:00-04:00,52.2154073562589,52.37656355426299,50.926136255224115,51.32903289794922,17030,0.0,0.0
2012-07-27 00:00:00-04:00,51.57077051271321,51.81251095857752,51.00671459545892,51.49019241333008,20780,0.0,0.0
2012-07-30 00:00:00-04:00,51.57076977638823,52.295984955911656,50.84555459686481,51.0067138671875,18590,0.0,0.0
2012-07-31 00:00:00-04:00,50.845558420454225,51.24845508963011,49.959186977810326,50.76498031616211,36630,0.0,0.0
2012-08-01 00:00:00-04:00,50.84556190972391,52.05425200019777,49.636871819250054,49.71745300292969,30940,0.0,0.0
2012-08-02 00:00:00-04:00,50.44266198200586,52.29598912777829,49.95918720632641,50.92613983154297,14820,0.0,0.0
2012-08-03 00:00:00-04:00,51.97367443359349,54.149314160099465,51.490199621893915,52.53772735595703,21660,0.0,0.0
2012-08-06 00:00:00-04:00,52.29598099722048,52.29598099722048,50.20091678933203,50.281497955322266,14590,0.0,0.0
2012-08-07 00:00:00-04:00,50.684406160978156,51.731933893825094,50.44266568155114,51.40961837768555,14710,0.0,0.0
2012-08-08 00:00:00-04:00,51.973675294355914,53.66584023718711,50.845563283229815,53.18236541748047,12100,0.0,0.0
2012-08-09 00:00:00-04:00,53.26294264736428,53.26294264736428,51.32904032670809,52.53772735595703,11980,0.0,0.0
2012-08-10 00:00:00-04:00,52.37657166106453,54.22989896354238,51.73193447384202,53.74641799926758,8290,0.0,0.0
2012-08-13 00:00:00-04:00,53.50467608632448,54.471625582481536,52.21540804221009,53.262935638427734,7080,0.0,0.0
2012-08-14 00:00:00-04:00,53.42410607406558,54.71337431336051,52.61831265604176,53.585262298583984,12390,0.0,0.0
2012-08-15 00:00:00-04:00,53.504681840701956,56.00264009752317,53.26294136680625,55.4385871887207,19340,0.0,0.0
2012-08-16 00:00:00-04:00,55.19685404641288,56.72786290644061,54.06874193124947,56.40554428100586,12650,0.0,0.0
2012-08-17 00:00:00-04:00,56.16378955134348,57.936538468422114,55.92205525427472,57.050167083740234,17550,0.0,0.0
2012-08-20 00:00:00-04:00,57.05016708374024,57.8559603693992,56.405529996127115,57.050167083740234,10720,0.0,0.0
2012-08-21 00:00:00-04:00,57.29191234295624,58.90349922263273,57.0501779996344,57.211334228515625,12290,0.0,0.0
2012-08-22 00:00:00-04:00,57.21133060055179,58.09770209862284,56.64727768751994,57.614227294921875,11500,0.0,0.0
2012-08-23 00:00:00-04:00,57.85595962445703,58.74233099772616,56.16378882818937,56.324951171875,17620,0.0,0.0
2012-08-24 00:00:00-04:00,56.00264753614153,56.969597264729344,55.680328910706784,56.40554428100586,13330,0.0,0.0
2012-08-27 00:00:00-04:00,56.88901914529976,56.88901914529976,55.922069416711956,56.40554428100586,10080,0.0,0.0
2012-08-28 00:00:00-04:00,56.08322511008624,56.32496561374016,55.51917213184893,55.680328369140625,7430,0.0,0.0
2012-08-29 00:00:00-04:00,55.802699800393114,58.41334987468254,55.802699800393114,58.08701705932617,13820,0.85,0.0
2012-08-30 00:00:00-04:00,57.515934687374944,57.67909796982561,56.61852418533578,57.18960189819336,7290,0.0,0.0
2012-08-31 00:00:00-04:00,57.76068319833806,57.76068319833806,56.53693996298581,56.78168487548828,12930,0.0,0.0
2012-09-04 00:00:00-04:00,56.61853100966739,59.14759953816731,56.21061653009383,58.73968505859375,21490,0.0,0.0
2012-09-05 00:00:00-04:00,58.739687637544016,59.066020480386626,57.760695333297456,57.923858642578125,13800,0.0,0.0
2012-09-06 00:00:00-04:00,58.00543090547713,58.73967812691967,57.108020401171906,58.41334533691406,19020,0.0,0.0
2012-09-07 00:00:00-04:00,58.73968018675745,59.63709072253236,58.33176574101607,58.9028434753418,10870,0.0,0.0
2012-09-10 00:00:00-04:00,58.73969137257543,59.55552041941675,58.005443985561904,59.147605895996094,7690,0.0,0.0
2012-09-11 00:00:00-04:00,58.984426678178345,60.208169918602955,58.984426678178345,59.47392272949219,8350,0.0,0.0
2012-09-12 00:00:00-04:00,59.55550436733117,60.208169918602955,58.90283881605938,59.47392272949219,12430,0.0,0.0
2012-09-13 00:00:00-04:00,59.3107565085839,60.0450037382882,59.22917486623461,59.55550765991211,22010,0.0,0.0
2012-09-14 00:00:00-04:00,59.71867752075195,60.20817987731172,59.39235091542013,59.71867752075195,31610,0.0,0.0
2012-09-17 00:00:00-04:00,59.392357099761156,59.80027162318182,58.73969137257543,59.147605895996094,8690,0.0,0.0
2012-09-18 00:00:00-04:00,59.22918646911044,59.71868264337782,58.902853611504995,59.310768127441406,19120,0.0,0.0
2012-09-19 00:00:00-04:00,59.31075249703103,59.39234035814236,57.92384599805712,58.33176040649414,13330,0.0,0.0
2012-09-20 00:00:00-04:00,58.08702179077988,58.41335463271755,56.70011499289636,56.94486618041992,13070,0.0,0.0
2012-09-21 00:00:00-04:00,57.43434787439074,59.229168716851824,57.27117838235265,57.842262268066406,40190,0.0,0.0
2012-09-24 00:00:00-04:00,57.51593521663121,58.16860080100014,56.781687990286244,57.1080207824707,22170,0.0,0.0
2012-09-25 00:00:00-04:00,57.18960545488158,57.43435661805919,56.047443733853804,56.21061325073242,25360,0.0,0.0
2012-09-26 00:00:00-04:00,56.45536380537279,57.271192798076335,56.29220049654458,56.94486618041992,19730,0.0,0.0
2012-09-27 00:00:00-04:00,56.94486531275494,57.352779802891355,55.639533964893516,56.863277435302734,19830,0.0,0.0
2012-09-28 00:00:00-04:00,56.45535366428061,57.35277037447627,56.45535366428061,56.53694152832031,36530,0.0,0.0
2012-10-01 00:00:00-04:00,56.86326651298911,57.189599287272365,56.53693996298581,56.78168487548828,11490,0.0,0.0
2012-10-02 00:00:00-04:00,56.94486275822736,57.10802605725001,55.88428264173751,56.455360412597656,16920,0.0,0.0
2012-10-03 00:00:00-04:00,56.45536380537279,57.18961114366223,56.21061884213048,56.94486618041992,18780,0.0,0.0
2012-10-04 00:00:00-04:00,57.10802639770449,57.10802639770449,56.047446274891904,56.6185302734375,10510,0.0,0.0
2012-10-05 00:00:00-04:00,56.94486516288833,57.2711917747137,54.66054153442383,54.66054153442383,28650,0.0,0.0
2012-10-08 00:00:00-04:00,54.57895053161483,55.31319773100124,54.41578102937336,55.150028228759766,7020,0.0,0.0
2012-10-09 00:00:00-04:00,55.068453451744595,55.313204623464685,54.00787333999865,54.25262451171875,12380,0.0,0.0
2012-10-10 00:00:00-04:00,54.171042862572335,54.66053898173167,54.00787333999865,54.25262451171875,11130,0.0,0.0
2012-10-11 00:00:00-04:00,54.33420181274414,54.5789529648779,53.76312409013916,54.33420181274414,7820,0.0,0.0
2012-10-12 00:00:00-04:00,54.171042668583354,54.74212043484405,53.436795380333294,54.49737548828125,13950,0.0,0.0
2012-10-15 00:00:00-04:00,54.171038353249465,54.660534431662015,53.43679112349047,54.57895278930664,11490,0.0,0.0
2012-10-16 00:00:00-04:00,54.660539519975515,54.74212116992526,54.171043395996094,54.171043395996094,8360,0.0,0.0
2012-10-17 00:00:00-04:00,54.25262451171875,54.41578781001157,53.76312839255941,54.25262451171875,12410,0.0,0.0
2012-10-18 00:00:00-04:00,54.25262431743762,54.49737548828125,53.59995867804183,54.49737548828125,10000,0.0,0.0
2012-10-19 00:00:00-04:00,53.926289318964294,54.17104047991928,53.436793221334895,53.59995651245117,13060,0.0,0.0
2012-10-22 00:00:00-04:00,53.599956240586195,53.68154411001109,52.213049600290695,52.62096405029297,12610,0.0,0.0
2012-10-23 00:00:00-04:00,52.049885693586006,52.53938492434374,51.478804813772186,51.805137634277344,10010,0.0,0.0
2012-10-24 00:00:00-04:00,51.8867133838951,52.21304616729673,50.66297011434908,51.315635681152344,8100,0.0,0.0
2012-10-25 00:00:00-04:00,50.989311816769785,50.989311816769785,44.0547654096891,44.707427978515625,32650,0.0,0.0
2012-10-26 00:00:00-04:00,44.870594881667344,46.09433837844009,44.78901322673875,45.84959030151367,40270,0.0,0.0
2012-10-31 00:00:00-04:00,45.68642134214197,46.01275416801346,45.36008851627048,45.441673278808594,19890,0.0,0.0
2012-11-01 00:00:00-04:00,45.93117141723633,46.58383398542511,44.87059435491199,45.93117141723633,31520,0.0,0.0
2012-11-02 00:00:00-04:00,46.17592041325094,46.502253259931294,45.52325783203092,45.686424255371094,33360,0.0,0.0
2012-11-05 00:00:00-05:00,45.68642350632624,46.91016699310284,45.68642350632624,46.01275634765625,21310,0.0,0.0
2012-11-06 00:00:00-05:00,46.1759132349564,46.42066438798911,45.52325075519627,45.604835510253906,26640,0.0,0.0
2012-11-07 00:00:00-05:00,45.36008506215404,46.17591395256789,45.11533701745793,45.27850341796875,31580,0.0,0.0
2012-11-08 00:00:00-05:00,45.11533178679203,45.60483093157201,44.38108773783187,44.462669372558594,28580,0.0,0.0
2012-11-09 00:00:00-05:00,44.21793403702867,44.46268212353742,43.2389385788529,44.05476760864258,80440,0.0,0.0
2012-11-12 00:00:00-05:00,44.054763427188725,44.95217402992342,43.81001536391022,44.21792984008789,12410,0.0,0.0
2012-11-13 00:00:00-05:00,44.7890101886002,49.2760693723997,44.13634454488066,44.29951095581055,13880,0.0,0.0
2012-11-14 00:00:00-05:00,44.13634490966797,44.789010558781804,43.891596847320514,44.13634490966797,19560,0.0,0.0
2012-11-15 00:00:00-05:00,44.054768927743496,44.70743154868931,43.483687967363096,43.646854400634766,26960,0.0,0.0
2012-11-16 00:00:00-05:00,43.48367813728671,43.97317732644377,42.83101566388412,43.07576370239258,34890,0.0,0.0
2012-11-19 00:00:00-05:00,43.402099438751186,43.72842914151451,43.15735138364361,43.32051467895508,29760,0.0,0.0
2012-11-20 00:00:00-05:00,43.1573486328125,43.56526306937163,43.07576387821657,43.1573486328125,17310,0.0,0.0
2012-11-21 00:00:00-05:00,43.23893356323242,43.72842967946946,42.994185505113904,43.23893356323242,31640,0.0,0.0
2012-11-23 00:00:00-05:00,43.23893027526826,43.64684471182739,42.99418223576081,43.1573486328125,10160,0.0,0.0
2012-11-26 00:00:00-05:00,43.157351914573056,43.48368162135094,42.994185505113904,43.23893356323242,31030,0.0,0.0
2012-11-27 00:00:00-05:00,43.07576180732243,44.05475703042658,43.07576180732243,43.81000900268555,22850,0.0,0.0
2012-11-28 00:00:00-05:00,44.1001477254304,44.51462279209386,43.60277574811798,43.851463317871094,22640,0.85,0.0
2012-11-29 00:00:00-05:00,44.100143976743944,44.43172210457297,43.35408765528993,43.6856689453125,55040,0.0,0.0
2012-11-30 00:00:00-05:00,43.76856640722212,44.183041473885574,43.43698825120764,43.851463317871094,110170,0.0,0.0
2012-12-03 00:00:00-05:00,44.18303771815281,44.26593462175522,43.43698455889234,43.6856689453125,40940,0.0,0.0
2012-12-04 00:00:00-05:00,43.60277150372013,44.10014343261719,42.93961209405088,44.10014343261719,64560,0.0,0.0
2012-12-05 00:00:00-05:00,44.18303567479998,45.26067007424517,44.18303567479998,45.17777633666992,50750,0.0,0.0
2012-12-06 00:00:00-05:00,45.094883498311084,45.75804289871701,44.51461783713336,44.6804084777832,24610,0.0,0.0
2012-12-07 00:00:00-05:00,44.76330719965317,44.76330719965317,43.51988199966281,43.851463317871094,20480,0.0,0.0
2012-12-10 00:00:00-05:00,44.100144154043285,44.100144154043285,42.60803466732996,43.354087829589844,37220,0.0,0.0
2012-12-11 00:00:00-05:00,43.51988491494764,44.763310198231856,43.10540982051956,44.18304443359375,82250,0.0,0.0
2012-12-12 00:00:00-05:00,44.43171953812337,46.00672583146529,44.10014142944684,45.59225082397461,41740,0.0,0.0
2012-12-13 00:00:00-05:00,45.465965064796244,47.14988969682573,45.29757195922703,46.72890853881836,35220,0.85,0.0
2012-12-14 00:00:00-05:00,46.560515433249144,47.318282802394954,46.39212232767993,46.72890853881836,26640,0.0,0.0
2012-12-17 00:00:00-05:00,46.30791805566455,47.23407513204557,46.30791805566455,47.0656852722168,25160,0.0,0.0
2012-12-18 00:00:00-05:00,46.897299363897666,49.08639999435337,46.72890626651695,48.918006896972656,33920,0.0,0.0
2012-12-19 00:00:00-05:00,48.833810237416046,49.08639826869164,47.99184799194336,47.99184799194336,26700,0.0,0.0
2012-12-20 00:00:00-05:00,48.07604476805334,49.59157943725586,48.07604476805334,49.59157943725586,35820,0.0,0.0
2012-12-21 00:00:00-05:00,49.50738336533968,51.19130799145212,48.91800910383405,51.02291488647461,90090,0.0,0.0
2012-12-24 00:00:00-05:00,50.51773377271538,50.6019287109375,49.9283595696675,50.6019287109375,12350,0.0,0.0
2012-12-26 00:00:00-05:00,51.10711279655255,51.10711279655255,48.8338139199803,49.25479507446289,17930,0.0,0.0
2012-12-27 00:00:00-05:00,49.170600408060984,50.09675766845964,47.73926383231016,49.84416961669922,24710,0.0,0.0
2012-12-28 00:00:00-05:00,49.42318695770543,49.59158005770486,48.41283156954009,48.83381271362305,23030,0.0,0.0
2012-12-31 00:00:00-05:00,48.41283022347143,49.8441667159229,47.73926105403284,49.67577362060547,32470,0.0,0.0
2013-01-02 00:00:00-05:00,50.770320742080884,51.696481102394905,50.51773272084286,50.85451889038086,34180,0.0,0.0
2013-01-03 00:00:00-05:00,51.19130584591514,51.19130584591514,50.349343568147354,50.77032470703125,17260,0.0,0.0
2013-01-04 00:00:00-05:00,51.02290960128203,52.538444177262114,50.85451972557847,51.94906997680664,11270,0.0,0.0
2013-01-07 00:00:00-05:00,51.86487364826921,51.86487364826921,50.938716452055196,51.61228561401367,8950,0.0,0.0
2013-01-08 00:00:00-05:00,51.69648408463164,52.20166015625,51.35969789566532,52.20166015625,9830,0.0,0.0
2013-01-09 00:00:00-05:00,52.201659399494154,52.53844558357817,51.52809024315722,52.28585433959961,12900,0.0,0.0
2013-01-10 00:00:00-05:00,52.5384407043457,52.5384407043457,51.443887313639124,52.5384407043457,13610,0.0,0.0
2013-01-11 00:00:00-05:00,52.70683670043945,52.875229796432436,51.86487443230572,52.70683670043945,21810,0.0,0.0
2013-01-14 00:00:00-05:00,52.79103049288291,53.464599609375,52.454244328721416,53.464599609375,23120,0.0,0.0
2013-01-15 00:00:00-05:00,53.296207277883774,53.46460036233606,52.454245067453286,53.38040542602539,16590,0.0,0.0
2013-01-16 00:00:00-05:00,53.04361851008858,53.71718762658067,52.95942357496366,53.464599609375,27960,0.0,0.0
2013-01-17 00:00:00-05:00,53.717188133972925,54.39075725682729,53.54879505030161,53.96977615356445,14330,0.0,0.0
2013-01-18 00:00:00-05:00,53.96977238508682,55.23271560668945,53.46459638117805,55.23271560668945,18260,0.0,0.0
2013-01-22 00:00:00-05:00,55.401118475478604,55.82209959938448,54.643351167715586,55.485313415527344,14560,0.0,0.0
2013-01-23 00:00:00-05:00,55.65370498972714,56.74825851466557,55.064333967783284,56.41147232055664,16740,0.0,0.0
2013-01-24 00:00:00-05:00,56.579858179096426,56.74825447599762,55.401116219097595,55.73789596557617,24340,0.0,0.0
2013-01-25 00:00:00-05:00,55.90629624122443,57.085044708774504,55.48531510450386,56.41147232055664,13660,0.0,0.0
2013-01-28 00:00:00-05:00,56.579858875761516,57.25343122433615,55.9904878885052,56.91664505004883,14910,0.0,0.0
2013-01-29 00:00:00-05:00,57.08503425606415,57.50601531569984,56.66405319642846,57.42181396484375,12980,0.0,0.0
2013-01-30 00:00:00-05:00,57.50601393630859,57.50601393630859,53.80137941564499,53.88557434082031,29450,0.0,0.0
2013-01-31 00:00:00-05:00,61.88422650190777,69.46188688989648,57.337628984382086,68.95671081542969,88800,0.0,0.0
2013-02-01 00:00:00-05:00,68.36733177021732,70.13545762482848,66.68340727909215,66.76760864257812,52930,0.0,0.0
2013-02-04 00:00:00-05:00,66.68340565118837,66.85180195038721,64.83109132563501,64.99948120117188,27730,0.0,0.0
2013-02-05 00:00:00-05:00,65.33627197465476,66.34663056997678,64.3259198029952,64.91529083251953,22970,0.0,0.0
2013-02-06 00:00:00-05:00,64.83108670190626,65.50465900333873,64.07331946871011,64.6626968383789,20890,0.0,0.0
2013-02-07 00:00:00-05:00,64.83108570296551,64.83108570296551,62.389394177472184,64.07331848144531,17480,0.0,0.0
2013-02-08 00:00:00-05:00,64.32591704702091,64.49430692719554,63.3997598587361,64.2417221069336,13110,0.0,0.0
2013-02-11 00:00:00-05:00,63.98912451637442,63.98912451637442,62.22100525525954,63.39975357055664,10840,0.0,0.0
2013-02-12 00:00:00-05:00,63.56815155053117,64.4943087652104,62.7261892783387,63.904937744140625,10240,0.0,0.0
2013-02-13 00:00:00-05:00,64.07333036953712,64.57850646972656,62.22101586095496,64.57850646972656,20630,0.0,0.0
2013-02-14 00:00:00-05:00,64.49430969038431,65.33627197465476,63.82074371716541,64.91529083251953,9250,0.0,0.0
2013-02-15 00:00:00-05:00,65.25206677895879,65.50465799401934,62.89457018393184,64.07331848144531,13180,0.0,0.0
2013-02-19 00:00:00-05:00,64.41011414161095,66.00984375142919,64.0733279463341,65.67305755615234,26890,0.0,0.0
2013-02-20 00:00:00-05:00,65.67306280755378,66.26243387866923,64.83110046386719,64.83110046386719,17780,0.0,0.0
2013-02-21 00:00:00-05:00,64.99948703630132,64.99948703630132,62.81038633949248,62.978782653808594,14280,0.0,0.0
2013-02-22 00:00:00-05:00,63.5681501561009,63.5681501561009,61.463244521792916,62.81038284301758,10220,0.0,0.0
2013-02-25 00:00:00-05:00,63.14716836886248,63.820740734261875,61.126457696326455,61.63163375854492,16090,0.0,0.0
2013-02-26 00:00:00-05:00,61.71583576737476,63.483955215461016,61.71583576737476,62.81038284301758,11350,0.0,0.0
2013-02-27 00:00:00-05:00,62.9787758745745,63.06297081083826,61.54743626344306,62.0526123046875,11080,0.0,0.0
2013-02-28 00:00:00-05:00,62.221017680690395,62.894583692754765,61.04226912999922,61.21065902709961,19440,0.0,0.0
2013-03-01 00:00:00-05:00,60.70547497969872,63.23136164812165,59.61092794424597,62.641990661621094,19950,0.0,0.0
2013-03-04 00:00:00-05:00,62.72617787017241,62.72617787017241,60.53707764534158,61.3790397644043,15710,0.0,0.0
2013-03-05 00:00:00-05:00,62.052615529934265,64.49430735046396,62.052615529934265,62.81038284301758,21210,0.0,0.0
2013-03-06 00:00:00-05:00,63.06297245266786,63.82073974609375,61.54743786581607,63.82073974609375,12130,0.0,0.0
2013-03-07 00:00:00-05:00,63.904925101409674,65.25206318567197,63.904925101409674,64.74688720703125,8660,0.0,0.0
2013-03-08 00:00:00-05:00,65.25207977389393,65.92565219908954,63.90494134716544,65.16788482666016,21320,0.0,0.0
2013-03-11 00:00:00-04:00,65.16788787353678,66.93600754276399,64.83110164519279,65.25208282470703,8720,0.0,0.0
2013-03-12 00:00:00-04:00,64.74689077249914,65.25206677895879,63.56814247498566,64.07331848144531,9330,0.0,0.0
2013-03-13 00:00:00-04:00,63.904925101409674,65.33625811150192,63.39974912276895,64.74688720703125,6200,0.0,0.0
2013-03-14 00:00:00-04:00,64.66270831520563,69.37769599110001,64.4943119981285,67.69377136230469,16710,0.0,0.0
2013-03-15 00:00:00-04:00,67.77796201670704,68.61992427778414,66.17823243592808,67.18859100341797,27830,0.0,0.0
2013-03-18 00:00:00-04:00,66.51501829786444,67.86215662422799,65.58886109996841,65.84144592285156,12220,0.0,0.0
2013-03-19 00:00:00-04:00,66.09403078863126,66.59920680928974,65.08367874731428,66.26242065429688,7030,0.0,0.0
2013-03-20 00:00:00-04:00,66.34663812665177,67.1886005068191,65.92565693656809,66.85181427001953,9170,0.0,0.0
2013-03-21 00:00:00-04:00,66.34663423539392,67.02020024582497,65.16788568756111,66.17823791503906,12700,0.0,0.0
2013-03-22 00:00:00-04:00,66.51501829786444,66.51501829786444,65.25207491246196,65.84144592285156,3930,0.0,0.0
2013-03-25 00:00:00-04:00,65.92565002806995,66.26242980591442,64.915291423549,66.09403991699219,9440,0.0,0.0
2013-03-26 00:00:00-04:00,66.09402614533967,66.683397057426,65.25206402883853,65.9256362915039,8220,0.0,0.0
2013-03-27 00:00:00-04:00,65.42047086628621,65.92565340626474,65.08369107118429,65.5888671875,8200,0.0,0.0
2013-03-28 00:00:00-04:00,64.99948969874598,66.5992194201314,64.99948969874598,65.5888671875,15300,0.0,0.0
2013-04-01 00:00:00-04:00,65.33626720514076,65.33626720514076,62.305204487765636,62.641990661621094,14590,0.0,0.0
2013-04-02 00:00:00-04:00,62.810375961689154,63.39975332892218,61.71582900596182,62.72618103027344,14590,0.0,0.0
2013-04-03 00:00:00-04:00,62.97877375438249,62.97877375438249,61.21064803405841,62.55779266357422,14430,0.0,0.0
2013-04-04 00:00:00-04:00,62.38940096494835,63.3155581481599,61.29485390248457,62.89457702636719,7820,0.0,0.0
2013-04-05 00:00:00-04:00,61.37904559225711,62.136812856094714,59.77931612941368,61.7158317565918,10420,0.0,0.0
2013-04-08 00:00:00-04:00,62.05261299732457,63.231361389160156,60.53708485667479,63.231361389160156,6980,0.0,0.0
2013-04-09 00:00:00-04:00,63.06297177302491,63.23136164812165,62.641990661621094,62.641990661621094,10300,0.0,0.0
2013-04-10 00:00:00-04:00,62.55780086032512,66.34663117403805,62.052618346233395,66.09403991699219,11780,0.0,0.0
2013-04-11 00:00:00-04:00,65.92564169021529,65.92564169021529,63.14716390876495,63.652339935302734,8010,0.0,0.0
2013-04-12 00:00:00-04:00,63.31555726803513,64.15751949991677,62.81038121363855,63.82073974609375,6390,0.0,0.0
2013-04-15 00:00:00-04:00,63.14716363092394,63.23135856436617,59.526723679952966,60.03190612792969,19870,0.0,0.0
2013-04-16 00:00:00-04:00,60.36868136733233,61.463234691578336,60.36868136733233,61.3790397644043,8940,0.0,0.0
2013-04-17 00:00:00-04:00,60.873862935325384,60.95805786133433,59.5267184245379,60.20029067993164,10240,0.0,0.0
2013-04-18 00:00:00-04:00,60.200295994814155,60.70547201912921,59.610925037056866,60.03190612792969,8120,0.0,0.0
2013-04-19 00:00:00-04:00,60.03191690007126,62.05262135992719,60.03191690007126,61.21065902709961,7270,0.0,0.0
2013-04-22 00:00:00-04:00,61.126457696326455,61.884225001485234,60.03191063213012,61.63163375854492,6460,0.0,0.0
2013-04-23 00:00:00-04:00,62.13681032352293,63.39975357055663,61.547432954043614,63.39975357055664,7210,0.0,0.0
2013-04-24 00:00:00-04:00,63.2313674897889,63.2313674897889,61.12646173830683,62.978782653808594,9830,0.0,0.0
2013-04-25 00:00:00-04:00,62.894575216684,63.73653743604342,61.04226090355805,63.231361389160156,9970,0.0,0.0
2013-04-26 00:00:00-04:00,63.315552521288815,64.83108699452147,63.315552521288815,64.49430084228516,14310,0.0,0.0
2013-04-29 00:00:00-04:00,64.83109076996614,65.84144286185148,64.15751842626794,65.75724792480469,7880,0.0,0.0
2013-04-30 00:00:00-04:00,65.92564639701554,66.85180358240196,65.2520740311006,66.76760864257812,14290,0.0,0.0
2013-05-01 00:00:00-04:00,66.26243387866923,66.68341505051252,64.57850919129605,64.83110046386719,20940,0.0,0.0
2013-05-02 00:00:00-04:00,65.08367354567267,67.35696866877953,65.08367354567267,67.27277374267578,7890,0.0,0.0
2013-05-03 00:00:00-04:00,67.27278507922392,69.20929440058768,64.83109326878403,68.53572845458984,21060,0.0,0.0
2013-05-06 00:00:00-04:00,68.36733923503925,69.46189284324646,67.2727920504949,67.35698699951172,10860,0.0,0.0
2013-05-07 00:00:00-04:00,66.9359988943939,69.12509946029573,66.85180395410194,68.53572845458984,12120,0.0,0.0
2013-05-08 00:00:00-04:00,68.53573843283722,69.37770080566406,67.69377606001039,69.37770080566406,10780,0.0,0.0
2013-05-09 00:00:00-04:00,69.12510344647016,70.89322298921056,69.04090850132302,69.63027954101562,5550,0.0,0.0
2013-05-10 00:00:00-04:00,69.71448179697515,70.47224273660493,69.63028042709394,70.21965789794922,9320,0.0,0.0
2013-05-13 00:00:00-04:00,70.21964646307637,72.15615560540449,70.21964646307637,71.48258972167969,6660,0.0,0.0
2013-05-14 00:00:00-04:00,71.48258752989263,73.16651182306484,71.14580138652592,72.99811553955078,13010,0.0,0.0
2013-05-15 00:00:00-04:00,72.6613467482944,73.08232788490409,71.65098816623377,72.49295043945312,11220,0.0,0.0
2013-05-16 00:00:00-04:00,72.15616424543292,73.58750396410322,71.65098816623377,72.49295043945312,4590,0.0,0.0
2013-05-17 00:00:00-04:00,72.8297081409071,74.85041809082031,72.15613601638276,74.85041809082031,12320,0.0,0.0
2013-05-20 00:00:00-04:00,74.68204339538285,77.96569720844558,74.00847750017876,76.9553451538086,18330,0.0,0.0
2013-05-21 00:00:00-04:00,76.78695360290521,77.20793472227128,73.84008576734276,74.34526824951172,16740,0.0,0.0
2013-05-22 00:00:00-04:00,74.34526398003771,75.60820726560804,73.5033017896575,74.26106262207031,14650,0.0,0.0
2013-05-23 00:00:00-04:00,73.58749368456488,74.59784570182569,73.33490246841895,74.17686462402344,10180,0.0,0.0
2013-05-24 00:00:00-04:00,73.67168861539304,74.59784570182569,72.82972645978855,74.17686462402344,4390,0.0,0.0
2013-05-28 00:00:00-04:00,75.35560851701463,77.46051378285303,74.76623761204432,76.78694152832031,16190,0.0,0.0
2013-05-29 00:00:00-04:00,76.5343597240943,77.79730293266462,75.77659251421983,76.45016479492188,10340,0.0,0.0
2013-05-30 00:00:00-04:00,77.08759876970795,78.10750477318291,76.32267737255549,77.51255798339844,8720,0.85,0.0
2013-05-31 00:00:00-04:00,77.51255334981347,78.02250956324804,75.98270416259766,75.98270416259766,12990,0.0,0.0
2013-06-03 00:00:00-04:00,75.98270781248449,78.10750385598594,75.21777993995138,77.42756652832031,23010,0.0,0.0
2013-06-04 00:00:00-04:00,77.34258649100833,78.36248613670469,76.067708691706,77.08760833740234,11530,0.0,0.0
2013-06-05 00:00:00-04:00,77.25758566144717,77.25758566144717,74.36786173707675,75.1327896118164,9750,0.0,0.0
2013-06-06 00:00:00-04:00,75.47276291039164,76.15269379740107,74.19788520234017,76.06770324707031,10510,0.0,0.0
2013-06-07 00:00:00-04:00,76.57765672517007,77.59756283139815,75.89772580538167,76.9176254272461,5690,0.0,0.0
2013-06-10 00:00:00-04:00,77.59756872403408,77.59756872403408,75.13280355226709,76.74765014648438,6610,0.0,0.0
2013-06-11 00:00:00-04:00,76.32268718424315,76.49266829782611,74.19789084263687,75.38777160644531,8650,0.0,0.0
2013-06-12 00:00:00-04:00,75.72773569838428,75.72773569838428,73.0929896923917,74.4528579711914,6340,0.0,0.0
2013-06-13 00:00:00-04:00,74.28287656298873,77.59755993695354,73.43295808168305,77.2575912475586,9160,0.0,0.0
2013-06-14 00:00:00-04:00,77.08760683849654,77.34258498714468,75.13279814152757,75.21778869628906,5930,0.0,0.0
2013-06-17 00:00:00-04:00,76.15269308835572,76.57765232041614,73.4329565969143,74.28287506103516,20350,0.0,0.0
2013-06-18 00:00:00-04:00,74.62284374355615,74.62284374355615,72.32805999981188,74.28287506103516,19420,0.0,0.0
2013-06-19 00:00:00-04:00,74.45287503871985,74.87783437853487,72.15809719746467,72.24308776855469,37280,0.0,0.0
2013-06-20 00:00:00-04:00,71.56312565789395,73.00799080774894,71.56312565789395,72.66802215576172,30900,0.0,0.0
2013-06-21 00:00:00-04:00,72.49804911959917,76.49266339187389,72.49804911959917,76.15269470214844,29730,0.0,0.0
2013-06-24 00:00:00-04:00,75.38777382575773,76.15270182812719,73.68793670243184,74.36787414550781,22720,0.0,0.0
2013-06-25 00:00:00-04:00,75.04780957630612,76.3226873846169,74.19789103743229,74.79283142089844,18800,0.0,0.0
2013-06-26 00:00:00-04:00,75.30278762908803,75.30278762908803,72.3280724909293,72.92301940917969,12040,0.0,0.0
2013-06-27 00:00:00-04:00,73.43294903287534,76.23767578495232,72.9229993038034,75.98270416259766,19420,0.0,0.0
2013-06-28 00:00:00-04:00,75.64275821419649,75.64275821419649,73.09300231933594,73.09300231933594,58270,0.0,0.0
2013-07-01 00:00:00-04:00,74.36786423558775,78.70244702558936,73.60293633514907,78.19249725341797,22490,0.0,0.0
2013-07-02 00:00:00-04:00,78.78744039213517,80.82724603815686,78.10750949970354,78.95742797851562,18450,0.0,0.0
2013-07-03 00:00:00-04:00,78.78743830378286,80.74225334698139,78.78743830378286,79.97732543945312,5110,0.0,0.0
2013-07-05 00:00:00-04:00,80.65726279822562,81.25220312387914,79.21239753192486,79.97732543945312,21560,0.0,0.0
2013-07-08 00:00:00-04:00,80.1473159790039,81.59217481426106,79.55236914703184,80.1473159790039,22510,0.0,0.0
2013-07-09 00:00:00-04:00,80.6572710850231,83.20702671583923,80.14732125573265,82.2721176147461,30560,0.0,0.0
2013-07-10 00:00:00-04:00,82.01714324951172,83.7169804153047,81.16722466661523,82.01714324951172,24250,0.0,0.0
2013-07-11 00:00:00-04:00,83.20701676885233,84.39690388452752,83.0370291898341,83.88694763183594,33520,0.0,0.0
2013-07-12 00:00:00-04:00,84.05694687297176,84.05694687297176,82.52709087136995,83.03704071044922,24310,0.0,0.0
2013-07-15 00:00:00-04:00,83.03703680174219,84.99185199128728,82.44209643154866,84.39691162109375,24770,0.0,0.0
2013-07-16 00:00:00-04:00,84.22691158818225,84.31190213074971,82.35709371424703,82.95203399658203,26330,0.0,0.0
2013-07-17 00:00:00-04:00,83.46198089624522,84.5668773651123,82.69705955480458,83.29199981689453,16670,0.0,0.0
2013-07-18 00:00:00-04:00,83.71697128429811,84.991849019592,83.03703389839599,84.22692108154297,26690,0.0,0.0
2013-07-19 00:00:00-04:00,84.05692867103569,84.05692867103569,79.80733679165434,81.08221435546875,43530,0.0,0.0
2013-07-22 00:00:00-04:00,81.59218124313324,82.10213107903003,80.3173034112093,81.25221252441406,17480,0.0,0.0
2013-07-23 00:00:00-04:00,81.8471449764947,82.78205392490797,81.16720765890534,82.44208526611328,13680,0.0,0.0
2013-07-24 00:00:00-04:00,83.12203615835146,83.20702671583923,81.59218018611624,82.2721176147461,11320,0.0,0.0
2013-07-25 00:00:00-04:00,81.84716237029531,84.99185854262682,81.84716237029531,84.90686798095703,40760,0.0,0.0
2013-07-26 00:00:00-04:00,84.05693639681027,84.39690507528023,82.01713081035369,82.78205871582031,10570,0.0,0.0
2013-07-29 00:00:00-04:00,82.18711683208811,82.3571044236904,80.48727982224666,80.91223907470703,22620,0.0,0.0
2013-07-30 00:00:00-04:00,81.59218124313324,82.18712163761884,80.14732229403168,81.25221252441406,14640,0.0,0.0
2013-07-31 00:00:00-04:00,81.93214996185243,82.44209979774922,80.82725324710607,81.25221252441406,16710,0.0,0.0
2013-08-01 00:00:00-04:00,84.90685937674786,86.01174953521719,83.46199403732304,84.3119125366211,32090,0.0,0.0
2013-08-02 00:00:00-04:00,84.05693736841322,84.05693736841322,80.74225406265272,81.76215362548828,24120,0.0,0.0
2013-08-05 00:00:00-04:00,81.84715080595849,82.86705037062082,80.40228552426302,81.1672134399414,23250,0.0,0.0
2013-08-06 00:00:00-04:00,80.74224570824572,81.25219543689896,79.46736814443132,81.08221435546875,21550,0.0,0.0
2013-08-07 00:00:00-04:00,80.57229117226933,81.59219096559335,79.63737546329678,80.82726287841797,15190,0.0,0.0
2013-08-08 00:00:00-04:00,81.84714993389589,81.84714993389589,79.89233489069737,79.97732543945312,25940,0.0,0.0
2013-08-09 00:00:00-04:00,79.892332046751,81.67715944453985,79.46737283373636,80.31729125976562,36150,0.0,0.0
2013-08-12 00:00:00-04:00,80.74225151310229,80.99722963794153,79.46737385763225,79.80734252929688,34400,0.0,0.0
2013-08-13 00:00:00-04:00,80.06232694918455,80.14732399394009,77.42758067086541,77.93753051757812,22350,0.0,0.0
2013-08-14 00:00:00-04:00,77.93752002832109,78.44747629076522,77.17259860338136,78.2774887084961,23270,0.0,0.0
2013-08-15 00:00:00-04:00,77.00261400926892,78.27749174612556,76.66264531590112,77.34258270263672,24960,0.0,0.0
2013-08-16 00:00:00-04:00,76.74764226745529,78.7874414566744,76.57765467877805,78.44747924804688,29480,0.0,0.0
2013-08-19 00:00:00-04:00,78.44747933499121,78.44747933499121,76.83263290476677,77.34258270263672,24460,0.0,0.0
2013-08-20 00:00:00-04:00,77.17259489371789,78.27748494572089,76.83262622988507,77.42756652832031,25280,0.0,0.0
2013-08-21 00:00:00-04:00,77.08759595017325,78.4474705717348,77.08759595017325,77.85252380371094,19160,0.0,0.0
2013-08-22 00:00:00-04:00,78.36249339197451,79.29740905218071,77.59757182906313,78.7874526977539,20670,0.0,0.0
2013-08-23 00:00:00-04:00,78.78743470836226,79.21239391711148,77.68254465623201,78.53246307373047,20180,0.0,0.0
2013-08-26 00:00:00-04:00,78.53246398687338,80.06231326554132,77.34257689166745,77.51255798339844,24940,0.0,0.0
2013-08-27 00:00:00-04:00,76.57765672517007,78.02252208790227,76.32268506188579,76.9176254272461,28740,0.0,0.0
2013-08-28 00:00:00-04:00,77.30370977142675,77.81849455158496,74.8155756971778,74.98717498779297,31770,0.85,0.0
2013-08-29 00:00:00-04:00,74.98717416462165,76.44573211669922,74.64398213300235,76.44573211669922,24080,0.0,0.0
2013-08-30 00:00:00-04:00,76.27412235695822,76.27412235695822,70.95466341824601,71.2120590209961,33670,0.0,0.0
2013-09-03 00:00:00-04:00,72.32744004794664,73.09961385856353,71.29786405738596,71.72685241699219,26320,0.0,0.0
2013-09-04 00:00:00-04:00,71.72685137588986,72.58482808264893,70.86887466913079,71.04047393798828,19450,0.0,0.0
2013-09-05 00:00:00-04:00,71.21206770767344,71.7268524301266,70.6114866224519,71.55525970458984,29000,0.0,0.0
2013-09-06 00:00:00-04:00,71.81265822858622,72.1558502705957,70.18250748426773,70.95468139648438,16150,0.0,0.0
2013-09-09 00:00:00-04:00,71.4694719430852,72.07005310058594,70.3540994553339,72.07005310058594,23510,0.0,0.0
2013-09-10 00:00:00-04:00,72.07005788588665,73.09962752306167,70.69729618770525,72.4990463256836,62390,0.0,0.0
2013-09-11 00:00:00-04:00,72.49905108283548,74.12920857019832,72.15585899930996,72.92803955078125,13840,0.0,0.0
2013-09-12 00:00:00-04:00,73.09961385856353,73.27121312991176,71.64105605423951,71.72685241699219,15880,0.0,0.0
2013-09-13 00:00:00-04:00,72.1558456668222,72.49903768693494,70.78308413221458,71.9842529296875,13870,0.0,0.0
2013-09-16 00:00:00-04:00,72.49902782599068,72.75642344252644,71.04047012120121,71.29785919189453,13270,0.0,0.0
2013-09-17 00:00:00-04:00,70.95466995639981,71.7268502899609,70.61148451556618,70.8688735961914,16150,0.0,0.0
2013-09-18 00:00:00-04:00,71.04048353177218,72.92802992321195,70.69729149355304,72.07005310058594,12820,0.0,0.0
2013-09-19 00:00:00-04:00,72.41323852539062,72.584831255907,71.21206977424676,72.41323852539062,11250,0.0,0.0
2013-09-20 00:00:00-04:00,72.92804147402742,74.12921052512152,72.07006451550946,73.61442565917969,24680,0.0,0.0
2013-09-23 00:00:00-04:00,73.44281781750531,75.24456791214511,72.92803301130023,75.0729751586914,28690,0.0,0.0
2013-09-24 00:00:00-04:00,75.07297053606558,77.13211617993781,74.55818576155842,76.44573211669922,31370,0.0,0.0
2013-09-25 00:00:00-04:00,76.703125,77.56110177506523,75.58775257407788,76.703125,26850,0.0,0.0
2013-09-26 00:00:00-04:00,76.70313060958341,76.87472335880834,75.50196172747751,76.0167465209961,14310,0.0,0.0
2013-09-27 00:00:00-04:00,75.6735516820167,76.61733140543065,75.07297053606558,76.44573211669922,19580,0.0,0.0
2013-09-30 00:00:00-04:00,75.50195798078707,75.93094637840517,74.64398118555084,75.75935363769531,41840,0.0,0.0
2013-10-01 00:00:00-04:00,75.50196645451688,75.5877628345009,74.47239680302025,74.64398956298828,18820,0.0,0.0
2013-10-02 00:00:00-04:00,74.12920183350651,74.12920183350651,72.67063724753517,73.27122497558594,18260,0.0,0.0
2013-10-03 00:00:00-04:00,72.67063793472951,72.7564408580081,67.95176517154334,68.55235290527344,30540,0.0,0.0
2013-10-04 00:00:00-04:00,71.04049017687967,73.78601364776097,71.04049017687967,73.18543243408203,75830,0.0,0.0
2013-10-07 00:00:00-04:00,72.24165728887516,73.70022204586255,71.81266880961618,73.61442565917969,37420,0.0,0.0
2013-10-08 00:00:00-04:00,73.78600694461406,74.21499535708274,73.18542578549538,73.70021057128906,18950,0.0,0.0
2013-10-09 00:00:00-04:00,74.0434035889729,74.38658908680834,73.0138274579352,74.21499633789062,23490,0.0,0.0
2013-10-10 00:00:00-04:00,74.90137579679772,76.01674168752766,74.3007881210108,75.58775329589844,22240,0.0,0.0
2013-10-11 00:00:00-04:00,75.33038302876218,77.30372619628906,74.98719092045685,77.30372619628906,15420,0.0,0.0
2013-10-14 00:00:00-04:00,77.13212019510932,78.33328909538285,75.84515491892567,77.99009704589844,44510,0.0,0.0
2013-10-15 00:00:00-04:00,77.30371377176878,77.6469058249151,76.10254485867866,76.87472534179688,14640,0.0,0.0
2013-10-16 00:00:00-04:00,77.303719596267,77.56111529198138,76.70313836739274,77.4753189086914,11320,0.0,0.0
2013-10-17 00:00:00-04:00,77.21790726528563,79.10545349121094,76.7889188915896,79.10545349121094,21320,0.0,0.0
2013-10-18 00:00:00-04:00,79.87764443931144,79.96344081623124,78.41908639414294,78.67647552490234,17690,0.0,0.0
2013-10-21 00:00:00-04:00,77.04632282225565,78.41908445658655,75.75935756272472,77.64690399169922,22490,0.0,0.0
2013-10-22 00:00:00-04:00,78.07589253824605,79.6202534705269,77.04632294728802,79.44865417480469,24810,0.0,0.0
2013-10-23 00:00:00-04:00,79.19126305513696,79.62025146487044,78.24748331704839,78.5906753540039,16800,0.0,0.0
2013-10-24 00:00:00-04:00,78.5906743634253,78.76227365266199,77.64690118307595,78.07588958740234,14850,0.0,0.0
2013-10-25 00:00:00-04:00,77.1321248781655,77.64690971072521,72.92803674488003,73.18543243408203,21080,0.0,0.0
2013-10-28 00:00:00-04:00,73.35701950161443,74.81557750494645,73.35701950161443,74.21499633789062,14280,0.0,0.0
2013-10-29 00:00:00-04:00,74.21500578424698,75.24457550048828,73.52862160952303,75.24457550048828,18520,0.0,0.0
2013-10-30 00:00:00-04:00,75.50196549624046,75.50196549624046,73.4428196735378,74.12920379638672,12580,0.0,0.0
2013-10-31 00:00:00-04:00,74.3865905342758,74.3865905342758,65.8068220045626,68.38075256347656,47300,0.0,0.0
2013-11-01 00:00:00-04:00,68.03757190671796,68.63815312825241,66.9221993000461,68.46656036376953,31880,0.0,0.0
2013-11-04 00:00:00-05:00,68.46655548544882,68.46655548544882,67.00799090789123,68.38075256347656,25890,0.0,0.0
2013-11-05 00:00:00-05:00,68.12335868025758,68.46655070666098,67.26538188717082,67.60857391357422,18300,0.0,0.0
2013-11-06 00:00:00-05:00,67.7801617664896,67.86595813044313,66.6647893975646,67.3511734008789,11720,0.0,0.0
2013-11-07 00:00:00-05:00,67.52276576133823,67.78016139764114,65.12043485449723,65.54942321777344,9130,0.0,0.0
2013-11-08 00:00:00-05:00,65.46362992006694,67.69436820440416,65.20623427170973,66.92218780517578,17920,0.0,0.0
2013-11-11 00:00:00-05:00,66.57900524986626,66.57900524986626,63.91927820422828,64.17667388916016,23980,0.0,0.0
2013-11-12 00:00:00-05:00,63.83347145287206,64.8630409336268,63.31868671249469,64.7772445678711,9600,0.0,0.0
2013-11-13 00:00:00-05:00,64.4340620388802,66.15001578982691,63.74768446600796,65.80682373046875,15920,0.0,0.0
2013-11-14 00:00:00-05:00,65.9784166704041,67.95175936618595,65.63522464414186,67.78016662597656,25590,0.0,0.0
2013-11-15 00:00:00-05:00,67.69436749700182,68.63814062137712,67.52276821794247,68.03755950927734,12950,0.0,0.0
2013-11-18 00:00:00-05:00,68.1233701069421,71.04049300190987,68.1233701069421,69.49613189697266,17250,0.0,0.0
2013-11-19 00:00:00-05:00,69.49611765723355,71.55526319328318,69.49611765723355,70.01090240478516,17250,0.0,0.0
2013-11-20 00:00:00-05:00,70.09669282783618,70.09669282783618,68.29494309126464,68.8955307006836,10670,0.0,0.0
2013-11-21 00:00:00-05:00,69.23873138427734,69.75352274736612,68.63815018846591,69.23873138427734,15670,0.0,0.0
2013-11-22 00:00:00-05:00,69.41030773029429,69.49610408048453,68.55233113670806,69.0671157836914,17780,0.0,0.0
2013-11-25 00:00:00-05:00,69.06712723599851,70.43988870419138,68.72393523248955,68.98133087158203,11120,0.0,0.0
2013-11-26 00:00:00-05:00,68.93797186410198,69.28483090733013,68.3309735002922,68.67782592773438,10760,0.85,0.0
2013-11-27 00:00:00-05:00,68.9379780682777,68.9379780682777,67.81068773028055,68.85126495361328,10250,0.0,0.0
2013-11-29 00:00:00-05:00,69.28483467120306,69.45826089434546,68.33097721234718,69.02468872070312,5690,0.0,0.0
2013-12-02 00:00:00-05:00,68.85126257343364,69.71840692167389,66.77011481449975,67.11697387695312,15500,0.0,0.0
2013-12-03 00:00:00-05:00,66.77011481449975,68.15754444852689,66.24982952871287,67.11697387695312,15410,0.0,0.0
2013-12-04 00:00:00-05:00,66.85683069547312,67.63726196437321,66.07639942657303,66.50997161865234,10110,0.0,0.0
2013-12-05 00:00:00-05:00,66.33655496837548,68.07084398715654,65.98969584146175,67.984130859375,10640,0.0,0.0
2013-12-06 00:00:00-05:00,68.7645559998826,69.28484133513808,67.63726559367326,67.8106918334961,20070,0.0,0.0
2013-12-09 00:00:00-05:00,68.07081975565329,68.15753285256713,66.16310516040767,66.77010345458984,13380,0.0,0.0
2013-12-10 00:00:00-05:00,66.50997023008178,67.37711459613648,65.64282586402706,65.72954559326172,23190,0.0,0.0
2013-12-11 00:00:00-05:00,65.81626661246409,66.856837330407,64.4288367832778,65.03583526611328,23310,0.0,0.0
2013-12-12 00:00:00-05:00,64.94911458414938,65.90297206722829,64.08197021484375,64.08197021484375,22400,0.0,0.0
2013-12-13 00:00:00-05:00,64.08197258522847,66.07640073893319,64.08197258522847,64.8624038696289,20380,0.0,0.0
2013-12-16 00:00:00-05:00,65.29597963574189,66.856835673985,65.29597963574189,66.16312408447266,19420,0.0,0.0
2013-12-17 00:00:00-05:00,66.33654796617446,66.33654796617446,64.86240510212978,65.3826904296875,8760,0.0,0.0
2013-12-18 00:00:00-05:00,65.64282723449371,67.11697665703535,64.51554350455946,66.50997161865234,34870,0.0,0.0
2013-12-19 00:00:00-05:00,66.59668485489841,67.20368321829768,65.4693946191158,65.81625366210938,9310,0.0,0.0
2013-12-20 00:00:00-05:00,65.642832907127,68.41769914570122,65.46940666162301,68.33098602294922,51210,0.0,0.0
2013-12-23 00:00:00-05:00,68.4176851481983,68.8512572890414,67.81068018154646,67.89739990234375,14650,0.0,0.0
2013-12-24 00:00:00-05:00,67.81069405486286,69.11141074350438,67.81069405486286,68.33098602294922,6370,0.0,0.0
2013-12-26 00:00:00-05:00,68.41770061609895,68.41770061609895,67.37712327334987,68.15755462646484,10260,0.0,0.0
2013-12-27 00:00:00-05:00,68.5044162418518,68.85127536876553,67.81069798802434,67.984130859375,8430,0.0,0.0
2013-12-30 00:00:00-05:00,67.72398007408032,68.07083917648096,66.94354874762567,67.37712097167969,9190,0.0,0.0
2013-12-31 00:00:00-05:00,67.63726559367326,68.33098378453855,66.77012116298515,67.8106918334961,14470,0.0,0.0
2014-01-02 00:00:00-05:00,67.81069083021914,67.81069083021914,65.29597731105903,65.3826904296875,11960,0.0,0.0
2014-01-03 00:00:00-05:00,65.29597935071186,68.67783739336969,65.03583337091337,68.07083892822266,21550,0.0,0.0
2014-01-06 00:00:00-05:00,68.07084046460135,68.59112582015423,66.33655153556691,66.68341064453125,16210,0.0,0.0
2014-01-07 00:00:00-05:00,66.68339035767599,67.20367555494433,66.50995754806307,66.77010345458984,12170,0.0,0.0
2014-01-08 00:00:00-05:00,66.59668745167735,66.94353989240963,66.16311528497577,66.85682678222656,27470,0.0,0.0
2014-01-09 00:00:00-05:00,66.94353989240963,67.29039894892814,66.33654150534191,66.85682678222656,9770,0.0,0.0
2014-01-10 00:00:00-05:00,67.030263420812,67.030263420812,65.98968619222754,66.24983215332031,9990,0.0,0.0
2014-01-13 00:00:00-05:00,65.38268423392626,65.55611045474907,62.26096594861178,62.69453811645508,22100,0.0,0.0
2014-01-14 00:00:00-05:00,62.69453801517296,64.51553979401575,62.69453801517296,63.99525451660156,21430,0.0,0.0
2014-01-15 00:00:00-05:00,64.16868466226677,65.55611435883412,63.474966506089764,63.648399353027344,10830,0.0,0.0
2014-01-16 00:00:00-05:00,63.30153663995783,63.64839569812855,61.8273939124651,62.95467758178711,10250,0.0,0.0
2014-01-17 00:00:00-05:00,63.12811028429837,63.64839556255308,62.34767905902319,62.69453811645508,14320,0.0,0.0
2014-01-21 00:00:00-05:00,62.78125136059489,63.73510880872467,61.56724796489049,62.95467758178711,22240,0.0,0.0
2014-01-22 00:00:00-05:00,62.694535618083165,64.1686782836914,62.43438968142948,64.1686782836914,22170,0.0,0.0
2014-01-23 00:00:00-05:00,63.474965279087975,64.34210964965358,62.34768156682459,63.735111236572266,18460,0.0,0.0
2014-01-24 00:00:00-05:00,63.1281129809229,63.99525735365104,62.000822650061714,62.43439483642578,13480,0.0,0.0
2014-01-27 00:00:00-05:00,62.26096503591536,62.7812503065431,59.919671394411324,60.43995666503906,18860,0.0,0.0
2014-01-28 00:00:00-05:00,60.43996540832034,61.39382959420826,58.09867804391044,60.700111389160156,32160,0.0,0.0
2014-01-29 00:00:00-05:00,60.09311614544307,60.35325552445166,58.09868116077318,58.185394287109375,20050,0.0,0.0
2014-01-30 00:00:00-05:00,58.96582778649965,60.09311831696841,58.0986832602276,59.312686920166016,15300,0.0,0.0
2014-01-31 00:00:00-05:00,58.098674579258386,60.00638960569547,58.098674579258386,59.399391174316406,24950,0.0,0.0
2014-02-03 00:00:00-05:00,59.13924777566524,60.09311194606872,58.272103341325355,59.486106872558594,32940,0.0,0.0
2014-02-04 00:00:00-05:00,59.57281974649194,61.827400559082186,58.96582129127886,60.78682327270508,26420,0.0,0.0
2014-02-05 00:00:00-05:00,60.7001088089162,61.39382698447569,59.13924622180076,60.61339569091797,30620,0.0,0.0
2014-02-06 00:00:00-05:00,60.96025189707692,63.908537464370774,60.96025189707692,63.735111236572266,42250,0.0,0.0
2014-02-07 00:00:00-05:00,63.56167255828078,66.8568165515037,63.56167255828078,66.77010345458984,50980,0.0,0.0
2014-02-10 00:00:00-05:00,67.11697143029187,67.20368453879762,65.29596968852684,66.33654022216797,19260,0.0,0.0
2014-02-11 00:00:00-05:00,66.16311400515649,66.5966861634713,65.6428221225498,66.33654022216797,23630,0.0,0.0
2014-02-12 00:00:00-05:00,66.16311784286341,67.37711466393237,66.16311784286341,66.94354248046875,28660,0.0,0.0
2014-02-13 00:00:00-05:00,66.16312379565737,68.33098490802115,66.16312379565737,68.07083892822266,17620,0.0,0.0
2014-02-14 00:00:00-05:00,67.7239786077158,68.24426394215794,66.94354729815909,67.55055236816406,19160,0.0,0.0
2014-02-18 00:00:00-05:00,67.29039764087372,70.15197653179257,67.29039764087372,68.24425506591797,55080,0.0,0.0
2014-02-19 00:00:00-05:00,67.63726780935886,68.85127137524839,67.55055468660687,68.33098602294922,69690,0.0,0.0
2014-02-20 00:00:00-05:00,68.1575544484845,69.71841715063856,68.1575544484845,69.11141204833984,25800,0.0,0.0
2014-02-21 00:00:00-05:00,69.37155409245588,69.71841318607555,68.76455564046167,69.45826721191406,31200,0.0,0.0
2014-02-24 00:00:00-05:00,69.71840279887843,70.67226020237912,69.1981175438586,70.06526184082031,17480,0.0,0.0
2014-02-25 00:00:00-05:00,69.89182914025223,70.0652619694345,68.85125862830246,69.37154388427734,22460,0.0,0.0
2014-02-26 00:00:00-05:00,69.63169356588335,70.4121181839344,69.37154761600878,69.7184066772461,22600,0.0,0.0
2014-02-27 00:00:00-05:00,69.23639206014528,69.8498764038086,68.71054738179419,69.8498764038086,16310,0.85,0.0
2014-02-28 00:00:00-05:00,70.11279376868498,70.98920369079353,69.58694915271525,70.02515411376953,20350,0.0,0.0
2014-03-03 00:00:00-05:00,69.67457737677759,70.63862679563907,69.14873284707824,69.49929809570312,57700,0.0,0.0
2014-03-04 00:00:00-05:00,70.55098894300501,73.18021834460768,70.55098894300501,72.47908782958984,38850,0.0,0.0
2014-03-05 00:00:00-05:00,72.56674332383726,72.82966228531791,70.98920280904547,71.16448211669922,13810,0.0,0.0
2014-03-06 00:00:00-05:00,71.6903305053711,72.30381474375774,70.81392062968918,71.6903305053711,26360,0.0,0.0
2014-03-07 00:00:00-05:00,72.21617269888948,72.21617269888948,71.25212320490137,71.9532470703125,18750,0.0,0.0
2014-03-10 00:00:00-04:00,71.77796400104815,72.56673415882418,70.98919384327212,72.47908782958984,19930,0.0,0.0
2014-03-11 00:00:00-04:00,72.30381774902344,73.3555069689639,71.69033348513767,72.30381774902344,29200,0.0,0.0
2014-03-12 00:00:00-04:00,71.7779760722611,73.35550996663773,70.90156612433722,72.91730499267578,32980,0.0,0.0
2014-03-13 00:00:00-04:00,73.35549477565327,74.31955086790767,72.65437097439428,73.00493621826172,26450,0.0,0.0
2014-03-14 00:00:00-04:00,72.39145740293898,73.70607227110304,71.95325244688429,72.30381774902344,20420,0.0,0.0
2014-03-17 00:00:00-04:00,72.82966986222216,73.88136587698989,72.30382519807713,73.35551452636719,17300,0.0,0.0
2014-03-18 00:00:00-04:00,73.35550242784535,75.72181305593891,73.2678627793552,75.10832214355469,18050,0.0,0.0
2014-03-19 00:00:00-04:00,75.10832523642291,75.19597157499881,73.00494684013843,73.6184310913086,16850,0.0,0.0
2014-03-20 00:00:00-04:00,73.35550164530241,74.31955782783943,72.30381250168665,73.09258270263672,50310,0.0,0.0
2014-03-21 00:00:00-04:00,73.96898850238371,73.96898850238371,72.30380854407345,72.47908782958984,34740,0.0,0.0
2014-03-24 00:00:00-04:00,72.65437380158237,73.4431439593584,71.42739874353923,72.47908782958984,16250,0.0,0.0
2014-03-25 00:00:00-04:00,73.00493621826172,73.44314110147702,72.04088012600732,73.00493621826172,20930,0.0,0.0
2014-03-26 00:00:00-04:00,73.35550615938926,73.35550615938926,72.04089130573371,72.3914566040039,17360,0.0,0.0
2014-03-27 00:00:00-04:00,72.39145436588849,73.53078987842275,72.12853541517215,72.74201965332031,15610,0.0,0.0
2014-03-28 00:00:00-04:00,72.74200994508729,74.84539470248137,72.74200994508729,74.1442642211914,21370,0.0,0.0
2014-03-31 00:00:00-04:00,74.67012407778564,77.64991920566888,74.67012407778564,77.47463989257812,25970,0.0,0.0
2014-04-01 00:00:00-04:00,77.56227649800671,79.49037561206694,76.51058728787874,77.912841796875,32590,0.0,0.0
2014-04-02 00:00:00-04:00,78.26340782595798,78.70161278201267,76.59822765565478,76.68586730957031,21310,0.0,0.0
2014-04-03 00:00:00-04:00,76.86114185926404,76.86114185926404,74.49483791764705,75.10832214355469,29820,0.0,0.0
2014-04-04 00:00:00-04:00,75.4588968442298,75.98474148729338,73.61843725026857,73.88136291503906,26920,0.0,0.0
2014-04-07 00:00:00-04:00,74.14427569037971,74.23191534247876,72.6543815452654,73.6184310913086,59100,0.0,0.0
2014-04-08 00:00:00-04:00,73.35550836449598,77.29935304401677,73.35550836449598,76.42294311523438,44750,0.0,0.0
2014-04-09 00:00:00-04:00,76.86114585753285,76.86114585753285,73.35550624375297,73.53079223632812,26570,0.0,0.0
2014-04-10 00:00:00-04:00,73.70607227110304,74.23191688107327,72.2161780951079,72.30381774902344,22610,0.0,0.0
2014-04-11 00:00:00-04:00,71.690328128212,73.00494289814394,70.46335300564691,71.9532470703125,23480,0.0,0.0
2014-04-14 00:00:00-04:00,73.0925896264441,73.70607390392044,71.60268873096605,72.1285400390625,19170,0.0,0.0
2014-04-15 00:00:00-04:00,72.47910489085889,72.65439090411299,70.55100555040778,71.25213623046875,25480,0.0,0.0
2014-04-16 00:00:00-04:00,71.690328128212,72.12853305152265,70.81391828159072,71.9532470703125,17120,0.0,0.0
2014-04-17 00:00:00-04:00,71.95324940104341,74.14427408856895,71.33976516312694,73.79370880126953,12440,0.0,0.0
2014-04-21 00:00:00-04:00,73.61843180471115,73.88135745003302,72.04089130573371,72.3914566040039,6690,0.0,0.0
2014-04-22 00:00:00-04:00,72.65439053633305,73.44316087578943,72.30382519807713,73.35551452636719,9690,0.0,0.0
2014-04-23 00:00:00-04:00,73.26786184024444,73.70606676355507,71.9532470703125,71.9532470703125,14660,0.0,0.0
2014-04-24 00:00:00-04:00,72.65438000308154,73.53078987842275,71.16447920311546,72.74201965332031,15770,0.0,0.0
2014-04-25 00:00:00-04:00,72.4790969835334,72.56674332383726,70.98920280904547,71.16448211669922,12150,0.0,0.0
2014-04-28 00:00:00-04:00,71.60268243750097,72.04088736474756,69.58694378405262,70.72627258300781,9100,0.0,0.0
2014-04-29 00:00:00-04:00,71.16447670404698,71.16447670404698,69.4993033485556,69.76222229003906,18720,0.0,0.0
2014-04-30 00:00:00-04:00,69.76223298968422,70.63864296866637,68.44761802121099,70.46336364746094,16180,0.0,0.0
2014-05-01 00:00:00-04:00,69.9375122160841,70.46335681519093,67.48356183828307,70.37571716308594,40270,0.0,0.0
2014-05-02 00:00:00-04:00,70.20043117239909,71.69033200409146,70.1127915202941,70.37571716308594,20500,0.0,0.0
2014-05-05 00:00:00-04:00,70.37571716308594,70.46335681519093,69.41166093050042,70.37571716308594,17400,0.0,0.0
2014-05-06 00:00:00-04:00,70.02516112372673,70.37572646495936,68.5352600951075,69.06111145019531,18520,0.0,0.0
2014-05-07 00:00:00-04:00,69.41165701491796,69.84986193720022,68.00940260091006,69.76222229003906,14650,0.0,0.0
2014-05-08 00:00:00-04:00,69.93751521206721,70.90156479947385,68.53525397240979,68.79817962646484,13040,0.0,0.0
2014-05-09 00:00:00-04:00,68.4476090816132,69.93750986318092,68.4476090816132,69.58694458007812,12180,0.0,0.0
2014-05-12 00:00:00-04:00,69.76222907451184,72.56674486174714,69.76222907451184,72.0408935546875,15980,0.0,0.0
2014-05-13 00:00:00-04:00,72.12852743067586,72.39144635228756,69.32401212815269,69.49929809570312,19340,0.0,0.0
2014-05-14 00:00:00-04:00,69.49930788842667,69.49930788842667,66.7824318436223,68.00940704345703,22740,0.0,0.0
2014-05-15 00:00:00-04:00,67.92177601098473,67.92177601098473,65.99367665687691,66.87008666992188,12140,0.0,0.0
2014-05-16 00:00:00-04:00,66.69478465070286,67.3959151674799,65.81837484796964,66.95771026611328,11560,0.0,0.0
2014-05-19 00:00:00-04:00,66.87007364775204,67.92176278401065,66.6947876673913,67.57119750976562,9260,0.0,0.0
2014-05-20 00:00:00-04:00,67.04535900713203,67.04535900713203,65.64310446976847,66.69479370117188,21280,0.0,0.0
2014-05-21 00:00:00-04:00,67.3082755245018,67.3959151674799,66.51950536474668,66.95771026611328,18490,0.0,0.0
2014-05-22 00:00:00-04:00,67.04535294163632,67.92176278401065,67.04535294163632,67.57119750976562,6710,0.0,0.0
2014-05-23 00:00:00-04:00,67.92176079750061,70.11278533935547,67.13299062513761,70.11278533935547,23580,0.0,0.0
2014-05-27 00:00:00-04:00,70.55099646729593,71.77797165619646,69.67458657329226,70.37571716308594,12630,0.0,0.0
2014-05-28 00:00:00-04:00,70.46336135719521,70.46336135719521,69.23638608920498,69.67459106445312,11880,0.0,0.0
2014-05-29 00:00:00-04:00,69.98465349285867,70.07324031008879,69.18735862030577,69.80747985839844,6080,0.85,0.0
2014-05-30 00:00:00-04:00,66.79546478060387,67.5041659076293,62.80899813034057,62.98617172241211,29790,0.0,0.0
2014-06-02 00:00:00-04:00,63.34053908425402,63.51771271386053,61.30300855007543,63.074771881103516,18600,0.0,0.0
2014-06-03 00:00:00-04:00,62.63182765581505,62.72042122456026,60.68289080074706,60.94865798950195,20090,0.0,0.0
2014-06-04 00:00:00-04:00,60.5942995820377,61.037240358574905,58.64535611003007,58.99971008300781,32800,0.0,0.0
2014-06-05 00:00:00-04:00,58.82254138219187,62.72042189258382,58.82254138219187,62.27748107910156,22260,0.0,0.0
2014-06-06 00:00:00-04:00,62.454659598214285,62.720426810639246,60.9486634177821,62.01171875,20130,0.0,0.0
2014-06-09 00:00:00-04:00,61.74594584251484,62.36606702806332,61.5687722230669,61.923126220703125,11930,0.0,0.0
2014-06-10 00:00:00-04:00,62.0117044987597,62.10029129629576,61.125823005920275,61.74593734741211,7500,0.0,0.0
2014-06-11 00:00:00-04:00,61.65735746901319,61.65735746901319,59.4426534883824,60.062774658203125,31140,0.0,0.0
2014-06-12 00:00:00-04:00,59.974175402874984,60.59429651387143,58.911120296508976,60.328529357910156,22870,0.0,0.0
2014-06-13 00:00:00-04:00,60.860055975025276,60.860055975025276,59.53123373313617,59.797000885009766,9260,0.0,0.0
2014-06-16 00:00:00-04:00,59.70841864701285,61.303001403808594,59.17689106141427,61.303001403808594,12550,0.0,0.0
2014-06-17 00:00:00-04:00,61.30300588244825,62.63182832289502,61.30300588244825,62.27748107910156,12360,0.0,0.0
2014-06-18 00:00:00-04:00,62.54324641610895,62.63183323400361,61.391604265996385,62.01171875,11730,0.0,0.0
2014-06-19 00:00:00-04:00,62.454647153153054,62.720414312619766,61.12582487329873,61.48017883300781,11710,0.0,0.0
2014-06-20 00:00:00-04:00,61.657357993714726,62.897593585170355,61.657357993714726,62.54323959350586,29470,0.0,0.0
2014-06-23 00:00:00-04:00,62.54323564505711,63.9606447634917,62.10029487312506,63.16335678100586,16290,0.0,0.0
2014-06-24 00:00:00-04:00,63.34053038628275,65.11229347401094,62.36606203978021,63.16335678100586,22330,0.0,0.0
2014-06-25 00:00:00-04:00,62.454658246272814,63.78348076215096,62.10030422362381,63.42912673950195,12390,0.0,0.0
2014-06-26 00:00:00-04:00,64.13783179855645,64.13783179855645,62.80900934454799,63.60630416870117,15340,0.0,0.0
2014-06-27 00:00:00-04:00,62.98618295012739,65.02371341585022,62.98618295012739,63.96065139770508,73870,0.0,0.0
2014-06-30 00:00:00-04:00,63.87206651229839,63.960653326797186,61.92312955836191,63.69489288330078,20370,0.0,0.0
2014-07-01 00:00:00-04:00,63.78348050264594,65.20088982873436,63.694893687029314,64.40359497070312,33660,0.0,0.0
2014-07-02 00:00:00-04:00,64.49217428997737,64.49217428997737,62.98617172241211,62.98617172241211,12170,0.0,0.0
2014-07-03 00:00:00-04:00,63.34053695617578,64.75794622162881,62.89759613830043,63.96065139770508,11640,0.0,0.0
2014-07-07 00:00:00-04:00,63.87206306959184,63.87206306959184,61.834539410979154,61.923126220703125,14850,0.0,0.0
2014-07-08 00:00:00-04:00,61.923129205202116,62.10030283318926,60.59430671907649,61.3916015625,50240,0.0,0.0
2014-07-09 00:00:00-04:00,61.83453940605434,62.72042102070417,61.03724460112142,62.10029983520508,15150,0.0,0.0
2014-07-10 00:00:00-04:00,60.682885226081396,61.214412796021755,59.619830086200686,60.23994445800781,24880,0.0,0.0
2014-07-11 00:00:00-04:00,59.88559049180099,60.682885226081396,59.531236525594174,60.23994445800781,15840,0.0,0.0
2014-07-14 00:00:00-04:00,60.682893533070065,61.48018837649357,60.15136589036795,61.3916015625,9500,0.0,0.0
2014-07-15 00:00:00-04:00,61.568766773202256,61.834533937589676,60.15135766686209,60.417118072509766,8240,0.0,0.0
2014-07-16 00:00:00-04:00,61.03723920316716,61.03723920316716,60.062770864979534,60.417118072509766,16860,0.0,0.0
2014-07-17 00:00:00-04:00,59.79700747703136,60.94865625045544,59.79700747703136,60.062774658203125,12010,0.0,0.0
2014-07-18 00:00:00-04:00,59.88559050247467,60.77147203877974,59.88559050247467,60.417118072509766,12760,0.0,0.0
2014-07-21 00:00:00-04:00,60.239956977876105,60.239956977876105,59.53124889816934,59.97418975830078,7990,0.0,0.0
2014-07-22 00:00:00-04:00,60.41711997210903,60.77147394952039,60.06277275343762,60.15135955810547,8270,0.0,0.0
2014-07-23 00:00:00-04:00,60.06278333731999,60.505724197451435,59.61984247718855,59.97418975830078,6060,0.0,0.0
2014-07-24 00:00:00-04:00,60.328533312576866,60.9486544642236,59.08829776802337,59.35406494140625,7800,0.0,0.0
2014-07-25 00:00:00-04:00,58.82254047488416,59.176894471952316,57.84807205200195,57.84807205200195,19600,0.0,0.0
2014-07-28 00:00:00-04:00,57.84807289369663,58.91112814162834,57.58230570234349,58.5567741394043,13570,0.0,0.0
2014-07-29 00:00:00-04:00,58.911122379880965,59.442649951861256,58.02524084033388,58.46818161010742,9380,0.0,0.0
2014-07-30 00:00:00-04:00,59.17689533298148,59.5312425764651,58.29101370679158,58.5567741394043,8860,0.0,0.0
2014-07-31 00:00:00-04:00,58.20241355255778,58.733947875129914,57.582299187876515,58.113826751708984,16250,0.0,0.0
2014-08-01 00:00:00-04:00,58.73395226982465,60.151361465680324,58.46818508865289,60.062774658203125,19240,0.0,0.0
2014-08-04 00:00:00-04:00,60.59430693169391,61.480188592219434,60.41712654434439,60.771480560302734,20580,0.0,0.0
2014-08-05 00:00:00-04:00,60.5057182141337,61.12583265349909,59.79701020450998,60.86006546020508,18550,0.0,0.0
2014-08-06 00:00:00-04:00,61.03723428246064,62.72041041749374,60.062766022832804,62.63181686401367,11880,0.0,0.0
2014-08-07 00:00:00-04:00,62.63182874319109,62.80900912501725,59.88559703292037,60.50571823120117,9170,0.0,0.0
2014-08-08 00:00:00-04:00,60.3285395183551,62.01171601919569,60.3285395183551,61.3916015625,16530,0.0,0.0
2014-08-11 00:00:00-04:00,62.011713030427096,62.543240647511254,61.48018541334293,61.923126220703125,5020,0.0,0.0
2014-08-12 00:00:00-04:00,61.56876945646373,62.54323783712018,61.21441547475046,61.65735626220703,16910,0.0,0.0
2014-08-13 00:00:00-04:00,62.01171875,62.454659598214285,61.568777901785715,62.01171875,8410,0.0,0.0
2014-08-14 00:00:00-04:00,62.01171601919569,62.18888964718283,61.3916015625,61.3916015625,7970,0.0,0.0
2014-08-15 00:00:00-04:00,62.27748321991708,62.27748321991708,60.59430671907649,61.3916015625,14060,0.0,0.0
2014-08-18 00:00:00-04:00,62.1002970496636,62.1002970496636,59.708419500894124,61.65735626220703,12470,0.0,0.0
2014-08-19 00:00:00-04:00,61.65735626220703,62.0117102439203,61.39159584497711,61.65735626220703,5660,0.0,0.0
2014-08-20 00:00:00-04:00,61.12582897718597,61.657356573065655,59.7970066081167,59.88559341430664,6370,0.0,0.0
2014-08-21 00:00:00-04:00,59.79700368993422,60.50571162234786,59.1768893181271,60.23994445800781,7500,0.0,0.0
2014-08-22 00:00:00-04:00,60.0627763719728,61.125831609511636,59.79700918321791,60.94865798950195,10740,0.0,0.0
2014-08-25 00:00:00-04:00,61.03723920316716,61.30299960881483,60.23994446874465,60.417118072509766,6110,0.0,0.0
2014-08-26 00:00:00-04:00,60.50571823120117,60.94865904765582,60.239951037832185,60.50571823120117,7450,0.0,0.0
2014-08-27 00:00:00-04:00,60.8600654773725,60.8600654773725,59.974183844463205,60.50571823120117,12540,0.0,0.0
2014-08-28 00:00:00-04:00,60.72997308320594,63.77992892452369,60.64026990867879,63.241703033447266,21230,0.85,0.0
2014-08-29 00:00:00-04:00,63.06229435087972,63.151997522087555,62.16524895097482,62.88288116455078,16360,0.0,0.0
2014-09-02 00:00:00-04:00,62.793179753401965,63.51081883100623,62.434360214599835,63.33140563964844,13740,0.0,0.0
2014-09-03 00:00:00-04:00,63.51081588675166,64.85638396194628,63.24169953414747,64.04904174804688,19410,0.0,0.0
2014-09-04 00:00:00-04:00,64.31814782798298,64.40785783667744,62.16524449757185,62.254947662353516,6610,0.0,0.0
2014-09-05 00:00:00-04:00,61.806431441269616,62.79318004461661,61.26820555252703,62.43436050415039,9780,0.0,0.0
2014-09-08 00:00:00-04:00,62.254948203534575,62.344651369096034,61.08878651949714,61.178489685058594,12550,0.0,0.0
2014-09-09 00:00:00-04:00,61.17849785634826,61.17849785634826,60.10204603800912,60.37116241455078,18930,0.0,0.0
2014-09-10 00:00:00-04:00,60.19174484903565,60.55056437708995,59.3844026218918,60.46086120605469,13000,0.0,0.0
2014-09-11 00:00:00-04:00,59.92264119192455,61.44761578029326,59.92264119192455,60.729976654052734,14520,0.0,0.0
2014-09-12 00:00:00-04:00,60.90939235291255,60.90939235291255,58.75648172990421,59.3844108581543,13990,0.0,0.0
2014-09-15 00:00:00-04:00,59.20499946664883,59.92263856138578,57.859431296952266,58.12854766845703,14100,0.0,0.0
2014-09-16 00:00:00-04:00,58.128540174458315,59.65351449928085,57.85942383764834,58.84617233276367,26610,0.0,0.0
2014-09-17 00:00:00-04:00,59.02559373026735,59.65352281177317,58.39765780484784,58.75647735595703,18970,0.0,0.0
2014-09-18 00:00:00-04:00,58.84618053275591,59.2050000838651,58.39765780484784,58.75647735595703,18390,0.0,0.0
2014-09-19 00:00:00-04:00,59.02559373026735,59.38440643746285,58.48736098164672,58.75647735595703,46960,0.0,0.0
2014-09-22 00:00:00-04:00,58.487352831654626,59.4741081706827,58.487352831654626,58.84617233276367,17450,0.0,0.0
2014-09-23 00:00:00-04:00,58.57706776322004,58.8461772787357,58.307951403791066,58.666770935058594,19720,0.0,0.0
2014-09-24 00:00:00-04:00,58.84617991928035,58.84617991928035,57.94913447281598,58.12854766845703,14660,0.0,0.0
2014-09-25 00:00:00-04:00,57.85943046212196,58.21825000431318,56.782975257505086,57.41090774536133,17440,0.0,0.0
2014-09-26 00:00:00-04:00,57.41090857372008,58.307954020184454,57.141795624172126,58.12854766845703,12330,0.0,0.0
2014-09-29 00:00:00-04:00,57.6800252974258,58.57707074936764,57.32120574786633,57.949134826660156,16090,0.0,0.0
2014-09-30 00:00:00-04:00,57.94913496759762,59.02559361889408,57.05208951347409,57.14179611206055,30230,0.0,0.0
2014-10-01 00:00:00-04:00,57.14179301003768,57.14179301003768,54.630066559235765,55.25799560546875,36310,0.0,0.0
2014-10-02 00:00:00-04:00,55.078592886120305,55.796228573290335,54.98888628650101,55.34770584106445,14430,0.0,0.0
2014-10-03 00:00:00-04:00,56.1550367602417,56.60355942900387,55.16828825774747,56.24474334716797,15880,0.0,0.0
2014-10-06 00:00:00-04:00,56.1550441270381,56.244750725732686,54.89918254292548,55.437408447265625,13810,0.0,0.0
2014-10-07 00:00:00-04:00,55.257996456146294,55.347703051243904,54.09183809553102,54.27124786376953,13020,0.0,0.0
2014-10-08 00:00:00-04:00,54.00213362722012,55.257995130856116,52.56685893769189,54.54035949707031,21890,0.0,0.0
2014-10-09 00:00:00-04:00,54.54035927820137,54.54035927820137,52.74626848995819,52.92567825317383,17990,0.0,0.0
2014-10-10 00:00:00-04:00,52.47715638769393,53.9124276722499,51.93893051147461,51.93893051147461,24320,0.0,0.0
2014-10-13 00:00:00-04:00,51.84922437126597,52.297747079359894,50.68306601461311,50.952178955078125,27420,0.0,0.0
2014-10-14 00:00:00-04:00,51.58011071300382,54.98888256268926,51.58011071300382,52.835975646972656,22740,0.0,0.0
2014-10-15 00:00:00-04:00,51.84922584483279,53.28450060469819,51.58011289671953,52.29774856567383,25850,0.0,0.0
2014-10-16 00:00:00-04:00,51.58011214578105,55.34770363038598,51.310999201585716,54.18154525756836,18110,0.0,0.0
2014-10-17 00:00:00-04:00,55.07859117103536,55.168294345904535,53.10509052630271,53.194793701171875,17610,0.0,0.0
2014-10-20 00:00:00-04:00,53.105085266835616,53.733017694600406,53.105085266835616,53.55360794067383,19930,0.0,0.0
2014-10-21 00:00:00-04:00,53.64331362631832,54.27124608357748,53.55361045611984,53.822723388671875,13950,0.0,0.0
2014-10-22 00:00:00-04:00,53.733021696383254,54.27124757629107,53.28449898914118,53.463905334472656,11400,0.0,0.0
2014-10-23 00:00:00-04:00,54.00213315102544,54.71976877848308,53.46390386396476,53.822723388671875,17750,0.0,0.0
2014-10-24 00:00:00-04:00,54.002135209466026,54.002135209466026,53.10508978546146,53.374202728271484,12180,0.0,0.0
2014-10-27 00:00:00-04:00,52.925680579864796,53.46390647121631,52.8359774052918,53.28450012207031,15390,0.0,0.0
2014-10-28 00:00:00-04:00,53.19479405087284,57.321205139160156,53.19479405087284,57.321205139160156,20200,0.0,0.0
2014-10-29 00:00:00-04:00,57.50060844407169,57.50060844407169,54.36094956193456,54.63006591796875,24360,0.0,0.0
2014-10-30 00:00:00-04:00,54.71976517979146,60.28144349328713,54.71976517979146,58.84617233276367,33310,0.0,0.0
2014-10-31 00:00:00-04:00,60.28144950072442,60.28144950072442,57.94913277695422,58.39765548706055,34420,0.0,0.0
2014-11-03 00:00:00-05:00,58.84617960925924,60.46086414195388,58.038837342911926,59.02559280395508,30950,0.0,0.0
2014-11-04 00:00:00-05:00,58.75647828653152,59.653523756554904,58.307955551519825,58.487361907958984,15080,0.0,0.0
2014-11-05 00:00:00-05:00,58.84617757054512,59.92263616968571,58.57706805369499,59.47411346435547,25880,0.0,0.0
2014-11-06 00:00:00-05:00,59.56382012883955,60.46086559209342,59.20500057475525,60.37116241455078,13030,0.0,0.0
2014-11-07 00:00:00-05:00,59.743221592643145,60.729970152652825,59.29469889773755,60.55056381225586,12780,0.0,0.0
2014-11-10 00:00:00-05:00,60.37116393484639,62.25495808633537,60.28145391113089,60.729976654052734,21170,0.0,0.0
2014-11-11 00:00:00-05:00,60.8196772326116,60.8196772326116,59.92263188607699,60.28144454956055,11560,0.0,0.0
2014-11-12 00:00:00-05:00,59.743221592643145,60.64026698245434,59.474112082047704,60.55056381225586,16350,0.0,0.0
2014-11-13 00:00:00-05:00,60.55056521958271,60.90938475262958,59.204997103591985,59.47411346435547,7120,0.0,0.0
2014-11-14 00:00:00-05:00,59.65352281177317,59.922639186083494,58.39765780484784,58.75647735595703,23440,0.0,0.0
2014-11-17 00:00:00-05:00,58.57706861257857,59.47411403179776,57.59031317630672,57.680023193359375,13880,0.0,0.0
2014-11-18 00:00:00-05:00,57.85943046212196,58.3079531788826,57.23149797426572,57.41090774536133,12790,0.0,0.0
2014-11-19 00:00:00-05:00,57.2314991744217,58.39765757806258,54.809475768732604,55.52711486816406,14660,0.0,0.0
2014-11-20 00:00:00-05:00,55.437408269756716,56.244750545638695,55.347705093306196,55.52711486816406,13290,0.0,0.0
2014-11-21 00:00:00-05:00,56.51386112120094,56.51386112120094,54.719770291956465,55.16829299926758,19130,0.0,0.0
2014-11-24 00:00:00-05:00,55.34770527052788,55.88593117486803,54.80947594423089,55.437408447265625,20280,0.0,0.0
2014-11-25 00:00:00-05:00,55.257993579599805,56.244745542566264,54.36094820706113,55.70651626586914,25140,0.0,0.0
2014-11-26 00:00:00-05:00,55.570099117104014,57.84383481697644,55.570099117104014,57.38908767700195,13110,0.85,0.0
2014-11-28 00:00:00-05:00,57.38908195232351,58.207628110404066,55.47914554272887,55.66104507446289,9460,0.0,0.0
2014-12-01 00:00:00-05:00,55.93389424970073,57.48003510984164,55.38819910821339,56.388641357421875,34360,0.0,0.0
2014-12-02 00:00:00-05:00,57.11623964554694,60.75422020667608,57.11623964554694,60.663265228271484,24460,0.0,0.0
2014-12-03 00:00:00-05:00,60.4813747689013,63.02796174525365,60.4813747689013,62.209415435791016,26080,0.0,0.0
2014-12-04 00:00:00-05:00,61.936555174811325,63.66459558562784,61.84560714032419,63.30079650878906,21910,0.0,0.0
2014-12-05 00:00:00-05:00,63.209852225173535,65.21073685818392,62.02750689000971,62.48225402832031,23390,0.0,0.0
2014-12-08 00:00:00-05:00,61.936553535294166,62.755099701791195,60.390416173269834,60.754215240478516,13980,0.0,0.0
2014-12-09 00:00:00-05:00,60.02661737261412,62.11845681418549,59.208071202482266,61.75465774536133,25410,0.0,0.0
2014-12-10 00:00:00-05:00,61.299916338787995,62.755105810380996,60.93611723616706,61.02706527709961,21890,0.0,0.0
2014-12-11 00:00:00-05:00,61.390863671931136,63.664599363484136,61.390863671931136,62.48225402832031,30140,0.0,0.0
2014-12-12 00:00:00-05:00,61.390863415077696,63.573651057614136,61.118012357676655,62.11846160888672,22940,0.0,0.0
2014-12-15 00:00:00-05:00,62.209400670899406,63.57364188324856,61.754653600116356,63.39173889160156,26180,0.0,0.0
2014-12-16 00:00:00-05:00,63.3917428191376,65.3926342178852,63.118898723097054,64.84693908691406,28940,0.0,0.0
2014-12-17 00:00:00-05:00,65.21073248116775,65.57453155517578,64.30123826559281,65.57453155517578,17110,0.0,0.0
2014-12-18 00:00:00-05:00,65.93832763889982,67.66636795790414,65.02883346457017,65.75643157958984,22700,0.0,0.0
2014-12-19 00:00:00-05:00,65.57453370372517,67.84826931716148,64.93789050751917,67.30257415771484,79290,0.0,0.0
2014-12-22 00:00:00-05:00,66.93877239259011,69.03061184878267,66.8478243594709,67.8482666015625,15460,0.0,0.0
2014-12-23 00:00:00-05:00,67.8482606403266,68.939657758536,67.30256555066667,67.5754165649414,12550,0.0,0.0
2014-12-24 00:00:00-05:00,67.57541452411746,67.66636254649917,66.21117337172389,66.84781646728516,5960,0.0,0.0
2014-12-26 00:00:00-05:00,67.30257606291843,68.75776550893313,67.30257606291843,68.0301742553711,6940,0.0,0.0
2014-12-29 00:00:00-05:00,68.48492252292836,69.75820897243092,67.93922040012356,69.39441680908203,15200,0.0,0.0
2014-12-30 00:00:00-05:00,69.39441044904486,70.48580071684644,68.93966334764585,70.12200164794922,9600,0.0,0.0
2014-12-31 00:00:00-05:00,70.12200065205,71.03149484193104,69.12155843095886,70.39485168457031,19020,0.0,0.0
2015-01-02 00:00:00-05:00,70.94054681072093,71.57718996808165,68.48491527359813,70.39485168457031,16560,0.0,0.0
2015-01-05 00:00:00-05:00,70.03105851029045,71.30435187098294,69.12156424392305,70.6677017211914,21820,0.0,0.0
2015-01-06 00:00:00-05:00,70.48579777756783,70.48579777756783,65.9383269532086,66.39307403564453,24210,0.0,0.0
2015-01-07 00:00:00-05:00,67.02971187685134,67.57541388374895,65.66547073738579,67.48445892333984,34850,0.0,0.0
2015-01-08 00:00:00-05:00,67.75732224459654,69.12156363207163,66.75687994822624,67.66637420654297,30040,0.0,0.0
2015-01-09 00:00:00-05:00,67.57542052842996,68.39395974148471,67.30256949815174,67.75731658935547,13270,0.0,0.0
2015-01-12 00:00:00-05:00,67.93921195883458,69.21250518902416,67.21162078364759,68.39395904541016,26390,0.0,0.0
2015-01-13 00:00:00-05:00,69.12156677246094,70.48580822191741,67.84827336519007,69.12156677246094,20380,0.0,0.0
2015-01-14 00:00:00-05:00,68.12111958176888,68.93966578095672,67.30257338258104,68.57586669921875,14610,0.0,0.0
2015-01-15 00:00:00-05:00,68.93966755596449,68.93966755596449,67.30257511543817,67.66637420654297,14860,0.0,0.0
2015-01-16 00:00:00-05:00,67.2116280235845,68.3939664127068,66.84782892735817,68.0301742553711,10910,0.0,0.0
2015-01-20 00:00:00-05:00,68.39396544986204,68.39396544986204,66.30213281906786,67.66637420654297,13650,0.0,0.0
2015-01-21 00:00:00-05:00,67.84826948752278,69.4853619088637,67.39352236369369,68.93966674804688,19720,0.0,0.0
2015-01-22 00:00:00-05:00,68.9396717681219,70.5767573697823,68.3939696286775,70.48580932617188,17780,0.0,0.0
2015-01-23 00:00:00-05:00,70.66769951409995,70.66769951409995,69.03061404910237,69.57630920410156,5660,0.0,0.0
2015-01-26 00:00:00-05:00,69.57630994585143,69.57630994585143,68.30301661135188,68.93966674804688,5160,0.0,0.0
2015-01-27 00:00:00-05:00,68.30301101587301,69.03060912994988,68.12111495679873,68.39395904541016,8820,0.0,0.0
2015-01-28 00:00:00-05:00,68.84869972086894,68.84869972086894,66.02926943442067,67.12066650390625,11670,0.0,0.0
2015-01-29 00:00:00-05:00,67.39351684272187,69.39440818698831,66.84782172660915,68.39395904541016,16000,0.0,0.0
2015-01-30 00:00:00-05:00,67.75732411411391,68.30301929638233,65.93833554729207,66.12023162841797,15360,0.0,0.0
2015-02-02 00:00:00-05:00,66.6659263460225,68.2120636805592,66.30212728528153,67.75731658935547,17850,0.0,0.0
2015-02-03 00:00:00-05:00,68.30301034767136,70.30390167236328,67.39351618341772,70.30390167236328,15680,0.0,0.0
2015-02-04 00:00:00-05:00,70.30390000013742,70.94054312441605,68.39395674952219,70.57674407958984,15380,0.0,0.0
2015-02-05 00:00:00-05:00,70.94054639259029,73.57808091547741,69.94010417739587,72.66858673095703,26250,0.0,0.0
2015-02-06 00:00:00-05:00,72.75954258294753,73.75998490568492,71.94099634111123,73.66903686523438,28780,0.0,0.0
2015-02-09 00:00:00-05:00,73.21428482635868,73.94188297907114,72.66858968126945,73.12333679199219,22450,0.0,0.0
2015-02-10 00:00:00-05:00,73.21428482635868,73.48713586834842,72.39573863927973,73.12333679199219,18260,0.0,0.0
2015-02-11 00:00:00-05:00,73.03238677978516,73.66902994199951,72.75953574518469,73.03238677978516,18910,0.0,0.0
2015-02-12 00:00:00-05:00,73.66902894615146,75.21516628428014,72.57763870028298,72.66858673095703,36250,0.0,0.0
2015-02-13 00:00:00-05:00,72.66858771328123,73.48713387819257,72.3047886467773,73.03238677978516,14520,0.0,0.0
2015-02-17 00:00:00-05:00,73.30522819136674,74.4875733794895,72.66858505246358,72.9414291381836,18700,0.0,0.0
2015-02-18 00:00:00-05:00,72.5776360444927,73.75997427777064,72.5776360444927,73.21427917480469,13180,0.0,0.0
2015-02-19 00:00:00-05:00,73.30523116695367,74.12377733511951,73.30523116695367,73.39617919921875,9210,0.0,0.0
2015-02-20 00:00:00-05:00,73.48713586834842,73.6690319370814,72.75953771563596,73.12333679199219,9150,0.0,0.0
2015-02-23 00:00:00-05:00,72.8504857830643,73.03238879077009,71.85004352679832,72.48668670654297,7520,0.0,0.0
2015-02-24 00:00:00-05:00,72.48668670654297,73.57808393610696,72.21384260331965,72.48668670654297,7370,0.0,0.0
2015-02-25 00:00:00-05:00,72.57764338438183,72.8504874940131,72.03194128733848,72.2138442993164,9270,0.0,0.0
2015-02-26 00:00:00-05:00,72.3517319230916,72.9033390696882,71.70819960403054,72.07593536376953,7370,0.85,0.0
2015-02-27 00:00:00-05:00,72.25981102238725,72.53561463876132,71.15661058484562,71.24854278564453,14710,0.0,0.0
2015-03-02 00:00:00-05:00,71.06466728496947,72.9952712561289,69.8695278193118,72.07593536376953,16640,0.0,0.0
2015-03-03 00:00:00-05:00,72.07594197020323,72.6275421533829,71.24853818844527,71.70820617675781,9000,0.0,0.0
2015-03-04 00:00:00-05:00,71.70820214795886,72.5356058832306,71.24853418547194,71.52433776855469,14800,0.0,0.0
2015-03-05 00:00:00-05:00,71.70820716683946,72.35173955377158,70.51306757513467,71.43240356445312,7730,0.0,0.0
2015-03-06 00:00:00-05:00,70.51307445157794,71.34047832544847,69.31794175730066,69.40987396240234,9300,0.0,0.0
2015-03-09 00:00:00-04:00,69.8695297241211,70.51306206072638,69.1340581845924,69.8695297241211,6990,0.0,0.0
2015-03-10 00:00:00-04:00,69.04213779324884,69.50180583050613,67.20346564421969,68.39860534667969,11450,0.0,0.0
2015-03-11 00:00:00-04:00,68.12279309389557,68.76633247296559,67.57119292181892,68.0308609008789,13640,0.0,0.0
2015-03-12 00:00:00-04:00,68.95019725819611,71.52434076142615,68.67439366357263,71.34046936035156,14820,0.0,0.0
2015-03-13 00:00:00-04:00,71.61627617057886,71.61627617057886,68.85826815641518,70.14533996582031,9080,0.0,0.0
2015-03-16 00:00:00-04:00,70.78886465912969,72.44367209311545,70.78886465912969,71.80013275146484,11010,0.0,0.0
2015-03-17 00:00:00-04:00,71.80013022607767,72.53560172953108,71.80013022607767,72.35173034667969,16350,0.0,0.0
2015-03-18 00:00:00-04:00,72.07593379336672,72.81139828284405,70.69692998487365,72.35173034667969,11070,0.0,0.0
2015-03-19 00:00:00-04:00,72.16787416507036,73.08721014169546,71.24853818844527,71.70820617675781,6760,0.0,0.0
2015-03-20 00:00:00-04:00,71.89207558226555,72.62754722046884,71.52434677714126,72.25981140136719,21830,0.0,0.0
2015-03-23 00:00:00-04:00,72.44368181366521,73.08721422768917,72.07594599966126,72.53561401367188,15780,0.0,0.0
2015-03-24 00:00:00-04:00,72.4436772257015,73.5468775838688,72.35173801754021,72.99527740478516,10060,0.0,0.0
2015-03-25 00:00:00-04:00,73.27108197821187,73.36302119639997,70.69694519042969,70.69694519042969,13200,0.0,0.0
2015-03-26 00:00:00-04:00,70.69693898138455,71.8001393629759,69.7776029920661,71.43240356445312,8960,0.0,0.0
2015-03-27 00:00:00-04:00,71.34046936035156,72.25980532379418,70.78886918508135,71.34046936035156,20810,0.0,0.0
2015-03-30 00:00:00-04:00,71.43239603073224,72.53560330994921,71.43239603073224,72.07593536376953,7930,0.0,0.0
2015-03-31 00:00:00-04:00,71.80013837162494,71.98400977533609,70.60500581039844,71.70820617675781,20880,0.0,0.0
2015-04-01 00:00:00-04:00,71.06466973303544,72.35173441549492,70.51306256743683,70.88079833984375,12320,0.0,0.0
2015-04-02 00:00:00-04:00,71.15661058484562,71.52434640201861,70.42113895049965,71.24854278564453,7280,0.0,0.0
2015-04-06 00:00:00-04:00,70.60500638538545,71.61627456511316,70.51306717579271,71.0646743774414,9400,0.0,0.0
2015-04-07 00:00:00-04:00,71.15660550508693,71.43240208779498,69.40986575869526,70.05339813232422,28410,0.0,0.0
2015-04-08 00:00:00-04:00,70.32920901500495,70.8808092515428,69.22600854192922,69.68567657470703,24250,0.0,0.0
2015-04-09 00:00:00-04:00,69.59373536376127,70.14534259847831,68.12279910379632,68.95020294189453,6140,0.0,0.0
2015-04-10 00:00:00-04:00,69.31793472229789,69.50179911384107,68.4905309323997,68.7663345336914,24640,0.0,0.0
2015-04-13 00:00:00-04:00,68.95020035409189,70.69694016585763,68.12279654704736,70.14533996582031,13960,0.0,0.0
2015-04-14 00:00:00-04:00,70.69693554860616,70.97273212362387,69.40986382326031,70.6050033569336,16920,0.0,0.0
2015-04-15 00:00:00-04:00,70.05340641209183,70.05340641209183,68.03086984394402,69.40987396240234,19610,0.0,0.0
2015-04-16 00:00:00-04:00,68.85826700274764,72.35173955377158,68.85826700274764,71.43240356445312,16960,0.0,0.0
2015-04-17 00:00:00-04:00,70.42113509951086,71.34047108518067,68.58246312817128,68.7663345336914,15010,0.0,0.0
2015-04-20 00:00:00-04:00,69.31793851295802,71.70821080361644,69.31793851295802,71.24854278564453,24000,0.0,0.0
2015-04-21 00:00:00-04:00,71.43240057410372,72.6275401157768,70.42113243098318,71.61627197265625,18370,0.0,0.0
2015-04-22 00:00:00-04:00,70.97273516784867,71.70820676072897,69.68567040127354,71.0646743774414,12330,0.0,0.0
2015-04-23 00:00:00-04:00,71.2485357126182,71.70820368495767,70.32919976793926,70.6050033569336,13610,0.0,0.0
2015-04-24 00:00:00-04:00,70.4211399467654,71.34047599571528,70.4211399467654,70.97274017333984,9180,0.0,0.0
2015-04-27 00:00:00-04:00,70.32920700073242,71.61627885844325,68.4905349222819,68.95020294189453,15710,0.0,0.0
2015-04-28 00:00:00-04:00,68.67439520756889,71.1566065730572,67.93893062866553,71.0646743774414,16690,0.0,0.0
2015-04-29 00:00:00-04:00,69.68567759168506,70.60501367065729,68.85827371781454,69.40987396240234,11120,0.0,0.0
2015-04-30 00:00:00-04:00,55.803693036126056,62.97451276653862,55.803693036126056,62.42291259765625,24530,0.0,0.0
2015-05-01 00:00:00-04:00,62.6067777839777,62.6067777839777,58.92943392572378,59.021366119384766,18910,0.0,0.0
2015-05-04 00:00:00-04:00,58.837504542151166,60.124576356806145,58.28590433986392,59.29717254638672,33240,0.0,0.0
2015-05-05 00:00:00-04:00,59.205242796838455,59.57297861823047,57.090767084317385,57.91817092895508,31310,0.0,0.0
2015-05-06 00:00:00-04:00,58.1939653965224,58.56170118224299,57.458497332069584,58.01009750366211,16900,0.0,0.0
2015-05-07 00:00:00-04:00,57.918163819637016,58.65363186515538,57.27462796468784,58.10203170776367,18190,0.0,0.0
2015-05-08 00:00:00-04:00,58.56170402987141,58.65363622727768,58.10203602886298,58.28590393066406,14830,0.0,0.0
2015-05-11 00:00:00-04:00,58.01009876617675,59.481034927095415,58.01009876617675,59.205238342285156,16950,0.0,0.0
2015-05-12 00:00:00-04:00,58.653634410733986,59.02136669595868,57.55043054108304,58.37783432006836,8410,0.0,0.0
2015-05-13 00:00:00-04:00,58.37783178645953,58.92943194385124,57.918163819637016,58.10203170776367,10580,0.0,0.0
2015-05-14 00:00:00-04:00,58.19396468512073,59.29716852180785,58.10203249330861,59.113304138183594,20000,0.0,0.0
2015-05-15 00:00:00-04:00,59.113305119872166,59.113305119872166,58.01009775787588,58.837501525878906,8310,0.0,0.0
2015-05-18 00:00:00-04:00,59.389102935791016,59.75683873077579,58.469766955317546,59.389102935791016,14060,0.0,0.0
2015-05-19 00:00:00-04:00,59.2052406444073,59.66490865094155,58.28590463133879,58.65363693237305,10600,0.0,0.0
2015-05-20 00:00:00-04:00,58.56170553964522,58.92943784573931,57.91816962024477,58.1939697265625,14100,0.0,0.0
2015-05-21 00:00:00-04:00,58.010097819031216,58.469765800186735,56.26336159483327,56.539161682128906,17130,0.0,0.0
2015-05-22 00:00:00-04:00,56.35529102926329,57.366562642489285,55.7117551857537,56.90689468383789,36420,0.0,0.0
2015-05-26 00:00:00-04:00,56.35529405141715,56.906897735572485,54.884357907646375,55.895626068115234,26520,0.0,0.0
2015-05-27 00:00:00-04:00,55.8956273654928,56.2633631634651,52.86181930668098,55.61982727050781,281500,0.0,0.0
2015-05-28 00:00:00-04:00,55.479959914778945,60.14214142022256,55.29347194316876,59.86240768432617,45150,0.85,0.0
2015-05-29 00:00:00-04:00,59.582684013030274,59.86241064885497,57.717811318499905,58.370513916015625,19680,0.0,0.0
2015-06-01 00:00:00-04:00,58.83672936437822,58.9299751289631,57.34483270064233,57.904293060302734,19500,0.0,0.0
2015-06-02 00:00:00-04:00,57.34483535680888,59.023220070493736,57.34483535680888,58.370513916015625,18980,0.0,0.0
2015-06-03 00:00:00-04:00,58.46375769201537,59.11646382424412,57.43807561080954,58.650245666503906,16620,0.0,0.0
2015-06-04 00:00:00-04:00,58.090781271705836,58.83672960664531,56.87861478280891,57.251590728759766,11180,0.0,0.0
2015-06-05 00:00:00-04:00,57.25159341997405,57.5313236141053,56.41239928061792,57.06510543823242,20850,0.0,0.0
2015-06-08 00:00:00-04:00,56.505638836858054,57.43807514477296,56.41239662885146,57.251590728759766,16290,0.0,0.0
2015-06-09 00:00:00-04:00,56.97185629809092,57.99753835850331,56.13266576534863,57.15834426879883,10730,0.0,0.0
2015-06-10 00:00:00-04:00,57.624563571376704,58.370511912188384,57.624563571376704,57.99753952026367,22330,0.0,0.0
2015-06-11 00:00:00-04:00,57.90429310332278,59.30294756047514,57.90429310332278,59.2097053527832,9600,0.0,0.0
2015-06-12 00:00:00-04:00,59.11646382424412,59.11646382424412,58.27726971752683,58.650245666503906,10690,0.0,0.0
2015-06-15 00:00:00-04:00,58.46375697692536,58.46375697692536,56.97185675622725,57.904293060302734,15130,0.0,0.0
2015-06-16 00:00:00-04:00,57.811049354999284,59.2097037748783,57.811049354999284,58.92997360229492,15170,0.0,0.0
2015-06-17 00:00:00-04:00,59.116463809962326,59.116463809962326,57.624563571376704,57.99753952026367,13190,0.0,0.0
2015-06-18 00:00:00-04:00,58.090786334206335,59.76917112332872,58.090786334206335,59.48944091796875,14410,0.0,0.0
2015-06-19 00:00:00-04:00,59.582685095751756,61.261066282973346,58.743490945178515,60.51512145996094,34990,0.0,0.0
2015-06-22 00:00:00-04:00,60.981337809293386,60.981337809293386,59.95565926227466,60.23538589477539,11870,0.0,0.0
2015-06-23 00:00:00-04:00,59.86240632525214,59.86240632525214,58.83672784012571,58.92997360229492,10470,0.0,0.0
2015-06-24 00:00:00-04:00,58.83673008403018,59.302948241770395,58.18402750876369,58.650245666503906,11180,0.0,0.0
2015-06-25 00:00:00-04:00,59.116461569671216,59.95565564438348,58.18402528975187,58.92997360229492,9950,0.0,0.0
2015-06-26 00:00:00-04:00,59.116461569671216,59.86240632525214,58.37050970016604,58.92997360229492,35880,0.0,0.0
2015-06-29 00:00:00-04:00,58.370515366878955,58.65024912358151,56.50564262599512,56.5988883972168,14390,0.0,0.0
2015-06-30 00:00:00-04:00,56.8786124255958,56.8786124255958,55.4799580216877,55.57320022583008,18650,0.0,0.0
2015-07-01 00:00:00-04:00,55.75969046343259,57.53132087003299,55.47996028264364,55.9461784362793,22270,0.0,0.0
2015-07-02 00:00:00-04:00,56.225908151495936,56.50563832996861,55.10698388064303,55.20022964477539,14350,0.0,0.0
2015-07-06 00:00:00-04:00,55.3867182602782,55.47996046853285,53.148869692544075,53.335357666015625,34660,0.0,0.0
2015-07-07 00:00:00-04:00,53.335358790022994,53.428601000242665,51.56372834015069,52.869140625,28200,0.0,0.0
2015-07-08 00:00:00-04:00,52.682650446336105,54.54752302850729,52.682650446336105,53.80157470703125,80170,0.0,0.0
2015-07-09 00:00:00-04:00,54.73401521947096,54.73401521947096,51.09751198098741,51.190757751464844,30380,0.0,0.0
2015-07-10 00:00:00-04:00,51.65697753116106,52.216437943484806,50.63129536595079,50.81778335571289,22750,0.0,0.0
2015-07-13 00:00:00-04:00,51.56372676108625,52.123190676158465,51.00426640297625,51.28399658203125,23570,0.0,0.0
2015-07-14 00:00:00-04:00,51.190757751464844,51.65697593296466,51.00426976747243,51.190757751464844,17340,0.0,0.0
2015-07-15 00:00:00-04:00,51.284000004563374,51.47048798869973,49.69885747484802,49.885345458984375,21150,0.0,0.0
2015-07-16 00:00:00-04:00,49.79210439485164,51.004270984277234,49.32588620222929,49.41912841796875,26620,0.0,0.0
2015-07-17 00:00:00-04:00,49.41912306255889,50.07182917289077,49.41912306255889,49.79209899902344,20760,0.0,0.0
2015-07-20 00:00:00-04:00,49.605612770706294,49.605612770706294,45.87586750308871,46.15559768676758,33420,0.0,0.0
2015-07-21 00:00:00-04:00,48.85966272171366,49.60561103778579,45.22315979003906,45.22315979003906,44970,0.0,0.0
2015-07-22 00:00:00-04:00,44.75694430604273,46.435329006126864,43.824507966333506,45.68938064575195,34110,0.0,0.0
2015-07-23 00:00:00-04:00,45.78261999202157,47.9272262847207,45.78261999202157,47.1812744140625,25210,0.0,0.0
2015-07-24 00:00:00-04:00,46.80830426847258,47.36776464119061,46.528574082113565,46.901546478271484,17110,0.0,0.0
2015-07-27 00:00:00-04:00,46.52857364925117,47.274521991589644,46.155597699600804,46.80830383300781,17260,0.0,0.0
2015-07-28 00:00:00-04:00,46.71505631039112,48.020468528115025,45.96910799610409,47.833980560302734,20850,0.0,0.0
2015-07-29 00:00:00-04:00,47.36776238172705,47.5542503493916,46.43532610036643,47.1812744140625,16010,0.0,0.0
2015-07-30 00:00:00-04:00,46.43532760604354,47.36776391763864,42.425852177577056,42.798828125,36420,0.0,0.0
2015-07-31 00:00:00-04:00,42.98531035021646,44.104234578476586,41.95963188253921,43.73126220703125,33850,0.0,0.0
2015-08-03 00:00:00-04:00,43.35828671556838,44.38396519358193,43.265044511007915,43.82450485229492,28040,0.0,0.0
2015-08-04 00:00:00-04:00,43.638023376464844,44.47721757017023,43.35829316421726,43.638023376464844,16840,0.0,0.0
2015-08-05 00:00:00-04:00,43.91774816670448,43.91774816670448,42.89206966277092,43.3582878112793,25400,0.0,0.0
2015-08-06 00:00:00-04:00,43.451533409099504,43.638021394448586,42.892073010014734,43.26504898071289,12230,0.0,0.0
2015-08-07 00:00:00-04:00,43.26504673150379,44.4772132378125,43.26504673150379,43.544776916503906,17150,0.0,0.0
2015-08-10 00:00:00-04:00,43.7312631578948,46.15559607436977,43.35828722137766,45.22315979003906,29060,0.0,0.0
2015-08-11 00:00:00-04:00,44.943431857513154,46.24884058650109,44.570455902395274,45.59613800048828,31380,0.0,0.0
2015-08-12 00:00:00-04:00,44.756939446448335,46.43532396429775,44.383963528276475,45.50288772583008,40740,0.0,0.0
2015-08-13 00:00:00-04:00,45.129922107347134,45.59614029623724,44.66370391845703,44.66370391845703,13570,0.0,0.0
2015-08-14 00:00:00-04:00,44.75694473039568,45.875869060048046,44.75694473039568,45.782623291015625,20110,0.0,0.0
2015-08-17 00:00:00-04:00,45.6893784047431,46.43532672853014,45.22316025775593,45.96910858154297,15810,0.0,0.0
2015-08-18 00:00:00-04:00,45.59613753477527,45.59613753477527,43.544776916503906,43.544776916503906,10980,0.0,0.0
2015-08-19 00:00:00-04:00,43.3582878112793,43.91774816670448,42.51909372117934,43.3582878112793,14480,0.0,0.0
2015-08-20 00:00:00-04:00,42.89206915961371,42.89206915961371,41.86639066771216,41.959632873535156,19420,0.0,0.0
2015-08-21 00:00:00-04:00,41.120439451385614,42.33260948825746,40.840709272477575,41.40017318725586,25160,0.0,0.0
2015-08-24 00:00:00-04:00,39.90827174535063,40.7474658132539,39.25556564331055,39.25556564331055,26510,0.0,0.0
2015-08-25 00:00:00-04:00,40.37449172918014,40.37449172918014,38.13664670729805,38.229888916015625,20700,0.0,0.0
2015-08-26 00:00:00-04:00,39.16232569077436,39.90827404015855,38.41637734139017,39.628543853759766,24420,0.0,0.0
2015-08-27 00:00:00-04:00,39.721785611910086,39.908273586376225,38.41637690457164,38.88259506225586,20640,0.0,0.0
2015-08-28 00:00:00-04:00,38.835002556899525,38.930188567060746,37.8831642411374,38.45426940917969,32860,0.85,0.0
2015-08-31 00:00:00-04:00,38.07353230265828,38.45426907807486,36.455406453600304,36.645774841308594,45110,0.0,0.0
2015-09-01 00:00:00-04:00,36.07467601293698,37.02651439184323,34.93246923205443,35.693939208984375,37720,0.0,0.0
2015-09-02 00:00:00-04:00,36.265039663954106,36.93132723480638,35.979488885296036,36.360225677490234,25030,0.0,0.0
2015-09-03 00:00:00-04:00,36.64577840990865,37.12169761003734,36.169859209779965,36.45541000366211,31410,0.0,0.0
2015-09-04 00:00:00-04:00,35.88430841589783,37.026515222401734,35.88430841589783,36.45541000366211,15130,0.0,0.0
2015-09-08 00:00:00-04:00,36.93132888799311,36.93132888799311,35.31320289519702,36.074676513671875,34090,0.0,0.0
2015-09-09 00:00:00-04:00,36.455403391283944,38.35907984650478,35.78911590576172,35.78911590576172,29740,0.0,0.0
2015-09-10 00:00:00-04:00,35.59875599013868,36.16985755172319,34.74210001678674,34.93246841430664,34730,0.0,0.0
2015-09-11 00:00:00-04:00,34.932467255592414,35.31320040702806,32.172134660552466,32.36250305175781,70950,0.0,0.0
2015-09-14 00:00:00-04:00,32.5528725227459,37.12169590834748,32.5528725227459,34.93246841430664,97380,0.0,0.0
2015-09-15 00:00:00-04:00,35.027653223754655,36.64577926828981,35.027653223754655,35.408390045166016,32380,0.0,0.0
2015-09-16 00:00:00-04:00,35.408389245130536,35.97949083336839,34.64691925048828,34.64691925048828,43680,0.0,0.0
2015-09-17 00:00:00-04:00,34.742101312316194,36.83614650117141,33.40952611096052,36.074676513671875,49330,0.0,0.0
2015-09-18 00:00:00-04:00,35.59875521700686,35.979488372802734,34.83728164346493,35.979488372802734,112750,0.0,0.0
2015-09-21 00:00:00-04:00,36.36022427982676,36.740957426410674,35.02764918934554,35.218017578125,37490,0.0,0.0
2015-09-22 00:00:00-04:00,34.83728080056608,35.693936734586146,34.74209842166385,35.218017578125,35900,0.0,0.0
2015-09-23 00:00:00-04:00,35.50357112320408,35.50357112320408,34.26618194580078,34.26618194580078,28140,0.0,0.0
2015-09-24 00:00:00-04:00,33.88544216214342,33.980628171106304,33.21915825427808,33.409523010253906,50220,0.0,0.0
2015-09-25 00:00:00-04:00,33.59989218446275,34.551730510543706,33.40952379305155,33.980628967285156,45330,0.0,0.0
2015-09-28 00:00:00-04:00,34.075810191028616,34.075810191028616,32.64805275036282,33.02878952026367,30490,0.0,0.0
2015-09-29 00:00:00-04:00,32.743238758325504,33.2191579052141,32.45768436541239,33.02878952026367,36830,0.0,0.0
2015-09-30 00:00:00-04:00,33.02879012820931,34.170996827961005,32.74323936101514,33.599891662597656,43480,0.0,0.0
2015-10-01 00:00:00-04:00,33.599891314598004,34.17099647404632,33.123972163878555,33.21915817260742,20740,0.0,0.0
2015-10-02 00:00:00-04:00,33.02879038615182,33.790260314941406,32.83842199621066,33.790260314941406,18970,0.0,0.0
2015-10-05 00:00:00-04:00,34.075813711638354,36.45540969193399,34.075813711638354,36.074676513671875,26490,0.0,0.0
2015-10-06 00:00:00-04:00,35.78911997941725,36.26503914739341,35.50356920482657,35.979488372802734,25160,0.0,0.0
2015-10-07 00:00:00-04:00,35.78911891210878,36.645774841308594,35.78911891210878,36.645774841308594,72920,0.0,0.0
2015-10-08 00:00:00-04:00,36.55059258477601,39.977209051047204,36.55059258477601,39.88202667236328,32110,0.0,0.0
2015-10-09 00:00:00-04:00,40.07239089409557,40.262759279893814,38.93018784125599,39.50128936767578,22530,0.0,0.0
2015-10-12 00:00:00-04:00,39.50129048964557,40.453128814697266,39.21573971832507,40.453128814697266,22240,0.0,0.0
2015-10-13 00:00:00-04:00,40.16757887934962,40.929048829043786,39.40610892965546,39.596473693847656,16680,0.0,0.0
2015-10-14 00:00:00-04:00,39.78684087266164,40.2627600305427,38.35908339901846,38.45426940917969,26390,0.0,0.0
2015-10-15 00:00:00-04:00,38.35908319659553,40.07239142973113,37.97835005088484,39.88202667236328,21530,0.0,0.0
2015-10-16 00:00:00-04:00,40.07239142973113,40.07239142973113,39.025370740307984,39.88202667236328,13540,0.0,0.0
2015-10-19 00:00:00-04:00,39.501289632942886,40.54831031540198,39.12055285878959,39.69165802001953,58710,0.0,0.0
2015-10-20 00:00:00-04:00,39.596474203301895,40.16757939615179,39.215741039043806,39.977210998535156,22100,0.0,0.0
2015-10-21 00:00:00-04:00,40.0723928662784,40.357947274516945,39.40610892965546,39.596473693847656,18200,0.0,0.0
2015-10-22 00:00:00-04:00,39.97720807471602,40.929046362209256,39.596471307328756,40.738677978515625,16130,0.0,0.0
2015-10-23 00:00:00-04:00,41.02423095703125,41.11941696951288,39.97721023655903,41.02423095703125,14440,0.0,0.0
2015-10-26 00:00:00-04:00,40.833864253875255,41.309783400745715,40.453127483988915,40.929046630859375,30960,0.0,0.0
2015-10-27 00:00:00-04:00,40.833863880850465,40.833863880850465,39.12055206298828,39.12055206298828,28080,0.0,0.0
2015-10-28 00:00:00-04:00,39.31092398511027,40.54831314086914,39.31092398511027,40.54831314086914,28010,0.0,0.0
2015-10-29 00:00:00-04:00,40.16757913898708,40.45312991809626,39.59647394979357,39.786842346191406,14430,0.0,0.0
2015-10-30 00:00:00-04:00,39.59647286976072,40.73867958601777,38.93018894700457,40.453128814697266,26180,0.0,0.0
2015-11-02 00:00:00-05:00,40.26276042349192,40.54831119481241,39.88202727205627,40.453128814697266,24120,0.0,0.0
2015-11-03 00:00:00-05:00,40.35794448852539,40.738677621602115,39.97720772447378,40.35794448852539,21790,0.0,0.0
2015-11-04 00:00:00-05:00,40.92905065748427,41.40496985117594,33.504711962089154,34.26618194580078,46820,0.0,0.0
2015-11-05 00:00:00-05:00,34.64691648427192,34.64691648427192,31.981766269347112,32.36250305175781,54550,0.0,0.0
2015-11-06 00:00:00-05:00,32.36250096714425,33.885440736737586,32.076950214217355,33.69507598876953,31540,0.0,0.0
2015-11-09 00:00:00-05:00,33.504709341059865,35.88430512336561,33.3143409522804,35.218017578125,36210,0.0,0.0
2015-11-10 00:00:00-05:00,35.122837946835915,36.36022712423922,33.980631155780834,34.26618194580078,28260,0.0,0.0
2015-11-11 00:00:00-05:00,34.3613621191325,34.646916521736834,33.59989218446275,33.980628967285156,16110,0.0,0.0
2015-11-12 00:00:00-05:00,33.40952160486781,33.885440736737586,33.12397085194092,33.69507598876953,26450,0.0,0.0
2015-11-13 00:00:00-05:00,33.21915960158705,33.79026115462732,32.457686022899864,32.9336051940918,19050,0.0,0.0
2015-11-16 00:00:00-05:00,32.83842257294896,34.36136245727539,32.83842257294896,34.36136245727539,25370,0.0,0.0
2015-11-17 00:00:00-05:00,34.07581304199093,34.64691824462389,33.50471147033322,33.88544464111328,27640,0.0,0.0
2015-11-18 00:00:00-05:00,33.79026090839675,34.45654846940523,33.50471013395743,34.36136245727539,37150,0.0,0.0
2015-11-19 00:00:00-05:00,34.55172899613453,36.45540556485791,34.55172899613453,35.88430404663086,22400,0.0,0.0
2015-11-20 00:00:00-05:00,36.074676513671875,36.45540969193399,35.88430810905316,36.074676513671875,19070,0.0,0.0
2015-11-23 00:00:00-05:00,36.36022407523365,37.12169399509182,36.265038065892014,36.645774841308594,16680,0.0,0.0
2015-11-24 00:00:00-05:00,36.45541000366211,36.74096079754425,35.88430841589783,36.45541000366211,21570,0.0,0.0
2015-11-25 00:00:00-05:00,36.550594400655065,36.836145181868346,35.78912080945273,36.74095916748047,19980,0.0,0.0
2015-11-27 00:00:00-05:00,36.594965420313855,37.08160061852404,35.32971464751373,35.42704391479492,9320,0.85,0.0
2015-11-30 00:00:00-05:00,35.621696452961764,36.69229615961357,35.52437089450799,36.594966888427734,21140,0.0,0.0
2015-12-01 00:00:00-05:00,36.10832980405671,37.27625500878582,36.01100425063423,37.081600189208984,17380,0.0,0.0
2015-12-02 00:00:00-05:00,36.88695098925318,37.17893137734656,36.20566094188059,36.594966888427734,21200,0.0,0.0
2015-12-03 00:00:00-05:00,36.40031343782884,36.88694862436275,34.7457530610672,34.84307861328125,15350,0.0,0.0
2015-12-04 00:00:00-05:00,34.64842336559229,34.94040744407001,33.57782745361328,33.57782745361328,22810,0.0,0.0
2015-12-07 00:00:00-05:00,33.383173011108155,34.06446301393318,32.604557456193184,33.869808197021484,38100,0.0,0.0
2015-12-08 00:00:00-05:00,33.480503446473755,34.453773852327856,33.09119379903933,33.772483825683594,21140,0.0,0.0
2015-12-09 00:00:00-05:00,33.28584828095683,35.23238907267673,33.091193459238454,34.453773498535156,43790,0.0,0.0
2015-12-10 00:00:00-05:00,34.55110168457031,35.62169771646412,34.356446848026295,34.55110168457031,32760,0.0,0.0
2015-12-11 00:00:00-05:00,33.67515652897118,34.35644659550157,31.825944877225467,32.31258010864258,22620,0.0,0.0
2015-12-14 00:00:00-05:00,31.923268179705147,32.312577822386345,31.241978161379006,31.53396224975586,38550,0.0,0.0
2015-12-15 00:00:00-05:00,31.533963334103788,32.507233761542395,31.144653678035528,31.436634063720703,16710,0.0,0.0
2015-12-16 00:00:00-05:00,31.4366340330343,34.94040979603236,31.4366340330343,34.3564453125,51120,0.0,0.0
2015-12-17 00:00:00-05:00,34.55110016802114,34.745754996021184,31.82594371421658,31.923269271850586,22470,0.0,0.0
2015-12-18 00:00:00-05:00,31.63128920676564,33.67515563964844,31.63128920676564,33.67515563964844,159120,0.0,0.0
2015-12-21 00:00:00-05:00,34.16178973804729,34.16178973804729,31.144652966965307,31.825942993164062,25110,0.0,0.0
2015-12-22 00:00:00-05:00,32.4099052831221,33.09119534152342,31.533964104662225,32.99386978149414,16150,0.0,0.0
2015-12-23 00:00:00-05:00,32.993870175172965,33.77248580289391,32.117925273529295,32.31258010864258,28830,0.0,0.0
2015-12-24 00:00:00-05:00,33.091194510750604,33.577829724143996,32.21524964154969,33.383174896240234,15270,0.0,0.0
2015-12-28 00:00:00-05:00,33.38317608595672,33.77248575563854,32.701886020379604,33.285850524902344,18740,0.0,0.0
2015-12-29 00:00:00-05:00,33.38317417824917,33.9671386494008,32.89653897532212,33.772483825683594,30320,0.0,0.0
2015-12-30 00:00:00-05:00,34.064464948601824,34.064464948601824,31.728614438462024,32.40990447998047,26200,0.0,0.0
2015-12-31 00:00:00-05:00,32.507232643726944,32.799213019371884,31.33930742841526,31.53396224975586,18970,0.0,0.0
2016-01-04 00:00:00-05:00,31.241979247151136,31.241979247151136,29.490093219665173,30.463363647460938,24220,0.0,0.0
2016-01-05 00:00:00-05:00,31.241978046823466,31.241978046823466,29.100784301757812,29.100784301757812,31930,0.0,0.0
2016-01-06 00:00:00-05:00,28.906131731803697,29.100784698719853,27.543551681560743,27.932861328125,46940,0.0,0.0
2016-01-07 00:00:00-05:00,27.3488998698376,27.446227285589686,26.27830200929674,26.375629425048828,40640,0.0,0.0
2016-01-08 00:00:00-05:00,26.1809734690203,27.056916460433506,25.79166567909954,26.47295570373535,121390,0.0,0.0
2016-01-11 00:00:00-05:00,26.570281621345202,27.056916829475085,26.180973826114496,26.764936447143555,21600,0.0,0.0
2016-01-12 00:00:00-05:00,27.05691720402477,28.030187633757546,25.79166638791857,26.083646774291992,22560,0.0,0.0
2016-01-13 00:00:00-05:00,26.083647192164317,26.862264662243973,24.915723771593917,25.888994216918945,46840,0.0,0.0
2016-01-14 00:00:00-05:00,26.66760903424438,27.73820686340332,26.08364641321532,26.764936447143555,27430,0.0,0.0
2016-01-15 00:00:00-05:00,25.98632011679929,27.348898289494418,25.98632011679929,27.15424346923828,28570,0.0,0.0
2016-01-19 00:00:00-05:00,27.348899446764218,27.4462268610107,25.888993802165054,26.083646774291992,28770,0.0,0.0
2016-01-20 00:00:00-05:00,25.888993443782965,27.44622648107179,24.818395614624023,27.251571655273438,30230,0.0,0.0
2016-01-21 00:00:00-05:00,27.154244983628324,29.100785869284348,27.056917568072315,28.32217025756836,32480,0.0,0.0
2016-01-22 00:00:00-05:00,28.614149119060034,29.68474692024365,28.224841334002157,29.587419509887695,20010,0.0,0.0
2016-01-25 00:00:00-05:00,29.392768115952382,29.97672889655635,28.224842842012347,28.32217025756836,16410,0.0,0.0
2016-01-26 00:00:00-05:00,28.61415021142801,29.976728439331055,28.61415021142801,29.976728439331055,21530,0.0,0.0
2016-01-27 00:00:00-05:00,29.78207585749168,31.241979662214774,29.490093611454224,30.755346298217773,31830,0.0,0.0
2016-01-28 00:00:00-05:00,30.949999209918413,31.7286148183774,30.85267365113557,31.241979598999023,17870,0.0,0.0
2016-01-29 00:00:00-05:00,31.241980328171014,33.285850524902344,31.241980328171014,33.285850524902344,29400,0.0,0.0
2016-02-01 00:00:00-05:00,33.48050576301966,33.96714099961743,31.825945216040786,32.60456085205078,25220,0.0,0.0
2016-02-02 00:00:00-05:00,31.923270778267458,32.896541251463006,31.339309979443016,32.60456085205078,23390,0.0,0.0
2016-02-03 00:00:00-05:00,32.604558241442376,34.06446383434278,32.020597489374985,33.48050308227539,18410,0.0,0.0
2016-02-04 00:00:00-05:00,32.40990375120188,32.89653895381071,28.808804365716103,31.825942993164062,43820,0.0,0.0
2016-02-05 00:00:00-05:00,30.852672576904297,31.24197851121286,29.782074760274835,30.852672576904297,17350,0.0,0.0
2016-02-08 00:00:00-05:00,29.782075467554062,30.56069106739408,28.808805039571027,29.976728439331055,27350,0.0,0.0
2016-02-09 00:00:00-05:00,29.198112833872855,30.658018475566497,28.127514992024313,30.463363647460938,37260,0.0,0.0
2016-02-10 00:00:00-05:00,30.463363286384265,31.533962971909204,29.879402521721204,31.1446533203125,34290,0.0,0.0
2016-02-11 00:00:00-05:00,30.268711005877382,32.02059890883808,30.268711005877382,31.728614807128906,24600,0.0,0.0
2016-02-12 00:00:00-05:00,31.533962291741517,33.67515419114324,30.852672272508276,33.48050308227539,46710,0.0,0.0
2016-02-16 00:00:00-05:00,33.57783092079763,33.57783092079763,32.409905624484324,33.285850524902344,23710,0.0,0.0
2016-02-17 00:00:00-05:00,33.57782863670931,33.86980901274301,32.99386788464192,33.48050308227539,28630,0.0,0.0
2016-02-18 00:00:00-05:00,33.38317453516356,33.577829360961914,31.533962971909204,31.631288528442383,19590,0.0,0.0
2016-02-19 00:00:00-05:00,31.533963334103788,32.31257893350827,31.047326264018462,31.436634063720703,22330,0.0,0.0
2016-02-22 00:00:00-05:00,31.728614455135915,32.02059855360586,30.8526732979222,30.94999885559082,15820,0.0,0.0
2016-02-23 00:00:00-05:00,30.268711077854725,31.825944154289687,30.268711077854725,30.755346298217773,17890,0.0,0.0
2016-02-24 00:00:00-05:00,30.17138255094937,31.339307779338963,30.17138255094937,30.852672576904297,11980,0.0,0.0
2016-02-25 00:00:00-05:00,31.923269283205197,31.923269283205197,30.56069105581827,30.94999885559082,15900,0.0,0.0
2016-02-26 00:00:00-05:00,31.0,31.399999618530273,30.0,31.200000762939453,10020,0.85,0.0
2016-02-29 00:00:00-05:00,30.700000762939453,31.600000381469727,30.700000762939453,30.899999618530273,17480,0.0,0.0
2016-03-01 00:00:00-05:00,31.0,32.0,31.0,31.799999237060547,23620,0.0,0.0
2016-03-02 00:00:00-05:00,31.700000762939453,34.79999923706055,31.700000762939453,34.599998474121094,27940,0.0,0.0
2016-03-03 00:00:00-05:00,34.599998474121094,36.0,34.400001525878906,35.900001525878906,25920,0.0,0.0
2016-03-04 00:00:00-05:00,36.0,36.400001525878906,35.400001525878906,35.900001525878906,20030,0.0,0.0
2016-03-07 00:00:00-05:00,35.70000076293945,37.29999923706055,35.599998474121094,37.20000076293945,21670,0.0,0.0
2016-03-08 00:00:00-05:00,37.0,37.20000076293945,36.0,36.0,11690,0.0,0.0
2016-03-09 00:00:00-05:00,36.20000076293945,36.900001525878906,35.70000076293945,36.20000076293945,15950,0.0,0.0
2016-03-10 00:00:00-05:00,36.20000076293945,36.29999923706055,35.29999923706055,35.79999923706055,10660,0.0,0.0
2016-03-11 00:00:00-05:00,36.5,36.79999923706055,35.70000076293945,36.5,11540,0.0,0.0
2016-03-14 00:00:00-04:00,31.5,31.5,27.600000381469727,29.0,102530,0.0,0.0
2016-03-15 00:00:00-04:00,29.399999618530273,29.600000381469727,27.399999618530273,27.5,33340,0.0,0.0
2016-03-16 00:00:00-04:00,27.600000381469727,28.600000381469727,26.600000381469727,28.5,36790,0.0,0.0
2016-03-17 00:00:00-04:00,28.399999618530273,28.799999237060547,27.899999618530273,28.100000381469727,17950,0.0,0.0
2016-03-18 00:00:00-04:00,28.399999618530273,28.799999237060547,27.700000762939453,28.799999237060547,45890,0.0,0.0
2016-03-21 00:00:00-04:00,28.799999237060547,28.799999237060547,27.399999618530273,27.5,24270,0.0,0.0
2016-03-22 00:00:00-04:00,27.0,27.0,26.0,26.200000762939453,24110,0.0,0.0
2016-03-23 00:00:00-04:00,26.200000762939453,26.5,25.5,25.700000762939453,18850,0.0,0.0
2016-03-24 00:00:00-04:00,25.399999618530273,26.0,25.0,25.899999618530273,14080,0.0,0.0
2016-03-28 00:00:00-04:00,26.0,26.0,25.5,25.799999237060547,15510,0.0,0.0
2016-03-29 00:00:00-04:00,25.5,27.299999237060547,25.5,27.100000381469727,17010,0.0,0.0
2016-03-30 00:00:00-04:00,27.399999618530273,27.600000381469727,26.399999618530273,26.600000381469727,18450,0.0,0.0
2016-03-31 00:00:00-04:00,26.5,26.899999618530273,25.0,25.299999237060547,56160,0.0,0.0
2016-04-01 00:00:00-04:00,25.0,27.700000762939453,25.0,27.399999618530273,30730,0.0,0.0
2016-04-04 00:00:00-04:00,28.5,28.5,25.899999618530273,26.0,55070,0.0,0.0
2016-04-05 00:00:00-04:00,25.799999237060547,26.200000762939453,25.0,25.0,27170,0.0,0.0
2016-04-06 00:00:00-04:00,25.0,25.299999237060547,23.5,25.100000381469727,33900,0.0,0.0
2016-04-07 00:00:00-04:00,25.100000381469727,25.5,23.799999237060547,23.799999237060547,16290,0.0,0.0
2016-04-08 00:00:00-04:00,24.299999237060547,24.600000381469727,22.399999618530273,22.799999237060547,41830,0.0,0.0
2016-04-11 00:00:00-04:00,22.899999618530273,24.5,22.799999237060547,24.100000381469727,21650,0.0,0.0
2016-04-12 00:00:00-04:00,24.100000381469727,25.399999618530273,24.100000381469727,24.799999237060547,19440,0.0,0.0
2016-04-13 00:00:00-04:00,25.200000762939453,26.700000762939453,25.0,26.5,23470,0.0,0.0
2016-04-14 00:00:00-04:00,26.700000762939453,27.200000762939453,26.200000762939453,26.899999618530273,19170,0.0,0.0
2016-04-15 00:00:00-04:00,26.700000762939453,27.0,26.5,26.700000762939453,13040,0.0,0.0
2016-04-18 00:00:00-04:00,26.700000762939453,27.5,25.799999237060547,27.200000762939453,12240,0.0,0.0
2016-04-19 00:00:00-04:00,27.399999618530273,27.399999618530273,25.100000381469727,25.200000762939453,10450,0.0,0.0
2016-04-20 00:00:00-04:00,25.100000381469727,26.700000762939453,25.100000381469727,26.399999618530273,17680,0.0,0.0
2016-04-21 00:00:00-04:00,26.600000381469727,26.899999618530273,26.0,26.299999237060547,15940,0.0,0.0
2016-04-22 00:00:00-04:00,25.899999618530273,27.0,25.899999618530273,26.5,18680,0.0,0.0
2016-04-25 00:00:00-04:00,26.700000762939453,26.700000762939453,25.399999618530273,25.600000381469727,14590,0.0,0.0
2016-04-26 00:00:00-04:00,25.100000381469727,26.399999618530273,25.100000381469727,26.299999237060547,16830,0.0,0.0
2016-04-27 00:00:00-04:00,26.799999237060547,26.799999237060547,25.700000762939453,26.299999237060547,13110,0.0,0.0
2016-04-28 00:00:00-04:00,25.100000381469727,27.0,22.100000381469727,22.399999618530273,46840,0.0,0.0
2016-04-29 00:00:00-04:00,22.700000762939453,22.799999237060547,18.100000381469727,18.200000762939453,104200,0.0,0.0
2016-05-02 00:00:00-04:00,18.0,18.899999618530273,17.299999237060547,17.899999618530273,88570,0.0,0.0
2016-05-03 00:00:00-04:00,18.399999618530273,18.5,17.200000762939453,17.200000762939453,28170,0.0,0.0
2016-05-04 00:00:00-04:00,17.299999237060547,17.899999618530273,16.299999237060547,16.299999237060547,47580,0.0,0.0
2016-05-05 00:00:00-04:00,16.600000381469727,19.0,16.0,17.200000762939453,76850,0.0,0.0
2016-05-06 00:00:00-04:00,16.799999237060547,17.200000762939453,16.600000381469727,17.100000381469727,24710,0.0,0.0
2016-05-09 00:00:00-04:00,17.0,17.100000381469727,16.0,16.100000381469727,24470,0.0,0.0
2016-05-10 00:00:00-04:00,16.5,16.600000381469727,16.100000381469727,16.200000762939453,12470,0.0,0.0
2016-05-11 00:00:00-04:00,16.399999618530273,16.5,15.399999618530273,15.600000381469727,27540,0.0,0.0
2016-05-12 00:00:00-04:00,15.600000381469727,16.0,14.5,14.5,22330,0.0,0.0
2016-05-13 00:00:00-04:00,14.5,14.699999809265137,12.899999618530273,13.0,32650,0.0,0.0
2016-05-16 00:00:00-04:00,13.5,13.5,11.899999618530273,12.199999809265137,56800,0.0,0.0
2016-05-17 00:00:00-04:00,12.199999809265137,12.5,11.5,11.699999809265137,69980,0.0,0.0
2016-05-18 00:00:00-04:00,11.800000190734863,12.699999809265137,11.600000381469727,12.5,26990,0.0,0.0
2016-05-19 00:00:00-04:00,12.699999809265137,12.699999809265137,11.5,11.800000190734863,38430,0.0,0.0
2016-05-20 00:00:00-04:00,12.300000190734863,12.5,11.800000190734863,11.800000190734863,48410,0.0,0.0
2016-05-23 00:00:00-04:00,11.800000190734863,11.899999618530273,10.800000190734863,11.300000190734863,42200,0.0,0.0
2016-05-24 00:00:00-04:00,11.199999809265137,11.300000190734863,10.600000381469727,10.899999618530273,39650,0.0,0.0
2016-05-25 00:00:00-04:00,10.800000190734863,11.699999809265137,10.600000381469727,10.600000381469727,44440,0.0,0.0
2016-05-26 00:00:00-04:00,11.0,11.0,10.100000381469727,10.100000381469727,63810,0.0,0.0
2016-05-27 00:00:00-04:00,10.5,10.800000190734863,10.0,10.399999618530273,36700,0.0,0.0
2016-05-31 00:00:00-04:00,10.600000381469727,10.699999809265137,9.899999618530273,9.899999618530273,66460,0.0,0.0
2016-06-01 00:00:00-04:00,10.0,10.0,9.300000190734863,9.600000381469727,51040,0.0,0.0
2016-06-02 00:00:00-04:00,10.0,10.0,9.0,9.300000190734863,74470,0.0,0.0
2016-06-03 00:00:00-04:00,9.600000381469727,9.699999809265137,8.699999809265137,8.699999809265137,72020,0.0,0.0
2016-06-06 00:00:00-04:00,8.699999809265137,9.100000381469727,8.5,8.5,44790,0.0,0.0
2016-06-07 00:00:00-04:00,8.5,8.899999618530273,8.5,8.600000381469727,49560,0.0,0.0
2016-06-08 00:00:00-04:00,10.100000381469727,12.100000381469727,9.600000381469727,11.0,229050,0.0,0.0
2016-06-09 00:00:00-04:00,11.0,11.800000190734863,10.899999618530273,11.300000190734863,76980,0.0,0.0
2016-06-10 00:00:00-04:00,11.300000190734863,20.899999618530273,10.899999618530273,17.899999618530273,429430,0.0,0.0
2016-06-13 00:00:00-04:00,17.700000762939453,19.100000381469727,16.0,17.200000762939453,230240,0.0,0.0
2016-06-14 00:00:00-04:00,16.399999618530273,18.299999237060547,16.100000381469727,18.100000381469727,122340,0.0,0.0
2016-06-15 00:00:00-04:00,17.399999618530273,18.700000762939453,16.600000381469727,17.5,114530,0.0,0.0
2016-06-16 00:00:00-04:00,17.299999237060547,18.299999237060547,17.100000381469727,17.600000381469727,66560,0.0,0.0
2016-06-17 00:00:00-04:00,17.700000762939453,19.799999237060547,17.0,17.700000762939453,119350,0.0,0.0
2016-06-20 00:00:00-04:00,18.0,18.5,16.799999237060547,16.899999618530273,47370,0.0,0.0
2016-06-21 00:00:00-04:00,17.100000381469727,18.0,16.600000381469727,17.899999618530273,46360,0.0,0.0
2016-06-22 00:00:00-04:00,17.899999618530273,18.399999618530273,15.899999618530273,15.899999618530273,85340,0.0,0.0
2016-06-23 00:00:00-04:00,16.299999237060547,16.799999237060547,15.800000190734863,16.399999618530273,101280,0.0,0.0
2016-06-24 00:00:00-04:00,15.100000381469727,15.699999809265137,14.800000190734863,15.5,463340,0.0,0.0
2016-06-27 00:00:00-04:00,15.5,15.600000381469727,15.100000381469727,15.199999809265137,33260,0.0,0.0
2016-06-28 00:00:00-04:00,15.300000190734863,16.0,14.100000381469727,14.300000190734863,65360,0.0,0.0
2016-06-29 00:00:00-04:00,14.600000381469727,16.0,14.5,15.399999618530273,48950,0.0,0.0
2016-06-30 00:00:00-04:00,15.600000381469727,15.899999618530273,15.199999809265137,15.899999618530273,37210,0.0,0.0
2016-07-01 00:00:00-04:00,15.899999618530273,17.100000381469727,15.800000190734863,16.899999618530273,42070,0.0,0.0
2016-07-05 00:00:00-04:00,16.899999618530273,16.899999618530273,14.0,14.199999809265137,101680,0.0,0.0
2016-07-06 00:00:00-04:00,13.800000190734863,15.5,13.800000190734863,15.100000381469727,27550,0.0,0.0
2016-07-07 00:00:00-04:00,15.300000190734863,15.699999809265137,14.399999618530273,14.800000190734863,37780,0.0,0.0
2016-07-08 00:00:00-04:00,15.199999809265137,16.100000381469727,14.699999809265137,15.899999618530273,32660,0.0,0.0
2016-07-11 00:00:00-04:00,16.100000381469727,16.200000762939453,15.199999809265137,15.300000190734863,21440,0.0,0.0
2016-07-12 00:00:00-04:00,15.399999618530273,16.700000762939453,15.199999809265137,16.5,26240,0.0,0.0
2016-07-13 00:00:00-04:00,16.600000381469727,16.600000381469727,15.699999809265137,16.299999237060547,22820,0.0,0.0
2016-07-14 00:00:00-04:00,16.399999618530273,17.899999618530273,16.299999237060547,17.600000381469727,26260,0.0,0.0
2016-07-15 00:00:00-04:00,17.700000762939453,17.799999237060547,16.600000381469727,17.399999618530273,27390,0.0,0.0
2016-07-18 00:00:00-04:00,17.100000381469727,18.700000762939453,16.899999618530273,18.399999618530273,41500,0.0,0.0
2016-07-19 00:00:00-04:00,18.5,19.0,17.299999237060547,17.299999237060547,21760,0.0,0.0
2016-07-20 00:00:00-04:00,17.299999237060547,19.399999618530273,16.399999618530273,19.299999237060547,51590,0.0,0.0
2016-07-21 00:00:00-04:00,19.299999237060547,19.600000381469727,17.799999237060547,17.899999618530273,25640,0.0,0.0
2016-07-22 00:00:00-04:00,17.899999618530273,18.5,17.200000762939453,18.200000762939453,27860,0.0,0.0
2016-07-25 00:00:00-04:00,17.899999618530273,18.5,17.700000762939453,18.5,17530,0.0,0.0
2016-07-26 00:00:00-04:00,18.299999237060547,18.700000762939453,17.899999618530273,18.0,24840,0.0,0.0
2016-07-27 00:00:00-04:00,17.899999618530273,18.100000381469727,17.299999237060547,17.600000381469727,24660,0.0,0.0
2016-07-28 00:00:00-04:00,17.5,17.799999237060547,16.5,16.799999237060547,29540,0.0,0.0
2016-07-29 00:00:00-04:00,16.899999618530273,16.899999618530273,16.200000762939453,16.600000381469727,17180,0.0,0.0
2016-08-01 00:00:00-04:00,16.700000762939453,17.399999618530273,16.0,17.100000381469727,23090,0.0,0.0
2016-08-02 00:00:00-04:00,17.0,17.600000381469727,16.600000381469727,17.200000762939453,24550,0.0,0.0
2016-08-03 00:00:00-04:00,17.200000762939453,17.600000381469727,16.600000381469727,17.0,37530,0.0,0.0
2016-08-04 00:00:00-04:00,17.200000762939453,18.100000381469727,17.200000762939453,17.600000381469727,21130,0.0,0.0
2016-08-05 00:00:00-04:00,17.600000381469727,17.799999237060547,17.200000762939453,17.399999618530273,15990,0.0,0.0
2016-08-08 00:00:00-04:00,17.100000381469727,17.899999618530273,16.899999618530273,17.299999237060547,18080,0.0,0.0
2016-08-09 00:00:00-04:00,17.0,17.100000381469727,15.199999809265137,15.300000190734863,35430,0.0,0.0
2016-08-10 00:00:00-04:00,15.100000381469727,16.100000381469727,15.0,16.0,22360,0.0,0.0
2016-08-11 00:00:00-04:00,15.0,16.299999237060547,15.0,15.899999618530273,20690,0.0,0.0
2016-08-12 00:00:00-04:00,16.100000381469727,16.299999237060547,15.699999809265137,15.800000190734863,10020,0.0,0.0
2016-08-15 00:00:00-04:00,15.699999809265137,16.600000381469727,15.600000381469727,15.800000190734863,10090,0.0,0.0
2016-08-16 00:00:00-04:00,15.800000190734863,17.299999237060547,15.800000190734863,16.700000762939453,21300,0.0,0.0
2016-08-17 00:00:00-04:00,16.799999237060547,16.799999237060547,16.100000381469727,16.100000381469727,10790,0.0,0.0
2016-08-18 00:00:00-04:00,16.399999618530273,17.100000381469727,16.299999237060547,16.799999237060547,11130,0.0,0.0
2016-08-19 00:00:00-04:00,16.700000762939453,18.399999618530273,16.700000762939453,18.100000381469727,29420,0.0,0.0
2016-08-22 00:00:00-04:00,18.100000381469727,18.100000381469727,16.799999237060547,17.299999237060547,27050,0.0,0.0
2016-08-23 00:00:00-04:00,17.299999237060547,17.5,17.0,17.100000381469727,14940,0.0,0.0
2016-08-24 00:00:00-04:00,17.0,17.600000381469727,16.299999237060547,16.399999618530273,18180,0.0,0.0
2016-08-25 00:00:00-04:00,16.0,16.899999618530273,16.0,16.5,9300,0.0,0.0
2016-08-26 00:00:00-04:00,16.700000762939453,16.899999618530273,15.699999809265137,16.100000381469727,22940,0.0,0.0
2016-08-29 00:00:00-04:00,15.600000381469727,17.299999237060547,15.600000381469727,16.200000762939453,17820,0.0,0.0
2016-08-30 00:00:00-04:00,16.200000762939453,16.600000381469727,16.100000381469727,16.100000381469727,7650,0.0,0.0
2016-08-31 00:00:00-04:00,16.0,16.299999237060547,16.0,16.200000762939453,12740,0.0,0.0
2016-09-01 00:00:00-04:00,16.200000762939453,16.399999618530273,15.699999809265137,15.899999618530273,18190,0.0,0.0
2016-09-02 00:00:00-04:00,16.799999237060547,16.899999618530273,16.200000762939453,16.5,15150,0.0,0.0
2016-09-06 00:00:00-04:00,16.799999237060547,16.899999618530273,16.0,16.200000762939453,26600,0.0,0.0
2016-09-07 00:00:00-04:00,16.399999618530273,17.100000381469727,15.699999809265137,15.699999809265137,17880,0.0,0.0
2016-09-08 00:00:00-04:00,15.899999618530273,17.0,15.800000190734863,16.100000381469727,10080,0.0,0.0
2016-09-09 00:00:00-04:00,15.899999618530273,16.399999618530273,15.699999809265137,16.100000381469727,22920,0.0,0.0
2016-09-12 00:00:00-04:00,15.899999618530273,16.299999237060547,15.699999809265137,16.0,18590,0.0,0.0
2016-09-13 00:00:00-04:00,16.399999618530273,16.5,15.0,15.600000381469727,24150,0.0,0.0
2016-09-14 00:00:00-04:00,15.600000381469727,15.600000381469727,15.100000381469727,15.300000190734863,8300,0.0,0.0
2016-09-15 00:00:00-04:00,15.100000381469727,15.600000381469727,15.0,15.5,14670,0.0,0.0
2016-09-16 00:00:00-04:00,15.300000190734863,16.399999618530273,15.300000190734863,15.600000381469727,51560,0.0,0.0
2016-09-19 00:00:00-04:00,15.699999809265137,17.0,15.300000190734863,15.5,30950,0.0,0.0
2016-09-20 00:00:00-04:00,15.899999618530273,16.399999618530273,15.5,15.5,6630,0.0,0.0
2016-09-21 00:00:00-04:00,15.600000381469727,15.800000190734863,15.5,15.600000381469727,7590,0.0,0.0
2016-09-22 00:00:00-04:00,15.699999809265137,16.0,15.600000381469727,15.699999809265137,10640,0.0,0.0
2016-09-23 00:00:00-04:00,15.5,15.800000190734863,15.5,15.5,14810,0.0,0.0
2016-09-26 00:00:00-04:00,15.5,16.899999618530273,15.5,16.600000381469727,29900,0.0,0.0
2016-09-27 00:00:00-04:00,16.5,16.700000762939453,15.899999618530273,16.299999237060547,39070,0.0,0.0
2016-09-28 00:00:00-04:00,16.299999237060547,16.700000762939453,16.0,16.200000762939453,6750,0.0,0.0
2016-09-29 00:00:00-04:00,16.5,16.799999237060547,16.100000381469727,16.100000381469727,7550,0.0,0.0
2016-09-30 00:00:00-04:00,16.200000762939453,16.399999618530273,16.100000381469727,16.200000762939453,6040,0.0,0.0
2016-10-03 00:00:00-04:00,16.0,16.899999618530273,16.0,16.799999237060547,8840,0.0,0.0
2016-10-04 00:00:00-04:00,16.600000381469727,17.0,16.0,16.100000381469727,10490,0.0,0.0
2016-10-05 00:00:00-04:00,16.100000381469727,17.0,16.100000381469727,17.0,16880,0.0,0.0
2016-10-06 00:00:00-04:00,17.0,17.0,16.399999618530273,16.700000762939453,11180,0.0,0.0
2016-10-07 00:00:00-04:00,16.899999618530273,17.0,16.299999237060547,16.5,10930,0.0,0.0
2016-10-10 00:00:00-04:00,16.700000762939453,17.0,16.200000762939453,16.700000762939453,10130,0.0,0.0
2016-10-11 00:00:00-04:00,16.299999237060547,17.0,16.299999237060547,16.799999237060547,7040,0.0,0.0
2016-10-12 00:00:00-04:00,17.0,17.100000381469727,16.200000762939453,16.299999237060547,7700,0.0,0.0
2016-10-13 00:00:00-04:00,16.299999237060547,16.399999618530273,15.5,15.5,14870,0.0,0.0
2016-10-14 00:00:00-04:00,15.699999809265137,16.0,14.800000190734863,15.300000190734863,24140,0.0,0.0
2016-10-17 00:00:00-04:00,15.300000190734863,15.600000381469727,15.300000190734863,15.5,8870,0.0,0.0
2016-10-18 00:00:00-04:00,15.5,15.699999809265137,15.0,15.199999809265137,3020,0.0,0.0
2016-10-19 00:00:00-04:00,15.300000190734863,15.5,15.0,15.100000381469727,6570,0.0,0.0
2016-10-20 00:00:00-04:00,15.199999809265137,15.300000190734863,14.600000381469727,15.199999809265137,12520,0.0,0.0
2016-10-21 00:00:00-04:00,15.0,15.199999809265137,14.800000190734863,15.0,7960,0.0,0.0
2016-10-24 00:00:00-04:00,15.0,15.899999618530273,14.800000190734863,15.600000381469727,11880,0.0,0.0
2016-10-25 00:00:00-04:00,14.800000190734863,14.800000190734863,13.899999618530273,14.300000190734863,63520,0.0,0.0
2016-10-26 00:00:00-04:00,14.199999809265137,14.300000190734863,14.0,14.100000381469727,17300,0.0,0.0
2016-10-27 00:00:00-04:00,14.5,14.600000381469727,13.800000190734863,13.800000190734863,58520,0.0,0.0
2016-10-28 00:00:00-04:00,13.800000190734863,14.0,13.600000381469727,13.899999618530273,58630,0.0,0.0
2016-10-31 00:00:00-04:00,13.800000190734863,14.100000381469727,13.600000381469727,14.100000381469727,48160,0.0,0.0
2016-11-01 00:00:00-04:00,13.699999809265137,14.0,12.5,13.0,642450,0.0,0.0
2016-11-02 00:00:00-04:00,12.899999618530273,13.0,12.800000190734863,12.800000190734863,30750,0.0,0.0
2016-11-03 00:00:00-04:00,12.600000381469727,13.600000381469727,12.600000381469727,13.100000381469727,36790,0.0,0.0
2016-11-04 00:00:00-04:00,13.5,14.199999809265137,13.300000190734863,13.800000190734863,18330,0.0,0.0
2016-11-07 00:00:00-05:00,14.100000381469727,14.399999618530273,14.0,14.100000381469727,15170,0.0,0.0
2016-11-08 00:00:00-05:00,14.100000381469727,14.199999809265137,13.199999809265137,13.199999809265137,22490,0.0,0.0
2016-11-09 00:00:00-05:00,13.0,13.699999809265137,12.5,13.5,12390,0.0,0.0
2016-11-10 00:00:00-05:00,13.800000190734863,14.0,13.399999618530273,13.5,9850,0.0,0.0
2016-11-11 00:00:00-05:00,13.600000381469727,14.0,13.300000190734863,13.800000190734863,11080,0.0,0.0
2016-11-14 00:00:00-05:00,13.899999618530273,14.399999618530273,13.800000190734863,14.0,38410,0.0,0.0
2016-11-15 00:00:00-05:00,13.899999618530273,14.5,13.699999809265137,14.300000190734863,24030,0.0,0.0
2016-11-16 00:00:00-05:00,14.199999809265137,15.100000381469727,13.899999618530273,15.100000381469727,38490,0.0,0.0
2016-11-17 00:00:00-05:00,15.100000381469727,16.5,15.100000381469727,16.0,26580,0.0,0.0
2016-11-18 00:00:00-05:00,16.100000381469727,16.700000762939453,15.300000190734863,16.200000762939453,16500,0.0,0.0
2016-11-21 00:00:00-05:00,16.100000381469727,16.700000762939453,16.0,16.5,19920,0.0,0.0
2016-11-22 00:00:00-05:00,16.600000381469727,17.5,16.100000381469727,16.899999618530273,23810,0.0,0.0
2016-11-23 00:00:00-05:00,17.0,18.0,16.600000381469727,17.899999618530273,17700,0.0,0.0
2016-11-25 00:00:00-05:00,17.899999618530273,18.299999237060547,17.700000762939453,18.299999237060547,5490,0.0,0.0
2016-11-28 00:00:00-05:00,17.899999618530273,18.299999237060547,17.600000381469727,18.0,18340,0.0,0.0
2016-11-29 00:00:00-05:00,18.100000381469727,18.299999237060547,17.100000381469727,17.200000762939453,10810,0.0,0.0
2016-11-30 00:00:00-05:00,18.5,18.5,14.5,15.0,88520,0.0,0.0
2016-12-01 00:00:00-05:00,15.0,15.5,14.5,14.800000190734863,62600,0.0,0.0
2016-12-02 00:00:00-05:00,14.800000190734863,15.600000381469727,14.600000381469727,15.199999809265137,34690,0.0,0.0
2016-12-05 00:00:00-05:00,15.100000381469727,15.699999809265137,14.800000190734863,15.300000190734863,35750,0.0,0.0
2016-12-06 00:00:00-05:00,15.5,15.800000190734863,15.0,15.100000381469727,31980,0.0,0.0
2016-12-07 00:00:00-05:00,15.0,15.699999809265137,14.5,14.699999809265137,31590,0.0,0.0
2016-12-08 00:00:00-05:00,14.899999618530273,15.5,14.600000381469727,15.399999618530273,141860,0.0,0.0
2016-12-09 00:00:00-05:00,15.399999618530273,16.200000762939453,15.199999809265137,15.600000381469727,31050,0.0,0.0
2016-12-12 00:00:00-05:00,15.5,15.800000190734863,14.300000190734863,14.399999618530273,31450,0.0,0.0
2016-12-13 00:00:00-05:00,14.300000190734863,15.300000190734863,14.300000190734863,15.0,16770,0.0,0.0
2016-12-14 00:00:00-05:00,14.800000190734863,14.800000190734863,13.800000190734863,14.399999618530273,21510,0.0,0.0
2016-12-15 00:00:00-05:00,14.300000190734863,15.199999809265137,14.0,15.100000381469727,25060,0.0,0.0
2016-12-16 00:00:00-05:00,15.100000381469727,15.100000381469727,14.600000381469727,14.600000381469727,12800,0.0,0.0
2016-12-19 00:00:00-05:00,15.0,15.0,14.300000190734863,14.300000190734863,11840,0.0,0.0
2016-12-20 00:00:00-05:00,14.5,14.800000190734863,14.0,14.800000190734863,19530,0.0,0.0
2016-12-21 00:00:00-05:00,14.699999809265137,15.100000381469727,14.100000381469727,15.0,13030,0.0,0.0
2016-12-22 00:00:00-05:00,14.800000190734863,15.100000381469727,14.600000381469727,14.600000381469727,11550,0.0,0.0
2016-12-23 00:00:00-05:00,14.5,15.100000381469727,14.399999618530273,15.100000381469727,11230,0.0,0.0
2016-12-27 00:00:00-05:00,15.199999809265137,15.300000190734863,14.800000190734863,15.0,13850,0.0,0.0
2016-12-28 00:00:00-05:00,15.0,15.300000190734863,14.699999809265137,14.699999809265137,21070,0.0,0.0
2016-12-29 00:00:00-05:00,14.800000190734863,15.0,14.600000381469727,14.600000381469727,14990,0.0,0.0
2016-12-30 00:00:00-05:00,14.600000381469727,15.100000381469727,13.600000381469727,15.100000381469727,170570,0.0,0.0
2017-01-03 00:00:00-05:00,15.199999809265137,15.199999809265137,14.699999809265137,15.0,25760,0.0,0.0
2017-01-04 00:00:00-05:00,15.100000381469727,15.800000190734863,15.0,15.0,51890,0.0,0.0
2017-01-05 00:00:00-05:00,14.800000190734863,15.5,14.800000190734863,15.5,16880,0.0,0.0
2017-01-06 00:00:00-05:00,15.399999618530273,15.899999618530273,15.300000190734863,15.300000190734863,12620,0.0,0.0
2017-01-09 00:00:00-05:00,15.100000381469727,15.5,14.899999618530273,15.399999618530273,8560,0.0,0.0
2017-01-10 00:00:00-05:00,15.300000190734863,15.600000381469727,15.300000190734863,15.399999618530273,4320,0.0,0.0
2017-01-11 00:00:00-05:00,15.199999809265137,16.0,15.100000381469727,15.600000381469727,11510,0.0,0.0
2017-01-12 00:00:00-05:00,15.800000190734863,16.399999618530273,15.300000190734863,15.399999618530273,5250,0.0,0.0
2017-01-13 00:00:00-05:00,15.600000381469727,16.0,15.600000381469727,15.600000381469727,3380,0.0,0.0
2017-01-17 00:00:00-05:00,15.600000381469727,15.800000190734863,15.0,15.300000190734863,6910,0.0,0.0
2017-01-18 00:00:00-05:00,15.300000190734863,15.800000190734863,15.0,15.199999809265137,15940,0.0,0.0
2017-01-19 00:00:00-05:00,15.800000190734863,15.800000190734863,14.300000190734863,14.300000190734863,21660,0.0,0.0
2017-01-20 00:00:00-05:00,14.5,15.100000381469727,14.399999618530273,15.0,8380,0.0,0.0
2017-01-23 00:00:00-05:00,14.699999809265137,15.100000381469727,14.699999809265137,15.100000381469727,4310,0.0,0.0
2017-01-24 00:00:00-05:00,15.199999809265137,16.200000762939453,15.199999809265137,15.899999618530273,11280,0.0,0.0
2017-01-25 00:00:00-05:00,16.200000762939453,16.200000762939453,15.600000381469727,16.0,2610,0.0,0.0
2017-01-26 00:00:00-05:00,15.699999809265137,15.800000190734863,15.5,15.699999809265137,4670,0.0,0.0
2017-01-27 00:00:00-05:00,15.5,16.5,15.199999809265137,16.299999237060547,15350,0.0,0.0
2017-01-30 00:00:00-05:00,16.100000381469727,16.100000381469727,15.199999809265137,15.5,20880,0.0,0.0
2017-01-31 00:00:00-05:00,15.399999618530273,15.699999809265137,15.399999618530273,15.600000381469727,5140,0.0,0.0
2017-02-01 00:00:00-05:00,15.800000190734863,15.899999618530273,15.600000381469727,15.600000381469727,9410,0.0,0.0
2017-02-02 00:00:00-05:00,16.5,16.5,15.699999809265137,16.0,12680,0.0,0.0
2017-02-03 00:00:00-05:00,15.899999618530273,16.5,14.800000190734863,16.399999618530273,29040,0.0,0.0
2017-02-06 00:00:00-05:00,16.200000762939453,16.5,16.100000381469727,16.399999618530273,12070,0.0,0.0
2017-02-07 00:00:00-05:00,16.5,16.5,15.600000381469727,15.800000190734863,6860,0.0,0.0
2017-02-08 00:00:00-05:00,15.399999618530273,16.0,14.899999618530273,15.699999809265137,15780,0.0,0.0
2017-02-09 00:00:00-05:00,15.699999809265137,16.5,15.699999809265137,16.299999237060547,14960,0.0,0.0
2017-02-10 00:00:00-05:00,16.299999237060547,16.299999237060547,15.800000190734863,16.200000762939453,8290,0.0,0.0
2017-02-13 00:00:00-05:00,16.0,16.299999237060547,15.899999618530273,15.899999618530273,9700,0.0,0.0
2017-02-14 00:00:00-05:00,16.5,16.5,15.5,16.100000381469727,9660,0.0,0.0
2017-02-15 00:00:00-05:00,16.100000381469727,16.5,15.600000381469727,16.299999237060547,6860,0.0,0.0
2017-02-16 00:00:00-05:00,15.800000190734863,16.399999618530273,15.699999809265137,16.0,6760,0.0,0.0
2017-02-17 00:00:00-05:00,16.299999237060547,16.5,15.800000190734863,15.899999618530273,4330,0.0,0.0
2017-02-21 00:00:00-05:00,16.0,16.299999237060547,16.0,16.299999237060547,6430,0.0,0.0
2017-02-22 00:00:00-05:00,16.200000762939453,16.200000762939453,15.5,15.699999809265137,12140,0.0,0.0
2017-02-23 00:00:00-05:00,15.800000190734863,16.200000762939453,15.600000381469727,15.699999809265137,8240,0.0,0.0
2017-02-24 00:00:00-05:00,15.5,16.100000381469727,15.100000381469727,15.600000381469727,6790,0.0,0.0
2017-02-27 00:00:00-05:00,15.800000190734863,16.0,15.800000190734863,16.0,5810,0.0,0.0
2017-02-28 00:00:00-05:00,16.0,16.0,15.0,15.5,15130,0.0,0.0
2017-03-01 00:00:00-05:00,15.5,16.0,15.399999618530273,15.800000190734863,14880,0.0,0.0
2017-03-02 00:00:00-05:00,15.5,15.5,15.0,15.100000381469727,6420,0.0,0.0
2017-03-03 00:00:00-05:00,14.800000190734863,15.399999618530273,14.399999618530273,15.100000381469727,21830,0.0,0.0
2017-03-06 00:00:00-05:00,14.899999618530273,15.399999618530273,14.899999618530273,15.199999809265137,14530,0.0,0.0
2017-03-07 00:00:00-05:00,15.199999809265137,15.399999618530273,15.100000381469727,15.199999809265137,6030,0.0,0.0
2017-03-08 00:00:00-05:00,15.300000190734863,15.600000381469727,15.100000381469727,15.600000381469727,6720,0.0,0.0
2017-03-09 00:00:00-05:00,15.5,15.5,14.5,14.699999809265137,11280,0.0,0.0
2017-03-10 00:00:00-05:00,15.100000381469727,15.100000381469727,14.199999809265137,14.199999809265137,9730,0.0,0.0
2017-03-13 00:00:00-04:00,14.399999618530273,14.699999809265137,14.300000190734863,14.5,5120,0.0,0.0
2017-03-14 00:00:00-04:00,14.5,14.699999809265137,14.199999809265137,14.399999618530273,3670,0.0,0.0
2017-03-15 00:00:00-04:00,14.600000381469727,15.399999618530273,14.5,14.899999618530273,9780,0.0,0.0
2017-03-16 00:00:00-04:00,14.600000381469727,14.899999618530273,14.5,14.5,5490,0.0,0.0
2017-03-17 00:00:00-04:00,14.5,14.899999618530273,12.899999618530273,13.600000381469727,54070,0.0,0.0
2017-03-20 00:00:00-04:00,13.899999618530273,14.800000190734863,13.800000190734863,14.600000381469727,18370,0.0,0.0
2017-03-21 00:00:00-04:00,14.600000381469727,14.699999809265137,14.0,14.199999809265137,7080,0.0,0.0
2017-03-22 00:00:00-04:00,14.0,14.399999618530273,13.800000190734863,13.899999618530273,11160,0.0,0.0
2017-03-23 00:00:00-04:00,13.899999618530273,14.100000381469727,13.600000381469727,14.0,4710,0.0,0.0
2017-03-24 00:00:00-04:00,14.0,14.100000381469727,13.699999809265137,13.899999618530273,2550,0.0,0.0
2017-03-27 00:00:00-04:00,14.100000381469727,14.100000381469727,13.5,13.5,3020,0.0,0.0
2017-03-28 00:00:00-04:00,13.5,14.100000381469727,13.399999618530273,13.800000190734863,6020,0.0,0.0
2017-03-29 00:00:00-04:00,13.800000190734863,14.300000190734863,13.600000381469727,14.199999809265137,9700,0.0,0.0
2017-03-30 00:00:00-04:00,14.100000381469727,14.199999809265137,13.600000381469727,13.600000381469727,3510,0.0,0.0
2017-03-31 00:00:00-04:00,13.800000190734863,14.399999618530273,13.399999618530273,14.0,8630,0.0,0.0
2017-04-03 00:00:00-04:00,13.600000381469727,14.600000381469727,13.600000381469727,14.0,19110,0.0,0.0
2017-04-04 00:00:00-04:00,13.899999618530273,13.899999618530273,13.300000190734863,13.300000190734863,12960,0.0,0.0
2017-04-05 00:00:00-04:00,13.399999618530273,13.699999809265137,13.300000190734863,13.300000190734863,5250,0.0,0.0
2017-04-06 00:00:00-04:00,13.399999618530273,13.399999618530273,12.600000381469727,12.899999618530273,14340,0.0,0.0
2017-04-07 00:00:00-04:00,12.600000381469727,13.600000381469727,12.600000381469727,13.0,19300,0.0,0.0
2017-04-10 00:00:00-04:00,13.100000381469727,13.5,12.300000190734863,13.300000190734863,33050,0.0,0.0
2017-04-11 00:00:00-04:00,13.300000190734863,13.899999618530273,12.899999618530273,13.5,7770,0.0,0.0
2017-04-12 00:00:00-04:00,13.5,13.600000381469727,13.0,13.100000381469727,2860,0.0,0.0
2017-04-13 00:00:00-04:00,12.899999618530273,13.300000190734863,12.399999618530273,12.800000190734863,9640,0.0,0.0
2017-04-17 00:00:00-04:00,12.800000190734863,13.0,12.399999618530273,12.399999618530273,7030,0.0,0.0
2017-04-18 00:00:00-04:00,13.0,14.100000381469727,12.800000190734863,13.800000190734863,19840,0.0,0.0
2017-04-19 00:00:00-04:00,13.800000190734863,13.800000190734863,13.100000381469727,13.199999809265137,34330,0.0,0.0
2017-04-20 00:00:00-04:00,13.199999809265137,13.600000381469727,13.0,13.399999618530273,10250,0.0,0.0
2017-04-21 00:00:00-04:00,13.300000190734863,14.100000381469727,13.300000190734863,14.0,11980,0.0,0.0
2017-04-24 00:00:00-04:00,14.100000381469727,14.5,14.100000381469727,14.199999809265137,7450,0.0,0.0
2017-04-25 00:00:00-04:00,14.300000190734863,14.600000381469727,14.100000381469727,14.199999809265137,6860,0.0,0.0
2017-04-26 00:00:00-04:00,14.199999809265137,15.0,14.100000381469727,14.699999809265137,65920,0.0,0.0
2017-04-27 00:00:00-04:00,14.699999809265137,14.800000190734863,14.0,14.0,3980,0.0,0.0
2017-04-28 00:00:00-04:00,14.0,14.199999809265137,13.5,13.600000381469727,6600,0.0,0.0
2017-05-01 00:00:00-04:00,13.699999809265137,14.5,13.5,14.100000381469727,10300,0.0,0.0
2017-05-02 00:00:00-04:00,14.0,14.300000190734863,13.199999809265137,13.300000190734863,8360,0.0,0.0
2017-05-03 00:00:00-04:00,13.300000190734863,14.0,13.199999809265137,13.5,2620,0.0,0.0
2017-05-04 00:00:00-04:00,13.5,13.800000190734863,13.0,13.199999809265137,2470,0.0,0.0
2017-05-05 00:00:00-04:00,13.199999809265137,13.600000381469727,13.0,13.399999618530273,2710,0.0,0.0
2017-05-08 00:00:00-04:00,13.699999809265137,13.699999809265137,13.300000190734863,13.600000381469727,3770,0.0,0.0
2017-05-09 00:00:00-04:00,13.600000381469727,14.199999809265137,13.0,13.800000190734863,5370,0.0,0.0
2017-05-10 00:00:00-04:00,13.699999809265137,14.100000381469727,13.399999618530273,13.699999809265137,5450,0.0,0.0
2017-05-11 00:00:00-04:00,13.800000190734863,14.0,13.100000381469727,13.199999809265137,8020,0.0,0.0
2017-05-12 00:00:00-04:00,13.0,13.600000381469727,12.699999809265137,12.899999618530273,8230,0.0,0.0
2017-05-15 00:00:00-04:00,13.100000381469727,13.5,13.0,13.300000190734863,4280,0.0,0.0
2017-05-16 00:00:00-04:00,13.100000381469727,13.199999809265137,12.600000381469727,13.0,4730,0.0,0.0
2017-05-17 00:00:00-04:00,12.5,13.0,12.5,12.699999809265137,4520,0.0,0.0
2017-05-18 00:00:00-04:00,12.699999809265137,12.899999618530273,12.5,12.800000190734863,4350,0.0,0.0
2017-05-19 00:00:00-04:00,12.800000190734863,13.399999618530273,12.5,12.800000190734863,4430,0.0,0.0
2017-05-22 00:00:00-04:00,13.100000381469727,13.399999618530273,12.800000190734863,12.899999618530273,2780,0.0,0.0
2017-05-23 00:00:00-04:00,12.600000381469727,12.899999618530273,12.5,12.5,3580,0.0,0.0
2017-05-24 00:00:00-04:00,12.600000381469727,12.800000190734863,12.5,12.600000381469727,5010,0.0,0.0
2017-05-25 00:00:00-04:00,12.600000381469727,12.899999618530273,12.5,12.600000381469727,4340,0.0,0.0
2017-05-26 00:00:00-04:00,12.5,12.800000190734863,12.5,12.699999809265137,1360,0.0,0.0
2017-05-30 00:00:00-04:00,12.899999618530273,13.0,12.699999809265137,12.800000190734863,2860,0.0,0.0
2017-05-31 00:00:00-04:00,12.800000190734863,13.199999809265137,12.699999809265137,12.800000190734863,14540,0.0,0.0
2017-06-01 00:00:00-04:00,13.0,13.5,13.0,13.300000190734863,8390,0.0,0.0
2017-06-02 00:00:00-04:00,13.600000381469727,13.600000381469727,13.100000381469727,13.199999809265137,3490,0.0,0.0
2017-06-05 00:00:00-04:00,13.5,13.5,13.0,13.0,2380,0.0,0.0
2017-06-06 00:00:00-04:00,13.0,13.399999618530273,13.0,13.0,1890,0.0,0.0
2017-06-07 00:00:00-04:00,13.300000190734863,14.399999618530273,13.199999809265137,14.0,63880,0.0,0.0
2017-06-08 00:00:00-04:00,14.100000381469727,14.300000190734863,13.800000190734863,13.800000190734863,13520,0.0,0.0
2017-06-09 00:00:00-04:00,13.800000190734863,13.800000190734863,11.300000190734863,12.100000381469727,54170,0.0,0.0
2017-06-12 00:00:00-04:00,11.5,12.199999809265137,11.399999618530273,11.600000381469727,9560,0.0,0.0
2017-06-13 00:00:00-04:00,11.899999618530273,11.899999618530273,11.199999809265137,11.5,17510,0.0,0.0
2017-06-14 00:00:00-04:00,11.399999618530273,11.699999809265137,11.399999618530273,11.399999618530273,6980,0.0,0.0
2017-06-15 00:00:00-04:00,11.5,11.5,11.100000381469727,11.100000381469727,5900,0.0,0.0
2017-06-16 00:00:00-04:00,11.199999809265137,11.300000190734863,9.5,11.100000381469727,24010,0.0,0.0
2017-06-19 00:00:00-04:00,11.100000381469727,11.100000381469727,9.5,9.800000190734863,126440,0.0,0.0
2017-06-20 00:00:00-04:00,10.199999809265137,10.399999618530273,9.600000381469727,9.699999809265137,33380,0.0,0.0
2017-06-21 00:00:00-04:00,9.899999618530273,10.399999618530273,9.800000190734863,9.800000190734863,20930,0.0,0.0
2017-06-22 00:00:00-04:00,9.800000190734863,10.0,9.5,9.699999809265137,12320,0.0,0.0
2017-06-23 00:00:00-04:00,10.0,10.300000190734863,9.600000381469727,9.699999809265137,8370,0.0,0.0
2017-06-26 00:00:00-04:00,9.800000190734863,10.199999809265137,9.699999809265137,10.0,10380,0.0,0.0
2017-06-27 00:00:00-04:00,10.100000381469727,10.399999618530273,9.899999618530273,10.300000190734863,6090,0.0,0.0
2017-06-28 00:00:00-04:00,10.300000190734863,10.800000190734863,10.300000190734863,10.5,12630,0.0,0.0
2017-06-29 00:00:00-04:00,10.5,10.699999809265137,10.300000190734863,10.5,8930,0.0,0.0
2017-06-30 00:00:00-04:00,10.399999618530273,10.699999809265137,10.0,10.300000190734863,12740,0.0,0.0
2017-07-03 00:00:00-04:00,10.300000190734863,10.699999809265137,10.0,10.199999809265137,6070,0.0,0.0
2017-07-05 00:00:00-04:00,10.300000190734863,10.5,9.699999809265137,9.899999618530273,7600,0.0,0.0
2017-07-06 00:00:00-04:00,9.699999809265137,9.699999809265137,9.300000190734863,9.5,11790,0.0,0.0
2017-07-07 00:00:00-04:00,9.699999809265137,10.300000190734863,9.5,9.800000190734863,4480,0.0,0.0
2017-07-10 00:00:00-04:00,9.800000190734863,10.699999809265137,9.699999809265137,10.600000381469727,12250,0.0,0.0
2017-07-11 00:00:00-04:00,10.300000190734863,10.300000190734863,9.699999809265137,9.800000190734863,13380,0.0,0.0
2017-07-12 00:00:00-04:00,10.0,10.100000381469727,9.699999809265137,10.0,7770,0.0,0.0
2017-07-13 00:00:00-04:00,10.199999809265137,10.300000190734863,9.699999809265137,10.100000381469727,4990,0.0,0.0
2017-07-14 00:00:00-04:00,10.0,10.199999809265137,9.5,9.699999809265137,13340,0.0,0.0
2017-07-17 00:00:00-04:00,10.0,10.399999618530273,9.699999809265137,10.100000381469727,13590,0.0,0.0
2017-07-18 00:00:00-04:00,10.100000381469727,10.300000190734863,10.100000381469727,10.300000190734863,2800,0.0,0.0
2017-07-19 00:00:00-04:00,10.300000190734863,10.800000190734863,10.199999809265137,10.399999618530273,8400,0.0,0.0
2017-07-20 00:00:00-04:00,10.399999618530273,10.699999809265137,9.800000190734863,10.399999618530273,18240,0.0,0.0
2017-07-21 00:00:00-04:00,10.5,10.699999809265137,10.0,10.0,22580,0.0,0.0
2017-07-24 00:00:00-04:00,10.5,10.5,9.899999618530273,10.0,2480,0.0,0.0
2017-07-25 00:00:00-04:00,10.199999809265137,10.399999618530273,10.0,10.0,3380,0.0,0.0
2017-07-26 00:00:00-04:00,10.0,10.100000381469727,9.800000190734863,9.800000190734863,7880,0.0,0.0
2017-07-27 00:00:00-04:00,10.100000381469727,10.199999809265137,9.699999809265137,9.800000190734863,2090,0.0,0.0
2017-07-28 00:00:00-04:00,10.100000381469727,10.100000381469727,9.5,9.600000381469727,10710,0.0,0.0
2017-07-31 00:00:00-04:00,9.5,10.0,9.5,9.699999809265137,2960,0.0,0.0
2017-08-01 00:00:00-04:00,9.5,10.0,9.5,9.5,2990,0.0,0.0
2017-08-02 00:00:00-04:00,9.5,9.899999618530273,9.399999618530273,9.399999618530273,6840,0.0,0.0
2017-08-03 00:00:00-04:00,9.5,9.699999809265137,9.300000190734863,9.300000190734863,5340,0.0,0.0
2017-08-04 00:00:00-04:00,9.300000190734863,9.5,9.300000190734863,9.300000190734863,4210,0.0,0.0
2017-08-07 00:00:00-04:00,9.199999809265137,9.300000190734863,9.0,9.0,9210,0.0,0.0
2017-08-08 00:00:00-04:00,9.0,9.0,8.5,8.699999809265137,20840,0.0,0.0
2017-08-09 00:00:00-04:00,8.699999809265137,9.199999809265137,8.600000381469727,8.600000381469727,9010,0.0,0.0
2017-08-10 00:00:00-04:00,8.5,8.5,8.5,8.5,4850,0.0,0.0
2017-08-11 00:00:00-04:00,8.5,8.600000381469727,7.300000190734863,7.599999904632568,39200,0.0,0.0
2017-08-14 00:00:00-04:00,8.899999618530273,8.899999618530273,7.900000095367432,8.100000381469727,5930,0.0,0.0
2017-08-15 00:00:00-04:00,7.900000095367432,8.0,7.400000095367432,7.699999809265137,6680,0.0,0.0
2017-08-16 00:00:00-04:00,7.699999809265137,8.100000381469727,7.699999809265137,8.0,5320,0.0,0.0
2017-08-17 00:00:00-04:00,8.600000381469727,9.0,8.0,8.600000381469727,13300,0.0,0.0
2017-08-18 00:00:00-04:00,8.600000381469727,8.800000190734863,8.199999809265137,8.800000190734863,8270,0.0,0.0
2017-08-21 00:00:00-04:00,9.0,9.0,8.300000190734863,8.699999809265137,4450,0.0,0.0
2017-08-22 00:00:00-04:00,8.399999618530273,9.0,8.399999618530273,8.800000190734863,4920,0.0,0.0
2017-08-23 00:00:00-04:00,8.5,9.300000190734863,8.5,8.800000190734863,8980,0.0,0.0
2017-08-24 00:00:00-04:00,8.5,9.100000381469727,8.5,9.0,2780,0.0,0.0
2017-08-25 00:00:00-04:00,9.0,9.600000381469727,8.5,9.199999809265137,7410,0.0,0.0
2017-08-28 00:00:00-04:00,8.899999618530273,9.100000381469727,8.5,8.600000381469727,5930,0.0,0.0
2017-08-29 00:00:00-04:00,8.5,9.0,8.300000190734863,8.699999809265137,2340,0.0,0.0
2017-08-30 00:00:00-04:00,8.899999618530273,9.100000381469727,8.600000381469727,9.0,5230,0.0,0.0
2017-08-31 00:00:00-04:00,9.300000190734863,9.300000190734863,8.899999618530273,9.0,3680,0.0,0.0
2017-09-01 00:00:00-04:00,8.899999618530273,9.399999618530273,8.600000381469727,8.800000190734863,2580,0.0,0.0
2017-09-05 00:00:00-04:00,8.800000190734863,8.800000190734863,8.5,8.600000381469727,3370,0.0,0.0
2017-09-06 00:00:00-04:00,8.600000381469727,9.199999809265137,8.600000381469727,9.0,1220,0.0,0.0
2017-09-07 00:00:00-04:00,9.0,9.300000190734863,8.5,8.5,5300,0.0,0.0
2017-09-08 00:00:00-04:00,8.899999618530273,8.899999618530273,8.5,8.600000381469727,1910,0.0,0.0
2017-09-11 00:00:00-04:00,8.600000381469727,8.899999618530273,8.5,8.600000381469727,5210,0.0,0.0
2017-09-12 00:00:00-04:00,9.300000190734863,9.399999618530273,8.300000190734863,8.300000190734863,6450,0.0,0.0
2017-09-13 00:00:00-04:00,8.5,8.800000190734863,8.300000190734863,8.5,8390,0.0,0.0
2017-09-14 00:00:00-04:00,8.399999618530273,9.399999618530273,8.399999618530273,9.0,12270,0.0,0.0
2017-09-15 00:00:00-04:00,9.100000381469727,9.300000190734863,8.699999809265137,8.699999809265137,18260,0.0,0.0
2017-09-18 00:00:00-04:00,8.699999809265137,9.100000381469727,8.699999809265137,8.800000190734863,2000,0.0,0.0
2017-09-19 00:00:00-04:00,8.699999809265137,9.199999809265137,8.699999809265137,9.100000381469727,9910,0.0,0.0
2017-09-20 00:00:00-04:00,9.100000381469727,9.100000381469727,8.600000381469727,8.699999809265137,5460,0.0,0.0
2017-09-21 00:00:00-04:00,9.0,9.0,8.699999809265137,8.800000190734863,3870,0.0,0.0
2017-09-22 00:00:00-04:00,8.800000190734863,9.199999809265137,8.800000190734863,9.100000381469727,6520,0.0,0.0
2017-09-25 00:00:00-04:00,9.100000381469727,9.199999809265137,8.699999809265137,8.800000190734863,6360,0.0,0.0
2017-09-26 00:00:00-04:00,8.800000190734863,9.800000190734863,8.800000190734863,9.5,13130,0.0,0.0
2017-09-27 00:00:00-04:00,9.399999618530273,9.899999618530273,9.0,9.199999809265137,5390,0.0,0.0
2017-09-28 00:00:00-04:00,9.899999618530273,10.800000190734863,9.399999618530273,10.0,29470,0.0,0.0
2017-09-29 00:00:00-04:00,10.300000190734863,10.899999618530273,9.800000190734863,10.699999809265137,16590,0.0,0.0
2017-10-02 00:00:00-04:00,10.399999618530273,10.699999809265137,9.5,10.100000381469727,15830,0.0,0.0
2017-10-03 00:00:00-04:00,10.300000190734863,10.600000381469727,9.899999618530273,10.300000190734863,8690,0.0,0.0
2017-10-04 00:00:00-04:00,10.399999618530273,10.699999809265137,10.100000381469727,10.100000381469727,4310,0.0,0.0
2017-10-05 00:00:00-04:00,10.199999809265137,11.199999809265137,10.199999809265137,10.600000381469727,19760,0.0,0.0
2017-10-06 00:00:00-04:00,10.600000381469727,10.899999618530273,10.0,10.399999618530273,5180,0.0,0.0
2017-10-09 00:00:00-04:00,10.199999809265137,10.600000381469727,10.100000381469727,10.100000381469727,2930,0.0,0.0
2017-10-10 00:00:00-04:00,10.100000381469727,10.600000381469727,10.100000381469727,10.399999618530273,5550,0.0,0.0
2017-10-11 00:00:00-04:00,10.399999618530273,10.800000190734863,10.300000190734863,10.5,4480,0.0,0.0
2017-10-12 00:00:00-04:00,10.5,10.699999809265137,10.300000190734863,10.5,4200,0.0,0.0
2017-10-13 00:00:00-04:00,10.699999809265137,10.699999809265137,10.300000190734863,10.5,8410,0.0,0.0
2017-10-16 00:00:00-04:00,10.600000381469727,10.600000381469727,10.100000381469727,10.300000190734863,9930,0.0,0.0
2017-10-17 00:00:00-04:00,10.399999618530273,10.600000381469727,10.300000190734863,10.300000190734863,5360,0.0,0.0
2017-10-18 00:00:00-04:00,10.300000190734863,10.5,10.100000381469727,10.300000190734863,10470,0.0,0.0
2017-10-19 00:00:00-04:00,10.300000190734863,10.5,10.100000381469727,10.100000381469727,4760,0.0,0.0
2017-10-20 00:00:00-04:00,10.100000381469727,10.5,10.100000381469727,10.199999809265137,9920,0.0,0.0
2017-10-23 00:00:00-04:00,10.0,10.399999618530273,10.0,10.199999809265137,4600,0.0,0.0
2017-10-24 00:00:00-04:00,10.300000190734863,10.5,10.199999809265137,10.399999618530273,2600,0.0,0.0
2017-10-25 00:00:00-04:00,10.5,10.5,10.0,10.100000381469727,370,0.0,0.0
2017-10-26 00:00:00-04:00,10.100000381469727,10.300000190734863,10.0,10.100000381469727,2580,0.0,0.0
2017-10-27 00:00:00-04:00,10.100000381469727,10.300000190734863,9.399999618530273,10.100000381469727,13470,0.0,0.0
2017-10-30 00:00:00-04:00,10.300000190734863,10.300000190734863,9.699999809265137,10.0,2290,0.0,0.0
2017-10-31 00:00:00-04:00,9.800000190734863,10.5,9.800000190734863,10.399999618530273,6300,0.0,0.0
2017-11-01 00:00:00-04:00,9.899999618530273,10.699999809265137,9.899999618530273,10.399999618530273,6560,0.0,0.0
2017-11-02 00:00:00-04:00,10.399999618530273,11.199999809265137,10.199999809265137,10.699999809265137,96700,0.0,0.0
2017-11-03 00:00:00-04:00,10.800000190734863,10.800000190734863,10.5,10.699999809265137,2180,0.0,0.0
2017-11-06 00:00:00-05:00,10.699999809265137,10.800000190734863,10.399999618530273,10.600000381469727,14290,0.0,0.0
2017-11-07 00:00:00-05:00,10.5,10.800000190734863,10.5,10.600000381469727,10760,0.0,0.0
2017-11-08 00:00:00-05:00,10.5,10.800000190734863,10.300000190734863,10.600000381469727,8810,0.0,0.0
2017-11-09 00:00:00-05:00,10.600000381469727,10.699999809265137,10.199999809265137,10.300000190734863,9410,0.0,0.0
2017-11-10 00:00:00-05:00,10.399999618530273,10.600000381469727,10.199999809265137,10.399999618530273,4410,0.0,0.0
2017-11-13 00:00:00-05:00,10.300000190734863,10.399999618530273,9.800000190734863,10.0,10380,0.0,0.0
2017-11-14 00:00:00-05:00,9.899999618530273,10.199999809265137,9.800000190734863,9.899999618530273,2620,0.0,0.0
2017-11-15 00:00:00-05:00,9.899999618530273,10.100000381469727,9.800000190734863,9.800000190734863,12690,0.0,0.0
2017-11-16 00:00:00-05:00,10.100000381469727,10.300000190734863,9.800000190734863,9.800000190734863,6100,0.0,0.0
2017-11-17 00:00:00-05:00,10.100000381469727,10.399999618530273,9.899999618530273,10.199999809265137,10170,0.0,0.0
2017-11-20 00:00:00-05:00,10.100000381469727,10.399999618530273,9.800000190734863,10.0,2060,0.0,0.0
2017-11-21 00:00:00-05:00,10.300000190734863,10.300000190734863,10.0,10.0,3800,0.0,0.0
2017-11-22 00:00:00-05:00,10.199999809265137,10.399999618530273,9.800000190734863,10.300000190734863,10050,0.0,0.0
2017-11-24 00:00:00-05:00,10.0,10.399999618530273,10.0,10.399999618530273,1770,0.0,0.0
2017-11-27 00:00:00-05:00,10.399999618530273,10.899999618530273,10.399999618530273,10.699999809265137,7800,0.0,0.0
2017-11-28 00:00:00-05:00,10.699999809265137,10.899999618530273,10.399999618530273,10.399999618530273,3810,0.0,0.0
2017-11-29 00:00:00-05:00,10.5,11.0,10.100000381469727,10.699999809265137,5230,0.0,0.0
2017-11-30 00:00:00-05:00,10.5,10.699999809265137,9.800000190734863,9.800000190734863,17680,0.0,0.0
2017-12-01 00:00:00-05:00,10.0,10.5,10.0,10.399999618530273,4930,0.0,0.0
2017-12-04 00:00:00-05:00,10.399999618530273,10.699999809265137,10.0,10.399999618530273,5240,0.0,0.0
2017-12-05 00:00:00-05:00,10.5,10.600000381469727,10.100000381469727,10.300000190734863,6140,0.0,0.0
2017-12-06 00:00:00-05:00,10.399999618530273,10.5,9.600000381469727,10.0,10750,0.0,0.0
2017-12-07 00:00:00-05:00,10.0,10.399999618530273,9.600000381469727,10.0,20290,0.0,0.0
2017-12-08 00:00:00-05:00,10.0,10.199999809265137,9.699999809265137,10.0,4340,0.0,0.0
2017-12-11 00:00:00-05:00,9.899999618530273,10.199999809265137,9.300000190734863,9.699999809265137,4570,0.0,0.0
2017-12-12 00:00:00-05:00,9.699999809265137,9.699999809265137,9.300000190734863,9.5,14300,0.0,0.0
2017-12-13 00:00:00-05:00,9.399999618530273,9.699999809265137,9.399999618530273,9.5,10000,0.0,0.0
2017-12-14 00:00:00-05:00,9.5,9.699999809265137,9.199999809265137,9.399999618530273,15170,0.0,0.0
2017-12-15 00:00:00-05:00,9.399999618530273,9.800000190734863,9.199999809265137,9.600000381469727,20260,0.0,0.0
2017-12-18 00:00:00-05:00,9.5,9.800000190734863,9.199999809265137,9.600000381469727,22390,0.0,0.0
2017-12-19 00:00:00-05:00,9.399999618530273,9.699999809265137,9.0,9.300000190734863,28290,0.0,0.0
2017-12-20 00:00:00-05:00,9.100000381469727,9.399999618530273,8.5,8.5,11850,0.0,0.0
2017-12-21 00:00:00-05:00,8.899999618530273,9.5,8.699999809265137,9.399999618530273,19600,0.0,0.0
2017-12-22 00:00:00-05:00,9.300000190734863,9.5,9.0,9.300000190734863,13040,0.0,0.0
2017-12-26 00:00:00-05:00,9.0,9.5,9.0,9.300000190734863,18190,0.0,0.0
2017-12-27 00:00:00-05:00,9.600000381469727,9.600000381469727,9.0,9.300000190734863,8440,0.0,0.0
2017-12-28 00:00:00-05:00,9.300000190734863,9.899999618530273,9.0,9.5,17560,0.0,0.0
2017-12-29 00:00:00-05:00,9.5,10.100000381469727,9.399999618530273,9.5,18230,0.0,0.0
2018-01-02 00:00:00-05:00,9.100000381469727,9.699999809265137,9.100000381469727,9.399999618530273,4970,0.0,0.0
2018-01-03 00:00:00-05:00,9.699999809265137,10.0,9.199999809265137,9.399999618530273,2380,0.0,0.0
2018-01-04 00:00:00-05:00,9.5,9.899999618530273,9.399999618530273,9.5,97140,0.0,0.0
2018-01-05 00:00:00-05:00,9.699999809265137,9.699999809265137,8.899999618530273,9.199999809265137,17610,0.0,0.0
2018-01-08 00:00:00-05:00,9.199999809265137,9.699999809265137,9.199999809265137,9.5,6080,0.0,0.0
2018-01-09 00:00:00-05:00,9.699999809265137,9.699999809265137,9.199999809265137,9.5,5030,0.0,0.0
2018-01-10 00:00:00-05:00,9.5,9.600000381469727,9.399999618530273,9.5,3160,0.0,0.0
2018-01-11 00:00:00-05:00,9.399999618530273,10.399999618530273,9.399999618530273,10.300000190734863,11190,0.0,0.0
2018-01-12 00:00:00-05:00,10.199999809265137,10.600000381469727,9.600000381469727,10.199999809265137,25660,0.0,0.0
2018-01-16 00:00:00-05:00,10.300000190734863,10.600000381469727,10.100000381469727,10.399999618530273,39340,0.0,0.0
2018-01-17 00:00:00-05:00,10.5,10.600000381469727,9.899999618530273,10.300000190734863,12160,0.0,0.0
2018-01-18 00:00:00-05:00,10.300000190734863,10.399999618530273,10.0,10.300000190734863,13260,0.0,0.0
2018-01-19 00:00:00-05:00,10.300000190734863,10.300000190734863,9.199999809265137,9.5,16490,0.0,0.0
2018-01-22 00:00:00-05:00,9.899999618530273,9.899999618530273,9.300000190734863,9.5,6490,0.0,0.0
2018-01-23 00:00:00-05:00,9.699999809265137,9.899999618530273,9.600000381469727,9.600000381469727,6570,0.0,0.0
2018-01-24 00:00:00-05:00,10.300000190734863,10.399999618530273,9.199999809265137,9.300000190734863,22280,0.0,0.0
2018-01-25 00:00:00-05:00,9.399999618530273,9.600000381469727,9.100000381469727,9.300000190734863,12140,0.0,0.0
2018-01-26 00:00:00-05:00,9.5,9.5,8.899999618530273,9.199999809265137,10240,0.0,0.0
2018-01-29 00:00:00-05:00,9.5,9.5,9.0,9.100000381469727,4920,0.0,0.0
2018-01-30 00:00:00-05:00,9.100000381469727,9.300000190734863,8.300000190734863,8.600000381469727,21930,0.0,0.0
2018-01-31 00:00:00-05:00,8.600000381469727,9.100000381469727,8.300000190734863,8.399999618530273,18430,0.0,0.0
2018-02-01 00:00:00-05:00,8.399999618530273,8.899999618530273,8.270000457763672,8.75,33200,0.0,0.1
2018-02-02 00:00:00-05:00,8.550000190734863,8.979999542236328,8.550000190734863,8.8100004196167,16300,0.0,0.0
2018-02-05 00:00:00-05:00,8.899999618530273,9.050000190734863,8.4399995803833,8.90999984741211,15800,0.0,0.0
2018-02-06 00:00:00-05:00,8.729999542236328,9.0,8.630000114440918,8.779999732971191,13000,0.0,0.0
2018-02-07 00:00:00-05:00,8.829999923706055,8.930000305175781,8.5600004196167,8.930000305175781,9700,0.0,0.0
2018-02-08 00:00:00-05:00,8.930000305175781,8.970000267028809,8.600000381469727,8.75,3800,0.0,0.0
2018-02-09 00:00:00-05:00,8.8100004196167,9.020000457763672,8.520000457763672,9.0,29100,0.0,0.0
2018-02-12 00:00:00-05:00,8.859999656677246,8.890000343322754,8.5600004196167,8.6899995803833,17600,0.0,0.0
2018-02-13 00:00:00-05:00,8.5600004196167,8.65999984741211,8.520000457763672,8.529999732971191,19600,0.0,0.0
2018-02-14 00:00:00-05:00,8.729999542236328,8.8100004196167,8.5600004196167,8.720000267028809,6900,0.0,0.0
2018-02-15 00:00:00-05:00,8.729999542236328,8.989999771118164,8.569999694824219,8.949999809265137,7800,0.0,0.0
2018-02-16 00:00:00-05:00,8.949999809265137,9.199999809265137,8.949999809265137,9.140000343322754,13500,0.0,0.0
2018-02-20 00:00:00-05:00,9.1899995803833,9.470000267028809,8.920000076293945,8.920000076293945,19700,0.0,0.0
2018-02-21 00:00:00-05:00,8.859999656677246,9.210000038146973,8.859999656677246,9.079999923706055,4100,0.0,0.0
2018-02-22 00:00:00-05:00,9.180000305175781,9.300000190734863,9.029999732971191,9.029999732971191,4900,0.0,0.0
2018-02-23 00:00:00-05:00,9.020000457763672,9.25,9.020000457763672,9.130000114440918,1700,0.0,0.0
2018-02-26 00:00:00-05:00,9.0,9.15999984741211,8.819999694824219,9.039999961853027,14100,0.0,0.0
2018-02-27 00:00:00-05:00,9.039999961853027,9.039999961853027,9.039999961853027,9.039999961853027,0,0.0,0.0
2018-02-28 00:00:00-05:00,8.989999771118164,9.100000381469727,8.710000038146973,8.710000038146973,6700,0.0,0.0
2018-03-01 00:00:00-05:00,9.010000228881836,9.010000228881836,8.5,8.5,6500,0.0,0.0
2018-03-02 00:00:00-05:00,8.489999771118164,8.930000305175781,8.479999542236328,8.800000190734863,5200,0.0,0.0
2018-03-05 00:00:00-05:00,8.930000305175781,9.4399995803833,8.930000305175781,9.0,23100,0.0,0.0
2018-03-06 00:00:00-05:00,9.390000343322754,9.390000343322754,8.65999984741211,8.65999984741211,4800,0.0,0.0
2018-03-07 00:00:00-05:00,8.829999923706055,9.1899995803833,8.829999923706055,9.130000114440918,7600,0.0,0.0
2018-03-08 00:00:00-05:00,8.979999542236328,9.420000076293945,8.890000343322754,8.899999618530273,30800,0.0,0.0
2018-03-09 00:00:00-05:00,8.859999656677246,9.199999809265137,8.8100004196167,9.079999923706055,14200,0.0,0.0
2018-03-12 00:00:00-04:00,9.199999809265137,9.199999809265137,8.75,8.829999923706055,8600,0.0,0.0
2018-03-13 00:00:00-04:00,8.880000114440918,9.0,8.609999656677246,8.609999656677246,2700,0.0,0.0
2018-03-14 00:00:00-04:00,8.75,8.8100004196167,8.5,8.670000076293945,6600,0.0,0.0
2018-03-15 00:00:00-04:00,8.619999885559082,9.020000457763672,8.520000457763672,8.529999732971191,33600,0.0,0.0
2018-03-16 00:00:00-04:00,8.640000343322754,9.199999809265137,8.510000228881836,9.069999694824219,46400,0.0,0.0
2018-03-19 00:00:00-04:00,9.050000190734863,9.140000343322754,8.949999809265137,9.09000015258789,10400,0.0,0.0
2018-03-20 00:00:00-04:00,9.100000381469727,9.779999732971191,9.100000381469727,9.479999542236328,21800,0.0,0.0
2018-03-21 00:00:00-04:00,9.539999961853027,9.960000038146973,9.449999809265137,9.59000015258789,25300,0.0,0.0
2018-03-22 00:00:00-04:00,9.470000267028809,9.539999961853027,9.239999771118164,9.449999809265137,5600,0.0,0.0
2018-03-23 00:00:00-04:00,9.4399995803833,9.4399995803833,9.350000381469727,9.359999656677246,6800,0.0,0.0
2018-03-26 00:00:00-04:00,9.420000076293945,9.460000038146973,8.979999542236328,9.279999732971191,12500,0.0,0.0
2018-03-27 00:00:00-04:00,9.039999961853027,9.140000343322754,8.920000076293945,9.100000381469727,3000,0.0,0.0
2018-03-28 00:00:00-04:00,9.0,9.279999732971191,8.930000305175781,9.0,4400,0.0,0.0
2018-03-29 00:00:00-04:00,9.149999618530273,9.260000228881836,9.149999618530273,9.15999984741211,2200,0.0,0.0
2018-04-02 00:00:00-04:00,9.140000343322754,9.170000076293945,8.8100004196167,9.109999656677246,5600,0.0,0.0
2018-04-03 00:00:00-04:00,9.119999885559082,9.300000190734863,9.010000228881836,9.010000228881836,5200,0.0,0.0
2018-04-04 00:00:00-04:00,8.970000267028809,9.390000343322754,8.970000267028809,9.3100004196167,17300,0.0,0.0
2018-04-05 00:00:00-04:00,9.430000305175781,9.460000038146973,9.199999809265137,9.399999618530273,10500,0.0,0.0
2018-04-06 00:00:00-04:00,9.350000381469727,9.529999732971191,9.289999961853027,9.3100004196167,10400,0.0,0.0
2018-04-09 00:00:00-04:00,9.319999694824219,9.710000038146973,9.319999694824219,9.359999656677246,3800,0.0,0.0
2018-04-10 00:00:00-04:00,9.359999656677246,9.720000267028809,9.34000015258789,9.529999732971191,2600,0.0,0.0
2018-04-11 00:00:00-04:00,9.550000190734863,9.550000190734863,9.550000190734863,9.550000190734863,500,0.0,0.0
2018-04-12 00:00:00-04:00,9.6899995803833,9.6899995803833,9.6899995803833,9.6899995803833,200,0.0,0.0
2018-04-13 00:00:00-04:00,9.359999656677246,9.600000381469727,9.359999656677246,9.600000381469727,600,0.0,0.0
2018-04-16 00:00:00-04:00,9.609999656677246,9.649999618530273,9.3100004196167,9.5600004196167,9500,0.0,0.0
2018-04-17 00:00:00-04:00,9.699999809265137,9.699999809265137,9.34000015258789,9.5,4500,0.0,0.0
2018-04-18 00:00:00-04:00,9.640000343322754,9.710000038146973,9.319999694824219,9.520000457763672,2300,0.0,0.0
2018-04-19 00:00:00-04:00,9.520000457763672,9.520000457763672,9.520000457763672,9.520000457763672,0,0.0,0.0
2018-04-20 00:00:00-04:00,9.470000267028809,9.59000015258789,9.270000457763672,9.279999732971191,1900,0.0,0.0
2018-04-23 00:00:00-04:00,9.210000038146973,9.550000190734863,8.930000305175781,9.300000190734863,14900,0.0,0.0
2018-04-24 00:00:00-04:00,9.399999618530273,9.779999732971191,8.899999618530273,8.899999618530273,16100,0.0,0.0
2018-04-25 00:00:00-04:00,8.9399995803833,9.479999542236328,8.9399995803833,9.199999809265137,57900,0.0,0.0
2018-04-26 00:00:00-04:00,9.710000038146973,9.710000038146973,8.760000228881836,9.100000381469727,20600,0.0,0.0
2018-04-27 00:00:00-04:00,9.239999771118164,9.460000038146973,9.199999809265137,9.199999809265137,30400,0.0,0.0
2018-04-30 00:00:00-04:00,9.210000038146973,9.210000038146973,8.800000190734863,9.130000114440918,2100,0.0,0.0
2018-05-01 00:00:00-04:00,8.880000114440918,9.0600004196167,8.569999694824219,8.899999618530273,14700,0.0,0.0
2018-05-02 00:00:00-04:00,8.920000076293945,9.199999809265137,8.899999618530273,9.069999694824219,10400,0.0,0.0
2018-05-03 00:00:00-04:00,9.050000190734863,9.0600004196167,9.050000190734863,9.0600004196167,200,0.0,0.0
2018-05-04 00:00:00-04:00,9.050000190734863,9.050000190734863,8.630000114440918,8.800000190734863,6200,0.0,0.0
2018-05-07 00:00:00-04:00,8.880000114440918,9.130000114440918,8.510000228881836,9.0600004196167,26900,0.0,0.0
2018-05-08 00:00:00-04:00,9.420000076293945,9.420000076293945,8.859999656677246,9.039999961853027,11600,0.0,0.0
2018-05-09 00:00:00-04:00,9.100000381469727,9.489999771118164,8.899999618530273,9.479999542236328,9100,0.0,0.0
2018-05-10 00:00:00-04:00,9.479999542236328,9.989999771118164,9.40999984741211,9.989999771118164,30900,0.0,0.0
2018-05-11 00:00:00-04:00,9.989999771118164,10.220000267028809,9.760000228881836,10.109999656677246,51800,0.0,0.0
2018-05-14 00:00:00-04:00,10.220000267028809,10.869999885559082,10.220000267028809,10.550000190734863,42400,0.0,0.0
2018-05-15 00:00:00-04:00,10.649999618530273,10.979999542236328,10.460000038146973,10.600000381469727,13400,0.0,0.0
2018-05-16 00:00:00-04:00,10.640000343322754,10.680000305175781,10.350000381469727,10.350000381469727,2900,0.0,0.0
2018-05-17 00:00:00-04:00,10.300000190734863,10.6899995803833,10.25,10.3100004196167,5200,0.0,0.0
2018-05-18 00:00:00-04:00,10.539999961853027,11.220000267028809,10.539999961853027,10.960000038146973,46900,0.0,0.0
2018-05-21 00:00:00-04:00,11.130000114440918,11.220000267028809,10.850000381469727,10.850000381469727,15200,0.0,0.0
2018-05-22 00:00:00-04:00,11.050000190734863,11.15999984741211,10.84000015258789,11.029999732971191,29100,0.0,0.0
2018-05-23 00:00:00-04:00,10.970000267028809,11.199999809265137,10.550000190734863,11.0,38300,0.0,0.0
2018-05-24 00:00:00-04:00,10.920000076293945,11.130000114440918,10.399999618530273,10.399999618530273,59300,0.0,0.0
2018-05-25 00:00:00-04:00,10.460000038146973,10.779999732971191,10.229999542236328,10.760000228881836,2300,0.0,0.0
2018-05-29 00:00:00-04:00,10.739999771118164,10.739999771118164,10.199999809265137,10.369999885559082,13900,0.0,0.0
2018-05-30 00:00:00-04:00,10.729999542236328,11.050000190734863,10.680000305175781,10.899999618530273,6500,0.0,0.0
2018-05-31 00:00:00-04:00,10.850000381469727,11.020000457763672,10.789999961853027,10.890000343322754,4100,0.0,0.0
2018-06-01 00:00:00-04:00,11.0,11.0,10.710000038146973,10.710000038146973,5100,0.0,0.0
2018-06-04 00:00:00-04:00,10.979999542236328,12.15999984741211,10.979999542236328,11.229999542236328,25900,0.0,0.0
2018-06-05 00:00:00-04:00,11.010000228881836,11.40999984741211,10.8100004196167,11.0600004196167,10600,0.0,0.0
2018-06-06 00:00:00-04:00,11.0,11.369999885559082,10.789999961853027,10.8100004196167,7600,0.0,0.0
2018-06-07 00:00:00-04:00,11.180000305175781,11.609999656677246,11.140000343322754,11.199999809265137,19000,0.0,0.0
2018-06-08 00:00:00-04:00,11.359999656677246,11.40999984741211,11.0,11.09000015258789,35300,0.0,0.0
2018-06-11 00:00:00-04:00,11.199999809265137,12.0,11.199999809265137,11.600000381469727,56500,0.0,0.0
2018-06-12 00:00:00-04:00,11.670000076293945,11.670000076293945,11.149999618530273,11.279999732971191,29200,0.0,0.0
2018-06-13 00:00:00-04:00,11.4399995803833,11.4399995803833,10.899999618530273,10.9399995803833,23400,0.0,0.0
2018-06-14 00:00:00-04:00,10.710000038146973,11.369999885559082,10.710000038146973,11.3100004196167,29200,0.0,0.0
2018-06-15 00:00:00-04:00,11.220000267028809,11.359999656677246,11.09000015258789,11.300000190734863,28000,0.0,0.0
2018-06-18 00:00:00-04:00,11.020000457763672,11.15999984741211,10.84000015258789,11.119999885559082,32700,0.0,0.0
2018-06-19 00:00:00-04:00,10.869999885559082,11.569999694824219,10.869999885559082,11.300000190734863,21600,0.0,0.0
2018-06-20 00:00:00-04:00,11.300000190734863,11.300000190734863,11.010000228881836,11.1899995803833,4100,0.0,0.0
2018-06-21 00:00:00-04:00,11.479999542236328,11.479999542236328,11.149999618530273,11.3100004196167,3700,0.0,0.0
2018-06-22 00:00:00-04:00,11.3100004196167,11.569999694824219,11.229999542236328,11.229999542236328,8700,0.0,0.0
2018-06-25 00:00:00-04:00,11.180000305175781,11.369999885559082,10.890000343322754,11.319999694824219,15200,0.0,0.0
2018-06-26 00:00:00-04:00,11.270000457763672,11.529999732971191,11.149999618530273,11.399999618530273,35900,0.0,0.0
2018-06-27 00:00:00-04:00,11.5,11.5,11.1899995803833,11.399999618530273,6800,0.0,0.0
2018-06-28 00:00:00-04:00,11.319999694824219,11.479999542236328,11.149999618530273,11.25,10400,0.0,0.0
2018-06-29 00:00:00-04:00,11.140000343322754,11.300000190734863,11.050000190734863,11.100000381469727,3200,0.0,0.0
2018-07-02 00:00:00-04:00,10.989999771118164,11.3100004196167,10.850000381469727,10.960000038146973,2200,0.0,0.0
2018-07-03 00:00:00-04:00,11.039999961853027,11.039999961853027,10.90999984741211,10.989999771118164,600,0.0,0.0
2018-07-05 00:00:00-04:00,10.989999771118164,11.170000076293945,10.970000267028809,10.970000267028809,1300,0.0,0.0
2018-07-06 00:00:00-04:00,10.890000343322754,10.890000343322754,10.890000343322754,10.890000343322754,400,0.0,0.0
2018-07-09 00:00:00-04:00,10.84000015258789,10.949999809265137,10.65999984741211,10.90999984741211,7700,0.0,0.0
2018-07-10 00:00:00-04:00,10.930000305175781,11.350000381469727,10.930000305175781,11.199999809265137,8700,0.0,0.0
2018-07-11 00:00:00-04:00,11.210000038146973,11.25,10.859999656677246,11.0,8200,0.0,0.0
2018-07-12 00:00:00-04:00,11.09000015258789,11.210000038146973,11.010000228881836,11.069999694824219,6700,0.0,0.0
2018-07-13 00:00:00-04:00,11.210000038146973,11.350000381469727,11.029999732971191,11.039999961853027,7700,0.0,0.0
2018-07-16 00:00:00-04:00,11.0,11.079999923706055,11.0,11.010000228881836,4200,0.0,0.0
2018-07-17 00:00:00-04:00,11.010000228881836,11.1899995803833,11.010000228881836,11.010000228881836,2400,0.0,0.0
2018-07-18 00:00:00-04:00,11.0,11.0,11.0,11.0,300,0.0,0.0
2018-07-19 00:00:00-04:00,11.0600004196167,11.149999618530273,11.0,11.010000228881836,1000,0.0,0.0
2018-07-20 00:00:00-04:00,11.0,11.0,10.899999618530273,10.989999771118164,1000,0.0,0.0
2018-07-23 00:00:00-04:00,10.949999809265137,10.949999809265137,10.75,10.800000190734863,900,0.0,0.0
2018-07-24 00:00:00-04:00,10.770000457763672,11.0,10.770000457763672,10.8100004196167,3100,0.0,0.0
2018-07-25 00:00:00-04:00,10.649999618530273,10.649999618530273,10.350000381469727,10.350000381469727,10300,0.0,0.0
2018-07-26 00:00:00-04:00,10.25,10.34000015258789,10.220000267028809,10.239999771118164,5200,0.0,0.0
2018-07-27 00:00:00-04:00,10.390000343322754,10.390000343322754,10.369999885559082,10.369999885559082,400,0.0,0.0
2018-07-30 00:00:00-04:00,10.5,10.5,10.239999771118164,10.239999771118164,6100,0.0,0.0
2018-07-31 00:00:00-04:00,10.350000381469727,10.380000114440918,10.119999885559082,10.119999885559082,6400,0.0,0.0
2018-08-01 00:00:00-04:00,10.119999885559082,10.119999885559082,10.119999885559082,10.119999885559082,0,0.0,0.0
2018-08-02 00:00:00-04:00,10.100000381469727,10.100000381469727,9.010000228881836,9.600000381469727,57800,0.0,0.0
2018-08-03 00:00:00-04:00,9.319999694824219,9.779999732971191,9.239999771118164,9.350000381469727,13700,0.0,0.0
2018-08-06 00:00:00-04:00,9.380000114440918,9.649999618530273,9.350000381469727,9.550000190734863,1100,0.0,0.0
2018-08-07 00:00:00-04:00,9.789999961853027,9.789999961853027,9.550000190734863,9.59000015258789,2700,0.0,0.0
2018-08-08 00:00:00-04:00,9.630000114440918,9.84000015258789,8.260000228881836,8.260000228881836,23300,0.0,0.0
2018-08-09 00:00:00-04:00,8.199999809265137,8.220000267028809,7.71999979019165,7.980000019073486,9900,0.0,0.0
2018-08-10 00:00:00-04:00,8.029999732971191,8.09000015258789,7.559999942779541,7.590000152587891,18000,0.0,0.0
2018-08-13 00:00:00-04:00,7.409999847412109,7.409999847412109,7.260000228881836,7.309999942779541,9100,0.0,0.0
2018-08-14 00:00:00-04:00,7.539999961853027,7.539999961853027,6.920000076293945,7.28000020980835,55100,0.0,0.0
2018-08-15 00:00:00-04:00,7.190000057220459,7.690000057220459,7.0,7.190000057220459,30200,0.0,0.0
2018-08-16 00:00:00-04:00,7.179999828338623,7.389999866485596,7.150000095367432,7.179999828338623,9700,0.0,0.0
2018-08-17 00:00:00-04:00,7.010000228881836,7.099999904632568,6.889999866485596,7.059999942779541,9000,0.0,0.0
2018-08-20 00:00:00-04:00,7.159999847412109,7.159999847412109,7.0,7.0,10300,0.0,0.0
2018-08-21 00:00:00-04:00,7.0,7.28000020980835,6.760000228881836,6.829999923706055,22700,0.0,0.0
2018-08-22 00:00:00-04:00,6.900000095367432,7.53000020980835,6.900000095367432,7.53000020980835,74600,0.0,0.0
2018-08-23 00:00:00-04:00,7.53000020980835,7.840000152587891,7.389999866485596,7.809999942779541,11600,0.0,0.0
2018-08-24 00:00:00-04:00,7.860000133514404,7.869999885559082,7.650000095367432,7.789999961853027,2200,0.0,0.0
2018-08-27 00:00:00-04:00,8.079999923706055,8.359999656677246,7.800000190734863,8.119999885559082,37400,0.0,0.0
2018-08-28 00:00:00-04:00,8.479999542236328,8.649999618530273,8.3100004196167,8.399999618530273,18100,0.0,0.0
2018-08-29 00:00:00-04:00,8.600000381469727,8.760000228881836,8.5600004196167,8.75,2400,0.0,0.0
2018-08-30 00:00:00-04:00,8.800000190734863,8.819999694824219,8.460000038146973,8.5,4200,0.0,0.0
2018-08-31 00:00:00-04:00,8.359999656677246,8.609999656677246,8.359999656677246,8.59000015258789,500,0.0,0.0
2018-09-04 00:00:00-04:00,8.4399995803833,8.520000457763672,7.159999847412109,8.0,67400,0.0,0.0
2018-09-05 00:00:00-04:00,8.039999961853027,8.039999961853027,7.840000152587891,7.840000152587891,2100,0.0,0.0
2018-09-06 00:00:00-04:00,7.960000038146973,7.980000019073486,7.739999771118164,7.75,6000,0.0,0.0
2018-09-07 00:00:00-04:00,7.840000152587891,7.840000152587891,7.550000190734863,7.550000190734863,2800,0.0,0.0
2018-09-10 00:00:00-04:00,7.739999771118164,7.739999771118164,7.360000133514404,7.380000114440918,2600,0.0,0.0
2018-09-11 00:00:00-04:00,7.550000190734863,7.550000190734863,7.5,7.5,1400,0.0,0.0
2018-09-12 00:00:00-04:00,7.820000171661377,7.820000171661377,7.309999942779541,7.349999904632568,12400,0.0,0.0
2018-09-13 00:00:00-04:00,7.590000152587891,7.960000038146973,7.550000190734863,7.579999923706055,10700,0.0,0.0
2018-09-14 00:00:00-04:00,7.769999980926514,7.889999866485596,7.46999979019165,7.590000152587891,4000,0.0,0.0
2018-09-17 00:00:00-04:00,7.440000057220459,7.440000057220459,7.349999904632568,7.380000114440918,1600,0.0,0.0
2018-09-18 00:00:00-04:00,7.349999904632568,7.460000038146973,7.349999904632568,7.460000038146973,1100,0.0,0.0
2018-09-19 00:00:00-04:00,7.380000114440918,7.409999847412109,7.28000020980835,7.300000190734863,4200,0.0,0.0
2018-09-20 00:00:00-04:00,7.28000020980835,7.309999942779541,7.03000020980835,7.150000095367432,14400,0.0,0.0
2018-09-21 00:00:00-04:00,7.03000020980835,7.21999979019165,7.010000228881836,7.119999885559082,3200,0.0,0.0
2018-09-24 00:00:00-04:00,7.210000038146973,7.210000038146973,7.0,7.0,800,0.0,0.0
2018-09-25 00:00:00-04:00,6.96999979019165,7.369999885559082,6.900000095367432,7.090000152587891,31500,0.0,0.0
2018-09-26 00:00:00-04:00,7.25,7.409999847412109,7.099999904632568,7.400000095367432,1000,0.0,0.0
2018-09-27 00:00:00-04:00,7.260000228881836,7.519999980926514,7.260000228881836,7.369999885559082,800,0.0,0.0
2018-09-28 00:00:00-04:00,7.239999771118164,7.260000228881836,6.940000057220459,7.130000114440918,14400,0.0,0.0
2018-10-01 00:00:00-04:00,7.059999942779541,7.360000133514404,6.940000057220459,7.050000190734863,6200,0.0,0.0
2018-10-02 00:00:00-04:00,6.949999809265137,7.639999866485596,6.920000076293945,7.559999942779541,31600,0.0,0.0
2018-10-03 00:00:00-04:00,7.519999980926514,7.789999961853027,7.449999809265137,7.659999847412109,4300,0.0,0.0
2018-10-04 00:00:00-04:00,7.539999961853027,7.809999942779541,7.170000076293945,7.5,22400,0.0,0.0
2018-10-05 00:00:00-04:00,7.349999904632568,7.539999961853027,7.179999828338623,7.28000020980835,13200,0.0,0.0
2018-10-08 00:00:00-04:00,7.380000114440918,8.029999732971191,7.230000019073486,7.230000019073486,35300,0.0,0.0
2018-10-09 00:00:00-04:00,7.309999942779541,8.029999732971191,7.199999809265137,7.349999904632568,42300,0.0,0.0
2018-10-10 00:00:00-04:00,7.150000095367432,7.260000228881836,7.099999904632568,7.099999904632568,1500,0.0,0.0
2018-10-11 00:00:00-04:00,7.25,7.559999942779541,7.059999942779541,7.059999942779541,2700,0.0,0.0
2018-10-12 00:00:00-04:00,7.03000020980835,7.150000095367432,6.800000190734863,6.980000019073486,14600,0.0,0.0
2018-10-15 00:00:00-04:00,6.869999885559082,6.869999885559082,6.110000133514404,6.110000133514404,15000,0.0,0.0
2018-10-16 00:00:00-04:00,6.130000114440918,6.699999809265137,6.119999885559082,6.449999809265137,18800,0.0,0.0
2018-10-17 00:00:00-04:00,6.300000190734863,6.599999904632568,6.300000190734863,6.539999961853027,4700,0.0,0.0
2018-10-18 00:00:00-04:00,6.539999961853027,6.539999961853027,6.539999961853027,6.539999961853027,0,0.0,0.0
2018-10-19 00:00:00-04:00,6.480000019073486,6.489999771118164,6.199999809265137,6.489999771118164,1000,0.0,0.0
2018-10-22 00:00:00-04:00,6.349999904632568,6.369999885559082,6.329999923706055,6.329999923706055,8700,0.0,0.0
2018-10-23 00:00:00-04:00,6.320000171661377,6.329999923706055,6.0,6.0,2900,0.0,0.0
2018-10-24 00:00:00-04:00,5.889999866485596,5.889999866485596,5.699999809265137,5.699999809265137,8500,0.0,0.0
2018-10-25 00:00:00-04:00,5.690000057220459,5.690000057220459,5.489999771118164,5.5,10100,0.0,0.0
2018-10-26 00:00:00-04:00,5.309999942779541,5.78000020980835,5.21999979019165,5.380000114440918,2100,0.0,0.0
2018-10-29 00:00:00-04:00,5.429999828338623,5.449999809265137,5.349999904632568,5.449999809265137,7000,0.0,0.0
2018-10-30 00:00:00-04:00,5.570000171661377,5.639999866485596,5.570000171661377,5.639999866485596,500,0.0,0.0
2018-10-31 00:00:00-04:00,5.789999961853027,5.980000019073486,5.420000076293945,5.480000019073486,20900,0.0,0.0
2018-11-01 00:00:00-04:00,5.630000114440918,5.760000228881836,5.480000019073486,5.480000019073486,10800,0.0,0.0
2018-11-02 00:00:00-04:00,5.659999847412109,5.909999847412109,5.599999904632568,5.599999904632568,20400,0.0,0.0
2018-11-05 00:00:00-05:00,5.78000020980835,5.789999961853027,5.699999809265137,5.699999809265137,2300,0.0,0.0
2018-11-06 00:00:00-05:00,5.679999828338623,5.849999904632568,5.679999828338623,5.75,13400,0.0,0.0
2018-11-07 00:00:00-05:00,5.760000228881836,5.769999980926514,5.590000152587891,5.71999979019165,2400,0.0,0.0
2018-11-08 00:00:00-05:00,5.679999828338623,6.199999809265137,5.679999828338623,5.900000095367432,70300,0.0,0.0
2018-11-09 00:00:00-05:00,5.900000095367432,6.0,5.829999923706055,5.840000152587891,22100,0.0,0.0
2018-11-12 00:00:00-05:00,5.849999904632568,5.920000076293945,5.159999847412109,5.289999961853027,49700,0.0,0.0
2018-11-13 00:00:00-05:00,5.239999771118164,5.440000057220459,4.789999961853027,5.25,22300,0.0,0.0
2018-11-14 00:00:00-05:00,5.25,5.25,5.039999961853027,5.090000152587891,7700,0.0,0.0
2018-11-15 00:00:00-05:00,5.199999809265137,5.210000038146973,4.800000190734863,4.880000114440918,11100,0.0,0.0
2018-11-16 00:00:00-05:00,4.889999866485596,4.889999866485596,4.340000152587891,4.440000057220459,119700,0.0,0.0
2018-11-19 00:00:00-05:00,4.489999771118164,4.570000171661377,4.489999771118164,4.550000190734863,6600,0.0,0.0
2018-11-20 00:00:00-05:00,4.489999771118164,4.5,3.950000047683716,3.9800000190734863,22800,0.0,0.0
2018-11-21 00:00:00-05:00,4.0,4.0,3.9100000858306885,3.9100000858306885,8800,0.0,0.0
2018-11-23 00:00:00-05:00,3.940000057220459,3.950000047683716,3.5,3.549999952316284,10800,0.0,0.0
2018-11-26 00:00:00-05:00,3.559999942779541,4.0,3.559999942779541,3.8399999141693115,26900,0.0,0.0
2018-11-27 00:00:00-05:00,3.8499999046325684,3.880000114440918,3.5399999618530273,3.549999952316284,31600,0.0,0.0
2018-11-28 00:00:00-05:00,3.559999942779541,3.559999942779541,3.4000000953674316,3.4000000953674316,34300,0.0,0.0
2018-11-29 00:00:00-05:00,3.5199999809265137,3.559999942779541,3.309999942779541,3.4200000762939453,15000,0.0,0.0
2018-11-30 00:00:00-05:00,3.3299999237060547,3.5,3.2100000381469727,3.25,48900,0.0,0.0
2018-12-03 00:00:00-05:00,3.3299999237060547,3.3299999237060547,3.1600000858306885,3.1600000858306885,6400,0.0,0.0
2018-12-04 00:00:00-05:00,3.0999999046325684,3.140000104904175,2.990000009536743,3.0,15600,0.0,0.0
2018-12-06 00:00:00-05:00,2.990000009536743,3.119999885559082,2.859999895095825,2.950000047683716,24000,0.0,0.0
2018-12-07 00:00:00-05:00,2.9700000286102295,3.1500000953674316,2.799999952316284,2.799999952316284,34300,0.0,0.0
2018-12-10 00:00:00-05:00,2.8399999141693115,2.9100000858306885,2.700000047683716,2.880000114440918,57400,0.0,0.0
2018-12-11 00:00:00-05:00,2.869999885559082,3.799999952316284,2.869999885559082,3.3399999141693115,183200,0.0,0.0
2018-12-12 00:00:00-05:00,3.3399999141693115,3.3499999046325684,2.930000066757202,3.0799999237060547,40700,0.0,0.0
2018-12-13 00:00:00-05:00,3.059999942779541,3.109999895095825,2.9000000953674316,3.109999895095825,18900,0.0,0.0
2018-12-14 00:00:00-05:00,3.059999942779541,3.190000057220459,3.0199999809265137,3.0299999713897705,41700,0.0,0.0
2018-12-17 00:00:00-05:00,3.009999990463257,3.0299999713897705,2.75,2.759999990463257,40200,0.0,0.0
2018-12-18 00:00:00-05:00,2.6700000762939453,2.890000104904175,2.6700000762939453,2.7799999713897705,20200,0.0,0.0
2018-12-19 00:00:00-05:00,2.880000114440918,2.9100000858306885,2.799999952316284,2.809999942779541,12600,0.0,0.0
2018-12-20 00:00:00-05:00,2.880000114440918,2.950000047683716,2.5999999046325684,2.609999895095825,18700,0.0,0.0
2018-12-21 00:00:00-05:00,2.740000009536743,2.7699999809265137,2.549999952316284,2.559999942779541,16700,0.0,0.0
2018-12-24 00:00:00-05:00,2.680000066757202,2.680000066757202,2.5,2.5,25300,0.0,0.0
2018-12-26 00:00:00-05:00,2.430000066757202,2.7899999618530273,2.430000066757202,2.569999933242798,50600,0.0,0.0
2018-12-27 00:00:00-05:00,2.5,2.619999885559082,2.450000047683716,2.4600000381469727,52000,0.0,0.0
2018-12-28 00:00:00-05:00,2.4800000190734863,2.740000009536743,2.4800000190734863,2.5799999237060547,23300,0.0,0.0
2018-12-31 00:00:00-05:00,2.549999952316284,2.6500000953674316,2.4200000762939453,2.4200000762939453,70800,0.0,0.0
2019-01-02 00:00:00-05:00,2.5,3.0,2.380000114440918,2.990000009536743,24700,0.0,0.0
2019-01-03 00:00:00-05:00,3.0,3.2899999618530273,2.890000104904175,2.9600000381469727,8300,0.0,0.0
2019-01-04 00:00:00-05:00,3.1500000953674316,3.490000009536743,3.0999999046325684,3.490000009536743,58100,0.0,0.0
2019-01-07 00:00:00-05:00,3.5,3.680000066757202,3.390000104904175,3.6600000858306885,30700,0.0,0.0
2019-01-08 00:00:00-05:00,3.6600000858306885,3.6600000858306885,3.259999990463257,3.359999895095825,6200,0.0,0.0
2019-01-09 00:00:00-05:00,3.4000000953674316,3.5899999141693115,3.2300000190734863,3.5899999141693115,7700,0.0,0.0
2019-01-10 00:00:00-05:00,3.5399999618530273,3.549999952316284,3.130000114440918,3.359999895095825,3600,0.0,0.0
2019-01-11 00:00:00-05:00,3.3299999237060547,3.3399999141693115,3.130000114440918,3.200000047683716,4000,0.0,0.0
2019-01-14 00:00:00-05:00,3.049999952316284,3.2200000286102295,2.869999885559082,3.200000047683716,7100,0.0,0.0
2019-01-15 00:00:00-05:00,3.180000066757202,3.319999933242798,2.9000000953674316,2.9000000953674316,12800,0.0,0.0
2019-01-16 00:00:00-05:00,2.809999942779541,3.2300000190734863,2.809999942779541,3.190000057220459,21500,0.0,0.0
2019-01-17 00:00:00-05:00,3.2100000381469727,3.2799999713897705,3.059999942779541,3.1700000762939453,11000,0.0,0.0
2019-01-18 00:00:00-05:00,3.1600000858306885,3.3399999141693115,3.0199999809265137,3.25,6100,0.0,0.0
2019-01-22 00:00:00-05:00,3.190000057220459,3.25,2.890000104904175,3.0799999237060547,23900,0.0,0.0
2019-01-23 00:00:00-05:00,3.0999999046325684,3.140000104904175,2.9000000953674316,2.9000000953674316,3600,0.0,0.0
2019-01-24 00:00:00-05:00,2.9600000381469727,3.109999895095825,2.8299999237060547,3.0,6600,0.0,0.0
2019-01-25 00:00:00-05:00,3.0,3.2200000286102295,2.890000104904175,3.0,8300,0.0,0.0
2019-01-28 00:00:00-05:00,2.930000066757202,3.180000066757202,2.9000000953674316,3.009999990463257,10900,0.0,0.0
2019-01-29 00:00:00-05:00,3.1500000953674316,3.2699999809265137,3.0,3.009999990463257,4100,0.0,0.0
2019-01-30 00:00:00-05:00,3.049999952316284,3.2799999713897705,3.049999952316284,3.2799999713897705,18800,0.0,0.0
2019-01-31 00:00:00-05:00,3.25,3.359999895095825,3.1500000953674316,3.1500000953674316,2000,0.0,0.0
2019-02-01 00:00:00-05:00,3.109999895095825,3.109999895095825,3.049999952316284,3.0899999141693115,1400,0.0,0.0
2019-02-04 00:00:00-05:00,3.009999990463257,3.0999999046325684,2.9200000762939453,3.0199999809265137,11200,0.0,0.0
2019-02-05 00:00:00-05:00,2.9800000190734863,3.0199999809265137,2.8499999046325684,2.8499999046325684,5800,0.0,0.0
2019-02-06 00:00:00-05:00,3.0,3.069999933242798,2.9100000858306885,3.0399999618530273,2100,0.0,0.0
2019-02-07 00:00:00-05:00,3.0299999713897705,3.0999999046325684,2.950000047683716,3.0999999046325684,2900,0.0,0.0
2019-02-08 00:00:00-05:00,3.049999952316284,3.0899999141693115,2.880000114440918,2.990000009536743,10600,0.0,0.0
2019-02-11 00:00:00-05:00,3.0,3.0,2.880000114440918,2.950000047683716,1000,0.0,0.0
2019-02-12 00:00:00-05:00,3.059999942779541,3.2100000381469727,2.9800000190734863,3.109999895095825,7400,0.0,0.0
2019-02-13 00:00:00-05:00,3.2799999713897705,3.3299999237060547,3.240000009536743,3.2799999713897705,23100,0.0,0.0
2019-02-14 00:00:00-05:00,3.3399999141693115,3.3399999141693115,2.8499999046325684,3.140000104904175,25300,0.0,0.0
2019-02-15 00:00:00-05:00,3.240000009536743,3.25,3.180000066757202,3.180000066757202,600,0.0,0.0
2019-02-19 00:00:00-05:00,3.2799999713897705,3.369999885559082,3.109999895095825,3.1500000953674316,7700,0.0,0.0
2019-02-20 00:00:00-05:00,3.299999952316284,3.7699999809265137,3.2799999713897705,3.640000104904175,25900,0.0,0.0
2019-02-21 00:00:00-05:00,3.6600000858306885,3.7200000286102295,3.630000114440918,3.700000047683716,2600,0.0,0.0
2019-02-22 00:00:00-05:00,3.619999885559082,3.700000047683716,3.619999885559082,3.700000047683716,600,0.0,0.0
2019-02-25 00:00:00-05:00,3.6700000762939453,3.819999933242798,3.6700000762939453,3.7300000190734863,23100,0.0,0.0
2019-02-26 00:00:00-05:00,3.759999990463257,3.9000000953674316,3.759999990463257,3.8299999237060547,2900,0.0,0.0
2019-02-27 00:00:00-05:00,3.9700000286102295,3.9700000286102295,3.7799999713897705,3.9200000762939453,11700,0.0,0.0
2019-02-28 00:00:00-05:00,3.9000000953674316,3.950000047683716,3.9000000953674316,3.9200000762939453,6900,0.0,0.0
2019-03-01 00:00:00-05:00,3.950000047683716,3.9700000286102295,3.950000047683716,3.9600000381469727,3600,0.0,0.0
2019-03-04 00:00:00-05:00,3.9700000286102295,4.349999904632568,3.9700000286102295,4.179999828338623,9700,0.0,0.0
2019-03-05 00:00:00-05:00,4.349999904632568,4.389999866485596,4.079999923706055,4.099999904632568,10800,0.0,0.0
2019-03-06 00:00:00-05:00,4.130000114440918,4.28000020980835,4.119999885559082,4.25,11000,0.0,0.0
2019-03-07 00:00:00-05:00,4.460000038146973,4.460000038146973,4.179999828338623,4.25,16900,0.0,0.0
2019-03-08 00:00:00-05:00,4.179999828338623,4.199999809265137,4.050000190734863,4.099999904632568,1800,0.0,0.0
2019-03-11 00:00:00-04:00,3.940000057220459,4.079999923706055,3.940000057220459,4.050000190734863,14000,0.0,0.0
2019-03-12 00:00:00-04:00,4.059999942779541,4.090000152587891,3.819999933242798,4.070000171661377,8400,0.0,0.0
2019-03-13 00:00:00-04:00,4.019999980926514,4.050000190734863,3.9700000286102295,4.0,32400,0.0,0.0
2019-03-14 00:00:00-04:00,3.859999895095825,4.199999809265137,3.859999895095825,3.9000000953674316,19800,0.0,0.0
2019-03-15 00:00:00-04:00,3.7699999809265137,4.039999961853027,3.7699999809265137,3.950000047683716,7400,0.0,0.0
2019-03-18 00:00:00-04:00,3.9800000190734863,4.0,3.880000114440918,3.890000104904175,12000,0.0,0.0
2019-03-19 00:00:00-04:00,3.880000114440918,3.950000047683716,3.8499999046325684,3.859999895095825,9700,0.0,0.0
2019-03-20 00:00:00-04:00,3.940000057220459,3.940000057220459,3.809999942779541,3.8399999141693115,800,0.0,0.0
2019-03-21 00:00:00-04:00,3.7699999809265137,3.940000057220459,3.75,3.890000104904175,3800,0.0,0.0
2019-03-22 00:00:00-04:00,3.9000000953674316,3.9000000953674316,3.75,3.75,3700,0.0,0.0
2019-03-25 00:00:00-04:00,3.880000114440918,3.890000104904175,3.5799999237060547,3.7100000381469727,3200,0.0,0.0
2019-03-26 00:00:00-04:00,3.7699999809265137,3.819999933242798,3.700000047683716,3.7899999618530273,2000,0.0,0.0
2019-03-27 00:00:00-04:00,3.6700000762939453,3.8399999141693115,3.630000114440918,3.680000066757202,7600,0.0,0.0
2019-03-28 00:00:00-04:00,3.5399999618530273,3.680000066757202,3.5399999618530273,3.549999952316284,6100,0.0,0.0
2019-03-29 00:00:00-04:00,3.509999990463257,3.5899999141693115,3.509999990463257,3.569999933242798,2300,0.0,0.0
2019-04-01 00:00:00-04:00,3.690000057220459,3.799999952316284,3.6700000762939453,3.7100000381469727,2500,0.0,0.0
2019-04-02 00:00:00-04:00,3.7200000286102295,3.7200000286102295,3.569999933242798,3.5799999237060547,4000,0.0,0.0
2019-04-03 00:00:00-04:00,3.6600000858306885,3.6600000858306885,3.5,3.569999933242798,6100,0.0,0.0
2019-04-04 00:00:00-04:00,3.5999999046325684,3.700000047683716,3.5999999046325684,3.700000047683716,1700,0.0,0.0
2019-04-05 00:00:00-04:00,3.700000047683716,3.700000047683716,3.680000066757202,3.680000066757202,1400,0.0,0.0
2019-04-08 00:00:00-04:00,3.7200000286102295,3.8299999237060547,3.7200000286102295,3.75,1000,0.0,0.0
2019-04-09 00:00:00-04:00,3.759999990463257,3.759999990463257,3.700000047683716,3.700000047683716,700,0.0,0.0
2019-04-10 00:00:00-04:00,3.759999990463257,3.759999990463257,3.559999942779541,3.559999942779541,1100,0.0,0.0
2019-04-11 00:00:00-04:00,3.5899999141693115,3.680000066757202,3.559999942779541,3.559999942779541,1800,0.0,0.0
2019-04-12 00:00:00-04:00,3.5899999141693115,3.5999999046325684,3.5899999141693115,3.5899999141693115,1000,0.0,0.0
2019-04-15 00:00:00-04:00,3.569999933242798,3.569999933242798,3.569999933242798,3.569999933242798,300,0.0,0.0
2019-04-16 00:00:00-04:00,3.680000066757202,3.680000066757202,3.559999942779541,3.559999942779541,500,0.0,0.0
2019-04-17 00:00:00-04:00,3.5899999141693115,3.6500000953674316,3.5799999237060547,3.5999999046325684,2200,0.0,0.0
2019-04-18 00:00:00-04:00,3.5899999141693115,3.609999895095825,3.569999933242798,3.569999933242798,900,0.0,0.0
2019-04-22 00:00:00-04:00,3.559999942779541,3.7300000190734863,3.5,3.7300000190734863,16800,0.0,0.0
2019-04-23 00:00:00-04:00,3.7300000190734863,3.809999942779541,3.700000047683716,3.759999990463257,93600,0.0,0.0
2019-04-24 00:00:00-04:00,3.759999990463257,3.7699999809265137,3.5999999046325684,3.5999999046325684,1900,0.0,0.0
2019-04-25 00:00:00-04:00,3.700000047683716,3.700000047683716,3.5,3.5,2000,0.0,0.0
2019-04-26 00:00:00-04:00,3.4800000190734863,3.509999990463257,3.440000057220459,3.450000047683716,6600,0.0,0.0
2019-04-29 00:00:00-04:00,3.5399999618530273,3.5399999618530273,3.380000114440918,3.380000114440918,1700,0.0,0.0
2019-04-30 00:00:00-04:00,3.380000114440918,3.380000114440918,3.380000114440918,3.380000114440918,500,0.0,0.0
2019-05-01 00:00:00-04:00,3.380000114440918,3.390000104904175,3.240000009536743,3.240000009536743,3900,0.0,0.0
2019-05-02 00:00:00-04:00,3.1600000858306885,3.2200000286102295,3.069999933242798,3.1500000953674316,7000,0.0,0.0
2019-05-03 00:00:00-04:00,3.109999895095825,3.109999895095825,3.009999990463257,3.009999990463257,3700,0.0,0.0
2019-05-06 00:00:00-04:00,3.0,3.109999895095825,3.0,3.0299999713897705,3300,0.0,0.0
2019-05-07 00:00:00-04:00,3.119999885559082,3.2200000286102295,3.109999895095825,3.1500000953674316,3500,0.0,0.0
2019-05-08 00:00:00-04:00,3.0999999046325684,3.3299999237060547,3.0999999046325684,3.2899999618530273,47600,0.0,0.0
2019-05-09 00:00:00-04:00,3.380000114440918,3.380000114440918,3.2799999713897705,3.2799999713897705,1900,0.0,0.0
2019-05-10 00:00:00-04:00,3.3399999141693115,3.3399999141693115,3.2899999618530273,3.2899999618530273,800,0.0,0.0
2019-05-13 00:00:00-04:00,3.200000047683716,3.200000047683716,2.9100000858306885,2.9100000858306885,2200,0.0,0.0
2019-05-14 00:00:00-04:00,2.8299999237060547,3.380000114440918,2.700000047683716,3.200000047683716,27000,0.0,0.0
2019-05-15 00:00:00-04:00,3.1700000762939453,3.1700000762939453,3.0899999141693115,3.0899999141693115,1600,0.0,0.0
2019-05-16 00:00:00-04:00,3.0299999713897705,3.0299999713897705,3.0,3.0,800,0.0,0.0
2019-05-17 00:00:00-04:00,2.9200000762939453,2.9800000190734863,2.9200000762939453,2.9800000190734863,400,0.0,0.0
2019-05-20 00:00:00-04:00,2.930000066757202,3.130000114440918,2.930000066757202,3.130000114440918,1100,0.0,0.0
2019-05-21 00:00:00-04:00,3.119999885559082,3.119999885559082,3.109999895095825,3.109999895095825,1200,0.0,0.0
2019-05-22 00:00:00-04:00,3.240000009536743,3.259999990463257,3.240000009536743,3.25,1800,0.0,0.0
2019-05-23 00:00:00-04:00,3.049999952316284,3.299999952316284,3.049999952316284,3.299999952316284,1400,0.0,0.0
2019-05-24 00:00:00-04:00,3.380000114440918,3.450000047683716,3.380000114440918,3.450000047683716,1900,0.0,0.0
2019-05-28 00:00:00-04:00,3.369999885559082,3.369999885559082,3.3499999046325684,3.3499999046325684,1300,0.0,0.0
2019-05-29 00:00:00-04:00,3.2899999618530273,3.299999952316284,3.2799999713897705,3.2799999713897705,2300,0.0,0.0
2019-05-30 00:00:00-04:00,3.130000114440918,3.140000104904175,3.069999933242798,3.069999933242798,2600,0.0,0.0
2019-05-31 00:00:00-04:00,3.049999952316284,3.049999952316284,2.9200000762939453,2.9200000762939453,3700,0.0,0.0
2019-06-03 00:00:00-04:00,3.049999952316284,3.049999952316284,2.9600000381469727,3.0,1600,0.0,0.0
2019-06-04 00:00:00-04:00,3.0,3.0,2.930000066757202,2.930000066757202,1900,0.0,0.0
2019-06-05 00:00:00-04:00,2.940000057220459,2.940000057220459,2.930000066757202,2.930000066757202,1500,0.0,0.0
2019-06-06 00:00:00-04:00,2.930000066757202,2.930000066757202,2.930000066757202,2.930000066757202,100,0.0,0.0
2019-06-07 00:00:00-04:00,2.9100000858306885,2.9100000858306885,2.759999990463257,2.759999990463257,2200,0.0,0.0
2019-06-10 00:00:00-04:00,2.700000047683716,2.8399999141693115,2.700000047683716,2.809999942779541,1000,0.0,0.0
2019-06-11 00:00:00-04:00,2.799999952316284,2.799999952316284,2.7799999713897705,2.7799999713897705,4800,0.0,0.0
2019-06-12 00:00:00-04:00,2.7799999713897705,2.7799999713897705,2.7799999713897705,2.7799999713897705,100,0.0,0.0
2019-06-13 00:00:00-04:00,2.700000047683716,2.700000047683716,2.690000057220459,2.690000057220459,400,0.0,0.0
2019-06-14 00:00:00-04:00,2.690000057220459,2.690000057220459,2.640000104904175,2.640000104904175,2000,0.0,0.0
2019-06-17 00:00:00-04:00,2.640000104904175,2.640000104904175,2.640000104904175,2.640000104904175,100,0.0,0.0
2019-06-18 00:00:00-04:00,2.6500000953674316,2.6600000858306885,2.5999999046325684,2.5999999046325684,7700,0.0,0.0
2019-06-19 00:00:00-04:00,2.5999999046325684,2.5999999046325684,2.5999999046325684,2.5999999046325684,200,0.0,0.0
2019-06-20 00:00:00-04:00,2.6600000858306885,2.6600000858306885,2.4800000190734863,2.4800000190734863,1500,0.0,0.0
2019-06-21 00:00:00-04:00,2.5999999046325684,2.5999999046325684,2.569999933242798,2.569999933242798,1700,0.0,0.0
2019-06-24 00:00:00-04:00,2.5,2.5899999141693115,2.4600000381469727,2.5799999237060547,1600,0.0,0.0
2019-06-25 00:00:00-04:00,2.5799999237060547,2.5799999237060547,2.5199999809265137,2.5199999809265137,1200,0.0,0.0
2019-06-26 00:00:00-04:00,2.549999952316284,2.559999942779541,2.450000047683716,2.450000047683716,4000,0.0,0.0
2019-06-27 00:00:00-04:00,2.5,2.7899999618530273,2.440000057220459,2.440000057220459,11200,0.0,0.0
2019-06-28 00:00:00-04:00,2.440000057220459,2.4800000190734863,2.200000047683716,2.200000047683716,14500,0.0,0.0
2019-07-01 00:00:00-04:00,2.3399999141693115,2.430000066757202,2.3399999141693115,2.3499999046325684,6900,0.0,0.0
2019-07-02 00:00:00-04:00,2.4100000858306885,2.430000066757202,2.369999885559082,2.430000066757202,4300,0.0,0.0
2019-07-03 00:00:00-04:00,2.549999952316284,2.619999885559082,2.490000009536743,2.5799999237060547,4100,0.0,0.0
2019-07-05 00:00:00-04:00,2.609999895095825,2.7300000190734863,2.609999895095825,2.7300000190734863,2500,0.0,0.0
2019-07-08 00:00:00-04:00,2.680000066757202,2.7200000286102295,2.6700000762939453,2.7200000286102295,1000,0.0,0.0
2019-07-09 00:00:00-04:00,2.7300000190734863,2.799999952316284,2.700000047683716,2.700000047683716,1000,0.0,0.0
2019-07-10 00:00:00-04:00,2.819999933242798,2.819999933242798,2.7699999809265137,2.7799999713897705,6400,0.0,0.0
2019-07-11 00:00:00-04:00,2.819999933242798,2.8399999141693115,2.819999933242798,2.8399999141693115,700,0.0,0.0
2019-07-12 00:00:00-04:00,2.859999895095825,2.9100000858306885,2.809999942779541,2.809999942779541,5200,0.0,0.0
2019-07-15 00:00:00-04:00,2.809999942779541,2.809999942779541,2.75,2.75,1300,0.0,0.0
2019-07-16 00:00:00-04:00,2.799999952316284,2.809999942779541,2.75,2.759999990463257,600,0.0,0.0
2019-07-17 00:00:00-04:00,2.7799999713897705,2.7799999713897705,2.7799999713897705,2.7799999713897705,800,0.0,0.0
2019-07-18 00:00:00-04:00,2.9200000762939453,2.9200000762939453,2.7699999809265137,2.799999952316284,800,0.0,0.0
2019-07-19 00:00:00-04:00,2.7200000286102295,2.7200000286102295,2.7200000286102295,2.7200000286102295,100,0.0,0.0
2019-07-22 00:00:00-04:00,2.7200000286102295,2.7200000286102295,2.7200000286102295,2.7200000286102295,200,0.0,0.0
2019-07-23 00:00:00-04:00,2.7699999809265137,2.7699999809265137,2.7699999809265137,2.7699999809265137,600,0.0,0.0
2019-07-24 00:00:00-04:00,2.640000104904175,2.7899999618530273,2.640000104904175,2.7899999618530273,900,0.0,0.0
2019-07-25 00:00:00-04:00,2.7899999618530273,2.7899999618530273,2.7899999618530273,2.7899999618530273,100,0.0,0.0
2019-07-26 00:00:00-04:00,2.799999952316284,2.8399999141693115,2.799999952316284,2.819999933242798,1000,0.0,0.0
2019-07-29 00:00:00-04:00,2.7899999618530273,2.9100000858306885,2.7899999618530273,2.8499999046325684,4600,0.0,0.0
2019-07-30 00:00:00-04:00,2.950000047683716,2.950000047683716,2.809999942779541,2.950000047683716,1000,0.0,0.0
2019-07-31 00:00:00-04:00,2.950000047683716,2.950000047683716,2.9000000953674316,2.9000000953674316,4200,0.0,0.0
2019-08-01 00:00:00-04:00,2.950000047683716,2.950000047683716,2.9000000953674316,2.9000000953674316,100,0.0,0.0
2019-08-02 00:00:00-04:00,2.75,2.809999942779541,2.75,2.809999942779541,2400,0.0,0.0
2019-08-05 00:00:00-04:00,2.7699999809265137,2.7699999809265137,2.75,2.75,500,0.0,0.0
2019-08-06 00:00:00-04:00,2.75,2.75,2.7100000381469727,2.7300000190734863,1000,0.0,0.0
2019-08-07 00:00:00-04:00,2.690000057220459,2.7200000286102295,2.630000114440918,2.7200000286102295,2300,0.0,0.0
2019-08-08 00:00:00-04:00,2.700000047683716,2.700000047683716,2.6700000762939453,2.6700000762939453,3600,0.0,0.0
2019-08-09 00:00:00-04:00,2.75,3.3399999141693115,2.75,3.319999933242798,21500,0.0,0.0
2019-08-12 00:00:00-04:00,3.2699999809265137,3.4000000953674316,3.2699999809265137,3.4000000953674316,5400,0.0,0.0
2019-08-13 00:00:00-04:00,3.299999952316284,3.4000000953674316,3.0999999046325684,3.1500000953674316,4400,0.0,0.0
2019-08-14 00:00:00-04:00,3.109999895095825,3.109999895095825,3.109999895095825,3.109999895095825,300,0.0,0.0
2019-08-15 00:00:00-04:00,3.109999895095825,3.109999895095825,3.109999895095825,3.109999895095825,200,0.0,0.0
2019-08-16 00:00:00-04:00,3.049999952316284,3.140000104904175,3.049999952316284,3.0999999046325684,1700,0.0,0.0
2019-08-19 00:00:00-04:00,3.259999990463257,3.259999990463257,3.130000114440918,3.130000114440918,1200,0.0,0.0
2019-08-20 00:00:00-04:00,3.0,3.2300000190734863,3.0,3.2300000190734863,1500,0.0,0.0
2019-08-21 00:00:00-04:00,3.0899999141693115,3.380000114440918,2.7799999713897705,3.380000114440918,119500,0.0,0.0
2019-08-22 00:00:00-04:00,3.380000114440918,3.380000114440918,3.240000009536743,3.3499999046325684,3100,0.0,0.0
2019-08-23 00:00:00-04:00,3.359999895095825,3.4000000953674316,3.3499999046325684,3.4000000953674316,4500,0.0,0.0
2019-08-26 00:00:00-04:00,3.490000009536743,3.619999885559082,3.490000009536743,3.559999942779541,31300,0.0,0.0
2019-08-27 00:00:00-04:00,3.609999895095825,3.609999895095825,3.5199999809265137,3.5199999809265137,1600,0.0,0.0
2019-08-28 00:00:00-04:00,3.6700000762939453,3.680000066757202,3.5199999809265137,3.5199999809265137,23100,0.0,0.0
2019-08-29 00:00:00-04:00,3.6700000762939453,3.690000057220459,3.640000104904175,3.640000104904175,5100,0.0,0.0
2019-08-30 00:00:00-04:00,3.569999933242798,3.6600000858306885,3.3399999141693115,3.6600000858306885,10500,0.0,0.0
2019-09-03 00:00:00-04:00,3.619999885559082,3.880000114440918,3.619999885559082,3.8499999046325684,13600,0.0,0.0
2019-09-04 00:00:00-04:00,3.8499999046325684,3.8499999046325684,3.8499999046325684,3.8499999046325684,5300,0.0,0.0
2019-09-05 00:00:00-04:00,3.8499999046325684,3.8499999046325684,3.8499999046325684,3.8499999046325684,0,0.0,0.0
2019-09-06 00:00:00-04:00,3.8499999046325684,3.8499999046325684,3.799999952316284,3.799999952316284,500,0.0,0.0
2019-09-09 00:00:00-04:00,3.799999952316284,3.8299999237060547,3.75,3.7799999713897705,33700,0.0,0.0
2019-09-10 00:00:00-04:00,3.700000047683716,3.700000047683716,3.700000047683716,3.700000047683716,400,0.0,0.0
2019-09-11 00:00:00-04:00,3.7699999809265137,3.8499999046325684,3.630000114440918,3.8399999141693115,4600,0.0,0.0
2019-09-12 00:00:00-04:00,3.8499999046325684,3.9700000286102295,3.7200000286102295,3.7300000190734863,51400,0.0,0.0
2019-09-13 00:00:00-04:00,3.630000114440918,3.75,3.630000114440918,3.640000104904175,2300,0.0,0.0
2019-09-16 00:00:00-04:00,3.8299999237060547,3.8299999237060547,3.259999990463257,3.259999990463257,4600,0.0,0.0
2019-09-17 00:00:00-04:00,3.240000009536743,3.569999933242798,3.1700000762939453,3.549999952316284,8300,0.0,0.0
2019-09-18 00:00:00-04:00,3.4700000286102295,3.619999885559082,3.0999999046325684,3.0999999046325684,10800,0.0,0.0
2019-09-19 00:00:00-04:00,3.049999952316284,3.259999990463257,3.0,3.2200000286102295,12900,0.0,0.0
2019-09-20 00:00:00-04:00,3.1500000953674316,3.4800000190734863,2.990000009536743,3.369999885559082,19200,0.0,0.0
2019-09-23 00:00:00-04:00,3.2300000190734863,3.559999942779541,3.2300000190734863,3.450000047683716,4100,0.0,0.0
2019-09-24 00:00:00-04:00,3.5799999237060547,3.5799999237060547,3.4000000953674316,3.4100000858306885,3200,0.0,0.0
2019-09-25 00:00:00-04:00,3.3499999046325684,3.450000047683716,3.2899999618530273,3.2899999618530273,5800,0.0,0.0
2019-09-26 00:00:00-04:00,3.319999933242798,3.549999952316284,3.309999942779541,3.549999952316284,1800,0.0,0.0
2019-09-27 00:00:00-04:00,3.4800000190734863,3.5299999713897705,3.2799999713897705,3.299999952316284,7300,0.0,0.0
2019-09-30 00:00:00-04:00,3.200000047683716,3.200000047683716,2.7799999713897705,3.049999952316284,15100,0.0,0.0
2019-10-01 00:00:00-04:00,3.140000104904175,3.180000066757202,3.109999895095825,3.1600000858306885,1500,0.0,0.0
2019-10-02 00:00:00-04:00,3.069999933242798,3.25,3.069999933242798,3.0799999237060547,1500,0.0,0.0
2019-10-03 00:00:00-04:00,3.130000114440918,3.130000114440918,3.009999990463257,3.119999885559082,700,0.0,0.0
2019-10-04 00:00:00-04:00,3.190000057220459,3.190000057220459,3.1500000953674316,3.1500000953674316,2000,0.0,0.0
2019-10-07 00:00:00-04:00,3.180000066757202,3.2799999713897705,2.940000057220459,2.9600000381469727,3900,0.0,0.0
2019-10-08 00:00:00-04:00,2.859999895095825,2.990000009536743,2.8499999046325684,2.8499999046325684,1800,0.0,0.0
2019-10-09 00:00:00-04:00,2.950000047683716,2.950000047683716,2.8299999237060547,2.8499999046325684,2600,0.0,0.0
2019-10-10 00:00:00-04:00,2.890000104904175,2.9000000953674316,2.6500000953674316,2.7200000286102295,5700,0.0,0.0
2019-10-11 00:00:00-04:00,2.5899999141693115,2.809999942779541,2.5899999141693115,2.809999942779541,1100,0.0,0.0
2019-10-14 00:00:00-04:00,2.809999942779541,2.809999942779541,2.809999942779541,2.809999942779541,0,0.0,0.0
2019-10-15 00:00:00-04:00,2.740000009536743,2.9100000858306885,2.740000009536743,2.880000114440918,2800,0.0,0.0
2019-10-16 00:00:00-04:00,2.880000114440918,2.880000114440918,2.7799999713897705,2.7799999713897705,500,0.0,0.0
2019-10-17 00:00:00-04:00,2.690000057220459,2.700000047683716,2.690000057220459,2.700000047683716,400,0.0,0.0
2019-10-18 00:00:00-04:00,2.7200000286102295,2.740000009536743,2.619999885559082,2.740000009536743,1100,0.0,0.0
2019-10-21 00:00:00-04:00,2.7300000190734863,2.7300000190734863,2.559999942779541,2.559999942779541,23000,0.0,0.0
2019-10-22 00:00:00-04:00,2.5999999046325684,2.5999999046325684,2.569999933242798,2.569999933242798,400,0.0,0.0
2019-10-23 00:00:00-04:00,2.5299999713897705,2.569999933242798,2.5299999713897705,2.549999952316284,600,0.0,0.0
2019-10-24 00:00:00-04:00,2.549999952316284,2.7100000381469727,2.549999952316284,2.569999933242798,18400,0.0,0.0
2019-10-25 00:00:00-04:00,2.640000104904175,2.7200000286102295,2.5899999141693115,2.6700000762939453,27300,0.0,0.0
2019-10-28 00:00:00-04:00,2.700000047683716,2.7200000286102295,2.569999933242798,2.630000114440918,21400,0.0,0.0
2019-10-29 00:00:00-04:00,2.690000057220459,2.690000057220459,2.549999952316284,2.549999952316284,24000,0.0,0.0
2019-10-30 00:00:00-04:00,2.609999895095825,2.6700000762939453,2.609999895095825,2.640000104904175,1100,0.0,0.0
2019-10-31 00:00:00-04:00,2.6600000858306885,2.6700000762939453,2.5999999046325684,2.6700000762939453,600,0.0,0.0
2019-11-01 00:00:00-04:00,2.5199999809265137,2.6500000953674316,2.5,2.6500000953674316,18600,0.0,0.0
2019-11-04 00:00:00-05:00,2.5899999141693115,2.6500000953674316,2.569999933242798,2.6500000953674316,13700,0.0,0.0
2019-11-05 00:00:00-05:00,2.7200000286102295,2.799999952316284,2.5799999237060547,2.640000104904175,6300,0.0,0.0
2019-11-06 00:00:00-05:00,2.7100000381469727,2.7100000381469727,2.6700000762939453,2.6700000762939453,500,0.0,0.0
2019-11-07 00:00:00-05:00,2.640000104904175,2.7899999618530273,2.640000104904175,2.740000009536743,1500,0.0,0.0
2019-11-08 00:00:00-05:00,2.7300000190734863,2.7699999809265137,2.6600000858306885,2.700000047683716,2300,0.0,0.0
2019-11-11 00:00:00-05:00,2.7300000190734863,2.890000104904175,2.7300000190734863,2.890000104904175,1200,0.0,0.0
2019-11-12 00:00:00-05:00,2.940000057220459,3.0399999618530273,2.890000104904175,2.890000104904175,24500,0.0,0.0
2019-11-13 00:00:00-05:00,2.9000000953674316,3.0899999141693115,2.9000000953674316,2.940000057220459,6200,0.0,0.0
2019-11-14 00:00:00-05:00,2.799999952316284,2.799999952316284,2.7899999618530273,2.7899999618530273,8600,0.0,0.0
2019-11-15 00:00:00-05:00,2.809999942779541,2.8499999046325684,2.700000047683716,2.8499999046325684,500,0.0,0.0
2019-11-18 00:00:00-05:00,3.0199999809265137,3.1500000953674316,3.009999990463257,3.0199999809265137,14500,0.0,0.0
2019-11-19 00:00:00-05:00,3.049999952316284,3.049999952316284,2.9600000381469727,3.009999990463257,5100,0.0,0.0
2019-11-20 00:00:00-05:00,2.9000000953674316,3.200000047683716,2.809999942779541,3.059999942779541,53500,0.0,0.0
2019-11-21 00:00:00-05:00,3.1700000762939453,3.190000057220459,3.049999952316284,3.130000114440918,46100,0.0,0.0
2019-11-22 00:00:00-05:00,3.180000066757202,3.4000000953674316,3.180000066757202,3.2699999809265137,7900,0.0,0.0
2019-11-25 00:00:00-05:00,3.25,3.25,3.0899999141693115,3.0899999141693115,1400,0.0,0.0
2019-11-26 00:00:00-05:00,3.0399999618530273,3.0399999618530273,3.009999990463257,3.009999990463257,300,0.0,0.0
2019-11-27 00:00:00-05:00,3.0,3.0,2.930000066757202,2.930000066757202,2600,0.0,0.0
2019-11-29 00:00:00-05:00,2.990000009536743,2.990000009536743,2.869999885559082,2.940000057220459,1400,0.0,0.0
2019-12-02 00:00:00-05:00,3.0899999141693115,3.0899999141693115,2.9000000953674316,2.9000000953674316,3700,0.0,0.0
2019-12-03 00:00:00-05:00,2.9100000858306885,3.009999990463257,2.9100000858306885,2.9800000190734863,300,0.0,0.0
2019-12-04 00:00:00-05:00,2.9000000953674316,3.1700000762939453,2.9000000953674316,3.009999990463257,24100,0.0,0.0
2019-12-05 00:00:00-05:00,3.0799999237060547,3.190000057220459,3.0799999237060547,3.1700000762939453,2800,0.0,0.0
2019-12-06 00:00:00-05:00,3.25,3.25,3.0799999237060547,3.0899999141693115,6600,0.0,0.0
2019-12-09 00:00:00-05:00,3.0199999809265137,3.049999952316284,2.930000066757202,2.9700000286102295,6300,0.0,0.0
2019-12-10 00:00:00-05:00,2.9000000953674316,3.140000104904175,2.8499999046325684,3.0899999141693115,1000,0.0,0.0
2019-12-11 00:00:00-05:00,2.950000047683716,3.0299999713897705,2.950000047683716,3.009999990463257,2400,0.0,0.0
2019-12-12 00:00:00-05:00,2.890000104904175,3.119999885559082,2.890000104904175,3.049999952316284,11000,0.0,0.0
2019-12-13 00:00:00-05:00,3.0899999141693115,3.0999999046325684,3.0,3.0999999046325684,1400,0.0,0.0
2019-12-16 00:00:00-05:00,3.1500000953674316,3.1700000762939453,2.7799999713897705,2.890000104904175,5500,0.0,0.0
2019-12-17 00:00:00-05:00,3.009999990463257,3.119999885559082,3.0,3.109999895095825,14000,0.0,0.0
2019-12-18 00:00:00-05:00,3.049999952316284,3.450000047683716,2.940000057220459,3.450000047683716,45200,0.0,0.0
2019-12-19 00:00:00-05:00,3.369999885559082,3.5299999713897705,3.369999885559082,3.5,13800,0.0,0.0
2019-12-20 00:00:00-05:00,3.5299999713897705,3.5999999046325684,3.3499999046325684,3.450000047683716,14200,0.0,0.0
2019-12-23 00:00:00-05:00,3.2899999618530273,3.700000047683716,3.140000104904175,3.700000047683716,28500,0.0,0.0
2019-12-24 00:00:00-05:00,3.690000057220459,3.690000057220459,3.440000057220459,3.4600000381469727,4100,0.0,0.0
2019-12-26 00:00:00-05:00,3.5399999618530273,3.5399999618530273,3.309999942779541,3.450000047683716,10200,0.0,0.0
2019-12-27 00:00:00-05:00,3.490000009536743,3.5,3.450000047683716,3.4600000381469727,1000,0.0,0.0
2019-12-30 00:00:00-05:00,3.4200000762939453,3.700000047683716,3.2200000286102295,3.690000057220459,11400,0.0,0.0
2019-12-31 00:00:00-05:00,3.5799999237060547,3.5999999046325684,3.559999942779541,3.5799999237060547,1600,0.0,0.0
2020-01-02 00:00:00-05:00,3.450000047683716,3.5999999046325684,3.450000047683716,3.5999999046325684,1500,0.0,0.0
2020-01-03 00:00:00-05:00,3.619999885559082,3.630000114440918,3.5899999141693115,3.5899999141693115,1800,0.0,0.0
2020-01-06 00:00:00-05:00,3.640000104904175,3.6500000953674316,3.609999895095825,3.6500000953674316,600,0.0,0.0
2020-01-07 00:00:00-05:00,3.630000114440918,3.6500000953674316,3.630000114440918,3.6500000953674316,2600,0.0,0.0
2020-01-08 00:00:00-05:00,3.640000104904175,3.700000047683716,3.640000104904175,3.700000047683716,2600,0.0,0.0
2020-01-09 00:00:00-05:00,3.690000057220459,3.690000057220459,3.6600000858306885,3.6600000858306885,300,0.0,0.0
2020-01-10 00:00:00-05:00,3.6600000858306885,3.6600000858306885,3.6600000858306885,3.6600000858306885,0,0.0,0.0
2020-01-13 00:00:00-05:00,3.6700000762939453,3.6700000762939453,3.6500000953674316,3.6600000858306885,1000,0.0,0.0
2020-01-14 00:00:00-05:00,3.6600000858306885,3.6600000858306885,3.6600000858306885,3.6600000858306885,0,0.0,0.0
2020-01-15 00:00:00-05:00,3.5799999237060547,3.5799999237060547,3.4800000190734863,3.549999952316284,17700,0.0,0.0
2020-01-16 00:00:00-05:00,3.549999952316284,3.640000104904175,3.549999952316284,3.630000114440918,18900,0.0,0.0
2020-01-17 00:00:00-05:00,3.630000114440918,3.630000114440918,3.630000114440918,3.630000114440918,0,0.0,0.0
2020-01-21 00:00:00-05:00,3.4800000190734863,3.5199999809265137,3.4000000953674316,3.4100000858306885,2700,0.0,0.0
2020-01-22 00:00:00-05:00,3.5199999809265137,3.559999942779541,3.3499999046325684,3.359999895095825,2900,0.0,0.0
2020-01-23 00:00:00-05:00,3.5,3.5,3.4700000286102295,3.4800000190734863,700,0.0,0.0
2020-01-24 00:00:00-05:00,3.440000057220459,3.5399999618530273,3.440000057220459,3.5299999713897705,400,0.0,0.0
2020-01-27 00:00:00-05:00,3.5299999713897705,3.5299999713897705,3.5299999713897705,3.5299999713897705,0,0.0,0.0
2020-01-28 00:00:00-05:00,3.430000066757202,3.569999933242798,3.430000066757202,3.490000009536743,600,0.0,0.0
2020-01-29 00:00:00-05:00,3.569999933242798,3.5799999237060547,3.569999933242798,3.5799999237060547,300,0.0,0.0
2020-01-30 00:00:00-05:00,3.5799999237060547,3.5799999237060547,3.5799999237060547,3.5799999237060547,0,0.0,0.0
2020-01-31 00:00:00-05:00,3.4800000190734863,3.569999933242798,3.4800000190734863,3.569999933242798,400,0.0,0.0
2020-02-03 00:00:00-05:00,3.4800000190734863,3.640000104904175,3.4800000190734863,3.5999999046325684,900,0.0,0.0
2020-02-04 00:00:00-05:00,3.5899999141693115,3.6500000953674316,3.509999990463257,3.5799999237060547,1300,0.0,0.0
2020-02-05 00:00:00-05:00,3.4600000381469727,3.549999952316284,3.4600000381469727,3.549999952316284,2000,0.0,0.0
2020-02-06 00:00:00-05:00,3.549999952316284,3.549999952316284,3.549999952316284,3.549999952316284,0,0.0,0.0
2020-02-07 00:00:00-05:00,3.569999933242798,3.569999933242798,3.549999952316284,3.549999952316284,1500,0.0,0.0
2020-02-10 00:00:00-05:00,3.549999952316284,3.549999952316284,3.549999952316284,3.549999952316284,0,0.0,0.0
2020-02-11 00:00:00-05:00,3.5399999618530273,3.549999952316284,3.4200000762939453,3.5199999809265137,5000,0.0,0.0
2020-02-12 00:00:00-05:00,3.5,3.5,3.5,3.5,1600,0.0,0.0
2020-02-13 00:00:00-05:00,3.440000057220459,3.450000047683716,3.4000000953674316,3.4000000953674316,4000,0.0,0.0
2020-02-14 00:00:00-05:00,3.4800000190734863,3.4800000190734863,3.380000114440918,3.380000114440918,900,0.0,0.0
2020-02-18 00:00:00-05:00,3.25,3.25,3.200000047683716,3.200000047683716,600,0.0,0.0
2020-02-19 00:00:00-05:00,3.2300000190734863,3.2300000190734863,3.180000066757202,3.180000066757202,600,0.0,0.0
2020-02-20 00:00:00-05:00,3.1500000953674316,3.2300000190734863,3.1500000953674316,3.2300000190734863,500,0.0,0.0
2020-02-21 00:00:00-05:00,3.2300000190734863,3.2300000190734863,3.2300000190734863,3.2300000190734863,0,0.0,0.0
2020-02-24 00:00:00-05:00,3.2300000190734863,3.2300000190734863,3.2300000190734863,3.2300000190734863,0,0.0,0.0
2020-02-25 00:00:00-05:00,3.1700000762939453,3.1700000762939453,2.950000047683716,3.0,3400,0.0,0.0
2020-02-26 00:00:00-05:00,3.109999895095825,3.109999895095825,2.9800000190734863,2.990000009536743,8200,0.0,0.0
2020-02-27 00:00:00-05:00,2.9800000190734863,3.0399999618530273,2.9800000190734863,3.0,1700,0.0,0.0
2020-02-28 00:00:00-05:00,3.049999952316284,3.049999952316284,2.9800000190734863,2.9800000190734863,5900,0.0,0.0
2020-03-02 00:00:00-05:00,2.9700000286102295,3.0,2.9700000286102295,2.990000009536743,500,0.0,0.0
2020-03-03 00:00:00-05:00,2.990000009536743,2.990000009536743,2.990000009536743,2.990000009536743,0,0.0,0.0
2020-03-04 00:00:00-05:00,2.9100000858306885,2.9100000858306885,2.9100000858306885,2.9100000858306885,100,0.0,0.0
2020-03-05 00:00:00-05:00,2.990000009536743,2.990000009536743,2.799999952316284,2.799999952316284,2200,0.0,0.0
2020-03-06 00:00:00-05:00,2.759999990463257,2.759999990463257,2.7300000190734863,2.7300000190734863,11300,0.0,0.0
2020-03-09 00:00:00-04:00,2.5899999141693115,2.880000114440918,2.059999942779541,2.880000114440918,12600,0.0,0.0
2020-03-10 00:00:00-04:00,2.7300000190734863,3.009999990463257,2.6700000762939453,2.869999885559082,5800,0.0,0.0
2020-03-11 00:00:00-04:00,2.7200000286102295,2.740000009536743,2.7100000381469727,2.740000009536743,1500,0.0,0.0
2020-03-12 00:00:00-04:00,2.5199999809265137,2.5399999618530273,2.5199999809265137,2.5399999618530273,1300,0.0,0.0
2020-03-13 00:00:00-04:00,2.5899999141693115,2.8499999046325684,2.5899999141693115,2.8499999046325684,10600,0.0,0.0
2020-03-16 00:00:00-04:00,2.8499999046325684,2.9200000762939453,2.6500000953674316,2.700000047683716,32800,0.0,0.0
2020-03-17 00:00:00-04:00,2.630000114440918,2.690000057220459,2.509999990463257,2.5199999809265137,16100,0.0,0.0
2020-03-18 00:00:00-04:00,2.4000000953674316,2.430000066757202,2.049999952316284,2.130000114440918,6200,0.0,0.0
2020-03-19 00:00:00-04:00,2.1500000953674316,2.1500000953674316,1.649999976158142,2.0199999809265137,31000,0.0,0.0
2020-03-20 00:00:00-04:00,2.2699999809265137,2.2699999809265137,1.75,1.75,8700,0.0,0.0
2020-03-23 00:00:00-04:00,1.899999976158142,1.9700000286102295,1.7200000286102295,1.7599999904632568,29100,0.0,0.0
2020-03-24 00:00:00-04:00,1.8799999952316284,1.8799999952316284,1.7000000476837158,1.7100000381469727,18100,0.0,0.0
2020-03-25 00:00:00-04:00,1.75,1.7999999523162842,1.7000000476837158,1.7100000381469727,35800,0.0,0.0
2020-03-26 00:00:00-04:00,1.7100000381469727,1.7100000381469727,1.6399999856948853,1.6399999856948853,1900,0.0,0.0
2020-03-27 00:00:00-04:00,1.5,1.6200000047683716,1.5,1.5,23100,0.0,0.0
2020-03-30 00:00:00-04:00,1.659999966621399,1.659999966621399,1.5499999523162842,1.5800000429153442,25600,0.0,0.0
2020-03-31 00:00:00-04:00,1.649999976158142,1.7400000095367432,1.4500000476837158,1.5700000524520874,26400,0.0,0.0
2020-04-01 00:00:00-04:00,1.600000023841858,1.600000023841858,1.159999966621399,1.1799999475479126,46400,0.0,0.0
2020-04-02 00:00:00-04:00,1.3300000429153442,1.3300000429153442,1.1100000143051147,1.1699999570846558,57000,0.0,0.0
2020-04-03 00:00:00-04:00,1.2000000476837158,1.2799999713897705,1.100000023841858,1.1799999475479126,42900,0.0,0.0
2020-04-06 00:00:00-04:00,1.2200000286102295,1.3600000143051147,1.2200000286102295,1.3600000143051147,50200,0.0,0.0
2020-04-07 00:00:00-04:00,1.3799999952316284,1.5099999904632568,1.3600000143051147,1.5,24700,0.0,0.0
2020-04-08 00:00:00-04:00,1.4600000381469727,1.5099999904632568,1.4500000476837158,1.4600000381469727,6800,0.0,0.0
2020-04-09 00:00:00-04:00,1.399999976158142,2.0799999237060547,1.399999976158142,1.7899999618530273,42500,0.0,0.0
2020-04-13 00:00:00-04:00,1.8700000047683716,2.109999895095825,1.8300000429153442,2.069999933242798,15700,0.0,0.0
2020-04-14 00:00:00-04:00,2.200000047683716,2.390000104904175,2.200000047683716,2.240000009536743,25200,0.0,0.0
2020-04-15 00:00:00-04:00,2.200000047683716,2.200000047683716,1.9700000286102295,2.0,20100,0.0,0.0
2020-04-16 00:00:00-04:00,2.0,2.0899999141693115,1.899999976158142,1.899999976158142,17600,0.0,0.0
2020-04-17 00:00:00-04:00,2.0999999046325684,2.0999999046325684,1.899999976158142,1.899999976158142,3000,0.0,0.0
2020-04-20 00:00:00-04:00,1.9900000095367432,2.0799999237060547,1.9199999570846558,1.9199999570846558,13700,0.0,0.0
2020-04-21 00:00:00-04:00,1.899999976158142,1.909999966621399,1.7100000381469727,1.899999976158142,18900,0.0,0.0
2020-04-22 00:00:00-04:00,1.9600000381469727,1.9900000095367432,1.8300000429153442,1.850000023841858,16300,0.0,0.0
2020-04-23 00:00:00-04:00,1.899999976158142,1.9500000476837158,1.7799999713897705,1.8899999856948853,6900,0.0,0.0
2020-04-24 00:00:00-04:00,1.9199999570846558,1.9500000476837158,1.8799999952316284,1.909999966621399,7700,0.0,0.0
2020-04-27 00:00:00-04:00,1.850000023841858,1.850000023841858,1.7100000381469727,1.850000023841858,2900,0.0,0.0
2020-04-28 00:00:00-04:00,1.7899999618530273,1.7899999618530273,1.7599999904632568,1.7799999713897705,5800,0.0,0.0
2020-04-29 00:00:00-04:00,1.7200000286102295,2.0399999618530273,1.5800000429153442,1.899999976158142,28100,0.0,0.0
2020-04-30 00:00:00-04:00,2.049999952316284,2.319999933242798,1.9299999475479126,2.059999942779541,13800,0.0,0.0
2020-05-01 00:00:00-04:00,2.1600000858306885,2.380000114440918,2.109999895095825,2.109999895095825,39500,0.0,0.0
2020-05-04 00:00:00-04:00,2.309999942779541,2.369999885559082,2.2100000381469727,2.2899999618530273,25600,0.0,0.0
2020-05-05 00:00:00-04:00,2.2100000381469727,2.3399999141693115,2.0299999713897705,2.069999933242798,22700,0.0,0.0
2020-05-06 00:00:00-04:00,2.2200000286102295,2.25,2.109999895095825,2.2200000286102295,13800,0.0,0.0
2020-05-07 00:00:00-04:00,2.299999952316284,2.299999952316284,2.049999952316284,2.200000047683716,34700,0.0,0.0
2020-05-08 00:00:00-04:00,2.2799999713897705,2.619999885559082,2.2200000286102295,2.5,24000,0.0,0.0
2020-05-11 00:00:00-04:00,2.5999999046325684,2.7899999618530273,2.4800000190734863,2.4800000190734863,25000,0.0,0.0
2020-05-12 00:00:00-04:00,2.509999990463257,2.690000057220459,2.3499999046325684,2.369999885559082,11900,0.0,0.0
2020-05-13 00:00:00-04:00,2.3299999237060547,2.5,2.130000114440918,2.2300000190734863,8000,0.0,0.0
2020-05-14 00:00:00-04:00,2.3499999046325684,2.5,2.3499999046325684,2.430000066757202,21000,0.0,0.0
2020-05-15 00:00:00-04:00,2.5399999618530273,2.6500000953674316,2.130000114440918,2.369999885559082,23100,0.0,0.0
2020-05-18 00:00:00-04:00,2.4700000286102295,2.490000009536743,2.25,2.380000114440918,31400,0.0,0.0
2020-05-19 00:00:00-04:00,2.450000047683716,2.5999999046325684,2.3299999237060547,2.4200000762939453,55000,0.0,0.0
2020-05-20 00:00:00-04:00,2.4600000381469727,2.509999990463257,2.2200000286102295,2.380000114440918,59400,0.0,0.0
2020-05-21 00:00:00-04:00,2.380000114440918,2.5,2.299999952316284,2.299999952316284,25500,0.0,0.0
2020-05-22 00:00:00-04:00,2.200000047683716,2.440000057220459,2.190000057220459,2.4000000953674316,32900,0.0,0.0
2020-05-26 00:00:00-04:00,2.299999952316284,2.4800000190734863,2.25,2.4000000953674316,101300,0.0,0.0
2020-05-27 00:00:00-04:00,2.299999952316284,2.390000104904175,2.25,2.2899999618530273,69300,0.0,0.0
2020-05-28 00:00:00-04:00,2.309999942779541,2.390000104904175,2.130000114440918,2.259999990463257,55800,0.0,0.0
2020-05-29 00:00:00-04:00,2.25,2.369999885559082,2.0799999237060547,2.2799999713897705,101000,0.0,0.0
2020-06-01 00:00:00-04:00,2.2799999713897705,2.440000057220459,2.25,2.430000066757202,69400,0.0,0.0
2020-06-02 00:00:00-04:00,2.4200000762939453,2.5399999618530273,2.4100000858306885,2.4100000858306885,34900,0.0,0.0
2020-06-03 00:00:00-04:00,2.4000000953674316,2.7799999713897705,2.4000000953674316,2.6700000762939453,91000,0.0,0.0
2020-06-04 00:00:00-04:00,2.799999952316284,3.140000104904175,2.799999952316284,3.119999885559082,53600,0.0,0.0
2020-06-05 00:00:00-04:00,3.369999885559082,3.5,3.180000066757202,3.200000047683716,79900,0.0,0.0
2020-06-08 00:00:00-04:00,3.299999952316284,3.299999952316284,3.009999990463257,3.130000114440918,53000,0.0,0.0
2020-06-09 00:00:00-04:00,3.0399999618530273,3.0999999046325684,3.0,3.0999999046325684,15500,0.0,0.0
2020-06-10 00:00:00-04:00,3.059999942779541,3.059999942779541,2.7300000190734863,3.0,35000,0.0,0.0
2020-06-11 00:00:00-04:00,2.880000114440918,2.9100000858306885,2.5,2.5999999046325684,34300,0.0,0.0
2020-06-12 00:00:00-04:00,2.6700000762939453,2.809999942779541,2.619999885559082,2.7699999809265137,17900,0.0,0.0
2020-06-15 00:00:00-04:00,2.690000057220459,3.2100000381469727,2.680000066757202,3.200000047683716,50500,0.0,0.0
2020-06-16 00:00:00-04:00,3.4000000953674316,3.4000000953674316,2.990000009536743,3.0399999618530273,49700,0.0,0.0
2020-06-17 00:00:00-04:00,2.950000047683716,3.059999942779541,2.869999885559082,2.880000114440918,10300,0.0,0.0
2020-06-18 00:00:00-04:00,2.880000114440918,3.2100000381469727,2.8299999237060547,3.200000047683716,25600,0.0,0.0
2020-06-19 00:00:00-04:00,3.200000047683716,3.319999933242798,2.9700000286102295,3.0999999046325684,25700,0.0,0.0
2020-06-22 00:00:00-04:00,3.2100000381469727,3.2100000381469727,2.9200000762939453,3.0999999046325684,30000,0.0,0.0
2020-06-23 00:00:00-04:00,3.190000057220459,3.390000104904175,3.009999990463257,3.059999942779541,123400,0.0,0.0
2020-06-24 00:00:00-04:00,3.1500000953674316,3.2899999618530273,3.069999933242798,3.1500000953674316,55100,0.0,0.0
2020-06-25 00:00:00-04:00,3.2200000286102295,3.2200000286102295,3.1600000858306885,3.200000047683716,19300,0.0,0.0
2020-06-26 00:00:00-04:00,3.2799999713897705,3.309999942779541,3.0199999809265137,3.0899999141693115,37500,0.0,0.0
2020-06-29 00:00:00-04:00,3.200000047683716,3.2100000381469727,2.799999952316284,3.0999999046325684,68200,0.0,0.0
2020-06-30 00:00:00-04:00,3.0999999046325684,3.0999999046325684,2.940000057220459,3.0399999618530273,49300,0.0,0.0
2020-07-01 00:00:00-04:00,3.0299999713897705,3.119999885559082,2.950000047683716,3.0399999618530273,22200,0.0,0.0
2020-07-02 00:00:00-04:00,3.0899999141693115,3.119999885559082,3.0,3.0299999713897705,29900,0.0,0.0
2020-07-06 00:00:00-04:00,3.0399999618530273,3.069999933242798,2.7300000190734863,2.890000104904175,34900,0.0,0.0
2020-07-07 00:00:00-04:00,2.8399999141693115,2.880000114440918,2.5799999237060547,2.700000047683716,40200,0.0,0.0
2020-07-08 00:00:00-04:00,2.6600000858306885,2.940000057220459,2.6600000858306885,2.940000057220459,43600,0.0,0.0
2020-07-09 00:00:00-04:00,2.950000047683716,2.9700000286102295,2.7300000190734863,2.75,13300,0.0,0.0
2020-07-10 00:00:00-04:00,2.6500000953674316,2.7899999618530273,2.5999999046325684,2.690000057220459,12600,0.0,0.0
2020-07-13 00:00:00-04:00,1.5499999523162842,3.5,1.5499999523162842,2.0,10800,0.0,0.0
2020-07-14 00:00:00-04:00,1.899999976158142,2.2699999809265137,1.100000023841858,1.3600000143051147,228100,0.0,0.0
2020-07-15 00:00:00-04:00,1.75,2.0,1.75,1.899999976158142,213500,0.0,0.0
2020-07-16 00:00:00-04:00,1.899999976158142,2.009999990463257,1.8300000429153442,1.909999966621399,278000,0.0,0.0
2020-07-17 00:00:00-04:00,1.8899999856948853,2.119999885559082,1.850000023841858,2.0,7600,0.0,0.0
2020-07-20 00:00:00-04:00,1.9500000476837158,1.9500000476837158,1.8799999952316284,1.909999966621399,27000,0.0,0.0
2020-07-21 00:00:00-04:00,1.9500000476837158,2.049999952316284,1.9199999570846558,1.9600000381469727,12000,0.0,0.0
2020-07-22 00:00:00-04:00,2.0299999713897705,2.1500000953674316,2.0299999713897705,2.049999952316284,29600,0.0,0.0
2020-07-23 00:00:00-04:00,2.0899999141693115,2.0899999141693115,2.0199999809265137,2.049999952316284,1400,0.0,0.0
2020-07-24 00:00:00-04:00,2.0399999618530273,2.069999933242798,2.0,2.059999942779541,1100,0.0,0.0
2020-07-27 00:00:00-04:00,2.049999952316284,2.5999999046325684,1.909999966621399,1.9900000095367432,7200,0.0,0.0
2020-07-28 00:00:00-04:00,1.840000033378601,1.9500000476837158,1.7999999523162842,1.8700000047683716,20800,0.0,0.0
2020-07-29 00:00:00-04:00,1.7999999523162842,1.809999942779541,1.7000000476837158,1.7000000476837158,12400,0.0,0.0
2020-07-30 00:00:00-04:00,1.690000057220459,1.840000033378601,1.690000057220459,1.7999999523162842,56200,0.0,0.0
2020-07-31 00:00:00-04:00,1.7999999523162842,2.1700000762939453,1.7999999523162842,2.1700000762939453,10300,0.0,0.0
2020-08-03 00:00:00-04:00,1.9299999475479126,2.1700000762939453,1.9299999475479126,2.1500000953674316,7900,0.0,0.0
2020-08-04 00:00:00-04:00,1.899999976158142,2.009999990463257,1.8200000524520874,1.9199999570846558,16700,0.0,0.0
2020-08-05 00:00:00-04:00,1.7100000381469727,1.909999966621399,1.7100000381469727,1.7999999523162842,7300,0.0,0.0
2020-08-06 00:00:00-04:00,1.7899999618530273,1.940000057220459,1.7799999713897705,1.850000023841858,23400,0.0,0.0
2020-08-07 00:00:00-04:00,1.7999999523162842,1.899999976158142,1.7999999523162842,1.850000023841858,11600,0.0,0.0
2020-08-10 00:00:00-04:00,1.850000023841858,2.049999952316284,1.7799999713897705,1.8899999856948853,32900,0.0,0.0
2020-08-11 00:00:00-04:00,1.7799999713897705,1.899999976158142,1.7799999713897705,1.8899999856948853,5700,0.0,0.0
2020-08-12 00:00:00-04:00,1.8799999952316284,1.8799999952316284,1.8600000143051147,1.8600000143051147,10100,0.0,0.0
2020-08-13 00:00:00-04:00,1.909999966621399,2.049999952316284,1.8700000047683716,2.049999952316284,25300,0.0,0.0
2020-08-14 00:00:00-04:00,1.8700000047683716,2.049999952316284,1.8700000047683716,1.9700000286102295,9200,0.0,0.0
2020-08-17 00:00:00-04:00,1.9700000286102295,2.0,1.899999976158142,1.899999976158142,6100,0.0,0.0
2020-08-18 00:00:00-04:00,1.940000057220459,2.200000047683716,1.8700000047683716,1.940000057220459,5900,0.0,0.0
2020-08-19 00:00:00-04:00,1.9800000190734863,2.049999952316284,1.8700000047683716,2.009999990463257,66300,0.0,0.0
2020-08-20 00:00:00-04:00,2.0,2.0,2.0,2.0,400,0.0,0.0
2020-08-21 00:00:00-04:00,1.8300000429153442,1.940000057220459,1.8300000429153442,1.850000023841858,42400,0.0,0.0
2020-08-24 00:00:00-04:00,1.850000023841858,1.8700000047683716,1.850000023841858,1.8600000143051147,12900,0.0,0.0
2020-08-25 00:00:00-04:00,1.8300000429153442,1.8300000429153442,1.7999999523162842,1.8200000524520874,1000,0.0,0.0
2020-08-26 00:00:00-04:00,1.8200000524520874,2.009999990463257,1.7799999713897705,1.7999999523162842,38400,0.0,0.0
2020-08-27 00:00:00-04:00,1.7999999523162842,1.7999999523162842,1.7599999904632568,1.7599999904632568,13100,0.0,0.0
2020-08-28 00:00:00-04:00,1.7699999809265137,1.7699999809265137,1.75,1.75,8000,0.0,0.0
2020-08-31 00:00:00-04:00,1.75,1.75,1.649999976158142,1.649999976158142,2000,0.0,0.0
2020-09-01 00:00:00-04:00,1.649999976158142,1.7999999523162842,1.5,1.7899999618530273,3800,0.0,0.0
2020-09-02 00:00:00-04:00,1.7400000095367432,1.7899999618530273,1.7000000476837158,1.7899999618530273,13200,0.0,0.0
2020-09-03 00:00:00-04:00,1.5199999809265137,1.7699999809265137,1.5199999809265137,1.7599999904632568,2900,0.0,0.0
2020-09-04 00:00:00-04:00,1.7200000286102295,1.7599999904632568,1.5,1.75,5800,0.0,0.0
2020-09-08 00:00:00-04:00,1.600000023841858,1.809999942779541,1.600000023841858,1.809999942779541,4300,0.0,0.0
2020-09-09 00:00:00-04:00,1.9500000476837158,1.9500000476837158,1.9299999475479126,1.9299999475479126,1900,0.0,0.0
2020-09-10 00:00:00-04:00,1.5099999904632568,1.909999966621399,1.5099999904632568,1.8799999952316284,1000,0.0,0.0
2020-09-11 00:00:00-04:00,1.8799999952316284,1.8799999952316284,1.8799999952316284,1.8799999952316284,0,0.0,0.0
2020-09-14 00:00:00-04:00,1.7799999713897705,2.0,1.7799999713897705,1.9299999475479126,16400,0.0,0.0
2020-09-15 00:00:00-04:00,1.9299999475479126,1.9299999475479126,1.9299999475479126,1.9299999475479126,0,0.0,0.0
2020-09-16 00:00:00-04:00,1.100000023841858,1.9900000095367432,1.100000023841858,1.9600000381469727,10800,0.0,0.0
2020-09-17 00:00:00-04:00,1.9199999570846558,1.9600000381469727,1.4500000476837158,1.9600000381469727,4300,0.0,0.0
2020-09-18 00:00:00-04:00,1.9600000381469727,1.9600000381469727,1.9600000381469727,1.9600000381469727,0,0.0,0.0
2020-09-21 00:00:00-04:00,1.899999976158142,1.899999976158142,1.899999976158142,1.899999976158142,1200,0.0,0.0
2020-09-22 00:00:00-04:00,1.940000057220459,1.940000057220459,1.690000057220459,1.7899999618530273,600,0.0,0.0
2020-09-23 00:00:00-04:00,1.7999999523162842,1.7999999523162842,1.7999999523162842,1.7999999523162842,500,0.0,0.0
2020-09-24 00:00:00-04:00,1.649999976158142,1.7899999618530273,1.6299999952316284,1.7899999618530273,8000,0.0,0.0
2020-09-25 00:00:00-04:00,1.7799999713897705,1.809999942779541,1.7699999809265137,1.7899999618530273,12400,0.0,0.0
2020-09-28 00:00:00-04:00,1.809999942779541,1.8600000143051147,1.809999942779541,1.8600000143051147,22000,0.0,0.0
2020-09-29 00:00:00-04:00,1.899999976158142,2.0,1.899999976158142,2.0,4100,0.0,0.0
2020-09-30 00:00:00-04:00,2.0399999618530273,2.059999942779541,2.009999990463257,2.059999942779541,13400,0.0,0.0
2020-10-01 00:00:00-04:00,2.0799999237060547,2.0799999237060547,1.9700000286102295,2.0,14500,0.0,0.0
2020-10-02 00:00:00-04:00,2.0,2.059999942779541,2.0,2.0,6300,0.0,0.0
2020-10-05 00:00:00-04:00,2.0,2.0,1.9700000286102295,1.9700000286102295,6300,0.0,0.0
2020-10-06 00:00:00-04:00,2.0,2.0,2.0,2.0,1300,0.0,0.0
2020-10-07 00:00:00-04:00,2.0,2.0899999141693115,2.0,2.0899999141693115,7500,0.0,0.0
2020-10-08 00:00:00-04:00,2.0999999046325684,2.0999999046325684,1.9500000476837158,1.9500000476837158,14600,0.0,0.0
2020-10-09 00:00:00-04:00,1.9500000476837158,1.9500000476837158,1.899999976158142,1.899999976158142,11700,0.0,0.0
2020-10-12 00:00:00-04:00,2.0399999618530273,2.0399999618530273,1.899999976158142,2.009999990463257,700,0.0,0.0
2020-10-13 00:00:00-04:00,2.059999942779541,2.059999942779541,2.0,2.0,1000,0.0,0.0
2020-10-14 00:00:00-04:00,2.0,2.0,2.0,2.0,300,0.0,0.0
2020-10-15 00:00:00-04:00,2.0,2.0,2.0,2.0,1100,0.0,0.0
2020-10-16 00:00:00-04:00,2.0,2.0,2.0,2.0,100,0.0,0.0
2020-10-19 00:00:00-04:00,1.9500000476837158,2.049999952316284,1.9500000476837158,2.049999952316284,1700,0.0,0.0
2020-10-20 00:00:00-04:00,1.9500000476837158,2.0399999618530273,1.9500000476837158,1.9500000476837158,4800,0.0,0.0
2020-10-21 00:00:00-04:00,1.9500000476837158,2.049999952316284,1.9500000476837158,2.049999952316284,2600,0.0,0.0
2020-10-22 00:00:00-04:00,1.9500000476837158,2.0,1.9500000476837158,1.9500000476837158,6600,0.0,0.0
2020-10-23 00:00:00-04:00,1.9500000476837158,2.009999990463257,1.9500000476837158,2.0,7200,0.0,0.0
2020-10-26 00:00:00-04:00,2.0,2.0,2.0,2.0,2200,0.0,0.0
2020-10-27 00:00:00-04:00,2.0,2.0,2.0,2.0,0,0.0,0.0
2020-10-28 00:00:00-04:00,2.0,2.0,2.0,2.0,2900,0.0,0.0
2020-10-29 00:00:00-04:00,2.0,2.0,1.840000033378601,2.0,45000,0.0,0.0
2020-10-30 00:00:00-04:00,2.0,2.0,2.0,2.0,300,0.0,0.0
2020-11-02 00:00:00-05:00,2.0,2.0199999809265137,1.899999976158142,2.0199999809265137,13700,0.0,0.0
2020-11-03 00:00:00-05:00,2.0,2.0,1.9500000476837158,1.9500000476837158,33900,0.0,0.0
2020-11-04 00:00:00-05:00,2.0399999618530273,2.0399999618530273,1.9500000476837158,1.9500000476837158,700,0.0,0.0
2020-11-05 00:00:00-05:00,1.9500000476837158,2.059999942779541,1.9500000476837158,2.059999942779541,12100,0.0,0.0
2020-11-06 00:00:00-05:00,2.0,2.0,2.0,2.0,2300,0.0,0.0
2020-11-09 00:00:00-05:00,2.0899999141693115,2.0899999141693115,2.0199999809265137,2.059999942779541,7100,0.0,0.0
2020-11-10 00:00:00-05:00,2.0899999141693115,2.0899999141693115,2.0899999141693115,2.0899999141693115,200,0.0,0.0
2020-11-11 00:00:00-05:00,2.049999952316284,2.069999933242798,2.0,2.069999933242798,1000,0.0,0.0
2020-11-12 00:00:00-05:00,2.0199999809265137,2.0899999141693115,2.0199999809265137,2.0899999141693115,4000,0.0,0.0
2020-11-13 00:00:00-05:00,2.0899999141693115,2.1500000953674316,2.069999933242798,2.1500000953674316,11800,0.0,0.0
2020-11-16 00:00:00-05:00,2.109999895095825,2.450000047683716,2.049999952316284,2.450000047683716,7900,0.0,0.0
2020-11-17 00:00:00-05:00,2.4100000858306885,2.4100000858306885,2.4100000858306885,2.4100000858306885,2200,0.0,0.0
2020-11-18 00:00:00-05:00,2.109999895095825,2.299999952316284,2.109999895095825,2.299999952316284,2300,0.0,0.0
2020-11-19 00:00:00-05:00,2.299999952316284,2.4000000953674316,2.1700000762939453,2.3499999046325684,46800,0.0,0.0
2020-11-20 00:00:00-05:00,2.2200000286102295,2.2699999809265137,2.180000066757202,2.180000066757202,5600,0.0,0.0
2020-11-23 00:00:00-05:00,2.2300000190734863,2.390000104904175,2.190000057220459,2.2899999618530273,62300,0.0,0.0
2020-11-24 00:00:00-05:00,2.2899999618530273,2.4000000953674316,2.2899999618530273,2.4000000953674316,31800,0.0,0.0
2020-11-25 00:00:00-05:00,2.3499999046325684,2.3499999046325684,2.25,2.299999952316284,16400,0.0,0.0
2020-11-27 00:00:00-05:00,2.3499999046325684,2.4000000953674316,2.3499999046325684,2.4000000953674316,4600,0.0,0.0
2020-11-30 00:00:00-05:00,2.4000000953674316,2.4000000953674316,2.359999895095825,2.4000000953674316,22800,0.0,0.0
2020-12-01 00:00:00-05:00,2.490000009536743,2.490000009536743,2.4100000858306885,2.450000047683716,5800,0.0,0.0
2020-12-02 00:00:00-05:00,2.4200000762939453,2.440000057220459,2.3499999046325684,2.440000057220459,11500,0.0,0.0
2020-12-03 00:00:00-05:00,2.440000057220459,2.450000047683716,2.440000057220459,2.450000047683716,1700,0.0,0.0
2020-12-04 00:00:00-05:00,2.450000047683716,2.6500000953674316,2.2300000190734863,2.6500000953674316,19400,0.0,0.0
2020-12-07 00:00:00-05:00,2.3399999141693115,2.6500000953674316,2.3399999141693115,2.5899999141693115,20800,0.0,0.0
2020-12-08 00:00:00-05:00,2.430000066757202,2.75,2.430000066757202,2.700000047683716,20600,0.0,0.0
2020-12-09 00:00:00-05:00,2.7799999713897705,2.7799999713897705,2.680000066757202,2.700000047683716,15200,0.0,0.0
2020-12-10 00:00:00-05:00,2.75,2.75,2.5999999046325684,2.5999999046325684,16400,0.0,0.0
2020-12-11 00:00:00-05:00,2.5999999046325684,2.6600000858306885,2.5799999237060547,2.5999999046325684,10100,0.0,0.0
2020-12-14 00:00:00-05:00,2.700000047683716,2.75,2.549999952316284,2.569999933242798,14700,0.0,0.0
2020-12-15 00:00:00-05:00,2.75,2.75,2.559999942779541,2.5999999046325684,23200,0.0,0.0
2020-12-16 00:00:00-05:00,2.5999999046325684,2.5999999046325684,2.5399999618530273,2.5899999141693115,1500,0.0,0.0
2020-12-17 00:00:00-05:00,2.5399999618530273,2.549999952316284,2.5,2.5,5900,0.0,0.0
2020-12-18 00:00:00-05:00,2.549999952316284,2.5999999046325684,2.549999952316284,2.549999952316284,10800,0.0,0.0
2020-12-21 00:00:00-05:00,2.990000009536743,2.990000009536743,2.4800000190734863,2.5,17000,0.0,0.0
2020-12-22 00:00:00-05:00,2.5399999618530273,2.5999999046325684,2.5,2.5999999046325684,2300,0.0,0.0
2020-12-23 00:00:00-05:00,2.5999999046325684,2.5999999046325684,2.5399999618530273,2.5799999237060547,3300,0.0,0.0
2020-12-24 00:00:00-05:00,2.5199999809265137,2.5799999237060547,2.5,2.549999952316284,11200,0.0,0.0
2020-12-28 00:00:00-05:00,2.5399999618530273,2.5999999046325684,2.4600000381469727,2.5999999046325684,18800,0.0,0.0
2020-12-29 00:00:00-05:00,2.549999952316284,2.5999999046325684,2.5,2.569999933242798,3800,0.0,0.0
2020-12-30 00:00:00-05:00,2.5299999713897705,2.5999999046325684,2.5,2.5999999046325684,6400,0.0,0.0
2020-12-31 00:00:00-05:00,2.5799999237060547,2.75,2.5799999237060547,2.75,43000,0.0,0.0
2021-01-04 00:00:00-05:00,2.75,2.990000009536743,2.75,2.990000009536743,600,0.0,0.0
2021-01-05 00:00:00-05:00,2.990000009536743,2.990000009536743,2.619999885559082,2.690000057220459,24000,0.0,0.0
2021-01-06 00:00:00-05:00,2.700000047683716,2.990000009536743,2.5999999046325684,2.7699999809265137,19500,0.0,0.0
2021-01-07 00:00:00-05:00,3.0,3.0,2.75,2.75,13600,0.0,0.0
2021-01-08 00:00:00-05:00,2.5199999809265137,2.799999952316284,2.5199999809265137,2.75,7700,0.0,0.0
2021-01-11 00:00:00-05:00,2.5999999046325684,2.75,2.5999999046325684,2.700000047683716,6500,0.0,0.0
2021-01-12 00:00:00-05:00,2.6500000953674316,2.75,2.5999999046325684,2.75,500,0.0,0.0
2021-01-13 00:00:00-05:00,2.5999999046325684,2.75,2.5999999046325684,2.75,1600,0.0,0.0
2021-01-14 00:00:00-05:00,2.75,2.75,2.75,2.75,4300,0.0,0.0
2021-01-15 00:00:00-05:00,2.700000047683716,2.75,2.700000047683716,2.75,12800,0.0,0.0
2021-01-19 00:00:00-05:00,2.6500000953674316,2.9000000953674316,2.6500000953674316,2.75,7600,0.0,0.0
2021-01-20 00:00:00-05:00,2.75,2.75,2.380000114440918,2.75,43500,0.0,0.0
2021-01-21 00:00:00-05:00,2.7200000286102295,3.1500000953674316,2.509999990463257,3.0,48100,0.0,0.0
2021-01-22 00:00:00-05:00,2.9200000762939453,2.9200000762939453,2.799999952316284,2.799999952316284,15200,0.0,0.0
2021-01-25 00:00:00-05:00,2.799999952316284,2.9000000953674316,2.700000047683716,2.9000000953674316,10800,0.0,0.0
2021-01-26 00:00:00-05:00,2.8499999046325684,2.8499999046325684,2.809999942779541,2.8299999237060547,3400,0.0,0.0
2021-01-27 00:00:00-05:00,2.8299999237060547,2.8299999237060547,2.509999990463257,2.7100000381469727,35400,0.0,0.0
2021-01-28 00:00:00-05:00,2.759999990463257,2.9800000190734863,2.759999990463257,2.859999895095825,7600,0.0,0.0
2021-01-29 00:00:00-05:00,2.940000057220459,2.940000057220459,2.859999895095825,2.859999895095825,3300,0.0,0.0
2021-02-01 00:00:00-05:00,2.8399999141693115,2.9700000286102295,2.8399999141693115,2.950000047683716,24700,0.0,0.0
2021-02-02 00:00:00-05:00,2.950000047683716,3.0999999046325684,2.950000047683716,3.0999999046325684,21100,0.0,0.0
2021-02-03 00:00:00-05:00,3.119999885559082,3.299999952316284,3.009999990463257,3.25,38700,0.0,0.0
2021-02-04 00:00:00-05:00,3.0299999713897705,3.4800000190734863,2.9800000190734863,3.0,25600,0.0,0.0
2021-02-05 00:00:00-05:00,3.0,3.0,2.950000047683716,2.9700000286102295,18800,0.0,0.0
2021-02-08 00:00:00-05:00,3.2799999713897705,3.2799999713897705,2.950000047683716,2.950000047683716,5500,0.0,0.0
2021-02-09 00:00:00-05:00,3.0,3.0799999237060547,3.0,3.049999952316284,2600,0.0,0.0
2021-02-10 00:00:00-05:00,3.059999942779541,3.1500000953674316,3.059999942779541,3.1500000953674316,8900,0.0,0.0
2021-02-11 00:00:00-05:00,3.200000047683716,3.25,3.0999999046325684,3.25,3500,0.0,0.0
2021-02-12 00:00:00-05:00,3.299999952316284,3.299999952316284,3.299999952316284,3.299999952316284,600,0.0,0.0
2021-02-16 00:00:00-05:00,3.319999933242798,3.549999952316284,3.319999933242798,3.5,9600,0.0,0.0
2021-02-17 00:00:00-05:00,3.6500000953674316,4.170000076293945,3.5,3.950000047683716,20000,0.0,0.0
2021-02-18 00:00:00-05:00,3.950000047683716,4.0,3.5,3.5,8900,0.0,0.0
2021-02-19 00:00:00-05:00,3.700000047683716,3.950000047683716,3.4000000953674316,3.890000104904175,1400,0.0,0.0
2021-02-22 00:00:00-05:00,4.0,4.0,3.9000000953674316,3.9000000953674316,600,0.0,0.0
2021-02-23 00:00:00-05:00,3.809999942779541,3.809999942779541,3.509999990463257,3.5199999809265137,10000,0.0,0.0
2021-02-24 00:00:00-05:00,3.5399999618530273,3.7200000286102295,3.5199999809265137,3.5199999809265137,1400,0.0,0.0
2021-02-25 00:00:00-05:00,3.5199999809265137,3.6500000953674316,3.4200000762939453,3.5,1200,0.0,0.0
2021-02-26 00:00:00-05:00,3.5,3.9000000953674316,3.4000000953674316,3.9000000953674316,18900,0.0,0.0
2021-03-01 00:00:00-05:00,3.7899999618530273,4.099999904632568,3.7899999618530273,4.099999904632568,2800,0.0,0.0
2021-03-02 00:00:00-05:00,3.8399999141693115,3.9700000286102295,3.819999933242798,3.819999933242798,500,0.0,0.0
2021-03-03 00:00:00-05:00,3.7100000381469727,4.28000020980835,3.5999999046325684,4.199999809265137,3300,0.0,0.0
2021-03-04 00:00:00-05:00,4.039999961853027,4.179999828338623,3.799999952316284,4.179999828338623,700,0.0,0.0
2021-03-05 00:00:00-05:00,3.569999933242798,4.050000190734863,3.4000000953674316,3.950000047683716,8700,0.0,0.0
2021-03-08 00:00:00-05:00,3.7300000190734863,3.9700000286102295,3.5299999713897705,3.8499999046325684,1700,0.0,0.0
2021-03-09 00:00:00-05:00,3.8499999046325684,4.099999904632568,3.619999885559082,3.990000009536743,3200,0.0,0.0
2021-03-10 00:00:00-05:00,3.9800000190734863,4.150000095367432,3.9000000953674316,4.150000095367432,3700,0.0,0.0
2021-03-11 00:00:00-05:00,4.150000095367432,4.300000190734863,4.150000095367432,4.260000228881836,3300,0.0,0.0
2021-03-12 00:00:00-05:00,3.759999990463257,4.199999809265137,3.759999990463257,4.199999809265137,1000,0.0,0.0
2021-03-15 00:00:00-04:00,4.179999828338623,4.309999942779541,4.179999828338623,4.309999942779541,1000,0.0,0.0
2021-03-16 00:00:00-04:00,4.380000114440918,4.380000114440918,4.260000228881836,4.309999942779541,3900,0.0,0.0
2021-03-17 00:00:00-04:00,4.199999809265137,4.349999904632568,4.059999942779541,4.349999904632568,2700,0.0,0.0
2021-03-18 00:00:00-04:00,4.369999885559082,4.449999809265137,4.079999923706055,4.400000095367432,6000,0.0,0.0
2021-03-19 00:00:00-04:00,4.199999809265137,4.199999809265137,4.099999904632568,4.179999828338623,4100,0.0,0.0
2021-03-22 00:00:00-04:00,3.9800000190734863,4.900000095367432,3.9600000381469727,4.550000190734863,4900,0.0,0.0
2021-03-23 00:00:00-04:00,4.579999923706055,4.579999923706055,4.579999923706055,4.579999923706055,100,0.0,0.0
2021-03-24 00:00:00-04:00,4.579999923706055,4.579999923706055,4.579999923706055,4.579999923706055,0,0.0,0.0
2021-03-25 00:00:00-04:00,4.849999904632568,4.849999904632568,4.099999904632568,4.400000095367432,8800,0.0,0.0
2021-03-26 00:00:00-04:00,4.400000095367432,4.400000095367432,4.300000190734863,4.300000190734863,5500,0.0,0.0
2021-03-29 00:00:00-04:00,4.349999904632568,4.349999904632568,4.349999904632568,4.349999904632568,2600,0.0,0.0
2021-03-30 00:00:00-04:00,3.8499999046325684,4.329999923706055,3.799999952316284,4.329999923706055,600,0.0,0.0
2021-03-31 00:00:00-04:00,4.300000190734863,4.389999866485596,4.300000190734863,4.349999904632568,5500,0.0,0.0
2021-04-01 00:00:00-04:00,4.300000190734863,4.400000095367432,4.150000095367432,4.400000095367432,2000,0.0,0.0
2021-04-05 00:00:00-04:00,4.400000095367432,4.400000095367432,4.150000095367432,4.380000114440918,5200,0.0,0.0
2021-04-06 00:00:00-04:00,4.199999809265137,4.400000095367432,4.150000095367432,4.400000095367432,1700,0.0,0.0
2021-04-07 00:00:00-04:00,4.349999904632568,4.349999904632568,4.150000095367432,4.300000190734863,2200,0.0,0.0
2021-04-08 00:00:00-04:00,4.349999904632568,4.349999904632568,4.349999904632568,4.349999904632568,100,0.0,0.0
2021-04-09 00:00:00-04:00,4.349999904632568,4.550000190734863,4.349999904632568,4.46999979019165,800,0.0,0.0
2021-04-12 00:00:00-04:00,4.400000095367432,4.539999961853027,4.28000020980835,4.539999961853027,2900,0.0,0.0
2021-04-13 00:00:00-04:00,4.539999961853027,4.539999961853027,4.400000095367432,4.539999961853027,1100,0.0,0.0
2021-04-14 00:00:00-04:00,4.550000190734863,4.550000190734863,4.539999961853027,4.539999961853027,2000,0.0,0.0
2021-04-15 00:00:00-04:00,4.539999961853027,4.539999961853027,4.539999961853027,4.539999961853027,100,0.0,0.0
2021-04-16 00:00:00-04:00,4.539999961853027,4.539999961853027,3.8499999046325684,3.8499999046325684,4700,0.0,0.0
2021-04-19 00:00:00-04:00,4.190000057220459,4.539999961853027,4.0,4.0,5500,0.0,0.0
2021-04-20 00:00:00-04:00,4.21999979019165,4.21999979019165,4.010000228881836,4.130000114440918,3000,0.0,0.0
2021-04-21 00:00:00-04:00,4.199999809265137,4.889999866485596,4.199999809265137,4.690000057220459,81300,0.0,0.0
2021-04-22 00:00:00-04:00,4.699999809265137,4.820000171661377,4.25,4.699999809265137,6200,0.0,0.0
2021-04-23 00:00:00-04:00,4.599999904632568,4.599999904632568,4.599999904632568,4.599999904632568,100,0.0,0.0
2021-04-26 00:00:00-04:00,4.599999904632568,4.699999809265137,4.550000190734863,4.550000190734863,4000,0.0,0.0
2021-04-27 00:00:00-04:00,4.699999809265137,4.699999809265137,4.690000057220459,4.690000057220459,1900,0.0,0.0
2021-04-28 00:00:00-04:00,4.489999771118164,4.690000057220459,4.489999771118164,4.690000057220459,2000,0.0,0.0
2021-04-29 00:00:00-04:00,4.699999809265137,5.230000019073486,4.699999809265137,5.150000095367432,50500,0.0,0.0
2021-04-30 00:00:00-04:00,5.190000057220459,5.320000171661377,5.139999866485596,5.210000038146973,41800,0.0,0.0
2021-05-03 00:00:00-04:00,5.099999904632568,5.349999904632568,4.769999980926514,5.199999809265137,2400,0.0,0.0
2021-05-04 00:00:00-04:00,5.28000020980835,5.28000020980835,5.199999809265137,5.199999809265137,700,0.0,0.0
2021-05-05 00:00:00-04:00,4.820000171661377,5.159999847412109,4.75,5.159999847412109,1100,0.0,0.0
2021-05-06 00:00:00-04:00,5.159999847412109,5.159999847412109,5.159999847412109,5.159999847412109,0,0.0,0.0
2021-05-07 00:00:00-04:00,5.159999847412109,5.159999847412109,5.159999847412109,5.159999847412109,0,0.0,0.0
2021-05-10 00:00:00-04:00,5.159999847412109,5.159999847412109,5.159999847412109,5.159999847412109,100,0.0,0.0
2021-05-11 00:00:00-04:00,4.900000095367432,5.050000190734863,4.429999828338623,5.050000190734863,2900,0.0,0.0
2021-05-12 00:00:00-04:00,5.050000190734863,5.059999942779541,5.050000190734863,5.059999942779541,200,0.0,0.0
2021-05-13 00:00:00-04:00,4.550000190734863,5.199999809265137,4.309999942779541,4.949999809265137,1500,0.0,0.0
2021-05-14 00:00:00-04:00,5.329999923706055,5.75,5.010000228881836,5.5,26900,0.0,0.0
2021-05-17 00:00:00-04:00,5.25,5.5,5.25,5.25,9100,0.0,0.0
2021-05-18 00:00:00-04:00,5.25,5.78000020980835,5.25,5.5,41100,0.0,0.0
2021-05-19 00:00:00-04:00,5.75,5.75,5.570000171661377,5.570000171661377,17300,0.0,0.0
2021-05-20 00:00:00-04:00,5.570000171661377,5.900000095367432,5.5,5.840000152587891,11700,0.0,0.0
2021-05-21 00:00:00-04:00,5.849999904632568,6.699999809265137,5.800000190734863,5.980000019073486,55400,0.0,0.0
2021-05-24 00:00:00-04:00,6.0,6.199999809265137,5.980000019073486,6.099999904632568,50400,0.0,0.0
2021-05-25 00:00:00-04:00,6.150000095367432,6.150000095367432,6.0,6.110000133514404,4000,0.0,0.0
2021-05-26 00:00:00-04:00,6.150000095367432,6.420000076293945,5.53000020980835,6.400000095367432,8900,0.0,0.0
2021-05-27 00:00:00-04:00,6.400000095367432,7.0,6.300000190734863,6.5,2700,0.0,0.0
2021-05-28 00:00:00-04:00,6.650000095367432,6.650000095367432,5.849999904632568,6.599999904632568,2600,0.0,0.0
2021-06-01 00:00:00-04:00,5.610000133514404,6.550000190734863,5.570000171661377,6.550000190734863,2900,0.0,0.0
2021-06-02 00:00:00-04:00,6.539999961853027,6.599999904632568,6.519999980926514,6.519999980926514,4000,0.0,0.0
2021-06-03 00:00:00-04:00,6.599999904632568,6.599999904632568,6.210000038146973,6.25,4200,0.0,0.0
2021-06-04 00:00:00-04:00,6.599999904632568,6.599999904632568,6.300000190734863,6.349999904632568,61800,0.0,0.0
2021-06-07 00:00:00-04:00,6.690000057220459,6.690000057220459,6.300000190734863,6.300000190734863,2000,0.0,0.0
2021-06-08 00:00:00-04:00,6.269999980926514,6.550000190734863,6.269999980926514,6.420000076293945,4100,0.0,0.0
2021-06-09 00:00:00-04:00,6.300000190734863,6.539999961853027,6.300000190734863,6.539999961853027,1500,0.0,0.0
2021-06-10 00:00:00-04:00,6.539999961853027,6.539999961853027,6.539999961853027,6.539999961853027,100,0.0,0.0
2021-06-11 00:00:00-04:00,6.400000095367432,6.449999809265137,6.25,6.449999809265137,2700,0.0,0.0
2021-06-14 00:00:00-04:00,6.400000095367432,6.5,6.400000095367432,6.5,10400,0.0,0.0
2021-06-15 00:00:00-04:00,6.5,6.5,6.5,6.5,0,0.0,0.0
2021-06-16 00:00:00-04:00,6.349999904632568,6.550000190734863,6.349999904632568,6.550000190734863,700,0.0,0.0
2021-06-17 00:00:00-04:00,6.349999904632568,6.550000190734863,6.349999904632568,6.550000190734863,1100,0.0,0.0
2021-06-18 00:00:00-04:00,6.400000095367432,6.550000190734863,6.400000095367432,6.539999961853027,50500,0.0,0.0
2021-06-21 00:00:00-04:00,6.550000190734863,6.550000190734863,5.53000020980835,6.059999942779541,2200,0.0,0.0
2021-06-22 00:00:00-04:00,6.079999923706055,6.550000190734863,6.079999923706055,6.300000190734863,11400,0.0,0.0
2021-06-23 00:00:00-04:00,6.440000057220459,6.5,6.400000095367432,6.449999809265137,5500,0.0,0.0
2021-06-24 00:00:00-04:00,6.25,6.409999847412109,6.0,6.300000190734863,7400,0.0,0.0
2021-06-25 00:00:00-04:00,6.400000095367432,6.440000057220459,6.010000228881836,6.070000171661377,700,0.0,0.0
2021-06-28 00:00:00-04:00,6.269999980926514,6.269999980926514,6.269999980926514,6.269999980926514,900,0.0,0.0
2021-06-29 00:00:00-04:00,6.25,6.25,6.050000190734863,6.050000190734863,19500,0.0,0.0
2021-06-30 00:00:00-04:00,5.800000190734863,5.800000190734863,5.800000190734863,5.800000190734863,500,0.0,0.0
2021-07-01 00:00:00-04:00,6.03000020980835,6.03000020980835,5.949999809265137,6.010000228881836,1500,0.0,0.0
2021-07-02 00:00:00-04:00,5.809999942779541,5.809999942779541,5.800000190734863,5.800000190734863,3900,0.0,0.0
2021-07-06 00:00:00-04:00,6.239999771118164,6.239999771118164,5.800000190734863,5.800000190734863,2100,0.0,0.0
2021-07-07 00:00:00-04:00,6.0,6.050000190734863,6.0,6.050000190734863,400,0.0,0.0
2021-07-08 00:00:00-04:00,5.900000095367432,6.0,5.800000190734863,6.0,2900,0.0,0.0
2021-07-09 00:00:00-04:00,6.0,6.21999979019165,6.0,6.050000190734863,8900,0.0,0.0
2021-07-12 00:00:00-04:00,6.199999809265137,6.210000038146973,6.150000095367432,6.190000057220459,2900,0.0,0.0
2021-07-13 00:00:00-04:00,6.21999979019165,6.420000076293945,6.21999979019165,6.420000076293945,200,0.0,0.0
2021-07-14 00:00:00-04:00,6.389999866485596,6.389999866485596,6.019999980926514,6.389999866485596,700,0.0,0.0
2021-07-15 00:00:00-04:00,6.389999866485596,6.389999866485596,6.389999866485596,6.389999866485596,100,0.0,0.0
2021-07-16 00:00:00-04:00,5.869999885559082,6.369999885559082,5.869999885559082,6.369999885559082,10700,0.0,0.0
2021-07-19 00:00:00-04:00,6.150000095367432,6.300000190734863,6.0,6.300000190734863,300,0.0,0.0
2021-07-20 00:00:00-04:00,6.380000114440918,6.380000114440918,6.0,6.150000095367432,2300,0.0,0.0
2021-07-21 00:00:00-04:00,6.150000095367432,6.150000095367432,6.150000095367432,6.150000095367432,100,0.0,0.0
2021-07-22 00:00:00-04:00,6.300000190734863,6.300000190734863,5.849999904632568,6.150000095367432,500,0.0,0.0
2021-07-23 00:00:00-04:00,6.0,6.0,6.0,6.0,700,0.0,0.0
2021-07-26 00:00:00-04:00,5.929999828338623,5.949999809265137,5.75,5.75,1500,0.0,0.0
2021-07-27 00:00:00-04:00,5.429999828338623,6.300000190734863,5.429999828338623,5.869999885559082,4400,0.0,0.0
2021-07-28 00:00:00-04:00,5.980000019073486,6.199999809265137,5.460000038146973,6.199999809265137,3400,0.0,0.0
2021-07-29 00:00:00-04:00,6.199999809265137,6.199999809265137,6.199999809265137,6.199999809265137,100,0.0,0.0
2021-07-30 00:00:00-04:00,6.190000057220459,6.300000190734863,5.539999961853027,6.300000190734863,10100,0.0,0.0
2021-08-02 00:00:00-04:00,6.300000190734863,6.300000190734863,6.119999885559082,6.239999771118164,1700,0.0,0.0
2021-08-03 00:00:00-04:00,6.110000133514404,6.28000020980835,5.5,6.239999771118164,5800,0.0,0.0
2021-08-04 00:00:00-04:00,6.110000133514404,6.239999771118164,6.099999904632568,6.099999904632568,4500,0.0,0.0
2021-08-05 00:00:00-04:00,6.0,6.28000020980835,6.0,6.28000020980835,1500,0.0,0.0
2021-08-06 00:00:00-04:00,6.25,6.25,6.0,6.0,2800,0.0,0.0
2021-08-09 00:00:00-04:00,6.190000057220459,6.25,6.190000057220459,6.190000057220459,7800,0.0,0.0
2021-08-10 00:00:00-04:00,6.179999828338623,6.179999828338623,6.150000095367432,6.159999847412109,2600,0.0,0.0
2021-08-11 00:00:00-04:00,6.050000190734863,6.159999847412109,6.0,6.050000190734863,3300,0.0,0.0
2021-08-12 00:00:00-04:00,6.119999885559082,6.599999904632568,6.119999885559082,6.420000076293945,12600,0.0,0.0
2021-08-13 00:00:00-04:00,6.510000228881836,6.949999809265137,6.369999885559082,6.369999885559082,17400,0.0,0.0
2021-08-16 00:00:00-04:00,6.75,6.75,6.260000228881836,6.579999923706055,4600,0.0,0.0
2021-08-17 00:00:00-04:00,6.5,6.630000114440918,6.400000095367432,6.400000095367432,9200,0.0,0.0
2021-08-18 00:00:00-04:00,6.679999828338623,7.0,6.599999904632568,6.900000095367432,4600,0.0,0.0
2021-08-19 00:00:00-04:00,6.900000095367432,6.900000095367432,6.449999809265137,6.449999809265137,1300,0.0,0.0
2021-08-20 00:00:00-04:00,6.5,6.900000095367432,6.5,6.599999904632568,2000,0.0,0.0
2021-08-23 00:00:00-04:00,6.900000095367432,6.900000095367432,6.610000133514404,6.650000095367432,3400,0.0,0.0
2021-08-24 00:00:00-04:00,6.909999847412109,6.909999847412109,6.619999885559082,6.699999809265137,6500,0.0,0.0
2021-08-25 00:00:00-04:00,6.800000190734863,6.800000190734863,6.599999904632568,6.699999809265137,12800,0.0,0.0
2021-08-26 00:00:00-04:00,6.739999771118164,6.800000190734863,6.690000057220459,6.699999809265137,3200,0.0,0.0
2021-08-27 00:00:00-04:00,6.699999809265137,6.699999809265137,6.599999904632568,6.690000057220459,3100,0.0,0.0
2021-08-30 00:00:00-04:00,6.679999828338623,6.75,6.5,6.5,3600,0.0,0.0
2021-08-31 00:00:00-04:00,6.699999809265137,6.800000190734863,6.559999942779541,6.599999904632568,11200,0.0,0.0
2021-09-01 00:00:00-04:00,6.650000095367432,6.650000095367432,6.5,6.599999904632568,9500,0.0,0.0
2021-09-02 00:00:00-04:00,6.699999809265137,6.960000038146973,6.699999809265137,6.909999847412109,7700,0.0,0.0
2021-09-03 00:00:00-04:00,6.840000152587891,6.909999847412109,6.619999885559082,6.889999866485596,16400,0.0,0.0
2021-09-07 00:00:00-04:00,7.0,7.119999885559082,6.900000095367432,6.900000095367432,8600,0.0,0.0
2021-09-08 00:00:00-04:00,7.110000133514404,7.239999771118164,7.110000133514404,7.179999828338623,7800,0.0,0.0
2021-09-09 00:00:00-04:00,7.25,7.5,7.25,7.5,18800,0.0,0.0
2021-09-10 00:00:00-04:00,7.480000019073486,7.550000190734863,6.570000171661377,7.449999809265137,8600,0.0,0.0
2021-09-13 00:00:00-04:00,7.5,8.079999923706055,7.349999904632568,7.989999771118164,101100,0.0,0.0
2021-09-14 00:00:00-04:00,8.199999809265137,8.850000381469727,6.0,8.350000381469727,42100,0.0,0.0
2021-09-15 00:00:00-04:00,8.15999984741211,8.15999984741211,6.510000228881836,6.75,89100,0.0,0.0
2021-09-16 00:00:00-04:00,6.71999979019165,7.170000076293945,6.690000057220459,7.0,2400,0.0,0.0
2021-09-17 00:00:00-04:00,7.170000076293945,7.230000019073486,6.710000038146973,6.949999809265137,16100,0.0,0.0
2021-09-20 00:00:00-04:00,6.75,6.75,6.199999809265137,6.199999809265137,7600,0.0,0.0
2021-09-21 00:00:00-04:00,6.75,7.099999904632568,6.320000171661377,6.579999923706055,4600,0.0,0.0
2021-09-22 00:00:00-04:00,6.960000038146973,7.599999904632568,6.960000038146973,7.599999904632568,5300,0.0,0.0
2021-09-23 00:00:00-04:00,7.800000190734863,7.800000190734863,7.010000228881836,7.010000228881836,6900,0.0,0.0
2021-09-24 00:00:00-04:00,6.980000019073486,7.75,6.980000019073486,7.300000190734863,2700,0.0,0.0
2021-09-27 00:00:00-04:00,7.489999771118164,7.949999809265137,7.480000019073486,7.699999809265137,2500,0.0,0.0
2021-09-28 00:00:00-04:00,7.159999847412109,8.6899995803833,7.159999847412109,7.449999809265137,8900,0.0,0.0
2021-09-29 00:00:00-04:00,7.75,8.029999732971191,7.75,7.96999979019165,1400,0.0,0.0
2021-09-30 00:00:00-04:00,7.75,7.949999809265137,7.75,7.800000190734863,7600,0.0,0.0
2021-10-01 00:00:00-04:00,7.800000190734863,7.800000190734863,7.800000190734863,7.800000190734863,2100,0.0,0.0
2021-10-04 00:00:00-04:00,8.0,8.0,7.809999942779541,7.809999942779541,5800,0.0,0.0
2021-10-05 00:00:00-04:00,7.900000095367432,7.900000095367432,7.610000133514404,7.710000038146973,400,0.0,0.0
2021-10-06 00:00:00-04:00,7.789999961853027,7.800000190734863,7.489999771118164,7.800000190734863,2000,0.0,0.0
2021-10-07 00:00:00-04:00,7.800000190734863,7.800000190734863,7.5,7.800000190734863,1300,0.0,0.0
2021-10-08 00:00:00-04:00,7.590000152587891,7.949999809265137,7.590000152587891,7.949999809265137,600,0.0,0.0
2021-10-11 00:00:00-04:00,7.920000076293945,7.920000076293945,6.699999809265137,7.5,3200,0.0,0.0
2021-10-12 00:00:00-04:00,7.5,7.53000020980835,7.25,7.25,3900,0.0,0.0
2021-10-13 00:00:00-04:00,6.730000019073486,7.150000095367432,6.599999904632568,7.010000228881836,16000,0.0,0.0
2021-10-14 00:00:00-04:00,7.03000020980835,7.099999904632568,7.010000228881836,7.010000228881836,2100,0.0,0.0
2021-10-15 00:00:00-04:00,7.090000152587891,7.090000152587891,6.920000076293945,6.949999809265137,29300,0.0,0.0
2021-10-18 00:00:00-04:00,6.849999904632568,7.050000190734863,6.849999904632568,7.050000190734863,7200,0.0,0.0
2021-10-19 00:00:00-04:00,7.099999904632568,7.300000190734863,7.099999904632568,7.139999866485596,2100,0.0,0.0
2021-10-20 00:00:00-04:00,7.159999847412109,7.159999847412109,7.0,7.159999847412109,6700,0.0,0.0
2021-10-21 00:00:00-04:00,7.199999809265137,7.699999809265137,7.199999809265137,7.21999979019165,1600,0.0,0.0
2021-10-22 00:00:00-04:00,7.409999847412109,7.489999771118164,7.099999904632568,7.099999904632568,8600,0.0,0.0
2021-10-25 00:00:00-04:00,6.909999847412109,7.670000076293945,6.909999847412109,7.420000076293945,1000,0.0,0.0
2021-10-26 00:00:00-04:00,7.349999904632568,7.349999904632568,7.340000152587891,7.349999904632568,1300,0.0,0.0
2021-10-27 00:00:00-04:00,7.199999809265137,7.25,7.119999885559082,7.179999828338623,3700,0.0,0.0
2021-10-28 00:00:00-04:00,7.119999885559082,7.349999904632568,7.119999885559082,7.25,7900,0.0,0.0
2021-10-29 00:00:00-04:00,7.320000171661377,7.320000171661377,7.25,7.25,3200,0.0,0.0
2021-11-01 00:00:00-04:00,7.389999866485596,7.389999866485596,7.340000152587891,7.340000152587891,7500,0.0,0.0
2021-11-02 00:00:00-04:00,7.389999866485596,7.389999866485596,7.199999809265137,7.349999904632568,1100,0.0,0.0
2021-11-03 00:00:00-04:00,7.349999904632568,7.349999904632568,7.349999904632568,7.349999904632568,0,0.0,0.0
2021-11-04 00:00:00-04:00,7.349999904632568,7.389999866485596,7.25,7.389999866485596,2700,0.0,0.0
2021-11-05 00:00:00-04:00,7.269999980926514,7.400000095367432,7.199999809265137,7.199999809265137,800,0.0,0.0
2021-11-08 00:00:00-05:00,7.199999809265137,7.199999809265137,7.199999809265137,7.199999809265137,0,0.0,0.0
2021-11-09 00:00:00-05:00,7.199999809265137,7.199999809265137,7.199999809265137,7.199999809265137,0,0.0,0.0
2021-11-10 00:00:00-05:00,7.21999979019165,7.269999980926514,5.150000095367432,7.099999904632568,3900,0.0,0.0
2021-11-11 00:00:00-05:00,7.199999809265137,7.300000190734863,7.150000095367432,7.210000038146973,1600,0.0,0.0
2021-11-12 00:00:00-05:00,7.5,8.550000190734863,7.5,8.5,84100,0.0,0.0
2021-11-15 00:00:00-05:00,8.25,8.5,8.199999809265137,8.399999618530273,11600,0.0,0.0
2021-11-16 00:00:00-05:00,8.300000190734863,8.300000190734863,8.010000228881836,8.149999618530273,62200,0.0,0.0
2021-11-17 00:00:00-05:00,8.300000190734863,8.899999618530273,8.029999732971191,8.899999618530273,6100,0.0,0.0
2021-11-18 00:00:00-05:00,8.5,8.720000267028809,8.369999885559082,8.6899995803833,2400,0.0,0.0
2021-11-19 00:00:00-05:00,8.479999542236328,8.65999984741211,8.369999885559082,8.369999885559082,9800,0.0,0.0
2021-11-22 00:00:00-05:00,8.520000457763672,8.520000457763672,8.149999618530273,8.350000381469727,3700,0.0,0.0
2021-11-23 00:00:00-05:00,8.25,8.289999961853027,8.0,8.069999694824219,4300,0.0,0.0
2021-11-24 00:00:00-05:00,8.119999885559082,8.210000038146973,8.0,8.039999961853027,39000,0.0,0.0
2021-11-26 00:00:00-05:00,8.0,8.020000457763672,8.0,8.0,1900,0.0,0.0
2021-11-29 00:00:00-05:00,8.010000228881836,8.020000457763672,7.949999809265137,8.020000457763672,14100,0.0,0.0
2021-11-30 00:00:00-05:00,8.039999961853027,8.300000190734863,8.039999961853027,8.109999656677246,13300,0.0,0.0
2021-12-01 00:00:00-05:00,8.0,8.699999809265137,7.599999904632568,7.989999771118164,69400,0.0,0.0
2021-12-02 00:00:00-05:00,8.09000015258789,8.09000015258789,7.920000076293945,7.940000057220459,10700,0.0,0.0
2021-12-03 00:00:00-05:00,7.900000095367432,8.09000015258789,7.699999809265137,7.699999809265137,10200,0.0,0.0
2021-12-06 00:00:00-05:00,7.949999809265137,8.4399995803833,7.929999828338623,8.029999732971191,41500,0.0,0.0
2021-12-07 00:00:00-05:00,7.949999809265137,8.350000381469727,7.599999904632568,8.149999618530273,17200,0.0,0.0
2021-12-08 00:00:00-05:00,8.220000267028809,8.220000267028809,8.020000457763672,8.100000381469727,2500,0.0,0.0
2021-12-09 00:00:00-05:00,7.900000095367432,8.210000038146973,7.869999885559082,7.880000114440918,6500,0.0,0.0
2021-12-10 00:00:00-05:00,8.149999618530273,8.239999771118164,7.96999979019165,8.15999984741211,8400,0.0,0.0
2021-12-13 00:00:00-05:00,7.789999961853027,8.210000038146973,7.739999771118164,7.739999771118164,18700,0.0,0.0
2021-12-14 00:00:00-05:00,7.800000190734863,7.960000038146973,7.400000095367432,7.610000133514404,12400,0.0,0.0
2021-12-15 00:00:00-05:00,8.069999694824219,8.069999694824219,7.400000095367432,8.020000457763672,39700,0.0,0.0
2021-12-16 00:00:00-05:00,8.109999656677246,8.300000190734863,7.690000057220459,8.100000381469727,44900,0.0,0.0
2021-12-17 00:00:00-05:00,8.1899995803833,8.1899995803833,7.78000020980835,8.050000190734863,20600,0.0,0.0
2021-12-20 00:00:00-05:00,7.960000038146973,8.210000038146973,7.960000038146973,8.210000038146973,23600,0.0,0.0
2021-12-21 00:00:00-05:00,8.130000114440918,8.270000457763672,7.960000038146973,8.270000457763672,33800,0.0,0.0
2021-12-22 00:00:00-05:00,8.59000015258789,8.59000015258789,7.929999828338623,7.960000038146973,23500,0.0,0.0
2021-12-23 00:00:00-05:00,8.210000038146973,8.239999771118164,8.0,8.170000076293945,19300,0.0,0.0
2021-12-27 00:00:00-05:00,8.220000267028809,8.220000267028809,7.849999904632568,7.880000114440918,19200,0.0,0.0
2021-12-28 00:00:00-05:00,7.889999866485596,8.0600004196167,7.760000228881836,7.829999923706055,52300,0.0,0.0
2021-12-29 00:00:00-05:00,7.940000057220459,7.949999809265137,7.630000114440918,7.699999809265137,36200,0.0,0.0
2021-12-30 00:00:00-05:00,7.699999809265137,7.989999771118164,7.619999885559082,7.699999809265137,22700,0.0,0.0
2021-12-31 00:00:00-05:00,7.429999828338623,7.869999885559082,7.400000095367432,7.599999904632568,30400,0.0,0.0
2022-01-03 00:00:00-05:00,7.900000095367432,7.900000095367432,7.650000095367432,7.75,32400,0.0,0.0
2022-01-04 00:00:00-05:00,7.789999961853027,7.909999847412109,7.599999904632568,7.690000057220459,52000,0.0,0.0
2022-01-05 00:00:00-05:00,7.889999866485596,7.889999866485596,7.5,7.550000190734863,4900,0.0,0.0
2022-01-06 00:00:00-05:00,7.5,7.71999979019165,7.139999866485596,7.400000095367432,77200,0.0,0.0
2022-01-07 00:00:00-05:00,7.460000038146973,7.900000095367432,7.409999847412109,7.889999866485596,8000,0.0,0.0
2022-01-10 00:00:00-05:00,7.880000114440918,8.010000228881836,7.809999942779541,7.980000019073486,11000,0.0,0.0
2022-01-11 00:00:00-05:00,7.980000019073486,8.119999885559082,7.940000057220459,8.069999694824219,22900,0.0,0.0
2022-01-12 00:00:00-05:00,8.119999885559082,8.1899995803833,7.960000038146973,8.020000457763672,19300,0.0,0.0
2022-01-13 00:00:00-05:00,8.149999618530273,8.149999618530273,7.840000152587891,7.840000152587891,10900,0.0,0.0
2022-01-14 00:00:00-05:00,7.980000019073486,7.980000019073486,7.53000020980835,7.849999904632568,7300,0.0,0.0
2022-01-18 00:00:00-05:00,7.849999904632568,7.849999904632568,7.369999885559082,7.369999885559082,27400,0.0,0.0
2022-01-19 00:00:00-05:00,7.380000114440918,7.769999980926514,7.260000228881836,7.559999942779541,32300,0.0,0.0
2022-01-20 00:00:00-05:00,7.840000152587891,7.840000152587891,7.5,7.5,6100,0.0,0.0
2022-01-21 00:00:00-05:00,7.349999904632568,7.579999923706055,7.190000057220459,7.329999923706055,7400,0.0,0.0
2022-01-24 00:00:00-05:00,7.329999923706055,7.329999923706055,7.019999980926514,7.019999980926514,8500,0.0,0.0
2022-01-25 00:00:00-05:00,7.110000133514404,7.420000076293945,7.059999942779541,7.059999942779541,4400,0.0,0.0
2022-01-26 00:00:00-05:00,7.289999961853027,7.289999961853027,7.119999885559082,7.130000114440918,2500,0.0,0.0
2022-01-27 00:00:00-05:00,7.150000095367432,7.150000095367432,6.710000038146973,6.880000114440918,21200,0.0,0.0
2022-01-28 00:00:00-05:00,6.989999771118164,6.989999771118164,6.599999904632568,6.760000228881836,16300,0.0,0.0
2022-01-31 00:00:00-05:00,6.559999942779541,6.800000190734863,6.510000228881836,6.659999847412109,26600,0.0,0.0
2022-02-01 00:00:00-05:00,6.440000057220459,6.699999809265137,6.440000057220459,6.639999866485596,12000,0.0,0.0
2022-02-02 00:00:00-05:00,6.690000057220459,6.690000057220459,6.360000133514404,6.650000095367432,11000,0.0,0.0
2022-02-03 00:00:00-05:00,6.400000095367432,6.730000019073486,6.400000095367432,6.480000019073486,19600,0.0,0.0
2022-02-04 00:00:00-05:00,6.389999866485596,6.519999980926514,6.340000152587891,6.369999885559082,78000,0.0,0.0
2022-02-07 00:00:00-05:00,6.409999847412109,6.739999771118164,6.400000095367432,6.5,32700,0.0,0.0
2022-02-08 00:00:00-05:00,6.75,6.860000133514404,6.659999847412109,6.75,30100,0.0,0.0
2022-02-09 00:00:00-05:00,6.75,6.829999923706055,6.699999809265137,6.699999809265137,17100,0.0,0.0
2022-02-10 00:00:00-05:00,6.829999923706055,6.869999885559082,6.639999866485596,6.639999866485596,11800,0.0,0.0
2022-02-11 00:00:00-05:00,6.800000190734863,6.849999904632568,6.679999828338623,6.730000019073486,9300,0.0,0.0
2022-02-14 00:00:00-05:00,6.769999980926514,6.869999885559082,6.639999866485596,6.71999979019165,10100,0.0,0.0
2022-02-15 00:00:00-05:00,6.909999847412109,6.909999847412109,6.699999809265137,6.800000190734863,8500,0.0,0.0
2022-02-16 00:00:00-05:00,6.489999771118164,6.989999771118164,6.489999771118164,6.78000020980835,10300,0.0,0.0
2022-02-17 00:00:00-05:00,6.75,6.96999979019165,6.730000019073486,6.820000171661377,4100,0.0,0.0
2022-02-18 00:00:00-05:00,6.510000228881836,6.849999904632568,6.510000228881836,6.71999979019165,21300,0.0,0.0
2022-02-22 00:00:00-05:00,6.730000019073486,6.730000019073486,6.559999942779541,6.590000152587891,2200,0.0,0.0
2022-02-23 00:00:00-05:00,6.590000152587891,6.909999847412109,6.53000020980835,6.53000020980835,16900,0.0,0.0
2022-02-24 00:00:00-05:00,6.5,6.699999809265137,6.420000076293945,6.599999904632568,14600,0.0,0.0
2022-02-25 00:00:00-05:00,7.050000190734863,7.050000190734863,6.5,6.639999866485596,50300,0.0,0.0
2022-02-28 00:00:00-05:00,6.550000190734863,6.699999809265137,6.400000095367432,6.539999961853027,90700,0.0,0.0
2022-03-01 00:00:00-05:00,6.789999961853027,7.099999904632568,6.75,6.849999904632568,41000,0.0,0.0
2022-03-02 00:00:00-05:00,6.760000228881836,7.050000190734863,6.760000228881836,6.880000114440918,28900,0.0,0.0
2022-03-03 00:00:00-05:00,7.139999866485596,7.139999866485596,6.920000076293945,6.949999809265137,33700,0.0,0.0
2022-03-04 00:00:00-05:00,7.010000228881836,7.110000133514404,6.900000095367432,7.0,19800,0.0,0.0
2022-03-07 00:00:00-05:00,7.019999980926514,7.480000019073486,7.010000228881836,7.199999809265137,58600,0.0,0.0
2022-03-08 00:00:00-05:00,7.119999885559082,7.380000114440918,7.119999885559082,7.25,24200,0.0,0.0
2022-03-09 00:00:00-05:00,7.480000019073486,7.5,7.099999904632568,7.340000152587891,62100,0.0,0.0
2022-03-10 00:00:00-05:00,7.389999866485596,7.570000171661377,7.130000114440918,7.480000019073486,30200,0.0,0.0
2022-03-11 00:00:00-05:00,7.550000190734863,7.599999904632568,7.329999923706055,7.570000171661377,22600,0.0,0.0
2022-03-14 00:00:00-04:00,7.519999980926514,7.659999847412109,7.019999980926514,7.03000020980835,37400,0.0,0.0
2022-03-15 00:00:00-04:00,7.21999979019165,7.389999866485596,7.059999942779541,7.139999866485596,17800,0.0,0.0
2022-03-16 00:00:00-04:00,7.110000133514404,7.46999979019165,7.099999904632568,7.320000171661377,19300,0.0,0.0
2022-03-17 00:00:00-04:00,7.46999979019165,7.550000190734863,7.380000114440918,7.519999980926514,12200,0.0,0.0
2022-03-18 00:00:00-04:00,7.519999980926514,7.539999961853027,7.119999885559082,7.130000114440918,230800,0.0,0.0
2022-03-21 00:00:00-04:00,7.230000019073486,7.579999923706055,7.139999866485596,7.389999866485596,8600,0.0,0.0
2022-03-22 00:00:00-04:00,7.349999904632568,7.570000171661377,7.269999980926514,7.53000020980835,12700,0.0,0.0
2022-03-23 00:00:00-04:00,7.53000020980835,7.75,7.449999809265137,7.630000114440918,12200,0.0,0.0
2022-03-24 00:00:00-04:00,7.630000114440918,7.699999809265137,7.539999961853027,7.639999866485596,10500,0.0,0.0
2022-03-25 00:00:00-04:00,7.53000020980835,7.690000057220459,7.199999809265137,7.360000133514404,33300,0.0,0.0
2022-03-28 00:00:00-04:00,7.400000095367432,7.610000133514404,7.400000095367432,7.539999961853027,15200,0.0,0.0
2022-03-29 00:00:00-04:00,7.650000095367432,7.690000057220459,7.5,7.5,3600,0.0,0.0
2022-03-30 00:00:00-04:00,7.610000133514404,7.739999771118164,7.449999809265137,7.610000133514404,10600,0.0,0.0
2022-03-31 00:00:00-04:00,7.550000190734863,7.739999771118164,7.550000190734863,7.570000171661377,7300,0.0,0.0
2022-04-01 00:00:00-04:00,7.550000190734863,7.670000076293945,7.550000190734863,7.650000095367432,5800,0.0,0.0
2022-04-04 00:00:00-04:00,7.75,7.880000114440918,7.650000095367432,7.869999885559082,20100,0.0,0.0
2022-04-05 00:00:00-04:00,7.869999885559082,7.880000114440918,7.679999828338623,7.679999828338623,9300,0.0,0.0
2022-04-06 00:00:00-04:00,7.800000190734863,7.800000190734863,7.710000038146973,7.710000038146973,3800,0.0,0.0
2022-04-07 00:00:00-04:00,7.71999979019165,7.760000228881836,7.510000228881836,7.599999904632568,14600,0.0,0.0
2022-04-08 00:00:00-04:00,7.599999904632568,7.730000019073486,7.550000190734863,7.730000019073486,20300,0.0,0.0
2022-04-11 00:00:00-04:00,7.590000152587891,7.590000152587891,7.25,7.460000038146973,15000,0.0,0.0
2022-04-12 00:00:00-04:00,7.730000019073486,7.730000019073486,7.389999866485596,7.539999961853027,9000,0.0,0.0
2022-04-13 00:00:00-04:00,7.409999847412109,7.679999828338623,7.409999847412109,7.679999828338623,13200,0.0,0.0
2022-04-14 00:00:00-04:00,7.690000057220459,7.739999771118164,7.639999866485596,7.699999809265137,4600,0.0,0.0
2022-04-18 00:00:00-04:00,7.75,8.039999961853027,7.579999923706055,7.619999885559082,9800,0.0,0.0
2022-04-19 00:00:00-04:00,7.539999961853027,7.960000038146973,7.539999961853027,7.769999980926514,10100,0.0,0.0
2022-04-20 00:00:00-04:00,7.800000190734863,7.800000190734863,7.659999847412109,7.739999771118164,4500,0.0,0.0
2022-04-21 00:00:00-04:00,7.800000190734863,7.800000190734863,7.75,7.760000228881836,4200,0.0,0.0
2022-04-22 00:00:00-04:00,7.71999979019165,7.760000228881836,7.679999828338623,7.679999828338623,5300,0.0,0.0
2022-04-25 00:00:00-04:00,7.510000228881836,7.639999866485596,7.150000095367432,7.46999979019165,17400,0.0,0.0
2022-04-26 00:00:00-04:00,7.519999980926514,7.519999980926514,7.230000019073486,7.349999904632568,2200,0.0,0.0
2022-04-27 00:00:00-04:00,7.420000076293945,7.460000038146973,7.269999980926514,7.349999904632568,5500,0.0,0.0
2022-04-28 00:00:00-04:00,7.46999979019165,7.46999979019165,7.329999923706055,7.369999885559082,8600,0.0,0.0
2022-04-29 00:00:00-04:00,7.340000152587891,7.429999828338623,7.329999923706055,7.360000133514404,6000,0.0,0.0
2022-05-02 00:00:00-04:00,7.46999979019165,7.96999979019165,7.46999979019165,7.920000076293945,17300,0.0,0.0
2022-05-03 00:00:00-04:00,7.869999885559082,7.980000019073486,7.820000171661377,7.96999979019165,28300,0.0,0.0
2022-05-04 00:00:00-04:00,8.010000228881836,8.180000305175781,7.760000228881836,8.079999923706055,10600,0.0,0.0
2022-05-05 00:00:00-04:00,8.140000343322754,8.180000305175781,7.96999979019165,8.039999961853027,8100,0.0,0.0
2022-05-06 00:00:00-04:00,8.039999961853027,8.039999961853027,7.940000057220459,7.980000019073486,2800,0.0,0.0
2022-05-09 00:00:00-04:00,7.699999809265137,7.75,7.369999885559082,7.75,15800,0.0,0.0
2022-05-10 00:00:00-04:00,7.53000020980835,7.739999771118164,7.510000228881836,7.699999809265137,5300,0.0,0.0
2022-05-11 00:00:00-04:00,7.730000019073486,7.730000019073486,7.5,7.610000133514404,1700,0.0,0.0
2022-05-12 00:00:00-04:00,7.519999980926514,7.599999904632568,7.300000190734863,7.489999771118164,13700,0.0,0.0
2022-05-13 00:00:00-04:00,7.75,8.390000343322754,7.699999809265137,8.390000343322754,44500,0.0,0.0
2022-05-16 00:00:00-04:00,8.420000076293945,8.470000267028809,7.909999847412109,8.350000381469727,11400,0.0,0.0
2022-05-17 00:00:00-04:00,8.180000305175781,8.5600004196167,8.180000305175781,8.489999771118164,12800,0.0,0.0
2022-05-18 00:00:00-04:00,8.5,8.5,8.130000114440918,8.260000228881836,5700,0.0,0.0
2022-05-19 00:00:00-04:00,8.390000343322754,8.649999618530273,8.289999961853027,8.640000343322754,8000,0.0,0.0
2022-05-20 00:00:00-04:00,8.649999618530273,8.649999618530273,8.210000038146973,8.380000114440918,4900,0.0,0.0
2022-05-23 00:00:00-04:00,8.34000015258789,8.569999694824219,8.1899995803833,8.369999885559082,15500,0.0,0.0
2022-05-24 00:00:00-04:00,8.399999618530273,8.539999961853027,8.399999618530273,8.430000305175781,2900,0.0,0.0
2022-05-25 00:00:00-04:00,8.5,8.569999694824219,8.350000381469727,8.430000305175781,16000,0.0,0.0
2022-05-26 00:00:00-04:00,8.329999923706055,8.5,8.170000076293945,8.40999984741211,9600,0.0,0.0
2022-05-27 00:00:00-04:00,8.420000076293945,8.59000015258789,8.020000457763672,8.59000015258789,20700,0.0,0.0
2022-05-31 00:00:00-04:00,8.800000190734863,9.270000457763672,8.529999732971191,9.0600004196167,56600,0.0,0.0
2022-06-01 00:00:00-04:00,9.1899995803833,9.479999542236328,9.149999618530273,9.199999809265137,36900,0.0,0.0
2022-06-02 00:00:00-04:00,9.289999961853027,9.4399995803833,9.0,9.430000305175781,42900,0.0,0.0
2022-06-03 00:00:00-04:00,9.430000305175781,9.4399995803833,9.149999618530273,9.4399995803833,12300,0.0,0.0
2022-06-06 00:00:00-04:00,9.5600004196167,9.930000305175781,9.5600004196167,9.699999809265137,90200,0.0,0.0
2022-06-07 00:00:00-04:00,9.9399995803833,10.420000076293945,9.84000015258789,10.149999618530273,109300,0.0,0.0
2022-06-08 00:00:00-04:00,10.300000190734863,10.430000305175781,10.270000457763672,10.300000190734863,32600,0.0,0.0
2022-06-09 00:00:00-04:00,10.520000457763672,10.850000381469727,10.359999656677246,10.430000305175781,79800,0.0,0.0
2022-06-10 00:00:00-04:00,10.550000190734863,10.90999984741211,10.449999809265137,10.84000015258789,42600,0.0,0.0
2022-06-13 00:00:00-04:00,10.699999809265137,10.949999809265137,9.510000228881836,9.8100004196167,99400,0.0,0.0
2022-06-14 00:00:00-04:00,9.5,10.140000343322754,9.5,9.979999542236328,51500,0.0,0.0
2022-06-15 00:00:00-04:00,10.010000228881836,10.390000343322754,9.989999771118164,10.130000114440918,32500,0.0,0.0
2022-06-16 00:00:00-04:00,10.029999732971191,10.59000015258789,9.520000457763672,10.029999732971191,38700,0.0,0.0
2022-06-17 00:00:00-04:00,10.199999809265137,10.329999923706055,10.0,10.109999656677246,85600,0.0,0.0
2022-06-21 00:00:00-04:00,10.109999656677246,10.710000038146973,10.100000381469727,10.210000038146973,58000,0.0,0.0
2022-06-22 00:00:00-04:00,10.210000038146973,10.40999984741211,10.109999656677246,10.149999618530273,33100,0.0,0.0
2022-06-23 00:00:00-04:00,10.149999618530273,10.720000267028809,10.149999618530273,10.380000114440918,31200,0.0,0.0
2022-06-24 00:00:00-04:00,10.479999542236328,10.800000190734863,10.3100004196167,10.529999732971191,84700,0.0,0.0
2022-06-27 00:00:00-04:00,10.600000381469727,11.34000015258789,10.600000381469727,11.119999885559082,141800,0.0,0.0
2022-06-28 00:00:00-04:00,11.520000457763672,11.619999885559082,11.260000228881836,11.399999618530273,90300,0.0,0.0
2022-06-29 00:00:00-04:00,11.65999984741211,12.079999923706055,11.470000267028809,12.010000228881836,242300,0.0,0.0
2022-06-30 00:00:00-04:00,12.180000305175781,12.890000343322754,12.119999885559082,12.739999771118164,224400,0.0,0.0
2022-07-01 00:00:00-04:00,12.6899995803833,13.220000267028809,12.5,12.579999923706055,202600,0.0,0.0
2022-07-05 00:00:00-04:00,12.329999923706055,12.420000076293945,10.09000015258789,10.550000190734863,271800,0.0,0.0
2022-07-06 00:00:00-04:00,10.739999771118164,11.760000228881836,10.600000381469727,11.760000228881836,147800,0.0,0.0
2022-07-07 00:00:00-04:00,11.979999542236328,12.479999542236328,11.979999542236328,12.420000076293945,81500,0.0,0.0
2022-07-08 00:00:00-04:00,12.420000076293945,12.739999771118164,12.3100004196167,12.399999618530273,118000,0.0,0.0
2022-07-11 00:00:00-04:00,12.5,12.890000343322754,11.520000457763672,11.920000076293945,246400,0.0,0.0
2022-07-12 00:00:00-04:00,12.350000381469727,12.460000038146973,11.100000381469727,11.520000457763672,110200,0.0,0.0
2022-07-13 00:00:00-04:00,11.329999923706055,12.359999656677246,11.329999923706055,12.220000267028809,82800,0.0,0.0
2022-07-14 00:00:00-04:00,12.34000015258789,12.420000076293945,11.5,12.140000343322754,87900,0.0,0.0
2022-07-15 00:00:00-04:00,12.199999809265137,12.34000015258789,11.699999809265137,12.15999984741211,130100,0.0,0.0
2022-07-18 00:00:00-04:00,12.489999771118164,12.489999771118164,11.5,11.520000457763672,150500,0.0,0.0
2022-07-19 00:00:00-04:00,11.5,12.25,11.5,12.130000114440918,69400,0.0,0.0
2022-07-20 00:00:00-04:00,12.140000343322754,12.289999961853027,11.789999961853027,12.239999771118164,65200,0.0,0.0
2022-07-21 00:00:00-04:00,12.300000190734863,12.399999618530273,12.149999618530273,12.239999771118164,64800,0.0,0.0
2022-07-22 00:00:00-04:00,12.239999771118164,12.760000228881836,12.039999961853027,12.720000267028809,146200,0.0,0.0
2022-07-25 00:00:00-04:00,12.819999694824219,13.859999656677246,12.819999694824219,13.369999885559082,353600,0.0,0.0
2022-07-26 00:00:00-04:00,13.489999771118164,13.670000076293945,13.100000381469727,13.529999732971191,221500,0.0,0.0
2022-07-27 00:00:00-04:00,13.859999656677246,14.479999542236328,13.640000343322754,14.390000343322754,234200,0.0,0.0
2022-07-28 00:00:00-04:00,15.050000190734863,15.050000190734863,12.59000015258789,12.989999771118164,329200,0.0,0.0
2022-07-29 00:00:00-04:00,12.869999885559082,13.170000076293945,12.34000015258789,13.0,201400,0.0,0.0
2022-08-01 00:00:00-04:00,12.859999656677246,12.880000114440918,11.34000015258789,12.239999771118164,293000,0.0,0.0
2022-08-02 00:00:00-04:00,12.140000343322754,12.289999961853027,11.880000114440918,11.9399995803833,92300,0.0,0.0
2022-08-03 00:00:00-04:00,11.880000114440918,11.970000267028809,11.510000228881836,11.770000457763672,103100,0.0,0.0
2022-08-04 00:00:00-04:00,11.609999656677246,11.829999923706055,11.119999885559082,11.5600004196167,96900,0.0,0.0
2022-08-05 00:00:00-04:00,11.430000305175781,11.989999771118164,11.390000343322754,11.850000381469727,72300,0.0,0.0
2022-08-08 00:00:00-04:00,11.850000381469727,12.569999694824219,11.800000190734863,12.460000038146973,105900,0.0,0.0
2022-08-09 00:00:00-04:00,12.4399995803833,12.90999984741211,12.4399995803833,12.859999656677246,68900,0.0,0.0
2022-08-10 00:00:00-04:00,12.920000076293945,13.930000305175781,12.65999984741211,13.899999618530273,196300,0.0,0.0
2022-08-11 00:00:00-04:00,14.1899995803833,14.369999885559082,13.149999618530273,13.779999732971191,229400,0.0,0.0
2022-08-12 00:00:00-04:00,14.369999885559082,15.779999732971191,14.069999694824219,15.329999923706055,414900,0.0,0.0
2022-08-15 00:00:00-04:00,15.329999923706055,15.399999618530273,14.859999656677246,15.020000457763672,238400,0.0,0.0
2022-08-16 00:00:00-04:00,15.050000190734863,15.760000228881836,14.960000038146973,15.5600004196167,532100,0.0,0.0
2022-08-17 00:00:00-04:00,15.770000457763672,17.190000534057617,15.770000457763672,16.489999771118164,410900,0.0,0.0
2022-08-18 00:00:00-04:00,16.479999542236328,17.399999618530273,16.399999618530273,17.030000686645508,213400,0.0,0.0
2022-08-19 00:00:00-04:00,17.200000762939453,17.5,15.979999542236328,17.25,167800,0.0,0.0
2022-08-22 00:00:00-04:00,17.1200008392334,17.149999618530273,16.030000686645508,16.219999313354492,172700,0.0,0.0
2022-08-23 00:00:00-04:00,16.1200008392334,17.8799991607666,16.020000457763672,17.649999618530273,197300,0.0,0.0
2022-08-24 00:00:00-04:00,17.200000762939453,17.350000381469727,15.40999984741211,15.800000190734863,285300,0.0,0.0
2022-08-25 00:00:00-04:00,15.829999923706055,16.489999771118164,15.819999694824219,16.360000610351562,112200,0.0,0.0
2022-08-26 00:00:00-04:00,16.299999237060547,16.469999313354492,15.960000038146973,16.110000610351562,83500,0.0,0.0
2022-08-29 00:00:00-04:00,15.850000381469727,16.049999237060547,15.369999885559082,15.609999656677246,91900,0.0,0.0
2022-08-30 00:00:00-04:00,15.59000015258789,15.739999771118164,15.039999961853027,15.270000457763672,91400,0.0,0.0
2022-08-31 00:00:00-04:00,15.329999923706055,15.720000267028809,15.0600004196167,15.300000190734863,51400,0.0,0.0
2022-09-01 00:00:00-04:00,14.869999885559082,15.029999732971191,14.270000457763672,14.539999961853027,103900,0.0,0.0
2022-09-02 00:00:00-04:00,14.539999961853027,15.65999984741211,14.170000076293945,14.350000381469727,82800,0.0,0.0
2022-09-06 00:00:00-04:00,14.350000381469727,14.819999694824219,14.0,14.3100004196167,105600,0.0,0.0
2022-09-07 00:00:00-04:00,14.229999542236328,15.050000190734863,14.109999656677246,14.670000076293945,61200,0.0,0.0
2022-09-08 00:00:00-04:00,14.670000076293945,14.9399995803833,14.390000343322754,14.5600004196167,51200,0.0,0.0
2022-09-09 00:00:00-04:00,14.649999618530273,15.359999656677246,14.640000343322754,15.0,103700,0.0,0.0
2022-09-12 00:00:00-04:00,15.029999732971191,15.670000076293945,14.640000343322754,14.859999656677246,83200,0.0,0.0
2022-09-13 00:00:00-04:00,14.199999809265137,14.640000343322754,14.0,14.229999542236328,66400,0.0,0.0
2022-09-14 00:00:00-04:00,14.3100004196167,14.34000015258789,13.539999961853027,14.029999732971191,79400,0.0,0.0
2022-09-15 00:00:00-04:00,14.15999984741211,14.199999809265137,13.329999923706055,13.329999923706055,69400,0.0,0.0
2022-09-16 00:00:00-04:00,13.0600004196167,13.140000343322754,11.779999732971191,12.15999984741211,188100,0.0,0.0
2022-09-19 00:00:00-04:00,12.0,12.199999809265137,11.800000190734863,11.960000038146973,138200,0.0,0.0
2022-09-20 00:00:00-04:00,11.890000343322754,11.960000038146973,11.6899995803833,11.739999771118164,52700,0.0,0.0
2022-09-21 00:00:00-04:00,11.779999732971191,12.0600004196167,11.550000190734863,11.569999694824219,58700,0.0,0.0
2022-09-22 00:00:00-04:00,11.5600004196167,11.65999984741211,10.920000076293945,11.0600004196167,130200,0.0,0.0
2022-09-23 00:00:00-04:00,10.920000076293945,10.920000076293945,10.020000457763672,10.449999809265137,114300,0.0,0.0
2022-09-26 00:00:00-04:00,10.449999809265137,11.229999542236328,10.4399995803833,10.739999771118164,81700,0.0,0.0
2022-09-27 00:00:00-04:00,10.899999618530273,11.359999656677246,10.739999771118164,11.350000381469727,72100,0.0,0.0
2022-09-28 00:00:00-04:00,11.359999656677246,11.600000381469727,11.229999542236328,11.399999618530273,50500,0.0,0.0
2022-09-29 00:00:00-04:00,11.100000381469727,11.210000038146973,10.779999732971191,10.8100004196167,38600,0.0,0.0
2022-09-30 00:00:00-04:00,10.819999694824219,11.449999809265137,10.819999694824219,11.149999618530273,54000,0.0,0.0
2022-10-03 00:00:00-04:00,11.369999885559082,11.380000114440918,10.8100004196167,11.130000114440918,56300,0.0,0.0
2022-10-04 00:00:00-04:00,11.130000114440918,11.449999809265137,11.130000114440918,11.210000038146973,34900,0.0,0.0
2022-10-05 00:00:00-04:00,11.109999656677246,11.470000267028809,10.869999885559082,11.3100004196167,66400,0.0,0.0
2022-10-06 00:00:00-04:00,11.449999809265137,11.800000190734863,11.279999732971191,11.489999771118164,51200,0.0,0.0
2022-10-07 00:00:00-04:00,11.34000015258789,11.619999885559082,10.779999732971191,10.779999732971191,49100,0.0,0.0
2022-10-10 00:00:00-04:00,10.84000015258789,11.0600004196167,10.5,10.989999771118164,87900,0.0,0.0
2022-10-11 00:00:00-04:00,10.9399995803833,11.149999618530273,10.65999984741211,10.75,37300,0.0,0.0
2022-10-12 00:00:00-04:00,10.699999809265137,11.170000076293945,10.649999618530273,10.899999618530273,31100,0.0,0.0
2022-10-13 00:00:00-04:00,10.65999984741211,11.279999732971191,10.520000457763672,11.239999771118164,53100,0.0,0.0
2022-10-14 00:00:00-04:00,11.350000381469727,11.449999809265137,10.890000343322754,10.960000038146973,29700,0.0,0.0
2022-10-17 00:00:00-04:00,10.960000038146973,11.0,10.470000267028809,10.550000190734863,126900,0.0,0.0
2022-10-18 00:00:00-04:00,10.609999656677246,10.890000343322754,10.489999771118164,10.699999809265137,64200,0.0,0.0
2022-10-19 00:00:00-04:00,10.649999618530273,10.789999961853027,10.34000015258789,10.470000267028809,39900,0.0,0.0
2022-10-20 00:00:00-04:00,10.430000305175781,10.670000076293945,10.25,10.270000457763672,29500,0.0,0.0
2022-10-21 00:00:00-04:00,10.229999542236328,10.880000114440918,10.119999885559082,10.65999984741211,49300,0.0,0.0
2022-10-24 00:00:00-04:00,10.5600004196167,10.84000015258789,10.420000076293945,10.789999961853027,32800,0.0,0.0
2022-10-25 00:00:00-04:00,10.75,11.430000305175781,10.75,11.130000114440918,77600,0.0,0.0
2022-10-26 00:00:00-04:00,11.130000114440918,11.6899995803833,11.09000015258789,11.520000457763672,55200,0.0,0.0
2022-10-27 00:00:00-04:00,11.670000076293945,11.989999771118164,11.550000190734863,11.680000305175781,42800,0.0,0.0
2022-10-28 00:00:00-04:00,11.800000190734863,12.170000076293945,11.729999542236328,11.970000267028809,41300,0.0,0.0
2022-10-31 00:00:00-04:00,12.020000457763672,12.029999732971191,11.380000114440918,11.470000267028809,33400,0.0,0.0
2022-11-01 00:00:00-04:00,11.630000114440918,11.869999885559082,11.3100004196167,11.720000267028809,66100,0.0,0.0
2022-11-02 00:00:00-04:00,11.720000267028809,11.920000076293945,11.380000114440918,11.529999732971191,24200,0.0,0.0
2022-11-03 00:00:00-04:00,11.460000038146973,11.489999771118164,11.15999984741211,11.25,53400,0.0,0.0
2022-11-04 00:00:00-04:00,11.25,11.329999923706055,9.850000381469727,10.420000076293945,116400,0.0,0.0
2022-11-07 00:00:00-05:00,10.399999618530273,10.75,10.119999885559082,10.5600004196167,53800,0.0,0.0
2022-11-08 00:00:00-05:00,10.710000038146973,10.720000267028809,10.180000305175781,10.529999732971191,39600,0.0,0.0
2022-11-09 00:00:00-05:00,10.210000038146973,10.75,10.1899995803833,10.5600004196167,49100,0.0,0.0
2022-11-10 00:00:00-05:00,10.640000343322754,11.0,10.550000190734863,10.699999809265137,48200,0.0,0.0
2022-11-11 00:00:00-05:00,11.220000267028809,11.25,10.010000228881836,10.229999542236328,145100,0.0,0.0
2022-11-14 00:00:00-05:00,10.199999809265137,10.989999771118164,10.199999809265137,10.75,84200,0.0,0.0
2022-11-15 00:00:00-05:00,11.050000190734863,11.989999771118164,10.930000305175781,11.210000038146973,101600,0.0,0.0
2022-11-16 00:00:00-05:00,11.369999885559082,11.899999618530273,10.729999542236328,10.850000381469727,50600,0.0,0.0
2022-11-17 00:00:00-05:00,10.84000015258789,11.180000305175781,10.729999542236328,11.029999732971191,50200,0.0,0.0
2022-11-18 00:00:00-05:00,11.199999809265137,11.199999809265137,9.9399995803833,10.329999923706055,81600,0.0,0.0
2022-11-21 00:00:00-05:00,10.40999984741211,10.5,10.180000305175781,10.40999984741211,43200,0.0,0.0
2022-11-22 00:00:00-05:00,10.510000228881836,10.640000343322754,10.119999885559082,10.34000015258789,68700,0.0,0.0
2022-11-23 00:00:00-05:00,10.380000114440918,10.819999694824219,10.289999961853027,10.529999732971191,39000,0.0,0.0
2022-11-25 00:00:00-05:00,10.449999809265137,10.779999732971191,10.369999885559082,10.449999809265137,23100,0.0,0.0
2022-11-28 00:00:00-05:00,10.430000305175781,10.520000457763672,9.920000076293945,10.109999656677246,101400,0.0,0.0
2022-11-29 00:00:00-05:00,10.239999771118164,10.289999961853027,10.029999732971191,10.09000015258789,37000,0.0,0.0
2022-11-30 00:00:00-05:00,10.1899995803833,10.1899995803833,9.8100004196167,10.039999961853027,60300,0.0,0.0
2022-12-01 00:00:00-05:00,10.039999961853027,10.630000114440918,9.989999771118164,10.59000015258789,64900,0.0,0.0
2022-12-02 00:00:00-05:00,10.350000381469727,11.079999923706055,10.25,11.069999694824219,81000,0.0,0.0
2022-12-05 00:00:00-05:00,11.039999961853027,11.369999885559082,10.75,10.770000457763672,66000,0.0,0.0
2022-12-06 00:00:00-05:00,10.930000305175781,11.6899995803833,10.770000457763672,11.489999771118164,85200,0.0,0.0
2022-12-07 00:00:00-05:00,11.319999694824219,11.869999885559082,11.100000381469727,11.260000228881836,51600,0.0,0.0
2022-12-08 00:00:00-05:00,11.65999984741211,11.9399995803833,11.350000381469727,11.899999618530273,69800,0.0,0.0
2022-12-09 00:00:00-05:00,11.930000305175781,11.930000305175781,11.130000114440918,11.270000457763672,34600,0.0,0.0
2022-12-12 00:00:00-05:00,11.300000190734863,11.390000343322754,11.010000228881836,11.029999732971191,29200,0.0,0.0
2022-12-13 00:00:00-05:00,11.0600004196167,12.010000228881836,11.0,11.649999618530273,62100,0.0,0.0
2022-12-14 00:00:00-05:00,11.819999694824219,12.84000015258789,11.819999694824219,12.319999694824219,98700,0.0,0.0
2022-12-15 00:00:00-05:00,12.350000381469727,12.729999542236328,12.069999694824219,12.09000015258789,67100,0.0,0.0
2022-12-16 00:00:00-05:00,12.010000228881836,12.470000267028809,11.779999732971191,12.149999618530273,49900,0.0,0.0
2022-12-19 00:00:00-05:00,11.960000038146973,12.069999694824219,11.260000228881836,11.329999923706055,72000,0.0,0.0
2022-12-20 00:00:00-05:00,11.25,11.670000076293945,11.229999542236328,11.399999618530273,27800,0.0,0.0
2022-12-21 00:00:00-05:00,11.550000190734863,12.0,11.539999961853027,12.0,36900,0.0,0.0
2022-12-22 00:00:00-05:00,11.989999771118164,11.989999771118164,11.239999771118164,11.789999961853027,46700,0.0,0.0
2022-12-23 00:00:00-05:00,11.75,11.84000015258789,11.300000190734863,11.5,22000,0.0,0.0
2022-12-27 00:00:00-05:00,11.420000076293945,11.699999809265137,11.149999618530273,11.390000343322754,25100,0.0,0.0
2022-12-28 00:00:00-05:00,11.520000457763672,11.670000076293945,11.119999885559082,11.289999961853027,27400,0.0,0.0
2022-12-29 00:00:00-05:00,11.130000114440918,11.739999771118164,11.130000114440918,11.479999542236328,24000,0.0,0.0
2022-12-30 00:00:00-05:00,11.520000457763672,11.890000343322754,11.350000381469727,11.6899995803833,24900,0.0,0.0
2023-01-03 00:00:00-05:00,11.779999732971191,12.0,11.40999984741211,11.479999542236328,44600,0.0,0.0
2023-01-04 00:00:00-05:00,11.770000457763672,12.319999694824219,11.520000457763672,12.069999694824219,42900,0.0,0.0
2023-01-05 00:00:00-05:00,12.079999923706055,12.1899995803833,11.649999618530273,11.729999542236328,50100,0.0,0.0
2023-01-06 00:00:00-05:00,11.9399995803833,12.380000114440918,11.760000228881836,12.109999656677246,43100,0.0,0.0
2023-01-09 00:00:00-05:00,12.359999656677246,12.649999618530273,12.170000076293945,12.420000076293945,39600,0.0,0.0
2023-01-10 00:00:00-05:00,12.359999656677246,12.59000015258789,12.300000190734863,12.420000076293945,38900,0.0,0.0
2023-01-11 00:00:00-05:00,12.470000267028809,12.739999771118164,12.460000038146973,12.649999618530273,31000,0.0,0.0
2023-01-12 00:00:00-05:00,12.84000015258789,13.649999618530273,12.819999694824219,13.350000381469727,54400,0.0,0.0
2023-01-13 00:00:00-05:00,13.350000381469727,13.979999542236328,13.350000381469727,13.550000190734863,62700,0.0,0.0
2023-01-17 00:00:00-05:00,13.59000015258789,14.239999771118164,13.5,13.640000343322754,53900,0.0,0.0
2023-01-18 00:00:00-05:00,13.699999809265137,13.880000114440918,13.0,13.039999961853027,42900,0.0,0.0
2023-01-19 00:00:00-05:00,13.0,13.0,12.390000343322754,12.489999771118164,28700,0.0,0.0
2023-01-20 00:00:00-05:00,12.859999656677246,13.40999984741211,12.479999542236328,13.40999984741211,46500,0.0,0.0
2023-01-23 00:00:00-05:00,13.380000114440918,14.020000457763672,13.319999694824219,13.729999542236328,63400,0.0,0.0
2023-01-24 00:00:00-05:00,13.699999809265137,13.699999809265137,12.279999732971191,12.3100004196167,106000,0.0,0.0
2023-01-25 00:00:00-05:00,12.3100004196167,12.510000228881836,11.579999923706055,11.619999885559082,82500,0.0,0.0
2023-01-26 00:00:00-05:00,11.9399995803833,12.180000305175781,11.34000015258789,12.180000305175781,111400,0.0,0.0
2023-01-27 00:00:00-05:00,11.970000267028809,12.470000267028809,11.869999885559082,11.869999885559082,61800,0.0,0.0
2023-01-30 00:00:00-05:00,11.869999885559082,12.260000228881836,11.600000381469727,12.140000343322754,50900,0.0,0.0
2023-01-31 00:00:00-05:00,12.130000114440918,12.649999618530273,12.0600004196167,12.470000267028809,38800,0.0,0.0
2023-02-01 00:00:00-05:00,12.149999618530273,12.25,11.800000190734863,12.010000228881836,49600,0.0,0.0
2023-02-02 00:00:00-05:00,12.069999694824219,12.390000343322754,12.010000228881836,12.100000381469727,59300,0.0,0.0
2023-02-03 00:00:00-05:00,12.199999809265137,12.270000457763672,11.399999618530273,11.470000267028809,100500,0.0,0.0
2023-02-06 00:00:00-05:00,11.199999809265137,11.420000076293945,10.800000190734863,11.149999618530273,153100,0.0,0.0
2023-02-07 00:00:00-05:00,11.130000114440918,11.430000305175781,10.890000343322754,11.119999885559082,83500,0.0,0.0
2023-02-08 00:00:00-05:00,10.9399995803833,11.289999961853027,10.850000381469727,11.100000381469727,66400,0.0,0.0
2023-02-09 00:00:00-05:00,11.399999618530273,11.449999809265137,10.979999542236328,11.100000381469727,42900,0.0,0.0
2023-02-10 00:00:00-05:00,10.880000114440918,11.0600004196167,10.880000114440918,10.880000114440918,25300,0.0,0.0
2023-02-13 00:00:00-05:00,11.199999809265137,11.380000114440918,10.920000076293945,11.350000381469727,46700,0.0,0.0
2023-02-14 00:00:00-05:00,11.300000190734863,11.600000381469727,11.119999885559082,11.369999885559082,46100,0.0,0.0
2023-02-15 00:00:00-05:00,11.390000343322754,11.619999885559082,11.260000228881836,11.520000457763672,27600,0.0,0.0
2023-02-16 00:00:00-05:00,11.449999809265137,11.789999961853027,11.390000343322754,11.600000381469727,35700,0.0,0.0
2023-02-17 00:00:00-05:00,11.640000343322754,11.640000343322754,11.119999885559082,11.119999885559082,41700,0.0,0.0
2023-02-21 00:00:00-05:00,10.770000457763672,11.149999618530273,10.119999885559082,10.350000381469727,164700,0.0,0.0
2023-02-22 00:00:00-05:00,10.6899995803833,11.15999984741211,10.350000381469727,10.8100004196167,59600,0.0,0.0
2023-02-23 00:00:00-05:00,10.899999618530273,11.220000267028809,10.5,10.680000305175781,55300,0.0,0.0
2023-02-24 00:00:00-05:00,10.520000457763672,10.609999656677246,10.260000228881836,10.539999961853027,23600,0.0,0.0
2023-02-27 00:00:00-05:00,10.649999618530273,10.670000076293945,10.40999984741211,10.600000381469727,29500,0.0,0.0
2023-02-28 00:00:00-05:00,10.569999694824219,10.979999542236328,10.479999542236328,10.619999885559082,29200,0.0,0.0
2023-03-01 00:00:00-05:00,10.640000343322754,10.850000381469727,10.569999694824219,10.600000381469727,23800,0.0,0.0
2023-03-02 00:00:00-05:00,10.579999923706055,10.920000076293945,10.579999923706055,10.779999732971191,44800,0.0,0.0
2023-03-03 00:00:00-05:00,10.859999656677246,11.109999656677246,10.75,10.949999809265137,51200,0.0,0.0
2023-03-06 00:00:00-05:00,11.09000015258789,11.149999618530273,10.399999618530273,10.399999618530273,53200,0.0,0.0
2023-03-07 00:00:00-05:00,10.529999732971191,10.720000267028809,10.119999885559082,10.199999809265137,41100,0.0,0.0
2023-03-08 00:00:00-05:00,10.619999885559082,10.649999618530273,9.510000228881836,10.289999961853027,112300,0.0,0.0
2023-03-09 00:00:00-05:00,10.380000114440918,10.399999618530273,10.140000343322754,10.199999809265137,60300,0.0,0.0
2023-03-10 00:00:00-05:00,10.09000015258789,10.09000015258789,9.260000228881836,9.630000114440918,91400,0.0,0.0
2023-03-13 00:00:00-04:00,9.350000381469727,9.520000457763672,8.800000190734863,9.390000343322754,93300,0.0,0.0
2023-03-14 00:00:00-04:00,9.40999984741211,9.569999694824219,9.15999984741211,9.279999732971191,65400,0.0,0.0
2023-03-15 00:00:00-04:00,9.050000190734863,9.109999656677246,8.829999923706055,8.829999923706055,55100,0.0,0.0
2023-03-16 00:00:00-04:00,8.800000190734863,9.359999656677246,8.770000457763672,9.279999732971191,37800,0.0,0.0
2023-03-17 00:00:00-04:00,9.239999771118164,9.850000381469727,9.069999694824219,9.5,96100,0.0,0.0
2023-03-20 00:00:00-04:00,9.539999961853027,9.729999542236328,9.210000038146973,9.510000228881836,20900,0.0,0.0
2023-03-21 00:00:00-04:00,9.8100004196167,9.9399995803833,9.649999618530273,9.65999984741211,11400,0.0,0.0
2023-03-22 00:00:00-04:00,9.75,9.75,9.279999732971191,9.289999961853027,15500,0.0,0.0
2023-03-23 00:00:00-04:00,9.319999694824219,9.819999694824219,9.180000305175781,9.300000190734863,37500,0.0,0.0
2023-03-24 00:00:00-04:00,9.140000343322754,9.140000343322754,8.75,8.90999984741211,38100,0.0,0.0
2023-03-27 00:00:00-04:00,8.800000190734863,9.180000305175781,8.699999809265137,8.970000267028809,56700,0.0,0.0
2023-03-28 00:00:00-04:00,9.020000457763672,9.449999809265137,8.770000457763672,9.279999732971191,19500,0.0,0.0
2023-03-29 00:00:00-04:00,9.369999885559082,9.579999923706055,9.260000228881836,9.34000015258789,25000,0.0,0.0
2023-03-30 00:00:00-04:00,9.460000038146973,9.600000381469727,9.279999732971191,9.399999618530273,16900,0.0,0.0
2023-03-31 00:00:00-04:00,9.449999809265137,9.630000114440918,9.09000015258789,9.40999984741211,47500,0.0,0.0
2023-04-03 00:00:00-04:00,9.319999694824219,9.40999984741211,9.109999656677246,9.399999618530273,41100,0.0,0.0
2023-04-04 00:00:00-04:00,9.5,9.5,8.949999809265137,9.229999542236328,25200,0.0,0.0
2023-04-05 00:00:00-04:00,8.869999885559082,9.050000190734863,8.720000267028809,9.0,31100,0.0,0.0
2023-04-06 00:00:00-04:00,8.800000190734863,9.039999961853027,8.600000381469727,8.630000114440918,30300,0.0,0.0
2023-04-10 00:00:00-04:00,8.630000114440918,9.399999618530273,8.630000114440918,9.220000267028809,43400,0.0,0.0
2023-04-11 00:00:00-04:00,9.34000015258789,9.479999542236328,8.970000267028809,8.970000267028809,27400,0.0,0.0
2023-04-12 00:00:00-04:00,9.199999809265137,9.350000381469727,8.680000305175781,8.770000457763672,25500,0.0,0.0
2023-04-13 00:00:00-04:00,8.760000228881836,9.100000381469727,8.699999809265137,9.100000381469727,27300,0.0,0.0
2023-04-14 00:00:00-04:00,9.0,9.0,8.699999809265137,8.710000038146973,17300,0.0,0.0
2023-04-17 00:00:00-04:00,8.84000015258789,8.899999618530273,8.630000114440918,8.800000190734863,37600,0.0,0.0
2023-04-18 00:00:00-04:00,8.729999542236328,8.880000114440918,8.600000381469727,8.760000228881836,25000,0.0,0.0
2023-04-19 00:00:00-04:00,8.720000267028809,8.869999885559082,8.550000190734863,8.729999542236328,26200,0.0,0.0
2023-04-20 00:00:00-04:00,8.609999656677246,8.680000305175781,8.399999618530273,8.479999542236328,20700,0.0,0.0
2023-04-21 00:00:00-04:00,8.420000076293945,8.550000190734863,8.300000190734863,8.539999961853027,11500,0.0,0.0
2023-04-24 00:00:00-04:00,8.460000038146973,8.850000381469727,8.40999984741211,8.470000267028809,76800,0.0,0.0
2023-04-25 00:00:00-04:00,8.460000038146973,8.75,8.220000267028809,8.359999656677246,37100,0.0,0.0
2023-04-26 00:00:00-04:00,8.180000305175781,8.260000228881836,7.849999904632568,8.0,73300,0.0,0.0
2023-04-27 00:00:00-04:00,8.050000190734863,8.270000457763672,7.800000190734863,8.140000343322754,40300,0.0,0.0
2023-04-28 00:00:00-04:00,8.239999771118164,8.4399995803833,8.210000038146973,8.4399995803833,18200,0.0,0.0
2023-05-01 00:00:00-04:00,8.40999984741211,8.600000381469727,8.329999923706055,8.40999984741211,23900,0.0,0.0
2023-05-02 00:00:00-04:00,8.479999542236328,8.670000076293945,8.359999656677246,8.5,41300,0.0,0.0
2023-05-03 00:00:00-04:00,5.0,6.599999904632568,5.0,6.519999980926514,250600,0.0,0.0
2023-05-04 00:00:00-04:00,6.630000114440918,6.820000171661377,6.28000020980835,6.429999828338623,150600,0.0,0.0
2023-05-05 00:00:00-04:00,6.360000133514404,6.679999828338623,5.960000038146973,6.070000171661377,117400,0.0,0.0
2023-05-08 00:00:00-04:00,6.070000171661377,6.099999904632568,5.75,5.829999923706055,120100,0.0,0.0
2023-05-09 00:00:00-04:00,5.829999923706055,6.480000019073486,5.78000020980835,5.929999828338623,70200,0.0,0.0
2023-05-10 00:00:00-04:00,6.019999980926514,6.170000076293945,5.849999904632568,6.059999942779541,39500,0.0,0.0
2023-05-11 00:00:00-04:00,5.989999771118164,6.150000095367432,5.800000190734863,5.829999923706055,69500,0.0,0.0
2023-05-12 00:00:00-04:00,5.820000171661377,5.889999866485596,5.389999866485596,5.75,108400,0.0,0.0
2023-05-15 00:00:00-04:00,5.679999828338623,5.900000095367432,5.579999923706055,5.78000020980835,71000,0.0,0.0
2023-05-16 00:00:00-04:00,5.71999979019165,5.869999885559082,5.650000095367432,5.659999847412109,23600,0.0,0.0
2023-05-17 00:00:00-04:00,5.670000076293945,5.789999961853027,5.550000190734863,5.690000057220459,46200,0.0,0.0
2023-05-18 00:00:00-04:00,5.519999980926514,5.730000019073486,5.510000228881836,5.579999923706055,53000,0.0,0.0
2023-05-19 00:00:00-04:00,5.579999923706055,5.579999923706055,5.260000228881836,5.269999980926514,53000,0.0,0.0
2023-05-22 00:00:00-04:00,5.239999771118164,5.849999904632568,5.239999771118164,5.739999771118164,91500,0.0,0.0
2023-05-23 00:00:00-04:00,5.579999923706055,5.840000152587891,5.539999961853027,5.559999942779541,52300,0.0,0.0
2023-05-24 00:00:00-04:00,5.510000228881836,5.650000095367432,5.349999904632568,5.440000057220459,63200,0.0,0.0
2023-05-25 00:00:00-04:00,5.539999961853027,5.880000114440918,5.510000228881836,5.760000228881836,59900,0.0,0.0
2023-05-26 00:00:00-04:00,5.880000114440918,6.139999866485596,5.800000190734863,5.920000076293945,55100,0.0,0.0
2023-05-30 00:00:00-04:00,5.909999847412109,5.989999771118164,5.590000152587891,5.639999866485596,54700,0.0,0.0
2023-05-31 00:00:00-04:00,5.579999923706055,5.820000171661377,5.349999904632568,5.610000133514404,76600,0.0,0.0
2023-06-01 00:00:00-04:00,5.75,6.0,5.659999847412109,5.889999866485596,53300,0.0,0.0
2023-06-02 00:00:00-04:00,5.909999847412109,6.130000114440918,5.679999828338623,5.96999979019165,19200,0.0,0.0
2023-06-05 00:00:00-04:00,5.900000095367432,6.090000152587891,5.860000133514404,5.880000114440918,35500,0.0,0.0
2023-06-06 00:00:00-04:00,5.920000076293945,6.380000114440918,5.920000076293945,6.25,55400,0.0,0.0
2023-06-07 00:00:00-04:00,6.289999961853027,6.489999771118164,6.289999961853027,6.349999904632568,26700,0.0,0.0
2023-06-08 00:00:00-04:00,6.440000057220459,6.5,6.230000019073486,6.289999961853027,39400,0.0,0.0
2023-06-09 00:00:00-04:00,6.25,6.440000057220459,6.090000152587891,6.230000019073486,24300,0.0,0.0
2023-06-12 00:00:00-04:00,6.320000171661377,6.360000133514404,6.130000114440918,6.25,56600,0.0,0.0
2023-06-13 00:00:00-04:00,6.210000038146973,6.300000190734863,6.130000114440918,6.25,24200,0.0,0.0
2023-06-14 00:00:00-04:00,6.150000095367432,6.519999980926514,6.150000095367432,6.28000020980835,25900,0.0,0.0
2023-06-15 00:00:00-04:00,6.309999942779541,6.449999809265137,6.199999809265137,6.320000171661377,22800,0.0,0.0
2023-06-16 00:00:00-04:00,6.239999771118164,6.239999771118164,6.010000228881836,6.099999904632568,48500,0.0,0.0
2023-06-20 00:00:00-04:00,6.0,6.199999809265137,5.860000133514404,5.920000076293945,34700,0.0,0.0
2023-06-21 00:00:00-04:00,5.800000190734863,5.909999847412109,5.590000152587891,5.699999809265137,18300,0.0,0.0
2023-06-22 00:00:00-04:00,5.590000152587891,5.650000095367432,5.5,5.510000228881836,17500,0.0,0.0
2023-06-23 00:00:00-04:00,5.329999923706055,5.610000133514404,5.199999809265137,5.539999961853027,33300,0.0,0.0
2023-06-26 00:00:00-04:00,5.460000038146973,5.630000114440918,5.349999904632568,5.349999904632568,8600,0.0,0.0
2023-06-27 00:00:00-04:00,5.25,5.659999847412109,5.25,5.320000171661377,6200,0.0,0.0
2023-06-28 00:00:00-04:00,5.25,5.329999923706055,5.0,5.119999885559082,25800,0.0,0.0
2023-06-29 00:00:00-04:00,5.070000171661377,5.340000152587891,5.070000171661377,5.190000057220459,16400,0.0,0.0
2023-06-30 00:00:00-04:00,5.260000228881836,5.579999923706055,5.199999809265137,5.480000019073486,47600,0.0,0.0
2023-07-03 00:00:00-04:00,5.380000114440918,5.590000152587891,5.380000114440918,5.53000020980835,30300,0.0,0.0
2023-07-05 00:00:00-04:00,5.590000152587891,5.590000152587891,5.260000228881836,5.260000228881836,12200,0.0,0.0
2023-07-06 00:00:00-04:00,5.320000171661377,5.769999980926514,5.159999847412109,5.400000095367432,43200,0.0,0.0
2023-07-07 00:00:00-04:00,5.449999809265137,5.480000019073486,5.070000171661377,5.210000038146973,34600,0.0,0.0
2023-07-10 00:00:00-04:00,5.099999904632568,5.230000019073486,5.03000020980835,5.119999885559082,26200,0.0,0.0
2023-07-11 00:00:00-04:00,5.010000228881836,5.599999904632568,5.010000228881836,5.599999904632568,32600,0.0,0.0
2023-07-12 00:00:00-04:00,5.679999828338623,5.679999828338623,5.300000190734863,5.420000076293945,40000,0.0,0.0
2023-07-13 00:00:00-04:00,5.440000057220459,5.519999980926514,5.139999866485596,5.239999771118164,38800,0.0,0.0
2023-07-14 00:00:00-04:00,5.179999828338623,5.340000152587891,5.150000095367432,5.199999809265137,21000,0.0,0.0
2023-07-17 00:00:00-04:00,5.150000095367432,5.389999866485596,5.150000095367432,5.230000019073486,40200,0.0,0.0
2023-07-18 00:00:00-04:00,5.300000190734863,5.400000095367432,5.210000038146973,5.289999961853027,22500,0.0,0.0
2023-07-19 00:00:00-04:00,5.210000038146973,5.349999904632568,5.210000038146973,5.329999923706055,40700,0.0,0.0
2023-07-20 00:00:00-04:00,5.269999980926514,5.349999904632568,5.21999979019165,5.329999923706055,25900,0.0,0.0
2023-07-21 00:00:00-04:00,5.340000152587891,5.5,5.230000019073486,5.46999979019165,25700,0.0,0.0
2023-07-24 00:00:00-04:00,5.420000076293945,5.579999923706055,5.300000190734863,5.489999771118164,38400,0.0,0.0
2023-07-25 00:00:00-04:00,5.5,5.5,5.349999904632568,5.349999904632568,13200,0.0,0.0
2023-07-26 00:00:00-04:00,5.349999904632568,5.5,5.269999980926514,5.360000133514404,22300,0.0,0.0
2023-07-27 00:00:00-04:00,5.46999979019165,5.639999866485596,5.409999847412109,5.599999904632568,30400,0.0,0.0
2023-07-28 00:00:00-04:00,5.650000095367432,5.940000057220459,5.510000228881836,5.710000038146973,47600,0.0,0.0
2023-07-31 00:00:00-04:00,5.820000171661377,5.96999979019165,5.690000057220459,5.75,28500,0.0,0.0
2023-08-01 00:00:00-04:00,5.809999942779541,5.940000057220459,5.670000076293945,5.75,34600,0.0,0.0
2023-08-02 00:00:00-04:00,5.75,5.880000114440918,5.650000095367432,5.699999809265137,23700,0.0,0.0
2023-08-03 00:00:00-04:00,5.630000114440918,5.929999828338623,5.579999923706055,5.809999942779541,27500,0.0,0.0
2023-08-04 00:00:00-04:00,5.909999847412109,5.909999847412109,5.699999809265137,5.860000133514404,8900,0.0,0.0
2023-08-07 00:00:00-04:00,5.909999847412109,5.909999847412109,5.699999809265137,5.860000133514404,17700,0.0,0.0
2023-08-08 00:00:00-04:00,5.909999847412109,5.909999847412109,5.800000190734863,5.860000133514404,12500,0.0,0.0
2023-08-09 00:00:00-04:00,5.809999942779541,5.880000114440918,5.619999885559082,5.730000019073486,13400,0.0,0.0
2023-08-10 00:00:00-04:00,5.789999961853027,5.820000171661377,5.710000038146973,5.739999771118164,22000,0.0,0.0
2023-08-11 00:00:00-04:00,5.760000228881836,5.860000133514404,5.510000228881836,5.690000057220459,43000,0.0,0.0
2023-08-14 00:00:00-04:00,5.599999904632568,5.710000038146973,5.329999923706055,5.590000152587891,37600,0.0,0.0
2023-08-15 00:00:00-04:00,5.71999979019165,5.730000019073486,5.309999942779541,5.420000076293945,28400,0.0,0.0
2023-08-16 00:00:00-04:00,5.400000095367432,5.429999828338623,5.150000095367432,5.369999885559082,67900,0.0,0.0
2023-08-17 00:00:00-04:00,5.440000057220459,5.849999904632568,5.409999847412109,5.550000190734863,36500,0.0,0.0
2023-08-18 00:00:00-04:00,5.380000114440918,5.760000228881836,5.260000228881836,5.71999979019165,25000,0.0,0.0
2023-08-21 00:00:00-04:00,5.699999809265137,6.25,5.690000057220459,6.03000020980835,34900,0.0,0.0
2023-08-22 00:00:00-04:00,6.039999961853027,6.309999942779541,6.03000020980835,6.139999866485596,13100,0.0,0.0
2023-08-23 00:00:00-04:00,6.090000152587891,6.670000076293945,6.0,6.369999885559082,31200,0.0,0.0
2023-08-24 00:00:00-04:00,6.300000190734863,6.650000095367432,6.190000057220459,6.389999866485596,26400,0.0,0.0
2023-08-25 00:00:00-04:00,6.380000114440918,6.699999809265137,6.230000019073486,6.460000038146973,58700,0.0,0.0
2023-08-28 00:00:00-04:00,6.420000076293945,6.599999904632568,6.070000171661377,6.199999809265137,34100,0.0,0.0
2023-08-29 00:00:00-04:00,6.179999828338623,6.440000057220459,6.150000095367432,6.239999771118164,29500,0.0,0.0
2023-08-30 00:00:00-04:00,6.170000076293945,6.570000171661377,6.150000095367432,6.269999980926514,34200,0.0,0.0
2023-08-31 00:00:00-04:00,6.28000020980835,6.489999771118164,6.28000020980835,6.460000038146973,28300,0.0,0.0
2023-09-01 00:00:00-04:00,6.389999866485596,6.46999979019165,6.28000020980835,6.420000076293945,11500,0.0,0.0
2023-09-05 00:00:00-04:00,6.28000020980835,6.46999979019165,6.21999979019165,6.360000133514404,16500,0.0,0.0
2023-09-06 00:00:00-04:00,6.380000114440918,6.449999809265137,6.199999809265137,6.300000190734863,16400,0.0,0.0
2023-09-07 00:00:00-04:00,6.340000152587891,6.46999979019165,6.0,6.190000057220459,16700,0.0,0.0
2023-09-08 00:00:00-04:00,6.090000152587891,6.360000133514404,6.050000190734863,6.199999809265137,23100,0.0,0.0
2023-09-11 00:00:00-04:00,6.170000076293945,6.170000076293945,5.960000038146973,6.079999923706055,17800,0.0,0.0
2023-09-12 00:00:00-04:00,5.989999771118164,6.349999904632568,5.900000095367432,6.239999771118164,28700,0.0,0.0
2023-09-13 00:00:00-04:00,6.239999771118164,6.300000190734863,6.159999847412109,6.300000190734863,11200,0.0,0.0
2023-09-14 00:00:00-04:00,6.260000228881836,6.300000190734863,6.190000057220459,6.300000190734863,39700,0.0,0.0
2023-09-15 00:00:00-04:00,6.289999961853027,6.340000152587891,6.119999885559082,6.21999979019165,37400,0.0,0.0
2023-09-18 00:00:00-04:00,6.25,6.25,6.0,6.150000095367432,27800,0.0,0.0
2023-09-19 00:00:00-04:00,6.199999809265137,6.340000152587891,6.119999885559082,6.260000228881836,9500,0.0,0.0
2023-09-20 00:00:00-04:00,6.179999828338623,6.320000171661377,6.090000152587891,6.199999809265137,8100,0.0,0.0
2023-09-21 00:00:00-04:00,6.099999904632568,6.21999979019165,5.900000095367432,6.130000114440918,37300,0.0,0.0
2023-09-22 00:00:00-04:00,6.159999847412109,6.289999961853027,6.0,6.179999828338623,9000,0.0,0.0
2023-09-25 00:00:00-04:00,6.070000171661377,6.320000171661377,5.949999809265137,6.21999979019165,11300,0.0,0.0
2023-09-26 00:00:00-04:00,6.25,6.349999904632568,6.019999980926514,6.159999847412109,16300,0.0,0.0
2023-09-27 00:00:00-04:00,6.28000020980835,6.320000171661377,6.119999885559082,6.25,5800,0.0,0.0
2023-09-28 00:00:00-04:00,6.25,6.360000133514404,6.119999885559082,6.349999904632568,17000,0.0,0.0
2023-09-29 00:00:00-04:00,6.329999923706055,6.619999885559082,6.119999885559082,6.510000228881836,37900,0.0,0.0
2023-10-02 00:00:00-04:00,6.869999885559082,6.909999847412109,6.369999885559082,6.650000095367432,14700,0.0,0.0
2023-10-03 00:00:00-04:00,6.760000228881836,6.929999828338623,6.139999866485596,6.400000095367432,13400,0.0,0.0
2023-10-04 00:00:00-04:00,6.300000190734863,6.550000190734863,6.130000114440918,6.449999809265137,24000,0.0,0.0
2023-10-05 00:00:00-04:00,6.349999904632568,6.550000190734863,6.28000020980835,6.510000228881836,9100,0.0,0.0
2023-10-06 00:00:00-04:00,6.599999904632568,6.599999904632568,6.309999942779541,6.5,9000,0.0,0.0
2023-10-09 00:00:00-04:00,6.349999904632568,6.659999847412109,6.139999866485596,6.329999923706055,11100,0.0,0.0
2023-10-10 00:00:00-04:00,6.239999771118164,6.489999771118164,5.880000114440918,6.130000114440918,19100,0.0,0.0
2023-10-11 00:00:00-04:00,6.130000114440918,6.340000152587891,5.949999809265137,6.119999885559082,12600,0.0,0.0
2023-10-12 00:00:00-04:00,6.050000190734863,6.380000114440918,5.389999866485596,5.639999866485596,29600,0.0,0.0
2023-10-13 00:00:00-04:00,5.860000133514404,5.860000133514404,5.5,5.739999771118164,8200,0.0,0.0
2023-10-16 00:00:00-04:00,5.610000133514404,5.860000133514404,5.610000133514404,5.820000171661377,10100,0.0,0.0
2023-10-17 00:00:00-04:00,5.769999980926514,5.909999847412109,5.730000019073486,5.769999980926514,9500,0.0,0.0
2023-10-18 00:00:00-04:00,5.670000076293945,5.900000095367432,5.650000095367432,5.869999885559082,13000,0.0,0.0
2023-10-19 00:00:00-04:00,5.809999942779541,5.900000095367432,5.679999828338623,5.820000171661377,22500,0.0,0.0
2023-10-20 00:00:00-04:00,5.829999923706055,5.909999847412109,5.71999979019165,5.909999847412109,8900,0.0,0.0
2023-10-23 00:00:00-04:00,5.769999980926514,5.900000095367432,5.769999980926514,5.900000095367432,10400,0.0,0.0
2023-10-24 00:00:00-04:00,5.920000076293945,6.349999904632568,5.630000114440918,5.980000019073486,36100,0.0,0.0
2023-10-25 00:00:00-04:00,6.0,6.039999961853027,5.78000020980835,6.019999980926514,4700,0.0,0.0
2023-10-26 00:00:00-04:00,5.75,6.039999961853027,5.75,6.039999961853027,12200,0.0,0.0
2023-10-27 00:00:00-04:00,5.960000038146973,6.360000133514404,5.909999847412109,6.139999866485596,13300,0.0,0.0
2023-10-30 00:00:00-04:00,6.210000038146973,6.510000228881836,6.099999904632568,6.510000228881836,8000,0.0,0.0
2023-10-31 00:00:00-04:00,6.559999942779541,6.639999866485596,6.230000019073486,6.53000020980835,15700,0.0,0.0
2023-11-01 00:00:00-04:00,6.559999942779541,6.570000171661377,6.260000228881836,6.550000190734863,8700,0.0,0.0
2023-11-02 00:00:00-04:00,6.570000171661377,6.820000171661377,6.5,6.739999771118164,16400,0.0,0.0
2023-11-03 00:00:00-04:00,6.730000019073486,6.980000019073486,6.679999828338623,6.940000057220459,13500,0.0,0.0
2023-11-06 00:00:00-05:00,6.989999771118164,6.989999771118164,6.78000020980835,6.940000057220459,13500,0.0,0.0
2023-11-07 00:00:00-05:00,6.809999942779541,7.0,6.769999980926514,7.0,18300,0.0,0.0
2023-11-08 00:00:00-05:00,7.0,7.019999980926514,6.769999980926514,7.019999980926514,12100,0.0,0.0
2023-11-09 00:00:00-05:00,7.019999980926514,7.099999904632568,6.820000171661377,7.079999923706055,20800,0.0,0.0
2023-11-10 00:00:00-05:00,6.769999980926514,6.989999771118164,6.420000076293945,6.900000095367432,35400,0.0,0.0
2023-11-13 00:00:00-05:00,6.769999980926514,6.869999885559082,6.630000114440918,6.849999904632568,25200,0.0,0.0
2023-11-14 00:00:00-05:00,7.010000228881836,7.010000228881836,6.730000019073486,6.980000019073486,12700,0.0,0.0
2023-11-15 00:00:00-05:00,6.679999828338623,7.099999904632568,6.630000114440918,7.059999942779541,20200,0.0,0.0
2023-11-16 00:00:00-05:00,6.849999904632568,7.099999904632568,6.820000171661377,7.050000190734863,9200,0.0,0.0
2023-11-17 00:00:00-05:00,7.010000228881836,7.099999904632568,7.0,7.059999942779541,3500,0.0,0.0
2023-11-20 00:00:00-05:00,6.980000019073486,7.079999923706055,6.699999809265137,6.860000133514404,12700,0.0,0.0
2023-11-21 00:00:00-05:00,6.71999979019165,6.889999866485596,6.570000171661377,6.820000171661377,29500,0.0,0.0
2023-11-22 00:00:00-05:00,6.710000038146973,6.78000020980835,6.449999809265137,6.730000019073486,25800,0.0,0.0
2023-11-24 00:00:00-05:00,6.610000133514404,6.829999923706055,6.449999809265137,6.71999979019165,43500,0.0,0.0
2023-11-27 00:00:00-05:00,6.739999771118164,6.829999923706055,6.610000133514404,6.690000057220459,9200,0.0,0.0
2023-11-28 00:00:00-05:00,6.630000114440918,6.800000190734863,6.489999771118164,6.610000133514404,13200,0.0,0.0
2023-11-29 00:00:00-05:00,6.800000190734863,6.920000076293945,6.659999847412109,6.909999847412109,23600,0.0,0.0
2023-11-30 00:00:00-05:00,6.980000019073486,7.010000228881836,6.769999980926514,6.809999942779541,9900,0.0,0.0
2023-12-01 00:00:00-05:00,6.800000190734863,7.349999904632568,6.800000190734863,7.300000190734863,68500,0.0,0.0
2023-12-04 00:00:00-05:00,7.300000190734863,7.71999979019165,7.110000133514404,7.510000228881836,53500,0.0,0.0
2023-12-05 00:00:00-05:00,7.570000171661377,7.670000076293945,7.170000076293945,7.400000095367432,19700,0.0,0.0
2023-12-06 00:00:00-05:00,7.46999979019165,7.550000190734863,7.300000190734863,7.440000057220459,19600,0.0,0.0
2023-12-07 00:00:00-05:00,7.329999923706055,7.400000095367432,7.050000190734863,7.050000190734863,15100,0.0,0.0
2023-12-08 00:00:00-05:00,7.019999980926514,7.510000228881836,6.849999904632568,7.019999980926514,9300,0.0,0.0
2023-12-11 00:00:00-05:00,7.010000228881836,7.239999771118164,6.800000190734863,6.900000095367432,23700,0.0,0.0
2023-12-12 00:00:00-05:00,6.809999942779541,7.039999961853027,6.809999942779541,6.929999828338623,6500,0.0,0.0
2023-12-13 00:00:00-05:00,6.929999828338623,7.019999980926514,6.800000190734863,6.829999923706055,6000,0.0,0.0
2023-12-14 00:00:00-05:00,7.070000171661377,7.070000171661377,6.809999942779541,6.860000133514404,9900,0.0,0.0
2023-12-15 00:00:00-05:00,7.019999980926514,7.199999809265137,6.840000152587891,7.199999809265137,32600,0.0,0.0
2023-12-18 00:00:00-05:00,7.25,7.320000171661377,6.869999885559082,6.980000019073486,9300,0.0,0.0
2023-12-19 00:00:00-05:00,7.480000019073486,7.480000019073486,6.920000076293945,6.989999771118164,7500,0.0,0.0
2023-12-20 00:00:00-05:00,7.03000020980835,7.050000190734863,6.960000038146973,7.0,5900,0.0,0.0
2023-12-21 00:00:00-05:00,7.090000152587891,7.099999904632568,6.900000095367432,7.050000190734863,9700,0.0,0.0
2023-12-22 00:00:00-05:00,6.949999809265137,7.090000152587891,6.920000076293945,7.010000228881836,9800,0.0,0.0
2023-12-26 00:00:00-05:00,7.059999942779541,7.289999961853027,6.869999885559082,7.039999961853027,20700,0.0,0.0
2023-12-27 00:00:00-05:00,6.949999809265137,7.179999828338623,6.900000095367432,6.929999828338623,13600,0.0,0.0
2023-12-28 00:00:00-05:00,6.989999771118164,7.010000228881836,6.769999980926514,6.829999923706055,23000,0.0,0.0
2023-12-29 00:00:00-05:00,6.820000171661377,7.0,6.760000228881836,6.789999961853027,15400,0.0,0.0
2024-01-02 00:00:00-05:00,6.690000057220459,7.130000114440918,6.690000057220459,6.989999771118164,15000,0.0,0.0
2024-01-03 00:00:00-05:00,6.900000095367432,7.119999885559082,6.869999885559082,7.019999980926514,4200,0.0,0.0
2024-01-04 00:00:00-05:00,6.900000095367432,7.070000171661377,6.840000152587891,7.050000190734863,19600,0.0,0.0
2024-01-05 00:00:00-05:00,6.869999885559082,7.110000133514404,6.760000228881836,7.110000133514404,15000,0.0,0.0
2024-01-08 00:00:00-05:00,6.769999980926514,7.239999771118164,6.769999980926514,7.190000057220459,27100,0.0,0.0
2024-01-09 00:00:00-05:00,7.199999809265137,7.230000019073486,6.860000133514404,7.210000038146973,2000,0.0,0.0
2024-01-10 00:00:00-05:00,6.989999771118164,7.260000228881836,6.989999771118164,7.260000228881836,3600,0.0,0.0
2024-01-11 00:00:00-05:00,7.329999923706055,7.429999828338623,7.139999866485596,7.239999771118164,3300,0.0,0.0
2024-01-12 00:00:00-05:00,7.389999866485596,7.389999866485596,7.260000228881836,7.380000114440918,3900,0.0,0.0
2024-01-16 00:00:00-05:00,7.380000114440918,7.380000114440918,7.150000095367432,7.309999942779541,6600,0.0,0.0
2024-01-17 00:00:00-05:00,7.28000020980835,7.5,7.010000228881836,7.480000019073486,12800,0.0,0.0
2024-01-18 00:00:00-05:00,7.440000057220459,7.840000152587891,7.340000152587891,7.590000152587891,19000,0.0,0.0
2024-01-19 00:00:00-05:00,7.079999923706055,7.650000095367432,7.079999923706055,7.650000095367432,9300,0.0,0.0
2024-01-22 00:00:00-05:00,7.599999904632568,7.860000133514404,7.539999961853027,7.739999771118164,7800,0.0,0.0
2024-01-23 00:00:00-05:00,7.800000190734863,7.889999866485596,7.570000171661377,7.730000019073486,11700,0.0,0.0
2024-01-24 00:00:00-05:00,7.900000095367432,7.900000095367432,7.659999847412109,7.840000152587891,12000,0.0,0.0
2024-01-25 00:00:00-05:00,7.71999979019165,7.829999923706055,7.610000133514404,7.75,7800,0.0,0.0
2024-01-26 00:00:00-05:00,7.820000171661377,7.829999923706055,7.650000095367432,7.71999979019165,5900,0.0,0.0
2024-01-29 00:00:00-05:00,7.630000114440918,7.769999980926514,7.619999885559082,7.739999771118164,5700,0.0,0.0
2024-01-30 00:00:00-05:00,7.699999809265137,7.75,7.5,7.639999866485596,17400,0.0,0.0
2024-01-31 00:00:00-05:00,7.539999961853027,7.739999771118164,7.539999961853027,7.739999771118164,6700,0.0,0.0
2024-02-01 00:00:00-05:00,7.659999847412109,7.75,7.53000020980835,7.739999771118164,9300,0.0,0.0
2024-02-02 00:00:00-05:00,7.489999771118164,7.650000095367432,7.429999828338623,7.650000095367432,7100,0.0,0.0
2024-02-05 00:00:00-05:00,7.71999979019165,7.71999979019165,7.420000076293945,7.610000133514404,9700,0.0,0.0
2024-02-06 00:00:00-05:00,7.460000038146973,7.679999828338623,7.400000095367432,7.639999866485596,9600,0.0,0.0
2024-02-07 00:00:00-05:00,7.599999904632568,7.679999828338623,7.420000076293945,7.679999828338623,9000,0.0,0.0
2024-02-08 00:00:00-05:00,7.650000095367432,7.800000190734863,7.539999961853027,7.800000190734863,9500,0.0,0.0
2024-02-09 00:00:00-05:00,7.659999847412109,7.849999904632568,7.550000190734863,7.849999904632568,3100,0.0,0.0
2024-02-12 00:00:00-05:00,7.769999980926514,7.920000076293945,7.690000057220459,7.820000171661377,21800,0.0,0.0
2024-02-13 00:00:00-05:00,7.840000152587891,7.840000152587891,7.650000095367432,7.789999961853027,7200,0.0,0.0
2024-02-14 00:00:00-05:00,7.730000019073486,7.800000190734863,7.71999979019165,7.800000190734863,1900,0.0,0.0
2024-02-15 00:00:00-05:00,7.78000020980835,7.840000152587891,7.760000228881836,7.809999942779541,11100,0.0,0.0
2024-02-16 00:00:00-05:00,7.699999809265137,7.840000152587891,7.670000076293945,7.829999923706055,17300,0.0,0.0
2024-02-20 00:00:00-05:00,7.71999979019165,8.0,7.71999979019165,7.889999866485596,19600,0.0,0.0
2024-02-21 00:00:00-05:00,7.869999885559082,7.900000095367432,7.610000133514404,7.900000095367432,5800,0.0,0.0
2024-02-22 00:00:00-05:00,7.610000133514404,7.900000095367432,7.53000020980835,7.869999885559082,5500,0.0,0.0
2024-02-23 00:00:00-05:00,7.880000114440918,7.880000114440918,7.650000095367432,7.840000152587891,1700,0.0,0.0
2024-02-26 00:00:00-05:00,7.739999771118164,7.880000114440918,7.630000114440918,7.840000152587891,6400,0.0,0.0
2024-02-27 00:00:00-05:00,7.760000228881836,7.869999885559082,7.5,7.730000019073486,27400,0.0,0.0
2024-02-28 00:00:00-05:00,7.75,7.75,7.5,7.679999828338623,13300,0.0,0.0
2024-02-29 00:00:00-05:00,7.699999809265137,7.78000020980835,7.449999809265137,7.690000057220459,4900,0.0,0.0
2024-03-01 00:00:00-05:00,7.510000228881836,7.739999771118164,7.510000228881836,7.739999771118164,9900,0.0,0.0
2024-03-04 00:00:00-05:00,7.789999961853027,7.889999866485596,7.579999923706055,7.800000190734863,42800,0.0,0.0
2024-03-05 00:00:00-05:00,7.679999828338623,7.730000019073486,7.389999866485596,7.699999809265137,59400,0.0,0.0
2024-03-06 00:00:00-05:00,7.699999809265137,7.739999771118164,7.420000076293945,7.699999809265137,9800,0.0,0.0
2024-03-07 00:00:00-05:00,7.579999923706055,7.739999771118164,7.519999980926514,7.739999771118164,8700,0.0,0.0
2024-03-08 00:00:00-05:00,7.800000190734863,7.800000190734863,7.380000114440918,7.559999942779541,17900,0.0,0.0
2024-03-11 00:00:00-04:00,7.420000076293945,7.78000020980835,7.309999942779541,7.420000076293945,6700,0.0,0.0
2024-03-12 00:00:00-04:00,7.519999980926514,7.519999980926514,7.25,7.489999771118164,5200,0.0,0.0
2024-03-13 00:00:00-04:00,7.480000019073486,7.610000133514404,7.320000171661377,7.579999923706055,16600,0.0,0.0
2024-03-14 00:00:00-04:00,7.389999866485596,7.630000114440918,7.389999866485596,7.630000114440918,12200,0.0,0.0
2024-03-15 00:00:00-04:00,7.639999866485596,7.800000190734863,7.550000190734863,7.650000095367432,38000,0.0,0.0
2024-03-18 00:00:00-04:00,7.639999866485596,7.800000190734863,7.639999866485596,7.710000038146973,27500,0.0,0.0
2024-03-19 00:00:00-04:00,7.670000076293945,7.75,7.670000076293945,7.710000038146973,11200,0.0,0.0
2024-03-20 00:00:00-04:00,7.730000019073486,7.800000190734863,7.699999809265137,7.769999980926514,23400,0.0,0.0
2024-03-21 00:00:00-04:00,7.75,7.769999980926514,7.71999979019165,7.760000228881836,6100,0.0,0.0
2024-03-22 00:00:00-04:00,7.710000038146973,7.75,7.360000133514404,7.539999961853027,24100,0.0,0.0
2024-03-25 00:00:00-04:00,7.570000171661377,7.570000171661377,7.380000114440918,7.389999866485596,4200,0.0,0.0
2024-03-26 00:00:00-04:00,7.389999866485596,7.5,7.389999866485596,7.46999979019165,4900,0.0,0.0
2024-03-27 00:00:00-04:00,7.440000057220459,7.5,7.360000133514404,7.46999979019165,18200,0.0,0.0
2024-03-28 00:00:00-04:00,7.420000076293945,7.480000019073486,7.300000190734863,7.480000019073486,24700,0.0,0.0
2024-04-01 00:00:00-04:00,7.329999923706055,7.389999866485596,7.190000057220459,7.329999923706055,21900,0.0,0.0
2024-04-02 00:00:00-04:00,7.230000019073486,7.230000019073486,6.949999809265137,7.079999923706055,24200,0.0,0.0
2024-04-03 00:00:00-04:00,7.400000095367432,7.400000095367432,6.75,6.989999771118164,44200,0.0,0.0
2024-04-04 00:00:00-04:00,6.989999771118164,7.070000171661377,6.96999979019165,7.059999942779541,19100,0.0,0.0
2024-04-05 00:00:00-04:00,6.920000076293945,7.0,6.909999847412109,6.980000019073486,18000,0.0,0.0
2024-04-08 00:00:00-04:00,6.900000095367432,7.199999809265137,6.900000095367432,7.110000133514404,7500,0.0,0.0
2024-04-09 00:00:00-04:00,7.079999923706055,7.269999980926514,6.929999828338623,7.269999980926514,13000,0.0,0.0
2024-04-10 00:00:00-04:00,7.0,7.199999809265137,6.940000057220459,7.099999904632568,6900,0.0,0.0
2024-04-11 00:00:00-04:00,6.96999979019165,7.269999980926514,6.96999979019165,7.260000228881836,7600,0.0,0.0
2024-04-12 00:00:00-04:00,7.260000228881836,7.260000228881836,6.880000114440918,6.989999771118164,16400,0.0,0.0
2024-04-15 00:00:00-04:00,7.110000133514404,7.179999828338623,6.940000057220459,7.099999904632568,17800,0.0,0.0
2024-04-16 00:00:00-04:00,7.03000020980835,7.150000095367432,6.980000019073486,6.980000019073486,3100,0.0,0.0
2024-04-17 00:00:00-04:00,7.039999961853027,7.170000076293945,6.900000095367432,6.929999828338623,16400,0.0,0.0
2024-04-18 00:00:00-04:00,7.050000190734863,7.110000133514404,6.889999866485596,7.050000190734863,12200,0.0,0.0
2024-04-19 00:00:00-04:00,6.940000057220459,7.090000152587891,6.920000076293945,6.989999771118164,6800,0.0,0.0
2024-04-22 00:00:00-04:00,6.920000076293945,7.050000190734863,6.909999847412109,7.050000190734863,18200,0.0,0.0
2024-04-23 00:00:00-04:00,6.980000019073486,7.039999961853027,6.920000076293945,7.010000228881836,4900,0.0,0.0
2024-04-24 00:00:00-04:00,6.929999828338623,7.070000171661377,6.929999828338623,6.980000019073486,9900,0.0,0.0
2024-04-25 00:00:00-04:00,6.929999828338623,7.0,6.929999828338623,6.980000019073486,2300,0.0,0.0
2024-04-26 00:00:00-04:00,6.96999979019165,7.159999847412109,6.96999979019165,7.150000095367432,40100,0.0,0.0
2024-04-29 00:00:00-04:00,7.150000095367432,7.199999809265137,7.050000190734863,7.159999847412109,9500,0.0,0.0
2024-04-30 00:00:00-04:00,7.170000076293945,7.170000076293945,7.03000020980835,7.090000152587891,6900,0.0,0.0
2024-05-01 00:00:00-04:00,7.059999942779541,7.099999904632568,7.039999961853027,7.059999942779541,5400,0.0,0.0
2024-05-02 00:00:00-04:00,7.019999980926514,7.099999904632568,7.019999980926514,7.059999942779541,1600,0.0,0.0
2024-05-03 00:00:00-04:00,7.090000152587891,7.170000076293945,6.96999979019165,7.110000133514404,17000,0.0,0.0
2024-05-06 00:00:00-04:00,7.110000133514404,7.170000076293945,7.070000171661377,7.070000171661377,19700,0.0,0.0
2024-05-07 00:00:00-04:00,7.03000020980835,7.110000133514404,7.0,7.010000228881836,10600,0.0,0.0
2024-05-08 00:00:00-04:00,7.010000228881836,7.139999866485596,7.010000228881836,7.119999885559082,6700,0.0,0.0
2024-05-09 00:00:00-04:00,7.099999904632568,7.239999771118164,6.980000019073486,7.090000152587891,81100,0.0,0.0
2024-05-10 00:00:00-04:00,7.159999847412109,7.170000076293945,6.760000228881836,6.989999771118164,16400,0.0,0.0
2024-05-13 00:00:00-04:00,7.199999809265137,7.199999809265137,6.989999771118164,7.070000171661377,43200,0.0,0.0
2024-05-14 00:00:00-04:00,7.070000171661377,7.090000152587891,6.980000019073486,7.070000171661377,66400,0.0,0.0
2024-05-15 00:00:00-04:00,7.199999809265137,7.21999979019165,7.059999942779541,7.21999979019165,221700,0.0,0.0
2024-05-16 00:00:00-04:00,7.400000095367432,7.590000152587891,7.340000152587891,7.460000038146973,148800,0.0,0.0
2024-05-17 00:00:00-04:00,7.440000057220459,7.610000133514404,7.409999847412109,7.579999923706055,64700,0.0,0.0
2024-05-20 00:00:00-04:00,7.610000133514404,7.800000190734863,7.599999904632568,7.699999809265137,86000,0.0,0.0
2024-05-21 00:00:00-04:00,7.699999809265137,7.699999809265137,7.260000228881836,7.369999885559082,47800,0.0,0.0
2024-05-22 00:00:00-04:00,7.440000057220459,7.650000095367432,7.309999942779541,7.539999961853027,34200,0.0,0.0
2024-05-23 00:00:00-04:00,7.619999885559082,7.619999885559082,7.389999866485596,7.46999979019165,31600,0.0,0.0
2024-05-24 00:00:00-04:00,7.440000057220459,7.489999771118164,7.369999885559082,7.389999866485596,22400,0.0,0.0
2024-05-28 00:00:00-04:00,7.440000057220459,7.46999979019165,7.349999904632568,7.409999847412109,28600,0.0,0.0
2024-05-29 00:00:00-04:00,7.309999942779541,7.420000076293945,7.289999961853027,7.389999866485596,16100,0.0,0.0
2024-05-30 00:00:00-04:00,7.300000190734863,7.420000076293945,7.300000190734863,7.389999866485596,11200,0.0,0.0
2024-05-31 00:00:00-04:00,7.289999961853027,7.389999866485596,7.28000020980835,7.329999923706055,44800,0.0,0.0
2024-06-03 00:00:00-04:00,7.389999866485596,7.400000095367432,7.269999980926514,7.289999961853027,17300,0.0,0.0
2024-06-04 00:00:00-04:00,7.360000133514404,7.360000133514404,7.190000057220459,7.300000190734863,9100,0.0,0.0
2024-06-05 00:00:00-04:00,7.300000190734863,7.349999904632568,7.170000076293945,7.340000152587891,38900,0.0,0.0
2024-06-06 00:00:00-04:00,7.28000020980835,7.380000114440918,7.130000114440918,7.300000190734863,15700,0.0,0.0
2024-06-07 00:00:00-04:00,7.349999904632568,7.369999885559082,7.199999809265137,7.329999923706055,14300,0.0,0.0
2024-06-10 00:00:00-04:00,7.289999961853027,7.480000019073486,7.239999771118164,7.400000095367432,44800,0.0,0.0
2024-06-11 00:00:00-04:00,7.440000057220459,7.690000057220459,7.320000171661377,7.570000171661377,63200,0.0,0.0
2024-06-12 00:00:00-04:00,7.590000152587891,7.670000076293945,7.380000114440918,7.519999980926514,27600,0.0,0.0
2024-06-13 00:00:00-04:00,7.440000057220459,7.599999904632568,7.429999828338623,7.519999980926514,34000,0.0,0.0
2024-06-14 00:00:00-04:00,7.590000152587891,7.800000190734863,7.539999961853027,7.769999980926514,126800,0.0,0.0
2024-06-17 00:00:00-04:00,7.769999980926514,7.800000190734863,7.510000228881836,7.639999866485596,57000,0.0,0.0
2024-06-18 00:00:00-04:00,7.570000171661377,7.900000095367432,7.570000171661377,7.800000190734863,53800,0.0,0.0
2024-06-20 00:00:00-04:00,7.829999923706055,7.880000114440918,7.75,7.840000152587891,22700,0.0,0.0
2024-06-21 00:00:00-04:00,7.820000171661377,7.849999904632568,7.550000190734863,7.71999979019165,30500,0.0,0.0
2024-06-24 00:00:00-04:00,7.659999847412109,7.760000228881836,7.5,7.590000152587891,24900,0.0,0.0
2024-06-25 00:00:00-04:00,7.599999904632568,7.619999885559082,7.5,7.590000152587891,14600,0.0,0.0
2024-06-26 00:00:00-04:00,7.519999980926514,7.659999847412109,7.389999866485596,7.460000038146973,17400,0.0,0.0
2024-06-27 00:00:00-04:00,7.539999961853027,8.0,7.480000019073486,7.940000057220459,91500,0.0,0.0
2024-06-28 00:00:00-04:00,7.940000057220459,8.210000038146973,7.889999866485596,8.119999885559082,145200,0.0,0.0
2024-07-01 00:00:00-04:00,8.4399995803833,8.489999771118164,8.100000381469727,8.25,97500,0.0,0.0
2024-07-02 00:00:00-04:00,8.34000015258789,8.75,8.270000457763672,8.649999618530273,84500,0.0,0.0
2024-07-03 00:00:00-04:00,8.739999771118164,8.869999885559082,8.600000381469727,8.789999961853027,64000,0.0,0.0
2024-07-05 00:00:00-04:00,8.760000228881836,8.779999732971191,8.550000190734863,8.720000267028809,26400,0.0,0.0
2024-07-08 00:00:00-04:00,8.729999542236328,8.850000381469727,8.609999656677246,8.75,90200,0.0,0.0
2024-07-09 00:00:00-04:00,8.8100004196167,8.819999694824219,8.5,8.609999656677246,43500,0.0,0.0
2024-07-10 00:00:00-04:00,8.640000343322754,8.800000190734863,8.329999923706055,8.420000076293945,46900,0.0,0.0
2024-07-11 00:00:00-04:00,8.420000076293945,8.4399995803833,8.25,8.350000381469727,81100,0.0,0.0
2024-07-12 00:00:00-04:00,8.34000015258789,8.430000305175781,8.289999961853027,8.40999984741211,44700,0.0,0.0
2024-07-15 00:00:00-04:00,8.270000457763672,8.420000076293945,8.130000114440918,8.210000038146973,118100,0.0,0.0
2024-07-16 00:00:00-04:00,8.25,8.460000038146973,8.210000038146973,8.420000076293945,83900,0.0,0.0
2024-07-17 00:00:00-04:00,8.369999885559082,8.520000457763672,8.239999771118164,8.380000114440918,36000,0.0,0.0
2024-07-18 00:00:00-04:00,8.399999618530273,8.399999618530273,8.15999984741211,8.260000228881836,27500,0.0,0.0
2024-07-19 00:00:00-04:00,8.260000228881836,8.34000015258789,8.180000305175781,8.34000015258789,56800,0.0,0.0
2024-07-22 00:00:00-04:00,8.359999656677246,8.359999656677246,8.210000038146973,8.289999961853027,49500,0.0,0.0
2024-07-23 00:00:00-04:00,8.3100004196167,8.350000381469727,8.1899995803833,8.329999923706055,23100,0.0,0.0
2024-07-24 00:00:00-04:00,8.319999694824219,8.399999618530273,8.260000228881836,8.350000381469727,39700,0.0,0.0
2024-07-25 00:00:00-04:00,8.34000015258789,8.399999618530273,8.239999771118164,8.279999732971191,19800,0.0,0.0
2024-07-26 00:00:00-04:00,8.350000381469727,8.479999542236328,8.350000381469727,8.479999542236328,22300,0.0,0.0
2024-07-29 00:00:00-04:00,8.40999984741211,8.489999771118164,8.300000190734863,8.399999618530273,22300,0.0,0.0
2024-07-30 00:00:00-04:00,8.449999809265137,8.460000038146973,8.359999656677246,8.420000076293945,17700,0.0,0.0
2024-07-31 00:00:00-04:00,8.460000038146973,8.470000267028809,8.319999694824219,8.4399995803833,18500,0.0,0.0
2024-08-01 00:00:00-04:00,8.4399995803833,8.4399995803833,8.229999542236328,8.40999984741211,24700,0.0,0.0
2024-08-02 00:00:00-04:00,8.399999618530273,8.420000076293945,8.140000343322754,8.380000114440918,37800,0.0,0.0
2024-08-05 00:00:00-04:00,8.109999656677246,8.289999961853027,7.610000133514404,7.920000076293945,47700,0.0,0.0
2024-08-06 00:00:00-04:00,7.869999885559082,8.359999656677246,7.869999885559082,8.170000076293945,18100,0.0,0.0
2024-08-07 00:00:00-04:00,8.229999542236328,8.390000343322754,8.130000114440918,8.180000305175781,20300,0.0,0.0
2024-08-08 00:00:00-04:00,8.180000305175781,8.279999732971191,8.069999694824219,8.210000038146973,55900,0.0,0.0
2024-08-09 00:00:00-04:00,8.0,8.0,7.03000020980835,7.170000076293945,58100,0.0,0.0
2024-08-12 00:00:00-04:00,7.050000190734863,7.159999847412109,6.550000190734863,6.820000171661377,108800,0.0,0.0
2024-08-13 00:00:00-04:00,6.829999923706055,7.320000171661377,6.829999923706055,7.289999961853027,88000,0.0,0.0
2024-08-14 00:00:00-04:00,7.239999771118164,7.369999885559082,6.96999979019165,7.010000228881836,39700,0.0,0.0
2024-08-15 00:00:00-04:00,7.019999980926514,7.389999866485596,7.019999980926514,7.349999904632568,62900,0.0,0.0
2024-08-16 00:00:00-04:00,7.349999904632568,7.440000057220459,7.320000171661377,7.360000133514404,12500,0.0,0.0
2024-08-19 00:00:00-04:00,7.360000133514404,7.400000095367432,7.119999885559082,7.349999904632568,32800,0.0,0.0
2024-08-20 00:00:00-04:00,7.349999904632568,7.5,7.260000228881836,7.429999828338623,21500,0.0,0.0
2024-08-21 00:00:00-04:00,7.480000019073486,7.480000019073486,7.340000152587891,7.429999828338623,22000,0.0,0.0
2024-08-22 00:00:00-04:00,7.440000057220459,7.489999771118164,7.190000057220459,7.349999904632568,25400,0.0,0.0
2024-08-23 00:00:00-04:00,7.349999904632568,7.659999847412109,7.239999771118164,7.539999961853027,34600,0.0,0.0
2024-08-26 00:00:00-04:00,7.590000152587891,7.590000152587891,7.5,7.53000020980835,26800,0.0,0.0
2024-08-27 00:00:00-04:00,7.320000171661377,7.630000114440918,7.320000171661377,7.5,13200,0.0,0.0
2024-08-28 00:00:00-04:00,7.5,7.510000228881836,7.300000190734863,7.400000095367432,9400,0.0,0.0
2024-08-29 00:00:00-04:00,7.480000019073486,7.579999923706055,7.300000190734863,7.519999980926514,28200,0.0,0.0
2024-08-30 00:00:00-04:00,7.559999942779541,7.579999923706055,7.380000114440918,7.53000020980835,9500,0.0,0.0
2024-09-03 00:00:00-04:00,7.420000076293945,7.519999980926514,7.239999771118164,7.309999942779541,14800,0.0,0.0
2024-09-04 00:00:00-04:00,7.320000171661377,7.449999809265137,7.170000076293945,7.389999866485596,15400,0.0,0.0
2024-09-05 00:00:00-04:00,7.329999923706055,7.5,7.329999923706055,7.349999904632568,8400,0.0,0.0
2024-09-06 00:00:00-04:00,7.389999866485596,7.389999866485596,7.210000038146973,7.329999923706055,6600,0.0,0.0
2024-09-09 00:00:00-04:00,7.389999866485596,7.420000076293945,7.260000228881836,7.260000228881836,13300,0.0,0.0
2024-09-10 00:00:00-04:00,7.349999904632568,7.349999904632568,7.199999809265137,7.300000190734863,4900,0.0,0.0
2024-09-11 00:00:00-04:00,7.21999979019165,7.5,7.039999961853027,7.440000057220459,35300,0.0,0.0
2024-09-12 00:00:00-04:00,7.289999961853027,7.570000171661377,7.289999961853027,7.539999961853027,8000,0.0,0.0
2024-09-13 00:00:00-04:00,7.489999771118164,7.590000152587891,7.449999809265137,7.590000152587891,9300,0.0,0.0
2024-09-16 00:00:00-04:00,7.550000190734863,7.670000076293945,7.550000190734863,7.650000095367432,6600,0.0,0.0
2024-09-17 00:00:00-04:00,7.690000057220459,7.710000038146973,7.630000114440918,7.639999866485596,17600,0.0,0.0
2024-09-18 00:00:00-04:00,7.570000171661377,7.690000057220459,7.570000171661377,7.650000095367432,5800,0.0,0.0
2024-09-19 00:00:00-04:00,7.71999979019165,7.71999979019165,7.610000133514404,7.630000114440918,5500,0.0,0.0
2024-09-20 00:00:00-04:00,7.570000171661377,7.590000152587891,7.389999866485596,7.46999979019165,8500,0.0,0.0
2024-09-23 00:00:00-04:00,7.619999885559082,7.650000095367432,7.420000076293945,7.539999961853027,10800,0.0,0.0
2024-09-24 00:00:00-04:00,7.5,7.639999866485596,7.5,7.630000114440918,23700,0.0,0.0
2024-09-25 00:00:00-04:00,7.5,7.679999828338623,7.5,7.579999923706055,10300,0.0,0.0
2024-09-26 00:00:00-04:00,7.570000171661377,7.570000171661377,7.400000095367432,7.53000020980835,25500,0.0,0.0
2024-09-27 00:00:00-04:00,7.570000171661377,7.570000171661377,7.269999980926514,7.320000171661377,20400,0.0,0.0
2024-09-30 00:00:00-04:00,7.090000152587891,7.489999771118164,7.090000152587891,7.440000057220459,16500,0.0,0.0
2024-10-01 00:00:00-04:00,7.309999942779541,7.449999809265137,7.099999904632568,7.440000057220459,10300,0.0,0.0
2024-10-02 00:00:00-04:00,7.380000114440918,7.460000038146973,7.360000133514404,7.429999828338623,5300,0.0,0.0
2024-10-03 00:00:00-04:00,7.179999828338623,7.360000133514404,7.079999923706055,7.25,19600,0.0,0.0
2024-10-04 00:00:00-04:00,7.150000095367432,7.230000019073486,6.659999847412109,6.900000095367432,43400,0.0,0.0
2024-10-07 00:00:00-04:00,6.909999847412109,7.409999847412109,6.900000095367432,7.340000152587891,36400,0.0,0.0
2024-10-08 00:00:00-04:00,7.25,7.380000114440918,7.170000076293945,7.309999942779541,9600,0.0,0.0
2024-10-09 00:00:00-04:00,7.210000038146973,7.46999979019165,7.199999809265137,7.289999961853027,11700,0.0,0.0
2024-10-10 00:00:00-04:00,7.25,7.400000095367432,7.25,7.389999866485596,4600,0.0,0.0
2024-10-11 00:00:00-04:00,7.400000095367432,7.449999809265137,7.349999904632568,7.449999809265137,5400,0.0,0.0
2024-10-14 00:00:00-04:00,7.110000133514404,7.460000038146973,7.039999961853027,7.099999904632568,12200,0.0,0.0
2024-10-15 00:00:00-04:00,6.940000057220459,7.380000114440918,6.940000057220459,7.329999923706055,30400,0.0,0.0
2024-10-16 00:00:00-04:00,7.349999904632568,7.349999904632568,7.239999771118164,7.329999923706055,10800,0.0,0.0
2024-10-17 00:00:00-04:00,7.21999979019165,7.389999866485596,7.039999961853027,7.320000171661377,4700,0.0,0.0
2024-10-18 00:00:00-04:00,7.239999771118164,7.349999904632568,7.150000095367432,7.28000020980835,15000,0.0,0.0
2024-10-21 00:00:00-04:00,7.260000228881836,7.360000133514404,7.159999847412109,7.159999847412109,3200,0.0,0.0
2024-10-22 00:00:00-04:00,7.340000152587891,7.340000152587891,7.179999828338623,7.300000190734863,4700,0.0,0.0
2024-10-23 00:00:00-04:00,7.239999771118164,7.289999961853027,7.159999847412109,7.25,3400,0.0,0.0
2024-10-24 00:00:00-04:00,7.28000020980835,7.329999923706055,7.199999809265137,7.260000228881836,14300,0.0,0.0
2024-10-25 00:00:00-04:00,7.199999809265137,7.369999885559082,7.190000057220459,7.289999961853027,8300,0.0,0.0
2024-10-28 00:00:00-04:00,7.360000133514404,7.400000095367432,7.28000020980835,7.400000095367432,8500,0.0,0.0
2024-10-29 00:00:00-04:00,7.199999809265137,7.449999809265137,7.199999809265137,7.300000190734863,5800,0.0,0.0
2024-10-30 00:00:00-04:00,7.210000038146973,7.210000038146973,7.170000076293945,7.170000076293945,1000,0.0,0.0
2024-10-31 00:00:00-04:00,7.139999866485596,7.139999866485596,6.929999828338623,7.110000133514404,6600,0.0,0.0
2024-11-01 00:00:00-04:00,6.929999828338623,7.179999828338623,6.809999942779541,7.179999828338623,21500,0.0,0.0
2024-11-04 00:00:00-05:00,6.980000019073486,7.130000114440918,6.980000019073486,7.090000152587891,12300,0.0,0.0
2024-11-05 00:00:00-05:00,7.170000076293945,7.320000171661377,6.880000114440918,6.96999979019165,33800,0.0,0.0
2024-11-06 00:00:00-05:00,7.090000152587891,7.449999809265137,7.03000020980835,7.150000095367432,27500,0.0,0.0
2024-11-07 00:00:00-05:00,7.059999942779541,7.099999904632568,6.980000019073486,6.980000019073486,11400,0.0,0.0
2024-11-08 00:00:00-05:00,7.050000190734863,7.050000190734863,6.900000095367432,6.980000019073486,13000,0.0,0.0
2024-11-11 00:00:00-05:00,6.960000038146973,7.260000228881836,6.909999847412109,6.909999847412109,32300,0.0,0.0
2024-11-12 00:00:00-05:00,6.869999885559082,6.960000038146973,6.75,6.840000152587891,25900,0.0,0.0
2024-11-13 00:00:00-05:00,6.800000190734863,6.96999979019165,6.739999771118164,6.739999771118164,9800,0.0,0.0
2024-11-14 00:00:00-05:00,6.829999923706055,7.21999979019165,6.599999904632568,7.050000190734863,18200,0.0,0.0
2024-11-15 00:00:00-05:00,6.650000095367432,6.650000095367432,6.300000190734863,6.400000095367432,20800,0.0,0.0
2024-11-18 00:00:00-05:00,6.5,6.690000057220459,6.300000190734863,6.360000133514404,31600,0.0,0.0
2024-11-19 00:00:00-05:00,6.400000095367432,6.429999828338623,6.039999961853027,6.039999961853027,19700,0.0,0.0
2024-11-20 00:00:00-05:00,6.090000152587891,6.090000152587891,5.570000171661377,5.78000020980835,36100,0.0,0.0
2024-11-21 00:00:00-05:00,5.760000228881836,5.900000095367432,5.590000152587891,5.650000095367432,14200,0.0,0.0
2024-11-22 00:00:00-05:00,5.699999809265137,5.929999828338623,5.489999771118164,5.880000114440918,40600,0.0,0.0
2024-11-25 00:00:00-05:00,5.809999942779541,6.090000152587891,5.809999942779541,5.909999847412109,26100,0.0,0.0
2024-11-26 00:00:00-05:00,5.869999885559082,5.960000038146973,5.690000057220459,5.730000019073486,18400,0.0,0.0
2024-11-27 00:00:00-05:00,5.619999885559082,5.800000190734863,5.599999904632568,5.730000019073486,9800,0.0,0.0
2024-11-29 00:00:00-05:00,5.789999961853027,5.980000019073486,5.699999809265137,5.840000152587891,7300,0.0,0.0
2024-12-02 00:00:00-05:00,5.539999961853027,5.75,5.519999980926514,5.559999942779541,18100,0.0,0.0
2024-12-03 00:00:00-05:00,5.519999980926514,5.730000019073486,5.309999942779541,5.400000095367432,35900,0.0,0.0
2024-12-04 00:00:00-05:00,5.400000095367432,5.769999980926514,5.400000095367432,5.769999980926514,63400,0.0,0.0
2024-12-05 00:00:00-05:00,5.78000020980835,5.920000076293945,5.650000095367432,5.889999866485596,48300,0.0,0.0
2024-12-06 00:00:00-05:00,5.880000114440918,6.199999809265137,5.840000152587891,5.929999828338623,32500,0.0,0.0
2024-12-09 00:00:00-05:00,5.920000076293945,6.0,5.760000228881836,5.809999942779541,28200,0.0,0.0
2024-12-10 00:00:00-05:00,5.760000228881836,5.860000133514404,5.630000114440918,5.860000133514404,13900,0.0,0.0
2024-12-11 00:00:00-05:00,5.980000019073486,5.980000019073486,5.550000190734863,5.75,31300,0.0,0.0
2024-12-12 00:00:00-05:00,5.739999771118164,5.920000076293945,5.739999771118164,5.849999904632568,11800,0.0,0.0
2024-12-13 00:00:00-05:00,5.809999942779541,5.860000133514404,5.730000019073486,5.800000190734863,10100,0.0,0.0
2024-12-16 00:00:00-05:00,5.760000228881836,5.889999866485596,5.760000228881836,5.809999942779541,12500,0.0,0.0
2024-12-17 00:00:00-05:00,5.809999942779541,5.889999866485596,5.519999980926514,5.539999961853027,10900,0.0,0.0
2024-12-18 00:00:00-05:00,5.559999942779541,5.699999809265137,5.369999885559082,5.380000114440918,25500,0.0,0.0
2024-12-19 00:00:00-05:00,5.349999904632568,5.519999980926514,5.349999904632568,5.380000114440918,5000,0.0,0.0
2024-12-20 00:00:00-05:00,5.329999923706055,5.420000076293945,5.309999942779541,5.409999847412109,31900,0.0,0.0
2024-12-23 00:00:00-05:00,5.369999885559082,5.489999771118164,5.349999904632568,5.360000133514404,9200,0.0,0.0
2024-12-24 00:00:00-05:00,5.349999904632568,5.420000076293945,5.260000228881836,5.300000190734863,6400,0.0,0.0
2024-12-26 00:00:00-05:00,5.360000133514404,5.5,5.300000190734863,5.380000114440918,13500,0.0,0.0
2024-12-27 00:00:00-05:00,5.590000152587891,5.590000152587891,5.25,5.380000114440918,12900,0.0,0.0
2024-12-30 00:00:00-05:00,5.380000114440918,5.440000057220459,4.96999979019165,5.21999979019165,71600,0.0,0.0
2024-12-31 00:00:00-05:00,5.300000190734863,5.300000190734863,5.039999961853027,5.150000095367432,47400,0.0,0.0
2025-01-02 00:00:00-05:00,5.21999979019165,5.28000020980835,5.019999980926514,5.099999904632568,14100,0.0,0.0
2025-01-03 00:00:00-05:00,5.21999979019165,5.400000095367432,5.199999809265137,5.369999885559082,13000,0.0,0.0
2025-01-06 00:00:00-05:00,5.460000038146973,5.460000038146973,5.119999885559082,5.309999942779541,30100,0.0,0.0
2025-01-07 00:00:00-05:00,5.150000095367432,5.349999904632568,5.039999961853027,5.159999847412109,52300,0.0,0.0
2025-01-08 00:00:00-05:00,5.179999828338623,5.329999923706055,5.159999847412109,5.28000020980835,33200,0.0,0.0
2025-01-10 00:00:00-05:00,5.329999923706055,5.329999923706055,5.090000152587891,5.199999809265137,33900,0.0,0.0
2025-01-13 00:00:00-05:00,5.070000171661377,5.300000190734863,5.0,5.130000114440918,31000,0.0,0.0
2025-01-14 00:00:00-05:00,5.110000133514404,5.130000114440918,5.0,5.050000190734863,9700,0.0,0.0
2025-01-15 00:00:00-05:00,5.010000228881836,5.199999809265137,5.010000228881836,5.159999847412109,15700,0.0,0.0
2025-01-16 00:00:00-05:00,5.090000152587891,5.159999847412109,5.019999980926514,5.019999980926514,18300,0.0,0.0
2025-01-17 00:00:00-05:00,5.010000228881836,5.199999809265137,4.849999904632568,5.190000057220459,20300,0.0,0.0
2025-01-21 00:00:00-05:00,5.199999809265137,5.199999809265137,5.019999980926514,5.179999828338623,42500,0.0,0.0
2025-01-22 00:00:00-05:00,5.199999809265137,5.25,5.090000152587891,5.239999771118164,23800,0.0,0.0
2025-01-23 00:00:00-05:00,5.25,5.400000095367432,5.21999979019165,5.349999904632568,16400,0.0,0.0
2025-01-24 00:00:00-05:00,5.260000228881836,5.440000057220459,5.150000095367432,5.309999942779541,11700,0.0,0.0
2025-01-27 00:00:00-05:00,5.260000228881836,5.400000095367432,5.260000228881836,5.340000152587891,9500,0.0,0.0
2025-01-28 00:00:00-05:00,5.320000171661377,5.320000171661377,5.03000020980835,5.170000076293945,22700,0.0,0.0
2025-01-29 00:00:00-05:00,5.289999961853027,5.389999866485596,5.239999771118164,5.309999942779541,20900,0.0,0.0
2025-01-30 00:00:00-05:00,5.329999923706055,5.400000095367432,5.21999979019165,5.21999979019165,35400,0.0,0.0
2025-01-31 00:00:00-05:00,5.329999923706055,5.480000019073486,5.329999923706055,5.389999866485596,55000,0.0,0.0
2025-02-03 00:00:00-05:00,5.260000228881836,5.429999828338623,5.099999904632568,5.199999809265137,21800,0.0,0.0
2025-02-04 00:00:00-05:00,5.25,5.449999809265137,5.139999866485596,5.380000114440918,43700,0.0,0.0
2025-02-05 00:00:00-05:00,5.449999809265137,5.460000038146973,5.320000171661377,5.440000057220459,13700,0.0,0.0
2025-02-06 00:00:00-05:00,5.409999847412109,5.460000038146973,5.309999942779541,5.449999809265137,10800,0.0,0.0
2025-02-07 00:00:00-05:00,5.449999809265137,5.449999809265137,5.409999847412109,5.409999847412109,1300,0.0,0.0
2025-02-10 00:00:00-05:00,5.460000038146973,5.539999961853027,5.420000076293945,5.480000019073486,17500,0.0,0.0
2025-02-11 00:00:00-05:00,5.510000228881836,5.510000228881836,5.409999847412109,5.409999847412109,6700,0.0,0.0
2025-02-12 00:00:00-05:00,5.489999771118164,5.5,5.260000228881836,5.429999828338623,7900,0.0,0.0
2025-02-13 00:00:00-05:00,5.400000095367432,5.449999809265137,5.260000228881836,5.260000228881836,6800,0.0,0.0
2025-02-14 00:00:00-05:00,5.329999923706055,5.449999809265137,5.190000057220459,5.260000228881836,23100,0.0,0.0
2025-02-18 00:00:00-05:00,5.239999771118164,5.340000152587891,5.150000095367432,5.230000019073486,7900,0.0,0.0
2025-02-19 00:00:00-05:00,5.139999866485596,5.28000020980835,5.110000133514404,5.25,13300,0.0,0.0
2025-02-20 00:00:00-05:00,5.329999923706055,5.329999923706055,5.079999923706055,5.190000057220459,9000,0.0,0.0
2025-02-21 00:00:00-05:00,5.150000095367432,5.150000095367432,5.0,5.050000190734863,7200,0.0,0.0
2025-02-24 00:00:00-05:00,5.110000133514404,5.110000133514404,4.980000019073486,5.090000152587891,6700,0.0,0.0
2025-02-25 00:00:00-05:00,5.039999961853027,5.21999979019165,4.949999809265137,5.190000057220459,8800,0.0,0.0
2025-02-26 00:00:00-05:00,5.119999885559082,5.190000057220459,5.079999923706055,5.170000076293945,5400,0.0,0.0
2025-02-27 00:00:00-05:00,5.139999866485596,5.25,5.079999923706055,5.139999866485596,5400,0.0,0.0
2025-02-28 00:00:00-05:00,5.050000190734863,5.139999866485596,5.050000190734863,5.110000133514404,3600,0.0,0.0
2025-03-03 00:00:00-05:00,5.050000190734863,5.119999885559082,5.0,5.010000228881836,3400,0.0,0.0
2025-03-04 00:00:00-05:00,4.920000076293945,5.130000114440918,4.789999961853027,5.130000114440918,18800,0.0,0.0
2025-03-05 00:00:00-05:00,5.03000020980835,5.150000095367432,4.960000038146973,5.110000133514404,15100,0.0,0.0
2025-03-06 00:00:00-05:00,5.059999942779541,5.130000114440918,5.010000228881836,5.130000114440918,14300,0.0,0.0
2025-03-07 00:00:00-05:00,4.659999847412109,5.090000152587891,4.659999847412109,5.070000171661377,6100,0.0,0.0
2025-03-10 00:00:00-04:00,5.019999980926514,5.119999885559082,4.760000228881836,5.03000020980835,14800,0.0,0.0
2025-03-11 00:00:00-04:00,4.800000190734863,5.119999885559082,4.800000190734863,4.929999828338623,14400,0.0,0.0
2025-03-12 00:00:00-04:00,4.860000133514404,5.190000057220459,4.860000133514404,5.179999828338623,29900,0.0,0.0
2025-03-13 00:00:00-04:00,5.03000020980835,5.079999923706055,4.96999979019165,5.079999923706055,1800,0.0,0.0
2025-03-14 00:00:00-04:00,4.980000019073486,5.130000114440918,4.96999979019165,4.980000019073486,30800,0.0,0.0
2025-03-17 00:00:00-04:00,4.940000057220459,5.050000190734863,4.300000190734863,4.360000133514404,69000,0.0,0.0
2025-03-18 00:00:00-04:00,4.420000076293945,5.079999923706055,4.329999923706055,4.519999980926514,26300,0.0,0.0
2025-03-19 00:00:00-04:00,4.400000095367432,4.690000057220459,4.269999980926514,4.550000190734863,12400,0.0,0.0
2025-03-20 00:00:00-04:00,4.650000095367432,4.679999828338623,4.289999961853027,4.619999885559082,34700,0.0,0.0
2025-03-21 00:00:00-04:00,4.53000020980835,4.900000095367432,4.440000057220459,4.78000020980835,30200,0.0,0.0
2025-03-24 00:00:00-04:00,4.889999866485596,5.050000190734863,4.699999809265137,4.699999809265137,5800,0.0,0.0
2025-03-25 00:00:00-04:00,4.369999885559082,4.880000114440918,4.369999885559082,4.46999979019165,3500,0.0,0.0
2025-03-26 00:00:00-04:00,4.650000095367432,4.889999866485596,4.400000095367432,4.650000095367432,13800,0.0,0.0
2025-03-27 00:00:00-04:00,4.679999828338623,4.860000133514404,4.440000057220459,4.75,4500,0.0,0.0
2025-03-28 00:00:00-04:00,4.590000152587891,5.269999980926514,4.519999980926514,4.670000076293945,168100,0.0,0.0
2025-03-31 00:00:00-04:00,4.869999885559082,5.019999980926514,4.460000038146973,4.800000190734863,21800,0.0,0.0
2025-04-01 00:00:00-04:00,4.71999979019165,4.889999866485596,4.539999961853027,4.590000152587891,12800,0.0,0.0
2025-04-02 00:00:00-04:00,4.550000190734863,4.949999809265137,4.300000190734863,4.849999904632568,21400,0.0,0.0
2025-04-03 00:00:00-04:00,4.760000228881836,5.090000152587891,4.590000152587891,4.909999847412109,31300,0.0,0.0
2025-04-04 00:00:00-04:00,4.630000114440918,4.800000190734863,4.510000228881836,4.789999961853027,7400,0.0,0.0
2025-04-07 00:00:00-04:00,4.650000095367432,4.659999847412109,4.309999942779541,4.53000020980835,31800,0.0,0.0
2025-04-08 00:00:00-04:00,4.480000019073486,4.71999979019165,4.349999904632568,4.349999904632568,5700,0.0,0.0
2025-04-09 00:00:00-04:00,4.329999923706055,4.769999980926514,4.320000171661377,4.650000095367432,19900,0.0,0.0
2025-04-10 00:00:00-04:00,4.510000228881836,4.690000057220459,4.269999980926514,4.380000114440918,6300,0.0,0.0
2025-04-11 00:00:00-04:00,4.300000190734863,4.610000133514404,4.300000190734863,4.599999904632568,5800,0.0,0.0
2025-04-14 00:00:00-04:00,4.71999979019165,4.71999979019165,4.420000076293945,4.659999847412109,9500,0.0,0.0
2025-04-15 00:00:00-04:00,4.550000190734863,4.679999828338623,4.440000057220459,4.599999904632568,5600,0.0,0.0
2025-04-16 00:00:00-04:00,4.300000190734863,4.659999847412109,4.300000190734863,4.659999847412109,6700,0.0,0.0
2025-04-17 00:00:00-04:00,4.400000095367432,4.690000057220459,4.400000095367432,4.659999847412109,6100,0.0,0.0
2025-04-21 00:00:00-04:00,4.679999828338623,4.679999828338623,4.400000095367432,4.449999809265137,2700,0.0,0.0
2025-04-22 00:00:00-04:00,4.460000038146973,4.599999904632568,4.329999923706055,4.53000020980835,12500,0.0,0.0
2025-04-23 00:00:00-04:00,4.630000114440918,4.800000190734863,4.329999923706055,4.730000019073486,52900,0.0,0.0
2025-04-24 00:00:00-04:00,4.75,4.75,4.429999828338623,4.429999828338623,900,0.0,0.0
2025-04-25 00:00:00-04:00,4.690000057220459,4.869999885559082,4.46999979019165,4.650000095367432,75100,0.0,0.0
2025-04-28 00:00:00-04:00,4.559999942779541,5.019999980926514,4.5,4.769999980926514,111600,0.0,0.0
2025-04-29 00:00:00-04:00,4.960000038146973,5.139999866485596,4.639999866485596,4.980000019073486,47500,0.0,0.0
2025-04-30 00:00:00-04:00,4.909999847412109,5.150000095367432,4.909999847412109,5.0,9600,0.0,0.0
2025-05-01 00:00:00-04:00,4.920000076293945,5.070000171661377,4.769999980926514,4.96999979019165,31500,0.0,0.0
2025-05-02 00:00:00-04:00,4.800000190734863,5.090000152587891,4.800000190734863,5.0,7400,0.0,0.0
2025-05-05 00:00:00-04:00,4.75,5.03000020980835,4.75,4.829999923706055,1800,0.0,0.0
2025-05-06 00:00:00-04:00,4.670000076293945,4.670000076293945,4.429999828338623,4.429999828338623,800,0.0,0.0
2025-05-07 00:00:00-04:00,4.809999942779541,4.809999942779541,4.429999828338623,4.809999942779541,6000,0.0,0.0
2025-05-08 00:00:00-04:00,4.639999866485596,4.670000076293945,4.449999809265137,4.449999809265137,7500,0.0,0.0
2025-05-09 00:00:00-04:00,4.510000228881836,4.630000114440918,4.360000133514404,4.519999980926514,4100,0.0,0.0
2025-05-12 00:00:00-04:00,4.579999923706055,5.059999942779541,4.5,4.5,76500,0.0,0.0
2025-05-13 00:00:00-04:00,4.599999904632568,4.670000076293945,4.440000057220459,4.599999904632568,4100,0.0,0.0
2025-05-14 00:00:00-04:00,4.599999904632568,4.78000020980835,4.599999904632568,4.599999904632568,1800,0.0,0.0
2025-05-15 00:00:00-04:00,4.480000019073486,4.920000076293945,4.400000095367432,4.599999904632568,4200,0.0,0.0
2025-05-16 00:00:00-04:00,4.46999979019165,4.800000190734863,4.409999847412109,4.519999980926514,6400,0.0,0.0
2025-05-19 00:00:00-04:00,4.519999980926514,4.71999979019165,4.460000038146973,4.71999979019165,2900,0.0,0.0
2025-05-20 00:00:00-04:00,4.460000038146973,4.78000020980835,4.460000038146973,4.78000020980835,1800,0.0,0.0
2025-05-21 00:00:00-04:00,4.489999771118164,4.78000020980835,4.489999771118164,4.53000020980835,6300,0.0,0.0
2025-05-22 00:00:00-04:00,4.650000095367432,4.699999809265137,4.559999942779541,4.559999942779541,1900,0.0,0.0
2025-05-23 00:00:00-04:00,4.599999904632568,4.75,4.46999979019165,4.75,5100,0.0,0.0
2025-05-27 00:00:00-04:00,4.630000114440918,4.940000057220459,4.619999885559082,4.679999828338623,2200,0.0,0.0
2025-05-28 00:00:00-04:00,4.619999885559082,4.889999866485596,4.53000020980835,4.679999828338623,3700,0.0,0.0
2025-05-29 00:00:00-04:00,4.590000152587891,4.650000095367432,4.590000152587891,4.599999904632568,2800,0.0,0.0
2025-05-30 00:00:00-04:00,4.519999980926514,4.599999904632568,4.239999771118164,4.550000190734863,3700,0.0,0.0
2025-06-02 00:00:00-04:00,5.0,5.0,4.46999979019165,4.550000190734863,18600,0.0,0.0
2025-06-03 00:00:00-04:00,4.480000019073486,4.510000228881836,4.199999809265137,4.260000228881836,7100,0.0,0.0
2025-06-04 00:00:00-04:00,4.360000133514404,4.409999847412109,4.239999771118164,4.340000152587891,2200,0.0,0.0
2025-06-05 00:00:00-04:00,4.269999980926514,4.440000057220459,4.21999979019165,4.440000057220459,2500,0.0,0.0
2025-06-06 00:00:00-04:00,4.300000190734863,4.429999828338623,4.300000190734863,4.349999904632568,2100,0.0,0.0
2025-06-09 00:00:00-04:00,4.199999809265137,4.199999809265137,4.159999847412109,4.159999847412109,1600,0.0,0.0
2025-06-10 00:00:00-04:00,4.269999980926514,4.46999979019165,4.269999980926514,4.449999809265137,15900,0.0,0.0
2025-06-11 00:00:00-04:00,4.329999923706055,4.380000114440918,4.329999923706055,4.380000114440918,1100,0.0,0.0
2025-06-12 00:00:00-04:00,4.300000190734863,4.389999866485596,4.239999771118164,4.340000152587891,10000,0.0,0.0
2025-06-13 00:00:00-04:00,4.150000095367432,4.400000095367432,3.940000057220459,4.119999885559082,36100,0.0,0.0
2025-06-16 00:00:00-04:00,4.010000228881836,4.099999904632568,3.8499999046325684,4.079999923706055,4500,0.0,0.0
2025-06-17 00:00:00-04:00,4.039999961853027,4.110000133514404,3.990000009536743,4.099999904632568,1700,0.0,0.0
2025-06-18 00:00:00-04:00,3.940000057220459,4.110000133514404,3.940000057220459,4.110000133514404,700,0.0,0.0
2025-06-20 00:00:00-04:00,3.9800000190734863,4.78000020980835,3.5999999046325684,3.8299999237060547,94700,0.0,0.0
2025-06-23 00:00:00-04:00,3.950000047683716,5.389999866485596,3.240000009536743,3.509999990463257,307600,0.0,0.0
2025-06-24 00:00:00-04:00,3.5,3.630000114440918,3.359999895095825,3.619999885559082,9600,0.0,0.0
2025-06-25 00:00:00-04:00,3.569999933242798,4.199999809265137,3.450000047683716,3.8499999046325684,48100,0.0,0.0
2025-06-26 00:00:00-04:00,3.799999952316284,4.099999904632568,3.630000114440918,3.809999942779541,19900,0.0,0.0
2025-06-27 00:00:00-04:00,3.9000000953674316,4.139999866485596,3.9000000953674316,3.9600000381469727,13100,0.0,0.0
2025-06-30 00:00:00-04:00,3.930000066757202,4.480000019073486,3.9200000762939453,3.9800000190734863,26700,0.0,0.0
2025-07-01 00:00:00-04:00,4.139999866485596,4.139999866485596,3.9000000953674316,3.9000000953674316,3300,0.0,0.0
2025-07-02 00:00:00-04:00,3.859999895095825,4.349999904632568,3.859999895095825,3.950000047683716,10500,0.0,0.0
2025-07-03 00:00:00-04:00,3.799999952316284,4.199999809265137,3.680000066757202,3.680000066757202,21000,0.0,0.0
2025-07-07 00:00:00-04:00,3.630000114440918,3.7699999809265137,3.630000114440918,3.700000047683716,2000,0.0,0.0
2025-07-08 00:00:00-04:00,3.609999895095825,3.9800000190734863,3.609999895095825,3.75,8600,0.0,0.0
2025-07-09 00:00:00-04:00,3.740000009536743,4.050000190734863,3.740000009536743,3.7699999809265137,1000,0.0,0.0
2025-07-10 00:00:00-04:00,3.8499999046325684,4.0,3.700000047683716,3.759999990463257,3600,0.0,0.0
2025-07-11 00:00:00-04:00,3.859999895095825,4.03000020980835,3.7699999809265137,3.859999895095825,1800,0.0,0.0
2025-07-14 00:00:00-04:00,3.799999952316284,3.799999952316284,3.549999952316284,3.609999895095825,12700,0.0,0.0
2025-07-15 00:00:00-04:00,3.609999895095825,3.609999895095825,3.380000114440918,3.380000114440918,2500,0.0,0.0
2025-07-16 00:00:00-04:00,3.369999885559082,3.390000104904175,3.369999885559082,3.390000104904175,1600,0.0,0.0
2025-07-17 00:00:00-04:00,3.3499999046325684,3.5399999618530273,3.3499999046325684,3.390000104904175,4700,0.0,0.0
2025-07-18 00:00:00-04:00,3.4000000953674316,3.490000009536743,3.3399999141693115,3.359999895095825,5500,0.0,0.0
2025-07-21 00:00:00-04:00,3.319999933242798,3.559999942779541,3.059999942779541,3.559999942779541,21100,0.0,0.0
2025-07-22 00:00:00-04:00,3.2200000286102295,3.549999952316284,3.1500000953674316,3.390000104904175,7100,0.0,0.0
2025-07-23 00:00:00-04:00,3.359999895095825,3.5299999713897705,3.359999895095825,3.4600000381469727,5300,0.0,0.0
2025-07-24 00:00:00-04:00,3.359999895095825,3.549999952316284,3.2799999713897705,3.4100000858306885,22500,0.0,0.0
2025-07-25 00:00:00-04:00,3.440000057220459,3.440000057220459,3.440000057220459,3.440000057220459,500,0.0,0.0
2025-07-28 00:00:00-04:00,3.200000047683716,3.549999952316284,3.200000047683716,3.509999990463257,7200,0.0,0.0
2025-07-29 00:00:00-04:00,3.509999990463257,3.549999952316284,3.2899999618530273,3.2899999618530273,16700,0.0,0.0
2025-07-30 00:00:00-04:00,3.2899999618530273,3.2899999618530273,3.2899999618530273,3.2899999618530273,0,0.0,0.0
2025-07-31 00:00:00-04:00,3.4100000858306885,3.4100000858306885,3.4100000858306885,3.4100000858306885,1600,0.0,0.0
2025-08-01 00:00:00-04:00,3.4100000858306885,3.4100000858306885,3.4100000858306885,3.4100000858306885,1800,0.0,0.0
2025-08-04 00:00:00-04:00,3.4100000858306885,3.509999990463257,3.4100000858306885,3.4100000858306885,1800,0.0,0.0
2025-08-05 00:00:00-04:00,3.4700000286102295,3.5299999713897705,3.4100000858306885,3.4100000858306885,5400,0.0,0.0
2025-08-06 00:00:00-04:00,3.4600000381469727,3.4600000381469727,3.4600000381469727,3.4600000381469727,600,0.0,0.0
2025-08-07 00:00:00-04:00,3.5299999713897705,3.549999952316284,3.5299999713897705,3.549999952316284,4700,0.0,0.0
2025-08-08 00:00:00-04:00,3.509999990463257,3.690000057220459,3.509999990463257,3.680000066757202,4100,0.0,0.0
2025-08-11 00:00:00-04:00,3.5299999713897705,3.5299999713897705,3.5299999713897705,3.5299999713897705,900,0.0,0.0
2025-08-12 00:00:00-04:00,3.559999942779541,3.569999933242798,3.549999952316284,3.569999933242798,1100,0.0,0.0
2025-08-13 00:00:00-04:00,3.559999942779541,3.559999942779541,3.559999942779541,3.559999942779541,200,0.0,0.0
2025-08-14 00:00:00-04:00,3.509999990463257,3.859999895095825,3.509999990463257,3.559999942779541,800,0.0,0.0
2025-08-15 00:00:00-04:00,3.5399999618530273,3.690000057220459,3.5199999809265137,3.690000057220459,1700,0.0,0.0
2025-08-18 00:00:00-04:00,3.690000057220459,3.859999895095825,3.5199999809265137,3.5899999141693115,10400,0.0,0.0
2025-08-19 00:00:00-04:00,3.6500000953674316,3.690000057220459,3.559999942779541,3.559999942779541,16500,0.0,0.0
2025-08-20 00:00:00-04:00,3.6600000858306885,3.7899999618530273,3.6600000858306885,3.7300000190734863,28200,0.0,0.0
2025-08-21 00:00:00-04:00,3.630000114440918,3.630000114440918,3.569999933242798,3.569999933242798,4000,0.0,0.0
2025-08-22 00:00:00-04:00,3.7100000381469727,3.7899999618530273,3.5199999809265137,3.6600000858306885,11400,0.0,0.0
2025-08-25 00:00:00-04:00,3.5299999713897705,3.6500000953674316,3.509999990463257,3.6500000953674316,46200,0.0,0.0
2025-08-26 00:00:00-04:00,3.6500000953674316,3.6500000953674316,3.640000104904175,3.640000104904175,1700,0.0,0.0
2025-08-27 00:00:00-04:00,3.5899999141693115,3.7200000286102295,3.5899999141693115,3.609999895095825,13100,0.0,0.0
2025-08-28 00:00:00-04:00,3.5999999046325684,3.630000114440918,3.5999999046325684,3.609999895095825,6500,0.0,0.0
2025-08-29 00:00:00-04:00,3.609999895095825,3.609999895095825,3.5999999046325684,3.5999999046325684,24100,0.0,0.0
2025-09-02 00:00:00-04:00,3.5999999046325684,3.640000104904175,3.5999999046325684,3.640000104904175,1900,0.0,0.0
2025-09-03 00:00:00-04:00,3.6600000858306885,3.680000066757202,3.5399999618530273,3.549999952316284,29500,0.0,0.0
2025-09-04 00:00:00-04:00,3.680000066757202,3.75,3.609999895095825,3.7300000190734863,13800,0.0,0.0
2025-09-05 00:00:00-04:00,3.6700000762939453,3.690000057220459,3.640000104904175,3.6700000762939453,17300,0.0,0.0
2025-09-08 00:00:00-04:00,3.7899999618530273,3.7899999618530273,3.4600000381469727,3.5,53300,0.0,0.0
2025-09-09 00:00:00-04:00,3.5299999713897705,3.680000066757202,3.5199999809265137,3.6700000762939453,22800,0.0,0.0
2025-09-10 00:00:00-04:00,3.619999885559082,3.690000057220459,3.619999885559082,3.690000057220459,1900,0.0,0.0
2025-09-11 00:00:00-04:00,3.680000066757202,3.75,3.6500000953674316,3.7200000286102295,28300,0.0,0.0
2025-09-12 00:00:00-04:00,3.759999990463257,3.809999942779541,3.759999990463257,3.809999942779541,7500,0.0,0.0
2025-09-15 00:00:00-04:00,3.7699999809265137,3.8299999237060547,3.6700000762939453,3.680000066757202,69900,0.0,0.0
2025-09-16 00:00:00-04:00,3.7300000190734863,3.7300000190734863,3.690000057220459,3.690000057220459,14900,0.0,0.0
2025-09-17 00:00:00-04:00,3.6700000762939453,3.7200000286102295,3.6700000762939453,3.7100000381469727,9700,0.0,0.0
2025-09-18 00:00:00-04:00,3.6700000762939453,3.7200000286102295,3.6700000762939453,3.690000057220459,24600,0.0,0.0
2025-09-19 00:00:00-04:00,3.690000057220459,3.7100000381469727,3.6600000858306885,3.7100000381469727,19400,0.0,0.0
2025-09-22 00:00:00-04:00,3.7200000286102295,3.740000009536743,3.690000057220459,3.740000009536743,2800,0.0,0.0
2025-09-23 00:00:00-04:00,3.75,3.869999885559082,3.609999895095825,3.7300000190734863,11300,0.0,0.0
2025-09-24 00:00:00-04:00,3.640000104904175,3.7200000286102295,3.559999942779541,3.609999895095825,17900,0.0,0.0
2025-09-25 00:00:00-04:00,3.5899999141693115,3.6600000858306885,3.569999933242798,3.6600000858306885,5100,0.0,0.0
2025-09-26 00:00:00-04:00,3.700000047683716,3.700000047683716,3.700000047683716,3.700000047683716,300,0.0,0.0
2025-09-29 00:00:00-04:00,3.6500000953674316,3.690000057220459,3.6500000953674316,3.690000057220459,1700,0.0,0.0
2025-09-30 00:00:00-04:00,3.6500000953674316,3.7100000381469727,3.6500000953674316,3.7100000381469727,17200,0.0,0.0
2025-10-01 00:00:00-04:00,3.700000047683716,3.7300000190734863,3.6500000953674316,3.680000066757202,3900,0.0,0.0
2025-10-02 00:00:00-04:00,3.690000057220459,3.700000047683716,3.6500000953674316,3.6700000762939453,4300,0.0,0.0
2025-10-03 00:00:00-04:00,3.640000104904175,3.680000066757202,3.630000114440918,3.630000114440918,10400,0.0,0.0
2025-10-06 00:00:00-04:00,3.609999895095825,3.6600000858306885,3.5899999141693115,3.630000114440918,32600,0.0,0.0
2025-10-07 00:00:00-04:00,3.5999999046325684,3.5999999046325684,3.5999999046325684,3.5999999046325684,500,0.0,0.0
2025-10-08 00:00:00-04:00,3.5999999046325684,3.5999999046325684,3.569999933242798,3.569999933242798,2000,0.0,0.0
2025-10-09 00:00:00-04:00,3.549999952316284,3.680000066757202,3.549999952316284,3.619999885559082,8300,0.0,0.0
2025-10-10 00:00:00-04:00,3.630000114440918,3.630000114440918,3.630000114440918,3.630000114440918,800,0.0,0.0
2025-10-13 00:00:00-04:00,3.569999933242798,3.569999933242798,3.569999933242798,3.569999933242798,200,0.0,0.0
2025-10-14 00:00:00-04:00,3.549999952316284,3.549999952316284,3.4000000953674316,3.440000057220459,15100,0.0,0.0
2025-10-15 00:00:00-04:00,3.609999895095825,3.700000047683716,3.609999895095825,3.6500000953674316,3900,0.0,0.0
2025-10-16 00:00:00-04:00,3.5799999237060547,3.5799999237060547,3.5799999237060547,3.5799999237060547,400,0.0,0.0
2025-10-17 00:00:00-04:00,3.5999999046325684,3.5999999046325684,3.5,3.5,800,0.0,0.0
2025-10-20 00:00:00-04:00,3.4200000762939453,3.5299999713897705,3.4200000762939453,3.5,3800,0.0,0.0
2025-10-21 00:00:00-04:00,3.5,3.6500000953674316,3.5,3.5799999237060547,3127000,0.0,0.0
2025-10-22 00:00:00-04:00,4.059999942779541,4.320000171661377,3.630000114440918,3.9100000858306885,2300800,0.0,0.0
2025-10-23 00:00:00-04:00,3.5399999618530273,3.680000066757202,3.2300000190734863,3.4600000381469727,120600,0.0,0.0
2025-10-24 00:00:00-04:00,3.559999942779541,3.559999942779541,3.3299999237060547,3.4600000381469727,76600,0.0,0.0
2025-10-27 00:00:00-04:00,3.4000000953674316,3.4200000762939453,3.3299999237060547,3.3499999046325684,27600,0.0,0.0
2025-10-28 00:00:00-04:00,3.299999952316284,3.6500000953674316,3.259999990463257,3.5299999713897705,66400,0.0,0.0
2025-10-29 00:00:00-04:00,3.430000066757202,3.4700000286102295,3.309999942779541,3.3399999141693115,9800,0.0,0.0
2025-10-30 00:00:00-04:00,2.990000009536743,3.0799999237060547,2.9100000858306885,3.059999942779541,54200,0.0,0.0
2025-10-31 00:00:00-04:00,3.049999952316284,3.1500000953674316,3.0199999809265137,3.109999895095825,14800,0.0,0.0
2025-11-03 00:00:00-05:00,3.119999885559082,3.119999885559082,2.9200000762939453,3.009999990463257,14300,0.0,0.0
2025-11-04 00:00:00-05:00,3.009999990463257,3.109999895095825,2.9000000953674316,2.9200000762939453,19800,0.0,0.0
2025-11-05 00:00:00-05:00,2.9200000762939453,3.009999990463257,2.3299999237060547,2.7699999809265137,86900,0.0,0.0
2025-11-06 00:00:00-05:00,2.690000057220459,2.8299999237060547,2.690000057220459,2.7300000190734863,14100,0.0,0.0
2025-11-07 00:00:00-05:00,2.7100000381469727,2.7799999713897705,2.7100000381469727,2.7699999809265137,6500,0.0,0.0
2025-11-10 00:00:00-05:00,2.740000009536743,2.859999895095825,2.740000009536743,2.859999895095825,7100,0.0,0.0
2025-11-11 00:00:00-05:00,2.819999933242798,2.8399999141693115,2.809999942779541,2.8399999141693115,10400,0.0,0.0
2025-11-12 00:00:00-05:00,2.819999933242798,2.9600000381469727,2.819999933242798,2.9200000762939453,9800,0.0,0.0
2025-11-13 00:00:00-05:00,2.859999895095825,2.9100000858306885,2.8399999141693115,2.8499999046325684,5000,0.0,0.0
2025-11-14 00:00:00-05:00,2.9000000953674316,2.990000009536743,2.8499999046325684,2.9800000190734863,24900,0.0,0.0
2025-11-17 00:00:00-05:00,2.940000057220459,2.940000057220459,2.7300000190734863,2.7699999809265137,11700,0.0,0.0
2025-11-18 00:00:00-05:00,2.7699999809265137,2.799999952316284,2.7699999809265137,2.7799999713897705,5500,0.0,0.0
2025-11-19 00:00:00-05:00,2.759999990463257,2.869999885559082,2.759999990463257,2.809999942779541,10100,0.0,0.0
2025-11-20 00:00:00-05:00,2.759999990463257,2.799999952316284,2.7300000190734863,2.7899999618530273,9700,0.0,0.0
2025-11-21 00:00:00-05:00,2.7799999713897705,2.930000066757202,2.7799999713897705,2.880000114440918,4800,0.0,0.0
2025-11-24 00:00:00-05:00,2.9000000953674316,3.1500000953674316,2.869999885559082,3.1500000953674316,17000,0.0,0.0
2025-11-25 00:00:00-05:00,3.1700000762939453,3.25,2.9700000286102295,3.25,22600,0.0,0.0
2025-11-26 00:00:00-05:00,3.0299999713897705,3.4600000381469727,3.0299999713897705,3.3299999237060547,11600,0.0,0.0
2025-11-28 00:00:00-05:00,3.5,3.890000104904175,3.380000114440918,3.7699999809265137,25100,0.0,0.0
2025-12-01 00:00:00-05:00,3.6700000762939453,3.859999895095825,3.6500000953674316,3.6500000953674316,10800,0.0,0.0
2025-12-02 00:00:00-05:00,3.640000104904175,3.880000114440918,3.640000104904175,3.7699999809265137,8600,0.0,0.0
2025-12-03 00:00:00-05:00,3.869999885559082,3.869999885559082,3.680000066757202,3.680000066757202,4300,0.0,0.0
2025-12-04 00:00:00-05:00,3.3499999046325684,3.4700000286102295,3.1600000858306885,3.25,8100,0.0,0.0
2025-12-05 00:00:00-05:00,3.2200000286102295,3.2799999713897705,3.190000057220459,3.2100000381469727,4500,0.0,0.0
2025-12-08 00:00:00-05:00,3.180000066757202,3.190000057220459,3.180000066757202,3.190000057220459,1400,0.0,0.0
2025-12-09 00:00:00-05:00,3.180000066757202,3.2300000190734863,3.180000066757202,3.2300000190734863,1400,0.0,0.0
2025-12-10 00:00:00-05:00,3.1600000858306885,3.1600000858306885,3.069999933242798,3.069999933242798,10100,0.0,0.0
2025-12-11 00:00:00-05:00,2.950000047683716,3.069999933242798,2.75,2.950000047683716,3000,0.0,0.0
2025-12-12 00:00:00-05:00,2.869999885559082,3.359999895095825,2.869999885559082,3.190000057220459,6300,0.0,0.0
2025-12-15 00:00:00-05:00,3.309999942779541,3.3299999237060547,3.1600000858306885,3.2100000381469727,7300,0.0,0.0
2025-12-16 00:00:00-05:00,3.2300000190734863,3.240000009536743,3.0399999618530273,3.2200000286102295,20300,0.0,0.0
2025-12-17 00:00:00-05:00,3.2100000381469727,3.25,3.2100000381469727,3.2100000381469727,8800,0.0,0.0
2025-12-18 00:00:00-05:00,3.2200000286102295,3.450000047683716,3.2200000286102295,3.2899999618530273,9900,0.0,0.0
2025-12-19 00:00:00-05:00,3.2899999618530273,3.490000009536743,3.259999990463257,3.359999895095825,12900,0.0,0.0
2025-12-22 00:00:00-05:00,3.3299999237060547,3.3399999141693115,3.3299999237060547,3.3399999141693115,1700,0.0,0.0
2025-12-23 00:00:00-05:00,3.3399999141693115,3.3499999046325684,3.3399999141693115,3.3399999141693115,5500,0.0,0.0
2025-12-24 00:00:00-05:00,3.309999942779541,3.309999942779541,3.309999942779541,3.309999942779541,700,0.0,0.0
2025-12-26 00:00:00-05:00,3.309999942779541,3.380000114440918,3.309999942779541,3.319999933242798,11000,0.0,0.0
2025-12-29 00:00:00-05:00,3.440000057220459,3.440000057220459,3.0,3.109999895095825,21500,0.0,0.0
2025-12-30 00:00:00-05:00,3.109999895095825,3.259999990463257,3.009999990463257,3.059999942779541,19200,0.0,0.0
2025-12-31 00:00:00-05:00,3.140000104904175,3.3499999046325684,2.8299999237060547,3.009999990463257,30100,0.0,0.0
2026-01-02 00:00:00-05:00,3.059999942779541,3.069999933242798,2.799999952316284,3.059999942779541,7100,0.0,0.0
2026-01-05 00:00:00-05:00,2.950000047683716,2.950000047683716,2.930000066757202,2.940000057220459,2200,0.0,0.0
2026-01-06 00:00:00-05:00,2.940000057220459,3.0999999046325684,2.940000057220459,2.9600000381469727,6400,0.0,0.0
2026-01-07 00:00:00-05:00,3.0,3.0,2.859999895095825,2.859999895095825,7800,0.0,0.0
2026-01-08 00:00:00-05:00,2.9000000953674316,2.930000066757202,2.869999885559082,2.930000066757202,21100,0.0,0.0
2026-01-09 00:00:00-05:00,2.9000000953674316,3.1500000953674316,2.859999895095825,2.940000057220459,16800,0.0,0.0
2026-01-12 00:00:00-05:00,2.990000009536743,3.109999895095825,2.869999885559082,2.9000000953674316,12000,0.0,0.0
2026-01-13 00:00:00-05:00,2.990000009536743,3.049999952316284,2.9200000762939453,3.0,9900,0.0,0.0
2026-01-14 00:00:00-05:00,3.0,3.0399999618530273,3.0,3.0399999618530273,2500,0.0,0.0
2026-01-15 00:00:00-05:00,3.0399999618530273,3.0399999618530273,3.0399999618530273,3.0399999618530273,0,0.0,0.0
2026-01-16 00:00:00-05:00,3.3299999237060547,3.3299999237060547,3.0999999046325684,3.0999999046325684,6600,0.0,0.0
2026-01-20 00:00:00-05:00,3.0799999237060547,3.0999999046325684,3.049999952316284,3.0999999046325684,1000,0.0,0.0
2026-01-21 00:00:00-05:00,3.069999933242798,3.0799999237060547,3.0,3.0299999713897705,6100,0.0,0.0
2026-01-22 00:00:00-05:00,3.0399999618530273,3.319999933242798,2.9200000762939453,3.069999933242798,12200,0.0,0.0
2026-01-23 00:00:00-05:00,3.109999895095825,3.130000114440918,3.0899999141693115,3.0999999046325684,5900,0.0,0.0
2026-01-26 00:00:00-05:00,3.1500000953674316,3.1500000953674316,3.009999990463257,3.140000104904175,2600,0.0,0.0
2026-01-27 00:00:00-05:00,3.0299999713897705,3.059999942779541,3.0,3.059999942779541,12800,0.0,0.0
2026-01-28 00:00:00-05:00,3.069999933242798,3.119999885559082,2.9700000286102295,3.059999942779541,4000,0.0,0.0
2026-01-29 00:00:00-05:00,3.0,3.130000114440918,2.950000047683716,3.119999885559082,15200,0.0,0.0
2026-01-30 00:00:00-05:00,3.130000114440918,3.2899999618530273,3.009999990463257,3.0299999713897705,5900,0.0,0.0
2026-02-02 00:00:00-05:00,3.1600000858306885,3.180000066757202,3.009999990463257,3.0199999809265137,4500,0.0,0.0
2026-02-03 00:00:00-05:00,3.069999933242798,3.069999933242798,3.069999933242798,3.069999933242798,500,0.0,0.0
2026-02-04 00:00:00-05:00,3.0399999618530273,3.069999933242798,3.009999990463257,3.009999990463257,5500,0.0,0.0
2026-02-05 00:00:00-05:00,3.0399999618530273,3.069999933242798,2.930000066757202,2.930000066757202,9400,0.0,0.0
2026-02-06 00:00:00-05:00,2.930000066757202,3.180000066757202,2.9100000858306885,2.930000066757202,5600,0.0,0.0
2026-02-09 00:00:00-05:00,2.930000066757202,3.0,2.9200000762939453,2.930000066757202,2000,0.0,0.0
2026-02-10 00:00:00-05:00,2.9200000762939453,2.950000047683716,2.9100000858306885,2.9100000858306885,1600,0.0,0.0
2026-02-11 00:00:00-05:00,2.9100000858306885,3.109999895095825,2.869999885559082,2.869999885559082,5300,0.0,0.0
2026-02-12 00:00:00-05:00,2.890000104904175,2.890000104904175,2.8299999237060547,2.859999895095825,4400,0.0,0.0
2026-02-13 00:00:00-05:00,2.809999942779541,2.9600000381469727,2.809999942779541,2.809999942779541,1700,0.0,0.0
2026-02-17 00:00:00-05:00,2.809999942779541,2.859999895095825,2.809999942779541,2.8499999046325684,1800,0.0,0.0
2026-02-18 00:00:00-05:00,2.880000114440918,2.880000114440918,2.8299999237060547,2.8299999237060547,1600,0.0,0.0
2026-02-19 00:00:00-05:00,3.009999990463257,3.009999990463257,2.809999942779541,2.809999942779541,6100,0.0,0.0
2026-02-20 00:00:00-05:00,3.0799999237060547,3.0799999237060547,2.819999933242798,2.8399999141693115,3100,0.0,0.0
2026-02-23 00:00:00-05:00,2.809999942779541,2.809999942779541,2.799999952316284,2.799999952316284,5300,0.0,0.0
2026-02-24 00:00:00-05:00,2.7100000381469727,2.759999990463257,2.700000047683716,2.75,2700,0.0,0.0
2026-02-25 00:00:00-05:00,2.859999895095825,2.859999895095825,2.859999895095825,2.859999895095825,600,0.0,0.0
2026-02-26 00:00:00-05:00,2.8499999046325684,2.8499999046325684,2.8499999046325684,2.8499999046325684,1000,0.0,0.0
2026-02-27 00:00:00-05:00,2.75,2.7699999809265137,2.75,2.75,800,0.0,0.0
2026-03-02 00:00:00-05:00,2.700000047683716,2.7100000381469727,2.700000047683716,2.7100000381469727,1300,0.0,0.0
2026-03-03 00:00:00-05:00,2.7100000381469727,2.7300000190734863,2.680000066757202,2.7100000381469727,9000,0.0,0.0
2026-03-04 00:00:00-05:00,2.7100000381469727,2.7100000381469727,2.7100000381469727,2.7100000381469727,0,0.0,0.0
2026-03-05 00:00:00-05:00,2.7100000381469727,2.7100000381469727,2.7100000381469727,2.7100000381469727,0,0.0,0.0
2026-03-06 00:00:00-05:00,2.690000057220459,2.8399999141693115,2.680000066757202,2.7799999713897705,2800,0.0,0.0
2026-03-09 00:00:00-04:00,2.6600000858306885,2.859999895095825,2.6600000858306885,2.859999895095825,2000,0.0,0.0
2026-03-10 00:00:00-04:00,2.7699999809265137,2.7699999809265137,2.7699999809265137,2.7699999809265137,2000,0.0,0.0
2026-03-11 00:00:00-04:00,2.7699999809265137,2.7699999809265137,2.7300000190734863,2.740000009536743,5300,0.0,0.0
2026-03-12 00:00:00-04:00,2.6600000858306885,2.6600000858306885,2.6600000858306885,2.6600000858306885,2400,0.0,0.0
2026-03-13 00:00:00-04:00,2.7699999809265137,2.7799999713897705,2.6500000953674316,2.7799999713897705,4200,0.0,0.0
2026-03-16 00:00:00-04:00,2.7799999713897705,2.7799999713897705,2.7799999713897705,2.7799999713897705,1000,0.0,0.0
2026-03-17 00:00:00-04:00,2.6700000762939453,2.6700000762939453,2.6700000762939453,2.6700000762939453,700,0.0,0.0
2026-03-18 00:00:00-04:00,2.6500000953674316,2.6500000953674316,2.6500000953674316,2.6500000953674316,2500,0.0,0.0
2026-03-19 00:00:00-04:00,2.6500000953674316,2.6500000953674316,2.6500000953674316,2.6500000953674316,2100,0.0,0.0
2026-03-20 00:00:00-04:00,2.5999999046325684,2.5999999046325684,2.4100000858306885,2.5799999237060547,27500,0.0,0.0
2026-03-23 00:00:00-04:00,2.569999933242798,2.569999933242798,2.569999933242798,2.569999933242798,600,0.0,0.0
2026-03-24 00:00:00-04:00,2.559999942779541,2.559999942779541,2.309999942779541,2.450000047683716,6900,0.0,0.0
2026-03-25 00:00:00-04:00,2.450000047683716,2.450000047683716,2.450000047683716,2.450000047683716,0,0.0,0.0
2026-03-26 00:00:00-04:00,2.4000000953674316,2.4000000953674316,2.3399999141693115,2.369999885559082,2000,0.0,0.0
2026-03-27 00:00:00-04:00,2.2300000190734863,2.369999885559082,2.2300000190734863,2.369999885559082,400,0.0,0.0
2026-03-30 00:00:00-04:00,2.2200000286102295,2.309999942779541,2.2200000286102295,2.309999942779541,900,0.0,0.0
2026-03-31 00:00:00-04:00,2.309999942779541,2.3499999046325684,2.2699999809265137,2.2699999809265137,22800,0.0,0.0
2026-04-01 00:00:00-04:00,2.369999885559082,2.5,2.369999885559082,2.5,700,0.0,0.0
2026-04-02 00:00:00-04:00,2.5,2.5,2.5,2.5,300,0.0,0.0
2026-04-06 00:00:00-04:00,2.440000057220459,2.450000047683716,2.440000057220459,2.450000047683716,700,0.0,0.0
2026-04-07 00:00:00-04:00,2.3299999237060547,2.5,2.3299999237060547,2.5,2300,0.0,0.0
2026-04-08 00:00:00-04:00,2.490000009536743,2.5,2.319999933242798,2.4100000858306885,3500,0.0,0.0
2026-04-09 00:00:00-04:00,2.4200000762939453,2.4200000762939453,2.4200000762939453,2.4200000762939453,2200,0.0,0.0
2026-04-10 00:00:00-04:00,2.359999895095825,2.359999895095825,2.359999895095825,2.359999895095825,400,0.0,0.0
2026-04-13 00:00:00-04:00,2.380000114440918,3.0999999046325684,2.3499999046325684,2.8299999237060547,174600,0.0,0.0
2026-04-14 00:00:00-04:00,3.240000009536743,3.25,2.549999952316284,2.9000000953674316,111300,0.0,0.0
2026-04-15 00:00:00-04:00,2.700000047683716,2.8499999046325684,2.5999999046325684,2.759999990463257,28900,0.0,0.0
2026-04-16 00:00:00-04:00,2.8399999141693115,2.869999885559082,2.700000047683716,2.869999885559082,8000,0.0,0.0
2026-04-17 00:00:00-04:00,2.8299999237060547,2.890000104904175,2.700000047683716,2.890000104904175,18100,0.0,0.0
2026-04-20 00:00:00-04:00,2.8399999141693115,2.8499999046325684,2.799999952316284,2.819999933242798,2500,0.0,0.0
2026-04-21 00:00:00-04:00,2.7300000190734863,2.7699999809265137,2.7300000190734863,2.7699999809265137,2700,0.0,0.0
2026-04-22 00:00:00-04:00,2.7100000381469727,2.799999952316284,2.700000047683716,2.799999952316284,8300,0.0,0.0
2026-04-23 00:00:00-04:00,2.75,2.8399999141693115,2.7200000286102295,2.7200000286102295,3500,0.0,0.0
2026-04-24 00:00:00-04:00,2.759999990463257,2.759999990463257,2.759999990463257,2.759999990463257,500,0.0,0.0
2026-04-27 00:00:00-04:00,2.75,2.880000114440918,2.75,2.7699999809265137,3500,0.0,0.0
2026-04-28 00:00:00-04:00,2.8499999046325684,2.990000009536743,2.75,2.75,1800,0.0,0.0
2026-04-29 00:00:00-04:00,2.75,2.75,2.75,2.75,0,0.0,0.0
2026-04-30 00:00:00-04:00,2.799999952316284,2.799999952316284,2.7699999809265137,2.7699999809265137,1500,0.0,0.0
2026-05-01 00:00:00-04:00,2.819999933242798,2.819999933242798,2.7300000190734863,2.740000009536743,3100,0.0,0.0
2026-05-04 00:00:00-04:00,2.890000104904175,2.890000104904175,2.75,2.7899999618530273,2900,0.0,0.0
2026-05-05 00:00:00-04:00,2.75,2.819999933242798,2.75,2.7699999809265137,2100,0.0,0.0
2026-05-06 00:00:00-04:00,2.799999952316284,2.9000000953674316,2.799999952316284,2.8399999141693115,4200,0.0,0.0
2026-05-07 00:00:00-04:00,2.890000104904175,2.9200000762939453,2.7799999713897705,2.7799999713897705,9100,0.0,0.0
2026-05-08 00:00:00-04:00,2.75,2.8299999237060547,2.740000009536743,2.819999933242798,13200,0.0,0.0
2026-05-11 00:00:00-04:00,2.8499999046325684,2.8499999046325684,2.809999942779541,2.809999942779541,2800,0.0,0.0
2026-05-12 00:00:00-04:00,2.759999990463257,2.8299999237060547,2.759999990463257,2.8299999237060547,700,0.0,0.0
2026-05-13 00:00:00-04:00,2.809999942779541,2.809999942779541,2.809999942779541,2.809999942779541,400,0.0,0.0
2026-05-14 00:00:00-04:00,2.7699999809265137,2.8299999237060547,2.7699999809265137,2.809999942779541,6800,0.0,0.0
2026-05-15 00:00:00-04:00,2.7699999809265137,2.799999952316284,2.7699999809265137,2.799999952316284,1500,0.0,0.0
2026-05-18 00:00:00-04:00,2.7899999618530273,2.799999952316284,2.7899999618530273,2.799999952316284,1000,0.0,0.0
2026-05-19 00:00:00-04:00,2.700000047683716,2.700000047683716,2.5899999141693115,2.5999999046325684,9700,0.0,0.0
2026-05-20 00:00:00-04:00,2.559999942779541,2.700000047683716,2.549999952316284,2.6500000953674316,5000,0.0,0.0
2026-05-21 00:00:00-04:00,2.5799999237060547,2.619999885559082,2.5799999237060547,2.5999999046325684,6100,0.0,0.0
2026-05-22 00:00:00-04:00,2.569999933242798,2.619999885559082,2.569999933242798,2.619999885559082,1300,0.0,0.0
2026-05-26 00:00:00-04:00,2.619999885559082,2.690000057220459,2.5799999237060547,2.5799999237060547,1700,0.0,0.0
2026-05-27 00:00:00-04:00,2.640000104904175,2.640000104904175,2.630000114440918,2.640000104904175,7000,0.0,0.0
2026-05-28 00:00:00-04:00,2.5999999046325684,2.609999895095825,2.5799999237060547,2.5799999237060547,1400,0.0,0.0
2026-05-29 00:00:00-04:00,2.559999942779541,2.5999999046325684,2.5,2.5,7200,0.0,0.0
2026-06-01 00:00:00-04:00,2.5,2.6500000953674316,2.5,2.619999885559082,21700,0.0,0.0
2026-06-02 00:00:00-04:00,2.509999990463257,2.5999999046325684,2.509999990463257,2.5999999046325684,1800,0.0,0.0
2026-06-03 00:00:00-04:00,2.509999990463257,2.5399999618530273,2.509999990463257,2.509999990463257,1400,0.0,0.0
2026-06-04 00:00:00-04:00,2.509999990463257,2.509999990463257,2.509999990463257,2.509999990463257,0,0.0,0.0
2026-06-05 00:00:00-04:00,2.5399999618530273,2.5399999618530273,2.5399999618530273,2.5399999618530273,400,0.0,0.0
2026-06-08 00:00:00-04:00,2.5399999618530273,2.549999952316284,2.5399999618530273,2.549999952316284,4200,0.0,0.0
2026-06-09 00:00:00-04:00,2.5,2.5,2.5,2.5,600,0.0,0.0
2026-06-10 00:00:00-04:00,2.4600000381469727,2.4600000381469727,2.4600000381469727,2.4600000381469727,600,0.0,0.0
2026-06-11 00:00:00-04:00,2.4600000381469727,2.4600000381469727,2.4600000381469727,2.4600000381469727,0,0.0,0.0
2026-06-12 00:00:00-04:00,2.5299999713897705,2.5299999713897705,2.5299999713897705,2.5299999713897705,600,0.0,0.0
2026-06-15 00:00:00-04:00,2.4600000381469727,2.490000009536743,2.450000047683716,2.450000047683716,1900,0.0,0.0
2026-06-16 00:00:00-04:00,2.450000047683716,2.450000047683716,2.450000047683716,2.450000047683716,0,0.0,0.0
2026-06-17 00:00:00-04:00,2.450000047683716,2.509999990463257,2.450000047683716,2.509999990463257,1700,0.0,0.0
2026-06-18 00:00:00-04:00,2.4600000381469727,2.4600000381469727,2.4000000953674316,2.4000000953674316,6900,0.0,0.0
2026-06-22 00:00:00-04:00,2.4000000953674316,2.4100000858306885,2.4000000953674316,2.4100000858306885,1600,0.0,0.0
2026-06-23 00:00:00-04:00,2.440000057220459,2.440000057220459,2.4000000953674316,2.4000000953674316,1100,0.0,0.0
2026-06-24 00:00:00-04:00,2.4100000858306885,2.4600000381469727,2.4100000858306885,2.4100000858306885,1600,0.0,0.0
2026-06-25 00:00:00-04:00,2.4000000953674316,2.4000000953674316,2.4000000953674316,2.4000000953674316,500,0.0,0.0
2026-06-26 00:00:00-04:00,2.4200000762939453,2.4200000762939453,2.069999933242798,2.069999933242798,13500,0.0,0.0
2026-06-29 00:00:00-04:00,2.359999895095825,2.359999895095825,2.109999895095825,2.2200000286102295,11100,0.0,0.0
2026-06-30 00:00:00-04:00,2.2899999618530273,2.2899999618530273,2.1600000858306885,2.1600000858306885,3800,0.0,0.0
2026-07-01 00:00:00-04:00,2.2699999809265137,2.2699999809265137,2.2699999809265137,2.2699999809265137,1000,0.0,0.0
2026-07-02 00:00:00-04:00,2.4000000953674316,2.5299999713897705,2.25,2.25,8700,0.0,0.0
2026-07-06 00:00:00-04:00,2.240000009536743,2.2799999713897705,2.240000009536743,2.240000009536743,1600,0.0,0.0
2026-07-07 00:00:00-04:00,2.309999942779541,2.319999933242798,2.240000009536743,2.309999942779541,6800,0.0,0.0
2026-07-08 00:00:00-04:00,2.4000000953674316,2.4000000953674316,2.2799999713897705,2.2799999713897705,2200,0.0,0.0
2026-07-09 00:00:00-04:00,2.309999942779541,2.319999933242798,2.309999942779541,2.319999933242798,1300,0.0,0.0
2026-07-10 00:00:00-04:00,2.319999933242798,2.490000009536743,2.319999933242798,2.490000009536743,3700,0.0,0.0
2026-07-13 00:00:00-04:00,2.4200000762939453,2.4200000762939453,2.4200000762939453,2.4200000762939453,1300,0.0,0.0
2026-07-14 00:00:00-04:00,2.430000066757202,2.559999942779541,2.319999933242798,2.390000104904175,7400,0.0,0.0
2026-07-15 00:00:00-04:00,2.430000066757202,2.430000066757202,2.430000066757202,2.430000066757202,600,0.0,0.0
2026-07-16 00:00:00-04:00,2.430000066757202,2.440000057220459,2.430000066757202,2.440000057220459,1700,0.0,0.0
2026-07-17 00:00:00-04:00,2.440000057220459,2.440000057220459,2.440000057220459,2.440000057220459,0,0.0,0.0
2026-07-20 00:00:00-04:00,2.5899999141693115,2.5999999046325684,2.4100000858306885,2.4100000858306885,6000,0.0,0.0
2026-07-21 00:00:00-04:00,2.450000047683716,2.450000047683716,2.450000047683716,2.450000047683716,400,0.0,0.0
2026-07-22 00:00:00-04:00,2.430000066757202,2.430000066757202,2.319999933242798,2.319999933242798,2200,0.0,0.0
2026-07-23 00:00:00-04:00,2.380000114440918,2.509999990463257,2.380000114440918,2.390000104904175,2000,0.0,0.0
2026-07-24 00:00:00-04:00,2.390000104904175,2.390000104904175,2.390000104904175,2.390000104904175,0,0.0,0.0
2026-07-27 00:00:00-04:00,2.309999942779541,2.4100000858306885,2.309999942779541,2.4100000858306885,1400,0.0,0.0
2026-07-28 00:00:00-04:00,2.359999895095825,2.4200000762939453,2.200000047683716,2.200000047683716,9000,0.0,0.0
2026-07-29 00:00:00-04:00,2.1700000762939453,2.2100000381469727,2.1700000762939453,2.2100000381469727,8600,0.0,0.0
2026-07-30 00:00:00-04:00,2.2699999809265137,2.2699999809265137,2.2699999809265137,2.2699999809265137,900,0.0,0.0
2026-07-31 00:00:00-04:00,2.140000104904175,2.309999942779541,2.140000104904175,2.190000057220459,3100,0.0,0.0
2026-08-03 00:00:00-04:00,2.3399999141693115,2.3399999141693115,2.0,2.0,25200,0.0,0.0
2026-08-04 00:00:00-04:00,2.0799999237060547,2.619999885559082,2.009999990463257,2.140000104904175,28900,0.0,0.0
2026-08-05 00:00:00-04:00,2.200000047683716,2.259999990463257,2.1700000762939453,2.259999990463257,9100,0.0,0.0
2026-08-06 00:00:00-04:00,2.2699999809265137,2.2799999713897705,2.2699999809265137,2.2799999713897705,1000,0.0,0.0
2026-08-07 00:00:00-04:00,2.2799999713897705,2.2799999713897705,2.2799999713897705,2.2799999713897705,0,0.0,0.0
2026-08-10 00:00:00-04:00,2.3299999237060547,2.5899999141693115,2.140000104904175,2.5,11800,0.0,0.0
2026-08-11 00:00:00-04:00,2.490000009536743,2.490000009536743,2.490000009536743,2.490000009536743,6400,0.0,0.0
2026-08-12 00:00:00-04:00,2.5799999237060547,2.5799999237060547,2.509999990463257,2.509999990463257,39000,0.0,0.0
2026-08-13 00:00:00-04:00,2.740000009536743,2.9800000190734863,2.7100000381469727,2.809999942779541,86600,0.0,0.0
2026-08-14 00:00:00-04:00,4.21999979019165,4.5,4.079999923706055,4.300000190734863,4625775,0.0,0.0
