Date,Open,High,Low,Close,Volume,Dividends,Stock Splits
1994-03-23 00:00:00-05:00,6.5,8.0,6.5,7.75,952400,0.0,0.0
1994-03-24 00:00:00-05:00,7.75,9.25,7.5,8.5,312100,0.0,0.0
1994-03-25 00:00:00-05:00,8.875,9.0,8.25,8.625,282000,0.0,0.0
1994-03-28 00:00:00-05:00,8.25,8.875,8.0,8.0,85700,0.0,0.0
1994-03-29 00:00:00-05:00,8.0,8.25,7.625,8.25,78100,0.0,0.0
1994-03-30 00:00:00-05:00,7.625,8.25,7.5,8.25,114400,0.0,0.0
1994-03-31 00:00:00-05:00,8.0,8.5,7.625,8.5,44700,0.0,0.0
1994-04-04 00:00:00-04:00,7.625,7.75,7.0,7.375,45600,0.0,0.0
1994-04-05 00:00:00-04:00,7.625,8.25,7.625,8.25,34700,0.0,0.0
1994-04-06 00:00:00-04:00,8.0,8.25,7.75,7.75,10200,0.0,0.0
1994-04-07 00:00:00-04:00,8.125,8.5,7.75,8.5,42000,0.0,0.0
1994-04-08 00:00:00-04:00,8.5,9.0,8.25,8.375,115500,0.0,0.0
1994-04-11 00:00:00-04:00,8.375,9.0,8.375,8.5,29600,0.0,0.0
1994-04-12 00:00:00-04:00,9.0,9.0,8.25,8.75,22500,0.0,0.0
1994-04-13 00:00:00-04:00,8.25,8.5,8.0,8.0,15100,0.0,0.0
1994-04-14 00:00:00-04:00,8.0,8.0,8.0,8.0,0,0.0,0.0
1994-04-15 00:00:00-04:00,8.5,8.5,8.125,8.5,11400,0.0,0.0
1994-04-18 00:00:00-04:00,8.25,8.5,8.25,8.5,11000,0.0,0.0
1994-04-19 00:00:00-04:00,8.625,8.75,8.125,8.125,5800,0.0,0.0
1994-04-20 00:00:00-04:00,8.296875,8.75,8.125,8.125,24000,0.0,0.0
1994-04-21 00:00:00-04:00,8.125,8.125,8.125,8.125,0,0.0,0.0
1994-04-22 00:00:00-04:00,8.125,8.75,8.125,8.75,8000,0.0,0.0
1994-04-25 00:00:00-04:00,8.75,8.75,8.75,8.75,0,0.0,0.0
1994-04-26 00:00:00-04:00,8.125,8.75,8.125,8.25,4000,0.0,0.0
1994-04-28 00:00:00-04:00,8.125,8.125,8.125,8.125,2000,0.0,0.0
1994-04-29 00:00:00-04:00,8.125,8.75,8.125,8.75,40500,0.0,0.0
1994-05-02 00:00:00-04:00,8.25,8.5,8.25,8.25,17200,0.0,0.0
1994-05-03 00:00:00-04:00,8.25,8.75,8.25,8.75,11000,0.0,0.0
1994-05-04 00:00:00-04:00,8.375,8.375,8.25,8.25,12700,0.0,0.0
1994-05-05 00:00:00-04:00,8.75,9.125,8.625,8.625,17500,0.0,0.0
1994-05-06 00:00:00-04:00,8.625,8.875,8.5,8.5,4300,0.0,0.0
1994-05-09 00:00:00-04:00,8.5,9.0,8.5,8.75,36400,0.0,0.0
1994-05-10 00:00:00-04:00,8.625,8.75,8.625,8.75,6100,0.0,0.0
1994-05-11 00:00:00-04:00,8.75,8.875,8.75,8.75,20300,0.0,0.0
1994-05-12 00:00:00-04:00,8.75,8.75,8.25,8.5,40900,0.0,0.0
1994-05-13 00:00:00-04:00,8.25,8.875,8.25,8.5,18200,0.0,0.0
1994-05-16 00:00:00-04:00,8.25,8.75,8.25,8.75,7200,0.0,0.0
1994-05-17 00:00:00-04:00,8.25,8.75,8.25,8.75,5800,0.0,0.0
1994-05-18 00:00:00-04:00,8.5,8.5,8.25,8.25,2000,0.0,0.0
1994-05-19 00:00:00-04:00,8.5,8.75,8.25,8.75,9400,0.0,0.0
1994-05-20 00:00:00-04:00,8.25,8.75,8.25,8.5,15300,0.0,0.0
1994-05-23 00:00:00-04:00,8.25,8.25,8.25,8.25,4000,0.0,0.0
1994-05-24 00:00:00-04:00,8.5,8.875,8.5,8.875,15800,0.0,0.0
1994-05-25 00:00:00-04:00,8.5,9.0,8.5,8.75,4700,0.0,0.0
1994-05-26 00:00:00-04:00,9.0,9.0,8.5,9.0,16500,0.0,0.0
1994-05-27 00:00:00-04:00,8.5,9.0,8.5,8.53125,7400,0.0,0.0
1994-05-31 00:00:00-04:00,8.5,9.0,8.5,9.0,96100,0.0,0.0
1994-06-01 00:00:00-04:00,8.5,9.0,8.5,8.5,5300,0.0,0.0
1994-06-02 00:00:00-04:00,9.0,9.0,8.5,8.5,12300,0.0,0.0
1994-06-03 00:00:00-04:00,8.75,9.0,8.75,8.75,3000,0.0,0.0
1994-06-06 00:00:00-04:00,9.0,9.0,8.8125,8.8125,7000,0.0,0.0
1994-06-07 00:00:00-04:00,8.5,8.875,8.0,8.25,19000,0.0,0.0
1994-06-08 00:00:00-04:00,8.25,8.25,8.0,8.125,10500,0.0,0.0
1994-06-09 00:00:00-04:00,7.75,8.25,7.75,8.25,3000,0.0,0.0
1994-06-10 00:00:00-04:00,8.25,8.25,8.25,8.25,200,0.0,0.0
1994-06-13 00:00:00-04:00,8.25,8.25,8.25,8.25,200,0.0,0.0
1994-06-14 00:00:00-04:00,7.75,8.5,7.75,8.5,49400,0.0,0.0
1994-06-15 00:00:00-04:00,8.25,8.375,8.25,8.375,2400,0.0,0.0
1994-06-16 00:00:00-04:00,8.5,8.75,8.0,8.375,11500,0.0,0.0
1994-06-17 00:00:00-04:00,8.75,8.75,8.75,8.75,3000,0.0,0.0
1994-06-20 00:00:00-04:00,8.75,8.75,8.0,8.5,12300,0.0,0.0
1994-06-21 00:00:00-04:00,8.0,8.5,8.0,8.5,17500,0.0,0.0
1994-06-22 00:00:00-04:00,8.0,8.5,8.0,8.5,7500,0.0,0.0
1994-06-23 00:00:00-04:00,8.0625,8.5,8.0,8.125,13500,0.0,0.0
1994-06-24 00:00:00-04:00,8.125,8.25,8.0,8.0,10500,0.0,0.0
1994-06-27 00:00:00-04:00,8.0,8.0,8.0,8.0,0,0.0,0.0
1994-06-28 00:00:00-04:00,8.0,8.0,8.0,8.0,600,0.0,0.0
1994-06-29 00:00:00-04:00,8.25,8.5,8.0,8.5,3600,0.0,0.0
1994-06-30 00:00:00-04:00,8.0,8.5,8.0,8.0,38500,0.0,0.0
1994-07-01 00:00:00-04:00,8.5,8.5,8.0,8.0,13600,0.0,0.0
1994-07-05 00:00:00-04:00,8.5,8.5,8.0,8.0,1000,0.0,0.0
1994-07-06 00:00:00-04:00,8.0,8.5,8.0,8.0,12000,0.0,0.0
1994-07-07 00:00:00-04:00,8.0,8.0,8.0,8.0,1000,0.0,0.0
1994-07-08 00:00:00-04:00,8.0,8.5,8.0,8.0,5600,0.0,0.0
1994-07-11 00:00:00-04:00,8.0,8.5,8.0,8.0,10800,0.0,0.0
1994-07-12 00:00:00-04:00,8.0,8.25,8.0,8.25,17000,0.0,0.0
1994-07-13 00:00:00-04:00,8.0,8.0,8.0,8.0,5000,0.0,0.0
1994-07-14 00:00:00-04:00,8.0,8.5,8.0,8.125,7100,0.0,0.0
1994-07-15 00:00:00-04:00,8.5,8.5,8.125,8.125,300,0.0,0.0
1994-07-18 00:00:00-04:00,8.125,8.125,8.125,8.125,800,0.0,0.0
1994-07-19 00:00:00-04:00,8.125,8.5,8.125,8.5,8600,0.0,0.0
1994-07-20 00:00:00-04:00,8.125,8.375,8.125,8.125,1400,0.0,0.0
1994-07-21 00:00:00-04:00,8.1875,8.5,8.0,8.0,18000,0.0,0.0
1994-07-22 00:00:00-04:00,8.0,8.0,8.0,8.0,3500,0.0,0.0
1994-07-25 00:00:00-04:00,8.0,8.0,8.0,8.0,10500,0.0,0.0
1994-07-26 00:00:00-04:00,8.125,8.125,7.75,7.75,11400,0.0,0.0
1994-07-27 00:00:00-04:00,7.75,8.0,7.5,8.0,35200,0.0,0.0
1994-07-28 00:00:00-04:00,7.5,7.5,7.5,7.5,2900,0.0,0.0
1994-07-29 00:00:00-04:00,8.0,8.0,7.5,7.625,17300,0.0,0.0
1994-08-01 00:00:00-04:00,7.5,8.0,7.5,8.0,13700,0.0,0.0
1994-08-02 00:00:00-04:00,8.25,8.5,8.25,8.25,48200,0.0,0.0
1994-08-03 00:00:00-04:00,8.25,8.5,8.25,8.25,8700,0.0,0.0
1994-08-04 00:00:00-04:00,8.5,8.5,8.25,8.5,4500,0.0,0.0
1994-08-05 00:00:00-04:00,8.5,8.5,8.25,8.25,9400,0.0,0.0
1994-08-08 00:00:00-04:00,8.5,8.5,8.25,8.25,11600,0.0,0.0
1994-08-09 00:00:00-04:00,8.5,8.5,8.375,8.5,1700,0.0,0.0
1994-08-10 00:00:00-04:00,8.5,8.5,8.375,8.5,1300,0.0,0.0
1994-08-11 00:00:00-04:00,8.25,8.5,8.25,8.375,12600,0.0,0.0
1994-08-12 00:00:00-04:00,8.375,8.375,8.375,8.375,0,0.0,0.0
1994-08-15 00:00:00-04:00,8.5,8.5,8.25,8.25,25700,0.0,0.0
1994-08-16 00:00:00-04:00,8.5,8.5,8.25,8.25,10500,0.0,0.0
1994-08-17 00:00:00-04:00,8.375,8.5,8.25,8.5,5000,0.0,0.0
1994-08-18 00:00:00-04:00,8.25,8.25,8.25,8.25,2500,0.0,0.0
1994-08-19 00:00:00-04:00,8.5,8.5,8.375,8.5,3600,0.0,0.0
1994-08-22 00:00:00-04:00,8.25,8.5,8.125,8.125,1800,0.0,0.0
1994-08-23 00:00:00-04:00,8.0,8.25,7.75,8.0,43000,0.0,0.0
1994-08-24 00:00:00-04:00,8.125,8.25,8.0,8.0,6300,0.0,0.0
1994-08-25 00:00:00-04:00,8.25,8.25,8.125,8.25,9900,0.0,0.0
1994-08-26 00:00:00-04:00,8.0,8.0,8.0,8.0,1700,0.0,0.0
1994-08-29 00:00:00-04:00,8.0,8.0,8.0,8.0,1600,0.0,0.0
1994-08-30 00:00:00-04:00,8.0,8.0,8.0,8.0,0,0.0,0.0
1994-08-31 00:00:00-04:00,8.0,8.0,8.0,8.0,4000,0.0,0.0
1994-09-01 00:00:00-04:00,8.0,8.0,8.0,8.0,11600,0.0,0.0
1994-09-02 00:00:00-04:00,8.0,8.0,8.0,8.0,12500,0.0,0.0
1994-09-06 00:00:00-04:00,8.0,8.0,8.0,8.0,0,0.0,0.0
1994-09-07 00:00:00-04:00,8.125,8.125,8.0,8.0,5500,0.0,0.0
1994-09-08 00:00:00-04:00,7.75,8.0,7.75,8.0,2500,0.0,0.0
1994-09-09 00:00:00-04:00,7.796875,8.25,7.796875,8.25,1000,0.0,0.0
1994-09-12 00:00:00-04:00,7.75,7.75,7.75,7.75,1000,0.0,0.0
1994-09-13 00:00:00-04:00,7.75,8.125,7.75,7.9375,15600,0.0,0.0
1994-09-14 00:00:00-04:00,7.875,8.25,7.75,8.03125,61500,0.0,0.0
1994-09-15 00:00:00-04:00,8.0,8.0,8.0,8.0,1200,0.0,0.0
1994-09-16 00:00:00-04:00,8.0,8.0,8.0,8.0,800,0.0,0.0
1994-09-19 00:00:00-04:00,8.0,8.0,8.0,8.0,900,0.0,0.0
1994-09-20 00:00:00-04:00,8.0,8.0,8.0,8.0,12200,0.0,0.0
1994-09-21 00:00:00-04:00,8.0,8.0,8.0,8.0,2200,0.0,0.0
1994-09-22 00:00:00-04:00,8.0,8.0,8.0,8.0,11700,0.0,0.0
1994-09-23 00:00:00-04:00,8.0,8.0,8.0,8.0,1200,0.0,0.0
1994-09-26 00:00:00-04:00,8.25,8.25,8.125,8.125,8000,0.0,0.0
1994-09-27 00:00:00-04:00,8.25,8.25,8.125,8.125,2000,0.0,0.0
1994-09-28 00:00:00-04:00,8.0,8.25,8.0,8.25,3500,0.0,0.0
1994-09-29 00:00:00-04:00,8.0,8.0,8.0,8.0,600,0.0,0.0
1994-09-30 00:00:00-04:00,8.125,8.125,8.125,8.125,1000,0.0,0.0
1994-10-03 00:00:00-04:00,8.125,8.125,8.125,8.125,0,0.0,0.0
1994-10-04 00:00:00-04:00,8.125,8.125,8.125,8.125,0,0.0,0.0
1994-10-05 00:00:00-04:00,8.25,8.25,8.0,8.25,2100,0.0,0.0
1994-10-06 00:00:00-04:00,8.25,8.25,8.0,8.125,7800,0.0,0.0
1994-10-07 00:00:00-04:00,8.0,8.25,8.0,8.25,6700,0.0,0.0
1994-10-10 00:00:00-04:00,8.25,8.25,8.25,8.25,0,0.0,0.0
1994-10-11 00:00:00-04:00,8.25,8.25,8.25,8.25,0,0.0,0.0
1994-10-12 00:00:00-04:00,8.25,8.375,7.75,8.0,101800,0.0,0.0
1994-10-13 00:00:00-04:00,8.25,8.25,8.0,8.25,5300,0.0,0.0
1994-10-14 00:00:00-04:00,8.25,8.25,8.0,8.0,6200,0.0,0.0
1994-10-17 00:00:00-04:00,8.0,8.0,8.0,8.0,5000,0.0,0.0
1994-10-18 00:00:00-04:00,8.0,8.0,7.875,7.96875,13000,0.0,0.0
1994-10-19 00:00:00-04:00,7.75,7.875,7.75,7.75,7300,0.0,0.0
1994-10-20 00:00:00-04:00,7.75,7.75,7.75,7.75,0,0.0,0.0
1994-10-21 00:00:00-04:00,7.75,7.75,7.75,7.75,1000,0.0,0.0
1994-10-24 00:00:00-04:00,7.75,8.0,7.75,7.75,3200,0.0,0.0
1994-10-25 00:00:00-04:00,7.75,8.0,7.75,8.0,8000,0.0,0.0
1994-10-26 00:00:00-04:00,7.75,8.125,7.75,8.125,2100,0.0,0.0
1994-10-27 00:00:00-04:00,7.625,8.0,7.625,8.0,1100,0.0,0.0
1994-10-28 00:00:00-04:00,7.625,7.625,7.625,7.625,3000,0.0,0.0
1994-10-31 00:00:00-05:00,8.0,8.0,7.625,7.75,5500,0.0,0.0
1994-11-01 00:00:00-05:00,7.5,7.5,7.5,7.5,1100,0.0,0.0
1994-11-02 00:00:00-05:00,7.5,7.5,7.5,7.5,1000,0.0,0.0
1994-11-03 00:00:00-05:00,7.875,7.875,7.875,7.875,100,0.0,0.0
1994-11-04 00:00:00-05:00,7.875,7.875,7.875,7.875,0,0.0,0.0
1994-11-07 00:00:00-05:00,7.5,7.5,7.125,7.125,7800,0.0,0.0
1994-11-08 00:00:00-05:00,7.5,7.5,7.0,7.0,4000,0.0,0.0
1994-11-09 00:00:00-05:00,7.25,7.25,7.0,7.125,8400,0.0,0.0
1994-11-10 00:00:00-05:00,7.5,7.625,7.25,7.4375,7600,0.0,0.0
1994-11-11 00:00:00-05:00,7.625,8.5,7.625,8.375,33500,0.0,0.0
1994-11-14 00:00:00-05:00,8.5,8.875,8.125,8.875,22700,0.0,0.0
1994-11-15 00:00:00-05:00,8.5,9.0,8.5,9.0,20900,0.0,0.0
1994-11-16 00:00:00-05:00,8.5,9.0,8.5,8.5,44100,0.0,0.0
1994-11-17 00:00:00-05:00,8.625,8.875,8.5,8.6875,7700,0.0,0.0
1994-11-18 00:00:00-05:00,8.875,9.0,8.5,8.5,38400,0.0,0.0
1994-11-21 00:00:00-05:00,9.0,9.0,8.5,8.625,6800,0.0,0.0
1994-11-22 00:00:00-05:00,8.5,8.5,8.5,8.5,2000,0.0,0.0
1994-11-23 00:00:00-05:00,8.5,8.875,8.5,8.5,17500,0.0,0.0
1994-11-25 00:00:00-05:00,8.5,8.5,8.5,8.5,0,0.0,0.0
1994-11-28 00:00:00-05:00,8.5,8.5,8.5,8.5,3200,0.0,0.0
1994-11-29 00:00:00-05:00,8.625,8.875,8.625,8.875,4400,0.0,0.0
1994-11-30 00:00:00-05:00,8.875,8.875,8.5,8.5,1200,0.0,0.0
1994-12-01 00:00:00-05:00,8.875,8.875,8.875,8.875,200,0.0,0.0
1994-12-02 00:00:00-05:00,8.875,8.875,8.875,8.875,0,0.0,0.0
1994-12-05 00:00:00-05:00,9.0,9.0,8.5,8.5,2000,0.0,0.0
1994-12-06 00:00:00-05:00,9.0,9.375,8.875,8.921875,28000,0.0,0.0
1994-12-07 00:00:00-05:00,8.875,9.125,8.875,8.875,14200,0.0,0.0
1994-12-08 00:00:00-05:00,8.875,8.875,8.875,8.875,0,0.0,0.0
1994-12-09 00:00:00-05:00,9.0,9.0,8.875,8.875,1000,0.0,0.0
1994-12-12 00:00:00-05:00,9.25,9.25,8.875,8.875,4100,0.0,0.0
1994-12-13 00:00:00-05:00,9.25,9.25,8.875,9.25,12500,0.0,0.0
1994-12-14 00:00:00-05:00,9.25,9.25,9.25,9.25,0,0.0,0.0
1994-12-15 00:00:00-05:00,9.25,9.25,9.25,9.25,0,0.0,0.0
1994-12-16 00:00:00-05:00,8.875,8.875,8.875,8.875,500,0.0,0.0
1994-12-19 00:00:00-05:00,8.875,8.875,8.875,8.875,10500,0.0,0.0
1994-12-20 00:00:00-05:00,9.125,9.125,9.125,9.125,4500,0.0,0.0
1994-12-21 00:00:00-05:00,8.875,8.875,8.875,8.875,3100,0.0,0.0
1994-12-22 00:00:00-05:00,8.875,9.25,8.875,9.25,2500,0.0,0.0
1994-12-23 00:00:00-05:00,9.25,9.25,9.25,9.25,0,0.0,0.0
1994-12-27 00:00:00-05:00,8.875,8.875,8.875,8.875,1000,0.0,0.0
1994-12-28 00:00:00-05:00,9.25,9.25,8.875,8.875,5200,0.0,0.0
1994-12-29 00:00:00-05:00,8.875,8.875,8.875,8.875,0,0.0,0.0
1994-12-30 00:00:00-05:00,9.25,9.25,9.25,9.25,100,0.0,0.0
1995-01-03 00:00:00-05:00,8.875,8.875,8.875,8.875,1000,0.0,0.0
1995-01-04 00:00:00-05:00,9.25,9.25,8.875,8.875,4300,0.0,0.0
1995-01-05 00:00:00-05:00,8.875,9.375,8.875,8.875,12400,0.0,0.0
1995-01-06 00:00:00-05:00,8.875,8.875,8.875,8.875,7400,0.0,0.0
1995-01-09 00:00:00-05:00,9.375,9.375,9.0,9.125,22100,0.0,0.0
1995-01-10 00:00:00-05:00,9.0625,9.25,8.875,8.875,5700,0.0,0.0
1995-01-11 00:00:00-05:00,8.875,8.875,8.5,8.5,2400,0.0,0.0
1995-01-12 00:00:00-05:00,8.5,8.5,8.5,8.5,0,0.0,0.0
1995-01-13 00:00:00-05:00,8.25,8.25,8.25,8.25,100,0.0,0.0
1995-01-16 00:00:00-05:00,8.25,8.625,8.25,8.625,6400,0.0,0.0
1995-01-17 00:00:00-05:00,8.625,8.625,8.625,8.625,0,0.0,0.0
1995-01-18 00:00:00-05:00,8.625,8.625,8.625,8.625,0,0.0,0.0
1995-01-19 00:00:00-05:00,8.625,8.625,8.625,8.625,2000,0.0,0.0
1995-01-20 00:00:00-05:00,8.375,8.625,8.25,8.625,19000,0.0,0.0
1995-01-23 00:00:00-05:00,8.25,8.75,8.25,8.75,3000,0.0,0.0
1995-01-24 00:00:00-05:00,8.25,8.5,8.25,8.25,11300,0.0,0.0
1995-01-25 00:00:00-05:00,8.0,8.25,7.625,7.625,23000,0.0,0.0
1995-01-26 00:00:00-05:00,8.0,8.0,8.0,8.0,1000,0.0,0.0
1995-01-27 00:00:00-05:00,8.0,8.0,8.0,8.0,0,0.0,0.0
1995-01-30 00:00:00-05:00,8.0,8.0,8.0,8.0,0,0.0,0.0
1995-01-31 00:00:00-05:00,7.625,7.625,7.3125,7.3125,15000,0.0,0.0
1995-02-01 00:00:00-05:00,7.5,7.625,7.375,7.5,5000,0.0,0.0
1995-02-02 00:00:00-05:00,7.5,7.75,7.4375,7.625,13600,0.0,0.0
1995-02-03 00:00:00-05:00,7.75,7.75,7.5,7.5,3200,0.0,0.0
1995-02-06 00:00:00-05:00,7.375,7.625,7.375,7.5,3100,0.0,0.0
1995-02-07 00:00:00-05:00,7.5,7.5,7.125,7.5,18100,0.0,0.0
1995-02-08 00:00:00-05:00,7.25,7.75,7.25,7.625,35900,0.0,0.0
1995-02-09 00:00:00-05:00,7.625,7.625,7.625,7.625,1000,0.0,0.0
1995-02-10 00:00:00-05:00,7.625,7.625,7.625,7.625,400,0.0,0.0
1995-02-13 00:00:00-05:00,7.875,7.875,7.875,7.875,1100,0.0,0.0
1995-02-14 00:00:00-05:00,7.875,7.875,7.875,7.875,200,0.0,0.0
1995-02-15 00:00:00-05:00,7.875,7.875,7.5,7.625,7000,0.0,0.0
1995-02-16 00:00:00-05:00,7.875,7.875,7.75,7.75,4100,0.0,0.0
1995-02-17 00:00:00-05:00,7.875,7.875,7.875,7.875,1000,0.0,0.0
1995-02-21 00:00:00-05:00,7.625,7.875,7.625,7.75,3600,0.0,0.0
1995-02-22 00:00:00-05:00,7.625,7.875,7.625,7.875,11200,0.0,0.0
1995-02-23 00:00:00-05:00,7.75,7.75,7.625,7.625,17700,0.0,0.0
1995-02-24 00:00:00-05:00,7.625,7.625,7.625,7.625,0,0.0,0.0
1995-02-27 00:00:00-05:00,7.84375,7.84375,7.84375,7.84375,10800,0.0,0.0
1995-02-28 00:00:00-05:00,7.75,7.8125,7.75,7.8125,16200,0.0,0.0
1995-03-01 00:00:00-05:00,7.8125,7.8125,7.8125,7.8125,0,0.0,0.0
1995-03-02 00:00:00-05:00,7.75,7.75,7.75,7.75,600,0.0,0.0
1995-03-03 00:00:00-05:00,7.625,7.875,7.375,7.375,34500,0.0,0.0
1995-03-06 00:00:00-05:00,7.25,7.75,7.25,7.5,3100,0.0,0.0
1995-03-07 00:00:00-05:00,7.25,7.625,7.25,7.5,2100,0.0,0.0
1995-03-08 00:00:00-05:00,7.5,7.5,7.5,7.5,1000,0.0,0.0
1995-03-09 00:00:00-05:00,7.25,7.5,7.25,7.25,13000,0.0,0.0
1995-03-10 00:00:00-05:00,7.625,7.625,7.25,7.25,1200,0.0,0.0
1995-03-13 00:00:00-05:00,7.625,7.625,7.25,7.25,4800,0.0,0.0
1995-03-14 00:00:00-05:00,7.25,7.25,7.25,7.25,0,0.0,0.0
1995-03-15 00:00:00-05:00,7.625,7.625,7.375,7.375,4400,0.0,0.0
1995-03-16 00:00:00-05:00,7.25,7.25,7.25,7.25,10000,0.0,0.0
1995-03-17 00:00:00-05:00,7.625,7.625,7.5,7.5,5500,0.0,0.0
1995-03-20 00:00:00-05:00,7.5,7.5,7.375,7.5,19500,0.0,0.0
1995-03-21 00:00:00-05:00,7.5,7.625,7.4375,7.4375,4000,0.0,0.0
1995-03-22 00:00:00-05:00,7.5,8.0,7.375,8.0,107300,0.0,0.0
1995-03-23 00:00:00-05:00,8.0,9.125,8.0,8.875,68800,0.0,0.0
1995-03-24 00:00:00-05:00,9.125,9.125,8.375,8.875,26800,0.0,0.0
1995-03-27 00:00:00-05:00,8.875,9.0,8.625,8.625,18100,0.0,0.0
1995-03-28 00:00:00-05:00,8.625,9.375,8.625,9.25,62900,0.0,0.0
1995-03-29 00:00:00-05:00,9.125,10.625,9.125,10.25,52400,0.0,0.0
1995-03-30 00:00:00-05:00,10.625,10.625,9.75,9.75,33900,0.0,0.0
1995-03-31 00:00:00-05:00,9.75,9.75,9.75,9.75,0,0.0,0.0
1995-04-03 00:00:00-04:00,9.625,9.625,9.125,9.375,17400,0.0,0.0
1995-04-04 00:00:00-04:00,9.125,9.375,9.0,9.375,20900,0.0,0.0
1995-04-05 00:00:00-04:00,9.375,9.375,9.375,9.375,0,0.0,0.0
1995-04-06 00:00:00-04:00,9.5,9.5,9.5,9.5,200,0.0,0.0
1995-04-07 00:00:00-04:00,9.125,9.125,9.125,9.125,500,0.0,0.0
1995-04-10 00:00:00-04:00,9.5,9.5,9.0,9.0,8500,0.0,0.0
1995-04-11 00:00:00-04:00,9.25,9.375,9.125,9.125,4200,0.0,0.0
1995-04-12 00:00:00-04:00,9.125,9.125,9.125,9.125,0,0.0,0.0
1995-04-13 00:00:00-04:00,9.125,9.125,9.0,9.0,4900,0.0,0.0
1995-04-17 00:00:00-04:00,9.375,9.375,8.875,8.875,3900,0.0,0.0
1995-04-18 00:00:00-04:00,9.0,9.0,8.75,8.75,2500,0.0,0.0
1995-04-19 00:00:00-04:00,8.625,8.875,8.5,8.875,5000,0.0,0.0
1995-04-20 00:00:00-04:00,8.875,8.875,8.5,8.75,2900,0.0,0.0
1995-04-21 00:00:00-04:00,8.75,8.75,8.75,8.75,0,0.0,0.0
1995-04-24 00:00:00-04:00,8.75,8.75,8.75,8.75,0,0.0,0.0
1995-04-25 00:00:00-04:00,8.75,8.75,8.625,8.625,9100,0.0,0.0
1995-04-26 00:00:00-04:00,8.625,8.625,8.625,8.625,1000,0.0,0.0
1995-04-27 00:00:00-04:00,8.875,8.875,8.75,8.75,2000,0.0,0.0
1995-04-28 00:00:00-04:00,8.875,9.125,8.875,9.125,9300,0.0,0.0
1995-05-01 00:00:00-04:00,9.0,9.0,9.0,9.0,4200,0.0,0.0
1995-05-02 00:00:00-04:00,9.125,9.125,9.0,9.125,2700,0.0,0.0
1995-05-03 00:00:00-04:00,9.0,9.5,9.0,9.5,35600,0.0,0.0
1995-05-04 00:00:00-04:00,9.5,9.5,9.125,9.375,6000,0.0,0.0
1995-05-05 00:00:00-04:00,9.375,9.375,9.125,9.125,3000,0.0,0.0
1995-05-08 00:00:00-04:00,9.0,9.1875,9.0,9.1875,4100,0.0,0.0
1995-05-09 00:00:00-04:00,9.0,9.375,9.0,9.0625,4700,0.0,0.0
1995-05-10 00:00:00-04:00,9.0,9.0,9.0,9.0,1000,0.0,0.0
1995-05-11 00:00:00-04:00,9.0,9.375,9.0,9.0,2400,0.0,0.0
1995-05-12 00:00:00-04:00,9.25,9.25,9.25,9.25,2000,0.0,0.0
1995-05-15 00:00:00-04:00,9.375,9.5,9.125,9.25,6600,0.0,0.0
1995-05-16 00:00:00-04:00,9.5,9.5,9.125,9.375,8900,0.0,0.0
1995-05-17 00:00:00-04:00,9.25,9.375,9.25,9.25,19700,0.0,0.0
1995-05-18 00:00:00-04:00,9.25,9.375,9.25,9.375,6400,0.0,0.0
1995-05-19 00:00:00-04:00,9.25,9.375,9.25,9.25,5000,0.0,0.0
1995-05-22 00:00:00-04:00,9.25,9.25,9.25,9.25,0,0.0,0.0
1995-05-23 00:00:00-04:00,9.25,9.25,9.25,9.25,200,0.0,0.0
1995-05-24 00:00:00-04:00,9.25,9.5,9.0,9.0,50700,0.0,0.0
1995-05-25 00:00:00-04:00,9.0,9.0,9.0,9.0,300,0.0,0.0
1995-05-26 00:00:00-04:00,8.875,8.875,8.875,8.875,3500,0.0,0.0
1995-05-30 00:00:00-04:00,8.875,8.875,8.875,8.875,2000,0.0,0.0
1995-05-31 00:00:00-04:00,8.875,8.875,8.875,8.875,1000,0.0,0.0
1995-06-01 00:00:00-04:00,8.875,8.875,8.875,8.875,2000,0.0,0.0
1995-06-02 00:00:00-04:00,9.0,10.125,8.875,9.75,125600,0.0,0.0
1995-06-05 00:00:00-04:00,10.0,10.0,9.75,9.75,6500,0.0,0.0
1995-06-06 00:00:00-04:00,10.0,10.0,9.625,10.0,14700,0.0,0.0
1995-06-07 00:00:00-04:00,9.5,9.5,9.5,9.5,200,0.0,0.0
1995-06-08 00:00:00-04:00,9.875,9.875,9.5,9.625,2700,0.0,0.0
1995-06-09 00:00:00-04:00,9.875,10.0,9.625,9.875,29400,0.0,0.0
1995-06-12 00:00:00-04:00,10.125,10.125,9.75,9.75,5800,0.0,0.0
1995-06-13 00:00:00-04:00,10.0,10.0,9.75,9.75,8100,0.0,0.0
1995-06-14 00:00:00-04:00,9.625,10.0,9.625,9.75,21500,0.0,0.0
1995-06-15 00:00:00-04:00,9.75,10.0,9.75,9.8125,14000,0.0,0.0
1995-06-16 00:00:00-04:00,9.75,10.25,9.75,10.0,71000,0.0,0.0
1995-06-19 00:00:00-04:00,10.375,10.375,10.0,10.375,12900,0.0,0.0
1995-06-20 00:00:00-04:00,10.375,10.375,10.0,10.0,19400,0.0,0.0
1995-06-21 00:00:00-04:00,10.0,10.5,10.0,10.5,24700,0.0,0.0
1995-06-22 00:00:00-04:00,10.4375,10.75,10.25,10.625,6900,0.0,0.0
1995-06-23 00:00:00-04:00,10.75,10.875,10.375,10.5,31600,0.0,0.0
1995-06-26 00:00:00-04:00,10.875,11.0,10.5,10.875,48500,0.0,0.0
1995-06-27 00:00:00-04:00,10.5,10.75,10.25,10.5,28700,0.0,0.0
1995-06-28 00:00:00-04:00,10.75,10.75,10.25,10.75,15600,0.0,0.0
1995-06-29 00:00:00-04:00,10.75,10.75,10.25,10.25,1500,0.0,0.0
1995-06-30 00:00:00-04:00,10.75,10.75,10.25,10.5,6700,0.0,0.0
1995-07-03 00:00:00-04:00,10.5,10.5,10.375,10.375,2000,0.0,0.0
1995-07-05 00:00:00-04:00,10.5,10.875,10.375,10.875,21300,0.0,0.0
1995-07-06 00:00:00-04:00,10.625,10.875,10.375,10.875,47200,0.0,0.0
1995-07-07 00:00:00-04:00,10.375,11.75,10.375,11.5,63600,0.0,0.0
1995-07-10 00:00:00-04:00,11.875,13.125,11.5,13.0,40300,0.0,0.0
1995-07-11 00:00:00-04:00,12.375,13.125,12.375,12.5,27500,0.0,0.0
1995-07-12 00:00:00-04:00,12.625,13.125,12.625,12.625,9600,0.0,0.0
1995-07-13 00:00:00-04:00,13.0,13.125,12.5,13.125,12600,0.0,0.0
1995-07-14 00:00:00-04:00,12.5,13.125,12.5,13.125,3600,0.0,0.0
1995-07-17 00:00:00-04:00,12.5,12.625,12.125,12.4375,22700,0.0,0.0
1995-07-18 00:00:00-04:00,12.125,12.375,11.875,12.375,18200,0.0,0.0
1995-07-19 00:00:00-04:00,11.875,12.0,11.5,12.0,21000,0.0,0.0
1995-07-20 00:00:00-04:00,11.5,11.875,11.375,11.875,13900,0.0,0.0
1995-07-21 00:00:00-04:00,11.875,11.875,11.375,11.375,17000,0.0,0.0
1995-07-24 00:00:00-04:00,11.875,11.875,11.375,11.375,52000,0.0,0.0
1995-07-25 00:00:00-04:00,11.875,11.875,11.375,11.375,5700,0.0,0.0
1995-07-26 00:00:00-04:00,11.625,11.875,11.375,11.5625,14600,0.0,0.0
1995-07-27 00:00:00-04:00,11.875,11.875,11.375,11.625,4100,0.0,0.0
1995-07-28 00:00:00-04:00,11.625,11.875,11.625,11.875,800,0.0,0.0
1995-07-31 00:00:00-04:00,11.375,11.375,11.375,11.375,400,0.0,0.0
1995-08-01 00:00:00-04:00,11.375,11.625,11.375,11.375,4400,0.0,0.0
1995-08-02 00:00:00-04:00,11.5,11.875,11.375,11.4375,7100,0.0,0.0
1995-08-03 00:00:00-04:00,11.375,11.5,11.0,11.125,39300,0.0,0.0
1995-08-04 00:00:00-04:00,11.5,11.5,11.125,11.375,3500,0.0,0.0
1995-08-07 00:00:00-04:00,11.5,11.5,11.125,11.125,2100,0.0,0.0
1995-08-08 00:00:00-04:00,11.25,11.5,11.125,11.125,2700,0.0,0.0
1995-08-09 00:00:00-04:00,11.5,11.5,11.125,11.125,5900,0.0,0.0
1995-08-10 00:00:00-04:00,11.5,11.5,11.125,11.125,3000,0.0,0.0
1995-08-11 00:00:00-04:00,11.5,11.5,11.125,11.125,2000,0.0,0.0
1995-08-14 00:00:00-04:00,11.5,11.5,11.125,11.125,12900,0.0,0.0
1995-08-15 00:00:00-04:00,11.5,11.5,11.125,11.125,1400,0.0,0.0
1995-08-16 00:00:00-04:00,11.5,11.5,10.75,10.875,35100,0.0,0.0
1995-08-17 00:00:00-04:00,11.375,11.375,11.375,11.375,500,0.0,0.0
1995-08-18 00:00:00-04:00,11.375,11.375,11.0,11.0,2500,0.0,0.0
1995-08-21 00:00:00-04:00,11.0,12.0,11.0,12.0,18100,0.0,0.0
1995-08-22 00:00:00-04:00,11.5,12.0,11.5,11.875,3500,0.0,0.0
1995-08-23 00:00:00-04:00,11.875,11.875,11.5,11.5,2500,0.0,0.0
1995-08-24 00:00:00-04:00,11.625,12.875,11.625,12.625,36800,0.0,0.0
1995-08-25 00:00:00-04:00,12.875,12.875,12.375,12.375,12600,0.0,0.0
1995-08-28 00:00:00-04:00,12.875,12.875,12.5,12.5,6800,0.0,0.0
1995-08-29 00:00:00-04:00,12.875,13.125,12.75,13.0,11100,0.0,0.0
1995-08-30 00:00:00-04:00,13.0,13.0,12.5,12.875,3700,0.0,0.0
1995-08-31 00:00:00-04:00,13.0,13.0,13.0,13.0,200,0.0,0.0
1995-09-01 00:00:00-04:00,13.125,13.125,13.125,13.125,200,0.0,0.0
1995-09-05 00:00:00-04:00,12.75,13.25,12.75,13.125,16100,0.0,0.0
1995-09-06 00:00:00-04:00,13.375,13.375,12.75,12.75,3900,0.0,0.0
1995-09-07 00:00:00-04:00,13.375,13.375,12.75,13.125,1200,0.0,0.0
1995-09-08 00:00:00-04:00,13.375,13.375,13.0,13.375,3300,0.0,0.0
1995-09-11 00:00:00-04:00,12.75,13.375,12.75,13.375,8700,0.0,0.0
1995-09-12 00:00:00-04:00,13.375,13.375,12.75,12.875,8700,0.0,0.0
1995-09-13 00:00:00-04:00,13.375,13.75,13.125,13.75,13100,0.0,0.0
1995-09-14 00:00:00-04:00,13.75,14.75,13.625,14.5,55700,0.0,0.0
1995-09-15 00:00:00-04:00,15.0,15.0,13.75,13.875,36600,0.0,0.0
1995-09-18 00:00:00-04:00,13.75,14.375,13.75,14.375,2500,0.0,0.0
1995-09-19 00:00:00-04:00,14.375,14.375,14.375,14.375,0,0.0,0.0
1995-09-20 00:00:00-04:00,14.375,14.375,14.375,14.375,0,0.0,0.0
1995-09-21 00:00:00-04:00,13.875,14.0,13.875,13.875,5200,0.0,0.0
1995-09-22 00:00:00-04:00,13.875,14.125,13.875,13.875,10400,0.0,0.0
1995-09-25 00:00:00-04:00,13.875,14.125,13.875,14.125,1100,0.0,0.0
1995-09-26 00:00:00-04:00,13.875,14.125,13.875,14.125,14700,0.0,0.0
1995-09-27 00:00:00-04:00,13.875,14.125,13.75,14.0,16100,0.0,0.0
1995-09-28 00:00:00-04:00,13.75,14.0,13.625,14.0,10600,0.0,0.0
1995-09-29 00:00:00-04:00,13.625,13.875,13.625,13.875,5500,0.0,0.0
1995-10-02 00:00:00-04:00,13.75,13.875,13.375,13.5,20400,0.0,0.0
1995-10-03 00:00:00-04:00,13.75,13.75,13.375,13.625,9600,0.0,0.0
1995-10-04 00:00:00-04:00,13.375,13.75,13.375,13.75,1100,0.0,0.0
1995-10-05 00:00:00-04:00,13.75,13.75,13.375,13.5,7900,0.0,0.0
1995-10-06 00:00:00-04:00,13.75,13.75,13.375,13.46875,32100,0.0,0.0
1995-10-09 00:00:00-04:00,13.375,13.5,13.375,13.5,600,0.0,0.0
1995-10-10 00:00:00-04:00,13.625,13.75,13.625,13.75,800,0.0,0.0
1995-10-11 00:00:00-04:00,13.75,13.75,13.546875,13.75,5700,0.0,0.0
1995-10-12 00:00:00-04:00,13.75,13.75,13.75,13.75,10000,0.0,0.0
1995-10-13 00:00:00-04:00,13.75,14.0,13.375,14.0,15300,0.0,0.0
1995-10-16 00:00:00-04:00,14.125,14.5,13.5625,14.375,58700,0.0,0.0
1995-10-17 00:00:00-04:00,14.25,14.25,13.625,13.625,6000,0.0,0.0
1995-10-18 00:00:00-04:00,14.25,14.25,13.75,14.25,13100,0.0,0.0
1995-10-19 00:00:00-04:00,14.25,14.5,14.0,14.0,102300,0.0,0.0
1995-10-20 00:00:00-04:00,14.5,14.5,14.0,14.25,122000,0.0,0.0
1995-10-23 00:00:00-04:00,14.375,14.375,14.0,14.0,10200,0.0,0.0
1995-10-24 00:00:00-04:00,14.125,14.5,14.125,14.25,13000,0.0,0.0
1995-10-25 00:00:00-04:00,14.375,14.375,14.0,14.0,13200,0.0,0.0
1995-10-26 00:00:00-04:00,14.125,14.375,14.0,14.0,17100,0.0,0.0
1995-10-27 00:00:00-04:00,14.25,14.375,14.0,14.375,3300,0.0,0.0
1995-10-30 00:00:00-05:00,14.375,14.375,13.75,13.75,3800,0.0,0.0
1995-10-31 00:00:00-05:00,14.375,14.375,14.125,14.125,800,0.0,0.0
1995-11-01 00:00:00-05:00,14.375,14.375,14.0,14.0,600,0.0,0.0
1995-11-02 00:00:00-05:00,14.375,14.375,14.125,14.125,1800,0.0,0.0
1995-11-03 00:00:00-05:00,14.375,14.375,14.125,14.25,3000,0.0,0.0
1995-11-06 00:00:00-05:00,14.375,14.375,14.125,14.375,1400,0.0,0.0
1995-11-07 00:00:00-05:00,14.25,14.375,13.75,14.375,7300,0.0,0.0
1995-11-08 00:00:00-05:00,14.375,14.375,14.0,14.0,19400,0.0,0.0
1995-11-09 00:00:00-05:00,14.25,14.375,14.0,14.125,4200,0.0,0.0
1995-11-10 00:00:00-05:00,14.375,15.375,14.25,15.125,40100,0.0,0.0
1995-11-13 00:00:00-05:00,15.5,15.875,15.25,15.25,21000,0.0,0.0
1995-11-14 00:00:00-05:00,15.625,15.625,14.5,14.5,15900,0.0,0.0
1995-11-15 00:00:00-05:00,14.25,14.375,14.0,14.375,903200,0.0,0.0
1995-11-16 00:00:00-05:00,14.5,15.25,14.375,14.875,260500,0.0,0.0
1995-11-17 00:00:00-05:00,14.75,15.125,14.5,14.5,107700,0.0,0.0
1995-11-20 00:00:00-05:00,14.5,14.875,14.25,14.625,35500,0.0,0.0
1995-11-21 00:00:00-05:00,14.25,14.625,14.25,14.625,15500,0.0,0.0
1995-11-22 00:00:00-05:00,14.25,14.625,14.25,14.625,28600,0.0,0.0
1995-11-24 00:00:00-05:00,14.25,14.5,14.25,14.5,600,0.0,0.0
1995-11-27 00:00:00-05:00,14.625,14.625,13.875,14.0,26600,0.0,0.0
1995-11-28 00:00:00-05:00,13.875,14.25,13.5,13.5,79800,0.0,0.0
1995-11-29 00:00:00-05:00,13.75,14.25,13.75,14.25,54100,0.0,0.0
1995-11-30 00:00:00-05:00,14.0,15.0,13.75,14.625,112100,0.0,0.0
1995-12-01 00:00:00-05:00,14.625,15.0,14.125,14.625,52500,0.0,0.0
1995-12-04 00:00:00-05:00,14.125,14.625,14.125,14.375,7200,0.0,0.0
1995-12-05 00:00:00-05:00,14.5,14.625,14.125,14.625,31300,0.0,0.0
1995-12-06 00:00:00-05:00,14.5,14.625,14.125,14.125,32400,0.0,0.0
1995-12-07 00:00:00-05:00,14.5,14.5,14.125,14.125,10800,0.0,0.0
1995-12-08 00:00:00-05:00,14.125,14.625,14.125,14.625,25800,0.0,0.0
1995-12-11 00:00:00-05:00,14.125,14.625,14.125,14.125,20200,0.0,0.0
1995-12-12 00:00:00-05:00,14.125,14.375,14.125,14.125,18000,0.0,0.0
1995-12-13 00:00:00-05:00,14.125,14.375,14.125,14.125,22500,0.0,0.0
1995-12-14 00:00:00-05:00,14.125,14.125,13.625,13.625,21400,0.0,0.0
1995-12-15 00:00:00-05:00,14.125,14.125,13.625,14.0,7800,0.0,0.0
1995-12-18 00:00:00-05:00,13.625,13.625,13.625,13.625,9200,0.0,0.0
1995-12-19 00:00:00-05:00,14.125,14.125,13.125,13.5,26700,0.0,0.0
1995-12-20 00:00:00-05:00,13.25,13.25,13.0,13.0,7700,0.0,0.0
1995-12-21 00:00:00-05:00,13.5,13.625,13.0,13.625,41300,0.0,0.0
1995-12-22 00:00:00-05:00,14.25,14.25,13.75,13.875,48000,0.0,0.0
1995-12-26 00:00:00-05:00,13.625,14.0,13.625,14.0,6200,0.0,0.0
1995-12-27 00:00:00-05:00,13.75,14.0,13.25,13.25,49100,0.0,0.0
1995-12-28 00:00:00-05:00,13.625,13.625,13.25,13.625,5200,0.0,0.0
1995-12-29 00:00:00-05:00,13.625,13.625,12.75,13.125,41600,0.0,0.0
1996-01-02 00:00:00-05:00,12.625,13.375,12.625,13.0,32100,0.0,0.0
1996-01-03 00:00:00-05:00,13.625,13.875,13.125,13.5,9500,0.0,0.0
1996-01-04 00:00:00-05:00,13.875,13.875,13.5,13.5,3400,0.0,0.0
1996-01-05 00:00:00-05:00,13.5,13.875,13.5,13.5,9800,0.0,0.0
1996-01-08 00:00:00-05:00,13.375,13.875,13.375,13.375,1300,0.0,0.0
1996-01-09 00:00:00-05:00,13.625,14.125,13.625,14.125,11100,0.0,0.0
1996-01-10 00:00:00-05:00,13.625,14.125,13.375,13.75,42100,0.0,0.0
1996-01-11 00:00:00-05:00,13.5,13.75,13.5,13.5,4400,0.0,0.0
1996-01-12 00:00:00-05:00,13.375,13.625,13.125,13.125,22000,0.0,0.0
1996-01-15 00:00:00-05:00,13.125,13.375,13.125,13.125,11400,0.0,0.0
1996-01-16 00:00:00-05:00,13.0,13.09375,12.5,12.75,33400,0.0,0.0
1996-01-17 00:00:00-05:00,13.0,13.0,11.5,11.5,46800,0.0,0.0
1996-01-18 00:00:00-05:00,11.5,13.5,11.5,13.125,78200,0.0,0.0
1996-01-19 00:00:00-05:00,13.125,13.25,12.875,13.25,45800,0.0,0.0
1996-01-22 00:00:00-05:00,13.25,13.75,13.0,13.0625,21600,0.0,0.0
1996-01-23 00:00:00-05:00,13.375,13.375,12.75,12.75,12600,0.0,0.0
1996-01-24 00:00:00-05:00,12.75,12.75,12.25,12.25,20500,0.0,0.0
1996-01-25 00:00:00-05:00,12.0,12.0,11.375,12.0,53000,0.0,0.0
1996-01-26 00:00:00-05:00,11.75,12.375,11.75,12.0,18000,0.0,0.0
1996-01-29 00:00:00-05:00,11.875,12.375,11.875,12.375,1600,0.0,0.0
1996-01-30 00:00:00-05:00,12.375,12.375,12.375,12.375,0,0.0,0.0
1996-01-31 00:00:00-05:00,12.375,12.875,12.125,12.875,23900,0.0,0.0
1996-02-01 00:00:00-05:00,13.125,13.125,12.75,12.75,2200,0.0,0.0
1996-02-02 00:00:00-05:00,13.0,13.875,13.0,13.5,20600,0.0,0.0
1996-02-05 00:00:00-05:00,13.875,13.875,13.375,13.875,22300,0.0,0.0
1996-02-06 00:00:00-05:00,13.375,13.875,13.375,13.625,22800,0.0,0.0
1996-02-07 00:00:00-05:00,13.375,13.625,13.375,13.375,3500,0.0,0.0
1996-02-08 00:00:00-05:00,13.375,13.875,13.375,13.375,7000,0.0,0.0
1996-02-09 00:00:00-05:00,13.375,13.875,12.75,13.875,463000,0.0,0.0
1996-02-12 00:00:00-05:00,13.375,13.875,13.375,13.375,6500,0.0,0.0
1996-02-13 00:00:00-05:00,13.625,13.625,13.25,13.625,108500,0.0,0.0
1996-02-14 00:00:00-05:00,13.75,15.125,13.75,14.875,157100,0.0,0.0
1996-02-15 00:00:00-05:00,14.75,15.0,14.25,14.75,54000,0.0,0.0
1996-02-16 00:00:00-05:00,14.75,14.75,14.25,14.25,36000,0.0,0.0
1996-02-20 00:00:00-05:00,14.125,14.625,14.0,14.375,48200,0.0,0.0
1996-02-21 00:00:00-05:00,14.375,14.375,14.0,14.0,10100,0.0,0.0
1996-02-22 00:00:00-05:00,14.375,14.375,13.875,14.0,7800,0.0,0.0
1996-02-23 00:00:00-05:00,14.25,14.25,13.625,13.875,45300,0.0,0.0
1996-02-26 00:00:00-05:00,13.875,14.125,13.5,14.0,31100,0.0,0.0
1996-02-27 00:00:00-05:00,13.625,13.625,13.125,13.5,46200,0.0,0.0
1996-02-28 00:00:00-05:00,13.5,13.5,12.5,12.5,90600,0.0,0.0
1996-02-29 00:00:00-05:00,12.625,12.75,12.125,12.75,86000,0.0,0.0
1996-03-01 00:00:00-05:00,12.875,13.375,12.875,12.875,78800,0.0,0.0
1996-03-04 00:00:00-05:00,13.375,14.4375,12.875,14.0,61200,0.0,0.0
1996-03-05 00:00:00-05:00,14.25,14.25,14.0,14.0,60000,0.0,0.0
1996-03-06 00:00:00-05:00,14.75,15.0,14.5,15.0,96000,0.0,0.0
1996-03-07 00:00:00-05:00,15.0,15.0,14.5,14.625,119700,0.0,0.0
1996-03-08 00:00:00-05:00,15.0,15.0,14.25,14.25,84000,0.0,0.0
1996-03-11 00:00:00-05:00,14.5,14.5,14.25,14.25,22900,0.0,0.0
1996-03-12 00:00:00-05:00,14.25,14.375,13.375,13.625,52800,0.0,0.0
1996-03-13 00:00:00-05:00,13.5,13.5,13.125,13.5,12400,0.0,0.0
1996-03-14 00:00:00-05:00,13.5,15.0,13.5,14.5,91600,0.0,0.0
1996-03-15 00:00:00-05:00,14.5,15.0,13.75,13.75,34000,0.0,0.0
1996-03-18 00:00:00-05:00,13.75,14.125,13.75,13.875,9400,0.0,0.0
1996-03-19 00:00:00-05:00,14.125,14.125,13.75,14.125,16100,0.0,0.0
1996-03-20 00:00:00-05:00,14.125,14.125,13.75,14.125,7700,0.0,0.0
1996-03-21 00:00:00-05:00,13.75,14.125,13.75,14.125,36000,0.0,0.0
1996-03-22 00:00:00-05:00,14.125,14.625,13.875,14.625,56700,0.0,0.0
1996-03-25 00:00:00-05:00,14.25,15.375,14.25,14.875,122900,0.0,0.0
1996-03-26 00:00:00-05:00,14.875,15.875,14.875,15.25,102100,0.0,0.0
1996-03-27 00:00:00-05:00,15.625,15.875,15.25,15.5,45500,0.0,0.0
1996-03-28 00:00:00-05:00,15.5,15.875,15.5,15.5,38200,0.0,0.0
1996-03-29 00:00:00-05:00,15.5,15.875,15.5,15.75,52900,0.0,0.0
1996-04-01 00:00:00-05:00,15.875,15.875,15.125,15.125,47300,0.0,0.0
1996-04-02 00:00:00-05:00,15.5,15.5,14.625,14.75,30400,0.0,0.0
1996-04-03 00:00:00-05:00,15.0,15.375,14.25,15.375,59600,0.0,0.0
1996-04-04 00:00:00-05:00,15.625,15.625,15.125,15.625,39600,0.0,0.0
1996-04-08 00:00:00-04:00,15.25,15.375,14.5,14.5,36000,0.0,0.0
1996-04-09 00:00:00-04:00,14.5,15.0,14.25,14.75,21300,0.0,0.0
1996-04-10 00:00:00-04:00,14.75,15.25,14.25,14.875,54700,0.0,0.0
1996-04-11 00:00:00-04:00,15.875,17.5,15.375,16.375,273400,0.0,0.0
1996-04-12 00:00:00-04:00,16.75,16.75,15.875,16.375,41400,0.0,0.0
1996-04-15 00:00:00-04:00,16.375,17.25,16.125,16.625,119700,0.0,0.0
1996-04-16 00:00:00-04:00,17.0,17.0,16.375,16.875,49700,0.0,0.0
1996-04-17 00:00:00-04:00,16.25,16.5,15.75,15.75,32800,0.0,0.0
1996-04-18 00:00:00-04:00,15.75,16.25,15.75,16.25,12600,0.0,0.0
1996-04-19 00:00:00-04:00,15.875,17.0,15.875,16.75,28400,0.0,0.0
1996-04-22 00:00:00-04:00,16.75,17.125,16.5,16.625,29300,0.0,0.0
1996-04-23 00:00:00-04:00,16.625,17.5,16.625,17.0625,79800,0.0,0.0
1996-04-24 00:00:00-04:00,17.125,17.25,16.5,16.5,55000,0.0,0.0
1996-04-25 00:00:00-04:00,16.5,17.0,15.875,16.0,28400,0.0,0.0
1996-04-26 00:00:00-04:00,16.375,17.0,15.875,17.0,57800,0.0,0.0
1996-04-29 00:00:00-04:00,17.0,17.375,16.625,17.25,45600,0.0,0.0
1996-04-30 00:00:00-04:00,17.25,17.625,17.0,17.375,18400,0.0,0.0
1996-05-01 00:00:00-04:00,17.375,17.375,16.875,17.25,54300,0.0,0.0
1996-05-02 00:00:00-04:00,16.875,17.125,16.875,17.125,20900,0.0,0.0
1996-05-03 00:00:00-04:00,17.125,17.125,16.875,16.875,4800,0.0,0.0
1996-05-06 00:00:00-04:00,16.875,17.125,16.75,16.75,50600,0.0,0.0
1996-05-07 00:00:00-04:00,16.75,17.125,16.5,17.125,79100,0.0,0.0
1996-05-08 00:00:00-04:00,17.125,17.625,16.75,17.125,67700,0.0,0.0
1996-05-09 00:00:00-04:00,17.625,17.625,17.125,17.625,74700,0.0,0.0
1996-05-10 00:00:00-04:00,17.125,18.125,17.125,18.0,83300,0.0,0.0
1996-05-13 00:00:00-04:00,17.625,18.0,17.625,17.75,4800,0.0,0.0
1996-05-14 00:00:00-04:00,18.0,18.25,17.625,18.0,91000,0.0,0.0
1996-05-15 00:00:00-04:00,18.25,18.25,17.75,18.0,56600,0.0,0.0
1996-05-16 00:00:00-04:00,18.0,18.75,18.0,18.625,90900,0.0,0.0
1996-05-17 00:00:00-04:00,18.75,19.0,18.375,18.75,30800,0.0,0.0
1996-05-20 00:00:00-04:00,18.75,18.75,17.375,17.75,76400,0.0,0.0
1996-05-21 00:00:00-04:00,18.25,18.5,17.25,17.5,186100,0.0,0.0
1996-05-22 00:00:00-04:00,17.5,18.0,17.5,17.5,35400,0.0,0.0
1996-05-23 00:00:00-04:00,18.0,18.0,17.5,17.75,34800,0.0,0.0
1996-05-24 00:00:00-04:00,18.0,18.0,17.5,17.75,13400,0.0,0.0
1996-05-28 00:00:00-04:00,17.875,18.0,17.5,17.875,45400,0.0,0.0
1996-05-29 00:00:00-04:00,17.875,17.875,16.75,16.75,37300,0.0,0.0
1996-05-30 00:00:00-04:00,16.75,17.25,16.75,17.25,26500,0.0,0.0
1996-05-31 00:00:00-04:00,16.75,17.25,16.75,17.25,8200,0.0,0.0
1996-06-03 00:00:00-04:00,17.25,17.25,16.75,16.75,8100,0.0,0.0
1996-06-04 00:00:00-04:00,16.75,17.25,16.75,17.25,27400,0.0,0.0
1996-06-05 00:00:00-04:00,16.75,17.25,16.75,17.25,79500,0.0,0.0
1996-06-06 00:00:00-04:00,17.0,17.25,16.75,17.25,84400,0.0,0.0
1996-06-07 00:00:00-04:00,16.75,17.25,16.75,17.0,35300,0.0,0.0
1996-06-10 00:00:00-04:00,17.25,17.25,16.75,17.25,38200,0.0,0.0
1996-06-11 00:00:00-04:00,17.25,17.25,16.75,17.25,8600,0.0,0.0
1996-06-12 00:00:00-04:00,17.25,17.25,16.75,17.25,5900,0.0,0.0
1996-06-13 00:00:00-04:00,17.25,17.25,16.75,16.875,7000,0.0,0.0
1996-06-14 00:00:00-04:00,16.75,17.25,16.75,17.25,31600,0.0,0.0
1996-06-17 00:00:00-04:00,16.75,17.25,16.75,16.75,30100,0.0,0.0
1996-06-18 00:00:00-04:00,17.25,17.25,16.375,16.5,19900,0.0,0.0
1996-06-19 00:00:00-04:00,16.5,16.625,15.25,15.25,39300,0.0,0.0
1996-06-20 00:00:00-04:00,15.0,15.375,14.75,15.0,26300,0.0,0.0
1996-06-21 00:00:00-04:00,15.125,15.875,14.75,15.625,41900,0.0,0.0
1996-06-24 00:00:00-04:00,15.625,15.875,15.625,15.875,9000,0.0,0.0
1996-06-25 00:00:00-04:00,15.875,15.875,15.625,15.625,18100,0.0,0.0
1996-06-26 00:00:00-04:00,15.625,15.875,14.875,15.0,18500,0.0,0.0
1996-06-27 00:00:00-04:00,15.375,15.375,14.75,14.75,17700,0.0,0.0
1996-06-28 00:00:00-04:00,15.25,15.75,14.875,15.75,26700,0.0,0.0
1996-07-01 00:00:00-04:00,15.25,15.75,15.25,15.25,8200,0.0,0.0
1996-07-02 00:00:00-04:00,15.75,15.75,15.0,15.0,22600,0.0,0.0
1996-07-03 00:00:00-04:00,14.5,15.0,14.5,15.0,4400,0.0,0.0
1996-07-05 00:00:00-04:00,14.625,15.125,14.625,15.125,1200,0.0,0.0
1996-07-08 00:00:00-04:00,15.125,15.125,14.625,14.625,1600,0.0,0.0
1996-07-09 00:00:00-04:00,14.625,15.125,14.375,14.75,23800,0.0,0.0
1996-07-10 00:00:00-04:00,14.75,15.375,14.3125,15.375,37600,0.0,0.0
1996-07-11 00:00:00-04:00,15.375,15.375,14.25,14.625,61600,0.0,0.0
1996-07-12 00:00:00-04:00,14.75,15.0,14.25,14.75,23900,0.0,0.0
1996-07-15 00:00:00-04:00,14.75,14.75,14.25,14.75,10000,0.0,0.0
1996-07-16 00:00:00-04:00,14.125,14.25,12.375,13.5,98000,0.0,0.0
1996-07-17 00:00:00-04:00,13.25,13.625,13.25,13.625,31800,0.0,0.0
1996-07-18 00:00:00-04:00,13.625,13.75,13.125,13.75,54000,0.0,0.0
1996-07-19 00:00:00-04:00,13.875,14.75,13.75,14.375,24400,0.0,0.0
1996-07-22 00:00:00-04:00,14.375,14.75,14.375,14.375,4700,0.0,0.0
1996-07-23 00:00:00-04:00,14.375,14.75,13.75,13.75,21100,0.0,0.0
1996-07-24 00:00:00-04:00,13.375,13.625,12.625,12.625,38600,0.0,0.0
1996-07-25 00:00:00-04:00,12.625,13.125,12.375,13.0,48100,0.0,0.0
1996-07-26 00:00:00-04:00,13.5,14.625,13.375,14.625,68700,0.0,0.0
1996-07-29 00:00:00-04:00,14.125,14.625,14.125,14.125,21700,0.0,0.0
1996-07-30 00:00:00-04:00,14.625,15.375,14.625,15.0,44100,0.0,0.0
1996-07-31 00:00:00-04:00,14.625,15.5,14.625,15.5,15000,0.0,0.0
1996-08-01 00:00:00-04:00,15.5,15.75,12.75,12.875,143700,0.0,0.0
1996-08-02 00:00:00-04:00,14.0,14.0,13.25,13.5,154800,0.0,0.0
1996-08-05 00:00:00-04:00,13.625,13.625,13.125,13.625,35700,0.0,0.0
1996-08-06 00:00:00-04:00,13.625,13.625,13.125,13.625,13400,0.0,0.0
1996-08-07 00:00:00-04:00,13.625,13.625,11.875,12.25,114900,0.0,0.0
1996-08-08 00:00:00-04:00,12.25,13.125,11.875,12.625,57100,0.0,0.0
1996-08-09 00:00:00-04:00,12.375,12.875,11.25,11.75,62300,0.0,0.0
1996-08-12 00:00:00-04:00,11.75,11.75,10.375,10.875,298400,0.0,0.0
1996-08-13 00:00:00-04:00,10.75,11.25,10.375,10.75,121900,0.0,0.0
1996-08-14 00:00:00-04:00,10.875,10.875,9.375,9.875,160200,0.0,0.0
1996-08-15 00:00:00-04:00,9.875,11.375,9.875,11.25,155700,0.0,0.0
1996-08-16 00:00:00-04:00,11.25,12.0,10.875,12.0,69000,0.0,0.0
1996-08-19 00:00:00-04:00,12.25,12.25,11.5,11.5,51000,0.0,0.0
1996-08-20 00:00:00-04:00,11.875,12.25,11.5,12.0,29600,0.0,0.0
1996-08-21 00:00:00-04:00,11.625,12.5,11.625,12.125,32000,0.0,0.0
1996-08-22 00:00:00-04:00,12.25,12.25,11.5,11.75,43200,0.0,0.0
1996-08-23 00:00:00-04:00,11.75,12.5,11.5,12.0,21400,0.0,0.0
1996-08-26 00:00:00-04:00,12.5,12.75,12.0,12.375,41700,0.0,0.0
1996-08-27 00:00:00-04:00,12.375,12.625,12.125,12.125,37600,0.0,0.0
1996-08-28 00:00:00-04:00,12.625,12.625,12.25,12.625,31800,0.0,0.0
1996-08-29 00:00:00-04:00,12.25,12.625,12.25,12.625,19100,0.0,0.0
1996-08-30 00:00:00-04:00,12.25,12.625,12.25,12.25,3700,0.0,0.0
1996-09-03 00:00:00-04:00,12.25,12.375,11.875,12.0,17300,0.0,0.0
1996-09-04 00:00:00-04:00,12.5,12.75,12.125,12.375,19700,0.0,0.0
1996-09-05 00:00:00-04:00,12.5,12.75,12.0,12.125,25600,0.0,0.0
1996-09-06 00:00:00-04:00,12.125,12.375,12.125,12.25,8800,0.0,0.0
1996-09-09 00:00:00-04:00,12.125,12.5,12.125,12.5,1100,0.0,0.0
1996-09-10 00:00:00-04:00,12.125,12.25,12.0,12.125,18100,0.0,0.0
1996-09-11 00:00:00-04:00,12.0,12.375,11.875,11.875,48600,0.0,0.0
1996-09-12 00:00:00-04:00,12.375,12.375,11.875,12.125,39200,0.0,0.0
1996-09-13 00:00:00-04:00,12.25,12.25,11.875,12.0,68900,0.0,0.0
1996-09-16 00:00:00-04:00,11.875,12.25,11.875,11.875,13800,0.0,0.0
1996-09-17 00:00:00-04:00,11.875,12.25,11.875,12.25,8700,0.0,0.0
1996-09-18 00:00:00-04:00,12.25,12.25,11.75,11.75,26600,0.0,0.0
1996-09-19 00:00:00-04:00,12.0,12.0,11.75,12.0,9700,0.0,0.0
1996-09-20 00:00:00-04:00,12.0,12.25,11.75,12.25,50400,0.0,0.0
1996-09-23 00:00:00-04:00,12.25,12.5,11.875,12.25,25000,0.0,0.0
1996-09-24 00:00:00-04:00,12.5,12.5,12.125,12.3125,31000,0.0,0.0
1996-09-25 00:00:00-04:00,12.5,12.625,12.25,12.375,35100,0.0,0.0
1996-09-26 00:00:00-04:00,12.625,13.75,12.625,13.25,60800,0.0,0.0
1996-09-27 00:00:00-04:00,13.25,13.625,13.0,13.25,28800,0.0,0.0
1996-09-30 00:00:00-04:00,13.625,13.625,13.25,13.25,20400,0.0,0.0
1996-10-01 00:00:00-04:00,13.625,13.625,13.125,13.375,31000,0.0,0.0
1996-10-02 00:00:00-04:00,13.625,13.75,13.25,13.625,21300,0.0,0.0
1996-10-03 00:00:00-04:00,13.25,13.625,13.25,13.625,18800,0.0,0.0
1996-10-04 00:00:00-04:00,13.625,13.625,13.25,13.25,8800,0.0,0.0
1996-10-07 00:00:00-04:00,13.5,13.5,13.125,13.5,7900,0.0,0.0
1996-10-08 00:00:00-04:00,13.5,13.5,12.5,12.875,38100,0.0,0.0
1996-10-09 00:00:00-04:00,12.5,12.875,12.5,12.875,16500,0.0,0.0
1996-10-10 00:00:00-04:00,12.875,12.875,12.625,12.625,13600,0.0,0.0
1996-10-11 00:00:00-04:00,12.875,12.875,12.625,12.875,10000,0.0,0.0
1996-10-14 00:00:00-04:00,12.625,12.625,12.375,12.375,10800,0.0,0.0
1996-10-15 00:00:00-04:00,12.375,12.875,12.375,12.375,9400,0.0,0.0
1996-10-16 00:00:00-04:00,12.875,12.875,12.375,12.375,18900,0.0,0.0
1996-10-17 00:00:00-04:00,12.375,12.375,12.375,12.375,8800,0.0,0.0
1996-10-18 00:00:00-04:00,12.375,12.75,12.375,12.375,13300,0.0,0.0
1996-10-21 00:00:00-04:00,12.375,12.75,11.875,12.0,26100,0.0,0.0
1996-10-22 00:00:00-04:00,12.125,12.25,12.0,12.25,24300,0.0,0.0
1996-10-23 00:00:00-04:00,12.25,12.375,12.125,12.375,5700,0.0,0.0
1996-10-24 00:00:00-04:00,12.125,12.5,11.875,12.125,20600,0.0,0.0
1996-10-25 00:00:00-04:00,12.25,12.25,12.125,12.25,11400,0.0,0.0
1996-10-28 00:00:00-05:00,12.25,12.625,12.125,12.375,8700,0.0,0.0
1996-10-29 00:00:00-05:00,12.625,12.625,12.25,12.25,36500,0.0,0.0
1996-10-30 00:00:00-05:00,12.625,12.75,12.25,12.625,34500,0.0,0.0
1996-10-31 00:00:00-05:00,12.625,12.75,12.25,12.375,5300,0.0,0.0
1996-11-01 00:00:00-05:00,12.625,12.75,12.375,12.75,9700,0.0,0.0
1996-11-04 00:00:00-05:00,12.375,12.75,12.375,12.375,5500,0.0,0.0
1996-11-05 00:00:00-05:00,12.75,13.125,12.375,13.125,92300,0.0,0.0
1996-11-06 00:00:00-05:00,13.375,13.75,13.125,13.125,68000,0.0,0.0
1996-11-07 00:00:00-05:00,13.5,14.125,13.5,13.875,50000,0.0,0.0
1996-11-08 00:00:00-05:00,13.875,13.875,13.625,13.625,6400,0.0,0.0
1996-11-11 00:00:00-05:00,13.875,14.5,13.625,13.875,53600,0.0,0.0
1996-11-12 00:00:00-05:00,13.875,13.875,13.5,13.875,35100,0.0,0.0
1996-11-13 00:00:00-05:00,13.875,13.875,12.875,13.125,25400,0.0,0.0
1996-11-14 00:00:00-05:00,13.125,13.5,13.125,13.375,53000,0.0,0.0
1996-11-15 00:00:00-05:00,13.75,14.125,13.5,14.0,47100,0.0,0.0
1996-11-18 00:00:00-05:00,13.75,14.125,13.75,14.0,25800,0.0,0.0
1996-11-19 00:00:00-05:00,14.125,14.25,13.625,13.75,48000,0.0,0.0
1996-11-20 00:00:00-05:00,13.625,14.125,13.625,14.125,19500,0.0,0.0
1996-11-21 00:00:00-05:00,13.875,14.0,13.625,13.75,36700,0.0,0.0
1996-11-22 00:00:00-05:00,13.625,14.0,13.625,14.0,36200,0.0,0.0
1996-11-25 00:00:00-05:00,13.625,14.25,13.5,14.25,33700,0.0,0.0
1996-11-26 00:00:00-05:00,14.0,14.125,13.625,14.0,33500,0.0,0.0
1996-11-27 00:00:00-05:00,13.875,14.625,13.875,14.5,24500,0.0,0.0
1996-11-29 00:00:00-05:00,14.625,14.875,14.5,14.625,27300,0.0,0.0
1996-12-02 00:00:00-05:00,14.875,14.875,14.5,14.625,32400,0.0,0.0
1996-12-03 00:00:00-05:00,14.5,14.5,14.0,14.0,30600,0.0,0.0
1996-12-04 00:00:00-05:00,14.0,14.625,13.75,14.125,32600,0.0,0.0
1996-12-05 00:00:00-05:00,14.125,15.0,14.125,14.5,77700,0.0,0.0
1996-12-06 00:00:00-05:00,14.0,14.625,13.875,14.375,27800,0.0,0.0
1996-12-09 00:00:00-05:00,14.625,14.875,14.375,14.875,14600,0.0,0.0
1996-12-10 00:00:00-05:00,14.625,15.0,14.625,15.0,51700,0.0,0.0
1996-12-11 00:00:00-05:00,14.625,15.0,14.5,14.75,21500,0.0,0.0
1996-12-12 00:00:00-05:00,14.75,14.75,14.5,14.5,42600,0.0,0.0
1996-12-13 00:00:00-05:00,14.5,14.5,14.25,14.25,8700,0.0,0.0
1996-12-16 00:00:00-05:00,14.25,14.5,13.875,14.0,47600,0.0,0.0
1996-12-17 00:00:00-05:00,14.0,14.875,14.0,14.875,24500,0.0,0.0
1996-12-18 00:00:00-05:00,14.875,14.875,14.375,14.875,11400,0.0,0.0
1996-12-19 00:00:00-05:00,14.875,14.875,14.375,14.375,8700,0.0,0.0
1996-12-20 00:00:00-05:00,14.875,14.875,14.375,14.375,7200,0.0,0.0
1996-12-23 00:00:00-05:00,14.75,14.875,14.375,14.625,12500,0.0,0.0
1996-12-24 00:00:00-05:00,14.625,14.625,14.625,14.625,700,0.0,0.0
1996-12-26 00:00:00-05:00,14.5,14.515625,14.5,14.5,14100,0.0,0.0
1996-12-27 00:00:00-05:00,14.625,14.625,14.375,14.375,4100,0.0,0.0
1996-12-30 00:00:00-05:00,14.375,14.5,13.75,14.125,77900,0.0,0.0
1996-12-31 00:00:00-05:00,14.125,14.625,14.125,14.625,5800,0.0,0.0
1997-01-02 00:00:00-05:00,14.125,15.0,14.125,15.0,14000,0.0,0.0
1997-01-03 00:00:00-05:00,15.0,15.875,14.625,15.25,44600,0.0,0.0
1997-01-06 00:00:00-05:00,15.25,15.75,15.25,15.25,29200,0.0,0.0
1997-01-07 00:00:00-05:00,15.25,15.5,14.875,15.0,22100,0.0,0.0
1997-01-08 00:00:00-05:00,15.015625,16.125,15.0,16.125,20300,0.0,0.0
1997-01-09 00:00:00-05:00,16.125,16.5,15.625,16.0,68200,0.0,0.0
1997-01-10 00:00:00-05:00,16.0,16.375,16.0,16.125,7900,0.0,0.0
1997-01-13 00:00:00-05:00,16.0,16.25,15.625,15.625,16100,0.0,0.0
1997-01-14 00:00:00-05:00,15.875,15.875,15.625,15.625,8600,0.0,0.0
1997-01-15 00:00:00-05:00,15.625,16.0,15.25,15.375,14700,0.0,0.0
1997-01-16 00:00:00-05:00,15.0,15.375,14.625,15.25,20300,0.0,0.0
1997-01-17 00:00:00-05:00,15.25,15.375,14.75,15.375,3800,0.0,0.0
1997-01-20 00:00:00-05:00,15.375,15.375,14.875,15.125,2500,0.0,0.0
1997-01-21 00:00:00-05:00,15.125,16.0,15.125,15.25,34900,0.0,0.0
1997-01-22 00:00:00-05:00,15.25,15.75,15.25,15.75,8000,0.0,0.0
1997-01-23 00:00:00-05:00,15.75,16.75,15.625,16.25,35400,0.0,0.0
1997-01-24 00:00:00-05:00,15.875,16.25,15.5,16.0,17500,0.0,0.0
1997-01-27 00:00:00-05:00,15.5,16.25,15.5,15.75,13900,0.0,0.0
1997-01-28 00:00:00-05:00,15.75,16.375,15.625,15.75,29900,0.0,0.0
1997-01-29 00:00:00-05:00,16.0,16.5,15.5,15.5,31800,0.0,0.0
1997-01-30 00:00:00-05:00,16.125,16.125,15.5,16.0,9700,0.0,0.0
1997-01-31 00:00:00-05:00,15.75,16.375,15.125,16.0,42100,0.0,0.0
1997-02-03 00:00:00-05:00,15.75,16.75,15.75,16.75,37700,0.0,0.0
1997-02-04 00:00:00-05:00,16.75,17.25,16.25,16.265625,57300,0.0,0.0
1997-02-05 00:00:00-05:00,16.25,17.125,16.25,16.5,32800,0.0,0.0
1997-02-06 00:00:00-05:00,17.125,17.25,16.625,17.25,27600,0.0,0.0
1997-02-07 00:00:00-05:00,16.875,17.375,16.625,16.875,15200,0.0,0.0
1997-02-10 00:00:00-05:00,16.875,17.625,16.5,17.125,33600,0.0,0.0
1997-02-11 00:00:00-05:00,17.25,17.25,16.5,16.5,30000,0.0,0.0
1997-02-12 00:00:00-05:00,16.75,16.75,15.875,16.25,12700,0.0,0.0
1997-02-13 00:00:00-05:00,16.25,16.375,15.875,15.875,3600,0.0,0.0
1997-02-14 00:00:00-05:00,15.875,16.5,15.375,16.0,13500,0.0,0.0
1997-02-18 00:00:00-05:00,16.0,16.25,15.5,16.25,17200,0.0,0.0
1997-02-19 00:00:00-05:00,16.0,16.25,15.75,15.75,4500,0.0,0.0
1997-02-20 00:00:00-05:00,15.75,16.25,15.125,15.25,13100,0.0,0.0
1997-02-21 00:00:00-05:00,15.125,15.75,15.125,15.75,4300,0.0,0.0
1997-02-24 00:00:00-05:00,15.75,15.75,15.375,15.375,9500,0.0,0.0
1997-02-25 00:00:00-05:00,15.75,15.75,15.375,15.6875,8900,0.0,0.0
1997-02-26 00:00:00-05:00,15.375,16.0,15.375,15.875,15500,0.0,0.0
1997-02-27 00:00:00-05:00,15.625,15.875,15.625,15.625,9500,0.0,0.0
1997-02-28 00:00:00-05:00,15.0,15.625,14.625,14.625,18900,0.0,0.0
1997-03-03 00:00:00-05:00,14.625,15.125,14.625,14.625,5500,0.0,0.0
1997-03-04 00:00:00-05:00,15.125,15.25,14.625,15.25,83900,0.0,0.0
1997-03-05 00:00:00-05:00,15.125,15.125,14.75,15.0,35500,0.0,0.0
1997-03-06 00:00:00-05:00,15.375,15.375,14.75,14.875,15900,0.0,0.0
1997-03-07 00:00:00-05:00,14.75,15.375,14.75,14.75,8900,0.0,0.0
1997-03-10 00:00:00-05:00,15.25,15.25,14.875,14.875,41300,0.0,0.0
1997-03-11 00:00:00-05:00,15.0,15.5,14.875,15.5,74400,0.0,0.0
1997-03-12 00:00:00-05:00,14.875,15.625,14.875,15.375,7100,0.0,0.0
1997-03-13 00:00:00-05:00,15.25,15.25,15.0,15.0,4200,0.0,0.0
1997-03-14 00:00:00-05:00,15.25,15.625,14.875,15.375,5500,0.0,0.0
1997-03-17 00:00:00-05:00,15.25,15.25,14.625,14.9375,10900,0.0,0.0
1997-03-18 00:00:00-05:00,15.25,15.25,14.75,15.0,5400,0.0,0.0
1997-03-19 00:00:00-05:00,14.75,15.0,13.5,13.5,16800,0.0,0.0
1997-03-20 00:00:00-05:00,13.5,14.0,13.5,13.75,5600,0.0,0.0
1997-03-21 00:00:00-05:00,14.0,14.0,13.25,13.625,5700,0.0,0.0
1997-03-24 00:00:00-05:00,14.0,14.0,13.25,13.875,7400,0.0,0.0
1997-03-25 00:00:00-05:00,13.875,14.375,13.25,13.625,10100,0.0,0.0
1997-03-26 00:00:00-05:00,14.375,14.375,13.625,14.375,5100,0.0,0.0
1997-03-27 00:00:00-05:00,13.875,14.375,13.875,14.125,19000,0.0,0.0
1997-03-31 00:00:00-05:00,14.0,14.25,13.625,14.125,5800,0.0,0.0
1997-04-01 00:00:00-05:00,13.625,14.0,13.25,13.75,30800,0.0,0.0
1997-04-02 00:00:00-05:00,13.25,13.25,13.25,13.25,1600,0.0,0.0
1997-04-03 00:00:00-05:00,13.25,13.25,13.25,13.25,1700,0.0,0.0
1997-04-04 00:00:00-05:00,13.25,14.0,13.25,13.625,6500,0.0,0.0
1997-04-07 00:00:00-04:00,13.625,14.125,13.25,14.125,32600,0.0,0.0
1997-04-08 00:00:00-04:00,13.5,14.125,13.5,14.125,3200,0.0,0.0
1997-04-09 00:00:00-04:00,14.125,15.125,14.125,14.75,25800,0.0,0.0
1997-04-10 00:00:00-04:00,15.25,15.75,14.5,15.5,31200,0.0,0.0
1997-04-11 00:00:00-04:00,15.5,15.5,14.5,14.875,9500,0.0,0.0
1997-04-14 00:00:00-04:00,14.5,14.5,14.5,14.5,2000,0.0,0.0
1997-04-15 00:00:00-04:00,14.5,15.25,14.5,14.875,47700,0.0,0.0
1997-04-16 00:00:00-04:00,14.875,15.5,14.5,14.875,3200,0.0,0.0
1997-04-17 00:00:00-04:00,14.5,14.5,14.5,14.5,1500,0.0,0.0
1997-04-18 00:00:00-04:00,15.25,15.5,14.5,14.875,8100,0.0,0.0
1997-04-21 00:00:00-04:00,14.75,15.375,14.75,15.0,18800,0.0,0.0
1997-04-22 00:00:00-04:00,14.375,15.375,14.375,15.125,3500,0.0,0.0
1997-04-23 00:00:00-04:00,14.375,15.125,14.375,14.375,8400,0.0,0.0
1997-04-24 00:00:00-04:00,15.0,15.125,14.375,14.5,14400,0.0,0.0
1997-04-25 00:00:00-04:00,14.5,15.5,14.5,15.5,15000,0.0,0.0
1997-04-28 00:00:00-04:00,15.5,15.5,14.5,14.5,11200,0.0,0.0
1997-04-29 00:00:00-04:00,15.5,16.5,15.0,16.375,52100,0.0,0.0
1997-04-30 00:00:00-04:00,15.75,16.0,15.25,15.5,39800,0.0,0.0
1997-05-01 00:00:00-04:00,15.75,15.75,14.75,15.125,16300,0.0,0.0
1997-05-02 00:00:00-04:00,14.75,15.25,14.75,15.25,19500,0.0,0.0
1997-05-05 00:00:00-04:00,15.25,16.375,14.75,16.125,36600,0.0,0.0
1997-05-06 00:00:00-04:00,16.0,16.375,15.75,15.875,17400,0.0,0.0
1997-05-07 00:00:00-04:00,15.875,17.875,15.875,17.75,37900,0.0,0.0
1997-05-08 00:00:00-04:00,16.875,17.25,16.5,16.5,9700,0.0,0.0
1997-05-09 00:00:00-04:00,16.5,17.25,16.375,17.25,11400,0.0,0.0
1997-05-12 00:00:00-04:00,17.375,18.5,16.625,18.0,62100,0.0,0.0
1997-05-13 00:00:00-04:00,18.0,18.0,17.0,17.25,46100,0.0,0.0
1997-05-14 00:00:00-04:00,16.75,17.5,16.25,16.25,32700,0.0,0.0
1997-05-15 00:00:00-04:00,16.25,17.0,15.875,16.375,45300,0.0,0.0
1997-05-16 00:00:00-04:00,15.875,16.375,15.625,15.75,8700,0.0,0.0
1997-05-19 00:00:00-04:00,16.5,16.5,15.75,16.5,2800,0.0,0.0
1997-05-20 00:00:00-04:00,15.75,16.5,15.75,16.0,21900,0.0,0.0
1997-05-21 00:00:00-04:00,16.75,16.75,15.25,16.0,15400,0.0,0.0
1997-05-22 00:00:00-04:00,15.25,16.25,15.25,16.25,27400,0.0,0.0
1997-05-23 00:00:00-04:00,16.25,16.25,15.5,16.125,28400,0.0,0.0
1997-05-27 00:00:00-04:00,16.25,16.5,15.75,16.125,34200,0.0,0.0
1997-05-28 00:00:00-04:00,16.75,17.25,16.375,16.5,33400,0.0,0.0
1997-05-29 00:00:00-04:00,16.25,17.0,16.25,16.5,16500,0.0,0.0
1997-05-30 00:00:00-04:00,16.5,17.0,16.25,17.0,9900,0.0,0.0
1997-06-02 00:00:00-04:00,17.0,17.0,16.5,16.5,18300,0.0,0.0
1997-06-03 00:00:00-04:00,16.625,17.0,16.25,16.875,41600,0.0,0.0
1997-06-04 00:00:00-04:00,16.875,16.875,16.125,16.125,900,0.0,0.0
1997-06-05 00:00:00-04:00,16.875,16.875,16.0,16.0,4400,0.0,0.0
1997-06-06 00:00:00-04:00,16.0,16.5,15.75,15.875,91500,0.0,0.0
1997-06-09 00:00:00-04:00,15.75,16.25,15.75,15.75,21100,0.0,0.0
1997-06-10 00:00:00-04:00,16.0,16.75,16.0,16.75,14600,0.0,0.0
1997-06-11 00:00:00-04:00,17.0,17.0,16.5,17.0,18400,0.0,0.0
1997-06-12 00:00:00-04:00,16.25,17.0,16.25,16.375,25000,0.0,0.0
1997-06-13 00:00:00-04:00,16.25,16.75,15.75,16.75,4400,0.0,0.0
1997-06-16 00:00:00-04:00,16.0,16.75,16.0,16.0,6600,0.0,0.0
1997-06-17 00:00:00-04:00,16.5,16.75,16.0,16.0,12200,0.0,0.0
1997-06-18 00:00:00-04:00,16.75,17.625,16.0,17.0,28500,0.0,0.0
1997-06-19 00:00:00-04:00,16.75,17.5,16.625,17.25,2100,0.0,0.0
1997-06-20 00:00:00-04:00,16.625,17.5,16.625,16.625,4800,0.0,0.0
1997-06-23 00:00:00-04:00,17.5,17.5,16.625,16.75,9500,0.0,0.0
1997-06-24 00:00:00-04:00,16.75,17.25,16.75,17.125,12300,0.0,0.0
1997-06-25 00:00:00-04:00,17.0,17.625,16.625,17.25,19100,0.0,0.0
1997-06-26 00:00:00-04:00,16.875,17.125,16.75,17.0,75400,0.0,0.0
1997-06-27 00:00:00-04:00,16.765625,17.125,16.765625,17.0,53500,0.0,0.0
1997-06-30 00:00:00-04:00,17.125,17.125,16.75,17.0,6200,0.0,0.0
1997-07-01 00:00:00-04:00,16.75,17.125,16.75,17.0,3900,0.0,0.0
1997-07-02 00:00:00-04:00,16.75,17.25,16.75,16.875,17800,0.0,0.0
1997-07-03 00:00:00-04:00,17.25,17.75,16.75,17.75,33900,0.0,0.0
1997-07-07 00:00:00-04:00,17.0,17.75,17.0,17.375,2500,0.0,0.0
1997-07-08 00:00:00-04:00,17.75,17.75,17.0,17.5,23100,0.0,0.0
1997-07-09 00:00:00-04:00,17.5,18.125,17.5,18.125,43200,0.0,0.0
1997-07-10 00:00:00-04:00,18.25,18.5,17.625,18.5,32800,0.0,0.0
1997-07-11 00:00:00-04:00,18.5,19.375,18.375,18.75,64600,0.0,0.0
1997-07-14 00:00:00-04:00,19.0,19.125,18.5,18.75,37000,0.0,0.0
1997-07-15 00:00:00-04:00,18.5,19.0,18.5,19.0,26400,0.0,0.0
1997-07-16 00:00:00-04:00,19.0,19.25,18.5,18.875,40400,0.0,0.0
1997-07-17 00:00:00-04:00,19.125,19.125,18.5,18.6875,14800,0.0,0.0
1997-07-18 00:00:00-04:00,18.5,19.25,18.5,19.125,23800,0.0,0.0
1997-07-21 00:00:00-04:00,18.5,19.125,18.5,18.5,13600,0.0,0.0
1997-07-22 00:00:00-04:00,18.5,18.75,18.5,18.5,61000,0.0,0.0
1997-07-23 00:00:00-04:00,18.75,19.125,18.5,18.625,27400,0.0,0.0
1997-07-24 00:00:00-04:00,18.5,18.875,18.5,18.5,94100,0.0,0.0
1997-07-25 00:00:00-04:00,18.875,19.125,18.5,19.0,3600,0.0,0.0
1997-07-28 00:00:00-04:00,19.25,19.25,18.5,19.0,32600,0.0,0.0
1997-07-29 00:00:00-04:00,18.25,19.125,18.25,19.125,12700,0.0,0.0
1997-07-30 00:00:00-04:00,18.25,19.125,18.25,18.875,10600,0.0,0.0
1997-07-31 00:00:00-04:00,19.125,19.125,18.25,19.125,12000,0.0,0.0
1997-08-01 00:00:00-04:00,18.625,18.75,18.25,18.625,24700,0.0,0.0
1997-08-04 00:00:00-04:00,19.0,19.125,18.375,19.0,8700,0.0,0.0
1997-08-05 00:00:00-04:00,19.125,19.125,18.375,18.984375,28900,0.0,0.0
1997-08-06 00:00:00-04:00,18.5,19.125,17.875,18.125,23500,0.0,0.0
1997-08-07 00:00:00-04:00,18.5,19.875,18.0,18.75,172600,0.0,0.0
1997-08-08 00:00:00-04:00,19.375,19.375,18.5,19.125,40700,0.0,0.0
1997-08-11 00:00:00-04:00,18.5,19.125,18.5,19.125,49800,0.0,0.0
1997-08-12 00:00:00-04:00,18.5,19.125,17.5,18.125,155700,0.0,0.0
1997-08-13 00:00:00-04:00,18.125,18.5,18.0,18.125,65800,0.0,0.0
1997-08-14 00:00:00-04:00,18.0,18.375,18.0,18.0,25800,0.0,0.0
1997-08-15 00:00:00-04:00,18.375,18.375,17.25,17.25,25700,0.0,0.0
1997-08-18 00:00:00-04:00,17.625,18.0,17.25,17.75,62200,0.0,0.0
1997-08-19 00:00:00-04:00,18.0,18.0,17.5625,17.625,171500,0.0,0.0
1997-08-20 00:00:00-04:00,17.875,18.0,17.625,18.0,37900,0.0,0.0
1997-08-21 00:00:00-04:00,17.75,18.0,17.375,17.75,38000,0.0,0.0
1997-08-22 00:00:00-04:00,17.625,18.0,17.25,17.75,14000,0.0,0.0
1997-08-25 00:00:00-04:00,18.0,18.0,17.25,17.375,83400,0.0,0.0
1997-08-26 00:00:00-04:00,17.375,18.0,17.25,18.0,33500,0.0,0.0
1997-08-27 00:00:00-04:00,18.0,18.75,17.25,18.75,115100,0.0,0.0
1997-08-28 00:00:00-04:00,18.75,19.125,18.25,18.25,16900,0.0,0.0
1997-08-29 00:00:00-04:00,19.125,19.125,18.5,19.125,9400,0.0,0.0
1997-09-02 00:00:00-04:00,19.125,19.625,18.5,19.125,123300,0.0,0.0
1997-09-03 00:00:00-04:00,18.875,19.375,18.875,19.375,21000,0.0,0.0
1997-09-04 00:00:00-04:00,19.375,19.375,18.875,19.0,140300,0.0,0.0
1997-09-05 00:00:00-04:00,19.625,19.625,19.0,19.5,33300,0.0,0.0
1997-09-08 00:00:00-04:00,19.5,19.625,19.125,19.5,37500,0.0,0.0
1997-09-09 00:00:00-04:00,19.625,20.0,19.375,19.5625,41800,0.0,0.0
1997-09-10 00:00:00-04:00,19.5,19.5,19.125,19.125,48700,0.0,0.0
1997-09-11 00:00:00-04:00,19.25,19.5,19.125,19.125,39400,0.0,0.0
1997-09-12 00:00:00-04:00,19.125,19.5,19.125,19.375,8200,0.0,0.0
1997-09-15 00:00:00-04:00,19.5,19.5,19.125,19.25,27600,0.0,0.0
1997-09-16 00:00:00-04:00,19.125,19.5,19.125,19.25,52100,0.0,0.0
1997-09-17 00:00:00-04:00,19.25,19.625,19.125,19.5,53500,0.0,0.0
1997-09-18 00:00:00-04:00,19.5,19.75,19.25,19.75,40100,0.0,0.0
1997-09-19 00:00:00-04:00,19.75,19.9375,19.375,19.75,23100,0.0,0.0
1997-09-22 00:00:00-04:00,19.5,20.0,19.5,20.0,9800,0.0,0.0
1997-09-23 00:00:00-04:00,19.75,20.0,19.5,20.0,79600,0.0,0.0
1997-09-24 00:00:00-04:00,20.0,20.0,19.75,20.0,10900,0.0,0.0
1997-09-25 00:00:00-04:00,20.0,20.0,19.75,19.75,48400,0.0,0.0
1997-09-26 00:00:00-04:00,19.5,20.0,19.5,19.625,50800,0.0,0.0
1997-09-29 00:00:00-04:00,19.5,20.0,19.5,19.75,8700,0.0,0.0
1997-09-30 00:00:00-04:00,20.0,20.5,19.8125,20.1875,75000,0.0,0.0
1997-10-01 00:00:00-04:00,20.0625,20.25,19.875,20.0,38900,0.0,0.0
1997-10-02 00:00:00-04:00,20.25,20.25,20.0,20.1875,30000,0.0,0.0
1997-10-03 00:00:00-04:00,20.25,20.25,19.875,20.0,32400,0.0,0.0
1997-10-06 00:00:00-04:00,19.75,20.0,19.75,20.0,17500,0.0,0.0
1997-10-07 00:00:00-04:00,20.0,20.0,19.75,20.0,32400,0.0,0.0
1997-10-08 00:00:00-04:00,20.0,20.25,20.0,20.0,4500,0.0,0.0
1997-10-09 00:00:00-04:00,20.25,20.25,19.25,19.75,44600,0.0,0.0
1997-10-10 00:00:00-04:00,19.75,19.75,19.25,19.75,27700,0.0,0.0
1997-10-13 00:00:00-04:00,19.25,19.875,19.25,19.75,17700,0.0,0.0
1997-10-14 00:00:00-04:00,19.875,19.875,19.375,19.375,13400,0.0,0.0
1997-10-15 00:00:00-04:00,19.375,19.75,19.375,19.5,8800,0.0,0.0
1997-10-16 00:00:00-04:00,19.25,19.75,18.0,18.5,79100,0.0,0.0
1997-10-17 00:00:00-04:00,18.5,18.5,18.25,18.25,26600,0.0,0.0
1997-10-20 00:00:00-04:00,18.25,18.5,18.25,18.25,52800,0.0,0.0
1997-10-21 00:00:00-04:00,18.5,18.5,18.25,18.25,104100,0.0,0.0
1997-10-22 00:00:00-04:00,18.375,18.375,18.25,18.375,21700,0.0,0.0
1997-10-23 00:00:00-04:00,18.375,18.375,18.25,18.25,184900,0.0,0.0
1997-10-24 00:00:00-04:00,18.375,18.375,18.125,18.25,80500,0.0,0.0
1997-10-27 00:00:00-05:00,17.875,18.0,17.75,18.0,104700,0.0,0.0
1997-10-28 00:00:00-05:00,17.375,17.625,16.625,17.375,37700,0.0,0.0
1997-10-29 00:00:00-05:00,17.75,17.875,17.25,17.75,21600,0.0,0.0
1997-10-30 00:00:00-05:00,18.0,18.0,17.625,17.75,45500,0.0,0.0
1997-10-31 00:00:00-05:00,18.125,18.125,17.75,18.0,108600,0.0,0.0
1997-11-03 00:00:00-05:00,18.125,18.125,17.75,18.125,9700,0.0,0.0
1997-11-04 00:00:00-05:00,17.75,18.125,17.75,17.75,5500,0.0,0.0
1997-11-05 00:00:00-05:00,17.75,18.0,17.75,18.0,30500,0.0,0.0
1997-11-06 00:00:00-05:00,18.25,18.25,18.0,18.0,6200,0.0,0.0
1997-11-07 00:00:00-05:00,17.75,18.125,17.75,17.75,35200,0.0,0.0
1997-11-10 00:00:00-05:00,17.75,17.875,17.75,17.875,27800,0.0,0.0
1997-11-11 00:00:00-05:00,17.75,18.0,17.75,17.75,32700,0.0,0.0
1997-11-12 00:00:00-05:00,18.0,18.0,17.5,17.5,43200,0.0,0.0
1997-11-13 00:00:00-05:00,17.5,17.75,17.5,17.75,57900,0.0,0.0
1997-11-14 00:00:00-05:00,17.75,17.75,17.5,17.625,26000,0.0,0.0
1997-11-17 00:00:00-05:00,17.5,17.75,17.5,17.75,46900,0.0,0.0
1997-11-18 00:00:00-05:00,17.75,17.75,17.0,17.4375,52100,0.0,0.0
1997-11-19 00:00:00-05:00,17.125,17.125,16.625,16.875,74000,0.0,0.0
1997-11-20 00:00:00-05:00,16.625,17.375,16.625,16.625,921100,0.0,0.0
1997-11-21 00:00:00-05:00,16.75,16.875,16.625,16.6875,137900,0.0,0.0
1997-11-24 00:00:00-05:00,16.75,16.75,16.625,16.6875,62900,0.0,0.0
1997-11-25 00:00:00-05:00,16.625,16.6875,16.625,16.625,66800,0.0,0.0
1997-11-26 00:00:00-05:00,16.625,16.6875,16.625,16.625,24100,0.0,0.0
1997-11-28 00:00:00-05:00,16.625,16.6875,16.625,16.6875,4800,0.0,0.0
1997-12-01 00:00:00-05:00,16.6875,16.6875,16.625,16.625,19700,0.0,0.0
1997-12-02 00:00:00-05:00,16.625,16.71875,16.625,16.625,36400,0.0,0.0
1997-12-03 00:00:00-05:00,16.625,17.0,16.625,17.0,40600,0.0,0.0
1997-12-04 00:00:00-05:00,17.0,17.0,16.625,16.875,88400,0.0,0.0
1997-12-05 00:00:00-05:00,16.75,16.75,16.625,16.625,142900,0.0,0.0
1997-12-08 00:00:00-05:00,16.625,16.75,16.625,16.6875,59900,0.0,0.0
1997-12-09 00:00:00-05:00,16.625,16.75,16.625,16.625,58200,0.0,0.0
1997-12-10 00:00:00-05:00,16.625,16.75,16.625,16.625,28900,0.0,0.0
1997-12-11 00:00:00-05:00,16.625,16.75,16.5,16.5,31400,0.0,0.0
1997-12-12 00:00:00-05:00,16.5,16.625,16.25,16.375,120200,0.0,0.0
1997-12-15 00:00:00-05:00,16.375,16.5,16.375,16.375,8500,0.0,0.0
1997-12-16 00:00:00-05:00,16.375,16.625,16.375,16.5,37800,0.0,0.0
1997-12-17 00:00:00-05:00,16.5,16.625,16.5,16.5,23500,0.0,0.0
1997-12-18 00:00:00-05:00,16.5,16.625,16.5,16.5,28800,0.0,0.0
1997-12-19 00:00:00-05:00,16.625,16.75,16.5,16.75,41500,0.0,0.0
1997-12-22 00:00:00-05:00,16.75,16.875,16.625,16.6875,44100,0.0,0.0
1997-12-23 00:00:00-05:00,16.875,16.875,16.6875,16.875,18000,0.0,0.0
1997-12-24 00:00:00-05:00,16.75,16.75,16.625,16.75,6800,0.0,0.0
1997-12-26 00:00:00-05:00,16.625,16.6875,16.625,16.625,1800,0.0,0.0
1997-12-29 00:00:00-05:00,16.625,16.625,16.625,16.625,8100,0.0,0.0
1997-12-30 00:00:00-05:00,16.625,16.75,16.5,16.5,62100,0.0,0.0
1997-12-31 00:00:00-05:00,16.5,16.75,16.5,16.75,20800,0.0,0.0
1998-01-02 00:00:00-05:00,16.75,16.875,16.5,16.875,13000,0.0,0.0
1998-01-05 00:00:00-05:00,16.875,16.875,16.5,16.875,5600,0.0,0.0
1998-01-06 00:00:00-05:00,16.5,16.875,16.5,16.75,10800,0.0,0.0
1998-01-07 00:00:00-05:00,16.75,16.875,16.5,16.5,61900,0.0,0.0
1998-01-08 00:00:00-05:00,16.5,16.75,16.5,16.5,16400,0.0,0.0
1998-01-09 00:00:00-05:00,16.5,16.625,16.25,16.25,31800,0.0,0.0
1998-01-12 00:00:00-05:00,16.125,16.375,15.5,16.0,42800,0.0,0.0
1998-01-13 00:00:00-05:00,15.5,15.875,15.5,15.5625,22600,0.0,0.0
1998-01-14 00:00:00-05:00,15.5625,15.75,15.5,15.5,13900,0.0,0.0
1998-01-15 00:00:00-05:00,15.75,16.0,15.625,15.75,385400,0.0,0.0
1998-01-16 00:00:00-05:00,15.75,16.125,15.75,15.75,15600,0.0,0.0
1998-01-20 00:00:00-05:00,16.0,16.0,15.75,15.9375,39600,0.0,0.0
1998-01-21 00:00:00-05:00,15.875,15.875,15.625,15.75,17600,0.0,0.0
1998-01-22 00:00:00-05:00,15.875,15.875,15.625,15.875,9700,0.0,0.0
1998-01-23 00:00:00-05:00,15.75,16.125,15.75,15.875,70100,0.0,0.0
1998-01-26 00:00:00-05:00,15.75,15.75,14.75,14.875,63000,0.0,0.0
1998-01-27 00:00:00-05:00,14.875,15.125,14.875,14.9375,37700,0.0,0.0
1998-01-28 00:00:00-05:00,14.875,15.0,14.875,15.0,10100,0.0,0.0
1998-01-29 00:00:00-05:00,14.875,15.0,14.75,14.875,70300,0.0,0.0
1998-01-30 00:00:00-05:00,14.75,15.25,14.75,15.0,51700,0.0,0.0
1998-02-02 00:00:00-05:00,15.25,16.75,15.25,16.625,69800,0.0,0.0
1998-02-03 00:00:00-05:00,16.5,16.5,16.25,16.5,29500,0.0,0.0
1998-02-04 00:00:00-05:00,16.75,17.25,16.5,17.0,95700,0.0,0.0
1998-02-05 00:00:00-05:00,17.25,17.75,17.25,17.25,51200,0.0,0.0
1998-02-06 00:00:00-05:00,17.25,17.375,16.875,17.125,50300,0.0,0.0
1998-02-09 00:00:00-05:00,17.0,17.625,17.0,17.5625,28100,0.0,0.0
1998-02-10 00:00:00-05:00,17.75,17.875,17.125,17.25,75100,0.0,0.0
1998-02-11 00:00:00-05:00,17.25,17.375,17.25,17.375,51100,0.0,0.0
1998-02-12 00:00:00-05:00,17.3125,17.375,17.0,17.125,142100,0.0,0.0
1998-02-13 00:00:00-05:00,17.125,17.375,17.125,17.25,21200,0.0,0.0
1998-02-17 00:00:00-05:00,17.25,17.375,17.25,17.25,43700,0.0,0.0
1998-02-18 00:00:00-05:00,17.375,17.375,16.5,16.5,94300,0.0,0.0
1998-02-19 00:00:00-05:00,16.75,16.75,16.25,16.25,6000,0.0,0.0
1998-02-20 00:00:00-05:00,16.25,16.5,16.125,16.125,4900,0.0,0.0
1998-02-23 00:00:00-05:00,16.375,16.375,16.0,16.25,21100,0.0,0.0
1998-02-24 00:00:00-05:00,16.0,16.5,16.0,16.0,7000,0.0,0.0
1998-02-25 00:00:00-05:00,16.25,16.25,16.0,16.25,18000,0.0,0.0
1998-02-26 00:00:00-05:00,15.875,16.5,15.75,16.5,14100,0.0,0.0
1998-02-27 00:00:00-05:00,16.25,16.75,16.125,16.75,18200,0.0,0.0
1998-03-02 00:00:00-05:00,16.75,16.75,16.25,16.75,24100,0.0,0.0
1998-03-03 00:00:00-05:00,16.75,17.0,16.5,17.0,7900,0.0,0.0
1998-03-04 00:00:00-05:00,16.5,17.625,16.5,17.0,21000,0.0,0.0
1998-03-05 00:00:00-05:00,17.0,17.0625,16.75,17.0,26000,0.0,0.0
1998-03-06 00:00:00-05:00,16.75,17.0,16.75,16.75,4400,0.0,0.0
1998-03-09 00:00:00-05:00,16.75,16.875,16.5,16.5,9200,0.0,0.0
1998-03-10 00:00:00-05:00,16.5,17.0,16.5,16.75,13000,0.0,0.0
1998-03-11 00:00:00-05:00,16.5,16.625,16.5,16.625,5100,0.0,0.0
1998-03-12 00:00:00-05:00,16.5,16.5625,16.5,16.5,15200,0.0,0.0
1998-03-13 00:00:00-05:00,16.5,16.625,16.25,16.25,11200,0.0,0.0
1998-03-16 00:00:00-05:00,16.25,16.375,15.5,15.5,16800,0.0,0.0
1998-03-17 00:00:00-05:00,15.5,15.625,15.0,15.625,79800,0.0,0.0
1998-03-18 00:00:00-05:00,15.375,16.0,15.375,15.75,13900,0.0,0.0
1998-03-19 00:00:00-05:00,15.75,16.25,15.625,15.625,18200,0.0,0.0
1998-03-20 00:00:00-05:00,16.125,16.125,15.625,15.75,8000,0.0,0.0
1998-03-23 00:00:00-05:00,15.75,16.0,15.375,15.375,27900,0.0,0.0
1998-03-24 00:00:00-05:00,15.375,15.875,15.375,15.875,113900,0.0,0.0
1998-03-25 00:00:00-05:00,16.0,16.75,15.75,16.75,67000,0.0,0.0
1998-03-26 00:00:00-05:00,16.625,16.75,16.375,16.75,16600,0.0,0.0
1998-03-27 00:00:00-05:00,16.5,18.0,16.375,17.5,42900,0.0,0.0
1998-03-30 00:00:00-05:00,17.375,17.75,17.375,17.5,41200,0.0,0.0
1998-03-31 00:00:00-05:00,17.375,17.875,17.375,17.8125,5800,0.0,0.0
1998-04-01 00:00:00-05:00,17.375,18.0,17.375,18.0,12200,0.0,0.0
1998-04-02 00:00:00-05:00,17.5,18.0,17.5,17.5,10400,0.0,0.0
1998-04-03 00:00:00-05:00,17.75,18.0,17.5,17.75,17100,0.0,0.0
1998-04-06 00:00:00-04:00,17.75,18.25,17.75,18.0,23100,0.0,0.0
1998-04-07 00:00:00-04:00,17.75,18.25,17.75,18.0625,10900,0.0,0.0
1998-04-08 00:00:00-04:00,18.25,18.75,18.25,18.75,40400,0.0,0.0
1998-04-09 00:00:00-04:00,18.375,19.5,18.375,19.0,26700,0.0,0.0
1998-04-13 00:00:00-04:00,19.75,19.75,19.0,19.125,17900,0.0,0.0
1998-04-14 00:00:00-04:00,19.0,19.25,18.125,18.125,42800,0.0,0.0
1998-04-15 00:00:00-04:00,18.375,18.875,18.125,18.5,15300,0.0,0.0
1998-04-16 00:00:00-04:00,18.875,18.875,18.25,18.75,46800,0.0,0.0
1998-04-17 00:00:00-04:00,18.625,18.875,18.625,18.75,24900,0.0,0.0
1998-04-20 00:00:00-04:00,18.625,19.125,18.5,18.75,23300,0.0,0.0
1998-04-21 00:00:00-04:00,19.0,19.25,18.6875,19.125,18500,0.0,0.0
1998-04-22 00:00:00-04:00,19.125,20.5,19.125,19.75,88600,0.0,0.0
1998-04-23 00:00:00-04:00,19.875,20.25,19.75,19.75,14800,0.0,0.0
1998-04-24 00:00:00-04:00,19.75,20.0,19.5,20.0,7900,0.0,0.0
1998-04-27 00:00:00-04:00,19.5,19.5,18.25,18.25,24600,0.0,0.0
1998-04-28 00:00:00-04:00,18.75,18.75,18.25,18.25,8400,0.0,0.0
1998-04-29 00:00:00-04:00,18.25,18.5,18.25,18.25,1400,0.0,0.0
1998-04-30 00:00:00-04:00,18.5,18.5,18.25,18.375,10800,0.0,0.0
1998-05-01 00:00:00-04:00,18.75,18.875,18.25,18.25,8700,0.0,0.0
1998-05-04 00:00:00-04:00,17.875,18.25,17.625,17.875,13900,0.0,0.0
1998-05-05 00:00:00-04:00,17.5,18.25,17.5,18.0,13000,0.0,0.0
1998-05-06 00:00:00-04:00,17.5,18.25,17.5,17.875,3800,0.0,0.0
1998-05-07 00:00:00-04:00,17.625,17.875,17.5,17.625,5300,0.0,0.0
1998-05-08 00:00:00-04:00,18.0,18.5,17.875,18.5,14000,0.0,0.0
1998-05-11 00:00:00-04:00,18.375,18.75,18.0,18.25,3000,0.0,0.0
1998-05-12 00:00:00-04:00,18.75,19.8125,18.75,19.375,31300,0.0,0.0
1998-05-13 00:00:00-04:00,19.0,19.875,19.0,19.8125,20200,0.0,0.0
1998-05-14 00:00:00-04:00,19.25,19.75,19.25,19.375,8100,0.0,0.0
1998-05-15 00:00:00-04:00,19.75,20.375,19.5,20.0,51400,0.0,0.0
1998-05-18 00:00:00-04:00,19.75,20.0,19.75,20.0,11800,0.0,0.0
1998-05-19 00:00:00-04:00,20.0,20.0,19.5,19.625,17900,0.0,0.0
1998-05-20 00:00:00-04:00,19.625,19.625,19.375,19.5,24800,0.0,0.0
1998-05-21 00:00:00-04:00,19.5,19.75,19.25,19.25,8700,0.0,0.0
1998-05-22 00:00:00-04:00,19.0,19.375,19.0,19.25,4800,0.0,0.0
1998-05-26 00:00:00-04:00,19.25,19.25,17.75,18.25,21900,0.0,0.0
1998-05-27 00:00:00-04:00,17.625,17.75,17.25,17.75,11200,0.0,0.0
1998-05-28 00:00:00-04:00,17.5,18.0,17.375,18.0,2800,0.0,0.0
1998-05-29 00:00:00-04:00,18.0,18.0,17.375,17.375,6600,0.0,0.0
1998-06-01 00:00:00-04:00,17.625,17.75,17.375,17.5,3700,0.0,0.0
1998-06-02 00:00:00-04:00,17.5,18.0,17.5,17.75,7500,0.0,0.0
1998-06-03 00:00:00-04:00,18.0,18.0,16.25,16.75,43100,0.0,0.0
1998-06-04 00:00:00-04:00,16.25,16.75,16.125,16.125,40500,0.0,0.0
1998-06-05 00:00:00-04:00,16.25,16.25,16.0,16.125,69600,0.0,0.0
1998-06-08 00:00:00-04:00,16.125,16.125,15.5,15.625,24100,0.0,0.0
1998-06-09 00:00:00-04:00,15.625,15.875,15.5625,15.6875,40000,0.0,0.0
1998-06-10 00:00:00-04:00,15.5,15.75,15.5,15.75,70000,0.0,0.0
1998-06-11 00:00:00-04:00,15.75,15.875,15.5,15.625,35000,0.0,0.0
1998-06-12 00:00:00-04:00,15.625,15.875,15.5,15.5,14700,0.0,0.0
1998-06-15 00:00:00-04:00,15.875,15.875,15.125,15.125,69000,0.0,0.0
1998-06-16 00:00:00-04:00,15.125,15.859375,14.75,14.75,85000,0.0,0.0
1998-06-17 00:00:00-04:00,14.75,15.125,14.125,14.75,57900,0.0,0.0
1998-06-18 00:00:00-04:00,14.875,14.875,14.625,14.625,11000,0.0,0.0
1998-06-19 00:00:00-04:00,15.0,15.0,14.625,14.75,15300,0.0,0.0
1998-06-22 00:00:00-04:00,14.75,15.0,14.5,14.625,24200,0.0,0.0
1998-06-23 00:00:00-04:00,14.75,15.0,14.625,14.75,20000,0.0,0.0
1998-06-24 00:00:00-04:00,14.625,15.0,14.625,15.0,7500,0.0,0.0
1998-06-25 00:00:00-04:00,15.125,15.125,15.0,15.125,20200,0.0,0.0
1998-06-26 00:00:00-04:00,15.125,15.25,15.0,15.125,46000,0.0,0.0
1998-06-29 00:00:00-04:00,15.25,15.5,14.875,14.875,51500,0.0,0.0
1998-06-30 00:00:00-04:00,15.0,15.25,14.75,14.75,11600,0.0,0.0
1998-07-01 00:00:00-04:00,15.125,15.375,14.75,15.375,32000,0.0,0.0
1998-07-02 00:00:00-04:00,15.25,15.75,15.25,15.375,7000,0.0,0.0
1998-07-06 00:00:00-04:00,15.75,16.0,15.625,16.0,28200,0.0,0.0
1998-07-07 00:00:00-04:00,16.125,16.125,15.375,15.5,24600,0.0,0.0
1998-07-08 00:00:00-04:00,15.75,15.75,15.25,15.25,3800,0.0,0.0
1998-07-09 00:00:00-04:00,15.75,15.75,15.25,15.375,24300,0.0,0.0
1998-07-10 00:00:00-04:00,15.875,15.875,15.375,15.75,6200,0.0,0.0
1998-07-13 00:00:00-04:00,15.25,15.75,15.25,15.5,22600,0.0,0.0
1998-07-14 00:00:00-04:00,15.375,15.625,15.375,15.375,10200,0.0,0.0
1998-07-15 00:00:00-04:00,15.375,15.625,15.375,15.625,12400,0.0,0.0
1998-07-16 00:00:00-04:00,15.4375,15.75,15.4375,15.625,21100,0.0,0.0
1998-07-17 00:00:00-04:00,15.4375,15.75,15.4375,15.625,19600,0.0,0.0
1998-07-20 00:00:00-04:00,15.25,15.375,15.125,15.25,38600,0.0,0.0
1998-07-21 00:00:00-04:00,15.5,15.75,15.375,15.5,22100,0.0,0.0
1998-07-22 00:00:00-04:00,15.5,15.75,15.375,15.75,13000,0.0,0.0
1998-07-23 00:00:00-04:00,15.5,15.875,15.5,15.59375,13800,0.0,0.0
1998-07-24 00:00:00-04:00,15.5,15.875,15.375,15.5625,9400,0.0,0.0
1998-07-27 00:00:00-04:00,15.5,15.5,15.375,15.375,10600,0.0,0.0
1998-07-28 00:00:00-04:00,15.4375,15.75,15.4375,15.4375,17400,0.0,0.0
1998-07-29 00:00:00-04:00,15.4375,15.5,15.4375,15.4375,16800,0.0,0.0
1998-07-30 00:00:00-04:00,15.4375,15.75,15.4375,15.4375,3200,0.0,0.0
1998-07-31 00:00:00-04:00,15.4375,15.5,15.0,15.25,9400,0.0,0.0
1998-08-03 00:00:00-04:00,15.1875,15.375,15.125,15.375,14900,0.0,0.0
1998-08-04 00:00:00-04:00,15.25,15.25,15.0,15.25,53800,0.0,0.0
1998-08-05 00:00:00-04:00,14.875,15.0,14.75,15.0,28600,0.0,0.0
1998-08-06 00:00:00-04:00,15.125,15.5,15.0,15.125,13700,0.0,0.0
1998-08-07 00:00:00-04:00,15.5,15.5,15.0,15.5,2600,0.0,0.0
1998-08-10 00:00:00-04:00,15.75,16.75,14.75,15.0,48700,0.0,0.0
1998-08-11 00:00:00-04:00,14.75,15.0,14.0,14.75,47800,0.0,0.0
1998-08-12 00:00:00-04:00,14.75,14.75,14.0,14.25,77200,0.0,0.0
1998-08-13 00:00:00-04:00,14.125,14.375,14.0625,14.375,137300,0.0,0.0
1998-08-14 00:00:00-04:00,14.5,14.75,14.5,14.5,22200,0.0,0.0
1998-08-17 00:00:00-04:00,14.125,14.625,14.125,14.5,7300,0.0,0.0
1998-08-18 00:00:00-04:00,14.375,14.5,14.375,14.375,2800,0.0,0.0
1998-08-19 00:00:00-04:00,14.5,14.625,14.5,14.625,2800,0.0,0.0
1998-08-20 00:00:00-04:00,14.375,14.5,14.375,14.375,2200,0.0,0.0
1998-08-21 00:00:00-04:00,14.25,14.375,14.25,14.25,36900,0.0,0.0
1998-08-24 00:00:00-04:00,14.625,14.625,14.25,14.25,8200,0.0,0.0
1998-08-25 00:00:00-04:00,14.25,14.25,14.25,14.25,1100,0.0,0.0
1998-08-26 00:00:00-04:00,14.25,14.375,14.0625,14.0625,11300,0.0,0.0
1998-08-27 00:00:00-04:00,14.0,14.0625,12.75,13.25,35200,0.0,0.0
1998-08-28 00:00:00-04:00,13.0,13.375,12.875,13.375,17100,0.0,0.0
1998-08-31 00:00:00-04:00,12.75,13.0,12.0,12.0,19200,0.0,0.0
1998-09-01 00:00:00-04:00,12.75,12.75,12.0,12.125,41800,0.0,0.0
1998-09-02 00:00:00-04:00,12.5,12.5,11.75,11.75,7800,0.0,0.0
1998-09-03 00:00:00-04:00,11.875,11.875,11.0,11.125,39800,0.0,0.0
1998-09-04 00:00:00-04:00,11.25,12.0,11.25,12.0,9000,0.0,0.0
1998-09-08 00:00:00-04:00,12.5,12.5,11.5,12.25,11200,0.0,0.0
1998-09-09 00:00:00-04:00,12.25,12.25,11.25,11.5,12500,0.0,0.0
1998-09-10 00:00:00-04:00,10.5,12.0,9.75,11.375,29300,0.0,0.0
1998-09-11 00:00:00-04:00,11.25,12.0,11.25,11.5625,20300,0.0,0.0
1998-09-14 00:00:00-04:00,12.0,13.0,12.0,12.1875,9100,0.0,0.0
1998-09-15 00:00:00-04:00,12.5,13.0,12.25,13.0,3500,0.0,0.0
1998-09-16 00:00:00-04:00,13.0,13.0,12.5,12.75,2900,0.0,0.0
1998-09-17 00:00:00-04:00,12.5,12.5,12.125,12.125,10100,0.0,0.0
1998-09-18 00:00:00-04:00,12.25,12.375,11.75,12.375,2000,0.0,0.0
1998-09-21 00:00:00-04:00,11.5,11.5625,11.5,11.5625,400,0.0,0.0
1998-09-22 00:00:00-04:00,11.625,12.5,11.625,12.3125,12700,0.0,0.0
1998-09-23 00:00:00-04:00,12.3125,13.0,12.3125,13.0,7400,0.0,0.0
1998-09-24 00:00:00-04:00,12.5,12.75,12.375,12.375,5200,0.0,0.0
1998-09-25 00:00:00-04:00,12.25,12.25,11.9375,12.0,5800,0.0,0.0
1998-09-28 00:00:00-04:00,12.125,13.0,12.0,12.171875,9500,0.0,0.0
1998-09-29 00:00:00-04:00,12.25,12.75,11.875,12.25,8100,0.0,0.0
1998-09-30 00:00:00-04:00,11.625,11.875,11.625,11.625,2100,0.0,0.0
1998-10-01 00:00:00-04:00,11.5,11.875,10.75,11.25,8400,0.0,0.0
1998-10-02 00:00:00-04:00,11.5,11.5,10.5,10.875,4900,0.0,0.0
1998-10-05 00:00:00-04:00,10.5,11.0,10.25,10.5,21100,0.0,0.0
1998-10-06 00:00:00-04:00,11.0,11.0,10.75,10.75,3400,0.0,0.0
1998-10-07 00:00:00-04:00,11.0,11.125,10.75,10.75,9000,0.0,0.0
1998-10-08 00:00:00-04:00,10.375,10.75,10.125,10.25,83300,0.0,0.0
1998-10-09 00:00:00-04:00,10.5,10.875,10.5,10.875,4900,0.0,0.0
1998-10-12 00:00:00-04:00,10.875,11.625,10.5,11.25,12600,0.0,0.0
1998-10-13 00:00:00-04:00,11.25,11.25,10.75,11.0,3300,0.0,0.0
1998-10-14 00:00:00-04:00,11.25,11.25,10.5,10.5,6100,0.0,0.0
1998-10-15 00:00:00-04:00,10.5,10.5,10.0,10.3125,59800,0.0,0.0
1998-10-16 00:00:00-04:00,10.0,10.5,10.0,10.375,74300,0.0,0.0
1998-10-19 00:00:00-04:00,10.25,10.625,10.25,10.5,53200,0.0,0.0
1998-10-20 00:00:00-04:00,10.5625,10.875,10.5,10.625,10900,0.0,0.0
1998-10-21 00:00:00-04:00,10.375,10.75,10.375,10.375,4300,0.0,0.0
1998-10-22 00:00:00-04:00,10.9375,10.9375,10.375,10.9375,5000,0.0,0.0
1998-10-23 00:00:00-04:00,10.9375,10.9375,10.5,10.8125,20200,0.0,0.0
1998-10-26 00:00:00-05:00,10.75,11.25,10.375,11.25,15000,0.0,0.0
1998-10-27 00:00:00-05:00,11.125,12.125,11.0,12.125,66200,0.0,0.0
1998-10-28 00:00:00-05:00,12.1875,12.5,11.75,12.25,49600,0.0,0.0
1998-10-29 00:00:00-05:00,12.25,12.625,11.75,12.625,155300,0.0,0.0
1998-10-30 00:00:00-05:00,12.625,12.625,12.0,12.5,40300,0.0,0.0
1998-11-02 00:00:00-05:00,12.625,12.625,12.125,12.625,21500,0.0,0.0
1998-11-03 00:00:00-05:00,12.5,12.625,12.375,12.375,3600,0.0,0.0
1998-11-04 00:00:00-05:00,12.625,12.625,12.25,12.375,17100,0.0,0.0
1998-11-05 00:00:00-05:00,12.25,12.5,12.0,12.0,74300,0.0,0.0
1998-11-06 00:00:00-05:00,12.5,12.5,11.75,12.125,45700,0.0,0.0
1998-11-09 00:00:00-05:00,12.5,12.5,11.875,12.25,23400,0.0,0.0
1998-11-10 00:00:00-05:00,12.5,12.75,10.875,11.25,58700,0.0,0.0
1998-11-11 00:00:00-05:00,11.75,11.75,10.875,11.3125,82100,0.0,0.0
1998-11-12 00:00:00-05:00,11.0,12.0,11.0,11.125,15000,0.0,0.0
1998-11-13 00:00:00-05:00,12.0,12.0,10.9375,11.5,52600,0.0,0.0
1998-11-16 00:00:00-05:00,11.75,12.625,11.75,12.0,128100,0.0,0.0
1998-11-17 00:00:00-05:00,12.625,13.0,11.75,12.75,245600,0.0,0.0
1998-11-18 00:00:00-05:00,13.0,13.125,12.875,13.0,15400,0.0,0.0
1998-11-19 00:00:00-05:00,12.75,13.125,12.5,12.875,41900,0.0,0.0
1998-11-20 00:00:00-05:00,13.125,13.125,12.75,13.0,69900,0.0,0.0
1998-11-23 00:00:00-05:00,13.125,13.625,13.0625,13.25,89800,0.0,0.0
1998-11-24 00:00:00-05:00,13.25,13.25,13.125,13.25,25900,0.0,0.0
1998-11-25 00:00:00-05:00,13.25,13.3125,13.125,13.25,77100,0.0,0.0
1998-11-27 00:00:00-05:00,13.75,13.75,13.125,13.125,2100,0.0,0.0
1998-11-30 00:00:00-05:00,13.25,13.625,13.25,13.625,8800,0.0,0.0
1998-12-01 00:00:00-05:00,13.125,13.25,12.75,13.0,116500,0.0,0.0
1998-12-02 00:00:00-05:00,12.75,13.0,12.5,12.625,11000,0.0,0.0
1998-12-03 00:00:00-05:00,12.5,12.625,11.875,11.875,14000,0.0,0.0
1998-12-04 00:00:00-05:00,12.25,12.25,11.875,11.875,13600,0.0,0.0
1998-12-07 00:00:00-05:00,11.875,12.375,11.875,12.375,27100,0.0,0.0
1998-12-08 00:00:00-05:00,12.25,12.375,11.75,12.0,6900,0.0,0.0
1998-12-09 00:00:00-05:00,11.75,11.75,11.5,11.5,53800,0.0,0.0
1998-12-10 00:00:00-05:00,11.5,11.75,11.25,11.25,13000,0.0,0.0
1998-12-11 00:00:00-05:00,11.25,12.75,11.25,12.75,17600,0.0,0.0
1998-12-14 00:00:00-05:00,12.75,12.75,12.25,12.375,27400,0.0,0.0
1998-12-15 00:00:00-05:00,12.5,12.75,12.375,12.75,27200,0.0,0.0
1998-12-16 00:00:00-05:00,12.75,12.75,11.875,11.875,8300,0.0,0.0
1998-12-17 00:00:00-05:00,12.375,12.375,11.625,11.875,7500,0.0,0.0
1998-12-18 00:00:00-05:00,11.625,12.0,11.625,12.0,16900,0.0,0.0
1998-12-21 00:00:00-05:00,12.0,12.375,11.875,12.375,10200,0.0,0.0
1998-12-22 00:00:00-05:00,12.5,12.5,11.75,11.875,21500,0.0,0.0
1998-12-23 00:00:00-05:00,11.875,12.0,11.5,11.75,45000,0.0,0.0
1998-12-24 00:00:00-05:00,11.5,11.8125,11.5,11.8125,4900,0.0,0.0
1998-12-28 00:00:00-05:00,11.8125,12.125,11.375,11.5625,24400,0.0,0.0
1998-12-29 00:00:00-05:00,11.5,12.0,11.5,11.625,60300,0.0,0.0
1998-12-30 00:00:00-05:00,11.5,11.75,11.375,11.375,43800,0.0,0.0
1998-12-31 00:00:00-05:00,11.25,11.625,10.75,11.4375,25100,0.0,0.0
1999-01-04 00:00:00-05:00,11.4375,13.0,11.0,12.25,37700,0.0,0.0
1999-01-05 00:00:00-05:00,12.5,12.9375,12.125,12.25,18300,0.0,0.0
1999-01-06 00:00:00-05:00,12.0,12.5,12.0,12.0,7700,0.0,0.0
1999-01-07 00:00:00-05:00,12.0,12.625,11.5,11.875,12200,0.0,0.0
1999-01-08 00:00:00-05:00,11.625,12.25,11.625,11.875,12700,0.0,0.0
1999-01-11 00:00:00-05:00,11.5,11.75,11.375,11.375,8100,0.0,0.0
1999-01-12 00:00:00-05:00,11.375,11.5,10.625,11.0,13100,0.0,0.0
1999-01-13 00:00:00-05:00,10.125,10.625,8.625,10.125,29500,0.0,0.0
1999-01-14 00:00:00-05:00,10.3125,10.625,10.25,10.625,52200,0.0,0.0
1999-01-15 00:00:00-05:00,11.0,11.375,10.5625,11.375,13100,0.0,0.0
1999-01-19 00:00:00-05:00,11.5,11.5,11.25,11.25,25000,0.0,0.0
1999-01-20 00:00:00-05:00,11.375,11.375,11.0,11.0,42000,0.0,0.0
1999-01-21 00:00:00-05:00,11.25,11.25,10.75,10.9375,8000,0.0,0.0
1999-01-22 00:00:00-05:00,11.25,11.25,10.75,10.875,6600,0.0,0.0
1999-01-25 00:00:00-05:00,10.625,11.25,10.625,11.0,16200,0.0,0.0
1999-01-26 00:00:00-05:00,11.25,11.25,11.0,11.0625,60700,0.0,0.0
1999-01-27 00:00:00-05:00,11.0,11.125,10.9375,11.0,60000,0.0,0.0
1999-01-28 00:00:00-05:00,10.9375,11.375,10.9375,11.0,104300,0.0,0.0
1999-01-29 00:00:00-05:00,11.0,11.375,10.625,10.625,145200,0.0,0.0
1999-02-01 00:00:00-05:00,10.75,10.8125,10.5,10.5,96900,0.0,0.0
1999-02-02 00:00:00-05:00,10.125,10.75,10.125,10.75,5600,0.0,0.0
1999-02-03 00:00:00-05:00,10.125,10.75,10.0,10.5,69500,0.0,0.0
1999-02-04 00:00:00-05:00,10.25,10.625,9.875,10.625,52800,0.0,0.0
1999-02-05 00:00:00-05:00,10.75,10.75,10.0,10.625,23700,0.0,0.0
1999-02-08 00:00:00-05:00,10.75,10.75,9.875,10.25,11600,0.0,0.0
1999-02-09 00:00:00-05:00,10.25,10.75,10.25,10.5,25400,0.0,0.0
1999-02-10 00:00:00-05:00,10.75,12.25,10.5,11.3125,20600,0.0,0.0
1999-02-11 00:00:00-05:00,11.0,12.625,11.0,12.25,68200,0.0,0.0
1999-02-12 00:00:00-05:00,12.0,12.75,12.0,12.375,19300,0.0,0.0
1999-02-16 00:00:00-05:00,12.75,12.875,11.875,12.25,44200,0.0,0.0
1999-02-17 00:00:00-05:00,12.75,12.75,12.0,12.125,58100,0.0,0.0
1999-02-18 00:00:00-05:00,12.25,12.25,11.875,12.0,10800,0.0,0.0
1999-02-19 00:00:00-05:00,11.875,12.875,11.875,12.5625,17800,0.0,0.0
1999-02-22 00:00:00-05:00,12.5,13.0,12.5,12.8125,29700,0.0,0.0
1999-02-23 00:00:00-05:00,13.0,13.0,12.625,12.875,93700,0.0,0.0
1999-02-24 00:00:00-05:00,12.625,13.0,12.625,12.875,17700,0.0,0.0
1999-02-25 00:00:00-05:00,13.0,13.0,11.75,12.0,161000,0.0,0.0
1999-02-26 00:00:00-05:00,11.875,12.5,11.75,12.5,90900,0.0,0.0
1999-03-01 00:00:00-05:00,12.75,12.75,12.0,12.1875,22700,0.0,0.0
1999-03-02 00:00:00-05:00,12.0,12.25,11.875,11.875,33100,0.0,0.0
1999-03-03 00:00:00-05:00,11.75,12.0,11.75,11.75,7600,0.0,0.0
1999-03-04 00:00:00-05:00,12.0,12.25,12.0,12.0,3000,0.0,0.0
1999-03-05 00:00:00-05:00,11.875,12.375,11.875,12.375,16000,0.0,0.0
1999-03-08 00:00:00-05:00,12.25,12.75,12.25,12.75,22500,0.0,0.0
1999-03-09 00:00:00-05:00,12.25,12.75,12.25,12.25,12300,0.0,0.0
1999-03-10 00:00:00-05:00,12.75,12.75,12.5,12.75,6300,0.0,0.0
1999-03-11 00:00:00-05:00,12.25,12.75,12.1875,12.25,65800,0.0,0.0
1999-03-12 00:00:00-05:00,12.25,12.25,12.0,12.0,16600,0.0,0.0
1999-03-15 00:00:00-05:00,12.125,12.125,11.125,11.75,18100,0.0,0.0
1999-03-16 00:00:00-05:00,12.0,12.0,11.75,11.75,6300,0.0,0.0
1999-03-17 00:00:00-05:00,12.0,12.0,11.75,11.9375,18300,0.0,0.0
1999-03-18 00:00:00-05:00,11.8125,12.0,11.8125,12.0,11700,0.0,0.0
1999-03-19 00:00:00-05:00,11.8125,11.875,11.8125,11.875,6300,0.0,0.0
1999-03-22 00:00:00-05:00,11.8125,11.8125,11.25,11.5625,23300,0.0,0.0
1999-03-23 00:00:00-05:00,11.5,11.5,10.125,11.203125,53500,0.0,0.0
1999-03-24 00:00:00-05:00,11.375,11.375,11.125,11.125,7700,0.0,0.0
1999-03-25 00:00:00-05:00,11.375,11.375,10.5625,11.0,125500,0.0,0.0
1999-03-26 00:00:00-05:00,11.0,11.25,11.0,11.25,4700,0.0,0.0
1999-03-29 00:00:00-05:00,11.0,11.0,10.75,10.75,25200,0.0,0.0
1999-03-30 00:00:00-05:00,11.0,11.0,10.4375,10.4375,27500,0.0,0.0
1999-03-31 00:00:00-05:00,11.1875,11.1875,10.375,11.1875,5200,0.0,0.0
1999-04-01 00:00:00-05:00,11.25,11.25,10.5,10.5,4200,0.0,0.0
1999-04-05 00:00:00-04:00,11.0,11.0,10.5,10.5,16000,0.0,0.0
1999-04-06 00:00:00-04:00,10.5,10.75,10.3125,10.375,26000,0.0,0.0
1999-04-07 00:00:00-04:00,10.375,10.5,10.25,10.375,42800,0.0,0.0
1999-04-08 00:00:00-04:00,10.5,10.5,10.3125,10.3125,3100,0.0,0.0
1999-04-09 00:00:00-04:00,10.3125,10.625,10.3125,10.625,15400,0.0,0.0
1999-04-12 00:00:00-04:00,10.3125,10.5,10.3125,10.5,1100,0.0,0.0
1999-04-13 00:00:00-04:00,10.625,11.0,10.625,11.0,12700,0.0,0.0
1999-04-14 00:00:00-04:00,11.0,11.0,10.5,10.625,33100,0.0,0.0
1999-04-15 00:00:00-04:00,10.625,10.875,10.125,10.875,5300,0.0,0.0
1999-04-16 00:00:00-04:00,11.0,11.25,10.75,10.75,23500,0.0,0.0
1999-04-19 00:00:00-04:00,10.75,11.6875,10.75,11.5,20800,0.0,0.0
1999-04-20 00:00:00-04:00,11.5,11.5,11.5,11.5,5900,0.0,0.0
1999-04-21 00:00:00-04:00,12.0,12.0,11.625,11.875,5500,0.0,0.0
1999-04-22 00:00:00-04:00,12.5,12.5,11.625,11.625,3600,0.0,0.0
1999-04-23 00:00:00-04:00,11.625,11.875,11.625,11.75,5900,0.0,0.0
1999-04-26 00:00:00-04:00,11.625,12.25,11.625,12.0,7200,0.0,0.0
1999-04-27 00:00:00-04:00,12.625,12.625,11.625,12.0,2000,0.0,0.0
1999-04-28 00:00:00-04:00,11.625,12.0,11.625,11.75,3600,0.0,0.0
1999-04-29 00:00:00-04:00,11.875,12.0,11.75,12.0,23100,0.0,0.0
1999-04-30 00:00:00-04:00,11.875,12.0,11.625,12.0,11200,0.0,0.0
1999-05-03 00:00:00-04:00,11.625,11.875,11.625,11.875,1700,0.0,0.0
1999-05-04 00:00:00-04:00,11.625,12.25,11.625,12.0,59300,0.0,0.0
1999-05-05 00:00:00-04:00,12.125,12.75,12.0,12.5,57800,0.0,0.0
1999-05-06 00:00:00-04:00,12.25,12.625,12.0,12.625,28800,0.0,0.0
1999-05-07 00:00:00-04:00,12.625,12.6875,12.0625,12.125,31600,0.0,0.0
1999-05-10 00:00:00-04:00,12.0,12.25,12.0,12.0625,8400,0.0,0.0
1999-05-11 00:00:00-04:00,12.0,12.0,11.75,11.75,77800,0.0,0.0
1999-05-12 00:00:00-04:00,11.75,12.0,11.25,11.75,42800,0.0,0.0
1999-05-13 00:00:00-04:00,11.75,11.875,11.375,11.625,7000,0.0,0.0
1999-05-14 00:00:00-04:00,11.875,11.875,11.25,11.5,8100,0.0,0.0
1999-05-17 00:00:00-04:00,11.25,11.3125,11.125,11.25,29800,0.0,0.0
1999-05-18 00:00:00-04:00,11.25,11.5625,11.125,11.125,1600,0.0,0.0
1999-05-19 00:00:00-04:00,11.0,11.0,10.75,10.875,42700,0.0,0.0
1999-05-20 00:00:00-04:00,10.25,10.75,10.125,10.4375,60900,0.0,0.0
1999-05-21 00:00:00-04:00,10.5,11.25,10.4375,11.0,48600,0.0,0.0
1999-05-24 00:00:00-04:00,9.75,10.375,6.8125,7.0,403500,0.0,0.0
1999-05-25 00:00:00-04:00,7.25,7.25,5.96875,6.0,296000,0.0,0.0
1999-05-26 00:00:00-04:00,6.25,6.625,5.8125,5.9375,272100,0.0,0.0
1999-05-27 00:00:00-04:00,5.75,6.0,5.75,5.8125,77300,0.0,0.0
1999-05-28 00:00:00-04:00,5.875,5.9375,5.625,5.75,84200,0.0,0.0
1999-06-01 00:00:00-04:00,5.8125,5.9375,5.25,5.3125,142700,0.0,0.0
1999-06-02 00:00:00-04:00,5.6875,5.6875,5.3125,5.6875,232800,0.0,0.0
1999-06-03 00:00:00-04:00,5.6875,6.25,5.625,5.75,186000,0.0,0.0
1999-06-04 00:00:00-04:00,5.75,6.125,5.75,5.875,47400,0.0,0.0
1999-06-07 00:00:00-04:00,6.0625,6.0625,5.75,6.0,20900,0.0,0.0
1999-06-08 00:00:00-04:00,6.25,6.25,5.75,5.875,41300,0.0,0.0
1999-06-09 00:00:00-04:00,5.875,5.875,5.5625,5.5625,35200,0.0,0.0
1999-06-10 00:00:00-04:00,5.75,5.75,5.5,5.5,29600,0.0,0.0
1999-06-11 00:00:00-04:00,5.75,6.125,5.625,5.625,22800,0.0,0.0
1999-06-14 00:00:00-04:00,6.125,6.125,5.5625,5.5625,16400,0.0,0.0
1999-06-15 00:00:00-04:00,5.5,5.75,5.5,5.75,2900,0.0,0.0
1999-06-16 00:00:00-04:00,6.0,6.0,5.5625,5.75,6100,0.0,0.0
1999-06-17 00:00:00-04:00,5.75,5.875,5.625,5.875,10700,0.0,0.0
1999-06-18 00:00:00-04:00,5.875,5.9375,5.4375,5.5625,22200,0.0,0.0
1999-06-21 00:00:00-04:00,5.9375,5.9375,5.5625,5.578125,900,0.0,0.0
1999-06-22 00:00:00-04:00,5.5625,5.9375,5.125,5.25,70400,0.0,0.0
1999-06-23 00:00:00-04:00,5.59375,5.59375,5.375,5.5,12500,0.0,0.0
1999-06-24 00:00:00-04:00,5.5625,5.75,5.5,5.5625,4300,0.0,0.0
1999-06-25 00:00:00-04:00,5.5,5.5625,5.5,5.5625,7600,0.0,0.0
1999-06-28 00:00:00-04:00,5.75,5.75,5.25,5.625,82700,0.0,0.0
1999-06-29 00:00:00-04:00,5.25,5.5,5.25,5.375,15300,0.0,0.0
1999-06-30 00:00:00-04:00,5.25,5.625,5.25,5.375,13100,0.0,0.0
1999-07-01 00:00:00-04:00,5.25,5.625,5.25,5.4375,21000,0.0,0.0
1999-07-02 00:00:00-04:00,5.5,5.625,5.5,5.5,11800,0.0,0.0
1999-07-06 00:00:00-04:00,5.5625,5.625,5.5,5.625,14300,0.0,0.0
1999-07-07 00:00:00-04:00,5.5,5.75,5.4375,5.625,7000,0.0,0.0
1999-07-08 00:00:00-04:00,5.3125,5.75,5.25,5.3125,21800,0.0,0.0
1999-07-09 00:00:00-04:00,5.375,5.5,5.0,5.25,31200,0.0,0.0
1999-07-12 00:00:00-04:00,5.25,5.375,5.0625,5.125,8600,0.0,0.0
1999-07-13 00:00:00-04:00,5.125,5.125,5.0,5.125,31900,0.0,0.0
1999-07-14 00:00:00-04:00,4.875,5.4375,4.875,5.3125,24800,0.0,0.0
1999-07-15 00:00:00-04:00,5.15625,5.6875,5.15625,5.6875,28500,0.0,0.0
1999-07-16 00:00:00-04:00,5.6875,5.6875,5.5,5.625,27000,0.0,0.0
1999-07-19 00:00:00-04:00,5.25,5.375,5.25,5.25,5100,0.0,0.0
1999-07-20 00:00:00-04:00,5.25,5.25,4.875,5.0625,52100,0.0,0.0
1999-07-21 00:00:00-04:00,4.9375,4.9375,3.875,4.875,83200,0.0,0.0
1999-07-22 00:00:00-04:00,4.625,5.125,4.5,5.125,98100,0.0,0.0
1999-07-23 00:00:00-04:00,5.125,5.625,5.125,5.625,33700,0.0,0.0
1999-07-26 00:00:00-04:00,5.625,5.625,5.25,5.5625,18200,0.0,0.0
1999-07-27 00:00:00-04:00,5.25,5.625,5.25,5.5625,21100,0.0,0.0
1999-07-28 00:00:00-04:00,5.625,5.625,5.375,5.5,18700,0.0,0.0
1999-07-29 00:00:00-04:00,5.5,5.5,5.125,5.25,43200,0.0,0.0
1999-07-30 00:00:00-04:00,5.125,5.1875,5.0625,5.15625,33300,0.0,0.0
1999-08-02 00:00:00-04:00,5.15625,5.15625,5.15625,5.15625,0,0.0,0.0
1999-08-03 00:00:00-04:00,5.15625,5.15625,5.15625,5.15625,0,0.0,0.0
1999-08-04 00:00:00-04:00,5.15625,5.15625,5.15625,5.15625,0,0.0,0.0
1999-08-05 00:00:00-04:00,5.15625,5.15625,5.15625,5.15625,0,0.0,0.0
1999-08-06 00:00:00-04:00,5.15625,5.15625,5.15625,5.15625,0,0.0,0.0
1999-08-09 00:00:00-04:00,5.15625,5.15625,5.15625,5.15625,0,0.0,0.0
1999-08-10 00:00:00-04:00,5.15625,5.15625,5.15625,5.15625,0,0.0,0.0
1999-08-11 00:00:00-04:00,5.15625,5.15625,5.15625,5.15625,0,0.0,0.0
1999-08-12 00:00:00-04:00,5.15625,5.15625,5.15625,5.15625,0,0.0,0.0
1999-08-13 00:00:00-04:00,5.15625,5.15625,5.15625,5.15625,0,0.0,0.0
1999-08-16 00:00:00-04:00,5.15625,5.15625,5.15625,5.15625,0,0.0,0.0
1999-08-17 00:00:00-04:00,5.15625,5.15625,5.15625,5.15625,0,0.0,0.0
1999-08-18 00:00:00-04:00,5.15625,5.15625,5.15625,5.15625,0,0.0,0.0
1999-08-19 00:00:00-04:00,5.15625,5.15625,5.15625,5.15625,0,0.0,0.0
1999-08-20 00:00:00-04:00,5.15625,5.15625,5.15625,5.15625,0,0.0,0.0
1999-08-23 00:00:00-04:00,5.15625,5.15625,5.15625,5.15625,0,0.0,0.0
1999-08-24 00:00:00-04:00,5.15625,5.15625,5.15625,5.15625,0,0.0,0.0
1999-08-25 00:00:00-04:00,5.15625,5.15625,5.15625,5.15625,0,0.0,0.0
1999-08-26 00:00:00-04:00,5.15625,5.15625,5.15625,5.15625,0,0.0,0.0
1999-08-27 00:00:00-04:00,5.15625,5.15625,5.15625,5.15625,0,0.0,0.0
1999-08-30 00:00:00-04:00,5.15625,5.15625,5.15625,5.15625,0,0.0,0.0
1999-08-31 00:00:00-04:00,5.15625,5.15625,5.15625,5.15625,0,0.0,0.0
1999-09-01 00:00:00-04:00,5.15625,5.15625,5.15625,5.15625,0,0.0,0.0
1999-09-02 00:00:00-04:00,3.0,5.0,1.5,1.5,23400,0.0,0.0
1999-09-03 00:00:00-04:00,2.5,3.0,2.5,2.75,64000,0.0,0.0
1999-09-07 00:00:00-04:00,3.0,3.0,2.25,2.5,30300,0.0,0.0
1999-09-08 00:00:00-04:00,2.25,3.0,2.0,2.0,48000,0.0,0.0
1999-09-09 00:00:00-04:00,1.75,2.5,1.75,2.125,13100,0.0,0.0
1999-09-10 00:00:00-04:00,2.0,2.375,2.0,2.25,17000,0.0,0.0
1999-09-13 00:00:00-04:00,2.25,2.75,2.0,2.5,4000,0.0,0.0
1999-09-14 00:00:00-04:00,2.5,2.5,2.125,2.375,4700,0.0,0.0
1999-09-15 00:00:00-04:00,1.875,2.375,1.75,2.0,52500,0.0,0.0
1999-09-16 00:00:00-04:00,2.0,2.0,2.0,2.0,19800,0.0,0.0
1999-09-17 00:00:00-04:00,1.75,2.0,1.75,1.75,63800,0.0,0.0
1999-09-20 00:00:00-04:00,1.875,2.0,1.625,1.75,48300,0.0,0.0
1999-09-21 00:00:00-04:00,1.875,1.875,1.625,1.6875,177600,0.0,0.0
1999-09-22 00:00:00-04:00,2.0,2.375,2.0,2.375,3000,0.0,0.0
1999-09-23 00:00:00-04:00,2.125,2.25,2.0,2.25,6000,0.0,0.0
1999-09-24 00:00:00-04:00,2.0,2.5,2.0,2.0,29500,0.0,0.0
1999-09-27 00:00:00-04:00,2.0,2.0,2.0,2.0,800,0.0,0.0
1999-09-28 00:00:00-04:00,2.0,2.25,1.75,2.0,86800,0.0,0.0
1999-09-29 00:00:00-04:00,2.0,2.0,2.0,2.0,0,0.0,0.0
1999-09-30 00:00:00-04:00,2.0,2.125,2.0,2.125,2400,0.0,0.0
1999-10-01 00:00:00-04:00,2.125,2.75,2.125,2.125,3600,0.0,0.0
1999-10-04 00:00:00-04:00,2.5,2.5,2.0,2.0,5300,0.0,0.0
1999-10-05 00:00:00-04:00,2.125,2.125,2.125,2.125,5500,0.0,0.0
1999-10-06 00:00:00-04:00,2.125,2.375,2.0,2.375,7700,0.0,0.0
1999-10-07 00:00:00-04:00,2.75,2.75,2.0,2.25,56700,0.0,0.0
1999-10-08 00:00:00-04:00,2.1875,2.25,2.0625,2.15625,5900,0.0,0.0
1999-10-11 00:00:00-04:00,2.25,2.25,2.25,2.25,2000,0.0,0.0
1999-10-12 00:00:00-04:00,2.125,2.5,2.046875,2.25,3600,0.0,0.0
1999-10-13 00:00:00-04:00,2.25,2.375,2.25,2.25,36600,0.0,0.0
1999-10-14 00:00:00-04:00,2.25,2.375,2.25,2.375,2600,0.0,0.0
1999-10-15 00:00:00-04:00,2.25,2.375,2.25,2.375,2500,0.0,0.0
1999-10-18 00:00:00-04:00,2.5,2.5,2.0,2.375,30300,0.0,0.0
1999-10-19 00:00:00-04:00,2.125,2.296875,2.125,2.296875,3000,0.0,0.0
1999-10-20 00:00:00-04:00,2.625,2.625,2.125,2.25,7100,0.0,0.0
1999-10-21 00:00:00-04:00,2.125,2.296875,2.125,2.296875,1100,0.0,0.0
1999-10-22 00:00:00-04:00,2.125,2.25,2.0,2.09375,24400,0.0,0.0
1999-10-25 00:00:00-04:00,2.015625,2.25,2.015625,2.125,7000,0.0,0.0
1999-10-26 00:00:00-04:00,2.015625,2.0625,2.0,2.0,2800,0.0,0.0
1999-10-27 00:00:00-04:00,2.125,2.1875,1.75,1.9375,119100,0.0,0.0
1999-10-28 00:00:00-04:00,1.75,2.25,1.75,2.0,1900,0.0,0.0
1999-10-29 00:00:00-04:00,1.625,1.875,1.625,1.6875,38400,0.0,0.0
1999-11-01 00:00:00-05:00,1.75,2.125,1.625,1.65625,21000,0.0,0.0
1999-11-02 00:00:00-05:00,2.0625,2.0625,1.703125,1.75,83800,0.0,0.0
1999-11-03 00:00:00-05:00,1.703125,1.75,1.375,1.703125,140100,0.0,0.0
1999-11-04 00:00:00-05:00,1.703125,1.703125,1.625,1.625,10300,0.0,0.0
1999-11-05 00:00:00-05:00,1.75,1.75,1.5,1.703125,47700,0.0,0.0
1999-11-08 00:00:00-05:00,1.703125,1.75,1.703125,1.75,5500,0.0,0.0
1999-11-09 00:00:00-05:00,1.5,1.75,1.5,1.703125,5900,0.0,0.0
1999-11-10 00:00:00-05:00,1.875,1.875,1.703125,1.703125,3200,0.0,0.0
1999-11-11 00:00:00-05:00,1.75,1.75,1.75,1.75,1500,0.0,0.0
1999-11-12 00:00:00-05:00,1.703125,1.875,1.59375,1.734375,20800,0.0,0.0
1999-11-15 00:00:00-05:00,1.875,2.0,1.6875,1.875,4700,0.0,0.0
1999-11-16 00:00:00-05:00,1.75,1.78125,1.75,1.78125,3500,0.0,0.0
1999-11-17 00:00:00-05:00,1.625,2.0,1.59375,1.625,4500,0.0,0.0
1999-11-18 00:00:00-05:00,2.0,2.0,1.875,1.875,2700,0.0,0.0
1999-11-19 00:00:00-05:00,2.0,2.0,1.59375,1.625,28300,0.0,0.0
1999-11-22 00:00:00-05:00,2.0,2.0,1.59375,1.59375,16200,0.0,0.0
1999-11-23 00:00:00-05:00,1.875,1.875,1.59375,1.625,11200,0.0,0.0
1999-11-24 00:00:00-05:00,1.5,1.875,1.5,1.5,70700,0.0,0.0
1999-11-26 00:00:00-05:00,1.4375,2.0,1.4375,1.75,2900,0.0,0.0
1999-11-29 00:00:00-05:00,1.5,1.75,1.453125,1.453125,95300,0.0,0.0
1999-11-30 00:00:00-05:00,1.546875,1.796875,1.5,1.796875,18300,0.0,0.0
1999-12-01 00:00:00-05:00,1.5,1.875,1.5,1.5,6400,0.0,0.0
1999-12-02 00:00:00-05:00,1.5,1.5,1.375,1.4375,181800,0.0,0.0
1999-12-03 00:00:00-05:00,1.375,1.5,1.1875,1.3125,42900,0.0,0.0
1999-12-06 00:00:00-05:00,1.25,1.375,1.0,1.25,83000,0.0,0.0
1999-12-07 00:00:00-05:00,1.0625,1.25,1.0,1.125,5300,0.0,0.0
1999-12-08 00:00:00-05:00,1.0625,1.375,0.953125,1.375,54300,0.0,0.0
1999-12-09 00:00:00-05:00,0.953125,1.125,0.953125,1.125,37700,0.0,0.0
1999-12-10 00:00:00-05:00,1.0,1.25,1.0,1.0,19000,0.0,0.0
1999-12-13 00:00:00-05:00,1.0,1.15625,0.953125,1.0,92400,0.0,0.0
1999-12-14 00:00:00-05:00,1.0,1.25,1.0,1.0625,20200,0.0,0.0
1999-12-15 00:00:00-05:00,1.296875,1.3125,1.0,1.125,46700,0.0,0.0
1999-12-16 00:00:00-05:00,1.0,1.125,0.953125,1.0,101500,0.0,0.0
1999-12-17 00:00:00-05:00,1.0,1.359375,0.953125,1.0,86100,0.0,0.0
1999-12-20 00:00:00-05:00,1.0,1.1875,0.953125,1.0,37100,0.0,0.0
1999-12-21 00:00:00-05:00,1.0,1.125,0.953125,1.125,25400,0.0,0.0
1999-12-22 00:00:00-05:00,1.046875,1.25,0.984375,1.125,96300,0.0,0.0
1999-12-23 00:00:00-05:00,1.125,1.203125,1.0625,1.125,64600,0.0,0.0
1999-12-27 00:00:00-05:00,1.125,1.21875,0.984375,0.984375,155200,0.0,0.0
1999-12-28 00:00:00-05:00,1.125,1.125,0.90625,0.90625,66900,0.0,0.0
1999-12-29 00:00:00-05:00,0.9375,1.09375,0.875,1.046875,35400,0.0,0.0
1999-12-30 00:00:00-05:00,1.046875,1.25,0.9375,1.09375,132900,0.0,0.0
1999-12-31 00:00:00-05:00,1.0,1.296875,1.0,1.0625,81600,0.0,0.0
2000-01-03 00:00:00-05:00,1.0625,1.5,1.0625,1.296875,48900,0.0,0.0
2000-01-04 00:00:00-05:00,1.28125,1.625,1.28125,1.4375,86300,0.0,0.0
2000-01-05 00:00:00-05:00,1.75,1.75,1.5,1.625,105400,0.0,0.0
2000-01-06 00:00:00-05:00,1.625,1.625,1.5,1.5,126100,0.0,0.0
2000-01-07 00:00:00-05:00,1.3125,1.625,1.3125,1.625,76200,0.0,0.0
2000-01-10 00:00:00-05:00,1.625,1.625,1.5,1.5625,168800,0.0,0.0
2000-01-11 00:00:00-05:00,1.4375,2.25,1.4375,2.15625,207000,0.0,0.0
2000-01-12 00:00:00-05:00,2.203125,2.40625,2.0,2.28125,182800,0.0,0.0
2000-01-13 00:00:00-05:00,2.0625,2.296875,1.796875,2.296875,16300,0.0,0.0
2000-01-14 00:00:00-05:00,2.0,2.296875,1.953125,2.296875,45000,0.0,0.0
2000-01-18 00:00:00-05:00,2.046875,2.375,2.046875,2.3125,50000,0.0,0.0
2000-01-19 00:00:00-05:00,2.09375,2.09375,2.09375,2.09375,400,0.0,0.0
2000-01-20 00:00:00-05:00,2.015625,2.375,2.015625,2.375,35600,0.0,0.0
2000-01-21 00:00:00-05:00,2.09375,2.5,2.015625,2.5,13800,0.0,0.0
2000-01-24 00:00:00-05:00,2.5,3.0,2.5,2.6875,45200,0.0,0.0
2000-01-25 00:00:00-05:00,3.0,3.25,2.375,3.09375,101100,0.0,0.0
2000-01-26 00:00:00-05:00,3.125,3.75,3.0,3.15625,50600,0.0,0.0
2000-01-27 00:00:00-05:00,3.0,3.25,3.0,3.0,44900,0.0,0.0
2000-01-28 00:00:00-05:00,3.078125,3.078125,2.625,2.625,13900,0.0,0.0
2000-01-31 00:00:00-05:00,3.0,3.0,2.75,2.875,18500,0.0,0.0
2000-02-01 00:00:00-05:00,2.75,2.78125,2.625,2.625,4000,0.0,0.0
2000-02-02 00:00:00-05:00,2.5,2.75,2.5,2.625,3200,0.0,0.0
2000-02-03 00:00:00-05:00,2.5,2.5,2.5,2.5,3900,0.0,0.0
2000-02-04 00:00:00-05:00,2.5,2.625,2.5,2.5,6600,0.0,0.0
2000-02-07 00:00:00-05:00,2.5,2.59375,2.5,2.59375,19200,0.0,0.0
2000-02-08 00:00:00-05:00,2.75,3.625,2.75,3.625,23400,0.0,0.0
2000-02-09 00:00:00-05:00,3.5,3.5,3.25,3.25,23300,0.0,0.0
2000-02-10 00:00:00-05:00,3.0,3.0,3.0,3.0,1300,0.0,0.0
2000-02-11 00:00:00-05:00,3.0,3.0,3.0,3.0,0,0.0,0.0
2000-02-14 00:00:00-05:00,2.75,3.0,2.75,2.75,3200,0.0,0.0
2000-02-15 00:00:00-05:00,2.625,2.625,2.625,2.625,100,0.0,0.0
2000-02-16 00:00:00-05:00,3.0,3.0,3.0,3.0,100,0.0,0.0
2000-02-17 00:00:00-05:00,2.625,2.65625,1.390625,2.65625,12700,0.0,0.0
2000-02-18 00:00:00-05:00,2.5,2.5,2.5,2.5,700,0.0,0.0
2000-02-22 00:00:00-05:00,2.625,2.625,2.625,2.625,1000,0.0,0.0
2000-02-23 00:00:00-05:00,3.0,3.0,2.59375,2.59375,1800,0.0,0.0
2000-02-24 00:00:00-05:00,2.546875,2.796875,2.546875,2.546875,17600,0.0,0.0
2000-02-25 00:00:00-05:00,3.0,3.0,2.5,2.5,124800,0.0,0.0
2000-02-28 00:00:00-05:00,3.0,3.0,2.0,2.5,12000,0.0,0.0
2000-02-29 00:00:00-05:00,2.0,2.5,2.0,2.5,7400,0.0,0.0
2000-03-01 00:00:00-05:00,2.25,2.25,2.25,2.25,500,0.0,0.0
2000-03-02 00:00:00-05:00,2.25,2.5625,2.25,2.53125,69200,0.0,0.0
2000-03-03 00:00:00-05:00,2.75,2.75,2.25,2.25,37300,0.0,0.0
2000-03-06 00:00:00-05:00,2.0,3.0,2.0,3.0,3700,0.0,0.0
2000-03-07 00:00:00-05:00,2.25,3.0,2.25,2.5625,38400,0.0,0.0
2000-03-08 00:00:00-05:00,3.0,3.0,2.375,2.375,15300,0.0,0.0
2000-03-09 00:00:00-05:00,2.0,2.75,2.0,2.5,5800,0.0,0.0
2000-03-10 00:00:00-05:00,2.5,3.0,2.5,3.0,3600,0.0,0.0
2000-03-13 00:00:00-05:00,2.5,2.5,2.5,2.5,1100,0.0,0.0
2000-03-14 00:00:00-05:00,2.5,2.5625,2.5,2.5625,18500,0.0,0.0
2000-03-15 00:00:00-05:00,2.5,2.75,2.5,2.5625,31200,0.0,0.0
2000-03-16 00:00:00-05:00,2.40625,2.40625,2.40625,2.40625,1000,0.0,0.0
2000-03-17 00:00:00-05:00,2.40625,2.40625,2.40625,2.40625,0,0.0,0.0
2000-03-20 00:00:00-05:00,2.40625,2.40625,2.40625,2.40625,600,0.0,0.0
2000-03-21 00:00:00-05:00,2.4375,2.5,2.296875,2.296875,18000,0.0,0.0
2000-03-22 00:00:00-05:00,2.296875,2.375,2.296875,2.296875,3000,0.0,0.0
2000-03-23 00:00:00-05:00,2.296875,2.375,2.0,2.0,10700,0.0,0.0
2000-03-24 00:00:00-05:00,2.0,2.0,2.0,2.0,500,0.0,0.0
2000-03-27 00:00:00-05:00,2.09375,2.25,2.0,2.0,2600,0.0,0.0
2000-03-28 00:00:00-05:00,2.0,2.0,2.0,2.0,335200,0.0,0.0
2000-03-29 00:00:00-05:00,1.90625,2.0,1.90625,1.90625,8200,0.0,0.0
2000-03-30 00:00:00-05:00,1.9375,2.0,1.90625,2.0,180300,0.0,0.0
2000-03-31 00:00:00-05:00,2.0,2.0,1.84375,1.953125,53800,0.0,0.0
2000-04-03 00:00:00-04:00,2.0,2.0,1.5625,1.75,11700,0.0,0.0
2000-04-04 00:00:00-04:00,1.75,1.75,1.75,1.75,6800,0.0,0.0
2000-04-05 00:00:00-04:00,1.75,1.75,1.75,1.75,0,0.0,0.0
2000-04-06 00:00:00-04:00,1.625,1.65625,1.625,1.65625,1700,0.0,0.0
2000-04-07 00:00:00-04:00,1.5,1.75,1.5,1.75,1300,0.0,0.0
2000-04-10 00:00:00-04:00,1.75,1.75,1.75,1.75,1800,0.0,0.0
2000-04-11 00:00:00-04:00,1.5625,1.75,1.5625,1.75,3500,0.0,0.0
2000-04-12 00:00:00-04:00,1.5625,2.0,1.5625,2.0,400,0.0,0.0
2000-04-13 00:00:00-04:00,1.5625,1.5625,1.3125,1.3125,13700,0.0,0.0
2000-04-14 00:00:00-04:00,1.25,1.375,1.25,1.25,37200,0.0,0.0
2000-04-17 00:00:00-04:00,1.25,1.25,1.203125,1.203125,2500,0.0,0.0
2000-04-18 00:00:00-04:00,1.3125,1.3125,1.3125,1.3125,2000,0.0,0.0
2000-04-19 00:00:00-04:00,1.25,1.34375,1.09375,1.3125,122200,0.0,0.0
2000-04-20 00:00:00-04:00,1.375,1.375,1.3125,1.3125,900,0.0,0.0
2000-04-24 00:00:00-04:00,1.34375,1.34375,1.28125,1.28125,900,0.0,0.0
2000-04-25 00:00:00-04:00,1.28125,1.28125,1.28125,1.28125,700,0.0,0.0
2000-04-26 00:00:00-04:00,1.28125,1.375,1.28125,1.296875,15500,0.0,0.0
2000-04-27 00:00:00-04:00,1.296875,1.296875,1.296875,1.296875,3500,0.0,0.0
2000-04-28 00:00:00-04:00,1.125,1.296875,1.125,1.296875,700,0.0,0.0
2000-05-01 00:00:00-04:00,1.25,1.25,1.15625,1.234375,36400,0.0,0.0
2000-05-02 00:00:00-04:00,1.234375,1.234375,1.1875,1.234375,2400,0.0,0.0
2000-05-03 00:00:00-04:00,1.15625,1.25,1.15625,1.25,21000,0.0,0.0
2000-05-04 00:00:00-04:00,1.203125,1.203125,1.203125,1.203125,15500,0.0,0.0
2000-05-05 00:00:00-04:00,1.203125,1.203125,1.171875,1.171875,9800,0.0,0.0
2000-05-08 00:00:00-04:00,1.09375,1.15625,1.09375,1.125,3900,0.0,0.0
2000-05-09 00:00:00-04:00,1.15625,1.15625,1.125,1.125,3600,0.0,0.0
2000-05-10 00:00:00-04:00,1.09375,1.125,1.09375,1.109375,4200,0.0,0.0
2000-05-11 00:00:00-04:00,1.140625,1.140625,1.109375,1.140625,35500,0.0,0.0
2000-05-12 00:00:00-04:00,1.109375,1.6875,1.109375,1.109375,3200,0.0,0.0
2000-05-15 00:00:00-04:00,1.140625,1.140625,1.109375,1.109375,3300,0.0,0.0
2000-05-16 00:00:00-04:00,1.109375,1.109375,1.109375,1.109375,0,0.0,0.0
2000-05-17 00:00:00-04:00,1.125,1.140625,1.125,1.140625,3000,0.0,0.0
2000-05-18 00:00:00-04:00,1.15625,1.15625,1.15625,1.15625,100,0.0,0.0
2000-05-19 00:00:00-04:00,1.109375,1.140625,1.09375,1.09375,129500,0.0,0.0
2000-05-22 00:00:00-04:00,1.09375,1.09375,1.078125,1.078125,13900,0.0,0.0
2000-05-23 00:00:00-04:00,1.09375,1.09375,1.046875,1.046875,15100,0.0,0.0
2000-05-24 00:00:00-04:00,1.046875,1.15625,1.015625,1.046875,55200,0.0,0.0
2000-05-25 00:00:00-04:00,1.03125,1.03125,1.015625,1.015625,34000,0.0,0.0
2000-05-26 00:00:00-04:00,1.015625,1.015625,1.015625,1.015625,28600,0.0,0.0
2000-05-30 00:00:00-04:00,1.015625,1.015625,1.015625,1.015625,0,0.0,0.0
2000-05-31 00:00:00-04:00,1.015625,1.03125,1.015625,1.03125,2400,0.0,0.0
2000-06-01 00:00:00-04:00,1.015625,1.015625,1.015625,1.015625,33000,0.0,0.0
2000-06-02 00:00:00-04:00,1.015625,1.015625,1.015625,1.015625,30000,0.0,0.0
2000-06-05 00:00:00-04:00,1.015625,1.015625,1.015625,1.015625,24400,0.0,0.0
2000-06-06 00:00:00-04:00,1.015625,1.015625,1.015625,1.015625,200,0.0,0.0
2000-06-07 00:00:00-04:00,1.015625,1.015625,1.015625,1.015625,5000,0.0,0.0
2000-06-08 00:00:00-04:00,1.015625,1.015625,1.015625,1.015625,10500,0.0,0.0
2000-06-09 00:00:00-04:00,1.015625,1.015625,0.875,0.9375,245500,0.0,0.0
2000-06-12 00:00:00-04:00,0.9375,0.9375,0.90625,0.90625,7000,0.0,0.0
2000-06-13 00:00:00-04:00,0.9375,0.953125,0.921875,0.953125,38700,0.0,0.0
2000-06-14 00:00:00-04:00,0.984375,1.0,0.984375,1.0,39500,0.0,0.0
2000-06-15 00:00:00-04:00,0.984375,1.0,0.984375,0.984375,12500,0.0,0.0
2000-06-16 00:00:00-04:00,1.0,1.0,1.0,1.0,40000,0.0,0.0
2000-06-19 00:00:00-04:00,0.984375,1.0,0.984375,1.0,5000,0.0,0.0
2000-06-20 00:00:00-04:00,1.0,1.0,0.96875,0.984375,46000,0.0,0.0
2000-06-21 00:00:00-04:00,0.953125,0.96875,0.953125,0.96875,55700,0.0,0.0
2000-06-22 00:00:00-04:00,0.96875,0.96875,0.921875,0.9375,83600,0.0,0.0
2000-06-23 00:00:00-04:00,0.9375,0.9375,0.9375,0.9375,16500,0.0,0.0
2000-06-26 00:00:00-04:00,0.9375,0.9375,0.9375,0.9375,300,0.0,0.0
2000-06-27 00:00:00-04:00,0.953125,0.953125,0.9375,0.953125,6400,0.0,0.0
2000-06-28 00:00:00-04:00,0.953125,0.96875,0.953125,0.96875,41000,0.0,0.0
2000-06-29 00:00:00-04:00,0.984375,0.984375,0.953125,0.953125,1100,0.0,0.0
2000-06-30 00:00:00-04:00,0.96875,0.96875,0.96875,0.96875,83800,0.0,0.0
2000-07-03 00:00:00-04:00,0.953125,0.953125,0.953125,0.953125,4500,0.0,0.0
2000-07-05 00:00:00-04:00,0.984375,0.984375,0.984375,0.984375,1000,0.0,0.0
2000-07-06 00:00:00-04:00,0.984375,0.984375,0.984375,0.984375,3000,0.0,0.0
2000-07-07 00:00:00-04:00,0.953125,0.953125,0.9375,0.9375,40500,0.0,0.0
2000-07-10 00:00:00-04:00,0.9375,0.96875,0.9375,0.96875,23000,0.0,0.0
2000-07-11 00:00:00-04:00,0.9375,0.953125,0.9375,0.953125,43400,0.0,0.0
2000-07-12 00:00:00-04:00,0.9375,0.9375,0.9375,0.9375,9900,0.0,0.0
2000-07-13 00:00:00-04:00,0.953125,0.984375,0.953125,0.984375,35700,0.0,0.0
2000-07-14 00:00:00-04:00,0.96875,0.96875,0.953125,0.96875,12600,0.0,0.0
2000-07-17 00:00:00-04:00,0.953125,0.953125,0.953125,0.953125,200,0.0,0.0
2000-07-18 00:00:00-04:00,0.953125,0.953125,0.953125,0.953125,600,0.0,0.0
2000-07-19 00:00:00-04:00,0.96875,0.96875,0.953125,0.953125,32100,0.0,0.0
2000-07-20 00:00:00-04:00,0.953125,0.953125,0.953125,0.953125,0,0.0,0.0
2000-07-21 00:00:00-04:00,0.953125,0.953125,0.953125,0.953125,300,0.0,0.0
2000-07-24 00:00:00-04:00,0.953125,0.953125,0.953125,0.953125,400,0.0,0.0
2000-07-25 00:00:00-04:00,0.953125,0.953125,0.875,0.90625,29600,0.0,0.0
2000-07-26 00:00:00-04:00,0.90625,0.90625,0.90625,0.90625,200,0.0,0.0
2000-07-27 00:00:00-04:00,0.90625,0.90625,0.90625,0.90625,1000,0.0,0.0
2000-07-28 00:00:00-04:00,0.90625,0.90625,0.90625,0.90625,0,0.0,0.0
2000-07-31 00:00:00-04:00,0.921875,0.921875,0.875,0.875,300,0.0,0.0
2000-08-01 00:00:00-04:00,0.921875,0.921875,0.921875,0.921875,10400,0.0,0.0
2000-08-02 00:00:00-04:00,0.875,0.921875,0.859375,0.859375,14200,0.0,0.0
2000-08-03 00:00:00-04:00,0.890625,0.890625,0.796875,0.8125,42000,0.0,0.0
2000-08-04 00:00:00-04:00,0.84375,0.84375,0.8125,0.828125,20900,0.0,0.0
2000-08-07 00:00:00-04:00,0.828125,0.828125,0.8125,0.8125,300,0.0,0.0
2000-08-08 00:00:00-04:00,0.8125,0.8125,0.8125,0.8125,1400,0.0,0.0
2000-08-09 00:00:00-04:00,0.828125,0.84375,0.8125,0.8125,20100,0.0,0.0
2000-08-10 00:00:00-04:00,0.8125,0.8125,0.75,0.78125,61900,0.0,0.0
2000-08-11 00:00:00-04:00,0.796875,0.796875,0.796875,0.796875,400,0.0,0.0
2000-08-14 00:00:00-04:00,0.765625,0.765625,0.765625,0.765625,2500,0.0,0.0
2000-08-15 00:00:00-04:00,0.765625,0.78125,0.65625,0.65625,68100,0.0,0.0
2000-08-16 00:00:00-04:00,0.640625,0.640625,0.453125,0.484375,497500,0.0,0.0
2000-08-17 00:00:00-04:00,0.484375,0.515625,0.484375,0.515625,29800,0.0,0.0
2000-08-18 00:00:00-04:00,0.5,0.546875,0.5,0.515625,23300,0.0,0.0
2000-08-21 00:00:00-04:00,0.515625,0.515625,0.515625,0.515625,0,0.0,0.0
2000-08-22 00:00:00-04:00,0.484375,0.5,0.453125,0.453125,276100,0.0,0.0
2000-08-23 00:00:00-04:00,0.453125,0.453125,0.453125,0.453125,200,0.0,0.0
2000-08-24 00:00:00-04:00,0.484375,0.484375,0.484375,0.484375,2000,0.0,0.0
2000-08-25 00:00:00-04:00,0.453125,0.5,0.453125,0.5,201000,0.0,0.0
2000-08-28 00:00:00-04:00,0.46875,0.5,0.453125,0.5,4100,0.0,0.0
2000-08-29 00:00:00-04:00,0.453125,0.453125,0.453125,0.453125,10000,0.0,0.0
2000-08-30 00:00:00-04:00,0.40625,0.46875,0.40625,0.4375,78000,0.0,0.0
2000-08-31 00:00:00-04:00,0.453125,0.5,0.40625,0.5,42300,0.0,0.0
2000-09-01 00:00:00-04:00,0.46875,0.484375,0.4375,0.46875,15100,0.0,0.0
2000-09-05 00:00:00-04:00,0.5,0.515625,0.5,0.515625,10400,0.0,0.0
2000-09-06 00:00:00-04:00,0.5,0.5,0.5,0.5,5000,0.0,0.0
2000-09-07 00:00:00-04:00,0.53125,0.546875,0.53125,0.546875,16600,0.0,0.0
2000-09-08 00:00:00-04:00,0.546875,0.59375,0.546875,0.59375,39300,0.0,0.0
2000-09-11 00:00:00-04:00,0.59375,0.59375,0.546875,0.546875,7300,0.0,0.0
2000-09-12 00:00:00-04:00,0.546875,0.609375,0.546875,0.609375,13000,0.0,0.0
2000-09-13 00:00:00-04:00,0.578125,0.578125,0.578125,0.578125,100,0.0,0.0
2000-09-14 00:00:00-04:00,0.578125,0.6875,0.578125,0.6875,6000,0.0,0.0
2000-09-15 00:00:00-04:00,0.65625,0.65625,0.65625,0.65625,3000,0.0,0.0
2000-09-18 00:00:00-04:00,0.6875,0.6875,0.625,0.625,500,0.0,0.0
2000-09-19 00:00:00-04:00,0.6875,0.6875,0.546875,0.546875,9900,0.0,0.0
2000-09-20 00:00:00-04:00,0.625,0.625,0.625,0.625,1400,0.0,0.0
2000-09-21 00:00:00-04:00,0.546875,0.546875,0.546875,0.546875,1500,0.0,0.0
2000-09-22 00:00:00-04:00,0.625,0.6875,0.578125,0.578125,19400,0.0,0.0
2000-09-25 00:00:00-04:00,0.625,0.703125,0.59375,0.703125,16900,0.0,0.0
2000-09-26 00:00:00-04:00,0.703125,0.703125,0.65625,0.6875,3000,0.0,0.0
2000-09-27 00:00:00-04:00,0.75,0.9375,0.71875,0.9375,48700,0.0,0.0
2000-09-28 00:00:00-04:00,0.9375,0.9375,0.765625,0.828125,38800,0.0,0.0
2000-09-29 00:00:00-04:00,0.84375,0.90625,0.84375,0.90625,8000,0.0,0.0
2000-10-02 00:00:00-04:00,0.953125,0.953125,0.84375,0.921875,66400,0.0,0.0
2000-10-03 00:00:00-04:00,0.859375,0.90625,0.828125,0.90625,5900,0.0,0.0
2000-10-04 00:00:00-04:00,0.828125,0.828125,0.703125,0.8125,13400,0.0,0.0
2000-10-05 00:00:00-04:00,0.6875,0.75,0.6875,0.6875,8300,0.0,0.0
2000-10-06 00:00:00-04:00,0.90625,0.90625,0.796875,0.84375,7800,0.0,0.0
2000-10-09 00:00:00-04:00,0.796875,0.90625,0.703125,0.90625,27000,0.0,0.0
2000-10-10 00:00:00-04:00,0.90625,0.90625,0.84375,0.84375,1900,0.0,0.0
2000-10-11 00:00:00-04:00,0.9375,1.15625,0.84375,1.046875,41500,0.0,0.0
2000-10-12 00:00:00-04:00,1.15625,1.34375,1.15625,1.34375,7100,0.0,0.0
2000-10-13 00:00:00-04:00,1.265625,3.0,1.265625,2.109375,131300,0.0,0.0
2000-10-16 00:00:00-04:00,2.09375,2.40625,2.09375,2.109375,141700,0.0,0.0
2000-10-17 00:00:00-04:00,2.109375,2.125,1.90625,1.90625,34700,0.0,0.0
2000-10-18 00:00:00-04:00,1.8125,1.921875,1.8125,1.875,20000,0.0,0.0
2000-10-19 00:00:00-04:00,1.953125,1.953125,1.796875,1.828125,12800,0.0,0.0
2000-10-20 00:00:00-04:00,1.828125,1.90625,1.828125,1.90625,5700,0.0,0.0
2000-10-23 00:00:00-04:00,1.90625,1.90625,1.90625,1.90625,6100,0.0,0.0
2000-10-24 00:00:00-04:00,1.96875,1.96875,1.90625,1.90625,4400,0.0,0.0
2000-10-25 00:00:00-04:00,1.90625,1.90625,1.703125,1.703125,15400,0.0,0.0
2000-10-26 00:00:00-04:00,1.703125,1.703125,1.375,1.375,84400,0.0,0.0
2000-10-27 00:00:00-04:00,1.296875,1.3125,1.296875,1.3125,2300,0.0,0.0
2000-10-30 00:00:00-05:00,1.3125,1.953125,1.3125,1.703125,44200,0.0,0.0
2000-10-31 00:00:00-05:00,1.703125,1.84375,1.703125,1.796875,18600,0.0,0.0
2000-11-01 00:00:00-05:00,1.75,1.75,1.75,1.75,1300,0.0,0.0
2000-11-02 00:00:00-05:00,1.75,1.75,1.703125,1.703125,3100,0.0,0.0
2000-11-03 00:00:00-05:00,1.65625,1.65625,1.5,1.5,19800,0.0,0.0
2000-11-06 00:00:00-05:00,1.53125,1.53125,1.453125,1.484375,22500,0.0,0.0
2000-11-07 00:00:00-05:00,1.484375,1.5,1.453125,1.484375,6000,0.0,0.0
2000-11-08 00:00:00-05:00,1.40625,1.40625,1.34375,1.34375,2900,0.0,0.0
2000-11-09 00:00:00-05:00,1.453125,1.453125,1.296875,1.296875,2900,0.0,0.0
2000-11-10 00:00:00-05:00,1.296875,1.5,1.296875,1.34375,81000,0.0,0.0
2000-11-13 00:00:00-05:00,1.296875,1.34375,1.0625,1.0625,168300,0.0,0.0
2000-11-14 00:00:00-05:00,1.140625,1.140625,1.09375,1.09375,13000,0.0,0.0
2000-11-15 00:00:00-05:00,1.140625,1.140625,1.078125,1.09375,8600,0.0,0.0
2000-11-16 00:00:00-05:00,1.046875,1.09375,1.046875,1.046875,8500,0.0,0.0
2000-11-17 00:00:00-05:00,1.046875,1.046875,1.015625,1.015625,900,0.0,0.0
2000-11-20 00:00:00-05:00,1.03125,1.046875,1.015625,1.015625,5200,0.0,0.0
2000-11-21 00:00:00-05:00,1.015625,1.015625,0.96875,1.0,6600,0.0,0.0
2000-11-22 00:00:00-05:00,1.015625,1.015625,0.796875,0.84375,374000,0.0,0.0
2000-11-24 00:00:00-05:00,0.84375,0.84375,0.84375,0.84375,0,0.0,0.0
2000-11-27 00:00:00-05:00,0.953125,0.953125,0.828125,0.90625,56800,0.0,0.0
2000-11-28 00:00:00-05:00,0.90625,1.15625,0.84375,1.09375,57500,0.0,0.0
2000-11-29 00:00:00-05:00,1.15625,1.15625,1.015625,1.015625,5700,0.0,0.0
2000-11-30 00:00:00-05:00,1.03125,1.03125,0.9375,1.0,25100,0.0,0.0
2000-12-01 00:00:00-05:00,0.90625,0.9375,0.84375,0.84375,30000,0.0,0.0
2000-12-04 00:00:00-05:00,0.84375,0.875,0.71875,0.796875,118900,0.0,0.0
2000-12-05 00:00:00-05:00,0.875,0.875,0.65625,0.78125,368800,0.0,0.0
2000-12-06 00:00:00-05:00,0.765625,0.765625,0.71875,0.734375,23100,0.0,0.0
2000-12-07 00:00:00-05:00,0.71875,0.71875,0.71875,0.71875,1500,0.0,0.0
2000-12-08 00:00:00-05:00,0.734375,0.796875,0.734375,0.796875,16000,0.0,0.0
2000-12-11 00:00:00-05:00,0.84375,0.859375,0.796875,0.828125,27200,0.0,0.0
2000-12-12 00:00:00-05:00,0.828125,0.90625,0.71875,0.8125,76300,0.0,0.0
2000-12-13 00:00:00-05:00,0.8125,0.8125,0.796875,0.8125,37000,0.0,0.0
2000-12-14 00:00:00-05:00,0.796875,0.796875,0.75,0.765625,59100,0.0,0.0
2000-12-15 00:00:00-05:00,0.75,0.75,0.703125,0.703125,15600,0.0,0.0
2000-12-18 00:00:00-05:00,0.703125,0.75,0.703125,0.703125,42600,0.0,0.0
2000-12-19 00:00:00-05:00,0.703125,0.71875,0.703125,0.703125,40300,0.0,0.0
2000-12-20 00:00:00-05:00,0.65625,0.671875,0.609375,0.609375,53900,0.0,0.0
2000-12-21 00:00:00-05:00,0.625,0.84375,0.625,0.75,408400,0.0,0.0
2000-12-22 00:00:00-05:00,0.703125,0.734375,0.703125,0.71875,25500,0.0,0.0
2000-12-26 00:00:00-05:00,0.71875,0.75,0.71875,0.734375,67100,0.0,0.0
2000-12-27 00:00:00-05:00,0.71875,0.75,0.71875,0.734375,54400,0.0,0.0
2000-12-28 00:00:00-05:00,0.734375,0.734375,0.703125,0.71875,34700,0.0,0.0
2000-12-29 00:00:00-05:00,0.71875,0.71875,0.515625,0.65625,390000,0.0,0.0
2001-01-02 00:00:00-05:00,0.65625,0.703125,0.65625,0.6875,34100,0.0,0.0
2001-01-03 00:00:00-05:00,0.6875,0.703125,0.6875,0.6875,27000,0.0,0.0
2001-01-04 00:00:00-05:00,0.703125,1.296875,0.703125,1.28125,40000,0.0,0.0
2001-01-05 00:00:00-05:00,1.296875,1.453125,1.1875,1.296875,51600,0.0,0.0
2001-01-08 00:00:00-05:00,1.296875,1.296875,1.15625,1.15625,7800,0.0,0.0
2001-01-09 00:00:00-05:00,1.296875,1.296875,1.296875,1.296875,4000,0.0,0.0
2001-01-10 00:00:00-05:00,1.34375,1.453125,1.34375,1.453125,18200,0.0,0.0
2001-01-11 00:00:00-05:00,1.453125,1.5,1.3125,1.3125,13600,0.0,0.0
2001-01-12 00:00:00-05:00,1.484375,1.484375,1.328125,1.375,32000,0.0,0.0
2001-01-16 00:00:00-05:00,1.3125,1.3125,1.3125,1.3125,1300,0.0,0.0
2001-01-17 00:00:00-05:00,1.3125,1.3125,1.296875,1.3125,17900,0.0,0.0
2001-01-18 00:00:00-05:00,1.34375,1.40625,1.34375,1.40625,10500,0.0,0.0
2001-01-19 00:00:00-05:00,1.5,1.546875,1.40625,1.40625,6600,0.0,0.0
2001-01-22 00:00:00-05:00,1.40625,1.40625,1.40625,1.40625,900,0.0,0.0
2001-01-23 00:00:00-05:00,1.40625,1.5,1.40625,1.40625,5500,0.0,0.0
2001-01-24 00:00:00-05:00,1.40625,1.59375,1.40625,1.59375,13500,0.0,0.0
2001-01-25 00:00:00-05:00,1.625,1.625,1.546875,1.5625,26800,0.0,0.0
2001-01-26 00:00:00-05:00,1.75,1.84375,1.75,1.84375,6500,0.0,0.0
2001-01-29 00:00:00-05:00,1.59375,1.75,1.546875,1.546875,7900,0.0,0.0
2001-01-30 00:00:00-05:00,1.546875,1.5625,1.546875,1.5625,8000,0.0,0.0
2001-01-31 00:00:00-05:00,1.5625,1.6875,1.546875,1.6875,13400,0.0,0.0
2001-02-01 00:00:00-05:00,1.546875,1.546875,1.546875,1.546875,300,0.0,0.0
2001-02-02 00:00:00-05:00,1.546875,1.546875,1.546875,1.546875,500,0.0,0.0
2001-02-05 00:00:00-05:00,1.5,1.65625,1.5,1.515625,13300,0.0,0.0
2001-02-06 00:00:00-05:00,1.59375,1.59375,1.59375,1.59375,1500,0.0,0.0
2001-02-07 00:00:00-05:00,1.59375,1.59375,1.5,1.5,11600,0.0,0.0
2001-02-08 00:00:00-05:00,1.5,1.5,1.5,1.5,0,0.0,0.0
2001-02-09 00:00:00-05:00,1.421875,1.421875,0.953125,0.953125,81700,0.0,0.0
2001-02-12 00:00:00-05:00,1.09375,1.09375,0.921875,0.921875,1500,0.0,0.0
2001-02-13 00:00:00-05:00,1.15625,1.15625,1.015625,1.046875,6300,0.0,0.0
2001-02-14 00:00:00-05:00,0.953125,0.953125,0.953125,0.953125,1200,0.0,0.0
2001-02-15 00:00:00-05:00,0.953125,0.953125,0.953125,0.953125,0,0.0,0.0
2001-02-16 00:00:00-05:00,0.953125,0.953125,0.953125,0.953125,0,0.0,0.0
2001-02-20 00:00:00-05:00,0.953125,1.15625,0.953125,1.15625,7000,0.0,0.0
2001-02-21 00:00:00-05:00,1.09375,1.203125,1.09375,1.203125,4900,0.0,0.0
2001-02-22 00:00:00-05:00,1.203125,1.234375,1.15625,1.203125,16400,0.0,0.0
2001-02-23 00:00:00-05:00,1.15625,1.15625,1.15625,1.15625,1200,0.0,0.0
2001-02-26 00:00:00-05:00,1.09375,1.09375,1.09375,1.09375,1500,0.0,0.0
2001-02-27 00:00:00-05:00,1.09375,1.09375,1.09375,1.09375,0,0.0,0.0
2001-02-28 00:00:00-05:00,1.09375,1.09375,1.0625,1.0625,4000,0.0,0.0
2001-03-01 00:00:00-05:00,1.0625,1.0625,1.0625,1.0625,0,0.0,0.0
2001-03-02 00:00:00-05:00,1.0625,1.0625,1.0625,1.0625,0,0.0,0.0
2001-03-05 00:00:00-05:00,1.015625,1.015625,0.984375,0.984375,10500,0.0,0.0
2001-03-06 00:00:00-05:00,0.84375,0.84375,0.84375,0.84375,9200,0.0,0.0
2001-03-07 00:00:00-05:00,0.984375,0.984375,0.984375,0.984375,100,0.0,0.0
2001-03-08 00:00:00-05:00,1.0,1.0,0.921875,0.953125,23200,0.0,0.0
2001-03-09 00:00:00-05:00,0.921875,0.953125,0.921875,0.953125,5200,0.0,0.0
2001-03-12 00:00:00-05:00,0.953125,0.953125,0.953125,0.953125,7800,0.0,0.0
2001-03-13 00:00:00-05:00,0.953125,0.953125,0.953125,0.953125,600,0.0,0.0
2001-03-14 00:00:00-05:00,0.984375,0.984375,0.984375,0.984375,2000,0.0,0.0
2001-03-15 00:00:00-05:00,0.953125,1.0,0.953125,0.953125,3500,0.0,0.0
2001-03-16 00:00:00-05:00,0.90625,1.0,0.90625,1.0,8300,0.0,0.0
2001-03-19 00:00:00-05:00,0.9375,1.0,0.9375,1.0,3900,0.0,0.0
2001-03-20 00:00:00-05:00,1.0,1.0,0.984375,0.984375,23000,0.0,0.0
2001-03-21 00:00:00-05:00,1.0,1.015625,1.0,1.0,5800,0.0,0.0
2001-03-22 00:00:00-05:00,1.0,1.0,1.0,1.0,0,0.0,0.0
2001-03-23 00:00:00-05:00,1.0,1.0,1.0,1.0,0,0.0,0.0
2001-03-26 00:00:00-05:00,1.09375,1.09375,1.015625,1.015625,4600,0.0,0.0
2001-03-27 00:00:00-05:00,1.015625,1.015625,1.015625,1.015625,1000,0.0,0.0
2001-03-28 00:00:00-05:00,1.015625,1.015625,1.015625,1.015625,0,0.0,0.0
2001-03-29 00:00:00-05:00,1.015625,1.40625,1.015625,1.296875,59500,0.0,0.0
2001-03-30 00:00:00-05:00,1.40625,1.40625,1.40625,1.40625,3000,0.0,0.0
2001-04-02 00:00:00-04:00,1.4375,1.4375,1.25,1.296875,15300,0.0,0.0
2001-04-03 00:00:00-04:00,1.25,1.25,1.125,1.25,7000,0.0,0.0
2001-04-04 00:00:00-04:00,1.09375,1.328125,1.09375,1.25,17600,0.0,0.0
2001-04-05 00:00:00-04:00,1.296875,1.328125,1.25,1.25,17400,0.0,0.0
2001-04-06 00:00:00-04:00,1.25,1.25,1.125,1.203125,8000,0.0,0.0
2001-04-09 00:00:00-04:00,1.2000000476837158,1.2200000286102295,1.2000000476837158,1.2200000286102295,2000,0.0,0.0
2001-04-10 00:00:00-04:00,1.149999976158142,1.1799999475479126,1.0199999809265137,1.149999976158142,35500,0.0,0.0
2001-04-11 00:00:00-04:00,1.0800000429153442,1.0800000429153442,1.0800000429153442,1.0800000429153442,100,0.0,0.0
2001-04-12 00:00:00-04:00,1.0800000429153442,1.100000023841858,1.0800000429153442,1.100000023841858,7000,0.0,0.0
2001-04-16 00:00:00-04:00,1.0800000429153442,1.0800000429153442,1.0800000429153442,1.0800000429153442,1300,0.0,0.0
2001-04-17 00:00:00-04:00,1.2000000476837158,1.2000000476837158,1.2000000476837158,1.2000000476837158,400,0.0,0.0
2001-04-18 00:00:00-04:00,1.1799999475479126,1.2000000476837158,1.1799999475479126,1.2000000476837158,9000,0.0,0.0
2001-04-19 00:00:00-04:00,1.2000000476837158,1.2000000476837158,1.1200000047683716,1.1799999475479126,4200,0.0,0.0
2001-04-20 00:00:00-04:00,1.1799999475479126,1.1799999475479126,1.1799999475479126,1.1799999475479126,4500,0.0,0.0
2001-04-23 00:00:00-04:00,1.2000000476837158,1.2000000476837158,1.2000000476837158,1.2000000476837158,7500,0.0,0.0
2001-04-24 00:00:00-04:00,1.0499999523162842,1.100000023841858,1.0499999523162842,1.100000023841858,15600,0.0,0.0
2001-04-25 00:00:00-04:00,1.100000023841858,1.100000023841858,1.100000023841858,1.100000023841858,0,0.0,0.0
2001-04-26 00:00:00-04:00,1.100000023841858,1.149999976158142,1.100000023841858,1.1299999952316284,6200,0.0,0.0
2001-04-27 00:00:00-04:00,1.1299999952316284,1.1299999952316284,1.1299999952316284,1.1299999952316284,0,0.0,0.0
2001-04-30 00:00:00-04:00,1.1200000047683716,1.1399999856948853,1.1200000047683716,1.1399999856948853,12000,0.0,0.0
2001-05-01 00:00:00-04:00,1.1399999856948853,1.1399999856948853,1.1399999856948853,1.1399999856948853,0,0.0,0.0
2001-05-02 00:00:00-04:00,1.1200000047683716,1.1399999856948853,1.1200000047683716,1.1399999856948853,18500,0.0,0.0
2001-05-03 00:00:00-04:00,1.1100000143051147,1.1399999856948853,1.1100000143051147,1.1399999856948853,20900,0.0,0.0
2001-05-04 00:00:00-04:00,1.1200000047683716,1.1399999856948853,1.1200000047683716,1.1399999856948853,5700,0.0,0.0
2001-05-07 00:00:00-04:00,1.100000023841858,1.1200000047683716,1.100000023841858,1.100000023841858,4200,0.0,0.0
2001-05-08 00:00:00-04:00,1.100000023841858,1.100000023841858,1.100000023841858,1.100000023841858,6000,0.0,0.0
2001-05-09 00:00:00-04:00,1.100000023841858,1.100000023841858,1.100000023841858,1.100000023841858,0,0.0,0.0
2001-05-10 00:00:00-04:00,1.100000023841858,1.100000023841858,1.100000023841858,1.100000023841858,0,0.0,0.0
2001-05-11 00:00:00-04:00,1.100000023841858,1.149999976158142,1.100000023841858,1.149999976158142,11000,0.0,0.0
2001-05-14 00:00:00-04:00,1.100000023841858,1.100000023841858,1.100000023841858,1.100000023841858,5000,0.0,0.0
2001-05-15 00:00:00-04:00,1.100000023841858,1.100000023841858,1.0099999904632568,1.100000023841858,12200,0.0,0.0
2001-05-16 00:00:00-04:00,1.0499999523162842,1.1200000047683716,1.0199999809265137,1.1200000047683716,13000,0.0,0.0
2001-05-17 00:00:00-04:00,1.1799999475479126,1.2000000476837158,1.1799999475479126,1.2000000476837158,3700,0.0,0.0
2001-05-18 00:00:00-04:00,1.2799999713897705,1.350000023841858,1.2000000476837158,1.3200000524520874,7800,0.0,0.0
2001-05-21 00:00:00-04:00,1.25,1.2699999809265137,1.25,1.2699999809265137,1200,0.0,0.0
2001-05-22 00:00:00-04:00,1.2300000190734863,1.25,1.2300000190734863,1.25,1100,0.0,0.0
2001-05-23 00:00:00-04:00,1.25,1.309999942779541,1.25,1.309999942779541,5800,0.0,0.0
2001-05-24 00:00:00-04:00,1.309999942779541,1.309999942779541,1.309999942779541,1.309999942779541,0,0.0,0.0
2001-05-25 00:00:00-04:00,1.3200000524520874,1.399999976158142,1.3200000524520874,1.399999976158142,5000,0.0,0.0
2001-05-29 00:00:00-04:00,1.2999999523162842,1.2999999523162842,1.2999999523162842,1.2999999523162842,1000,0.0,0.0
2001-05-30 00:00:00-04:00,1.2999999523162842,1.2999999523162842,1.25,1.25,5200,0.0,0.0
2001-05-31 00:00:00-04:00,1.399999976158142,1.399999976158142,1.399999976158142,1.399999976158142,1000,0.0,0.0
2001-06-01 00:00:00-04:00,1.399999976158142,1.399999976158142,1.399999976158142,1.399999976158142,0,0.0,0.0
2001-06-04 00:00:00-04:00,1.350000023841858,1.399999976158142,1.350000023841858,1.399999976158142,4000,0.0,0.0
2001-06-05 00:00:00-04:00,1.399999976158142,1.399999976158142,1.399999976158142,1.399999976158142,0,0.0,0.0
2001-06-06 00:00:00-04:00,1.3200000524520874,1.3200000524520874,1.3200000524520874,1.3200000524520874,2000,0.0,0.0
2001-06-07 00:00:00-04:00,1.340000033378601,1.3899999856948853,1.340000033378601,1.3700000047683716,6000,0.0,0.0
2001-06-08 00:00:00-04:00,1.3700000047683716,1.3700000047683716,1.3700000047683716,1.3700000047683716,0,0.0,0.0
2001-06-11 00:00:00-04:00,1.2999999523162842,1.2999999523162842,1.2999999523162842,1.2999999523162842,100,0.0,0.0
2001-06-12 00:00:00-04:00,1.2999999523162842,1.2999999523162842,1.2999999523162842,1.2999999523162842,500,0.0,0.0
2001-06-13 00:00:00-04:00,1.2999999523162842,1.2999999523162842,1.25,1.25,11300,0.0,0.0
2001-06-14 00:00:00-04:00,1.25,1.25,1.25,1.25,0,0.0,0.0
2001-06-15 00:00:00-04:00,1.2999999523162842,1.2999999523162842,1.2999999523162842,1.2999999523162842,3000,0.0,0.0
2001-06-18 00:00:00-04:00,1.2000000476837158,1.2599999904632568,1.100000023841858,1.1399999856948853,25800,0.0,0.0
2001-06-19 00:00:00-04:00,1.1100000143051147,1.149999976158142,1.1100000143051147,1.149999976158142,3500,0.0,0.0
2001-06-20 00:00:00-04:00,1.149999976158142,1.149999976158142,1.100000023841858,1.100000023841858,15800,0.0,0.0
2001-06-21 00:00:00-04:00,1.059999942779541,1.0700000524520874,1.0499999523162842,1.0499999523162842,3300,0.0,0.0
2001-06-22 00:00:00-04:00,1.0499999523162842,1.0499999523162842,1.0499999523162842,1.0499999523162842,0,0.0,0.0
2001-06-25 00:00:00-04:00,1.0,1.0399999618530273,1.0,1.0399999618530273,35200,0.0,0.0
2001-06-26 00:00:00-04:00,1.0199999809265137,1.0800000429153442,1.0199999809265137,1.0800000429153442,5200,0.0,0.0
2001-06-27 00:00:00-04:00,1.149999976158142,1.149999976158142,1.100000023841858,1.149999976158142,3100,0.0,0.0
2001-06-28 00:00:00-04:00,1.149999976158142,1.2000000476837158,1.149999976158142,1.149999976158142,1800,0.0,0.0
2001-06-29 00:00:00-04:00,1.149999976158142,1.340000033378601,1.149999976158142,1.340000033378601,5400,0.0,0.0
2001-07-02 00:00:00-04:00,1.2200000286102295,1.2200000286102295,1.2200000286102295,1.2200000286102295,400,0.0,0.0
2001-07-03 00:00:00-04:00,1.2200000286102295,1.2200000286102295,1.2200000286102295,1.2200000286102295,0,0.0,0.0
2001-07-05 00:00:00-04:00,1.2200000286102295,1.2200000286102295,1.2200000286102295,1.2200000286102295,0,0.0,0.0
2001-07-06 00:00:00-04:00,1.2200000286102295,1.2200000286102295,1.2200000286102295,1.2200000286102295,0,0.0,0.0
2001-07-09 00:00:00-04:00,1.2200000286102295,1.3200000524520874,1.2200000286102295,1.25,21400,0.0,0.0
2001-07-10 00:00:00-04:00,1.2699999809265137,1.2699999809265137,1.25,1.25,17300,0.0,0.0
2001-07-11 00:00:00-04:00,1.25,1.25,1.25,1.25,0,0.0,0.0
2001-07-12 00:00:00-04:00,1.2200000286102295,1.2200000286102295,1.2200000286102295,1.2200000286102295,1400,0.0,0.0
2001-07-13 00:00:00-04:00,1.2000000476837158,1.2000000476837158,1.100000023841858,1.100000023841858,19900,0.0,0.0
2001-07-16 00:00:00-04:00,1.100000023841858,1.350000023841858,1.090000033378601,1.340000033378601,79700,0.0,0.0
2001-07-17 00:00:00-04:00,1.3700000047683716,1.3799999952316284,1.3200000524520874,1.3200000524520874,40500,0.0,0.0
2001-07-18 00:00:00-04:00,1.3200000524520874,1.3200000524520874,1.25,1.25,8000,0.0,0.0
2001-07-19 00:00:00-04:00,1.2000000476837158,1.2000000476837158,1.2000000476837158,1.2000000476837158,1500,0.0,0.0
2001-07-20 00:00:00-04:00,1.1799999475479126,1.1799999475479126,1.1799999475479126,1.1799999475479126,200,0.0,0.0
2001-07-23 00:00:00-04:00,1.2599999904632568,1.2599999904632568,1.2599999904632568,1.2599999904632568,1000,0.0,0.0
2001-07-24 00:00:00-04:00,1.2200000286102295,1.25,1.1799999475479126,1.1799999475479126,13500,0.0,0.0
2001-07-25 00:00:00-04:00,1.1799999475479126,1.1799999475479126,1.1799999475479126,1.1799999475479126,1200,0.0,0.0
2001-07-26 00:00:00-04:00,1.2000000476837158,1.2200000286102295,1.1799999475479126,1.2000000476837158,30400,0.0,0.0
2001-07-27 00:00:00-04:00,1.2000000476837158,1.2000000476837158,1.2000000476837158,1.2000000476837158,0,0.0,0.0
2001-07-30 00:00:00-04:00,1.2400000095367432,1.2799999713897705,1.1799999475479126,1.1799999475479126,61900,0.0,0.0
2001-07-31 00:00:00-04:00,1.1799999475479126,1.2000000476837158,1.1799999475479126,1.1799999475479126,5000,0.0,0.0
2001-08-01 00:00:00-04:00,1.1200000047683716,1.1200000047683716,1.1200000047683716,1.1200000047683716,1000,0.0,0.0
2001-08-02 00:00:00-04:00,1.1200000047683716,1.2000000476837158,1.1200000047683716,1.149999976158142,3300,0.0,0.0
2001-08-03 00:00:00-04:00,1.159999966621399,1.25,1.159999966621399,1.25,900,0.0,0.0
2001-08-06 00:00:00-04:00,1.2000000476837158,1.2000000476837158,1.2000000476837158,1.2000000476837158,1300,0.0,0.0
2001-08-07 00:00:00-04:00,1.2999999523162842,1.4199999570846558,1.2999999523162842,1.350000023841858,25900,0.0,0.0
2001-08-08 00:00:00-04:00,1.350000023841858,1.5499999523162842,1.350000023841858,1.5,36100,0.0,0.0
2001-08-09 00:00:00-04:00,1.5499999523162842,2.0,1.5499999523162842,1.75,8300,0.0,0.0
2001-08-10 00:00:00-04:00,1.7000000476837158,1.75,1.399999976158142,1.75,3400,0.0,0.0
2001-08-13 00:00:00-04:00,1.4500000476837158,1.75,1.4500000476837158,1.75,600,0.0,0.0
2001-08-14 00:00:00-04:00,1.4500000476837158,1.7400000095367432,1.4500000476837158,1.600000023841858,14700,0.0,0.0
2001-08-15 00:00:00-04:00,1.5499999523162842,1.600000023841858,1.5499999523162842,1.5499999523162842,21300,0.0,0.0
2001-08-16 00:00:00-04:00,1.5,1.5299999713897705,1.4700000286102295,1.5,29700,0.0,0.0
2001-08-17 00:00:00-04:00,1.5,1.5800000429153442,1.5,1.5,13000,0.0,0.0
2001-08-20 00:00:00-04:00,1.4500000476837158,1.600000023841858,1.4500000476837158,1.600000023841858,8300,0.0,0.0
2001-08-21 00:00:00-04:00,1.5800000429153442,1.600000023841858,1.5800000429153442,1.600000023841858,2000,0.0,0.0
2001-08-22 00:00:00-04:00,1.5800000429153442,1.6799999475479126,1.5800000429153442,1.6799999475479126,8400,0.0,0.0
2001-08-23 00:00:00-04:00,1.6200000047683716,1.7000000476837158,1.6200000047683716,1.7000000476837158,5500,0.0,0.0
2001-08-24 00:00:00-04:00,1.7000000476837158,1.75,1.600000023841858,1.75,19700,0.0,0.0
2001-08-27 00:00:00-04:00,1.75,1.7999999523162842,1.5800000429153442,1.6100000143051147,40300,0.0,0.0
2001-08-28 00:00:00-04:00,1.600000023841858,1.6699999570846558,1.600000023841858,1.6699999570846558,3500,0.0,0.0
2001-08-29 00:00:00-04:00,1.649999976158142,1.7699999809265137,1.649999976158142,1.7699999809265137,33900,0.0,0.0
2001-08-30 00:00:00-04:00,1.7699999809265137,1.7699999809265137,1.7699999809265137,1.7699999809265137,0,0.0,0.0
2001-08-31 00:00:00-04:00,1.75,1.7999999523162842,1.75,1.7899999618530273,6400,0.0,0.0
2001-09-04 00:00:00-04:00,1.8300000429153442,1.899999976158142,1.7699999809265137,1.7699999809265137,43300,0.0,0.0
2001-09-05 00:00:00-04:00,1.899999976158142,2.0199999809265137,1.899999976158142,2.0199999809265137,12500,0.0,0.0
2001-09-06 00:00:00-04:00,1.9500000476837158,2.549999952316284,1.9500000476837158,2.319999933242798,92000,0.0,0.0
2001-09-07 00:00:00-04:00,2.25,2.5,2.25,2.4000000953674316,29000,0.0,0.0
2001-09-10 00:00:00-04:00,2.4800000190734863,2.6500000953674316,2.4000000953674316,2.490000009536743,68900,0.0,0.0
2001-09-17 00:00:00-04:00,2.5999999046325684,2.5999999046325684,2.200000047683716,2.4000000953674316,42000,0.0,0.0
2001-09-18 00:00:00-04:00,2.4000000953674316,2.4000000953674316,2.4000000953674316,2.4000000953674316,3000,0.0,0.0
2001-09-19 00:00:00-04:00,2.3499999046325684,2.4000000953674316,1.899999976158142,2.4000000953674316,12300,0.0,0.0
2001-09-20 00:00:00-04:00,2.299999952316284,2.700000047683716,2.299999952316284,2.700000047683716,38000,0.0,0.0
2001-09-21 00:00:00-04:00,2.6500000953674316,2.6500000953674316,2.200000047683716,2.3399999141693115,20500,0.0,0.0
2001-09-24 00:00:00-04:00,2.4000000953674316,2.5999999046325684,2.4000000953674316,2.5999999046325684,18700,0.0,0.0
2001-09-25 00:00:00-04:00,2.6500000953674316,2.8499999046325684,2.549999952316284,2.6500000953674316,37000,0.0,0.0
2001-09-26 00:00:00-04:00,2.6500000953674316,2.75,2.5999999046325684,2.6500000953674316,16900,0.0,0.0
2001-09-27 00:00:00-04:00,2.700000047683716,2.950000047683716,2.700000047683716,2.950000047683716,12400,0.0,0.0
2001-09-28 00:00:00-04:00,2.9000000953674316,2.950000047683716,2.700000047683716,2.869999885559082,28700,0.0,0.0
2001-10-01 00:00:00-04:00,2.869999885559082,3.1500000953674316,2.8499999046325684,3.0,78100,0.0,0.0
2001-10-02 00:00:00-04:00,3.0799999237060547,3.0799999237060547,2.950000047683716,3.0,34500,0.0,0.0
2001-10-03 00:00:00-04:00,3.0,3.0199999809265137,2.950000047683716,3.0199999809265137,14600,0.0,0.0
2001-10-04 00:00:00-04:00,3.0199999809265137,3.0799999237060547,2.950000047683716,3.049999952316284,51300,0.0,0.0
2001-10-05 00:00:00-04:00,2.9800000190734863,3.0199999809265137,2.9800000190734863,3.0199999809265137,4000,0.0,0.0
2001-10-08 00:00:00-04:00,2.9000000953674316,3.049999952316284,2.9000000953674316,3.0,18600,0.0,0.0
2001-10-09 00:00:00-04:00,3.0,3.0,3.0,3.0,0,0.0,0.0
2001-10-10 00:00:00-04:00,3.0,3.049999952316284,2.75,2.8499999046325684,16600,0.0,0.0
2001-10-11 00:00:00-04:00,2.700000047683716,2.8499999046325684,2.700000047683716,2.8499999046325684,1100,0.0,0.0
2001-10-12 00:00:00-04:00,2.8499999046325684,2.8499999046325684,2.8499999046325684,2.8499999046325684,1500,0.0,0.0
2001-10-15 00:00:00-04:00,2.75,2.799999952316284,2.1500000953674316,2.5,48600,0.0,0.0
2001-10-16 00:00:00-04:00,2.4000000953674316,2.440000057220459,2.319999933242798,2.3299999237060547,7000,0.0,0.0
2001-10-17 00:00:00-04:00,2.369999885559082,2.369999885559082,2.3299999237060547,2.369999885559082,31300,0.0,0.0
2001-10-18 00:00:00-04:00,2.359999895095825,2.359999895095825,2.3299999237060547,2.3299999237060547,2500,0.0,0.0
2001-10-19 00:00:00-04:00,2.3499999046325684,2.450000047683716,2.3499999046325684,2.450000047683716,1100,0.0,0.0
2001-10-22 00:00:00-04:00,2.450000047683716,2.5,2.450000047683716,2.5,4400,0.0,0.0
2001-10-23 00:00:00-04:00,2.9000000953674316,3.0799999237060547,2.9000000953674316,2.930000066757202,26200,0.0,0.0
2001-10-24 00:00:00-04:00,2.930000066757202,3.0,2.859999895095825,2.990000009536743,16900,0.0,0.0
2001-10-25 00:00:00-04:00,2.930000066757202,3.0,2.930000066757202,3.0,11700,0.0,0.0
2001-10-26 00:00:00-04:00,3.0,3.0999999046325684,2.9700000286102295,3.0199999809265137,78100,0.0,0.0
2001-10-29 00:00:00-05:00,3.0399999618530273,3.0399999618530273,2.950000047683716,2.950000047683716,4900,0.0,0.0
2001-10-30 00:00:00-05:00,2.9000000953674316,3.0899999141693115,2.9000000953674316,3.0399999618530273,45100,0.0,0.0
2001-10-31 00:00:00-05:00,2.950000047683716,2.950000047683716,2.8499999046325684,2.930000066757202,7700,0.0,0.0
2001-11-01 00:00:00-05:00,3.0,3.049999952316284,2.9000000953674316,3.0,6300,0.0,0.0
2001-11-02 00:00:00-05:00,3.049999952316284,3.25,3.049999952316284,3.200000047683716,28700,0.0,0.0
2001-11-05 00:00:00-05:00,3.200000047683716,3.4000000953674316,3.200000047683716,3.4000000953674316,38000,0.0,0.0
2001-11-06 00:00:00-05:00,3.299999952316284,3.440000057220459,3.299999952316284,3.4000000953674316,6700,0.0,0.0
2001-11-07 00:00:00-05:00,3.3499999046325684,3.450000047683716,3.3499999046325684,3.3499999046325684,18000,0.0,0.0
2001-11-08 00:00:00-05:00,3.3499999046325684,3.3499999046325684,3.3499999046325684,3.3499999046325684,100,0.0,0.0
2001-11-09 00:00:00-05:00,3.3499999046325684,3.3499999046325684,3.299999952316284,3.3499999046325684,1800,0.0,0.0
2001-11-12 00:00:00-05:00,3.299999952316284,3.299999952316284,3.299999952316284,3.299999952316284,800,0.0,0.0
2001-11-13 00:00:00-05:00,3.299999952316284,3.299999952316284,3.299999952316284,3.299999952316284,0,0.0,0.0
2001-11-14 00:00:00-05:00,3.299999952316284,3.299999952316284,2.2200000286102295,3.200000047683716,7800,0.0,0.0
2001-11-15 00:00:00-05:00,3.0999999046325684,3.200000047683716,3.0999999046325684,3.200000047683716,1100,0.0,0.0
2001-11-16 00:00:00-05:00,3.1500000953674316,3.299999952316284,3.1500000953674316,3.2799999713897705,43900,0.0,0.0
2001-11-19 00:00:00-05:00,3.2799999713897705,3.2799999713897705,3.2799999713897705,3.2799999713897705,1100,0.0,0.0
2001-11-20 00:00:00-05:00,3.2799999713897705,3.2799999713897705,3.259999990463257,3.259999990463257,1500,0.0,0.0
2001-11-21 00:00:00-05:00,3.299999952316284,3.3499999046325684,3.2699999809265137,3.299999952316284,4600,0.0,0.0
2001-11-23 00:00:00-05:00,3.299999952316284,3.299999952316284,3.299999952316284,3.299999952316284,0,0.0,0.0
2001-11-26 00:00:00-05:00,3.259999990463257,3.2899999618530273,3.259999990463257,3.2699999809265137,10900,0.0,0.0
2001-11-27 00:00:00-05:00,3.299999952316284,3.299999952316284,3.2799999713897705,3.299999952316284,4500,0.0,0.0
2001-11-28 00:00:00-05:00,3.259999990463257,3.299999952316284,3.259999990463257,3.259999990463257,5800,0.0,0.0
2001-11-29 00:00:00-05:00,3.259999990463257,3.259999990463257,3.200000047683716,3.25,6500,0.0,0.0
2001-11-30 00:00:00-05:00,3.25,3.25,3.25,3.25,0,0.0,0.0
2001-12-03 00:00:00-05:00,3.200000047683716,3.200000047683716,3.200000047683716,3.200000047683716,2100,0.0,0.0
2001-12-04 00:00:00-05:00,3.1500000953674316,3.1500000953674316,3.1500000953674316,3.1500000953674316,1000,0.0,0.0
2001-12-05 00:00:00-05:00,3.200000047683716,3.2300000190734863,3.1500000953674316,3.2300000190734863,3400,0.0,0.0
2001-12-06 00:00:00-05:00,3.200000047683716,3.25,3.1500000953674316,3.25,11500,0.0,0.0
2001-12-07 00:00:00-05:00,3.2100000381469727,3.2100000381469727,3.2100000381469727,3.2100000381469727,1000,0.0,0.0
2001-12-10 00:00:00-05:00,3.2100000381469727,3.2100000381469727,3.2100000381469727,3.2100000381469727,300,0.0,0.0
2001-12-11 00:00:00-05:00,3.2100000381469727,3.2100000381469727,3.130000114440918,3.1500000953674316,11100,0.0,0.0
2001-12-12 00:00:00-05:00,3.130000114440918,3.130000114440918,3.130000114440918,3.130000114440918,100,0.0,0.0
2001-12-13 00:00:00-05:00,3.200000047683716,3.200000047683716,3.1500000953674316,3.200000047683716,2100,0.0,0.0
2001-12-14 00:00:00-05:00,3.1700000762939453,3.180000066757202,3.1700000762939453,3.180000066757202,1200,0.0,0.0
2001-12-17 00:00:00-05:00,3.1500000953674316,3.200000047683716,3.1500000953674316,3.200000047683716,2200,0.0,0.0
2001-12-18 00:00:00-05:00,3.1500000953674316,3.1700000762939453,3.1500000953674316,3.1700000762939453,6400,0.0,0.0
2001-12-19 00:00:00-05:00,3.1700000762939453,3.25,3.0999999046325684,3.200000047683716,29300,0.0,0.0
2001-12-20 00:00:00-05:00,3.1500000953674316,3.200000047683716,3.119999885559082,3.200000047683716,12900,0.0,0.0
2001-12-21 00:00:00-05:00,3.1700000762939453,3.2200000286102295,3.1700000762939453,3.2200000286102295,13500,0.0,0.0
2001-12-24 00:00:00-05:00,3.2200000286102295,3.2200000286102295,3.1500000953674316,3.2200000286102295,23100,0.0,0.0
2001-12-26 00:00:00-05:00,3.1700000762939453,3.200000047683716,3.069999933242798,3.200000047683716,31200,0.0,0.0
2001-12-27 00:00:00-05:00,3.0999999046325684,3.2200000286102295,3.0999999046325684,3.1500000953674316,10400,0.0,0.0
2001-12-28 00:00:00-05:00,3.119999885559082,3.1500000953674316,3.049999952316284,3.1500000953674316,11900,0.0,0.0
2001-12-31 00:00:00-05:00,3.049999952316284,3.1500000953674316,3.049999952316284,3.1500000953674316,14400,0.0,0.0
2002-01-02 00:00:00-05:00,3.130000114440918,3.200000047683716,3.130000114440918,3.200000047683716,1800,0.0,0.0
2002-01-03 00:00:00-05:00,3.180000066757202,3.200000047683716,3.180000066757202,3.200000047683716,7100,0.0,0.0
2002-01-04 00:00:00-05:00,3.1500000953674316,3.2100000381469727,3.1500000953674316,3.180000066757202,11000,0.0,0.0
2002-01-07 00:00:00-05:00,3.180000066757202,3.200000047683716,3.1500000953674316,3.200000047683716,15900,0.0,0.0
2002-01-08 00:00:00-05:00,3.2300000190734863,3.2300000190734863,3.200000047683716,3.200000047683716,9000,0.0,0.0
2002-01-09 00:00:00-05:00,3.200000047683716,3.2799999713897705,3.200000047683716,3.25,36700,0.0,0.0
2002-01-10 00:00:00-05:00,3.25,3.299999952316284,3.25,3.25,10900,0.0,0.0
2002-01-11 00:00:00-05:00,3.25,3.299999952316284,3.25,3.2899999618530273,8500,0.0,0.0
2002-01-14 00:00:00-05:00,3.299999952316284,3.430000066757202,3.299999952316284,3.4000000953674316,28000,0.0,0.0
2002-01-15 00:00:00-05:00,3.4200000762939453,3.4200000762939453,3.390000104904175,3.4200000762939453,20800,0.0,0.0
2002-01-16 00:00:00-05:00,3.450000047683716,3.5,3.4200000762939453,3.5,18400,0.0,0.0
2002-01-17 00:00:00-05:00,3.4800000190734863,3.5999999046325684,3.4800000190734863,3.5799999237060547,17900,0.0,0.0
2002-01-18 00:00:00-05:00,3.5999999046325684,3.7799999713897705,3.5799999237060547,3.7799999713897705,6800,0.0,0.0
2002-01-22 00:00:00-05:00,3.799999952316284,3.950000047683716,3.799999952316284,3.950000047683716,14100,0.0,0.0
2002-01-23 00:00:00-05:00,3.9200000762939453,3.9200000762939453,3.9000000953674316,3.9000000953674316,1500,0.0,0.0
2002-01-24 00:00:00-05:00,3.799999952316284,3.950000047683716,3.7699999809265137,3.950000047683716,6700,0.0,0.0
2002-01-25 00:00:00-05:00,3.940000057220459,4.139999866485596,3.9000000953674316,4.139999866485596,42900,0.0,0.0
2002-01-28 00:00:00-05:00,4.150000095367432,4.300000190734863,4.099999904632568,4.099999904632568,44500,0.0,0.0
2002-01-29 00:00:00-05:00,4.0,4.0,3.9000000953674316,4.0,5700,0.0,0.0
2002-01-30 00:00:00-05:00,3.9800000190734863,3.9800000190734863,3.799999952316284,3.8499999046325684,1700,0.0,0.0
2002-01-31 00:00:00-05:00,3.8499999046325684,4.0,3.799999952316284,4.0,14900,0.0,0.0
2002-02-01 00:00:00-05:00,4.0,4.0,3.950000047683716,3.950000047683716,15600,0.0,0.0
2002-02-04 00:00:00-05:00,3.950000047683716,4.03000020980835,3.950000047683716,4.0,3500,0.0,0.0
2002-02-05 00:00:00-05:00,4.099999904632568,4.099999904632568,4.0,4.079999923706055,8000,0.0,0.0
2002-02-06 00:00:00-05:00,4.0,4.090000152587891,4.0,4.010000228881836,3600,0.0,0.0
2002-02-07 00:00:00-05:00,4.090000152587891,4.090000152587891,4.0,4.010000228881836,6200,0.0,0.0
2002-02-08 00:00:00-05:00,3.9000000953674316,4.0,3.5199999809265137,3.9000000953674316,38600,0.0,0.0
2002-02-11 00:00:00-05:00,3.6500000953674316,3.950000047683716,3.5999999046325684,3.799999952316284,54100,0.0,0.0
2002-02-12 00:00:00-05:00,3.8499999046325684,3.9000000953674316,3.5999999046325684,3.8499999046325684,33100,0.0,0.0
2002-02-13 00:00:00-05:00,3.9000000953674316,3.9800000190734863,3.9000000953674316,3.950000047683716,9800,0.0,0.0
2002-02-14 00:00:00-05:00,3.950000047683716,4.019999980926514,3.950000047683716,4.019999980926514,6300,0.0,0.0
2002-02-15 00:00:00-05:00,4.019999980926514,4.070000171661377,3.9000000953674316,4.050000190734863,31200,0.0,0.0
2002-02-19 00:00:00-05:00,4.119999885559082,4.480000019073486,4.099999904632568,4.480000019073486,30800,0.0,0.0
2002-02-20 00:00:00-05:00,4.480000019073486,4.849999904632568,4.449999809265137,4.639999866485596,21000,0.0,0.0
2002-02-21 00:00:00-05:00,4.599999904632568,4.949999809265137,4.599999904632568,4.849999904632568,19300,0.0,0.0
2002-02-22 00:00:00-05:00,4.809999942779541,4.820000171661377,4.760000228881836,4.820000171661377,6300,0.0,0.0
2002-02-25 00:00:00-05:00,4.710000038146973,4.710000038146973,4.619999885559082,4.679999828338623,6400,0.0,0.0
2002-02-26 00:00:00-05:00,4.670000076293945,4.670000076293945,4.550000190734863,4.610000133514404,18500,0.0,0.0
2002-02-27 00:00:00-05:00,4.550000190734863,4.849999904632568,4.550000190734863,4.849999904632568,22200,0.0,0.0
2002-02-28 00:00:00-05:00,4.800000190734863,4.900000095367432,4.75,4.900000095367432,11700,0.0,0.0
2002-03-01 00:00:00-05:00,4.849999904632568,4.929999828338623,4.849999904632568,4.889999866485596,14500,0.0,0.0
2002-03-04 00:00:00-05:00,4.889999866485596,4.929999828338623,4.889999866485596,4.929999828338623,11900,0.0,0.0
2002-03-05 00:00:00-05:00,4.900000095367432,4.920000076293945,4.889999866485596,4.889999866485596,11600,0.0,0.0
2002-03-06 00:00:00-05:00,4.889999866485596,4.940000057220459,4.889999866485596,4.929999828338623,21700,0.0,0.0
2002-03-07 00:00:00-05:00,4.920000076293945,4.980000019073486,4.900000095367432,4.900000095367432,9500,0.0,0.0
2002-03-08 00:00:00-05:00,4.900000095367432,4.900000095367432,4.800000190734863,4.800000190734863,11000,0.0,0.0
2002-03-11 00:00:00-05:00,4.769999980926514,4.900000095367432,4.75,4.849999904632568,18400,0.0,0.0
2002-03-12 00:00:00-05:00,4.900000095367432,4.949999809265137,4.800000190734863,4.900000095367432,12300,0.0,0.0
2002-03-13 00:00:00-05:00,4.900000095367432,4.900000095367432,4.5,4.699999809265137,19500,0.0,0.0
2002-03-14 00:00:00-05:00,4.75,4.75,4.699999809265137,4.699999809265137,1500,0.0,0.0
2002-03-15 00:00:00-05:00,4.75,4.800000190734863,4.75,4.75,7800,0.0,0.0
2002-03-18 00:00:00-05:00,4.800000190734863,5.099999904632568,4.800000190734863,5.0,30100,0.0,0.0
2002-03-19 00:00:00-05:00,4.71999979019165,4.949999809265137,4.71999979019165,4.900000095367432,12000,0.0,0.0
2002-03-20 00:00:00-05:00,4.75,4.800000190734863,4.650000095367432,4.75,16600,0.0,0.0
2002-03-21 00:00:00-05:00,4.75,4.75,4.75,4.75,0,0.0,0.0
2002-03-22 00:00:00-05:00,4.599999904632568,4.699999809265137,4.599999904632568,4.699999809265137,1300,0.0,0.0
2002-03-25 00:00:00-05:00,4.650000095367432,4.699999809265137,4.599999904632568,4.699999809265137,5100,0.0,0.0
2002-03-26 00:00:00-05:00,4.599999904632568,4.699999809265137,4.599999904632568,4.699999809265137,1100,0.0,0.0
2002-03-27 00:00:00-05:00,4.699999809265137,4.699999809265137,4.599999904632568,4.650000095367432,2800,0.0,0.0
2002-03-28 00:00:00-05:00,4.579999923706055,4.579999923706055,4.5,4.550000190734863,7800,0.0,0.0
2002-04-01 00:00:00-05:00,4.5,4.550000190734863,4.5,4.550000190734863,2000,0.0,0.0
2002-04-02 00:00:00-05:00,4.449999809265137,4.550000190734863,4.449999809265137,4.550000190734863,5500,0.0,0.0
2002-04-03 00:00:00-05:00,4.550000190734863,4.550000190734863,4.300000190734863,4.449999809265137,8600,0.0,0.0
2002-04-04 00:00:00-05:00,4.300000190734863,4.5,4.300000190734863,4.5,4400,0.0,0.0
2002-04-05 00:00:00-05:00,4.5,4.5,4.25,4.349999904632568,4100,0.0,0.0
2002-04-08 00:00:00-04:00,4.25,4.25,4.050000190734863,4.059999942779541,22900,0.0,0.0
2002-04-09 00:00:00-04:00,4.059999942779541,4.199999809265137,3.8499999046325684,3.950000047683716,21000,0.0,0.0
2002-04-10 00:00:00-04:00,3.8499999046325684,3.9000000953674316,3.759999990463257,3.8299999237060547,5700,0.0,0.0
2002-04-11 00:00:00-04:00,3.75,3.9000000953674316,3.5999999046325684,3.6500000953674316,11700,0.0,0.0
2002-04-12 00:00:00-04:00,3.700000047683716,3.700000047683716,3.700000047683716,3.700000047683716,900,0.0,0.0
2002-04-15 00:00:00-04:00,3.75,3.950000047683716,3.75,3.950000047683716,6700,0.0,0.0
2002-04-16 00:00:00-04:00,3.950000047683716,4.150000095367432,3.950000047683716,4.099999904632568,9500,0.0,0.0
2002-04-17 00:00:00-04:00,4.150000095367432,4.150000095367432,4.010000228881836,4.050000190734863,4000,0.0,0.0
2002-04-18 00:00:00-04:00,4.050000190734863,4.050000190734863,4.050000190734863,4.050000190734863,8000,0.0,0.0
2002-04-19 00:00:00-04:00,4.050000190734863,4.050000190734863,4.050000190734863,4.050000190734863,0,0.0,0.0
2002-04-22 00:00:00-04:00,4.0,4.0,3.799999952316284,3.8499999046325684,20900,0.0,0.0
2002-04-23 00:00:00-04:00,3.75,3.8499999046325684,3.75,3.8299999237060547,5400,0.0,0.0
2002-04-24 00:00:00-04:00,3.75,3.8299999237060547,3.5999999046325684,3.5999999046325684,15000,0.0,0.0
2002-04-25 00:00:00-04:00,3.5999999046325684,3.6500000953674316,3.5999999046325684,3.5999999046325684,3500,0.0,0.0
2002-04-26 00:00:00-04:00,3.549999952316284,3.5999999046325684,3.549999952316284,3.5999999046325684,3000,0.0,0.0
2002-04-29 00:00:00-04:00,3.5799999237060547,3.5999999046325684,3.5799999237060547,3.5999999046325684,24300,0.0,0.0
2002-04-30 00:00:00-04:00,3.5999999046325684,3.5999999046325684,3.5999999046325684,3.5999999046325684,1400,0.0,0.0
2002-05-01 00:00:00-04:00,3.6500000953674316,3.6500000953674316,3.509999990463257,3.549999952316284,5500,0.0,0.0
2002-05-02 00:00:00-04:00,3.509999990463257,3.509999990463257,3.1500000953674316,3.200000047683716,49100,0.0,0.0
2002-05-03 00:00:00-04:00,3.200000047683716,3.200000047683716,3.200000047683716,3.200000047683716,0,0.0,0.0
2002-05-06 00:00:00-04:00,3.25,4.0,3.25,3.950000047683716,41200,0.0,0.0
2002-05-07 00:00:00-04:00,4.0,4.0,3.700000047683716,3.799999952316284,9700,0.0,0.0
2002-05-08 00:00:00-04:00,3.8499999046325684,4.050000190734863,3.75,4.0,6800,0.0,0.0
2002-05-09 00:00:00-04:00,3.950000047683716,4.050000190734863,3.950000047683716,4.050000190734863,700,0.0,0.0
2002-05-10 00:00:00-04:00,4.0,4.0,3.9000000953674316,3.9000000953674316,4500,0.0,0.0
2002-05-13 00:00:00-04:00,3.8499999046325684,3.8499999046325684,3.809999942779541,3.809999942779541,4000,0.0,0.0
2002-05-14 00:00:00-04:00,3.9000000953674316,3.9000000953674316,3.5999999046325684,3.700000047683716,8100,0.0,0.0
2002-05-15 00:00:00-04:00,3.5999999046325684,3.5999999046325684,3.5999999046325684,3.5999999046325684,600,0.0,0.0
2002-05-16 00:00:00-04:00,3.569999933242798,3.569999933242798,3.5,3.5,5800,0.0,0.0
2002-05-17 00:00:00-04:00,3.5,3.5999999046325684,3.5,3.5999999046325684,4500,0.0,0.0
2002-05-20 00:00:00-04:00,3.5999999046325684,3.5999999046325684,3.5999999046325684,3.5999999046325684,0,0.0,0.0
2002-05-21 00:00:00-04:00,3.5999999046325684,3.5999999046325684,3.5999999046325684,3.5999999046325684,0,0.0,0.0
2002-05-22 00:00:00-04:00,3.6500000953674316,3.6500000953674316,3.6500000953674316,3.6500000953674316,2800,0.0,0.0
2002-05-23 00:00:00-04:00,3.549999952316284,3.640000104904175,3.549999952316284,3.569999933242798,8400,0.0,0.0
2002-05-24 00:00:00-04:00,3.549999952316284,3.569999933242798,3.549999952316284,3.569999933242798,5000,0.0,0.0
2002-05-28 00:00:00-04:00,3.450000047683716,3.700000047683716,3.450000047683716,3.700000047683716,2500,0.0,0.0
2002-05-29 00:00:00-04:00,3.75,3.75,3.75,3.75,3000,0.0,0.0
2002-05-30 00:00:00-04:00,3.5999999046325684,3.799999952316284,3.5999999046325684,3.799999952316284,7000,0.0,0.0
2002-05-31 00:00:00-04:00,3.9000000953674316,4.0,3.799999952316284,4.0,5700,0.0,0.0
2002-06-03 00:00:00-04:00,3.950000047683716,3.950000047683716,3.8499999046325684,3.8499999046325684,1000,0.0,0.0
2002-06-04 00:00:00-04:00,3.9000000953674316,3.9000000953674316,3.75,3.75,2000,0.0,0.0
2002-06-05 00:00:00-04:00,3.799999952316284,3.799999952316284,3.75,3.799999952316284,5300,0.0,0.0
2002-06-06 00:00:00-04:00,3.799999952316284,3.799999952316284,3.75,3.799999952316284,4700,0.0,0.0
2002-06-07 00:00:00-04:00,3.75,3.799999952316284,3.75,3.799999952316284,5200,0.0,0.0
2002-06-10 00:00:00-04:00,3.75,3.75,3.75,3.75,100,0.0,0.0
2002-06-11 00:00:00-04:00,3.75,3.8499999046325684,3.75,3.8499999046325684,2500,0.0,0.0
2002-06-12 00:00:00-04:00,3.75,3.8499999046325684,3.700000047683716,3.8499999046325684,2500,0.0,0.0
2002-06-13 00:00:00-04:00,3.8499999046325684,3.8499999046325684,3.8499999046325684,3.8499999046325684,0,0.0,0.0
2002-06-14 00:00:00-04:00,3.6500000953674316,3.8499999046325684,3.6500000953674316,3.799999952316284,12200,0.0,0.0
2002-06-17 00:00:00-04:00,3.799999952316284,3.799999952316284,3.799999952316284,3.799999952316284,1000,0.0,0.0
2002-06-18 00:00:00-04:00,3.9000000953674316,3.950000047683716,3.9000000953674316,3.950000047683716,1200,0.0,0.0
2002-06-19 00:00:00-04:00,3.950000047683716,3.950000047683716,3.799999952316284,3.799999952316284,5300,0.0,0.0
2002-06-20 00:00:00-04:00,3.950000047683716,3.950000047683716,3.950000047683716,3.950000047683716,1000,0.0,0.0
2002-06-21 00:00:00-04:00,3.950000047683716,3.950000047683716,3.950000047683716,3.950000047683716,0,0.0,0.0
2002-06-24 00:00:00-04:00,3.799999952316284,3.950000047683716,3.799999952316284,3.950000047683716,3800,0.0,0.0
2002-06-25 00:00:00-04:00,3.950000047683716,4.0,3.799999952316284,3.9000000953674316,37400,0.0,0.0
2002-06-26 00:00:00-04:00,4.019999980926514,4.019999980926514,4.019999980926514,4.019999980926514,3400,0.0,0.0
2002-06-27 00:00:00-04:00,4.099999904632568,4.099999904632568,4.0,4.010000228881836,1600,0.0,0.0
2002-06-28 00:00:00-04:00,4.099999904632568,4.099999904632568,4.099999904632568,4.099999904632568,700,0.0,0.0
2002-07-01 00:00:00-04:00,4.03000020980835,4.03000020980835,4.03000020980835,4.03000020980835,1000,0.0,0.0
2002-07-02 00:00:00-04:00,4.03000020980835,4.03000020980835,4.03000020980835,4.03000020980835,15000,0.0,0.0
2002-07-03 00:00:00-04:00,4.019999980926514,4.019999980926514,4.019999980926514,4.019999980926514,2200,0.0,0.0
2002-07-05 00:00:00-04:00,4.019999980926514,4.019999980926514,4.0,4.0,7800,0.0,0.0
2002-07-08 00:00:00-04:00,4.0,4.0,3.950000047683716,3.950000047683716,10000,0.0,0.0
2002-07-09 00:00:00-04:00,3.950000047683716,4.0,3.950000047683716,3.950000047683716,3500,0.0,0.0
2002-07-10 00:00:00-04:00,3.950000047683716,3.950000047683716,3.950000047683716,3.950000047683716,0,0.0,0.0
2002-07-11 00:00:00-04:00,3.75,3.75,3.75,3.75,1300,0.0,0.0
2002-07-12 00:00:00-04:00,3.9000000953674316,3.9000000953674316,3.9000000953674316,3.9000000953674316,3500,0.0,0.0
2002-07-15 00:00:00-04:00,3.700000047683716,3.700000047683716,3.450000047683716,3.700000047683716,32700,0.0,0.0
2002-07-16 00:00:00-04:00,3.5999999046325684,3.5999999046325684,3.5,3.549999952316284,25900,0.0,0.0
2002-07-17 00:00:00-04:00,3.5,3.549999952316284,3.3499999046325684,3.5,16800,0.0,0.0
2002-07-18 00:00:00-04:00,3.5,3.5,3.4200000762939453,3.450000047683716,33200,0.0,0.0
2002-07-19 00:00:00-04:00,3.450000047683716,3.450000047683716,3.369999885559082,3.4000000953674316,31500,0.0,0.0
2002-07-22 00:00:00-04:00,3.380000114440918,3.4000000953674316,3.0,3.25,18700,0.0,0.0
2002-07-23 00:00:00-04:00,3.0999999046325684,3.0999999046325684,2.6500000953674316,2.6500000953674316,21700,0.0,0.0
2002-07-24 00:00:00-04:00,2.9000000953674316,2.9000000953674316,2.5,2.75,23800,0.0,0.0
2002-07-25 00:00:00-04:00,2.75,2.859999895095825,2.75,2.799999952316284,26000,0.0,0.0
2002-07-26 00:00:00-04:00,2.9000000953674316,2.9000000953674316,2.700000047683716,2.700000047683716,31800,0.0,0.0
2002-07-29 00:00:00-04:00,2.8499999046325684,2.9000000953674316,2.8499999046325684,2.8499999046325684,4200,0.0,0.0
2002-07-30 00:00:00-04:00,2.950000047683716,3.0,2.9000000953674316,2.9000000953674316,25200,0.0,0.0
2002-07-31 00:00:00-04:00,3.0999999046325684,3.200000047683716,3.0999999046325684,3.1500000953674316,5600,0.0,0.0
2002-08-01 00:00:00-04:00,3.049999952316284,3.049999952316284,3.049999952316284,3.049999952316284,2000,0.0,0.0
2002-08-02 00:00:00-04:00,3.049999952316284,3.049999952316284,3.049999952316284,3.049999952316284,0,0.0,0.0
2002-08-05 00:00:00-04:00,3.049999952316284,3.0999999046325684,3.049999952316284,3.0999999046325684,20000,0.0,0.0
2002-08-06 00:00:00-04:00,3.0999999046325684,3.0999999046325684,3.0799999237060547,3.0999999046325684,2200,0.0,0.0
2002-08-07 00:00:00-04:00,3.049999952316284,3.0999999046325684,3.049999952316284,3.0999999046325684,2200,0.0,0.0
2002-08-08 00:00:00-04:00,3.25,3.25,3.0999999046325684,3.1500000953674316,4700,0.0,0.0
2002-08-09 00:00:00-04:00,3.1500000953674316,3.1500000953674316,3.1500000953674316,3.1500000953674316,0,0.0,0.0
2002-08-12 00:00:00-04:00,3.109999895095825,3.1500000953674316,3.109999895095825,3.1500000953674316,6500,0.0,0.0
2002-08-13 00:00:00-04:00,3.109999895095825,3.200000047683716,3.109999895095825,3.200000047683716,3000,0.0,0.0
2002-08-14 00:00:00-04:00,3.200000047683716,3.200000047683716,3.200000047683716,3.200000047683716,1000,0.0,0.0
2002-08-15 00:00:00-04:00,3.200000047683716,3.200000047683716,3.200000047683716,3.200000047683716,0,0.0,0.0
2002-08-16 00:00:00-04:00,3.200000047683716,3.25,3.200000047683716,3.200000047683716,2700,0.0,0.0
2002-08-19 00:00:00-04:00,3.200000047683716,3.25,3.200000047683716,3.25,6000,0.0,0.0
2002-08-20 00:00:00-04:00,3.3499999046325684,3.3499999046325684,3.3499999046325684,3.3499999046325684,1000,0.0,0.0
2002-08-21 00:00:00-04:00,3.5,3.5,3.5,3.5,800,0.0,0.0
2002-08-22 00:00:00-04:00,3.5,3.6500000953674316,3.5,3.6500000953674316,2600,0.0,0.0
2002-08-23 00:00:00-04:00,3.6500000953674316,3.6500000953674316,3.450000047683716,3.5,3600,0.0,0.0
2002-08-26 00:00:00-04:00,3.549999952316284,3.5999999046325684,3.549999952316284,3.5999999046325684,2200,0.0,0.0
2002-08-27 00:00:00-04:00,3.549999952316284,3.549999952316284,3.549999952316284,3.549999952316284,300,0.0,0.0
2002-08-28 00:00:00-04:00,3.5,3.5,3.5,3.5,100,0.0,0.0
2002-08-29 00:00:00-04:00,3.5,3.549999952316284,3.3499999046325684,3.3499999046325684,7000,0.0,0.0
2002-08-30 00:00:00-04:00,3.299999952316284,3.299999952316284,3.1700000762939453,3.200000047683716,11400,0.0,0.0
2002-09-03 00:00:00-04:00,3.200000047683716,3.200000047683716,3.0999999046325684,3.0999999046325684,5300,0.0,0.0
2002-09-04 00:00:00-04:00,3.049999952316284,3.049999952316284,2.8499999046325684,3.049999952316284,9600,0.0,0.0
2002-09-05 00:00:00-04:00,3.1500000953674316,3.1500000953674316,3.0999999046325684,3.0999999046325684,700,0.0,0.0
2002-09-06 00:00:00-04:00,3.1500000953674316,3.1500000953674316,3.0999999046325684,3.0999999046325684,23700,0.0,0.0
2002-09-09 00:00:00-04:00,3.0999999046325684,3.0999999046325684,3.0999999046325684,3.0999999046325684,0,0.0,0.0
2002-09-10 00:00:00-04:00,3.0999999046325684,3.0999999046325684,3.0999999046325684,3.0999999046325684,3500,0.0,0.0
2002-09-11 00:00:00-04:00,3.0799999237060547,3.0999999046325684,3.0799999237060547,3.0999999046325684,2200,0.0,0.0
2002-09-12 00:00:00-04:00,3.0799999237060547,3.0999999046325684,3.0,3.0,15300,0.0,0.0
2002-09-13 00:00:00-04:00,3.0,3.0999999046325684,3.0,3.0999999046325684,2000,0.0,0.0
2002-09-16 00:00:00-04:00,3.0999999046325684,3.0999999046325684,3.0999999046325684,3.0999999046325684,0,0.0,0.0
2002-09-17 00:00:00-04:00,3.049999952316284,3.0999999046325684,3.049999952316284,3.0999999046325684,3000,0.0,0.0
2002-09-18 00:00:00-04:00,3.0799999237060547,3.0999999046325684,2.950000047683716,3.049999952316284,7500,0.0,0.0
2002-09-19 00:00:00-04:00,2.950000047683716,3.0,2.8499999046325684,2.950000047683716,10300,0.0,0.0
2002-09-20 00:00:00-04:00,2.950000047683716,2.950000047683716,2.9000000953674316,2.9000000953674316,3900,0.0,0.0
2002-09-23 00:00:00-04:00,2.8499999046325684,2.9000000953674316,2.75,2.799999952316284,13600,0.0,0.0
2002-09-24 00:00:00-04:00,2.700000047683716,2.799999952316284,2.549999952316284,2.799999952316284,24900,0.0,0.0
2002-09-25 00:00:00-04:00,2.6500000953674316,2.799999952316284,2.6500000953674316,2.799999952316284,300,0.0,0.0
2002-09-26 00:00:00-04:00,2.799999952316284,2.799999952316284,2.799999952316284,2.799999952316284,300,0.0,0.0
2002-09-27 00:00:00-04:00,2.75,2.799999952316284,2.5999999046325684,2.799999952316284,2700,0.0,0.0
2002-09-30 00:00:00-04:00,2.799999952316284,2.799999952316284,2.799999952316284,2.799999952316284,0,0.0,0.0
2002-10-01 00:00:00-04:00,2.799999952316284,2.799999952316284,2.799999952316284,2.799999952316284,5200,0.0,0.0
2002-10-02 00:00:00-04:00,2.799999952316284,2.799999952316284,2.799999952316284,2.799999952316284,0,0.0,0.0
2002-10-03 00:00:00-04:00,2.75,2.9000000953674316,2.75,2.9000000953674316,500,0.0,0.0
2002-10-04 00:00:00-04:00,2.75,2.799999952316284,2.75,2.799999952316284,800,0.0,0.0
2002-10-07 00:00:00-04:00,2.9000000953674316,2.950000047683716,2.75,2.950000047683716,300,0.0,0.0
2002-10-08 00:00:00-04:00,2.950000047683716,2.950000047683716,2.950000047683716,2.950000047683716,0,0.0,0.0
2002-10-09 00:00:00-04:00,2.950000047683716,2.950000047683716,2.9000000953674316,2.9000000953674316,10000,0.0,0.0
2002-10-10 00:00:00-04:00,2.9000000953674316,2.9000000953674316,2.9000000953674316,2.9000000953674316,0,0.0,0.0
2002-10-11 00:00:00-04:00,2.9000000953674316,2.9000000953674316,2.9000000953674316,2.9000000953674316,0,0.0,0.0
2002-10-14 00:00:00-04:00,2.950000047683716,2.950000047683716,2.700000047683716,2.8499999046325684,4400,0.0,0.0
2002-10-15 00:00:00-04:00,2.8499999046325684,2.8499999046325684,2.8499999046325684,2.8499999046325684,5000,0.0,0.0
2002-10-16 00:00:00-04:00,2.8499999046325684,2.8499999046325684,2.8499999046325684,2.8499999046325684,1400,0.0,0.0
2002-10-17 00:00:00-04:00,2.799999952316284,2.8499999046325684,2.799999952316284,2.8499999046325684,6400,0.0,0.0
2002-10-18 00:00:00-04:00,2.8499999046325684,2.8499999046325684,2.8499999046325684,2.8499999046325684,0,0.0,0.0
2002-10-21 00:00:00-04:00,2.8499999046325684,2.8499999046325684,2.8499999046325684,2.8499999046325684,200,0.0,0.0
2002-10-22 00:00:00-04:00,3.0,3.0,2.950000047683716,2.9800000190734863,5600,0.0,0.0
2002-10-23 00:00:00-04:00,3.0,3.0,2.8299999237060547,2.8299999237060547,9400,0.0,0.0
2002-10-24 00:00:00-04:00,2.8299999237060547,2.8299999237060547,2.8299999237060547,2.8299999237060547,0,0.0,0.0
2002-10-25 00:00:00-04:00,2.8299999237060547,2.8299999237060547,2.8299999237060547,2.8299999237060547,0,0.0,0.0
2002-10-28 00:00:00-05:00,2.8499999046325684,2.950000047683716,2.799999952316284,2.950000047683716,2800,0.0,0.0
2002-10-29 00:00:00-05:00,2.799999952316284,2.950000047683716,2.799999952316284,2.950000047683716,900,0.0,0.0
2002-10-30 00:00:00-05:00,2.950000047683716,2.950000047683716,2.950000047683716,2.950000047683716,0,0.0,0.0
2002-10-31 00:00:00-05:00,2.950000047683716,2.950000047683716,2.799999952316284,2.8499999046325684,9200,0.0,0.0
2002-11-01 00:00:00-05:00,2.8499999046325684,2.9000000953674316,2.8499999046325684,2.8499999046325684,1600,0.0,0.0
2002-11-04 00:00:00-05:00,2.9000000953674316,3.0,2.8499999046325684,2.9000000953674316,11000,0.0,0.0
2002-11-05 00:00:00-05:00,2.9000000953674316,2.9000000953674316,2.9000000953674316,2.9000000953674316,0,0.0,0.0
2002-11-06 00:00:00-05:00,2.9000000953674316,2.9000000953674316,2.9000000953674316,2.9000000953674316,0,0.0,0.0
2002-11-07 00:00:00-05:00,2.9000000953674316,2.9000000953674316,2.9000000953674316,2.9000000953674316,0,0.0,0.0
2002-11-08 00:00:00-05:00,2.9000000953674316,2.9000000953674316,2.9000000953674316,2.9000000953674316,0,0.0,0.0
2002-11-11 00:00:00-05:00,2.950000047683716,2.950000047683716,2.950000047683716,2.950000047683716,800,0.0,0.0
2002-11-12 00:00:00-05:00,2.9000000953674316,2.950000047683716,2.9000000953674316,2.9000000953674316,13100,0.0,0.0
2002-11-13 00:00:00-05:00,3.0,3.0,2.9000000953674316,2.950000047683716,11900,0.0,0.0
2002-11-14 00:00:00-05:00,2.950000047683716,2.950000047683716,2.9200000762939453,2.9200000762939453,4700,0.0,0.0
2002-11-15 00:00:00-05:00,2.9000000953674316,2.9200000762939453,2.8499999046325684,2.8499999046325684,25500,0.0,0.0
2002-11-18 00:00:00-05:00,2.799999952316284,2.8499999046325684,2.799999952316284,2.8499999046325684,3300,0.0,0.0
2002-11-19 00:00:00-05:00,2.7799999713897705,2.799999952316284,2.75,2.799999952316284,4600,0.0,0.0
2002-11-20 00:00:00-05:00,2.7799999713897705,2.799999952316284,2.75,2.799999952316284,2000,0.0,0.0
2002-11-21 00:00:00-05:00,2.75,2.799999952316284,2.75,2.75,1300,0.0,0.0
2002-11-22 00:00:00-05:00,2.75,2.75,2.75,2.75,1000,0.0,0.0
2002-11-25 00:00:00-05:00,2.75,2.75,2.75,2.75,200,0.0,0.0
2002-11-26 00:00:00-05:00,2.6500000953674316,2.799999952316284,2.6500000953674316,2.799999952316284,3800,0.0,0.0
2002-11-27 00:00:00-05:00,2.799999952316284,2.799999952316284,2.799999952316284,2.799999952316284,0,0.0,0.0
2002-11-29 00:00:00-05:00,2.799999952316284,2.799999952316284,2.799999952316284,2.799999952316284,0,0.0,0.0
2002-12-02 00:00:00-05:00,2.799999952316284,2.799999952316284,2.799999952316284,2.799999952316284,0,0.0,0.0
2002-12-03 00:00:00-05:00,2.75,2.819999933242798,2.75,2.7699999809265137,10600,0.0,0.0
2002-12-04 00:00:00-05:00,2.75,2.799999952316284,2.700000047683716,2.799999952316284,2700,0.0,0.0
2002-12-05 00:00:00-05:00,2.799999952316284,2.799999952316284,2.799999952316284,2.799999952316284,0,0.0,0.0
2002-12-06 00:00:00-05:00,2.700000047683716,2.799999952316284,2.700000047683716,2.799999952316284,2100,0.0,0.0
2002-12-09 00:00:00-05:00,2.700000047683716,2.799999952316284,2.700000047683716,2.75,9800,0.0,0.0
2002-12-10 00:00:00-05:00,2.5999999046325684,2.75,2.5999999046325684,2.75,200,0.0,0.0
2002-12-11 00:00:00-05:00,2.75,2.75,2.75,2.75,800,0.0,0.0
2002-12-12 00:00:00-05:00,2.75,2.75,2.75,2.75,0,0.0,0.0
2002-12-13 00:00:00-05:00,2.75,2.75,2.700000047683716,2.75,2400,0.0,0.0
2002-12-16 00:00:00-05:00,2.700000047683716,2.75,2.5,2.700000047683716,26200,0.0,0.0
2002-12-17 00:00:00-05:00,2.5999999046325684,2.700000047683716,2.5999999046325684,2.700000047683716,1800,0.0,0.0
2002-12-18 00:00:00-05:00,2.5999999046325684,2.6500000953674316,2.5999999046325684,2.6500000953674316,400,0.0,0.0
2002-12-19 00:00:00-05:00,2.6500000953674316,2.700000047683716,2.5999999046325684,2.700000047683716,5700,0.0,0.0
2002-12-20 00:00:00-05:00,2.5999999046325684,2.799999952316284,2.5999999046325684,2.799999952316284,8800,0.0,0.0
2002-12-23 00:00:00-05:00,2.7799999713897705,2.8499999046325684,2.7799999713897705,2.7799999713897705,5100,0.0,0.0
2002-12-24 00:00:00-05:00,2.950000047683716,2.950000047683716,2.9000000953674316,2.9000000953674316,13600,0.0,0.0
2002-12-26 00:00:00-05:00,2.9000000953674316,2.9000000953674316,2.9000000953674316,2.9000000953674316,6100,0.0,0.0
2002-12-27 00:00:00-05:00,2.9000000953674316,2.9000000953674316,2.700000047683716,2.700000047683716,4000,0.0,0.0
2002-12-30 00:00:00-05:00,2.75,2.75,2.75,2.75,700,0.0,0.0
2002-12-31 00:00:00-05:00,2.700000047683716,2.9000000953674316,2.5,2.9000000953674316,7300,0.0,0.0
2003-01-02 00:00:00-05:00,2.9000000953674316,2.9000000953674316,2.9000000953674316,2.9000000953674316,0,0.0,0.0
2003-01-03 00:00:00-05:00,2.9000000953674316,2.9000000953674316,2.9000000953674316,2.9000000953674316,2000,0.0,0.0
2003-01-06 00:00:00-05:00,2.9000000953674316,3.0,2.9000000953674316,3.0,11100,0.0,0.0
2003-01-07 00:00:00-05:00,3.0,3.0,3.0,3.0,0,0.0,0.0
2003-01-08 00:00:00-05:00,2.950000047683716,2.950000047683716,2.950000047683716,2.950000047683716,400,0.0,0.0
2003-01-09 00:00:00-05:00,2.950000047683716,2.950000047683716,2.950000047683716,2.950000047683716,0,0.0,0.0
2003-01-10 00:00:00-05:00,2.9000000953674316,2.9000000953674316,2.9000000953674316,2.9000000953674316,1400,0.0,0.0
2003-01-13 00:00:00-05:00,2.8499999046325684,2.8499999046325684,2.8499999046325684,2.8499999046325684,600,0.0,0.0
2003-01-14 00:00:00-05:00,2.8499999046325684,2.8499999046325684,2.8499999046325684,2.8499999046325684,5500,0.0,0.0
2003-01-15 00:00:00-05:00,2.8499999046325684,2.8499999046325684,2.8499999046325684,2.8499999046325684,1000,0.0,0.0
2003-01-16 00:00:00-05:00,2.799999952316284,2.799999952316284,2.799999952316284,2.799999952316284,500,0.0,0.0
2003-01-17 00:00:00-05:00,2.950000047683716,2.950000047683716,2.799999952316284,2.799999952316284,1600,0.0,0.0
2003-01-21 00:00:00-05:00,2.799999952316284,2.799999952316284,2.799999952316284,2.799999952316284,300,0.0,0.0
2003-01-22 00:00:00-05:00,2.799999952316284,2.799999952316284,2.799999952316284,2.799999952316284,3000,0.0,0.0
2003-01-23 00:00:00-05:00,2.75,2.75,2.75,2.75,1600,0.0,0.0
2003-01-24 00:00:00-05:00,2.75,2.75,2.75,2.75,0,0.0,0.0
2003-01-27 00:00:00-05:00,2.75,2.75,2.75,2.75,0,0.0,0.0
2003-01-28 00:00:00-05:00,2.700000047683716,2.700000047683716,2.700000047683716,2.700000047683716,3500,0.0,0.0
2003-01-29 00:00:00-05:00,2.5999999046325684,2.700000047683716,2.5999999046325684,2.6500000953674316,6200,0.0,0.0
2003-01-30 00:00:00-05:00,2.6500000953674316,2.6500000953674316,2.6500000953674316,2.6500000953674316,0,0.0,0.0
2003-01-31 00:00:00-05:00,2.6500000953674316,2.6500000953674316,2.6500000953674316,2.6500000953674316,0,0.0,0.0
2003-02-03 00:00:00-05:00,2.6500000953674316,2.6500000953674316,2.5999999046325684,2.5999999046325684,4900,0.0,0.0
2003-02-04 00:00:00-05:00,2.5999999046325684,2.5999999046325684,2.549999952316284,2.5799999237060547,29500,0.0,0.0
2003-02-05 00:00:00-05:00,2.5999999046325684,2.5999999046325684,2.5999999046325684,2.5999999046325684,2000,0.0,0.0
2003-02-06 00:00:00-05:00,2.5999999046325684,2.5999999046325684,2.5999999046325684,2.5999999046325684,0,0.0,0.0
2003-02-07 00:00:00-05:00,2.5999999046325684,2.5999999046325684,2.5999999046325684,2.5999999046325684,0,0.0,0.0
2003-02-10 00:00:00-05:00,2.5299999713897705,2.549999952316284,2.5299999713897705,2.549999952316284,37000,0.0,0.0
2003-02-11 00:00:00-05:00,2.5,2.6500000953674316,2.5,2.6500000953674316,900,0.0,0.0
2003-02-12 00:00:00-05:00,2.6500000953674316,2.6500000953674316,2.6500000953674316,2.6500000953674316,0,0.0,0.0
2003-02-13 00:00:00-05:00,2.6500000953674316,2.6500000953674316,2.6500000953674316,2.6500000953674316,0,0.0,0.0
2003-02-14 00:00:00-05:00,2.5999999046325684,2.5999999046325684,2.549999952316284,2.549999952316284,10000,0.0,0.0
2003-02-18 00:00:00-05:00,2.549999952316284,2.5999999046325684,2.549999952316284,2.549999952316284,29500,0.0,0.0
2003-02-19 00:00:00-05:00,2.5999999046325684,2.5999999046325684,2.549999952316284,2.559999942779541,11500,0.0,0.0
2003-02-20 00:00:00-05:00,2.559999942779541,2.559999942779541,2.559999942779541,2.559999942779541,0,0.0,0.0
2003-02-21 00:00:00-05:00,2.559999942779541,2.559999942779541,2.559999942779541,2.559999942779541,0,0.0,0.0
2003-02-24 00:00:00-05:00,2.549999952316284,2.559999942779541,2.5399999618530273,2.5399999618530273,8900,0.0,0.0
2003-02-25 00:00:00-05:00,2.5,2.5,2.5,2.5,2300,0.0,0.0
2003-02-26 00:00:00-05:00,2.450000047683716,2.450000047683716,2.4000000953674316,2.4000000953674316,5000,0.0,0.0
2003-02-27 00:00:00-05:00,2.25,2.299999952316284,2.25,2.2699999809265137,7100,0.0,0.0
2003-02-28 00:00:00-05:00,2.109999895095825,2.200000047683716,2.109999895095825,2.200000047683716,7400,0.0,0.0
2003-03-03 00:00:00-05:00,2.109999895095825,2.200000047683716,2.109999895095825,2.200000047683716,1300,0.0,0.0
2003-03-04 00:00:00-05:00,2.200000047683716,2.200000047683716,2.200000047683716,2.200000047683716,0,0.0,0.0
2003-03-05 00:00:00-05:00,2.200000047683716,2.200000047683716,2.200000047683716,2.200000047683716,0,0.0,0.0
2003-03-06 00:00:00-05:00,2.200000047683716,2.200000047683716,2.200000047683716,2.200000047683716,0,0.0,0.0
2003-03-07 00:00:00-05:00,2.1500000953674316,2.200000047683716,2.109999895095825,2.1500000953674316,2600,0.0,0.0
2003-03-10 00:00:00-05:00,2.1500000953674316,2.1500000953674316,2.1500000953674316,2.1500000953674316,100,0.0,0.0
2003-03-11 00:00:00-05:00,2.1500000953674316,2.299999952316284,2.1500000953674316,2.299999952316284,2300,0.0,0.0
2003-03-12 00:00:00-05:00,2.299999952316284,2.299999952316284,2.299999952316284,2.299999952316284,0,0.0,0.0
2003-03-13 00:00:00-05:00,2.1500000953674316,2.299999952316284,2.1500000953674316,2.299999952316284,300,0.0,0.0
2003-03-14 00:00:00-05:00,2.299999952316284,2.299999952316284,2.299999952316284,2.299999952316284,0,0.0,0.0
2003-03-17 00:00:00-05:00,2.1500000953674316,2.299999952316284,2.1500000953674316,2.299999952316284,300,0.0,0.0
2003-03-18 00:00:00-05:00,2.1500000953674316,2.299999952316284,2.1500000953674316,2.299999952316284,800,0.0,0.0
2003-03-19 00:00:00-05:00,2.1500000953674316,2.299999952316284,2.1500000953674316,2.299999952316284,300,0.0,0.0
2003-03-20 00:00:00-05:00,2.299999952316284,2.299999952316284,2.1500000953674316,2.25,105400,0.0,0.0
2003-03-21 00:00:00-05:00,2.25,2.25,2.25,2.25,0,0.0,0.0
2003-03-24 00:00:00-05:00,2.130000114440918,2.25,2.130000114440918,2.130000114440918,500,0.0,0.0
2003-03-25 00:00:00-05:00,2.25,2.25,2.25,2.25,100,0.0,0.0
2003-03-26 00:00:00-05:00,2.25,2.25,2.25,2.25,1000,0.0,0.0
2003-03-27 00:00:00-05:00,2.25,2.25,2.25,2.25,0,0.0,0.0
2003-03-28 00:00:00-05:00,2.200000047683716,2.25,2.200000047683716,2.25,600,0.0,0.0
2003-03-31 00:00:00-05:00,2.200000047683716,2.25,2.200000047683716,2.25,700,0.0,0.0
2003-04-01 00:00:00-05:00,2.25,2.25,2.25,2.25,0,0.0,0.0
2003-04-02 00:00:00-05:00,2.109999895095825,2.1500000953674316,2.109999895095825,2.1500000953674316,1100,0.0,0.0
2003-04-03 00:00:00-05:00,2.1500000953674316,2.1500000953674316,2.0999999046325684,2.1500000953674316,2000,0.0,0.0
2003-04-04 00:00:00-05:00,2.25,2.299999952316284,2.25,2.299999952316284,2300,0.0,0.0
2003-04-07 00:00:00-04:00,2.299999952316284,2.299999952316284,2.299999952316284,2.299999952316284,0,0.0,0.0
2003-04-08 00:00:00-04:00,2.299999952316284,2.299999952316284,2.299999952316284,2.299999952316284,0,0.0,0.0
2003-04-09 00:00:00-04:00,2.299999952316284,2.299999952316284,2.299999952316284,2.299999952316284,0,0.0,0.0
2003-04-10 00:00:00-04:00,2.0999999046325684,2.2699999809265137,2.049999952316284,2.0999999046325684,1800,0.0,0.0
2003-04-11 00:00:00-04:00,2.0999999046325684,2.0999999046325684,2.049999952316284,2.0999999046325684,3000,0.0,0.0
2003-04-14 00:00:00-04:00,2.0,2.0,1.75,1.75,36100,0.0,0.0
2003-04-15 00:00:00-04:00,1.7400000095367432,1.7400000095367432,1.7400000095367432,1.7400000095367432,1000,0.0,0.0
2003-04-16 00:00:00-04:00,1.7400000095367432,1.7999999523162842,1.7400000095367432,1.7899999618530273,7700,0.0,0.0
2003-04-17 00:00:00-04:00,1.7899999618530273,1.7899999618530273,1.7899999618530273,1.7899999618530273,0,0.0,0.0
2003-04-21 00:00:00-04:00,1.7400000095367432,1.7400000095367432,1.7400000095367432,1.7400000095367432,500,0.0,0.0
2003-04-22 00:00:00-04:00,1.7100000381469727,1.75,1.6100000143051147,1.7000000476837158,10600,0.0,0.0
2003-04-23 00:00:00-04:00,1.7000000476837158,1.7000000476837158,1.7000000476837158,1.7000000476837158,0,0.0,0.0
2003-04-24 00:00:00-04:00,1.6299999952316284,1.6799999475479126,1.6299999952316284,1.6799999475479126,1300,0.0,0.0
2003-04-25 00:00:00-04:00,1.75,1.75,1.6399999856948853,1.7000000476837158,1300,0.0,0.0
2003-04-28 00:00:00-04:00,1.649999976158142,1.7000000476837158,1.649999976158142,1.7000000476837158,2500,0.0,0.0
2003-04-29 00:00:00-04:00,1.6299999952316284,1.7000000476837158,1.6299999952316284,1.6299999952316284,3200,0.0,0.0
2003-04-30 00:00:00-04:00,1.7000000476837158,1.7999999523162842,1.6399999856948853,1.7999999523162842,6000,0.0,0.0
2003-05-01 00:00:00-04:00,1.899999976158142,2.299999952316284,1.899999976158142,2.049999952316284,6000,0.0,0.0
2003-05-02 00:00:00-04:00,2.25,2.25,2.049999952316284,2.25,3700,0.0,0.0
2003-05-05 00:00:00-04:00,2.25,2.299999952316284,2.25,2.299999952316284,28500,0.0,0.0
2003-05-06 00:00:00-04:00,2.1500000953674316,2.1500000953674316,2.049999952316284,2.049999952316284,2500,0.0,0.0
2003-05-07 00:00:00-04:00,2.130000114440918,2.25,2.049999952316284,2.1500000953674316,14700,0.0,0.0
2003-05-08 00:00:00-04:00,2.25,2.299999952316284,2.200000047683716,2.299999952316284,8300,0.0,0.0
2003-05-09 00:00:00-04:00,2.299999952316284,2.299999952316284,2.299999952316284,2.299999952316284,10200,0.0,0.0
2003-05-12 00:00:00-04:00,2.3499999046325684,2.380000114440918,2.3499999046325684,2.380000114440918,10600,0.0,0.0
2003-05-13 00:00:00-04:00,2.380000114440918,2.4000000953674316,2.380000114440918,2.4000000953674316,7500,0.0,0.0
2003-05-14 00:00:00-04:00,2.4000000953674316,2.4000000953674316,2.4000000953674316,2.4000000953674316,14500,0.0,0.0
2003-05-15 00:00:00-04:00,2.450000047683716,2.5,2.450000047683716,2.450000047683716,14000,0.0,0.0
2003-05-16 00:00:00-04:00,2.5,2.6500000953674316,2.5,2.6500000953674316,7200,0.0,0.0
2003-05-19 00:00:00-04:00,2.5999999046325684,2.700000047683716,2.5999999046325684,2.6500000953674316,9400,0.0,0.0
2003-05-20 00:00:00-04:00,2.6500000953674316,2.6500000953674316,2.6500000953674316,2.6500000953674316,0,0.0,0.0
2003-05-21 00:00:00-04:00,2.5999999046325684,2.5999999046325684,2.549999952316284,2.5999999046325684,9000,0.0,0.0
2003-05-22 00:00:00-04:00,2.700000047683716,2.700000047683716,2.5999999046325684,2.5999999046325684,3300,0.0,0.0
2003-05-23 00:00:00-04:00,2.5999999046325684,2.9000000953674316,2.5999999046325684,2.9000000953674316,8700,0.0,0.0
2003-05-27 00:00:00-04:00,2.700000047683716,2.799999952316284,2.549999952316284,2.6500000953674316,8100,0.0,0.0
2003-05-28 00:00:00-04:00,2.5999999046325684,2.700000047683716,2.5999999046325684,2.6500000953674316,5000,0.0,0.0
2003-05-29 00:00:00-04:00,2.75,2.75,2.6500000953674316,2.6500000953674316,15700,0.0,0.0
2003-05-30 00:00:00-04:00,2.6500000953674316,2.700000047683716,2.549999952316284,2.569999933242798,45700,0.0,0.0
2003-06-02 00:00:00-04:00,2.569999933242798,2.569999933242798,2.569999933242798,2.569999933242798,0,0.0,0.0
2003-06-03 00:00:00-04:00,2.569999933242798,2.6500000953674316,2.569999933242798,2.5999999046325684,4000,0.0,0.0
2003-06-04 00:00:00-04:00,2.700000047683716,2.700000047683716,2.5999999046325684,2.6500000953674316,29000,0.0,0.0
2003-06-05 00:00:00-04:00,2.6500000953674316,2.6500000953674316,2.6500000953674316,2.6500000953674316,0,0.0,0.0
2003-06-06 00:00:00-04:00,2.5999999046325684,2.6500000953674316,2.5999999046325684,2.6500000953674316,18500,0.0,0.0
2003-06-09 00:00:00-04:00,2.700000047683716,2.9000000953674316,2.700000047683716,2.8499999046325684,21000,0.0,0.0
2003-06-10 00:00:00-04:00,2.8499999046325684,2.950000047683716,2.8499999046325684,2.950000047683716,1600,0.0,0.0
2003-06-11 00:00:00-04:00,2.9000000953674316,3.0,2.9000000953674316,3.0,1800,0.0,0.0
2003-06-12 00:00:00-04:00,2.9000000953674316,3.0999999046325684,2.9000000953674316,3.0999999046325684,9200,0.0,0.0
2003-06-13 00:00:00-04:00,3.009999990463257,3.009999990463257,2.9600000381469727,2.9600000381469727,10700,0.0,0.0
2003-06-16 00:00:00-04:00,2.9600000381469727,2.9600000381469727,2.9600000381469727,2.9600000381469727,0,0.0,0.0
2003-06-17 00:00:00-04:00,3.25,3.25,3.0999999046325684,3.0999999046325684,3600,0.0,0.0
2003-06-18 00:00:00-04:00,3.0999999046325684,3.0999999046325684,3.0999999046325684,3.0999999046325684,0,0.0,0.0
2003-06-19 00:00:00-04:00,3.119999885559082,3.25,3.119999885559082,3.25,700,0.0,0.0
2003-06-20 00:00:00-04:00,3.25,3.25,3.1500000953674316,3.1500000953674316,2500,0.0,0.0
2003-06-23 00:00:00-04:00,3.0999999046325684,3.0999999046325684,3.0999999046325684,3.0999999046325684,6000,0.0,0.0
2003-06-24 00:00:00-04:00,3.0999999046325684,3.0999999046325684,3.009999990463257,3.009999990463257,10900,0.0,0.0
2003-06-25 00:00:00-04:00,3.0,3.009999990463257,3.0,3.009999990463257,1600,0.0,0.0
2003-06-26 00:00:00-04:00,3.009999990463257,3.009999990463257,3.009999990463257,3.009999990463257,0,0.0,0.0
2003-06-27 00:00:00-04:00,3.009999990463257,3.200000047683716,3.009999990463257,3.0999999046325684,3500,0.0,0.0
2003-06-30 00:00:00-04:00,3.299999952316284,3.299999952316284,3.299999952316284,3.299999952316284,700,0.0,0.0
2003-07-01 00:00:00-04:00,3.299999952316284,3.950000047683716,3.25,3.549999952316284,24100,0.0,0.0
2003-07-02 00:00:00-04:00,3.549999952316284,3.5999999046325684,3.549999952316284,3.5999999046325684,2000,0.0,0.0
2003-07-03 00:00:00-04:00,3.700000047683716,3.700000047683716,3.700000047683716,3.700000047683716,1500,0.0,0.0
2003-07-07 00:00:00-04:00,3.700000047683716,3.700000047683716,3.549999952316284,3.549999952316284,700,0.0,0.0
2003-07-08 00:00:00-04:00,3.549999952316284,3.700000047683716,3.549999952316284,3.6500000953674316,15200,0.0,0.0
2003-07-09 00:00:00-04:00,3.700000047683716,3.75,3.680000066757202,3.700000047683716,32500,0.0,0.0
2003-07-10 00:00:00-04:00,3.700000047683716,3.8499999046325684,3.700000047683716,3.799999952316284,160300,0.0,0.0
2003-07-11 00:00:00-04:00,3.9000000953674316,3.9000000953674316,3.75,3.799999952316284,208500,0.0,0.0
2003-07-14 00:00:00-04:00,3.799999952316284,3.809999942779541,3.75,3.75,55400,0.0,0.0
2003-07-15 00:00:00-04:00,3.7699999809265137,3.809999942779541,3.759999990463257,3.7899999618530273,63600,0.0,0.0
2003-07-16 00:00:00-04:00,3.75,3.8299999237060547,3.75,3.8299999237060547,35800,0.0,0.0
2003-07-17 00:00:00-04:00,3.8299999237060547,3.8499999046325684,3.75,3.799999952316284,58100,0.0,0.0
2003-07-18 00:00:00-04:00,3.799999952316284,3.799999952316284,3.799999952316284,3.799999952316284,4000,0.0,0.0
2003-07-21 00:00:00-04:00,3.8499999046325684,3.8499999046325684,3.75,3.75,8200,0.0,0.0
2003-07-22 00:00:00-04:00,3.75,3.799999952316284,3.75,3.799999952316284,2300,0.0,0.0
2003-07-23 00:00:00-04:00,3.700000047683716,3.700000047683716,3.700000047683716,3.700000047683716,5100,0.0,0.0
2003-07-24 00:00:00-04:00,3.700000047683716,3.700000047683716,3.5,3.5199999809265137,28000,0.0,0.0
2003-07-25 00:00:00-04:00,3.5199999809265137,3.5199999809265137,3.5199999809265137,3.5199999809265137,0,0.0,0.0
2003-07-28 00:00:00-04:00,3.700000047683716,3.75,3.5999999046325684,3.75,28500,0.0,0.0
2003-07-29 00:00:00-04:00,3.700000047683716,3.75,3.700000047683716,3.75,25500,0.0,0.0
2003-07-30 00:00:00-04:00,3.700000047683716,3.75,3.700000047683716,3.700000047683716,30600,0.0,0.0
2003-07-31 00:00:00-04:00,3.700000047683716,3.75,3.700000047683716,3.700000047683716,12500,0.0,0.0
2003-08-01 00:00:00-04:00,3.700000047683716,3.700000047683716,3.700000047683716,3.700000047683716,0,0.0,0.0
2003-08-04 00:00:00-04:00,3.700000047683716,3.75,3.700000047683716,3.75,10000,0.0,0.0
2003-08-05 00:00:00-04:00,3.75,3.75,3.6500000953674316,3.6500000953674316,14500,0.0,0.0
2003-08-06 00:00:00-04:00,3.700000047683716,3.799999952316284,3.700000047683716,3.799999952316284,21200,0.0,0.0
2003-08-07 00:00:00-04:00,3.75,3.9000000953674316,3.75,3.799999952316284,55300,0.0,0.0
2003-08-08 00:00:00-04:00,3.799999952316284,3.8499999046325684,3.700000047683716,3.700000047683716,19500,0.0,0.0
2003-08-11 00:00:00-04:00,3.799999952316284,3.799999952316284,3.799999952316284,3.799999952316284,3000,0.0,0.0
2003-08-12 00:00:00-04:00,3.799999952316284,3.799999952316284,3.799999952316284,3.799999952316284,0,0.0,0.0
2003-08-13 00:00:00-04:00,3.75,3.8499999046325684,3.75,3.799999952316284,19100,0.0,0.0
2003-08-14 00:00:00-04:00,3.950000047683716,4.070000171661377,3.9000000953674316,3.9000000953674316,6500,0.0,0.0
2003-08-15 00:00:00-04:00,3.950000047683716,4.0,3.950000047683716,4.0,9500,0.0,0.0
2003-08-18 00:00:00-04:00,3.9000000953674316,3.9000000953674316,3.700000047683716,3.8499999046325684,7400,0.0,0.0
2003-08-19 00:00:00-04:00,3.7699999809265137,3.799999952316284,3.7699999809265137,3.7899999618530273,10500,0.0,0.0
2003-08-20 00:00:00-04:00,3.799999952316284,3.8499999046325684,3.7699999809265137,3.799999952316284,25000,0.0,0.0
2003-08-21 00:00:00-04:00,3.75,3.75,3.5999999046325684,3.5999999046325684,3500,0.0,0.0
2003-08-22 00:00:00-04:00,3.5999999046325684,3.5999999046325684,3.5999999046325684,3.5999999046325684,800,0.0,0.0
2003-08-25 00:00:00-04:00,3.559999942779541,3.559999942779541,3.559999942779541,3.559999942779541,500,0.0,0.0
2003-08-26 00:00:00-04:00,3.559999942779541,3.559999942779541,3.559999942779541,3.559999942779541,0,0.0,0.0
2003-08-27 00:00:00-04:00,3.559999942779541,3.559999942779541,3.559999942779541,3.559999942779541,1000,0.0,0.0
2003-08-28 00:00:00-04:00,3.6500000953674316,3.6500000953674316,3.5999999046325684,3.5999999046325684,4500,0.0,0.0
2003-08-29 00:00:00-04:00,3.5999999046325684,3.5999999046325684,3.5999999046325684,3.5999999046325684,0,0.0,0.0
2003-09-02 00:00:00-04:00,3.609999895095825,3.700000047683716,3.609999895095825,3.700000047683716,173900,0.0,0.0
2003-09-03 00:00:00-04:00,3.700000047683716,3.700000047683716,3.700000047683716,3.700000047683716,0,0.0,0.0
2003-09-04 00:00:00-04:00,3.609999895095825,3.609999895095825,3.609999895095825,3.609999895095825,10400,0.0,0.0
2003-09-05 00:00:00-04:00,3.700000047683716,3.700000047683716,3.6600000858306885,3.6600000858306885,25500,0.0,0.0
2003-09-08 00:00:00-04:00,3.6600000858306885,3.6600000858306885,3.6600000858306885,3.6600000858306885,0,0.0,0.0
2003-09-09 00:00:00-04:00,3.619999885559082,3.700000047683716,3.619999885559082,3.700000047683716,3000,0.0,0.0
2003-09-10 00:00:00-04:00,3.680000066757202,3.680000066757202,3.6600000858306885,3.6600000858306885,8000,0.0,0.0
2003-09-11 00:00:00-04:00,3.9000000953674316,4.0,3.75,3.75,5500,0.0,0.0
2003-09-12 00:00:00-04:00,3.700000047683716,3.700000047683716,3.700000047683716,3.700000047683716,300,0.0,0.0
2003-09-15 00:00:00-04:00,3.700000047683716,3.700000047683716,3.700000047683716,3.700000047683716,100,0.0,0.0
2003-09-16 00:00:00-04:00,3.700000047683716,3.700000047683716,3.700000047683716,3.700000047683716,1500,0.0,0.0
2003-09-17 00:00:00-04:00,3.700000047683716,3.700000047683716,3.700000047683716,3.700000047683716,3000,0.0,0.0
2003-09-18 00:00:00-04:00,3.700000047683716,3.799999952316284,3.700000047683716,3.75,120600,0.0,0.0
2003-09-19 00:00:00-04:00,3.5999999046325684,3.6500000953674316,3.5999999046325684,3.6500000953674316,600,0.0,0.0
2003-09-22 00:00:00-04:00,3.6500000953674316,3.6500000953674316,3.6500000953674316,3.6500000953674316,1000,0.0,0.0
2003-09-23 00:00:00-04:00,3.6600000858306885,3.799999952316284,3.6600000858306885,3.799999952316284,1200,0.0,0.0
2003-09-24 00:00:00-04:00,3.759999990463257,3.759999990463257,3.75,3.759999990463257,7500,0.0,0.0
2003-09-25 00:00:00-04:00,3.740000009536743,3.740000009536743,3.740000009536743,3.740000009536743,5000,0.0,0.0
2003-09-26 00:00:00-04:00,3.7200000286102295,3.7200000286102295,3.7200000286102295,3.7200000286102295,4700,0.0,0.0
2003-09-29 00:00:00-04:00,3.700000047683716,3.700000047683716,3.700000047683716,3.700000047683716,300,0.0,0.0
2003-09-30 00:00:00-04:00,3.609999895095825,3.700000047683716,3.609999895095825,3.700000047683716,2100,0.0,0.0
2003-10-01 00:00:00-04:00,3.700000047683716,3.700000047683716,3.700000047683716,3.700000047683716,1300,0.0,0.0
2003-10-02 00:00:00-04:00,3.630000114440918,3.799999952316284,3.630000114440918,3.75,1300,0.0,0.0
2003-10-03 00:00:00-04:00,3.75,3.799999952316284,3.7100000381469727,3.7100000381469727,7400,0.0,0.0
2003-10-06 00:00:00-04:00,3.7100000381469727,3.75,3.7100000381469727,3.75,21000,0.0,0.0
2003-10-07 00:00:00-04:00,3.799999952316284,3.8499999046325684,3.799999952316284,3.8499999046325684,21900,0.0,0.0
2003-10-08 00:00:00-04:00,3.859999895095825,3.950000047683716,3.859999895095825,3.9000000953674316,9600,0.0,0.0
2003-10-09 00:00:00-04:00,3.950000047683716,4.0,3.869999885559082,3.869999885559082,12300,0.0,0.0
2003-10-10 00:00:00-04:00,3.869999885559082,3.869999885559082,3.869999885559082,3.869999885559082,500,0.0,0.0
2003-10-13 00:00:00-04:00,3.9100000858306885,3.9100000858306885,3.9000000953674316,3.9000000953674316,6500,0.0,0.0
2003-10-14 00:00:00-04:00,3.9000000953674316,3.940000057220459,3.799999952316284,3.9000000953674316,11900,0.0,0.0
2003-10-15 00:00:00-04:00,3.9000000953674316,4.0,3.9000000953674316,3.950000047683716,13500,0.0,0.0
2003-10-16 00:00:00-04:00,3.9600000381469727,3.9800000190734863,3.950000047683716,3.950000047683716,10600,0.0,0.0
2003-10-17 00:00:00-04:00,4.0,4.150000095367432,4.0,4.150000095367432,5100,0.0,0.0
2003-10-20 00:00:00-04:00,4.150000095367432,4.199999809265137,4.070000171661377,4.119999885559082,14400,0.0,0.0
2003-10-21 00:00:00-04:00,4.150000095367432,4.21999979019165,4.150000095367432,4.179999828338623,20700,0.0,0.0
2003-10-22 00:00:00-04:00,4.199999809265137,4.199999809265137,4.199999809265137,4.199999809265137,10900,0.0,0.0
2003-10-23 00:00:00-04:00,4.199999809265137,4.21999979019165,4.110000133514404,4.150000095367432,49000,0.0,0.0
2003-10-24 00:00:00-04:00,4.150000095367432,4.150000095367432,4.119999885559082,4.150000095367432,58100,0.0,0.0
2003-10-27 00:00:00-05:00,4.199999809265137,4.199999809265137,4.199999809265137,4.199999809265137,1100,0.0,0.0
2003-10-28 00:00:00-05:00,4.25,4.25,4.25,4.25,2000,0.0,0.0
2003-10-29 00:00:00-05:00,4.210000038146973,4.21999979019165,4.210000038146973,4.21999979019165,1100,0.0,0.0
2003-10-30 00:00:00-05:00,4.21999979019165,4.239999771118164,4.199999809265137,4.199999809265137,16000,0.0,0.0
2003-10-31 00:00:00-05:00,4.21999979019165,4.21999979019165,4.199999809265137,4.210000038146973,10900,0.0,0.0
2003-11-03 00:00:00-05:00,4.21999979019165,4.230000019073486,4.21999979019165,4.230000019073486,5500,0.0,0.0
2003-11-04 00:00:00-05:00,4.25,4.349999904632568,4.25,4.349999904632568,12200,0.0,0.0
2003-11-05 00:00:00-05:00,4.329999923706055,4.329999923706055,4.329999923706055,4.329999923706055,800,0.0,0.0
2003-11-06 00:00:00-05:00,4.349999904632568,4.599999904632568,4.349999904632568,4.550000190734863,31400,0.0,0.0
2003-11-07 00:00:00-05:00,4.550000190734863,4.599999904632568,4.550000190734863,4.599999904632568,41600,0.0,0.0
2003-11-10 00:00:00-05:00,4.599999904632568,4.599999904632568,4.599999904632568,4.599999904632568,3600,0.0,0.0
2003-11-11 00:00:00-05:00,4.599999904632568,4.75,4.570000171661377,4.75,21400,0.0,0.0
2003-11-12 00:00:00-05:00,4.800000190734863,6.0,4.800000190734863,5.75,66100,0.0,0.0
2003-11-13 00:00:00-05:00,5.75,5.949999809265137,5.71999979019165,5.800000190734863,29100,0.0,0.0
2003-11-14 00:00:00-05:00,5.760000228881836,5.840000152587891,5.760000228881836,5.840000152587891,30200,0.0,0.0
2003-11-17 00:00:00-05:00,5.769999980926514,5.769999980926514,5.619999885559082,5.619999885559082,14600,0.0,0.0
2003-11-18 00:00:00-05:00,5.619999885559082,5.619999885559082,5.619999885559082,5.619999885559082,0,0.0,0.0
2003-11-19 00:00:00-05:00,5.699999809265137,5.699999809265137,5.599999904632568,5.610000133514404,40500,0.0,0.0
2003-11-20 00:00:00-05:00,5.599999904632568,5.699999809265137,5.599999904632568,5.630000114440918,30100,0.0,0.0
2003-11-21 00:00:00-05:00,5.630000114440918,5.679999828338623,5.619999885559082,5.679999828338623,83000,0.0,0.0
2003-11-24 00:00:00-05:00,5.650000095367432,5.679999828338623,5.650000095367432,5.679999828338623,36900,0.0,0.0
2003-11-25 00:00:00-05:00,5.650000095367432,5.679999828338623,5.650000095367432,5.650000095367432,73800,0.0,0.0
2003-11-26 00:00:00-05:00,5.630000114440918,5.630000114440918,5.630000114440918,5.630000114440918,4100,0.0,0.0
2003-11-28 00:00:00-05:00,5.579999923706055,5.579999923706055,5.579999923706055,5.579999923706055,1500,0.0,0.0
2003-12-01 00:00:00-05:00,5.679999828338623,5.679999828338623,5.579999923706055,5.579999923706055,43700,0.0,0.0
2003-12-02 00:00:00-05:00,5.579999923706055,5.579999923706055,5.579999923706055,5.579999923706055,200,0.0,0.0
2003-12-03 00:00:00-05:00,5.579999923706055,5.579999923706055,5.579999923706055,5.579999923706055,1300,0.0,0.0
2003-12-04 00:00:00-05:00,5.579999923706055,5.610000133514404,5.579999923706055,5.610000133514404,31800,0.0,0.0
2003-12-05 00:00:00-05:00,5.610000133514404,5.650000095367432,5.579999923706055,5.650000095367432,30600,0.0,0.0
2003-12-08 00:00:00-05:00,5.599999904632568,5.699999809265137,5.599999904632568,5.650000095367432,48200,0.0,0.0
2003-12-09 00:00:00-05:00,5.619999885559082,5.699999809265137,5.619999885559082,5.650000095367432,22600,0.0,0.0
2003-12-10 00:00:00-05:00,5.650000095367432,5.650000095367432,5.650000095367432,5.650000095367432,1500,0.0,0.0
2003-12-11 00:00:00-05:00,5.659999847412109,5.659999847412109,5.659999847412109,5.659999847412109,2200,0.0,0.0
2003-12-12 00:00:00-05:00,5.679999828338623,5.679999828338623,5.659999847412109,5.679999828338623,6500,0.0,0.0
2003-12-15 00:00:00-05:00,5.670000076293945,5.760000228881836,5.670000076293945,5.760000228881836,400,0.0,0.0
2003-12-16 00:00:00-05:00,5.670000076293945,5.670000076293945,5.650000095367432,5.650000095367432,1200,0.0,0.0
2003-12-17 00:00:00-05:00,5.650000095367432,5.659999847412109,5.650000095367432,5.659999847412109,1100,0.0,0.0
2003-12-18 00:00:00-05:00,5.75,5.800000190734863,5.670000076293945,5.75,6500,0.0,0.0
2003-12-19 00:00:00-05:00,5.699999809265137,5.699999809265137,5.659999847412109,5.670000076293945,15900,0.0,0.0
2003-12-22 00:00:00-05:00,5.670000076293945,5.75,5.670000076293945,5.71999979019165,11900,0.0,0.0
2003-12-23 00:00:00-05:00,5.699999809265137,5.699999809265137,5.659999847412109,5.659999847412109,4700,0.0,0.0
2003-12-24 00:00:00-05:00,5.659999847412109,5.659999847412109,5.659999847412109,5.659999847412109,0,0.0,0.0
2003-12-26 00:00:00-05:00,5.659999847412109,5.659999847412109,5.659999847412109,5.659999847412109,400,0.0,0.0
2003-12-29 00:00:00-05:00,5.659999847412109,5.659999847412109,5.659999847412109,5.659999847412109,2900,0.0,0.0
2003-12-30 00:00:00-05:00,5.659999847412109,5.659999847412109,5.5,5.519999980926514,44200,0.0,0.0
2003-12-31 00:00:00-05:00,5.570000171661377,5.659999847412109,5.570000171661377,5.659999847412109,5800,0.0,0.0
2004-01-02 00:00:00-05:00,5.75,5.75,5.650000095367432,5.75,1200,0.0,0.0
2004-01-05 00:00:00-05:00,5.800000190734863,5.849999904632568,5.800000190734863,5.849999904632568,2800,0.0,0.0
2004-01-06 00:00:00-05:00,5.849999904632568,5.849999904632568,5.699999809265137,5.75,55600,0.0,0.0
2004-01-07 00:00:00-05:00,5.75,5.75,5.75,5.75,200,0.0,0.0
2004-01-08 00:00:00-05:00,5.849999904632568,5.949999809265137,5.820000171661377,5.849999904632568,13500,0.0,0.0
2004-01-09 00:00:00-05:00,5.929999828338623,6.75,5.849999904632568,6.75,70300,0.0,0.0
2004-01-12 00:00:00-05:00,6.300000190734863,6.400000095367432,6.25,6.300000190734863,28100,0.0,0.0
2004-01-13 00:00:00-05:00,6.400000095367432,6.400000095367432,6.349999904632568,6.349999904632568,2500,0.0,0.0
2004-01-14 00:00:00-05:00,6.349999904632568,6.389999866485596,6.300000190734863,6.300000190734863,7300,0.0,0.0
2004-01-15 00:00:00-05:00,6.309999942779541,6.650000095367432,6.309999942779541,6.599999904632568,37200,0.0,0.0
2004-01-16 00:00:00-05:00,6.75,6.75,6.5,6.650000095367432,11500,0.0,0.0
2004-01-20 00:00:00-05:00,6.599999904632568,6.599999904632568,6.309999942779541,6.309999942779541,17000,0.0,0.0
2004-01-21 00:00:00-05:00,6.309999942779541,6.349999904632568,6.300000190734863,6.309999942779541,11400,0.0,0.0
2004-01-22 00:00:00-05:00,6.349999904632568,6.349999904632568,6.300000190734863,6.320000171661377,7300,0.0,0.0
2004-01-23 00:00:00-05:00,6.300000190734863,6.320000171661377,6.300000190734863,6.300000190734863,12200,0.0,0.0
2004-01-26 00:00:00-05:00,6.349999904632568,6.5,6.320000171661377,6.5,4900,0.0,0.0
2004-01-27 00:00:00-05:00,6.449999809265137,6.449999809265137,6.349999904632568,6.349999904632568,13000,0.0,0.0
2004-01-28 00:00:00-05:00,6.449999809265137,6.449999809265137,6.349999904632568,6.349999904632568,30000,0.0,0.0
2004-01-29 00:00:00-05:00,6.300000190734863,6.300000190734863,6.300000190734863,6.300000190734863,2500,0.0,0.0
2004-01-30 00:00:00-05:00,6.300000190734863,6.300000190734863,6.25,6.25,4700,0.0,0.0
2004-02-02 00:00:00-05:00,6.349999904632568,6.400000095367432,6.25,6.25,21900,0.0,0.0
2004-02-03 00:00:00-05:00,6.25,6.25,6.25,6.25,900,0.0,0.0
2004-02-04 00:00:00-05:00,6.269999980926514,6.269999980926514,6.21999979019165,6.25,42400,0.0,0.0
2004-02-05 00:00:00-05:00,6.300000190734863,6.300000190734863,6.25,6.300000190734863,7800,0.0,0.0
2004-02-06 00:00:00-05:00,6.300000190734863,6.300000190734863,6.300000190734863,6.300000190734863,500,0.0,0.0
2004-02-09 00:00:00-05:00,6.210000038146973,6.449999809265137,6.099999904632568,6.349999904632568,78300,0.0,0.0
2004-02-10 00:00:00-05:00,6.349999904632568,6.400000095367432,6.28000020980835,6.300000190734863,21400,0.0,0.0
2004-02-11 00:00:00-05:00,6.349999904632568,6.380000114440918,6.300000190734863,6.349999904632568,42300,0.0,0.0
2004-02-12 00:00:00-05:00,6.349999904632568,6.349999904632568,6.349999904632568,6.349999904632568,47700,0.0,0.0
2004-02-13 00:00:00-05:00,6.349999904632568,6.349999904632568,6.349999904632568,6.349999904632568,0,0.0,0.0
2004-02-17 00:00:00-05:00,6.389999866485596,6.389999866485596,6.349999904632568,6.389999866485596,9700,0.0,0.0
2004-02-18 00:00:00-05:00,6.599999904632568,6.599999904632568,6.449999809265137,6.599999904632568,12100,0.0,0.0
2004-02-19 00:00:00-05:00,6.650000095367432,7.25,6.650000095367432,7.25,84600,0.0,0.0
2004-02-20 00:00:00-05:00,7.300000190734863,7.400000095367432,7.25,7.400000095367432,68700,0.0,0.0
2004-02-23 00:00:00-05:00,7.349999904632568,7.579999923706055,7.349999904632568,7.550000190734863,58400,0.0,0.0
2004-02-24 00:00:00-05:00,7.550000190734863,7.550000190734863,7.449999809265137,7.449999809265137,35300,0.0,0.0
2004-02-25 00:00:00-05:00,7.449999809265137,7.5,7.449999809265137,7.449999809265137,2200,0.0,0.0
2004-02-26 00:00:00-05:00,7.480000019073486,7.480000019073486,7.480000019073486,7.480000019073486,2800,0.0,0.0
2004-02-27 00:00:00-05:00,7.5,7.75,7.5,7.650000095367432,116400,0.0,0.0
2004-03-01 00:00:00-05:00,7.650000095367432,7.699999809265137,7.650000095367432,7.650000095367432,79700,0.0,0.0
2004-03-02 00:00:00-05:00,7.699999809265137,7.699999809265137,7.5,7.550000190734863,9800,0.0,0.0
2004-03-03 00:00:00-05:00,7.5,7.550000190734863,7.5,7.5,6500,0.0,0.0
2004-03-04 00:00:00-05:00,7.5,7.5,7.5,7.5,0,0.0,0.0
2004-03-05 00:00:00-05:00,7.650000095367432,7.900000095367432,7.650000095367432,7.849999904632568,130900,0.0,0.0
2004-03-08 00:00:00-05:00,7.75,7.800000190734863,7.75,7.800000190734863,15400,0.0,0.0
2004-03-09 00:00:00-05:00,7.75,7.800000190734863,7.75,7.75,14700,0.0,0.0
2004-03-10 00:00:00-05:00,7.75,7.849999904632568,7.75,7.789999961853027,18100,0.0,0.0
2004-03-11 00:00:00-05:00,7.75,7.849999904632568,7.75,7.75,10000,0.0,0.0
2004-03-12 00:00:00-05:00,7.650000095367432,7.699999809265137,7.5,7.5,2100,0.0,0.0
2004-03-15 00:00:00-05:00,7.5,7.5,7.059999942779541,7.25,21800,0.0,0.0
2004-03-16 00:00:00-05:00,7.199999809265137,7.25,7.199999809265137,7.199999809265137,30600,0.0,0.0
2004-03-17 00:00:00-05:00,7.0,7.599999904632568,7.0,7.599999904632568,23300,0.0,0.0
2004-03-18 00:00:00-05:00,7.400000095367432,7.699999809265137,7.400000095367432,7.699999809265137,1500,0.0,0.0
2004-03-19 00:00:00-05:00,7.699999809265137,8.0,7.699999809265137,7.949999809265137,166500,0.0,0.0
2004-03-22 00:00:00-05:00,7.849999904632568,8.25,7.849999904632568,8.149999618530273,37700,0.0,0.0
2004-03-23 00:00:00-05:00,8.25,8.300000190734863,8.199999809265137,8.25,18400,0.0,0.0
2004-03-24 00:00:00-05:00,8.199999809265137,8.25,8.0,8.199999809265137,9400,0.0,0.0
2004-03-25 00:00:00-05:00,8.199999809265137,8.199999809265137,8.0,8.149999618530273,20700,0.0,0.0
2004-03-26 00:00:00-05:00,8.300000190734863,8.300000190734863,8.199999809265137,8.25,27500,0.0,0.0
2004-03-29 00:00:00-05:00,8.25,8.300000190734863,8.199999809265137,8.25,12400,0.0,0.0
2004-03-30 00:00:00-05:00,8.25,8.25,8.149999618530273,8.199999809265137,4800,0.0,0.0
2004-03-31 00:00:00-05:00,8.199999809265137,8.350000381469727,8.199999809265137,8.350000381469727,82600,0.0,0.0
2004-04-01 00:00:00-05:00,8.5,8.5,8.5,8.5,1500,0.0,0.0
2004-04-02 00:00:00-05:00,8.5,8.5,8.199999809265137,8.300000190734863,13800,0.0,0.0
2004-04-05 00:00:00-04:00,8.300000190734863,8.350000381469727,8.300000190734863,8.350000381469727,10100,0.0,0.0
2004-04-06 00:00:00-04:00,8.350000381469727,8.399999618530273,8.350000381469727,8.350000381469727,3000,0.0,0.0
2004-04-07 00:00:00-04:00,8.399999618530273,8.449999809265137,8.350000381469727,8.449999809265137,2900,0.0,0.0
2004-04-08 00:00:00-04:00,8.5,8.5,8.399999618530273,8.5,6600,0.0,0.0
2004-04-12 00:00:00-04:00,8.399999618530273,8.5,8.399999618530273,8.420000076293945,5800,0.0,0.0
2004-04-13 00:00:00-04:00,8.5,8.649999618530273,8.449999809265137,8.649999618530273,42800,0.0,0.0
2004-04-14 00:00:00-04:00,8.649999618530273,8.899999618530273,8.600000381469727,8.899999618530273,33600,0.0,0.0
2004-04-15 00:00:00-04:00,8.899999618530273,8.899999618530273,8.899999618530273,8.899999618530273,2000,0.0,0.0
2004-04-16 00:00:00-04:00,8.899999618530273,9.0,8.859999656677246,9.0,22000,0.0,0.0
2004-04-19 00:00:00-04:00,8.899999618530273,9.0,8.75,9.0,6900,0.0,0.0
2004-04-20 00:00:00-04:00,9.0,9.0,9.0,9.0,0,0.0,0.0
2004-04-21 00:00:00-04:00,8.850000381469727,9.0,8.800000190734863,8.800000190734863,4100,0.0,0.0
2004-04-22 00:00:00-04:00,8.550000190734863,8.949999809265137,8.550000190734863,8.949999809265137,1100,0.0,0.0
2004-04-23 00:00:00-04:00,8.5,8.5,8.5,8.5,200,0.0,0.0
2004-04-26 00:00:00-04:00,8.5,8.5,8.5,8.5,0,0.0,0.0
2004-04-27 00:00:00-04:00,8.949999809265137,8.949999809265137,8.75,8.75,4600,0.0,0.0
2004-04-28 00:00:00-04:00,8.75,8.850000381469727,8.199999809265137,8.350000381469727,13400,0.0,0.0
2004-04-29 00:00:00-04:00,8.300000190734863,8.350000381469727,8.25,8.350000381469727,13700,0.0,0.0
2004-04-30 00:00:00-04:00,8.399999618530273,8.399999618530273,8.350000381469727,8.350000381469727,10200,0.0,0.0
2004-05-03 00:00:00-04:00,8.350000381469727,8.350000381469727,8.350000381469727,8.350000381469727,0,0.0,0.0
2004-05-04 00:00:00-04:00,8.199999809265137,8.350000381469727,8.199999809265137,8.350000381469727,4800,0.0,0.0
2004-05-05 00:00:00-04:00,8.350000381469727,8.399999618530273,8.350000381469727,8.399999618530273,2600,0.0,0.0
2004-05-06 00:00:00-04:00,8.399999618530273,8.5,8.350000381469727,8.5,2000,0.0,0.0
2004-05-07 00:00:00-04:00,8.550000190734863,8.550000190734863,8.5,8.550000190734863,6400,0.0,0.0
2004-05-10 00:00:00-04:00,8.550000190734863,8.75,8.399999618530273,8.600000381469727,75000,0.0,0.0
2004-05-11 00:00:00-04:00,8.699999809265137,8.699999809265137,8.699999809265137,8.699999809265137,2000,0.0,0.0
2004-05-12 00:00:00-04:00,8.350000381469727,8.550000190734863,8.350000381469727,8.550000190734863,9500,0.0,0.0
2004-05-13 00:00:00-04:00,8.550000190734863,8.550000190734863,8.399999618530273,8.5,6600,0.0,0.0
2004-05-14 00:00:00-04:00,8.449999809265137,8.449999809265137,8.390000343322754,8.390000343322754,1000,0.0,0.0
2004-05-17 00:00:00-04:00,8.350000381469727,8.350000381469727,7.599999904632568,8.0,5800,0.0,0.0
2004-05-18 00:00:00-04:00,8.0,8.100000381469727,8.0,8.100000381469727,8500,0.0,0.0
2004-05-19 00:00:00-04:00,8.0,8.0,7.349999904632568,7.449999809265137,33800,0.0,0.0
2004-05-20 00:00:00-04:00,6.0,7.5,6.0,7.5,35600,0.0,0.0
2004-05-21 00:00:00-04:00,7.599999904632568,7.949999809265137,7.25,7.949999809265137,2300,0.0,0.0
2004-05-24 00:00:00-04:00,7.650000095367432,7.800000190734863,7.5,7.800000190734863,2600,0.0,0.0
2004-05-25 00:00:00-04:00,7.800000190734863,7.800000190734863,7.300000190734863,7.5,71800,0.0,0.0
2004-05-26 00:00:00-04:00,7.25,7.25,7.25,7.25,1100,0.0,0.0
2004-05-27 00:00:00-04:00,7.599999904632568,8.0,7.599999904632568,8.0,700,0.0,0.0
2004-05-28 00:00:00-04:00,8.0,8.5,8.0,8.5,9000,0.0,0.0
2004-06-01 00:00:00-04:00,8.5,8.5,8.5,8.5,0,0.0,0.0
2004-06-02 00:00:00-04:00,8.449999809265137,8.550000190734863,7.800000190734863,7.900000095367432,25400,0.0,0.0
2004-06-03 00:00:00-04:00,7.199999809265137,8.300000190734863,7.199999809265137,8.0,20400,0.0,0.0
2004-06-04 00:00:00-04:00,8.050000190734863,8.050000190734863,8.050000190734863,8.050000190734863,500,0.0,0.0
2004-06-07 00:00:00-04:00,8.050000190734863,8.050000190734863,8.050000190734863,8.050000190734863,0,0.0,0.0
2004-06-08 00:00:00-04:00,8.0,8.020000457763672,7.300000190734863,7.900000095367432,10000,0.0,0.0
2004-06-09 00:00:00-04:00,7.650000095367432,7.75,7.650000095367432,7.75,300,0.0,0.0
2004-06-10 00:00:00-04:00,7.599999904632568,8.029999732971191,7.599999904632568,8.029999732971191,4900,0.0,0.0
2004-06-14 00:00:00-04:00,8.029999732971191,8.029999732971191,8.029999732971191,8.029999732971191,0,0.0,0.0
2004-06-15 00:00:00-04:00,7.900000095367432,8.0,7.699999809265137,8.0,6700,0.0,0.0
2004-06-16 00:00:00-04:00,7.800000190734863,8.029999732971191,7.800000190734863,8.029999732971191,3800,0.0,0.0
2004-06-17 00:00:00-04:00,8.029999732971191,8.029999732971191,8.029999732971191,8.029999732971191,0,0.0,0.0
2004-06-18 00:00:00-04:00,8.029999732971191,8.029999732971191,7.949999809265137,7.949999809265137,1100,0.0,0.0
2004-06-21 00:00:00-04:00,7.5,7.75,7.5,7.75,13600,0.0,0.0
2004-06-22 00:00:00-04:00,8.0,8.0,7.800000190734863,7.800000190734863,30200,0.0,0.0
2004-06-23 00:00:00-04:00,7.800000190734863,8.029999732971191,7.800000190734863,8.029999732971191,2200,0.0,0.0
2004-06-24 00:00:00-04:00,7.800000190734863,8.0,7.800000190734863,8.0,3300,0.0,0.0
2004-06-25 00:00:00-04:00,7.949999809265137,8.050000190734863,7.949999809265137,7.989999771118164,5000,0.0,0.0
2004-06-28 00:00:00-04:00,7.800000190734863,8.100000381469727,7.800000190734863,8.0,6800,0.0,0.0
2004-06-29 00:00:00-04:00,8.0,8.0,8.0,8.0,100,0.0,0.0
2004-06-30 00:00:00-04:00,8.050000190734863,9.550000190734863,8.0,9.350000381469727,150500,0.0,0.0
2004-07-01 00:00:00-04:00,9.350000381469727,9.399999618530273,9.149999618530273,9.199999809265137,26800,0.0,0.0
2004-07-02 00:00:00-04:00,9.399999618530273,9.550000190734863,9.399999618530273,9.5,16000,0.0,0.0
2004-07-06 00:00:00-04:00,9.550000190734863,9.600000381469727,9.350000381469727,9.350000381469727,5300,0.0,0.0
2004-07-07 00:00:00-04:00,9.449999809265137,9.449999809265137,9.130000114440918,9.260000228881836,24500,0.0,0.0
2004-07-08 00:00:00-04:00,9.210000038146973,9.210000038146973,9.210000038146973,9.210000038146973,5500,0.0,0.0
2004-07-09 00:00:00-04:00,9.25,9.300000190734863,9.25,9.300000190734863,11400,0.0,0.0
2004-07-12 00:00:00-04:00,9.199999809265137,9.270000457763672,9.100000381469727,9.25,10000,0.0,0.0
2004-07-13 00:00:00-04:00,9.050000190734863,9.199999809265137,8.649999618530273,9.100000381469727,13700,0.0,0.0
2004-07-14 00:00:00-04:00,9.149999618530273,9.300000190734863,9.149999618530273,9.25,7500,0.0,0.0
2004-07-15 00:00:00-04:00,9.0,9.0,9.0,9.0,200,0.0,0.0
2004-07-16 00:00:00-04:00,9.300000190734863,9.449999809265137,9.149999618530273,9.399999618530273,3600,0.0,0.0
2004-07-19 00:00:00-04:00,9.300000190734863,9.399999618530273,9.149999618530273,9.399999618530273,59700,0.0,0.0
2004-07-20 00:00:00-04:00,9.479999542236328,9.479999542236328,9.050000190734863,9.350000381469727,12200,0.0,0.0
2004-07-21 00:00:00-04:00,9.449999809265137,9.899999618530273,9.449999809265137,9.75,8500,0.0,0.0
2004-07-22 00:00:00-04:00,9.760000228881836,9.760000228881836,9.449999809265137,9.670000076293945,20100,0.0,0.0
2004-07-23 00:00:00-04:00,9.699999809265137,9.75,9.649999618530273,9.75,8900,0.0,0.0
2004-07-26 00:00:00-04:00,10.0,10.010000228881836,9.75,9.800000190734863,24700,0.0,0.0
2004-07-27 00:00:00-04:00,9.800000190734863,9.800000190734863,9.800000190734863,9.800000190734863,0,0.0,0.0
2004-07-28 00:00:00-04:00,9.850000381469727,9.850000381469727,9.75,9.800000190734863,4700,0.0,0.0
2004-07-29 00:00:00-04:00,9.75,9.800000190734863,9.75,9.800000190734863,2500,0.0,0.0
2004-07-30 00:00:00-04:00,10.010000228881836,10.149999618530273,9.75,10.0,53600,0.0,0.0
2004-08-02 00:00:00-04:00,9.979999542236328,9.979999542236328,9.5,9.5,4100,0.0,0.0
2004-08-03 00:00:00-04:00,9.5,9.600000381469727,9.5,9.600000381469727,3000,0.0,0.0
2004-08-04 00:00:00-04:00,9.5,9.5,9.399999618530273,9.399999618530273,1000,0.0,0.0
2004-08-05 00:00:00-04:00,9.399999618530273,9.550000190734863,9.300000190734863,9.300000190734863,4200,0.0,0.0
2004-08-06 00:00:00-04:00,9.300000190734863,9.300000190734863,9.300000190734863,9.300000190734863,800,0.0,0.0
2004-08-09 00:00:00-04:00,9.25,9.300000190734863,9.0,9.199999809265137,16700,0.0,0.0
2004-08-10 00:00:00-04:00,8.949999809265137,9.100000381469727,8.699999809265137,9.0,12100,0.0,0.0
2004-08-11 00:00:00-04:00,8.699999809265137,8.699999809265137,8.699999809265137,8.699999809265137,1200,0.0,0.0
2004-08-12 00:00:00-04:00,9.0,9.0,9.0,9.0,1500,0.0,0.0
2004-08-13 00:00:00-04:00,9.0,9.300000190734863,8.699999809265137,9.300000190734863,6500,0.0,0.0
2004-08-16 00:00:00-04:00,9.300000190734863,9.300000190734863,9.300000190734863,9.300000190734863,1000,0.0,0.0
2004-08-17 00:00:00-04:00,9.25,9.300000190734863,8.0,8.350000381469727,36800,0.0,0.0
2004-08-18 00:00:00-04:00,8.050000190734863,8.149999618530273,7.800000190734863,7.800000190734863,91800,0.0,0.0
2004-08-19 00:00:00-04:00,7.699999809265137,7.699999809265137,7.150000095367432,7.349999904632568,15900,0.0,0.0
2004-08-20 00:00:00-04:00,7.5,7.5,7.300000190734863,7.300000190734863,2000,0.0,0.0
2004-08-23 00:00:00-04:00,7.5,7.5,7.449999809265137,7.5,10500,0.0,0.0
2004-08-24 00:00:00-04:00,7.309999942779541,7.5,7.309999942779541,7.5,11800,0.0,0.0
2004-08-25 00:00:00-04:00,7.449999809265137,7.730000019073486,7.449999809265137,7.5,52900,0.0,0.0
2004-08-26 00:00:00-04:00,7.5,7.5,7.480000019073486,7.480000019073486,9200,0.0,0.0
2004-08-27 00:00:00-04:00,7.449999809265137,7.550000190734863,7.449999809265137,7.550000190734863,9600,0.0,0.0
2004-08-30 00:00:00-04:00,7.5,7.5,7.449999809265137,7.5,4000,0.0,0.0
2004-08-31 00:00:00-04:00,7.550000190734863,7.550000190734863,7.550000190734863,7.550000190734863,5000,0.0,0.0
2004-09-01 00:00:00-04:00,7.449999809265137,7.449999809265137,7.449999809265137,7.449999809265137,2300,0.0,0.0
2004-09-02 00:00:00-04:00,7.550000190734863,7.550000190734863,7.5,7.5,84100,0.0,0.0
2004-09-03 00:00:00-04:00,7.550000190734863,7.550000190734863,7.539999961853027,7.539999961853027,5700,0.0,0.0
2004-09-07 00:00:00-04:00,7.550000190734863,7.599999904632568,7.5,7.5,76200,0.0,0.0
2004-09-08 00:00:00-04:00,7.519999980926514,7.570000171661377,7.5,7.570000171661377,37700,0.0,0.0
2004-09-09 00:00:00-04:00,7.550000190734863,7.550000190734863,7.5,7.5,900,0.0,0.0
2004-09-10 00:00:00-04:00,7.550000190734863,7.550000190734863,7.550000190734863,7.550000190734863,800,0.0,0.0
2004-09-13 00:00:00-04:00,7.599999904632568,7.599999904632568,7.550000190734863,7.599999904632568,27300,0.0,0.0
2004-09-14 00:00:00-04:00,7.5,7.519999980926514,7.400000095367432,7.519999980926514,4000,0.0,0.0
2004-09-15 00:00:00-04:00,7.400000095367432,7.5,7.400000095367432,7.5,3800,0.0,0.0
2004-09-16 00:00:00-04:00,7.5,7.5,7.449999809265137,7.449999809265137,2000,0.0,0.0
2004-09-17 00:00:00-04:00,7.5,7.5,7.5,7.5,6500,0.0,0.0
2004-09-20 00:00:00-04:00,7.5,7.5,7.5,7.5,700,0.0,0.0
2004-09-21 00:00:00-04:00,7.53000020980835,7.599999904632568,7.300000190734863,7.599999904632568,16600,0.0,0.0
2004-09-22 00:00:00-04:00,7.320000171661377,7.5,7.300000190734863,7.300000190734863,3200,0.0,0.0
2004-09-23 00:00:00-04:00,7.300000190734863,7.300000190734863,7.300000190734863,7.300000190734863,0,0.0,0.0
2004-09-24 00:00:00-04:00,7.300000190734863,7.300000190734863,7.300000190734863,7.300000190734863,0,0.0,0.0
2004-09-27 00:00:00-04:00,7.25,7.25,7.150000095367432,7.150000095367432,2900,0.0,0.0
2004-09-28 00:00:00-04:00,7.150000095367432,7.150000095367432,7.150000095367432,7.150000095367432,500,0.0,0.0
2004-09-29 00:00:00-04:00,7.150000095367432,7.150000095367432,7.150000095367432,7.150000095367432,0,0.0,0.0
2004-09-30 00:00:00-04:00,7.5,7.5,7.5,7.5,3000,0.0,0.0
2004-10-01 00:00:00-04:00,7.5,7.5,7.25,7.5,17200,0.0,0.0
2004-10-04 00:00:00-04:00,7.5,7.5,7.5,7.5,400,0.0,0.0
2004-10-05 00:00:00-04:00,7.300000190734863,7.5,7.25,7.5,10600,0.0,0.0
2004-10-06 00:00:00-04:00,7.349999904632568,7.5,7.349999904632568,7.449999809265137,20600,0.0,0.0
2004-10-07 00:00:00-04:00,7.400000095367432,7.400000095367432,7.400000095367432,7.400000095367432,5000,0.0,0.0
2004-10-08 00:00:00-04:00,7.349999904632568,7.599999904632568,7.349999904632568,7.599999904632568,4300,0.0,0.0
2004-10-11 00:00:00-04:00,7.599999904632568,7.599999904632568,7.5,7.5,12100,0.0,0.0
2004-10-12 00:00:00-04:00,7.349999904632568,7.349999904632568,7.349999904632568,7.349999904632568,300,0.0,0.0
2004-10-13 00:00:00-04:00,7.349999904632568,7.75,7.349999904632568,7.5,28100,0.0,0.0
2004-10-14 00:00:00-04:00,7.349999904632568,7.610000133514404,7.300000190734863,7.610000133514404,17300,0.0,0.0
2004-10-15 00:00:00-04:00,7.599999904632568,8.0,7.599999904632568,7.900000095367432,10100,0.0,0.0
2004-10-18 00:00:00-04:00,7.900000095367432,7.900000095367432,7.900000095367432,7.900000095367432,0,0.0,0.0
2004-10-19 00:00:00-04:00,7.900000095367432,7.900000095367432,7.900000095367432,7.900000095367432,0,0.0,0.0
2004-10-20 00:00:00-04:00,7.900000095367432,8.0,7.900000095367432,8.0,3500,0.0,0.0
2004-10-21 00:00:00-04:00,8.0,8.0,8.0,8.0,0,0.0,0.0
2004-10-22 00:00:00-04:00,8.0,8.140000343322754,8.0,8.0,1600,0.0,0.0
2004-10-25 00:00:00-04:00,8.0,8.0,8.0,8.0,0,0.0,0.0
2004-10-26 00:00:00-04:00,7.949999809265137,8.100000381469727,7.949999809265137,8.100000381469727,1300,0.0,0.0
2004-10-27 00:00:00-04:00,8.149999618530273,8.149999618530273,8.149999618530273,8.149999618530273,1000,0.0,0.0
2004-10-28 00:00:00-04:00,8.199999809265137,8.199999809265137,8.1899995803833,8.1899995803833,2700,0.0,0.0
2004-10-29 00:00:00-04:00,8.199999809265137,8.199999809265137,8.149999618530273,8.149999618530273,900,0.0,0.0
2004-11-01 00:00:00-05:00,8.149999618530273,8.149999618530273,8.149999618530273,8.149999618530273,400,0.0,0.0
2004-11-02 00:00:00-05:00,8.149999618530273,8.149999618530273,8.149999618530273,8.149999618530273,200,0.0,0.0
2004-11-03 00:00:00-05:00,8.149999618530273,8.199999809265137,8.149999618530273,8.1899995803833,11000,0.0,0.0
2004-11-04 00:00:00-05:00,8.199999809265137,8.289999961853027,8.199999809265137,8.289999961853027,10000,0.0,0.0
2004-11-05 00:00:00-05:00,8.289999961853027,8.289999961853027,8.289999961853027,8.289999961853027,0,0.0,0.0
2004-11-08 00:00:00-05:00,8.289999961853027,8.289999961853027,8.289999961853027,8.289999961853027,0,0.0,0.0
2004-11-09 00:00:00-05:00,8.300000190734863,8.300000190734863,8.25,8.25,4000,0.0,0.0
2004-11-10 00:00:00-05:00,8.289999961853027,8.289999961853027,8.289999961853027,8.289999961853027,1800,0.0,0.0
2004-11-11 00:00:00-05:00,8.289999961853027,8.289999961853027,8.289999961853027,8.289999961853027,0,0.0,0.0
2004-11-12 00:00:00-05:00,8.25,8.25,8.25,8.25,400,0.0,0.0
2004-11-15 00:00:00-05:00,8.25,8.25,8.25,8.25,200,0.0,0.0
2004-11-16 00:00:00-05:00,8.25,8.25,7.400000095367432,7.900000095367432,119100,0.0,0.0
2004-11-17 00:00:00-05:00,7.75,7.75,7.550000190734863,7.75,34000,0.0,0.0
2004-11-18 00:00:00-05:00,7.699999809265137,7.800000190734863,7.699999809265137,7.699999809265137,14000,0.0,0.0
2004-11-19 00:00:00-05:00,7.699999809265137,7.699999809265137,7.699999809265137,7.699999809265137,0,0.0,0.0
2004-11-22 00:00:00-05:00,7.650000095367432,7.650000095367432,7.449999809265137,7.449999809265137,2300,0.0,0.0
2004-11-23 00:00:00-05:00,7.449999809265137,7.5,7.25,7.5,20000,0.0,0.0
2004-11-24 00:00:00-05:00,7.28000020980835,7.28000020980835,7.050000190734863,7.150000095367432,18400,0.0,0.0
2004-11-26 00:00:00-05:00,7.449999809265137,7.480000019073486,7.150000095367432,7.150000095367432,1200,0.0,0.0
2004-11-29 00:00:00-05:00,7.150000095367432,7.199999809265137,7.150000095367432,7.199999809265137,2400,0.0,0.0
2004-11-30 00:00:00-05:00,7.21999979019165,7.449999809265137,7.21999979019165,7.449999809265137,6900,0.0,0.0
2004-12-01 00:00:00-05:00,7.480000019073486,7.480000019073486,7.25,7.449999809265137,14600,0.0,0.0
2004-12-02 00:00:00-05:00,7.449999809265137,7.5,7.449999809265137,7.5,18000,0.0,0.0
2004-12-03 00:00:00-05:00,7.599999904632568,7.599999904632568,7.599999904632568,7.599999904632568,1000,0.0,0.0
2004-12-06 00:00:00-05:00,7.599999904632568,7.599999904632568,7.599999904632568,7.599999904632568,10000,0.0,0.0
2004-12-07 00:00:00-05:00,7.800000190734863,7.900000095367432,7.699999809265137,7.900000095367432,43800,0.0,0.0
2004-12-08 00:00:00-05:00,8.0,8.399999618530273,8.0,8.399999618530273,15700,0.0,0.0
2004-12-09 00:00:00-05:00,8.5,8.600000381469727,8.300000190734863,8.539999961853027,9300,0.0,0.0
2004-12-10 00:00:00-05:00,8.449999809265137,8.800000190734863,8.449999809265137,8.760000228881836,2200,0.0,0.0
2004-12-13 00:00:00-05:00,9.0,9.0,8.5,8.5,22800,0.0,0.0
2004-12-14 00:00:00-05:00,8.529999732971191,8.75,8.5,8.75,4800,0.0,0.0
2004-12-15 00:00:00-05:00,8.75,8.899999618530273,8.550000190734863,8.760000228881836,4700,0.0,0.0
2004-12-16 00:00:00-05:00,8.699999809265137,8.75,8.699999809265137,8.75,5200,0.0,0.0
2004-12-17 00:00:00-05:00,8.75,8.75,8.699999809265137,8.699999809265137,2000,0.0,0.0
2004-12-20 00:00:00-05:00,8.899999618530273,9.100000381469727,8.899999618530273,9.0,8500,0.0,0.0
2004-12-21 00:00:00-05:00,8.949999809265137,9.149999618530273,8.949999809265137,9.100000381469727,13600,0.0,0.0
2004-12-22 00:00:00-05:00,9.149999618530273,9.199999809265137,9.050000190734863,9.199999809265137,2600,0.0,0.0
2004-12-23 00:00:00-05:00,9.25,9.350000381469727,9.199999809265137,9.300000190734863,13100,0.0,0.0
2004-12-27 00:00:00-05:00,9.449999809265137,9.5,9.300000190734863,9.300000190734863,5500,0.0,0.0
2004-12-28 00:00:00-05:00,9.369999885559082,9.649999618530273,9.369999885559082,9.5,13600,0.0,0.0
2004-12-29 00:00:00-05:00,9.449999809265137,9.649999618530273,9.449999809265137,9.640000343322754,10600,0.0,0.0
2004-12-30 00:00:00-05:00,9.550000190734863,9.699999809265137,9.449999809265137,9.699999809265137,7200,0.0,0.0
2004-12-31 00:00:00-05:00,9.449999809265137,9.649999618530273,9.449999809265137,9.5,12600,0.0,0.0
2005-01-03 00:00:00-05:00,9.300000190734863,9.5,9.25,9.449999809265137,6600,0.0,0.0
2005-01-04 00:00:00-05:00,9.449999809265137,9.59000015258789,9.149999618530273,9.59000015258789,4700,0.0,0.0
2005-01-05 00:00:00-05:00,9.59000015258789,9.789999961853027,9.5,9.699999809265137,2200,0.0,0.0
2005-01-06 00:00:00-05:00,9.600000381469727,9.699999809265137,9.600000381469727,9.699999809265137,1500,0.0,0.0
2005-01-07 00:00:00-05:00,9.699999809265137,9.699999809265137,9.699999809265137,9.699999809265137,0,0.0,0.0
2005-01-10 00:00:00-05:00,9.399999618530273,9.789999961853027,9.399999618530273,9.699999809265137,1400,0.0,0.0
2005-01-11 00:00:00-05:00,9.75,9.789999961853027,9.350000381469727,9.5,8100,0.0,0.0
2005-01-12 00:00:00-05:00,9.399999618530273,9.449999809265137,9.399999618530273,9.399999618530273,3300,0.0,0.0
2005-01-13 00:00:00-05:00,9.399999618530273,9.449999809265137,9.399999618530273,9.449999809265137,2200,0.0,0.0
2005-01-14 00:00:00-05:00,9.449999809265137,9.5,9.449999809265137,9.5,2300,0.0,0.0
2005-01-18 00:00:00-05:00,9.449999809265137,9.449999809265137,9.449999809265137,9.449999809265137,500,0.0,0.0
2005-01-19 00:00:00-05:00,9.449999809265137,9.449999809265137,9.300000190734863,9.449999809265137,16600,0.0,0.0
2005-01-20 00:00:00-05:00,9.449999809265137,9.449999809265137,9.449999809265137,9.449999809265137,0,0.0,0.0
2005-01-21 00:00:00-05:00,9.350000381469727,9.350000381469727,9.350000381469727,9.350000381469727,900,0.0,0.0
2005-01-24 00:00:00-05:00,9.300000190734863,9.300000190734863,9.300000190734863,9.300000190734863,100,0.0,0.0
2005-01-25 00:00:00-05:00,9.300000190734863,9.350000381469727,9.300000190734863,9.350000381469727,3400,0.0,0.0
2005-01-26 00:00:00-05:00,9.350000381469727,9.350000381469727,9.350000381469727,9.350000381469727,100,0.0,0.0
2005-01-27 00:00:00-05:00,9.350000381469727,9.350000381469727,9.350000381469727,9.350000381469727,100,0.0,0.0
2005-01-28 00:00:00-05:00,9.350000381469727,9.350000381469727,9.350000381469727,9.350000381469727,100,0.0,0.0
2005-01-31 00:00:00-05:00,9.449999809265137,9.449999809265137,9.399999618530273,9.399999618530273,3000,0.0,0.0
2005-02-01 00:00:00-05:00,9.489999771118164,9.600000381469727,9.489999771118164,9.5,8100,0.0,0.0
2005-02-02 00:00:00-05:00,9.470000267028809,9.600000381469727,9.470000267028809,9.5,3100,0.0,0.0
2005-02-03 00:00:00-05:00,9.600000381469727,9.600000381469727,9.550000190734863,9.550000190734863,4300,0.0,0.0
2005-02-04 00:00:00-05:00,9.699999809265137,9.699999809265137,9.699999809265137,9.699999809265137,1700,0.0,0.0
2005-02-07 00:00:00-05:00,9.699999809265137,9.949999809265137,9.699999809265137,9.75,20400,0.0,0.0
2005-02-08 00:00:00-05:00,9.800000190734863,9.899999618530273,9.75,9.800000190734863,5900,0.0,0.0
2005-02-09 00:00:00-05:00,9.699999809265137,9.699999809265137,9.699999809265137,9.699999809265137,1000,0.0,0.0
2005-02-10 00:00:00-05:00,9.699999809265137,9.850000381469727,9.699999809265137,9.729999542236328,3200,0.0,0.0
2005-02-11 00:00:00-05:00,9.800000190734863,9.800000190734863,9.800000190734863,9.800000190734863,1500,0.0,0.0
2005-02-14 00:00:00-05:00,9.699999809265137,10.0,9.699999809265137,10.0,5300,0.0,0.0
2005-02-15 00:00:00-05:00,9.75,9.75,9.75,9.75,200,0.0,0.0
2005-02-16 00:00:00-05:00,9.760000228881836,9.760000228881836,9.75,9.75,1200,0.0,0.0
2005-02-17 00:00:00-05:00,9.75,9.850000381469727,9.699999809265137,9.699999809265137,6400,0.0,0.0
2005-02-18 00:00:00-05:00,9.899999618530273,9.949999809265137,9.75,9.949999809265137,13900,0.0,0.0
2005-02-22 00:00:00-05:00,9.949999809265137,10.100000381469727,9.949999809265137,10.010000228881836,39900,0.0,0.0
2005-02-23 00:00:00-05:00,10.0,10.0,10.0,10.0,2000,0.0,0.0
2005-02-24 00:00:00-05:00,9.850000381469727,10.050000190734863,9.850000381469727,10.050000190734863,9800,0.0,0.0
2005-02-25 00:00:00-05:00,10.050000190734863,10.09000015258789,10.050000190734863,10.079999923706055,6500,0.0,0.0
2005-02-28 00:00:00-05:00,10.100000381469727,10.25,10.0,10.199999809265137,71100,0.0,0.0
2005-03-01 00:00:00-05:00,10.279999732971191,10.300000190734863,10.25,10.300000190734863,5700,0.0,0.0
2005-03-02 00:00:00-05:00,10.25,10.420000076293945,10.050000190734863,10.149999618530273,18700,0.0,0.0
2005-03-03 00:00:00-05:00,10.149999618530273,10.199999809265137,10.149999618530273,10.149999618530273,2200,0.0,0.0
2005-03-04 00:00:00-05:00,10.149999618530273,10.149999618530273,10.149999618530273,10.149999618530273,0,0.0,0.0
2005-03-07 00:00:00-05:00,10.279999732971191,10.449999809265137,10.279999732971191,10.449999809265137,6600,0.0,0.0
2005-03-08 00:00:00-05:00,10.399999618530273,10.5,10.350000381469727,10.5,28300,0.0,0.0
2005-03-09 00:00:00-05:00,10.399999618530273,10.399999618530273,10.350000381469727,10.399999618530273,12200,0.0,0.0
2005-03-10 00:00:00-05:00,10.399999618530273,10.399999618530273,10.199999809265137,10.300000190734863,33800,0.0,0.0
2005-03-11 00:00:00-05:00,10.350000381469727,10.449999809265137,10.279999732971191,10.449999809265137,38700,0.0,0.0
2005-03-14 00:00:00-05:00,10.399999618530273,10.550000190734863,10.399999618530273,10.5,12500,0.0,0.0
2005-03-15 00:00:00-05:00,10.5,10.5,10.5,10.5,0,0.0,0.0
2005-03-16 00:00:00-05:00,10.449999809265137,10.5,10.319999694824219,10.5,12800,0.0,0.0
2005-03-17 00:00:00-05:00,10.5600004196167,10.649999618530273,10.5600004196167,10.649999618530273,10900,0.0,0.0
2005-03-18 00:00:00-05:00,10.800000190734863,10.850000381469727,10.649999618530273,10.850000381469727,10000,0.0,0.0
2005-03-21 00:00:00-05:00,10.850000381469727,10.899999618530273,10.800000190734863,10.899999618530273,2000,0.0,0.0
2005-03-22 00:00:00-05:00,10.899999618530273,10.899999618530273,10.800000190734863,10.899999618530273,28400,0.0,0.0
2005-03-23 00:00:00-05:00,10.949999809265137,11.0,10.899999618530273,11.0,127800,0.0,0.0
2005-03-24 00:00:00-05:00,10.949999809265137,11.0,10.800000190734863,10.84000015258789,3100,0.0,0.0
2005-03-28 00:00:00-05:00,10.949999809265137,10.949999809265137,10.800000190734863,10.800000190734863,22800,0.0,0.0
2005-03-29 00:00:00-05:00,10.800000190734863,10.859999656677246,10.800000190734863,10.800000190734863,6900,0.0,0.0
2005-03-30 00:00:00-05:00,10.800000190734863,10.899999618530273,10.800000190734863,10.899999618530273,3600,0.0,0.0
2005-03-31 00:00:00-05:00,10.949999809265137,10.949999809265137,10.899999618530273,10.949999809265137,13300,0.0,0.0
2005-04-01 00:00:00-05:00,10.949999809265137,10.949999809265137,10.920000076293945,10.949999809265137,2500,0.0,0.0
2005-04-04 00:00:00-04:00,10.9399995803833,10.949999809265137,10.920000076293945,10.949999809265137,6900,0.0,0.0
2005-04-05 00:00:00-04:00,10.920000076293945,10.949999809265137,10.920000076293945,10.949999809265137,15400,0.0,0.0
2005-04-06 00:00:00-04:00,10.9399995803833,11.0,10.920000076293945,11.0,29700,0.0,0.0
2005-04-07 00:00:00-04:00,10.949999809265137,11.0,10.949999809265137,11.0,5500,0.0,0.0
2005-04-08 00:00:00-04:00,10.989999771118164,10.989999771118164,10.989999771118164,10.989999771118164,500,0.0,0.0
2005-04-11 00:00:00-04:00,11.0,11.100000381469727,10.960000038146973,10.960000038146973,11900,0.0,0.0
2005-04-12 00:00:00-04:00,10.970000267028809,11.0,10.970000267028809,11.0,19000,0.0,0.0
2005-04-13 00:00:00-04:00,11.050000190734863,11.050000190734863,10.949999809265137,10.949999809265137,900,0.0,0.0
2005-04-14 00:00:00-04:00,10.949999809265137,11.0,10.949999809265137,11.0,10700,0.0,0.0
2005-04-15 00:00:00-04:00,10.949999809265137,10.949999809265137,10.949999809265137,10.949999809265137,400,0.0,0.0
2005-04-18 00:00:00-04:00,10.949999809265137,11.0,10.949999809265137,11.0,7700,0.0,0.0
2005-04-19 00:00:00-04:00,11.0,11.0,11.0,11.0,0,0.0,0.0
2005-04-20 00:00:00-04:00,10.949999809265137,11.0,10.949999809265137,10.989999771118164,5000,0.0,0.0
2005-04-21 00:00:00-04:00,10.989999771118164,10.989999771118164,10.989999771118164,10.989999771118164,0,0.0,0.0
2005-04-22 00:00:00-04:00,10.970000267028809,11.0,10.949999809265137,10.949999809265137,19000,0.0,0.0
2005-04-25 00:00:00-04:00,10.949999809265137,10.989999771118164,10.949999809265137,10.970000267028809,12800,0.0,0.0
2005-04-26 00:00:00-04:00,10.970000267028809,10.970000267028809,10.949999809265137,10.970000267028809,5100,0.0,0.0
2005-04-27 00:00:00-04:00,10.970000267028809,10.970000267028809,10.75,10.75,30300,0.0,0.0
2005-04-28 00:00:00-04:00,10.800000190734863,10.899999618530273,10.699999809265137,10.899999618530273,5800,0.0,0.0
2005-04-29 00:00:00-04:00,10.600000381469727,11.0,10.600000381469727,10.75,600,0.0,0.0
2005-05-02 00:00:00-04:00,10.800000190734863,10.899999618530273,10.600000381469727,10.649999618530273,4600,0.0,0.0
2005-05-03 00:00:00-04:00,10.899999618530273,10.899999618530273,10.800000190734863,10.899999618530273,3100,0.0,0.0
2005-05-04 00:00:00-04:00,10.899999618530273,10.899999618530273,10.899999618530273,10.899999618530273,0,0.0,0.0
2005-05-05 00:00:00-04:00,10.800000190734863,10.850000381469727,10.800000190734863,10.850000381469727,1000,0.0,0.0
2005-05-06 00:00:00-04:00,10.800000190734863,10.800000190734863,10.550000190734863,10.569999694824219,3500,0.0,0.0
2005-05-09 00:00:00-04:00,10.569999694824219,10.569999694824219,10.569999694824219,10.569999694824219,0,0.0,0.0
2005-05-10 00:00:00-04:00,10.569999694824219,10.569999694824219,10.569999694824219,10.569999694824219,0,0.0,0.0
2005-05-11 00:00:00-04:00,10.800000190734863,10.800000190734863,10.699999809265137,10.75,5600,0.0,0.0
2005-05-12 00:00:00-04:00,10.800000190734863,10.800000190734863,10.800000190734863,10.800000190734863,5500,0.0,0.0
2005-05-13 00:00:00-04:00,10.699999809265137,10.75,10.699999809265137,10.75,3000,0.0,0.0
2005-05-16 00:00:00-04:00,10.550000190734863,10.75,9.800000190734863,10.5,4700,0.0,0.0
2005-05-17 00:00:00-04:00,10.5,10.5,10.5,10.5,0,0.0,0.0
2005-05-18 00:00:00-04:00,10.800000190734863,10.800000190734863,10.5,10.529999732971191,19000,0.0,0.0
2005-05-19 00:00:00-04:00,10.600000381469727,10.600000381469727,10.100000381469727,10.5,15900,0.0,0.0
2005-05-20 00:00:00-04:00,10.5,10.5,10.5,10.5,10000,0.0,0.0
2005-05-23 00:00:00-04:00,10.5,10.5,10.399999618530273,10.399999618530273,4300,0.0,0.0
2005-05-24 00:00:00-04:00,10.399999618530273,10.399999618530273,10.399999618530273,10.399999618530273,1000,0.0,0.0
2005-05-25 00:00:00-04:00,10.399999618530273,10.399999618530273,10.399999618530273,10.399999618530273,0,0.0,0.0
2005-05-26 00:00:00-04:00,10.449999809265137,10.5,10.350000381469727,10.5,11600,0.0,0.0
2005-05-27 00:00:00-04:00,10.449999809265137,10.449999809265137,10.399999618530273,10.399999618530273,700,0.0,0.0
2005-05-31 00:00:00-04:00,10.600000381469727,10.600000381469727,10.199999809265137,10.199999809265137,3900,0.0,0.0
2005-06-01 00:00:00-04:00,10.550000190734863,10.699999809265137,10.5,10.699999809265137,6500,0.0,0.0
2005-06-02 00:00:00-04:00,10.699999809265137,11.050000190734863,10.600000381469727,11.050000190734863,16600,0.0,0.0
2005-06-03 00:00:00-04:00,11.050000190734863,11.649999618530273,10.899999618530273,11.489999771118164,14400,0.0,0.0
2005-06-06 00:00:00-04:00,11.600000381469727,11.600000381469727,11.199999809265137,11.199999809265137,500,0.0,0.0
2005-06-07 00:00:00-04:00,11.300000190734863,11.550000190734863,11.199999809265137,11.449999809265137,8300,0.0,0.0
2005-06-08 00:00:00-04:00,11.5,11.5,11.350000381469727,11.350000381469727,6500,0.0,0.0
2005-06-09 00:00:00-04:00,11.449999809265137,11.449999809265137,11.0,11.300000190734863,6800,0.0,0.0
2005-06-10 00:00:00-04:00,11.300000190734863,11.300000190734863,11.199999809265137,11.210000038146973,3300,0.0,0.0
2005-06-13 00:00:00-04:00,11.199999809265137,11.199999809265137,11.050000190734863,11.100000381469727,13500,0.0,0.0
2005-06-14 00:00:00-04:00,11.100000381469727,11.100000381469727,11.100000381469727,11.100000381469727,1100,0.0,0.0
2005-06-15 00:00:00-04:00,11.100000381469727,11.100000381469727,11.100000381469727,11.100000381469727,0,0.0,0.0
2005-06-16 00:00:00-04:00,11.199999809265137,11.25,11.199999809265137,11.25,2200,0.0,0.0
2005-06-17 00:00:00-04:00,11.199999809265137,11.199999809265137,11.100000381469727,11.100000381469727,1500,0.0,0.0
2005-06-20 00:00:00-04:00,11.100000381469727,11.100000381469727,11.100000381469727,11.100000381469727,400,0.0,0.0
2005-06-21 00:00:00-04:00,11.199999809265137,11.199999809265137,11.0,11.0,7300,0.0,0.0
2005-06-22 00:00:00-04:00,11.0,11.0,10.979999542236328,10.979999542236328,3500,0.0,0.0
2005-06-23 00:00:00-04:00,10.949999809265137,11.0,10.949999809265137,11.0,1200,0.0,0.0
2005-06-24 00:00:00-04:00,10.970000267028809,11.0,10.970000267028809,11.0,5900,0.0,0.0
2005-06-27 00:00:00-04:00,10.949999809265137,11.069999694824219,10.75,10.75,1700,0.0,0.0
2005-06-28 00:00:00-04:00,10.800000190734863,11.149999618530273,10.75,11.0,13300,0.0,0.0
2005-06-29 00:00:00-04:00,11.0,11.050000190734863,10.949999809265137,10.989999771118164,30400,0.0,0.0
2005-06-30 00:00:00-04:00,11.0,11.079999923706055,10.90999984741211,11.079999923706055,35100,0.0,0.0
2005-07-01 00:00:00-04:00,11.100000381469727,11.100000381469727,10.949999809265137,10.949999809265137,18400,0.0,0.0
2005-07-05 00:00:00-04:00,10.899999618530273,11.0,10.899999618530273,11.0,17500,0.0,0.0
2005-07-06 00:00:00-04:00,10.949999809265137,11.0,10.949999809265137,11.0,4300,0.0,0.0
2005-07-07 00:00:00-04:00,10.949999809265137,11.050000190734863,10.949999809265137,11.010000228881836,14100,0.0,0.0
2005-07-08 00:00:00-04:00,11.050000190734863,11.050000190734863,11.0,11.050000190734863,2200,0.0,0.0
2005-07-11 00:00:00-04:00,11.020000457763672,11.020000457763672,10.949999809265137,11.0,3000,0.0,0.0
2005-07-12 00:00:00-04:00,10.949999809265137,11.0,10.949999809265137,11.0,2100,0.0,0.0
2005-07-13 00:00:00-04:00,10.949999809265137,11.0,10.949999809265137,11.0,800,0.0,0.0
2005-07-14 00:00:00-04:00,10.899999618530273,10.949999809265137,10.850000381469727,10.930000305175781,3800,0.0,0.0
2005-07-15 00:00:00-04:00,10.930000305175781,10.930000305175781,10.930000305175781,10.930000305175781,0,0.0,0.0
2005-07-18 00:00:00-04:00,10.850000381469727,10.850000381469727,10.850000381469727,10.850000381469727,800,0.0,0.0
2005-07-19 00:00:00-04:00,10.850000381469727,10.850000381469727,10.850000381469727,10.850000381469727,0,0.0,0.0
2005-07-20 00:00:00-04:00,10.850000381469727,10.850000381469727,10.75,10.75,8700,0.0,0.0
2005-07-21 00:00:00-04:00,10.75,10.75,10.75,10.75,200,0.0,0.0
2005-07-22 00:00:00-04:00,10.75,10.75,10.75,10.75,0,0.0,0.0
2005-07-25 00:00:00-04:00,10.75,10.75,10.75,10.75,0,0.0,0.0
2005-07-26 00:00:00-04:00,10.75,10.949999809265137,10.720000267028809,10.75,3700,0.0,0.0
2005-07-27 00:00:00-04:00,10.800000190734863,11.399999618530273,10.800000190734863,11.399999618530273,13600,0.0,0.0
2005-07-28 00:00:00-04:00,11.180000305175781,11.180000305175781,11.180000305175781,11.180000305175781,300,0.0,0.0
2005-07-29 00:00:00-04:00,11.199999809265137,11.210000038146973,11.199999809265137,11.199999809265137,29700,0.0,0.0
2005-08-01 00:00:00-04:00,11.25,11.399999618530273,11.199999809265137,11.3100004196167,48100,0.0,0.0
2005-08-02 00:00:00-04:00,11.25,11.289999961853027,11.25,11.289999961853027,13000,0.0,0.0
2005-08-03 00:00:00-04:00,11.270000457763672,11.300000190734863,11.25,11.289999961853027,18100,0.0,0.0
2005-08-04 00:00:00-04:00,11.25,11.25,11.220000267028809,11.25,15600,0.0,0.0
2005-08-05 00:00:00-04:00,11.220000267028809,11.25,11.220000267028809,11.25,4600,0.0,0.0
2005-08-08 00:00:00-04:00,11.220000267028809,11.25,11.0,11.0,8400,0.0,0.0
2005-08-09 00:00:00-04:00,11.0,11.40999984741211,11.0,11.300000190734863,19200,0.0,0.0
2005-08-10 00:00:00-04:00,11.100000381469727,11.40999984741211,11.100000381469727,11.40999984741211,10800,0.0,0.0
2005-08-11 00:00:00-04:00,11.149999618530273,11.399999618530273,11.0,11.399999618530273,24200,0.0,0.0
2005-08-12 00:00:00-04:00,11.050000190734863,11.25,11.050000190734863,11.199999809265137,12900,0.0,0.0
2005-08-15 00:00:00-04:00,11.050000190734863,11.25,11.050000190734863,11.050000190734863,47000,0.0,0.0
2005-08-16 00:00:00-04:00,11.050000190734863,11.149999618530273,11.050000190734863,11.149999618530273,28000,0.0,0.0
2005-08-17 00:00:00-04:00,11.050000190734863,11.25,11.050000190734863,11.100000381469727,2500,0.0,0.0
2005-08-18 00:00:00-04:00,11.100000381469727,11.100000381469727,11.100000381469727,11.100000381469727,0,0.0,0.0
2005-08-19 00:00:00-04:00,11.100000381469727,11.100000381469727,11.0,11.100000381469727,24200,0.0,0.0
2005-08-22 00:00:00-04:00,11.010000228881836,11.100000381469727,11.010000228881836,11.100000381469727,9800,0.0,0.0
2005-08-23 00:00:00-04:00,11.100000381469727,11.100000381469727,11.100000381469727,11.100000381469727,1200,0.0,0.0
2005-08-24 00:00:00-04:00,11.020000457763672,11.020000457763672,11.020000457763672,11.020000457763672,1200,0.0,0.0
2005-08-25 00:00:00-04:00,11.020000457763672,11.020000457763672,10.930000305175781,10.930000305175781,9400,0.0,0.0
2005-08-26 00:00:00-04:00,10.930000305175781,10.930000305175781,10.930000305175781,10.930000305175781,3100,0.0,0.0
2005-08-29 00:00:00-04:00,11.0,11.050000190734863,10.949999809265137,11.039999961853027,7800,0.0,0.0
2005-08-30 00:00:00-04:00,10.949999809265137,10.960000038146973,10.949999809265137,10.949999809265137,5500,0.0,0.0
2005-08-31 00:00:00-04:00,10.949999809265137,10.949999809265137,10.949999809265137,10.949999809265137,10600,0.0,0.0
2005-09-01 00:00:00-04:00,10.949999809265137,10.960000038146973,10.949999809265137,10.960000038146973,1300,0.0,0.0
2005-09-02 00:00:00-04:00,10.949999809265137,10.949999809265137,10.949999809265137,10.949999809265137,5100,0.0,0.0
2005-09-06 00:00:00-04:00,11.0,11.100000381469727,11.0,11.100000381469727,16300,0.0,0.0
2005-09-07 00:00:00-04:00,11.050000190734863,11.050000190734863,11.050000190734863,11.050000190734863,1000,0.0,0.0
2005-09-08 00:00:00-04:00,11.050000190734863,11.050000190734863,11.050000190734863,11.050000190734863,0,0.0,0.0
2005-09-09 00:00:00-04:00,10.949999809265137,11.0,10.949999809265137,11.0,1000,0.0,0.0
2005-09-12 00:00:00-04:00,10.949999809265137,10.949999809265137,10.949999809265137,10.949999809265137,7300,0.0,0.0
2005-09-13 00:00:00-04:00,10.949999809265137,10.949999809265137,10.949999809265137,10.949999809265137,2000,0.0,0.0
2005-09-14 00:00:00-04:00,10.949999809265137,10.949999809265137,10.949999809265137,10.949999809265137,4800,0.0,0.0
2005-09-15 00:00:00-04:00,10.949999809265137,11.0,10.899999618530273,11.0,5700,0.0,0.0
2005-09-16 00:00:00-04:00,10.949999809265137,10.949999809265137,10.899999618530273,10.930000305175781,12000,0.0,0.0
2005-09-19 00:00:00-04:00,10.899999618530273,10.949999809265137,10.899999618530273,10.899999618530273,14800,0.0,0.0
2005-09-20 00:00:00-04:00,10.850000381469727,10.859999656677246,10.800000190734863,10.850000381469727,2400,0.0,0.0
2005-09-21 00:00:00-04:00,10.850000381469727,10.869999885559082,10.850000381469727,10.850000381469727,5100,0.0,0.0
2005-09-22 00:00:00-04:00,10.859999656677246,10.880000114440918,10.859999656677246,10.880000114440918,3300,0.0,0.0
2005-09-23 00:00:00-04:00,10.880000114440918,10.880000114440918,10.880000114440918,10.880000114440918,0,0.0,0.0
2005-09-26 00:00:00-04:00,10.880000114440918,10.949999809265137,10.850000381469727,10.899999618530273,22100,0.0,0.0
2005-09-27 00:00:00-04:00,10.930000305175781,10.949999809265137,10.899999618530273,10.930000305175781,16100,0.0,0.0
2005-09-28 00:00:00-04:00,10.949999809265137,11.0,10.949999809265137,11.0,6700,0.0,0.0
2005-09-29 00:00:00-04:00,11.0,11.0,10.899999618530273,10.899999618530273,18700,0.0,0.0
2005-09-30 00:00:00-04:00,10.9399995803833,10.9399995803833,10.899999618530273,10.899999618530273,7700,0.0,0.0
2005-10-03 00:00:00-04:00,10.899999618530273,11.0,10.899999618530273,10.899999618530273,8500,0.0,0.0
2005-10-04 00:00:00-04:00,10.920000076293945,10.920000076293945,10.920000076293945,10.920000076293945,10200,0.0,0.0
2005-10-05 00:00:00-04:00,10.899999618530273,10.899999618530273,10.850000381469727,10.850000381469727,6500,0.0,0.0
2005-10-06 00:00:00-04:00,10.800000190734863,10.800000190734863,10.800000190734863,10.800000190734863,200,0.0,0.0
2005-10-07 00:00:00-04:00,10.789999961853027,10.800000190734863,10.770000457763672,10.770000457763672,24500,0.0,0.0
2005-10-10 00:00:00-04:00,10.75,10.75,10.729999542236328,10.729999542236328,2500,0.0,0.0
2005-10-11 00:00:00-04:00,10.729999542236328,10.729999542236328,10.600000381469727,10.600000381469727,1900,0.0,0.0
2005-10-12 00:00:00-04:00,10.050000190734863,10.5,10.0,10.329999923706055,9400,0.0,0.0
2005-10-13 00:00:00-04:00,10.350000381469727,10.350000381469727,10.199999809265137,10.199999809265137,1100,0.0,0.0
2005-10-14 00:00:00-04:00,10.149999618530273,10.149999618530273,10.100000381469727,10.100000381469727,2300,0.0,0.0
2005-10-17 00:00:00-04:00,10.0,10.0,8.979999542236328,9.75,48400,0.0,0.0
2005-10-18 00:00:00-04:00,9.649999618530273,9.75,9.449999809265137,9.449999809265137,29500,0.0,0.0
2005-10-19 00:00:00-04:00,9.399999618530273,9.5,9.25,9.5,12200,0.0,0.0
2005-10-20 00:00:00-04:00,9.510000228881836,9.569999694824219,9.5,9.5,8900,0.0,0.0
2005-10-21 00:00:00-04:00,9.5600004196167,9.59000015258789,9.5,9.59000015258789,13600,0.0,0.0
2005-10-24 00:00:00-04:00,9.59000015258789,9.59000015258789,9.59000015258789,9.59000015258789,400,0.0,0.0
2005-10-25 00:00:00-04:00,9.59000015258789,9.699999809265137,9.5,9.59000015258789,17100,0.0,0.0
2005-10-26 00:00:00-04:00,9.5,9.649999618530273,9.5,9.649999618530273,1400,0.0,0.0
2005-10-27 00:00:00-04:00,9.510000228881836,9.649999618530273,9.510000228881836,9.600000381469727,5300,0.0,0.0
2005-10-28 00:00:00-04:00,9.649999618530273,9.649999618530273,9.609999656677246,9.649999618530273,7000,0.0,0.0
2005-10-31 00:00:00-05:00,9.699999809265137,9.760000228881836,9.649999618530273,9.760000228881836,3000,0.0,0.0
2005-11-01 00:00:00-05:00,9.760000228881836,9.760000228881836,9.760000228881836,9.760000228881836,0,0.0,0.0
2005-11-02 00:00:00-05:00,9.859999656677246,10.220000267028809,9.859999656677246,10.010000228881836,17500,0.0,0.0
2005-11-03 00:00:00-05:00,9.949999809265137,9.949999809265137,9.699999809265137,9.699999809265137,3300,0.0,0.0
2005-11-04 00:00:00-05:00,9.800000190734863,10.0,9.699999809265137,9.989999771118164,6100,0.0,0.0
2005-11-07 00:00:00-05:00,10.0,10.100000381469727,10.0,10.100000381469727,2400,0.0,0.0
2005-11-08 00:00:00-05:00,10.220000267028809,10.220000267028809,10.220000267028809,10.220000267028809,300,0.0,0.0
2005-11-09 00:00:00-05:00,10.25,10.25,10.100000381469727,10.149999618530273,93900,0.0,0.0
2005-11-10 00:00:00-05:00,10.220000267028809,10.220000267028809,9.949999809265137,10.149999618530273,21500,0.0,0.0
2005-11-11 00:00:00-05:00,9.949999809265137,10.0,9.899999618530273,10.0,5000,0.0,0.0
2005-11-14 00:00:00-05:00,9.949999809265137,10.100000381469727,9.949999809265137,10.100000381469727,8800,0.0,0.0
2005-11-15 00:00:00-05:00,10.100000381469727,10.100000381469727,10.100000381469727,10.100000381469727,4000,0.0,0.0
2005-11-16 00:00:00-05:00,9.949999809265137,10.0,9.949999809265137,9.949999809265137,5500,0.0,0.0
2005-11-17 00:00:00-05:00,10.0,10.0,9.800000190734863,9.850000381469727,18200,0.0,0.0
2005-11-18 00:00:00-05:00,9.850000381469727,9.850000381469727,9.800000190734863,9.800000190734863,11700,0.0,0.0
2005-11-21 00:00:00-05:00,9.800000190734863,9.850000381469727,9.699999809265137,9.699999809265137,40900,0.0,0.0
2005-11-22 00:00:00-05:00,9.75,9.850000381469727,9.649999618530273,9.649999618530273,17700,0.0,0.0
2005-11-23 00:00:00-05:00,9.699999809265137,9.699999809265137,9.550000190734863,9.600000381469727,50700,0.0,0.0
2005-11-25 00:00:00-05:00,9.600000381469727,9.600000381469727,9.600000381469727,9.600000381469727,0,0.0,0.0
2005-11-28 00:00:00-05:00,9.649999618530273,9.899999618530273,9.59000015258789,9.859999656677246,18100,0.0,0.0
2005-11-29 00:00:00-05:00,9.859999656677246,9.859999656677246,9.859999656677246,9.859999656677246,0,0.0,0.0
2005-11-30 00:00:00-05:00,9.949999809265137,10.149999618530273,9.880000114440918,9.899999618530273,10400,0.0,0.0
2005-12-01 00:00:00-05:00,9.989999771118164,10.050000190734863,9.949999809265137,9.949999809265137,67600,0.0,0.0
2005-12-02 00:00:00-05:00,10.0,10.050000190734863,9.979999542236328,10.050000190734863,97700,0.0,0.0
2005-12-05 00:00:00-05:00,9.899999618530273,10.149999618530273,9.899999618530273,10.149999618530273,11800,0.0,0.0
2005-12-06 00:00:00-05:00,10.130000114440918,10.130000114440918,9.899999618530273,9.899999618530273,3500,0.0,0.0
2005-12-07 00:00:00-05:00,10.050000190734863,10.0600004196167,10.0,10.0600004196167,17000,0.0,0.0
2005-12-08 00:00:00-05:00,10.020000457763672,10.020000457763672,10.020000457763672,10.020000457763672,400,0.0,0.0
2005-12-09 00:00:00-05:00,9.869999885559082,9.869999885559082,9.869999885559082,9.869999885559082,300,0.0,0.0
2005-12-12 00:00:00-05:00,9.899999618530273,10.119999885559082,9.899999618530273,10.100000381469727,12800,0.0,0.0
2005-12-13 00:00:00-05:00,10.050000190734863,10.050000190734863,9.899999618530273,9.899999618530273,3700,0.0,0.0
2005-12-14 00:00:00-05:00,9.899999618530273,9.899999618530273,9.899999618530273,9.899999618530273,0,0.0,0.0
2005-12-15 00:00:00-05:00,9.850000381469727,9.850000381469727,9.850000381469727,9.850000381469727,1000,0.0,0.0
2005-12-16 00:00:00-05:00,9.859999656677246,9.949999809265137,9.859999656677246,9.899999618530273,8000,0.0,0.0
2005-12-19 00:00:00-05:00,9.899999618530273,9.899999618530273,9.899999618530273,9.899999618530273,12400,0.0,0.0
2005-12-20 00:00:00-05:00,9.890000343322754,9.90999984741211,9.890000343322754,9.899999618530273,5300,0.0,0.0
2005-12-21 00:00:00-05:00,9.890000343322754,10.0,9.890000343322754,10.0,5500,0.0,0.0
2005-12-22 00:00:00-05:00,9.899999618530273,10.0,9.899999618530273,10.0,200,0.0,0.0
2005-12-23 00:00:00-05:00,9.899999618530273,10.0,9.899999618530273,9.949999809265137,2600,0.0,0.0
2005-12-27 00:00:00-05:00,10.0,10.0,10.0,10.0,18000,0.0,0.0
2005-12-28 00:00:00-05:00,10.050000190734863,10.050000190734863,10.0,10.0,17700,0.0,0.0
2005-12-29 00:00:00-05:00,10.050000190734863,10.050000190734863,10.050000190734863,10.050000190734863,1000,0.0,0.0
2005-12-30 00:00:00-05:00,10.0,10.0,9.930000305175781,9.949999809265137,9100,0.0,0.0
2006-01-03 00:00:00-05:00,9.949999809265137,10.170000076293945,9.949999809265137,10.149999618530273,17200,0.0,0.0
2006-01-04 00:00:00-05:00,10.09000015258789,10.100000381469727,10.039999961853027,10.100000381469727,23400,0.0,0.0
2006-01-05 00:00:00-05:00,10.100000381469727,10.100000381469727,10.100000381469727,10.100000381469727,3600,0.0,0.0
2006-01-06 00:00:00-05:00,10.100000381469727,10.149999618530273,10.100000381469727,10.149999618530273,5300,0.0,0.0
2006-01-09 00:00:00-05:00,10.170000076293945,10.260000228881836,10.149999618530273,10.25,23600,0.0,0.0
2006-01-10 00:00:00-05:00,10.25,10.260000228881836,10.239999771118164,10.25,20500,0.0,0.0
2006-01-11 00:00:00-05:00,10.149999618530273,10.199999809265137,10.050000190734863,10.149999618530273,14400,0.0,0.0
2006-01-12 00:00:00-05:00,10.199999809265137,10.260000228881836,10.180000305175781,10.199999809265137,11700,0.0,0.0
2006-01-13 00:00:00-05:00,10.149999618530273,10.149999618530273,10.149999618530273,10.149999618530273,400,0.0,0.0
2006-01-17 00:00:00-05:00,10.149999618530273,10.149999618530273,9.949999809265137,10.0,48000,0.0,0.0
2006-01-18 00:00:00-05:00,9.970000267028809,10.109999656677246,9.970000267028809,10.020000457763672,7900,0.0,0.0
2006-01-19 00:00:00-05:00,10.020000457763672,10.100000381469727,10.020000457763672,10.100000381469727,23800,0.0,0.0
2006-01-20 00:00:00-05:00,10.0600004196167,10.0600004196167,10.050000190734863,10.050000190734863,20000,0.0,0.0
2006-01-23 00:00:00-05:00,10.050000190734863,10.100000381469727,10.020000457763672,10.079999923706055,34400,0.0,0.0
2006-01-24 00:00:00-05:00,10.25,10.300000190734863,10.100000381469727,10.149999618530273,11900,0.0,0.0
2006-01-25 00:00:00-05:00,10.149999618530273,10.149999618530273,10.149999618530273,10.149999618530273,0,0.0,0.0
2006-01-26 00:00:00-05:00,10.199999809265137,10.199999809265137,10.149999618530273,10.149999618530273,23500,0.0,0.0
2006-01-27 00:00:00-05:00,10.149999618530273,10.149999618530273,10.149999618530273,10.149999618530273,200,0.0,0.0
2006-01-30 00:00:00-05:00,10.149999618530273,10.199999809265137,10.119999885559082,10.119999885559082,5200,0.0,0.0
2006-01-31 00:00:00-05:00,10.300000190734863,10.300000190734863,10.25,10.25,3800,0.0,0.0
2006-02-01 00:00:00-05:00,10.15999984741211,10.300000190734863,10.15999984741211,10.1899995803833,4100,0.0,0.0
2006-02-02 00:00:00-05:00,10.220000267028809,10.220000267028809,10.199999809265137,10.199999809265137,13800,0.0,0.0
2006-02-03 00:00:00-05:00,10.199999809265137,10.199999809265137,10.149999618530273,10.149999618530273,3500,0.0,0.0
2006-02-06 00:00:00-05:00,10.15999984741211,10.15999984741211,10.15999984741211,10.15999984741211,1200,0.0,0.0
2006-02-07 00:00:00-05:00,10.15999984741211,10.15999984741211,10.119999885559082,10.119999885559082,2500,0.0,0.0
2006-02-08 00:00:00-05:00,10.140000343322754,10.25,10.069999694824219,10.149999618530273,12500,0.0,0.0
2006-02-09 00:00:00-05:00,10.100000381469727,10.100000381469727,10.100000381469727,10.100000381469727,26200,0.0,0.0
2006-02-10 00:00:00-05:00,10.100000381469727,10.119999885559082,10.100000381469727,10.119999885559082,5200,0.0,0.0
2006-02-13 00:00:00-05:00,10.0600004196167,10.079999923706055,10.0600004196167,10.079999923706055,19000,0.0,0.0
2006-02-14 00:00:00-05:00,10.100000381469727,10.300000190734863,10.0600004196167,10.25,21900,0.0,0.0
2006-02-15 00:00:00-05:00,10.25,10.75,10.25,10.399999618530273,22300,0.0,0.0
2006-02-16 00:00:00-05:00,10.600000381469727,10.949999809265137,10.5,10.949999809265137,92800,0.0,0.0
2006-02-17 00:00:00-05:00,10.989999771118164,11.960000038146973,10.949999809265137,11.800000190734863,57600,0.0,0.0
2006-02-21 00:00:00-05:00,11.75,11.75,11.350000381469727,11.5,2900,0.0,0.0
2006-02-22 00:00:00-05:00,11.699999809265137,12.5,11.699999809265137,12.300000190734863,72800,0.0,0.0
2006-02-23 00:00:00-05:00,12.0,12.100000381469727,11.970000267028809,12.100000381469727,1200,0.0,0.0
2006-02-24 00:00:00-05:00,12.050000190734863,12.470000267028809,12.050000190734863,12.470000267028809,14300,0.0,0.0
2006-02-27 00:00:00-05:00,12.399999618530273,13.300000190734863,12.399999618530273,12.949999809265137,11900,0.0,0.0
2006-02-28 00:00:00-05:00,12.920000076293945,13.5,12.920000076293945,13.5,6400,0.0,0.0
2006-03-01 00:00:00-05:00,13.25,13.75,13.229999542236328,13.550000190734863,32900,0.0,0.0
2006-03-02 00:00:00-05:00,13.600000381469727,14.899999618530273,13.600000381469727,13.899999618530273,55300,0.0,0.0
2006-03-03 00:00:00-05:00,13.800000190734863,13.899999618530273,13.75,13.899999618530273,6100,0.0,0.0
2006-03-06 00:00:00-05:00,13.899999618530273,13.899999618530273,13.899999618530273,13.899999618530273,3300,0.0,0.0
2006-03-07 00:00:00-05:00,14.0,14.100000381469727,13.800000190734863,13.800000190734863,39700,0.0,0.0
2006-03-08 00:00:00-05:00,13.850000381469727,13.850000381469727,13.800000190734863,13.800000190734863,4000,0.0,0.0
2006-03-09 00:00:00-05:00,13.800000190734863,13.800000190734863,13.800000190734863,13.800000190734863,2200,0.0,0.0
2006-03-10 00:00:00-05:00,13.800000190734863,13.800000190734863,13.800000190734863,13.800000190734863,600,0.0,0.0
2006-03-13 00:00:00-05:00,13.75,13.800000190734863,13.550000190734863,13.550000190734863,6400,0.0,0.0
2006-03-14 00:00:00-05:00,13.600000381469727,14.0,13.550000190734863,13.550000190734863,13700,0.0,0.0
2006-03-15 00:00:00-05:00,13.550000190734863,13.600000381469727,13.199999809265137,13.600000381469727,3300,0.0,0.0
2006-03-16 00:00:00-05:00,13.600000381469727,13.600000381469727,13.600000381469727,13.600000381469727,0,0.0,0.0
2006-03-17 00:00:00-05:00,13.350000381469727,13.350000381469727,13.350000381469727,13.350000381469727,600,0.0,0.0
2006-03-20 00:00:00-05:00,13.199999809265137,13.199999809265137,13.149999618530273,13.149999618530273,600,0.0,0.0
2006-03-21 00:00:00-05:00,13.149999618530273,13.149999618530273,13.149999618530273,13.149999618530273,800,0.0,0.0
2006-03-22 00:00:00-05:00,13.149999618530273,13.149999618530273,13.149999618530273,13.149999618530273,4300,0.0,0.0
2006-03-23 00:00:00-05:00,13.149999618530273,13.149999618530273,13.100000381469727,13.100000381469727,12300,0.0,0.0
2006-03-24 00:00:00-05:00,13.100000381469727,13.100000381469727,13.100000381469727,13.100000381469727,0,0.0,0.0
2006-03-27 00:00:00-05:00,13.100000381469727,13.100000381469727,13.100000381469727,13.100000381469727,8000,0.0,0.0
2006-03-28 00:00:00-05:00,13.109999656677246,13.109999656677246,13.100000381469727,13.109999656677246,3300,0.0,0.0
2006-03-29 00:00:00-05:00,13.300000190734863,13.300000190734863,13.300000190734863,13.300000190734863,1000,0.0,0.0
2006-03-30 00:00:00-05:00,13.130000114440918,13.300000190734863,13.130000114440918,13.300000190734863,11200,0.0,0.0
2006-03-31 00:00:00-05:00,13.109999656677246,13.350000381469727,13.109999656677246,13.350000381469727,5000,0.0,0.0
2006-04-03 00:00:00-04:00,13.25,13.350000381469727,13.25,13.300000190734863,52200,0.0,0.0
2006-04-04 00:00:00-04:00,13.300000190734863,13.300000190734863,13.300000190734863,13.300000190734863,0,0.0,0.0
2006-04-05 00:00:00-04:00,13.25,13.25,13.100000381469727,13.140000343322754,1400,0.0,0.0
2006-04-06 00:00:00-04:00,13.09000015258789,13.100000381469727,13.09000015258789,13.100000381469727,1000,0.0,0.0
2006-04-07 00:00:00-04:00,13.100000381469727,13.100000381469727,12.90999984741211,13.0,30200,0.0,0.0
2006-04-10 00:00:00-04:00,12.949999809265137,13.0,12.899999618530273,13.0,16300,0.0,0.0
2006-04-11 00:00:00-04:00,13.0,13.0,13.0,13.0,0,0.0,0.0
2006-04-12 00:00:00-04:00,12.800000190734863,13.039999961853027,12.5,12.899999618530273,2200,0.0,0.0
2006-04-13 00:00:00-04:00,13.0,13.0,13.0,13.0,1000,0.0,0.0
2006-04-17 00:00:00-04:00,12.600000381469727,12.850000381469727,12.550000190734863,12.800000190734863,1200,0.0,0.0
2006-04-18 00:00:00-04:00,12.699999809265137,12.699999809265137,12.649999618530273,12.649999618530273,600,0.0,0.0
2006-04-19 00:00:00-04:00,12.199999809265137,12.5,12.050000190734863,12.5,4400,0.0,0.0
2006-04-20 00:00:00-04:00,12.649999618530273,12.649999618530273,12.5,12.5,27200,0.0,0.0
2006-04-21 00:00:00-04:00,12.25,12.5,12.25,12.5,1900,0.0,0.0
2006-04-24 00:00:00-04:00,12.5,12.5,12.5,12.5,24500,0.0,0.0
2006-04-25 00:00:00-04:00,12.5,12.5,12.5,12.5,0,0.0,0.0
2006-04-26 00:00:00-04:00,12.5,12.5,12.350000381469727,12.5,14500,0.0,0.0
2006-04-27 00:00:00-04:00,12.5,12.5,12.5,12.5,200,0.0,0.0
2006-04-28 00:00:00-04:00,12.5,12.5,12.5,12.5,0,0.0,0.0
2006-05-01 00:00:00-04:00,12.25,12.25,12.100000381469727,12.100000381469727,2500,0.0,0.0
2006-05-02 00:00:00-04:00,12.25,12.25,12.25,12.25,400,0.0,0.0
2006-05-03 00:00:00-04:00,12.210000038146973,12.25,11.75,12.0,12100,0.0,0.0
2006-05-04 00:00:00-04:00,12.0,12.0,12.0,12.0,200,0.0,0.0
2006-05-05 00:00:00-04:00,11.989999771118164,11.989999771118164,11.989999771118164,11.989999771118164,800,0.0,0.0
2006-05-08 00:00:00-04:00,11.800000190734863,11.800000190734863,11.800000190734863,11.800000190734863,600,0.0,0.0
2006-05-09 00:00:00-04:00,11.800000190734863,11.899999618530273,11.699999809265137,11.899999618530273,4100,0.0,0.0
2006-05-10 00:00:00-04:00,11.899999618530273,12.100000381469727,11.899999618530273,11.979999542236328,6400,0.0,0.0
2006-05-11 00:00:00-04:00,11.949999809265137,11.949999809265137,11.899999618530273,11.899999618530273,3300,0.0,0.0
2006-05-12 00:00:00-04:00,11.899999618530273,11.899999618530273,11.5,11.600000381469727,40000,0.0,0.0
2006-05-15 00:00:00-04:00,11.600000381469727,11.600000381469727,11.5,11.5,11100,0.0,0.0
2006-05-16 00:00:00-04:00,11.5,11.5,11.5,11.5,0,0.0,0.0
2006-05-17 00:00:00-04:00,11.050000190734863,11.649999618530273,11.050000190734863,11.649999618530273,16100,0.0,0.0
2006-05-18 00:00:00-04:00,11.649999618530273,11.649999618530273,11.649999618530273,11.649999618530273,0,0.0,0.0
2006-05-19 00:00:00-04:00,11.800000190734863,11.800000190734863,11.800000190734863,11.800000190734863,1500,0.0,0.0
2006-05-22 00:00:00-04:00,11.800000190734863,11.800000190734863,11.399999618530273,11.75,1700,0.0,0.0
2006-05-23 00:00:00-04:00,11.75,11.75,11.75,11.75,0,0.0,0.0
2006-05-24 00:00:00-04:00,12.0,12.0,12.0,12.0,1200,0.0,0.0
2006-05-25 00:00:00-04:00,12.0,12.0,11.800000190734863,12.0,41800,0.0,0.0
2006-05-26 00:00:00-04:00,12.0,12.0,12.0,12.0,0,0.0,0.0
2006-05-30 00:00:00-04:00,12.0,12.300000190734863,12.0,12.300000190734863,9400,0.0,0.0
2006-05-31 00:00:00-04:00,12.100000381469727,12.25,12.050000190734863,12.050000190734863,23800,0.0,0.0
2006-06-01 00:00:00-04:00,12.050000190734863,12.050000190734863,12.050000190734863,12.050000190734863,0,0.0,0.0
2006-06-02 00:00:00-04:00,12.399999618530273,12.399999618530273,11.850000381469727,11.850000381469727,5900,0.0,0.0
2006-06-05 00:00:00-04:00,11.850000381469727,11.850000381469727,11.850000381469727,11.850000381469727,0,0.0,0.0
2006-06-06 00:00:00-04:00,11.850000381469727,11.850000381469727,11.850000381469727,11.850000381469727,0,0.0,0.0
2006-06-07 00:00:00-04:00,12.199999809265137,12.399999618530273,12.199999809265137,12.399999618530273,400,0.0,0.0
2006-06-08 00:00:00-04:00,12.199999809265137,12.199999809265137,12.199999809265137,12.199999809265137,1400,0.0,0.0
2006-06-09 00:00:00-04:00,12.699999809265137,12.699999809265137,12.300000190734863,12.300000190734863,1600,0.0,0.0
2006-06-12 00:00:00-04:00,12.300000190734863,12.300000190734863,12.300000190734863,12.300000190734863,0,0.0,0.0
2006-06-13 00:00:00-04:00,12.0,12.300000190734863,12.0,12.100000381469727,2100,0.0,0.0
2006-06-14 00:00:00-04:00,12.100000381469727,12.199999809265137,12.100000381469727,12.100000381469727,27200,0.0,0.0
2006-06-15 00:00:00-04:00,12.100000381469727,12.100000381469727,12.100000381469727,12.100000381469727,3000,0.0,0.0
2006-06-16 00:00:00-04:00,12.100000381469727,12.399999618530273,12.100000381469727,12.270000457763672,2700,0.0,0.0
2006-06-19 00:00:00-04:00,12.300000190734863,12.699999809265137,12.300000190734863,12.5,3500,0.0,0.0
2006-06-20 00:00:00-04:00,12.5,12.600000381469727,12.300000190734863,12.300000190734863,74000,0.0,0.0
2006-06-21 00:00:00-04:00,12.350000381469727,12.350000381469727,12.350000381469727,12.350000381469727,800,0.0,0.0
2006-06-22 00:00:00-04:00,12.350000381469727,12.350000381469727,12.350000381469727,12.350000381469727,1500,0.0,0.0
2006-06-23 00:00:00-04:00,12.350000381469727,12.350000381469727,12.350000381469727,12.350000381469727,200,0.0,0.0
2006-06-26 00:00:00-04:00,12.350000381469727,12.350000381469727,12.350000381469727,12.350000381469727,0,0.0,0.0
2006-06-27 00:00:00-04:00,12.300000190734863,12.399999618530273,12.300000190734863,12.399999618530273,1000,0.0,0.0
2006-06-28 00:00:00-04:00,12.399999618530273,12.399999618530273,12.399999618530273,12.399999618530273,1500,0.0,0.0
2006-06-29 00:00:00-04:00,12.399999618530273,12.399999618530273,12.399999618530273,12.399999618530273,1700,0.0,0.0
2006-06-30 00:00:00-04:00,12.399999618530273,12.399999618530273,12.399999618530273,12.399999618530273,0,0.0,0.0
2006-07-03 00:00:00-04:00,12.399999618530273,12.399999618530273,12.050000190734863,12.050000190734863,600,0.0,0.0
2006-07-05 00:00:00-04:00,12.0600004196167,12.100000381469727,12.0600004196167,12.0600004196167,4900,0.0,0.0
2006-07-06 00:00:00-04:00,12.100000381469727,12.100000381469727,12.029999732971191,12.029999732971191,2000,0.0,0.0
2006-07-07 00:00:00-04:00,12.199999809265137,12.5,11.800000190734863,12.199999809265137,4900,0.0,0.0
2006-07-10 00:00:00-04:00,12.199999809265137,12.199999809265137,12.199999809265137,12.199999809265137,0,0.0,0.0
2006-07-11 00:00:00-04:00,12.199999809265137,12.25,12.199999809265137,12.199999809265137,2300,0.0,0.0
2006-07-12 00:00:00-04:00,12.0,12.399999618530273,12.0,12.399999618530273,43900,0.0,0.0
2006-07-13 00:00:00-04:00,12.5,12.600000381469727,12.5,12.550000190734863,13000,0.0,0.0
2006-07-14 00:00:00-04:00,12.550000190734863,12.800000190734863,12.300000190734863,12.75,117400,0.0,0.0
2006-07-17 00:00:00-04:00,12.550000190734863,12.600000381469727,12.550000190734863,12.550000190734863,35400,0.0,0.0
2006-07-18 00:00:00-04:00,12.350000381469727,12.649999618530273,12.350000381469727,12.449999809265137,27200,0.0,0.0
2006-07-19 00:00:00-04:00,12.449999809265137,12.5,12.25,12.300000190734863,20700,0.0,0.0
2006-07-20 00:00:00-04:00,12.300000190734863,12.300000190734863,12.0,12.199999809265137,16600,0.0,0.0
2006-07-21 00:00:00-04:00,12.180000305175781,12.180000305175781,12.180000305175781,12.180000305175781,500,0.0,0.0
2006-07-24 00:00:00-04:00,12.100000381469727,12.100000381469727,12.0,12.079999923706055,9200,0.0,0.0
2006-07-25 00:00:00-04:00,12.0,12.0,11.979999542236328,11.989999771118164,10000,0.0,0.0
2006-07-26 00:00:00-04:00,11.989999771118164,11.989999771118164,11.989999771118164,11.989999771118164,0,0.0,0.0
2006-07-27 00:00:00-04:00,12.0,12.050000190734863,11.859999656677246,12.050000190734863,35100,0.0,0.0
2006-07-28 00:00:00-04:00,12.050000190734863,12.25,12.050000190734863,12.100000381469727,16600,0.0,0.0
2006-07-31 00:00:00-04:00,12.100000381469727,12.100000381469727,12.100000381469727,12.100000381469727,7500,0.0,0.0
2006-08-01 00:00:00-04:00,12.100000381469727,12.25,12.050000190734863,12.25,8500,0.0,0.0
2006-08-02 00:00:00-04:00,12.25,12.25,12.25,12.25,0,0.0,0.0
2006-08-03 00:00:00-04:00,12.199999809265137,12.199999809265137,12.199999809265137,12.199999809265137,1000,0.0,0.0
2006-08-04 00:00:00-04:00,12.149999618530273,12.149999618530273,12.149999618530273,12.149999618530273,40000,0.0,0.0
2006-08-07 00:00:00-04:00,12.149999618530273,12.149999618530273,12.100000381469727,12.100000381469727,700,0.0,0.0
2006-08-08 00:00:00-04:00,12.100000381469727,12.100000381469727,12.100000381469727,12.100000381469727,3200,0.0,0.0
2006-08-09 00:00:00-04:00,12.100000381469727,12.100000381469727,12.100000381469727,12.100000381469727,600,0.0,0.0
2006-08-10 00:00:00-04:00,12.100000381469727,12.100000381469727,12.100000381469727,12.100000381469727,5700,0.0,0.0
2006-08-11 00:00:00-04:00,12.25,12.25,12.25,12.25,3000,0.0,0.0
2006-08-14 00:00:00-04:00,12.25,12.25,12.25,12.25,0,0.0,0.0
2006-08-15 00:00:00-04:00,12.25,12.25,12.25,12.25,0,0.0,0.0
2006-08-16 00:00:00-04:00,12.25,12.5,12.199999809265137,12.25,6200,0.0,0.0
2006-08-17 00:00:00-04:00,12.0,12.0,12.0,12.0,12500,0.0,0.0
2006-08-18 00:00:00-04:00,12.100000381469727,12.100000381469727,12.100000381469727,12.100000381469727,2000,0.0,0.0
2006-08-21 00:00:00-04:00,12.100000381469727,12.100000381469727,12.100000381469727,12.100000381469727,0,0.0,0.0
2006-08-22 00:00:00-04:00,12.100000381469727,12.100000381469727,12.0,12.0,3900,0.0,0.0
2006-08-23 00:00:00-04:00,12.0,12.0,12.0,12.0,0,0.0,0.0
2006-08-24 00:00:00-04:00,11.350000381469727,12.020000457763672,11.350000381469727,12.0,700,0.0,0.0
2006-08-25 00:00:00-04:00,12.0,12.0,12.0,12.0,0,0.0,0.0
2006-08-28 00:00:00-04:00,12.0,12.0,12.0,12.0,1000,0.0,0.0
2006-08-29 00:00:00-04:00,11.710000038146973,12.020000457763672,11.710000038146973,12.020000457763672,1100,0.0,0.0
2006-08-30 00:00:00-04:00,12.0,12.010000228881836,11.449999809265137,12.0,16700,0.0,0.0
2006-08-31 00:00:00-04:00,12.010000228881836,12.25,12.010000228881836,12.25,5200,0.0,0.0
2006-09-01 00:00:00-04:00,12.260000228881836,12.550000190734863,12.25,12.300000190734863,12900,0.0,0.0
2006-09-05 00:00:00-04:00,12.350000381469727,12.449999809265137,12.350000381469727,12.449999809265137,4900,0.0,0.0
2006-09-06 00:00:00-04:00,12.550000190734863,13.0,12.5,13.0,28400,0.0,0.0
2006-09-07 00:00:00-04:00,13.100000381469727,13.350000381469727,13.010000228881836,13.010000228881836,178800,0.0,0.0
2006-09-08 00:00:00-04:00,13.149999618530273,13.149999618530273,13.149999618530273,13.149999618530273,2000,0.0,0.0
2006-09-11 00:00:00-04:00,13.300000190734863,13.300000190734863,13.300000190734863,13.300000190734863,800,0.0,0.0
2006-09-12 00:00:00-04:00,13.300000190734863,13.300000190734863,13.300000190734863,13.300000190734863,0,0.0,0.0
2006-09-13 00:00:00-04:00,13.350000381469727,13.350000381469727,13.149999618530273,13.149999618530273,1800,0.0,0.0
2006-09-14 00:00:00-04:00,13.199999809265137,13.25,13.199999809265137,13.220000267028809,313200,0.0,0.0
2006-09-15 00:00:00-04:00,13.199999809265137,13.220000267028809,13.199999809265137,13.220000267028809,70600,0.0,0.0
2006-09-18 00:00:00-04:00,13.220000267028809,13.220000267028809,13.220000267028809,13.220000267028809,0,0.0,0.0
2006-09-19 00:00:00-04:00,13.199999809265137,13.300000190734863,13.199999809265137,13.300000190734863,1200,0.0,0.0
2006-09-20 00:00:00-04:00,13.300000190734863,13.300000190734863,13.100000381469727,13.300000190734863,1200,0.0,0.0
2006-09-21 00:00:00-04:00,13.300000190734863,13.300000190734863,13.300000190734863,13.300000190734863,1200,0.0,0.0
2006-09-22 00:00:00-04:00,13.300000190734863,13.300000190734863,13.300000190734863,13.300000190734863,0,0.0,0.0
2006-09-25 00:00:00-04:00,13.300000190734863,13.399999618530273,13.300000190734863,13.300000190734863,2100,0.0,0.0
2006-09-26 00:00:00-04:00,13.300000190734863,13.300000190734863,13.300000190734863,13.300000190734863,300,0.0,0.0
2006-09-27 00:00:00-04:00,13.199999809265137,13.300000190734863,13.199999809265137,13.300000190734863,1700,0.0,0.0
2006-09-28 00:00:00-04:00,13.300000190734863,13.5,13.050000190734863,13.5,3000,0.0,0.0
2006-09-29 00:00:00-04:00,13.5,13.510000228881836,13.5,13.5,5900,0.0,0.0
2006-10-02 00:00:00-04:00,13.5,13.5,13.5,13.5,0,0.0,0.0
2006-10-03 00:00:00-04:00,13.550000190734863,13.550000190734863,13.550000190734863,13.550000190734863,1000,0.0,0.0
2006-10-04 00:00:00-04:00,13.550000190734863,13.649999618530273,13.550000190734863,13.649999618530273,2800,0.0,0.0
2006-10-05 00:00:00-04:00,13.649999618530273,13.649999618530273,13.649999618530273,13.649999618530273,9700,0.0,0.0
2006-10-06 00:00:00-04:00,13.649999618530273,13.649999618530273,13.649999618530273,13.649999618530273,1000,0.0,0.0
2006-10-09 00:00:00-04:00,13.649999618530273,13.649999618530273,13.649999618530273,13.649999618530273,0,0.0,0.0
2006-10-10 00:00:00-04:00,13.649999618530273,13.649999618530273,13.649999618530273,13.649999618530273,0,0.0,0.0
2006-10-11 00:00:00-04:00,13.600000381469727,13.600000381469727,13.600000381469727,13.600000381469727,400,0.0,0.0
2006-10-12 00:00:00-04:00,13.600000381469727,13.600000381469727,13.600000381469727,13.600000381469727,3100,0.0,0.0
2006-10-13 00:00:00-04:00,13.600000381469727,13.649999618530273,13.600000381469727,13.649999618530273,9400,0.0,0.0
2006-10-16 00:00:00-04:00,13.649999618530273,13.699999809265137,13.649999618530273,13.649999618530273,4000,0.0,0.0
2006-10-17 00:00:00-04:00,13.75,13.75,13.649999618530273,13.649999618530273,3100,0.0,0.0
2006-10-18 00:00:00-04:00,13.649999618530273,13.649999618530273,13.649999618530273,13.649999618530273,0,0.0,0.0
2006-10-19 00:00:00-04:00,13.5,13.5,13.5,13.5,1500,0.0,0.0
2006-10-20 00:00:00-04:00,13.149999618530273,13.25,13.149999618530273,13.25,9800,0.0,0.0
2006-10-23 00:00:00-04:00,13.149999618530273,13.25,13.100000381469727,13.149999618530273,17200,0.0,0.0
2006-10-24 00:00:00-04:00,13.25,13.25,13.25,13.25,3400,0.0,0.0
2006-10-25 00:00:00-04:00,13.25,13.25,13.25,13.25,0,0.0,0.0
2006-10-26 00:00:00-04:00,13.350000381469727,13.399999618530273,13.350000381469727,13.399999618530273,900,0.0,0.0
2006-10-27 00:00:00-04:00,13.399999618530273,13.399999618530273,13.399999618530273,13.399999618530273,5000,0.0,0.0
2006-10-30 00:00:00-05:00,13.399999618530273,13.449999809265137,13.109999656677246,13.449999809265137,8200,0.0,0.0
2006-10-31 00:00:00-05:00,13.399999618530273,13.5,13.399999618530273,13.5,5800,0.0,0.0
2006-11-01 00:00:00-05:00,13.449999809265137,13.449999809265137,13.449999809265137,13.449999809265137,500,0.0,0.0
2006-11-02 00:00:00-05:00,13.5,13.600000381469727,13.5,13.600000381469727,900,0.0,0.0
2006-11-03 00:00:00-05:00,13.75,13.75,13.75,13.75,200,0.0,0.0
2006-11-06 00:00:00-05:00,13.75,13.75,13.75,13.75,0,0.0,0.0
2006-11-07 00:00:00-05:00,13.75,13.75,13.75,13.75,0,0.0,0.0
2006-11-08 00:00:00-05:00,13.75,13.75,13.75,13.75,500,0.0,0.0
2006-11-09 00:00:00-05:00,13.75,13.75,13.75,13.75,0,0.0,0.0
2006-11-10 00:00:00-05:00,13.899999618530273,13.989999771118164,13.899999618530273,13.989999771118164,400,0.0,0.0
2006-11-13 00:00:00-05:00,13.989999771118164,14.149999618530273,13.989999771118164,14.0,5200,0.0,0.0
2006-11-14 00:00:00-05:00,14.25,14.25,14.25,14.25,300,0.0,0.0
2006-11-15 00:00:00-05:00,14.199999809265137,14.399999618530273,14.199999809265137,14.199999809265137,600,0.0,0.0
2006-11-16 00:00:00-05:00,14.25,14.25,14.25,14.25,800,0.0,0.0
2006-11-17 00:00:00-05:00,14.25,14.25,14.25,14.25,0,0.0,0.0
2006-11-20 00:00:00-05:00,14.25,14.300000190734863,14.25,14.300000190734863,500,0.0,0.0
2006-11-21 00:00:00-05:00,14.300000190734863,14.470000267028809,14.300000190734863,14.470000267028809,2200,0.0,0.0
2006-11-22 00:00:00-05:00,14.470000267028809,14.470000267028809,14.470000267028809,14.470000267028809,0,0.0,0.0
2006-11-24 00:00:00-05:00,14.199999809265137,14.479999542236328,14.199999809265137,14.479999542236328,400,0.0,0.0
2006-11-27 00:00:00-05:00,14.479999542236328,14.479999542236328,14.479999542236328,14.479999542236328,0,0.0,0.0
2006-11-28 00:00:00-05:00,14.479999542236328,14.5,14.479999542236328,14.5,400,0.0,0.0
2006-11-29 00:00:00-05:00,14.5,14.5,14.5,14.5,0,0.0,0.0
2006-11-30 00:00:00-05:00,14.5,14.5,14.5,14.5,0,0.0,0.0
2006-12-01 00:00:00-05:00,14.5,14.5,14.5,14.5,1500,0.0,0.0
2006-12-04 00:00:00-05:00,14.5,14.5,14.5,14.5,0,0.0,0.0
2006-12-05 00:00:00-05:00,14.600000381469727,14.600000381469727,14.600000381469727,14.600000381469727,1000,0.0,0.0
2006-12-06 00:00:00-05:00,14.600000381469727,14.600000381469727,14.600000381469727,14.600000381469727,0,0.0,0.0
2006-12-07 00:00:00-05:00,14.600000381469727,14.600000381469727,14.600000381469727,14.600000381469727,400,0.0,0.0
2006-12-08 00:00:00-05:00,14.600000381469727,14.649999618530273,14.600000381469727,14.600000381469727,1500,0.0,0.0
2006-12-11 00:00:00-05:00,14.600000381469727,14.600000381469727,14.600000381469727,14.600000381469727,1800,0.0,0.0
2006-12-12 00:00:00-05:00,14.600000381469727,14.600000381469727,14.600000381469727,14.600000381469727,2000,0.0,0.0
2006-12-13 00:00:00-05:00,14.0,14.699999809265137,14.0,14.699999809265137,5200,0.0,0.0
2006-12-14 00:00:00-05:00,14.699999809265137,14.699999809265137,14.699999809265137,14.699999809265137,0,0.0,0.0
2006-12-15 00:00:00-05:00,14.699999809265137,14.699999809265137,14.699999809265137,14.699999809265137,0,0.0,0.0
2006-12-18 00:00:00-05:00,14.699999809265137,14.699999809265137,14.699999809265137,14.699999809265137,0,0.0,0.0
2006-12-19 00:00:00-05:00,14.600000381469727,14.649999618530273,14.0,14.5,72100,0.0,0.0
2006-12-20 00:00:00-05:00,13.399999618530273,14.600000381469727,13.399999618530273,14.600000381469727,55100,0.0,0.0
2006-12-21 00:00:00-05:00,14.550000190734863,14.600000381469727,14.0,14.550000190734863,6500,0.0,0.0
2006-12-22 00:00:00-05:00,14.149999618530273,14.550000190734863,14.149999618530273,14.25,500,0.0,0.0
2006-12-26 00:00:00-05:00,14.100000381469727,14.699999809265137,13.75,14.649999618530273,4500,0.0,0.0
2006-12-27 00:00:00-05:00,14.649999618530273,14.649999618530273,14.649999618530273,14.649999618530273,300,0.0,0.0
2006-12-28 00:00:00-05:00,14.399999618530273,14.399999618530273,14.399999618530273,14.399999618530273,100,0.0,0.0
2006-12-29 00:00:00-05:00,14.649999618530273,14.699999809265137,14.649999618530273,14.699999809265137,5000,0.0,0.0
2007-01-03 00:00:00-05:00,14.649999618530273,14.65999984741211,14.5,14.65999984741211,2200,0.0,0.0
2007-01-04 00:00:00-05:00,14.699999809265137,14.699999809265137,14.649999618530273,14.649999618530273,3000,0.0,0.0
2007-01-05 00:00:00-05:00,14.670000076293945,14.949999809265137,14.649999618530273,14.75,3000,0.0,0.0
2007-01-08 00:00:00-05:00,14.75,14.75,14.75,14.75,0,0.0,0.0
2007-01-09 00:00:00-05:00,14.75,14.75,14.75,14.75,0,0.0,0.0
2007-01-10 00:00:00-05:00,14.949999809265137,14.949999809265137,14.75,14.75,500,0.0,0.0
2007-01-11 00:00:00-05:00,14.75,14.75,14.75,14.75,1300,0.0,0.0
2007-01-12 00:00:00-05:00,14.600000381469727,14.600000381469727,14.399999618530273,14.399999618530273,700,0.0,0.0
2007-01-16 00:00:00-05:00,14.300000190734863,14.300000190734863,14.050000190734863,14.050000190734863,300,0.0,0.0
2007-01-17 00:00:00-05:00,14.0,14.0,14.0,14.0,700,0.0,0.0
2007-01-18 00:00:00-05:00,14.0,14.0,14.0,14.0,0,0.0,0.0
2007-01-19 00:00:00-05:00,13.5,13.5,13.5,13.5,7500,0.0,0.0
2007-01-22 00:00:00-05:00,13.5,13.5,13.5,13.5,1800,0.0,0.0
2007-01-23 00:00:00-05:00,13.5,13.5,13.5,13.5,0,0.0,0.0
2007-01-24 00:00:00-05:00,13.5,13.5,13.5,13.5,0,0.0,0.0
2007-01-25 00:00:00-05:00,13.5,13.5,12.600000381469727,13.5,15800,0.0,0.0
2007-01-26 00:00:00-05:00,13.5,13.5,13.5,13.5,0,0.0,0.0
2007-01-29 00:00:00-05:00,13.350000381469727,13.350000381469727,13.350000381469727,13.350000381469727,4000,0.0,0.0
2007-01-30 00:00:00-05:00,13.449999809265137,13.449999809265137,13.449999809265137,13.449999809265137,700,0.0,0.0
2007-01-31 00:00:00-05:00,13.449999809265137,13.75,13.449999809265137,13.75,2400,0.0,0.0
2007-02-01 00:00:00-05:00,13.75,14.0,13.75,13.75,1600,0.0,0.0
2007-02-02 00:00:00-05:00,13.75,13.75,13.75,13.75,200,0.0,0.0
2007-02-05 00:00:00-05:00,13.75,13.75,13.75,13.75,0,0.0,0.0
2007-02-06 00:00:00-05:00,13.75,13.75,13.75,13.75,500,0.0,0.0
2007-02-07 00:00:00-05:00,13.25,13.25,13.25,13.25,800,0.0,0.0
2007-02-08 00:00:00-05:00,13.25,13.25,13.25,13.25,0,0.0,0.0
2007-02-09 00:00:00-05:00,13.25,13.25,13.25,13.25,0,0.0,0.0
2007-02-12 00:00:00-05:00,13.800000190734863,13.800000190734863,13.600000381469727,13.699999809265137,4300,0.0,0.0
2007-02-13 00:00:00-05:00,13.649999618530273,13.699999809265137,13.649999618530273,13.699999809265137,500,0.0,0.0
2007-02-14 00:00:00-05:00,13.399999618530273,13.699999809265137,13.399999618530273,13.699999809265137,3100,0.0,0.0
2007-02-15 00:00:00-05:00,13.699999809265137,13.699999809265137,13.699999809265137,13.699999809265137,0,0.0,0.0
2007-02-16 00:00:00-05:00,13.449999809265137,13.449999809265137,13.449999809265137,13.449999809265137,400,0.0,0.0
2007-02-20 00:00:00-05:00,13.449999809265137,13.5,13.449999809265137,13.449999809265137,2400,0.0,0.0
2007-02-21 00:00:00-05:00,13.399999618530273,14.0,13.399999618530273,13.5,50100,0.0,0.0
2007-02-22 00:00:00-05:00,13.699999809265137,13.699999809265137,13.699999809265137,13.699999809265137,3200,0.0,0.0
2007-02-23 00:00:00-05:00,13.75,13.75,13.75,13.75,1000,0.0,0.0
2007-02-26 00:00:00-05:00,13.800000190734863,14.5,13.800000190734863,14.5,24000,0.0,0.0
2007-02-27 00:00:00-05:00,14.5,14.5,14.5,14.5,0,0.0,0.0
2007-02-28 00:00:00-05:00,14.449999809265137,14.449999809265137,14.25,14.25,2300,0.0,0.0
2007-03-01 00:00:00-05:00,14.25,14.25,14.25,14.25,0,0.0,0.0
2007-03-02 00:00:00-05:00,14.25,14.25,14.25,14.25,200,0.0,0.0
2007-03-05 00:00:00-05:00,14.25,14.25,14.25,14.25,0,0.0,0.0
2007-03-06 00:00:00-05:00,14.0,14.25,14.0,14.25,3400,0.0,0.0
2007-03-07 00:00:00-05:00,14.050000190734863,14.050000190734863,14.050000190734863,14.050000190734863,800,0.0,0.0
2007-03-08 00:00:00-05:00,14.300000190734863,14.600000381469727,14.300000190734863,14.600000381469727,3100,0.0,0.0
2007-03-09 00:00:00-05:00,14.600000381469727,14.600000381469727,14.600000381469727,14.600000381469727,0,0.0,0.0
2007-03-12 00:00:00-04:00,14.600000381469727,14.600000381469727,14.600000381469727,14.600000381469727,1900,0.0,0.0
2007-03-13 00:00:00-04:00,14.0,14.0,14.0,14.0,3500,0.0,0.0
2007-03-14 00:00:00-04:00,14.25,14.25,14.25,14.25,700,0.0,0.0
2007-03-15 00:00:00-04:00,14.010000228881836,14.149999618530273,13.779999732971191,13.779999732971191,23600,0.0,0.0
2007-03-16 00:00:00-04:00,13.800000190734863,13.800000190734863,12.899999618530273,13.75,20700,0.0,0.0
2007-03-19 00:00:00-04:00,13.75,13.75,13.75,13.75,0,0.0,0.0
2007-03-20 00:00:00-04:00,13.75,13.75,13.100000381469727,13.5,2200,0.0,0.0
2007-03-21 00:00:00-04:00,13.149999618530273,13.75,13.149999618530273,13.75,2800,0.0,0.0
2007-03-22 00:00:00-04:00,13.600000381469727,14.350000381469727,13.600000381469727,14.25,4800,0.0,0.0
2007-03-23 00:00:00-04:00,14.25,14.25,14.25,14.25,300,0.0,0.0
2007-03-26 00:00:00-04:00,13.25,14.600000381469727,13.25,14.600000381469727,1100,0.0,0.0
2007-03-27 00:00:00-04:00,14.600000381469727,14.600000381469727,14.600000381469727,14.600000381469727,0,0.0,0.0
2007-03-28 00:00:00-04:00,14.600000381469727,14.600000381469727,14.600000381469727,14.600000381469727,0,0.0,0.0
2007-03-29 00:00:00-04:00,14.600000381469727,14.600000381469727,14.600000381469727,14.600000381469727,0,0.0,0.0
2007-03-30 00:00:00-04:00,13.5,14.350000381469727,13.5,14.350000381469727,2600,0.0,0.0
2007-04-02 00:00:00-04:00,14.0,14.350000381469727,13.550000190734863,14.350000381469727,4100,0.0,0.0
2007-04-03 00:00:00-04:00,14.350000381469727,14.350000381469727,14.350000381469727,14.350000381469727,1400,0.0,0.0
2007-04-04 00:00:00-04:00,14.350000381469727,14.350000381469727,14.350000381469727,14.350000381469727,0,0.0,0.0
2007-04-05 00:00:00-04:00,14.300000190734863,14.300000190734863,13.949999809265137,14.0,1500,0.0,0.0
2007-04-09 00:00:00-04:00,14.0,14.300000190734863,13.0,14.300000190734863,1100,0.0,0.0
2007-04-10 00:00:00-04:00,14.0,14.0,13.989999771118164,14.0,1600,0.0,0.0
2007-04-11 00:00:00-04:00,14.0,14.0,14.0,14.0,0,0.0,0.0
2007-04-12 00:00:00-04:00,13.350000381469727,13.350000381469727,11.5,13.0,20000,0.0,0.0
2007-04-13 00:00:00-04:00,13.100000381469727,13.5,13.0,13.5,4000,0.0,0.0
2007-04-16 00:00:00-04:00,13.5,13.5,13.5,13.5,0,0.0,0.0
2007-04-17 00:00:00-04:00,13.0,13.0,12.800000190734863,12.800000190734863,4300,0.0,0.0
2007-04-18 00:00:00-04:00,12.960000038146973,12.960000038146973,12.5,12.5,18600,0.0,0.0
2007-04-19 00:00:00-04:00,12.75,12.75,12.25,12.25,6200,0.0,0.0
2007-04-20 00:00:00-04:00,13.0,13.0,12.600000381469727,13.0,7200,0.0,0.0
2007-04-23 00:00:00-04:00,13.0,13.0,13.0,13.0,0,0.0,0.0
2007-04-24 00:00:00-04:00,13.0,13.0,13.0,13.0,0,0.0,0.0
2007-04-25 00:00:00-04:00,12.75,12.75,12.5,12.5,9700,0.0,0.0
2007-04-26 00:00:00-04:00,12.5,12.5,12.5,12.5,500,0.0,0.0
2007-04-27 00:00:00-04:00,12.75,12.899999618530273,12.75,12.899999618530273,2000,0.0,0.0
2007-04-30 00:00:00-04:00,12.899999618530273,12.899999618530273,12.899999618530273,12.899999618530273,0,0.0,0.0
2007-05-01 00:00:00-04:00,13.0,13.0,12.899999618530273,12.899999618530273,6300,0.0,0.0
2007-05-02 00:00:00-04:00,12.800000190734863,12.800000190734863,12.800000190734863,12.800000190734863,500,0.0,0.0
2007-05-03 00:00:00-04:00,12.800000190734863,12.800000190734863,12.800000190734863,12.800000190734863,0,0.0,0.0
2007-05-04 00:00:00-04:00,12.5,12.5,12.5,12.5,600,0.0,0.0
2007-05-07 00:00:00-04:00,12.5,12.5,12.5,12.5,0,0.0,0.0
2007-05-08 00:00:00-04:00,12.5,12.5,12.5,12.5,0,0.0,0.0
2007-05-09 00:00:00-04:00,12.5,12.5,12.399999618530273,12.399999618530273,1000,0.0,0.0
2007-05-10 00:00:00-04:00,12.399999618530273,12.399999618530273,12.399999618530273,12.399999618530273,0,0.0,0.0
2007-05-11 00:00:00-04:00,12.399999618530273,12.399999618530273,12.399999618530273,12.399999618530273,200,0.0,0.0
2007-05-14 00:00:00-04:00,12.399999618530273,12.399999618530273,12.399999618530273,12.399999618530273,0,0.0,0.0
2007-05-15 00:00:00-04:00,12.0,12.399999618530273,12.0,12.050000190734863,6600,0.0,0.0
2007-05-16 00:00:00-04:00,12.100000381469727,12.100000381469727,12.0,12.0,10900,0.0,0.0
2007-05-17 00:00:00-04:00,12.0,12.350000381469727,12.0,12.350000381469727,2000,0.0,0.0
2007-05-18 00:00:00-04:00,12.399999618530273,13.0,12.399999618530273,12.399999618530273,2100,0.0,0.0
2007-05-21 00:00:00-04:00,12.399999618530273,12.399999618530273,12.399999618530273,12.399999618530273,0,0.0,0.0
2007-05-22 00:00:00-04:00,12.399999618530273,12.399999618530273,12.399999618530273,12.399999618530273,1200,0.0,0.0
2007-05-23 00:00:00-04:00,12.399999618530273,12.399999618530273,12.399999618530273,12.399999618530273,0,0.0,0.0
2007-05-24 00:00:00-04:00,12.25,12.800000190734863,12.25,12.800000190734863,17400,0.0,0.0
2007-05-25 00:00:00-04:00,12.699999809265137,12.989999771118164,12.5,12.989999771118164,3700,0.0,0.0
2007-05-29 00:00:00-04:00,12.5,13.0,12.5,13.0,1600,0.0,0.0
2007-05-30 00:00:00-04:00,13.0,13.0,12.5,12.779999732971191,6800,0.0,0.0
2007-05-31 00:00:00-04:00,12.779999732971191,13.0,12.649999618530273,13.0,3600,0.0,0.0
2007-06-01 00:00:00-04:00,13.0,13.0,12.850000381469727,12.899999618530273,10000,0.0,0.0
2007-06-04 00:00:00-04:00,13.0,13.0,13.0,13.0,6100,0.0,0.0
2007-06-05 00:00:00-04:00,13.25,13.25,13.25,13.25,2600,0.0,0.0
2007-06-06 00:00:00-04:00,13.25,13.25,13.25,13.25,400,0.0,0.0
2007-06-07 00:00:00-04:00,13.25,13.25,13.149999618530273,13.149999618530273,12600,0.0,0.0
2007-06-08 00:00:00-04:00,13.100000381469727,13.149999618530273,13.0,13.0,1500,0.0,0.0
2007-06-11 00:00:00-04:00,13.0,13.0,13.0,13.0,0,0.0,0.0
2007-06-12 00:00:00-04:00,13.0,13.0,13.0,13.0,11000,0.0,0.0
2007-06-13 00:00:00-04:00,13.0,13.0,13.0,13.0,100,0.0,0.0
2007-06-14 00:00:00-04:00,13.0,13.0,13.0,13.0,0,0.0,0.0
2007-06-15 00:00:00-04:00,12.5,12.5,12.5,12.5,200,0.0,0.0
2007-06-18 00:00:00-04:00,12.75,13.0,12.75,13.0,20000,0.0,0.0
2007-06-19 00:00:00-04:00,13.0,13.0,12.5,13.0,500,0.0,0.0
2007-06-20 00:00:00-04:00,13.0,13.0,13.0,13.0,0,0.0,0.0
2007-06-21 00:00:00-04:00,13.0,13.0,13.0,13.0,0,0.0,0.0
2007-06-22 00:00:00-04:00,13.0,13.0,13.0,13.0,0,0.0,0.0
2007-06-25 00:00:00-04:00,12.75,13.25,12.75,13.25,52900,0.0,0.0
2007-06-26 00:00:00-04:00,13.0,13.0,12.699999809265137,12.699999809265137,58000,0.0,0.0
2007-06-27 00:00:00-04:00,12.699999809265137,12.75,12.699999809265137,12.75,17800,0.0,0.0
2007-06-28 00:00:00-04:00,12.75,12.75,12.75,12.75,0,0.0,0.0
2007-06-29 00:00:00-04:00,13.0,13.25,12.75,13.25,2900,0.0,0.0
2007-07-02 00:00:00-04:00,13.0,13.0,12.5,13.0,1500,0.0,0.0
2007-07-03 00:00:00-04:00,12.75,12.75,12.75,12.75,100,0.0,0.0
2007-07-05 00:00:00-04:00,13.0,13.0,13.0,13.0,500,0.0,0.0
2007-07-06 00:00:00-04:00,12.75,12.75,12.699999809265137,12.699999809265137,1600,0.0,0.0
2007-07-09 00:00:00-04:00,12.5,12.5,12.5,12.5,2200,0.0,0.0
2007-07-10 00:00:00-04:00,12.5,12.550000190734863,12.5,12.550000190734863,3700,0.0,0.0
2007-07-11 00:00:00-04:00,12.550000190734863,12.550000190734863,12.550000190734863,12.550000190734863,9600,0.0,0.0
2007-07-12 00:00:00-04:00,12.550000190734863,12.550000190734863,12.550000190734863,12.550000190734863,22200,0.0,0.0
2007-07-13 00:00:00-04:00,12.550000190734863,12.550000190734863,12.550000190734863,12.550000190734863,1400,0.0,0.0
2007-07-16 00:00:00-04:00,12.600000381469727,12.600000381469727,12.600000381469727,12.600000381469727,100,0.0,0.0
2007-07-17 00:00:00-04:00,12.600000381469727,12.600000381469727,12.600000381469727,12.600000381469727,1400,0.0,0.0
2007-07-18 00:00:00-04:00,12.600000381469727,12.600000381469727,12.600000381469727,12.600000381469727,0,0.0,0.0
2007-07-19 00:00:00-04:00,12.600000381469727,12.600000381469727,12.600000381469727,12.600000381469727,0,0.0,0.0
2007-07-20 00:00:00-04:00,12.600000381469727,12.600000381469727,12.600000381469727,12.600000381469727,0,0.0,0.0
2007-07-23 00:00:00-04:00,12.0,12.449999809265137,12.0,12.449999809265137,500,0.0,0.0
2007-07-24 00:00:00-04:00,12.449999809265137,12.449999809265137,12.449999809265137,12.449999809265137,0,0.0,0.0
2007-07-25 00:00:00-04:00,12.449999809265137,12.449999809265137,12.449999809265137,12.449999809265137,0,0.0,0.0
2007-07-26 00:00:00-04:00,12.449999809265137,12.449999809265137,12.449999809265137,12.449999809265137,0,0.0,0.0
2007-07-27 00:00:00-04:00,11.5,12.399999618530273,11.5,12.25,1600,0.0,0.0
2007-07-30 00:00:00-04:00,12.0,12.199999809265137,12.0,12.149999618530273,2100,0.0,0.0
2007-07-31 00:00:00-04:00,12.100000381469727,12.449999809265137,12.100000381469727,12.449999809265137,8300,0.0,0.0
2007-08-01 00:00:00-04:00,12.449999809265137,12.449999809265137,12.449999809265137,12.449999809265137,0,0.0,0.0
2007-08-02 00:00:00-04:00,12.149999618530273,12.25,11.100000381469727,12.25,3400,0.0,0.0
2007-08-03 00:00:00-04:00,12.050000190734863,12.300000190734863,12.050000190734863,12.300000190734863,700,0.0,0.0
2007-08-06 00:00:00-04:00,12.050000190734863,12.199999809265137,12.050000190734863,12.199999809265137,600,0.0,0.0
2007-08-07 00:00:00-04:00,12.199999809265137,12.300000190734863,10.25,12.300000190734863,62300,0.0,0.0
2007-08-08 00:00:00-04:00,12.300000190734863,12.300000190734863,12.300000190734863,12.300000190734863,0,0.0,0.0
2007-08-09 00:00:00-04:00,12.300000190734863,12.5,12.25,12.5,36000,0.0,0.0
2007-08-10 00:00:00-04:00,12.25,12.25,12.199999809265137,12.199999809265137,36400,0.0,0.0
2007-08-13 00:00:00-04:00,12.199999809265137,12.199999809265137,12.199999809265137,12.199999809265137,0,0.0,0.0
2007-08-14 00:00:00-04:00,10.449999809265137,12.5,10.449999809265137,11.75,9400,0.0,0.0
2007-08-15 00:00:00-04:00,11.0,12.0,11.0,12.0,600,0.0,0.0
2007-08-16 00:00:00-04:00,11.100000381469727,12.0,11.100000381469727,12.0,600,0.0,0.0
2007-08-17 00:00:00-04:00,12.0,12.0,12.0,12.0,0,0.0,0.0
2007-08-20 00:00:00-04:00,12.0,12.0,12.0,12.0,0,0.0,0.0
2007-08-21 00:00:00-04:00,11.600000381469727,11.850000381469727,11.5,11.5,5000,0.0,0.0
2007-08-22 00:00:00-04:00,11.5,11.550000190734863,11.300000190734863,11.300000190734863,6900,0.0,0.0
2007-08-23 00:00:00-04:00,11.300000190734863,11.300000190734863,11.300000190734863,11.300000190734863,0,0.0,0.0
2007-08-24 00:00:00-04:00,11.5,11.5,10.5,11.5,8800,0.0,0.0
2007-08-27 00:00:00-04:00,11.0,11.5,11.0,11.5,28300,0.0,0.0
2007-08-28 00:00:00-04:00,11.5,11.5,11.5,11.5,17000,0.0,0.0
2007-08-29 00:00:00-04:00,11.5,12.0,11.5,12.0,1200,0.0,0.0
2007-08-30 00:00:00-04:00,11.5,11.75,11.5,11.75,11700,0.0,0.0
2007-08-31 00:00:00-04:00,11.550000190734863,11.75,11.550000190734863,11.75,3200,0.0,0.0
2007-09-04 00:00:00-04:00,11.5,11.520000457763672,11.449999809265137,11.5,5900,0.0,0.0
2007-09-05 00:00:00-04:00,11.5,11.5,11.449999809265137,11.5,3300,0.0,0.0
2007-09-06 00:00:00-04:00,11.520000457763672,11.550000190734863,11.520000457763672,11.550000190734863,2700,0.0,0.0
2007-09-07 00:00:00-04:00,11.550000190734863,11.550000190734863,11.550000190734863,11.550000190734863,0,0.0,0.0
2007-09-10 00:00:00-04:00,11.520000457763672,11.520000457763672,10.25,11.5,8600,0.0,0.0
2007-09-11 00:00:00-04:00,11.5,11.5,11.5,11.5,700,0.0,0.0
2007-09-12 00:00:00-04:00,11.520000457763672,11.75,11.520000457763672,11.75,600,0.0,0.0
2007-09-13 00:00:00-04:00,11.399999618530273,11.75,11.399999618530273,11.75,1200,0.0,0.0
2007-09-14 00:00:00-04:00,11.75,11.75,11.75,11.75,200,0.0,0.0
2007-09-17 00:00:00-04:00,11.5,11.5,11.5,11.5,3400,0.0,0.0
2007-09-18 00:00:00-04:00,11.5,11.5,11.5,11.5,0,0.0,0.0
2007-09-19 00:00:00-04:00,11.75,11.75,11.75,11.75,2000,0.0,0.0
2007-09-20 00:00:00-04:00,11.75,11.75,11.75,11.75,1500,0.0,0.0
2007-09-21 00:00:00-04:00,11.399999618530273,11.5,11.399999618530273,11.5,3400,0.0,0.0
2007-09-24 00:00:00-04:00,11.5,11.5,11.5,11.5,1400,0.0,0.0
2007-09-25 00:00:00-04:00,11.649999618530273,11.800000190734863,11.649999618530273,11.800000190734863,2400,0.0,0.0
2007-09-26 00:00:00-04:00,11.800000190734863,11.800000190734863,11.800000190734863,11.800000190734863,0,0.0,0.0
2007-09-27 00:00:00-04:00,11.5,11.899999618530273,11.5,11.899999618530273,5100,0.0,0.0
2007-09-28 00:00:00-04:00,11.850000381469727,12.0,11.800000190734863,12.0,6400,0.0,0.0
2007-10-01 00:00:00-04:00,12.0,12.0,12.0,12.0,0,0.0,0.0
2007-10-02 00:00:00-04:00,11.75,12.100000381469727,11.75,12.0,2300,0.0,0.0
2007-10-03 00:00:00-04:00,12.100000381469727,12.100000381469727,12.100000381469727,12.100000381469727,1200,0.0,0.0
2007-10-04 00:00:00-04:00,12.100000381469727,12.100000381469727,12.100000381469727,12.100000381469727,0,0.0,0.0
2007-10-05 00:00:00-04:00,11.800000190734863,12.100000381469727,11.800000190734863,12.100000381469727,200,0.0,0.0
2007-10-08 00:00:00-04:00,12.100000381469727,12.100000381469727,12.100000381469727,12.100000381469727,0,0.0,0.0
2007-10-09 00:00:00-04:00,11.800000190734863,12.0,11.800000190734863,12.0,2400,0.0,0.0
2007-10-10 00:00:00-04:00,12.0,12.0,12.0,12.0,0,0.0,0.0
2007-10-11 00:00:00-04:00,11.399999618530273,12.0,11.399999618530273,12.0,1100,0.0,0.0
2007-10-12 00:00:00-04:00,11.75,12.0,11.75,12.0,1100,0.0,0.0
2007-10-15 00:00:00-04:00,11.850000381469727,12.0,11.850000381469727,12.0,8300,0.0,0.0
2007-10-16 00:00:00-04:00,11.75,11.75,11.75,11.75,200,0.0,0.0
2007-10-17 00:00:00-04:00,11.75,11.75,11.75,11.75,800,0.0,0.0
2007-10-18 00:00:00-04:00,12.100000381469727,12.100000381469727,12.0,12.0,7300,0.0,0.0
2007-10-19 00:00:00-04:00,12.0,12.0,12.0,12.0,1000,0.0,0.0
2007-10-22 00:00:00-04:00,11.75,11.75,11.75,11.75,100,0.0,0.0
2007-10-23 00:00:00-04:00,11.75,11.75,11.75,11.75,0,0.0,0.0
2007-10-24 00:00:00-04:00,11.75,11.75,11.75,11.75,0,0.0,0.0
2007-10-25 00:00:00-04:00,11.75,11.75,11.75,11.75,600,0.0,0.0
2007-10-26 00:00:00-04:00,11.5,11.5,11.5,11.5,1400,0.0,0.0
2007-10-29 00:00:00-04:00,11.5,11.5,11.5,11.5,500,0.0,0.0
2007-10-30 00:00:00-04:00,11.5,11.5,11.5,11.5,0,0.0,0.0
2007-10-31 00:00:00-04:00,11.5,11.75,11.5,11.75,1100,0.0,0.0
2007-11-01 00:00:00-04:00,11.75,11.75,11.75,11.75,0,0.0,0.0
2007-11-02 00:00:00-04:00,11.5,11.5,11.5,11.5,300,0.0,0.0
2007-11-05 00:00:00-05:00,11.5,11.5,11.5,11.5,1900,0.0,0.0
2007-11-06 00:00:00-05:00,11.5,11.5,11.449999809265137,11.5,1600,0.0,0.0
2007-11-07 00:00:00-05:00,11.5,11.5,11.5,11.5,0,0.0,0.0
2007-11-08 00:00:00-05:00,11.5,11.75,11.5,11.75,400,0.0,0.0
2007-11-09 00:00:00-05:00,11.75,11.75,11.75,11.75,0,0.0,0.0
2007-11-12 00:00:00-05:00,11.5,11.5,11.470000267028809,11.5,19900,0.0,0.0
2007-11-13 00:00:00-05:00,11.300000190734863,11.300000190734863,10.5,10.5,5300,0.0,0.0
2007-11-14 00:00:00-05:00,10.75,10.800000190734863,10.5,10.75,93600,0.0,0.0
2007-11-15 00:00:00-05:00,10.449999809265137,10.449999809265137,10.449999809265137,10.449999809265137,1200,0.0,0.0
2007-11-16 00:00:00-05:00,10.770000457763672,10.770000457763672,10.770000457763672,10.770000457763672,200,0.0,0.0
2007-11-19 00:00:00-05:00,10.75,10.829999923706055,10.0,10.5,6300,0.0,0.0
2007-11-20 00:00:00-05:00,10.5,10.75,10.5,10.75,9900,0.0,0.0
2007-11-21 00:00:00-05:00,10.5,10.75,10.5,10.75,200,0.0,0.0
2007-11-23 00:00:00-05:00,10.75,10.75,10.75,10.75,0,0.0,0.0
2007-11-26 00:00:00-05:00,10.75,11.0,10.75,10.899999618530273,3100,0.0,0.0
2007-11-27 00:00:00-05:00,10.75,10.75,10.75,10.75,700,0.0,0.0
2007-11-28 00:00:00-05:00,10.75,10.75,10.75,10.75,0,0.0,0.0
2007-11-29 00:00:00-05:00,10.75,10.75,10.75,10.75,0,0.0,0.0
2007-11-30 00:00:00-05:00,10.5,11.75,10.5,11.75,2900,0.0,0.0
2007-12-03 00:00:00-05:00,10.75,11.0,9.0,11.0,7800,0.0,0.0
2007-12-04 00:00:00-05:00,11.0,11.0,11.0,11.0,0,0.0,0.0
2007-12-05 00:00:00-05:00,10.850000381469727,10.850000381469727,10.0,10.0,1000,0.0,0.0
2007-12-06 00:00:00-05:00,11.0,11.100000381469727,10.600000381469727,11.100000381469727,1400,0.0,0.0
2007-12-07 00:00:00-05:00,11.100000381469727,11.100000381469727,11.100000381469727,11.100000381469727,0,0.0,0.0
2007-12-10 00:00:00-05:00,11.100000381469727,11.100000381469727,11.100000381469727,11.100000381469727,500,0.0,0.0
2007-12-11 00:00:00-05:00,10.0,11.100000381469727,10.0,11.100000381469727,400,0.0,0.0
2007-12-12 00:00:00-05:00,10.5,10.5,10.0,10.0,6500,0.0,0.0
2007-12-13 00:00:00-05:00,9.75,10.0,9.75,10.0,6700,0.0,0.0
2007-12-14 00:00:00-05:00,10.0,10.0,10.0,10.0,0,0.0,0.0
2007-12-17 00:00:00-05:00,10.0,11.0,10.0,11.0,2000,0.0,0.0
2007-12-18 00:00:00-05:00,11.0,11.0,10.25,10.25,1200,0.0,0.0
2007-12-19 00:00:00-05:00,10.75,11.0,10.75,10.75,2200,0.0,0.0
2007-12-20 00:00:00-05:00,10.699999809265137,10.699999809265137,10.5,10.5,1400,0.0,0.0
2007-12-21 00:00:00-05:00,10.260000228881836,10.899999618530273,9.359999656677246,9.359999656677246,5600,0.0,0.0
2007-12-24 00:00:00-05:00,10.079999923706055,10.079999923706055,9.800000190734863,9.800000190734863,1700,0.0,0.0
2007-12-26 00:00:00-05:00,9.329999923706055,10.899999618530273,9.300000190734863,10.40999984741211,3600,0.0,0.0
2007-12-27 00:00:00-05:00,9.65999984741211,10.829999923706055,9.65999984741211,10.520000457763672,3100,0.0,0.0
2007-12-28 00:00:00-05:00,10.0,10.90999984741211,10.0,10.319999694824219,29800,0.0,0.0
2007-12-31 00:00:00-05:00,10.100000381469727,10.989999771118164,10.0,10.960000038146973,21500,0.0,0.0
2008-01-02 00:00:00-05:00,10.539999961853027,10.600000381469727,9.819999694824219,10.25,3800,0.0,0.0
2008-01-03 00:00:00-05:00,10.039999961853027,10.800000190734863,10.029999732971191,10.199999809265137,5600,0.0,0.0
2008-01-04 00:00:00-05:00,10.0,10.0,10.0,10.0,2000,0.0,0.0
2008-01-07 00:00:00-05:00,10.0,10.0,10.0,10.0,0,0.0,0.0
2008-01-08 00:00:00-05:00,9.699999809265137,9.699999809265137,9.699999809265137,9.699999809265137,1600,0.0,0.0
2008-01-09 00:00:00-05:00,9.25,9.649999618530273,9.25,9.25,1200,0.0,0.0
2008-01-10 00:00:00-05:00,9.25,9.25,9.25,9.25,0,0.0,0.0
2008-01-11 00:00:00-05:00,9.390000343322754,9.5,9.390000343322754,9.5,1100,0.0,0.0
2008-01-14 00:00:00-05:00,9.25,9.25,9.25,9.25,200,0.0,0.0
2008-01-15 00:00:00-05:00,9.0,9.100000381469727,8.989999771118164,9.050000190734863,3300,0.0,0.0
2008-01-16 00:00:00-05:00,9.050000190734863,9.050000190734863,9.050000190734863,9.050000190734863,0,0.0,0.0
2008-01-17 00:00:00-05:00,8.979999542236328,8.979999542236328,8.979999542236328,8.979999542236328,200,0.0,0.0
2008-01-18 00:00:00-05:00,8.899999618530273,8.899999618530273,8.079999923706055,8.100000381469727,4800,0.0,0.0
2008-01-22 00:00:00-05:00,7.96999979019165,8.050000190734863,7.96999979019165,8.0,3500,0.0,0.0
2008-01-23 00:00:00-05:00,7.96999979019165,8.0,6.699999809265137,8.0,5200,0.0,0.0
2008-01-24 00:00:00-05:00,6.840000152587891,8.09000015258789,6.789999961853027,8.09000015258789,5100,0.0,0.0
2008-01-25 00:00:00-05:00,7.989999771118164,8.029999732971191,7.900000095367432,7.900000095367432,10500,0.0,0.0
2008-01-28 00:00:00-05:00,7.800000190734863,8.0,7.800000190734863,8.0,600,0.0,0.0
2008-01-29 00:00:00-05:00,7.199999809265137,8.0,7.199999809265137,8.0,2000,0.0,0.0
2008-01-30 00:00:00-05:00,8.4399995803833,9.5,6.820000171661377,7.96999979019165,9000,0.0,0.0
2008-01-31 00:00:00-05:00,8.0,8.5,7.900000095367432,8.180000305175781,4300,0.0,0.0
2008-02-01 00:00:00-05:00,7.989999771118164,8.0,7.650000095367432,8.0,6400,0.0,0.0
2008-02-04 00:00:00-05:00,8.0,8.0,7.949999809265137,7.949999809265137,400,0.0,0.0
2008-02-05 00:00:00-05:00,7.730000019073486,7.730000019073486,7.650000095367432,7.650000095367432,1200,0.0,0.0
2008-02-06 00:00:00-05:00,7.239999771118164,7.239999771118164,7.210000038146973,7.210000038146973,1100,0.0,0.0
2008-02-07 00:00:00-05:00,7.5,7.599999904632568,7.5,7.599999904632568,3100,0.0,0.0
2008-02-08 00:00:00-05:00,7.5,8.0,7.5,8.0,3500,0.0,0.0
2008-02-11 00:00:00-05:00,7.5,8.0,7.5,7.5,5900,0.0,0.0
2008-02-12 00:00:00-05:00,7.5,8.0,7.5,7.75,4200,0.0,0.0
2008-02-13 00:00:00-05:00,7.489999771118164,8.0,7.489999771118164,7.800000190734863,7100,0.0,0.0
2008-02-14 00:00:00-05:00,7.699999809265137,7.989999771118164,7.5,7.800000190734863,1300,0.0,0.0
2008-02-15 00:00:00-05:00,7.5,8.0,7.5,7.710000038146973,2100,0.0,0.0
2008-02-19 00:00:00-05:00,7.739999771118164,7.769999980926514,7.739999771118164,7.739999771118164,1100,0.0,0.0
2008-02-20 00:00:00-05:00,7.739999771118164,8.0,7.739999771118164,7.800000190734863,51000,0.0,0.0
2008-02-21 00:00:00-05:00,7.789999961853027,7.980000019073486,7.739999771118164,7.739999771118164,17500,0.0,0.0
2008-02-22 00:00:00-05:00,7.510000228881836,7.75,7.489999771118164,7.5,3500,0.0,0.0
2008-02-25 00:00:00-05:00,7.739999771118164,7.980000019073486,7.739999771118164,7.75,4700,0.0,0.0
2008-02-26 00:00:00-05:00,7.5,8.0,7.5,7.75,1700,0.0,0.0
2008-02-27 00:00:00-05:00,7.75,7.980000019073486,7.739999771118164,7.75,4200,0.0,0.0
2008-02-28 00:00:00-05:00,7.739999771118164,7.989999771118164,7.739999771118164,7.75,50400,0.0,0.0
2008-02-29 00:00:00-05:00,7.75,7.800000190734863,7.739999771118164,7.739999771118164,11500,0.0,0.0
2008-03-03 00:00:00-05:00,7.739999771118164,7.880000114440918,7.739999771118164,7.739999771118164,11000,0.0,0.0
2008-03-04 00:00:00-05:00,7.739999771118164,7.75,7.139999866485596,7.340000152587891,30500,0.0,0.0
2008-03-05 00:00:00-05:00,7.46999979019165,7.5,7.110000133514404,7.25,24200,0.0,0.0
2008-03-06 00:00:00-05:00,7.099999904632568,7.099999904632568,7.099999904632568,7.099999904632568,100,0.0,0.0
2008-03-07 00:00:00-05:00,7.389999866485596,7.489999771118164,7.389999866485596,7.489999771118164,1000,0.0,0.0
2008-03-10 00:00:00-04:00,7.400000095367432,7.400000095367432,7.400000095367432,7.400000095367432,2000,0.0,0.0
2008-03-11 00:00:00-04:00,7.400000095367432,7.400000095367432,7.400000095367432,7.400000095367432,0,0.0,0.0
2008-03-12 00:00:00-04:00,7.400000095367432,7.400000095367432,7.400000095367432,7.400000095367432,0,0.0,0.0
2008-03-13 00:00:00-04:00,7.25,7.25,7.25,7.25,1100,0.0,0.0
2008-03-14 00:00:00-04:00,7.019999980926514,7.019999980926514,7.019999980926514,7.019999980926514,1000,0.0,0.0
2008-03-17 00:00:00-04:00,6.019999980926514,6.480000019073486,6.019999980926514,6.300000190734863,3900,0.0,0.0
2008-03-18 00:00:00-04:00,6.510000228881836,6.510000228881836,6.019999980926514,6.019999980926514,8400,0.0,0.0
2008-03-19 00:00:00-04:00,6.019999980926514,6.019999980926514,6.019999980926514,6.019999980926514,0,0.0,0.0
2008-03-20 00:00:00-04:00,6.03000020980835,6.78000020980835,5.900000095367432,6.389999866485596,9700,0.0,0.0
2008-03-24 00:00:00-04:00,6.239999771118164,6.239999771118164,6.0,6.019999980926514,15800,0.0,0.0
2008-03-25 00:00:00-04:00,6.639999866485596,6.639999866485596,6.0,6.170000076293945,15100,0.0,0.0
2008-03-26 00:00:00-04:00,6.639999866485596,7.599999904632568,5.53000020980835,6.28000020980835,26500,0.0,0.0
2008-03-27 00:00:00-04:00,6.0,6.0,5.980000019073486,5.980000019073486,1400,0.0,0.0
2008-03-28 00:00:00-04:00,5.539999961853027,5.980000019073486,5.53000020980835,5.840000152587891,3300,0.0,0.0
2008-03-31 00:00:00-04:00,6.019999980926514,6.019999980926514,6.019999980926514,6.019999980926514,300,0.0,0.0
2008-04-01 00:00:00-04:00,5.679999828338623,6.0,5.679999828338623,5.989999771118164,3200,0.0,0.0
2008-04-02 00:00:00-04:00,6.039999961853027,6.039999961853027,6.010000228881836,6.039999961853027,6100,0.0,0.0
2008-04-03 00:00:00-04:00,5.039999961853027,5.980000019073486,5.039999961853027,5.980000019073486,2000,0.0,0.0
2008-04-04 00:00:00-04:00,5.940000057220459,5.980000019073486,5.940000057220459,5.980000019073486,14900,0.0,0.0
2008-04-07 00:00:00-04:00,5.96999979019165,5.980000019073486,5.96999979019165,5.980000019073486,1900,0.0,0.0
2008-04-08 00:00:00-04:00,5.980000019073486,5.980000019073486,5.980000019073486,5.980000019073486,0,0.0,0.0
2008-04-09 00:00:00-04:00,5.980000019073486,5.980000019073486,5.980000019073486,5.980000019073486,0,0.0,0.0
2008-04-10 00:00:00-04:00,5.980000019073486,5.980000019073486,5.980000019073486,5.980000019073486,0,0.0,0.0
2008-04-11 00:00:00-04:00,6.0,7.230000019073486,6.0,6.110000133514404,67800,0.0,0.0
2008-04-14 00:00:00-04:00,5.980000019073486,5.980000019073486,5.980000019073486,5.980000019073486,200,0.0,0.0
2008-04-15 00:00:00-04:00,5.96999979019165,6.099999904632568,5.96999979019165,6.099999904632568,21500,0.0,0.0
2008-04-16 00:00:00-04:00,6.099999904632568,6.099999904632568,6.099999904632568,6.099999904632568,1000,0.0,0.0
2008-04-17 00:00:00-04:00,6.039999961853027,6.039999961853027,6.039999961853027,6.039999961853027,1500,0.0,0.0
2008-04-18 00:00:00-04:00,5.900000095367432,6.0,5.900000095367432,6.0,20400,0.0,0.0
2008-04-21 00:00:00-04:00,5.789999961853027,6.449999809265137,5.670000076293945,6.0,38100,0.0,0.0
2008-04-22 00:00:00-04:00,5.760000228881836,6.449999809265137,5.650000095367432,6.400000095367432,41900,0.0,0.0
2008-04-23 00:00:00-04:00,6.400000095367432,6.400000095367432,6.0,6.059999942779541,48700,0.0,0.0
2008-04-24 00:00:00-04:00,6.0,6.309999942779541,6.0,6.130000114440918,10900,0.0,0.0
2008-04-25 00:00:00-04:00,6.130000114440918,6.130000114440918,6.130000114440918,6.130000114440918,0,0.0,0.0
2008-04-28 00:00:00-04:00,6.420000076293945,6.949999809265137,6.420000076293945,6.949999809265137,11600,0.0,0.0
2008-04-29 00:00:00-04:00,7.0,7.449999809265137,6.5,7.300000190734863,18300,0.0,0.0
2008-04-30 00:00:00-04:00,7.010000228881836,7.449999809265137,6.760000228881836,6.909999847412109,8800,0.0,0.0
2008-05-01 00:00:00-04:00,7.0,7.400000095367432,6.989999771118164,7.099999904632568,4700,0.0,0.0
2008-05-02 00:00:00-04:00,7.010000228881836,7.300000190734863,7.0,7.0,700,0.0,0.0
2008-05-05 00:00:00-04:00,7.0,7.300000190734863,7.0,7.0,1300,0.0,0.0
2008-05-06 00:00:00-04:00,7.0,7.0,7.0,7.0,500,0.0,0.0
2008-05-07 00:00:00-04:00,6.989999771118164,7.0,6.989999771118164,7.0,2000,0.0,0.0
2008-05-08 00:00:00-04:00,7.0,7.0,7.0,7.0,0,0.0,0.0
2008-05-09 00:00:00-04:00,6.800000190734863,7.25,6.800000190734863,7.25,800,0.0,0.0
2008-05-12 00:00:00-04:00,7.25,7.25,7.25,7.25,0,0.0,0.0
2008-05-13 00:00:00-04:00,7.199999809265137,7.25,6.820000171661377,6.820000171661377,3400,0.0,0.0
2008-05-14 00:00:00-04:00,7.25,7.25,7.019999980926514,7.25,9500,0.0,0.0
2008-05-15 00:00:00-04:00,7.400000095367432,7.400000095367432,7.159999847412109,7.25,4500,0.0,0.0
2008-05-16 00:00:00-04:00,7.050000190734863,7.230000019073486,7.050000190734863,7.170000076293945,1600,0.0,0.0
2008-05-19 00:00:00-04:00,7.239999771118164,7.349999904632568,7.019999980926514,7.199999809265137,4400,0.0,0.0
2008-05-20 00:00:00-04:00,7.039999961853027,7.28000020980835,7.039999961853027,7.059999942779541,3100,0.0,0.0
2008-05-21 00:00:00-04:00,7.050000190734863,7.300000190734863,7.03000020980835,7.130000114440918,2500,0.0,0.0
2008-05-22 00:00:00-04:00,7.099999904632568,7.389999866485596,7.099999904632568,7.25,8900,0.0,0.0
2008-05-23 00:00:00-04:00,7.019999980926514,7.28000020980835,7.010000228881836,7.039999961853027,8000,0.0,0.0
2008-05-27 00:00:00-04:00,7.25,7.449999809265137,7.25,7.289999961853027,8800,0.0,0.0
2008-05-28 00:00:00-04:00,7.099999904632568,7.199999809265137,7.070000171661377,7.079999923706055,1600,0.0,0.0
2008-05-29 00:00:00-04:00,7.039999961853027,7.25,7.039999961853027,7.059999942779541,3900,0.0,0.0
2008-05-30 00:00:00-04:00,7.090000152587891,7.25,7.090000152587891,7.090000152587891,5600,0.0,0.0
2008-06-02 00:00:00-04:00,7.110000133514404,7.380000114440918,7.059999942779541,7.380000114440918,6600,0.0,0.0
2008-06-03 00:00:00-04:00,7.110000133514404,7.570000171661377,7.110000133514404,7.5,900,0.0,0.0
2008-06-04 00:00:00-04:00,7.110000133514404,7.78000020980835,7.110000133514404,7.360000133514404,2300,0.0,0.0
2008-06-05 00:00:00-04:00,7.260000228881836,7.440000057220459,7.25,7.269999980926514,5800,0.0,0.0
2008-06-06 00:00:00-04:00,7.269999980926514,7.269999980926514,7.269999980926514,7.269999980926514,0,0.0,0.0
2008-06-09 00:00:00-04:00,7.199999809265137,7.539999961853027,7.199999809265137,7.539999961853027,10100,0.0,0.0
2008-06-10 00:00:00-04:00,7.460000038146973,7.650000095367432,7.449999809265137,7.650000095367432,13000,0.0,0.0
2008-06-11 00:00:00-04:00,7.650000095367432,7.650000095367432,7.650000095367432,7.650000095367432,500,0.0,0.0
2008-06-12 00:00:00-04:00,7.460000038146973,7.460000038146973,7.449999809265137,7.449999809265137,900,0.0,0.0
2008-06-13 00:00:00-04:00,7.449999809265137,7.949999809265137,7.449999809265137,7.900000095367432,3200,0.0,0.0
2008-06-16 00:00:00-04:00,8.979999542236328,12.0,8.569999694824219,9.0,79600,0.0,0.0
2008-06-17 00:00:00-04:00,9.100000381469727,9.25,8.800000190734863,8.859999656677246,8200,0.0,0.0
2008-06-18 00:00:00-04:00,8.800000190734863,8.8100004196167,8.020000457763672,8.020000457763672,4300,0.0,0.0
2008-06-19 00:00:00-04:00,7.550000190734863,7.71999979019165,7.019999980926514,7.610000133514404,7200,0.0,0.0
2008-06-20 00:00:00-04:00,7.96999979019165,7.96999979019165,7.789999961853027,7.96999979019165,3500,0.0,0.0
2008-06-23 00:00:00-04:00,7.590000152587891,7.989999771118164,7.550000190734863,7.630000114440918,10800,0.0,0.0
2008-06-24 00:00:00-04:00,7.550000190734863,7.610000133514404,7.510000228881836,7.539999961853027,20100,0.0,0.0
2008-06-25 00:00:00-04:00,7.599999904632568,7.989999771118164,7.489999771118164,7.75,2400,0.0,0.0
2008-06-26 00:00:00-04:00,7.519999980926514,7.519999980926514,7.420000076293945,7.429999828338623,6500,0.0,0.0
2008-06-27 00:00:00-04:00,7.28000020980835,7.340000152587891,6.760000228881836,7.03000020980835,37500,0.0,0.0
2008-06-30 00:00:00-04:00,7.010000228881836,7.550000190734863,6.980000019073486,7.550000190734863,95600,0.0,0.0
2008-07-01 00:00:00-04:00,7.300000190734863,7.5,7.300000190734863,7.5,700,0.0,0.0
2008-07-02 00:00:00-04:00,7.119999885559082,7.119999885559082,6.889999866485596,7.039999961853027,9900,0.0,0.0
2008-07-03 00:00:00-04:00,6.960000038146973,6.960000038146973,6.800000190734863,6.809999942779541,1500,0.0,0.0
2008-07-07 00:00:00-04:00,6.75,6.820000171661377,6.75,6.800000190734863,6500,0.0,0.0
2008-07-08 00:00:00-04:00,6.760000228881836,6.760000228881836,6.449999809265137,6.75,1800,0.0,0.0
2008-07-09 00:00:00-04:00,6.809999942779541,7.019999980926514,6.809999942779541,7.019999980926514,26200,0.0,0.0
2008-07-10 00:00:00-04:00,6.809999942779541,6.809999942779541,6.690000057220459,6.690000057220459,8400,0.0,0.0
2008-07-11 00:00:00-04:00,6.690000057220459,6.690000057220459,6.690000057220459,6.690000057220459,0,0.0,0.0
2008-07-14 00:00:00-04:00,6.559999942779541,6.659999847412109,6.5,6.550000190734863,17800,0.0,0.0
2008-07-15 00:00:00-04:00,6.539999961853027,6.940000057220459,6.5,6.5,19700,0.0,0.0
2008-07-16 00:00:00-04:00,6.599999904632568,6.599999904632568,6.519999980926514,6.599999904632568,18100,0.0,0.0
2008-07-17 00:00:00-04:00,6.650000095367432,6.650000095367432,6.599999904632568,6.599999904632568,38000,0.0,0.0
2008-07-18 00:00:00-04:00,6.5,6.889999866485596,6.010000228881836,6.5,2900,0.0,0.0
2008-07-21 00:00:00-04:00,6.5,6.5,6.400000095367432,6.400000095367432,2300,0.0,0.0
2008-07-22 00:00:00-04:00,6.539999961853027,6.699999809265137,6.539999961853027,6.570000171661377,21000,0.0,0.0
2008-07-23 00:00:00-04:00,6.590000152587891,6.599999904632568,6.5,6.5,1500,0.0,0.0
2008-07-24 00:00:00-04:00,6.380000114440918,6.699999809265137,6.380000114440918,6.699999809265137,22100,0.0,0.0
2008-07-25 00:00:00-04:00,6.670000076293945,6.699999809265137,6.510000228881836,6.579999923706055,1500,0.0,0.0
2008-07-28 00:00:00-04:00,6.690000057220459,6.699999809265137,6.199999809265137,6.199999809265137,26300,0.0,0.0
2008-07-29 00:00:00-04:00,6.300000190734863,6.699999809265137,6.300000190734863,6.349999904632568,13300,0.0,0.0
2008-07-30 00:00:00-04:00,6.5,6.679999828338623,6.369999885559082,6.599999904632568,6200,0.0,0.0
2008-07-31 00:00:00-04:00,6.670000076293945,6.699999809265137,6.5,6.5,4100,0.0,0.0
2008-08-01 00:00:00-04:00,6.5,6.5,6.449999809265137,6.5,6700,0.0,0.0
2008-08-04 00:00:00-04:00,6.380000114440918,6.380000114440918,6.309999942779541,6.309999942779541,37100,0.0,0.0
2008-08-05 00:00:00-04:00,6.349999904632568,6.349999904632568,6.21999979019165,6.349999904632568,339400,0.0,0.0
2008-08-06 00:00:00-04:00,6.349999904632568,6.539999961853027,6.349999904632568,6.539999961853027,9600,0.0,0.0
2008-08-07 00:00:00-04:00,6.5,6.690000057220459,6.5,6.690000057220459,10900,0.0,0.0
2008-08-08 00:00:00-04:00,6.5,6.699999809265137,6.480000019073486,6.599999904632568,149300,0.0,0.0
2008-08-11 00:00:00-04:00,6.699999809265137,6.75,6.429999828338623,6.429999828338623,35400,0.0,0.0
2008-08-12 00:00:00-04:00,6.5,6.5,6.400000095367432,6.400000095367432,131800,0.0,0.0
2008-08-13 00:00:00-04:00,6.5,6.5,6.25,6.349999904632568,82100,0.0,0.0
2008-08-14 00:00:00-04:00,6.429999828338623,6.53000020980835,6.429999828338623,6.5,46600,0.0,0.0
2008-08-15 00:00:00-04:00,6.5,6.5,6.260000228881836,6.449999809265137,187900,0.0,0.0
2008-08-18 00:00:00-04:00,6.260000228881836,6.260000228881836,6.25,6.25,27400,0.0,0.0
2008-08-19 00:00:00-04:00,6.489999771118164,6.489999771118164,6.25,6.260000228881836,65700,0.0,0.0
2008-08-20 00:00:00-04:00,6.260000228881836,6.300000190734863,6.199999809265137,6.199999809265137,64400,0.0,0.0
2008-08-21 00:00:00-04:00,6.25,6.300000190734863,6.170000076293945,6.25,57600,0.0,0.0
2008-08-22 00:00:00-04:00,6.090000152587891,6.289999961853027,6.090000152587891,6.130000114440918,4900,0.0,0.0
2008-08-25 00:00:00-04:00,6.300000190734863,6.300000190734863,6.150000095367432,6.25,2000,0.0,0.0
2008-08-26 00:00:00-04:00,6.289999961853027,6.400000095367432,6.25,6.320000171661377,15500,0.0,0.0
2008-08-27 00:00:00-04:00,6.28000020980835,6.489999771118164,6.28000020980835,6.340000152587891,4500,0.0,0.0
2008-08-28 00:00:00-04:00,6.369999885559082,6.699999809265137,6.349999904632568,6.699999809265137,128100,0.0,0.0
2008-08-29 00:00:00-04:00,6.599999904632568,7.050000190734863,6.599999904632568,7.039999961853027,639500,0.0,0.0
2008-09-02 00:00:00-04:00,6.96999979019165,7.159999847412109,6.760000228881836,7.03000020980835,7000,0.0,0.0
2008-09-03 00:00:00-04:00,6.989999771118164,7.03000020980835,6.949999809265137,7.0,7400,0.0,0.0
2008-09-04 00:00:00-04:00,7.0,7.0,6.900000095367432,6.900000095367432,3800,0.0,0.0
2008-09-05 00:00:00-04:00,6.710000038146973,6.820000171661377,6.710000038146973,6.809999942779541,1000,0.0,0.0
2008-09-08 00:00:00-04:00,6.809999942779541,7.150000095367432,6.809999942779541,7.099999904632568,30200,0.0,0.0
2008-09-09 00:00:00-04:00,6.989999771118164,7.449999809265137,6.989999771118164,7.010000228881836,209300,0.0,0.0
2008-09-10 00:00:00-04:00,7.110000133514404,7.110000133514404,7.110000133514404,7.110000133514404,400,0.0,0.0
2008-09-11 00:00:00-04:00,7.0,7.0,6.769999980926514,6.800000190734863,6900,0.0,0.0
2008-09-12 00:00:00-04:00,6.940000057220459,7.199999809265137,6.940000057220459,7.130000114440918,22800,0.0,0.0
2008-09-15 00:00:00-04:00,7.150000095367432,7.150000095367432,6.559999942779541,6.559999942779541,400,0.0,0.0
2008-09-16 00:00:00-04:00,6.710000038146973,7.119999885559082,6.53000020980835,7.119999885559082,3300,0.0,0.0
2008-09-17 00:00:00-04:00,6.809999942779541,6.809999942779541,6.5,6.510000228881836,3100,0.0,0.0
2008-09-18 00:00:00-04:00,6.840000152587891,6.840000152587891,6.480000019073486,6.5,5300,0.0,0.0
2008-09-19 00:00:00-04:00,6.5,6.559999942779541,6.210000038146973,6.260000228881836,9500,0.0,0.0
2008-09-22 00:00:00-04:00,6.199999809265137,6.599999904632568,6.199999809265137,6.599999904632568,8100,0.0,0.0
2008-09-23 00:00:00-04:00,6.5,6.5,6.5,6.5,2300,0.0,0.0
2008-09-24 00:00:00-04:00,6.489999771118164,6.5,6.489999771118164,6.5,3300,0.0,0.0
2008-09-25 00:00:00-04:00,6.230000019073486,6.5,6.050000190734863,6.5,4100,0.0,0.0
2008-09-26 00:00:00-04:00,6.25,6.449999809265137,6.25,6.449999809265137,128300,0.0,0.0
2008-09-29 00:00:00-04:00,6.400000095367432,6.449999809265137,2.9000000953674316,5.670000076293945,17000,0.0,0.0
2008-09-30 00:00:00-04:00,5.920000076293945,6.039999961853027,5.369999885559082,6.039999961853027,10600,0.0,0.0
2008-10-01 00:00:00-04:00,6.269999980926514,6.28000020980835,5.989999771118164,5.989999771118164,1600,0.0,0.0
2008-10-02 00:00:00-04:00,5.630000114440918,5.71999979019165,5.46999979019165,5.46999979019165,10100,0.0,0.0
2008-10-03 00:00:00-04:00,5.46999979019165,5.46999979019165,5.46999979019165,5.46999979019165,0,0.0,0.0
2008-10-06 00:00:00-04:00,5.510000228881836,5.510000228881836,5.300000190734863,5.380000114440918,10200,0.0,0.0
2008-10-07 00:00:00-04:00,5.400000095367432,5.400000095367432,5.039999961853027,5.099999904632568,26900,0.0,0.0
2008-10-08 00:00:00-04:00,5.0,5.019999980926514,4.239999771118164,5.0,39500,0.0,0.0
2008-10-09 00:00:00-04:00,4.599999904632568,4.989999771118164,3.890000104904175,3.950000047683716,21100,0.0,0.0
2008-10-10 00:00:00-04:00,3.130000114440918,4.849999904632568,3.130000114440918,4.559999942779541,10500,0.0,0.0
2008-10-13 00:00:00-04:00,4.71999979019165,5.380000114440918,4.010000228881836,4.75,12100,0.0,0.0
2008-10-14 00:00:00-04:00,5.190000057220459,5.190000057220459,4.639999866485596,4.800000190734863,8300,0.0,0.0
2008-10-15 00:00:00-04:00,5.079999923706055,5.079999923706055,4.690000057220459,4.690000057220459,700,0.0,0.0
2008-10-16 00:00:00-04:00,4.510000228881836,4.510000228881836,4.5,4.5,500,0.0,0.0
2008-10-17 00:00:00-04:00,4.489999771118164,4.489999771118164,4.489999771118164,4.489999771118164,100,0.0,0.0
2008-10-20 00:00:00-04:00,4.480000019073486,4.849999904632568,4.480000019073486,4.849999904632568,2300,0.0,0.0
2008-10-21 00:00:00-04:00,4.760000228881836,4.880000114440918,4.699999809265137,4.880000114440918,800,0.0,0.0
2008-10-22 00:00:00-04:00,4.679999828338623,4.679999828338623,4.659999847412109,4.659999847412109,5600,0.0,0.0
2008-10-23 00:00:00-04:00,4.659999847412109,4.659999847412109,4.659999847412109,4.659999847412109,0,0.0,0.0
2008-10-24 00:00:00-04:00,4.260000228881836,4.260000228881836,4.260000228881836,4.260000228881836,800,0.0,0.0
2008-10-27 00:00:00-04:00,4.869999885559082,5.039999961853027,4.619999885559082,4.800000190734863,1400,0.0,0.0
2008-10-28 00:00:00-04:00,4.53000020980835,4.599999904632568,4.510000228881836,4.510000228881836,9400,0.0,0.0
2008-10-29 00:00:00-04:00,4.739999771118164,4.820000171661377,4.739999771118164,4.820000171661377,900,0.0,0.0
2008-10-30 00:00:00-04:00,4.989999771118164,4.989999771118164,4.03000020980835,4.099999904632568,16800,0.0,0.0
2008-10-31 00:00:00-04:00,4.730000019073486,4.739999771118164,4.409999847412109,4.559999942779541,3300,0.0,0.0
2008-11-03 00:00:00-05:00,4.409999847412109,4.409999847412109,3.5,4.239999771118164,4900,0.0,0.0
2008-11-04 00:00:00-05:00,4.050000190734863,4.75,4.050000190734863,4.75,12500,0.0,0.0
2008-11-05 00:00:00-05:00,4.309999942779541,4.309999942779541,4.0,4.21999979019165,3200,0.0,0.0
2008-11-06 00:00:00-05:00,4.239999771118164,4.71999979019165,4.150000095367432,4.71999979019165,26600,0.0,0.0
2008-11-07 00:00:00-05:00,4.71999979019165,4.71999979019165,4.71999979019165,4.71999979019165,0,0.0,0.0
2008-11-10 00:00:00-05:00,4.800000190734863,4.800000190734863,4.449999809265137,4.75,21100,0.0,0.0
2008-11-11 00:00:00-05:00,4.329999923706055,4.789999961853027,4.329999923706055,4.739999771118164,1400,0.0,0.0
2008-11-12 00:00:00-05:00,4.789999961853027,4.889999866485596,4.0,4.079999923706055,13900,0.0,0.0
2008-11-13 00:00:00-05:00,4.0,4.099999904632568,3.9700000286102295,4.099999904632568,4400,0.0,0.0
2008-11-14 00:00:00-05:00,4.610000133514404,4.610000133514404,4.150000095367432,4.449999809265137,1400,0.0,0.0
2008-11-17 00:00:00-05:00,4.369999885559082,4.369999885559082,4.150000095367432,4.150000095367432,5600,0.0,0.0
2008-11-18 00:00:00-05:00,4.159999847412109,4.369999885559082,3.5999999046325684,3.940000057220459,21200,0.0,0.0
2008-11-19 00:00:00-05:00,3.5299999713897705,3.9000000953674316,3.5299999713897705,3.559999942779541,3500,0.0,0.0
2008-11-20 00:00:00-05:00,3.5199999809265137,3.880000114440918,3.4000000953674316,3.690000057220459,4600,0.0,0.0
2008-11-21 00:00:00-05:00,3.450000047683716,5.0,3.0,3.359999895095825,49300,0.0,0.0
2008-11-24 00:00:00-05:00,3.200000047683716,3.799999952316284,3.200000047683716,3.200000047683716,18800,0.0,0.0
2008-11-25 00:00:00-05:00,3.549999952316284,3.6700000762939453,3.549999952316284,3.6700000762939453,1900,0.0,0.0
2008-11-26 00:00:00-05:00,3.890000104904175,3.890000104904175,3.299999952316284,3.8399999141693115,3700,0.0,0.0
2008-11-28 00:00:00-05:00,3.8399999141693115,3.8399999141693115,3.8399999141693115,3.8399999141693115,0,0.0,0.0
2008-12-01 00:00:00-05:00,3.9000000953674316,4.199999809265137,3.9000000953674316,4.199999809265137,2300,0.0,0.0
2008-12-02 00:00:00-05:00,3.9000000953674316,3.9000000953674316,3.9000000953674316,3.9000000953674316,1000,0.0,0.0
2008-12-03 00:00:00-05:00,3.9000000953674316,4.5,3.9000000953674316,4.489999771118164,9300,0.0,0.0
2008-12-04 00:00:00-05:00,4.010000228881836,4.090000152587891,4.0,4.0,4700,0.0,0.0
2008-12-05 00:00:00-05:00,3.7699999809265137,4.25,3.759999990463257,4.25,1400,0.0,0.0
2008-12-08 00:00:00-05:00,4.139999866485596,4.25,4.139999866485596,4.25,2600,0.0,0.0
2008-12-09 00:00:00-05:00,4.050000190734863,4.199999809265137,3.759999990463257,3.9700000286102295,14500,0.0,0.0
2008-12-10 00:00:00-05:00,3.799999952316284,3.799999952316284,3.5,3.5,16300,0.0,0.0
2008-12-11 00:00:00-05:00,3.25,3.8499999046325684,3.200000047683716,3.8499999046325684,22200,0.0,0.0
2008-12-12 00:00:00-05:00,3.549999952316284,3.880000114440918,3.25,3.880000114440918,6200,0.0,0.0
2008-12-15 00:00:00-05:00,3.630000114440918,3.9800000190734863,3.3499999046325684,3.9800000190734863,1200,0.0,0.0
2008-12-16 00:00:00-05:00,3.869999885559082,3.9000000953674316,3.490000009536743,3.5,5300,0.0,0.0
2008-12-17 00:00:00-05:00,3.5,3.9000000953674316,3.5,3.509999990463257,19100,0.0,0.0
2008-12-18 00:00:00-05:00,3.799999952316284,3.799999952316284,3.799999952316284,3.799999952316284,700,0.0,0.0
2008-12-19 00:00:00-05:00,3.5,3.859999895095825,3.4000000953674316,3.4000000953674316,5900,0.0,0.0
2008-12-22 00:00:00-05:00,3.440000057220459,3.9000000953674316,3.4100000858306885,3.5999999046325684,7400,0.0,0.0
2008-12-23 00:00:00-05:00,3.450000047683716,3.700000047683716,3.450000047683716,3.700000047683716,3900,0.0,0.0
2008-12-24 00:00:00-05:00,3.450000047683716,3.5,3.450000047683716,3.5,400,0.0,0.0
2008-12-26 00:00:00-05:00,3.509999990463257,3.740000009536743,3.5,3.740000009536743,1800,0.0,0.0
2008-12-29 00:00:00-05:00,3.5299999713897705,3.549999952316284,3.4800000190734863,3.4800000190734863,2600,0.0,0.0
2008-12-30 00:00:00-05:00,3.5999999046325684,3.5999999046325684,3.200000047683716,3.3499999046325684,16500,0.0,0.0
2008-12-31 00:00:00-05:00,3.5399999618530273,3.9000000953674316,3.299999952316284,3.9000000953674316,12400,0.0,0.0
2009-01-02 00:00:00-05:00,3.609999895095825,3.990000009536743,3.5999999046325684,3.990000009536743,300,0.0,0.0
2009-01-05 00:00:00-05:00,3.990000009536743,3.990000009536743,3.990000009536743,3.990000009536743,0,0.0,0.0
2009-01-06 00:00:00-05:00,3.9700000286102295,3.9700000286102295,3.9700000286102295,3.9700000286102295,2200,0.0,0.0
2009-01-07 00:00:00-05:00,4.039999961853027,4.039999961853027,3.6500000953674316,3.6500000953674316,8100,0.0,0.0
2009-01-08 00:00:00-05:00,3.5999999046325684,3.890000104904175,3.5999999046325684,3.6500000953674316,46000,0.0,0.0
2009-01-09 00:00:00-05:00,3.869999885559082,4.010000228881836,3.869999885559082,3.9000000953674316,2700,0.0,0.0
2009-01-12 00:00:00-05:00,3.880000114440918,3.880000114440918,3.880000114440918,3.880000114440918,1100,0.0,0.0
2009-01-13 00:00:00-05:00,3.859999895095825,4.039999961853027,3.859999895095825,4.0,3500,0.0,0.0
2009-01-14 00:00:00-05:00,3.890000104904175,4.400000095367432,3.880000114440918,4.400000095367432,18000,0.0,0.0
2009-01-15 00:00:00-05:00,4.400000095367432,4.949999809265137,4.0,4.949999809265137,58400,0.0,0.0
2009-01-16 00:00:00-05:00,4.909999847412109,5.099999904632568,4.809999942779541,5.099999904632568,36700,0.0,0.0
2009-01-20 00:00:00-05:00,5.059999942779541,5.090000152587891,4.900000095367432,4.900000095367432,1300,0.0,0.0
2009-01-21 00:00:00-05:00,4.900000095367432,4.949999809265137,4.75,4.75,50900,0.0,0.0
2009-01-22 00:00:00-05:00,4.260000228881836,4.5,4.25,4.5,20600,0.0,0.0
2009-01-23 00:00:00-05:00,4.5,4.570000171661377,4.489999771118164,4.5,227900,0.0,0.0
2009-01-26 00:00:00-05:00,4.599999904632568,4.670000076293945,4.599999904632568,4.670000076293945,101000,0.0,0.0
2009-01-27 00:00:00-05:00,5.099999904632568,5.099999904632568,4.659999847412109,4.800000190734863,18100,0.0,0.0
2009-01-28 00:00:00-05:00,4.800000190734863,4.800000190734863,4.800000190734863,4.800000190734863,0,0.0,0.0
2009-01-29 00:00:00-05:00,4.659999847412109,5.159999847412109,4.659999847412109,5.159999847412109,200,0.0,0.0
2009-01-30 00:00:00-05:00,4.659999847412109,4.889999866485596,4.599999904632568,4.599999904632568,30100,0.0,0.0
2009-02-02 00:00:00-05:00,4.53000020980835,4.760000228881836,4.53000020980835,4.650000095367432,1300,0.0,0.0
2009-02-03 00:00:00-05:00,4.539999961853027,4.730000019073486,4.53000020980835,4.599999904632568,5300,0.0,0.0
2009-02-04 00:00:00-05:00,4.650000095367432,4.980000019073486,4.619999885559082,4.619999885559082,8400,0.0,0.0
2009-02-05 00:00:00-05:00,4.989999771118164,4.989999771118164,4.610000133514404,4.75,8700,0.0,0.0
2009-02-06 00:00:00-05:00,4.650000095367432,4.78000020980835,4.570000171661377,4.579999923706055,25700,0.0,0.0
2009-02-09 00:00:00-05:00,4.610000133514404,4.960000038146973,4.610000133514404,4.800000190734863,61400,0.0,0.0
2009-02-10 00:00:00-05:00,4.659999847412109,4.659999847412109,4.25,4.420000076293945,21200,0.0,0.0
2009-02-11 00:00:00-05:00,4.289999961853027,4.519999980926514,4.289999961853027,4.5,8500,0.0,0.0
2009-02-12 00:00:00-05:00,4.409999847412109,4.599999904632568,4.409999847412109,4.5,20800,0.0,0.0
2009-02-13 00:00:00-05:00,4.360000133514404,4.5,4.349999904632568,4.349999904632568,2100,0.0,0.0
2009-02-17 00:00:00-05:00,4.309999942779541,4.360000133514404,4.25,4.260000228881836,11800,0.0,0.0
2009-02-18 00:00:00-05:00,4.260000228881836,4.269999980926514,4.260000228881836,4.260000228881836,1500,0.0,0.0
2009-02-19 00:00:00-05:00,4.25,4.25,4.090000152587891,4.210000038146973,1700,0.0,0.0
2009-02-20 00:00:00-05:00,4.099999904632568,4.099999904632568,4.099999904632568,4.099999904632568,500,0.0,0.0
2009-02-23 00:00:00-05:00,4.179999828338623,4.179999828338623,4.130000114440918,4.130000114440918,2900,0.0,0.0
2009-02-24 00:00:00-05:00,4.070000171661377,4.28000020980835,4.070000171661377,4.28000020980835,11100,0.0,0.0
2009-02-25 00:00:00-05:00,4.099999904632568,4.150000095367432,3.950000047683716,3.950000047683716,49900,0.0,0.0
2009-02-26 00:00:00-05:00,3.9100000858306885,4.0,3.9100000858306885,3.990000009536743,31200,0.0,0.0
2009-02-27 00:00:00-05:00,3.9100000858306885,4.119999885559082,3.6700000762939453,4.119999885559082,41900,0.0,0.0
2009-03-02 00:00:00-05:00,3.9800000190734863,3.9800000190734863,3.869999885559082,3.869999885559082,13500,0.0,0.0
2009-03-03 00:00:00-05:00,4.440000057220459,4.5,3.75,3.890000104904175,40600,0.0,0.0
2009-03-04 00:00:00-05:00,4.03000020980835,4.199999809265137,3.8499999046325684,3.950000047683716,31700,0.0,0.0
2009-03-05 00:00:00-05:00,3.8499999046325684,3.8499999046325684,3.819999933242798,3.819999933242798,1600,0.0,0.0
2009-03-06 00:00:00-05:00,3.819999933242798,3.880000114440918,3.450000047683716,3.450000047683716,53500,0.0,0.0
2009-03-09 00:00:00-04:00,3.5899999141693115,3.5899999141693115,3.299999952316284,3.299999952316284,700,0.0,0.0
2009-03-10 00:00:00-04:00,3.25,3.3299999237060547,3.1500000953674316,3.1500000953674316,20400,0.0,0.0
2009-03-11 00:00:00-04:00,3.0999999046325684,3.0999999046325684,3.049999952316284,3.0999999046325684,31300,0.0,0.0
2009-03-12 00:00:00-04:00,3.2200000286102295,3.4600000381469727,3.049999952316284,3.4600000381469727,17700,0.0,0.0
2009-03-13 00:00:00-04:00,3.430000066757202,3.430000066757202,3.3499999046325684,3.3499999046325684,1500,0.0,0.0
2009-03-16 00:00:00-04:00,3.3499999046325684,3.369999885559082,3.2899999618530273,3.3299999237060547,100700,0.0,0.0
2009-03-17 00:00:00-04:00,3.3299999237060547,3.3299999237060547,3.3299999237060547,3.3299999237060547,0,0.0,0.0
2009-03-18 00:00:00-04:00,3.3499999046325684,3.799999952316284,3.3499999046325684,3.700000047683716,20300,0.0,0.0
2009-03-19 00:00:00-04:00,3.940000057220459,3.940000057220459,3.5899999141693115,3.5899999141693115,10300,0.0,0.0
2009-03-20 00:00:00-04:00,3.740000009536743,3.8499999046325684,3.509999990463257,3.8499999046325684,24200,0.0,0.0
2009-03-23 00:00:00-04:00,3.569999933242798,3.990000009536743,3.509999990463257,3.8499999046325684,79600,0.0,0.0
2009-03-24 00:00:00-04:00,3.8499999046325684,3.9700000286102295,3.799999952316284,3.880000114440918,10600,0.0,0.0
2009-03-25 00:00:00-04:00,3.950000047683716,4.130000114440918,3.950000047683716,4.010000228881836,15400,0.0,0.0
2009-03-26 00:00:00-04:00,4.0,4.179999828338623,3.950000047683716,4.139999866485596,14600,0.0,0.0
2009-03-27 00:00:00-04:00,4.0,4.090000152587891,4.0,4.050000190734863,14100,0.0,0.0
2009-03-30 00:00:00-04:00,4.03000020980835,4.389999866485596,3.990000009536743,4.150000095367432,17800,0.0,0.0
2009-03-31 00:00:00-04:00,4.340000152587891,4.340000152587891,3.990000009536743,4.0,29400,0.0,0.0
2009-04-01 00:00:00-04:00,4.349999904632568,4.349999904632568,4.0,4.130000114440918,42400,0.0,0.0
2009-04-02 00:00:00-04:00,4.349999904632568,4.349999904632568,4.050000190734863,4.320000171661377,18500,0.0,0.0
2009-04-03 00:00:00-04:00,4.25,4.25,4.099999904632568,4.099999904632568,900,0.0,0.0
2009-04-06 00:00:00-04:00,4.130000114440918,4.150000095367432,4.099999904632568,4.099999904632568,2600,0.0,0.0
2009-04-07 00:00:00-04:00,4.099999904632568,4.179999828338623,4.099999904632568,4.170000076293945,500,0.0,0.0
2009-04-08 00:00:00-04:00,4.099999904632568,4.800000190734863,4.099999904632568,4.239999771118164,2500,0.0,0.0
2009-04-09 00:00:00-04:00,4.320000171661377,4.320000171661377,4.190000057220459,4.320000171661377,7300,0.0,0.0
2009-04-13 00:00:00-04:00,4.110000133514404,4.170000076293945,4.110000133514404,4.170000076293945,300,0.0,0.0
2009-04-14 00:00:00-04:00,4.150000095367432,4.239999771118164,4.099999904632568,4.099999904632568,100300,0.0,0.0
2009-04-15 00:00:00-04:00,4.159999847412109,4.460000038146973,4.099999904632568,4.110000133514404,2500,0.0,0.0
2009-04-16 00:00:00-04:00,4.130000114440918,4.130000114440918,4.110000133514404,4.110000133514404,1100,0.0,0.0
2009-04-17 00:00:00-04:00,4.150000095367432,4.5,4.150000095367432,4.179999828338623,17200,0.0,0.0
2009-04-20 00:00:00-04:00,4.179999828338623,4.179999828338623,4.179999828338623,4.179999828338623,100,0.0,0.0
2009-04-21 00:00:00-04:00,4.159999847412109,4.210000038146973,4.099999904632568,4.199999809265137,6700,0.0,0.0
2009-04-22 00:00:00-04:00,4.199999809265137,4.409999847412109,4.150000095367432,4.400000095367432,16800,0.0,0.0
2009-04-23 00:00:00-04:00,4.300000190734863,4.300000190734863,4.25,4.260000228881836,5600,0.0,0.0
2009-04-24 00:00:00-04:00,4.349999904632568,4.349999904632568,4.25,4.260000228881836,3200,0.0,0.0
2009-04-27 00:00:00-04:00,4.199999809265137,4.25,4.150000095367432,4.25,4200,0.0,0.0
2009-04-28 00:00:00-04:00,4.159999847412109,4.25,4.150000095367432,4.25,2500,0.0,0.0
2009-04-29 00:00:00-04:00,4.28000020980835,4.489999771118164,4.099999904632568,4.489999771118164,5200,0.0,0.0
2009-04-30 00:00:00-04:00,4.300000190734863,4.389999866485596,4.28000020980835,4.389999866485596,1300,0.0,0.0
2009-05-01 00:00:00-04:00,4.400000095367432,4.630000114440918,4.360000133514404,4.630000114440918,37700,0.0,0.0
2009-05-04 00:00:00-04:00,4.409999847412109,4.619999885559082,4.409999847412109,4.619999885559082,1500,0.0,0.0
2009-05-05 00:00:00-04:00,4.619999885559082,4.619999885559082,4.5,4.599999904632568,7300,0.0,0.0
2009-05-06 00:00:00-04:00,4.559999942779541,4.619999885559082,4.510000228881836,4.579999923706055,5900,0.0,0.0
2009-05-07 00:00:00-04:00,4.579999923706055,4.579999923706055,4.579999923706055,4.579999923706055,0,0.0,0.0
2009-05-08 00:00:00-04:00,4.610000133514404,4.880000114440918,4.570000171661377,4.789999961853027,12100,0.0,0.0
2009-05-11 00:00:00-04:00,4.800000190734863,4.800000190734863,4.599999904632568,4.599999904632568,40900,0.0,0.0
2009-05-12 00:00:00-04:00,4.559999942779541,4.579999923706055,4.559999942779541,4.579999923706055,4400,0.0,0.0
2009-05-13 00:00:00-04:00,4.610000133514404,4.710000038146973,4.610000133514404,4.710000038146973,2500,0.0,0.0
2009-05-14 00:00:00-04:00,4.519999980926514,4.610000133514404,4.519999980926514,4.610000133514404,11200,0.0,0.0
2009-05-15 00:00:00-04:00,4.510000228881836,4.510000228881836,4.510000228881836,4.510000228881836,2100,0.0,0.0
2009-05-18 00:00:00-04:00,4.519999980926514,4.710000038146973,4.510000228881836,4.599999904632568,7900,0.0,0.0
2009-05-19 00:00:00-04:00,4.550000190734863,4.699999809265137,4.510000228881836,4.599999904632568,1500,0.0,0.0
2009-05-20 00:00:00-04:00,4.610000133514404,4.699999809265137,4.599999904632568,4.650000095367432,23800,0.0,0.0
2009-05-21 00:00:00-04:00,4.699999809265137,4.699999809265137,4.489999771118164,4.630000114440918,54800,0.0,0.0
2009-05-22 00:00:00-04:00,4.650000095367432,4.650000095367432,4.650000095367432,4.650000095367432,1200,0.0,0.0
2009-05-26 00:00:00-04:00,4.650000095367432,4.650000095367432,4.650000095367432,4.650000095367432,0,0.0,0.0
2009-05-27 00:00:00-04:00,4.409999847412109,4.650000095367432,4.409999847412109,4.650000095367432,1000,0.0,0.0
2009-05-28 00:00:00-04:00,4.420000076293945,4.510000228881836,4.420000076293945,4.449999809265137,1700,0.0,0.0
2009-05-29 00:00:00-04:00,4.5,4.5,4.460000038146973,4.460000038146973,6300,0.0,0.0
2009-06-01 00:00:00-04:00,4.5,4.650000095367432,4.5,4.599999904632568,67000,0.0,0.0
2009-06-02 00:00:00-04:00,4.309999942779541,4.599999904632568,4.309999942779541,4.599999904632568,1700,0.0,0.0
2009-06-03 00:00:00-04:00,4.599999904632568,4.599999904632568,4.489999771118164,4.489999771118164,11000,0.0,0.0
2009-06-04 00:00:00-04:00,4.5,4.949999809265137,4.5,4.5,9500,0.0,0.0
2009-06-05 00:00:00-04:00,4.599999904632568,4.599999904632568,4.449999809265137,4.449999809265137,8600,0.0,0.0
2009-06-08 00:00:00-04:00,4.5,4.5,4.46999979019165,4.5,1700,0.0,0.0
2009-06-09 00:00:00-04:00,4.409999847412109,4.599999904632568,4.409999847412109,4.599999904632568,7100,0.0,0.0
2009-06-10 00:00:00-04:00,4.46999979019165,4.699999809265137,4.449999809265137,4.449999809265137,62100,0.0,0.0
2009-06-11 00:00:00-04:00,4.449999809265137,4.590000152587891,4.400000095367432,4.400000095367432,14000,0.0,0.0
2009-06-12 00:00:00-04:00,4.400000095367432,4.599999904632568,4.210000038146973,4.239999771118164,40400,0.0,0.0
2009-06-15 00:00:00-04:00,4.199999809265137,4.199999809265137,3.5399999618530273,3.7300000190734863,83200,0.0,0.0
2009-06-16 00:00:00-04:00,3.75,4.0,3.75,3.8499999046325684,74700,0.0,0.0
2009-06-17 00:00:00-04:00,3.8499999046325684,4.0,3.8499999046325684,3.859999895095825,46500,0.0,0.0
2009-06-18 00:00:00-04:00,3.869999885559082,4.010000228881836,3.869999885559082,3.950000047683716,39700,0.0,0.0
2009-06-19 00:00:00-04:00,4.0,4.039999961853027,3.8499999046325684,4.0,19700,0.0,0.0
2009-06-22 00:00:00-04:00,3.9700000286102295,3.990000009536743,3.859999895095825,3.890000104904175,124500,0.0,0.0
2009-06-23 00:00:00-04:00,3.9600000381469727,4.0,3.799999952316284,3.930000066757202,31700,0.0,0.0
2009-06-24 00:00:00-04:00,4.0,4.0,3.759999990463257,3.799999952316284,38300,0.0,0.0
2009-06-25 00:00:00-04:00,3.9000000953674316,3.9600000381469727,3.819999933242798,3.9000000953674316,278800,0.0,0.0
2009-06-26 00:00:00-04:00,3.9000000953674316,4.0,3.8399999141693115,4.0,102100,0.0,0.0
2009-06-29 00:00:00-04:00,4.050000190734863,4.099999904632568,3.9700000286102295,4.0,38000,0.0,0.0
2009-06-30 00:00:00-04:00,4.0,4.0,3.9000000953674316,3.9000000953674316,32200,0.0,0.0
2009-07-01 00:00:00-04:00,3.9000000953674316,4.0,3.9000000953674316,3.9200000762939453,59400,0.0,0.0
2009-07-02 00:00:00-04:00,3.950000047683716,4.0,3.9100000858306885,4.0,26300,0.0,0.0
2009-07-06 00:00:00-04:00,3.990000009536743,4.099999904632568,3.9000000953674316,4.0,80000,0.0,0.0
2009-07-07 00:00:00-04:00,4.0,4.099999904632568,3.990000009536743,4.0,13700,0.0,0.0
2009-07-08 00:00:00-04:00,4.0,4.0,3.940000057220459,3.990000009536743,4500,0.0,0.0
2009-07-09 00:00:00-04:00,3.9800000190734863,4.0,3.940000057220459,4.0,10100,0.0,0.0
2009-07-10 00:00:00-04:00,3.990000009536743,4.0,3.940000057220459,3.940000057220459,28500,0.0,0.0
2009-07-13 00:00:00-04:00,3.930000066757202,4.190000057220459,3.930000066757202,4.190000057220459,40100,0.0,0.0
2009-07-14 00:00:00-04:00,4.130000114440918,4.190000057220459,4.0,4.190000057220459,6200,0.0,0.0
2009-07-15 00:00:00-04:00,4.099999904632568,4.380000114440918,4.099999904632568,4.289999961853027,9700,0.0,0.0
2009-07-16 00:00:00-04:00,4.289999961853027,4.5,4.050000190734863,4.050000190734863,14500,0.0,0.0
2009-07-17 00:00:00-04:00,4.050000190734863,4.139999866485596,4.039999961853027,4.070000171661377,2800,0.0,0.0
2009-07-20 00:00:00-04:00,4.050000190734863,4.079999923706055,4.050000190734863,4.079999923706055,1900,0.0,0.0
2009-07-21 00:00:00-04:00,4.050000190734863,4.130000114440918,4.050000190734863,4.099999904632568,6800,0.0,0.0
2009-07-22 00:00:00-04:00,4.059999942779541,4.150000095367432,3.890000104904175,4.099999904632568,4500,0.0,0.0
2009-07-23 00:00:00-04:00,4.159999847412109,4.179999828338623,4.070000171661377,4.079999923706055,9300,0.0,0.0
2009-07-24 00:00:00-04:00,4.079999923706055,4.079999923706055,4.050000190734863,4.070000171661377,7200,0.0,0.0
2009-07-27 00:00:00-04:00,4.019999980926514,4.190000057220459,4.010000228881836,4.139999866485596,15200,0.0,0.0
2009-07-28 00:00:00-04:00,4.059999942779541,4.130000114440918,4.010000228881836,4.099999904632568,28600,0.0,0.0
2009-07-29 00:00:00-04:00,4.099999904632568,4.170000076293945,4.050000190734863,4.170000076293945,12400,0.0,0.0
2009-07-30 00:00:00-04:00,4.099999904632568,4.119999885559082,4.070000171661377,4.119999885559082,11200,0.0,0.0
2009-07-31 00:00:00-04:00,4.099999904632568,4.369999885559082,4.099999904632568,4.320000171661377,14600,0.0,0.0
2009-08-03 00:00:00-04:00,4.429999828338623,4.71999979019165,4.369999885559082,4.71999979019165,32600,0.0,0.0
2009-08-04 00:00:00-04:00,4.650000095367432,4.699999809265137,4.599999904632568,4.650000095367432,10100,0.0,0.0
2009-08-05 00:00:00-04:00,4.650000095367432,4.650000095367432,4.550000190734863,4.639999866485596,4600,0.0,0.0
2009-08-06 00:00:00-04:00,4.550000190734863,4.590000152587891,4.489999771118164,4.539999961853027,12800,0.0,0.0
2009-08-07 00:00:00-04:00,4.630000114440918,4.75,4.5,4.75,18700,0.0,0.0
2009-08-10 00:00:00-04:00,4.929999828338623,5.230000019073486,4.400000095367432,4.670000076293945,250700,0.0,0.0
2009-08-11 00:00:00-04:00,4.710000038146973,5.050000190734863,4.699999809265137,5.0,65600,0.0,0.0
2009-08-12 00:00:00-04:00,5.0,5.0,4.900000095367432,5.0,44800,0.0,0.0
2009-08-13 00:00:00-04:00,5.0,5.099999904632568,4.980000019073486,5.050000190734863,43400,0.0,0.0
2009-08-14 00:00:00-04:00,5.0,5.050000190734863,4.900000095367432,5.0,16300,0.0,0.0
2009-08-17 00:00:00-04:00,4.989999771118164,5.090000152587891,4.880000114440918,5.019999980926514,16100,0.0,0.0
2009-08-18 00:00:00-04:00,5.0,5.070000171661377,4.989999771118164,5.039999961853027,11300,0.0,0.0
2009-08-19 00:00:00-04:00,5.050000190734863,5.050000190734863,4.980000019073486,5.010000228881836,18800,0.0,0.0
2009-08-20 00:00:00-04:00,4.909999847412109,5.119999885559082,4.909999847412109,5.099999904632568,10200,0.0,0.0
2009-08-21 00:00:00-04:00,5.150000095367432,5.150000095367432,5.050000190734863,5.099999904632568,13500,0.0,0.0
2009-08-24 00:00:00-04:00,5.099999904632568,5.199999809265137,5.050000190734863,5.199999809265137,25900,0.0,0.0
2009-08-25 00:00:00-04:00,5.150000095367432,5.150000095367432,5.050000190734863,5.059999942779541,13400,0.0,0.0
2009-08-26 00:00:00-04:00,5.130000114440918,5.400000095367432,5.099999904632568,5.099999904632568,36700,0.0,0.0
2009-08-27 00:00:00-04:00,5.25,5.25,5.130000114440918,5.199999809265137,32000,0.0,0.0
2009-08-28 00:00:00-04:00,5.25,5.25,5.119999885559082,5.119999885559082,11500,0.0,0.0
2009-08-31 00:00:00-04:00,5.099999904632568,5.25,5.079999923706055,5.25,51400,0.0,0.0
2009-09-01 00:00:00-04:00,5.130000114440918,5.230000019073486,5.099999904632568,5.230000019073486,5200,0.0,0.0
2009-09-02 00:00:00-04:00,5.199999809265137,5.25,5.139999866485596,5.139999866485596,1200,0.0,0.0
2009-09-03 00:00:00-04:00,5.25,5.269999980926514,5.119999885559082,5.230000019073486,35000,0.0,0.0
2009-09-04 00:00:00-04:00,5.25,5.25,5.119999885559082,5.119999885559082,2600,0.0,0.0
2009-09-08 00:00:00-04:00,5.119999885559082,5.130000114440918,5.119999885559082,5.130000114440918,1200,0.0,0.0
2009-09-09 00:00:00-04:00,5.179999828338623,5.230000019073486,5.179999828338623,5.21999979019165,49300,0.0,0.0
2009-09-10 00:00:00-04:00,5.239999771118164,5.349999904632568,5.230000019073486,5.349999904632568,54100,0.0,0.0
2009-09-11 00:00:00-04:00,5.349999904632568,5.349999904632568,5.260000228881836,5.349999904632568,10700,0.0,0.0
2009-09-14 00:00:00-04:00,5.300000190734863,5.329999923706055,5.230000019073486,5.230000019073486,4900,0.0,0.0
2009-09-15 00:00:00-04:00,5.320000171661377,5.349999904632568,5.25,5.25,15700,0.0,0.0
2009-09-16 00:00:00-04:00,5.300000190734863,5.329999923706055,5.289999961853027,5.300000190734863,12500,0.0,0.0
2009-09-17 00:00:00-04:00,5.340000152587891,5.360000133514404,5.309999942779541,5.309999942779541,28500,0.0,0.0
2009-09-18 00:00:00-04:00,5.360000133514404,5.360000133514404,5.289999961853027,5.289999961853027,21500,0.0,0.0
2009-09-21 00:00:00-04:00,5.300000190734863,5.309999942779541,5.269999980926514,5.309999942779541,9300,0.0,0.0
2009-09-22 00:00:00-04:00,5.269999980926514,5.329999923706055,5.269999980926514,5.309999942779541,9100,0.0,0.0
2009-09-23 00:00:00-04:00,5.349999904632568,5.349999904632568,5.349999904632568,5.349999904632568,100,0.0,0.0
2009-09-24 00:00:00-04:00,5.239999771118164,5.400000095367432,5.239999771118164,5.400000095367432,11900,0.0,0.0
2009-09-25 00:00:00-04:00,5.400000095367432,5.510000228881836,5.340000152587891,5.340000152587891,71300,0.0,0.0
2009-09-28 00:00:00-04:00,5.300000190734863,5.400000095367432,5.300000190734863,5.400000095367432,6200,0.0,0.0
2009-09-29 00:00:00-04:00,5.46999979019165,5.510000228881836,5.46999979019165,5.5,38400,0.0,0.0
2009-09-30 00:00:00-04:00,5.5,5.5,5.119999885559082,5.119999885559082,26000,0.0,0.0
2009-10-01 00:00:00-04:00,5.300000190734863,5.300000190734863,5.230000019073486,5.25,27500,0.0,0.0
2009-10-02 00:00:00-04:00,5.340000152587891,5.340000152587891,5.110000133514404,5.289999961853027,4200,0.0,0.0
2009-10-05 00:00:00-04:00,5.300000190734863,5.309999942779541,5.300000190734863,5.300000190734863,2000,0.0,0.0
2009-10-06 00:00:00-04:00,5.360000133514404,5.360000133514404,5.360000133514404,5.360000133514404,100,0.0,0.0
2009-10-07 00:00:00-04:00,5.349999904632568,5.360000133514404,5.119999885559082,5.289999961853027,21700,0.0,0.0
2009-10-08 00:00:00-04:00,5.300000190734863,5.389999866485596,5.139999866485596,5.289999961853027,4500,0.0,0.0
2009-10-09 00:00:00-04:00,5.25,5.300000190734863,5.25,5.300000190734863,18600,0.0,0.0
2009-10-12 00:00:00-04:00,5.349999904632568,5.349999904632568,5.25,5.25,3900,0.0,0.0
2009-10-13 00:00:00-04:00,5.21999979019165,5.360000133514404,5.170000076293945,5.360000133514404,11700,0.0,0.0
2009-10-14 00:00:00-04:00,5.360000133514404,5.360000133514404,5.119999885559082,5.300000190734863,53500,0.0,0.0
2009-10-15 00:00:00-04:00,5.28000020980835,5.300000190734863,5.239999771118164,5.239999771118164,18100,0.0,0.0
2009-10-16 00:00:00-04:00,5.28000020980835,5.28000020980835,5.269999980926514,5.28000020980835,10900,0.0,0.0
2009-10-19 00:00:00-04:00,5.28000020980835,5.300000190734863,5.25,5.300000190734863,16200,0.0,0.0
2009-10-20 00:00:00-04:00,5.300000190734863,5.380000114440918,5.28000020980835,5.380000114440918,29500,0.0,0.0
2009-10-21 00:00:00-04:00,5.25,5.380000114440918,5.25,5.380000114440918,7700,0.0,0.0
2009-10-22 00:00:00-04:00,5.260000228881836,5.380000114440918,5.110000133514404,5.380000114440918,12900,0.0,0.0
2009-10-23 00:00:00-04:00,5.369999885559082,5.380000114440918,5.21999979019165,5.300000190734863,12400,0.0,0.0
2009-10-26 00:00:00-04:00,5.269999980926514,5.300000190734863,5.25,5.28000020980835,9500,0.0,0.0
2009-10-27 00:00:00-04:00,5.300000190734863,5.300000190734863,5.28000020980835,5.300000190734863,9100,0.0,0.0
2009-10-28 00:00:00-04:00,5.300000190734863,5.309999942779541,5.239999771118164,5.239999771118164,13500,0.0,0.0
2009-10-29 00:00:00-04:00,5.199999809265137,5.300000190734863,5.110000133514404,5.25,34900,0.0,0.0
2009-10-30 00:00:00-04:00,5.28000020980835,5.300000190734863,5.25,5.25,8200,0.0,0.0
2009-11-02 00:00:00-05:00,5.210000038146973,5.300000190734863,5.170000076293945,5.210000038146973,53800,0.0,0.0
2009-11-03 00:00:00-05:00,5.300000190734863,5.300000190734863,5.230000019073486,5.269999980926514,52600,0.0,0.0
2009-11-04 00:00:00-05:00,5.300000190734863,5.510000228881836,5.260000228881836,5.5,390000,0.0,0.0
2009-11-05 00:00:00-05:00,5.5,5.5,5.349999904632568,5.349999904632568,36000,0.0,0.0
2009-11-06 00:00:00-05:00,5.300000190734863,5.300000190734863,5.110000133514404,5.21999979019165,83700,0.0,0.0
2009-11-09 00:00:00-05:00,5.199999809265137,5.25,5.150000095367432,5.210000038146973,160600,0.0,0.0
2009-11-10 00:00:00-05:00,5.199999809265137,5.25,5.199999809265137,5.21999979019165,84300,0.0,0.0
2009-11-11 00:00:00-05:00,5.25,5.320000171661377,5.239999771118164,5.25,33100,0.0,0.0
2009-11-12 00:00:00-05:00,5.289999961853027,5.300000190734863,5.230000019073486,5.28000020980835,19600,0.0,0.0
2009-11-13 00:00:00-05:00,5.239999771118164,5.300000190734863,5.239999771118164,5.25,7800,0.0,0.0
2009-11-16 00:00:00-05:00,5.28000020980835,5.289999961853027,5.179999828338623,5.28000020980835,84800,0.0,0.0
2009-11-17 00:00:00-05:00,5.28000020980835,5.28000020980835,5.210000038146973,5.28000020980835,43900,0.0,0.0
2009-11-18 00:00:00-05:00,5.269999980926514,5.269999980926514,5.239999771118164,5.239999771118164,2600,0.0,0.0
2009-11-19 00:00:00-05:00,5.300000190734863,5.309999942779541,5.230000019073486,5.309999942779541,102400,0.0,0.0
2009-11-20 00:00:00-05:00,5.289999961853027,5.289999961853027,5.239999771118164,5.289999961853027,71600,0.0,0.0
2009-11-23 00:00:00-05:00,5.309999942779541,5.309999942779541,5.230000019073486,5.309999942779541,79100,0.0,0.0
2009-11-24 00:00:00-05:00,5.349999904632568,5.349999904632568,5.300000190734863,5.300000190734863,18400,0.0,0.0
2009-11-25 00:00:00-05:00,5.269999980926514,5.309999942779541,5.260000228881836,5.300000190734863,29000,0.0,0.0
2009-11-27 00:00:00-05:00,5.230000019073486,5.360000133514404,5.199999809265137,5.28000020980835,15000,0.0,0.0
2009-11-30 00:00:00-05:00,5.340000152587891,5.340000152587891,5.190000057220459,5.199999809265137,74400,0.0,0.0
2009-12-01 00:00:00-05:00,5.150000095367432,5.199999809265137,5.050000190734863,5.170000076293945,49400,0.0,0.0
2009-12-02 00:00:00-05:00,5.130000114440918,5.190000057220459,5.090000152587891,5.110000133514404,12100,0.0,0.0
2009-12-03 00:00:00-05:00,5.139999866485596,5.139999866485596,5.0,5.079999923706055,2800,0.0,0.0
2009-12-04 00:00:00-05:00,5.070000171661377,5.199999809265137,5.03000020980835,5.199999809265137,15600,0.0,0.0
2009-12-07 00:00:00-05:00,5.150000095367432,5.21999979019165,5.099999904632568,5.139999866485596,21500,0.0,0.0
2009-12-08 00:00:00-05:00,5.03000020980835,5.070000171661377,5.019999980926514,5.019999980926514,1100,0.0,0.0
2009-12-09 00:00:00-05:00,5.010000228881836,5.059999942779541,4.849999904632568,4.860000133514404,16100,0.0,0.0
2009-12-10 00:00:00-05:00,4.869999885559082,4.940000057220459,4.539999961853027,4.650000095367432,20300,0.0,0.0
2009-12-11 00:00:00-05:00,4.71999979019165,5.110000133514404,4.71999979019165,4.940000057220459,3300,0.0,0.0
2009-12-14 00:00:00-05:00,4.949999809265137,5.090000152587891,4.829999923706055,4.96999979019165,53000,0.0,0.0
2009-12-15 00:00:00-05:00,4.900000095367432,5.150000095367432,4.849999904632568,5.150000095367432,13600,0.0,0.0
2009-12-16 00:00:00-05:00,5.110000133514404,5.110000133514404,4.920000076293945,4.920000076293945,10100,0.0,0.0
2009-12-17 00:00:00-05:00,4.920000076293945,4.920000076293945,4.920000076293945,4.920000076293945,0,0.0,0.0
2009-12-18 00:00:00-05:00,4.980000019073486,4.980000019073486,4.929999828338623,4.929999828338623,4300,0.0,0.0
2009-12-21 00:00:00-05:00,4.980000019073486,5.050000190734863,4.96999979019165,5.019999980926514,8700,0.0,0.0
2009-12-22 00:00:00-05:00,5.0,5.139999866485596,4.800000190734863,4.96999979019165,13200,0.0,0.0
2009-12-23 00:00:00-05:00,4.860000133514404,5.150000095367432,4.849999904632568,5.0,7900,0.0,0.0
2009-12-24 00:00:00-05:00,5.0,5.0,4.989999771118164,4.989999771118164,7000,0.0,0.0
2009-12-28 00:00:00-05:00,5.0,5.150000095367432,5.0,5.099999904632568,6100,0.0,0.0
2009-12-29 00:00:00-05:00,5.099999904632568,5.119999885559082,5.090000152587891,5.090000152587891,2900,0.0,0.0
2009-12-30 00:00:00-05:00,5.099999904632568,5.099999904632568,5.050000190734863,5.079999923706055,3200,0.0,0.0
2009-12-31 00:00:00-05:00,5.079999923706055,5.079999923706055,5.079999923706055,5.079999923706055,1000,0.0,0.0
2010-01-04 00:00:00-05:00,5.110000133514404,5.150000095367432,5.010000228881836,5.019999980926514,10600,0.0,0.0
2010-01-05 00:00:00-05:00,5.010000228881836,5.110000133514404,5.0,5.03000020980835,39100,0.0,0.0
2010-01-06 00:00:00-05:00,5.03000020980835,5.099999904632568,4.960000038146973,4.960000038146973,13500,0.0,0.0
2010-01-07 00:00:00-05:00,4.900000095367432,5.110000133514404,4.889999866485596,5.070000171661377,38500,0.0,0.0
2010-01-08 00:00:00-05:00,5.099999904632568,5.150000095367432,5.03000020980835,5.070000171661377,60500,0.0,0.0
2010-01-11 00:00:00-05:00,5.150000095367432,5.179999828338623,5.139999866485596,5.179999828338623,66800,0.0,0.0
2010-01-12 00:00:00-05:00,5.159999847412109,5.210000038146973,5.010000228881836,5.199999809265137,91500,0.0,0.0
2010-01-13 00:00:00-05:00,5.199999809265137,5.300000190734863,5.159999847412109,5.199999809265137,60300,0.0,0.0
2010-01-14 00:00:00-05:00,5.309999942779541,5.510000228881836,5.300000190734863,5.480000019073486,36400,0.0,0.0
2010-01-15 00:00:00-05:00,5.449999809265137,5.619999885559082,5.449999809265137,5.559999942779541,59100,0.0,0.0
2010-01-19 00:00:00-05:00,5.53000020980835,5.670000076293945,5.489999771118164,5.599999904632568,26900,0.0,0.0
2010-01-20 00:00:00-05:00,5.539999961853027,5.619999885559082,5.5,5.619999885559082,20900,0.0,0.0
2010-01-21 00:00:00-05:00,5.639999866485596,5.639999866485596,5.510000228881836,5.550000190734863,9600,0.0,0.0
2010-01-22 00:00:00-05:00,5.53000020980835,5.679999828338623,5.53000020980835,5.670000076293945,43300,0.0,0.0
2010-01-25 00:00:00-05:00,5.639999866485596,5.739999771118164,5.639999866485596,5.690000057220459,18900,0.0,0.0
2010-01-26 00:00:00-05:00,5.739999771118164,5.760000228881836,5.679999828338623,5.71999979019165,22400,0.0,0.0
2010-01-27 00:00:00-05:00,5.769999980926514,5.840000152587891,5.699999809265137,5.769999980926514,23700,0.0,0.0
2010-01-28 00:00:00-05:00,5.829999923706055,5.849999904632568,5.71999979019165,5.820000171661377,32500,0.0,0.0
2010-01-29 00:00:00-05:00,5.900000095367432,5.929999828338623,5.710000038146973,5.710000038146973,38500,0.0,0.0
2010-02-01 00:00:00-05:00,5.699999809265137,5.78000020980835,5.699999809265137,5.760000228881836,3900,0.0,0.0
2010-02-02 00:00:00-05:00,5.880000114440918,5.880000114440918,5.78000020980835,5.840000152587891,8100,0.0,0.0
2010-02-03 00:00:00-05:00,5.900000095367432,5.900000095367432,5.760000228881836,5.829999923706055,6300,0.0,0.0
2010-02-04 00:00:00-05:00,5.829999923706055,5.829999923706055,5.75,5.760000228881836,11300,0.0,0.0
2010-02-05 00:00:00-05:00,5.75,5.840000152587891,5.71999979019165,5.840000152587891,16900,0.0,0.0
2010-02-08 00:00:00-05:00,5.889999866485596,5.909999847412109,5.599999904632568,5.78000020980835,52600,0.0,0.0
2010-02-09 00:00:00-05:00,5.849999904632568,5.849999904632568,5.769999980926514,5.789999961853027,12700,0.0,0.0
2010-02-10 00:00:00-05:00,5.769999980926514,5.789999961853027,5.75,5.760000228881836,19200,0.0,0.0
2010-02-11 00:00:00-05:00,5.789999961853027,5.800000190734863,5.559999942779541,5.570000171661377,120000,0.0,0.0
2010-02-12 00:00:00-05:00,5.559999942779541,5.559999942779541,5.260000228881836,5.449999809265137,50100,0.0,0.0
2010-02-16 00:00:00-05:00,5.5,5.650000095367432,5.449999809265137,5.590000152587891,30900,0.0,0.0
2010-02-17 00:00:00-05:00,5.630000114440918,5.630000114440918,5.289999961853027,5.349999904632568,212100,0.0,0.0
2010-02-18 00:00:00-05:00,5.309999942779541,5.369999885559082,5.179999828338623,5.210000038146973,57800,0.0,0.0
2010-02-19 00:00:00-05:00,5.329999923706055,5.329999923706055,5.300000190734863,5.300000190734863,6600,0.0,0.0
2010-02-22 00:00:00-05:00,5.28000020980835,5.349999904632568,5.199999809265137,5.239999771118164,40800,0.0,0.0
2010-02-23 00:00:00-05:00,5.28000020980835,5.380000114440918,5.179999828338623,5.179999828338623,18300,0.0,0.0
2010-02-24 00:00:00-05:00,5.21999979019165,5.289999961853027,5.21999979019165,5.21999979019165,10800,0.0,0.0
2010-02-25 00:00:00-05:00,5.199999809265137,5.199999809265137,5.150000095367432,5.150000095367432,13700,0.0,0.0
2010-02-26 00:00:00-05:00,5.179999828338623,5.300000190734863,5.179999828338623,5.300000190734863,15800,0.0,0.0
2010-03-01 00:00:00-05:00,5.300000190734863,5.579999923706055,5.28000020980835,5.429999828338623,65000,0.0,0.0
2010-03-02 00:00:00-05:00,5.510000228881836,5.650000095367432,5.300000190734863,5.340000152587891,95400,0.0,0.0
2010-03-03 00:00:00-05:00,5.46999979019165,6.159999847412109,5.300000190734863,5.53000020980835,230800,0.0,0.0
2010-03-04 00:00:00-05:00,5.579999923706055,6.010000228881836,5.579999923706055,5.96999979019165,83200,0.0,0.0
2010-03-05 00:00:00-05:00,6.03000020980835,6.190000057220459,5.949999809265137,6.190000057220459,85100,0.0,0.0
2010-03-08 00:00:00-05:00,6.230000019073486,6.239999771118164,5.989999771118164,6.070000171661377,65600,0.0,0.0
2010-03-09 00:00:00-05:00,6.070000171661377,6.070000171661377,5.920000076293945,6.050000190734863,39200,0.0,0.0
2010-03-10 00:00:00-05:00,6.090000152587891,6.090000152587891,5.96999979019165,6.079999923706055,41400,0.0,0.0
2010-03-11 00:00:00-05:00,5.96999979019165,6.050000190734863,5.929999828338623,5.949999809265137,18200,0.0,0.0
2010-03-12 00:00:00-05:00,6.0,6.050000190734863,5.949999809265137,5.989999771118164,28900,0.0,0.0
2010-03-15 00:00:00-04:00,5.949999809265137,6.050000190734863,5.78000020980835,5.989999771118164,18500,0.0,0.0
2010-03-16 00:00:00-04:00,6.110000133514404,6.340000152587891,5.989999771118164,6.050000190734863,135900,0.0,0.0
2010-03-17 00:00:00-04:00,6.130000114440918,6.150000095367432,5.960000038146973,6.079999923706055,36000,0.0,0.0
2010-03-18 00:00:00-04:00,6.079999923706055,6.139999866485596,6.050000190734863,6.110000133514404,45500,0.0,0.0
2010-03-19 00:00:00-04:00,6.199999809265137,6.300000190734863,6.119999885559082,6.300000190734863,29100,0.0,0.0
2010-03-22 00:00:00-04:00,6.300000190734863,6.380000114440918,6.119999885559082,6.329999923706055,88500,0.0,0.0
2010-03-23 00:00:00-04:00,6.480000019073486,6.610000133514404,6.429999828338623,6.5,102300,0.0,0.0
2010-03-24 00:00:00-04:00,6.559999942779541,6.610000133514404,6.360000133514404,6.5,68800,0.0,0.0
2010-03-25 00:00:00-04:00,6.650000095367432,6.670000076293945,6.369999885559082,6.46999979019165,18200,0.0,0.0
2010-03-26 00:00:00-04:00,6.380000114440918,6.559999942779541,6.380000114440918,6.559999942779541,22900,0.0,0.0
2010-03-29 00:00:00-04:00,6.690000057220459,6.690000057220459,6.400000095367432,6.429999828338623,26600,0.0,0.0
2010-03-30 00:00:00-04:00,6.46999979019165,6.519999980926514,6.309999942779541,6.409999847412109,42800,0.0,0.0
2010-03-31 00:00:00-04:00,6.309999942779541,6.53000020980835,6.300000190734863,6.5,102800,0.0,0.0
2010-04-01 00:00:00-04:00,6.599999904632568,6.599999904632568,6.429999828338623,6.46999979019165,8300,0.0,0.0
2010-04-05 00:00:00-04:00,6.579999923706055,6.599999904632568,6.429999828338623,6.5,47100,0.0,0.0
2010-04-06 00:00:00-04:00,6.46999979019165,6.610000133514404,6.460000038146973,6.599999904632568,22700,0.0,0.0
2010-04-07 00:00:00-04:00,6.559999942779541,6.730000019073486,6.550000190734863,6.599999904632568,49600,0.0,0.0
2010-04-08 00:00:00-04:00,6.559999942779541,6.710000038146973,6.559999942779541,6.630000114440918,30900,0.0,0.0
2010-04-09 00:00:00-04:00,6.590000152587891,6.650000095367432,6.559999942779541,6.619999885559082,29500,0.0,0.0
2010-04-12 00:00:00-04:00,6.510000228881836,6.519999980926514,6.449999809265137,6.489999771118164,22000,0.0,0.0
2010-04-13 00:00:00-04:00,6.489999771118164,6.489999771118164,6.420000076293945,6.449999809265137,16100,0.0,0.0
2010-04-14 00:00:00-04:00,6.449999809265137,6.5,6.349999904632568,6.449999809265137,40000,0.0,0.0
2010-04-15 00:00:00-04:00,6.460000038146973,6.519999980926514,6.429999828338623,6.480000019073486,11100,0.0,0.0
2010-04-16 00:00:00-04:00,6.5,6.5,6.389999866485596,6.429999828338623,8400,0.0,0.0
2010-04-19 00:00:00-04:00,6.320000171661377,6.5,6.320000171661377,6.5,35200,0.0,0.0
2010-04-20 00:00:00-04:00,6.480000019073486,6.5,6.349999904632568,6.400000095367432,48400,0.0,0.0
2010-04-21 00:00:00-04:00,6.429999828338623,6.429999828338623,6.210000038146973,6.300000190734863,40300,0.0,0.0
2010-04-22 00:00:00-04:00,6.309999942779541,6.46999979019165,6.199999809265137,6.46999979019165,22300,0.0,0.0
2010-04-23 00:00:00-04:00,6.460000038146973,6.460000038146973,6.239999771118164,6.349999904632568,6800,0.0,0.0
2010-04-26 00:00:00-04:00,6.380000114440918,6.380000114440918,6.210000038146973,6.369999885559082,19000,0.0,0.0
2010-04-27 00:00:00-04:00,6.300000190734863,6.300000190734863,6.150000095367432,6.300000190734863,23900,0.0,0.0
2010-04-28 00:00:00-04:00,6.329999923706055,6.329999923706055,5.960000038146973,6.269999980926514,41600,0.0,0.0
2010-04-29 00:00:00-04:00,6.170000076293945,6.5,6.170000076293945,6.420000076293945,36300,0.0,0.0
2010-04-30 00:00:00-04:00,6.429999828338623,6.949999809265137,6.210000038146973,6.210000038146973,35300,0.0,0.0
2010-05-03 00:00:00-04:00,6.210000038146973,7.25,6.210000038146973,6.980000019073486,134300,0.0,0.0
2010-05-04 00:00:00-04:00,6.980000019073486,7.099999904632568,6.820000171661377,6.920000076293945,86100,0.0,0.0
2010-05-05 00:00:00-04:00,6.929999828338623,6.960000038146973,6.78000020980835,6.789999961853027,28400,0.0,0.0
2010-05-06 00:00:00-04:00,6.78000020980835,7.079999923706055,6.590000152587891,6.78000020980835,37500,0.0,0.0
2010-05-07 00:00:00-04:00,6.829999923706055,6.829999923706055,6.369999885559082,6.369999885559082,37600,0.0,0.0
2010-05-10 00:00:00-04:00,6.510000228881836,6.869999885559082,6.300000190734863,6.300000190734863,72100,0.0,0.0
2010-05-11 00:00:00-04:00,6.260000228881836,6.53000020980835,6.230000019073486,6.380000114440918,21800,0.0,0.0
2010-05-12 00:00:00-04:00,6.420000076293945,6.420000076293945,6.369999885559082,6.400000095367432,5900,0.0,0.0
2010-05-13 00:00:00-04:00,6.400000095367432,6.400000095367432,6.260000228881836,6.260000228881836,12900,0.0,0.0
2010-05-14 00:00:00-04:00,6.260000228881836,6.449999809265137,6.210000038146973,6.289999961853027,23600,0.0,0.0
2010-05-17 00:00:00-04:00,6.340000152587891,6.489999771118164,6.110000133514404,6.28000020980835,49000,0.0,0.0
2010-05-18 00:00:00-04:00,6.179999828338623,6.340000152587891,6.110000133514404,6.260000228881836,21800,0.0,0.0
2010-05-19 00:00:00-04:00,6.260000228881836,6.260000228881836,6.110000133514404,6.170000076293945,44600,0.0,0.0
2010-05-20 00:00:00-04:00,6.099999904632568,6.119999885559082,6.050000190734863,6.099999904632568,25900,0.0,0.0
2010-05-21 00:00:00-04:00,6.139999866485596,6.139999866485596,5.949999809265137,6.0,48000,0.0,0.0
2010-05-24 00:00:00-04:00,5.900000095367432,6.050000190734863,5.900000095367432,6.010000228881836,29000,0.0,0.0
2010-05-25 00:00:00-04:00,5.849999904632568,6.039999961853027,5.849999904632568,5.949999809265137,8600,0.0,0.0
2010-05-26 00:00:00-04:00,6.0,6.429999828338623,5.880000114440918,5.900000095367432,53000,0.0,0.0
2010-05-27 00:00:00-04:00,5.920000076293945,6.099999904632568,5.860000133514404,6.070000171661377,11100,0.0,0.0
2010-05-28 00:00:00-04:00,6.170000076293945,6.170000076293945,5.860000133514404,5.889999866485596,17300,0.0,0.0
2010-06-01 00:00:00-04:00,5.860000133514404,6.239999771118164,5.860000133514404,6.239999771118164,6300,0.0,0.0
2010-06-02 00:00:00-04:00,6.199999809265137,6.400000095367432,6.079999923706055,6.369999885559082,24000,0.0,0.0
2010-06-03 00:00:00-04:00,6.309999942779541,6.400000095367432,6.260000228881836,6.340000152587891,16400,0.0,0.0
2010-06-04 00:00:00-04:00,6.099999904632568,6.320000171661377,6.079999923706055,6.25,14700,0.0,0.0
2010-06-07 00:00:00-04:00,6.25,6.25,5.889999866485596,5.940000057220459,32000,0.0,0.0
2010-06-08 00:00:00-04:00,5.889999866485596,5.949999809265137,5.75,5.869999885559082,26000,0.0,0.0
2010-06-09 00:00:00-04:00,5.920000076293945,6.050000190734863,5.769999980926514,6.0,10000,0.0,0.0
2010-06-10 00:00:00-04:00,6.190000057220459,6.199999809265137,6.159999847412109,6.170000076293945,4900,0.0,0.0
2010-06-11 00:00:00-04:00,6.0,6.300000190734863,6.0,6.28000020980835,52400,0.0,0.0
2010-06-14 00:00:00-04:00,7.03000020980835,7.230000019073486,6.630000114440918,6.849999904632568,134200,0.0,0.0
2010-06-15 00:00:00-04:00,6.920000076293945,6.940000057220459,6.730000019073486,6.800000190734863,104300,0.0,0.0
2010-06-16 00:00:00-04:00,6.760000228881836,6.900000095367432,6.639999866485596,6.809999942779541,39900,0.0,0.0
2010-06-17 00:00:00-04:00,6.849999904632568,6.900000095367432,6.739999771118164,6.829999923706055,37700,0.0,0.0
2010-06-18 00:00:00-04:00,6.849999904632568,7.0,6.849999904632568,6.96999979019165,80500,0.0,0.0
2010-06-21 00:00:00-04:00,7.0,7.480000019073486,7.0,7.199999809265137,136000,0.0,0.0
2010-06-22 00:00:00-04:00,7.25,7.25,7.039999961853027,7.150000095367432,88400,0.0,0.0
2010-06-23 00:00:00-04:00,7.110000133514404,7.150000095367432,7.019999980926514,7.130000114440918,56600,0.0,0.0
2010-06-24 00:00:00-04:00,7.110000133514404,7.130000114440918,6.949999809265137,6.949999809265137,35900,0.0,0.0
2010-06-25 00:00:00-04:00,6.989999771118164,7.0,6.760000228881836,6.760000228881836,20000,0.0,0.0
2010-06-28 00:00:00-04:00,6.800000190734863,7.039999961853027,6.769999980926514,6.769999980926514,40900,0.0,0.0
2010-06-29 00:00:00-04:00,6.769999980926514,6.769999980926514,6.5,6.599999904632568,40800,0.0,0.0
2010-06-30 00:00:00-04:00,6.730000019073486,6.840000152587891,6.309999942779541,6.380000114440918,76300,0.0,0.0
2010-07-01 00:00:00-04:00,6.449999809265137,6.5,6.139999866485596,6.190000057220459,67000,0.0,0.0
2010-07-02 00:00:00-04:00,6.150000095367432,6.239999771118164,6.010000228881836,6.059999942779541,51800,0.0,0.0
2010-07-06 00:00:00-04:00,6.420000076293945,6.480000019073486,6.119999885559082,6.150000095367432,120400,0.0,0.0
2010-07-07 00:00:00-04:00,6.159999847412109,6.309999942779541,6.110000133514404,6.150000095367432,40500,0.0,0.0
2010-07-08 00:00:00-04:00,6.21999979019165,6.369999885559082,6.150000095367432,6.25,41500,0.0,0.0
2010-07-09 00:00:00-04:00,6.28000020980835,6.349999904632568,6.150000095367432,6.199999809265137,59900,0.0,0.0
2010-07-12 00:00:00-04:00,6.25,6.300000190734863,6.210000038146973,6.239999771118164,95500,0.0,0.0
2010-07-13 00:00:00-04:00,6.21999979019165,6.5,6.21999979019165,6.380000114440918,69000,0.0,0.0
2010-07-14 00:00:00-04:00,6.449999809265137,6.449999809265137,6.25,6.380000114440918,16100,0.0,0.0
2010-07-15 00:00:00-04:00,6.349999904632568,6.480000019073486,6.349999904632568,6.480000019073486,6700,0.0,0.0
2010-07-16 00:00:00-04:00,6.449999809265137,6.599999904632568,6.429999828338623,6.53000020980835,33500,0.0,0.0
2010-07-19 00:00:00-04:00,6.610000133514404,6.820000171661377,6.53000020980835,6.53000020980835,39600,0.0,0.0
2010-07-20 00:00:00-04:00,6.510000228881836,6.590000152587891,6.480000019073486,6.519999980926514,33500,0.0,0.0
2010-07-21 00:00:00-04:00,6.550000190734863,6.590000152587891,6.309999942779541,6.349999904632568,49100,0.0,0.0
2010-07-22 00:00:00-04:00,6.440000057220459,6.440000057220459,6.199999809265137,6.440000057220459,33900,0.0,0.0
2010-07-23 00:00:00-04:00,6.400000095367432,6.400000095367432,6.300000190734863,6.369999885559082,12100,0.0,0.0
2010-07-26 00:00:00-04:00,6.429999828338623,6.940000057220459,6.380000114440918,6.670000076293945,51400,0.0,0.0
2010-07-27 00:00:00-04:00,6.769999980926514,6.920000076293945,6.71999979019165,6.809999942779541,54100,0.0,0.0
2010-07-28 00:00:00-04:00,6.840000152587891,6.849999904632568,6.789999961853027,6.789999961853027,16500,0.0,0.0
2010-07-29 00:00:00-04:00,6.960000038146973,6.960000038146973,6.710000038146973,6.75,62400,0.0,0.0
2010-07-30 00:00:00-04:00,6.679999828338623,6.789999961853027,6.679999828338623,6.679999828338623,10200,0.0,0.0
2010-08-02 00:00:00-04:00,6.78000020980835,6.800000190734863,6.619999885559082,6.679999828338623,41300,0.0,0.0
2010-08-03 00:00:00-04:00,6.449999809265137,6.650000095367432,6.440000057220459,6.449999809265137,36200,0.0,0.0
2010-08-04 00:00:00-04:00,6.5,6.710000038146973,6.440000057220459,6.599999904632568,23800,0.0,0.0
2010-08-05 00:00:00-04:00,6.690000057220459,6.739999771118164,6.610000133514404,6.699999809265137,26100,0.0,0.0
2010-08-06 00:00:00-04:00,6.639999866485596,6.739999771118164,6.480000019073486,6.650000095367432,33700,0.0,0.0
2010-08-09 00:00:00-04:00,6.789999961853027,6.900000095367432,6.460000038146973,6.889999866485596,177500,0.0,0.0
2010-08-10 00:00:00-04:00,6.71999979019165,6.96999979019165,6.599999904632568,6.900000095367432,47900,0.0,0.0
2010-08-11 00:00:00-04:00,6.800000190734863,6.900000095367432,6.519999980926514,6.519999980926514,35900,0.0,0.0
2010-08-12 00:00:00-04:00,6.510000228881836,6.800000190734863,6.480000019073486,6.5,55300,0.0,0.0
2010-08-13 00:00:00-04:00,6.639999866485596,7.159999847412109,6.570000171661377,7.0,38700,0.0,0.0
2010-08-16 00:00:00-04:00,7.039999961853027,7.380000114440918,6.949999809265137,7.349999904632568,85300,0.0,0.0
2010-08-17 00:00:00-04:00,7.380000114440918,7.400000095367432,7.039999961853027,7.079999923706055,32300,0.0,0.0
2010-08-18 00:00:00-04:00,7.110000133514404,7.690000057220459,7.010000228881836,7.389999866485596,60100,0.0,0.0
2010-08-19 00:00:00-04:00,7.409999847412109,7.630000114440918,6.820000171661377,7.079999923706055,67300,0.0,0.0
2010-08-20 00:00:00-04:00,7.039999961853027,7.039999961853027,6.920000076293945,6.940000057220459,10500,0.0,0.0
2010-08-23 00:00:00-04:00,6.400000095367432,6.789999961853027,6.369999885559082,6.71999979019165,137700,0.0,0.0
2010-08-24 00:00:00-04:00,6.519999980926514,6.690000057220459,6.380000114440918,6.599999904632568,35500,0.0,0.0
2010-08-25 00:00:00-04:00,6.389999866485596,6.789999961853027,6.389999866485596,6.519999980926514,13400,0.0,0.0
2010-08-26 00:00:00-04:00,6.510000228881836,6.789999961853027,6.5,6.550000190734863,29900,0.0,0.0
2010-08-27 00:00:00-04:00,6.659999847412109,6.920000076293945,6.550000190734863,6.860000133514404,34400,0.0,0.0
2010-08-30 00:00:00-04:00,6.900000095367432,7.199999809265137,6.619999885559082,7.090000152587891,41200,0.0,0.0
2010-08-31 00:00:00-04:00,7.110000133514404,7.150000095367432,6.619999885559082,7.019999980926514,22800,0.0,0.0
2010-09-01 00:00:00-04:00,6.980000019073486,7.179999828338623,6.980000019073486,6.980000019073486,18100,0.0,0.0
2010-09-02 00:00:00-04:00,6.909999847412109,7.019999980926514,6.900000095367432,7.0,24500,0.0,0.0
2010-09-03 00:00:00-04:00,7.019999980926514,7.150000095367432,7.010000228881836,7.150000095367432,12700,0.0,0.0
2010-09-07 00:00:00-04:00,7.110000133514404,7.949999809265137,7.110000133514404,7.909999847412109,130300,0.0,0.0
2010-09-08 00:00:00-04:00,7.909999847412109,7.960000038146973,7.550000190734863,7.909999847412109,55500,0.0,0.0
2010-09-09 00:00:00-04:00,7.920000076293945,8.40999984741211,7.909999847412109,8.15999984741211,79200,0.0,0.0
2010-09-10 00:00:00-04:00,8.100000381469727,8.229999542236328,8.069999694824219,8.079999923706055,16100,0.0,0.0
2010-09-13 00:00:00-04:00,8.119999885559082,8.15999984741211,7.989999771118164,8.0,26300,0.0,0.0
2010-09-14 00:00:00-04:00,8.0600004196167,8.09000015258789,7.900000095367432,7.980000019073486,37800,0.0,0.0
2010-09-15 00:00:00-04:00,7.900000095367432,8.149999618530273,7.590000152587891,8.020000457763672,28300,0.0,0.0
2010-09-16 00:00:00-04:00,8.029999732971191,8.050000190734863,7.900000095367432,8.0,13900,0.0,0.0
2010-09-17 00:00:00-04:00,7.900000095367432,8.25,7.900000095367432,8.239999771118164,25300,0.0,0.0
2010-09-20 00:00:00-04:00,8.25,8.430000305175781,8.050000190734863,8.199999809265137,101200,0.0,0.0
2010-09-21 00:00:00-04:00,8.199999809265137,8.279999732971191,8.0,8.020000457763672,32600,0.0,0.0
2010-09-22 00:00:00-04:00,7.880000114440918,8.170000076293945,7.880000114440918,7.960000038146973,17800,0.0,0.0
2010-09-23 00:00:00-04:00,8.020000457763672,8.199999809265137,7.980000019073486,8.079999923706055,16900,0.0,0.0
2010-09-24 00:00:00-04:00,8.079999923706055,8.289999961853027,8.0600004196167,8.25,25700,0.0,0.0
2010-09-27 00:00:00-04:00,8.25,8.899999618530273,7.96999979019165,8.59000015258789,113900,0.0,0.0
2010-09-28 00:00:00-04:00,8.6899995803833,8.890000343322754,8.300000190734863,8.670000076293945,60300,0.0,0.0
2010-09-29 00:00:00-04:00,8.770000457763672,9.0,8.609999656677246,8.65999984741211,99600,0.0,0.0
2010-09-30 00:00:00-04:00,8.869999885559082,8.970000267028809,8.680000305175781,8.680000305175781,24900,0.0,0.0
2010-10-01 00:00:00-04:00,8.720000267028809,9.25,8.720000267028809,9.1899995803833,40400,0.0,0.0
2010-10-04 00:00:00-04:00,9.229999542236328,9.5,9.069999694824219,9.5,114000,0.0,0.0
2010-10-05 00:00:00-04:00,9.600000381469727,9.699999809265137,9.289999961853027,9.329999923706055,73200,0.0,0.0
2010-10-06 00:00:00-04:00,9.390000343322754,9.430000305175781,9.0,9.25,64400,0.0,0.0
2010-10-07 00:00:00-04:00,9.260000228881836,9.329999923706055,9.050000190734863,9.109999656677246,37400,0.0,0.0
2010-10-08 00:00:00-04:00,9.1899995803833,9.300000190734863,8.989999771118164,9.130000114440918,54800,0.0,0.0
2010-10-11 00:00:00-04:00,9.130000114440918,9.289999961853027,9.119999885559082,9.199999809265137,14300,0.0,0.0
2010-10-12 00:00:00-04:00,9.3100004196167,9.40999984741211,9.25,9.350000381469727,70100,0.0,0.0
2010-10-13 00:00:00-04:00,9.350000381469727,9.350000381469727,9.210000038146973,9.220000267028809,20000,0.0,0.0
2010-10-14 00:00:00-04:00,9.15999984741211,9.350000381469727,9.15999984741211,9.199999809265137,14500,0.0,0.0
2010-10-15 00:00:00-04:00,9.319999694824219,9.319999694824219,9.119999885559082,9.170000076293945,18400,0.0,0.0
2010-10-18 00:00:00-04:00,9.199999809265137,9.25,9.149999618530273,9.149999618530273,89800,0.0,0.0
2010-10-19 00:00:00-04:00,9.1899995803833,9.260000228881836,9.100000381469727,9.109999656677246,29200,0.0,0.0
2010-10-20 00:00:00-04:00,9.1899995803833,9.550000190734863,9.149999618530273,9.390000343322754,49500,0.0,0.0
2010-10-21 00:00:00-04:00,9.479999542236328,9.619999885559082,9.399999618530273,9.5,45900,0.0,0.0
2010-10-22 00:00:00-04:00,9.699999809265137,9.8100004196167,9.510000228881836,9.680000305175781,41300,0.0,0.0
2010-10-25 00:00:00-04:00,9.649999618530273,9.649999618530273,9.399999618530273,9.5600004196167,42500,0.0,0.0
2010-10-26 00:00:00-04:00,9.640000343322754,9.720000267028809,9.510000228881836,9.720000267028809,35000,0.0,0.0
2010-10-27 00:00:00-04:00,9.720000267028809,10.149999618530273,9.600000381469727,9.850000381469727,38500,0.0,0.0
2010-10-28 00:00:00-04:00,10.0,10.0,9.84000015258789,9.84000015258789,44000,0.0,0.0
2010-10-29 00:00:00-04:00,9.850000381469727,10.199999809265137,9.850000381469727,10.109999656677246,40700,0.0,0.0
2010-11-01 00:00:00-04:00,10.15999984741211,10.4399995803833,10.15999984741211,10.300000190734863,50800,0.0,0.0
2010-11-02 00:00:00-04:00,10.4399995803833,11.100000381469727,10.369999885559082,10.8100004196167,70600,0.0,0.0
2010-11-03 00:00:00-04:00,10.960000038146973,11.1899995803833,10.600000381469727,11.050000190734863,83100,0.0,0.0
2010-11-04 00:00:00-04:00,11.34000015258789,11.380000114440918,11.050000190734863,11.119999885559082,68000,0.0,0.0
2010-11-05 00:00:00-04:00,11.229999542236328,11.5,11.069999694824219,11.270000457763672,121200,0.0,0.0
2010-11-08 00:00:00-05:00,11.359999656677246,11.449999809265137,11.0,11.260000228881836,85700,0.0,0.0
2010-11-09 00:00:00-05:00,11.25,11.609999656677246,11.210000038146973,11.59000015258789,60500,0.0,0.0
2010-11-10 00:00:00-05:00,11.640000343322754,11.699999809265137,11.270000457763672,11.640000343322754,50300,0.0,0.0
2010-11-11 00:00:00-05:00,11.640000343322754,11.979999542236328,11.630000114440918,11.949999809265137,68300,0.0,0.0
2010-11-12 00:00:00-05:00,11.949999809265137,11.970000267028809,11.800000190734863,11.9399995803833,50700,0.0,0.0
2010-11-15 00:00:00-05:00,11.989999771118164,12.920000076293945,11.970000267028809,12.880000114440918,127900,0.0,0.0
2010-11-16 00:00:00-05:00,12.989999771118164,13.149999618530273,12.220000267028809,12.529999732971191,198700,0.0,0.0
2010-11-17 00:00:00-05:00,12.65999984741211,12.989999771118164,12.550000190734863,12.609999656677246,57800,0.0,0.0
2010-11-18 00:00:00-05:00,12.670000076293945,12.6899995803833,12.430000305175781,12.569999694824219,46600,0.0,0.0
2010-11-19 00:00:00-05:00,12.630000114440918,12.9399995803833,12.5,12.609999656677246,47700,0.0,0.0
2010-11-22 00:00:00-05:00,12.890000343322754,12.960000038146973,12.520000457763672,12.579999923706055,46200,0.0,0.0
2010-11-23 00:00:00-05:00,12.59000015258789,12.699999809265137,12.140000343322754,12.569999694824219,56800,0.0,0.0
2010-11-24 00:00:00-05:00,12.699999809265137,12.729999542236328,12.640000343322754,12.670000076293945,44200,0.0,0.0
2010-11-26 00:00:00-05:00,12.649999618530273,12.729999542236328,12.40999984741211,12.640000343322754,24800,0.0,0.0
2010-11-29 00:00:00-05:00,12.670000076293945,12.739999771118164,11.800000190734863,12.119999885559082,97600,0.0,0.0
2010-11-30 00:00:00-05:00,11.989999771118164,12.319999694824219,11.699999809265137,12.170000076293945,42700,0.0,0.0
2010-12-01 00:00:00-05:00,12.149999618530273,12.149999618530273,11.5,12.050000190734863,80400,0.0,0.0
2010-12-02 00:00:00-05:00,12.119999885559082,12.34000015258789,11.5600004196167,11.680000305175781,94300,0.0,0.0
2010-12-03 00:00:00-05:00,11.649999618530273,12.0,11.579999923706055,11.800000190734863,62500,0.0,0.0
2010-12-06 00:00:00-05:00,11.899999618530273,12.470000267028809,11.899999618530273,12.34000015258789,109900,0.0,0.0
2010-12-07 00:00:00-05:00,12.5,12.850000381469727,12.5,12.699999809265137,108900,0.0,0.0
2010-12-08 00:00:00-05:00,12.699999809265137,12.789999961853027,12.640000343322754,12.779999732971191,82600,0.0,0.0
2010-12-09 00:00:00-05:00,12.649999618530273,12.979999542236328,12.4399995803833,12.6899995803833,48600,0.0,0.0
2010-12-10 00:00:00-05:00,12.739999771118164,12.800000190734863,12.520000457763672,12.670000076293945,26200,0.0,0.0
2010-12-13 00:00:00-05:00,12.640000343322754,12.729999542236328,12.300000190734863,12.670000076293945,36900,0.0,0.0
2010-12-14 00:00:00-05:00,12.600000381469727,12.600000381469727,12.1899995803833,12.34000015258789,35500,0.0,0.0
2010-12-15 00:00:00-05:00,12.369999885559082,12.489999771118164,12.0,12.470000267028809,42400,0.0,0.0
2010-12-16 00:00:00-05:00,12.670000076293945,12.670000076293945,11.869999885559082,12.319999694824219,48100,0.0,0.0
2010-12-17 00:00:00-05:00,12.319999694824219,12.319999694824219,12.039999961853027,12.239999771118164,55500,0.0,0.0
2010-12-20 00:00:00-05:00,12.289999961853027,12.520000457763672,12.199999809265137,12.369999885559082,34300,0.0,0.0
2010-12-21 00:00:00-05:00,12.350000381469727,12.430000305175781,12.039999961853027,12.350000381469727,34000,0.0,0.0
2010-12-22 00:00:00-05:00,12.40999984741211,12.609999656677246,12.09000015258789,12.319999694824219,20100,0.0,0.0
2010-12-23 00:00:00-05:00,12.100000381469727,12.229999542236328,11.699999809265137,12.1899995803833,38000,0.0,0.0
2010-12-27 00:00:00-05:00,12.09000015258789,12.329999923706055,11.800000190734863,12.3100004196167,23200,0.0,0.0
2010-12-28 00:00:00-05:00,12.359999656677246,12.670000076293945,12.3100004196167,12.399999618530273,13600,0.0,0.0
2010-12-29 00:00:00-05:00,12.470000267028809,12.600000381469727,12.399999618530273,12.5600004196167,12400,0.0,0.0
2010-12-30 00:00:00-05:00,12.600000381469727,13.039999961853027,12.600000381469727,12.75,41000,0.0,0.0
2010-12-31 00:00:00-05:00,12.680000305175781,13.109999656677246,12.649999618530273,13.039999961853027,39800,0.0,0.0
2011-01-03 00:00:00-05:00,13.15999984741211,13.710000038146973,12.890000343322754,12.989999771118164,67500,0.0,0.0
2011-01-04 00:00:00-05:00,13.069999694824219,13.40999984741211,12.5,13.050000190734863,80500,0.0,0.0
2011-01-05 00:00:00-05:00,13.010000228881836,13.239999771118164,12.710000038146973,13.069999694824219,50000,0.0,0.0
2011-01-06 00:00:00-05:00,13.149999618530273,13.149999618530273,12.819999694824219,12.979999542236328,19900,0.0,0.0
2011-01-07 00:00:00-05:00,12.970000267028809,12.970000267028809,12.609999656677246,12.649999618530273,32000,0.0,0.0
2011-01-10 00:00:00-05:00,12.5600004196167,13.25,12.350000381469727,13.0,61100,0.0,0.0
2011-01-11 00:00:00-05:00,13.09000015258789,14.9399995803833,13.0,14.359999656677246,459000,0.0,0.0
2011-01-12 00:00:00-05:00,13.949999809265137,14.329999923706055,13.109999656677246,14.329999923706055,366000,0.0,0.0
2011-01-13 00:00:00-05:00,14.399999618530273,14.460000038146973,13.6899995803833,14.270000457763672,144200,0.0,0.0
2011-01-14 00:00:00-05:00,14.270000457763672,14.90999984741211,14.170000076293945,14.680000305175781,211500,0.0,0.0
2011-01-18 00:00:00-05:00,14.90999984741211,15.100000381469727,14.34000015258789,15.039999961853027,180800,0.0,0.0
2011-01-19 00:00:00-05:00,15.09000015258789,15.100000381469727,14.710000038146973,14.850000381469727,129600,0.0,0.0
2011-01-20 00:00:00-05:00,14.760000228881836,14.760000228881836,14.050000190734863,14.529999732971191,83000,0.0,0.0
2011-01-21 00:00:00-05:00,14.520000457763672,15.09000015258789,14.470000267028809,14.84000015258789,60000,0.0,0.0
2011-01-24 00:00:00-05:00,14.930000305175781,15.069999694824219,14.5,14.65999984741211,40800,0.0,0.0
2011-01-25 00:00:00-05:00,14.630000114440918,14.899999618530273,14.510000228881836,14.819999694824219,47000,0.0,0.0
2011-01-26 00:00:00-05:00,14.890000343322754,15.0,14.5,14.770000457763672,113400,0.0,0.0
2011-01-27 00:00:00-05:00,14.859999656677246,14.920000076293945,14.649999618530273,14.649999618530273,59500,0.0,0.0
2011-01-28 00:00:00-05:00,14.649999618530273,14.829999923706055,14.229999542236328,14.329999923706055,58500,0.0,0.0
2011-01-31 00:00:00-05:00,14.399999618530273,14.5,14.0,14.399999618530273,34400,0.0,0.0
2011-02-01 00:00:00-05:00,14.449999809265137,14.819999694824219,13.729999542236328,14.579999923706055,56400,0.0,0.0
2011-02-02 00:00:00-05:00,14.489999771118164,14.75,14.289999961853027,14.609999656677246,40900,0.0,0.0
2011-02-03 00:00:00-05:00,14.600000381469727,14.649999618530273,14.40999984741211,14.609999656677246,25800,0.0,0.0
2011-02-04 00:00:00-05:00,14.630000114440918,14.710000038146973,14.390000343322754,14.529999732971191,31200,0.0,0.0
2011-02-07 00:00:00-05:00,14.890000343322754,14.989999771118164,14.460000038146973,14.800000190734863,251400,0.0,0.0
2011-02-08 00:00:00-05:00,14.75,14.90999984741211,14.539999961853027,14.649999618530273,129600,0.0,0.0
2011-02-09 00:00:00-05:00,14.850000381469727,14.850000381469727,14.199999809265137,14.300000190734863,50600,0.0,0.0
2011-02-10 00:00:00-05:00,14.220000267028809,14.539999961853027,14.119999885559082,14.460000038146973,43900,0.0,0.0
2011-02-11 00:00:00-05:00,14.539999961853027,14.800000190734863,14.449999809265137,14.699999809265137,64600,0.0,0.0
2011-02-14 00:00:00-05:00,14.75,14.989999771118164,14.729999542236328,14.800000190734863,235000,0.0,0.0
2011-02-15 00:00:00-05:00,14.800000190734863,14.890000343322754,14.710000038146973,14.75,60300,0.0,0.0
2011-02-16 00:00:00-05:00,14.729999542236328,14.9399995803833,14.720000267028809,14.869999885559082,162100,0.0,0.0
2011-02-17 00:00:00-05:00,14.869999885559082,14.869999885559082,13.649999618530273,14.09000015258789,282500,0.0,0.0
2011-02-18 00:00:00-05:00,14.100000381469727,14.710000038146973,14.010000228881836,14.600000381469727,106600,0.0,0.0
2011-02-22 00:00:00-05:00,14.489999771118164,14.59000015258789,14.1899995803833,14.3100004196167,45000,0.0,0.0
2011-02-23 00:00:00-05:00,14.289999961853027,14.289999961853027,13.350000381469727,13.760000228881836,94900,0.0,0.0
2011-02-24 00:00:00-05:00,13.84000015258789,14.0600004196167,13.760000228881836,14.0,64200,0.0,0.0
2011-02-25 00:00:00-05:00,14.0,14.100000381469727,13.899999618530273,14.100000381469727,36100,0.0,0.0
2011-02-28 00:00:00-05:00,14.100000381469727,14.300000190734863,14.0,14.25,41800,0.0,0.0
2011-03-01 00:00:00-05:00,14.260000228881836,14.279999732971191,14.0,14.170000076293945,40200,0.0,0.0
2011-03-02 00:00:00-05:00,14.149999618530273,14.25,14.0,14.100000381469727,52700,0.0,0.0
2011-03-03 00:00:00-05:00,14.229999542236328,14.229999542236328,13.430000305175781,14.199999809265137,45000,0.0,0.0
2011-03-04 00:00:00-05:00,14.210000038146973,14.229999542236328,13.890000343322754,14.100000381469727,15700,0.0,0.0
2011-03-07 00:00:00-05:00,14.109999656677246,14.229999542236328,13.399999618530273,13.460000038146973,84900,0.0,0.0
2011-03-08 00:00:00-05:00,13.15999984741211,13.869999885559082,13.0,13.569999694824219,82800,0.0,0.0
2011-03-09 00:00:00-05:00,13.5,13.609999656677246,13.329999923706055,13.529999732971191,114500,0.0,0.0
2011-03-10 00:00:00-05:00,13.5,13.9399995803833,13.399999618530273,13.479999542236328,23000,0.0,0.0
2011-03-11 00:00:00-05:00,13.529999732971191,14.180000305175781,13.520000457763672,14.0,63800,0.0,0.0
2011-03-14 00:00:00-04:00,14.0,14.0,13.5,13.680000305175781,34600,0.0,0.0
2011-03-15 00:00:00-04:00,13.84000015258789,13.84000015258789,13.350000381469727,13.649999618530273,33800,0.0,0.0
2011-03-16 00:00:00-04:00,13.649999618530273,13.6899995803833,13.539999961853027,13.59000015258789,32800,0.0,0.0
2011-03-17 00:00:00-04:00,13.729999542236328,13.739999771118164,13.5,13.539999961853027,56000,0.0,0.0
2011-03-18 00:00:00-04:00,13.710000038146973,13.729999542236328,13.5,13.65999984741211,88900,0.0,0.0
2011-03-21 00:00:00-04:00,13.760000228881836,13.789999961853027,13.619999885559082,13.779999732971191,56600,0.0,0.0
2011-03-22 00:00:00-04:00,13.819999694824219,13.989999771118164,13.619999885559082,13.949999809265137,30100,0.0,0.0
2011-03-23 00:00:00-04:00,13.970000267028809,14.020000457763672,13.850000381469727,14.020000457763672,39100,0.0,0.0
2011-03-24 00:00:00-04:00,14.020000457763672,14.1899995803833,13.920000076293945,14.069999694824219,65300,0.0,0.0
2011-03-25 00:00:00-04:00,14.069999694824219,14.15999984741211,13.859999656677246,13.90999984741211,46300,0.0,0.0
2011-03-28 00:00:00-04:00,13.75,13.789999961853027,13.25,13.420000076293945,78500,0.0,0.0
2011-03-29 00:00:00-04:00,13.4399995803833,14.149999618530273,13.430000305175781,13.880000114440918,124100,0.0,0.0
2011-03-30 00:00:00-04:00,13.949999809265137,14.100000381469727,13.829999923706055,14.020000457763672,24800,0.0,0.0
2011-03-31 00:00:00-04:00,14.0,14.140000343322754,13.890000343322754,13.979999542236328,36200,0.0,0.0
2011-04-01 00:00:00-04:00,14.0,14.050000190734863,13.869999885559082,13.880000114440918,23800,0.0,0.0
2011-04-04 00:00:00-04:00,13.899999618530273,14.199999809265137,13.899999618530273,14.170000076293945,62700,0.0,0.0
2011-04-05 00:00:00-04:00,14.210000038146973,14.670000076293945,14.109999656677246,14.5600004196167,69300,0.0,0.0
2011-04-06 00:00:00-04:00,14.640000343322754,15.0,14.609999656677246,14.6899995803833,52900,0.0,0.0
2011-04-07 00:00:00-04:00,14.720000267028809,14.869999885559082,14.630000114440918,14.630000114440918,17600,0.0,0.0
2011-04-08 00:00:00-04:00,14.6899995803833,14.869999885559082,14.100000381469727,14.180000305175781,26300,0.0,0.0
2011-04-11 00:00:00-04:00,14.130000114440918,14.220000267028809,13.5,13.529999732971191,28400,0.0,0.0
2011-04-12 00:00:00-04:00,13.529999732971191,13.579999923706055,13.079999923706055,13.569999694824219,61800,0.0,0.0
2011-04-13 00:00:00-04:00,13.600000381469727,13.640000343322754,13.40999984741211,13.600000381469727,45900,0.0,0.0
2011-04-14 00:00:00-04:00,13.539999961853027,13.930000305175781,13.479999542236328,13.619999885559082,30400,0.0,0.0
2011-04-15 00:00:00-04:00,13.65999984741211,13.8100004196167,13.529999732971191,13.600000381469727,15700,0.0,0.0
2011-04-18 00:00:00-04:00,13.460000038146973,13.729999542236328,13.460000038146973,13.520000457763672,31000,0.0,0.0
2011-04-19 00:00:00-04:00,13.510000228881836,13.779999732971191,12.949999809265137,13.520000457763672,37800,0.0,0.0
2011-04-20 00:00:00-04:00,13.65999984741211,13.789999961853027,13.529999732971191,13.6899995803833,23200,0.0,0.0
2011-04-21 00:00:00-04:00,13.670000076293945,13.899999618530273,13.670000076293945,13.8100004196167,11400,0.0,0.0
2011-04-25 00:00:00-04:00,13.770000457763672,13.920000076293945,13.399999618530273,13.619999885559082,36000,0.0,0.0
2011-04-26 00:00:00-04:00,13.25,13.760000228881836,12.949999809265137,13.630000114440918,74700,0.0,0.0
2011-04-27 00:00:00-04:00,13.420000076293945,13.649999618530273,13.420000076293945,13.600000381469727,33000,0.0,0.0
2011-04-28 00:00:00-04:00,13.569999694824219,13.75,13.40999984741211,13.460000038146973,47000,0.0,0.0
2011-04-29 00:00:00-04:00,13.5,14.170000076293945,13.279999732971191,13.90999984741211,59000,0.0,0.0
2011-05-02 00:00:00-04:00,13.90999984741211,13.90999984741211,13.5,13.729999542236328,42000,0.0,0.0
2011-05-03 00:00:00-04:00,13.5,14.140000343322754,13.5,13.75,48000,0.0,0.0
2011-05-04 00:00:00-04:00,13.729999542236328,14.130000114440918,13.710000038146973,13.779999732971191,38800,0.0,0.0
2011-05-05 00:00:00-04:00,13.770000457763672,14.25,13.600000381469727,13.739999771118164,83600,0.0,0.0
2011-05-06 00:00:00-04:00,13.880000114440918,14.010000228881836,13.569999694824219,13.960000038146973,26000,0.0,0.0
2011-05-09 00:00:00-04:00,14.25,14.949999809265137,14.25,14.649999618530273,201000,0.0,0.0
2011-05-10 00:00:00-04:00,14.680000305175781,14.829999923706055,14.649999618530273,14.829999923706055,110800,0.0,0.0
2011-05-11 00:00:00-04:00,14.850000381469727,14.9399995803833,14.649999618530273,14.930000305175781,94700,0.0,0.0
2011-05-12 00:00:00-04:00,14.930000305175781,14.949999809265137,14.75,14.84000015258789,28300,0.0,0.0
2011-05-13 00:00:00-04:00,14.869999885559082,14.899999618530273,14.789999961853027,14.829999923706055,39000,0.0,0.0
2011-05-16 00:00:00-04:00,14.90999984741211,14.90999984741211,14.300000190734863,14.510000228881836,54800,0.0,0.0
2011-05-17 00:00:00-04:00,14.449999809265137,14.569999694824219,14.039999961853027,14.25,77900,0.0,0.0
2011-05-18 00:00:00-04:00,14.239999771118164,14.869999885559082,14.239999771118164,14.850000381469727,38700,0.0,0.0
2011-05-19 00:00:00-04:00,14.899999618530273,15.510000228881836,14.880000114440918,15.489999771118164,220400,0.0,0.0
2011-05-20 00:00:00-04:00,15.550000190734863,15.649999618530273,15.390000343322754,15.449999809265137,100900,0.0,0.0
2011-05-23 00:00:00-04:00,15.329999923706055,15.479999542236328,15.220000267028809,15.319999694824219,69900,0.0,0.0
2011-05-24 00:00:00-04:00,15.399999618530273,15.65999984741211,15.329999923706055,15.550000190734863,77700,0.0,0.0
2011-05-25 00:00:00-04:00,15.510000228881836,15.550000190734863,15.109999656677246,15.149999618530273,59300,0.0,0.0
2011-05-26 00:00:00-04:00,15.100000381469727,15.149999618530273,14.449999809265137,14.699999809265137,79100,0.0,0.0
2011-05-27 00:00:00-04:00,14.869999885559082,15.420000076293945,14.859999656677246,15.239999771118164,61300,0.0,0.0
2011-05-31 00:00:00-04:00,15.390000343322754,15.710000038146973,15.239999771118164,15.350000381469727,197200,0.0,0.0
2011-06-01 00:00:00-04:00,15.369999885559082,15.859999656677246,15.350000381469727,15.619999885559082,149000,0.0,0.0
2011-06-02 00:00:00-04:00,15.569999694824219,15.779999732971191,15.399999618530273,15.529999732971191,78700,0.0,0.0
2011-06-03 00:00:00-04:00,15.420000076293945,15.649999618530273,15.130000114440918,15.229999542236328,38000,0.0,0.0
2011-06-06 00:00:00-04:00,15.180000305175781,15.59000015258789,15.020000457763672,15.0600004196167,36700,0.0,0.0
2011-06-07 00:00:00-04:00,15.0600004196167,15.199999809265137,14.720000267028809,15.029999732971191,29800,0.0,0.0
2011-06-08 00:00:00-04:00,15.029999732971191,15.25,14.949999809265137,15.25,34200,0.0,0.0
2011-06-09 00:00:00-04:00,15.229999542236328,15.729999542236328,15.229999542236328,15.460000038146973,36800,0.0,0.0
2011-06-10 00:00:00-04:00,15.479999542236328,15.550000190734863,14.770000457763672,15.399999618530273,84400,0.0,0.0
2011-06-13 00:00:00-04:00,15.289999961853027,15.680000305175781,14.600000381469727,14.960000038146973,92900,0.0,0.0
2011-06-14 00:00:00-04:00,14.989999771118164,15.119999885559082,14.8100004196167,15.020000457763672,55700,0.0,0.0
2011-06-15 00:00:00-04:00,14.930000305175781,15.010000228881836,14.720000267028809,15.010000228881836,42500,0.0,0.0
2011-06-16 00:00:00-04:00,14.960000038146973,14.960000038146973,14.75,14.84000015258789,47600,0.0,0.0
2011-06-17 00:00:00-04:00,14.869999885559082,14.869999885559082,14.510000228881836,14.670000076293945,61000,0.0,0.0
2011-06-20 00:00:00-04:00,14.619999885559082,14.75,14.5600004196167,14.630000114440918,45400,0.0,0.0
2011-06-21 00:00:00-04:00,14.680000305175781,15.0600004196167,14.670000076293945,14.9399995803833,62300,0.0,0.0
2011-06-22 00:00:00-04:00,14.960000038146973,14.960000038146973,14.510000228881836,14.75,43300,0.0,0.0
2011-06-23 00:00:00-04:00,14.670000076293945,14.890000343322754,14.510000228881836,14.850000381469727,74700,0.0,0.0
2011-06-24 00:00:00-04:00,14.869999885559082,15.239999771118164,14.680000305175781,14.729999542236328,1841300,0.0,0.0
2011-06-27 00:00:00-04:00,14.800000190734863,15.210000038146973,14.760000228881836,15.149999618530273,127200,0.0,0.0
2011-06-28 00:00:00-04:00,15.149999618530273,15.170000076293945,14.890000343322754,15.15999984741211,82400,0.0,0.0
2011-06-29 00:00:00-04:00,15.149999618530273,15.180000305175781,14.930000305175781,15.020000457763672,51100,0.0,0.0
2011-06-30 00:00:00-04:00,15.010000228881836,15.180000305175781,14.859999656677246,15.010000228881836,81000,0.0,0.0
2011-07-01 00:00:00-04:00,15.079999923706055,15.449999809265137,15.029999732971191,15.390000343322754,166200,0.0,0.0
2011-07-05 00:00:00-04:00,15.270000457763672,15.75,15.25,15.40999984741211,132700,0.0,0.0
2011-07-06 00:00:00-04:00,15.460000038146973,15.529999732971191,15.300000190734863,15.3100004196167,76600,0.0,0.0
2011-07-07 00:00:00-04:00,15.449999809265137,15.510000228881836,15.329999923706055,15.470000267028809,81400,0.0,0.0
2011-07-08 00:00:00-04:00,15.369999885559082,15.4399995803833,15.289999961853027,15.40999984741211,44900,0.0,0.0
2011-07-11 00:00:00-04:00,15.329999923706055,15.399999618530273,15.260000228881836,15.34000015258789,32300,0.0,0.0
2011-07-12 00:00:00-04:00,15.359999656677246,15.399999618530273,15.199999809265137,15.210000038146973,57300,0.0,0.0
2011-07-13 00:00:00-04:00,15.229999542236328,15.399999618530273,15.199999809265137,15.380000114440918,56200,0.0,0.0
2011-07-14 00:00:00-04:00,15.380000114440918,15.399999618530273,14.960000038146973,14.960000038146973,54100,0.0,0.0
2011-07-15 00:00:00-04:00,14.970000267028809,14.970000267028809,14.350000381469727,14.479999542236328,90300,0.0,0.0
2011-07-18 00:00:00-04:00,14.40999984741211,14.479999542236328,13.819999694824219,14.069999694824219,71000,0.0,0.0
2011-07-19 00:00:00-04:00,14.109999656677246,14.449999809265137,13.5600004196167,14.40999984741211,50300,0.0,0.0
2011-07-20 00:00:00-04:00,14.430000305175781,14.470000267028809,14.15999984741211,14.4399995803833,51900,0.0,0.0
2011-07-21 00:00:00-04:00,14.319999694824219,14.319999694824219,13.979999542236328,14.0600004196167,79500,0.0,0.0
2011-07-22 00:00:00-04:00,14.09000015258789,14.289999961853027,14.039999961853027,14.0600004196167,58300,0.0,0.0
2011-07-25 00:00:00-04:00,14.010000228881836,14.210000038146973,13.710000038146973,13.9399995803833,122400,0.0,0.0
2011-07-26 00:00:00-04:00,13.9399995803833,13.960000038146973,13.75,13.890000343322754,86100,0.0,0.0
2011-07-27 00:00:00-04:00,13.819999694824219,13.819999694824219,13.289999961853027,13.390000343322754,198000,0.0,0.0
2011-07-28 00:00:00-04:00,13.369999885559082,13.399999618530273,12.850000381469727,13.069999694824219,122200,0.0,0.0
2011-07-29 00:00:00-04:00,12.890000343322754,13.020000457763672,12.529999732971191,12.90999984741211,47600,0.0,0.0
2011-08-01 00:00:00-04:00,13.029999732971191,13.029999732971191,12.550000190734863,12.760000228881836,215300,0.0,0.0
2011-08-02 00:00:00-04:00,12.710000038146973,12.899999618530273,12.399999618530273,12.40999984741211,41600,0.0,0.0
2011-08-03 00:00:00-04:00,12.399999618530273,12.6899995803833,12.1899995803833,12.680000305175781,36100,0.0,0.0
2011-08-04 00:00:00-04:00,12.59000015258789,12.59000015258789,11.899999618530273,11.9399995803833,82000,0.0,0.0
2011-08-05 00:00:00-04:00,12.020000457763672,12.369999885559082,11.899999618530273,12.0600004196167,111400,0.0,0.0
2011-08-08 00:00:00-04:00,11.800000190734863,12.0,10.949999809265137,11.15999984741211,115200,0.0,0.0
2011-08-09 00:00:00-04:00,11.119999885559082,12.069999694824219,10.460000038146973,12.0,97100,0.0,0.0
2011-08-10 00:00:00-04:00,11.729999542236328,12.739999771118164,11.0,11.350000381469727,72400,0.0,0.0
2011-08-11 00:00:00-04:00,11.239999771118164,11.569999694824219,11.0,11.390000343322754,96900,0.0,0.0
2011-08-12 00:00:00-04:00,11.470000267028809,11.470000267028809,10.930000305175781,10.989999771118164,61900,0.0,0.0
2011-08-15 00:00:00-04:00,11.640000343322754,11.880000114440918,10.569999694824219,11.380000114440918,176500,0.0,0.0
2011-08-16 00:00:00-04:00,11.229999542236328,11.229999542236328,10.510000228881836,10.930000305175781,152200,0.0,0.0
2011-08-17 00:00:00-04:00,10.930000305175781,10.979999542236328,10.630000114440918,10.729999542236328,78900,0.0,0.0
2011-08-18 00:00:00-04:00,10.40999984741211,10.40999984741211,9.9399995803833,9.989999771118164,125300,0.0,0.0
2011-08-19 00:00:00-04:00,9.8100004196167,10.010000228881836,9.59000015258789,9.8100004196167,121400,0.0,0.0
2011-08-22 00:00:00-04:00,9.979999542236328,9.979999542236328,9.119999885559082,9.170000076293945,174500,0.0,0.0
2011-08-23 00:00:00-04:00,9.15999984741211,9.4399995803833,9.109999656677246,9.319999694824219,162400,0.0,0.0
2011-08-24 00:00:00-04:00,9.279999732971191,10.100000381469727,9.279999732971191,9.619999885559082,66400,0.0,0.0
2011-08-25 00:00:00-04:00,9.670000076293945,9.869999885559082,9.470000267028809,9.539999961853027,71900,0.0,0.0
2011-08-26 00:00:00-04:00,9.489999771118164,9.899999618530273,9.489999771118164,9.8100004196167,42700,0.0,0.0
2011-08-29 00:00:00-04:00,9.930000305175781,10.199999809265137,9.90999984741211,10.199999809265137,59500,0.0,0.0
2011-08-30 00:00:00-04:00,10.100000381469727,10.25,10.069999694824219,10.180000305175781,58500,0.0,0.0
2011-08-31 00:00:00-04:00,10.239999771118164,10.390000343322754,9.859999656677246,10.15999984741211,104800,0.0,0.0
2011-09-01 00:00:00-04:00,10.199999809265137,10.25,9.9399995803833,9.949999809265137,88800,0.0,0.0
2011-09-02 00:00:00-04:00,9.789999961853027,9.9399995803833,9.569999694824219,9.75,62100,0.0,0.0
2011-09-06 00:00:00-04:00,9.5,10.069999694824219,9.5,10.029999732971191,87800,0.0,0.0
2011-09-07 00:00:00-04:00,10.0,10.119999885559082,9.869999885559082,9.949999809265137,131400,0.0,0.0
2011-09-08 00:00:00-04:00,9.899999618530273,10.029999732971191,9.649999618530273,9.850000381469727,63400,0.0,0.0
2011-09-09 00:00:00-04:00,9.760000228881836,9.960000038146973,9.550000190734863,9.9399995803833,137700,0.0,0.0
2011-09-12 00:00:00-04:00,9.779999732971191,10.270000457763672,9.3100004196167,9.710000038146973,208900,0.0,0.0
2011-09-13 00:00:00-04:00,9.770000457763672,10.069999694824219,9.399999618530273,9.989999771118164,35900,0.0,0.0
2011-09-14 00:00:00-04:00,10.100000381469727,10.260000228881836,9.800000190734863,9.960000038146973,56400,0.0,0.0
2011-09-15 00:00:00-04:00,10.09000015258789,10.09000015258789,9.829999923706055,9.970000267028809,37900,0.0,0.0
2011-09-16 00:00:00-04:00,10.029999732971191,10.149999618530273,9.699999809265137,9.710000038146973,79300,0.0,0.0
2011-09-19 00:00:00-04:00,9.59000015258789,9.710000038146973,9.300000190734863,9.550000190734863,33000,0.0,0.0
2011-09-20 00:00:00-04:00,9.579999923706055,9.770000457763672,9.180000305175781,9.270000457763672,37300,0.0,0.0
2011-09-21 00:00:00-04:00,9.460000038146973,9.65999984741211,8.899999618530273,8.960000038146973,102000,0.0,0.0
2011-09-22 00:00:00-04:00,8.720000267028809,9.069999694824219,8.359999656677246,8.520000457763672,83500,0.0,0.0
2011-09-23 00:00:00-04:00,8.520000457763672,8.729999542236328,8.380000114440918,8.4399995803833,62700,0.0,0.0
2011-09-26 00:00:00-04:00,8.460000038146973,8.649999618530273,8.34000015258789,8.630000114440918,46600,0.0,0.0
2011-09-27 00:00:00-04:00,8.760000228881836,8.979999542236328,8.119999885559082,8.720000267028809,75000,0.0,0.0
2011-09-28 00:00:00-04:00,8.75,8.979999542236328,8.329999923706055,8.399999618530273,90600,0.0,0.0
2011-09-29 00:00:00-04:00,8.5600004196167,8.670000076293945,8.369999885559082,8.539999961853027,125800,0.0,0.0
2011-09-30 00:00:00-04:00,8.369999885559082,8.510000228881836,8.170000076293945,8.229999542236328,142600,0.0,0.0
2011-10-03 00:00:00-04:00,8.170000076293945,8.170000076293945,7.570000171661377,7.630000114440918,132700,0.0,0.0
2011-10-04 00:00:00-04:00,7.610000133514404,8.100000381469727,7.449999809265137,8.0600004196167,105300,0.0,0.0
2011-10-05 00:00:00-04:00,8.039999961853027,8.399999618530273,7.570000171661377,8.359999656677246,37100,0.0,0.0
2011-10-06 00:00:00-04:00,8.3100004196167,8.550000190734863,8.3100004196167,8.520000457763672,56200,0.0,0.0
2011-10-07 00:00:00-04:00,8.510000228881836,8.609999656677246,8.170000076293945,8.270000457763672,45800,0.0,0.0
2011-10-10 00:00:00-04:00,8.380000114440918,8.5,8.3100004196167,8.5,41200,0.0,0.0
2011-10-11 00:00:00-04:00,8.4399995803833,9.119999885559082,8.430000305175781,9.029999732971191,41600,0.0,0.0
2011-10-12 00:00:00-04:00,9.130000114440918,9.279999732971191,9.0,9.130000114440918,72500,0.0,0.0
2011-10-13 00:00:00-04:00,9.09000015258789,9.09000015258789,8.680000305175781,9.039999961853027,41300,0.0,0.0
2011-10-14 00:00:00-04:00,9.130000114440918,9.600000381469727,8.90999984741211,9.5600004196167,75900,0.0,0.0
2011-10-17 00:00:00-04:00,9.510000228881836,9.539999961853027,9.3100004196167,9.390000343322754,66400,0.0,0.0
2011-10-18 00:00:00-04:00,9.5600004196167,9.579999923706055,9.390000343322754,9.520000457763672,103900,0.0,0.0
2011-10-19 00:00:00-04:00,9.520000457763672,9.5600004196167,9.260000228881836,9.34000015258789,53200,0.0,0.0
2011-10-20 00:00:00-04:00,9.369999885559082,9.479999542236328,9.15999984741211,9.40999984741211,28500,0.0,0.0
2011-10-21 00:00:00-04:00,9.529999732971191,9.569999694824219,9.359999656677246,9.4399995803833,98000,0.0,0.0
2011-10-24 00:00:00-04:00,9.470000267028809,9.539999961853027,9.09000015258789,9.529999732971191,143500,0.0,0.0
2011-10-25 00:00:00-04:00,9.510000228881836,9.5600004196167,9.329999923706055,9.369999885559082,58600,0.0,0.0
2011-10-26 00:00:00-04:00,9.529999732971191,9.649999618530273,9.390000343322754,9.619999885559082,51700,0.0,0.0
2011-10-27 00:00:00-04:00,9.899999618530273,10.279999732971191,9.899999618530273,10.220000267028809,93000,0.0,0.0
2011-10-28 00:00:00-04:00,10.140000343322754,10.420000076293945,10.0,10.140000343322754,32400,0.0,0.0
2011-10-31 00:00:00-04:00,9.989999771118164,10.100000381469727,9.84000015258789,9.920000076293945,30600,0.0,0.0
2011-11-01 00:00:00-04:00,9.59000015258789,9.760000228881836,9.0,9.449999809265137,48700,0.0,0.0
2011-11-02 00:00:00-04:00,9.579999923706055,9.989999771118164,9.170000076293945,9.319999694824219,110900,0.0,0.0
2011-11-03 00:00:00-04:00,9.359999656677246,9.729999542236328,9.199999809265137,9.489999771118164,37900,0.0,0.0
2011-11-04 00:00:00-04:00,9.380000114440918,9.380000114440918,9.050000190734863,9.260000228881836,21200,0.0,0.0
2011-11-07 00:00:00-05:00,9.279999732971191,9.279999732971191,8.770000457763672,9.199999809265137,43700,0.0,0.0
2011-11-08 00:00:00-05:00,9.3100004196167,9.65999984741211,9.180000305175781,9.640000343322754,28600,0.0,0.0
2011-11-09 00:00:00-05:00,9.350000381469727,9.619999885559082,9.020000457763672,9.050000190734863,44800,0.0,0.0
2011-11-10 00:00:00-05:00,9.180000305175781,9.300000190734863,8.729999542236328,8.770000457763672,66900,0.0,0.0
2011-11-11 00:00:00-05:00,8.8100004196167,9.229999542236328,8.630000114440918,8.779999732971191,188600,0.0,0.0
2011-11-14 00:00:00-05:00,8.779999732971191,8.90999984741211,8.479999542236328,8.579999923706055,55900,0.0,0.0
2011-11-15 00:00:00-05:00,8.0600004196167,8.800000190734863,8.050000190734863,8.779999732971191,77400,0.0,0.0
2011-11-16 00:00:00-05:00,8.680000305175781,8.880000114440918,8.449999809265137,8.489999771118164,75600,0.0,0.0
2011-11-17 00:00:00-05:00,8.5,8.630000114440918,7.940000057220459,8.029999732971191,78100,0.0,0.0
2011-11-18 00:00:00-05:00,8.100000381469727,8.140000343322754,7.949999809265137,7.989999771118164,48200,0.0,0.0
2011-11-21 00:00:00-05:00,7.849999904632568,8.050000190734863,7.849999904632568,8.0,37400,0.0,0.0
2011-11-22 00:00:00-05:00,7.980000019073486,8.020000457763672,7.650000095367432,7.710000038146973,201700,0.0,0.0
2011-11-23 00:00:00-05:00,7.690000057220459,7.730000019073486,6.880000114440918,7.239999771118164,229600,0.0,0.0
2011-11-25 00:00:00-05:00,7.190000057220459,7.320000171661377,7.150000095367432,7.230000019073486,18800,0.0,0.0
2011-11-28 00:00:00-05:00,7.380000114440918,7.53000020980835,7.269999980926514,7.360000133514404,41600,0.0,0.0
2011-11-29 00:00:00-05:00,7.369999885559082,7.369999885559082,7.21999979019165,7.269999980926514,23000,0.0,0.0
2011-11-30 00:00:00-05:00,7.53000020980835,7.53000020980835,7.400000095367432,7.429999828338623,69500,0.0,0.0
2011-12-01 00:00:00-05:00,7.429999828338623,7.550000190734863,7.320000171661377,7.329999923706055,46200,0.0,0.0
2011-12-02 00:00:00-05:00,7.409999847412109,7.539999961853027,7.210000038146973,7.300000190734863,70600,0.0,0.0
2011-12-05 00:00:00-05:00,7.400000095367432,7.420000076293945,7.210000038146973,7.25,57400,0.0,0.0
2011-12-06 00:00:00-05:00,7.25,7.349999904632568,7.199999809265137,7.21999979019165,73000,0.0,0.0
2011-12-07 00:00:00-05:00,7.190000057220459,7.360000133514404,6.960000038146973,7.170000076293945,115000,0.0,0.0
2011-12-08 00:00:00-05:00,7.070000171661377,7.349999904632568,6.940000057220459,6.980000019073486,83500,0.0,0.0
2011-12-09 00:00:00-05:00,7.03000020980835,7.139999866485596,6.860000133514404,7.050000190734863,67200,0.0,0.0
2011-12-12 00:00:00-05:00,6.960000038146973,7.099999904632568,6.820000171661377,7.039999961853027,88000,0.0,0.0
2011-12-13 00:00:00-05:00,7.090000152587891,7.139999866485596,6.849999904632568,6.849999904632568,82100,0.0,0.0
2011-12-14 00:00:00-05:00,6.820000171661377,6.860000133514404,6.760000228881836,6.849999904632568,63900,0.0,0.0
2011-12-15 00:00:00-05:00,6.949999809265137,6.949999809265137,6.699999809265137,6.75,190400,0.0,0.0
2011-12-16 00:00:00-05:00,6.75,6.800000190734863,6.710000038146973,6.75,312000,0.0,0.0
2011-12-19 00:00:00-05:00,6.840000152587891,7.119999885559082,6.840000152587891,7.03000020980835,73400,0.0,0.0
2011-12-20 00:00:00-05:00,7.210000038146973,7.340000152587891,7.03000020980835,7.300000190734863,176500,0.0,0.0
2011-12-21 00:00:00-05:00,7.340000152587891,7.5,7.230000019073486,7.349999904632568,130600,0.0,0.0
2011-12-22 00:00:00-05:00,7.420000076293945,7.420000076293945,7.289999961853027,7.340000152587891,29700,0.0,0.0
2011-12-23 00:00:00-05:00,7.400000095367432,7.409999847412109,7.340000152587891,7.389999866485596,44800,0.0,0.0
2011-12-27 00:00:00-05:00,7.369999885559082,7.480000019073486,7.25,7.429999828338623,56500,0.0,0.0
2011-12-28 00:00:00-05:00,7.400000095367432,7.460000038146973,7.320000171661377,7.340000152587891,36200,0.0,0.0
2011-12-29 00:00:00-05:00,7.360000133514404,7.519999980926514,7.360000133514404,7.489999771118164,28900,0.0,0.0
2011-12-30 00:00:00-05:00,7.449999809265137,7.579999923706055,7.449999809265137,7.5,33700,0.0,0.0
2012-01-03 00:00:00-05:00,7.670000076293945,7.75,7.519999980926514,7.599999904632568,41500,0.0,0.0
2012-01-04 00:00:00-05:00,7.550000190734863,7.550000190734863,7.340000152587891,7.349999904632568,100800,0.0,0.0
2012-01-05 00:00:00-05:00,7.309999942779541,7.320000171661377,7.0,7.170000076293945,67300,0.0,0.0
2012-01-06 00:00:00-05:00,7.150000095367432,7.150000095367432,7.0,7.090000152587891,52900,0.0,0.0
2012-01-09 00:00:00-05:00,7.090000152587891,7.090000152587891,6.949999809265137,7.059999942779541,39600,0.0,0.0
2012-01-10 00:00:00-05:00,7.059999942779541,7.099999904632568,6.960000038146973,7.059999942779541,55500,0.0,0.0
2012-01-11 00:00:00-05:00,7.050000190734863,7.059999942779541,7.010000228881836,7.03000020980835,22400,0.0,0.0
2012-01-12 00:00:00-05:00,7.039999961853027,7.039999961853027,6.960000038146973,7.0,36800,0.0,0.0
2012-01-13 00:00:00-05:00,6.929999828338623,7.0,6.929999828338623,6.960000038146973,20200,0.0,0.0
2012-01-17 00:00:00-05:00,6.980000019073486,7.059999942779541,6.480000019073486,6.619999885559082,100700,0.0,0.0
2012-01-18 00:00:00-05:00,6.630000114440918,6.679999828338623,6.329999923706055,6.650000095367432,102700,0.0,0.0
2012-01-19 00:00:00-05:00,6.650000095367432,6.75,6.639999866485596,6.730000019073486,34500,0.0,0.0
2012-01-20 00:00:00-05:00,6.699999809265137,7.199999809265137,6.699999809265137,7.139999866485596,178500,0.0,0.0
2012-01-23 00:00:00-05:00,7.139999866485596,7.179999828338623,7.119999885559082,7.139999866485596,46200,0.0,0.0
2012-01-24 00:00:00-05:00,7.119999885559082,7.190000057220459,7.070000171661377,7.139999866485596,62700,0.0,0.0
2012-01-25 00:00:00-05:00,7.130000114440918,7.179999828338623,7.099999904632568,7.130000114440918,50400,0.0,0.0
2012-01-26 00:00:00-05:00,7.170000076293945,7.170000076293945,6.949999809265137,7.0,127700,0.0,0.0
2012-01-27 00:00:00-05:00,6.989999771118164,7.0,6.800000190734863,6.829999923706055,78800,0.0,0.0
2012-01-30 00:00:00-05:00,6.760000228881836,6.760000228881836,6.429999828338623,6.610000133514404,49100,0.0,0.0
2012-01-31 00:00:00-05:00,6.650000095367432,6.659999847412109,6.340000152587891,6.420000076293945,70600,0.0,0.0
2012-02-01 00:00:00-05:00,6.489999771118164,6.809999942779541,6.489999771118164,6.690000057220459,74900,0.0,0.0
2012-02-02 00:00:00-05:00,6.670000076293945,6.800000190734863,6.579999923706055,6.630000114440918,184300,0.0,0.0
2012-02-03 00:00:00-05:00,6.710000038146973,6.889999866485596,6.659999847412109,6.75,193800,0.0,0.0
2012-02-06 00:00:00-05:00,6.739999771118164,7.03000020980835,6.739999771118164,6.809999942779541,154800,0.0,0.0
2012-02-07 00:00:00-05:00,6.809999942779541,7.050000190734863,6.789999961853027,7.03000020980835,107400,0.0,0.0
2012-02-08 00:00:00-05:00,7.050000190734863,7.320000171661377,7.050000190734863,7.130000114440918,45400,0.0,0.0
2012-02-09 00:00:00-05:00,7.110000133514404,7.179999828338623,6.909999847412109,7.019999980926514,105600,0.0,0.0
2012-02-10 00:00:00-05:00,6.940000057220459,7.150000095367432,6.789999961853027,6.889999866485596,77400,0.0,0.0
2012-02-13 00:00:00-05:00,6.980000019073486,7.75,6.980000019073486,7.730000019073486,255900,0.0,0.0
2012-02-14 00:00:00-05:00,7.699999809265137,7.820000171661377,7.480000019073486,7.71999979019165,185300,0.0,0.0
2012-02-15 00:00:00-05:00,7.71999979019165,7.989999771118164,7.579999923706055,7.800000190734863,134800,0.0,0.0
2012-02-16 00:00:00-05:00,7.769999980926514,8.039999961853027,7.650000095367432,8.010000228881836,70600,0.0,0.0
2012-02-17 00:00:00-05:00,8.0,8.199999809265137,7.96999979019165,8.029999732971191,47500,0.0,0.0
2012-02-21 00:00:00-05:00,8.079999923706055,8.300000190734863,8.050000190734863,8.050000190734863,47500,0.0,0.0
2012-02-22 00:00:00-05:00,8.0600004196167,8.1899995803833,8.050000190734863,8.140000343322754,72500,0.0,0.0
2012-02-23 00:00:00-05:00,8.149999618530273,8.5,8.100000381469727,8.4399995803833,54300,0.0,0.0
2012-02-24 00:00:00-05:00,8.460000038146973,8.5600004196167,8.350000381469727,8.399999618530273,39000,0.0,0.0
2012-02-27 00:00:00-05:00,8.369999885559082,8.520000457763672,8.260000228881836,8.40999984741211,26800,0.0,0.0
2012-02-28 00:00:00-05:00,8.359999656677246,8.359999656677246,8.199999809265137,8.319999694824219,26300,0.0,0.0
2012-02-29 00:00:00-05:00,8.350000381469727,8.420000076293945,8.15999984741211,8.25,70000,0.0,0.0
2012-03-01 00:00:00-05:00,8.329999923706055,8.609999656677246,8.300000190734863,8.550000190734863,56300,0.0,0.0
2012-03-02 00:00:00-05:00,8.569999694824219,8.880000114440918,8.319999694824219,8.350000381469727,116700,0.0,0.0
2012-03-05 00:00:00-05:00,8.359999656677246,8.5,8.220000267028809,8.460000038146973,75300,0.0,0.0
2012-03-06 00:00:00-05:00,8.369999885559082,8.369999885559082,8.079999923706055,8.149999618530273,84400,0.0,0.0
2012-03-07 00:00:00-05:00,8.229999542236328,9.109999656677246,8.180000305175781,9.079999923706055,180800,0.0,0.0
2012-03-08 00:00:00-05:00,9.149999618530273,9.149999618530273,8.699999809265137,8.989999771118164,120400,0.0,0.0
2012-03-09 00:00:00-05:00,8.970000267028809,9.069999694824219,8.800000190734863,8.869999885559082,95400,0.0,0.0
2012-03-12 00:00:00-04:00,8.899999618530273,9.1899995803833,8.75,9.0600004196167,90500,0.0,0.0
2012-03-13 00:00:00-04:00,9.15999984741211,9.279999732971191,9.0600004196167,9.180000305175781,81100,0.0,0.0
2012-03-14 00:00:00-04:00,9.1899995803833,9.199999809265137,9.020000457763672,9.079999923706055,32600,0.0,0.0
2012-03-15 00:00:00-04:00,9.140000343322754,9.1899995803833,9.050000190734863,9.180000305175781,56400,0.0,0.0
2012-03-16 00:00:00-04:00,9.170000076293945,9.170000076293945,9.039999961853027,9.100000381469727,64700,0.0,0.0
2012-03-19 00:00:00-04:00,9.0600004196167,9.180000305175781,8.869999885559082,9.119999885559082,49400,0.0,0.0
2012-03-20 00:00:00-04:00,9.0600004196167,9.100000381469727,9.010000228881836,9.039999961853027,36400,0.0,0.0
2012-03-21 00:00:00-04:00,8.59000015258789,9.149999618530273,8.59000015258789,9.109999656677246,39500,0.0,0.0
2012-03-22 00:00:00-04:00,8.979999542236328,9.1899995803833,8.979999542236328,9.109999656677246,16600,0.0,0.0
2012-03-23 00:00:00-04:00,9.119999885559082,9.460000038146973,9.0600004196167,9.380000114440918,35300,0.0,0.0
2012-03-26 00:00:00-04:00,9.510000228881836,10.039999961853027,9.300000190734863,9.949999809265137,78100,0.0,0.0
2012-03-27 00:00:00-04:00,9.960000038146973,10.100000381469727,9.850000381469727,9.859999656677246,30300,0.0,0.0
2012-03-28 00:00:00-04:00,9.529999732971191,10.050000190734863,9.529999732971191,9.930000305175781,125000,0.0,0.0
2012-03-29 00:00:00-04:00,9.869999885559082,9.970000267028809,9.729999542236328,9.84000015258789,31500,0.0,0.0
2012-03-30 00:00:00-04:00,9.949999809265137,9.949999809265137,9.619999885559082,9.619999885559082,44300,0.0,0.0
2012-04-02 00:00:00-04:00,9.550000190734863,9.949999809265137,9.550000190734863,9.890000343322754,45900,0.0,0.0
2012-04-03 00:00:00-04:00,9.819999694824219,9.949999809265137,9.720000267028809,9.739999771118164,33800,0.0,0.0
2012-04-04 00:00:00-04:00,9.630000114440918,9.8100004196167,9.5,9.739999771118164,45900,0.0,0.0
2012-04-05 00:00:00-04:00,9.699999809265137,9.970000267028809,9.630000114440918,9.8100004196167,55300,0.0,0.0
2012-04-09 00:00:00-04:00,9.609999656677246,9.869999885559082,9.579999923706055,9.59000015258789,46900,0.0,0.0
2012-04-10 00:00:00-04:00,9.579999923706055,9.649999618530273,8.970000267028809,9.239999771118164,89200,0.0,0.0
2012-04-11 00:00:00-04:00,9.359999656677246,9.880000114440918,9.329999923706055,9.850000381469727,64000,0.0,0.0
2012-04-12 00:00:00-04:00,9.880000114440918,9.90999984741211,9.699999809265137,9.789999961853027,27200,0.0,0.0
2012-04-13 00:00:00-04:00,9.710000038146973,9.869999885559082,9.520000457763672,9.6899995803833,46700,0.0,0.0
2012-04-16 00:00:00-04:00,9.760000228881836,9.829999923706055,9.609999656677246,9.800000190734863,24500,0.0,0.0
2012-04-17 00:00:00-04:00,9.880000114440918,10.0,9.779999732971191,9.90999984741211,24400,0.0,0.0
2012-04-18 00:00:00-04:00,9.829999923706055,9.920000076293945,9.720000267028809,9.720000267028809,26800,0.0,0.0
2012-04-19 00:00:00-04:00,9.770000457763672,9.930000305175781,9.600000381469727,9.649999618530273,49600,0.0,0.0
2012-04-20 00:00:00-04:00,9.850000381469727,9.850000381469727,7.900000095367432,8.170000076293945,725100,0.0,0.0
2012-04-23 00:00:00-04:00,8.09000015258789,8.09000015258789,7.78000020980835,7.840000152587891,86100,0.0,0.0
2012-04-24 00:00:00-04:00,7.869999885559082,8.050000190734863,7.75,7.900000095367432,145900,0.0,0.0
2012-04-25 00:00:00-04:00,7.989999771118164,8.039999961853027,7.730000019073486,7.789999961853027,86700,0.0,0.0
2012-04-26 00:00:00-04:00,7.75,8.119999885559082,7.659999847412109,7.909999847412109,62400,0.0,0.0
2012-04-27 00:00:00-04:00,7.920000076293945,7.940000057220459,7.769999980926514,7.829999923706055,55400,0.0,0.0
2012-04-30 00:00:00-04:00,7.820000171661377,7.889999866485596,7.53000020980835,7.559999942779541,87000,0.0,0.0
2012-05-01 00:00:00-04:00,7.53000020980835,7.960000038146973,7.5,7.849999904632568,72000,0.0,0.0
2012-05-02 00:00:00-04:00,7.769999980926514,7.789999961853027,7.579999923706055,7.739999771118164,94700,0.0,0.0
2012-05-03 00:00:00-04:00,7.71999979019165,7.730000019073486,7.510000228881836,7.610000133514404,48000,0.0,0.0
2012-05-04 00:00:00-04:00,7.559999942779541,7.639999866485596,7.380000114440918,7.489999771118164,63800,0.0,0.0
2012-05-07 00:00:00-04:00,7.440000057220459,7.730000019073486,7.340000152587891,7.639999866485596,43000,0.0,0.0
2012-05-08 00:00:00-04:00,7.570000171661377,7.739999771118164,7.369999885559082,7.690000057220459,54400,0.0,0.0
2012-05-09 00:00:00-04:00,7.599999904632568,7.699999809265137,7.380000114440918,7.610000133514404,26000,0.0,0.0
2012-05-10 00:00:00-04:00,7.650000095367432,7.650000095367432,7.409999847412109,7.440000057220459,81000,0.0,0.0
2012-05-11 00:00:00-04:00,7.360000133514404,7.420000076293945,7.210000038146973,7.260000228881836,45400,0.0,0.0
2012-05-14 00:00:00-04:00,7.320000171661377,7.409999847412109,6.570000171661377,6.679999828338623,185800,0.0,0.0
2012-05-15 00:00:00-04:00,6.699999809265137,6.889999866485596,6.179999828338623,6.190000057220459,110000,0.0,0.0
2012-05-16 00:00:00-04:00,6.239999771118164,6.28000020980835,5.829999923706055,5.849999904632568,85600,0.0,0.0
2012-05-17 00:00:00-04:00,5.849999904632568,5.860000133514404,5.670000076293945,5.71999979019165,52600,0.0,0.0
2012-05-18 00:00:00-04:00,5.710000038146973,5.710000038146973,5.400000095367432,5.420000076293945,87900,0.0,0.0
2012-05-21 00:00:00-04:00,5.449999809265137,5.480000019073486,5.300000190734863,5.360000133514404,95800,0.0,0.0
2012-05-22 00:00:00-04:00,5.329999923706055,5.400000095367432,5.019999980926514,5.070000171661377,128000,0.0,0.0
2012-05-23 00:00:00-04:00,4.989999771118164,5.099999904632568,4.929999828338623,4.989999771118164,159000,0.0,0.0
2012-05-24 00:00:00-04:00,4.980000019073486,4.989999771118164,4.599999904632568,4.639999866485596,128900,0.0,0.0
2012-05-25 00:00:00-04:00,4.630000114440918,4.630000114440918,4.360000133514404,4.369999885559082,109600,0.0,0.0
2012-05-29 00:00:00-04:00,4.360000133514404,4.619999885559082,4.21999979019165,4.590000152587891,68300,0.0,0.0
2012-05-30 00:00:00-04:00,4.550000190734863,4.670000076293945,4.449999809265137,4.46999979019165,69400,0.0,0.0
2012-05-31 00:00:00-04:00,4.519999980926514,4.519999980926514,4.25,4.320000171661377,94800,0.0,0.0
2012-06-01 00:00:00-04:00,4.139999866485596,4.369999885559082,4.130000114440918,4.25,86400,0.0,0.0
2012-06-04 00:00:00-04:00,4.289999961853027,4.380000114440918,4.159999847412109,4.25,128100,0.0,0.0
2012-06-05 00:00:00-04:00,4.239999771118164,4.329999923706055,4.170000076293945,4.289999961853027,57000,0.0,0.0
2012-06-06 00:00:00-04:00,4.340000152587891,4.510000228881836,4.309999942779541,4.510000228881836,65600,0.0,0.0
2012-06-07 00:00:00-04:00,4.599999904632568,4.760000228881836,4.170000076293945,4.289999961853027,136900,0.0,0.0
2012-06-08 00:00:00-04:00,4.289999961853027,4.420000076293945,4.119999885559082,4.320000171661377,123700,0.0,0.0
2012-06-11 00:00:00-04:00,4.360000133514404,4.46999979019165,4.139999866485596,4.269999980926514,75800,0.0,0.0
2012-06-12 00:00:00-04:00,4.300000190734863,4.360000133514404,4.159999847412109,4.269999980926514,58200,0.0,0.0
2012-06-13 00:00:00-04:00,4.329999923706055,4.619999885559082,4.050000190734863,4.369999885559082,149800,0.0,0.0
2012-06-14 00:00:00-04:00,4.360000133514404,4.670000076293945,4.159999847412109,4.21999979019165,93000,0.0,0.0
2012-06-15 00:00:00-04:00,4.190000057220459,4.190000057220459,4.059999942779541,4.119999885559082,73800,0.0,0.0
2012-06-18 00:00:00-04:00,4.099999904632568,4.179999828338623,4.050000190734863,4.150000095367432,89100,0.0,0.0
2012-06-19 00:00:00-04:00,4.130000114440918,4.300000190734863,4.130000114440918,4.21999979019165,91500,0.0,0.0
2012-06-20 00:00:00-04:00,4.25,4.349999904632568,4.190000057220459,4.210000038146973,39400,0.0,0.0
2012-06-21 00:00:00-04:00,4.170000076293945,4.21999979019165,4.090000152587891,4.139999866485596,150200,0.0,0.0
2012-06-22 00:00:00-04:00,4.150000095367432,4.409999847412109,4.039999961853027,4.340000152587891,1662300,0.0,0.0
2012-06-25 00:00:00-04:00,4.25,4.420000076293945,4.159999847412109,4.190000057220459,86100,0.0,0.0
2012-06-26 00:00:00-04:00,4.150000095367432,4.449999809265137,4.150000095367432,4.349999904632568,106900,0.0,0.0
2012-06-27 00:00:00-04:00,4.289999961853027,4.349999904632568,4.150000095367432,4.28000020980835,76000,0.0,0.0
2012-06-28 00:00:00-04:00,4.260000228881836,4.340000152587891,4.199999809265137,4.230000019073486,70500,0.0,0.0
2012-06-29 00:00:00-04:00,4.130000114440918,4.510000228881836,4.130000114440918,4.489999771118164,93600,0.0,0.0
2012-07-02 00:00:00-04:00,4.489999771118164,4.489999771118164,4.320000171661377,4.420000076293945,37700,0.0,0.0
2012-07-03 00:00:00-04:00,4.460000038146973,4.510000228881836,4.329999923706055,4.5,38000,0.0,0.0
2012-07-05 00:00:00-04:00,4.5,4.829999923706055,4.460000038146973,4.809999942779541,218600,0.0,0.0
2012-07-06 00:00:00-04:00,4.75,4.789999961853027,4.519999980926514,4.639999866485596,94500,0.0,0.0
2012-07-09 00:00:00-04:00,4.610000133514404,4.619999885559082,4.360000133514404,4.389999866485596,48600,0.0,0.0
2012-07-10 00:00:00-04:00,4.389999866485596,4.449999809265137,4.099999904632568,4.239999771118164,81700,0.0,0.0
2012-07-11 00:00:00-04:00,4.239999771118164,4.400000095367432,4.170000076293945,4.320000171661377,47100,0.0,0.0
2012-07-12 00:00:00-04:00,4.239999771118164,4.329999923706055,4.099999904632568,4.190000057220459,130200,0.0,0.0
2012-07-13 00:00:00-04:00,4.190000057220459,4.269999980926514,4.039999961853027,4.119999885559082,89900,0.0,0.0
2012-07-16 00:00:00-04:00,4.059999942779541,4.099999904632568,3.9600000381469727,4.039999961853027,112300,0.0,0.0
2012-07-17 00:00:00-04:00,4.050000190734863,4.21999979019165,4.03000020980835,4.059999942779541,120900,0.0,0.0
2012-07-18 00:00:00-04:00,4.010000228881836,4.159999847412109,3.9700000286102295,4.150000095367432,67000,0.0,0.0
2012-07-19 00:00:00-04:00,4.130000114440918,4.150000095367432,4.019999980926514,4.099999904632568,41300,0.0,0.0
2012-07-20 00:00:00-04:00,4.110000133514404,4.190000057220459,4.010000228881836,4.190000057220459,36100,0.0,0.0
2012-07-23 00:00:00-04:00,4.079999923706055,4.139999866485596,4.019999980926514,4.059999942779541,28600,0.0,0.0
2012-07-24 00:00:00-04:00,4.070000171661377,4.119999885559082,4.039999961853027,4.079999923706055,31000,0.0,0.0
2012-07-25 00:00:00-04:00,4.079999923706055,4.25,4.079999923706055,4.210000038146973,43000,0.0,0.0
2012-07-26 00:00:00-04:00,4.239999771118164,4.699999809265137,4.21999979019165,4.590000152587891,53100,0.0,0.0
2012-07-27 00:00:00-04:00,4.650000095367432,4.659999847412109,4.28000020980835,4.579999923706055,69600,0.0,0.0
2012-07-30 00:00:00-04:00,4.550000190734863,4.690000057220459,4.400000095367432,4.489999771118164,17000,0.0,0.0
2012-07-31 00:00:00-04:00,4.489999771118164,4.550000190734863,4.230000019073486,4.449999809265137,39500,0.0,0.0
2012-08-01 00:00:00-04:00,4.480000019073486,4.639999866485596,4.349999904632568,4.409999847412109,65400,0.0,0.0
2012-08-02 00:00:00-04:00,4.340000152587891,4.539999961853027,4.340000152587891,4.460000038146973,19200,0.0,0.0
2012-08-03 00:00:00-04:00,4.550000190734863,4.760000228881836,4.320000171661377,4.380000114440918,24000,0.0,0.0
2012-08-06 00:00:00-04:00,4.429999828338623,4.519999980926514,4.349999904632568,4.420000076293945,10600,0.0,0.0
2012-08-07 00:00:00-04:00,4.420000076293945,4.5,4.369999885559082,4.489999771118164,30200,0.0,0.0
2012-08-08 00:00:00-04:00,4.429999828338623,4.579999923706055,4.349999904632568,4.440000057220459,27100,0.0,0.0
2012-08-09 00:00:00-04:00,4.400000095367432,4.539999961853027,4.360000133514404,4.360000133514404,15300,0.0,0.0
2012-08-10 00:00:00-04:00,4.300000190734863,4.409999847412109,4.300000190734863,4.380000114440918,32200,0.0,0.0
2012-08-13 00:00:00-04:00,4.329999923706055,4.53000020980835,4.329999923706055,4.449999809265137,12500,0.0,0.0
2012-08-14 00:00:00-04:00,4.409999847412109,4.5,4.260000228881836,4.289999961853027,31400,0.0,0.0
2012-08-15 00:00:00-04:00,4.21999979019165,4.400000095367432,4.21999979019165,4.400000095367432,19600,0.0,0.0
2012-08-16 00:00:00-04:00,4.349999904632568,4.449999809265137,4.300000190734863,4.429999828338623,12600,0.0,0.0
2012-08-17 00:00:00-04:00,4.409999847412109,4.46999979019165,4.230000019073486,4.46999979019165,20000,0.0,0.0
2012-08-20 00:00:00-04:00,4.460000038146973,4.510000228881836,4.380000114440918,4.460000038146973,10300,0.0,0.0
2012-08-21 00:00:00-04:00,4.409999847412109,4.440000057220459,4.289999961853027,4.329999923706055,63300,0.0,0.0
2012-08-22 00:00:00-04:00,4.320000171661377,4.380000114440918,4.260000228881836,4.320000171661377,22200,0.0,0.0
2012-08-23 00:00:00-04:00,4.309999942779541,4.53000020980835,4.289999961853027,4.53000020980835,67500,0.0,0.0
2012-08-24 00:00:00-04:00,4.559999942779541,4.889999866485596,4.559999942779541,4.630000114440918,98900,0.0,0.0
2012-08-27 00:00:00-04:00,4.659999847412109,5.159999847412109,4.659999847412109,4.940000057220459,153400,0.0,0.0
2012-08-28 00:00:00-04:00,4.929999828338623,5.070000171661377,4.849999904632568,4.900000095367432,21200,0.0,0.0
2012-08-29 00:00:00-04:00,4.900000095367432,4.989999771118164,4.900000095367432,4.909999847412109,51300,0.0,0.0
2012-08-30 00:00:00-04:00,4.900000095367432,4.980000019073486,4.800000190734863,4.920000076293945,87500,0.0,0.0
2012-08-31 00:00:00-04:00,4.96999979019165,5.110000133514404,4.75,4.849999904632568,87800,0.0,0.0
2012-09-04 00:00:00-04:00,4.820000171661377,5.0,4.699999809265137,4.809999942779541,61000,0.0,0.0
2012-09-05 00:00:00-04:00,4.809999942779541,4.920000076293945,4.650000095367432,4.679999828338623,30800,0.0,0.0
2012-09-06 00:00:00-04:00,4.730000019073486,4.78000020980835,4.610000133514404,4.619999885559082,16800,0.0,0.0
2012-09-07 00:00:00-04:00,4.619999885559082,4.739999771118164,4.619999885559082,4.699999809265137,20000,0.0,0.0
2012-09-10 00:00:00-04:00,4.659999847412109,4.710000038146973,4.579999923706055,4.599999904632568,41700,0.0,0.0
2012-09-11 00:00:00-04:00,4.539999961853027,4.579999923706055,4.429999828338623,4.539999961853027,57900,0.0,0.0
2012-09-12 00:00:00-04:00,4.579999923706055,4.909999847412109,4.579999923706055,4.730000019073486,39200,0.0,0.0
2012-09-13 00:00:00-04:00,4.730000019073486,4.989999771118164,4.730000019073486,4.820000171661377,62200,0.0,0.0
2012-09-14 00:00:00-04:00,4.829999923706055,4.96999979019165,4.699999809265137,4.739999771118164,14300,0.0,0.0
2012-09-17 00:00:00-04:00,4.75,4.769999980926514,4.579999923706055,4.610000133514404,17000,0.0,0.0
2012-09-18 00:00:00-04:00,4.599999904632568,4.710000038146973,4.53000020980835,4.659999847412109,12800,0.0,0.0
2012-09-19 00:00:00-04:00,4.630000114440918,4.639999866485596,4.559999942779541,4.610000133514404,24100,0.0,0.0
2012-09-20 00:00:00-04:00,4.610000133514404,4.659999847412109,4.53000020980835,4.570000171661377,47500,0.0,0.0
2012-09-21 00:00:00-04:00,4.599999904632568,4.699999809265137,4.559999942779541,4.590000152587891,68500,0.0,0.0
2012-09-24 00:00:00-04:00,4.599999904632568,4.769999980926514,4.559999942779541,4.619999885559082,38800,0.0,0.0
2012-09-25 00:00:00-04:00,4.599999904632568,4.659999847412109,4.579999923706055,4.639999866485596,26800,0.0,0.0
2012-09-26 00:00:00-04:00,4.690000057220459,4.690000057220459,4.610000133514404,4.659999847412109,94900,0.0,0.0
2012-09-27 00:00:00-04:00,4.710000038146973,4.900000095367432,4.690000057220459,4.880000114440918,183100,0.0,0.0
2012-09-28 00:00:00-04:00,4.800000190734863,4.860000133514404,4.539999961853027,4.849999904632568,89100,0.0,0.0
2012-10-01 00:00:00-04:00,4.829999923706055,4.900000095367432,4.599999904632568,4.659999847412109,189400,0.0,0.0
2012-10-02 00:00:00-04:00,4.639999866485596,5.019999980926514,4.619999885559082,4.670000076293945,53500,0.0,0.0
2012-10-03 00:00:00-04:00,4.71999979019165,4.730000019073486,4.510000228881836,4.550000190734863,119000,0.0,0.0
2012-10-04 00:00:00-04:00,4.610000133514404,4.610000133514404,4.380000114440918,4.429999828338623,74700,0.0,0.0
2012-10-05 00:00:00-04:00,4.489999771118164,4.489999771118164,4.340000152587891,4.380000114440918,31700,0.0,0.0
2012-10-08 00:00:00-04:00,4.380000114440918,4.429999828338623,4.320000171661377,4.360000133514404,13500,0.0,0.0
2012-10-09 00:00:00-04:00,4.269999980926514,4.389999866485596,4.21999979019165,4.25,36000,0.0,0.0
2012-10-10 00:00:00-04:00,4.300000190734863,4.340000152587891,4.25,4.320000171661377,73700,0.0,0.0
2012-10-11 00:00:00-04:00,4.340000152587891,4.420000076293945,4.340000152587891,4.389999866485596,43200,0.0,0.0
2012-10-12 00:00:00-04:00,4.360000133514404,4.5,4.360000133514404,4.449999809265137,22900,0.0,0.0
2012-10-15 00:00:00-04:00,4.550000190734863,4.690000057220459,4.519999980926514,4.639999866485596,27500,0.0,0.0
2012-10-16 00:00:00-04:00,4.690000057220459,4.690000057220459,4.519999980926514,4.539999961853027,20000,0.0,0.0
2012-10-17 00:00:00-04:00,4.53000020980835,4.639999866485596,4.510000228881836,4.559999942779541,54700,0.0,0.0
2012-10-18 00:00:00-04:00,4.550000190734863,4.550000190734863,4.300000190734863,4.349999904632568,57000,0.0,0.0
2012-10-19 00:00:00-04:00,4.440000057220459,4.510000228881836,4.260000228881836,4.340000152587891,52400,0.0,0.0
2012-10-22 00:00:00-04:00,4.349999904632568,4.519999980926514,4.349999904632568,4.5,31300,0.0,0.0
2012-10-23 00:00:00-04:00,4.420000076293945,4.659999847412109,4.420000076293945,4.489999771118164,9400,0.0,0.0
2012-10-24 00:00:00-04:00,4.949999809265137,4.949999809265137,4.449999809265137,4.559999942779541,21400,0.0,0.0
2012-10-25 00:00:00-04:00,4.539999961853027,4.679999828338623,4.539999961853027,4.610000133514404,21700,0.0,0.0
2012-10-26 00:00:00-04:00,4.699999809265137,4.699999809265137,4.590000152587891,4.610000133514404,4000,0.0,0.0
2012-10-31 00:00:00-04:00,4.619999885559082,4.760000228881836,4.619999885559082,4.730000019073486,69300,0.0,0.0
2012-11-01 00:00:00-04:00,4.760000228881836,4.78000020980835,4.619999885559082,4.760000228881836,43500,0.0,0.0
2012-11-02 00:00:00-04:00,4.75,4.880000114440918,4.690000057220459,4.800000190734863,12500,0.0,0.0
2012-11-05 00:00:00-05:00,4.78000020980835,4.929999828338623,4.78000020980835,4.820000171661377,36200,0.0,0.0
2012-11-06 00:00:00-05:00,4.869999885559082,4.989999771118164,4.800000190734863,4.920000076293945,22200,0.0,0.0
2012-11-07 00:00:00-05:00,4.920000076293945,5.150000095367432,4.800000190734863,5.070000171661377,51900,0.0,0.0
2012-11-08 00:00:00-05:00,5.019999980926514,5.039999961853027,4.789999961853027,4.800000190734863,25600,0.0,0.0
2012-11-09 00:00:00-05:00,4.769999980926514,4.849999904632568,4.679999828338623,4.679999828338623,72700,0.0,0.0
2012-11-12 00:00:00-05:00,4.650000095367432,4.920000076293945,4.650000095367432,4.920000076293945,145300,0.0,0.0
2012-11-13 00:00:00-05:00,4.940000057220459,4.949999809265137,4.809999942779541,4.920000076293945,25300,0.0,0.0
2012-11-14 00:00:00-05:00,4.96999979019165,5.21999979019165,4.78000020980835,4.889999866485596,27200,0.0,0.0
2012-11-15 00:00:00-05:00,5.010000228881836,5.460000038146973,4.900000095367432,5.039999961853027,22400,0.0,0.0
2012-11-16 00:00:00-05:00,4.929999828338623,4.949999809265137,4.78000020980835,4.829999923706055,68100,0.0,0.0
2012-11-19 00:00:00-05:00,4.829999923706055,4.909999847412109,4.789999961853027,4.860000133514404,33900,0.0,0.0
2012-11-20 00:00:00-05:00,4.849999904632568,5.0,4.800000190734863,4.889999866485596,51700,0.0,0.0
2012-11-21 00:00:00-05:00,4.800000190734863,5.090000152587891,4.800000190734863,5.039999961853027,149700,0.0,0.0
2012-11-23 00:00:00-05:00,5.099999904632568,5.340000152587891,5.090000152587891,5.25,21500,0.0,0.0
2012-11-26 00:00:00-05:00,5.199999809265137,5.420000076293945,5.199999809265137,5.389999866485596,107700,0.0,0.0
2012-11-27 00:00:00-05:00,5.409999847412109,5.429999828338623,5.340000152587891,5.420000076293945,25400,0.0,0.0
2012-11-28 00:00:00-05:00,5.349999904632568,5.710000038146973,5.25,5.610000133514404,155000,0.0,0.0
2012-11-29 00:00:00-05:00,5.610000133514404,6.150000095367432,5.610000133514404,6.150000095367432,141200,0.0,0.0
2012-11-30 00:00:00-05:00,6.079999923706055,6.510000228881836,6.010000228881836,6.480000019073486,180700,0.0,0.0
2012-12-03 00:00:00-05:00,6.409999847412109,6.519999980926514,6.230000019073486,6.429999828338623,76100,0.0,0.0
2012-12-04 00:00:00-05:00,6.389999866485596,6.449999809265137,6.269999980926514,6.400000095367432,51900,0.0,0.0
2012-12-05 00:00:00-05:00,6.440000057220459,6.449999809265137,6.289999961853027,6.420000076293945,41900,0.0,0.0
2012-12-06 00:00:00-05:00,6.369999885559082,6.369999885559082,6.119999885559082,6.210000038146973,73900,0.0,0.0
2012-12-07 00:00:00-05:00,6.03000020980835,6.320000171661377,5.699999809265137,6.260000228881836,58600,0.0,0.0
2012-12-10 00:00:00-05:00,6.230000019073486,6.329999923706055,6.090000152587891,6.159999847412109,31700,0.0,0.0
2012-12-11 00:00:00-05:00,6.199999809265137,6.329999923706055,6.0,6.139999866485596,96300,0.0,0.0
2012-12-12 00:00:00-05:00,6.099999904632568,6.230000019073486,6.010000228881836,6.079999923706055,57600,0.0,0.0
2012-12-13 00:00:00-05:00,5.860000133514404,6.139999866485596,5.860000133514404,6.079999923706055,18600,0.0,0.0
2012-12-14 00:00:00-05:00,6.130000114440918,6.150000095367432,5.960000038146973,6.119999885559082,53800,0.0,0.0
2012-12-17 00:00:00-05:00,6.119999885559082,6.460000038146973,6.119999885559082,6.449999809265137,75200,0.0,0.0
2012-12-18 00:00:00-05:00,6.059999942779541,6.75,6.059999942779541,6.630000114440918,81300,0.0,0.0
2012-12-19 00:00:00-05:00,6.800000190734863,6.800000190734863,6.550000190734863,6.639999866485596,105300,0.0,0.0
2012-12-20 00:00:00-05:00,6.699999809265137,6.849999904632568,6.539999961853027,6.570000171661377,110400,0.0,0.0
2012-12-21 00:00:00-05:00,6.539999961853027,6.630000114440918,6.349999904632568,6.53000020980835,94800,0.0,0.0
2012-12-24 00:00:00-05:00,6.53000020980835,6.53000020980835,6.349999904632568,6.449999809265137,3500,0.0,0.0
2012-12-26 00:00:00-05:00,6.519999980926514,6.519999980926514,6.340000152587891,6.380000114440918,44000,0.0,0.0
2012-12-27 00:00:00-05:00,6.429999828338623,6.449999809265137,5.989999771118164,6.28000020980835,65300,0.0,0.0
2012-12-28 00:00:00-05:00,6.360000133514404,6.590000152587891,6.360000133514404,6.460000038146973,48100,0.0,0.0
2012-12-31 00:00:00-05:00,6.429999828338623,6.670000076293945,6.400000095367432,6.570000171661377,49000,0.0,0.0
2013-01-02 00:00:00-05:00,6.570000171661377,6.75,6.539999961853027,6.699999809265137,121400,0.0,0.0
2013-01-03 00:00:00-05:00,6.730000019073486,6.760000228881836,6.670000076293945,6.710000038146973,156600,0.0,0.0
2013-01-04 00:00:00-05:00,6.75,6.849999904632568,6.639999866485596,6.710000038146973,99300,0.0,0.0
2013-01-07 00:00:00-05:00,6.650000095367432,6.760000228881836,6.25,6.630000114440918,44500,0.0,0.0
2013-01-08 00:00:00-05:00,6.670000076293945,6.699999809265137,6.559999942779541,6.570000171661377,29200,0.0,0.0
2013-01-09 00:00:00-05:00,6.539999961853027,6.860000133514404,6.539999961853027,6.78000020980835,58400,0.0,0.0
2013-01-10 00:00:00-05:00,6.840000152587891,6.929999828338623,6.71999979019165,6.860000133514404,90600,0.0,0.0
2013-01-11 00:00:00-05:00,6.829999923706055,7.210000038146973,6.829999923706055,7.099999904632568,85700,0.0,0.0
2013-01-14 00:00:00-05:00,7.119999885559082,7.25,6.96999979019165,7.039999961853027,16800,0.0,0.0
2013-01-15 00:00:00-05:00,6.96999979019165,7.039999961853027,6.820000171661377,6.860000133514404,46300,0.0,0.0
2013-01-16 00:00:00-05:00,6.860000133514404,7.090000152587891,6.860000133514404,6.960000038146973,16000,0.0,0.0
2013-01-17 00:00:00-05:00,7.0,7.179999828338623,6.829999923706055,6.840000152587891,21800,0.0,0.0
2013-01-18 00:00:00-05:00,7.239999771118164,7.239999771118164,6.75,6.96999979019165,110000,0.0,0.0
2013-01-22 00:00:00-05:00,6.940000057220459,6.940000057220459,6.730000019073486,6.820000171661377,24200,0.0,0.0
2013-01-23 00:00:00-05:00,6.789999961853027,6.789999961853027,6.579999923706055,6.699999809265137,108200,0.0,0.0
2013-01-24 00:00:00-05:00,6.699999809265137,6.820000171661377,6.429999828338623,6.559999942779541,77600,0.0,0.0
2013-01-25 00:00:00-05:00,6.539999961853027,6.869999885559082,6.260000228881836,6.800000190734863,40100,0.0,0.0
2013-01-28 00:00:00-05:00,6.789999961853027,6.789999961853027,6.519999980926514,6.659999847412109,101800,0.0,0.0
2013-01-29 00:00:00-05:00,6.630000114440918,6.71999979019165,6.559999942779541,6.699999809265137,30200,0.0,0.0
2013-01-30 00:00:00-05:00,6.679999828338623,6.690000057220459,6.519999980926514,6.630000114440918,24200,0.0,0.0
2013-01-31 00:00:00-05:00,6.639999866485596,6.75,6.559999942779541,6.670000076293945,36600,0.0,0.0
2013-02-01 00:00:00-05:00,6.670000076293945,6.78000020980835,6.5,6.570000171661377,32000,0.0,0.0
2013-02-04 00:00:00-05:00,6.510000228881836,6.710000038146973,6.429999828338623,6.639999866485596,119900,0.0,0.0
2013-02-05 00:00:00-05:00,6.630000114440918,6.860000133514404,6.630000114440918,6.809999942779541,41000,0.0,0.0
2013-02-06 00:00:00-05:00,6.800000190734863,7.059999942779541,6.800000190734863,7.050000190734863,94500,0.0,0.0
2013-02-07 00:00:00-05:00,7.03000020980835,7.03000020980835,6.71999979019165,6.889999866485596,30300,0.0,0.0
2013-02-08 00:00:00-05:00,6.880000114440918,6.920000076293945,6.769999980926514,6.800000190734863,27400,0.0,0.0
2013-02-11 00:00:00-05:00,6.820000171661377,6.820000171661377,6.630000114440918,6.670000076293945,23400,0.0,0.0
2013-02-12 00:00:00-05:00,6.659999847412109,7.110000133514404,6.599999904632568,7.0,38700,0.0,0.0
2013-02-13 00:00:00-05:00,7.0,7.090000152587891,6.920000076293945,7.019999980926514,131400,0.0,0.0
2013-02-14 00:00:00-05:00,7.090000152587891,7.090000152587891,6.940000057220459,7.050000190734863,182300,0.0,0.0
2013-02-15 00:00:00-05:00,7.179999828338623,7.300000190734863,5.789999961853027,5.849999904632568,299400,0.0,0.0
2013-02-19 00:00:00-05:00,5.909999847412109,6.110000133514404,5.860000133514404,5.909999847412109,138100,0.0,0.0
2013-02-20 00:00:00-05:00,5.889999866485596,5.909999847412109,5.539999961853027,5.730000019073486,159600,0.0,0.0
2013-02-21 00:00:00-05:00,5.690000057220459,5.809999942779541,5.519999980926514,5.75,245300,0.0,0.0
2013-02-22 00:00:00-05:00,5.769999980926514,5.929999828338623,5.769999980926514,5.78000020980835,177800,0.0,0.0
2013-02-25 00:00:00-05:00,5.78000020980835,5.880000114440918,5.78000020980835,5.829999923706055,103800,0.0,0.0
2013-02-26 00:00:00-05:00,5.849999904632568,5.849999904632568,5.610000133514404,5.610000133514404,87700,0.0,0.0
2013-02-27 00:00:00-05:00,5.610000133514404,5.820000171661377,5.320000171661377,5.480000019073486,144800,0.0,0.0
2013-02-28 00:00:00-05:00,5.489999771118164,5.670000076293945,5.360000133514404,5.46999979019165,90800,0.0,0.0
2013-03-01 00:00:00-05:00,5.420000076293945,5.420000076293945,5.300000190734863,5.400000095367432,93800,0.0,0.0
2013-03-04 00:00:00-05:00,5.420000076293945,5.440000057220459,5.300000190734863,5.420000076293945,38400,0.0,0.0
2013-03-05 00:00:00-05:00,5.409999847412109,5.420000076293945,5.349999904632568,5.400000095367432,148400,0.0,0.0
2013-03-06 00:00:00-05:00,5.380000114440918,5.590000152587891,5.380000114440918,5.400000095367432,32700,0.0,0.0
2013-03-07 00:00:00-05:00,5.380000114440918,5.679999828338623,5.380000114440918,5.480000019073486,44200,0.0,0.0
2013-03-08 00:00:00-05:00,5.46999979019165,5.809999942779541,5.449999809265137,5.619999885559082,126400,0.0,0.0
2013-03-11 00:00:00-04:00,5.619999885559082,6.039999961853027,5.619999885559082,6.019999980926514,82100,0.0,0.0
2013-03-12 00:00:00-04:00,6.010000228881836,6.150000095367432,6.0,6.119999885559082,86200,0.0,0.0
2013-03-13 00:00:00-04:00,6.099999904632568,6.340000152587891,6.059999942779541,6.289999961853027,192300,0.0,0.0
2013-03-14 00:00:00-04:00,6.300000190734863,6.349999904632568,6.230000019073486,6.309999942779541,137000,0.0,0.0
2013-03-15 00:00:00-04:00,6.329999923706055,6.369999885559082,5.960000038146973,6.059999942779541,136500,0.0,0.0
2013-03-18 00:00:00-04:00,6.010000228881836,6.010000228881836,5.610000133514404,5.769999980926514,43800,0.0,0.0
2013-03-19 00:00:00-04:00,5.920000076293945,5.929999828338623,5.630000114440918,5.71999979019165,46100,0.0,0.0
2013-03-20 00:00:00-04:00,5.710000038146973,5.78000020980835,5.639999866485596,5.699999809265137,20500,0.0,0.0
2013-03-21 00:00:00-04:00,5.639999866485596,5.690000057220459,5.579999923706055,5.659999847412109,51700,0.0,0.0
2013-03-22 00:00:00-04:00,5.75,5.829999923706055,5.699999809265137,5.730000019073486,98600,0.0,0.0
2013-03-25 00:00:00-04:00,5.710000038146973,5.869999885559082,5.710000038146973,5.820000171661377,58100,0.0,0.0
2013-03-26 00:00:00-04:00,5.940000057220459,5.989999771118164,5.840000152587891,5.869999885559082,32400,0.0,0.0
2013-03-27 00:00:00-04:00,5.840000152587891,6.099999904632568,5.840000152587891,6.050000190734863,35100,0.0,0.0
2013-03-28 00:00:00-04:00,6.010000228881836,6.190000057220459,6.010000228881836,6.130000114440918,48400,0.0,0.0
2013-04-01 00:00:00-04:00,6.079999923706055,6.139999866485596,6.019999980926514,6.090000152587891,29800,0.0,0.0
2013-04-02 00:00:00-04:00,6.130000114440918,6.179999828338623,6.0,6.03000020980835,20200,0.0,0.0
2013-04-03 00:00:00-04:00,6.019999980926514,6.119999885559082,6.010000228881836,6.119999885559082,7100,0.0,0.0
2013-04-04 00:00:00-04:00,6.059999942779541,6.099999904632568,6.010000228881836,6.059999942779541,66400,0.0,0.0
2013-04-05 00:00:00-04:00,6.079999923706055,6.079999923706055,5.920000076293945,6.079999923706055,16100,0.0,0.0
2013-04-08 00:00:00-04:00,6.099999904632568,6.570000171661377,5.820000171661377,6.449999809265137,84800,0.0,0.0
2013-04-09 00:00:00-04:00,6.409999847412109,6.480000019073486,6.25,6.449999809265137,52500,0.0,0.0
2013-04-10 00:00:00-04:00,6.429999828338623,6.690000057220459,6.429999828338623,6.650000095367432,29100,0.0,0.0
2013-04-11 00:00:00-04:00,6.489999771118164,6.570000171661377,6.420000076293945,6.5,17500,0.0,0.0
2013-04-12 00:00:00-04:00,6.449999809265137,6.550000190734863,6.340000152587891,6.550000190734863,9600,0.0,0.0
2013-04-15 00:00:00-04:00,6.539999961853027,6.550000190734863,6.349999904632568,6.360000133514404,10000,0.0,0.0
2013-04-16 00:00:00-04:00,6.440000057220459,6.510000228881836,6.409999847412109,6.480000019073486,10100,0.0,0.0
2013-04-17 00:00:00-04:00,6.489999771118164,6.5,6.400000095367432,6.429999828338623,17400,0.0,0.0
2013-04-18 00:00:00-04:00,6.460000038146973,6.460000038146973,6.179999828338623,6.230000019073486,35900,0.0,0.0
2013-04-19 00:00:00-04:00,6.230000019073486,6.260000228881836,5.860000133514404,5.980000019073486,73600,0.0,0.0
2013-04-22 00:00:00-04:00,5.960000038146973,6.090000152587891,5.960000038146973,6.019999980926514,3200,0.0,0.0
2013-04-23 00:00:00-04:00,5.989999771118164,6.199999809265137,5.989999771118164,6.170000076293945,56000,0.0,0.0
2013-04-24 00:00:00-04:00,6.130000114440918,6.230000019073486,6.059999942779541,6.230000019073486,13000,0.0,0.0
2013-04-25 00:00:00-04:00,6.210000038146973,6.409999847412109,6.199999809265137,6.289999961853027,15300,0.0,0.0
2013-04-26 00:00:00-04:00,6.210000038146973,6.309999942779541,5.960000038146973,6.039999961853027,17500,0.0,0.0
2013-04-29 00:00:00-04:00,6.039999961853027,6.489999771118164,5.900000095367432,6.170000076293945,44800,0.0,0.0
2013-04-30 00:00:00-04:00,6.119999885559082,6.429999828338623,5.96999979019165,5.980000019073486,34800,0.0,0.0
2013-05-01 00:00:00-04:00,5.960000038146973,6.059999942779541,5.800000190734863,5.949999809265137,13700,0.0,0.0
2013-05-02 00:00:00-04:00,5.929999828338623,6.5,5.880000114440918,6.440000057220459,23800,0.0,0.0
2013-05-03 00:00:00-04:00,6.389999866485596,6.389999866485596,5.960000038146973,5.96999979019165,49000,0.0,0.0
2013-05-06 00:00:00-04:00,6.019999980926514,6.449999809265137,6.0,6.369999885559082,8800,0.0,0.0
2013-05-07 00:00:00-04:00,6.340000152587891,6.360000133514404,6.179999828338623,6.269999980926514,5600,0.0,0.0
2013-05-08 00:00:00-04:00,6.21999979019165,6.429999828338623,6.159999847412109,6.429999828338623,4200,0.0,0.0
2013-05-09 00:00:00-04:00,6.389999866485596,6.420000076293945,6.190000057220459,6.289999961853027,7100,0.0,0.0
2013-05-10 00:00:00-04:00,6.239999771118164,6.300000190734863,6.199999809265137,6.300000190734863,15400,0.0,0.0
2013-05-13 00:00:00-04:00,6.25,6.320000171661377,6.150000095367432,6.309999942779541,17500,0.0,0.0
2013-05-14 00:00:00-04:00,6.349999904632568,6.349999904632568,6.28000020980835,6.300000190734863,4200,0.0,0.0
2013-05-15 00:00:00-04:00,6.329999923706055,6.329999923706055,6.230000019073486,6.28000020980835,13500,0.0,0.0
2013-05-16 00:00:00-04:00,6.25,6.349999904632568,6.25,6.289999961853027,3700,0.0,0.0
2013-05-17 00:00:00-04:00,6.340000152587891,6.46999979019165,6.21999979019165,6.289999961853027,22000,0.0,0.0
2013-05-20 00:00:00-04:00,6.21999979019165,6.349999904632568,6.21999979019165,6.289999961853027,6300,0.0,0.0
2013-05-21 00:00:00-04:00,6.329999923706055,6.400000095367432,6.119999885559082,6.21999979019165,9000,0.0,0.0
2013-05-22 00:00:00-04:00,6.210000038146973,6.449999809265137,6.199999809265137,6.300000190734863,22000,0.0,0.0
2013-05-23 00:00:00-04:00,6.320000171661377,6.389999866485596,6.289999961853027,6.300000190734863,5500,0.0,0.0
2013-05-24 00:00:00-04:00,6.300000190734863,6.340000152587891,6.190000057220459,6.300000190734863,14500,0.0,0.0
2013-05-28 00:00:00-04:00,6.300000190734863,6.349999904632568,6.25,6.25,5000,0.0,0.0
2013-05-29 00:00:00-04:00,6.199999809265137,6.539999961853027,6.199999809265137,6.329999923706055,17200,0.0,0.0
2013-05-30 00:00:00-04:00,5.75,6.53000020980835,5.75,6.210000038146973,12400,0.0,0.0
2013-05-31 00:00:00-04:00,6.199999809265137,6.590000152587891,6.199999809265137,6.210000038146973,18300,0.0,0.0
2013-06-03 00:00:00-04:00,6.320000171661377,6.429999828338623,6.03000020980835,6.03000020980835,21800,0.0,0.0
2013-06-04 00:00:00-04:00,6.050000190734863,6.440000057220459,6.050000190734863,6.239999771118164,9400,0.0,0.0
2013-06-05 00:00:00-04:00,6.25,6.289999961853027,6.119999885559082,6.119999885559082,7600,0.0,0.0
2013-06-06 00:00:00-04:00,6.139999866485596,6.480000019073486,6.130000114440918,6.150000095367432,6900,0.0,0.0
2013-06-07 00:00:00-04:00,6.159999847412109,6.699999809265137,6.159999847412109,6.690000057220459,330400,0.0,0.0
2013-06-10 00:00:00-04:00,7.0,7.800000190734863,7.0,7.53000020980835,607100,0.0,0.0
2013-06-11 00:00:00-04:00,7.829999923706055,7.829999923706055,7.420000076293945,7.590000152587891,283300,0.0,0.0
2013-06-12 00:00:00-04:00,7.570000171661377,7.679999828338623,7.400000095367432,7.400000095367432,134200,0.0,0.0
2013-06-13 00:00:00-04:00,7.389999866485596,7.550000190734863,7.300000190734863,7.340000152587891,131900,0.0,0.0
2013-06-14 00:00:00-04:00,7.329999923706055,7.440000057220459,6.820000171661377,7.429999828338623,176000,0.0,0.0
2013-06-17 00:00:00-04:00,7.400000095367432,7.769999980926514,7.289999961853027,7.75,272500,0.0,0.0
2013-06-18 00:00:00-04:00,8.0,8.25,7.900000095367432,7.949999809265137,1745600,0.0,0.0
2013-06-19 00:00:00-04:00,8.0,8.890000343322754,8.0,8.890000343322754,560200,0.0,0.0
2013-06-20 00:00:00-04:00,8.819999694824219,9.199999809265137,8.510000228881836,9.109999656677246,371800,0.0,0.0
2013-06-21 00:00:00-04:00,9.149999618530273,9.579999923706055,9.130000114440918,9.520000457763672,322500,0.0,0.0
2013-06-24 00:00:00-04:00,9.5,9.5,9.350000381469727,9.4399995803833,182800,0.0,0.0
2013-06-25 00:00:00-04:00,9.479999542236328,9.600000381469727,9.329999923706055,9.399999618530273,129000,0.0,0.0
2013-06-26 00:00:00-04:00,9.350000381469727,9.550000190734863,9.229999542236328,9.279999732971191,138500,0.0,0.0
2013-06-27 00:00:00-04:00,9.300000190734863,9.359999656677246,8.9399995803833,9.029999732971191,133400,0.0,0.0
2013-06-28 00:00:00-04:00,9.0,9.239999771118164,8.829999923706055,9.170000076293945,157800,0.0,0.0
2013-07-01 00:00:00-04:00,9.3100004196167,9.470000267028809,9.109999656677246,9.300000190734863,191900,0.0,0.0
2013-07-02 00:00:00-04:00,9.40999984741211,9.4399995803833,9.149999618530273,9.229999542236328,184100,0.0,0.0
2013-07-03 00:00:00-04:00,9.25,9.359999656677246,9.079999923706055,9.180000305175781,86900,0.0,0.0
2013-07-05 00:00:00-04:00,9.1899995803833,9.319999694824219,9.119999885559082,9.229999542236328,77300,0.0,0.0
2013-07-08 00:00:00-04:00,9.229999542236328,9.270000457763672,9.020000457763672,9.119999885559082,331500,0.0,0.0
2013-07-09 00:00:00-04:00,9.119999885559082,9.170000076293945,8.949999809265137,9.100000381469727,97500,0.0,0.0
2013-07-10 00:00:00-04:00,9.180000305175781,9.210000038146973,9.0,9.119999885559082,144500,0.0,0.0
2013-07-11 00:00:00-04:00,9.140000343322754,9.329999923706055,9.140000343322754,9.260000228881836,27600,0.0,0.0
2013-07-12 00:00:00-04:00,9.319999694824219,9.359999656677246,9.069999694824219,9.199999809265137,41500,0.0,0.0
2013-07-15 00:00:00-04:00,9.210000038146973,9.289999961853027,9.050000190734863,9.149999618530273,334800,0.0,0.0
2013-07-16 00:00:00-04:00,9.109999656677246,9.199999809265137,8.890000343322754,9.100000381469727,61500,0.0,0.0
2013-07-17 00:00:00-04:00,9.079999923706055,9.220000267028809,8.670000076293945,8.84000015258789,88300,0.0,0.0
2013-07-18 00:00:00-04:00,8.800000190734863,9.039999961853027,8.800000190734863,8.949999809265137,48600,0.0,0.0
2013-07-19 00:00:00-04:00,8.9399995803833,9.069999694824219,8.579999923706055,8.699999809265137,54700,0.0,0.0
2013-07-22 00:00:00-04:00,8.75,8.760000228881836,8.5,8.670000076293945,139800,0.0,0.0
2013-07-23 00:00:00-04:00,8.680000305175781,8.789999961853027,8.649999618530273,8.680000305175781,32000,0.0,0.0
2013-07-24 00:00:00-04:00,8.670000076293945,8.789999961853027,8.619999885559082,8.65999984741211,26400,0.0,0.0
2013-07-25 00:00:00-04:00,8.630000114440918,8.880000114440918,8.579999923706055,8.84000015258789,19600,0.0,0.0
2013-07-26 00:00:00-04:00,8.789999961853027,8.869999885559082,8.6899995803833,8.75,41400,0.0,0.0
2013-07-29 00:00:00-04:00,8.789999961853027,8.819999694824219,8.720000267028809,8.75,34900,0.0,0.0
2013-07-30 00:00:00-04:00,8.779999732971191,8.8100004196167,8.6899995803833,8.739999771118164,105800,0.0,0.0
2013-07-31 00:00:00-04:00,8.720000267028809,8.760000228881836,8.520000457763672,8.649999618530273,40700,0.0,0.0
2013-08-01 00:00:00-04:00,8.619999885559082,8.760000228881836,8.460000038146973,8.59000015258789,130200,0.0,0.0
2013-08-02 00:00:00-04:00,8.550000190734863,8.579999923706055,8.359999656677246,8.579999923706055,47800,0.0,0.0
2013-08-05 00:00:00-04:00,8.529999732971191,8.579999923706055,8.350000381469727,8.470000267028809,70300,0.0,0.0
2013-08-06 00:00:00-04:00,8.430000305175781,8.569999694824219,8.270000457763672,8.520000457763672,95500,0.0,0.0
2013-08-07 00:00:00-04:00,8.5,8.739999771118164,8.359999656677246,8.670000076293945,55600,0.0,0.0
2013-08-08 00:00:00-04:00,8.699999809265137,8.899999618530273,8.600000381469727,8.899999618530273,94900,0.0,0.0
2013-08-09 00:00:00-04:00,9.0,9.520000457763672,9.0,9.470000267028809,283200,0.0,0.0
2013-08-12 00:00:00-04:00,9.5,10.34000015258789,9.430000305175781,9.890000343322754,307200,0.0,0.0
2013-08-13 00:00:00-04:00,9.899999618530273,9.970000267028809,9.800000190734863,9.84000015258789,113400,0.0,0.0
2013-08-14 00:00:00-04:00,9.829999923706055,9.890000343322754,9.670000076293945,9.819999694824219,51200,0.0,0.0
2013-08-15 00:00:00-04:00,9.75,9.75,9.279999732971191,9.369999885559082,89400,0.0,0.0
2013-08-16 00:00:00-04:00,9.369999885559082,9.460000038146973,9.300000190734863,9.300000190734863,35500,0.0,0.0
2013-08-19 00:00:00-04:00,9.34000015258789,9.449999809265137,9.210000038146973,9.350000381469727,53400,0.0,0.0
2013-08-20 00:00:00-04:00,9.34000015258789,9.5,9.279999732971191,9.460000038146973,96500,0.0,0.0
2013-08-21 00:00:00-04:00,9.449999809265137,9.680000305175781,9.390000343322754,9.529999732971191,85100,0.0,0.0
2013-08-22 00:00:00-04:00,9.600000381469727,9.640000343322754,9.319999694824219,9.399999618530273,74900,0.0,0.0
2013-08-23 00:00:00-04:00,9.40999984741211,9.989999771118164,9.300000190734863,9.600000381469727,291400,0.0,0.0
2013-08-26 00:00:00-04:00,9.619999885559082,9.699999809265137,9.399999618530273,9.449999809265137,192800,0.0,0.0
2013-08-27 00:00:00-04:00,9.380000114440918,9.680000305175781,9.199999809265137,9.380000114440918,195100,0.0,0.0
2013-08-28 00:00:00-04:00,9.390000343322754,9.619999885559082,9.300000190734863,9.350000381469727,129000,0.0,0.0
2013-08-29 00:00:00-04:00,9.34000015258789,9.550000190734863,9.15999984741211,9.34000015258789,59400,0.0,0.0
2013-08-30 00:00:00-04:00,9.350000381469727,9.359999656677246,9.199999809265137,9.229999542236328,58900,0.0,0.0
2013-09-03 00:00:00-04:00,9.359999656677246,9.460000038146973,9.199999809265137,9.319999694824219,70300,0.0,0.0
2013-09-04 00:00:00-04:00,9.359999656677246,10.0,9.359999656677246,9.739999771118164,107500,0.0,0.0
2013-09-05 00:00:00-04:00,9.789999961853027,10.0,9.779999732971191,9.899999618530273,36300,0.0,0.0
2013-09-06 00:00:00-04:00,9.890000343322754,9.979999542236328,9.5,9.520000457763672,47900,0.0,0.0
2013-09-09 00:00:00-04:00,9.470000267028809,9.930000305175781,9.399999618530273,9.850000381469727,48800,0.0,0.0
2013-09-10 00:00:00-04:00,9.739999771118164,10.100000381469727,9.550000190734863,10.050000190734863,97500,0.0,0.0
2013-09-11 00:00:00-04:00,10.050000190734863,10.180000305175781,9.829999923706055,10.079999923706055,57900,0.0,0.0
2013-09-12 00:00:00-04:00,10.079999923706055,10.140000343322754,9.90999984741211,10.109999656677246,28100,0.0,0.0
2013-09-13 00:00:00-04:00,10.130000114440918,10.130000114440918,9.729999542236328,9.890000343322754,42700,0.0,0.0
2013-09-16 00:00:00-04:00,9.949999809265137,10.25,9.899999618530273,10.109999656677246,108800,0.0,0.0
2013-09-17 00:00:00-04:00,10.109999656677246,10.430000305175781,10.069999694824219,10.350000381469727,65600,0.0,0.0
2013-09-18 00:00:00-04:00,10.380000114440918,10.40999984741211,10.149999618530273,10.359999656677246,27600,0.0,0.0
2013-09-19 00:00:00-04:00,10.369999885559082,10.460000038146973,10.329999923706055,10.399999618530273,30600,0.0,0.0
2013-09-20 00:00:00-04:00,10.430000305175781,10.6899995803833,10.430000305175781,10.569999694824219,48300,0.0,0.0
2013-09-23 00:00:00-04:00,11.600000381469727,12.050000190734863,11.289999961853027,11.800000190734863,1103500,0.0,0.0
2013-09-24 00:00:00-04:00,11.800000190734863,12.380000114440918,11.800000190734863,12.220000267028809,350500,0.0,0.0
2013-09-25 00:00:00-04:00,12.199999809265137,12.569999694824219,11.979999542236328,12.25,325300,0.0,0.0
2013-09-26 00:00:00-04:00,12.3100004196167,12.520000457763672,12.25,12.479999542236328,69300,0.0,0.0
2013-09-27 00:00:00-04:00,12.4399995803833,12.930000305175781,12.40999984741211,12.65999984741211,304000,0.0,0.0
2013-09-30 00:00:00-04:00,12.59000015258789,12.930000305175781,12.319999694824219,12.670000076293945,230900,0.0,0.0
2013-10-01 00:00:00-04:00,12.619999885559082,13.020000457763672,12.390000343322754,12.6899995803833,281200,0.0,0.0
2013-10-02 00:00:00-04:00,12.539999961853027,13.0,12.399999618530273,12.829999923706055,186300,0.0,0.0
2013-10-03 00:00:00-04:00,12.6899995803833,13.0,12.520000457763672,12.640000343322754,318100,0.0,0.0
2013-10-04 00:00:00-04:00,12.760000228881836,13.010000228881836,12.569999694824219,12.800000190734863,80400,0.0,0.0
2013-10-07 00:00:00-04:00,12.399999618530273,12.930000305175781,12.399999618530273,12.770000457763672,84500,0.0,0.0
2013-10-08 00:00:00-04:00,12.84000015258789,12.920000076293945,12.619999885559082,12.789999961853027,231100,0.0,0.0
2013-10-09 00:00:00-04:00,12.84000015258789,13.140000343322754,12.699999809265137,12.880000114440918,165900,0.0,0.0
2013-10-10 00:00:00-04:00,13.100000381469727,13.5,12.899999618530273,13.119999885559082,207400,0.0,0.0
2013-10-11 00:00:00-04:00,13.180000305175781,13.8100004196167,13.130000114440918,13.600000381469727,395700,0.0,0.0
2013-10-14 00:00:00-04:00,13.520000457763672,13.800000190734863,13.399999618530273,13.600000381469727,111500,0.0,0.0
2013-10-15 00:00:00-04:00,13.600000381469727,13.699999809265137,13.5,13.569999694824219,96900,0.0,0.0
2013-10-16 00:00:00-04:00,13.600000381469727,13.979999542236328,13.430000305175781,13.869999885559082,194200,0.0,0.0
2013-10-17 00:00:00-04:00,13.859999656677246,14.199999809265137,13.850000381469727,13.949999809265137,241300,0.0,0.0
2013-10-18 00:00:00-04:00,14.039999961853027,14.289999961853027,13.899999618530273,14.15999984741211,132400,0.0,0.0
2013-10-21 00:00:00-04:00,14.430000305175781,14.449999809265137,14.25,14.399999618530273,112100,0.0,0.0
2013-10-22 00:00:00-04:00,14.5,14.569999694824219,13.829999923706055,14.069999694824219,169700,0.0,0.0
2013-10-23 00:00:00-04:00,13.9399995803833,14.079999923706055,13.699999809265137,14.029999732971191,71800,0.0,0.0
2013-10-24 00:00:00-04:00,14.029999732971191,14.079999923706055,13.829999923706055,14.0,135200,0.0,0.0
2013-10-25 00:00:00-04:00,13.890000343322754,14.039999961853027,13.880000114440918,13.970000267028809,74500,0.0,0.0
2013-10-28 00:00:00-04:00,13.949999809265137,14.199999809265137,13.84000015258789,13.920000076293945,162800,0.0,0.0
2013-10-29 00:00:00-04:00,13.899999618530273,13.930000305175781,13.800000190734863,13.869999885559082,81200,0.0,0.0
2013-10-30 00:00:00-04:00,13.9399995803833,13.9399995803833,13.369999885559082,13.520000457763672,84400,0.0,0.0
2013-10-31 00:00:00-04:00,13.460000038146973,13.6899995803833,13.029999732971191,13.680000305175781,326500,0.0,0.0
2013-11-01 00:00:00-04:00,13.710000038146973,13.880000114440918,13.359999656677246,13.359999656677246,55600,0.0,0.0
2013-11-04 00:00:00-05:00,13.359999656677246,13.520000457763672,13.359999656677246,13.460000038146973,48900,0.0,0.0
2013-11-05 00:00:00-05:00,13.460000038146973,13.489999771118164,13.210000038146973,13.479999542236328,96100,0.0,0.0
2013-11-06 00:00:00-05:00,13.510000228881836,13.760000228881836,12.949999809265137,13.029999732971191,120000,0.0,0.0
2013-11-07 00:00:00-05:00,13.119999885559082,13.210000038146973,12.779999732971191,12.880000114440918,179500,0.0,0.0
2013-11-08 00:00:00-05:00,12.930000305175781,13.210000038146973,12.859999656677246,13.119999885559082,54200,0.0,0.0
2013-11-11 00:00:00-05:00,13.010000228881836,13.289999961853027,13.010000228881836,13.210000038146973,199500,0.0,0.0
2013-11-12 00:00:00-05:00,14.5,16.81999969482422,14.5,16.579999923706055,1647900,0.0,0.0
2013-11-13 00:00:00-05:00,16.309999465942383,17.700000762939453,15.550000190734863,17.420000076293945,626800,0.0,0.0
2013-11-14 00:00:00-05:00,17.399999618530273,18.309999465942383,17.3799991607666,17.860000610351562,463900,0.0,0.0
2013-11-15 00:00:00-05:00,17.889999389648438,18.170000076293945,17.75,17.809999465942383,294800,0.0,0.0
2013-11-18 00:00:00-05:00,17.950000762939453,17.950000762939453,16.809999465942383,17.0,408500,0.0,0.0
2013-11-19 00:00:00-05:00,16.90999984741211,17.780000686645508,16.709999084472656,17.549999237060547,568000,0.0,0.0
2013-11-20 00:00:00-05:00,17.850000381469727,18.25,17.559999465942383,17.59000015258789,243100,0.0,0.0
2013-11-21 00:00:00-05:00,17.719999313354492,17.959999084472656,17.639999389648438,17.700000762939453,171600,0.0,0.0
2013-11-22 00:00:00-05:00,17.770000457763672,18.329999923706055,17.649999618530273,17.75,176900,0.0,0.0
2013-11-25 00:00:00-05:00,18.010000228881836,18.209999084472656,17.790000915527344,17.860000610351562,129000,0.0,0.0
2013-11-26 00:00:00-05:00,17.959999084472656,18.0,17.399999618530273,17.549999237060547,128700,0.0,0.0
2013-11-27 00:00:00-05:00,17.530000686645508,17.68000030517578,17.06999969482422,17.239999771118164,123800,0.0,0.0
2013-11-29 00:00:00-05:00,17.270000457763672,17.8700008392334,17.239999771118164,17.59000015258789,82400,0.0,0.0
2013-12-02 00:00:00-05:00,17.5,17.639999389648438,17.290000915527344,17.399999618530273,84200,0.0,0.0
2013-12-03 00:00:00-05:00,17.219999313354492,17.34000015258789,16.75,17.06999969482422,137800,0.0,0.0
2013-12-04 00:00:00-05:00,17.100000381469727,17.1200008392334,16.84000015258789,16.8799991607666,100700,0.0,0.0
2013-12-05 00:00:00-05:00,16.920000076293945,17.510000228881836,16.920000076293945,17.450000762939453,257900,0.0,0.0
2013-12-06 00:00:00-05:00,17.549999237060547,17.829999923706055,17.280000686645508,17.690000534057617,349900,0.0,0.0
2013-12-09 00:00:00-05:00,17.829999923706055,18.06999969482422,17.670000076293945,18.049999237060547,198500,0.0,0.0
2013-12-10 00:00:00-05:00,18.1200008392334,18.75,18.030000686645508,18.450000762939453,522400,0.0,0.0
2013-12-11 00:00:00-05:00,18.5,18.5,18.030000686645508,18.329999923706055,287000,0.0,0.0
2013-12-12 00:00:00-05:00,18.309999465942383,19.149999618530273,18.110000610351562,18.8799991607666,281700,0.0,0.0
2013-12-13 00:00:00-05:00,18.959999084472656,19.0,18.270000457763672,18.709999084472656,169900,0.0,0.0
2013-12-16 00:00:00-05:00,18.700000762939453,18.75,17.1200008392334,17.6200008392334,450300,0.0,0.0
2013-12-17 00:00:00-05:00,17.579999923706055,17.81999969482422,17.149999618530273,17.579999923706055,175700,0.0,0.0
2013-12-18 00:00:00-05:00,17.43000030517578,17.670000076293945,17.299999237060547,17.6200008392334,209700,0.0,0.0
2013-12-19 00:00:00-05:00,17.540000915527344,17.639999389648438,16.860000610351562,17.350000381469727,167500,0.0,0.0
2013-12-20 00:00:00-05:00,17.299999237060547,18.0,17.299999237060547,17.959999084472656,247300,0.0,0.0
2013-12-23 00:00:00-05:00,18.110000610351562,18.65999984741211,18.079999923706055,18.469999313354492,229300,0.0,0.0
2013-12-24 00:00:00-05:00,18.389999389648438,18.540000915527344,18.170000076293945,18.25,83200,0.0,0.0
2013-12-26 00:00:00-05:00,18.219999313354492,18.670000076293945,17.969999313354492,18.3799991607666,120600,0.0,0.0
2013-12-27 00:00:00-05:00,18.329999923706055,19.34000015258789,18.040000915527344,18.81999969482422,291700,0.0,0.0
2013-12-30 00:00:00-05:00,19.030000686645508,19.399999618530273,18.809999465942383,19.329999923706055,231500,0.0,0.0
2013-12-31 00:00:00-05:00,19.260000228881836,19.389999389648438,18.84000015258789,19.299999237060547,146400,0.0,0.0
2014-01-02 00:00:00-05:00,19.209999084472656,19.219999313354492,18.510000228881836,18.93000030517578,131700,0.0,0.0
2014-01-03 00:00:00-05:00,19.010000228881836,19.3700008392334,19.010000228881836,19.239999771118164,322700,0.0,0.0
2014-01-06 00:00:00-05:00,19.290000915527344,19.31999969482422,19.0,19.239999771118164,391800,0.0,0.0
2014-01-07 00:00:00-05:00,19.149999618530273,20.139999389648438,18.950000762939453,19.829999923706055,485400,0.0,0.0
2014-01-08 00:00:00-05:00,19.940000534057617,20.059999465942383,19.670000076293945,19.780000686645508,307100,0.0,0.0
2014-01-09 00:00:00-05:00,19.8700008392334,20.06999969482422,19.469999313354492,19.549999237060547,354200,0.0,0.0
2014-01-10 00:00:00-05:00,19.549999237060547,20.1299991607666,19.469999313354492,20.040000915527344,522300,0.0,0.0
2014-01-13 00:00:00-05:00,20.09000015258789,20.149999618530273,19.350000381469727,19.56999969482422,268700,0.0,0.0
2014-01-14 00:00:00-05:00,19.549999237060547,19.790000915527344,19.350000381469727,19.65999984741211,144400,0.0,0.0
2014-01-15 00:00:00-05:00,19.829999923706055,20.079999923706055,19.510000228881836,20.0,236800,0.0,0.0
2014-01-16 00:00:00-05:00,19.899999618530273,20.3700008392334,19.75,20.209999084472656,130600,0.0,0.0
2014-01-17 00:00:00-05:00,20.290000915527344,20.549999237060547,20.100000381469727,20.309999465942383,135400,0.0,0.0
2014-01-21 00:00:00-05:00,20.350000381469727,20.65999984741211,20.260000228881836,20.56999969482422,167100,0.0,0.0
2014-01-22 00:00:00-05:00,20.549999237060547,21.190000534057617,20.549999237060547,20.760000228881836,250900,0.0,0.0
2014-01-23 00:00:00-05:00,20.989999771118164,20.989999771118164,19.729999542236328,20.010000228881836,131400,0.0,0.0
2014-01-24 00:00:00-05:00,19.84000015258789,19.989999771118164,18.559999465942383,19.1299991607666,235500,0.0,0.0
2014-01-27 00:00:00-05:00,19.0,19.690000534057617,18.950000762939453,19.1200008392334,153900,0.0,0.0
2014-01-28 00:00:00-05:00,19.010000228881836,20.600000381469727,19.010000228881836,20.25,196100,0.0,0.0
2014-01-29 00:00:00-05:00,20.149999618530273,20.40999984741211,19.899999618530273,20.059999465942383,114000,0.0,0.0
2014-01-30 00:00:00-05:00,20.15999984741211,20.719999313354492,19.969999313354492,20.389999389648438,180500,0.0,0.0
2014-01-31 00:00:00-05:00,20.139999389648438,20.520000457763672,20.030000686645508,20.1299991607666,103900,0.0,0.0
2014-02-03 00:00:00-05:00,20.020000457763672,20.229999542236328,19.600000381469727,19.940000534057617,237800,0.0,0.0
2014-02-04 00:00:00-05:00,19.959999084472656,20.549999237060547,19.84000015258789,20.389999389648438,200400,0.0,0.0
2014-02-05 00:00:00-05:00,20.260000228881836,20.399999618530273,19.549999237060547,19.56999969482422,180300,0.0,0.0
2014-02-06 00:00:00-05:00,19.6200008392334,21.290000915527344,19.079999923706055,21.200000762939453,472900,0.0,0.0
2014-02-07 00:00:00-05:00,21.5,21.75,20.860000610351562,21.489999771118164,333500,0.0,0.0
2014-02-10 00:00:00-05:00,24.0,24.889999389648438,23.030000686645508,24.649999618530273,1085700,0.0,0.0
2014-02-11 00:00:00-05:00,24.649999618530273,25.200000762939453,24.350000381469727,24.760000228881836,415800,0.0,0.0
2014-02-12 00:00:00-05:00,24.709999084472656,24.90999984741211,24.5,24.729999542236328,304000,0.0,0.0
2014-02-13 00:00:00-05:00,24.59000015258789,26.0,24.110000610351562,25.700000762939453,444500,0.0,0.0
2014-02-14 00:00:00-05:00,25.600000381469727,26.799999237060547,25.3700008392334,26.260000228881836,280800,0.0,0.0
2014-02-18 00:00:00-05:00,26.719999313354492,27.110000610351562,26.270000457763672,26.93000030517578,335800,0.0,0.0
2014-02-19 00:00:00-05:00,27.010000228881836,27.270000457763672,24.90999984741211,25.1200008392334,394600,0.0,0.0
2014-02-20 00:00:00-05:00,25.450000762939453,26.399999618530273,25.399999618530273,26.15999984741211,274600,0.0,0.0
2014-02-21 00:00:00-05:00,26.530000686645508,26.610000610351562,25.15999984741211,25.3799991607666,190500,0.0,0.0
2014-02-24 00:00:00-05:00,25.549999237060547,25.709999084472656,24.799999237060547,24.889999389648438,242300,0.0,0.0
2014-02-25 00:00:00-05:00,24.850000381469727,24.850000381469727,23.84000015258789,24.399999618530273,378900,0.0,0.0
2014-02-26 00:00:00-05:00,24.559999465942383,24.559999465942383,23.790000915527344,23.799999237060547,240300,0.0,0.0
2014-02-27 00:00:00-05:00,23.510000228881836,25.270000457763672,23.100000381469727,24.940000534057617,202900,0.0,0.0
2014-02-28 00:00:00-05:00,24.940000534057617,25.299999237060547,24.110000610351562,24.6299991607666,148500,0.0,0.0
2014-03-03 00:00:00-05:00,24.239999771118164,24.850000381469727,24.1299991607666,24.489999771118164,140000,0.0,0.0
2014-03-04 00:00:00-05:00,24.93000030517578,25.100000381469727,23.770000457763672,24.809999465942383,267200,0.0,0.0
2014-03-05 00:00:00-05:00,24.670000076293945,25.25,24.670000076293945,25.0,156900,0.0,0.0
2014-03-06 00:00:00-05:00,25.1299991607666,25.1299991607666,24.270000457763672,24.610000610351562,160900,0.0,0.0
2014-03-07 00:00:00-05:00,24.81999969482422,25.0,24.239999771118164,24.68000030517578,173600,0.0,0.0
2014-03-10 00:00:00-04:00,24.579999923706055,24.65999984741211,23.809999465942383,24.219999313354492,134800,0.0,0.0
2014-03-11 00:00:00-04:00,24.190000534057617,24.799999237060547,24.09000015258789,24.549999237060547,192900,0.0,0.0
2014-03-12 00:00:00-04:00,24.329999923706055,24.799999237060547,23.809999465942383,24.06999969482422,126500,0.0,0.0
2014-03-13 00:00:00-04:00,24.06999969482422,24.3700008392334,23.110000610351562,23.350000381469727,146000,0.0,0.0
2014-03-14 00:00:00-04:00,23.280000686645508,23.8799991607666,22.5,23.790000915527344,156000,0.0,0.0
2014-03-17 00:00:00-04:00,24.0,24.65999984741211,23.84000015258789,24.06999969482422,207500,0.0,0.0
2014-03-18 00:00:00-04:00,24.0,24.969999313354492,23.520000457763672,24.8700008392334,206600,0.0,0.0
2014-03-19 00:00:00-04:00,24.799999237060547,25.299999237060547,24.040000915527344,25.100000381469727,200000,0.0,0.0
2014-03-20 00:00:00-04:00,25.0,25.690000534057617,24.5,25.510000228881836,194800,0.0,0.0
2014-03-21 00:00:00-04:00,25.690000534057617,26.079999923706055,25.1200008392334,25.350000381469727,241400,0.0,0.0
2014-03-24 00:00:00-04:00,25.34000015258789,25.3799991607666,23.559999465942383,24.309999465942383,147200,0.0,0.0
2014-03-25 00:00:00-04:00,24.469999313354492,25.270000457763672,24.360000610351562,24.760000228881836,139300,0.0,0.0
2014-03-26 00:00:00-04:00,25.030000686645508,25.139999389648438,24.43000030517578,24.690000534057617,137700,0.0,0.0
2014-03-27 00:00:00-04:00,24.6200008392334,25.06999969482422,24.309999465942383,25.0,289200,0.0,0.0
2014-03-28 00:00:00-04:00,25.0,26.06999969482422,24.780000686645508,25.6200008392334,165800,0.0,0.0
2014-03-31 00:00:00-04:00,26.040000915527344,26.600000381469727,25.649999618530273,26.56999969482422,241600,0.0,0.0
2014-04-01 00:00:00-04:00,26.729999542236328,27.100000381469727,26.729999542236328,27.010000228881836,166400,0.0,0.0
2014-04-02 00:00:00-04:00,27.1299991607666,27.350000381469727,26.389999389648438,26.700000762939453,180700,0.0,0.0
2014-04-03 00:00:00-04:00,26.600000381469727,27.489999771118164,25.760000228881836,26.110000610351562,199300,0.0,0.0
2014-04-04 00:00:00-04:00,26.25,26.3799991607666,24.770000457763672,25.15999984741211,136700,0.0,0.0
2014-04-07 00:00:00-04:00,25.049999237060547,25.350000381469727,24.610000610351562,24.959999084472656,169000,0.0,0.0
2014-04-08 00:00:00-04:00,25.079999923706055,25.6299991607666,24.700000762939453,25.260000228881836,130000,0.0,0.0
2014-04-09 00:00:00-04:00,25.3700008392334,26.889999389648438,25.3700008392334,26.780000686645508,167000,0.0,0.0
2014-04-10 00:00:00-04:00,26.780000686645508,26.979999542236328,25.889999389648438,26.110000610351562,168700,0.0,0.0
2014-04-11 00:00:00-04:00,25.670000076293945,26.059999465942383,25.440000534057617,25.700000762939453,112700,0.0,0.0
2014-04-14 00:00:00-04:00,25.920000076293945,26.649999618530273,25.0,25.510000228881836,157600,0.0,0.0
2014-04-15 00:00:00-04:00,25.670000076293945,25.889999389648438,24.700000762939453,25.610000610351562,122000,0.0,0.0
2014-04-16 00:00:00-04:00,26.110000610351562,26.989999771118164,25.780000686645508,26.979999542236328,211200,0.0,0.0
2014-04-17 00:00:00-04:00,27.010000228881836,27.299999237060547,26.65999984741211,27.020000457763672,96900,0.0,0.0
2014-04-21 00:00:00-04:00,27.170000076293945,27.989999771118164,26.290000915527344,27.040000915527344,237200,0.0,0.0
2014-04-22 00:00:00-04:00,27.200000762939453,29.18000030517578,26.989999771118164,29.010000228881836,295100,0.0,0.0
2014-04-23 00:00:00-04:00,29.06999969482422,29.110000610351562,27.889999389648438,28.059999465942383,142400,0.0,0.0
2014-04-24 00:00:00-04:00,29.209999084472656,29.290000915527344,27.700000762939453,28.200000762939453,141700,0.0,0.0
2014-04-25 00:00:00-04:00,27.959999084472656,28.059999465942383,26.610000610351562,27.239999771118164,142000,0.0,0.0
2014-04-28 00:00:00-04:00,27.360000610351562,27.540000915527344,24.709999084472656,26.030000686645508,443800,0.0,0.0
2014-04-29 00:00:00-04:00,25.899999618530273,27.329999923706055,25.5,26.530000686645508,349800,0.0,0.0
2014-04-30 00:00:00-04:00,26.5,27.440000534057617,26.020000457763672,27.440000534057617,142800,0.0,0.0
2014-05-01 00:00:00-04:00,27.440000534057617,28.40999984741211,26.31999969482422,27.639999389648438,156400,0.0,0.0
2014-05-02 00:00:00-04:00,27.770000457763672,28.139999389648438,26.68000030517578,27.25,129900,0.0,0.0
2014-05-05 00:00:00-04:00,27.200000762939453,28.260000228881836,26.649999618530273,28.149999618530273,118200,0.0,0.0
2014-05-06 00:00:00-04:00,28.020000457763672,28.299999237060547,27.200000762939453,27.489999771118164,119100,0.0,0.0
2014-05-07 00:00:00-04:00,27.450000762939453,27.450000762939453,26.030000686645508,26.389999389648438,196300,0.0,0.0
2014-05-08 00:00:00-04:00,25.829999923706055,26.139999389648438,24.139999389648438,24.540000915527344,322400,0.0,0.0
2014-05-09 00:00:00-04:00,24.18000030517578,25.09000015258789,23.299999237060547,24.809999465942383,261800,0.0,0.0
2014-05-12 00:00:00-04:00,24.75,25.549999237060547,24.510000228881836,25.31999969482422,144900,0.0,0.0
2014-05-13 00:00:00-04:00,25.389999389648438,25.93000030517578,24.860000610351562,25.649999618530273,97500,0.0,0.0
2014-05-14 00:00:00-04:00,25.690000534057617,26.0,25.0,25.56999969482422,104500,0.0,0.0
2014-05-15 00:00:00-04:00,25.520000457763672,25.899999618530273,24.84000015258789,25.3700008392334,186000,0.0,0.0
2014-05-16 00:00:00-04:00,25.43000030517578,25.690000534057617,24.15999984741211,25.399999618530273,214500,0.0,0.0
2014-05-19 00:00:00-04:00,25.280000686645508,26.459999084472656,25.280000686645508,26.309999465942383,129600,0.0,0.0
2014-05-20 00:00:00-04:00,26.3700008392334,26.65999984741211,25.84000015258789,26.270000457763672,122400,0.0,0.0
2014-05-21 00:00:00-04:00,26.420000076293945,27.100000381469727,26.1299991607666,26.920000076293945,115100,0.0,0.0
2014-05-22 00:00:00-04:00,27.079999923706055,27.6200008392334,26.549999237060547,26.899999618530273,111500,0.0,0.0
2014-05-23 00:00:00-04:00,26.799999237060547,26.989999771118164,25.989999771118164,26.209999084472656,109000,0.0,0.0
2014-05-27 00:00:00-04:00,26.3700008392334,26.719999313354492,25.270000457763672,25.389999389648438,244600,0.0,0.0
2014-05-28 00:00:00-04:00,25.450000762939453,25.469999313354492,24.600000381469727,25.06999969482422,463500,0.0,0.0
2014-05-29 00:00:00-04:00,25.329999923706055,25.5,24.90999984741211,25.200000762939453,453000,0.0,0.0
2014-05-30 00:00:00-04:00,25.100000381469727,25.489999771118164,23.790000915527344,23.81999969482422,353800,0.0,0.0
2014-06-02 00:00:00-04:00,24.0,24.0,22.25,23.06999969482422,642600,0.0,0.0
2014-06-03 00:00:00-04:00,22.989999771118164,23.239999771118164,22.1299991607666,22.950000762939453,207900,0.0,0.0
2014-06-04 00:00:00-04:00,22.93000030517578,23.479999542236328,22.860000610351562,23.299999237060547,195000,0.0,0.0
2014-06-05 00:00:00-04:00,23.139999389648438,23.690000534057617,22.809999465942383,23.229999542236328,150100,0.0,0.0
2014-06-06 00:00:00-04:00,23.270000457763672,24.329999923706055,22.579999923706055,24.030000686645508,201900,0.0,0.0
2014-06-09 00:00:00-04:00,24.1200008392334,24.790000915527344,23.709999084472656,23.8799991607666,202900,0.0,0.0
2014-06-10 00:00:00-04:00,23.829999923706055,24.5,23.020000457763672,23.31999969482422,207100,0.0,0.0
2014-06-11 00:00:00-04:00,23.280000686645508,24.260000228881836,23.149999618530273,24.229999542236328,261600,0.0,0.0
2014-06-12 00:00:00-04:00,24.5,26.25,23.790000915527344,23.899999618530273,514500,0.0,0.0
2014-06-13 00:00:00-04:00,23.950000762939453,24.049999237060547,23.350000381469727,23.829999923706055,499200,0.0,0.0
2014-06-16 00:00:00-04:00,25.020000457763672,25.670000076293945,24.010000228881836,24.489999771118164,1066600,0.0,0.0
2014-06-17 00:00:00-04:00,25.690000534057617,25.700000762939453,24.420000076293945,24.959999084472656,504500,0.0,0.0
2014-06-18 00:00:00-04:00,24.950000762939453,24.950000762939453,24.110000610351562,24.56999969482422,224800,0.0,0.0
2014-06-19 00:00:00-04:00,24.5,24.65999984741211,24.229999542236328,24.31999969482422,221300,0.0,0.0
2014-06-20 00:00:00-04:00,24.350000381469727,24.459999084472656,23.889999389648438,24.299999237060547,235500,0.0,0.0
2014-06-23 00:00:00-04:00,24.270000457763672,24.43000030517578,23.93000030517578,24.079999923706055,149200,0.0,0.0
2014-06-24 00:00:00-04:00,24.059999465942383,24.209999084472656,22.850000381469727,22.93000030517578,252400,0.0,0.0
2014-06-25 00:00:00-04:00,22.989999771118164,23.559999465942383,22.709999084472656,23.260000228881836,244300,0.0,0.0
2014-06-26 00:00:00-04:00,23.260000228881836,23.639999389648438,23.149999618530273,23.299999237060547,166000,0.0,0.0
2014-06-27 00:00:00-04:00,23.170000076293945,23.979999542236328,23.06999969482422,23.299999237060547,2384100,0.0,0.0
2014-06-30 00:00:00-04:00,23.299999237060547,24.479999542236328,23.170000076293945,24.350000381469727,398700,0.0,0.0
2014-07-01 00:00:00-04:00,24.440000534057617,25.25,24.18000030517578,24.56999969482422,341600,0.0,0.0
2014-07-02 00:00:00-04:00,24.479999542236328,24.600000381469727,24.09000015258789,24.260000228881836,217100,0.0,0.0
2014-07-03 00:00:00-04:00,24.329999923706055,24.59000015258789,24.0,24.1299991607666,106000,0.0,0.0
2014-07-07 00:00:00-04:00,24.06999969482422,24.1299991607666,23.610000610351562,23.770000457763672,165900,0.0,0.0
2014-07-08 00:00:00-04:00,23.670000076293945,24.31999969482422,23.489999771118164,24.299999237060547,298100,0.0,0.0
2014-07-09 00:00:00-04:00,24.290000915527344,24.760000228881836,24.100000381469727,24.549999237060547,159500,0.0,0.0
2014-07-10 00:00:00-04:00,23.989999771118164,24.809999465942383,23.020000457763672,24.530000686645508,195300,0.0,0.0
2014-07-11 00:00:00-04:00,24.420000076293945,24.68000030517578,24.229999542236328,24.549999237060547,102300,0.0,0.0
2014-07-14 00:00:00-04:00,24.8700008392334,25.860000610351562,24.5,25.829999923706055,214500,0.0,0.0
2014-07-15 00:00:00-04:00,25.84000015258789,25.84000015258789,24.829999923706055,24.950000762939453,118800,0.0,0.0
2014-07-16 00:00:00-04:00,25.100000381469727,25.100000381469727,24.440000534057617,24.68000030517578,218500,0.0,0.0
2014-07-17 00:00:00-04:00,24.559999465942383,25.059999465942383,24.489999771118164,24.510000228881836,143400,0.0,0.0
2014-07-18 00:00:00-04:00,24.5,24.729999542236328,24.420000076293945,24.670000076293945,106100,0.0,0.0
2014-07-21 00:00:00-04:00,24.610000610351562,24.790000915527344,24.270000457763672,24.489999771118164,71300,0.0,0.0
2014-07-22 00:00:00-04:00,24.56999969482422,24.59000015258789,23.959999084472656,24.18000030517578,116500,0.0,0.0
2014-07-23 00:00:00-04:00,24.25,24.299999237060547,24.030000686645508,24.200000762939453,110300,0.0,0.0
2014-07-24 00:00:00-04:00,24.25,24.25,23.59000015258789,23.799999237060547,113900,0.0,0.0
2014-07-25 00:00:00-04:00,23.65999984741211,23.670000076293945,22.989999771118164,23.190000534057617,159400,0.0,0.0
2014-07-28 00:00:00-04:00,23.1200008392334,23.260000228881836,22.989999771118164,23.020000457763672,124100,0.0,0.0
2014-07-29 00:00:00-04:00,23.059999465942383,23.40999984741211,23.0,23.059999465942383,113400,0.0,0.0
2014-07-30 00:00:00-04:00,23.209999084472656,23.510000228881836,22.90999984741211,22.979999542236328,187600,0.0,0.0
2014-07-31 00:00:00-04:00,22.739999771118164,23.020000457763672,21.81999969482422,22.260000228881836,194600,0.0,0.0
2014-08-01 00:00:00-04:00,22.209999084472656,22.940000534057617,21.790000915527344,22.700000762939453,128400,0.0,0.0
2014-08-04 00:00:00-04:00,22.8700008392334,23.399999618530273,22.559999465942383,23.280000686645508,122400,0.0,0.0
2014-08-05 00:00:00-04:00,23.15999984741211,23.549999237060547,22.93000030517578,23.25,124900,0.0,0.0
2014-08-06 00:00:00-04:00,23.059999465942383,23.84000015258789,22.899999618530273,23.459999084472656,93700,0.0,0.0
2014-08-07 00:00:00-04:00,23.579999923706055,23.940000534057617,23.190000534057617,23.260000228881836,104800,0.0,0.0
2014-08-08 00:00:00-04:00,23.3700008392334,23.809999465942383,23.010000228881836,23.790000915527344,388500,0.0,0.0
2014-08-11 00:00:00-04:00,25.020000457763672,26.440000534057617,24.290000915527344,26.350000381469727,533100,0.0,0.0
2014-08-12 00:00:00-04:00,26.219999313354492,26.75,25.709999084472656,26.75,258100,0.0,0.0
2014-08-13 00:00:00-04:00,26.8700008392334,28.700000762939453,26.860000610351562,28.59000015258789,323900,0.0,0.0
2014-08-14 00:00:00-04:00,28.600000381469727,28.700000762939453,28.0,28.549999237060547,223800,0.0,0.0
2014-08-15 00:00:00-04:00,28.579999923706055,28.59000015258789,27.649999618530273,28.18000030517578,114100,0.0,0.0
2014-08-18 00:00:00-04:00,28.40999984741211,28.40999984741211,27.81999969482422,28.020000457763672,101700,0.0,0.0
2014-08-19 00:00:00-04:00,28.030000686645508,28.049999237060547,27.18000030517578,27.8700008392334,95400,0.0,0.0
2014-08-20 00:00:00-04:00,27.719999313354492,27.959999084472656,27.299999237060547,27.489999771118164,111700,0.0,0.0
2014-08-21 00:00:00-04:00,27.100000381469727,27.100000381469727,25.5,26.420000076293945,340500,0.0,0.0
2014-08-22 00:00:00-04:00,26.420000076293945,27.90999984741211,26.360000610351562,27.440000534057617,235400,0.0,0.0
2014-08-25 00:00:00-04:00,27.649999618530273,27.719999313354492,26.850000381469727,27.15999984741211,229800,0.0,0.0
2014-08-26 00:00:00-04:00,27.09000015258789,28.200000762939453,26.860000610351562,27.84000015258789,305200,0.0,0.0
2014-08-27 00:00:00-04:00,29.530000686645508,31.0,29.149999618530273,29.829999923706055,2603600,0.0,0.0
2014-08-28 00:00:00-04:00,29.510000228881836,30.719999313354492,29.350000381469727,30.520000457763672,356200,0.0,0.0
2014-08-29 00:00:00-04:00,30.700000762939453,30.770000457763672,29.979999542236328,30.31999969482422,152300,0.0,0.0
2014-09-02 00:00:00-04:00,30.309999465942383,31.020000457763672,30.309999465942383,30.56999969482422,163300,0.0,0.0
2014-09-03 00:00:00-04:00,30.600000381469727,31.0,30.030000686645508,30.209999084472656,233600,0.0,0.0
2014-09-04 00:00:00-04:00,30.34000015258789,30.59000015258789,30.299999237060547,30.40999984741211,147400,0.0,0.0
2014-09-05 00:00:00-04:00,30.280000686645508,30.799999237060547,30.209999084472656,30.309999465942383,175200,0.0,0.0
2014-09-08 00:00:00-04:00,30.350000381469727,30.90999984741211,30.260000228881836,30.850000381469727,151200,0.0,0.0
2014-09-09 00:00:00-04:00,30.829999923706055,31.0,30.309999465942383,30.34000015258789,143100,0.0,0.0
2014-09-10 00:00:00-04:00,30.34000015258789,30.420000076293945,29.850000381469727,30.139999389648438,174600,0.0,0.0
2014-09-11 00:00:00-04:00,30.0,30.670000076293945,29.969999313354492,30.110000610351562,136800,0.0,0.0
2014-09-12 00:00:00-04:00,30.170000076293945,30.280000686645508,29.540000915527344,29.709999084472656,178800,0.0,0.0
2014-09-15 00:00:00-04:00,29.8700008392334,30.010000228881836,29.450000762939453,29.780000686645508,180100,0.0,0.0
2014-09-16 00:00:00-04:00,29.610000610351562,30.280000686645508,29.399999618530273,29.940000534057617,183500,0.0,0.0
2014-09-17 00:00:00-04:00,30.030000686645508,30.399999618530273,29.8700008392334,29.989999771118164,120500,0.0,0.0
2014-09-18 00:00:00-04:00,30.170000076293945,30.209999084472656,29.520000457763672,29.56999969482422,99300,0.0,0.0
2014-09-19 00:00:00-04:00,29.639999389648438,29.770000457763672,28.290000915527344,28.3799991607666,170900,0.0,0.0
2014-09-22 00:00:00-04:00,28.209999084472656,28.389999389648438,27.309999465942383,27.739999771118164,253700,0.0,0.0
2014-09-23 00:00:00-04:00,27.5,27.90999984741211,27.25,27.56999969482422,279400,0.0,0.0
2014-09-24 00:00:00-04:00,27.579999923706055,28.270000457763672,27.209999084472656,28.030000686645508,186500,0.0,0.0
2014-09-25 00:00:00-04:00,28.030000686645508,28.1299991607666,27.31999969482422,27.3700008392334,326500,0.0,0.0
2014-09-26 00:00:00-04:00,27.540000915527344,27.65999984741211,26.920000076293945,27.399999618530273,205500,0.0,0.0
2014-09-29 00:00:00-04:00,27.139999389648438,27.780000686645508,26.84000015258789,27.489999771118164,178500,0.0,0.0
2014-09-30 00:00:00-04:00,27.5,27.5,27.139999389648438,27.209999084472656,523400,0.0,0.0
2014-10-01 00:00:00-04:00,27.139999389648438,27.260000228881836,25.709999084472656,26.079999923706055,308800,0.0,0.0
2014-10-02 00:00:00-04:00,26.139999389648438,26.700000762939453,25.860000610351562,26.280000686645508,200200,0.0,0.0
2014-10-03 00:00:00-04:00,26.559999465942383,26.559999465942383,25.56999969482422,25.610000610351562,135900,0.0,0.0
2014-10-06 00:00:00-04:00,25.690000534057617,25.850000381469727,25.049999237060547,25.260000228881836,93400,0.0,0.0
2014-10-07 00:00:00-04:00,25.100000381469727,25.149999618530273,24.59000015258789,24.780000686645508,155200,0.0,0.0
2014-10-08 00:00:00-04:00,24.75,24.780000686645508,23.799999237060547,24.600000381469727,316300,0.0,0.0
2014-10-09 00:00:00-04:00,24.540000915527344,24.65999984741211,24.030000686645508,24.209999084472656,245500,0.0,0.0
2014-10-10 00:00:00-04:00,24.110000610351562,24.93000030517578,23.479999542236328,24.030000686645508,164100,0.0,0.0
2014-10-13 00:00:00-04:00,23.959999084472656,24.3799991607666,23.479999542236328,23.579999923706055,205100,0.0,0.0
2014-10-14 00:00:00-04:00,23.81999969482422,24.510000228881836,23.299999237060547,24.459999084472656,347300,0.0,0.0
2014-10-15 00:00:00-04:00,24.149999618530273,25.1200008392334,23.65999984741211,25.059999465942383,252900,0.0,0.0
2014-10-16 00:00:00-04:00,24.649999618530273,25.81999969482422,24.100000381469727,25.719999313354492,397400,0.0,0.0
2014-10-17 00:00:00-04:00,26.0,26.0,24.420000076293945,24.649999618530273,173900,0.0,0.0
2014-10-20 00:00:00-04:00,24.649999618530273,24.860000610351562,24.079999923706055,24.469999313354492,123000,0.0,0.0
2014-10-21 00:00:00-04:00,24.68000030517578,24.850000381469727,24.229999542236328,24.850000381469727,425900,0.0,0.0
2014-10-22 00:00:00-04:00,24.969999313354492,25.149999618530273,24.1299991607666,24.610000610351562,226100,0.0,0.0
2014-10-23 00:00:00-04:00,24.93000030517578,26.059999465942383,24.670000076293945,25.81999969482422,255800,0.0,0.0
2014-10-24 00:00:00-04:00,25.780000686645508,25.959999084472656,25.479999542236328,25.6200008392334,108000,0.0,0.0
2014-10-27 00:00:00-04:00,25.420000076293945,25.84000015258789,25.200000762939453,25.520000457763672,115500,0.0,0.0
2014-10-28 00:00:00-04:00,25.65999984741211,27.190000534057617,25.459999084472656,27.1299991607666,178200,0.0,0.0
2014-10-29 00:00:00-04:00,27.209999084472656,27.760000228881836,26.75,27.450000762939453,201000,0.0,0.0
2014-10-30 00:00:00-04:00,27.329999923706055,27.739999771118164,26.75,27.31999969482422,183600,0.0,0.0
2014-10-31 00:00:00-04:00,27.979999542236328,29.600000381469727,27.420000076293945,29.040000915527344,231700,0.0,0.0
2014-11-03 00:00:00-05:00,28.989999771118164,29.520000457763672,28.6200008392334,29.389999389648438,269100,0.0,0.0
2014-11-04 00:00:00-05:00,30.5,30.5,29.229999542236328,29.329999923706055,192800,0.0,0.0
2014-11-05 00:00:00-05:00,29.6200008392334,29.6200008392334,28.950000762939453,29.049999237060547,210500,0.0,0.0
2014-11-06 00:00:00-05:00,29.030000686645508,29.719999313354492,29.0,29.6299991607666,253200,0.0,0.0
2014-11-07 00:00:00-05:00,29.690000534057617,29.8700008392334,28.860000610351562,29.270000457763672,229100,0.0,0.0
2014-11-10 00:00:00-05:00,30.739999771118164,33.7599983215332,29.299999237060547,31.700000762939453,1198300,0.0,0.0
2014-11-11 00:00:00-05:00,32.0,34.7599983215332,31.969999313354492,34.22999954223633,571500,0.0,0.0
2014-11-12 00:00:00-05:00,33.90999984741211,34.66999816894531,33.77000045776367,34.20000076293945,355900,0.0,0.0
2014-11-13 00:00:00-05:00,34.13999938964844,35.25,33.790000915527344,34.380001068115234,320200,0.0,0.0
2014-11-14 00:00:00-05:00,34.29999923706055,34.43000030517578,33.75,34.029998779296875,333400,0.0,0.0
2014-11-17 00:00:00-05:00,34.04999923706055,34.66999816894531,33.709999084472656,34.2599983215332,287900,0.0,0.0
2014-11-18 00:00:00-05:00,34.16999816894531,34.66999816894531,33.66999816894531,33.81999969482422,231900,0.0,0.0
2014-11-19 00:00:00-05:00,33.630001068115234,33.970001220703125,33.119998931884766,33.66999816894531,149400,0.0,0.0
2014-11-20 00:00:00-05:00,33.43000030517578,34.220001220703125,33.38999938964844,33.97999954223633,83500,0.0,0.0
2014-11-21 00:00:00-05:00,34.5,34.5,33.15999984741211,33.25,108800,0.0,0.0
2014-11-24 00:00:00-05:00,33.22999954223633,33.33000183105469,31.780000686645508,32.68000030517578,264900,0.0,0.0
2014-11-25 00:00:00-05:00,32.7599983215332,33.689998626708984,32.31999969482422,33.47999954223633,133900,0.0,0.0
2014-11-26 00:00:00-05:00,33.56999969482422,34.22999954223633,32.81999969482422,33.93000030517578,111000,0.0,0.0
2014-11-28 00:00:00-05:00,33.970001220703125,34.20000076293945,33.209999084472656,33.75,62200,0.0,0.0
2014-12-01 00:00:00-05:00,33.68000030517578,33.68000030517578,33.0099983215332,33.08000183105469,182500,0.0,0.0
2014-12-02 00:00:00-05:00,33.2400016784668,34.68000030517578,33.189998626708984,34.65999984741211,132000,0.0,0.0
2014-12-03 00:00:00-05:00,34.779998779296875,36.279998779296875,34.630001068115234,36.09000015258789,299900,0.0,0.0
2014-12-04 00:00:00-05:00,36.04999923706055,36.43000030517578,34.900001525878906,34.97999954223633,192800,0.0,0.0
2014-12-05 00:00:00-05:00,35.25,35.86000061035156,34.16999816894531,34.27000045776367,193300,0.0,0.0
2014-12-08 00:00:00-05:00,34.0,34.189998626708984,32.66999816894531,32.779998779296875,159400,0.0,0.0
2014-12-09 00:00:00-05:00,32.29999923706055,33.599998474121094,31.56999969482422,33.529998779296875,212100,0.0,0.0
2014-12-10 00:00:00-05:00,33.5,33.970001220703125,33.0,33.040000915527344,175100,0.0,0.0
2014-12-11 00:00:00-05:00,33.130001068115234,33.220001220703125,32.599998474121094,32.849998474121094,225500,0.0,0.0
2014-12-12 00:00:00-05:00,32.43000030517578,32.869998931884766,31.360000610351562,31.40999984741211,127000,0.0,0.0
2014-12-15 00:00:00-05:00,31.690000534057617,32.04999923706055,31.190000534057617,31.850000381469727,202400,0.0,0.0
2014-12-16 00:00:00-05:00,31.90999984741211,32.54999923706055,31.329999923706055,31.84000015258789,190600,0.0,0.0
2014-12-17 00:00:00-05:00,31.84000015258789,32.220001220703125,31.68000030517578,32.06999969482422,113400,0.0,0.0
2014-12-18 00:00:00-05:00,32.56999969482422,33.4900016784668,32.11000061035156,33.380001068115234,137200,0.0,0.0
2014-12-19 00:00:00-05:00,33.33000183105469,34.5,32.90999984741211,34.459999084472656,243800,0.0,0.0
2014-12-22 00:00:00-05:00,34.439998626708984,35.13999938964844,34.04999923706055,34.279998779296875,111100,0.0,0.0
2014-12-23 00:00:00-05:00,34.56999969482422,34.56999969482422,32.7400016784668,32.880001068115234,118800,0.0,0.0
2014-12-24 00:00:00-05:00,33.040000915527344,33.45000076293945,32.709999084472656,33.400001525878906,63200,0.0,0.0
2014-12-26 00:00:00-05:00,33.41999816894531,33.619998931884766,31.8799991607666,31.969999313354492,140100,0.0,0.0
2014-12-29 00:00:00-05:00,31.889999389648438,32.189998626708984,31.6299991607666,31.709999084472656,154700,0.0,0.0
2014-12-30 00:00:00-05:00,31.700000762939453,31.700000762939453,29.649999618530273,29.770000457763672,159700,0.0,0.0
2014-12-31 00:00:00-05:00,29.790000915527344,31.59000015258789,29.579999923706055,31.09000015258789,185300,0.0,0.0
2015-01-02 00:00:00-05:00,31.34000015258789,31.43000030517578,29.889999389648438,30.670000076293945,115800,0.0,0.0
2015-01-05 00:00:00-05:00,30.3799991607666,31.440000534057617,29.25,29.420000076293945,191600,0.0,0.0
2015-01-06 00:00:00-05:00,29.43000030517578,29.520000457763672,28.170000076293945,28.90999984741211,200300,0.0,0.0
2015-01-07 00:00:00-05:00,29.229999542236328,29.559999465942383,28.469999313354492,28.549999237060547,220900,0.0,0.0
2015-01-08 00:00:00-05:00,28.899999618530273,30.739999771118164,28.899999618530273,30.59000015258789,519600,0.0,0.0
2015-01-09 00:00:00-05:00,30.59000015258789,30.899999618530273,29.899999618530273,30.139999389648438,113500,0.0,0.0
2015-01-12 00:00:00-05:00,30.139999389648438,30.6200008392334,29.5,29.649999618530273,101300,0.0,0.0
2015-01-13 00:00:00-05:00,29.989999771118164,30.399999618530273,29.770000457763672,30.3700008392334,147400,0.0,0.0
2015-01-14 00:00:00-05:00,30.049999237060547,30.6200008392334,29.6299991607666,30.469999313354492,95300,0.0,0.0
2015-01-15 00:00:00-05:00,30.489999771118164,30.489999771118164,29.059999465942383,29.100000381469727,94900,0.0,0.0
2015-01-16 00:00:00-05:00,29.0,29.959999084472656,28.770000457763672,29.8799991607666,226200,0.0,0.0
2015-01-20 00:00:00-05:00,30.149999618530273,31.649999618530273,29.59000015258789,31.579999923706055,287400,0.0,0.0
2015-01-21 00:00:00-05:00,31.389999389648438,31.530000686645508,29.350000381469727,30.420000076293945,193400,0.0,0.0
2015-01-22 00:00:00-05:00,30.690000534057617,30.75,29.889999389648438,30.700000762939453,179800,0.0,0.0
2015-01-23 00:00:00-05:00,30.610000610351562,31.239999771118164,30.31999969482422,30.940000534057617,96000,0.0,0.0
2015-01-26 00:00:00-05:00,30.899999618530273,31.139999389648438,30.31999969482422,30.969999313354492,169300,0.0,0.0
2015-01-27 00:00:00-05:00,30.489999771118164,30.549999237060547,29.700000762939453,30.219999313354492,137800,0.0,0.0
2015-01-28 00:00:00-05:00,30.43000030517578,30.43000030517578,28.510000228881836,28.90999984741211,177100,0.0,0.0
2015-01-29 00:00:00-05:00,28.889999389648438,29.389999389648438,27.889999389648438,28.0,434100,0.0,0.0
2015-01-30 00:00:00-05:00,27.81999969482422,28.0,25.959999084472656,26.1200008392334,344000,0.0,0.0
2015-02-02 00:00:00-05:00,26.110000610351562,26.34000015258789,25.81999969482422,25.899999618530273,264300,0.0,0.0
2015-02-03 00:00:00-05:00,26.139999389648438,27.31999969482422,26.139999389648438,26.799999237060547,432000,0.0,0.0
2015-02-04 00:00:00-05:00,26.799999237060547,27.450000762939453,26.760000228881836,26.8700008392334,233100,0.0,0.0
2015-02-05 00:00:00-05:00,27.040000915527344,27.239999771118164,25.649999618530273,26.1299991607666,242600,0.0,0.0
2015-02-06 00:00:00-05:00,26.059999465942383,28.209999084472656,25.860000610351562,27.40999984741211,612800,0.0,0.0
2015-02-09 00:00:00-05:00,27.920000076293945,29.049999237060547,26.0,28.860000610351562,903800,0.0,0.0
2015-02-10 00:00:00-05:00,29.229999542236328,29.399999618530273,27.15999984741211,27.209999084472656,473200,0.0,0.0
2015-02-11 00:00:00-05:00,27.030000686645508,27.030000686645508,25.3700008392334,25.43000030517578,421700,0.0,0.0
2015-02-12 00:00:00-05:00,25.56999969482422,25.799999237060547,23.25,24.1299991607666,1136200,0.0,0.0
2015-02-13 00:00:00-05:00,24.440000534057617,24.65999984741211,23.75,24.079999923706055,291000,0.0,0.0
2015-02-17 00:00:00-05:00,24.020000457763672,24.260000228881836,23.350000381469727,23.6299991607666,210000,0.0,0.0
2015-02-18 00:00:00-05:00,23.530000686645508,24.1299991607666,23.3700008392334,24.059999465942383,245500,0.0,0.0
2015-02-19 00:00:00-05:00,23.90999984741211,24.200000762939453,23.540000915527344,24.030000686645508,264200,0.0,0.0
2015-02-20 00:00:00-05:00,23.989999771118164,24.0,22.1200008392334,22.950000762939453,1200500,0.0,0.0
2015-02-23 00:00:00-05:00,22.940000534057617,23.75,22.5,23.68000030517578,289800,0.0,0.0
2015-02-24 00:00:00-05:00,23.75,25.899999618530273,23.579999923706055,24.860000610351562,385600,0.0,0.0
2015-02-25 00:00:00-05:00,24.809999465942383,26.040000915527344,24.5,26.020000457763672,266200,0.0,0.0
2015-02-26 00:00:00-05:00,25.8799991607666,26.389999389648438,25.850000381469727,26.270000457763672,234500,0.0,0.0
2015-02-27 00:00:00-05:00,26.299999237060547,26.350000381469727,25.6200008392334,26.25,301500,0.0,0.0
2015-03-02 00:00:00-05:00,26.290000915527344,26.84000015258789,26.149999618530273,26.610000610351562,192400,0.0,0.0
2015-03-03 00:00:00-05:00,26.420000076293945,26.420000076293945,25.6200008392334,26.100000381469727,242400,0.0,0.0
2015-03-04 00:00:00-05:00,25.950000762939453,26.389999389648438,25.65999984741211,25.780000686645508,99200,0.0,0.0
2015-03-05 00:00:00-05:00,25.790000915527344,25.959999084472656,25.469999313354492,25.780000686645508,145700,0.0,0.0
2015-03-06 00:00:00-05:00,25.520000457763672,26.170000076293945,25.34000015258789,26.100000381469727,164800,0.0,0.0
2015-03-09 00:00:00-04:00,26.25,26.350000381469727,25.489999771118164,26.209999084472656,180300,0.0,0.0
2015-03-10 00:00:00-04:00,25.940000534057617,26.0,24.610000610351562,25.43000030517578,231900,0.0,0.0
2015-03-11 00:00:00-04:00,25.420000076293945,25.540000915527344,24.979999542236328,25.5,171700,0.0,0.0
2015-03-12 00:00:00-04:00,25.649999618530273,26.219999313354492,25.170000076293945,26.049999237060547,260200,0.0,0.0
2015-03-13 00:00:00-04:00,25.950000762939453,26.31999969482422,25.479999542236328,25.700000762939453,203500,0.0,0.0
2015-03-16 00:00:00-04:00,25.889999389648438,26.31999969482422,25.549999237060547,26.260000228881836,114800,0.0,0.0
2015-03-17 00:00:00-04:00,26.25,26.649999618530273,25.709999084472656,26.530000686645508,143400,0.0,0.0
2015-03-18 00:00:00-04:00,26.270000457763672,26.8700008392334,26.040000915527344,26.600000381469727,104200,0.0,0.0
2015-03-19 00:00:00-04:00,26.579999923706055,26.639999389648438,26.15999984741211,26.25,127800,0.0,0.0
2015-03-20 00:00:00-04:00,26.290000915527344,26.350000381469727,26.079999923706055,26.200000762939453,293600,0.0,0.0
2015-03-23 00:00:00-04:00,26.1299991607666,26.399999618530273,25.969999313354492,26.329999923706055,210200,0.0,0.0
2015-03-24 00:00:00-04:00,26.389999389648438,26.489999771118164,26.010000228881836,26.389999389648438,170300,0.0,0.0
2015-03-25 00:00:00-04:00,26.610000610351562,26.8700008392334,26.229999542236328,26.489999771118164,181000,0.0,0.0
2015-03-26 00:00:00-04:00,26.34000015258789,27.899999618530273,26.219999313354492,27.8799991607666,193500,0.0,0.0
2015-03-27 00:00:00-04:00,27.829999923706055,28.030000686645508,27.25,27.959999084472656,147800,0.0,0.0
2015-03-30 00:00:00-04:00,27.989999771118164,28.459999084472656,27.81999969482422,28.149999618530273,87500,0.0,0.0
2015-03-31 00:00:00-04:00,27.959999084472656,28.639999389648438,27.739999771118164,27.790000915527344,104200,0.0,0.0
2015-04-01 00:00:00-04:00,27.6299991607666,27.6299991607666,26.920000076293945,27.170000076293945,123400,0.0,0.0
2015-04-02 00:00:00-04:00,27.06999969482422,27.549999237060547,27.06999969482422,27.34000015258789,84100,0.0,0.0
2015-04-06 00:00:00-04:00,27.219999313354492,27.799999237060547,27.09000015258789,27.649999618530273,61900,0.0,0.0
2015-04-07 00:00:00-04:00,27.690000534057617,27.799999237060547,27.170000076293945,27.219999313354492,57400,0.0,0.0
2015-04-08 00:00:00-04:00,27.15999984741211,27.520000457763672,27.15999984741211,27.479999542236328,69500,0.0,0.0
2015-04-09 00:00:00-04:00,27.510000228881836,27.799999237060547,27.06999969482422,27.260000228881836,69800,0.0,0.0
2015-04-10 00:00:00-04:00,27.440000534057617,28.030000686645508,27.299999237060547,27.899999618530273,118500,0.0,0.0
2015-04-13 00:00:00-04:00,27.809999465942383,28.31999969482422,27.399999618530273,27.829999923706055,63800,0.0,0.0
2015-04-14 00:00:00-04:00,27.940000534057617,28.219999313354492,27.59000015258789,27.700000762939453,59300,0.0,0.0
2015-04-15 00:00:00-04:00,27.90999984741211,28.09000015258789,27.579999923706055,27.84000015258789,50600,0.0,0.0
2015-04-16 00:00:00-04:00,27.8700008392334,28.549999237060547,27.690000534057617,28.100000381469727,94700,0.0,0.0
2015-04-17 00:00:00-04:00,27.899999618530273,28.059999465942383,27.149999618530273,27.559999465942383,191300,0.0,0.0
2015-04-20 00:00:00-04:00,27.75,28.729999542236328,27.6299991607666,28.43000030517578,145500,0.0,0.0
2015-04-21 00:00:00-04:00,28.459999084472656,28.610000610351562,28.06999969482422,28.43000030517578,92500,0.0,0.0
2015-04-22 00:00:00-04:00,28.31999969482422,28.81999969482422,28.059999465942383,28.510000228881836,70100,0.0,0.0
2015-04-23 00:00:00-04:00,28.399999618530273,29.770000457763672,28.239999771118164,29.59000015258789,161200,0.0,0.0
2015-04-24 00:00:00-04:00,29.649999618530273,29.649999618530273,28.899999618530273,29.329999923706055,216600,0.0,0.0
2015-04-27 00:00:00-04:00,29.31999969482422,30.0,29.110000610351562,29.34000015258789,113400,0.0,0.0
2015-04-28 00:00:00-04:00,29.260000228881836,29.8700008392334,28.969999313354492,29.5,114800,0.0,0.0
2015-04-29 00:00:00-04:00,29.389999389648438,29.8799991607666,29.1200008392334,29.25,88400,0.0,0.0
2015-04-30 00:00:00-04:00,29.010000228881836,29.350000381469727,27.899999618530273,29.229999542236328,243700,0.0,0.0
2015-05-01 00:00:00-04:00,29.329999923706055,29.420000076293945,27.299999237060547,27.81999969482422,177200,0.0,0.0
2015-05-04 00:00:00-04:00,27.8700008392334,28.299999237060547,27.280000686645508,27.389999389648438,72400,0.0,0.0
2015-05-05 00:00:00-04:00,27.3799991607666,27.489999771118164,26.530000686645508,26.8700008392334,143100,0.0,0.0
2015-05-06 00:00:00-04:00,26.8700008392334,27.31999969482422,25.950000762939453,26.200000762939453,120100,0.0,0.0
2015-05-07 00:00:00-04:00,26.079999923706055,26.3700008392334,25.860000610351562,26.260000228881836,109700,0.0,0.0
2015-05-08 00:00:00-04:00,26.59000015258789,27.690000534057617,26.31999969482422,26.510000228881836,98300,0.0,0.0
2015-05-11 00:00:00-04:00,26.520000457763672,27.040000915527344,26.5,26.799999237060547,99900,0.0,0.0
2015-05-12 00:00:00-04:00,26.700000762939453,27.09000015258789,26.549999237060547,26.93000030517578,57200,0.0,0.0
2015-05-13 00:00:00-04:00,26.950000762939453,28.200000762939453,26.610000610351562,28.010000228881836,218100,0.0,0.0
2015-05-14 00:00:00-04:00,28.049999237060547,29.450000762939453,27.940000534057617,29.399999618530273,177900,0.0,0.0
2015-05-15 00:00:00-04:00,29.479999542236328,29.690000534057617,29.049999237060547,29.479999542236328,171400,0.0,0.0
2015-05-18 00:00:00-04:00,29.440000534057617,30.0,28.899999618530273,29.770000457763672,89400,0.0,0.0
2015-05-19 00:00:00-04:00,29.700000762939453,30.450000762939453,29.270000457763672,30.079999923706055,168400,0.0,0.0
2015-05-20 00:00:00-04:00,30.049999237060547,30.100000381469727,29.440000534057617,29.940000534057617,75200,0.0,0.0
2015-05-21 00:00:00-04:00,29.959999084472656,30.68000030517578,29.780000686645508,29.81999969482422,189000,0.0,0.0
2015-05-22 00:00:00-04:00,29.700000762939453,30.049999237060547,29.540000915527344,30.010000228881836,77200,0.0,0.0
2015-05-26 00:00:00-04:00,29.889999389648438,29.989999771118164,28.90999984741211,29.90999984741211,61700,0.0,0.0
2015-05-27 00:00:00-04:00,29.90999984741211,29.989999771118164,29.65999984741211,29.90999984741211,156900,0.0,0.0
2015-05-28 00:00:00-04:00,29.809999465942383,30.739999771118164,28.850000381469727,29.579999923706055,436500,0.0,0.0
2015-05-29 00:00:00-04:00,29.5,29.5,27.770000457763672,28.770000457763672,334800,0.0,0.0
2015-06-01 00:00:00-04:00,29.0,30.3700008392334,28.799999237060547,30.170000076293945,103500,0.0,0.0
2015-06-02 00:00:00-04:00,29.959999084472656,30.889999389648438,29.600000381469727,30.110000610351562,103400,0.0,0.0
2015-06-03 00:00:00-04:00,30.280000686645508,30.5,29.899999618530273,30.040000915527344,90000,0.0,0.0
2015-06-04 00:00:00-04:00,29.950000762939453,30.350000381469727,29.690000534057617,30.31999969482422,135100,0.0,0.0
2015-06-05 00:00:00-04:00,30.190000534057617,30.729999542236328,29.940000534057617,30.700000762939453,67100,0.0,0.0
2015-06-08 00:00:00-04:00,30.549999237060547,31.59000015258789,30.549999237060547,31.399999618530273,128200,0.0,0.0
2015-06-09 00:00:00-04:00,31.469999313354492,31.530000686645508,30.030000686645508,30.239999771118164,170500,0.0,0.0
2015-06-10 00:00:00-04:00,30.329999923706055,31.290000915527344,30.329999923706055,31.100000381469727,128100,0.0,0.0
2015-06-11 00:00:00-04:00,31.110000610351562,31.149999618530273,30.3700008392334,30.65999984741211,87000,0.0,0.0
2015-06-12 00:00:00-04:00,30.68000030517578,30.979999542236328,29.510000228881836,29.81999969482422,279500,0.0,0.0
2015-06-15 00:00:00-04:00,30.56999969482422,31.229999542236328,28.729999542236328,29.200000762939453,642500,0.0,0.0
2015-06-16 00:00:00-04:00,29.299999237060547,31.190000534057617,29.09000015258789,30.90999984741211,284200,0.0,0.0
2015-06-17 00:00:00-04:00,31.18000030517578,33.189998626708984,31.040000915527344,32.599998474121094,399300,0.0,0.0
2015-06-18 00:00:00-04:00,32.869998931884766,33.33000183105469,31.790000915527344,31.889999389648438,171500,0.0,0.0
2015-06-19 00:00:00-04:00,31.75,31.889999389648438,31.0,31.440000534057617,346500,0.0,0.0
2015-06-22 00:00:00-04:00,31.549999237060547,32.220001220703125,31.329999923706055,31.489999771118164,148700,0.0,0.0
2015-06-23 00:00:00-04:00,31.6299991607666,31.950000762939453,31.229999542236328,31.84000015258789,137300,0.0,0.0
2015-06-24 00:00:00-04:00,31.93000030517578,31.950000762939453,31.1200008392334,31.389999389648438,121300,0.0,0.0
2015-06-25 00:00:00-04:00,31.56999969482422,32.06999969482422,30.989999771118164,31.18000030517578,177100,0.0,0.0
2015-06-26 00:00:00-04:00,31.170000076293945,31.639999389648438,31.010000228881836,31.239999771118164,186500,0.0,0.0
2015-06-29 00:00:00-04:00,31.079999923706055,31.079999923706055,29.639999389648438,30.010000228881836,120200,0.0,0.0
2015-06-30 00:00:00-04:00,30.040000915527344,30.190000534057617,29.049999237060547,30.09000015258789,150800,0.0,0.0
2015-07-01 00:00:00-04:00,30.399999618530273,30.6299991607666,30.0,30.15999984741211,101600,0.0,0.0
2015-07-02 00:00:00-04:00,30.219999313354492,30.690000534057617,29.860000610351562,30.420000076293945,153100,0.0,0.0
2015-07-06 00:00:00-04:00,30.18000030517578,31.0,29.950000762939453,30.770000457763672,116500,0.0,0.0
2015-07-07 00:00:00-04:00,30.739999771118164,30.739999771118164,29.309999465942383,30.3799991607666,115400,0.0,0.0
2015-07-08 00:00:00-04:00,30.200000762939453,30.739999771118164,29.010000228881836,29.579999923706055,118400,0.0,0.0
2015-07-09 00:00:00-04:00,30.059999465942383,31.950000762939453,29.389999389648438,29.610000610351562,72800,0.0,0.0
2015-07-10 00:00:00-04:00,29.979999542236328,30.739999771118164,29.020000457763672,29.3700008392334,95000,0.0,0.0
2015-07-13 00:00:00-04:00,29.649999618530273,31.40999984741211,29.649999618530273,30.829999923706055,333400,0.0,0.0
2015-07-14 00:00:00-04:00,30.850000381469727,31.170000076293945,30.510000228881836,30.65999984741211,74300,0.0,0.0
2015-07-15 00:00:00-04:00,30.829999923706055,30.829999923706055,30.040000915527344,30.209999084472656,100900,0.0,0.0
2015-07-16 00:00:00-04:00,30.329999923706055,30.8700008392334,29.770000457763672,30.040000915527344,71000,0.0,0.0
2015-07-17 00:00:00-04:00,30.139999389648438,30.399999618530273,29.360000610351562,29.559999465942383,94600,0.0,0.0
2015-07-20 00:00:00-04:00,29.6200008392334,29.6200008392334,28.600000381469727,29.06999969482422,170400,0.0,0.0
2015-07-21 00:00:00-04:00,28.979999542236328,29.56999969482422,28.5,28.729999542236328,90700,0.0,0.0
2015-07-22 00:00:00-04:00,28.559999465942383,28.790000915527344,28.25,28.270000457763672,68300,0.0,0.0
2015-07-23 00:00:00-04:00,28.290000915527344,28.6200008392334,27.3700008392334,28.43000030517578,193200,0.0,0.0
2015-07-24 00:00:00-04:00,28.34000015258789,28.670000076293945,28.079999923706055,28.639999389648438,142800,0.0,0.0
2015-07-27 00:00:00-04:00,28.3799991607666,28.860000610351562,28.079999923706055,28.420000076293945,112900,0.0,0.0
2015-07-28 00:00:00-04:00,28.6299991607666,29.299999237060547,27.899999618530273,28.549999237060547,94700,0.0,0.0
2015-07-29 00:00:00-04:00,28.479999542236328,29.170000076293945,28.299999237060547,28.65999984741211,51900,0.0,0.0
2015-07-30 00:00:00-04:00,28.459999084472656,29.59000015258789,28.15999984741211,29.530000686645508,89300,0.0,0.0
2015-07-31 00:00:00-04:00,29.6200008392334,29.860000610351562,29.149999618530273,29.6299991607666,151600,0.0,0.0
2015-08-03 00:00:00-04:00,29.600000381469727,29.799999237060547,29.219999313354492,29.610000610351562,119200,0.0,0.0
2015-08-04 00:00:00-04:00,29.649999618530273,29.84000015258789,28.65999984741211,29.030000686645508,51900,0.0,0.0
2015-08-05 00:00:00-04:00,29.239999771118164,29.809999465942383,28.809999465942383,29.540000915527344,64700,0.0,0.0
2015-08-06 00:00:00-04:00,29.649999618530273,30.0,29.18000030517578,29.6299991607666,144100,0.0,0.0
2015-08-07 00:00:00-04:00,29.459999084472656,30.270000457763672,29.459999084472656,30.139999389648438,127500,0.0,0.0
2015-08-10 00:00:00-04:00,33.66999816894531,36.619998931884766,32.36000061035156,33.06999969482422,679200,0.0,0.0
2015-08-11 00:00:00-04:00,33.09000015258789,33.5,32.150001525878906,32.47999954223633,169000,0.0,0.0
2015-08-12 00:00:00-04:00,32.20000076293945,32.540000915527344,31.520000457763672,31.6200008392334,87800,0.0,0.0
2015-08-13 00:00:00-04:00,31.190000534057617,32.52000045776367,30.8700008392334,32.130001068115234,153000,0.0,0.0
2015-08-14 00:00:00-04:00,32.040000915527344,32.040000915527344,31.309999465942383,31.6200008392334,106000,0.0,0.0
2015-08-17 00:00:00-04:00,31.59000015258789,31.850000381469727,31.280000686645508,31.59000015258789,117000,0.0,0.0
2015-08-18 00:00:00-04:00,31.549999237060547,31.979999542236328,31.399999618530273,31.6299991607666,162000,0.0,0.0
2015-08-19 00:00:00-04:00,31.56999969482422,31.799999237060547,31.40999984741211,31.469999313354492,89900,0.0,0.0
2015-08-20 00:00:00-04:00,31.399999618530273,31.6299991607666,30.93000030517578,31.290000915527344,161600,0.0,0.0
2015-08-21 00:00:00-04:00,30.760000228881836,31.399999618530273,29.649999618530273,29.850000381469727,240800,0.0,0.0
2015-08-24 00:00:00-04:00,28.309999465942383,29.549999237060547,27.639999389648438,29.549999237060547,208400,0.0,0.0
2015-08-25 00:00:00-04:00,30.3700008392334,30.3700008392334,29.18000030517578,29.43000030517578,274200,0.0,0.0
2015-08-26 00:00:00-04:00,29.940000534057617,30.079999923706055,28.899999618530273,30.040000915527344,244400,0.0,0.0
2015-08-27 00:00:00-04:00,30.350000381469727,31.040000915527344,30.020000457763672,30.75,152900,0.0,0.0
2015-08-28 00:00:00-04:00,30.610000610351562,31.6200008392334,30.420000076293945,31.479999542236328,116600,0.0,0.0
2015-08-31 00:00:00-04:00,31.329999923706055,32.0,31.229999542236328,31.889999389648438,167500,0.0,0.0
2015-09-01 00:00:00-04:00,31.170000076293945,31.75,31.1200008392334,31.309999465942383,246600,0.0,0.0
2015-09-02 00:00:00-04:00,31.65999984741211,32.91999816894531,31.200000762939453,32.650001525878906,253000,0.0,0.0
2015-09-03 00:00:00-04:00,32.7400016784668,32.790000915527344,31.270000457763672,31.739999771118164,155800,0.0,0.0
2015-09-04 00:00:00-04:00,31.34000015258789,31.68000030517578,30.950000762939453,31.1299991607666,55700,0.0,0.0
2015-09-08 00:00:00-04:00,31.59000015258789,31.8700008392334,31.09000015258789,31.110000610351562,66700,0.0,0.0
2015-09-09 00:00:00-04:00,31.600000381469727,32.54999923706055,31.5,31.8700008392334,172900,0.0,0.0
2015-09-10 00:00:00-04:00,31.90999984741211,32.959999084472656,31.860000610351562,32.599998474121094,147000,0.0,0.0
2015-09-11 00:00:00-04:00,32.4900016784668,33.150001525878906,31.899999618530273,32.900001525878906,179700,0.0,0.0
2015-09-14 00:00:00-04:00,33.0,33.11000061035156,32.029998779296875,32.79999923706055,126300,0.0,0.0
2015-09-15 00:00:00-04:00,32.95000076293945,33.93000030517578,32.7400016784668,33.52000045776367,180400,0.0,0.0
2015-09-16 00:00:00-04:00,33.5,33.81999969482422,32.630001068115234,33.189998626708984,146100,0.0,0.0
2015-09-17 00:00:00-04:00,33.119998931884766,33.58000183105469,32.70000076293945,33.11000061035156,263300,0.0,0.0
2015-09-18 00:00:00-04:00,32.59000015258789,33.31999969482422,32.59000015258789,33.20000076293945,185400,0.0,0.0
2015-09-21 00:00:00-04:00,33.290000915527344,33.529998779296875,32.86000061035156,33.18000030517578,219200,0.0,0.0
2015-09-22 00:00:00-04:00,32.720001220703125,33.0,32.119998931884766,32.380001068115234,168200,0.0,0.0
2015-09-23 00:00:00-04:00,32.470001220703125,32.599998474121094,31.940000534057617,32.220001220703125,214900,0.0,0.0
2015-09-24 00:00:00-04:00,31.959999084472656,32.540000915527344,31.100000381469727,32.43000030517578,137100,0.0,0.0
2015-09-25 00:00:00-04:00,32.619998931884766,32.689998626708984,31.350000381469727,31.350000381469727,125300,0.0,0.0
2015-09-28 00:00:00-04:00,31.350000381469727,31.510000228881836,30.149999618530273,30.31999969482422,63300,0.0,0.0
2015-09-29 00:00:00-04:00,30.34000015258789,30.68000030517578,30.1299991607666,30.459999084472656,75400,0.0,0.0
2015-09-30 00:00:00-04:00,30.670000076293945,31.6299991607666,30.209999084472656,31.34000015258789,175300,0.0,0.0
2015-10-01 00:00:00-04:00,31.389999389648438,31.540000915527344,30.760000228881836,31.440000534057617,138900,0.0,0.0
2015-10-02 00:00:00-04:00,31.190000534057617,32.5,30.979999542236328,32.470001220703125,96500,0.0,0.0
2015-10-05 00:00:00-04:00,32.810001373291016,33.58000183105469,32.58000183105469,33.22999954223633,124000,0.0,0.0
2015-10-06 00:00:00-04:00,33.16999816894531,33.38999938964844,32.15999984741211,32.40999984741211,136900,0.0,0.0
2015-10-07 00:00:00-04:00,32.619998931884766,32.75,32.130001068115234,32.47999954223633,102700,0.0,0.0
2015-10-08 00:00:00-04:00,32.4900016784668,32.709999084472656,32.31999969482422,32.40999984741211,101300,0.0,0.0
2015-10-09 00:00:00-04:00,32.58000183105469,33.290000915527344,32.439998626708984,32.939998626708984,125900,0.0,0.0
2015-10-12 00:00:00-04:00,32.9900016784668,33.150001525878906,32.470001220703125,32.54999923706055,75100,0.0,0.0
2015-10-13 00:00:00-04:00,32.400001525878906,33.0,32.150001525878906,32.15999984741211,78200,0.0,0.0
2015-10-14 00:00:00-04:00,32.13999938964844,33.040000915527344,31.299999237060547,31.84000015258789,109400,0.0,0.0
2015-10-15 00:00:00-04:00,31.940000534057617,32.70000076293945,31.940000534057617,32.5099983215332,86600,0.0,0.0
2015-10-16 00:00:00-04:00,32.599998474121094,33.08000183105469,31.950000762939453,32.529998779296875,161000,0.0,0.0
2015-10-19 00:00:00-04:00,32.36000061035156,33.11000061035156,32.150001525878906,33.0099983215332,101200,0.0,0.0
2015-10-20 00:00:00-04:00,34.5,34.720001220703125,34.15999984741211,34.459999084472656,848000,0.0,0.0
2015-10-21 00:00:00-04:00,34.650001525878906,34.869998931884766,34.59000015258789,34.650001525878906,291200,0.0,0.0
2015-10-22 00:00:00-04:00,34.65999984741211,34.9900016784668,34.31999969482422,34.61000061035156,1969900,0.0,0.0
2015-10-23 00:00:00-04:00,34.95000076293945,35.279998779296875,33.470001220703125,34.16999816894531,348900,0.0,0.0
2015-10-26 00:00:00-04:00,34.0,34.18000030517578,33.060001373291016,33.27000045776367,165500,0.0,0.0
2015-10-27 00:00:00-04:00,33.18000030517578,34.209999084472656,32.86000061035156,34.08000183105469,254900,0.0,0.0
2015-10-28 00:00:00-04:00,34.09000015258789,34.83000183105469,33.189998626708984,33.400001525878906,141400,0.0,0.0
2015-10-29 00:00:00-04:00,33.22999954223633,33.70000076293945,32.9900016784668,33.65999984741211,117200,0.0,0.0
2015-10-30 00:00:00-04:00,33.56999969482422,34.0099983215332,32.939998626708984,33.65999984741211,151800,0.0,0.0
2015-11-02 00:00:00-05:00,33.630001068115234,34.93000030517578,33.630001068115234,34.40999984741211,163500,0.0,0.0
2015-11-03 00:00:00-05:00,34.25,34.81999969482422,33.880001068115234,34.63999938964844,117100,0.0,0.0
2015-11-04 00:00:00-05:00,34.7599983215332,35.099998474121094,34.22999954223633,34.29999923706055,166900,0.0,0.0
2015-11-05 00:00:00-05:00,34.36000061035156,34.93000030517578,34.0,34.02000045776367,263400,0.0,0.0
2015-11-06 00:00:00-05:00,33.880001068115234,34.7599983215332,33.54999923706055,34.0,286900,0.0,0.0
2015-11-09 00:00:00-05:00,34.9900016784668,38.900001525878906,34.849998474121094,38.70000076293945,1130000,0.0,0.0
2015-11-10 00:00:00-05:00,39.0,40.5099983215332,38.15999984741211,40.25,532500,0.0,0.0
2015-11-11 00:00:00-05:00,40.15999984741211,41.029998779296875,37.540000915527344,37.68000030517578,756200,0.0,0.0
2015-11-12 00:00:00-05:00,37.2599983215332,38.459999084472656,37.209999084472656,38.27000045776367,252700,0.0,0.0
2015-11-13 00:00:00-05:00,37.84000015258789,38.5,37.84000015258789,38.18000030517578,219300,0.0,0.0
2015-11-16 00:00:00-05:00,37.9900016784668,38.459999084472656,37.79999923706055,38.04999923706055,207000,0.0,0.0
2015-11-17 00:00:00-05:00,38.11000061035156,38.15999984741211,37.70000076293945,37.88999938964844,131700,0.0,0.0
2015-11-18 00:00:00-05:00,38.0,38.0,37.560001373291016,37.79999923706055,220200,0.0,0.0
2015-11-19 00:00:00-05:00,37.810001373291016,38.0,37.380001068115234,37.880001068115234,99300,0.0,0.0
2015-11-20 00:00:00-05:00,38.130001068115234,38.720001220703125,38.04999923706055,38.65999984741211,138800,0.0,0.0
2015-11-23 00:00:00-05:00,38.59000015258789,39.099998474121094,38.150001525878906,38.68000030517578,125200,0.0,0.0
2015-11-24 00:00:00-05:00,38.650001525878906,40.529998779296875,38.560001373291016,39.88999938964844,243800,0.0,0.0
2015-11-25 00:00:00-05:00,39.95000076293945,40.13999938964844,39.45000076293945,39.540000915527344,187100,0.0,0.0
2015-11-27 00:00:00-05:00,39.52000045776367,39.540000915527344,38.79999923706055,38.84000015258789,129100,0.0,0.0
2015-11-30 00:00:00-05:00,38.880001068115234,40.38999938964844,38.880001068115234,40.060001373291016,282400,0.0,0.0
2015-12-01 00:00:00-05:00,40.11000061035156,40.43000030517578,38.720001220703125,39.43000030517578,166300,0.0,0.0
2015-12-02 00:00:00-05:00,39.47999954223633,40.599998474121094,38.58000183105469,39.2599983215332,266000,0.0,0.0
2015-12-03 00:00:00-05:00,39.439998626708984,39.630001068115234,38.27000045776367,38.5099983215332,90900,0.0,0.0
2015-12-04 00:00:00-05:00,38.75,39.79999923706055,38.709999084472656,39.70000076293945,194600,0.0,0.0
2015-12-07 00:00:00-05:00,39.560001373291016,39.63999938964844,38.77000045776367,39.290000915527344,134800,0.0,0.0
2015-12-08 00:00:00-05:00,39.13999938964844,39.279998779296875,38.58000183105469,38.849998474121094,127700,0.0,0.0
2015-12-09 00:00:00-05:00,38.72999954223633,40.0,38.119998931884766,38.2599983215332,146900,0.0,0.0
2015-12-10 00:00:00-05:00,38.41999816894531,39.650001525878906,38.220001220703125,38.939998626708984,130300,0.0,0.0
2015-12-11 00:00:00-05:00,38.33000183105469,38.70000076293945,37.16999816894531,37.52000045776367,111800,0.0,0.0
2015-12-14 00:00:00-05:00,37.52000045776367,37.619998931884766,36.63999938964844,36.790000915527344,207100,0.0,0.0
2015-12-15 00:00:00-05:00,37.02000045776367,37.060001373291016,36.130001068115234,36.63999938964844,281600,0.0,0.0
2015-12-16 00:00:00-05:00,36.939998626708984,37.04999923706055,36.5,36.83000183105469,259800,0.0,0.0
2015-12-17 00:00:00-05:00,36.9900016784668,37.33000183105469,35.189998626708984,35.25,162500,0.0,0.0
2015-12-18 00:00:00-05:00,35.209999084472656,35.209999084472656,33.65999984741211,33.689998626708984,251500,0.0,0.0
2015-12-21 00:00:00-05:00,33.810001373291016,34.439998626708984,33.09000015258789,33.95000076293945,164000,0.0,0.0
2015-12-22 00:00:00-05:00,35.09000015258789,36.439998626708984,34.56999969482422,35.75,266700,0.0,0.0
2015-12-23 00:00:00-05:00,36.0099983215332,36.15999984741211,35.5099983215332,35.529998779296875,163400,0.0,0.0
2015-12-24 00:00:00-05:00,35.58000183105469,35.7599983215332,35.36000061035156,35.40999984741211,46100,0.0,0.0
2015-12-28 00:00:00-05:00,35.310001373291016,35.369998931884766,34.099998474121094,34.36000061035156,92900,0.0,0.0
2015-12-29 00:00:00-05:00,34.52000045776367,35.310001373291016,34.369998931884766,35.06999969482422,163400,0.0,0.0
2015-12-30 00:00:00-05:00,34.84000015258789,35.38999938964844,34.209999084472656,34.31999969482422,127600,0.0,0.0
2015-12-31 00:00:00-05:00,34.34000015258789,34.56999969482422,33.75,33.810001373291016,133300,0.0,0.0
2016-01-04 00:00:00-05:00,33.22999954223633,33.72999954223633,32.22999954223633,33.43000030517578,356500,0.0,0.0
2016-01-05 00:00:00-05:00,33.369998931884766,33.630001068115234,32.88999938964844,33.2400016784668,169900,0.0,0.0
2016-01-06 00:00:00-05:00,32.81999969482422,32.970001220703125,32.09000015258789,32.36000061035156,263000,0.0,0.0
2016-01-07 00:00:00-05:00,31.850000381469727,32.33000183105469,31.850000381469727,32.22999954223633,243400,0.0,0.0
2016-01-08 00:00:00-05:00,32.43000030517578,33.150001525878906,31.600000381469727,31.670000076293945,285000,0.0,0.0
2016-01-11 00:00:00-05:00,31.75,32.45000076293945,31.540000915527344,32.16999816894531,190100,0.0,0.0
2016-01-12 00:00:00-05:00,32.34000015258789,32.7599983215332,32.130001068115234,32.720001220703125,297300,0.0,0.0
2016-01-13 00:00:00-05:00,32.869998931884766,33.130001068115234,31.299999237060547,31.600000381469727,334900,0.0,0.0
2016-01-14 00:00:00-05:00,31.610000610351562,32.86000061035156,31.600000381469727,32.58000183105469,222300,0.0,0.0
2016-01-15 00:00:00-05:00,31.6299991607666,32.09000015258789,31.149999618530273,31.850000381469727,191100,0.0,0.0
2016-01-19 00:00:00-05:00,31.989999771118164,32.29999923706055,30.770000457763672,31.200000762939453,217600,0.0,0.0
2016-01-20 00:00:00-05:00,31.0,33.349998474121094,30.75,32.90999984741211,183100,0.0,0.0
2016-01-21 00:00:00-05:00,32.83000183105469,33.5099983215332,32.220001220703125,32.2400016784668,153100,0.0,0.0
2016-01-22 00:00:00-05:00,32.689998626708984,33.04999923706055,31.969999313354492,32.2400016784668,131100,0.0,0.0
2016-01-25 00:00:00-05:00,32.040000915527344,32.220001220703125,31.649999618530273,32.0099983215332,115100,0.0,0.0
2016-01-26 00:00:00-05:00,32.189998626708984,32.7599983215332,32.0099983215332,32.25,99200,0.0,0.0
2016-01-27 00:00:00-05:00,32.060001373291016,32.720001220703125,31.690000534057617,32.33000183105469,125600,0.0,0.0
2016-01-28 00:00:00-05:00,32.459999084472656,33.209999084472656,32.25,33.13999938964844,147800,0.0,0.0
2016-01-29 00:00:00-05:00,33.189998626708984,34.45000076293945,33.130001068115234,34.369998931884766,165600,0.0,0.0
2016-02-01 00:00:00-05:00,34.290000915527344,34.290000915527344,33.25,33.66999816894531,133100,0.0,0.0
2016-02-02 00:00:00-05:00,33.5,33.63999938964844,32.79999923706055,33.130001068115234,169600,0.0,0.0
2016-02-03 00:00:00-05:00,33.36000061035156,33.36000061035156,30.420000076293945,32.09000015258789,375400,0.0,0.0
2016-02-04 00:00:00-05:00,31.81999969482422,33.22999954223633,31.719999313354492,33.029998779296875,176400,0.0,0.0
2016-02-05 00:00:00-05:00,33.0099983215332,33.0099983215332,31.299999237060547,31.350000381469727,187800,0.0,0.0
2016-02-08 00:00:00-05:00,31.06999969482422,31.299999237060547,29.6200008392334,30.719999313354492,301900,0.0,0.0
2016-02-09 00:00:00-05:00,32.0,32.959999084472656,28.520000457763672,31.75,564300,0.0,0.0
2016-02-10 00:00:00-05:00,31.760000228881836,33.720001220703125,31.34000015258789,31.6200008392334,196700,0.0,0.0
2016-02-11 00:00:00-05:00,30.850000381469727,31.389999389648438,29.469999313354492,30.520000457763672,263800,0.0,0.0
2016-02-12 00:00:00-05:00,30.829999923706055,31.209999084472656,29.989999771118164,30.399999618530273,107700,0.0,0.0
2016-02-16 00:00:00-05:00,30.860000610351562,31.799999237060547,30.600000381469727,31.729999542236328,110500,0.0,0.0
2016-02-17 00:00:00-05:00,31.969999313354492,32.5099983215332,31.709999084472656,32.09000015258789,88300,0.0,0.0
2016-02-18 00:00:00-05:00,32.16999816894531,32.970001220703125,32.04999923706055,32.65999984741211,193600,0.0,0.0
2016-02-19 00:00:00-05:00,32.599998474121094,33.119998931884766,32.09000015258789,32.7400016784668,79600,0.0,0.0
2016-02-22 00:00:00-05:00,32.97999954223633,33.5099983215332,31.979999542236328,32.52000045776367,137000,0.0,0.0
2016-02-23 00:00:00-05:00,32.56999969482422,33.09000015258789,32.0,32.58000183105469,102900,0.0,0.0
2016-02-24 00:00:00-05:00,32.34000015258789,33.220001220703125,32.0,32.9900016784668,110800,0.0,0.0
2016-02-25 00:00:00-05:00,33.16999816894531,33.349998474121094,32.29999923706055,33.18000030517578,141700,0.0,0.0
2016-02-26 00:00:00-05:00,33.33000183105469,34.529998779296875,33.09000015258789,34.380001068115234,195200,0.0,0.0
2016-02-29 00:00:00-05:00,34.36000061035156,36.220001220703125,33.68000030517578,34.5,430300,0.0,0.0
2016-03-01 00:00:00-05:00,34.59000015258789,35.369998931884766,34.20000076293945,35.18000030517578,176800,0.0,0.0
2016-03-02 00:00:00-05:00,35.22999954223633,35.40999984741211,34.5099983215332,35.06999969482422,210600,0.0,0.0
2016-03-03 00:00:00-05:00,35.20000076293945,36.7400016784668,35.040000915527344,36.45000076293945,184700,0.0,0.0
2016-03-04 00:00:00-05:00,36.36000061035156,38.0,35.79999923706055,36.939998626708984,245300,0.0,0.0
2016-03-07 00:00:00-05:00,36.68000030517578,37.70000076293945,36.47999954223633,36.959999084472656,110500,0.0,0.0
2016-03-08 00:00:00-05:00,36.66999816894531,37.11000061035156,36.130001068115234,36.290000915527344,107900,0.0,0.0
2016-03-09 00:00:00-05:00,36.380001068115234,37.08000183105469,36.18000030517578,36.90999984741211,93900,0.0,0.0
2016-03-10 00:00:00-05:00,36.9900016784668,36.9900016784668,36.33000183105469,36.58000183105469,97300,0.0,0.0
2016-03-11 00:00:00-05:00,36.869998931884766,37.0,36.34000015258789,36.95000076293945,90400,0.0,0.0
2016-03-14 00:00:00-04:00,37.439998626708984,37.90999984741211,36.880001068115234,37.04999923706055,142000,0.0,0.0
2016-03-15 00:00:00-04:00,36.86000061035156,37.09000015258789,36.099998474121094,36.86000061035156,174800,0.0,0.0
2016-03-16 00:00:00-04:00,36.66999816894531,37.849998474121094,36.66999816894531,37.04999923706055,83300,0.0,0.0
2016-03-17 00:00:00-04:00,37.09000015258789,37.72999954223633,36.29999923706055,37.310001373291016,139700,0.0,0.0
2016-03-18 00:00:00-04:00,37.4900016784668,38.16999816894531,36.61000061035156,37.9900016784668,140600,0.0,0.0
2016-03-21 00:00:00-04:00,37.650001525878906,38.650001525878906,37.38999938964844,37.61000061035156,100800,0.0,0.0
2016-03-22 00:00:00-04:00,37.599998474121094,38.599998474121094,36.72999954223633,38.0,141200,0.0,0.0
2016-03-23 00:00:00-04:00,37.790000915527344,37.849998474121094,37.0,37.66999816894531,138100,0.0,0.0
2016-03-24 00:00:00-04:00,37.40999984741211,37.81999969482422,36.72999954223633,37.43000030517578,138000,0.0,0.0
2016-03-28 00:00:00-04:00,37.560001373291016,37.65999984741211,36.77000045776367,37.150001525878906,200500,0.0,0.0
2016-03-29 00:00:00-04:00,36.29999923706055,38.0,36.29999923706055,37.29999923706055,237700,0.0,0.0
2016-03-30 00:00:00-04:00,37.529998779296875,38.779998779296875,37.29999923706055,38.31999969482422,213500,0.0,0.0
2016-03-31 00:00:00-04:00,38.25,38.400001525878906,37.529998779296875,37.97999954223633,140300,0.0,0.0
2016-04-01 00:00:00-04:00,37.650001525878906,37.70000076293945,37.060001373291016,37.34000015258789,106200,0.0,0.0
2016-04-04 00:00:00-04:00,37.209999084472656,37.33000183105469,35.77000045776367,35.959999084472656,212500,0.0,0.0
2016-04-05 00:00:00-04:00,35.790000915527344,36.619998931884766,35.380001068115234,36.209999084472656,149300,0.0,0.0
2016-04-06 00:00:00-04:00,34.40999984741211,36.029998779296875,34.40999984741211,35.5099983215332,135600,0.0,0.0
2016-04-07 00:00:00-04:00,35.41999816894531,35.4900016784668,34.70000076293945,35.2400016784668,253500,0.0,0.0
2016-04-08 00:00:00-04:00,35.59000015258789,35.86000061035156,35.150001525878906,35.720001220703125,74800,0.0,0.0
2016-04-11 00:00:00-04:00,35.90999984741211,36.4900016784668,35.209999084472656,35.43000030517578,130900,0.0,0.0
2016-04-12 00:00:00-04:00,34.81999969482422,36.20000076293945,34.5099983215332,36.130001068115234,139800,0.0,0.0
2016-04-13 00:00:00-04:00,36.36000061035156,36.58000183105469,35.47999954223633,36.25,175200,0.0,0.0
2016-04-14 00:00:00-04:00,36.22999954223633,36.380001068115234,35.560001373291016,35.869998931884766,101500,0.0,0.0
2016-04-15 00:00:00-04:00,35.68000030517578,35.779998779296875,34.619998931884766,35.619998931884766,179600,0.0,0.0
2016-04-18 00:00:00-04:00,35.61000061035156,36.66999816894531,35.61000061035156,36.029998779296875,194800,0.0,0.0
2016-04-19 00:00:00-04:00,36.13999938964844,36.689998626708984,36.0,36.56999969482422,132800,0.0,0.0
2016-04-20 00:00:00-04:00,36.52000045776367,36.599998474121094,36.029998779296875,36.20000076293945,144600,0.0,0.0
2016-04-21 00:00:00-04:00,36.29999923706055,36.369998931884766,35.650001525878906,35.7599983215332,89900,0.0,0.0
2016-04-22 00:00:00-04:00,35.61000061035156,35.939998626708984,35.31999969482422,35.68000030517578,138300,0.0,0.0
2016-04-25 00:00:00-04:00,35.4900016784668,35.91999816894531,33.630001068115234,34.20000076293945,373800,0.0,0.0
2016-04-26 00:00:00-04:00,34.150001525878906,35.16999816894531,33.40999984741211,34.75,234500,0.0,0.0
2016-04-27 00:00:00-04:00,34.650001525878906,34.970001220703125,33.75,33.95000076293945,156700,0.0,0.0
2016-04-28 00:00:00-04:00,33.65999984741211,34.11000061035156,31.959999084472656,32.29999923706055,239100,0.0,0.0
2016-04-29 00:00:00-04:00,32.439998626708984,32.5099983215332,31.68000030517578,32.06999969482422,182700,0.0,0.0
2016-05-02 00:00:00-04:00,32.290000915527344,32.599998474121094,31.389999389648438,31.40999984741211,173100,0.0,0.0
2016-05-03 00:00:00-04:00,31.1299991607666,31.450000762939453,29.100000381469727,30.6299991607666,593200,0.0,0.0
2016-05-04 00:00:00-04:00,30.530000686645508,31.420000076293945,30.520000457763672,30.610000610351562,194000,0.0,0.0
2016-05-05 00:00:00-04:00,30.639999389648438,31.299999237060547,30.440000534057617,30.719999313354492,314000,0.0,0.0
2016-05-06 00:00:00-04:00,30.739999771118164,31.18000030517578,30.59000015258789,30.90999984741211,181600,0.0,0.0
2016-05-09 00:00:00-04:00,30.850000381469727,31.549999237060547,30.5,30.739999771118164,108000,0.0,0.0
2016-05-10 00:00:00-04:00,30.8799991607666,31.270000457763672,30.5,31.110000610351562,240000,0.0,0.0
2016-05-11 00:00:00-04:00,31.040000915527344,31.56999969482422,30.469999313354492,30.520000457763672,153400,0.0,0.0
2016-05-12 00:00:00-04:00,30.65999984741211,31.0,30.479999542236328,30.510000228881836,253500,0.0,0.0
2016-05-13 00:00:00-04:00,30.5,31.40999984741211,30.229999542236328,30.469999313354492,222900,0.0,0.0
2016-05-16 00:00:00-04:00,30.6299991607666,30.799999237060547,30.239999771118164,30.43000030517578,115000,0.0,0.0
2016-05-17 00:00:00-04:00,30.399999618530273,30.690000534057617,28.889999389648438,29.110000610351562,408100,0.0,0.0
2016-05-18 00:00:00-04:00,28.899999618530273,29.110000610351562,27.670000076293945,27.8799991607666,365500,0.0,0.0
2016-05-19 00:00:00-04:00,27.579999923706055,29.010000228881836,27.5,28.15999984741211,323800,0.0,0.0
2016-05-20 00:00:00-04:00,28.18000030517578,28.6200008392334,28.030000686645508,28.3799991607666,120100,0.0,0.0
2016-05-23 00:00:00-04:00,28.299999237060547,28.68000030517578,28.100000381469727,28.309999465942383,130900,0.0,0.0
2016-05-24 00:00:00-04:00,28.350000381469727,29.610000610351562,28.329999923706055,29.59000015258789,207600,0.0,0.0
2016-05-25 00:00:00-04:00,29.709999084472656,30.389999389648438,29.25,29.6200008392334,282200,0.0,0.0
2016-05-26 00:00:00-04:00,29.6299991607666,29.940000534057617,29.309999465942383,29.84000015258789,153400,0.0,0.0
2016-05-27 00:00:00-04:00,29.690000534057617,30.530000686645508,29.559999465942383,30.06999969482422,226900,0.0,0.0
2016-05-31 00:00:00-04:00,30.079999923706055,30.110000610351562,29.770000457763672,29.959999084472656,147300,0.0,0.0
2016-06-01 00:00:00-04:00,29.8799991607666,29.940000534057617,29.299999237060547,29.450000762939453,222800,0.0,0.0
2016-06-02 00:00:00-04:00,29.5,29.709999084472656,28.799999237060547,29.15999984741211,249700,0.0,0.0
2016-06-03 00:00:00-04:00,29.139999389648438,29.149999618530273,28.350000381469727,29.030000686645508,157200,0.0,0.0
2016-06-06 00:00:00-04:00,29.040000915527344,29.059999465942383,28.260000228881836,28.93000030517578,226400,0.0,0.0
2016-06-07 00:00:00-04:00,28.770000457763672,28.93000030517578,28.100000381469727,28.25,278500,0.0,0.0
2016-06-08 00:00:00-04:00,28.25,28.399999618530273,27.760000228881836,28.06999969482422,141500,0.0,0.0
2016-06-09 00:00:00-04:00,27.860000610351562,27.969999313354492,26.920000076293945,27.8700008392334,190500,0.0,0.0
2016-06-10 00:00:00-04:00,27.799999237060547,28.229999542236328,27.649999618530273,27.889999389648438,271500,0.0,0.0
2016-06-13 00:00:00-04:00,27.75,28.059999465942383,27.450000762939453,27.739999771118164,460600,0.0,0.0
2016-06-14 00:00:00-04:00,26.18000030517578,30.969999313354492,25.5,30.530000686645508,1075200,0.0,0.0
2016-06-15 00:00:00-04:00,30.59000015258789,31.989999771118164,29.93000030517578,30.520000457763672,394400,0.0,0.0
2016-06-16 00:00:00-04:00,30.260000228881836,30.959999084472656,29.81999969482422,30.829999923706055,243700,0.0,0.0
2016-06-17 00:00:00-04:00,30.829999923706055,31.829999923706055,30.540000915527344,31.600000381469727,343800,0.0,0.0
2016-06-20 00:00:00-04:00,31.899999618530273,32.2400016784668,29.8799991607666,31.040000915527344,408700,0.0,0.0
2016-06-21 00:00:00-04:00,31.1299991607666,31.1299991607666,30.3700008392334,30.739999771118164,215600,0.0,0.0
2016-06-22 00:00:00-04:00,30.739999771118164,30.84000015258789,30.270000457763672,30.290000915527344,158800,0.0,0.0
2016-06-23 00:00:00-04:00,30.299999237060547,30.420000076293945,29.450000762939453,29.5,390800,0.0,0.0
2016-06-24 00:00:00-04:00,29.0,29.059999465942383,28.440000534057617,28.68000030517578,298100,0.0,0.0
2016-06-27 00:00:00-04:00,28.5,29.010000228881836,27.479999542236328,27.700000762939453,259500,0.0,0.0
2016-06-28 00:00:00-04:00,27.860000610351562,28.209999084472656,27.25,27.360000610351562,272200,0.0,0.0
2016-06-29 00:00:00-04:00,27.559999465942383,27.75,26.969999313354492,27.219999313354492,473500,0.0,0.0
2016-06-30 00:00:00-04:00,27.360000610351562,27.579999923706055,26.479999542236328,27.18000030517578,369000,0.0,0.0
2016-07-01 00:00:00-04:00,27.0,27.729999542236328,26.770000457763672,27.079999923706055,233400,0.0,0.0
2016-07-05 00:00:00-04:00,27.079999923706055,27.530000686645508,26.229999542236328,26.469999313354492,171900,0.0,0.0
2016-07-06 00:00:00-04:00,26.399999618530273,26.399999618530273,25.780000686645508,26.100000381469727,288200,0.0,0.0
2016-07-07 00:00:00-04:00,26.229999542236328,27.770000457763672,26.18000030517578,26.989999771118164,444500,0.0,0.0
2016-07-08 00:00:00-04:00,27.1200008392334,27.559999465942383,27.1200008392334,27.34000015258789,135800,0.0,0.0
2016-07-11 00:00:00-04:00,27.399999618530273,27.959999084472656,27.399999618530273,27.43000030517578,131900,0.0,0.0
2016-07-12 00:00:00-04:00,27.510000228881836,27.959999084472656,27.510000228881836,27.59000015258789,126500,0.0,0.0
2016-07-13 00:00:00-04:00,27.6299991607666,27.670000076293945,27.15999984741211,27.450000762939453,164400,0.0,0.0
2016-07-14 00:00:00-04:00,27.559999465942383,28.200000762939453,27.110000610351562,27.139999389648438,139600,0.0,0.0
2016-07-15 00:00:00-04:00,27.290000915527344,27.399999618530273,26.969999313354492,27.079999923706055,233500,0.0,0.0
2016-07-18 00:00:00-04:00,26.950000762939453,27.809999465942383,26.889999389648438,27.459999084472656,150600,0.0,0.0
2016-07-19 00:00:00-04:00,27.5,27.700000762939453,26.84000015258789,26.959999084472656,122900,0.0,0.0
2016-07-20 00:00:00-04:00,26.950000762939453,27.40999984741211,26.639999389648438,27.18000030517578,106000,0.0,0.0
2016-07-21 00:00:00-04:00,27.260000228881836,27.809999465942383,27.170000076293945,27.3700008392334,89000,0.0,0.0
2016-07-22 00:00:00-04:00,27.280000686645508,27.739999771118164,26.81999969482422,27.510000228881836,68400,0.0,0.0
2016-07-25 00:00:00-04:00,27.489999771118164,27.670000076293945,27.139999389648438,27.610000610351562,122400,0.0,0.0
2016-07-26 00:00:00-04:00,27.59000015258789,28.360000610351562,27.59000015258789,28.15999984741211,149200,0.0,0.0
2016-07-27 00:00:00-04:00,28.239999771118164,28.459999084472656,27.899999618530273,28.270000457763672,93800,0.0,0.0
2016-07-28 00:00:00-04:00,28.229999542236328,28.559999465942383,27.350000381469727,27.979999542236328,126300,0.0,0.0
2016-07-29 00:00:00-04:00,27.850000381469727,28.299999237060547,27.81999969482422,28.030000686645508,144700,0.0,0.0
2016-08-01 00:00:00-04:00,28.06999969482422,28.3799991607666,27.729999542236328,28.239999771118164,106000,0.0,0.0
2016-08-02 00:00:00-04:00,28.149999618530273,28.149999618530273,26.700000762939453,26.709999084472656,171200,0.0,0.0
2016-08-03 00:00:00-04:00,26.780000686645508,27.170000076293945,26.479999542236328,27.139999389648438,186500,0.0,0.0
2016-08-04 00:00:00-04:00,27.25,27.43000030517578,27.049999237060547,27.31999969482422,185500,0.0,0.0
2016-08-05 00:00:00-04:00,27.34000015258789,28.079999923706055,27.34000015258789,27.899999618530273,108400,0.0,0.0
2016-08-08 00:00:00-04:00,27.809999465942383,28.510000228881836,27.639999389648438,28.399999618530273,176700,0.0,0.0
2016-08-09 00:00:00-04:00,34.27000045776367,34.72999954223633,31.18000030517578,32.91999816894531,522100,0.0,0.0
2016-08-10 00:00:00-04:00,32.040000915527344,32.59000015258789,29.440000534057617,30.200000762939453,600000,0.0,0.0
2016-08-11 00:00:00-04:00,30.389999389648438,30.90999984741211,29.969999313354492,30.149999618530273,185900,0.0,0.0
2016-08-12 00:00:00-04:00,30.040000915527344,30.219999313354492,29.610000610351562,29.780000686645508,174600,0.0,0.0
2016-08-15 00:00:00-04:00,29.93000030517578,30.010000228881836,28.8700008392334,29.059999465942383,169300,0.0,0.0
2016-08-16 00:00:00-04:00,29.020000457763672,29.229999542236328,28.040000915527344,28.139999389648438,197600,0.0,0.0
2016-08-17 00:00:00-04:00,28.239999771118164,29.010000228881836,27.75,28.940000534057617,240500,0.0,0.0
2016-08-18 00:00:00-04:00,28.8799991607666,28.889999389648438,27.209999084472656,27.420000076293945,181500,0.0,0.0
2016-08-19 00:00:00-04:00,27.3799991607666,27.780000686645508,27.059999465942383,27.309999465942383,196400,0.0,0.0
2016-08-22 00:00:00-04:00,27.15999984741211,27.31999969482422,26.639999389648438,26.899999618530273,160600,0.0,0.0
2016-08-23 00:00:00-04:00,27.079999923706055,27.3799991607666,26.799999237060547,27.239999771118164,85600,0.0,0.0
2016-08-24 00:00:00-04:00,27.25,27.450000762939453,26.899999618530273,27.1299991607666,126500,0.0,0.0
2016-08-25 00:00:00-04:00,27.1299991607666,27.68000030517578,27.0,27.670000076293945,142400,0.0,0.0
2016-08-26 00:00:00-04:00,27.670000076293945,27.979999542236328,27.40999984741211,27.90999984741211,133000,0.0,0.0
2016-08-29 00:00:00-04:00,27.93000030517578,28.280000686645508,27.780000686645508,28.100000381469727,99600,0.0,0.0
2016-08-30 00:00:00-04:00,28.190000534057617,28.600000381469727,28.010000228881836,28.34000015258789,108000,0.0,0.0
2016-08-31 00:00:00-04:00,28.389999389648438,28.600000381469727,28.0,28.43000030517578,160500,0.0,0.0
2016-09-01 00:00:00-04:00,28.450000762939453,28.989999771118164,28.399999618530273,28.670000076293945,98300,0.0,0.0
2016-09-02 00:00:00-04:00,28.770000457763672,29.09000015258789,28.459999084472656,29.059999465942383,107800,0.0,0.0
2016-09-06 00:00:00-04:00,29.059999465942383,29.6299991607666,29.059999465942383,29.31999969482422,94700,0.0,0.0
2016-09-07 00:00:00-04:00,29.399999618530273,29.610000610351562,28.299999237060547,28.790000915527344,280500,0.0,0.0
2016-09-08 00:00:00-04:00,28.700000762939453,28.719999313354492,28.260000228881836,28.469999313354492,114300,0.0,0.0
2016-09-09 00:00:00-04:00,28.469999313354492,28.579999923706055,27.969999313354492,27.979999542236328,192000,0.0,0.0
2016-09-12 00:00:00-04:00,28.030000686645508,28.6299991607666,27.950000762939453,28.610000610351562,181100,0.0,0.0
2016-09-13 00:00:00-04:00,28.450000762939453,28.700000762939453,28.209999084472656,28.56999969482422,117900,0.0,0.0
2016-09-14 00:00:00-04:00,28.56999969482422,28.75,28.149999618530273,28.719999313354492,155000,0.0,0.0
2016-09-15 00:00:00-04:00,28.809999465942383,29.350000381469727,28.770000457763672,29.34000015258789,132700,0.0,0.0
2016-09-16 00:00:00-04:00,29.459999084472656,29.459999084472656,28.34000015258789,28.440000534057617,215800,0.0,0.0
2016-09-19 00:00:00-04:00,28.479999542236328,29.079999923706055,28.420000076293945,28.5,122100,0.0,0.0
2016-09-20 00:00:00-04:00,28.690000534057617,28.770000457763672,28.399999618530273,28.579999923706055,154000,0.0,0.0
2016-09-21 00:00:00-04:00,28.690000534057617,28.8799991607666,27.950000762939453,28.65999984741211,192700,0.0,0.0
2016-09-22 00:00:00-04:00,28.65999984741211,28.920000076293945,28.43000030517578,28.829999923706055,177200,0.0,0.0
2016-09-23 00:00:00-04:00,28.780000686645508,28.790000915527344,28.3799991607666,28.579999923706055,89700,0.0,0.0
2016-09-26 00:00:00-04:00,28.450000762939453,28.6299991607666,28.329999923706055,28.450000762939453,85700,0.0,0.0
2016-09-27 00:00:00-04:00,28.34000015258789,28.850000381469727,28.25,28.5,67500,0.0,0.0
2016-09-28 00:00:00-04:00,28.459999084472656,28.850000381469727,28.450000762939453,28.5,87400,0.0,0.0
2016-09-29 00:00:00-04:00,28.350000381469727,28.389999389648438,27.690000534057617,27.950000762939453,137000,0.0,0.0
2016-09-30 00:00:00-04:00,28.139999389648438,28.969999313354492,27.93000030517578,28.780000686645508,108300,0.0,0.0
2016-10-03 00:00:00-04:00,28.809999465942383,28.809999465942383,28.030000686645508,28.229999542236328,100300,0.0,0.0
2016-10-04 00:00:00-04:00,28.219999313354492,28.540000915527344,28.09000015258789,28.350000381469727,101700,0.0,0.0
2016-10-05 00:00:00-04:00,28.350000381469727,28.989999771118164,28.329999923706055,28.530000686645508,76600,0.0,0.0
2016-10-06 00:00:00-04:00,28.440000534057617,28.440000534057617,27.600000381469727,27.84000015258789,106600,0.0,0.0
2016-10-07 00:00:00-04:00,27.770000457763672,27.8799991607666,27.459999084472656,27.75,60800,0.0,0.0
2016-10-10 00:00:00-04:00,27.899999618530273,28.15999984741211,27.760000228881836,27.780000686645508,38700,0.0,0.0
2016-10-11 00:00:00-04:00,27.719999313354492,27.719999313354492,27.290000915527344,27.530000686645508,153100,0.0,0.0
2016-10-12 00:00:00-04:00,27.530000686645508,28.100000381469727,27.280000686645508,27.829999923706055,51600,0.0,0.0
2016-10-13 00:00:00-04:00,27.639999389648438,27.639999389648438,26.610000610351562,26.670000076293945,82000,0.0,0.0
2016-10-14 00:00:00-04:00,26.549999237060547,27.06999969482422,26.399999618530273,26.65999984741211,100200,0.0,0.0
2016-10-17 00:00:00-04:00,26.729999542236328,26.920000076293945,26.15999984741211,26.190000534057617,66200,0.0,0.0
2016-10-18 00:00:00-04:00,26.290000915527344,26.290000915527344,25.459999084472656,26.1299991607666,125400,0.0,0.0
2016-10-19 00:00:00-04:00,26.25,27.020000457763672,26.09000015258789,26.56999969482422,107000,0.0,0.0
2016-10-20 00:00:00-04:00,26.510000228881836,26.899999618530273,26.420000076293945,26.540000915527344,55000,0.0,0.0
2016-10-21 00:00:00-04:00,26.5,26.709999084472656,26.399999618530273,26.530000686645508,42000,0.0,0.0
2016-10-24 00:00:00-04:00,26.68000030517578,27.25,26.68000030517578,26.850000381469727,76000,0.0,0.0
2016-10-25 00:00:00-04:00,26.739999771118164,26.790000915527344,26.09000015258789,26.25,76600,0.0,0.0
2016-10-26 00:00:00-04:00,26.09000015258789,26.760000228881836,25.93000030517578,26.690000534057617,69500,0.0,0.0
2016-10-27 00:00:00-04:00,26.690000534057617,26.729999542236328,25.989999771118164,26.479999542236328,78000,0.0,0.0
2016-10-28 00:00:00-04:00,26.3700008392334,26.540000915527344,26.010000228881836,26.100000381469727,79000,0.0,0.0
2016-10-31 00:00:00-04:00,26.079999923706055,26.34000015258789,25.469999313354492,26.239999771118164,79100,0.0,0.0
2016-11-01 00:00:00-04:00,26.299999237060547,26.360000610351562,25.790000915527344,26.190000534057617,91600,0.0,0.0
2016-11-02 00:00:00-04:00,26.09000015258789,26.3799991607666,24.959999084472656,25.15999984741211,111900,0.0,0.0
2016-11-03 00:00:00-04:00,25.420000076293945,25.520000457763672,23.729999542236328,23.75,192900,0.0,0.0
2016-11-04 00:00:00-04:00,23.959999084472656,25.059999465942383,23.920000076293945,24.0,166400,0.0,0.0
2016-11-07 00:00:00-05:00,24.420000076293945,24.420000076293945,23.43000030517578,23.469999313354492,172100,0.0,0.0
2016-11-08 00:00:00-05:00,23.799999237060547,24.1299991607666,23.510000228881836,23.799999237060547,525100,0.0,0.0
2016-11-09 00:00:00-05:00,24.989999771118164,25.010000228881836,21.75,24.31999969482422,1007300,0.0,0.0
2016-11-10 00:00:00-05:00,26.3700008392334,27.309999465942383,25.020000457763672,26.860000610351562,567600,0.0,0.0
2016-11-11 00:00:00-05:00,26.600000381469727,27.760000228881836,25.809999465942383,26.540000915527344,299000,0.0,0.0
2016-11-14 00:00:00-05:00,26.770000457763672,27.389999389648438,26.420000076293945,26.549999237060547,209900,0.0,0.0
2016-11-15 00:00:00-05:00,26.579999923706055,26.639999389648438,25.8700008392334,26.15999984741211,208900,0.0,0.0
2016-11-16 00:00:00-05:00,26.190000534057617,26.81999969482422,25.979999542236328,26.690000534057617,144000,0.0,0.0
2016-11-17 00:00:00-05:00,26.690000534057617,26.969999313354492,26.110000610351562,26.209999084472656,103500,0.0,0.0
2016-11-18 00:00:00-05:00,26.350000381469727,26.670000076293945,26.0,26.079999923706055,117600,0.0,0.0
2016-11-21 00:00:00-05:00,26.1200008392334,26.350000381469727,25.729999542236328,25.969999313354492,112100,0.0,0.0
2016-11-22 00:00:00-05:00,25.90999984741211,26.290000915527344,25.90999984741211,26.18000030517578,151400,0.0,0.0
2016-11-23 00:00:00-05:00,26.18000030517578,26.329999923706055,25.799999237060547,25.899999618530273,120500,0.0,0.0
2016-11-25 00:00:00-05:00,26.040000915527344,26.510000228881836,25.850000381469727,26.350000381469727,35400,0.0,0.0
2016-11-28 00:00:00-05:00,26.350000381469727,26.3700008392334,25.270000457763672,25.489999771118164,156900,0.0,0.0
2016-11-29 00:00:00-05:00,25.510000228881836,25.850000381469727,25.079999923706055,25.290000915527344,126100,0.0,0.0
2016-11-30 00:00:00-05:00,25.360000610351562,25.360000610351562,24.440000534057617,24.459999084472656,139200,0.0,0.0
2016-12-01 00:00:00-05:00,24.459999084472656,25.43000030517578,24.270000457763672,25.309999465942383,296200,0.0,0.0
2016-12-02 00:00:00-05:00,25.3799991607666,25.3799991607666,24.219999313354492,24.299999237060547,118300,0.0,0.0
2016-12-05 00:00:00-05:00,24.6200008392334,25.280000686645508,24.1299991607666,25.219999313354492,228800,0.0,0.0
2016-12-06 00:00:00-05:00,25.18000030517578,26.440000534057617,24.940000534057617,26.350000381469727,125700,0.0,0.0
2016-12-07 00:00:00-05:00,26.290000915527344,27.65999984741211,26.290000915527344,27.6200008392334,173400,0.0,0.0
2016-12-08 00:00:00-05:00,27.75,28.469999313354492,27.399999618530273,28.31999969482422,160500,0.0,0.0
2016-12-09 00:00:00-05:00,28.299999237060547,28.8700008392334,28.139999389648438,28.84000015258789,141400,0.0,0.0
2016-12-12 00:00:00-05:00,28.700000762939453,29.40999984741211,27.829999923706055,27.860000610351562,127500,0.0,0.0
2016-12-13 00:00:00-05:00,28.010000228881836,28.6299991607666,27.440000534057617,27.940000534057617,305600,0.0,0.0
2016-12-14 00:00:00-05:00,28.0,28.0,26.479999542236328,26.549999237060547,151800,0.0,0.0
2016-12-15 00:00:00-05:00,26.549999237060547,26.950000762939453,26.170000076293945,26.25,176900,0.0,0.0
2016-12-16 00:00:00-05:00,26.43000030517578,26.93000030517578,26.010000228881836,26.399999618530273,507300,0.0,0.0
2016-12-19 00:00:00-05:00,26.549999237060547,27.270000457763672,26.299999237060547,26.959999084472656,115000,0.0,0.0
2016-12-20 00:00:00-05:00,26.989999771118164,27.440000534057617,26.329999923706055,27.360000610351562,119400,0.0,0.0
2016-12-21 00:00:00-05:00,27.100000381469727,27.270000457763672,26.280000686645508,26.540000915527344,133700,0.0,0.0
2016-12-22 00:00:00-05:00,26.520000457763672,26.520000457763672,25.540000915527344,25.59000015258789,101000,0.0,0.0
2016-12-23 00:00:00-05:00,25.690000534057617,25.940000534057617,25.479999542236328,25.65999984741211,49300,0.0,0.0
2016-12-27 00:00:00-05:00,25.700000762939453,26.059999465942383,25.700000762939453,25.93000030517578,127700,0.0,0.0
2016-12-28 00:00:00-05:00,25.979999542236328,26.06999969482422,25.75,26.020000457763672,68700,0.0,0.0
2016-12-29 00:00:00-05:00,26.1299991607666,26.389999389648438,25.829999923706055,26.170000076293945,66500,0.0,0.0
2016-12-30 00:00:00-05:00,26.149999618530273,26.950000762939453,25.75,26.920000076293945,157300,0.0,0.0
2017-01-03 00:00:00-05:00,27.510000228881836,28.149999618530273,27.110000610351562,27.90999984741211,223700,0.0,0.0
2017-01-04 00:00:00-05:00,28.139999389648438,28.739999771118164,27.920000076293945,28.709999084472656,137000,0.0,0.0
2017-01-05 00:00:00-05:00,28.709999084472656,28.709999084472656,27.90999984741211,28.5,125500,0.0,0.0
2017-01-06 00:00:00-05:00,28.5,28.56999969482422,27.90999984741211,27.90999984741211,88400,0.0,0.0
2017-01-09 00:00:00-05:00,28.020000457763672,28.020000457763672,27.489999771118164,27.790000915527344,91300,0.0,0.0
2017-01-10 00:00:00-05:00,27.959999084472656,28.969999313354492,27.649999618530273,28.68000030517578,101700,0.0,0.0
2017-01-11 00:00:00-05:00,28.790000915527344,28.889999389648438,28.239999771118164,28.84000015258789,105800,0.0,0.0
2017-01-12 00:00:00-05:00,28.719999313354492,29.149999618530273,28.079999923706055,28.239999771118164,109100,0.0,0.0
2017-01-13 00:00:00-05:00,28.520000457763672,29.049999237060547,27.979999542236328,28.329999923706055,110700,0.0,0.0
2017-01-17 00:00:00-05:00,28.520000457763672,28.520000457763672,27.0,27.010000228881836,113300,0.0,0.0
2017-01-18 00:00:00-05:00,27.1299991607666,27.200000762939453,26.579999923706055,26.84000015258789,94900,0.0,0.0
2017-01-19 00:00:00-05:00,26.899999618530273,26.899999618530273,26.399999618530273,26.610000610351562,108100,0.0,0.0
2017-01-20 00:00:00-05:00,26.579999923706055,27.18000030517578,26.5,26.920000076293945,157600,0.0,0.0
2017-01-23 00:00:00-05:00,26.90999984741211,26.90999984741211,25.850000381469727,26.6299991607666,121800,0.0,0.0
2017-01-24 00:00:00-05:00,26.84000015258789,27.040000915527344,26.549999237060547,26.6200008392334,85800,0.0,0.0
2017-01-25 00:00:00-05:00,26.719999313354492,27.31999969482422,26.719999313354492,27.049999237060547,75300,0.0,0.0
2017-01-26 00:00:00-05:00,27.1299991607666,27.360000610351562,26.8799991607666,27.010000228881836,73700,0.0,0.0
2017-01-27 00:00:00-05:00,27.010000228881836,27.1299991607666,26.6299991607666,27.010000228881836,61800,0.0,0.0
2017-01-30 00:00:00-05:00,26.8700008392334,27.0,25.969999313354492,26.06999969482422,138400,0.0,0.0
2017-01-31 00:00:00-05:00,25.989999771118164,26.290000915527344,25.709999084472656,26.229999542236328,87400,0.0,0.0
2017-02-01 00:00:00-05:00,26.520000457763672,26.729999542236328,26.010000228881836,26.360000610351562,74300,0.0,0.0
2017-02-02 00:00:00-05:00,26.43000030517578,26.43000030517578,25.260000228881836,25.31999969482422,96700,0.0,0.0
2017-02-03 00:00:00-05:00,25.56999969482422,25.739999771118164,25.260000228881836,25.56999969482422,92900,0.0,0.0
2017-02-06 00:00:00-05:00,25.559999465942383,25.639999389648438,25.09000015258789,25.440000534057617,78900,0.0,0.0
2017-02-07 00:00:00-05:00,25.489999771118164,27.709999084472656,25.3799991607666,27.56999969482422,268200,0.0,0.0
2017-02-08 00:00:00-05:00,27.5,27.510000228881836,26.350000381469727,27.309999465942383,203200,0.0,0.0
2017-02-09 00:00:00-05:00,27.479999542236328,28.399999618530273,25.280000686645508,25.979999542236328,484400,0.0,0.0
2017-02-10 00:00:00-05:00,25.989999771118164,27.920000076293945,25.81999969482422,27.239999771118164,285800,0.0,0.0
2017-02-13 00:00:00-05:00,27.399999618530273,27.700000762939453,26.639999389648438,27.290000915527344,184600,0.0,0.0
2017-02-14 00:00:00-05:00,27.040000915527344,27.860000610351562,26.6299991607666,27.700000762939453,223600,0.0,0.0
2017-02-15 00:00:00-05:00,27.610000610351562,28.65999984741211,26.809999465942383,28.600000381469727,216200,0.0,0.0
2017-02-16 00:00:00-05:00,28.600000381469727,29.010000228881836,28.25,28.920000076293945,148800,0.0,0.0
2017-02-17 00:00:00-05:00,28.969999313354492,29.059999465942383,28.229999542236328,28.989999771118164,141400,0.0,0.0
2017-02-21 00:00:00-05:00,29.059999465942383,29.959999084472656,29.059999465942383,29.540000915527344,105300,0.0,0.0
2017-02-22 00:00:00-05:00,29.639999389648438,29.979999542236328,29.229999542236328,29.549999237060547,166400,0.0,0.0
2017-02-23 00:00:00-05:00,29.6200008392334,29.690000534057617,28.68000030517578,28.75,100200,0.0,0.0
2017-02-24 00:00:00-05:00,28.450000762939453,28.850000381469727,27.989999771118164,28.3700008392334,91500,0.0,0.0
2017-02-27 00:00:00-05:00,28.40999984741211,28.719999313354492,28.139999389648438,28.6200008392334,115400,0.0,0.0
2017-02-28 00:00:00-05:00,28.68000030517578,29.0,28.149999618530273,28.3700008392334,92400,0.0,0.0
2017-03-01 00:00:00-05:00,28.84000015258789,29.350000381469727,28.559999465942383,29.100000381469727,150800,0.0,0.0
2017-03-02 00:00:00-05:00,29.200000762939453,29.549999237060547,28.719999313354492,28.760000228881836,97300,0.0,0.0
2017-03-03 00:00:00-05:00,28.799999237060547,28.920000076293945,28.079999923706055,28.270000457763672,96100,0.0,0.0
2017-03-06 00:00:00-05:00,28.170000076293945,28.170000076293945,27.549999237060547,27.850000381469727,87400,0.0,0.0
2017-03-07 00:00:00-05:00,27.850000381469727,27.860000610351562,27.299999237060547,27.739999771118164,82100,0.0,0.0
2017-03-08 00:00:00-05:00,27.760000228881836,27.969999313354492,27.59000015258789,27.799999237060547,52300,0.0,0.0
2017-03-09 00:00:00-05:00,27.709999084472656,27.829999923706055,27.149999618530273,27.559999465942383,93500,0.0,0.0
2017-03-10 00:00:00-05:00,27.850000381469727,28.110000610351562,27.479999542236328,27.860000610351562,58200,0.0,0.0
2017-03-13 00:00:00-04:00,27.8700008392334,28.25,27.700000762939453,28.040000915527344,55500,0.0,0.0
2017-03-14 00:00:00-04:00,27.959999084472656,28.290000915527344,27.530000686645508,28.139999389648438,41800,0.0,0.0
2017-03-15 00:00:00-04:00,28.209999084472656,29.0,27.81999969482422,28.459999084472656,229400,0.0,0.0
2017-03-16 00:00:00-04:00,28.639999389648438,28.639999389648438,27.75,27.889999389648438,68000,0.0,0.0
2017-03-17 00:00:00-04:00,27.90999984741211,28.040000915527344,27.479999542236328,27.979999542236328,254000,0.0,0.0
2017-03-20 00:00:00-04:00,28.0,28.690000534057617,27.6200008392334,28.350000381469727,59500,0.0,0.0
2017-03-21 00:00:00-04:00,28.43000030517578,28.43000030517578,28.020000457763672,28.100000381469727,96300,0.0,0.0
2017-03-22 00:00:00-04:00,28.06999969482422,28.399999618530273,27.649999618530273,27.950000762939453,87700,0.0,0.0
2017-03-23 00:00:00-04:00,27.920000076293945,28.530000686645508,27.489999771118164,28.40999984741211,75600,0.0,0.0
2017-03-24 00:00:00-04:00,28.459999084472656,28.489999771118164,27.84000015258789,28.010000228881836,59100,0.0,0.0
2017-03-27 00:00:00-04:00,27.940000534057617,30.110000610351562,27.940000534057617,30.010000228881836,171400,0.0,0.0
2017-03-28 00:00:00-04:00,29.899999618530273,30.670000076293945,29.510000228881836,29.989999771118164,190300,0.0,0.0
2017-03-29 00:00:00-04:00,30.1299991607666,30.520000457763672,29.8700008392334,30.489999771118164,88700,0.0,0.0
2017-03-30 00:00:00-04:00,30.709999084472656,30.799999237060547,30.1200008392334,30.309999465942383,99700,0.0,0.0
2017-03-31 00:00:00-04:00,30.260000228881836,30.8700008392334,30.09000015258789,30.729999542236328,90900,0.0,0.0
2017-04-03 00:00:00-04:00,30.75,30.75,29.389999389648438,29.559999465942383,105800,0.0,0.0
2017-04-04 00:00:00-04:00,29.549999237060547,29.549999237060547,28.75,28.979999542236328,78300,0.0,0.0
2017-04-05 00:00:00-04:00,29.200000762939453,29.200000762939453,28.030000686645508,28.350000381469727,174500,0.0,0.0
2017-04-06 00:00:00-04:00,28.3700008392334,28.899999618530273,28.299999237060547,28.809999465942383,153200,0.0,0.0
2017-04-07 00:00:00-04:00,28.75,28.799999237060547,28.079999923706055,28.440000534057617,136400,0.0,0.0
2017-04-10 00:00:00-04:00,28.389999389648438,28.760000228881836,28.09000015258789,28.34000015258789,240400,0.0,0.0
2017-04-11 00:00:00-04:00,28.3700008392334,29.079999923706055,28.020000457763672,28.90999984741211,204800,0.0,0.0
2017-04-12 00:00:00-04:00,28.850000381469727,28.860000610351562,28.329999923706055,28.799999237060547,136900,0.0,0.0
2017-04-13 00:00:00-04:00,28.75,28.989999771118164,28.0,28.489999771118164,101500,0.0,0.0
2017-04-17 00:00:00-04:00,28.559999465942383,28.68000030517578,28.15999984741211,28.65999984741211,123500,0.0,0.0
2017-04-18 00:00:00-04:00,28.540000915527344,29.229999542236328,28.15999984741211,29.18000030517578,97300,0.0,0.0
2017-04-19 00:00:00-04:00,29.399999618530273,29.65999984741211,28.989999771118164,29.09000015258789,107500,0.0,0.0
2017-04-20 00:00:00-04:00,29.260000228881836,30.15999984741211,29.260000228881836,29.889999389648438,95200,0.0,0.0
2017-04-21 00:00:00-04:00,29.989999771118164,29.989999771118164,29.290000915527344,29.469999313354492,62600,0.0,0.0
2017-04-24 00:00:00-04:00,30.110000610351562,30.389999389648438,29.600000381469727,30.149999618530273,76900,0.0,0.0
2017-04-25 00:00:00-04:00,30.3700008392334,30.90999984741211,30.350000381469727,30.600000381469727,77200,0.0,0.0
2017-04-26 00:00:00-04:00,30.670000076293945,30.81999969482422,30.290000915527344,30.399999618530273,87400,0.0,0.0
2017-04-27 00:00:00-04:00,30.520000457763672,30.690000534057617,30.010000228881836,30.139999389648438,109900,0.0,0.0
2017-04-28 00:00:00-04:00,30.100000381469727,30.649999618530273,29.889999389648438,30.31999969482422,58900,0.0,0.0
2017-05-01 00:00:00-04:00,30.829999923706055,31.56999969482422,30.280000686645508,31.5,114700,0.0,0.0
2017-05-02 00:00:00-04:00,31.520000457763672,31.549999237060547,30.299999237060547,30.3799991607666,131500,0.0,0.0
2017-05-03 00:00:00-04:00,30.290000915527344,30.579999923706055,29.690000534057617,30.15999984741211,102600,0.0,0.0
2017-05-04 00:00:00-04:00,30.280000686645508,30.59000015258789,29.360000610351562,29.670000076293945,135500,0.0,0.0
2017-05-05 00:00:00-04:00,29.719999313354492,30.559999465942383,29.270000457763672,30.030000686645508,165200,0.0,0.0
2017-05-08 00:00:00-04:00,29.989999771118164,30.139999389648438,29.3700008392334,29.56999969482422,70800,0.0,0.0
2017-05-09 00:00:00-04:00,29.59000015258789,30.56999969482422,29.59000015258789,30.530000686645508,100400,0.0,0.0
2017-05-10 00:00:00-04:00,30.559999465942383,30.799999237060547,30.31999969482422,30.670000076293945,175100,0.0,0.0
2017-05-11 00:00:00-04:00,30.520000457763672,31.260000228881836,29.940000534057617,31.15999984741211,125400,0.0,0.0
2017-05-12 00:00:00-04:00,31.1200008392334,31.290000915527344,30.719999313354492,30.84000015258789,238300,0.0,0.0
2017-05-15 00:00:00-04:00,30.979999542236328,31.549999237060547,30.889999389648438,31.190000534057617,82000,0.0,0.0
2017-05-16 00:00:00-04:00,31.299999237060547,31.530000686645508,31.049999237060547,31.209999084472656,112700,0.0,0.0
2017-05-17 00:00:00-04:00,30.829999923706055,31.3799991607666,30.280000686645508,30.280000686645508,178300,0.0,0.0
2017-05-18 00:00:00-04:00,30.170000076293945,30.31999969482422,29.670000076293945,30.18000030517578,153800,0.0,0.0
2017-05-19 00:00:00-04:00,30.190000534057617,30.459999084472656,29.799999237060547,30.190000534057617,118000,0.0,0.0
2017-05-22 00:00:00-04:00,30.25,30.399999618530273,29.489999771118164,29.739999771118164,152100,0.0,0.0
2017-05-23 00:00:00-04:00,29.540000915527344,30.18000030517578,29.010000228881836,30.0,268200,0.0,0.0
2017-05-24 00:00:00-04:00,29.940000534057617,30.09000015258789,29.5,29.65999984741211,127000,0.0,0.0
2017-05-25 00:00:00-04:00,29.739999771118164,29.940000534057617,29.5,29.770000457763672,119300,0.0,0.0
2017-05-26 00:00:00-04:00,29.729999542236328,29.729999542236328,29.209999084472656,29.40999984741211,43700,0.0,0.0
2017-05-30 00:00:00-04:00,29.389999389648438,29.600000381469727,28.93000030517578,29.06999969482422,57100,0.0,0.0
2017-05-31 00:00:00-04:00,29.200000762939453,29.229999542236328,28.639999389648438,29.06999969482422,95800,0.0,0.0
2017-06-01 00:00:00-04:00,29.170000076293945,29.969999313354492,28.770000457763672,29.6299991607666,181900,0.0,0.0
2017-06-02 00:00:00-04:00,29.719999313354492,30.670000076293945,29.190000534057617,29.5,224700,0.0,0.0
2017-06-05 00:00:00-04:00,29.469999313354492,29.979999542236328,29.3799991607666,29.489999771118164,103300,0.0,0.0
2017-06-06 00:00:00-04:00,29.34000015258789,29.760000228881836,29.299999237060547,29.450000762939453,73900,0.0,0.0
2017-06-07 00:00:00-04:00,29.450000762939453,29.450000762939453,28.549999237060547,28.690000534057617,132900,0.0,0.0
2017-06-08 00:00:00-04:00,28.600000381469727,29.200000762939453,28.200000762939453,28.719999313354492,139300,0.0,0.0
2017-06-09 00:00:00-04:00,28.850000381469727,29.510000228881836,28.65999984741211,28.93000030517578,136200,0.0,0.0
2017-06-12 00:00:00-04:00,28.850000381469727,29.860000610351562,27.8799991607666,28.219999313354492,165800,0.0,0.0
2017-06-13 00:00:00-04:00,28.3799991607666,28.75,28.1200008392334,28.5,189100,0.0,0.0
2017-06-14 00:00:00-04:00,27.0,29.5,27.0,28.100000381469727,594600,0.0,0.0
2017-06-15 00:00:00-04:00,27.75,27.75,25.389999389648438,26.719999313354492,502800,0.0,0.0
2017-06-16 00:00:00-04:00,26.520000457763672,27.079999923706055,26.309999465942383,27.059999465942383,337300,0.0,0.0
2017-06-19 00:00:00-04:00,27.25,27.559999465942383,26.950000762939453,27.25,138800,0.0,0.0
2017-06-20 00:00:00-04:00,27.149999618530273,27.729999542236328,26.93000030517578,27.399999618530273,126500,0.0,0.0
2017-06-21 00:00:00-04:00,27.5,27.700000762939453,27.219999313354492,27.5,91100,0.0,0.0
2017-06-22 00:00:00-04:00,27.530000686645508,28.34000015258789,27.530000686645508,28.31999969482422,116900,0.0,0.0
2017-06-23 00:00:00-04:00,28.34000015258789,28.56999969482422,27.799999237060547,28.31999969482422,663400,0.0,0.0
2017-06-26 00:00:00-04:00,28.389999389648438,28.75,28.06999969482422,28.18000030517578,203100,0.0,0.0
2017-06-27 00:00:00-04:00,28.209999084472656,28.209999084472656,27.360000610351562,27.860000610351562,146100,0.0,0.0
2017-06-28 00:00:00-04:00,28.1299991607666,28.93000030517578,27.790000915527344,28.25,152600,0.0,0.0
2017-06-29 00:00:00-04:00,28.229999542236328,28.59000015258789,27.1200008392334,28.34000015258789,211300,0.0,0.0
2017-06-30 00:00:00-04:00,28.43000030517578,28.670000076293945,28.1299991607666,28.239999771118164,114200,0.0,0.0
2017-07-03 00:00:00-04:00,28.329999923706055,28.5,28.1200008392334,28.200000762939453,58600,0.0,0.0
2017-07-05 00:00:00-04:00,28.190000534057617,28.25,26.8700008392334,27.260000228881836,235500,0.0,0.0
2017-07-06 00:00:00-04:00,27.030000686645508,27.690000534057617,26.860000610351562,26.940000534057617,256900,0.0,0.0
2017-07-07 00:00:00-04:00,26.530000686645508,28.0,26.329999923706055,27.84000015258789,187200,0.0,0.0
2017-07-10 00:00:00-04:00,27.739999771118164,27.770000457763672,27.25,27.399999618530273,113700,0.0,0.0
2017-07-11 00:00:00-04:00,27.360000610351562,27.690000534057617,27.149999618530273,27.260000228881836,125900,0.0,0.0
2017-07-12 00:00:00-04:00,27.59000015258789,27.8700008392334,27.25,27.459999084472656,97200,0.0,0.0
2017-07-13 00:00:00-04:00,27.559999465942383,27.700000762939453,27.270000457763672,27.690000534057617,45200,0.0,0.0
2017-07-14 00:00:00-04:00,27.600000381469727,28.18000030517578,27.59000015258789,28.06999969482422,75000,0.0,0.0
2017-07-17 00:00:00-04:00,28.049999237060547,28.459999084472656,27.969999313354492,28.229999542236328,136200,0.0,0.0
2017-07-18 00:00:00-04:00,28.290000915527344,28.5,27.799999237060547,28.3700008392334,152300,0.0,0.0
2017-07-19 00:00:00-04:00,28.399999618530273,28.719999313354492,28.100000381469727,28.260000228881836,98400,0.0,0.0
2017-07-20 00:00:00-04:00,28.290000915527344,28.719999313354492,28.010000228881836,28.149999618530273,76800,0.0,0.0
2017-07-21 00:00:00-04:00,28.260000228881836,28.40999984741211,27.59000015258789,27.68000030517578,159900,0.0,0.0
2017-07-24 00:00:00-04:00,27.670000076293945,28.270000457763672,27.5,28.020000457763672,105900,0.0,0.0
2017-07-25 00:00:00-04:00,28.1200008392334,28.360000610351562,27.920000076293945,27.989999771118164,100700,0.0,0.0
2017-07-26 00:00:00-04:00,28.030000686645508,28.34000015258789,27.860000610351562,28.270000457763672,71500,0.0,0.0
2017-07-27 00:00:00-04:00,28.329999923706055,28.3700008392334,27.649999618530273,27.93000030517578,72700,0.0,0.0
2017-07-28 00:00:00-04:00,27.809999465942383,27.8799991607666,27.420000076293945,27.729999542236328,59100,0.0,0.0
2017-07-31 00:00:00-04:00,27.75,28.049999237060547,27.360000610351562,27.969999313354492,62900,0.0,0.0
2017-08-01 00:00:00-04:00,27.969999313354492,27.969999313354492,27.389999389648438,27.709999084472656,116300,0.0,0.0
2017-08-02 00:00:00-04:00,27.559999465942383,28.030000686645508,26.899999618530273,26.959999084472656,140000,0.0,0.0
2017-08-03 00:00:00-04:00,27.06999969482422,27.209999084472656,26.43000030517578,26.579999923706055,66300,0.0,0.0
2017-08-04 00:00:00-04:00,26.59000015258789,26.610000610351562,26.18000030517578,26.280000686645508,99800,0.0,0.0
2017-08-07 00:00:00-04:00,26.290000915527344,26.639999389648438,25.799999237060547,25.940000534057617,125000,0.0,0.0
2017-08-08 00:00:00-04:00,25.84000015258789,26.239999771118164,25.43000030517578,25.920000076293945,154900,0.0,0.0
2017-08-09 00:00:00-04:00,25.389999389648438,28.399999618530273,25.0,27.520000457763672,226300,0.0,0.0
2017-08-10 00:00:00-04:00,27.530000686645508,27.549999237060547,26.510000228881836,27.18000030517578,167400,0.0,0.0
2017-08-11 00:00:00-04:00,27.270000457763672,27.549999237060547,26.760000228881836,26.920000076293945,78200,0.0,0.0
2017-08-14 00:00:00-04:00,27.049999237060547,27.440000534057617,26.729999542236328,27.3700008392334,73100,0.0,0.0
2017-08-15 00:00:00-04:00,27.520000457763672,27.520000457763672,25.0,25.139999389648438,240400,0.0,0.0
2017-08-16 00:00:00-04:00,25.1299991607666,25.649999618530273,25.020000457763672,25.350000381469727,127600,0.0,0.0
2017-08-17 00:00:00-04:00,25.139999389648438,25.690000534057617,24.75,24.899999618530273,121700,0.0,0.0
2017-08-18 00:00:00-04:00,24.65999984741211,24.770000457763672,24.239999771118164,24.739999771118164,124700,0.0,0.0
2017-08-21 00:00:00-04:00,24.649999618530273,25.139999389648438,24.459999084472656,25.049999237060547,75700,0.0,0.0
2017-08-22 00:00:00-04:00,25.149999618530273,25.760000228881836,25.149999618530273,25.700000762939453,90200,0.0,0.0
2017-08-23 00:00:00-04:00,25.56999969482422,25.920000076293945,25.56999969482422,25.84000015258789,82900,0.0,0.0
2017-08-24 00:00:00-04:00,25.889999389648438,26.18000030517578,25.8799991607666,25.989999771118164,63600,0.0,0.0
2017-08-25 00:00:00-04:00,26.09000015258789,26.100000381469727,25.889999389648438,26.09000015258789,75800,0.0,0.0
2017-08-28 00:00:00-04:00,26.110000610351562,26.110000610351562,25.389999389648438,25.479999542236328,74900,0.0,0.0
2017-08-29 00:00:00-04:00,25.389999389648438,25.829999923706055,25.260000228881836,25.81999969482422,75500,0.0,0.0
2017-08-30 00:00:00-04:00,25.8799991607666,26.260000228881836,25.639999389648438,25.700000762939453,60800,0.0,0.0
2017-08-31 00:00:00-04:00,25.81999969482422,26.530000686645508,25.81999969482422,26.270000457763672,75800,0.0,0.0
2017-09-01 00:00:00-04:00,26.329999923706055,27.1200008392334,26.06999969482422,27.09000015258789,102300,0.0,0.0
2017-09-05 00:00:00-04:00,26.989999771118164,27.0,26.059999465942383,26.299999237060547,85500,0.0,0.0
2017-09-06 00:00:00-04:00,26.360000610351562,26.6299991607666,25.979999542236328,26.479999542236328,85800,0.0,0.0
2017-09-07 00:00:00-04:00,26.489999771118164,26.6200008392334,26.200000762939453,26.450000762939453,62900,0.0,0.0
2017-09-08 00:00:00-04:00,26.489999771118164,26.489999771118164,26.059999465942383,26.280000686645508,73700,0.0,0.0
2017-09-11 00:00:00-04:00,26.440000534057617,26.729999542236328,25.899999618530273,26.34000015258789,90700,0.0,0.0
2017-09-12 00:00:00-04:00,26.3799991607666,26.75,26.15999984741211,26.600000381469727,54300,0.0,0.0
2017-09-13 00:00:00-04:00,26.59000015258789,26.950000762939453,26.59000015258789,26.920000076293945,71400,0.0,0.0
2017-09-14 00:00:00-04:00,26.81999969482422,27.510000228881836,26.81999969482422,27.309999465942383,106000,0.0,0.0
2017-09-15 00:00:00-04:00,27.280000686645508,27.5,26.8799991607666,27.049999237060547,200800,0.0,0.0
2017-09-18 00:00:00-04:00,27.18000030517578,27.3799991607666,27.079999923706055,27.209999084472656,95600,0.0,0.0
2017-09-19 00:00:00-04:00,27.350000381469727,27.770000457763672,27.270000457763672,27.59000015258789,91600,0.0,0.0
2017-09-20 00:00:00-04:00,27.549999237060547,27.8799991607666,27.530000686645508,27.549999237060547,60500,0.0,0.0
2017-09-21 00:00:00-04:00,27.559999465942383,27.739999771118164,27.450000762939453,27.649999618530273,34900,0.0,0.0
2017-09-22 00:00:00-04:00,27.639999389648438,28.1299991607666,27.6299991607666,28.010000228881836,48000,0.0,0.0
2017-09-25 00:00:00-04:00,27.989999771118164,28.469999313354492,27.920000076293945,28.450000762939453,77700,0.0,0.0
2017-09-26 00:00:00-04:00,28.59000015258789,29.65999984741211,28.459999084472656,29.420000076293945,165300,0.0,0.0
2017-09-27 00:00:00-04:00,29.6299991607666,29.8799991607666,28.139999389648438,28.6299991607666,186200,0.0,0.0
2017-09-28 00:00:00-04:00,28.6299991607666,29.56999969482422,28.6299991607666,29.229999542236328,114800,0.0,0.0
2017-09-29 00:00:00-04:00,29.149999618530273,29.670000076293945,28.8700008392334,29.459999084472656,98600,0.0,0.0
2017-10-02 00:00:00-04:00,29.469999313354492,29.549999237060547,28.399999618530273,28.600000381469727,173600,0.0,0.0
2017-10-03 00:00:00-04:00,28.690000534057617,28.84000015258789,28.450000762939453,28.770000457763672,78500,0.0,0.0
2017-10-04 00:00:00-04:00,28.309999465942383,28.950000762939453,28.309999465942383,28.690000534057617,133100,0.0,0.0
2017-10-05 00:00:00-04:00,28.829999923706055,29.200000762939453,28.68000030517578,29.110000610351562,59200,0.0,0.0
2017-10-06 00:00:00-04:00,29.040000915527344,29.389999389648438,28.93000030517578,29.239999771118164,63600,0.0,0.0
2017-10-09 00:00:00-04:00,29.25,29.399999618530273,28.889999389648438,29.299999237060547,70100,0.0,0.0
2017-10-10 00:00:00-04:00,29.350000381469727,29.6299991607666,28.829999923706055,28.920000076293945,98700,0.0,0.0
2017-10-11 00:00:00-04:00,28.979999542236328,29.440000534057617,28.90999984741211,29.389999389648438,84000,0.0,0.0
2017-10-12 00:00:00-04:00,29.389999389648438,29.799999237060547,29.100000381469727,29.75,89800,0.0,0.0
2017-10-13 00:00:00-04:00,29.790000915527344,29.989999771118164,29.3700008392334,29.489999771118164,90900,0.0,0.0
2017-10-16 00:00:00-04:00,29.559999465942383,29.559999465942383,28.600000381469727,28.989999771118164,115700,0.0,0.0
2017-10-17 00:00:00-04:00,28.90999984741211,30.15999984741211,28.90999984741211,29.790000915527344,236600,0.0,0.0
2017-10-18 00:00:00-04:00,29.84000015258789,29.959999084472656,29.389999389648438,29.690000534057617,41000,0.0,0.0
2017-10-19 00:00:00-04:00,29.649999618530273,29.649999618530273,28.959999084472656,29.149999618530273,94500,0.0,0.0
2017-10-20 00:00:00-04:00,29.43000030517578,29.780000686645508,29.399999618530273,29.729999542236328,54500,0.0,0.0
2017-10-23 00:00:00-04:00,29.739999771118164,29.75,29.360000610351562,29.610000610351562,49700,0.0,0.0
2017-10-24 00:00:00-04:00,29.670000076293945,29.979999542236328,28.940000534057617,29.059999465942383,174700,0.0,0.0
2017-10-25 00:00:00-04:00,29.049999237060547,29.610000610351562,28.360000610351562,28.75,91400,0.0,0.0
2017-10-26 00:00:00-04:00,28.81999969482422,29.079999923706055,25.829999923706055,28.649999618530273,46000,0.0,0.0
2017-10-27 00:00:00-04:00,28.639999389648438,29.110000610351562,27.979999542236328,29.06999969482422,132900,0.0,0.0
2017-10-30 00:00:00-04:00,28.989999771118164,29.3700008392334,28.600000381469727,29.06999969482422,105400,0.0,0.0
2017-10-31 00:00:00-04:00,29.280000686645508,29.3700008392334,28.719999313354492,28.90999984741211,189900,0.0,0.0
2017-11-01 00:00:00-04:00,29.0,29.139999389648438,27.889999389648438,28.09000015258789,284900,0.0,0.0
2017-11-02 00:00:00-04:00,27.959999084472656,28.110000610351562,27.520000457763672,27.559999465942383,127600,0.0,0.0
2017-11-03 00:00:00-04:00,27.56999969482422,27.649999618530273,26.84000015258789,26.989999771118164,152300,0.0,0.0
2017-11-06 00:00:00-05:00,26.93000030517578,27.34000015258789,26.760000228881836,26.829999923706055,68400,0.0,0.0
2017-11-07 00:00:00-05:00,26.90999984741211,27.079999923706055,26.049999237060547,26.1299991607666,194700,0.0,0.0
2017-11-08 00:00:00-05:00,26.1200008392334,26.479999542236328,25.309999465942383,26.200000762939453,273900,0.0,0.0
2017-11-09 00:00:00-05:00,26.0,26.610000610351562,25.149999618530273,25.920000076293945,299900,0.0,0.0
2017-11-10 00:00:00-05:00,25.729999542236328,26.170000076293945,24.3700008392334,25.5,329700,0.0,0.0
2017-11-13 00:00:00-05:00,25.5,25.65999984741211,24.8700008392334,25.049999237060547,291400,0.0,0.0
2017-11-14 00:00:00-05:00,24.899999618530273,25.549999237060547,24.270000457763672,25.510000228881836,185400,0.0,0.0
2017-11-15 00:00:00-05:00,25.309999465942383,25.540000915527344,24.8700008392334,25.18000030517578,149400,0.0,0.0
2017-11-16 00:00:00-05:00,25.309999465942383,25.399999618530273,24.549999237060547,25.170000076293945,166200,0.0,0.0
2017-11-17 00:00:00-05:00,25.030000686645508,25.389999389648438,24.5,25.290000915527344,145800,0.0,0.0
2017-11-20 00:00:00-05:00,25.34000015258789,25.709999084472656,25.06999969482422,25.209999084472656,184000,0.0,0.0
2017-11-21 00:00:00-05:00,25.260000228881836,25.3799991607666,24.690000534057617,24.84000015258789,170200,0.0,0.0
2017-11-22 00:00:00-05:00,24.8700008392334,24.8799991607666,24.219999313354492,24.760000228881836,131700,0.0,0.0
2017-11-24 00:00:00-05:00,24.770000457763672,24.770000457763672,24.360000610351562,24.450000762939453,44700,0.0,0.0
2017-11-27 00:00:00-05:00,24.440000534057617,25.450000762939453,24.440000534057617,25.200000762939453,300300,0.0,0.0
2017-11-28 00:00:00-05:00,25.25,25.510000228881836,24.40999984741211,25.399999618530273,166400,0.0,0.0
2017-11-29 00:00:00-05:00,25.389999389648438,26.0,25.059999465942383,25.979999542236328,244400,0.0,0.0
2017-11-30 00:00:00-05:00,26.049999237060547,26.3799991607666,25.81999969482422,26.059999465942383,242800,0.0,0.0
2017-12-01 00:00:00-05:00,26.059999465942383,26.110000610351562,24.68000030517578,25.3799991607666,211100,0.0,0.0
2017-12-04 00:00:00-05:00,25.579999923706055,25.649999618530273,24.809999465942383,24.829999923706055,135700,0.0,0.0
2017-12-05 00:00:00-05:00,24.84000015258789,25.079999923706055,24.440000534057617,24.739999771118164,222500,0.0,0.0
2017-12-06 00:00:00-05:00,24.649999618530273,25.06999969482422,23.979999542236328,24.5,263700,0.0,0.0
2017-12-07 00:00:00-05:00,24.479999542236328,24.6299991607666,24.329999923706055,24.510000228881836,193600,0.0,0.0
2017-12-08 00:00:00-05:00,24.739999771118164,24.969999313354492,24.440000534057617,24.479999542236328,212400,0.0,0.0
2017-12-11 00:00:00-05:00,24.420000076293945,24.56999969482422,23.920000076293945,24.280000686645508,178000,0.0,0.0
2017-12-12 00:00:00-05:00,24.31999969482422,24.719999313354492,24.06999969482422,24.1200008392334,102500,0.0,0.0
2017-12-13 00:00:00-05:00,24.200000762939453,24.799999237060547,24.200000762939453,24.489999771118164,152900,0.0,0.0
2017-12-14 00:00:00-05:00,24.520000457763672,24.8799991607666,24.3700008392334,24.459999084472656,200400,0.0,0.0
2017-12-15 00:00:00-05:00,24.459999084472656,25.239999771118164,24.459999084472656,24.940000534057617,460600,0.0,0.0
2017-12-18 00:00:00-05:00,25.049999237060547,25.799999237060547,24.989999771118164,25.270000457763672,152500,0.0,0.0
2017-12-19 00:00:00-05:00,25.309999465942383,25.329999923706055,24.520000457763672,24.559999465942383,107500,0.0,0.0
2017-12-20 00:00:00-05:00,24.729999542236328,25.139999389648438,24.420000076293945,24.940000534057617,78800,0.0,0.0
2017-12-21 00:00:00-05:00,24.989999771118164,25.239999771118164,24.6299991607666,24.93000030517578,59500,0.0,0.0
2017-12-22 00:00:00-05:00,24.940000534057617,24.940000534057617,24.489999771118164,24.84000015258789,92200,0.0,0.0
2017-12-26 00:00:00-05:00,24.850000381469727,25.059999465942383,24.84000015258789,24.979999542236328,63200,0.0,0.0
2017-12-27 00:00:00-05:00,24.979999542236328,25.06999969482422,24.850000381469727,24.950000762939453,55300,0.0,0.0
2017-12-28 00:00:00-05:00,24.979999542236328,25.43000030517578,24.979999542236328,25.40999984741211,75000,0.0,0.0
2017-12-29 00:00:00-05:00,25.510000228881836,25.65999984741211,24.959999084472656,24.989999771118164,103600,0.0,0.0
2018-01-02 00:00:00-05:00,24.969999313354492,26.799999237060547,24.850000381469727,26.549999237060547,345600,0.0,0.0
2018-01-03 00:00:00-05:00,26.549999237060547,27.719999313354492,26.1299991607666,27.549999237060547,412700,0.0,0.0
2018-01-04 00:00:00-05:00,27.65999984741211,27.959999084472656,27.190000534057617,27.719999313354492,148400,0.0,0.0
2018-01-05 00:00:00-05:00,27.850000381469727,28.139999389648438,27.360000610351562,28.010000228881836,135400,0.0,0.0
2018-01-08 00:00:00-05:00,27.979999542236328,28.420000076293945,27.489999771118164,28.270000457763672,158500,0.0,0.0
2018-01-09 00:00:00-05:00,28.280000686645508,28.3799991607666,27.950000762939453,28.049999237060547,175900,0.0,0.0
2018-01-10 00:00:00-05:00,27.940000534057617,27.940000534057617,27.31999969482422,27.479999542236328,225700,0.0,0.0
2018-01-11 00:00:00-05:00,27.549999237060547,27.979999542236328,27.479999542236328,27.93000030517578,86500,0.0,0.0
2018-01-12 00:00:00-05:00,27.959999084472656,28.399999618530273,27.729999542236328,28.149999618530273,88300,0.0,0.0
2018-01-16 00:00:00-05:00,28.31999969482422,28.639999389648438,27.790000915527344,27.920000076293945,96300,0.0,0.0
2018-01-17 00:00:00-05:00,28.059999465942383,28.700000762939453,27.809999465942383,28.6200008392334,86500,0.0,0.0
2018-01-18 00:00:00-05:00,28.610000610351562,28.979999542236328,28.079999923706055,28.09000015258789,70400,0.0,0.0
2018-01-19 00:00:00-05:00,28.09000015258789,28.420000076293945,27.799999237060547,28.139999389648438,80600,0.0,0.0
2018-01-22 00:00:00-05:00,28.100000381469727,28.170000076293945,27.6200008392334,28.149999618530273,67000,0.0,0.0
2018-01-23 00:00:00-05:00,28.079999923706055,28.3799991607666,27.719999313354492,28.200000762939453,131000,0.0,0.0
2018-01-24 00:00:00-05:00,28.239999771118164,28.520000457763672,27.950000762939453,27.950000762939453,86700,0.0,0.0
2018-01-25 00:00:00-05:00,28.030000686645508,28.110000610351562,27.489999771118164,27.770000457763672,143900,0.0,0.0
2018-01-26 00:00:00-05:00,27.950000762939453,28.100000381469727,27.3799991607666,27.700000762939453,135400,0.0,0.0
2018-01-29 00:00:00-05:00,27.690000534057617,27.75,27.030000686645508,27.479999542236328,169600,0.0,0.0
2018-01-30 00:00:00-05:00,27.280000686645508,27.809999465942383,27.09000015258789,27.329999923706055,131900,0.0,0.0
2018-01-31 00:00:00-05:00,27.43000030517578,27.670000076293945,27.0,27.219999313354492,101100,0.0,0.0
2018-02-01 00:00:00-05:00,26.8700008392334,27.450000762939453,26.3799991607666,26.559999465942383,121700,0.0,0.0
2018-02-02 00:00:00-05:00,26.43000030517578,27.270000457763672,25.18000030517578,25.459999084472656,145200,0.0,0.0
2018-02-05 00:00:00-05:00,25.329999923706055,25.6200008392334,25.020000457763672,25.049999237060547,167300,0.0,0.0
2018-02-06 00:00:00-05:00,24.65999984741211,25.610000610351562,24.65999984741211,25.479999542236328,216700,0.0,0.0
2018-02-07 00:00:00-05:00,25.459999084472656,26.350000381469727,25.350000381469727,25.420000076293945,172100,0.0,0.0
2018-02-08 00:00:00-05:00,25.530000686645508,25.530000686645508,24.450000762939453,24.510000228881836,211500,0.0,0.0
2018-02-09 00:00:00-05:00,23.139999389648438,24.200000762939453,20.940000534057617,22.010000228881836,1363700,0.0,0.0
2018-02-12 00:00:00-05:00,22.040000915527344,22.270000457763672,20.729999542236328,21.450000762939453,500900,0.0,0.0
2018-02-13 00:00:00-05:00,21.34000015258789,22.6299991607666,21.170000076293945,22.600000381469727,547900,0.0,0.0
2018-02-14 00:00:00-05:00,22.739999771118164,24.700000762939453,22.649999618530273,24.59000015258789,431700,0.0,0.0
2018-02-15 00:00:00-05:00,24.639999389648438,24.639999389648438,23.200000762939453,23.899999618530273,231700,0.0,0.0
2018-02-16 00:00:00-05:00,23.860000610351562,24.100000381469727,22.940000534057617,22.959999084472656,160600,0.0,0.0
2018-02-20 00:00:00-05:00,22.739999771118164,23.049999237060547,22.40999984741211,22.729999542236328,102800,0.0,0.0
2018-02-21 00:00:00-05:00,22.610000610351562,23.100000381469727,22.260000228881836,22.309999465942383,100000,0.0,0.0
2018-02-22 00:00:00-05:00,22.299999237060547,22.450000762939453,21.700000762939453,21.780000686645508,211900,0.0,0.0
2018-02-23 00:00:00-05:00,21.979999542236328,22.139999389648438,21.75,22.0,141000,0.0,0.0
2018-02-26 00:00:00-05:00,22.010000228881836,22.09000015258789,21.360000610351562,21.399999618530273,120100,0.0,0.0
2018-02-27 00:00:00-05:00,21.40999984741211,21.40999984741211,20.799999237060547,20.940000534057617,249600,0.0,0.0
2018-02-28 00:00:00-05:00,20.950000762939453,21.3700008392334,20.31999969482422,20.3799991607666,166300,0.0,0.0
2018-03-01 00:00:00-05:00,20.3700008392334,20.940000534057617,20.110000610351562,20.520000457763672,163700,0.0,0.0
2018-03-02 00:00:00-05:00,20.350000381469727,20.989999771118164,20.239999771118164,20.729999542236328,144800,0.0,0.0
2018-03-05 00:00:00-05:00,20.530000686645508,21.079999923706055,20.530000686645508,20.75,171700,0.0,0.0
2018-03-06 00:00:00-05:00,20.790000915527344,21.020000457763672,20.40999984741211,20.790000915527344,140900,0.0,0.0
2018-03-07 00:00:00-05:00,20.6200008392334,21.139999389648438,20.6200008392334,21.010000228881836,293200,0.0,0.0
2018-03-08 00:00:00-05:00,21.09000015258789,21.420000076293945,20.93000030517578,21.18000030517578,116700,0.0,0.0
2018-03-09 00:00:00-05:00,21.31999969482422,21.770000457763672,21.030000686645508,21.709999084472656,135800,0.0,0.0
2018-03-12 00:00:00-04:00,21.75,22.190000534057617,21.719999313354492,21.93000030517578,175400,0.0,0.0
2018-03-13 00:00:00-04:00,22.0,23.040000915527344,22.0,22.959999084472656,327400,0.0,0.0
2018-03-14 00:00:00-04:00,23.06999969482422,23.25,22.649999618530273,22.709999084472656,168300,0.0,0.0
2018-03-15 00:00:00-04:00,22.729999542236328,22.940000534057617,22.389999389648438,22.690000534057617,169200,0.0,0.0
2018-03-16 00:00:00-04:00,22.68000030517578,23.479999542236328,22.68000030517578,23.3799991607666,386400,0.0,0.0
2018-03-19 00:00:00-04:00,23.34000015258789,23.34000015258789,22.530000686645508,22.75,156700,0.0,0.0
2018-03-20 00:00:00-04:00,22.760000228881836,23.030000686645508,21.760000228881836,21.829999923706055,108700,0.0,0.0
2018-03-21 00:00:00-04:00,22.0,22.600000381469727,21.829999923706055,22.09000015258789,83000,0.0,0.0
2018-03-22 00:00:00-04:00,21.969999313354492,22.290000915527344,21.5,21.5,95600,0.0,0.0
2018-03-23 00:00:00-04:00,21.68000030517578,21.829999923706055,21.079999923706055,21.190000534057617,138700,0.0,0.0
2018-03-26 00:00:00-04:00,21.5,21.65999984741211,21.25,21.639999389648438,121600,0.0,0.0
2018-03-27 00:00:00-04:00,21.729999542236328,21.889999389648438,21.399999618530273,21.479999542236328,96000,0.0,0.0
2018-03-28 00:00:00-04:00,21.459999084472656,21.709999084472656,21.059999465942383,21.15999984741211,76900,0.0,0.0
2018-03-29 00:00:00-04:00,21.280000686645508,21.799999237060547,21.06999969482422,21.43000030517578,122500,0.0,0.0
2018-04-02 00:00:00-04:00,21.3799991607666,21.510000228881836,20.829999923706055,20.969999313354492,127300,0.0,0.0
2018-04-03 00:00:00-04:00,21.09000015258789,21.350000381469727,20.84000015258789,21.020000457763672,165000,0.0,0.0
2018-04-04 00:00:00-04:00,20.75,21.969999313354492,20.6200008392334,21.860000610351562,247700,0.0,0.0
2018-04-05 00:00:00-04:00,21.950000762939453,22.450000762939453,21.850000381469727,22.100000381469727,77700,0.0,0.0
2018-04-06 00:00:00-04:00,21.93000030517578,22.510000228881836,21.360000610351562,21.90999984741211,120000,0.0,0.0
2018-04-09 00:00:00-04:00,22.020000457763672,22.299999237060547,20.90999984741211,21.760000228881836,154100,0.0,0.0
2018-04-10 00:00:00-04:00,21.959999084472656,22.360000610351562,21.790000915527344,22.079999923706055,72700,0.0,0.0
2018-04-11 00:00:00-04:00,21.989999771118164,22.350000381469727,21.540000915527344,21.799999237060547,73700,0.0,0.0
2018-04-12 00:00:00-04:00,21.899999618530273,22.1200008392334,21.75,22.010000228881836,79600,0.0,0.0
2018-04-13 00:00:00-04:00,22.06999969482422,22.56999969482422,21.979999542236328,22.149999618530273,85500,0.0,0.0
2018-04-16 00:00:00-04:00,22.25,22.420000076293945,22.0,22.09000015258789,212600,0.0,0.0
2018-04-17 00:00:00-04:00,22.209999084472656,22.6299991607666,22.079999923706055,22.149999618530273,188900,0.0,0.0
2018-04-18 00:00:00-04:00,22.260000228881836,22.5,22.049999237060547,22.1299991607666,82000,0.0,0.0
2018-04-19 00:00:00-04:00,22.1200008392334,22.239999771118164,21.510000228881836,21.6200008392334,72100,0.0,0.0
2018-04-20 00:00:00-04:00,21.510000228881836,21.719999313354492,21.030000686645508,21.049999237060547,90900,0.0,0.0
2018-04-23 00:00:00-04:00,21.059999465942383,21.149999618530273,19.770000457763672,19.979999542236328,156900,0.0,0.0
2018-04-24 00:00:00-04:00,20.059999465942383,20.059999465942383,19.020000457763672,19.1200008392334,164900,0.0,0.0
2018-04-25 00:00:00-04:00,18.940000534057617,19.979999542236328,18.639999389648438,18.8799991607666,96900,0.0,0.0
2018-04-26 00:00:00-04:00,18.920000076293945,19.239999771118164,18.6299991607666,19.239999771118164,137300,0.0,0.0
2018-04-27 00:00:00-04:00,19.299999237060547,19.40999984741211,19.059999465942383,19.399999618530273,82200,0.0,0.0
2018-04-30 00:00:00-04:00,19.43000030517578,19.520000457763672,18.959999084472656,19.040000915527344,110100,0.0,0.0
2018-05-01 00:00:00-04:00,18.969999313354492,19.260000228881836,18.530000686645508,19.239999771118164,141900,0.0,0.0
2018-05-02 00:00:00-04:00,19.209999084472656,20.350000381469727,19.040000915527344,20.15999984741211,227100,0.0,0.0
2018-05-03 00:00:00-04:00,20.059999465942383,21.0,19.809999465942383,20.290000915527344,293600,0.0,0.0
2018-05-04 00:00:00-04:00,20.229999542236328,20.920000076293945,20.110000610351562,20.770000457763672,153200,0.0,0.0
2018-05-07 00:00:00-04:00,20.809999465942383,21.329999923706055,20.75,21.260000228881836,117500,0.0,0.0
2018-05-08 00:00:00-04:00,21.25,21.399999618530273,21.079999923706055,21.110000610351562,239200,0.0,0.0
2018-05-09 00:00:00-04:00,21.139999389648438,21.399999618530273,21.059999465942383,21.190000534057617,168100,0.0,0.0
2018-05-10 00:00:00-04:00,21.299999237060547,21.299999237060547,21.06999969482422,21.229999542236328,104900,0.0,0.0
2018-05-11 00:00:00-04:00,21.219999313354492,21.489999771118164,21.18000030517578,21.280000686645508,63500,0.0,0.0
2018-05-14 00:00:00-04:00,21.309999465942383,21.610000610351562,21.229999542236328,21.479999542236328,73400,0.0,0.0
2018-05-15 00:00:00-04:00,21.389999389648438,21.739999771118164,21.280000686645508,21.3799991607666,58800,0.0,0.0
2018-05-16 00:00:00-04:00,21.399999618530273,22.219999313354492,21.399999618530273,21.90999984741211,133600,0.0,0.0
2018-05-17 00:00:00-04:00,21.899999618530273,22.1200008392334,21.459999084472656,21.75,167700,0.0,0.0
2018-05-18 00:00:00-04:00,21.8700008392334,21.90999984741211,21.479999542236328,21.610000610351562,162500,0.0,0.0
2018-05-21 00:00:00-04:00,21.68000030517578,22.0,21.440000534057617,21.670000076293945,127900,0.0,0.0
2018-05-22 00:00:00-04:00,21.780000686645508,22.200000762939453,21.229999542236328,21.459999084472656,406700,0.0,0.0
2018-05-23 00:00:00-04:00,21.399999618530273,21.559999465942383,21.079999923706055,21.43000030517578,467400,0.0,0.0
2018-05-24 00:00:00-04:00,21.440000534057617,21.59000015258789,21.329999923706055,21.399999618530273,178800,0.0,0.0
2018-05-25 00:00:00-04:00,21.3700008392334,21.530000686645508,21.190000534057617,21.299999237060547,257100,0.0,0.0
2018-05-29 00:00:00-04:00,21.170000076293945,21.90999984741211,20.760000228881836,20.959999084472656,252000,0.0,0.0
2018-05-30 00:00:00-04:00,20.979999542236328,21.770000457763672,20.950000762939453,21.520000457763672,227400,0.0,0.0
2018-05-31 00:00:00-04:00,21.559999465942383,21.559999465942383,21.059999465942383,21.450000762939453,224100,0.0,0.0
2018-06-01 00:00:00-04:00,21.579999923706055,22.309999465942383,21.579999923706055,22.06999969482422,197800,0.0,0.0
2018-06-04 00:00:00-04:00,22.149999618530273,22.270000457763672,21.93000030517578,22.010000228881836,162100,0.0,0.0
2018-06-05 00:00:00-04:00,21.920000076293945,22.110000610351562,21.84000015258789,22.100000381469727,196800,0.0,0.0
2018-06-06 00:00:00-04:00,22.170000076293945,22.280000686645508,21.809999465942383,21.93000030517578,90000,0.0,0.0
2018-06-07 00:00:00-04:00,21.940000534057617,22.030000686645508,21.43000030517578,21.56999969482422,227100,0.0,0.0
2018-06-08 00:00:00-04:00,21.520000457763672,21.969999313354492,21.450000762939453,21.940000534057617,96500,0.0,0.0
2018-06-11 00:00:00-04:00,21.920000076293945,22.600000381469727,21.920000076293945,22.049999237060547,94400,0.0,0.0
2018-06-12 00:00:00-04:00,22.06999969482422,22.09000015258789,21.299999237060547,21.399999618530273,533500,0.0,0.0
2018-06-13 00:00:00-04:00,21.309999465942383,21.5,20.139999389648438,20.65999984741211,515600,0.0,0.0
2018-06-14 00:00:00-04:00,19.75,20.719999313354492,18.690000534057617,20.020000457763672,1099200,0.0,0.0
2018-06-15 00:00:00-04:00,19.5,19.799999237060547,18.850000381469727,19.200000762939453,772800,0.0,0.0
2018-06-18 00:00:00-04:00,19.149999618530273,19.200000762939453,18.690000534057617,19.0,525300,0.0,0.0
2018-06-19 00:00:00-04:00,19.020000457763672,20.389999389648438,18.920000076293945,19.809999465942383,451300,0.0,0.0
2018-06-20 00:00:00-04:00,20.09000015258789,20.309999465942383,19.350000381469727,20.0,227400,0.0,0.0
2018-06-21 00:00:00-04:00,19.899999618530273,20.0,19.219999313354492,19.229999542236328,373600,0.0,0.0
2018-06-22 00:00:00-04:00,19.309999465942383,19.34000015258789,19.030000686645508,19.079999923706055,317800,0.0,0.0
2018-06-25 00:00:00-04:00,19.0,19.059999465942383,18.09000015258789,18.639999389648438,363400,0.0,0.0
2018-06-26 00:00:00-04:00,18.639999389648438,19.079999923706055,18.270000457763672,19.020000457763672,339100,0.0,0.0
2018-06-27 00:00:00-04:00,19.040000915527344,19.1200008392334,18.700000762939453,18.8700008392334,167400,0.0,0.0
2018-06-28 00:00:00-04:00,18.829999923706055,19.18000030517578,18.579999923706055,18.90999984741211,185800,0.0,0.0
2018-06-29 00:00:00-04:00,18.899999618530273,18.940000534057617,18.440000534057617,18.709999084472656,306100,0.0,0.0
2018-07-02 00:00:00-04:00,18.649999618530273,18.959999084472656,18.110000610351562,18.950000762939453,227400,0.0,0.0
2018-07-03 00:00:00-04:00,19.0,19.309999465942383,18.729999542236328,19.260000228881836,132100,0.0,0.0
2018-07-05 00:00:00-04:00,19.34000015258789,20.25,19.34000015258789,20.229999542236328,206900,0.0,0.0
2018-07-06 00:00:00-04:00,20.219999313354492,20.530000686645508,19.760000228881836,19.799999237060547,197100,0.0,0.0
2018-07-09 00:00:00-04:00,19.799999237060547,20.8700008392334,19.799999237060547,20.790000915527344,224200,0.0,0.0
2018-07-10 00:00:00-04:00,20.809999465942383,21.18000030517578,20.40999984741211,20.989999771118164,236600,0.0,0.0
2018-07-11 00:00:00-04:00,20.8799991607666,21.100000381469727,20.079999923706055,20.100000381469727,172600,0.0,0.0
2018-07-12 00:00:00-04:00,20.209999084472656,20.280000686645508,19.6200008392334,19.850000381469727,154100,0.0,0.0
2018-07-13 00:00:00-04:00,19.690000534057617,20.09000015258789,19.329999923706055,19.350000381469727,157400,0.0,0.0
2018-07-16 00:00:00-04:00,19.350000381469727,19.889999389648438,18.969999313354492,19.84000015258789,176900,0.0,0.0
2018-07-17 00:00:00-04:00,19.790000915527344,20.260000228881836,19.790000915527344,19.889999389648438,124900,0.0,0.0
2018-07-18 00:00:00-04:00,19.8799991607666,20.600000381469727,19.75,20.56999969482422,180200,0.0,0.0
2018-07-19 00:00:00-04:00,20.56999969482422,20.969999313354492,20.450000762939453,20.940000534057617,135400,0.0,0.0
2018-07-20 00:00:00-04:00,20.889999389648438,20.93000030517578,20.59000015258789,20.709999084472656,120500,0.0,0.0
2018-07-23 00:00:00-04:00,20.700000762939453,21.610000610351562,20.549999237060547,21.59000015258789,202900,0.0,0.0
2018-07-24 00:00:00-04:00,21.65999984741211,22.170000076293945,20.920000076293945,21.079999923706055,119500,0.0,0.0
2018-07-25 00:00:00-04:00,20.979999542236328,20.979999542236328,20.229999542236328,20.770000457763672,115200,0.0,0.0
2018-07-26 00:00:00-04:00,20.760000228881836,21.25,20.760000228881836,20.989999771118164,85200,0.0,0.0
2018-07-27 00:00:00-04:00,20.959999084472656,21.600000381469727,20.950000762939453,21.530000686645508,89700,0.0,0.0
2018-07-30 00:00:00-04:00,21.540000915527344,22.25,21.43000030517578,21.5,154800,0.0,0.0
2018-07-31 00:00:00-04:00,21.579999923706055,21.8799991607666,21.450000762939453,21.600000381469727,188700,0.0,0.0
2018-08-01 00:00:00-04:00,21.65999984741211,21.68000030517578,21.190000534057617,21.450000762939453,185400,0.0,0.0
2018-08-02 00:00:00-04:00,21.360000610351562,21.56999969482422,21.0,21.1200008392334,159000,0.0,0.0
2018-08-03 00:00:00-04:00,21.190000534057617,21.489999771118164,20.739999771118164,21.440000534057617,129400,0.0,0.0
2018-08-06 00:00:00-04:00,21.399999618530273,21.84000015258789,21.059999465942383,21.6200008392334,127700,0.0,0.0
2018-08-07 00:00:00-04:00,21.399999618530273,22.09000015258789,21.399999618530273,21.739999771118164,94600,0.0,0.0
2018-08-08 00:00:00-04:00,21.670000076293945,22.209999084472656,21.459999084472656,21.899999618530273,249400,0.0,0.0
2018-08-09 00:00:00-04:00,20.5,23.43000030517578,19.700000762939453,23.43000030517578,758600,0.0,0.0
2018-08-10 00:00:00-04:00,23.440000534057617,24.8700008392334,23.190000534057617,24.040000915527344,508000,0.0,0.0
2018-08-13 00:00:00-04:00,24.1299991607666,24.950000762939453,23.350000381469727,24.510000228881836,313500,0.0,0.0
2018-08-14 00:00:00-04:00,24.6299991607666,24.889999389648438,24.510000228881836,24.610000610351562,200400,0.0,0.0
2018-08-15 00:00:00-04:00,24.440000534057617,24.8799991607666,24.360000610351562,24.540000915527344,164800,0.0,0.0
2018-08-16 00:00:00-04:00,24.5,24.959999084472656,24.5,24.59000015258789,227600,0.0,0.0
2018-08-17 00:00:00-04:00,24.530000686645508,24.860000610351562,24.469999313354492,24.75,188000,0.0,0.0
2018-08-20 00:00:00-04:00,24.75,25.809999465942383,24.559999465942383,25.790000915527344,396900,0.0,0.0
2018-08-21 00:00:00-04:00,25.799999237060547,26.309999465942383,25.59000015258789,26.299999237060547,189400,0.0,0.0
2018-08-22 00:00:00-04:00,26.209999084472656,26.209999084472656,25.780000686645508,26.15999984741211,162400,0.0,0.0
2018-08-23 00:00:00-04:00,26.09000015258789,26.18000030517578,25.729999542236328,25.920000076293945,90300,0.0,0.0
2018-08-24 00:00:00-04:00,26.0,26.219999313354492,25.860000610351562,26.079999923706055,118000,0.0,0.0
2018-08-27 00:00:00-04:00,26.329999923706055,26.700000762939453,26.219999313354492,26.459999084472656,130700,0.0,0.0
2018-08-28 00:00:00-04:00,26.469999313354492,26.649999618530273,26.049999237060547,26.440000534057617,63400,0.0,0.0
2018-08-29 00:00:00-04:00,26.43000030517578,26.579999923706055,26.190000534057617,26.399999618530273,65900,0.0,0.0
2018-08-30 00:00:00-04:00,26.3799991607666,26.469999313354492,25.6299991607666,25.799999237060547,115400,0.0,0.0
2018-08-31 00:00:00-04:00,25.760000228881836,26.600000381469727,25.510000228881836,26.540000915527344,198800,0.0,0.0
2018-09-04 00:00:00-04:00,26.6200008392334,27.190000534057617,26.100000381469727,26.65999984741211,209400,0.0,0.0
2018-09-05 00:00:00-04:00,26.700000762939453,26.729999542236328,25.639999389648438,25.770000457763672,199300,0.0,0.0
2018-09-06 00:00:00-04:00,25.850000381469727,25.850000381469727,24.959999084472656,25.3799991607666,106700,0.0,0.0
2018-09-07 00:00:00-04:00,25.34000015258789,25.34000015258789,24.59000015258789,24.93000030517578,162500,0.0,0.0
2018-09-10 00:00:00-04:00,24.8799991607666,26.989999771118164,24.860000610351562,25.719999313354492,152700,0.0,0.0
2018-09-11 00:00:00-04:00,25.700000762939453,25.860000610351562,24.969999313354492,25.030000686645508,165900,0.0,0.0
2018-09-12 00:00:00-04:00,25.020000457763672,25.020000457763672,24.469999313354492,24.90999984741211,234700,0.0,0.0
2018-09-13 00:00:00-04:00,24.90999984741211,25.229999542236328,24.75,25.170000076293945,104600,0.0,0.0
2018-09-14 00:00:00-04:00,24.969999313354492,25.860000610351562,24.969999313354492,25.59000015258789,115700,0.0,0.0
2018-09-17 00:00:00-04:00,25.6299991607666,25.8799991607666,25.040000915527344,25.579999923706055,132700,0.0,0.0
2018-09-18 00:00:00-04:00,25.549999237060547,25.600000381469727,25.040000915527344,25.440000534057617,144400,0.0,0.0
2018-09-19 00:00:00-04:00,25.40999984741211,26.020000457763672,24.639999389648438,25.110000610351562,178800,0.0,0.0
2018-09-20 00:00:00-04:00,25.15999984741211,25.829999923706055,24.989999771118164,25.799999237060547,82400,0.0,0.0
2018-09-21 00:00:00-04:00,25.75,25.899999618530273,24.90999984741211,24.989999771118164,213800,0.0,0.0
2018-09-24 00:00:00-04:00,24.899999618530273,24.899999618530273,23.959999084472656,24.010000228881836,75000,0.0,0.0
2018-09-25 00:00:00-04:00,24.010000228881836,24.299999237060547,23.639999389648438,23.81999969482422,174000,0.0,0.0
2018-09-26 00:00:00-04:00,23.780000686645508,24.079999923706055,23.530000686645508,23.6200008392334,120500,0.0,0.0
2018-09-27 00:00:00-04:00,23.6299991607666,23.920000076293945,23.469999313354492,23.68000030517578,118000,0.0,0.0
2018-09-28 00:00:00-04:00,23.600000381469727,23.799999237060547,23.389999389648438,23.450000762939453,80700,0.0,0.0
2018-10-01 00:00:00-04:00,23.530000686645508,23.549999237060547,22.3700008392334,22.450000762939453,93400,0.0,0.0
2018-10-02 00:00:00-04:00,22.40999984741211,22.90999984741211,22.15999984741211,22.81999969482422,79400,0.0,0.0
2018-10-03 00:00:00-04:00,22.899999618530273,23.229999542236328,22.520000457763672,22.920000076293945,136400,0.0,0.0
2018-10-04 00:00:00-04:00,22.90999984741211,22.90999984741211,22.34000015258789,22.469999313354492,74800,0.0,0.0
2018-10-05 00:00:00-04:00,22.530000686645508,22.6299991607666,22.09000015258789,22.440000534057617,119900,0.0,0.0
2018-10-08 00:00:00-04:00,22.40999984741211,22.65999984741211,22.209999084472656,22.260000228881836,101300,0.0,0.0
2018-10-09 00:00:00-04:00,22.100000381469727,22.610000610351562,21.860000610351562,22.219999313354492,185000,0.0,0.0
2018-10-10 00:00:00-04:00,22.110000610351562,22.110000610351562,21.260000228881836,21.299999237060547,197200,0.0,0.0
2018-10-11 00:00:00-04:00,21.149999618530273,21.450000762939453,20.81999969482422,20.899999618530273,155900,0.0,0.0
2018-10-12 00:00:00-04:00,21.139999389648438,21.809999465942383,21.040000915527344,21.670000076293945,325800,0.0,0.0
2018-10-15 00:00:00-04:00,21.610000610351562,21.829999923706055,21.450000762939453,21.610000610351562,227200,0.0,0.0
2018-10-16 00:00:00-04:00,21.809999465942383,22.219999313354492,21.06999969482422,21.84000015258789,222300,0.0,0.0
2018-10-17 00:00:00-04:00,21.790000915527344,21.8700008392334,21.219999313354492,21.399999618530273,172300,0.0,0.0
2018-10-18 00:00:00-04:00,21.299999237060547,21.389999389648438,20.5,20.520000457763672,151600,0.0,0.0
2018-10-19 00:00:00-04:00,20.530000686645508,20.8799991607666,19.6299991607666,19.75,216500,0.0,0.0
2018-10-22 00:00:00-04:00,19.799999237060547,20.170000076293945,19.510000228881836,19.530000686645508,124500,0.0,0.0
2018-10-23 00:00:00-04:00,19.309999465942383,20.209999084472656,19.020000457763672,20.020000457763672,302300,0.0,0.0
2018-10-24 00:00:00-04:00,20.0,20.389999389648438,19.209999084472656,19.329999923706055,141000,0.0,0.0
2018-10-25 00:00:00-04:00,19.459999084472656,20.059999465942383,19.350000381469727,19.729999542236328,79100,0.0,0.0
2018-10-26 00:00:00-04:00,19.450000762939453,20.780000686645508,19.299999237060547,20.68000030517578,259900,0.0,0.0
2018-10-29 00:00:00-04:00,21.020000457763672,21.440000534057617,20.209999084472656,20.510000228881836,208600,0.0,0.0
2018-10-30 00:00:00-04:00,20.5,21.719999313354492,20.229999542236328,21.670000076293945,109400,0.0,0.0
2018-10-31 00:00:00-04:00,21.969999313354492,21.969999313354492,21.170000076293945,21.18000030517578,156200,0.0,0.0
2018-11-01 00:00:00-04:00,21.309999465942383,21.440000534057617,21.049999237060547,21.100000381469727,203400,0.0,0.0
2018-11-02 00:00:00-04:00,21.209999084472656,21.469999313354492,20.65999984741211,21.3700008392334,185600,0.0,0.0
2018-11-05 00:00:00-05:00,21.360000610351562,21.770000457763672,21.149999618530273,21.719999313354492,161800,0.0,0.0
2018-11-06 00:00:00-05:00,21.649999618530273,22.110000610351562,20.829999923706055,21.59000015258789,104400,0.0,0.0
2018-11-07 00:00:00-05:00,21.600000381469727,21.920000076293945,21.329999923706055,21.799999237060547,98700,0.0,0.0
2018-11-08 00:00:00-05:00,21.8700008392334,21.93000030517578,21.559999465942383,21.780000686645508,202000,0.0,0.0
2018-11-09 00:00:00-05:00,14.079999923706055,18.3799991607666,12.09000015258789,17.200000762939453,2204800,0.0,0.0
2018-11-12 00:00:00-05:00,16.3700008392334,18.969999313354492,16.3700008392334,17.3799991607666,647800,0.0,0.0
2018-11-13 00:00:00-05:00,17.520000457763672,17.989999771118164,17.459999084472656,17.670000076293945,264300,0.0,0.0
2018-11-14 00:00:00-05:00,17.889999389648438,18.100000381469727,17.399999618530273,17.510000228881836,159600,0.0,0.0
2018-11-15 00:00:00-05:00,17.450000762939453,18.110000610351562,17.059999465942383,17.920000076293945,193700,0.0,0.0
2018-11-16 00:00:00-05:00,17.719999313354492,18.1200008392334,17.299999237060547,17.790000915527344,285400,0.0,0.0
2018-11-19 00:00:00-05:00,17.6200008392334,17.6200008392334,16.6200008392334,16.850000381469727,150800,0.0,0.0
2018-11-20 00:00:00-05:00,16.559999465942383,17.049999237060547,15.979999542236328,16.31999969482422,158100,0.0,0.0
2018-11-21 00:00:00-05:00,16.329999923706055,17.170000076293945,16.329999923706055,16.729999542236328,102600,0.0,0.0
2018-11-23 00:00:00-05:00,16.649999618530273,17.049999237060547,16.600000381469727,16.68000030517578,33200,0.0,0.0
2018-11-26 00:00:00-05:00,16.8700008392334,17.75,16.8700008392334,17.68000030517578,128200,0.0,0.0
2018-11-27 00:00:00-05:00,17.520000457763672,17.719999313354492,16.959999084472656,17.229999542236328,78600,0.0,0.0
2018-11-28 00:00:00-05:00,17.200000762939453,17.780000686645508,16.940000534057617,17.68000030517578,86400,0.0,0.0
2018-11-29 00:00:00-05:00,17.56999969482422,17.959999084472656,17.31999969482422,17.850000381469727,78700,0.0,0.0
2018-11-30 00:00:00-05:00,17.780000686645508,18.149999618530273,17.440000534057617,17.950000762939453,162500,0.0,0.0
2018-12-03 00:00:00-05:00,18.079999923706055,18.329999923706055,17.670000076293945,17.93000030517578,110500,0.0,0.0
2018-12-04 00:00:00-05:00,17.90999984741211,17.950000762939453,17.290000915527344,17.469999313354492,136500,0.0,0.0
2018-12-06 00:00:00-05:00,17.260000228881836,17.979999542236328,17.100000381469727,17.889999389648438,97800,0.0,0.0
2018-12-07 00:00:00-05:00,17.8799991607666,18.209999084472656,17.280000686645508,17.290000915527344,94100,0.0,0.0
2018-12-10 00:00:00-05:00,17.25,17.530000686645508,16.6299991607666,16.950000762939453,200800,0.0,0.0
2018-12-11 00:00:00-05:00,17.219999313354492,17.389999389648438,16.459999084472656,16.979999542236328,207100,0.0,0.0
2018-12-12 00:00:00-05:00,17.149999618530273,17.780000686645508,16.760000228881836,17.31999969482422,138600,0.0,0.0
2018-12-13 00:00:00-05:00,17.450000762939453,17.850000381469727,16.670000076293945,16.8700008392334,208100,0.0,0.0
2018-12-14 00:00:00-05:00,16.81999969482422,18.760000228881836,16.81999969482422,18.6200008392334,343600,0.0,0.0
2018-12-17 00:00:00-05:00,18.489999771118164,18.579999923706055,17.100000381469727,17.18000030517578,239000,0.0,0.0
2018-12-18 00:00:00-05:00,17.360000610351562,17.360000610351562,16.06999969482422,16.09000015258789,128700,0.0,0.0
2018-12-19 00:00:00-05:00,16.110000610351562,17.229999542236328,16.110000610351562,16.309999465942383,115800,0.0,0.0
2018-12-20 00:00:00-05:00,16.360000610351562,16.809999465942383,16.18000030517578,16.299999237060547,131400,0.0,0.0
2018-12-21 00:00:00-05:00,16.260000228881836,16.549999237060547,15.520000457763672,15.899999618530273,493200,0.0,0.0
2018-12-24 00:00:00-05:00,15.710000038146973,16.059999465942383,15.199999809265137,15.34000015258789,97500,0.0,0.0
2018-12-26 00:00:00-05:00,15.40999984741211,16.06999969482422,15.0600004196167,16.030000686645508,105600,0.0,0.0
2018-12-27 00:00:00-05:00,15.890000343322754,16.079999923706055,15.140000343322754,15.460000038146973,122400,0.0,0.0
2018-12-28 00:00:00-05:00,15.510000228881836,16.260000228881836,15.329999923706055,16.15999984741211,176400,0.0,0.0
2018-12-31 00:00:00-05:00,16.229999542236328,16.639999389648438,15.600000381469727,16.639999389648438,110900,0.0,0.0
2019-01-02 00:00:00-05:00,16.40999984741211,16.979999542236328,16.0,16.31999969482422,218000,0.0,0.0
2019-01-03 00:00:00-05:00,16.25,16.489999771118164,15.619999885559082,16.270000457763672,132600,0.0,0.0
2019-01-04 00:00:00-05:00,16.459999084472656,18.360000610351562,16.299999237060547,18.239999771118164,250500,0.0,0.0
2019-01-07 00:00:00-05:00,18.200000762939453,19.389999389648438,18.0,19.1299991607666,399000,0.0,0.0
2019-01-08 00:00:00-05:00,23.0,23.649999618530273,20.670000076293945,20.690000534057617,996300,0.0,0.0
2019-01-09 00:00:00-05:00,20.559999465942383,21.549999237060547,20.1299991607666,20.290000915527344,327400,0.0,0.0
2019-01-10 00:00:00-05:00,19.600000381469727,20.0,19.440000534057617,19.760000228881836,280100,0.0,0.0
2019-01-11 00:00:00-05:00,19.75,20.350000381469727,19.65999984741211,19.889999389648438,248800,0.0,0.0
2019-01-14 00:00:00-05:00,19.790000915527344,20.15999984741211,19.56999969482422,19.690000534057617,157300,0.0,0.0
2019-01-15 00:00:00-05:00,19.68000030517578,19.8799991607666,19.200000762939453,19.799999237060547,214800,0.0,0.0
2019-01-16 00:00:00-05:00,19.760000228881836,20.31999969482422,19.6299991607666,19.90999984741211,282100,0.0,0.0
2019-01-17 00:00:00-05:00,20.1299991607666,20.5,19.969999313354492,20.219999313354492,224800,0.0,0.0
2019-01-18 00:00:00-05:00,20.260000228881836,20.5,19.950000762939453,20.139999389648438,155200,0.0,0.0
2019-01-22 00:00:00-05:00,20.18000030517578,20.31999969482422,19.739999771118164,20.1200008392334,87400,0.0,0.0
2019-01-23 00:00:00-05:00,20.1299991607666,20.299999237060547,19.920000076293945,20.190000534057617,67400,0.0,0.0
2019-01-24 00:00:00-05:00,20.1200008392334,20.34000015258789,19.979999542236328,20.309999465942383,187600,0.0,0.0
2019-01-25 00:00:00-05:00,20.5,20.8799991607666,20.209999084472656,20.34000015258789,250700,0.0,0.0
2019-01-28 00:00:00-05:00,20.149999618530273,20.299999237060547,19.649999618530273,20.100000381469727,233400,0.0,0.0
2019-01-29 00:00:00-05:00,20.020000457763672,20.34000015258789,19.889999389648438,20.020000457763672,134300,0.0,0.0
2019-01-30 00:00:00-05:00,20.059999465942383,20.260000228881836,19.549999237060547,20.200000762939453,148700,0.0,0.0
2019-01-31 00:00:00-05:00,20.229999542236328,20.440000534057617,19.920000076293945,20.0,111700,0.0,0.0
2019-02-01 00:00:00-05:00,19.989999771118164,20.200000762939453,19.579999923706055,19.6299991607666,114200,0.0,0.0
2019-02-04 00:00:00-05:00,19.520000457763672,19.59000015258789,19.010000228881836,19.399999618530273,146400,0.0,0.0
2019-02-05 00:00:00-05:00,19.520000457763672,20.389999389648438,19.350000381469727,20.260000228881836,101000,0.0,0.0
2019-02-06 00:00:00-05:00,20.260000228881836,20.540000915527344,20.1299991607666,20.239999771118164,90700,0.0,0.0
2019-02-07 00:00:00-05:00,20.1200008392334,20.1200008392334,19.469999313354492,19.950000762939453,122400,0.0,0.0
2019-02-08 00:00:00-05:00,19.739999771118164,20.06999969482422,19.459999084472656,20.010000228881836,131500,0.0,0.0
2019-02-11 00:00:00-05:00,19.489999771118164,20.139999389648438,18.360000610351562,20.0,374400,0.0,0.0
2019-02-12 00:00:00-05:00,19.920000076293945,20.25,18.549999237060547,19.489999771118164,379100,0.0,0.0
2019-02-13 00:00:00-05:00,19.459999084472656,20.459999084472656,19.3700008392334,20.43000030517578,199700,0.0,0.0
2019-02-14 00:00:00-05:00,20.299999237060547,21.450000762939453,20.219999313354492,21.09000015258789,208400,0.0,0.0
2019-02-15 00:00:00-05:00,21.270000457763672,21.729999542236328,20.860000610351562,21.510000228881836,127100,0.0,0.0
2019-02-19 00:00:00-05:00,21.56999969482422,22.18000030517578,21.450000762939453,21.899999618530273,114800,0.0,0.0
2019-02-20 00:00:00-05:00,21.899999618530273,21.899999618530273,20.850000381469727,21.170000076293945,221200,0.0,0.0
2019-02-21 00:00:00-05:00,21.100000381469727,21.290000915527344,20.479999542236328,20.6200008392334,87500,0.0,0.0
2019-02-22 00:00:00-05:00,20.790000915527344,20.950000762939453,20.690000534057617,20.950000762939453,82400,0.0,0.0
2019-02-25 00:00:00-05:00,21.09000015258789,21.440000534057617,21.049999237060547,21.049999237060547,91300,0.0,0.0
2019-02-26 00:00:00-05:00,21.110000610351562,21.110000610351562,20.489999771118164,20.5,100500,0.0,0.0
2019-02-27 00:00:00-05:00,20.459999084472656,21.010000228881836,20.459999084472656,20.729999542236328,64800,0.0,0.0
2019-02-28 00:00:00-05:00,20.729999542236328,20.739999771118164,20.170000076293945,20.690000534057617,77700,0.0,0.0
2019-03-01 00:00:00-05:00,20.709999084472656,21.260000228881836,20.520000457763672,21.219999313354492,124000,0.0,0.0
2019-03-04 00:00:00-05:00,21.229999542236328,21.25,20.219999313354492,20.260000228881836,105900,0.0,0.0
2019-03-05 00:00:00-05:00,20.260000228881836,20.350000381469727,19.700000762939453,20.270000457763672,55800,0.0,0.0
2019-03-06 00:00:00-05:00,20.260000228881836,20.420000076293945,19.65999984741211,19.65999984741211,90000,0.0,0.0
2019-03-07 00:00:00-05:00,19.649999618530273,19.709999084472656,19.010000228881836,19.5,99500,0.0,0.0
2019-03-08 00:00:00-05:00,19.40999984741211,19.799999237060547,19.360000610351562,19.729999542236328,82700,0.0,0.0
2019-03-11 00:00:00-04:00,19.780000686645508,20.59000015258789,19.670000076293945,20.510000228881836,102400,0.0,0.0
2019-03-12 00:00:00-04:00,20.540000915527344,20.59000015258789,19.899999618530273,20.1200008392334,79300,0.0,0.0
2019-03-13 00:00:00-04:00,20.15999984741211,20.56999969482422,19.790000915527344,20.399999618530273,138900,0.0,0.0
2019-03-14 00:00:00-04:00,20.3700008392334,20.700000762939453,20.139999389648438,20.549999237060547,128800,0.0,0.0
2019-03-15 00:00:00-04:00,20.559999465942383,20.780000686645508,20.260000228881836,20.280000686645508,184600,0.0,0.0
2019-03-18 00:00:00-04:00,20.360000610351562,20.360000610351562,19.809999465942383,20.059999465942383,89800,0.0,0.0
2019-03-19 00:00:00-04:00,20.170000076293945,20.3700008392334,19.950000762939453,20.040000915527344,140500,0.0,0.0
2019-03-20 00:00:00-04:00,20.040000915527344,20.049999237060547,19.260000228881836,19.329999923706055,181500,0.0,0.0
2019-03-21 00:00:00-04:00,19.25,20.110000610351562,19.25,19.979999542236328,127000,0.0,0.0
2019-03-22 00:00:00-04:00,19.809999465942383,19.829999923706055,18.649999618530273,18.760000228881836,169400,0.0,0.0
2019-03-25 00:00:00-04:00,18.68000030517578,18.709999084472656,18.149999618530273,18.56999969482422,121800,0.0,0.0
2019-03-26 00:00:00-04:00,18.670000076293945,19.139999389648438,18.25,18.850000381469727,177500,0.0,0.0
2019-03-27 00:00:00-04:00,18.8700008392334,19.270000457763672,18.18000030517578,18.3799991607666,114000,0.0,0.0
2019-03-28 00:00:00-04:00,18.43000030517578,19.020000457763672,18.43000030517578,19.010000228881836,58800,0.0,0.0
2019-03-29 00:00:00-04:00,19.059999465942383,19.190000534057617,18.700000762939453,18.8700008392334,81900,0.0,0.0
2019-04-01 00:00:00-04:00,18.969999313354492,19.329999923706055,18.809999465942383,18.959999084472656,77500,0.0,0.0
2019-04-02 00:00:00-04:00,18.969999313354492,19.489999771118164,18.81999969482422,19.450000762939453,75400,0.0,0.0
2019-04-03 00:00:00-04:00,19.6200008392334,19.790000915527344,18.959999084472656,19.06999969482422,91100,0.0,0.0
2019-04-04 00:00:00-04:00,19.100000381469727,19.290000915527344,18.899999618530273,19.25,94700,0.0,0.0
2019-04-05 00:00:00-04:00,19.309999465942383,19.75,19.18000030517578,19.709999084472656,76400,0.0,0.0
2019-04-08 00:00:00-04:00,19.610000610351562,19.959999084472656,19.420000076293945,19.940000534057617,61100,0.0,0.0
2019-04-09 00:00:00-04:00,19.709999084472656,19.799999237060547,19.31999969482422,19.3700008392334,75300,0.0,0.0
2019-04-10 00:00:00-04:00,19.3799991607666,19.940000534057617,19.329999923706055,19.799999237060547,85600,0.0,0.0
2019-04-11 00:00:00-04:00,19.799999237060547,20.100000381469727,19.649999618530273,19.780000686645508,63200,0.0,0.0
2019-04-12 00:00:00-04:00,19.959999084472656,20.479999542236328,19.809999465942383,20.329999923706055,82900,0.0,0.0
2019-04-15 00:00:00-04:00,20.360000610351562,20.40999984741211,19.670000076293945,20.0,71600,0.0,0.0
2019-04-16 00:00:00-04:00,20.100000381469727,20.950000762939453,20.0,20.889999389648438,107300,0.0,0.0
2019-04-17 00:00:00-04:00,21.0,21.149999618530273,20.329999923706055,20.639999389648438,92900,0.0,0.0
2019-04-18 00:00:00-04:00,20.610000610351562,20.700000762939453,20.139999389648438,20.639999389648438,105200,0.0,0.0
2019-04-22 00:00:00-04:00,20.59000015258789,20.829999923706055,20.34000015258789,20.479999542236328,61200,0.0,0.0
2019-04-23 00:00:00-04:00,20.530000686645508,21.260000228881836,19.979999542236328,20.790000915527344,68200,0.0,0.0
2019-04-24 00:00:00-04:00,20.770000457763672,21.6299991607666,20.40999984741211,21.440000534057617,182300,0.0,0.0
2019-04-25 00:00:00-04:00,21.420000076293945,21.479999542236328,20.290000915527344,20.670000076293945,113400,0.0,0.0
2019-04-26 00:00:00-04:00,20.84000015258789,21.010000228881836,20.68000030517578,20.829999923706055,63800,0.0,0.0
2019-04-29 00:00:00-04:00,20.81999969482422,21.260000228881836,20.760000228881836,21.049999237060547,51400,0.0,0.0
2019-04-30 00:00:00-04:00,20.979999542236328,21.100000381469727,20.530000686645508,20.65999984741211,62600,0.0,0.0
2019-05-01 00:00:00-04:00,20.709999084472656,21.0,20.479999542236328,20.65999984741211,132500,0.0,0.0
2019-05-02 00:00:00-04:00,20.6299991607666,20.75,20.209999084472656,20.459999084472656,39300,0.0,0.0
2019-05-03 00:00:00-04:00,20.549999237060547,21.190000534057617,20.469999313354492,21.079999923706055,119800,0.0,0.0
2019-05-06 00:00:00-04:00,20.760000228881836,21.360000610351562,20.479999542236328,21.260000228881836,113900,0.0,0.0
2019-05-07 00:00:00-04:00,21.030000686645508,21.100000381469727,20.290000915527344,20.540000915527344,84400,0.0,0.0
2019-05-08 00:00:00-04:00,20.579999923706055,20.850000381469727,20.229999542236328,20.549999237060547,63100,0.0,0.0
2019-05-09 00:00:00-04:00,20.34000015258789,20.56999969482422,19.739999771118164,19.8700008392334,71500,0.0,0.0
2019-05-10 00:00:00-04:00,19.760000228881836,20.389999389648438,19.360000610351562,20.290000915527344,73400,0.0,0.0
2019-05-13 00:00:00-04:00,19.799999237060547,20.200000762939453,19.700000762939453,20.06999969482422,76700,0.0,0.0
2019-05-14 00:00:00-04:00,20.06999969482422,20.360000610351562,19.93000030517578,20.18000030517578,31200,0.0,0.0
2019-05-15 00:00:00-04:00,20.030000686645508,20.65999984741211,19.829999923706055,20.469999313354492,89500,0.0,0.0
2019-05-16 00:00:00-04:00,20.540000915527344,20.649999618530273,20.010000228881836,20.149999618530273,60100,0.0,0.0
2019-05-17 00:00:00-04:00,19.920000076293945,20.43000030517578,19.84000015258789,20.079999923706055,47700,0.0,0.0
2019-05-20 00:00:00-04:00,19.84000015258789,20.34000015258789,19.790000915527344,20.31999969482422,42100,0.0,0.0
2019-05-21 00:00:00-04:00,20.43000030517578,20.940000534057617,20.309999465942383,20.59000015258789,53800,0.0,0.0
2019-05-22 00:00:00-04:00,20.479999542236328,20.809999465942383,19.829999923706055,19.959999084472656,86600,0.0,0.0
2019-05-23 00:00:00-04:00,19.770000457763672,19.90999984741211,18.780000686645508,18.920000076293945,152600,0.0,0.0
2019-05-24 00:00:00-04:00,19.1299991607666,19.780000686645508,18.959999084472656,19.31999969482422,107500,0.0,0.0
2019-05-28 00:00:00-04:00,19.450000762939453,19.579999923706055,18.84000015258789,19.030000686645508,97900,0.0,0.0
2019-05-29 00:00:00-04:00,18.81999969482422,19.549999237060547,18.56999969482422,19.059999465942383,150200,0.0,0.0
2019-05-30 00:00:00-04:00,19.18000030517578,19.520000457763672,18.81999969482422,19.0,50900,0.0,0.0
2019-05-31 00:00:00-04:00,18.170000076293945,18.5,16.540000915527344,17.709999084472656,540500,0.0,0.0
2019-06-03 00:00:00-04:00,17.709999084472656,18.010000228881836,17.450000762939453,17.6299991607666,207200,0.0,0.0
2019-06-04 00:00:00-04:00,17.56999969482422,18.1299991607666,17.56999969482422,18.059999465942383,165000,0.0,0.0
2019-06-05 00:00:00-04:00,18.030000686645508,18.530000686645508,17.709999084472656,17.81999969482422,166800,0.0,0.0
2019-06-06 00:00:00-04:00,17.81999969482422,17.84000015258789,17.299999237060547,17.450000762939453,144500,0.0,0.0
2019-06-07 00:00:00-04:00,17.559999465942383,18.139999389648438,17.479999542236328,17.81999969482422,250000,0.0,0.0
2019-06-10 00:00:00-04:00,18.06999969482422,18.780000686645508,17.90999984741211,18.209999084472656,243400,0.0,0.0
2019-06-11 00:00:00-04:00,18.3700008392334,19.450000762939453,18.3700008392334,19.440000534057617,233300,0.0,0.0
2019-06-12 00:00:00-04:00,19.209999084472656,19.209999084472656,18.84000015258789,18.979999542236328,82100,0.0,0.0
2019-06-13 00:00:00-04:00,19.110000610351562,19.200000762939453,18.399999618530273,18.469999313354492,90400,0.0,0.0
2019-06-14 00:00:00-04:00,18.360000610351562,18.479999542236328,16.18000030517578,17.100000381469727,244400,0.0,0.0
2019-06-17 00:00:00-04:00,17.149999618530273,17.350000381469727,16.600000381469727,16.65999984741211,156500,0.0,0.0
2019-06-18 00:00:00-04:00,16.889999389648438,17.0,16.3799991607666,16.399999618530273,83500,0.0,0.0
2019-06-19 00:00:00-04:00,16.329999923706055,16.6299991607666,16.219999313354492,16.510000228881836,164600,0.0,0.0
2019-06-20 00:00:00-04:00,16.68000030517578,16.959999084472656,16.59000015258789,16.700000762939453,266600,0.0,0.0
2019-06-21 00:00:00-04:00,16.700000762939453,17.40999984741211,16.700000762939453,17.209999084472656,267300,0.0,0.0
2019-06-24 00:00:00-04:00,17.209999084472656,18.059999465942383,16.950000762939453,17.75,128000,0.0,0.0
2019-06-25 00:00:00-04:00,17.700000762939453,18.329999923706055,17.530000686645508,18.030000686645508,177700,0.0,0.0
2019-06-26 00:00:00-04:00,17.979999542236328,18.190000534057617,17.649999618530273,17.809999465942383,153600,0.0,0.0
2019-06-27 00:00:00-04:00,17.969999313354492,18.649999618530273,17.93000030517578,18.469999313354492,152500,0.0,0.0
2019-06-28 00:00:00-04:00,21.200000762939453,23.56999969482422,21.100000381469727,21.40999984741211,907400,0.0,0.0
2019-07-01 00:00:00-04:00,22.049999237060547,22.540000915527344,20.5,20.670000076293945,266000,0.0,0.0
2019-07-02 00:00:00-04:00,20.670000076293945,20.670000076293945,19.479999542236328,19.93000030517578,157600,0.0,0.0
2019-07-03 00:00:00-04:00,19.959999084472656,20.049999237060547,19.100000381469727,19.450000762939453,105400,0.0,0.0
2019-07-05 00:00:00-04:00,19.25,19.709999084472656,19.15999984741211,19.360000610351562,116700,0.0,0.0
2019-07-08 00:00:00-04:00,19.170000076293945,19.290000915527344,18.610000610351562,18.790000915527344,124200,0.0,0.0
2019-07-09 00:00:00-04:00,18.600000381469727,18.709999084472656,18.18000030517578,18.260000228881836,92100,0.0,0.0
2019-07-10 00:00:00-04:00,18.260000228881836,18.56999969482422,18.030000686645508,18.1299991607666,108500,0.0,0.0
2019-07-11 00:00:00-04:00,18.049999237060547,18.290000915527344,17.530000686645508,17.969999313354492,115900,0.0,0.0
2019-07-12 00:00:00-04:00,17.959999084472656,18.739999771118164,17.959999084472656,18.549999237060547,128500,0.0,0.0
2019-07-15 00:00:00-04:00,18.520000457763672,18.600000381469727,18.200000762939453,18.270000457763672,91700,0.0,0.0
2019-07-16 00:00:00-04:00,18.1299991607666,18.5,17.790000915527344,18.5,121300,0.0,0.0
2019-07-17 00:00:00-04:00,18.399999618530273,18.469999313354492,18.09000015258789,18.190000534057617,105000,0.0,0.0
2019-07-18 00:00:00-04:00,18.200000762939453,18.280000686645508,17.649999618530273,17.719999313354492,56500,0.0,0.0
2019-07-19 00:00:00-04:00,17.68000030517578,18.290000915527344,17.489999771118164,17.860000610351562,91100,0.0,0.0
2019-07-22 00:00:00-04:00,17.8799991607666,18.1299991607666,17.8799991607666,18.049999237060547,66200,0.0,0.0
2019-07-23 00:00:00-04:00,18.139999389648438,18.3700008392334,17.790000915527344,18.209999084472656,180400,0.0,0.0
2019-07-24 00:00:00-04:00,18.170000076293945,18.600000381469727,17.920000076293945,18.59000015258789,146200,0.0,0.0
2019-07-25 00:00:00-04:00,18.59000015258789,18.59000015258789,17.889999389648438,18.110000610351562,54100,0.0,0.0
2019-07-26 00:00:00-04:00,18.18000030517578,18.34000015258789,18.030000686645508,18.270000457763672,88300,0.0,0.0
2019-07-29 00:00:00-04:00,18.219999313354492,18.469999313354492,18.15999984741211,18.260000228881836,142000,0.0,0.0
2019-07-30 00:00:00-04:00,18.110000610351562,18.389999389648438,17.75,18.260000228881836,152000,0.0,0.0
2019-07-31 00:00:00-04:00,18.360000610351562,18.649999618530273,17.579999923706055,17.8799991607666,191200,0.0,0.0
2019-08-01 00:00:00-04:00,17.850000381469727,18.219999313354492,17.670000076293945,17.780000686645508,141400,0.0,0.0
2019-08-02 00:00:00-04:00,17.639999389648438,17.639999389648438,16.920000076293945,17.40999984741211,76600,0.0,0.0
2019-08-05 00:00:00-04:00,17.06999969482422,17.139999389648438,16.600000381469727,16.90999984741211,107600,0.0,0.0
2019-08-06 00:00:00-04:00,17.100000381469727,17.200000762939453,16.6299991607666,16.850000381469727,78400,0.0,0.0
2019-08-07 00:00:00-04:00,16.6200008392334,16.989999771118164,16.559999465942383,16.75,209100,0.0,0.0
2019-08-08 00:00:00-04:00,16.0,16.56999969482422,15.5,16.31999969482422,296800,0.0,0.0
2019-08-09 00:00:00-04:00,15.890000343322754,16.31999969482422,15.470000267028809,15.75,142000,0.0,0.0
2019-08-12 00:00:00-04:00,15.640000343322754,15.890000343322754,14.569999694824219,14.970000267028809,174000,0.0,0.0
2019-08-13 00:00:00-04:00,15.010000228881836,15.9399995803833,14.949999809265137,15.829999923706055,173700,0.0,0.0
2019-08-14 00:00:00-04:00,15.550000190734863,15.550000190734863,14.829999923706055,15.029999732971191,100800,0.0,0.0
2019-08-15 00:00:00-04:00,15.010000228881836,15.399999618530273,14.779999732971191,15.25,228400,0.0,0.0
2019-08-16 00:00:00-04:00,15.40999984741211,15.779999732971191,15.229999542236328,15.619999885559082,158100,0.0,0.0
2019-08-19 00:00:00-04:00,15.819999694824219,15.9399995803833,15.319999694824219,15.420000076293945,130600,0.0,0.0
2019-08-20 00:00:00-04:00,15.270000457763672,15.34000015258789,14.960000038146973,15.1899995803833,129200,0.0,0.0
2019-08-21 00:00:00-04:00,15.279999732971191,15.529999732971191,15.029999732971191,15.289999961853027,118900,0.0,0.0
2019-08-22 00:00:00-04:00,15.420000076293945,15.5,14.949999809265137,15.079999923706055,87600,0.0,0.0
2019-08-23 00:00:00-04:00,14.949999809265137,15.149999618530273,14.420000076293945,14.779999732971191,226300,0.0,0.0
2019-08-26 00:00:00-04:00,14.979999542236328,14.979999542236328,14.539999961853027,14.680000305175781,101900,0.0,0.0
2019-08-27 00:00:00-04:00,14.699999809265137,14.739999771118164,14.0,14.09000015258789,195000,0.0,0.0
2019-08-28 00:00:00-04:00,14.0600004196167,14.479999542236328,14.039999961853027,14.350000381469727,97900,0.0,0.0
2019-08-29 00:00:00-04:00,14.5,15.130000114440918,14.350000381469727,15.020000457763672,186200,0.0,0.0
2019-08-30 00:00:00-04:00,15.220000267028809,15.270000457763672,14.350000381469727,14.529999732971191,79400,0.0,0.0
2019-09-03 00:00:00-04:00,14.34000015258789,14.380000114440918,13.680000305175781,13.859999656677246,95400,0.0,0.0
2019-09-04 00:00:00-04:00,14.260000228881836,14.260000228881836,13.84000015258789,13.930000305175781,135900,0.0,0.0
2019-09-05 00:00:00-04:00,13.800000190734863,14.180000305175781,13.40999984741211,13.890000343322754,291100,0.0,0.0
2019-09-06 00:00:00-04:00,14.050000190734863,14.359999656677246,13.859999656677246,14.3100004196167,149300,0.0,0.0
2019-09-09 00:00:00-04:00,14.300000190734863,15.220000267028809,14.279999732971191,15.109999656677246,235800,0.0,0.0
2019-09-10 00:00:00-04:00,15.09000015258789,16.479999542236328,15.050000190734863,16.459999084472656,207300,0.0,0.0
2019-09-11 00:00:00-04:00,16.3799991607666,17.18000030517578,16.31999969482422,17.1200008392334,182100,0.0,0.0
2019-09-12 00:00:00-04:00,17.149999618530273,17.31999969482422,16.729999542236328,17.25,125700,0.0,0.0
2019-09-13 00:00:00-04:00,17.329999923706055,17.459999084472656,17.030000686645508,17.329999923706055,68500,0.0,0.0
2019-09-16 00:00:00-04:00,17.219999313354492,17.889999389648438,17.110000610351562,17.549999237060547,131900,0.0,0.0
2019-09-17 00:00:00-04:00,17.389999389648438,17.389999389648438,16.600000381469727,16.969999313354492,84500,0.0,0.0
2019-09-18 00:00:00-04:00,16.940000534057617,17.309999465942383,16.190000534057617,16.350000381469727,162000,0.0,0.0
2019-09-19 00:00:00-04:00,16.40999984741211,16.799999237060547,16.190000534057617,16.399999618530273,60500,0.0,0.0
2019-09-20 00:00:00-04:00,16.3700008392334,16.540000915527344,15.930000305175781,16.3700008392334,188500,0.0,0.0
2019-09-23 00:00:00-04:00,16.200000762939453,16.420000076293945,15.710000038146973,15.850000381469727,132300,0.0,0.0
2019-09-24 00:00:00-04:00,16.010000228881836,16.1299991607666,15.569999694824219,15.6899995803833,70800,0.0,0.0
2019-09-25 00:00:00-04:00,15.680000305175781,16.1200008392334,15.550000190734863,16.079999923706055,94000,0.0,0.0
2019-09-26 00:00:00-04:00,15.960000038146973,16.079999923706055,15.770000457763672,15.890000343322754,36300,0.0,0.0
2019-09-27 00:00:00-04:00,15.859999656677246,16.510000228881836,15.859999656677246,16.459999084472656,102300,0.0,0.0
2019-09-30 00:00:00-04:00,16.479999542236328,17.020000457763672,16.299999237060547,16.899999618530273,98400,0.0,0.0
2019-10-01 00:00:00-04:00,16.8700008392334,17.15999984741211,15.619999885559082,15.989999771118164,239600,0.0,0.0
2019-10-02 00:00:00-04:00,15.779999732971191,16.18000030517578,15.489999771118164,16.1299991607666,137000,0.0,0.0
2019-10-03 00:00:00-04:00,15.989999771118164,16.209999084472656,15.699999809265137,15.800000190734863,66200,0.0,0.0
2019-10-04 00:00:00-04:00,15.760000228881836,16.020000457763672,15.350000381469727,15.510000228881836,60300,0.0,0.0
2019-10-07 00:00:00-04:00,15.449999809265137,15.640000343322754,15.050000190734863,15.319999694824219,96200,0.0,0.0
2019-10-08 00:00:00-04:00,15.079999923706055,15.460000038146973,15.0,15.260000228881836,161300,0.0,0.0
2019-10-09 00:00:00-04:00,15.380000114440918,15.699999809265137,15.369999885559082,15.460000038146973,172400,0.0,0.0
2019-10-10 00:00:00-04:00,15.569999694824219,15.75,15.460000038146973,15.609999656677246,162700,0.0,0.0
2019-10-11 00:00:00-04:00,15.930000305175781,16.450000762939453,15.850000381469727,15.90999984741211,130500,0.0,0.0
2019-10-14 00:00:00-04:00,15.859999656677246,15.989999771118164,15.649999618530273,15.90999984741211,71600,0.0,0.0
2019-10-15 00:00:00-04:00,15.930000305175781,16.43000030517578,15.770000457763672,16.15999984741211,51000,0.0,0.0
2019-10-16 00:00:00-04:00,16.1299991607666,16.59000015258789,16.059999465942383,16.270000457763672,70300,0.0,0.0
2019-10-17 00:00:00-04:00,16.40999984741211,16.610000610351562,16.34000015258789,16.459999084472656,61200,0.0,0.0
2019-10-18 00:00:00-04:00,16.34000015258789,16.700000762939453,16.200000762939453,16.65999984741211,77100,0.0,0.0
2019-10-21 00:00:00-04:00,16.899999618530273,17.40999984741211,16.899999618530273,17.209999084472656,76800,0.0,0.0
2019-10-22 00:00:00-04:00,17.1299991607666,17.299999237060547,16.899999618530273,17.15999984741211,86500,0.0,0.0
2019-10-23 00:00:00-04:00,17.170000076293945,17.639999389648438,16.920000076293945,17.610000610351562,69200,0.0,0.0
2019-10-24 00:00:00-04:00,17.59000015258789,17.8799991607666,17.450000762939453,17.809999465942383,101400,0.0,0.0
2019-10-25 00:00:00-04:00,17.770000457763672,18.31999969482422,17.540000915527344,18.239999771118164,73300,0.0,0.0
2019-10-28 00:00:00-04:00,18.260000228881836,18.899999618530273,18.260000228881836,18.729999542236328,109300,0.0,0.0
2019-10-29 00:00:00-04:00,18.610000610351562,19.079999923706055,18.309999465942383,18.920000076293945,120600,0.0,0.0
2019-10-30 00:00:00-04:00,18.8799991607666,19.149999618530273,18.59000015258789,19.09000015258789,115300,0.0,0.0
2019-10-31 00:00:00-04:00,19.040000915527344,19.200000762939453,18.649999618530273,19.059999465942383,192800,0.0,0.0
2019-11-01 00:00:00-04:00,19.200000762939453,19.3799991607666,18.829999923706055,19.010000228881836,155600,0.0,0.0
2019-11-04 00:00:00-05:00,19.350000381469727,20.3700008392334,19.0,19.8700008392334,135000,0.0,0.0
2019-11-05 00:00:00-05:00,19.959999084472656,20.6200008392334,19.84000015258789,20.450000762939453,104500,0.0,0.0
2019-11-06 00:00:00-05:00,20.3799991607666,20.709999084472656,19.959999084472656,20.280000686645508,158500,0.0,0.0
2019-11-07 00:00:00-05:00,20.489999771118164,20.8700008392334,20.299999237060547,20.709999084472656,142000,0.0,0.0
2019-11-08 00:00:00-05:00,20.670000076293945,20.860000610351562,20.479999542236328,20.739999771118164,128500,0.0,0.0
2019-11-11 00:00:00-05:00,20.479999542236328,20.68000030517578,19.780000686645508,20.0,100200,0.0,0.0
2019-11-12 00:00:00-05:00,24.600000381469727,24.600000381469727,20.6200008392334,21.09000015258789,342700,0.0,0.0
2019-11-13 00:00:00-05:00,22.149999618530273,22.309999465942383,21.030000686645508,21.610000610351562,322900,0.0,0.0
2019-11-14 00:00:00-05:00,21.729999542236328,21.850000381469727,20.8700008392334,20.950000762939453,111400,0.0,0.0
2019-11-15 00:00:00-05:00,21.18000030517578,21.18000030517578,20.329999923706055,20.43000030517578,107000,0.0,0.0
2019-11-18 00:00:00-05:00,20.65999984741211,20.68000030517578,19.959999084472656,20.18000030517578,107900,0.0,0.0
2019-11-19 00:00:00-05:00,20.059999465942383,20.190000534057617,19.270000457763672,19.360000610351562,102200,0.0,0.0
2019-11-20 00:00:00-05:00,19.329999923706055,19.329999923706055,18.719999313354492,18.860000610351562,111100,0.0,0.0
2019-11-21 00:00:00-05:00,19.010000228881836,19.010000228881836,18.59000015258789,18.709999084472656,54000,0.0,0.0
2019-11-22 00:00:00-05:00,18.809999465942383,18.950000762939453,18.3700008392334,18.790000915527344,114900,0.0,0.0
2019-11-25 00:00:00-05:00,18.739999771118164,19.829999923706055,18.649999618530273,19.6299991607666,104800,0.0,0.0
2019-11-26 00:00:00-05:00,19.6299991607666,19.790000915527344,19.329999923706055,19.579999923706055,79600,0.0,0.0
2019-11-27 00:00:00-05:00,19.65999984741211,19.770000457763672,19.25,19.719999313354492,76200,0.0,0.0
2019-11-29 00:00:00-05:00,19.700000762939453,19.829999923706055,19.510000228881836,19.510000228881836,48800,0.0,0.0
2019-12-02 00:00:00-05:00,19.600000381469727,20.06999969482422,19.600000381469727,19.809999465942383,90800,0.0,0.0
2019-12-03 00:00:00-05:00,19.520000457763672,19.959999084472656,19.299999237060547,19.780000686645508,87400,0.0,0.0
2019-12-04 00:00:00-05:00,19.81999969482422,20.049999237060547,19.6299991607666,19.68000030517578,139000,0.0,0.0
2019-12-05 00:00:00-05:00,19.719999313354492,20.299999237060547,19.5,20.270000457763672,175800,0.0,0.0
2019-12-06 00:00:00-05:00,20.440000534057617,20.920000076293945,20.440000534057617,20.510000228881836,117500,0.0,0.0
2019-12-09 00:00:00-05:00,20.40999984741211,20.510000228881836,19.969999313354492,20.450000762939453,155900,0.0,0.0
2019-12-10 00:00:00-05:00,20.440000534057617,20.950000762939453,20.360000610351562,20.790000915527344,69600,0.0,0.0
2019-12-11 00:00:00-05:00,20.860000610351562,21.459999084472656,20.75,21.420000076293945,73200,0.0,0.0
2019-12-12 00:00:00-05:00,21.489999771118164,22.209999084472656,21.489999771118164,22.09000015258789,167900,0.0,0.0
2019-12-13 00:00:00-05:00,21.90999984741211,21.90999984741211,21.549999237060547,21.65999984741211,267000,0.0,0.0
2019-12-16 00:00:00-05:00,21.670000076293945,22.350000381469727,21.65999984741211,22.040000915527344,186500,0.0,0.0
2019-12-17 00:00:00-05:00,22.059999465942383,22.299999237060547,21.889999389648438,22.299999237060547,111400,0.0,0.0
2019-12-18 00:00:00-05:00,22.31999969482422,22.6200008392334,22.100000381469727,22.5,174300,0.0,0.0
2019-12-19 00:00:00-05:00,22.540000915527344,22.700000762939453,22.299999237060547,22.549999237060547,232600,0.0,0.0
2019-12-20 00:00:00-05:00,22.579999923706055,23.520000457763672,22.459999084472656,22.829999923706055,456500,0.0,0.0
2019-12-23 00:00:00-05:00,22.920000076293945,22.920000076293945,22.350000381469727,22.600000381469727,131000,0.0,0.0
2019-12-24 00:00:00-05:00,22.610000610351562,22.610000610351562,21.6299991607666,21.860000610351562,37800,0.0,0.0
2019-12-26 00:00:00-05:00,21.959999084472656,22.25,21.809999465942383,22.15999984741211,75500,0.0,0.0
2019-12-27 00:00:00-05:00,22.260000228881836,22.520000457763672,21.81999969482422,21.860000610351562,71500,0.0,0.0
2019-12-30 00:00:00-05:00,22.020000457763672,22.3700008392334,21.829999923706055,21.989999771118164,112200,0.0,0.0
2019-12-31 00:00:00-05:00,21.959999084472656,22.31999969482422,21.719999313354492,22.030000686645508,94400,0.0,0.0
2020-01-02 00:00:00-05:00,22.270000457763672,22.270000457763672,21.829999923706055,22.100000381469727,85500,0.0,0.0
2020-01-03 00:00:00-05:00,21.739999771118164,22.079999923706055,21.639999389648438,21.690000534057617,79700,0.0,0.0
2020-01-06 00:00:00-05:00,21.469999313354492,21.899999618530273,21.100000381469727,21.770000457763672,130700,0.0,0.0
2020-01-07 00:00:00-05:00,21.799999237060547,21.90999984741211,20.84000015258789,20.940000534057617,65200,0.0,0.0
2020-01-08 00:00:00-05:00,21.0,21.229999542236328,20.8700008392334,20.950000762939453,93900,0.0,0.0
2020-01-09 00:00:00-05:00,21.1200008392334,21.1200008392334,20.450000762939453,20.540000915527344,95300,0.0,0.0
2020-01-10 00:00:00-05:00,20.5,20.68000030517578,20.149999618530273,20.530000686645508,222200,0.0,0.0
2020-01-13 00:00:00-05:00,20.420000076293945,20.860000610351562,20.229999542236328,20.81999969482422,77000,0.0,0.0
2020-01-14 00:00:00-05:00,20.709999084472656,21.270000457763672,20.709999084472656,20.899999618530273,91100,0.0,0.0
2020-01-15 00:00:00-05:00,20.84000015258789,21.440000534057617,20.729999542236328,21.329999923706055,89300,0.0,0.0
2020-01-16 00:00:00-05:00,21.479999542236328,22.329999923706055,21.479999542236328,22.280000686645508,65500,0.0,0.0
2020-01-17 00:00:00-05:00,22.290000915527344,22.389999389648438,22.079999923706055,22.209999084472656,56100,0.0,0.0
2020-01-21 00:00:00-05:00,22.139999389648438,22.729999542236328,22.079999923706055,22.610000610351562,107600,0.0,0.0
2020-01-22 00:00:00-05:00,22.68000030517578,23.030000686645508,22.469999313354492,22.729999542236328,89700,0.0,0.0
2020-01-23 00:00:00-05:00,22.709999084472656,23.0,22.270000457763672,22.84000015258789,142700,0.0,0.0
2020-01-24 00:00:00-05:00,22.940000534057617,22.940000534057617,21.969999313354492,22.260000228881836,95200,0.0,0.0
2020-01-27 00:00:00-05:00,21.790000915527344,22.280000686645508,21.270000457763672,22.010000228881836,63500,0.0,0.0
2020-01-28 00:00:00-05:00,22.290000915527344,22.559999465942383,21.809999465942383,21.8700008392334,166200,0.0,0.0
2020-01-29 00:00:00-05:00,21.950000762939453,21.950000762939453,20.600000381469727,21.09000015258789,102400,0.0,0.0
2020-01-30 00:00:00-05:00,20.84000015258789,21.280000686645508,20.600000381469727,20.8700008392334,51600,0.0,0.0
2020-01-31 00:00:00-05:00,20.75,20.75,19.75,19.860000610351562,76600,0.0,0.0
2020-02-03 00:00:00-05:00,20.219999313354492,20.690000534057617,19.969999313354492,20.68000030517578,161100,0.0,0.0
2020-02-04 00:00:00-05:00,21.059999465942383,21.709999084472656,20.81999969482422,21.559999465942383,95900,0.0,0.0
2020-02-05 00:00:00-05:00,21.8799991607666,22.040000915527344,21.260000228881836,21.989999771118164,102200,0.0,0.0
2020-02-06 00:00:00-05:00,22.020000457763672,22.200000762939453,21.360000610351562,21.510000228881836,54900,0.0,0.0
2020-02-07 00:00:00-05:00,21.3700008392334,21.3700008392334,20.799999237060547,21.290000915527344,103500,0.0,0.0
2020-02-10 00:00:00-05:00,19.59000015258789,19.940000534057617,16.579999923706055,19.059999465942383,596200,0.0,0.0
2020-02-11 00:00:00-05:00,19.0,19.020000457763672,17.450000762939453,17.899999618530273,419000,0.0,0.0
2020-02-12 00:00:00-05:00,18.229999542236328,18.899999618530273,18.020000457763672,18.719999313354492,156400,0.0,0.0
2020-02-13 00:00:00-05:00,18.520000457763672,19.09000015258789,18.520000457763672,18.59000015258789,91600,0.0,0.0
2020-02-14 00:00:00-05:00,18.489999771118164,19.040000915527344,18.389999389648438,18.6200008392334,98700,0.0,0.0
2020-02-18 00:00:00-05:00,18.469999313354492,18.989999771118164,18.420000076293945,18.6200008392334,114100,0.0,0.0
2020-02-19 00:00:00-05:00,18.790000915527344,19.299999237060547,18.68000030517578,19.280000686645508,77400,0.0,0.0
2020-02-20 00:00:00-05:00,19.360000610351562,20.1299991607666,19.149999618530273,19.68000030517578,117900,0.0,0.0
2020-02-21 00:00:00-05:00,19.600000381469727,19.600000381469727,19.040000915527344,19.510000228881836,61900,0.0,0.0
2020-02-24 00:00:00-05:00,18.649999618530273,19.0,18.280000686645508,18.489999771118164,85400,0.0,0.0
2020-02-25 00:00:00-05:00,18.6200008392334,18.6200008392334,17.65999984741211,17.700000762939453,123300,0.0,0.0
2020-02-26 00:00:00-05:00,17.75,17.969999313354492,17.170000076293945,17.309999465942383,66200,0.0,0.0
2020-02-27 00:00:00-05:00,16.770000457763672,17.75,16.299999237060547,17.200000762939453,101500,0.0,0.0
2020-02-28 00:00:00-05:00,16.3799991607666,17.389999389648438,16.3799991607666,16.739999771118164,153000,0.0,0.0
2020-03-02 00:00:00-05:00,16.75,17.3700008392334,16.280000686645508,17.350000381469727,145100,0.0,0.0
2020-03-03 00:00:00-05:00,17.420000076293945,18.239999771118164,16.43000030517578,16.889999389648438,139700,0.0,0.0
2020-03-04 00:00:00-05:00,17.25,17.25,16.440000534057617,16.979999542236328,92900,0.0,0.0
2020-03-05 00:00:00-05:00,16.899999618530273,17.360000610351562,16.399999618530273,16.469999313354492,177500,0.0,0.0
2020-03-06 00:00:00-05:00,15.920000076293945,16.549999237060547,15.90999984741211,16.489999771118164,108000,0.0,0.0
2020-03-09 00:00:00-04:00,16.149999618530273,16.350000381469727,15.199999809265137,16.0,149500,0.0,0.0
2020-03-10 00:00:00-04:00,16.5,16.59000015258789,15.710000038146973,16.399999618530273,174100,0.0,0.0
2020-03-11 00:00:00-04:00,15.920000076293945,16.030000686645508,15.5,15.800000190734863,105900,0.0,0.0
2020-03-12 00:00:00-04:00,14.850000381469727,15.0600004196167,13.989999771118164,14.239999771118164,179200,0.0,0.0
2020-03-13 00:00:00-04:00,14.680000305175781,15.350000381469727,14.029999732971191,15.15999984741211,179800,0.0,0.0
2020-03-16 00:00:00-04:00,11.8100004196167,14.4399995803833,11.8100004196167,13.050000190734863,210200,0.0,0.0
2020-03-17 00:00:00-04:00,13.329999923706055,14.75,13.0,14.170000076293945,256900,0.0,0.0
2020-03-18 00:00:00-04:00,13.210000038146973,13.760000228881836,12.199999809265137,13.329999923706055,266800,0.0,0.0
2020-03-19 00:00:00-04:00,13.180000305175781,14.729999542236328,12.920000076293945,14.100000381469727,187500,0.0,0.0
2020-03-20 00:00:00-04:00,13.890000343322754,14.5,13.020000457763672,13.270000457763672,401200,0.0,0.0
2020-03-23 00:00:00-04:00,13.289999961853027,13.34000015258789,11.949999809265137,12.789999961853027,217200,0.0,0.0
2020-03-24 00:00:00-04:00,13.449999809265137,13.510000228881836,12.770000457763672,13.069999694824219,165000,0.0,0.0
2020-03-25 00:00:00-04:00,13.140000343322754,13.5600004196167,12.65999984741211,12.829999923706055,276600,0.0,0.0
2020-03-26 00:00:00-04:00,12.920000076293945,13.220000267028809,12.579999923706055,13.079999923706055,238200,0.0,0.0
2020-03-27 00:00:00-04:00,12.529999732971191,12.789999961853027,11.949999809265137,12.149999618530273,128500,0.0,0.0
2020-03-30 00:00:00-04:00,12.270000457763672,12.489999771118164,11.6899995803833,12.100000381469727,427600,0.0,0.0
2020-03-31 00:00:00-04:00,12.220000267028809,12.989999771118164,12.220000267028809,12.579999923706055,282600,0.0,0.0
2020-04-01 00:00:00-04:00,12.170000076293945,12.199999809265137,11.359999656677246,11.359999656677246,124700,0.0,0.0
2020-04-02 00:00:00-04:00,11.449999809265137,11.619999885559082,10.550000190734863,10.75,156800,0.0,0.0
2020-04-03 00:00:00-04:00,10.779999732971191,11.609999656677246,10.430000305175781,10.510000228881836,185400,0.0,0.0
2020-04-06 00:00:00-04:00,10.670000076293945,11.470000267028809,10.670000076293945,11.270000457763672,212300,0.0,0.0
2020-04-07 00:00:00-04:00,11.6899995803833,11.699999809265137,10.699999809265137,11.100000381469727,194000,0.0,0.0
2020-04-08 00:00:00-04:00,11.260000228881836,11.850000381469727,11.029999732971191,11.59000015258789,211400,0.0,0.0
2020-04-09 00:00:00-04:00,11.899999618530273,12.789999961853027,11.600000381469727,12.260000228881836,292400,0.0,0.0
2020-04-13 00:00:00-04:00,12.25,12.680000305175781,11.800000190734863,12.569999694824219,126000,0.0,0.0
2020-04-14 00:00:00-04:00,12.859999656677246,13.170000076293945,12.779999732971191,13.069999694824219,68700,0.0,0.0
2020-04-15 00:00:00-04:00,12.609999656677246,12.800000190734863,11.819999694824219,12.569999694824219,188500,0.0,0.0
2020-04-16 00:00:00-04:00,12.550000190734863,12.770000457763672,11.739999771118164,12.039999961853027,240300,0.0,0.0
2020-04-17 00:00:00-04:00,12.479999542236328,13.239999771118164,12.460000038146973,12.630000114440918,197200,0.0,0.0
2020-04-20 00:00:00-04:00,12.3100004196167,12.319999694824219,11.119999885559082,11.430000305175781,164800,0.0,0.0
2020-04-21 00:00:00-04:00,11.069999694824219,11.649999618530273,10.640000343322754,11.460000038146973,110500,0.0,0.0
2020-04-22 00:00:00-04:00,11.779999732971191,11.779999732971191,11.069999694824219,11.420000076293945,102700,0.0,0.0
2020-04-23 00:00:00-04:00,11.470000267028809,11.850000381469727,11.390000343322754,11.710000038146973,129300,0.0,0.0
2020-04-24 00:00:00-04:00,11.829999923706055,12.40999984741211,11.489999771118164,12.300000190734863,139700,0.0,0.0
2020-04-27 00:00:00-04:00,12.460000038146973,12.779999732971191,12.140000343322754,12.279999732971191,206800,0.0,0.0
2020-04-28 00:00:00-04:00,12.600000381469727,13.010000228881836,12.510000228881836,12.699999809265137,133800,0.0,0.0
2020-04-29 00:00:00-04:00,13.199999809265137,13.600000381469727,12.9399995803833,13.210000038146973,193100,0.0,0.0
2020-04-30 00:00:00-04:00,12.949999809265137,14.34000015258789,12.600000381469727,14.229999542236328,161800,0.0,0.0
2020-05-01 00:00:00-04:00,13.859999656677246,13.859999656677246,12.039999961853027,12.140000343322754,181900,0.0,0.0
2020-05-04 00:00:00-04:00,11.9399995803833,12.3100004196167,11.710000038146973,11.979999542236328,168100,0.0,0.0
2020-05-05 00:00:00-04:00,12.0,12.59000015258789,11.979999542236328,12.359999656677246,112800,0.0,0.0
2020-05-06 00:00:00-04:00,12.529999732971191,13.170000076293945,12.140000343322754,12.460000038146973,67400,0.0,0.0
2020-05-07 00:00:00-04:00,12.539999961853027,13.420000076293945,12.34000015258789,12.989999771118164,105400,0.0,0.0
2020-05-08 00:00:00-04:00,13.279999732971191,14.399999618530273,13.25,14.149999618530273,127400,0.0,0.0
2020-05-11 00:00:00-04:00,13.930000305175781,13.930000305175781,13.300000190734863,13.510000228881836,170000,0.0,0.0
2020-05-12 00:00:00-04:00,13.520000457763672,14.199999809265137,13.430000305175781,13.829999923706055,99600,0.0,0.0
2020-05-13 00:00:00-04:00,13.670000076293945,13.670000076293945,12.420000076293945,12.710000038146973,137200,0.0,0.0
2020-05-14 00:00:00-04:00,12.479999542236328,13.569999694824219,12.140000343322754,13.5600004196167,101600,0.0,0.0
2020-05-15 00:00:00-04:00,13.449999809265137,14.100000381469727,13.180000305175781,13.789999961853027,139500,0.0,0.0
2020-05-18 00:00:00-04:00,14.239999771118164,14.90999984741211,14.140000343322754,14.600000381469727,152200,0.0,0.0
2020-05-19 00:00:00-04:00,14.529999732971191,14.720000267028809,14.25,14.260000228881836,88300,0.0,0.0
2020-05-20 00:00:00-04:00,14.539999961853027,14.819999694824219,14.350000381469727,14.670000076293945,87100,0.0,0.0
2020-05-21 00:00:00-04:00,14.630000114440918,14.850000381469727,14.109999656677246,14.479999542236328,81000,0.0,0.0
2020-05-22 00:00:00-04:00,14.569999694824219,14.989999771118164,14.220000267028809,14.890000343322754,50600,0.0,0.0
2020-05-26 00:00:00-04:00,15.520000457763672,16.65999984741211,15.279999732971191,16.329999923706055,79800,0.0,0.0
2020-05-27 00:00:00-04:00,16.6299991607666,16.920000076293945,16.200000762939453,16.559999465942383,93300,0.0,0.0
2020-05-28 00:00:00-04:00,16.690000534057617,16.690000534057617,15.829999923706055,15.920000076293945,123500,0.0,0.0
2020-05-29 00:00:00-04:00,15.729999542236328,15.890000343322754,14.979999542236328,15.819999694824219,291500,0.0,0.0
2020-06-01 00:00:00-04:00,15.829999923706055,16.399999618530273,15.699999809265137,15.720000267028809,126100,0.0,0.0
2020-06-02 00:00:00-04:00,15.720000267028809,16.489999771118164,15.680000305175781,16.200000762939453,89600,0.0,0.0
2020-06-03 00:00:00-04:00,16.43000030517578,16.68000030517578,15.829999923706055,15.9399995803833,89000,0.0,0.0
2020-06-04 00:00:00-04:00,15.84000015258789,16.799999237060547,15.680000305175781,16.479999542236328,97200,0.0,0.0
2020-06-05 00:00:00-04:00,17.25,19.299999237060547,17.25,18.760000228881836,178600,0.0,0.0
2020-06-08 00:00:00-04:00,19.030000686645508,19.540000915527344,18.5,18.760000228881836,278100,0.0,0.0
2020-06-09 00:00:00-04:00,18.3700008392334,18.479999542236328,16.8799991607666,17.389999389648438,80100,0.0,0.0
2020-06-10 00:00:00-04:00,17.270000457763672,17.270000457763672,16.579999923706055,16.649999618530273,80400,0.0,0.0
2020-06-11 00:00:00-04:00,15.8100004196167,16.18000030517578,14.970000267028809,15.029999732971191,102500,0.0,0.0
2020-06-12 00:00:00-04:00,15.720000267028809,16.170000076293945,15.020000457763672,15.890000343322754,183100,0.0,0.0
2020-06-15 00:00:00-04:00,15.210000038146973,17.0,14.369999885559082,16.399999618530273,318100,0.0,0.0
2020-06-16 00:00:00-04:00,16.920000076293945,17.110000610351562,15.079999923706055,15.720000267028809,281000,0.0,0.0
2020-06-17 00:00:00-04:00,15.649999618530273,15.649999618530273,14.579999923706055,15.119999885559082,139900,0.0,0.0
2020-06-18 00:00:00-04:00,15.050000190734863,15.119999885559082,14.470000267028809,14.569999694824219,214800,0.0,0.0
2020-06-19 00:00:00-04:00,15.079999923706055,16.389999389648438,14.859999656677246,15.850000381469727,380300,0.0,0.0
2020-06-22 00:00:00-04:00,15.979999542236328,15.979999542236328,15.369999885559082,15.720000267028809,148300,0.0,0.0
2020-06-23 00:00:00-04:00,15.960000038146973,16.15999984741211,15.819999694824219,15.920000076293945,138500,0.0,0.0
2020-06-24 00:00:00-04:00,15.710000038146973,15.819999694824219,15.329999923706055,15.399999618530273,104500,0.0,0.0
2020-06-25 00:00:00-04:00,15.260000228881836,15.649999618530273,14.899999618530273,15.399999618530273,94100,0.0,0.0
2020-06-26 00:00:00-04:00,15.220000267028809,15.3100004196167,14.699999809265137,15.220000267028809,232800,0.0,0.0
2020-06-29 00:00:00-04:00,15.479999542236328,16.65999984741211,15.329999923706055,16.540000915527344,149600,0.0,0.0
2020-06-30 00:00:00-04:00,16.510000228881836,18.18000030517578,16.479999542236328,17.670000076293945,294200,0.0,0.0
2020-07-01 00:00:00-04:00,17.530000686645508,17.670000076293945,16.6299991607666,16.8700008392334,175100,0.0,0.0
2020-07-02 00:00:00-04:00,17.25,17.760000228881836,16.709999084472656,16.959999084472656,134200,0.0,0.0
2020-07-06 00:00:00-04:00,17.3700008392334,17.649999618530273,16.75,16.93000030517578,141300,0.0,0.0
2020-07-07 00:00:00-04:00,16.809999465942383,16.899999618530273,16.18000030517578,16.559999465942383,137300,0.0,0.0
2020-07-08 00:00:00-04:00,16.479999542236328,16.540000915527344,15.770000457763672,16.100000381469727,85100,0.0,0.0
2020-07-09 00:00:00-04:00,16.110000610351562,16.110000610351562,15.34000015258789,15.4399995803833,82900,0.0,0.0
2020-07-10 00:00:00-04:00,15.4399995803833,16.100000381469727,15.4399995803833,16.040000915527344,50600,0.0,0.0
2020-07-13 00:00:00-04:00,16.260000228881836,16.290000915527344,15.789999961853027,16.0,85600,0.0,0.0
2020-07-14 00:00:00-04:00,16.149999618530273,16.469999313354492,15.779999732971191,16.40999984741211,81600,0.0,0.0
2020-07-15 00:00:00-04:00,16.860000610351562,17.309999465942383,16.68000030517578,17.110000610351562,69100,0.0,0.0
2020-07-16 00:00:00-04:00,16.93000030517578,17.110000610351562,16.68000030517578,16.979999542236328,44300,0.0,0.0
2020-07-17 00:00:00-04:00,16.899999618530273,17.06999969482422,16.700000762939453,16.799999237060547,58500,0.0,0.0
2020-07-20 00:00:00-04:00,16.68000030517578,17.149999618530273,16.530000686645508,16.790000915527344,43800,0.0,0.0
2020-07-21 00:00:00-04:00,17.059999465942383,17.399999618530273,16.81999969482422,17.030000686645508,53800,0.0,0.0
2020-07-22 00:00:00-04:00,16.90999984741211,17.31999969482422,16.209999084472656,16.549999237060547,114200,0.0,0.0
2020-07-23 00:00:00-04:00,16.6299991607666,16.920000076293945,16.579999923706055,16.65999984741211,60100,0.0,0.0
2020-07-24 00:00:00-04:00,16.540000915527344,17.020000457763672,16.149999618530273,16.200000762939453,53900,0.0,0.0
2020-07-27 00:00:00-04:00,16.139999389648438,16.799999237060547,16.139999389648438,16.559999465942383,55800,0.0,0.0
2020-07-28 00:00:00-04:00,16.5,17.030000686645508,16.420000076293945,16.709999084472656,64500,0.0,0.0
2020-07-29 00:00:00-04:00,16.690000534057617,18.06999969482422,16.690000534057617,17.959999084472656,107200,0.0,0.0
2020-07-30 00:00:00-04:00,17.65999984741211,17.899999618530273,17.020000457763672,17.260000228881836,45600,0.0,0.0
2020-07-31 00:00:00-04:00,17.1299991607666,17.780000686645508,16.299999237060547,16.649999618530273,75500,0.0,0.0
2020-08-03 00:00:00-04:00,16.739999771118164,17.09000015258789,16.219999313354492,17.020000457763672,59500,0.0,0.0
2020-08-04 00:00:00-04:00,17.149999618530273,17.510000228881836,17.0,17.329999923706055,63600,0.0,0.0
2020-08-05 00:00:00-04:00,17.6299991607666,18.290000915527344,17.360000610351562,18.25,62300,0.0,0.0
2020-08-06 00:00:00-04:00,18.280000686645508,18.40999984741211,17.68000030517578,18.229999542236328,39300,0.0,0.0
2020-08-07 00:00:00-04:00,18.06999969482422,19.020000457763672,18.020000457763672,19.010000228881836,73400,0.0,0.0
2020-08-10 00:00:00-04:00,20.149999618530273,20.149999618530273,18.440000534057617,18.75,178400,0.0,0.0
2020-08-11 00:00:00-04:00,18.450000762939453,18.739999771118164,18.15999984741211,18.3799991607666,106300,0.0,0.0
2020-08-12 00:00:00-04:00,18.479999542236328,19.110000610351562,18.3700008392334,18.920000076293945,58800,0.0,0.0
2020-08-13 00:00:00-04:00,18.850000381469727,19.15999984741211,18.68000030517578,18.690000534057617,46400,0.0,0.0
2020-08-14 00:00:00-04:00,18.600000381469727,18.90999984741211,18.479999542236328,18.81999969482422,51700,0.0,0.0
2020-08-17 00:00:00-04:00,18.84000015258789,19.360000610351562,18.540000915527344,19.0,60800,0.0,0.0
2020-08-18 00:00:00-04:00,19.079999923706055,19.079999923706055,18.469999313354492,18.549999237060547,48700,0.0,0.0
2020-08-19 00:00:00-04:00,18.579999923706055,18.770000457763672,18.40999984741211,18.489999771118164,83100,0.0,0.0
2020-08-20 00:00:00-04:00,18.209999084472656,18.510000228881836,17.719999313354492,18.020000457763672,42800,0.0,0.0
2020-08-21 00:00:00-04:00,17.989999771118164,18.90999984741211,17.989999771118164,18.700000762939453,200800,0.0,0.0
2020-08-24 00:00:00-04:00,18.920000076293945,18.920000076293945,17.719999313354492,18.06999969482422,58300,0.0,0.0
2020-08-25 00:00:00-04:00,18.06999969482422,18.209999084472656,17.510000228881836,18.0,73300,0.0,0.0
2020-08-26 00:00:00-04:00,18.0,18.079999923706055,17.6299991607666,17.729999542236328,41700,0.0,0.0
2020-08-27 00:00:00-04:00,17.809999465942383,18.0,17.270000457763672,17.31999969482422,34800,0.0,0.0
2020-08-28 00:00:00-04:00,17.549999237060547,17.579999923706055,17.219999313354492,17.520000457763672,39300,0.0,0.0
2020-08-31 00:00:00-04:00,17.579999923706055,17.729999542236328,17.149999618530273,17.40999984741211,64700,0.0,0.0
2020-09-01 00:00:00-04:00,17.309999465942383,18.1299991607666,17.309999465942383,18.049999237060547,72000,0.0,0.0
2020-09-02 00:00:00-04:00,18.0,18.18000030517578,17.760000228881836,18.030000686645508,71800,0.0,0.0
2020-09-03 00:00:00-04:00,18.0,18.1299991607666,17.06999969482422,17.18000030517578,57400,0.0,0.0
2020-09-04 00:00:00-04:00,17.489999771118164,17.649999618530273,16.8799991607666,17.100000381469727,68900,0.0,0.0
2020-09-08 00:00:00-04:00,16.93000030517578,17.549999237060547,16.829999923706055,17.360000610351562,51700,0.0,0.0
2020-09-09 00:00:00-04:00,17.450000762939453,18.09000015258789,17.350000381469727,17.420000076293945,48300,0.0,0.0
2020-09-10 00:00:00-04:00,17.6299991607666,17.6299991607666,17.350000381469727,17.350000381469727,40300,0.0,0.0
2020-09-11 00:00:00-04:00,17.43000030517578,17.709999084472656,17.299999237060547,17.469999313354492,61200,0.0,0.0
2020-09-14 00:00:00-04:00,17.649999618530273,17.959999084472656,17.1299991607666,17.3799991607666,115400,0.0,0.0
2020-09-15 00:00:00-04:00,17.579999923706055,17.65999984741211,17.290000915527344,17.34000015258789,45600,0.0,0.0
2020-09-16 00:00:00-04:00,17.469999313354492,17.600000381469727,16.950000762939453,16.950000762939453,106000,0.0,0.0
2020-09-17 00:00:00-04:00,16.670000076293945,16.90999984741211,16.239999771118164,16.309999465942383,106500,0.0,0.0
2020-09-18 00:00:00-04:00,16.399999618530273,16.719999313354492,15.670000076293945,16.690000534057617,411300,0.0,0.0
2020-09-21 00:00:00-04:00,16.56999969482422,16.93000030517578,15.479999542236328,16.09000015258789,102500,0.0,0.0
2020-09-22 00:00:00-04:00,16.149999618530273,16.450000762939453,15.100000381469727,15.34000015258789,169800,0.0,0.0
2020-09-23 00:00:00-04:00,15.289999961853027,15.75,15.079999923706055,15.149999618530273,73600,0.0,0.0
2020-09-24 00:00:00-04:00,15.350000381469727,16.18000030517578,15.0600004196167,15.220000267028809,59900,0.0,0.0
2020-09-25 00:00:00-04:00,15.140000343322754,15.520000457763672,15.0600004196167,15.09000015258789,53000,0.0,0.0
2020-09-28 00:00:00-04:00,15.229999542236328,15.920000076293945,15.229999542236328,15.399999618530273,91900,0.0,0.0
2020-09-29 00:00:00-04:00,15.4399995803833,15.699999809265137,15.180000305175781,15.260000228881836,59600,0.0,0.0
2020-09-30 00:00:00-04:00,15.260000228881836,15.920000076293945,15.260000228881836,15.5600004196167,83800,0.0,0.0
2020-10-01 00:00:00-04:00,15.630000114440918,16.100000381469727,15.40999984741211,15.869999885559082,67400,0.0,0.0
2020-10-02 00:00:00-04:00,15.449999809265137,15.770000457763672,15.449999809265137,15.59000015258789,112800,0.0,0.0
2020-10-05 00:00:00-04:00,15.819999694824219,16.489999771118164,15.699999809265137,16.1200008392334,81600,0.0,0.0
2020-10-06 00:00:00-04:00,16.31999969482422,16.799999237060547,15.819999694824219,15.979999542236328,139300,0.0,0.0
2020-10-07 00:00:00-04:00,16.040000915527344,16.18000030517578,15.630000114440918,15.670000076293945,105900,0.0,0.0
2020-10-08 00:00:00-04:00,15.65999984741211,15.960000038146973,15.470000267028809,15.680000305175781,53100,0.0,0.0
2020-10-09 00:00:00-04:00,15.880000114440918,16.110000610351562,15.720000267028809,15.75,84100,0.0,0.0
2020-10-12 00:00:00-04:00,15.75,16.43000030517578,15.539999961853027,15.970000267028809,67600,0.0,0.0
2020-10-13 00:00:00-04:00,15.829999923706055,16.15999984741211,15.510000228881836,15.75,37600,0.0,0.0
2020-10-14 00:00:00-04:00,15.699999809265137,15.920000076293945,15.359999656677246,15.390000343322754,19500,0.0,0.0
2020-10-15 00:00:00-04:00,15.100000381469727,15.329999923706055,14.970000267028809,15.199999809265137,84700,0.0,0.0
2020-10-16 00:00:00-04:00,15.149999618530273,16.030000686645508,15.149999618530273,15.630000114440918,63500,0.0,0.0
2020-10-19 00:00:00-04:00,15.649999618530273,16.040000915527344,15.149999618530273,15.300000190734863,27700,0.0,0.0
2020-10-20 00:00:00-04:00,15.350000381469727,15.880000114440918,15.220000267028809,15.390000343322754,18800,0.0,0.0
2020-10-21 00:00:00-04:00,15.380000114440918,15.65999984741211,15.0,15.069999694824219,24600,0.0,0.0
2020-10-22 00:00:00-04:00,15.109999656677246,15.699999809265137,14.800000190734863,15.039999961853027,48200,0.0,0.0
2020-10-23 00:00:00-04:00,15.220000267028809,15.420000076293945,14.970000267028809,15.199999809265137,39800,0.0,0.0
2020-10-26 00:00:00-04:00,14.829999923706055,15.010000228881836,14.350000381469727,14.850000381469727,61700,0.0,0.0
2020-10-27 00:00:00-04:00,14.75,15.1899995803833,14.539999961853027,14.8100004196167,37800,0.0,0.0
2020-10-28 00:00:00-04:00,14.539999961853027,15.130000114440918,14.5,14.75,47200,0.0,0.0
2020-10-29 00:00:00-04:00,15.100000381469727,15.460000038146973,14.609999656677246,15.399999618530273,73100,0.0,0.0
2020-10-30 00:00:00-04:00,15.199999809265137,15.260000228881836,14.59000015258789,14.729999542236328,52800,0.0,0.0
2020-11-02 00:00:00-05:00,15.039999961853027,15.109999656677246,14.680000305175781,14.880000114440918,31700,0.0,0.0
2020-11-03 00:00:00-05:00,15.140000343322754,15.949999809265137,15.069999694824219,15.829999923706055,47900,0.0,0.0
2020-11-04 00:00:00-05:00,15.600000381469727,16.040000915527344,15.25,15.470000267028809,39600,0.0,0.0
2020-11-05 00:00:00-05:00,15.579999923706055,16.350000381469727,15.510000228881836,15.770000457763672,27000,0.0,0.0
2020-11-06 00:00:00-05:00,16.020000457763672,16.18000030517578,15.829999923706055,16.079999923706055,41600,0.0,0.0
2020-11-09 00:00:00-05:00,16.809999465942383,19.3799991607666,16.809999465942383,18.079999923706055,168700,0.0,0.0
2020-11-10 00:00:00-05:00,18.540000915527344,20.469999313354492,18.540000915527344,19.760000228881836,97600,0.0,0.0
2020-11-11 00:00:00-05:00,19.760000228881836,20.0,19.43000030517578,20.0,50200,0.0,0.0
2020-11-12 00:00:00-05:00,19.889999389648438,20.329999923706055,18.440000534057617,18.700000762939453,48100,0.0,0.0
2020-11-13 00:00:00-05:00,19.059999465942383,19.399999618530273,18.06999969482422,18.31999969482422,82900,0.0,0.0
2020-11-16 00:00:00-05:00,18.739999771118164,19.549999237060547,18.739999771118164,19.549999237060547,46400,0.0,0.0
2020-11-17 00:00:00-05:00,19.43000030517578,19.989999771118164,19.200000762939453,19.450000762939453,55000,0.0,0.0
2020-11-18 00:00:00-05:00,19.6299991607666,19.719999313354492,19.100000381469727,19.139999389648438,45000,0.0,0.0
2020-11-19 00:00:00-05:00,19.1299991607666,19.290000915527344,18.329999923706055,18.8799991607666,89600,0.0,0.0
2020-11-20 00:00:00-05:00,18.709999084472656,19.09000015258789,18.520000457763672,18.8799991607666,49600,0.0,0.0
2020-11-23 00:00:00-05:00,19.1200008392334,19.559999465942383,18.639999389648438,19.450000762939453,48000,0.0,0.0
2020-11-24 00:00:00-05:00,19.799999237060547,21.110000610351562,19.68000030517578,20.989999771118164,80000,0.0,0.0
2020-11-25 00:00:00-05:00,20.889999389648438,21.09000015258789,19.84000015258789,20.219999313354492,62900,0.0,0.0
2020-11-27 00:00:00-05:00,20.260000228881836,20.540000915527344,19.75,20.25,26900,0.0,0.0
2020-11-30 00:00:00-05:00,20.1299991607666,20.350000381469727,19.6200008392334,20.1200008392334,69600,0.0,0.0
2020-12-01 00:00:00-05:00,20.270000457763672,21.110000610351562,20.219999313354492,20.8700008392334,64200,0.0,0.0
2020-12-02 00:00:00-05:00,20.829999923706055,21.510000228881836,20.709999084472656,21.3700008392334,61900,0.0,0.0
2020-12-03 00:00:00-05:00,21.260000228881836,22.0,21.260000228881836,21.760000228881836,40000,0.0,0.0
2020-12-04 00:00:00-05:00,22.040000915527344,23.190000534057617,22.040000915527344,23.079999923706055,122800,0.0,0.0
2020-12-07 00:00:00-05:00,23.31999969482422,23.690000534057617,22.790000915527344,23.389999389648438,126500,0.0,0.0
2020-12-08 00:00:00-05:00,23.290000915527344,24.969999313354492,21.290000915527344,23.90999984741211,119200,0.0,0.0
2020-12-09 00:00:00-05:00,24.239999771118164,24.959999084472656,23.200000762939453,23.899999618530273,57000,0.0,0.0
2020-12-10 00:00:00-05:00,23.850000381469727,24.229999542236328,23.290000915527344,24.09000015258789,44600,0.0,0.0
2020-12-11 00:00:00-05:00,23.75,24.510000228881836,23.75,24.010000228881836,37900,0.0,0.0
2020-12-14 00:00:00-05:00,24.079999923706055,24.709999084472656,23.90999984741211,23.969999313354492,83800,0.0,0.0
2020-12-15 00:00:00-05:00,23.93000030517578,24.5,23.5,24.40999984741211,52600,0.0,0.0
2020-12-16 00:00:00-05:00,24.329999923706055,24.440000534057617,22.940000534057617,23.049999237060547,60100,0.0,0.0
2020-12-17 00:00:00-05:00,23.0,23.34000015258789,21.829999923706055,22.049999237060547,130800,0.0,0.0
2020-12-18 00:00:00-05:00,22.219999313354492,22.899999618530273,20.25,20.31999969482422,332400,0.0,0.0
2020-12-21 00:00:00-05:00,19.860000610351562,20.389999389648438,19.420000076293945,20.09000015258789,134900,0.0,0.0
2020-12-22 00:00:00-05:00,20.25,21.049999237060547,20.110000610351562,20.90999984741211,62200,0.0,0.0
2020-12-23 00:00:00-05:00,20.899999618530273,21.40999984741211,20.229999542236328,20.40999984741211,63500,0.0,0.0
2020-12-24 00:00:00-05:00,20.959999084472656,20.959999084472656,19.6299991607666,19.850000381469727,46500,0.0,0.0
2020-12-28 00:00:00-05:00,20.700000762939453,20.700000762939453,19.670000076293945,19.75,56000,0.0,0.0
2020-12-29 00:00:00-05:00,19.760000228881836,19.950000762939453,18.809999465942383,19.1299991607666,62200,0.0,0.0
2020-12-30 00:00:00-05:00,19.239999771118164,19.729999542236328,19.06999969482422,19.420000076293945,28200,0.0,0.0
2020-12-31 00:00:00-05:00,19.610000610351562,19.899999618530273,19.15999984741211,19.6200008392334,38100,0.0,0.0
2021-01-04 00:00:00-05:00,19.639999389648438,19.989999771118164,19.15999984741211,19.5,55000,0.0,0.0
2021-01-05 00:00:00-05:00,19.440000534057617,20.510000228881836,19.440000534057617,20.18000030517578,52600,0.0,0.0
2021-01-06 00:00:00-05:00,20.670000076293945,21.690000534057617,20.510000228881836,21.059999465942383,108400,0.0,0.0
2021-01-07 00:00:00-05:00,21.09000015258789,21.989999771118164,20.59000015258789,21.770000457763672,48000,0.0,0.0
2021-01-08 00:00:00-05:00,21.989999771118164,22.06999969482422,20.510000228881836,20.8799991607666,36100,0.0,0.0
2021-01-11 00:00:00-05:00,21.100000381469727,21.100000381469727,19.81999969482422,20.049999237060547,112600,0.0,0.0
2021-01-12 00:00:00-05:00,20.190000534057617,21.3799991607666,20.09000015258789,21.079999923706055,67700,0.0,0.0
2021-01-13 00:00:00-05:00,20.809999465942383,21.329999923706055,20.139999389648438,20.3799991607666,39400,0.0,0.0
2021-01-14 00:00:00-05:00,20.43000030517578,20.809999465942383,20.0,20.600000381469727,38700,0.0,0.0
2021-01-15 00:00:00-05:00,20.25,20.540000915527344,19.5,19.979999542236328,42000,0.0,0.0
2021-01-19 00:00:00-05:00,20.149999618530273,20.989999771118164,19.329999923706055,20.290000915527344,58000,0.0,0.0
2021-01-20 00:00:00-05:00,20.3799991607666,21.0,20.06999969482422,20.670000076293945,56600,0.0,0.0
2021-01-21 00:00:00-05:00,20.670000076293945,21.200000762939453,19.989999771118164,20.850000381469727,60700,0.0,0.0
2021-01-22 00:00:00-05:00,20.459999084472656,20.860000610351562,20.209999084472656,20.59000015258789,47700,0.0,0.0
2021-01-25 00:00:00-05:00,20.450000762939453,21.469999313354492,20.059999465942383,21.1200008392334,67600,0.0,0.0
2021-01-26 00:00:00-05:00,21.3799991607666,21.729999542236328,20.540000915527344,20.670000076293945,42600,0.0,0.0
2021-01-27 00:00:00-05:00,19.979999542236328,21.520000457763672,19.6299991607666,20.6299991607666,103500,0.0,0.0
2021-01-28 00:00:00-05:00,20.229999542236328,21.389999389648438,20.229999542236328,20.979999542236328,84200,0.0,0.0
2021-01-29 00:00:00-05:00,20.969999313354492,22.829999923706055,20.969999313354492,22.6299991607666,132000,0.0,0.0
2021-02-01 00:00:00-05:00,22.809999465942383,23.15999984741211,22.469999313354492,22.639999389648438,126100,0.0,0.0
2021-02-02 00:00:00-05:00,23.020000457763672,23.280000686645508,22.149999618530273,22.93000030517578,74300,0.0,0.0
2021-02-03 00:00:00-05:00,22.780000686645508,24.229999542236328,22.780000686645508,24.059999465942383,70200,0.0,0.0
2021-02-04 00:00:00-05:00,24.489999771118164,25.700000762939453,24.0,24.84000015258789,95800,0.0,0.0
2021-02-05 00:00:00-05:00,25.0,25.229999542236328,24.489999771118164,25.15999984741211,73800,0.0,0.0
2021-02-08 00:00:00-05:00,25.299999237060547,26.420000076293945,25.100000381469727,26.309999465942383,80900,0.0,0.0
2021-02-09 00:00:00-05:00,25.5,25.5,22.780000686645508,22.90999984741211,194700,0.0,0.0
2021-02-10 00:00:00-05:00,23.0,23.5,22.010000228881836,22.030000686645508,123400,0.0,0.0
2021-02-11 00:00:00-05:00,22.079999923706055,22.299999237060547,21.100000381469727,21.639999389648438,144200,0.0,0.0
2021-02-12 00:00:00-05:00,21.649999618530273,21.649999618530273,20.469999313354492,21.110000610351562,128200,0.0,0.0
2021-02-16 00:00:00-05:00,21.40999984741211,21.56999969482422,20.6200008392334,20.65999984741211,93600,0.0,0.0
2021-02-17 00:00:00-05:00,20.399999618530273,21.510000228881836,20.399999618530273,20.8799991607666,98000,0.0,0.0
2021-02-18 00:00:00-05:00,20.8799991607666,21.229999542236328,19.610000610351562,19.93000030517578,181000,0.0,0.0
2021-02-19 00:00:00-05:00,20.100000381469727,20.799999237060547,20.030000686645508,20.790000915527344,86700,0.0,0.0
2021-02-22 00:00:00-05:00,20.579999923706055,21.649999618530273,20.579999923706055,21.420000076293945,59000,0.0,0.0
2021-02-23 00:00:00-05:00,21.25,21.360000610351562,20.5,20.809999465942383,48500,0.0,0.0
2021-02-24 00:00:00-05:00,20.860000610351562,21.59000015258789,20.860000610351562,21.3700008392334,74100,0.0,0.0
2021-02-25 00:00:00-05:00,21.5,21.729999542236328,20.56999969482422,21.1299991607666,123700,0.0,0.0
2021-02-26 00:00:00-05:00,21.1200008392334,21.6299991607666,20.3799991607666,21.280000686645508,100700,0.0,0.0
2021-03-01 00:00:00-05:00,21.700000762939453,21.90999984741211,20.81999969482422,21.15999984741211,74800,0.0,0.0
2021-03-02 00:00:00-05:00,21.170000076293945,21.65999984741211,20.770000457763672,21.40999984741211,61100,0.0,0.0
2021-03-03 00:00:00-05:00,21.549999237060547,22.530000686645508,21.549999237060547,22.0,49600,0.0,0.0
2021-03-04 00:00:00-05:00,22.239999771118164,22.68000030517578,20.969999313354492,21.559999465942383,105200,0.0,0.0
2021-03-05 00:00:00-05:00,21.959999084472656,22.68000030517578,21.299999237060547,22.6299991607666,82400,0.0,0.0
2021-03-08 00:00:00-05:00,22.450000762939453,24.030000686645508,22.34000015258789,23.889999389648438,101300,0.0,0.0
2021-03-09 00:00:00-05:00,23.459999084472656,24.309999465942383,23.299999237060547,23.799999237060547,57300,0.0,0.0
2021-03-10 00:00:00-05:00,23.549999237060547,24.600000381469727,23.520000457763672,24.219999313354492,122800,0.0,0.0
2021-03-11 00:00:00-05:00,24.190000534057617,24.739999771118164,24.1200008392334,24.440000534057617,119300,0.0,0.0
2021-03-12 00:00:00-05:00,24.6200008392334,24.979999542236328,24.299999237060547,24.8799991607666,45700,0.0,0.0
2021-03-15 00:00:00-04:00,24.700000762939453,24.700000762939453,22.829999923706055,23.950000762939453,117400,0.0,0.0
2021-03-16 00:00:00-04:00,23.860000610351562,24.100000381469727,23.270000457763672,23.6299991607666,57000,0.0,0.0
2021-03-17 00:00:00-04:00,23.43000030517578,24.149999618530273,22.899999618530273,23.889999389648438,44400,0.0,0.0
2021-03-18 00:00:00-04:00,24.030000686645508,24.719999313354492,23.540000915527344,23.780000686645508,52700,0.0,0.0
2021-03-19 00:00:00-04:00,23.84000015258789,24.100000381469727,22.75,23.459999084472656,221400,0.0,0.0
2021-03-22 00:00:00-04:00,23.31999969482422,23.5,22.299999237060547,22.760000228881836,60600,0.0,0.0
2021-03-23 00:00:00-04:00,22.420000076293945,23.049999237060547,21.299999237060547,21.760000228881836,86500,0.0,0.0
2021-03-24 00:00:00-04:00,21.850000381469727,22.799999237060547,21.56999969482422,21.56999969482422,78200,0.0,0.0
2021-03-25 00:00:00-04:00,21.18000030517578,22.469999313354492,20.299999237060547,22.229999542236328,49400,0.0,0.0
2021-03-26 00:00:00-04:00,22.469999313354492,23.100000381469727,22.360000610351562,22.950000762939453,45400,0.0,0.0
2021-03-29 00:00:00-04:00,22.719999313354492,23.06999969482422,22.1200008392334,22.260000228881836,60700,0.0,0.0
2021-03-30 00:00:00-04:00,22.260000228881836,23.1299991607666,21.770000457763672,22.65999984741211,51300,0.0,0.0
2021-03-31 00:00:00-04:00,22.530000686645508,23.350000381469727,22.270000457763672,22.5,90800,0.0,0.0
2021-04-01 00:00:00-04:00,22.5,22.899999618530273,22.190000534057617,22.579999923706055,39000,0.0,0.0
2021-04-05 00:00:00-04:00,22.959999084472656,23.170000076293945,22.56999969482422,22.670000076293945,37300,0.0,0.0
2021-04-06 00:00:00-04:00,22.790000915527344,23.719999313354492,22.75,22.969999313354492,44000,0.0,0.0
2021-04-07 00:00:00-04:00,22.979999542236328,23.43000030517578,22.1299991607666,22.25,41200,0.0,0.0
2021-04-08 00:00:00-04:00,22.360000610351562,22.559999465942383,21.610000610351562,22.0,41100,0.0,0.0
2021-04-09 00:00:00-04:00,22.309999465942383,22.760000228881836,21.8700008392334,22.049999237060547,35100,0.0,0.0
2021-04-12 00:00:00-04:00,21.8799991607666,22.25,21.65999984741211,21.920000076293945,29700,0.0,0.0
2021-04-13 00:00:00-04:00,22.040000915527344,22.239999771118164,21.360000610351562,21.56999969482422,32200,0.0,0.0
2021-04-14 00:00:00-04:00,21.31999969482422,22.290000915527344,21.09000015258789,21.700000762939453,45900,0.0,0.0
2021-04-15 00:00:00-04:00,21.530000686645508,22.239999771118164,21.25,22.139999389648438,37000,0.0,0.0
2021-04-16 00:00:00-04:00,22.459999084472656,22.8700008392334,21.5,22.760000228881836,25600,0.0,0.0
2021-04-19 00:00:00-04:00,22.549999237060547,22.719999313354492,21.5,21.770000457763672,35700,0.0,0.0
2021-04-20 00:00:00-04:00,21.649999618530273,21.8799991607666,21.030000686645508,21.299999237060547,26400,0.0,0.0
2021-04-21 00:00:00-04:00,21.3700008392334,22.040000915527344,21.170000076293945,21.729999542236328,36800,0.0,0.0
2021-04-22 00:00:00-04:00,21.889999389648438,22.06999969482422,21.360000610351562,21.56999969482422,37400,0.0,0.0
2021-04-23 00:00:00-04:00,21.700000762939453,22.170000076293945,21.510000228881836,21.920000076293945,28200,0.0,0.0
2021-04-26 00:00:00-04:00,21.989999771118164,22.420000076293945,21.579999923706055,21.770000457763672,21700,0.0,0.0
2021-04-27 00:00:00-04:00,21.84000015258789,22.110000610351562,21.639999389648438,21.75,48800,0.0,0.0
2021-04-28 00:00:00-04:00,22.0,22.3700008392334,21.549999237060547,21.719999313354492,40200,0.0,0.0
2021-04-29 00:00:00-04:00,21.889999389648438,22.81999969482422,21.670000076293945,21.729999542236328,41600,0.0,0.0
2021-04-30 00:00:00-04:00,21.510000228881836,21.93000030517578,21.510000228881836,21.600000381469727,80700,0.0,0.0
2021-05-03 00:00:00-04:00,21.899999618530273,22.68000030517578,21.719999313354492,22.440000534057617,87500,0.0,0.0
2021-05-04 00:00:00-04:00,22.25,23.200000762939453,22.25,22.639999389648438,52900,0.0,0.0
2021-05-05 00:00:00-04:00,22.65999984741211,23.0,21.559999465942383,22.8700008392334,114500,0.0,0.0
2021-05-06 00:00:00-04:00,22.770000457763672,23.610000610351562,22.770000457763672,23.420000076293945,46000,0.0,0.0
2021-05-07 00:00:00-04:00,23.559999465942383,23.899999618530273,23.239999771118164,23.75,26100,0.0,0.0
2021-05-10 00:00:00-04:00,23.68000030517578,23.889999389648438,23.18000030517578,23.31999969482422,39300,0.0,0.0
2021-05-11 00:00:00-04:00,22.690000534057617,22.90999984741211,22.25,22.65999984741211,25700,0.0,0.0
2021-05-12 00:00:00-04:00,22.489999771118164,22.899999618530273,21.479999542236328,21.59000015258789,50300,0.0,0.0
2021-05-13 00:00:00-04:00,21.860000610351562,22.479999542236328,21.530000686645508,22.34000015258789,62500,0.0,0.0
2021-05-14 00:00:00-04:00,22.510000228881836,23.56999969482422,21.920000076293945,23.290000915527344,44900,0.0,0.0
2021-05-17 00:00:00-04:00,23.049999237060547,23.25,22.450000762939453,22.770000457763672,40400,0.0,0.0
2021-05-18 00:00:00-04:00,22.829999923706055,22.829999923706055,22.170000076293945,22.25,32800,0.0,0.0
2021-05-19 00:00:00-04:00,21.8799991607666,22.219999313354492,21.260000228881836,21.670000076293945,48500,0.0,0.0
2021-05-20 00:00:00-04:00,21.600000381469727,21.760000228881836,21.459999084472656,21.729999542236328,47400,0.0,0.0
2021-05-21 00:00:00-04:00,22.049999237060547,22.579999923706055,21.670000076293945,22.3799991607666,40800,0.0,0.0
2021-05-24 00:00:00-04:00,22.3799991607666,22.940000534057617,22.020000457763672,22.34000015258789,47100,0.0,0.0
2021-05-25 00:00:00-04:00,22.469999313354492,22.670000076293945,22.200000762939453,22.3799991607666,66900,0.0,0.0
2021-05-26 00:00:00-04:00,22.360000610351562,23.3700008392334,21.34000015258789,22.860000610351562,84600,0.0,0.0
2021-05-27 00:00:00-04:00,22.93000030517578,23.90999984741211,22.93000030517578,23.450000762939453,137700,0.0,0.0
2021-05-28 00:00:00-04:00,23.6200008392334,24.1299991607666,23.09000015258789,23.3700008392334,153400,0.0,0.0
2021-06-01 00:00:00-04:00,23.719999313354492,24.219999313354492,23.719999313354492,23.790000915527344,103600,0.0,0.0
2021-06-02 00:00:00-04:00,24.0,24.0,23.6200008392334,24.0,75500,0.0,0.0
2021-06-03 00:00:00-04:00,23.780000686645508,24.1299991607666,23.450000762939453,24.030000686645508,46700,0.0,0.0
2021-06-04 00:00:00-04:00,24.15999984741211,24.280000686645508,23.729999542236328,24.15999984741211,26900,0.0,0.0
2021-06-07 00:00:00-04:00,24.3700008392334,24.399999618530273,23.579999923706055,23.6299991607666,33500,0.0,0.0
2021-06-08 00:00:00-04:00,23.709999084472656,24.280000686645508,23.170000076293945,23.950000762939453,31500,0.0,0.0
2021-06-09 00:00:00-04:00,24.040000915527344,24.280000686645508,23.899999618530273,23.979999542236328,50900,0.0,0.0
2021-06-10 00:00:00-04:00,24.020000457763672,24.479999542236328,23.270000457763672,23.270000457763672,43900,0.0,0.0
2021-06-11 00:00:00-04:00,23.540000915527344,23.850000381469727,23.030000686645508,23.299999237060547,116000,0.0,0.0
2021-06-14 00:00:00-04:00,23.43000030517578,24.940000534057617,23.43000030517578,24.15999984741211,159400,0.0,0.0
2021-06-15 00:00:00-04:00,24.850000381469727,24.850000381469727,23.5,24.149999618530273,158200,0.0,0.0
2021-06-16 00:00:00-04:00,24.43000030517578,25.68000030517578,23.989999771118164,25.450000762939453,107200,0.0,0.0
2021-06-17 00:00:00-04:00,25.09000015258789,25.229999542236328,23.559999465942383,23.65999984741211,150700,0.0,0.0
2021-06-18 00:00:00-04:00,23.1299991607666,23.479999542236328,22.059999465942383,22.270000457763672,256900,0.0,0.0
2021-06-21 00:00:00-04:00,22.280000686645508,23.0,22.229999542236328,22.520000457763672,90500,0.0,0.0
2021-06-22 00:00:00-04:00,22.780000686645508,23.229999542236328,22.479999542236328,23.06999969482422,117000,0.0,0.0
2021-06-23 00:00:00-04:00,23.329999923706055,23.56999969482422,23.040000915527344,23.209999084472656,67900,0.0,0.0
2021-06-24 00:00:00-04:00,23.469999313354492,23.530000686645508,22.93000030517578,23.329999923706055,39000,0.0,0.0
2021-06-25 00:00:00-04:00,23.229999542236328,23.610000610351562,22.739999771118164,22.899999618530273,252900,0.0,0.0
2021-06-28 00:00:00-04:00,22.8700008392334,22.8700008392334,21.940000534057617,22.399999618530273,86500,0.0,0.0
2021-06-29 00:00:00-04:00,22.59000015258789,22.780000686645508,22.469999313354492,22.520000457763672,65500,0.0,0.0
2021-06-30 00:00:00-04:00,23.149999618530273,23.149999618530273,22.3799991607666,22.440000534057617,73400,0.0,0.0
2021-07-01 00:00:00-04:00,22.68000030517578,22.940000534057617,22.5,22.649999618530273,62400,0.0,0.0
2021-07-02 00:00:00-04:00,22.770000457763672,23.06999969482422,22.389999389648438,22.399999618530273,80100,0.0,0.0
2021-07-06 00:00:00-04:00,22.399999618530273,22.68000030517578,21.799999237060547,21.8700008392334,115500,0.0,0.0
2021-07-07 00:00:00-04:00,21.950000762939453,22.200000762939453,21.149999618530273,21.600000381469727,110000,0.0,0.0
2021-07-08 00:00:00-04:00,21.75,21.770000457763672,21.0,21.489999771118164,80800,0.0,0.0
2021-07-09 00:00:00-04:00,21.920000076293945,22.239999771118164,21.65999984741211,22.09000015258789,202600,0.0,0.0
2021-07-12 00:00:00-04:00,22.0,23.850000381469727,21.950000762939453,23.549999237060547,137200,0.0,0.0
2021-07-13 00:00:00-04:00,23.729999542236328,23.940000534057617,23.440000534057617,23.68000030517578,103200,0.0,0.0
2021-07-14 00:00:00-04:00,23.670000076293945,23.709999084472656,23.1200008392334,23.209999084472656,69900,0.0,0.0
2021-07-15 00:00:00-04:00,22.950000762939453,23.760000228881836,22.950000762939453,23.459999084472656,60900,0.0,0.0
2021-07-16 00:00:00-04:00,23.709999084472656,23.709999084472656,23.18000030517578,23.469999313354492,75000,0.0,0.0
2021-07-19 00:00:00-04:00,22.75,23.700000762939453,22.059999465942383,23.34000015258789,74700,0.0,0.0
2021-07-20 00:00:00-04:00,23.5,24.549999237060547,23.329999923706055,24.229999542236328,92300,0.0,0.0
2021-07-21 00:00:00-04:00,24.510000228881836,24.8700008392334,23.93000030517578,24.040000915527344,47600,0.0,0.0
2021-07-22 00:00:00-04:00,24.040000915527344,24.110000610351562,23.270000457763672,23.389999389648438,45400,0.0,0.0
2021-07-23 00:00:00-04:00,23.469999313354492,24.389999389648438,22.940000534057617,23.329999923706055,39900,0.0,0.0
2021-07-26 00:00:00-04:00,23.420000076293945,23.68000030517578,22.950000762939453,23.15999984741211,29300,0.0,0.0
2021-07-27 00:00:00-04:00,22.799999237060547,23.149999618530273,22.329999923706055,22.809999465942383,30100,0.0,0.0
2021-07-28 00:00:00-04:00,22.8700008392334,23.329999923706055,22.3700008392334,22.979999542236328,54900,0.0,0.0
2021-07-29 00:00:00-04:00,23.15999984741211,23.399999618530273,22.6299991607666,23.0,50200,0.0,0.0
2021-07-30 00:00:00-04:00,22.799999237060547,23.049999237060547,22.170000076293945,22.239999771118164,49000,0.0,0.0
2021-08-02 00:00:00-04:00,22.299999237060547,22.8799991607666,22.049999237060547,22.200000762939453,51100,0.0,0.0
2021-08-03 00:00:00-04:00,22.139999389648438,22.450000762939453,22.059999465942383,22.3799991607666,68100,0.0,0.0
2021-08-04 00:00:00-04:00,22.110000610351562,22.25,21.149999618530273,21.270000457763672,40400,0.0,0.0
2021-08-05 00:00:00-04:00,21.440000534057617,21.559999465942383,21.260000228881836,21.389999389648438,27800,0.0,0.0
2021-08-06 00:00:00-04:00,21.799999237060547,22.139999389648438,21.559999465942383,21.940000534057617,59900,0.0,0.0
2021-08-09 00:00:00-04:00,22.190000534057617,22.81999969482422,21.799999237060547,22.010000228881836,131400,0.0,0.0
2021-08-10 00:00:00-04:00,21.780000686645508,22.459999084472656,21.260000228881836,21.610000610351562,57200,0.0,0.0
2021-08-11 00:00:00-04:00,21.600000381469727,21.770000457763672,21.399999618530273,21.43000030517578,64800,0.0,0.0
2021-08-12 00:00:00-04:00,21.6299991607666,21.68000030517578,20.959999084472656,21.299999237060547,84400,0.0,0.0
2021-08-13 00:00:00-04:00,21.700000762939453,21.799999237060547,21.049999237060547,21.510000228881836,39100,0.0,0.0
2021-08-16 00:00:00-04:00,21.700000762939453,21.700000762939453,20.969999313354492,21.219999313354492,28300,0.0,0.0
2021-08-17 00:00:00-04:00,20.959999084472656,21.040000915527344,20.059999465942383,20.59000015258789,40900,0.0,0.0
2021-08-18 00:00:00-04:00,20.549999237060547,20.6200008392334,19.989999771118164,20.0,37200,0.0,0.0
2021-08-19 00:00:00-04:00,19.989999771118164,20.15999984741211,19.899999618530273,19.979999542236328,80800,0.0,0.0
2021-08-20 00:00:00-04:00,19.860000610351562,19.860000610351562,19.190000534057617,19.56999969482422,86300,0.0,0.0
2021-08-23 00:00:00-04:00,19.75,19.989999771118164,19.540000915527344,19.75,29400,0.0,0.0
2021-08-24 00:00:00-04:00,19.93000030517578,20.520000457763672,19.899999618530273,20.15999984741211,35100,0.0,0.0
2021-08-25 00:00:00-04:00,20.209999084472656,20.280000686645508,19.719999313354492,19.860000610351562,37200,0.0,0.0
2021-08-26 00:00:00-04:00,19.790000915527344,19.850000381469727,19.170000076293945,19.299999237060547,31600,0.0,0.0
2021-08-27 00:00:00-04:00,19.540000915527344,20.209999084472656,19.40999984741211,20.1200008392334,62700,0.0,0.0
2021-08-30 00:00:00-04:00,20.170000076293945,20.190000534057617,19.809999465942383,19.979999542236328,32500,0.0,0.0
2021-08-31 00:00:00-04:00,19.979999542236328,20.059999465942383,19.809999465942383,19.81999969482422,20400,0.0,0.0
2021-09-01 00:00:00-04:00,19.809999465942383,20.010000228881836,19.209999084472656,19.3799991607666,31600,0.0,0.0
2021-09-02 00:00:00-04:00,19.40999984741211,19.40999984741211,18.81999969482422,19.139999389648438,25400,0.0,0.0
2021-09-03 00:00:00-04:00,19.139999389648438,19.139999389648438,18.450000762939453,18.6200008392334,42200,0.0,0.0
2021-09-07 00:00:00-04:00,18.610000610351562,18.850000381469727,18.579999923706055,18.59000015258789,30000,0.0,0.0
2021-09-08 00:00:00-04:00,18.5,18.5,18.020000457763672,18.420000076293945,32900,0.0,0.0
2021-09-09 00:00:00-04:00,18.329999923706055,18.760000228881836,18.170000076293945,18.209999084472656,53200,0.0,0.0
2021-09-10 00:00:00-04:00,18.34000015258789,18.68000030517578,18.079999923706055,18.190000534057617,46400,0.0,0.0
2021-09-13 00:00:00-04:00,18.68000030517578,18.68000030517578,18.15999984741211,18.40999984741211,52800,0.0,0.0
2021-09-14 00:00:00-04:00,18.56999969482422,18.639999389648438,18.049999237060547,18.6299991607666,85900,0.0,0.0
2021-09-15 00:00:00-04:00,18.610000610351562,18.850000381469727,18.299999237060547,18.829999923706055,163900,0.0,0.0
2021-09-16 00:00:00-04:00,18.81999969482422,19.100000381469727,18.40999984741211,18.8700008392334,68600,0.0,0.0
2021-09-17 00:00:00-04:00,18.899999618530273,19.0,18.3700008392334,18.75,512500,0.0,0.0
2021-09-20 00:00:00-04:00,18.3700008392334,18.93000030517578,18.3700008392334,18.860000610351562,149200,0.0,0.0
2021-09-21 00:00:00-04:00,19.010000228881836,19.010000228881836,18.65999984741211,18.84000015258789,47900,0.0,0.0
2021-09-22 00:00:00-04:00,18.899999618530273,19.799999237060547,18.899999618530273,19.59000015258789,51700,0.0,0.0
2021-09-23 00:00:00-04:00,19.790000915527344,20.25,19.579999923706055,19.889999389648438,48200,0.0,0.0
2021-09-24 00:00:00-04:00,19.829999923706055,19.829999923706055,19.219999313354492,19.399999618530273,52500,0.0,0.0
2021-09-27 00:00:00-04:00,19.489999771118164,20.190000534057617,19.280000686645508,20.049999237060547,68500,0.0,0.0
2021-09-28 00:00:00-04:00,19.979999542236328,20.06999969482422,19.760000228881836,19.850000381469727,53400,0.0,0.0
2021-09-29 00:00:00-04:00,20.139999389648438,20.200000762939453,19.969999313354492,20.020000457763672,21700,0.0,0.0
2021-09-30 00:00:00-04:00,20.049999237060547,20.260000228881836,19.40999984741211,19.5,72400,0.0,0.0
2021-10-01 00:00:00-04:00,19.59000015258789,19.940000534057617,19.399999618530273,19.75,127800,0.0,0.0
2021-10-04 00:00:00-04:00,19.739999771118164,20.110000610351562,19.600000381469727,19.93000030517578,43800,0.0,0.0
2021-10-05 00:00:00-04:00,19.790000915527344,20.8700008392334,19.770000457763672,20.860000610351562,232200,0.0,0.0
2021-10-06 00:00:00-04:00,20.6299991607666,20.850000381469727,19.520000457763672,19.770000457763672,34100,0.0,0.0
2021-10-07 00:00:00-04:00,19.799999237060547,20.6200008392334,19.799999237060547,20.219999313354492,80500,0.0,0.0
2021-10-08 00:00:00-04:00,20.200000762939453,21.100000381469727,20.18000030517578,20.31999969482422,50700,0.0,0.0
2021-10-11 00:00:00-04:00,20.440000534057617,20.790000915527344,19.889999389648438,20.100000381469727,85300,0.0,0.0
2021-10-12 00:00:00-04:00,20.139999389648438,20.309999465942383,19.920000076293945,20.040000915527344,55500,0.0,0.0
2021-10-13 00:00:00-04:00,20.049999237060547,20.149999618530273,19.639999389648438,19.93000030517578,30200,0.0,0.0
2021-10-14 00:00:00-04:00,20.06999969482422,20.479999542236328,19.75,19.989999771118164,61900,0.0,0.0
2021-10-15 00:00:00-04:00,20.049999237060547,20.049999237060547,19.290000915527344,19.5,87600,0.0,0.0
2021-10-18 00:00:00-04:00,19.479999542236328,19.739999771118164,18.690000534057617,19.239999771118164,49800,0.0,0.0
2021-10-19 00:00:00-04:00,19.059999465942383,19.34000015258789,18.899999618530273,19.190000534057617,47800,0.0,0.0
2021-10-20 00:00:00-04:00,19.1200008392334,19.75,19.0,19.719999313354492,23800,0.0,0.0
2021-10-21 00:00:00-04:00,19.670000076293945,20.239999771118164,19.360000610351562,20.06999969482422,44800,0.0,0.0
2021-10-22 00:00:00-04:00,20.1200008392334,20.1200008392334,19.309999465942383,19.6299991607666,37400,0.0,0.0
2021-10-25 00:00:00-04:00,19.649999618530273,19.979999542236328,19.520000457763672,19.600000381469727,24200,0.0,0.0
2021-10-26 00:00:00-04:00,19.75,19.760000228881836,19.030000686645508,19.079999923706055,39000,0.0,0.0
2021-10-27 00:00:00-04:00,19.110000610351562,19.6200008392334,18.110000610351562,18.969999313354492,55200,0.0,0.0
2021-10-28 00:00:00-04:00,19.139999389648438,19.489999771118164,18.84000015258789,18.93000030517578,30600,0.0,0.0
2021-10-29 00:00:00-04:00,19.06999969482422,19.06999969482422,18.729999542236328,18.920000076293945,23000,0.0,0.0
2021-11-01 00:00:00-04:00,18.979999542236328,19.809999465942383,18.979999542236328,19.3799991607666,47500,0.0,0.0
2021-11-02 00:00:00-04:00,18.790000915527344,19.420000076293945,18.790000915527344,19.229999542236328,36900,0.0,0.0
2021-11-03 00:00:00-04:00,18.709999084472656,19.760000228881836,18.709999084472656,19.5,64800,0.0,0.0
2021-11-04 00:00:00-04:00,19.6299991607666,20.6200008392334,18.739999771118164,19.270000457763672,31800,0.0,0.0
2021-11-05 00:00:00-04:00,19.56999969482422,19.889999389648438,19.18000030517578,19.770000457763672,45100,0.0,0.0
2021-11-08 00:00:00-05:00,19.579999923706055,19.899999618530273,19.010000228881836,19.260000228881836,34500,0.0,0.0
2021-11-09 00:00:00-05:00,19.420000076293945,19.989999771118164,19.040000915527344,19.209999084472656,82000,0.0,0.0
2021-11-10 00:00:00-05:00,19.270000457763672,19.3700008392334,18.75,18.969999313354492,47400,0.0,0.0
2021-11-11 00:00:00-05:00,19.200000762939453,19.350000381469727,18.770000457763672,19.020000457763672,62400,0.0,0.0
2021-11-12 00:00:00-05:00,19.1200008392334,19.360000610351562,18.93000030517578,19.100000381469727,115700,0.0,0.0
2021-11-15 00:00:00-05:00,19.219999313354492,19.559999465942383,18.790000915527344,19.510000228881836,98700,0.0,0.0
2021-11-16 00:00:00-05:00,19.520000457763672,20.530000686645508,19.389999389648438,20.18000030517578,171400,0.0,0.0
2021-11-17 00:00:00-05:00,20.040000915527344,20.170000076293945,18.920000076293945,19.75,195400,0.0,0.0
2021-11-18 00:00:00-05:00,19.84000015258789,20.389999389648438,19.440000534057617,19.520000457763672,181900,0.0,0.0
2021-11-19 00:00:00-05:00,19.690000534057617,19.799999237060547,18.690000534057617,18.93000030517578,50500,0.0,0.0
2021-11-22 00:00:00-05:00,19.09000015258789,19.270000457763672,18.489999771118164,18.68000030517578,41000,0.0,0.0
2021-11-23 00:00:00-05:00,18.989999771118164,19.15999984741211,18.329999923706055,18.440000534057617,39300,0.0,0.0
2021-11-24 00:00:00-05:00,18.75,20.309999465942383,18.110000610351562,18.280000686645508,25300,0.0,0.0
2021-11-26 00:00:00-05:00,17.65999984741211,17.65999984741211,17.0,17.399999618530273,54300,0.0,0.0
2021-11-29 00:00:00-05:00,17.709999084472656,17.889999389648438,16.530000686645508,16.649999618530273,66800,0.0,0.0
2021-11-30 00:00:00-05:00,16.479999542236328,17.040000915527344,15.84000015258789,16.040000915527344,61400,0.0,0.0
2021-12-01 00:00:00-05:00,16.40999984741211,16.760000228881836,15.949999809265137,16.030000686645508,124500,0.0,0.0
2021-12-02 00:00:00-05:00,16.18000030517578,18.049999237060547,16.18000030517578,17.8700008392334,90100,0.0,0.0
2021-12-03 00:00:00-05:00,17.989999771118164,18.34000015258789,17.889999389648438,18.329999923706055,72300,0.0,0.0
2021-12-06 00:00:00-05:00,18.59000015258789,19.290000915527344,18.100000381469727,19.06999969482422,60500,0.0,0.0
2021-12-07 00:00:00-05:00,19.329999923706055,20.1200008392334,19.329999923706055,19.469999313354492,68500,0.0,0.0
2021-12-08 00:00:00-05:00,19.479999542236328,19.739999771118164,18.920000076293945,19.049999237060547,50400,0.0,0.0
2021-12-09 00:00:00-05:00,18.829999923706055,19.3799991607666,18.139999389648438,18.989999771118164,35600,0.0,0.0
2021-12-10 00:00:00-05:00,19.239999771118164,19.329999923706055,18.850000381469727,18.93000030517578,32500,0.0,0.0
2021-12-13 00:00:00-05:00,18.829999923706055,20.0,18.829999923706055,19.43000030517578,115700,0.0,0.0
2021-12-14 00:00:00-05:00,19.40999984741211,19.559999465942383,18.950000762939453,19.170000076293945,85000,0.0,0.0
2021-12-15 00:00:00-05:00,18.809999465942383,18.809999465942383,18.110000610351562,18.600000381469727,120200,0.0,0.0
2021-12-16 00:00:00-05:00,18.65999984741211,18.989999771118164,17.829999923706055,17.889999389648438,613600,0.0,0.0
2021-12-17 00:00:00-05:00,17.780000686645508,18.200000762939453,17.190000534057617,17.260000228881836,418100,0.0,0.0
2021-12-20 00:00:00-05:00,16.809999465942383,16.959999084472656,16.31999969482422,16.450000762939453,136800,0.0,0.0
2021-12-21 00:00:00-05:00,16.760000228881836,17.139999389648438,16.420000076293945,16.700000762939453,72800,0.0,0.0
2021-12-22 00:00:00-05:00,16.489999771118164,16.75,16.489999771118164,16.549999237060547,106100,0.0,0.0
2021-12-23 00:00:00-05:00,16.760000228881836,16.8700008392334,16.440000534057617,16.68000030517578,122200,0.0,0.0
2021-12-27 00:00:00-05:00,16.559999465942383,17.15999984741211,16.43000030517578,17.149999618530273,81900,0.0,0.0
2021-12-28 00:00:00-05:00,17.200000762939453,18.09000015258789,16.850000381469727,17.559999465942383,88500,0.0,0.0
2021-12-29 00:00:00-05:00,17.40999984741211,17.950000762939453,16.920000076293945,17.059999465942383,46600,0.0,0.0
2021-12-30 00:00:00-05:00,17.0,17.420000076293945,16.860000610351562,17.020000457763672,41400,0.0,0.0
2021-12-31 00:00:00-05:00,17.0,17.25,16.799999237060547,17.06999969482422,52400,0.0,0.0
2022-01-03 00:00:00-05:00,17.040000915527344,17.790000915527344,17.040000915527344,17.290000915527344,48100,0.0,0.0
2022-01-04 00:00:00-05:00,17.450000762939453,18.010000228881836,17.450000762939453,17.81999969482422,32100,0.0,0.0
2022-01-05 00:00:00-05:00,17.739999771118164,18.229999542236328,17.290000915527344,17.780000686645508,39800,0.0,0.0
2022-01-06 00:00:00-05:00,17.780000686645508,18.020000457763672,17.56999969482422,17.790000915527344,35200,0.0,0.0
2022-01-07 00:00:00-05:00,17.729999542236328,18.049999237060547,17.65999984741211,17.690000534057617,39700,0.0,0.0
2022-01-10 00:00:00-05:00,17.729999542236328,17.780000686645508,17.06999969482422,17.450000762939453,40800,0.0,0.0
2022-01-11 00:00:00-05:00,17.43000030517578,18.0,17.049999237060547,17.549999237060547,45800,0.0,0.0
2022-01-12 00:00:00-05:00,17.559999465942383,17.68000030517578,17.18000030517578,17.559999465942383,58200,0.0,0.0
2022-01-13 00:00:00-05:00,17.600000381469727,18.149999618530273,17.600000381469727,17.760000228881836,27100,0.0,0.0
2022-01-14 00:00:00-05:00,17.670000076293945,18.0,17.360000610351562,17.8799991607666,42000,0.0,0.0
2022-01-18 00:00:00-05:00,17.6200008392334,17.65999984741211,17.1299991607666,17.139999389648438,54800,0.0,0.0
2022-01-19 00:00:00-05:00,17.18000030517578,17.360000610351562,16.780000686645508,16.899999618530273,104600,0.0,0.0
2022-01-20 00:00:00-05:00,16.850000381469727,17.079999923706055,16.540000915527344,16.649999618530273,67300,0.0,0.0
2022-01-21 00:00:00-05:00,16.520000457763672,17.3799991607666,16.520000457763672,16.700000762939453,97200,0.0,0.0
2022-01-24 00:00:00-05:00,16.559999465942383,17.239999771118164,16.309999465942383,17.15999984741211,88700,0.0,0.0
2022-01-25 00:00:00-05:00,16.969999313354492,17.559999465942383,16.600000381469727,17.280000686645508,68100,0.0,0.0
2022-01-26 00:00:00-05:00,17.530000686645508,17.68000030517578,16.760000228881836,16.829999923706055,33700,0.0,0.0
2022-01-27 00:00:00-05:00,16.90999984741211,17.1299991607666,16.34000015258789,16.459999084472656,48000,0.0,0.0
2022-01-28 00:00:00-05:00,16.799999237060547,16.799999237060547,15.8100004196167,16.280000686645508,74300,0.0,0.0
2022-01-31 00:00:00-05:00,16.18000030517578,16.690000534057617,16.1299991607666,16.530000686645508,61100,0.0,0.0
2022-02-01 00:00:00-05:00,16.6200008392334,17.18000030517578,16.40999984741211,17.010000228881836,241000,0.0,0.0
2022-02-02 00:00:00-05:00,17.049999237060547,17.290000915527344,16.399999618530273,16.799999237060547,234600,0.0,0.0
2022-02-03 00:00:00-05:00,16.700000762939453,17.1200008392334,16.65999984741211,16.709999084472656,64100,0.0,0.0
2022-02-04 00:00:00-05:00,16.600000381469727,16.600000381469727,15.8100004196167,16.079999923706055,96900,0.0,0.0
2022-02-07 00:00:00-05:00,16.0,16.0,15.399999618530273,15.619999885559082,48300,0.0,0.0
2022-02-08 00:00:00-05:00,15.5600004196167,16.350000381469727,15.5600004196167,16.31999969482422,64000,0.0,0.0
2022-02-09 00:00:00-05:00,16.719999313354492,17.520000457763672,16.719999313354492,17.260000228881836,90900,0.0,0.0
2022-02-10 00:00:00-05:00,17.3799991607666,17.469999313354492,16.520000457763672,16.530000686645508,95200,0.0,0.0
2022-02-11 00:00:00-05:00,16.579999923706055,16.709999084472656,16.139999389648438,16.25,52000,0.0,0.0
2022-02-14 00:00:00-05:00,16.440000534057617,16.65999984741211,15.949999809265137,16.200000762939453,76900,0.0,0.0
2022-02-15 00:00:00-05:00,16.299999237060547,16.690000534057617,16.239999771118164,16.600000381469727,43200,0.0,0.0
2022-02-16 00:00:00-05:00,16.670000076293945,16.700000762939453,16.399999618530273,16.530000686645508,54000,0.0,0.0
2022-02-17 00:00:00-05:00,16.5,16.5,16.06999969482422,16.110000610351562,41800,0.0,0.0
2022-02-18 00:00:00-05:00,15.989999771118164,16.420000076293945,15.989999771118164,16.3700008392334,44400,0.0,0.0
2022-02-22 00:00:00-05:00,16.280000686645508,16.59000015258789,16.059999465942383,16.290000915527344,45600,0.0,0.0
2022-02-23 00:00:00-05:00,16.440000534057617,16.829999923706055,16.260000228881836,16.610000610351562,65900,0.0,0.0
2022-02-24 00:00:00-05:00,16.260000228881836,16.260000228881836,15.539999961853027,16.010000228881836,83500,0.0,0.0
2022-02-25 00:00:00-05:00,16.09000015258789,16.229999542236328,15.800000190734863,16.049999237060547,48700,0.0,0.0
2022-02-28 00:00:00-05:00,15.829999923706055,16.3799991607666,15.829999923706055,16.149999618530273,87500,0.0,0.0
2022-03-01 00:00:00-05:00,16.209999084472656,16.260000228881836,15.5,15.970000267028809,114000,0.0,0.0
2022-03-02 00:00:00-05:00,16.139999389648438,16.579999923706055,15.970000267028809,16.43000030517578,59100,0.0,0.0
2022-03-03 00:00:00-05:00,16.3799991607666,16.729999542236328,16.219999313354492,16.350000381469727,45500,0.0,0.0
2022-03-04 00:00:00-05:00,16.1299991607666,16.260000228881836,15.5600004196167,15.600000381469727,41400,0.0,0.0
2022-03-07 00:00:00-05:00,15.6899995803833,15.760000228881836,15.170000076293945,15.399999618530273,53700,0.0,0.0
2022-03-08 00:00:00-05:00,15.4399995803833,15.779999732971191,15.279999732971191,15.420000076293945,50800,0.0,0.0
2022-03-09 00:00:00-05:00,15.699999809265137,17.290000915527344,15.699999809265137,17.239999771118164,136000,0.0,0.0
2022-03-10 00:00:00-05:00,16.829999923706055,17.18000030517578,16.329999923706055,16.549999237060547,67800,0.0,0.0
2022-03-11 00:00:00-05:00,16.93000030517578,16.93000030517578,16.450000762939453,16.860000610351562,72600,0.0,0.0
2022-03-14 00:00:00-04:00,17.030000686645508,17.18000030517578,16.75,16.93000030517578,40200,0.0,0.0
2022-03-15 00:00:00-04:00,17.040000915527344,17.059999465942383,16.729999542236328,16.93000030517578,42500,0.0,0.0
2022-03-16 00:00:00-04:00,17.170000076293945,17.510000228881836,17.0,17.440000534057617,60000,0.0,0.0
2022-03-17 00:00:00-04:00,17.260000228881836,17.459999084472656,17.0,17.15999984741211,59100,0.0,0.0
2022-03-18 00:00:00-04:00,17.1200008392334,17.81999969482422,16.8700008392334,17.549999237060547,131800,0.0,0.0
2022-03-21 00:00:00-04:00,17.270000457763672,18.0,17.270000457763672,17.920000076293945,64500,0.0,0.0
2022-03-22 00:00:00-04:00,18.0,18.139999389648438,17.770000457763672,17.989999771118164,54700,0.0,0.0
2022-03-23 00:00:00-04:00,17.8799991607666,18.239999771118164,16.75,16.969999313354492,81300,0.0,0.0
2022-03-24 00:00:00-04:00,17.06999969482422,17.6200008392334,16.90999984741211,17.420000076293945,45200,0.0,0.0
2022-03-25 00:00:00-04:00,17.389999389648438,18.0,17.299999237060547,17.950000762939453,50700,0.0,0.0
2022-03-28 00:00:00-04:00,17.940000534057617,17.940000534057617,16.81999969482422,17.040000915527344,65300,0.0,0.0
2022-03-29 00:00:00-04:00,17.280000686645508,18.329999923706055,17.280000686645508,18.030000686645508,88100,0.0,0.0
2022-03-30 00:00:00-04:00,17.860000610351562,18.280000686645508,17.350000381469727,17.530000686645508,77200,0.0,0.0
2022-03-31 00:00:00-04:00,17.520000457763672,18.059999465942383,17.40999984741211,17.829999923706055,83200,0.0,0.0
2022-04-01 00:00:00-04:00,17.920000076293945,18.299999237060547,17.489999771118164,17.770000457763672,33900,0.0,0.0
2022-04-04 00:00:00-04:00,17.780000686645508,17.780000686645508,17.239999771118164,17.31999969482422,43200,0.0,0.0
2022-04-05 00:00:00-04:00,17.170000076293945,17.170000076293945,16.219999313354492,16.270000457763672,59300,0.0,0.0
2022-04-06 00:00:00-04:00,16.280000686645508,17.1200008392334,15.859999656677246,16.190000534057617,55800,0.0,0.0
2022-04-07 00:00:00-04:00,16.299999237060547,16.489999771118164,16.0,16.260000228881836,51600,0.0,0.0
2022-04-08 00:00:00-04:00,16.270000457763672,16.469999313354492,16.0,16.049999237060547,22300,0.0,0.0
2022-04-11 00:00:00-04:00,16.010000228881836,16.209999084472656,15.6899995803833,15.8100004196167,36200,0.0,0.0
2022-04-12 00:00:00-04:00,15.979999542236328,16.280000686645508,15.6899995803833,15.8100004196167,30100,0.0,0.0
2022-04-13 00:00:00-04:00,15.989999771118164,15.989999771118164,15.720000267028809,15.890000343322754,28900,0.0,0.0
2022-04-14 00:00:00-04:00,15.989999771118164,16.190000534057617,15.699999809265137,15.779999732971191,23900,0.0,0.0
2022-04-18 00:00:00-04:00,16.190000534057617,16.190000534057617,15.670000076293945,15.770000457763672,40200,0.0,0.0
2022-04-19 00:00:00-04:00,15.819999694824219,16.440000534057617,15.819999694824219,16.1299991607666,32200,0.0,0.0
2022-04-20 00:00:00-04:00,16.100000381469727,16.40999984741211,15.90999984741211,16.020000457763672,23900,0.0,0.0
2022-04-21 00:00:00-04:00,16.309999465942383,16.309999465942383,15.819999694824219,15.989999771118164,29900,0.0,0.0
2022-04-22 00:00:00-04:00,15.819999694824219,15.899999618530273,15.65999984741211,15.800000190734863,21900,0.0,0.0
2022-04-25 00:00:00-04:00,15.630000114440918,15.989999771118164,15.329999923706055,15.680000305175781,29300,0.0,0.0
2022-04-26 00:00:00-04:00,15.59000015258789,15.59000015258789,15.09000015258789,15.15999984741211,40500,0.0,0.0
2022-04-27 00:00:00-04:00,15.170000076293945,15.550000190734863,15.15999984741211,15.350000381469727,36700,0.0,0.0
2022-04-28 00:00:00-04:00,15.420000076293945,15.65999984741211,15.180000305175781,15.449999809265137,42800,0.0,0.0
2022-04-29 00:00:00-04:00,15.260000228881836,15.5,15.039999961853027,15.210000038146973,89000,0.0,0.0
2022-05-02 00:00:00-04:00,15.289999961853027,15.59000015258789,14.949999809265137,15.4399995803833,56900,0.0,0.0
2022-05-03 00:00:00-04:00,15.359999656677246,15.680000305175781,14.960000038146973,15.1899995803833,82800,0.0,0.0
2022-05-04 00:00:00-04:00,15.119999885559082,15.710000038146973,14.770000457763672,15.65999984741211,30900,0.0,0.0
2022-05-05 00:00:00-04:00,15.380000114440918,15.380000114440918,14.579999923706055,14.819999694824219,34400,0.0,0.0
2022-05-06 00:00:00-04:00,14.779999732971191,16.260000228881836,14.350000381469727,14.569999694824219,46200,0.0,0.0
2022-05-09 00:00:00-04:00,14.380000114440918,14.960000038146973,14.050000190734863,14.239999771118164,45700,0.0,0.0
2022-05-10 00:00:00-04:00,14.4399995803833,14.4399995803833,13.859999656677246,13.920000076293945,89100,0.0,0.0
2022-05-11 00:00:00-04:00,13.800000190734863,14.079999923706055,13.279999732971191,13.3100004196167,37900,0.0,0.0
2022-05-12 00:00:00-04:00,13.34000015258789,13.710000038146973,13.100000381469727,13.59000015258789,57300,0.0,0.0
2022-05-13 00:00:00-04:00,13.710000038146973,14.149999618530273,13.699999809265137,13.989999771118164,182200,0.0,0.0
2022-05-16 00:00:00-04:00,13.970000267028809,14.239999771118164,13.510000228881836,13.550000190734863,59300,0.0,0.0
2022-05-17 00:00:00-04:00,13.869999885559082,14.109999656677246,13.800000190734863,14.039999961853027,118900,0.0,0.0
2022-05-18 00:00:00-04:00,13.920000076293945,14.15999984741211,13.75,13.859999656677246,136800,0.0,0.0
2022-05-19 00:00:00-04:00,13.819999694824219,14.029999732971191,13.550000190734863,13.670000076293945,72000,0.0,0.0
2022-05-20 00:00:00-04:00,13.869999885559082,14.0,13.100000381469727,13.600000381469727,101800,0.0,0.0
2022-05-23 00:00:00-04:00,13.829999923706055,14.15999984741211,13.520000457763672,13.850000381469727,68200,0.0,0.0
2022-05-24 00:00:00-04:00,13.8100004196167,13.970000267028809,13.550000190734863,13.920000076293945,39300,0.0,0.0
2022-05-25 00:00:00-04:00,13.979999542236328,14.289999961853027,13.970000267028809,14.130000114440918,46800,0.0,0.0
2022-05-26 00:00:00-04:00,14.319999694824219,14.5600004196167,13.859999656677246,13.960000038146973,109800,0.0,0.0
2022-05-27 00:00:00-04:00,14.020000457763672,14.329999923706055,13.880000114440918,14.010000228881836,164100,0.0,0.0
2022-05-31 00:00:00-04:00,13.970000267028809,15.260000228881836,13.970000267028809,14.829999923706055,72300,0.0,0.0
2022-06-01 00:00:00-04:00,14.90999984741211,14.949999809265137,14.329999923706055,14.779999732971191,61200,0.0,0.0
2022-06-02 00:00:00-04:00,14.819999694824219,15.460000038146973,14.819999694824219,15.369999885559082,37300,0.0,0.0
2022-06-03 00:00:00-04:00,15.25,15.4399995803833,14.619999885559082,14.949999809265137,39400,0.0,0.0
2022-06-06 00:00:00-04:00,14.979999542236328,15.640000343322754,14.880000114440918,15.600000381469727,47100,0.0,0.0
2022-06-07 00:00:00-04:00,15.380000114440918,16.030000686645508,15.350000381469727,15.890000343322754,53100,0.0,0.0
2022-06-08 00:00:00-04:00,15.920000076293945,16.229999542236328,15.640000343322754,16.190000534057617,53700,0.0,0.0
2022-06-09 00:00:00-04:00,16.030000686645508,16.40999984741211,15.949999809265137,16.270000457763672,53200,0.0,0.0
2022-06-10 00:00:00-04:00,15.949999809265137,16.200000762939453,15.649999618530273,15.789999961853027,71600,0.0,0.0
2022-06-13 00:00:00-04:00,15.329999923706055,15.770000457763672,15.149999618530273,15.640000343322754,83600,0.0,0.0
2022-06-14 00:00:00-04:00,14.739999771118164,15.010000228881836,13.8100004196167,14.510000228881836,124200,0.0,0.0
2022-06-15 00:00:00-04:00,14.630000114440918,15.0,14.479999542236328,14.65999984741211,151300,0.0,0.0
2022-06-16 00:00:00-04:00,14.270000457763672,14.5600004196167,13.680000305175781,13.789999961853027,216900,0.0,0.0
2022-06-17 00:00:00-04:00,13.789999961853027,13.960000038146973,13.09000015258789,13.140000343322754,252400,0.0,0.0
2022-06-21 00:00:00-04:00,13.289999961853027,13.4399995803833,13.010000228881836,13.029999732971191,69600,0.0,0.0
2022-06-22 00:00:00-04:00,12.850000381469727,13.710000038146973,12.850000381469727,13.6899995803833,69700,0.0,0.0
2022-06-23 00:00:00-04:00,13.630000114440918,13.720000267028809,12.890000343322754,13.199999809265137,62500,0.0,0.0
2022-06-24 00:00:00-04:00,13.1899995803833,13.4399995803833,12.949999809265137,13.420000076293945,151100,0.0,0.0
2022-06-27 00:00:00-04:00,13.529999732971191,14.119999885559082,13.300000190734863,14.029999732971191,62100,0.0,0.0
2022-06-28 00:00:00-04:00,14.010000228881836,14.1899995803833,13.710000038146973,13.729999542236328,84500,0.0,0.0
2022-06-29 00:00:00-04:00,13.680000305175781,13.680000305175781,12.960000038146973,13.010000228881836,49400,0.0,0.0
2022-06-30 00:00:00-04:00,12.770000457763672,13.140000343322754,12.59000015258789,13.119999885559082,76300,0.0,0.0
2022-07-01 00:00:00-04:00,13.149999618530273,13.520000457763672,13.039999961853027,13.479999542236328,60500,0.0,0.0
2022-07-05 00:00:00-04:00,13.220000267028809,13.789999961853027,12.930000305175781,13.569999694824219,115400,0.0,0.0
2022-07-06 00:00:00-04:00,13.460000038146973,13.5,12.989999771118164,13.359999656677246,79500,0.0,0.0
2022-07-07 00:00:00-04:00,13.399999618530273,13.800000190734863,13.399999618530273,13.770000457763672,40900,0.0,0.0
2022-07-08 00:00:00-04:00,13.869999885559082,14.100000381469727,13.710000038146973,13.829999923706055,38700,0.0,0.0
2022-07-11 00:00:00-04:00,13.550000190734863,13.720000267028809,13.470000267028809,13.619999885559082,65400,0.0,0.0
2022-07-12 00:00:00-04:00,13.699999809265137,14.260000228881836,13.699999809265137,13.789999961853027,31700,0.0,0.0
2022-07-13 00:00:00-04:00,13.6899995803833,13.760000228881836,13.449999809265137,13.529999732971191,41100,0.0,0.0
2022-07-14 00:00:00-04:00,13.449999809265137,13.720000267028809,13.260000228881836,13.670000076293945,53400,0.0,0.0
2022-07-15 00:00:00-04:00,13.899999618530273,14.649999618530273,13.890000343322754,14.449999809265137,49500,0.0,0.0
2022-07-18 00:00:00-04:00,14.899999618530273,14.9399995803833,14.489999771118164,14.520000457763672,23100,0.0,0.0
2022-07-19 00:00:00-04:00,14.4399995803833,15.510000228881836,14.4399995803833,15.210000038146973,48500,0.0,0.0
2022-07-20 00:00:00-04:00,15.3100004196167,15.59000015258789,15.119999885559082,15.420000076293945,33300,0.0,0.0
2022-07-21 00:00:00-04:00,15.25,15.25,14.800000190734863,14.989999771118164,26500,0.0,0.0
2022-07-22 00:00:00-04:00,14.9399995803833,15.100000381469727,14.600000381469727,14.720000267028809,26500,0.0,0.0
2022-07-25 00:00:00-04:00,14.899999618530273,14.899999618530273,14.479999542236328,14.539999961853027,39700,0.0,0.0
2022-07-26 00:00:00-04:00,14.119999885559082,14.4399995803833,14.109999656677246,14.220000267028809,16200,0.0,0.0
2022-07-27 00:00:00-04:00,14.270000457763672,14.9399995803833,14.229999542236328,14.920000076293945,49500,0.0,0.0
2022-07-28 00:00:00-04:00,15.039999961853027,15.369999885559082,14.529999732971191,15.100000381469727,12500,0.0,0.0
2022-07-29 00:00:00-04:00,15.1899995803833,15.380000114440918,14.9399995803833,15.069999694824219,26100,0.0,0.0
2022-08-01 00:00:00-04:00,15.329999923706055,15.630000114440918,14.9399995803833,15.350000381469727,15300,0.0,0.0
2022-08-02 00:00:00-04:00,15.569999694824219,15.600000381469727,14.850000381469727,14.869999885559082,36200,0.0,0.0
2022-08-03 00:00:00-04:00,14.84000015258789,14.970000267028809,14.529999732971191,14.90999984741211,27900,0.0,0.0
2022-08-04 00:00:00-04:00,14.819999694824219,15.119999885559082,14.1899995803833,14.640000343322754,41500,0.0,0.0
2022-08-05 00:00:00-04:00,14.520000457763672,14.75,14.050000190734863,14.4399995803833,47300,0.0,0.0
2022-08-08 00:00:00-04:00,14.720000267028809,14.8100004196167,14.25,14.449999809265137,34700,0.0,0.0
2022-08-09 00:00:00-04:00,14.59000015258789,15.020000457763672,14.039999961853027,14.210000038146973,46300,0.0,0.0
2022-08-10 00:00:00-04:00,14.279999732971191,14.5600004196167,14.050000190734863,14.510000228881836,80000,0.0,0.0
2022-08-11 00:00:00-04:00,14.470000267028809,14.930000305175781,14.279999732971191,14.859999656677246,76800,0.0,0.0
2022-08-12 00:00:00-04:00,14.949999809265137,15.829999923706055,14.760000228881836,15.829999923706055,44200,0.0,0.0
2022-08-15 00:00:00-04:00,15.600000381469727,15.9399995803833,14.739999771118164,15.479999542236328,41200,0.0,0.0
2022-08-16 00:00:00-04:00,15.479999542236328,15.630000114440918,15.369999885559082,15.510000228881836,25700,0.0,0.0
2022-08-17 00:00:00-04:00,15.239999771118164,15.550000190734863,15.0,15.5,148200,0.0,0.0
2022-08-18 00:00:00-04:00,15.5600004196167,16.200000762939453,15.510000228881836,16.0,78900,0.0,0.0
2022-08-19 00:00:00-04:00,15.789999961853027,16.0,15.5,15.710000038146973,57000,0.0,0.0
2022-08-22 00:00:00-04:00,15.420000076293945,15.640000343322754,15.3100004196167,15.470000267028809,55100,0.0,0.0
2022-08-23 00:00:00-04:00,15.720000267028809,16.110000610351562,15.40999984741211,15.460000038146973,26000,0.0,0.0
2022-08-24 00:00:00-04:00,15.640000343322754,15.640000343322754,15.199999809265137,15.229999542236328,16700,0.0,0.0
2022-08-25 00:00:00-04:00,15.84000015258789,16.059999465942383,15.6899995803833,16.040000915527344,38700,0.0,0.0
2022-08-26 00:00:00-04:00,16.25,16.3799991607666,15.899999618530273,15.90999984741211,22200,0.0,0.0
2022-08-29 00:00:00-04:00,15.6899995803833,16.18000030517578,15.5600004196167,15.609999656677246,17900,0.0,0.0
2022-08-30 00:00:00-04:00,15.359999656677246,15.739999771118164,14.90999984741211,15.100000381469727,98000,0.0,0.0
2022-08-31 00:00:00-04:00,14.949999809265137,15.319999694824219,14.760000228881836,14.859999656677246,19900,0.0,0.0
2022-09-01 00:00:00-04:00,14.989999771118164,15.109999656677246,14.350000381469727,14.979999542236328,29800,0.0,0.0
2022-09-02 00:00:00-04:00,14.989999771118164,15.399999618530273,14.34000015258789,14.539999961853027,17500,0.0,0.0
2022-09-06 00:00:00-04:00,14.489999771118164,14.670000076293945,14.010000228881836,14.050000190734863,45100,0.0,0.0
2022-09-07 00:00:00-04:00,14.0,14.329999923706055,14.0,14.260000228881836,22300,0.0,0.0
2022-09-08 00:00:00-04:00,14.170000076293945,14.4399995803833,13.680000305175781,14.170000076293945,36700,0.0,0.0
2022-09-09 00:00:00-04:00,14.300000190734863,14.4399995803833,14.15999984741211,14.4399995803833,13700,0.0,0.0
2022-09-12 00:00:00-04:00,14.640000343322754,14.649999618530273,14.300000190734863,14.470000267028809,17600,0.0,0.0
2022-09-13 00:00:00-04:00,14.130000114440918,14.430000305175781,14.069999694824219,14.069999694824219,21100,0.0,0.0
2022-09-14 00:00:00-04:00,14.029999732971191,14.680000305175781,14.029999732971191,14.25,48100,0.0,0.0
2022-09-15 00:00:00-04:00,14.119999885559082,14.90999984741211,14.119999885559082,14.329999923706055,27500,0.0,0.0
2022-09-16 00:00:00-04:00,14.229999542236328,14.5,14.029999732971191,14.350000381469727,80100,0.0,0.0
2022-09-19 00:00:00-04:00,14.380000114440918,14.569999694824219,14.270000457763672,14.529999732971191,28800,0.0,0.0
2022-09-20 00:00:00-04:00,14.270000457763672,14.5600004196167,14.15999984741211,14.260000228881836,49100,0.0,0.0
2022-09-21 00:00:00-04:00,14.350000381469727,14.800000190734863,13.670000076293945,13.760000228881836,131300,0.0,0.0
2022-09-22 00:00:00-04:00,13.649999618530273,14.0600004196167,13.609999656677246,14.0,90400,0.0,0.0
2022-09-23 00:00:00-04:00,13.8100004196167,14.1899995803833,13.670000076293945,14.119999885559082,68000,0.0,0.0
2022-09-26 00:00:00-04:00,14.180000305175781,15.1899995803833,14.180000305175781,14.829999923706055,45500,0.0,0.0
2022-09-27 00:00:00-04:00,14.920000076293945,15.039999961853027,14.199999809265137,14.229999542236328,40500,0.0,0.0
2022-09-28 00:00:00-04:00,14.40999984741211,15.210000038146973,14.260000228881836,15.029999732971191,61200,0.0,0.0
2022-09-29 00:00:00-04:00,14.779999732971191,14.9399995803833,14.479999542236328,14.680000305175781,81900,0.0,0.0
2022-09-30 00:00:00-04:00,14.699999809265137,15.699999809265137,14.619999885559082,15.220000267028809,100500,0.0,0.0
2022-10-03 00:00:00-04:00,15.350000381469727,15.890000343322754,15.34000015258789,15.859999656677246,72200,0.0,0.0
2022-10-04 00:00:00-04:00,16.190000534057617,16.780000686645508,16.040000915527344,16.43000030517578,52900,0.0,0.0
2022-10-05 00:00:00-04:00,16.149999618530273,16.360000610351562,15.770000457763672,16.1200008392334,36200,0.0,0.0
2022-10-06 00:00:00-04:00,15.930000305175781,16.360000610351562,15.449999809265137,16.170000076293945,19400,0.0,0.0
2022-10-07 00:00:00-04:00,16.06999969482422,16.25,15.220000267028809,15.319999694824219,27600,0.0,0.0
2022-10-10 00:00:00-04:00,15.5,15.970000267028809,15.5,15.779999732971191,28100,0.0,0.0
2022-10-11 00:00:00-04:00,15.779999732971191,16.459999084472656,15.729999542236328,16.200000762939453,41000,0.0,0.0
2022-10-12 00:00:00-04:00,16.110000610351562,16.18000030517578,15.390000343322754,15.850000381469727,22900,0.0,0.0
2022-10-13 00:00:00-04:00,15.640000343322754,16.829999923706055,15.640000343322754,16.579999923706055,61000,0.0,0.0
2022-10-14 00:00:00-04:00,16.579999923706055,16.579999923706055,15.979999542236328,15.979999542236328,24200,0.0,0.0
2022-10-17 00:00:00-04:00,16.3799991607666,17.110000610351562,16.3799991607666,17.040000915527344,68400,0.0,0.0
2022-10-18 00:00:00-04:00,17.270000457763672,17.959999084472656,17.170000076293945,17.600000381469727,40500,0.0,0.0
2022-10-19 00:00:00-04:00,17.309999465942383,17.639999389648438,16.670000076293945,17.440000534057617,33300,0.0,0.0
2022-10-20 00:00:00-04:00,17.3700008392334,17.739999771118164,17.020000457763672,17.600000381469727,48500,0.0,0.0
2022-10-21 00:00:00-04:00,17.700000762939453,17.8799991607666,17.260000228881836,17.5,117500,0.0,0.0
2022-10-24 00:00:00-04:00,17.450000762939453,17.989999771118164,17.34000015258789,17.889999389648438,186500,0.0,0.0
2022-10-25 00:00:00-04:00,18.170000076293945,18.31999969482422,17.8700008392334,18.1200008392334,41900,0.0,0.0
2022-10-26 00:00:00-04:00,18.25,18.780000686645508,18.110000610351562,18.6200008392334,31200,0.0,0.0
2022-10-27 00:00:00-04:00,18.920000076293945,18.920000076293945,17.809999465942383,18.520000457763672,82900,0.0,0.0
2022-10-28 00:00:00-04:00,18.59000015258789,19.100000381469727,18.34000015258789,19.0,53800,0.0,0.0
2022-10-31 00:00:00-04:00,18.850000381469727,19.139999389648438,18.81999969482422,19.0,26400,0.0,0.0
2022-11-01 00:00:00-04:00,19.010000228881836,19.139999389648438,18.84000015258789,19.020000457763672,37300,0.0,0.0
2022-11-02 00:00:00-04:00,19.450000762939453,19.530000686645508,18.81999969482422,18.81999969482422,45400,0.0,0.0
2022-11-03 00:00:00-04:00,18.639999389648438,18.989999771118164,18.3799991607666,18.600000381469727,23600,0.0,0.0
2022-11-04 00:00:00-04:00,18.709999084472656,18.940000534057617,18.479999542236328,18.8799991607666,34500,0.0,0.0
2022-11-07 00:00:00-05:00,19.389999389648438,19.489999771118164,18.889999389648438,19.200000762939453,30700,0.0,0.0
2022-11-08 00:00:00-05:00,19.239999771118164,19.93000030517578,19.020000457763672,19.84000015258789,107100,0.0,0.0
2022-11-09 00:00:00-05:00,16.93000030517578,18.950000762939453,16.93000030517578,17.719999313354492,99700,0.0,0.0
2022-11-10 00:00:00-05:00,18.479999542236328,18.479999542236328,17.170000076293945,17.290000915527344,56500,0.0,0.0
2022-11-11 00:00:00-05:00,17.290000915527344,17.540000915527344,16.18000030517578,16.329999923706055,65700,0.0,0.0
2022-11-14 00:00:00-05:00,16.1200008392334,16.1200008392334,15.029999732971191,15.15999984741211,116900,0.0,0.0
2022-11-15 00:00:00-05:00,15.5,15.5,14.369999885559082,14.619999885559082,71500,0.0,0.0
2022-11-16 00:00:00-05:00,14.520000457763672,14.520000457763672,13.649999618530273,13.729999542236328,69800,0.0,0.0
2022-11-17 00:00:00-05:00,13.699999809265137,13.699999809265137,13.210000038146973,13.40999984741211,85700,0.0,0.0
2022-11-18 00:00:00-05:00,13.710000038146973,13.770000457763672,13.100000381469727,13.279999732971191,60300,0.0,0.0
2022-11-21 00:00:00-05:00,13.359999656677246,13.65999984741211,12.850000381469727,13.0600004196167,143100,0.0,0.0
2022-11-22 00:00:00-05:00,13.260000228881836,13.720000267028809,13.0600004196167,13.720000267028809,129800,0.0,0.0
2022-11-23 00:00:00-05:00,13.739999771118164,14.069999694824219,13.279999732971191,13.3100004196167,28900,0.0,0.0
2022-11-25 00:00:00-05:00,13.130000114440918,13.460000038146973,12.609999656677246,12.649999618530273,40800,0.0,0.0
2022-11-28 00:00:00-05:00,12.699999809265137,12.699999809265137,11.880000114440918,11.949999809265137,68600,0.0,0.0
2022-11-29 00:00:00-05:00,12.039999961853027,12.039999961853027,11.34000015258789,11.4399995803833,84600,0.0,0.0
2022-11-30 00:00:00-05:00,11.359999656677246,11.760000228881836,11.029999732971191,11.270000457763672,129700,0.0,0.0
2022-12-01 00:00:00-05:00,11.420000076293945,11.5,11.069999694824219,11.229999542236328,59200,0.0,0.0
2022-12-02 00:00:00-05:00,11.229999542236328,11.359999656677246,11.119999885559082,11.220000267028809,60700,0.0,0.0
2022-12-05 00:00:00-05:00,11.260000228881836,11.539999961853027,10.989999771118164,11.029999732971191,90600,0.0,0.0
2022-12-06 00:00:00-05:00,10.9399995803833,11.760000228881836,10.899999618530273,11.460000038146973,139600,0.0,0.0
2022-12-07 00:00:00-05:00,11.34000015258789,11.880000114440918,10.65999984741211,10.979999542236328,119200,0.0,0.0
2022-12-08 00:00:00-05:00,10.989999771118164,11.109999656677246,10.920000076293945,11.0,91900,0.0,0.0
2022-12-09 00:00:00-05:00,10.880000114440918,10.989999771118164,9.90999984741211,9.9399995803833,84700,0.0,0.0
2022-12-12 00:00:00-05:00,9.989999771118164,10.520000457763672,9.800000190734863,10.229999542236328,169200,0.0,0.0
2022-12-13 00:00:00-05:00,10.649999618530273,11.90999984741211,10.239999771118164,11.739999771118164,208600,0.0,0.0
2022-12-14 00:00:00-05:00,11.710000038146973,12.539999961853027,10.539999961853027,11.640000343322754,205800,0.0,0.0
2022-12-15 00:00:00-05:00,11.569999694824219,12.130000114440918,10.760000228881836,11.680000305175781,137300,0.0,0.0
2022-12-16 00:00:00-05:00,11.489999771118164,12.369999885559082,11.029999732971191,11.779999732971191,1100200,0.0,0.0
2022-12-19 00:00:00-05:00,11.569999694824219,11.75,10.550000190734863,10.829999923706055,158200,0.0,0.0
2022-12-20 00:00:00-05:00,10.739999771118164,10.90999984741211,10.510000228881836,10.579999923706055,84600,0.0,0.0
2022-12-21 00:00:00-05:00,10.600000381469727,11.020000457763672,10.390000343322754,10.869999885559082,98400,0.0,0.0
2022-12-22 00:00:00-05:00,10.699999809265137,11.109999656677246,10.619999885559082,11.050000190734863,115200,0.0,0.0
2022-12-23 00:00:00-05:00,11.029999732971191,11.350000381469727,10.869999885559082,11.319999694824219,40900,0.0,0.0
2022-12-27 00:00:00-05:00,11.25,11.279999732971191,11.0,11.170000076293945,102200,0.0,0.0
2022-12-28 00:00:00-05:00,11.0,11.5,11.0,11.319999694824219,83100,0.0,0.0
2022-12-29 00:00:00-05:00,11.550000190734863,12.100000381469727,11.369999885559082,11.84000015258789,59300,0.0,0.0
2022-12-30 00:00:00-05:00,11.800000190734863,12.069999694824219,11.779999732971191,11.859999656677246,79600,0.0,0.0
2023-01-03 00:00:00-05:00,12.020000457763672,12.140000343322754,11.600000381469727,11.699999809265137,84800,0.0,0.0
2023-01-04 00:00:00-05:00,11.779999732971191,12.050000190734863,11.680000305175781,11.819999694824219,87800,0.0,0.0
2023-01-05 00:00:00-05:00,11.760000228881836,11.8100004196167,11.460000038146973,11.720000267028809,99600,0.0,0.0
2023-01-06 00:00:00-05:00,11.850000381469727,12.770000457763672,11.819999694824219,12.619999885559082,65900,0.0,0.0
2023-01-09 00:00:00-05:00,12.760000228881836,13.039999961853027,12.680000305175781,12.720000267028809,66200,0.0,0.0
2023-01-10 00:00:00-05:00,12.739999771118164,13.199999809265137,12.739999771118164,13.119999885559082,61100,0.0,0.0
2023-01-11 00:00:00-05:00,13.130000114440918,13.65999984741211,13.119999885559082,13.550000190734863,45600,0.0,0.0
2023-01-12 00:00:00-05:00,13.720000267028809,14.069999694824219,13.390000343322754,13.819999694824219,115800,0.0,0.0
2023-01-13 00:00:00-05:00,13.59000015258789,14.020000457763672,13.520000457763672,13.8100004196167,84800,0.0,0.0
2023-01-17 00:00:00-05:00,13.699999809265137,13.869999885559082,13.479999542236328,13.520000457763672,42300,0.0,0.0
2023-01-18 00:00:00-05:00,13.649999618530273,13.710000038146973,13.020000457763672,13.140000343322754,63900,0.0,0.0
2023-01-19 00:00:00-05:00,13.119999885559082,13.300000190734863,12.850000381469727,13.289999961853027,78700,0.0,0.0
2023-01-20 00:00:00-05:00,13.4399995803833,13.460000038146973,12.949999809265137,13.380000114440918,75000,0.0,0.0
2023-01-23 00:00:00-05:00,13.520000457763672,13.640000343322754,13.289999961853027,13.470000267028809,45600,0.0,0.0
2023-01-24 00:00:00-05:00,13.470000267028809,13.739999771118164,13.449999809265137,13.5600004196167,29700,0.0,0.0
2023-01-25 00:00:00-05:00,13.100000381469727,13.489999771118164,12.9399995803833,13.449999809265137,44900,0.0,0.0
2023-01-26 00:00:00-05:00,13.4399995803833,13.770000457763672,13.270000457763672,13.520000457763672,39400,0.0,0.0
2023-01-27 00:00:00-05:00,13.640000343322754,13.880000114440918,13.420000076293945,13.770000457763672,38300,0.0,0.0
2023-01-30 00:00:00-05:00,13.699999809265137,14.109999656677246,13.079999923706055,13.979999542236328,57100,0.0,0.0
2023-01-31 00:00:00-05:00,14.0,14.649999618530273,14.0,14.5600004196167,63200,0.0,0.0
2023-02-01 00:00:00-05:00,14.6899995803833,15.300000190734863,14.619999885559082,15.029999732971191,51000,0.0,0.0
2023-02-02 00:00:00-05:00,15.069999694824219,15.649999618530273,15.069999694824219,15.34000015258789,50700,0.0,0.0
2023-02-03 00:00:00-05:00,15.260000228881836,15.819999694824219,15.260000228881836,15.760000228881836,77400,0.0,0.0
2023-02-06 00:00:00-05:00,15.59000015258789,15.699999809265137,14.819999694824219,15.420000076293945,62000,0.0,0.0
2023-02-07 00:00:00-05:00,15.3100004196167,15.760000228881836,15.1899995803833,15.729999542236328,61300,0.0,0.0
2023-02-08 00:00:00-05:00,15.619999885559082,15.869999885559082,14.930000305175781,14.970000267028809,100300,0.0,0.0
2023-02-09 00:00:00-05:00,14.460000038146973,14.920000076293945,13.460000038146973,13.720000267028809,106000,0.0,0.0
2023-02-10 00:00:00-05:00,13.800000190734863,14.180000305175781,13.199999809265137,13.449999809265137,55200,0.0,0.0
2023-02-13 00:00:00-05:00,13.3100004196167,13.529999732971191,13.109999656677246,13.399999618530273,56300,0.0,0.0
2023-02-14 00:00:00-05:00,13.210000038146973,13.6899995803833,13.199999809265137,13.40999984741211,44900,0.0,0.0
2023-02-15 00:00:00-05:00,13.229999542236328,13.619999885559082,13.229999542236328,13.470000267028809,35500,0.0,0.0
2023-02-16 00:00:00-05:00,13.25,13.569999694824219,13.25,13.449999809265137,59300,0.0,0.0
2023-02-17 00:00:00-05:00,13.5,13.5,13.279999732971191,13.390000343322754,65300,0.0,0.0
2023-02-21 00:00:00-05:00,13.289999961853027,13.289999961853027,12.8100004196167,12.930000305175781,53800,0.0,0.0
2023-02-22 00:00:00-05:00,13.170000076293945,13.170000076293945,12.630000114440918,12.779999732971191,100000,0.0,0.0
2023-02-23 00:00:00-05:00,12.869999885559082,13.260000228881836,12.869999885559082,13.260000228881836,132600,0.0,0.0
2023-02-24 00:00:00-05:00,12.819999694824219,13.119999885559082,12.819999694824219,13.039999961853027,103400,0.0,0.0
2023-02-27 00:00:00-05:00,13.270000457763672,13.399999618530273,13.069999694824219,13.109999656677246,41300,0.0,0.0
2023-02-28 00:00:00-05:00,13.119999885559082,13.369999885559082,13.0600004196167,13.09000015258789,55600,0.0,0.0
2023-03-01 00:00:00-05:00,13.069999694824219,13.390000343322754,13.029999732971191,13.3100004196167,54400,0.0,0.0
2023-03-02 00:00:00-05:00,13.09000015258789,13.270000457763672,12.920000076293945,13.079999923706055,107100,0.0,0.0
2023-03-03 00:00:00-05:00,13.0,13.210000038146973,12.970000267028809,13.100000381469727,91000,0.0,0.0
2023-03-06 00:00:00-05:00,12.390000343322754,12.5,11.430000305175781,11.510000228881836,554700,0.0,0.0
2023-03-07 00:00:00-05:00,11.569999694824219,11.569999694824219,10.979999542236328,11.140000343322754,274000,0.0,0.0
2023-03-08 00:00:00-05:00,11.109999656677246,11.210000038146973,10.699999809265137,10.859999656677246,227600,0.0,0.0
2023-03-09 00:00:00-05:00,10.859999656677246,10.989999771118164,10.460000038146973,10.539999961853027,185400,0.0,0.0
2023-03-10 00:00:00-05:00,10.5,10.5,9.739999771118164,10.100000381469727,332700,0.0,0.0
2023-03-13 00:00:00-04:00,9.800000190734863,9.800000190734863,8.4399995803833,8.760000228881836,349100,0.0,0.0
2023-03-14 00:00:00-04:00,9.220000267028809,9.220000267028809,8.5,8.609999656677246,309400,0.0,0.0
2023-03-15 00:00:00-04:00,8.390000343322754,8.8100004196167,8.119999885559082,8.789999961853027,428200,0.0,0.0
2023-03-16 00:00:00-04:00,8.760000228881836,9.460000038146973,8.520000457763672,9.140000343322754,326600,0.0,0.0
2023-03-17 00:00:00-04:00,8.8100004196167,9.130000114440918,8.319999694824219,8.399999618530273,6109300,0.0,0.0
2023-03-20 00:00:00-04:00,8.430000305175781,8.5,7.409999847412109,7.610000133514404,622200,0.0,0.0
2023-03-21 00:00:00-04:00,7.78000020980835,8.020000457763672,7.570000171661377,7.679999828338623,404800,0.0,0.0
2023-03-22 00:00:00-04:00,7.760000228881836,7.760000228881836,6.690000057220459,6.699999809265137,362800,0.0,0.0
2023-03-23 00:00:00-04:00,6.639999866485596,6.809999942779541,6.380000114440918,6.769999980926514,509800,0.0,0.0
2023-03-24 00:00:00-04:00,6.679999828338623,7.119999885559082,6.679999828338623,6.949999809265137,379400,0.0,0.0
2023-03-27 00:00:00-04:00,6.96999979019165,7.050000190734863,6.800000190734863,6.900000095367432,201300,0.0,0.0
2023-03-28 00:00:00-04:00,6.829999923706055,7.139999866485596,6.829999923706055,7.099999904632568,247900,0.0,0.0
2023-03-29 00:00:00-04:00,7.239999771118164,7.420000076293945,7.119999885559082,7.269999980926514,157800,0.0,0.0
2023-03-30 00:00:00-04:00,7.380000114440918,7.599999904632568,7.300000190734863,7.429999828338623,176000,0.0,0.0
2023-03-31 00:00:00-04:00,7.440000057220459,7.550000190734863,7.099999904632568,7.440000057220459,204900,0.0,0.0
2023-04-03 00:00:00-04:00,7.349999904632568,7.550000190734863,7.059999942779541,7.079999923706055,178800,0.0,0.0
2023-04-04 00:00:00-04:00,7.090000152587891,7.420000076293945,6.289999961853027,6.340000152587891,218600,0.0,0.0
2023-04-05 00:00:00-04:00,6.25,6.28000020980835,5.880000114440918,5.949999809265137,235100,0.0,0.0
2023-04-06 00:00:00-04:00,5.940000057220459,5.949999809265137,5.429999828338623,5.559999942779541,263500,0.0,0.0
2023-04-10 00:00:00-04:00,5.610000133514404,5.699999809265137,5.340000152587891,5.420000076293945,406100,0.0,0.0
2023-04-11 00:00:00-04:00,5.440000057220459,5.710000038146973,5.28000020980835,5.650000095367432,517600,0.0,0.0
2023-04-12 00:00:00-04:00,5.710000038146973,5.789999961853027,5.550000190734863,5.639999866485596,275800,0.0,0.0
2023-04-13 00:00:00-04:00,5.679999828338623,5.699999809265137,5.110000133514404,5.340000152587891,438400,0.0,0.0
2023-04-14 00:00:00-04:00,5.349999904632568,5.610000133514404,5.010000228881836,5.050000190734863,369500,0.0,0.0
2023-04-17 00:00:00-04:00,5.059999942779541,5.25,4.929999828338623,5.170000076293945,429200,0.0,0.0
2023-04-18 00:00:00-04:00,5.170000076293945,5.239999771118164,4.840000152587891,4.860000133514404,384900,0.0,0.0
2023-04-19 00:00:00-04:00,4.860000133514404,4.860000133514404,4.5,4.650000095367432,366700,0.0,0.0
2023-04-20 00:00:00-04:00,4.610000133514404,4.800000190734863,4.449999809265137,4.510000228881836,266000,0.0,0.0
2023-04-21 00:00:00-04:00,4.579999923706055,4.690000057220459,4.480000019073486,4.550000190734863,292200,0.0,0.0
2023-04-24 00:00:00-04:00,4.519999980926514,4.670000076293945,4.449999809265137,4.639999866485596,366100,0.0,0.0
2023-04-25 00:00:00-04:00,4.610000133514404,4.610000133514404,4.349999904632568,4.400000095367432,405400,0.0,0.0
2023-04-26 00:00:00-04:00,4.360000133514404,4.599999904632568,4.329999923706055,4.579999923706055,366900,0.0,0.0
2023-04-27 00:00:00-04:00,4.639999866485596,4.710000038146973,4.5,4.590000152587891,218800,0.0,0.0
2023-04-28 00:00:00-04:00,4.590000152587891,4.960000038146973,4.579999923706055,4.869999885559082,219400,0.0,0.0
2023-05-01 00:00:00-04:00,4.889999866485596,4.949999809265137,4.659999847412109,4.699999809265137,284700,0.0,0.0
2023-05-02 00:00:00-04:00,4.670000076293945,4.75,4.369999885559082,4.559999942779541,249500,0.0,0.0
2023-05-03 00:00:00-04:00,4.639999866485596,4.639999866485596,4.260000228881836,4.5,1363700,0.0,0.0
2023-05-04 00:00:00-04:00,4.46999979019165,4.800000190734863,4.46999979019165,4.650000095367432,238900,0.0,0.0
2023-05-05 00:00:00-04:00,4.75,4.989999771118164,4.679999828338623,4.690000057220459,261400,0.0,0.0
2023-05-08 00:00:00-04:00,4.75,4.800000190734863,4.480000019073486,4.710000038146973,252400,0.0,0.0
2023-05-09 00:00:00-04:00,4.659999847412109,4.809999942779541,4.559999942779541,4.769999980926514,155900,0.0,0.0
2023-05-10 00:00:00-04:00,4.869999885559082,5.170000076293945,4.760000228881836,5.159999847412109,213900,0.0,0.0
2023-05-11 00:00:00-04:00,5.130000114440918,5.590000152587891,4.860000133514404,5.539999961853027,304900,0.0,0.0
2023-05-12 00:00:00-04:00,5.550000190734863,5.650000095367432,5.46999979019165,5.519999980926514,184500,0.0,0.0
2023-05-15 00:00:00-04:00,5.53000020980835,5.599999904632568,5.480000019073486,5.539999961853027,155800,0.0,0.0
2023-05-16 00:00:00-04:00,5.510000228881836,5.659999847412109,5.460000038146973,5.5,195600,0.0,0.0
2023-05-17 00:00:00-04:00,5.579999923706055,6.329999923706055,5.519999980926514,6.320000171661377,287700,0.0,0.0
2023-05-18 00:00:00-04:00,6.300000190734863,6.590000152587891,6.010000228881836,6.550000190734863,226900,0.0,0.0
2023-05-19 00:00:00-04:00,6.619999885559082,6.619999885559082,6.039999961853027,6.159999847412109,249600,0.0,0.0
2023-05-22 00:00:00-04:00,6.150000095367432,6.460000038146973,6.0,6.380000114440918,193300,0.0,0.0
2023-05-23 00:00:00-04:00,6.380000114440918,6.679999828338623,6.369999885559082,6.579999923706055,192700,0.0,0.0
2023-05-24 00:00:00-04:00,6.440000057220459,6.460000038146973,6.210000038146973,6.21999979019165,207800,0.0,0.0
2023-05-25 00:00:00-04:00,6.179999828338623,6.300000190734863,5.880000114440918,6.110000133514404,134400,0.0,0.0
2023-05-26 00:00:00-04:00,6.110000133514404,6.400000095367432,6.110000133514404,6.369999885559082,116200,0.0,0.0
2023-05-30 00:00:00-04:00,6.409999847412109,6.5,5.900000095367432,5.960000038146973,120200,0.0,0.0
2023-05-31 00:00:00-04:00,5.940000057220459,5.940000057220459,5.460000038146973,5.510000228881836,132000,0.0,0.0
2023-06-01 00:00:00-04:00,5.489999771118164,5.489999771118164,5.059999942779541,5.130000114440918,120800,0.0,0.0
2023-06-02 00:00:00-04:00,5.260000228881836,5.710000038146973,5.090000152587891,5.610000133514404,170900,0.0,0.0
2023-06-05 00:00:00-04:00,5.570000171661377,5.599999904632568,5.210000038146973,5.239999771118164,116200,0.0,0.0
2023-06-06 00:00:00-04:00,5.289999961853027,5.940000057220459,5.159999847412109,5.769999980926514,218600,0.0,0.0
2023-06-07 00:00:00-04:00,5.849999904632568,6.099999904632568,5.78000020980835,6.019999980926514,239200,0.0,0.0
2023-06-08 00:00:00-04:00,6.019999980926514,6.019999980926514,5.269999980926514,5.320000171661377,274800,0.0,0.0
2023-06-09 00:00:00-04:00,5.340000152587891,5.360000133514404,4.78000020980835,4.800000190734863,270100,0.0,0.0
2023-06-12 00:00:00-04:00,4.920000076293945,5.480000019073486,4.78000020980835,5.269999980926514,470600,0.0,0.0
2023-06-13 00:00:00-04:00,6.059999942779541,6.769999980926514,5.599999904632568,6.159999847412109,1111900,0.0,0.0
2023-06-14 00:00:00-04:00,6.150000095367432,6.510000228881836,6.090000152587891,6.090000152587891,387400,0.0,0.0
2023-06-15 00:00:00-04:00,6.079999923706055,6.820000171661377,5.949999809265137,6.699999809265137,651400,0.0,0.0
2023-06-16 00:00:00-04:00,6.880000114440918,6.940000057220459,6.340000152587891,6.679999828338623,492100,0.0,0.0
2023-06-20 00:00:00-04:00,6.480000019073486,6.710000038146973,6.25,6.420000076293945,339900,0.0,0.0
2023-06-21 00:00:00-04:00,6.420000076293945,6.519999980926514,6.269999980926514,6.429999828338623,412000,0.0,0.0
2023-06-22 00:00:00-04:00,6.420000076293945,6.769999980926514,6.269999980926514,6.679999828338623,455200,0.0,0.0
2023-06-23 00:00:00-04:00,6.5,7.320000171661377,6.309999942779541,6.989999771118164,3046100,0.0,0.0
2023-06-26 00:00:00-04:00,7.0,7.21999979019165,6.809999942779541,6.960000038146973,386100,0.0,0.0
2023-06-27 00:00:00-04:00,7.039999961853027,7.210000038146973,6.909999847412109,7.039999961853027,331200,0.0,0.0
2023-06-28 00:00:00-04:00,7.46999979019165,8.670000076293945,7.46999979019165,8.210000038146973,720900,0.0,0.0
2023-06-29 00:00:00-04:00,8.199999809265137,8.5,7.860000133514404,8.010000228881836,250400,0.0,0.0
2023-06-30 00:00:00-04:00,8.069999694824219,8.100000381469727,7.71999979019165,7.739999771118164,200600,0.0,0.0
2023-07-03 00:00:00-04:00,7.949999809265137,8.3100004196167,7.909999847412109,8.210000038146973,75400,0.0,0.0
2023-07-05 00:00:00-04:00,8.300000190734863,8.300000190734863,7.659999847412109,7.710000038146973,218800,0.0,0.0
2023-07-06 00:00:00-04:00,7.570000171661377,7.610000133514404,7.300000190734863,7.389999866485596,148900,0.0,0.0
2023-07-07 00:00:00-04:00,7.449999809265137,7.989999771118164,7.389999866485596,7.900000095367432,147900,0.0,0.0
2023-07-10 00:00:00-04:00,7.929999828338623,8.40999984741211,7.869999885559082,8.0600004196167,131400,0.0,0.0
2023-07-11 00:00:00-04:00,8.079999923706055,8.100000381469727,7.699999809265137,7.900000095367432,136900,0.0,0.0
2023-07-12 00:00:00-04:00,8.119999885559082,8.140000343322754,7.829999923706055,7.869999885559082,89000,0.0,0.0
2023-07-13 00:00:00-04:00,7.880000114440918,8.329999923706055,7.840000152587891,8.270000457763672,145200,0.0,0.0
2023-07-14 00:00:00-04:00,8.210000038146973,8.210000038146973,7.909999847412109,7.96999979019165,160300,0.0,0.0
2023-07-17 00:00:00-04:00,7.96999979019165,8.739999771118164,7.869999885559082,8.680000305175781,375900,0.0,0.0
2023-07-18 00:00:00-04:00,8.670000076293945,9.609999656677246,8.649999618530273,9.149999618530273,801500,0.0,0.0
2023-07-19 00:00:00-04:00,9.539999961853027,10.239999771118164,9.260000228881836,9.859999656677246,414700,0.0,0.0
2023-07-20 00:00:00-04:00,9.859999656677246,9.859999656677246,9.270000457763672,9.489999771118164,262800,0.0,0.0
2023-07-21 00:00:00-04:00,9.6899995803833,9.6899995803833,8.970000267028809,9.199999809265137,206100,0.0,0.0
2023-07-24 00:00:00-04:00,9.270000457763672,9.850000381469727,9.119999885559082,9.6899995803833,179100,0.0,0.0
2023-07-25 00:00:00-04:00,9.6899995803833,9.829999923706055,8.710000038146973,8.739999771118164,170400,0.0,0.0
2023-07-26 00:00:00-04:00,8.779999732971191,9.59000015258789,8.779999732971191,9.510000228881836,126200,0.0,0.0
2023-07-27 00:00:00-04:00,9.619999885559082,9.619999885559082,8.850000381469727,8.890000343322754,155800,0.0,0.0
2023-07-28 00:00:00-04:00,8.9399995803833,9.130000114440918,8.75,9.050000190734863,132800,0.0,0.0
2023-07-31 00:00:00-04:00,9.079999923706055,9.180000305175781,8.760000228881836,8.970000267028809,171300,0.0,0.0
2023-08-01 00:00:00-04:00,8.970000267028809,9.369999885559082,8.729999542236328,9.319999694824219,105600,0.0,0.0
2023-08-02 00:00:00-04:00,9.130000114440918,9.199999809265137,8.789999961853027,9.15999984741211,139600,0.0,0.0
2023-08-03 00:00:00-04:00,9.039999961853027,9.34000015258789,8.970000267028809,9.15999984741211,91500,0.0,0.0
2023-08-04 00:00:00-04:00,9.210000038146973,9.460000038146973,9.210000038146973,9.350000381469727,91600,0.0,0.0
2023-08-07 00:00:00-04:00,9.399999618530273,9.460000038146973,9.149999618530273,9.15999984741211,141100,0.0,0.0
2023-08-08 00:00:00-04:00,8.970000267028809,9.170000076293945,8.680000305175781,9.140000343322754,140100,0.0,0.0
2023-08-09 00:00:00-04:00,7.610000133514404,8.5,7.039999961853027,7.869999885559082,504900,0.0,0.0
2023-08-10 00:00:00-04:00,7.75,8.65999984741211,7.75,8.390000343322754,204200,0.0,0.0
2023-08-11 00:00:00-04:00,8.34000015258789,8.899999618530273,8.260000228881836,8.789999961853027,167200,0.0,0.0
2023-08-14 00:00:00-04:00,8.569999694824219,8.880000114440918,8.319999694824219,8.569999694824219,152800,0.0,0.0
2023-08-15 00:00:00-04:00,8.380000114440918,8.5600004196167,7.590000152587891,7.699999809265137,223000,0.0,0.0
2023-08-16 00:00:00-04:00,7.639999866485596,7.949999809265137,7.639999866485596,7.809999942779541,105400,0.0,0.0
2023-08-17 00:00:00-04:00,7.849999904632568,8.390000343322754,7.849999904632568,8.130000114440918,135100,0.0,0.0
2023-08-18 00:00:00-04:00,8.010000228881836,8.289999961853027,8.0,8.199999809265137,77200,0.0,0.0
2023-08-21 00:00:00-04:00,8.199999809265137,8.359999656677246,8.029999732971191,8.25,135400,0.0,0.0
2023-08-22 00:00:00-04:00,8.239999771118164,8.5,7.909999847412109,8.449999809265137,93900,0.0,0.0
2023-08-23 00:00:00-04:00,8.479999542236328,8.899999618530273,8.4399995803833,8.779999732971191,94600,0.0,0.0
2023-08-24 00:00:00-04:00,8.65999984741211,8.65999984741211,7.889999866485596,8.149999618530273,102600,0.0,0.0
2023-08-25 00:00:00-04:00,8.220000267028809,8.350000381469727,7.980000019073486,7.980000019073486,67000,0.0,0.0
2023-08-28 00:00:00-04:00,8.020000457763672,8.199999809265137,8.010000228881836,8.170000076293945,57200,0.0,0.0
2023-08-29 00:00:00-04:00,7.869999885559082,8.140000343322754,7.550000190734863,7.900000095367432,408200,0.0,0.0
2023-08-30 00:00:00-04:00,7.760000228881836,8.0,7.699999809265137,7.909999847412109,135900,0.0,0.0
2023-08-31 00:00:00-04:00,7.920000076293945,8.09000015258789,7.889999866485596,7.889999866485596,120000,0.0,0.0
2023-09-01 00:00:00-04:00,7.949999809265137,8.390000343322754,7.949999809265137,8.130000114440918,85200,0.0,0.0
2023-09-05 00:00:00-04:00,8.229999542236328,8.229999542236328,7.760000228881836,8.039999961853027,93100,0.0,0.0
2023-09-06 00:00:00-04:00,7.980000019073486,8.220000267028809,7.980000019073486,8.039999961853027,81500,0.0,0.0
2023-09-07 00:00:00-04:00,7.949999809265137,7.96999979019165,7.550000190734863,7.619999885559082,131200,0.0,0.0
2023-09-08 00:00:00-04:00,7.650000095367432,7.840000152587891,7.619999885559082,7.730000019073486,87400,0.0,0.0
2023-09-11 00:00:00-04:00,7.730000019073486,7.739999771118164,7.239999771118164,7.539999961853027,170100,0.0,0.0
2023-09-12 00:00:00-04:00,7.539999961853027,7.730000019073486,7.519999980926514,7.610000133514404,117300,0.0,0.0
2023-09-13 00:00:00-04:00,7.610000133514404,7.730000019073486,7.480000019073486,7.480000019073486,116700,0.0,0.0
2023-09-14 00:00:00-04:00,7.599999904632568,7.699999809265137,7.570000171661377,7.699999809265137,58700,0.0,0.0
2023-09-15 00:00:00-04:00,7.619999885559082,7.75,7.349999904632568,7.449999809265137,181200,0.0,0.0
2023-09-18 00:00:00-04:00,7.420000076293945,7.599999904632568,7.369999885559082,7.510000228881836,52400,0.0,0.0
2023-09-19 00:00:00-04:00,7.429999828338623,7.639999866485596,7.300000190734863,7.590000152587891,58100,0.0,0.0
2023-09-20 00:00:00-04:00,7.590000152587891,7.710000038146973,7.269999980926514,7.269999980926514,55400,0.0,0.0
2023-09-21 00:00:00-04:00,7.210000038146973,7.550000190734863,7.130000114440918,7.409999847412109,78600,0.0,0.0
2023-09-22 00:00:00-04:00,7.429999828338623,7.570000171661377,7.329999923706055,7.480000019073486,103600,0.0,0.0
2023-09-25 00:00:00-04:00,7.389999866485596,7.619999885559082,7.309999942779541,7.550000190734863,56200,0.0,0.0
2023-09-26 00:00:00-04:00,7.699999809265137,7.980000019073486,7.670000076293945,7.849999904632568,159400,0.0,0.0
2023-09-27 00:00:00-04:00,7.949999809265137,8.149999618530273,7.28000020980835,8.020000457763672,72300,0.0,0.0
2023-09-28 00:00:00-04:00,8.0600004196167,8.430000305175781,8.0600004196167,8.100000381469727,88700,0.0,0.0
2023-09-29 00:00:00-04:00,8.300000190734863,8.359999656677246,8.029999732971191,8.09000015258789,49200,0.0,0.0
2023-10-02 00:00:00-04:00,7.989999771118164,8.130000114440918,7.900000095367432,8.0,70200,0.0,0.0
2023-10-03 00:00:00-04:00,7.869999885559082,7.869999885559082,7.71999979019165,7.800000190734863,80900,0.0,0.0
2023-10-04 00:00:00-04:00,7.75,7.75,7.539999961853027,7.579999923706055,103500,0.0,0.0
2023-10-05 00:00:00-04:00,7.5,7.789999961853027,7.5,7.590000152587891,125800,0.0,0.0
2023-10-06 00:00:00-04:00,7.559999942779541,7.869999885559082,7.460000038146973,7.769999980926514,54100,0.0,0.0
2023-10-09 00:00:00-04:00,7.699999809265137,7.809999942779541,7.550000190734863,7.610000133514404,56200,0.0,0.0
2023-10-10 00:00:00-04:00,7.699999809265137,7.980000019073486,7.699999809265137,7.949999809265137,82700,0.0,0.0
2023-10-11 00:00:00-04:00,7.96999979019165,8.15999984741211,7.96999979019165,8.140000343322754,40800,0.0,0.0
2023-10-12 00:00:00-04:00,8.100000381469727,8.100000381469727,7.710000038146973,7.78000020980835,92300,0.0,0.0
2023-10-13 00:00:00-04:00,7.730000019073486,7.739999771118164,7.510000228881836,7.550000190734863,69400,0.0,0.0
2023-10-16 00:00:00-04:00,7.579999923706055,7.949999809265137,7.579999923706055,7.699999809265137,51000,0.0,0.0
2023-10-17 00:00:00-04:00,7.650000095367432,7.900000095367432,7.650000095367432,7.710000038146973,91500,0.0,0.0
2023-10-18 00:00:00-04:00,7.5,7.550000190734863,7.199999809265137,7.239999771118164,59900,0.0,0.0
2023-10-19 00:00:00-04:00,7.300000190734863,7.300000190734863,6.610000133514404,6.619999885559082,142100,0.0,0.0
2023-10-20 00:00:00-04:00,6.550000190734863,6.820000171661377,6.550000190734863,6.78000020980835,93100,0.0,0.0
2023-10-23 00:00:00-04:00,6.690000057220459,6.849999904632568,6.650000095367432,6.71999979019165,82800,0.0,0.0
2023-10-24 00:00:00-04:00,6.670000076293945,6.980000019073486,6.670000076293945,6.71999979019165,90500,0.0,0.0
2023-10-25 00:00:00-04:00,6.679999828338623,6.760000228881836,6.550000190734863,6.599999904632568,130000,0.0,0.0
2023-10-26 00:00:00-04:00,6.590000152587891,7.019999980926514,6.590000152587891,6.989999771118164,94500,0.0,0.0
2023-10-27 00:00:00-04:00,7.0,7.139999866485596,6.880000114440918,7.03000020980835,96100,0.0,0.0
2023-10-30 00:00:00-04:00,7.159999847412109,7.28000020980835,6.920000076293945,7.230000019073486,98900,0.0,0.0
2023-10-31 00:00:00-04:00,7.199999809265137,7.380000114440918,7.110000133514404,7.21999979019165,67200,0.0,0.0
2023-11-01 00:00:00-04:00,7.099999904632568,7.179999828338623,6.820000171661377,7.170000076293945,116800,0.0,0.0
2023-11-02 00:00:00-04:00,7.289999961853027,7.570000171661377,7.210000038146973,7.539999961853027,64300,0.0,0.0
2023-11-03 00:00:00-04:00,7.539999961853027,7.869999885559082,7.539999961853027,7.670000076293945,72000,0.0,0.0
2023-11-06 00:00:00-05:00,7.679999828338623,7.840000152587891,7.579999923706055,7.800000190734863,51200,0.0,0.0
2023-11-07 00:00:00-05:00,7.739999771118164,8.100000381469727,7.650000095367432,8.079999923706055,63000,0.0,0.0
2023-11-08 00:00:00-05:00,8.25,8.25,8.020000457763672,8.15999984741211,129500,0.0,0.0
2023-11-09 00:00:00-05:00,8.220000267028809,8.609999656677246,7.869999885559082,8.050000190734863,146700,0.0,0.0
2023-11-10 00:00:00-05:00,8.199999809265137,8.520000457763672,8.020000457763672,8.489999771118164,57400,0.0,0.0
2023-11-13 00:00:00-05:00,8.470000267028809,8.579999923706055,8.3100004196167,8.380000114440918,100000,0.0,0.0
2023-11-14 00:00:00-05:00,8.600000381469727,8.979999542236328,8.319999694824219,8.739999771118164,99800,0.0,0.0
2023-11-15 00:00:00-05:00,8.819999694824219,9.0,8.649999618530273,8.880000114440918,92900,0.0,0.0
2023-11-16 00:00:00-05:00,8.649999618530273,9.170000076293945,8.649999618530273,9.119999885559082,65800,0.0,0.0
2023-11-17 00:00:00-05:00,9.300000190734863,9.819999694824219,9.300000190734863,9.800000190734863,81800,0.0,0.0
2023-11-20 00:00:00-05:00,10.0,10.380000114440918,9.8100004196167,9.970000267028809,155300,0.0,0.0
2023-11-21 00:00:00-05:00,10.039999961853027,10.039999961853027,9.4399995803833,9.640000343322754,116300,0.0,0.0
2023-11-22 00:00:00-05:00,9.699999809265137,10.149999618530273,9.260000228881836,9.880000114440918,105800,0.0,0.0
2023-11-24 00:00:00-05:00,10.0600004196167,10.119999885559082,9.760000228881836,9.949999809265137,52000,0.0,0.0
2023-11-27 00:00:00-05:00,9.720000267028809,10.039999961853027,9.720000267028809,9.899999618530273,73800,0.0,0.0
2023-11-28 00:00:00-05:00,9.970000267028809,9.970000267028809,9.4399995803833,9.619999885559082,83300,0.0,0.0
2023-11-29 00:00:00-05:00,9.75,9.949999809265137,9.739999771118164,9.789999961853027,58700,0.0,0.0
2023-11-30 00:00:00-05:00,9.569999694824219,9.829999923706055,9.4399995803833,9.640000343322754,78800,0.0,0.0
2023-12-01 00:00:00-05:00,9.390000343322754,9.9399995803833,9.390000343322754,9.850000381469727,65800,0.0,0.0
2023-12-04 00:00:00-05:00,9.699999809265137,9.979999542236328,9.550000190734863,9.819999694824219,90800,0.0,0.0
2023-12-05 00:00:00-05:00,9.819999694824219,10.020000457763672,9.569999694824219,9.850000381469727,75800,0.0,0.0
2023-12-06 00:00:00-05:00,9.920000076293945,10.100000381469727,9.649999618530273,9.84000015258789,103700,0.0,0.0
2023-12-07 00:00:00-05:00,9.84000015258789,10.09000015258789,9.819999694824219,9.890000343322754,33200,0.0,0.0
2023-12-08 00:00:00-05:00,9.380000114440918,9.8100004196167,9.3100004196167,9.350000381469727,46700,0.0,0.0
2023-12-11 00:00:00-05:00,9.229999542236328,9.40999984741211,8.970000267028809,9.300000190734863,84300,0.0,0.0
2023-12-12 00:00:00-05:00,9.3100004196167,9.3100004196167,8.729999542236328,8.859999656677246,48700,0.0,0.0
2023-12-13 00:00:00-05:00,9.039999961853027,9.119999885559082,8.609999656677246,9.09000015258789,74900,0.0,0.0
2023-12-14 00:00:00-05:00,9.270000457763672,9.350000381469727,8.699999809265137,8.949999809265137,116700,0.0,0.0
2023-12-15 00:00:00-05:00,9.0,9.029999732971191,8.149999618530273,8.289999961853027,142400,0.0,0.0
2023-12-18 00:00:00-05:00,8.300000190734863,8.319999694824219,7.809999942779541,8.100000381469727,111100,0.0,0.0
2023-12-19 00:00:00-05:00,8.260000228881836,8.550000190734863,8.260000228881836,8.470000267028809,59300,0.0,0.0
2023-12-20 00:00:00-05:00,8.329999923706055,8.59000015258789,8.119999885559082,8.220000267028809,78400,0.0,0.0
2023-12-21 00:00:00-05:00,8.289999961853027,8.550000190734863,8.279999732971191,8.5,97000,0.0,0.0
2023-12-22 00:00:00-05:00,8.5600004196167,8.789999961853027,8.5600004196167,8.680000305175781,56900,0.0,0.0
2023-12-26 00:00:00-05:00,8.630000114440918,9.59000015258789,8.539999961853027,9.489999771118164,123500,0.0,0.0
2023-12-27 00:00:00-05:00,9.569999694824219,9.6899995803833,9.270000457763672,9.680000305175781,75500,0.0,0.0
2023-12-28 00:00:00-05:00,9.59000015258789,9.699999809265137,9.319999694824219,9.420000076293945,53600,0.0,0.0
2023-12-29 00:00:00-05:00,9.430000305175781,9.569999694824219,9.239999771118164,9.34000015258789,87600,0.0,0.0
2024-01-02 00:00:00-05:00,9.329999923706055,9.569999694824219,8.949999809265137,9.119999885559082,108600,0.0,0.0
2024-01-03 00:00:00-05:00,8.819999694824219,9.069999694824219,8.670000076293945,9.0,100100,0.0,0.0
2024-01-04 00:00:00-05:00,8.899999618530273,9.520000457763672,8.899999618530273,9.40999984741211,73800,0.0,0.0
2024-01-05 00:00:00-05:00,9.5,9.9399995803833,9.489999771118164,9.84000015258789,94100,0.0,0.0
2024-01-08 00:00:00-05:00,9.84000015258789,9.890000343322754,9.430000305175781,9.430000305175781,99900,0.0,0.0
2024-01-09 00:00:00-05:00,9.260000228881836,9.260000228881836,9.050000190734863,9.09000015258789,84600,0.0,0.0
2024-01-10 00:00:00-05:00,9.069999694824219,9.260000228881836,8.979999542236328,9.180000305175781,47400,0.0,0.0
2024-01-11 00:00:00-05:00,9.050000190734863,9.140000343322754,8.960000038146973,9.09000015258789,50800,0.0,0.0
2024-01-12 00:00:00-05:00,9.149999618530273,9.350000381469727,8.979999542236328,9.279999732971191,72500,0.0,0.0
2024-01-16 00:00:00-05:00,9.119999885559082,9.260000228881836,8.800000190734863,9.09000015258789,60200,0.0,0.0
2024-01-17 00:00:00-05:00,8.920000076293945,9.140000343322754,8.920000076293945,9.109999656677246,31700,0.0,0.0
2024-01-18 00:00:00-05:00,9.09000015258789,9.380000114440918,9.050000190734863,9.15999984741211,58100,0.0,0.0
2024-01-19 00:00:00-05:00,9.100000381469727,9.380000114440918,9.050000190734863,9.289999961853027,36500,0.0,0.0
2024-01-22 00:00:00-05:00,9.34000015258789,9.899999618530273,9.279999732971191,9.880000114440918,83900,0.0,0.0
2024-01-23 00:00:00-05:00,9.789999961853027,10.010000228881836,9.779999732971191,9.890000343322754,63300,0.0,0.0
2024-01-24 00:00:00-05:00,10.029999732971191,10.039999961853027,9.819999694824219,9.819999694824219,90900,0.0,0.0
2024-01-25 00:00:00-05:00,9.890000343322754,10.199999809265137,9.84000015258789,10.180000305175781,105000,0.0,0.0
2024-01-26 00:00:00-05:00,10.199999809265137,10.25,9.710000038146973,9.75,40800,0.0,0.0
2024-01-29 00:00:00-05:00,9.6899995803833,10.0,9.449999809265137,9.899999618530273,31000,0.0,0.0
2024-01-30 00:00:00-05:00,9.819999694824219,10.050000190734863,9.789999961853027,9.800000190734863,23200,0.0,0.0
2024-01-31 00:00:00-05:00,9.65999984741211,9.6899995803833,9.119999885559082,9.130000114440918,47000,0.0,0.0
2024-02-01 00:00:00-05:00,9.119999885559082,9.5600004196167,8.989999771118164,9.34000015258789,66500,0.0,0.0
2024-02-02 00:00:00-05:00,9.229999542236328,9.5600004196167,9.020000457763672,9.449999809265137,47100,0.0,0.0
2024-02-05 00:00:00-05:00,9.3100004196167,9.640000343322754,9.1899995803833,9.5600004196167,61800,0.0,0.0
2024-02-06 00:00:00-05:00,9.65999984741211,9.859999656677246,9.229999542236328,9.399999618530273,40800,0.0,0.0
2024-02-07 00:00:00-05:00,9.359999656677246,9.390000343322754,8.899999618530273,9.149999618530273,74400,0.0,0.0
2024-02-08 00:00:00-05:00,9.180000305175781,9.899999618530273,9.180000305175781,9.579999923706055,46100,0.0,0.0
2024-02-09 00:00:00-05:00,8.699999809265137,8.8100004196167,8.300000190734863,8.600000381469727,145700,0.0,0.0
2024-02-12 00:00:00-05:00,8.640000343322754,10.399999618530273,8.640000343322754,9.9399995803833,161500,0.0,0.0
2024-02-13 00:00:00-05:00,9.979999542236328,10.100000381469727,9.510000228881836,9.569999694824219,97400,0.0,0.0
2024-02-14 00:00:00-05:00,9.890000343322754,9.890000343322754,9.420000076293945,9.4399995803833,43100,0.0,0.0
2024-02-15 00:00:00-05:00,9.430000305175781,9.739999771118164,9.420000076293945,9.699999809265137,46500,0.0,0.0
2024-02-16 00:00:00-05:00,9.680000305175781,9.869999885559082,9.449999809265137,9.829999923706055,86100,0.0,0.0
2024-02-20 00:00:00-05:00,9.680000305175781,9.819999694824219,9.470000267028809,9.5,108800,0.0,0.0
2024-02-21 00:00:00-05:00,9.4399995803833,9.510000228881836,8.9399995803833,9.0,57500,0.0,0.0
2024-02-22 00:00:00-05:00,8.9399995803833,9.170000076293945,8.479999542236328,8.979999542236328,112400,0.0,0.0
2024-02-23 00:00:00-05:00,9.09000015258789,9.229999542236328,8.829999923706055,9.220000267028809,93000,0.0,0.0
2024-02-26 00:00:00-05:00,9.079999923706055,9.420000076293945,8.819999694824219,9.350000381469727,141800,0.0,0.0
2024-02-27 00:00:00-05:00,9.369999885559082,9.579999923706055,9.210000038146973,9.220000267028809,37500,0.0,0.0
2024-02-28 00:00:00-05:00,9.109999656677246,9.239999771118164,8.979999542236328,9.020000457763672,51200,0.0,0.0
2024-02-29 00:00:00-05:00,9.069999694824219,9.34000015258789,8.880000114440918,8.989999771118164,70200,0.0,0.0
2024-03-01 00:00:00-05:00,8.850000381469727,9.15999984741211,8.850000381469727,8.989999771118164,42100,0.0,0.0
2024-03-04 00:00:00-05:00,9.039999961853027,9.180000305175781,8.819999694824219,8.84000015258789,51200,0.0,0.0
2024-03-05 00:00:00-05:00,8.789999961853027,9.0600004196167,8.789999961853027,9.0,29600,0.0,0.0
2024-03-06 00:00:00-05:00,9.020000457763672,9.079999923706055,8.800000190734863,8.989999771118164,38600,0.0,0.0
2024-03-07 00:00:00-05:00,9.020000457763672,9.039999961853027,8.649999618530273,8.800000190734863,42500,0.0,0.0
2024-03-08 00:00:00-05:00,8.930000305175781,8.930000305175781,8.4399995803833,8.529999732971191,34500,0.0,0.0
2024-03-11 00:00:00-04:00,8.489999771118164,8.529999732971191,8.140000343322754,8.260000228881836,32000,0.0,0.0
2024-03-12 00:00:00-04:00,8.149999618530273,8.430000305175781,8.09000015258789,8.380000114440918,27800,0.0,0.0
2024-03-13 00:00:00-04:00,8.220000267028809,8.4399995803833,8.069999694824219,8.220000267028809,27300,0.0,0.0
2024-03-14 00:00:00-04:00,8.119999885559082,8.119999885559082,7.829999923706055,7.96999979019165,35500,0.0,0.0
2024-03-15 00:00:00-04:00,7.960000038146973,8.229999542236328,7.710000038146973,7.769999980926514,65700,0.0,0.0
2024-03-18 00:00:00-04:00,7.71999979019165,7.920000076293945,7.46999979019165,7.46999979019165,58700,0.0,0.0
2024-03-19 00:00:00-04:00,7.380000114440918,7.619999885559082,7.28000020980835,7.460000038146973,48300,0.0,0.0
2024-03-20 00:00:00-04:00,7.53000020980835,7.909999847412109,7.5,7.789999961853027,42600,0.0,0.0
2024-03-21 00:00:00-04:00,7.639999866485596,8.119999885559082,7.639999866485596,8.020000457763672,49500,0.0,0.0
2024-03-22 00:00:00-04:00,8.029999732971191,8.170000076293945,7.739999771118164,7.840000152587891,59600,0.0,0.0
2024-03-25 00:00:00-04:00,7.730000019073486,8.079999923706055,7.730000019073486,8.010000228881836,57000,0.0,0.0
2024-03-26 00:00:00-04:00,7.909999847412109,8.40999984741211,7.880000114440918,8.039999961853027,45300,0.0,0.0
2024-03-27 00:00:00-04:00,8.1899995803833,8.229999542236328,7.849999904632568,8.039999961853027,33000,0.0,0.0
2024-03-28 00:00:00-04:00,8.09000015258789,8.180000305175781,8.010000228881836,8.039999961853027,12500,0.0,0.0
2024-04-01 00:00:00-04:00,7.980000019073486,8.180000305175781,7.619999885559082,8.130000114440918,94900,0.0,0.0
2024-04-02 00:00:00-04:00,8.109999656677246,8.109999656677246,7.559999942779541,7.630000114440918,35900,0.0,0.0
2024-04-03 00:00:00-04:00,7.699999809265137,8.010000228881836,7.699999809265137,7.940000057220459,33700,0.0,0.0
2024-04-04 00:00:00-04:00,7.940000057220459,8.09000015258789,7.309999942779541,7.510000228881836,84800,0.0,0.0
2024-04-05 00:00:00-04:00,7.630000114440918,7.769999980926514,6.96999979019165,7.039999961853027,46000,0.0,0.0
2024-04-08 00:00:00-04:00,7.420000076293945,7.460000038146973,6.909999847412109,6.989999771118164,52900,0.0,0.0
2024-04-09 00:00:00-04:00,7.0,7.099999904632568,6.730000019073486,6.880000114440918,46600,0.0,0.0
2024-04-10 00:00:00-04:00,6.980000019073486,6.980000019073486,6.380000114440918,6.550000190734863,58200,0.0,0.0
2024-04-11 00:00:00-04:00,6.46999979019165,6.829999923706055,6.340000152587891,6.46999979019165,66100,0.0,0.0
2024-04-12 00:00:00-04:00,6.409999847412109,6.429999828338623,5.920000076293945,6.239999771118164,83100,0.0,0.0
2024-04-15 00:00:00-04:00,6.329999923706055,6.420000076293945,5.590000152587891,5.590000152587891,155900,0.0,0.0
2024-04-16 00:00:00-04:00,5.619999885559082,5.860000133514404,5.409999847412109,5.420000076293945,135000,0.0,0.0
2024-04-17 00:00:00-04:00,5.380000114440918,5.480000019073486,5.099999904632568,5.110000133514404,62900,0.0,0.0
2024-04-18 00:00:00-04:00,5.079999923706055,5.570000171661377,5.079999923706055,5.539999961853027,76800,0.0,0.0
2024-04-19 00:00:00-04:00,5.429999828338623,5.650000095367432,5.400000095367432,5.510000228881836,59300,0.0,0.0
2024-04-22 00:00:00-04:00,5.510000228881836,5.960000038146973,5.460000038146973,5.5,144800,0.0,0.0
2024-04-23 00:00:00-04:00,5.5,5.760000228881836,5.5,5.690000057220459,34900,0.0,0.0
2024-04-24 00:00:00-04:00,5.730000019073486,5.849999904632568,5.480000019073486,5.550000190734863,57300,0.0,0.0
2024-04-25 00:00:00-04:00,5.5,5.550000190734863,5.389999866485596,5.550000190734863,60900,0.0,0.0
2024-04-26 00:00:00-04:00,5.53000020980835,5.800000190734863,5.53000020980835,5.730000019073486,89500,0.0,0.0
2024-04-29 00:00:00-04:00,5.820000171661377,5.980000019073486,5.679999828338623,5.920000076293945,152400,0.0,0.0
2024-04-30 00:00:00-04:00,5.920000076293945,6.019999980926514,5.630000114440918,5.679999828338623,91800,0.0,0.0
2024-05-01 00:00:00-04:00,5.710000038146973,5.869999885559082,5.639999866485596,5.650000095367432,46400,0.0,0.0
2024-05-02 00:00:00-04:00,5.760000228881836,5.849999904632568,5.489999771118164,5.610000133514404,49400,0.0,0.0
2024-05-03 00:00:00-04:00,5.760000228881836,5.860000133514404,5.480000019073486,5.639999866485596,58700,0.0,0.0
2024-05-06 00:00:00-04:00,5.730000019073486,5.730000019073486,5.320000171661377,5.380000114440918,83200,0.0,0.0
2024-05-07 00:00:00-04:00,5.579999923706055,5.579999923706055,5.139999866485596,5.269999980926514,131900,0.0,0.0
2024-05-08 00:00:00-04:00,5.199999809265137,5.46999979019165,5.139999866485596,5.28000020980835,216300,0.0,0.0
2024-05-09 00:00:00-04:00,5.300000190734863,5.570000171661377,5.170000076293945,5.210000038146973,81200,0.0,0.0
2024-05-10 00:00:00-04:00,5.25,5.269999980926514,4.96999979019165,5.070000171661377,111900,0.0,0.0
2024-05-13 00:00:00-04:00,5.099999904632568,5.409999847412109,4.909999847412109,5.010000228881836,150300,0.0,0.0
2024-05-14 00:00:00-04:00,5.070000171661377,5.170000076293945,4.800000190734863,4.989999771118164,194800,0.0,0.0
2024-05-15 00:00:00-04:00,5.03000020980835,5.119999885559082,4.829999923706055,5.050000190734863,129200,0.0,0.0
2024-05-16 00:00:00-04:00,5.03000020980835,5.150000095367432,4.920000076293945,5.0,81200,0.0,0.0
2024-05-17 00:00:00-04:00,4.949999809265137,5.090000152587891,4.949999809265137,4.949999809265137,140200,0.0,0.0
2024-05-20 00:00:00-04:00,4.989999771118164,5.03000020980835,4.809999942779541,4.949999809265137,106700,0.0,0.0
2024-05-21 00:00:00-04:00,4.909999847412109,5.019999980926514,4.860000133514404,4.860000133514404,127200,0.0,0.0
2024-05-22 00:00:00-04:00,4.849999904632568,5.03000020980835,4.730000019073486,5.019999980926514,235700,0.0,0.0
2024-05-23 00:00:00-04:00,5.050000190734863,5.110000133514404,4.909999847412109,5.110000133514404,99600,0.0,0.0
2024-05-24 00:00:00-04:00,5.179999828338623,5.389999866485596,5.010000228881836,5.380000114440918,143900,0.0,0.0
2024-05-28 00:00:00-04:00,5.349999904632568,5.420000076293945,5.210000038146973,5.329999923706055,76100,0.0,0.0
2024-05-29 00:00:00-04:00,5.260000228881836,5.420000076293945,5.21999979019165,5.329999923706055,70200,0.0,0.0
2024-05-30 00:00:00-04:00,5.300000190734863,5.449999809265137,5.150000095367432,5.289999961853027,83900,0.0,0.0
2024-05-31 00:00:00-04:00,5.349999904632568,5.429999828338623,5.070000171661377,5.090000152587891,26700,0.0,0.0
2024-06-03 00:00:00-04:00,5.079999923706055,5.559999942779541,4.929999828338623,5.5,171600,0.0,0.0
2024-06-04 00:00:00-04:00,5.579999923706055,5.579999923706055,5.349999904632568,5.349999904632568,45600,0.0,0.0
2024-06-05 00:00:00-04:00,5.329999923706055,5.460000038146973,5.300000190734863,5.400000095367432,30200,0.0,0.0
2024-06-06 00:00:00-04:00,5.409999847412109,5.460000038146973,5.070000171661377,5.150000095367432,183300,0.0,0.0
2024-06-07 00:00:00-04:00,5.019999980926514,5.320000171661377,4.980000019073486,5.090000152587891,96900,0.0,0.0
2024-06-10 00:00:00-04:00,5.019999980926514,5.21999979019165,5.019999980926514,5.199999809265137,117200,0.0,0.0
2024-06-11 00:00:00-04:00,5.269999980926514,5.5,4.360000133514404,4.75,488300,0.0,0.0
2024-06-12 00:00:00-04:00,4.599999904632568,5.090000152587891,4.599999904632568,5.019999980926514,360300,0.0,0.0
2024-06-13 00:00:00-04:00,4.940000057220459,6.329999923706055,4.71999979019165,5.929999828338623,505900,0.0,0.0
2024-06-14 00:00:00-04:00,5.849999904632568,6.039999961853027,5.53000020980835,5.579999923706055,135900,0.0,0.0
2024-06-17 00:00:00-04:00,5.449999809265137,6.199999809265137,5.190000057220459,6.090000152587891,194000,0.0,0.0
2024-06-18 00:00:00-04:00,6.059999942779541,6.920000076293945,6.03000020980835,6.590000152587891,189600,0.0,0.0
2024-06-20 00:00:00-04:00,6.53000020980835,6.590000152587891,5.829999923706055,6.309999942779541,211500,0.0,0.0
2024-06-21 00:00:00-04:00,6.110000133514404,6.849999904632568,6.110000133514404,6.690000057220459,183500,0.0,0.0
2024-06-24 00:00:00-04:00,6.550000190734863,6.659999847412109,6.190000057220459,6.210000038146973,81800,0.0,0.0
2024-06-25 00:00:00-04:00,6.139999866485596,6.289999961853027,5.980000019073486,6.0,47000,0.0,0.0
2024-06-26 00:00:00-04:00,5.820000171661377,6.150000095367432,5.820000171661377,6.090000152587891,50700,0.0,0.0
2024-06-27 00:00:00-04:00,6.119999885559082,6.119999885559082,5.769999980926514,5.929999828338623,44000,0.0,0.0
2024-06-28 00:00:00-04:00,5.860000133514404,6.300000190734863,5.860000133514404,6.170000076293945,97200,0.0,0.0
2024-07-01 00:00:00-04:00,6.28000020980835,6.320000171661377,6.0,6.130000114440918,75900,0.0,0.0
2024-07-02 00:00:00-04:00,6.130000114440918,6.139999866485596,5.820000171661377,5.929999828338623,78800,0.0,0.0
2024-07-03 00:00:00-04:00,5.929999828338623,6.159999847412109,5.840000152587891,5.960000038146973,21200,0.0,0.0
2024-07-05 00:00:00-04:00,6.0,6.03000020980835,5.760000228881836,5.820000171661377,46500,0.0,0.0
2024-07-08 00:00:00-04:00,5.809999942779541,5.880000114440918,5.630000114440918,5.880000114440918,77400,0.0,0.0
2024-07-09 00:00:00-04:00,5.860000133514404,6.179999828338623,5.829999923706055,5.980000019073486,36200,0.0,0.0
2024-07-10 00:00:00-04:00,6.0,6.389999866485596,5.96999979019165,6.210000038146973,81300,0.0,0.0
2024-07-11 00:00:00-04:00,6.389999866485596,6.480000019073486,5.909999847412109,6.360000133514404,59700,0.0,0.0
2024-07-12 00:00:00-04:00,6.360000133514404,6.619999885559082,6.28000020980835,6.489999771118164,41200,0.0,0.0
2024-07-15 00:00:00-04:00,6.5,6.619999885559082,6.199999809265137,6.230000019073486,55800,0.0,0.0
2024-07-16 00:00:00-04:00,6.21999979019165,6.570000171661377,6.21999979019165,6.369999885559082,68800,0.0,0.0
2024-07-17 00:00:00-04:00,6.420000076293945,6.730000019073486,6.25,6.670000076293945,53800,0.0,0.0
2024-07-18 00:00:00-04:00,6.489999771118164,6.679999828338623,6.130000114440918,6.25,56400,0.0,0.0
2024-07-19 00:00:00-04:00,6.199999809265137,6.329999923706055,6.139999866485596,6.260000228881836,28500,0.0,0.0
2024-07-22 00:00:00-04:00,6.320000171661377,6.329999923706055,6.0,6.119999885559082,37000,0.0,0.0
2024-07-23 00:00:00-04:00,6.050000190734863,6.489999771118164,6.050000190734863,6.269999980926514,49000,0.0,0.0
2024-07-24 00:00:00-04:00,6.239999771118164,6.239999771118164,5.659999847412109,5.71999979019165,45700,0.0,0.0
2024-07-25 00:00:00-04:00,5.650000095367432,6.059999942779541,5.650000095367432,5.980000019073486,32300,0.0,0.0
2024-07-26 00:00:00-04:00,6.039999961853027,6.110000133514404,5.730000019073486,6.019999980926514,23400,0.0,0.0
2024-07-29 00:00:00-04:00,5.929999828338623,6.119999885559082,5.829999923706055,5.989999771118164,34100,0.0,0.0
2024-07-30 00:00:00-04:00,5.989999771118164,6.25,5.960000038146973,6.090000152587891,79800,0.0,0.0
2024-07-31 00:00:00-04:00,6.059999942779541,6.190000057220459,5.940000057220459,6.050000190734863,52400,0.0,0.0
2024-08-01 00:00:00-04:00,6.019999980926514,6.099999904632568,5.840000152587891,6.079999923706055,45600,0.0,0.0
2024-08-02 00:00:00-04:00,5.820000171661377,6.019999980926514,5.820000171661377,5.989999771118164,68900,0.0,0.0
2024-08-05 00:00:00-04:00,5.769999980926514,5.949999809265137,5.699999809265137,5.929999828338623,54800,0.0,0.0
2024-08-06 00:00:00-04:00,6.0,6.0,5.860000133514404,5.900000095367432,56200,0.0,0.0
2024-08-07 00:00:00-04:00,5.940000057220459,6.010000228881836,5.840000152587891,6.0,68000,0.0,0.0
2024-08-08 00:00:00-04:00,5.860000133514404,6.010000228881836,5.829999923706055,5.949999809265137,137300,0.0,0.0
2024-08-09 00:00:00-04:00,5.889999866485596,6.050000190734863,5.889999866485596,6.019999980926514,45500,0.0,0.0
2024-08-12 00:00:00-04:00,6.050000190734863,6.409999847412109,5.96999979019165,6.380000114440918,70800,0.0,0.0
2024-08-13 00:00:00-04:00,6.409999847412109,6.409999847412109,6.0,6.150000095367432,68000,0.0,0.0
2024-08-14 00:00:00-04:00,6.150000095367432,6.170000076293945,6.090000152587891,6.130000114440918,36500,0.0,0.0
2024-08-15 00:00:00-04:00,6.159999847412109,6.420000076293945,6.159999847412109,6.25,68500,0.0,0.0
2024-08-16 00:00:00-04:00,6.320000171661377,6.349999904632568,6.059999942779541,6.28000020980835,98800,0.0,0.0
2024-08-19 00:00:00-04:00,6.28000020980835,6.389999866485596,6.0,6.070000171661377,276400,0.0,0.0
2024-08-20 00:00:00-04:00,6.070000171661377,6.21999979019165,6.050000190734863,6.139999866485596,14700,0.0,0.0
2024-08-21 00:00:00-04:00,6.21999979019165,6.409999847412109,6.179999828338623,6.309999942779541,119700,0.0,0.0
2024-08-22 00:00:00-04:00,6.320000171661377,6.670000076293945,6.320000171661377,6.5,67300,0.0,0.0
2024-08-23 00:00:00-04:00,6.449999809265137,6.829999923706055,6.429999828338623,6.75,96000,0.0,0.0
2024-08-26 00:00:00-04:00,6.860000133514404,6.889999866485596,6.710000038146973,6.800000190734863,70900,0.0,0.0
2024-08-27 00:00:00-04:00,6.650000095367432,6.78000020980835,6.230000019073486,6.71999979019165,39400,0.0,0.0
2024-08-28 00:00:00-04:00,6.769999980926514,6.909999847412109,6.639999866485596,6.75,70100,0.0,0.0
2024-08-29 00:00:00-04:00,6.840000152587891,6.849999904632568,6.309999942779541,6.400000095367432,28000,0.0,0.0
2024-08-30 00:00:00-04:00,6.400000095367432,6.769999980926514,6.400000095367432,6.630000114440918,34700,0.0,0.0
2024-09-03 00:00:00-04:00,6.739999771118164,6.739999771118164,6.010000228881836,6.110000133514404,55000,0.0,0.0
2024-09-04 00:00:00-04:00,6.349999904632568,6.429999828338623,6.139999866485596,6.190000057220459,44100,0.0,0.0
2024-09-05 00:00:00-04:00,6.230000019073486,6.269999980926514,6.03000020980835,6.099999904632568,31700,0.0,0.0
2024-09-06 00:00:00-04:00,6.099999904632568,6.139999866485596,5.78000020980835,5.840000152587891,34500,0.0,0.0
2024-09-09 00:00:00-04:00,5.78000020980835,6.010000228881836,5.78000020980835,5.900000095367432,66200,0.0,0.0
2024-09-10 00:00:00-04:00,5.849999904632568,5.909999847412109,5.449999809265137,5.449999809265137,97400,0.0,0.0
2024-09-11 00:00:00-04:00,5.519999980926514,5.539999961853027,5.449999809265137,5.489999771118164,56600,0.0,0.0
2024-09-12 00:00:00-04:00,5.579999923706055,5.619999885559082,5.46999979019165,5.579999923706055,101700,0.0,0.0
2024-09-13 00:00:00-04:00,5.599999904632568,6.170000076293945,5.599999904632568,6.130000114440918,55100,0.0,0.0
2024-09-16 00:00:00-04:00,6.210000038146973,6.210000038146973,6.090000152587891,6.179999828338623,19000,0.0,0.0
2024-09-17 00:00:00-04:00,6.170000076293945,6.659999847412109,6.059999942779541,6.590000152587891,526100,0.0,0.0
2024-09-18 00:00:00-04:00,6.260000228881836,6.380000114440918,5.699999809265137,6.179999828338623,198000,0.0,0.0
2024-09-19 00:00:00-04:00,6.25,6.380000114440918,6.210000038146973,6.25,45800,0.0,0.0
2024-09-20 00:00:00-04:00,6.239999771118164,6.329999923706055,5.980000019073486,6.010000228881836,149600,0.0,0.0
2024-09-23 00:00:00-04:00,6.150000095367432,6.53000020980835,6.130000114440918,6.349999904632568,103400,0.0,0.0
2024-09-24 00:00:00-04:00,6.349999904632568,6.389999866485596,6.190000057220459,6.340000152587891,88000,0.0,0.0
2024-09-25 00:00:00-04:00,6.289999961853027,6.449999809265137,6.179999828338623,6.360000133514404,72500,0.0,0.0
2024-09-26 00:00:00-04:00,6.380000114440918,6.690000057220459,6.380000114440918,6.639999866485596,61000,0.0,0.0
2024-09-27 00:00:00-04:00,6.639999866485596,6.650000095367432,6.53000020980835,6.639999866485596,41300,0.0,0.0
2024-09-30 00:00:00-04:00,6.550000190734863,7.389999866485596,6.550000190734863,7.389999866485596,133100,0.0,0.0
2024-10-01 00:00:00-04:00,7.179999828338623,7.289999961853027,6.900000095367432,7.159999847412109,72700,0.0,0.0
2024-10-02 00:00:00-04:00,7.0,7.03000020980835,6.409999847412109,6.900000095367432,47200,0.0,0.0
2024-10-03 00:00:00-04:00,6.889999866485596,7.059999942779541,6.78000020980835,6.929999828338623,33700,0.0,0.0
2024-10-04 00:00:00-04:00,7.0,7.019999980926514,6.659999847412109,6.670000076293945,17400,0.0,0.0
2024-10-07 00:00:00-04:00,6.579999923706055,6.630000114440918,6.320000171661377,6.550000190734863,44900,0.0,0.0
2024-10-08 00:00:00-04:00,6.329999923706055,6.429999828338623,6.110000133514404,6.119999885559082,42600,0.0,0.0
2024-10-09 00:00:00-04:00,6.199999809265137,6.460000038146973,6.079999923706055,6.329999923706055,63500,0.0,0.0
2024-10-10 00:00:00-04:00,6.199999809265137,6.25,6.079999923706055,6.159999847412109,52000,0.0,0.0
2024-10-11 00:00:00-04:00,6.159999847412109,6.400000095367432,6.119999885559082,6.210000038146973,57100,0.0,0.0
2024-10-14 00:00:00-04:00,6.179999828338623,6.25,6.039999961853027,6.179999828338623,75800,0.0,0.0
2024-10-15 00:00:00-04:00,6.369999885559082,6.369999885559082,6.119999885559082,6.130000114440918,40900,0.0,0.0
2024-10-16 00:00:00-04:00,6.139999866485596,6.139999866485596,5.989999771118164,6.050000190734863,40900,0.0,0.0
2024-10-17 00:00:00-04:00,6.190000057220459,6.199999809265137,5.960000038146973,6.050000190734863,43400,0.0,0.0
2024-10-18 00:00:00-04:00,6.050000190734863,6.179999828338623,5.940000057220459,6.059999942779541,27700,0.0,0.0
2024-10-21 00:00:00-04:00,5.909999847412109,6.039999961853027,5.75,5.849999904632568,70700,0.0,0.0
2024-10-22 00:00:00-04:00,5.909999847412109,5.920000076293945,5.619999885559082,5.659999847412109,17100,0.0,0.0
2024-10-23 00:00:00-04:00,5.610000133514404,5.71999979019165,5.409999847412109,5.570000171661377,43400,0.0,0.0
2024-10-24 00:00:00-04:00,5.510000228881836,5.650000095367432,5.380000114440918,5.510000228881836,95500,0.0,0.0
2024-10-25 00:00:00-04:00,5.639999866485596,5.639999866485596,5.519999980926514,5.570000171661377,25500,0.0,0.0
2024-10-28 00:00:00-04:00,5.550000190734863,5.670000076293945,5.420000076293945,5.420000076293945,52200,0.0,0.0
2024-10-29 00:00:00-04:00,5.5,5.559999942779541,5.28000020980835,5.320000171661377,27100,0.0,0.0
2024-10-30 00:00:00-04:00,5.320000171661377,5.380000114440918,5.28000020980835,5.309999942779541,25500,0.0,0.0
2024-10-31 00:00:00-04:00,5.360000133514404,5.409999847412109,5.159999847412109,5.269999980926514,32200,0.0,0.0
2024-11-01 00:00:00-04:00,5.239999771118164,5.420000076293945,5.21999979019165,5.21999979019165,41200,0.0,0.0
2024-11-04 00:00:00-05:00,5.25,5.559999942779541,5.25,5.380000114440918,46700,0.0,0.0
2024-11-05 00:00:00-05:00,5.320000171661377,5.550000190734863,5.309999942779541,5.369999885559082,21200,0.0,0.0
2024-11-06 00:00:00-05:00,5.659999847412109,5.900000095367432,5.230000019073486,5.820000171661377,133300,0.0,0.0
2024-11-07 00:00:00-05:00,5.820000171661377,6.090000152587891,5.820000171661377,6.0,34800,0.0,0.0
2024-11-08 00:00:00-05:00,6.059999942779541,6.300000190734863,5.940000057220459,6.159999847412109,38400,0.0,0.0
2024-11-11 00:00:00-05:00,6.28000020980835,6.28000020980835,5.889999866485596,5.909999847412109,47900,0.0,0.0
2024-11-12 00:00:00-05:00,6.309999942779541,7.25,6.309999942779541,6.78000020980835,247200,0.0,0.0
2024-11-13 00:00:00-05:00,6.760000228881836,6.980000019073486,6.760000228881836,6.849999904632568,58700,0.0,0.0
2024-11-14 00:00:00-05:00,6.929999828338623,7.179999828338623,6.369999885559082,7.0,123700,0.0,0.0
2024-11-15 00:00:00-05:00,6.679999828338623,7.130000114440918,6.599999904632568,7.019999980926514,58600,0.0,0.0
2024-11-18 00:00:00-05:00,7.010000228881836,7.010000228881836,6.599999904632568,6.650000095367432,67500,0.0,0.0
2024-11-19 00:00:00-05:00,6.889999866485596,7.090000152587891,6.800000190734863,6.800000190734863,90200,0.0,0.0
2024-11-20 00:00:00-05:00,6.900000095367432,6.909999847412109,6.619999885559082,6.639999866485596,77600,0.0,0.0
2024-11-21 00:00:00-05:00,6.5,7.150000095367432,6.5,6.949999809265137,106900,0.0,0.0
2024-11-22 00:00:00-05:00,6.929999828338623,7.130000114440918,6.730000019073486,6.730000019073486,31700,0.0,0.0
2024-11-25 00:00:00-05:00,6.929999828338623,7.099999904632568,6.800000190734863,6.989999771118164,30100,0.0,0.0
2024-11-26 00:00:00-05:00,6.889999866485596,7.010000228881836,6.78000020980835,6.809999942779541,46300,0.0,0.0
2024-11-27 00:00:00-05:00,6.809999942779541,7.070000171661377,6.800000190734863,6.940000057220459,47700,0.0,0.0
2024-11-29 00:00:00-05:00,7.0,7.369999885559082,6.900000095367432,7.289999961853027,23200,0.0,0.0
2024-12-02 00:00:00-05:00,7.210000038146973,7.75,7.150000095367432,7.710000038146973,112900,0.0,0.0
2024-12-03 00:00:00-05:00,7.78000020980835,7.78000020980835,7.53000020980835,7.53000020980835,63900,0.0,0.0
2024-12-04 00:00:00-05:00,7.510000228881836,7.940000057220459,7.46999979019165,7.920000076293945,71500,0.0,0.0
2024-12-05 00:00:00-05:00,7.840000152587891,7.909999847412109,7.710000038146973,7.78000020980835,56600,0.0,0.0
2024-12-06 00:00:00-05:00,7.739999771118164,8.029999732971191,7.539999961853027,7.929999828338623,56200,0.0,0.0
2024-12-09 00:00:00-05:00,7.929999828338623,8.140000343322754,7.869999885559082,7.989999771118164,70200,0.0,0.0
2024-12-10 00:00:00-05:00,8.0600004196167,8.119999885559082,7.869999885559082,7.920000076293945,62500,0.0,0.0
2024-12-11 00:00:00-05:00,8.119999885559082,8.119999885559082,7.889999866485596,7.889999866485596,65700,0.0,0.0
2024-12-12 00:00:00-05:00,7.849999904632568,8.430000305175781,7.849999904632568,8.380000114440918,79900,0.0,0.0
2024-12-13 00:00:00-05:00,8.449999809265137,8.449999809265137,7.980000019073486,8.119999885559082,47500,0.0,0.0
2024-12-16 00:00:00-05:00,8.079999923706055,8.220000267028809,7.949999809265137,8.220000267028809,60100,0.0,0.0
2024-12-17 00:00:00-05:00,8.09000015258789,8.15999984741211,7.980000019073486,8.069999694824219,45500,0.0,0.0
2024-12-18 00:00:00-05:00,7.920000076293945,8.170000076293945,7.409999847412109,7.639999866485596,80000,0.0,0.0
2024-12-19 00:00:00-05:00,7.619999885559082,8.010000228881836,7.510000228881836,7.809999942779541,64500,0.0,0.0
2024-12-20 00:00:00-05:00,7.960000038146973,8.069999694824219,7.809999942779541,7.909999847412109,73600,0.0,0.0
2024-12-23 00:00:00-05:00,7.769999980926514,7.869999885559082,7.690000057220459,7.849999904632568,48200,0.0,0.0
2024-12-24 00:00:00-05:00,7.730000019073486,8.039999961853027,7.590000152587891,7.949999809265137,56400,0.0,0.0
2024-12-26 00:00:00-05:00,7.800000190734863,8.210000038146973,7.769999980926514,8.130000114440918,53600,0.0,0.0
2024-12-27 00:00:00-05:00,8.199999809265137,8.220000267028809,7.829999923706055,8.050000190734863,83600,0.0,0.0
2024-12-30 00:00:00-05:00,8.09000015258789,8.180000305175781,7.730000019073486,7.849999904632568,38100,0.0,0.0
2024-12-31 00:00:00-05:00,7.820000171661377,7.880000114440918,7.590000152587891,7.599999904632568,22100,0.0,0.0
2025-01-02 00:00:00-05:00,7.5,7.760000228881836,7.300000190734863,7.539999961853027,23600,0.0,0.0
2025-01-03 00:00:00-05:00,7.650000095367432,7.949999809265137,7.300000190734863,7.739999771118164,33200,0.0,0.0
2025-01-06 00:00:00-05:00,7.800000190734863,8.119999885559082,7.78000020980835,7.920000076293945,49600,0.0,0.0
2025-01-07 00:00:00-05:00,7.659999847412109,7.989999771118164,7.570000171661377,7.730000019073486,54300,0.0,0.0
2025-01-08 00:00:00-05:00,7.599999904632568,7.630000114440918,7.320000171661377,7.360000133514404,21900,0.0,0.0
2025-01-10 00:00:00-05:00,7.170000076293945,7.28000020980835,6.769999980926514,6.800000190734863,33700,0.0,0.0
2025-01-13 00:00:00-05:00,6.440000057220459,6.71999979019165,6.440000057220459,6.599999904632568,78200,0.0,0.0
2025-01-14 00:00:00-05:00,6.5,6.599999904632568,6.260000228881836,6.269999980926514,85100,0.0,0.0
2025-01-15 00:00:00-05:00,6.46999979019165,6.71999979019165,6.380000114440918,6.679999828338623,25800,0.0,0.0
2025-01-16 00:00:00-05:00,6.679999828338623,7.079999923706055,6.679999828338623,7.079999923706055,51000,0.0,0.0
2025-01-17 00:00:00-05:00,7.210000038146973,7.210000038146973,7.03000020980835,7.199999809265137,35400,0.0,0.0
2025-01-21 00:00:00-05:00,7.199999809265137,7.639999866485596,7.159999847412109,7.239999771118164,54800,0.0,0.0
2025-01-22 00:00:00-05:00,7.340000152587891,7.340000152587891,6.869999885559082,7.179999828338623,42500,0.0,0.0
2025-01-23 00:00:00-05:00,7.170000076293945,7.230000019073486,6.929999828338623,7.230000019073486,45400,0.0,0.0
2025-01-24 00:00:00-05:00,7.179999828338623,7.28000020980835,6.96999979019165,7.119999885559082,42500,0.0,0.0
2025-01-27 00:00:00-05:00,7.050000190734863,7.150000095367432,6.880000114440918,6.889999866485596,36100,0.0,0.0
2025-01-28 00:00:00-05:00,6.889999866485596,6.989999771118164,6.78000020980835,6.869999885559082,20600,0.0,0.0
2025-01-29 00:00:00-05:00,6.699999809265137,7.099999904632568,6.619999885559082,7.070000171661377,42700,0.0,0.0
2025-01-30 00:00:00-05:00,7.170000076293945,7.170000076293945,6.679999828338623,6.849999904632568,46800,0.0,0.0
2025-01-31 00:00:00-05:00,6.800000190734863,7.079999923706055,6.389999866485596,6.630000114440918,80200,0.0,0.0
2025-02-03 00:00:00-05:00,6.25,6.550000190734863,6.190000057220459,6.309999942779541,66200,0.0,0.0
2025-02-04 00:00:00-05:00,6.340000152587891,6.519999980926514,6.170000076293945,6.260000228881836,33200,0.0,0.0
2025-02-05 00:00:00-05:00,6.21999979019165,6.239999771118164,5.940000057220459,6.019999980926514,32500,0.0,0.0
2025-02-06 00:00:00-05:00,5.980000019073486,6.099999904632568,5.630000114440918,5.659999847412109,48900,0.0,0.0
2025-02-07 00:00:00-05:00,5.71999979019165,5.920000076293945,5.380000114440918,5.75,95600,0.0,0.0
2025-02-10 00:00:00-05:00,7.670000076293945,7.699999809265137,6.039999961853027,6.360000133514404,557800,0.0,0.0
2025-02-11 00:00:00-05:00,6.409999847412109,7.150000095367432,6.260000228881836,6.789999961853027,132100,0.0,0.0
2025-02-12 00:00:00-05:00,7.179999828338623,8.100000381469727,6.809999942779541,7.650000095367432,319700,0.0,0.0
2025-02-13 00:00:00-05:00,7.940000057220459,8.720000267028809,7.539999961853027,8.569999694824219,173800,0.0,0.0
2025-02-14 00:00:00-05:00,8.470000267028809,9.300000190734863,8.449999809265137,9.300000190734863,219400,0.0,0.0
2025-02-18 00:00:00-05:00,9.779999732971191,11.5,9.779999732971191,10.850000381469727,439300,0.0,0.0
2025-02-19 00:00:00-05:00,10.619999885559082,10.880000114440918,9.880000114440918,10.300000190734863,245000,0.0,0.0
2025-02-20 00:00:00-05:00,10.319999694824219,10.859999656677246,9.960000038146973,10.0600004196167,243200,0.0,0.0
2025-02-21 00:00:00-05:00,10.329999923706055,10.670000076293945,10.039999961853027,10.4399995803833,204600,0.0,0.0
2025-02-24 00:00:00-05:00,10.670000076293945,10.670000076293945,9.930000305175781,10.369999885559082,216000,0.0,0.0
2025-02-25 00:00:00-05:00,10.34000015258789,10.8100004196167,10.09000015258789,10.729999542236328,94600,0.0,0.0
2025-02-26 00:00:00-05:00,10.699999809265137,11.890000343322754,10.010000228881836,11.359999656677246,207800,0.0,0.0
2025-02-27 00:00:00-05:00,11.300000190734863,11.449999809265137,10.640000343322754,10.819999694824219,137700,0.0,0.0
2025-02-28 00:00:00-05:00,10.789999961853027,11.550000190734863,10.319999694824219,10.800000190734863,127500,0.0,0.0
2025-03-03 00:00:00-05:00,11.140000343322754,11.479999542236328,10.460000038146973,10.510000228881836,217600,0.0,0.0
2025-03-04 00:00:00-05:00,10.239999771118164,10.470000267028809,9.859999656677246,10.399999618530273,191500,0.0,0.0
2025-03-05 00:00:00-05:00,10.449999809265137,10.680000305175781,10.0600004196167,10.170000076293945,200500,0.0,0.0
2025-03-06 00:00:00-05:00,9.90999984741211,10.460000038146973,9.859999656677246,10.460000038146973,183400,0.0,0.0
2025-03-07 00:00:00-05:00,10.5,10.609999656677246,9.859999656677246,10.220000267028809,158200,0.0,0.0
2025-03-10 00:00:00-04:00,10.270000457763672,10.850000381469727,10.039999961853027,10.170000076293945,199900,0.0,0.0
2025-03-11 00:00:00-04:00,10.149999618530273,10.670000076293945,9.9399995803833,10.609999656677246,132500,0.0,0.0
2025-03-12 00:00:00-04:00,10.65999984741211,10.859999656677246,10.270000457763672,10.729999542236328,123000,0.0,0.0
2025-03-13 00:00:00-04:00,10.670000076293945,10.670000076293945,10.119999885559082,10.149999618530273,97900,0.0,0.0
2025-03-14 00:00:00-04:00,10.289999961853027,10.5,10.069999694824219,10.430000305175781,75000,0.0,0.0
2025-03-17 00:00:00-04:00,10.470000267028809,11.640000343322754,10.119999885559082,11.600000381469727,261600,0.0,0.0
2025-03-18 00:00:00-04:00,11.539999961853027,11.539999961853027,10.859999656677246,11.050000190734863,105700,0.0,0.0
2025-03-19 00:00:00-04:00,10.920000076293945,11.130000114440918,10.449999809265137,10.5600004196167,98500,0.0,0.0
2025-03-20 00:00:00-04:00,10.489999771118164,10.729999542236328,10.1899995803833,10.390000343322754,78500,0.0,0.0
2025-03-21 00:00:00-04:00,10.1899995803833,10.319999694824219,10.039999961853027,10.319999694824219,131400,0.0,0.0
2025-03-24 00:00:00-04:00,10.3100004196167,10.949999809265137,10.3100004196167,10.579999923706055,77600,0.0,0.0
2025-03-25 00:00:00-04:00,10.800000190734863,10.899999618530273,10.039999961853027,10.119999885559082,96400,0.0,0.0
2025-03-26 00:00:00-04:00,10.039999961853027,10.289999961853027,9.949999809265137,10.100000381469727,129100,0.0,0.0
2025-03-27 00:00:00-04:00,10.180000305175781,10.359999656677246,9.979999542236328,10.020000457763672,105400,0.0,0.0
2025-03-28 00:00:00-04:00,9.9399995803833,10.210000038146973,9.069999694824219,9.350000381469727,113000,0.0,0.0
2025-03-31 00:00:00-04:00,9.119999885559082,9.579999923706055,9.069999694824219,9.5,110700,0.0,0.0
2025-04-01 00:00:00-04:00,9.420000076293945,9.680000305175781,9.0600004196167,9.069999694824219,74900,0.0,0.0
2025-04-02 00:00:00-04:00,8.899999618530273,9.569999694824219,8.829999923706055,9.460000038146973,110700,0.0,0.0
2025-04-03 00:00:00-04:00,9.119999885559082,9.449999809265137,8.789999961853027,9.1899995803833,128900,0.0,0.0
2025-04-04 00:00:00-04:00,8.819999694824219,8.890000343322754,8.25,8.649999618530273,81000,0.0,0.0
2025-04-07 00:00:00-04:00,8.399999618530273,9.010000228881836,8.239999771118164,8.899999618530273,107600,0.0,0.0
2025-04-08 00:00:00-04:00,9.210000038146973,9.449999809265137,8.25,8.470000267028809,71400,0.0,0.0
2025-04-09 00:00:00-04:00,8.34000015258789,9.25,8.170000076293945,9.029999732971191,109700,0.0,0.0
2025-04-10 00:00:00-04:00,8.850000381469727,8.960000038146973,8.34000015258789,8.90999984741211,59200,0.0,0.0
2025-04-11 00:00:00-04:00,8.789999961853027,8.899999618530273,8.479999542236328,8.75,48300,0.0,0.0
2025-04-14 00:00:00-04:00,8.930000305175781,8.979999542236328,8.579999923706055,8.779999732971191,55600,0.0,0.0
2025-04-15 00:00:00-04:00,8.800000190734863,9.0,8.729999542236328,8.960000038146973,85000,0.0,0.0
2025-04-16 00:00:00-04:00,8.989999771118164,9.079999923706055,8.770000457763672,8.949999809265137,71000,0.0,0.0
2025-04-17 00:00:00-04:00,9.0,9.0600004196167,8.210000038146973,8.930000305175781,51900,0.0,0.0
2025-04-21 00:00:00-04:00,8.890000343322754,8.890000343322754,8.699999809265137,8.800000190734863,33700,0.0,0.0
2025-04-22 00:00:00-04:00,9.399999618530273,9.399999618530273,8.850000381469727,9.100000381469727,111200,0.0,0.0
2025-04-23 00:00:00-04:00,9.34000015258789,9.65999984741211,9.100000381469727,9.199999809265137,85500,0.0,0.0
2025-04-24 00:00:00-04:00,9.170000076293945,9.800000190734863,9.170000076293945,9.470000267028809,69300,0.0,0.0
2025-04-25 00:00:00-04:00,9.470000267028809,9.470000267028809,9.039999961853027,9.140000343322754,64500,0.0,0.0
2025-04-28 00:00:00-04:00,9.100000381469727,9.479999542236328,8.779999732971191,8.869999885559082,49300,0.0,0.0
2025-04-29 00:00:00-04:00,8.869999885559082,9.210000038146973,8.640000343322754,8.960000038146973,68900,0.0,0.0
2025-04-30 00:00:00-04:00,8.729999542236328,8.930000305175781,8.489999771118164,8.90999984741211,57600,0.0,0.0
2025-05-01 00:00:00-04:00,8.960000038146973,9.369999885559082,8.960000038146973,9.069999694824219,74700,0.0,0.0
2025-05-02 00:00:00-04:00,9.140000343322754,9.720000267028809,8.989999771118164,9.5,154600,0.0,0.0
2025-05-05 00:00:00-04:00,9.329999923706055,10.050000190734863,9.319999694824219,9.609999656677246,88800,0.0,0.0
2025-05-06 00:00:00-04:00,9.420000076293945,9.649999618530273,9.069999694824219,9.079999923706055,69300,0.0,0.0
2025-05-07 00:00:00-04:00,9.140000343322754,9.529999732971191,9.09000015258789,9.229999542236328,106500,0.0,0.0
2025-05-08 00:00:00-04:00,9.539999961853027,9.859999656677246,9.25,9.819999694824219,146600,0.0,0.0
2025-05-09 00:00:00-04:00,9.9399995803833,10.079999923706055,9.6899995803833,9.84000015258789,84200,0.0,0.0
2025-05-12 00:00:00-04:00,10.09000015258789,10.229999542236328,9.6899995803833,9.829999923706055,154200,0.0,0.0
2025-05-13 00:00:00-04:00,9.930000305175781,10.260000228881836,9.890000343322754,10.15999984741211,156000,0.0,0.0
2025-05-14 00:00:00-04:00,10.210000038146973,10.989999771118164,9.979999542236328,10.930000305175781,221200,0.0,0.0
2025-05-15 00:00:00-04:00,10.930000305175781,11.390000343322754,10.75,10.850000381469727,164000,0.0,0.0
2025-05-16 00:00:00-04:00,10.829999923706055,11.050000190734863,10.649999618530273,10.880000114440918,138800,0.0,0.0
2025-05-19 00:00:00-04:00,10.880000114440918,11.420000076293945,10.619999885559082,10.729999542236328,132600,0.0,0.0
2025-05-20 00:00:00-04:00,10.699999809265137,11.40999984741211,10.699999809265137,11.399999618530273,199400,0.0,0.0
2025-05-21 00:00:00-04:00,11.270000457763672,11.350000381469727,10.899999618530273,11.270000457763672,181800,0.0,0.0
2025-05-22 00:00:00-04:00,11.199999809265137,11.729999542236328,10.8100004196167,11.4399995803833,166300,0.0,0.0
2025-05-23 00:00:00-04:00,11.119999885559082,11.529999732971191,10.539999961853027,10.970000267028809,129800,0.0,0.0
2025-05-27 00:00:00-04:00,10.930000305175781,11.579999923706055,10.930000305175781,11.34000015258789,195400,0.0,0.0
2025-05-28 00:00:00-04:00,11.4399995803833,11.699999809265137,11.229999542236328,11.369999885559082,118400,0.0,0.0
2025-05-29 00:00:00-04:00,11.550000190734863,11.550000190734863,11.119999885559082,11.239999771118164,141600,0.0,0.0
2025-05-30 00:00:00-04:00,11.369999885559082,11.369999885559082,11.109999656677246,11.140000343322754,104200,0.0,0.0
2025-06-02 00:00:00-04:00,11.140000343322754,11.380000114440918,11.020000457763672,11.329999923706055,183000,0.0,0.0
2025-06-03 00:00:00-04:00,11.279999732971191,12.119999885559082,11.210000038146973,11.899999618530273,327800,0.0,0.0
2025-06-04 00:00:00-04:00,11.979999542236328,12.279999732971191,11.6899995803833,11.770000457763672,134300,0.0,0.0
2025-06-05 00:00:00-04:00,11.729999542236328,11.970000267028809,11.569999694824219,11.850000381469727,132500,0.0,0.0
2025-06-06 00:00:00-04:00,11.90999984741211,12.399999618530273,11.649999618530273,11.920000076293945,175900,0.0,0.0
2025-06-09 00:00:00-04:00,12.579999923706055,12.720000267028809,9.5600004196167,9.720000267028809,669900,0.0,0.0
2025-06-10 00:00:00-04:00,9.739999771118164,10.460000038146973,9.739999771118164,10.390000343322754,329700,0.0,0.0
2025-06-11 00:00:00-04:00,10.510000228881836,10.84000015258789,10.300000190734863,10.819999694824219,190000,0.0,0.0
2025-06-12 00:00:00-04:00,10.720000267028809,10.890000343322754,10.5,10.850000381469727,113500,0.0,0.0
2025-06-13 00:00:00-04:00,10.710000038146973,10.970000267028809,10.279999732971191,10.710000038146973,160900,0.0,0.0
2025-06-16 00:00:00-04:00,10.630000114440918,10.9399995803833,10.5,10.600000381469727,137200,0.0,0.0
2025-06-17 00:00:00-04:00,10.5600004196167,10.670000076293945,10.079999923706055,10.15999984741211,181700,0.0,0.0
2025-06-18 00:00:00-04:00,10.109999656677246,10.149999618530273,9.619999885559082,9.90999984741211,249200,0.0,0.0
2025-06-20 00:00:00-04:00,10.029999732971191,10.029999732971191,9.579999923706055,9.760000228881836,153800,0.0,0.0
2025-06-23 00:00:00-04:00,9.670000076293945,10.170000076293945,9.449999809265137,10.149999618530273,243200,0.0,0.0
2025-06-24 00:00:00-04:00,10.149999618530273,10.289999961853027,9.770000457763672,10.09000015258789,142300,0.0,0.0
2025-06-25 00:00:00-04:00,10.130000114440918,10.270000457763672,9.819999694824219,10.119999885559082,125100,0.0,0.0
2025-06-26 00:00:00-04:00,10.140000343322754,10.430000305175781,9.979999542236328,10.350000381469727,196800,0.0,0.0
2025-06-27 00:00:00-04:00,10.329999923706055,10.40999984741211,9.949999809265137,10.100000381469727,2670600,0.0,0.0
2025-06-30 00:00:00-04:00,10.119999885559082,11.270000457763672,10.050000190734863,11.199999809265137,392800,0.0,0.0
2025-07-01 00:00:00-04:00,11.100000381469727,11.779999732971191,10.609999656677246,11.569999694824219,155100,0.0,0.0
2025-07-02 00:00:00-04:00,11.609999656677246,12.4399995803833,11.579999923706055,12.359999656677246,249100,0.0,0.0
2025-07-03 00:00:00-04:00,12.529999732971191,12.600000381469727,12.289999961853027,12.390000343322754,102000,0.0,0.0
2025-07-07 00:00:00-04:00,12.369999885559082,12.380000114440918,11.859999656677246,12.270000457763672,236300,0.0,0.0
2025-07-08 00:00:00-04:00,12.329999923706055,12.479999542236328,12.1899995803833,12.470000267028809,146500,0.0,0.0
2025-07-09 00:00:00-04:00,12.600000381469727,12.600000381469727,11.760000228881836,11.850000381469727,121100,0.0,0.0
2025-07-10 00:00:00-04:00,11.789999961853027,12.039999961853027,11.789999961853027,11.930000305175781,123700,0.0,0.0
2025-07-11 00:00:00-04:00,11.800000190734863,11.800000190734863,11.40999984741211,11.670000076293945,100100,0.0,0.0
2025-07-14 00:00:00-04:00,11.600000381469727,11.649999618530273,11.34000015258789,11.510000228881836,126800,0.0,0.0
2025-07-15 00:00:00-04:00,11.579999923706055,11.619999885559082,11.239999771118164,11.619999885559082,153100,0.0,0.0
2025-07-16 00:00:00-04:00,11.59000015258789,11.680000305175781,11.40999984741211,11.529999732971191,189800,0.0,0.0
2025-07-17 00:00:00-04:00,11.489999771118164,11.699999809265137,11.420000076293945,11.5,175900,0.0,0.0
2025-07-18 00:00:00-04:00,11.600000381469727,11.600000381469727,11.029999732971191,11.0600004196167,112700,0.0,0.0
2025-07-21 00:00:00-04:00,11.029999732971191,11.260000228881836,10.510000228881836,11.199999809265137,84200,0.0,0.0
2025-07-22 00:00:00-04:00,11.210000038146973,11.880000114440918,11.199999809265137,11.760000228881836,136500,0.0,0.0
2025-07-23 00:00:00-04:00,11.84000015258789,11.989999771118164,11.649999618530273,11.970000267028809,83000,0.0,0.0
2025-07-24 00:00:00-04:00,11.960000038146973,12.300000190734863,11.800000190734863,12.119999885559082,123300,0.0,0.0
2025-07-25 00:00:00-04:00,12.140000343322754,12.430000305175781,12.079999923706055,12.140000343322754,101000,0.0,0.0
2025-07-28 00:00:00-04:00,12.15999984741211,12.180000305175781,11.84000015258789,12.039999961853027,98600,0.0,0.0
2025-07-29 00:00:00-04:00,12.119999885559082,12.119999885559082,11.670000076293945,11.699999809265137,89900,0.0,0.0
2025-07-30 00:00:00-04:00,11.699999809265137,11.789999961853027,10.670000076293945,10.699999809265137,135300,0.0,0.0
2025-07-31 00:00:00-04:00,10.729999542236328,10.90999984741211,10.279999732971191,10.369999885559082,153300,0.0,0.0
2025-08-01 00:00:00-04:00,10.220000267028809,10.220000267028809,9.859999656677246,10.149999618530273,181400,0.0,0.0
2025-08-04 00:00:00-04:00,10.239999771118164,10.529999732971191,10.130000114440918,10.399999618530273,116400,0.0,0.0
2025-08-05 00:00:00-04:00,10.6899995803833,11.300000190734863,10.270000457763672,11.220000267028809,142600,0.0,0.0
2025-08-06 00:00:00-04:00,11.279999732971191,11.739999771118164,10.850000381469727,11.279999732971191,62900,0.0,0.0
2025-08-07 00:00:00-04:00,11.350000381469727,11.630000114440918,11.0600004196167,11.25,66000,0.0,0.0
2025-08-08 00:00:00-04:00,11.319999694824219,11.609999656677246,11.130000114440918,11.279999732971191,58900,0.0,0.0
2025-08-11 00:00:00-04:00,13.289999961853027,14.960000038146973,12.489999771118164,13.8100004196167,546700,0.0,0.0
2025-08-12 00:00:00-04:00,13.970000267028809,14.869999885559082,13.140000343322754,14.520000457763672,407300,0.0,0.0
2025-08-13 00:00:00-04:00,14.6899995803833,15.039999961853027,14.4399995803833,14.579999923706055,238400,0.0,0.0
2025-08-14 00:00:00-04:00,14.479999542236328,14.9399995803833,14.0600004196167,14.199999809265137,275200,0.0,0.0
2025-08-15 00:00:00-04:00,14.260000228881836,14.600000381469727,13.550000190734863,13.739999771118164,124000,0.0,0.0
2025-08-18 00:00:00-04:00,13.630000114440918,13.920000076293945,13.600000381469727,13.760000228881836,137300,0.0,0.0
2025-08-19 00:00:00-04:00,13.720000267028809,14.130000114440918,13.5,13.649999618530273,155900,0.0,0.0
2025-08-20 00:00:00-04:00,13.890000343322754,13.890000343322754,13.329999923706055,13.479999542236328,118000,0.0,0.0
2025-08-21 00:00:00-04:00,13.59000015258789,13.979999542236328,13.3100004196167,13.960000038146973,455800,0.0,0.0
2025-08-22 00:00:00-04:00,14.039999961853027,15.199999809265137,14.010000228881836,14.449999809265137,231900,0.0,0.0
2025-08-25 00:00:00-04:00,14.470000267028809,14.859999656677246,14.399999618530273,14.539999961853027,134300,0.0,0.0
2025-08-26 00:00:00-04:00,14.600000381469727,15.069999694824219,14.359999656677246,14.890000343322754,177000,0.0,0.0
2025-08-27 00:00:00-04:00,14.739999771118164,15.050000190734863,14.569999694824219,15.029999732971191,184500,0.0,0.0
2025-08-28 00:00:00-04:00,15.050000190734863,15.180000305175781,14.760000228881836,15.100000381469727,180600,0.0,0.0
2025-08-29 00:00:00-04:00,15.100000381469727,15.180000305175781,14.600000381469727,14.899999618530273,112800,0.0,0.0
2025-09-02 00:00:00-04:00,14.640000343322754,14.970000267028809,14.359999656677246,14.510000228881836,125800,0.0,0.0
2025-09-03 00:00:00-04:00,14.4399995803833,14.59000015258789,14.239999771118164,14.4399995803833,111000,0.0,0.0
2025-09-04 00:00:00-04:00,14.489999771118164,14.880000114440918,14.369999885559082,14.869999885559082,103400,0.0,0.0
2025-09-05 00:00:00-04:00,14.989999771118164,15.100000381469727,14.359999656677246,14.529999732971191,62400,0.0,0.0
2025-09-08 00:00:00-04:00,14.640000343322754,14.789999961853027,14.5,14.699999809265137,86300,0.0,0.0
2025-09-09 00:00:00-04:00,14.539999961853027,14.8100004196167,14.539999961853027,14.800000190734863,77100,0.0,0.0
2025-09-10 00:00:00-04:00,14.84000015258789,14.960000038146973,14.569999694824219,14.649999618530273,86600,0.0,0.0
2025-09-11 00:00:00-04:00,14.670000076293945,16.229999542236328,14.65999984741211,16.040000915527344,323400,0.0,0.0
2025-09-12 00:00:00-04:00,16.059999465942383,16.299999237060547,15.760000228881836,15.779999732971191,203500,0.0,0.0
2025-09-15 00:00:00-04:00,15.8100004196167,16.030000686645508,15.59000015258789,15.989999771118164,138800,0.0,0.0
2025-09-16 00:00:00-04:00,15.960000038146973,16.530000686645508,15.550000190734863,16.270000457763672,193300,0.0,0.0
2025-09-17 00:00:00-04:00,16.3799991607666,16.59000015258789,15.9399995803833,16.0,132500,0.0,0.0
2025-09-18 00:00:00-04:00,16.15999984741211,17.0,16.0,16.489999771118164,121600,0.0,0.0
2025-09-19 00:00:00-04:00,16.489999771118164,16.56999969482422,16.06999969482422,16.559999465942383,873500,0.0,0.0
2025-09-22 00:00:00-04:00,16.450000762939453,17.719999313354492,16.3799991607666,16.829999923706055,266300,0.0,0.0
2025-09-23 00:00:00-04:00,16.979999542236328,17.139999389648438,16.40999984741211,16.56999969482422,153700,0.0,0.0
2025-09-24 00:00:00-04:00,16.399999618530273,17.43000030517578,16.25,17.40999984741211,221200,0.0,0.0
2025-09-25 00:00:00-04:00,17.229999542236328,17.229999542236328,16.079999923706055,16.190000534057617,132000,0.0,0.0
2025-09-26 00:00:00-04:00,15.90999984741211,16.770000457763672,15.569999694824219,16.610000610351562,189900,0.0,0.0
2025-09-29 00:00:00-04:00,16.649999618530273,16.850000381469727,16.110000610351562,16.239999771118164,168400,0.0,0.0
2025-09-30 00:00:00-04:00,16.350000381469727,16.6299991607666,16.25,16.540000915527344,343200,0.0,0.0
2025-10-01 00:00:00-04:00,16.3799991607666,16.860000610351562,16.3799991607666,16.649999618530273,129100,0.0,0.0
2025-10-02 00:00:00-04:00,16.649999618530273,16.959999084472656,15.869999885559082,15.989999771118164,92900,0.0,0.0
2025-10-03 00:00:00-04:00,16.079999923706055,16.6200008392334,15.979999542236328,16.43000030517578,131500,0.0,0.0
2025-10-06 00:00:00-04:00,16.5,16.780000686645508,15.449999809265137,15.449999809265137,109800,0.0,0.0
2025-10-07 00:00:00-04:00,15.510000228881836,15.800000190734863,14.869999885559082,15.0600004196167,91100,0.0,0.0
2025-10-08 00:00:00-04:00,15.180000305175781,15.359999656677246,14.710000038146973,15.319999694824219,94700,0.0,0.0
2025-10-09 00:00:00-04:00,15.270000457763672,15.770000457763672,14.720000267028809,15.25,93600,0.0,0.0
2025-10-10 00:00:00-04:00,15.25,15.520000457763672,14.710000038146973,14.8100004196167,103100,0.0,0.0
2025-10-13 00:00:00-04:00,15.029999732971191,15.4399995803833,14.859999656677246,15.380000114440918,128900,0.0,0.0
2025-10-14 00:00:00-04:00,15.359999656677246,15.890000343322754,15.229999542236328,15.829999923706055,122700,0.0,0.0
2025-10-15 00:00:00-04:00,16.1200008392334,16.3700008392334,15.90999984741211,16.270000457763672,121100,0.0,0.0
2025-10-16 00:00:00-04:00,16.420000076293945,16.6200008392334,15.880000114440918,16.040000915527344,110700,0.0,0.0
2025-10-17 00:00:00-04:00,15.899999618530273,16.040000915527344,15.380000114440918,15.510000228881836,86900,0.0,0.0
2025-10-20 00:00:00-04:00,15.550000190734863,16.020000457763672,15.550000190734863,15.699999809265137,97800,0.0,0.0
2025-10-21 00:00:00-04:00,15.720000267028809,16.469999313354492,15.470000267028809,16.420000076293945,111900,0.0,0.0
2025-10-22 00:00:00-04:00,16.34000015258789,16.34000015258789,15.720000267028809,16.15999984741211,136300,0.0,0.0
2025-10-23 00:00:00-04:00,16.350000381469727,16.489999771118164,16.100000381469727,16.34000015258789,59600,0.0,0.0
2025-10-24 00:00:00-04:00,16.579999923706055,17.100000381469727,16.15999984741211,16.920000076293945,113100,0.0,0.0
2025-10-27 00:00:00-04:00,17.059999465942383,17.389999389648438,16.6200008392334,16.6299991607666,115500,0.0,0.0
2025-10-28 00:00:00-04:00,16.649999618530273,17.139999389648438,16.600000381469727,16.950000762939453,137400,0.0,0.0
2025-10-29 00:00:00-04:00,16.93000030517578,17.540000915527344,16.719999313354492,17.030000686645508,210300,0.0,0.0
2025-10-30 00:00:00-04:00,17.170000076293945,17.170000076293945,16.389999389648438,16.760000228881836,115500,0.0,0.0
2025-10-31 00:00:00-04:00,17.0,17.299999237060547,16.739999771118164,17.059999465942383,164700,0.0,0.0
2025-11-03 00:00:00-05:00,17.059999465942383,18.1200008392334,16.75,17.280000686645508,236800,0.0,0.0
2025-11-04 00:00:00-05:00,17.06999969482422,17.139999389648438,16.75,17.06999969482422,190800,0.0,0.0
2025-11-05 00:00:00-05:00,17.06999969482422,18.0,17.06999969482422,17.729999542236328,181900,0.0,0.0
2025-11-06 00:00:00-05:00,17.65999984741211,17.8700008392334,17.18000030517578,17.280000686645508,190900,0.0,0.0
2025-11-07 00:00:00-05:00,17.170000076293945,17.5,16.5,17.3799991607666,194600,0.0,0.0
2025-11-10 00:00:00-05:00,16.799999237060547,16.799999237060547,12.539999961853027,12.859999656677246,644900,0.0,0.0
2025-11-11 00:00:00-05:00,12.8100004196167,13.430000305175781,12.59000015258789,13.039999961853027,378200,0.0,0.0
2025-11-12 00:00:00-05:00,13.029999732971191,13.600000381469727,13.0,13.489999771118164,256200,0.0,0.0
2025-11-13 00:00:00-05:00,13.279999732971191,13.520000457763672,12.6899995803833,13.010000228881836,315500,0.0,0.0
2025-11-14 00:00:00-05:00,12.789999961853027,13.329999923706055,12.670000076293945,13.09000015258789,199300,0.0,0.0
2025-11-17 00:00:00-05:00,12.970000267028809,13.520000457763672,12.579999923706055,12.579999923706055,253800,0.0,0.0
2025-11-18 00:00:00-05:00,12.510000228881836,13.119999885559082,12.420000076293945,13.079999923706055,240200,0.0,0.0
2025-11-19 00:00:00-05:00,13.0,13.180000305175781,12.5,12.529999732971191,204600,0.0,0.0
2025-11-20 00:00:00-05:00,12.829999923706055,13.100000381469727,12.5,12.600000381469727,253700,0.0,0.0
2025-11-21 00:00:00-05:00,12.619999885559082,13.119999885559082,12.40999984741211,12.90999984741211,228000,0.0,0.0
2025-11-24 00:00:00-05:00,12.90999984741211,13.779999732971191,12.760000228881836,13.699999809265137,191100,0.0,0.0
2025-11-25 00:00:00-05:00,13.5,13.789999961853027,13.199999809265137,13.369999885559082,117200,0.0,0.0
2025-11-26 00:00:00-05:00,13.300000190734863,13.510000228881836,12.949999809265137,13.119999885559082,95800,0.0,0.0
2025-11-28 00:00:00-05:00,13.100000381469727,13.40999984741211,12.960000038146973,13.180000305175781,52300,0.0,0.0
2025-12-01 00:00:00-05:00,13.140000343322754,13.40999984741211,12.84000015258789,13.170000076293945,145300,0.0,0.0
2025-12-02 00:00:00-05:00,13.260000228881836,13.260000228881836,12.489999771118164,12.850000381469727,172800,0.0,0.0
2025-12-03 00:00:00-05:00,12.880000114440918,13.25,12.880000114440918,13.119999885559082,113300,0.0,0.0
2025-12-04 00:00:00-05:00,13.0600004196167,13.210000038146973,12.9399995803833,12.979999542236328,85700,0.0,0.0
2025-12-05 00:00:00-05:00,12.920000076293945,13.010000228881836,12.649999618530273,12.739999771118164,71900,0.0,0.0
2025-12-08 00:00:00-05:00,13.199999809265137,14.220000267028809,13.15999984741211,13.220000267028809,194800,0.0,0.0
2025-12-09 00:00:00-05:00,13.119999885559082,13.460000038146973,12.9399995803833,12.979999542236328,132100,0.0,0.0
2025-12-10 00:00:00-05:00,12.9399995803833,13.770000457763672,12.9399995803833,13.569999694824219,154500,0.0,0.0
2025-12-11 00:00:00-05:00,13.470000267028809,13.829999923706055,13.399999618530273,13.539999961853027,158900,0.0,0.0
2025-12-12 00:00:00-05:00,13.609999656677246,13.920000076293945,13.1899995803833,13.770000457763672,230000,0.0,0.0
2025-12-15 00:00:00-05:00,13.949999809265137,13.949999809265137,12.649999618530273,12.800000190734863,191500,0.0,0.0
2025-12-16 00:00:00-05:00,12.84000015258789,13.170000076293945,12.510000228881836,12.600000381469727,117200,0.0,0.0
2025-12-17 00:00:00-05:00,12.680000305175781,12.770000457763672,12.300000190734863,12.760000228881836,185000,0.0,0.0
2025-12-18 00:00:00-05:00,12.8100004196167,13.109999656677246,12.640000343322754,12.869999885559082,89700,0.0,0.0
2025-12-19 00:00:00-05:00,12.9399995803833,13.170000076293945,12.600000381469727,12.859999656677246,156000,0.0,0.0
2025-12-22 00:00:00-05:00,12.949999809265137,13.09000015258789,12.479999542236328,12.649999618530273,122500,0.0,0.0
2025-12-23 00:00:00-05:00,12.640000343322754,12.680000305175781,12.350000381469727,12.359999656677246,147500,0.0,0.0
2025-12-24 00:00:00-05:00,12.300000190734863,12.34000015258789,11.899999618530273,12.270000457763672,100100,0.0,0.0
2025-12-26 00:00:00-05:00,12.15999984741211,12.550000190734863,12.010000228881836,12.479999542236328,116100,0.0,0.0
2025-12-29 00:00:00-05:00,12.479999542236328,12.609999656677246,12.25,12.399999618530273,141400,0.0,0.0
2025-12-30 00:00:00-05:00,12.399999618530273,12.729999542236328,12.359999656677246,12.510000228881836,104800,0.0,0.0
2025-12-31 00:00:00-05:00,12.5,12.550000190734863,12.15999984741211,12.34000015258789,314500,0.0,0.0
2026-01-02 00:00:00-05:00,12.5,12.5,12.050000190734863,12.359999656677246,96500,0.0,0.0
2026-01-05 00:00:00-05:00,12.390000343322754,12.739999771118164,12.380000114440918,12.550000190734863,83300,0.0,0.0
2026-01-06 00:00:00-05:00,12.4399995803833,12.729999542236328,12.09000015258789,12.710000038146973,94200,0.0,0.0
2026-01-07 00:00:00-05:00,12.670000076293945,12.729999542236328,12.350000381469727,12.380000114440918,82300,0.0,0.0
2026-01-08 00:00:00-05:00,12.3100004196167,12.979999542236328,12.3100004196167,12.859999656677246,95000,0.0,0.0
2026-01-09 00:00:00-05:00,12.8100004196167,12.869999885559082,12.539999961853027,12.729999542236328,77500,0.0,0.0
2026-01-12 00:00:00-05:00,12.609999656677246,13.380000114440918,12.609999656677246,13.260000228881836,112700,0.0,0.0
2026-01-13 00:00:00-05:00,13.300000190734863,13.380000114440918,13.09000015258789,13.170000076293945,79100,0.0,0.0
2026-01-14 00:00:00-05:00,13.170000076293945,13.270000457763672,12.9399995803833,13.069999694824219,120700,0.0,0.0
2026-01-15 00:00:00-05:00,13.100000381469727,13.739999771118164,13.079999923706055,13.600000381469727,104600,0.0,0.0
2026-01-16 00:00:00-05:00,13.630000114440918,13.630000114440918,13.079999923706055,13.09000015258789,92000,0.0,0.0
2026-01-20 00:00:00-05:00,12.779999732971191,13.140000343322754,12.5600004196167,12.720000267028809,74400,0.0,0.0
2026-01-21 00:00:00-05:00,12.869999885559082,13.4399995803833,12.8100004196167,13.420000076293945,77600,0.0,0.0
2026-01-22 00:00:00-05:00,13.489999771118164,13.699999809265137,12.989999771118164,13.0600004196167,135100,0.0,0.0
2026-01-23 00:00:00-05:00,13.029999732971191,13.180000305175781,12.779999732971191,12.989999771118164,44800,0.0,0.0
2026-01-26 00:00:00-05:00,12.930000305175781,13.0,12.720000267028809,12.8100004196167,75100,0.0,0.0
2026-01-27 00:00:00-05:00,12.890000343322754,13.0,12.789999961853027,12.890000343322754,86800,0.0,0.0
2026-01-28 00:00:00-05:00,12.90999984741211,12.970000267028809,12.720000267028809,12.779999732971191,87400,0.0,0.0
2026-01-29 00:00:00-05:00,12.819999694824219,13.109999656677246,12.529999732971191,13.020000457763672,122300,0.0,0.0
2026-01-30 00:00:00-05:00,12.859999656677246,13.279999732971191,12.239999771118164,12.430000305175781,103000,0.0,0.0
2026-02-02 00:00:00-05:00,12.479999542236328,13.199999809265137,12.380000114440918,13.09000015258789,147300,0.0,0.0
2026-02-03 00:00:00-05:00,13.0600004196167,13.5,12.920000076293945,13.319999694824219,93200,0.0,0.0
2026-02-04 00:00:00-05:00,13.149999618530273,13.25,12.869999885559082,13.140000343322754,106000,0.0,0.0
2026-02-05 00:00:00-05:00,13.100000381469727,13.100000381469727,12.529999732971191,12.789999961853027,126500,0.0,0.0
2026-02-06 00:00:00-05:00,12.90999984741211,13.180000305175781,12.819999694824219,13.140000343322754,100300,0.0,0.0
2026-02-09 00:00:00-05:00,10.260000228881836,11.100000381469727,9.289999961853027,10.84000015258789,404200,0.0,0.0
2026-02-10 00:00:00-05:00,10.739999771118164,10.899999618530273,10.300000190734863,10.729999542236328,424700,0.0,0.0
2026-02-11 00:00:00-05:00,10.699999809265137,10.699999809265137,9.8100004196167,10.029999732971191,302900,0.0,0.0
2026-02-12 00:00:00-05:00,10.029999732971191,10.100000381469727,9.289999961853027,9.520000457763672,300000,0.0,0.0
2026-02-13 00:00:00-05:00,9.630000114440918,10.350000381469727,9.5600004196167,10.039999961853027,253100,0.0,0.0
2026-02-17 00:00:00-05:00,9.859999656677246,10.380000114440918,9.75,10.239999771118164,154600,0.0,0.0
2026-02-18 00:00:00-05:00,10.329999923706055,10.899999618530273,9.800000190734863,10.75,186800,0.0,0.0
2026-02-19 00:00:00-05:00,10.5600004196167,10.829999923706055,10.329999923706055,10.579999923706055,312900,0.0,0.0
2026-02-20 00:00:00-05:00,10.489999771118164,10.890000343322754,10.40999984741211,10.640000343322754,201200,0.0,0.0
2026-02-23 00:00:00-05:00,10.460000038146973,10.699999809265137,10.359999656677246,10.579999923706055,256300,0.0,0.0
2026-02-24 00:00:00-05:00,10.569999694824219,10.9399995803833,10.569999694824219,10.649999618530273,126700,0.0,0.0
2026-02-25 00:00:00-05:00,10.739999771118164,10.850000381469727,10.4399995803833,10.770000457763672,71700,0.0,0.0
2026-02-26 00:00:00-05:00,10.729999542236328,10.729999542236328,10.239999771118164,10.350000381469727,65500,0.0,0.0
2026-02-27 00:00:00-05:00,10.199999809265137,10.5,10.069999694824219,10.34000015258789,120300,0.0,0.0
2026-03-02 00:00:00-05:00,10.170000076293945,10.5,10.0600004196167,10.3100004196167,92600,0.0,0.0
2026-03-03 00:00:00-05:00,10.069999694824219,10.489999771118164,9.819999694824219,10.40999984741211,139100,0.0,0.0
2026-03-04 00:00:00-05:00,10.40999984741211,10.420000076293945,10.050000190734863,10.359999656677246,133900,0.0,0.0
2026-03-05 00:00:00-05:00,10.220000267028809,10.630000114440918,10.1899995803833,10.350000381469727,152500,0.0,0.0
2026-03-06 00:00:00-05:00,10.420000076293945,10.970000267028809,10.229999542236328,10.5,221300,0.0,0.0
2026-03-09 00:00:00-04:00,10.380000114440918,10.569999694824219,10.010000228881836,10.149999618530273,220900,0.0,0.0
2026-03-10 00:00:00-04:00,10.109999656677246,10.460000038146973,10.100000381469727,10.1899995803833,131500,0.0,0.0
2026-03-11 00:00:00-04:00,10.199999809265137,10.5600004196167,10.1899995803833,10.449999809265137,144500,0.0,0.0
2026-03-12 00:00:00-04:00,10.359999656677246,10.75,10.109999656677246,10.229999542236328,106900,0.0,0.0
2026-03-13 00:00:00-04:00,10.329999923706055,10.34000015258789,10.050000190734863,10.119999885559082,138700,0.0,0.0
2026-03-16 00:00:00-04:00,10.170000076293945,10.390000343322754,10.100000381469727,10.119999885559082,126000,0.0,0.0
2026-03-17 00:00:00-04:00,10.180000305175781,10.470000267028809,10.180000305175781,10.350000381469727,77400,0.0,0.0
2026-03-18 00:00:00-04:00,10.229999542236328,10.380000114440918,10.050000190734863,10.260000228881836,108600,0.0,0.0
2026-03-19 00:00:00-04:00,10.15999984741211,10.489999771118164,10.130000114440918,10.359999656677246,103100,0.0,0.0
2026-03-20 00:00:00-04:00,10.300000190734863,10.34000015258789,10.100000381469727,10.210000038146973,134800,0.0,0.0
2026-03-23 00:00:00-04:00,10.399999618530273,10.829999923706055,10.350000381469727,10.739999771118164,119300,0.0,0.0
2026-03-24 00:00:00-04:00,10.59000015258789,10.989999771118164,10.59000015258789,10.829999923706055,93900,0.0,0.0
2026-03-25 00:00:00-04:00,10.920000076293945,11.199999809265137,10.800000190734863,11.1899995803833,83600,0.0,0.0
2026-03-26 00:00:00-04:00,11.020000457763672,11.279999732971191,11.0,11.140000343322754,75500,0.0,0.0
2026-03-27 00:00:00-04:00,11.020000457763672,11.180000305175781,10.800000190734863,10.899999618530273,74000,0.0,0.0
2026-03-30 00:00:00-04:00,10.960000038146973,10.960000038146973,9.859999656677246,10.859999656677246,121200,0.0,0.0
2026-03-31 00:00:00-04:00,10.880000114440918,11.210000038146973,10.819999694824219,11.0600004196167,75800,0.0,0.0
2026-04-01 00:00:00-04:00,11.0600004196167,11.279999732971191,10.779999732971191,10.90999984741211,73500,0.0,0.0
2026-04-02 00:00:00-04:00,10.800000190734863,11.0600004196167,10.739999771118164,10.789999961853027,273400,0.0,0.0
2026-04-06 00:00:00-04:00,10.84000015258789,10.84000015258789,9.8100004196167,10.609999656677246,65800,0.0,0.0
2026-04-07 00:00:00-04:00,10.5,10.760000228881836,10.369999885559082,10.630000114440918,61700,0.0,0.0
2026-04-08 00:00:00-04:00,11.020000457763672,11.210000038146973,10.979999542236328,11.140000343322754,53800,0.0,0.0
2026-04-09 00:00:00-04:00,11.140000343322754,11.40999984741211,11.140000343322754,11.359999656677246,56100,0.0,0.0
2026-04-10 00:00:00-04:00,11.369999885559082,11.510000228881836,11.369999885559082,11.460000038146973,38700,0.0,0.0
2026-04-13 00:00:00-04:00,11.15999984741211,11.550000190734863,11.15999984741211,11.369999885559082,34900,0.0,0.0
2026-04-14 00:00:00-04:00,11.180000305175781,11.529999732971191,11.180000305175781,11.489999771118164,43500,0.0,0.0
2026-04-15 00:00:00-04:00,11.260000228881836,11.520000457763672,11.140000343322754,11.180000305175781,70600,0.0,0.0
2026-04-16 00:00:00-04:00,11.140000343322754,11.359999656677246,11.100000381469727,11.229999542236328,81700,0.0,0.0
2026-04-17 00:00:00-04:00,11.420000076293945,12.0,11.140000343322754,11.65999984741211,98800,0.0,0.0
2026-04-20 00:00:00-04:00,11.520000457763672,11.899999618530273,11.069999694824219,11.75,57200,0.0,0.0
2026-04-21 00:00:00-04:00,11.84000015258789,11.930000305175781,11.460000038146973,11.489999771118164,53300,0.0,0.0
2026-04-22 00:00:00-04:00,11.529999732971191,11.6899995803833,10.84000015258789,11.569999694824219,35100,0.0,0.0
2026-04-23 00:00:00-04:00,11.510000228881836,11.630000114440918,11.34000015258789,11.470000267028809,30200,0.0,0.0
2026-04-24 00:00:00-04:00,11.399999618530273,11.729999542236328,11.369999885559082,11.510000228881836,51800,0.0,0.0
2026-04-27 00:00:00-04:00,11.550000190734863,11.979999542236328,11.550000190734863,11.619999885559082,61200,0.0,0.0
2026-04-28 00:00:00-04:00,11.550000190734863,11.729999542236328,11.050000190734863,11.100000381469727,55900,0.0,0.0
2026-04-29 00:00:00-04:00,11.029999732971191,11.3100004196167,10.930000305175781,10.970000267028809,65400,0.0,0.0
2026-04-30 00:00:00-04:00,10.930000305175781,11.630000114440918,10.930000305175781,11.220000267028809,68200,0.0,0.0
2026-05-01 00:00:00-04:00,11.210000038146973,11.369999885559082,11.010000228881836,11.239999771118164,65900,0.0,0.0
2026-05-04 00:00:00-04:00,11.140000343322754,11.5,11.0600004196167,11.140000343322754,40100,0.0,0.0
2026-05-05 00:00:00-04:00,11.180000305175781,11.550000190734863,11.130000114440918,11.350000381469727,32800,0.0,0.0
2026-05-06 00:00:00-04:00,11.510000228881836,11.75,11.399999618530273,11.619999885559082,39300,0.0,0.0
2026-05-07 00:00:00-04:00,11.65999984741211,11.9399995803833,11.25,11.470000267028809,41100,0.0,0.0
2026-05-08 00:00:00-04:00,11.449999809265137,11.829999923706055,11.449999809265137,11.65999984741211,30500,0.0,0.0
2026-05-11 00:00:00-04:00,11.65999984741211,12.0,11.329999923706055,11.600000381469727,42000,0.0,0.0
2026-05-12 00:00:00-04:00,11.600000381469727,11.979999542236328,11.180000305175781,11.229999542236328,48700,0.0,0.0
2026-05-13 00:00:00-04:00,11.1899995803833,11.329999923706055,11.039999961853027,11.1899995803833,39800,0.0,0.0
2026-05-14 00:00:00-04:00,11.3100004196167,11.579999923706055,11.210000038146973,11.380000114440918,37500,0.0,0.0
2026-05-15 00:00:00-04:00,11.199999809265137,11.489999771118164,10.850000381469727,10.960000038146973,67700,0.0,0.0
2026-05-18 00:00:00-04:00,11.0600004196167,11.0600004196167,10.460000038146973,10.539999961853027,33300,0.0,0.0
2026-05-19 00:00:00-04:00,10.420000076293945,10.75,10.119999885559082,10.470000267028809,55700,0.0,0.0
2026-05-20 00:00:00-04:00,10.479999542236328,10.899999618530273,10.479999542236328,10.770000457763672,28600,0.0,0.0
2026-05-21 00:00:00-04:00,10.760000228881836,10.90999984741211,10.569999694824219,10.859999656677246,47000,0.0,0.0
2026-05-22 00:00:00-04:00,10.859999656677246,11.15999984741211,10.8100004196167,10.90999984741211,36500,0.0,0.0
2026-05-26 00:00:00-04:00,10.9399995803833,11.09000015258789,10.8100004196167,10.970000267028809,47600,0.0,0.0
2026-05-27 00:00:00-04:00,10.979999542236328,11.359999656677246,10.979999542236328,11.149999618530273,48800,0.0,0.0
2026-05-28 00:00:00-04:00,11.180000305175781,11.390000343322754,11.069999694824219,11.260000228881836,45300,0.0,0.0
2026-05-29 00:00:00-04:00,11.199999809265137,11.3100004196167,10.880000114440918,11.0600004196167,38300,0.0,0.0
2026-06-01 00:00:00-04:00,11.010000228881836,11.010000228881836,10.380000114440918,10.609999656677246,81700,0.0,0.0
2026-06-02 00:00:00-04:00,10.600000381469727,11.010000228881836,10.470000267028809,10.710000038146973,40400,0.0,0.0
2026-06-03 00:00:00-04:00,10.65999984741211,10.960000038146973,10.529999732971191,10.550000190734863,51400,0.0,0.0
2026-06-04 00:00:00-04:00,10.579999923706055,10.779999732971191,10.470000267028809,10.670000076293945,43800,0.0,0.0
2026-06-05 00:00:00-04:00,10.529999732971191,11.010000228881836,10.529999732971191,10.59000015258789,43400,0.0,0.0
2026-06-08 00:00:00-04:00,14.010000228881836,15.300000190734863,12.9399995803833,14.25,716600,0.0,0.0
2026-06-09 00:00:00-04:00,14.579999923706055,15.270000457763672,13.079999923706055,13.199999809265137,289900,0.0,0.0
2026-06-10 00:00:00-04:00,13.260000228881836,14.960000038146973,13.199999809265137,14.430000305175781,304000,0.0,0.0
2026-06-11 00:00:00-04:00,14.680000305175781,15.220000267028809,14.569999694824219,14.949999809265137,222600,0.0,0.0
2026-06-12 00:00:00-04:00,14.949999809265137,15.220000267028809,14.529999732971191,15.09000015258789,146800,0.0,0.0
2026-06-15 00:00:00-04:00,15.420000076293945,15.640000343322754,14.789999961853027,14.850000381469727,139500,0.0,0.0
2026-06-16 00:00:00-04:00,14.850000381469727,15.079999923706055,14.460000038146973,14.539999961853027,223300,0.0,0.0
2026-06-17 00:00:00-04:00,14.539999961853027,15.100000381469727,14.539999961853027,14.930000305175781,111500,0.0,0.0
2026-06-18 00:00:00-04:00,15.130000114440918,15.489999771118164,15.010000228881836,15.359999656677246,174400,0.0,0.0
2026-06-22 00:00:00-04:00,15.25,15.399999618530273,14.949999809265137,15.119999885559082,84300,0.0,0.0
2026-06-23 00:00:00-04:00,14.920000076293945,15.25,14.789999961853027,14.949999809265137,153800,0.0,0.0
2026-06-24 00:00:00-04:00,15.010000228881836,15.569999694824219,14.880000114440918,15.010000228881836,152100,0.0,0.0
2026-06-25 00:00:00-04:00,15.010000228881836,15.329999923706055,13.979999542236328,14.90999984741211,177500,0.0,0.0
2026-06-26 00:00:00-04:00,14.850000381469727,15.739999771118164,14.850000381469727,15.529999732971191,332300,0.0,0.0
2026-06-29 00:00:00-04:00,15.529999732971191,15.739999771118164,14.979999542236328,15.1899995803833,141800,0.0,0.0
2026-06-30 00:00:00-04:00,15.229999542236328,16.43000030517578,14.90999984741211,15.319999694824219,302500,0.0,0.0
2026-07-01 00:00:00-04:00,15.65999984741211,15.760000228881836,14.880000114440918,15.039999961853027,135000,0.0,0.0
2026-07-02 00:00:00-04:00,15.130000114440918,15.670000076293945,13.819999694824219,14.670000076293945,115300,0.0,0.0
2026-07-06 00:00:00-04:00,14.6899995803833,15.15999984741211,14.489999771118164,14.539999961853027,101300,0.0,0.0
2026-07-07 00:00:00-04:00,14.529999732971191,14.5600004196167,14.180000305175781,14.279999732971191,86700,0.0,0.0
2026-07-08 00:00:00-04:00,14.220000267028809,14.369999885559082,13.75,13.90999984741211,90700,0.0,0.0
2026-07-09 00:00:00-04:00,13.920000076293945,14.15999984741211,13.649999618530273,14.029999732971191,84600,0.0,0.0
2026-07-10 00:00:00-04:00,14.079999923706055,14.180000305175781,13.789999961853027,14.050000190734863,81700,0.0,0.0
2026-07-13 00:00:00-04:00,14.100000381469727,14.850000381469727,14.0,14.359999656677246,154300,0.0,0.0
2026-07-14 00:00:00-04:00,14.369999885559082,14.699999809265137,13.670000076293945,13.869999885559082,92300,0.0,0.0
2026-07-15 00:00:00-04:00,13.890000343322754,14.640000343322754,13.890000343322754,14.3100004196167,113000,0.0,0.0
2026-07-16 00:00:00-04:00,14.239999771118164,14.789999961853027,14.170000076293945,14.369999885559082,116900,0.0,0.0
2026-07-17 00:00:00-04:00,14.15999984741211,14.460000038146973,13.779999732971191,14.0,62600,0.0,0.0
2026-07-20 00:00:00-04:00,14.0600004196167,14.380000114440918,13.640000343322754,13.760000228881836,82500,0.0,0.0
2026-07-21 00:00:00-04:00,13.779999732971191,14.279999732971191,13.65999984741211,14.229999542236328,96300,0.0,0.0
2026-07-22 00:00:00-04:00,14.069999694824219,14.430000305175781,13.880000114440918,13.880000114440918,66700,0.0,0.0
2026-07-23 00:00:00-04:00,13.670000076293945,13.770000457763672,13.369999885559082,13.539999961853027,61800,0.0,0.0
2026-07-24 00:00:00-04:00,13.649999618530273,13.859999656677246,13.449999809265137,13.789999961853027,75100,0.0,0.0
2026-07-27 00:00:00-04:00,13.869999885559082,14.09000015258789,13.550000190734863,13.930000305175781,80100,0.0,0.0
2026-07-28 00:00:00-04:00,13.960000038146973,15.109999656677246,13.920000076293945,14.109999656677246,84100,0.0,0.0
2026-07-29 00:00:00-04:00,14.109999656677246,14.460000038146973,13.949999809265137,14.079999923706055,94900,0.0,0.0
2026-07-30 00:00:00-04:00,14.100000381469727,14.390000343322754,13.680000305175781,13.760000228881836,79900,0.0,0.0
2026-07-31 00:00:00-04:00,13.760000228881836,13.84000015258789,13.329999923706055,13.399999618530273,94300,0.0,0.0
2026-08-03 00:00:00-04:00,13.600000381469727,13.880000114440918,13.109999656677246,13.569999694824219,83800,0.0,0.0
2026-08-04 00:00:00-04:00,13.579999923706055,13.640000343322754,13.210000038146973,13.640000343322754,149100,0.0,0.0
2026-08-05 00:00:00-04:00,13.75,14.079999923706055,13.539999961853027,13.880000114440918,61900,0.0,0.0
2026-08-06 00:00:00-04:00,13.859999656677246,14.029999732971191,13.289999961853027,13.600000381469727,81900,0.0,0.0
2026-08-07 00:00:00-04:00,13.619999885559082,13.890000343322754,13.5600004196167,13.630000114440918,100700,0.0,0.0
2026-08-10 00:00:00-04:00,10.369999885559082,12.640000343322754,10.050000190734863,12.420000076293945,397500,0.0,0.0
2026-08-11 00:00:00-04:00,12.420000076293945,12.829999923706055,12.359999656677246,12.449999809265137,137900,0.0,0.0
2026-08-12 00:00:00-04:00,12.460000038146973,12.680000305175781,11.930000305175781,12.140000343322754,163600,0.0,0.0
2026-08-13 00:00:00-04:00,12.229999542236328,12.680000305175781,12.229999542236328,12.390000343322754,92400,0.0,0.0
2026-08-14 00:00:00-04:00,12.40999984741211,12.579999923706055,12.234999656677246,12.460000038146973,114801,0.0,0.0
