Date,Open,High,Low,Close,Volume,Dividends,Stock Splits
1987-10-07 00:00:00-04:00,1.3277462720870972,1.344768660190778,1.3277462720870972,1.3277462720870972,2640800,0.0,0.0
1987-10-08 00:00:00-04:00,1.3107238839834165,1.3277462720870972,1.3107238839834165,1.3277462720870972,276300,0.0,0.0
1987-10-09 00:00:00-04:00,1.3277462720870972,1.344768660190778,1.3277462720870972,1.3277462720870972,93500,0.0,0.0
1987-10-12 00:00:00-04:00,1.344768660190778,1.344768660190778,1.3277462720870972,1.3277462720870972,127300,0.0,0.0
1987-10-13 00:00:00-04:00,1.344768660190778,1.344768660190778,1.3277462720870972,1.3277462720870972,98000,0.0,0.0
1987-10-14 00:00:00-04:00,1.3277462720870972,1.344768660190778,1.3277462720870972,1.3277462720870972,36000,0.0,0.0
1987-10-15 00:00:00-04:00,1.3277462720870972,1.344768660190778,1.3277462720870972,1.3277462720870972,85600,0.0,0.0
1987-10-16 00:00:00-04:00,1.3277456669867793,1.3447680473327637,1.3277456669867793,1.3447680473327637,57100,0.0,0.0
1987-10-19 00:00:00-04:00,1.3277462720870972,1.344768660190778,1.3277462720870972,1.3277462720870972,64000,0.0,0.0
1987-10-20 00:00:00-04:00,1.3447680473327637,1.3447680473327637,1.3277456669867793,1.3447680473327637,55500,0.0,0.0
1987-10-21 00:00:00-04:00,1.3277462720870972,1.344768660190778,1.3277462720870972,1.3277462720870972,47900,0.0,0.0
1987-10-22 00:00:00-04:00,1.344768660190778,1.344768660190778,1.3107238839834165,1.3277462720870972,49000,0.0,0.0
1987-10-23 00:00:00-04:00,1.310724139213562,1.3277465306319198,1.310724139213562,1.310724139213562,15700,0.0,0.0
1987-10-26 00:00:00-05:00,1.3107238839834165,1.3277462720870972,1.3107238839834165,1.3277462720870972,58600,0.0,0.0
1987-10-27 00:00:00-05:00,1.3277465306319198,1.3277465306319198,1.310724139213562,1.310724139213562,35900,0.0,0.0
1987-10-28 00:00:00-05:00,1.3107240581512452,1.3107240581512452,1.276679277420044,1.276679277420044,41200,0.0,0.0
1987-10-29 00:00:00-05:00,1.276679277420044,1.2937016677856445,1.276679277420044,1.276679277420044,30200,0.0,0.0
1987-10-30 00:00:00-05:00,1.2766791409567784,1.3277463065950494,1.2766791409567784,1.2937015295028687,18100,0.0,0.0
1987-11-02 00:00:00-05:00,1.2937015295028687,1.310723918048959,1.2937015295028687,1.2937015295028687,29000,0.0,0.0
1987-11-03 00:00:00-05:00,1.310723918048959,1.3277463065950494,1.2937015295028687,1.2937015295028687,27200,0.0,0.0
1987-11-04 00:00:00-05:00,1.3277465306319198,1.3277465306319198,1.293701747795204,1.310724139213562,35600,0.0,0.0
1987-11-05 00:00:00-05:00,1.310723286640795,1.3447680473327637,1.310723286640795,1.3447680473327637,19700,0.0,0.0
1987-11-06 00:00:00-05:00,1.3277456669867793,1.3447680473327637,1.310723286640795,1.3447680473327637,19200,0.0,0.0
1987-11-09 00:00:00-05:00,1.3447694510221482,1.378814247250557,1.3277470529079438,1.3617918491363525,34900,0.0,0.0
1987-11-10 00:00:00-05:00,1.3617912339575498,1.378813624382019,1.3617912339575498,1.378813624382019,40700,0.0,0.0
1987-11-11 00:00:00-05:00,1.378813624382019,1.378813624382019,1.3447688435330802,1.378813624382019,27000,0.0,0.0
1987-11-12 00:00:00-05:00,1.3617912339575498,1.378813624382019,1.3447688435330802,1.378813624382019,12100,0.0,0.0
1987-11-13 00:00:00-05:00,1.3617918491363525,1.3617918491363525,1.3447694510221482,1.3617918491363525,27600,0.0,0.0
1987-11-16 00:00:00-05:00,1.378814247250557,1.378814247250557,1.3617918491363525,1.3617918491363525,27900,0.0,0.0
1987-11-17 00:00:00-05:00,1.378813624382019,1.378813624382019,1.3447688435330802,1.378813624382019,30300,0.0,0.0
1987-11-18 00:00:00-05:00,1.378813624382019,1.378813624382019,1.3617912339575498,1.378813624382019,25700,0.0,0.0
1987-11-19 00:00:00-05:00,1.378814247250557,1.378814247250557,1.3617918491363525,1.3617918491363525,30300,0.0,0.0
1987-11-20 00:00:00-05:00,1.3617900439671107,1.4298795461654663,1.3617900439671107,1.4298795461654663,36300,0.0,0.0
1987-11-23 00:00:00-05:00,1.4469021702387246,1.4469021702387246,1.4128574132919312,1.4128574132919312,78100,0.0,0.0
1987-11-24 00:00:00-05:00,1.4128574132919312,1.4298797917653279,1.3958350348185344,1.4128574132919312,27200,0.0,0.0
1987-11-25 00:00:00-05:00,1.4128576618869129,1.4128576618869129,1.378812898949879,1.395835280418396,28600,0.0,0.0
1987-11-27 00:00:00-05:00,1.3958360148064883,1.3958360148064883,1.378813624382019,1.378813624382019,16700,0.0,0.0
1987-11-30 00:00:00-05:00,1.3617918491363525,1.378814247250557,1.3447694510221482,1.3617918491363525,17200,0.0,0.0
1987-12-01 00:00:00-05:00,1.378813624382019,1.378813624382019,1.3617912339575498,1.378813624382019,11900,0.0,0.0
1987-12-02 00:00:00-05:00,1.3617902778717408,1.4128574132919312,1.3617902778717408,1.4128574132919312,19500,0.0,0.0
1987-12-03 00:00:00-05:00,1.4298807956554271,1.4298807956554271,1.378813624382019,1.378813624382019,20800,0.0,0.0
1987-12-04 00:00:00-05:00,1.378812898949879,1.395835280418396,1.3617905174813618,1.395835280418396,29200,0.0,0.0
1987-12-07 00:00:00-05:00,1.378812898949879,1.395835280418396,1.378812898949879,1.395835280418396,15900,0.0,0.0
1987-12-08 00:00:00-05:00,1.378813624382019,1.3958360148064883,1.3617912339575498,1.378813624382019,20100,0.0,0.0
1987-12-09 00:00:00-05:00,1.3675995814947433,1.401789571032112,1.3675995814947433,1.3846945762634277,19900,0.043,0.0
1987-12-10 00:00:00-05:00,1.367600440979004,1.3846954464912413,1.367600440979004,1.367600440979004,26400,0.0,0.0
1987-12-11 00:00:00-05:00,1.3675995814947433,1.3846945762634277,1.3675995814947433,1.3846945762634277,18200,0.0,0.0
1987-12-14 00:00:00-05:00,1.3846954464912413,1.3846954464912413,1.367600440979004,1.367600440979004,14000,0.0,0.0
1987-12-15 00:00:00-05:00,1.367600440979004,1.3846954464912413,1.367600440979004,1.367600440979004,11500,0.0,0.0
1987-12-16 00:00:00-05:00,1.3846945762634277,1.3846945762634277,1.3675995814947433,1.3846945762634277,26700,0.0,0.0
1987-12-17 00:00:00-05:00,1.3846943160382712,1.4017893075942993,1.367599324482243,1.4017893075942993,25400,0.0,0.0
1987-12-18 00:00:00-05:00,1.401789571032112,1.401789571032112,1.3846945762634277,1.3846945762634277,16900,0.0,0.0
1987-12-21 00:00:00-05:00,1.3846945762634277,1.401789571032112,1.3846945762634277,1.3846945762634277,21300,0.0,0.0
1987-12-22 00:00:00-05:00,1.4017893075942993,1.4188842991503272,1.3846943160382712,1.4017893075942993,62300,0.0,0.0
1987-12-23 00:00:00-05:00,1.4188842991503272,1.4188842991503272,1.4017893075942993,1.4017893075942993,16500,0.0,0.0
1987-12-24 00:00:00-05:00,1.3846942947571534,1.41888427734375,1.3846942947571534,1.41888427734375,11500,0.0,0.0
1987-12-28 00:00:00-05:00,1.4017892860504517,1.41888427734375,1.4017892860504517,1.41888427734375,3200,0.0,0.0
1987-12-29 00:00:00-05:00,1.4188828425748008,1.435977816581726,1.4188828425748008,1.435977816581726,33800,0.0,0.0
1987-12-30 00:00:00-05:00,1.4017892860504517,1.41888427734375,1.4017892860504517,1.41888427734375,44100,0.0,0.0
1987-12-31 00:00:00-05:00,1.4017878685678755,1.435977816581726,1.4017878685678755,1.435977816581726,29900,0.0,0.0
1988-01-04 00:00:00-05:00,1.4017892860504517,1.41888427734375,1.4017892860504517,1.41888427734375,28500,0.0,0.0
1988-01-05 00:00:00-05:00,1.4188842991503272,1.4188842991503272,1.4017893075942993,1.4017893075942993,29100,0.0,0.0
1988-01-06 00:00:00-05:00,1.4017893075942993,1.4188842991503272,1.4017893075942993,1.4017893075942993,13100,0.0,0.0
1988-01-07 00:00:00-05:00,1.401790452003479,1.401790452003479,1.367600440979004,1.367600440979004,23600,0.0,0.0
1988-01-08 00:00:00-05:00,1.3846954464912413,1.3846954464912413,1.367600440979004,1.367600440979004,19600,0.0,0.0
1988-01-11 00:00:00-05:00,1.374471099288375,1.39165198802948,1.374471099288375,1.39165198802948,29500,0.05,0.0
1988-01-12 00:00:00-05:00,1.391653163731098,1.391653163731098,1.3744722604751587,1.3744722604751587,18700,0.0,0.0
1988-01-13 00:00:00-05:00,1.391653163731098,1.391653163731098,1.3744722604751587,1.3744722604751587,12700,0.0,0.0
1988-01-14 00:00:00-05:00,1.3401102023788645,1.3744720024398611,1.3401102023788645,1.3572911024093628,18500,0.0,0.0
1988-01-15 00:00:00-05:00,1.3744722604751587,1.391653163731098,1.3744722604751587,1.3744722604751587,17600,0.0,0.0
1988-01-18 00:00:00-05:00,1.391653163731098,1.391653163731098,1.3744722604751587,1.3744722604751587,26100,0.0,0.0
1988-01-19 00:00:00-05:00,1.391653163731098,1.391653163731098,1.3744722604751587,1.3744722604751587,47500,0.0,0.0
1988-01-20 00:00:00-05:00,1.4088340669870376,1.4088340669870376,1.3744722604751587,1.3744722604751587,17500,0.0,0.0
1988-01-21 00:00:00-05:00,1.3744722604751587,1.391653163731098,1.3744722604751587,1.3744722604751587,31300,0.0,0.0
1988-01-22 00:00:00-05:00,1.3744722604751587,1.391653163731098,1.3744722604751587,1.3744722604751587,28700,0.0,0.0
1988-01-25 00:00:00-05:00,1.39165198802948,1.39165198802948,1.374471099288375,1.39165198802948,22300,0.0,0.0
1988-01-26 00:00:00-05:00,1.4088328767705847,1.4088328767705847,1.374471099288375,1.39165198802948,32100,0.0,0.0
1988-01-27 00:00:00-05:00,1.39165198802948,1.4088328767705847,1.374471099288375,1.39165198802948,21200,0.0,0.0
1988-01-28 00:00:00-05:00,1.39165198802948,1.4088328767705847,1.39165198802948,1.39165198802948,18200,0.0,0.0
1988-01-29 00:00:00-05:00,1.408833384513855,1.408833384513855,1.3916524895807594,1.408833384513855,17700,0.0,0.0
1988-02-01 00:00:00-05:00,1.4088324667459509,1.4431942342275594,1.4088324667459509,1.4260133504867554,92100,0.0,0.0
1988-02-02 00:00:00-05:00,1.4088329672813416,1.4431947469711304,1.4088329672813416,1.4431947469711304,23200,0.0,0.0
1988-02-03 00:00:00-05:00,1.4431942342275594,1.4431942342275594,1.4088324667459509,1.4260133504867554,43700,0.0,0.0
1988-02-04 00:00:00-05:00,1.4260142794469508,1.4431951743800466,1.408833384513855,1.408833384513855,34200,0.0,0.0
1988-02-05 00:00:00-05:00,1.4260133504867551,1.4260133504867551,1.4088324667459509,1.4260133504867554,30900,0.0,0.0
1988-02-08 00:00:00-05:00,1.4159303903579712,1.4159303903579712,1.398662946573118,1.4159303903579712,31800,0.052,0.0
1988-02-09 00:00:00-05:00,1.4159303903579712,1.4159303903579712,1.398662946573118,1.4159303903579712,16300,0.0,0.0
1988-02-10 00:00:00-05:00,1.4159296441961218,1.4159296441961218,1.3986622095108032,1.3986622095108032,38400,0.0,0.0
1988-02-11 00:00:00-05:00,1.398662946573118,1.4159303903579712,1.398662946573118,1.4159303903579712,35400,0.0,0.0
1988-02-12 00:00:00-05:00,1.3986622095108032,1.4159296441961218,1.3986622095108032,1.3986622095108032,20800,0.0,0.0
1988-02-16 00:00:00-05:00,1.398663626611233,1.4159310787916184,1.3813961744308472,1.3813961744308472,31200,0.0,0.0
1988-02-17 00:00:00-05:00,1.4159296441961218,1.4159296441961218,1.3813947748254845,1.3986622095108032,36800,0.0,0.0
1988-02-18 00:00:00-05:00,1.398663626611233,1.398663626611233,1.3813961744308472,1.3813961744308472,14000,0.0,0.0
1988-02-19 00:00:00-05:00,1.3986622095108032,1.3986622095108032,1.3813947748254845,1.3986622095108032,30100,0.0,0.0
1988-02-22 00:00:00-05:00,1.398663626611233,1.4159310787916184,1.3813961744308472,1.3813961744308472,37900,0.0,0.0
1988-02-23 00:00:00-05:00,1.3986622095108032,1.3986622095108032,1.364127340140166,1.3986622095108032,13300,0.0,0.0
1988-02-24 00:00:00-05:00,1.4159296441961218,1.4159296441961218,1.3986622095108032,1.3986622095108032,15200,0.0,0.0
1988-02-25 00:00:00-05:00,1.398662946573118,1.4159303903579712,1.398662946573118,1.4159303903579712,24800,0.0,0.0
1988-02-26 00:00:00-05:00,1.4159303903579712,1.4159303903579712,1.398662946573118,1.4159303903579712,12000,0.0,0.0
1988-02-29 00:00:00-05:00,1.4159303903579712,1.4159303903579712,1.398662946573118,1.4159303903579712,22200,0.0,0.0
1988-03-01 00:00:00-05:00,1.4159296441961218,1.4159296441961218,1.3986622095108032,1.3986622095108032,14400,0.0,0.0
1988-03-02 00:00:00-05:00,1.4159303903579712,1.4159303903579712,1.398662946573118,1.4159303903579712,25600,0.0,0.0
1988-03-03 00:00:00-05:00,1.3986622095108032,1.4159296441961218,1.3986622095108032,1.3986622095108032,11300,0.0,0.0
1988-03-04 00:00:00-05:00,1.4159303903579712,1.4159303903579712,1.398662946573118,1.4159303903579712,16600,0.0,0.0
1988-03-07 00:00:00-05:00,1.4159303903579712,1.4159303903579712,1.398662946573118,1.4159303903579712,25100,0.0,0.0
1988-03-08 00:00:00-05:00,1.4159296441961218,1.4159296441961218,1.3986622095108032,1.3986622095108032,33700,0.0,0.0
1988-03-09 00:00:00-05:00,1.4061623811721802,1.4235224105693676,1.4061623811721802,1.4061623811721802,14200,0.054,0.0
1988-03-10 00:00:00-05:00,1.4061617356974905,1.4235217571258545,1.4061617356974905,1.4235217571258545,14100,0.0,0.0
1988-03-11 00:00:00-05:00,1.4235217571258545,1.4235217571258545,1.4061617356974905,1.4235217571258545,37500,0.0,0.0
1988-03-14 00:00:00-05:00,1.4235224105693676,1.4235224105693676,1.4061623811721802,1.4061623811721802,11800,0.0,0.0
1988-03-15 00:00:00-05:00,1.4061623811721802,1.4061623811721802,1.3888023517749928,1.4061623811721802,29200,0.0,0.0
1988-03-16 00:00:00-05:00,1.4061623811721802,1.4061623811721802,1.3888023517749928,1.4061623811721802,16800,0.0,0.0
1988-03-17 00:00:00-05:00,1.3888022899627686,1.4061623185873031,1.3888022899627686,1.3888022899627686,19700,0.0,0.0
1988-03-18 00:00:00-05:00,1.3888022899627686,1.4061623185873031,1.3888022899627686,1.3888022899627686,16300,0.0,0.0
1988-03-21 00:00:00-05:00,1.3888022899627686,1.4061623185873031,1.371442261338234,1.3888022899627686,10800,0.0,0.0
1988-03-22 00:00:00-05:00,1.3888016229943383,1.3888016229943383,1.3714416027069092,1.3714416027069092,3900,0.0,0.0
1988-03-23 00:00:00-05:00,1.3888016229943383,1.3888016229943383,1.3714416027069092,1.3714416027069092,18600,0.0,0.0
1988-03-24 00:00:00-05:00,1.3714416027069092,1.3888016229943383,1.3714416027069092,1.3714416027069092,22100,0.0,0.0
1988-03-25 00:00:00-05:00,1.3714416027069092,1.3888016229943383,1.3540815824194798,1.3714416027069092,29800,0.0,0.0
1988-03-28 00:00:00-05:00,1.3714423760389671,1.3714423760389671,1.3540823459625244,1.3540823459625244,1600,0.0,0.0
1988-03-29 00:00:00-05:00,1.3714416027069092,1.3714416027069092,1.3540815824194798,1.3714416027069092,28900,0.0,0.0
1988-03-30 00:00:00-05:00,1.3540815824194798,1.3714416027069092,1.3540815824194798,1.3714416027069092,8400,0.0,0.0
1988-03-31 00:00:00-05:00,1.3714423760389671,1.3714423760389671,1.3540823459625244,1.3540823459625244,20400,0.0,0.0
1988-04-04 00:00:00-04:00,1.3540823459625244,1.3714423760389671,1.336722315886082,1.3540823459625244,18100,0.0,0.0
1988-04-05 00:00:00-04:00,1.3714423760389671,1.3714423760389671,1.3540823459625244,1.3540823459625244,31200,0.0,0.0
1988-04-06 00:00:00-04:00,1.3714416027069092,1.3714416027069092,1.3540815824194798,1.3714416027069092,19700,0.0,0.0
1988-04-07 00:00:00-04:00,1.3714416027069092,1.3714416027069092,1.3540815824194798,1.3714416027069092,12300,0.0,0.0
1988-04-08 00:00:00-04:00,1.3714416027069092,1.3714416027069092,1.3540815824194798,1.3714416027069092,30500,0.0,0.0
1988-04-11 00:00:00-04:00,1.3616657196720943,1.3791229724884033,1.3616657196720943,1.3791229724884033,17000,0.055,0.0
1988-04-12 00:00:00-04:00,1.3791228578640866,1.3791228578640866,1.3616656064987183,1.3616656064987183,18800,0.0,0.0
1988-04-13 00:00:00-04:00,1.3791228578640866,1.3791228578640866,1.3616656064987183,1.3616656064987183,27800,0.0,0.0
1988-04-14 00:00:00-04:00,1.3616656064987183,1.3616656064987183,1.3442083551333501,1.3616656064987183,14700,0.0,0.0
1988-04-15 00:00:00-04:00,1.3442083551333501,1.3616656064987183,1.3442083551333501,1.3616656064987183,17200,0.0,0.0
1988-04-18 00:00:00-04:00,1.3442083597183228,1.361665611143236,1.3442083597183228,1.3442083597183228,15300,0.0,0.0
1988-04-19 00:00:00-04:00,1.3442083597183228,1.361665611143236,1.3442083597183228,1.3442083597183228,41500,0.0,0.0
1988-04-20 00:00:00-04:00,1.361665611143236,1.3791228625681493,1.3442083597183228,1.3442083597183228,25000,0.0,0.0
1988-04-21 00:00:00-04:00,1.3442083597183228,1.361665611143236,1.3442083597183228,1.3442083597183228,38600,0.0,0.0
1988-04-22 00:00:00-04:00,1.3442083551333501,1.3791228578640866,1.3442083551333501,1.3616656064987183,31200,0.0,0.0
1988-04-25 00:00:00-04:00,1.3791229724884033,1.3791229724884033,1.3616657196720943,1.3791229724884033,29500,0.0,0.0
1988-04-26 00:00:00-04:00,1.3791229724884033,1.3965802253047122,1.3616657196720943,1.3791229724884033,24100,0.0,0.0
1988-04-27 00:00:00-04:00,1.3965802253047122,1.3965802253047122,1.3791229724884033,1.3791229724884033,11200,0.0,0.0
1988-04-28 00:00:00-04:00,1.3791229724884033,1.3965802253047122,1.3791229724884033,1.3791229724884033,8100,0.0,0.0
1988-04-29 00:00:00-04:00,1.3791229724884033,1.3965802253047122,1.3791229724884033,1.3791229724884033,17300,0.0,0.0
1988-05-02 00:00:00-04:00,1.396581768989563,1.396581768989563,1.3791244968771934,1.396581768989563,10700,0.0,0.0
1988-05-03 00:00:00-04:00,1.3791244968771934,1.396581768989563,1.3791244968771934,1.396581768989563,3400,0.0,0.0
1988-05-04 00:00:00-04:00,1.3965802253047122,1.3965802253047122,1.3791229724884033,1.3791229724884033,37500,0.0,0.0
1988-05-05 00:00:00-04:00,1.3791244968771934,1.396581768989563,1.3791244968771934,1.396581768989563,26800,0.0,0.0
1988-05-06 00:00:00-04:00,1.396581768989563,1.396581768989563,1.3791244968771934,1.396581768989563,19100,0.0,0.0
1988-05-09 00:00:00-04:00,1.38675105124712,1.4043048620224,1.38675105124712,1.4043048620224,20600,0.055,0.0
1988-05-10 00:00:00-04:00,1.40430341793012,1.40430341793012,1.369195832481867,1.3867496252059937,31700,0.0,0.0
1988-05-11 00:00:00-04:00,1.3867502151391444,1.3867502151391444,1.3691964149475098,1.3691964149475098,11000,0.0,0.0
1988-05-12 00:00:00-04:00,1.3867496252059934,1.3867496252059934,1.369195832481867,1.3867496252059937,23100,0.0,0.0
1988-05-13 00:00:00-04:00,1.369195832481867,1.3867496252059934,1.369195832481867,1.3867496252059937,9100,0.0,0.0
1988-05-16 00:00:00-04:00,1.3867496252059934,1.3867496252059934,1.369195832481867,1.3867496252059937,12800,0.0,0.0
1988-05-17 00:00:00-04:00,1.369195832481867,1.3867496252059934,1.369195832481867,1.3867496252059937,6400,0.0,0.0
1988-05-18 00:00:00-04:00,1.3867502151391444,1.3867502151391444,1.3691964149475098,1.3691964149475098,17900,0.0,0.0
1988-05-19 00:00:00-04:00,1.3867496252059934,1.3867496252059934,1.369195832481867,1.3867496252059937,16000,0.0,0.0
1988-05-20 00:00:00-04:00,1.3867502151391444,1.3867502151391444,1.3691964149475098,1.3691964149475098,17600,0.0,0.0
1988-05-23 00:00:00-04:00,1.369195832481867,1.3867496252059934,1.369195832481867,1.3867496252059937,18400,0.0,0.0
1988-05-24 00:00:00-04:00,1.40430341793012,1.40430341793012,1.369195832481867,1.3867496252059937,51500,0.0,0.0
1988-05-25 00:00:00-04:00,1.369195832481867,1.3867496252059934,1.369195832481867,1.3867496252059937,7800,0.0,0.0
1988-05-26 00:00:00-04:00,1.3867502151391444,1.3867502151391444,1.3691964149475098,1.3691964149475098,14700,0.0,0.0
1988-05-27 00:00:00-04:00,1.369195832481867,1.3867496252059934,1.369195832481867,1.3867496252059937,19100,0.0,0.0
1988-05-31 00:00:00-04:00,1.3867496252059934,1.3867496252059934,1.369195832481867,1.3867496252059937,35900,0.0,0.0
1988-06-01 00:00:00-04:00,1.369195832481867,1.3867496252059934,1.369195832481867,1.3867496252059937,16600,0.0,0.0
1988-06-02 00:00:00-04:00,1.369195832481867,1.3867496252059934,1.369195832481867,1.3867496252059937,20400,0.0,0.0
1988-06-03 00:00:00-04:00,1.3867496252059934,1.3867496252059934,1.369195832481867,1.3867496252059937,8500,0.0,0.0
1988-06-06 00:00:00-04:00,1.3867502151391444,1.3867502151391444,1.3691964149475098,1.3691964149475098,11500,0.0,0.0
1988-06-07 00:00:00-04:00,1.3867496252059934,1.3867496252059934,1.369195832481867,1.3867496252059937,8400,0.0,0.0
1988-06-08 00:00:00-04:00,1.38675105124712,1.4043048620224,1.36919724047184,1.4043048620224,25500,0.0,0.0
1988-06-09 00:00:00-04:00,1.3945605412125588,1.4122132062911987,1.3945605412125588,1.4122132062911987,20400,0.056,0.0
1988-06-10 00:00:00-04:00,1.394559621810913,1.4122122752515576,1.394559621810913,1.394559621810913,5300,0.0,0.0
1988-06-13 00:00:00-04:00,1.3945605412125588,1.4122132062911987,1.3945605412125588,1.4122132062911987,36000,0.0,0.0
1988-06-14 00:00:00-04:00,1.3945605412125588,1.4122132062911987,1.3945605412125588,1.4122132062911987,21500,0.0,0.0
1988-06-15 00:00:00-04:00,1.3945605412125588,1.4122132062911987,1.3945605412125588,1.4122132062911987,12300,0.0,0.0
1988-06-16 00:00:00-04:00,1.394559621810913,1.4122122752515576,1.394559621810913,1.394559621810913,9800,0.0,0.0
1988-06-17 00:00:00-04:00,1.4122122752515576,1.4122122752515576,1.394559621810913,1.394559621810913,8000,0.0,0.0
1988-06-20 00:00:00-04:00,1.3945605412125588,1.4122132062911987,1.3945605412125588,1.4122132062911987,15000,0.0,0.0
1988-06-21 00:00:00-04:00,1.4122122752515576,1.4122122752515576,1.394559621810913,1.394559621810913,12900,0.0,0.0
1988-06-22 00:00:00-04:00,1.4122132062911987,1.4122132062911987,1.3945605412125588,1.4122132062911987,12600,0.0,0.0
1988-06-23 00:00:00-04:00,1.3945605412125588,1.4122132062911987,1.3945605412125588,1.4122132062911987,19600,0.0,0.0
1988-06-24 00:00:00-04:00,1.4122122752515576,1.4122122752515576,1.394559621810913,1.394559621810913,15400,0.0,0.0
1988-06-27 00:00:00-04:00,1.3945605412125588,1.4122132062911987,1.3945605412125588,1.4122132062911987,14000,0.0,0.0
1988-06-28 00:00:00-04:00,1.394559621810913,1.4122122752515576,1.394559621810913,1.394559621810913,22700,0.0,0.0
1988-06-29 00:00:00-04:00,1.3945605412125588,1.4122132062911987,1.3945605412125588,1.4122132062911987,15500,0.0,0.0
1988-06-30 00:00:00-04:00,1.394559621810913,1.4122122752515576,1.394559621810913,1.394559621810913,17000,0.0,0.0
1988-07-01 00:00:00-04:00,1.4122132062911987,1.4122132062911987,1.3945605412125588,1.4122132062911987,13100,0.0,0.0
1988-07-05 00:00:00-04:00,1.4122122752515576,1.4122122752515576,1.394559621810913,1.394559621810913,22200,0.0,0.0
1988-07-06 00:00:00-04:00,1.3945605412125588,1.4122132062911987,1.3945605412125588,1.4122132062911987,12300,0.0,0.0
1988-07-07 00:00:00-04:00,1.3945602484238453,1.3945602484238453,1.3769075870513916,1.3769075870513916,17600,0.0,0.0
1988-07-08 00:00:00-04:00,1.3945605412125588,1.4122132062911987,1.3769078761339189,1.4122132062911987,9400,0.0,0.0
1988-07-11 00:00:00-04:00,1.402412902086209,1.402412902086209,1.3846608400344849,1.3846608400344849,7400,0.056,0.0
1988-07-12 00:00:00-04:00,1.384662241875371,1.402414321899414,1.3669101618513275,1.402414321899414,28100,0.0,0.0
1988-07-13 00:00:00-04:00,1.384662241875371,1.402414321899414,1.384662241875371,1.402414321899414,17300,0.0,0.0
1988-07-14 00:00:00-04:00,1.402414321899414,1.402414321899414,1.384662241875371,1.402414321899414,10100,0.0,0.0
1988-07-15 00:00:00-04:00,1.402414321899414,1.402414321899414,1.384662241875371,1.402414321899414,11900,0.0,0.0
1988-07-18 00:00:00-04:00,1.402412902086209,1.402412902086209,1.3846608400344849,1.3846608400344849,21700,0.0,0.0
1988-07-19 00:00:00-04:00,1.3846608400344849,1.402412902086209,1.3846608400344849,1.3846608400344849,9800,0.0,0.0
1988-07-20 00:00:00-04:00,1.3846608400344849,1.402412902086209,1.3846608400344849,1.3846608400344849,23700,0.0,0.0
1988-07-21 00:00:00-04:00,1.402412902086209,1.402412902086209,1.3846608400344849,1.3846608400344849,13100,0.0,0.0
1988-07-22 00:00:00-04:00,1.402414321899414,1.402414321899414,1.384662241875371,1.402414321899414,17700,0.0,0.0
1988-07-25 00:00:00-04:00,1.402414321899414,1.402414321899414,1.384662241875371,1.402414321899414,11500,0.0,0.0
1988-07-26 00:00:00-04:00,1.384662241875371,1.4201664019234572,1.384662241875371,1.402414321899414,10800,0.0,0.0
1988-07-27 00:00:00-04:00,1.4201664019234572,1.4201664019234572,1.384662241875371,1.402414321899414,7400,0.0,0.0
1988-07-28 00:00:00-04:00,1.402414321899414,1.402414321899414,1.402414321899414,1.402414321899414,6000,0.0,0.0
1988-07-29 00:00:00-04:00,1.4201664924621582,1.4201664924621582,1.4024144113063812,1.4201664924621582,11700,0.0,0.0
1988-08-01 00:00:00-04:00,1.4201664924621582,1.4201664924621582,1.4024144113063812,1.4201664924621582,9300,0.0,0.0
1988-08-02 00:00:00-04:00,1.4201664924621582,1.4201664924621582,1.4024144113063812,1.4201664924621582,14100,0.0,0.0
1988-08-03 00:00:00-04:00,1.4201664019234572,1.4201664019234572,1.402414321899414,1.402414321899414,17600,0.0,0.0
1988-08-04 00:00:00-04:00,1.4201664924621582,1.4201664924621582,1.4024144113063812,1.4201664924621582,31200,0.0,0.0
1988-08-05 00:00:00-04:00,1.4024144113063812,1.4379185736179352,1.4024144113063812,1.4201664924621582,18000,0.0,0.0
1988-08-08 00:00:00-04:00,1.4201664924621582,1.4379185736179352,1.4201664924621582,1.4201664924621582,11000,0.0,0.0
1988-08-09 00:00:00-04:00,1.4031826212436338,1.4391616628139834,1.4031826212436338,1.4211721420288086,13000,0.132,0.0
1988-08-10 00:00:00-04:00,1.4211721420288086,1.4391616628139834,1.4211721420288086,1.4211721420288086,11100,0.0,0.0
1988-08-11 00:00:00-04:00,1.4211721420288086,1.4211721420288086,1.4211721420288086,1.4211721420288086,8900,0.0,0.0
1988-08-12 00:00:00-04:00,1.4031826212436338,1.4211721420288086,1.4031826212436338,1.4211721420288086,4100,0.0,0.0
1988-08-15 00:00:00-04:00,1.403183102607727,1.4211726295642364,1.403183102607727,1.403183102607727,29300,0.0,0.0
1988-08-16 00:00:00-04:00,1.4211721420288086,1.4211721420288086,1.4031826212436338,1.4211721420288086,26500,0.0,0.0
1988-08-17 00:00:00-04:00,1.421172640540383,1.421172640540383,1.3851935863494873,1.3851935863494873,32300,0.0,0.0
1988-08-18 00:00:00-04:00,1.3851935863494873,1.4031831134449353,1.3851935863494873,1.3851935863494873,34400,0.0,0.0
1988-08-19 00:00:00-04:00,1.3851935756512177,1.403183102607727,1.3851935756512177,1.403183102607727,10900,0.0,0.0
1988-08-22 00:00:00-04:00,1.403183102607727,1.403183102607727,1.3851935756512177,1.403183102607727,27400,0.0,0.0
1988-08-23 00:00:00-04:00,1.4211726295642364,1.4211726295642364,1.403183102607727,1.403183102607727,14800,0.0,0.0
1988-08-24 00:00:00-04:00,1.4211726295642364,1.4211726295642364,1.403183102607727,1.403183102607727,30700,0.0,0.0
1988-08-25 00:00:00-04:00,1.403183102607727,1.4211726295642364,1.403183102607727,1.403183102607727,10100,0.0,0.0
1988-08-26 00:00:00-04:00,1.4211721420288086,1.4211721420288086,1.4031826212436338,1.4211721420288086,16600,0.0,0.0
1988-08-29 00:00:00-04:00,1.4031826212436338,1.4211721420288086,1.4031826212436338,1.4211721420288086,18200,0.0,0.0
1988-08-30 00:00:00-04:00,1.4211726295642364,1.4211726295642364,1.403183102607727,1.403183102607727,14900,0.0,0.0
1988-08-31 00:00:00-04:00,1.4211721420288086,1.4211721420288086,1.4031826212436338,1.4211721420288086,13300,0.0,0.0
1988-09-01 00:00:00-04:00,1.4211721420288086,1.4211721420288086,1.4031826212436338,1.4211721420288086,20800,0.0,0.0
1988-09-02 00:00:00-04:00,1.4211721420288086,1.4211721420288086,1.4031826212436338,1.4211721420288086,22900,0.0,0.0
1988-09-06 00:00:00-04:00,1.4211721420288086,1.4211721420288086,1.4031826212436338,1.4211721420288086,19100,0.0,0.0
1988-09-07 00:00:00-04:00,1.403183102607727,1.4211726295642364,1.403183102607727,1.403183102607727,17800,0.0,0.0
1988-09-08 00:00:00-04:00,1.4211721420288086,1.4211721420288086,1.4031826212436338,1.4211721420288086,9800,0.0,0.0
1988-09-09 00:00:00-04:00,1.4111863601056835,1.4292784929275513,1.4111863601056835,1.4292784929275513,7200,0.056,0.0
1988-09-12 00:00:00-04:00,1.429277866314619,1.429277866314619,1.4111857414245605,1.4111857414245605,21000,0.0,0.0
1988-09-13 00:00:00-04:00,1.429277866314619,1.429277866314619,1.4111857414245605,1.4111857414245605,19600,0.0,0.0
1988-09-14 00:00:00-04:00,1.4111863601056835,1.4292784929275513,1.4111863601056835,1.4292784929275513,5600,0.0,0.0
1988-09-15 00:00:00-04:00,1.4111863601056835,1.4292784929275513,1.4111863601056835,1.4292784929275513,21000,0.0,0.0
1988-09-16 00:00:00-04:00,1.4292784929275513,1.4292784929275513,1.4111863601056835,1.4292784929275513,12800,0.0,0.0
1988-09-19 00:00:00-04:00,1.429277866314619,1.429277866314619,1.4111857414245605,1.4111857414245605,7800,0.0,0.0
1988-09-20 00:00:00-04:00,1.4292784929275513,1.4292784929275513,1.4111863601056835,1.4292784929275513,10000,0.0,0.0
1988-09-21 00:00:00-04:00,1.429277866314619,1.429277866314619,1.4111857414245605,1.4111857414245605,11600,0.0,0.0
1988-09-22 00:00:00-04:00,1.429277866314619,1.429277866314619,1.4111857414245605,1.4111857414245605,14900,0.0,0.0
1988-09-23 00:00:00-04:00,1.4111857414245605,1.429277866314619,1.4111857414245605,1.4111857414245605,6900,0.0,0.0
1988-09-26 00:00:00-04:00,1.4292784929275513,1.4292784929275513,1.4111863601056835,1.4292784929275513,25500,0.0,0.0
1988-09-27 00:00:00-04:00,1.447370625749419,1.447370625749419,1.4292784929275513,1.4292784929275513,43900,0.0,0.0
1988-09-28 00:00:00-04:00,1.4473720788955688,1.4473720788955688,1.4292799279093742,1.4473720788955688,12800,0.0,0.0
1988-09-29 00:00:00-04:00,1.447370625749419,1.447370625749419,1.4292784929275513,1.4292784929275513,25700,0.0,0.0
1988-09-30 00:00:00-04:00,1.447370625749419,1.447370625749419,1.4111863601056835,1.4292784929275513,20700,0.0,0.0
1988-10-03 00:00:00-04:00,1.4292799279093742,1.4473720788955688,1.4292799279093742,1.4473720788955688,4700,0.0,0.0
1988-10-04 00:00:00-04:00,1.4292784929275513,1.447370625749419,1.4292784929275513,1.4292784929275513,8100,0.0,0.0
1988-10-05 00:00:00-04:00,1.4473720788955688,1.4473720788955688,1.4292799279093742,1.4473720788955688,18200,0.0,0.0
1988-10-06 00:00:00-04:00,1.447370625749419,1.447370625749419,1.4292784929275513,1.4292784929275513,13600,0.0,0.0
1988-10-07 00:00:00-04:00,1.4374296262860298,1.4556249380111694,1.4374296262860298,1.4556249380111694,28000,0.056,0.0
1988-10-10 00:00:00-04:00,1.4556249380111694,1.4556249380111694,1.4374296262860298,1.4556249380111694,18000,0.0,0.0
1988-10-11 00:00:00-04:00,1.4556249380111694,1.4556249380111694,1.4374296262860298,1.4556249380111694,12400,0.0,0.0
1988-10-12 00:00:00-04:00,1.4556257030631923,1.4556257030631923,1.4192350604866124,1.4374303817749023,19300,0.0,0.0
1988-10-13 00:00:00-04:00,1.4192350604866124,1.4374303817749023,1.4192350604866124,1.4374303817749023,9600,0.0,0.0
1988-10-14 00:00:00-04:00,1.4374303817749023,1.4556257030631923,1.4374303817749023,1.4374303817749023,6400,0.0,0.0
1988-10-17 00:00:00-04:00,1.4556257030631923,1.4556257030631923,1.4374303817749023,1.4374303817749023,3200,0.0,0.0
1988-10-18 00:00:00-04:00,1.437429707783919,1.4556250205406775,1.4192343950271606,1.4192343950271606,30600,0.0,0.0
1988-10-19 00:00:00-04:00,1.4374303817749023,1.4374303817749023,1.4192350604866124,1.4374303817749023,14700,0.0,0.0
1988-10-20 00:00:00-04:00,1.4374303817749023,1.4374303817749023,1.4192350604866124,1.4374303817749023,24200,0.0,0.0
1988-10-21 00:00:00-04:00,1.4374303817749023,1.4374303817749023,1.4192350604866124,1.4374303817749023,20600,0.0,0.0
1988-10-24 00:00:00-04:00,1.4374303817749023,1.4556257030631923,1.4374303817749023,1.4374303817749023,23200,0.0,0.0
1988-10-25 00:00:00-04:00,1.4556257030631923,1.4556257030631923,1.4374303817749023,1.4374303817749023,10700,0.0,0.0
1988-10-26 00:00:00-04:00,1.4374303817749023,1.4556257030631923,1.4374303817749023,1.4374303817749023,6900,0.0,0.0
1988-10-27 00:00:00-04:00,1.4556249380111694,1.4556249380111694,1.4374296262860298,1.4556249380111694,18600,0.0,0.0
1988-10-28 00:00:00-04:00,1.4374305171731077,1.4738211631774902,1.4374305171731077,1.4738211631774902,30000,0.0,0.0
1988-10-31 00:00:00-05:00,1.4556258401752988,1.4738211631774902,1.4556258401752988,1.4738211631774902,8800,0.0,0.0
1988-11-01 00:00:00-05:00,1.4556249380111694,1.473820249736309,1.4556249380111694,1.4556249380111694,17600,0.0,0.0
1988-11-02 00:00:00-05:00,1.473820249736309,1.473820249736309,1.4556249380111694,1.4556249380111694,10800,0.0,0.0
1988-11-03 00:00:00-05:00,1.4556258401752988,1.4738211631774902,1.4556258401752988,1.4738211631774902,28300,0.0,0.0
1988-11-04 00:00:00-05:00,1.4556249380111694,1.473820249736309,1.4556249380111694,1.4556249380111694,8300,0.0,0.0
1988-11-07 00:00:00-05:00,1.473820249736309,1.473820249736309,1.4556249380111694,1.4556249380111694,17100,0.0,0.0
1988-11-08 00:00:00-05:00,1.463822841644287,1.4821206271648408,1.463822841644287,1.463822841644287,17200,0.056,0.0
1988-11-09 00:00:00-05:00,1.463822841644287,1.4821206271648408,1.4455250561237336,1.463822841644287,39000,0.0,0.0
1988-11-10 00:00:00-05:00,1.4638231977631775,1.4638231977631775,1.4455254077911377,1.4455254077911377,12200,0.0,0.0
1988-11-11 00:00:00-05:00,1.4455250561237336,1.463822841644287,1.4455250561237336,1.463822841644287,9900,0.0,0.0
1988-11-14 00:00:00-05:00,1.4638216701554663,1.4821194410324097,1.4638216701554663,1.4821194410324097,25700,0.0,0.0
1988-11-15 00:00:00-05:00,1.4821206271648408,1.4821206271648408,1.4455250561237336,1.463822841644287,11000,0.0,0.0
1988-11-16 00:00:00-05:00,1.463822841644287,1.463822841644287,1.4455250561237336,1.463822841644287,27100,0.0,0.0
1988-11-17 00:00:00-05:00,1.4455250561237336,1.463822841644287,1.4455250561237336,1.463822841644287,8100,0.0,0.0
1988-11-18 00:00:00-05:00,1.463822841644287,1.463822841644287,1.4455250561237336,1.463822841644287,16900,0.0,0.0
1988-11-21 00:00:00-05:00,1.4638216701554663,1.4821194410324097,1.4638216701554663,1.4821194410324097,11400,0.0,0.0
1988-11-22 00:00:00-05:00,1.4821206271648408,1.4821206271648408,1.463822841644287,1.463822841644287,34300,0.0,0.0
1988-11-23 00:00:00-05:00,1.463822841644287,1.4821206271648408,1.463822841644287,1.463822841644287,7000,0.0,0.0
1988-11-25 00:00:00-05:00,1.463822841644287,1.463822841644287,1.4455250561237336,1.463822841644287,3200,0.0,0.0
1988-11-28 00:00:00-05:00,1.4638231977631775,1.4638231977631775,1.4455254077911377,1.4455254077911377,12900,0.0,0.0
1988-11-29 00:00:00-05:00,1.4455254077911377,1.4638231977631775,1.4455254077911377,1.4455254077911377,29000,0.0,0.0
1988-11-30 00:00:00-05:00,1.463822841644287,1.463822841644287,1.463822841644287,1.463822841644287,18200,0.0,0.0
1988-12-01 00:00:00-05:00,1.482120987735217,1.482120987735217,1.4455254077911377,1.4455254077911377,23200,0.0,0.0
1988-12-02 00:00:00-05:00,1.4638231977631775,1.4638231977631775,1.4455254077911377,1.4455254077911377,19700,0.0,0.0
1988-12-05 00:00:00-05:00,1.4638231977631775,1.4638231977631775,1.4455254077911377,1.4455254077911377,12900,0.0,0.0
1988-12-06 00:00:00-05:00,1.4455254077911377,1.4455254077911377,1.427227617819098,1.4455254077911377,14300,0.0,0.0
1988-12-07 00:00:00-05:00,1.4455254077911377,1.4455254077911377,1.4455254077911377,1.4455254077911377,16300,0.0,0.0
1988-12-08 00:00:00-05:00,1.4455254077911377,1.4455254077911377,1.427227617819098,1.4455254077911377,17600,0.0,0.0
1988-12-09 00:00:00-05:00,1.4353679418563843,1.453770094957107,1.4353679418563843,1.4353679418563843,9100,0.056,0.0
1988-12-12 00:00:00-05:00,1.435367300540586,1.4537694454193115,1.435367300540586,1.4537694454193115,27000,0.0,0.0
1988-12-13 00:00:00-05:00,1.435367300540586,1.4537694454193115,1.435367300540586,1.4537694454193115,5400,0.0,0.0
1988-12-14 00:00:00-05:00,1.4537694454193115,1.4537694454193115,1.435367300540586,1.4537694454193115,6600,0.0,0.0
1988-12-15 00:00:00-05:00,1.4537694454193115,1.4537694454193115,1.435367300540586,1.4537694454193115,8100,0.0,0.0
1988-12-16 00:00:00-05:00,1.435367300540586,1.4537694454193115,1.435367300540586,1.4537694454193115,30400,0.0,0.0
1988-12-19 00:00:00-05:00,1.4353679418563843,1.4353679418563843,1.4353679418563843,1.4353679418563843,19400,0.0,0.0
1988-12-20 00:00:00-05:00,1.435365580893182,1.435365580893182,1.4169634580612183,1.4169634580612183,15000,0.0,0.0
1988-12-21 00:00:00-05:00,1.4169634580612183,1.435365580893182,1.4169634580612183,1.4169634580612183,17000,0.0,0.0
1988-12-22 00:00:00-05:00,1.4353679418563843,1.4353679418563843,1.4169657887556615,1.4353679418563843,18000,0.0,0.0
1988-12-23 00:00:00-05:00,1.435365580893182,1.435365580893182,1.4169634580612183,1.4169634580612183,6100,0.0,0.0
1988-12-27 00:00:00-05:00,1.4169651556618605,1.4537694454193115,1.4169651556618605,1.4537694454193115,15700,0.0,0.0
1988-12-28 00:00:00-05:00,1.4537694454193115,1.4537694454193115,1.435367300540586,1.4537694454193115,11000,0.0,0.0
1988-12-29 00:00:00-05:00,1.435367300540586,1.4537694454193115,1.435367300540586,1.4537694454193115,16500,0.0,0.0
1988-12-30 00:00:00-05:00,1.4537694454193115,1.4537694454193115,1.435367300540586,1.4537694454193115,4300,0.0,0.0
1989-01-03 00:00:00-05:00,1.435367300540586,1.4537694454193115,1.435367300540586,1.4537694454193115,12000,0.0,0.0
1989-01-04 00:00:00-05:00,1.4537694454193115,1.4537694454193115,1.435367300540586,1.4537694454193115,22500,0.0,0.0
1989-01-05 00:00:00-05:00,1.4537694454193115,1.4537694454193115,1.435367300540586,1.4537694454193115,7600,0.0,0.0
1989-01-06 00:00:00-05:00,1.453770094957107,1.453770094957107,1.4353679418563843,1.4353679418563843,36800,0.0,0.0
1989-01-09 00:00:00-05:00,1.4251488523605542,1.4621657056686206,1.4251488523605542,1.4436572790145874,16100,0.056,0.0
1989-01-10 00:00:00-05:00,1.4621661901474,1.4621661901474,1.4621661901474,1.4621661901474,8600,0.0,0.0
1989-01-11 00:00:00-05:00,1.4621657056686206,1.4621657056686206,1.4436572790145874,1.4436572790145874,8500,0.0,0.0
1989-01-12 00:00:00-05:00,1.480674622934076,1.480674622934076,1.4621661901474,1.4621661901474,19300,0.0,0.0
1989-01-13 00:00:00-05:00,1.4806749820709229,1.4806749820709229,1.4621665447950363,1.4806749820709229,13900,0.0,0.0
1989-01-16 00:00:00-05:00,1.4806749820709229,1.4806749820709229,1.4621665447950363,1.4806749820709229,20400,0.0,0.0
1989-01-17 00:00:00-05:00,1.4806749820709229,1.4806749820709229,1.4621665447950363,1.4806749820709229,17200,0.0,0.0
1989-01-18 00:00:00-05:00,1.4806749820709229,1.4991834193468094,1.4621665447950363,1.4806749820709229,19300,0.0,0.0
1989-01-19 00:00:00-05:00,1.4806739194893543,1.4991823434829712,1.4621654954957373,1.4991823434829712,27000,0.0,0.0
1989-01-20 00:00:00-05:00,1.4806749820709229,1.4806749820709229,1.4806749820709229,1.4806749820709229,1500,0.0,0.0
1989-01-23 00:00:00-05:00,1.4806739194893543,1.4991823434829712,1.4806739194893543,1.4991823434829712,12500,0.0,0.0
1989-01-24 00:00:00-05:00,1.4806749820709229,1.4991834193468094,1.4806749820709229,1.4806749820709229,10500,0.0,0.0
1989-01-25 00:00:00-05:00,1.4991834193468094,1.4991834193468094,1.4806749820709229,1.4806749820709229,54000,0.0,0.0
1989-01-26 00:00:00-05:00,1.4806739194893543,1.4991823434829712,1.4806739194893543,1.4991823434829712,9500,0.0,0.0
1989-01-27 00:00:00-05:00,1.4806749820709229,1.4991834193468094,1.4806749820709229,1.4806749820709229,17600,0.0,0.0
1989-01-30 00:00:00-05:00,1.4806749820709229,1.4991834193468094,1.4806749820709229,1.4806749820709229,19200,0.0,0.0
1989-01-31 00:00:00-05:00,1.4991823434829712,1.4991823434829712,1.4806739194893543,1.4991823434829712,8100,0.0,0.0
1989-02-01 00:00:00-05:00,1.4991823434829712,1.4991823434829712,1.4806739194893543,1.4991823434829712,24000,0.0,0.0
1989-02-02 00:00:00-05:00,1.4991823434829712,1.4991823434829712,1.4806739194893543,1.4991823434829712,22800,0.0,0.0
1989-02-03 00:00:00-05:00,1.4806749820709229,1.4991834193468094,1.4806749820709229,1.4806749820709229,10000,0.0,0.0
1989-02-06 00:00:00-05:00,1.4991823434829712,1.4991823434829712,1.4806739194893543,1.4991823434829712,15000,0.0,0.0
1989-02-07 00:00:00-05:00,1.4806749820709229,1.4991834193468094,1.4806749820709229,1.4806749820709229,23800,0.0,0.0
1989-02-08 00:00:00-05:00,1.4991823434829712,1.4991823434829712,1.4806739194893543,1.4991823434829712,26100,0.0,0.0
1989-02-09 00:00:00-05:00,1.4889097817336459,1.5075211540053164,1.4702984094619753,1.470298409461975,18900,0.056,0.0
1989-02-10 00:00:00-05:00,1.4702984094619753,1.4889097817336459,1.4702984094619753,1.470298409461975,51500,0.0,0.0
1989-02-13 00:00:00-05:00,1.4889097817336459,1.4889097817336459,1.4702984094619753,1.470298409461975,13000,0.0,0.0
1989-02-14 00:00:00-05:00,1.4889097817336459,1.4889097817336459,1.4702984094619753,1.470298409461975,800,0.0,0.0
1989-02-15 00:00:00-05:00,1.4702996447682382,1.4889110326766968,1.4702996447682382,1.4889110326766968,17600,0.0,0.0
1989-02-16 00:00:00-05:00,1.4889110326766968,1.4889110326766968,1.4702996447682382,1.4889110326766968,19100,0.0,0.0
1989-02-17 00:00:00-05:00,1.4702996447682382,1.4889110326766968,1.4702996447682382,1.4889110326766968,6200,0.0,0.0
1989-02-21 00:00:00-05:00,1.4889110326766968,1.4889110326766968,1.4702996447682382,1.4889110326766968,10600,0.0,0.0
1989-02-22 00:00:00-05:00,1.4702984094619753,1.4889097817336459,1.4702984094619753,1.470298409461975,23100,0.0,0.0
1989-02-23 00:00:00-05:00,1.4889110326766968,1.4889110326766968,1.4702996447682382,1.4889110326766968,12900,0.0,0.0
1989-02-24 00:00:00-05:00,1.4702996447682382,1.4889110326766968,1.4702996447682382,1.4889110326766968,17100,0.0,0.0
1989-02-27 00:00:00-05:00,1.4702984094619753,1.4889097817336459,1.4702984094619753,1.470298409461975,8200,0.0,0.0
1989-02-28 00:00:00-05:00,1.4702984094619753,1.4889097817336459,1.4702984094619753,1.470298409461975,22000,0.0,0.0
1989-03-01 00:00:00-05:00,1.4889097817336459,1.4889097817336459,1.4702984094619753,1.470298409461975,10800,0.0,0.0
1989-03-02 00:00:00-05:00,1.4702996447682382,1.4889110326766968,1.4702996447682382,1.4889110326766968,18700,0.0,0.0
1989-03-03 00:00:00-05:00,1.4889097817336459,1.4889097817336459,1.4702984094619753,1.470298409461975,16900,0.0,0.0
1989-03-06 00:00:00-05:00,1.4889097817336459,1.4889097817336459,1.4702984094619753,1.470298409461975,23800,0.0,0.0
1989-03-07 00:00:00-05:00,1.4889097817336459,1.4889097817336459,1.4702984094619753,1.470298409461975,47000,0.0,0.0
1989-03-08 00:00:00-05:00,1.4889110326766968,1.4889110326766968,1.4702996447682382,1.4889110326766968,23700,0.0,0.0
1989-03-09 00:00:00-05:00,1.4785785675048828,1.497294751903679,1.4785785675048828,1.4785785675048828,2400,0.056,0.0
1989-03-10 00:00:00-05:00,1.4972953796386719,1.4972953796386719,1.4785791873931884,1.4972953796386719,9700,0.0,0.0
1989-03-13 00:00:00-05:00,1.4785791873931884,1.4972953796386719,1.4785791873931884,1.4972953796386719,9900,0.0,0.0
1989-03-14 00:00:00-05:00,1.4785785675048828,1.497294751903679,1.4785785675048828,1.4785785675048828,29100,0.0,0.0
1989-03-15 00:00:00-05:00,1.4785791873931884,1.4972953796386719,1.4785791873931884,1.4972953796386719,14800,0.0,0.0
1989-03-16 00:00:00-05:00,1.497294751903679,1.497294751903679,1.4785785675048828,1.4785785675048828,13800,0.0,0.0
1989-03-17 00:00:00-05:00,1.497294751903679,1.497294751903679,1.4785785675048828,1.4785785675048828,8300,0.0,0.0
1989-03-20 00:00:00-05:00,1.4972953796386719,1.4972953796386719,1.4785791873931884,1.4972953796386719,22300,0.0,0.0
1989-03-21 00:00:00-05:00,1.4785791873931884,1.4972953796386719,1.4785791873931884,1.4972953796386719,56300,0.0,0.0
1989-03-22 00:00:00-05:00,1.4785791873931884,1.4972953796386719,1.4785791873931884,1.4972953796386719,8300,0.0,0.0
1989-03-23 00:00:00-05:00,1.4785791873931884,1.4972953796386719,1.4785791873931884,1.4972953796386719,1500,0.0,0.0
1989-03-27 00:00:00-05:00,1.4785785675048828,1.497294751903679,1.4785785675048828,1.4785785675048828,9200,0.0,0.0
1989-03-28 00:00:00-05:00,1.497294751903679,1.497294751903679,1.4598623831060868,1.4785785675048828,19300,0.0,0.0
1989-03-29 00:00:00-05:00,1.4785795013109844,1.4785795013109844,1.459863305091858,1.459863305091858,19200,0.0,0.0
1989-03-30 00:00:00-05:00,1.459863305091858,1.4785795013109844,1.459863305091858,1.459863305091858,13600,0.0,0.0
1989-03-31 00:00:00-05:00,1.459863305091858,1.4785795013109844,1.459863305091858,1.459863305091858,8100,0.0,0.0
1989-04-03 00:00:00-04:00,1.4785795013109844,1.4785795013109844,1.459863305091858,1.459863305091858,8900,0.0,0.0
1989-04-04 00:00:00-04:00,1.4598623831060868,1.4785785675048828,1.4598623831060868,1.4785785675048828,3800,0.0,0.0
1989-04-05 00:00:00-04:00,1.4785785675048828,1.4785785675048828,1.4598623831060868,1.4785785675048828,20600,0.0,0.0
1989-04-06 00:00:00-04:00,1.4785785675048828,1.497294751903679,1.4598623831060868,1.4785785675048828,5000,0.0,0.0
1989-04-07 00:00:00-04:00,1.4972953796386719,1.4972953796386719,1.4785791873931884,1.4972953796386719,16700,0.0,0.0
1989-04-10 00:00:00-04:00,1.505576252937317,1.505576252937317,1.4867565497756003,1.505576252937317,29900,0.055,0.0
1989-04-11 00:00:00-04:00,1.4867565497756003,1.505576252937317,1.4679368466138838,1.505576252937317,32300,0.0,0.0
1989-04-12 00:00:00-04:00,1.4867564439773562,1.5055761457998542,1.4867564439773562,1.486756443977356,6500,0.0,0.0
1989-04-13 00:00:00-04:00,1.4867565497756003,1.505576252937317,1.4867565497756003,1.505576252937317,8400,0.0,0.0
1989-04-14 00:00:00-04:00,1.4867564439773562,1.5055761457998542,1.4867564439773562,1.486756443977356,22800,0.0,0.0
1989-04-17 00:00:00-04:00,1.4867564439773562,1.5055761457998542,1.4867564439773562,1.486756443977356,38200,0.0,0.0
1989-04-18 00:00:00-04:00,1.5055761457998542,1.5055761457998542,1.4867564439773562,1.486756443977356,15100,0.0,0.0
1989-04-19 00:00:00-04:00,1.505576252937317,1.505576252937317,1.4867565497756003,1.505576252937317,20300,0.0,0.0
1989-04-20 00:00:00-04:00,1.505576252937317,1.505576252937317,1.4867565497756003,1.505576252937317,19500,0.0,0.0
1989-04-21 00:00:00-04:00,1.505576252937317,1.505576252937317,1.4867565497756003,1.505576252937317,27000,0.0,0.0
1989-04-24 00:00:00-04:00,1.505576252937317,1.505576252937317,1.4867565497756003,1.505576252937317,7000,0.0,0.0
1989-04-25 00:00:00-04:00,1.4867564439773562,1.5055761457998542,1.4867564439773562,1.486756443977356,14500,0.0,0.0
1989-04-26 00:00:00-04:00,1.4867565497756003,1.505576252937317,1.4867565497756003,1.505576252937317,3300,0.0,0.0
1989-04-27 00:00:00-04:00,1.4867564439773562,1.5055761457998542,1.4867564439773562,1.486756443977356,11600,0.0,0.0
1989-04-28 00:00:00-04:00,1.505576252937317,1.505576252937317,1.4867565497756003,1.505576252937317,13500,0.0,0.0
1989-05-01 00:00:00-04:00,1.505576252937317,1.505576252937317,1.4867565497756003,1.505576252937317,7200,0.0,0.0
1989-05-02 00:00:00-04:00,1.4867565497756003,1.505576252937317,1.4867565497756003,1.505576252937317,16900,0.0,0.0
1989-05-03 00:00:00-04:00,1.505576252937317,1.505576252937317,1.4867565497756003,1.505576252937317,11100,0.0,0.0
1989-05-04 00:00:00-04:00,1.505576252937317,1.505576252937317,1.4867565497756003,1.505576252937317,7900,0.0,0.0
1989-05-05 00:00:00-04:00,1.5055761457998542,1.5055761457998542,1.4867564439773562,1.486756443977356,29200,0.0,0.0
1989-05-08 00:00:00-04:00,1.505576252937317,1.505576252937317,1.4867565497756003,1.505576252937317,17200,0.0,0.0
1989-05-09 00:00:00-04:00,1.5139024468916882,1.5139024468916882,1.494978666305542,1.494978666305542,11800,0.055,0.0
1989-05-10 00:00:00-04:00,1.4949787631630898,1.5328263267874718,1.4949787631630898,1.5139025449752808,7400,0.0,0.0
1989-05-11 00:00:00-04:00,1.5328263267874718,1.5328263267874718,1.5139025449752808,1.5139025449752808,22000,0.0,0.0
1989-05-12 00:00:00-04:00,1.5139025449752808,1.5328263267874718,1.5139025449752808,1.5139025449752808,14500,0.0,0.0
1989-05-15 00:00:00-04:00,1.5139025228994865,1.5328263044357302,1.5139025228994865,1.53282630443573,25900,0.0,0.0
1989-05-16 00:00:00-04:00,1.5328263044357302,1.5328263044357302,1.5139025228994865,1.53282630443573,10400,0.0,0.0
1989-05-17 00:00:00-04:00,1.5139025228994865,1.5328263044357302,1.5139025228994865,1.53282630443573,9000,0.0,0.0
1989-05-18 00:00:00-04:00,1.5328263044357302,1.5328263044357302,1.5139025228994865,1.53282630443573,4200,0.0,0.0
1989-05-19 00:00:00-04:00,1.5328263044357302,1.5328263044357302,1.5139025228994865,1.53282630443573,17800,0.0,0.0
1989-05-22 00:00:00-04:00,1.5139025228994865,1.5517500859719737,1.5139025228994865,1.53282630443573,16700,0.0,0.0
1989-05-23 00:00:00-04:00,1.5328263267874718,1.5517501085996628,1.5139025449752808,1.5139025449752808,18100,0.0,0.0
1989-05-24 00:00:00-04:00,1.5139025449752808,1.5328263267874718,1.5139025449752808,1.5139025449752808,14600,0.0,0.0
1989-05-25 00:00:00-04:00,1.5139025449752808,1.5328263267874718,1.5139025449752808,1.5139025449752808,8300,0.0,0.0
1989-05-26 00:00:00-04:00,1.5139025449752808,1.5328263267874718,1.4949787631630898,1.5139025449752808,13700,0.0,0.0
1989-05-30 00:00:00-04:00,1.5139025449752808,1.5139025449752808,1.4949787631630898,1.5139025449752808,4100,0.0,0.0
1989-05-31 00:00:00-04:00,1.4949787631630898,1.5139025449752808,1.4949787631630898,1.5139025449752808,8200,0.0,0.0
1989-06-01 00:00:00-04:00,1.5139025449752808,1.5139025449752808,1.4949787631630898,1.5139025449752808,18200,0.0,0.0
1989-06-02 00:00:00-04:00,1.5139025449752808,1.5139025449752808,1.4949787631630898,1.5139025449752808,37800,0.0,0.0
1989-06-05 00:00:00-04:00,1.5139024468916882,1.5139024468916882,1.494978666305542,1.494978666305542,20600,0.0,0.0
1989-06-06 00:00:00-04:00,1.4949787631630898,1.5328263267874718,1.4949787631630898,1.5139025449752808,23000,0.0,0.0
1989-06-07 00:00:00-04:00,1.5328263267874718,1.5328263267874718,1.5139025449752808,1.5139025449752808,5500,0.0,0.0
1989-06-08 00:00:00-04:00,1.5139025228994865,1.5517500859719737,1.5139025228994865,1.53282630443573,25800,0.0,0.0
1989-06-09 00:00:00-04:00,1.541198134422302,1.541198134422302,1.5221709969602983,1.5411981344223022,20600,0.055,0.0
1989-06-12 00:00:00-04:00,1.5411968158512581,1.560223937034607,1.5411968158512581,1.560223937034607,4000,0.0,0.0
1989-06-13 00:00:00-04:00,1.560223937034607,1.560223937034607,1.5411968158512581,1.560223937034607,5700,0.0,0.0
1989-06-14 00:00:00-04:00,1.541198134422302,1.541198134422302,1.541198134422302,1.5411981344223022,8200,0.0,0.0
1989-06-15 00:00:00-04:00,1.5221717357635498,1.5411988824605942,1.5221717357635498,1.5221717357635498,17200,0.0,0.0
1989-06-16 00:00:00-04:00,1.541198134422302,1.560225271884306,1.541198134422302,1.5411981344223022,26700,0.0,0.0
1989-06-19 00:00:00-04:00,1.541198134422302,1.560225271884306,1.541198134422302,1.5411981344223022,18100,0.0,0.0
1989-06-20 00:00:00-04:00,1.5411988824605942,1.5411988824605942,1.5221717357635498,1.5221717357635498,12600,0.0,0.0
1989-06-21 00:00:00-04:00,1.541198134422302,1.560225271884306,1.5221709969602983,1.5411981344223022,11900,0.0,0.0
1989-06-22 00:00:00-04:00,1.541198134422302,1.560225271884306,1.541198134422302,1.5411981344223022,10000,0.0,0.0
1989-06-23 00:00:00-04:00,1.560225271884306,1.560225271884306,1.541198134422302,1.5411981344223022,20500,0.0,0.0
1989-06-26 00:00:00-04:00,1.541198134422302,1.541198134422302,1.541198134422302,1.5411981344223022,3600,0.0,0.0
1989-06-27 00:00:00-04:00,1.541198134422302,1.560225271884306,1.5221709969602983,1.5411981344223022,40400,0.0,0.0
1989-06-28 00:00:00-04:00,1.541198134422302,1.541198134422302,1.5221709969602983,1.5411981344223022,5400,0.0,0.0
1989-06-29 00:00:00-04:00,1.5411988824605942,1.5411988824605942,1.5221717357635498,1.5221717357635498,12000,0.0,0.0
1989-06-30 00:00:00-04:00,1.541198134422302,1.541198134422302,1.5221709969602983,1.5411981344223022,9600,0.0,0.0
1989-07-03 00:00:00-04:00,1.5411988824605942,1.5411988824605942,1.5221717357635498,1.5221717357635498,11700,0.0,0.0
1989-07-05 00:00:00-04:00,1.5411988824605942,1.5411988824605942,1.5221717357635498,1.5221717357635498,24300,0.0,0.0
1989-07-06 00:00:00-04:00,1.5221717357635498,1.5411988824605942,1.5221717357635498,1.5221717357635498,27000,0.0,0.0
1989-07-07 00:00:00-04:00,1.5411968158512581,1.560223937034607,1.5411968158512581,1.560223937034607,10600,0.0,0.0
1989-07-10 00:00:00-04:00,1.5303820150869865,1.549511790275574,1.5303820150869865,1.5495117902755737,27300,0.055,0.0
1989-07-11 00:00:00-04:00,1.5495120039800316,1.5686417818069458,1.5303822261531177,1.5686417818069458,32100,0.0,0.0
1989-07-12 00:00:00-04:00,1.549511790275574,1.5686415654641612,1.549511790275574,1.5495117902755737,10800,0.0,0.0
1989-07-13 00:00:00-04:00,1.5686415654641612,1.5686415654641612,1.549511790275574,1.5495117902755737,28000,0.0,0.0
1989-07-14 00:00:00-04:00,1.5686415654641612,1.5686415654641612,1.549511790275574,1.5495117902755737,30700,0.0,0.0
1989-07-17 00:00:00-04:00,1.5686417818069458,1.5686417818069458,1.5495120039800316,1.5686417818069458,16700,0.0,0.0
1989-07-18 00:00:00-04:00,1.5686417573905853,1.5877715349197388,1.5495119798614319,1.5877715349197388,18600,0.0,0.0
1989-07-19 00:00:00-04:00,1.5686417818069458,1.5686417818069458,1.5686417818069458,1.5686417818069458,13100,0.0,0.0
1989-07-20 00:00:00-04:00,1.5877715596338597,1.5877715596338597,1.5686417818069458,1.5686417818069458,4600,0.0,0.0
1989-07-21 00:00:00-04:00,1.5495120039800316,1.5686417818069458,1.5495120039800316,1.5686417818069458,24800,0.0,0.0
1989-07-24 00:00:00-04:00,1.5686415654641612,1.5877713406527485,1.549511790275574,1.5495117902755737,16000,0.0,0.0
1989-07-25 00:00:00-04:00,1.5686417818069458,1.5686417818069458,1.5495120039800316,1.5686417818069458,14300,0.0,0.0
1989-07-26 00:00:00-04:00,1.549511790275574,1.5686415654641612,1.549511790275574,1.5495117902755737,17700,0.0,0.0
1989-07-27 00:00:00-04:00,1.5686417818069458,1.5686417818069458,1.5495120039800316,1.5686417818069458,15500,0.0,0.0
1989-07-28 00:00:00-04:00,1.5686417573905853,1.5877715349197388,1.5495119798614319,1.5877715349197388,17000,0.0,0.0
1989-07-31 00:00:00-04:00,1.5877715349197388,1.6069013124488922,1.5686417573905853,1.5877715349197388,37400,0.0,0.0
1989-08-01 00:00:00-04:00,1.6069013124488922,1.6069013124488922,1.5877715349197388,1.5877715349197388,14400,0.0,0.0
1989-08-02 00:00:00-04:00,1.5877719819545746,1.60690176486969,1.5877719819545746,1.60690176486969,19700,0.0,0.0
1989-08-03 00:00:00-04:00,1.5877715349197388,1.6069013124488922,1.5877715349197388,1.5877715349197388,5300,0.0,0.0
1989-08-04 00:00:00-04:00,1.5877717200447532,1.6260312795639038,1.5877717200447532,1.6260312795639038,26500,0.0,0.0
1989-08-07 00:00:00-04:00,1.60690176486969,1.6260315477848053,1.5877719819545746,1.60690176486969,16900,0.0,0.0
1989-08-08 00:00:00-04:00,1.6069014998043285,1.6260312795639038,1.6069014998043285,1.6260312795639038,18300,0.0,0.0
1989-08-09 00:00:00-04:00,1.6393001945245833,1.6393001945245833,1.6007284252416518,1.6200143098831177,19700,0.086,0.0
1989-08-10 00:00:00-04:00,1.6200143098831177,1.6200143098831177,1.6200143098831177,1.6200143098831177,2400,0.0,0.0
1989-08-11 00:00:00-04:00,1.6007283926010132,1.620014276849218,1.6007283926010132,1.6007283926010132,22100,0.0,0.0
1989-08-14 00:00:00-04:00,1.6200143098831177,1.6200143098831177,1.6007284252416518,1.6200143098831177,16800,0.0,0.0
1989-08-15 00:00:00-04:00,1.6007283926010132,1.620014276849218,1.6007283926010132,1.6007283926010132,11300,0.0,0.0
1989-08-16 00:00:00-04:00,1.620014276849218,1.620014276849218,1.6007283926010132,1.6007283926010132,12300,0.0,0.0
1989-08-17 00:00:00-04:00,1.600728569207368,1.600728569207368,1.5621567964553833,1.5621567964553833,25100,0.0,0.0
1989-08-18 00:00:00-04:00,1.5428709100793907,1.5621567964553833,1.5428709100793907,1.5621567964553833,11100,0.0,0.0
1989-08-21 00:00:00-04:00,1.542870044708252,1.5621559202671051,1.542870044708252,1.542870044708252,12200,0.0,0.0
1989-08-22 00:00:00-04:00,1.5621558849404498,1.5814417600631714,1.5428700098177281,1.5814417600631714,20500,0.0,0.0
1989-08-23 00:00:00-04:00,1.5621567964553833,1.5814426828313757,1.5621567964553833,1.5621567964553833,10700,0.0,0.0
1989-08-24 00:00:00-04:00,1.5814417600631714,1.5814417600631714,1.5621558849404498,1.5814417600631714,13200,0.0,0.0
1989-08-25 00:00:00-04:00,1.5814426828313757,1.5814426828313757,1.5621567964553833,1.5621567964553833,4600,0.0,0.0
1989-08-28 00:00:00-04:00,1.5621567964553833,1.5814426828313757,1.5621567964553833,1.5621567964553833,26000,0.0,0.0
1989-08-29 00:00:00-04:00,1.5621567964553833,1.5814426828313757,1.5621567964553833,1.5621567964553833,13200,0.0,0.0
1989-08-30 00:00:00-04:00,1.5814417600631714,1.5814417600631714,1.5814417600631714,1.5814417600631714,8600,0.0,0.0
1989-08-31 00:00:00-04:00,1.5621566241046032,1.6007283926010132,1.5621566241046032,1.6007283926010132,15500,0.0,0.0
1989-09-01 00:00:00-04:00,1.6007283926010132,1.6007283926010132,1.581442508352808,1.6007283926010132,7900,0.0,0.0
1989-09-05 00:00:00-04:00,1.6007283926010132,1.6007283926010132,1.581442508352808,1.6007283926010132,16800,0.0,0.0
1989-09-06 00:00:00-04:00,1.6007284252416518,1.6200143098831177,1.6007284252416518,1.6200143098831177,19300,0.0,0.0
1989-09-07 00:00:00-04:00,1.620014276849218,1.620014276849218,1.581442508352808,1.6007283926010132,20100,0.0,0.0
1989-09-08 00:00:00-04:00,1.600727635185893,1.600727635185893,1.5814417600631714,1.5814417600631714,20100,0.0,0.0
1989-09-11 00:00:00-04:00,1.570584058761597,1.5899739854129746,1.570584058761597,1.5705840587615967,900,0.055,0.0
1989-09-12 00:00:00-04:00,1.5705841183662415,1.589974045753479,1.5705841183662415,1.589974045753479,14000,0.0,0.0
1989-09-13 00:00:00-04:00,1.570584058761597,1.5899739854129746,1.570584058761597,1.5705840587615967,13700,0.0,0.0
1989-09-14 00:00:00-04:00,1.5899739854129746,1.5899739854129746,1.570584058761597,1.5705840587615967,10100,0.0,0.0
1989-09-15 00:00:00-04:00,1.5899739854129746,1.5899739854129746,1.570584058761597,1.5705840587615967,8700,0.0,0.0
1989-09-18 00:00:00-04:00,1.5899739854129746,1.5899739854129746,1.570584058761597,1.5705840587615967,4200,0.0,0.0
1989-09-19 00:00:00-04:00,1.5899742901325224,1.5899742901325224,1.551194429397583,1.551194429397583,38000,0.0,0.0
1989-09-20 00:00:00-04:00,1.5705843597650528,1.5705843597650528,1.551194429397583,1.551194429397583,16400,0.0,0.0
1989-09-21 00:00:00-04:00,1.570584058761597,1.570584058761597,1.551194132110219,1.5705840587615967,27900,0.0,0.0
1989-09-22 00:00:00-04:00,1.551194429397583,1.5705843597650528,1.551194429397583,1.551194429397583,8600,0.0,0.0
1989-09-25 00:00:00-04:00,1.531804084777832,1.551194009901602,1.531804084777832,1.531804084777832,9600,0.0,0.0
1989-09-26 00:00:00-04:00,1.551194132110219,1.570584058761597,1.5318042054588412,1.5705840587615967,22000,0.0,0.0
1989-09-27 00:00:00-04:00,1.551194429397583,1.5705843597650528,1.551194429397583,1.551194429397583,10600,0.0,0.0
1989-09-28 00:00:00-04:00,1.551194132110219,1.570584058761597,1.551194132110219,1.5705840587615967,12300,0.0,0.0
1989-09-29 00:00:00-04:00,1.551194132110219,1.570584058761597,1.551194132110219,1.5705840587615967,10400,0.0,0.0
1989-10-02 00:00:00-04:00,1.570584058761597,1.570584058761597,1.5318042054588412,1.5705840587615967,13100,0.0,0.0
1989-10-03 00:00:00-04:00,1.551194429397583,1.5705843597650528,1.551194429397583,1.551194429397583,12300,0.0,0.0
1989-10-04 00:00:00-04:00,1.551194132110219,1.570584058761597,1.5318042054588412,1.5705840587615967,11500,0.0,0.0
1989-10-05 00:00:00-04:00,1.570584058761597,1.570584058761597,1.551194132110219,1.5705840587615967,20100,0.0,0.0
1989-10-06 00:00:00-04:00,1.5791628209850457,1.5791628209850457,1.5401711463928223,1.5401711463928223,12900,0.055,0.0
1989-10-09 00:00:00-04:00,1.5401710448441681,1.5791627168655396,1.5401710448441681,1.5791627168655396,10800,0.0,0.0
1989-10-10 00:00:00-04:00,1.5791637942194938,1.5791637942194938,1.559667944908142,1.559667944908142,60300,0.0,0.0
1989-10-11 00:00:00-04:00,1.5791628209850457,1.5791628209850457,1.5401711463928223,1.5401711463928223,19200,0.0,0.0
1989-10-12 00:00:00-04:00,1.559666983688934,1.559666983688934,1.5401711463928223,1.5401711463928223,4400,0.0,0.0
1989-10-13 00:00:00-04:00,1.5401720955967904,1.559667944908142,1.5401720955967904,1.559667944908142,11200,0.0,0.0
1989-10-16 00:00:00-04:00,1.5401711463928223,1.5401711463928223,1.5206753090967107,1.5401711463928223,20000,0.0,0.0
1989-10-17 00:00:00-04:00,1.5401720955967904,1.559667944908142,1.5206762462854386,1.559667944908142,16200,0.0,0.0
1989-10-18 00:00:00-04:00,1.5401720955967904,1.559667944908142,1.5401720955967904,1.559667944908142,700,0.0,0.0
1989-10-19 00:00:00-04:00,1.5401720955967904,1.559667944908142,1.5401720955967904,1.559667944908142,7500,0.0,0.0
1989-10-20 00:00:00-04:00,1.559666983688934,1.559666983688934,1.5401711463928223,1.5401711463928223,12200,0.0,0.0
1989-10-23 00:00:00-04:00,1.5401720955967904,1.559667944908142,1.5401720955967904,1.559667944908142,12400,0.0,0.0
1989-10-24 00:00:00-04:00,1.559667944908142,1.559667944908142,1.559667944908142,1.559667944908142,7700,0.0,0.0
1989-10-25 00:00:00-04:00,1.559667944908142,1.559667944908142,1.5401720955967904,1.559667944908142,8700,0.0,0.0
1989-10-26 00:00:00-04:00,1.559667944908142,1.559667944908142,1.559667944908142,1.559667944908142,3800,0.0,0.0
1989-10-27 00:00:00-04:00,1.559666983688934,1.559666983688934,1.5401711463928223,1.5401711463928223,15900,0.0,0.0
1989-10-30 00:00:00-05:00,1.5401720955967904,1.559667944908142,1.5401720955967904,1.559667944908142,23100,0.0,0.0
1989-10-31 00:00:00-05:00,1.5401711463928223,1.5401711463928223,1.5206753090967107,1.5401711463928223,10000,0.0,0.0
1989-11-01 00:00:00-05:00,1.559667944908142,1.559667944908142,1.5401720955967904,1.559667944908142,17700,0.0,0.0
1989-11-02 00:00:00-05:00,1.559666983688934,1.559666983688934,1.5401711463928223,1.5401711463928223,11600,0.0,0.0
1989-11-03 00:00:00-05:00,1.559666983688934,1.559666983688934,1.5401711463928223,1.5401711463928223,18700,0.0,0.0
1989-11-06 00:00:00-05:00,1.559667944908142,1.559667944908142,1.5401720955967904,1.559667944908142,10500,0.0,0.0
1989-11-07 00:00:00-05:00,1.5401720955967904,1.559667944908142,1.5401720955967904,1.559667944908142,16700,0.0,0.0
1989-11-08 00:00:00-05:00,1.559666983688934,1.559666983688934,1.5401711463928223,1.5401711463928223,20400,0.0,0.0
1989-11-09 00:00:00-05:00,1.5487983211874963,1.5880084052681924,1.5487983211874963,1.5684033632278442,26100,0.055,0.0
1989-11-10 00:00:00-05:00,1.5684024198555653,1.5880074501037598,1.5684024198555653,1.5880074501037598,13900,0.0,0.0
1989-11-13 00:00:00-05:00,1.5880074501037598,1.5880074501037598,1.5684024198555653,1.5880074501037598,6600,0.0,0.0
1989-11-14 00:00:00-05:00,1.5880074501037598,1.5880074501037598,1.5880074501037598,1.5880074501037598,3300,0.0,0.0
1989-11-15 00:00:00-05:00,1.5684010342853825,1.6076110601425169,1.5684010342853825,1.607611060142517,12500,0.0,0.0
1989-11-16 00:00:00-05:00,1.6076124803519543,1.6076124803519543,1.5880074501037598,1.5880074501037598,6200,0.0,0.0
1989-11-17 00:00:00-05:00,1.5880060472139497,1.6076110601425169,1.5880060472139497,1.607611060142517,26600,0.0,0.0
1989-11-20 00:00:00-05:00,1.6076124803519543,1.6076124803519543,1.5880074501037598,1.5880074501037598,2400,0.0,0.0
1989-11-21 00:00:00-05:00,1.6076124803519543,1.6076124803519543,1.5880074501037598,1.5880074501037598,18000,0.0,0.0
1989-11-22 00:00:00-05:00,1.6076110601425169,1.6076110601425169,1.6076110601425169,1.607611060142517,8600,0.0,0.0
1989-11-24 00:00:00-05:00,1.6076110601425169,1.6076110601425169,1.5880060472139497,1.607611060142517,4800,0.0,0.0
1989-11-27 00:00:00-05:00,1.6076110601425169,1.6272160730710843,1.6076110601425169,1.607611060142517,16000,0.0,0.0
1989-11-28 00:00:00-05:00,1.6272163632370178,1.6468213796615603,1.6076113468124755,1.64682137966156,9100,0.0,0.0
1989-11-29 00:00:00-05:00,1.6076108518853245,1.62721586227417,1.6076108518853245,1.62721586227417,22300,0.0,0.0
1989-11-30 00:00:00-05:00,1.6076108518853245,1.62721586227417,1.6076108518853245,1.62721586227417,9000,0.0,0.0
1989-12-01 00:00:00-05:00,1.6272160730710843,1.6272160730710843,1.6076110601425169,1.607611060142517,11800,0.0,0.0
1989-12-04 00:00:00-05:00,1.6272160730710843,1.6272160730710843,1.6076110601425169,1.607611060142517,7500,0.0,0.0
1989-12-05 00:00:00-05:00,1.6076108518853245,1.6468208726630154,1.6076108518853245,1.62721586227417,9400,0.0,0.0
1989-12-06 00:00:00-05:00,1.6076108518853245,1.62721586227417,1.6076108518853245,1.62721586227417,10300,0.0,0.0
1989-12-07 00:00:00-05:00,1.6272160730710843,1.6272160730710843,1.6076110601425169,1.607611060142517,13900,0.0,0.0
1989-12-08 00:00:00-05:00,1.6076124803519543,1.627217510600149,1.5880074501037598,1.5880074501037598,7500,0.0,0.0
1989-12-11 00:00:00-05:00,1.5966800364052378,1.6163921356201172,1.5769679371903584,1.6163921356201172,7300,0.055,0.0
1989-12-12 00:00:00-05:00,1.5966800364052378,1.6361042348349968,1.5966800364052378,1.6163921356201172,26300,0.0,0.0
1989-12-13 00:00:00-05:00,1.5966808795928955,1.616392989217499,1.5966808795928955,1.5966808795928955,11100,0.0,0.0
1989-12-14 00:00:00-05:00,1.5966800364052378,1.6361042348349968,1.5966800364052378,1.6163921356201172,26200,0.0,0.0
1989-12-15 00:00:00-05:00,1.5966808795928955,1.616392989217499,1.5966808795928955,1.5966808795928955,13200,0.0,0.0
1989-12-18 00:00:00-05:00,1.5966806575655939,1.6163927644491196,1.5769685506820679,1.5769685506820679,29000,0.0,0.0
1989-12-19 00:00:00-05:00,1.5769685506820679,1.5966806575655939,1.5769685506820679,1.5769685506820679,10400,0.0,0.0
1989-12-20 00:00:00-05:00,1.557255983352661,1.576968084407758,1.537543882297564,1.5572559833526611,29400,0.0,0.0
1989-12-21 00:00:00-05:00,1.5572564437985421,1.5769685506820679,1.5572564437985421,1.5769685506820679,17700,0.0,0.0
1989-12-22 00:00:00-05:00,1.5966808795928955,1.5966808795928955,1.576968769968292,1.5966808795928955,5300,0.0,0.0
1989-12-26 00:00:00-05:00,1.5966806575655939,1.5966806575655939,1.5769685506820679,1.5769685506820679,9200,0.0,0.0
1989-12-27 00:00:00-05:00,1.576968769968292,1.5966808795928955,1.576968769968292,1.5966808795928955,10700,0.0,0.0
1989-12-28 00:00:00-05:00,1.5966808795928955,1.5966808795928955,1.576968769968292,1.5966808795928955,19700,0.0,0.0
1989-12-29 00:00:00-05:00,1.5966808795928955,1.5966808795928955,1.576968769968292,1.5966808795928955,4000,0.0,0.0
1990-01-02 00:00:00-05:00,1.576968769968292,1.5966808795928955,1.576968769968292,1.5966808795928955,12700,0.0,0.0
1990-01-03 00:00:00-05:00,1.5966800364052378,1.6163921356201172,1.5769679371903584,1.6163921356201172,10800,0.0,0.0
1990-01-04 00:00:00-05:00,1.5966800364052378,1.6163921356201172,1.5966800364052378,1.6163921356201172,5900,0.0,0.0
1990-01-05 00:00:00-05:00,1.5966808795928955,1.616392989217499,1.5966808795928955,1.5966808795928955,13800,0.0,0.0
1990-01-08 00:00:00-05:00,1.605399596981886,1.6252193450927734,1.5855798488709985,1.6252193450927734,7300,0.055,0.0
1990-01-09 00:00:00-05:00,1.605399596981886,1.645039093203661,1.605399596981886,1.6252193450927734,56000,0.0,0.0
1990-01-10 00:00:00-05:00,1.6252193450927734,1.645039093203661,1.605399596981886,1.6252193450927734,18700,0.0,0.0
1990-01-11 00:00:00-05:00,1.6252193450927734,1.6252193450927734,1.605399596981886,1.6252193450927734,12500,0.0,0.0
1990-01-12 00:00:00-05:00,1.645039439201355,1.645039439201355,1.6252196869218207,1.645039439201355,19700,0.0,0.0
1990-01-15 00:00:00-05:00,1.6252196869218207,1.645039439201355,1.6252196869218207,1.645039439201355,15600,0.0,0.0
1990-01-16 00:00:00-05:00,1.645039093203661,1.645039093203661,1.6252193450927734,1.6252193450927734,3400,0.0,0.0
1990-01-17 00:00:00-05:00,1.645039439201355,1.6648591914808895,1.645039439201355,1.645039439201355,28900,0.0,0.0
1990-01-18 00:00:00-05:00,1.645039439201355,1.645039439201355,1.6252196869218207,1.645039439201355,7800,0.0,0.0
1990-01-19 00:00:00-05:00,1.6648591914808895,1.6648591914808895,1.6252196869218207,1.645039439201355,18200,0.0,0.0
1990-01-22 00:00:00-05:00,1.6252196869218207,1.6648591914808895,1.6252196869218207,1.645039439201355,15700,0.0,0.0
1990-01-23 00:00:00-05:00,1.645039093203661,1.645039093203661,1.6252193450927734,1.6252193450927734,7100,0.0,0.0
1990-01-24 00:00:00-05:00,1.6252208050386405,1.6252208050386405,1.5855812732084298,1.6054010391235352,26600,0.0,0.0
1990-01-25 00:00:00-05:00,1.6054010391235352,1.6054010391235352,1.5855812732084298,1.6054010391235352,16800,0.0,0.0
1990-01-26 00:00:00-05:00,1.6054019138216973,1.6054019138216973,1.565762360394001,1.5855821371078491,29600,0.0,0.0
1990-01-29 00:00:00-05:00,1.5855812732084298,1.6054010391235352,1.5855812732084298,1.6054010391235352,2300,0.0,0.0
1990-01-30 00:00:00-05:00,1.6054010391235352,1.6054010391235352,1.6054010391235352,1.6054010391235352,5100,0.0,0.0
1990-01-31 00:00:00-05:00,1.6054010391235352,1.6054010391235352,1.5855812732084298,1.6054010391235352,14900,0.0,0.0
1990-02-01 00:00:00-05:00,1.6252193450927734,1.6252193450927734,1.5855798488709985,1.6252193450927734,10300,0.0,0.0
1990-02-02 00:00:00-05:00,1.6252208050386405,1.6252208050386405,1.6054010391235352,1.6054010391235352,3800,0.0,0.0
1990-02-05 00:00:00-05:00,1.6252193450927734,1.645039093203661,1.6252193450927734,1.6252193450927734,12700,0.0,0.0
1990-02-06 00:00:00-05:00,1.6054010391235352,1.6252208050386405,1.6054010391235352,1.6054010391235352,35400,0.0,0.0
1990-02-07 00:00:00-05:00,1.6252193450927734,1.6252193450927734,1.605399596981886,1.6252193450927734,1700,0.0,0.0
1990-02-08 00:00:00-05:00,1.6252208050386405,1.6252208050386405,1.6054010391235352,1.6054010391235352,9800,0.0,0.0
1990-02-09 00:00:00-05:00,1.6141694784164429,1.6141694784164429,1.5942414601643882,1.6141694784164429,8100,0.055,0.0
1990-02-12 00:00:00-05:00,1.6141692772507668,1.6340972930192947,1.5942412614822388,1.5942412614822388,30300,0.0,0.0
1990-02-13 00:00:00-05:00,1.5942412614822388,1.6141692772507668,1.5942412614822388,1.5942412614822388,10900,0.0,0.0
1990-02-14 00:00:00-05:00,1.6141694784164429,1.6141694784164429,1.5942414601643882,1.6141694784164429,6800,0.0,0.0
1990-02-15 00:00:00-05:00,1.6141694784164429,1.6141694784164429,1.6141694784164429,1.6141694784164429,2800,0.0,0.0
1990-02-16 00:00:00-05:00,1.63409686088562,1.63409686088562,1.5942408398884098,1.6340968608856201,26800,0.0,0.0
1990-02-20 00:00:00-05:00,1.6141688503870149,1.63409686088562,1.6141688503870149,1.6340968608856201,4400,0.0,0.0
1990-02-21 00:00:00-05:00,1.6340974966684978,1.6340974966684978,1.5942414601643882,1.6141694784164429,9400,0.0,0.0
1990-02-22 00:00:00-05:00,1.614168353827603,1.6540243625640871,1.594240349459361,1.654024362564087,27000,0.0,0.0
1990-02-23 00:00:00-05:00,1.6340974966684978,1.6340974966684978,1.6141694784164429,1.6141694784164429,9800,0.0,0.0
1990-02-26 00:00:00-05:00,1.6141694784164429,1.6340974966684978,1.6141694784164429,1.6141694784164429,9000,0.0,0.0
1990-02-27 00:00:00-05:00,1.63409686088562,1.63409686088562,1.6141688503870149,1.6340968608856201,11800,0.0,0.0
1990-02-28 00:00:00-05:00,1.6340974966684978,1.6340974966684978,1.6141694784164429,1.6141694784164429,25100,0.0,0.0
1990-03-01 00:00:00-05:00,1.6340972930192947,1.6340972930192947,1.5942412614822388,1.5942412614822388,15500,0.0,0.0
1990-03-02 00:00:00-05:00,1.6141694784164429,1.6141694784164429,1.5942414601643882,1.6141694784164429,40900,0.0,0.0
1990-03-05 00:00:00-05:00,1.6141694784164429,1.6141694784164429,1.5942414601643882,1.6141694784164429,7500,0.0,0.0
1990-03-06 00:00:00-05:00,1.6141694784164429,1.6141694784164429,1.5743134419123332,1.6141694784164429,3700,0.0,0.0
1990-03-07 00:00:00-05:00,1.6141694784164429,1.6141694784164429,1.5942414601643882,1.6141694784164429,20300,0.0,0.0
1990-03-08 00:00:00-05:00,1.5942414601643882,1.6141694784164429,1.5942414601643882,1.6141694784164429,7100,0.0,0.0
1990-03-09 00:00:00-05:00,1.6229851245880127,1.6229851245880127,1.6029482711980372,1.6229851245880127,6300,0.055,0.0
1990-03-12 00:00:00-05:00,1.6029482711980372,1.6229851245880127,1.6029482711980372,1.6229851245880127,10700,0.0,0.0
1990-03-13 00:00:00-05:00,1.6229851245880127,1.6229851245880127,1.6029482711980372,1.6229851245880127,10500,0.0,0.0
1990-03-14 00:00:00-05:00,1.6229851245880127,1.6430219779779882,1.6029482711980372,1.6229851245880127,7500,0.0,0.0
1990-03-15 00:00:00-05:00,1.6229846172216462,1.6430214643478394,1.6229846172216462,1.6430214643478394,20300,0.0,0.0
1990-03-16 00:00:00-05:00,1.6430214643478394,1.6430214643478394,1.6229846172216462,1.6430214643478394,12700,0.0,0.0
1990-03-19 00:00:00-05:00,1.6430214643478394,1.6430214643478394,1.6229846172216462,1.6430214643478394,3800,0.0,0.0
1990-03-20 00:00:00-05:00,1.6430219779779882,1.6430219779779882,1.6229851245880127,1.6229851245880127,19900,0.0,0.0
1990-03-21 00:00:00-05:00,1.6229851245880127,1.6430219779779882,1.6229851245880127,1.6229851245880127,28300,0.0,0.0
1990-03-22 00:00:00-05:00,1.6229846172216462,1.6430214643478394,1.6229846172216462,1.6430214643478394,9500,0.0,0.0
1990-03-23 00:00:00-05:00,1.6229846172216462,1.6430214643478394,1.6229846172216462,1.6430214643478394,25400,0.0,0.0
1990-03-26 00:00:00-05:00,1.6229850411415099,1.6229850411415099,1.6029481887817383,1.6029481887817383,5600,0.0,0.0
1990-03-27 00:00:00-05:00,1.6029481887817383,1.6229850411415099,1.6029481887817383,1.6029481887817383,17100,0.0,0.0
1990-03-28 00:00:00-05:00,1.6029482711980372,1.6229851245880127,1.6029482711980372,1.6229851245880127,6800,0.0,0.0
1990-03-29 00:00:00-05:00,1.602949070025094,1.602949070025094,1.5829122066497803,1.5829122066497803,24800,0.0,0.0
1990-03-30 00:00:00-05:00,1.6029481887817383,1.6029481887817383,1.5829113364219665,1.6029481887817383,13300,0.0,0.0
1990-04-02 00:00:00-04:00,1.6029481887817383,1.6029481887817383,1.5829113364219665,1.6029481887817383,8800,0.0,0.0
1990-04-03 00:00:00-04:00,1.6029481887817383,1.6029481887817383,1.6029481887817383,1.6029481887817383,8800,0.0,0.0
1990-04-04 00:00:00-04:00,1.6229850411415099,1.6229850411415099,1.6029481887817383,1.6029481887817383,12200,0.0,0.0
1990-04-05 00:00:00-04:00,1.5829122066497803,1.602949070025094,1.5829122066497803,1.5829122066497803,17300,0.0,0.0
1990-04-06 00:00:00-04:00,1.5917776823043823,1.6119267668905137,1.5917776823043823,1.5917776823043823,6400,0.055,0.0
1990-04-09 00:00:00-04:00,1.5917764474184086,1.611925516373072,1.5716273784637451,1.5716273784637451,14300,0.0,0.0
1990-04-10 00:00:00-04:00,1.5917776823043823,1.5917776823043823,1.571628597718251,1.5917776823043823,20800,0.0,0.0
1990-04-11 00:00:00-04:00,1.5917764474184086,1.5917764474184086,1.5716273784637451,1.5716273784637451,19800,0.0,0.0
1990-04-12 00:00:00-04:00,1.591776767373085,1.63207491338253,1.591776767373085,1.6119258403778076,47100,0.0,0.0
1990-04-16 00:00:00-04:00,1.6119258403778076,1.6119258403778076,1.591776767373085,1.6119258403778076,8600,0.0,0.0
1990-04-17 00:00:00-04:00,1.6119258403778076,1.6119258403778076,1.591776767373085,1.6119258403778076,20600,0.0,0.0
1990-04-18 00:00:00-04:00,1.63207491338253,1.63207491338253,1.6119258403778076,1.6119258403778076,10000,0.0,0.0
1990-04-19 00:00:00-04:00,1.6119262318552277,1.632075309753418,1.6119262318552277,1.632075309753418,4100,0.0,0.0
1990-04-20 00:00:00-04:00,1.6320746366570635,1.6522237062454224,1.6119255670687047,1.6522237062454224,19300,0.0,0.0
1990-04-23 00:00:00-04:00,1.63207491338253,1.6522239863872528,1.6119258403778076,1.6119258403778076,23900,0.0,0.0
1990-04-24 00:00:00-04:00,1.6119258403778076,1.63207491338253,1.6119258403778076,1.6119258403778076,6400,0.0,0.0
1990-04-25 00:00:00-04:00,1.632075309753418,1.6522243876516085,1.6119262318552277,1.632075309753418,10600,0.0,0.0
1990-04-26 00:00:00-04:00,1.6119258403778076,1.6522239863872528,1.6119258403778076,1.6119258403778076,13600,0.0,0.0
1990-04-27 00:00:00-04:00,1.6522243876516085,1.6522243876516085,1.632075309753418,1.632075309753418,20300,0.0,0.0
1990-04-30 00:00:00-04:00,1.632075309753418,1.632075309753418,1.632075309753418,1.632075309753418,5900,0.0,0.0
1990-05-01 00:00:00-04:00,1.6522243876516085,1.6522243876516085,1.632075309753418,1.632075309753418,10200,0.0,0.0
1990-05-02 00:00:00-04:00,1.632075309753418,1.6522243876516085,1.632075309753418,1.632075309753418,34600,0.0,0.0
1990-05-03 00:00:00-04:00,1.6522243876516085,1.6522243876516085,1.632075309753418,1.632075309753418,11400,0.0,0.0
1990-05-04 00:00:00-04:00,1.63207491338253,1.63207491338253,1.6119258403778076,1.6119258403778076,12600,0.0,0.0
1990-05-07 00:00:00-04:00,1.63207491338253,1.63207491338253,1.6119258403778076,1.6119258403778076,10500,0.0,0.0
1990-05-08 00:00:00-04:00,1.632075309753418,1.632075309753418,1.6119262318552277,1.632075309753418,6000,0.0,0.0
1990-05-09 00:00:00-04:00,1.640989899635315,1.640989899635315,1.620730765071916,1.640989899635315,14700,0.055,0.0
1990-05-10 00:00:00-04:00,1.6207293272018433,1.6409884437918663,1.6207293272018433,1.6207293272018433,29400,0.0,0.0
1990-05-11 00:00:00-04:00,1.6207313537597656,1.6207313537597656,1.6004722118377686,1.6004722118377686,6800,0.0,0.0
1990-05-14 00:00:00-04:00,1.6004722118377686,1.6409904956817627,1.6004722118377686,1.6004722118377686,33400,0.0,0.0
1990-05-15 00:00:00-04:00,1.6004722118377686,1.6207313537597656,1.6004722118377686,1.6004722118377686,23500,0.0,0.0
1990-05-16 00:00:00-04:00,1.6207293272018433,1.6207293272018433,1.6004702106118203,1.6207293272018433,10900,0.0,0.0
1990-05-17 00:00:00-04:00,1.6004702106118203,1.6207293272018433,1.6004702106118203,1.6207293272018433,11600,0.0,0.0
1990-05-18 00:00:00-04:00,1.6004722118377686,1.6004722118377686,1.5802130699157715,1.6004722118377686,13700,0.0,0.0
1990-05-21 00:00:00-04:00,1.6004702106118203,1.6207293272018433,1.6004702106118203,1.6207293272018433,6900,0.0,0.0
1990-05-22 00:00:00-04:00,1.6004722118377686,1.6004722118377686,1.5802130699157715,1.6004722118377686,25000,0.0,0.0
1990-05-23 00:00:00-04:00,1.6207293272018433,1.6207293272018433,1.6004702106118203,1.6207293272018433,17600,0.0,0.0
1990-05-24 00:00:00-04:00,1.6004702106118203,1.6207293272018433,1.6004702106118203,1.6207293272018433,3800,0.0,0.0
1990-05-25 00:00:00-04:00,1.6207313537597656,1.6207313537597656,1.6004722118377686,1.6004722118377686,11900,0.0,0.0
1990-05-29 00:00:00-04:00,1.620730765071916,1.640989899635315,1.620730765071916,1.640989899635315,36500,0.0,0.0
1990-05-30 00:00:00-04:00,1.6409884437918663,1.6409884437918663,1.6207293272018433,1.6207293272018433,6000,0.0,0.0
1990-05-31 00:00:00-04:00,1.620730765071916,1.640989899635315,1.620730765071916,1.640989899635315,2800,0.0,0.0
1990-06-01 00:00:00-04:00,1.6612484455108643,1.6612484455108643,1.6409893181265855,1.6612484455108643,9700,0.0,0.0
1990-06-04 00:00:00-04:00,1.6612484455108643,1.6612484455108643,1.6409893181265855,1.6612484455108643,12900,0.0,0.0
1990-06-05 00:00:00-04:00,1.6409890996404441,1.6815073490142822,1.6409890996404441,1.6815073490142822,7000,0.0,0.0
1990-06-06 00:00:00-04:00,1.6612484455108643,1.6612484455108643,1.6409893181265855,1.6612484455108643,18300,0.0,0.0
1990-06-07 00:00:00-04:00,1.640989899635315,1.6612490341987138,1.640989899635315,1.640989899635315,11400,0.0,0.0
1990-06-08 00:00:00-04:00,1.6409884437918663,1.6409884437918663,1.6207293272018433,1.6207293272018433,13100,0.0,0.0
1990-06-11 00:00:00-04:00,1.609323263168335,1.6296944437147696,1.609323263168335,1.609323263168335,9000,0.055,0.0
1990-06-12 00:00:00-04:00,1.6296931505203247,1.6296931505203247,1.6093219861388206,1.6296931505203247,41900,0.0,0.0
1990-06-13 00:00:00-04:00,1.6296931505203247,1.6296931505203247,1.6093219861388206,1.6296931505203247,28800,0.0,0.0
1990-06-14 00:00:00-04:00,1.6296944437147696,1.6296944437147696,1.609323263168335,1.609323263168335,5400,0.0,0.0
1990-06-15 00:00:00-04:00,1.6093219861388206,1.6296931505203247,1.6093219861388206,1.6296931505203247,18500,0.0,0.0
1990-06-18 00:00:00-04:00,1.6296929488947363,1.6500641107559204,1.609321787033552,1.6500641107559204,6900,0.0,0.0
1990-06-19 00:00:00-04:00,1.6500643149018288,1.6500643149018288,1.6296931505203247,1.6296931505203247,7400,0.0,0.0
1990-06-20 00:00:00-04:00,1.6296931505203247,1.6500643149018288,1.6296931505203247,1.6296931505203247,4000,0.0,0.0
1990-06-21 00:00:00-04:00,1.6500643149018288,1.6704354792833327,1.6296931505203247,1.6296931505203247,20900,0.0,0.0
1990-06-22 00:00:00-04:00,1.6500643149018288,1.6704354792833327,1.6296931505203247,1.6296931505203247,14400,0.0,0.0
1990-06-25 00:00:00-04:00,1.6296929488947363,1.6500641107559204,1.6296929488947363,1.6500641107559204,10100,0.0,0.0
1990-06-26 00:00:00-04:00,1.6296929488947363,1.6500641107559204,1.6296929488947363,1.6500641107559204,14600,0.0,0.0
1990-06-27 00:00:00-04:00,1.6500641107559204,1.6704352726171046,1.6500641107559204,1.6500641107559204,7200,0.0,0.0
1990-06-28 00:00:00-04:00,1.6704354286193848,1.6704354286193848,1.6500642648557335,1.6704354286193848,22100,0.0,0.0
1990-06-29 00:00:00-04:00,1.6704354286193848,1.6908065923830358,1.6500642648557335,1.6704354286193848,13300,0.0,0.0
1990-07-02 00:00:00-04:00,1.6704354286193848,1.6908065923830358,1.6704354286193848,1.6704354286193848,8800,0.0,0.0
1990-07-03 00:00:00-04:00,1.6908066272735596,1.6908066272735596,1.6704354630895408,1.6908066272735596,10100,0.0,0.0
1990-07-05 00:00:00-04:00,1.6704354286193848,1.6908065923830358,1.6704354286193848,1.6704354286193848,15200,0.0,0.0
1990-07-06 00:00:00-04:00,1.6908065923830358,1.6908065923830358,1.6704354286193848,1.6704354286193848,7400,0.0,0.0
1990-07-09 00:00:00-04:00,1.6794479266706719,1.6999289989471436,1.6794479266706719,1.6999289989471436,15700,0.055,0.0
1990-07-10 00:00:00-04:00,1.6794479266706719,1.6999289989471436,1.6794479266706719,1.6999289989471436,18300,0.0,0.0
1990-07-11 00:00:00-04:00,1.6999289989471436,1.6999289989471436,1.6794479266706719,1.6999289989471436,23200,0.0,0.0
1990-07-12 00:00:00-04:00,1.6999289989471436,1.7204100712236152,1.6794479266706719,1.6999289989471436,11100,0.0,0.0
1990-07-13 00:00:00-04:00,1.6999289989471436,1.7204100712236152,1.6999289989471436,1.6999289989471436,8600,0.0,0.0
1990-07-16 00:00:00-04:00,1.699927995844585,1.699927995844585,1.6794469356536865,1.6794469356536865,9200,0.0,0.0
1990-07-17 00:00:00-04:00,1.6999289989471436,1.6999289989471436,1.6794479266706719,1.6999289989471436,13600,0.0,0.0
1990-07-18 00:00:00-04:00,1.6999289989471436,1.6999289989471436,1.6794479266706719,1.6999289989471436,3300,0.0,0.0
1990-07-19 00:00:00-04:00,1.6794479266706719,1.6999289989471436,1.6794479266706719,1.6999289989471436,24000,0.0,0.0
1990-07-20 00:00:00-04:00,1.6794469356536865,1.699927995844585,1.6794469356536865,1.6794469356536865,13800,0.0,0.0
1990-07-23 00:00:00-04:00,1.6589658754627878,1.6794469356536865,1.6589658754627878,1.6794469356536865,17400,0.0,0.0
1990-07-24 00:00:00-04:00,1.6794469356536865,1.699927995844585,1.6794469356536865,1.6794469356536865,15400,0.0,0.0
1990-07-25 00:00:00-04:00,1.6794469356536865,1.699927995844585,1.6794469356536865,1.6794469356536865,15100,0.0,0.0
1990-07-26 00:00:00-04:00,1.6794469356536865,1.699927995844585,1.6794469356536865,1.6794469356536865,11800,0.0,0.0
1990-07-27 00:00:00-04:00,1.6794469356536865,1.699927995844585,1.6794469356536865,1.6794469356536865,6800,0.0,0.0
1990-07-30 00:00:00-04:00,1.6794469356536865,1.699927995844585,1.6794469356536865,1.6794469356536865,14000,0.0,0.0
1990-07-31 00:00:00-04:00,1.6794479266706719,1.6999289989471436,1.6794479266706719,1.6999289989471436,26700,0.0,0.0
1990-08-01 00:00:00-04:00,1.6794479266706719,1.6999289989471436,1.6794479266706719,1.6999289989471436,10600,0.0,0.0
1990-08-02 00:00:00-04:00,1.699927995844585,1.699927995844585,1.6794469356536865,1.6794469356536865,3800,0.0,0.0
1990-08-03 00:00:00-04:00,1.6999279451958926,1.6999279451958926,1.6589658260345457,1.658965826034546,10500,0.0,0.0
1990-08-06 00:00:00-04:00,1.6794468856152192,1.6794468856152192,1.6384847664538724,1.658965826034546,22000,0.0,0.0
1990-08-07 00:00:00-04:00,1.6589658960700036,1.679446956515312,1.6384848356246948,1.6384848356246948,34200,0.0,0.0
1990-08-08 00:00:00-04:00,1.6384847664538724,1.6589658260345457,1.618003706873199,1.658965826034546,13200,0.0,0.0
1990-08-09 00:00:00-04:00,1.6474358039566233,1.6680287515060812,1.6268428564071655,1.6268428564071655,6700,0.055,0.0
1990-08-10 00:00:00-04:00,1.6474358039566233,1.6474358039566233,1.6268428564071655,1.6268428564071655,10800,0.0,0.0
1990-08-13 00:00:00-04:00,1.6268408237359462,1.6474337455553887,1.5856549800970616,1.606247901916504,25600,0.0,0.0
1990-08-14 00:00:00-04:00,1.606247901916504,1.6268408237359462,1.606247901916504,1.606247901916504,4700,0.0,0.0
1990-08-15 00:00:00-04:00,1.6062499088577078,1.6268428564071655,1.6062499088577078,1.6268428564071655,5100,0.0,0.0
1990-08-16 00:00:00-04:00,1.606247901916504,1.6268408237359462,1.606247901916504,1.606247901916504,7400,0.0,0.0
1990-08-17 00:00:00-04:00,1.6268428564071655,1.6474358039566233,1.6268428564071655,1.6268428564071655,6000,0.0,0.0
1990-08-20 00:00:00-04:00,1.6268416598439217,1.6474345922470093,1.6268416598439217,1.6474345922470093,9400,0.0,0.0
1990-08-21 00:00:00-04:00,1.6268428564071655,1.6474358039566233,1.6062499088577078,1.6268428564071655,17800,0.0,0.0
1990-08-22 00:00:00-04:00,1.6062499088577078,1.6268428564071655,1.6062499088577078,1.6268428564071655,15300,0.0,0.0
1990-08-23 00:00:00-04:00,1.6062497070857458,1.6062497070857458,1.5856567621231081,1.585656762123108,19300,0.0,0.0
1990-08-24 00:00:00-04:00,1.606247901916504,1.606247901916504,1.5856549800970616,1.606247901916504,16200,0.0,0.0
1990-08-27 00:00:00-04:00,1.6268428564071655,1.6474358039566233,1.6062499088577078,1.6268428564071655,34500,0.0,0.0
1990-08-28 00:00:00-04:00,1.6268428564071655,1.6474358039566233,1.6062499088577078,1.6268428564071655,12300,0.0,0.0
1990-08-29 00:00:00-04:00,1.6268428564071655,1.6474358039566233,1.6268428564071655,1.6268428564071655,14900,0.0,0.0
1990-08-30 00:00:00-04:00,1.6474358039566233,1.6474358039566233,1.6268428564071655,1.6268428564071655,11100,0.0,0.0
1990-08-31 00:00:00-04:00,1.6474345922470093,1.6474345922470093,1.6268416598439217,1.6474345922470093,8100,0.0,0.0
1990-09-04 00:00:00-04:00,1.6474345922470093,1.6474345922470093,1.6474345922470093,1.6474345922470093,4100,0.0,0.0
1990-09-05 00:00:00-04:00,1.6474345922470093,1.6680275246500968,1.6474345922470093,1.6474345922470093,18300,0.0,0.0
1990-09-06 00:00:00-04:00,1.6680275246500968,1.6680275246500968,1.6474345922470093,1.6474345922470093,12700,0.0,0.0
1990-09-07 00:00:00-04:00,1.6680271625518799,1.6680271625518799,1.6474342346191406,1.6680271625518799,13900,0.0,0.0
1990-09-10 00:00:00-04:00,1.6771365404129028,1.6771365404129028,1.6564311510250893,1.6771365404129028,25800,0.055,0.0
1990-09-11 00:00:00-04:00,1.6564319133758545,1.6564319133758545,1.6357265144586564,1.6564319133758545,11100,0.0,0.0
1990-09-12 00:00:00-04:00,1.6564319133758545,1.6564319133758545,1.6564319133758545,1.6564319133758545,4100,0.0,0.0
1990-09-13 00:00:00-04:00,1.6564319133758545,1.6564319133758545,1.6357265144586564,1.6564319133758545,14000,0.0,0.0
1990-09-14 00:00:00-04:00,1.6357265144586564,1.6564319133758545,1.6357265144586564,1.6564319133758545,6600,0.0,0.0
1990-09-17 00:00:00-04:00,1.6564334193362464,1.6564334193362464,1.6357280015945435,1.6357280015945435,9200,0.0,0.0
1990-09-18 00:00:00-04:00,1.6357280015945435,1.6564334193362464,1.6357280015945435,1.6357280015945435,22200,0.0,0.0
1990-09-19 00:00:00-04:00,1.6357280015945435,1.6564334193362464,1.6357280015945435,1.6357280015945435,15700,0.0,0.0
1990-09-20 00:00:00-04:00,1.6357280015945435,1.6357280015945435,1.6150225838528403,1.6357280015945435,15800,0.0,0.0
1990-09-21 00:00:00-04:00,1.6150225838528403,1.6357280015945435,1.6150225838528403,1.6357280015945435,16000,0.0,0.0
1990-09-24 00:00:00-04:00,1.615020990371704,1.615020990371704,1.5943155930592463,1.615020990371704,11200,0.0,0.0
1990-09-25 00:00:00-04:00,1.615020990371704,1.615020990371704,1.5943155930592463,1.615020990371704,10500,0.0,0.0
1990-09-26 00:00:00-04:00,1.615020990371704,1.6357263876841617,1.5943155930592463,1.615020990371704,23000,0.0,0.0
1990-09-27 00:00:00-04:00,1.615020990371704,1.615020990371704,1.5943155930592463,1.615020990371704,13000,0.0,0.0
1990-09-28 00:00:00-04:00,1.615020990371704,1.615020990371704,1.5943155930592463,1.615020990371704,18800,0.0,0.0
1990-10-01 00:00:00-04:00,1.6150225838528403,1.6357280015945435,1.5943171661111373,1.6357280015945435,20300,0.0,0.0
1990-10-02 00:00:00-04:00,1.6357280015945435,1.6357280015945435,1.6150225838528403,1.6357280015945435,21800,0.0,0.0
1990-10-03 00:00:00-04:00,1.6357263876841617,1.6357263876841617,1.615020990371704,1.615020990371704,8000,0.0,0.0
1990-10-04 00:00:00-04:00,1.615020990371704,1.6357263876841617,1.615020990371704,1.615020990371704,19500,0.0,0.0
1990-10-05 00:00:00-04:00,1.6150211155414582,1.6564319133758545,1.6150211155414582,1.6564319133758545,13200,0.0,0.0
1990-10-08 00:00:00-04:00,1.6357280015945435,1.6564334193362464,1.6357280015945435,1.6357280015945435,17800,0.0,0.0
1990-10-09 00:00:00-04:00,1.6240674996677833,1.6657102560695214,1.6240674996677833,1.6448888778686523,16400,0.055,0.0
1990-10-10 00:00:00-04:00,1.6657102560695214,1.6657102560695214,1.6240674996677833,1.6448888778686523,12200,0.0,0.0
1990-10-11 00:00:00-04:00,1.62406807441216,1.6448894599815467,1.6032466888427734,1.6032466888427734,15400,0.0,0.0
1990-10-12 00:00:00-04:00,1.6240651921222085,1.6240651921222085,1.5616011462713542,1.5824224948883057,40500,0.0,0.0
1990-10-15 00:00:00-04:00,1.5824249267578125,1.5824249267578125,1.5616035461425781,1.5616035461425781,16000,0.0,0.0
1990-10-16 00:00:00-04:00,1.5824224948883057,1.5824224948883057,1.5616011462713542,1.5824224948883057,23200,0.0,0.0
1990-10-17 00:00:00-04:00,1.6032466888427734,1.6032466888427734,1.5824253032733868,1.6032466888427734,16900,0.0,0.0
1990-10-18 00:00:00-04:00,1.603243843505257,1.6240651921222085,1.5824224948883057,1.5824224948883057,8200,0.0,0.0
1990-10-19 00:00:00-04:00,1.6032466888427734,1.62406807441216,1.6032466888427734,1.6032466888427734,13800,0.0,0.0
1990-10-22 00:00:00-04:00,1.6032466888427734,1.62406807441216,1.6032466888427734,1.6032466888427734,5900,0.0,0.0
1990-10-23 00:00:00-04:00,1.6032461214669143,1.6448888778686523,1.6032461214669143,1.6448888778686523,51900,0.0,0.0
1990-10-24 00:00:00-04:00,1.6240674996677833,1.6448888778686523,1.6240674996677833,1.6448888778686523,9800,0.0,0.0
1990-10-25 00:00:00-04:00,1.6448888778686523,1.6448888778686523,1.6448888778686523,1.6448888778686523,200,0.0,0.0
1990-10-26 00:00:00-04:00,1.6240674996677833,1.6448888778686523,1.6240674996677833,1.6448888778686523,17100,0.0,0.0
1990-10-29 00:00:00-05:00,1.6240668296813965,1.6448881992926965,1.6240668296813965,1.6240668296813965,8600,0.0,0.0
1990-10-30 00:00:00-05:00,1.6240662932395935,1.6657090187072754,1.6240662932395935,1.6657090187072754,23000,0.0,0.0
1990-10-31 00:00:00-05:00,1.6448876559734344,1.6865303814411163,1.6448876559734344,1.6657090187072754,17700,0.0,0.0
1990-11-01 00:00:00-05:00,1.6657092247480225,1.6865305900573728,1.6657092247480225,1.686530590057373,14800,0.0,0.0
1990-11-02 00:00:00-05:00,1.6865303814411163,1.6865303814411163,1.6657090187072754,1.6657090187072754,21700,0.0,0.0
1990-11-05 00:00:00-05:00,1.6657092247480225,1.6865305900573728,1.6657092247480225,1.686530590057373,38200,0.0,0.0
1990-11-06 00:00:00-05:00,1.6657090187072754,1.6865303814411163,1.6657090187072754,1.6657090187072754,12400,0.0,0.0
1990-11-07 00:00:00-05:00,1.6657092247480225,1.6865305900573728,1.6657092247480225,1.686530590057373,9400,0.0,0.0
1990-11-08 00:00:00-05:00,1.6748077869415283,1.6957428842782976,1.6748077869415283,1.6748077869415283,17700,0.055,0.0
1990-11-09 00:00:00-05:00,1.6748077869415283,1.6957428842782976,1.6748077869415283,1.6748077869415283,25400,0.0,0.0
1990-11-12 00:00:00-05:00,1.6748077869415283,1.7166779816150666,1.6748077869415283,1.6748077869415283,16800,0.0,0.0
1990-11-13 00:00:00-05:00,1.6957428455352783,1.6957428455352783,1.6748077486768183,1.6957428455352783,4800,0.0,0.0
1990-11-14 00:00:00-05:00,1.6748077486768183,1.7166779423937386,1.6748077486768183,1.6957428455352783,24700,0.0,0.0
1990-11-15 00:00:00-05:00,1.7166779423937386,1.7166779423937386,1.6748077486768183,1.6957428455352783,21800,0.0,0.0
1990-11-16 00:00:00-05:00,1.6748077486768183,1.6957428455352783,1.6748077486768183,1.6957428455352783,6800,0.0,0.0
1990-11-19 00:00:00-05:00,1.6957428455352783,1.6957428455352783,1.6748077486768183,1.6957428455352783,7300,0.0,0.0
1990-11-20 00:00:00-05:00,1.6748084297663048,1.6957435351383836,1.653873324394226,1.653873324394226,21700,0.0,0.0
1990-11-21 00:00:00-05:00,1.6538726896047593,1.6748077869415283,1.6538726896047593,1.6748077869415283,23300,0.0,0.0
1990-11-23 00:00:00-05:00,1.6748077869415283,1.6957428842782976,1.6538726896047593,1.6748077869415283,8300,0.0,0.0
1990-11-26 00:00:00-05:00,1.6538726896047593,1.6748077869415283,1.6538726896047593,1.6748077869415283,32100,0.0,0.0
1990-11-27 00:00:00-05:00,1.6748084297663048,1.6748084297663048,1.653873324394226,1.653873324394226,5100,0.0,0.0
1990-11-28 00:00:00-05:00,1.6748077869415283,1.6748077869415283,1.6538726896047593,1.6748077869415283,6000,0.0,0.0
1990-11-29 00:00:00-05:00,1.6748077869415283,1.6748077869415283,1.6538726896047593,1.6748077869415283,20000,0.0,0.0
1990-11-30 00:00:00-05:00,1.6538726896047593,1.6748077869415283,1.6538726896047593,1.6748077869415283,15900,0.0,0.0
1990-12-03 00:00:00-05:00,1.6748077869415283,1.6748077869415283,1.6538726896047593,1.6748077869415283,7200,0.0,0.0
1990-12-04 00:00:00-05:00,1.6748079439488852,1.7166781425476074,1.6748079439488852,1.7166781425476074,29900,0.0,0.0
1990-12-05 00:00:00-05:00,1.6957430432482463,1.7166781425476074,1.6748079439488852,1.7166781425476074,17300,0.0,0.0
1990-12-06 00:00:00-05:00,1.6957428455352783,1.7166779423937386,1.6957428455352783,1.6957428455352783,6400,0.0,0.0
1990-12-07 00:00:00-05:00,1.6957428455352783,1.7166779423937386,1.6957428455352783,1.6957428455352783,9000,0.0,0.0
1990-12-10 00:00:00-05:00,1.7050034999847412,1.7260529259104787,1.6839540740590038,1.7050034999847412,13300,0.055,0.0
1990-12-11 00:00:00-05:00,1.6839550733566284,1.7050045117735861,1.6839550733566284,1.6839550733566284,4600,0.0,0.0
1990-12-12 00:00:00-05:00,1.6839550733566284,1.7050045117735861,1.6839550733566284,1.6839550733566284,8700,0.0,0.0
1990-12-13 00:00:00-05:00,1.6839542159114975,1.7681519267070724,1.6839542159114975,1.7471024990081787,28700,0.0,0.0
1990-12-14 00:00:00-05:00,1.7471042362655083,1.7471042362655083,1.7260547876358032,1.7260547876358032,10000,0.0,0.0
1990-12-17 00:00:00-05:00,1.7260547876358032,1.7471042362655083,1.7260547876358032,1.7260547876358032,14400,0.0,0.0
1990-12-18 00:00:00-05:00,1.726053071309285,1.7471024990081787,1.726053071309285,1.7471024990081787,2800,0.0,0.0
1990-12-19 00:00:00-05:00,1.7471024990081787,1.7471024990081787,1.726053071309285,1.7471024990081787,25200,0.0,0.0
1990-12-20 00:00:00-05:00,1.7471031589167458,1.7892020302159446,1.7260537232671465,1.7681525945663452,26000,0.0,0.0
1990-12-21 00:00:00-05:00,1.7681525945663452,1.7892020302159446,1.7471031589167458,1.7681525945663452,26700,0.0,0.0
1990-12-24 00:00:00-05:00,1.7471031589167458,1.7681525945663452,1.7471031589167458,1.7681525945663452,1600,0.0,0.0
1990-12-26 00:00:00-05:00,1.7471024990081787,1.7471024990081787,1.726053071309285,1.7471024990081787,5000,0.0,0.0
1990-12-27 00:00:00-05:00,1.7471042362655083,1.7471042362655083,1.7260547876358032,1.7260547876358032,5600,0.0,0.0
1990-12-28 00:00:00-05:00,1.7260547876358032,1.7260547876358032,1.7260547876358032,1.7260547876358032,2300,0.0,0.0
1990-12-31 00:00:00-05:00,1.7260547876358032,1.7260547876358032,1.7260547876358032,1.7260547876358032,4000,0.0,0.0
1991-01-02 00:00:00-05:00,1.7260547876358032,1.7260547876358032,1.7050053390060984,1.7260547876358032,23100,0.0,0.0
1991-01-03 00:00:00-05:00,1.7260529259104787,1.7260529259104787,1.7050034999847412,1.7050034999847412,34000,0.0,0.0
1991-01-04 00:00:00-05:00,1.7260547876358032,1.7260547876358032,1.7050053390060984,1.7260547876358032,23900,0.0,0.0
1991-01-07 00:00:00-05:00,1.7260529259104787,1.7260529259104787,1.7050034999847412,1.7050034999847412,22100,0.0,0.0
1991-01-08 00:00:00-05:00,1.7050053390060984,1.7260547876358032,1.7050053390060984,1.7260547876358032,11500,0.0,0.0
1991-01-09 00:00:00-05:00,1.7142036935178244,1.735366702079773,1.7142036935178244,1.735366702079773,26600,0.055,0.0
1991-01-10 00:00:00-05:00,1.7353662094437934,1.7565292119979858,1.7353662094437934,1.7565292119979858,24300,0.0,0.0
1991-01-11 00:00:00-05:00,1.735366702079773,1.7565297106417213,1.735366702079773,1.735366702079773,12900,0.0,0.0
1991-01-14 00:00:00-05:00,1.735366702079773,1.7565297106417213,1.735366702079773,1.735366702079773,26900,0.0,0.0
1991-01-15 00:00:00-05:00,1.7565297106417213,1.7565297106417213,1.735366702079773,1.735366702079773,31600,0.0,0.0
1991-01-16 00:00:00-05:00,1.735366702079773,1.7565297106417213,1.735366702079773,1.735366702079773,10200,0.0,0.0
1991-01-17 00:00:00-05:00,1.735366702079773,1.7565297106417213,1.735366702079773,1.735366702079773,22100,0.0,0.0
1991-01-18 00:00:00-05:00,1.735366702079773,1.735366702079773,1.7142036935178244,1.735366702079773,11300,0.0,0.0
1991-01-21 00:00:00-05:00,1.7142027616500854,1.735365758707494,1.7142027616500854,1.7142027616500854,11300,0.0,0.0
1991-01-22 00:00:00-05:00,1.7353662094437934,1.7565292119979858,1.7353662094437934,1.7565292119979858,11700,0.0,0.0
1991-01-23 00:00:00-05:00,1.735366702079773,1.7565297106417213,1.735366702079773,1.735366702079773,24800,0.0,0.0
1991-01-24 00:00:00-05:00,1.7353662094437934,1.7565292119979858,1.7353662094437934,1.7565292119979858,13400,0.0,0.0
1991-01-25 00:00:00-05:00,1.7565297106417213,1.7565297106417213,1.735366702079773,1.735366702079773,3200,0.0,0.0
1991-01-28 00:00:00-05:00,1.7353662094437934,1.7776922145521785,1.7353662094437934,1.7565292119979858,19100,0.0,0.0
1991-01-29 00:00:00-05:00,1.7565292119979858,1.7565292119979858,1.7565292119979858,1.7565292119979858,3000,0.0,0.0
1991-01-30 00:00:00-05:00,1.7565292119979858,1.7776922145521785,1.7353662094437934,1.7565292119979858,13000,0.0,0.0
1991-01-31 00:00:00-05:00,1.7565297106417213,1.7565297106417213,1.735366702079773,1.735366702079773,10100,0.0,0.0
1991-02-01 00:00:00-05:00,1.7776922145521785,1.7776922145521785,1.7565292119979858,1.7565292119979858,15400,0.0,0.0
1991-02-04 00:00:00-05:00,1.7776927192036698,1.7776927192036698,1.735366702079773,1.735366702079773,22700,0.0,0.0
1991-02-05 00:00:00-05:00,1.756528018485932,1.7776910066604614,1.7353650303114028,1.7776910066604614,12200,0.0,0.0
1991-02-06 00:00:00-05:00,1.7565292119979858,1.7776922145521785,1.7353662094437934,1.7565292119979858,16800,0.0,0.0
1991-02-07 00:00:00-05:00,1.7565292119979858,1.7776922145521785,1.7353662094437934,1.7565292119979858,25500,0.0,0.0
1991-02-08 00:00:00-05:00,1.7565292119979858,1.7776922145521785,1.7565292119979858,1.7565292119979858,8900,0.0,0.0
1991-02-11 00:00:00-05:00,1.7446128129959106,1.7658885790080558,1.7446128129959106,1.7446128129959106,30300,0.055,0.0
1991-02-12 00:00:00-05:00,1.7658880949020384,1.7658880949020384,1.7658880949020384,1.7658880949020386,20100,0.0,0.0
1991-02-13 00:00:00-05:00,1.7658885790080558,1.7658885790080558,1.7446128129959106,1.7446128129959106,19300,0.0,0.0
1991-02-14 00:00:00-05:00,1.7658899781249817,1.7871657609939573,1.744614195256006,1.7871657609939575,18500,0.0,0.0
1991-02-15 00:00:00-05:00,1.7871657609939573,1.7871657609939573,1.7658899781249817,1.7871657609939575,10200,0.0,0.0
1991-02-19 00:00:00-05:00,1.7871675042545094,1.808443307876587,1.7871675042545094,1.808443307876587,19800,0.0,0.0
1991-02-20 00:00:00-05:00,1.808443307876587,1.8297191114986644,1.808443307876587,1.808443307876587,20200,0.0,0.0
1991-02-21 00:00:00-05:00,1.808443307876587,1.8297191114986644,1.808443307876587,1.808443307876587,21900,0.0,0.0
1991-02-22 00:00:00-05:00,1.8297191114986644,1.8297191114986644,1.7871675042545094,1.808443307876587,25500,0.0,0.0
1991-02-25 00:00:00-05:00,1.808443307876587,1.8297191114986644,1.808443307876587,1.808443307876587,8800,0.0,0.0
1991-02-26 00:00:00-05:00,1.808443307876587,1.808443307876587,1.7871675042545094,1.808443307876587,7500,0.0,0.0
1991-02-27 00:00:00-05:00,1.808441543862933,1.808441543862933,1.7871657609939573,1.7871657609939575,18600,0.0,0.0
1991-02-28 00:00:00-05:00,1.7871675042545094,1.808443307876587,1.7871675042545094,1.808443307876587,23000,0.0,0.0
1991-03-01 00:00:00-05:00,1.7871657609939573,1.808441543862933,1.7871657609939573,1.7871657609939575,13400,0.0,0.0
1991-03-04 00:00:00-05:00,1.7871675042545094,1.8297191114986644,1.7871675042545094,1.808443307876587,16900,0.0,0.0
1991-03-05 00:00:00-05:00,1.8297191114986644,1.8297191114986644,1.808443307876587,1.808443307876587,20300,0.0,0.0
1991-03-06 00:00:00-05:00,1.8084418496420218,1.8297176361083984,1.8084418496420218,1.8297176361083984,15000,0.0,0.0
1991-03-07 00:00:00-05:00,1.808443307876587,1.8297191114986644,1.808443307876587,1.808443307876587,14100,0.0,0.0
1991-03-08 00:00:00-05:00,1.808443307876587,1.8297191114986644,1.7871675042545094,1.808443307876587,53300,0.0,0.0
1991-03-11 00:00:00-05:00,1.7964646816253662,1.8178511659304302,1.7964646816253662,1.7964646816253662,21700,0.055,0.0
1991-03-12 00:00:00-05:00,1.7964646816253662,1.8178511659304302,1.7964646816253662,1.7964646816253662,5200,0.0,0.0
1991-03-13 00:00:00-05:00,1.7964646816253662,1.8178511659304302,1.7964646816253662,1.7964646816253662,18000,0.0,0.0
1991-03-14 00:00:00-05:00,1.8178511659304302,1.8178511659304302,1.7964646816253662,1.7964646816253662,7200,0.0,0.0
1991-03-15 00:00:00-05:00,1.8178511659304302,1.8178511659304302,1.7964646816253662,1.7964646816253662,1900,0.0,0.0
1991-03-18 00:00:00-05:00,1.7964646816253662,1.7964646816253662,1.7964646816253662,1.7964646816253662,7900,0.0,0.0
1991-03-19 00:00:00-05:00,1.8178526163101196,1.8178526163101196,1.7964661149417653,1.8178526163101196,5200,0.0,0.0
1991-03-20 00:00:00-05:00,1.8178511659304302,1.8178511659304302,1.7964646816253662,1.7964646816253662,23500,0.0,0.0
1991-03-21 00:00:00-05:00,1.7964661149417653,1.8178526163101196,1.7964661149417653,1.8178526163101196,6900,0.0,0.0
1991-03-22 00:00:00-05:00,1.7964661149417653,1.8178526163101196,1.7964661149417653,1.8178526163101196,4900,0.0,0.0
1991-03-25 00:00:00-05:00,1.8178511659304302,1.8178511659304302,1.7964646816253662,1.7964646816253662,11500,0.0,0.0
1991-03-26 00:00:00-05:00,1.8178526163101196,1.8178526163101196,1.7964661149417653,1.8178526163101196,6900,0.0,0.0
1991-03-27 00:00:00-05:00,1.7964661149417653,1.8178526163101196,1.7964661149417653,1.8178526163101196,6100,0.0,0.0
1991-03-28 00:00:00-05:00,1.7964661149417653,1.8392391176784741,1.7964661149417653,1.8178526163101196,28200,0.0,0.0
1991-04-01 00:00:00-05:00,1.8178511659304302,1.8392376502354941,1.7964646816253662,1.7964646816253662,24200,0.0,0.0
1991-04-02 00:00:00-05:00,1.8178511659304302,1.8392376502354941,1.7964646816253662,1.7964646816253662,35800,0.0,0.0
1991-04-03 00:00:00-05:00,1.8178526163101196,1.8178526163101196,1.7964661149417653,1.8178526163101196,10300,0.0,0.0
1991-04-04 00:00:00-05:00,1.7964646816253662,1.8178511659304302,1.7964646816253662,1.7964646816253662,13900,0.0,0.0
1991-04-05 00:00:00-05:00,1.8178526163101196,1.8178526163101196,1.7964661149417653,1.8178526163101196,13200,0.0,0.0
1991-04-08 00:00:00-04:00,1.8178526163101196,1.8178526163101196,1.7964661149417653,1.8178526163101196,10700,0.0,0.0
1991-04-09 00:00:00-04:00,1.8058117628097534,1.8058117628097534,1.784314003728685,1.8058117628097534,13100,0.055,0.0
1991-04-10 00:00:00-04:00,1.8058117628097534,1.827309521890822,1.8058117628097534,1.8058117628097534,17000,0.0,0.0
1991-04-11 00:00:00-04:00,1.827309521890822,1.827309521890822,1.8058117628097534,1.8058117628097534,13000,0.0,0.0
1991-04-12 00:00:00-04:00,1.8058139688828412,1.8273117542266846,1.8058139688828412,1.8273117542266846,15100,0.0,0.0
1991-04-15 00:00:00-04:00,1.8058139688828412,1.8273117542266846,1.8058139688828412,1.8273117542266846,30400,0.0,0.0
1991-04-16 00:00:00-04:00,1.8273092217223588,1.8488069772720337,1.805811466172684,1.8488069772720337,17000,0.0,0.0
1991-04-17 00:00:00-04:00,1.8273092217223588,1.8488069772720337,1.8273092217223588,1.8488069772720337,30300,0.0,0.0
1991-04-18 00:00:00-04:00,1.8703047328217084,1.8703047328217084,1.8273092217223588,1.8488069772720337,12400,0.0,0.0
1991-04-19 00:00:00-04:00,1.848809539570528,1.848809539570528,1.8273117542266846,1.8273117542266846,18800,0.0,0.0
1991-04-22 00:00:00-04:00,1.827309521890822,1.827309521890822,1.8058117628097534,1.8058117628097534,14900,0.0,0.0
1991-04-23 00:00:00-04:00,1.8273089449089694,1.8273089449089694,1.7843134403228762,1.784313440322876,6100,0.0,0.0
1991-04-24 00:00:00-04:00,1.7843134403228762,1.7843134403228762,1.7628156880298294,1.784313440322876,19100,0.0,0.0
1991-04-25 00:00:00-04:00,1.8058117628097534,1.8058117628097534,1.7628162446476165,1.8058117628097534,9200,0.0,0.0
1991-04-26 00:00:00-04:00,1.7628156880298294,1.7843134403228762,1.7628156880298294,1.784313440322876,19300,0.0,0.0
1991-04-29 00:00:00-04:00,1.7843134403228762,1.7843134403228762,1.7628156880298294,1.784313440322876,6100,0.0,0.0
1991-04-30 00:00:00-04:00,1.7843134403228762,1.7843134403228762,1.7628156880298294,1.784313440322876,18600,0.0,0.0
1991-05-01 00:00:00-04:00,1.7843134403228762,1.8058111926159228,1.7843134403228762,1.784313440322876,6400,0.0,0.0
1991-05-02 00:00:00-04:00,1.8058111926159228,1.8058111926159228,1.7843134403228762,1.784313440322876,13400,0.0,0.0
1991-05-03 00:00:00-04:00,1.8058111926159228,1.8058111926159228,1.7843134403228762,1.784313440322876,9200,0.0,0.0
1991-05-06 00:00:00-04:00,1.7843134403228762,1.8058111926159228,1.7843134403228762,1.784313440322876,9800,0.0,0.0
1991-05-07 00:00:00-04:00,1.7843161835389978,1.8273117542266846,1.7843161835389978,1.8273117542266846,3800,0.0,0.0
1991-05-08 00:00:00-04:00,1.8058111926159228,1.8273089449089694,1.7843134403228762,1.784313440322876,7000,0.0,0.0
1991-05-09 00:00:00-04:00,1.7722114324569702,1.7938237669991284,1.7722114324569702,1.7722114324569702,10500,0.055,0.0
1991-05-10 00:00:00-04:00,1.7938221693038938,1.83704679988953,1.7938221693038938,1.793822169303894,48000,0.0,0.0
1991-05-13 00:00:00-04:00,1.7938221693038938,1.8154344845967119,1.7938221693038938,1.793822169303894,6100,0.0,0.0
1991-05-14 00:00:00-04:00,1.7938221693038938,1.7938221693038938,1.7938221693038938,1.793822169303894,11000,0.0,0.0
1991-05-15 00:00:00-04:00,1.7938221693038938,1.7938221693038938,1.772209854011076,1.793822169303894,6300,0.0,0.0
1991-05-16 00:00:00-04:00,1.7938221693038938,1.7938221693038938,1.7938221693038938,1.793822169303894,1400,0.0,0.0
1991-05-17 00:00:00-04:00,1.7722114324569702,1.7722114324569702,1.7722114324569702,1.7722114324569702,700,0.0,0.0
1991-05-20 00:00:00-04:00,1.772209854011076,1.7938221693038938,1.772209854011076,1.793822169303894,44100,0.0,0.0
1991-05-21 00:00:00-04:00,1.7938221693038938,1.8154344845967119,1.772209854011076,1.793822169303894,7800,0.0,0.0
1991-05-22 00:00:00-04:00,1.7938239077726998,1.8154362440109253,1.7938239077726998,1.8154362440109253,24100,0.0,0.0
1991-05-23 00:00:00-04:00,1.7938239077726998,1.8154362440109253,1.7938239077726998,1.8154362440109253,7800,0.0,0.0
1991-05-24 00:00:00-04:00,1.7938221693038938,1.8154344845967119,1.7938221693038938,1.793822169303894,12300,0.0,0.0
1991-05-28 00:00:00-04:00,1.7938239077726998,1.8154362440109253,1.7938239077726998,1.8154362440109253,18300,0.0,0.0
1991-05-29 00:00:00-04:00,1.8154369017657113,1.8370492458343506,1.8154369017657113,1.8370492458343506,17600,0.0,0.0
1991-05-30 00:00:00-04:00,1.8586608171463013,1.8586608171463013,1.8370484820632047,1.8586608171463013,20000,0.0,0.0
1991-05-31 00:00:00-04:00,1.8370492458343506,1.8586615899029901,1.8370492458343506,1.8370492458343506,7000,0.0,0.0
1991-06-03 00:00:00-04:00,1.8370492458343506,1.8370492458343506,1.8370492458343506,1.8370492458343506,9000,0.0,0.0
1991-06-04 00:00:00-04:00,1.8586608171463013,1.8802731522293978,1.8154361469801081,1.8586608171463013,24500,0.0,0.0
1991-06-05 00:00:00-04:00,1.8586608171463013,1.8802731522293978,1.8586608171463013,1.8586608171463013,13100,0.0,0.0
1991-06-06 00:00:00-04:00,1.8370484820632047,1.8586608171463013,1.8370484820632047,1.8586608171463013,4200,0.0,0.0
1991-06-07 00:00:00-04:00,1.8370492458343506,1.8586615899029901,1.8370492458343506,1.8370492458343506,7100,0.0,0.0
1991-06-10 00:00:00-04:00,1.8248832422144274,1.84660804271698,1.8248832422144274,1.84660804271698,3000,0.055,0.0
1991-06-11 00:00:00-04:00,1.84660804271698,1.8683328432195327,1.84660804271698,1.84660804271698,16100,0.0,0.0
1991-06-12 00:00:00-04:00,1.84660804271698,1.84660804271698,1.8248832422144274,1.84660804271698,15600,0.0,0.0
1991-06-13 00:00:00-04:00,1.8466074730074684,1.8683322668075562,1.8466074730074684,1.8683322668075562,9400,0.0,0.0
1991-06-14 00:00:00-04:00,1.8466074730074684,1.8683322668075562,1.8466074730074684,1.8683322668075562,5500,0.0,0.0
1991-06-17 00:00:00-04:00,1.8683328432195327,1.8683328432195327,1.84660804271698,1.84660804271698,1700,0.0,0.0
1991-06-18 00:00:00-04:00,1.8683322668075562,1.8683322668075562,1.8466074730074684,1.8683322668075562,16800,0.0,0.0
1991-06-19 00:00:00-04:00,1.8466080228487651,1.8466080228487651,1.824883222579956,1.824883222579956,7000,0.0,0.0
1991-06-20 00:00:00-04:00,1.8248832422144274,1.84660804271698,1.8248832422144274,1.84660804271698,39000,0.0,0.0
1991-06-21 00:00:00-04:00,1.824883222579956,1.8466080228487651,1.824883222579956,1.824883222579956,11600,0.0,0.0
1991-06-24 00:00:00-04:00,1.8248832422144274,1.84660804271698,1.8248832422144274,1.84660804271698,3600,0.0,0.0
1991-06-25 00:00:00-04:00,1.84660804271698,1.84660804271698,1.8248832422144274,1.84660804271698,6800,0.0,0.0
1991-06-26 00:00:00-04:00,1.824883222579956,1.8466080228487651,1.824883222579956,1.824883222579956,6000,0.0,0.0
1991-06-27 00:00:00-04:00,1.8248832422144274,1.84660804271698,1.8248832422144274,1.84660804271698,16000,0.0,0.0
1991-06-28 00:00:00-04:00,1.824883222579956,1.8466080228487651,1.824883222579956,1.824883222579956,5600,0.0,0.0
1991-07-01 00:00:00-04:00,1.8248832422144274,1.84660804271698,1.8248832422144274,1.84660804271698,4400,0.0,0.0
1991-07-02 00:00:00-04:00,1.84660804271698,1.84660804271698,1.8248832422144274,1.84660804271698,4600,0.0,0.0
1991-07-03 00:00:00-04:00,1.8466080228487651,1.8466080228487651,1.824883222579956,1.824883222579956,3500,0.0,0.0
1991-07-05 00:00:00-04:00,1.8248832422144274,1.84660804271698,1.8248832422144274,1.84660804271698,14000,0.0,0.0
1991-07-08 00:00:00-04:00,1.8466080228487651,1.8466080228487651,1.824883222579956,1.824883222579956,14800,0.0,0.0
1991-07-09 00:00:00-04:00,1.8344904485955296,1.8563296206026192,1.81265127658844,1.81265127658844,4000,0.055,0.0
1991-07-10 00:00:00-04:00,1.8126523068972995,1.8344914913177488,1.8126523068972995,1.834491491317749,4500,0.0,0.0
1991-07-11 00:00:00-04:00,1.8126523068972995,1.8344914913177488,1.8126523068972995,1.834491491317749,5600,0.0,0.0
1991-07-12 00:00:00-04:00,1.8344914913177488,1.8344914913177488,1.8126523068972995,1.834491491317749,9000,0.0,0.0
1991-07-15 00:00:00-04:00,1.8344904485955296,1.8344904485955296,1.81265127658844,1.81265127658844,7500,0.0,0.0
1991-07-16 00:00:00-04:00,1.8344914913177488,1.8344914913177488,1.8126523068972995,1.834491491317749,14800,0.0,0.0
1991-07-17 00:00:00-04:00,1.8344914913177488,1.8344914913177488,1.8126523068972995,1.834491491317749,10300,0.0,0.0
1991-07-18 00:00:00-04:00,1.8126523068972995,1.8344914913177488,1.8126523068972995,1.834491491317749,13500,0.0,0.0
1991-07-19 00:00:00-04:00,1.8344904485955296,1.8344904485955296,1.81265127658844,1.81265127658844,8300,0.0,0.0
1991-07-22 00:00:00-04:00,1.8344914913177488,1.8344914913177488,1.8126523068972995,1.834491491317749,29200,0.0,0.0
1991-07-23 00:00:00-04:00,1.8344904485955296,1.8344904485955296,1.81265127658844,1.81265127658844,17200,0.0,0.0
1991-07-24 00:00:00-04:00,1.8344914913177488,1.8344914913177488,1.8126523068972995,1.834491491317749,23700,0.0,0.0
1991-07-25 00:00:00-04:00,1.8344904485955296,1.8344904485955296,1.81265127658844,1.81265127658844,19500,0.0,0.0
1991-07-26 00:00:00-04:00,1.8344914913177488,1.8563306757381983,1.8344914913177488,1.834491491317749,35100,0.0,0.0
1991-07-29 00:00:00-04:00,1.8344914913177488,1.8563306757381983,1.8344914913177488,1.834491491317749,12900,0.0,0.0
1991-07-30 00:00:00-04:00,1.8563337326049805,1.8563337326049805,1.8344945122213925,1.8563337326049805,17700,0.0,0.0
1991-07-31 00:00:00-04:00,1.8563337326049805,1.8563337326049805,1.8563337326049805,1.8563337326049805,0,0.0,0.0
1991-08-01 00:00:00-04:00,1.8344914913177488,1.8563306757381983,1.8344914913177488,1.834491491317749,18500,0.0,0.0
1991-08-02 00:00:00-04:00,1.8563306757381983,1.8563306757381983,1.8344914913177488,1.834491491317749,18300,0.0,0.0
1991-08-05 00:00:00-04:00,1.8563337326049805,1.8563337326049805,1.8344945122213925,1.8563337326049805,13100,0.0,0.0
1991-08-06 00:00:00-04:00,1.8563306757381983,1.8563306757381983,1.8344914913177488,1.834491491317749,4200,0.0,0.0
1991-08-07 00:00:00-04:00,1.8344945122213925,1.8781729529885685,1.8344945122213925,1.8563337326049805,21600,0.0,0.0
1991-08-08 00:00:00-04:00,1.8563337326049805,1.8781729529885685,1.8563337326049805,1.8563337326049805,21900,0.0,0.0
1991-08-09 00:00:00-04:00,1.8659894965415775,1.887942314147949,1.8659894965415775,1.8879423141479492,7600,0.055,0.0
1991-08-12 00:00:00-04:00,1.8659920692443848,1.8879449171178482,1.8659920692443848,1.8659920692443848,13500,0.0,0.0
1991-08-13 00:00:00-04:00,1.8659920692443848,1.8879449171178482,1.8659920692443848,1.8659920692443848,18100,0.0,0.0
1991-08-14 00:00:00-04:00,1.88794245606377,1.88794245606377,1.8440368175506592,1.8440368175506592,38100,0.0,0.0
1991-08-15 00:00:00-04:00,1.8440392213709216,1.8659920692443848,1.8440392213709216,1.8659920692443848,7600,0.0,0.0
1991-08-16 00:00:00-04:00,1.8659920692443848,1.8659920692443848,1.8440392213709216,1.8659920692443848,13000,0.0,0.0
1991-08-19 00:00:00-04:00,1.8440368175506592,1.8659896368072146,1.8440368175506592,1.8440368175506592,10100,0.0,0.0
1991-08-20 00:00:00-04:00,1.8440368175506592,1.8440368175506592,1.8220839982941037,1.8440368175506592,4500,0.0,0.0
1991-08-21 00:00:00-04:00,1.8440368893634842,1.8440368893634842,1.8220840692520142,1.8220840692520142,10300,0.0,0.0
1991-08-22 00:00:00-04:00,1.8440392213709216,1.8659920692443848,1.8440392213709216,1.8659920692443848,10600,0.0,0.0
1991-08-23 00:00:00-04:00,1.8440392213709216,1.8659920692443848,1.8440392213709216,1.8659920692443848,17000,0.0,0.0
1991-08-26 00:00:00-04:00,1.8659896368072146,1.8659896368072146,1.8440368175506592,1.8440368175506592,4300,0.0,0.0
1991-08-27 00:00:00-04:00,1.8440392213709216,1.8659920692443848,1.8440392213709216,1.8659920692443848,600,0.0,0.0
1991-08-28 00:00:00-04:00,1.8659896368072146,1.8659896368072146,1.8440368175506592,1.8440368175506592,20600,0.0,0.0
1991-08-29 00:00:00-04:00,1.8440368175506592,1.8440368175506592,1.8440368175506592,1.8440368175506592,4800,0.0,0.0
1991-08-30 00:00:00-04:00,1.8440368175506592,1.8659896368072146,1.8440368175506592,1.8440368175506592,12100,0.0,0.0
1991-09-03 00:00:00-04:00,1.8440392213709216,1.8659920692443848,1.8440392213709216,1.8659920692443848,7000,0.0,0.0
1991-09-04 00:00:00-04:00,1.8659920692443848,1.8659920692443848,1.8440392213709216,1.8659920692443848,18500,0.0,0.0
1991-09-05 00:00:00-04:00,1.8659894965415775,1.887942314147949,1.844036678935206,1.8879423141479492,26700,0.0,0.0
1991-09-06 00:00:00-04:00,1.8659920692443848,1.8879449171178482,1.8659920692443848,1.8659920692443848,13000,0.0,0.0
1991-09-09 00:00:00-04:00,1.8756993010986682,1.897766351699829,1.8756993010986682,1.897766351699829,5500,0.055,0.0
1991-09-10 00:00:00-04:00,1.8757011890411377,1.8977682618533862,1.8757011890411377,1.8757011890411377,24600,0.0,0.0
1991-09-11 00:00:00-04:00,1.8756993010986682,1.897766351699829,1.8756993010986682,1.897766351699829,6300,0.0,0.0
1991-09-12 00:00:00-04:00,1.8756993010986682,1.897766351699829,1.8756993010986682,1.897766351699829,5700,0.0,0.0
1991-09-13 00:00:00-04:00,1.8977682618533862,1.8977682618533862,1.853634116228889,1.8757011890411377,10500,0.0,0.0
1991-09-16 00:00:00-04:00,1.8536328077316286,1.8756998649665289,1.8536328077316286,1.8536328077316284,9300,0.0,0.0
1991-09-17 00:00:00-04:00,1.8757011890411377,1.8757011890411377,1.853634116228889,1.8757011890411377,15200,0.0,0.0
1991-09-18 00:00:00-04:00,1.8977682618533862,1.8977682618533862,1.8757011890411377,1.8757011890411377,2700,0.0,0.0
1991-09-19 00:00:00-04:00,1.897766351699829,1.897766351699829,1.8756993010986682,1.897766351699829,7300,0.0,0.0
1991-09-20 00:00:00-04:00,1.8977669222014293,1.8977669222014293,1.8536328077316286,1.8536328077316284,18700,0.0,0.0
1991-09-23 00:00:00-04:00,1.8756998649665289,1.8756998649665289,1.8536328077316286,1.8536328077316284,16100,0.0,0.0
1991-09-24 00:00:00-04:00,1.8756998649665289,1.8756998649665289,1.8536328077316286,1.8536328077316284,16100,0.0,0.0
1991-09-25 00:00:00-04:00,1.853634116228889,1.8757011890411377,1.853634116228889,1.8757011890411377,12500,0.0,0.0
1991-09-26 00:00:00-04:00,1.853634116228889,1.8757011890411377,1.853634116228889,1.8757011890411377,3800,0.0,0.0
1991-09-27 00:00:00-04:00,1.8757011890411377,1.8757011890411377,1.853634116228889,1.8757011890411377,9700,0.0,0.0
1991-09-30 00:00:00-04:00,1.8757011890411377,1.8757011890411377,1.8757011890411377,1.8757011890411377,5000,0.0,0.0
1991-10-01 00:00:00-04:00,1.8756998649665289,1.8756998649665289,1.8536328077316286,1.8536328077316284,4500,0.0,0.0
1991-10-02 00:00:00-04:00,1.853634116228889,1.8977682618533862,1.853634116228889,1.8757011890411377,14600,0.0,0.0
1991-10-03 00:00:00-04:00,1.8536328077316286,1.8756998649665289,1.8536328077316286,1.8536328077316284,7800,0.0,0.0
1991-10-04 00:00:00-04:00,1.8756993010986682,1.897766351699829,1.8756993010986682,1.897766351699829,6200,0.0,0.0
1991-10-07 00:00:00-04:00,1.897766351699829,1.897766351699829,1.8756993010986682,1.897766351699829,6900,0.0,0.0
1991-10-08 00:00:00-04:00,1.8853455989859826,1.9075261354446411,1.8853455989859826,1.9075261354446411,8300,0.055,0.0
1991-10-09 00:00:00-04:00,1.9075273205252257,1.9075273205252257,1.8853467702865603,1.88534677028656,10400,0.0,0.0
1991-10-10 00:00:00-04:00,1.9075273205252257,1.9075273205252257,1.8853467702865603,1.88534677028656,7100,0.0,0.0
1991-10-11 00:00:00-04:00,1.8853467702865603,1.9075273205252257,1.8853467702865603,1.88534677028656,8500,0.0,0.0
1991-10-14 00:00:00-04:00,1.8853455989859826,1.9075261354446411,1.8853455989859826,1.9075261354446411,11500,0.0,0.0
1991-10-15 00:00:00-04:00,1.9075261354446411,1.9297066719032998,1.8853455989859826,1.9075261354446411,7200,0.0,0.0
1991-10-16 00:00:00-04:00,1.9075252132854241,1.9297057390213013,1.9075252132854241,1.9297057390213013,13500,0.0,0.0
1991-10-17 00:00:00-04:00,1.9297057390213013,1.9297057390213013,1.9075252132854241,1.9297057390213013,16000,0.0,0.0
1991-10-18 00:00:00-04:00,1.9297066719032998,1.9518872083619585,1.9075261354446411,1.9075261354446411,34200,0.0,0.0
1991-10-21 00:00:00-04:00,1.9075252132854241,1.9297057390213013,1.9075252132854241,1.9297057390213013,10300,0.0,0.0
1991-10-22 00:00:00-04:00,1.929707870763891,1.929707870763891,1.8853467702865603,1.88534677028656,9800,0.0,0.0
1991-10-23 00:00:00-04:00,1.9075261354446411,1.9075261354446411,1.8853455989859826,1.9075261354446411,11500,0.0,0.0
1991-10-24 00:00:00-04:00,1.8853467702865603,1.9075273205252257,1.8853467702865603,1.88534677028656,6600,0.0,0.0
1991-10-25 00:00:00-04:00,1.8853467702865603,1.9075273205252257,1.8853467702865603,1.88534677028656,9100,0.0,0.0
1991-10-28 00:00:00-05:00,1.8853467702865603,1.9075273205252257,1.8853467702865603,1.88534677028656,19300,0.0,0.0
1991-10-29 00:00:00-05:00,1.8853455989859826,1.9075261354446411,1.8853455989859826,1.9075261354446411,39600,0.0,0.0
1991-10-30 00:00:00-05:00,1.8853467702865603,1.9075273205252257,1.8853467702865603,1.88534677028656,8300,0.0,0.0
1991-10-31 00:00:00-05:00,1.9075273205252257,1.9075273205252257,1.8853467702865603,1.88534677028656,18100,0.0,0.0
1991-11-01 00:00:00-05:00,1.9075261354446411,1.9297066719032998,1.9075261354446411,1.9075261354446411,6100,0.0,0.0
1991-11-04 00:00:00-05:00,1.9297066719032998,1.9297066719032998,1.9075261354446411,1.9075261354446411,10400,0.0,0.0
1991-11-05 00:00:00-05:00,1.9075261354446411,1.9297066719032998,1.9075261354446411,1.9075261354446411,15300,0.0,0.0
1991-11-06 00:00:00-05:00,1.9297066719032998,1.9297066719032998,1.9075261354446411,1.9075261354446411,26800,0.0,0.0
1991-11-07 00:00:00-05:00,1.9075261354446411,1.9075261354446411,1.8853455989859826,1.9075261354446411,24100,0.0,0.0
1991-11-08 00:00:00-05:00,1.8950417041778564,1.917336312462302,1.8950417041778564,1.8950417041778564,6900,0.055,0.0
1991-11-11 00:00:00-05:00,1.8950417041778564,1.917336312462302,1.8950417041778564,1.8950417041778564,4400,0.0,0.0
1991-11-12 00:00:00-05:00,1.917336312462302,1.917336312462302,1.8950417041778564,1.8950417041778564,12200,0.0,0.0
1991-11-13 00:00:00-05:00,1.8950417041778564,1.917336312462302,1.8950417041778564,1.8950417041778564,6300,0.0,0.0
1991-11-14 00:00:00-05:00,1.9173376560211182,1.9173376560211182,1.8950430321138958,1.9173376560211182,16200,0.0,0.0
1991-11-15 00:00:00-05:00,1.9173370117232915,1.9173370117232915,1.8727477788925173,1.872747778892517,12900,0.0,0.0
1991-11-18 00:00:00-05:00,1.8727477788925173,1.8727477788925173,1.8727477788925173,1.872747778892517,10100,0.0,0.0
1991-11-19 00:00:00-05:00,1.8950423953079043,1.8950423953079043,1.8727477788925173,1.872747778892517,22000,0.0,0.0
1991-11-20 00:00:00-05:00,1.8950417041778564,1.8950417041778564,1.8727470958934112,1.8950417041778564,9300,0.0,0.0
1991-11-21 00:00:00-05:00,1.8727477788925173,1.8950423953079043,1.8727477788925173,1.872747778892517,17300,0.0,0.0
1991-11-22 00:00:00-05:00,1.8727477788925173,1.8950423953079043,1.85045316247713,1.872747778892517,14500,0.0,0.0
1991-11-25 00:00:00-05:00,1.8727477788925173,1.8727477788925173,1.8727477788925173,1.872747778892517,4600,0.0,0.0
1991-11-26 00:00:00-05:00,1.85045316247713,1.8727477788925173,1.85045316247713,1.872747778892517,11400,0.0,0.0
1991-11-27 00:00:00-05:00,1.8504524876089659,1.8950417041778564,1.8504524876089659,1.8950417041778564,20300,0.0,0.0
1991-11-29 00:00:00-05:00,1.8727462640622765,1.8727462640622765,1.8281570672988892,1.8281570672988892,17100,0.0,0.0
1991-12-02 00:00:00-05:00,1.8281587577727905,1.8504533767700195,1.8281587577727905,1.8504533767700195,21800,0.0,0.0
1991-12-03 00:00:00-05:00,1.85045316247713,1.8727477788925173,1.828158546061743,1.872747778892517,12300,0.0,0.0
1991-12-04 00:00:00-05:00,1.8727479957672488,1.8727479957672488,1.8504533767700195,1.8504533767700195,7200,0.0,0.0
1991-12-05 00:00:00-05:00,1.850451665680583,1.8727462640622765,1.8281570672988892,1.8281570672988892,17100,0.0,0.0
1991-12-06 00:00:00-05:00,1.85045316247713,1.8950423953079043,1.828158546061743,1.872747778892517,35500,0.0,0.0
1991-12-09 00:00:00-05:00,1.886763987821691,1.9092254638671875,1.886763987821691,1.9092254638671875,42100,0.078,0.0
1991-12-10 00:00:00-05:00,1.9316869399126837,1.9316869399126837,1.9092254638671875,1.9092254638671875,13900,0.0,0.0
1991-12-11 00:00:00-05:00,1.9092254638671875,1.9092254638671875,1.886763987821691,1.9092254638671875,11100,0.0,0.0
1991-12-12 00:00:00-05:00,1.8867628574371338,1.909224320025671,1.8867628574371338,1.8867628574371338,5900,0.0,0.0
1991-12-13 00:00:00-05:00,1.909224320025671,1.909224320025671,1.8867628574371338,1.8867628574371338,14000,0.0,0.0
1991-12-16 00:00:00-05:00,1.909224320025671,1.909224320025671,1.8643013948485965,1.8867628574371338,8600,0.0,0.0
1991-12-17 00:00:00-05:00,1.9092254638671875,1.9092254638671875,1.886763987821691,1.9092254638671875,13900,0.0,0.0
1991-12-18 00:00:00-05:00,1.886763987821691,1.9092254638671875,1.886763987821691,1.9092254638671875,8200,0.0,0.0
1991-12-19 00:00:00-05:00,1.886763987821691,1.9092254638671875,1.886763987821691,1.9092254638671875,13400,0.0,0.0
1991-12-20 00:00:00-05:00,1.909224320025671,1.909224320025671,1.8867628574371338,1.8867628574371338,16000,0.0,0.0
1991-12-23 00:00:00-05:00,1.9092236355293628,1.9316850900650024,1.9092236355293628,1.9316850900650024,13700,0.0,0.0
1991-12-24 00:00:00-05:00,1.9316869399126837,1.9316869399126837,1.9092254638671875,1.9092254638671875,24900,0.0,0.0
1991-12-26 00:00:00-05:00,1.9316850900650024,1.9316850900650024,1.9316850900650024,1.9316850900650024,400,0.0,0.0
1991-12-27 00:00:00-05:00,1.9316858752020474,1.9541473388671875,1.9316858752020474,1.9541473388671875,5300,0.0,0.0
1991-12-30 00:00:00-05:00,1.9316858752020474,1.9766088025323276,1.9316858752020474,1.9541473388671875,8800,0.0,0.0
1991-12-31 00:00:00-05:00,1.9766086339950562,1.999070095745,1.9766086339950562,1.9766086339950562,21100,0.0,0.0
1992-01-02 00:00:00-05:00,1.9990711212158203,1.9990711212158203,1.9766096479437325,1.9990711212158203,3200,0.0,0.0
1992-01-03 00:00:00-05:00,1.9766086339950562,2.021531557494944,1.9766086339950562,1.9766086339950562,11900,0.0,0.0
1992-01-06 00:00:00-05:00,1.9766096479437325,1.9990711212158203,1.9766096479437325,1.9990711212158203,6300,0.0,0.0
1992-01-07 00:00:00-05:00,2.0215325944879083,2.0215325944879083,1.9766096479437325,1.9990711212158203,14000,0.0,0.0
1992-01-08 00:00:00-05:00,1.9766096479437325,2.0215325944879083,1.9766096479437325,1.9990711212158203,14300,0.0,0.0
1992-01-09 00:00:00-05:00,2.009004831314087,2.03157791930638,1.9864317433217937,2.009004831314087,17300,0.055,0.0
1992-01-10 00:00:00-05:00,2.009001912041144,2.009001912041144,1.9638558016581968,1.9864288568496704,18400,0.0,0.0
1992-01-13 00:00:00-05:00,1.9864288568496704,1.9864288568496704,1.9638558016581968,1.9864288568496704,12000,0.0,0.0
1992-01-14 00:00:00-05:00,1.9864288568496704,1.9864288568496704,1.9638558016581968,1.9864288568496704,18200,0.0,0.0
1992-01-15 00:00:00-05:00,1.9638558626174927,1.9864289185096478,1.9638558626174927,1.9638558626174927,3400,0.0,0.0
1992-01-16 00:00:00-05:00,1.9864288568496704,1.9864288568496704,1.9638558016581968,1.9864288568496704,32400,0.0,0.0
1992-01-17 00:00:00-05:00,1.9638558016581968,1.9864288568496704,1.9412827464667233,1.9864288568496704,21700,0.0,0.0
1992-01-20 00:00:00-05:00,1.9412828067253376,1.9864289185096478,1.9412828067253376,1.9638558626174927,3800,0.0,0.0
1992-01-21 00:00:00-05:00,1.9864288568496704,1.9864288568496704,1.9412827464667233,1.9864288568496704,10900,0.0,0.0
1992-01-22 00:00:00-05:00,1.9638558626174927,1.9864289185096478,1.9638558626174927,1.9638558626174927,16400,0.0,0.0
1992-01-23 00:00:00-05:00,1.9638558626174927,1.9864289185096478,1.9638558626174927,1.9638558626174927,17500,0.0,0.0
1992-01-24 00:00:00-05:00,1.9864278837691907,1.9864278837691907,1.9412817955017092,1.941281795501709,15700,0.0,0.0
1992-01-27 00:00:00-05:00,1.9412828067253376,1.9638558626174927,1.9412828067253376,1.9638558626174927,18100,0.0,0.0
1992-01-28 00:00:00-05:00,1.9412817955017092,1.9638548396354498,1.9412817955017092,1.941281795501709,4600,0.0,0.0
1992-01-29 00:00:00-05:00,1.9638558626174927,1.9638558626174927,1.9412828067253376,1.9638558626174927,26200,0.0,0.0
1992-01-30 00:00:00-05:00,1.9638558016581968,1.9864288568496704,1.9638558016581968,1.9864288568496704,21900,0.0,0.0
1992-01-31 00:00:00-05:00,1.9864288568496704,2.009001912041144,1.9864288568496704,1.9864288568496704,7400,0.0,0.0
1992-02-03 00:00:00-05:00,1.9864288568496704,2.009001912041144,1.9864288568496704,1.9864288568496704,31300,0.0,0.0
1992-02-04 00:00:00-05:00,2.009001912041144,2.009001912041144,1.9864288568496704,1.9864288568496704,11900,0.0,0.0
1992-02-05 00:00:00-05:00,2.009004831314087,2.009004831314087,1.9864317433217937,2.009004831314087,9800,0.0,0.0
1992-02-06 00:00:00-05:00,1.9864317433217937,2.009004831314087,1.9864317433217937,2.009004831314087,9400,0.0,0.0
1992-02-07 00:00:00-05:00,2.009001912041144,2.009001912041144,1.9864288568496704,1.9864288568496704,3100,0.0,0.0
1992-02-10 00:00:00-05:00,1.9737248312343252,1.9964113235473633,1.9737248312343252,1.9964113235473633,19900,0.055,0.0
1992-02-11 00:00:00-05:00,1.9737248312343252,1.9964113235473633,1.9737248312343252,1.9964113235473633,7700,0.0,0.0
1992-02-12 00:00:00-05:00,1.9964113235473633,1.9964113235473633,1.9737248312343252,1.9964113235473633,17000,0.0,0.0
1992-02-13 00:00:00-05:00,1.996410852191092,1.996410852191092,1.973724365234375,1.973724365234375,4500,0.0,0.0
1992-02-14 00:00:00-05:00,1.996410852191092,1.996410852191092,1.973724365234375,1.973724365234375,14300,0.0,0.0
1992-02-18 00:00:00-05:00,1.996410852191092,1.996410852191092,1.951037878277658,1.973724365234375,19600,0.0,0.0
1992-02-19 00:00:00-05:00,1.973724365234375,1.973724365234375,1.9283513913209411,1.973724365234375,15700,0.0,0.0
1992-02-20 00:00:00-05:00,1.973726572709925,1.973726572709925,1.9283535480499268,1.9283535480499268,22900,0.0,0.0
1992-02-21 00:00:00-05:00,1.9283504541530165,1.9510369300842285,1.9283504541530165,1.9510369300842285,33700,0.0,0.0
1992-02-24 00:00:00-05:00,1.9510369300842285,1.9737234060154405,1.9283504541530165,1.9510369300842285,22600,0.0,0.0
1992-02-25 00:00:00-05:00,1.9737234060154405,1.9737234060154405,1.9510369300842285,1.9510369300842285,11000,0.0,0.0
1992-02-26 00:00:00-05:00,1.9510369300842285,1.9737234060154405,1.9510369300842285,1.9510369300842285,13700,0.0,0.0
1992-02-27 00:00:00-05:00,1.9737248312343252,1.9964113235473633,1.9737248312343252,1.9964113235473633,4600,0.0,0.0
1992-02-28 00:00:00-05:00,1.9510369300842285,1.9510369300842285,1.9510369300842285,1.9510369300842285,5800,0.0,0.0
1992-03-02 00:00:00-05:00,1.9737234060154405,1.9737234060154405,1.9510369300842285,1.9510369300842285,11400,0.0,0.0
1992-03-03 00:00:00-05:00,1.973724365234375,1.996410852191092,1.951037878277658,1.973724365234375,8900,0.0,0.0
1992-03-04 00:00:00-05:00,1.996410852191092,1.996410852191092,1.973724365234375,1.973724365234375,10800,0.0,0.0
1992-03-05 00:00:00-05:00,1.9964113235473633,1.9964113235473633,1.9964113235473633,1.9964113235473633,1800,0.0,0.0
1992-03-06 00:00:00-05:00,1.9964113235473633,1.9964113235473633,1.9737248312343252,1.9964113235473633,12900,0.0,0.0
1992-03-09 00:00:00-05:00,1.960841178894043,1.9836416577183924,1.960841178894043,1.960841178894043,6200,0.055,0.0
1992-03-10 00:00:00-05:00,1.9836432933807373,2.006443791005803,1.9836432933807373,1.9836432933807373,9100,0.0,0.0
1992-03-11 00:00:00-05:00,2.0064432621002197,2.0064432621002197,1.9836427704854445,2.0064432621002197,2900,0.0,0.0
1992-03-12 00:00:00-05:00,1.9836427704854445,2.0064432621002197,1.9836427704854445,2.0064432621002197,7100,0.0,0.0
1992-03-13 00:00:00-05:00,1.9836432933807373,2.006443791005803,1.9836432933807373,1.9836432933807373,7600,0.0,0.0
1992-03-16 00:00:00-05:00,1.9836427704854445,2.0064432621002197,1.9836427704854445,2.0064432621002197,11900,0.0,0.0
1992-03-17 00:00:00-05:00,1.9836427704854445,2.0064432621002197,1.9836427704854445,2.0064432621002197,10900,0.0,0.0
1992-03-18 00:00:00-05:00,1.9836432933807373,2.006443791005803,1.9836432933807373,1.9836432933807373,8400,0.0,0.0
1992-03-19 00:00:00-05:00,2.006443791005803,2.006443791005803,1.9836432933807373,1.9836432933807373,11200,0.0,0.0
1992-03-20 00:00:00-05:00,2.006443791005803,2.006443791005803,1.9836432933807373,1.9836432933807373,4100,0.0,0.0
1992-03-23 00:00:00-05:00,1.9836432933807373,2.006443791005803,1.9836432933807373,1.9836432933807373,18000,0.0,0.0
1992-03-24 00:00:00-05:00,2.006443791005803,2.006443791005803,1.9836432933807373,1.9836432933807373,1300,0.0,0.0
1992-03-25 00:00:00-05:00,2.006443791005803,2.006443791005803,1.9836432933807373,1.9836432933807373,3100,0.0,0.0
1992-03-26 00:00:00-05:00,1.9836416577183924,1.9836416577183924,1.960841178894043,1.960841178894043,17500,0.0,0.0
1992-03-27 00:00:00-05:00,1.9608441072351794,1.983644620110007,1.9380435943603518,1.9380435943603516,7100,0.0,0.0
1992-03-30 00:00:00-05:00,1.9380435943603518,1.9608441072351794,1.9380435943603518,1.9380435943603516,17100,0.0,0.0
1992-03-31 00:00:00-05:00,1.9608433218229386,1.9608433218229386,1.915242314338684,1.915242314338684,8900,0.0,0.0
1992-04-01 00:00:00-05:00,1.9380428180808114,1.9380428180808114,1.915242314338684,1.915242314338684,13300,0.0,0.0
1992-04-02 00:00:00-05:00,1.9608441072351794,1.9608441072351794,1.9380435943603518,1.9380435943603516,5800,0.0,0.0
1992-04-03 00:00:00-05:00,1.9608433218229386,1.9608433218229386,1.915242314338684,1.915242314338684,4400,0.0,0.0
1992-04-06 00:00:00-04:00,1.9152430814855241,1.9380435943603518,1.9152430814855241,1.9380435943603516,1800,0.0,0.0
1992-04-07 00:00:00-04:00,1.9152430814855241,1.9380435943603518,1.8924425686106963,1.9380435943603516,19700,0.0,0.0
1992-04-08 00:00:00-04:00,1.915242314338684,1.9380428180808114,1.915242314338684,1.915242314338684,14000,0.0,0.0
1992-04-09 00:00:00-04:00,1.9253287595861097,1.948249340057373,1.9253287595861097,1.948249340057373,16500,0.055,0.0
1992-04-10 00:00:00-04:00,1.9482465400252234,1.9711670875549319,1.9253259924955148,1.9711670875549316,17700,0.0,0.0
1992-04-13 00:00:00-04:00,1.9482465400252234,1.9711670875549319,1.9253259924955148,1.9711670875549316,23400,0.0,0.0
1992-04-14 00:00:00-04:00,1.9711670875549319,1.9711670875549319,1.9482465400252234,1.9711670875549316,9400,0.0,0.0
1992-04-15 00:00:00-04:00,1.9711699205286362,1.9940905009998995,1.948249340057373,1.948249340057373,27300,0.0,0.0
1992-04-16 00:00:00-04:00,1.9482465400252234,1.9940876350846404,1.9482465400252234,1.9711670875549316,8600,0.0,0.0
1992-04-20 00:00:00-04:00,1.994087815284729,1.994087815284729,1.971167265683755,1.994087815284729,18100,0.0,0.0
1992-04-21 00:00:00-04:00,1.994087815284729,1.994087815284729,1.971167265683755,1.994087815284729,16900,0.0,0.0
1992-04-22 00:00:00-04:00,1.9940882270986382,2.0170087814331055,1.9711676727641712,2.0170087814331055,21800,0.0,0.0
1992-04-23 00:00:00-04:00,1.9940876350846404,1.9940876350846404,1.9711670875549319,1.9711670875549316,16600,0.0,0.0
1992-04-24 00:00:00-04:00,1.9711670875549319,1.9711670875549319,1.9482465400252234,1.9711670875549316,3100,0.0,0.0
1992-04-27 00:00:00-04:00,1.971167265683755,1.994087815284729,1.971167265683755,1.994087815284729,9700,0.0,0.0
1992-04-28 00:00:00-04:00,1.9940876350846404,1.9940876350846404,1.9711670875549319,1.9711670875549316,4800,0.0,0.0
1992-04-29 00:00:00-04:00,1.994087815284729,1.994087815284729,1.971167265683755,1.994087815284729,15000,0.0,0.0
1992-04-30 00:00:00-04:00,1.971167265683755,1.994087815284729,1.971167265683755,1.994087815284729,8500,0.0,0.0
1992-05-01 00:00:00-04:00,1.971167265683755,1.994087815284729,1.971167265683755,1.994087815284729,8800,0.0,0.0
1992-05-04 00:00:00-04:00,1.9940876350846404,1.9940876350846404,1.9711670875549319,1.9711670875549316,25300,0.0,0.0
1992-05-05 00:00:00-04:00,1.994087815284729,1.994087815284729,1.994087815284729,1.994087815284729,4000,0.0,0.0
1992-05-06 00:00:00-04:00,1.994087815284729,1.994087815284729,1.971167265683755,1.994087815284729,9000,0.0,0.0
1992-05-07 00:00:00-04:00,1.971167265683755,1.994087815284729,1.971167265683755,1.994087815284729,20200,0.0,0.0
1992-05-08 00:00:00-04:00,1.9711699205286362,1.9940905009998995,1.948249340057373,1.948249340057373,37600,0.0,0.0
1992-05-11 00:00:00-04:00,1.958385237625667,1.9814250639506747,1.9123055849756512,1.9353454113006592,46000,0.055,0.0
1992-05-12 00:00:00-04:00,1.958385237625667,1.958385237625667,1.9123055849756512,1.9353454113006592,43000,0.0,0.0
1992-05-13 00:00:00-04:00,1.9123055849756512,1.9353454113006592,1.9123055849756512,1.9353454113006592,43800,0.0,0.0
1992-05-14 00:00:00-04:00,1.9353459025003823,1.9353459025003823,1.9123060703277588,1.9123060703277588,42900,0.0,0.0
1992-05-15 00:00:00-04:00,1.9353454113006592,1.9353454113006592,1.9123055849756512,1.9353454113006592,42400,0.0,0.0
1992-05-18 00:00:00-04:00,1.958385237625667,1.958385237625667,1.9353454113006592,1.9353454113006592,25800,0.0,0.0
1992-05-19 00:00:00-04:00,1.9353461097268496,1.958385944366455,1.9353461097268496,1.958385944366455,14100,0.0,0.0
1992-05-20 00:00:00-04:00,1.958385944366455,1.958385944366455,1.9353461097268496,1.958385944366455,30900,0.0,0.0
1992-05-21 00:00:00-04:00,1.9814250639506747,1.9814250639506747,1.9353454113006592,1.9353454113006592,23400,0.0,0.0
1992-05-22 00:00:00-04:00,1.958385237625667,1.958385237625667,1.9353454113006592,1.9353454113006592,5200,0.0,0.0
1992-05-26 00:00:00-04:00,1.9353461097268496,1.958385944366455,1.9353461097268496,1.958385944366455,13400,0.0,0.0
1992-05-27 00:00:00-04:00,1.958385944366455,1.9814257790060603,1.958385944366455,1.958385944366455,12200,0.0,0.0
1992-05-28 00:00:00-04:00,1.9583852207937906,1.9814250469207764,1.9583852207937906,1.9814250469207764,10600,0.0,0.0
1992-05-29 00:00:00-04:00,1.958385944366455,1.9814257790060603,1.958385944366455,1.958385944366455,6700,0.0,0.0
1992-06-01 00:00:00-04:00,1.9814250469207764,2.004464873047762,1.9583852207937906,1.9814250469207764,7400,0.0,0.0
1992-06-02 00:00:00-04:00,1.9814250469207764,1.9814250469207764,1.9583852207937906,1.9814250469207764,30300,0.0,0.0
1992-06-03 00:00:00-04:00,1.9814250469207764,1.9814250469207764,1.9583852207937906,1.9814250469207764,8300,0.0,0.0
1992-06-04 00:00:00-04:00,1.9814250469207764,1.9814250469207764,1.9583852207937906,1.9814250469207764,11400,0.0,0.0
1992-06-05 00:00:00-04:00,1.9814238603087677,2.0044636726379395,1.958384047979596,2.0044636726379395,30800,0.0,0.0
1992-06-08 00:00:00-04:00,1.9814238603087677,2.0044636726379395,1.9814238603087677,2.0044636726379395,6200,0.0,0.0
1992-06-09 00:00:00-04:00,1.9914971590042114,2.0146541027135627,1.9683402152948601,1.9914971590042114,20500,0.055,0.0
1992-06-10 00:00:00-04:00,1.9914958011144879,2.014652729034424,1.9914958011144879,2.014652729034424,16900,0.0,0.0
1992-06-11 00:00:00-04:00,1.9914971590042114,2.0146541027135627,1.9914971590042114,1.9914971590042114,12600,0.0,0.0
1992-06-12 00:00:00-04:00,2.014652729034424,2.014652729034424,1.9914958011144879,2.014652729034424,25100,0.0,0.0
1992-06-15 00:00:00-04:00,1.9914966875856572,2.0378105640411377,1.9914966875856572,2.0378105640411377,10900,0.0,0.0
1992-06-16 00:00:00-04:00,2.0146545024400346,2.0609683990478516,2.0146545024400346,2.0609683990478516,27200,0.0,0.0
1992-06-17 00:00:00-04:00,2.0146536258133976,2.0378105640411377,2.0146536258133976,2.0378105640411377,17000,0.0,0.0
1992-06-18 00:00:00-04:00,2.0146536258133976,2.0378105640411377,2.0146536258133976,2.0378105640411377,15300,0.0,0.0
1992-06-19 00:00:00-04:00,2.0378096569543596,2.0378096569543596,2.014652729034424,2.014652729034424,10300,0.0,0.0
1992-06-22 00:00:00-04:00,2.0378096569543596,2.0378096569543596,2.014652729034424,2.014652729034424,7000,0.0,0.0
1992-06-23 00:00:00-04:00,2.0146536258133976,2.0378105640411377,2.0146536258133976,2.0378105640411377,11900,0.0,0.0
1992-06-24 00:00:00-04:00,2.0146536258133976,2.0378105640411377,2.0146536258133976,2.0378105640411377,13500,0.0,0.0
1992-06-25 00:00:00-04:00,2.014652729034424,2.0378096569543596,2.014652729034424,2.014652729034424,4200,0.0,0.0
1992-06-26 00:00:00-04:00,2.0378105640411377,2.0378105640411377,2.0146536258133976,2.0378105640411377,14200,0.0,0.0
1992-06-29 00:00:00-04:00,2.037811450743943,2.0609683990478516,2.0146545024400346,2.0609683990478516,6700,0.0,0.0
1992-06-30 00:00:00-04:00,2.037811450743943,2.0609683990478516,2.037811450743943,2.0609683990478516,10000,0.0,0.0
1992-07-01 00:00:00-04:00,2.037813017103407,2.0841269493103027,2.037813017103407,2.0841269493103027,7000,0.0,0.0
1992-07-02 00:00:00-04:00,2.0841242716862602,2.10728120803833,2.0841242716862602,2.10728120803833,6600,0.0,0.0
1992-07-06 00:00:00-04:00,2.1072822956556685,2.1072822956556685,2.037811450743943,2.0609683990478516,36700,0.0,0.0
1992-07-07 00:00:00-04:00,2.060967502268878,2.060967502268878,2.0378105640411377,2.0378105640411377,41100,0.0,0.0
1992-07-08 00:00:00-04:00,2.0609683990478516,2.0609683990478516,2.037811450743943,2.0609683990478516,19800,0.0,0.0
1992-07-09 00:00:00-04:00,2.047935441992749,2.071207435651757,2.0246634483337402,2.0246634483337402,30100,0.055,0.0
1992-07-10 00:00:00-04:00,2.047936707400204,2.0712087154388428,2.047936707400204,2.0712087154388428,6200,0.0,0.0
1992-07-13 00:00:00-04:00,2.047936707400204,2.0944807234774814,2.047936707400204,2.0712087154388428,19900,0.0,0.0
1992-07-14 00:00:00-04:00,2.094482183456421,2.1177542077170477,2.0712101591957937,2.094482183456421,36200,0.0,0.0
1992-07-15 00:00:00-04:00,2.1177542077170477,2.1177542077170477,2.0712101591957937,2.094482183456421,7100,0.0,0.0
1992-07-16 00:00:00-04:00,2.0712101591957937,2.094482183456421,2.0712101591957937,2.094482183456421,64700,0.0,0.0
1992-07-17 00:00:00-04:00,2.0712087154388428,2.0944807234774814,2.0712087154388428,2.0712087154388428,19800,0.0,0.0
1992-07-20 00:00:00-04:00,2.0712087154388428,2.0712087154388428,2.047936707400204,2.0712087154388428,15700,0.0,0.0
1992-07-21 00:00:00-04:00,2.047935441992749,2.047935441992749,2.0246634483337402,2.0246634483337402,6300,0.0,0.0
1992-07-22 00:00:00-04:00,2.0479366779327393,2.0712086856365204,2.0479366779327393,2.0479366779327393,40000,0.0,0.0
1992-07-23 00:00:00-04:00,2.094482183456421,2.094482183456421,2.0712101591957937,2.094482183456421,15300,0.0,0.0
1992-07-24 00:00:00-04:00,2.094482183456421,2.1177542077170477,2.0712101591957937,2.094482183456421,13400,0.0,0.0
1992-07-27 00:00:00-04:00,2.1177542077170477,2.1177542077170477,2.094482183456421,2.094482183456421,8200,0.0,0.0
1992-07-28 00:00:00-04:00,2.1177542077170477,2.1177542077170477,2.094482183456421,2.094482183456421,11100,0.0,0.0
1992-07-29 00:00:00-04:00,2.094477544660154,2.141021490097046,2.094477544660154,2.141021490097046,21300,0.0,0.0
1992-07-30 00:00:00-04:00,2.1410240760216346,2.1410240760216346,2.0944800743689904,2.1177520751953125,37400,0.0,0.0
1992-07-31 00:00:00-04:00,2.094482183456421,2.1177542077170477,2.094482183456421,2.094482183456421,7700,0.0,0.0
1992-08-03 00:00:00-04:00,2.094482183456421,2.1177542077170477,2.094482183456421,2.094482183456421,10300,0.0,0.0
1992-08-04 00:00:00-04:00,2.1177520751953125,2.1177520751953125,2.0944800743689904,2.1177520751953125,18000,0.0,0.0
1992-08-05 00:00:00-04:00,2.1177520751953125,2.1177520751953125,2.0944800743689904,2.1177520751953125,12400,0.0,0.0
1992-08-06 00:00:00-04:00,2.0944800743689904,2.1177520751953125,2.0944800743689904,2.1177520751953125,9900,0.0,0.0
1992-08-07 00:00:00-04:00,2.1177520751953125,2.1177520751953125,2.0944800743689904,2.1177520751953125,3000,0.0,0.0
1992-08-10 00:00:00-04:00,2.081271621916029,2.10465669631958,2.081271621916029,2.10465669631958,9400,0.055,0.0
1992-08-11 00:00:00-04:00,2.081271621916029,2.10465669631958,2.081271621916029,2.10465669631958,7200,0.0,0.0
1992-08-12 00:00:00-04:00,2.10465669631958,2.10465669631958,2.081271621916029,2.10465669631958,15300,0.0,0.0
1992-08-13 00:00:00-04:00,2.10465669631958,2.10465669631958,2.10465669631958,2.10465669631958,3900,0.0,0.0
1992-08-14 00:00:00-04:00,2.1046552765235473,2.1046552765235473,2.081270217895508,2.081270217895508,13300,0.0,0.0
1992-08-17 00:00:00-04:00,2.081272640011527,2.081272640011527,2.057887554168701,2.057887554168701,15100,0.0,0.0
1992-08-18 00:00:00-04:00,2.081272640011527,2.081272640011527,2.057887554168701,2.057887554168701,15100,0.0,0.0
1992-08-19 00:00:00-04:00,2.081270217895508,2.081270217895508,2.0578851592674683,2.081270217895508,11400,0.0,0.0
1992-08-20 00:00:00-04:00,2.057887110216864,2.081272191014783,2.0345020294189453,2.0345020294189453,12200,0.0,0.0
1992-08-21 00:00:00-04:00,2.057887110216864,2.057887110216864,2.0345020294189453,2.0345020294189453,15800,0.0,0.0
1992-08-24 00:00:00-04:00,2.034502468325875,2.057887554168701,2.034502468325875,2.057887554168701,16300,0.0,0.0
1992-08-25 00:00:00-04:00,2.057887554168701,2.057887554168701,2.011117382483049,2.057887554168701,10900,0.0,0.0
1992-08-26 00:00:00-04:00,2.0345020294189453,2.081272191014783,2.0111169486210265,2.0345020294189453,43000,0.0,0.0
1992-08-27 00:00:00-04:00,2.057887554168701,2.081272640011527,2.034502468325875,2.057887554168701,12600,0.0,0.0
1992-08-28 00:00:00-04:00,2.057887110216864,2.081272191014783,2.0345020294189453,2.0345020294189453,14400,0.0,0.0
1992-08-31 00:00:00-04:00,2.057887554168701,2.057887554168701,2.034502468325875,2.057887554168701,4300,0.0,0.0
1992-09-01 00:00:00-04:00,2.0345020294189453,2.0345020294189453,2.0345020294189453,2.0345020294189453,4400,0.0,0.0
1992-09-02 00:00:00-04:00,2.0578851592674683,2.081270217895508,2.0578851592674683,2.081270217895508,17300,0.0,0.0
1992-09-03 00:00:00-04:00,2.0578851592674683,2.081270217895508,2.0578851592674683,2.081270217895508,10700,0.0,0.0
1992-09-04 00:00:00-04:00,2.0812713628286845,2.1280415058135986,2.057886291336227,2.1280415058135986,28800,0.0,0.0
1992-09-08 00:00:00-04:00,2.1280417707231307,2.1280417707231307,2.10465669631958,2.10465669631958,12600,0.0,0.0
1992-09-09 00:00:00-04:00,2.114994764328003,2.1384947061538697,2.114994764328003,2.114994764328003,13600,0.055,0.0
1992-09-10 00:00:00-04:00,2.1149962026994307,2.138496160507202,2.091496244891659,2.138496160507202,2900,0.0,0.0
1992-09-11 00:00:00-04:00,2.1384947061538697,2.1384947061538697,2.114994764328003,2.114994764328003,1400,0.0,0.0
1992-09-14 00:00:00-04:00,2.1384946817762396,2.1384946817762396,2.0914947986602783,2.0914947986602783,31000,0.0,0.0
1992-09-15 00:00:00-04:00,2.114998373118314,2.114998373118314,2.0444984273477034,2.0679984092712402,23100,0.0,0.0
1992-09-16 00:00:00-04:00,2.0444984273477034,2.0679984092712402,2.0444984273477034,2.0679984092712402,10500,0.0,0.0
1992-09-17 00:00:00-04:00,2.0679957589437796,2.0679957589437796,2.020995855331421,2.020995855331421,13800,0.0,0.0
1992-09-18 00:00:00-04:00,2.04449462890625,2.04449462890625,2.02099469064296,2.04449462890625,5000,0.0,0.0
1992-09-21 00:00:00-04:00,2.04449462890625,2.04449462890625,2.02099469064296,2.04449462890625,10700,0.0,0.0
1992-09-22 00:00:00-04:00,2.020995855331421,2.0444958071376003,1.9974959035252415,2.020995855331421,11700,0.0,0.0
1992-09-23 00:00:00-04:00,1.9974958896636963,2.0209958413067985,1.973995938020594,1.9974958896636963,22800,0.0,0.0
1992-09-24 00:00:00-04:00,1.973995938020594,1.9974958896636963,1.973995938020594,1.9974958896636963,19300,0.0,0.0
1992-09-25 00:00:00-04:00,1.973995938020594,1.9974958896636963,1.9504959863774916,1.9974958896636963,20200,0.0,0.0
1992-09-28 00:00:00-04:00,1.9739947319030762,1.9974946691876365,1.9739947319030762,1.9739947319030762,4400,0.0,0.0
1992-09-29 00:00:00-04:00,1.9739947319030762,1.9974946691876365,1.9739947319030762,1.9739947319030762,17800,0.0,0.0
1992-09-30 00:00:00-04:00,1.9974959035252415,2.020995855331421,1.9974959035252415,2.020995855331421,14100,0.0,0.0
1992-10-01 00:00:00-04:00,2.020995855331421,2.0444958071376003,1.9974959035252415,2.020995855331421,16800,0.0,0.0
1992-10-02 00:00:00-04:00,2.04449462890625,2.0679945671695403,2.02099469064296,2.04449462890625,22900,0.0,0.0
1992-10-05 00:00:00-04:00,2.0679984092712402,2.0679984092712402,2.0209984454241665,2.0679984092712402,8300,0.0,0.0
1992-10-06 00:00:00-04:00,2.0679945671695403,2.0914945054328307,2.04449462890625,2.04449462890625,7700,0.0,0.0
1992-10-07 00:00:00-04:00,2.0679948571022977,2.0914947986602783,2.0679948571022977,2.0914947986602783,8100,0.0,0.0
1992-10-08 00:00:00-04:00,2.078270279959346,2.125503695412968,2.078270279959346,2.1018869876861572,14000,0.055,0.0
1992-10-09 00:00:00-04:00,2.125507268038663,2.125507268038663,2.0546570257707075,2.0782737731933594,19800,0.0,0.0
1992-10-12 00:00:00-04:00,2.031036615371704,2.0546533202016075,2.031036615371704,2.031036615371704,7800,0.0,0.0
1992-10-13 00:00:00-04:00,2.031035757612908,2.054652452468872,2.031035757612908,2.054652452468872,5200,0.0,0.0
1992-10-14 00:00:00-04:00,2.031036615371704,2.0546533202016075,2.031036615371704,2.031036615371704,15000,0.0,0.0
1992-10-15 00:00:00-04:00,2.031039181877585,2.05465591655058,2.00742244720459,2.00742244720459,20400,0.0,0.0
1992-10-16 00:00:00-04:00,2.031036615371704,2.031036615371704,2.0074199105418007,2.031036615371704,19900,0.0,0.0
1992-10-19 00:00:00-04:00,2.0074199105418007,2.031036615371704,2.0074199105418007,2.031036615371704,16900,0.0,0.0
1992-10-20 00:00:00-04:00,2.0310363173484802,2.0310363173484802,1.9838029146194458,1.9838029146194458,26300,0.0,0.0
1992-10-21 00:00:00-04:00,2.00742244720459,2.00742244720459,2.00742244720459,2.00742244720459,1800,0.0,0.0
1992-10-22 00:00:00-04:00,1.9838034273630167,2.007420134831624,1.9601867198944094,1.9601867198944092,17800,0.0,0.0
1992-10-23 00:00:00-04:00,1.9838029146194458,1.9838029146194458,1.9601862132549286,1.9838029146194458,12500,0.0,0.0
1992-10-26 00:00:00-05:00,1.9601867198944094,2.007420134831624,1.9601867198944094,1.9601867198944092,28800,0.0,0.0
1992-10-27 00:00:00-05:00,2.007419615983963,2.007419615983963,1.9601862132549286,1.9838029146194458,16100,0.0,0.0
1992-10-28 00:00:00-05:00,1.983803205711897,2.031036615371704,1.983803205711897,2.031036615371704,12200,0.0,0.0
1992-10-29 00:00:00-05:00,2.031039181877585,2.031039181877585,2.00742244720459,2.00742244720459,2200,0.0,0.0
1992-10-30 00:00:00-05:00,2.031039181877585,2.031039181877585,2.00742244720459,2.00742244720459,8400,0.0,0.0
1992-11-02 00:00:00-05:00,2.0074199105418007,2.0546533202016075,2.0074199105418007,2.031036615371704,8200,0.0,0.0
1992-11-03 00:00:00-05:00,2.0546533202016075,2.0546533202016075,2.031036615371704,2.031036615371704,7200,0.0,0.0
1992-11-04 00:00:00-05:00,2.0546570257707075,2.0782737731933594,2.0546570257707075,2.0782737731933594,13700,0.0,0.0
1992-11-05 00:00:00-05:00,2.054652452468872,2.078269147324836,2.054652452468872,2.054652452468872,14100,0.0,0.0
1992-11-06 00:00:00-05:00,2.0651013038375163,2.0888381004333496,2.0651013038375163,2.0888381004333496,12000,0.055,0.0
1992-11-09 00:00:00-05:00,2.0651013038375163,2.1125748970291833,2.0651013038375163,2.0888381004333496,9900,0.0,0.0
1992-11-10 00:00:00-05:00,2.065098762512207,2.0888355298974046,2.0413619951270094,2.065098762512207,17900,0.0,0.0
1992-11-11 00:00:00-05:00,2.065098762512207,2.065098762512207,2.0413619951270094,2.065098762512207,3600,0.0,0.0
1992-11-12 00:00:00-05:00,2.0413645072416826,2.0888381004333496,2.0413645072416826,2.0888381004333496,9100,0.0,0.0
1992-11-13 00:00:00-05:00,2.0888381004333496,2.0888381004333496,2.0651013038375163,2.0888381004333496,4600,0.0,0.0
1992-11-16 00:00:00-05:00,2.0888355298974046,2.0888355298974046,2.065098762512207,2.065098762512207,8200,0.0,0.0
1992-11-17 00:00:00-05:00,2.0888381004333496,2.0888381004333496,2.0651013038375163,2.0888381004333496,15800,0.0,0.0
1992-11-18 00:00:00-05:00,2.1125722972826027,2.1125722972826027,2.065098762512207,2.065098762512207,24900,0.0,0.0
1992-11-19 00:00:00-05:00,2.088833631471146,2.088833631471146,2.0413601398468018,2.0413601398468018,23700,0.0,0.0
1992-11-20 00:00:00-05:00,2.0650968856589738,2.0650968856589738,1.9938866482224575,2.0413601398468018,42600,0.0,0.0
1992-11-23 00:00:00-05:00,2.041361618041992,2.041361618041992,2.017624855041504,2.017624855041504,26600,0.0,0.0
1992-11-24 00:00:00-05:00,2.017624855041504,2.041361618041992,2.017624855041504,2.017624855041504,4500,0.0,0.0
1992-11-25 00:00:00-05:00,2.0413601398468018,2.0413601398468018,2.0176233940346298,2.0413601398468018,9800,0.0,0.0
1992-11-27 00:00:00-05:00,2.0413601398468018,2.0413601398468018,2.0413601398468018,2.0413601398468018,1000,0.0,0.0
1992-11-30 00:00:00-05:00,2.041361618041992,2.041361618041992,2.017624855041504,2.017624855041504,25800,0.0,0.0
1992-12-01 00:00:00-05:00,2.0413601398468018,2.0413601398468018,2.0413601398468018,2.0413601398468018,9300,0.0,0.0
1992-12-02 00:00:00-05:00,2.0413601398468018,2.0650968856589738,2.0176233940346298,2.0413601398468018,38800,0.0,0.0
1992-12-03 00:00:00-05:00,2.0651013038375163,2.0888381004333496,2.0413645072416826,2.0888381004333496,25000,0.0,0.0
1992-12-04 00:00:00-05:00,2.0888381004333496,2.0888381004333496,2.0651013038375163,2.0888381004333496,13500,0.0,0.0
1992-12-07 00:00:00-05:00,2.0888381004333496,2.1125748970291833,2.0888381004333496,2.0888381004333496,3500,0.0,0.0
1992-12-08 00:00:00-05:00,2.065098762512207,2.0888355298974046,2.065098762512207,2.065098762512207,16700,0.0,0.0
1992-12-09 00:00:00-05:00,2.0755956172943115,2.0755956172943115,2.0517381964058714,2.0755956172943115,6300,0.055,0.0
1992-12-10 00:00:00-05:00,2.0517381964058714,2.0755956172943115,2.0517381964058714,2.0755956172943115,8400,0.0,0.0
1992-12-11 00:00:00-05:00,2.099453038182752,2.099453038182752,2.0755956172943115,2.0755956172943115,13700,0.0,0.0
1992-12-14 00:00:00-05:00,2.0517377853393555,2.0755952014479524,2.027880369230758,2.0517377853393555,34300,0.0,0.0
1992-12-15 00:00:00-05:00,2.0755952014479524,2.0755952014479524,2.0517377853393555,2.0517377853393555,7200,0.0,0.0
1992-12-16 00:00:00-05:00,2.0517381964058714,2.0755956172943115,2.0517381964058714,2.0755956172943115,15100,0.0,0.0
1992-12-17 00:00:00-05:00,2.0755953165617855,2.0994527339935303,2.0517378991300412,2.0994527339935303,8900,0.0,0.0
1992-12-18 00:00:00-05:00,2.0994540868180525,2.1233115196228027,2.0755966540133017,2.1233115196228027,12900,0.0,0.0
1992-12-21 00:00:00-05:00,2.099450980292426,2.1471657752990723,2.075593582789103,2.1471657752990723,15000,0.0,0.0
1992-12-22 00:00:00-05:00,2.1233115196228027,2.1471689524275535,2.1233115196228027,2.1233115196228027,1000,0.0,0.0
1992-12-23 00:00:00-05:00,2.123310151425275,2.123310151425275,2.0994527339935303,2.0994527339935303,1900,0.0,0.0
1992-12-24 00:00:00-05:00,2.0994527339935303,2.0994527339935303,2.0994527339935303,2.0994527339935303,4000,0.0,0.0
1992-12-28 00:00:00-05:00,2.0994527339935303,2.0994527339935303,2.0755953165617855,2.0994527339935303,22300,0.0,0.0
1992-12-29 00:00:00-05:00,2.0994527339935303,2.0994527339935303,2.0994527339935303,2.0994527339935303,4400,0.0,0.0
1992-12-30 00:00:00-05:00,2.0994540868180525,2.1233115196228027,2.0994540868180525,2.1233115196228027,10000,0.0,0.0
1992-12-31 00:00:00-05:00,2.0994527339935303,2.123310151425275,2.0994527339935303,2.0994527339935303,3300,0.0,0.0
1993-01-04 00:00:00-05:00,2.0994540868180525,2.1233115196228027,2.0994540868180525,2.1233115196228027,12600,0.0,0.0
1993-01-05 00:00:00-05:00,2.1471657752990723,2.1471657752990723,2.123308377795749,2.1471657752990723,14100,0.0,0.0
1993-01-06 00:00:00-05:00,2.1471657752990723,2.1710231728023954,2.099450980292426,2.1471657752990723,26300,0.0,0.0
1993-01-07 00:00:00-05:00,2.19488263130188,2.218740051207335,2.1710252113964246,2.19488263130188,27100,0.0,0.0
1993-01-08 00:00:00-05:00,2.1710236072540283,2.194881009531545,2.1233088026989946,2.1710236072540283,25500,0.0,0.0
1993-01-11 00:00:00-05:00,2.10965092976888,2.157597541809082,2.10965092976888,2.157597541809082,2500,0.055,0.0
1993-01-12 00:00:00-05:00,2.1575984064039293,2.1815717220306396,2.1575984064039293,2.1815717220306396,8800,0.0,0.0
1993-01-13 00:00:00-05:00,2.1815717220306396,2.1815717220306396,2.1575984064039293,2.1815717220306396,3400,0.0,0.0
1993-01-14 00:00:00-05:00,2.1815717220306396,2.1815717220306396,2.1815717220306396,2.1815717220306396,1700,0.0,0.0
1993-01-15 00:00:00-05:00,2.1575984064039293,2.1815717220306396,2.1575984064039293,2.1815717220306396,8200,0.0,0.0
1993-01-18 00:00:00-05:00,2.1815717220306396,2.20554503765735,2.1815717220306396,2.1815717220306396,5600,0.0,0.0
1993-01-19 00:00:00-05:00,2.20554503765735,2.20554503765735,2.1815717220306396,2.1815717220306396,16500,0.0,0.0
1993-01-20 00:00:00-05:00,2.2055461406707764,2.2055461406707764,2.2055461406707764,2.2055461406707764,6000,0.0,0.0
1993-01-21 00:00:00-05:00,2.229519468286763,2.229519468286763,2.2055461406707764,2.2055461406707764,15800,0.0,0.0
1993-01-22 00:00:00-05:00,2.205545804833853,2.2295191287994385,2.1815724808682675,2.2295191287994385,17800,0.0,0.0
1993-01-25 00:00:00-05:00,2.205545804833853,2.2295191287994385,2.205545804833853,2.2295191287994385,8500,0.0,0.0
1993-01-26 00:00:00-05:00,2.229518324770826,2.2534916400909424,2.2055450094507094,2.2534916400909424,25400,0.0,0.0
1993-01-27 00:00:00-05:00,2.2534924527650237,2.2534924527650237,2.2295191287994385,2.2295191287994385,9900,0.0,0.0
1993-01-28 00:00:00-05:00,2.2534924527650237,2.2534924527650237,2.2295191287994385,2.2295191287994385,4200,0.0,0.0
1993-01-29 00:00:00-05:00,2.2534924527650237,2.2534924527650237,2.2295191287994385,2.2295191287994385,5600,0.0,0.0
1993-02-01 00:00:00-05:00,2.2055461406707764,2.229519468286763,2.2055461406707764,2.2055461406707764,15200,0.0,0.0
1993-02-02 00:00:00-05:00,2.229519468286763,2.229519468286763,2.2055461406707764,2.2055461406707764,9600,0.0,0.0
1993-02-03 00:00:00-05:00,2.2055461406707764,2.229519468286763,2.2055461406707764,2.2055461406707764,15500,0.0,0.0
1993-02-04 00:00:00-05:00,2.2055461406707764,2.2055461406707764,2.2055461406707764,2.2055461406707764,11500,0.0,0.0
1993-02-05 00:00:00-05:00,2.229519468286763,2.229519468286763,2.2055461406707764,2.2055461406707764,17400,0.0,0.0
1993-02-08 00:00:00-05:00,2.1679675579071045,2.1920560863282943,2.1679675579071045,2.1679675579071045,8000,0.055,0.0
1993-02-09 00:00:00-05:00,2.1920560863282943,2.1920560863282943,2.1679675579071045,2.1679675579071045,4500,0.0,0.0
1993-02-10 00:00:00-05:00,2.192056179046631,2.192056179046631,2.1679676496065583,2.192056179046631,21800,0.0,0.0
1993-02-11 00:00:00-05:00,2.1920560339222783,2.216144561767578,2.1920560339222783,2.216144561767578,7900,0.0,0.0
1993-02-12 00:00:00-05:00,2.192056179046631,2.192056179046631,2.1679676496065583,2.192056179046631,4600,0.0,0.0
1993-02-16 00:00:00-05:00,2.1920560339222783,2.216144561767578,2.1920560339222783,2.216144561767578,11600,0.0,0.0
1993-02-17 00:00:00-05:00,2.216144561767578,2.216144561767578,2.1920560339222783,2.216144561767578,7200,0.0,0.0
1993-02-18 00:00:00-05:00,2.2402336597442627,2.2402336597442627,2.216145125768518,2.2402336597442627,10900,0.0,0.0
1993-02-19 00:00:00-05:00,2.2161461444611246,2.2643232345581055,2.2161461444611246,2.2643232345581055,5300,0.0,0.0
1993-02-22 00:00:00-05:00,2.2643232345581055,2.2643232345581055,2.2402346895096152,2.2643232345581055,5300,0.0,0.0
1993-02-23 00:00:00-05:00,2.2643232345581055,2.312500324655087,2.2643232345581055,2.2643232345581055,16400,0.0,0.0
1993-02-24 00:00:00-05:00,2.288410835659381,2.3606764409959933,2.288410835659381,2.336587905883789,16100,0.0,0.0
1993-02-25 00:00:00-05:00,2.336588541666667,2.336588541666667,2.2884114583333335,2.3125,17100,0.0,0.0
1993-02-26 00:00:00-05:00,2.288411779606596,2.312500324655087,2.2643232345581055,2.2643232345581055,16300,0.0,0.0
1993-03-01 00:00:00-05:00,2.2884092330932617,2.2884092330932617,2.2643207148501747,2.2884092330932617,9000,0.0,0.0
1993-03-02 00:00:00-05:00,2.288411779606596,2.288411779606596,2.2402346895096152,2.2643232345581055,26600,0.0,0.0
1993-03-03 00:00:00-05:00,2.2402346895096152,2.2643232345581055,2.2402346895096152,2.2643232345581055,12900,0.0,0.0
1993-03-04 00:00:00-05:00,2.2643221937200075,2.2643221937200075,2.2402336597442627,2.2402336597442627,40900,0.0,0.0
1993-03-05 00:00:00-05:00,2.2402336597442627,2.2884107276957524,2.2402336597442627,2.2402336597442627,13200,0.0,0.0
1993-03-08 00:00:00-05:00,2.2402346895096152,2.288411779606596,2.2402346895096152,2.2643232345581055,19600,0.0,0.0
1993-03-09 00:00:00-05:00,2.2507688454959704,2.2507688454959704,2.2023652144100354,2.226567029953003,27900,0.055,0.0
1993-03-10 00:00:00-05:00,2.2023651599884033,2.226566974933331,2.2023651599884033,2.2023651599884033,8700,0.0,0.0
1993-03-11 00:00:00-05:00,2.2023652144100354,2.226567029953003,2.2023652144100354,2.226567029953003,4300,0.0,0.0
1993-03-12 00:00:00-05:00,2.226566974933331,2.226566974933331,2.178163345043476,2.2023651599884033,23500,0.0,0.0
1993-03-15 00:00:00-05:00,2.2023657788051647,2.2023657788051647,2.1297603135698298,2.1539621353149414,45500,0.0,0.0
1993-03-16 00:00:00-05:00,2.1539621829986575,2.178164005279541,2.1539621829986575,2.178164005279541,19700,0.0,0.0
1993-03-17 00:00:00-05:00,2.2023657788051647,2.2023657788051647,2.1539621353149414,2.1539621353149414,30100,0.0,0.0
1993-03-18 00:00:00-05:00,2.178163345043476,2.2023651599884033,2.1539615300985484,2.2023651599884033,14700,0.0,0.0
1993-03-19 00:00:00-05:00,2.178164005279541,2.202365827560425,2.178164005279541,2.178164005279541,18200,0.0,0.0
1993-03-22 00:00:00-05:00,2.1539615300985484,2.2023651599884033,2.1539615300985484,2.2023651599884033,8800,0.0,0.0
1993-03-23 00:00:00-05:00,2.178164005279541,2.202365827560425,2.1539621829986575,2.178164005279541,12400,0.0,0.0
1993-03-24 00:00:00-05:00,2.178164005279541,2.2265676498413085,2.178164005279541,2.178164005279541,10300,0.0,0.0
1993-03-25 00:00:00-05:00,2.2023651599884033,2.226566974933331,2.178163345043476,2.2023651599884033,27100,0.0,0.0
1993-03-26 00:00:00-05:00,2.178163345043476,2.2023651599884033,2.178163345043476,2.2023651599884033,18100,0.0,0.0
1993-03-29 00:00:00-05:00,2.2023652144100354,2.226567029953003,2.2023652144100354,2.226567029953003,11800,0.0,0.0
1993-03-30 00:00:00-05:00,2.2507688454959704,2.2507688454959704,2.226567029953003,2.226567029953003,5000,0.0,0.0
1993-03-31 00:00:00-05:00,2.226567029953003,2.226567029953003,2.226567029953003,2.226567029953003,2300,0.0,0.0
1993-04-01 00:00:00-05:00,2.226567836517983,2.2749714851379395,2.226567836517983,2.2749714851379395,18000,0.0,0.0
1993-04-02 00:00:00-05:00,2.2991719245910645,2.2991719245910645,2.2507683051259897,2.2991719245910645,13900,0.0,0.0
1993-04-05 00:00:00-04:00,2.274970475063529,2.274970475063529,2.2507686614990234,2.2507686614990234,4800,0.0,0.0
1993-04-06 00:00:00-04:00,2.2749706610389375,2.299172476581905,2.226567029953003,2.226567029953003,38000,0.0,0.0
1993-04-07 00:00:00-04:00,2.226567029953003,2.2507688454959704,2.2023652144100354,2.226567029953003,31600,0.0,0.0
1993-04-08 00:00:00-04:00,2.237267303466797,2.237267303466797,2.188631057739258,2.188631057739258,4400,0.055,0.0
1993-04-12 00:00:00-04:00,2.2129483222961426,2.2372664357279684,2.188630208864317,2.2129483222961426,8800,0.0,0.0
1993-04-13 00:00:00-04:00,2.2129484259563945,2.2372665405273438,2.2129484259563945,2.2372665405273438,9600,0.0,0.0
1993-04-14 00:00:00-04:00,2.2372664357279684,2.2372664357279684,2.2129483222961426,2.2129483222961426,11400,0.0,0.0
1993-04-15 00:00:00-04:00,2.2372665405273438,2.2372665405273438,2.2129484259563945,2.2372665405273438,11500,0.0,0.0
1993-04-16 00:00:00-04:00,2.2615846550982934,2.2615846550982934,2.2372665405273438,2.2372665405273438,26100,0.0,0.0
1993-04-19 00:00:00-04:00,2.261586275506527,2.2859044075012207,2.261586275506527,2.2859044075012207,10600,0.0,0.0
1993-04-20 00:00:00-04:00,2.2615846550982934,2.2859027696692427,2.2372665405273438,2.2372665405273438,35100,0.0,0.0
1993-04-21 00:00:00-04:00,2.2129496938438824,2.2615859508514404,2.2129496938438824,2.2615859508514404,3900,0.0,0.0
1993-04-22 00:00:00-04:00,2.2372665405273438,2.2372665405273438,2.2129484259563945,2.2372665405273438,16500,0.0,0.0
1993-04-23 00:00:00-04:00,2.2615846550982934,2.2615846550982934,2.2372665405273438,2.2372665405273438,11600,0.0,0.0
1993-04-26 00:00:00-04:00,2.2615859508514404,2.285904079355219,2.2615859508514404,2.2615859508514404,11900,0.0,0.0
1993-04-27 00:00:00-04:00,2.285904079355219,2.285904079355219,2.2372678223476616,2.2615859508514404,21500,0.0,0.0
1993-04-28 00:00:00-04:00,2.2372678223476616,2.2615859508514404,2.2372678223476616,2.2615859508514404,3600,0.0,0.0
1993-04-29 00:00:00-04:00,2.2615846550982934,2.2615846550982934,2.2372665405273438,2.2372665405273438,10100,0.0,0.0
1993-04-30 00:00:00-04:00,2.2372678223476616,2.2615859508514404,2.2372678223476616,2.2615859508514404,6300,0.0,0.0
1993-05-03 00:00:00-04:00,2.285904079355219,2.285904079355219,2.2615859508514404,2.2615859508514404,5200,0.0,0.0
1993-05-04 00:00:00-04:00,2.2615835591366418,2.3102197647094727,2.2615835591366418,2.3102197647094727,16400,0.0,0.0
1993-05-05 00:00:00-04:00,2.3102197647094727,2.3102197647094727,2.285901661923057,2.3102197647094727,3600,0.0,0.0
1993-05-06 00:00:00-04:00,2.285904079355219,2.285904079355219,2.2615859508514404,2.2615859508514404,12100,0.0,0.0
1993-05-07 00:00:00-04:00,2.261586275506527,2.2859044075012207,2.237268143511833,2.2859044075012207,6100,0.0,0.0
1993-05-10 00:00:00-04:00,2.247788603587817,2.272221088409424,2.247788603587817,2.272221088409424,5300,0.055,0.0
1993-05-11 00:00:00-04:00,2.2722211531970813,2.2722211531970813,2.247788667678833,2.247788667678833,6400,0.0,0.0
1993-05-12 00:00:00-04:00,2.247788667678833,2.2722211531970813,2.247788667678833,2.247788667678833,10300,0.0,0.0
1993-05-13 00:00:00-04:00,2.2477897075896567,2.29665470123291,2.2477897075896567,2.29665470123291,17200,0.0,0.0
1993-05-14 00:00:00-04:00,2.2966537056388434,2.2966537056388434,2.223356246948242,2.223356246948242,15000,0.0,0.0
1993-05-17 00:00:00-04:00,2.24778831270006,2.24778831270006,2.198923349380493,2.198923349380493,19900,0.0,0.0
1993-05-18 00:00:00-04:00,2.198923349380493,2.2233558310402763,2.198923349380493,2.198923349380493,7600,0.0,0.0
1993-05-19 00:00:00-04:00,2.198923349380493,2.198923349380493,2.17449086772071,2.198923349380493,11000,0.0,0.0
1993-05-20 00:00:00-04:00,2.1989237607180416,2.223356246948242,2.1989237607180416,2.223356246948242,7100,0.0,0.0
1993-05-21 00:00:00-04:00,2.1989241342866017,2.1989241342866017,2.150059153524677,2.1744916439056396,23000,0.0,0.0
1993-05-24 00:00:00-04:00,2.1744917143474924,2.1744917143474924,2.150059223175049,2.150059223175049,15200,0.0,0.0
1993-05-25 00:00:00-04:00,2.1744917143474924,2.1989242055199365,2.150059223175049,2.150059223175049,17900,0.0,0.0
1993-05-26 00:00:00-04:00,2.1744917143474924,2.1744917143474924,2.150059223175049,2.150059223175049,10800,0.0,0.0
1993-05-27 00:00:00-04:00,2.1744917143474924,2.1744917143474924,2.150059223175049,2.150059223175049,23900,0.0,0.0
1993-05-28 00:00:00-04:00,2.150059223175049,2.1744917143474924,2.125626732002605,2.150059223175049,15000,0.0,0.0
1993-06-01 00:00:00-04:00,2.150059153524677,2.1744916439056396,2.125626663143715,2.1744916439056396,8600,0.0,0.0
1993-06-02 00:00:00-04:00,2.1744916439056396,2.1989241342866017,2.1744916439056396,2.1744916439056396,8600,0.0,0.0
1993-06-03 00:00:00-04:00,2.1744916439056396,2.1989241342866017,2.150059153524677,2.1744916439056396,17500,0.0,0.0
1993-06-04 00:00:00-04:00,2.1744916439056396,2.1989241342866017,2.1744916439056396,2.1744916439056396,27400,0.0,0.0
1993-06-07 00:00:00-04:00,2.1500587882576405,2.223356246948242,2.1500587882576405,2.223356246948242,24100,0.0,0.0
1993-06-08 00:00:00-04:00,2.223356246948242,2.223356246948242,2.1989237607180416,2.223356246948242,6400,0.0,0.0
1993-06-09 00:00:00-04:00,2.234160127847091,2.258711338043213,2.234160127847091,2.258711338043213,8000,0.055,0.0
1993-06-10 00:00:00-04:00,2.2587092611524797,2.2587092611524797,2.209606885910034,2.209606885910034,11400,0.0,0.0
1993-06-11 00:00:00-04:00,2.2341582775115967,2.2341582775115967,2.209607087648832,2.2341582775115967,17100,0.0,0.0
1993-06-14 00:00:00-04:00,2.234158073531257,2.234158073531257,2.185055698288812,2.209606885910034,18300,0.0,0.0
1993-06-15 00:00:00-04:00,2.185055698288812,2.209606885910034,2.185055698288812,2.209606885910034,19400,0.0,0.0
1993-06-16 00:00:00-04:00,2.2096093317096153,2.2096093317096153,2.135955687319295,2.185058116912842,38600,0.0,0.0
1993-06-17 00:00:00-04:00,2.1605048179626465,2.185056009075858,2.1359536268494344,2.1605048179626465,27000,0.0,0.0
1993-06-18 00:00:00-04:00,2.185055698288812,2.209606885910034,2.160504510667589,2.209606885910034,14500,0.0,0.0
1993-06-21 00:00:00-04:00,2.2096093317096153,2.2096093317096153,2.1605069021160683,2.185058116912842,24300,0.0,0.0
1993-06-22 00:00:00-04:00,2.185056009075858,2.185056009075858,2.1605048179626465,2.1605048179626465,26200,0.0,0.0
1993-06-23 00:00:00-04:00,2.185056009075858,2.185056009075858,2.1605048179626465,2.1605048179626465,13800,0.0,0.0
1993-06-24 00:00:00-04:00,2.1605069021160683,2.185058116912842,2.1605069021160683,2.185058116912842,17200,0.0,0.0
1993-06-25 00:00:00-04:00,2.209606885910034,2.209606885910034,2.185055698288812,2.209606885910034,4800,0.0,0.0
1993-06-28 00:00:00-04:00,2.209606885910034,2.209606885910034,2.209606885910034,2.209606885910034,4000,0.0,0.0
1993-06-29 00:00:00-04:00,2.2096093317096153,2.2096093317096153,2.185058116912842,2.185058116912842,10000,0.0,0.0
1993-06-30 00:00:00-04:00,2.185056009075858,2.2096072001890703,2.1605048179626465,2.1605048179626465,48500,0.0,0.0
1993-07-01 00:00:00-04:00,2.1605069021160683,2.185058116912842,2.1605069021160683,2.185058116912842,4000,0.0,0.0
1993-07-02 00:00:00-04:00,2.185058116912842,2.185058116912842,2.1605069021160683,2.185058116912842,23500,0.0,0.0
1993-07-06 00:00:00-04:00,2.2096093317096153,2.2096093317096153,2.1605069021160683,2.185058116912842,10900,0.0,0.0
1993-07-07 00:00:00-04:00,2.185058116912842,2.2096093317096153,2.1605069021160683,2.185058116912842,13200,0.0,0.0
1993-07-08 00:00:00-04:00,2.160504510667589,2.209606885910034,2.160504510667589,2.209606885910034,1900,0.0,0.0
1993-07-09 00:00:00-04:00,2.1957926750183105,2.1957926750183105,2.1464490193999213,2.1957926750183105,16600,0.055,0.0
1993-07-12 00:00:00-04:00,2.1957926750183105,2.220464502827505,2.1957926750183105,2.1957926750183105,11700,0.0,0.0
1993-07-13 00:00:00-04:00,2.220461368560791,2.220461368560791,2.1957895755767822,2.220461368560791,19700,0.0,0.0
1993-07-14 00:00:00-04:00,2.220464502827505,2.220464502827505,2.1957926750183105,2.1957926750183105,9100,0.0,0.0
1993-07-15 00:00:00-04:00,2.220461368560791,2.220461368560791,2.1957895755767822,2.220461368560791,3600,0.0,0.0
1993-07-16 00:00:00-04:00,2.220463962345333,2.24513578414917,2.220463962345333,2.24513578414917,9100,0.0,0.0
1993-07-19 00:00:00-04:00,2.2451363306366994,2.2451363306366994,2.1957926750183105,2.1957926750183105,22000,0.0,0.0
1993-07-20 00:00:00-04:00,2.220463075421073,2.220463075421073,2.171119451522827,2.171119451522827,22300,0.0,0.0
1993-07-21 00:00:00-04:00,2.1957912634719503,2.1957912634719503,2.171119451522827,2.171119451522827,27900,0.0,0.0
1993-07-22 00:00:00-04:00,2.171120847209116,2.1957926750183105,2.171120847209116,2.1957926750183105,16900,0.0,0.0
1993-07-23 00:00:00-04:00,2.1711177825927734,2.220461368560791,2.1711177825927734,2.220461368560791,16600,0.0,0.0
1993-07-26 00:00:00-04:00,2.220463962345333,2.24513578414917,2.1957921405414957,2.24513578414917,29100,0.0,0.0
1993-07-27 00:00:00-04:00,2.24513578414917,2.269807605953007,2.220463962345333,2.24513578414917,19100,0.0,0.0
1993-07-28 00:00:00-04:00,2.24513578414917,2.24513578414917,2.24513578414917,2.24513578414917,3600,0.0,0.0
1993-07-29 00:00:00-04:00,2.2451331615448,2.2451331615448,2.220461368560791,2.220461368560791,7300,0.0,0.0
1993-07-30 00:00:00-04:00,2.220463962345333,2.24513578414917,2.220463962345333,2.24513578414917,11000,0.0,0.0
1993-08-02 00:00:00-04:00,2.2451336281273955,2.2944772243499756,2.2451336281273955,2.2944772243499756,13400,0.0,0.0
1993-08-03 00:00:00-04:00,2.2944772243499756,2.2944772243499756,2.2698054262386855,2.2944772243499756,17700,0.0,0.0
1993-08-04 00:00:00-04:00,2.269807605953007,2.269807605953007,2.24513578414917,2.24513578414917,12500,0.0,0.0
1993-08-05 00:00:00-04:00,2.24513578414917,2.294479427756844,2.220463962345333,2.24513578414917,24100,0.0,0.0
1993-08-06 00:00:00-04:00,2.24513578414917,2.24513578414917,2.220463962345333,2.24513578414917,18200,0.0,0.0
1993-08-09 00:00:00-04:00,2.2312538702409346,2.305628999248966,2.2312538702409346,2.2560455799102783,43000,0.055,0.0
1993-08-10 00:00:00-04:00,2.280837289579622,2.305628999248966,2.2560455799102783,2.2560455799102783,15400,0.0,0.0
1993-08-11 00:00:00-04:00,2.280834710726174,2.305626392364502,2.256043029087846,2.305626392364502,8700,0.0,0.0
1993-08-12 00:00:00-04:00,2.305626392364502,2.305626392364502,2.280834710726174,2.305626392364502,15700,0.0,0.0
1993-08-13 00:00:00-04:00,2.33041807400283,2.33041807400283,2.305626392364502,2.305626392364502,5300,0.0,0.0
1993-08-16 00:00:00-04:00,2.3056259561092296,2.3304176330566406,2.3056259561092296,2.3304176330566406,12200,0.0,0.0
1993-08-17 00:00:00-04:00,2.305628796627647,2.3552122116088867,2.305628796627647,2.3552122116088867,10000,0.0,0.0
1993-08-18 00:00:00-04:00,2.3552122116088867,2.3552122116088867,2.305628796627647,2.3552122116088867,30100,0.0,0.0
1993-08-19 00:00:00-04:00,2.355209755641158,2.355209755641158,2.305626392364502,2.305626392364502,38900,0.0,0.0
1993-08-20 00:00:00-04:00,2.33041807400283,2.33041807400283,2.305626392364502,2.305626392364502,12200,0.0,0.0
1993-08-23 00:00:00-04:00,2.3304176330566406,2.3304176330566406,2.2808342791618186,2.3304176330566406,17100,0.0,0.0
1993-08-24 00:00:00-04:00,2.3552093100040516,2.3552093100040516,2.3304176330566406,2.3304176330566406,20100,0.0,0.0
1993-08-25 00:00:00-04:00,2.3552093100040516,2.3552093100040516,2.3304176330566406,2.3304176330566406,8800,0.0,0.0
1993-08-26 00:00:00-04:00,2.3552122116088867,2.3552122116088867,2.305628796627647,2.3552122116088867,5600,0.0,0.0
1993-08-27 00:00:00-04:00,2.330420504118267,2.3552122116088867,2.330420504118267,2.3552122116088867,11700,0.0,0.0
1993-08-30 00:00:00-04:00,2.3304176330566406,2.3552093100040516,2.3304176330566406,2.3304176330566406,6000,0.0,0.0
1993-08-31 00:00:00-04:00,2.3304176330566406,2.3552093100040516,2.3304176330566406,2.3304176330566406,16100,0.0,0.0
1993-09-01 00:00:00-04:00,2.3304176330566406,2.3304176330566406,2.3056259561092296,2.3304176330566406,3700,0.0,0.0
1993-09-02 00:00:00-04:00,2.3304176330566406,2.3304176330566406,2.3056259561092296,2.3304176330566406,19800,0.0,0.0
1993-09-03 00:00:00-04:00,2.3304176330566406,2.3552093100040516,2.2808342791618186,2.3304176330566406,22500,0.0,0.0
1993-09-07 00:00:00-04:00,2.3552122116088867,2.3552122116088867,2.305628796627647,2.3552122116088867,5300,0.0,0.0
1993-09-08 00:00:00-04:00,2.3552122116088867,2.3552122116088867,2.330420504118267,2.3552122116088867,17700,0.0,0.0
1993-09-09 00:00:00-04:00,2.3412645289772436,2.3661715984344482,2.3412645289772436,2.3661715984344482,5300,0.055,0.0
1993-09-10 00:00:00-04:00,2.3661715984344482,2.3661715984344482,2.316357459520039,2.3661715984344482,23200,0.0,0.0
1993-09-13 00:00:00-04:00,2.3412645289772436,2.3661715984344482,2.3412645289772436,2.3661715984344482,24800,0.0,0.0
1993-09-14 00:00:00-04:00,2.366168904811778,2.366168904811778,2.341261863708496,2.341261863708496,10000,0.0,0.0
1993-09-15 00:00:00-04:00,2.341261863708496,2.366168904811778,2.316354822605214,2.341261863708496,21100,0.0,0.0
1993-09-16 00:00:00-04:00,2.3412639607665358,2.3412639607665358,2.316356897354126,2.316356897354126,23900,0.0,0.0
1993-09-17 00:00:00-04:00,2.316356897354126,2.3412639607665358,2.316356897354126,2.316356897354126,19700,0.0,0.0
1993-09-20 00:00:00-04:00,2.341261863708496,2.341261863708496,2.316354822605214,2.341261863708496,3200,0.0,0.0
1993-09-21 00:00:00-04:00,2.3412639607665358,2.3412639607665358,2.291449833941716,2.316356897354126,29000,0.0,0.0
1993-09-22 00:00:00-04:00,2.291451181684222,2.291451181684222,2.2665441036224365,2.2665441036224365,12100,0.0,0.0
1993-09-23 00:00:00-04:00,2.2416370255606517,2.291451181684222,2.2167299474988664,2.2665441036224365,17200,0.0,0.0
1993-09-24 00:00:00-04:00,2.291451181684222,2.291451181684222,2.2665441036224365,2.2665441036224365,6900,0.0,0.0
1993-09-27 00:00:00-04:00,2.2665403640788533,2.291447401046753,2.2416333271109536,2.291447401046753,10000,0.0,0.0
1993-09-28 00:00:00-04:00,2.291447401046753,2.316354438014652,2.291447401046753,2.291447401046753,10700,0.0,0.0
1993-09-29 00:00:00-04:00,2.316356253623962,2.316356253623962,2.2416350841522217,2.2416350841522217,30900,0.0,0.0
1993-09-30 00:00:00-04:00,2.2416350841522217,2.2665421406428017,2.2416350841522217,2.2416350841522217,6100,0.0,0.0
1993-10-01 00:00:00-04:00,2.2665421406428017,2.2665421406428017,2.2167280276616412,2.2416350841522217,21300,0.0,0.0
1993-10-04 00:00:00-04:00,2.2665403640788533,2.291447401046753,2.2665403640788533,2.291447401046753,9700,0.0,0.0
1993-10-05 00:00:00-04:00,2.291451181684222,2.291451181684222,2.2665441036224365,2.2665441036224365,17400,0.0,0.0
1993-10-06 00:00:00-04:00,2.291451181684222,2.291451181684222,2.2416370255606517,2.2665441036224365,13300,0.0,0.0
1993-10-07 00:00:00-04:00,2.291447401046753,2.291447401046753,2.291447401046753,2.291447401046753,6000,0.0,0.0
1993-10-08 00:00:00-04:00,2.2524077892303467,2.277434542444017,2.2524077892303467,2.2524077892303467,10300,0.055,0.0
1993-10-11 00:00:00-04:00,2.277433395385742,2.277433395385742,2.2524066547771078,2.277433395385742,13200,0.0,0.0
1993-10-12 00:00:00-04:00,2.277432037436444,2.3024587631225586,2.277432037436444,2.3024587631225586,11300,0.0,0.0
1993-10-13 00:00:00-04:00,2.3024587631225586,2.3024587631225586,2.277432037436444,2.3024587631225586,10300,0.0,0.0
1993-10-14 00:00:00-04:00,2.327487991211262,2.3525147438049316,2.327487991211262,2.3525147438049316,26300,0.0,0.0
1993-10-15 00:00:00-04:00,2.3525147438049316,2.3525147438049316,2.3525147438049316,2.3525147438049316,10200,0.0,0.0
1993-10-18 00:00:00-04:00,2.3525147438049316,2.3525147438049316,2.327487991211262,2.3525147438049316,15000,0.0,0.0
1993-10-19 00:00:00-04:00,2.3525139747127413,2.3525139747127413,2.3274872303009033,2.3274872303009033,18200,0.0,0.0
1993-10-20 00:00:00-04:00,2.3274872303009033,2.3525139747127413,2.3274872303009033,2.3274872303009033,5900,0.0,0.0
1993-10-21 00:00:00-04:00,2.3525147438049316,2.3525147438049316,2.3525147438049316,2.3525147438049316,16500,0.0,0.0
1993-10-22 00:00:00-04:00,2.327487991211262,2.3525147438049316,2.327487991211262,2.3525147438049316,29100,0.0,0.0
1993-10-25 00:00:00-04:00,2.3525147438049316,2.3525147438049316,2.327487991211262,2.3525147438049316,8900,0.0,0.0
1993-10-26 00:00:00-04:00,2.3274872303009033,2.3525139747127413,2.3274872303009033,2.3274872303009033,13700,0.0,0.0
1993-10-27 00:00:00-04:00,2.3525147438049316,2.3525147438049316,2.327487991211262,2.3525147438049316,15600,0.0,0.0
1993-10-28 00:00:00-04:00,2.3525147438049316,2.3525147438049316,2.327487991211262,2.3525147438049316,6800,0.0,0.0
1993-10-29 00:00:00-04:00,2.3274872303009033,2.3525139747127413,2.302460485889066,2.3274872303009033,8600,0.0,0.0
1993-11-01 00:00:00-05:00,2.302460485889066,2.3274872303009033,2.302460485889066,2.3274872303009033,9500,0.0,0.0
1993-11-02 00:00:00-05:00,2.3274854888086733,2.3274854888086733,2.3024587631225586,2.3024587631225586,33800,0.0,0.0
1993-11-03 00:00:00-05:00,2.3024587631225586,2.3274854888086733,2.3024587631225586,2.3024587631225586,18700,0.0,0.0
1993-11-04 00:00:00-05:00,2.3274868766030115,2.3274868766030115,2.277433395385742,2.277433395385742,22900,0.0,0.0
1993-11-05 00:00:00-05:00,2.277433395385742,2.3024601359943766,2.2524066547771078,2.277433395385742,19000,0.0,0.0
1993-11-08 00:00:00-05:00,2.2633503033564644,2.3136469767643857,2.2633503033564644,2.288498640060425,13400,0.055,0.0
1993-11-09 00:00:00-05:00,2.3136469767643857,2.3136469767643857,2.2633503033564644,2.288498640060425,5500,0.0,0.0
1993-11-10 00:00:00-05:00,2.288497515346693,2.313645839691162,2.288497515346693,2.313645839691162,7800,0.0,0.0
1993-11-11 00:00:00-05:00,2.313645839691162,2.3387941640356313,2.288497515346693,2.313645839691162,22500,0.0,0.0
1993-11-12 00:00:00-05:00,2.3136468497655724,2.3387951850891113,2.3136468497655724,2.3387951850891113,9400,0.0,0.0
1993-11-15 00:00:00-05:00,2.3387951850891113,2.3387951850891113,2.3136468497655724,2.3387951850891113,2500,0.0,0.0
1993-11-16 00:00:00-05:00,2.313645839691162,2.3387941640356313,2.313645839691162,2.313645839691162,8900,0.0,0.0
1993-11-17 00:00:00-05:00,2.3387941640356313,2.3387941640356313,2.313645839691162,2.313645839691162,8900,0.0,0.0
1993-11-18 00:00:00-05:00,2.313645839691162,2.313645839691162,2.313645839691162,2.313645839691162,1400,0.0,0.0
1993-11-19 00:00:00-05:00,2.3387969811757405,2.3387969811757405,2.2382035626305474,2.2633519172668457,30800,0.0,0.0
1993-11-22 00:00:00-05:00,2.2382035626305474,2.288500271903144,2.2382035626305474,2.2633519172668457,33000,0.0,0.0
1993-11-23 00:00:00-05:00,2.288498640060425,2.288498640060425,2.2633503033564644,2.288498640060425,10500,0.0,0.0
1993-11-24 00:00:00-05:00,2.2633503033564644,2.3136469767643857,2.2633503033564644,2.288498640060425,8900,0.0,0.0
1993-11-26 00:00:00-05:00,2.313645839691162,2.313645839691162,2.288497515346693,2.313645839691162,2100,0.0,0.0
1993-11-29 00:00:00-05:00,2.313645839691162,2.313645839691162,2.313645839691162,2.313645839691162,100,0.0,0.0
1993-11-30 00:00:00-05:00,2.313645839691162,2.313645839691162,2.288497515346693,2.313645839691162,13200,0.0,0.0
1993-12-01 00:00:00-05:00,2.313645839691162,2.3387941640356313,2.313645839691162,2.313645839691162,4100,0.0,0.0
1993-12-02 00:00:00-05:00,2.3387941640356313,2.3387941640356313,2.288497515346693,2.313645839691162,41000,0.0,0.0
1993-12-03 00:00:00-05:00,2.288497515346693,2.313645839691162,2.288497515346693,2.313645839691162,17100,0.0,0.0
1993-12-06 00:00:00-05:00,2.288498640060425,2.3136469767643857,2.288498640060425,2.288498640060425,17800,0.0,0.0
1993-12-07 00:00:00-05:00,2.288498640060425,2.3136469767643857,2.288498640060425,2.288498640060425,6100,0.0,0.0
1993-12-08 00:00:00-05:00,2.313645839691162,2.313645839691162,2.288497515346693,2.313645839691162,8900,0.0,0.0
1993-12-09 00:00:00-05:00,2.2764151960938843,2.3270022004515263,2.2764151960938843,2.301708698272705,5400,0.066,0.0
1993-12-10 00:00:00-05:00,2.3270022004515263,2.3270022004515263,2.301708698272705,2.301708698272705,14900,0.0,0.0
1993-12-13 00:00:00-05:00,2.301710057258606,2.301710057258606,2.251123023033142,2.276416540145874,31400,0.0,0.0
1993-12-14 00:00:00-05:00,2.276416708914082,2.276416708914082,2.2258296709382135,2.2511231899261475,33400,0.0,0.0
1993-12-15 00:00:00-05:00,2.22582950592041,2.276416540145874,2.22582950592041,2.276416540145874,19100,0.0,0.0
1993-12-16 00:00:00-05:00,2.2511231899261475,2.276416708914082,2.2511231899261475,2.2511231899261475,17000,0.0,0.0
1993-12-17 00:00:00-05:00,2.2258296709382135,2.2511231899261475,2.2258296709382135,2.2511231899261475,22000,0.0,0.0
1993-12-20 00:00:00-05:00,2.2258296709382135,2.276416708914082,2.2258296709382135,2.2511231899261475,15200,0.0,0.0
1993-12-21 00:00:00-05:00,2.2511231899261475,2.276416708914082,2.2511231899261475,2.2511231899261475,12100,0.0,0.0
1993-12-22 00:00:00-05:00,2.22582950592041,2.276416540145874,2.22582950592041,2.276416540145874,18200,0.0,0.0
1993-12-23 00:00:00-05:00,2.276416540145874,2.301710057258606,2.276416540145874,2.276416540145874,11500,0.0,0.0
1993-12-27 00:00:00-05:00,2.276416540145874,2.276416540145874,2.276416540145874,2.276416540145874,17700,0.0,0.0
1993-12-28 00:00:00-05:00,2.301710057258606,2.301710057258606,2.276416540145874,2.276416540145874,7500,0.0,0.0
1993-12-29 00:00:00-05:00,2.276415672708065,2.377589702606201,2.276415672708065,2.377589702606201,35100,0.0,0.0
1993-12-30 00:00:00-05:00,2.377589702606201,2.377589702606201,2.327002687657133,2.377589702606201,11100,0.0,0.0
1993-12-31 00:00:00-05:00,2.352296195131667,2.377589702606201,2.352296195131667,2.377589702606201,6700,0.0,0.0
1994-01-03 00:00:00-05:00,2.3522955490195234,2.3522955490195234,2.3270020484924316,2.3270020484924316,33400,0.0,0.0
1994-01-04 00:00:00-05:00,2.352296195131667,2.377589702606201,2.327002687657133,2.377589702606201,24700,0.0,0.0
1994-01-05 00:00:00-05:00,2.352295702630347,2.377589204809168,2.301708698272705,2.301708698272705,22600,0.0,0.0
1994-01-06 00:00:00-05:00,2.3270020484924316,2.3522955490195234,2.30170854796534,2.3270020484924316,13800,0.0,0.0
1994-01-07 00:00:00-05:00,2.352295702630347,2.352295702630347,2.301708698272705,2.301708698272705,21700,0.0,0.0
1994-01-10 00:00:00-05:00,2.2874770539530207,2.2874770539530207,2.2620606422424316,2.2620606422424316,12400,0.055,0.0
1994-01-11 00:00:00-05:00,2.2620606422424316,2.2620606422424316,2.2112278188212535,2.2620606422424316,42000,0.0,0.0
1994-01-12 00:00:00-05:00,2.2620606422424316,2.2874770539530207,2.2620606422424316,2.2620606422424316,10600,0.0,0.0
1994-01-13 00:00:00-05:00,2.2874770539530207,2.2874770539530207,2.2620606422424316,2.2620606422424316,9500,0.0,0.0
1994-01-14 00:00:00-05:00,2.2620596361684275,2.312892436981201,2.2620596361684275,2.312892436981201,14700,0.0,0.0
1994-01-17 00:00:00-05:00,2.287475824356079,2.31289222240448,2.287475824356079,2.287475824356079,10400,0.0,0.0
1994-01-18 00:00:00-05:00,2.312892436981201,2.3383088373875878,2.312892436981201,2.312892436981201,4400,0.0,0.0
1994-01-19 00:00:00-05:00,2.3383078270770135,2.3891406059265137,2.3383078270770135,2.3891406059265137,27700,0.0,0.0
1994-01-20 00:00:00-05:00,2.3891406213083575,2.3891406213083575,2.3637242317199707,2.3637242317199707,20900,0.0,0.0
1994-01-21 00:00:00-05:00,2.3637242317199707,2.3637242317199707,2.338307842131584,2.3637242317199707,19200,0.0,0.0
1994-01-24 00:00:00-05:00,2.3891406059265137,2.3891406059265137,2.3637242165017636,2.3891406059265137,9100,0.0,0.0
1994-01-25 00:00:00-05:00,2.3891406059265137,2.3891406059265137,2.3637242165017636,2.3891406059265137,8200,0.0,0.0
1994-01-26 00:00:00-05:00,2.3891406213083575,2.3891406213083575,2.3637242317199707,2.3637242317199707,6700,0.0,0.0
1994-01-27 00:00:00-05:00,2.3637242317199707,2.3891406213083575,2.3637242317199707,2.3637242317199707,10200,0.0,0.0
1994-01-28 00:00:00-05:00,2.3637242317199707,2.3891406213083575,2.3637242317199707,2.3637242317199707,5500,0.0,0.0
1994-01-31 00:00:00-05:00,2.3637242317199707,2.3891406213083575,2.3637242317199707,2.3637242317199707,8000,0.0,0.0
1994-02-01 00:00:00-05:00,2.3891406213083575,2.3891406213083575,2.3637242317199707,2.3637242317199707,29300,0.0,0.0
1994-02-02 00:00:00-05:00,2.3891406213083575,2.3891406213083575,2.3637242317199707,2.3637242317199707,38200,0.0,0.0
1994-02-03 00:00:00-05:00,2.3637242317199707,2.3891406213083575,2.3637242317199707,2.3637242317199707,6200,0.0,0.0
1994-02-04 00:00:00-05:00,2.3891406059265137,2.3891406059265137,2.3637242165017636,2.3891406059265137,27300,0.0,0.0
1994-02-07 00:00:00-05:00,2.3637242165017636,2.3891406059265137,2.3637242165017636,2.3891406059265137,11400,0.0,0.0
1994-02-08 00:00:00-05:00,2.3637242165017636,2.3891406059265137,2.3637242165017636,2.3891406059265137,16600,0.0,0.0
1994-02-09 00:00:00-05:00,2.3748414516448975,2.400377381232477,2.349305522057318,2.3748414516448975,17700,0.055,0.0
1994-02-10 00:00:00-05:00,2.3748420425083325,2.4003779784492827,2.349306106567383,2.349306106567383,17400,0.0,0.0
1994-02-11 00:00:00-05:00,2.3748414516448975,2.3748414516448975,2.349305522057318,2.3748414516448975,4000,0.0,0.0
1994-02-14 00:00:00-05:00,2.349305016653878,2.349305016653878,2.3237690925598145,2.3237690925598145,9300,0.0,0.0
1994-02-15 00:00:00-05:00,2.3493035499085773,2.4003753662109375,2.3493035499085773,2.4003753662109375,33600,0.0,0.0
1994-02-16 00:00:00-05:00,2.4003753662109375,2.4003753662109375,2.3748394580597574,2.4003753662109375,11600,0.0,0.0
1994-02-17 00:00:00-05:00,2.4003753662109375,2.4003753662109375,2.4003753662109375,2.4003753662109375,9400,0.0,0.0
1994-02-18 00:00:00-05:00,2.400377381232477,2.400377381232477,2.349305522057318,2.3748414516448975,18200,0.0,0.0
1994-02-22 00:00:00-05:00,2.349305016653878,2.349305016653878,2.2982331684657504,2.3237690925598145,13200,0.0,0.0
1994-02-23 00:00:00-05:00,2.2982331684657504,2.3237690925598145,2.2982331684657504,2.3237690925598145,12100,0.0,0.0
1994-02-24 00:00:00-05:00,2.3237690925598145,2.3237690925598145,2.2726972443716864,2.3237690925598145,21200,0.0,0.0
1994-02-25 00:00:00-05:00,2.2982331684657504,2.3237690925598145,2.2982331684657504,2.3237690925598145,15200,0.0,0.0
1994-02-28 00:00:00-05:00,2.3237690925598145,2.3237690925598145,2.2982331684657504,2.3237690925598145,40900,0.0,0.0
1994-03-01 00:00:00-05:00,2.2982331684657504,2.3237690925598145,2.2982331684657504,2.3237690925598145,20400,0.0,0.0
1994-03-02 00:00:00-05:00,2.3237690925598145,2.3237690925598145,2.2726972443716864,2.3237690925598145,7300,0.0,0.0
1994-03-03 00:00:00-05:00,2.2982335090637207,2.3237694369422064,2.2982335090637207,2.2982335090637207,11900,0.0,0.0
1994-03-04 00:00:00-05:00,2.3237694369422064,2.3237694369422064,2.2982335090637207,2.2982335090637207,18400,0.0,0.0
1994-03-07 00:00:00-05:00,2.3237694369422064,2.3237694369422064,2.2982335090637207,2.2982335090637207,8800,0.0,0.0
1994-03-08 00:00:00-05:00,2.3237690925598145,2.3237690925598145,2.2982331684657504,2.3237690925598145,25300,0.0,0.0
1994-03-09 00:00:00-05:00,2.30939846772414,2.3350584506988525,2.30939846772414,2.3350584506988525,3600,0.055,0.0
1994-03-10 00:00:00-05:00,2.3350627342859904,2.3350627342859904,2.3094027042388916,2.3094027042388916,10100,0.0,0.0
1994-03-11 00:00:00-05:00,2.3350584506988525,2.3350584506988525,2.30939846772414,2.3350584506988525,11300,0.0,0.0
1994-03-14 00:00:00-05:00,2.30939846772414,2.3350584506988525,2.30939846772414,2.3350584506988525,4000,0.0,0.0
1994-03-15 00:00:00-05:00,2.3094002852279147,2.3094002852279147,2.283740282058716,2.283740282058716,17900,0.0,0.0
1994-03-16 00:00:00-05:00,2.283740282058716,2.3094002852279147,2.283740282058716,2.283740282058716,13300,0.0,0.0
1994-03-17 00:00:00-05:00,2.258080278889517,2.3094002852279147,2.258080278889517,2.283740282058716,18200,0.0,0.0
1994-03-18 00:00:00-05:00,2.3094002852279147,2.3094002852279147,2.283740282058716,2.283740282058716,10300,0.0,0.0
1994-03-21 00:00:00-05:00,2.258080244064331,2.2837402468377896,2.258080244064331,2.258080244064331,6600,0.0,0.0
1994-03-22 00:00:00-05:00,2.258080278889517,2.283740282058716,2.258080278889517,2.283740282058716,4200,0.0,0.0
1994-03-23 00:00:00-05:00,2.258080244064331,2.309400249611248,2.258080244064331,2.258080244064331,30800,0.0,0.0
1994-03-24 00:00:00-05:00,2.258080278889517,2.3094002852279147,2.258080278889517,2.283740282058716,23400,0.0,0.0
1994-03-25 00:00:00-05:00,2.2837426741917928,2.3094027042388916,2.2837426741917928,2.3094027042388916,15100,0.0,0.0
1994-03-28 00:00:00-05:00,2.2837426741917928,2.3350627342859904,2.2837426741917928,2.3094027042388916,10200,0.0,0.0
1994-03-29 00:00:00-05:00,2.283740282058716,2.3094002852279147,2.283740282058716,2.283740282058716,8300,0.0,0.0
1994-03-30 00:00:00-05:00,2.258080278889517,2.283740282058716,2.258080278889517,2.283740282058716,26400,0.0,0.0
1994-03-31 00:00:00-05:00,2.258082644144694,2.3350627342859904,2.258082644144694,2.3094027042388916,48500,0.0,0.0
1994-04-04 00:00:00-04:00,2.309400249611248,2.309400249611248,2.258080244064331,2.258080244064331,23800,0.0,0.0
1994-04-05 00:00:00-04:00,2.283740282058716,2.283740282058716,2.232420275720318,2.283740282058716,15400,0.0,0.0
1994-04-06 00:00:00-04:00,2.258080278889517,2.283740282058716,2.258080278889517,2.283740282058716,8100,0.0,0.0
1994-04-07 00:00:00-04:00,2.2837421620029144,2.2837421620029144,2.232422113418579,2.232422113418579,7200,0.0,0.0
1994-04-08 00:00:00-04:00,2.258080278889517,2.283740282058716,2.258080278889517,2.283740282058716,4400,0.0,0.0
1994-04-11 00:00:00-04:00,2.2950870990753174,2.2950870990753174,2.269299603580089,2.2950870990753174,4800,0.055,0.0
1994-04-12 00:00:00-04:00,2.269299603580089,2.2950870990753174,2.269299603580089,2.2950870990753174,10900,0.0,0.0
1994-04-13 00:00:00-04:00,2.269298791885376,2.2950862781568007,2.2435113056139513,2.269298791885376,30200,0.0,0.0
1994-04-14 00:00:00-04:00,2.2435113056139513,2.269298791885376,2.2435113056139513,2.269298791885376,12900,0.0,0.0
1994-04-15 00:00:00-04:00,2.269298791885376,2.2950862781568007,2.269298791885376,2.269298791885376,25400,0.0,0.0
1994-04-18 00:00:00-04:00,2.269299603580089,2.3208745945705456,2.269299603580089,2.2950870990753174,36600,0.0,0.0
1994-04-19 00:00:00-04:00,2.3208737644282253,2.3208737644282253,2.269298791885376,2.269298791885376,13500,0.0,0.0
1994-04-20 00:00:00-04:00,2.295086413964458,2.295086413964458,2.243511438369751,2.243511438369751,16900,0.0,0.0
1994-04-21 00:00:00-04:00,2.2435113056139513,2.2950862781568007,2.2435113056139513,2.269298791885376,29500,0.0,0.0
1994-04-22 00:00:00-04:00,2.2950870990753174,2.2950870990753174,2.269299603580089,2.2950870990753174,4300,0.0,0.0
1994-04-25 00:00:00-04:00,2.2692996978759767,2.295087194442749,2.191937208175659,2.191937208175659,24800,0.0,0.0
1994-04-26 00:00:00-04:00,2.217724323272705,2.217724323272705,2.191936831141627,2.217724323272705,19600,0.0,0.0
1994-04-28 00:00:00-04:00,2.191936831141627,2.217724323272705,2.191936831141627,2.217724323272705,8700,0.0,0.0
1994-04-29 00:00:00-04:00,2.217724323272705,2.243511815403783,2.191936831141627,2.217724323272705,10300,0.0,0.0
1994-05-02 00:00:00-04:00,2.191937208175659,2.191937208175659,2.166149711608887,2.191937208175659,9000,0.0,0.0
1994-05-03 00:00:00-04:00,2.217724323272705,2.243511815403783,2.217724323272705,2.217724323272705,11900,0.0,0.0
1994-05-04 00:00:00-04:00,2.217724323272705,2.217724323272705,2.1661493390105493,2.217724323272705,19000,0.0,0.0
1994-05-05 00:00:00-04:00,2.191934216590155,2.191934216590155,2.140359293846857,2.166146755218506,17400,0.0,0.0
1994-05-06 00:00:00-04:00,2.140359293846857,2.166146755218506,2.140359293846857,2.166146755218506,4400,0.0,0.0
1994-05-09 00:00:00-04:00,2.1259151309369555,2.1777667194963937,2.1259151309369555,2.151840925216675,15700,0.056,0.0
1994-05-10 00:00:00-04:00,2.177762746810913,2.2036884937967574,2.151836999825069,2.177762746810913,16000,0.0,0.0
1994-05-11 00:00:00-04:00,2.177762746810913,2.2036884937967574,2.151836999825069,2.177762746810913,13600,0.0,0.0
1994-05-12 00:00:00-04:00,2.1777638073625236,2.2555410861968994,2.1777638073625236,2.2555410861968994,15300,0.0,0.0
1994-05-13 00:00:00-04:00,2.2296153349034924,2.2296153349034924,2.177763815487132,2.2036895751953125,10800,0.0,0.0
1994-05-16 00:00:00-04:00,2.1777634620666504,2.2296149730682373,2.1777634620666504,2.2296149730682373,9800,0.0,0.0
1994-05-17 00:00:00-04:00,2.2296142407826016,2.2296142407826016,2.177762746810913,2.177762746810913,24900,0.0,0.0
1994-05-18 00:00:00-04:00,2.1777634620666504,2.2296149730682373,2.1777634620666504,2.2296149730682373,9600,0.0,0.0
1994-05-19 00:00:00-04:00,2.2036895751953125,2.2296153349034924,2.177763815487132,2.2036895751953125,18900,0.0,0.0
1994-05-20 00:00:00-04:00,2.1777667194963937,2.2036925137761125,2.151840925216675,2.151840925216675,16200,0.0,0.0
1994-05-23 00:00:00-04:00,2.177762746810913,2.177762746810913,2.1259112528392246,2.177762746810913,15400,0.0,0.0
1994-05-24 00:00:00-04:00,2.2036895751953125,2.2036895751953125,2.1518380557789523,2.2036895751953125,24100,0.0,0.0
1994-05-25 00:00:00-04:00,2.2036895751953125,2.2296153349034924,2.177763815487132,2.2036895751953125,11400,0.0,0.0
1994-05-26 00:00:00-04:00,2.2296149730682373,2.2555407285690308,2.203689217567444,2.2296149730682373,7300,0.0,0.0
1994-05-27 00:00:00-04:00,2.203689566973982,2.2555410861968994,2.203689566973982,2.2555410861968994,14000,0.0,0.0
1994-05-31 00:00:00-04:00,2.2555407285690308,2.2555407285690308,2.2296149730682373,2.2296149730682373,17800,0.0,0.0
1994-06-01 00:00:00-04:00,2.2036884937967574,2.2296142407826016,2.177762746810913,2.177762746810913,24800,0.0,0.0
1994-06-02 00:00:00-04:00,2.2036884937967574,2.2036884937967574,2.177762746810913,2.177762746810913,19400,0.0,0.0
1994-06-03 00:00:00-04:00,2.177763815487132,2.2036895751953125,2.177763815487132,2.2036895751953125,14500,0.0,0.0
1994-06-06 00:00:00-04:00,2.177763815487132,2.2296153349034924,2.177763815487132,2.2036895751953125,20000,0.0,0.0
1994-06-07 00:00:00-04:00,2.2036884937967574,2.2296142407826016,2.177762746810913,2.177762746810913,15500,0.0,0.0
1994-06-08 00:00:00-04:00,2.1777634620666504,2.2296149730682373,2.1777634620666504,2.2296149730682373,14400,0.0,0.0
1994-06-09 00:00:00-04:00,2.2152287761370344,2.2152287761370344,2.1891672611236572,2.1891672611236572,13000,0.056,0.0
1994-06-10 00:00:00-04:00,2.2152287761370344,2.2152287761370344,2.1891672611236572,2.1891672611236572,1100,0.0,0.0
1994-06-13 00:00:00-04:00,2.2152283441188723,2.2412898540496826,2.189166834188062,2.2412898540496826,23800,0.0,0.0
1994-06-14 00:00:00-04:00,2.2152283441188723,2.2412898540496826,2.2152283441188723,2.2412898540496826,2800,0.0,0.0
1994-06-15 00:00:00-04:00,2.2412898540496826,2.267351363980493,2.2412898540496826,2.2412898540496826,10400,0.0,0.0
1994-06-16 00:00:00-04:00,2.2673511505126953,2.2673511505126953,2.2412896430355382,2.2673511505126953,8400,0.0,0.0
1994-06-17 00:00:00-04:00,2.2673514133149926,2.293412923812866,2.2673514133149926,2.293412923812866,11700,0.0,0.0
1994-06-20 00:00:00-04:00,2.293412657989853,2.293412657989853,2.2673511505126953,2.2673511505126953,5300,0.0,0.0
1994-06-21 00:00:00-04:00,2.293412923812866,2.293412923812866,2.2673514133149926,2.293412923812866,37600,0.0,0.0
1994-06-22 00:00:00-04:00,2.293412657989853,2.293412657989853,2.2412896430355382,2.2673511505126953,11000,0.0,0.0
1994-06-23 00:00:00-04:00,2.293412923812866,2.293412923812866,2.2673514133149926,2.293412923812866,10600,0.0,0.0
1994-06-24 00:00:00-04:00,2.293412923812866,2.293412923812866,2.2673514133149926,2.293412923812866,10300,0.0,0.0
1994-06-27 00:00:00-04:00,2.293412657989853,2.293412657989853,2.2673511505126953,2.2673511505126953,3300,0.0,0.0
1994-06-28 00:00:00-04:00,2.2673511505126953,2.2673511505126953,2.2412896430355382,2.2673511505126953,14000,0.0,0.0
1994-06-29 00:00:00-04:00,2.2412898540496826,2.267351363980493,2.2412898540496826,2.2412898540496826,24200,0.0,0.0
1994-06-30 00:00:00-04:00,2.267351363980493,2.267351363980493,2.2412898540496826,2.2412898540496826,4500,0.0,0.0
1994-07-01 00:00:00-04:00,2.2412896430355382,2.293412657989853,2.2412896430355382,2.2673511505126953,19000,0.0,0.0
1994-07-05 00:00:00-04:00,2.2673511505126953,2.2673511505126953,2.2673511505126953,2.2673511505126953,5300,0.0,0.0
1994-07-06 00:00:00-04:00,2.2934157767992343,2.3194773197174072,2.267354233881061,2.3194773197174072,20100,0.0,0.0
1994-07-07 00:00:00-04:00,2.293412923812866,2.3194744343107394,2.293412923812866,2.293412923812866,12700,0.0,0.0
1994-07-08 00:00:00-04:00,2.2934157767992343,2.3194773197174072,2.2934157767992343,2.3194773197174072,10300,0.0,0.0
1994-07-11 00:00:00-04:00,2.2788243293762207,2.305017712472499,2.2788243293762207,2.2788243293762207,5600,0.056,0.0
1994-07-12 00:00:00-04:00,2.2788243266669186,2.3050177097320557,2.2788243266669186,2.3050177097320557,23100,0.0,0.0
1994-07-13 00:00:00-04:00,2.3312110955687775,2.3312110955687775,2.2788243293762207,2.2788243293762207,22700,0.0,0.0
1994-07-14 00:00:00-04:00,2.2788243293762207,2.305017712472499,2.2788243293762207,2.2788243293762207,19500,0.0,0.0
1994-07-15 00:00:00-04:00,2.278821437857872,2.278821437857872,2.2526280879974365,2.2526280879974365,8000,0.0,0.0
1994-07-18 00:00:00-04:00,2.252630943601782,2.3050177097320557,2.252630943601782,2.3050177097320557,27900,0.0,0.0
1994-07-19 00:00:00-04:00,2.2788243266669186,2.3050177097320557,2.2788243266669186,2.3050177097320557,6600,0.0,0.0
1994-07-20 00:00:00-04:00,2.3050177097320557,2.3050177097320557,2.2788243266669186,2.3050177097320557,8700,0.0,0.0
1994-07-21 00:00:00-04:00,2.278821437857872,2.278821437857872,2.2526280879974365,2.2526280879974365,10800,0.0,0.0
1994-07-22 00:00:00-04:00,2.2526280879974365,2.305014787718307,2.2526280879974365,2.2526280879974365,5100,0.0,0.0
1994-07-25 00:00:00-04:00,2.278821437857872,2.278821437857872,2.2526280879974365,2.2526280879974365,15600,0.0,0.0
1994-07-26 00:00:00-04:00,2.2526309462799423,2.2788243293762207,2.2526309462799423,2.2788243293762207,22600,0.0,0.0
1994-07-27 00:00:00-04:00,2.278821437857872,2.278821437857872,2.2526280879974365,2.2526280879974365,15000,0.0,0.0
1994-07-28 00:00:00-04:00,2.2788243266669186,2.3050177097320557,2.2788243266669186,2.3050177097320557,4500,0.0,0.0
1994-07-29 00:00:00-04:00,2.3050177097320557,2.3050177097320557,2.2788243266669186,2.3050177097320557,13800,0.0,0.0
1994-08-01 00:00:00-04:00,2.2788243293762207,2.305017712472499,2.2788243293762207,2.2788243293762207,12900,0.0,0.0
1994-08-02 00:00:00-04:00,2.3050177097320557,2.3050177097320557,2.2788243266669186,2.3050177097320557,19700,0.0,0.0
1994-08-03 00:00:00-04:00,2.2788243266669186,2.3050177097320557,2.2788243266669186,2.3050177097320557,5600,0.0,0.0
1994-08-04 00:00:00-04:00,2.3050177097320557,2.3050177097320557,2.2788243266669186,2.3050177097320557,13800,0.0,0.0
1994-08-05 00:00:00-04:00,2.305017712472499,2.305017712472499,2.2788243293762207,2.2788243293762207,17900,0.0,0.0
1994-08-08 00:00:00-04:00,2.2788243293762207,2.2788243293762207,2.2526309462799423,2.2788243293762207,16700,0.0,0.0
1994-08-09 00:00:00-04:00,2.290617984883925,2.290617984883925,2.23796010017395,2.23796010017395,14600,0.056,0.0
1994-08-10 00:00:00-04:00,2.237962318021198,2.264291286468506,2.237962318021198,2.264291286468506,34500,0.0,0.0
1994-08-11 00:00:00-04:00,2.264291286468506,2.264291286468506,2.237962318021198,2.264291286468506,14000,0.0,0.0
1994-08-12 00:00:00-04:00,2.23796010017395,2.264289042528938,2.23796010017395,2.23796010017395,15900,0.0,0.0
1994-08-15 00:00:00-04:00,2.23796010017395,2.264289042528938,2.23796010017395,2.23796010017395,7000,0.0,0.0
1994-08-16 00:00:00-04:00,2.237962318021198,2.2906202549158143,2.237962318021198,2.264291286468506,13600,0.0,0.0
1994-08-17 00:00:00-04:00,2.237962318021198,2.2906202549158143,2.237962318021198,2.264291286468506,7000,0.0,0.0
1994-08-18 00:00:00-04:00,2.2906202549158143,2.2906202549158143,2.237962318021198,2.264291286468506,5300,0.0,0.0
1994-08-19 00:00:00-04:00,2.237962318021198,2.264291286468506,2.237962318021198,2.264291286468506,6600,0.0,0.0
1994-08-22 00:00:00-04:00,2.23796010017395,2.23796010017395,2.2116311578189625,2.23796010017395,9100,0.0,0.0
1994-08-23 00:00:00-04:00,2.2116333495738894,2.264291286468506,2.2116333495738894,2.264291286468506,17600,0.0,0.0
1994-08-24 00:00:00-04:00,2.23796010017395,2.264289042528938,2.23796010017395,2.23796010017395,13000,0.0,0.0
1994-08-25 00:00:00-04:00,2.264289042528938,2.264289042528938,2.23796010017395,2.23796010017395,9700,0.0,0.0
1994-08-26 00:00:00-04:00,2.2642899436512214,2.290618896484375,2.2642899436512214,2.290618896484375,6900,0.0,0.0
1994-08-29 00:00:00-04:00,2.2642899436512214,2.290618896484375,2.2642899436512214,2.290618896484375,5800,0.0,0.0
1994-08-30 00:00:00-04:00,2.2906196903098714,2.316948652267456,2.2906196903098714,2.316948652267456,13000,0.0,0.0
1994-08-31 00:00:00-04:00,2.316948652267456,2.3432776142250407,2.2906196903098714,2.316948652267456,13600,0.0,0.0
1994-09-01 00:00:00-04:00,2.3432772159576416,2.3432772159576416,2.316948258474971,2.3432772159576416,17100,0.0,0.0
1994-09-02 00:00:00-04:00,2.3432776142250407,2.3432776142250407,2.2906196903098714,2.316948652267456,26600,0.0,0.0
1994-09-06 00:00:00-04:00,2.3432776142250407,2.3432776142250407,2.316948652267456,2.316948652267456,3200,0.0,0.0
1994-09-07 00:00:00-04:00,2.3432776142250407,2.3432776142250407,2.316948652267456,2.316948652267456,6000,0.0,0.0
1994-09-08 00:00:00-04:00,2.3432772159576416,2.3432772159576416,2.316948258474971,2.3432772159576416,8400,0.0,0.0
1994-09-09 00:00:00-04:00,2.355130910873413,2.355130910873413,2.3286687658074197,2.355130910873413,9400,0.056,0.0
1994-09-12 00:00:00-04:00,2.3551347063875747,2.3551347063875747,2.3022103309631348,2.3022103309631348,9000,0.0,0.0
1994-09-13 00:00:00-04:00,2.3286725186753547,2.3286725186753547,2.3022103309631348,2.3022103309631348,16300,0.0,0.0
1994-09-14 00:00:00-04:00,2.3286725186753547,2.3286725186753547,2.3022103309631348,2.3022103309631348,11300,0.0,0.0
1994-09-15 00:00:00-04:00,2.3022103309631348,2.3286725186753547,2.3022103309631348,2.3022103309631348,23100,0.0,0.0
1994-09-16 00:00:00-04:00,2.3022103309631348,2.3022103309631348,2.275748143250915,2.3022103309631348,8300,0.0,0.0
1994-09-19 00:00:00-04:00,2.3022069226611745,2.3286690711975098,2.3022069226611745,2.3286690711975098,2900,0.0,0.0
1994-09-20 00:00:00-04:00,2.3286690711975098,2.3286690711975098,2.3286690711975098,2.3286690711975098,10000,0.0,0.0
1994-09-21 00:00:00-04:00,2.3286725186753547,2.3286725186753547,2.3022103309631348,2.3022103309631348,9500,0.0,0.0
1994-09-22 00:00:00-04:00,2.2757468223571777,2.2757468223571777,2.2757468223571777,2.2757468223571777,12100,0.0,0.0
1994-09-23 00:00:00-04:00,2.275744987936581,2.3022071389590995,2.2492828369140625,2.2492828369140625,11200,0.0,0.0
1994-09-26 00:00:00-04:00,2.222820685891544,2.2492828369140625,2.222820685891544,2.2492828369140625,18300,0.0,0.0
1994-09-27 00:00:00-04:00,2.2492828369140625,2.275744987936581,2.2492828369140625,2.2492828369140625,20100,0.0,0.0
1994-09-28 00:00:00-04:00,2.3022089947101683,2.3022089947101683,2.2757468223571777,2.2757468223571777,10400,0.0,0.0
1994-09-29 00:00:00-04:00,2.3022089947101683,2.3022089947101683,2.2757468223571777,2.2757468223571777,2800,0.0,0.0
1994-09-30 00:00:00-04:00,2.3022089947101683,2.3022089947101683,2.2757468223571777,2.2757468223571777,4300,0.0,0.0
1994-10-03 00:00:00-04:00,2.275748143250915,2.3022103309631348,2.275748143250915,2.3022103309631348,16400,0.0,0.0
1994-10-04 00:00:00-04:00,2.3022071389590995,2.3022071389590995,2.2492828369140625,2.2492828369140625,37900,0.0,0.0
1994-10-05 00:00:00-04:00,2.2757468223571777,2.3022089947101683,2.249284650004187,2.2757468223571777,9400,0.0,0.0
1994-10-06 00:00:00-04:00,2.2757468223571777,2.2757468223571777,2.249284650004187,2.2757468223571777,18700,0.0,0.0
1994-10-07 00:00:00-04:00,2.2610632436616083,2.2610632436616083,2.2344624996185303,2.2344624996185303,4600,0.056,0.0
1994-10-10 00:00:00-04:00,2.2344604716581458,2.261061191558838,2.2344604716581458,2.261061191558838,11600,0.0,0.0
1994-10-11 00:00:00-04:00,2.2344624996185303,2.2610632436616083,2.2344624996185303,2.2344624996185303,29300,0.0,0.0
1994-10-12 00:00:00-04:00,2.2078617555754527,2.2610632436616083,2.2078617555754527,2.2344624996185303,12000,0.0,0.0
1994-10-13 00:00:00-04:00,2.2078597517574536,2.261061191558838,2.2078597517574536,2.261061191558838,18200,0.0,0.0
1994-10-14 00:00:00-04:00,2.2344604716581458,2.261061191558838,2.2344604716581458,2.261061191558838,2500,0.0,0.0
1994-10-17 00:00:00-04:00,2.2610632436616083,2.2610632436616083,2.2344624996185303,2.2344624996185303,12200,0.0,0.0
1994-10-18 00:00:00-04:00,2.234460957079049,2.234460957079049,2.207860231399536,2.207860231399536,11700,0.0,0.0
1994-10-19 00:00:00-04:00,2.2344624996185303,2.2344624996185303,2.2344624996185303,2.2344624996185303,10500,0.0,0.0
1994-10-20 00:00:00-04:00,2.261061682758561,2.261061682758561,2.207860231399536,2.207860231399536,36200,0.0,0.0
1994-10-21 00:00:00-04:00,2.2078620486143157,2.2344627961879824,2.1812613010406494,2.1812613010406494,21500,0.0,0.0
1994-10-24 00:00:00-04:00,2.1812613010406494,2.1812613010406494,2.1546605534669827,2.1812613010406494,4900,0.0,0.0
1994-10-25 00:00:00-04:00,2.154658794403076,2.154658794403076,2.128058068546248,2.154658794403076,33000,0.0,0.0
1994-10-26 00:00:00-04:00,2.1546587800405113,2.207860231399536,2.1546587800405113,2.207860231399536,16000,0.0,0.0
1994-10-27 00:00:00-04:00,2.2078617555754527,2.2344624996185303,2.1812610115323747,2.2344624996185303,19400,0.0,0.0
1994-10-28 00:00:00-04:00,2.2344604716581458,2.261061191558838,2.2078597517574536,2.261061191558838,9600,0.0,0.0
1994-10-31 00:00:00-05:00,2.234460957079049,2.261061682758561,2.207860231399536,2.207860231399536,22600,0.0,0.0
1994-11-01 00:00:00-05:00,2.2078620486143157,2.2344627961879824,2.1812613010406494,2.1812613010406494,8000,0.0,0.0
1994-11-02 00:00:00-05:00,2.2078620486143157,2.2078620486143157,2.1546605534669827,2.1812613010406494,7600,0.0,0.0
1994-11-03 00:00:00-05:00,2.1546587800405113,2.207860231399536,2.1546587800405113,2.207860231399536,20400,0.0,0.0
1994-11-04 00:00:00-05:00,2.2078620486143157,2.2078620486143157,2.1546605534669827,2.1812613010406494,10400,0.0,0.0
1994-11-07 00:00:00-05:00,2.1812597830084304,2.1812597830084304,2.1014575958251953,2.1014575958251953,38800,0.0,0.0
1994-11-08 00:00:00-05:00,2.113441123590841,2.113441123590841,2.059936285018921,2.059936285018921,30400,0.056,0.0
1994-11-09 00:00:00-05:00,2.0599396320489736,2.113444557556739,2.0331871692950907,2.0866920948028564,34100,0.0,0.0
1994-11-10 00:00:00-05:00,2.113441123590841,2.140193542876801,2.033183865732961,2.059936285018921,31100,0.0,0.0
1994-11-11 00:00:00-05:00,2.0331850051879883,2.0331850051879883,2.006432570909199,2.0331850051879883,20800,0.0,0.0
1994-11-14 00:00:00-05:00,2.0599374394667778,2.0599374394667778,2.0331850051879883,2.0331850051879883,40600,0.0,0.0
1994-11-15 00:00:00-05:00,2.059936285018921,2.059936285018921,2.0064314464470008,2.059936285018921,32600,0.0,0.0
1994-11-16 00:00:00-05:00,2.0599382466907743,2.11344313621521,2.0599382466907743,2.11344313621521,20100,0.0,0.0
1994-11-17 00:00:00-05:00,2.0866904854774475,2.140195369720459,2.0866904854774475,2.140195369720459,34400,0.0,0.0
1994-11-18 00:00:00-05:00,2.1401956346299915,2.166948080062866,2.1401956346299915,2.166948080062866,12400,0.0,0.0
1994-11-21 00:00:00-05:00,2.1669476352086883,2.2204525150903844,2.1401951952678404,2.193700075149536,28400,0.0,0.0
1994-11-22 00:00:00-05:00,2.1669476352086883,2.193700075149536,2.1669476352086883,2.193700075149536,18900,0.0,0.0
1994-11-23 00:00:00-05:00,2.1937001375924976,2.2472050189971924,2.1937001375924976,2.2472050189971924,20800,0.0,0.0
1994-11-25 00:00:00-05:00,2.27395745969954,2.27395745969954,2.2204525782948448,2.2472050189971924,4300,0.0,0.0
1994-11-28 00:00:00-05:00,2.2472050189971924,2.2472050189971924,2.1937001375924976,2.2472050189971924,28400,0.0,0.0
1994-11-29 00:00:00-05:00,2.2472049550312323,2.2472049550312323,2.193700075149536,2.193700075149536,31900,0.0,0.0
1994-11-30 00:00:00-05:00,2.193700075149536,2.2472049550312323,2.193700075149536,2.193700075149536,41000,0.0,0.0
1994-12-01 00:00:00-05:00,2.2472050189971924,2.2472050189971924,2.2204525782948448,2.2472050189971924,10400,0.0,0.0
1994-12-02 00:00:00-05:00,2.2739570140838623,2.3007094495436724,2.2739570140838623,2.2739570140838623,16800,0.0,0.0
1994-12-05 00:00:00-05:00,2.2739570140838623,2.2739570140838623,2.247204578624052,2.2739570140838623,15500,0.0,0.0
1994-12-06 00:00:00-05:00,2.27395745969954,2.27395745969954,2.2472050189971924,2.2472050189971924,8000,0.0,0.0
1994-12-07 00:00:00-05:00,2.247205138206482,2.247205138206482,2.140195369720459,2.140195369720459,26100,0.0,0.0
1994-12-08 00:00:00-05:00,2.113444557556739,2.113444557556739,2.0599396320489736,2.0866920948028564,89800,0.0,0.0
1994-12-09 00:00:00-05:00,2.0449304580688477,2.07183743778028,2.0180234783574154,2.0449304580688477,47000,0.056,0.0
1994-12-12 00:00:00-05:00,2.071835982004801,2.071835982004801,2.018022060394287,2.018022060394287,49700,0.0,0.0
1994-12-13 00:00:00-05:00,2.044929021199544,2.071835982004801,1.9911150995890299,2.018022060394287,58300,0.0,0.0
1994-12-14 00:00:00-05:00,2.0449287984278297,2.07183575630188,2.018021840553779,2.07183575630188,41700,0.0,0.0
1994-12-15 00:00:00-05:00,2.0987427141759305,2.0987427141759305,2.0449287984278297,2.07183575630188,19100,0.0,0.0
1994-12-16 00:00:00-05:00,2.0987443685531617,2.1525583267211914,2.0718373894691466,2.1525583267211914,51400,0.0,0.0
1994-12-19 00:00:00-05:00,2.125652313232422,2.1525593045391616,2.125652313232422,2.125652313232422,26700,0.0,0.0
1994-12-20 00:00:00-05:00,2.125652313232422,2.1525593045391616,2.125652313232422,2.125652313232422,9500,0.0,0.0
1994-12-21 00:00:00-05:00,2.152560307429387,2.152560307429387,2.0987462997436523,2.0987462997436523,24500,0.0,0.0
1994-12-22 00:00:00-05:00,2.1256533035865197,2.1256533035865197,2.071839295900785,2.0987462997436523,44700,0.0,0.0
1994-12-23 00:00:00-05:00,2.0987462997436523,2.0987462997436523,2.071839295900785,2.0987462997436523,21000,0.0,0.0
1994-12-27 00:00:00-05:00,2.1256533035865197,2.1256533035865197,2.0987462997436523,2.0987462997436523,31400,0.0,0.0
1994-12-28 00:00:00-05:00,2.071839295900785,2.1256533035865197,2.071839295900785,2.0987462997436523,33900,0.0,0.0
1994-12-29 00:00:00-05:00,2.1256533035865197,2.1256533035865197,2.0180252882150502,2.0987462997436523,20000,0.0,0.0
1994-12-30 00:00:00-05:00,2.07183575630188,2.0987427141759305,2.07183575630188,2.07183575630188,24700,0.0,0.0
1995-01-03 00:00:00-05:00,2.071839295900785,2.0987462997436523,2.071839295900785,2.0987462997436523,6600,0.0,0.0
1995-01-04 00:00:00-05:00,2.125652266137394,2.1794662475585938,2.125652266137394,2.1794662475585938,21400,0.0,0.0
1995-01-05 00:00:00-05:00,2.1794662475585938,2.1794662475585938,2.1525592568479937,2.1794662475585938,20300,0.0,0.0
1995-01-06 00:00:00-05:00,2.1525592568479937,2.1794662475585938,2.1525592568479937,2.1794662475585938,13700,0.0,0.0
1995-01-09 00:00:00-05:00,2.1915873885154724,2.1915873885154724,2.1645307540893555,2.1645307540893555,5100,0.056,0.0
1995-01-10 00:00:00-05:00,2.1645305774830006,2.191587209701538,2.1645305774830006,2.191587209701538,8400,0.0,0.0
1995-01-11 00:00:00-05:00,2.191587209701538,2.191587209701538,2.1645305774830006,2.191587209701538,13800,0.0,0.0
1995-01-12 00:00:00-05:00,2.1915873885154724,2.1915873885154724,2.1645307540893555,2.1645307540893555,10100,0.0,0.0
1995-01-13 00:00:00-05:00,2.191587209701538,2.2186438419200756,2.1645305774830006,2.191587209701538,10400,0.0,0.0
1995-01-16 00:00:00-05:00,2.2186438419200756,2.2186438419200756,2.191587209701538,2.191587209701538,8200,0.0,0.0
1995-01-17 00:00:00-05:00,2.2186440229415894,2.2186440229415894,2.1374741196632385,2.1645307540893555,54100,0.0,0.0
1995-01-18 00:00:00-05:00,2.1374741196632385,2.1645307540893555,2.1374741196632385,2.1645307540893555,24000,0.0,0.0
1995-01-19 00:00:00-05:00,2.13747501373291,2.164531659476365,2.13747501373291,2.13747501373291,14600,0.0,0.0
1995-01-20 00:00:00-05:00,2.1645307540893555,2.1645307540893555,2.1374741196632385,2.1645307540893555,8600,0.0,0.0
1995-01-23 00:00:00-05:00,2.1645307540893555,2.1645307540893555,2.1645307540893555,2.1645307540893555,10100,0.0,0.0
1995-01-24 00:00:00-05:00,2.1915873885154724,2.1915873885154724,2.1645307540893555,2.1645307540893555,15700,0.0,0.0
1995-01-25 00:00:00-05:00,2.1374741196632385,2.1645307540893555,2.1374741196632385,2.1645307540893555,15300,0.0,0.0
1995-01-26 00:00:00-05:00,2.1645305774830006,2.191587209701538,2.1645305774830006,2.191587209701538,14700,0.0,0.0
1995-01-27 00:00:00-05:00,2.1915873885154724,2.1915873885154724,2.1645307540893555,2.1645307540893555,15600,0.0,0.0
1995-01-30 00:00:00-05:00,2.1645307540893555,2.1915873885154724,2.1645307540893555,2.1645307540893555,12000,0.0,0.0
1995-01-31 00:00:00-05:00,2.164531659476365,2.164531659476365,2.13747501373291,2.13747501373291,23300,0.0,0.0
1995-02-01 00:00:00-05:00,2.164531659476365,2.191588305219819,2.13747501373291,2.13747501373291,8000,0.0,0.0
1995-02-02 00:00:00-05:00,2.1645307540893555,2.1645307540893555,2.1374741196632385,2.1645307540893555,16300,0.0,0.0
1995-02-03 00:00:00-05:00,2.137473945264463,2.2186438419200756,2.137473945264463,2.191587209701538,15300,0.0,0.0
1995-02-06 00:00:00-05:00,2.218642161006019,2.2727553844451904,2.218642161006019,2.2727553844451904,17600,0.0,0.0
1995-02-07 00:00:00-05:00,2.2998152222744253,2.3539285216220587,2.2998152222744253,2.326871871948242,20600,0.0,0.0
1995-02-08 00:00:00-05:00,2.3268683806233024,2.3539249897003174,2.3268683806233024,2.3539249897003174,22600,0.0,0.0
1995-02-09 00:00:00-05:00,2.311718225479126,2.311718225479126,2.311718225479126,2.311718225479126,7700,0.056,0.0
1995-02-10 00:00:00-05:00,2.311717715374259,2.338914394378662,2.2845210363698563,2.338914394378662,7400,0.0,0.0
1995-02-13 00:00:00-05:00,2.311716335160392,2.3389129979269847,2.284519672393799,2.284519672393799,13700,0.0,0.0
1995-02-14 00:00:00-05:00,2.311716335160392,2.311716335160392,2.284519672393799,2.284519672393799,15400,0.0,0.0
1995-02-15 00:00:00-05:00,2.257323009627206,2.311716335160392,2.257323009627206,2.284519672393799,7500,0.0,0.0
1995-02-16 00:00:00-05:00,2.3117168409278595,2.3117168409278595,2.2301268347774643,2.2573235034942627,17900,0.0,0.0
1995-02-17 00:00:00-05:00,2.2573235034942627,2.284520172211061,2.2301268347774643,2.2573235034942627,16100,0.0,0.0
1995-02-21 00:00:00-05:00,2.257323009627206,2.284519672393799,2.257323009627206,2.284519672393799,9500,0.0,0.0
1995-02-22 00:00:00-05:00,2.284519672393799,2.311716335160392,2.257323009627206,2.284519672393799,17300,0.0,0.0
1995-02-23 00:00:00-05:00,2.2845215404734893,2.311718225479126,2.2845215404734893,2.311718225479126,6300,0.0,0.0
1995-02-24 00:00:00-05:00,2.2845215404734893,2.311718225479126,2.2845215404734893,2.311718225479126,18800,0.0,0.0
1995-02-27 00:00:00-05:00,2.284519672393799,2.311716335160392,2.284519672393799,2.284519672393799,12800,0.0,0.0
1995-02-28 00:00:00-05:00,2.257324009406857,2.311717359031119,2.2301273345947266,2.2301273345947266,62300,0.0,0.0
1995-03-01 00:00:00-05:00,2.2573235034942627,2.284520172211061,2.2301268347774643,2.2573235034942627,14800,0.0,0.0
1995-03-02 00:00:00-05:00,2.284519672393799,2.284519672393799,2.257323009627206,2.284519672393799,21700,0.0,0.0
1995-03-03 00:00:00-05:00,2.284520172211061,2.284520172211061,2.2573235034942627,2.2573235034942627,4900,0.0,0.0
1995-03-06 00:00:00-05:00,2.284519672393799,2.284519672393799,2.284519672393799,2.284519672393799,5900,0.0,0.0
1995-03-07 00:00:00-05:00,2.257323009627206,2.284519672393799,2.257323009627206,2.284519672393799,13900,0.0,0.0
1995-03-08 00:00:00-05:00,2.2573248554678527,2.311718225479126,2.2573248554678527,2.311718225479126,12100,0.0,0.0
1995-03-09 00:00:00-05:00,2.241943238729454,2.2692840099334717,2.241943238729454,2.2692840099334717,20900,0.056,0.0
1995-03-10 00:00:00-05:00,2.269283408071937,2.2966241720246106,2.2419426441192627,2.2419426441192627,14100,0.0,0.0
1995-03-13 00:00:00-05:00,2.241943238729454,2.2692840099334717,2.241943238729454,2.2692840099334717,18100,0.0,0.0
1995-03-14 00:00:00-05:00,2.269283408071937,2.269283408071937,2.2419426441192627,2.2419426441192627,11800,0.0,0.0
1995-03-15 00:00:00-05:00,2.2692840099334717,2.2692840099334717,2.241943238729454,2.2692840099334717,5900,0.0,0.0
1995-03-16 00:00:00-05:00,2.2692840099334717,2.2966247811374894,2.241943238729454,2.2692840099334717,12800,0.0,0.0
1995-03-17 00:00:00-05:00,2.2966227531433105,2.2966227531433105,2.2692820060820806,2.2966227531433105,41900,0.0,0.0
1995-03-20 00:00:00-05:00,2.2966227531433105,2.2966227531433105,2.2692820060820806,2.2966227531433105,13300,0.0,0.0
1995-03-21 00:00:00-05:00,2.2966227531433105,2.2966227531433105,2.2692820060820806,2.2966227531433105,35100,0.0,0.0
1995-03-22 00:00:00-05:00,2.2966247811374894,2.2966247811374894,2.2692840099334717,2.2692840099334717,12200,0.0,0.0
1995-03-23 00:00:00-05:00,2.2966247811374894,2.2966247811374894,2.2692840099334717,2.2692840099334717,12100,0.0,0.0
1995-03-24 00:00:00-05:00,2.2966227531433105,2.3239635002045405,2.2966227531433105,2.2966227531433105,8100,0.0,0.0
1995-03-27 00:00:00-05:00,2.2966247811374894,2.323965552341507,2.2692840099334717,2.2692840099334717,6900,0.0,0.0
1995-03-28 00:00:00-05:00,2.2692840099334717,2.2966247811374894,2.2692840099334717,2.2692840099334717,24400,0.0,0.0
1995-03-29 00:00:00-05:00,2.2692820060820806,2.2966227531433105,2.2419412590208507,2.2966227531433105,28900,0.0,0.0
1995-03-30 00:00:00-05:00,2.2692840099334717,2.2692840099334717,2.241943238729454,2.2692840099334717,7600,0.0,0.0
1995-03-31 00:00:00-05:00,2.241943238729454,2.2692840099334717,2.241943238729454,2.2692840099334717,28400,0.0,0.0
1995-04-03 00:00:00-04:00,2.2692840099334717,2.2966247811374894,2.241943238729454,2.2692840099334717,11000,0.0,0.0
1995-04-04 00:00:00-04:00,2.2692840099334717,2.2966247811374894,2.241943238729454,2.2692840099334717,20900,0.0,0.0
1995-04-05 00:00:00-04:00,2.2692840099334717,2.2966247811374894,2.241943238729454,2.2692840099334717,26900,0.0,0.0
1995-04-06 00:00:00-04:00,2.2419426441192627,2.269283408071937,2.2419426441192627,2.2419426441192627,20400,0.0,0.0
1995-04-07 00:00:00-04:00,2.2817489659344705,2.2817489659344705,2.226767063140869,2.226767063140869,31600,0.056,0.0
1995-04-10 00:00:00-04:00,2.226767063140869,2.2817489659344705,2.226767063140869,2.226767063140869,18700,0.0,0.0
1995-04-11 00:00:00-04:00,2.226768615769177,2.28175055689928,2.226768615769177,2.2542595863342285,52000,0.0,0.0
1995-04-12 00:00:00-04:00,2.2817513942718506,2.2817513942718506,2.2542604136179727,2.2817513942718506,26900,0.0,0.0
1995-04-13 00:00:00-04:00,2.2542604136179727,2.2817513942718506,2.2542604136179727,2.2817513942718506,13600,0.0,0.0
1995-04-17 00:00:00-04:00,2.2817486780030385,2.309239625930786,2.2817486780030385,2.309239625930786,27500,0.0,0.0
1995-04-18 00:00:00-04:00,2.3092423749257285,2.3092423749257285,2.2817513942718506,2.2817513942718506,27200,0.0,0.0
1995-04-19 00:00:00-04:00,2.3092423749257285,2.3092423749257285,2.2817513942718506,2.2817513942718506,21400,0.0,0.0
1995-04-20 00:00:00-04:00,2.309239625930786,2.309239625930786,2.309239625930786,2.309239625930786,39900,0.0,0.0
1995-04-21 00:00:00-04:00,2.33673357963562,2.33673357963562,2.3092425963457894,2.33673357963562,13400,0.0,0.0
1995-04-24 00:00:00-04:00,2.33673357963562,2.33673357963562,2.3092425963457894,2.33673357963562,7900,0.0,0.0
1995-04-25 00:00:00-04:00,2.3092425963457894,2.33673357963562,2.3092425963457894,2.33673357963562,17800,0.0,0.0
1995-04-26 00:00:00-04:00,2.309239625930786,2.3367305738585333,2.309239625930786,2.309239625930786,4800,0.0,0.0
1995-04-27 00:00:00-04:00,2.309239625930786,2.3367305738585333,2.309239625930786,2.309239625930786,6200,0.0,0.0
1995-04-28 00:00:00-04:00,2.309239625930786,2.3367305738585333,2.309239625930786,2.309239625930786,8000,0.0,0.0
1995-05-01 00:00:00-04:00,2.309242936067803,2.364224910736084,2.309242936067803,2.364224910736084,39200,0.0,0.0
1995-05-02 00:00:00-04:00,2.391714334487915,2.391714334487915,2.364223365125985,2.391714334487915,16400,0.0,0.0
1995-05-03 00:00:00-04:00,2.364223365125985,2.391714334487915,2.364223365125985,2.391714334487915,32800,0.0,0.0
1995-05-04 00:00:00-04:00,2.391714334487915,2.391714334487915,2.364223365125985,2.391714334487915,26300,0.0,0.0
1995-05-05 00:00:00-04:00,2.364223365125985,2.391714334487915,2.364223365125985,2.391714334487915,16700,0.0,0.0
1995-05-08 00:00:00-04:00,2.3917158980702244,2.3917158980702244,2.364224910736084,2.364224910736084,13400,0.0,0.0
1995-05-09 00:00:00-04:00,2.3766040802001953,2.3766040802001953,2.3489691490350766,2.3766040802001953,7900,0.056,0.0
1995-05-10 00:00:00-04:00,2.348970413208008,2.3766053592457492,2.348970413208008,2.348970413208008,9500,0.0,0.0
1995-05-11 00:00:00-04:00,2.348970413208008,2.3766053592457492,2.348970413208008,2.348970413208008,51700,0.0,0.0
1995-05-12 00:00:00-04:00,2.3766040802001953,2.3766040802001953,2.3489691490350766,2.3766040802001953,10800,0.0,0.0
1995-05-15 00:00:00-04:00,2.3766053592457492,2.3766053592457492,2.348970413208008,2.348970413208008,15900,0.0,0.0
1995-05-16 00:00:00-04:00,2.3489678473699658,2.3766027632213773,2.3213329315185547,2.3213329315185547,32500,0.0,0.0
1995-05-17 00:00:00-04:00,2.348968882158578,2.348968882158578,2.293699026107788,2.293699026107788,18200,0.0,0.0
1995-05-18 00:00:00-04:00,2.293699026107788,2.321333954133183,2.293699026107788,2.293699026107788,17600,0.0,0.0
1995-05-19 00:00:00-04:00,2.293699026107788,2.321333954133183,2.266064098082393,2.293699026107788,15300,0.0,0.0
1995-05-22 00:00:00-04:00,2.2936993372149583,2.2936993372149583,2.266064405441284,2.266064405441284,16900,0.0,0.0
1995-05-23 00:00:00-04:00,2.293697457254669,2.293697457254669,2.2384276390075684,2.2384276390075684,19000,0.0,0.0
1995-05-24 00:00:00-04:00,2.2384276390075684,2.293697457254669,2.2384276390075684,2.2384276390075684,24100,0.0,0.0
1995-05-25 00:00:00-04:00,2.23842947366761,2.266064405441284,2.23842947366761,2.266064405441284,9700,0.0,0.0
1995-05-26 00:00:00-04:00,2.266064405441284,2.2936993372149583,2.266064405441284,2.266064405441284,9200,0.0,0.0
1995-05-30 00:00:00-04:00,2.266064098082393,2.293699026107788,2.266064098082393,2.293699026107788,10200,0.0,0.0
1995-05-31 00:00:00-04:00,2.293699026107788,2.321333954133183,2.266064098082393,2.293699026107788,48100,0.0,0.0
1995-06-01 00:00:00-04:00,2.266063099815732,2.3213329315185547,2.266063099815732,2.3213329315185547,18000,0.0,0.0
1995-06-02 00:00:00-04:00,2.348970413208008,2.3766053592457492,2.3213354671702664,2.348970413208008,14700,0.0,0.0
1995-06-05 00:00:00-04:00,2.3766053592457492,2.3766053592457492,2.348970413208008,2.348970413208008,6800,0.0,0.0
1995-06-06 00:00:00-04:00,2.3489691490350766,2.4042390113653136,2.3489691490350766,2.3766040802001953,19500,0.0,0.0
1995-06-07 00:00:00-04:00,2.376604008948666,2.4042389392852783,2.376604008948666,2.4042389392852783,16300,0.0,0.0
1995-06-08 00:00:00-04:00,2.3766040802001953,2.4042390113653136,2.3766040802001953,2.3766040802001953,25900,0.0,0.0
1995-06-09 00:00:00-04:00,2.40424030528349,2.40424030528349,2.348970413208008,2.348970413208008,21700,0.0,0.0
1995-06-12 00:00:00-04:00,2.4042390113653136,2.4042390113653136,2.3489691490350766,2.3766040802001953,6900,0.0,0.0
1995-06-13 00:00:00-04:00,2.389050079794491,2.389050079794491,2.3612704277038574,2.3612704277038574,7200,0.056,0.0
1995-06-14 00:00:00-04:00,2.389050079794491,2.389050079794491,2.3334907756132237,2.3612704277038574,9700,0.0,0.0
1995-06-15 00:00:00-04:00,2.333488702774048,2.361268330188025,2.333488702774048,2.333488702774048,19400,0.0,0.0
1995-06-16 00:00:00-04:00,2.3612704277038574,2.389050079794491,2.3334907756132237,2.3612704277038574,19300,0.0,0.0
1995-06-19 00:00:00-04:00,2.3612705912700918,2.389050245285034,2.3334909372551493,2.389050245285034,13800,0.0,0.0
1995-06-20 00:00:00-04:00,2.3612704277038574,2.389050079794491,2.3612704277038574,2.3612704277038574,16400,0.0,0.0
1995-06-21 00:00:00-04:00,2.3612704277038574,2.3612704277038574,2.3334907756132237,2.3612704277038574,15100,0.0,0.0
1995-06-22 00:00:00-04:00,2.333488702774048,2.3890479576020014,2.333488702774048,2.333488702774048,10800,0.0,0.0
1995-06-23 00:00:00-04:00,2.333488751606769,2.333488751606769,2.30570912361145,2.30570912361145,23600,0.0,0.0
1995-06-26 00:00:00-04:00,2.3057089083122486,2.3057089083122486,2.277929282910896,2.2918190956115723,15600,0.0,0.0
1995-06-27 00:00:00-04:00,2.277928113937378,2.3057077250829554,2.277928113937378,2.277928113937378,28200,0.0,0.0
1995-06-28 00:00:00-04:00,2.2779308012974115,2.3057104452156727,2.2223715134608892,2.2501511573791504,26100,0.0,0.0
1995-06-29 00:00:00-04:00,2.2501511573791504,2.2501511573791504,2.194591869542628,2.2501511573791504,29500,0.0,0.0
1995-06-30 00:00:00-04:00,2.2223715134608892,2.2501511573791504,2.194591869542628,2.2501511573791504,33600,0.0,0.0
1995-07-03 00:00:00-04:00,2.250150981545448,2.250150981545448,2.2223713397979736,2.2223713397979736,9000,0.0,0.0
1995-07-05 00:00:00-04:00,2.2501511573791504,2.3057104452156727,2.2223715134608892,2.2501511573791504,35900,0.0,0.0
1995-07-06 00:00:00-04:00,2.250149867620813,2.333488751606769,2.250149867620813,2.30570912361145,49500,0.0,0.0
1995-07-07 00:00:00-04:00,2.2779294479460943,2.333488702774048,2.2779294479460943,2.333488702774048,8900,0.0,0.0
1995-07-10 00:00:00-04:00,2.333488702774048,2.333488702774048,2.3057090753600713,2.333488702774048,11300,0.0,0.0
1995-07-11 00:00:00-04:00,2.30570912361145,2.333488751606769,2.30570912361145,2.30570912361145,25900,0.0,0.0
1995-07-12 00:00:00-04:00,2.317548632621765,2.345470905303955,2.289626359939575,2.289626359939575,19200,0.053,0.0
1995-07-13 00:00:00-04:00,2.317548632621765,2.317548632621765,2.289626359939575,2.289626359939575,14900,0.0,0.0
1995-07-14 00:00:00-04:00,2.289626359939575,2.289626359939575,2.2617040872573853,2.289626359939575,9300,0.0,0.0
1995-07-17 00:00:00-04:00,2.289626239258566,2.289626239258566,2.2617039680480957,2.2617039680480957,4700,0.0,0.0
1995-07-18 00:00:00-04:00,2.2617039680480957,2.289626239258566,2.2337816968376254,2.2617039680480957,16200,0.0,0.0
1995-07-19 00:00:00-04:00,2.2337816968376254,2.2617039680480957,2.2337816968376254,2.2617039680480957,15300,0.0,0.0
1995-07-20 00:00:00-04:00,2.2617039680480957,2.2617039680480957,2.2337816968376254,2.2617039680480957,2700,0.0,0.0
1995-07-21 00:00:00-04:00,2.2617039680480957,2.289626239258566,2.2617039680480957,2.2617039680480957,24600,0.0,0.0
1995-07-24 00:00:00-04:00,2.2617039680480957,2.289626239258566,2.2337816968376254,2.2617039680480957,13400,0.0,0.0
1995-07-25 00:00:00-04:00,2.2617040872573853,2.289626359939575,2.2617040872573853,2.289626359939575,18300,0.0,0.0
1995-07-26 00:00:00-04:00,2.289626359939575,2.317548632621765,2.2617040872573853,2.289626359939575,11500,0.0,0.0
1995-07-27 00:00:00-04:00,2.289626359939575,2.317548632621765,2.289626359939575,2.289626359939575,6800,0.0,0.0
1995-07-28 00:00:00-04:00,2.289625535528344,2.3175477981567383,2.289625535528344,2.3175477981567383,9200,0.0,0.0
1995-07-31 00:00:00-04:00,2.317548632621765,2.317548632621765,2.289626359939575,2.289626359939575,3400,0.0,0.0
1995-08-01 00:00:00-04:00,2.317548632621765,2.317548632621765,2.289626359939575,2.289626359939575,9900,0.0,0.0
1995-08-02 00:00:00-04:00,2.3175477981567383,2.3175477981567383,2.289625535528344,2.3175477981567383,11000,0.0,0.0
1995-08-03 00:00:00-04:00,2.289626239258566,2.289626239258566,2.2617039680480957,2.2617039680480957,6700,0.0,0.0
1995-08-04 00:00:00-04:00,2.2617065012454987,2.289628803730011,2.2337841987609863,2.2337841987609863,19600,0.0,0.0
1995-08-07 00:00:00-04:00,2.2617065012454987,2.2617065012454987,2.2337841987609863,2.2337841987609863,17000,0.0,0.0
1995-08-08 00:00:00-04:00,2.2617039680480957,2.289626239258566,2.2337816968376254,2.2617039680480957,14500,0.0,0.0
1995-08-09 00:00:00-04:00,2.289626239258566,2.289626239258566,2.2617039680480957,2.2617039680480957,23200,0.0,0.0
1995-08-10 00:00:00-04:00,2.289626359939575,2.289626359939575,2.2617040872573853,2.289626359939575,11500,0.0,0.0
1995-08-11 00:00:00-04:00,2.273458957672119,2.273458957672119,2.2453915631329573,2.273458957672119,17800,0.053,0.0
1995-08-14 00:00:00-04:00,2.273458957672119,2.273458957672119,2.2453915631329573,2.273458957672119,26600,0.0,0.0
1995-08-15 00:00:00-04:00,2.2453949451446533,2.2734623819589617,2.2453949451446533,2.2453949451446533,8100,0.0,0.0
1995-08-16 00:00:00-04:00,2.2453915631329573,2.273458957672119,2.2453915631329573,2.273458957672119,24900,0.0,0.0
1995-08-17 00:00:00-04:00,2.2734623819589617,2.2734623819589617,2.2453949451446533,2.2453949451446533,7900,0.0,0.0
1995-08-18 00:00:00-04:00,2.273458957672119,2.301526352211281,2.2453915631329573,2.273458957672119,8800,0.0,0.0
1995-08-21 00:00:00-04:00,2.273458957672119,2.273458957672119,2.2453915631329573,2.273458957672119,28300,0.0,0.0
1995-08-22 00:00:00-04:00,2.2734623819589617,2.2734623819589617,2.2453949451446533,2.2453949451446533,27500,0.0,0.0
1995-08-23 00:00:00-04:00,2.2734623819589617,2.2734623819589617,2.2453949451446533,2.2453949451446533,11500,0.0,0.0
1995-08-24 00:00:00-04:00,2.2453949451446533,2.2734623819589617,2.2173275083303454,2.2453949451446533,27300,0.0,0.0
1995-08-25 00:00:00-04:00,2.2453915631329573,2.273458957672119,2.2453915631329573,2.273458957672119,4700,0.0,0.0
1995-08-28 00:00:00-04:00,2.2734585593018353,2.2734585593018353,2.2173237800598145,2.2173237800598145,36600,0.0,0.0
1995-08-29 00:00:00-04:00,2.2173237800598145,2.2173237800598145,2.1892563904388043,2.2173237800598145,49100,0.0,0.0
1995-08-30 00:00:00-04:00,2.1892584020441226,2.217325817454945,2.161190986633301,2.161190986633301,22800,0.0,0.0
1995-08-31 00:00:00-04:00,2.161190986633301,2.1892584020441226,2.161190986633301,2.161190986633301,29200,0.0,0.0
1995-09-01 00:00:00-04:00,2.1611906870817528,2.217325510122837,2.1611906870817528,2.189258098602295,15700,0.0,0.0
1995-09-05 00:00:00-04:00,2.2173237800598145,2.2173237800598145,2.1892563904388043,2.2173237800598145,33900,0.0,0.0
1995-09-06 00:00:00-04:00,2.1892563904388043,2.2173237800598145,2.161189000817794,2.2173237800598145,57600,0.0,0.0
1995-09-07 00:00:00-04:00,2.217325510122837,2.217325510122837,2.1611906870817528,2.189258098602295,22200,0.0,0.0
1995-09-08 00:00:00-04:00,2.2173237800598145,2.2173237800598145,2.1892563904388043,2.2173237800598145,31300,0.0,0.0
1995-09-11 00:00:00-04:00,2.2173237800598145,2.2173237800598145,2.1892563904388043,2.2173237800598145,10500,0.0,0.0
1995-09-12 00:00:00-04:00,2.2173237800598145,2.2173237800598145,2.1892563904388043,2.2173237800598145,8400,0.0,0.0
1995-09-13 00:00:00-04:00,2.201070547103882,2.22928940027188,2.201070547103882,2.201070547103882,15900,0.053,0.0
1995-09-14 00:00:00-04:00,2.201070547103882,2.22928940027188,2.201070547103882,2.201070547103882,29300,0.0,0.0
1995-09-15 00:00:00-04:00,2.201070547103882,2.22928940027188,2.1728516939358835,2.201070547103882,31100,0.0,0.0
1995-09-18 00:00:00-04:00,2.1728516939358835,2.201070547103882,2.1446328407678847,2.201070547103882,26700,0.0,0.0
1995-09-19 00:00:00-04:00,2.1728514276052775,2.1728514276052775,2.116413728186959,2.144632577896118,61100,0.0,0.0
1995-09-20 00:00:00-04:00,2.1164140701293945,2.1446329243977864,2.0881952158610027,2.1164140701293945,65300,0.0,0.0
1995-09-21 00:00:00-04:00,2.116415761921504,2.144634638747124,2.0599780082702637,2.0599780082702637,56600,0.0,0.0
1995-09-22 00:00:00-04:00,2.088195323944092,2.116414179673066,2.0599764682151176,2.088195323944092,78900,0.0,0.0
1995-09-25 00:00:00-04:00,2.1164140701293945,2.1164140701293945,2.0881952158610027,2.1164140701293945,31200,0.0,0.0
1995-09-26 00:00:00-04:00,2.1164140701293945,2.1446329243977864,2.0881952158610027,2.1164140701293945,28100,0.0,0.0
1995-09-27 00:00:00-04:00,2.1164140701293945,2.1164140701293945,2.0881952158610027,2.1164140701293945,46300,0.0,0.0
1995-09-28 00:00:00-04:00,2.0881952158610027,2.1446329243977864,2.0881952158610027,2.1164140701293945,19300,0.0,0.0
1995-09-29 00:00:00-04:00,2.0881952158610027,2.1164140701293945,2.0881952158610027,2.1164140701293945,24300,0.0,0.0
1995-10-02 00:00:00-04:00,2.116413728186959,2.1728514276052775,2.116413728186959,2.144632577896118,65600,0.0,0.0
1995-10-03 00:00:00-04:00,2.1728516939358835,2.22928940027188,2.1728516939358835,2.201070547103882,84000,0.0,0.0
1995-10-04 00:00:00-04:00,2.172851800918579,2.2010706554759634,2.172851800918579,2.172851800918579,20400,0.0,0.0
1995-10-05 00:00:00-04:00,2.201070547103882,2.201070547103882,2.1728516939358835,2.201070547103882,29700,0.0,0.0
1995-10-06 00:00:00-04:00,2.201070547103882,2.22928940027188,2.1728516939358835,2.201070547103882,39000,0.0,0.0
1995-10-09 00:00:00-04:00,2.22928940027188,2.22928940027188,2.1728516939358835,2.201070547103882,45000,0.0,0.0
1995-10-10 00:00:00-04:00,2.172851800918579,2.2010706554759634,2.172851800918579,2.172851800918579,61500,0.0,0.0
1995-10-11 00:00:00-04:00,2.184882879257202,2.213257981585218,2.1565077769291867,2.184882879257202,37100,0.053,0.0
1995-10-12 00:00:00-04:00,2.213257981585218,2.213257981585218,2.184882879257202,2.184882879257202,20400,0.0,0.0
1995-10-13 00:00:00-04:00,2.213259721104103,2.2416348457336426,2.184884596474563,2.2416348457336426,56200,0.0,0.0
1995-10-16 00:00:00-04:00,2.213259721104103,2.2416348457336426,2.213259721104103,2.2416348457336426,25100,0.0,0.0
1995-10-17 00:00:00-04:00,2.2416348457336426,2.2416348457336426,2.213259721104103,2.2416348457336426,13500,0.0,0.0
1995-10-18 00:00:00-04:00,2.241635787181365,2.241635787181365,2.2132606506347656,2.2132606506347656,20000,0.0,0.0
1995-10-19 00:00:00-04:00,2.2132606506347656,2.241635787181365,2.2132606506347656,2.2132606506347656,19100,0.0,0.0
1995-10-20 00:00:00-04:00,2.241635787181365,2.241635787181365,2.1848855140881662,2.2132606506347656,26400,0.0,0.0
1995-10-23 00:00:00-04:00,2.184882879257202,2.213257981585218,2.184882879257202,2.184882879257202,19800,0.0,0.0
1995-10-24 00:00:00-04:00,2.2132606506347656,2.2132606506347656,2.1848855140881662,2.2132606506347656,31000,0.0,0.0
1995-10-25 00:00:00-04:00,2.184882879257202,2.213257981585218,2.184882879257202,2.184882879257202,26800,0.0,0.0
1995-10-26 00:00:00-04:00,2.1848855140881662,2.2132606506347656,2.1848855140881662,2.2132606506347656,37700,0.0,0.0
1995-10-27 00:00:00-04:00,2.2132606506347656,2.2132606506347656,2.1848855140881662,2.2132606506347656,9700,0.0,0.0
1995-10-30 00:00:00-05:00,2.184882879257202,2.213257981585218,2.184882879257202,2.184882879257202,22900,0.0,0.0
1995-10-31 00:00:00-05:00,2.184882879257202,2.213257981585218,2.184882879257202,2.184882879257202,31100,0.0,0.0
1995-11-01 00:00:00-05:00,2.184882879257202,2.213257981585218,2.184882879257202,2.184882879257202,24200,0.0,0.0
1995-11-02 00:00:00-05:00,2.2132606506347656,2.2132606506347656,2.1848855140881662,2.2132606506347656,47400,0.0,0.0
1995-11-03 00:00:00-05:00,2.1848855140881662,2.241635787181365,2.1848855140881662,2.2132606506347656,21900,0.0,0.0
1995-11-06 00:00:00-05:00,2.2416353404521945,2.270010471343994,2.2416353404521945,2.270010471343994,41800,0.0,0.0
1995-11-07 00:00:00-05:00,2.270009970363182,2.270009970363182,2.2416348457336426,2.2416348457336426,18500,0.0,0.0
1995-11-08 00:00:00-05:00,2.2416353404521945,2.270010471343994,2.2132602095603944,2.270010471343994,28000,0.0,0.0
1995-11-09 00:00:00-05:00,2.2416353404521945,2.2983856022357942,2.2416353404521945,2.270010471343994,27200,0.0,0.0
1995-11-10 00:00:00-05:00,2.2983856022357942,2.2983856022357942,2.270010471343994,2.270010471343994,24900,0.0,0.0
1995-11-13 00:00:00-05:00,2.2535779505968097,2.282104253768921,2.2535779505968097,2.282104253768921,21200,0.053,0.0
1995-11-14 00:00:00-05:00,2.282104253768921,2.282104253768921,2.2535779505968097,2.282104253768921,34800,0.0,0.0
1995-11-15 00:00:00-05:00,2.2535774752778828,2.282103772433299,2.2535774752778828,2.267840623855591,27800,0.0,0.0
1995-11-16 00:00:00-05:00,2.2535779505968097,2.282104253768921,2.2535779505968097,2.282104253768921,31500,0.0,0.0
1995-11-17 00:00:00-05:00,2.25357985496521,2.2821061822432505,2.25357985496521,2.25357985496521,51100,0.0,0.0
1995-11-20 00:00:00-05:00,2.2821061822432505,2.2821061822432505,2.2250535276871695,2.25357985496521,31600,0.0,0.0
1995-11-21 00:00:00-05:00,2.2821061822432505,2.2821061822432505,2.25357985496521,2.25357985496521,13500,0.0,0.0
1995-11-22 00:00:00-05:00,2.2535779505968097,2.282104253768921,2.2535779505968097,2.282104253768921,32100,0.0,0.0
1995-11-24 00:00:00-05:00,2.2821061822432505,2.2821061822432505,2.25357985496521,2.25357985496521,14900,0.0,0.0
1995-11-27 00:00:00-05:00,2.2535779505968097,2.282104253768921,2.2535779505968097,2.282104253768921,31800,0.0,0.0
1995-11-28 00:00:00-05:00,2.2535779505968097,2.282104253768921,2.2535779505968097,2.282104253768921,17500,0.0,0.0
1995-11-29 00:00:00-05:00,2.2535770233766534,2.3106296062469482,2.2535770233766534,2.3106296062469482,45500,0.0,0.0
1995-11-30 00:00:00-05:00,2.282104253768921,2.3106305569410326,2.282104253768921,2.282104253768921,42600,0.0,0.0
1995-12-01 00:00:00-05:00,2.2821030705611896,2.3106293589432045,2.2821030705611896,2.2963662147521973,60200,0.0,0.0
1995-12-04 00:00:00-05:00,2.3106296062469482,2.3391558976820956,2.282103314811801,2.3106296062469482,46900,0.0,0.0
1995-12-05 00:00:00-05:00,2.3391551971435547,2.3676814800355492,2.31062891425156,2.3391551971435547,81200,0.0,0.0
1995-12-06 00:00:00-05:00,2.367682456970215,2.367682456970215,2.3106298676456314,2.367682456970215,25600,0.0,0.0
1995-12-07 00:00:00-05:00,2.339156162307923,2.367682456970215,2.339156162307923,2.367682456970215,13000,0.0,0.0
1995-12-08 00:00:00-05:00,2.367682456970215,2.367682456970215,2.339156162307923,2.367682456970215,18700,0.0,0.0
1995-12-11 00:00:00-05:00,2.3676834106445312,2.396209716796875,2.3391571044921875,2.396209716796875,30900,0.0,0.0
1995-12-12 00:00:00-05:00,2.3962080675012927,2.424734354019165,2.36768178098342,2.424734354019165,50100,0.0,0.0
1995-12-13 00:00:00-05:00,2.379552886599586,2.408222198486328,2.379552886599586,2.408222198486328,29000,0.053,0.0
1995-12-14 00:00:00-05:00,2.379552698135376,2.4368913173675537,2.379552698135376,2.4368913173675537,30000,0.0,0.0
1995-12-15 00:00:00-05:00,2.4368913173675537,2.4655606269836428,2.408222007751465,2.4368913173675537,45100,0.0,0.0
1995-12-18 00:00:00-05:00,2.408222198486328,2.43689151037307,2.408222198486328,2.408222198486328,45600,0.0,0.0
1995-12-19 00:00:00-05:00,2.408222198486328,2.43689151037307,2.408222198486328,2.408222198486328,15700,0.0,0.0
1995-12-20 00:00:00-05:00,2.408222198486328,2.408222198486328,2.408222198486328,2.408222198486328,30600,0.0,0.0
1995-12-21 00:00:00-05:00,2.379551887512207,2.4082211873617516,2.379551887512207,2.379551887512207,15800,0.0,0.0
1995-12-22 00:00:00-05:00,2.379551887512207,2.4082211873617516,2.379551887512207,2.379551887512207,18900,0.0,0.0
1995-12-26 00:00:00-05:00,2.379552886599586,2.408222198486328,2.379552886599586,2.408222198486328,7800,0.0,0.0
1995-12-27 00:00:00-05:00,2.408222198486328,2.408222198486328,2.379552886599586,2.408222198486328,16400,0.0,0.0
1995-12-28 00:00:00-05:00,2.43689151037307,2.43689151037307,2.408222198486328,2.408222198486328,25900,0.0,0.0
1995-12-29 00:00:00-05:00,2.408222198486328,2.43689151037307,2.408222198486328,2.408222198486328,23800,0.0,0.0
1996-01-02 00:00:00-05:00,2.4082211873617516,2.436890487211296,2.379551887512207,2.379551887512207,25400,0.0,0.0
1996-01-03 00:00:00-05:00,2.4082211873617516,2.4082211873617516,2.379551887512207,2.379551887512207,31700,0.0,0.0
1996-01-04 00:00:00-05:00,2.3852993959472295,2.4140379428863525,2.3852993959472295,2.4140379428863525,14200,0.025,0.0
1996-01-05 00:00:00-05:00,2.3852992523007277,2.4140377975091702,2.356560707092285,2.356560707092285,17700,0.0,0.0
1996-01-08 00:00:00-05:00,2.3565604255860113,2.38529896736145,2.3565604255860113,2.38529896736145,25700,0.0,0.0
1996-01-09 00:00:00-05:00,2.356560707092285,2.3852992523007277,2.356560707092285,2.356560707092285,54600,0.0,0.0
1996-01-10 00:00:00-05:00,2.3565622023594233,2.3565622023594233,2.3278236389160156,2.3278236389160156,48800,0.0,0.0
1996-01-11 00:00:00-05:00,2.356560707092285,2.356560707092285,2.3278221618838426,2.356560707092285,20000,0.0,0.0
1996-01-12 00:00:00-05:00,2.3565622023594233,2.3565622023594233,2.3278236389160156,2.3278236389160156,22400,0.0,0.0
1996-01-15 00:00:00-05:00,2.356562024354935,2.356562024354935,2.2990849018096924,2.2990849018096924,38800,0.0,0.0
1996-01-16 00:00:00-05:00,2.3278236389160156,2.3565622023594233,2.299085075472608,2.3278236389160156,63600,0.0,0.0
1996-01-17 00:00:00-05:00,2.307288646697998,2.336129754781723,2.307288646697998,2.307288646697998,24400,0.036,0.0
1996-01-18 00:00:00-05:00,2.336129754781723,2.336129754781723,2.307288646697998,2.307288646697998,44400,0.0,0.0
1996-01-19 00:00:00-05:00,2.3072880874445407,2.3361291885375977,2.2784469863514842,2.3361291885375977,39200,0.0,0.0
1996-01-22 00:00:00-05:00,2.336129754781723,2.336129754781723,2.307288646697998,2.307288646697998,22200,0.0,0.0
1996-01-23 00:00:00-05:00,2.336129754781723,2.336129754781723,2.307288646697998,2.307288646697998,16800,0.0,0.0
1996-01-24 00:00:00-05:00,2.3072880874445407,2.3361291885375977,2.2784469863514842,2.3361291885375977,55200,0.0,0.0
1996-01-25 00:00:00-05:00,2.336129754781723,2.336129754781723,2.307288646697998,2.307288646697998,24800,0.0,0.0
1996-01-26 00:00:00-05:00,2.3361291885375977,2.3361291885375977,2.3072880874445407,2.3361291885375977,28800,0.0,0.0
1996-01-29 00:00:00-05:00,2.3072875418314123,2.3649697303771973,2.3072875418314123,2.3649697303771973,72300,0.0,0.0
1996-01-30 00:00:00-05:00,2.3361286361043048,2.3649697303771973,2.3361286361043048,2.3649697303771973,55700,0.0,0.0
1996-01-31 00:00:00-05:00,2.3361286361043048,2.3649697303771973,2.3361286361043048,2.3649697303771973,23300,0.0,0.0
1996-02-01 00:00:00-05:00,2.3361286361043048,2.39381082465009,2.3361286361043048,2.3649697303771973,70100,0.0,0.0
1996-02-02 00:00:00-05:00,2.393810510635376,2.422651601124959,2.393810510635376,2.393810510635376,80900,0.0,0.0
1996-02-05 00:00:00-05:00,2.3938111464182534,2.422652244567871,2.3938111464182534,2.422652244567871,14400,0.0,0.0
1996-02-06 00:00:00-05:00,2.422652244567871,2.4514933427174883,2.422652244567871,2.422652244567871,33100,0.0,0.0
1996-02-07 00:00:00-05:00,2.3938111464182534,2.4514933427174883,2.3938111464182534,2.422652244567871,51600,0.0,0.0
1996-02-08 00:00:00-05:00,2.422652244567871,2.422652244567871,2.3938111464182534,2.422652244567871,35500,0.0,0.0
1996-02-09 00:00:00-05:00,2.422652244567871,2.422652244567871,2.3938111464182534,2.422652244567871,13200,0.0,0.0
1996-02-12 00:00:00-05:00,2.422652244567871,2.4514933427174883,2.3938111464182534,2.422652244567871,22800,0.0,0.0
1996-02-13 00:00:00-05:00,2.405955780120123,2.4639306181953065,2.405955780120123,2.434943199157715,36700,0.053,0.0
1996-02-14 00:00:00-05:00,2.405955780120123,2.434943199157715,2.405955780120123,2.434943199157715,22800,0.0,0.0
1996-02-15 00:00:00-05:00,2.4059553146362305,2.434942728065583,2.4059553146362305,2.4059553146362305,17700,0.0,0.0
1996-02-16 00:00:00-05:00,2.434942728065583,2.434942728065583,2.4059553146362305,2.4059553146362305,37500,0.0,0.0
1996-02-20 00:00:00-05:00,2.405955780120123,2.434943199157715,2.376968361082531,2.434943199157715,34200,0.0,0.0
1996-02-21 00:00:00-05:00,2.405955780120123,2.434943199157715,2.405955780120123,2.434943199157715,37600,0.0,0.0
1996-02-22 00:00:00-05:00,2.405955548771841,2.4349429650221044,2.405955548771841,2.4204492568969727,12800,0.0,0.0
1996-02-23 00:00:00-05:00,2.434942728065583,2.434942728065583,2.4059553146362305,2.4059553146362305,10800,0.0,0.0
1996-02-26 00:00:00-05:00,2.4059553146362305,2.434942728065583,2.4059553146362305,2.4059553146362305,37300,0.0,0.0
1996-02-27 00:00:00-05:00,2.434942728065583,2.434942728065583,2.4059553146362305,2.4059553146362305,32500,0.0,0.0
1996-02-28 00:00:00-05:00,2.405956933077644,2.4639317989349365,2.405956933077644,2.4639317989349365,63200,0.0,0.0
1996-02-29 00:00:00-05:00,2.4639306181953065,2.4639306181953065,2.434943199157715,2.434943199157715,21500,0.0,0.0
1996-03-01 00:00:00-05:00,2.4639306181953065,2.4639306181953065,2.434943199157715,2.434943199157715,11800,0.0,0.0
1996-03-04 00:00:00-05:00,2.4639317989349365,2.4639317989349365,2.4349443660062904,2.4639317989349365,12800,0.0,0.0
1996-03-05 00:00:00-05:00,2.4639317989349365,2.4639317989349365,2.4349443660062904,2.4639317989349365,17200,0.0,0.0
1996-03-06 00:00:00-05:00,2.4349443660062904,2.4639317989349365,2.4349443660062904,2.4639317989349365,20300,0.0,0.0
1996-03-07 00:00:00-05:00,2.434942728065583,2.434942728065583,2.4059553146362305,2.4059553146362305,28900,0.0,0.0
1996-03-08 00:00:00-05:00,2.4059553146362305,2.4059553146362305,2.3769679012068785,2.4059553146362305,53700,0.0,0.0
1996-03-11 00:00:00-05:00,2.405955780120123,2.434943199157715,2.405955780120123,2.434943199157715,32100,0.0,0.0
1996-03-12 00:00:00-05:00,2.434943199157715,2.434943199157715,2.405955780120123,2.434943199157715,17000,0.0,0.0
1996-03-13 00:00:00-05:00,2.4181623458862305,2.4472968319812454,2.4181623458862305,2.4181623458862305,16500,0.053,0.0
1996-03-14 00:00:00-05:00,2.4181623458862305,2.4472968319812454,2.4181623458862305,2.4181623458862305,13400,0.0,0.0
1996-03-15 00:00:00-05:00,2.4181623458862305,2.4472968319812454,2.4181623458862305,2.4181623458862305,26200,0.0,0.0
1996-03-18 00:00:00-05:00,2.4181608717616014,2.4181608717616014,2.389026403427124,2.389026403427124,19000,0.0,0.0
1996-03-19 00:00:00-05:00,2.4181623458862305,2.4181623458862305,2.3890278597912156,2.4181623458862305,42200,0.0,0.0
1996-03-20 00:00:00-05:00,2.389026403427124,2.4181608717616014,2.389026403427124,2.389026403427124,12800,0.0,0.0
1996-03-21 00:00:00-05:00,2.3890278597912156,2.4181623458862305,2.3890278597912156,2.4181623458862305,3700,0.0,0.0
1996-03-22 00:00:00-05:00,2.3890278597912156,2.4181623458862305,2.3890278597912156,2.4181623458862305,21200,0.0,0.0
1996-03-25 00:00:00-05:00,2.389026403427124,2.4181608717616014,2.389026403427124,2.389026403427124,16100,0.0,0.0
1996-03-26 00:00:00-05:00,2.4181623458862305,2.4181623458862305,2.3890278597912156,2.4181623458862305,25600,0.0,0.0
1996-03-27 00:00:00-05:00,2.4181623458862305,2.4181623458862305,2.3890278597912156,2.4181623458862305,25900,0.0,0.0
1996-03-28 00:00:00-05:00,2.389026403427124,2.4181608717616014,2.389026403427124,2.389026403427124,18400,0.0,0.0
1996-03-29 00:00:00-05:00,2.4181608717616014,2.4181608717616014,2.389026403427124,2.389026403427124,26100,0.0,0.0
1996-04-01 00:00:00-05:00,2.389026403427124,2.4181608717616014,2.389026403427124,2.389026403427124,8400,0.0,0.0
1996-04-02 00:00:00-05:00,2.4181608717616014,2.4181608717616014,2.389026403427124,2.389026403427124,51200,0.0,0.0
1996-04-03 00:00:00-05:00,2.3890266006375533,2.3890266006375533,2.3598921298980713,2.3598921298980713,122000,0.0,0.0
1996-04-04 00:00:00-05:00,2.3598921298980713,2.3598921298980713,2.330757659158589,2.3598921298980713,19500,0.0,0.0
1996-04-08 00:00:00-04:00,2.2142207622528076,2.2433552459666606,2.185086278538955,2.2142207622528076,111500,0.0,0.0
1996-04-09 00:00:00-04:00,2.2433550357818604,2.2724895167660404,2.2433550357818604,2.2433550357818604,30800,0.0,0.0
1996-04-10 00:00:00-04:00,2.2433552459666606,2.2433552459666606,2.185086278538955,2.2142207622528076,55500,0.0,0.0
1996-04-11 00:00:00-04:00,2.1966476440429688,2.225936279296875,2.1673590087890626,2.1966476440429688,34600,0.05,0.0
1996-04-12 00:00:00-04:00,2.225935601568841,2.2552242279052734,2.225935601568841,2.2552242279052734,67300,0.0,0.0
1996-04-15 00:00:00-04:00,2.2259361743927,2.2552248082662882,2.2259361743927,2.2259361743927,22000,0.0,0.0
1996-04-16 00:00:00-04:00,2.2552242279052734,2.2845128542417057,2.225935601568841,2.2552242279052734,53200,0.0,0.0
1996-04-17 00:00:00-04:00,2.255225780682686,2.2845144271850586,2.255225780682686,2.2845144271850586,16200,0.0,0.0
1996-04-18 00:00:00-04:00,2.2845143125027043,2.31380295753479,2.2845143125027043,2.31380295753479,24000,0.0,0.0
1996-04-19 00:00:00-04:00,2.31380295753479,2.31380295753479,2.2845143125027043,2.31380295753479,17200,0.0,0.0
1996-04-22 00:00:00-04:00,2.313803073687431,2.313803073687431,2.2845144271850586,2.2845144271850586,32900,0.0,0.0
1996-04-23 00:00:00-04:00,2.31380389649191,2.3723812103271484,2.284515239574291,2.3723812103271484,78900,0.0,0.0
1996-04-24 00:00:00-04:00,2.3430925534095293,2.3723812103271484,2.3430925534095293,2.3723812103271484,13500,0.0,0.0
1996-04-25 00:00:00-04:00,2.343090057373047,2.343090057373047,2.343090057373047,2.343090057373047,26600,0.0,0.0
1996-04-26 00:00:00-04:00,2.343090057373047,2.343090057373047,2.3138014316558837,2.343090057373047,7100,0.0,0.0
1996-04-29 00:00:00-04:00,2.343090057373047,2.343090057373047,2.3138014316558837,2.343090057373047,27600,0.0,0.0
1996-04-30 00:00:00-04:00,2.343090057373047,2.343090057373047,2.3138014316558837,2.343090057373047,20900,0.0,0.0
1996-05-01 00:00:00-04:00,2.3138014316558837,2.343090057373047,2.3138014316558837,2.343090057373047,13200,0.0,0.0
1996-05-02 00:00:00-04:00,2.3430917201898036,2.3430917201898036,2.2845144271850586,2.2845144271850586,32300,0.0,0.0
1996-05-03 00:00:00-04:00,2.2845144271850586,2.313803073687431,2.2845144271850586,2.2845144271850586,11800,0.0,0.0
1996-05-06 00:00:00-04:00,2.2845143125027043,2.31380295753479,2.2845143125027043,2.31380295753479,12900,0.0,0.0
1996-05-07 00:00:00-04:00,2.2845144271850586,2.313803073687431,2.2845144271850586,2.2845144271850586,16200,0.0,0.0
1996-05-08 00:00:00-04:00,2.2845144271850586,2.313803073687431,2.2845144271850586,2.2845144271850586,12300,0.0,0.0
1996-05-09 00:00:00-04:00,2.31380295753479,2.31380295753479,2.2845143125027043,2.31380295753479,14700,0.0,0.0
1996-05-10 00:00:00-04:00,2.313803073687431,2.3430917201898036,2.2845144271850586,2.2845144271850586,21800,0.0,0.0
1996-05-13 00:00:00-04:00,2.29629046403909,2.325730085372925,2.29629046403909,2.325730085372925,13400,0.05,0.0
1996-05-14 00:00:00-04:00,2.2962902963161467,2.3551695346832275,2.2962902963161467,2.3551695346832275,38900,0.0,0.0
1996-05-15 00:00:00-04:00,2.325730085372925,2.3551697067067594,2.325730085372925,2.325730085372925,15800,0.0,0.0
1996-05-16 00:00:00-04:00,2.29629046403909,2.3551697067067594,2.29629046403909,2.325730085372925,57200,0.0,0.0
1996-05-17 00:00:00-04:00,2.296290636062622,2.3257302596018863,2.296290636062622,2.296290636062622,13100,0.0,0.0
1996-05-20 00:00:00-04:00,2.325730085372925,2.325730085372925,2.29629046403909,2.325730085372925,8800,0.0,0.0
1996-05-21 00:00:00-04:00,2.3257302596018863,2.3257302596018863,2.296290636062622,2.296290636062622,11600,0.0,0.0
1996-05-22 00:00:00-04:00,2.29629046403909,2.3551697067067594,2.29629046403909,2.325730085372925,17100,0.0,0.0
1996-05-23 00:00:00-04:00,2.3257302596018863,2.3257302596018863,2.296290636062622,2.296290636062622,24700,0.0,0.0
1996-05-24 00:00:00-04:00,2.29629046403909,2.325730085372925,2.29629046403909,2.325730085372925,15600,0.0,0.0
1996-05-28 00:00:00-04:00,2.296290636062622,2.3257302596018863,2.296290636062622,2.296290636062622,24000,0.0,0.0
1996-05-29 00:00:00-04:00,2.296290636062622,2.3257302596018863,2.296290636062622,2.296290636062622,74900,0.0,0.0
1996-05-30 00:00:00-04:00,2.296290636062622,2.3257302596018863,2.2668510125233574,2.296290636062622,30700,0.0,0.0
1996-05-31 00:00:00-04:00,2.325727992243581,2.325727992243581,2.2668488025665283,2.2668488025665283,19600,0.0,0.0
1996-06-03 00:00:00-04:00,2.2668510125233574,2.3257302596018863,2.2668510125233574,2.296290636062622,12100,0.0,0.0
1996-06-04 00:00:00-04:00,2.296290636062622,2.3257302596018863,2.296290636062622,2.296290636062622,31600,0.0,0.0
1996-06-05 00:00:00-04:00,2.325730085372925,2.325730085372925,2.29629046403909,2.325730085372925,15900,0.0,0.0
1996-06-06 00:00:00-04:00,2.325730085372925,2.325730085372925,2.29629046403909,2.325730085372925,19600,0.0,0.0
1996-06-07 00:00:00-04:00,2.2668488025665283,2.2668488025665283,2.237409207728002,2.2668488025665283,70600,0.0,0.0
1996-06-10 00:00:00-04:00,2.2668520902332507,2.2668520902332507,2.237412452697754,2.237412452697754,38600,0.0,0.0
1996-06-11 00:00:00-04:00,2.237412452697754,2.2668520902332507,2.237412452697754,2.237412452697754,16400,0.0,0.0
1996-06-12 00:00:00-04:00,2.249250888824463,2.249250888824463,2.2196554823925623,2.249250888824463,42300,0.05,0.0
1996-06-13 00:00:00-04:00,2.249250888824463,2.278846295256364,2.249250888824463,2.249250888824463,24300,0.0,0.0
1996-06-14 00:00:00-04:00,2.2196554823925623,2.249250888824463,2.2196554823925623,2.249250888824463,7600,0.0,0.0
1996-06-17 00:00:00-04:00,2.278846295256364,2.278846295256364,2.249250888824463,2.249250888824463,10700,0.0,0.0
1996-06-18 00:00:00-04:00,2.249247563349736,2.2788429260253906,2.2196522006740818,2.2788429260253906,19500,0.0,0.0
1996-06-19 00:00:00-04:00,2.278846295256364,2.278846295256364,2.2196554823925623,2.249250888824463,23400,0.0,0.0
1996-06-20 00:00:00-04:00,2.2196554823925623,2.249250888824463,2.2196554823925623,2.249250888824463,32500,0.0,0.0
1996-06-21 00:00:00-04:00,2.2788429260253906,2.2788429260253906,2.249247563349736,2.2788429260253906,28400,0.0,0.0
1996-06-24 00:00:00-04:00,2.2788429260253906,2.2788429260253906,2.249247563349736,2.2788429260253906,17400,0.0,0.0
1996-06-25 00:00:00-04:00,2.249250888824463,2.278846295256364,2.2196554823925623,2.249250888824463,33600,0.0,0.0
1996-06-26 00:00:00-04:00,2.2196522006740818,2.2788429260253906,2.2196522006740818,2.2788429260253906,10800,0.0,0.0
1996-06-27 00:00:00-04:00,2.249250888824463,2.278846295256364,2.249250888824463,2.249250888824463,23800,0.0,0.0
1996-06-28 00:00:00-04:00,2.2788429260253906,2.308438288701045,2.2788429260253906,2.2788429260253906,36700,0.0,0.0
1996-07-01 00:00:00-04:00,2.308440923690796,2.308440923690796,2.249250130775647,2.308440923690796,25700,0.0,0.0
1996-07-02 00:00:00-04:00,2.308440923690796,2.3380363201483703,2.2788455272332215,2.308440923690796,57200,0.0,0.0
1996-07-03 00:00:00-04:00,2.308440923690796,2.3380363201483703,2.308440923690796,2.308440923690796,28600,0.0,0.0
1996-07-05 00:00:00-04:00,2.3676317166059446,2.3676317166059446,2.308440923690796,2.308440923690796,4000,0.0,0.0
1996-07-08 00:00:00-04:00,2.3380353450775146,2.3380353450775146,2.3084399609626094,2.3380353450775146,17100,0.0,0.0
1996-07-09 00:00:00-04:00,2.3380353450775146,2.36763072919242,2.3380353450775146,2.3380353450775146,16000,0.0,0.0
1996-07-10 00:00:00-04:00,2.3380358070135117,2.367631196975708,2.3380358070135117,2.367631196975708,11000,0.0,0.0
1996-07-11 00:00:00-04:00,2.34978229701519,2.379526376724243,2.34978229701519,2.379526376724243,29000,0.05,0.0
1996-07-12 00:00:00-04:00,2.379526376724243,2.379526376724243,2.34978229701519,2.379526376724243,23200,0.0,0.0
1996-07-15 00:00:00-04:00,2.3497846126556396,2.3795287216765972,2.3497846126556396,2.3497846126556396,19600,0.0,0.0
1996-07-16 00:00:00-04:00,2.3795287216765972,2.3795287216765972,2.3497846126556396,2.3497846126556396,22900,0.0,0.0
1996-07-17 00:00:00-04:00,2.34978229701519,2.4092704564332963,2.34978229701519,2.379526376724243,18900,0.0,0.0
1996-07-18 00:00:00-04:00,2.379526376724243,2.4092704564332963,2.379526376724243,2.379526376724243,15000,0.0,0.0
1996-07-19 00:00:00-04:00,2.3795287216765972,2.4092728306975544,2.3497846126556396,2.3497846126556396,9200,0.0,0.0
1996-07-22 00:00:00-04:00,2.3795287216765972,2.3795287216765972,2.3497846126556396,2.3497846126556396,4000,0.0,0.0
1996-07-23 00:00:00-04:00,2.379526376724243,2.379526376724243,2.34978229701519,2.379526376724243,11300,0.0,0.0
1996-07-24 00:00:00-04:00,2.3795287216765972,2.3795287216765972,2.3497846126556396,2.3497846126556396,12400,0.0,0.0
1996-07-25 00:00:00-04:00,2.379526376724243,2.379526376724243,2.379526376724243,2.379526376724243,15600,0.0,0.0
1996-07-26 00:00:00-04:00,2.409271478652954,2.409271478652954,2.409271478652954,2.409271478652954,10400,0.0,0.0
1996-07-29 00:00:00-04:00,2.4092704564332963,2.4092704564332963,2.379526376724243,2.379526376724243,3400,0.0,0.0
1996-07-30 00:00:00-04:00,2.4092704564332963,2.4092704564332963,2.379526376724243,2.379526376724243,22500,0.0,0.0
1996-07-31 00:00:00-04:00,2.4092704564332963,2.4092704564332963,2.379526376724243,2.379526376724243,8700,0.0,0.0
1996-08-01 00:00:00-04:00,2.4092710628742124,2.4390151500701904,2.3795269756782345,2.4390151500701904,32600,0.0,0.0
1996-08-02 00:00:00-04:00,2.439015570982003,2.439015570982003,2.409271478652954,2.409271478652954,28400,0.0,0.0
1996-08-05 00:00:00-04:00,2.4687592372661684,2.4687592372661684,2.4390151500701904,2.4390151500701904,26700,0.0,0.0
1996-08-06 00:00:00-04:00,2.4687592372661684,2.4687592372661684,2.4390151500701904,2.4390151500701904,23100,0.0,0.0
1996-08-07 00:00:00-04:00,2.4687592372661684,2.4687592372661684,2.4390151500701904,2.4390151500701904,24600,0.0,0.0
1996-08-08 00:00:00-04:00,2.439014268208699,2.4687583446502686,2.439014268208699,2.4687583446502686,18400,0.0,0.0
1996-08-09 00:00:00-04:00,2.468760771410806,2.498504877090454,2.439016665731158,2.498504877090454,26300,0.0,0.0
1996-08-12 00:00:00-04:00,2.498502421091838,2.498502421091838,2.4687583446502686,2.4687583446502686,23100,0.0,0.0
1996-08-13 00:00:00-04:00,2.4508254901472344,2.4807136058807373,2.4508254901472344,2.4807136058807373,20100,0.05,0.0
1996-08-14 00:00:00-04:00,2.4508254901472344,2.4807136058807373,2.4508254901472344,2.4807136058807373,12800,0.0,0.0
1996-08-15 00:00:00-04:00,2.450826406478882,2.480714533387161,2.450826406478882,2.450826406478882,13100,0.0,0.0
1996-08-16 00:00:00-04:00,2.480714533387161,2.480714533387161,2.450826406478882,2.450826406478882,14000,0.0,0.0
1996-08-19 00:00:00-04:00,2.4807136058807373,2.4807136058807373,2.4508254901472344,2.4807136058807373,11600,0.0,0.0
1996-08-20 00:00:00-04:00,2.4508254901472344,2.4807136058807373,2.4508254901472344,2.4807136058807373,14400,0.0,0.0
1996-08-21 00:00:00-04:00,2.4807136058807373,2.4807136058807373,2.4508254901472344,2.4807136058807373,14400,0.0,0.0
1996-08-22 00:00:00-04:00,2.450826406478882,2.480714533387161,2.450826406478882,2.450826406478882,10700,0.0,0.0
1996-08-23 00:00:00-04:00,2.4807136058807373,2.4807136058807373,2.4508254901472344,2.4807136058807373,4200,0.0,0.0
1996-08-26 00:00:00-04:00,2.450825897263892,2.480714017962232,2.4209377765655518,2.4209377765655518,38100,0.0,0.0
1996-08-27 00:00:00-04:00,2.450825897263892,2.450825897263892,2.4209377765655518,2.4209377765655518,29000,0.0,0.0
1996-08-28 00:00:00-04:00,2.4209382795706027,2.450826406478882,2.4209382795706027,2.450826406478882,5700,0.0,0.0
1996-08-29 00:00:00-04:00,2.450825619697571,2.450825619697571,2.391049385070801,2.391049385070801,36600,0.0,0.0
1996-08-30 00:00:00-04:00,2.4209377765655518,2.4209377765655518,2.391049655867212,2.4209377765655518,20300,0.0,0.0
1996-09-03 00:00:00-04:00,2.4209375023841857,2.4209375023841857,2.391049385070801,2.391049385070801,31000,0.0,0.0
1996-09-04 00:00:00-04:00,2.4209375023841857,2.4209375023841857,2.391049385070801,2.391049385070801,28500,0.0,0.0
1996-09-05 00:00:00-04:00,2.391049655867212,2.4209377765655518,2.391049655867212,2.4209377765655518,13400,0.0,0.0
1996-09-06 00:00:00-04:00,2.391049385070801,2.4209375023841857,2.391049385070801,2.391049385070801,14400,0.0,0.0
1996-09-09 00:00:00-04:00,2.391049385070801,2.4209375023841857,2.391049385070801,2.391049385070801,15300,0.0,0.0
1996-09-10 00:00:00-04:00,2.391049655867212,2.4209377765655518,2.391049655867212,2.4209377765655518,18900,0.0,0.0
1996-09-11 00:00:00-04:00,2.402917161772523,2.402917161772523,2.372880697250366,2.372880697250366,28800,0.05,0.0
1996-09-12 00:00:00-04:00,2.372878575030668,2.4329514503479004,2.372878575030668,2.4329514503479004,25400,0.0,0.0
1996-09-13 00:00:00-04:00,2.4329550594091414,2.4329550594091414,2.402918577194214,2.402918577194214,16800,0.0,0.0
1996-09-16 00:00:00-04:00,2.4329550594091414,2.4329550594091414,2.402918577194214,2.402918577194214,6500,0.0,0.0
1996-09-17 00:00:00-04:00,2.402918577194214,2.4329550594091414,2.372882094979286,2.402918577194214,32500,0.0,0.0
1996-09-18 00:00:00-04:00,2.4029150126892844,2.4329514503479004,2.4029150126892844,2.4329514503479004,9300,0.0,0.0
1996-09-19 00:00:00-04:00,2.402917161772523,2.402917161772523,2.372880697250366,2.372880697250366,14500,0.0,0.0
1996-09-20 00:00:00-04:00,2.372880697250366,2.402917161772523,2.372880697250366,2.372880697250366,12600,0.0,0.0
1996-09-23 00:00:00-04:00,2.372882094979286,2.402918577194214,2.372882094979286,2.402918577194214,17200,0.0,0.0
1996-09-24 00:00:00-04:00,2.372880697250366,2.372880697250366,2.372880697250366,2.372880697250366,18900,0.0,0.0
1996-09-25 00:00:00-04:00,2.402917161772523,2.402917161772523,2.372880697250366,2.372880697250366,16600,0.0,0.0
1996-09-26 00:00:00-04:00,2.402918577194214,2.402918577194214,2.372882094979286,2.402918577194214,20400,0.0,0.0
1996-09-27 00:00:00-04:00,2.372882094979286,2.4329550594091414,2.372882094979286,2.402918577194214,10400,0.0,0.0
1996-09-30 00:00:00-04:00,2.4329514503479004,2.4329514503479004,2.4029150126892844,2.4329514503479004,44100,0.0,0.0
1996-10-01 00:00:00-04:00,2.4029161871933353,2.462989091873169,2.4029161871933353,2.462989091873169,36100,0.0,0.0
1996-10-02 00:00:00-04:00,2.4629878880065164,2.4629878880065164,2.4329514503479004,2.4329514503479004,18900,0.0,0.0
1996-10-03 00:00:00-04:00,2.4629878880065164,2.4629878880065164,2.4329514503479004,2.4329514503479004,16700,0.0,0.0
1996-10-04 00:00:00-04:00,2.462989091873169,2.462989091873169,2.4329526395332524,2.462989091873169,18900,0.0,0.0
1996-10-07 00:00:00-04:00,2.4329514503479004,2.4930243256651323,2.4329514503479004,2.4329514503479004,34500,0.0,0.0
1996-10-08 00:00:00-04:00,2.4329514503479004,2.4629878880065164,2.4329514503479004,2.4329514503479004,16300,0.0,0.0
1996-10-09 00:00:00-04:00,2.4629878880065164,2.4629878880065164,2.4329514503479004,2.4329514503479004,22900,0.0,0.0
1996-10-10 00:00:00-04:00,2.445026159286499,2.445026159286499,2.4148406511471596,2.445026159286499,14700,0.05,0.0
1996-10-11 00:00:00-04:00,2.445027655363083,2.445027655363083,2.414842128753662,2.414842128753662,8900,0.0,0.0
1996-10-14 00:00:00-04:00,2.4148436437679246,2.4450291893150236,2.384658098220825,2.384658098220825,62700,0.0,0.0
1996-10-15 00:00:00-04:00,2.414842128753662,2.414842128753662,2.3846566021442412,2.414842128753662,18300,0.0,0.0
1996-10-16 00:00:00-04:00,2.3846566021442412,2.414842128753662,2.3846566021442412,2.414842128753662,12400,0.0,0.0
1996-10-17 00:00:00-04:00,2.384658098220825,2.4148436437679246,2.384658098220825,2.384658098220825,15000,0.0,0.0
1996-10-18 00:00:00-04:00,2.4148436437679246,2.4148436437679246,2.384658098220825,2.384658098220825,58600,0.0,0.0
1996-10-21 00:00:00-04:00,2.384658098220825,2.4148436437679246,2.384658098220825,2.384658098220825,13000,0.0,0.0
1996-10-22 00:00:00-04:00,2.384658098220825,2.4148436437679246,2.384658098220825,2.384658098220825,29500,0.0,0.0
1996-10-23 00:00:00-04:00,2.384658098220825,2.4148436437679246,2.384658098220825,2.384658098220825,15800,0.0,0.0
1996-10-24 00:00:00-04:00,2.414842128753662,2.414842128753662,2.3846566021442412,2.414842128753662,29300,0.0,0.0
1996-10-25 00:00:00-04:00,2.4148436437679246,2.4148436437679246,2.384658098220825,2.384658098220825,12300,0.0,0.0
1996-10-28 00:00:00-05:00,2.384658098220825,2.4148436437679246,2.384658098220825,2.384658098220825,5700,0.0,0.0
1996-10-29 00:00:00-05:00,2.4148436437679246,2.4148436437679246,2.384658098220825,2.384658098220825,37100,0.0,0.0
1996-10-30 00:00:00-05:00,2.3846566021442412,2.414842128753662,2.3846566021442412,2.414842128753662,27300,0.0,0.0
1996-10-31 00:00:00-05:00,2.414842128753662,2.414842128753662,2.3846566021442412,2.414842128753662,12300,0.0,0.0
1996-11-01 00:00:00-05:00,2.414842128753662,2.414842128753662,2.3846566021442412,2.414842128753662,27900,0.0,0.0
1996-11-04 00:00:00-05:00,2.4148436437679246,2.4148436437679246,2.384658098220825,2.384658098220825,46900,0.0,0.0
1996-11-05 00:00:00-05:00,2.414842128753662,2.445027655363083,2.414842128753662,2.414842128753662,29100,0.0,0.0
1996-11-06 00:00:00-05:00,2.445026159286499,2.445026159286499,2.4148406511471596,2.445026159286499,16200,0.0,0.0
1996-11-07 00:00:00-05:00,2.445027655363083,2.445027655363083,2.414842128753662,2.414842128753662,24000,0.0,0.0
1996-11-08 00:00:00-05:00,2.4148406511471596,2.445026159286499,2.4148406511471596,2.445026159286499,24600,0.0,0.0
1996-11-11 00:00:00-05:00,2.445026159286499,2.445026159286499,2.4148406511471596,2.445026159286499,43300,0.0,0.0
1996-11-12 00:00:00-05:00,2.475213050842285,2.475213050842285,2.4450275258320135,2.475213050842285,36900,0.0,0.0
1996-11-13 00:00:00-05:00,2.426677331691835,2.487344264984131,2.426677331691835,2.487344264984131,15500,0.05,0.0
1996-11-14 00:00:00-05:00,2.4570107983379827,2.487344264984131,2.4570107983379827,2.487344264984131,82100,0.0,0.0
1996-11-15 00:00:00-05:00,2.487344264984131,2.517677731630279,2.4570107983379827,2.487344264984131,64200,0.0,0.0
1996-11-18 00:00:00-05:00,2.487344264984131,2.517677731630279,2.487344264984131,2.487344264984131,19400,0.0,0.0
1996-11-19 00:00:00-05:00,2.487344264984131,2.517677731630279,2.487344264984131,2.487344264984131,17100,0.0,0.0
1996-11-20 00:00:00-05:00,2.517676591873169,2.517676591873169,2.4873431389590346,2.517676591873169,51900,0.0,0.0
1996-11-21 00:00:00-05:00,2.487344264984131,2.517677731630279,2.487344264984131,2.487344264984131,24200,0.0,0.0
1996-11-22 00:00:00-05:00,2.487344264984131,2.517677731630279,2.487344264984131,2.487344264984131,26300,0.0,0.0
1996-11-25 00:00:00-05:00,2.517677731630279,2.517677731630279,2.487344264984131,2.487344264984131,16000,0.0,0.0
1996-11-26 00:00:00-05:00,2.517677731630279,2.517677731630279,2.487344264984131,2.487344264984131,46900,0.0,0.0
1996-11-27 00:00:00-05:00,2.4873431389590346,2.517676591873169,2.4873431389590346,2.517676591873169,10100,0.0,0.0
1996-11-29 00:00:00-05:00,2.517676591873169,2.517676591873169,2.517676591873169,2.517676591873169,3200,0.0,0.0
1996-12-02 00:00:00-05:00,2.517676591873169,2.517676591873169,2.4873431389590346,2.517676591873169,21000,0.0,0.0
1996-12-03 00:00:00-05:00,2.5480111982764266,2.5480111982764266,2.487344264984131,2.487344264984131,33000,0.0,0.0
1996-12-04 00:00:00-05:00,2.517677731630279,2.517677731630279,2.487344264984131,2.487344264984131,39800,0.0,0.0
1996-12-05 00:00:00-05:00,2.517677731630279,2.517677731630279,2.4570107983379827,2.487344264984131,42400,0.0,0.0
1996-12-06 00:00:00-05:00,2.4570112228393555,2.487344694726261,2.4570112228393555,2.4570112228393555,24800,0.0,0.0
1996-12-09 00:00:00-05:00,2.487344694726261,2.487344694726261,2.4570112228393555,2.4570112228393555,24200,0.0,0.0
1996-12-10 00:00:00-05:00,2.4570112228393555,2.487344694726261,2.4266777509524498,2.4570112228393555,36600,0.0,0.0
1996-12-11 00:00:00-05:00,2.4387239798521385,2.4387239798521385,2.377755880355835,2.377755880355835,48100,0.05,0.0
1996-12-12 00:00:00-05:00,2.3777537965155267,2.408237819547777,2.3472697734832764,2.3472697734832764,71400,0.0,0.0
1996-12-13 00:00:00-05:00,2.347271830607683,2.377755880355835,2.347271830607683,2.377755880355835,38000,0.0,0.0
1996-12-16 00:00:00-05:00,2.3777539096301115,2.408237934112549,2.3167858606652367,2.408237934112549,59000,0.0,0.0
1996-12-17 00:00:00-05:00,2.3777539096301115,2.408237934112549,2.3777539096301115,2.408237934112549,25800,0.0,0.0
1996-12-18 00:00:00-05:00,2.408237934112549,2.408237934112549,2.3777539096301115,2.408237934112549,10400,0.0,0.0
1996-12-19 00:00:00-05:00,2.3777531504631044,2.438721179962158,2.3777531504631044,2.438721179962158,25700,0.0,0.0
1996-12-20 00:00:00-05:00,2.438721958594986,2.438721958594986,2.408237934112549,2.408237934112549,10700,0.0,0.0
1996-12-23 00:00:00-05:00,2.408237934112549,2.408237934112549,2.3777539096301115,2.408237934112549,10300,0.0,0.0
1996-12-24 00:00:00-05:00,2.3777531504631044,2.438721179962158,2.3777531504631044,2.438721179962158,19900,0.0,0.0
1996-12-26 00:00:00-05:00,2.438720377480111,2.4996883869171143,2.438720377480111,2.4996883869171143,20900,0.0,0.0
1996-12-27 00:00:00-05:00,2.4692043821986127,2.4996883869171143,2.4692043821986127,2.4996883869171143,15400,0.0,0.0
1996-12-30 00:00:00-05:00,2.4996901206028315,2.5301741464638416,2.4692060947418213,2.4692060947418213,32700,0.0,0.0
1996-12-31 00:00:00-05:00,2.4692060947418213,2.4996901206028315,2.4692060947418213,2.4692060947418213,6200,0.0,0.0
1997-01-02 00:00:00-05:00,2.4996883869171143,2.5301723916356154,2.4692043821986127,2.4996883869171143,21800,0.0,0.0
1997-01-03 00:00:00-05:00,2.4996901206028315,2.4996901206028315,2.4692060947418213,2.4692060947418213,32300,0.0,0.0
1997-01-06 00:00:00-05:00,2.4996901206028315,2.4996901206028315,2.4692060947418213,2.4692060947418213,17900,0.0,0.0
1997-01-07 00:00:00-05:00,2.4692060947418213,2.4996901206028315,2.4692060947418213,2.4692060947418213,11900,0.0,0.0
1997-01-08 00:00:00-05:00,2.4996901206028315,2.4996901206028315,2.4692060947418213,2.4692060947418213,39300,0.0,0.0
1997-01-09 00:00:00-05:00,2.4996883869171143,2.5301723916356154,2.4996883869171143,2.4996883869171143,27500,0.0,0.0
1997-01-10 00:00:00-05:00,2.4996883869171143,2.5301723916356154,2.4996883869171143,2.4996883869171143,25300,0.0,0.0
1997-01-13 00:00:00-05:00,2.511941921280091,2.5425753593444824,2.511941921280091,2.5425753593444824,10100,0.05,0.0
1997-01-14 00:00:00-05:00,2.5119407176971436,2.542574141083694,2.5119407176971436,2.5119407176971436,8100,0.0,0.0
1997-01-15 00:00:00-05:00,2.5425753593444824,2.5425753593444824,2.511941921280091,2.5425753593444824,6000,0.0,0.0
1997-01-16 00:00:00-05:00,2.542576801629714,2.542576801629714,2.4813098907470703,2.4813098907470703,22600,0.0,0.0
1997-01-17 00:00:00-05:00,2.511943346188392,2.511943346188392,2.4813098907470703,2.4813098907470703,1000,0.0,0.0
1997-01-20 00:00:00-05:00,2.511941921280091,2.5425753593444824,2.4813084832156997,2.5425753593444824,46100,0.0,0.0
1997-01-21 00:00:00-05:00,2.5119407176971436,2.542574141083694,2.5119407176971436,2.5119407176971436,14100,0.0,0.0
1997-01-22 00:00:00-05:00,2.5119407176971436,2.542574141083694,2.5119407176971436,2.5119407176971436,17000,0.0,0.0
1997-01-23 00:00:00-05:00,2.5119407176971436,2.542574141083694,2.5119407176971436,2.5119407176971436,16600,0.0,0.0
1997-01-24 00:00:00-05:00,2.5425753593444824,2.5425753593444824,2.511941921280091,2.5425753593444824,7800,0.0,0.0
1997-01-27 00:00:00-05:00,2.5119407176971436,2.542574141083694,2.5119407176971436,2.5119407176971436,12600,0.0,0.0
1997-01-28 00:00:00-05:00,2.542574141083694,2.542574141083694,2.481307294310593,2.5119407176971436,46200,0.0,0.0
1997-01-29 00:00:00-05:00,2.5119407176971436,2.5119407176971436,2.481307294310593,2.5119407176971436,12900,0.0,0.0
1997-01-30 00:00:00-05:00,2.511943346188392,2.511943346188392,2.4813098907470703,2.4813098907470703,9700,0.0,0.0
1997-01-31 00:00:00-05:00,2.542574141083694,2.542574141083694,2.481307294310593,2.5119407176971436,19000,0.0,0.0
1997-02-03 00:00:00-05:00,2.511943346188392,2.511943346188392,2.4813098907470703,2.4813098907470703,13900,0.0,0.0
1997-02-04 00:00:00-05:00,2.5119407176971436,2.5119407176971436,2.481307294310593,2.5119407176971436,47300,0.0,0.0
1997-02-05 00:00:00-05:00,2.4506764353057484,2.4813098907470703,2.4506764353057484,2.4813098907470703,42000,0.0,0.0
1997-02-06 00:00:00-05:00,2.481309172511101,2.481309172511101,2.420042279362679,2.4506757259368896,34900,0.0,0.0
1997-02-07 00:00:00-05:00,2.4506774129746836,2.481310880636867,2.4200439453125,2.4200439453125,28300,0.0,0.0
1997-02-10 00:00:00-05:00,2.420042279362679,2.4506757259368896,2.420042279362679,2.4506757259368896,6100,0.0,0.0
1997-02-11 00:00:00-05:00,2.4506774129746836,2.4506774129746836,2.4200439453125,2.4200439453125,15600,0.0,0.0
1997-02-12 00:00:00-05:00,2.4318642616271973,2.4626473535465285,2.4318642616271973,2.4318642616271973,18000,0.048,0.0
1997-02-13 00:00:00-05:00,2.462646484375,2.462646484375,2.4318634033203126,2.462646484375,29800,0.0,0.0
1997-02-14 00:00:00-05:00,2.4318634033203126,2.462646484375,2.4318634033203126,2.462646484375,22300,0.0,0.0
1997-02-18 00:00:00-05:00,2.462646484375,2.462646484375,2.4318634033203126,2.462646484375,17800,0.0,0.0
1997-02-19 00:00:00-05:00,2.4318642616271973,2.4626473535465285,2.4318642616271973,2.4318642616271973,23500,0.0,0.0
1997-02-20 00:00:00-05:00,2.4318642616271973,2.4626473535465285,2.4318642616271973,2.4318642616271973,14700,0.0,0.0
1997-02-21 00:00:00-05:00,2.4318642616271973,2.4626473535465285,2.4318642616271973,2.4318642616271973,36900,0.0,0.0
1997-02-24 00:00:00-05:00,2.4626473535465285,2.4626473535465285,2.4010811697078656,2.4318642616271973,21300,0.0,0.0
1997-02-25 00:00:00-05:00,2.4318642616271973,2.4626473535465285,2.4010811697078656,2.4318642616271973,29200,0.0,0.0
1997-02-26 00:00:00-05:00,2.462648489536383,2.462648489536383,2.4010822772979736,2.4010822772979736,39500,0.0,0.0
1997-02-27 00:00:00-05:00,2.3702991711787686,2.4010822772979736,2.3702991711787686,2.4010822772979736,33200,0.0,0.0
1997-02-28 00:00:00-05:00,2.4010805154775645,2.4010805154775645,2.370297431945801,2.370297431945801,12300,0.0,0.0
1997-03-03 00:00:00-05:00,2.4010822772979736,2.4010822772979736,2.3702991711787686,2.4010822772979736,10000,0.0,0.0
1997-03-04 00:00:00-05:00,2.4010811697078656,2.4318642616271973,2.370298077788534,2.4318642616271973,25200,0.0,0.0
1997-03-05 00:00:00-05:00,2.4010822772979736,2.431865383417178,2.4010822772979736,2.4010822772979736,40500,0.0,0.0
1997-03-06 00:00:00-05:00,2.431865383417178,2.431865383417178,2.4010822772979736,2.4010822772979736,18200,0.0,0.0
1997-03-07 00:00:00-05:00,2.3702991711787686,2.431865383417178,2.3702991711787686,2.4010822772979736,13700,0.0,0.0
1997-03-10 00:00:00-05:00,2.4010822772979736,2.431865383417178,2.4010822772979736,2.4010822772979736,21600,0.0,0.0
1997-03-11 00:00:00-05:00,2.4318635990093282,2.4318635990093282,2.370297431945801,2.370297431945801,28400,0.0,0.0
1997-03-12 00:00:00-05:00,2.3821785939045443,2.4440533625773897,2.3821785939045443,2.413115978240967,24200,0.048,0.0
1997-03-13 00:00:00-05:00,2.4440535570119883,2.4440535570119883,2.382178783416748,2.382178783416748,29300,0.0,0.0
1997-03-14 00:00:00-05:00,2.4131161702143684,2.4131161702143684,2.382178783416748,2.382178783416748,33000,0.0,0.0
1997-03-17 00:00:00-05:00,2.382178783416748,2.382178783416748,2.351241396619128,2.382178783416748,36900,0.0,0.0
1997-03-18 00:00:00-05:00,2.382176803915124,2.382176803915124,2.3512394428253174,2.3512394428253174,36800,0.0,0.0
1997-03-19 00:00:00-05:00,2.382178783416748,2.4131161702143684,2.351241396619128,2.382178783416748,26700,0.0,0.0
1997-03-20 00:00:00-05:00,2.3512394428253174,2.382176803915124,2.3512394428253174,2.3512394428253174,29700,0.0,0.0
1997-03-21 00:00:00-05:00,2.382178783416748,2.4131161702143684,2.382178783416748,2.382178783416748,19300,0.0,0.0
1997-03-24 00:00:00-05:00,2.4131161702143684,2.4131161702143684,2.351241396619128,2.382178783416748,32000,0.0,0.0
1997-03-25 00:00:00-05:00,2.382176803915124,2.382176803915124,2.3512394428253174,2.3512394428253174,25600,0.0,0.0
1997-03-26 00:00:00-05:00,2.3512394428253174,2.382176803915124,2.3512394428253174,2.3512394428253174,10800,0.0,0.0
1997-03-27 00:00:00-05:00,2.3512394428253174,2.382176803915124,2.3203020817355107,2.3512394428253174,32900,0.0,0.0
1997-03-31 00:00:00-05:00,2.382178783416748,2.4131161702143684,2.382178783416748,2.382178783416748,15000,0.0,0.0
1997-04-01 00:00:00-05:00,2.382176803915124,2.413114165004931,2.3512394428253174,2.3512394428253174,31300,0.0,0.0
1997-04-02 00:00:00-05:00,2.382176803915124,2.382176803915124,2.3512394428253174,2.3512394428253174,8400,0.0,0.0
1997-04-03 00:00:00-05:00,2.3512394428253174,2.382176803915124,2.3512394428253174,2.3512394428253174,9300,0.0,0.0
1997-04-04 00:00:00-05:00,2.382176803915124,2.382176803915124,2.3203020817355107,2.3512394428253174,32300,0.0,0.0
1997-04-07 00:00:00-04:00,2.3512394428253174,2.3512394428253174,2.3203020817355107,2.3512394428253174,9600,0.0,0.0
1997-04-08 00:00:00-04:00,2.351241396619128,2.382178783416748,2.3203040098215078,2.382178783416748,15100,0.0,0.0
1997-04-09 00:00:00-04:00,2.382178783416748,2.4131161702143684,2.351241396619128,2.382178783416748,11400,0.0,0.0
1997-04-10 00:00:00-04:00,2.382178783416748,2.382178783416748,2.351241396619128,2.382178783416748,7800,0.0,0.0
1997-04-11 00:00:00-04:00,2.3630247116088867,2.3630247116088867,2.33193228119298,2.3630247116088867,8600,0.048,0.0
1997-04-14 00:00:00-04:00,2.3630259874704724,2.3630259874704724,2.3008410930633545,2.3008410930633545,13800,0.0,0.0
1997-04-15 00:00:00-04:00,2.3319313526153564,2.3630237706502277,2.3319313526153564,2.3319313526153564,22900,0.0,0.0
1997-04-16 00:00:00-04:00,2.3319313526153564,2.3630237706502277,2.3319313526153564,2.3319313526153564,41800,0.0,0.0
1997-04-17 00:00:00-04:00,2.33193228119298,2.3630247116088867,2.33193228119298,2.3630247116088867,12000,0.0,0.0
1997-04-18 00:00:00-04:00,2.3630247116088867,2.3941171420247933,2.33193228119298,2.3630247116088867,27600,0.0,0.0
1997-04-21 00:00:00-04:00,2.363025863449295,2.394118309020996,2.363025863449295,2.394118309020996,15600,0.0,0.0
1997-04-22 00:00:00-04:00,2.363025863449295,2.394118309020996,2.363025863449295,2.394118309020996,24200,0.0,0.0
1997-04-23 00:00:00-04:00,2.3941182692845664,2.42521071434021,2.3941182692845664,2.42521071434021,18400,0.0,0.0
1997-04-24 00:00:00-04:00,2.394118309020996,2.4252107545926975,2.394118309020996,2.394118309020996,18700,0.0,0.0
1997-04-25 00:00:00-04:00,2.394118309020996,2.4252107545926975,2.394118309020996,2.394118309020996,10800,0.0,0.0
1997-04-28 00:00:00-04:00,2.4252095724406995,2.4252095724406995,2.3630247116088867,2.3630247116088867,16400,0.0,0.0
1997-04-29 00:00:00-04:00,2.4252107545926975,2.4252107545926975,2.394118309020996,2.394118309020996,31700,0.0,0.0
1997-04-30 00:00:00-04:00,2.4252107545926975,2.4563032001643985,2.394118309020996,2.394118309020996,22100,0.0,0.0
1997-05-01 00:00:00-04:00,2.456303159395854,2.456303159395854,2.42521071434021,2.42521071434021,6200,0.0,0.0
1997-05-02 00:00:00-04:00,2.456303159395854,2.456303159395854,2.42521071434021,2.42521071434021,25300,0.0,0.0
1997-05-05 00:00:00-04:00,2.3941182692845664,2.456303159395854,2.3941182692845664,2.42521071434021,20300,0.0,0.0
1997-05-06 00:00:00-04:00,2.3941170686407935,2.4563019275665283,2.3941170686407935,2.4563019275665283,19800,0.0,0.0
1997-05-07 00:00:00-04:00,2.456303159395854,2.456303159395854,2.42521071434021,2.42521071434021,9600,0.0,0.0
1997-05-08 00:00:00-04:00,2.4252094981036607,2.4563019275665283,2.3941170686407935,2.4563019275665283,31000,0.0,0.0
1997-05-09 00:00:00-04:00,2.4563019275665283,2.487394357029396,2.4252094981036607,2.4563019275665283,26300,0.0,0.0
1997-05-12 00:00:00-04:00,2.4873948097229004,2.4873948097229004,2.456302374601364,2.4873948097229004,23500,0.0,0.0
1997-05-13 00:00:00-04:00,2.468150658485217,2.468150658485217,2.43690824508667,2.43690824508667,12600,0.048,0.0
1997-05-14 00:00:00-04:00,2.436907805405654,2.436907805405654,2.405665397644043,2.405665397644043,12900,0.0,0.0
1997-05-15 00:00:00-04:00,2.405665397644043,2.436907805405654,2.405665397644043,2.405665397644043,11900,0.0,0.0
1997-05-16 00:00:00-04:00,2.4056658316881228,2.43690824508667,2.4056658316881228,2.43690824508667,12500,0.0,0.0
1997-05-19 00:00:00-04:00,2.405665397644043,2.436907805405654,2.405665397644043,2.405665397644043,26900,0.0,0.0
1997-05-20 00:00:00-04:00,2.405665397644043,2.436907805405654,2.405665397644043,2.405665397644043,40900,0.0,0.0
1997-05-21 00:00:00-04:00,2.405665397644043,2.436907805405654,2.405665397644043,2.405665397644043,33400,0.0,0.0
1997-05-22 00:00:00-04:00,2.405665397644043,2.468150213167265,2.405665397644043,2.405665397644043,13200,0.0,0.0
1997-05-23 00:00:00-04:00,2.405665397644043,2.436907805405654,2.405665397644043,2.405665397644043,23800,0.0,0.0
1997-05-27 00:00:00-04:00,2.405665397644043,2.436907805405654,2.405665397644043,2.405665397644043,11200,0.0,0.0
1997-05-28 00:00:00-04:00,2.4056658316881228,2.43690824508667,2.4056658316881228,2.43690824508667,17500,0.0,0.0
1997-05-29 00:00:00-04:00,2.4056658316881228,2.43690824508667,2.4056658316881228,2.43690824508667,59700,0.0,0.0
1997-05-30 00:00:00-04:00,2.43690824508667,2.43690824508667,2.4056658316881228,2.43690824508667,29400,0.0,0.0
1997-06-02 00:00:00-04:00,2.4056658316881228,2.43690824508667,2.4056658316881228,2.43690824508667,16400,0.0,0.0
1997-06-03 00:00:00-04:00,2.436907805405654,2.468150213167265,2.405665397644043,2.405665397644043,47800,0.0,0.0
1997-06-04 00:00:00-04:00,2.4369077320340313,2.4681501388549805,2.4369077320340313,2.4681501388549805,27800,0.0,0.0
1997-06-05 00:00:00-04:00,2.43690824508667,2.468150658485217,2.43690824508667,2.43690824508667,21100,0.0,0.0
1997-06-06 00:00:00-04:00,2.4369077320340313,2.4681501388549805,2.4369077320340313,2.4681501388549805,54500,0.0,0.0
1997-06-09 00:00:00-04:00,2.4681501388549805,2.4681501388549805,2.4369077320340313,2.4681501388549805,25000,0.0,0.0
1997-06-10 00:00:00-04:00,2.4369077320340313,2.4681501388549805,2.4369077320340313,2.4681501388549805,27100,0.0,0.0
1997-06-11 00:00:00-04:00,2.448807954788208,2.480202928567544,2.448807954788208,2.448807954788208,28100,0.048,0.0
1997-06-12 00:00:00-04:00,2.448809822903404,2.4802048206329346,2.448809822903404,2.4802048206329346,41500,0.0,0.0
1997-06-13 00:00:00-04:00,2.4802048206329346,2.5115998183624653,2.4802048206329346,2.4802048206329346,17300,0.0,0.0
1997-06-16 00:00:00-04:00,2.480204075574875,2.511599063873291,2.480204075574875,2.511599063873291,15800,0.0,0.0
1997-06-17 00:00:00-04:00,2.480204075574875,2.511599063873291,2.480204075574875,2.511599063873291,16500,0.0,0.0
1997-06-18 00:00:00-04:00,2.480202928567544,2.480202928567544,2.448807954788208,2.448807954788208,1900,0.0,0.0
1997-06-19 00:00:00-04:00,2.448809822903404,2.4802048206329346,2.448809822903404,2.4802048206329346,28700,0.0,0.0
1997-06-20 00:00:00-04:00,2.480202928567544,2.480202928567544,2.448807954788208,2.448807954788208,20500,0.0,0.0
1997-06-23 00:00:00-04:00,2.4802048206329346,2.4802048206329346,2.448809822903404,2.4802048206329346,16100,0.0,0.0
1997-06-24 00:00:00-04:00,2.448809822903404,2.4802048206329346,2.448809822903404,2.4802048206329346,37700,0.0,0.0
1997-06-25 00:00:00-04:00,2.448809822903404,2.4802048206329346,2.448809822903404,2.4802048206329346,29400,0.0,0.0
1997-06-26 00:00:00-04:00,2.5115998183624653,2.5115998183624653,2.4645073217681692,2.4802048206329346,12700,0.0,0.0
1997-06-27 00:00:00-04:00,2.511599063873291,2.511599063873291,2.480204075574875,2.511599063873291,26600,0.0,0.0
1997-06-30 00:00:00-04:00,2.4802054648073564,2.5272979736328125,2.4802054648073564,2.5272979736328125,20800,0.0,0.0
1997-07-01 00:00:00-04:00,2.527296054510423,2.5743885275758345,2.527296054510423,2.5429935455322266,34900,0.0,0.0
1997-07-02 00:00:00-04:00,2.574391573125666,2.5900890827178955,2.5429965539412067,2.5900890827178955,14900,0.0,0.0
1997-07-03 00:00:00-04:00,2.574390129870679,2.6057851314544678,2.574390129870679,2.6057851314544678,37600,0.0,0.0
1997-07-07 00:00:00-04:00,2.59008594921657,2.668573402223133,2.5743884586152577,2.637178421020508,26600,0.0,0.0
1997-07-08 00:00:00-04:00,2.668573402223133,2.668573402223133,2.5743884586152577,2.637178421020508,19300,0.0,0.0
1997-07-09 00:00:00-04:00,2.5900890827178955,2.6371816114945847,2.5900890827178955,2.5900890827178955,16000,0.0,0.0
1997-07-10 00:00:00-04:00,2.605784692415377,2.605784692415377,2.574389696121216,2.574389696121216,15300,0.0,0.0
1997-07-11 00:00:00-04:00,2.5707299311955767,2.5865012804667153,2.5549585819244385,2.5549585819244385,22700,0.048,0.0
1997-07-14 00:00:00-04:00,2.5549614865605426,2.5865042209625244,2.5549614865605426,2.5865042209625244,21900,0.0,0.0
1997-07-15 00:00:00-04:00,2.5549614865605426,2.6022755881635153,2.5549614865605426,2.5865042209625244,13400,0.0,0.0
1997-07-16 00:00:00-04:00,2.6022755881635153,2.6022755881635153,2.5707328537615335,2.5865042209625244,5900,0.0,0.0
1997-07-17 00:00:00-04:00,2.5865020400907364,2.618044747896721,2.5707306861877437,2.570730686187744,31300,0.0,0.0
1997-07-18 00:00:00-04:00,2.5549602212372773,2.5707315806276307,2.539188861846924,2.539188861846924,5500,0.0,0.0
1997-07-21 00:00:00-04:00,2.5549614865605426,2.5865042209625244,2.5549614865605426,2.5865042209625244,15000,0.0,0.0
1997-07-22 00:00:00-04:00,2.5707298134312486,2.6022725105285645,2.5707298134312486,2.6022725105285645,9700,0.0,0.0
1997-07-23 00:00:00-04:00,2.5707328537615335,2.5865042209625244,2.5707328537615335,2.5865042209625244,11600,0.0,0.0
1997-07-24 00:00:00-04:00,2.5865012804667153,2.5865012804667153,2.5549585819244385,2.5549585819244385,38600,0.0,0.0
1997-07-25 00:00:00-04:00,2.5549585819244385,2.5865012804667153,2.5549585819244385,2.5549585819244385,5200,0.0,0.0
1997-07-28 00:00:00-04:00,2.5549614865605426,2.5865042209625244,2.5549614865605426,2.5865042209625244,12400,0.0,0.0
1997-07-29 00:00:00-04:00,2.5865042209625244,2.5865042209625244,2.5707328537615335,2.5865042209625244,12200,0.0,0.0
1997-07-30 00:00:00-04:00,2.5707328537615335,2.6022755881635153,2.5707328537615335,2.5865042209625244,24900,0.0,0.0
1997-07-31 00:00:00-04:00,2.6022755881635153,2.6022755881635153,2.5707328537615335,2.5865042209625244,29400,0.0,0.0
1997-08-01 00:00:00-04:00,2.5865012804667153,2.5865012804667153,2.523415883382161,2.5549585819244385,27100,0.0,0.0
1997-08-04 00:00:00-04:00,2.5549585819244385,2.5549585819244385,2.5391872326533,2.5549585819244385,21000,0.0,0.0
1997-08-05 00:00:00-04:00,2.5549593322847515,2.5707306861877437,2.5391879783817592,2.570730686187744,31000,0.0,0.0
1997-08-06 00:00:00-04:00,2.5391901193595516,2.5865042209625244,2.5391901193595516,2.5865042209625244,19200,0.0,0.0
1997-08-07 00:00:00-04:00,2.5707328537615335,2.5865042209625244,2.5549614865605426,2.5865042209625244,39300,0.0,0.0
1997-08-08 00:00:00-04:00,2.5865012804667153,2.5865012804667153,2.5549585819244385,2.5549585819244385,25700,0.0,0.0
1997-08-11 00:00:00-04:00,2.5549593322847515,2.5707306861877437,2.5549593322847515,2.570730686187744,10100,0.0,0.0
1997-08-12 00:00:00-04:00,2.5549585819244385,2.5865012804667153,2.5549585819244385,2.5549585819244385,7900,0.0,0.0
1997-08-13 00:00:00-04:00,2.582976361477014,2.6146693229675293,2.582976361477014,2.6146693229675293,28500,0.048,0.0
1997-08-14 00:00:00-04:00,2.6146693229675293,2.646362284458045,2.6146693229675293,2.6146693229675293,121800,0.0,0.0
1997-08-15 00:00:00-04:00,2.614668593174074,2.630515069496341,2.5988221168518066,2.5988221168518066,34100,0.0,0.0
1997-08-18 00:00:00-04:00,2.614669096039002,2.6463620547788693,2.598822616669069,2.6305155754089355,15700,0.0,0.0
1997-08-19 00:00:00-04:00,2.598822616669069,2.6622085341488027,2.598822616669069,2.6305155754089355,79800,0.0,0.0
1997-08-20 00:00:00-04:00,2.6305155754089355,2.6463620547788693,2.614669096039002,2.6305155754089355,29500,0.0,0.0
1997-08-21 00:00:00-04:00,2.630515069496341,2.630515069496341,2.5988221168518066,2.5988221168518066,22900,0.0,0.0
1997-08-22 00:00:00-04:00,2.5988221168518066,2.5988221168518066,2.5829756405295394,2.5988221168518066,25200,0.0,0.0
1997-08-25 00:00:00-04:00,2.5829732123716376,2.5829732123716376,2.567126750946045,2.567126750946045,16700,0.0,0.0
1997-08-26 00:00:00-04:00,2.5829756405295394,2.5988221168518066,2.5671291642072727,2.5988221168518066,23300,0.0,0.0
1997-08-27 00:00:00-04:00,2.6146693229675293,2.6146693229675293,2.5988228422222717,2.6146693229675293,9700,0.0,0.0
1997-08-28 00:00:00-04:00,2.614668593174074,2.614668593174074,2.5988221168518066,2.5988221168518066,15800,0.0,0.0
1997-08-29 00:00:00-04:00,2.6146695438338203,2.6146695438338203,2.5829765796661377,2.5829765796661377,9200,0.0,0.0
1997-09-02 00:00:00-04:00,2.5829765796661377,2.5829765796661377,2.567130097582296,2.5829765796661377,13000,0.0,0.0
1997-09-03 00:00:00-04:00,2.598823061749979,2.598823061749979,2.5829765796661377,2.5829765796661377,11100,0.0,0.0
1997-09-04 00:00:00-04:00,2.598823061749979,2.598823061749979,2.567130097582296,2.5829765796661377,12900,0.0,0.0
1997-09-05 00:00:00-04:00,2.5829732123716376,2.5988196737972307,2.567126750946045,2.567126750946045,14900,0.0,0.0
1997-09-08 00:00:00-04:00,2.5671291642072727,2.5988221168518066,2.5671291642072727,2.5988221168518066,18800,0.0,0.0
1997-09-09 00:00:00-04:00,2.5988228422222717,2.6146693229675293,2.582976361477014,2.6146693229675293,30000,0.0,0.0
1997-09-10 00:00:00-04:00,2.5988221168518066,2.614668593174074,2.5671291642072727,2.5988221168518066,18600,0.0,0.0
1997-09-11 00:00:00-04:00,2.5792064666748047,2.5951274942468716,2.563285439102738,2.5792064666748047,22000,0.048,0.0
1997-09-12 00:00:00-04:00,2.5792064666748047,2.5792064666748047,2.563285439102738,2.5792064666748047,35000,0.0,0.0
1997-09-15 00:00:00-04:00,2.5792064666748047,2.5951274942468716,2.563285439102738,2.5792064666748047,35500,0.0,0.0
1997-09-16 00:00:00-04:00,2.5792075831715655,2.6110496520996094,2.5632865487075436,2.6110496520996094,24900,0.0,0.0
1997-09-17 00:00:00-04:00,2.6269706865636313,2.6269706865636313,2.5951286176355874,2.6110496520996094,15800,0.0,0.0
1997-09-18 00:00:00-04:00,2.5951286176355874,2.6110496520996094,2.5792075831715655,2.6110496520996094,16300,0.0,0.0
1997-09-19 00:00:00-04:00,2.5951274942468716,2.611048521818938,2.5792064666748047,2.5792064666748047,26500,0.0,0.0
1997-09-22 00:00:00-04:00,2.5792064666748047,2.611048521818938,2.5792064666748047,2.5792064666748047,57700,0.0,0.0
1997-09-23 00:00:00-04:00,2.5951286176355874,2.6110496520996094,2.5951286176355874,2.6110496520996094,13600,0.0,0.0
1997-09-24 00:00:00-04:00,2.5951286176355874,2.6110496520996094,2.5951286176355874,2.6110496520996094,12600,0.0,0.0
1997-09-25 00:00:00-04:00,2.5951274942468716,2.5951274942468716,2.5792064666748047,2.5792064666748047,11300,0.0,0.0
1997-09-26 00:00:00-04:00,2.5792064666748047,2.5951274942468716,2.5792064666748047,2.5792064666748047,5700,0.0,0.0
1997-09-29 00:00:00-04:00,2.5792064666748047,2.5951274942468716,2.5792064666748047,2.5792064666748047,10700,0.0,0.0
1997-09-30 00:00:00-04:00,2.595127820968628,2.6110488505451226,2.5792067913921333,2.595127820968628,49500,0.0,0.0
1997-10-01 00:00:00-04:00,2.5792075831715655,2.6110496520996094,2.5792075831715655,2.6110496520996094,33000,0.0,0.0
1997-10-02 00:00:00-04:00,2.6110496520996094,2.6110496520996094,2.5951286176355874,2.6110496520996094,35000,0.0,0.0
1997-10-03 00:00:00-04:00,2.611048521818938,2.626969549391005,2.5792064666748047,2.5792064666748047,25900,0.0,0.0
1997-10-06 00:00:00-04:00,2.5792067913921333,2.595127820968628,2.5792067913921333,2.595127820968628,18100,0.0,0.0
1997-10-07 00:00:00-04:00,2.5792064666748047,2.5951274942468716,2.563285439102738,2.5792064666748047,34600,0.0,0.0
1997-10-08 00:00:00-04:00,2.5792070120573043,2.5792070120573043,2.5473649501800537,2.5473649501800537,42200,0.0,0.0
1997-10-09 00:00:00-04:00,2.5314440727233887,2.5473651046273096,2.5314440727233887,2.5314440727233887,18300,0.0,0.0
1997-10-10 00:00:00-04:00,2.5107206549399934,2.5107206549399934,2.494728803634643,2.4947288036346436,18900,0.044,0.0
1997-10-13 00:00:00-04:00,2.494728803634643,2.5107206549399934,2.494728803634643,2.4947288036346436,55700,0.0,0.0
1997-10-14 00:00:00-04:00,2.4947279304455803,2.5107197761535645,2.4947279304455803,2.5107197761535645,25100,0.0,0.0
1997-10-15 00:00:00-04:00,2.5107197761535645,2.5107197761535645,2.4947279304455803,2.5107197761535645,44800,0.0,0.0
1997-10-16 00:00:00-04:00,2.526712417602539,2.526712417602539,2.4947287161138996,2.526712417602539,15700,0.0,0.0
1997-10-17 00:00:00-04:00,2.5107197761535645,2.5107197761535645,2.4947279304455803,2.5107197761535645,15900,0.0,0.0
1997-10-20 00:00:00-04:00,2.494727768436555,2.494727768436555,2.47873592376709,2.47873592376709,34500,0.0,0.0
1997-10-21 00:00:00-04:00,2.4787360847375957,2.5107197761535645,2.4787360847375957,2.5107197761535645,22800,0.0,0.0
1997-10-22 00:00:00-04:00,2.5107206549399934,2.5107206549399934,2.4787369523292933,2.4947288036346436,27800,0.0,0.0
1997-10-23 00:00:00-04:00,2.4947279304455803,2.5107197761535645,2.4787360847375957,2.5107197761535645,15900,0.0,0.0
1997-10-24 00:00:00-04:00,2.494727768436555,2.494727768436555,2.47873592376709,2.47873592376709,14500,0.0,0.0
1997-10-27 00:00:00-05:00,2.47873592376709,2.47873592376709,2.4627440790976247,2.47873592376709,28300,0.0,0.0
1997-10-28 00:00:00-05:00,2.462742955076928,2.462742955076928,2.4307592803356695,2.446751117706299,15900,0.0,0.0
1997-10-29 00:00:00-05:00,2.4627440790976247,2.47873592376709,2.4627440790976247,2.47873592376709,13200,0.0,0.0
1997-10-30 00:00:00-05:00,2.4627432823181152,2.4787351218136875,2.4627432823181152,2.4627432823181152,36800,0.0,0.0
1997-10-31 00:00:00-05:00,2.4787351218136875,2.4947269613092597,2.4627432823181152,2.4627432823181152,14300,0.0,0.0
1997-11-03 00:00:00-05:00,2.4627440790976247,2.47873592376709,2.4627440790976247,2.47873592376709,8000,0.0,0.0
1997-11-04 00:00:00-05:00,2.494727768436555,2.494727768436555,2.4627440790976247,2.47873592376709,30300,0.0,0.0
1997-11-05 00:00:00-05:00,2.462745101023943,2.494728803634643,2.462745101023943,2.4947288036346436,17000,0.0,0.0
1997-11-06 00:00:00-05:00,2.4787369523292933,2.494728803634643,2.4787369523292933,2.4947288036346436,21700,0.0,0.0
1997-11-07 00:00:00-05:00,2.494727768436555,2.494727768436555,2.4627440790976247,2.47873592376709,39500,0.0,0.0
1997-11-10 00:00:00-05:00,2.4627440790976247,2.494727768436555,2.4627440790976247,2.47873592376709,16200,0.0,0.0
1997-11-11 00:00:00-05:00,2.4787369523292933,2.494728803634643,2.462745101023943,2.4947288036346436,39800,0.0,0.0
1997-11-12 00:00:00-05:00,2.489972114562988,2.489972114562988,2.457843442117014,2.4899721145629883,26500,0.044,0.0
1997-11-13 00:00:00-05:00,2.489972114562988,2.489972114562988,2.457843442117014,2.4899721145629883,16300,0.0,0.0
1997-11-14 00:00:00-05:00,2.489972114562988,2.489972114562988,2.457843442117014,2.4899721145629883,10800,0.0,0.0
1997-11-17 00:00:00-05:00,2.473907947540283,2.4899722848619734,2.457843610218593,2.473907947540283,12400,0.0,0.0
1997-11-18 00:00:00-05:00,2.473907947540283,2.4899722848619734,2.457843610218593,2.473907947540283,38800,0.0,0.0
1997-11-19 00:00:00-05:00,2.489972114562988,2.489972114562988,2.473907778340001,2.4899721145629883,14800,0.0,0.0
1997-11-20 00:00:00-05:00,2.473907778340001,2.489972114562988,2.473907778340001,2.4899721145629883,17000,0.0,0.0
1997-11-21 00:00:00-05:00,2.4899722848619734,2.4899722848619734,2.457843610218593,2.473907947540283,35600,0.0,0.0
1997-11-24 00:00:00-05:00,2.473907947540283,2.4899722848619734,2.457843610218593,2.473907947540283,28300,0.0,0.0
1997-11-25 00:00:00-05:00,2.4899722848619734,2.4899722848619734,2.473907947540283,2.473907947540283,12600,0.0,0.0
1997-11-26 00:00:00-05:00,2.473907947540283,2.4899722848619734,2.473907947540283,2.473907947540283,21600,0.0,0.0
1997-11-28 00:00:00-05:00,2.489972114562988,2.489972114562988,2.489972114562988,2.4899721145629883,8100,0.0,0.0
1997-12-01 00:00:00-05:00,2.473909023480538,2.5221020564054832,2.473909023480538,2.506037712097168,46500,0.0,0.0
1997-12-02 00:00:00-05:00,2.5221020564054832,2.5221020564054832,2.489973367788853,2.506037712097168,35200,0.0,0.0
1997-12-03 00:00:00-05:00,2.489973367788853,2.506037712097168,2.473909023480538,2.506037712097168,40900,0.0,0.0
1997-12-04 00:00:00-05:00,2.506037712097168,2.5221020564054832,2.489973367788853,2.506037712097168,33300,0.0,0.0
1997-12-05 00:00:00-05:00,2.489972114562988,2.506036450785975,2.473907778340001,2.4899721145629883,48700,0.0,0.0
1997-12-08 00:00:00-05:00,2.5060366221836636,2.5060366221836636,2.473907947540283,2.473907947540283,26500,0.0,0.0
1997-12-09 00:00:00-05:00,2.473907778340001,2.506036450785975,2.473907778340001,2.4899721145629883,32200,0.0,0.0
1997-12-10 00:00:00-05:00,2.473907947540283,2.5060366221836636,2.473907947540283,2.473907947540283,47600,0.0,0.0
1997-12-11 00:00:00-05:00,2.452991697523329,2.469129800796509,2.452991697523329,2.469129800796509,23800,0.044,0.0
1997-12-12 00:00:00-05:00,2.4529929161071777,2.4852691386875354,2.4529929161071777,2.4529929161071777,34600,0.0,0.0
1997-12-15 00:00:00-05:00,2.4691293007367614,2.485267400741577,2.452991200731946,2.485267400741577,29000,0.0,0.0
1997-12-16 00:00:00-05:00,2.4691293007367614,2.485267400741577,2.4691293007367614,2.485267400741577,52000,0.0,0.0
1997-12-17 00:00:00-05:00,2.4691309252092917,2.5014071464538574,2.4691309252092917,2.5014071464538574,40500,0.0,0.0
1997-12-18 00:00:00-05:00,2.5014071464538574,2.5014071464538574,2.4691309252092917,2.5014071464538574,17300,0.0,0.0
1997-12-19 00:00:00-05:00,2.485267400741577,2.5014055007463925,2.4691293007367614,2.485267400741577,17300,0.0,0.0
1997-12-22 00:00:00-05:00,2.5014055007463925,2.5175436007512078,2.485267400741577,2.485267400741577,49500,0.0,0.0
1997-12-23 00:00:00-05:00,2.485267400741577,2.5014055007463925,2.485267400741577,2.485267400741577,27000,0.0,0.0
1997-12-24 00:00:00-05:00,2.4852690358315743,2.5014071464538574,2.4852690358315743,2.5014071464538574,28700,0.0,0.0
1997-12-26 00:00:00-05:00,2.5014055007463925,2.5014055007463925,2.485267400741577,2.485267400741577,20700,0.0,0.0
1997-12-29 00:00:00-05:00,2.485267400741577,2.5175436007512078,2.485267400741577,2.485267400741577,57000,0.0,0.0
1997-12-30 00:00:00-05:00,2.5175452570761405,2.5175452570761405,2.5014071464538574,2.5014071464538574,35900,0.0,0.0
1997-12-31 00:00:00-05:00,2.50140592837945,2.5175440311431885,2.50140592837945,2.5175440311431885,35700,0.0,0.0
1998-01-02 00:00:00-05:00,2.5175447160271327,2.533682823181153,2.5175447160271327,2.5336828231811523,36700,0.0,0.0
1998-01-05 00:00:00-05:00,2.533682793001585,2.549820899963379,2.533682793001585,2.549820899963379,14600,0.0,0.0
1998-01-06 00:00:00-05:00,2.533682793001585,2.5659590069251723,2.533682793001585,2.549820899963379,37700,0.0,0.0
1998-01-07 00:00:00-05:00,2.533682793001585,2.5659590069251723,2.533682793001585,2.549820899963379,33100,0.0,0.0
1998-01-08 00:00:00-05:00,2.5659590069251723,2.5659590069251723,2.533682793001585,2.549820899963379,15400,0.0,0.0
1998-01-09 00:00:00-05:00,2.533682823181153,2.549820930335173,2.533682823181153,2.5336828231811523,9300,0.0,0.0
1998-01-12 00:00:00-05:00,2.5498208699736207,2.5659589767456055,2.5498208699736207,2.5659589767456055,30300,0.0,0.0
1998-01-13 00:00:00-05:00,2.5449530565285983,2.577372840688198,2.5449530565285983,2.5611629486083984,42800,0.044,0.0
1998-01-14 00:00:00-05:00,2.5611629486083984,2.577372840688198,2.5449530565285983,2.5611629486083984,15700,0.0,0.0
1998-01-15 00:00:00-05:00,2.5611600545967153,2.5773699283599854,2.5449501808334447,2.5773699283599854,43000,0.0,0.0
1998-01-16 00:00:00-05:00,2.5773699283599854,2.5773699283599854,2.5611600545967153,2.5773699283599854,16800,0.0,0.0
1998-01-20 00:00:00-05:00,2.5773699283599854,2.5773699283599854,2.5611600545967153,2.5773699283599854,31100,0.0,0.0
1998-01-21 00:00:00-05:00,2.5773699283599854,2.5773699283599854,2.5611600545967153,2.5773699283599854,36600,0.0,0.0
1998-01-22 00:00:00-05:00,2.5773699283599854,2.5773699283599854,2.5611600545967153,2.5773699283599854,77800,0.0,0.0
1998-01-23 00:00:00-05:00,2.5773704780894477,2.5773704780894477,2.528740846427383,2.5449507236480713,57400,0.0,0.0
1998-01-26 00:00:00-05:00,2.544951480168563,2.561161362207853,2.5287415981292725,2.5287415981292725,26400,0.0,0.0
1998-01-27 00:00:00-05:00,2.544950723648071,2.544950723648071,2.528740846427383,2.5449507236480713,19800,0.0,0.0
1998-01-28 00:00:00-05:00,2.5611606008687593,2.5611606008687593,2.528740846427383,2.5449507236480713,14300,0.0,0.0
1998-01-29 00:00:00-05:00,2.5611629486083984,2.5611629486083984,2.5449530565285983,2.5611629486083984,28600,0.0,0.0
1998-01-30 00:00:00-05:00,2.5611629486083984,2.5611629486083984,2.5449530565285983,2.5611629486083984,25600,0.0,0.0
1998-02-02 00:00:00-05:00,2.5773699283599854,2.5773699283599854,2.5611600545967153,2.5773699283599854,36000,0.0,0.0
1998-02-03 00:00:00-05:00,2.577372840688198,2.577372840688198,2.5611629486083984,2.5611629486083984,19900,0.0,0.0
1998-02-04 00:00:00-05:00,2.5773719823138315,2.60979175567627,2.5611620956326124,2.6097917556762695,52000,0.0,0.0
1998-02-05 00:00:00-05:00,2.60979175567627,2.60979175567627,2.5935818689950505,2.6097917556762695,19800,0.0,0.0
1998-02-06 00:00:00-05:00,2.593581352704837,2.6260011196136475,2.593581352704837,2.6260011196136475,14200,0.0,0.0
1998-02-09 00:00:00-05:00,2.60979175567627,2.626001642357489,2.5935818689950505,2.6097917556762695,33300,0.0,0.0
1998-02-10 00:00:00-05:00,2.593583583831787,2.6260033786296844,2.593583583831787,2.593583583831787,21000,0.0,0.0
1998-02-11 00:00:00-05:00,2.5887628318341966,2.6538889408111572,2.5887628318341966,2.6538889408111572,40600,0.044,0.0
1998-02-12 00:00:00-05:00,2.6538859373185693,2.6701674461364746,2.637604428500664,2.6701674461364746,12500,0.0,0.0
1998-02-13 00:00:00-05:00,2.6376068592071533,2.65388838302942,2.621325335384887,2.6376068592071533,12000,0.0,0.0
1998-02-17 00:00:00-05:00,2.637604428500664,2.6701674461364746,2.6213229196827585,2.6701674461364746,21900,0.0,0.0
1998-02-18 00:00:00-05:00,2.637604428500664,2.6701674461364746,2.637604428500664,2.6701674461364746,30600,0.0,0.0
1998-02-19 00:00:00-05:00,2.6864519894841203,2.7027335166931152,2.653888935066131,2.7027335166931152,21000,0.0,0.0
1998-02-20 00:00:00-05:00,2.7027304637722853,2.735293481408096,2.6701674461364746,2.6701674461364746,21700,0.0,0.0
1998-02-23 00:00:00-05:00,2.6538859373185693,2.7027304637722853,2.637604428500664,2.6701674461364746,16700,0.0,0.0
1998-02-24 00:00:00-05:00,2.65388838302942,2.670169906851686,2.6376068592071533,2.6376068592071533,22500,0.0,0.0
1998-02-25 00:00:00-05:00,2.6376068592071533,2.670169906851686,2.6376068592071533,2.6376068592071533,10600,0.0,0.0
1998-02-26 00:00:00-05:00,2.6376068592071533,2.670169906851686,2.621325335384887,2.6376068592071533,19800,0.0,0.0
1998-02-27 00:00:00-05:00,2.670169906851686,2.670169906851686,2.6376068592071533,2.6376068592071533,5800,0.0,0.0
1998-03-02 00:00:00-05:00,2.65388838302942,2.670169906851686,2.621325335384887,2.6376068592071533,13700,0.0,0.0
1998-03-03 00:00:00-05:00,2.653889316888083,2.7352969646453857,2.653889316888083,2.7352969646453857,56300,0.0,0.0
1998-03-04 00:00:00-05:00,2.7027339055424644,2.7352969646453857,2.686452375991004,2.7352969646453857,26600,0.0,0.0
1998-03-05 00:00:00-05:00,2.7190155094191875,2.7515785694122314,2.686452449426143,2.7515785694122314,32700,0.0,0.0
1998-03-06 00:00:00-05:00,2.7352965711111046,2.7352965711111046,2.7027335166931152,2.7027335166931152,9100,0.0,0.0
1998-03-09 00:00:00-05:00,2.7352928115936095,2.7352928115936095,2.702729801931781,2.7190113067626953,24400,0.0,0.0
1998-03-10 00:00:00-05:00,2.7352970394157095,2.7515785694122314,2.7190155094191875,2.7515785694122314,25100,0.0,0.0
1998-03-11 00:00:00-05:00,2.7630874353296617,2.7794370651245117,2.7467378055348117,2.7794370651245117,17400,0.044,0.0
1998-03-12 00:00:00-05:00,2.7467378055348117,2.7794370651245117,2.7467378055348117,2.7794370651245117,26000,0.0,0.0
1998-03-13 00:00:00-05:00,2.779436661646916,2.779436661646916,2.7467374068040113,2.763087034225464,8900,0.0,0.0
1998-03-16 00:00:00-05:00,2.779436444127282,2.8121356964111324,2.763086817985357,2.812135696411133,8500,0.0,0.0
1998-03-17 00:00:00-05:00,2.7957857633601724,2.844834636401579,2.7957857633601724,2.8284850120544434,13700,0.0,0.0
1998-03-18 00:00:00-05:00,2.7957873344421387,2.828486601511637,2.779437700907389,2.7957873344421387,16100,0.0,0.0
1998-03-19 00:00:00-05:00,2.779436444127282,2.844834948694983,2.779436444127282,2.812135696411133,12900,0.0,0.0
1998-03-20 00:00:00-05:00,2.7957857633601724,2.8284850120544434,2.779436139013037,2.8284850120544434,4300,0.0,0.0
1998-03-23 00:00:00-05:00,2.77943720962062,2.77943720962062,2.6976890563964844,2.6976890563964844,18500,0.0,0.0
1998-03-24 00:00:00-05:00,2.68133933997593,2.68133933997593,2.6322904496105166,2.664989709854126,13500,0.0,0.0
1998-03-25 00:00:00-05:00,2.6322904496105166,2.68133933997593,2.6159408194887126,2.664989709854126,22400,0.0,0.0
1998-03-26 00:00:00-05:00,2.632291472988364,2.68134038242293,2.599592200031987,2.6486411094665527,19500,0.0,0.0
1998-03-27 00:00:00-05:00,2.6486412763595584,2.6486412763595584,2.599592363834381,2.6159420013427734,14400,0.0,0.0
1998-03-30 00:00:00-05:00,2.5995898925805396,2.615939514546455,2.583240270614624,2.583240270614624,28700,0.0,0.0
1998-03-31 00:00:00-05:00,2.550543290597421,2.6486411094665527,2.550543290597421,2.6486411094665527,13200,0.0,0.0
1998-04-01 00:00:00-05:00,2.632291472988364,2.6486411094665527,2.56689292707561,2.6486411094665527,15200,0.0,0.0
1998-04-02 00:00:00-05:00,2.6486403223979904,2.7467381121164345,2.6486403223979904,2.714038848876953,29700,0.0,0.0
1998-04-03 00:00:00-05:00,2.7467381121164345,2.779437375355916,2.714038848876953,2.714038848876953,15900,0.0,0.0
1998-04-06 00:00:00-04:00,2.7467381121164345,2.7630877437361754,2.714038848876953,2.714038848876953,10100,0.0,0.0
1998-04-07 00:00:00-04:00,2.763087578975793,2.763087578975793,2.6976890563964844,2.6976890563964844,9500,0.0,0.0
1998-04-08 00:00:00-04:00,2.714037773772056,2.730387398915261,2.5832407726264144,2.6322896480560303,28900,0.0,0.0
1998-04-09 00:00:00-04:00,2.66498979510683,2.7303883176861388,2.6159409031723486,2.6976890563964844,51700,0.0,0.0
1998-04-13 00:00:00-04:00,2.6599894739546865,2.6599894739546865,2.594310721511361,2.6107304096221924,30700,0.044,0.0
1998-04-14 00:00:00-04:00,2.594308376312256,2.610728049580055,2.561469029776658,2.594308376312256,37500,0.0,0.0
1998-04-15 00:00:00-04:00,2.594308376312256,2.610728049580055,2.561469029776658,2.594308376312256,55800,0.0,0.0
1998-04-16 00:00:00-04:00,2.561471939086914,2.5943113229213615,2.561471939086914,2.561471939086914,38200,0.0,0.0
1998-04-17 00:00:00-04:00,2.5943113229213615,2.5943113229213615,2.561471939086914,2.561471939086914,12700,0.0,0.0
1998-04-20 00:00:00-04:00,2.561469029776658,2.627147722847854,2.561469029776658,2.594308376312256,28500,0.0,0.0
1998-04-21 00:00:00-04:00,2.627150297164917,2.6928290545940397,2.5943109184503554,2.627150297164917,30600,0.0,0.0
1998-04-22 00:00:00-04:00,2.610730528831482,2.659989595413208,2.5943108399709067,2.659989595413208,15100,0.0,0.0
1998-04-23 00:00:00-04:00,2.594310721511361,2.6599894739546865,2.561471345289698,2.6107304096221924,19800,0.0,0.0
1998-04-24 00:00:00-04:00,2.5943113229213615,2.5943113229213615,2.561471939086914,2.561471939086914,24300,0.0,0.0
1998-04-27 00:00:00-04:00,2.6107314544118894,2.6107314544118894,2.5614723703663818,2.5778920650482178,25600,0.0,0.0
1998-04-28 00:00:00-04:00,2.5778902253796976,2.5943099083438996,2.528631176487092,2.545050859451294,11500,0.0,0.0
1998-04-29 00:00:00-04:00,2.528632555252466,2.577891631004138,2.528632555252466,2.561471939086914,11600,0.0,0.0
1998-04-30 00:00:00-04:00,2.545051657178867,2.6107304096221924,2.545051657178867,2.6107304096221924,24400,0.0,0.0
1998-05-01 00:00:00-04:00,2.627147722847854,2.627147722847854,2.594308376312256,2.594308376312256,28100,0.0,0.0
1998-05-04 00:00:00-04:00,2.610728049580055,2.610728049580055,2.594308376312256,2.594308376312256,13100,0.0,0.0
1998-05-05 00:00:00-04:00,2.594308376312256,2.627147722847854,2.594308376312256,2.594308376312256,22400,0.0,0.0
1998-05-06 00:00:00-04:00,2.6271502571816767,2.659989635396448,2.594310878966906,2.6435699462890625,15000,0.0,0.0
1998-05-07 00:00:00-04:00,2.6764092842737837,2.6764092842737837,2.6271502176920576,2.659989595413208,8400,0.0,0.0
1998-05-08 00:00:00-04:00,2.6435698285335447,2.6928288936614986,2.6435698285335447,2.692828893661499,14400,0.0,0.0
1998-05-11 00:00:00-04:00,2.6764092842737837,2.6764092842737837,2.6271502176920576,2.659989595413208,23200,0.0,0.0
1998-05-12 00:00:00-04:00,2.6764090061187744,2.6764090061187744,2.6435696318105686,2.6764090061187744,17100,0.0,0.0
1998-05-13 00:00:00-04:00,2.6385476454248966,2.671529490992708,2.605565799857086,2.622056722640991,70600,0.044,0.0
1998-05-14 00:00:00-04:00,2.605565799857086,2.622056722640991,2.605565799857086,2.622056722640991,5400,0.0,0.0
1998-05-15 00:00:00-04:00,2.605565799857086,2.622056722640991,2.5725839542892746,2.622056722640991,6100,0.0,0.0
1998-05-18 00:00:00-04:00,2.5890724658966064,2.6220542807487925,2.5890724658966064,2.5890724658966064,11200,0.0,0.0
1998-05-19 00:00:00-04:00,2.57258088075662,2.605562686920166,2.57258088075662,2.605562686920166,28100,0.0,0.0
1998-05-20 00:00:00-04:00,2.589071783838393,2.605562686920166,2.589071783838393,2.605562686920166,25100,0.0,0.0
1998-05-21 00:00:00-04:00,2.605562686920166,2.6220535900019395,2.589071783838393,2.605562686920166,36000,0.0,0.0
1998-05-22 00:00:00-04:00,2.5890724658966064,2.6055633733226995,2.5890724658966064,2.5890724658966064,14900,0.0,0.0
1998-05-26 00:00:00-04:00,2.5890724658966064,2.6055633733226995,2.5890724658966064,2.5890724658966064,38300,0.0,0.0
1998-05-27 00:00:00-04:00,2.605562686920166,2.605562686920166,2.589071783838393,2.605562686920166,38900,0.0,0.0
1998-05-28 00:00:00-04:00,2.6220554011624033,2.704509973526001,2.6220554011624033,2.704509973526001,43800,0.0,0.0
1998-05-29 00:00:00-04:00,2.7045097117043713,2.7045097117043713,2.6715278859518787,2.688018798828125,20900,0.0,0.0
1998-06-01 00:00:00-04:00,2.6880180556097146,2.6880180556097146,2.6385453306598428,2.671527147293091,52800,0.0,0.0
1998-06-02 00:00:00-04:00,2.6880186336586274,2.7374913692474365,2.6880186336586274,2.7374913692474365,16400,0.0,0.0
1998-06-03 00:00:00-04:00,2.7539808750152592,2.770471778458464,2.7045081646856435,2.753980875015259,18000,0.0,0.0
1998-06-04 00:00:00-04:00,2.7209990681288487,2.770471778458464,2.7045081646856435,2.753980875015259,12800,0.0,0.0
1998-06-05 00:00:00-04:00,2.753982566651844,2.7704734802246094,2.6550370852152505,2.7704734802246094,30800,0.0,0.0
1998-06-08 00:00:00-04:00,2.704508963926339,2.7539816888762108,2.671527147293091,2.671527147293091,30300,0.0,0.0
1998-06-09 00:00:00-04:00,2.671527147293091,2.704508963926339,2.671527147293091,2.671527147293091,18400,0.0,0.0
1998-06-10 00:00:00-04:00,2.638549566268921,2.671531435847282,2.638549566268921,2.638549566268921,23300,0.0,0.0
1998-06-11 00:00:00-04:00,2.6502073323068442,2.6998987197875977,2.6336435364799264,2.6998987197875977,16100,0.044,0.0
1998-06-12 00:00:00-04:00,2.6833344897868474,2.6998982829336797,2.6667706966400146,2.6667706966400146,5300,0.0,0.0
1998-06-15 00:00:00-04:00,2.666773715615273,2.6833375275135043,2.650209903717041,2.650209903717041,21700,0.0,0.0
1998-06-16 00:00:00-04:00,2.6502074724362217,2.699898862544401,2.6502074724362217,2.683335065841675,29700,0.0,0.0
1998-06-17 00:00:00-04:00,2.6667706966400146,2.6833344897868474,2.6502069034931823,2.6667706966400146,48300,0.0,0.0
1998-06-18 00:00:00-04:00,2.6502069034931823,2.6833344897868474,2.6502069034931823,2.6667706966400146,24700,0.0,0.0
1998-06-19 00:00:00-04:00,2.650209903717041,2.6833375275135043,2.650209903717041,2.650209903717041,15500,0.0,0.0
1998-06-22 00:00:00-04:00,2.6667706966400146,2.6833344897868474,2.6502069034931823,2.6667706966400146,18200,0.0,0.0
1998-06-23 00:00:00-04:00,2.6502074724362217,2.6833350658416744,2.6502074724362217,2.683335065841675,28800,0.0,0.0
1998-06-24 00:00:00-04:00,2.6833344897868474,2.6833344897868474,2.6667706966400146,2.6667706966400146,6800,0.0,0.0
1998-06-25 00:00:00-04:00,2.6833350658416744,2.699898862544401,2.6667712691389482,2.683335065841675,10200,0.0,0.0
1998-06-26 00:00:00-04:00,2.6667706966400146,2.6833344897868474,2.6667706966400146,2.6667706966400146,2200,0.0,0.0
1998-06-29 00:00:00-04:00,2.6833350658416744,2.6833350658416744,2.6667712691389482,2.683335065841675,14000,0.0,0.0
1998-06-30 00:00:00-04:00,2.6833350193209764,2.7164626121520996,2.6833350193209764,2.7164626121520996,23500,0.0,0.0
1998-07-01 00:00:00-04:00,2.716462288584028,2.78271746635437,2.683334699698857,2.78271746635437,26800,0.0,0.0
1998-07-02 00:00:00-04:00,2.749589204788208,2.766152995178498,2.7330254143979174,2.749589204788208,24400,0.0,0.0
1998-07-06 00:00:00-04:00,2.7164626121520996,2.7661540013987844,2.7164626121520996,2.7164626121520996,17100,0.0,0.0
1998-07-07 00:00:00-04:00,2.733025550842285,2.749589342059511,2.716461759625059,2.733025550842285,11700,0.0,0.0
1998-07-08 00:00:00-04:00,2.749589204788208,2.749589204788208,2.716461624007627,2.749589204788208,21900,0.0,0.0
1998-07-09 00:00:00-04:00,2.716461759625059,2.733025550842285,2.716461759625059,2.733025550842285,4000,0.0,0.0
1998-07-10 00:00:00-04:00,2.716461759625059,2.733025550842285,2.716461759625059,2.733025550842285,17500,0.0,0.0
1998-07-13 00:00:00-04:00,2.710938374201457,2.727569897969564,2.6943068504333496,2.6943068504333496,12000,0.042,0.0
1998-07-14 00:00:00-04:00,2.6776790052652357,2.6776790052652357,2.6610474586486816,2.6610474586486816,10700,0.0,0.0
1998-07-15 00:00:00-04:00,2.6776790052652357,2.6776790052652357,2.6610474586486816,2.6610474586486816,16400,0.0,0.0
1998-07-16 00:00:00-04:00,2.6610474586486816,2.6776790052652357,2.6610474586486816,2.6610474586486816,21600,0.0,0.0
1998-07-17 00:00:00-04:00,2.6610474586486816,2.6776790052652357,2.6610474586486816,2.6610474586486816,10900,0.0,0.0
1998-07-20 00:00:00-04:00,2.6610474586486816,2.6776790052652357,2.6610474586486816,2.6610474586486816,10600,0.0,0.0
1998-07-21 00:00:00-04:00,2.6610474586486816,2.6610474586486816,2.644415912032127,2.6610474586486816,9500,0.0,0.0
1998-07-22 00:00:00-04:00,2.6444146633148193,2.661046202077806,2.6444146633148193,2.6444146633148193,10300,0.0,0.0
1998-07-23 00:00:00-04:00,2.644415912032127,2.6776790052652357,2.644415912032127,2.6610474586486816,8000,0.0,0.0
1998-07-24 00:00:00-04:00,2.644411479370503,2.644411479370503,2.6277799606323238,2.627779960632324,12800,0.0,0.0
1998-07-27 00:00:00-04:00,2.6277831245518333,2.6444146633148193,2.5945200470258607,2.6444146633148193,29400,0.0,0.0
1998-07-28 00:00:00-04:00,2.611148441894145,2.6277799606323238,2.5945169231559655,2.627779960632324,14900,0.0,0.0
1998-07-29 00:00:00-04:00,2.6277810752771464,2.64441260107004,2.59451802369136,2.611149549484253,30600,0.0,0.0
1998-07-30 00:00:00-04:00,2.611149549484253,2.6277810752771464,2.611149549484253,2.611149549484253,22900,0.0,0.0
1998-07-31 00:00:00-04:00,2.6277799606323238,2.6277799606323238,2.611148441894145,2.627779960632324,25800,0.0,0.0
1998-08-03 00:00:00-04:00,2.611149549484253,2.6277810752771464,2.59451802369136,2.611149549484253,69400,0.0,0.0
1998-08-04 00:00:00-04:00,2.6277810752771464,2.6277810752771464,2.611149549484253,2.611149549484253,20500,0.0,0.0
1998-08-05 00:00:00-04:00,2.5945186614990234,2.5945186614990234,2.5778871316176195,2.5945186614990234,23100,0.0,0.0
1998-08-06 00:00:00-04:00,2.59451802369136,2.611149549484253,2.5778864978984664,2.611149549484253,13800,0.0,0.0
1998-08-07 00:00:00-04:00,2.59451802369136,2.611149549484253,2.5778864978984664,2.611149549484253,10800,0.0,0.0
1998-08-10 00:00:00-04:00,2.611150191380428,2.611150191380428,2.5945186614990234,2.5945186614990234,14300,0.0,0.0
1998-08-11 00:00:00-04:00,2.5945186614990234,2.5945186614990234,2.5778871316176195,2.5945186614990234,16700,0.0,0.0
1998-08-12 00:00:00-04:00,2.6057432851483746,2.6057432851483746,2.5890398025512695,2.5890398025512695,12000,0.042,0.0
1998-08-13 00:00:00-04:00,2.5890384788637038,2.622445426978074,2.5556315307493334,2.5723350048065186,130600,0.0,0.0
1998-08-14 00:00:00-04:00,2.5723363199541645,2.5890398025512695,2.5723363199541645,2.5890398025512695,11200,0.0,0.0
1998-08-17 00:00:00-04:00,2.572335970707429,2.605742931365967,2.572335970707429,2.605742931365967,69800,0.0,0.0
1998-08-18 00:00:00-04:00,2.6224464116952357,2.6224464116952357,2.589039451036698,2.605742931365967,25400,0.0,0.0
1998-08-19 00:00:00-04:00,2.605742931365967,2.6224464116952357,2.589039451036698,2.605742931365967,19500,0.0,0.0
1998-08-20 00:00:00-04:00,2.6224464116952357,2.6224464116952357,2.589039451036698,2.605742931365967,30900,0.0,0.0
1998-08-21 00:00:00-04:00,2.6057432851483746,2.6057432851483746,2.5723363199541645,2.5890398025512695,45200,0.0,0.0
1998-08-24 00:00:00-04:00,2.6057430558903203,2.6224465370178223,2.6057430558903203,2.6224465370178223,22800,0.0,0.0
1998-08-25 00:00:00-04:00,2.605742931365967,2.6224464116952357,2.589039451036698,2.605742931365967,22400,0.0,0.0
1998-08-26 00:00:00-04:00,2.605742931365967,2.6224464116952357,2.589039451036698,2.605742931365967,16700,0.0,0.0
1998-08-27 00:00:00-04:00,2.6224464116952357,2.6224464116952357,2.605742931365967,2.605742931365967,20500,0.0,0.0
1998-08-28 00:00:00-04:00,2.6057430558903203,2.6224465370178223,2.6057430558903203,2.6224465370178223,18800,0.0,0.0
1998-08-31 00:00:00-04:00,2.6224465370178223,2.6391500181453242,2.6057430558903203,2.6224465370178223,26900,0.0,0.0
1998-09-01 00:00:00-04:00,2.6391498920245047,2.6391498920245047,2.605742931365967,2.605742931365967,14200,0.0,0.0
1998-09-02 00:00:00-04:00,2.6224465370178223,2.6224465370178223,2.6224465370178223,2.6224465370178223,13700,0.0,0.0
1998-09-03 00:00:00-04:00,2.6224450023868413,2.639148473739624,2.605741531034059,2.639148473739624,20700,0.0,0.0
1998-09-04 00:00:00-04:00,2.6224450023868413,2.639148473739624,2.605741531034059,2.639148473739624,11500,0.0,0.0
1998-09-08 00:00:00-04:00,2.605742931365967,2.6391498920245047,2.605742931365967,2.605742931365967,36900,0.0,0.0
1998-09-09 00:00:00-04:00,2.605741531034059,2.639148473739624,2.605741531034059,2.639148473739624,11500,0.0,0.0
1998-09-10 00:00:00-04:00,2.6224465370178223,2.6391500181453242,2.6224465370178223,2.6224465370178223,19900,0.0,0.0
1998-09-11 00:00:00-04:00,2.6169443130493164,2.633719597107325,2.600169028991308,2.6169443130493164,21100,0.042,0.0
1998-09-14 00:00:00-04:00,2.600169113487195,2.6337196826934814,2.600169113487195,2.6337196826934814,22900,0.0,0.0
1998-09-15 00:00:00-04:00,2.6337196826934814,2.6337196826934814,2.600169113487195,2.6337196826934814,31900,0.0,0.0
1998-09-16 00:00:00-04:00,2.6337183457386644,2.650493621826172,2.6337183457386644,2.650493621826172,13000,0.0,0.0
1998-09-17 00:00:00-04:00,2.650493621826172,2.650493621826172,2.616943069651157,2.650493621826172,18900,0.0,0.0
1998-09-18 00:00:00-04:00,2.6337183457386644,2.650493621826172,2.6337183457386644,2.650493621826172,8700,0.0,0.0
1998-09-21 00:00:00-04:00,2.650493621826172,2.650493621826172,2.650493621826172,2.650493621826172,2800,0.0,0.0
1998-09-22 00:00:00-04:00,2.6337183457386644,2.650493621826172,2.6337183457386644,2.650493621826172,4200,0.0,0.0
1998-09-23 00:00:00-04:00,2.6504949672966247,2.6504949672966247,2.6337196826934814,2.6337196826934814,21000,0.0,0.0
1998-09-24 00:00:00-04:00,2.6337205568949384,2.667271137237549,2.6337205568949384,2.667271137237549,44200,0.0,0.0
1998-09-25 00:00:00-04:00,2.6504958470662436,2.667271137237549,2.6337205568949384,2.667271137237549,31100,0.0,0.0
1998-09-28 00:00:00-04:00,2.6840464274088545,2.6840464274088545,2.6504958470662436,2.667271137237549,20400,0.0,0.0
1998-09-29 00:00:00-04:00,2.667271447327971,2.734372615814209,2.667271447327971,2.734372615814209,24600,0.0,0.0
1998-09-30 00:00:00-04:00,2.7343700348612776,2.7846958637237553,2.717594758573785,2.784695863723755,36400,0.0,0.0
1998-10-01 00:00:00-04:00,2.7846958637237553,2.7846958637237553,2.7343700348612776,2.784695863723755,13300,0.0,0.0
1998-10-02 00:00:00-04:00,2.8182458357377485,2.8182458357377485,2.767920017242431,2.7679200172424316,8700,0.0,0.0
1998-10-05 00:00:00-04:00,2.767920017242431,2.767920017242431,2.751144744410659,2.7679200172424316,14700,0.0,0.0
1998-10-06 00:00:00-04:00,2.767923200057328,2.767923200057328,2.7175973236926496,2.734372615814209,29000,0.0,0.0
1998-10-07 00:00:00-04:00,2.717594861984253,2.7343701389100814,2.717594861984253,2.717594861984253,18100,0.0,0.0
1998-10-08 00:00:00-04:00,2.700820821106054,2.700820821106054,2.6337196826934814,2.6337196826934814,25300,0.0,0.0
1998-10-09 00:00:00-04:00,2.667271137237549,2.667271137237549,2.616945266723633,2.667271137237549,13000,0.0,0.0
1998-10-12 00:00:00-04:00,2.667273111641407,2.6840484142303467,2.6504978090524673,2.6840484142303467,13300,0.0,0.0
1998-10-13 00:00:00-04:00,2.678521290421486,2.712213382124901,2.678521290421486,2.6953673362731934,20200,0.042,0.0
1998-10-14 00:00:00-04:00,2.695367201319281,2.7122132463275266,2.678521156311035,2.678521156311035,4100,0.0,0.0
1998-10-15 00:00:00-04:00,2.6953658109866314,2.712211847305298,2.6953658109866314,2.712211847305298,12100,0.0,0.0
1998-10-16 00:00:00-04:00,2.7459052639243047,2.77959735305221,2.712213174796399,2.7290592193603516,37800,0.0,0.0
1998-10-19 00:00:00-04:00,2.7290592193603516,2.7627513084882573,2.7290592193603516,2.7290592193603516,12000,0.0,0.0
1998-10-20 00:00:00-04:00,2.7290559541888353,2.7627480030059814,2.7290559541888353,2.7627480030059814,28200,0.0,0.0
1998-10-21 00:00:00-04:00,2.7290592193603516,2.7627513084882573,2.6953671302324462,2.7290592193603516,35600,0.0,0.0
1998-10-22 00:00:00-04:00,2.729058169148451,2.7459042072296143,2.729058169148451,2.7459042072296143,11500,0.0,0.0
1998-10-23 00:00:00-04:00,2.7290592193603516,2.7290592193603516,2.712213174796399,2.7290592193603516,17300,0.0,0.0
1998-10-26 00:00:00-05:00,2.7290592193603516,2.7627513084882573,2.7290592193603516,2.7290592193603516,13000,0.0,0.0
1998-10-27 00:00:00-05:00,2.7459019785974084,2.7795940274145545,2.7459019785974084,2.7627480030059814,40100,0.0,0.0
1998-10-28 00:00:00-05:00,2.7795956134796143,2.7795956134796143,2.7627495794585255,2.7795956134796143,7000,0.0,0.0
1998-10-29 00:00:00-05:00,2.7627495794585255,2.796441647500703,2.745903545437437,2.7795956134796143,19300,0.0,0.0
1998-10-30 00:00:00-05:00,2.7964425086975098,2.7964425086975098,2.7627504302794677,2.7964425086975098,14400,0.0,0.0
1998-11-02 00:00:00-05:00,2.7964400518231276,2.7964400518231276,2.7459019785974084,2.7627480030059814,17600,0.0,0.0
1998-11-03 00:00:00-05:00,2.7795962833919408,2.7795962833919408,2.729058169148451,2.7459042072296143,36000,0.0,0.0
1998-11-04 00:00:00-05:00,2.7459042072296143,2.7459042072296143,2.7122121310672878,2.7459042072296143,8900,0.0,0.0
1998-11-05 00:00:00-05:00,2.7122121310672878,2.7459042072296143,2.6953660929861245,2.7459042072296143,28000,0.0,0.0
1998-11-06 00:00:00-05:00,2.7459019785974084,2.7627480030059814,2.7290559541888353,2.7627480030059814,30600,0.0,0.0
1998-11-09 00:00:00-05:00,2.7290592193603516,2.7459052639243047,2.6953671302324462,2.7290592193603516,5700,0.0,0.0
1998-11-10 00:00:00-05:00,2.757343350387201,2.774259567260742,2.706594699766578,2.774259567260742,8800,0.042,0.0
1998-11-11 00:00:00-05:00,2.7404255185808455,2.7404255185808455,2.7065931047712057,2.7235093116760254,10000,0.0,0.0
1998-11-12 00:00:00-05:00,2.6896780148148536,2.7235104426741596,2.6896780148148536,2.706594228744507,9500,0.0,0.0
1998-11-13 00:00:00-05:00,2.6896780148148536,2.740426656603813,2.6896780148148536,2.706594228744507,8900,0.0,0.0
1998-11-16 00:00:00-05:00,2.6896780148148536,2.7235104426741596,2.6896780148148536,2.706594228744507,6300,0.0,0.0
1998-11-17 00:00:00-05:00,2.7065924656243974,2.740424871444702,2.7065924656243974,2.740424871444702,8600,0.0,0.0
1998-11-18 00:00:00-05:00,2.706594699766578,2.774259567260742,2.706594699766578,2.774259567260742,28100,0.0,0.0
1998-11-19 00:00:00-05:00,2.7742572772650074,2.7742572772650074,2.7235086685345498,2.740424871444702,11800,0.0,0.0
1998-11-20 00:00:00-05:00,2.7065931047712057,2.7404255185808455,2.7065931047712057,2.7235093116760254,9400,0.0,0.0
1998-11-23 00:00:00-05:00,2.7235093116760254,2.7235093116760254,2.7065931047712057,2.7235093116760254,8500,0.0,0.0
1998-11-24 00:00:00-05:00,2.7235086685345498,2.740424871444702,2.689676262714245,2.740424871444702,27600,0.0,0.0
1998-11-25 00:00:00-05:00,2.7573417254856656,2.7742579323904857,2.7235093116760254,2.7235093116760254,7100,0.0,0.0
1998-11-27 00:00:00-05:00,2.740424871444702,2.740424871444702,2.740424871444702,2.740424871444702,2100,0.0,0.0
1998-11-30 00:00:00-05:00,2.757341494162877,2.8419225215911865,2.757341494162877,2.8419225215911865,37700,0.0,0.0
1998-12-01 00:00:00-05:00,2.8080901106198626,2.8419225215911865,2.8080901106198626,2.8419225215911865,12500,0.0,0.0
1998-12-02 00:00:00-05:00,2.8419225215911865,2.87575493256251,2.8250063161055246,2.8419225215911865,10100,0.0,0.0
1998-12-03 00:00:00-05:00,2.8588390018000744,2.8588390018000744,2.7911741733551025,2.7911741733551025,26000,0.0,0.0
1998-12-04 00:00:00-05:00,2.791173905134201,2.8419225215911865,2.791173905134201,2.8419225215911865,16600,0.0,0.0
1998-12-07 00:00:00-05:00,2.8080903804663455,2.8250065875775885,2.7911741733551025,2.7911741733551025,24400,0.0,0.0
1998-12-08 00:00:00-05:00,2.808090925216675,2.808090925216675,2.791174714823803,2.808090925216675,9500,0.0,0.0
1998-12-09 00:00:00-05:00,2.8080903804663455,2.8080903804663455,2.7911741733551025,2.7911741733551025,11000,0.0,0.0
1998-12-10 00:00:00-05:00,2.808090925216675,2.808090925216675,2.791174714823803,2.808090925216675,6000,0.0,0.0
1998-12-11 00:00:00-05:00,2.7685475060434053,2.8025174140930176,2.7685475060434053,2.8025174140930176,13700,0.042,0.0
1998-12-14 00:00:00-05:00,2.7855346202850346,2.8195045546787543,2.7855346202850346,2.785534620285034,14400,0.0,0.0
1998-12-15 00:00:00-05:00,2.802520717482969,2.8364906655736717,2.802520717482969,2.8195056915283203,15900,0.0,0.0
1998-12-16 00:00:00-05:00,2.8025195874818944,2.8195045546787543,2.7855346202850346,2.785534620285034,17000,0.0,0.0
1998-12-17 00:00:00-05:00,2.7855341683136174,2.7855341683136174,2.751564239431744,2.7685492038726807,13300,0.0,0.0
1998-12-18 00:00:00-05:00,2.8025195874818944,2.8195045546787543,2.7855346202850346,2.785534620285034,22300,0.0,0.0
1998-12-21 00:00:00-05:00,2.7855341683136174,2.7855341683136174,2.751564239431744,2.7685492038726807,14200,0.0,0.0
1998-12-22 00:00:00-05:00,2.751564239431744,2.7855341683136174,2.751564239431744,2.7685492038726807,8600,0.0,0.0
1998-12-23 00:00:00-05:00,2.7685475060434053,2.8025174140930176,2.7685475060434053,2.8025174140930176,23600,0.0,0.0
1998-12-24 00:00:00-05:00,2.8195045546787543,2.8195045546787543,2.7515646858913145,2.785534620285034,29400,0.0,0.0
1998-12-28 00:00:00-05:00,2.7855341683136174,2.802519132754554,2.7685492038726807,2.7685492038726807,14700,0.0,0.0
1998-12-29 00:00:00-05:00,2.802519132754554,2.802519132754554,2.751564239431744,2.7685492038726807,27400,0.0,0.0
1998-12-30 00:00:00-05:00,2.751565933227539,2.7855358830204717,2.751565933227539,2.751565933227539,6700,0.0,0.0
1998-12-31 00:00:00-05:00,2.751565933227539,2.7855358830204717,2.7345809583310725,2.751565933227539,20300,0.0,0.0
1999-01-04 00:00:00-05:00,2.734579110145569,2.7515640735626223,2.7175941467285156,2.7175941467285156,11900,0.0,0.0
1999-01-05 00:00:00-05:00,2.7175941467285156,2.734579110145569,2.6836242198944094,2.7175941467285156,45700,0.0,0.0
1999-01-06 00:00:00-05:00,2.7175941467285156,2.734579110145569,2.6836242198944094,2.7175941467285156,35800,0.0,0.0
1999-01-07 00:00:00-05:00,2.717593930802255,2.717593930802255,2.700608968734741,2.700608968734741,10300,0.0,0.0
1999-01-08 00:00:00-05:00,2.683624267578125,2.700609231296974,2.683624267578125,2.683624267578125,40200,0.0,0.0
1999-01-11 00:00:00-05:00,2.6836238120012226,2.700608772836673,2.6666388511657715,2.6666388511657715,25000,0.0,0.0
1999-01-12 00:00:00-05:00,2.683624006667227,2.700608968734741,2.666639044599713,2.700608968734741,25100,0.0,0.0
1999-01-13 00:00:00-05:00,2.660900831222534,2.6950149444433356,2.660900831222534,2.660900831222534,40600,0.042,0.0
1999-01-14 00:00:00-05:00,2.677956712396839,2.6950137615203853,2.643842614149745,2.6950137615203857,52900,0.0,0.0
1999-01-15 00:00:00-05:00,2.6609019018282556,2.6950160287747718,2.6438448383549975,2.6779589653015137,14500,0.0,0.0
1999-01-19 00:00:00-05:00,2.6779589653015137,2.6779589653015137,2.6609019018282556,2.6779589653015137,23800,0.0,0.0
1999-01-20 00:00:00-05:00,2.6608981652693315,2.6608981652693315,2.626784086227417,2.626784086227417,90500,0.0,0.0
1999-01-21 00:00:00-05:00,2.6267867180017324,2.677957887832935,2.6267867180017324,2.660900831222534,47200,0.0,0.0
1999-01-22 00:00:00-05:00,2.660901666456653,2.660901666456653,2.6438446044921875,2.6438446044921875,36900,0.0,0.0
1999-01-25 00:00:00-05:00,2.6267867180017324,2.660900831222534,2.6267867180017324,2.660900831222534,29000,0.0,0.0
1999-01-26 00:00:00-05:00,2.6267867180017324,2.660900831222534,2.6097296613913317,2.660900831222534,24800,0.0,0.0
1999-01-27 00:00:00-05:00,2.660900209464279,2.660900209464279,2.609729051589966,2.609729051589966,31900,0.0,0.0
1999-01-28 00:00:00-05:00,2.626784086227417,2.626784086227417,2.5926700071855024,2.626784086227417,50400,0.0,0.0
1999-01-29 00:00:00-05:00,2.6097270467064595,2.643841125748374,2.6097270467064595,2.626784086227417,44300,0.0,0.0
1999-02-01 00:00:00-05:00,2.643843774612133,2.660900831222534,2.643843774612133,2.660900831222534,18400,0.0,0.0
1999-02-02 00:00:00-05:00,2.6438446044921875,2.660901666456653,2.6097304805632557,2.6438446044921875,55100,0.0,0.0
1999-02-03 00:00:00-05:00,2.660899663273292,2.6950137615203853,2.660899663273292,2.6950137615203857,33000,0.0,0.0
1999-02-04 00:00:00-05:00,2.695013549923897,2.7291276454925537,2.695013549923897,2.7291276454925537,23600,0.0,0.0
1999-02-05 00:00:00-05:00,2.7120705977082253,2.7461846932768825,2.7120705977082253,2.7291276454925537,25000,0.0,0.0
1999-02-08 00:00:00-05:00,2.7291276454925537,2.7461846932768825,2.7120705977082253,2.7291276454925537,20000,0.0,0.0
1999-02-09 00:00:00-05:00,2.7461849088910255,2.7461849088910255,2.6950137615203853,2.6950137615203857,27900,0.0,0.0
1999-02-10 00:00:00-05:00,2.7236552238464355,2.740785130914652,2.706525316778219,2.7236552238464355,28600,0.042,0.0
1999-02-11 00:00:00-05:00,2.7579152688384054,2.7579152688384054,2.7236554518342015,2.7407853603363037,7300,0.0,0.0
1999-02-12 00:00:00-05:00,2.7236552329003056,2.740785140025465,2.7065253257751465,2.7065253257751465,34400,0.0,0.0
1999-02-16 00:00:00-05:00,2.7065253257751465,2.740785140025465,2.7065253257751465,2.7065253257751465,17400,0.0,0.0
1999-02-17 00:00:00-05:00,2.7407853603363037,2.7579152688384054,2.7065255433321,2.7407853603363037,23000,0.0,0.0
1999-02-18 00:00:00-05:00,2.7579152688384054,2.7579152688384054,2.7407853603363037,2.7407853603363037,23300,0.0,0.0
1999-02-19 00:00:00-05:00,2.7407860607834333,2.7579159736633296,2.723656147903537,2.75791597366333,17800,0.0,0.0
1999-02-22 00:00:00-05:00,2.7236552238464355,2.7579150379828685,2.7236552238464355,2.7236552238464355,14800,0.0,0.0
1999-02-23 00:00:00-05:00,2.7236554518342015,2.7407853603363037,2.7065255433321,2.7407853603363037,19100,0.0,0.0
1999-02-24 00:00:00-05:00,2.7407860607834333,2.7579159736633296,2.7407860607834333,2.75791597366333,11200,0.0,0.0
1999-02-25 00:00:00-05:00,2.740785130914652,2.740785130914652,2.706525316778219,2.7236552238464355,32700,0.0,0.0
1999-02-26 00:00:00-05:00,2.7407853603363037,2.7407853603363037,2.7065255433321,2.7407853603363037,30600,0.0,0.0
1999-03-01 00:00:00-05:00,2.740785140025465,2.740785140025465,2.7065253257751465,2.7065253257751465,24000,0.0,0.0
1999-03-02 00:00:00-05:00,2.740785130914652,2.740785130914652,2.689395409710002,2.7236552238464355,41200,0.0,0.0
1999-03-03 00:00:00-05:00,2.706525316778219,2.7236552238464355,2.706525316778219,2.7236552238464355,26600,0.0,0.0
1999-03-04 00:00:00-05:00,2.7065253257751465,2.740785140025465,2.6893954186499873,2.7065253257751465,68800,0.0,0.0
1999-03-05 00:00:00-05:00,2.706525316778219,2.7236552238464355,2.706525316778219,2.7236552238464355,36100,0.0,0.0
1999-03-08 00:00:00-05:00,2.740785130914652,2.740785130914652,2.706525316778219,2.7236552238464355,15200,0.0,0.0
1999-03-09 00:00:00-05:00,2.7236552238464355,2.740785130914652,2.706525316778219,2.7236552238464355,19300,0.0,0.0
1999-03-10 00:00:00-05:00,2.7407853603363037,2.7407853603363037,2.7065255433321,2.7407853603363037,17500,0.0,0.0
1999-03-11 00:00:00-05:00,2.735142244568354,2.735142244568354,2.7007379396052302,2.717940092086792,7500,0.042,0.0
1999-03-12 00:00:00-05:00,2.7179400920867924,2.735142244568354,2.7007379396052302,2.717940092086792,20200,0.0,0.0
1999-03-15 00:00:00-05:00,2.7007379396052302,2.735142244568354,2.7007379396052302,2.717940092086792,24300,0.0,0.0
1999-03-16 00:00:00-05:00,2.7179400920867924,2.735142244568354,2.7179400920867924,2.717940092086792,24500,0.0,0.0
1999-03-17 00:00:00-05:00,2.735144323443774,2.7695486545562744,2.717942157887524,2.7695486545562744,27600,0.0,0.0
1999-03-18 00:00:00-05:00,2.7523443970499164,2.7523443970499164,2.7007379396052302,2.717940092086792,30100,0.0,0.0
1999-03-19 00:00:00-05:00,2.7007379396052302,2.7179400920867924,2.6835357871236685,2.717940092086792,47000,0.0,0.0
1999-03-22 00:00:00-05:00,2.717939385942593,2.717939385942593,2.683535089918003,2.700737237930298,24200,0.0,0.0
1999-03-23 00:00:00-05:00,2.700737237930298,2.717939385942593,2.683535089918003,2.700737237930298,15400,0.0,0.0
1999-03-24 00:00:00-05:00,2.717940552429583,2.735142707824707,2.7007383970344594,2.735142707824707,16600,0.0,0.0
1999-03-25 00:00:00-05:00,2.717939385942593,2.735141533954888,2.700737237930298,2.700737237930298,13100,0.0,0.0
1999-03-26 00:00:00-05:00,2.7007379396052302,2.7179400920867924,2.7007379396052302,2.717940092086792,9300,0.0,0.0
1999-03-29 00:00:00-05:00,2.717943500249814,2.717943500249814,2.6663369780931716,2.6835391521453857,39700,0.0,0.0
1999-03-30 00:00:00-05:00,2.683535089918003,2.717939385942593,2.6663329419057082,2.700737237930298,33300,0.0,0.0
1999-03-31 00:00:00-05:00,2.683535089918003,2.717939385942593,2.683535089918003,2.700737237930298,24400,0.0,0.0
1999-04-01 00:00:00-05:00,2.735142707824707,2.752344863219831,2.717940552429583,2.735142707824707,27200,0.0,0.0
1999-04-05 00:00:00-04:00,2.7523443970499164,2.769546549531478,2.7179400920867924,2.717940092086792,40500,0.0,0.0
1999-04-06 00:00:00-04:00,2.735142244568354,2.7523443970499164,2.6835357871236685,2.717940092086792,38400,0.0,0.0
1999-04-07 00:00:00-04:00,2.7007379396052302,2.735142244568354,2.6835357871236685,2.717940092086792,24300,0.0,0.0
1999-04-08 00:00:00-04:00,2.7179400920867924,2.735142244568354,2.7007379396052302,2.717940092086792,34400,0.0,0.0
1999-04-09 00:00:00-04:00,2.7179419487714767,2.7523462772369385,2.7179419487714767,2.7523462772369385,24700,0.0,0.0
1999-04-12 00:00:00-04:00,2.735142707824707,2.752344863219831,2.735142707824707,2.735142707824707,15600,0.0,0.0
1999-04-13 00:00:00-04:00,2.746752423048019,2.7813027679920195,2.746752423048019,2.7640275955200195,23600,0.042,0.0
1999-04-14 00:00:00-04:00,2.764025754148855,2.7813009151122854,2.746750593185425,2.746750593185425,10400,0.0,0.0
1999-04-15 00:00:00-04:00,2.746750593185425,2.764025754148855,2.746750593185425,2.746750593185425,14500,0.0,0.0
1999-04-16 00:00:00-04:00,2.746750593185425,2.7813009151122854,2.746750593185425,2.746750593185425,14700,0.0,0.0
1999-04-19 00:00:00-04:00,2.746750593185425,2.764025754148855,2.746750593185425,2.746750593185425,6200,0.0,0.0
1999-04-20 00:00:00-04:00,2.746752423048019,2.7640275955200195,2.746752423048019,2.7640275955200195,16800,0.0,0.0
1999-04-21 00:00:00-04:00,2.746752423048019,2.7813027679920195,2.729477250576019,2.7640275955200195,17300,0.0,0.0
1999-04-22 00:00:00-04:00,2.798579692840576,2.798579692840576,2.764029326262297,2.798579692840576,16300,0.0,0.0
1999-04-23 00:00:00-04:00,2.7813045095514366,2.8158548761297153,2.7813045095514366,2.798579692840576,9300,0.0,0.0
1999-04-26 00:00:00-04:00,2.781302463717577,2.833127975463867,2.781302463717577,2.833127975463867,22600,0.0,0.0
1999-04-27 00:00:00-04:00,2.79857794046402,2.8331282854080198,2.7640275955200195,2.7640275955200195,30000,0.0,0.0
1999-04-28 00:00:00-04:00,2.7813027679920195,2.7813027679920195,2.7640275955200195,2.7640275955200195,13500,0.0,0.0
1999-04-29 00:00:00-04:00,2.7813045095514366,2.798579692840576,2.764029326262297,2.798579692840576,15200,0.0,0.0
1999-04-30 00:00:00-04:00,2.781301498413086,2.7985766629995026,2.781301498413086,2.781301498413086,7100,0.0,0.0
1999-05-03 00:00:00-04:00,2.781301498413086,2.7985766629995026,2.781301498413086,2.781301498413086,10900,0.0,0.0
1999-05-04 00:00:00-04:00,2.7985761437235,2.7985761437235,2.729475498199463,2.729475498199463,33800,0.0,0.0
1999-05-05 00:00:00-04:00,2.746752423048019,2.7640275955200195,2.729477250576019,2.7640275955200195,29900,0.0,0.0
1999-05-06 00:00:00-04:00,2.7640275955200195,2.7640275955200195,2.7640275955200195,2.7640275955200195,19600,0.0,0.0
1999-05-07 00:00:00-04:00,2.746752423048019,2.7640275955200195,2.746752423048019,2.7640275955200195,14400,0.0,0.0
1999-05-10 00:00:00-04:00,2.7813027679920195,2.7813027679920195,2.746752423048019,2.7640275955200195,23900,0.0,0.0
1999-05-11 00:00:00-04:00,2.7467506595804725,2.7640258209614816,2.729475498199463,2.729475498199463,17500,0.0,0.0
1999-05-12 00:00:00-04:00,2.7237865466337934,2.74113550552955,2.706437587738037,2.706437587738037,23300,0.042,0.0
1999-05-13 00:00:00-04:00,2.7064375415925057,2.7237865001924577,2.6890885829925537,2.6890885829925537,29000,0.0,0.0
1999-05-14 00:00:00-04:00,2.6890879555752405,2.6890879555752405,2.5849942282626506,2.6370410919189453,47800,0.0,0.0
1999-05-17 00:00:00-04:00,2.619692137366847,2.6543900464710437,2.619692137366847,2.6370410919189453,26300,0.0,0.0
1999-05-18 00:00:00-04:00,2.6023438434727146,2.619692802429199,2.58499488451623,2.619692802429199,26400,0.0,0.0
1999-05-19 00:00:00-04:00,2.6370410919189453,2.6543900464710437,2.5849942282626506,2.6370410919189453,28000,0.0,0.0
1999-05-20 00:00:00-04:00,2.6370429229736327,2.6370429229736327,2.6023449897766113,2.6023449897766113,32500,0.0,0.0
1999-05-21 00:00:00-04:00,2.619692802429199,2.6370417613856842,2.6023438434727146,2.619692802429199,14100,0.0,0.0
1999-05-24 00:00:00-04:00,2.619693956375122,2.6370429229736327,2.6023449897766113,2.6023449897766113,41600,0.0,0.0
1999-05-25 00:00:00-04:00,2.5849960231781006,2.6023449897766113,2.5849960231781006,2.6023449897766113,16500,0.0,0.0
1999-05-26 00:00:00-04:00,2.6023435112613957,2.6023435112613957,2.5676455977779105,2.5849945545196533,21700,0.0,0.0
1999-05-27 00:00:00-04:00,2.5849942282626506,2.6370410919189453,2.567645273710552,2.6370410919189453,75300,0.0,0.0
1999-05-28 00:00:00-04:00,2.6370417613856842,2.6370417613856842,2.619692802429199,2.619692802429199,23700,0.0,0.0
1999-06-01 00:00:00-04:00,2.619693956375122,2.6370429229736327,2.5849960231781006,2.6023449897766113,27100,0.0,0.0
1999-06-02 00:00:00-04:00,2.6023449897766113,2.6023449897766113,2.5849960231781006,2.6023449897766113,10900,0.0,0.0
1999-06-03 00:00:00-04:00,2.5849945545196533,2.619692468003138,2.5849945545196533,2.5849945545196533,11100,0.0,0.0
1999-06-04 00:00:00-04:00,2.6023449897766113,2.6370429229736327,2.6023449897766113,2.6023449897766113,21300,0.0,0.0
1999-06-07 00:00:00-04:00,2.619693363414091,2.654391288757324,2.619693363414091,2.654391288757324,31200,0.0,0.0
1999-06-08 00:00:00-04:00,2.6543900464710437,2.6543900464710437,2.6370410919189453,2.6370410919189453,39700,0.0,0.0
1999-06-09 00:00:00-04:00,2.6370417613856842,2.6370417613856842,2.58499488451623,2.619692802429199,47800,0.0,0.0
1999-06-10 00:00:00-04:00,2.6023438434727146,2.619692802429199,2.6023438434727146,2.619692802429199,2400,0.0,0.0
1999-06-11 00:00:00-04:00,2.6139793395996094,2.6314058685302735,2.5965528106689453,2.6139793395996094,26600,0.042,0.0
1999-06-14 00:00:00-04:00,2.5965499313254106,2.648829460144043,2.5965499313254106,2.648829460144043,16700,0.0,0.0
1999-06-15 00:00:00-04:00,2.6662564060904765,2.683682918548584,2.6488298936323686,2.683682918548584,14100,0.0,0.0
1999-06-16 00:00:00-04:00,2.683682918548584,2.701109431006692,2.6662564060904765,2.683682918548584,17000,0.0,0.0
1999-06-17 00:00:00-04:00,2.6662564060904765,2.683682918548584,2.6662564060904765,2.683682918548584,8300,0.0,0.0
1999-06-18 00:00:00-04:00,2.7011096477508545,2.7011096477508545,2.683683133894397,2.7011096477508545,14300,0.0,0.0
1999-06-21 00:00:00-04:00,2.683682854767818,2.735962390899658,2.683682854767818,2.735962390899658,18200,0.0,0.0
1999-06-22 00:00:00-04:00,2.701109431006692,2.701109431006692,2.683682918548584,2.683682918548584,15600,0.0,0.0
1999-06-23 00:00:00-04:00,2.701109431006692,2.701109431006692,2.683682918548584,2.683682918548584,44200,0.0,0.0
1999-06-24 00:00:00-04:00,2.683683133894397,2.7185361616073114,2.683683133894397,2.7011096477508545,5500,0.0,0.0
1999-06-25 00:00:00-04:00,2.718536138534546,2.7533891659516554,2.6836831111174364,2.718536138534546,34400,0.0,0.0
1999-06-28 00:00:00-04:00,2.7011093668117647,2.7533889029436054,2.7011093668117647,2.735962390899658,24600,0.0,0.0
1999-06-29 00:00:00-04:00,2.753387928009033,2.753387928009033,2.7185349162620835,2.753387928009033,17200,0.0,0.0
1999-06-30 00:00:00-04:00,2.7533889029436054,2.7533889029436054,2.735962390899658,2.735962390899658,13200,0.0,0.0
1999-07-01 00:00:00-04:00,2.753387928009033,2.753387928009033,2.7359614221355586,2.753387928009033,21700,0.0,0.0
1999-07-02 00:00:00-04:00,2.7533889029436054,2.7533889029436054,2.7185358788557115,2.735962390899658,8900,0.0,0.0
1999-07-06 00:00:00-04:00,2.7185358788557115,2.735962390899658,2.7185358788557115,2.735962390899658,45100,0.0,0.0
1999-07-07 00:00:00-04:00,2.7185358788557115,2.7533889029436054,2.7185358788557115,2.735962390899658,22800,0.0,0.0
1999-07-08 00:00:00-04:00,2.7533891659516554,2.7533891659516554,2.718536138534546,2.718536138534546,8700,0.0,0.0
1999-07-09 00:00:00-04:00,2.7185358788557115,2.7533889029436054,2.7185358788557115,2.735962390899658,23900,0.0,0.0
1999-07-12 00:00:00-04:00,2.7359626522431006,2.7359626522431006,2.718536138534546,2.718536138534546,4000,0.0,0.0
1999-07-13 00:00:00-04:00,2.730297088623047,2.765300897451547,2.730297088623047,2.730297088623047,12300,0.042,0.0
1999-07-14 00:00:00-04:00,2.7127951842087965,2.730297088623047,2.695293279794546,2.730297088623047,20700,0.0,0.0
1999-07-15 00:00:00-04:00,2.730297088623047,2.730297088623047,2.7127951842087965,2.730297088623047,17800,0.0,0.0
1999-07-16 00:00:00-04:00,2.7127950191497803,2.7302969224991336,2.7127950191497803,2.7127950191497803,9500,0.0,0.0
1999-07-19 00:00:00-04:00,2.7302969224991336,2.7302969224991336,2.7127950191497803,2.7127950191497803,13200,0.0,0.0
1999-07-20 00:00:00-04:00,2.7127951842087965,2.730297088623047,2.7127951842087965,2.730297088623047,16500,0.0,0.0
1999-07-21 00:00:00-04:00,2.7127951842087965,2.730297088623047,2.695293279794546,2.730297088623047,41300,0.0,0.0
1999-07-22 00:00:00-04:00,2.7127951117837505,2.7477989196777344,2.7127951117837505,2.7477989196777344,28600,0.0,0.0
1999-07-23 00:00:00-04:00,2.7302970157307427,2.7477989196777344,2.7302970157307427,2.7477989196777344,12000,0.0,0.0
1999-07-26 00:00:00-04:00,2.7302970157307427,2.7477989196777344,2.7302970157307427,2.7477989196777344,21800,0.0,0.0
1999-07-27 00:00:00-04:00,2.730297088623047,2.747798993037297,2.730297088623047,2.730297088623047,11800,0.0,0.0
1999-07-28 00:00:00-04:00,2.7302969224991336,2.747798825848487,2.7127950191497803,2.7127950191497803,17100,0.0,0.0
1999-07-29 00:00:00-04:00,2.7127950191497803,2.7302969224991336,2.6952931158004265,2.7127950191497803,17000,0.0,0.0
1999-07-30 00:00:00-04:00,2.7302969224991336,2.747798825848487,2.7127950191497803,2.7127950191497803,17400,0.0,0.0
1999-08-02 00:00:00-04:00,2.7302970157307427,2.7477989196777344,2.7127951117837505,2.7477989196777344,12700,0.0,0.0
1999-08-03 00:00:00-04:00,2.730296002158636,2.7652997970581055,2.730296002158636,2.7652997970581055,10000,0.0,0.0
1999-08-04 00:00:00-04:00,2.7477989196777344,2.7477989196777344,2.7127951117837505,2.7477989196777344,13200,0.0,0.0
1999-08-05 00:00:00-04:00,2.7302970157307427,2.7653008236247265,2.7302970157307427,2.7477989196777344,3400,0.0,0.0
1999-08-06 00:00:00-04:00,2.7127951842087965,2.730297088623047,2.7127951842087965,2.730297088623047,14800,0.0,0.0
1999-08-09 00:00:00-04:00,2.712796131769816,2.7302980422973633,2.6777923107147217,2.6777923107147217,22600,0.0,0.0
1999-08-10 00:00:00-04:00,2.67779047081345,2.695292369315499,2.6602885723114014,2.6602885723114014,16400,0.0,0.0
1999-08-11 00:00:00-04:00,2.636944532394409,2.6721037928263347,2.636944532394409,2.636944532394409,31100,0.042,0.0
1999-08-12 00:00:00-04:00,2.6369448476189734,2.6369448476189734,2.6193652153015137,2.6193652153015137,14200,0.0,0.0
1999-08-13 00:00:00-04:00,2.6369448476189734,2.6369448476189734,2.6193652153015137,2.6193652153015137,13100,0.0,0.0
1999-08-16 00:00:00-04:00,2.63694395890107,2.63694395890107,2.6017847061157227,2.6017847061157227,27200,0.0,0.0
1999-08-17 00:00:00-04:00,2.601785582984054,2.6193652153015137,2.584205950666594,2.6193652153015137,32900,0.0,0.0
1999-08-18 00:00:00-04:00,2.6017833372362618,2.6017833372362618,2.5842037200927734,2.5842037200927734,27500,0.0,0.0
1999-08-19 00:00:00-04:00,2.5842061826627547,2.5842061826627547,2.5314672809757597,2.56662654876709,28100,0.0,0.0
1999-08-20 00:00:00-04:00,2.549046186300424,2.5666258151714616,2.4787276708162747,2.5138869285583496,25400,0.0,0.0
1999-08-23 00:00:00-04:00,2.4963098850803096,2.4963098850803096,2.4084116496901578,2.4259912967681885,79500,0.0,0.0
1999-08-24 00:00:00-04:00,2.4787302017211914,2.4787302017211914,2.443570908079756,2.4787302017211914,40100,0.0,0.0
1999-08-25 00:00:00-04:00,2.4435677847392125,2.4963066577911377,2.4435677847392125,2.4963066577911377,56100,0.0,0.0
1999-08-26 00:00:00-04:00,2.4963069225179737,2.5842050535925503,2.4963069225179737,2.5490458011627197,41000,0.0,0.0
1999-08-27 00:00:00-04:00,2.56662654876709,2.56662654876709,2.5490469148714245,2.56662654876709,3000,0.0,0.0
1999-08-30 00:00:00-04:00,2.5666263183491345,2.6369448476189734,2.5666263183491345,2.6193652153015137,37900,0.0,0.0
1999-08-31 00:00:00-04:00,2.6193643325083964,2.6193643325083964,2.584205079723049,2.6017847061157227,36900,0.0,0.0
1999-09-01 00:00:00-04:00,2.6017847061157227,2.6017847061157227,2.584205079723049,2.6017847061157227,31000,0.0,0.0
1999-09-02 00:00:00-04:00,2.6017833372362618,2.6017833372362618,2.566624102949285,2.5842037200927734,21500,0.0,0.0
1999-09-03 00:00:00-04:00,2.5842037200927734,2.61936295437975,2.5842037200927734,2.5842037200927734,7800,0.0,0.0
1999-09-07 00:00:00-04:00,2.584205079723049,2.6017847061157227,2.584205079723049,2.6017847061157227,8900,0.0,0.0
1999-09-08 00:00:00-04:00,2.6017847061157227,2.6193643325083964,2.584205079723049,2.6017847061157227,26200,0.0,0.0
1999-09-09 00:00:00-04:00,2.601785271962484,2.636944532394409,2.601785271962484,2.636944532394409,26300,0.0,0.0
1999-09-10 00:00:00-04:00,2.6193652153015137,2.6369448476189734,2.6193652153015137,2.6193652153015137,5300,0.0,0.0
1999-09-13 00:00:00-04:00,2.5959112644195557,2.6135705247217293,2.578252004117382,2.5959112644195557,22500,0.042,0.0
1999-09-14 00:00:00-04:00,2.6135740806316505,2.6135740806316505,2.560596227645874,2.560596227645874,14900,0.0,0.0
1999-09-15 00:00:00-04:00,2.560594644811418,2.560594644811418,2.525276097986433,2.542935371398926,26300,0.0,0.0
1999-09-16 00:00:00-04:00,2.5076152528082574,2.5252745151519775,2.4899559904645376,2.5252745151519775,15400,0.0,0.0
1999-09-17 00:00:00-04:00,2.507614755630493,2.54293327331543,2.4546369791030886,2.4722962379455566,32600,0.0,0.0
1999-09-20 00:00:00-04:00,2.4722982310562682,2.507616777214215,2.454638957977295,2.454638957977295,41700,0.0,0.0
1999-09-21 00:00:00-04:00,2.4722982310562682,2.4722982310562682,2.4369796848983216,2.454638957977295,11100,0.0,0.0
1999-09-22 00:00:00-04:00,2.454638957977295,2.4722982310562682,2.4369796848983216,2.454638957977295,34800,0.0,0.0
1999-09-23 00:00:00-04:00,2.4546391320054552,2.4722984063364297,2.419320583343506,2.419320583343506,44500,0.0,0.0
1999-09-24 00:00:00-04:00,2.4369796848983216,2.454638957977295,2.4193204118193483,2.454638957977295,22500,0.0,0.0
1999-09-27 00:00:00-04:00,2.4546383239220884,2.4546383239220884,2.419319786887238,2.436979055404663,52500,0.0,0.0
1999-09-28 00:00:00-04:00,2.4369809170986745,2.5076180451305197,2.4369809170986745,2.4899587631225586,42900,0.0,0.0
1999-09-29 00:00:00-04:00,2.5076169967651367,2.5252762713902435,2.4899577221400304,2.5076169967651367,49400,0.0,0.0
1999-09-30 00:00:00-04:00,2.5252745151519775,2.5252745151519775,2.5076152528082574,2.5252745151519775,23300,0.0,0.0
1999-10-01 00:00:00-04:00,2.5076169967651367,2.5252762713902435,2.4722984475149237,2.5076169967651367,22300,0.0,0.0
1999-10-04 00:00:00-04:00,2.5076180451305197,2.5076180451305197,2.4899587631225586,2.4899587631225586,9900,0.0,0.0
1999-10-05 00:00:00-04:00,2.4899577221400304,2.5252762713902435,2.4899577221400304,2.5076169967651367,19100,0.0,0.0
1999-10-06 00:00:00-04:00,2.525277327138481,2.5429366091464427,2.4899587631225586,2.4899587631225586,31600,0.0,0.0
1999-10-07 00:00:00-04:00,2.489955496788025,2.489955496788025,2.4722962379455566,2.4722962379455566,14000,0.0,0.0
1999-10-08 00:00:00-04:00,2.489955496788025,2.489955496788025,2.4546369791030886,2.4722962379455566,42700,0.0,0.0
1999-10-11 00:00:00-04:00,2.4722962379455566,2.489955496788025,2.4546369791030886,2.4722962379455566,34400,0.0,0.0
1999-10-12 00:00:00-04:00,2.472297592439513,2.472297592439513,2.436979055404663,2.436979055404663,36900,0.0,0.0
1999-10-13 00:00:00-04:00,2.448904514312744,2.4666501991990684,2.43115882942642,2.448904514312744,21600,0.042,0.0
1999-10-14 00:00:00-04:00,2.448904514312744,2.448904514312744,2.3956674596537715,2.448904514312744,30800,0.0,0.0
1999-10-15 00:00:00-04:00,2.44890296459198,2.44890296459198,2.395665943622589,2.4134116172790527,15300,0.0,0.0
1999-10-18 00:00:00-04:00,2.4134116172790527,2.4134116172790527,2.3779202699661255,2.4134116172790527,43700,0.0,0.0
1999-10-19 00:00:00-04:00,2.395669906886656,2.413415609900631,2.3601785008587055,2.3779242038726807,52500,0.0,0.0
1999-10-20 00:00:00-04:00,2.377922690275944,2.377922690275944,2.3424313068389893,2.3424313068389893,33200,0.0,0.0
1999-10-21 00:00:00-04:00,2.377921727451965,2.4311587810516357,2.377921727451965,2.4311587810516357,79000,0.0,0.0
1999-10-22 00:00:00-04:00,2.431158682152077,2.448904365963406,2.360175946906761,2.395667314529419,45600,0.0,0.0
1999-10-25 00:00:00-04:00,2.360175946906761,2.395667314529419,2.360175946906761,2.395667314529419,72300,0.0,0.0
1999-10-26 00:00:00-04:00,2.395668381994421,2.413414073712898,2.3424313068389893,2.3424313068389893,51000,0.0,0.0
1999-10-27 00:00:00-04:00,2.3601769985574665,2.377922690275944,2.3424313068389893,2.3424313068389893,30800,0.0,0.0
1999-10-28 00:00:00-04:00,2.3601739406585693,2.395665278112082,2.3601739406585693,2.3601739406585693,41500,0.0,0.0
1999-10-29 00:00:00-04:00,2.3779242038726807,2.395669906886656,2.3601785008587055,2.3779242038726807,19400,0.0,0.0
1999-11-01 00:00:00-05:00,2.3956674119851886,2.4489044655848593,2.3956674119851886,2.4311587810516357,50900,0.0,0.0
1999-11-02 00:00:00-05:00,2.448905823078561,2.502142906188965,2.448905823078561,2.502142906188965,29500,0.0,0.0
1999-11-03 00:00:00-05:00,2.4666502475738525,2.502141618042541,2.4489045623395085,2.4666502475738525,54200,0.0,0.0
1999-11-04 00:00:00-05:00,2.4843950271606445,2.519886384691511,2.4666493483952117,2.4843950271606445,16800,0.0,0.0
1999-11-05 00:00:00-05:00,2.519887203717754,2.555378572784201,2.4311587810516357,2.4311587810516357,73200,0.0,0.0
1999-11-08 00:00:00-05:00,2.4489044655848593,2.466650150118083,2.3956674119851886,2.4311587810516357,59800,0.0,0.0
1999-11-09 00:00:00-05:00,2.43115882942642,2.4666501991990684,2.43115882942642,2.448904514312744,41300,0.0,0.0
1999-11-10 00:00:00-05:00,2.425222877219871,2.425222877219871,2.3895578349078144,2.4073903560638428,23600,0.042,0.0
1999-11-11 00:00:00-05:00,2.389556400757983,2.389556400757983,2.3717238903045654,2.3717238903045654,27400,0.0,0.0
1999-11-12 00:00:00-05:00,2.389556400757983,2.389556400757983,2.353891379851148,2.3717238903045654,44700,0.0,0.0
1999-11-15 00:00:00-05:00,2.371725769808693,2.4430558681488037,2.371725769808693,2.4430558681488037,23300,0.0,0.0
1999-11-16 00:00:00-05:00,2.4430558681488037,2.4608883927338314,2.425223343563776,2.4430558681488037,21600,0.0,0.0
1999-11-17 00:00:00-05:00,2.443054193959517,2.460886706324185,2.389556656865513,2.4252216815948486,99300,0.0,0.0
1999-11-18 00:00:00-05:00,2.4252214216648187,2.4430539321182367,2.3717238903045654,2.3717238903045654,113200,0.0,0.0
1999-11-19 00:00:00-05:00,2.3895599842071533,2.4073925214027287,2.3538949098160016,2.3895599842071533,25500,0.0,0.0
1999-11-22 00:00:00-05:00,2.353891379851148,2.389556400757983,2.353891379851148,2.3717238903045654,31600,0.0,0.0
1999-11-23 00:00:00-05:00,2.389556400757983,2.389556400757983,2.3360588693977298,2.3717238903045654,54000,0.0,0.0
1999-11-24 00:00:00-05:00,2.371725575740521,2.3895580988663894,2.300395483237047,2.318228006362915,78800,0.0,0.0
1999-11-26 00:00:00-05:00,2.3360579013824463,2.3538904044464344,2.318225398318458,2.3360579013824463,10400,0.0,0.0
1999-11-29 00:00:00-05:00,2.318228006362915,2.3360605294887837,2.318228006362915,2.318228006362915,40600,0.0,0.0
1999-11-30 00:00:00-05:00,2.3360612284053457,2.3717262853275645,2.3182286999442363,2.353893756866455,56900,0.0,0.0
1999-12-01 00:00:00-05:00,2.3360588693977298,2.389556400757983,2.3360588693977298,2.3717238903045654,89300,0.0,0.0
1999-12-02 00:00:00-05:00,2.3895578349078144,2.4073903560638428,2.371725313751786,2.4073903560638428,44800,0.0,0.0
1999-12-03 00:00:00-05:00,2.407388911211401,2.4252214216648187,2.3717238903045654,2.3717238903045654,43200,0.0,0.0
1999-12-06 00:00:00-05:00,2.371722907510423,2.371722907510423,2.3360579013824463,2.3360579013824463,37800,0.0,0.0
1999-12-07 00:00:00-05:00,2.3360612284053457,2.3895588137886743,2.3360612284053457,2.353893756866455,53000,0.0,0.0
1999-12-08 00:00:00-05:00,2.3538904044464344,2.389555410574411,2.282560392190482,2.3360579013824463,72500,0.0,0.0
1999-12-09 00:00:00-05:00,2.3360579013824463,2.3360579013824463,2.318225398318458,2.3360579013824463,52800,0.0,0.0
1999-12-10 00:00:00-05:00,2.318225398318458,2.3360579013824463,2.30039289525447,2.3360579013824463,22800,0.0,0.0
1999-12-13 00:00:00-05:00,2.3301824858022293,2.3481069664622463,2.276409043822178,2.312258005142212,66300,0.042,0.0
1999-12-14 00:00:00-05:00,2.31225529499352,2.31225529499352,2.258481916040182,2.2943308353424072,104100,0.0,0.0
1999-12-15 00:00:00-05:00,2.2764081216993786,2.2943325950985862,2.2405591749009632,2.258483648300171,71300,0.0,0.0
1999-12-16 00:00:00-05:00,2.258483648300171,2.2943325950985862,2.204710228102548,2.258483648300171,133000,0.0,0.0
1999-12-17 00:00:00-05:00,2.240557253845339,2.258481711876102,2.2047083377838135,2.2047083377838135,32300,0.0,0.0
1999-12-20 00:00:00-05:00,2.150937455599425,2.2047108919894107,2.133012976802763,2.186786413192749,263800,0.0,0.0
1999-12-21 00:00:00-05:00,2.186786413192749,2.2226353707860724,2.168861934396087,2.186786413192749,217700,0.0,0.0
1999-12-22 00:00:00-05:00,2.18678575470334,2.258483648300171,2.18678575470334,2.258483648300171,135800,0.0,0.0
1999-12-23 00:00:00-05:00,2.2405591011047363,2.276408046722412,2.222634628295898,2.2405591011047363,68300,0.0,0.0
1999-12-27 00:00:00-05:00,2.2764081216993786,2.2764081216993786,2.2405591749009632,2.258483648300171,88300,0.0,0.0
1999-12-28 00:00:00-05:00,2.258481317950833,2.258481317950833,2.22263240814209,2.22263240814209,132000,0.0,0.0
1999-12-29 00:00:00-05:00,2.2405591749009632,2.258483648300171,2.204710228102548,2.258483648300171,154100,0.0,0.0
1999-12-30 00:00:00-05:00,2.222634628295898,2.258483573913574,2.222634628295898,2.2405591011047363,81200,0.0,0.0
1999-12-31 00:00:00-05:00,2.204710228102548,2.258483648300171,2.204710228102548,2.258483648300171,85900,0.0,0.0
2000-01-03 00:00:00-05:00,2.2764081216993786,2.2764081216993786,2.2405591749009632,2.258483648300171,26500,0.0,0.0
2000-01-04 00:00:00-05:00,2.2405591749009632,2.2943325950985862,2.2405591749009632,2.258483648300171,54500,0.0,0.0
2000-01-05 00:00:00-05:00,2.2943308353424072,2.2943308353424072,2.258481916040182,2.2943308353424072,67800,0.0,0.0
2000-01-06 00:00:00-05:00,2.2764063756912947,2.2943308353424072,2.2764063756912947,2.2943308353424072,9900,0.0,0.0
2000-01-07 00:00:00-05:00,2.2764063756912947,2.31225529499352,2.2764063756912947,2.2943308353424072,9900,0.0,0.0
2000-01-10 00:00:00-05:00,2.2764063756912947,2.31225529499352,2.2764063756912947,2.2943308353424072,19000,0.0,0.0
2000-01-11 00:00:00-05:00,2.294332429179995,2.294332429179995,2.2764079570770264,2.2764079570770264,45000,0.0,0.0
2000-01-12 00:00:00-05:00,2.2885169017882574,2.2885169017882574,2.2524772655396235,2.2704970836639404,21800,0.042,0.0
2000-01-13 00:00:00-05:00,2.2704965057373045,2.2885163192749025,2.252476692199707,2.252476692199707,23200,0.0,0.0
2000-01-14 00:00:00-05:00,2.2885163192749025,2.2885163192749025,2.252476692199707,2.252476692199707,36700,0.0,0.0
2000-01-18 00:00:00-05:00,2.252476692199707,2.2704965057373045,2.2164370651245116,2.252476692199707,42300,0.0,0.0
2000-01-19 00:00:00-05:00,2.2344581169810724,2.2344581169810724,2.1984184699329905,2.2164382934570312,45000,0.0,0.0
2000-01-20 00:00:00-05:00,2.2164382934570312,2.2344581169810724,2.1803986464089493,2.2164382934570312,40400,0.0,0.0
2000-01-21 00:00:00-05:00,2.198416917554794,2.2344565391540527,2.198416917554794,2.2344565391540527,63600,0.0,0.0
2000-01-24 00:00:00-05:00,2.2164367283544233,2.252476349953682,2.2164367283544233,2.2344565391540527,83400,0.0,0.0
2000-01-25 00:00:00-05:00,2.2344565391540527,2.2704961607533116,2.2344565391540527,2.2344565391540527,41500,0.0,0.0
2000-01-26 00:00:00-05:00,2.2704976524893694,2.3065372977669782,2.2524778298505646,2.288517475128174,46000,0.0,0.0
2000-01-27 00:00:00-05:00,2.2344574474153065,2.2704970836639404,2.2344574474153065,2.2704970836639404,74900,0.0,0.0
2000-01-28 00:00:00-05:00,2.2344565391540527,2.252476349953682,2.2344565391540527,2.2344565391540527,36800,0.0,0.0
2000-01-31 00:00:00-05:00,2.2344574474153065,2.2704970836639404,2.2164376292909895,2.2704970836639404,48900,0.0,0.0
2000-02-01 00:00:00-05:00,2.2524772655396235,2.2704970836639404,2.2344574474153065,2.2704970836639404,60500,0.0,0.0
2000-02-02 00:00:00-05:00,2.306537191376431,2.3605966567993164,2.288517369568803,2.3605966567993164,58500,0.0,0.0
2000-02-03 00:00:00-05:00,2.342575752373898,2.378615379333496,2.342575752373898,2.378615379333496,51900,0.0,0.0
2000-02-04 00:00:00-05:00,2.360595565853697,2.4146550062930947,2.360595565853697,2.378615379333496,36400,0.0,0.0
2000-02-07 00:00:00-05:00,2.3786190291096396,2.432678552498495,2.3786190291096396,2.396638870239258,16000,0.0,0.0
2000-02-08 00:00:00-05:00,2.414654016494751,2.4326738225879954,2.3966342104015066,2.414654016494751,46900,0.0,0.0
2000-02-09 00:00:00-05:00,2.414654016494751,2.4326738225879954,2.414654016494751,2.414654016494751,22200,0.0,0.0
2000-02-10 00:00:00-05:00,2.4326765537261963,2.4326765537261963,2.3966369010784008,2.4326765537261963,24600,0.0,0.0
2000-02-11 00:00:00-05:00,2.4086254354733136,2.444845366833815,2.3905154697930633,2.4267354011535645,27700,0.042,0.0
2000-02-14 00:00:00-05:00,2.44484543800354,2.44484543800354,2.372405573173806,2.44484543800354,54000,0.0,0.0
2000-02-15 00:00:00-05:00,2.4086263179779053,2.4086263179779053,2.3724063733466587,2.4086263179779053,15200,0.0,0.0
2000-02-16 00:00:00-05:00,2.4086254354733136,2.4267354011535645,2.3905154697930633,2.4267354011535645,49500,0.0,0.0
2000-02-17 00:00:00-05:00,2.408625532280315,2.4267354986884375,2.3905155658721924,2.3905155658721924,8100,0.0,0.0
2000-02-18 00:00:00-05:00,2.3905155658721924,2.4448454650965603,2.3905155658721924,2.3905155658721924,72600,0.0,0.0
2000-02-22 00:00:00-05:00,2.390516345662282,2.4448462626091523,2.390516345662282,2.4086263179779053,14900,0.0,0.0
2000-02-23 00:00:00-05:00,2.4086263179779053,2.4448462626091523,2.4086263179779053,2.4086263179779053,35700,0.0,0.0
2000-02-24 00:00:00-05:00,2.3905155658721924,2.408625532280315,2.3905155658721924,2.3905155658721924,25800,0.0,0.0
2000-02-25 00:00:00-05:00,2.4086245769678163,2.4086245769678163,2.3361847400665283,2.3361847400665283,23000,0.0,0.0
2000-02-28 00:00:00-05:00,2.3361847400665283,2.3542946992918505,2.3180747808412066,2.3361847400665283,44400,0.0,0.0
2000-02-29 00:00:00-05:00,2.354295253753662,2.372405217244075,2.3361852902632494,2.354295253753662,54600,0.0,0.0
2000-03-01 00:00:00-05:00,2.3905155658721924,2.3905155658721924,2.354295633055947,2.3905155658721924,51500,0.0,0.0
2000-03-02 00:00:00-05:00,2.4448462626091523,2.4629562349247753,2.390516345662282,2.4086263179779053,28400,0.0,0.0
2000-03-03 00:00:00-05:00,2.4086254354733136,2.4267354011535645,2.4086254354733136,2.4267354011535645,30900,0.0,0.0
2000-03-06 00:00:00-05:00,2.4086263179779053,2.4448462626091523,2.390516345662282,2.4086263179779053,61000,0.0,0.0
2000-03-07 00:00:00-05:00,2.4267354011535645,2.462955332514065,2.4086254354733136,2.4267354011535645,35000,0.0,0.0
2000-03-08 00:00:00-05:00,2.426736076382825,2.4810659885406494,2.4086261056635503,2.4810659885406494,44900,0.0,0.0
2000-03-09 00:00:00-05:00,2.444845366833815,2.4810652981943155,2.4086254354733136,2.4267354011535645,10000,0.0,0.0
2000-03-10 00:00:00-05:00,2.4267362902935288,2.4448462626091523,2.390516345662282,2.4086263179779053,26800,0.0,0.0
2000-03-13 00:00:00-05:00,2.402945285373264,2.4575576782226562,2.402945285373264,2.4575576782226562,69300,0.043,0.0
2000-03-14 00:00:00-05:00,2.4757614971077353,2.4939656257629395,2.4757614971077353,2.4939656257629395,25700,0.0,0.0
2000-03-15 00:00:00-05:00,2.4939650612718918,2.512169185806723,2.4757609367370605,2.4757609367370605,24000,0.0,0.0
2000-03-16 00:00:00-05:00,2.4939659401222514,2.512170071072049,2.4575576782226562,2.4575576782226562,23800,0.0,0.0
2000-03-17 00:00:00-05:00,2.4575573684525316,2.4939656257629395,2.4575573684525316,2.4939656257629395,7400,0.0,0.0
2000-03-20 00:00:00-05:00,2.493966655454774,2.5121707916259766,2.493966655454774,2.5121707916259766,22000,0.0,0.0
2000-03-21 00:00:00-05:00,2.4939656257629395,2.512169754418143,2.4939656257629395,2.4939656257629395,27700,0.0,0.0
2000-03-22 00:00:00-05:00,2.5121675532498804,2.548575778659299,2.475759327840462,2.53037166595459,52600,0.0,0.0
2000-03-23 00:00:00-05:00,2.5121707916259766,2.548579063968382,2.493966655454774,2.5121707916259766,28600,0.0,0.0
2000-03-24 00:00:00-05:00,2.512169754418143,2.512169754418143,2.4757614971077353,2.4939656257629395,17300,0.0,0.0
2000-03-27 00:00:00-05:00,2.4939650612718918,2.512169185806723,2.4757609367370605,2.4757609367370605,22600,0.0,0.0
2000-03-28 00:00:00-05:00,2.47576197215489,2.5485785007476807,2.457557840006692,2.5485785007476807,62800,0.0,0.0
2000-03-29 00:00:00-05:00,2.548575778659299,2.5849840040687178,2.475759327840462,2.53037166595459,34600,0.0,0.0
2000-03-30 00:00:00-05:00,2.530374217364523,2.6213948726654053,2.5121700863043466,2.6213948726654053,34700,0.0,0.0
2000-03-31 00:00:00-05:00,2.6213944663464184,2.6213944663464184,2.548577953392351,2.5849862098693848,34700,0.0,0.0
2000-04-03 00:00:00-04:00,2.621392229478136,2.621392229478136,2.53037166595459,2.53037166595459,25200,0.0,0.0
2000-04-04 00:00:00-04:00,2.5667820816308677,2.5849862098693848,2.548577953392351,2.5849862098693848,15900,0.0,0.0
2000-04-05 00:00:00-04:00,2.5485785007476807,2.5667826328958783,2.5485785007476807,2.5485785007476807,4700,0.0,0.0
2000-04-06 00:00:00-04:00,2.5849840040687178,2.5849840040687178,2.53037166595459,2.53037166595459,18900,0.0,0.0
2000-04-07 00:00:00-04:00,2.548579063968382,2.5849873363107876,2.5121707916259766,2.5121707916259766,16300,0.0,0.0
2000-04-10 00:00:00-04:00,2.5121710148263485,2.5667834281921387,2.5121710148263485,2.5667834281921387,39000,0.0,0.0
2000-04-11 00:00:00-04:00,2.548575778659299,2.5667798913640083,2.53037166595459,2.53037166595459,21800,0.0,0.0
2000-04-12 00:00:00-04:00,2.5246660709381104,2.542960752611575,2.4880767075911816,2.5246660709381104,28300,0.043,0.0
2000-04-13 00:00:00-04:00,2.506372925237561,2.5795516967773438,2.506372925237561,2.5795516967773438,25000,0.0,0.0
2000-04-14 00:00:00-04:00,2.579551577568054,2.579551577568054,2.524667501449585,2.5612568855285645,14400,0.0,0.0
2000-04-17 00:00:00-04:00,2.5429620725395035,2.5429620725395035,2.4880779990314568,2.5063726902008057,28400,0.0,0.0
2000-04-18 00:00:00-04:00,2.4880779990314568,2.5246673813701546,2.4880779990314568,2.5063726902008057,17300,0.0,0.0
2000-04-19 00:00:00-04:00,2.5246650160645405,2.542959690093994,2.5246650160645405,2.542959690093994,5600,0.0,0.0
2000-04-20 00:00:00-04:00,2.5246665337506466,2.5246665337506466,2.451487793641932,2.488077163696289,40700,0.0,0.0
2000-04-24 00:00:00-04:00,2.4880779990314568,2.5063726902008057,2.469783307862108,2.5063726902008057,12500,0.0,0.0
2000-04-25 00:00:00-04:00,2.469782025917717,2.5246660709381104,2.469782025917717,2.5246660709381104,36100,0.0,0.0
2000-04-26 00:00:00-04:00,2.5246665337506466,2.5246665337506466,2.488077163696289,2.488077163696289,13800,0.0,0.0
2000-04-27 00:00:00-04:00,2.506371848723468,2.5246665337506466,2.488077163696289,2.488077163696289,14600,0.0,0.0
2000-04-28 00:00:00-04:00,2.5063726902008057,2.5246673813701546,2.4880779990314568,2.5063726902008057,30200,0.0,0.0
2000-05-01 00:00:00-04:00,2.542959690093994,2.5612543641234473,2.5063703420350874,2.542959690093994,17100,0.0,0.0
2000-05-02 00:00:00-04:00,2.5612570038923983,2.5978463896622896,2.5612570038923983,2.5795516967773438,15600,0.0,0.0
2000-05-03 00:00:00-04:00,2.5795490381529005,2.5795490381529005,2.5246650160645405,2.542959690093994,14800,0.0,0.0
2000-05-04 00:00:00-04:00,2.52466762330797,2.52466762330797,2.4697835445404057,2.4697835445404053,19100,0.0,0.0
2000-05-05 00:00:00-04:00,2.4880761815540824,2.4880761815540824,2.451486825942993,2.451486825942993,21100,0.0,0.0
2000-05-08 00:00:00-04:00,2.4697824786691105,2.488077163696289,2.451487793641932,2.488077163696289,21200,0.0,0.0
2000-05-09 00:00:00-04:00,2.488078237462927,2.488078237462927,2.4697835445404057,2.4697835445404053,6800,0.0,0.0
2000-05-10 00:00:00-04:00,2.4880779990314568,2.5063726902008057,2.469783307862108,2.5063726902008057,15000,0.0,0.0
2000-05-11 00:00:00-04:00,2.500634610211408,2.5374086485968697,2.4822475910186768,2.4822475910186768,13800,0.043,0.0
2000-05-12 00:00:00-04:00,2.4822500889951535,2.4822500889951535,2.427088975906372,2.427088975906372,23900,0.0,0.0
2000-05-15 00:00:00-04:00,2.4454760136026326,2.4454760136026326,2.427088975906372,2.427088975906372,33000,0.0,0.0
2000-05-16 00:00:00-04:00,2.4270867091506276,2.4638607501983643,2.4270867091506276,2.4638607501983643,33900,0.0,0.0
2000-05-17 00:00:00-04:00,2.427085704373238,2.463859730197075,2.427085704373238,2.4454727172851562,43200,0.0,0.0
2000-05-18 00:00:00-04:00,2.445473552633215,2.500634610211408,2.445473552633215,2.4822475910186768,8900,0.0,0.0
2000-05-19 00:00:00-04:00,2.482247770722233,2.482247770722233,2.4638607501983643,2.4638607501983643,14900,0.0,0.0
2000-05-22 00:00:00-04:00,2.482247887288823,2.5006349086761475,2.482247887288823,2.5006349086761475,13000,0.0,0.0
2000-05-23 00:00:00-04:00,2.5190216294041385,2.5190216294041385,2.4822475910186768,2.4822475910186768,10600,0.0,0.0
2000-05-24 00:00:00-04:00,2.482247770722233,2.500634791246101,2.4638607501983643,2.4638607501983643,29900,0.0,0.0
2000-05-25 00:00:00-04:00,2.500634791246101,2.500634791246101,2.4638607501983643,2.4638607501983643,36700,0.0,0.0
2000-05-26 00:00:00-04:00,2.4822475910186768,2.500634610211408,2.463860571825946,2.4822475910186768,9700,0.0,0.0
2000-05-30 00:00:00-04:00,2.4822475910186768,2.500634610211408,2.463860571825946,2.4822475910186768,11600,0.0,0.0
2000-05-31 00:00:00-04:00,2.482247887288823,2.5006349086761475,2.463860865901498,2.5006349086761475,25400,0.0,0.0
2000-06-01 00:00:00-04:00,2.500635257665662,2.555796329525934,2.500635257665662,2.5374093055725098,46800,0.0,0.0
2000-06-02 00:00:00-04:00,2.55579525572913,2.574182271957397,2.537408239500863,2.5741822719573975,14100,0.0,0.0
2000-06-05 00:00:00-04:00,2.610958048637877,2.610958048637877,2.5741839916148086,2.5925710201263428,27900,0.0,0.0
2000-06-06 00:00:00-04:00,2.574182271957397,2.5925692881856643,2.55579525572913,2.5741822719573975,27100,0.0,0.0
2000-06-07 00:00:00-04:00,2.5741829805903964,2.647731065750122,2.5741829805903964,2.647731065750122,37400,0.0,0.0
2000-06-08 00:00:00-04:00,2.6293430328369145,2.6293430328369145,2.6293430328369145,2.629343032836914,200,0.0,0.0
2000-06-09 00:00:00-04:00,2.610957831552584,2.6845059394836426,2.610957831552584,2.6845059394836426,44500,0.0,0.0
2000-06-12 00:00:00-04:00,2.6661180870400534,2.6661180870400534,2.6293440444601903,2.647731065750122,21800,0.0,0.0
2000-06-13 00:00:00-04:00,2.6234924843970764,2.641967783582971,2.6050171852111816,2.6050171852111816,23100,0.043,0.0
2000-06-14 00:00:00-04:00,2.6234922547271284,2.6234922547271284,2.549591064453125,2.549591064453125,69300,0.0,0.0
2000-06-15 00:00:00-04:00,2.549591064453125,2.5680663620216255,2.531115766884624,2.549591064453125,21700,0.0,0.0
2000-06-16 00:00:00-04:00,2.5495877471759165,2.586538294236437,2.5126372001153956,2.5680630207061768,33000,0.0,0.0
2000-06-19 00:00:00-04:00,2.5680644614355903,2.5865397453308105,2.5680644614355903,2.5865397453308105,10100,0.0,0.0
2000-06-20 00:00:00-04:00,2.5680644614355903,2.6050150292260303,2.5680644614355903,2.5865397453308105,17200,0.0,0.0
2000-06-21 00:00:00-04:00,2.586540475591913,2.6419663429260254,2.586540475591913,2.6419663429260254,21600,0.0,0.0
2000-06-22 00:00:00-04:00,2.6234910538146545,2.6419663429260254,2.6234910538146545,2.6419663429260254,11900,0.0,0.0
2000-06-23 00:00:00-04:00,2.623491048812866,2.6604416269651603,2.623491048812866,2.623491048812866,46700,0.0,0.0
2000-06-26 00:00:00-04:00,2.641967783582971,2.641967783582971,2.6050171852111816,2.6050171852111816,4500,0.0,0.0
2000-06-27 00:00:00-04:00,2.6050171852111816,2.6234924843970764,2.6050171852111816,2.6050171852111816,6300,0.0,0.0
2000-06-28 00:00:00-04:00,2.623491528961394,2.6604421138763428,2.605016236503919,2.6604421138763428,13600,0.0,0.0
2000-06-29 00:00:00-04:00,2.6419663429260254,2.6604416320373963,2.6234910538146545,2.6419663429260254,21400,0.0,0.0
2000-06-30 00:00:00-04:00,2.6604416320373963,2.678916921148767,2.6419663429260254,2.6419663429260254,24800,0.0,0.0
2000-07-03 00:00:00-04:00,2.697392463684082,2.697392463684082,2.697392463684082,2.697392463684082,400,0.0,0.0
2000-07-05 00:00:00-04:00,2.6789190769195557,2.6973943808983116,2.6604437729408,2.6789190769195557,19400,0.0,0.0
2000-07-06 00:00:00-04:00,2.697390098961032,2.71586537361145,2.6789148243106142,2.71586537361145,13600,0.0,0.0
2000-07-07 00:00:00-04:00,2.6789171728369308,2.697392463684082,2.6604418819897795,2.697392463684082,39800,0.0,0.0
2000-07-10 00:00:00-04:00,2.697392698791292,2.715867991248767,2.6604421138763428,2.6604421138763428,31600,0.0,0.0
2000-07-11 00:00:00-04:00,2.6604395496601962,2.71586537361145,2.6604395496601962,2.71586537361145,19500,0.0,0.0
2000-07-12 00:00:00-04:00,2.6915136228005094,2.710075785716375,2.654389296968778,2.6729514598846436,18500,0.043,0.0
2000-07-13 00:00:00-04:00,2.6729532702215786,2.7100776211968785,2.6543910947339286,2.6915154457092285,18700,0.0,0.0
2000-07-14 00:00:00-04:00,2.6729514598846436,2.6729514598846436,2.654389296968778,2.6729514598846436,15600,0.0,0.0
2000-07-17 00:00:00-04:00,2.6915137952482198,2.6915137952482198,2.6172651388275794,2.6358273029327393,54100,0.0,0.0
2000-07-18 00:00:00-04:00,2.6172651388275794,2.67295163114306,2.6172651388275794,2.6358273029327393,25400,0.0,0.0
2000-07-19 00:00:00-04:00,2.6358273029327393,2.6358273029327393,2.6172651388275794,2.6358273029327393,35900,0.0,0.0
2000-07-20 00:00:00-04:00,2.6358288298261927,2.6358288298261927,2.6172666549682617,2.6172666549682617,19300,0.0,0.0
2000-07-21 00:00:00-04:00,2.6358273029327393,2.6358273029327393,2.598702974722419,2.6358273029327393,23000,0.0,0.0
2000-07-24 00:00:00-04:00,2.6358288298261927,2.6358288298261927,2.6172666549682617,2.6172666549682617,22200,0.0,0.0
2000-07-25 00:00:00-04:00,2.6358273029327393,2.6358273029327393,2.6172651388275794,2.6358273029327393,21200,0.0,0.0
2000-07-26 00:00:00-04:00,2.6358255606431227,2.6543877124786377,2.6172634088076077,2.6543877124786377,11700,0.0,0.0
2000-07-27 00:00:00-04:00,2.6543894670378996,2.67295163114306,2.6358273029327393,2.6358273029327393,22600,0.0,0.0
2000-07-28 00:00:00-04:00,2.6358271340529127,2.6729514598846436,2.6358271340529127,2.6729514598846436,18300,0.0,0.0
2000-07-31 00:00:00-04:00,2.6729532702215786,2.6915154457092285,2.6543910947339286,2.6915154457092285,31900,0.0,0.0
2000-08-01 00:00:00-04:00,2.6729522339285237,2.728638738802035,2.6729522339285237,2.7100765705108643,31900,0.0,0.0
2000-08-02 00:00:00-04:00,2.7286386489868164,2.747200816666999,2.710076481306634,2.7286386489868164,39200,0.0,0.0
2000-08-03 00:00:00-04:00,2.7472002506256104,2.7657624144811885,2.7286380867700317,2.7472002506256104,16000,0.0,0.0
2000-08-04 00:00:00-04:00,2.7472002506256104,2.7472002506256104,2.7286380867700317,2.7472002506256104,7000,0.0,0.0
2000-08-07 00:00:00-04:00,2.765763429005941,2.78432559967041,2.7472012583414718,2.78432559967041,22000,0.0,0.0
2000-08-08 00:00:00-04:00,2.765763429005941,2.8028877703348796,2.765763429005941,2.78432559967041,41500,0.0,0.0
2000-08-09 00:00:00-04:00,2.8028890082710665,2.821451187133789,2.7843268294083443,2.821451187133789,15200,0.0,0.0
2000-08-10 00:00:00-04:00,2.8214507958827872,2.9328238536150026,2.8214507958827872,2.8956995010375977,25100,0.0,0.0
2000-08-11 00:00:00-04:00,2.8525904703140257,2.871234852472941,2.7966573238372803,2.7966573238372803,52000,0.043,0.0
2000-08-14 00:00:00-04:00,2.778017361421843,2.815306185065089,2.7593729496002197,2.7593729496002197,7800,0.0,0.0
2000-08-15 00:00:00-04:00,2.74072657815562,2.778015375137329,2.74072657815562,2.778015375137329,26800,0.0,0.0
2000-08-16 00:00:00-04:00,2.7593696685064404,2.7593696685064404,2.74072527885437,2.74072527885437,7500,0.0,0.0
2000-08-17 00:00:00-04:00,2.7593696685064404,2.7593696685064404,2.7220808892022994,2.74072527885437,30800,0.0,0.0
2000-08-18 00:00:00-04:00,2.7593729496002197,2.778017361421843,2.7593729496002197,2.7593729496002197,21800,0.0,0.0
2000-08-21 00:00:00-04:00,2.7593729496002197,2.796661773243466,2.7407285377785966,2.7593729496002197,27400,0.0,0.0
2000-08-22 00:00:00-04:00,2.7407241773605344,2.7966573238372803,2.7407241773605344,2.7966573238372803,22000,0.0,0.0
2000-08-23 00:00:00-04:00,2.7780138341006855,2.815302610397339,2.740725057804032,2.815302610397339,23800,0.0,0.0
2000-08-24 00:00:00-04:00,2.796661773243466,2.815306185065089,2.7593729496002197,2.7593729496002197,34000,0.0,0.0
2000-08-25 00:00:00-04:00,2.7593709766464745,2.778015375137329,2.7593709766464745,2.778015375137329,8500,0.0,0.0
2000-08-28 00:00:00-04:00,2.778014058158511,2.778014058158511,2.74072527885437,2.74072527885437,24600,0.0,0.0
2000-08-29 00:00:00-04:00,2.7220808892022994,2.74072527885437,2.7034364995502287,2.74072527885437,26000,0.0,0.0
2000-08-30 00:00:00-04:00,2.7034364995502287,2.7593696685064404,2.7034364995502287,2.74072527885437,31000,0.0,0.0
2000-08-31 00:00:00-04:00,2.7593709766464745,2.778015375137329,2.74072657815562,2.778015375137329,24700,0.0,0.0
2000-09-01 00:00:00-04:00,2.7966597736281837,2.7966597736281837,2.778015375137329,2.778015375137329,15400,0.0,0.0
2000-09-05 00:00:00-04:00,2.796658447810582,2.796658447810582,2.74072527885437,2.74072527885437,29900,0.0,0.0
2000-09-06 00:00:00-04:00,2.74072527885437,2.778014058158511,2.74072527885437,2.74072527885437,13400,0.0,0.0
2000-09-07 00:00:00-04:00,2.74072657815562,2.778015375137329,2.74072657815562,2.778015375137329,13800,0.0,0.0
2000-09-08 00:00:00-04:00,2.7966573238372803,2.833946088155111,2.778012941678365,2.7966573238372803,54700,0.0,0.0
2000-09-11 00:00:00-04:00,2.815304213448575,2.833948612213135,2.796659814684015,2.8339486122131348,24000,0.0,0.0
2000-09-12 00:00:00-04:00,2.8153017059961956,2.8525904703140257,2.7966573238372803,2.7966573238372803,29000,0.0,0.0
2000-09-13 00:00:00-04:00,2.8095460405536725,2.865736961364746,2.790815733616648,2.865736961364746,25900,0.043,0.0
2000-09-14 00:00:00-04:00,2.847007218893472,2.8844678401947017,2.847007218893472,2.884467840194702,34900,0.0,0.0
2000-09-15 00:00:00-04:00,2.847006848653158,2.865737156867981,2.809546232223511,2.8095462322235107,18300,0.0,0.0
2000-09-18 00:00:00-04:00,2.8095458004925704,2.8095458004925704,2.772085189819336,2.772085189819336,20200,0.0,0.0
2000-09-19 00:00:00-04:00,2.7720869435559985,2.809547577928377,2.7720869435559985,2.7908172607421875,6600,0.0,0.0
2000-09-20 00:00:00-04:00,2.809547577928377,2.809547577928377,2.7908172607421875,2.7908172607421875,600,0.0,0.0
2000-09-21 00:00:00-04:00,2.8095458004925704,2.8095458004925704,2.772085189819336,2.772085189819336,7600,0.0,0.0
2000-09-22 00:00:00-04:00,2.8282764899103263,2.8470067977905273,2.8282764899103263,2.8470067977905273,27300,0.0,0.0
2000-09-25 00:00:00-04:00,2.847006848653158,2.847006848653158,2.7908159240086876,2.8095462322235107,12700,0.0,0.0
2000-09-26 00:00:00-04:00,2.8095460885407912,2.847006703054668,2.8095460885407912,2.8282763957977295,29100,0.0,0.0
2000-09-27 00:00:00-04:00,2.809547577928377,2.828277895114566,2.7908172607421875,2.7908172607421875,13200,0.0,0.0
2000-09-28 00:00:00-04:00,2.7908141888728757,2.7908141888728757,2.7533535957336426,2.7533535957336426,49700,0.0,0.0
2000-09-29 00:00:00-04:00,2.7720869435559985,2.809547577928377,2.7720869435559985,2.7908172607421875,13500,0.0,0.0
2000-10-02 00:00:00-04:00,2.809546232223511,2.809546232223511,2.772085615793864,2.8095462322235107,25000,0.0,0.0
2000-10-03 00:00:00-04:00,2.7908157812838525,2.82827639579773,2.7908157812838525,2.8282763957977295,17200,0.0,0.0
2000-10-04 00:00:00-04:00,2.8282764899103263,2.8470067977905273,2.8282764899103263,2.8470067977905273,12800,0.0,0.0
2000-10-05 00:00:00-04:00,2.847006848653158,2.847006848653158,2.809546232223511,2.8095462322235107,12400,0.0,0.0
2000-10-06 00:00:00-04:00,2.7908154951559534,2.7908154951559534,2.753354884482719,2.772085189819336,20000,0.0,0.0
2000-10-09 00:00:00-04:00,2.753355410001049,2.772085718912621,2.7346251010894775,2.7346251010894775,12400,0.0,0.0
2000-10-10 00:00:00-04:00,2.7346232991640256,2.7533535957336426,2.7346232991640256,2.7533535957336426,15400,0.0,0.0
2000-10-11 00:00:00-04:00,2.7474841942658297,2.785120964050293,2.7474841942658297,2.785120964050293,15100,0.043,0.0
2000-10-12 00:00:00-04:00,2.766302579158061,2.785120964050293,2.766302579158061,2.785120964050293,1700,0.0,0.0
2000-10-13 00:00:00-04:00,2.7474841942658297,2.785120964050293,2.728665809373598,2.785120964050293,25600,0.0,0.0
2000-10-16 00:00:00-04:00,2.766301393508911,2.803938147162093,2.74748301668232,2.766301393508911,17100,0.0,0.0
2000-10-17 00:00:00-04:00,2.7286646398557286,2.803938147162093,2.7286646398557286,2.766301393508911,21000,0.0,0.0
2000-10-18 00:00:00-04:00,2.7286672925615645,2.747485687682679,2.6345753169559933,2.691030502319336,61900,0.0,0.0
2000-10-19 00:00:00-04:00,2.7098474502563477,2.7098474502563477,2.691029065185123,2.7098474502563477,8800,0.0,0.0
2000-10-20 00:00:00-04:00,2.7286658353275723,2.747484220398797,2.7098474502563477,2.7098474502563477,28400,0.0,0.0
2000-10-23 00:00:00-04:00,2.709847947241555,2.709847947241555,2.672211170196533,2.672211170196533,8000,0.0,0.0
2000-10-24 00:00:00-04:00,2.672212107198222,2.691030502319336,2.6533937120771074,2.691030502319336,14300,0.0,0.0
2000-10-25 00:00:00-04:00,2.7098464965820312,2.7286648750305176,2.7098464965820312,2.7286648750305176,12300,0.0,0.0
2000-10-26 00:00:00-04:00,2.7098474502563477,2.7286658353275723,2.7098474502563477,2.7098474502563477,5900,0.0,0.0
2000-10-27 00:00:00-04:00,2.7286658353275723,2.7286658353275723,2.7098474502563477,2.7098474502563477,9600,0.0,0.0
2000-10-30 00:00:00-05:00,2.7286646398557286,2.766301393508911,2.7286646398557286,2.766301393508911,12100,0.0,0.0
2000-10-31 00:00:00-05:00,2.785120964050293,2.8227577338347563,2.766302579158061,2.785120964050293,23100,0.0,0.0
2000-11-01 00:00:00-05:00,2.822757747075329,2.822757747075329,2.7474842071533203,2.7474842071533203,16400,0.0,0.0
2000-11-02 00:00:00-05:00,2.7851209771143246,2.7851209771143246,2.709847437192316,2.7474842071533203,32200,0.0,0.0
2000-11-03 00:00:00-05:00,2.709847947241555,2.7474847242865765,2.653392781674022,2.672211170196533,76700,0.0,0.0
2000-11-06 00:00:00-05:00,2.6533913612365723,2.7286648750305176,2.6533913612365723,2.7286648750305176,25300,0.0,0.0
2000-11-07 00:00:00-05:00,2.7286646398557286,2.785119770335502,2.7098462630291373,2.766301393508911,41200,0.0,0.0
2000-11-08 00:00:00-05:00,2.766301393508911,2.803938147162093,2.766301393508911,2.766301393508911,15400,0.0,0.0
2000-11-09 00:00:00-05:00,2.7663025921338225,2.7851209771143246,2.7474842071533203,2.7474842071533203,10500,0.0,0.0
2000-11-10 00:00:00-05:00,2.7663025921338225,2.7663025921338225,2.7474842071533203,2.7474842071533203,1500,0.0,0.0
2000-11-13 00:00:00-05:00,2.741583185653164,2.760490655899048,2.741583185653164,2.760490655899048,900,0.043,0.0
2000-11-14 00:00:00-05:00,2.7604914425181697,2.836121345052914,2.7604914425181697,2.7793989181518555,23800,0.0,0.0
2000-11-15 00:00:00-05:00,2.7983055963908154,2.8172130666366995,2.760490655899048,2.760490655899048,16200,0.0,0.0
2000-11-16 00:00:00-05:00,2.779399936263626,2.798307418823242,2.760492453704009,2.798307418823242,1800,0.0,0.0
2000-11-17 00:00:00-05:00,2.7983063937855417,2.7983063937855417,2.7604914425181697,2.7793989181518555,3900,0.0,0.0
2000-11-20 00:00:00-05:00,2.798306298735958,2.817213773727417,2.76049134875304,2.817213773727417,17100,0.0,0.0
2000-11-21 00:00:00-05:00,2.779398126144932,2.7983055963908154,2.760490655899048,2.760490655899048,23000,0.0,0.0
2000-11-22 00:00:00-05:00,2.779399936263626,2.798307418823242,2.722677488584776,2.798307418823242,41300,0.0,0.0
2000-11-24 00:00:00-05:00,2.779398918151856,2.779398918151856,2.779398918151856,2.7793989181518555,2300,0.0,0.0
2000-11-27 00:00:00-05:00,2.779399936263626,2.798307418823242,2.779399936263626,2.798307418823242,7500,0.0,0.0
2000-11-28 00:00:00-05:00,2.798307418823242,2.798307418823242,2.779399936263626,2.798307418823242,22500,0.0,0.0
2000-11-29 00:00:00-05:00,2.7983044878641765,2.8550268761316935,2.7983044878641765,2.8361194133758545,31600,0.0,0.0
2000-11-30 00:00:00-05:00,2.8550287237103356,2.8550287237103356,2.817213773727417,2.817213773727417,7100,0.0,0.0
2000-12-01 00:00:00-05:00,2.836122383942475,2.855029866502092,2.798307418823242,2.798307418823242,24800,0.0,0.0
2000-12-04 00:00:00-05:00,2.8361212487188765,2.8739361987017946,2.798306298735958,2.817213773727417,31300,0.0,0.0
2000-12-05 00:00:00-05:00,2.779398699601491,2.817213647895389,2.7226762771606445,2.7226762771606445,28500,0.0,0.0
2000-12-06 00:00:00-05:00,2.7415820995966595,2.8361194133758545,2.7415820995966595,2.8361194133758545,20200,0.0,0.0
2000-12-07 00:00:00-05:00,2.817213869419228,2.817213869419228,2.779398918151856,2.7793989181518555,19300,0.0,0.0
2000-12-08 00:00:00-05:00,2.817213773727417,2.8550287237103356,2.779398823744499,2.817213773727417,15500,0.0,0.0
2000-12-11 00:00:00-05:00,2.8361212487188765,2.8361212487188765,2.76049134875304,2.817213773727417,36900,0.0,0.0
2000-12-12 00:00:00-05:00,2.779398918151856,2.817213869419228,2.7604914425181697,2.7793989181518555,34100,0.0,0.0
2000-12-13 00:00:00-05:00,2.79246773458507,2.79246773458507,2.7734713554382324,2.7734713554382324,9700,0.043,0.0
2000-12-14 00:00:00-05:00,2.773473430324245,2.8114662170410156,2.75447703696586,2.8114662170410156,27300,0.0,0.0
2000-12-15 00:00:00-05:00,2.7734715048472087,2.849457025527954,2.7544751246770223,2.849457025527954,31600,0.0,0.0
2000-12-18 00:00:00-05:00,2.849457025527954,2.849457025527954,2.8114642651875816,2.849457025527954,32900,0.0,0.0
2000-12-19 00:00:00-05:00,2.849457025527954,2.849457025527954,2.849457025527954,2.849457025527954,8400,0.0,0.0
2000-12-20 00:00:00-05:00,2.8494571679390517,2.8494571679390517,2.830460786819458,2.830460786819458,11400,0.0,0.0
2000-12-21 00:00:00-05:00,2.8494590165599294,2.8684554100036626,2.811466229672464,2.868455410003662,27400,0.0,0.0
2000-12-22 00:00:00-05:00,2.8684554100036626,2.8684554100036626,2.8494590165599294,2.868455410003662,11400,0.0,0.0
2000-12-26 00:00:00-05:00,2.8494581884267376,2.8684545763495826,2.792469024658203,2.792469024658203,58000,0.0,0.0
2000-12-27 00:00:00-05:00,2.8114664472382644,2.8494592370658087,2.7544772624969482,2.7544772624969482,48900,0.0,0.0
2000-12-28 00:00:00-05:00,2.773473430324245,2.830462610399401,2.773473430324245,2.8114662170410156,34700,0.0,0.0
2000-12-29 00:00:00-05:00,2.8114644056998643,2.830460786819458,2.8114644056998643,2.830460786819458,5200,0.0,0.0
2001-01-02 00:00:00-05:00,2.8494590165599294,2.8684554100036626,2.8304626231161967,2.868455410003662,12100,0.0,0.0
2001-01-03 00:00:00-05:00,2.8684552562864205,2.887451648712158,2.8494588638606824,2.887451648712158,28000,0.0,0.0
2001-01-04 00:00:00-05:00,2.887450639303628,2.9254434108734126,2.887450639303628,2.925443410873413,18700,0.0,0.0
2001-01-05 00:00:00-05:00,2.9254434108734126,2.9254434108734126,2.887450639303628,2.925443410873413,46800,0.0,0.0
2001-01-08 00:00:00-05:00,2.9254431204918103,2.9824322721897025,2.9254431204918103,2.9634358882904053,36200,0.0,0.0
2001-01-09 00:00:00-05:00,2.963436928524333,2.982433319091797,2.925444147389406,2.982433319091797,35100,0.0,0.0
2001-01-10 00:00:00-05:00,2.9764801681421362,3.0146401702978047,2.957400167064302,2.9955601692199707,23200,0.043,0.0
2001-01-11 00:00:00-05:00,3.0146401702978047,3.0146401702978047,2.9955601692199707,2.9955601692199707,15300,0.0,0.0
2001-01-12 00:00:00-05:00,2.9955614468990226,2.9955614468990226,2.9383214192512708,2.9764814376831055,23200,0.0,0.0
2001-01-16 00:00:00-05:00,2.9764798441240865,2.9764798441240865,2.957399845123291,2.957399845123291,400,0.0,0.0
2001-01-17 00:00:00-05:00,2.957401428467188,2.9955614468990226,2.957401428467188,2.9764814376831055,35000,0.0,0.0
2001-01-18 00:00:00-05:00,2.9764814376831055,2.9955614468990226,2.9764814376831055,2.9764814376831055,11300,0.0,0.0
2001-01-19 00:00:00-05:00,2.9955601692199707,2.9955601692199707,2.9955601692199707,2.9955601692199707,7400,0.0,0.0
2001-01-22 00:00:00-05:00,2.9955601692199707,2.9955601692199707,2.957400167064302,2.9955601692199707,33500,0.0,0.0
2001-01-23 00:00:00-05:00,2.9955614468990226,2.9955614468990226,2.957401428467188,2.9764814376831055,17300,0.0,0.0
2001-01-24 00:00:00-05:00,2.957401428467188,2.9955614468990226,2.9383214192512708,2.9764814376831055,48300,0.0,0.0
2001-01-25 00:00:00-05:00,2.9955614468990226,2.9955614468990226,2.957401428467188,2.9764814376831055,18600,0.0,0.0
2001-01-26 00:00:00-05:00,2.957401428467188,2.9955614468990226,2.957401428467188,2.9764814376831055,44000,0.0,0.0
2001-01-29 00:00:00-05:00,2.9917431456696755,2.997848592415757,2.9459509849548335,2.945950984954834,31700,0.0,0.0
2001-01-30 00:00:00-05:00,2.961216135376507,2.997849702835083,2.961216135376507,2.997849702835083,24600,0.0,0.0
2001-01-31 00:00:00-05:00,2.9978487163732512,3.0161656396440923,2.9795320842400286,2.9825849533081055,55100,0.0,0.0
2001-02-01 00:00:00-05:00,2.991745710372925,2.991745710372925,2.9825873868339365,2.991745710372925,7400,0.0,0.0
2001-02-02 00:00:00-05:00,2.991745710372925,3.010062357450901,2.9825873868339365,2.991745710372925,19300,0.0,0.0
2001-02-05 00:00:00-05:00,2.991744518391029,3.0222723484039307,2.9795333281583205,3.0222723484039307,16300,0.0,0.0
2001-02-06 00:00:00-05:00,3.022270455308135,3.022270455308135,2.9490033598050727,2.961214542388916,38500,0.0,0.0
2001-02-07 00:00:00-05:00,2.976480457815708,3.0222723484039307,2.945952336665066,3.0222723484039307,32100,0.0,0.0
2001-02-08 00:00:00-05:00,2.9795345152749886,2.991745710372925,2.9795345152749886,2.991745710372925,21400,0.0,0.0
2001-02-09 00:00:00-05:00,2.991743438774834,3.0253241270122446,2.991743438774834,3.0100600719451904,15900,0.0,0.0
2001-02-12 00:00:00-05:00,3.0100611581712218,3.028378089089155,2.991744518391029,3.0222723484039307,31400,0.0,0.0
2001-02-13 00:00:00-05:00,3.0017291250970763,3.0047953128814697,2.958803373338855,3.0047953128814697,33700,0.043,0.0
2001-02-14 00:00:00-05:00,2.9986626183610627,3.0139932632446294,2.9894643483940144,3.013993263244629,21300,0.0,0.0
2001-02-15 00:00:00-05:00,3.0201259593956746,3.035456313502118,3.0047953128814697,3.0047953128814697,19100,0.0,0.0
2001-02-16 00:00:00-05:00,2.974134092741988,3.03545638789391,2.974134092741988,3.0231919288635254,21400,0.0,0.0
2001-02-20 00:00:00-05:00,3.0293245969564384,3.0293245969564384,2.9955974044696596,3.0017294883728027,20700,0.0,0.0
2001-02-21 00:00:00-05:00,2.989464708761688,2.989464708761688,2.8208281795294754,2.958803415298462,61600,0.0,0.0
2001-02-22 00:00:00-05:00,2.9281420872831014,2.99559674992547,2.9281420872831014,2.9741337299346924,34000,0.0,0.0
2001-02-23 00:00:00-05:00,2.961868000195421,2.9894630908966064,2.961868000195421,2.9894630908966064,7100,0.0,0.0
2001-02-26 00:00:00-05:00,2.9894630908966064,2.9894630908966064,2.9741324524617694,2.9894630908966064,9700,0.0,0.0
2001-02-27 00:00:00-05:00,2.9863981504111687,3.0201256275177,2.9741336930290836,3.0201256275177,18600,0.0,0.0
2001-02-28 00:00:00-05:00,3.0293226700583986,3.0415871224712823,3.0201244038506387,3.035454750061035,36600,0.0,0.0
2001-03-01 00:00:00-05:00,3.038520936266159,3.0477192024739193,3.035454750061035,3.035454750061035,10300,0.0,0.0
2001-03-02 00:00:00-05:00,3.047720846924294,3.047720846924294,3.0231919288635254,3.0231919288635254,18700,0.0,0.0
2001-03-05 00:00:00-05:00,3.0354559799395098,3.0354559799395098,3.013993252622793,3.0201256275177,7700,0.0,0.0
2001-03-06 00:00:00-05:00,3.00479410613259,3.0446536540985107,3.00479410613259,3.0446536540985107,19600,0.0,0.0
2001-03-07 00:00:00-05:00,3.0446533463531464,3.0477192401885986,3.0354547876239457,3.0477192401885986,8900,0.0,0.0
2001-03-08 00:00:00-05:00,3.0354547876239457,3.0569177989177994,3.0293227075454263,3.0477192401885986,15500,0.0,0.0
2001-03-09 00:00:00-05:00,3.0354541528408117,3.0354541528408117,2.9986608028411865,2.9986608028411865,22700,0.0,0.0
2001-03-12 00:00:00-05:00,2.9986626450032388,2.9986626450032388,2.9649354598859206,2.9741337299346924,9200,0.0,0.0
2001-03-13 00:00:00-05:00,2.987376451492309,3.0058551983136623,2.9719775447594676,2.9873764514923096,18400,0.043,0.0
2001-03-14 00:00:00-05:00,3.005856107391744,3.005856107391744,2.968898896281576,2.984297513961792,13600,0.0,0.0
2001-03-15 00:00:00-05:00,2.990457600504105,3.005856513977051,2.990457600504105,3.005856513977051,6500,0.0,0.0
2001-03-16 00:00:00-05:00,3.018174810254898,3.018174810254898,2.9688985347747803,2.9688985347747803,3800,0.0,0.0
2001-03-19 00:00:00-05:00,2.968897998380673,2.987376451492309,2.968897998380673,2.9873764514923096,12100,0.0,0.0
2001-03-20 00:00:00-05:00,2.9873752855452866,2.999694347381592,2.9873752855452866,2.999694347381592,6100,0.0,0.0
2001-03-21 00:00:00-05:00,2.9873769912249397,2.9873769912249397,2.9688985347747803,2.9688985347747803,13200,0.0,0.0
2001-03-22 00:00:00-05:00,2.97505835135702,2.97505835135702,2.894984245300293,2.894984245300293,5600,0.0,0.0
2001-03-23 00:00:00-05:00,2.9535002093255303,2.981218193191874,2.833389043807984,2.8333890438079834,27800,0.0,0.0
2001-03-26 00:00:00-05:00,2.848787799991855,2.8641867117067465,2.824149658731954,2.8272294998168945,16900,0.0,0.0
2001-03-27 00:00:00-05:00,2.8333879752615916,2.8949833085632033,2.824148748693779,2.8518667221069336,27400,0.0,0.0
2001-03-28 00:00:00-05:00,2.8333872742643007,2.8641850801504,2.7810311804837182,2.8056693077087402,27000,0.0,0.0
2001-03-29 00:00:00-05:00,2.833387086083665,2.84878598800399,2.808748960494995,2.808748960494995,22500,0.0,0.0
2001-03-30 00:00:00-05:00,2.817990807317732,2.8487886398268465,2.817990807317732,2.8426289558410645,23000,0.0,0.0
2001-04-02 00:00:00-04:00,2.864185119035792,2.8765041828155518,2.8333873127315687,2.8765041828155518,9000,0.0,0.0
2001-04-03 00:00:00-04:00,2.879585848121262,2.8949844673279257,2.864186935204764,2.8826653957366943,18300,0.0,0.0
2001-04-04 00:00:00-04:00,2.8795842786384838,2.91038179397583,2.8795842786384838,2.91038179397583,17300,0.0,0.0
2001-04-05 00:00:00-04:00,2.910383258301517,2.93502140045166,2.910383258301517,2.93502140045166,6400,0.0,0.0
2001-04-06 00:00:00-04:00,2.916540968512021,2.9227003530296343,2.904221905767171,2.9196205139160156,6600,0.0,0.0
2001-04-09 00:00:00-04:00,2.9103831570357888,2.9103831570357888,2.876505786185548,2.894984245300293,15300,0.0,0.0
2001-04-10 00:00:00-04:00,2.908286353787142,2.908286353787142,2.8618776451330583,2.86497163772583,15200,0.043,0.0
2001-04-11 00:00:00-04:00,2.8773498762951806,2.8773498762951806,2.830940831238701,2.8464105129241943,20200,0.0,0.0
2001-04-12 00:00:00-04:00,2.8618776451330583,2.877347313037544,2.8402202871024023,2.86497163772583,7800,0.0,0.0
2001-04-16 00:00:00-04:00,2.8464099250726673,2.861879603563303,2.8216585575114803,2.8309402465820312,8900,0.0,0.0
2001-04-17 00:00:00-04:00,2.8154708631509715,2.8309402465820317,2.8154708631509715,2.8309402465820312,12900,0.0,0.0
2001-04-18 00:00:00-04:00,2.834034826587727,2.8649741899587133,2.8092834539147926,2.8464105129241943,16800,0.0,0.0
2001-04-19 00:00:00-04:00,2.834032208676473,2.8835349082946773,2.834032208676473,2.8835349082946777,8800,0.0,0.0
2001-04-20 00:00:00-04:00,2.886630848537983,2.9051945209503174,2.874255165282947,2.9051945209503174,11400,0.0,0.0
2001-04-23 00:00:00-04:00,2.8928175664100713,2.9175689220428467,2.8773478953747285,2.9175689220428467,6800,0.0,0.0
2001-04-24 00:00:00-04:00,2.9237563126495045,2.9330379962921143,2.892817268821005,2.9330379962921143,14600,0.0,0.0
2001-04-25 00:00:00-04:00,2.933038402273412,2.9485080738586236,2.908287045760852,2.9392263889312744,28900,0.0,0.0
2001-04-26 00:00:00-04:00,2.9392272698950275,2.9608846395699406,2.9392272698950275,2.9454152584075928,18600,0.0,0.0
2001-04-27 00:00:00-04:00,2.9423224608354075,2.945416456350062,2.9206647872924805,2.9206647872924805,23600,0.0,0.0
2001-04-30 00:00:00-04:00,2.923756904537033,2.9485082626342773,2.914475219015432,2.9485082626342773,19900,0.0,0.0
2001-05-01 00:00:00-04:00,2.9577905619370974,2.9670722484588623,2.939226893834073,2.9670722484588623,14100,0.0,0.0
2001-05-02 00:00:00-04:00,2.9825430287449763,2.9825430287449763,2.9423219788224655,2.9794490337371826,17100,0.0,0.0
2001-05-03 00:00:00-04:00,2.985636234283447,2.985636234283447,2.9423214915854983,2.9856362342834473,26900,0.0,0.0
2001-05-04 00:00:00-04:00,2.9701650751718205,3.0011041164398193,2.9701650751718205,3.0011041164398193,23200,0.0,0.0
2001-05-07 00:00:00-04:00,2.9918244253074002,3.004200109065318,2.985636435898654,2.9887304306030273,20700,0.0,0.0
2001-05-08 00:00:00-04:00,2.9918224335653574,3.0011041164398193,2.982540750690896,3.0011041164398193,16200,0.0,0.0
2001-05-09 00:00:00-04:00,2.988728440920744,3.0011041164398193,2.988728440920744,3.0011041164398193,5600,0.0,0.0
2001-05-10 00:00:00-04:00,2.9701650751718205,3.0165737846035077,2.9701650751718205,3.0011041164398193,28500,0.0,0.0
2001-05-11 00:00:00-04:00,2.9740673618399116,3.014467477798462,2.9740673618399116,3.014467477798462,25200,0.043,0.0
2001-05-14 00:00:00-04:00,3.0144712010629355,3.0362253189086914,2.9958251530506756,3.0362253189086914,28500,0.0,0.0
2001-05-15 00:00:00-04:00,3.017574420483818,3.0300051991896706,3.002035873008217,3.026897430419922,24600,0.0,0.0
2001-05-16 00:00:00-04:00,3.030008178635101,3.0610853041448345,3.030008178635101,3.0393311977386475,16700,0.0,0.0
2001-05-17 00:00:00-04:00,3.030006029532246,3.030006029532246,3.0082522349288823,3.014467477798462,10500,0.0,0.0
2001-05-18 00:00:00-04:00,3.0082529244152463,3.0393297386323437,2.952314243901863,2.961637258529663,33800,0.0,0.0
2001-05-21 00:00:00-04:00,2.9523140322547348,2.9523140322547348,2.942991018295288,2.942991018295288,11900,0.0,0.0
2001-05-22 00:00:00-04:00,2.942991018295288,2.9523140322547348,2.92745246411403,2.942991018295288,24600,0.0,0.0
2001-05-23 00:00:00-04:00,2.942990879268138,2.942990879268138,2.927452325820923,2.927452325820923,8400,0.0,0.0
2001-05-24 00:00:00-04:00,2.942990879268138,2.942990879268138,2.893267745335654,2.927452325820923,41200,0.0,0.0
2001-05-25 00:00:00-04:00,2.9150213121909148,2.9150213121909148,2.8901597471875444,2.905698299407959,12000,0.0,0.0
2001-05-29 00:00:00-04:00,2.9150213121909148,2.9181290819096444,2.8963749902517706,2.905698299407959,14300,0.0,0.0
2001-05-30 00:00:00-04:00,2.915022223711763,2.927453010100527,2.915022223711763,2.9212374687194824,17000,0.0,0.0
2001-05-31 00:00:00-04:00,2.9336696052703046,2.936777377391116,2.9150235652923584,2.9150235652923584,8700,0.0,0.0
2001-06-01 00:00:00-04:00,2.9150237898926115,2.927454582960179,2.8901622037574772,2.9119160175323486,28100,0.0,0.0
2001-06-04 00:00:00-04:00,2.927453010100527,2.9367760257987685,2.9119144530212404,2.9212374687194824,24400,0.0,0.0
2001-06-05 00:00:00-04:00,2.9367756843566895,2.952314239629397,2.9367756843566895,2.9367756843566895,17500,0.0,0.0
2001-06-06 00:00:00-04:00,2.9461003973800888,2.9492081695009005,2.911915793171547,2.9150235652923584,29900,0.0,0.0
2001-06-07 00:00:00-04:00,2.9367756843566895,2.9492064693001976,2.9150218847988736,2.9367756843566895,18700,0.0,0.0
2001-06-08 00:00:00-04:00,2.9305604400715812,2.9367756843566895,2.9305604400715812,2.9367756843566895,2800,0.0,0.0
2001-06-11 00:00:00-04:00,2.9274526697423813,2.9492064693001976,2.9274526697423813,2.9367756843566895,18400,0.0,0.0
2001-06-12 00:00:00-04:00,2.9492056536870033,2.9523134231567383,2.9367748721812714,2.9523134231567383,18900,0.0,0.0
2001-06-13 00:00:00-04:00,2.965739628363403,2.965739628363403,2.9345211973974847,2.9532523155212402,18500,0.043,0.0
2001-06-14 00:00:00-04:00,2.9657394390349414,2.98447055596293,2.9594956341519443,2.9688613414764404,34200,0.0,0.0
2001-06-15 00:00:00-04:00,2.97510379974262,2.9813476024243166,2.9594945907592773,2.9594945907592773,35100,0.0,0.0
2001-06-18 00:00:00-04:00,2.9751042341263956,2.9813480377197266,2.9657388264573417,2.9813480377197266,13800,0.0,0.0
2001-06-19 00:00:00-04:00,2.9813480377197266,2.9813480377197266,2.9751042341263956,2.9813480377197266,7400,0.0,0.0
2001-06-20 00:00:00-04:00,2.9813482371791435,2.9875917434692383,2.971982828883521,2.9875917434692383,23100,0.0,0.0
2001-06-21 00:00:00-04:00,2.9875911276352882,2.9875911276352882,2.928276490361624,2.931398391723633,46400,0.0,0.0
2001-06-22 00:00:00-04:00,2.934519995364741,2.934519995364741,2.9189110839964982,2.931398391723633,15200,0.0,0.0
2001-06-25 00:00:00-04:00,2.9345206101185064,2.9345206101185064,2.9189116954803462,2.9189116954803467,12500,0.0,0.0
2001-06-26 00:00:00-04:00,2.9189113544468843,2.934520267261364,2.9064240455627437,2.906424045562744,25900,0.0,0.0
2001-06-27 00:00:00-04:00,2.9345210097431114,2.9501302242279053,2.9157901905381616,2.9501302242279053,29600,0.0,0.0
2001-06-28 00:00:00-04:00,2.950128400486455,2.962615704810556,2.940762996673584,2.940762996673584,29000,0.0,0.0
2001-06-29 00:00:00-04:00,2.9563729871393276,2.9657383934409736,2.9563729871393276,2.9594945907592773,4200,0.0,0.0
2001-07-02 00:00:00-04:00,2.9657402542823394,2.9719840608816863,2.950131035505058,2.962618350982666,20300,0.0,0.0
2001-07-03 00:00:00-04:00,2.9719814892762115,2.978224992752075,2.9657376880795208,2.978224992752075,6700,0.0,0.0
2001-07-05 00:00:00-04:00,2.9657391616612103,2.978226472538313,2.962617259511691,2.975104570388794,20900,0.0,0.0
2001-07-06 00:00:00-04:00,2.978224992752075,2.978224992752075,2.968859588677866,2.978224992752075,3400,0.0,0.0
2001-07-09 00:00:00-04:00,2.978224992752075,2.978224992752075,2.968859588677866,2.978224992752075,4900,0.0,0.0
2001-07-10 00:00:00-04:00,2.971982717514038,2.978226223570169,2.968860815625497,2.971982717514038,8600,0.0,0.0
2001-07-11 00:00:00-04:00,2.9729212326673657,3.0042812824249268,2.969785466948889,3.0042812824249268,20300,0.043,0.0
2001-07-12 00:00:00-04:00,2.9791937352885753,3.00428165860738,2.9760576701058157,2.9948737621307373,34000,0.0,0.0
2001-07-13 00:00:00-04:00,3.0011453106399046,3.0074174404144287,2.9886013501624644,3.0074174404144287,12800,0.0,0.0
2001-07-16 00:00:00-04:00,3.0105546491607353,3.019962548325441,2.985466718673706,2.985466718673706,9700,0.0,0.0
2001-07-17 00:00:00-04:00,2.9886035202088523,3.023099660873413,2.9886035202088523,3.023099660873413,11600,0.0,0.0
2001-07-18 00:00:00-04:00,3.0105534120050783,3.0105534120050783,2.9854654918276693,3.0042812824249268,9800,0.0,0.0
2001-07-19 00:00:00-04:00,3.004281375527167,3.0262332315947846,3.004281375527167,3.0074174404144287,10400,0.0,0.0
2001-07-20 00:00:00-04:00,2.9854678489814983,3.041915564412741,2.9854678489814983,3.0387794971466064,19800,0.0,0.0
2001-07-23 00:00:00-04:00,3.041911338693143,3.079543196394355,3.041911338693143,3.0764074325561523,15700,0.0,0.0
2001-07-24 00:00:00-04:00,3.0795473339863477,3.1140434741973873,3.0795473339863477,3.1140434741973877,23500,0.0,0.0
2001-07-25 00:00:00-04:00,3.1140437295005876,3.1140437295005876,3.085819721221924,3.085819721221924,4900,0.0,0.0
2001-07-26 00:00:00-04:00,3.0764096761694857,3.085817572688075,3.0575935840606685,3.057593584060669,10500,0.0,0.0
2001-07-27 00:00:00-04:00,3.0732740444534934,3.0764101100925734,3.007418161391216,3.0419139862060547,46400,0.0,0.0
2001-07-30 00:00:00-04:00,3.038777307129274,3.051321268081665,3.038777307129274,3.051321268081665,10100,0.0,0.0
2001-07-31 00:00:00-04:00,3.0513212643900216,3.0732734203338627,3.0419133684550155,3.0732734203338623,13100,0.0,0.0
2001-08-01 00:00:00-04:00,3.073276315338672,3.0983642608457713,3.073276315338672,3.088956356048584,15600,0.0,0.0
2001-08-02 00:00:00-04:00,3.092091779862665,3.135995829136448,3.092091779862665,3.1203157901763916,23600,0.0,0.0
2001-08-03 00:00:00-04:00,3.12031454842406,3.142266713860858,3.12031454842406,3.1328585147857666,18500,0.0,0.0
2001-08-06 00:00:00-04:00,3.135994348082662,3.142266480333256,3.1046342849731445,3.1046342849731445,23400,0.0,0.0
2001-08-07 00:00:00-04:00,3.1046327003437977,3.1046327003437977,3.0858169113391978,3.101496934890747,10400,0.0,0.0
2001-08-08 00:00:00-04:00,3.1014984685198854,3.107770301598857,3.073274471985208,3.0826823711395264,11900,0.0,0.0
2001-08-09 00:00:00-04:00,3.0983629226684566,3.114042956606191,3.085818955332624,3.098362922668457,11300,0.0,0.0
2001-08-10 00:00:00-04:00,3.120314739951535,3.120314739951535,3.104634706269011,3.1109068393707275,3600,0.0,0.0
2001-08-13 00:00:00-04:00,3.1276004839471905,3.146498203277588,3.1276004839471905,3.146498203277588,7600,0.043,0.0
2001-08-14 00:00:00-04:00,3.146500090237782,3.146500090237782,3.1087043285369873,3.1087043285369873,11100,0.0,0.0
2001-08-15 00:00:00-04:00,3.133896593501643,3.133896593501643,3.0709037560170276,3.0866520404815674,33700,0.0,0.0
2001-08-16 00:00:00-04:00,3.1181509142612573,3.133899211883545,3.108702055837402,3.133899211883545,17600,0.0,0.0
2001-08-17 00:00:00-04:00,3.1464977057429815,3.1496474252579483,3.086654536827546,3.111851692199707,20100,0.0,0.0
2001-08-20 00:00:00-04:00,3.1150029398694876,3.118152360555708,3.089805772136127,3.1024043560028076,9500,0.0,0.0
2001-08-21 00:00:00-04:00,3.1150004863739014,3.1275990603174546,3.1055513306359646,3.1150004863739014,12500,0.0,0.0
2001-08-22 00:00:00-04:00,3.127601543228976,3.137050406094393,3.102404375338574,3.118152379989624,31800,0.0,0.0
2001-08-23 00:00:00-04:00,3.130746788843505,3.143345355987549,3.1244476554582503,3.143345355987549,11300,0.0,0.0
2001-08-24 00:00:00-04:00,3.1370493436123894,3.1496479232905985,3.1244507639341803,3.146498203277588,27200,0.0,0.0
2001-08-27 00:00:00-04:00,3.1244507639341803,3.1496479232905985,3.1244507639341803,3.146498203277588,9500,0.0,0.0
2001-08-28 00:00:00-04:00,3.1244526376724884,3.143350368335879,3.1087043285369873,3.1087043285369873,9700,0.0,0.0
2001-08-29 00:00:00-04:00,3.1150037723407933,3.130751781102281,3.102405185107195,3.1087043285369873,37000,0.0,0.0
2001-08-30 00:00:00-04:00,3.1244508142421075,3.1244508142421075,3.0961039344162553,3.0992536544799805,43700,0.0,0.0
2001-08-31 00:00:00-04:00,3.1118514875410535,3.1118514875410535,3.0961031913757324,3.0961031913757324,14700,0.0,0.0
2001-09-04 00:00:00-04:00,3.1118496810236724,3.118148815608714,3.0488568333052966,3.07090425491333,46000,0.0,0.0
2001-09-05 00:00:00-04:00,3.0898043389896914,3.133899211883545,3.086654619390475,3.133899211883545,32800,0.0,0.0
2001-09-06 00:00:00-04:00,3.1338981683052114,3.1338981683052114,3.0929527282714844,3.0929527282714844,21200,0.0,0.0
2001-09-07 00:00:00-04:00,3.0929546132351913,3.1181517762468687,3.077206611633301,3.077206611633301,10000,0.0,0.0
2001-09-10 00:00:00-04:00,3.0992525820915118,3.105551719665527,3.0772051500218565,3.1055517196655273,11300,0.0,0.0
2001-09-17 00:00:00-04:00,3.1254820764344298,3.1318088062770233,3.093847522153059,3.1159918308258057,25900,0.043,0.0
2001-09-18 00:00:00-04:00,3.1033405696648995,3.119157557859111,3.090686798095703,3.090686798095703,27800,0.0,0.0
2001-09-19 00:00:00-04:00,3.090683515139103,3.090683515139103,3.062212483928213,3.081192970275879,15500,0.0,0.0
2001-09-20 00:00:00-04:00,3.0811956037028687,3.084359121361062,2.910369572125842,2.938840627670288,38800,0.0,0.0
2001-09-21 00:00:00-04:00,2.94833087895522,2.9704752008729276,2.923023341068968,2.938840627670288,29600,0.0,0.0
2001-09-24 00:00:00-04:00,2.9451674836773947,2.9609844676260875,2.913532912400748,2.9514942169189453,26700,0.0,0.0
2001-09-25 00:00:00-04:00,2.948329448699951,3.0052715321658394,2.926185439214107,2.948329448699951,43800,0.0,0.0
2001-09-26 00:00:00-04:00,2.9388388736412803,3.0052711963653564,2.9388388736412803,3.0052711963653564,14500,0.0,0.0
2001-09-27 00:00:00-04:00,3.030577676957642,3.030577676957642,2.983126163482666,2.983126163482666,42100,0.0,0.0
2001-09-28 00:00:00-04:00,3.011599194058892,3.055887222290039,2.983128146373403,3.055887222290039,30900,0.0,0.0
2001-10-01 00:00:00-04:00,3.0558861899605123,3.0653764354198563,3.0179249064336724,3.024251937866211,26200,0.0,0.0
2001-10-02 00:00:00-04:00,3.0495592577389967,3.084357023239136,3.0495592577389967,3.0843570232391357,11500,0.0,0.0
2001-10-03 00:00:00-04:00,3.084355203002501,3.1318067008345256,3.084355203002501,3.106499195098877,14100,0.0,0.0
2001-10-04 00:00:00-04:00,3.1159915749224942,3.13180854907473,3.0685397473974567,3.0843570232391357,29600,0.0,0.0
2001-10-05 00:00:00-04:00,3.0970085924367092,3.1349698465854328,3.0938450791686747,3.1033356189727783,33500,0.0,0.0
2001-10-08 00:00:00-04:00,3.087519593719432,3.1128271066442346,3.084356079181494,3.093846321105957,23100,0.0,0.0
2001-10-09 00:00:00-04:00,3.106500439901189,3.106500439901189,3.084356438931515,3.1001737117767334,13500,0.0,0.0
2001-10-10 00:00:00-04:00,3.1096674842294414,3.115994521224366,3.0843599396292007,3.0970137119293213,16400,0.0,0.0
2001-10-11 00:00:00-04:00,3.1074964020589357,3.1074964020589357,3.0471259492415057,3.0693676471710205,25000,0.043,0.0
2001-10-12 00:00:00-04:00,3.078900983620248,3.0979655201502045,3.0344175700845626,3.082078456878662,28800,0.0,0.0
2001-10-15 00:00:00-04:00,3.0979655201502045,3.1011429934086188,3.075723813382362,3.082078456878662,9200,0.0,0.0
2001-10-16 00:00:00-04:00,3.107498004385716,3.107498004385716,3.0820788213534835,3.1011433601379395,17300,0.0,0.0
2001-10-17 00:00:00-04:00,3.101143692862921,3.110675811767578,3.101143692862921,3.110675811767578,17500,0.0,0.0
2001-10-18 00:00:00-04:00,3.1170281634235453,3.1170281634235453,3.075721945214794,3.0947861671447754,24900,0.0,0.0
2001-10-19 00:00:00-04:00,3.1202047840658147,3.1202047840658147,3.0916081531698483,3.0979630947113037,12600,0.0,0.0
2001-10-22 00:00:00-04:00,3.1202047840658147,3.1202047840658147,3.094785623940576,3.0979630947113037,7000,0.0,0.0
2001-10-23 00:00:00-04:00,3.094787964890714,3.1138525009155273,3.08843332156279,3.1138525009155273,6400,0.0,0.0
2001-10-24 00:00:00-04:00,3.1170304252882257,3.1233850695360017,3.09796588650377,3.1011433601379395,26900,0.0,0.0
2001-10-25 00:00:00-04:00,3.09478582542762,3.1011407673828155,3.075721605602654,3.0852537155151367,11900,0.0,0.0
2001-10-26 00:00:00-04:00,3.0852547663765035,3.1233835220336914,3.056658123878509,3.1233835220336914,25500,0.0,0.0
2001-10-29 00:00:00-05:00,3.1265629536972495,3.1265629536972495,3.1043212413787837,3.104321241378784,22500,0.0,0.0
2001-10-30 00:00:00-05:00,3.101142019729884,3.167867422103882,3.101142019729884,3.167867422103882,34200,0.0,0.0
2001-10-31 00:00:00-05:00,3.17104434967041,3.17104434967041,3.151980123599594,3.17104434967041,15700,0.0,0.0
2001-11-01 00:00:00-05:00,3.1742206365929153,3.2282364286607677,3.1742206365929153,3.1996397972106934,26000,0.0,0.0
2001-11-02 00:00:00-05:00,3.225061222544407,3.2314161686715965,3.2059969902038574,3.2059969902038574,13900,0.0,0.0
2001-11-05 00:00:00-05:00,3.225057341226901,3.225057341226901,3.1901060886522963,3.1932835578918457,17600,0.0,0.0
2001-11-06 00:00:00-05:00,3.193285603183977,3.2155272960662837,3.1837534923801796,3.215527296066284,30600,0.0,0.0
2001-11-07 00:00:00-05:00,3.2314162254333496,3.2314162254333496,3.209174519638516,3.2314162254333496,17000,0.0,0.0
2001-11-08 00:00:00-05:00,3.215529094546104,3.250480389055553,3.1932873892237734,3.234593629837036,18700,0.0,0.0
2001-11-09 00:00:00-05:00,3.2409483417710616,3.2409483417710616,3.209174519638516,3.2314162254333496,9600,0.0,0.0
2001-11-12 00:00:00-05:00,3.240945324984604,3.240945324984604,3.180574907013326,3.212348699569702,24000,0.0,0.0
2001-11-13 00:00:00-05:00,3.229262005938536,3.235644092804937,3.1813975716991356,3.2164981365203857,13300,0.043,0.0
2001-11-14 00:00:00-05:00,3.222880151560766,3.2452168464660645,3.197352413293384,3.2452168464660645,13700,0.0,0.0
2001-11-15 00:00:00-05:00,3.24841071577261,3.251601457595825,3.213309816883062,3.251601457595825,17500,0.0,0.0
2001-11-16 00:00:00-05:00,3.2388360500335693,3.251599924252149,3.2260721758149895,3.2388360500335693,15400,0.0,0.0
2001-11-19 00:00:00-05:00,3.2260708866423102,3.2260708866423102,3.190970322646471,3.197352409362793,11400,0.0,0.0
2001-11-20 00:00:00-05:00,3.1877807727550374,3.2420273179995593,3.178207942510353,3.2356455326080322,33800,0.0,0.0
2001-11-21 00:00:00-05:00,3.2101176808631835,3.226072295994685,3.1973538061691156,3.222881555557251,13400,0.0,0.0
2001-11-23 00:00:00-05:00,3.226073980331421,3.226073980331421,3.226073980331421,3.226073980331421,1100,0.0,0.0
2001-11-26 00:00:00-05:00,3.200542051222669,3.200542051222669,3.168632541523948,3.190969228744507,18700,0.0,0.0
2001-11-27 00:00:00-05:00,3.1718257524662032,3.222881555557251,3.1526800925824903,3.222881555557251,34500,0.0,0.0
2001-11-28 00:00:00-05:00,3.226070890608206,3.2452168464660645,3.222880151560766,3.2452168464660645,35000,0.0,0.0
2001-11-29 00:00:00-05:00,3.232454317183194,3.254791021347046,3.232454317183194,3.254791021347046,15900,0.0,0.0
2001-11-30 00:00:00-05:00,3.2611722579416416,3.2611722579416416,3.2005436420440674,3.2005436420440674,29000,0.0,0.0
2001-12-03 00:00:00-05:00,3.21969051080504,3.222881555557251,3.21969051080504,3.222881555557251,1400,0.0,0.0
2001-12-04 00:00:00-05:00,3.2292634077559184,3.2707460774511214,3.2164995327969934,3.2420272827148438,43500,0.0,0.0
2001-12-05 00:00:00-05:00,3.2260686986708453,3.2260686986708453,3.178204298019409,3.178204298019409,19700,0.0,0.0
2001-12-06 00:00:00-05:00,3.2005442537752704,3.206926342695769,3.165443677656778,3.1877803802490234,12000,0.0,0.0
2001-12-07 00:00:00-05:00,3.194160271008741,3.194160271008741,3.190969228744507,3.190969228744507,19900,0.0,0.0
2001-12-10 00:00:00-05:00,3.1750168800354004,3.1877807550624,3.159061960172954,3.1750168800354004,21600,0.0,0.0
2001-12-11 00:00:00-05:00,3.1877803802490234,3.210117387156018,3.1877803802490234,3.1877803802490234,12100,0.0,0.0
2001-12-12 00:00:00-05:00,3.188740453050977,3.246426308898036,3.172716570245667,3.2111740112304688,34200,0.043,0.0
2001-12-13 00:00:00-05:00,3.217585843651947,3.217585843651947,3.169514464073264,3.1855380535125732,19200,0.0,0.0
2001-12-14 00:00:00-05:00,3.1599008966485584,3.1823344787640213,3.1438773023766893,3.172719955444336,11300,0.0,0.0
2001-12-17 00:00:00-05:00,3.17592307550196,3.198356339830252,3.1502849718038246,3.169513702392578,13700,0.0,0.0
2001-12-18 00:00:00-05:00,3.1470799114016543,3.1791276915886284,3.1406705387424294,3.153489589691162,28700,0.0,0.0
2001-12-19 00:00:00-05:00,3.1406688763475663,3.1406688763475663,3.111825950572263,3.1246449947357178,12600,0.0,0.0
2001-12-20 00:00:00-05:00,3.1470809015241734,3.1470809015241734,3.124647631713592,3.1342618465423584,16200,0.0,0.0
2001-12-21 00:00:00-05:00,3.134261558229968,3.137466398088212,3.1118282904829635,3.131057024002075,27000,0.0,0.0
2001-12-24 00:00:00-05:00,3.118237951407495,3.1342618465423584,3.118237951407495,3.1342618465423584,2600,0.0,0.0
2001-12-26 00:00:00-05:00,3.1310565981275396,3.140670810764231,3.1086230278015137,3.1086230278015137,13200,0.0,0.0
2001-12-27 00:00:00-05:00,3.1278514877936963,3.153489589691162,3.1278514877936963,3.153489589691162,15400,0.0,0.0
2001-12-28 00:00:00-05:00,3.169513918852804,3.236814022064209,3.169513918852804,3.236814022064209,17100,0.0,0.0
2001-12-31 00:00:00-05:00,3.243222966369441,3.243222966369441,3.1951516014222703,3.2015609741210938,37100,0.0,0.0
2002-01-02 00:00:00-05:00,3.2015588138920523,3.220787530274652,3.1951494455179046,3.204763650894165,9200,0.0,0.0
2002-01-03 00:00:00-05:00,3.1951506586334024,3.24642684761513,3.191945820414496,3.2271981239318848,19200,0.0,0.0
2002-01-04 00:00:00-05:00,3.2015614327531394,3.217585325241089,3.1855375402651895,3.217585325241089,16800,0.0,0.0
2002-01-07 00:00:00-05:00,3.2175843554493504,3.2207891941070557,3.1983556291333537,3.2207891941070557,4400,0.0,0.0
2002-01-08 00:00:00-05:00,3.2271995032980616,3.246428235200031,3.2207901297509554,3.236814022064209,8100,0.0,0.0
2002-01-09 00:00:00-05:00,3.2143785584644857,3.2143785584644857,3.1759214229282478,3.2079691886901855,16700,0.0,0.0
2002-01-10 00:00:00-05:00,3.217583424344004,3.2336073073652987,3.204764379052998,3.2304024696350098,12000,0.0,0.0
2002-01-11 00:00:00-05:00,3.2345864738013876,3.241023302078247,3.208838546814948,3.241023302078247,6300,0.043,0.0
2002-01-14 00:00:00-05:00,3.2313689363710933,3.247461472602881,3.228150367736816,3.2281503677368164,6700,0.0,0.0
2002-01-15 00:00:00-05:00,3.2281493385850273,3.250679004902788,3.221712510308168,3.241023302078247,8600,0.0,0.0
2002-01-16 00:00:00-05:00,3.2249319553375244,3.2249319553375244,3.1895283158941226,3.2249319553375244,24700,0.0,0.0
2002-01-17 00:00:00-05:00,3.199183714406148,3.241024183877706,3.199183714406148,3.2249319553375244,9900,0.0,0.0
2002-01-18 00:00:00-05:00,3.2249310779163483,3.250679004902788,3.208838546814948,3.241023302078247,20600,0.0,0.0
2002-01-22 00:00:00-05:00,3.2474610805511475,3.2474610805511475,3.2474610805511475,3.2474610805511475,2400,0.0,0.0
2002-01-23 00:00:00-05:00,3.247460352298394,3.250678919822334,3.20883846282959,3.20883846282959,7700,0.0,0.0
2002-01-24 00:00:00-05:00,3.199182760257769,3.234586389142126,3.1895273646254414,3.20883846282959,28200,0.0,0.0
2002-01-25 00:00:00-05:00,3.2024013277817094,3.20883846282959,3.1702165733607863,3.20883846282959,23700,0.0,0.0
2002-01-28 00:00:00-05:00,3.208838542573767,3.221712506049971,3.2024014073659144,3.218493938446045,6000,0.0,0.0
2002-01-29 00:00:00-05:00,3.2217116234273906,3.23136701665447,3.2056190967559814,3.2056190967559814,5800,0.0,0.0
2002-01-30 00:00:00-05:00,3.208839805390827,3.2345877424761604,3.208839805390827,3.2120580673217773,26100,0.0,0.0
2002-01-31 00:00:00-05:00,3.2056217936266953,3.2313697351867754,3.2056217936266953,3.2152771949768066,14700,0.0,0.0
2002-02-01 00:00:00-05:00,3.2184953695554332,3.2442433079567055,3.208839969389865,3.2345879077911377,16700,0.0,0.0
2002-02-04 00:00:00-05:00,3.2345875050053707,3.2506800412371586,3.228150367736816,3.2281503677368164,6000,0.0,0.0
2002-02-05 00:00:00-05:00,3.218494818369784,3.2474613208454457,3.218494818369784,3.2249319553375244,16000,0.0,0.0
2002-02-06 00:00:00-05:00,3.23458821198433,3.282865524291992,3.23458821198433,3.282865524291992,25900,0.0,0.0
2002-02-07 00:00:00-05:00,3.282864410435313,3.2860829786810264,3.2249317167102753,3.2474610805511475,26200,0.0,0.0
2002-02-08 00:00:00-05:00,3.2474609978970714,3.2538978272851073,3.2281498958538557,3.2442424297332764,20400,0.0,0.0
2002-02-11 00:00:00-05:00,3.2474604330023795,3.2474604330023795,3.218493938446045,3.218493938446045,13800,0.0,0.0
2002-02-12 00:00:00-05:00,3.2184952050629216,3.2345877424761604,3.212058067321778,3.2120580673217773,18500,0.0,0.0
2002-02-13 00:00:00-05:00,3.219488620758057,3.219488620758057,3.2097914522282767,3.2194886207580566,17600,0.043,0.0
2002-02-14 00:00:00-05:00,3.225957138208411,3.2421193105141595,3.2162599581320808,3.22918963432312,7700,0.0,0.0
2002-02-15 00:00:00-05:00,3.232422130437829,3.248584302743578,3.2227249503614988,3.22918963432312,6400,0.0,0.0
2002-02-19 00:00:00-05:00,3.2227227940633383,3.248582129143142,3.2097931265234365,3.232419967651367,18200,0.0,0.0
2002-02-20 00:00:00-05:00,3.2324226073456694,3.267979145050049,3.2324226073456694,3.267979145050049,21800,0.0,0.0
2002-02-21 00:00:00-05:00,3.2582833596669816,3.297072410583496,3.2518186719815496,3.297072410583496,38100,0.0,0.0
2002-02-22 00:00:00-05:00,3.303536951137366,3.306769140400531,3.264747905568003,3.280909776687622,9700,0.0,0.0
2002-02-25 00:00:00-05:00,3.290604856330872,3.293837043223924,3.264745511580224,3.271210193634033,16700,0.0,0.0
2002-02-26 00:00:00-05:00,3.290607722898064,3.3067695962456316,3.280910228967955,3.297072410583496,27800,0.0,0.0
2002-02-27 00:00:00-05:00,3.3132331725293116,3.3132331725293116,3.2647469567262632,3.267979145050049,13500,0.0,0.0
2002-02-28 00:00:00-05:00,3.290605302791698,3.293837490123285,3.2776756286621094,3.2776756286621094,10200,0.0,0.0
2002-03-01 00:00:00-05:00,3.2938394585440767,3.297071956075173,3.264747905568003,3.280909776687622,25100,0.0,0.0
2002-03-04 00:00:00-05:00,3.3035337856536624,3.3196959495544434,3.274441952285783,3.3196959495544434,20000,0.0,0.0
2002-03-05 00:00:00-05:00,3.319699588152444,3.319699588152444,3.280910228967955,3.297072410583496,15400,0.0,0.0
2002-03-06 00:00:00-05:00,3.2809109491896793,3.300305633039422,3.274446260085126,3.2841434478759766,17900,0.0,0.0
2002-03-07 00:00:00-05:00,3.2841379631358625,3.3132297861910764,3.2647436199440714,3.300300121307373,12000,0.0,0.0
2002-03-08 00:00:00-05:00,3.297072410583496,3.313234592199038,3.287375224921361,3.297072410583496,23100,0.0,0.0
2002-03-11 00:00:00-05:00,3.3261618295811304,3.3261618295811304,3.2776756286621094,3.2776756286621094,28900,0.0,0.0
2002-03-12 00:00:00-05:00,3.3067679397196974,3.3293951059535627,3.293838262557983,3.2938382625579834,13900,0.0,0.0
2002-03-13 00:00:00-05:00,3.285072678869405,3.2883188724517827,3.2623499429408827,3.2883188724517822,19800,0.043,0.0
2002-03-14 00:00:00-05:00,3.2948123084896355,3.304550893251974,3.2558588981628414,3.255858898162842,23800,0.0,0.0
2002-03-15 00:00:00-05:00,3.2526117388657956,3.2688420879643787,3.1974276851232295,3.2071659564971924,31800,0.0,0.0
2002-03-18 00:00:00-05:00,3.200675318933983,3.2363828494491074,3.1909370422363286,3.190937042236328,18700,0.0,0.0
2002-03-19 00:00:00-05:00,3.2169031096315206,3.2169031096315206,3.1649652675926037,3.1682114601135254,22800,0.0,0.0
2002-03-20 00:00:00-05:00,3.1682160250843703,3.190938786323333,3.10653951661518,3.1812005043029785,30200,0.0,0.0
2002-03-21 00:00:00-05:00,3.19742954514711,3.21690609922503,3.1487375408038205,3.194183349609375,34400,0.0,0.0
2002-03-22 00:00:00-05:00,3.1811977816718637,3.223397380409374,3.1811977816718637,3.22015118598938,13600,0.0,0.0
2002-03-25 00:00:00-05:00,3.249366874926017,3.249366874926017,3.1617214679718018,3.1617214679718018,34200,0.0,0.0
2002-03-26 00:00:00-05:00,3.14224491725366,3.181198328264136,3.14224491725366,3.1617214679718018,36900,0.0,0.0
2002-03-27 00:00:00-05:00,3.1552301874386073,3.1552301874386073,3.142245713810229,3.145491600036621,21100,0.0,0.0
2002-03-28 00:00:00-05:00,3.1454920945076217,3.1454920945076217,3.1162772564319043,3.1292617321014404,14800,0.0,0.0
2002-04-01 00:00:00-05:00,3.1454904404580915,3.18444415655729,3.1325059716164105,3.1649672985076904,15900,0.0,0.0
2002-04-02 00:00:00-05:00,3.1584725901049207,3.161718782325275,3.1422422481510095,3.155226707458496,19100,0.0,0.0
2002-04-03 00:00:00-05:00,3.161720784625805,3.161720784625805,3.122767382034368,3.1325056552886963,11400,0.0,0.0
2002-04-04 00:00:00-05:00,3.15523112718913,3.15523112718913,3.116277694702149,3.1162776947021484,18200,0.0,0.0
2002-04-05 00:00:00-05:00,3.122769394113671,3.135753870010376,3.122769394113671,3.135753870010376,10600,0.0,0.0
2002-04-08 00:00:00-04:00,3.1162753030561916,3.1325056552886963,3.090306367995234,3.1325056552886963,10300,0.0,0.0
2002-04-09 00:00:00-04:00,3.1130310601209406,3.1454920945076217,3.1065386674990125,3.1292617321014404,9000,0.0,0.0
2002-04-10 00:00:00-04:00,3.138998360824329,3.1779517673493713,3.11952150277473,3.1649672985076904,17400,0.0,0.0
2002-04-11 00:00:00-04:00,3.1789907764434875,3.182251354430942,3.1170413494110107,3.1170413494110107,15800,0.043,0.0
2002-04-12 00:00:00-04:00,3.1365997306620303,3.1822468246726996,3.1365997306620303,3.146381139755249,13000,0.0,0.0
2002-04-15 00:00:00-04:00,3.1463829166673594,3.1463829166673594,3.1268200874328613,3.1268200874328613,7900,0.0,0.0
2002-04-16 00:00:00-04:00,3.1202968035225926,3.1202968035225926,3.0974734147062173,3.1137759685516357,7800,0.0,0.0
2002-04-17 00:00:00-04:00,3.1300802149682405,3.143122202907878,3.100735664367676,3.100735664367676,10500,0.0,0.0
2002-04-18 00:00:00-04:00,3.1105175224404036,3.1268200874328613,3.09747553263555,3.1268200874328613,17400,0.0,0.0
2002-04-19 00:00:00-04:00,3.1007341945441063,3.1268181580589474,3.0844316396109877,3.097473621368408,17100,0.0,0.0
2002-04-22 00:00:00-04:00,3.1398610437033683,3.175726426124673,3.136600469589033,3.162684440612793,18900,0.0,0.0
2002-04-23 00:00:00-04:00,3.1789865599690734,3.195289117337486,3.159423428937895,3.1659445762634277,14000,0.0,0.0
2002-04-24 00:00:00-04:00,3.182247574353344,3.1855081484676795,3.1463818809865773,3.162684440612793,20800,0.0,0.0
2002-04-25 00:00:00-04:00,3.16268614393395,3.19529128074646,3.16268614393395,3.19529128074646,12100,0.0,0.0
2002-04-26 00:00:00-04:00,3.1952919323071547,3.201812774431962,3.1594262123107906,3.159426212310791,12100,0.0,0.0
2002-04-29 00:00:00-04:00,3.1724660513910936,3.201810598373413,3.162684639378814,3.201810598373413,12400,0.0,0.0
2002-04-30 00:00:00-04:00,3.201810712530275,3.2409366729198648,3.1952898746047564,3.211592435836792,21400,0.0,0.0
2002-05-01 00:00:00-04:00,3.23115488023458,3.2344154542862986,3.185508087292344,3.2278943061828613,11300,0.0,0.0
2002-05-02 00:00:00-04:00,3.2474576662741756,3.2474576662741756,3.23441568010221,3.240936517715454,19200,0.0,0.0
2002-05-03 00:00:00-04:00,3.2213726348801828,3.237675189971924,3.2148514884653365,3.237675189971924,5000,0.0,0.0
2002-05-06 00:00:00-04:00,3.253979737898166,3.263761464445784,3.2441983222961426,3.2441983222961426,11200,0.0,0.0
2002-05-07 00:00:00-04:00,3.260500452212425,3.2833238558753344,3.2311558983912243,3.2768030166625977,16800,0.0,0.0
2002-05-08 00:00:00-04:00,3.2898429806352856,3.2898429806352856,3.2539772987365723,3.2539772987365723,7500,0.0,0.0
2002-05-09 00:00:00-04:00,3.247458024600657,3.247458024600657,3.2083320617675786,3.208332061767578,4000,0.0,0.0
2002-05-10 00:00:00-04:00,3.2083322830543843,3.293105363845825,3.2083322830543843,3.293105363845825,14800,0.0,0.0
2002-05-13 00:00:00-04:00,3.2678918461180455,3.307185411453247,3.2646176425692928,3.307185411453247,3900,0.043,0.0
2002-05-14 00:00:00-04:00,3.2875390824435593,3.2875390824435593,3.261343576788635,3.2809903621673584,5000,0.0,0.0
2002-05-15 00:00:00-04:00,3.267891153777991,3.317007943903532,3.254793405532837,3.254793405532837,11600,0.0,0.0
2002-05-16 00:00:00-04:00,3.2711674012084657,3.2711674012084657,3.2089531421661377,3.2089531421661377,24400,0.0,0.0
2002-05-17 00:00:00-04:00,3.2253223398937916,3.2351455688476562,3.199126854500274,3.2351455688476562,12900,0.0,0.0
2002-05-20 00:00:00-04:00,3.2220497383182334,3.2580684740414037,3.1958542373786547,3.2482452392578125,19400,0.0,0.0
2002-05-21 00:00:00-04:00,3.2580688306186936,3.2940878825589497,3.1958545871469464,3.2024033069610596,24800,0.0,0.0
2002-05-22 00:00:00-04:00,3.2024029314461386,3.2613429642370186,3.1958542123999303,3.2220497131347656,38600,0.0,0.0
2002-05-23 00:00:00-04:00,3.2187783720346403,3.2187783720346403,3.192582845464139,3.2056806087493896,10300,0.0,0.0
2002-05-24 00:00:00-04:00,3.189305555057795,3.2024033069610596,3.1827568352436817,3.2024033069610596,21600,0.0,0.0
2002-05-28 00:00:00-04:00,3.2056755697112442,3.2351455688476562,3.1925778270144853,3.2351455688476562,13400,0.0,0.0
2002-05-29 00:00:00-04:00,3.2089542636216906,3.258070784647825,3.2089542636216906,3.238424301147461,6000,0.0,0.0
2002-05-30 00:00:00-04:00,3.2515200460313434,3.267892001378002,3.218775510787964,3.218775510787964,25100,0.0,0.0
2002-05-31 00:00:00-04:00,3.2449691841242907,3.2744391867691904,3.215499181479391,3.2285969257354736,17300,0.0,0.0
2002-06-03 00:00:00-04:00,3.2416963440779223,3.307185411453247,3.2187753578615683,3.307185411453247,20600,0.0,0.0
2002-06-04 00:00:00-04:00,3.323557824650315,3.346479126304668,3.2744413296160975,3.2809903621673584,15600,0.0,0.0
2002-06-05 00:00:00-04:00,3.2809901645362194,3.2809901645362194,3.2416965961456303,3.24169659614563,21200,0.0,0.0
2002-06-06 00:00:00-04:00,3.241694962463054,3.27116496776679,3.241694962463054,3.267890453338623,31100,0.0,0.0
2002-06-07 00:00:00-04:00,3.271165609359741,3.271165609359741,3.2580678613530183,3.271165609359741,6800,0.0,0.0
2002-06-10 00:00:00-04:00,3.271164563183947,3.274439077207117,3.2416945615251076,3.2613413333892822,5300,0.0,0.0
2002-06-11 00:00:00-04:00,3.241695148757766,3.274439670371441,3.22532320022583,3.22532320022583,24300,0.0,0.0
2002-06-12 00:00:00-04:00,3.2295989990234375,3.2493319217481917,3.2164438217549898,3.2295989990234375,13900,0.043,0.0
2002-06-13 00:00:00-04:00,3.2131533851420273,3.2230196839171867,3.199997901916504,3.199997901916504,10900,0.0,0.0
2002-06-14 00:00:00-04:00,3.2032897696997775,3.242755315368104,3.2032897696997775,3.223022699356079,20600,0.0,0.0
2002-06-17 00:00:00-04:00,3.252620794476345,3.255909353560332,3.2197326944831435,3.2295989990234375,8900,0.0,0.0
2002-06-18 00:00:00-04:00,3.2230215672112967,3.255909353560332,3.2098663899428495,3.2295989990234375,20400,0.0,0.0
2002-06-19 00:00:00-04:00,3.2263099025021758,3.2263099025021758,3.0947578380874194,3.1736888885498047,157500,0.0,0.0
2002-06-20 00:00:00-04:00,3.157246087628273,3.180267572402954,3.1440909086649973,3.180267572402954,22100,0.0,0.0
2002-06-21 00:00:00-04:00,3.1901347637176514,3.196712511847214,3.173690707038037,3.1901347637176514,8000,0.0,0.0
2002-06-24 00:00:00-04:00,3.1901314148119324,3.196709156036377,3.1671099478143048,3.196709156036377,21500,0.0,0.0
2002-06-25 00:00:00-04:00,3.1999977130046346,3.206575454229079,3.1901314148119324,3.196709156036377,9200,0.0,0.0
2002-06-26 00:00:00-04:00,3.199999110014685,3.242753505706787,3.199999110014685,3.242753505706787,26300,0.0,0.0
2002-06-27 00:00:00-04:00,3.2460449829140168,3.252622732289145,3.1967131171779686,3.2131571769714355,39300,0.0,0.0
2002-06-28 00:00:00-04:00,3.206578643583207,3.236177881245521,3.206578643583207,3.223022699356079,7800,0.0,0.0
2002-07-01 00:00:00-04:00,3.2394652366638184,3.2394652366638184,3.2230211885989206,3.2394652366638184,5000,0.0,0.0
2002-07-02 00:00:00-04:00,3.2394661805268914,3.2657765396389613,3.2394661805268914,3.2559099197387695,17200,0.0,0.0
2002-07-03 00:00:00-04:00,3.262488493427054,3.262488493427054,3.259199619293213,3.259199619293213,3600,0.0,0.0
2002-07-05 00:00:00-04:00,3.262484495306614,3.26577336541,3.2493293285369873,3.2493293285369873,29800,0.0,0.0
2002-07-08 00:00:00-04:00,3.272355536922293,3.285510722767076,3.2526229149773047,3.27893328666687,20400,0.0,0.0
2002-07-09 00:00:00-04:00,3.2887964734567454,3.3052405185528437,3.282218729960677,3.3019516468048096,21000,0.0,0.0
2002-07-10 00:00:00-04:00,3.30195381488904,3.321686744689942,3.2920875068107285,3.3216867446899414,18100,0.0,0.0
2002-07-11 00:00:00-04:00,3.339192380686276,3.362312622036139,3.3193753909411057,3.322678327560425,18100,0.043,0.0
2002-07-12 00:00:00-04:00,3.3358881015188975,3.352402146439263,3.3325851665407376,3.339190721511841,9300,0.0,0.0
2002-07-15 00:00:00-04:00,3.319375094405503,3.3358894610414196,3.269831994497752,3.309466600418091,31700,0.0,0.0
2002-07-16 00:00:00-04:00,3.319375410381338,3.319375410381338,3.2665296841042237,3.286346673965454,22700,0.0,0.0
2002-07-17 00:00:00-04:00,3.3028600215911865,3.3028600215911865,3.263225739130325,3.3028600215911865,22500,0.0,0.0
2002-07-18 00:00:00-04:00,3.2764377682774146,3.2962547556542474,3.269831895828247,3.269831895828247,10800,0.0,0.0
2002-07-19 00:00:00-04:00,3.2698314047818737,3.292951639896548,3.2533173561096196,3.253317356109619,13000,0.0,0.0
2002-07-22 00:00:00-04:00,3.2467114846524874,3.2533173561096196,3.2467114846524874,3.253317356109619,7600,0.0,0.0
2002-07-23 00:00:00-04:00,3.2632254914928915,3.2632254914928915,3.216985341304956,3.2202882766723633,28500,0.0,0.0
2002-07-24 00:00:00-04:00,3.203772612470731,3.2368013227479535,3.1707442171786333,3.2169840335845947,25300,0.0,0.0
2002-07-25 00:00:00-04:00,3.236804064901326,3.2500154972076416,3.216986758949156,3.2500154972076416,22800,0.0,0.0
2002-07-26 00:00:00-04:00,3.2500134221500483,3.256618976593018,3.2202876396937063,3.2566189765930176,9600,0.0,0.0
2002-07-29 00:00:00-04:00,3.263227899151489,3.263227899151489,3.2037762786148805,3.243410587310791,12500,0.0,0.0
2002-07-30 00:00:00-04:00,3.2533162491351146,3.2830417156219482,3.216984598453684,3.2830417156219482,24200,0.0,0.0
2002-07-31 00:00:00-04:00,3.2863421119653746,3.2863421119653746,3.253313736383851,3.2632222175598145,9400,0.0,0.0
2002-08-01 00:00:00-04:00,3.2962534427642822,3.2962534427642822,3.2632250386295842,3.2962534427642822,8200,0.0,0.0
2002-08-02 00:00:00-04:00,3.2962540890102883,3.2962540890102883,3.259922742843628,3.259922742843628,11400,0.0,0.0
2002-08-05 00:00:00-04:00,3.2566204659152467,3.269831895828247,3.2566204659152467,3.269831895828247,5500,0.0,0.0
2002-08-06 00:00:00-04:00,3.2566208741882336,3.286346673965454,3.2368038843270033,3.286346673965454,15900,0.0,0.0
2002-08-07 00:00:00-04:00,3.2896478176116943,3.2896478176116943,3.256619099197811,3.2896478176116943,9000,0.0,0.0
2002-08-08 00:00:00-04:00,3.2896487041679823,3.2896487041679823,3.243408548923921,3.253317356109619,13200,0.0,0.0
2002-08-09 00:00:00-04:00,3.25331883307229,3.312770128250122,3.25331883307229,3.312770128250122,18500,0.0,0.0
2002-08-12 00:00:00-04:00,3.3028582354981832,3.3028582354981832,3.2995553016662593,3.2995553016662598,6100,0.0,0.0
2002-08-13 00:00:00-04:00,3.267381180601568,3.330406665802002,3.267381180601568,3.330406665802002,16700,0.043,0.0
2002-08-14 00:00:00-04:00,3.317140123665795,3.3668970989819282,3.317140123665795,3.3270914554595947,8900,0.0,0.0
2002-08-15 00:00:00-04:00,3.3436752056519325,3.3436752056519325,3.313820911902853,3.330406665802002,12200,0.0,0.0
2002-08-16 00:00:00-04:00,3.330406665802002,3.330406665802002,3.3270894517527836,3.330406665802002,8300,0.0,0.0
2002-08-19 00:00:00-04:00,3.3038701298413797,3.3436757559422405,3.3038701298413797,3.317138671875,12600,0.0,0.0
2002-08-20 00:00:00-04:00,3.297235700651072,3.366895625414327,3.297235700651072,3.317138671875,21000,0.0,0.0
2002-08-21 00:00:00-04:00,3.3105042426846922,3.320455886470154,3.2806502603692933,3.317138671875,18700,0.0,0.0
2002-08-22 00:00:00-04:00,3.317136444727,3.317136444727,3.2673795245948085,3.300550699234009,16900,0.0,0.0
2002-08-23 00:00:00-04:00,3.310502259255115,3.310502259255115,3.2673797607421875,3.2673797607421875,6400,0.0,0.0
2002-08-26 00:00:00-04:00,3.300553034979974,3.300553034979974,3.2342103224051666,3.25079607963562,25000,0.0,0.0
2002-08-27 00:00:00-04:00,3.2507941396666973,3.2839653179851096,3.2507941396666973,3.2740139961242676,28500,0.0,0.0
2002-08-28 00:00:00-04:00,3.250794406574026,3.283965587615967,3.250794406574026,3.283965587615967,8900,0.0,0.0
2002-08-29 00:00:00-04:00,3.303869586102141,3.330406665802002,3.2906010462522106,3.330406665802002,18600,0.0,0.0
2002-08-30 00:00:00-04:00,3.330404977852037,3.330404977852037,3.300550699234009,3.300550699234009,7200,0.0,0.0
2002-09-03 00:00:00-04:00,3.3304058845729574,3.343674421310425,3.3138201345644065,3.343674421310425,11500,0.0,0.0
2002-09-04 00:00:00-04:00,3.3337245682982872,3.350310325622559,3.320456025708271,3.3503103256225586,11900,0.0,0.0
2002-09-05 00:00:00-04:00,3.3337235129905234,3.3867976665496826,3.3204549746007332,3.3867976665496826,13600,0.0,0.0
2002-09-06 00:00:00-04:00,3.350309664727616,3.4000666105381763,3.3304066965952237,3.3702123165130615,13000,0.0,0.0
2002-09-09 00:00:00-04:00,3.3834825208697756,3.4000682830810547,3.3702139743701727,3.4000682830810547,11600,0.0,0.0
2002-09-10 00:00:00-04:00,3.4000687909833736,3.4067032233977774,3.3403601646423335,3.340360164642334,8400,0.0,0.0
2002-09-11 00:00:00-04:00,3.3713412038561676,3.4479627609252934,3.341358869251019,3.447962760925293,15800,0.043,0.0
2002-09-12 00:00:00-04:00,3.4479623246516002,3.4479623246516002,3.358015332217226,3.3813347816467285,27500,0.0,0.0
2002-09-13 00:00:00-04:00,3.358014119307941,3.4146473197840588,3.351351558036163,3.3713395595550537,10500,0.0,0.0
2002-09-16 00:00:00-04:00,3.38133471216021,3.414648482978047,3.3413583778010043,3.364678144454956,15800,0.0,0.0
2002-09-17 00:00:00-04:00,3.38133471216021,3.394660156946612,3.3546838225874063,3.364678144454956,7300,0.0,0.0
2002-09-18 00:00:00-04:00,3.381334781646729,3.3946602267069688,3.3313644420967456,3.3813347816467285,27700,0.0,0.0
2002-09-19 00:00:00-04:00,3.4079853869404357,3.4079853869404357,3.341358167207691,3.3446896076202393,15900,0.0,0.0
2002-09-20 00:00:00-04:00,3.3713409943939507,3.4113173321491725,3.3413586616516118,3.3413586616516113,14000,0.0,0.0
2002-09-23 00:00:00-04:00,3.361346772908204,3.4146485531491644,3.361346772908204,3.3813347816467285,27700,0.0,0.0
2002-09-24 00:00:00-04:00,3.3780035892413576,3.464618821501138,3.361346703832439,3.364678144454956,39000,0.0,0.0
2002-09-25 00:00:00-04:00,3.364678144454956,3.3979915975691286,3.364678144454956,3.364678144454956,14000,0.0,0.0
2002-09-26 00:00:00-04:00,3.397988830208249,3.447959445738365,3.397988830208249,3.40798282623291,13700,0.0,0.0
2002-09-27 00:00:00-04:00,3.431301624711893,3.461283922195434,3.4046507642161488,3.4612839221954346,22700,0.0,0.0
2002-09-30 00:00:00-04:00,3.4646172501061,3.4812741279602055,3.4146469342473034,3.481274127960205,23200,0.0,0.0
2002-10-01 00:00:00-04:00,3.4646172501061,3.5112564445568912,3.4646172501061,3.481274127960205,35600,0.0,0.0
2002-10-02 00:00:00-04:00,3.4812741279602055,3.4912681275912605,3.4646172501061,3.481274127960205,49500,0.0,0.0
2002-10-03 00:00:00-04:00,3.494599552532735,3.497930991630752,3.464617236057623,3.4679486751556396,28100,0.0,0.0
2002-10-04 00:00:00-04:00,3.4646159539493513,3.4812728255719096,3.4046516608929016,3.4179770946502686,17700,0.0,0.0
2002-10-07 00:00:00-04:00,3.4013226680218076,3.464618444442749,3.4013226680218076,3.464618444442749,10100,0.0,0.0
2002-10-08 00:00:00-04:00,3.467950772192918,3.477944777826731,3.4479627609252934,3.447962760925293,16800,0.0,0.0
2002-10-09 00:00:00-04:00,3.4213116239043306,3.4346370697021484,3.4213116239043306,3.4346370697021484,3700,0.0,0.0
2002-10-10 00:00:00-04:00,3.4322955387883547,3.4456767948855402,3.38546098293105,3.3954968452453613,24100,0.043,0.0
2002-10-11 00:00:00-04:00,3.3954957866071256,3.3954957866071256,3.335280312460759,3.345316171646118,18400,0.0,0.0
2002-10-14 00:00:00-04:00,3.3620428163111913,3.3720786754965504,3.345316171646118,3.345316171646118,7100,0.0,0.0
2002-10-15 00:00:00-04:00,3.3285890671036156,3.412221959840059,3.3185532093048096,3.3185532093048096,31800,0.0,0.0
2002-10-16 00:00:00-04:00,3.311861507806025,3.3386240005493164,3.311861507806025,3.3386240005493164,6600,0.0,0.0
2002-10-17 00:00:00-04:00,3.3118612793229945,3.3453145524612293,3.2951349617879337,3.2984800338745117,10700,0.0,0.0
2002-10-18 00:00:00-04:00,3.318551781931045,3.3787675408922473,3.288443902450444,3.2917892932891846,24600,0.0,0.0
2002-10-21 00:00:00-04:00,3.308518106924521,3.345316473278255,3.144597357267864,3.18808650970459,62600,0.0,0.0
2002-10-22 00:00:00-04:00,3.20146700048977,3.2382656771150917,3.1445966084635137,3.1947765350341797,23700,0.0,0.0
2002-10-23 00:00:00-04:00,3.208157660378574,3.281754691736633,3.208157660378574,3.2449560165405273,17700,0.0,0.0
2002-10-24 00:00:00-04:00,3.278409207498179,3.278409207498179,3.208157570229141,3.228229284286499,20800,0.0,0.0
2002-10-25 00:00:00-04:00,3.2081577999547197,3.241610765457153,3.1981219422074063,3.2416107654571533,8100,0.0,0.0
2002-10-28 00:00:00-05:00,3.234917971627549,3.234917971627549,3.168011769744474,3.198119640350342,16400,0.0,0.0
2002-10-29 00:00:00-05:00,3.211503408690828,3.234920518024409,3.191431372809053,3.208158016204834,41800,0.0,0.0
2002-10-30 00:00:00-05:00,3.2416107820895146,3.3185532093048096,3.2416107820895146,3.3185532093048096,12400,0.0,0.0
2002-10-31 00:00:00-05:00,3.318549781840775,3.3319310180968333,3.254988670349121,3.254988670349121,41400,0.0,0.0
2002-11-01 00:00:00-05:00,3.278413294349402,3.278413294349402,3.2215428352355957,3.2215428352355957,7700,0.0,0.0
2002-11-04 00:00:00-05:00,3.2215391618316187,3.244956270399906,3.1747046256608673,3.218193769454956,20500,0.0,0.0
2002-11-05 00:00:00-05:00,3.231573203466467,3.261681079864502,3.2248827415080132,3.261681079864502,18500,0.0,0.0
2002-11-06 00:00:00-05:00,3.238264647269597,3.295135021209717,3.238264647269597,3.295135021209717,11700,0.0,0.0
2002-11-07 00:00:00-05:00,3.2984800338745117,3.3352786981333815,3.2683724708909683,3.2984800338745117,14200,0.0,0.0
2002-11-08 00:00:00-05:00,3.331934459381274,3.3352798516589317,3.2683736012766103,3.3185532093048096,17800,0.0,0.0
2002-11-11 00:00:00-05:00,3.2951338737297537,3.3720759298936316,3.278407242683795,3.3285868167877197,15900,0.0,0.0
2002-11-12 00:00:00-05:00,3.3386262333434664,3.3386262333434664,3.2616840950079444,3.308518648147583,37200,0.0,0.0
2002-11-13 00:00:00-05:00,3.3061664760314033,3.3061664760314033,3.2692070934452473,3.279287099838257,18600,0.043,0.0
2002-11-14 00:00:00-05:00,3.279286475281404,3.279286475281404,3.215447728660517,3.2389674186706543,27200,0.0,0.0
2002-11-15 00:00:00-05:00,3.2490458330944048,3.2490458330944048,3.2087267922390335,3.2154464721679688,20800,0.0,0.0
2002-11-18 00:00:00-05:00,3.2356076867593755,3.2389676885303933,3.191928625018362,3.208728313446045,16700,0.0,0.0
2002-11-19 00:00:00-05:00,3.205364122695245,3.2759224655393253,3.202004125315292,3.269202470779419,24600,0.0,0.0
2002-11-20 00:00:00-05:00,3.275924670342706,3.306164026260376,3.232245636286873,3.306164026260376,18600,0.0,0.0
2002-11-21 00:00:00-05:00,3.2725670955762505,3.3028064739004,3.2557674053486743,3.279287099838257,29900,0.0,0.0
2002-11-22 00:00:00-05:00,3.245684849168946,3.2624845245402847,3.222165495905366,3.2288851737976074,14800,0.0,0.0
2002-11-25 00:00:00-05:00,3.225526616378256,3.2860050201416016,3.225526616378256,3.2860050201416016,10700,0.0,0.0
2002-11-26 00:00:00-05:00,3.2524067397940097,3.2725661056269537,3.2288870524191187,3.2423267364501953,20900,0.0,0.0
2002-11-27 00:00:00-05:00,3.228888945234593,3.2893677190415307,3.228888945234593,3.2591283321380615,13400,0.0,0.0
2002-11-29 00:00:00-05:00,3.2456853493529403,3.2759247055960254,3.2456853493529403,3.2624850273132324,2900,0.0,0.0
2002-12-02 00:00:00-05:00,3.2423241992852008,3.2860032183135797,3.2423241992852008,3.2658438682556152,25400,0.0,0.0
2002-12-03 00:00:00-05:00,3.2860040784095847,3.3028037548065186,3.2591247243453605,3.3028037548065186,14300,0.0,0.0
2002-12-04 00:00:00-05:00,3.309523753536163,3.329683108870743,3.299443755441697,3.3028037548065186,15400,0.0,0.0
2002-12-05 00:00:00-05:00,3.312884835004602,3.349844202810275,3.286005469560828,3.299445152282715,18500,0.0,0.0
2002-12-06 00:00:00-05:00,3.292725471135427,3.309525154644614,3.292725471135427,3.299445152282715,1900,0.0,0.0
2002-12-09 00:00:00-05:00,3.326324062792921,3.343123744004455,3.2860050201416016,3.2860050201416016,19800,0.0,0.0
2002-12-10 00:00:00-05:00,3.2927239491260023,3.2927239491260023,3.2591245976383965,3.282644271850586,24400,0.0,0.0
2002-12-11 00:00:00-05:00,3.24716788051098,3.331641553677419,3.24716788051098,3.2978522777557373,17400,0.055,0.0
2002-12-12 00:00:00-05:00,3.2944735010662525,3.304610252380371,3.2336523486985143,3.304610252380371,28000,0.0,0.0
2002-12-13 00:00:00-05:00,3.2775767008635297,3.2775767008635297,3.2336503756491557,3.240408420562744,11400,0.0,0.0
2002-12-16 00:00:00-05:00,3.2302721753966908,3.2573037147521973,3.209998359759377,3.2573037147521973,18200,0.0,0.0
2002-12-17 00:00:00-05:00,3.2775767008635297,3.2775767008635297,3.2099978629342303,3.240408420562744,29800,0.0,0.0
2002-12-18 00:00:00-05:00,3.209997806945225,3.253924131393433,3.209997806945225,3.2539241313934326,23000,0.0,0.0
2002-12-19 00:00:00-05:00,3.2268942034930035,3.243789001653574,3.1998626553326797,3.213378429412842,22700,0.0,0.0
2002-12-20 00:00:00-05:00,3.230269305821271,3.230269305821271,3.2099955081939697,3.2099955081939697,22000,0.0,0.0
2002-12-23 00:00:00-05:00,3.2099988898635354,3.250546205592841,3.196483117953767,3.243788480758667,16300,0.0,0.0
2002-12-24 00:00:00-05:00,3.209996632588172,3.24378619972242,3.203238590264845,3.216754674911499,16300,0.0,0.0
2002-12-26 00:00:00-05:00,3.2404088344255113,3.2573036266259563,3.1998615264892574,3.199861526489258,34900,0.0,0.0
2002-12-27 00:00:00-05:00,3.2268914161552957,3.2539229409662167,3.209996632588172,3.216754674911499,15000,0.0,0.0
2002-12-30 00:00:00-05:00,3.2370288818198327,3.260681390762329,3.2099973509594752,3.260681390762329,27500,0.0,0.0
2002-12-31 00:00:00-05:00,3.2606841611825637,3.3079895415015477,3.250547409057617,3.250547409057617,27400,0.0,0.0
2003-01-02 00:00:00-05:00,3.2775782757332426,3.2843363238940597,3.213378429412842,3.213378429412842,20900,0.0,0.0
2003-01-03 00:00:00-05:00,3.21337891551444,3.2404104677639425,3.21337891551444,3.2201366424560547,29700,0.0,0.0
2003-01-06 00:00:00-05:00,3.2167581278939488,3.257305458635275,3.2167581278939488,3.250547409057617,12400,0.0,0.0
2003-01-07 00:00:00-05:00,3.257304252668436,3.257304252668436,3.2302727088488985,3.243788480758667,4800,0.0,0.0
2003-01-08 00:00:00-05:00,3.24378686618029,3.24378686618029,3.2302711009979252,3.230271100997925,4300,0.0,0.0
2003-01-09 00:00:00-05:00,3.041050368565277,3.2404081665076077,3.041050368565277,3.186345100402832,34300,0.0,0.0
2003-01-10 00:00:00-05:00,3.193101849150082,3.2268914162856954,3.159312604255663,3.1762070655822754,32300,0.0,0.0
2003-01-13 00:00:00-05:00,3.1602547920382356,3.180621450600852,3.12291537846977,3.139887809753418,33300,0.043,0.0
2003-01-14 00:00:00-05:00,3.1059428372613724,3.1500710275482025,3.1025486101025312,3.122915267944336,33900,0.0,0.0
2003-01-15 00:00:00-05:00,3.153464380756499,3.170436804993406,3.146675605294976,3.1670422554016113,14900,0.0,0.0
2003-01-16 00:00:00-05:00,3.1704373510546966,3.1908040046691895,3.1670428008782405,3.1908040046691895,19300,0.0,0.0
2003-01-17 00:00:00-05:00,3.167042557768582,3.2247486114501953,3.167042557768582,3.2247486114501953,11400,0.0,0.0
2003-01-21 00:00:00-05:00,3.1874130654815214,3.2281467384423848,3.170440620817214,3.177229404449463,33600,0.0,0.0
2003-01-22 00:00:00-05:00,3.1738321201756796,3.2179599806252495,3.1738321201756796,3.2145657539367676,22000,0.0,0.0
2003-01-23 00:00:00-05:00,3.180620433710015,3.2247486114501953,3.173831657600347,3.2247486114501953,25500,0.0,0.0
2003-01-24 00:00:00-05:00,3.2111724004440885,3.234933614730835,3.160255420194699,3.234933614730835,32900,0.0,0.0
2003-01-27 00:00:00-05:00,3.2179607777069132,3.2179607777069132,3.20438289642334,3.20438289642334,1700,0.0,0.0
2003-01-28 00:00:00-05:00,3.2077788450078466,3.2417237248645425,3.187412176071722,3.2383291721343994,32100,0.0,0.0
2003-01-29 00:00:00-05:00,3.248509813417178,3.2519043633330607,3.214565285424645,3.2247486114501953,10300,0.0,0.0
2003-01-30 00:00:00-05:00,3.221356597397425,3.2688793624635744,3.217962044809339,3.2654848098754883,40600,0.0,0.0
2003-01-31 00:00:00-05:00,3.258695208011086,3.2756673192339054,3.2315394415878496,3.248511552810669,15100,0.0,0.0
2003-02-03 00:00:00-05:00,3.258694415672572,3.2790610736767927,3.2281441049440494,3.2688777446746826,18800,0.0,0.0
2003-02-04 00:00:00-05:00,3.2756672457246747,3.289245128631592,3.265483914475053,3.289245128631592,16500,0.0,0.0
2003-02-05 00:00:00-05:00,3.296033382415772,3.306216711040709,3.238327314004159,3.2960333824157715,26600,0.0,0.0
2003-02-06 00:00:00-05:00,3.2824557378388004,3.3605284690856934,3.2824557378388004,3.3605284690856934,13600,0.0,0.0
2003-02-07 00:00:00-05:00,3.3435563614039885,3.363923020110916,3.292639067192264,3.3605284690856934,22300,0.0,0.0
2003-02-10 00:00:00-05:00,3.3876860509860567,3.3876860509860567,3.3333745002746586,3.333374500274658,9700,0.0,0.0
2003-02-11 00:00:00-05:00,3.33337627324564,3.3605320630450812,3.3265874876570543,3.329982042312622,15400,0.0,0.0
2003-02-12 00:00:00-05:00,3.3616850463717816,3.3616850463717816,3.327591071445737,3.331000566482544,19500,0.043,0.0
2003-02-13 00:00:00-05:00,3.327591071445737,3.3582758764823173,3.310543921409043,3.331000566482544,19600,0.0,0.0
2003-02-14 00:00:00-05:00,3.3412290716524953,3.3446385670415624,3.3003161024258167,3.3378195762634277,21100,0.0,0.0
2003-02-18 00:00:00-05:00,3.3241811136978434,3.3889598846435547,3.3241811136978434,3.3889598846435547,18600,0.0,0.0
2003-02-19 00:00:00-05:00,3.3991906404270895,3.402599812120781,3.341230494716634,3.3753244876861572,14700,0.0,0.0
2003-02-20 00:00:00-05:00,3.358276481350796,3.3923704624176025,3.358276481350796,3.3923704624176025,10100,0.0,0.0
2003-02-21 00:00:00-05:00,3.3753222315419684,3.3923693792057756,3.3582754090254583,3.3889598846435547,21900,0.0,0.0
2003-02-24 00:00:00-05:00,3.3753222315419684,3.3889598846435547,3.3650940730026027,3.3889598846435547,3600,0.0,0.0
2003-02-25 00:00:00-05:00,3.388961437966763,3.388961437966763,3.3582769482844967,3.365095615386963,18600,0.0,0.0
2003-02-26 00:00:00-05:00,3.3753222315419684,3.3889598846435547,3.3616845784403817,3.3889598846435547,13700,0.0,0.0
2003-02-27 00:00:00-05:00,3.3889608427052886,3.4094174907144263,3.3753231857483263,3.378732681274414,29400,0.0,0.0
2003-02-28 00:00:00-05:00,3.392371646744676,3.4196469711793003,3.3446399915578406,3.3753244876861572,26800,0.0,0.0
2003-03-03 00:00:00-05:00,3.409418805803195,3.423056468020507,3.375324487686157,3.3753244876861572,10800,0.0,0.0
2003-03-04 00:00:00-05:00,3.4094195260970657,3.4435138514170696,3.3753252007770613,3.419647693634033,26100,0.0,0.0
2003-03-05 00:00:00-05:00,3.4094173908233643,3.419645551954568,3.3753230868561785,3.4094173908233643,13500,0.0,0.0
2003-03-06 00:00:00-05:00,3.409418805803195,3.443513123920233,3.3650963223100514,3.3753244876861572,25300,0.0,0.0
2003-03-07 00:00:00-05:00,3.40600789539717,3.4094173908233643,3.371913916577364,3.4094173908233643,9300,0.0,0.0
2003-03-10 00:00:00-05:00,3.37532412889203,3.39237128613845,3.3616864681243896,3.3616864681243896,18000,0.0,0.0
2003-03-11 00:00:00-05:00,3.3685036608436505,3.3719131555002853,3.3344093645719144,3.3480470180511475,25500,0.0,0.0
2003-03-12 00:00:00-05:00,3.355238448031576,3.372357076510903,3.324424982070923,3.324424982070923,24800,0.041,0.0
2003-03-13 00:00:00-05:00,3.3210001692662288,3.3210001692662288,3.3038815460539666,3.307305335998535,19500,0.0,0.0
2003-03-14 00:00:00-05:00,3.307305741074263,3.3449667820560447,3.303881950710352,3.321000576019287,4600,0.0,0.0
2003-03-17 00:00:00-05:00,3.3038815460539666,3.3586612056353213,3.3038815460539666,3.307305335998535,16600,0.0,0.0
2003-03-18 00:00:00-05:00,3.3141535912128006,3.365509144803729,3.303882219286098,3.3586618900299072,14500,0.0,0.0
2003-03-19 00:00:00-05:00,3.338118238500955,3.338118238500955,3.2867627038974585,3.2901861667633057,15300,0.0,0.0
2003-03-20 00:00:00-05:00,3.303883529653275,3.327849747143611,3.286765222674033,3.293612480163574,16700,0.0,0.0
2003-03-21 00:00:00-05:00,3.2867650387055516,3.293612295811835,3.231985349301494,3.269646406173706,23700,0.0,0.0
2003-03-24 00:00:00-05:00,3.2867636519120365,3.321000576019287,3.245678820566343,3.321000576019287,12300,0.0,0.0
2003-03-25 00:00:00-05:00,3.3175769514569917,3.33469557762146,3.3004586518031602,3.33469557762146,9300,0.0,0.0
2003-03-26 00:00:00-05:00,3.3210001692662288,3.3210001692662288,3.290186712786273,3.307305335998535,9600,0.0,0.0
2003-03-27 00:00:00-05:00,3.3312702677995922,3.368931293487549,3.3209992273894624,3.368931293487549,17600,0.0,0.0
2003-03-28 00:00:00-05:00,3.334697416926166,3.389476789658378,3.334697416926166,3.3860533237457275,24100,0.0,0.0
2003-03-31 00:00:00-05:00,3.3894758224487305,3.3963234053416618,3.368933726791384,3.3894758224487305,16100,0.0,0.0
2003-04-01 00:00:00-05:00,3.406593230035708,3.406593230035708,3.3073055993124165,3.3483901023864746,53600,0.0,0.0
2003-04-02 00:00:00-05:00,3.348389280119549,3.348389280119549,3.2901861667633057,3.2901861667633057,47900,0.0,0.0
2003-04-03 00:00:00-05:00,3.2867636519120365,3.321000576019287,3.2867636519120365,3.321000576019287,10700,0.0,0.0
2003-04-04 00:00:00-05:00,3.310731113653593,3.317578371143134,3.2730703811841733,3.293612480163574,11800,0.0,0.0
2003-04-07 00:00:00-04:00,3.2901861667633057,3.2901861667633057,3.283338914521085,3.2901861667633057,8300,0.0,0.0
2003-04-08 00:00:00-04:00,3.3004584198374425,3.303881883621216,3.3004584198374425,3.303881883621216,18000,0.0,0.0
2003-04-09 00:00:00-04:00,3.3141538188957176,3.321001074139947,3.286764144897461,3.286764144897461,16400,0.0,0.0
2003-04-10 00:00:00-04:00,3.2696464061737056,3.303883344726639,3.2696464061737056,3.269646406173706,14300,0.0,0.0
2003-04-11 00:00:00-04:00,3.294059352407986,3.300936460494995,3.252797687641619,3.300936460494995,22700,0.041,0.0
2003-04-14 00:00:00-04:00,3.2803039641033886,3.3284427149434106,3.2768654116322984,3.294057846069336,15300,0.0,0.0
2003-04-15 00:00:00-04:00,3.3181285076040403,3.3421980575020265,3.2906207316508187,3.3353209495544434,28400,0.0,0.0
2003-04-16 00:00:00-04:00,3.342198774167053,3.342198774167053,3.3215677738189697,3.3215677738189697,6300,0.0,0.0
2003-04-17 00:00:00-04:00,3.3284425834597298,3.3421964648823566,3.31812692645396,3.331880807876587,7600,0.0,0.0
2003-04-21 00:00:00-04:00,3.331880319454657,3.3456341988610965,3.294057233066537,3.3181264400482178,5200,0.0,0.0
2003-04-22 00:00:00-04:00,3.3181285748753933,3.3353210171743535,3.2871825722395394,3.300936460494995,15600,0.0,0.0
2003-04-23 00:00:00-04:00,3.287182412213512,3.290620638171075,3.2562360831656196,3.2837438583374023,54200,0.0,0.0
2003-04-24 00:00:00-04:00,3.287182412213512,3.3009362997994036,3.269989970751511,3.2837438583374023,17400,0.0,0.0
2003-04-25 00:00:00-04:00,3.297497824382605,3.304374604379901,3.2631129406404638,3.2665514945983887,30100,0.0,0.0
2003-04-28 00:00:00-04:00,3.2631129406404638,3.30093637834053,3.2631129406404638,3.2665514945983887,36400,0.0,0.0
2003-04-29 00:00:00-04:00,3.283743858337403,3.297497745923294,3.2734285246276205,3.2837438583374023,44800,0.0,0.0
2003-04-30 00:00:00-04:00,3.2871825722395394,3.3112517947069464,3.276866910109026,3.300936460494995,33800,0.0,0.0
2003-05-01 00:00:00-04:00,3.307813240663442,3.3112517947069464,3.283744018196035,3.300936460494995,20700,0.0,0.0
2003-05-02 00:00:00-04:00,3.3146888329774633,3.3146888329774633,3.290619293598246,3.294057846069336,30400,0.0,0.0
2003-05-05 00:00:00-04:00,3.290619460273806,3.3112504482269283,3.287181235546976,3.3112504482269287,22800,0.0,0.0
2003-05-06 00:00:00-04:00,3.3146887020371025,3.331880807876587,3.3009348206144757,3.331880807876587,30000,0.0,0.0
2003-05-07 00:00:00-04:00,3.3043746196274295,3.3421980575020265,3.3043746196274295,3.3353209495544434,49400,0.0,0.0
2003-05-08 00:00:00-04:00,3.345634302070278,3.3765806136690144,3.345634302070278,3.352511405944824,50800,0.0,0.0
2003-05-09 00:00:00-04:00,3.335321428470978,3.3662677628415545,3.3284446474545177,3.3628292083740234,6000,0.0,0.0
2003-05-12 00:00:00-04:00,3.33531843487055,3.3972110480602598,3.33531843487055,3.3697032928466797,18100,0.0,0.0
2003-05-13 00:00:00-04:00,3.356239090335667,3.4011270999908443,3.356239090335667,3.4011270999908447,21900,0.041,0.0
2003-05-14 00:00:00-04:00,3.3838646127035585,3.4080349683775983,3.376958608627319,3.3769586086273193,21900,0.0,0.0
2003-05-15 00:00:00-04:00,3.41838998464923,3.4460133127812447,3.397672653198242,3.397672653198242,47400,0.0,0.0
2003-05-16 00:00:00-04:00,3.432202657428802,3.442561655494819,3.4183909893035884,3.418390989303589,13900,0.0,0.0
2003-05-19 00:00:00-04:00,3.4114856076288214,3.4460146162061114,3.4045796083356605,3.4287502765655518,10900,0.0,0.0
2003-05-20 00:00:00-04:00,3.428748990720007,3.4425606548305225,3.418389995665085,3.439107656478882,9900,0.0,0.0
2003-05-21 00:00:00-04:00,3.446012515687566,3.452918510771174,3.442559847441732,3.44946551322937,12600,0.0,0.0
2003-05-22 00:00:00-04:00,3.4356539062568636,3.4494655673447876,3.4322009086608887,3.4322009086608887,22900,0.0,0.0
2003-05-23 00:00:00-04:00,3.4322020583834956,3.4529197216033936,3.4322020583834956,3.4529197216033936,11800,0.0,0.0
2003-05-27 00:00:00-04:00,3.4356555483267797,3.4494672160159836,3.41493821144104,3.41493821144104,14600,0.0,0.0
2003-05-28 00:00:00-04:00,3.4011275329290926,3.4494682192525503,3.4011275329290926,3.4356565475463867,16900,0.0,0.0
2003-05-29 00:00:00-04:00,3.4356538523581244,3.44946551322937,3.4045775330738284,3.44946551322937,25300,0.0,0.0
2003-05-30 00:00:00-04:00,3.404580776684332,3.456374801268659,3.3976751043175253,3.4252984523773193,49200,0.0,0.0
2003-06-02 00:00:00-04:00,3.4460153030099945,3.4460153030099945,3.394221615173296,3.421844959259033,11500,0.0,0.0
2003-06-03 00:00:00-04:00,3.428748990720007,3.4460133238861164,3.414937326609491,3.439107656478882,33600,0.0,0.0
2003-06-04 00:00:00-04:00,3.404578820862375,3.4460138191489813,3.404578820862375,3.442561149597168,11000,0.0,0.0
2003-06-05 00:00:00-04:00,3.418391277625811,3.4287502765655518,3.4114856076288214,3.4287502765655518,10200,0.0,0.0
2003-06-06 00:00:00-04:00,3.4080312194550344,3.446013212203979,3.4080312194550344,3.4460132122039795,6100,0.0,0.0
2003-06-09 00:00:00-04:00,3.446012262929208,3.480541577222649,3.446012262929208,3.4736359119415283,18700,0.0,0.0
2003-06-10 00:00:00-04:00,3.4667337092922255,3.470186710357666,3.4494690332613307,3.470186710357666,17400,0.0,0.0
2003-06-11 00:00:00-04:00,3.4913325250663547,3.5225361466665164,3.4670631885528564,3.4670631885528564,37300,0.041,0.0
2003-06-12 00:00:00-04:00,3.4878676098643866,3.5294723510742188,3.4844004654356278,3.5294723510742188,20500,0.0,0.0
2003-06-13 00:00:00-04:00,3.5294714300350347,3.5329382429140144,3.4948006560851996,3.508668899536133,20000,0.0,0.0
2003-06-16 00:00:00-04:00,3.5225378670373018,3.5329389691021746,3.4844002723693848,3.4844002723693848,14200,0.0,0.0
2003-06-17 00:00:00-04:00,3.4844004493525036,3.532939148550719,3.4844004493525036,3.487867593765259,7200,0.0,0.0
2003-06-18 00:00:00-04:00,3.470530331096188,3.494799667609686,3.460128903466193,3.4670631885528564,26400,0.0,0.0
2003-06-19 00:00:00-04:00,3.4635978596246644,3.494801497563729,3.4601307152658607,3.477466106414795,26400,0.0,0.0
2003-06-20 00:00:00-04:00,3.477464404943485,3.508668027615084,3.4670633076012596,3.4739975929260254,7300,0.0,0.0
2003-06-23 00:00:00-04:00,3.4739975929260254,3.505200884952701,3.4739975929260254,3.4739975929260254,1400,0.0,0.0
2003-06-24 00:00:00-04:00,3.49133381337805,3.49133381337805,3.4601301802636626,3.4809327125549316,25300,0.0,0.0
2003-06-25 00:00:00-04:00,3.491334230197609,3.5329389691021746,3.4705320260678625,3.4844002723693848,20300,0.0,0.0
2003-06-26 00:00:00-04:00,3.487864326723134,3.553738355636597,3.487864326723134,3.5537383556365967,31700,0.0,0.0
2003-06-27 00:00:00-04:00,3.4844003951324027,3.501735786281337,3.473999292701076,3.477466106414795,49100,0.0,0.0
2003-06-30 00:00:00-04:00,3.4705319959561374,3.4913341999053955,3.4705319959561374,3.4913341999053955,9000,0.0,0.0
2003-07-01 00:00:00-04:00,3.5017339526963496,3.5017339526963496,3.4670631885528564,3.4670631885528564,13000,0.0,0.0
2003-07-02 00:00:00-04:00,3.501735632525095,3.501735632525095,3.467064851749571,3.4913341999053955,16200,0.0,0.0
2003-07-03 00:00:00-04:00,3.494800087798775,3.494800087798775,3.4705307483673096,3.4705307483673096,5800,0.0,0.0
2003-07-07 00:00:00-04:00,3.5017339526963496,3.5017339526963496,3.460128903466193,3.4670631885528564,17700,0.0,0.0
2003-07-08 00:00:00-04:00,3.519070216587016,3.519070216587016,3.435860750747457,3.4427950382232666,46200,0.0,0.0
2003-07-09 00:00:00-04:00,3.4462598579230734,3.4531941413879395,3.4358587633706086,3.4531941413879395,11800,0.0,0.0
2003-07-10 00:00:00-04:00,3.428928405081011,3.467066012182756,3.4185269689799327,3.4323952198028564,34900,0.0,0.0
2003-07-11 00:00:00-04:00,3.4327425503262234,3.4327425503262234,3.415335398752404,3.4222981929779053,28500,0.041,0.0
2003-07-14 00:00:00-04:00,3.4222981929779053,3.425779756100723,3.404890709383952,3.4222981929779053,21500,0.0,0.0
2003-07-15 00:00:00-04:00,3.3874820641801926,3.408371103733851,3.3457043170928955,3.3457043170928955,54100,0.0,0.0
2003-07-16 00:00:00-04:00,3.324816210525495,3.352668046951294,3.324816210525495,3.352668046951294,6200,0.0,0.0
2003-07-17 00:00:00-04:00,3.3178520504963935,3.3422226487822897,3.23429656728183,3.255185604095459,42800,0.0,0.0
2003-07-18 00:00:00-04:00,3.2900001998590853,3.338741064071655,3.2308149833223845,3.3387410640716553,52100,0.0,0.0
2003-07-21 00:00:00-04:00,3.3248161155690825,3.3248161155690825,3.272593674747118,3.3108901977539062,12000,0.0,0.0
2003-07-22 00:00:00-04:00,3.307408143298126,3.3387415367262587,3.2795563118109015,3.31785249710083,22400,0.0,0.0
2003-07-23 00:00:00-04:00,3.2934827811280356,3.3248161798227334,3.2656309449594327,3.3143718242645264,25500,0.0,0.0
2003-07-24 00:00:00-04:00,3.2900041962543924,3.2900041962543924,3.223856108490966,3.2482264041900635,49500,0.0,0.0
2003-07-25 00:00:00-04:00,3.2447407451778827,3.265629780868108,3.189037092697226,3.209926128387451,79000,0.0,0.0
2003-07-28 00:00:00-04:00,3.2029656317209634,3.2064471958603025,3.1681509863882646,3.189039707183838,51300,0.0,0.0
2003-07-29 00:00:00-04:00,3.1611877113061557,3.1925211230646435,3.1507433513933982,3.1646692752838135,42900,0.0,0.0
2003-07-30 00:00:00-04:00,3.1646692752838135,3.1681508392614712,3.1368174275029834,3.1646692752838135,30200,0.0,0.0
2003-07-31 00:00:00-04:00,3.1646680491399892,3.220371723119381,3.1646680491399892,3.1994826793670654,75000,0.0,0.0
2003-08-01 00:00:00-04:00,3.2029626463140826,3.2029626463140826,3.1194071769714355,3.1194071769714355,20300,0.0,0.0
2003-08-04 00:00:00-04:00,3.1611879167909747,3.1925213305862092,3.133336067199707,3.133336067199707,33600,0.0,0.0
2003-08-05 00:00:00-04:00,3.12985241966121,3.1333339815477337,3.09851902672253,3.115926504135132,30200,0.0,0.0
2003-08-06 00:00:00-04:00,3.0915579694080533,3.1611875861023377,3.0880764055682888,3.1577060222625732,21400,0.0,0.0
2003-08-07 00:00:00-04:00,3.1228885619569,3.185554994423995,3.1228885619569,3.1785922050476074,28600,0.0,0.0
2003-08-08 00:00:00-04:00,3.1472592251542686,3.2099259976526766,3.1472592251542686,3.202962875366211,15200,0.0,0.0
2003-08-11 00:00:00-04:00,3.1855567608722177,3.199482679367066,3.1611864865112556,3.1994826793670654,7200,0.0,0.0
2003-08-12 00:00:00-04:00,3.2029633673553226,3.2029633673553226,3.1646671849571377,3.196000576019287,40200,0.0,0.0
2003-08-13 00:00:00-04:00,3.164877670851417,3.2348196506500244,3.157883306116722,3.2348196506500244,37400,0.041,0.0
2003-08-14 00:00:00-04:00,3.1998480007189105,3.231321970153788,3.1998480007189105,3.2103395462036133,8700,0.0,0.0
2003-08-15 00:00:00-04:00,3.2103394094506323,3.224327802658081,3.1893566528846593,3.224327802658081,19700,0.0,0.0
2003-08-18 00:00:00-04:00,3.234817531790279,3.24181189194355,3.1823611646785404,3.1858580112457275,37700,0.0,0.0
2003-08-19 00:00:00-04:00,3.1718720209756683,3.2592995878912907,3.147392408962398,3.178866386413574,106800,0.0,0.0
2003-08-20 00:00:00-04:00,3.178866206798085,3.1823633893194367,3.1473922311252833,3.1753690242767334,40700,0.0,0.0
2003-08-21 00:00:00-04:00,3.178866206798085,3.1858602383311068,3.150889413646635,3.1753690242767334,15200,0.0,0.0
2003-08-22 00:00:00-04:00,3.189357780872936,3.1998489961115766,3.1543869522408934,3.182363748550415,20800,0.0,0.0
2003-08-25 00:00:00-04:00,3.1893565076736894,3.199847718724212,3.168374085572644,3.1928536891937256,19900,0.0,0.0
2003-08-26 00:00:00-04:00,3.1648757046996137,3.1998465061187744,3.1648757046996137,3.1998465061187744,15800,0.0,0.0
2003-08-27 00:00:00-04:00,3.164878240011641,3.2033462524414062,3.1578838740191055,3.2033462524414062,33600,0.0,0.0
2003-08-28 00:00:00-04:00,3.1858606709697943,3.2033462524414062,3.182363821483253,3.2033462524414062,7200,0.0,0.0
2003-08-29 00:00:00-04:00,3.178866565634295,3.2138373942663376,3.161380984563414,3.182363748550415,27200,0.0,0.0
2003-09-02 00:00:00-04:00,3.1683748532187637,3.2348196506500244,3.164877670851417,3.2348196506500244,40900,0.0,0.0
2003-09-03 00:00:00-04:00,3.2418132299454743,3.2418132299454743,3.1753681151031303,3.1928536891937256,21700,0.0,0.0
2003-09-04 00:00:00-04:00,3.2068408665082826,3.2138348933883307,3.189355299043972,3.1998465061187744,8900,0.0,0.0
2003-09-05 00:00:00-04:00,3.2173334392995563,3.25580177075224,3.1928538345639215,3.224327802658081,31000,0.0,0.0
2003-09-08 00:00:00-04:00,3.2173334392995563,3.224327802658081,3.1928538345639215,3.224327802658081,11000,0.0,0.0
2003-09-09 00:00:00-04:00,3.189357853966062,3.2243290169092864,3.189357853966062,3.2033462524414062,45700,0.0,0.0
2003-09-10 00:00:00-04:00,3.217332199459141,3.2243265601222992,3.1823613966717703,3.206840991973877,22900,0.0,0.0
2003-09-11 00:00:00-04:00,3.206840137354765,3.231426975049305,3.196302969052897,3.2208898067474365,20100,0.04,0.0
2003-09-12 00:00:00-04:00,3.199815135173159,3.2208898067474365,3.199815135173159,3.2208898067474365,24300,0.0,0.0
2003-09-15 00:00:00-04:00,3.2208944514702957,3.2489938307766275,3.1998197495050347,3.2244069576263428,27100,0.0,0.0
2003-09-16 00:00:00-04:00,3.227916923094545,3.2454791069030766,3.2244047543094743,3.245479106903076,20000,0.0,0.0
2003-09-17 00:00:00-04:00,3.2279174828451236,3.2595293521881104,3.213867800356113,3.2595293521881104,53800,0.0,0.0
2003-09-18 00:00:00-04:00,3.2489902985589705,3.263039972937696,3.231428121842898,3.2419652938842773,23300,0.0,0.0
2003-09-19 00:00:00-04:00,3.238453126517591,3.25952747060035,3.231428121842898,3.2419652938842773,19000,0.0,0.0
2003-09-22 00:00:00-04:00,3.2384535983132636,3.259527945466249,3.2314285926151296,3.2560157775878906,21300,0.0,0.0
2003-09-23 00:00:00-04:00,3.2349410954641966,3.2560157775878906,3.2314285926151296,3.2560157775878906,14500,0.0,0.0
2003-09-24 00:00:00-04:00,3.2665543609180423,3.270066865283008,3.234942491575055,3.2595293521881104,27400,0.0,0.0
2003-09-25 00:00:00-04:00,3.2560155409236042,3.2560155409236042,3.2314283577379688,3.248990535736084,17200,0.0,0.0
2003-09-26 00:00:00-04:00,3.2314283577379688,3.252503038329844,3.2314283577379688,3.248990535736084,37000,0.0,0.0
2003-09-29 00:00:00-04:00,3.2595293521881104,3.273579034677121,3.2525046784290317,3.2595293521881104,23400,0.0,0.0
2003-09-30 00:00:00-04:00,3.2700650185664153,3.2981643676757812,3.2665525161850786,3.2981643676757812,27900,0.0,0.0
2003-10-01 00:00:00-04:00,3.301679569086873,3.319241762161255,3.2946548928397035,3.319241762161255,60100,0.0,0.0
2003-10-02 00:00:00-04:00,3.3227535907497505,3.3578779697418213,3.305191401253715,3.3578779697418213,44000,0.0,0.0
2003-10-03 00:00:00-04:00,3.3578774171422157,3.3578774171422157,3.3087033616399797,3.329777717590332,12900,0.0,0.0
2003-10-06 00:00:00-04:00,3.2946566061876714,3.326268503166765,3.2665572166442876,3.266557216644287,25400,0.0,0.0
2003-10-07 00:00:00-04:00,3.2946548928397035,3.3297789440174954,3.266555517909081,3.319241762161255,18200,0.0,0.0
2003-10-08 00:00:00-04:00,3.2665572166442876,3.2876315913162526,3.2665572166442876,3.266557216644287,18200,0.0,0.0
2003-10-09 00:00:00-04:00,3.266550897476077,3.3016748989720788,3.2595258961945777,3.263038396835327,7600,0.0,0.0
2003-10-10 00:00:00-04:00,3.2700954306338286,3.2947885990142822,3.263040047428449,3.2947885990142822,13000,0.04,0.0
2003-10-13 00:00:00-04:00,3.291263204282054,3.2983185924111704,3.248931884765625,3.248931884765625,16700,0.0,0.0
2003-10-14 00:00:00-04:00,3.245402868951419,3.252458254207101,3.227764742231501,3.2348201274871826,26200,0.0,0.0
2003-10-15 00:00:00-04:00,3.234821674309043,3.2595148616731064,3.2136558448402415,3.2559871673583984,15200,0.0,0.0
2003-10-16 00:00:00-04:00,3.263040220230356,3.2736229591796713,3.2454020977020264,3.2454020977020264,19700,0.0,0.0
2003-10-17 00:00:00-04:00,3.255986148493116,3.270096921336396,3.21718253243212,3.2242379188537598,20700,0.0,0.0
2003-10-20 00:00:00-04:00,3.224237199344298,3.245402681047321,3.217181814497113,3.231292247772217,16100,0.0,0.0
2003-10-21 00:00:00-04:00,3.217181814497113,3.2418749886237284,3.217181814497113,3.231292247772217,13000,0.0,0.0
2003-10-22 00:00:00-04:00,3.245403405279997,3.259513841703936,3.196017046005882,3.2242379188537598,51900,0.0,0.0
2003-10-23 00:00:00-04:00,3.2242373860229456,3.2418751763235787,3.2242373860229456,3.2348201274871826,12500,0.0,0.0
2003-10-24 00:00:00-04:00,3.241873829969283,3.2524569034576416,3.241873829969283,3.2524569034576416,12800,0.0,0.0
2003-10-27 00:00:00-05:00,3.252459318625669,3.252459318625669,3.2277657985687256,3.2277657985687256,10400,0.0,0.0
2003-10-28 00:00:00-05:00,3.2312910929000704,3.2524569034576416,3.2171806646680716,3.2524569034576416,22800,0.0,0.0
2003-10-29 00:00:00-05:00,3.2171812362243815,3.2454020977020264,3.2171812362243815,3.2454020977020264,17100,0.0,0.0
2003-10-30 00:00:00-05:00,3.213654281022817,3.266568660736084,3.213654281022817,3.266568660736084,27300,0.0,0.0
2003-10-31 00:00:00-05:00,3.2595148616731064,3.280680691141908,3.2524598094631365,3.2559871673583984,27100,0.0,0.0
2003-11-03 00:00:00-05:00,3.2595116596603964,3.2630393505096436,3.2524566143810185,3.2630393505096436,40200,0.0,0.0
2003-11-04 00:00:00-05:00,3.263038535596504,3.330062962897896,3.263038535596504,3.3159525394439697,44900,0.0,0.0
2003-11-05 00:00:00-05:00,3.3265371506001156,3.3265371506001156,3.2771504774200206,3.2947885990142822,25700,0.0,0.0
2003-11-06 00:00:00-05:00,3.298316448107387,3.298316448107387,3.2559848196922023,3.2700955867767334,11000,0.0,0.0
2003-11-07 00:00:00-05:00,3.2700984921915768,3.277153545582907,3.2559877125699104,3.2736258506774902,10100,0.0,0.0
2003-11-10 00:00:00-05:00,3.2630396405268547,3.2806777599216397,3.2489292122948554,3.2524569034576416,40700,0.0,0.0
2003-11-11 00:00:00-05:00,3.2806798414903113,3.2806798414903113,3.23834852993539,3.2418758869171143,29100,0.0,0.0
2003-11-12 00:00:00-05:00,3.248961193869272,3.2737623160256955,3.248961193869272,3.266676425933838,16700,0.04,0.0
2003-11-13 00:00:00-05:00,3.252504538650032,3.27376254832397,3.23833241957075,3.2454183101654053,39100,0.0,0.0
2003-11-14 00:00:00-05:00,3.248962547888294,3.2595915564007387,3.248962547888294,3.2560484409332275,7200,0.0,0.0
2003-11-17 00:00:00-05:00,3.263134718976145,3.263134718976145,3.2277042395697215,3.2418763637542725,52000,0.0,0.0
2003-11-18 00:00:00-05:00,3.252504538650032,3.256047315002374,3.2241603004914676,3.2454183101654053,53200,0.0,0.0
2003-11-19 00:00:00-05:00,3.238333702087403,3.2666779514714848,3.238333702087403,3.2383337020874023,51900,0.0,0.0
2003-11-20 00:00:00-05:00,3.248962808490827,3.2702208272208435,3.2277044518706943,3.259591817855835,21900,0.0,0.0
2003-11-21 00:00:00-05:00,3.2631349336075433,3.284393290227676,3.2454196927391186,3.259591817855835,27500,0.0,0.0
2003-11-24 00:00:00-05:00,3.280848264694214,3.284391378383475,3.252504030959959,3.280848264694214,29100,0.0,0.0
2003-11-25 00:00:00-05:00,3.2560468067593016,3.284391378383475,3.252504030959959,3.280848264694214,40000,0.0,0.0
2003-11-26 00:00:00-05:00,3.2843918313832345,3.2843918313832345,3.259590370027581,3.2773056030273438,36100,0.0,0.0
2003-11-28 00:00:00-05:00,3.2843928337097164,3.2843928337097164,3.2773066031912594,3.284392833709717,8100,0.0,0.0
2003-12-01 00:00:00-05:00,3.280849084053675,3.302107095718384,3.259590734498963,3.302107095718384,51300,0.0,0.0
2003-12-02 00:00:00-05:00,3.2773072681657283,3.305651520210545,3.2737641521875918,3.298565626144409,35500,0.0,0.0
2003-12-03 00:00:00-05:00,3.280848264694214,3.31273561211773,3.280848264694214,3.280848264694214,9500,0.0,0.0
2003-12-04 00:00:00-05:00,3.270220731861893,3.2985653191589193,3.2666779541036073,3.287935972213745,36100,0.0,0.0
2003-12-05 00:00:00-05:00,3.291476477493933,3.3091917037963867,3.291476477493933,3.3091917037963867,23500,0.0,0.0
2003-12-08 00:00:00-05:00,3.302104315434778,3.323362647090543,3.2773032100778177,3.3127336502075195,16900,0.0,0.0
2003-12-09 00:00:00-05:00,3.277305969479556,3.319822330698977,3.2737628549054367,3.302107095718384,29400,0.0,0.0
2003-12-10 00:00:00-05:00,3.3056498406709776,3.3269081878486855,3.2773056030273433,3.2773056030273438,26600,0.0,0.0
2003-12-11 00:00:00-05:00,3.2855541933251966,3.317835894598215,3.2855541933251966,3.310662031173706,6900,0.113,0.0
2003-12-12 00:00:00-05:00,3.299901804062919,3.3429439613513323,3.299901804062919,3.321423053741455,11800,0.0,0.0
2003-12-15 00:00:00-05:00,3.292729079839682,3.3357712475545402,3.292729079839682,3.332184314727783,14800,0.0,0.0
2003-12-16 00:00:00-05:00,3.310663774025798,3.335771967160796,3.310663774025798,3.3142507076263428,9900,0.0,0.0
2003-12-17 00:00:00-05:00,3.2999036259452623,3.3285984133133115,3.296316692007044,3.317837953567505,31000,0.0,0.0
2003-12-18 00:00:00-05:00,3.2999036259452623,3.3321853472515293,3.289143166199456,3.317837953567505,21900,0.0,0.0
2003-12-19 00:00:00-05:00,3.3106624277856045,3.3537049293518066,3.3106624277856045,3.3537049293518066,39000,0.0,0.0
2003-12-22 00:00:00-05:00,3.3644662657641407,3.3644662657641407,3.3250110280646803,3.35011887550354,21900,0.0,0.0
2003-12-23 00:00:00-05:00,3.325009664655213,3.3393570490327154,3.2999014854431152,3.2999014854431152,46900,0.0,0.0
2003-12-24 00:00:00-05:00,3.2963143308186664,3.339356823107749,3.2963143308186664,3.3357698917388916,11100,0.0,0.0
2003-12-26 00:00:00-05:00,3.3285973072052,3.3285973072052,3.3285973072052,3.3285973072052,5000,0.0,0.0
2003-12-29 00:00:00-05:00,3.299901804062919,3.346530893309198,3.2927282822158466,3.321423053741455,74300,0.0,0.0
2003-12-30 00:00:00-05:00,3.310664232224752,3.3716407435979563,3.310664232224752,3.325011968612671,40200,0.0,0.0
2003-12-31 00:00:00-05:00,3.3608777271836874,3.364464658552545,3.299901262187524,3.3357698917388916,28100,0.0,0.0
2004-01-02 00:00:00-05:00,3.314249738779273,3.325010536435228,3.3034892831920337,3.3070762157440186,13900,0.0,0.0
2004-01-05 00:00:00-05:00,3.2999015781055787,3.3285963476663425,3.2999015781055787,3.310662031173706,13000,0.0,0.0
2004-01-06 00:00:00-05:00,3.3250115084279774,3.3321850335602514,3.307077182494069,3.3142507076263428,20800,0.0,0.0
2004-01-07 00:00:00-05:00,3.317838968974651,3.339360237121582,3.317838968974651,3.339360237121582,20700,0.0,0.0
2004-01-08 00:00:00-05:00,3.317838589546201,3.357293844223023,3.3106647202946444,3.3572938442230225,26100,0.0,0.0
2004-01-09 00:00:00-05:00,3.346533382414601,3.3644677134745793,3.3214255241719792,3.3572938442230225,25700,0.0,0.0
2004-01-12 00:00:00-05:00,3.3572920276202636,3.3859868049621586,3.353705437004073,3.385986804962158,19100,0.0,0.0
2004-01-13 00:00:00-05:00,3.3571722508720976,3.396795749664307,3.3571722508720976,3.3967957496643066,37100,0.04,0.0
2004-01-14 00:00:00-05:00,3.385985289557105,3.4003937244415283,3.3715768546726816,3.4003937244415283,19800,0.0,0.0
2004-01-15 00:00:00-05:00,3.4003960341519286,3.4112026252987344,3.385987589480606,3.389589786529541,36900,0.0,0.0
2004-01-16 00:00:00-05:00,3.400396320113498,3.4220091607002563,3.39319226893421,3.4184069633483887,27000,0.0,0.0
2004-01-20 00:00:00-05:00,3.3931898313147415,3.42921109190736,3.3931898313147415,3.414802312850952,28300,0.0,0.0
2004-01-21 00:00:00-05:00,3.4148025007166267,3.494049072265625,3.4148025007166267,3.494049072265625,63000,0.0,0.0
2004-01-22 00:00:00-05:00,3.497652731558034,3.497652731558034,3.4328145691887273,3.4436211585998535,23300,0.0,0.0
2004-01-23 00:00:00-05:00,3.4364127983242803,3.447219031735259,3.400391562255729,3.411198139190674,45800,0.0,0.0
2004-01-26 00:00:00-05:00,3.3895876365506394,3.418404507615054,3.3895876365506394,3.414802312850952,28600,0.0,0.0
2004-01-27 00:00:00-05:00,3.414802312850952,3.4220067023791563,3.4075982668469487,3.414802312850952,21600,0.0,0.0
2004-01-28 00:00:00-05:00,3.393191651536867,3.440019178017451,3.393191651536867,3.4039978981018066,23800,0.0,0.0
2004-01-29 00:00:00-05:00,3.407599878664162,3.4148039280757287,3.3859870433807373,3.3859870433807373,10500,0.0,0.0
2004-01-30 00:00:00-05:00,3.4003936170541635,3.4292108294371224,3.3823833316605536,3.4256086349487305,36600,0.0,0.0
2004-02-02 00:00:00-05:00,3.4184036882226057,3.443618702003072,3.4111996439454138,3.440016508102417,27200,0.0,0.0
2004-02-03 00:00:00-05:00,3.4868466329406567,3.4868466329406567,3.422008467832865,3.4580297470092773,33400,0.0,0.0
2004-02-04 00:00:00-05:00,3.4616300195761336,3.4796406509409405,3.4580281681225484,3.4760384559631348,9300,0.0,0.0
2004-02-05 00:00:00-05:00,3.4760384559631348,3.483242845918746,3.4508237781669377,3.4760384559631348,14900,0.0,0.0
2004-02-06 00:00:00-05:00,3.4580296606397143,3.483244349318801,3.440019021501351,3.479642152786255,19200,0.0,0.0
2004-02-09 00:00:00-05:00,3.4904483386172833,3.4904483386172833,3.4328145691887273,3.4436211585998535,25100,0.0,0.0
2004-02-10 00:00:00-05:00,3.4544259582532355,3.5012534621901787,3.4544259582532355,3.494049072265625,22800,0.0,0.0
2004-02-11 00:00:00-05:00,3.5085172965885554,3.5266025066375732,3.490432086539537,3.5266025066375732,18300,0.04,0.0
2004-02-12 00:00:00-05:00,3.526605164518979,3.5989457142889525,3.526605164518979,3.5627756118774414,52200,0.0,0.0
2004-02-13 00:00:00-05:00,3.5953286005637164,3.5953286005637164,3.5555413844269683,3.5627756118774414,17100,0.0,0.0
2004-02-17 00:00:00-05:00,3.5627736553489284,3.6170289516448975,3.5627736553489284,3.6170289516448975,20500,0.0,0.0
2004-02-18 00:00:00-05:00,3.5989428378368777,3.5989428378368777,3.5700066410561195,3.5880918502807617,12500,0.0,0.0
2004-02-19 00:00:00-05:00,3.584473687925177,3.588090797698345,3.5663884840059095,3.573622703552246,15200,0.0,0.0
2004-02-20 00:00:00-05:00,3.54469038819821,3.5736266081061996,3.533839391969452,3.5627756118774414,8400,0.0,0.0
2004-02-23 00:00:00-05:00,3.533836728635857,3.5555387047373257,3.5266025066375732,3.5266025066375732,16900,0.0,0.0
2004-02-24 00:00:00-05:00,3.5229862007653807,3.5555395173038593,3.5049009865832517,3.5410714149475098,19600,0.0,0.0
2004-02-25 00:00:00-05:00,3.526603486555382,3.5483058136338474,3.5157524954895427,3.5446887016296387,11700,0.0,0.0
2004-02-26 00:00:00-05:00,3.5446885267732897,3.5519224054780794,3.508518098409031,3.5410714149475098,30800,0.0,0.0
2004-02-27 00:00:00-05:00,3.5193675785334237,3.598942279815674,3.5193675785334237,3.598942279815674,39500,0.0,0.0
2004-03-01 00:00:00-05:00,3.598942279815674,3.598942279815674,3.588091293942019,3.598942279815674,7200,0.0,0.0
2004-03-02 00:00:00-05:00,3.5989449045396023,3.5989449045396023,3.548306703567505,3.548306703567505,20200,0.0,0.0
2004-03-03 00:00:00-05:00,3.5374561607477375,3.5808604906097217,3.5193709370685062,3.5627756118774414,33900,0.0,0.0
2004-03-04 00:00:00-05:00,3.5627731040386266,3.5627731040386266,3.5266026821405534,3.530219793319702,12400,0.0,0.0
2004-03-05 00:00:00-05:00,3.56277398566493,3.5917101923651154,3.541071658166395,3.5663907527923584,15900,0.0,0.0
2004-03-08 00:00:00-05:00,3.573626256148379,3.6097963549975844,3.5519239208813222,3.580860137939453,27300,0.0,0.0
2004-03-09 00:00:00-05:00,3.5917118317854304,3.5953286005637164,3.562775611877441,3.5627756118774414,12000,0.0,0.0
2004-03-10 00:00:00-05:00,3.57000786486658,3.6170292869910794,3.5663907527923584,3.5663907527923584,23800,0.0,0.0
2004-03-11 00:00:00-05:00,3.5845482722800854,3.6099704899144958,3.5845482722800854,3.6027071475982666,6300,0.04,0.0
2004-03-12 00:00:00-05:00,3.6027100426952985,3.631764128011227,3.580919305532343,3.5954463481903076,27500,0.0,0.0
2004-03-15 00:00:00-05:00,3.5918148472898292,3.6136052381007673,3.588183000037334,3.5954463481903076,22700,0.0,0.0
2004-03-16 00:00:00-05:00,3.588181643530688,3.588181643530688,3.522809803107566,3.5591275691986084,32400,0.0,0.0
2004-03-17 00:00:00-05:00,3.56638998848705,3.5918125566898125,3.537335921699718,3.551862955093384,18400,0.0,0.0
2004-03-18 00:00:00-05:00,3.5591275691986084,3.5772864522441297,3.5264416489870474,3.5591275691986084,17300,0.0,0.0
2004-03-19 00:00:00-05:00,3.548232363919942,3.5518638634332165,3.533704980459303,3.537336826324463,8400,0.0,0.0
2004-03-22 00:00:00-05:00,3.5300729899744954,3.540968179702759,3.5300729899744954,3.540968179702759,5500,0.0,0.0
2004-03-23 00:00:00-05:00,3.5409686109542116,3.544600456756564,3.5155463830415004,3.5264415740966797,24700,0.0,0.0
2004-03-24 00:00:00-05:00,3.5191759527655937,3.533702981657286,3.493753738793054,3.5046489238739014,26100,0.0,0.0
2004-03-25 00:00:00-05:00,3.482858553712207,3.522807796576439,3.482858553712207,3.5046489238739014,25600,0.0,0.0
2004-03-26 00:00:00-05:00,3.4973870744378686,3.540968179702759,3.4973870744378686,3.540968179702759,44600,0.0,0.0
2004-03-29 00:00:00-05:00,3.515548050876704,3.5518654870741977,3.511916203351342,3.548233985900879,17300,0.0,0.0
2004-03-30 00:00:00-05:00,3.530073480946028,3.5409686721896225,3.508282752106955,3.537336826324463,17900,0.0,0.0
2004-03-31 00:00:00-05:00,3.540967578616951,3.577285333348605,3.5228087012511238,3.566389799118042,25000,0.0,0.0
2004-04-01 00:00:00-05:00,3.5446000250627923,3.566390404519319,3.540968179702759,3.540968179702759,22500,0.0,0.0
2004-04-02 00:00:00-05:00,3.540968974964679,3.559127859491291,3.4065937836308136,3.4102256298065186,55300,0.0,0.0
2004-04-05 00:00:00-04:00,3.4138578967572024,3.4138578967572024,3.3339593410491943,3.3339593410491943,22600,0.0,0.0
2004-04-06 00:00:00-04:00,3.3339596753509326,3.392067847638631,3.3339596753509326,3.359381914138794,46300,0.0,0.0
2004-04-07 00:00:00-04:00,3.3666439828001415,3.377539173253825,3.3593802915964455,3.3739073276519775,24800,0.0,0.0
2004-04-08 00:00:00-04:00,3.377536830147214,3.392063856124878,3.3630098041695504,3.392063856124878,24800,0.0,0.0
2004-04-12 00:00:00-04:00,3.3775401019182554,3.4102260286182573,3.3557493686676025,3.3557493686676025,43400,0.0,0.0
2004-04-13 00:00:00-04:00,3.3375113010406494,3.3593967750173226,3.3338640119260434,3.3375113010406494,41000,0.04,0.0
2004-04-14 00:00:00-04:00,3.3484534238543735,3.3484534238543735,3.311977758430892,3.341158151626587,26800,0.0,0.0
2004-04-15 00:00:00-04:00,3.319274313802902,3.359397282993036,3.2499705922788347,3.2718560695648193,39900,0.0,0.0
2004-04-16 00:00:00-04:00,3.2827969951216374,3.34845304633853,3.2827969951216374,3.3302152156829834,28000,0.0,0.0
2004-04-19 00:00:00-04:00,3.341160239743352,3.341160239743352,3.2937419842010454,3.3265700340270996,35500,0.0,0.0
2004-04-20 00:00:00-04:00,3.3192732723150873,3.34115839487632,3.297387801896103,3.322920560836792,18300,0.0,0.0
2004-04-21 00:00:00-04:00,3.2864457599040633,3.3265687228446206,3.2791504859924316,3.2791504859924316,18100,0.0,0.0
2004-04-22 00:00:00-04:00,3.2827955722473794,3.315623583627059,3.2682053836183593,3.2937381267547607,27500,0.0,0.0
2004-04-23 00:00:00-04:00,3.2900930271298905,3.3229207124697466,3.22808459728055,3.249969720840454,61300,0.0,0.0
2004-04-26 00:00:00-04:00,3.213494932356423,3.2645604610443115,3.213494932356423,3.2645604610443115,69300,0.0,0.0
2004-04-27 00:00:00-04:00,3.2827959988017064,3.2827959988017064,3.217139967511246,3.253615617752075,38600,0.0,0.0
2004-04-28 00:00:00-04:00,3.2353781749951795,3.3192720413208003,3.2244356177727496,3.319272041320801,54900,0.0,0.0
2004-04-29 00:00:00-04:00,3.297386548256851,3.3083291053771973,3.2864439911365046,3.3083291053771973,16500,0.0,0.0
2004-04-30 00:00:00-04:00,3.3119777261640895,3.3411581190754958,3.279149697174327,3.301035165786743,19800,0.0,0.0
2004-05-03 00:00:00-04:00,3.275502061095971,3.3192729983208022,3.2463216681845646,3.301035165786743,24900,0.0,0.0
2004-05-04 00:00:00-04:00,3.3375110497293208,3.341158686427071,3.2609124183654785,3.2609124183654785,35500,0.0,0.0
2004-05-05 00:00:00-04:00,3.282796386769205,3.3192720413208003,3.2572636372976613,3.319272041320801,19100,0.0,0.0
2004-05-06 00:00:00-04:00,3.2973886586366965,3.3484545376439643,3.2718558930619834,3.2864460945129395,25300,0.0,0.0
2004-05-07 00:00:00-04:00,3.249969314251188,3.249969314251188,3.228084193429234,3.246321678161621,24800,0.0,0.0
2004-05-10 00:00:00-04:00,3.2244362132529276,3.2572642388404303,3.209846018309336,3.228083848953247,13700,0.0,0.0
2004-05-11 00:00:00-04:00,3.2572638001862897,3.3156245721012394,3.217140508601532,3.2682063579559326,34300,0.0,0.0
2004-05-12 00:00:00-04:00,3.249887647644809,3.297518512533746,3.1949291455363005,3.2608792781829834,32000,0.04,0.0
2004-05-13 00:00:00-04:00,3.2462236543262057,3.260879278182984,3.220576399931253,3.2608792781829834,22500,0.0,0.0
2004-05-14 00:00:00-04:00,3.2425575941339497,3.3121716682241726,3.2352296129574136,3.2901880741119385,35400,0.0,0.0
2004-05-17 00:00:00-04:00,3.290191501247517,3.304847478866577,3.2755358730461954,3.304847478866577,11600,0.0,0.0
2004-05-18 00:00:00-04:00,3.297519221332896,3.3011832154390714,3.2572163344180916,3.2791996002197266,19800,0.0,0.0
2004-05-19 00:00:00-04:00,3.242563037767266,3.3158412254655962,3.2388990410278593,3.2975215911865234,37100,0.0,0.0
2004-05-20 00:00:00-04:00,3.3011800751716067,3.31583568823736,3.2608768771777528,3.312171697616577,36700,0.0,0.0
2004-05-21 00:00:00-04:00,3.315839112663134,3.315839112663134,3.2682082336544034,3.304847478866577,19700,0.0,0.0
2004-05-24 00:00:00-04:00,3.3414861107403215,3.3451501048556933,3.26454398140607,3.3011832237243652,43400,0.0,0.0
2004-05-25 00:00:00-04:00,3.290188074111938,3.326827281159871,3.27553246117624,3.2901880741119385,12000,0.0,0.0
2004-05-26 00:00:00-04:00,3.290189912349479,3.348812746262374,3.290189912349479,3.3378207683563232,24700,0.0,0.0
2004-05-27 00:00:00-04:00,3.3451507709355184,3.3451507709355184,3.2938558913597116,3.3341591358184814,17500,0.0,0.0
2004-05-28 00:00:00-04:00,3.345149744882116,3.352477382906617,3.297518874761003,3.3231661319732666,23900,0.0,0.0
2004-06-01 00:00:00-04:00,3.297519221332896,3.308510854233713,3.2755356061135505,3.2791996002197266,31200,0.0,0.0
2004-06-02 00:00:00-04:00,3.2938547249787233,3.2975187185262125,3.2608794818866365,3.2755351066589355,21500,0.0,0.0
2004-06-03 00:00:00-04:00,3.2608783733521007,3.2901896129323527,3.2608783733521007,3.2682063579559326,13800,0.0,0.0
2004-06-04 00:00:00-04:00,3.279199204683244,3.3011828172509294,3.2608795857797843,3.271871566772461,19700,0.0,0.0
2004-06-07 00:00:00-04:00,3.2938556671142583,3.304847650900742,3.264544409185814,3.293855667114258,12500,0.0,0.0
2004-06-08 00:00:00-04:00,3.29385522722672,3.29385522722672,3.2535523403119155,3.2791996002197266,28800,0.0,0.0
2004-06-09 00:00:00-04:00,3.2755351066589355,3.286527087301402,3.257215837756804,3.2755351066589355,20800,0.0,0.0
2004-06-10 00:00:00-04:00,3.2608796334051666,3.2608796334051666,3.238896369934082,3.238896369934082,19800,0.0,0.0
2004-06-14 00:00:00-04:00,3.2344794910922765,3.2381593017139942,3.149845952349099,3.171924114227295,46000,0.038,0.0
2004-06-15 00:00:00-04:00,3.1756051638582656,3.256559274491223,3.1756051638582656,3.197683334350586,24600,0.0,0.0
2004-06-16 00:00:00-04:00,3.1903224612895165,3.241838751481033,3.1903224612895165,3.238158941268921,26500,0.0,0.0
2004-06-17 00:00:00-04:00,3.2013615409998355,3.245518210767128,3.182962840865293,3.238158941268921,40600,0.0,0.0
2004-06-18 00:00:00-04:00,3.2234380259279236,3.2749539328238617,3.197679721554158,3.230797290802002,35900,0.0,0.0
2004-06-21 00:00:00-04:00,3.230802246278672,3.2602400527789435,3.2271227836608887,3.2271227836608887,15100,0.0,0.0
2004-06-22 00:00:00-04:00,3.201363762177741,3.260239362716675,3.201363762177741,3.260239362716675,20200,0.0,0.0
2004-06-23 00:00:00-04:00,3.2565583547763963,3.2675974369049072,3.2197609464465695,3.2675974369049072,19900,0.0,0.0
2004-06-24 00:00:00-04:00,3.271280288696289,3.274959752208591,3.249201752990378,3.271280288696289,25700,0.0,0.0
2004-06-25 00:00:00-04:00,3.271279493411296,3.293357672823333,3.2271227836608887,3.2271227836608887,21600,0.0,0.0
2004-06-28 00:00:00-04:00,3.2271227836608887,3.293357672823333,3.2271227836608887,3.2271227836608887,27000,0.0,0.0
2004-06-29 00:00:00-04:00,3.212405728887634,3.2676019170609742,3.212405728887634,3.223445177078247,20900,0.0,0.0
2004-06-30 00:00:00-04:00,3.25287966348697,3.282317459913676,3.2197620547753716,3.278637647628784,15200,0.0,0.0
2004-07-01 00:00:00-04:00,3.2859949352069835,3.3485502958560676,3.234478652635395,3.2455177307128906,22200,0.0,0.0
2004-07-02 00:00:00-04:00,3.274959904513992,3.3264762562726595,3.274959904513992,3.2896788120269775,11500,0.0,0.0
2004-07-06 00:00:00-04:00,3.282318292784183,3.2859981060028076,3.256560302106418,3.2859981060028076,26300,0.0,0.0
2004-07-07 00:00:00-04:00,3.2859981060028076,3.3007170079510026,3.274958666346934,3.2859981060028076,24700,0.0,0.0
2004-07-08 00:00:00-04:00,3.289676733557245,3.300716170411921,3.260238937130539,3.278637647628784,31000,0.0,0.0
2004-07-09 00:00:00-04:00,3.274959904513992,3.2896788120269775,3.274959904513992,3.2896788120269775,1700,0.0,0.0
2004-07-12 00:00:00-04:00,3.3007170079510026,3.3043964702433235,3.282318292784183,3.2859981060028076,14900,0.0,0.0
2004-07-13 00:00:00-04:00,3.270475322853455,3.300038912122743,3.2667797860883483,3.2926478385925293,33700,0.038,0.0
2004-07-14 00:00:00-04:00,3.3037346244506196,3.3037346244506196,3.2704758455267346,3.2889528274536133,9400,0.0,0.0
2004-07-15 00:00:00-04:00,3.2963440073389685,3.307430267333984,3.28156220987033,3.3074302673339844,11300,0.0,0.0
2004-07-16 00:00:00-04:00,3.2704745827640895,3.307428884775264,3.2704745827640895,3.3037333488464355,24200,0.0,0.0
2004-07-19 00:00:00-04:00,3.2889523018274223,3.3037340964620663,3.2889523018274223,3.2926478385925293,15200,0.0,0.0
2004-07-20 00:00:00-04:00,3.303734204700537,3.318515999819469,3.288952409581605,3.3111252784729004,28100,0.0,0.0
2004-07-21 00:00:00-04:00,3.296343375357636,3.322211427861817,3.285257117488099,3.2926478385925293,37900,0.0,0.0
2004-07-22 00:00:00-04:00,3.2963442802429204,3.2963442802429204,3.277866943770923,3.29634428024292,19800,0.0,0.0
2004-07-23 00:00:00-04:00,3.2963429605373005,3.318515473486128,3.2852567040628866,3.3148202896118164,15200,0.0,0.0
2004-07-26 00:00:00-04:00,3.3037355184974992,3.307431056853286,3.2815629932146475,3.2852585315704346,12700,0.0,0.0
2004-07-27 00:00:00-04:00,3.2852596312041067,3.3148232430939886,3.2741730124258615,3.300041437149048,37700,0.0,0.0
2004-07-28 00:00:00-04:00,3.288953793376517,3.325908472935062,3.281563068920374,3.3222129344940186,35700,0.0,0.0
2004-07-29 00:00:00-04:00,3.3259080978659745,3.3443854355615215,3.307430760170427,3.3406898975372314,29400,0.0,0.0
2004-07-30 00:00:00-04:00,3.340688910999471,3.3517751693725586,3.3369933740665085,3.3517751693725586,22900,0.0,0.0
2004-08-02 00:00:00-04:00,3.348079252708075,3.3628610447816456,3.3369926443336055,3.344383716583252,18900,0.0,0.0
2004-08-03 00:00:00-04:00,3.362861382092445,3.3702521026576933,3.3369929790496826,3.3369929790496826,17900,0.0,0.0
2004-08-04 00:00:00-04:00,3.3628617801714453,3.3739480385445333,3.340688910999471,3.3517751693725586,5900,0.0,0.0
2004-08-05 00:00:00-04:00,3.3554716972084884,3.359167235232779,3.3406898975372314,3.3406898975372314,13700,0.0,0.0
2004-08-06 00:00:00-04:00,3.3517758349375817,3.373948708512443,3.344385112029874,3.35547137260437,44900,0.0,0.0
2004-08-09 00:00:00-04:00,3.3628610777309387,3.381338053684647,3.355470005408874,3.377642869949341,14600,0.0,0.0
2004-08-10 00:00:00-04:00,3.3850332622870862,3.4330741704545638,3.3850332622870862,3.4109013080596924,33200,0.0,0.0
2004-08-11 00:00:00-04:00,3.402736886932166,3.4250010520640912,3.3953152626331744,3.410158157348633,10100,0.038,0.0
2004-08-12 00:00:00-04:00,3.4138715476274024,3.421293177531151,3.399028641702697,3.4064502716064453,30100,0.0,0.0
2004-08-13 00:00:00-04:00,3.39160736568174,3.425003638600234,3.39160736568174,3.4064502716064453,12800,0.0,0.0
2004-08-16 00:00:00-04:00,3.402740248727307,3.4324260674868334,3.391608155163203,3.4212939739227295,23500,0.0,0.0
2004-08-17 00:00:00-04:00,3.425003304933017,3.443557024002075,3.417582029635048,3.443557024002075,8400,0.0,0.0
2004-08-18 00:00:00-04:00,3.4324260674868334,3.46211188624636,3.413872342291411,3.4212939739227295,15300,0.0,0.0
2004-08-19 00:00:00-04:00,3.4584036154393156,3.469536071078569,3.4324285933806595,3.4509823322296143,17300,0.0,0.0
2004-08-20 00:00:00-04:00,3.4546913063640647,3.4584017690463833,3.4175838484773142,3.428715944290161,16200,0.0,0.0
2004-08-23 00:00:00-04:00,3.3953194162821014,3.3953194162821014,3.376766040602482,3.391608953475952,28600,0.0,0.0
2004-08-24 00:00:00-04:00,3.3878968447080773,3.395318121373001,3.37676475276928,3.384186029434204,30000,0.0,0.0
2004-08-25 00:00:00-04:00,3.38418736946818,3.454691472057933,3.365633639634931,3.4138731956481934,31500,0.0,0.0
2004-08-26 00:00:00-04:00,3.3841873200977384,3.4212947792228916,3.3730552239133753,3.391608953475952,42900,0.0,0.0
2004-08-27 00:00:00-04:00,3.3953152626331744,3.4138689694981283,3.3953152626331744,3.410158157348633,12100,0.0,0.0
2004-08-30 00:00:00-04:00,3.4138715476274024,3.428714453552108,3.4027394566545714,3.4064502716064453,28100,0.0,0.0
2004-08-31 00:00:00-04:00,3.410157753255423,3.4398438930511475,3.406447295428129,3.4398438930511475,21900,0.0,0.0
2004-09-01 00:00:00-04:00,3.443557990395616,3.4472688060273753,3.417582988739014,3.4175829887390137,15500,0.0,0.0
2004-09-02 00:00:00-04:00,3.4509823322296143,3.4584036154393156,3.4064535713220034,3.4509823322296143,24700,0.0,0.0
2004-09-03 00:00:00-04:00,3.4695342236560167,3.4843771360551496,3.380476395378274,3.4472696781158447,37700,0.0,0.0
2004-09-07 00:00:00-04:00,3.436139411927077,3.4509823322296143,3.4175856730781224,3.4509823322296143,17300,0.0,0.0
2004-09-08 00:00:00-04:00,3.4509823322296143,3.4584036154393156,3.425006956287824,3.4509823322296143,7500,0.0,0.0
2004-09-09 00:00:00-04:00,3.4287177748342414,3.4584036154393156,3.4287177748342414,3.4509823322296143,21300,0.0,0.0
2004-09-10 00:00:00-04:00,3.43984754766414,3.458400918159797,3.43984754766414,3.454690456390381,19500,0.0,0.0
2004-09-13 00:00:00-04:00,3.457669003440043,3.4651210470665483,3.4427652715200296,3.461395025253296,14300,0.038,0.0
2004-09-14 00:00:00-04:00,3.476298672230748,3.476298672230748,3.450217230841268,3.4539432525634766,13900,0.0,0.0
2004-09-15 00:00:00-04:00,3.446492699982167,3.4688484846529586,3.446492699982167,3.4651224613189697,16900,0.0,0.0
2004-09-16 00:00:00-04:00,3.4651210470665483,3.4651210470665483,3.453943336959788,3.461395025253296,17500,0.0,0.0
2004-09-17 00:00:00-04:00,3.4725737094741698,3.4725737094741698,3.457669973373413,3.457669973373413,16300,0.0,0.0
2004-09-20 00:00:00-04:00,3.4651223045924127,3.480026041921134,3.4613962814269508,3.47257399559021,22300,0.0,0.0
2004-09-21 00:00:00-04:00,3.4688508865347965,3.4874803054377317,3.465124860620854,3.4837546348571777,9400,0.0,0.0
2004-09-22 00:00:00-04:00,3.468846766855956,3.502379894256592,3.465120745367119,3.502379894256592,18800,0.0,0.0
2004-09-23 00:00:00-04:00,3.4912037560843934,3.5135595397440387,3.47257399559021,3.47257399559021,10400,0.0,0.0
2004-09-24 00:00:00-04:00,3.4874762163594024,3.5172836780548096,3.4874762163594024,3.5172836780548096,24200,0.0,0.0
2004-09-27 00:00:00-04:00,3.5172823356825242,3.554541826248169,3.5172823356825242,3.554541826248169,83900,0.0,0.0
2004-09-28 00:00:00-04:00,3.550815806125037,3.558267846371301,3.5247343759287877,3.554541826248169,36900,0.0,0.0
2004-09-29 00:00:00-04:00,3.5359120809653466,3.554541826248169,3.5172823356825242,3.554541826248169,20500,0.0,0.0
2004-09-30 00:00:00-04:00,3.550817899844596,3.550817899844596,3.5210104319494113,3.539640188217163,39300,0.0,0.0
2004-10-01 00:00:00-04:00,3.543366466259671,3.543366466259671,3.509832973624237,3.535914421081543,9700,0.0,0.0
2004-10-04 00:00:00-04:00,3.5582712302196384,3.5731749695525017,3.491204225555165,3.4986562728881836,22200,0.0,0.0
2004-10-05 00:00:00-04:00,3.5210104319494113,3.554543922164756,3.5135587426421377,3.539640188217163,7800,0.0,0.0
2004-10-06 00:00:00-04:00,3.5284610202356674,3.5508164342634516,3.5284610202356674,3.547090768814087,1900,0.0,0.0
2004-10-07 00:00:00-04:00,3.532188143576844,3.5582699444849153,3.5247364542695707,3.539640188217163,9200,0.0,0.0
2004-10-08 00:00:00-04:00,3.558271124755387,3.5619971483114603,3.5321893151960384,3.543367385864258,26800,0.0,0.0
2004-10-11 00:00:00-04:00,3.532188143576844,3.5582699444849153,3.5135587426421377,3.539640188217163,13100,0.0,0.0
2004-10-12 00:00:00-04:00,3.5359134304476822,3.539639451992851,3.5172836780548096,3.5172836780548096,4300,0.0,0.0
2004-10-13 00:00:00-04:00,3.531500976285854,3.542724224049341,3.4978323033032086,3.5053141117095947,25700,0.038,0.0
2004-10-14 00:00:00-04:00,3.5165377745247666,3.531501751391152,3.490350904200929,3.4940919876098633,45500,0.0,0.0
2004-10-15 00:00:00-04:00,3.4828661437267816,3.516534795577554,3.4791250634870132,3.5090529918670654,18300,0.0,0.0
2004-10-18 00:00:00-04:00,3.520275875817323,3.5277580362968597,3.497830107916808,3.5090529918670654,11600,0.0,0.0
2004-10-19 00:00:00-04:00,3.520278033597956,3.520278033597956,3.5165369510650635,3.5165369510650635,5300,0.0,0.0
2004-10-20 00:00:00-04:00,3.5015703019322952,3.5352393054611913,3.5015703019322952,3.51279354095459,14000,0.0,0.0
2004-10-21 00:00:00-04:00,3.5277627116518393,3.557690679695521,3.5053165572343175,3.5539495944976807,50500,0.0,0.0
2004-10-22 00:00:00-04:00,3.5614317648933618,3.5614317648933618,3.520280541256158,3.5539495944976807,12300,0.0,0.0
2004-10-25 00:00:00-04:00,3.5689113513373902,3.5689113513373902,3.531501236243841,3.5352423191070557,9700,0.0,0.0
2004-10-26 00:00:00-04:00,3.568913578519522,3.568913578519522,3.5352445252779994,3.5539495944976807,18900,0.0,0.0
2004-10-27 00:00:00-04:00,3.5427266956736805,3.5726546637173624,3.53898561047584,3.5539495944976807,27600,0.0,0.0
2004-10-28 00:00:00-04:00,3.568912802982302,3.568912802982302,3.546466653442407,3.565171718597412,8500,0.0,0.0
2004-10-29 00:00:00-04:00,3.5726521799307673,3.598839044570923,3.5539471237152536,3.598839044570923,20500,0.0,0.0
2004-11-01 00:00:00-05:00,3.6100637783448652,3.6100637783448652,3.53524387206036,3.5502078533172607,20000,0.0,0.0
2004-11-02 00:00:00-05:00,3.5389819145202637,3.572650932599359,3.5314997519386213,3.5389819145202637,29000,0.0,0.0
2004-11-03 00:00:00-05:00,3.5352445252779994,3.5539495944976807,3.5352445252779994,3.5539495944976807,23800,0.0,0.0
2004-11-04 00:00:00-05:00,3.561426888025357,3.5726497714812133,3.5502036478004677,3.56890869140625,17200,0.0,0.0
2004-11-05 00:00:00-05:00,3.5314986041946854,3.58387265493707,3.5314986041946854,3.56890869140625,14400,0.0,0.0
2004-11-08 00:00:00-05:00,3.606320063756763,3.606320063756763,3.531499862670899,3.5314998626708984,19000,0.0,0.0
2004-11-09 00:00:00-05:00,3.5352403842901077,3.5801322837717064,3.5314993034743654,3.561427593231201,12600,0.0,0.0
2004-11-10 00:00:00-05:00,3.5982365252956274,3.5982365252956274,3.530628625733422,3.5381407737731934,35000,0.038,0.0
2004-11-11 00:00:00-05:00,3.5757007975741817,3.5982365252956274,3.5381407737731934,3.5381407737731934,12300,0.0,0.0
2004-11-12 00:00:00-05:00,3.57194302865208,3.57194302865208,3.5418951671487013,3.5569190979003906,7900,0.0,0.0
2004-11-15 00:00:00-05:00,3.5343870753314426,3.6170189683138774,3.5343870753314426,3.613262891769409,22300,0.0,0.0
2004-11-16 00:00:00-05:00,3.624528863266052,3.6696010417749925,3.5869691921072513,3.6433088779449463,15600,0.0,0.0
2004-11-17 00:00:00-05:00,3.6733545896534987,3.680866734369993,3.6095027923583984,3.6095027923583984,18800,0.0,0.0
2004-11-18 00:00:00-05:00,3.624531662254188,3.6395556139595184,3.605751991271972,3.6057519912719727,9100,0.0,0.0
2004-11-19 00:00:00-05:00,3.6057508292510905,3.6095065473176247,3.5343868129997165,3.586970806121826,24200,0.0,0.0
2004-11-22 00:00:00-05:00,3.5494086091603463,3.6245282979607745,3.5494086091603463,3.5907247066497803,19700,0.0,0.0
2004-11-23 00:00:00-05:00,3.568188620910186,3.6207725821699515,3.5494086091603463,3.5907247066497803,18300,0.0,0.0
2004-11-24 00:00:00-05:00,3.617019965020785,3.617019965020785,3.5569241565459713,3.5794599056243896,18400,0.0,0.0
2004-11-26 00:00:00-05:00,3.541897626553958,3.5644333592303603,3.541897626553958,3.5456533432006836,6100,0.0,0.0
2004-11-29 00:00:00-05:00,3.523116672429069,3.560676336288452,3.523116672429069,3.560676336288452,17300,0.0,0.0
2004-11-30 00:00:00-05:00,3.5681882012292805,3.5832121372222905,3.5644321276813056,3.58321213722229,16600,0.0,0.0
2004-12-01 00:00:00-05:00,3.6057510745655503,3.6057510745655503,3.500583081166308,3.5118513107299805,49100,0.0,0.0
2004-12-02 00:00:00-05:00,3.5268751092745214,3.530630827437542,3.504339009300612,3.5156068801879883,18300,0.0,0.0
2004-12-03 00:00:00-05:00,3.553164005279541,3.560675793627024,3.5268722087650572,3.553164005279541,22000,0.0,0.0
2004-12-06 00:00:00-05:00,3.560678872709205,3.560678872709205,3.4968273628442565,3.5118513107299805,29800,0.0,0.0
2004-12-07 00:00:00-05:00,3.508092669310296,3.5381405431126143,3.481800869282995,3.5043365955352783,28800,0.0,0.0
2004-12-08 00:00:00-05:00,3.4855589856888805,3.5268751092745214,3.4855589856888805,3.5156068801879883,14900,0.0,0.0
2004-12-09 00:00:00-05:00,3.5156070290520325,3.5156070290520325,3.481803414958532,3.5118513107299805,31800,0.0,0.0
2004-12-10 00:00:00-05:00,3.5118513107299805,3.534387053458981,3.5080952342087564,3.5118513107299805,19700,0.0,0.0
2004-12-13 00:00:00-05:00,3.5400177908404658,3.559050216766991,3.5171788071259695,3.5209853649139404,40100,0.124,0.0
2004-12-14 00:00:00-05:00,3.498149478937403,3.5324078033394684,3.4943432807922363,3.4943432807922363,29100,0.0,0.0
2004-12-15 00:00:00-05:00,3.5247916432471857,3.5285982007333634,3.486726794412016,3.4905333518981934,49800,0.0,0.0
2004-12-16 00:00:00-05:00,3.475310838011794,3.517181921717845,3.475310838011794,3.4943432807922363,39400,0.0,0.0
2004-12-17 00:00:00-05:00,3.4638882287347785,3.5209851398513696,3.4638882287347785,3.509565830230713,41500,0.0,0.0
2004-12-20 00:00:00-05:00,3.48291829135409,3.536208977352282,3.48291829135409,3.4981441497802734,54300,0.0,0.0
2004-12-21 00:00:00-05:00,3.4981441497802734,3.513370008206457,3.48291829135409,3.4981441497802734,32200,0.0,0.0
2004-12-22 00:00:00-05:00,3.5209869902234905,3.5209869902234905,3.4676962456325455,3.5019545555114746,34300,0.0,0.0
2004-12-23 00:00:00-05:00,3.475307974448389,3.498146596555567,3.471501416426075,3.479114532470703,10600,0.0,0.0
2004-12-27 00:00:00-05:00,3.5095638158597358,3.5095638158597358,3.471498988287727,3.4981441497802734,23900,0.0,0.0
2004-12-28 00:00:00-05:00,3.5019521144384274,3.509565228221831,3.4638876345611456,3.482919692993164,57600,0.0,0.0
2004-12-29 00:00:00-05:00,3.5171804306783874,3.524793549768593,3.4753093647227513,3.5019545555114746,29100,0.0,0.0
2004-12-30 00:00:00-05:00,3.5362128653904032,3.5362128653904032,3.5019545555114746,3.5019545555114746,36400,0.0,0.0
2004-12-31 00:00:00-05:00,3.5324041629732505,3.540017277445092,3.482920007946118,3.5171782970428467,25000,0.0,0.0
2005-01-03 00:00:00-05:00,3.5552430273464606,3.578081643990066,3.524791296479476,3.543823719024658,35300,0.0,0.0
2005-01-04 00:00:00-05:00,3.551436470234771,3.585694758213445,3.543823719024658,3.543823719024658,31200,0.0,0.0
2005-01-05 00:00:00-05:00,3.559049989271302,3.566662741347304,3.509565830230713,3.509565830230713,10700,0.0,0.0
2005-01-06 00:00:00-05:00,3.5133745670318604,3.540020126111802,3.5133745670318604,3.5133745670318604,11000,0.0,0.0
2005-01-07 00:00:00-05:00,3.5285990571623573,3.5590507984161377,3.520985940342217,3.5590507984161377,21700,0.0,0.0
2005-01-10 00:00:00-05:00,3.5324040476895893,3.543823719024658,3.5209847393677864,3.543823719024658,20300,0.0,0.0
2005-01-11 00:00:00-05:00,3.5209854029054255,3.555243697340152,3.5209854029054255,3.5514371395111084,44400,0.0,0.0
2005-01-12 00:00:00-05:00,3.5162739926545377,3.5621383932481097,3.5162739926545377,3.527740001678467,24900,0.038,0.0
2005-01-13 00:00:00-05:00,3.5583179751180762,3.5583179751180762,3.523919570576431,3.550673723220825,19400,0.0,0.0
2005-01-14 00:00:00-05:00,3.5583161162486814,3.562137875702822,3.5162734817729175,3.5315616130828857,57100,0.0,0.0
2005-01-18 00:00:00-05:00,3.5544958491694505,3.5544958491694505,3.523919570576431,3.550673723220825,19200,0.0,0.0
2005-01-19 00:00:00-05:00,3.558316633238703,3.5621383932481097,3.520096117161799,3.527740001678467,42500,0.0,0.0
2005-01-20 00:00:00-05:00,3.5239177296768025,3.5506718683447964,3.5239177296768025,3.5315616130828857,9100,0.0,0.0
2005-01-21 00:00:00-05:00,3.5315660261961384,3.5544984340667725,3.5239221332380986,3.5544984340667725,23100,0.0,0.0
2005-01-24 00:00:00-05:00,3.5315616130828857,3.554493992296739,3.5239177296768025,3.5315616130828857,31500,0.0,0.0
2005-01-25 00:00:00-05:00,3.5506763053386234,3.5544984340667725,3.5277438974679898,3.5544984340667725,27700,0.0,0.0
2005-01-26 00:00:00-05:00,3.56214092334345,3.56214092334345,3.5392088890075684,3.5392088890075684,11800,0.0,0.0
2005-01-27 00:00:00-05:00,3.550675122956675,3.565963268280029,3.5353869776333213,3.5659632682800293,30900,0.0,0.0
2005-01-28 00:00:00-05:00,3.558318853378296,3.569784869556209,3.5506745995942985,3.558318853378296,26500,0.0,0.0
2005-01-31 00:00:00-05:00,3.569782931888163,3.6003592014312744,3.569782931888163,3.6003592014312744,10800,0.0,0.0
2005-02-01 00:00:00-05:00,3.600361327527668,3.627115488052368,3.5774289295792823,3.627115488052368,30100,0.0,0.0
2005-02-02 00:00:00-05:00,3.6271125387587935,3.6844433047636653,3.6156465313569406,3.6500449180603027,39400,0.0,0.0
2005-02-03 00:00:00-05:00,3.6232886681709613,3.745594024658203,3.6232886681709613,3.745594024658203,56000,0.0,0.0
2005-02-04 00:00:00-05:00,3.7455989000955925,3.7455989000955925,3.6882680871029154,3.7226665019989014,29900,0.0,0.0
2005-02-07 00:00:00-05:00,3.7264886290980335,3.7264886290980335,3.703556231001342,3.7226665019989014,19800,0.0,0.0
2005-02-08 00:00:00-05:00,3.7226636769329624,3.72648580113155,3.7150197930336133,3.718841552734375,20900,0.0,0.0
2005-02-09 00:00:00-05:00,3.72648549079895,3.7455957457026066,3.7188412430383697,3.72648549079895,22200,0.0,0.0
2005-02-10 00:00:00-05:00,3.741777189854835,3.764709590506345,3.707378771126641,3.7532432079315186,43800,0.0,0.0
2005-02-11 00:00:00-05:00,3.7912298856606657,3.7912298856606657,3.6722741324415593,3.695297956466675,18700,0.039,0.0
2005-02-14 00:00:00-05:00,3.679948862433687,3.7029723205075347,3.679948862433687,3.695297956466675,18700,0.0,0.0
2005-02-15 00:00:00-05:00,3.7106470305532477,3.714484395528684,3.672274112701416,3.672274112701416,30900,0.0,0.0
2005-02-16 00:00:00-05:00,3.687622137828779,3.6914595016919907,3.6684360504150386,3.668436050415039,19400,0.0,0.0
2005-02-17 00:00:00-05:00,3.6569242306239174,3.6799480495632597,3.6569242306239174,3.660761594772339,20800,0.0,0.0
2005-02-18 00:00:00-05:00,3.6607612791820845,3.6607612791820845,3.64924955368042,3.64924955368042,9300,0.0,0.0
2005-02-22 00:00:00-05:00,3.637738094959908,3.637738094959908,3.5878538204589914,3.610877275466919,36500,0.0,0.0
2005-02-23 00:00:00-05:00,3.622388252010852,3.6530867955759834,3.6070391632038583,3.618551254272461,15400,0.0,0.0
2005-02-24 00:00:00-05:00,3.6415753598918337,3.664599180221557,3.633900997082732,3.6645991802215576,39000,0.0,0.0
2005-02-25 00:00:00-05:00,3.645414454119007,3.6799500180260396,3.645414454119007,3.676112651824951,32700,0.0,0.0
2005-02-28 00:00:00-05:00,3.6799462659172435,3.695295349120142,3.660759820425868,3.691457986831665,15800,0.0,0.0
2005-03-01 00:00:00-05:00,3.7029715275066306,3.7029715275066306,3.6645989836173745,3.6837854385375977,34100,0.0,0.0
2005-03-02 00:00:00-05:00,3.6914598009349726,3.7029715275066306,3.668436347791657,3.6837854385375977,29800,0.0,0.0
2005-03-03 00:00:00-05:00,3.6914579868316646,3.7106444323230403,3.6914579868316646,3.691457986831665,20100,0.0,0.0
2005-03-04 00:00:00-05:00,3.683785438537597,3.695297165109255,3.683785438537597,3.6837854385375977,24100,0.0,0.0
2005-03-07 00:00:00-05:00,3.6837870632861094,3.7221596240997314,3.6799496974193415,3.7221596240997314,13500,0.0,0.0
2005-03-08 00:00:00-05:00,3.699134529283538,3.725995346601136,3.683785438537597,3.6837854385375977,27300,0.0,0.0
2005-03-09 00:00:00-05:00,3.683785438537597,3.6914598009349726,3.67227334601475,3.6837854385375977,15600,0.0,0.0
2005-03-10 00:00:00-05:00,3.6876243844768344,3.6876243844768344,3.6530891865211843,3.676112651824951,15300,0.0,0.0
2005-03-11 00:00:00-05:00,3.6757261619788077,3.691137997078309,3.6757261619788077,3.6872849464416504,12900,0.039,0.0
2005-03-14 00:00:00-05:00,3.698841781883718,3.698841781883718,3.668018130988596,3.6834299564361572,5200,0.0,0.0
2005-03-15 00:00:00-05:00,3.6795799419488544,3.6834329933492302,3.6449032142398825,3.648756265640259,27700,0.0,0.0
2005-03-16 00:00:00-05:00,3.656461270886929,3.6911379916717983,3.644902486441017,3.6603143215179443,34200,0.0,0.0
2005-03-17 00:00:00-05:00,3.6795785966453214,3.698843479156494,3.6564606641424993,3.698843479156494,14200,0.0,0.0
2005-03-18 00:00:00-05:00,3.6872860968878443,3.6872860968878443,3.637197525324872,3.6410505771636963,17800,0.0,0.0
2005-03-21 00:00:00-05:00,3.6487566808413447,3.6757273088186193,3.6410505771636963,3.6410505771636963,14100,0.0,0.0
2005-03-22 00:00:00-05:00,3.698846405669456,3.698846405669456,3.590963125228882,3.590963125228882,34300,0.0,0.0
2005-03-23 00:00:00-05:00,3.5832524855455996,3.625634908676148,3.5832524855455996,3.6256349086761475,17700,0.0,0.0
2005-03-24 00:00:00-05:00,3.5948155229490912,3.641051048660495,3.5678448914792633,3.5986685752868652,41200,0.0,0.0
2005-03-28 00:00:00-05:00,3.5909645527902563,3.6025237165060253,3.563993905681813,3.5755527019500732,14500,0.0,0.0
2005-03-29 00:00:00-05:00,3.5794006785596224,3.5986655566413637,3.50619458278539,3.5177533626556396,47500,0.0,0.0
2005-03-30 00:00:00-05:00,3.5100456627247287,3.5678402705968644,3.5100456627247287,3.5485754013061523,27900,0.0,0.0
2005-03-31 00:00:00-05:00,3.571699571890407,3.5948171615600586,3.552434668867389,3.5948171615600586,29900,0.0,0.0
2005-04-01 00:00:00-05:00,3.6410517933816946,3.6410517933816946,3.5871105194091797,3.5871105194091797,16300,0.0,0.0
2005-04-04 00:00:00-04:00,3.575549162087614,3.6102258840092816,3.57169647877743,3.606372833251953,13300,0.0,0.0
2005-04-05 00:00:00-04:00,3.583255263602271,3.6179319855239385,3.583255263602271,3.606372833251953,9700,0.0,0.0
2005-04-06 00:00:00-04:00,3.6025233314710863,3.6179351806640625,3.6025233314710863,3.6179351806640625,8600,0.0,0.0
2005-04-07 00:00:00-04:00,3.5986685752868652,3.6025216276246397,3.575550628707516,3.5986685752868652,18200,0.0,0.0
2005-04-08 00:00:00-04:00,3.602522364465237,3.602522364465237,3.563992568101409,3.5871105194091797,20200,0.0,0.0
2005-04-11 00:00:00-04:00,3.590960036384533,3.598666135836299,3.5794012546539307,3.5794012546539307,12100,0.0,0.0
2005-04-12 00:00:00-04:00,3.5948171615600586,3.598670215654155,3.5408755065851003,3.5948171615600586,26600,0.0,0.0
2005-04-13 00:00:00-04:00,3.5944278278841555,3.6215116655647517,3.582820521590988,3.6137735843658447,26200,0.039,0.0
2005-04-14 00:00:00-04:00,3.6060351341773234,3.625380890659012,3.602166278072677,3.6137735843658447,29700,0.0,0.0
2005-04-15 00:00:00-04:00,3.6060364156042475,3.6640737056732178,3.6060364156042475,3.6640737056732178,51500,0.0,0.0
2005-04-18 00:00:00-04:00,3.621511233278013,3.66407196625533,3.621511233278013,3.660202741622925,19800,0.0,0.0
2005-04-19 00:00:00-04:00,3.625380381494241,3.667940744584896,3.625380381494241,3.6369876861572266,24600,0.0,0.0
2005-04-20 00:00:00-04:00,3.640858243022369,3.664073229833058,3.6060359473011836,3.6253817081451416,32800,0.0,0.0
2005-04-21 00:00:00-04:00,3.6369882673526237,3.6447267176909364,3.617642879486084,3.617642879486084,11600,0.0,0.0
2005-04-22 00:00:00-04:00,3.617643625201377,3.648596694955831,3.60216709032415,3.6253817081451416,36800,0.0,0.0
2005-04-25 00:00:00-04:00,3.644727299002217,3.644727299002217,3.609905004905113,3.6292507648468018,21300,0.0,0.0
2005-04-26 00:00:00-04:00,3.6292507648468018,3.636988847429669,3.609905004905113,3.6292507648468018,18400,0.0,0.0
2005-04-27 00:00:00-04:00,3.64859631803263,3.656334400177002,3.629250559187212,3.656334400177002,10100,0.0,0.0
2005-04-28 00:00:00-04:00,3.6485953598097742,3.66020266447276,3.6292496060450903,3.6369876861572266,20500,0.0,0.0
2005-04-29 00:00:00-04:00,3.6369886413315835,3.660203625744017,3.6369886413315835,3.656334400177002,8500,0.0,0.0
2005-05-02 00:00:00-04:00,3.6640728513110328,3.67568015902242,3.640857866898599,3.656334400177002,27900,0.0,0.0
2005-05-03 00:00:00-04:00,3.6679408218981653,3.6718100465305703,3.640856987450469,3.660202741622925,19900,0.0,0.0
2005-05-04 00:00:00-04:00,3.6602035943856244,3.6640728199194905,3.640857835705949,3.6485962867736816,22100,0.0,0.0
2005-05-05 00:00:00-04:00,3.6485957068297523,3.667941093444824,3.6485957068297523,3.667941093444824,22800,0.0,0.0
2005-05-06 00:00:00-04:00,3.656334400177002,3.6640728513110328,3.656334400177002,3.656334400177002,20400,0.0,0.0
2005-05-09 00:00:00-04:00,3.6640718385694875,3.6911556720733643,3.656333389574347,3.6911556720733643,19200,0.0,0.0
2005-05-10 00:00:00-04:00,3.6756792068481445,3.6988941852468042,3.664071902143597,3.6756792068481445,24500,0.0,0.0
2005-05-11 00:00:00-04:00,3.683059073770857,3.6947145913346295,3.6752890992387863,3.6869442462921143,37100,0.039,0.0
2005-05-12 00:00:00-04:00,3.6791766190734823,3.6908317735627953,3.6714062690734863,3.6714062690734863,26300,0.0,0.0
2005-05-13 00:00:00-04:00,3.679172747934184,3.6869427192481172,3.6519769220596894,3.6558620929718018,31900,0.0,0.0
2005-05-16 00:00:00-04:00,3.679175997326227,3.686945975502486,3.6286698423933768,3.675290822982788,37300,0.0,0.0
2005-05-17 00:00:00-04:00,3.6714066647444175,3.6830618204898173,3.6558663335803105,3.6636366844177246,26200,0.0,0.0
2005-05-18 00:00:00-04:00,3.6636376641764348,3.694718334816485,3.6364417994832756,3.67917799949646,32800,0.0,0.0
2005-05-19 00:00:00-04:00,3.698603511274196,3.698603511274196,3.67917799949646,3.67917799949646,13100,0.0,0.0
2005-05-20 00:00:00-04:00,3.6908331583587737,3.6908331583587737,3.6752928230387485,3.67917799949646,21700,0.0,0.0
2005-05-23 00:00:00-04:00,3.675291756502125,3.6986024379730225,3.675291756502125,3.6986024379730225,6400,0.0,0.0
2005-05-24 00:00:00-04:00,3.702483892440796,3.72579455281804,3.6985990911365696,3.702483892440796,16800,0.0,0.0
2005-05-25 00:00:00-04:00,3.721911585004517,3.7413370850703385,3.714141607284546,3.714141607284546,12100,0.0,0.0
2005-05-26 00:00:00-04:00,3.7024858834539613,3.7607623804800907,3.7024858834539613,3.7296817302703857,25200,0.0,0.0
2005-05-27 00:00:00-04:00,3.7685325628561306,3.7685325628561306,3.714141607284546,3.714141607284546,14500,0.0,0.0
2005-05-31 00:00:00-04:00,3.7063712590539786,3.7374519109550546,3.690830933103441,3.714141607284546,54000,0.0,0.0
2005-06-01 00:00:00-04:00,3.7413363539827,3.749106330184354,3.71802568435669,3.7180256843566895,38900,0.0,0.0
2005-06-02 00:00:00-04:00,3.745219224629633,3.745219224629633,3.7180233983686053,3.7219085693359375,17000,0.0,0.0
2005-06-03 00:00:00-04:00,3.7452229182639534,3.7724184008355635,3.7063719112953724,3.725797414779663,31900,0.0,0.0
2005-06-06 00:00:00-04:00,3.7374504990936526,3.803496952061343,3.7141402042288543,3.756875991821289,21800,0.0,0.0
2005-06-07 00:00:00-04:00,3.81515394031799,3.8190391148402183,3.752992630004883,3.752992630004883,21200,0.0,0.0
2005-06-08 00:00:00-04:00,3.7685339747154045,3.784074306488037,3.7452236623118234,3.784074306488037,19700,0.0,0.0
2005-06-09 00:00:00-04:00,3.7879585886818403,3.7879585886818403,3.772418260574341,3.772418260574341,11400,0.0,0.0
2005-06-10 00:00:00-04:00,3.7491075831577674,3.799613742134803,3.7491075831577674,3.772418260574341,20000,0.0,0.0
2005-06-13 00:00:00-04:00,3.7915336252735243,3.822739632723928,3.772029777615784,3.7837319374084473,28800,0.039,0.0
2005-06-14 00:00:00-04:00,3.791532317300868,3.8344404697418213,3.783730632127154,3.8344404697418213,37000,0.0,0.0
2005-06-15 00:00:00-04:00,3.846142625497568,3.861745623840171,3.787631474714011,3.8344404697418213,18800,0.0,0.0
2005-06-16 00:00:00-04:00,3.8305416107177734,3.865648468169161,3.8305416107177734,3.8305416107177734,11200,0.0,0.0
2005-06-17 00:00:00-04:00,3.83833980702013,3.8422406480771665,3.818835973739624,3.818835973739624,17200,0.0,0.0
2005-06-20 00:00:00-04:00,3.8578436403006355,3.8578436403006355,3.818835973739624,3.818835973739624,10700,0.0,0.0
2005-06-21 00:00:00-04:00,3.834440631781378,3.8773487860355864,3.8071354765291403,3.838341474533081,41700,0.0,0.0
2005-06-22 00:00:00-04:00,3.826638150490334,3.86174460852754,3.7915313204484007,3.81103515625,24300,0.0,0.0
2005-06-23 00:00:00-04:00,3.822740293509141,3.8305416107177734,3.7915342806645778,3.8305416107177734,12900,0.0,0.0
2005-06-24 00:00:00-04:00,3.842239755003687,3.8617432117462154,3.8188350861062235,3.861743211746216,15400,0.0,0.0
2005-06-27 00:00:00-04:00,3.834438800237626,3.8617439424473914,3.822736649576964,3.853942632675171,28400,0.0,0.0
2005-06-28 00:00:00-04:00,3.8578411700223816,3.8578411700223816,3.8383373492306907,3.842238187789917,13200,0.0,0.0
2005-06-29 00:00:00-04:00,3.8383396411260677,3.8617439424473914,3.822736649576964,3.853942632675171,22600,0.0,0.0
2005-06-30 00:00:00-04:00,3.8578411700223816,3.8617416365771677,3.7993297076473094,3.842238187789917,27400,0.0,0.0
2005-07-01 00:00:00-04:00,3.857845316286754,3.8617457870336165,3.8305397890296757,3.838341474533081,24000,0.0,0.0
2005-07-05 00:00:00-04:00,3.8383409902663677,3.857844829559326,3.8383409902663677,3.857844829559326,22500,0.0,0.0
2005-07-06 00:00:00-04:00,3.8422407179427798,3.8773471720804364,3.8422407179427798,3.8734467029571533,43800,0.0,0.0
2005-07-07 00:00:00-04:00,3.8617454928680264,3.892951488494873,3.838341182150297,3.892951488494873,42100,0.0,0.0
2005-07-08 00:00:00-04:00,3.8812470404933364,3.8812470404933364,3.85004106329978,3.861743211746216,80000,0.0,0.0
2005-07-11 00:00:00-04:00,3.846142302780675,3.8773482968474915,3.8344401480068173,3.857844829559326,22100,0.0,0.0
2005-07-12 00:00:00-04:00,3.8812477748849363,3.8812477748849363,3.834438800237626,3.853942632675171,26000,0.0,0.0
2005-07-13 00:00:00-04:00,3.814389981703401,3.8574685480243622,3.798725150353699,3.810473680496216,44900,0.039,0.0
2005-07-14 00:00:00-04:00,3.810474576492362,3.8339720157816304,3.790893812810287,3.8300557136535645,26800,0.0,0.0
2005-07-15 00:00:00-04:00,3.7987228705315124,3.84571733637666,3.7987228705315124,3.826136589050293,22200,0.0,0.0
2005-07-18 00:00:00-04:00,3.83788659657083,3.8535514245781006,3.83788659657083,3.849635124206543,21200,0.0,0.0
2005-07-19 00:00:00-04:00,3.849633664553745,3.8535499634403725,3.8378851413726807,3.8378851413726807,17700,0.0,0.0
2005-07-20 00:00:00-04:00,3.8418000086159307,3.8496322299916974,3.790889262498072,3.822218894958496,24500,0.0,0.0
2005-07-21 00:00:00-04:00,3.861382391882298,3.873131289163333,3.8378853442779035,3.841801643371582,37000,0.0,0.0
2005-07-22 00:00:00-04:00,3.861384264953643,3.908378756437249,3.8574683374392738,3.8887979984283447,54900,0.0,0.0
2005-07-25 00:00:00-04:00,3.8731331679338092,3.8887979984283443,3.8418035069447383,3.8887979984283447,25200,0.0,0.0
2005-07-26 00:00:00-04:00,3.85746767620233,3.8887973318209537,3.8535513758802633,3.869216203689575,19000,0.0,0.0
2005-07-27 00:00:00-04:00,3.869216252585371,3.869216252585371,3.841802896942388,3.849635124206543,19000,0.0,0.0
2005-07-28 00:00:00-04:00,3.8574652671813965,3.877046009605474,3.8457163735524835,3.8574652671813965,26800,0.0,0.0
2005-07-29 00:00:00-04:00,3.896631981864027,3.896631981864027,3.8418052371803166,3.8535537719726562,23200,0.0,0.0
2005-08-01 00:00:00-04:00,3.8927132586640654,3.8927132586640654,3.826138020583706,3.869216203689575,31900,0.0,0.0
2005-08-02 00:00:00-04:00,3.9083774275122787,3.9083774275122787,3.786975125828548,3.8770477771759033,91300,0.0,0.0
2005-08-03 00:00:00-04:00,3.8809640768376736,3.8848803764994435,3.8418022006566503,3.8770477771759033,61600,0.0,0.0
2005-08-04 00:00:00-04:00,3.8966314989688255,3.904464103512511,3.8339721565359057,3.8809666633605957,19000,0.0,0.0
2005-08-05 00:00:00-04:00,3.8613831996917725,3.873132099430702,3.830053547345792,3.8613831996917725,37100,0.0,0.0
2005-08-08 00:00:00-04:00,3.861387369540775,3.873136281967163,3.849638830593707,3.873136281967163,20400,0.0,0.0
2005-08-09 00:00:00-04:00,3.9749575753072883,3.9749575753072883,3.8457225264515773,3.873136281967163,31500,0.0,0.0
2005-08-10 00:00:00-04:00,3.90054608673353,3.90054608673353,3.8457189994647116,3.8848812580108643,26100,0.0,0.0
2005-08-11 00:00:00-04:00,3.9159395865166196,3.9159395865166196,3.8373063367779148,3.8726913928985596,32900,0.039,0.0
2005-08-12 00:00:00-04:00,3.872690998091168,3.884485890611298,3.833374189753572,3.856964349746704,12400,0.0,0.0
2005-08-15 00:00:00-04:00,3.860897477735774,3.8648292353392915,3.825512409210205,3.825512409210205,18100,0.0,0.0
2005-08-16 00:00:00-04:00,3.825513843143059,3.8451722635762473,3.825513843143059,3.8333773612976074,28100,0.0,0.0
2005-08-17 00:00:00-04:00,3.8333759244172394,3.8333759244172394,3.825512409210205,3.825512409210205,18500,0.0,0.0
2005-08-18 00:00:00-04:00,3.8333778369118967,3.8333778369118967,3.8176511736047463,3.8294460773468018,12600,0.0,0.0
2005-08-19 00:00:00-04:00,3.8294419496508585,3.8530321066607356,3.8294419496508585,3.849100351333618,23100,0.0,0.0
2005-08-22 00:00:00-04:00,3.8530344037736652,3.86876105950527,3.8294442326997338,3.8648293018341064,37300,0.0,0.0
2005-08-23 00:00:00-04:00,3.8726966388704804,3.8726966388704804,3.817653102014714,3.868764877319336,30600,0.0,0.0
2005-08-24 00:00:00-04:00,3.8687587530163783,3.8726905083434953,3.845168596006501,3.849100351333618,12900,0.0,0.0
2005-08-25 00:00:00-04:00,3.856969967619321,3.884491548570495,3.833379773265873,3.868764877319336,25500,0.0,0.0
2005-08-26 00:00:00-04:00,3.872692402450267,3.896282196044922,3.860897130699931,3.896282196044922,25600,0.0,0.0
2005-08-29 00:00:00-04:00,3.8962823427488025,3.912008997388386,3.868760790867787,3.9080772399902344,35800,0.0,0.0
2005-08-30 00:00:00-04:00,3.9159420942834395,3.923805236816406,3.908078576797322,3.9238052368164062,27600,0.0,0.0
2005-08-31 00:00:00-04:00,3.931670149051988,3.931670149051988,3.8923532975801542,3.900216817855835,38800,0.0,0.0
2005-09-01 00:00:00-04:00,3.927736995559465,3.927736995559465,3.9002154342643554,3.9238052368164062,12000,0.0,0.0
2005-09-02 00:00:00-04:00,3.931667409426121,3.931667409426121,3.8923505853506506,3.9080772399902344,27700,0.0,0.0
2005-09-06 00:00:00-04:00,3.9238027069364585,3.9316662193525604,3.8884180259227294,3.9159395694732666,26900,0.0,0.0
2005-09-07 00:00:00-04:00,3.9159420942834395,3.9316687543025237,3.8884205329883303,3.9238052368164062,27400,0.0,0.0
2005-09-08 00:00:00-04:00,3.9631220743406916,4.002438911864977,3.912010335540381,3.9238052368164062,45200,0.0,0.0
2005-09-09 00:00:00-04:00,3.9080773927055508,3.9591891160197377,3.9080773927055508,3.9277358055114746,17000,0.0,0.0
2005-09-12 00:00:00-04:00,3.9356032021054053,3.9906463623046875,3.9159447699113445,3.9906463623046875,21100,0.0,0.0
2005-09-13 00:00:00-04:00,4.0060358295544045,4.0297169960377985,3.8363222459543436,3.8994715213775635,64500,0.039,0.0
2005-09-14 00:00:00-04:00,3.90736499260578,3.9113119164195744,3.891577673749975,3.8994715213775635,20500,0.0,0.0
2005-09-15 00:00:00-04:00,3.9073654020208886,3.9665681362329694,3.8718442131729334,3.9626212120056152,49400,0.0,0.0
2005-09-16 00:00:00-04:00,3.9428835184296247,3.946830439204609,3.90736198425293,3.9073619842529297,25600,0.0,0.0
2005-09-19 00:00:00-04:00,3.9428838146824687,3.9468307357540096,3.8994688120928545,3.923149585723877,28100,0.0,0.0
2005-09-20 00:00:00-04:00,3.9231532163001095,3.942887463521228,3.8757912488091004,3.9113128185272217,22700,0.0,0.0
2005-09-21 00:00:00-04:00,3.9389389551994265,3.9428858783367344,3.8718431438617307,3.9152581691741943,54800,0.0,0.0
2005-09-22 00:00:00-04:00,3.8955220524230807,3.950777820516709,3.852107048034668,3.852107048034668,84600,0.0,0.0
2005-09-23 00:00:00-04:00,3.867895563107718,3.9507790529028566,3.860001718175208,3.931044816970825,32100,0.0,0.0
2005-09-26 00:00:00-04:00,3.90736398892545,3.942885541326472,3.840267806923359,3.856055498123169,33800,0.0,0.0
2005-09-27 00:00:00-04:00,3.87973984426788,3.9626234171692123,3.8678994413961525,3.9507830142974854,64100,0.0,0.0
2005-09-28 00:00:00-04:00,3.927100141024225,3.942887463521228,3.8876320229814465,3.9113128185272217,25800,0.0,0.0
2005-09-29 00:00:00-04:00,3.87184547740321,3.9231540035143686,3.8363239005573817,3.8757920265197754,55200,0.0,0.0
2005-09-30 00:00:00-04:00,3.8757920265197754,3.8876328030680742,3.8678985518871105,3.8757920265197754,14100,0.0,0.0
2005-10-03 00:00:00-04:00,3.9152576916019153,3.9231511605144003,3.863948826273349,3.887629985809326,42600,0.0,0.0
2005-10-04 00:00:00-04:00,3.9152573128028934,3.9192042350769043,3.883682687409259,3.9192042350769043,33800,0.0,0.0
2005-10-05 00:00:00-04:00,3.9192050923115023,3.962620117623966,3.907364322899579,3.9152581691741943,30800,0.0,0.0
2005-10-06 00:00:00-04:00,3.9389389551994265,3.9428858783367344,3.9152581691741943,3.9152581691741943,8100,0.0,0.0
2005-10-07 00:00:00-04:00,3.915259743251337,3.915259743251337,3.860003926312097,3.9113128185272217,27900,0.0,0.0
2005-10-10 00:00:00-04:00,3.9034166717294685,3.9152570613919666,3.8639482043222073,3.8678951263427734,11200,0.0,0.0
2005-10-11 00:00:00-04:00,3.8678972148066713,3.9270995714845647,3.8678972148066713,3.903418779373169,32800,0.0,0.0
2005-10-12 00:00:00-04:00,3.922833083937817,3.9386829000751433,3.8554712708818237,3.9030210971832275,17500,0.039,0.0
2005-10-13 00:00:00-04:00,3.8950992348195292,3.8950992348195292,3.8079249847264602,3.8396246433258057,47500,0.0,0.0
2005-10-14 00:00:00-04:00,3.8158475832061614,3.843584671798675,3.788110494613648,3.7881104946136475,36000,0.0,0.0
2005-10-17 00:00:00-04:00,3.780185396221792,3.8039603135078686,3.7682981265234994,3.7881104946136475,26100,0.0,0.0
2005-10-18 00:00:00-04:00,3.788110266809985,3.788110266809985,3.7524480819702144,3.752448081970215,28800,0.0,0.0
2005-10-19 00:00:00-04:00,3.7286733903432023,3.788110494613648,3.7286733903432023,3.7881104946136475,15500,0.0,0.0
2005-10-20 00:00:00-04:00,3.7524465602058816,3.8277330704219548,3.7524465602058816,3.823770523071289,27500,0.0,0.0
2005-10-21 00:00:00-04:00,3.8158524205415496,3.8435895442962646,3.8039651357738102,3.8435895442962646,26200,0.0,0.0
2005-10-24 00:00:00-04:00,3.8435840289204615,3.871321490763095,3.8198094935004065,3.8475465774536133,19000,0.0,0.0
2005-10-25 00:00:00-04:00,3.8475452257002005,3.9030197520062426,3.827732867884522,3.8554699420928955,15200,0.0,0.0
2005-10-26 00:00:00-04:00,3.8950970002617673,3.91094682046864,3.8475475396411496,3.8633973598480225,12800,0.0,0.0
2005-10-27 00:00:00-04:00,3.8752863422259294,3.8990612719822697,3.839624136536263,3.8911361694335938,24200,0.0,0.0
2005-10-28 00:00:00-04:00,3.8713214649085748,3.9030210971832275,3.8515091002645607,3.9030210971832275,17000,0.0,0.0
2005-10-31 00:00:00-05:00,3.9030213882360023,3.9188712055552677,3.8435842898716674,3.879246473312378,33900,0.0,0.0
2005-11-01 00:00:00-05:00,3.903022329826699,3.914909601211548,3.903022329826699,3.914909601211548,5900,0.0,0.0
2005-11-02 00:00:00-05:00,3.8752834614413043,3.9188707372780036,3.8713212910020287,3.8950958251953125,22000,0.0,0.0
2005-11-03 00:00:00-05:00,3.8673575835158793,3.9188695626809267,3.8356579621665112,3.8554699420928955,29500,0.0,0.0
2005-11-04 00:00:00-05:00,3.863397869947802,3.8990600645942672,3.847548047648215,3.8594353199005127,14800,0.0,0.0
2005-11-07 00:00:00-05:00,3.8396246433258057,3.914911615916555,3.8396246433258057,3.8396246433258057,23100,0.0,0.0
2005-11-08 00:00:00-05:00,3.8713241688412796,3.8911361694335933,3.8515117903592775,3.8911361694335938,23700,0.0,0.0
2005-11-09 00:00:00-05:00,3.895096000169852,3.9030210971832275,3.843584003251185,3.9030210971832275,7400,0.0,0.0
2005-11-10 00:00:00-05:00,3.918536231469125,3.930470752893425,3.918536231469125,3.92649245262146,23700,0.039,0.0
2005-11-11 00:00:00-05:00,3.9105786340283357,3.9185352325439453,3.838970764953846,3.9185352325439453,12800,0.0,0.0
2005-11-14 00:00:00-05:00,3.9384282384333336,3.9384282384333336,3.8588641044088483,3.886711835861206,16400,0.0,0.0
2005-11-15 00:00:00-05:00,3.8668200749927326,3.9344496726989746,3.8628417740943286,3.9344496726989746,27800,0.0,0.0
2005-11-16 00:00:00-05:00,3.8986413831468276,3.8986413831468276,3.834990157200142,3.8827285766601562,28300,0.0,0.0
2005-11-17 00:00:00-05:00,3.8588620675596084,3.9225133411817144,3.8469275486033427,3.86681866645813,22300,0.0,0.0
2005-11-18 00:00:00-05:00,3.906603164066231,3.910581466205258,3.834995622522608,3.878755807876587,17000,0.0,0.0
2005-11-21 00:00:00-05:00,3.8588611618573987,3.9105779043849513,3.8588611618573987,3.862839460372925,11900,0.0,0.0
2005-11-22 00:00:00-05:00,3.8707985877990723,3.878755190811323,3.823060107900708,3.8707985877990723,25800,0.0,0.0
2005-11-23 00:00:00-05:00,3.906605513723894,3.906605513723894,3.842954158782959,3.842954158782959,13400,0.0,0.0
2005-11-25 00:00:00-05:00,3.8389708995682246,3.8787531347582473,3.8230580813705175,3.8270363807678223,8400,0.0,0.0
2005-11-28 00:00:00-05:00,3.834994118787528,3.866819764637082,3.81510299528365,3.8548848628997803,27500,0.0,0.0
2005-11-29 00:00:00-05:00,3.846929704807007,3.846929704807007,3.811125748478579,3.8230602741241455,36400,0.0,0.0
2005-11-30 00:00:00-05:00,3.8389697074890137,3.8389697074890137,3.8111223791380744,3.8389697074890137,23400,0.0,0.0
2005-12-01 00:00:00-05:00,3.898647550080933,3.898647550080933,3.8071484835046707,3.834996223449707,23600,0.0,0.0
2005-12-02 00:00:00-05:00,3.906602542570774,3.9105808440768994,3.838972934533496,3.8707985877990723,30800,0.0,0.0
2005-12-05 00:00:00-05:00,3.9105808671065208,3.922515392303467,3.8429512586709684,3.922515392303467,36300,0.0,0.0
2005-12-06 00:00:00-05:00,3.906602100558466,3.9225149253907983,3.8867113540618035,3.8986458778381348,12200,0.0,0.0
2005-12-07 00:00:00-05:00,3.9583202499950563,3.962298552431876,3.9026255334467863,3.938429117202759,27400,0.0,0.0
2005-12-08 00:00:00-05:00,3.9185398745541287,3.9543434721138015,3.8588664531707764,3.8588664531707764,35400,0.0,0.0
2005-12-09 00:00:00-05:00,3.8588618818513707,3.9503608678233855,3.8588618818513707,3.9185352325439453,28800,0.0,0.0
2005-12-12 00:00:00-05:00,3.9583184273236385,3.9622967279285857,3.9145582588441004,3.950362205505371,68600,0.0,0.0
2005-12-13 00:00:00-05:00,3.948757669089935,3.9688429832458496,3.9286723549340206,3.9688429832458496,13600,0.096,0.0
2005-12-14 00:00:00-05:00,3.988926347374032,4.025079818561581,3.9367047093359417,4.009011268615723,49400,0.0,0.0
2005-12-15 00:00:00-05:00,4.017049502915299,4.017049502915299,3.976878854647868,3.98089599609375,17800,0.0,0.0
2005-12-16 00:00:00-05:00,3.944735153960477,4.013024899171583,3.856360505059618,3.9125988483428955,102200,0.0,0.0
2005-12-19 00:00:00-05:00,3.90055095122511,3.9527725854217937,3.90055095122511,3.932687282562256,10500,0.0,0.0
2005-12-20 00:00:00-05:00,3.9045708254763283,3.9326900393337616,3.8563662946797757,3.8804683685302734,27800,0.0,0.0
2005-12-21 00:00:00-05:00,3.8402940647705783,3.916617728873947,3.8402940647705783,3.888498544692993,19700,0.0,0.0
2005-12-22 00:00:00-05:00,3.876446473872431,3.928668080623568,3.836276272360463,3.8402934074401855,36400,0.0,0.0
2005-12-23 00:00:00-05:00,3.8483290114844912,3.9246530796718124,3.796107381434023,3.832260847091675,73000,0.0,0.0
2005-12-27 00:00:00-05:00,3.836277983963693,3.868414312749326,3.832260847091675,3.832260847091675,16100,0.0,0.0
2005-12-28 00:00:00-05:00,3.8523453087999866,3.8724306056875553,3.8523453087999866,3.864396333694458,23700,0.0,0.0
2005-12-29 00:00:00-05:00,3.904568449547433,3.904568449547433,3.8523468105207987,3.8764488697052,21900,0.0,0.0
2005-12-30 00:00:00-05:00,3.896534174422417,3.9005513119849247,3.8523468105207987,3.8764488697052,79900,0.0,0.0
2006-01-03 00:00:00-05:00,3.888498766578575,3.896532655476498,3.848328172803438,3.864396333694458,34300,0.0,0.0
2006-01-04 00:00:00-05:00,3.8844814089256703,3.9045667046671313,3.8724303847188546,3.888498544692993,33000,0.0,0.0
2006-01-05 00:00:00-05:00,3.8885013365895746,3.908586263656616,3.876449920634837,3.908586263656616,16800,0.0,0.0
2006-01-06 00:00:00-05:00,3.9126002985770643,3.9367027282714844,3.884481116512843,3.9367027282714844,33400,0.0,0.0
2006-01-09 00:00:00-05:00,3.9407235392938817,3.944740295410156,3.9246553655423417,3.9447402954101562,14700,0.0,0.0
2006-01-10 00:00:00-05:00,3.9246511865250144,3.9407193431669816,3.8925144901460067,3.916616916656494,24200,0.0,0.0
2006-01-11 00:00:00-05:00,3.936382766232107,3.9525154667234714,3.8799181221953716,3.9121835231781006,30000,0.039,0.0
2006-01-12 00:00:00-05:00,3.8839513934766927,3.9242829523881437,3.8839513934766927,3.9121835231781006,19000,0.0,0.0
2006-01-13 00:00:00-05:00,3.896047642247765,3.932346284880345,3.896047642247765,3.9283130168914795,8800,0.0,0.0
2006-01-17 00:00:00-05:00,3.887984664758014,3.928316223669465,3.887984664758014,3.9121835231781006,21100,0.0,0.0
2006-01-18 00:00:00-05:00,3.9041179145102705,3.9323500481835887,3.9041179145102705,3.924283504486084,13600,0.0,0.0
2006-01-19 00:00:00-05:00,3.904115480239764,3.92024817294184,3.883949518203735,3.8839495182037354,26200,0.0,0.0
2006-01-20 00:00:00-05:00,3.904115281760542,3.920247973642457,3.9000820126316347,3.91621470451355,10100,0.0,0.0
2006-01-23 00:00:00-05:00,3.9121810173831166,3.9202475547790527,3.900081595922886,3.9202475547790527,7500,0.0,0.0
2006-01-24 00:00:00-05:00,3.9323480658248555,3.9323480658248555,3.859750747680664,3.859750747680664,62100,0.0,0.0
2006-01-25 00:00:00-05:00,3.8597515194171144,3.883950758514945,3.8516853628070753,3.8637847900390625,31800,0.0,0.0
2006-01-26 00:00:00-05:00,3.8557194439228346,3.9081504344940186,3.8557194439228346,3.9081504344940186,15600,0.0,0.0
2006-01-27 00:00:00-05:00,3.908148385627611,3.9444470405578613,3.908148385627611,3.9444470405578613,21900,0.0,0.0
2006-01-30 00:00:00-05:00,3.952512299608012,3.952512299608012,3.920246924479262,3.9323463439941406,23500,0.0,0.0
2006-01-31 00:00:00-05:00,3.9323469762392835,3.9363802449372516,3.9162142860810847,3.9202475547790527,14000,0.0,0.0
2006-02-01 00:00:00-05:00,3.932347314086715,3.932347314086715,3.8637832788652755,3.9041152000427246,33900,0.0,0.0
2006-02-02 00:00:00-05:00,3.92831558980291,3.932348860433429,3.887984037399292,3.887984037399292,12000,0.0,0.0
2006-02-03 00:00:00-05:00,3.8637860554082977,3.8799187585456063,3.8355539210765026,3.875885486602783,22000,0.0,0.0
2006-02-06 00:00:00-05:00,3.87588297953583,3.8879827875376876,3.855717402133535,3.8839495182037354,12200,0.0,0.0
2006-02-07 00:00:00-05:00,3.8436218374365043,3.8799205322478616,3.8436218374365043,3.8516883850097656,19200,0.0,0.0
2006-02-08 00:00:00-05:00,3.8476551755342085,3.892020034026198,3.8194230278242305,3.8315224647521973,83400,0.0,0.0
2006-02-09 00:00:00-05:00,3.8315220482736208,3.871854013161729,3.8234555014423495,3.8678207397460938,43800,0.0,0.0
2006-02-10 00:00:00-05:00,3.87588297953583,3.883949518203735,3.8436175941316777,3.8839495182037354,39900,0.0,0.0
2006-02-13 00:00:00-05:00,3.8552006540153494,3.9199938774108887,3.8471013079918697,3.9199938774108887,41800,0.039,0.0
2006-02-14 00:00:00-05:00,3.8794959905780857,3.8956942883722325,3.8106531284034904,3.875446319580078,48600,0.0,0.0
2006-02-15 00:00:00-05:00,3.851146331023449,3.8794932354826455,3.838997326657272,3.855195999145508,17700,0.0,0.0
2006-02-16 00:00:00-05:00,3.8389992097712415,3.903792772914036,3.8349499258605277,3.891643762588501,40100,0.0,0.0
2006-02-17 00:00:00-05:00,3.8794951159120856,3.940238622395513,3.8592471516850115,3.89974308013916,30500,0.0,0.0
2006-02-21 00:00:00-05:00,3.891643937025784,3.944288492202759,3.891643937025784,3.944288492202759,28300,0.0,0.0
2006-02-22 00:00:00-05:00,3.9240414421760716,3.9645373821258545,3.911892814670299,3.9645373821258545,33200,0.0,0.0
2006-02-23 00:00:00-05:00,3.9280917015610775,3.9604883038924625,3.887596141745828,3.9564390182495117,38300,0.0,0.0
2006-02-24 00:00:00-05:00,3.915942861690732,3.964537762575044,3.915942861690732,3.9483394622802734,28900,0.0,0.0
2006-02-27 00:00:00-05:00,3.9442911430851786,3.948340816096919,3.9199938774108887,3.9199938774108887,34300,0.0,0.0
2006-02-28 00:00:00-05:00,3.948337985514272,3.952387655622784,3.8430488798797535,3.891643762588501,80600,0.0,0.0
2006-03-01 00:00:00-05:00,3.9037959714842763,3.9321429130742933,3.871399356467653,3.9078452587127686,86900,0.0,0.0
2006-03-02 00:00:00-05:00,3.9159433459971833,3.9361913204193115,3.8997450436990784,3.9361913204193115,25100,0.0,0.0
2006-03-03 00:00:00-05:00,3.911890749954059,3.9321387092419724,3.879494169572478,3.8875935077667236,19400,0.0,0.0
2006-03-06 00:00:00-05:00,3.8551977985217247,3.8956933400503915,3.851148128509521,3.8511481285095215,13000,0.0,0.0
2006-03-07 00:00:00-05:00,3.891642421473489,3.9159400475534563,3.875444132819399,3.9037914276123047,51800,0.0,0.0
2006-03-08 00:00:00-05:00,3.9037951241259337,3.9159437555706553,3.895695779030766,3.9118940830230713,22700,0.0,0.0
2006-03-09 00:00:00-05:00,3.9199938774108887,3.928092837236294,3.903795571562004,3.9199938774108887,18900,0.0,0.0
2006-03-10 00:00:00-05:00,3.928092387015377,3.928092387015377,3.895695779030766,3.9118940830230713,20600,0.0,0.0
2006-03-13 00:00:00-05:00,3.952143164068904,3.9643410278887403,3.8870873733456466,3.9196152687072754,40600,0.039,0.0
2006-03-14 00:00:00-05:00,3.8952204408258253,3.9643423382575276,3.8952204408258253,3.931814432144165,17100,0.0,0.0
2006-03-15 00:00:00-05:00,3.919616564292461,3.956210167847573,3.919616564292461,3.931814432144165,8600,0.0,0.0
2006-03-16 00:00:00-05:00,3.8992885584827746,3.9684104919433594,3.8870906842730917,3.9684104919433594,35400,0.0,0.0
2006-03-17 00:00:00-05:00,3.960279409148065,3.972477674484253,3.944015443130018,3.972477674484253,13200,0.0,0.0
2006-03-20 00:00:00-05:00,3.9765433751661123,3.980609463611508,3.95214762002081,3.972477674484253,17100,0.0,0.0
2006-03-21 00:00:00-05:00,3.931813728534222,3.9724737977812965,3.931813728534222,3.94807767868042,24800,0.0,0.0
2006-03-22 00:00:00-05:00,3.9806083661530423,4.0131362892211495,3.9358825688752526,3.9684104919433594,73900,0.0,0.0
2006-03-23 00:00:00-05:00,3.9440119762232095,3.992803831387822,3.9318141093728554,3.952144145965576,27300,0.0,0.0
2006-03-24 00:00:00-05:00,3.9928067167455086,4.000938892364502,3.952147001940969,4.000938892364502,17600,0.0,0.0
2006-03-27 00:00:00-05:00,3.992804753068982,3.9968708388787624,3.939946800831693,3.9602768421173096,9900,0.0,0.0
2006-03-28 00:00:00-05:00,3.9806068485818797,4.005002975463867,3.976540762807668,4.005002975463867,18200,0.0,0.0
2006-03-29 00:00:00-05:00,4.000941488787769,4.000941488787769,3.9440173858041705,3.9765453338623047,21900,0.0,0.0
2006-03-30 00:00:00-05:00,3.964343786239624,4.0050038776140955,3.964343786239624,3.964343786239624,15200,0.0,0.0
2006-03-31 00:00:00-05:00,3.9684104919433594,3.992806240362725,3.9684104919433594,3.9684104919433594,15800,0.0,0.0
2006-04-03 00:00:00-04:00,3.9846765508144952,4.0009405209091,3.964346491255331,3.9928083419799805,18700,0.0,0.0
2006-04-04 00:00:00-04:00,3.9806088984631325,3.9968728621720975,3.956212759017944,3.9562127590179443,22800,0.0,0.0
2006-04-05 00:00:00-04:00,3.9806114243105033,3.9928093078913713,3.964347450281436,3.9765453338623047,5200,0.0,0.0
2006-04-06 00:00:00-04:00,3.9684084234625048,3.9806062913142086,3.9033526112357797,3.931814432144165,27000,0.0,0.0
2006-04-07 00:00:00-04:00,3.9236833046724615,3.9562112194319363,3.8830236051047833,3.911485433578491,28600,0.0,0.0
2006-04-10 00:00:00-04:00,3.8830242175453034,3.948080057325027,3.8586280837462112,3.8992881774902344,33500,0.0,0.0
2006-04-11 00:00:00-04:00,3.9192940253306263,3.9274590184319065,3.845807140684782,3.898880958557129,17700,0.039,0.0
2006-04-12 00:00:00-04:00,3.8784658930477045,3.898878949301499,3.8498878479003906,3.8498878479003906,24700,0.0,0.0
2006-04-13 00:00:00-04:00,3.841723323749577,3.8784667553058494,3.82947564301307,3.853971004486084,24600,0.0,0.0
2006-04-17 00:00:00-04:00,3.8131434965365147,3.8988780004605514,3.8131434965365147,3.841721534729004,33600,0.0,0.0
2006-04-18 00:00:00-04:00,3.825393030796365,3.882549524307251,3.825393030796365,3.882549524307251,19800,0.0,0.0
2006-04-19 00:00:00-04:00,3.84988878211439,3.9152102665001123,3.84988878211439,3.882549524307251,15200,0.0,0.0
2006-04-20 00:00:00-04:00,3.9111264031362585,3.9274567693339333,3.853969926771075,3.87030029296875,29900,0.0,0.0
2006-04-21 00:00:00-04:00,3.9111262602237664,3.9152089489606645,3.8580524746839777,3.8947958946228027,14000,0.0,0.0
2006-04-24 00:00:00-04:00,3.9274590184319065,3.9274590184319065,3.870302509335487,3.898880958557129,7600,0.0,0.0
2006-04-25 00:00:00-04:00,3.866218460143283,3.8988791964813023,3.853970392006509,3.8743834495544434,12900,0.0,0.0
2006-04-26 00:00:00-04:00,3.88254894048295,3.8988793091237604,3.86621857184214,3.890713930130005,15600,0.0,0.0
2006-04-27 00:00:00-04:00,3.8988824428990325,3.8988824428990325,3.8539736010307393,3.8621389865875244,11800,0.0,0.0
2006-04-28 00:00:00-04:00,3.898878583359701,3.898878583359701,3.878465529021839,3.8947958946228027,19000,0.0,0.0
2006-05-01 00:00:00-04:00,3.8947962372319647,3.9152092933654785,3.878465870194486,3.9152092933654785,17400,0.0,0.0
2006-05-02 00:00:00-04:00,3.927457809448242,3.927457809448242,3.894797068403301,3.927457809448242,12300,0.0,0.0
2006-05-03 00:00:00-04:00,3.9274590184319065,3.9315417096559786,3.8866332742317766,3.898880958557129,14400,0.0,0.0
2006-05-04 00:00:00-04:00,3.9111299252164504,3.9519560721490286,3.8988822368754743,3.9397079944610596,6900,0.0,0.0
2006-05-05 00:00:00-04:00,3.9152089489606645,3.92745662582473,3.8947958946228027,3.8947958946228027,8600,0.0,0.0
2006-05-08 00:00:00-04:00,3.9315394582200125,3.9315394582200125,3.87030029296875,3.87030029296875,29100,0.0,0.0
2006-05-09 00:00:00-04:00,3.858054825010134,3.951954776429476,3.858054825010134,3.898880958557129,33300,0.0,0.0
2006-05-10 00:00:00-04:00,3.923374282210887,3.923374282210887,3.878465870194486,3.9152092933654785,14400,0.0,0.0
2006-05-11 00:00:00-04:00,3.8615063829466205,3.906598142282172,3.8615063829466205,3.8943004608154297,10200,0.039,0.0
2006-05-12 00:00:00-04:00,3.8615090934055374,3.8861044736029373,3.816417302419291,3.8656084537506104,25400,0.0,0.0
2006-05-15 00:00:00-04:00,3.8533112454791825,3.869708299636841,3.8533112454791825,3.869708299636841,9800,0.0,0.0
2006-05-16 00:00:00-04:00,3.90250244195057,3.90250244195057,3.8205167877244,3.8451125621795654,28700,0.0,0.0
2006-05-17 00:00:00-04:00,3.8246170261141463,3.8615105007931674,3.8246170261141463,3.853311777114868,19000,0.0,0.0
2006-05-18 00:00:00-04:00,3.8615095086906366,3.877906560897827,3.8615095086906366,3.877906560897827,5900,0.0,0.0
2006-05-19 00:00:00-04:00,3.8902011033477675,3.8943004608154297,3.8533076680112957,3.8943004608154297,29500,0.0,0.0
2006-05-22 00:00:00-04:00,3.857410393023476,3.898403221614618,3.857410393023476,3.8820061683654785,26100,0.0,0.0
2006-05-23 00:00:00-04:00,3.8656085481165268,3.877906238515434,3.8123180351392243,3.8287150859832764,35800,0.0,0.0
2006-05-24 00:00:00-04:00,3.824617558300913,3.8451139794120284,3.824617558300913,3.8369152545928955,32600,0.0,0.0
2006-05-25 00:00:00-04:00,3.8574117422516956,3.8615111047319837,3.824617624282837,3.824617624282837,60900,0.0,0.0
2006-05-26 00:00:00-04:00,3.861510157153815,3.861510157153815,3.8287160472323216,3.832815408706665,6100,0.0,0.0
2006-05-30 00:00:00-04:00,3.8287163879532957,3.8615105007931674,3.8287163879532957,3.853311777114868,18500,0.0,0.0
2006-05-31 00:00:00-04:00,3.861510624303454,3.886106014251709,3.8287165104146634,3.886106014251709,34100,0.0,0.0
2006-06-01 00:00:00-04:00,3.902501344680786,3.902501344680786,3.8779055771412345,3.902501344680786,19000,0.0,0.0
2006-06-02 00:00:00-04:00,3.922998983474201,3.9516941226235582,3.8533114027261712,3.9189000129699707,51700,0.0,0.0
2006-06-05 00:00:00-04:00,3.890206275598996,3.9230003970694614,3.886106912680997,3.9066033363342285,9800,0.0,0.0
2006-06-06 00:00:00-04:00,3.8943004608154297,3.9106974997498343,3.8615063829466205,3.8943004608154297,11500,0.0,0.0
2006-06-07 00:00:00-04:00,3.8738083192775816,3.894304738192244,3.8656099862737214,3.886106014251709,18600,0.0,0.0
2006-06-08 00:00:00-04:00,3.890204252319079,3.890204252319079,3.853310787118761,3.877906560897827,7500,0.0,0.0
2006-06-09 00:00:00-04:00,3.8656088694765747,3.886104891533141,3.857410147904699,3.877906560897827,17900,0.0,0.0
2006-06-12 00:00:00-04:00,3.8697066402401687,3.882004718787241,3.8451112650189043,3.8738059997558594,19800,0.0,0.0
2006-06-13 00:00:00-04:00,3.8775151581065597,3.881631510416517,3.8487014770507812,3.8487014770507812,24200,0.039,0.0
2006-06-14 00:00:00-04:00,3.865166493733649,3.8692824534866443,3.840468772430866,3.8487014770507812,19400,0.0,0.0
2006-06-15 00:00:00-04:00,3.873396867167681,3.8939782258595694,3.873396867167681,3.8857455253601074,15100,0.0,0.0
2006-06-16 00:00:00-04:00,3.8898620536751527,3.9104434133091894,3.869280694041116,3.9022107124328613,12500,0.0,0.0
2006-06-19 00:00:00-04:00,3.9063274258150464,3.9063274258150464,3.869281053543091,3.869281053543091,13600,0.0,0.0
2006-06-20 00:00:00-04:00,3.840467207130502,3.8980949383110697,3.840467207130502,3.852815866470337,25800,0.0,0.0
2006-06-21 00:00:00-04:00,3.848697898760333,3.8857438574359344,3.848697898760333,3.8733952045440674,39100,0.0,0.0
2006-06-22 00:00:00-04:00,3.861046920904937,3.9104419297529143,3.8528142231519564,3.893976926803589,40700,0.0,0.0
2006-06-23 00:00:00-04:00,3.869280231930638,3.889861589106631,3.8569315746477373,3.8775129318237305,28300,0.0,0.0
2006-06-26 00:00:00-04:00,3.918677896092211,3.918677896092211,3.8487014770507812,3.8487014770507812,32100,0.0,0.0
2006-06-27 00:00:00-04:00,3.807534209637107,3.881626892848124,3.807534209637107,3.865161895751953,20400,0.0,0.0
2006-06-28 00:00:00-04:00,3.8569315746477373,3.881629281770276,3.8528152247011915,3.8775129318237305,13200,0.0,0.0
2006-06-29 00:00:00-04:00,3.8692808764423843,3.881629928339022,3.848699908394927,3.852815866470337,8200,0.0,0.0
2006-06-30 00:00:00-04:00,3.8692787529610304,3.8816277980804443,3.8528137520250656,3.8816277980804443,19800,0.0,0.0
2006-07-03 00:00:00-04:00,3.865164736159736,3.9022107124328613,3.865164736159736,3.9022107124328613,16100,0.0,0.0
2006-07-05 00:00:00-04:00,3.943371935651566,3.943371935651566,3.8445819179556113,3.893976926803589,18300,0.0,0.0
2006-07-06 00:00:00-04:00,3.926908847901796,3.926908847901796,3.8733974640791984,3.906327486038208,6400,0.0,0.0
2006-07-07 00:00:00-04:00,3.8775137551843346,3.926908787361335,3.869281053543091,3.869281053543091,15600,0.0,0.0
2006-07-10 00:00:00-04:00,3.902210246389532,3.902210246389532,3.8569315746477373,3.8775129318237305,39400,0.0,0.0
2006-07-11 00:00:00-04:00,3.8733952045440674,3.881627901509711,3.8733952045440674,3.8733952045440674,24200,0.0,0.0
2006-07-12 00:00:00-04:00,3.864717460697318,3.893651046985377,3.823383428122477,3.8853840827941895,53600,0.039,0.0
2006-07-13 00:00:00-04:00,3.8688520034912837,3.885385543900578,3.8440518899726897,3.8647189140319824,37700,0.0,0.0
2006-07-14 00:00:00-04:00,3.8771145183807527,3.8936480398032405,3.8605809969582645,3.8812479972839355,6500,0.0,0.0
2006-07-17 00:00:00-04:00,3.881249378641452,3.9101829528808594,3.8647158513345925,3.9101829528808594,19900,0.0,0.0
2006-07-18 00:00:00-04:00,3.87298160447923,3.89778208732605,3.856448080644784,3.89778208732605,24500,0.0,0.0
2006-07-19 00:00:00-04:00,3.868850154149721,3.914317664184469,3.868850154149721,3.9019172191619873,31100,0.0,0.0
2006-07-20 00:00:00-04:00,3.9184486964763807,3.9184486964763807,3.893648607819863,3.89778208732605,13800,0.0,0.0
2006-07-21 00:00:00-04:00,3.93498390273047,3.93498390273047,3.8977833633767327,3.9143168926239014,7300,0.0,0.0
2006-07-24 00:00:00-04:00,3.92671583404182,3.947382838322209,3.9101823094555725,3.930849313735962,14600,0.0,0.0
2006-07-25 00:00:00-04:00,3.9267164801877183,3.9267164801877183,3.9101829528808594,3.9101829528808594,17400,0.0,0.0
2006-07-26 00:00:00-04:00,3.8977829912134774,3.9267165660858154,3.8977829912134774,3.9267165660858154,24200,0.0,0.0
2006-07-27 00:00:00-04:00,3.9267182543518806,3.9515187536126875,3.9019177550910737,3.9225847721099854,31100,0.0,0.0
2006-07-28 00:00:00-04:00,3.9432500074945778,3.9515169682431996,3.885382464825378,3.9101829528808594,55200,0.0,0.0
2006-07-31 00:00:00-04:00,3.9101847195748634,3.922584772109986,3.8895177025559518,3.9225847721099854,26500,0.0,0.0
2006-08-01 00:00:00-04:00,3.9225850876266137,3.9515190714566466,3.9060515515197074,3.9391186237335205,17200,0.0,0.0
2006-08-02 00:00:00-04:00,3.9101815820253316,3.9473821039713735,3.9101815820253316,3.9349820613861084,25200,0.0,0.0
2006-08-03 00:00:00-04:00,3.947385588882271,3.9515190714566466,3.9225850876266137,3.9391186237335205,21600,0.0,0.0
2006-08-04 00:00:00-04:00,3.9391186237335205,3.9680526075635534,3.9267185702009892,3.9391186237335205,20200,0.0,0.0
2006-08-07 00:00:00-04:00,3.930849313735962,3.9680498426025985,3.930849313735962,3.930849313735962,9600,0.0,0.0
2006-08-08 00:00:00-04:00,3.9639157498634017,3.9639157498634017,3.9349821848598103,3.943248748779297,19400,0.0,0.0
2006-08-09 00:00:00-04:00,3.906046212783845,3.9721802668202613,3.906046212783845,3.9556467533111572,73600,0.0,0.0
2006-08-10 00:00:00-04:00,3.9680518490200707,3.9680518490200707,3.947384834289551,3.947384834289551,2800,0.0,0.0
2006-08-11 00:00:00-04:00,3.9469688721159373,3.9760210918719077,3.905465361773,3.9552693367004395,42900,0.039,0.0
2006-08-14 00:00:00-04:00,3.9428184419202816,3.9594197668960947,3.938668011724626,3.9552693367004395,5700,0.0,0.0
2006-08-15 00:00:00-04:00,3.942820064447991,3.959421396255493,3.913767832736605,3.959421396255493,47700,0.0,0.0
2006-08-16 00:00:00-04:00,3.9594184588335652,3.9760197783248445,3.9511179969912646,3.967719316482544,23200,0.0,0.0
2006-08-17 00:00:00-04:00,3.9635686928450764,3.984320440140878,3.9511178027902587,3.9801700115203857,12700,0.0,0.0
2006-08-18 00:00:00-04:00,3.984323591870232,3.984323591870232,3.942820064447991,3.959421396255493,42900,0.0,0.0
2006-08-21 00:00:00-04:00,3.959421396255493,3.976022728062995,3.9386696325443724,3.959421396255493,31200,0.0,0.0
2006-08-22 00:00:00-04:00,3.9428168968440995,3.9552677867451127,3.9303660069430864,3.951117753982544,26800,0.0,0.0
2006-08-23 00:00:00-04:00,3.955270964351875,3.976022728062995,3.934519200640754,3.959421396255493,24400,0.0,0.0
2006-08-24 00:00:00-04:00,3.959417782486293,3.96771863871732,3.942816465830848,3.9635682106018066,20600,0.0,0.0
2006-08-25 00:00:00-04:00,3.963572771145113,3.9760236740112305,3.9511218682789964,3.9760236740112305,39700,0.0,0.0
2006-08-28 00:00:00-04:00,3.9677208626860545,3.996773084165648,3.9635704322441607,3.9884722232818604,19500,0.0,0.0
2006-08-29 00:00:00-04:00,3.9884731711315933,4.005074501037598,3.9594209427478178,4.005074501037598,42900,0.0,0.0
2006-08-30 00:00:00-04:00,4.009224378125251,4.021675274881483,3.980172153758418,3.9967734813690186,31500,0.0,0.0
2006-08-31 00:00:00-04:00,4.009222945567609,4.013373374938965,3.9843211609529394,4.013373374938965,31400,0.0,0.0
2006-09-01 00:00:00-04:00,4.013373374938965,4.017523804310319,3.9843211609529394,4.013373374938965,25500,0.0,0.0
2006-09-05 00:00:00-04:00,4.017525754434582,4.021675790013652,3.9926235619255506,4.009224891662598,16900,0.0,0.0
2006-09-06 00:00:00-04:00,4.025825505898498,4.025825505898498,3.9926228523254395,3.9926228523254395,26500,0.0,0.0
2006-09-07 00:00:00-04:00,4.009224891662598,4.021675790013652,3.9926235619255506,4.009224891662598,21700,0.0,0.0
2006-09-08 00:00:00-04:00,4.0258268481854,4.034127712249756,4.005075083831494,4.034127712249756,22600,0.0,0.0
2006-09-11 00:00:00-04:00,4.005072516196255,4.03412512598901,4.005072516196255,4.013373374938965,10900,0.0,0.0
2006-09-12 00:00:00-04:00,4.005071179067944,4.038273811340332,4.005071179067944,4.038273811340332,12600,0.0,0.0
2006-09-13 00:00:00-04:00,4.037861292050524,4.050362697271023,4.004525006262274,4.042028427124023,16300,0.039,0.0
2006-09-14 00:00:00-04:00,4.025358696713463,4.079530239105225,4.025358696713463,4.079530239105225,21100,0.0,0.0
2006-09-15 00:00:00-04:00,4.08369761346974,4.08369761346974,4.046194205185875,4.0670294761657715,21600,0.0,0.0
2006-09-18 00:00:00-04:00,4.054527282714844,4.067028681299332,4.029525280345191,4.054527282714844,28600,0.0,0.0
2006-09-19 00:00:00-04:00,4.042029893086807,4.092034339904785,4.033696017317152,4.092034339904785,21500,0.0,0.0
2006-09-20 00:00:00-04:00,4.092034397000155,4.117036819458008,4.071199508585305,4.117036819458008,28000,0.0,0.0
2006-09-21 00:00:00-04:00,4.083696554025202,4.142034820754367,4.067028421045493,4.125366687774658,17100,0.0,0.0
2006-09-22 00:00:00-04:00,4.10453118986925,4.158702315692468,4.083695927491317,4.137867450714111,22800,0.0,0.0
2006-09-25 00:00:00-04:00,4.129533717702407,4.271213043207373,4.108698452645861,4.158702850341797,64100,0.0,0.0
2006-09-26 00:00:00-04:00,4.133704162681824,4.242047309875488,4.133704162681824,4.242047309875488,18900,0.0,0.0
2006-09-27 00:00:00-04:00,4.242043114649796,4.242043114649796,4.192038726335991,4.208706855773926,26900,0.0,0.0
2006-09-28 00:00:00-04:00,4.208710718532557,4.262881890874534,4.208710718532557,4.2587151527404785,9600,0.0,0.0
2006-09-29 00:00:00-04:00,4.250375104875102,4.26704322695699,4.192036876288184,4.204537868499756,31400,0.0,0.0
2006-10-02 00:00:00-04:00,4.2462123715381574,4.2462123715381574,4.171205943207606,4.175373077392578,20300,0.0,0.0
2006-10-03 00:00:00-04:00,4.1795423710776705,4.2378810931575295,4.1670413582748544,4.192043781280518,16600,0.0,0.0
2006-10-04 00:00:00-04:00,4.200375087702832,4.221210361227903,4.167038809022634,4.175373077392578,13500,0.0,0.0
2006-10-05 00:00:00-04:00,4.217042778910718,4.217042778910718,4.133702091066583,4.142035961151123,34100,0.0,0.0
2006-10-06 00:00:00-04:00,4.125368377790197,4.221210479736328,4.125368377790197,4.221210479736328,8100,0.0,0.0
2006-10-09 00:00:00-04:00,4.171202710636953,4.217039958949635,4.162868448725839,4.1670355796813965,9600,0.0,0.0
2006-10-10 00:00:00-04:00,4.175371038381934,4.204540168632637,4.108698116180963,4.179537773132324,13000,0.0,0.0
2006-10-11 00:00:00-04:00,4.149835586547852,4.174935174957793,4.133102394624302,4.149835586547852,19600,0.039,0.0
2006-10-12 00:00:00-04:00,4.162387030212395,4.16657042958876,4.133104032479688,4.141470432281494,12700,0.0,0.0
2006-10-13 00:00:00-04:00,4.154023170471191,4.158206173454414,4.137289961684799,4.154023170471191,11400,0.0,0.0
2006-10-16 00:00:00-04:00,4.154021478806247,4.158204480086003,4.128921476372688,4.145654678344727,15900,0.0,0.0
2006-10-17 00:00:00-04:00,4.149835045297511,4.149835045297511,4.1163686658153305,4.120552062988281,16700,0.0,0.0
2006-10-18 00:00:00-04:00,4.112190681209097,4.154023910099107,4.112190681209097,4.1289238929748535,14100,0.0,0.0
2006-10-19 00:00:00-04:00,4.137287431856052,4.187487027519661,4.116370833925151,4.141470432281494,27900,0.0,0.0
2006-10-20 00:00:00-04:00,4.116374083888346,4.166573719185614,4.09964087212259,4.1289238929748535,34300,0.0,0.0
2006-10-23 00:00:00-04:00,4.112189292907715,4.166572312524176,4.112189292907715,4.112189292907715,14800,0.0,0.0
2006-10-24 00:00:00-04:00,4.099638397844634,4.158204404202489,4.095454997690218,4.1331048011779785,30500,0.0,0.0
2006-10-25 00:00:00-04:00,4.1372863165660885,4.179119102200087,4.116369724273682,4.116369724273682,31100,0.0,0.0
2006-10-26 00:00:00-04:00,4.074537638063349,4.191670426896025,4.074537638063349,4.141470432281494,31200,0.0,0.0
2006-10-27 00:00:00-04:00,4.162387371063232,4.191670770144831,4.162387371063232,4.162387371063232,21600,0.0,0.0
2006-10-30 00:00:00-05:00,4.16657042958876,4.183303628143296,4.141470432281494,4.141470432281494,6800,0.0,0.0
2006-10-31 00:00:00-05:00,4.141472452223516,4.179122267072094,4.108006038791694,4.170755863189697,31300,0.0,0.0
2006-11-01 00:00:00-05:00,4.17074937027901,4.204215731611298,4.145649399804546,4.1958489418029785,16700,0.0,0.0
2006-11-02 00:00:00-05:00,4.20422128182758,4.2084046822544705,4.174937877790376,4.187488079071045,21500,0.0,0.0
2006-11-03 00:00:00-05:00,4.191671109961135,4.208404311242475,4.183304309844971,4.183304309844971,16000,0.0,0.0
2006-11-06 00:00:00-05:00,4.204222202301025,4.212588606035524,4.187488995880917,4.204222202301025,7400,0.0,0.0
2006-11-07 00:00:00-05:00,4.204223743299756,4.216773552977014,4.200040340423584,4.200040340423584,8500,0.0,0.0
2006-11-08 00:00:00-05:00,4.200040340423584,4.2125901501008425,4.200040340423584,4.200040340423584,24000,0.0,0.0
2006-11-09 00:00:00-05:00,4.204220664365981,4.220953864664961,4.204220664365981,4.208404064178467,8100,0.0,0.0
2006-11-10 00:00:00-05:00,4.208404064178467,4.220953864664961,4.208404064178467,4.208404064178467,6700,0.0,0.0
2006-11-13 00:00:00-05:00,4.304573303055198,4.304573303055198,4.2331803479398555,4.237380027770996,21700,0.039,0.0
2006-11-14 00:00:00-05:00,4.258381080496548,4.266780045678981,4.23318338394165,4.23318338394165,16500,0.0,0.0
2006-11-15 00:00:00-05:00,4.233178430536043,4.275174408818489,4.2163801193237305,4.2163801193237305,21800,0.0,0.0
2006-11-16 00:00:00-05:00,4.21638406453589,4.241581755183154,4.149190756814794,4.203785419464111,31400,0.0,0.0
2006-11-17 00:00:00-05:00,4.203785419464111,4.220583746394386,4.1995857376056165,4.203785419464111,11200,0.0,0.0
2006-11-20 00:00:00-05:00,4.233180340497159,4.233180340497159,4.153388426363336,4.174386024475098,19600,0.0,0.0
2006-11-21 00:00:00-05:00,4.1659887454539675,4.1953857150688965,4.13239209432157,4.1701884269714355,29300,0.0,0.0
2006-11-22 00:00:00-05:00,4.157585019927956,4.2751735760111265,4.157585019927956,4.224778652191162,17700,0.0,0.0
2006-11-24 00:00:00-05:00,4.1995837102977545,4.237380027770996,4.1995837102977545,4.237380027770996,1000,0.0,0.0
2006-11-27 00:00:00-05:00,4.203786581977745,4.2289838790893555,4.203786581977745,4.2289838790893555,4900,0.0,0.0
2006-11-28 00:00:00-05:00,4.199583705399974,4.237380022829135,4.182785386598514,4.1953840255737305,21900,0.0,0.0
2006-11-29 00:00:00-05:00,4.178587904938013,4.224783606321125,4.178587904938013,4.199585914611816,6200,0.0,0.0
2006-11-30 00:00:00-05:00,4.233180038114988,4.233180038114988,4.170186447272405,4.191184043884277,15400,0.0,0.0
2006-12-01 00:00:00-05:00,4.220584913553425,4.254181576704782,4.1953872159379975,4.2289838790893555,36900,0.0,0.0
2006-12-04 00:00:00-05:00,4.27097393939617,4.279372893194173,4.212179660797119,4.212179660797119,11300,0.0,0.0
2006-12-05 00:00:00-05:00,4.207981163969239,4.270974730889578,4.207981163969239,4.2163801193237305,13200,0.0,0.0
2006-12-06 00:00:00-05:00,4.199581808111418,4.228978752607132,4.199581808111418,4.2163801193237305,8100,0.0,0.0
2006-12-07 00:00:00-05:00,4.203784384416149,4.2625783139441245,4.203784384416149,4.245779991149902,13000,0.0,0.0
2006-12-08 00:00:00-05:00,4.367564920234542,4.367564920234542,4.2163801193237305,4.2163801193237305,17700,0.0,0.0
2006-12-11 00:00:00-05:00,4.241578578948975,4.270975528937621,4.220580585884196,4.241578578948975,8600,0.0,0.0
2006-12-12 00:00:00-05:00,4.220581294155183,4.304572880005821,4.220581294155183,4.287774562835693,29700,0.0,0.0
2006-12-13 00:00:00-05:00,4.3118671947738,4.316094612387735,4.248457543159712,4.261139392852783,11100,0.067,0.0
2006-12-14 00:00:00-05:00,4.269599935930773,4.311872959136963,4.235781356106112,4.311872959136963,36500,0.0,0.0
2006-12-15 00:00:00-05:00,4.282280673314369,4.328781107523514,4.235780239105225,4.235780239105225,23100,0.0,0.0
2006-12-18 00:00:00-05:00,4.3034194119604905,4.3034194119604905,4.240009259221869,4.248464107513428,10000,0.0,0.0
2006-12-19 00:00:00-05:00,4.244230125545777,4.261139392852783,4.227320858238771,4.261139392852783,18000,0.0,0.0
2006-12-20 00:00:00-05:00,4.24846210240787,4.261143965710516,4.227325394804017,4.235780239105225,19500,0.0,0.0
2006-12-21 00:00:00-05:00,4.523238731830423,4.523238731830423,4.290735721588135,4.290735721588135,59500,0.0,0.0
2006-12-22 00:00:00-05:00,4.269598211280622,4.269598211280622,4.240006663525221,4.244234085083008,15900,0.0,0.0
2006-12-26 00:00:00-05:00,4.248461506640795,4.29073451277134,4.240006663525221,4.244234085083008,8400,0.0,0.0
2006-12-27 00:00:00-05:00,4.286509467512711,4.320328049244034,4.252690885781388,4.2653727531433105,18300,0.0,0.0
2006-12-28 00:00:00-05:00,4.307639777159866,4.32032203000167,4.261139392852783,4.261139392852783,10600,0.0,0.0
2006-12-29 00:00:00-05:00,4.303418303102584,4.3499187472763605,4.278054167912818,4.3372368812561035,23600,0.0,0.0
2007-01-03 00:00:00-05:00,4.320328049244034,4.324555069598477,4.261145329639572,4.2653727531433105,32300,0.0,0.0
2007-01-04 00:00:00-05:00,4.303415494981613,4.32032477302451,4.261142098299877,4.278051376342773,16200,0.0,0.0
2007-01-05 00:00:00-05:00,4.2695978333741245,4.2907341329940465,4.1554598803109934,4.206187725067139,49200,0.0,0.0
2007-01-08 00:00:00-05:00,4.248458130111995,4.248458130111995,4.172366215143507,4.193502902984619,23600,0.0,0.0
2007-01-09 00:00:00-05:00,4.227324427836134,4.227324427836134,4.185051022298143,4.206187725067139,15400,0.0,0.0
2007-01-10 00:00:00-05:00,4.197272575172662,4.222736084190131,4.193028522091358,4.2100043296813965,13100,0.039,0.0
2007-01-11 00:00:00-05:00,4.222741603851318,4.269425439297028,4.171814114512486,4.222741603851318,39000,0.0,0.0
2007-01-12 00:00:00-05:00,4.201521034809975,4.286400574693523,4.1930333236630055,4.226984977722168,25100,0.0,0.0
2007-01-16 00:00:00-05:00,4.205765360732639,4.265180961489816,4.205765360732639,4.231229305267334,8600,0.0,0.0
2007-01-17 00:00:00-05:00,4.222739663600631,4.290642951519093,4.222739663600631,4.277911186218262,12500,0.0,0.0
2007-01-18 00:00:00-05:00,4.243957792147784,4.307616997135859,4.243957792147784,4.248201847076416,15200,0.0,0.0
2007-01-19 00:00:00-05:00,4.282154831363365,4.294886595440619,4.282154831363365,4.286398887634277,9100,0.0,0.0
2007-01-22 00:00:00-05:00,4.282155192060825,4.30337507046731,4.243959491876256,4.252447605133057,13100,0.0,0.0
2007-01-23 00:00:00-05:00,4.260932854675457,4.260932854675457,4.231225284891889,4.243957042694092,22100,0.0,0.0
2007-01-24 00:00:00-05:00,4.210007041264713,4.260934496836208,4.210007041264713,4.239714622497559,16800,0.0,0.0
2007-01-25 00:00:00-05:00,4.2397118917801695,4.248199997942778,4.2100043296813965,4.2100043296813965,20600,0.0,0.0
2007-01-26 00:00:00-05:00,4.256692845066361,4.265180961489816,4.226985247055607,4.231229305267334,22800,0.0,0.0
2007-01-29 00:00:00-05:00,4.222741290933745,4.269425122920046,4.222741290933745,4.265181064605713,22500,0.0,0.0
2007-01-30 00:00:00-05:00,4.222742500467095,4.273670000619374,4.222742500467095,4.269426345825195,20000,0.0,0.0
2007-01-31 00:00:00-05:00,4.243961177769729,4.307620433542004,4.239717119455396,4.265181064605713,20300,0.0,0.0
2007-02-01 00:00:00-05:00,4.294886853170208,4.324594439378333,4.286399144854532,4.307618618011475,29300,0.0,0.0
2007-02-02 00:00:00-05:00,4.328838236136949,4.333082292407861,4.286398887634277,4.286398887634277,9700,0.0,0.0
2007-02-05 00:00:00-05:00,4.290642796644617,4.341570260745192,4.260935210436491,4.307618618011475,22900,0.0,0.0
2007-02-06 00:00:00-05:00,4.286400630273063,4.316108226776123,4.286400630273063,4.316108226776123,5400,0.0,0.0
2007-02-07 00:00:00-05:00,4.286398610244321,4.324593900004311,4.282154554248059,4.290642261505127,20500,0.0,0.0
2007-02-08 00:00:00-05:00,4.277912834813033,4.299132721649016,4.265181064605713,4.265181064605713,28500,0.0,0.0
2007-02-09 00:00:00-05:00,4.286396775015146,4.286396775015146,4.222737176533565,4.243957042694092,22700,0.0,0.0
2007-02-12 00:00:00-05:00,4.222737176533565,4.282152720835984,4.222737176533565,4.243957042694092,37500,0.0,0.0
2007-02-13 00:00:00-05:00,4.2605744728013795,4.2818774264293955,4.239271519173363,4.256313800811768,24300,0.039,0.0
2007-02-14 00:00:00-05:00,4.252055453661487,4.286140441894531,4.235013162705099,4.286140441894531,18600,0.0,0.0
2007-02-15 00:00:00-05:00,4.290402895497239,4.294663571986864,4.2648396492004395,4.2648396492004395,6800,0.0,0.0
2007-02-16 00:00:00-05:00,4.2648396492004395,4.286142625328089,4.260578972710815,4.2648396492004395,18600,0.0,0.0
2007-02-20 00:00:00-05:00,4.26483718168073,4.281879471458545,4.226491928100586,4.226491928100586,29700,0.0,0.0
2007-02-21 00:00:00-05:00,4.243534217878401,4.247794891902915,4.222231254076072,4.226491928100586,15300,0.0,0.0
2007-02-22 00:00:00-05:00,4.226490933767773,4.269096851348877,4.226490933767773,4.269096851348877,22400,0.0,0.0
2007-02-23 00:00:00-05:00,4.226488818989017,4.260573373471192,4.226488818989017,4.247791767120361,23100,0.0,0.0
2007-02-26 00:00:00-05:00,4.25205477270238,4.277618408203125,4.247794505385757,4.277618408203125,6700,0.0,0.0
2007-02-27 00:00:00-05:00,4.264838426093505,4.307443959809548,4.260577750825793,4.298923015594482,13500,0.0,0.0
2007-02-28 00:00:00-05:00,4.311700701592554,4.311700701592554,4.230749976957668,4.260573863983154,27300,0.0,0.0
2007-03-01 00:00:00-05:00,4.269095816780604,4.277616754439784,4.230750581514184,4.256313800811768,15000,0.0,0.0
2007-03-02 00:00:00-05:00,4.260575505304599,4.281878464095151,4.252054159260321,4.269096851348877,12500,0.0,0.0
2007-03-05 00:00:00-05:00,4.260578972710815,4.315966548114512,4.247797349562416,4.2648396492004395,14600,0.0,0.0
2007-03-06 00:00:00-05:00,4.256314887555007,4.286139192777135,4.252054214477539,4.252054214477539,12500,0.0,0.0
2007-03-07 00:00:00-05:00,4.252058086117303,4.3031853969597345,4.247797815480866,4.290403366088867,17500,0.0,0.0
2007-03-08 00:00:00-05:00,4.2904016650590595,4.320225985612683,4.25205640029037,4.298923015594482,37000,0.0,0.0
2007-03-09 00:00:00-05:00,4.294657927953366,4.294657927953366,4.247791767120361,4.247791767120361,14100,0.0,0.0
2007-03-12 00:00:00-04:00,4.260577750825793,4.298923015594482,4.256317075558082,4.298923015594482,9300,0.0,0.0
2007-03-13 00:00:00-04:00,4.294216156005859,4.31987898192858,4.272830535719722,4.294216156005859,17100,0.039,0.0
2007-03-14 00:00:00-04:00,4.307049241364496,4.307049241364496,4.251446767556295,4.260001182556152,8700,0.0,0.0
2007-03-15 00:00:00-04:00,4.251446269411146,4.281386310505593,4.2471694703092915,4.255723476409912,18400,0.0,0.0
2007-03-16 00:00:00-04:00,4.264277914825022,4.2685547139513655,4.247169494628906,4.247169494628906,7100,0.0,0.0
2007-03-19 00:00:00-04:00,4.2600007078017645,4.272831920974623,4.247169494628906,4.247169494628906,8600,0.0,0.0
2007-03-20 00:00:00-04:00,4.247168971663941,4.264277389753452,4.247168971663941,4.251445770263672,8900,0.0,0.0
2007-03-21 00:00:00-04:00,4.251446269411146,4.260000683408677,4.242892263310527,4.255723476409912,21500,0.0,0.0
2007-03-22 00:00:00-04:00,4.255721624552608,4.289938449859619,4.2471676221742225,4.289938449859619,34600,0.0,0.0
2007-03-23 00:00:00-04:00,4.289939812939287,4.289939812939287,4.247168971663941,4.251445770263672,38900,0.0,0.0
2007-03-26 00:00:00-04:00,4.268557141717742,4.341268070880217,4.268557141717742,4.298497200012207,44200,0.0,0.0
2007-03-27 00:00:00-04:00,4.3027711150328525,4.328433536325686,4.2984939088517695,4.319879531860352,21200,0.0,0.0
2007-03-28 00:00:00-04:00,4.319879531860352,4.345541953153185,4.307047913317103,4.319879531860352,19400,0.0,0.0
2007-03-29 00:00:00-04:00,4.319874778052536,4.341259969630944,4.302766380051979,4.332705974578857,19600,0.0,0.0
2007-03-30 00:00:00-04:00,4.3626484870910645,4.37975689653469,4.319877667430329,4.3626484870910645,14700,0.0,0.0
2007-04-02 00:00:00-04:00,4.379761699850318,4.379761699850318,4.332713624256555,4.336990833282471,14800,0.0,0.0
2007-04-03 00:00:00-04:00,4.341262416816968,4.3540940284729,4.33698562082827,4.3540940284729,7900,0.0,0.0
2007-04-04 00:00:00-04:00,4.336987950012334,4.358373165130615,4.336987950012334,4.358373165130615,5400,0.0,0.0
2007-04-05 00:00:00-04:00,4.358374121179823,4.388314163127337,4.345542907714844,4.345542907714844,21700,0.0,0.0
2007-04-09 00:00:00-04:00,4.319878560752768,4.401143420440863,4.319878560752768,4.341263771057129,34800,0.0,0.0
2007-04-10 00:00:00-04:00,4.332712247984853,4.388314723968506,4.332712247984853,4.388314723968506,13200,0.0,0.0
2007-04-11 00:00:00-04:00,4.38788233029933,4.38788233029933,4.336361257527801,4.340654373168945,29800,0.039,0.0
2007-04-12 00:00:00-04:00,4.3406566044880295,4.387884585896009,4.3277764320373535,4.3277764320373535,28300,0.0,0.0
2007-04-13 00:00:00-04:00,4.332068776078173,4.34065541888217,4.293427859827218,4.2977213859558105,13000,0.0,0.0
2007-04-16 00:00:00-04:00,4.314890682440395,4.319184204192194,4.263369649777117,4.280543327331543,19700,0.0,0.0
2007-04-17 00:00:00-04:00,4.267665863037109,4.293426602813339,4.259079222747078,4.267665863037109,18200,0.0,0.0
2007-04-18 00:00:00-04:00,4.289135302610029,4.289135302610029,4.263374958925615,4.276255130767822,21400,0.0,0.0
2007-04-19 00:00:00-04:00,4.276254164766037,4.323481723820988,4.276254164766037,4.2977213859558105,23900,0.0,0.0
2007-04-20 00:00:00-04:00,4.284841775511533,4.289135302610029,4.26766807657083,4.276255130767822,20700,0.0,0.0
2007-04-23 00:00:00-04:00,4.336363368399285,4.336363368399285,4.263375044080145,4.271961688995361,43300,0.0,0.0
2007-04-24 00:00:00-04:00,4.271959773665867,4.306307156833691,4.271959773665867,4.293426990509033,12200,0.0,0.0
2007-04-25 00:00:00-04:00,4.297720825322607,4.302014350891113,4.254786388543812,4.302014350891113,27500,0.0,0.0
2007-04-26 00:00:00-04:00,4.302017836380714,4.323484662709374,4.2805506005985885,4.3148980140686035,16400,0.0,0.0
2007-04-27 00:00:00-04:00,4.2934259581739,4.379294395446777,4.2934259581739,4.379294395446777,25700,0.0,0.0
2007-04-30 00:00:00-04:00,4.379295658572609,4.387882709503174,4.362121966164604,4.387882709503174,12700,0.0,0.0
2007-05-01 00:00:00-04:00,4.357828997935272,4.508099132810217,4.357828997935272,4.383589744567871,48200,0.0,0.0
2007-05-02 00:00:00-04:00,4.426526286082475,4.426526286082475,4.375004768371582,4.375004768371582,22600,0.0,0.0
2007-05-03 00:00:00-04:00,4.379299224516119,4.413646637300288,4.370712576046806,4.396472930908203,20900,0.0,0.0
2007-05-04 00:00:00-04:00,4.392178471124089,4.409352583329968,4.370711649773484,4.375004768371582,10600,0.0,0.0
2007-05-07 00:00:00-04:00,4.379295334278494,4.422229766845703,4.379295334278494,4.422229766845703,17300,0.0,0.0
2007-05-08 00:00:00-04:00,4.400763439171878,4.435110828379893,4.383589744567871,4.383589744567871,14900,0.0,0.0
2007-05-09 00:00:00-04:00,4.387882384573174,4.439403457981968,4.383588859425833,4.422229766845703,17200,0.0,0.0
2007-05-10 00:00:00-04:00,4.430815531664309,4.4394025802612305,4.396468156182649,4.4394025802612305,18500,0.0,0.0
2007-05-11 00:00:00-04:00,4.451901403862474,4.451901403862474,4.430352911997038,4.438972473144531,4200,0.039,0.0
2007-05-14 00:00:00-04:00,4.438973525253031,4.438973525253031,4.421734809875488,4.421734809875488,9900,0.0,0.0
2007-05-15 00:00:00-04:00,4.421735587272013,4.469141960144043,4.421735587272013,4.469141960144043,13000,0.0,0.0
2007-05-16 00:00:00-04:00,4.469142164651661,4.473451947201824,4.421735789610319,4.434664726257324,18500,0.0,0.0
2007-05-17 00:00:00-04:00,4.438972473144531,4.477759676301656,4.438972473144531,4.438972473144531,4500,0.0,0.0
2007-05-18 00:00:00-04:00,4.430356221086294,4.482072393588826,4.426046848297119,4.426046848297119,21500,0.0,0.0
2007-05-21 00:00:00-04:00,4.408807713126004,4.434666004879072,4.408807713126004,4.426046848297119,11500,0.0,0.0
2007-05-22 00:00:00-04:00,4.434663818071359,4.434663818071359,4.352780021404869,4.361399173736572,35300,0.0,0.0
2007-05-23 00:00:00-04:00,4.357089914867047,4.365709479236395,4.318303108215332,4.318303108215332,45700,0.0,0.0
2007-05-24 00:00:00-04:00,4.335541825950577,4.3441609793164755,4.318303108215332,4.318303108215332,12300,0.0,0.0
2007-05-25 00:00:00-04:00,4.309683450762243,4.3312319502167425,4.27520601603642,4.305373668670654,27600,0.0,0.0
2007-05-29 00:00:00-04:00,4.275205762624031,4.318302758978461,4.275205762624031,4.313992977142334,24500,0.0,0.0
2007-05-30 00:00:00-04:00,4.326922544918061,4.326922544918061,4.301064261120207,4.322612762451172,9400,0.0,0.0
2007-05-31 00:00:00-04:00,4.335542109851838,4.335542109851838,4.279516170792719,4.322612762451172,26100,0.0,0.0
2007-06-01 00:00:00-04:00,4.365709857898273,4.391567731242211,4.292445198417971,4.33554220199585,31800,0.0,0.0
2007-06-04 00:00:00-04:00,4.309684355900104,4.344161797867022,4.245039254963014,4.279516696929932,38800,0.0,0.0
2007-06-05 00:00:00-04:00,4.257965629735338,4.288133270545163,4.257965629735338,4.283823490142822,15800,0.0,0.0
2007-06-06 00:00:00-04:00,4.2881345462326195,4.2881345462326195,4.257966896448147,4.275205612182617,11700,0.0,0.0
2007-06-07 00:00:00-04:00,4.266585895926355,4.296753955633199,4.214869750576123,4.2364182472229,22300,0.0,0.0
2007-06-08 00:00:00-04:00,4.20625022101602,4.275205075294422,4.132985585594381,4.219179153442383,39200,0.0,0.0
2007-06-11 00:00:00-04:00,4.18901469518854,4.214872579718509,4.158846615232023,4.180395126342773,13600,0.0,0.0
2007-06-12 00:00:00-04:00,4.180391884860249,4.180391884860249,4.137295307059566,4.163153171539307,42000,0.0,0.0
2007-06-13 00:00:00-04:00,4.153205773351505,4.196468084221139,4.153205773351505,4.166184425354004,13800,0.037,0.0
2007-06-14 00:00:00-04:00,4.153205416653252,4.179162718428906,4.135900411274858,4.144552707672119,26000,0.0,0.0
2007-06-15 00:00:00-04:00,4.13590076648687,4.200794439083275,4.131574411624734,4.166184425354004,18000,0.0,0.0
2007-06-18 00:00:00-04:00,4.157529427293437,4.270012116294179,4.144550782434484,4.15320348739624,34700,0.0,0.0
2007-06-19 00:00:00-04:00,4.148876190185547,4.196464818887879,4.148876190185547,4.148876190185547,18500,0.0,0.0
2007-06-20 00:00:00-04:00,4.161856870518097,4.218098229758262,4.122920513153076,4.122920513153076,28700,0.0,0.0
2007-06-21 00:00:00-04:00,4.1185957596222345,4.196468084221139,4.1185957596222345,4.166184425354004,31600,0.0,0.0
2007-06-22 00:00:00-04:00,4.192140006686135,4.192140006686135,4.092636361249417,4.135899066925049,145800,0.0,0.0
2007-06-25 00:00:00-04:00,4.114265926399783,4.1445495596639566,4.105613223990842,4.1099395751953125,22900,0.0,0.0
2007-06-26 00:00:00-04:00,4.109942554492901,4.131573913612267,4.075332544935459,4.088311195373535,29600,0.0,0.0
2007-06-27 00:00:00-04:00,4.088310119451609,4.135899179506958,4.053700119002492,4.114267826080322,27500,0.0,0.0
2007-06-28 00:00:00-04:00,4.122920119900726,4.122920119900726,4.105615119676168,4.114267826080322,15800,0.0,0.0
2007-06-29 00:00:00-04:00,4.1229213478031586,4.144552707672119,4.1229213478031586,4.144552707672119,15100,0.0,0.0
2007-07-02 00:00:00-04:00,4.1488791707991375,4.153205525402988,4.101290095324552,4.1272478103637695,27600,0.0,0.0
2007-07-03 00:00:00-04:00,4.109940421819629,4.153203117609083,4.109940421819629,4.1315717697143555,6400,0.0,0.0
2007-07-05 00:00:00-04:00,4.131574411624734,4.166184425354004,4.1012903401736915,4.166184425354004,15300,0.0,0.0
2007-07-06 00:00:00-04:00,4.140225007425621,4.157530007179126,4.131572713840738,4.135899066925049,10200,0.0,0.0
2007-07-09 00:00:00-04:00,4.166183224132831,4.174835518778508,4.122920513153076,4.122920513153076,4700,0.0,0.0
2007-07-10 00:00:00-04:00,4.127246866767809,4.15320457587242,4.122920513153076,4.122920513153076,12600,0.0,0.0
2007-07-11 00:00:00-04:00,4.104245270303597,4.169392270455907,4.104245270303597,4.134647369384766,26300,0.037,0.0
2007-07-12 00:00:00-04:00,4.11292988846476,4.125959117071306,4.099900245666504,4.099900245666504,18100,0.0,0.0
2007-07-13 00:00:00-04:00,4.099898036155223,4.117270469665527,4.086868814570367,4.117270469665527,9100,0.0,0.0
2007-07-16 00:00:00-04:00,4.091214035443428,4.134645347641421,4.082527607327154,4.1259589195251465,24600,0.0,0.0
2007-07-17 00:00:00-04:00,4.121617017968554,4.121617017968554,4.052127227676555,4.06515645980835,61800,0.0,0.0
2007-07-18 00:00:00-04:00,4.078183533863017,4.078183533863017,4.039095447930188,4.069497108459473,33300,0.0,0.0
2007-07-19 00:00:00-04:00,4.078186717680836,4.104245185852051,4.065157069403345,4.104245185852051,28700,0.0,0.0
2007-07-20 00:00:00-04:00,4.10424326342615,4.1259589195251465,4.10424326342615,4.1259589195251465,10000,0.0,0.0
2007-07-23 00:00:00-04:00,4.1216180957642985,4.138990547880163,4.073843955993652,4.073843955993652,24500,0.0,0.0
2007-07-24 00:00:00-04:00,4.082525602644918,4.117270469665527,4.082525602644918,4.117270469665527,29500,0.0,0.0
2007-07-25 00:00:00-04:00,4.117271323834153,4.125957749487133,4.056468001029581,4.078183650970459,28600,0.0,0.0
2007-07-26 00:00:00-04:00,4.06081349024869,4.078185937101647,3.99132328864506,3.99566650390625,55000,0.0,0.0
2007-07-27 00:00:00-04:00,4.0086952386450685,4.039097327513446,3.982636778691321,4.01738166809082,63000,0.0,0.0
2007-07-30 00:00:00-04:00,4.034754449251849,4.039097664336909,3.960921449572984,3.9782938957214355,79000,0.0,0.0
2007-07-31 00:00:00-04:00,4.008695275768627,4.013038490531724,3.969607585476023,3.9739503860473633,59100,0.0,0.0
2007-08-01 00:00:00-04:00,3.986979797054602,4.000009026389784,3.9392052658393815,3.969607353210449,68900,0.0,0.0
2007-08-02 00:00:00-04:00,3.9869812563135216,4.004353706516095,3.960922373913719,4.0000104904174805,60600,0.0,0.0
2007-08-03 00:00:00-04:00,4.017381649788853,4.039097309112549,3.9739503311414626,4.039097309112549,35300,0.0,0.0
2007-08-06 00:00:00-04:00,4.039094745816877,4.043437957763672,4.021722312221188,4.043437957763672,29400,0.0,0.0
2007-08-07 00:00:00-04:00,4.052128637240408,4.065157873904521,4.030412966672241,4.034756183624268,19400,0.0,0.0
2007-08-08 00:00:00-04:00,4.034754094409459,4.052126539030065,4.021724864491943,4.039097309112549,15500,0.0,0.0
2007-08-09 00:00:00-04:00,4.03041156466235,4.07384289069076,4.02172554797176,4.06515645980835,17700,0.0,0.0
2007-08-10 00:00:00-04:00,4.039096227520433,4.073841107457636,4.026067001091892,4.052125453948975,31300,0.0,0.0
2007-08-13 00:00:00-04:00,4.085701773929971,4.094422788525755,4.042097948473648,4.08134126663208,19000,0.037,0.0
2007-08-14 00:00:00-04:00,4.07262270402909,4.103145438692775,4.002856215745768,4.015937328338623,39400,0.0,0.0
2007-08-15 00:00:00-04:00,4.0115768188606475,4.037739459887429,3.9897746873118414,4.015937328338623,31000,0.0,0.0
2007-08-16 00:00:00-04:00,4.08134435847406,4.08134435847406,3.97669459909192,4.04646110534668,55800,0.0,0.0
2007-08-17 00:00:00-04:00,4.02901534603893,4.085700678186497,4.01157373736589,4.06389856338501,25800,0.0,0.0
2007-08-20 00:00:00-04:00,4.098781116525039,4.129304238637162,4.076979421097261,4.124943733215332,13200,0.0,0.0
2007-08-21 00:00:00-04:00,4.124943733215332,4.129304238637162,4.090060521522065,4.124943733215332,25900,0.0,0.0
2007-08-22 00:00:00-04:00,4.133666475965323,4.194712336066745,4.124945876431349,4.172910213470459,31000,0.0,0.0
2007-08-23 00:00:00-04:00,4.164189613936485,4.172910213470459,4.129306384118787,4.172910213470459,2700,0.0,0.0
2007-08-24 00:00:00-04:00,4.207796384351265,4.242679638550811,4.199075778721975,4.229598522186279,7600,0.0,0.0
2007-08-27 00:00:00-04:00,4.2165170129729255,4.225237617789726,4.151111021402888,4.203435897827148,17400,0.0,0.0
2007-08-28 00:00:00-04:00,4.194712336066745,4.20343335144162,4.159829106249047,4.172910213470459,13700,0.0,0.0
2007-08-29 00:00:00-04:00,4.1336689800869815,4.203435897827148,4.124948375270181,4.203435897827148,21700,0.0,0.0
2007-08-30 00:00:00-04:00,4.1859883963045394,4.1859883963045394,4.12930308912285,4.133663177490234,32400,0.0,0.0
2007-08-31 00:00:00-04:00,4.155467451817522,4.207792282104492,4.151107361174197,4.207792282104492,25200,0.0,0.0
2007-09-04 00:00:00-04:00,4.220875136229758,4.225235228251776,4.177270889282227,4.177270889282227,23200,0.0,0.0
2007-09-05 00:00:00-04:00,4.164188861846924,4.164188861846924,4.1249451314295555,4.164188861846924,24600,0.0,0.0
2007-09-06 00:00:00-04:00,4.164187567638408,4.181629173976384,4.151106466845101,4.155466556549072,28600,0.0,0.0
2007-09-07 00:00:00-04:00,4.155466439486769,4.177268550755232,4.124943733215332,4.124943733215332,36500,0.0,0.0
2007-09-10 00:00:00-04:00,4.1205862518762215,4.251398599649004,4.1162257432542315,4.238317489624023,37300,0.0,0.0
2007-09-11 00:00:00-04:00,4.225235963758052,4.273200726917967,4.225235963758052,4.238317489624023,8400,0.0,0.0
2007-09-12 00:00:00-04:00,4.267643727903089,4.280774822493169,4.228250026702881,4.228250026702881,40700,0.037,0.0
2007-09-13 00:00:00-04:00,4.245759490854036,4.289530375087309,4.162595311726924,4.210742950439453,22100,0.0,0.0
2007-09-14 00:00:00-04:00,4.193232238542578,4.228248758567289,4.162592887878418,4.162592887878418,13200,0.0,0.0
2007-09-17 00:00:00-04:00,4.188855756304838,4.201987266540527,4.166970740771849,4.201987266540527,9000,0.0,0.0
2007-09-18 00:00:00-04:00,4.201985442160692,4.23700195272622,4.158214595238915,4.193231105804443,22900,0.0,0.0
2007-09-19 00:00:00-04:00,4.223874435544126,4.228251607854316,4.16259569292197,4.2194976806640625,21900,0.0,0.0
2007-09-20 00:00:00-04:00,4.219493357848423,4.219493357848423,4.11444341717678,4.127574920654297,33700,0.0,0.0
2007-09-21 00:00:00-04:00,4.127578303098407,4.14070939990682,4.1013156920515375,4.1056928634643555,23600,0.0,0.0
2007-09-24 00:00:00-04:00,4.105692233481946,4.123200499016689,4.061921360930101,4.079429626464844,33600,0.0,0.0
2007-09-25 00:00:00-04:00,4.0794258923682305,4.088180225837324,4.0575408935546875,4.0575408935546875,37800,0.0,0.0
2007-09-26 00:00:00-04:00,4.079427384971189,4.079427384971189,4.053165209814153,4.07067346572876,36000,0.0,0.0
2007-09-27 00:00:00-04:00,4.057547722114205,4.08818710596071,4.026907920837402,4.026907920837402,40600,0.0,0.0
2007-09-28 00:00:00-04:00,4.0356591307770655,4.101315021514893,4.0356591307770655,4.101315021514893,28700,0.0,0.0
2007-10-01 00:00:00-04:00,4.114445305604757,4.140707907183973,4.061920519876216,4.092560291290283,33600,0.0,0.0
2007-10-02 00:00:00-04:00,4.066298531671281,4.110069404223126,4.066298531671281,4.079429626464844,32700,0.0,0.0
2007-10-03 00:00:00-04:00,4.057543767471255,4.101314213530094,4.0356583357268905,4.092560291290283,45400,0.0,0.0
2007-10-04 00:00:00-04:00,4.075049143063279,4.088180225837324,4.044409393351048,4.0575408935546875,46100,0.0,0.0
2007-10-05 00:00:00-04:00,4.04878764919788,4.075050239240127,4.009393972849364,4.06191873550415,56600,0.0,0.0
2007-10-08 00:00:00-04:00,4.0444104812858885,4.070673071328135,4.040033313373896,4.06191873550415,26800,0.0,0.0
2007-10-09 00:00:00-04:00,4.061919129056582,4.088181721643367,4.053165209814153,4.07067346572876,12400,0.0,0.0
2007-10-10 00:00:00-04:00,4.061920519876216,4.110068553199797,4.044412257966703,4.092560291290283,26000,0.0,0.0
2007-10-11 00:00:00-04:00,4.086847987095098,4.095636689391245,4.042903218349238,4.064875602722168,24000,0.037,0.0
2007-10-12 00:00:00-04:00,4.047297160827449,4.113213884789257,4.047297160827449,4.078058242797852,48900,0.0,0.0
2007-10-15 00:00:00-04:00,4.064874981823151,4.086847362839858,4.064874981823151,4.078058242797852,16100,0.0,0.0
2007-10-16 00:00:00-04:00,4.064873835718329,4.08684621053985,4.051690578460693,4.051690578460693,10400,0.0,0.0
2007-10-17 00:00:00-04:00,4.034113041117274,4.095635191961953,4.034113041117274,4.073663234710693,31100,0.0,0.0
2007-10-18 00:00:00-04:00,4.051692339733759,4.086847987095098,4.047297779041499,4.064875602722168,18000,0.0,0.0
2007-10-19 00:00:00-04:00,4.064875632196293,4.073664753644544,4.03411454530417,4.060481071472168,13800,0.0,0.0
2007-10-22 00:00:00-04:00,4.069270192920419,4.078058895280292,4.060481071472168,4.060481071472168,20200,0.0,0.0
2007-10-23 00:00:00-04:00,4.047296326970913,4.073663262576294,4.047296326970913,4.069268703460693,10600,0.0,0.0
2007-10-24 00:00:00-04:00,4.047297029513432,4.05608573018198,4.034113768966462,4.04290246963501,23700,0.0,0.0
2007-10-25 00:00:00-04:00,4.042901740200133,4.073663234710693,4.034113041117274,4.073663234710693,17900,0.0,0.0
2007-10-26 00:00:00-04:00,4.078057374708012,4.091241051964633,4.042901740200133,4.073663234710693,16900,0.0,0.0
2007-10-29 00:00:00-04:00,4.082450876616291,4.130789756774902,4.056083948019159,4.130789756774902,27100,0.0,0.0
2007-10-30 00:00:00-04:00,4.1263971896162985,4.1703415285653005,4.082452431579025,4.117608070373535,32000,0.0,0.0
2007-10-31 00:00:00-04:00,4.13078936396648,4.148367174997007,4.0912396034638485,4.126395225524902,21700,0.0,0.0
2007-11-01 00:00:00-04:00,4.161552707071237,4.1967083448407045,4.130791209706758,4.183525085449219,63800,0.0,0.0
2007-11-02 00:00:00-04:00,4.192312856997073,4.192312856997073,4.170340483484678,4.179129600524902,27500,0.0,0.0
2007-11-05 00:00:00-05:00,4.170341321338259,4.214286077191888,4.170341321338259,4.1879191398620605,20300,0.0,0.0
2007-11-06 00:00:00-05:00,3.994561578290482,4.218678991383236,3.994561578290482,4.161550998687744,61500,0.0,0.0
2007-11-07 00:00:00-05:00,4.108817100524902,4.143972719899589,4.091239290837558,4.108817100524902,8000,0.0,0.0
2007-11-08 00:00:00-05:00,4.130792366704666,4.130792366704666,4.060481071472168,4.060481071472168,22000,0.0,0.0
2007-11-09 00:00:00-05:00,4.051693324620847,4.051693324620847,3.9901707172393803,3.99017071723938,53100,0.0,0.0
2007-11-12 00:00:00-05:00,3.9901708060842616,4.007748634429142,3.9681984158810395,4.003354072570801,44300,0.0,0.0
2007-11-13 00:00:00-05:00,4.00643985659927,4.112336845218413,4.00643985659927,4.050563812255859,61400,0.037,0.0
2007-11-14 00:00:00-05:00,4.059389578647364,4.1344000734717135,4.0108535493834605,4.0991010665893555,82500,0.0,0.0
2007-11-15 00:00:00-05:00,4.05938846633128,4.094687463541333,4.032914428822359,4.054975986480713,58300,0.0,0.0
2007-11-16 00:00:00-05:00,4.094689243861109,4.094689243861109,4.037328243255615,4.037328243255615,22600,0.0,0.0
2007-11-19 00:00:00-05:00,4.037323013751417,4.072621980586641,3.931426113245745,4.0108489990234375,29600,0.0,0.0
2007-11-20 00:00:00-05:00,4.006436522969815,4.046147965858661,3.975550032188213,4.0108489990234375,19300,0.0,0.0
2007-11-21 00:00:00-05:00,3.9711429167886707,4.0152668952941895,3.9711429167886707,4.0152668952941895,17300,0.0,0.0
2007-11-23 00:00:00-05:00,4.019679404994397,4.041741396708679,3.993205351575253,4.002029895782471,7600,0.0,0.0
2007-11-26 00:00:00-05:00,3.9932032509190893,4.028502250773625,3.9667287906295523,3.9755537509918213,32600,0.0,0.0
2007-11-27 00:00:00-05:00,3.9667302870141916,3.988792275445121,3.931431273843676,3.9711427688598633,31800,0.0,0.0
2007-11-28 00:00:00-05:00,3.9755546032147326,4.010853610636168,3.9402555957932974,3.9667296409606934,58500,0.0,0.0
2007-11-29 00:00:00-05:00,3.9358419985643147,3.9887904946816573,3.9358419985643147,3.9623160362243652,71200,0.0,0.0
2007-11-30 00:00:00-05:00,3.9711408427038264,3.9887903407283987,3.9534913446792537,3.984377861022949,23100,0.0,0.0
2007-12-03 00:00:00-05:00,3.984379144671411,4.041740136930583,3.9667296409606934,3.9667296409606934,56300,0.0,0.0
2007-12-04 00:00:00-05:00,3.979966686765542,4.006440729288331,3.9314302408115647,3.9887912273406982,90100,0.0,0.0
2007-12-05 00:00:00-05:00,3.988791397528207,4.00644090022888,3.9755543757020364,3.99320387840271,30800,0.0,0.0
2007-12-06 00:00:00-05:00,3.993202499662435,4.041738510131836,3.96672804435364,4.041738510131836,73300,0.0,0.0
2007-12-07 00:00:00-05:00,4.024091438516826,4.054977970992223,4.010854413284148,4.0152668952941895,55700,0.0,0.0
2007-12-10 00:00:00-05:00,4.0064395169182365,4.072625023994438,4.0064395169182365,4.041738510131836,45600,0.0,0.0
2007-12-11 00:00:00-05:00,4.063800156836725,4.077037173020051,4.015264150299757,4.019676208496094,91700,0.0,0.0
2007-12-12 00:00:00-05:00,4.0081343649730785,4.074714925991658,4.0081343649730785,4.034766674041748,32100,0.054,0.0
2007-12-13 00:00:00-05:00,4.03477090777763,4.04808686463147,3.9726290702819824,3.9726290702819824,56100,0.0,0.0
2007-12-14 00:00:00-05:00,3.9859421879353207,4.030329243573249,3.941555555603728,3.959310293197632,74900,0.0,0.0
2007-12-17 00:00:00-05:00,3.950434019199203,3.9859435061303867,3.937118067426628,3.968188762664795,43500,0.0,0.0
2007-12-18 00:00:00-05:00,3.945995650812661,3.9726275543578113,3.9326792757336113,3.968188762664795,86600,0.0,0.0
2007-12-19 00:00:00-05:00,3.9593119021297376,3.9593119021297376,3.9104864597320557,3.9104864597320557,72100,0.0,0.0
2007-12-20 00:00:00-05:00,3.9104872897267304,3.9326804079683537,3.892732541149474,3.9193644523620605,80300,0.0,0.0
2007-12-21 00:00:00-05:00,3.9193629705481,3.9326789211199626,3.8971694373907053,3.9016082286834717,63400,0.0,0.0
2007-12-24 00:00:00-05:00,3.9016077926195276,3.9593108030569915,3.8971690018228635,3.9459948539733887,83600,0.0,0.0
2007-12-26 00:00:00-05:00,3.9593133091396853,4.003700398588751,3.9548745155334473,3.9548745155334473,56700,0.0,0.0
2007-12-27 00:00:00-05:00,3.9770679473876953,4.012577448616516,3.9548744032930214,3.9770679473876953,39700,0.0,0.0
2007-12-28 00:00:00-05:00,3.994821924847326,4.079156868116993,3.9903831322261425,4.048086166381836,68400,0.0,0.0
2007-12-31 00:00:00-05:00,3.9992604352535452,4.06140183433874,3.9992604352535452,4.030331134796143,62300,0.0,0.0
2008-01-02 00:00:00-05:00,4.012574394993836,4.083593343405109,4.00813560489155,4.052522659301758,27400,0.0,0.0
2008-01-03 00:00:00-05:00,4.092470170334008,4.212314517892443,4.0702766472139285,4.207875728607178,60400,0.0,0.0
2008-01-04 00:00:00-05:00,4.194560748796525,4.265579700469971,4.185683591490516,4.265579700469971,68400,0.0,0.0
2008-01-07 00:00:00-05:00,4.26558159794191,4.26558159794191,4.21231736049313,4.234510898590088,20100,0.0,0.0
2008-01-08 00:00:00-05:00,4.221194198369473,4.221194198369473,4.141297644675901,4.190123081207275,64900,0.0,0.0
2008-01-09 00:00:00-05:00,4.185684493940901,4.234509927916768,4.1368586366586,4.203439235687256,59400,0.0,0.0
2008-01-10 00:00:00-05:00,4.18124582002674,4.305529015739303,4.172368237251192,4.27001953125,58300,0.0,0.0
2008-01-11 00:00:00-05:00,4.277597147410742,4.339978498036035,4.250861979327703,4.308787822723389,16400,0.037,0.0
2008-01-14 00:00:00-05:00,4.299875763874757,4.339978301714717,4.299875763874757,4.322154998779297,20100,0.0,0.0
2008-01-15 00:00:00-05:00,4.335521809847783,4.344433672635128,4.299875208580416,4.339977741241455,24000,0.0,0.0
2008-01-16 00:00:00-05:00,4.3488896040288,4.3488896040288,4.313243002761434,4.339977741241455,14400,0.0,0.0
2008-01-17 00:00:00-05:00,4.322153838440776,4.331065699986511,4.290963172912598,4.290963172912598,23800,0.0,0.0
2008-01-18 00:00:00-05:00,4.2820517244037415,4.317698324143176,4.246405124664307,4.246405124664307,27400,0.0,0.0
2008-01-22 00:00:00-05:00,4.1884810881800885,4.277598050646994,4.1884810881800885,4.264230251312256,44000,0.0,0.0
2008-01-23 00:00:00-05:00,4.264229350898683,4.308787822723389,4.2330386755860365,4.308787822723389,17100,0.0,0.0
2008-01-24 00:00:00-05:00,4.264228455971504,4.308786918444793,4.237493718440324,4.268684387207031,26000,0.0,0.0
2008-01-25 00:00:00-05:00,4.273137344292787,4.277593272426941,4.237490769100955,4.241946697235107,13700,0.0,0.0
2008-01-28 00:00:00-05:00,4.233037583993033,4.264228251262398,4.233037583993033,4.237493515014648,9100,0.0,0.0
2008-01-29 00:00:00-05:00,4.277593272426941,4.277593272426941,4.237490769100955,4.241946697235107,6100,0.0,0.0
2008-01-30 00:00:00-05:00,4.255316814160138,4.322154079720482,4.237493515014648,4.237493515014648,74000,0.0,0.0
2008-01-31 00:00:00-05:00,4.25977250738442,4.322153838440776,4.250860645838684,4.290963172912598,18000,0.0,0.0
2008-02-01 00:00:00-05:00,4.331065699986511,4.331065699986511,4.273139874762075,4.290963172912598,22300,0.0,0.0
2008-02-04 00:00:00-05:00,4.331064038050802,4.344431400299072,4.313240746739514,4.344431400299072,18600,0.0,0.0
2008-02-05 00:00:00-05:00,4.335522231532069,4.393448070460811,4.335522231532069,4.380080699920654,32100,0.0,0.0
2008-02-06 00:00:00-05:00,4.393445345169917,4.393445345169917,4.331064038050802,4.344431400299072,37100,0.0,0.0
2008-02-07 00:00:00-05:00,4.3266109307484175,4.371169400557497,4.322154998779297,4.322154998779297,20200,0.0,0.0
2008-02-08 00:00:00-05:00,4.299874151817088,4.339976674622286,4.299874151817088,4.3355207443237305,1700,0.0,0.0
2008-02-11 00:00:00-05:00,4.335520131373891,4.384534507846616,4.317696837640402,4.348887920379639,13900,0.0,0.0
2008-02-12 00:00:00-05:00,4.357804476204885,4.357804476204885,4.259776457935508,4.2998785972595215,44500,0.0,0.0
2008-02-13 00:00:00-05:00,4.298531402557309,4.298531402557309,4.133031279369143,4.146450519561768,43000,0.037,0.0
2008-02-14 00:00:00-05:00,4.146452540890898,4.155398278803825,4.083830669194004,4.11514139175415,106000,0.0,0.0
2008-02-15 00:00:00-05:00,4.146450790381691,4.267220973968506,4.079355864765531,4.267220973968506,104200,0.0,0.0
2008-02-19 00:00:00-05:00,4.209073339550752,4.428249216962338,4.209073339550752,4.34773588180542,56100,0.0,0.0
2008-02-20 00:00:00-05:00,4.343263255336117,4.343263255336117,4.213546862605238,4.235911846160889,35000,0.0,0.0
2008-02-21 00:00:00-05:00,4.280639449522693,4.338788209821947,4.231436849227812,4.2538018226623535,45900,0.0,0.0
2008-02-22 00:00:00-05:00,4.253802896623928,4.253802896623928,4.1419784277951806,4.204599857330322,80600,0.0,0.0
2008-02-25 00:00:00-05:00,4.168816677313337,4.209073560291294,4.168816677313337,4.191181659698486,34000,0.0,0.0
2008-02-26 00:00:00-05:00,4.204600445190704,4.226965427398682,4.191181626496539,4.226965427398682,16600,0.0,0.0
2008-02-27 00:00:00-05:00,4.19118416879518,4.235914160343562,4.182238426431592,4.195657253265381,18500,0.0,0.0
2008-02-28 00:00:00-05:00,4.182235318910148,4.231437931792958,4.182235318910148,4.186707973480225,25000,0.0,0.0
2008-02-29 00:00:00-05:00,4.146450519561768,4.186706960410462,4.1240855458171195,4.146450519561768,44800,0.0,0.0
2008-03-03 00:00:00-05:00,4.097245009644381,4.231434344235697,4.097245009644381,4.213542461395264,28300,0.0,0.0
2008-03-04 00:00:00-05:00,4.276165831831652,4.280638484248877,4.1911790372599915,4.271692752838135,39500,0.0,0.0
2008-03-05 00:00:00-05:00,4.271696399324401,4.338790935196498,4.258277577465312,4.303007125854492,33700,0.0,0.0
2008-03-06 00:00:00-05:00,4.329845594227699,4.329845594227699,4.1956560835697,4.262750625610352,30600,0.0,0.0
2008-03-07 00:00:00-05:00,4.226963596504754,4.338788032531738,4.195652890921636,4.338788032531738,27000,0.0,0.0
2008-03-10 00:00:00-04:00,4.316426930416597,4.383521908140586,4.258278546929927,4.379048824310303,34800,0.0,0.0
2008-03-11 00:00:00-04:00,4.405883401753058,4.405883401753058,4.343261557590915,4.3924641609191895,26800,0.0,0.0
2008-03-12 00:00:00-04:00,4.4405066343654305,4.4405066343654305,4.305809688862444,4.355198383331299,34800,0.037,0.0
2008-03-13 00:00:00-04:00,4.400097717675481,4.404587715983931,4.296829897530188,4.386628150939941,18700,0.0,0.0
2008-03-14 00:00:00-04:00,4.400096171727339,4.409075736999512,4.368666622800591,4.409075736999512,12600,0.0,0.0
2008-03-17 00:00:00-04:00,4.42254635326863,4.42254635326863,4.33723811606324,4.4045867919921875,39200,0.0,0.0
2008-03-18 00:00:00-04:00,4.404588250008766,4.449486953967483,4.404588250008766,4.422547817230225,21100,0.0,0.0
2008-03-19 00:00:00-04:00,4.427037010461664,4.427037010461664,4.3956078775510985,4.418057441711426,14900,0.0,0.0
2008-03-20 00:00:00-04:00,4.418057441711426,4.431527008931694,4.3956078775510985,4.418057441711426,46800,0.0,0.0
2008-03-24 00:00:00-04:00,4.4000967946256475,4.409076361169011,4.3596876747062225,4.4045867919921875,25300,0.0,0.0
2008-03-25 00:00:00-04:00,4.404586477149048,4.436015600088817,4.368666928974003,4.3776469230651855,41200,0.0,0.0
2008-03-26 00:00:00-04:00,4.382138729095459,4.409077866110344,4.359689162789813,4.382138729095459,27300,0.0,0.0
2008-03-27 00:00:00-04:00,4.413565022631992,4.413565022631992,4.350706363095724,4.400095462799072,25000,0.0,0.0
2008-03-28 00:00:00-04:00,4.413567073988919,4.413567073988919,4.355198383331299,4.355198383331299,30300,0.0,0.0
2008-03-31 00:00:00-04:00,4.377650718599979,4.400100295102605,4.314791990030635,4.359691143035889,32100,0.0,0.0
2008-04-01 00:00:00-04:00,4.391118271215141,4.395608270086135,4.359689135497902,4.3641791343688965,18200,0.0,0.0
2008-04-02 00:00:00-04:00,4.3551991638907115,4.409077866110344,4.3551991638907115,4.382138729095459,62500,0.0,0.0
2008-04-03 00:00:00-04:00,4.413566043050546,4.418056040096137,4.368666928974003,4.3776469230651855,34400,0.0,0.0
2008-04-04 00:00:00-04:00,4.413565733730427,4.422545727192256,4.37764661626242,4.409075736999512,20500,0.0,0.0
2008-04-07 00:00:00-04:00,4.427035295733515,4.427035295733515,4.391116178265508,4.409075736999512,5400,0.0,0.0
2008-04-08 00:00:00-04:00,4.431525737365887,4.431525737365887,4.391116619110107,4.391116619110107,38200,0.0,0.0
2008-04-09 00:00:00-04:00,4.422545014646995,4.4539741303203355,4.3956054667915705,4.400095462799072,32600,0.0,0.0
2008-04-10 00:00:00-04:00,4.440508842468262,4.444998414605359,4.404589696231491,4.440508842468262,16700,0.0,0.0
2008-04-11 00:00:00-04:00,4.439154896173481,4.452675044025809,4.403100882035438,4.434648036956787,16200,0.037,0.0
2008-04-14 00:00:00-04:00,4.398595799294605,4.452676842343564,4.398595799294605,4.443663120269775,7000,0.0,0.0
2008-04-15 00:00:00-04:00,4.448171341168066,4.452678203582764,4.403104006415249,4.452678203582764,19400,0.0,0.0
2008-04-16 00:00:00-04:00,4.443663509178999,4.443663509178999,4.330994552183404,4.362542152404785,138300,0.0,0.0
2008-04-17 00:00:00-04:00,4.376058882274474,4.403099599902933,4.376058882274474,4.394085884094238,26300,0.0,0.0
2008-04-18 00:00:00-04:00,4.371551513671875,4.398592228141353,4.3445112289999726,4.371551513671875,25600,0.0,0.0
2008-04-21 00:00:00-04:00,4.398592948913574,4.403099807029929,4.3535252273453136,4.398592948913574,23400,0.0,0.0
2008-04-22 00:00:00-04:00,4.412114201825756,4.412114201825756,4.358033180236816,4.358033180236816,26200,0.0,0.0
2008-04-23 00:00:00-04:00,4.36254143153489,4.376061583796851,4.312966823577881,4.312966823577881,37100,0.0,0.0
2008-04-24 00:00:00-04:00,4.303953822829816,4.335500990172064,4.303953822829816,4.330994129180908,17900,0.0,0.0
2008-04-25 00:00:00-04:00,4.3445112289999726,4.371551513671875,4.335497514244288,4.371551513671875,21800,0.0,0.0
2008-04-28 00:00:00-04:00,4.371551513671875,4.385071656007826,4.367044656294032,4.371551513671875,16000,0.0,0.0
2008-04-29 00:00:00-04:00,4.389583493610474,4.389583493610474,4.353529453277588,4.353529453277588,12700,0.0,0.0
2008-04-30 00:00:00-04:00,4.3715575530158866,4.3715575530158866,4.326490206369267,4.344517230987549,26300,0.0,0.0
2008-05-01 00:00:00-04:00,4.371553328184613,4.371553328184613,4.326486025092707,4.358033180236816,24800,0.0,0.0
2008-05-02 00:00:00-04:00,4.3625404919868975,4.3625404919868975,4.3354997634887695,4.3354997634887695,24100,0.0,0.0
2008-05-05 00:00:00-04:00,4.335502433111145,4.353529453277588,4.3309955706200185,4.353529453277588,9000,0.0,0.0
2008-05-06 00:00:00-04:00,4.335499313791987,4.358033180236816,4.335499313791987,4.358033180236816,20300,0.0,0.0
2008-05-07 00:00:00-04:00,4.353530528397605,4.353530528397605,4.312969615556929,4.344517230987549,35900,0.0,0.0
2008-05-08 00:00:00-04:00,4.3309955706200185,4.353529453277588,4.317475412944702,4.353529453277588,25900,0.0,0.0
2008-05-09 00:00:00-04:00,4.353532114727515,4.362545845220143,4.326491782846284,4.349025249481201,18100,0.0,0.0
2008-05-12 00:00:00-04:00,4.358034156006146,4.380568027496338,4.34451400503117,4.380568027496338,24400,0.0,0.0
2008-05-13 00:00:00-04:00,4.388254564681912,4.433494475927612,4.388254564681912,4.415398597717285,31500,0.037,0.0
2008-05-14 00:00:00-04:00,4.424451758297442,4.428975841269597,4.39730812334511,4.406355857849121,18800,0.0,0.0
2008-05-15 00:00:00-04:00,4.424444509402407,4.44706445576295,4.401824563041863,4.433492660522461,19300,0.0,0.0
2008-05-16 00:00:00-04:00,4.447070373954819,4.447070373954819,4.410878584189503,4.424450397491455,17200,0.0,0.0
2008-05-19 00:00:00-04:00,4.447068911760272,4.456117071946653,4.406353053801609,4.438021183013916,25200,0.0,0.0
2008-05-20 00:00:00-04:00,4.442545229307784,4.442545229307784,4.419925689697266,4.419925689697266,15900,0.0,0.0
2008-05-21 00:00:00-04:00,4.4199236489950176,4.451591334980655,4.401827335357666,4.401827335357666,35700,0.0,0.0
2008-05-22 00:00:00-04:00,4.39730812334511,4.406355857849121,4.388259957400799,4.406355857849121,23200,0.0,0.0
2008-05-23 00:00:00-04:00,4.419928799874292,4.428976535797119,4.410880632511098,4.428976535797119,19400,0.0,0.0
2008-05-27 00:00:00-04:00,4.424452452115522,4.428976535797119,4.424452452115522,4.428976535797119,6900,0.0,0.0
2008-05-28 00:00:00-04:00,4.424449338755331,4.4334974997515895,4.410877528701008,4.419925689697266,16700,0.0,0.0
2008-05-29 00:00:00-04:00,4.419926747350915,4.4334985606528665,4.388258607726139,4.424450397491455,48200,0.0,0.0
2008-05-30 00:00:00-04:00,4.424449338755331,4.4334974997515895,4.392781638148555,4.419925689697266,11100,0.0,0.0
2008-06-02 00:00:00-04:00,4.428974554113362,4.442546367645264,4.419926822238818,4.442546367645264,20000,0.0,0.0
2008-06-03 00:00:00-04:00,4.447071488309334,4.447071488309334,4.388259707343501,4.397307872772217,30600,0.0,0.0
2008-06-04 00:00:00-04:00,4.4108769949859346,4.419925154887367,4.379209298210942,4.388257026672363,35300,0.0,0.0
2008-06-05 00:00:00-04:00,4.3882555315695155,4.406351413767004,4.374683727781366,4.401827335357666,28000,0.0,0.0
2008-06-06 00:00:00-04:00,4.397305186573796,4.406352915035218,4.379209298210942,4.388257026672363,14800,0.0,0.0
2008-06-09 00:00:00-04:00,4.410879689475017,4.410879689475017,4.3792119733550585,4.397307872772217,14500,0.0,0.0
2008-06-10 00:00:00-04:00,4.419931195163344,4.419931195163344,4.36564302444458,4.36564302444458,23800,0.0,0.0
2008-06-11 00:00:00-04:00,4.41423125487166,4.418772315770271,4.359734626181973,4.396065711975098,22600,0.037,0.0
2008-06-12 00:00:00-04:00,4.382440276313269,4.405147308267865,4.323402599572174,4.355192184448242,36600,0.0,0.0
2008-06-13 00:00:00-04:00,4.359734010331743,4.359734010331743,4.300695895982385,4.341568470001221,22800,0.0,0.0
2008-06-16 00:00:00-04:00,4.341568232163366,4.368816324616135,4.264364581712822,4.309778213500977,39200,0.0,0.0
2008-06-17 00:00:00-04:00,4.309776285797851,4.323400759030818,4.24619714311238,4.268903732299805,22000,0.0,0.0
2008-06-18 00:00:00-04:00,4.277986714455116,4.300693736742967,4.268903732299805,4.268903732299805,16600,0.0,0.0
2008-06-19 00:00:00-04:00,4.291612674165591,4.327943752836362,4.277988627939207,4.309778213500977,21500,0.0,0.0
2008-06-20 00:00:00-04:00,4.2825289849832116,4.327942604724085,4.250738974754043,4.318860054016113,16300,0.0,0.0
2008-06-23 00:00:00-04:00,4.291612674165591,4.318861199718979,4.259823088603821,4.309778213500977,8000,0.0,0.0
2008-06-24 00:00:00-04:00,4.2825289849832116,4.350649631144775,4.250738974754043,4.318860054016113,30500,0.0,0.0
2008-06-25 00:00:00-04:00,4.332484096628325,4.332484096628325,4.2825289849832116,4.318860054016113,27400,0.0,0.0
2008-06-26 00:00:00-04:00,4.359735559870067,4.359735559870067,4.273448887806573,4.29615592956543,21400,0.0,0.0
2008-06-27 00:00:00-04:00,4.287071181056589,4.309778213500977,4.287071181056589,4.309778213500977,10500,0.0,0.0
2008-06-30 00:00:00-04:00,4.355191123049015,4.355191123049015,4.277987493078972,4.318860054016113,28200,0.0,0.0
2008-07-01 00:00:00-04:00,4.355192278389751,4.355192278389751,4.309778213500977,4.309778213500977,19200,0.0,0.0
2008-07-02 00:00:00-04:00,4.350651547408165,4.382441138538692,4.291613425950977,4.359734535217285,43300,0.0,0.0
2008-07-03 00:00:00-04:00,4.323402929670698,4.35065102361616,4.318861436312907,4.341568470001221,49100,0.0,0.0
2008-07-07 00:00:00-04:00,4.318864579514907,4.346112693291118,4.318864579514907,4.32794713973999,16200,0.0,0.0
2008-07-08 00:00:00-04:00,4.341568992699742,4.359734535217285,4.332486004890622,4.359734535217285,7300,0.0,0.0
2008-07-09 00:00:00-04:00,4.36427706779936,4.382442616442925,4.3551945100279985,4.377901554107666,24100,0.0,0.0
2008-07-10 00:00:00-04:00,4.35064919706092,4.418769836425781,4.35064919706092,4.418769836425781,26800,0.0,0.0
2008-07-11 00:00:00-04:00,4.4082872015625,4.440198138105651,4.198585829806283,4.390052318572998,32200,0.037,0.0
2008-07-14 00:00:00-04:00,4.362697694620134,4.390050223427379,4.353580474853516,4.353580474853516,20700,0.0,0.0
2008-07-15 00:00:00-04:00,4.2760832577619805,4.298876965211631,4.262407207193714,4.271524429321289,30500,0.0,0.0
2008-07-16 00:00:00-04:00,4.239613709568016,4.285200691969667,4.22137882965659,4.276083469390869,28800,0.0,0.0
2008-07-17 00:00:00-04:00,4.239614069182444,4.317112424068064,4.239614069182444,4.2624077796936035,23700,0.0,0.0
2008-07-18 00:00:00-04:00,4.244172538234331,4.285200691969667,4.239613709568016,4.276083469390869,21700,0.0,0.0
2008-07-21 00:00:00-04:00,4.330788011988701,4.330788011988701,4.276083373481407,4.285200595855713,17900,0.0,0.0
2008-07-22 00:00:00-04:00,4.285200753033463,4.298877239227295,4.2806423590560225,4.298877239227295,13000,0.0,0.0
2008-07-23 00:00:00-04:00,4.367258432097613,4.367258432097613,4.280642850037882,4.321671009063721,16700,0.0,0.0
2008-07-24 00:00:00-04:00,4.3216727984493675,4.339908123016357,4.289761849965269,4.339908123016357,24600,0.0,0.0
2008-07-25 00:00:00-04:00,4.353580474853516,4.353580474853516,4.317110726279652,4.353580474853516,10200,0.0,0.0
2008-07-28 00:00:00-04:00,4.349024881980752,4.362700939178467,4.330789994132461,4.362700939178467,22100,0.0,0.0
2008-07-29 00:00:00-04:00,4.321670802667769,4.3672582235244795,4.31711240838519,4.349023342132568,30400,0.0,0.0
2008-07-30 00:00:00-04:00,4.3763747215271,4.380933114601359,4.3763747215271,4.3763747215271,16000,0.0,0.0
2008-07-31 00:00:00-04:00,4.39005205264572,4.399169276211243,4.3672583416010955,4.39461088180542,18000,0.0,0.0
2008-08-01 00:00:00-04:00,4.399170341486884,4.412846832277799,4.376377059676658,4.40828800201416,23200,0.0,0.0
2008-08-04 00:00:00-04:00,4.412843924974468,4.412843924974468,4.353580474853516,4.353580474853516,18500,0.0,0.0
2008-08-05 00:00:00-04:00,4.399168460740037,4.403727289054669,4.34446382522583,4.34446382522583,15600,0.0,0.0
2008-08-06 00:00:00-04:00,4.344464513096124,4.353582171169013,4.330788460740657,4.349023342132568,20000,0.0,0.0
2008-08-07 00:00:00-04:00,4.353582171169013,4.353582171169013,4.330788460740657,4.349023342132568,10700,0.0,0.0
2008-08-08 00:00:00-04:00,4.335347496826221,4.371817261351779,4.317112614563441,4.321671009063721,22700,0.0,0.0
2008-08-11 00:00:00-04:00,4.358143012829281,4.358143012829281,4.330790460732863,4.339908123016357,7100,0.0,0.0
2008-08-12 00:00:00-04:00,4.339904427826741,4.358139302113673,4.32622794604627,4.353580474853516,17900,0.0,0.0
2008-08-13 00:00:00-04:00,4.35221123387511,4.35221123387511,4.306446483806801,4.343058109283447,7800,0.037,0.0
2008-08-14 00:00:00-04:00,4.311021663000247,4.40255069732666,4.288139295307428,4.40255069732666,25700,0.0,0.0
2008-08-15 00:00:00-04:00,4.347634436486796,4.370516810283617,4.320175500641615,4.352210998535156,9400,0.0,0.0
2008-08-18 00:00:00-04:00,4.384244947422943,4.384244947422943,4.3155982798974675,4.365939140319824,23900,0.0,0.0
2008-08-19 00:00:00-04:00,4.365941404721819,4.365941404721819,4.3247532082662685,4.361364841461182,10200,0.0,0.0
2008-08-20 00:00:00-04:00,4.361363378994034,4.4117046850902435,4.324751758075854,4.379669189453125,39600,0.0,0.0
2008-08-21 00:00:00-04:00,4.402552162291323,4.41170528699213,4.379669786984314,4.384246349334717,10900,0.0,0.0
2008-08-22 00:00:00-04:00,4.40712843378054,4.40712843378054,4.2606819397928515,4.352210998535156,33600,0.0,0.0
2008-08-25 00:00:00-04:00,4.356787796170941,4.402552109794248,4.343058109283447,4.343058109283447,10300,0.0,0.0
2008-08-26 00:00:00-04:00,4.3293310396163855,4.356789990778025,4.3293310396163855,4.333907604217529,16600,0.0,0.0
2008-08-27 00:00:00-04:00,4.37051248550415,4.375089043023842,4.3293243407160205,4.37051248550415,34000,0.0,0.0
2008-08-28 00:00:00-04:00,4.37051777611677,4.41170597076416,4.352211960322939,4.41170597076416,19400,0.0,0.0
2008-08-29 00:00:00-04:00,4.43000926938552,4.43000926938552,4.365938732290047,4.4071269035339355,22200,0.0,0.0
2008-09-02 00:00:00-04:00,4.425433065019479,4.425433065019479,4.356786398385885,4.40255069732666,7500,0.0,0.0
2008-09-03 00:00:00-04:00,4.41627860947257,4.434584410808773,4.402549367581601,4.425431728363037,11200,0.0,0.0
2008-09-04 00:00:00-04:00,4.425434434558435,4.443740247088816,4.397975497540363,4.439163684844971,18900,0.0,0.0
2008-09-05 00:00:00-04:00,4.439161177273406,4.466620098780616,4.407126132552286,4.434584617614746,15100,0.0,0.0
2008-09-08 00:00:00-04:00,4.430011117229645,4.462046180917419,4.416281430124878,4.443740367889404,9500,0.0,0.0
2008-09-09 00:00:00-04:00,4.416279943364406,4.434585750229689,4.379668329633842,4.40255069732666,19600,0.0,0.0
2008-09-10 00:00:00-04:00,4.402550883105545,4.471197989080773,4.384245075467794,4.448315620422363,22100,0.0,0.0
2008-09-11 00:00:00-04:00,4.4152333687818555,4.4198278896800804,4.392261640605989,4.41063928604126,10000,0.038,0.0
2008-09-12 00:00:00-04:00,4.396857194571135,4.429018413462488,4.383074065422141,4.419829368591309,21200,0.0,0.0
2008-09-15 00:00:00-04:00,4.392262935638428,4.433612321441184,4.37847936887975,4.392262935638428,20900,0.0,0.0
2008-09-16 00:00:00-04:00,4.396856738542372,4.396856738542372,4.364695961144413,4.387668132781982,11400,0.0,0.0
2008-09-17 00:00:00-04:00,4.35091043152168,4.4198264702318255,4.32334375314313,4.355504512786865,18200,0.0,0.0
2008-09-18 00:00:00-04:00,4.355504512786865,4.355504512786865,4.300371594187252,4.355504512786865,31900,0.0,0.0
2008-09-19 00:00:00-04:00,4.304970087618176,4.387669760938144,4.304970087618176,4.38307523727417,23500,0.0,0.0
2008-09-22 00:00:00-04:00,4.350914100652386,4.350914100652386,4.2498367789024,4.295781135559082,33200,0.0,0.0
2008-09-23 00:00:00-04:00,4.3187515807300025,4.3187515807300025,4.020114666482932,4.089030742645264,48100,0.0,0.0
2008-09-24 00:00:00-04:00,4.0890348589164205,4.433616462920327,4.0890348589164205,4.249839782714844,56100,0.0,0.0
2008-09-25 00:00:00-04:00,4.249837003487547,4.424424954588143,4.249837003487547,4.259026050567627,16900,0.0,0.0
2008-09-26 00:00:00-04:00,4.291185729883383,4.29578025223587,4.061464870152219,4.208486080169678,13200,0.0,0.0
2008-09-29 00:00:00-04:00,4.226864090872492,4.318752354947541,4.089031475681016,4.125786781311035,35600,0.0,0.0
2008-09-30 00:00:00-04:00,4.226864948932993,4.226864948932993,4.056871516345756,4.139571189880371,19900,0.0,0.0
2008-10-01 00:00:00-04:00,4.245238866359191,4.31874942779541,4.171728304922973,4.31874942779541,35000,0.0,0.0
2008-10-02 00:00:00-04:00,4.360099895082956,4.360099895082956,4.153351299879029,4.185512065887451,35800,0.0,0.0
2008-10-03 00:00:00-04:00,4.364699050208031,4.364699050208031,4.180922423357225,4.277405261993408,46800,0.0,0.0
2008-10-06 00:00:00-04:00,4.208485129561679,4.240645902449117,3.96038667461854,4.112002372741699,55600,0.0,0.0
2008-10-07 00:00:00-04:00,4.089031664147713,4.167136801750884,3.951199480761248,4.015521049499512,30200,0.0,0.0
2008-10-08 00:00:00-04:00,3.9052570699227864,3.974173195893501,3.6341862149640356,3.845529556274414,83100,0.0,0.0
2008-10-09 00:00:00-04:00,3.8363405597334608,3.9603896616885432,3.4228425308478547,3.6433746814727783,91600,0.0,0.0
2008-10-10 00:00:00-04:00,2.8853377811285252,3.439322547051681,2.793007060185934,3.4162399768829346,126200,0.038,0.0
2008-10-13 00:00:00-04:00,3.5778193135646896,3.9794583320617676,3.434706567438162,3.9794583320617676,15500,0.0,0.0
2008-10-14 00:00:00-04:00,4.164119862636364,4.164119862636364,3.8871272485265713,3.919442892074585,37300,0.0,0.0
2008-10-15 00:00:00-04:00,3.877892537175174,3.877892537175174,3.6701483727314077,3.748629570007324,40700,0.0,0.0
2008-10-16 00:00:00-04:00,3.7301642894744873,3.8455777896197807,3.702465295989452,3.7301642894744873,36600,0.0,0.0
2008-10-17 00:00:00-04:00,3.76247958299788,3.877893072540975,3.6978483106249613,3.7901790142059326,21600,0.0,0.0
2008-10-20 00:00:00-04:00,3.8548120959620955,4.002541274160702,3.790180360366365,3.974841833114624,36300,0.0,0.0
2008-10-21 00:00:00-04:00,3.9656059879976824,4.104102208212558,3.928673721309362,3.993304967880249,13700,0.0,0.0
2008-10-22 00:00:00-04:00,3.9933054755035338,4.039471034866107,3.840959745981404,3.877892017364502,34600,0.0,0.0
2008-10-23 00:00:00-04:00,3.9471404037557516,4.034854439275921,3.827110300187177,3.9055914878845215,40900,0.0,0.0
2008-10-24 00:00:00-04:00,3.9240600381757726,4.062556362870806,3.813263154526817,3.974841833114624,46800,0.0,0.0
2008-10-27 00:00:00-04:00,4.039472877790504,4.062555668002828,3.9379088650168423,3.9886910915374756,31900,0.0,0.0
2008-10-28 00:00:00-04:00,3.970224004463966,4.030238628387451,3.970224004463966,4.030238628387451,26300,0.0,0.0
2008-10-29 00:00:00-04:00,3.9840747693951464,4.057939351866587,3.9148263931274414,3.9148263931274414,32300,0.0,0.0
2008-10-30 00:00:00-04:00,4.016385929742913,4.016385929742913,3.9471380710601807,3.9471380710601807,4400,0.0,0.0
2008-10-31 00:00:00-04:00,4.016390414159491,4.0994882895736815,3.8778941018917212,3.9148263931274414,16400,0.0,0.0
2008-11-03 00:00:00-05:00,4.016385929742913,4.0302354134260305,3.9332885873770635,3.9471380710601807,38300,0.0,0.0
2008-11-04 00:00:00-05:00,4.0394735687103545,4.05793971598518,3.9425261854505984,3.974841833114624,24700,0.0,0.0
2008-11-05 00:00:00-05:00,3.9748414147852,4.154886661966775,3.9748414147852,4.071788787841797,44300,0.0,0.0
2008-11-06 00:00:00-05:00,4.016389475175938,4.076404544470091,3.933292059456564,3.9425249099731445,54400,0.0,0.0
2008-11-07 00:00:00-05:00,3.9563727011919285,4.002538254686002,3.9563727011919285,3.993304967880249,9100,0.0,0.0
2008-11-10 00:00:00-05:00,3.974838445664951,4.016387351691286,3.9055905624659286,3.984071731567383,47400,0.0,0.0
2008-11-11 00:00:00-05:00,3.9933045772025104,3.9933045772025104,3.9609889570786074,3.984071731567383,18200,0.0,0.0
2008-11-12 00:00:00-05:00,4.0109668519564154,4.043425845381294,3.9275019428135987,3.9414126873016357,25000,0.038,0.0
2008-11-13 00:00:00-05:00,3.927504874705797,4.010969846155423,3.899682922745972,3.9831483364105225,24600,0.0,0.0
2008-11-14 00:00:00-05:00,3.9275030302021863,4.034152837829072,3.8069420320211456,3.8996810913085938,79400,0.0,0.0
2008-11-17 00:00:00-05:00,3.853313555782281,3.941415592089722,3.6724719753007933,3.8301286697387695,21800,0.0,0.0
2008-11-18 00:00:00-05:00,3.8440375676055885,3.8440375676055885,3.6678331378918396,3.7605721950531006,56700,0.0,0.0
2008-11-19 00:00:00-05:00,3.7234760648618557,3.8208521721672795,3.667832638146563,3.7791194915771484,38700,0.0,0.0
2008-11-20 00:00:00-05:00,3.7744823544229473,3.7744823544229473,3.505538719892956,3.667832136154175,78000,0.0,0.0
2008-11-21 00:00:00-05:00,3.7327523825912103,3.7327523825912103,3.5333629881030943,3.681745767593384,57200,0.0,0.0
2008-11-24 00:00:00-05:00,3.598279855683965,3.9367776095514273,3.5704579104685763,3.825490713119507,75600,0.0,0.0
2008-11-25 00:00:00-05:00,3.8254890739917755,3.9367759227400256,3.6168261220351496,3.7095651626586914,51000,0.0,0.0
2008-11-26 00:00:00-05:00,3.7373867416897877,3.830125773522686,3.6446474887495963,3.667832136154175,50500,0.0,0.0
2008-11-28 00:00:00-05:00,3.672472972055481,3.7930340584315796,3.6214663415803994,3.7327535152435303,20400,0.0,0.0
2008-12-01 00:00:00-05:00,3.8486778468718534,3.9228691545931778,3.607555875670011,3.728116750717163,44000,0.0,0.0
2008-12-02 00:00:00-05:00,3.8162145480825624,3.9182277031634016,3.7095647731184074,3.737386703491211,39000,0.0,0.0
2008-12-03 00:00:00-05:00,3.779123164221805,3.79303436608086,3.709568923786832,3.728116750717163,17200,0.0,0.0
2008-12-04 00:00:00-05:00,3.7095647449392595,3.714201807001932,3.5750930406237944,3.704927682876587,45700,0.0,0.0
2008-12-05 00:00:00-05:00,3.61682773794786,3.732751701073017,3.6121906732912956,3.6631972789764404,87900,0.0,0.0
2008-12-08 00:00:00-05:00,3.695653275946307,3.695653275946307,3.570455491719952,3.691016435623169,150900,0.0,0.0
2008-12-09 00:00:00-05:00,3.607551306212658,3.6956532619847797,3.593640343081279,3.626099109649658,56800,0.0,0.0
2008-12-10 00:00:00-05:00,3.5843706907285293,3.7698491660954008,3.5797336238182855,3.7327535152435303,67300,0.0,0.0
2008-12-11 00:00:00-05:00,3.7076521877599116,3.8118264507618265,3.7076521877599116,3.7171225547790527,42500,0.167,0.0
2008-12-12 00:00:00-05:00,3.608214496542419,3.7881517592990703,3.608214496542419,3.6318905353546143,52200,0.0,0.0
2008-12-15 00:00:00-05:00,3.4803659032948797,3.6839792937653923,3.4614251542917907,3.470895528793335,105100,0.0,0.0
2008-12-16 00:00:00-05:00,3.4330118928409763,3.4850990330573963,3.3667193126146038,3.4566879272460938,80800,0.0,0.0
2008-12-17 00:00:00-05:00,3.3856618438672803,3.7881530614925616,3.3856618438672803,3.764477014541626,65000,0.0,0.0
2008-12-18 00:00:00-05:00,3.6934498923986716,3.750272142856115,3.6318923415073314,3.6981849670410156,48000,0.0,0.0
2008-12-19 00:00:00-05:00,3.655568580325443,3.95388599349281,3.6508335051468124,3.911269187927246,83900,0.0,0.0
2008-12-22 00:00:00-05:00,3.8307688907381197,3.9017965621164135,3.712389137385683,3.826033592224121,31200,0.0,0.0
2008-12-23 00:00:00-05:00,3.807092242058985,3.8828551998579144,3.7597403934346545,3.788151502609253,81900,0.0,0.0
2008-12-24 00:00:00-05:00,3.778682687870491,3.8686513501759214,3.7171251464312727,3.764477014541626,26200,0.0,0.0
2008-12-26 00:00:00-05:00,3.8591791626500367,3.9538833114815475,3.67924213787758,3.788151502609253,46300,0.0,0.0
2008-12-29 00:00:00-05:00,3.9538856555915682,3.9538856555915682,3.7881537484630625,3.797624349594116,21500,0.0,0.0
2008-12-30 00:00:00-05:00,3.9538840328505045,3.9538840328505045,3.6934484792142137,3.773946523666382,67100,0.0,0.0
2008-12-31 00:00:00-05:00,3.9302120208740234,4.114884340645876,3.7881560776456333,3.9302120208740234,64200,0.0,0.0
2009-01-02 00:00:00-05:00,3.882855735666427,4.119615237250757,3.882855735666427,4.110145092010498,29500,0.0,0.0
2009-01-05 00:00:00-05:00,4.0201797957066745,4.190647077119429,4.0201797957066745,4.119618892669678,31100,0.0,0.0
2009-01-06 00:00:00-05:00,4.095933733551647,4.143285751342773,4.0722581762383925,4.143285751342773,29600,0.0,0.0
2009-01-07 00:00:00-05:00,4.181172138439305,4.181172138439305,4.005970187579484,4.024910926818848,38400,0.0,0.0
2009-01-08 00:00:00-05:00,4.119614682553233,4.190642794414492,4.119614682553233,4.176436901092529,24100,0.0,0.0
2009-01-09 00:00:00-05:00,4.176439141027926,4.261672740341342,4.148028242312182,4.171704292297363,40000,0.0,0.0
2009-01-12 00:00:00-05:00,4.138558427904279,4.195380687713623,4.1054122225779555,4.195380687713623,45100,0.0,0.0
2009-01-13 00:00:00-05:00,4.156382984469214,4.189672402311373,4.047004699707031,4.047004699707031,50200,0.038,0.0
2009-01-14 00:00:00-05:00,3.980425417836159,4.042248090108235,3.92335844039917,3.92335844039917,23100,0.0,0.0
2009-01-15 00:00:00-05:00,3.9518934236729577,3.9518934236729577,3.8948259744003644,3.8995816707611084,18000,0.0,0.0
2009-01-16 00:00:00-05:00,3.904335466463946,4.189670759811019,3.904335466463946,4.184915065765381,27200,0.0,0.0
2009-01-20 00:00:00-05:00,4.16113818988948,4.213449478149414,4.137360166670212,4.213449478149414,20200,0.0,0.0
2009-01-21 00:00:00-05:00,4.19442508263224,4.19442508263224,4.089802557686184,4.127847194671631,16800,0.0,0.0
2009-01-22 00:00:00-05:00,4.194424709851961,4.194424709851961,4.070779877402139,4.113579750061035,25900,0.0,0.0
2009-01-23 00:00:00-05:00,4.06126849223718,4.118335442643515,3.9756678398637746,4.113579750061035,34500,0.0,0.0
2009-01-26 00:00:00-05:00,4.151624383665258,4.151624383665258,4.06602418481966,4.113579750061035,15400,0.0,0.0
2009-01-27 00:00:00-05:00,4.089804091298097,4.151626309435919,4.042248050469601,4.080292701721191,42100,0.0,0.0
2009-01-28 00:00:00-05:00,4.099313932501456,4.113580559528464,4.0565135978925335,4.094558238983154,43300,0.0,0.0
2009-01-29 00:00:00-05:00,4.099316275300768,4.104071971536996,4.004204618216976,4.051760673522949,28000,0.0,0.0
2009-01-30 00:00:00-05:00,4.042248249053955,4.108826618779055,4.0327368590097805,4.042248249053955,24500,0.0,0.0
2009-02-02 00:00:00-05:00,4.070782725729109,4.094560298223063,4.03749330788695,4.047004699707031,23900,0.0,0.0
2009-02-03 00:00:00-05:00,4.047005109843329,4.0707831382751465,4.0327380206673356,4.0707831382751465,23000,0.0,0.0
2009-02-04 00:00:00-05:00,4.080293456705859,4.085049152374268,4.056515431891916,4.085049152374268,15200,0.0,0.0
2009-02-05 00:00:00-05:00,4.085049607918622,4.156383236787119,4.032737856788783,4.151627540588379,28900,0.0,0.0
2009-02-06 00:00:00-05:00,4.151627540588379,4.1611389329858595,4.151627540588379,4.151627540588379,13600,0.0,0.0
2009-02-09 00:00:00-05:00,4.156385500437517,4.161141199226305,4.108829873134827,4.132607460021973,20400,0.0,0.0
2009-02-10 00:00:00-05:00,4.070781765672303,4.132603983810124,4.051759440046507,4.080292701721191,44200,0.0,0.0
2009-02-11 00:00:00-05:00,4.069781249048716,4.136655293679815,4.069781249048716,4.112771511077881,29700,0.038,0.0
2009-02-12 00:00:00-05:00,4.05067659509907,4.117551140454736,4.05067659509907,4.107997894287109,29700,0.0,0.0
2009-02-13 00:00:00-05:00,4.093667341717314,4.13188123747896,4.088890946406287,4.107997894287109,7500,0.0,0.0
2009-02-17 00:00:00-05:00,4.060229722264287,4.1127737076148545,4.02679268209079,4.103220462799072,40900,0.0,0.0
2009-02-18 00:00:00-05:00,4.1032227341575105,4.131882940015356,4.065008822649878,4.074562072753906,27000,0.0,0.0
2009-02-19 00:00:00-05:00,4.074561090086734,4.088891645105297,3.9933564338308054,4.002910137176514,26900,0.0,0.0
2009-02-20 00:00:00-05:00,3.998132519240322,4.045900115722654,3.9312579752741694,4.012462615966797,36500,0.0,0.0
2009-02-23 00:00:00-05:00,4.041126243753273,4.045903098031724,3.916930765788903,3.993358612060547,43800,0.0,0.0
2009-02-24 00:00:00-05:00,3.955144688924725,3.993358612060547,3.9264844743458074,3.993358612060547,44500,0.0,0.0
2009-02-25 00:00:00-05:00,3.993359664847946,3.998136520385742,3.9408156205702425,3.998136520385742,29800,0.0,0.0
2009-02-26 00:00:00-05:00,4.012462451397998,4.055453195359744,3.9981323552592634,4.026793003082275,41700,0.0,0.0
2009-02-27 00:00:00-05:00,4.055456655748993,4.0888941826645855,3.969475550006163,4.007689476013184,43300,0.0,0.0
2009-03-02 00:00:00-05:00,4.0363445853692825,4.0363445853692825,3.88348907475645,3.959916830062866,55100,0.0,0.0
2009-03-03 00:00:00-05:00,4.002909686042965,4.045900435162239,3.859607340827253,3.912151336669922,44400,0.0,0.0
2009-03-04 00:00:00-05:00,3.9742498945267335,3.9742498945267335,3.9312591361073164,3.9646966457366943,15300,0.0,0.0
2009-03-05 00:00:00-05:00,3.945592065231307,3.998136104037304,3.945592065231307,3.9885828495025635,38600,0.0,0.0
2009-03-06 00:00:00-05:00,3.993357003662999,4.031570911407471,3.9360361420462917,4.031570911407471,50200,0.0,0.0
2009-03-09 00:00:00-04:00,3.9885824683188105,4.022019539313818,3.912154161615194,3.945591688156128,26400,0.0,0.0
2009-03-10 00:00:00-04:00,3.88349375441179,3.9838054180145264,3.8548330838627636,3.9838054180145264,46000,0.0,0.0
2009-03-11 00:00:00-04:00,3.9828455334882924,3.9924425134526045,3.9060678632497443,3.9204635620117188,16200,0.038,0.0
2009-03-12 00:00:00-04:00,3.9588517321566785,4.026032411146474,3.930059881837927,4.011636257171631,25800,0.0,0.0
2009-03-13 00:00:00-04:00,3.9588529953938103,4.006839275360107,3.9588529953938103,4.006839275360107,14700,0.0,0.0
2009-03-16 00:00:00-04:00,3.9492544979513085,3.9924420468205337,3.9492544979513085,3.9828450679779053,18100,0.0,0.0
2009-03-17 00:00:00-04:00,3.9828454920030842,4.002039909362793,3.939657938535988,4.002039909362793,24000,0.0,0.0
2009-03-18 00:00:00-04:00,3.939656251721912,4.026031321673516,3.9204618425805347,4.021232604980469,41400,0.0,0.0
2009-03-19 00:00:00-04:00,4.02603369582041,4.02603369582041,3.9732486963312668,4.006839275360107,25300,0.0,0.0
2009-03-20 00:00:00-04:00,4.021232797884617,4.045225924870025,4.006837104745705,4.040427207946777,23600,0.0,0.0
2009-03-23 00:00:00-04:00,4.016435180373543,4.0260326168471305,3.968449370898483,3.9828450679779053,23800,0.0,0.0
2009-03-24 00:00:00-04:00,3.9972395213049694,4.050024032592773,3.973246395217489,4.050024032592773,30200,0.0,0.0
2009-03-25 00:00:00-04:00,4.050021921617038,4.0740150351986895,3.997237437841867,4.030827522277832,23100,0.0,0.0
2009-03-26 00:00:00-04:00,4.0596215274084475,4.107607780308332,3.987642605689443,4.078815937042236,16400,0.0,0.0
2009-03-27 00:00:00-04:00,4.050023513343272,4.107607191622805,4.011634699577422,4.102808475494385,8900,0.0,0.0
2009-03-30 00:00:00-04:00,4.102806829582749,4.1699869979071265,4.093209401176082,4.150792598724365,30500,0.0,0.0
2009-03-31 00:00:00-04:00,4.1267998459995985,4.174785614013672,4.112403703727869,4.174785614013672,11800,0.0,0.0
2009-04-01 00:00:00-04:00,4.184387172871036,4.184387172871036,4.131602181028381,4.1699910163879395,11900,0.0,0.0
2009-04-02 00:00:00-04:00,4.18918514251709,4.261164547030043,4.141199330472771,4.18918514251709,38500,0.0,0.0
2009-04-03 00:00:00-04:00,4.198782871723116,4.198782871723116,4.1699910163879395,4.1699910163879395,12800,0.0,0.0
2009-04-06 00:00:00-04:00,4.19877872683599,4.19877872683599,4.131598102459611,4.174785614013672,6900,0.0,0.0
2009-04-07 00:00:00-04:00,4.217976995848468,4.217976995848468,4.174789444666893,4.18918514251709,13500,0.0,0.0
2009-04-08 00:00:00-04:00,4.213174692607887,4.222772121429443,4.131598378147034,4.222772121429443,22300,0.0,0.0
2009-04-09 00:00:00-04:00,4.251565927086665,4.256364644245196,4.1028093562190335,4.1555938720703125,44400,0.0,0.0
2009-04-13 00:00:00-04:00,4.154629719741516,4.154629719741516,4.063054555718451,4.101612567901611,28500,0.038,0.0
2009-04-14 00:00:00-04:00,4.072694289239171,4.164269923259941,4.072694289239171,4.135351181030273,16100,0.0,0.0
2009-04-15 00:00:00-04:00,4.159447188633081,4.178726183612072,4.082331208717114,4.169086456298828,14500,0.0,0.0
2009-04-16 00:00:00-04:00,4.154629704459072,4.1931877165004,4.154629704459072,4.173908710479736,33800,0.0,0.0
2009-04-17 00:00:00-04:00,4.198007583618164,4.198007583618164,4.193187717200253,4.198007583618164,5800,0.0,0.0
2009-04-20 00:00:00-04:00,4.198007577909455,4.236565589904785,4.149809833091413,4.236565589904785,9200,0.0,0.0
2009-04-21 00:00:00-04:00,4.178726198064877,4.260662041920855,4.178726198064877,4.193185329437256,14500,0.0,0.0
2009-04-22 00:00:00-04:00,4.289580333832253,4.289580333832253,4.241383075714111,4.241383075714111,20600,0.0,0.0
2009-04-23 00:00:00-04:00,4.236564170211705,4.304040898415635,4.236564170211705,4.294401168823242,28300,0.0,0.0
2009-04-24 00:00:00-04:00,4.2847628612883,4.3907971527355745,4.265483857420822,4.347419738769531,39500,0.0,0.0
2009-04-27 00:00:00-04:00,4.35706097891164,4.35706097891164,4.188369274139404,4.188369274139404,39900,0.0,0.0
2009-04-28 00:00:00-04:00,4.231743319528599,4.241383046875184,4.159447203019206,4.193185329437256,26000,0.0,0.0
2009-04-29 00:00:00-04:00,4.217284173570056,4.236563168549048,4.154627324976459,4.169086456298828,20200,0.0,0.0
2009-04-30 00:00:00-04:00,4.1931905429014185,4.236568450598535,4.164272244202055,4.231748580932617,14100,0.0,0.0
2009-05-01 00:00:00-04:00,4.236564646980028,4.308860788468507,4.1931867782278776,4.265483379364014,21900,0.0,0.0
2009-05-04 00:00:00-04:00,4.308862220399896,4.337780962394227,4.246205788766497,4.299222946166992,28700,0.0,0.0
2009-05-05 00:00:00-04:00,4.270304209131773,4.332961100485746,4.270304209131773,4.279943943023682,13800,0.0,0.0
2009-05-06 00:00:00-04:00,4.279941085226285,4.332958207287817,4.279941085226285,4.308859348297119,9600,0.0,0.0
2009-05-07 00:00:00-04:00,4.361876905748912,4.361876905748912,4.2510223388671875,4.2510223388671875,24100,0.0,0.0
2009-05-08 00:00:00-04:00,4.255844121629144,4.342599868774414,4.255844121629144,4.342599868774414,15100,0.0,0.0
2009-05-11 00:00:00-04:00,4.323319908397231,4.3329591783653045,4.304040908813477,4.304040908813477,8900,0.0,0.0
2009-05-12 00:00:00-04:00,4.323320384137048,4.332959655165831,4.246204377316157,4.318500518798828,31200,0.0,0.0
2009-05-13 00:00:00-04:00,4.303013389637132,4.36593714796002,4.283652268738208,4.288492202758789,26600,0.038,0.0
2009-05-14 00:00:00-04:00,4.28849023716623,4.332052854623643,4.24492808131414,4.303011417388916,29900,0.0,0.0
2009-05-15 00:00:00-04:00,4.2836492681749805,4.346572520816551,4.2836492681749805,4.322371482849121,8700,0.0,0.0
2009-05-18 00:00:00-04:00,4.336895010395283,4.346575339538836,4.293332375235522,4.332054615020752,43200,0.0,0.0
2009-05-19 00:00:00-04:00,4.3417350271582125,4.3417350271582125,4.307852724096637,4.312693119049072,30200,0.0,0.0
2009-05-20 00:00:00-04:00,4.312693889490581,4.346575736999512,4.312693889490581,4.346575736999512,23000,0.0,0.0
2009-05-21 00:00:00-04:00,4.346574939404681,4.356255729262555,4.312693098113055,4.317533493041992,35700,0.0,0.0
2009-05-22 00:00:00-04:00,4.332054237253343,4.346574960505178,4.307852724096637,4.312693119049072,60700,0.0,0.0
2009-05-26 00:00:00-04:00,4.317534012916851,4.336895133358407,4.3078532218933105,4.3078532218933105,41100,0.0,0.0
2009-05-27 00:00:00-04:00,4.31269361740508,4.332054737846637,4.3078532218933105,4.3078532218933105,27000,0.0,0.0
2009-05-28 00:00:00-04:00,4.3223738879709295,4.332054216223336,4.307852703184118,4.317533493041992,59000,0.0,0.0
2009-05-29 00:00:00-04:00,4.317533890502668,4.332054615020752,4.312693495128137,4.332054615020752,32400,0.0,0.0
2009-06-01 00:00:00-04:00,4.346575565455562,4.346575565455562,4.288492202758789,4.288492202758789,58900,0.0,0.0
2009-06-02 00:00:00-04:00,4.2884893754097515,4.2884893754097515,4.244927228311317,4.283649444580078,49900,0.0,0.0
2009-06-03 00:00:00-04:00,4.264290996554761,4.278811721312418,4.2255682945251465,4.2255682945251465,48100,0.0,0.0
2009-06-04 00:00:00-04:00,4.235246677034147,4.254607786236379,4.225565891630404,4.230406284332275,28100,0.0,0.0
2009-06-05 00:00:00-04:00,4.220726602478302,4.264289220210222,4.1965250968933105,4.1965250968933105,27400,0.0,0.0
2009-06-08 00:00:00-04:00,4.225565754150424,4.225565754150424,4.123920280349714,4.157802104949951,36900,0.0,0.0
2009-06-09 00:00:00-04:00,4.16264188246026,4.201364093883644,4.1481207069726125,4.186842918395996,45000,0.0,0.0
2009-06-10 00:00:00-04:00,4.186846090499604,4.225568331260335,4.152964245235345,4.220728397369385,22700,0.0,0.0
2009-06-11 00:00:00-04:00,4.224616183841991,4.224616183841991,4.132248480623405,4.171140193939209,57800,0.038,0.0
2009-06-12 00:00:00-04:00,4.1371091924892776,4.166277739541983,4.0641868976061195,4.098217487335205,66000,0.0,0.0
2009-06-15 00:00:00-04:00,4.112805082635024,4.122527784963391,4.069051763092193,4.078774929046631,20500,0.0,0.0
2009-06-16 00:00:00-04:00,4.05932670086265,4.1225253883214785,4.05932670086265,4.088495254516602,19200,0.0,0.0
2009-06-17 00:00:00-04:00,4.059327049805171,4.166279040564394,4.054465469236341,4.141972064971924,31100,0.0,0.0
2009-06-18 00:00:00-04:00,4.122524156661011,4.180862173791236,4.122524156661011,4.176000595092773,53800,0.0,0.0
2009-06-19 00:00:00-04:00,4.1808633540810565,4.185724470526187,4.137110060694329,4.171140193939209,29600,0.0,0.0
2009-06-22 00:00:00-04:00,4.166279040564394,4.166279040564394,4.039881191155691,4.141972064971924,92300,0.0,0.0
2009-06-23 00:00:00-04:00,4.132247897080542,4.185723879431616,4.117663622553109,4.122524738311768,40400,0.0,0.0
2009-06-24 00:00:00-04:00,4.151696111598657,4.151696111598657,4.073912651724601,4.093358516693115,67800,0.0,0.0
2009-06-25 00:00:00-04:00,4.112804381661629,4.132250246630143,4.073912651724601,4.093358516693115,24300,0.0,0.0
2009-06-26 00:00:00-04:00,4.093356189256901,4.122524738311768,4.093356189256901,4.122524738311768,10600,0.0,0.0
2009-06-29 00:00:00-04:00,4.127386034387912,4.132247613438595,4.078771634758169,4.098217487335205,23000,0.0,0.0
2009-06-30 00:00:00-04:00,4.083632750183156,4.103078602760192,4.059325782181133,4.098217487335205,42400,0.0,0.0
2009-07-01 00:00:00-04:00,4.112801760861558,4.117663339912242,4.088494329233839,4.098217487335205,36500,0.0,0.0
2009-07-02 00:00:00-04:00,4.073912187197881,4.107942331106004,4.0350204616954715,4.103080749511719,20200,0.0,0.0
2009-07-06 00:00:00-04:00,4.064190074590387,4.093359108070272,4.010714054107666,4.010714054107666,66600,0.0,0.0
2009-07-07 00:00:00-04:00,4.025294480244412,4.025294480244412,3.9183425418068945,4.0009870529174805,47700,0.0,0.0
2009-07-08 00:00:00-04:00,4.000988682756723,4.000988682756723,3.9377899950379973,3.9815428256988525,15000,0.0,0.0
2009-07-09 00:00:00-04:00,3.981545020627781,4.015575636958657,3.9475148679229637,4.010714054107666,24000,0.0,0.0
2009-07-10 00:00:00-04:00,4.010710760586907,4.049602464205574,3.991264908777573,4.03015661239624,36300,0.0,0.0
2009-07-13 00:00:00-04:00,4.0584819605253095,4.097552746422983,4.024294673544465,4.063365459442139,28800,0.038,0.0
2009-07-14 00:00:00-04:00,4.02429669835513,4.078019405315202,4.02429669835513,4.048716068267822,21000,0.0,0.0
2009-07-15 00:00:00-04:00,4.0584839426894765,4.136625552649198,4.0584839426894765,4.1073222160339355,39300,0.0,0.0
2009-07-16 00:00:00-04:00,4.0682534974422255,4.151279117043983,4.0682534974422255,4.136627674102783,55200,0.0,0.0
2009-07-17 00:00:00-04:00,4.117089678261166,4.151276512259889,4.117089678261166,4.14150857925415,38400,0.0,0.0
2009-07-20 00:00:00-04:00,4.136625552649198,4.146393021013797,4.1073222160339355,4.1073222160339355,21900,0.0,0.0
2009-07-21 00:00:00-04:00,4.121974401941356,4.170813149938528,4.121974401941356,4.146393775939941,62900,0.0,0.0
2009-07-22 00:00:00-04:00,4.146393309937191,4.1854641176395315,4.1317418734890055,4.1805806159973145,51100,0.0,0.0
2009-07-23 00:00:00-04:00,4.185466340316069,4.244072582992209,4.170814896087287,4.229421138763428,63300,0.0,0.0
2009-07-24 00:00:00-04:00,4.200114737218248,4.239185532989157,4.200114737218248,4.234301567077637,14700,0.0,0.0
2009-07-27 00:00:00-04:00,4.234305981892814,4.292912236653826,4.219654534642839,4.253841400146484,44400,0.0,0.0
2009-07-28 00:00:00-04:00,4.258724474606288,4.292911332912938,4.234305090489674,4.263607978820801,37000,0.0,0.0
2009-07-29 00:00:00-04:00,4.278258659075147,4.292910099029541,4.263606753359874,4.292910099029541,17900,0.0,0.0
2009-07-30 00:00:00-04:00,4.292909822903536,4.356400012969971,4.288025854645922,4.356400012969971,41100,0.0,0.0
2009-07-31 00:00:00-04:00,4.346630988404051,4.3710503578186035,4.341747487129726,4.3710503578186035,25000,0.0,0.0
2009-08-03 00:00:00-04:00,4.419892870489194,4.439428289548636,4.371054089960024,4.395473480224609,46000,0.0,0.0
2009-08-04 00:00:00-04:00,4.405239914583224,4.434542800260526,4.39547197551681,4.419891357421875,31000,0.0,0.0
2009-08-05 00:00:00-04:00,4.385701036981176,4.43942373358248,4.3563981713446935,4.366165637969971,28500,0.0,0.0
2009-08-06 00:00:00-04:00,4.3954729354012,4.410124381439437,4.351518131525416,4.38570499420166,48900,0.0,0.0
2009-08-07 00:00:00-04:00,4.395468578859416,4.41988794189409,4.395468578859416,4.410120010375977,21800,0.0,0.0
2009-08-10 00:00:00-04:00,4.419892870489194,4.419892870489194,4.38082203237031,4.395473480224609,33700,0.0,0.0
2009-08-11 00:00:00-04:00,4.3954729354012,4.40524087660074,4.380821489362963,4.38570499420166,9700,0.0,0.0
2009-08-12 00:00:00-04:00,4.414151646737808,4.42396109713481,4.379819505828978,4.409246921539307,18000,0.038,0.0
2009-08-13 00:00:00-04:00,4.389624569452406,4.4239571474496335,4.3847198486328125,4.3847198486328125,10800,0.0,0.0
2009-08-14 00:00:00-04:00,4.394532308681635,4.423960186071976,4.370009155479724,4.419055461883545,24500,0.0,0.0
2009-08-17 00:00:00-04:00,4.365100383758545,4.374909823039618,4.3454819729362075,4.365100383758545,53300,0.0,0.0
2009-08-18 00:00:00-04:00,4.389628488485641,4.414151646737808,4.374914780630476,4.409246921539307,11800,0.0,0.0
2009-08-19 00:00:00-04:00,4.394532308681635,4.423960186071976,4.374913879668155,4.419055461883545,32600,0.0,0.0
2009-08-20 00:00:00-04:00,4.4092454675997335,4.428863894184263,4.399436488177561,4.404340744018555,33300,0.0,0.0
2009-08-21 00:00:00-04:00,4.399437427520752,4.409246409037283,4.394532702892343,4.399437427520752,29600,0.0,0.0
2009-08-24 00:00:00-04:00,4.3994369277455485,4.409245908147781,4.3798184992008515,4.394532203674316,29100,0.0,0.0
2009-08-25 00:00:00-04:00,4.379818061593031,4.4092454675997335,4.370008614430674,4.404340744018555,30400,0.0,0.0
2009-08-26 00:00:00-04:00,4.409245124144409,4.453386697456268,4.379817720429935,4.433768272399902,55600,0.0,0.0
2009-08-27 00:00:00-04:00,4.458291053771973,4.4681000316228765,4.42886318473904,4.458291053771973,27700,0.0,0.0
2009-08-28 00:00:00-04:00,4.46319580078125,4.468100055863253,4.438672654410781,4.46319580078125,41200,0.0,0.0
2009-08-31 00:00:00-04:00,4.473004754418384,4.502432623451317,4.438672630330054,4.458291053771973,61300,0.0,0.0
2009-09-01 00:00:00-04:00,4.497527712333364,4.536764557574259,4.482814012303051,4.522050857543945,57700,0.0,0.0
2009-09-02 00:00:00-04:00,4.522053773240259,4.605432240072332,4.522053773240259,4.536767482757568,36400,0.0,0.0
2009-09-03 00:00:00-04:00,4.580906303326268,4.590715281147424,4.546574179342059,4.561287879943848,26600,0.0,0.0
2009-09-04 00:00:00-04:00,4.6005230379560205,4.6152367331567286,4.561286205594173,4.610332012176514,52200,0.0,0.0
2009-09-08 00:00:00-04:00,4.595617348437013,4.639758892476126,4.5661899642374975,4.605426788330078,34100,0.0,0.0
2009-09-09 00:00:00-04:00,4.605429449489321,4.654475274075319,4.561287879943848,4.561287879943848,67400,0.0,0.0
2009-09-10 00:00:00-04:00,4.546574352917441,4.60052490234375,4.546574352917441,4.60052490234375,19400,0.0,0.0
2009-09-11 00:00:00-04:00,4.619239620160085,4.64386252626245,4.619239620160085,4.6340131759643555,26500,0.038,0.0
2009-09-14 00:00:00-04:00,4.752203940683712,4.752203940683712,4.658637433914949,4.702958583831787,68800,0.0,0.0
2009-09-15 00:00:00-04:00,4.737427214264764,4.737427214264764,4.668483197180186,4.712804317474365,14900,0.0,0.0
2009-09-16 00:00:00-04:00,4.742351887551383,4.742351887551383,4.7078801138304405,4.712804317474365,27800,0.0,0.0
2009-09-17 00:00:00-04:00,4.707880973815918,4.737428079647592,4.6734087241552595,4.707880973815918,18600,0.0,0.0
2009-09-18 00:00:00-04:00,4.712804994662866,4.722654342651367,4.6684838680001315,4.722654342651367,26400,0.0,0.0
2009-09-21 00:00:00-04:00,4.717729551020674,4.747277124606649,4.693106651306152,4.693106651306152,36200,0.0,0.0
2009-09-22 00:00:00-04:00,4.688185691833496,4.7128081389467935,4.638939858320754,4.688185691833496,48300,0.0,0.0
2009-09-23 00:00:00-04:00,4.717725262186953,4.717725262186953,4.6487812995910645,4.6487812995910645,40700,0.0,0.0
2009-09-24 00:00:00-04:00,4.653707855662652,4.673406071584215,4.609386752428505,4.6241607666015625,41700,0.0,0.0
2009-09-25 00:00:00-04:00,4.624158891903261,4.67340417692119,4.609384883719792,4.6487812995910645,41600,0.0,0.0
2009-09-28 00:00:00-04:00,4.653707638294201,4.698028739458168,4.653707638294201,4.683255195617676,37800,0.0,0.0
2009-09-29 00:00:00-04:00,4.732504726204514,4.732504726204514,4.653711795806885,4.653711795806885,32300,0.0,0.0
2009-09-30 00:00:00-04:00,4.658635171239422,4.7423527538337975,4.658635171239422,4.707880973815918,41900,0.0,0.0
2009-10-01 00:00:00-04:00,4.742351156787426,4.7472758293151855,4.702954715850588,4.7472758293151855,24600,0.0,0.0
2009-10-02 00:00:00-04:00,4.752198974692173,4.752198974692173,4.6980289978691365,4.742350101470947,56200,0.0,0.0
2009-10-05 00:00:00-04:00,4.7472758293151855,4.752200032200324,4.742351156787426,4.7472758293151855,29800,0.0,0.0
2009-10-06 00:00:00-04:00,4.747277352694131,4.752201557159424,4.7374280044780015,4.752201557159424,26800,0.0,0.0
2009-10-07 00:00:00-04:00,4.727577608846767,4.752200032200324,4.727577608846767,4.7472758293151855,19200,0.0,0.0
2009-10-08 00:00:00-04:00,4.752203654875369,4.762053007439196,4.732505419390694,4.737430095672607,20200,0.0,0.0
2009-10-09 00:00:00-04:00,4.712803371558339,4.727577388452873,4.619236946105957,4.619236946105957,62400,0.0,0.0
2009-10-12 00:00:00-04:00,4.614313164813911,4.614313164813911,4.432104481380929,4.5453691482543945,80700,0.0,0.0
2009-10-13 00:00:00-04:00,4.529546038852745,4.613609705338444,4.5196564453990336,4.5443806648254395,34900,0.038,0.0
2009-10-14 00:00:00-04:00,4.53449242792298,4.539437461921334,4.445483702290201,4.465263366699219,89000,0.0,0.0
2009-10-15 00:00:00-04:00,4.4751518441010205,4.578995163235624,4.4751518441010205,4.529545783996582,53700,0.0,0.0
2009-10-16 00:00:00-04:00,4.504821143241076,4.608664463502073,4.504821143241076,4.56910514831543,49800,0.0,0.0
2009-10-19 00:00:00-04:00,4.529545847877288,4.603719917781937,4.529545847877288,4.578995227813721,33100,0.0,0.0
2009-10-20 00:00:00-04:00,4.608663472502009,4.608663472502009,4.5394349216037035,4.5493245124816895,34000,0.0,0.0
2009-10-21 00:00:00-04:00,4.534490328039167,4.559215014996747,4.499876049249063,4.519655704498291,44400,0.0,0.0
2009-10-22 00:00:00-04:00,4.489985540806581,4.544379469454648,4.489985540806581,4.539434909820557,24800,0.0,0.0
2009-10-23 00:00:00-04:00,4.5493255055350135,4.578995227813721,4.5493255055350135,4.578995227813721,15900,0.0,0.0
2009-10-26 00:00:00-04:00,4.58888264102248,4.5987727009454495,4.514709077936269,4.564157962799072,37700,0.0,0.0
2009-10-27 00:00:00-04:00,4.569105370343527,4.569105370343527,4.524601020699879,4.5542707443237305,28900,0.0,0.0
2009-10-28 00:00:00-04:00,4.480095949954265,4.648222767116691,4.480095949954265,4.539434909820557,60800,0.0,0.0
2009-10-29 00:00:00-04:00,4.544379481250629,4.569104165821796,4.534489890372643,4.5493245124816895,29500,0.0,0.0
2009-10-30 00:00:00-04:00,4.549325157509829,4.549325157509829,4.475151564863727,4.494931221008301,20600,0.0,0.0
2009-11-02 00:00:00-05:00,4.539434909820557,4.55921456310932,4.485040509588356,4.539434909820557,25500,0.0,0.0
2009-11-03 00:00:00-05:00,4.544379699843684,4.5542697627815345,4.514710454198446,4.53449010848999,14800,0.0,0.0
2009-11-04 00:00:00-05:00,4.559217726811573,4.618556727853992,4.529547990498133,4.603722095489502,31800,0.0,0.0
2009-11-05 00:00:00-05:00,4.648222204146314,4.648222204146314,4.598773312705483,4.643277645111084,24800,0.0,0.0
2009-11-06 00:00:00-05:00,4.648227214813232,4.648227214813232,4.608667870383003,4.648227214813232,11500,0.0,0.0
2009-11-09 00:00:00-05:00,4.623502491971338,4.672951431516205,4.623502491971338,4.62844705581665,21100,0.0,0.0
2009-11-10 00:00:00-05:00,4.6373835168857065,4.6373835168857065,4.597662925720215,4.597662925720215,9000,0.038,0.0
2009-11-11 00:00:00-05:00,4.617521189977197,4.66220695375705,4.562905046021115,4.592695713043213,21600,0.0,0.0
2009-11-12 00:00:00-05:00,4.567871001878259,4.57780138371924,4.533115612448156,4.543045520782471,16900,0.0,0.0
2009-11-13 00:00:00-05:00,4.54304470136558,4.572835368008596,4.508289318204214,4.528149604797363,26000,0.0,0.0
2009-11-16 00:00:00-05:00,4.552975445330307,4.557940635752103,4.508289678547385,4.523184776306152,28600,0.0,0.0
2009-11-17 00:00:00-05:00,4.51821969825408,4.54304470136558,4.51821969825408,4.528149604797363,12800,0.0,0.0
2009-11-18 00:00:00-05:00,4.52814911117124,4.56786968002749,4.52814911117124,4.548009395599365,27500,0.0,0.0
2009-11-19 00:00:00-05:00,4.5430442061157015,4.557939774566693,4.533114300654904,4.548009395599365,19500,0.0,0.0
2009-11-20 00:00:00-05:00,4.528148767344764,4.543043861158226,4.528148767344764,4.533113956451416,6100,0.0,0.0
2009-11-23 00:00:00-05:00,4.533116930438628,4.582767433559274,4.533116930438628,4.538082122802734,14300,0.0,0.0
2009-11-24 00:00:00-05:00,4.528150421527665,4.57283619279875,4.528150421527665,4.543045520782471,12100,0.0,0.0
2009-11-25 00:00:00-05:00,4.538081329306084,4.5579416217830735,4.483465169864319,4.503325462341309,41600,0.0,0.0
2009-11-27 00:00:00-05:00,4.4983582359013035,4.518218517303467,4.493393047174148,4.518218517303467,3600,0.0,0.0
2009-11-30 00:00:00-05:00,4.493395304780365,4.538081078763217,4.493395304780365,4.513255596160889,22000,0.0,0.0
2009-12-01 00:00:00-05:00,4.543045796478325,4.543045796478325,4.48843011355856,4.513255596160889,60500,0.0,0.0
2009-12-02 00:00:00-05:00,4.528151738074522,4.538082122802734,4.508291442124902,4.538082122802734,15200,0.0,0.0
2009-12-03 00:00:00-05:00,4.5281469951204905,4.543042083104321,4.493391631989452,4.498356819152832,44000,0.0,0.0
2009-12-04 00:00:00-05:00,4.493393047174148,4.533113609978474,4.493393047174148,4.518218517303467,60300,0.0,0.0
2009-12-07 00:00:00-05:00,4.49835941166093,4.528149604797363,4.493394221635997,4.528149604797363,32500,0.0,0.0
2009-12-08 00:00:00-05:00,4.503323295317995,4.533113956451416,4.48346301239788,4.533113956451416,19400,0.0,0.0
2009-12-09 00:00:00-05:00,4.543044074059327,4.562904357910156,4.523183790208496,4.562904357910156,46700,0.0,0.0
2009-12-10 00:00:00-05:00,4.552975081415446,4.582765274551879,4.528149604797363,4.528149604797363,29800,0.0,0.0
2009-12-11 00:00:00-05:00,4.5570680189172155,4.5570680189172155,4.517181248660909,4.5371246337890625,25100,0.038,0.0
2009-12-14 00:00:00-05:00,4.557067372656093,4.557067372656093,4.517180608056332,4.527152061462402,17000,0.0,0.0
2009-12-15 00:00:00-05:00,4.517181715628984,4.5371251028188055,4.472308975579924,4.522167205810547,66600,0.0,0.0
2009-12-16 00:00:00-05:00,4.512197175588241,4.542112028080641,4.507211208343506,4.507211208343506,33600,0.0,0.0
2009-12-17 00:00:00-05:00,4.497237871440671,4.552082061767578,4.492251906277913,4.552082061767578,24800,0.0,0.0
2009-12-18 00:00:00-05:00,4.532138824462891,4.54211027962591,4.502223507998183,4.532138824462891,11100,0.0,0.0
2009-12-21 00:00:00-05:00,4.537122355027249,4.537122355027249,4.4872636795043945,4.4872636795043945,24100,0.0,0.0
2009-12-22 00:00:00-05:00,4.532138668635072,4.562053508583398,4.502223353198938,4.5371246337890625,88000,0.0,0.0
2009-12-23 00:00:00-05:00,4.557069778442383,4.557069778442383,4.537126385613909,4.557069778442383,13000,0.0,0.0
2009-12-24 00:00:00-05:00,4.542111877205033,4.557069778442383,4.542111877205033,4.557069778442383,1400,0.0,0.0
2009-12-28 00:00:00-05:00,4.557067362429856,4.567038815813549,4.512194633483887,4.512194633483887,55600,0.0,0.0
2009-12-29 00:00:00-05:00,4.497237863532756,4.5371246337890625,4.497237863532756,4.5371246337890625,17700,0.0,0.0
2009-12-30 00:00:00-05:00,4.5121925733022055,4.547093357441704,4.5121925733022055,4.517178535461426,22200,0.0,0.0
2009-12-31 00:00:00-05:00,4.567039945859608,4.567039945859608,4.522167205810547,4.522167205810547,18500,0.0,0.0
2010-01-04 00:00:00-05:00,4.52216687741023,4.537124773332244,4.497238001849186,4.502223491668701,40300,0.0,0.0
2010-01-05 00:00:00-05:00,4.517178979915621,4.517178979915621,4.4623343417429675,4.4872636795043945,64600,0.0,0.0
2010-01-06 00:00:00-05:00,4.492251898378766,4.5371246337890625,4.492251898378766,4.5371246337890625,17500,0.0,0.0
2010-01-07 00:00:00-05:00,4.532138668635072,4.5371246337890625,4.502223353198938,4.5371246337890625,22500,0.0,0.0
2010-01-08 00:00:00-05:00,4.512195438649027,4.5371247897883125,4.512195438649027,4.532138824462891,6200,0.0,0.0
2010-01-11 00:00:00-05:00,4.5271527034810815,4.542110123455244,4.502223353198938,4.5371246337890625,24700,0.0,0.0
2010-01-12 00:00:00-05:00,4.5072090080935965,4.557067705225799,4.5072090080935965,4.547095775604248,14800,0.0,0.0
2010-01-13 00:00:00-05:00,4.566120731375644,4.566120731375644,4.516053903951081,4.551100730895996,35500,0.038,0.0
2010-01-14 00:00:00-05:00,4.5460938341352914,4.571127486196445,4.541087008227621,4.5611138343811035,19800,0.0,0.0
2010-01-15 00:00:00-05:00,4.546095408727047,4.571129069458892,4.5010349149051985,4.541088581085205,32800,0.0,0.0
2010-01-19 00:00:00-05:00,4.5060360949922735,4.551096532338478,4.5060360949922735,4.536076545715332,34800,0.0,0.0
2010-01-20 00:00:00-05:00,4.506040979856105,4.586148298657181,4.506040979856105,4.581141471862793,81300,0.0,0.0
2010-01-21 00:00:00-05:00,4.5561089515686035,4.5561089515686035,4.536082118972851,4.5561089515686035,15800,0.0,0.0
2010-01-22 00:00:00-05:00,4.541082889605204,4.561109697594988,4.536076545715332,4.536076545715332,21500,0.0,0.0
2010-01-25 00:00:00-05:00,4.536082045386083,4.566122055053711,4.536082045386083,4.566122055053711,20500,0.0,0.0
2010-01-26 00:00:00-05:00,4.561115301609528,4.561115301609528,4.526068463936298,4.5561089515686035,40400,0.0,0.0
2010-01-27 00:00:00-05:00,4.566121065188877,4.586147893118236,4.541087410907869,4.571127891540527,33800,0.0,0.0
2010-01-28 00:00:00-05:00,4.541088395345791,4.581142059887525,4.541088395345791,4.566122055053711,24800,0.0,0.0
2010-01-29 00:00:00-05:00,4.566122055053711,4.571128882490764,4.551102050219897,4.566122055053711,20100,0.0,0.0
2010-02-01 00:00:00-05:00,4.546095222782844,4.576135709927817,4.541088395345791,4.566122055053711,37900,0.0,0.0
2010-02-02 00:00:00-05:00,4.566121065188877,4.576134717892177,4.556107889962819,4.571127891540527,37700,0.0,0.0
2010-02-03 00:00:00-05:00,4.581141066766586,4.591154719469886,4.561114238837227,4.571127891540527,63800,0.0,0.0
2010-02-04 00:00:00-05:00,4.571127486196445,4.586147486442257,4.5611138343811035,4.5611138343811035,14200,0.0,0.0
2010-02-05 00:00:00-05:00,4.581141066766586,4.581141066766586,4.556107889962819,4.571127891540527,31600,0.0,0.0
2010-02-08 00:00:00-05:00,4.556106159122558,4.581139326416358,4.531072514351696,4.546092510223389,38600,0.0,0.0
2010-02-09 00:00:00-05:00,4.546093904910378,4.576134383346881,4.541087078924759,4.551100730895996,19200,0.0,0.0
2010-02-10 00:00:00-05:00,4.570207849100126,4.590318755211868,4.5651800027017355,4.585290908813477,16700,0.038,0.0
2010-02-11 00:00:00-05:00,4.5953407990635515,4.600368159632061,4.555119037628174,4.555119037628174,47400,0.0,0.0
2010-02-12 00:00:00-05:00,4.550096035003662,4.570206937102216,4.5450681896085925,4.550096035003662,44000,0.0,0.0
2010-02-16 00:00:00-05:00,4.540042343550122,4.580264165460051,4.540042343550122,4.575236797332764,21900,0.0,0.0
2010-02-17 00:00:00-05:00,4.575233417383978,4.575233417383978,4.535011625187856,4.545066833496094,32500,0.0,0.0
2010-02-18 00:00:00-05:00,4.550094705807917,4.550094705807917,4.4947893815816595,4.509872913360596,74900,0.0,0.0
2010-02-19 00:00:00-05:00,4.504844810810482,4.519927862241911,4.494789123535156,4.494789123535156,38600,0.0,0.0
2010-02-22 00:00:00-05:00,4.454571264113938,4.499820937818129,4.454571264113938,4.484737873077393,74200,0.0,0.0
2010-02-23 00:00:00-05:00,4.454569295242719,4.514902007021243,4.454569295242719,4.4897637367248535,33200,0.0,0.0
2010-02-24 00:00:00-05:00,4.474678271613406,4.535011436884006,4.474678271613406,4.524955749511719,34700,0.0,0.0
2010-02-25 00:00:00-05:00,4.509873059546985,4.524956112333247,4.499817371368408,4.499817371368408,87300,0.0,0.0
2010-02-26 00:00:00-05:00,4.484733958985695,4.540038801088586,4.484733958985695,4.524955749511719,33400,0.0,0.0
2010-03-01 00:00:00-05:00,4.560146398196682,4.560146398196682,4.5249524768110305,4.555119037628174,26000,0.0,0.0
2010-03-02 00:00:00-05:00,4.5048463854114855,4.570206937102216,4.5048463854114855,4.550096035003662,54300,0.0,0.0
2010-03-03 00:00:00-05:00,4.560151576995849,4.570207268515188,4.560151576995849,4.56015157699585,19800,0.0,0.0
2010-03-04 00:00:00-05:00,4.545069793136783,4.575236396668437,4.545069793136783,4.570208549499512,30000,0.0,0.0
2010-03-05 00:00:00-05:00,4.555125512317498,4.600374698638916,4.555125512317498,4.600374698638916,52500,0.0,0.0
2010-03-08 00:00:00-05:00,4.610428518560867,4.610428518560867,4.565178871154785,4.565178871154785,20400,0.0,0.0
2010-03-09 00:00:00-05:00,4.5651800027017355,4.590318755211868,4.5651800027017355,4.585290908813477,33100,0.0,0.0
2010-03-10 00:00:00-05:00,4.570208400127231,4.595347155668327,4.570208400127231,4.580263614654541,32900,0.0,0.0
2010-03-11 00:00:00-05:00,4.6044975877133,4.6044975877133,4.5843024418611025,4.5994486808776855,31500,0.038,0.0
2010-03-12 00:00:00-05:00,4.589352620007921,4.609547771454443,4.589352620007921,4.604498863220215,43600,0.0,0.0
2010-03-15 00:00:00-04:00,4.569155865281316,4.604497247539123,4.569155865281316,4.579253196716309,50200,0.0,0.0
2010-03-16 00:00:00-04:00,4.574206208853052,4.599449786116589,4.5691573008041955,4.5944013595581055,43300,0.0,0.0
2010-03-17 00:00:00-04:00,4.5792528881336665,4.589350700378418,4.483326079259471,4.589350700378418,65200,0.0,0.0
2010-03-18 00:00:00-04:00,4.584303711773694,4.609547771454443,4.584303711773694,4.604498863220215,26500,0.0,0.0
2010-03-19 00:00:00-04:00,4.609543323516846,4.609543323516846,4.5943970949197706,4.609543323516846,20700,0.0,0.0
2010-03-22 00:00:00-04:00,4.599448692662358,4.619643838566299,4.599448692662358,4.614595413208008,17200,0.0,0.0
2010-03-23 00:00:00-04:00,4.604499350734592,4.619645595550537,4.599450441965797,4.619645595550537,21400,0.0,0.0
2010-03-24 00:00:00-04:00,4.619643838566299,4.629741652263399,4.604497599510908,4.614595413208008,32200,0.0,0.0
2010-03-25 00:00:00-04:00,4.61459667968867,4.6196451064325075,4.599449954985987,4.604498863220215,27800,0.0,0.0
2010-03-26 00:00:00-04:00,4.604495396442954,4.624690532684326,4.5943980690672825,4.624690532684326,40100,0.0,0.0
2010-03-29 00:00:00-04:00,4.629740084881491,4.639837413669918,4.609544945814542,4.634788990020752,19600,0.0,0.0
2010-03-30 00:00:00-04:00,4.629739437117176,4.644885668925697,4.609544300875804,4.624690532684326,27800,0.0,0.0
2010-03-31 00:00:00-04:00,4.644885540008546,4.665080675689408,4.614593077232259,4.644885540008545,39200,0.0,0.0
2010-04-01 00:00:00-04:00,4.67013036301539,4.6751792681546505,4.619642274602969,4.634788990020752,23900,0.0,0.0
2010-04-05 00:00:00-04:00,4.6398366357158265,4.660031771396689,4.624690404327683,4.644885540008545,28000,0.0,0.0
2010-04-06 00:00:00-04:00,4.639839000943864,4.6448879078103396,4.614595429592005,4.629741668701172,39300,0.0,0.0
2010-04-07 00:00:00-04:00,4.629739437117176,4.6398367644928475,4.609544300875804,4.624690532684326,25100,0.0,0.0
2010-04-08 00:00:00-04:00,4.624689552113921,4.654982490797996,4.599445516792178,4.609543323516846,32300,0.0,0.0
2010-04-09 00:00:00-04:00,4.604495396442954,4.644885668925697,4.604495396442954,4.624690532684326,15600,0.0,0.0
2010-04-12 00:00:00-04:00,4.609546506359458,4.629741652263399,4.609546506359458,4.614595413208008,30400,0.0,0.0
2010-04-13 00:00:00-04:00,4.633861064910888,4.63893056713419,4.618651107739631,4.633861064910889,26800,0.038,0.0
2010-04-14 00:00:00-04:00,4.638927953456162,4.649067919190578,4.628788471221924,4.628788471221924,11200,0.0,0.0
2010-04-15 00:00:00-04:00,4.654141233904323,4.654141233904323,4.62879178492108,4.6389312744140625,9500,0.0,0.0
2010-04-16 00:00:00-04:00,4.6389312744140625,4.664280723397305,4.62879178492108,4.6389312744140625,34700,0.0,0.0
2010-04-19 00:00:00-04:00,4.618651811927573,4.644001260910816,4.618651811927573,4.6389312744140625,8700,0.0,0.0
2010-04-20 00:00:00-04:00,4.633859139161023,4.6541385901278005,4.633859139161023,4.643998622894287,15800,0.0,0.0
2010-04-21 00:00:00-04:00,4.64906783860722,4.669347286224365,4.643997855827891,4.669347286224365,20600,0.0,0.0
2010-04-22 00:00:00-04:00,4.6794901993870415,4.699770145374055,4.6389312744140625,4.6389312744140625,59300,0.0,0.0
2010-04-23 00:00:00-04:00,4.638928596048201,4.664278030395508,4.638928596048201,4.664278030395508,10700,0.0,0.0
2010-04-26 00:00:00-04:00,4.674419931580553,4.689629405081774,4.654140472412109,4.654140472412109,16800,0.0,0.0
2010-04-27 00:00:00-04:00,4.643999927171436,4.694698810577392,4.643999927171436,4.694698810577393,33800,0.0,0.0
2010-04-28 00:00:00-04:00,4.6997690485384105,4.714978520978549,4.669349620157723,4.689629077911377,32900,0.0,0.0
2010-04-29 00:00:00-04:00,4.689626466712947,4.714975895665478,4.674417002741485,4.684556484222412,30300,0.0,0.0
2010-04-30 00:00:00-04:00,4.709909292648111,4.714979278776482,4.674420356750488,4.674420356750488,24900,0.0,0.0
2010-05-03 00:00:00-04:00,4.714978520978549,4.714978520978549,4.67441960547124,4.689629077911377,22400,0.0,0.0
2010-05-04 00:00:00-04:00,4.674417269003694,4.704836198679328,4.669347286224365,4.669347286224365,33000,0.0,0.0
2010-05-05 00:00:00-04:00,4.679487497603795,4.6946974483123265,4.664278030395508,4.664278030395508,24700,0.0,0.0
2010-05-06 00:00:00-04:00,4.679489538557974,4.679489538557974,4.613581657409668,4.613581657409668,44900,0.0,0.0
2010-05-07 00:00:00-04:00,4.5983690575188545,4.649067919190578,4.5983690575188545,4.628788471221924,22100,0.0,0.0
2010-05-10 00:00:00-04:00,4.6642807789257885,4.6896302282108175,4.61358236385626,4.618651866912842,44900,0.0,0.0
2010-05-11 00:00:00-04:00,4.618648162345889,4.689626466712947,4.603438698374427,4.684556484222412,33400,0.0,0.0
2010-05-12 00:00:00-04:00,4.6784496135355775,4.714085578918457,4.673359177478311,4.714085578918457,32500,0.038,0.0
2010-05-13 00:00:00-04:00,4.708993022334702,4.719174861907959,4.693720748471648,4.719174861907959,19400,0.0,0.0
2010-05-14 00:00:00-04:00,4.719175140818288,4.724265575408936,4.708993300643268,4.7242655754089355,9200,0.0,0.0
2010-05-17 00:00:00-04:00,4.678448813112973,4.719175693082273,4.652995180690422,4.663176536560059,31500,0.0,0.0
2010-05-18 00:00:00-04:00,4.668269576396302,4.6886327828763354,4.658087730407716,4.658087730407715,35700,0.0,0.0
2010-05-19 00:00:00-04:00,4.673356117478954,4.678446550203129,4.632629742705442,4.647902011871338,21800,0.0,0.0
2010-05-20 00:00:00-04:00,4.632632331041454,4.668267807504295,4.607178211212158,4.607178211212158,22800,0.0,0.0
2010-05-21 00:00:00-04:00,4.479908097562634,4.622450488910953,4.479908097562634,4.607178211212158,61500,0.0,0.0
2010-05-24 00:00:00-04:00,4.6071799569562,4.678450936887749,4.6071799569562,4.658087730407715,34600,0.0,0.0
2010-05-25 00:00:00-04:00,4.6784479891117625,4.719174861907959,4.632631167522602,4.719174861907959,55400,0.0,0.0
2010-05-26 00:00:00-04:00,4.683541356856681,4.719177328492192,4.683541356856681,4.693723201751709,13700,0.0,0.0
2010-05-27 00:00:00-04:00,4.719175693082273,4.719175693082273,4.663176536560059,4.663176536560059,23100,0.0,0.0
2010-05-28 00:00:00-04:00,4.68353746842399,4.693719304865709,4.647902011871338,4.647902011871338,25800,0.0,0.0
2010-06-01 00:00:00-04:00,4.688632985247775,4.688632985247775,4.64281564731584,4.6529974937438965,16900,0.0,0.0
2010-06-02 00:00:00-04:00,4.698812010349164,4.703902931032442,4.652995180690422,4.663176536560059,30400,0.0,0.0
2010-06-03 00:00:00-04:00,4.66317707469478,4.683540274280903,4.642813875108658,4.673358917236328,36600,0.0,0.0
2010-06-04 00:00:00-04:00,4.673360499390594,4.6886327828763354,4.637724523927681,4.658087730407715,11200,0.0,0.0
2010-06-07 00:00:00-04:00,4.683541859882042,4.683541859882042,4.637724523927681,4.658087730407715,55000,0.0,0.0
2010-06-08 00:00:00-04:00,4.647905952757274,4.688632362062063,4.647905952757274,4.668269157409668,25200,0.0,0.0
2010-06-09 00:00:00-04:00,4.668266639848008,4.703902107397481,4.658084800264254,4.683538913726807,23600,0.0,0.0
2010-06-10 00:00:00-04:00,4.688631189022557,4.719176231107692,4.688631189022557,4.708994388580322,25000,0.0,0.0
2010-06-11 00:00:00-04:00,4.692635321180086,4.7386416262896205,4.687523401168022,4.697746753692627,36800,0.038,0.0
2010-06-14 00:00:00-04:00,4.692635321180086,4.713082513728821,4.677299561143892,4.697746753692627,24700,0.0,0.0
2010-06-15 00:00:00-04:00,4.687524068261528,4.7028593429806,4.682412147521973,4.682412147521973,17500,0.0,0.0
2010-06-16 00:00:00-04:00,4.702861328764416,4.713085174560546,4.687526047570019,4.713085174560547,16900,0.0,0.0
2010-06-17 00:00:00-04:00,4.718194617699671,4.718194617699671,4.672188793542455,4.682412147521973,43600,0.0,0.0
2010-06-18 00:00:00-04:00,4.7028615570783705,4.718196839017263,4.677302428847002,4.707973480224609,30100,0.0,0.0
2010-06-21 00:00:00-04:00,4.728417786265491,4.728417786265491,4.687523401168022,4.697746753692627,17600,0.0,0.0
2010-06-22 00:00:00-04:00,4.692635321180086,4.713082513728821,4.687523401168022,4.697746753692627,35600,0.0,0.0
2010-06-23 00:00:00-04:00,4.713085174560546,4.728420455754943,4.692637970468085,4.713085174560547,33000,0.0,0.0
2010-06-24 00:00:00-04:00,4.7284190541036795,4.738642896869143,4.702859934689674,4.723307132720947,22200,0.0,0.0
2010-06-25 00:00:00-04:00,4.702859401702881,4.733530439023593,4.687524126792325,4.702859401702881,45400,0.0,0.0
2010-06-28 00:00:00-04:00,4.72841812417828,4.738641964933048,4.713082850545685,4.733530044555664,20100,0.0,0.0
2010-06-29 00:00:00-04:00,4.733532608455978,4.733532608455978,4.7028615570783705,4.707973480224609,33000,0.0,0.0
2010-06-30 00:00:00-04:00,4.707971322506266,4.733530439023593,4.702859401702881,4.702859401702881,27700,0.0,0.0
2010-07-01 00:00:00-04:00,4.743751778419692,4.748863697052002,4.6977454857276815,4.748863697052002,34000,0.0,0.0
2010-07-02 00:00:00-04:00,4.753978173517685,4.753978173517685,4.692636579423866,4.723307132720947,21400,0.0,0.0
2010-07-06 00:00:00-04:00,4.738641047664827,4.743752479553223,4.707970018837133,4.743752479553223,30300,0.0,0.0
2010-07-07 00:00:00-04:00,4.743755361099115,4.753979206085205,4.707972878647322,4.753979206085205,51700,0.0,0.0
2010-07-08 00:00:00-04:00,4.733530828128493,4.759089946746826,4.728418906904898,4.759089946746826,15100,0.0,0.0
2010-07-09 00:00:00-04:00,4.733530828128493,4.769313301694375,4.733530828128493,4.759089946746826,27000,0.0,0.0
2010-07-12 00:00:00-04:00,4.759088077138763,4.7693114280700675,4.728417049345951,4.769311428070068,26200,0.0,0.0
2010-07-13 00:00:00-04:00,4.793953250861992,4.793953250861992,4.742625933302858,4.783687591552734,31800,0.038,0.0
2010-07-14 00:00:00-04:00,4.773422435051438,4.799086093902588,4.763156775713546,4.799086093902588,24200,0.0,0.0
2010-07-15 00:00:00-04:00,4.788817882537842,4.793950709471433,4.778552718163977,4.788817882537842,12700,0.0,0.0
2010-07-16 00:00:00-04:00,4.758024422266745,4.799086080516621,4.7477587629574876,4.783687591552734,22600,0.0,0.0
2010-07-19 00:00:00-04:00,4.793953264233642,4.799086093902588,4.763156775713546,4.799086093902588,42100,0.0,0.0
2010-07-20 00:00:00-04:00,4.752891605869234,4.799086093902588,4.752891605869234,4.799086093902588,15100,0.0,0.0
2010-07-21 00:00:00-04:00,4.768286151704056,4.804214954376221,4.763153325752826,4.804214954376221,17000,0.0,0.0
2010-07-22 00:00:00-04:00,4.8042191255834865,4.840148448944092,4.793953954261634,4.840148448944092,29500,0.0,0.0
2010-07-23 00:00:00-04:00,4.860673726323951,4.860673726323951,4.809346459890327,4.85040807723999,21400,0.0,0.0
2010-07-26 00:00:00-04:00,4.865808538297778,4.8760741926074385,4.804216080919832,4.814481735229492,32600,0.0,0.0
2010-07-27 00:00:00-04:00,4.804216588586628,4.84527823117762,4.799084250382797,4.829880237579346,10800,0.0,0.0
2010-07-28 00:00:00-04:00,4.799082617918215,4.8298785946391485,4.799082617918215,4.804214954376221,16300,0.0,0.0
2010-07-29 00:00:00-04:00,4.8401429176491195,4.860673726323951,4.814479284432307,4.85040807723999,22100,0.0,0.0
2010-07-30 00:00:00-04:00,4.81447997799136,4.8401436149051955,4.809347152709961,4.809347152709961,23000,0.0,0.0
2010-08-02 00:00:00-04:00,4.8812046854775,4.896602670085042,4.824744592761333,4.845275402069092,25200,0.0,0.0
2010-08-03 00:00:00-04:00,4.896603257597565,4.9120012440526155,4.845275983423179,4.891470432281494,18600,0.0,0.0
2010-08-04 00:00:00-04:00,4.896605068868589,4.927401542663575,4.891472241653867,4.927401542663574,19100,0.0,0.0
2010-08-05 00:00:00-04:00,4.927401542663575,4.937666707599673,4.9017378960833105,4.927401542663574,15000,0.0,0.0
2010-08-06 00:00:00-04:00,4.937666707599673,4.942799534814395,4.906870723298033,4.927401542663574,18100,0.0,0.0
2010-08-09 00:00:00-04:00,4.901738904861973,4.958198547363281,4.901738904861973,4.958198547363281,21800,0.0,0.0
2010-08-10 00:00:00-04:00,4.932535663485118,4.968464977483189,4.932535663485118,4.947934150695801,35200,0.0,0.0
2010-08-11 00:00:00-04:00,4.926291115332539,4.977821060004509,4.915984831539749,4.9417500495910645,25600,0.038,0.0
2010-08-12 00:00:00-04:00,4.957208118413745,5.024197477079811,4.952054977416992,4.952054977416992,26800,0.0,0.0
2010-08-13 00:00:00-04:00,4.931442852260086,4.962361206480244,4.895371848528709,4.946902275085449,24700,0.0,0.0
2010-08-16 00:00:00-04:00,4.9572089609785,5.024198331030587,4.9572089609785,4.9984331130981445,47000,0.0,0.0
2010-08-17 00:00:00-04:00,5.029350825656574,5.029350825656574,4.97782039642334,4.97782039642334,46900,0.0,0.0
2010-08-18 00:00:00-04:00,4.982968086123722,5.02419218783773,4.936590848837949,5.00873327255249,44500,0.0,0.0
2010-08-19 00:00:00-04:00,4.9262904586207,4.97782039642334,4.921137317411258,4.97782039642334,54500,0.0,0.0
2010-08-20 00:00:00-04:00,4.97781832216999,5.019042451806274,4.97781832216999,5.013889312744141,10700,0.0,0.0
2010-08-23 00:00:00-04:00,5.024195894554913,5.024195894554913,4.982971762426844,4.993277549743652,32500,0.0,0.0
2010-08-24 00:00:00-04:00,4.9572089609785,5.019045189157967,4.946903168663918,4.9984331130981445,22600,0.0,0.0
2010-08-25 00:00:00-04:00,4.977817971768237,5.0087363125342215,4.962359047100423,4.972664833068848,18500,0.0,0.0
2010-08-26 00:00:00-04:00,4.982971762426844,5.0087369678644915,4.967512835736423,4.993277549743652,20500,0.0,0.0
2010-08-27 00:00:00-04:00,5.024198557458826,5.024198557458826,4.962362326492553,4.967515468597412,29600,0.0,0.0
2010-08-30 00:00:00-04:00,4.9623572703846595,5.0035813823592425,4.9623572703846595,4.988122463226318,10900,0.0,0.0
2010-08-31 00:00:00-04:00,5.003585404523373,5.013891195086305,4.952054977416992,4.952054977416992,39500,0.0,0.0
2010-09-01 00:00:00-04:00,5.02419628037433,5.02419628037433,4.977819005311233,4.982972145080566,30700,0.0,0.0
2010-09-02 00:00:00-04:00,4.982972013711752,5.0241961479187,4.982972013711752,5.024196147918701,34700,0.0,0.0
2010-09-03 00:00:00-04:00,5.019042451806274,5.024195590868406,4.998430386988132,5.013889312744141,20300,0.0,0.0
2010-09-07 00:00:00-04:00,4.998430901808887,5.019042968749999,4.998430901808887,5.01904296875,30600,0.0,0.0
2010-09-08 00:00:00-04:00,5.024199326083249,5.024199326083249,4.988128308692287,5.003587245941162,30800,0.0,0.0
2010-09-09 00:00:00-04:00,4.993273865837195,5.013885916694199,4.993273865837195,5.00873327255249,31600,0.0,0.0
2010-09-10 00:00:00-04:00,5.019039052265964,5.019039052265964,4.993273865837195,5.00873327255249,32200,0.0,0.0
2010-09-13 00:00:00-04:00,5.012876495636098,5.028396592999432,4.9663176836240455,4.99735689163208,51600,0.038,0.0
2010-09-14 00:00:00-04:00,4.9818379095855025,5.002530881960712,4.924932358893522,4.9766645431518555,74300,0.0,0.0
2010-09-15 00:00:00-04:00,4.961147154537354,4.971493398669404,4.8990682096662646,4.90424108505249,59100,0.0,0.0
2010-09-16 00:00:00-04:00,4.816289826993713,4.914581234607939,4.816289826993713,4.8680219650268555,62800,0.0,0.0
2010-09-17 00:00:00-04:00,4.90940965910714,4.924929750187179,4.888716697692871,4.888716697692871,15600,0.0,0.0
2010-09-20 00:00:00-04:00,4.919754596418935,4.976660096263073,4.8680219650268555,4.8680219650268555,41200,0.0,0.0
2010-09-21 00:00:00-04:00,4.89389484092044,4.9094144537983135,4.852508877673047,4.90424108505249,49100,0.0,0.0
2010-09-22 00:00:00-04:00,4.862850529282461,4.940449507105804,4.862850529282461,4.883543491363525,39000,0.0,0.0
2010-09-23 00:00:00-04:00,4.90940981730464,4.930102779385705,4.857677658781544,4.883543491363525,53100,0.0,0.0
2010-09-24 00:00:00-04:00,4.904235683125638,4.909409046173096,4.868023128511542,4.909409046173096,33700,0.0,0.0
2010-09-27 00:00:00-04:00,4.9145882884785514,4.966320994122183,4.878375690543796,4.919761657714844,54100,0.0,0.0
2010-09-28 00:00:00-04:00,4.924929111963575,4.924929111963575,4.873196468452399,4.893889427185059,27400,0.0,0.0
2010-09-29 00:00:00-04:00,4.9145818820898555,4.919755244582427,4.878369331359864,4.878369331359863,19500,0.0,0.0
2010-09-30 00:00:00-04:00,4.9145823859177185,4.9145823859177185,4.883542701139203,4.893889427185059,12900,0.0,0.0
2010-10-01 00:00:00-04:00,4.95596947194312,4.95596947194312,4.893890581107658,4.935276508331299,25600,0.0,0.0
2010-10-04 00:00:00-04:00,4.955969791868721,4.955969791868721,4.899064261602551,4.940450191497803,30100,0.0,0.0
2010-10-05 00:00:00-04:00,4.94562801053666,4.94562801053666,4.89906867412932,4.919761657714844,30100,0.0,0.0
2010-10-06 00:00:00-04:00,4.914583185423185,4.930102783657648,4.899063587188722,4.899063587188721,21900,0.0,0.0
2010-10-07 00:00:00-04:00,4.878369331359864,4.909408519597285,4.862849243882152,4.878369331359863,45100,0.0,0.0
2010-10-08 00:00:00-04:00,4.899062790207987,4.9145823859177185,4.888716064162131,4.893889427185059,13400,0.0,0.0
2010-10-11 00:00:00-04:00,4.919756386493833,4.935275984214756,4.888716697692871,4.888716697692871,38800,0.0,0.0
2010-10-12 00:00:00-04:00,4.909409022894791,4.9145823859177185,4.888716064162131,4.893889427185059,23800,0.0,0.0
2010-10-13 00:00:00-04:00,4.918823438236709,4.918823438236709,4.892852783203125,4.892852783203125,30200,0.038,0.0
2010-10-14 00:00:00-04:00,4.887658486027963,4.90324068069458,4.887658486027963,4.90324068069458,23200,0.0,0.0
2010-10-15 00:00:00-04:00,4.908435244262105,4.908435244262105,4.856494426727295,4.856494426727295,31100,0.0,0.0
2010-10-18 00:00:00-04:00,4.87727089623616,4.903241057560257,4.840911778754089,4.851300239562988,41100,0.0,0.0
2010-10-19 00:00:00-04:00,4.856492310817026,4.8876566886901855,4.856492310817026,4.8876566886901855,15500,0.0,0.0
2010-10-20 00:00:00-04:00,4.887658818178367,4.908435244262105,4.851300196369092,4.856494426727295,32400,0.0,0.0
2010-10-21 00:00:00-04:00,4.851302264624555,4.872078699565909,4.835720062255859,4.835720062255859,39000,0.0,0.0
2010-10-22 00:00:00-04:00,4.840910869295751,4.87207575051845,4.840910869295751,4.846105098724365,24700,0.0,0.0
2010-10-25 00:00:00-04:00,4.851302264624555,4.882466669361946,4.8305258296832,4.835720062255859,74400,0.0,0.0
2010-10-26 00:00:00-04:00,4.851301397122913,4.866883596705225,4.82533073425293,4.82533073425293,49000,0.0,0.0
2010-10-27 00:00:00-04:00,4.814939661106256,4.8616862297058105,4.814939661106256,4.8616862297058105,23200,0.0,0.0
2010-10-28 00:00:00-04:00,4.861688205022811,4.87727089623616,4.8253295828898155,4.851300239562988,24700,0.0,0.0
2010-10-29 00:00:00-04:00,4.861686106710895,4.892850980337705,4.846103917571921,4.8772687911987305,29900,0.0,0.0
2010-11-01 00:00:00-04:00,4.924015483187426,4.924015483187426,4.856492496760665,4.8616862297058105,37300,0.0,0.0
2010-11-02 00:00:00-04:00,4.856494469967437,4.866882435427261,4.830523813294265,4.851300239562988,35200,0.0,0.0
2010-11-03 00:00:00-04:00,4.856492496760665,4.8616862297058105,4.83571607893346,4.8616862297058105,12900,0.0,0.0
2010-11-04 00:00:00-04:00,4.83571607893346,4.8616862297058105,4.830521850639441,4.8616862297058105,49400,0.0,0.0
2010-11-05 00:00:00-04:00,4.846105098724365,4.861687291661223,4.83571713521612,4.846105098724365,27900,0.0,0.0
2010-11-08 00:00:00-05:00,4.872076821608955,4.872076821608955,4.83052396774292,4.83052396774292,22400,0.0,0.0
2010-11-09 00:00:00-05:00,4.861690973886013,4.861690973886013,4.799361659581631,4.804555892944336,62100,0.0,0.0
2010-11-10 00:00:00-05:00,4.808727432405676,4.808727432405676,4.647045493284812,4.714847564697266,153900,0.038,0.0
2010-11-11 00:00:00-05:00,4.76700322126132,4.76700322126132,4.62096775900123,4.683554172515869,55600,0.0,0.0
2010-11-12 00:00:00-05:00,4.6626919792882076,4.720063230706213,4.652261159189312,4.704416751861572,22800,0.0,0.0
2010-11-15 00:00:00-05:00,4.720060486219898,4.720060486219898,4.563594296573213,4.594887733459473,91600,0.0,0.0
2010-11-16 00:00:00-05:00,4.485358674889478,4.6418242703223696,4.401909727295407,4.568807125091553,202400,0.0,0.0
2010-11-17 00:00:00-05:00,4.5479511742835905,4.641830559256397,4.5479511742835905,4.579244136810303,69100,0.0,0.0
2010-11-18 00:00:00-05:00,4.580804573444825,4.606891260159776,4.512979387010817,4.570370197296143,97600,0.003,0.0
2010-11-19 00:00:00-05:00,4.53907066852255,4.685155565417626,4.53907066852255,4.606895923614502,40300,0.0,0.0
2010-11-22 00:00:00-05:00,4.580807949099535,4.747762568568873,4.580807949099535,4.742545127868652,81500,0.0,0.0
2010-11-23 00:00:00-05:00,4.747761607889171,4.784282690275841,4.679936385197905,4.763413429260254,61000,0.0,0.0
2010-11-24 00:00:00-05:00,4.81036771668231,4.826019532605762,4.747759955426247,4.77384614944458,27900,0.0,0.0
2010-11-26 00:00:00-05:00,4.773847692625967,4.779065132141113,4.747761490175077,4.779065132141113,15900,0.0,0.0
2010-11-29 00:00:00-05:00,4.747761607889171,4.784282690275841,4.747761607889171,4.763413429260254,17300,0.0,0.0
2010-11-30 00:00:00-05:00,4.758192529990978,4.7842792116837565,4.7321058482982,4.73732328414917,51100,0.0,0.0
2010-12-01 00:00:00-05:00,4.773849914481305,4.773849914481305,4.66950356342539,4.685155391693115,35100,0.0,0.0
2010-12-02 00:00:00-05:00,4.721677275475801,4.747763989220179,4.6121134757995605,4.6121134757995605,45100,0.0,0.0
2010-12-03 00:00:00-05:00,4.60689353433308,4.700805453841257,4.60689353433308,4.627762794494629,28700,0.0,0.0
2010-12-06 00:00:00-05:00,4.6277609958972725,4.648630247947906,4.580805054392794,4.591239929199219,59200,0.0,0.0
2010-12-07 00:00:00-05:00,4.5912398107289585,4.606891624972507,4.565153121948242,4.565153121948242,57100,0.0,0.0
2010-12-08 00:00:00-05:00,4.612109062241091,4.612109062241091,4.565153121948242,4.565153121948242,33900,0.0,0.0
2010-12-09 00:00:00-05:00,4.544283870436109,4.565153121948242,4.512979744386809,4.565153121948242,32500,0.0,0.0
2010-12-10 00:00:00-05:00,4.554720895762451,4.554720895762451,4.48689616208285,4.512982368469238,52200,0.0,0.0
2010-12-13 00:00:00-05:00,4.532893373633509,4.532893373633509,4.454288482666016,4.454288482666016,91100,0.038,0.0
2010-12-14 00:00:00-05:00,4.4542905366022705,4.459530998351943,4.375685609388936,4.407127380371094,100400,0.0,0.0
2010-12-15 00:00:00-05:00,4.3966425919112275,4.459526571206107,4.3966425919112275,4.449045658111572,71000,0.0,0.0
2010-12-16 00:00:00-05:00,4.4542905743720596,4.55385684967041,4.4542905743720596,4.55385684967041,65800,0.0,0.0
2010-12-17 00:00:00-05:00,4.5800567562259,4.621979433647274,4.538134078804526,4.543374538421631,81300,0.0,0.0
2010-12-20 00:00:00-05:00,4.564337178517061,4.564337178517061,4.417607765706731,4.428088188171387,101600,0.0,0.0
2010-12-21 00:00:00-05:00,4.428088480705008,4.527655249365267,4.428088480705008,4.490972518920898,62800,0.0,0.0
2010-12-22 00:00:00-05:00,4.470010757446289,4.490972101570293,4.417607647015211,4.470010757446289,83700,0.0,0.0
2010-12-23 00:00:00-05:00,4.443809071747309,4.470010877545767,4.42284772706012,4.428088188171387,52000,0.0,0.0
2010-12-27 00:00:00-05:00,4.475250877158506,4.475250877158506,4.39140550705608,4.422847270965576,100300,0.0,0.0
2010-12-28 00:00:00-05:00,4.422848328989035,4.443809676528967,4.370445210018181,4.386166095733643,133200,0.0,0.0
2010-12-29 00:00:00-05:00,4.412366849581686,4.422847270965576,4.365203703959615,4.422847270965576,91100,0.0,0.0
2010-12-30 00:00:00-05:00,4.396644929273701,4.454288482666016,4.396644929273701,4.454288482666016,58900,0.0,0.0
2010-12-31 00:00:00-05:00,4.475249172453101,4.527652758684534,4.433326503371011,4.522412300109863,69200,0.0,0.0
2011-01-03 00:00:00-05:00,4.527652758684534,4.527652758684534,4.459528296486726,4.522412300109863,33100,0.0,0.0
2011-01-04 00:00:00-05:00,4.527656144713992,4.527656144713992,4.485733444279808,4.511934757232666,38600,0.0,0.0
2011-01-05 00:00:00-05:00,4.532897089263678,4.5433780165213715,4.480493952249567,4.501455307006836,63300,0.0,0.0
2011-01-06 00:00:00-05:00,4.5433780165213715,4.5433780165213715,4.485734415878414,4.501455307006836,35300,0.0,0.0
2011-01-07 00:00:00-05:00,4.496212560205539,4.517173904318656,4.464770793914795,4.464770793914795,19000,0.0,0.0
2011-01-10 00:00:00-05:00,4.45428949403745,4.47525083637202,4.417607269891409,4.433328151702881,54100,0.0,0.0
2011-01-11 00:00:00-05:00,4.417608674682689,4.459531372683167,4.417608674682689,4.443809986114502,21600,0.0,0.0
2011-01-12 00:00:00-05:00,4.453284259486556,4.453284259486556,4.353269822510816,4.369061470031738,89500,0.038,0.0
2011-01-13 00:00:00-05:00,4.3795890666713175,4.3795890666713175,4.342741721795429,4.348005771636963,100800,0.0,0.0
2011-01-14 00:00:00-05:00,4.348006251045168,4.348006251045168,4.290102700418738,4.30589485168457,172400,0.0,0.0
2011-01-18 00:00:00-05:00,4.316421512081289,4.3585329022863855,4.274310121876193,4.337477207183838,55800,0.0,0.0
2011-01-19 00:00:00-05:00,4.332214099779335,4.363797900303521,4.2743110511603835,4.30589485168457,98400,0.0,0.0
2011-01-20 00:00:00-05:00,4.305891054271023,4.358530006045148,4.295362962711977,4.32694673538208,112600,0.0,0.0
2011-01-21 00:00:00-05:00,4.337479802555611,4.437494790643148,4.337479802555611,4.384855270385742,127600,0.0,0.0
2011-01-24 00:00:00-05:00,4.358532915267169,4.426964050056097,4.358532915267169,4.4217000007629395,73000,0.0,0.0
2011-01-25 00:00:00-05:00,4.384855469162904,4.469078303786663,4.384855469162904,4.453286647796631,34400,0.0,0.0
2011-01-26 00:00:00-05:00,4.43222713470459,4.458546873434688,4.411171444121964,4.43222713470459,54500,0.0,0.0
2011-01-27 00:00:00-05:00,4.474339489679768,4.474339489679768,4.411172404183997,4.4217000007629395,49200,0.0,0.0
2011-01-28 00:00:00-05:00,4.432225694799264,4.469073015846388,4.363794597135249,4.400641918182373,78500,0.0,0.0
2011-01-31 00:00:00-05:00,4.405909061431885,4.4269647599736786,4.379589312752779,4.405909061431885,29300,0.0,0.0
2011-02-01 00:00:00-05:00,4.3848552349591445,4.453286409937828,4.3848552349591445,4.43749475479126,53100,0.0,0.0
2011-02-02 00:00:00-05:00,4.44275592969251,4.448019979262646,4.411172636286493,4.426964282989502,42300,0.0,0.0
2011-02-03 00:00:00-05:00,4.411173354285257,4.448020703258987,4.411173354285257,4.442756652832031,13600,0.0,0.0
2011-02-04 00:00:00-05:00,4.4374940530868585,4.4374940530868585,4.400646194228092,4.411174297332764,38700,0.0,0.0
2011-02-07 00:00:00-05:00,4.411174994875203,4.463814012699651,4.411174994875203,4.43749475479126,30500,0.0,0.0
2011-02-08 00:00:00-05:00,4.43222881011099,4.437492860248302,4.405909061431885,4.405909061431885,23700,0.0,0.0
2011-02-09 00:00:00-05:00,4.400641918182373,4.421697601924601,4.39537837375214,4.400641918182373,39200,0.0,0.0
2011-02-10 00:00:00-05:00,4.426964282989502,4.432228332559637,4.395380989583485,4.426964282989502,36800,0.0,0.0
2011-02-11 00:00:00-05:00,4.394176986454162,4.452342802998285,4.394176986454162,4.4206156730651855,54100,0.038,0.0
2011-02-14 00:00:00-05:00,4.420619847870687,4.447059063736361,4.404756520065722,4.4311957359313965,35400,0.0,0.0
2011-02-15 00:00:00-05:00,4.441770069003469,4.441770069003469,4.38889215406651,4.4153313636779785,53500,0.0,0.0
2011-02-16 00:00:00-05:00,4.41533270420033,4.4417714175527765,4.410044759815388,4.425908088684082,53000,0.0,0.0
2011-02-17 00:00:00-05:00,4.388892632883068,4.4629218227283936,4.388892632883068,4.441770553588867,63700,0.0,0.0
2011-02-18 00:00:00-05:00,4.441772732191086,4.473499903604947,4.41533401101353,4.436485290527344,100200,0.0,0.0
2011-02-22 00:00:00-05:00,4.404755883046746,4.415331769577963,4.362453345493929,4.3730292320251465,59400,0.0,0.0
2011-02-23 00:00:00-05:00,4.362452016107674,4.415330424077873,4.362452016107674,4.388891220092773,36500,0.0,0.0
2011-02-24 00:00:00-05:00,4.367741294038929,4.415331774914877,4.32543875643498,4.399467945098877,40600,0.0,0.0
2011-02-25 00:00:00-05:00,4.37302573459397,4.4259036121016395,4.362449856521063,4.4206156730651855,49800,0.0,0.0
2011-02-28 00:00:00-05:00,4.399464421204994,4.4311915511380935,4.399464421204994,4.4206156730651855,58000,0.0,0.0
2011-03-01 00:00:00-05:00,4.436483977453967,4.447059361937718,4.410044759815388,4.425908088684082,16800,0.0,0.0
2011-03-02 00:00:00-05:00,4.410044464096076,4.457634951797071,4.404756520065722,4.4311957359313965,53500,0.0,0.0
2011-03-03 00:00:00-05:00,4.43119487610931,4.457634086844762,4.415331551382439,4.447058200836182,31400,0.0,0.0
2011-03-04 00:00:00-05:00,4.431194687730469,4.462921335835448,4.410043420898489,4.4153313636779785,55200,0.0,0.0
2011-03-07 00:00:00-05:00,4.415330227337762,4.420617664470484,4.388891024530751,4.4100422859191895,38800,0.0,0.0
2011-03-08 00:00:00-05:00,4.383604211287021,4.436482630509958,4.383604211287021,4.4153313636779785,37300,0.0,0.0
2011-03-09 00:00:00-05:00,4.404756815430445,4.436483977453967,4.394181430946693,4.425908088684082,18500,0.0,0.0
2011-03-10 00:00:00-05:00,4.425906639104327,4.457633790736523,4.394179991758099,4.452345848083496,36000,0.0,0.0
2011-03-11 00:00:00-05:00,4.440657615661621,4.488463821333042,4.435346209031849,4.440657615661621,16500,0.038,0.0
2011-03-14 00:00:00-04:00,4.445970350265563,4.445970350265563,4.398164135761845,4.43003511428833,25000,0.0,0.0
2011-03-15 00:00:00-04:00,4.44066173401788,4.4565974884021,4.4141031565223035,4.424726486206055,65100,0.0,0.0
2011-03-16 00:00:00-04:00,4.499090234449911,4.499090234449911,4.414101600646973,4.414101600646973,43500,0.0,0.0
2011-03-17 00:00:00-04:00,4.424723200105246,4.456594178631732,4.424723200105246,4.43003511428833,32000,0.0,0.0
2011-03-18 00:00:00-04:00,4.477844571380235,4.477844571380235,4.4300383222580795,4.46190881729126,28700,0.0,0.0
2011-03-21 00:00:00-04:00,4.472529414608965,4.472529414608965,4.424723200105246,4.43003511428833,61200,0.0,0.0
2011-03-22 00:00:00-04:00,4.435346209031849,4.472528588299877,4.435346209031849,4.440657615661621,45800,0.0,0.0
2011-03-23 00:00:00-04:00,4.440661651745011,4.5150269844430735,4.435350240287738,4.46190881729126,45300,0.0,0.0
2011-03-24 00:00:00-04:00,4.456595668003196,4.456595668003196,4.424724678825589,4.4353485107421875,37100,0.0,0.0
2011-03-25 00:00:00-04:00,4.430037248174562,4.467219652222351,4.430037248174562,4.451284408569336,15400,0.0,0.0
2011-03-28 00:00:00-04:00,4.4353515867013815,4.467222091409304,4.4353515867013815,4.45659875869751,9200,0.0,0.0
2011-03-29 00:00:00-04:00,4.472531496260563,4.499090572965363,4.456596252866585,4.488466739654541,31300,0.0,0.0
2011-03-30 00:00:00-04:00,4.493775027786555,4.509710258313543,4.451280742000021,4.504398345947266,56500,0.0,0.0
2011-03-31 00:00:00-04:00,4.50440542353946,4.509717344252147,4.472534912408623,4.499094009399414,22800,0.0,0.0
2011-04-01 00:00:00-04:00,4.504400304562263,4.525647963266336,4.477841744326302,4.509712219238281,39200,0.0,0.0
2011-04-04 00:00:00-04:00,4.536274149989322,4.536274149989322,4.46190881729126,4.46190881729126,33500,0.0,0.0
2011-04-05 00:00:00-04:00,4.4619070773893075,4.504401391911324,4.4353485107421875,4.4353485107421875,76300,0.0,0.0
2011-04-06 00:00:00-04:00,4.445972491827577,4.493778729358883,4.440660575085818,4.451284408569336,50500,0.0,0.0
2011-04-07 00:00:00-04:00,4.44066299977101,4.488469263405432,4.44066299977101,4.45659875869751,19100,0.0,0.0
2011-04-08 00:00:00-04:00,4.451286839055343,4.461910171767137,4.445974919413176,4.45659875869751,30300,0.0,0.0
2011-04-11 00:00:00-04:00,4.4353505429266304,4.445973873138428,4.424726706142414,4.445973873138428,39400,0.0,0.0
2011-04-12 00:00:00-04:00,4.4353485107421875,4.4619070773893075,4.430036594783888,4.4353485107421875,38500,0.0,0.0
2011-04-13 00:00:00-04:00,4.4396183583096285,4.4929793613980245,4.434282665111382,4.455626964569092,33200,0.038,0.0
2011-04-14 00:00:00-04:00,4.423606774797302,4.466295340070862,4.423606774797302,4.444951057434082,20500,0.0,0.0
2011-04-15 00:00:00-04:00,4.434281051062739,4.471633434295654,4.434281051062739,4.471633434295654,12300,0.0,0.0
2011-04-18 00:00:00-04:00,4.476970730308552,4.476970730308552,4.423609733581543,4.423609733581543,23300,0.0,0.0
2011-04-19 00:00:00-04:00,4.43428365200458,4.450291752938562,4.428947448730469,4.428947448730469,24100,0.0,0.0
2011-04-20 00:00:00-04:00,4.466297341348766,4.492977833821811,4.444953049147943,4.450289249420166,57700,0.0,0.0
2011-04-21 00:00:00-04:00,4.450287255315237,4.466295340070862,4.439614859552927,4.444951057434082,19900,0.0,0.0
2011-04-25 00:00:00-04:00,4.439616848875721,4.476969741893211,4.439616848875721,4.450289249420166,51200,0.0,0.0
2011-04-26 00:00:00-04:00,4.476971150143081,4.508987344071109,4.460962544290839,4.503651142120361,33400,0.0,0.0
2011-04-27 00:00:00-04:00,4.503646282739727,4.530326754817323,4.498310595434349,4.524990558624268,41800,0.0,0.0
2011-04-28 00:00:00-04:00,4.535662951010377,4.562343423087975,4.519654871318891,4.524990558624268,46400,0.0,0.0
2011-04-29 00:00:00-04:00,4.524995429822787,4.589028835296631,4.524995429822787,4.589028835296631,38000,0.0,0.0
2011-05-02 00:00:00-04:00,4.6157063261444335,4.6157063261444335,4.567682061393784,4.610370635986328,29000,0.0,0.0
2011-05-03 00:00:00-04:00,4.6423868124867615,4.6423868124867615,4.599698237894217,4.610370635986328,17000,0.0,0.0
2011-05-04 00:00:00-04:00,4.57835339142797,4.610370072906046,4.567681503527203,4.605033874511719,24000,0.0,0.0
2011-05-05 00:00:00-04:00,4.615705966949463,4.63705025258472,4.599697879944999,4.615705966949463,22500,0.0,0.0
2011-05-06 00:00:00-04:00,4.631714257666406,4.647722343616127,4.615705662828809,4.626378059387207,57400,0.0,0.0
2011-05-09 00:00:00-04:00,4.653060661302888,4.653060661302888,4.605035872691194,4.637052059173584,34000,0.0,0.0
2011-05-10 00:00:00-04:00,4.637052673767571,4.674405574798584,4.61570837698764,4.674405574798584,64900,0.0,0.0
2011-05-11 00:00:00-04:00,4.6626125491830495,4.6626125491830495,4.630456886081849,4.641175270080566,30800,0.038,0.0
2011-05-12 00:00:00-04:00,4.662616579885485,4.694772781889879,4.646538734436035,4.646538734436035,25000,0.0,0.0
2011-05-13 00:00:00-04:00,4.651894165184332,4.689409275837416,4.630456886081849,4.641175270080566,36700,0.0,0.0
2011-05-16 00:00:00-04:00,4.625101042768308,4.6465383385763985,4.625101042768308,4.635819435119629,20700,0.0,0.0
2011-05-17 00:00:00-04:00,4.667973955116871,4.716207981109619,4.6411772172203145,4.716207981109619,48900,0.0,0.0
2011-05-18 00:00:00-04:00,4.705490185898414,4.7322869300842285,4.694771794887319,4.7322869300842285,21900,0.0,0.0
2011-05-19 00:00:00-04:00,4.705489081508891,4.743004719006175,4.689411243213063,4.716207981109619,34800,0.0,0.0
2011-05-20 00:00:00-04:00,4.689412343829079,4.7322869300842285,4.684052892770839,4.7322869300842285,23000,0.0,0.0
2011-05-23 00:00:00-04:00,4.6840521899132,4.721567830586147,4.6840521899132,4.689411640167236,18200,0.0,0.0
2011-05-24 00:00:00-04:00,4.6733342006507,4.710849333430461,4.6626152992248535,4.6626152992248535,40200,0.0,0.0
2011-05-25 00:00:00-04:00,4.694769456775761,4.72156618761614,4.678691111608456,4.684050559997559,76000,0.0,0.0
2011-05-26 00:00:00-04:00,4.716207303644758,4.737644588661567,4.694770018627948,4.710847854614258,42100,0.0,0.0
2011-05-27 00:00:00-04:00,4.6947701836435485,4.785878775943644,4.6947701836435485,4.76444149017334,26400,0.0,0.0
2011-05-31 00:00:00-04:00,4.775160112476986,4.7912379498195525,4.689410965176313,4.769800662994385,72100,0.0,0.0
2011-06-01 00:00:00-04:00,4.7751614361622385,4.7858803380987425,4.705490106891088,4.743005752563477,66400,0.0,0.0
2011-06-02 00:00:00-04:00,4.732284344370079,4.743003240629767,4.705487614825963,4.726924896240234,30900,0.0,0.0
2011-06-03 00:00:00-04:00,4.721566752675257,4.7269256906005666,4.689410569597448,4.710847854614258,17600,0.0,0.0
2011-06-06 00:00:00-04:00,4.721567430909983,4.737645269205811,4.716207981109619,4.716207981109619,39100,0.0,0.0
2011-06-07 00:00:00-04:00,4.716207303644758,4.7269256906005666,4.705488405583758,4.710847854614258,23100,0.0,0.0
2011-06-08 00:00:00-04:00,4.68941061081695,4.7162073450998,4.684051161739341,4.700129508972168,37900,0.0,0.0
2011-06-09 00:00:00-04:00,4.716206751852898,4.721566200256348,4.673332186835564,4.721566200256348,30200,0.0,0.0
2011-06-10 00:00:00-04:00,4.732286219988912,4.737645670242949,4.689411640167236,4.689411640167236,18900,0.0,0.0
2011-06-13 00:00:00-04:00,4.720629469434066,4.731394605517348,4.661419424305547,4.688333034515381,18000,0.038,0.0
2011-06-14 00:00:00-04:00,4.726013083728805,4.736778736114502,4.704482292291971,4.736778736114502,22600,0.0,0.0
2011-06-15 00:00:00-04:00,4.769074641031382,4.769074641031382,4.682951475745826,4.709865093231201,54600,0.0,0.0
2011-06-16 00:00:00-04:00,4.704479866938646,4.779837854784695,4.704479866938646,4.747541427612305,38200,0.0,0.0
2011-06-17 00:00:00-04:00,4.720629602585305,4.785221960910164,4.720629602585305,4.769073486328125,61800,0.0,0.0
2011-06-20 00:00:00-04:00,4.747541427612305,4.774455031366914,4.7313934706932566,4.747541427612305,28000,0.0,0.0
2011-06-21 00:00:00-04:00,4.774456850553512,4.774456850553512,4.742160924409866,4.7583088874816895,9600,0.0,0.0
2011-06-22 00:00:00-04:00,4.76907481663597,4.790605608750156,4.763692503608356,4.779840469360352,9200,0.0,0.0
2011-06-23 00:00:00-04:00,4.7852241846907555,4.790606498718262,4.763693388576717,4.790606498718262,29000,0.0,0.0
2011-06-24 00:00:00-04:00,4.790606376696267,4.790606376696267,4.774458408355713,4.774458408355713,13700,0.0,0.0
2011-06-27 00:00:00-04:00,4.785222501491054,4.790604813625334,4.742160924409866,4.7583088874816895,40100,0.0,0.0
2011-06-28 00:00:00-04:00,4.774458951850198,4.7852246075258345,4.752928153833641,4.763693809509277,30800,0.0,0.0
2011-06-29 00:00:00-04:00,4.790605608750156,4.7959884351123465,4.752926850883975,4.779840469360352,10100,0.0,0.0
2011-06-30 00:00:00-04:00,4.774459534469608,4.78522519145896,4.742163590171111,4.752928733825684,38300,0.0,0.0
2011-07-01 00:00:00-04:00,4.774456342959865,4.801369954107924,4.742160420249742,4.795987129211426,44200,0.0,0.0
2011-07-05 00:00:00-04:00,4.8013712223069795,4.817519187927246,4.769074777731874,4.817519187927246,24900,0.0,0.0
2011-07-06 00:00:00-04:00,4.817517915462986,4.833665876818047,4.795987129211426,4.795987129211426,31000,0.0,0.0
2011-07-07 00:00:00-04:00,4.822902014245526,4.8336671535475135,4.8013712223069795,4.817519187927246,29000,0.0,0.0
2011-07-08 00:00:00-04:00,4.79598932608044,4.839050918308517,4.7798413573285785,4.790606498718262,35800,0.0,0.0
2011-07-11 00:00:00-04:00,4.779839831486656,4.806753446371387,4.774457005842808,4.801370620727539,38800,0.0,0.0
2011-07-12 00:00:00-04:00,4.779842219468458,4.839051791128023,4.779842219468458,4.828286647796631,38900,0.0,0.0
2011-07-13 00:00:00-04:00,4.821797286445339,4.865042063546502,4.816391560428092,4.832608222961426,26600,0.038,0.0
2011-07-14 00:00:00-04:00,4.827204277726011,4.881260005511863,4.816392822857715,4.870449066162109,35600,0.0,0.0
2011-07-15 00:00:00-04:00,4.848824705548169,4.854229915271742,4.789362758923867,4.827202320098877,22000,0.0,0.0
2011-07-18 00:00:00-04:00,4.832608307616111,4.8434197598399935,4.783958319163887,4.8217973709106445,39000,0.0,0.0
2011-07-19 00:00:00-04:00,4.843422020561765,4.875855876853865,4.838016291926639,4.859638690948486,8200,0.0,0.0
2011-07-20 00:00:00-04:00,4.843422066101917,4.908289263777371,4.843422066101917,4.875855922698975,22800,0.0,0.0
2011-07-21 00:00:00-04:00,4.8758559226989755,4.892072593238173,4.865044465327069,4.875855922698975,18700,0.0,0.0
2011-07-22 00:00:00-04:00,4.854232702692005,4.9515337508456465,4.838016033172607,4.838016033172607,40300,0.0,0.0
2011-07-25 00:00:00-04:00,4.865042755685989,4.875854209258606,4.810986518859863,4.810986518859863,13600,0.0,0.0
2011-07-26 00:00:00-04:00,4.78395781788372,5.000181684520505,4.78395781788372,4.848824977874756,54700,0.0,0.0
2011-07-27 00:00:00-04:00,4.865042966760501,4.865042966760501,4.762336730957031,4.762336730957031,22200,0.0,0.0
2011-07-28 00:00:00-04:00,4.735310988795638,4.800178199057648,4.7136885853749675,4.7190937995910645,51400,0.0,0.0
2011-07-29 00:00:00-04:00,4.7028766945886264,4.767743898901448,4.627198547316358,4.7353105545043945,48000,0.0,0.0
2011-08-01 00:00:00-04:00,4.7353084363289,4.832608941514779,4.7353084363289,4.756930828094482,44700,0.0,0.0
2011-08-02 00:00:00-04:00,4.783955854024038,4.8217948862726,4.77314440737122,4.805578231811523,43000,0.0,0.0
2011-08-03 00:00:00-04:00,4.783959476904323,4.854231871292143,4.778553749484171,4.80017614364624,50000,0.0,0.0
2011-08-04 00:00:00-04:00,4.810985293529323,4.83801340505848,4.740712925279205,4.789362907409668,57600,0.0,0.0
2011-08-05 00:00:00-04:00,4.805582694133813,4.848827489864625,4.77314883957639,4.838016033172607,36300,0.0,0.0
2011-08-08 00:00:00-04:00,4.816392109283346,4.816392109283346,4.621790590152163,4.654223918914795,62500,0.0,0.0
2011-08-09 00:00:00-04:00,4.6217878913262584,4.756927885133938,4.6217878913262584,4.713683128356934,92600,0.0,0.0
2011-08-10 00:00:00-04:00,4.675847577818294,4.778554349626042,4.675847577818294,4.6920647621154785,39500,0.0,0.0
2011-08-11 00:00:00-04:00,4.680118414574009,4.756129805934834,4.674688918522826,4.707265377044678,29400,0.038,0.0
2011-08-12 00:00:00-04:00,4.712696699346572,4.756131649017333,4.70183770303616,4.756131649017334,25900,0.0,0.0
2011-08-15 00:00:00-04:00,4.739840152987909,4.853856953117435,4.739840152987909,4.832139492034912,19600,0.0,0.0
2011-08-16 00:00:00-04:00,4.832139678129645,4.8375691730556545,4.810422216210741,4.8267107009887695,32100,0.0,0.0
2011-08-17 00:00:00-04:00,4.804994802071581,4.870147209021514,4.804994802071581,4.859288215637207,22100,0.0,0.0
2011-08-18 00:00:00-04:00,4.853858181338992,4.859287677429783,4.82128224036474,4.848429203033447,26700,0.0,0.0
2011-08-19 00:00:00-04:00,4.7724160438362055,4.842997913523448,4.7724160438362055,4.810421466827393,53200,0.0,0.0
2011-08-22 00:00:00-04:00,4.848430788839091,4.848430788839091,4.783278367795544,4.82128381729126,17700,0.0,0.0
2011-08-23 00:00:00-04:00,4.821282942247755,4.870147378608071,4.810423948485321,4.843000411987305,14000,0.0,0.0
2011-08-24 00:00:00-04:00,4.870146987111117,4.870146987111117,4.804994583129883,4.804994583129883,15600,0.0,0.0
2011-08-25 00:00:00-04:00,4.832141029783104,4.83757052622786,4.799565086685127,4.804994583129883,13000,0.0,0.0
2011-08-26 00:00:00-04:00,4.804994792687472,4.837570737206166,4.788706302642822,4.788706302642822,43000,0.0,0.0
2011-08-29 00:00:00-04:00,4.826710591043528,4.832139568060739,4.788704645212315,4.794134140014648,17900,0.0,0.0
2011-08-30 00:00:00-04:00,4.794133502371891,4.826709949067947,4.788704008291706,4.810421466827393,56000,0.0,0.0
2011-08-31 00:00:00-04:00,4.810423561789359,4.821282554678872,4.794135590240371,4.804994583129883,70200,0.0,0.0
2011-09-01 00:00:00-04:00,4.832141646965768,4.853859117733365,4.799565699707046,4.837571144104004,60400,0.0,0.0
2011-09-02 00:00:00-04:00,4.848429818895423,4.881005764007568,4.821282852778427,4.881005764007568,35200,0.0,0.0
2011-09-06 00:00:00-04:00,4.881007368780359,4.90815434382271,4.864719390869141,4.864719390869141,38900,0.0,0.0
2011-09-07 00:00:00-04:00,4.870148469486635,4.8918659440907435,4.821284022181031,4.875577449798584,46000,0.0,0.0
2011-09-08 00:00:00-04:00,4.891864848347621,4.891864848347621,4.843000411987305,4.843000411987305,46700,0.0,0.0
2011-09-09 00:00:00-04:00,4.83214141822487,4.864717881726854,4.83214141822487,4.843000411987305,26500,0.0,0.0
2011-09-12 00:00:00-04:00,4.842999044331735,4.913580930499381,4.842999044331735,4.853857517242432,39800,0.0,0.0
2011-09-13 00:00:00-04:00,4.869126442634547,4.896388771745774,4.781885741489189,4.852768421173096,85400,0.038,0.0
2011-09-14 00:00:00-04:00,4.825504744187219,4.847314913381475,4.8200520718897915,4.836409568786621,27800,0.0,0.0
2011-09-15 00:00:00-04:00,4.852769127483983,4.918200182861957,4.825506794404777,4.896389484405518,53300,0.0,0.0
2011-09-16 00:00:00-04:00,4.901841445566258,4.912746793207226,4.847316267348208,4.852768421173096,28400,0.0,0.0
2011-09-19 00:00:00-04:00,4.847315788269043,4.874578114685828,4.836410441705893,4.847315788269043,22700,0.0,0.0
2011-09-20 00:00:00-04:00,4.8418605947202025,4.885480918276623,4.8418605947202025,4.880028247833252,27400,0.0,0.0
2011-09-21 00:00:00-04:00,4.890933376143582,4.934553697804117,4.885480705937201,4.923648357391357,43100,0.0,0.0
2011-09-22 00:00:00-04:00,4.885485521559379,4.934558561797581,4.885485521559379,4.9072957038879395,34700,0.0,0.0
2011-09-23 00:00:00-04:00,4.929105322778772,4.934557997736567,4.869127458230141,4.918200492858887,51600,0.0,0.0
2011-09-26 00:00:00-04:00,4.9018383719464556,4.945458695167704,4.880028210335832,4.885480880737305,33700,0.0,0.0
2011-09-27 00:00:00-04:00,4.907292215183063,4.934555053710937,4.890934720064497,4.9345550537109375,58400,0.0,0.0
2011-09-28 00:00:00-04:00,4.940006732940674,4.9618168953821105,4.934554062331491,4.940006732940674,20800,0.0,0.0
2011-09-29 00:00:00-04:00,4.95636705665921,4.961819730383849,4.918199380577908,4.95091438293457,79200,0.0,0.0
2011-09-30 00:00:00-04:00,4.956365220534157,4.961817892238811,4.92364971030163,4.9345550537109375,27200,0.0,0.0
2011-10-03 00:00:00-04:00,4.972725682449723,4.978178357407518,4.918200492858887,4.918200492858887,32400,0.0,0.0
2011-10-04 00:00:00-04:00,4.945461835640853,4.945461835640853,4.814600782877563,4.841863632202148,45100,0.0,0.0
2011-10-05 00:00:00-04:00,4.87457469119291,4.896384849006036,4.8582172028318595,4.8636698722839355,30600,0.0,0.0
2011-10-06 00:00:00-04:00,4.912747027829411,4.912747027829411,4.84186382476468,4.890936851501465,30000,0.0,0.0
2011-10-07 00:00:00-04:00,4.901842159019628,4.918200182861957,4.852769127483983,4.896389484405518,37600,0.0,0.0
2011-10-10 00:00:00-04:00,4.885480918276623,4.896385739168092,4.874575577389881,4.880028247833252,10700,0.0,0.0
2011-10-11 00:00:00-04:00,4.912746988546996,4.918199662584288,4.8963889664351194,4.901841640472412,29200,0.0,0.0
2011-10-12 00:00:00-04:00,4.917171182011924,4.928122816706338,4.889793139681259,4.922646999359131,38800,0.038,0.0
2011-10-13 00:00:00-04:00,4.9116965420907945,4.928123474121094,4.889793791982811,4.928123474121094,30600,0.0,0.0
2011-10-14 00:00:00-04:00,4.928123474121094,4.928123474121094,4.917171837965725,4.928123474121094,43200,0.0,0.0
2011-10-17 00:00:00-04:00,4.928125279417529,4.928125279417529,4.873368122987268,4.911698341369629,56600,0.0,0.0
2011-10-18 00:00:00-04:00,4.900747952474582,4.922650716198371,4.900747952474582,4.906223773956299,11200,0.0,0.0
2011-10-19 00:00:00-04:00,4.922647656043409,4.928123474121094,4.900744905935426,4.928123474121094,22200,0.0,0.0
2011-10-20 00:00:00-04:00,4.922650059998439,4.928125880750216,4.900747299194336,4.900747299194336,30400,0.0,0.0
2011-10-21 00:00:00-04:00,4.922649459333914,4.928125279417529,4.900746701202398,4.911698341369629,20900,0.0,0.0
2011-10-24 00:00:00-04:00,4.917171837965725,4.928123474121094,4.9116965420907945,4.928123474121094,43700,0.0,0.0
2011-10-25 00:00:00-04:00,4.928124155768091,4.928124155768091,4.873367011822872,4.878842830657959,117200,0.0,0.0
2011-10-26 00:00:00-04:00,4.911699595438016,4.911699595438016,4.867894067990439,4.906223773956299,37500,0.0,0.0
2011-10-27 00:00:00-04:00,4.928125279417529,4.928125279417529,4.889795583238113,4.911698341369629,45200,0.0,0.0
2011-10-28 00:00:00-04:00,4.922649459333914,4.928125279417529,4.895270881118783,4.911698341369629,39600,0.0,0.0
2011-10-31 00:00:00-04:00,4.922646999359131,4.928122816706338,4.922646999359131,4.922646999359131,47100,0.0,0.0
2011-11-01 00:00:00-04:00,4.928125279417529,4.928125279417529,4.900746701202398,4.911698341369629,70800,0.0,0.0
2011-11-02 00:00:00-04:00,4.917174868710579,4.933602333068848,4.9116995694608985,4.933602333068848,60400,0.0,0.0
2011-11-03 00:00:00-04:00,4.939080238342285,4.939080238342285,4.900749994204362,4.939080238342285,35800,0.0,0.0
2011-11-04 00:00:00-04:00,4.960980918129552,4.960980918129552,4.9281265116160915,4.933602333068848,40800,0.0,0.0
2011-11-07 00:00:00-05:00,4.960978925656031,4.982881680467195,4.944551467895508,4.944551467895508,71100,0.0,0.0
2011-11-08 00:00:00-05:00,4.966454015274639,5.015735342092161,4.955502899427881,4.993832588195801,64500,0.0,0.0
2011-11-09 00:00:00-05:00,5.043116269025898,5.048592090606689,4.988359097624166,5.0485920906066895,56900,0.0,0.0
2011-11-10 00:00:00-05:00,5.036493633902259,5.058487035276171,5.014500232528347,5.04749059677124,63800,0.038,0.0
2011-11-11 00:00:00-05:00,5.069483735805997,5.0804801737418765,4.9980050539487,5.030994892120361,28300,0.0,0.0
2011-11-14 00:00:00-05:00,5.003503794023416,5.058487035276171,5.003503794023416,5.04749059677124,31900,0.0,0.0
2011-11-15 00:00:00-05:00,5.047490975982642,5.058487415313721,5.009002127413642,5.058487415313721,24600,0.0,0.0
2011-11-16 00:00:00-05:00,5.058487180232918,5.058487180232918,5.03649377822876,5.03649377822876,33200,0.0,0.0
2011-11-17 00:00:00-05:00,5.058487180232918,5.058487180232918,5.019998857816658,5.03649377822876,28300,0.0,0.0
2011-11-18 00:00:00-05:00,5.047488993982146,5.063983908683741,5.0199971199035645,5.0199971199035645,26300,0.0,0.0
2011-11-21 00:00:00-05:00,5.0584863901773645,5.0639848709106445,5.019998073772371,5.0639848709106445,27200,0.0,0.0
2011-11-22 00:00:00-05:00,5.085978507995606,5.096975469977888,5.052988146412768,5.0859785079956055,60700,0.0,0.0
2011-11-23 00:00:00-05:00,5.096975230946342,5.096975230946342,5.041991472341508,5.0639848709106445,24000,0.0,0.0
2011-11-25 00:00:00-05:00,5.069483589386191,5.085978507995606,5.06398510839505,5.0859785079956055,6600,0.0,0.0
2011-11-28 00:00:00-05:00,5.096973698424639,5.096973698424639,5.03099299819185,5.074979782104492,51500,0.0,0.0
2011-11-29 00:00:00-05:00,5.091480405946967,5.091480405946967,5.058490022223844,5.080483436584473,26000,0.0,0.0
2011-11-30 00:00:00-05:00,5.096975469977888,5.096975469977888,5.014499828202798,5.0859785079956055,65800,0.0,0.0
2011-12-01 00:00:00-05:00,5.1079704004979885,5.1079704004979885,5.063983614275106,5.091475486755371,46000,0.0,0.0
2011-12-02 00:00:00-05:00,5.1134701487821985,5.1134701487821985,5.0584863901773645,5.0639848709106445,31200,0.0,0.0
2011-12-05 00:00:00-05:00,5.085978507995606,5.091476988986747,5.074981546013324,5.0859785079956055,71800,0.0,0.0
2011-12-06 00:00:00-05:00,5.0584863901773645,5.091476750213062,5.0584863901773645,5.0639848709106445,62700,0.0,0.0
2011-12-07 00:00:00-05:00,5.091476988986747,5.091476988986747,5.0584866274039095,5.0859785079956055,54900,0.0,0.0
2011-12-08 00:00:00-05:00,5.085980643593634,5.113472535729147,5.080482160293685,5.107974052429199,42500,0.0,0.0
2011-12-09 00:00:00-05:00,5.1244659423828125,5.1244659423828125,5.09697459089659,5.1244659423828125,57800,0.0,0.0
2011-12-12 00:00:00-05:00,5.12446539536103,5.129963874816895,5.107970481357297,5.1299638748168945,40400,0.0,0.0
2011-12-13 00:00:00-05:00,5.145974673035875,5.145974673035875,5.112846374511719,5.112846374511719,48700,0.039,0.0
2011-12-14 00:00:00-05:00,5.140454863700192,5.151497456979898,5.107326030731201,5.107326030731201,51000,0.0,0.0
2011-12-15 00:00:00-05:00,5.11284897022772,5.140456250723522,5.11284897022772,5.12941312789917,46200,0.0,0.0
2011-12-16 00:00:00-05:00,5.140456147661664,5.16254186630249,5.129413025058716,5.16254186630249,64900,0.0,0.0
2011-12-19 00:00:00-05:00,5.179106924371539,5.184628486633301,5.145978077366129,5.184628486633301,72800,0.0,0.0
2011-12-20 00:00:00-05:00,5.18462710595772,5.18462710595772,5.157019828565939,5.173583984375,51000,0.0,0.0
2011-12-21 00:00:00-05:00,5.17910554516636,5.17910554516636,5.151498267774579,5.173583984375,35700,0.0,0.0
2011-12-22 00:00:00-05:00,5.184626366463479,5.190147399902344,5.162540653013191,5.190147399902344,44800,0.0,0.0
2011-12-23 00:00:00-05:00,5.190146617882115,5.217753887176514,5.190146617882115,5.217753887176514,18400,0.0,0.0
2011-12-27 00:00:00-05:00,5.234319161086445,5.245362281799316,5.217755006582114,5.245362281799316,30000,0.0,0.0
2011-12-28 00:00:00-05:00,5.2619285050419355,5.295057353640251,5.2619285050419355,5.2729716300964355,51700,0.0,0.0
2011-12-29 00:00:00-05:00,5.289535047651353,5.300578171153705,5.272970888962935,5.278492450714111,33400,0.0,0.0
2011-12-30 00:00:00-05:00,5.300579936292829,5.311622536907353,5.245365353524353,5.250886917114258,47300,0.0,0.0
2012-01-03 00:00:00-05:00,5.261926436303647,5.261926436303647,5.234319161086445,5.245362281799316,29600,0.0,0.0
2012-01-04 00:00:00-05:00,5.261926485527954,5.261926485527954,5.23431921005249,5.23431921005249,67600,0.0,0.0
2012-01-05 00:00:00-05:00,5.250883891276758,5.284012200595328,5.23431921005249,5.23431921005249,44300,0.0,0.0
2012-01-06 00:00:00-05:00,5.272969557016519,5.272969557016519,5.20671241243422,5.245362281799316,81300,0.0,0.0
2012-01-09 00:00:00-05:00,5.272969821580313,5.272969821580313,5.239840984344482,5.239840984344482,77800,0.0,0.0
2012-01-10 00:00:00-05:00,5.267447996660083,5.267447996660083,5.217755006582114,5.245362281799316,40000,0.0,0.0
2012-01-11 00:00:00-05:00,5.272531673001262,5.283619792477348,5.228178137625222,5.244810581207275,44600,0.039,0.0
2012-01-12 00:00:00-05:00,5.300249996837874,5.300249996837874,5.255895955889061,5.261440277099609,38900,0.0,0.0
2012-01-13 00:00:00-05:00,5.300251779804631,5.311339897220118,5.250353929595564,5.26698637008667,57800,0.0,0.0
2012-01-17 00:00:00-05:00,5.283614854549767,5.283614854549767,5.244805679549729,5.250349998474121,26800,0.0,0.0
2012-01-18 00:00:00-05:00,5.289163429476892,5.316884517669678,5.278075311441245,5.316884517669678,41500,0.0,0.0
2012-01-19 00:00:00-05:00,5.339060983862462,5.339060983862462,5.261442047011051,5.26698637008667,142900,0.0,0.0
2012-01-20 00:00:00-05:00,5.300252764795249,5.300252764795249,5.222633813519255,5.244810581207275,64600,0.0,0.0
2012-01-23 00:00:00-05:00,5.261440277099609,5.278073240731254,5.250352163414085,5.261440277099609,80300,0.0,0.0
2012-01-24 00:00:00-05:00,5.289164909148104,5.289164909148104,5.250355692062591,5.2725324630737305,39200,0.0,0.0
2012-01-25 00:00:00-05:00,5.239261360625337,5.278071064360729,5.239261360625337,5.250349998474121,96200,0.0,0.0
2012-01-26 00:00:00-05:00,5.289161354416777,5.289161354416777,5.261440277099609,5.261440277099609,83000,0.0,0.0
2012-01-27 00:00:00-05:00,5.289161354416777,5.289161354416777,5.244807842203538,5.261440277099609,114900,0.0,0.0
2012-01-30 00:00:00-05:00,5.294705867767334,5.316882624678728,5.266984789444194,5.294705867767334,67100,0.0,0.0
2012-01-31 00:00:00-05:00,5.322428122113354,5.366781645736323,5.3057951542029596,5.350148677825928,57000,0.0,0.0
2012-02-01 00:00:00-05:00,5.394503793013707,5.444401653995065,5.377871348931876,5.405592441558838,161500,0.0,0.0
2012-02-02 00:00:00-05:00,5.449944174578002,5.449944174578002,5.394502007672974,5.422223091125488,134900,0.0,0.0
2012-02-03 00:00:00-05:00,5.4333146909701435,5.461035789499089,5.400049266988215,5.416682243347168,98200,0.0,0.0
2012-02-06 00:00:00-05:00,5.438856039996047,5.499842000396231,5.416679279056372,5.444399833679199,84700,0.0,0.0
2012-02-07 00:00:00-05:00,5.4443979477384286,5.461030909233289,5.4000444412231445,5.4000444412231445,62400,0.0,0.0
2012-02-08 00:00:00-05:00,5.4000469628578,5.477665899872652,5.388958845418966,5.394502639770508,61400,0.0,0.0
2012-02-09 00:00:00-05:00,5.427769549155805,5.455490643515371,5.400048454796239,5.411137104034424,60100,0.0,0.0
2012-02-10 00:00:00-05:00,5.4554895670350385,5.522019863128662,5.4388571251955815,5.522019863128662,48100,0.0,0.0
2012-02-13 00:00:00-05:00,5.565994216037044,5.565994216037044,5.48807010591928,5.538164138793945,42400,0.039,0.0
2012-02-14 00:00:00-05:00,5.565989706520302,5.565989706520302,5.47693395614624,5.47693395614624,27200,0.0,0.0
2012-02-15 00:00:00-05:00,5.51033061700863,5.554858500437101,5.454671028130161,5.493632793426514,52000,0.0,0.0
2012-02-16 00:00:00-05:00,5.510327933156981,5.510327933156981,5.326650370772681,5.404574394226074,99000,0.0,0.0
2012-02-17 00:00:00-05:00,5.515895576643883,5.515895576643883,5.415707594565062,5.426839828491211,36700,0.0,0.0
2012-02-21 00:00:00-05:00,5.49919830511836,5.5604240053771035,5.437972604859616,5.449104309082031,61800,0.0,0.0
2012-02-22 00:00:00-05:00,5.482501087976516,5.51033061700863,5.454671028130161,5.493632793426514,26000,0.0,0.0
2012-02-23 00:00:00-05:00,5.515897693732518,5.543727758415379,5.493633748149096,5.499199867248535,30300,0.0,0.0
2012-02-24 00:00:00-05:00,5.476935096283979,5.582688689164447,5.476935096283979,5.549293041229248,59000,0.0,0.0
2012-02-27 00:00:00-05:00,5.582688047025789,5.649479866027832,5.5604241073584415,5.649479866027832,85700,0.0,0.0
2012-02-28 00:00:00-05:00,5.6550459836482165,5.666178218888986,5.599386399886944,5.649479866027832,56400,0.0,0.0
2012-02-29 00:00:00-05:00,5.649474551315337,5.649474551315337,5.604946713869963,5.63834285736084,44300,0.0,0.0
2012-03-01 00:00:00-05:00,5.655046047545858,5.671743869781494,5.6383482253102235,5.671743869781494,77000,0.0,0.0
2012-03-02 00:00:00-05:00,5.660610939340223,5.660610939340223,5.58268690109253,5.582686901092529,48100,0.0,0.0
2012-03-05 00:00:00-05:00,5.565991044742196,5.604952812194824,5.53816098335563,5.604952812194824,37300,0.0,0.0
2012-03-06 00:00:00-05:00,5.6494800923923325,5.6494800923923325,5.543726507438623,5.565990447998047,68500,0.0,0.0
2012-03-07 00:00:00-05:00,5.627213248873467,5.638345478817405,5.5548553466796875,5.5548553466796875,37100,0.0,0.0
2012-03-08 00:00:00-05:00,5.593819473619597,5.593819473619597,5.515895430641545,5.532593250274658,39800,0.0,0.0
2012-03-09 00:00:00-05:00,5.5548553466796875,5.60494931979953,5.53815753257772,5.5548553466796875,49600,0.0,0.0
2012-03-12 00:00:00-04:00,5.58825343759745,5.593819554493666,5.554857267034276,5.577121734619141,37000,0.0,0.0
2012-03-13 00:00:00-04:00,5.5709768845502134,5.593327823055506,5.531862342499647,5.548625946044922,50800,0.039,0.0
2012-03-14 00:00:00-04:00,5.559801901393269,5.565389769998033,5.459222930949921,5.475986003875732,88800,0.0,0.0
2012-03-15 00:00:00-04:00,5.520686374241683,5.520686374241683,5.330703156843889,5.341878890991211,77500,0.0,0.0
2012-03-16 00:00:00-04:00,5.258061116351159,5.3139387067818165,5.123955538783413,5.22453498840332,145100,0.0,0.0
2012-03-19 00:00:00-04:00,5.258061454756567,5.341877845796923,5.22453532465101,5.2860002517700195,84000,0.0,0.0
2012-03-20 00:00:00-04:00,5.330704141927651,5.330704141927651,5.2692391914240115,5.274826526641846,112400,0.0,0.0
2012-03-21 00:00:00-04:00,5.308354854583741,5.336293670922427,5.235714145258594,5.30835485458374,50400,0.0,0.0
2012-03-22 00:00:00-04:00,5.392167134997324,5.397755001075116,5.330702206806335,5.3809919357299805,81000,0.0,0.0
2012-03-23 00:00:00-04:00,5.42569570953757,5.4536345168785,5.397756902196641,5.420107841491699,44100,0.0,0.0
2012-03-26 00:00:00-04:00,5.475982656619484,5.475982656619484,5.364228017277894,5.369815349578857,49900,0.0,0.0
2012-03-27 00:00:00-04:00,5.431282927019307,5.431282927019307,5.3139403765535445,5.336291313171387,70900,0.0,0.0
2012-03-28 00:00:00-04:00,5.392168495825431,5.459221839904785,5.364230224162136,5.459221839904785,42100,0.0,0.0
2012-03-29 00:00:00-04:00,5.470393902317339,5.503920555114746,5.45363084236267,5.503920555114746,34200,0.0,0.0
2012-03-30 00:00:00-04:00,5.543038828467457,5.582152842923844,5.431284120814581,5.475986003875732,49700,0.0,0.0
2012-04-02 00:00:00-04:00,5.531861977419014,5.559800781928883,5.4815727687672995,5.498335838317871,51600,0.0,0.0
2012-04-03 00:00:00-04:00,5.548626697072222,5.548626697072222,5.425696252209818,5.475986003875732,46200,0.0,0.0
2012-04-04 00:00:00-04:00,5.520686775348091,5.548625579857959,5.475984901287651,5.498335838317871,39800,0.0,0.0
2012-04-05 00:00:00-04:00,5.531863075165867,5.537450943754376,5.50392479800028,5.515100002288818,19800,0.0,0.0
2012-04-09 00:00:00-04:00,5.543038707325081,5.559801779884538,5.526275634765625,5.526275634765625,21600,0.0,0.0
2012-04-10 00:00:00-04:00,5.5542160920310355,5.5598039627075195,5.5206899337494875,5.5598039627075195,14700,0.0,0.0
2012-04-11 00:00:00-04:00,5.604118122216428,5.604118122216428,5.553630484811449,5.559240341186523,25200,0.039,0.0
2012-04-12 00:00:00-04:00,5.598509011999087,5.598509011999087,5.5536312249879645,5.570460796356201,51500,0.0,0.0
2012-04-13 00:00:00-04:00,5.553628006564122,5.609725475311279,5.553628006564122,5.609725475311279,27600,0.0,0.0
2012-04-16 00:00:00-04:00,5.6097277460913,5.626556779533682,5.587288856506348,5.587288856506348,39600,0.0,0.0
2012-04-17 00:00:00-04:00,5.620949295775755,5.620949295775755,5.542412889063452,5.548022747039795,43700,0.0,0.0
2012-04-18 00:00:00-04:00,5.548019139504369,5.576067341177063,5.536799430847168,5.536799430847168,28800,0.0,0.0
2012-04-19 00:00:00-04:00,5.553628608618063,5.576067491552443,5.519970551709078,5.525580406188965,21100,0.0,0.0
2012-04-20 00:00:00-04:00,5.55923723009731,5.55923723009731,5.508749620946468,5.514359474182129,23000,0.0,0.0
2012-04-23 00:00:00-04:00,5.542412389131242,5.5816803214526285,5.536802531660914,5.5648512840271,37000,0.0,0.0
2012-04-24 00:00:00-04:00,5.581680165999392,5.592899880627572,5.542412234771642,5.576070308685303,43700,0.0,0.0
2012-04-25 00:00:00-04:00,5.598510311478786,5.6209497451782235,5.581681271189753,5.620949745178223,30500,0.0,0.0
2012-04-26 00:00:00-04:00,5.615337602233869,5.620947458376439,5.587288856506348,5.587288856506348,43600,0.0,0.0
2012-04-27 00:00:00-04:00,5.620945183054755,5.620945183054755,5.598505767567803,5.609725475311279,23300,0.0,0.0
2012-04-30 00:00:00-04:00,5.626554501941382,5.65460323631496,5.592896448681176,5.609725475311279,45000,0.0,0.0
2012-05-01 00:00:00-04:00,5.6546047780392,5.671433809257727,5.620946715602146,5.6489949226379395,38900,0.0,0.0
2012-05-02 00:00:00-04:00,5.671432779022297,5.671432779022297,5.643384577081557,5.665823459625244,34000,0.0,0.0
2012-05-03 00:00:00-04:00,5.671435356140137,5.677045213071485,5.643387141454201,5.671435356140137,17000,0.0,0.0
2012-05-04 00:00:00-04:00,5.688263607974094,5.693872928619385,5.671434041082388,5.693872928619385,39200,0.0,0.0
2012-05-07 00:00:00-04:00,5.688261972535377,5.705090999603272,5.671432410482357,5.7050909996032715,56000,0.0,0.0
2012-05-08 00:00:00-04:00,5.665827379246309,5.693875600590816,5.665827379246309,5.688266277313232,17900,0.0,0.0
2012-05-09 00:00:00-04:00,5.705096691615291,5.721925735473633,5.699486832000624,5.721925735473633,27000,0.0,0.0
2012-05-10 00:00:00-04:00,5.721922852894902,5.7387518882751465,5.710703674303203,5.7387518882751465,45000,0.0,0.0
2012-05-11 00:00:00-04:00,5.7100311757345725,5.811392307281495,5.7100311757345725,5.811392307281494,42200,0.039,0.0
2012-05-14 00:00:00-04:00,5.817025357240644,5.817025357240644,5.777607157550523,5.805763244628906,39200,0.0,0.0
2012-05-15 00:00:00-04:00,5.822656227812851,5.856443100044901,5.78886881854815,5.845180988311768,78000,0.0,0.0
2012-05-16 00:00:00-04:00,5.856446324751477,5.856446324751477,5.783241215595912,5.839552879333496,57700,0.0,0.0
2012-05-17 00:00:00-04:00,5.867703545153128,6.008483379658659,5.771973214726771,5.794497966766357,57800,0.0,0.0
2012-05-18 00:00:00-04:00,5.76634528216608,5.817026138305664,5.7550831680421535,5.817026138305664,36400,0.0,0.0
2012-05-21 00:00:00-04:00,5.850812515239231,5.850812515239231,5.676245212554932,5.676245212554932,64500,0.0,0.0
2012-05-22 00:00:00-04:00,5.6649818420410165,5.676243951662314,5.636825762438946,5.664981842041016,56000,0.0,0.0
2012-05-23 00:00:00-04:00,5.631195689997565,5.68187653713277,5.61430225329672,5.676245212554932,67000,0.0,0.0
2012-05-24 00:00:00-04:00,5.676245212554932,5.676245212554932,5.659351775854087,5.676245212554932,23500,0.0,0.0
2012-05-25 00:00:00-04:00,5.710032217753349,5.721294329077093,5.664982698393106,5.698769569396973,40800,0.0,0.0
2012-05-29 00:00:00-04:00,5.726926110145505,5.738188222367733,5.659351825714111,5.659351825714111,34600,0.0,0.0
2012-05-30 00:00:00-04:00,5.704401348668374,5.721294785518054,5.659351825714111,5.659351825714111,42400,0.0,0.0
2012-05-31 00:00:00-04:00,5.642455313646604,5.7325543104499035,5.642455313646604,5.726922988891602,29500,0.0,0.0
2012-06-01 00:00:00-04:00,5.749447822570801,5.7663412504615446,5.726923073039013,5.749447822570801,46000,0.0,0.0
2012-06-04 00:00:00-04:00,5.771972487293251,5.771972487293251,5.698766918132475,5.726922988891602,39400,0.0,0.0
2012-06-05 00:00:00-04:00,5.721295530436614,5.760713733895716,5.710033416748047,5.710033416748047,26800,0.0,0.0
2012-06-06 00:00:00-04:00,5.704404355510971,5.777610003157168,5.704404355510971,5.7438225746154785,41500,0.0,0.0
2012-06-07 00:00:00-04:00,5.777603808851553,5.794497236494076,5.726922988891602,5.726922988891602,41800,0.0,0.0
2012-06-08 00:00:00-04:00,5.760711158400742,5.794498558426284,5.704399541068179,5.721292972564697,30600,0.0,0.0
2012-06-11 00:00:00-04:00,5.771972487293251,5.771972487293251,5.7212916673333,5.726922988891602,19900,0.0,0.0
2012-06-12 00:00:00-04:00,5.715659822684406,5.732553785813196,5.687504291534424,5.687504291534424,58000,0.0,0.0
2012-06-13 00:00:00-04:00,5.709553012340484,5.749123997820821,5.686940943621114,5.70389986038208,58200,0.039,0.0
2012-06-14 00:00:00-04:00,5.703900858462542,5.811308068895326,5.703900858462542,5.749125003814697,60500,0.0,0.0
2012-06-15 00:00:00-04:00,5.715208036971261,5.760432193494348,5.681290189136181,5.692595958709717,35400,0.0,0.0
2012-06-18 00:00:00-04:00,5.60214484069809,5.73781724233687,5.60214484069809,5.726511478424072,50700,0.0,0.0
2012-06-19 00:00:00-04:00,5.766082914581787,5.77173606654019,5.70389986038208,5.70389986038208,24800,0.0,0.0
2012-06-20 00:00:00-04:00,5.703902267397725,5.749126423920812,5.681290189136181,5.692595958709717,41500,0.0,0.0
2012-06-21 00:00:00-04:00,5.726511523443389,5.74347043900301,5.7208583718854475,5.737817287445068,11300,0.0,0.0
2012-06-22 00:00:00-04:00,5.6925917669791755,5.76608110199406,5.6925917669791755,5.760427951812744,27400,0.0,0.0
2012-06-25 00:00:00-04:00,5.754780095188081,5.794351100921632,5.754780095188081,5.794351100921631,23300,0.0,0.0
2012-06-26 00:00:00-04:00,5.76043271092536,5.8113100263625075,5.76043271092536,5.794351100921631,29800,0.0,0.0
2012-06-27 00:00:00-04:00,5.816958705405863,5.833917617797851,5.8056529435159065,5.833917617797852,34400,0.0,0.0
2012-06-28 00:00:00-04:00,5.850880889766728,5.873492967425805,5.82826881210765,5.867839813232422,35000,0.0,0.0
2012-06-29 00:00:00-04:00,5.8791482380464775,5.918719796159711,5.867842463667483,5.907413482666016,36200,0.0,0.0
2012-07-02 00:00:00-04:00,5.913066170585571,6.031779757283466,5.913066170585571,6.009167671203613,43800,0.0,0.0
2012-07-03 00:00:00-04:00,6.031775971027424,6.043081737413186,5.98655182725574,6.020469665527344,14200,0.0,0.0
2012-07-05 00:00:00-04:00,6.048738450564025,6.048738450564025,5.963943265858661,5.980902194976807,20900,0.0,0.0
2012-07-06 00:00:00-04:00,5.958286989318223,6.065694202968223,5.901756536377578,5.9300217628479,57600,0.0,0.0
2012-07-09 00:00:00-04:00,5.963942972217936,5.969596128017191,5.890453564171448,5.896106719970703,69500,0.0,0.0
2012-07-10 00:00:00-04:00,5.941329518361171,5.958288442734445,5.90175797600422,5.952635288238525,29400,0.0,0.0
2012-07-11 00:00:00-04:00,5.9747633934021,5.9861117320467345,5.9520672572314,5.9747633934021,35300,0.039,0.0
2012-07-12 00:00:00-04:00,5.980434032542702,6.0088043212890625,5.963412075742185,6.0088043212890625,51300,0.0,0.0
2012-07-13 00:00:00-04:00,6.00880963307371,6.071223890595276,5.991787661225779,6.037179946899414,43900,0.0,0.0
2012-07-16 00:00:00-04:00,6.071221272814963,6.071221272814963,6.020154838171193,6.042850971221924,33300,0.0,0.0
2012-07-17 00:00:00-04:00,6.031503146810317,6.037177315325863,5.986110880922929,5.991785049438477,27200,0.0,0.0
2012-07-18 00:00:00-04:00,5.986113773730607,6.031506061553955,5.980439602473,6.031506061553955,19300,0.0,0.0
2012-07-19 00:00:00-04:00,6.020155665743499,6.048525971236517,5.957741426553717,5.9747633934021,23400,0.0,0.0
2012-07-20 00:00:00-04:00,6.008806257996184,6.008806257996184,5.95773983001709,5.95773983001709,24000,0.0,0.0
2012-07-23 00:00:00-04:00,5.935044457050441,6.008807024527942,5.935044457050441,5.952066421508789,24200,0.0,0.0
2012-07-24 00:00:00-04:00,5.986110880922929,6.031503146810317,5.952066410948143,5.991785049438477,29800,0.0,0.0
2012-07-25 00:00:00-04:00,5.991784354370726,6.025828279277806,5.986110186513402,5.997457981109619,58300,0.0,0.0
2012-07-26 00:00:00-04:00,6.031507433285293,6.0428552372625575,5.9974629391157475,6.003137111663818,18800,0.0,0.0
2012-07-27 00:00:00-04:00,5.986108442864684,6.071218771459665,5.986108442864684,6.065544605255127,28000,0.0,0.0
2012-07-30 00:00:00-04:00,6.082570763671929,6.082570763671929,6.014482351604384,6.048526287078857,39100,0.0,0.0
2012-07-31 00:00:00-04:00,6.042852117460246,6.082570763671929,6.037178488960232,6.048526287078857,44000,0.0,0.0
2012-08-01 00:00:00-04:00,6.09391808876659,6.162006495548956,6.059874155934685,6.139310359954834,62700,0.0,0.0
2012-08-02 00:00:00-04:00,6.156329753617257,6.184699502921571,6.071218882349468,6.08256721496582,32000,0.0,0.0
2012-08-03 00:00:00-04:00,6.127963185783855,6.127963185783855,6.07689674022521,6.10526704788208,27300,0.0,0.0
2012-08-06 00:00:00-04:00,6.071218882349468,6.11661113057831,6.071218882349468,6.08256721496582,23200,0.0,0.0
2012-08-07 00:00:00-04:00,6.071222424434706,6.122288868765014,6.008808181985772,6.048526287078857,43200,0.0,0.0
2012-08-08 00:00:00-04:00,6.025826524059905,6.105263227568621,6.025826524059905,6.065544605255127,51000,0.0,0.0
2012-08-09 00:00:00-04:00,6.065545450286609,6.0995899111385254,6.0428493234247815,6.0882415771484375,23500,0.0,0.0
2012-08-10 00:00:00-04:00,6.1052683754098656,6.1052683754098656,6.014483804062596,6.037179946899414,29100,0.0,0.0
2012-08-13 00:00:00-04:00,6.036605897284412,6.04230039554045,5.956876947500469,5.968266487121582,51300,0.039,0.0
2012-08-14 00:00:00-04:00,6.0138297236149,6.059388994443779,6.0024396343530055,6.047998905181885,24500,0.0,0.0
2012-08-15 00:00:00-04:00,6.030915081140373,6.070779312406454,5.991050849874291,6.036610126495361,41700,0.0,0.0
2012-08-16 00:00:00-04:00,6.070779673465223,6.082169764852623,6.00244075446917,6.0252203941345215,39300,0.0,0.0
2012-08-17 00:00:00-04:00,6.059384022110548,6.059384022110548,5.985350131988525,5.985350131988525,18400,0.0,0.0
2012-08-20 00:00:00-04:00,5.985351896672263,6.030911143547619,5.9568772315979,5.9568772315979,28000,0.0,0.0
2012-08-21 00:00:00-04:00,5.996741436836571,5.996741436836571,5.9568772315979,5.9568772315979,43900,0.0,0.0
2012-08-22 00:00:00-04:00,6.036607058789777,6.036607058789777,5.808810248337646,5.825894832611084,66900,0.0,0.0
2012-08-23 00:00:00-04:00,5.786028533980227,5.865757470338313,5.786028533980227,5.814503192901611,36000,0.0,0.0
2012-08-24 00:00:00-04:00,5.797419427125394,5.854368209838866,5.797419427125394,5.854368209838867,8200,0.0,0.0
2012-08-27 00:00:00-04:00,5.8202009201049805,5.877149721128253,5.814505877069894,5.8202009201049805,77000,0.0,0.0
2012-08-28 00:00:00-04:00,5.814509214400459,5.848678949114046,5.8031191217927605,5.837288856506348,57700,0.0,0.0
2012-08-29 00:00:00-04:00,5.842977851822995,5.888537088853631,5.786028533980227,5.814503192901611,50100,0.0,0.0
2012-08-30 00:00:00-04:00,5.848678949114046,5.848678949114046,5.786034525990721,5.837288856506348,39900,0.0,0.0
2012-08-31 00:00:00-04:00,5.831593810202498,5.854373452308386,5.808814168096609,5.837288856506348,33400,0.0,0.0
2012-09-04 00:00:00-04:00,5.86575748574967,5.911316722900006,5.831587786332444,5.882842063903809,62700,0.0,0.0
2012-09-05 00:00:00-04:00,5.899929330765463,5.979658303667001,5.865760158885658,5.973963260650635,72400,0.0,0.0
2012-09-06 00:00:00-04:00,5.979655070972551,5.996739647676266,5.917011260986329,5.917011260986328,40900,0.0,0.0
2012-09-07 00:00:00-04:00,5.968264882785287,5.968264882785287,5.917011153604296,5.92270565032959,15100,0.0,0.0
2012-09-10 00:00:00-04:00,5.951188154887138,5.956883202232017,5.888544263422291,5.899933815002441,27200,0.0,0.0
2012-09-11 00:00:00-04:00,5.894234830858292,6.008132975639635,5.894234830858292,5.973963260650635,22200,0.0,0.0
2012-09-12 00:00:00-04:00,5.973393615650182,6.001974555895953,5.973393615650182,5.99625825881958,9000,0.039,0.0
2012-09-13 00:00:00-04:00,5.9733877023102595,6.05913043816677,5.9733877023102595,6.0305495262146,31900,0.0,0.0
2012-09-14 00:00:00-04:00,6.059133840057445,6.059133840057445,5.973391056060791,5.973391056060791,22100,0.0,0.0
2012-09-17 00:00:00-04:00,5.9733877023102595,6.041981563914136,5.9733877023102595,6.0305495262146,17600,0.0,0.0
2012-09-18 00:00:00-04:00,6.0019754977366775,6.030556442467422,5.916233208680626,5.9333815574646,71000,0.0,0.0
2012-09-19 00:00:00-04:00,5.933379828593914,5.96767651616848,5.927663532286147,5.956244468688965,31400,0.0,0.0
2012-09-20 00:00:00-04:00,5.933378083943868,6.024836617431611,5.933378083943868,5.973391056060791,38000,0.0,0.0
2012-09-21 00:00:00-04:00,6.013400655904777,6.036265274381637,5.990535492292412,6.019116401672363,21700,0.0,0.0
2012-09-24 00:00:00-04:00,6.00196975159695,6.013402336598441,5.973388834228881,5.990537166595459,27900,0.0,0.0
2012-09-25 00:00:00-04:00,6.013407150048699,6.013407150048699,5.973393615650182,5.99625825881958,22500,0.0,0.0
2012-09-26 00:00:00-04:00,5.979109048422743,6.07056760787964,5.979109048422743,6.070567607879639,39200,0.0,0.0
2012-09-27 00:00:00-04:00,6.036272196432145,6.087717238147673,6.013407551735422,6.053420543670654,34200,0.0,0.0
2012-09-28 00:00:00-04:00,5.9962607131753245,6.076287269592284,5.990544413759188,6.076287269592285,42200,0.0,0.0
2012-10-01 00:00:00-04:00,6.116298050855068,6.116298050855068,6.08771710930503,6.099149703979492,18900,0.0,0.0
2012-10-02 00:00:00-04:00,6.110581125900303,6.110581125900303,6.047703497057273,6.082000732421875,23300,0.0,0.0
2012-10-03 00:00:00-04:00,6.087712035760721,6.116292953491211,6.024834452862176,6.116292953491211,31400,0.0,0.0
2012-10-04 00:00:00-04:00,6.087716484035923,6.110581125900303,6.0705681389216535,6.082000732421875,19500,0.0,0.0
2012-10-05 00:00:00-04:00,6.0648546707600115,6.133448628344699,6.0648546707600115,6.076287269592285,16500,0.0,0.0
2012-10-08 00:00:00-04:00,6.076284435671764,6.093432780786033,6.053419793807383,6.082000732421875,15300,0.0,0.0
2012-10-09 00:00:00-04:00,6.093430439458931,6.093430439458931,6.019120245668474,6.024836540222168,43100,0.0,0.0
2012-10-10 00:00:00-04:00,6.053420415553879,6.099149703979492,6.041987820879417,6.099149703979492,27000,0.0,0.0
2012-10-11 00:00:00-04:00,6.121522348467757,6.121522348467757,6.110047817230225,6.110047817230225,31500,0.039,0.0
2012-10-12 00:00:00-04:00,6.127256870269776,6.144468112283029,6.127256870269776,6.127256870269775,25900,0.0,0.0
2012-10-15 00:00:00-04:00,6.132995663848676,6.1444701938350645,6.092835903167725,6.092835903167725,19100,0.0,0.0
2012-10-16 00:00:00-04:00,6.0584113550812475,6.144468112283029,6.029725586968814,6.127256870269775,41700,0.0,0.0
2012-10-17 00:00:00-04:00,6.138732393124104,6.1502069221091284,6.104309900440345,6.132995128631592,24500,0.0,0.0
2012-10-18 00:00:00-04:00,6.1100450811210045,6.150205375332619,6.087096576058162,6.127256870269775,21800,0.0,0.0
2012-10-19 00:00:00-04:00,6.098568422453721,6.121516917433023,6.0469341719664715,6.052671432495117,22000,0.0,0.0
2012-10-22 00:00:00-04:00,6.035466594833754,6.052677847526043,6.018254795005608,6.02399206161499,19100,0.0,0.0
2012-10-23 00:00:00-04:00,6.0526761424867725,6.092835903167725,6.0526761424867725,6.092835903167725,12100,0.0,0.0
2012-10-24 00:00:00-04:00,6.0641501253374575,6.115784416004797,6.0641501253374575,6.092835903167725,29000,0.0,0.0
2012-10-25 00:00:00-04:00,6.115785210158007,6.115785210158007,6.018253881151783,6.029728412628174,36600,0.0,0.0
2012-10-26 00:00:00-04:00,6.023994409959233,6.110051254104222,6.018257141113281,6.018257141113281,53900,0.0,0.0
2012-10-31 00:00:00-04:00,6.023989271704142,6.081360816955566,5.983829518309508,6.081360816955566,47100,0.0,0.0
2012-11-01 00:00:00-04:00,6.1100479444198115,6.1100479444198115,5.989568099596581,6.029728412628174,29100,0.0,0.0
2012-11-02 00:00:00-04:00,6.052677847526043,6.058415114135425,6.006780808922702,6.02399206161499,38400,0.0,0.0
2012-11-05 00:00:00-05:00,6.001044750213623,6.058416333583576,5.995307482449434,6.001044750213623,19200,0.0,0.0
2012-11-06 00:00:00-05:00,6.001039702799364,6.012513681541125,5.960879956499937,5.972353935241699,49300,0.0,0.0
2012-11-07 00:00:00-05:00,5.972354990404981,6.0870975337722255,5.972354990404981,6.081360816955566,24900,0.0,0.0
2012-11-08 00:00:00-05:00,6.058414906027433,6.1043119430542,6.058414906027433,6.104311943054199,35600,0.0,0.0
2012-11-09 00:00:00-05:00,6.075625003460645,6.098573517612681,6.0354652404785165,6.035465240478516,61600,0.0,0.0
2012-11-12 00:00:00-05:00,6.046943644851409,6.104315245743215,6.046943644851409,6.098577976226807,46000,0.0,0.0
2012-11-13 00:00:00-05:00,6.08648255187828,6.1152739707320904,6.04617489497333,6.051933288574219,38700,0.039,0.0
2012-11-14 00:00:00-05:00,6.069208028716405,6.103757841788701,6.028900371090934,6.046175003051758,27700,0.0,0.0
2012-11-15 00:00:00-05:00,6.040416126191572,6.051932912678025,5.907976376501005,5.925251007080078,110500,0.0,0.0
2012-11-16 00:00:00-05:00,5.913731119424426,6.01737938807136,5.902214340046841,6.011620998382568,61900,0.0,0.0
2012-11-19 00:00:00-05:00,5.990884663082964,6.042728947082093,5.9851246143637375,6.0139265060424805,27700,0.004,0.0
2012-11-20 00:00:00-05:00,5.990887994366858,6.054253509761111,5.979367341161378,6.048492908477783,43900,0.0,0.0
2012-11-21 00:00:00-05:00,6.036967277526855,6.048488471642202,5.996644196844687,6.0369672775268555,39200,0.0,0.0
2012-11-23 00:00:00-05:00,6.013928678610153,6.013928678610153,5.996647427487778,6.002408027648926,19300,0.0,0.0
2012-11-26 00:00:00-05:00,6.008167758001868,6.008167758001868,5.9160003662109375,5.9160003662109375,123500,0.0,0.0
2012-11-27 00:00:00-05:00,5.904480934143066,5.962085845927947,5.8987203330923474,5.904480934143066,110300,0.0,0.0
2012-11-28 00:00:00-05:00,5.95056464382651,5.967845897617513,5.904480934143066,5.904480934143066,70500,0.0,0.0
2012-11-29 00:00:00-05:00,5.916000052390762,5.962083745841672,5.910239453369159,5.956323146820068,116800,0.0,0.0
2012-11-30 00:00:00-05:00,5.939041375462211,5.9851250648498535,5.933280776948528,5.9851250648498535,61900,0.0,0.0
2012-12-03 00:00:00-05:00,6.01968755721013,6.01968755721013,5.950562023128666,5.9851250648498535,42500,0.0,0.0
2012-12-04 00:00:00-05:00,5.985129632827571,6.00817149510743,5.962087770547712,5.96784782409668,66200,0.0,0.0
2012-12-05 00:00:00-05:00,5.927521873637209,6.002408027648926,5.927521873637209,6.002408027648926,52900,0.0,0.0
2012-12-06 00:00:00-05:00,6.002406311029992,6.01968755721013,5.9851250648498535,5.9851250648498535,87900,0.0,0.0
2012-12-07 00:00:00-05:00,6.00817149510743,6.00817149510743,5.96784782409668,5.96784782409668,78100,0.0,0.0
2012-12-10 00:00:00-05:00,5.973606917305785,5.973606917305785,5.916002550845073,5.933283805847168,88900,0.0,0.0
2012-12-11 00:00:00-05:00,5.92752070107301,5.979364993545523,5.898718255325952,5.956323146820068,78900,0.0,0.0
2012-12-12 00:00:00-05:00,5.955746159932489,6.002004337562021,5.955746159932489,5.967310428619385,69000,0.039,0.0
2012-12-13 00:00:00-05:00,5.978875546798231,5.978875546798231,5.938399777214889,5.9499640464782715,64100,0.0,0.0
2012-12-14 00:00:00-05:00,5.9788754701551845,5.9788754701551845,5.909488201141357,5.909488201141357,42700,0.0,0.0
2012-12-17 00:00:00-05:00,5.944180994142097,5.944180994142097,5.816971288778795,5.828535556793213,148900,0.0,0.0
2012-12-18 00:00:00-05:00,5.793844288565929,5.869013436342001,5.741803685150849,5.834320068359375,98000,0.0,0.0
2012-12-19 00:00:00-05:00,5.892140695186785,5.897923105194856,5.822753429412842,5.822753429412842,39500,0.0,0.0
2012-12-20 00:00:00-05:00,5.892138387122648,5.892138387122648,5.840098371757995,5.851662635803223,34300,0.0,0.0
2012-12-21 00:00:00-05:00,5.788063705492504,5.8979268074035645,5.788063705492504,5.8979268074035645,86000,0.0,0.0
2012-12-24 00:00:00-05:00,5.863226693341927,5.892137625438016,5.845879472355454,5.8574442863464355,17300,0.0,0.0
2012-12-26 00:00:00-05:00,5.84588223453531,5.874793731732766,5.816971288778795,5.828535556793213,48900,0.0,0.0
2012-12-27 00:00:00-05:00,5.805405236121078,5.851663401234327,5.770711336565728,5.782276153564453,50900,0.0,0.0
2012-12-28 00:00:00-05:00,5.77649374506509,5.816970053119803,5.77649374506509,5.782276153564453,58200,0.0,0.0
2012-12-31 00:00:00-05:00,5.782277764165178,5.805406853164199,5.776495354055178,5.799624443054199,34800,0.0,0.0
2013-01-02 00:00:00-05:00,5.793840789156681,5.932615280151368,5.793840789156681,5.932615280151367,43000,0.0,0.0
2013-01-03 00:00:00-05:00,5.967311575336111,5.978876397686351,5.92105338881731,5.9730939865112305,40200,0.0,0.0
2013-01-04 00:00:00-05:00,5.94996242052129,5.9788739129405535,5.944180011749268,5.944180011749268,19500,0.0,0.0
2013-01-07 00:00:00-05:00,5.949960536369804,5.984654426574707,5.949960536369804,5.984654426574707,32700,0.0,0.0
2013-01-08 00:00:00-05:00,5.984657468377075,6.002004146575928,5.978875058497138,6.002004146575928,37100,0.0,0.0
2013-01-09 00:00:00-05:00,5.984657186965091,6.007786273956299,5.984657186965091,6.007786273956299,22400,0.0,0.0
2013-01-10 00:00:00-05:00,6.007784264564404,6.042477607727051,5.990437041542333,6.042477607727051,62200,0.0,0.0
2013-01-11 00:00:00-05:00,6.0535064431005985,6.065114029229206,6.012878507884065,6.059309959411621,55600,0.039,0.0
2013-01-14 00:00:00-05:00,6.065114402797536,6.082526059816164,6.01868294841013,6.024487018585205,27200,0.0,0.0
2013-01-15 00:00:00-05:00,5.989663616436306,6.030291557312012,5.989663616436306,6.030291557312012,57800,0.0,0.0
2013-01-16 00:00:00-05:00,6.03029205257534,6.03029205257534,5.995468179465625,6.018683910369873,41500,0.0,0.0
2013-01-17 00:00:00-05:00,6.030293044158166,6.041900634765626,6.024488972101048,6.041900634765625,12600,0.0,0.0
2013-01-18 00:00:00-05:00,6.041899145057471,6.065114874055029,6.024487486685962,6.030291557312012,47200,0.0,0.0
2013-01-22 00:00:00-05:00,6.053505944392221,6.082525184076317,6.030290220541033,6.076721668243408,37300,0.0,0.0
2013-01-23 00:00:00-05:00,6.094134330749512,6.094134330749512,6.065114532758907,6.094134330749512,54600,0.0,0.0
2013-01-24 00:00:00-05:00,6.094132989386209,6.1463685035705575,6.0825248513423595,6.146368503570557,79400,0.0,0.0
2013-01-25 00:00:00-05:00,6.1405681777312004,6.1405681777312004,6.094136704264965,6.099940776824951,35100,0.0,0.0
2013-01-28 00:00:00-05:00,6.082529940257231,6.099942161890843,6.0360984562481645,6.047706604003906,43300,0.0,0.0
2013-01-29 00:00:00-05:00,6.0244908619993724,6.053510677881777,5.989666972239098,6.047706604003906,71500,0.0,0.0
2013-01-30 00:00:00-05:00,6.053506013281561,6.082525253295898,6.0244862197607,6.082525253295898,34800,0.0,0.0
2013-01-31 00:00:00-05:00,6.111542224884033,6.11734629160955,6.053503218147663,6.111542224884033,45700,0.0,0.0
2013-02-01 00:00:00-05:00,6.134757446469815,6.146365578990252,6.094130089660735,6.12895393371582,50400,0.0,0.0
2013-02-04 00:00:00-05:00,6.134760653618742,6.134760653618742,6.053505897521973,6.053505897521973,54700,0.0,0.0
2013-02-05 00:00:00-05:00,6.076721737396945,6.11154504681676,6.059309529180514,6.082525253295898,47100,0.0,0.0
2013-02-06 00:00:00-05:00,6.117347618802545,6.117347618802545,6.065112113952637,6.065112113952637,44900,0.0,0.0
2013-02-07 00:00:00-05:00,6.1115459881412315,6.117350058440675,6.07091860305835,6.094134330749512,33000,0.0,0.0
2013-02-08 00:00:00-05:00,6.128956801825414,6.128956801825414,6.076721288051742,6.123152732849121,23500,0.0,0.0
2013-02-11 00:00:00-05:00,6.088329322701376,6.094133392106853,6.076721737396945,6.082525253295898,22600,0.0,0.0
2013-02-12 00:00:00-05:00,6.099941275952619,6.099941275952619,6.053509798687129,6.0883331298828125,43400,0.0,0.0
2013-02-13 00:00:00-05:00,6.087751951320595,6.099403418114895,6.052798662082725,6.07027530670166,60100,0.039,0.0
2013-02-14 00:00:00-05:00,6.105222299828206,6.105222299828206,6.05279242004058,6.05861759185791,27700,0.0,0.0
2013-02-15 00:00:00-05:00,6.0877465634187695,6.1168746490524715,6.029490947723389,6.029490947723389,65800,0.0,0.0
2013-02-19 00:00:00-05:00,6.029491340074072,6.076096057891846,6.012014154213362,6.076096057891846,46100,0.0,0.0
2013-02-20 00:00:00-05:00,6.076100741189546,6.0935773849487305,6.017844521228946,6.0935773849487305,17200,0.0,0.0
2013-02-21 00:00:00-05:00,6.064444946169243,6.087747306405767,6.052794043837027,6.081921577453613,36600,0.0,0.0
2013-02-22 00:00:00-05:00,6.087749720245797,6.122703552246094,6.070273082031804,6.122703552246094,54200,0.0,0.0
2013-02-25 00:00:00-05:00,6.09357745629947,6.09357745629947,6.023670324871689,6.035321235656738,60700,0.0,0.0
2013-02-26 00:00:00-05:00,6.029495987450061,6.0935773849487305,6.017844521228946,6.0935773849487305,31300,0.0,0.0
2013-02-27 00:00:00-05:00,6.035315842053044,6.064443926343404,6.023664941680099,6.052793025970459,53200,0.0,0.0
2013-02-28 00:00:00-05:00,6.070269515395607,6.09939759901936,6.017839075987248,6.0877461433410645,55100,0.0,0.0
2013-03-01 00:00:00-05:00,6.087751723120698,6.111054100263292,6.035321235656738,6.035321235656738,43600,0.0,0.0
2013-03-04 00:00:00-05:00,6.035316578219996,6.105223655700684,6.023665676425915,6.105223655700684,57000,0.0,0.0
2013-03-05 00:00:00-05:00,6.116874226964818,6.122699954803966,6.070269515395607,6.0877461433410645,26300,0.0,0.0
2013-03-06 00:00:00-05:00,6.122699876714649,6.146002232202055,6.105222693420111,6.134350776672363,44500,0.0,0.0
2013-03-07 00:00:00-05:00,6.151828863238742,6.151828863238742,6.064444600651372,6.076096057891846,48800,0.0,0.0
2013-03-08 00:00:00-05:00,6.099397128010876,6.099397128010876,6.05861759185791,6.05861759185791,10500,0.0,0.0
2013-03-11 00:00:00-04:00,6.140182440749916,6.140182440749916,6.0586238399073595,6.07027530670166,52800,0.0,0.0
2013-03-12 00:00:00-04:00,6.070270329271609,6.093572688180496,6.035316513122249,6.076096057891846,44400,0.0,0.0
2013-03-13 00:00:00-04:00,6.128138074986358,6.128138074986358,6.017036575593556,6.034578800201416,34000,0.039,0.0
2013-03-14 00:00:00-04:00,6.005340021693391,6.022882240682858,5.905933184657936,5.917627811431885,63200,0.0,0.0
2013-03-15 00:00:00-04:00,5.935175694451492,5.935175694451492,5.800684291089874,5.829921722412109,159100,0.0,0.0
2013-03-18 00:00:00-04:00,5.859157359208268,5.894241819923287,5.79483491846832,5.870851993560791,37000,0.0,0.0
2013-03-19 00:00:00-04:00,5.882544457577837,5.917628902022666,5.824069639960203,5.841611862182617,41400,0.0,0.0
2013-03-20 00:00:00-04:00,5.882545402879426,5.958561897277832,5.8416128009065,5.958561897277832,28200,0.0,0.0
2013-03-21 00:00:00-04:00,5.941021115832438,5.97025853644393,5.911783695220947,5.911783695220947,37000,0.0,0.0
2013-03-22 00:00:00-04:00,5.935168936447001,5.9410165275846865,5.864999515765723,5.923474311828613,54700,0.0,0.0
2013-03-25 00:00:00-04:00,5.952715554877932,5.952715554877932,5.870850899042716,5.8766984939575195,34200,0.0,0.0
2013-03-26 00:00:00-04:00,5.85330705029699,5.8883914947509775,5.8065274192535465,5.888391494750977,77600,0.0,0.0
2013-03-27 00:00:00-04:00,5.835765693034432,5.905935714362578,5.835765693034432,5.8650031089782715,30500,0.0,0.0
2013-03-28 00:00:00-04:00,5.923481570077967,5.964413642883301,5.87670189896968,5.964413642883301,48300,0.0,0.0
2013-04-01 00:00:00-04:00,5.987796141372205,5.987796141372205,5.894236913797168,5.923474311828613,40900,0.0,0.0
2013-04-02 00:00:00-04:00,5.97025853644393,5.97025853644393,5.870851640959309,5.911783695220947,64300,0.0,0.0
2013-04-03 00:00:00-04:00,5.9410192582765635,5.9410192582765635,5.829917763879477,5.905934810638428,38200,0.0,0.0
2013-04-04 00:00:00-04:00,5.865004397555806,5.870851993560792,5.835766975188324,5.870851993560791,48900,0.0,0.0
2013-04-05 00:00:00-04:00,5.835766008710554,5.952715678812112,5.835766008710554,5.941020488739014,43000,0.0,0.0
2013-04-08 00:00:00-04:00,5.905934333271032,5.929324149024975,5.859154701763147,5.88254451751709,35500,0.0,0.0
2013-04-09 00:00:00-04:00,5.9059382916996,5.9059382916996,5.853311031565746,5.90009069442749,47900,0.0,0.0
2013-04-10 00:00:00-04:00,5.865004045305527,5.911783695220947,5.859157007309161,5.911783695220947,25800,0.0,0.0
2013-04-11 00:00:00-04:00,5.946417694125995,5.946417694125995,5.905327129547149,5.917067050933838,23600,0.039,0.0
2013-04-12 00:00:00-04:00,5.93467423847827,5.940544476137944,5.88771345683423,5.91119384765625,26200,0.0,0.0
2013-04-15 00:00:00-04:00,5.875979425540783,5.958160595805789,5.870109182002644,5.922940254211426,47400,0.0,0.0
2013-04-16 00:00:00-04:00,5.887717083170567,5.928808212280273,5.88184740171234,5.928808212280273,42000,0.0,0.0
2013-04-17 00:00:00-04:00,5.928808212280273,5.958158299022466,5.89945756572106,5.928808212280273,21100,0.0,0.0
2013-04-18 00:00:00-04:00,5.958158299022466,5.958158299022466,5.91706772972978,5.928808212280273,31800,0.0,0.0
2013-04-19 00:00:00-04:00,5.928808212280273,5.958158299022466,5.928808212280273,5.928808212280273,25500,0.0,0.0
2013-04-22 00:00:00-04:00,5.952289587532797,5.9816396790578,5.940549103069107,5.975769996643066,13000,0.0,0.0
2013-04-23 00:00:00-04:00,5.940544128417969,5.987504907313238,5.940544128417969,5.940544128417969,39100,0.0,0.0
2013-04-24 00:00:00-04:00,5.969896361147351,5.98163627912101,5.893584934959792,5.905325412750244,51400,0.0,0.0
2013-04-25 00:00:00-04:00,5.91119814663652,5.934678554534912,5.899458222595866,5.934678554534912,46000,0.0,0.0
2013-04-26 00:00:00-04:00,5.96402587066664,5.96402587066664,5.928805558414598,5.958155632019043,23600,0.0,0.0
2013-04-29 00:00:00-04:00,5.981638043686144,5.981638043686144,5.946417719558484,5.9640278816223145,43600,0.0,0.0
2013-04-30 00:00:00-04:00,5.981640534388045,5.981640534388045,5.940549952523704,5.969900608062744,81400,0.0,0.0
2013-05-01 00:00:00-04:00,6.005115443465793,6.128387635903166,5.987505290208077,6.116647720336914,102100,0.0,0.0
2013-05-02 00:00:00-04:00,6.122524161652202,6.1342640891138895,6.046212673790874,6.069693088531494,63300,0.0,0.0
2013-05-03 00:00:00-04:00,6.07555889797146,6.07555889797146,5.999247465805438,6.016857624053955,45000,0.0,0.0
2013-05-06 00:00:00-04:00,6.057950211832608,6.075560935804861,6.034469806353297,6.046210289001465,12900,0.0,0.0
2013-05-07 00:00:00-04:00,6.08143061731192,6.087300858636004,6.046210289001465,6.046210289001465,30800,0.0,0.0
2013-05-08 00:00:00-04:00,6.075560935804861,6.075560935804861,5.9992494780428425,6.046210289001465,35000,0.0,0.0
2013-05-09 00:00:00-04:00,6.022729034913925,6.052079677581787,6.016858794416963,6.052079677581787,20100,0.0,0.0
2013-05-10 00:00:00-04:00,6.034472186511941,6.087303259632648,6.034472186511941,6.069693088531494,24200,0.0,0.0
2013-05-13 00:00:00-04:00,6.098565348164385,6.098565348164385,5.98661069788137,5.9925031661987305,92200,0.039,0.0
2013-05-14 00:00:00-04:00,6.039639374520132,6.05142430644383,6.004285140685523,6.0278544425964355,39700,0.0,0.0
2013-05-15 00:00:00-04:00,6.016071701166138,6.045533477014232,5.998394860431936,6.004286766052246,30700,0.0,0.0
2013-05-16 00:00:00-04:00,6.045528891667265,6.063205718994141,6.021959601252696,6.063205718994141,49000,0.0,0.0
2013-05-17 00:00:00-04:00,6.063207918165559,6.074992848615432,6.027853688752354,6.0514235496521,32400,0.0,0.0
2013-05-20 00:00:00-04:00,6.086777019094757,6.11034631729126,6.0573152558650305,6.11034631729126,37500,0.0,0.0
2013-05-21 00:00:00-04:00,6.063210701655262,6.080887543508716,6.016072082088269,6.0219645500183105,36800,0.0,0.0
2013-05-22 00:00:00-04:00,6.057314585351173,6.057314585351173,6.016068458557129,6.016068458557129,28600,0.0,0.0
2013-05-23 00:00:00-04:00,6.045533477014232,6.051425944571179,5.980717457761098,6.004286766052246,41600,0.0,0.0
2013-05-24 00:00:00-04:00,5.939471413391049,6.021964274831935,5.933578945730275,5.998394966125488,33700,0.0,0.0
2013-05-28 00:00:00-04:00,6.010173199074434,6.010173199074434,5.951250268476649,5.963034629821777,27100,0.0,0.0
2013-05-29 00:00:00-04:00,5.980716051650438,5.980716051650438,5.8687620040728685,5.951254844665527,77900,0.0,0.0
2013-05-30 00:00:00-04:00,5.9689282203537255,5.9689282203537255,5.862866138507905,5.904112815856934,76200,0.0,0.0
2013-05-31 00:00:00-04:00,5.880544565064721,5.886437029423222,5.733236327720178,5.7803754806518555,100200,0.0,0.0
2013-06-03 00:00:00-04:00,5.809838679784449,5.833407983400626,5.609499880015212,5.827516078948975,108700,0.0,0.0
2013-06-04 00:00:00-04:00,5.815730094909668,5.868761158944195,5.733237266196357,5.815730094909668,137500,0.0,0.0
2013-06-05 00:00:00-04:00,5.880543893379505,5.886436357064959,5.774482356722658,5.839297771453857,66600,0.0,0.0
2013-06-06 00:00:00-04:00,5.862867931989104,5.892329692840576,5.833406171137631,5.892329692840576,69700,0.0,0.0
2013-06-07 00:00:00-04:00,5.88054399689218,5.88054399689218,5.815728581020063,5.851082801818848,28300,0.0,0.0
2013-06-10 00:00:00-04:00,5.880543007080147,5.880543007080147,5.786265850067139,5.786265850067139,52900,0.0,0.0
2013-06-11 00:00:00-04:00,5.768589199393992,5.768589199393992,5.680204502485048,5.7273430824279785,101700,0.0,0.0
2013-06-12 00:00:00-04:00,5.697175371959007,5.76225193763898,5.590685933391425,5.667594909667969,66400,0.039,0.0
2013-06-13 00:00:00-04:00,5.620265280395139,5.679426193237305,5.620265280395139,5.679426193237305,51600,0.0,0.0
2013-06-14 00:00:00-04:00,5.638014230110365,5.6971751524126155,5.632098589240435,5.643930435180664,53200,0.0,0.0
2013-06-17 00:00:00-04:00,5.673510502151148,5.673510502151148,5.620265788618498,5.632098197937012,33800,0.0,0.0
2013-06-18 00:00:00-04:00,5.63209495216541,5.661674830014174,5.537437424769348,5.578850269317627,128100,0.0,0.0
2013-06-19 00:00:00-04:00,5.620265209736325,5.620265209736325,5.525608201739125,5.5611042976379395,73000,0.0,0.0
2013-06-20 00:00:00-04:00,5.4841969224903435,5.525609230146568,5.348127025019302,5.4664483070373535,127100,0.0,0.0
2013-06-21 00:00:00-04:00,5.496025575458793,5.496025575458793,5.389536201411567,5.448697090148926,108800,0.0,0.0
2013-06-24 00:00:00-04:00,5.43686713454187,5.448699543296623,5.330378276750612,5.3540425300598145,158600,0.0,0.0
2013-06-25 00:00:00-04:00,5.35404081287615,5.472362041473389,5.271215670758022,5.472362041473389,109500,0.0,0.0
2013-06-26 00:00:00-04:00,5.430948326010298,5.584765600684683,5.430948326010298,5.519689083099365,108200,0.0,0.0
2013-06-27 00:00:00-04:00,5.543354800843515,5.608431335782722,5.537438598339917,5.602515697479248,70400,0.0,0.0
2013-06-28 00:00:00-04:00,5.584768378418363,5.596600786155388,5.496027577191688,5.572936534881592,73500,0.0,0.0
2013-07-01 00:00:00-04:00,5.596597357916977,5.620261594695065,5.561100720649891,5.5847649574279785,96900,0.0,0.0
2013-07-02 00:00:00-04:00,5.608432574093188,5.608432574093188,5.519691773746241,5.531524181365967,58400,0.0,0.0
2013-07-03 00:00:00-04:00,5.602515086960977,5.602515086960977,5.4723614670655625,5.525606155395508,36000,0.0,0.0
2013-07-05 00:00:00-04:00,5.5019423431878245,5.519690385954853,5.413201000952474,5.442781448364258,53800,0.0,0.0
2013-07-08 00:00:00-04:00,5.419118404388428,5.47827931232464,5.41320220075476,5.419118404388428,31200,0.0,0.0
2013-07-09 00:00:00-04:00,5.419118404388428,5.454615061990201,5.41320220075476,5.419118404388428,83100,0.0,0.0
2013-07-10 00:00:00-04:00,5.442783441580031,5.448699646068998,5.3658744758244055,5.4368672370910645,103200,0.0,0.0
2013-07-11 00:00:00-04:00,5.513504458432035,5.5432109543880275,5.430326949680395,5.501622200012207,93900,0.039,0.0
2013-07-12 00:00:00-04:00,5.47786096629601,5.51350833321201,5.448154449462891,5.448154449462891,99100,0.0,0.0
2013-07-15 00:00:00-04:00,5.43627162869734,5.483801829098708,5.43627162869734,5.465978145599365,57500,0.0,0.0
2013-07-16 00:00:00-04:00,5.525388697006575,5.525388697006575,5.465975689895065,5.507565021514893,51700,0.0,0.0
2013-07-17 00:00:00-04:00,5.489746068457716,5.5253940203901575,5.471922375793983,5.5135111808776855,55300,0.0,0.0
2013-07-18 00:00:00-04:00,5.489741250292649,5.543212847958564,5.489741250292649,5.531330585479736,50900,0.0,0.0
2013-07-19 00:00:00-04:00,5.483801303820043,5.525390650141019,5.477860454292442,5.519449234008789,55100,0.0,0.0
2013-07-22 00:00:00-04:00,5.489742727248439,5.489742727248439,5.43033026566107,5.454095363616943,62900,0.0,0.0
2013-07-23 00:00:00-04:00,5.454097809756843,5.495686608180865,5.448156390952016,5.460038661956787,43900,0.0,0.0
2013-07-24 00:00:00-04:00,5.465978145599365,5.489743245800049,5.4184479451979985,5.465978145599365,39400,0.0,0.0
2013-07-25 00:00:00-04:00,5.448156390952016,5.460038661956786,5.418449863532764,5.460038661956787,29900,0.0,0.0
2013-07-26 00:00:00-04:00,5.460036213152439,5.465977629292565,5.418447433380819,5.454095363616943,44200,0.0,0.0
2013-07-29 00:00:00-04:00,5.42438934931733,5.460036716233329,5.41250651594221,5.448154449462891,31000,0.0,0.0
2013-07-30 00:00:00-04:00,5.436271118651348,5.4956841468811035,5.436271118651348,5.4956841468811035,60800,0.0,0.0
2013-07-31 00:00:00-04:00,5.489742281076833,5.489742281076833,5.406564728293737,5.424388408660889,80500,0.0,0.0
2013-08-01 00:00:00-04:00,5.454096909758389,5.454096909758389,5.3768601778553755,5.388742446899414,132900,0.0,0.0
2013-08-02 00:00:00-04:00,5.4243874406925485,5.436269703282095,5.370915842528383,5.382798671722412,93300,0.0,0.0
2013-08-05 00:00:00-04:00,5.388742410718409,5.418448933036235,5.37686014175415,5.37686014175415,49900,0.0,0.0
2013-08-06 00:00:00-04:00,5.382802939757543,5.4065680503845215,5.347154990514609,5.4065680503845215,63900,0.0,0.0
2013-08-07 00:00:00-04:00,5.370918760030961,5.4006252825482415,5.359036490986923,5.388742446899414,38900,0.0,0.0
2013-08-08 00:00:00-04:00,5.418448969416694,5.418448969416694,5.364977342206547,5.388742446899414,20500,0.0,0.0
2013-08-09 00:00:00-04:00,5.370917783113516,5.436271667480469,5.347152682743289,5.436271667480469,77100,0.0,0.0
2013-08-12 00:00:00-04:00,5.382800141545043,5.406565239817895,5.359035043272191,5.39468240737915,53100,0.0,0.0
2013-08-13 00:00:00-04:00,5.406019507364855,5.406019507364855,5.346350193023682,5.346350193023682,51100,0.039,0.0
2013-08-14 00:00:00-04:00,5.3523201201646655,5.370220696485881,5.322485446929932,5.322485446929932,60300,0.0,0.0
2013-08-15 00:00:00-04:00,5.316514971146935,5.346349625148563,5.292647361755371,5.292647361755371,108400,0.0,0.0
2013-08-16 00:00:00-04:00,5.292649396752932,5.304583490561661,5.22701358795166,5.22701358795166,85200,0.0,0.0
2013-08-19 00:00:00-04:00,5.298616432101342,5.298616432101342,5.221046529660517,5.250881195068359,103200,0.0,0.0
2013-08-20 00:00:00-04:00,5.250881890898079,5.358285903930664,5.250881890898079,5.358285903930664,55700,0.0,0.0
2013-08-21 00:00:00-04:00,5.29861411809918,5.3821510309492515,5.292647073813747,5.376183986663818,76700,0.0,0.0
2013-08-22 00:00:00-04:00,5.358284053244244,5.519390870722259,5.358284053244244,5.5074567794799805,71100,0.0,0.0
2013-08-23 00:00:00-04:00,5.5432604969162425,5.5432604969162425,5.489558204924266,5.513425827026367,36500,0.0,0.0
2013-08-26 00:00:00-04:00,5.531325063627912,5.531325063627912,5.435854039081339,5.489556312561035,40000,0.0,0.0
2013-08-27 00:00:00-04:00,5.45972416837616,5.4835917932469656,5.406022439203644,5.423923015594482,60300,0.0,0.0
2013-08-28 00:00:00-04:00,5.45972416837616,5.45972416837616,5.411988918634548,5.423923015594482,62000,0.0,0.0
2013-08-29 00:00:00-04:00,5.411988918634548,5.42989006407445,5.382154814332838,5.423923015594482,122800,0.0,0.0
2013-08-30 00:00:00-04:00,5.429886244215905,5.45375385229614,5.406018636135669,5.447786808013916,43300,0.0,0.0
2013-09-03 00:00:00-04:00,5.46569033522057,5.46569033522057,5.3881204246404915,5.453756809234619,68800,0.0,0.0
2013-09-04 00:00:00-04:00,5.477622414126123,5.495522981040936,5.459721278162549,5.471655368804932,56800,0.0,0.0
2013-09-05 00:00:00-04:00,5.495521830237601,5.501488874309249,5.435852527618408,5.435852527618408,29600,0.0,0.0
2013-09-06 00:00:00-04:00,5.4179540712561955,5.441821687775211,5.40005350112915,5.40005350112915,46500,0.0,0.0
2013-09-09 00:00:00-04:00,5.453757688945256,5.453757688945256,5.400055390723677,5.423923015594482,42200,0.0,0.0
2013-09-10 00:00:00-04:00,5.4537529889074206,5.4537529889074206,5.388116650291225,5.406017780303955,37600,0.0,0.0
2013-09-11 00:00:00-04:00,5.429392678529287,5.435384951055539,5.3694653811942565,5.41141414642334,76000,0.039,0.0
2013-09-12 00:00:00-04:00,5.387441923403727,5.441376362503766,5.369463967540018,5.375456809997559,65300,0.0,0.0
2013-09-13 00:00:00-04:00,5.369464828281492,5.411413589190964,5.351486869535862,5.363471984863281,69400,0.0,0.0
2013-09-16 00:00:00-04:00,5.38145112991333,5.471342086475341,5.36347316720458,5.38145112991333,65400,0.0,0.0
2013-09-17 00:00:00-04:00,5.393436863684573,5.495312939052679,5.375458900828183,5.477334976196289,59900,0.0,0.0
2013-09-18 00:00:00-04:00,5.48332480766076,5.591193679781589,5.435383213720144,5.555237770080566,86500,0.0,0.0
2013-09-19 00:00:00-04:00,5.597188260589184,5.603181104570575,5.5132901593769,5.531268119812012,57000,0.0,0.0
2013-09-20 00:00:00-04:00,5.513290971191554,5.543254624001499,5.471342200163117,5.5252766609191895,53200,0.0,0.0
2013-09-23 00:00:00-04:00,5.549247062613669,5.573217868804932,5.513290567572225,5.573217868804932,50500,0.0,0.0
2013-09-24 00:00:00-04:00,5.5492455918877175,5.56722354888916,5.495311149374439,5.56722354888916,64200,0.0,0.0
2013-09-25 00:00:00-04:00,5.56722288281128,5.56722288281128,5.519281288870663,5.555237770080566,41700,0.0,0.0
2013-09-26 00:00:00-04:00,5.5552414548494236,5.5552414548494236,5.519284949789719,5.537262916564941,31800,0.0,0.0
2013-09-27 00:00:00-04:00,5.5132873039989345,5.519280144876582,5.465345719995282,5.495309352874756,27400,0.0,0.0
2013-09-30 00:00:00-04:00,5.507296281330473,5.507296281330473,5.435383881583437,5.483325481414795,37400,0.0,0.0
2013-10-01 00:00:00-04:00,5.501304009983267,5.507296281330473,5.4413767244395945,5.483325481414795,68100,0.0,0.0
2013-10-02 00:00:00-04:00,5.51328912418663,5.525274809898945,5.459354681499116,5.483325481414795,43200,0.0,0.0
2013-10-03 00:00:00-04:00,5.459355132654647,5.471340819357446,5.375457611771042,5.405421257019043,89200,0.0,0.0
2013-10-04 00:00:00-04:00,5.4353830828968075,5.4353830828968075,5.369463535692286,5.417405128479004,71600,0.0,0.0
2013-10-07 00:00:00-04:00,5.417405564182516,5.417405564182516,5.363471125082477,5.375456809997559,100600,0.0,0.0
2013-10-08 00:00:00-04:00,5.381449080946187,5.399427608318808,5.369463967540018,5.375456809997559,53300,0.0,0.0
2013-10-09 00:00:00-04:00,5.405420450776348,5.405420450776348,5.369463967540018,5.375456809997559,72500,0.0,0.0
2013-10-10 00:00:00-04:00,5.3688360625302485,5.416987012274543,5.3688360625302485,5.398930549621582,40300,0.039,0.0
2013-10-11 00:00:00-04:00,5.374856746138314,5.423007710855843,5.356799703865658,5.362818717956543,41100,0.0,0.0
2013-10-14 00:00:00-04:00,5.398929079308003,5.398929079308003,5.35077814267686,5.374853610992432,49400,0.0,0.0
2013-10-15 00:00:00-04:00,5.392910068727999,5.392910068727999,5.356796579252421,5.374853610992432,28800,0.0,0.0
2013-10-16 00:00:00-04:00,5.392912817943123,5.435044765472412,5.3688373373542815,5.435044765472412,45300,0.0,0.0
2013-10-17 00:00:00-04:00,5.392911334991605,5.525326728820801,5.392911334991605,5.525326728820801,66100,0.0,0.0
2013-10-18 00:00:00-04:00,5.513289928436279,5.549403434406277,5.477176996470985,5.513289928436279,62700,0.0,0.0
2013-10-21 00:00:00-04:00,5.501254081726074,5.513291537893616,5.453103109046164,5.501254081726074,75200,0.0,0.0
2013-10-22 00:00:00-04:00,5.501252549176019,5.54338449503252,5.4771770695430595,5.495233535766602,39700,0.0,0.0
2013-10-23 00:00:00-04:00,5.525326556436061,5.567458491065367,5.501251083218664,5.5373640060424805,52100,0.0,0.0
2013-10-24 00:00:00-04:00,5.537366040874986,5.567460536956787,5.507271544793184,5.567460536956787,54900,0.0,0.0
2013-10-25 00:00:00-04:00,5.5674599580630995,5.5674599580630995,5.537365465110465,5.561440944671631,25200,0.0,0.0
2013-10-28 00:00:00-04:00,5.567460189481752,5.597554683685303,5.567460189481752,5.597554683685303,52500,0.0,0.0
2013-10-29 00:00:00-04:00,5.579496926748532,5.633666314984922,5.579496926748532,5.627647876739502,93200,0.0,0.0
2013-10-30 00:00:00-04:00,5.6577406498836424,5.6577406498836424,5.561438769307586,5.573476791381836,54000,0.0,0.0
2013-10-31 00:00:00-04:00,5.597554451015734,5.597554451015734,5.561440944671631,5.561440944671631,19500,0.0,0.0
2013-11-01 00:00:00-04:00,5.5975545252339955,5.5975545252339955,5.51930907212157,5.543384552001953,69600,0.0,0.0
2013-11-04 00:00:00-05:00,5.543384552001953,5.579498058824887,5.51930907212157,5.543384552001953,36800,0.0,0.0
2013-11-05 00:00:00-05:00,5.5674599580630995,5.5794979848460375,5.537365465110465,5.561440944671631,24300,0.0,0.0
2013-11-06 00:00:00-05:00,5.5433850548923,5.5794985649914155,5.537366040874986,5.567460536956787,32300,0.0,0.0
2013-11-07 00:00:00-05:00,5.597557852599864,5.6758033522238955,5.5674633413590735,5.633670806884766,68300,0.0,0.0
2013-11-08 00:00:00-05:00,5.6457037925720215,5.657741241901366,5.591533835578604,5.6457037925720215,64000,0.0,0.0
2013-11-11 00:00:00-05:00,5.609590296574894,5.6517228042389664,5.591533835578604,5.6457037925720215,60100,0.0,0.0
2013-11-12 00:00:00-05:00,5.645708840983105,5.6758033522238955,5.627652363840655,5.633670806884766,82200,0.0,0.0
2013-11-13 00:00:00-05:00,5.627016544342041,5.711632961768796,5.627016544342041,5.627016544342041,208600,0.039,0.0
2013-11-14 00:00:00-05:00,5.633063120180463,5.669327729837679,5.572622872626988,5.602843284606934,93400,0.0,0.0
2013-11-15 00:00:00-05:00,5.578665250794375,5.5847094471248075,5.548445421954781,5.566577434539795,58300,0.0,0.0
2013-11-18 00:00:00-05:00,5.561137542236674,5.579271525360799,5.524869575988424,5.543003559112549,40300,0.001,0.0
2013-11-19 00:00:00-05:00,5.579270401375194,5.579270401375194,5.5127787590026855,5.5127787590026855,33900,0.0,0.0
2013-11-20 00:00:00-05:00,5.512779724293182,5.5369585599777125,5.506734871254821,5.518824577331543,29600,0.0,0.0
2013-11-21 00:00:00-05:00,5.543005309541542,5.543005309541542,5.506736755371094,5.506736755371094,40200,0.0,0.0
2013-11-22 00:00:00-05:00,5.506734871254821,5.5309137069393515,5.5006905946853735,5.518824577331543,61000,0.0,0.0
2013-11-25 00:00:00-05:00,5.524869575988424,5.549048412310234,5.524869575988424,5.543003559112549,41200,0.0,0.0
2013-11-26 00:00:00-05:00,5.56114114389893,5.585319995880126,5.543007149030358,5.585319995880127,73100,0.0,0.0
2013-11-27 00:00:00-05:00,5.597406832216684,5.597406832216684,5.549049153117236,5.579272270202637,34000,0.0,0.0
2013-11-29 00:00:00-05:00,5.555094746586824,5.5732293128967285,5.549050467619332,5.5732293128967285,24400,0.0,0.0
2013-12-02 00:00:00-05:00,5.603450938151539,5.603450938151539,5.512779869593054,5.543003559112549,62300,0.0,0.0
2013-12-03 00:00:00-05:00,5.579272270202637,5.585317124207319,5.549049153117236,5.579272270202637,42600,0.0,0.0
2013-12-04 00:00:00-05:00,5.603450790461857,5.6336739027158345,5.512779724293182,5.518824577331543,79400,0.0,0.0
2013-12-05 00:00:00-05:00,5.518824577331543,5.5490482660544345,5.5006905946853735,5.518824577331543,35300,0.0,0.0
2013-12-06 00:00:00-05:00,5.500691474017788,5.579272270202637,5.500691474017788,5.579272270202637,55600,0.0,0.0
2013-12-09 00:00:00-05:00,5.5490482660544345,5.5853162313467735,5.5006905946853735,5.518824577331543,70100,0.0,0.0
2013-12-10 00:00:00-05:00,5.530915901309427,5.5732293128967285,5.530915901309427,5.5732293128967285,41000,0.0,0.0
2013-12-11 00:00:00-05:00,5.542267446830225,5.560478459029102,5.524056434631348,5.524056434631348,73600,0.039,0.0
2013-12-12 00:00:00-05:00,5.524056434631348,5.542267446830225,5.511915373887003,5.524056434631348,37500,0.0,0.0
2013-12-13 00:00:00-05:00,5.548339632349471,5.584761667612426,5.53012803580018,5.560480117797852,53400,0.0,0.0
2013-12-16 00:00:00-05:00,5.5847618475307135,5.5847618475307135,5.487635645143405,5.5179877281188965,108300,0.0,0.0
2013-12-17 00:00:00-05:00,5.542269736872603,5.572621822357179,5.52405871714901,5.572621822357178,106300,0.0,0.0
2013-12-18 00:00:00-05:00,5.554409619029076,5.590832233428955,5.530128069068428,5.590832233428955,94600,0.0,0.0
2013-12-19 00:00:00-05:00,5.536196551871331,5.645463775704071,5.536196551871331,5.633322715759277,93800,0.0,0.0
2013-12-20 00:00:00-05:00,5.602970644814893,5.663674786703661,5.584759633815304,5.633322715759277,70900,0.0,0.0
2013-12-23 00:00:00-05:00,5.681889218623233,5.760804419024411,5.609044551849365,5.609044551849365,154800,0.0,0.0
2013-12-24 00:00:00-05:00,5.627254266765642,5.694028377532959,5.60297214039452,5.694028377532959,42000,0.0,0.0
2013-12-26 00:00:00-05:00,5.657606619042392,5.694029235167291,5.590832498217561,5.602972984313965,72300,0.0,0.0
2013-12-27 00:00:00-05:00,5.61511194861983,5.61511194861983,5.530126262068212,5.542267322540283,101300,0.0,0.0
2013-12-30 00:00:00-05:00,5.530129672322853,5.5786927863232085,5.4876370923020374,5.548341274261475,154100,0.0,0.0
2013-12-31 00:00:00-05:00,5.5786871910095215,5.584757718900442,5.51798364885253,5.5786871910095215,91700,0.0,0.0
2014-01-02 00:00:00-05:00,5.590832498217561,5.602972984313966,5.542269395996258,5.602972984313965,29400,0.0,0.0
2014-01-03 00:00:00-05:00,5.621182234732085,5.6333227157592765,5.5726191527881115,5.633322715759277,48500,0.0,0.0
2014-01-06 00:00:00-05:00,5.639397527520134,5.718312740325928,5.627257037275111,5.718312740325928,72200,0.0,0.0
2014-01-07 00:00:00-05:00,5.69402513524375,5.700095663379853,5.621180534362793,5.621180534362793,51300,0.0,0.0
2014-01-08 00:00:00-05:00,5.645465546407095,5.718310192170814,5.609042934066345,5.706169128417969,43200,0.0,0.0
2014-01-09 00:00:00-05:00,5.730450677005875,5.74259174075872,5.694028643582907,5.706169128417969,56500,0.0,0.0
2014-01-10 00:00:00-05:00,5.700101715499373,5.718312740325928,5.6940311809178406,5.718312740325928,12400,0.0,0.0
2014-01-13 00:00:00-05:00,5.754272714721523,5.754272714721523,5.723795039047441,5.748177528381348,20200,0.039,0.0
2014-01-14 00:00:00-05:00,5.7359837370684055,5.760366216812591,5.711601257324219,5.711601257324219,59600,0.0,0.0
2014-01-15 00:00:00-05:00,5.699414209280849,5.7603701597026955,5.699414209280849,5.735987663269043,31100,0.0,0.0
2014-01-16 00:00:00-05:00,5.766465304523956,5.784752029537251,5.729891273172857,5.772561073303223,36300,0.0,0.0
2014-01-17 00:00:00-05:00,5.7908481380639065,5.8822823498193095,5.76646564284083,5.784752368927002,93100,0.0,0.0
2014-01-21 00:00:00-05:00,5.7847543034601525,5.809136806837207,5.760371800083097,5.766467571258545,53000,0.0,0.0
2014-01-22 00:00:00-05:00,5.760371711932754,5.821328260104948,5.723798248089218,5.742084980010986,75100,0.0,0.0
2014-01-23 00:00:00-05:00,5.742083527221511,5.790848520891473,5.742083527221511,5.760370254516602,48300,0.0,0.0
2014-01-24 00:00:00-05:00,5.766464250050677,5.803038274713737,5.748177528381348,5.748177528381348,37100,0.0,0.0
2014-01-27 00:00:00-05:00,5.754277543238534,5.760373316018183,5.699417332196362,5.705512523651123,33700,0.0,0.0
2014-01-28 00:00:00-05:00,5.73598781876761,5.839613576750997,5.72379686088258,5.827422618865967,85900,0.0,0.0
2014-01-29 00:00:00-05:00,5.851804119416882,5.86399507522583,5.815230089341064,5.86399507522583,35200,0.0,0.0
2014-01-30 00:00:00-05:00,5.870092206679422,5.870092206679422,5.772562212265891,5.821327209472656,98400,0.0,0.0
2014-01-31 00:00:00-05:00,5.790848560299861,5.851805093464431,5.790848560299861,5.845709323883057,34800,0.0,0.0
2014-02-03 00:00:00-05:00,5.857899951426796,5.87009148990213,5.790848233786111,5.8091349601745605,47600,0.0,0.0
2014-02-04 00:00:00-05:00,5.827422385125637,5.857900069278031,5.815230846405029,5.815230846405029,58600,0.0,0.0
2014-02-05 00:00:00-05:00,5.796945095062256,5.82132759528159,5.796945095062256,5.796945095062256,19500,0.0,0.0
2014-02-06 00:00:00-05:00,5.796944746429031,5.803040516448425,5.766466477656687,5.77865743637085,28300,0.0,0.0
2014-02-07 00:00:00-05:00,5.809135215799738,5.809135215799738,5.760370222401648,5.803040027618408,35600,0.0,0.0
2014-02-10 00:00:00-05:00,5.821326849261159,5.851805115960612,5.821326849261159,5.827422618865967,17200,0.0,0.0
2014-02-11 00:00:00-05:00,5.845710852565158,5.870093355942213,5.766467571258545,5.766467571258545,61100,0.0,0.0
2014-02-12 00:00:00-05:00,5.765852130906596,5.796456558078509,5.753610126545473,5.771973133087158,42100,0.039,0.0
2014-02-13 00:00:00-05:00,5.735249903915119,5.747491912972573,5.710766469531332,5.716887474060059,62200,0.0,0.0
2014-02-14 00:00:00-05:00,5.747490250194414,5.778094096521959,5.729127241920744,5.741369247436523,50800,0.0,0.0
2014-02-18 00:00:00-05:00,5.759735193705329,5.771977206706351,5.729130744934082,5.729130744934082,28700,0.0,0.0
2014-02-19 00:00:00-05:00,5.735248022451811,5.790335877676397,5.735248022451811,5.765852451324463,36400,0.0,0.0
2014-02-20 00:00:00-05:00,5.790336764028888,5.833182620770646,5.778094757113518,5.796457767486572,70800,0.0,0.0
2014-02-21 00:00:00-05:00,5.808696428042343,5.814817428588867,5.802575427495819,5.814817428588867,24800,0.0,0.0
2014-02-24 00:00:00-05:00,5.814821810502206,5.857667679154034,5.802579800183866,5.833184242248535,63200,0.0,0.0
2014-02-25 00:00:00-05:00,5.808698489100563,5.863786346104221,5.808698489100563,5.8209404945373535,39500,0.0,0.0
2014-02-26 00:00:00-05:00,5.8209435960973135,5.8576684645138135,5.8209435960973135,5.8454270362854,49100,0.0,0.0
2014-02-27 00:00:00-05:00,5.827060005638335,5.87602684738901,5.814818003335267,5.851543426513672,50900,0.0,0.0
2014-02-28 00:00:00-05:00,5.833180686296153,5.857664108276367,5.759730420355511,5.857664108276367,85800,0.0,0.0
2014-03-03 00:00:00-05:00,5.894389533112101,5.894389533112101,5.839301687723912,5.857664108276367,50900,0.0,0.0
2014-03-04 00:00:00-05:00,5.900511108224054,5.906631526516053,5.869906681840527,5.894390106201172,39400,0.0,0.0
2014-03-05 00:00:00-05:00,5.87602684738901,5.906630685685083,5.8454224253621385,5.851543426513672,49400,0.0,0.0
2014-03-06 00:00:00-05:00,5.888272910681737,5.888272910681737,5.82706460207715,5.8454270362854,53000,0.0,0.0
2014-03-07 00:00:00-05:00,5.827063820820546,5.833184242248535,5.784217368437537,5.833184242248535,44000,0.0,0.0
2014-03-10 00:00:00-04:00,5.833183780092997,5.894392659372835,5.833183780092997,5.882150650024414,50800,0.0,0.0
2014-03-11 00:00:00-04:00,5.912756201869693,5.92499821352087,5.8454268889819545,5.888272762298584,67800,0.0,0.0
2014-03-12 00:00:00-04:00,5.906090593194534,5.955256754873668,5.875362181725236,5.942965507507324,66100,0.039,0.0
2014-03-13 00:00:00-04:00,5.9183844814786335,5.949113489723652,5.899947310974456,5.906092643737793,39100,0.0,0.0
2014-03-14 00:00:00-04:00,5.912238346655378,5.936821435132044,5.881509339532779,5.887655258178711,17700,0.0,0.0
2014-03-17 00:00:00-04:00,5.930675733112391,5.949113489723652,5.887655473233615,5.906092643737793,61800,0.0,0.0
2014-03-18 00:00:00-04:00,5.936821425227476,5.942967343863154,5.887655248356167,5.930675506591797,60000,0.0,0.0
2014-03-19 00:00:00-04:00,5.949117874429756,5.949117874429756,5.887659812642997,5.918388843536377,20700,0.0,0.0
2014-03-20 00:00:00-04:00,5.912239570342636,5.912239570342636,5.844636209566345,5.8692193031311035,36900,0.0,0.0
2014-03-21 00:00:00-04:00,5.899949550628662,5.930677984431285,5.881511787018322,5.899949550628662,42400,0.0,0.0
2014-03-24 00:00:00-04:00,5.936819590770712,5.942965507507324,5.8937993458281905,5.942965507507324,23700,0.0,0.0
2014-03-25 00:00:00-04:00,5.9614016870560445,5.992130679557181,5.942964525998075,5.979838848114014,52800,0.0,0.0
2014-03-26 00:00:00-04:00,5.985989570617676,5.9921354912744675,5.967552394754555,5.985989570617676,18500,0.0,0.0
2014-03-27 00:00:00-04:00,5.992133617401123,5.998279536135949,5.967550528568888,5.992133617401123,23700,0.0,0.0
2014-03-28 00:00:00-04:00,6.010571300782579,6.016717220042247,5.985988209851024,5.998280048370361,18700,0.0,0.0
2014-03-31 00:00:00-04:00,5.973696447303715,6.010570787498532,5.955258691099236,5.992133617401123,37000,0.0,0.0
2014-04-01 00:00:00-04:00,6.004424502943972,6.0105698345974625,5.942966497553253,5.949112415313721,31100,0.0,0.0
2014-04-02 00:00:00-04:00,5.961403664727678,5.9736955002486125,5.91838341261836,5.949112415313721,58100,0.0,0.0
2014-04-03 00:00:00-04:00,5.985985752449846,6.010568833289413,5.930673674034101,5.942965507507324,84100,0.0,0.0
2014-04-04 00:00:00-04:00,5.9675497284301855,6.016715899502375,5.955257892608643,5.955257892608643,50700,0.0,0.0
2014-04-07 00:00:00-04:00,5.949112638316105,6.016715977894425,5.924529552459717,5.924529552459717,72200,0.0,0.0
2014-04-08 00:00:00-04:00,5.955259199659802,6.00442596763003,5.949113866507254,5.998280048370361,53600,0.0,0.0
2014-04-09 00:00:00-04:00,5.979842029252947,6.0597372178155995,5.979842029252947,6.016716957092285,52100,0.0,0.0
2014-04-10 00:00:00-04:00,6.010572511518797,6.072030544281006,6.010572511518797,6.072030544281006,24600,0.0,0.0
2014-04-11 00:00:00-04:00,6.065243056494348,6.139284610748291,6.065243056494348,6.139284610748291,95000,0.039,0.0
2014-04-14 00:00:00-04:00,6.114601287997785,6.133111520963443,6.046730041503906,6.046730041503906,62200,0.0,0.0
2014-04-15 00:00:00-04:00,6.102264027950995,6.1701353044653295,6.08375319836803,6.120774269104004,120300,0.0,0.0
2014-04-16 00:00:00-04:00,6.1207765718059335,6.133116541073716,6.071415517874448,6.089925765991211,39900,0.0,0.0
2014-04-17 00:00:00-04:00,6.126946856719497,6.139286825999494,6.0837554931640625,6.0837554931640625,38900,0.0,0.0
2014-04-21 00:00:00-04:00,6.139281530776225,6.151622077842492,6.0899205193705015,6.102261066436768,22400,0.0,0.0
2014-04-22 00:00:00-04:00,6.10843075154023,6.139281530776225,6.102261066436768,6.102261066436768,27300,0.0,0.0
2014-04-23 00:00:00-04:00,6.114601025073363,6.114601025073363,6.083750245837368,6.102261066436768,54100,0.0,0.0
2014-04-24 00:00:00-04:00,6.089920411577045,6.089920411577045,6.065239906311035,6.065239906311035,58100,0.0,0.0
2014-04-25 00:00:00-04:00,6.102264227121102,6.157794952392578,6.102264227121102,6.157794952392578,21700,0.0,0.0
2014-04-28 00:00:00-04:00,6.170135880396986,6.170135880396986,6.133114806205398,6.145455360412598,50400,0.0,0.0
2014-04-29 00:00:00-04:00,6.139286825999494,6.139286825999494,6.0837554931640625,6.0837554931640625,34100,0.0,0.0
2014-04-30 00:00:00-04:00,6.120770454551634,6.126940727233887,6.10842990918713,6.126940727233887,19300,0.0,0.0
2014-05-01 00:00:00-04:00,6.1392806841688,6.145450956851053,6.114600181869382,6.126940727233887,30800,0.0,0.0
2014-05-02 00:00:00-04:00,6.139281530776225,6.139281530776225,6.102261066436768,6.102261066436768,36400,0.0,0.0
2014-05-05 00:00:00-04:00,6.089925765991211,6.126946850654914,6.077585796723429,6.089925765991211,10600,0.0,0.0
2014-05-06 00:00:00-04:00,6.126943593740603,6.133113280879769,6.1084327670335075,6.114603042602539,12500,0.0,0.0
2014-05-07 00:00:00-04:00,6.17013369601483,6.200984482180865,6.133112634929628,6.188643932342529,75600,0.0,0.0
2014-05-08 00:00:00-04:00,6.182479403279085,6.182479403279085,6.145458311310878,6.163968563079834,20300,0.0,0.0
2014-05-09 00:00:00-04:00,6.170135505850668,6.1886457476078265,6.13928471063542,6.157794952392578,16500,0.0,0.0
2014-05-12 00:00:00-04:00,6.163968563079834,6.194819374981624,6.139288031244461,6.163968563079834,69000,0.0,0.0
2014-05-13 00:00:00-04:00,6.1509575709312925,6.206706523895264,6.1509575709312925,6.206706523895264,14500,0.039,0.0
2014-05-14 00:00:00-04:00,6.219092192862263,6.219092192862263,6.194314956665039,6.194314956665039,13000,0.0,0.0
2014-05-15 00:00:00-04:00,6.225288743611131,6.225288743611131,6.1633453369140625,6.1633453369140625,17300,0.0,0.0
2014-05-16 00:00:00-04:00,6.181930774882485,6.281040386266333,6.169542442669728,6.175736904144287,75100,0.0,0.0
2014-05-19 00:00:00-04:00,6.200514350562571,6.206708812228198,6.144765377044678,6.144765377044678,38800,0.0,0.0
2014-05-20 00:00:00-04:00,6.181926608104036,6.18812106540337,6.12617826461792,6.12617826461792,20500,0.0,0.0
2014-05-21 00:00:00-04:00,6.150957010016313,6.18192812262874,6.144762551199385,6.1633453369140625,30500,0.0,0.0
2014-05-22 00:00:00-04:00,6.2005112933470725,6.256260239377467,6.113790644995782,6.119985103607178,52600,0.0,0.0
2014-05-23 00:00:00-04:00,6.119985103607179,6.138567888705281,6.089013401286282,6.119985103607178,51800,0.0,0.0
2014-05-27 00:00:00-04:00,6.101402185867571,6.1323732967790825,6.101402185867571,6.113790512084961,26100,0.0,0.0
2014-05-28 00:00:00-04:00,6.119985103607179,6.138567888705281,6.101402318509075,6.119985103607178,44700,0.0,0.0
2014-05-29 00:00:00-04:00,6.119983937169379,6.1385667187256985,6.076623916625977,6.076623916625977,68300,0.0,0.0
2014-05-30 00:00:00-04:00,6.051846109535132,6.095206126008209,6.051846109535132,6.0890116691589355,60700,0.0,0.0
2014-06-02 00:00:00-04:00,6.0766251788566885,6.095207964273006,6.045653476005429,6.0518479347229,62400,0.0,0.0
2014-06-03 00:00:00-04:00,6.058043580884432,6.095209753362321,6.0456552505493155,6.045655250549316,68300,0.0,0.0
2014-06-04 00:00:00-04:00,6.051846410003846,6.101400885786531,6.045651952847024,6.064234733581543,47900,0.0,0.0
2014-06-05 00:00:00-04:00,6.089015352930823,6.1075981439850615,6.070432561876585,6.082820892333984,19100,0.0,0.0
2014-06-06 00:00:00-04:00,6.101403713226318,6.132374831890801,6.082820333144161,6.101403713226318,39200,0.0,0.0
2014-06-09 00:00:00-04:00,6.13237626455874,6.175736904144287,6.101405138658671,6.175736904144287,52000,0.0,0.0
2014-06-10 00:00:00-04:00,6.163344079341097,6.188121318817138,6.126178515495028,6.188121318817139,63900,0.0,0.0
2014-06-11 00:00:00-04:00,6.181286356257173,6.18750509679603,6.143975099127516,6.168849468231201,48900,0.039,0.0
2014-06-12 00:00:00-04:00,6.212376569112557,6.212376569112557,6.175065329380867,6.181283473968506,25700,0.0,0.0
2014-06-13 00:00:00-04:00,6.206155282657346,6.212374017742466,6.150188446044922,6.150188446044922,48700,0.0,0.0
2014-06-16 00:00:00-04:00,6.1439722342368155,6.187502211607609,6.1439722342368155,6.181283473968506,43800,0.0,0.0
2014-06-17 00:00:00-04:00,6.193719120602201,6.193719120602201,6.069347369797194,6.081784248352051,56500,0.0,0.0
2014-06-18 00:00:00-04:00,6.106663259247956,6.1377563689429495,6.069352002055354,6.125319480895996,62500,0.0,0.0
2014-06-19 00:00:00-04:00,6.14396814425803,6.187498092651367,6.112875069812331,6.187498092651367,59400,0.0,0.0
2014-06-20 00:00:00-04:00,6.193722248077393,6.193722248077393,6.1688478853562625,6.193722248077393,12400,0.0,0.0
2014-06-23 00:00:00-04:00,6.199937982674237,6.218593597412109,6.18750051081479,6.218593597412109,49700,0.0,0.0
2014-06-24 00:00:00-04:00,6.218592682291046,6.249685764312744,6.206155212261883,6.249685764312744,35600,0.0,0.0
2014-06-25 00:00:00-04:00,6.24968432644493,6.2745586677291945,6.175061302592137,6.262121200561523,60100,0.0,0.0
2014-06-26 00:00:00-04:00,6.268340110778809,6.268340110778809,6.243465768793619,6.268340110778809,27000,0.0,0.0
2014-06-27 00:00:00-04:00,6.2807774013130295,6.2807774013130295,6.262121200561524,6.262121200561523,18100,0.0,0.0
2014-06-30 00:00:00-04:00,6.280780315399171,6.280780315399171,6.2496872261048475,6.28078031539917,28100,0.0,0.0
2014-07-01 00:00:00-04:00,6.28077757829695,6.286995719004928,6.243465768793619,6.268340110778809,28600,0.0,0.0
2014-07-02 00:00:00-04:00,6.2807796294583085,6.2807796294583085,6.224812193451152,6.243467807769775,35400,0.0,0.0
2014-07-03 00:00:00-04:00,6.2248099851606655,6.262121200561524,6.1626238354244665,6.262121200561523,23100,0.0,0.0
2014-07-07 00:00:00-04:00,6.262124725402906,6.311873435974121,6.199939133714593,6.311873435974121,23000,0.0,0.0
2014-07-08 00:00:00-04:00,6.311870549868918,6.311870549868918,6.243466252374241,6.255903720855713,39200,0.0,0.0
2014-07-09 00:00:00-04:00,6.286995541845788,6.286995541845788,6.20615378440916,6.262121200561523,36300,0.0,0.0
2014-07-10 00:00:00-04:00,6.293218446256748,6.299437183962048,6.224814110652854,6.231032848358154,20200,0.0,0.0
2014-07-11 00:00:00-04:00,6.292837017537074,6.336537084416061,6.2428939138557284,6.261622428894043,33900,0.039,0.0
2014-07-14 00:00:00-04:00,6.336533329128516,6.336533329128516,6.205432610818416,6.211675643920898,56300,0.0,0.0
2014-07-15 00:00:00-04:00,6.211678346738443,6.242892930464499,6.16173525092422,6.167978286743164,43900,0.0,0.0
2014-07-16 00:00:00-04:00,6.155490506050137,6.180462047023968,6.149248067333054,6.174219608306885,21800,0.0,0.0
2014-07-17 00:00:00-04:00,6.205436076894573,6.205436076894573,6.149250533694744,6.161736011505127,40000,0.0,0.0
2014-07-18 00:00:00-04:00,6.149250533694744,6.199193635673751,6.149250533694744,6.161736011505127,32500,0.0,0.0
2014-07-21 00:00:00-04:00,6.180467507375937,6.205439070411776,6.16798202354253,6.192953586578369,32100,0.0,0.0
2014-07-22 00:00:00-04:00,6.217918677023381,6.217918677023381,6.15548953673537,6.211675643920898,68400,0.0,0.0
2014-07-23 00:00:00-04:00,6.236648082733154,6.236648082733154,6.205433508075764,6.236648082733154,17500,0.0,0.0
2014-07-24 00:00:00-04:00,6.2366501828866605,6.255379291209102,6.224164706040392,6.242893218994141,18600,0.0,0.0
2014-07-25 00:00:00-04:00,6.21792091286403,6.274107040252972,6.21792091286403,6.249135494232178,52100,0.0,0.0
2014-07-28 00:00:00-04:00,6.25537581208699,6.3178043523341385,6.23664671418132,6.2803473472595215,73700,0.0,0.0
2014-07-29 00:00:00-04:00,6.299076979483553,6.342777025030631,6.299076979483553,6.3240485191345215,60400,0.0,0.0
2014-07-30 00:00:00-04:00,6.317805115006705,6.3365336198048805,6.274105072021485,6.274105072021484,32800,0.0,0.0
2014-07-31 00:00:00-04:00,6.24913409283709,6.3427772205730415,6.2428910588897635,6.330291748046875,49200,0.0,0.0
2014-08-01 00:00:00-04:00,6.336534550388381,6.398963702708556,6.299077535291094,6.380235195159912,59300,0.0,0.0
2014-08-04 00:00:00-04:00,6.373993549258496,6.380236584924096,6.317807419005394,6.336535930633545,26900,0.0,0.0
2014-08-05 00:00:00-04:00,6.349023208331346,6.398966312408447,6.349023208331346,6.398966312408447,21400,0.0,0.0
2014-08-06 00:00:00-04:00,6.3989687335943115,6.455154895782471,6.361511093679209,6.455154895782471,61300,0.0,0.0
2014-08-07 00:00:00-04:00,6.448909567607257,6.455152604605383,6.411452536356056,6.442666530609131,70800,0.0,0.0
2014-08-08 00:00:00-04:00,6.442665293210941,6.45515136480908,6.423936781182396,6.44890832901001,10100,0.0,0.0
2014-08-11 00:00:00-04:00,6.417693962428938,6.442665511101087,6.349022352422701,6.386479377746582,41900,0.0,0.0
2014-08-12 00:00:00-04:00,6.380240996628549,6.405212561189228,6.330297867507192,6.355269432067871,29800,0.0,0.0
2014-08-13 00:00:00-04:00,6.385973282836403,6.385973282836403,6.360905697141929,6.373439788818359,10400,0.039,0.0
2014-08-14 00:00:00-04:00,6.367174867206324,6.423577103250483,6.317039679091202,6.335840225219727,34800,0.0,0.0
2014-08-15 00:00:00-04:00,6.360908574591954,6.379709720611572,6.317040429196824,6.379709720611572,36300,0.0,0.0
2014-08-18 00:00:00-04:00,6.373435770782587,6.404770382560845,6.279432533105822,6.304500102996826,45900,0.0,0.0
2014-08-19 00:00:00-04:00,6.273168062325949,6.323303222656249,6.273168062325949,6.32330322265625,46800,0.0,0.0
2014-08-20 00:00:00-04:00,6.354637394970259,6.360903841321826,6.323302772579576,6.3295698165893555,57400,0.0,0.0
2014-08-21 00:00:00-04:00,6.360906864465187,6.404775595724885,6.348373368147056,6.398508548736572,35500,0.0,0.0
2014-08-22 00:00:00-04:00,6.398507374512833,6.398507374512833,6.3546392489621,6.373439788818359,14500,0.0,0.0
2014-08-25 00:00:00-04:00,6.34837035096048,6.360903841321826,6.323302772579576,6.3295698165893555,49500,0.0,0.0
2014-08-26 00:00:00-04:00,6.373442671938366,6.385976171626122,6.342108026230992,6.379709720611572,65800,0.0,0.0
2014-08-27 00:00:00-04:00,6.379706834656574,6.398507374512833,6.348372203123885,6.373439788818359,47800,0.0,0.0
2014-08-28 00:00:00-04:00,6.360905647277832,6.385973232775797,6.323304567860076,6.360905647277832,54100,0.0,0.0
2014-08-29 00:00:00-04:00,6.348375074904198,6.40477731764574,6.3233074778700304,6.379709720611572,71600,0.0,0.0
2014-09-02 00:00:00-04:00,6.373439738856005,6.39850732435397,6.34837215335804,6.360905647277832,39400,0.0,0.0
2014-09-03 00:00:00-04:00,6.354640157047115,6.429842924877093,6.354640157047115,6.4235758781433105,52900,0.0,0.0
2014-09-04 00:00:00-04:00,6.442373805754488,6.4549078941345215,6.39850569174083,6.4549078941345215,21200,0.0,0.0
2014-09-05 00:00:00-04:00,6.46117425828721,6.467440704159456,6.398505018299428,6.4361066818237305,52800,0.0,0.0
2014-09-08 00:00:00-04:00,6.473712521168358,6.52384771106317,6.429844379425049,6.429844379425049,52100,0.0,0.0
2014-09-09 00:00:00-04:00,6.693047684506167,6.693047684506167,6.4987735710769785,6.548908710479736,89000,0.0,0.0
2014-09-10 00:00:00-04:00,6.548908710479735,6.548908710479735,6.5301081826182035,6.548908710479736,38700,0.0,0.0
2014-09-11 00:00:00-04:00,6.5986068035236265,6.636349337912149,6.554574346651377,6.617478370666504,46400,0.039,0.0
2014-09-12 00:00:00-04:00,6.636349939426961,6.636349939426961,6.504251956939698,6.504251956939697,46500,0.0,0.0
2014-09-15 00:00:00-04:00,6.491666920643572,6.516828397084171,6.447634486846755,6.4727959632873535,17600,0.0,0.0
2014-09-16 00:00:00-04:00,6.472800394561158,6.472800394561158,6.422477407228886,6.453929424285889,56500,0.0,0.0
2014-09-17 00:00:00-04:00,6.485379733009501,6.497960176580052,6.460218245971228,6.491669654846191,26600,0.0,0.0
2014-09-18 00:00:00-04:00,6.510538310663673,6.510538310663673,6.466505278100992,6.485376834869385,28700,0.0,0.0
2014-09-19 00:00:00-04:00,6.516830444335937,6.5231209653964735,6.504250002111971,6.5168304443359375,22400,0.0,0.0
2014-09-22 00:00:00-04:00,6.54198987352477,6.54198987352477,6.441343967762376,6.4727959632873535,28300,0.0,0.0
2014-09-23 00:00:00-04:00,6.504251566885414,6.523122534709837,6.485380599060991,6.497961044311523,31500,0.0,0.0
2014-09-24 00:00:00-04:00,6.516830750043872,6.529411792755127,6.491669264518495,6.529411792755127,20600,0.0,0.0
2014-09-25 00:00:00-04:00,6.48538259650119,6.636351585388184,6.48538259650119,6.636351585388184,53400,0.0,0.0
2014-09-26 00:00:00-04:00,6.617481888394347,6.623771814221679,6.579739333942598,6.60490083694458,30000,0.0,0.0
2014-09-29 00:00:00-04:00,6.623768130426147,6.623768130426147,6.5357032188451125,6.541993141174316,27700,0.0,0.0
2014-09-30 00:00:00-04:00,6.523122925895796,6.548284417803023,6.485380987983599,6.504251956939697,53100,0.0,0.0
2014-10-01 00:00:00-04:00,6.567155499920921,6.642640576840609,6.535704084417898,6.548284530639648,45300,0.0,0.0
2014-10-02 00:00:00-04:00,6.541993136058126,6.592316114035711,6.529412691512339,6.586026191711426,49400,0.0,0.0
2014-10-03 00:00:00-04:00,6.592313896362648,6.611185456678709,6.567152415838249,6.5734429359436035,30000,0.0,0.0
2014-10-06 00:00:00-04:00,6.604897158478716,6.6174782029217205,6.554574180501131,6.586026191711426,27900,0.0,0.0
2014-10-07 00:00:00-04:00,6.592316992261718,6.604898038380766,6.529413561358375,6.548284530639648,45300,0.0,0.0
2014-10-08 00:00:00-04:00,6.55457391088456,6.63005837474595,6.55457391088456,6.623767852783203,30100,0.0,0.0
2014-10-09 00:00:00-04:00,6.636350395435149,6.636350395435149,6.535704420890483,6.567155838012695,47200,0.0,0.0
2014-10-10 00:00:00-04:00,6.541266947413873,6.591778614795712,6.541266947413873,6.560209274291992,10300,0.039,0.0
2014-10-13 00:00:00-04:00,6.591776406579293,6.623346338653795,6.579148795037314,6.610718727111816,55600,0.0,0.0
2014-10-14 00:00:00-04:00,6.623352052356749,6.623352052356749,6.560212735886332,6.591782093048096,25600,0.0,0.0
2014-10-15 00:00:00-04:00,6.591780824610026,6.598094935686127,6.503385678131696,6.566524982452393,48100,0.0,0.0
2014-10-16 00:00:00-04:00,6.5791485541699855,6.5791485541699855,6.471811150334198,6.497066974639893,75400,0.0,0.0
2014-10-17 00:00:00-04:00,6.579153386456067,6.579153386456067,6.503385857888911,6.528641700744629,52100,0.0,0.0
2014-10-20 00:00:00-04:00,6.560209105439922,6.560209105439922,6.5160109460084925,6.553894996643066,25200,0.0,0.0
2014-10-21 00:00:00-04:00,6.560209274291992,6.566522781104792,6.5286393316417,6.560209274291992,39000,0.0,0.0
2014-10-22 00:00:00-04:00,6.5286393316417,6.566522781104792,6.522325222682326,6.560209274291992,40000,0.0,0.0
2014-10-23 00:00:00-04:00,6.560209105439922,6.572836720887076,6.528639163602203,6.553894996643066,41700,0.0,0.0
2014-10-24 00:00:00-04:00,6.572831501601446,6.5854597091674805,6.553889792398472,6.5854597091674805,14600,0.0,0.0
2014-10-27 00:00:00-04:00,6.5854597091674805,6.591773210804419,6.5602038961814895,6.5854597091674805,35600,0.0,0.0
2014-10-28 00:00:00-04:00,6.560209746633068,6.654918979256523,6.560209746633068,6.648604869842529,60700,0.0,0.0
2014-10-29 00:00:00-04:00,6.661232335277785,6.718058109283447,6.648604117878061,6.718058109283447,42500,0.0,0.0
2014-10-30 00:00:00-04:00,6.718063025835911,6.718063025835911,6.673864834737387,6.705434799194336,53800,0.0,0.0
2014-10-31 00:00:00-04:00,6.6928003410977235,6.699113845825195,6.667544515748713,6.699113845825195,38500,0.0,0.0
2014-11-03 00:00:00-05:00,6.686489572312096,6.686489572312096,6.642292006423225,6.654919624328613,15900,0.0,0.0
2014-11-04 00:00:00-05:00,6.66754469581949,6.699114026748568,6.6486023746863765,6.692800521850586,32700,0.0,0.0
2014-11-05 00:00:00-05:00,6.680172566883323,6.680172566883323,6.62334680557251,6.62334680557251,31200,0.0,0.0
2014-11-06 00:00:00-05:00,6.6486043920774,6.661232609997931,6.604406833648682,6.604406833648682,30300,0.0,0.0
2014-11-07 00:00:00-05:00,6.6422905921936035,6.6422905921936035,6.6107206509317695,6.6422905921936035,31000,0.0,0.0
2014-11-10 00:00:00-05:00,6.598091125488281,6.610719340348074,6.572835297915124,6.598091125488281,23200,0.0,0.0
2014-11-11 00:00:00-05:00,6.566526246030551,6.598096205339204,6.566526246030551,6.591782093048096,29400,0.0,0.0
2014-11-12 00:00:00-05:00,6.61649558778182,6.61649558778182,6.584807872772216,6.584807872772217,22200,0.039,0.0
2014-11-13 00:00:00-05:00,6.565795437013641,6.578471008314288,6.546782684467175,6.559458255767822,31400,0.0,0.0
2014-11-14 00:00:00-05:00,6.572132409618206,6.572132409618206,6.546781874557559,6.553119659423828,31900,0.0,0.0
2014-11-17 00:00:00-05:00,6.55945929650888,6.55945929650888,6.477069883196065,6.502420425415039,26400,0.0,0.0
2014-11-18 00:00:00-05:00,6.515091592235315,6.635507050806657,6.515091592235315,6.6164937019348145,24500,0.0,0.0
2014-11-19 00:00:00-05:00,6.6164934218960925,6.62916898727417,6.591142895544162,6.62916898727417,12200,0.0,0.0
2014-11-20 00:00:00-05:00,6.622833920390886,6.654522242426191,6.616496135102931,6.635509490966797,35400,0.0,0.0
2014-11-21 00:00:00-05:00,6.66719927883835,6.66719927883835,6.6355109498361164,6.660861492156982,43300,0.0,0.0
2014-11-24 00:00:00-05:00,6.667201334106116,6.667201334106116,6.622837418065285,6.6545257568359375,18100,0.0,0.0
2014-11-25 00:00:00-05:00,6.648187968200849,6.6608635454710265,6.648187968200849,6.6545257568359375,35500,0.0,0.0
2014-11-26 00:00:00-05:00,6.6608613482821895,6.686211890055483,6.6291730199644245,6.66719913482666,21000,0.0,0.0
2014-11-28 00:00:00-05:00,6.648184524615006,6.717898954681148,6.648184524615006,6.686210632324219,28400,0.0,0.0
2014-12-01 00:00:00-05:00,6.705222569907109,6.711560354489931,6.648183717470519,6.679872035980225,34200,0.0,0.0
2014-12-02 00:00:00-05:00,6.679872249975806,6.724235534667969,6.679872249975806,6.724235534667969,47700,0.0,0.0
2014-12-03 00:00:00-05:00,6.7115605695006755,6.724235534667969,6.679872249975806,6.724235534667969,31500,0.0,0.0
2014-12-04 00:00:00-05:00,6.724233640082721,6.724233640082721,6.717896461486816,6.717896461486816,22300,0.0,0.0
2014-12-05 00:00:00-05:00,6.730573920981234,6.730573920981234,6.654522309967288,6.686210632324219,47900,0.0,0.0
2014-12-08 00:00:00-05:00,6.667197880671851,6.686210632324219,6.635509558314921,6.686210632324219,21600,0.0,0.0
2014-12-09 00:00:00-05:00,6.667198088724901,6.736911916562018,6.648184732074736,6.730574131011963,22900,0.0,0.0
2014-12-10 00:00:00-05:00,6.7305689382446365,6.755919456481934,6.711556200667672,6.755919456481934,30700,0.0,0.0
2014-12-11 00:00:00-05:00,6.762286448403987,6.787732468823869,6.749563134853556,6.7750091552734375,37700,0.04,0.0
2014-12-12 00:00:00-05:00,6.787732468823869,6.8068168324685345,6.7750091552734375,6.7750091552734375,77900,0.0,0.0
2014-12-15 00:00:00-05:00,6.7940930760905145,6.7940930760905145,6.743201043112231,6.755923748016357,12800,0.0,0.0
2014-12-16 00:00:00-05:00,6.7750101522876545,6.7750101522876545,6.71139539521686,6.768649101257324,29000,0.0,0.0
2014-12-17 00:00:00-05:00,6.768648105179203,6.781370812048653,6.749563134853556,6.7750091552734375,28000,0.0,0.0
2014-12-18 00:00:00-05:00,6.806814363665869,6.806814363665869,6.7559223412844265,6.800452709197998,49700,0.0,0.0
2014-12-19 00:00:00-05:00,6.787732468823869,6.800455175693318,6.768648105179203,6.7750091552734375,17900,0.0,0.0
2014-12-22 00:00:00-05:00,6.768649274604061,6.781371983671623,6.762287616729737,6.762287616729736,15400,0.0,0.0
2014-12-23 00:00:00-05:00,6.775004451544815,6.775004451544815,6.743197403113597,6.749558448791504,36900,0.0,0.0
2014-12-24 00:00:00-05:00,6.768645945595353,6.768645945595353,6.698668956756592,6.698668956756592,12900,0.0,0.0
2014-12-26 00:00:00-05:00,6.749562020982233,6.749562020982233,6.6732239723205575,6.673223972320557,18900,0.0,0.0
2014-12-29 00:00:00-05:00,6.666855900928378,6.692302499341979,6.635048866271973,6.635048866271973,11400,0.0,0.0
2014-12-30 00:00:00-05:00,6.641416827984068,6.7113938331604,6.635055778434254,6.7113938331604,43900,0.0,0.0
2014-12-31 00:00:00-05:00,6.724114969057744,6.749560981358897,6.660500241645256,6.698668956756592,14100,0.0,0.0
2015-01-02 00:00:00-05:00,6.660500241645256,6.711392266247562,6.654138586899771,6.698668956756592,39900,0.0,0.0
2015-01-05 00:00:00-05:00,6.730479541748191,6.730479541748191,6.647779814245449,6.692310810089111,45800,0.0,0.0
2015-01-06 00:00:00-05:00,6.692308784015192,6.724115848541261,6.685947128437632,6.72411584854126,44800,0.0,0.0
2015-01-07 00:00:00-05:00,6.724120441517475,6.768651454296876,6.685951695342311,6.73048210144043,34700,0.0,0.0
2015-01-08 00:00:00-05:00,6.71139168416178,6.762283704350169,6.71139168416178,6.743199348449707,30700,0.0,0.0
2015-01-09 00:00:00-05:00,6.762285175325757,6.762285175325757,6.698669832911885,6.72411584854126,16800,0.0,0.0
2015-01-12 00:00:00-05:00,6.711389748001818,6.755920101149972,6.679582092890039,6.749558448791504,20400,0.0,0.0
2015-01-13 00:00:00-05:00,6.7744633408136545,6.7872335926801775,6.716999034171675,6.742538928985596,39600,0.039,0.0
2015-01-14 00:00:00-05:00,6.736155182231473,6.7936201095581055,6.71061528218844,6.7936201095581055,34100,0.0,0.0
2015-01-15 00:00:00-05:00,6.774469135392984,6.800009052052613,6.742544696258181,6.755314350128174,29800,0.0,0.0
2015-01-16 00:00:00-05:00,6.774461245609796,6.825541019439698,6.76807673057026,6.825541019439697,18500,0.0,0.0
2015-01-20 00:00:00-05:00,6.806389755119997,6.812774882360567,6.7872349823175355,6.7936201095581055,20900,0.0,0.0
2015-01-21 00:00:00-05:00,6.812773464659569,6.857468128204346,6.800003212835848,6.857468128204346,52400,0.0,0.0
2015-01-22 00:00:00-05:00,6.8830061211685685,6.8830061211685685,6.831926345825195,6.831926345825195,35700,0.0,0.0
2015-01-23 00:00:00-05:00,6.863851357644542,6.870236481792202,6.831926345825195,6.831926345825195,19900,0.0,0.0
2015-01-26 00:00:00-05:00,6.844695568084717,6.85108008235637,6.780845554017289,6.844695568084717,25200,0.0,0.0
2015-01-27 00:00:00-05:00,6.851083656248664,6.8957789329788595,6.844699138646504,6.8893938064575195,41500,0.0,0.0
2015-01-28 00:00:00-05:00,6.9021625684984285,6.93408697637047,6.876622676849366,6.876622676849365,57800,0.0,0.0
2015-01-29 00:00:00-05:00,6.863851994059921,6.914931774139404,6.863851994059921,6.914931774139404,37700,0.0,0.0
2015-01-30 00:00:00-05:00,6.9085466493997165,6.940471664179146,6.902162133579039,6.914931774139404,43400,0.0,0.0
2015-02-02 00:00:00-05:00,6.966011831699262,7.010706488819401,6.831927251419813,6.9085469245910645,63700,0.0,0.0
2015-02-03 00:00:00-05:00,6.921316840180329,6.927701964865865,6.876622185219583,6.902162075042725,25600,0.0,0.0
2015-02-04 00:00:00-05:00,6.8957763694638885,6.9021614936115485,6.831926345825195,6.831926345825195,29700,0.0,0.0
2015-02-05 00:00:00-05:00,6.800004627879427,6.831929655163028,6.7936201095581055,6.7936201095581055,30200,0.0,0.0
2015-02-06 00:00:00-05:00,6.812774304522739,6.812774304522739,6.748924255371094,6.748924255371094,21500,0.0,0.0
2015-02-09 00:00:00-05:00,6.71699625436608,6.755305776273137,6.70422600778448,6.729765892028809,45600,0.0,0.0
2015-02-10 00:00:00-05:00,6.736154610892283,6.755309382070098,6.678689688439642,6.748924255371094,94100,0.0,0.0
2015-02-11 00:00:00-05:00,6.754693227571546,6.761102001627218,6.6841985464821585,6.729058742523193,40700,0.039,0.0
2015-02-12 00:00:00-05:00,6.741872731162284,6.7482808906603395,6.6841950174617155,6.697011947631836,38100,0.0,0.0
2015-02-13 00:00:00-05:00,6.6970136656778125,6.74187446071681,6.652153481812983,6.7226481437683105,63500,0.0,0.0
2015-02-17 00:00:00-05:00,6.722647645332838,6.722647645332838,6.66496992111206,6.6649699211120605,44400,0.0,0.0
2015-02-18 00:00:00-05:00,6.677785474159769,6.793140888214111,6.677785474159769,6.793140888214111,21000,0.0,0.0
2015-02-19 00:00:00-05:00,6.805963432423233,6.825189146903893,6.773920167505839,6.812372207641602,53300,0.0,0.0
2015-02-20 00:00:00-05:00,6.812366165013512,6.83159186244081,6.7931404675862135,6.799548625946045,51200,0.0,0.0
2015-02-23 00:00:00-05:00,6.818780982859969,6.818780982859969,6.799554657204866,6.812372207641602,30000,0.0,0.0
2015-02-24 00:00:00-05:00,6.793142983228915,6.805959915868858,6.716238942692748,6.767508506774902,40400,0.0,0.0
2015-02-25 00:00:00-05:00,6.780330029485179,6.79314758197633,6.716243489378508,6.735469818115234,54700,0.0,0.0
2015-02-26 00:00:00-05:00,6.716241836547852,6.7611026480523355,6.716241836547852,6.716241836547852,41500,0.0,0.0
2015-02-27 00:00:00-05:00,6.7162413910043615,6.818779945373534,6.697015679448921,6.818779945373535,42700,0.0,0.0
2015-03-02 00:00:00-05:00,6.818775356762416,6.838001055380159,6.793140888214111,6.793140888214111,53300,0.0,0.0
2015-03-03 00:00:00-05:00,6.786737717942574,6.812372207641602,6.786737717942574,6.812372207641602,25400,0.0,0.0
2015-03-04 00:00:00-05:00,6.81236980622152,6.882864475250244,6.805961033262301,6.882864475250244,127700,0.0,0.0
2015-03-05 00:00:00-05:00,6.85082003219652,6.90849775646709,6.85082003219652,6.902089595794678,39300,0.0,0.0
2015-03-06 00:00:00-05:00,6.857229434039044,6.857229434039044,6.754691519770481,6.7611002922058105,44100,0.0,0.0
2015-03-09 00:00:00-04:00,6.767505801630026,6.786731498492002,6.735462566077477,6.754688262939453,42800,0.0,0.0
2015-03-10 00:00:00-04:00,6.786735698478209,6.786735698478209,6.761101216406991,6.773918151855469,9100,0.0,0.0
2015-03-11 00:00:00-04:00,6.766839894668203,6.81186619760924,6.696083574689578,6.702516078948975,84800,0.039,0.0
2015-03-12 00:00:00-04:00,6.715380474030399,6.766839894668203,6.689651070430181,6.702516078948975,60900,0.0,0.0
2015-03-13 00:00:00-04:00,6.715382330482341,6.715382330482341,6.663923509056234,6.689652919769287,38600,0.0,0.0
2015-03-16 00:00:00-04:00,6.708953773925745,6.74754760246743,6.702521264689516,6.741115093231201,22200,0.0,0.0
2015-03-17 00:00:00-04:00,6.747544042347566,6.747544042347566,6.683220824236841,6.7218146324157715,40600,0.0,0.0
2015-03-18 00:00:00-04:00,6.7475426901522235,6.818299013363359,6.702516385154154,6.786137104034424,38900,0.0,0.0
2015-03-19 00:00:00-04:00,6.779710085698522,6.786142595457047,6.721818724747582,6.76041316986084,27000,0.0,0.0
2015-03-20 00:00:00-04:00,6.741113211705889,6.786140150354091,6.741113211705889,6.7475457191467285,51000,0.0,0.0
2015-03-23 00:00:00-04:00,6.766844948621208,6.882627044577667,6.766844948621208,6.8376007080078125,33600,0.0,0.0
2015-03-24 00:00:00-04:00,6.805438776127419,6.8376007080078125,6.792574371437958,6.8376007080078125,6000,0.0,0.0
2015-03-25 00:00:00-04:00,6.824730904479227,6.844028418139026,6.766840203812023,6.786137104034424,11000,0.0,0.0
2015-03-26 00:00:00-04:00,6.7539806601023145,6.76041316986084,6.728251234506107,6.76041316986084,11500,0.0,0.0
2015-03-27 00:00:00-04:00,6.7732715905513325,6.844027908493548,6.7732715905513325,6.824730396270752,39700,0.0,0.0
2015-03-30 00:00:00-04:00,6.824730396270751,6.863324807278992,6.811866001559573,6.824730396270752,27100,0.0,0.0
2015-03-31 00:00:00-04:00,6.83116270678656,6.856892108917236,6.773271398633204,6.856892108917236,22100,0.0,0.0
2015-04-01 00:00:00-04:00,6.856895023216646,6.87619192965684,6.844030623402382,6.869760036468506,20800,0.0,0.0
2015-04-02 00:00:00-04:00,6.86332368850708,6.882620584146989,6.837594289841451,6.86332368850708,46800,0.0,0.0
2015-04-06 00:00:00-04:00,6.882623195648193,6.889055701114625,6.856893787219952,6.882623195648193,20000,0.0,0.0
2015-04-07 00:00:00-04:00,6.863327960050489,6.908354282379151,6.856895453021356,6.90835428237915,27600,0.0,0.0
2015-04-08 00:00:00-04:00,6.882621735974777,6.895486744179217,6.876189231872559,6.876189231872559,19400,0.0,0.0
2015-04-09 00:00:00-04:00,6.882625368432559,6.921219799977587,6.876192860935442,6.914787292480469,43300,0.0,0.0
2015-04-10 00:00:00-04:00,6.908352182048855,6.914784687122328,6.882622775192409,6.8954877853393555,20800,0.0,0.0
2015-04-13 00:00:00-04:00,6.875473788851117,6.9271204929124055,6.869018412601414,6.888385772705078,45500,0.039,0.0
2015-04-14 00:00:00-04:00,6.894845962524415,6.933580706315197,6.881933970809053,6.894845962524414,50700,0.0,0.0
2015-04-15 00:00:00-04:00,6.894842192624486,6.907753561602633,6.862562846663144,6.901297569274902,26900,0.0,0.0
2015-04-16 00:00:00-04:00,6.881933970809053,6.894845962524415,6.85611060305598,6.894845962524414,12300,0.0,0.0
2015-04-17 00:00:00-04:00,6.869015650412489,6.881927013397217,6.869015650412489,6.881927013397217,10900,0.0,0.0
2015-04-20 00:00:00-04:00,6.875473980079647,6.933576677683934,6.836739258794985,6.927120685577393,68000,0.0,0.0
2015-04-21 00:00:00-04:00,6.920669330277486,6.927124710457516,6.888389966666733,6.894845962524414,27500,0.0,0.0
2015-04-22 00:00:00-04:00,6.888386915806225,6.901298286125501,6.87547492980957,6.87547492980957,11600,0.0,0.0
2015-04-23 00:00:00-04:00,6.881930922807898,6.888386915806225,6.856107566491968,6.87547492980957,10700,0.0,0.0
2015-04-24 00:00:00-04:00,6.881930111388885,6.881930111388885,6.823827412609338,6.856106758117676,29300,0.0,0.0
2015-04-27 00:00:00-04:00,6.875478677616509,6.875478677616509,6.830287933349609,6.830287933349609,23800,0.0,0.0
2015-04-28 00:00:00-04:00,6.817371180378825,6.862561889012079,6.817371180378825,6.849649906158447,57300,0.0,0.0
2015-04-29 00:00:00-04:00,6.817377606904144,6.862568358137284,6.8044656118787845,6.823832988739014,34500,0.0,0.0
2015-04-30 00:00:00-04:00,6.810919863407517,6.901301342704444,6.798007871692155,6.894845962524414,82100,0.0,0.0
2015-05-01 00:00:00-04:00,6.881931458953832,6.881931458953832,6.810917377471923,6.810917377471924,50300,0.0,0.0
2015-05-04 00:00:00-04:00,6.823827409701364,6.823827409701364,6.79800405644116,6.804460048675537,30300,0.0,0.0
2015-05-05 00:00:00-04:00,6.798008499422333,6.804464495876163,6.739905762693284,6.785097122192383,44300,0.0,0.0
2015-05-06 00:00:00-04:00,6.746360626394285,6.7850959829356645,6.694713894790849,6.765727996826172,62500,0.0,0.0
2015-05-07 00:00:00-04:00,6.714078571003676,6.759269904780552,6.694711208343506,6.694711208343506,59200,0.0,0.0
2015-05-08 00:00:00-04:00,6.707624235620877,6.778638320188492,6.707624235620877,6.739902973175049,24200,0.0,0.0
2015-05-11 00:00:00-04:00,6.726994385463333,6.791553118646212,6.701171015325723,6.785097122192383,34800,0.0,0.0
2015-05-12 00:00:00-04:00,6.752818803437159,6.791554172493003,6.739906808525943,6.778642177581787,12500,0.0,0.0
2015-05-13 00:00:00-04:00,6.790951081604969,6.803911209106445,6.765031444574907,6.803911209106445,17000,0.039,0.0
2015-05-14 00:00:00-04:00,6.777990341186523,6.777990341186523,6.745590646289541,6.777990341186523,13100,0.0,0.0
2015-05-15 00:00:00-04:00,6.758550771437446,6.790949848361648,6.745590646289541,6.777990341186523,18400,0.0,0.0
2015-05-18 00:00:00-04:00,6.75854762547559,6.77798718617596,6.700228325401985,6.752067565917969,44000,0.0,0.0
2015-05-19 00:00:00-04:00,6.713187826544735,6.752067565917969,6.6937482658443646,6.752067565917969,29400,0.0,0.0
2015-05-20 00:00:00-04:00,6.713191118130113,6.76503038406372,6.700231610633109,6.765030384063721,37300,0.0,0.0
2015-05-21 00:00:00-04:00,6.765029972995002,6.765029972995002,6.693751141160662,6.71967077255249,117600,0.0,0.0
2015-05-22 00:00:00-04:00,6.726151226253703,6.726151226253703,6.661351835017408,6.667831897735596,58400,0.0,0.0
2015-05-26 00:00:00-04:00,6.674311031251014,6.680791093067042,6.622471772668197,6.654871463775635,19000,0.0,0.0
2015-05-27 00:00:00-04:00,6.6613521426432305,6.680792331695557,6.654872697598612,6.680792331695557,30400,0.0,0.0
2015-05-28 00:00:00-04:00,6.680792023171973,6.7326312889718904,6.6419122648356375,6.667831897735596,54400,0.0,0.0
2015-05-29 00:00:00-04:00,6.654873063912573,6.661352509313851,6.596553729491084,6.641912937164307,81000,0.0,0.0
2015-06-01 00:00:00-04:00,6.667834229362049,6.7002339363098145,6.62895445743013,6.7002339363098145,31700,0.0,0.0
2015-06-02 00:00:00-04:00,6.713187826544735,6.75854762547559,6.6807887647016155,6.752067565917969,35200,0.0,0.0
2015-06-03 00:00:00-04:00,6.7391103416031735,6.7391103416031735,6.700231203501808,6.71967077255249,27600,0.0,0.0
2015-06-04 00:00:00-04:00,6.726150071525578,6.726150071525578,6.667830753019582,6.693750381469727,11600,0.0,0.0
2015-06-05 00:00:00-04:00,6.654872390272014,6.687271467917367,6.60951256921749,6.667831897735596,46000,0.0,0.0
2015-06-08 00:00:00-04:00,6.6419122648356375,6.674311960453784,6.628952139399261,6.667831897735596,43500,0.0,0.0
2015-06-09 00:00:00-04:00,6.661354574285687,6.674314705051501,6.6030352217856185,6.64839506149292,54100,0.0,0.0
2015-06-10 00:00:00-04:00,6.61599494543483,6.70671400129397,6.61599494543483,6.7002339363098145,64900,0.0,0.0
2015-06-11 00:00:00-04:00,6.660550594329834,6.751613034834452,6.647542028721818,6.660550594329834,29200,0.039,0.0
2015-06-12 00:00:00-04:00,6.634537572993236,6.69307771074668,6.634537572993236,6.647546768188477,43900,0.0,0.0
2015-06-15 00:00:00-04:00,6.673563162975261,6.680067759232411,6.621527633542945,6.641040802001953,51500,0.0,0.0
2015-06-16 00:00:00-04:00,6.64754423028166,6.680066585540772,6.634535040053083,6.6800665855407715,17100,0.0,0.0
2015-06-17 00:00:00-04:00,6.667063184450358,6.68657636642456,6.589009836240678,6.6865763664245605,42400,0.0,0.0
2015-06-18 00:00:00-04:00,6.660555548154038,6.7256002855078725,6.660555548154038,6.706087112426758,14900,0.0,0.0
2015-06-19 00:00:00-04:00,6.719094177261024,6.751616538626931,6.719094177261024,6.74511194229126,14400,0.0,0.0
2015-06-22 00:00:00-04:00,6.758121234705801,6.758121234705801,6.667058745599758,6.719094276428223,17000,0.0,0.0
2015-06-23 00:00:00-04:00,6.680070246163128,6.745114372012653,6.680070246163128,6.7256011962890625,20700,0.0,0.0
2015-06-24 00:00:00-04:00,6.7060869040119835,6.784140214223256,6.7060869040119835,6.758122444152832,22800,0.0,0.0
2015-06-25 00:00:00-04:00,6.712590217590332,6.751617178993477,6.641041512049159,6.712590217590332,25700,0.0,0.0
2015-06-26 00:00:00-04:00,6.6995797505713055,6.7255975107161285,6.667057395312194,6.6800665855407715,38900,0.0,0.0
2015-06-29 00:00:00-04:00,6.725601654113189,6.725601654113189,6.621530549419499,6.6345391273498535,32500,0.0,0.0
2015-06-30 00:00:00-04:00,6.634536482434337,6.712589779837979,6.602014120104702,6.6930766105651855,33300,0.0,0.0
2015-07-01 00:00:00-04:00,6.712586097386151,6.725595283306293,6.634532842801676,6.660550594329834,28400,0.0,0.0
2015-07-02 00:00:00-04:00,6.725594074973755,6.751611821827518,6.621523087558705,6.738602638244629,42200,0.0,0.0
2015-07-06 00:00:00-04:00,6.771129907968829,6.771129907968829,6.634536482434337,6.6930766105651855,52300,0.0,0.0
2015-07-07 00:00:00-04:00,6.725598872859895,6.764625210825016,6.686571914582318,6.719094276428223,36100,0.0,0.0
2015-07-08 00:00:00-04:00,6.699583421886718,6.764627547736243,6.680070246163128,6.7256011962890625,46600,0.0,0.0
2015-07-09 00:00:00-04:00,6.764625210825016,6.764625210825016,6.706085703877336,6.719094276428223,8600,0.0,0.0
2015-07-10 00:00:00-04:00,6.7190946126413165,6.823165679505801,6.712590015884164,6.764625549316406,117400,0.0,0.0
2015-07-13 00:00:00-04:00,6.790087077227873,6.790087077227873,6.685624294908566,6.744384765625,32700,0.039,0.0
2015-07-14 00:00:00-04:00,6.711739990488392,6.777029540761608,6.711739990488392,6.744384765625,34100,0.0,0.0
2015-07-15 00:00:00-04:00,6.744386504065389,6.757444666544837,6.6921550994425125,6.731328964233398,30100,0.0,0.0
2015-07-16 00:00:00-04:00,6.763975567763655,6.803149446701126,6.652983637196448,6.698686599731445,91000,0.0,0.0
2015-07-17 00:00:00-04:00,6.711741639769102,6.763973043763612,6.711741639769102,6.737857341766357,20400,0.0,0.0
2015-07-20 00:00:00-04:00,6.7705006066092865,6.790087223052978,6.744384910468595,6.7900872230529785,26900,0.0,0.0
2015-07-21 00:00:00-04:00,6.78356187255677,6.796619415283203,6.7705037071827405,6.796619415283203,19300,0.0,0.0
2015-07-22 00:00:00-04:00,6.75743715535385,6.790081279972163,6.75743715535385,6.763965606689453,19400,0.0,0.0
2015-07-23 00:00:00-04:00,6.79661858140893,6.79661858140893,6.744387171616255,6.757445335388184,11500,0.0,0.0
2015-07-24 00:00:00-04:00,6.750914406264201,6.750914406264201,6.6921539306640625,6.6921539306640625,31900,0.0,0.0
2015-07-27 00:00:00-04:00,6.679099348938869,6.7313313950713916,6.679099348938869,6.698686599731445,23300,0.0,0.0
2015-07-28 00:00:00-04:00,6.744386422927533,6.777031206085965,6.711741639769102,6.737857341766357,32100,0.0,0.0
2015-07-29 00:00:00-04:00,6.737857877887722,6.783560827005022,6.6595107656619925,6.718271255493164,106300,0.0,0.0
2015-07-30 00:00:00-04:00,6.698683010763489,6.724798708513845,6.6921539306640625,6.6921539306640625,42100,0.0,0.0
2015-07-31 00:00:00-04:00,6.711741720514227,6.763973125137103,6.6921550994425125,6.731328964233398,36300,0.0,0.0
2015-08-03 00:00:00-04:00,6.76397222820316,6.76397222820316,6.6464518947091555,6.666038513183594,38300,0.0,0.0
2015-08-04 00:00:00-04:00,6.698682281396682,6.731327055692031,6.679095043231103,6.685624122619629,39100,0.0,0.0
2015-08-05 00:00:00-04:00,6.679097834213016,6.685626916329837,6.607279798870605,6.620337963104248,60800,0.0,0.0
2015-08-06 00:00:00-04:00,6.672568798065186,6.679097256970242,6.613808309387268,6.6725687980651855,56200,0.0,0.0
2015-08-07 00:00:00-04:00,6.692155397492865,6.705213560553887,6.659510612487793,6.659510612487793,31000,0.0,0.0
2015-08-10 00:00:00-04:00,6.685628432536395,6.711744144278814,6.646455176246605,6.698686599731445,15500,0.0,0.0
2015-08-11 00:00:00-04:00,6.711740908781004,6.777030467987061,6.705212450978305,6.7770304679870605,29100,0.0,0.0
2015-08-12 00:00:00-04:00,6.769817147189135,6.841905972693344,6.769817147189135,6.835352897644043,21900,0.039,0.0
2015-08-13 00:00:00-04:00,6.841915874686059,6.881237506866455,6.782934363909676,6.881237506866455,35500,0.0,0.0
2015-08-14 00:00:00-04:00,6.874679088592529,6.874679088592529,6.8484648934261365,6.874679088592529,16000,0.0,0.0
2015-08-17 00:00:00-04:00,6.8681253835520035,6.894340203714108,6.841911188385611,6.874679088592529,56900,0.0,0.0
2015-08-18 00:00:00-04:00,6.874682453331249,6.874682453331249,6.841914537086429,6.855021953582764,39700,0.0,0.0
2015-08-19 00:00:00-04:00,6.848460096353576,6.868120572708064,6.828799619999087,6.861567497253418,18800,0.0,0.0
2015-08-20 00:00:00-04:00,6.8288074119990645,6.8681284095752035,6.815699996143026,6.822253704071045,12800,0.0,0.0
2015-08-21 00:00:00-04:00,6.868122711667073,6.868122711667073,6.78948015676197,6.79603385925293,65500,0.0,0.0
2015-08-24 00:00:00-04:00,6.868126702071252,6.868126702071252,6.763269901275635,6.763269901275635,51700,0.0,0.0
2015-08-25 00:00:00-04:00,6.7894848064915445,6.861574333271149,6.776378017529006,6.809145927429199,31000,0.0,0.0
2015-08-26 00:00:00-04:00,6.887783819139951,6.887783819139951,6.763265971793603,6.79603385925293,59900,0.0,0.0
2015-08-27 00:00:00-04:00,6.848462302039034,6.855016004599707,6.697730893116406,6.75015926361084,46200,0.0,0.0
2015-08-28 00:00:00-04:00,6.684625134115036,6.796035605099923,6.651857238237899,6.704285621643066,50000,0.0,0.0
2015-08-31 00:00:00-04:00,6.730497186278594,6.861568081460265,6.730497186278594,6.828800201416016,43400,0.0,0.0
2015-09-01 00:00:00-04:00,6.841906395903655,6.881227973607906,6.822245919549166,6.861567497253418,50700,0.0,0.0
2015-09-02 00:00:00-04:00,6.861577003274327,6.881237506866455,6.815701661564509,6.881237506866455,21200,0.0,0.0
2015-09-03 00:00:00-04:00,6.90089460650631,6.90089460650631,6.855019912420897,6.887787818908691,47400,0.0,0.0
2015-09-04 00:00:00-04:00,6.881234112611966,6.9074483128030355,6.868126700018515,6.887787818908691,15100,0.0,0.0
2015-09-08 00:00:00-04:00,6.868120572708064,6.874674273157986,6.8550137968034965,6.861567497253418,7800,0.0,0.0
2015-09-09 00:00:00-04:00,6.88123219155716,6.9074463844299325,6.874678487090052,6.907446384429932,24400,0.0,0.0
2015-09-10 00:00:00-04:00,6.90744752382047,6.90744752382047,6.8615728349749565,6.868125915527344,29000,0.0,0.0
2015-09-11 00:00:00-04:00,6.87404611064882,6.87404611064882,6.762219470975362,6.828000068664551,140500,0.039,0.0
2015-09-14 00:00:00-04:00,6.860883602825917,6.880617511743356,6.8148369789123535,6.8148369789123535,17700,0.0,0.0
2015-09-15 00:00:00-04:00,6.8279986472754315,6.8279986472754315,6.742484139013208,6.755640506744385,50600,0.0,0.0
2015-09-16 00:00:00-04:00,6.775375799404426,6.795109727656625,6.735907315569758,6.762219429016113,20400,0.0,0.0
2015-09-17 00:00:00-04:00,6.768798802201536,6.801689106614622,6.73590849778845,6.788532733917236,24800,0.0,0.0
2015-09-18 00:00:00-04:00,6.801687166218197,6.880623497892291,6.696438723986072,6.70301628112793,92400,0.0,0.0
2015-09-21 00:00:00-04:00,6.755642173857324,6.801688217619099,6.755642173857324,6.781954288482666,23700,0.0,0.0
2015-09-22 00:00:00-04:00,6.749062519098848,6.8148424776767715,6.742484335042008,6.768796443939209,27500,0.0,0.0
2015-09-23 00:00:00-04:00,6.788530642093646,6.8806233406066895,6.762218532137089,6.8806233406066895,33000,0.0,0.0
2015-09-24 00:00:00-04:00,6.841153226777466,6.887199878692627,6.8214193058595605,6.887199878692627,52600,0.0,0.0
2015-09-25 00:00:00-04:00,6.8806233406066895,6.906935450563247,6.847733046328447,6.8806233406066895,27400,0.0,0.0
2015-09-28 00:00:00-04:00,6.860887775025407,6.906933799610533,6.8214193058595605,6.887199878692627,26900,0.0,0.0
2015-09-29 00:00:00-04:00,6.920094927409082,6.926672487354933,6.860892496583151,6.906938552856445,24000,0.0,0.0
2015-09-30 00:00:00-04:00,6.92009208526413,6.939826011657715,6.854311494178571,6.939826011657715,40400,0.0,0.0
2015-10-01 00:00:00-04:00,6.966137176206435,6.9924492835998535,6.926668701451245,6.9924492835998535,44100,0.0,0.0
2015-10-02 00:00:00-04:00,6.999024593738754,7.018758509349267,6.933244038597221,7.012180328369141,29100,0.0,0.0
2015-10-05 00:00:00-04:00,6.999028418168676,7.005605975413064,6.913513900689533,6.939826011657715,37500,0.0,0.0
2015-10-06 00:00:00-04:00,6.893781431786187,6.9727184158931,6.893781431786187,6.952983856201172,21500,0.0,0.0
2015-10-07 00:00:00-04:00,6.972718249811677,6.985873995295877,6.920094013214111,6.920094013214111,47900,0.0,0.0
2015-10-08 00:00:00-04:00,6.920092300831502,6.966138339627646,6.920092300831502,6.933248043060303,52900,0.0,0.0
2015-10-09 00:00:00-04:00,6.946404196232312,6.966138122625896,6.933247827083116,6.939826011657715,10100,0.0,0.0
2015-10-12 00:00:00-04:00,6.972715377807616,6.979292934175283,6.900356611792156,6.972715377807617,35200,0.0,0.0
2015-10-13 00:00:00-04:00,7.005068077122735,7.0512847900390625,6.9786587967335105,7.0512847900390625,30500,0.039,0.0
2015-10-14 00:00:00-04:00,7.031475232516517,7.064486980438232,6.998464114241521,7.064486980438232,25800,0.0,0.0
2015-10-15 00:00:00-04:00,7.06448799624761,7.1701251010693845,7.044681196505231,7.08429479598999,50500,0.0,0.0
2015-10-16 00:00:00-04:00,7.123908101818282,7.123908101818282,7.064487080645669,7.077692031860352,15700,0.0,0.0
2015-10-19 00:00:00-04:00,7.1173049034892415,7.130509853363037,7.077691313161187,7.130509853363037,33700,0.0,0.0
2015-10-20 00:00:00-04:00,7.130509853363037,7.143714173590166,7.077691313161187,7.130509853363037,18300,0.0,0.0
2015-10-21 00:00:00-04:00,7.1305145288447935,7.1305145288447935,7.104105241427286,7.1173095703125,36700,0.0,0.0
2015-10-22 00:00:00-04:00,7.130509786463793,7.130509786463793,7.084293091985786,7.110702991485596,33600,0.0,0.0
2015-10-23 00:00:00-04:00,7.150320995569233,7.150320995569233,7.071093137099832,7.09089994430542,36900,0.0,0.0
2015-10-26 00:00:00-04:00,7.117304734757941,7.1305096843186835,7.077691145369013,7.097497940063477,26700,0.0,0.0
2015-10-27 00:00:00-04:00,7.117305626210941,7.117305626210941,7.077692031860352,7.077692031860352,22900,0.0,0.0
2015-10-28 00:00:00-04:00,7.071090382457435,7.110704611083382,7.057885429699852,7.10410213470459,46800,0.0,0.0
2015-10-29 00:00:00-04:00,7.077691145369013,7.117304734757941,7.077691145369013,7.097497940063477,22900,0.0,0.0
2015-10-30 00:00:00-04:00,7.097502423256299,7.097502423256299,7.077695616050711,7.09089994430542,56700,0.0,0.0
2015-11-02 00:00:00-05:00,7.09750276216114,7.123912049578647,7.084297803628846,7.1173095703125,56000,0.0,0.0
2015-11-03 00:00:00-05:00,7.104102225379181,7.123909025121561,7.077692949173738,7.08429479598999,58900,0.0,0.0
2015-11-04 00:00:00-05:00,7.097503521038064,7.123912811279297,7.071094230796832,7.123912811279297,41900,0.0,0.0
2015-11-05 00:00:00-05:00,7.117304734757941,7.123907209538312,7.090895465283105,7.097497940063477,61400,0.0,0.0
2015-11-06 00:00:00-05:00,7.064488609186914,7.077693563258749,6.991863250732422,6.991863250732422,34500,0.0,0.0
2015-11-09 00:00:00-05:00,6.95224683409218,7.005065374492665,6.892825818729968,6.98525857925415,64700,0.0,0.0
2015-11-10 00:00:00-05:00,6.98459769453197,7.123759533962859,6.971344517050009,7.103879451751709,33100,0.039,0.0
2015-11-11 00:00:00-05:00,7.09062472653554,7.143638693569439,7.09062472653554,7.11713171005249,38700,0.0,0.0
2015-11-12 00:00:00-05:00,7.123759447889942,7.143639529860891,7.110505638591702,7.1303863525390625,30200,0.0,0.0
2015-11-13 00:00:00-05:00,7.1436384922789165,7.1568922996521,7.11713150950887,7.1568922996521,35000,0.0,0.0
2015-11-16 00:00:00-05:00,7.123757738911241,7.150264719172325,7.09062385559082,7.09062385559082,22200,0.0,0.0
2015-11-17 00:00:00-05:00,7.057493165665864,7.1767749468018485,7.057493165665864,7.163521766662598,52200,0.0,0.0
2015-11-18 00:00:00-05:00,7.1661696815345435,7.2589781313576704,7.152910970296869,7.225831985473633,59700,0.004,0.0
2015-11-19 00:00:00-05:00,7.225836013938977,7.225836013938977,7.205948568205193,7.219207286834717,34700,0.0,0.0
2015-11-20 00:00:00-05:00,7.179432021833238,7.225836274287523,7.166173934936523,7.166173934936523,29700,0.0,0.0
2015-11-23 00:00:00-05:00,7.166173718113034,7.166173718113034,7.119768834852275,7.13302755355835,38700,0.0,0.0
2015-11-24 00:00:00-05:00,7.119766336848794,7.139654407930084,7.106508255004884,7.106508255004883,42500,0.0,0.0
2015-11-25 00:00:00-05:00,7.106509581544302,7.139655740656743,7.106509581544302,7.119767665863037,45800,0.0,0.0
2015-11-27 00:00:00-05:00,7.126392964506096,7.139651673482276,7.03358389830296,7.086617469787598,50800,0.0,0.0
2015-11-30 00:00:00-05:00,7.053471582419112,7.093246442788407,7.053471582419112,7.07335901260376,37700,0.0,0.0
2015-12-01 00:00:00-05:00,7.106505151051511,7.152909365552358,7.066729658472209,7.07335901260376,94400,0.0,0.0
2015-12-02 00:00:00-05:00,7.079989561025907,7.079989561025907,7.00706791769804,7.0402140617370605,73400,0.0,0.0
2015-12-03 00:00:00-05:00,7.02032493855167,7.046841720958826,6.980549448835955,6.987178802490234,58100,0.0,0.0
2015-12-04 00:00:00-05:00,7.007072294751992,7.0335891001052335,6.980555489398749,7.026960372924805,25900,0.0,0.0
2015-12-07 00:00:00-05:00,6.987184848789687,7.0534771782780465,6.987184848789687,7.026960372924805,57900,0.0,0.0
2015-12-08 00:00:00-05:00,7.033587306841641,7.053475379943847,6.92089075477053,7.053475379943848,100300,0.0,0.0
2015-12-09 00:00:00-05:00,7.046846022243112,7.0601041054342355,6.967295626465329,7.053475379943848,60600,0.0,0.0
2015-12-10 00:00:00-05:00,7.060102794391007,7.0866195880594995,7.0468447136618755,7.079990863800049,33700,0.0,0.0
2015-12-11 00:00:00-05:00,7.085980000868016,7.212396905347898,7.072673325649186,7.145861625671387,143600,0.039,0.0
2015-12-14 00:00:00-05:00,7.152516520448614,7.152516520448614,7.032753250080654,7.046060562133789,33200,0.0,0.0
2015-12-15 00:00:00-05:00,7.052709705771758,7.052709705771758,6.886372218697208,7.019442081451416,85800,0.0,0.0
2015-12-16 00:00:00-05:00,7.0394045957389695,7.105939865112304,7.0394045957389695,7.105939865112305,42200,0.0,0.0
2015-12-17 00:00:00-05:00,7.112592087033761,7.219048633001705,7.09928541536732,7.185781002044678,71800,0.0,0.0
2015-12-18 00:00:00-05:00,7.199085589125249,7.239006861619432,7.172471618971494,7.232353210449219,38400,0.0,0.0
2015-12-21 00:00:00-05:00,7.239010548558963,7.239010548558963,7.165822251991986,7.225703239440918,37800,0.0,0.0
2015-12-22 00:00:00-05:00,7.225703296399617,7.225703296399617,7.185782637785643,7.212396621704102,61900,0.0,0.0
2015-12-23 00:00:00-05:00,7.219048633001705,7.232355304668146,7.139206064893926,7.185781002044678,44100,0.0,0.0
2015-12-24 00:00:00-05:00,7.192437388613203,7.192437388613203,7.152516089387302,7.1791300773620605,5100,0.0,0.0
2015-12-28 00:00:00-05:00,7.1924372581711955,7.1924372581711955,7.165823270679108,7.172476291656494,15400,0.0,0.0
2015-12-29 00:00:00-05:00,7.1658238067595015,7.199090817717704,7.139209182748841,7.159170150756836,30400,0.0,0.0
2015-12-30 00:00:00-05:00,7.179130623773212,7.212398269905577,7.16582394603681,7.199090957641602,14600,0.0,0.0
2015-12-31 00:00:00-05:00,7.192434127459772,7.23900842666626,7.179126822242355,7.23900842666626,26200,0.0,0.0
2016-01-04 00:00:00-05:00,7.199088228714404,7.20574188232422,7.179127902412288,7.205741882324219,29600,0.0,0.0
2016-01-05 00:00:00-05:00,7.205740798149953,7.2523150973564405,7.199087145541244,7.23900842666626,49400,0.0,0.0
2016-01-06 00:00:00-05:00,7.24566536456272,7.285586029261096,7.17247642173649,7.1791300773620605,63800,0.0,0.0
2016-01-07 00:00:00-05:00,7.185783732987632,7.219051376587961,7.132555757038114,7.1791300773620605,59600,0.0,0.0
2016-01-08 00:00:00-05:00,7.185783313973356,7.185783313973356,7.165822982788086,7.165822982788086,23000,0.0,0.0
2016-01-11 00:00:00-05:00,7.16582238477219,7.16582238477219,7.105940761686248,7.1192474365234375,45600,0.0,0.0
2016-01-12 00:00:00-05:00,7.145862433761732,7.1791300773620605,7.085980802186643,7.1791300773620605,52700,0.0,0.0
2016-01-13 00:00:00-05:00,7.19849079215816,7.19849079215816,7.118359243674439,7.138391971588135,39900,0.039,0.0
2016-01-14 00:00:00-05:00,7.145069759835679,7.2252013083194,7.084970939265653,7.138391971588135,50800,0.0,0.0
2016-01-15 00:00:00-05:00,7.165107469149327,7.29198298674463,7.165107469149327,7.2719502449035645,59400,0.0,0.0
2016-01-19 00:00:00-05:00,7.271948024005006,7.278625178026529,7.2185269708577025,7.265270233154297,40900,0.0,0.0
2016-01-20 00:00:00-05:00,7.265268344558434,7.265268344558434,7.145070687807613,7.211847305297852,40900,0.0,0.0
2016-01-21 00:00:00-05:00,7.21852509441268,7.21852509441268,7.205169516183024,7.211847305297852,25900,0.0,0.0
2016-01-22 00:00:00-05:00,7.218529701232909,7.225206857780036,7.211851907856356,7.21852970123291,23600,0.0,0.0
2016-01-25 00:00:00-05:00,7.238559409076008,7.258592143975606,7.225203827923504,7.231881618499756,25400,0.0,0.0
2016-01-26 00:00:00-05:00,7.245239753913462,7.245239753913462,7.145074770444656,7.22520637512207,88300,0.0,0.0
2016-01-27 00:00:00-05:00,7.205169516183024,7.231880035813315,7.198491727068196,7.211847305297852,57600,0.0,0.0
2016-01-28 00:00:00-05:00,7.245235614042971,7.245235614042971,7.191814574782389,7.211847305297852,30400,0.0,0.0
2016-01-29 00:00:00-05:00,7.2118490305744745,7.2519145011901855,7.2118490305744745,7.2519145011901855,45000,0.0,0.0
2016-02-01 00:00:00-05:00,7.245237497431354,7.265270233154297,7.225204124879226,7.265270233154297,32500,0.0,0.0
2016-02-02 00:00:00-05:00,7.2519125851325565,7.285300893043436,7.245235433013585,7.278623104095459,45400,0.0,0.0
2016-02-03 00:00:00-05:00,7.278629105356194,7.3320501873279085,7.2719519477318775,7.312017440795898,35000,0.0,0.0
2016-02-04 00:00:00-05:00,7.305333758963156,7.345399856567383,7.305333758963156,7.345399856567383,18100,0.0,0.0
2016-02-05 00:00:00-05:00,7.332048373137775,7.37879228591919,7.332048373137775,7.3787922859191895,56000,0.0,0.0
2016-02-08 00:00:00-05:00,7.345403958740857,7.37879228591919,7.305337838760983,7.3787922859191895,53400,0.0,0.0
2016-02-09 00:00:00-05:00,7.37878924927581,7.412177562713623,7.352078725891381,7.412177562713623,42000,0.0,0.0
2016-02-10 00:00:00-05:00,7.424908664902432,7.424908664902432,7.364597932285671,7.3712992668151855,47400,0.039,0.0
2016-02-11 00:00:00-05:00,7.3914014268774295,7.431608788428168,7.357895398764203,7.398102760314941,67400,0.0,0.0
2016-02-12 00:00:00-05:00,7.378003123506108,7.378003123506108,7.210473537445068,7.210473537445068,56700,0.0,0.0
2016-02-16 00:00:00-05:00,7.264082859407025,7.277484893798827,7.170266062365825,7.277484893798828,64100,0.0,0.0
2016-02-17 00:00:00-05:00,7.2305773366675625,7.250680709243508,7.197071289657858,7.223875999450684,48000,0.0,0.0
2016-02-18 00:00:00-05:00,7.197071683703092,7.250681106223899,7.190370346119309,7.243980407714844,52400,0.0,0.0
2016-02-19 00:00:00-05:00,7.243980619681337,7.290888705990942,7.243980619681337,7.270785331726074,17700,0.0,0.0
2016-02-22 00:00:00-05:00,7.270785865402342,7.270785865402342,7.21717643737793,7.21717643737793,53900,0.0,0.0
2016-02-23 00:00:00-05:00,7.210476548087045,7.250683307647705,7.183671828688299,7.250683307647705,76600,0.0,0.0
2016-02-24 00:00:00-05:00,7.250680280217912,7.264082953858629,7.197070863804352,7.210473537445068,63100,0.0,0.0
2016-02-25 00:00:00-05:00,7.203766822814941,7.223870179193656,7.190364159179682,7.203766822814941,31000,0.0,0.0
2016-02-26 00:00:00-05:00,7.203768749710636,7.203768749710636,7.136756691758007,7.1501593589782715,68100,0.0,0.0
2016-02-29 00:00:00-05:00,7.17696757500446,7.237278328932384,7.13676019269429,7.230576992034912,34700,0.0,0.0
2016-03-01 00:00:00-05:00,7.223876001231036,7.277485420829899,7.190369954213074,7.264083385467529,75000,0.0,0.0
2016-03-02 00:00:00-05:00,7.237281267485792,7.264085986884539,7.223878588248959,7.250683307647705,67500,0.0,0.0
2016-03-03 00:00:00-05:00,7.250676260392938,7.364596366882324,7.243975566362145,7.364596366882324,81200,0.0,0.0
2016-03-04 00:00:00-05:00,7.357900861061605,7.357900861061605,7.277486717337276,7.297590732574463,23900,0.0,0.0
2016-03-07 00:00:00-05:00,7.277487399215683,7.324396133422852,7.270786699250258,7.324396133422852,18600,0.0,0.0
2016-03-08 00:00:00-05:00,7.304286274593961,7.3444936376044225,7.29088424630671,7.317688941955566,77900,0.0,0.0
2016-03-09 00:00:00-05:00,7.31099345534227,7.324396133422852,7.297591416336555,7.324396133422852,39000,0.0,0.0
2016-03-10 00:00:00-05:00,7.3243979835489,7.3378000259399405,7.304293961349798,7.337800025939941,45000,0.0,0.0
2016-03-11 00:00:00-05:00,7.343848954622697,7.343848954622697,7.3102231445591705,7.323673725128174,37800,0.039,0.0
2016-03-14 00:00:00-04:00,7.357301272839275,7.3774771502167145,7.316950800802776,7.370751857757568,34200,0.0,0.0
2016-03-15 00:00:00-04:00,7.350572109222412,7.350572109222412,7.316946308928752,7.350572109222412,35200,0.0,0.0
2016-03-16 00:00:00-04:00,7.290049756032359,7.316950282604616,7.2698745214429525,7.303499698638916,33700,0.0,0.0
2016-03-17 00:00:00-04:00,7.303492723276365,7.303492723276365,7.216065935075633,7.229516506195068,44400,0.0,0.0
2016-03-18 00:00:00-04:00,7.249691721515688,7.2631422926351235,7.209341290874447,7.229516506195068,33000,0.0,0.0
2016-03-21 00:00:00-04:00,7.229522459831478,7.229522459831478,7.202621936798095,7.202621936798096,45800,0.0,0.0
2016-03-22 00:00:00-04:00,7.1958985324172815,7.25642488545177,7.1958985324172815,7.249699592590332,29600,0.0,0.0
2016-03-23 00:00:00-04:00,7.249697041579622,7.296773433685303,7.2429723924436695,7.296773433685303,57200,0.0,0.0
2016-03-24 00:00:00-04:00,7.296773433685303,7.303498082821256,7.2833228526953935,7.296773433685303,34800,0.0,0.0
2016-03-28 00:00:00-04:00,7.2967762790447415,7.2967762790447415,7.236249923706054,7.236249923706055,36200,0.0,0.0
2016-03-29 00:00:00-04:00,7.236247534403831,7.296773869757615,7.236247534403831,7.283323287963867,53100,0.0,0.0
2016-03-30 00:00:00-04:00,7.290045277584734,7.39764731777128,7.276594701882041,7.33712100982666,67500,0.0,0.0
2016-03-31 00:00:00-04:00,7.390925884246827,7.397651175605375,7.350575418813703,7.390925884246826,52500,0.0,0.0
2016-04-01 00:00:00-04:00,7.390922569323845,7.444723593343621,7.384197280981674,7.397647857666016,40100,0.0,0.0
2016-04-04 00:00:00-04:00,7.397648356986362,7.424548870811958,7.384197779394143,7.404373645782471,43400,0.0,0.0
2016-04-05 00:00:00-04:00,7.404373645782471,7.431274159608067,7.384197779394143,7.404373645782471,50000,0.0,0.0
2016-04-06 00:00:00-04:00,7.404373645782471,7.417823582015849,7.404373645782471,7.404373645782471,34800,0.0,0.0
2016-04-07 00:00:00-04:00,7.4043764669639245,7.4043764669639245,7.390925884246827,7.390925884246826,14300,0.0,0.0
2016-04-08 00:00:00-04:00,7.397652386234964,7.42455291471236,7.357301272839275,7.370751857757568,114600,0.0,0.0
2016-04-11 00:00:00-04:00,7.384197268157276,7.384197268157276,7.31022102059826,7.350572109222412,111300,0.0,0.0
2016-04-12 00:00:00-04:00,7.3371229677211804,7.451450326267068,7.316947740142178,7.444725036621094,74600,0.0,0.0
2016-04-13 00:00:00-04:00,7.410304331529344,7.457547148506084,7.369811223979385,7.430551528930664,44000,0.039,0.0
2016-04-14 00:00:00-04:00,7.410304331529344,7.437300594731104,7.403555909355244,7.430551528930664,30900,0.0,0.0
2016-04-15 00:00:00-04:00,7.430554613184625,7.430554613184625,7.41030740737915,7.41030740737915,23900,0.0,0.0
2016-04-18 00:00:00-04:00,7.423801680715928,7.430550745805066,7.376559512344507,7.383307933807373,25900,0.0,0.0
2016-04-19 00:00:00-04:00,7.356312362938855,7.396806110099862,7.329316746040275,7.363061428070068,56000,0.0,0.0
2016-04-20 00:00:00-04:00,7.369810493201283,7.383307979837435,7.363061428070068,7.363061428070068,23600,0.0,0.0
2016-04-21 00:00:00-04:00,7.363061428070068,7.417052661867228,7.363061428070068,7.363061428070068,47000,0.0,0.0
2016-04-22 00:00:00-04:00,7.390055698774997,7.423800374657764,7.3630600867940155,7.369809150695801,44200,0.0,0.0
2016-04-25 00:00:00-04:00,7.369812812550759,7.376561879805967,7.309072494506836,7.309072494506836,45500,0.0,0.0
2016-04-26 00:00:00-04:00,7.342814876302703,7.369810493201283,7.329316746040275,7.363061428070068,39300,0.0,0.0
2016-04-27 00:00:00-04:00,7.356312362938855,7.369810493201283,7.322568324535337,7.363061428070068,21100,0.0,0.0
2016-04-28 00:00:00-04:00,7.363063438535362,7.363063438535362,7.315821256970063,7.322570323944092,42000,0.0,0.0
2016-04-29 00:00:00-04:00,7.342813538714819,7.383306634873212,7.315817926733837,7.369809150695801,43000,0.0,0.0
2016-05-02 00:00:00-04:00,7.363065829415189,7.410308026320623,7.356316760249652,7.396810531616211,50700,0.0,0.0
2016-05-03 00:00:00-04:00,7.390060454326356,7.423805151924053,7.35631575672866,7.417056083679199,43600,0.0,0.0
2016-05-04 00:00:00-04:00,7.423802550308481,7.43730068206787,7.390057864536355,7.437300682067871,64500,0.0,0.0
2016-05-05 00:00:00-04:00,7.437302397823512,7.471046447753906,7.383310501956589,7.471046447753906,63300,0.0,0.0
2016-05-06 00:00:00-04:00,7.457547236080607,7.457547236080607,7.43730068206787,7.437300682067871,25700,0.0,0.0
2016-05-09 00:00:00-04:00,7.43730068206787,7.457547236080607,7.4305516161881755,7.437300682067871,28400,0.0,0.0
2016-05-10 00:00:00-04:00,7.437302397823512,7.504791141310798,7.437302397823512,7.471046447753906,61300,0.0,0.0
2016-05-11 00:00:00-04:00,7.4635967543956445,7.477141965612553,7.450050897276719,7.456823825836182,25800,0.039,0.0
2016-05-12 00:00:00-04:00,7.443277386065597,7.49068723636863,7.436504458036311,7.477141380310059,59900,0.0,0.0
2016-05-13 00:00:00-04:00,7.477141965612553,7.477141965612553,7.456823825836182,7.456823825836182,25500,0.0,0.0
2016-05-16 00:00:00-04:00,7.45004858373312,7.463594436645508,7.443275657276927,7.463594436645508,32600,0.0,0.0
2016-05-17 00:00:00-04:00,7.436505040157792,7.4635967543956445,7.436505040157792,7.456823825836182,31800,0.0,0.0
2016-05-18 00:00:00-04:00,7.456821370537741,7.456821370537741,7.362002339632257,7.389093399047852,31300,0.0,0.0
2016-05-19 00:00:00-04:00,7.368776701945281,7.368776701945281,7.267184724912803,7.328139781951904,74100,0.0,0.0
2016-05-20 00:00:00-04:00,7.382322485535495,7.382322485535495,7.321368069657318,7.368777275085449,46600,0.0,0.0
2016-05-23 00:00:00-04:00,7.382322075140959,7.409413140436997,7.362003937644416,7.375549793243408,34600,0.0,0.0
2016-05-24 00:00:00-04:00,7.382322485535495,7.382322485535495,7.3484591364593905,7.368777275085449,37000,0.0,0.0
2016-05-25 00:00:00-04:00,7.341685800147873,7.395867930739951,7.341685800147873,7.375549793243408,52900,0.0,0.0
2016-05-26 00:00:00-04:00,7.37554951495448,7.416185788414307,7.36200365986659,7.409412860870361,55400,0.0,0.0
2016-05-27 00:00:00-04:00,7.416186413202708,7.416186413202708,7.362004280090332,7.362004280090332,21300,0.0,0.0
2016-05-31 00:00:00-04:00,7.382321796596504,7.409412860870361,7.301048603774929,7.409412860870361,91900,0.0,0.0
2016-06-01 00:00:00-04:00,7.409412928259933,7.429731711076569,7.368776654430514,7.4161858558654785,50500,0.0,0.0
2016-06-02 00:00:00-04:00,7.409415851328513,7.436506926536394,7.395870636675663,7.422961711883545,45500,0.0,0.0
2016-06-03 00:00:00-04:00,7.422955346279335,7.443273473785756,7.409409497340635,7.436500549316406,49000,0.0,0.0
2016-06-06 00:00:00-04:00,7.450048446655273,7.456821372986847,7.416184460899206,7.450048446655273,43900,0.0,0.0
2016-06-07 00:00:00-04:00,7.450050897276719,7.4635967543956445,7.443277968717255,7.456823825836182,40100,0.0,0.0
2016-06-08 00:00:00-04:00,7.477139506079765,7.477139506079765,7.416184460899206,7.450048446655273,57800,0.0,0.0
2016-06-09 00:00:00-04:00,7.4568241272248805,7.483915196655678,7.45005119839167,7.470369338989258,54200,0.0,0.0
2016-06-10 00:00:00-04:00,7.470368425125487,7.517778275256181,7.44327735900879,7.443277359008789,59800,0.0,0.0
2016-06-13 00:00:00-04:00,7.4629853650389135,7.50376699274055,7.4629853650389135,7.483376502990723,41600,0.039,0.0
2016-06-14 00:00:00-04:00,7.490173548974659,7.4969699467566135,7.46978241102285,7.483376502990723,38000,0.0,0.0
2016-06-15 00:00:00-04:00,7.496968562882227,7.524156093597412,7.496968562882227,7.524156093597412,37700,0.0,0.0
2016-06-16 00:00:00-04:00,7.517362401520412,7.544549942016602,7.51056535434584,7.544549942016602,56100,0.0,0.0
2016-06-17 00:00:00-04:00,7.5445454093707545,7.564935890442087,7.537748366279741,7.558138847351074,45700,0.0,0.0
2016-06-20 00:00:00-04:00,7.537755012512206,7.551348462478221,7.530957963428061,7.537755012512207,21100,0.0,0.0
2016-06-21 00:00:00-04:00,7.544552559209885,7.578536510467529,7.544552559209885,7.578536510467529,40500,0.0,0.0
2016-06-22 00:00:00-04:00,7.571742062703422,7.5989296196455225,7.571742062703422,7.592132568359375,25700,0.0,0.0
2016-06-23 00:00:00-04:00,7.578536510467529,7.578536510467529,7.558146010072479,7.578536510467529,20800,0.0,0.0
2016-06-24 00:00:00-04:00,7.558144861115377,7.64650454699829,7.558144861115377,7.605722904205322,23000,0.0,0.0
2016-06-27 00:00:00-04:00,7.605722904205322,7.619317001203719,7.585332406909949,7.605722904205322,41000,0.0,0.0
2016-06-28 00:00:00-04:00,7.605722904205322,7.619317001203719,7.598926503908346,7.605722904205322,29400,0.0,0.0
2016-06-29 00:00:00-04:00,7.612517890936346,7.639705429367466,7.598924445821808,7.62611198425293,33800,0.0,0.0
2016-06-30 00:00:00-04:00,7.619317001203719,7.619317001203719,7.585332406909949,7.605722904205322,19600,0.0,0.0
2016-07-01 00:00:00-04:00,7.612525939941406,7.646510560964015,7.592135426608934,7.612525939941406,56000,0.0,0.0
2016-07-05 00:00:00-04:00,7.605726768444562,7.646508431957457,7.58533626078939,7.639711380004883,81400,0.0,0.0
2016-07-06 00:00:00-04:00,7.639705429367466,7.6600965693423415,7.6057208442780535,7.62611198425293,53200,0.0,0.0
2016-07-07 00:00:00-04:00,7.626117238934525,7.6736953019215495,7.619320187592809,7.666898250579834,62400,0.0,0.0
2016-07-08 00:00:00-04:00,7.646504348262512,7.666894845027929,7.632910251617432,7.632910251617432,62100,0.0,0.0
2016-07-11 00:00:00-04:00,7.653305483910032,7.660102535862606,7.605726768444562,7.639711380004883,48100,0.0,0.0
2016-07-12 00:00:00-04:00,7.632910449999894,7.632910449999894,7.558144861115377,7.605722904205322,56000,0.0,0.0
2016-07-13 00:00:00-04:00,7.605035065213116,7.611855880810286,7.523187229453398,7.584573268890381,72300,0.039,0.0
2016-07-14 00:00:00-04:00,7.564117685474337,7.564117685474337,7.516373238016045,7.543655872344971,59100,0.0,0.0
2016-07-15 00:00:00-04:00,7.530008045050568,7.611855880810286,7.530008045050568,7.584573268890381,39200,0.0,0.0
2016-07-18 00:00:00-04:00,7.584582797475028,7.666430736061102,7.584582797475028,7.645968914031982,56300,0.0,0.0
2016-07-19 00:00:00-04:00,7.645970968668818,7.645970968668818,7.5982264876143715,7.639150142669678,23800,0.0,0.0
2016-07-20 00:00:00-04:00,7.639147828067273,7.680072121192605,7.632327004134789,7.666430473327637,33600,0.0,0.0
2016-07-21 00:00:00-04:00,7.652789475932241,7.68689294512509,7.645968651999757,7.666430473327637,24200,0.0,0.0
2016-07-22 00:00:00-04:00,7.659609649395153,7.666430473327637,7.625506830671877,7.666430473327637,16800,0.0,0.0
2016-07-25 00:00:00-04:00,7.686890125274659,7.686890125274659,7.6459658471619445,7.686890125274658,28400,0.0,0.0
2016-07-26 00:00:00-04:00,7.68688897816626,7.68688897816626,7.652785526573117,7.673247337341309,47000,0.0,0.0
2016-07-27 00:00:00-04:00,7.67325089108946,7.6937127113342285,7.67325089108946,7.6937127113342285,28100,0.0,0.0
2016-07-28 00:00:00-04:00,7.686892538232331,7.700533534905664,7.666430067518025,7.6937127113342285,15500,0.0,0.0
2016-07-29 00:00:00-04:00,7.686889790860167,7.707351603791676,7.659606506325749,7.6800689697265625,50200,0.0,0.0
2016-08-01 00:00:00-04:00,7.707354877110944,7.714175701141357,7.666430583398043,7.714175701141357,40900,0.0,0.0
2016-08-02 00:00:00-04:00,7.70053405308053,7.714175701141357,7.659609759367629,7.714175701141357,75300,0.0,0.0
2016-08-03 00:00:00-04:00,7.700528621673584,7.714170260112566,7.686887633703724,7.700528621673584,52100,0.0,0.0
2016-08-04 00:00:00-04:00,7.700534674686571,7.714176323848585,7.6937138501055635,7.707355499267578,41200,0.0,0.0
2016-08-05 00:00:00-04:00,7.707351939096349,7.707351939096349,7.686890125274659,7.686890125274658,36100,0.0,0.0
2016-08-08 00:00:00-04:00,7.6937102962356665,7.707351939096349,7.659606839553294,7.686890125274658,50400,0.0,0.0
2016-08-09 00:00:00-04:00,7.693710791472931,7.707352435211715,7.632324695587158,7.632324695587158,76400,0.0,0.0
2016-08-10 00:00:00-04:00,7.639145025731603,7.686890125274659,7.639145025731603,7.686890125274658,37000,0.0,0.0
2016-08-11 00:00:00-04:00,7.67251941649742,7.693052291870117,7.665674907130407,7.693052291870117,40400,0.039,0.0
2016-08-12 00:00:00-04:00,7.686204433441161,7.706737952595256,7.679360579784518,7.686204433441162,38100,0.0,0.0
2016-08-15 00:00:00-04:00,7.693049947547066,7.713583469390869,7.686205440265798,7.713583469390869,47900,0.0,0.0
2016-08-16 00:00:00-04:00,7.706743485681602,7.734120878148044,7.665677070617676,7.665677070617676,64700,0.0,0.0
2016-08-17 00:00:00-04:00,7.67251941649742,7.727274185976839,7.67251941649742,7.693052291870117,60700,0.0,0.0
2016-08-18 00:00:00-04:00,7.720429930239294,7.747807315878398,7.713586073375788,7.740963459014893,47700,0.0,0.0
2016-08-19 00:00:00-04:00,7.734117744044235,7.788872506788796,7.71358487119709,7.76833963394165,56800,0.0,0.0
2016-08-22 00:00:00-04:00,7.761498451232911,7.788875844336455,7.747809428316869,7.76149845123291,65500,0.0,0.0
2016-08-23 00:00:00-04:00,7.754647264908868,7.816246509552002,7.754647264908868,7.816246509552002,45100,0.0,0.0
2016-08-24 00:00:00-04:00,7.802559439681999,7.802559439681999,7.706738948822021,7.7067389488220215,86500,0.0,0.0
2016-08-25 00:00:00-04:00,7.734112732790373,7.734112732790373,7.6246032782569895,7.679358005523682,62700,0.0,0.0
2016-08-26 00:00:00-04:00,7.631455166852492,7.706743485681602,7.617766796983533,7.665677070617676,40100,0.0,0.0
2016-08-29 00:00:00-04:00,7.658830133082467,7.795717704778666,7.645141767549837,7.788873195648193,87600,0.0,0.0
2016-08-30 00:00:00-04:00,7.788873650407848,7.816251035799875,7.7409633891538885,7.775184631347656,60700,0.0,0.0
2016-08-31 00:00:00-04:00,7.788870551801183,7.8367807939952545,7.768337684107737,7.809403419494629,72100,0.0,0.0
2016-09-01 00:00:00-04:00,7.76834032098509,7.823095088572243,7.76834032098509,7.788873195648193,39500,0.0,0.0
2016-09-02 00:00:00-04:00,7.7820246344471515,7.843623879090287,7.775180128880587,7.816246509552002,62400,0.0,0.0
2016-09-06 00:00:00-04:00,7.816251961336859,7.871006738604529,7.816251961336859,7.836784839630127,29800,0.0,0.0
2016-09-07 00:00:00-04:00,7.829933166503906,7.829933166503906,7.782022943404848,7.829933166503906,65200,0.0,0.0
2016-09-08 00:00:00-04:00,7.809400349676616,7.823089357909927,7.7888674900544865,7.795711994171143,37500,0.0,0.0
2016-09-09 00:00:00-04:00,7.782029679855392,7.782029679855392,7.720430395274921,7.734119415283203,46900,0.0,0.0
2016-09-12 00:00:00-04:00,7.75465393977489,7.761498451232911,7.699899153567802,7.76149845123291,66700,0.0,0.0
2016-09-13 00:00:00-04:00,7.724414825439453,7.731281129104577,7.68321765825547,7.724414825439453,26000,0.036,0.0
2016-09-14 00:00:00-04:00,7.724413705693739,7.765610866905704,7.669484593948895,7.751878261566162,65000,0.0,0.0
2016-09-15 00:00:00-04:00,7.751877639483602,7.751877639483602,7.648885726928711,7.648885726928711,43100,0.0,0.0
2016-09-16 00:00:00-04:00,7.648886848497588,7.683217054512039,7.6008233814252835,7.621422290802002,33900,0.0,0.0
2016-09-19 00:00:00-04:00,7.621422290802002,7.635154242246442,7.6008233814252835,7.621422290802002,21900,0.0,0.0
2016-09-20 00:00:00-04:00,7.621429151816742,7.621429151816742,7.600830223896316,7.607696533203125,12100,0.0,0.0
2016-09-21 00:00:00-04:00,7.690090656280517,7.690090656280517,7.607696904994089,7.690090656280518,66500,0.0,0.0
2016-09-22 00:00:00-04:00,7.710680766736045,7.889200699586097,7.710680766736045,7.854869842529297,50000,0.0,0.0
2016-09-23 00:00:00-04:00,7.861736979539846,7.861736979539846,7.690083330838947,7.703815937042236,47300,0.0,0.0
2016-09-26 00:00:00-04:00,7.731285131627814,7.793080586992214,7.662623369043572,7.696954250335693,26300,0.0,0.0
2016-09-27 00:00:00-04:00,7.717549650463996,7.786211387543479,7.662620522723152,7.710683345794678,30700,0.0,0.0
2016-09-28 00:00:00-04:00,7.7381521698917775,7.793081323225638,7.7381521698917775,7.7587504386901855,23500,0.0,0.0
2016-09-29 00:00:00-04:00,7.78621024881205,7.7930765524771735,7.70381656925084,7.724414825439453,20800,0.0,0.0
2016-09-30 00:00:00-04:00,7.745018005371095,7.786215198745385,7.696955158773735,7.745018005371094,19100,0.0,0.0
2016-10-03 00:00:00-04:00,7.696956965922885,7.7175552400426595,7.669492382160742,7.690090656280518,25800,0.0,0.0
2016-10-04 00:00:00-04:00,7.703820557555536,7.703820557555536,7.635158794971294,7.696954250335693,33400,0.0,0.0
2016-10-05 00:00:00-04:00,7.65575519256457,7.710684327297413,7.628290625198148,7.66262149810791,51600,0.0,0.0
2016-10-06 00:00:00-04:00,7.66949200734981,7.676358316656619,7.600830223896316,7.607696533203125,12500,0.0,0.0
2016-10-07 00:00:00-04:00,7.662620108513606,7.669486412811761,7.566494467566709,7.580226421356201,24800,0.0,0.0
2016-10-10 00:00:00-04:00,7.621421668431255,7.621421668431255,7.539027347266172,7.566492557525635,21400,0.0,0.0
2016-10-11 00:00:00-04:00,7.539027239279542,7.580224399271988,7.339909051397112,7.408570766448975,107600,0.0,0.0
2016-10-12 00:00:00-04:00,7.426484012724039,7.433373302311625,7.295590795553991,7.323147296905518,65000,0.036,0.0
2016-10-13 00:00:00-04:00,7.336927115305126,7.343816406673244,7.199144572937699,7.281814098358154,114300,0.0,0.0
2016-10-14 00:00:00-04:00,7.330039064301745,7.467821617634683,7.25425816721935,7.29559326171875,103400,0.0,0.0
2016-10-17 00:00:00-04:00,7.295591407466416,7.316258620963805,7.240478400140799,7.302480697631836,84700,0.0,0.0
2016-10-18 00:00:00-04:00,7.357594212427244,7.39892864227295,7.309369834942032,7.398928642272949,67800,0.0,0.0
2016-10-19 00:00:00-04:00,7.4540418543599944,7.578046461238095,7.433374638879956,7.557379245758057,53600,0.0,0.0
2016-10-20 00:00:00-04:00,7.591823811595277,7.646936815269387,7.536710150922338,7.59871244430542,53400,0.0,0.0
2016-10-21 00:00:00-04:00,7.640047770227488,7.646937060157083,7.564266894999636,7.591824054718018,46900,0.0,0.0
2016-10-24 00:00:00-04:00,7.653828765887057,7.681385279669763,7.564269931843484,7.633161544799805,30100,0.0,0.0
2016-10-25 00:00:00-04:00,7.633147197071715,7.681370841297575,7.598701455339866,7.660703659057617,26600,0.0,0.0
2016-10-26 00:00:00-04:00,7.6607178535516915,7.667607146062761,7.405819943633949,7.4127092361450195,131600,0.0,0.0
2016-10-27 00:00:00-04:00,7.467819719608688,7.467819719608688,7.295591407466416,7.302480697631836,66200,0.0,0.0
2016-10-28 00:00:00-04:00,7.21980992408818,7.350703798257045,7.21980992408818,7.323147296905518,106600,0.0,0.0
2016-10-31 00:00:00-04:00,7.323149189567876,7.364483623778612,7.274925463989023,7.281814098358154,54300,0.0,0.0
2016-11-01 00:00:00-04:00,7.302481972462509,7.364483623778612,7.2680361726209055,7.281814098358154,38400,0.0,0.0
2016-11-02 00:00:00-04:00,7.336928323975194,7.35759620148433,7.261148077438977,7.274926662445068,34100,0.0,0.0
2016-11-03 00:00:00-04:00,7.295591407466416,7.350704414792033,7.261145613638188,7.302480697631836,43700,0.0,0.0
2016-11-04 00:00:00-04:00,7.330037201294645,7.330037201294645,7.281812827135576,7.302480697631836,13600,0.0,0.0
2016-11-07 00:00:00-05:00,7.295592272765015,7.330038070678711,7.295592272765015,7.330038070678711,37600,0.0,0.0
2016-11-08 00:00:00-05:00,7.309368215899239,7.364481214818461,7.309368215899239,7.357592582702637,22400,0.0,0.0
2016-11-09 00:00:00-05:00,7.323150404498392,7.447155041701276,7.288704598942136,7.4127092361450195,74800,0.0,0.0
2016-11-10 00:00:00-05:00,7.375380078327518,7.396116669829748,7.244046794003225,7.257871627807617,113500,0.036,0.0
2016-11-11 00:00:00-05:00,7.320084064119939,7.34773308008848,7.154189968308694,7.188750743865967,89300,0.0,0.0
2016-11-14 00:00:00-05:00,7.14727590790654,7.161100083113361,6.8846099869330715,6.898434162139893,231400,0.0,0.0
2016-11-15 00:00:00-05:00,6.960642190259797,7.022852605177196,6.898431775342399,7.009028434753418,139600,0.0,0.0
2016-11-16 00:00:00-05:00,7.009030987621086,7.043591755870523,6.919171539922873,6.953732967376709,149300,0.0,0.0
2016-11-17 00:00:00-05:00,6.960645359746931,7.002119208311446,6.801663701859288,6.856961727142334,237000,0.0,0.0
2016-11-18 00:00:00-05:00,6.905344267425268,6.953730512460317,6.843133851811752,6.870782852172852,113100,0.0,0.0
2016-11-21 00:00:00-05:00,6.919169316457276,6.932993487473792,6.8500464837621315,6.905344486236572,90800,0.0,0.0
2016-11-22 00:00:00-05:00,6.912254647791036,6.939903640014042,6.843131837631537,6.850044250488281,113600,0.0,0.0
2016-11-23 00:00:00-05:00,6.843134068651779,6.946818317694496,6.829309897635263,6.905344486236572,116800,0.0,0.0
2016-11-25 00:00:00-05:00,6.946821576529178,6.981383009089919,6.884611129760742,6.884611129760742,22000,0.0,0.0
2016-11-28 00:00:00-05:00,6.9329967544328905,6.953734009535733,6.912260158534547,6.926084995269775,37600,0.0,0.0
2016-11-29 00:00:00-05:00,6.981384846201399,7.015945628652116,6.912261962890625,6.912261962890625,132900,0.0,0.0
2016-11-30 00:00:00-05:00,6.912260158534547,6.953734009535733,6.898435321799319,6.926084995269775,52600,0.0,0.0
2016-12-01 00:00:00-05:00,6.905343861511068,6.939905274731874,6.808572695537765,6.843133449554443,131400,0.0,0.0
2016-12-02 00:00:00-05:00,6.80857109175576,6.870780829854542,6.801658678899015,6.850044250488281,86800,0.0,0.0
2016-12-05 00:00:00-05:00,6.84313653494128,7.036680272559825,6.822399941340874,6.9191718101501465,52700,0.0,0.0
2016-12-06 00:00:00-05:00,6.932995900898171,6.9675573292768185,6.905346890036137,6.9468207359313965,84000,0.0,0.0
2016-12-07 00:00:00-05:00,6.953732967376709,7.015942745748334,6.9399081327134144,6.953732967376709,130100,0.0,0.0
2016-12-08 00:00:00-05:00,6.939904619444952,6.967553615570068,6.919168037152131,6.967553615570068,90500,0.0,0.0
2016-12-09 00:00:00-05:00,6.967554605073766,7.009028434753418,6.960642190259797,7.009028434753418,122800,0.0,0.0
2016-12-12 00:00:00-05:00,7.015943792621308,7.015943792621308,6.926084990719355,6.93299674987793,109400,0.0,0.0
2016-12-13 00:00:00-05:00,6.956575138831378,7.074483248086688,6.935768019976436,7.06754732131958,77500,0.034,0.0
2016-12-14 00:00:00-05:00,7.0814154486333205,7.199323495845755,7.0675436023984295,7.178516387939453,111400,0.0,0.0
2016-12-15 00:00:00-05:00,7.129972338536917,7.129972338536917,6.970449924468993,6.970449924468994,97200,0.0,0.0
2016-12-16 00:00:00-05:00,6.970448305809254,7.060613386432347,6.970448305809254,6.9981913566589355,71000,0.0,0.0
2016-12-19 00:00:00-05:00,7.012064179683817,7.025936039053199,6.970449924468993,6.970449924468994,84500,0.0,0.0
2016-12-20 00:00:00-05:00,6.970447933952794,7.053677082061768,6.942704884583137,7.053677082061768,90600,0.0,0.0
2016-12-21 00:00:00-05:00,7.019001156170433,7.421275877623818,6.991258094740778,7.344982624053955,384500,0.0,0.0
2016-12-22 00:00:00-05:00,7.289495040497502,7.365788278779431,7.24094419663934,7.254816055297852,92100,0.0,0.0
2016-12-23 00:00:00-05:00,7.2340090183114265,7.421274482393222,7.2340090183114265,7.310302257537842,66500,0.0,0.0
2016-12-27 00:00:00-05:00,7.289497099657048,7.289497099657048,7.199331977246487,7.261754035949707,55600,0.0,0.0
2016-12-28 00:00:00-05:00,7.20626321271324,7.240941523664856,7.143841194686118,7.227070331573486,42300,0.0,0.0
2016-12-29 00:00:00-05:00,7.213198733202989,7.601602047196876,7.213198733202989,7.303363800048828,233700,0.0,0.0
2016-12-30 00:00:00-05:00,7.275623041341176,7.3727240657357775,7.164650820002555,7.2340087890625,76700,0.0,0.0
2017-01-03 00:00:00-05:00,7.220137301459869,7.3172383308410645,7.220137301459869,7.3172383308410645,46600,0.0,0.0
2017-01-04 00:00:00-05:00,7.351914043862471,7.455950295028514,7.344978117399041,7.421271324157715,46200,0.0,0.0
2017-01-05 00:00:00-05:00,7.386595818464551,7.428210735321045,7.386595818464551,7.428210735321045,22600,0.0,0.0
2017-01-06 00:00:00-05:00,7.449014736083333,7.449014736083333,7.365785598754883,7.365785598754883,20200,0.0,0.0
2017-01-09 00:00:00-05:00,7.400466342145469,7.428209394560071,7.358851432800294,7.358851432800293,19500,0.0,0.0
2017-01-10 00:00:00-05:00,7.37965892917068,7.414337247245843,7.324172826514598,7.331108093261719,21900,0.0,0.0
2017-01-11 00:00:00-05:00,7.292143089432674,7.354766564567066,7.187771073262752,7.208645343780518,93500,0.034,0.0
2017-01-12 00:00:00-05:00,7.229517458825294,7.292140245959668,7.229517458825294,7.271265983581543,22000,0.0,0.0
2017-01-13 00:00:00-05:00,7.22952275678006,7.264312998378384,7.222564443027866,7.243438720703125,65800,0.0,0.0
2017-01-17 00:00:00-05:00,7.250396863229198,7.299103731181643,7.222564272459043,7.236480236053467,34600,0.0,0.0
2017-01-18 00:00:00-05:00,7.194729826833279,7.2851858894113555,7.194729826833279,7.25735330581665,77000,0.0,0.0
2017-01-19 00:00:00-05:00,7.236482324835634,7.236482324835634,7.180817127227783,7.180817127227783,27600,0.0,0.0
2017-01-20 00:00:00-05:00,7.2016792030797285,7.2016792030797285,7.132097498636515,7.1529717445373535,91900,0.0,0.0
2017-01-23 00:00:00-05:00,7.194731235504151,7.215605511391912,7.17385695961639,7.19473123550415,26900,0.0,0.0
2017-01-24 00:00:00-05:00,7.229522219368934,7.229522219368934,7.159940414182048,7.166898727416992,34500,0.0,0.0
2017-01-25 00:00:00-05:00,7.194726290224079,7.194726290224079,7.139061150397188,7.146019458770752,27900,0.0,0.0
2017-01-26 00:00:00-05:00,7.1808146903056045,7.1808146903056045,7.118191198353663,7.166898727416992,26500,0.0,0.0
2017-01-27 00:00:00-05:00,7.215605592899047,7.215605592899047,7.146024451293435,7.166898727416992,43100,0.0,0.0
2017-01-30 00:00:00-05:00,7.187773003540548,7.187773003540548,7.139066138058492,7.166898727416992,27300,0.0,0.0
2017-01-31 00:00:00-05:00,7.180809674108735,7.187767982482911,7.146019459399475,7.18776798248291,25600,0.0,0.0
2017-02-01 00:00:00-05:00,7.215600552398804,7.215600552398804,7.152977104192841,7.18776798248291,56000,0.0,0.0
2017-02-02 00:00:00-05:00,7.22255886077298,7.22255886077298,7.125144534276947,7.18776798248291,53700,0.0,0.0
2017-02-03 00:00:00-05:00,7.21559905044051,7.21559905044051,7.125143051147461,7.125143051147461,32800,0.0,0.0
2017-02-06 00:00:00-05:00,7.1529821009471055,7.173857040651935,7.125149511588606,7.166898727416992,15100,0.0,0.0
2017-02-07 00:00:00-05:00,7.146019459399475,7.194726290857087,7.146019459399475,7.18776798248291,21200,0.0,0.0
2017-02-08 00:00:00-05:00,7.20864355151187,7.215601861148128,7.17385333049244,7.201685905456543,18600,0.0,0.0
2017-02-09 00:00:00-05:00,7.215608041628064,7.215608041628064,7.166901159616569,7.180817127227783,41100,0.0,0.0
2017-02-10 00:00:00-05:00,7.187773003540548,7.194731316775491,7.139066138058492,7.166898727416992,27600,0.0,0.0
2017-02-13 00:00:00-05:00,7.169687947385479,7.176668636746963,7.127800482323225,7.134781837463379,41300,0.034,0.0
2017-02-14 00:00:00-05:00,7.120819091796875,7.155725201545513,7.085912982048236,7.120819091796875,62500,0.0,0.0
2017-02-15 00:00:00-05:00,7.12081912718307,7.1557252371051705,7.099875727541278,7.134781837463379,67500,0.0,0.0
2017-02-16 00:00:00-05:00,7.1557252371051705,7.1557252371051705,7.078932327899485,7.134781837463379,67100,0.0,0.0
2017-02-17 00:00:00-05:00,7.113836485747911,7.134780547381354,7.044024944305419,7.04402494430542,76600,0.0,0.0
2017-02-21 00:00:00-05:00,7.071950972759331,7.134781837463379,7.051007573117539,7.134781837463379,49900,0.0,0.0
2017-02-22 00:00:00-05:00,7.134783996077336,7.162708759307861,7.106859232846811,7.162708759307861,70100,0.0,0.0
2017-02-23 00:00:00-05:00,7.169685363769531,7.1906287558643145,7.127797913801535,7.169685363769531,52200,0.0,0.0
2017-02-24 00:00:00-05:00,7.1906330277182775,7.204595075483312,7.148745552865521,7.155726909637451,43800,0.0,0.0
2017-02-27 00:00:00-05:00,7.155726623564605,7.18365138375712,7.0510089392873745,7.0719523429870605,56700,0.0,0.0
2017-02-28 00:00:00-05:00,7.099873335072288,7.127798080444336,7.08591062949704,7.127798080444336,49500,0.0,0.0
2017-03-01 00:00:00-05:00,7.120814403067791,7.1906265765969595,7.0859083163032075,7.176663875579834,81400,0.0,0.0
2017-03-02 00:00:00-05:00,7.1766702375488265,7.1766702375488265,7.030065075797727,7.037046432495117,93900,0.0,0.0
2017-03-03 00:00:00-05:00,7.064970986494232,7.1138391503864336,7.030064869808889,7.0719523429870605,63200,0.0,0.0
2017-03-06 00:00:00-05:00,7.078933238983154,7.085913929243078,7.030064412491154,7.078933238983154,44200,0.0,0.0
2017-03-07 00:00:00-05:00,7.05100796633068,7.064970011610938,7.023083209991454,7.023083209991455,37500,0.0,0.0
2017-03-08 00:00:00-05:00,7.016102774444176,7.016102774444176,6.981196657998425,7.009121417999268,54700,0.0,0.0
2017-03-09 00:00:00-05:00,6.98818037751947,7.009123788157485,6.967236301102433,7.002142429351807,81800,0.0,0.0
2017-03-10 00:00:00-05:00,7.009123788157485,7.009123788157485,6.967236301102433,7.002142429351807,30000,0.0,0.0
2017-03-13 00:00:00-04:00,7.018953307008161,7.018953307008161,6.955908712219889,6.969918251037598,45100,0.034,0.0
2017-03-14 00:00:00-04:00,6.99092864357032,6.99092864357032,6.941894285450684,6.955904483795166,69000,0.0,0.0
2017-03-15 00:00:00-04:00,6.969916093709427,6.990930729453258,6.934891255440892,6.983926296234131,57800,0.0,0.0
2017-03-16 00:00:00-04:00,6.997934355379374,6.997934355379374,6.927885361653576,6.934889793395996,64000,0.0,0.0
2017-03-17 00:00:00-04:00,6.948902606964111,6.969917246182705,6.948902606964111,6.948902606964111,47500,0.0,0.0
2017-03-20 00:00:00-04:00,6.962909451607143,6.98392475074367,6.962909451607143,6.976919651031494,44200,0.0,0.0
2017-03-21 00:00:00-04:00,6.9699182510375985,6.98392845789874,6.955908712219889,6.969918251037598,31200,0.0,0.0
2017-03-22 00:00:00-04:00,6.976921888974115,7.053976006394971,6.969916787014957,7.032961368560791,87400,0.0,0.0
2017-03-23 00:00:00-04:00,7.039963722229004,7.060978351859404,7.018949092598604,7.039963722229004,70200,0.0,0.0
2017-03-24 00:00:00-04:00,7.039967110743004,7.067986853084491,7.039967110743004,7.060981750488281,25800,0.0,0.0
2017-03-27 00:00:00-04:00,7.060980856481245,7.096005696984366,7.039966219396679,7.046971321105957,49700,0.0,0.0
2017-03-28 00:00:00-04:00,7.0539768002909105,7.0609819030384635,6.990932211649669,7.004942417144775,53700,0.0,0.0
2017-03-29 00:00:00-04:00,7.046970423423208,7.074990158647739,7.03296022178935,7.0679850578308105,25400,0.0,0.0
2017-03-30 00:00:00-04:00,7.039965096072698,7.088999464126994,7.018950462341309,7.018950462341309,54000,0.0,0.0
2017-03-31 00:00:00-04:00,7.053976647892072,7.060981750488281,6.990932060612887,7.060981750488281,50200,0.0,0.0
2017-04-03 00:00:00-04:00,7.053976647892072,7.067986853084491,7.039967110743004,7.060981750488281,19500,0.0,0.0
2017-04-04 00:00:00-04:00,7.074990886736278,7.074990886736278,7.004941207444531,7.053975582122803,59500,0.0,0.0
2017-04-05 00:00:00-04:00,7.039966896487509,7.053976433210208,7.004942052615764,7.011947154998779,55800,0.0,0.0
2017-04-06 00:00:00-04:00,7.046972213339214,7.060981750488281,7.018952470997728,7.060981750488281,42800,0.0,0.0
2017-04-07 00:00:00-04:00,7.060978167090998,7.10300809329501,7.04696863705167,7.07498836517334,42600,0.0,0.0
2017-04-10 00:00:00-04:00,7.074989795590998,7.152043896493594,7.074989795590998,7.110013961791992,142400,0.0,0.0
2017-04-11 00:00:00-04:00,7.126887712609465,7.176086918530365,7.126887712609465,7.155001640319824,38300,0.034,0.0
2017-04-12 00:00:00-04:00,7.17608458593585,7.17608458593585,7.140942020148806,7.169055938720703,43300,0.0,0.0
2017-04-13 00:00:00-04:00,7.18310648332287,7.197163094255744,7.133906669337658,7.176077842712402,74000,0.0,0.0
2017-04-17 00:00:00-04:00,7.154996047431371,7.204195214894465,7.154996047431371,7.162024021148682,52500,0.0,0.0
2017-04-18 00:00:00-04:00,7.1690492021019345,7.1901344536452765,7.162020561491468,7.176077842712402,40500,0.0,0.0
2017-04-19 00:00:00-04:00,7.211224143967349,7.211224143967349,7.183110237121582,7.183110237121582,35100,0.0,0.0
2017-04-20 00:00:00-04:00,7.176081592838038,7.197166855400259,7.169052948554493,7.183110237121582,22700,0.0,0.0
2017-04-21 00:00:00-04:00,7.183111253115693,7.21825380921564,7.176082607838003,7.197167873382568,45200,0.0,0.0
2017-04-24 00:00:00-04:00,7.204196518660258,7.225281784204824,7.197167873382568,7.197167873382568,41000,0.0,0.0
2017-04-25 00:00:00-04:00,7.197170586778927,7.23231315612793,7.197170586778927,7.23231315612793,72400,0.0,0.0
2017-04-26 00:00:00-04:00,7.239339285883298,7.25339590656011,7.2323106404006285,7.246367931365967,23700,0.0,0.0
2017-04-27 00:00:00-04:00,7.232310094842574,7.2955665588378915,7.218253475226101,7.295566558837891,59800,0.0,0.0
2017-04-28 00:00:00-04:00,7.267457147543769,7.29557107446644,7.218257943001317,7.253399848937988,54400,0.0,0.0
2017-05-01 00:00:00-04:00,7.288540941395298,7.288540941395298,7.19717052992517,7.21825647354126,27900,0.0,0.0
2017-05-02 00:00:00-04:00,7.2533996804199825,7.309627532958984,7.225285754150481,7.309627532958984,41200,0.0,0.0
2017-05-03 00:00:00-04:00,7.295570904968671,7.379912683777174,7.2182577752997625,7.309627532958984,112000,0.0,0.0
2017-05-04 00:00:00-04:00,7.30962359044708,7.337737501553088,7.288538324689703,7.302595615386963,34000,0.0,0.0
2017-05-05 00:00:00-04:00,7.316651823406839,7.316651823406839,7.288537913885417,7.295566558837891,10700,0.0,0.0
2017-05-08 00:00:00-04:00,7.309626272464729,7.309626272464729,7.218256530561584,7.23231315612793,78000,0.0,0.0
2017-05-09 00:00:00-04:00,7.21825647354126,7.246370394740626,7.2041991777972,7.21825647354126,45600,0.0,0.0
2017-05-10 00:00:00-04:00,7.260428701661441,7.260428701661441,7.155001640319823,7.155001640319824,44400,0.0,0.0
2017-05-11 00:00:00-04:00,7.164867767403552,7.20718027517902,7.164867767403552,7.200128078460693,29700,0.034,0.0
2017-05-12 00:00:00-04:00,7.186025943140945,7.256546587415438,7.186025943140945,7.235390663146973,26500,0.0,0.0
2017-05-15 00:00:00-04:00,7.305910110473633,7.312962308901822,7.263598264973817,7.305910110473633,47800,0.0,0.0
2017-05-16 00:00:00-04:00,7.2777051680895966,7.284757369598083,7.228341102600098,7.228341102600098,52100,0.0,0.0
2017-05-17 00:00:00-04:00,7.24244550561707,7.291809571106569,7.228341102600098,7.228341102600098,33500,0.0,0.0
2017-05-18 00:00:00-04:00,7.235390051359715,7.256545973839345,7.193077533865806,7.207181930541992,25400,0.0,0.0
2017-05-19 00:00:00-04:00,7.221281148287097,7.221281148287097,7.16486494185784,7.186020851135254,45900,0.0,0.0
2017-05-22 00:00:00-04:00,7.164869413048083,7.214233456345436,7.164869413048083,7.207181930541992,23700,0.0,0.0
2017-05-23 00:00:00-04:00,7.249493775501252,7.256545973839345,7.207181930541992,7.207181930541992,48400,0.0,0.0
2017-05-24 00:00:00-04:00,7.256550211406291,7.277706146240234,7.228342074116021,7.277706146240234,45300,0.0,0.0
2017-05-25 00:00:00-04:00,7.27770859482429,7.27770859482429,7.24244891574962,7.270657062530518,56900,0.0,0.0
2017-05-26 00:00:00-04:00,7.263598264973817,7.305910110473633,7.263598264973817,7.305910110473633,19900,0.0,0.0
2017-05-30 00:00:00-04:00,7.334120970934896,7.34117317199707,7.312965040283279,7.34117317199707,31600,0.0,0.0
2017-05-31 00:00:00-04:00,7.298861310693838,7.362329102648687,7.291809109631663,7.34117317199707,40400,0.0,0.0
2017-06-01 00:00:00-04:00,7.383490391178536,7.383490391178536,7.36233377456665,7.36233377456665,31300,0.0,0.0
2017-06-02 00:00:00-04:00,7.369379780187646,7.425796031951904,7.369379780187646,7.425796031951904,43500,0.0,0.0
2017-06-05 00:00:00-04:00,7.39758860262879,7.411693003165315,7.3482245458206235,7.369380474090576,53400,0.0,0.0
2017-06-06 00:00:00-04:00,7.39758860262879,7.39758860262879,7.362328273822314,7.369380474090576,35200,0.0,0.0
2017-06-07 00:00:00-04:00,7.362328589498181,7.4257970495642205,7.355277061462403,7.355277061462402,48300,0.0,0.0
2017-06-08 00:00:00-04:00,7.376433726127163,7.376433726127163,7.334121191019295,7.3482255935668945,62300,0.0,0.0
2017-06-09 00:00:00-04:00,7.3482247692707885,7.3623284977013554,7.312964439392091,7.31296443939209,21100,0.0,0.0
2017-06-12 00:00:00-04:00,7.298863410949707,7.334123081336772,7.298863410949707,7.298863410949707,30300,0.0,0.0
2017-06-13 00:00:00-04:00,7.40781697704165,7.40781697704165,7.3087628324754945,7.329988479614258,43800,0.034,0.0
2017-06-14 00:00:00-04:00,7.329988479614257,7.358289567382993,7.280461744706758,7.329988479614258,70400,0.0,0.0
2017-06-15 00:00:00-04:00,7.358285688653013,7.40781307220459,7.337060052702795,7.40781307220459,68300,0.0,0.0
2017-06-16 00:00:00-04:00,7.393669810635351,7.393669810635351,7.3299921624738955,7.372444152832031,31800,0.0,0.0
2017-06-19 00:00:00-04:00,7.344144554054559,7.386595878350201,7.322918891906738,7.322918891906738,32200,0.0,0.0
2017-06-20 00:00:00-04:00,7.351219999687711,7.358294770569229,7.315843446273586,7.322918891906738,30000,0.0,0.0
2017-06-21 00:00:00-04:00,7.301687391845521,7.337063920244231,7.301687391845521,7.329988479614258,27300,0.0,0.0
2017-06-22 00:00:00-04:00,7.3087628324754945,7.379515889272914,7.301687391845521,7.329988479614258,18100,0.0,0.0
2017-06-23 00:00:00-04:00,7.329992367261093,7.358293470040035,7.329992367261093,7.3512187004089355,27600,0.0,0.0
2017-06-26 00:00:00-04:00,7.3370691084214075,7.358294770569229,7.322918891906738,7.322918891906738,23600,0.0,0.0
2017-06-27 00:00:00-04:00,7.322917597629994,7.3512187004089355,7.31584215324738,7.3512187004089355,25600,0.0,0.0
2017-06-28 00:00:00-04:00,7.3370691084214075,7.358294770569229,7.315843446273586,7.322918891906738,35000,0.0,0.0
2017-06-29 00:00:00-04:00,7.287540910342414,7.287540910342414,7.252164363861084,7.252164363861084,50300,0.0,0.0
2017-06-30 00:00:00-04:00,7.252164363861084,7.25923980810765,7.238013475367952,7.252164363861084,28000,0.0,0.0
2017-07-03 00:00:00-04:00,7.25216375312663,7.30169050917874,7.25216375312663,7.259239196777344,16400,0.0,0.0
2017-07-05 00:00:00-04:00,7.308765269568963,7.3370663667746445,7.2521630751576,7.280464172363281,70800,0.0,0.0
2017-07-06 00:00:00-04:00,7.245088919614518,7.252164363861084,7.22386326162632,7.252164363861084,49300,0.0,0.0
2017-07-07 00:00:00-04:00,7.2380170822143555,7.2380170822143555,7.1955657450836235,7.2380170822143555,58900,0.0,0.0
2017-07-10 00:00:00-04:00,7.230934750526422,7.238009516151565,7.209708429397595,7.2238593101501465,49400,0.0,0.0
2017-07-11 00:00:00-04:00,7.2167914136489895,7.2380170822143555,7.2167914136489895,7.2380170822143555,45400,0.0,0.0
2017-07-12 00:00:00-04:00,7.240852648547156,7.2763471603393555,7.240852648547156,7.2763471603393555,33800,0.034,0.0
2017-07-13 00:00:00-04:00,7.247954790380519,7.283449317373926,7.247954790380519,7.262152194976807,38500,0.0,0.0
2017-07-14 00:00:00-04:00,7.2692473514093345,7.3118408964416615,7.2692473514093345,7.304741859436035,52600,0.0,0.0
2017-07-17 00:00:00-04:00,7.33314124896362,7.3473393305617,7.255053831179559,7.262152194976807,61400,0.0,0.0
2017-07-18 00:00:00-04:00,7.262149198341552,7.318940824297723,7.262149198341552,7.283446311950684,20500,0.0,0.0
2017-07-19 00:00:00-04:00,7.276349824121164,7.326041752620943,7.276349824121164,7.311844348907471,35800,0.0,0.0
2017-07-20 00:00:00-04:00,7.311844348907472,7.318943389265082,7.290547904836387,7.311844348907471,19100,0.0,0.0
2017-07-21 00:00:00-04:00,7.297645125060832,7.361535124267857,7.297645125060832,7.34733772277832,48200,0.0,0.0
2017-07-24 00:00:00-04:00,7.340236367462736,7.340236367462736,7.297642822430409,7.304741859436035,34400,0.0,0.0
2017-07-25 00:00:00-04:00,7.283446084023135,7.311841557611857,7.2692480087280265,7.269248008728027,29800,0.0,0.0
2017-07-26 00:00:00-04:00,7.2550533800500805,7.318943389265082,7.2550533800500805,7.311844348907471,37800,0.0,0.0
2017-07-27 00:00:00-04:00,7.29764348231675,7.311841557611857,7.2692480087280265,7.269248008728027,44000,0.0,0.0
2017-07-28 00:00:00-04:00,7.354437237049639,7.354437237049639,7.311844348907472,7.311844348907471,37800,0.0,0.0
2017-07-31 00:00:00-04:00,7.34024042313825,7.34024042313825,7.283449449717598,7.318943977355957,50100,0.0,0.0
2017-08-01 00:00:00-04:00,7.31184132294494,7.382829666137695,7.304742285525223,7.382829666137695,80400,0.0,0.0
2017-08-02 00:00:00-04:00,7.382829417851531,7.4609174728393555,7.36863202049103,7.4609174728393555,94000,0.0,0.0
2017-08-03 00:00:00-04:00,7.432520646281698,7.482212543487548,7.418322574507841,7.482212543487549,64600,0.0,0.0
2017-08-04 00:00:00-04:00,7.48931175526295,7.48931175526295,7.43252082083642,7.446718215942383,23200,0.0,0.0
2017-08-07 00:00:00-04:00,7.446718029674384,7.460916101426544,7.4112235272953075,7.418322563171387,21800,0.0,0.0
2017-08-08 00:00:00-04:00,7.4396225859710805,7.468018743186298,7.368634223937988,7.368634223937988,42700,0.0,0.0
2017-08-09 00:00:00-04:00,7.397029643494165,7.404128682739755,7.34023868353273,7.34733772277832,34500,0.0,0.0
2017-08-10 00:00:00-04:00,7.326040744781495,7.36863430406584,7.326040744781495,7.326040744781494,34800,0.0,0.0
2017-08-11 00:00:00-04:00,7.243422324232848,7.4001140482819165,7.243422324232848,7.392991542816162,55500,0.034,0.0
2017-08-14 00:00:00-04:00,7.392991042682683,7.449969724075117,7.378746032714844,7.378746032714844,57100,0.0,0.0
2017-08-15 00:00:00-04:00,7.400111418068871,7.400111418068871,7.357377079702866,7.371622085571289,19200,0.0,0.0
2017-08-16 00:00:00-04:00,7.378742970278,7.414354801177979,7.357376143433684,7.4143548011779785,51700,0.0,0.0
2017-08-17 00:00:00-04:00,7.378746531884653,7.41435837997392,7.371624705658405,7.392991542816162,29200,0.0,0.0
2017-08-18 00:00:00-04:00,7.400110476361495,7.421477303205811,7.371621147489347,7.4143548011779785,29100,0.0,0.0
2017-08-21 00:00:00-04:00,7.428600555336548,7.44996738433838,7.421478052589522,7.449967384338379,12400,0.0,0.0
2017-08-22 00:00:00-04:00,7.414355549842496,7.464211710593185,7.414355549842496,7.449967384338379,51700,0.0,0.0
2017-08-23 00:00:00-04:00,7.407233741492072,7.442845579326414,7.400111917316652,7.421478748321533,63500,0.0,0.0
2017-08-24 00:00:00-04:00,7.4214768108193025,7.435721134690731,7.392987483837312,7.40723180770874,21600,0.0,0.0
2017-08-25 00:00:00-04:00,7.378746531884653,7.435725217131677,7.350257189261141,7.392991542816162,98100,0.0,0.0
2017-08-28 00:00:00-04:00,7.392988695702485,7.435722353560841,7.392988695702485,7.400111198425293,24300,0.0,0.0
2017-08-29 00:00:00-04:00,7.428601251736263,7.478457417160755,7.421478748321532,7.421478748321533,33400,0.0,0.0
2017-08-30 00:00:00-04:00,7.400111917316652,7.464212410331294,7.400111917316652,7.421478748321533,62300,0.0,0.0
2017-08-31 00:00:00-04:00,7.442844130050126,7.457089134105789,7.400110476361495,7.4143548011779785,44000,0.0,0.0
2017-09-01 00:00:00-04:00,7.435722353560841,7.442844856283649,7.400111198425293,7.400111198425293,19700,0.0,0.0
2017-09-05 00:00:00-04:00,7.457089887085406,7.521191053330147,7.4072330470954695,7.449967384338379,96800,0.0,0.0
2017-09-06 00:00:00-04:00,7.471333532790803,7.506945364042873,7.457089207833485,7.485578536987305,18600,0.0,0.0
2017-09-07 00:00:00-04:00,7.542561277989142,7.556805610656738,7.521194439367971,7.556805610656738,57100,0.0,0.0
2017-09-08 00:00:00-04:00,7.556800857443701,7.5852901840987155,7.556800857443701,7.563923358917236,29600,0.0,0.0
2017-09-11 00:00:00-04:00,7.613783087405776,7.613783087405776,7.52831506729126,7.52831506729126,47800,0.0,0.0
2017-09-12 00:00:00-04:00,7.514066010067259,7.578167154639316,7.514066010067259,7.542555332183838,33300,0.0,0.0
2017-09-13 00:00:00-04:00,7.5211932417113,7.585293747367603,7.5211932417113,7.52831506729126,32600,0.0,0.0
2017-09-14 00:00:00-04:00,7.524020516767879,7.53831148147583,7.509730233490632,7.53831148147583,33300,0.034,0.0
2017-09-15 00:00:00-04:00,7.538318418060309,7.574045181274414,7.531172929131222,7.574045181274414,25800,0.0,0.0
2017-09-18 00:00:00-04:00,7.574045181274414,7.581189988772171,7.545463906989396,7.574045181274414,17600,0.0,0.0
2017-09-19 00:00:00-04:00,7.588337030155346,7.588337030155346,7.538319960281694,7.581191539764404,58600,0.0,0.0
2017-09-20 00:00:00-04:00,7.5740428378773625,7.5883331298828125,7.545461572435343,7.5883331298828125,30600,0.0,0.0
2017-09-21 00:00:00-04:00,7.588332692925193,7.588332692925193,7.545461137946389,7.566896915435791,47100,0.0,0.0
2017-09-22 00:00:00-04:00,7.545461137946389,7.566896915435791,7.545461137946389,7.566896915435791,21700,0.0,0.0
2017-09-25 00:00:00-04:00,7.574045181274414,7.581189988772171,7.566899692345327,7.574045181274414,27500,0.0,0.0
2017-09-26 00:00:00-04:00,7.588337030155346,7.588337030155346,7.559755750023049,7.581191539764404,37900,0.0,0.0
2017-09-27 00:00:00-04:00,7.574041247964785,7.574041247964785,7.4882967882067435,7.524023532867432,28900,0.0,0.0
2017-09-28 00:00:00-04:00,7.552609543864557,7.559755033578314,7.502592478731066,7.509737968444824,39200,0.0,0.0
2017-09-29 00:00:00-04:00,7.53831585469388,7.545461341193181,7.495443617129177,7.53117036819458,19700,0.0,0.0
2017-10-02 00:00:00-04:00,7.5597513574053705,7.5597513574053705,7.466862080591148,7.495443344116211,30200,0.0,0.0
2017-10-03 00:00:00-04:00,7.524023532867432,7.538314503304097,7.495442273425076,7.524023532867432,22400,0.0,0.0
2017-10-04 00:00:00-04:00,7.531170804633186,7.5383162915465745,7.50973502532416,7.516880512237549,17400,0.0,0.0
2017-10-05 00:00:00-04:00,7.524025317719798,7.524025317719798,7.474008272188358,7.516880512237549,26400,0.0,0.0
2017-10-06 00:00:00-04:00,7.4954401150426815,7.552602617466912,7.466858863830566,7.466858863830566,36300,0.0,0.0
2017-10-09 00:00:00-04:00,7.502588830355245,7.538315580119342,7.495443344116211,7.495443344116211,11000,0.0,0.0
2017-10-10 00:00:00-04:00,7.538319960281694,7.5954825205462875,7.509738680149396,7.581191539764404,93000,0.0,0.0
2017-10-11 00:00:00-04:00,7.559751429128964,7.588332692925193,7.552605942822137,7.566896915435791,50200,0.0,0.0
2017-10-12 00:00:00-04:00,7.548258960304066,7.605605603822687,7.548258960304066,7.598437786102295,37600,0.034,0.0
2017-10-13 00:00:00-04:00,7.598439851005247,7.612776173967891,7.569766521453857,7.569766521453857,13000,0.0,0.0
2017-10-16 00:00:00-04:00,7.605605603822687,7.612774105168993,7.555427461650372,7.598437786102295,33400,0.0,0.0
2017-10-17 00:00:00-04:00,7.598441547754098,7.619946378813191,7.576936033068751,7.584104537963867,35800,0.0,0.0
2017-10-18 00:00:00-04:00,7.61994090109633,7.61994090109633,7.555425770670534,7.5912675857543945,26700,0.0,0.0
2017-10-19 00:00:00-04:00,7.612772401354405,7.612772401354405,7.58409908601247,7.5912675857543945,3800,0.0,0.0
2017-10-20 00:00:00-04:00,7.584100124588028,7.598437126035202,7.548258304595947,7.548258304595947,29000,0.0,0.0
2017-10-23 00:00:00-04:00,7.5625951590503515,7.598436978345781,7.5625951590503515,7.576931476593018,13000,0.0,0.0
2017-10-24 00:00:00-04:00,7.598439851005247,7.598439851005247,7.562598018159485,7.569766521453857,37400,0.0,0.0
2017-10-25 00:00:00-04:00,7.576934867501662,7.576934867501662,7.512419700622559,7.512419700622559,26500,0.0,0.0
2017-10-26 00:00:00-04:00,7.5267553907072955,7.5554287172316155,7.512418385632121,7.541092395782471,32800,0.0,0.0
2017-10-27 00:00:00-04:00,7.562594912668684,7.562594912668684,7.483742776062492,7.498079776763916,39700,0.0,0.0
2017-10-30 00:00:00-04:00,7.490911131327439,7.562594766194533,7.490911131327439,7.526752948760986,41300,0.0,0.0
2017-10-31 00:00:00-04:00,7.4980820641829755,7.562597219769203,7.4980820641829755,7.541092395782471,47600,0.0,0.0
2017-11-01 00:00:00-04:00,7.541091499674642,7.562596321105957,7.526754496303134,7.562596321105957,39500,0.0,0.0
2017-11-02 00:00:00-04:00,7.5697612099382505,7.6199393305379015,7.533919402241805,7.555424213409424,61400,0.0,0.0
2017-11-03 00:00:00-04:00,7.584100484258871,7.584100484258871,7.498080522373951,7.5052490234375,65700,0.0,0.0
2017-11-06 00:00:00-05:00,7.533925211999692,7.54109371579207,7.505251880456329,7.512419700622559,33600,0.0,0.0
2017-11-07 00:00:00-05:00,7.498079139986663,7.605603901612481,7.498079139986663,7.5912675857543945,35600,0.0,0.0
2017-11-08 00:00:00-05:00,7.619942606515299,7.619942606515299,7.548258960304066,7.598437786102295,32300,0.0,0.0
2017-11-09 00:00:00-05:00,7.598440222004671,7.598440222004671,7.526756552813139,7.5339250564575195,25200,0.0,0.0
2017-11-10 00:00:00-05:00,7.555426805319534,7.555426805319534,7.476575348237641,7.548258304595947,21400,0.0,0.0
2017-11-13 00:00:00-05:00,7.541089454812448,7.670119032038277,7.541089454812448,7.5912675857543945,38300,0.0,0.0
2017-11-14 00:00:00-05:00,7.594146253156009,7.651677607012447,7.579763071777982,7.6229119300842285,40700,0.034,0.0
2017-11-15 00:00:00-05:00,7.622915516768399,7.687637805938721,7.6157239226956435,7.687637805938721,51300,0.0,0.0
2017-11-16 00:00:00-05:00,7.6229099535398825,7.644484034185145,7.6013351870669625,7.615718364715576,21200,0.0,0.0
2017-11-17 00:00:00-05:00,7.630106525415449,7.637298119582837,7.601340834574067,7.608532428741455,47400,0.0,0.0
2017-11-20 00:00:00-05:00,7.579764498105349,7.60853018044657,7.579764498105349,7.594147682189941,24300,0.0,0.0
2017-11-21 00:00:00-05:00,7.651676443691617,7.658867347459527,7.579761919390659,7.6013360023498535,38100,0.0,0.0
2017-11-22 00:00:00-05:00,7.717204991259097,7.739066566866831,7.688055992126465,7.688055992126465,31700,0.139,0.0
2017-11-24 00:00:00-05:00,7.731782937450411,7.731782937450411,7.658910751342773,7.658910751342773,19500,0.0,0.0
2017-11-27 00:00:00-05:00,7.658907968155882,7.6807695465471175,7.607896691953603,7.666195392608643,25000,0.0,0.0
2017-11-28 00:00:00-05:00,7.637052554390573,7.658914847385546,7.5860419273376465,7.5860419273376465,51300,0.0,0.0
2017-11-29 00:00:00-05:00,7.578740374542452,7.680762133514391,7.578740374542452,7.600602626800537,48400,0.0,0.0
2017-11-30 00:00:00-05:00,7.607895929701455,7.615183353424072,7.578746929777962,7.615183353424072,45500,0.0,0.0
2017-12-01 00:00:00-05:00,7.666194624515418,7.666194624515418,7.600609200945814,7.615183353424072,51200,0.0,0.0
2017-12-04 00:00:00-05:00,7.549599896783429,7.680770778097136,7.542313166129345,7.622472763061523,102500,0.0,0.0
2017-12-05 00:00:00-05:00,7.6078994566033975,7.688059764779288,7.600612724469743,7.658910751342773,57600,0.0,0.0
2017-12-06 00:00:00-05:00,7.651619569468935,7.7026301442093015,7.644332145944038,7.688055992126465,76300,0.0,0.0
2017-12-07 00:00:00-05:00,7.666198178443727,7.70992135111485,7.644335897140866,7.658910751342773,52900,0.0,0.0
2017-12-08 00:00:00-05:00,7.6589021510842175,7.702625274658203,7.607890913625876,7.702625274658203,51700,0.0,0.0
2017-12-11 00:00:00-05:00,7.673482288376853,7.673482288376853,7.622471706036234,7.637045860290527,18300,0.0,0.0
2017-12-12 00:00:00-05:00,7.644333284901205,7.680769712987531,7.615184281425557,7.637045860290527,28100,0.0,0.0
2017-12-13 00:00:00-05:00,7.629759130646912,7.6516207095118824,7.615184281425557,7.637045860290527,27100,0.0,0.0
2017-12-14 00:00:00-05:00,7.637048229998218,7.651664925055741,7.6078155368455525,7.622432231903076,36300,0.03,0.0
2017-12-15 00:00:00-05:00,7.600508396699744,7.629741094496186,7.556659698486327,7.556659698486328,65100,0.0,0.0
2017-12-18 00:00:00-05:00,7.563961535812665,7.666275541542939,7.527420520782471,7.527420520782471,79900,0.0,0.0
2017-12-19 00:00:00-05:00,7.48357409567673,7.60050483202134,7.447033066328497,7.454341411590576,97800,0.0,0.0
2017-12-20 00:00:00-05:00,7.454340776011135,7.498190146882718,7.3885670681848135,7.4324164390563965,82600,0.0,0.0
2017-12-21 00:00:00-05:00,7.3885647025270345,7.425105717060031,7.381257057189941,7.381257057189941,64700,0.0,0.0
2017-12-22 00:00:00-05:00,7.373951592295946,7.432416959577879,7.35202725380576,7.395875930786133,123900,0.0,0.0
2017-12-26 00:00:00-05:00,7.403184551610769,7.417800545494433,7.373951866881259,7.410492897033691,73000,0.0,0.0
2017-12-27 00:00:00-05:00,7.410495846135015,7.468961238861084,7.410495846135015,7.468961238861084,81700,0.0,0.0
2017-12-28 00:00:00-05:00,7.454337455152661,7.483570123723386,7.447029113769531,7.447029113769531,41000,0.0,0.0
2017-12-29 00:00:00-05:00,7.425104786581937,7.476261782340256,7.417796445198807,7.447029113769531,40800,0.0,0.0
2018-01-02 00:00:00-05:00,7.468961727614754,7.505502774700333,7.417803982909942,7.483577728271484,47200,0.0,0.0
2018-01-03 00:00:00-05:00,7.512808648323653,7.512808648323653,7.483575956966843,7.490884304046631,37400,0.0,0.0
2018-01-04 00:00:00-05:00,7.483575515496136,7.4981922087934425,7.439726829528809,7.439726829528809,46200,0.0,0.0
2018-01-05 00:00:00-05:00,7.439725984038619,7.527424042969094,7.439725984038619,7.4981913566589355,30400,0.0,0.0
2018-01-08 00:00:00-05:00,7.490883165442475,7.527424198324885,7.447033786591137,7.520115852355957,29700,0.0,0.0
2018-01-09 00:00:00-05:00,7.52742131129557,7.542037300665451,7.476263606096072,7.505496978759766,77400,0.0,0.0
2018-01-10 00:00:00-05:00,7.468956808198869,7.490881143224789,7.447031776210905,7.461648464202881,40500,0.0,0.0
2018-01-11 00:00:00-05:00,7.468979555572216,7.490969204682682,7.461650371551514,7.461650371551514,29100,0.03,0.0
2018-01-12 00:00:00-05:00,7.476309218734711,7.498298168182373,7.432331319839386,7.498298168182373,32000,0.0,0.0
2018-01-16 00:00:00-05:00,7.512957056605714,7.534946003485929,7.4396596349836415,7.476308345794678,67600,0.0,0.0
2018-01-17 00:00:00-05:00,7.490970527441767,7.505629597087796,7.41767308216289,7.446991920471191,58900,0.0,0.0
2018-01-18 00:00:00-05:00,7.432331026941574,7.439660210457895,7.42500114440918,7.42500114440918,30700,0.0,0.0
2018-01-19 00:00:00-05:00,7.410345077514649,7.45432369564069,7.410345077514649,7.410345077514648,29800,0.0,0.0
2018-01-22 00:00:00-05:00,7.439662998533016,7.439662998533016,7.381025314331055,7.381025314331055,36700,0.0,0.0
2018-01-23 00:00:00-05:00,7.39568050203373,7.39568050203373,7.373691558837891,7.373691558837891,35900,0.0,0.0
2018-01-24 00:00:00-05:00,7.39568367860745,7.39568367860745,7.329716121669829,7.351705074310303,72100,0.0,0.0
2018-01-25 00:00:00-05:00,7.373698155359123,7.373698155359123,7.2930707931518555,7.2930707931518555,56400,0.0,0.0
2018-01-26 00:00:00-05:00,7.3150534940914,7.344373018171215,7.256415843963623,7.256415843963623,48200,0.0,0.0
2018-01-29 00:00:00-05:00,7.25641984121961,7.25641984121961,7.146474361419678,7.146474361419678,75000,0.0,0.0
2018-01-30 00:00:00-05:00,7.146475737604437,7.19778354485582,7.117156890744154,7.139145851135254,95000,0.0,0.0
2018-01-31 00:00:00-05:00,7.095162819800631,7.183119297027588,7.095162819800631,7.183119297027588,36700,0.0,0.0
2018-02-01 00:00:00-05:00,7.1684628095535805,7.197781648690182,7.1684628095535805,7.175792694091797,43000,0.0,0.0
2018-02-02 00:00:00-05:00,7.1538010011648225,7.183119829078778,7.095163345336914,7.095163345336914,68700,0.0,0.0
2018-02-05 00:00:00-05:00,7.043854767344323,7.073173594821728,6.889930748333952,6.955898284912109,153500,0.0,0.0
2018-02-06 00:00:00-05:00,6.9412384195855825,7.08783254005402,6.9339085388081845,7.036524772644043,113500,0.0,0.0
2018-02-07 00:00:00-05:00,7.036524772644043,7.08783254005402,7.021865011089247,7.036524772644043,128000,0.0,0.0
2018-02-08 00:00:00-05:00,7.065846749770493,7.087835702899038,7.029198028545442,7.043857097625732,81100,0.0,0.0
2018-02-09 00:00:00-05:00,7.058514576871377,7.087833404541016,7.043854813528562,7.087833404541016,60200,0.0,0.0
2018-02-12 00:00:00-05:00,7.073175991727142,7.080505875834386,7.036527969223365,7.051187038421631,66400,0.0,0.0
2018-02-13 00:00:00-05:00,7.051187038421632,7.087835759941631,7.051187038421632,7.051187038421631,81100,0.0,0.0
2018-02-14 00:00:00-05:00,7.080596650618912,7.080596650618912,7.051186101028501,7.058538913726807,33900,0.03,0.0
2018-02-15 00:00:00-05:00,7.080595769271469,7.102653503417969,7.065890145705319,7.102653503417969,36500,0.0,0.0
2018-02-16 00:00:00-05:00,7.102653191455596,7.110006002915721,7.058537725100235,7.065889835357666,25700,0.0,0.0
2018-02-20 00:00:00-05:00,7.110011017875815,7.110011017875815,7.043837070465088,7.043837070465088,49400,0.0,0.0
2018-02-21 00:00:00-05:00,7.036485634761154,7.058544089029262,6.992370128631592,6.992370128631592,78100,0.0,0.0
2018-02-22 00:00:00-05:00,6.999717591872407,7.021775328062815,6.89678032097918,6.933543682098389,113700,0.0,0.0
2018-02-23 00:00:00-05:00,6.926189717923908,6.977657994210808,6.911484095440408,6.955600261688232,134900,0.0,0.0
2018-02-26 00:00:00-05:00,6.9703068892593505,6.999718141426052,6.9703068892593505,6.977659702301025,70400,0.0,0.0
2018-02-27 00:00:00-05:00,6.98501424263614,7.021777615732724,6.970308612916298,7.014424800872803,46500,0.0,0.0
2018-02-28 00:00:00-05:00,7.02912949005405,7.02912949005405,6.99236612187662,7.0217766761779785,46400,0.0,0.0
2018-03-01 00:00:00-05:00,7.029130430592644,7.043835359109465,6.999719872355981,7.014424800872803,28300,0.0,0.0
2018-03-02 00:00:00-05:00,6.992364664223742,7.0217752123940755,6.992364664223742,7.0070695877075195,41000,0.0,0.0
2018-03-05 00:00:00-05:00,6.999720096588135,7.0217778406714855,6.9776616513017435,6.999720096588135,45700,0.0,0.0
2018-03-06 00:00:00-05:00,6.985010953787,7.036479231166886,6.985010953787,7.02912712097168,43700,0.0,0.0
2018-03-07 00:00:00-05:00,6.999719872355981,7.021777615732724,6.977661427776219,7.014424800872803,54700,0.0,0.0
2018-03-08 00:00:00-05:00,6.992365328384376,7.007070253264881,6.977659702301025,6.977659702301025,42200,0.0,0.0
2018-03-09 00:00:00-05:00,7.014426626473404,7.014426626473404,6.933547745573499,6.9482526779174805,107000,0.0,0.0
2018-03-12 00:00:00-04:00,6.926194928799907,6.985016060582238,6.926194928799907,6.9482526779174805,31300,0.0,0.0
2018-03-13 00:00:00-04:00,6.92618989944458,6.948247632545241,6.918837088010129,6.92618989944458,65200,0.0,0.0
2018-03-14 00:00:00-04:00,6.910702427368567,6.940203797363074,6.910702427368567,6.9180779457092285,81900,0.029,0.0
2018-03-15 00:00:00-04:00,6.925455176222984,6.932829993018772,6.910704135894775,6.910704135894775,33100,0.0,0.0
2018-03-16 00:00:00-04:00,6.90333085420413,6.94020776361404,6.881204989905602,6.93283224105835,40800,0.0,0.0
2018-03-19 00:00:00-04:00,6.9328292986735685,6.947580337524414,6.9328292986735685,6.947580337524414,61700,0.0,0.0
2018-03-20 00:00:00-04:00,6.95495581015091,6.95495581015091,6.873826503753662,6.873826503753662,70700,0.0,0.0
2018-03-21 00:00:00-04:00,6.888573964725936,6.888573964725936,6.807444700465509,6.82957124710083,108400,0.0,0.0
2018-03-22 00:00:00-04:00,6.844325129618729,6.881202023129456,6.844325129618729,6.873826503753662,39500,0.0,0.0
2018-03-23 00:00:00-04:00,6.866453647613525,6.881203987207008,6.859078126132562,6.866453647613525,46300,0.0,0.0
2018-03-26 00:00:00-04:00,6.873826503753662,6.888577542505249,6.851700648994522,6.873826503753662,38800,0.0,0.0
2018-03-27 00:00:00-04:00,6.866453197764663,6.8738280153940305,6.7558224929034125,6.822200775146484,147700,0.0,0.0
2018-03-28 00:00:00-04:00,6.829571600503404,6.866448476769293,6.814820568649884,6.8516974449157715,58900,0.0,0.0
2018-03-29 00:00:00-04:00,6.851701795519538,6.8812031745910645,6.851701795519538,6.8812031745910645,51600,0.0,0.0
2018-04-02 00:00:00-04:00,6.888579057389555,6.888579057389555,6.7853238735260675,6.822200775146484,289400,0.0,0.0
2018-04-03 00:00:00-04:00,6.822201222096192,6.881203987207008,6.81482570061523,6.866453647613525,103900,0.0,0.0
2018-04-04 00:00:00-04:00,6.881199963891028,6.881199963891028,6.851698598584546,6.859074115753174,19800,0.0,0.0
2018-04-05 00:00:00-04:00,6.873829848067944,6.88120537103214,6.836953639984131,6.836953639984131,82100,0.0,0.0
2018-04-06 00:00:00-04:00,6.866449705522248,6.888575553894043,6.859074188275637,6.888575553894043,62700,0.0,0.0
2018-04-09 00:00:00-04:00,6.859078126132562,6.881203987207008,6.844327083170637,6.866453647613525,26100,0.0,0.0
2018-04-10 00:00:00-04:00,6.8443215748231685,6.8664481214584905,6.814820216010616,6.82957124710083,65700,0.0,0.0
2018-04-11 00:00:00-04:00,6.822196084576643,6.87382328932814,6.822196084576643,6.8516974449157715,80000,0.0,0.0
2018-04-12 00:00:00-04:00,6.865760587601047,6.873159206060049,6.84356543779513,6.858362674713135,55000,0.029,0.0
2018-04-13 00:00:00-04:00,6.873154155684754,6.887951381729797,6.850959022187762,6.880552768707275,86400,0.0,0.0
2018-04-16 00:00:00-04:00,6.8731551257549865,6.880553739821742,6.8583586031921495,6.865756511688232,62800,0.0,0.0
2018-04-17 00:00:00-04:00,6.858356959614262,6.865754866337467,6.828762510439437,6.850958347320557,42000,0.0,0.0
2018-04-18 00:00:00-04:00,6.821364603716233,6.850958347320556,6.821364603716233,6.850958347320557,37200,0.0,0.0
2018-04-19 00:00:00-04:00,6.836163798445182,6.836163798445182,6.813968658447266,6.813968658447266,49000,0.0,0.0
2018-04-20 00:00:00-04:00,6.813966662645727,6.887951381729797,6.813966662645727,6.880552768707275,81200,0.0,0.0
2018-04-23 00:00:00-04:00,6.887952547533729,6.902749070512549,6.8731553189842165,6.895350456237793,62700,0.0,0.0
2018-04-24 00:00:00-04:00,6.9101465152267885,6.9101465152267885,6.880552768707275,6.880552768707275,68300,0.0,0.0
2018-04-25 00:00:00-04:00,6.88055086698958,6.895347383374436,6.873152256011963,6.873152256011963,83600,0.0,0.0
2018-04-26 00:00:00-04:00,6.902750761680862,6.902750761680862,6.887954235076904,6.887954235076904,36200,0.0,0.0
2018-04-27 00:00:00-04:00,6.887951316653906,6.924942970275879,6.887951316653906,6.924942970275879,103400,0.0,0.0
2018-04-30 00:00:00-04:00,6.917543888092041,6.932340405913834,6.917543888092041,6.917543888092041,51200,0.0,0.0
2018-05-01 00:00:00-04:00,6.939740196181121,6.939740196181121,6.902747836988581,6.924942970275879,75800,0.0,0.0
2018-05-02 00:00:00-04:00,6.939741126046264,6.947139739990234,6.917545989785011,6.947139739990234,39300,0.0,0.0
2018-05-03 00:00:00-04:00,6.924943898158322,6.961936262307516,6.924943898158322,6.947139739990234,30300,0.0,0.0
2018-05-04 00:00:00-04:00,6.969338919669912,6.969338919669912,6.947143770531645,6.9545416831970215,21200,0.0,0.0
2018-05-07 00:00:00-04:00,6.991530501569819,6.991530501569819,6.917546473666912,6.939741611480713,87500,0.0,0.0
2018-05-08 00:00:00-04:00,6.9397451522952,6.954541683197021,6.9323465340587545,6.9545416831970215,31800,0.0,0.0
2018-05-09 00:00:00-04:00,6.954539268050025,6.9767351150512695,6.939742742286688,6.9767351150512695,31600,0.0,0.0
2018-05-10 00:00:00-04:00,6.969335765680855,6.998929519662845,6.961937150792669,6.984132289886475,87400,0.0,0.0
2018-05-11 00:00:00-04:00,6.998932687044625,6.998932687044625,6.924947915822309,6.9545416831970215,138000,0.0,0.0
2018-05-14 00:00:00-04:00,6.983482360839844,7.0131676990507374,6.95379702262895,6.983482360839844,86300,0.029,0.0
2018-05-15 00:00:00-04:00,6.968641492543223,6.998326836917823,6.961219979510963,6.976062297821045,58600,0.0,0.0
2018-05-16 00:00:00-04:00,6.976060058951529,7.020588415099892,6.976060058951529,7.013166904449463,49800,0.0,0.0
2018-05-17 00:00:00-04:00,6.976058027729987,7.072535514831543,6.976058027729987,7.072535514831543,98300,0.0,0.0
2018-05-18 00:00:00-04:00,7.072536763233745,7.072536763233745,7.013166100345955,7.0502729415893555,85700,0.0,0.0
2018-05-21 00:00:00-04:00,7.0502729415893555,7.0502729415893555,6.998323788501072,7.0502729415893555,62400,0.0,0.0
2018-05-22 00:00:00-04:00,7.065115314434964,7.065115314434964,6.998323147861942,7.020586967468262,50000,0.0,0.0
2018-05-23 00:00:00-04:00,7.04285078707458,7.04285078707458,7.020586967468261,7.020586967468262,16600,0.0,0.0
2018-05-24 00:00:00-04:00,7.028008291659934,7.057693619605269,6.990901454789754,6.9983229637146,105600,0.0,0.0
2018-05-25 00:00:00-04:00,7.020586319333089,7.020586319333089,6.976057976477208,6.990900993347168,57500,0.0,0.0
2018-05-29 00:00:00-04:00,7.0057455039415775,7.065116882324219,7.0057455039415775,7.065116882324219,54700,0.0,0.0
2018-05-30 00:00:00-04:00,7.042855844992654,7.124491088433337,7.035434330542669,7.087384223937988,63500,0.0,0.0
2018-05-31 00:00:00-04:00,7.0948000403000595,7.10222084103556,7.057693205606537,7.072535514831543,42500,0.0,0.0
2018-06-01 00:00:00-04:00,7.087379782832757,7.087379782832757,7.0502729415893555,7.0502729415893555,30700,0.0,0.0
2018-06-04 00:00:00-04:00,7.035431367246484,7.057695901218703,7.028010563676686,7.042852878570557,44300,0.0,0.0
2018-06-05 00:00:00-04:00,7.042852350022895,7.065116882324219,7.020588525475793,7.065116882324219,77100,0.0,0.0
2018-06-06 00:00:00-04:00,7.065115345878911,7.065115345878911,7.005743980407715,7.005743980407715,34600,0.0,0.0
2018-06-07 00:00:00-04:00,7.042850601755579,7.042850601755579,6.98347994586491,6.9983229637146,53800,0.0,0.0
2018-06-08 00:00:00-04:00,7.028007827768068,7.042850136884028,6.983479484912189,6.990900993347168,82000,0.0,0.0
2018-06-11 00:00:00-04:00,7.020590497602465,7.035432815551757,7.013168984750609,7.035432815551758,77500,0.0,0.0
2018-06-12 00:00:00-04:00,7.065116771248254,7.065116771248254,7.005745393799034,7.013166904449463,55400,0.0,0.0
2018-06-13 00:00:00-04:00,7.013166904449463,7.028009925750321,7.013166904449463,7.013166904449463,52700,0.0,0.0
2018-06-14 00:00:00-04:00,7.03475632901299,7.049645043264413,6.997535253317404,7.004979610443115,66800,0.029,0.0
2018-06-15 00:00:00-04:00,7.034755229949951,7.057087587905056,7.034755229949951,7.034755229949951,69500,0.0,0.0
2018-06-18 00:00:00-04:00,7.057084142328868,7.071972846984863,7.049640499933384,7.071972846984863,23900,0.0,0.0
2018-06-19 00:00:00-04:00,7.071972846984863,7.079417199312862,7.034751795277388,7.071972846984863,110600,0.0,0.0
2018-06-20 00:00:00-04:00,7.079419288535036,7.146417059393841,7.057086224960286,7.124083995819092,84400,0.0,0.0
2018-06-21 00:00:00-04:00,7.146418856418946,7.146418856418946,7.079421068713002,7.086865425109863,35400,0.0,0.0
2018-06-22 00:00:00-04:00,7.094310629047302,7.094310629047302,7.042201542695135,7.049645900726318,27200,0.0,0.0
2018-06-25 00:00:00-04:00,7.064531013001961,7.071975367983702,7.042198657989502,7.042198657989502,38000,0.0,0.0
2018-06-26 00:00:00-04:00,7.0496418981062146,7.086862957195835,7.034753190497305,7.064529895782471,38900,0.0,0.0
2018-06-27 00:00:00-04:00,7.079417199312862,7.079417199312862,7.057084142328868,7.071972846984863,15400,0.0,0.0
2018-06-28 00:00:00-04:00,7.071975367983702,7.071975367983702,7.034754303007761,7.042198657989502,50700,0.0,0.0
2018-06-29 00:00:00-04:00,7.04219754430176,7.064529895782471,7.04219754430176,7.064529895782471,31100,0.0,0.0
2018-07-02 00:00:00-04:00,7.094306945800781,7.094306945800781,7.049642240668971,7.094306945800781,43500,0.0,0.0
2018-07-03 00:00:00-04:00,7.094306945800781,7.131528006699082,7.094306945800781,7.094306945800781,25300,0.0,0.0
2018-07-05 00:00:00-04:00,7.071980974047424,7.07942533493042,7.057092252281432,7.07942533493042,18500,0.0,0.0
2018-07-06 00:00:00-04:00,7.086869695813417,7.086869695813417,7.064536613164428,7.07942533493042,14700,0.0,0.0
2018-07-09 00:00:00-04:00,7.0496418981062146,7.086862957195835,7.04219754430176,7.064529895782471,49400,0.0,0.0
2018-07-10 00:00:00-04:00,7.0496418981062146,7.07941860339138,7.0496418981062146,7.064529895782471,31100,0.0,0.0
2018-07-11 00:00:00-04:00,7.086867634542822,7.116644359480685,7.086867634542822,7.1092000007629395,27400,0.0,0.0
2018-07-12 00:00:00-04:00,7.115914367789333,7.198050248754593,7.115914367789333,7.168182849884033,43600,0.029,0.0
2018-07-13 00:00:00-04:00,7.175653227993391,7.198054323899807,7.130852460371282,7.138319492340088,18500,0.0,0.0
2018-07-16 00:00:00-04:00,7.153252844182337,7.153252844182337,7.130852460371282,7.138319492340088,27400,0.0,0.0
2018-07-17 00:00:00-04:00,7.130850312978464,7.145783660323667,7.093515876472736,7.108449935913086,30700,0.0,0.0
2018-07-18 00:00:00-04:00,7.130848871402026,7.130848871402026,7.086047414233211,7.093514442443848,42600,0.0,0.0
2018-07-19 00:00:00-04:00,7.12338184319139,7.12338184319139,7.093514442443848,7.093514442443848,47200,0.0,0.0
2018-07-20 00:00:00-04:00,7.093520621983381,7.1532554755166435,7.093520621983381,7.130855083465576,26300,0.0,0.0
2018-07-23 00:00:00-04:00,7.100982906192911,7.1159162535381135,7.08604884675256,7.108449935913086,57300,0.0,0.0
2018-07-24 00:00:00-04:00,7.130848423272093,7.168182849884033,7.115914367789333,7.168182849884033,35900,0.0,0.0
2018-07-25 00:00:00-04:00,7.160715822142653,7.168182849884033,7.130848423272093,7.168182849884033,11600,0.0,0.0
2018-07-26 00:00:00-04:00,7.130848423272093,7.168182849884033,7.130848423272093,7.168182849884033,8900,0.0,0.0
2018-07-27 00:00:00-04:00,7.160717719764017,7.168184749484192,7.100982906192911,7.108449935913086,36200,0.0,0.0
2018-07-30 00:00:00-04:00,7.115915063051269,7.123382091522217,7.093514689733456,7.123382091522217,40700,0.0,0.0
2018-07-31 00:00:00-04:00,7.100987656698945,7.1532554755166435,7.100987656698945,7.130855083465576,39900,0.0,0.0
2018-08-01 00:00:00-04:00,7.183116193271834,7.198050248754593,7.130848423272093,7.168182849884033,17100,0.0,0.0
2018-08-02 00:00:00-04:00,7.168182849884033,7.198050248754593,7.108448052142913,7.168182849884033,54500,0.0,0.0
2018-08-03 00:00:00-04:00,7.160717483324685,7.190584889124048,7.123383048051701,7.145783424377441,20800,0.0,0.0
2018-08-06 00:00:00-04:00,7.153255462646484,7.175655854657249,7.153255462646484,7.153255462646484,14100,0.0,0.0
2018-08-07 00:00:00-04:00,7.17565106710922,7.17565106710922,7.093515876472736,7.108449935913086,32400,0.0,0.0
2018-08-08 00:00:00-04:00,7.145783191791435,7.175650596618652,7.115915786964218,7.175650596618652,25400,0.0,0.0
2018-08-09 00:00:00-04:00,7.235384909569284,7.235384909569284,7.115915298461915,7.115915298461914,51900,0.0,0.0
2018-08-10 00:00:00-04:00,7.115921014034448,7.160722510232207,7.115921014034448,7.130855083465576,48600,0.0,0.0
2018-08-13 00:00:00-04:00,7.153255462646484,7.212990316072272,7.123388035933591,7.153255462646484,14500,0.0,0.0
2018-08-14 00:00:00-04:00,7.1375241054576,7.167482206186145,7.1375241054576,7.145013809204102,34500,0.029,0.0
2018-08-15 00:00:00-04:00,7.145011922380226,7.167480313428914,7.137522220611572,7.137522220611572,36300,0.0,0.0
2018-08-16 00:00:00-04:00,7.130033646625577,7.1974388236809865,7.130033646625577,7.15999174118042,51700,0.0,0.0
2018-08-17 00:00:00-04:00,7.174972987389521,7.182462692260743,7.152504587033425,7.182462692260742,30400,0.0,0.0
2018-08-20 00:00:00-04:00,7.212418228087064,7.212418228087064,7.152502038977381,7.15999174118042,11400,0.0,0.0
2018-08-21 00:00:00-04:00,7.219907760620117,7.249865854470935,7.174970262715241,7.219907760620117,26800,0.0,0.0
2018-08-22 00:00:00-04:00,7.234884262084961,7.242373961846583,7.182457792267762,7.234884262084961,31400,0.0,0.0
2018-08-23 00:00:00-04:00,7.197438488181301,7.3247605626687475,7.197438488181301,7.2798237800598145,43900,0.0,0.0
2018-08-24 00:00:00-04:00,7.324763008077906,7.324763008077906,7.242378402952157,7.2648468017578125,44500,0.0,0.0
2018-08-27 00:00:00-04:00,7.264844592493613,7.317271792773544,7.242376200520673,7.287312984466553,38200,0.0,0.0
2018-08-28 00:00:00-04:00,7.317271587179813,7.317271587179813,7.1899495124816895,7.1899495124816895,65300,0.0,0.0
2018-08-29 00:00:00-04:00,7.2124220958745955,7.2348905002754735,7.152505874633789,7.152505874633789,35600,0.0,0.0
2018-08-30 00:00:00-04:00,7.1375223136748085,7.1899495124816895,7.1375223136748085,7.1899495124816895,89800,0.0,0.0
2018-08-31 00:00:00-04:00,7.212419848874876,7.257356643676758,7.197440441102598,7.257356643676758,38200,0.0,0.0
2018-09-04 00:00:00-04:00,7.287316133043953,7.302295543669493,7.189952821008392,7.272337436676025,87100,0.0,0.0
2018-09-05 00:00:00-04:00,7.272332824855255,7.272332824855255,7.182458560869492,7.212416648864746,21700,0.0,0.0
2018-09-06 00:00:00-04:00,7.234888282900152,7.234888282900152,7.159993386432058,7.167482376098633,54600,0.0,0.0
2018-09-07 00:00:00-04:00,7.204928525884025,7.212418228087064,7.137522634571302,7.15999174118042,68800,0.0,0.0
2018-09-10 00:00:00-04:00,7.174971909932648,7.189951317425652,7.1300351159685595,7.145013809204102,15200,0.0,0.0
2018-09-11 00:00:00-04:00,7.152503659898872,7.204930158686564,7.152503659898872,7.174972057342529,18800,0.0,0.0
2018-09-12 00:00:00-04:00,7.174972080022686,7.174972080022686,7.137524274659899,7.167482376098633,36900,0.0,0.0
2018-09-13 00:00:00-04:00,7.166728870347357,7.189265553077656,7.159216403961182,7.159216403961182,46700,0.029,0.0
2018-09-14 00:00:00-04:00,7.144192187617057,7.1967780194638316,7.144192187617057,7.159216403961182,64200,0.0,0.0
2018-09-17 00:00:00-04:00,7.144196411715472,7.219318970709729,7.091609832347977,7.136683940887451,81300,0.0,0.0
2018-09-18 00:00:00-04:00,7.106633085956417,7.204293034237444,7.099120616912842,7.099120616912842,64200,0.0,0.0
2018-09-19 00:00:00-04:00,7.1592180094818545,7.1742429456236865,7.076583009986946,7.084095478057861,33700,0.0,0.0
2018-09-20 00:00:00-04:00,7.069068283808652,7.0916049643940084,7.0239949226379395,7.0239949226379395,89300,0.0,0.0
2018-09-21 00:00:00-04:00,7.0239952229808695,7.069068586078899,6.993946075439453,6.993946075439453,72100,0.0,0.0
2018-09-24 00:00:00-04:00,7.023997473689269,7.076583319629849,7.023997473689269,7.054046630859375,28700,0.0,0.0
2018-09-25 00:00:00-04:00,7.069068908691407,7.091605591268933,7.0465322261138805,7.069068908691406,54700,0.0,0.0
2018-09-26 00:00:00-04:00,7.061556745036438,7.121655045437989,7.023995844606659,7.03902006149292,37200,0.0,0.0
2018-09-27 00:00:00-04:00,7.0765846547828986,7.099121347805415,7.031510552309312,7.046535491943359,35800,0.0,0.0
2018-09-28 00:00:00-04:00,7.061555205202251,7.061555205202251,7.00145691790566,7.031506061553955,50000,0.0,0.0
2018-10-01 00:00:00-04:00,7.016482474640758,7.084093232995292,6.948871716286224,6.956384181976318,96400,0.0,0.0
2018-10-02 00:00:00-04:00,6.918822848371819,7.0239952229808695,6.918822848371819,6.993946075439453,137000,0.0,0.0
2018-10-03 00:00:00-04:00,6.978924489360595,6.978924489360595,6.911313695870716,6.9413628578186035,54000,0.0,0.0
2018-10-04 00:00:00-04:00,6.926337828799408,6.933849581090575,6.8361903534493536,6.881263732910156,135700,0.0,0.0
2018-10-05 00:00:00-04:00,6.858727043179755,6.903800422640558,6.858727043179755,6.881263732910156,113400,0.0,0.0
2018-10-08 00:00:00-04:00,6.843702316284181,6.888776413560118,6.8361905637619165,6.84370231628418,72800,0.0,0.0
2018-10-09 00:00:00-04:00,6.843702453203554,6.858727391405622,6.806141540555355,6.836190700531006,100100,0.0,0.0
2018-10-10 00:00:00-04:00,6.83618964537069,6.843701396883806,6.783603086208631,6.828677177429199,84400,0.0,0.0
2018-10-11 00:00:00-04:00,6.858728567838924,6.858728567838924,6.746043661280759,6.798630237579346,90200,0.0,0.0
2018-10-12 00:00:00-04:00,6.812946526094252,6.8280197616934,6.790337391426961,6.805409908294678,74100,0.029,0.0
2018-10-15 00:00:00-04:00,6.858162018228074,6.873234527412613,6.820479667170127,6.82801628112793,56300,0.0,0.0
2018-10-16 00:00:00-04:00,6.820484035083235,6.903384685516357,6.797874897461753,6.903384685516357,67500,0.0,0.0
2018-10-17 00:00:00-04:00,6.903385931721237,6.903385931721237,6.843094408025723,6.85816764831543,33700,0.0,0.0
2018-10-18 00:00:00-04:00,6.9335314223484446,6.9335314223484446,6.820484999524333,6.850630760192871,74300,0.0,0.0
2018-10-19 00:00:00-04:00,6.873238929110538,6.910921304300694,6.850629791489055,6.903384685516357,34200,0.0,0.0
2018-10-22 00:00:00-04:00,6.86569791345481,6.918453492428363,6.82801628112793,6.82801628112793,43500,0.0,0.0
2018-10-23 00:00:00-04:00,6.835552176354666,6.880771141370416,6.820479667170127,6.82801628112793,81200,0.0,0.0
2018-10-24 00:00:00-04:00,6.865703281161326,6.873239901011368,6.828021619374375,6.850630760192871,53900,0.0,0.0
2018-10-25 00:00:00-04:00,6.82801822555206,6.85816397123685,6.820481609448045,6.835554122924805,85700,0.0,0.0
2018-10-26 00:00:00-04:00,6.843095213088364,6.850631834119871,6.820486068725586,6.820486068725586,37200,0.0,0.0
2018-10-29 00:00:00-04:00,6.850630760192871,6.850630760192871,6.820484999524333,6.850630760192871,51000,0.0,0.0
2018-10-30 00:00:00-04:00,6.850627355132835,6.850627355132835,6.820481609448045,6.835554122924805,44500,0.0,0.0
2018-10-31 00:00:00-04:00,6.850630760192871,6.850630760192871,6.820484999524333,6.850630760192871,63900,0.0,0.0
2018-11-01 00:00:00-04:00,6.858165677517021,6.873238194743753,6.8204833063530135,6.843092441558838,100300,0.0,0.0
2018-11-02 00:00:00-04:00,6.820479667170127,6.843088790312469,6.820479667170127,6.82801628112793,49700,0.0,0.0
2018-11-05 00:00:00-05:00,6.873239901011368,6.873239901011368,6.820484999524333,6.850630760192871,77100,0.0,0.0
2018-11-06 00:00:00-05:00,6.843095213088364,6.850631834119871,6.820486068725586,6.820486068725586,72200,0.0,0.0
2018-11-07 00:00:00-05:00,6.8506254042702714,6.858162018228074,6.820479667170127,6.82801628112793,32700,0.0,0.0
2018-11-08 00:00:00-05:00,6.850631028170577,6.865703549728627,6.828021886467673,6.85816764831543,43900,0.0,0.0
2018-11-09 00:00:00-05:00,6.8807718537093425,6.925990104675293,6.858162728226368,6.925990104675293,59200,0.0,0.0
2018-11-12 00:00:00-05:00,6.925992823302547,6.9636751930528815,6.910920306641267,6.948602676391602,63200,0.0,0.0
2018-11-13 00:00:00-05:00,6.925992922155716,6.978748528051723,6.91845702308323,6.971211910247803,26400,0.0,0.0
2018-11-14 00:00:00-05:00,7.000700139040257,7.053620966381085,6.962899239085866,6.985579490661621,95400,0.029,0.0
2018-11-15 00:00:00-05:00,6.97045519383921,7.053616544815345,6.97045519383921,7.023375988006592,56900,0.0,0.0
2018-11-16 00:00:00-05:00,7.015815668556467,7.053616544815345,7.0082560700980885,7.023375988006592,35700,0.0,0.0
2018-11-19 00:00:00-05:00,6.9780168533325195,7.03849870580576,6.917535721851238,6.9780168533325195,79500,0.0,0.0
2018-11-20 00:00:00-05:00,6.955338561394725,6.962898885199793,6.8419365882873535,6.8419365882873535,79400,0.0,0.0
2018-11-21 00:00:00-05:00,6.8419365882873535,6.864616838710395,6.8419365882873535,6.8419365882873535,50800,0.0,0.0
2018-11-23 00:00:00-05:00,6.841936511977861,6.9024176597595215,6.841936511977861,6.9024176597595215,24700,0.0,0.0
2018-11-26 00:00:00-05:00,6.9099733590007375,6.917532956670091,6.857051849365234,6.857051849365234,105400,0.0,0.0
2018-11-27 00:00:00-05:00,6.879735129123701,6.909975692990517,6.849494565256886,6.864614486694336,62700,0.0,0.0
2018-11-28 00:00:00-05:00,6.894852721678688,6.9099733590007375,6.841931933034855,6.857051849365234,106200,0.0,0.0
2018-11-29 00:00:00-05:00,6.864614418697851,6.902415303404918,6.8570540975580565,6.8721747398376465,150000,0.0,0.0
2018-11-30 00:00:00-05:00,6.8721770858686915,6.91753758620886,6.8570564384271995,6.9024176597595215,83000,0.0,0.0
2018-12-03 00:00:00-05:00,6.894852130758289,6.978013465927242,6.887291812745218,6.955333232879639,105300,0.0,0.0
2018-12-04 00:00:00-05:00,6.9704593827208114,7.030940532684326,6.9704593827208114,7.030940532684326,155100,0.0,0.0
2018-12-06 00:00:00-05:00,7.00825943504297,7.053619931539611,6.93265764622578,7.046059608459473,54200,0.0,0.0
2018-12-07 00:00:00-05:00,7.000700139040257,7.015820066426694,6.955338914896548,6.985579490661621,90600,0.0,0.0
2018-12-10 00:00:00-05:00,7.03094002259724,7.053620271940086,6.962898553576576,7.0082597732543945,74900,0.0,0.0
2018-12-11 00:00:00-05:00,7.030939684545956,7.0460596097168375,6.978018143967643,6.993138790130615,72700,0.0,0.0
2018-12-12 00:00:00-05:00,6.962898218796761,7.023379361464469,6.962898218796761,6.993138790130615,63400,0.0,0.0
2018-12-13 00:00:00-05:00,6.939292440176919,6.954460640302136,6.878621086195231,6.901373386383057,166000,0.029,0.0
2018-12-14 00:00:00-05:00,6.848283290863038,6.88620305618698,6.8255317209724184,6.848283290863037,123000,0.0,0.0
2018-12-17 00:00:00-05:00,6.8482818592215855,6.87861752048716,6.817946197956012,6.855865955352783,164900,0.0,0.0
2018-12-18 00:00:00-05:00,6.901372948500531,6.901372948500531,6.764862049073366,6.810365200042725,183600,0.0,0.0
2018-12-19 00:00:00-05:00,6.802782770703598,6.83311844999257,6.78761456942929,6.817950248718262,154100,0.0,0.0
2018-12-20 00:00:00-05:00,6.802782036187034,6.878620864591097,6.802782036187034,6.863453388214111,156000,0.0,0.0
2018-12-21 00:00:00-05:00,6.878621096306858,6.90137339652813,6.833117942383498,6.886205196380615,106000,0.0,0.0
2018-12-24 00:00:00-05:00,6.9241230402875305,7.04546571455063,6.901371469678046,7.0075459480285645,44200,0.0,0.0
2018-12-26 00:00:00-05:00,6.962044516073004,6.962044516073004,6.855869288395835,6.863453388214111,83000,0.0,0.0
2018-12-27 00:00:00-05:00,6.886203770877108,6.901371967884675,6.825532429365724,6.840700626373291,92200,0.0,0.0
2018-12-28 00:00:00-05:00,6.886203047792249,6.924122813069965,6.863451477929367,6.916538715362549,69500,0.0,0.0
2018-12-31 00:00:00-05:00,6.908956763186075,6.9317090633739005,6.871037709392214,6.901373386383057,169000,0.0,0.0
2019-01-02 00:00:00-05:00,6.94687437195009,7.015129804690195,6.9241228021231755,6.992378234863281,69300,0.0,0.0
2019-01-03 00:00:00-05:00,7.015129324900118,7.053049087524415,6.999961130546674,7.053049087524414,80200,0.0,0.0
2019-01-04 00:00:00-05:00,7.015130755124073,7.037882328033447,7.007546656401127,7.037882328033447,30000,0.0,0.0
2019-01-07 00:00:00-05:00,7.053049567052708,7.121304999765181,7.0378813716679955,7.045465469360352,43800,0.0,0.0
2019-01-08 00:00:00-05:00,7.068213940300665,7.113717783245441,7.0606305691924085,7.075798034667969,37200,0.0,0.0
2019-01-09 00:00:00-05:00,7.144057993725708,7.144057993725708,7.083386646610971,7.121306419372559,31300,0.0,0.0
2019-01-10 00:00:00-05:00,7.098555098266968,7.14405897649248,7.060636043548584,7.060636043548584,60100,0.0,0.0
2019-01-11 00:00:00-05:00,7.083386646610971,7.144057993725708,7.060635072257821,7.121306419372559,52000,0.0,0.0
2019-01-14 00:00:00-05:00,7.158579074665294,7.189008712768555,7.135757027462798,7.189008712768555,16500,0.029,0.0
2019-01-15 00:00:00-05:00,7.135757027462798,7.189008712768555,7.074897751256276,7.189008712768555,59300,0.0,0.0
2019-01-16 00:00:00-05:00,7.189013865488429,7.234658718109131,7.090117289393839,7.234658718109131,33100,0.0,0.0
2019-01-17 00:00:00-05:00,7.196619376523508,7.227049027619797,7.181404188225308,7.204226970672607,23000,0.0,0.0
2019-01-18 00:00:00-05:00,7.196619987487793,7.227049641167439,7.1737979286031015,7.196619987487793,29200,0.0,0.0
2019-01-22 00:00:00-05:00,7.196620661457543,7.219442722479541,7.05207997431791,7.090116500854492,28900,0.0,0.0
2019-01-23 00:00:00-05:00,7.052077293395995,7.090113805472595,7.036862108165385,7.052077293395996,58300,0.0,0.0
2019-01-24 00:00:00-05:00,7.082508011559345,7.135759716935707,7.059685230255127,7.059685230255127,60600,0.0,0.0
2019-01-25 00:00:00-05:00,7.097720967721465,7.105328559875488,7.052076865797167,7.105328559875488,37200,0.0,0.0
2019-01-28 00:00:00-05:00,7.10532884094465,7.11293643339961,7.074899196624757,7.074899196624756,31200,0.0,0.0
2019-01-29 00:00:00-05:00,7.112939287376728,7.128153752891313,7.05207997431791,7.090116500854492,66200,0.0,0.0
2019-01-30 00:00:00-05:00,7.128150892809583,7.135758485264543,7.074899196624757,7.074899196624756,32200,0.0,0.0
2019-01-31 00:00:00-05:00,7.074897622554707,7.181400991228787,7.074897622554707,7.097719669342041,43300,0.0,0.0
2019-02-01 00:00:00-05:00,7.1205422635944915,7.15097190348379,7.112935397747049,7.1357574462890625,16000,0.0,0.0
2019-02-04 00:00:00-05:00,7.135758202991661,7.135758202991661,7.090113375567443,7.105328559875488,37500,0.0,0.0
2019-02-05 00:00:00-05:00,7.128149854941777,7.143365037636348,7.097720215052479,7.1357574462890625,39700,0.0,0.0
2019-02-06 00:00:00-05:00,7.128153054646735,7.158582708195381,7.128153054646735,7.143368244171143,17100,0.0,0.0
2019-02-07 00:00:00-05:00,7.15097190348379,7.173794677525646,7.1357574462890625,7.1357574462890625,29500,0.0,0.0
2019-02-08 00:00:00-05:00,7.143365976323129,7.189010079405101,7.12815079162918,7.150972843170166,64100,0.0,0.0
2019-02-11 00:00:00-05:00,7.135760474154823,7.204227374332772,7.135760474154823,7.1814045906066895,21800,0.0,0.0
2019-02-12 00:00:00-05:00,7.2118307599710505,7.2118307599710505,7.158579074665294,7.189008712768555,41600,0.0,0.0
2019-02-13 00:00:00-05:00,7.1814045906066895,7.204227374332772,7.166190126956117,7.1814045906066895,24400,0.0,0.0
2019-02-14 00:00:00-05:00,7.211164263065408,7.218795299530029,7.195902917871856,7.218795299530029,17400,0.029,0.0
2019-02-15 00:00:00-05:00,7.20353217834611,7.226425284408581,7.188270835373382,7.195901870727539,38800,0.0,0.0
2019-02-19 00:00:00-05:00,7.188270034094937,7.203531375366479,7.142484554809302,7.173007965087891,109200,0.0,0.0
2019-02-20 00:00:00-05:00,7.19590106859846,7.218793444373526,7.096699803259171,7.173007965087891,114600,0.0,0.0
2019-02-21 00:00:00-05:00,7.173008992899349,7.173008992899349,7.134855270385743,7.134855270385742,63900,0.0,0.0
2019-02-22 00:00:00-05:00,7.134853464902938,7.157745838165282,7.127222431237016,7.157745838165283,79500,0.0,0.0
2019-02-25 00:00:00-05:00,7.157747631110732,7.1882710456848145,7.142485559955887,7.1882710456848145,62100,0.0,0.0
2019-02-26 00:00:00-05:00,7.17300897452997,7.195902081262237,7.17300897452997,7.1882710456848145,23300,0.0,0.0
2019-02-27 00:00:00-05:00,7.195900278759473,7.195900278759473,7.157745838165282,7.157745838165283,21800,0.0,0.0
2019-02-28 00:00:00-05:00,7.1882710456848145,7.1882710456848145,7.134855252114072,7.1882710456848145,76000,0.0,0.0
2019-03-01 00:00:00-05:00,7.2035306812550886,7.234054088592529,7.180638307685866,7.234054088592529,77500,0.0,0.0
2019-03-04 00:00:00-05:00,7.23406033368615,7.249322414398193,7.203536899998126,7.249322414398193,38300,0.0,0.0
2019-03-05 00:00:00-05:00,7.249322152598748,7.249322152598748,7.195906327507762,7.2416911125183105,11900,0.0,0.0
2019-03-06 00:00:00-05:00,7.241685757466084,7.272209167480469,7.21879338188917,7.272209167480469,16300,0.0,0.0
2019-03-07 00:00:00-05:00,7.27220970124509,7.295102806237806,7.2187939117331865,7.287471771240234,32400,0.0,0.0
2019-03-08 00:00:00-05:00,7.28747123635541,7.317994646369795,7.264578860778497,7.272209167480469,28800,0.0,0.0
2019-03-11 00:00:00-04:00,7.317995183494972,7.317995183494972,7.241686288990351,7.287471771240234,31300,0.0,0.0
2019-03-12 00:00:00-04:00,7.287468810534296,7.317992210388184,7.287468810534296,7.317992210388184,38000,0.0,0.0
2019-03-13 00:00:00-04:00,7.3179996251961645,7.3256306648254395,7.287476194415058,7.3256306648254395,36400,0.0,0.0
2019-03-14 00:00:00-04:00,7.309554608021593,7.340170513743474,7.286592861215375,7.317208766937256,21200,0.029,0.0
2019-03-15 00:00:00-04:00,7.301897491539294,7.324859229045071,7.294243335723877,7.294243335723877,23800,0.0,0.0
2019-03-18 00:00:00-04:00,7.332521681363639,7.332521681363639,7.263635660963605,7.271289825439453,22400,0.0,0.0
2019-03-19 00:00:00-04:00,7.29424773245416,7.29424773245416,7.248324229761444,7.263631820678711,47500,0.0,0.0
2019-03-20 00:00:00-04:00,7.3018999099731445,7.3018999099731445,7.2712840065117765,7.3018999099731445,14100,0.0,0.0
2019-03-21 00:00:00-04:00,7.309555185816087,7.324862774916653,7.286593437194824,7.286593437194824,47000,0.0,0.0
2019-03-22 00:00:00-04:00,7.3018999099731445,7.332515813434513,7.294245751622624,7.3018999099731445,70200,0.0,0.0
2019-03-25 00:00:00-04:00,7.324864076042086,7.340172397802719,7.309556484222412,7.309556484222412,57600,0.0,0.0
2019-03-26 00:00:00-04:00,7.3478265586830345,7.3478265586830345,7.301902323342096,7.309556484222412,39300,0.0,0.0
2019-03-27 00:00:00-04:00,7.332516354827812,7.35547810163403,7.309554608021593,7.317208766937256,49800,0.0,0.0
2019-03-28 00:00:00-04:00,7.347822475870635,7.355475902557373,7.332514162616057,7.355475902557373,45100,0.0,0.0
2019-03-29 00:00:00-04:00,7.35547810163403,7.35547810163403,7.317208766937256,7.317208766937256,43400,0.0,0.0
2019-04-01 00:00:00-04:00,7.355475902557373,7.386091799125977,7.317206579302031,7.355475902557373,58300,0.0,0.0
2019-04-02 00:00:00-04:00,7.340171680026337,7.363133430480957,7.3248633597626664,7.363133430480957,33200,0.0,0.0
2019-04-03 00:00:00-04:00,7.3631320313555495,7.3784403487103685,7.3478244439414775,7.370786190032959,27300,0.0,0.0
2019-04-04 00:00:00-04:00,7.386095180935578,7.386095180935578,7.340171680026337,7.363133430480957,36300,0.0,0.0
2019-04-05 00:00:00-04:00,7.37078659794893,7.409056663513183,7.363132438847922,7.409056663513184,33800,0.0,0.0
2019-04-08 00:00:00-04:00,7.416710092673403,7.416710092673403,7.386094186210158,7.409056663513184,33300,0.0,0.0
2019-04-09 00:00:00-04:00,7.409053890916891,7.432015629686448,7.378437995910644,7.3784379959106445,14200,0.0,0.0
2019-04-10 00:00:00-04:00,7.424367287590765,7.447329044342041,7.401405530839488,7.447329044342041,36900,0.0,0.0
2019-04-11 00:00:00-04:00,7.447325008390487,7.447325008390487,7.378439775467842,7.401401519775391,56000,0.0,0.0
2019-04-12 00:00:00-04:00,7.392958269137972,7.431343452851258,7.362250268594639,7.385281085968018,53500,0.029,0.0
2019-04-15 00:00:00-04:00,7.40831555889478,7.485085964202881,7.400639104073446,7.485085964202881,48000,0.0,0.0
2019-04-16 00:00:00-04:00,7.48508241958387,7.48508241958387,7.415989233953564,7.446697235107422,27900,0.0,0.0
2019-04-17 00:00:00-04:00,7.462048600779569,7.569526195526123,7.446694240309374,7.569526195526123,68700,0.0,0.0
2019-04-18 00:00:00-04:00,7.5234643326438135,7.5234643326438135,7.385278021470544,7.400632381439209,32400,0.0,0.0
2019-04-22 00:00:00-04:00,7.39295512274891,7.5004334449768075,7.377600762943709,7.500433444976807,28900,0.0,0.0
2019-04-23 00:00:00-04:00,7.508109892743236,7.5157870726458365,7.439016737892172,7.500433444976807,34200,0.0,0.0
2019-04-24 00:00:00-04:00,7.523464507609203,7.523464507609203,7.4390169900899945,7.462048530578613,28600,0.0,0.0
2019-04-25 00:00:00-04:00,7.485079713718274,7.569526503329641,7.4697253526237155,7.508110523223877,49300,0.0,0.0
2019-04-26 00:00:00-04:00,7.569530145411089,7.569530145411089,7.469728946685791,7.469728946685791,36600,0.0,0.0
2019-04-29 00:00:00-04:00,7.485082254411723,7.485082254411723,7.477405071258545,7.477405071258545,26500,0.0,0.0
2019-04-30 00:00:00-04:00,7.485082044814484,7.5234672273690295,7.477404861876282,7.4927592277526855,59800,0.0,0.0
2019-05-01 00:00:00-04:00,7.52346096331985,7.538814584276334,7.492752989271028,7.515783786773682,45600,0.0,0.0
2019-05-02 00:00:00-04:00,7.523464252548438,7.523464252548438,7.5004334449768075,7.500433444976807,34500,0.0,0.0
2019-05-03 00:00:00-04:00,7.5234672273690295,7.5234672273690295,7.477404861876282,7.4927592277526855,39800,0.0,0.0
2019-05-06 00:00:00-04:00,7.523464884318434,7.531142064865714,7.492756894265552,7.508110523223877,27000,0.0,0.0
2019-05-07 00:00:00-04:00,7.515790044430829,7.554175226985374,7.4927592277526855,7.4927592277526855,32900,0.0,0.0
2019-05-08 00:00:00-04:00,7.546495386297738,7.546495386297738,7.492756588929156,7.531141757965088,31200,0.0,0.0
2019-05-09 00:00:00-04:00,7.554172240022669,7.554172240022669,7.5004334449768075,7.500433444976807,21300,0.0,0.0
2019-05-10 00:00:00-04:00,7.508110217261806,7.53881820606331,7.508110217261806,7.531141757965088,22400,0.0,0.0
2019-05-13 00:00:00-04:00,7.554172720156105,7.554172720156105,7.515787550339561,7.538818359375,38600,0.0,0.0
2019-05-14 00:00:00-04:00,7.545746851945457,7.561145953178679,7.49954807963664,7.5534467697143555,49200,0.029,0.0
2019-05-15 00:00:00-04:00,7.545748156417475,7.591946202408209,7.545748156417475,7.568847179412842,53800,0.0,0.0
2019-05-16 00:00:00-04:00,7.584249887179709,7.668946826411678,7.553450933431267,7.607348918914795,58600,0.0,0.0
2019-05-17 00:00:00-04:00,7.576545569897392,7.622743606567383,7.576545569897392,7.622743606567383,10100,0.0,0.0
2019-05-20 00:00:00-04:00,7.561148607957222,7.615047316959195,7.561148607957222,7.591947555541992,43400,0.0,0.0
2019-05-21 00:00:00-04:00,7.615044423325419,7.66124245999541,7.576545569897392,7.622743606567383,55100,0.0,0.0
2019-05-22 00:00:00-04:00,7.653547550483237,7.6843465065177865,7.584250450134277,7.584250450134277,35400,0.0,0.0
2019-05-23 00:00:00-04:00,7.645849184888008,7.684347333344776,7.584251266191045,7.638149261474609,38900,0.0,0.0
2019-05-24 00:00:00-04:00,7.692047256758174,7.738246062933454,7.622749414647813,7.638149261474609,46900,0.0,0.0
2019-05-28 00:00:00-04:00,7.676648574204778,7.6997476114336365,7.64584961313125,7.668948650360107,42900,0.0,0.0
2019-05-29 00:00:00-04:00,7.707446533010354,7.707446533010354,7.638148696030042,7.661247730255127,54400,0.0,0.0
2019-05-30 00:00:00-04:00,7.707445663034179,7.715145585008434,7.661246865493631,7.676646709442139,31100,0.0,0.0
2019-05-31 00:00:00-04:00,7.668945872581611,7.715144664610759,7.599648051690335,7.645846843719482,105500,0.0,0.0
2019-06-03 00:00:00-04:00,7.6227483320131,7.722845119255516,7.6227483320131,7.653547286987305,32300,0.0,0.0
2019-06-04 00:00:00-04:00,7.676643200188658,7.722841242305543,7.661243363279937,7.684342384338379,29200,0.0,0.0
2019-06-05 00:00:00-04:00,7.699745094163219,7.722844123840332,7.6843452515085335,7.722844123840332,39500,0.0,0.0
2019-06-06 00:00:00-04:00,7.715146409493301,7.730545520782471,7.668947607015683,7.730545520782471,30400,0.0,0.0
2019-06-07 00:00:00-04:00,7.730543704319477,7.753642732978129,7.684344912697291,7.745943546295166,43500,0.0,0.0
2019-06-10 00:00:00-04:00,7.761342653965974,7.7767424959416624,7.69974475467298,7.745943546295166,50500,0.0,0.0
2019-06-11 00:00:00-04:00,7.761337793733674,7.776737626065824,7.699739933013916,7.699739933013916,30300,0.0,0.0
2019-06-12 00:00:00-04:00,7.79214247683439,7.79214247683439,7.738244492489195,7.769043445587158,27200,0.0,0.0
2019-06-13 00:00:00-04:00,7.775990023992563,7.791434250880229,7.7219367027282715,7.7219367027282715,58700,0.029,0.0
2019-06-14 00:00:00-04:00,7.745103884742106,7.791435838424202,7.721938276111768,7.760548114776611,50200,0.0,0.0
2019-06-17 00:00:00-04:00,7.768267733165396,7.791433334350586,7.737380019444748,7.791433334350586,17900,0.0,0.0
2019-06-18 00:00:00-04:00,7.791436053567639,7.791436053567639,7.729660604566665,7.75282621383667,39000,0.0,0.0
2019-06-19 00:00:00-04:00,7.775990023992563,7.783712137436396,7.706492475840605,7.7219367027282715,105000,0.0,0.0
2019-06-20 00:00:00-04:00,7.721937606380559,7.7451032130017206,7.675605656716878,7.706493377685547,62500,0.0,0.0
2019-06-21 00:00:00-04:00,7.737380664488859,7.737380664488859,7.706492211771943,7.714214324951172,17700,0.0,0.0
2019-06-24 00:00:00-04:00,7.7451023066385005,7.752824420082334,7.7219367027282715,7.7219367027282715,21000,0.0,0.0
2019-06-25 00:00:00-04:00,7.721936438130401,7.721936438130401,7.714214324951172,7.714214324951172,45100,0.0,0.0
2019-06-26 00:00:00-04:00,7.7451040986061885,7.791436053567639,7.721938489336183,7.75282621383667,76300,0.0,0.0
2019-06-27 00:00:00-04:00,7.737385490035048,7.760551107599104,7.721941254044541,7.729663372039795,40500,0.0,0.0
2019-06-28 00:00:00-04:00,7.745105401880037,7.78371524810791,7.745105401880037,7.78371524810791,29300,0.0,0.0
2019-07-01 00:00:00-04:00,7.791440925145511,7.791440925145511,7.76827530139126,7.775996685028076,33900,0.0,0.0
2019-07-02 00:00:00-04:00,7.79143514544937,7.799157259779813,7.745103195888064,7.7682695388793945,43000,0.0,0.0
2019-07-03 00:00:00-04:00,7.760551578277329,7.799161434173584,7.760551578277329,7.799161434173584,17100,0.0,0.0
2019-07-05 00:00:00-04:00,7.814602298775464,7.860934257507324,7.791436687620284,7.860934257507324,12900,0.0,0.0
2019-07-08 00:00:00-04:00,7.853214790575292,7.876380409544345,7.783717197246382,7.799161434173584,83600,0.0,0.0
2019-07-09 00:00:00-04:00,7.822327642045797,7.8995466232299805,7.822327642045797,7.8995466232299805,41900,0.0,0.0
2019-07-10 00:00:00-04:00,7.914988428534196,8.12348116013404,7.8841006982699495,7.891822814941406,49700,0.0,0.0
2019-07-11 00:00:00-04:00,7.969037375231744,7.992203712463379,7.8918184603898105,7.992203712463379,43400,0.0,0.0
2019-07-12 00:00:00-04:00,7.952714803515613,7.952714803515613,7.751380083264172,7.852047443389893,76300,0.029,0.0
2019-07-15 00:00:00-04:00,7.9062487614292465,8.014659881591797,7.9062487614292465,8.014659881591797,18500,0.0,0.0
2019-07-16 00:00:00-04:00,7.975942796341559,8.022404184623664,7.898506164550781,7.898506164550781,26100,0.0,0.0
2019-07-17 00:00:00-04:00,7.937224598377327,7.975942914847992,7.8443010819420085,7.867531776428223,36000,0.0,0.0
2019-07-18 00:00:00-04:00,7.875274905691185,7.960454603760632,7.875274905691185,7.9372239112854,19300,0.0,0.0
2019-07-19 00:00:00-04:00,7.952714600374174,8.037894331309042,7.898508645696818,7.991432189941406,31800,0.0,0.0
2019-07-22 00:00:00-04:00,7.952712102200507,7.952712102200507,7.890762353673614,7.898506164550781,27300,0.0,0.0
2019-07-23 00:00:00-04:00,7.921735927769628,7.921735927769628,7.8752745449474295,7.906249046325684,21200,0.0,0.0
2019-07-24 00:00:00-04:00,7.9139937863051175,7.9372244804461705,7.859787848655393,7.898506164550781,55800,0.0,0.0
2019-07-25 00:00:00-04:00,7.921737862491412,7.937225486208256,7.883020280180394,7.913994789123535,43900,0.0,0.0
2019-07-26 00:00:00-04:00,7.921738326085796,8.037893295288086,7.867533116885747,8.037893295288086,43500,0.0,0.0
2019-07-29 00:00:00-04:00,8.037891139755882,8.092096334419649,7.975942134857177,7.975942134857178,43700,0.0,0.0
2019-07-30 00:00:00-04:00,8.014663320004793,8.107586860656738,8.014663320004793,8.107586860656738,45700,0.0,0.0
2019-07-31 00:00:00-04:00,8.115330954745097,8.123074768728316,8.030151216401931,8.05338191986084,46200,0.0,0.0
2019-08-01 00:00:00-04:00,8.092099486940894,8.092099486940894,8.022406644656307,8.045638084411621,45900,0.0,0.0
2019-08-02 00:00:00-04:00,8.01466223419976,8.130816459655762,8.006918422238543,8.130816459655762,50100,0.0,0.0
2019-08-05 00:00:00-04:00,8.14630303514992,8.169533729553223,8.099840907852856,8.169533729553223,61500,0.0,0.0
2019-08-06 00:00:00-04:00,8.169534635976653,8.185021521133663,8.130816315348316,8.154047012329102,46300,0.0,0.0
2019-08-07 00:00:00-04:00,8.192763442085402,8.262456255433353,8.130814438773973,8.161788940429688,117900,0.0,0.0
2019-08-08 00:00:00-04:00,8.215995261302297,8.215995261302297,8.115327932482623,8.146303176879883,47600,0.0,0.0
2019-08-09 00:00:00-04:00,8.215997545006523,8.215997545006523,8.030150457908078,8.045638084411621,86400,0.0,0.0
2019-08-12 00:00:00-04:00,8.169535693725837,8.169535693725837,8.061124529628081,8.11532974243164,50700,0.0,0.0
2019-08-13 00:00:00-04:00,8.17727725839368,8.215994834899902,8.138558943397024,8.215994834899902,55900,0.0,0.0
2019-08-14 00:00:00-04:00,8.230748746869565,8.246278075859895,8.184159278869629,8.184159278869629,33800,0.029,0.0
2019-08-15 00:00:00-04:00,8.191926878359979,8.238515620431501,8.129808061921482,8.168632507324219,30700,0.0,0.0
2019-08-16 00:00:00-04:00,8.16086828054771,8.238516438549254,8.114278793334961,8.114278793334961,64100,0.0,0.0
2019-08-19 00:00:00-04:00,8.153100098220305,8.207453861910471,8.145335063260427,8.17639446258545,20600,0.0,0.0
2019-08-20 00:00:00-04:00,8.191926878359979,8.222986286579228,8.16086747014073,8.168632507324219,27500,0.0,0.0
2019-08-21 00:00:00-04:00,8.160865133180184,8.222983931830226,8.160865133180184,8.17639446258545,50200,0.0,0.0
2019-08-22 00:00:00-04:00,8.207457542453398,8.238516955706668,8.106514264251567,8.129809379577637,42200,0.0,0.0
2019-08-23 00:00:00-04:00,8.129807551508272,8.21522073362004,8.098748145239023,8.153101921081543,36100,0.0,0.0
2019-08-26 00:00:00-04:00,8.160865133180184,8.215218896870349,8.106510628975528,8.17639446258545,41500,0.0,0.0
2019-08-27 00:00:00-04:00,8.215219551714167,8.222984587293006,8.129806381890608,8.160865783691406,33700,0.0,0.0
2019-08-28 00:00:00-04:00,8.215226399167758,8.246285826856827,8.199697055580808,8.2074613571167,29100,0.0,0.0
2019-08-29 00:00:00-04:00,8.269578709360367,8.27734375,8.23075498719227,8.27734375,45200,0.0,0.0
2019-08-30 00:00:00-04:00,8.308397259846387,8.308397259846387,8.191924695193087,8.230749130249023,48900,0.0,0.0
2019-09-03 00:00:00-04:00,8.308402061462402,8.308402061462402,8.230753886990378,8.308402061462402,48700,0.0,0.0
2019-09-04 00:00:00-04:00,8.323932140665768,8.323932140665768,8.30063702186072,8.308402061462402,33000,0.0,0.0
2019-09-05 00:00:00-04:00,8.347229151975089,8.347229151975089,8.090988688411485,8.2074613571167,79900,0.0,0.0
2019-09-06 00:00:00-04:00,8.199691915543466,8.222986286579228,8.16086747014073,8.168632507324219,19100,0.0,0.0
2019-09-09 00:00:00-04:00,8.222983712117163,8.222983712117163,8.11427544712696,8.184159278869629,61300,0.0,0.0
2019-09-10 00:00:00-04:00,8.19192431362203,8.19192431362203,8.122040481879361,8.184159278869629,26000,0.0,0.0
2019-09-11 00:00:00-04:00,8.207457098942953,8.222987174987793,8.184162725390475,8.222987174987793,30400,0.0,0.0
2019-09-12 00:00:00-04:00,8.245566042814717,8.245566042814717,7.9964084810266876,8.04312515258789,49300,0.029,0.0
2019-09-13 00:00:00-04:00,8.03533974205027,8.043126102412677,7.809540489377872,7.832899570465088,97100,0.0,0.0
2019-09-16 00:00:00-04:00,7.825110381764944,7.88739975705369,7.793965694120571,7.879613399505615,68500,0.0,0.0
2019-09-17 00:00:00-04:00,7.848468726693679,7.980833835069396,7.848468726693679,7.9029717445373535,43400,0.0,0.0
2019-09-18 00:00:00-04:00,7.902973575953395,7.973049325161833,7.902973575953395,7.934118270874023,25700,0.0,0.0
2019-09-19 00:00:00-04:00,7.980835923391006,8.011980619243777,7.96526320419056,8.004194259643555,30400,0.0,0.0
2019-09-20 00:00:00-04:00,8.027551105960505,8.097626095230106,7.996406418769156,8.058695793151855,31100,0.0,0.0
2019-09-23 00:00:00-04:00,8.089841853960436,8.113200187683105,8.035338085210153,8.113200187683105,25700,0.0,0.0
2019-09-24 00:00:00-04:00,8.097627481424256,8.14434489148257,8.097627481424256,8.136558532714844,43300,0.0,0.0
2019-09-25 00:00:00-04:00,8.136560108293608,8.214422225952148,8.128773748018117,8.214422225952148,42300,0.0,0.0
2019-09-26 00:00:00-04:00,8.214426602263098,8.245571317409508,8.214426602263098,8.229998588562012,20800,0.0,0.0
2019-09-27 00:00:00-04:00,8.229994210702012,8.237780570983887,8.206635872404576,8.237780570983887,35400,0.0,0.0
2019-09-30 00:00:00-04:00,8.237780398658499,8.253353118896484,8.214422060849692,8.253353118896484,20400,0.0,0.0
2019-10-01 00:00:00-04:00,8.253353118896484,8.284497816824283,8.214422060849692,8.253353118896484,50900,0.0,0.0
2019-10-02 00:00:00-04:00,8.253353676778618,8.28449837681163,8.214422616100297,8.222208976745605,26900,0.0,0.0
2019-10-03 00:00:00-04:00,8.253351795237148,8.300068463362416,8.214420743434056,8.292282104492188,22900,0.0,0.0
2019-10-04 00:00:00-04:00,8.300068282225617,8.300068282225617,8.253351615119872,8.284496307373047,57100,0.0,0.0
2019-10-07 00:00:00-04:00,8.300070767120069,8.323429107666016,8.261139704511319,8.323429107666016,22800,0.0,0.0
2019-10-08 00:00:00-04:00,8.331214506941965,8.331214506941965,8.2767114711105,8.300069808959961,56100,0.0,0.0
2019-10-09 00:00:00-04:00,8.300070355554025,8.300070355554025,8.214422616100297,8.222208976745605,27400,0.0,0.0
2019-10-10 00:00:00-04:00,8.222211632343328,8.245569979275276,8.144349485838887,8.152135848999023,34000,0.0,0.0
2019-10-11 00:00:00-04:00,8.127929319704588,8.127929319704588,8.042043685913086,8.042043685913086,23500,0.029,0.0
2019-10-14 00:00:00-04:00,8.127927629680752,8.143543602365327,8.042042013747276,8.057657241821289,15600,0.0,0.0
2019-10-15 00:00:00-04:00,8.057658359001985,8.11231352636528,8.057658359001985,8.10450553894043,29100,0.0,0.0
2019-10-16 00:00:00-04:00,8.11230824395868,8.143539428710938,8.08888429693685,8.143539428710938,15000,0.0,0.0
2019-10-17 00:00:00-04:00,8.127928181098257,8.190390586853027,8.127928181098257,8.190390586853027,33700,0.0,0.0
2019-10-18 00:00:00-04:00,8.166970571896407,8.166970571896407,8.112316131591797,8.112316131591797,11800,0.0,0.0
2019-10-21 00:00:00-04:00,8.104502931201583,8.143542111153767,8.088886961376542,8.096694946289062,32800,0.0,0.0
2019-10-22 00:00:00-04:00,8.096697944627973,8.182583576639283,8.096697944627973,8.16696834564209,15800,0.0,0.0
2019-10-23 00:00:00-04:00,8.15915915029943,8.198198338930743,8.13573593496488,8.174775123596191,12700,0.0,0.0
2019-10-24 00:00:00-04:00,8.18258422322145,8.221623420715332,8.159161002569425,8.221623420715332,15800,0.0,0.0
2019-10-25 00:00:00-04:00,8.22943075885226,8.276277941065239,8.151352370034198,8.16696834564209,41100,0.0,0.0
2019-10-28 00:00:00-04:00,8.166968990990354,8.221623420715332,8.096698584423518,8.221623420715332,37800,0.0,0.0
2019-10-29 00:00:00-04:00,8.221622371870545,8.229430359295396,8.10450553894043,8.10450553894043,32900,0.0,0.0
2019-10-30 00:00:00-04:00,8.159158856907696,8.229429244995117,8.15135087054008,8.229429244995117,15200,0.0,0.0
2019-10-31 00:00:00-04:00,8.229428308261632,8.237236293740487,8.166965913651753,8.206005096435547,23500,0.0,0.0
2019-11-01 00:00:00-04:00,8.213815131915036,8.276277542114258,8.166967951960286,8.276277542114258,27200,0.0,0.0
2019-11-04 00:00:00-05:00,8.26066044585502,8.26066044585502,8.166966843275313,8.229429244995117,29200,0.0,0.0
2019-11-05 00:00:00-05:00,8.252853116721292,8.28408432006836,8.245045874342493,8.28408432006836,22900,0.0,0.0
2019-11-06 00:00:00-05:00,8.28408432006836,8.307508281036627,8.252853116721292,8.28408432006836,8000,0.0,0.0
2019-11-07 00:00:00-05:00,8.323122571154144,8.323122571154144,8.229428971686112,8.260660171508789,20200,0.0,0.0
2019-11-08 00:00:00-05:00,8.237237380474685,8.393393387600959,8.237237380474685,8.299699783325195,21900,0.0,0.0
2019-11-11 00:00:00-05:00,8.354351869295643,8.354351869295643,8.213811874389648,8.213811874389648,11300,0.0,0.0
2019-11-12 00:00:00-05:00,8.252851342893882,8.252851342893882,8.15134976767951,8.159157752990723,22800,0.0,0.0
2019-11-13 00:00:00-05:00,8.190389804477164,8.252852204265299,8.190389804477164,8.237236976623535,17300,0.0,0.0
2019-11-14 00:00:00-05:00,8.19730432476355,8.28342663979753,8.19730432476355,8.244279861450195,18800,0.029,0.0
2019-11-15 00:00:00-05:00,8.197308334987085,8.197308334987085,8.087697451324106,8.119014739990234,89000,0.0,0.0
2019-11-18 00:00:00-05:00,8.087695486412981,8.17381782265559,8.009401910437607,8.048548698425293,68600,0.0,0.0
2019-11-19 00:00:00-05:00,8.009400172489869,8.072035467676756,8.001571413921384,8.056376457214355,26900,0.0,0.0
2019-11-20 00:00:00-05:00,8.064205768141834,8.11118130507175,8.048546758056732,8.103352546691895,38800,0.0,0.0
2019-11-21 00:00:00-05:00,8.04855049787098,8.079867785930283,8.01723320981168,8.032892227172852,62700,0.0,0.0
2019-11-22 00:00:00-05:00,8.017234682699181,8.087698780443693,8.017234682699181,8.079869270324707,54400,0.0,0.0
2019-11-25 00:00:00-05:00,8.040718193414671,8.064205962445556,8.017229677721069,8.056376457214355,35000,0.0,0.0
2019-11-26 00:00:00-05:00,8.040725091248401,8.087700669608742,8.009407043457031,8.009407043457031,43000,0.0,0.0
2019-11-27 00:00:00-05:00,8.001576962421177,8.032894258399484,7.962430155782487,7.970259666442871,63800,0.0,0.0
2019-11-29 00:00:00-05:00,7.954600645122102,8.017235237078713,7.954600645122102,7.970259666442871,18900,0.0,0.0
2019-12-02 00:00:00-05:00,8.025061241167286,8.064208030700684,7.985914451633889,8.064208030700684,68000,0.0,0.0
2019-12-03 00:00:00-05:00,8.072040557861328,8.119016125545635,8.064211047692881,8.072040557861328,36700,0.0,0.0
2019-12-04 00:00:00-05:00,8.11901431614501,8.150331603176252,8.079867520690206,8.08769702911377,28600,0.0,0.0
2019-12-05 00:00:00-05:00,8.103355729248229,8.205136348124487,8.025062141398655,8.197307586669922,43200,0.0,0.0
2019-12-06 00:00:00-05:00,8.119015049366872,8.212966918945312,8.119015049366872,8.212966918945312,29600,0.0,0.0
2019-12-09 00:00:00-05:00,8.228619738405678,8.36954706327813,8.197302472138187,8.236449241638184,101600,0.0,0.0
2019-12-10 00:00:00-05:00,8.259940689849305,8.346063023842794,8.252111183123663,8.306916236877441,44700,0.0,0.0
2019-12-11 00:00:00-05:00,8.330405614299531,8.377381166161713,8.322576106768189,8.369551658630371,26600,0.0,0.0
2019-12-12 00:00:00-05:00,8.415872464427556,8.423722522523358,8.33736589391638,8.384469985961914,35800,0.029,0.0
2019-12-13 00:00:00-05:00,8.400170214428794,8.43942349671045,8.345216068450926,8.368767738342285,30000,0.0,0.0
2019-12-16 00:00:00-05:00,8.384468120271046,8.384468120271046,8.337364038706994,8.34521484375,33900,0.0,0.0
2019-12-17 00:00:00-05:00,8.415870708707187,8.415870708707187,8.329513349421953,8.376617431640625,43100,0.0,0.0
2019-12-18 00:00:00-05:00,8.37661997331999,8.37661997331999,8.2824125289917,8.2824125289917,19600,0.0,0.0
2019-12-19 00:00:00-05:00,8.329518187708814,8.36092067786373,8.227459907531738,8.227459907531738,37400,0.0,0.0
2019-12-20 00:00:00-05:00,8.243153854479077,8.329510434853402,8.180348932626163,8.266705513000488,25700,0.0,0.0
2019-12-23 00:00:00-05:00,8.321665817968707,8.35306829941147,8.243159240014691,8.2824125289917,28000,0.0,0.0
2019-12-24 00:00:00-05:00,8.28240711781058,8.28240711781058,8.251004656884122,8.266705513000488,17600,0.0,0.0
2019-12-26 00:00:00-05:00,8.282411464834809,8.282411464834809,8.251008987426758,8.251008987426758,20500,0.0,0.0
2019-12-27 00:00:00-05:00,8.243158340454102,8.258859953809102,8.2353075337766,8.243158340454102,18500,0.0,0.0
2019-12-30 00:00:00-05:00,8.251008576171138,8.298111915588379,8.227456157768438,8.298111915588379,24200,0.0,0.0
2019-12-31 00:00:00-05:00,8.360917091369629,8.392319568054155,8.211755514291655,8.360917091369629,39300,0.0,0.0
2020-01-02 00:00:00-05:00,8.345214685828218,8.37661715671201,8.313812214944424,8.353065490722656,14400,0.0,0.0
2020-01-03 00:00:00-05:00,8.337366104125977,8.353067718101753,8.329515297138087,8.337366104125977,17500,0.0,0.0
2020-01-06 00:00:00-05:00,8.36091289577986,8.37661450058995,8.251004656884122,8.266705513000488,41300,0.0,0.0
2020-01-07 00:00:00-05:00,8.33736589391638,8.384469985961914,8.33736589391638,8.384469985961914,29900,0.0,0.0
2020-01-08 00:00:00-05:00,8.400168694173248,8.423720359802246,8.360915418995615,8.423720359802246,51900,0.0,0.0
2020-01-09 00:00:00-05:00,8.384472975763984,8.384472975763984,8.25886301711042,8.3059663772583,109700,0.0,0.0
2020-01-10 00:00:00-05:00,8.305960931497959,8.329512596130371,8.282409266865544,8.329512596130371,27100,0.0,0.0
2020-01-13 00:00:00-05:00,8.329515087126433,8.384469985961914,8.29026255056499,8.384469985961914,22000,0.0,0.0
2020-01-14 00:00:00-05:00,8.44666043864263,8.454532623291016,8.430916820078707,8.454532623291016,31800,0.029,0.0
2020-01-15 00:00:00-05:00,8.454526043058815,8.454526043058815,8.407294473394947,8.415165901184082,40100,0.0,0.0
2020-01-16 00:00:00-05:00,8.454528407835106,8.454528407835106,8.383680282790445,8.446656227111816,27500,0.0,0.0
2020-01-17 00:00:00-05:00,8.407301411115927,8.47027738979049,8.399429226098386,8.46240520477295,52900,0.0,0.0
2020-01-21 00:00:00-05:00,8.462400450162944,8.462400450162944,8.375808715820312,8.375808715820312,45400,0.0,0.0
2020-01-22 00:00:00-05:00,8.375808314555789,8.423039894395398,8.367936134338379,8.367936134338379,19700,0.0,0.0
2020-01-23 00:00:00-05:00,8.462400044750023,8.462400044750023,8.367936134338379,8.367936134338379,33100,0.0,0.0
2020-01-24 00:00:00-05:00,8.423045030418127,8.46240520477295,8.367941236761103,8.46240520477295,42200,0.0,0.0
2020-01-27 00:00:00-05:00,8.46240520477295,8.478149574808032,8.383684856063303,8.46240520477295,62600,0.0,0.0
2020-01-28 00:00:00-05:00,8.423043013946986,8.501763343811035,8.423043013946986,8.501763343811035,25500,0.0,0.0
2020-01-29 00:00:00-05:00,8.541121082263695,8.541121082263695,8.509633109410153,8.533248901367188,37500,0.0,0.0
2020-01-30 00:00:00-05:00,8.541119728871239,8.564735517086207,8.423039286331656,8.438783645629883,55100,0.0,0.0
2020-01-31 00:00:00-05:00,8.501763741791514,8.517507358061684,8.46240357501698,8.509635925292969,38800,0.0,0.0
2020-02-03 00:00:00-05:00,8.517507358061684,8.517507358061684,8.46240357501698,8.509635925292969,18700,0.0,0.0
2020-02-04 00:00:00-05:00,8.501754698296047,8.517498297819419,8.462394573389707,8.47813892364502,25600,0.0,0.0
2020-02-05 00:00:00-05:00,8.517507516213538,8.517507516213538,8.470275915793298,8.493891716003418,12000,0.0,0.0
2020-02-06 00:00:00-05:00,8.4702730178833,8.517504602144335,8.4702730178833,8.4702730178833,17400,0.0,0.0
2020-02-07 00:00:00-05:00,8.525379699861162,8.54112406715641,8.470275915793298,8.493891716003418,37700,0.0,0.0
2020-02-10 00:00:00-05:00,8.501763899651042,8.533251883508786,8.470275915793298,8.493891716003418,56100,0.0,0.0
2020-02-11 00:00:00-05:00,8.509626873423704,8.525370472947076,8.470266748517364,8.47813892364502,38700,0.0,0.0
2020-02-12 00:00:00-05:00,8.50963759701396,8.533253401424917,8.470277422507108,8.486021041870117,25900,0.0,0.0
2020-02-13 00:00:00-05:00,8.52469774264369,8.52469774264369,8.469444561189954,8.485231399536133,32600,0.029,0.0
2020-02-14 00:00:00-05:00,8.540480337338723,8.595733496207911,8.524694258202937,8.58784008026123,68600,0.0,0.0
2020-02-18 00:00:00-05:00,8.595735605535117,8.595735605535117,8.47733659555343,8.524696350097656,38700,0.0,0.0
2020-02-19 00:00:00-05:00,8.548373461353643,8.59573320265879,8.540480045676528,8.572052955627441,35600,0.0,0.0
2020-02-20 00:00:00-05:00,8.587840171916438,8.603626251220703,8.564160676581249,8.603626251220703,40000,0.0,0.0
2020-02-21 00:00:00-05:00,8.603623538972082,8.611516952514648,8.572050637559165,8.611516952514648,27100,0.0,0.0
2020-02-24 00:00:00-05:00,8.619415370669085,8.643094872288247,8.611521952543436,8.635201454162598,32500,0.0,0.0
2020-02-25 00:00:00-05:00,8.666775223591307,8.666775223591307,8.532590866088867,8.532590866088867,39200,0.0,0.0
2020-02-26 00:00:00-05:00,8.524695250972378,8.564161582544378,8.48522891940038,8.516801834106445,31600,0.0,0.0
2020-02-27 00:00:00-05:00,8.57205161135952,8.57205161135952,8.501013139678369,8.540478706359863,35900,0.0,0.0
2020-02-28 00:00:00-05:00,8.264216127569338,8.398401164471455,8.248429298400879,8.248429298400879,52000,0.0,0.0
2020-03-02 00:00:00-05:00,8.248425608764427,8.579941345435968,8.248425608764427,8.548368453979492,55600,0.0,0.0
2020-03-03 00:00:00-05:00,8.595734405029983,8.666772897788238,8.56416149066265,8.658880233764648,41000,0.0,0.0
2020-03-04 00:00:00-05:00,8.63520007606478,8.643093492930713,8.44576258782838,8.516801834106445,54100,0.0,0.0
2020-03-05 00:00:00-05:00,8.572055351884122,8.635201189437916,8.516802932213992,8.524696350097656,23100,0.0,0.0
2020-03-06 00:00:00-05:00,8.524694574800625,8.524694574800625,8.4457619179175,8.469441413879395,32300,0.0,0.0
2020-03-09 00:00:00-04:00,8.508902902448709,8.508902902448709,8.185280548268288,8.303679466247559,60500,0.0,0.0
2020-03-10 00:00:00-04:00,8.429977195438925,8.429977195438925,8.185286521911621,8.185286521911621,45100,0.0,0.0
2020-03-11 00:00:00-04:00,8.21685910772703,8.21685910772703,7.995848695647397,8.082674026489258,78000,0.0,0.0
2020-03-12 00:00:00-04:00,7.225576504852412,7.573796722849329,7.217662220301916,7.375944137573242,124900,0.027,0.0
2020-03-13 00:00:00-04:00,7.692506712074772,7.692506712074772,7.447169238501184,7.494654178619385,75100,0.0,0.0
2020-03-16 00:00:00-04:00,7.399687031633509,7.6925087688714555,7.368030648006372,7.391772747039795,77300,0.0,0.0
2020-03-17 00:00:00-04:00,7.463000138179332,7.494656523245668,7.304717458099897,7.478827953338623,175900,0.0,0.0
2020-03-18 00:00:00-04:00,7.478828479929633,7.478828479929633,6.916927039377369,7.3680315017700195,165400,0.0,0.0
2020-03-19 00:00:00-04:00,7.2809743443889205,7.304716441196551,6.932754157135612,7.0831217765808105,246800,0.0,0.0
2020-03-20 00:00:00-04:00,7.29680511790017,7.787479543824337,7.122694594266473,7.217663764953613,165100,0.0,0.0
2020-03-23 00:00:00-04:00,7.083121644170123,7.122692307941548,6.92483974383206,6.988152503967285,120500,0.0,0.0
2020-03-24 00:00:00-04:00,7.075208477682022,7.502570053451437,7.075208477682022,7.478827953338623,73200,0.0,0.0
2020-03-25 00:00:00-04:00,7.3205420149165885,8.02489713995274,7.3205420149165885,7.803301811218262,64000,0.0,0.0
2020-03-26 00:00:00-04:00,7.708334228557548,8.032812250300593,7.708334228557548,7.771646976470947,137700,0.0,0.0
2020-03-27 00:00:00-04:00,7.700422665043257,7.914103830752497,7.645024179747271,7.676680564880371,35800,0.0,0.0
2020-03-30 00:00:00-04:00,7.842877778417362,7.914104842761875,7.716252221692828,7.890362739562988,42500,0.0,0.0
2020-03-31 00:00:00-04:00,7.914100646972656,8.143609535544964,7.858702183963032,7.914100646972656,42200,0.0,0.0
2020-04-01 00:00:00-04:00,7.961589138739014,8.016987626490646,7.518398972482592,7.637110233306885,53500,0.0,0.0
2020-04-02 00:00:00-04:00,7.5342264775650065,7.700421917315013,7.5342264775650065,7.542140007019043,32800,0.0,0.0
2020-04-03 00:00:00-04:00,7.581711070971168,7.581711070971168,7.43134343698953,7.4629998207092285,28700,0.0,0.0
2020-04-06 00:00:00-04:00,7.470911996838044,7.550053319170627,7.34428648490398,7.360115051269531,54500,0.0,0.0
2020-04-07 00:00:00-04:00,7.486740433590135,7.550053188461071,7.439255490063147,7.502568244934082,31600,0.0,0.0
2020-04-08 00:00:00-04:00,7.447173524130809,7.7162532452372155,7.447173524130809,7.700424671173096,31300,0.0,0.0
2020-04-09 00:00:00-04:00,7.937850582423543,7.937850582423543,7.827053546905518,7.827053546905518,17500,0.0,0.0
2020-04-13 00:00:00-04:00,7.890360974331825,7.890360974331825,7.550054300707143,7.668765544891357,56900,0.0,0.0
2020-04-14 00:00:00-04:00,7.809238317309719,7.809238317309719,7.698130997334218,7.777493476867676,19500,0.027,0.0
2020-04-15 00:00:00-04:00,7.833043582370466,7.833043582370466,7.634638220840748,7.729872703552246,57200,0.0,0.0
2020-04-16 00:00:00-04:00,7.698131392171484,7.777493875775444,7.698131392171484,7.769557476043701,26900,0.0,0.0
2020-04-17 00:00:00-04:00,7.912406586054921,7.912406586054921,7.7616180768506515,7.840980529785156,37100,0.0,0.0
2020-04-20 00:00:00-04:00,7.888599197203121,7.98383446521143,7.777492645954453,7.936216831207275,66900,0.0,0.0
2020-04-21 00:00:00-04:00,7.920340697509823,7.920340697509823,7.809234193068983,7.833042621612549,34100,0.0,0.0
2020-04-22 00:00:00-04:00,7.936216827716423,7.936216827716423,7.658448936003702,7.721938610076904,69100,0.0,0.0
2020-04-23 00:00:00-04:00,7.706063880257515,7.721935914807523,7.602893006685235,7.634637832641602,74300,0.0,0.0
2020-04-24 00:00:00-04:00,7.602899898516648,7.634644753248901,7.499728931422563,7.547346591949463,69400,0.0,0.0
2020-04-27 00:00:00-04:00,7.547340851575407,7.547340851575407,7.4521063598123165,7.4600419998168945,80200,0.0,0.0
2020-04-28 00:00:00-04:00,7.483850493187456,7.531467356204675,7.467977700944122,7.523530960083008,36400,0.0,0.0
2020-04-29 00:00:00-04:00,7.555282100816238,7.706069953737178,7.507664445924024,7.5949625968933105,65800,0.0,0.0
2020-04-30 00:00:00-04:00,7.666384361500605,7.666384361500605,7.5552778244018555,7.5552778244018555,41000,0.0,0.0
2020-05-01 00:00:00-04:00,7.602894942893645,7.618767738342285,7.547341672536492,7.618767738342285,49100,0.0,0.0
2020-05-04 00:00:00-04:00,7.634639776934382,7.634639776934382,7.5870229043015485,7.618767738342285,51200,0.0,0.0
2020-05-05 00:00:00-04:00,7.634638645856357,7.706064701080322,7.587021780278002,7.706064701080322,48500,0.0,0.0
2020-05-06 00:00:00-04:00,7.729872568318524,7.817171410252401,7.706064137271275,7.80129861831665,53800,0.0,0.0
2020-05-07 00:00:00-04:00,7.840982043447051,7.888598918914795,7.761619575192023,7.888598918914795,34800,0.0,0.0
2020-05-08 00:00:00-04:00,7.833044133120417,7.86478896292293,7.793362906653164,7.840980529785156,33500,0.0,0.0
2020-05-11 00:00:00-04:00,7.77749087018013,7.840980529785156,7.77749087018013,7.840980529785156,22400,0.0,0.0
2020-05-12 00:00:00-04:00,7.8171728875260476,7.8568533611514075,7.8171728875260476,7.825108528137207,5900,0.0,0.0
2020-05-13 00:00:00-04:00,7.825111686548563,7.833048087219573,7.706068703910709,7.7457499504089355,21100,0.0,0.0
2020-05-14 00:00:00-04:00,7.791108609726522,7.791108609726522,7.679693095479664,7.7831501960754395,48200,0.027,0.0
2020-05-15 00:00:00-04:00,7.838860515476548,7.838860515476548,7.727444970205052,7.830902099609375,56400,0.0,0.0
2020-05-18 00:00:00-04:00,7.878651076899795,7.878651076899795,7.799069195096992,7.830902099609375,28000,0.0,0.0
2020-05-19 00:00:00-04:00,7.846816941442212,7.846816941442212,7.775193486742291,7.807026386260986,43200,0.0,0.0
2020-05-20 00:00:00-04:00,7.799068777924043,7.910483558279641,7.799068777924043,7.902525901794434,33500,0.0,0.0
2020-05-21 00:00:00-04:00,7.910486642619456,7.926403479708467,7.854779230721047,7.870696067810059,21000,0.0,0.0
2020-05-22 00:00:00-04:00,7.838860833069772,7.942317207709343,7.838860833069772,7.934359550476074,29300,0.0,0.0
2020-05-26 00:00:00-04:00,7.942311108943136,8.037810511973404,7.910478227584966,8.005977630615234,20700,0.0,0.0
2020-05-27 00:00:00-04:00,8.04576988501958,8.04576988501958,7.9582296322885355,8.021895408630371,28400,0.0,0.0
2020-05-28 00:00:00-04:00,8.045768163096128,8.077601044454298,7.9582279291001,8.005977630615234,29000,0.0,0.0
2020-05-29 00:00:00-04:00,8.109440272381018,8.117398688687876,8.045774459838867,8.045774459838867,40900,0.0,0.0
2020-06-01 00:00:00-04:00,8.17310353179462,8.17310353179462,8.109436986096476,8.133312225341797,41600,0.0,0.0
2020-06-02 00:00:00-04:00,8.196978012083898,8.204936425165672,8.125353812260023,8.133312225341797,26700,0.0,0.0
2020-06-03 00:00:00-04:00,8.196978976948595,8.196978976948595,8.085563457557198,8.117396354675293,31600,0.0,0.0
2020-06-04 00:00:00-04:00,8.181063521807996,8.181063521807996,8.037815840215682,8.069648742675781,26300,0.0,0.0
2020-06-05 00:00:00-04:00,8.061690327321692,8.07760639907361,8.037815840215682,8.069648742675781,33800,0.0,0.0
2020-06-08 00:00:00-04:00,8.053731911967601,8.125356132241889,8.053731911967601,8.069648742675781,29200,0.0,0.0
2020-06-09 00:00:00-04:00,8.141269682400445,8.204936226557482,8.117395202689073,8.157186508178711,39700,0.0,0.0
2020-06-10 00:00:00-04:00,8.053731714650791,8.157188834850473,8.053731714650791,8.077606201171875,47000,0.0,0.0
2020-06-11 00:00:00-04:00,8.133309156047915,8.133309156047915,7.998019220536753,8.005977630615234,30300,0.0,0.0
2020-06-12 00:00:00-04:00,8.163179504777622,8.163179504777622,7.979647966820056,8.067423820495605,42500,0.027,0.0
2020-06-15 00:00:00-04:00,8.091361888117056,8.107320785522461,8.011565118094842,8.107320785522461,64100,0.0,0.0
2020-06-16 00:00:00-04:00,8.075400880889378,8.203075082800945,7.995604885193783,8.195096015930176,57700,0.0,0.0
2020-06-17 00:00:00-04:00,8.19509691569631,8.19509691569631,8.147218704223633,8.147218704223633,61500,0.0,0.0
2020-06-18 00:00:00-04:00,8.171159781737801,8.171159781737801,8.123282317480728,8.139241218566895,18900,0.0,0.0
2020-06-19 00:00:00-04:00,8.179137258205966,8.179137258205966,8.12327997898647,8.147218704223633,16800,0.0,0.0
2020-06-22 00:00:00-04:00,8.13923887547846,8.163177600715622,8.12327997898647,8.147218704223633,36300,0.0,0.0
2020-06-23 00:00:00-04:00,8.155200880651634,8.19509927486491,8.139241218566895,8.139241218566895,19800,0.0,0.0
2020-06-24 00:00:00-04:00,8.21903564093347,8.21903564093347,8.13125904673329,8.147218704223633,38500,0.0,0.0
2020-06-25 00:00:00-04:00,8.179137258205966,8.179137258205966,8.147218704223633,8.147218704223633,13300,0.0,0.0
2020-06-26 00:00:00-04:00,8.187117086951137,8.187117086951137,8.12327997898647,8.147218704223633,11400,0.0,0.0
2020-06-29 00:00:00-04:00,8.147218704223633,8.155198532968804,8.1153001502413,8.147218704223633,45900,0.0,0.0
2020-06-30 00:00:00-04:00,8.163179073764281,8.163179073764281,8.123281444835587,8.155200004577637,54300,0.0,0.0
2020-07-01 00:00:00-04:00,8.155198532968804,8.155198532968804,8.107320321496127,8.147218704223633,66900,0.0,0.0
2020-07-02 00:00:00-04:00,8.171162306798555,8.171162306798555,8.059447681677504,8.083386421203613,58700,0.0,0.0
2020-07-06 00:00:00-04:00,8.11530545961319,8.1552038684439,8.107325625647276,8.123285293579102,18400,0.0,0.0
2020-07-07 00:00:00-04:00,8.131260030625183,8.139239860335923,8.115301132202148,8.115301132202148,24200,0.0,0.0
2020-07-08 00:00:00-04:00,8.147220174392501,8.155200004577637,8.131260514022232,8.155200004577637,113700,0.0,0.0
2020-07-09 00:00:00-04:00,8.17914095915818,8.25893776072018,8.147222390733122,8.2429780960083,90700,0.0,0.0
2020-07-10 00:00:00-04:00,8.25095631134295,8.3626708984375,8.219037749173287,8.3626708984375,39400,0.0,0.0
2020-07-13 00:00:00-04:00,8.378629684448242,8.402568413324236,8.354690955572247,8.378629684448242,50100,0.0,0.0
2020-07-14 00:00:00-04:00,8.360227857939002,8.376228660543719,8.328227015689828,8.336227416992188,17900,0.027,0.0
2020-07-15 00:00:00-04:00,8.34422779083252,8.392228672568171,8.30422654741264,8.34422779083252,39100,0.0,0.0
2020-07-16 00:00:00-04:00,8.352230682223341,8.392231941223145,8.304229781792023,8.392231941223145,23500,0.0,0.0
2020-07-17 00:00:00-04:00,8.400233211007876,8.512236595153809,8.36023194788714,8.512236595153809,40400,0.0,0.0
2020-07-20 00:00:00-04:00,8.4882351582495,8.544237230343027,8.424233444108854,8.520236015319824,20600,0.0,0.0
2020-07-21 00:00:00-04:00,8.472229054612276,8.576231956481934,8.472229054612276,8.576231956481934,21500,0.0,0.0
2020-07-22 00:00:00-04:00,8.60023747459993,8.648239135742188,8.584236666565673,8.648239135742188,26200,0.0,0.0
2020-07-23 00:00:00-04:00,8.600240097652023,8.67224222984562,8.600240097652023,8.656241416931152,10600,0.0,0.0
2020-07-24 00:00:00-04:00,8.688237450141838,8.688237450141838,8.520232822734881,8.560234069824219,43700,0.0,0.0
2020-07-27 00:00:00-04:00,8.608237919904639,8.608237919904639,8.520235001215168,8.536235809326172,38300,0.0,0.0
2020-07-28 00:00:00-04:00,8.560236258532154,8.584236707738134,8.496234552009188,8.536235809326172,31400,0.0,0.0
2020-07-29 00:00:00-04:00,8.520230950587383,8.560232188887262,8.520230950587383,8.552231788635254,24400,0.0,0.0
2020-07-30 00:00:00-04:00,8.560236258532154,8.560236258532154,8.536235809326172,8.536235809326172,29300,0.0,0.0
2020-07-31 00:00:00-04:00,8.560234317340043,8.560234317340043,8.53623387357661,8.544234275817871,26700,0.0,0.0
2020-08-03 00:00:00-04:00,8.648234024157857,8.648234024157857,8.544231122288197,8.576231956481934,75300,0.0,0.0
2020-08-04 00:00:00-04:00,8.624236441596036,8.624236441596036,8.560234746378878,8.584235191345215,63800,0.0,0.0
2020-08-05 00:00:00-04:00,8.624235759983028,8.624235759983028,8.536233626754749,8.560234069824219,35600,0.0,0.0
2020-08-06 00:00:00-04:00,8.584232626683125,8.584232626683125,8.552231788635254,8.552231788635254,16600,0.0,0.0
2020-08-07 00:00:00-04:00,8.576235522915086,8.592235565185547,8.560234717684237,8.592235565185547,33400,0.0,0.0
2020-08-10 00:00:00-04:00,8.58423451289369,8.600235316913558,8.552233667814287,8.560234069824219,13300,0.0,0.0
2020-08-11 00:00:00-04:00,8.55223709531391,8.584237953218372,8.512236595153809,8.512236595153809,39300,0.0,0.0
2020-08-12 00:00:00-04:00,8.544232720852964,8.55223235867802,8.472230639705968,8.496231079101562,37000,0.0,0.0
2020-08-13 00:00:00-04:00,8.437682445617325,8.654238527066815,8.421640857781433,8.501847267150879,71300,0.027,0.0
2020-08-14 00:00:00-04:00,8.509867296163817,8.54997050084854,8.485805679314986,8.501847267150879,24500,0.0,0.0
2020-08-17 00:00:00-04:00,8.533928964211867,8.533928964211867,8.453722561550208,8.461743354797363,13300,0.0,0.0
2020-08-18 00:00:00-04:00,8.453720967006344,8.533927354539447,8.453720967006344,8.525906562805176,19900,0.0,0.0
2020-08-19 00:00:00-04:00,8.485807533691817,8.549972369247111,8.373518689017468,8.41362190246582,59300,0.0,0.0
2020-08-20 00:00:00-04:00,8.437684289477936,8.445704320243467,8.397581076029585,8.41362190246582,28900,0.0,0.0
2020-08-21 00:00:00-04:00,8.429662041648141,8.541950102073702,8.39757962939726,8.493826866149902,42700,0.0,0.0
2020-08-24 00:00:00-04:00,8.549969522574473,8.59809351567087,8.389557487094683,8.517887115478516,63300,0.0,0.0
2020-08-25 00:00:00-04:00,8.501849544339416,8.509869575500488,8.397581490193332,8.509869575500488,28100,0.0,0.0
2020-08-26 00:00:00-04:00,8.485804708382558,8.517887115478516,8.485804708382558,8.517887115478516,22500,0.0,0.0
2020-08-27 00:00:00-04:00,8.501847267150879,8.501847267150879,8.437682445617325,8.501847267150879,19900,0.0,0.0
2020-08-28 00:00:00-04:00,8.44570150828638,8.517887115478516,8.44570150828638,8.517887115478516,27600,0.0,0.0
2020-08-31 00:00:00-04:00,8.517891750726378,8.541953377915918,8.461747698982332,8.485809326171875,34500,0.0,0.0
2020-09-01 00:00:00-04:00,8.566011108574912,8.57403113667021,8.485804708382558,8.517887115478516,49500,0.0,0.0
2020-09-02 00:00:00-04:00,8.557994972645838,8.566015770010798,8.485809326171875,8.485809326171875,43600,0.0,0.0
2020-09-03 00:00:00-04:00,8.533930028955883,8.533930028955883,8.389558792114258,8.389558792114258,20800,0.0,0.0
2020-09-04 00:00:00-04:00,8.461745656574003,8.461745656574003,8.381539232094473,8.45372486114502,27100,0.0,0.0
2020-09-08 00:00:00-04:00,8.437689105172167,8.437689105172167,8.381544268338516,8.39758586883545,33700,0.0,0.0
2020-09-09 00:00:00-04:00,8.42966068719086,8.525907908478734,8.42966068719086,8.517887115478516,16100,0.0,0.0
2020-09-10 00:00:00-04:00,8.501847558772852,8.566012382507324,8.501847558772852,8.566012382507324,13200,0.0,0.0
2020-09-11 00:00:00-04:00,8.582050634335594,8.646215438842773,8.533927413407614,8.646215438842773,26400,0.0,0.0
2020-09-14 00:00:00-04:00,8.68401020248816,8.71617317199707,8.65184723297925,8.71617317199707,20700,0.027,0.0
2020-09-15 00:00:00-04:00,8.772460210833525,8.772460210833525,8.627726431073942,8.659890174865723,40900,0.0,0.0
2020-09-16 00:00:00-04:00,8.708132092813324,8.716173026762988,8.675969123840332,8.675969123840332,25000,0.0,0.0
2020-09-17 00:00:00-04:00,8.700093894881848,8.740297810447888,8.531238062965198,8.635767936706543,27300,0.0,0.0
2020-09-18 00:00:00-04:00,8.684009655887545,8.684009655887545,8.515153884887695,8.515153884887695,21300,0.0,0.0
2020-09-21 00:00:00-04:00,8.547315234007602,8.555356166062642,8.474948379163223,8.482989311218262,15300,0.0,0.0
2020-09-22 00:00:00-04:00,8.523198629721017,8.555361611587566,8.41062780977511,8.418668746948242,30600,0.0,0.0
2020-09-23 00:00:00-04:00,8.458872218774449,8.458872218774449,8.402586428364291,8.410627365112305,17400,0.0,0.0
2020-09-24 00:00:00-04:00,8.450830983444497,8.603604942129317,8.39454519502301,8.539278984069824,38900,0.0,0.0
2020-09-25 00:00:00-04:00,8.539277722438465,8.603603670994152,8.50711474816062,8.571440696716309,23300,0.0,0.0
2020-09-28 00:00:00-04:00,8.627724731951291,8.68401050567627,8.378461901261053,8.68401050567627,22300,0.0,0.0
2020-09-29 00:00:00-04:00,8.692051440040654,8.692051440040654,8.643806600680058,8.68401050567627,12900,0.0,0.0
2020-09-30 00:00:00-04:00,8.692048629950149,8.692048629950149,8.659885669716425,8.667925834655762,39600,0.0,0.0
2020-10-01 00:00:00-04:00,8.708132092813324,8.708132092813324,8.635765220917676,8.675969123840332,30200,0.0,0.0
2020-10-02 00:00:00-04:00,8.651849809663323,8.684012788750975,8.61164589409728,8.635767936706543,21800,0.0,0.0
2020-10-05 00:00:00-04:00,8.635767921159065,8.684012773116638,8.523197877967904,8.539278984069824,27500,0.0,0.0
2020-10-06 00:00:00-04:00,8.539278984069824,8.571441963099572,8.482993962474245,8.539278984069824,28100,0.0,0.0
2020-10-07 00:00:00-04:00,8.547315234007602,8.547315234007602,8.482989311218262,8.482989311218262,19900,0.0,0.0
2020-10-08 00:00:00-04:00,8.523195324836562,8.547317360176617,8.466909553275531,8.507113456726074,10800,0.0,0.0
2020-10-09 00:00:00-04:00,8.49907070526124,8.49907070526124,8.43474478022586,8.450826644897461,32500,0.0,0.0
2020-10-12 00:00:00-04:00,8.49103140462424,8.49103140462424,8.386501574088243,8.39454174041748,45200,0.0,0.0
2020-10-13 00:00:00-04:00,8.434745639366032,8.434745639366032,8.362378774623757,8.39454174041748,30100,0.0,0.0
2020-10-14 00:00:00-04:00,8.41630850918392,8.424370292212162,8.343754768371582,8.343754768371582,36700,0.027,0.0
2020-10-15 00:00:00-04:00,8.376001507510933,8.376001507510933,8.335693359375,8.335693359375,29600,0.0,0.0
2020-10-16 00:00:00-04:00,8.327633060717979,8.36794121604045,8.279263889382307,8.287324905395508,49900,0.0,0.0
2020-10-19 00:00:00-04:00,8.279264826816787,8.311511200963094,8.27120304107666,8.27120304107666,37800,0.0,0.0
2020-10-20 00:00:00-04:00,8.311509507486205,8.311509507486205,8.263139571715058,8.303447723388672,25800,0.0,0.0
2020-10-21 00:00:00-04:00,8.319569419286857,8.35987756561412,8.27926204177354,8.343754768371582,22100,0.0,0.0
2020-10-22 00:00:00-04:00,8.319573768328269,8.367943722969075,8.27120458250181,8.295389175415039,26300,0.0,0.0
2020-10-23 00:00:00-04:00,8.327633582629419,8.327633582629419,8.214770894415967,8.222832679748535,53300,0.0,0.0
2020-10-26 00:00:00-04:00,8.24701402323175,8.255075805393473,8.206706650050863,8.230891227722168,23300,0.0,0.0
2020-10-27 00:00:00-04:00,8.247017266932072,8.255079052264641,8.222832679748535,8.222832679748535,61300,0.0,0.0
2020-10-28 00:00:00-04:00,8.230895618627919,8.247018422738474,8.21477204570309,8.238957405090332,32100,0.0,0.0
2020-10-29 00:00:00-04:00,8.28732658623627,8.37600469969428,8.230895618627919,8.238957405090332,95100,0.0,0.0
2020-10-30 00:00:00-04:00,8.23895300988389,8.27926115187864,8.222829445560446,8.230891227722168,22300,0.0,0.0
2020-11-02 00:00:00-05:00,8.303448995445882,8.303448995445882,8.222832679748535,8.222832679748535,12800,0.0,0.0
2020-11-03 00:00:00-05:00,8.222834574670415,8.238958149051168,8.166403601966461,8.206711769104004,38600,0.0,0.0
2020-11-04 00:00:00-05:00,8.222832679748535,8.311510780778448,8.19058630723243,8.222832679748535,63200,0.0,0.0
2020-11-05 00:00:00-05:00,8.230894465081102,8.287325424780745,8.222832679748535,8.222832679748535,61200,0.0,0.0
2020-11-06 00:00:00-05:00,8.255079469596405,8.303449415222966,8.222833095450099,8.27120304107666,81400,0.0,0.0
2020-11-09 00:00:00-05:00,8.287322165226499,8.311507511711666,8.230891227722168,8.230891227722168,53000,0.0,0.0
2020-11-10 00:00:00-05:00,8.222832679748535,8.255079052264641,8.222832679748535,8.222832679748535,25100,0.0,0.0
2020-11-11 00:00:00-05:00,8.255075805393473,8.263137587555194,8.230891227722168,8.230891227722168,30200,0.0,0.0
2020-11-12 00:00:00-05:00,8.252712827262796,8.29312783352151,8.228464131848417,8.236546516418457,22000,0.027,0.0
2020-11-13 00:00:00-05:00,8.26888311834347,8.285049438476562,8.260800729129498,8.285049438476562,20200,0.0,0.0
2020-11-16 00:00:00-05:00,8.28504998727044,8.32546501942765,8.28504998727044,8.317381858825684,5900,0.0,0.0
2020-11-17 00:00:00-05:00,8.34163207079265,8.365881556962062,8.30930019341953,8.349715232849121,17800,0.0,0.0
2020-11-18 00:00:00-05:00,8.38204560193617,8.38204560193617,8.28504998727044,8.317381858825684,42200,0.0,0.0
2020-11-19 00:00:00-05:00,8.317378031176283,8.373958587646484,8.317378031176283,8.373958587646484,21600,0.0,0.0
2020-11-20 00:00:00-05:00,8.40629582553889,8.40629582553889,8.32546651753247,8.349715232849121,73700,0.0,0.0
2020-11-23 00:00:00-05:00,8.406293500785983,8.406293500785983,8.33354737495391,8.382044792175293,23600,0.0,0.0
2020-11-24 00:00:00-05:00,8.382042132975737,8.382042132975737,8.325461573883436,8.333544731140137,24100,0.0,0.0
2020-11-25 00:00:00-05:00,8.341631842868871,8.398213204865394,8.325466290050393,8.390130043029785,20100,0.0,0.0
2020-11-27 00:00:00-05:00,8.382046110269021,8.422461144877218,8.35779739784517,8.406294822692871,37700,0.0,0.0
2020-11-30 00:00:00-05:00,8.38204548622164,8.48712426003872,8.373962325731261,8.47904109954834,33500,0.0,0.0
2020-12-01 00:00:00-05:00,8.487123892413502,8.511372601981677,8.430543313136903,8.454792022705078,73900,0.0,0.0
2020-12-02 00:00:00-05:00,8.438623035529089,8.479038052605226,8.406291176038645,8.470954895019531,27000,0.0,0.0
2020-12-03 00:00:00-05:00,8.470957939057962,8.503290581019474,8.41437735733054,8.47904109954834,33900,0.0,0.0
2020-12-04 00:00:00-05:00,8.479039960493122,8.479039960493122,8.414376226962103,8.462874412536621,24900,0.0,0.0
2020-12-07 00:00:00-05:00,8.487128499357388,8.503294828413221,8.430547889367965,8.4467134475708,28700,0.0,0.0
2020-12-08 00:00:00-05:00,8.446706356496174,8.527536392211914,8.446706356496174,8.527536392211914,28200,0.0,0.0
2020-12-09 00:00:00-05:00,8.511372970657241,8.511372970657241,8.47904109954834,8.47904109954834,42400,0.0,0.0
2020-12-10 00:00:00-05:00,8.495204532096087,8.527536392211914,8.487121374354045,8.527536392211914,23200,0.0,0.0
2020-12-11 00:00:00-05:00,8.479039376857449,8.503288853401804,8.438624353469312,8.487122535705566,37300,0.0,0.0
2020-12-14 00:00:00-05:00,8.509002512284482,8.509002512284482,8.436068081381974,8.476587295532227,38900,0.027,0.0
2020-12-15 00:00:00-05:00,8.509000957384059,8.54141616821289,8.468481750638121,8.54141616821289,14300,0.0,0.0
2020-12-16 00:00:00-05:00,8.541420468731946,8.55762846872672,8.476590014432803,8.525213241577148,69200,0.0,0.0
2020-12-17 00:00:00-05:00,8.62245544525114,8.662973883215445,8.549521020371925,8.646766662597656,35500,0.0,0.0
2020-12-18 00:00:00-05:00,8.646766939113448,8.646766939113448,8.56572851491397,8.573832511901855,13300,0.0,0.0
2020-12-21 00:00:00-05:00,8.509000368807953,8.662972416384607,8.484689155577858,8.606245994567871,39300,0.0,0.0
2020-12-22 00:00:00-05:00,8.581934781337775,8.711595615684333,8.53331158203805,8.606245994567871,27800,0.0,0.0
2020-12-23 00:00:00-05:00,8.654870936101332,8.695389375361382,8.533313299802117,8.573832511901855,42500,0.0,0.0
2020-12-24 00:00:00-05:00,8.606248895425924,8.695390555875758,8.598144897337813,8.687287330627441,6200,0.0,0.0
2020-12-28 00:00:00-05:00,8.695390807141683,8.695390807141683,8.419861819742263,8.53331470489502,41100,0.0,0.0
2020-12-29 00:00:00-05:00,8.59814036356517,8.784528357110933,8.573829154959856,8.719697952270508,60900,0.0,0.0
2020-12-30 00:00:00-05:00,8.816946983337402,8.88177741335285,8.776427771367826,8.816946983337402,82400,0.0,0.0
2020-12-31 00:00:00-05:00,8.881779961562048,8.881779961562048,8.67108061714173,8.752119064331055,46600,0.0,0.0
2021-01-04 00:00:00-05:00,8.800739040580211,8.800739040580211,8.565728537197968,8.630558967590332,23700,0.0,0.0
2021-01-05 00:00:00-05:00,8.662974314722694,8.662974314722694,8.47658701771591,8.549521446228027,40600,0.0,0.0
2021-01-06 00:00:00-05:00,8.581937674001386,8.71970255014009,8.581937674001386,8.687287330627441,21100,0.0,0.0
2021-01-07 00:00:00-05:00,8.711597392000632,8.711597392000632,8.549521316019723,8.630558967590332,20600,0.0,0.0
2021-01-08 00:00:00-05:00,8.630560584568803,8.711599024162059,8.541418919288091,8.703495025634766,18400,0.0,0.0
2021-01-11 00:00:00-05:00,8.703489964640708,8.776424363296034,8.606244357380069,8.719697952270508,73900,0.0,0.0
2021-01-12 00:00:00-05:00,8.662976617854815,8.792638287925717,8.662976617854815,8.752119064331055,37900,0.0,0.0
2021-01-13 00:00:00-05:00,8.792636673729323,8.792636673729323,8.630559809105558,8.735909461975098,54300,0.0,0.0
2021-01-14 00:00:00-05:00,8.782219092515374,8.782219092515374,8.700977166029547,8.741598129272461,28800,0.027,0.0
2021-01-15 00:00:00-05:00,8.717223976717195,8.830962504361846,8.652230753714631,8.774093627929688,23200,0.0,0.0
2021-01-19 00:00:00-05:00,8.774094262904125,8.847211837768555,8.749721996209445,8.847211837768555,33400,0.0,0.0
2021-01-20 00:00:00-05:00,8.87970622936266,8.920326405427948,8.863457539112387,8.912202835083008,27200,0.0,0.0
2021-01-21 00:00:00-05:00,8.936574283106777,8.936574283106777,8.839084474810136,8.871581077575684,47900,0.0,0.0
2021-01-22 00:00:00-05:00,8.904081340829384,8.936577956954363,8.863460376978049,8.895956993103027,25400,0.0,0.0
2021-01-25 00:00:00-05:00,8.936577956954363,8.936577956954363,8.855336029251692,8.895956993103027,10300,0.0,0.0
2021-01-26 00:00:00-05:00,8.855335410146521,8.912205065474627,8.774094262904125,8.847211837768555,26000,0.0,0.0
2021-01-27 00:00:00-05:00,8.692849808803457,8.936574729098542,8.65222885962425,8.757843017578125,89300,0.0,0.0
2021-01-28 00:00:00-05:00,8.8228357860373,8.904077680341231,8.741594666513496,8.871581077575684,32000,0.0,0.0
2021-01-29 00:00:00-05:00,8.936576685436096,8.936576685436096,8.733472669858003,8.774093627929688,30400,0.0,0.0
2021-02-01 00:00:00-05:00,8.895955067092753,8.904079413060154,8.692851066589355,8.692851066589355,37700,0.0,0.0
2021-02-02 00:00:00-05:00,8.73347411042191,8.765970727283424,8.262272778539723,8.676605224609375,48700,0.0,0.0
2021-02-03 00:00:00-05:00,8.73347444413835,8.741598792359284,8.603487971725356,8.611612319946289,42300,0.0,0.0
2021-02-04 00:00:00-05:00,8.61161039731453,8.668479272603525,8.57911378646649,8.587237358093262,25300,0.0,0.0
2021-02-05 00:00:00-05:00,8.611611039901122,8.709100879719806,8.611611039901122,8.668479919433594,24400,0.0,0.0
2021-02-08 00:00:00-05:00,8.709101374415518,8.709101374415518,8.570990566465632,8.57911491394043,24200,0.0,0.0
2021-02-09 00:00:00-05:00,8.579108753813708,8.684722096030002,8.579108753813708,8.66034984588623,29800,0.0,0.0
2021-02-10 00:00:00-05:00,8.67660600796234,8.774095867348592,8.652232962030379,8.70097827911377,43000,0.0,0.0
2021-02-11 00:00:00-05:00,8.731111928863266,8.796269416809082,8.731111928863266,8.796269416809082,19100,0.027,0.0
2021-02-12 00:00:00-05:00,8.788122861358643,8.828846477746302,8.771833880846605,8.820701599121094,22000,0.0,0.0
2021-02-16 00:00:00-05:00,8.812556759629187,8.820701638290561,8.73925440515357,8.763689041137695,23300,0.0,0.0
2021-02-17 00:00:00-05:00,8.779977982733437,8.926582691033653,8.7636890022214,8.820701599121094,23500,0.0,0.0
2021-02-18 00:00:00-05:00,8.763689679531863,8.869570779627548,8.763689679531863,8.853281021118164,18600,0.0,0.0
2021-02-19 00:00:00-05:00,8.877713425203686,8.894003181039723,8.853279568187938,8.861424446105957,17300,0.0,0.0
2021-02-22 00:00:00-05:00,8.885860539748325,8.885860539748325,8.755545567212165,8.771835327148438,21300,0.0,0.0
2021-02-23 00:00:00-05:00,8.77183562641377,8.77183562641377,8.551928520202637,8.551928520202637,33900,0.0,0.0
2021-02-24 00:00:00-05:00,8.511202614970157,8.551926228549009,8.372742794845061,8.429756164550781,69400,0.0,0.0
2021-02-25 00:00:00-05:00,8.389038127652839,8.503063389386845,8.193565584618392,8.217999458312988,114700,0.0,0.0
2021-02-26 00:00:00-05:00,8.266865396175685,8.405325278035773,8.25872129121937,8.315733909606934,47100,0.0,0.0
2021-03-01 00:00:00-05:00,8.511206182670412,8.511206182670412,8.283154938468709,8.291299819946289,74500,0.0,0.0
2021-03-02 00:00:00-05:00,8.291295579952386,8.332018413038192,8.217993237616737,8.2261381149292,78600,0.0,0.0
2021-03-03 00:00:00-05:00,8.22614367365854,8.22614367365854,8.160986164605855,8.185420036315918,73700,0.0,0.0
2021-03-04 00:00:00-05:00,8.191945804788505,8.191945804788505,8.077715204239766,8.094034194946289,92600,0.018,0.0
2021-03-05 00:00:00-05:00,8.110351847822002,8.167467533220949,8.06955593013565,8.126670837402344,76900,0.0,0.0
2021-03-08 00:00:00-05:00,8.118510786832667,8.20010417288413,8.118510786832667,8.159307479858398,80900,0.0,0.0
2021-03-09 00:00:00-05:00,8.167468179472642,8.22458309125856,8.167468179472642,8.183786392211914,65700,0.0,0.0
2021-03-10 00:00:00-05:00,8.200103903253506,8.232741100974497,8.175626199495808,8.208263397216797,124200,0.0,0.0
2021-03-11 00:00:00-05:00,8.249061866392667,8.28169907422492,8.232743651542748,8.265380859375,52200,0.0,0.0
2021-03-12 00:00:00-05:00,8.232741100974497,8.257218804732195,8.191944409290215,8.208263397216797,51400,0.0,0.0
2021-03-15 00:00:00-04:00,8.208260914886404,8.273535290588201,8.208260914886404,8.249056816101074,57400,0.0,0.0
2021-03-16 00:00:00-04:00,8.257216307596783,8.265375799092492,8.232738611241594,8.249056816101074,50500,0.0,0.0
2021-03-17 00:00:00-04:00,8.223745393079664,8.240078926086426,8.223745393079664,8.240078926086426,46900,0.009,0.0
2021-03-18 00:00:00-04:00,8.207409806055658,8.240076081968473,8.166576766458276,8.191076278686523,76600,0.0,0.0
2021-03-19 00:00:00-04:00,8.223742554599339,8.223742554599339,8.166576766458276,8.191076278686523,46800,0.0,0.0
2021-03-22 00:00:00-04:00,8.215578531687102,8.223744518496321,8.191078234782534,8.207411766052246,58100,0.0,0.0
2021-03-23 00:00:00-04:00,8.207411766052246,8.207411766052246,8.191078234782534,8.207411766052246,55400,0.0,0.0
2021-03-24 00:00:00-04:00,8.240075561386389,8.248242324555006,8.223742035049156,8.231908798217773,81700,0.0,0.0
2021-03-25 00:00:00-04:00,8.223742035049156,8.25640830889822,8.223742035049156,8.231908798217773,28000,0.0,0.0
2021-03-26 00:00:00-04:00,8.248245692589805,8.280911979777606,8.231912159583045,8.240078926086426,43500,0.0,0.0
2021-03-29 00:00:00-04:00,8.240076567743161,8.28090960974776,8.240076567743161,8.24824333190918,56000,0.0,0.0
2021-03-30 00:00:00-04:00,8.289074381272176,8.338074180267478,8.272741634157331,8.329907417297363,32400,0.0,0.0
2021-03-31 00:00:00-04:00,8.329911278500331,8.354410799941668,8.305411757058994,8.346244812011719,61100,0.0,0.0
2021-04-01 00:00:00-04:00,8.338077545166016,8.411576883907527,8.313578025194078,8.338077545166016,91500,0.0,0.0
2021-04-05 00:00:00-04:00,8.354408766238192,8.378909060541197,8.33807601552841,8.36257553100586,40000,0.0,0.0
2021-04-06 00:00:00-04:00,8.378909037228581,8.411575317382812,8.378909037228581,8.411575317382812,42900,0.0,0.0
2021-04-07 00:00:00-04:00,8.387077576362028,8.444243384019668,8.362577276943854,8.427909851074219,58400,0.0,0.0
2021-04-08 00:00:00-04:00,8.436076617546943,8.444243384019668,8.419743863427211,8.427909851074219,54400,0.0,0.0
2021-04-09 00:00:00-04:00,8.427909851074219,8.468742904612126,8.427909851074219,8.427909851074219,30500,0.0,0.0
2021-04-12 00:00:00-04:00,8.444241597537044,8.45240836228199,8.36257550773869,8.411575317382812,53900,0.0,0.0
2021-04-13 00:00:00-04:00,8.411574743160166,8.444241021084409,8.395241214785296,8.436074256896973,25500,0.0,0.0
2021-04-14 00:00:00-04:00,8.466369390415702,8.466369390415702,8.417241178756267,8.425429344177246,35700,0.027,0.0
2021-04-15 00:00:00-04:00,8.441804879119646,8.490932305280877,8.425428549821662,8.45818042755127,43900,0.0,0.0
2021-04-16 00:00:00-04:00,8.47455755583668,8.482744940391225,8.400865628780746,8.425429344177246,33700,0.0,0.0
2021-04-19 00:00:00-04:00,8.441805675019202,8.458181224994725,8.400865628780746,8.425429344177246,25700,0.0,0.0
2021-04-20 00:00:00-04:00,8.449995053045287,8.449995053045287,8.400867610662438,8.433619499206543,44700,0.0,0.0
2021-04-21 00:00:00-04:00,8.433620532205907,8.466372424761657,8.400868639650158,8.441808700561523,46700,0.0,0.0
2021-04-22 00:00:00-04:00,8.41724309625855,8.44999498453712,8.400867542552572,8.409055709838867,50800,0.0,0.0
2021-04-23 00:00:00-04:00,8.433617509598223,8.449993059573746,8.38448929793879,8.425429344177246,39500,0.0,0.0
2021-04-26 00:00:00-04:00,8.40905752300879,8.441809418349358,8.400869353956953,8.417244911193848,59600,0.0,0.0
2021-04-27 00:00:00-04:00,8.384487067661869,8.409051557390638,8.376298904418945,8.376298904418945,77200,0.0,0.0
2021-04-28 00:00:00-04:00,8.409054511480806,8.409054511480806,8.351738129511396,8.384490013122559,48600,0.0,0.0
2021-04-29 00:00:00-04:00,8.400866273133472,8.400866273133472,8.34354989165685,8.359926223754883,45100,0.0,0.0
2021-04-30 00:00:00-04:00,8.392681184905117,8.425433080245684,8.368117458616386,8.417244911193848,66700,0.0,0.0
2021-05-03 00:00:00-04:00,8.425430062853136,8.425430062853136,8.359926295630812,8.384490013122559,100600,0.0,0.0
2021-05-04 00:00:00-04:00,8.392679375266276,8.41724309625855,8.376303040693685,8.409055709838867,27400,0.0,0.0
2021-05-05 00:00:00-04:00,8.433619873274436,8.507311820983887,8.425431705558575,8.507311820983887,63600,0.0,0.0
2021-05-06 00:00:00-04:00,8.499119674808254,8.531871549473813,8.482743347042332,8.490931510925293,56400,0.0,0.0
2021-05-07 00:00:00-04:00,8.515498979499451,8.54825086861804,8.458183368758577,8.466371536254883,34100,0.0,0.0
2021-05-10 00:00:00-04:00,8.507305316995945,8.556432723999023,8.490928994084214,8.556432723999023,45800,0.0,0.0
2021-05-11 00:00:00-04:00,8.540068551079667,8.924903281431106,8.523692206366622,8.531880378723145,107700,0.0,0.0
2021-05-12 00:00:00-04:00,8.572816175943203,8.581003563341527,8.433620438904518,8.449995994567871,74900,0.0,0.0
2021-05-13 00:00:00-04:00,8.513205451948005,8.554252886958611,8.480367660522461,8.480367660522461,40600,0.027,0.0
2021-05-14 00:00:00-04:00,8.537833676320522,8.537833676320522,8.496787023856683,8.513205528259277,30200,0.0,0.0
2021-05-17 00:00:00-04:00,8.504999214566292,8.513208861439269,8.480371056862372,8.488580703735352,44400,0.0,0.0
2021-05-18 00:00:00-04:00,8.537836126913007,8.537836126913007,8.480370170637562,8.521417617797852,36100,0.0,0.0
2021-05-19 00:00:00-04:00,8.52141463234698,8.546042778848786,8.48036719956753,8.504995346069336,42500,0.0,0.0
2021-05-20 00:00:00-04:00,8.496786485845174,8.529624275485803,8.496786485845174,8.504995346069336,24400,0.0,0.0
2021-05-21 00:00:00-04:00,8.504994473858813,8.578879688701761,8.504994473858813,8.537832260131836,36500,0.0,0.0
2021-05-24 00:00:00-04:00,8.611721981452474,8.611721981452474,8.529627864267702,8.56246566772461,76100,0.0,0.0
2021-05-25 00:00:00-04:00,8.562463368768,8.619929313659668,8.562463368768,8.619929313659668,33700,0.0,0.0
2021-05-26 00:00:00-04:00,8.636350631713867,8.644559495116663,8.587093536722262,8.636350631713867,19900,0.0,0.0
2021-05-27 00:00:00-04:00,8.636352064485243,8.660980224609375,8.628142416805499,8.660980224609375,28900,0.0,0.0
2021-05-28 00:00:00-04:00,8.677397244633468,8.677397244633468,8.603511994053456,8.652769088745117,23500,0.0,0.0
2021-06-01 00:00:00-04:00,8.669188434069948,8.669188434069948,8.587093536722262,8.636350631713867,47300,0.0,0.0
2021-06-02 00:00:00-04:00,8.636350043711277,8.669187843831608,8.611721106434844,8.644558906555176,38700,0.0,0.0
2021-06-03 00:00:00-04:00,8.611715226735791,8.636344147196683,8.570667808882014,8.578877449035645,30900,0.0,0.0
2021-06-04 00:00:00-04:00,8.587092936043623,8.619930736102656,8.587092936043623,8.59530258178711,49700,0.0,0.0
2021-06-07 00:00:00-04:00,8.58708941261852,8.611717556828731,8.570670127868652,8.570670127868652,38400,0.0,0.0
2021-06-08 00:00:00-04:00,8.619927199203664,8.636346483953531,8.562461268408308,8.570670127868652,44000,0.0,0.0
2021-06-09 00:00:00-04:00,8.603511460676033,8.72665379831346,8.562464797711803,8.644558906555176,75200,0.0,0.0
2021-06-10 00:00:00-04:00,8.660978787752187,8.660978787752187,8.619931339078343,8.636350631713867,23400,0.0,0.0
2021-06-11 00:00:00-04:00,8.726655840217125,8.726655840217125,8.636352064485243,8.660980224609375,21200,0.0,0.0
2021-06-14 00:00:00-04:00,8.740813084825277,8.740813084825277,8.633816219139892,8.642046928405762,24900,0.027,0.0
2021-06-15 00:00:00-04:00,8.63381430418422,8.732580438697685,8.63381430418422,8.699658393859863,36600,0.0,0.0
2021-06-16 00:00:00-04:00,8.716119521091917,8.724350228260608,8.674966770171892,8.691428184509277,58000,0.0,0.0
2021-06-17 00:00:00-04:00,8.740815614036116,8.781968387349641,8.707893552370068,8.749046325683594,43500,0.0,0.0
2021-06-18 00:00:00-04:00,8.699658393859863,8.724350516180827,8.650275719064862,8.699658393859863,22300,0.0,0.0
2021-06-21 00:00:00-04:00,8.724355155098845,8.790199279785156,8.699663019648568,8.790199279785156,23300,0.0,0.0
2021-06-22 00:00:00-04:00,8.79019425895168,8.831346224682298,8.757272215413126,8.823116302490234,32400,0.0,0.0
2021-06-23 00:00:00-04:00,8.790195509284898,8.790195509284898,8.757273461063452,8.773734092712402,33500,0.0,0.0
2021-06-24 00:00:00-04:00,8.806652809605229,8.823114219950797,8.749039443242228,8.76550006866455,55400,0.0,0.0
2021-06-25 00:00:00-04:00,8.781964800998649,8.781964800998649,8.749042752777203,8.773734092712402,22100,0.0,0.0
2021-06-28 00:00:00-04:00,8.781968387349641,8.781968387349641,8.732584902388638,8.749046325683594,26600,0.0,0.0
2021-06-29 00:00:00-04:00,8.814882519416113,8.856035255709891,8.74903845531533,8.781960487365723,32700,0.0,0.0
2021-06-30 00:00:00-04:00,8.91365659465955,8.91365659465955,8.781968348576772,8.806659698486328,10600,0.0,0.0
2021-07-01 00:00:00-04:00,8.872500221951283,8.888961638495157,8.765503369186721,8.831347465515137,63300,0.0,0.0
2021-07-02 00:00:00-04:00,8.831352630031496,8.888966836703924,8.823122701870295,8.85604476928711,23700,0.0,0.0
2021-07-06 00:00:00-04:00,8.88896209578866,8.88896209578866,8.83134791984467,8.839578628540039,26600,0.0,0.0
2021-07-07 00:00:00-04:00,8.880728930831896,8.905420265165205,8.86426830291748,8.86426830291748,19300,0.0,0.0
2021-07-08 00:00:00-04:00,8.864270496084956,8.88896183652731,8.80665632182138,8.8725004196167,20100,0.0,0.0
2021-07-09 00:00:00-04:00,8.90542246851436,8.92188388542497,8.823117738731991,8.8725004196167,37400,0.0,0.0
2021-07-12 00:00:00-04:00,8.8725004196167,8.880731128072005,8.85603978762965,8.8725004196167,21500,0.0,0.0
2021-07-13 00:00:00-04:00,8.880731144732811,8.880731144732811,8.806656338343219,8.814887046813965,29100,0.0,0.0
2021-07-14 00:00:00-04:00,8.819010665805779,8.835510596326122,8.76126248250456,8.777762413024902,58000,0.025,0.0
2021-07-15 00:00:00-04:00,8.819010665805779,8.835510596326122,8.76126248250456,8.777762413024902,22400,0.0,0.0
2021-07-16 00:00:00-04:00,8.777762553341681,8.802511662757832,8.736513513141428,8.753012657165527,41800,0.0,0.0
2021-07-19 00:00:00-04:00,8.76126401274312,8.76126401274312,8.629267692565918,8.629267692565918,80600,0.0,0.0
2021-07-20 00:00:00-04:00,8.645765165113847,8.687014203872133,8.621016056562866,8.670515060424805,34900,0.0,0.0
2021-07-21 00:00:00-04:00,8.736514857697502,8.736514857697502,8.645766797938753,8.662266731262207,31800,0.0,0.0
2021-07-22 00:00:00-04:00,8.645763699386974,8.662263626797026,8.621014595031738,8.621014595031738,34600,0.0,0.0
2021-07-23 00:00:00-04:00,8.621017684713696,8.662266731262207,8.612767718051968,8.662266731262207,32300,0.0,0.0
2021-07-26 00:00:00-04:00,8.654016991959049,8.720015153466523,8.654016991959049,8.703516006469727,41100,0.0,0.0
2021-07-27 00:00:00-04:00,8.769515991210938,8.802515078825378,8.703517815982057,8.769515991210938,38000,0.0,0.0
2021-07-28 00:00:00-04:00,8.810764682348854,8.827263832092285,8.71176742360744,8.827263832092285,47300,0.0,0.0
2021-07-29 00:00:00-04:00,8.860262318795765,8.984009473919192,8.819013267087957,8.975759506225586,48100,0.0,0.0
2021-07-30 00:00:00-04:00,8.992257428986722,9.008757362124589,8.951009169662289,8.967508316040039,34400,0.0,0.0
2021-08-02 00:00:00-04:00,9.074757403082737,9.074757403082737,8.975760144005795,9.000509262084961,32600,0.0,0.0
2021-08-03 00:00:00-04:00,9.000508891857491,9.000508891857491,8.942760689794762,8.984009742736816,49900,0.0,0.0
2021-08-04 00:00:00-04:00,8.959261259351656,8.992260349585054,8.876763927148344,8.9345121383667,56100,0.0,0.0
2021-08-05 00:00:00-04:00,9.041757219790746,9.058256367588443,8.88501177529179,8.893260955810547,23400,0.0,0.0
2021-08-06 00:00:00-04:00,9.04175749326488,9.04175749326488,8.88501204402505,8.901511192321777,22100,0.0,0.0
2021-08-09 00:00:00-04:00,8.975759326557561,8.975759326557561,8.868512108968117,8.901511192321777,23500,0.0,0.0
2021-08-10 00:00:00-04:00,8.87676351147642,8.951011657714844,8.87676351147642,8.951011657714844,26200,0.0,0.0
2021-08-11 00:00:00-04:00,8.984008249177904,8.984008249177904,8.918010090146671,8.967508316040039,52500,0.0,0.0
2021-08-12 00:00:00-04:00,9.004717616397697,9.004717616397697,8.938567322587277,8.9468355178833,19200,0.025,0.0
2021-08-13 00:00:00-04:00,8.988180750835689,8.988180750835689,8.89722428283623,8.922030448913574,22000,0.0,0.0
2021-08-16 00:00:00-04:00,8.938568115234375,8.963374280469598,8.922030146028376,8.938568115234375,33100,0.0,0.0
2021-08-17 00:00:00-04:00,8.955105295866598,8.955105295866598,8.880686011587155,8.938568115234375,26100,0.0,0.0
2021-08-18 00:00:00-04:00,8.897223287213475,8.93856741843173,8.864148139953613,8.864148139953613,28000,0.0,0.0
2021-08-19 00:00:00-04:00,8.905492965396153,8.955105295866598,8.872417026984156,8.938568115234375,81800,0.0,0.0
2021-08-20 00:00:00-04:00,8.88895481372625,8.963374096478086,8.88068582929299,8.905492782592773,70400,0.0,0.0
2021-08-23 00:00:00-04:00,8.905495128979785,8.905495128979785,8.81453785339634,8.839344024658203,42700,0.0,0.0
2021-08-24 00:00:00-04:00,8.82280158996582,8.888951866350455,8.797995433464957,8.82280158996582,30500,0.0,0.0
2021-08-25 00:00:00-04:00,8.822804125058626,8.872416452315669,8.814535140991211,8.814535140991211,15100,0.0,0.0
2021-08-26 00:00:00-04:00,8.839344024658203,8.864150984494033,8.831075826620227,8.839344024658203,18800,0.0,0.0
2021-08-27 00:00:00-04:00,8.83933876477523,8.83933876477523,8.806263626582913,8.82280158996582,32800,0.0,0.0
2021-08-30 00:00:00-04:00,8.8228038235272,8.888954116658297,8.8228038235272,8.831072807312012,33100,0.0,0.0
2021-08-31 00:00:00-04:00,8.831073109126041,8.847610288687148,8.797997961430104,8.814535140991211,34500,0.0,0.0
2021-09-01 00:00:00-04:00,8.822804125058626,8.831073109126041,8.781459993295275,8.814535140991211,38700,0.0,0.0
2021-09-02 00:00:00-04:00,8.789728652044607,8.822803798516393,8.773190684521866,8.806265830993652,36000,0.0,0.0
2021-09-03 00:00:00-04:00,8.797998102547215,8.89722354722657,8.764922954320763,8.789729118347168,59100,0.0,0.0
2021-09-07 00:00:00-04:00,8.756654111369695,8.797998244463095,8.748385127036267,8.764923095703125,29700,0.0,0.0
2021-09-08 00:00:00-04:00,8.864145844712855,8.864145844712855,8.740113483174454,8.797995567321777,32100,0.0,0.0
2021-09-09 00:00:00-04:00,9.012985693585746,9.012985693585746,8.773190684521866,8.806265830993652,46800,0.0,0.0
2021-09-10 00:00:00-04:00,8.806267071791062,8.806267071791062,8.748385754453418,8.756654739379883,57100,0.0,0.0
2021-09-13 00:00:00-04:00,8.781460905585472,8.781460905585472,8.740116769526953,8.756654739379883,42900,0.0,0.0
2021-09-14 00:00:00-04:00,8.793955059751465,8.860261917114258,8.785667295411182,8.860261917114258,29500,0.025,0.0
2021-09-15 00:00:00-04:00,9.11719460691903,9.11719460691903,8.810525428629948,8.984580993652344,36000,0.0,0.0
2021-09-16 00:00:00-04:00,9.009449790219826,9.017738342285156,8.885124670999172,9.017738342285156,94300,0.0,0.0
2021-09-17 00:00:00-04:00,9.026022945408055,9.026022945408055,8.909985638579961,8.984580993652344,29100,0.0,0.0
2021-09-20 00:00:00-04:00,9.009448051452637,9.034312912410037,8.984583190495234,9.009448051452637,27000,0.0,0.0
2021-09-21 00:00:00-04:00,9.017740482485285,9.034316800110211,8.934856523040597,8.968009948730469,46500,0.0,0.0
2021-09-22 00:00:00-04:00,9.001160767632658,9.001160767632658,8.876835654910908,8.885124206542969,36000,0.0,0.0
2021-09-23 00:00:00-04:00,8.87683785151984,8.909991275812239,8.777377578642641,8.793953895568848,47000,0.0,0.0
2021-09-24 00:00:00-04:00,8.802240422719011,8.81881752626867,8.702780172740468,8.760798454284668,68600,0.0,0.0
2021-09-27 00:00:00-04:00,8.760798955048562,8.769087507297161,8.71106922243666,8.744222640991211,21500,0.0,0.0
2021-09-28 00:00:00-04:00,8.73593222771498,8.73593222771498,8.686201715257388,8.702778816223145,44600,0.0,0.0
2021-09-29 00:00:00-04:00,8.744220154382425,8.818815522527316,8.686201095581055,8.686201095581055,58900,0.0,0.0
2021-09-30 00:00:00-04:00,8.72764553649401,8.802240925851713,8.677915803882108,8.744222640991211,45300,0.0,0.0
2021-10-01 00:00:00-04:00,8.802240185260198,8.843682152576557,8.686202834862346,8.694491386413574,21200,0.0,0.0
2021-10-04 00:00:00-04:00,8.67791476470903,8.711068179293488,8.520435452603042,8.5535888671875,112000,0.0,0.0
2021-10-05 00:00:00-04:00,8.586744873181097,8.586744873181097,8.51215026068384,8.528726577758789,28900,0.0,0.0
2021-10-06 00:00:00-04:00,8.528725286047978,8.570167258118778,8.520436733545843,8.545302391052246,33500,0.0,0.0
2021-10-07 00:00:00-04:00,8.578455810620913,8.578455810620913,8.528725286047978,8.545302391052246,40400,0.0,0.0
2021-10-08 00:00:00-04:00,8.5535888671875,8.561877418443553,8.528724003859097,8.5535888671875,15100,0.0,0.0
2021-10-11 00:00:00-04:00,8.520435950413413,8.545301605634357,8.512148189112898,8.537013053894043,40800,0.0,0.0
2021-10-12 00:00:00-04:00,8.537012936022203,8.537012936022203,8.503859519958496,8.503859519958496,28900,0.0,0.0
2021-10-13 00:00:00-04:00,8.512147691786744,8.570165969699605,8.512147691786744,8.5535888671875,43600,0.0,0.0
2021-10-14 00:00:00-04:00,8.640832294421003,8.640832294421003,8.557747840881348,8.557747840881348,23900,0.025,0.0
2021-10-15 00:00:00-04:00,8.566052031092399,8.599285953549161,8.52450942993164,8.52450942993164,28700,0.0,0.0
2021-10-18 00:00:00-04:00,8.566049958162855,8.582666519190528,8.482964775947424,8.499581336975098,43200,0.0,0.0
2021-10-19 00:00:00-04:00,8.491279602050781,8.557747479015752,8.474662236629742,8.491279602050781,20000,0.0,0.0
2021-10-20 00:00:00-04:00,8.474658684091603,8.516201287870139,8.474658684091603,8.507892608642578,38200,0.0,0.0
2021-10-21 00:00:00-04:00,8.532817700515057,8.532817700515057,8.474657744728074,8.482966423034668,22400,0.0,0.0
2021-10-22 00:00:00-04:00,8.474656371357094,8.524507640758774,8.466347694396973,8.466347694396973,24300,0.0,0.0
2021-10-25 00:00:00-04:00,8.491275762219612,8.541126251220703,8.47465840431309,8.541126251220703,24500,0.0,0.0
2021-10-26 00:00:00-04:00,8.56605421923468,8.56605421923468,8.491277676515981,8.516202926635742,61000,0.0,0.0
2021-10-27 00:00:00-04:00,8.532818794250488,8.532818794250488,8.49958407676409,8.532818794250488,35600,0.0,0.0
2021-10-28 00:00:00-04:00,8.532818794250488,8.54943536063441,8.507892756135691,8.532818794250488,35600,0.0,0.0
2021-10-29 00:00:00-04:00,8.56605296022723,8.582669527078357,8.53281903416568,8.574360847473145,24300,0.0,0.0
2021-11-01 00:00:00-04:00,8.59928770012668,8.674063446572484,8.54943641013677,8.632521629333496,29300,0.0,0.0
2021-11-02 00:00:00-04:00,8.66575403744216,8.69898796081543,8.607594077269509,8.69898796081543,49600,0.0,0.0
2021-11-03 00:00:00-04:00,8.657448768615723,8.67406534066789,8.615906149945987,8.657448768615723,24800,0.0,0.0
2021-11-04 00:00:00-04:00,8.657446176666566,8.665754856384892,8.60759489071593,8.649137496948242,30900,0.0,0.0
2021-11-05 00:00:00-04:00,8.690679563485098,8.690679563485098,8.63252039378716,8.665754318237305,33300,0.0,0.0
2021-11-08 00:00:00-05:00,8.65744657579905,8.707297071688625,8.65744657579905,8.690680503845215,29400,0.0,0.0
2021-11-09 00:00:00-05:00,8.674064076836247,8.740532732438911,8.665756188200415,8.715606689453125,41800,0.0,0.0
2021-11-10 00:00:00-05:00,8.773765300612279,9.072870638725684,8.657446161832967,8.674062728881836,35500,0.0,0.0
2021-11-11 00:00:00-05:00,8.67406534066789,8.740534005955194,8.624214832151843,8.657448768615723,19600,0.0,0.0
2021-11-12 00:00:00-05:00,8.686595634896328,8.719909487615594,8.64495312043102,8.661609649658203,32500,0.025,0.0
2021-11-15 00:00:00-05:00,8.644952874599086,8.644952874599086,8.545011319283272,8.611639022827148,94200,0.0,0.0
2021-11-16 00:00:00-05:00,8.611638002062323,8.703250885009766,8.611638002062323,8.703250885009766,50300,0.0,0.0
2021-11-17 00:00:00-05:00,8.678267496371703,8.769880398306894,8.653282303892096,8.736566543579102,32400,0.0,0.0
2021-11-18 00:00:00-05:00,8.778208327148754,8.778208327148754,8.703251961707478,8.72823715209961,38900,0.0,0.0
2021-11-19 00:00:00-05:00,8.769878876074342,8.786536197679416,8.56999578240232,8.603309631347656,39200,0.0,0.0
2021-11-22 00:00:00-05:00,8.644950856629164,8.644950856629164,8.520023345947266,8.520023345947266,45700,0.0,0.0
2021-11-23 00:00:00-05:00,8.486709976361606,8.553338462341989,8.470053450565063,8.478382110595703,46600,0.0,0.0
2021-11-24 00:00:00-05:00,8.43674085090431,8.486711229939836,8.37844181060791,8.37844181060791,164300,0.0,0.0
2021-11-26 00:00:00-05:00,8.34512609726769,8.453395492434803,8.34512609726769,8.436738967895508,84000,0.0,0.0
2021-11-29 00:00:00-05:00,8.411759376525879,8.445073242017925,8.370116846094522,8.411759376525879,109200,0.0,0.0
2021-11-30 00:00:00-05:00,8.420081649091536,8.461724151836789,8.403425124552239,8.436738967895508,58500,0.0,0.0
2021-12-01 00:00:00-05:00,8.445069963527901,8.461726492675032,8.353456273291545,8.361784934997559,113000,0.0,0.0
2021-12-02 00:00:00-05:00,8.345127231790393,8.370112419128418,8.336798571256121,8.370112419128418,72000,0.0,0.0
2021-12-03 00:00:00-05:00,8.370112419128418,8.395097606466443,8.31181258965331,8.370112419128418,118500,0.0,0.0
2021-12-06 00:00:00-05:00,8.361787454576243,8.403429981389165,8.320144927763321,8.345130920410156,89200,0.0,0.0
2021-12-07 00:00:00-05:00,8.420083876769807,8.445069861586237,8.345128305115173,8.395098686218262,93200,0.0,0.0
2021-12-08 00:00:00-05:00,8.511697587979171,8.511697587979171,8.428412560238138,8.453397750854492,59400,0.0,0.0
2021-12-09 00:00:00-05:00,8.470055052137782,8.503368904294803,8.395098686218262,8.395098686218262,76800,0.0,0.0
2021-12-10 00:00:00-05:00,8.420083876769807,8.428412538375284,8.345128305115173,8.395098686218262,134100,0.0,0.0
2021-12-13 00:00:00-05:00,8.428415912139299,8.478387107509969,8.403430711586568,8.411759376525879,76200,0.0,0.0
2021-12-14 00:00:00-05:00,8.415931681283316,8.466026863442487,8.340789306162517,8.3992338180542,77600,0.025,0.0
2021-12-15 00:00:00-05:00,8.390884488321687,8.432630340748343,8.365837295360055,8.3992338180542,96200,0.0,0.0
2021-12-16 00:00:00-05:00,8.44097822932302,8.474374749465547,8.432629696464273,8.457676887512207,38700,0.0,0.0
2021-12-17 00:00:00-05:00,8.474375327863873,8.474375327863873,8.390884419927007,8.40758228302002,81900,0.0,0.0
2021-12-20 00:00:00-05:00,8.407580351321997,8.432628334560425,8.365835305062719,8.39088249206543,54700,0.0,0.0
2021-12-21 00:00:00-05:00,8.374182766588737,8.424277930429128,8.340786256107016,8.36583423614502,61400,0.0,0.0
2021-12-22 00:00:00-05:00,8.374187469482422,8.415933330087704,8.374187469482422,8.374187469482422,53000,0.0,0.0
2021-12-23 00:00:00-05:00,8.374187469482422,8.407583998719433,8.374187469482422,8.374187469482422,59900,0.0,0.0
2021-12-27 00:00:00-05:00,8.407581620077371,8.44932746887207,8.382534429294887,8.44932746887207,70100,0.0,0.0
2021-12-28 00:00:00-05:00,8.449325678295034,8.474372863769531,8.43262782005726,8.474372863769531,89500,0.0,0.0
2021-12-29 00:00:00-05:00,8.482721981801687,8.491071308832495,8.407579630995722,8.4409761428833,53800,0.0,0.0
2021-12-30 00:00:00-05:00,8.440976025144609,8.46602400588765,8.415928840637207,8.415928840637207,35100,0.0,0.0
2021-12-31 00:00:00-05:00,8.41593094908348,8.482723988660663,8.41593094908348,8.44932746887207,131500,0.0,0.0
2022-01-03 00:00:00-05:00,8.457674678973303,8.482721863480705,8.390881656129805,8.415928840637207,59000,0.0,0.0
2022-01-04 00:00:00-05:00,8.44097822932302,8.457676887512207,8.415931038275087,8.457676887512207,70500,0.0,0.0
2022-01-05 00:00:00-05:00,8.457674678973303,8.457674678973303,8.399230983044152,8.415928840637207,52800,0.0,0.0
2022-01-06 00:00:00-05:00,8.415929679068139,8.432628334560425,8.39088249206543,8.39088249206543,39100,0.0,0.0
2022-01-07 00:00:00-05:00,8.407581508834705,8.44097802818142,8.390883647279262,8.424280166625977,48300,0.0,0.0
2022-01-10 00:00:00-05:00,8.424278285057335,8.449325469914108,8.415928958026528,8.4409761428833,65600,0.0,0.0
2022-01-11 00:00:00-05:00,8.432628334560425,8.44097686607085,8.382533164319286,8.39088249206543,51800,0.0,0.0
2022-01-12 00:00:00-05:00,8.424282661455972,8.432631992824241,8.365838934350217,8.374187469482422,40600,0.0,0.0
2022-01-13 00:00:00-05:00,8.403478895683293,8.428588668975863,8.344889158592196,8.369998931884766,46600,0.025,0.0
2022-01-14 00:00:00-05:00,8.788498878479004,8.788498878479004,8.344889158592196,8.369998931884766,65700,0.0,0.0
2022-01-18 00:00:00-05:00,8.386741037524368,8.411850815980449,8.303040711703483,8.311410903930664,110700,0.0,0.0
2022-01-19 00:00:00-05:00,8.319778030724374,8.319778030724374,8.185858184485587,8.25281810760498,123800,0.0,0.0
2022-01-20 00:00:00-05:00,8.294668754038886,8.294668754038886,8.177489280700684,8.177489280700684,32800,0.0,0.0
2022-01-21 00:00:00-05:00,8.177488381527048,8.236078111753788,8.160748002476433,8.185857772827148,48100,0.0,0.0
2022-01-24 00:00:00-05:00,8.118896961532585,8.152376917732148,8.051937049133459,8.144006729125977,64900,0.0,0.0
2022-01-25 00:00:00-05:00,8.144010880912969,8.244451598941088,8.127271293391967,8.202601432800293,49700,0.0,0.0
2022-01-26 00:00:00-05:00,8.177489685052779,8.31977893853847,8.177489685052779,8.244449615478516,53300,0.0,0.0
2022-01-27 00:00:00-05:00,8.286297592657936,8.336517931222163,8.102158213781236,8.227707862854004,55500,0.0,0.0
2022-01-28 00:00:00-05:00,8.194230546133596,8.311410841761235,8.194230546133596,8.219340324401855,74800,0.0,0.0
2022-01-31 00:00:00-05:00,8.219341020321295,8.319780940123888,8.102161512997702,8.202601432800293,59600,0.0,0.0
2022-02-01 00:00:00-05:00,8.319779762070313,8.328149953758386,8.177490494500148,8.194230079650879,53700,0.0,0.0
2022-02-02 00:00:00-05:00,8.20259925163858,8.277929371015794,8.20259925163858,8.236079216003418,34300,0.0,0.0
2022-02-03 00:00:00-05:00,8.169118133050073,8.23607805231891,8.169118133050073,8.227707862854004,38400,0.0,0.0
2022-02-04 00:00:00-05:00,8.185858400750329,8.236078743529283,8.177489008808227,8.210968971252441,16600,0.0,0.0
2022-02-07 00:00:00-05:00,8.169117294944488,8.227707018737444,8.135637338744926,8.144006729125977,37700,0.0,0.0
2022-02-08 00:00:00-05:00,8.14401116275972,8.236081691100937,8.135641767822335,8.169121742248535,20400,0.0,0.0
2022-02-09 00:00:00-05:00,8.2025990538124,8.2025990538124,8.152378709363674,8.177489280700684,76800,0.0,0.0
2022-02-10 00:00:00-05:00,8.110530878049124,8.194231210025281,8.001721563995853,8.060311317443848,60600,0.0,0.0
2022-02-11 00:00:00-05:00,8.06867940360034,8.06867940360034,7.951499129073928,8.00171947479248,48900,0.0,0.0
2022-02-14 00:00:00-05:00,7.963958400574988,7.98913482061671,7.896822881100774,7.921998500823975,62200,0.025,0.0
2022-02-15 00:00:00-05:00,7.846472020274303,7.938783163926055,7.846472020274303,7.863255500793457,98700,0.0,0.0
2022-02-16 00:00:00-05:00,7.846469237424838,7.9471724857797685,7.838077099982359,7.913604736328125,81100,0.0,0.0
2022-02-17 00:00:00-05:00,7.921995121951467,8.03109049464557,7.921995121951467,8.014307022094727,58700,0.0,0.0
2022-02-18 00:00:00-05:00,7.9891341169664125,8.039485351978081,7.972349838416888,7.98074197769165,56800,0.0,0.0
2022-02-22 00:00:00-05:00,7.938777246926409,8.056264724267928,7.921992978598494,7.930385112762451,136300,0.0,0.0
2022-02-23 00:00:00-05:00,7.989130892264527,8.02269863549597,7.930386741370908,7.938778877258301,96400,0.0,0.0
2022-02-24 00:00:00-05:00,7.829681903748848,8.031088321776055,7.829681903748848,7.930385112762451,64700,0.0,0.0
2022-02-25 00:00:00-05:00,7.930389942361531,8.03109321270332,7.913606464130458,7.98074197769165,83400,0.0,0.0
2022-02-28 00:00:00-05:00,7.972347221720478,8.005914967483415,7.947171612477822,7.997522830963135,69300,0.0,0.0
2022-03-01 00:00:00-05:00,7.997522674763377,8.073050301334401,7.989131338725175,8.064658164978027,35700,0.0,0.0
2022-03-02 00:00:00-05:00,8.039481560360006,8.073049301309226,8.01430595472761,8.056265830993652,23200,0.0,0.0
2022-03-03 00:00:00-05:00,8.022698842689362,8.073050058677827,7.9891310985910025,8.047874450683594,68200,0.0,0.0
2022-03-04 00:00:00-05:00,8.022698090044432,8.073049301309226,8.01430595472761,8.056265830993652,28500,0.0,0.0
2022-03-07 00:00:00-05:00,8.04787672670754,8.056268865185054,7.989133358001709,7.989133358001709,33300,0.0,0.0
2022-03-08 00:00:00-05:00,8.0226990838325,8.224105554476452,8.005914811119752,8.064658164978027,68800,0.0,0.0
2022-03-09 00:00:00-05:00,8.064656026960229,8.14018363350816,7.930385082127445,7.955560684204102,42500,0.0,0.0
2022-03-10 00:00:00-05:00,7.955564190050887,7.963956327880662,7.854860937048532,7.888428688049316,44600,0.0,0.0
2022-03-11 00:00:00-05:00,7.92199768420885,7.92199768420885,7.82129441537822,7.846470832824707,53600,0.0,0.0
2022-03-14 00:00:00-04:00,7.84226085037281,7.875918591266364,7.766530732746351,7.783360004425049,19700,0.025,0.0
2022-03-15 00:00:00-04:00,7.8001889968314435,8.246154248319987,7.8001889968314435,7.917990684509277,31400,0.0,0.0
2022-03-16 00:00:00-04:00,7.9179920483869095,8.002136813334031,7.7328740469816095,7.791775703430176,87800,0.0,0.0
2022-03-17 00:00:00-04:00,7.766532545754737,7.892749705417404,7.766532545754737,7.82543420791626,17900,0.0,0.0
2022-03-18 00:00:00-04:00,7.808602621925741,7.859089631345685,7.783359518447663,7.842260360717773,49300,0.0,0.0
2022-03-21 00:00:00-04:00,7.800190989673662,7.833848737961254,7.766532438922051,7.817019462585449,37600,0.0,0.0
2022-03-22 00:00:00-04:00,7.749703002274531,7.917991722784484,7.7412883656330544,7.875919342041016,44800,0.0,0.0
2022-03-23 00:00:00-04:00,7.859087764047483,7.909573959008252,7.8506731307328215,7.892745494842529,23300,0.0,0.0
2022-03-24 00:00:00-04:00,7.850676234580503,7.875919342041016,7.817018490478512,7.875919342041016,13900,0.0,0.0
2022-03-25 00:00:00-04:00,7.88433419039828,7.88433419039828,7.572999848478716,7.673973083496094,119200,0.0,0.0
2022-03-28 00:00:00-04:00,7.673971070036442,7.673971070036442,7.581412496171572,7.606655597686768,73200,0.0,0.0
2022-03-29 00:00:00-04:00,7.640315338490301,7.690802357230959,7.598242956617076,7.673973083496094,75900,0.0,0.0
2022-03-30 00:00:00-04:00,7.766531791297398,7.7749464282836325,7.657144720332152,7.682387828826904,61600,0.0,0.0
2022-03-31 00:00:00-04:00,7.673972415395175,7.75811717181593,7.648729309454497,7.707630157470703,101900,0.0,0.0
2022-04-01 00:00:00-04:00,7.749705208342248,7.8001922400990695,7.707632815622254,7.74129056930542,117700,0.0,0.0
2022-04-04 00:00:00-04:00,7.673972415395175,7.749702535681081,7.673972415395175,7.707630157470703,107700,0.0,0.0
2022-04-05 00:00:00-04:00,7.7328724256146675,7.741287060837856,7.6571431159973145,7.6571431159973145,110400,0.0,0.0
2022-04-06 00:00:00-04:00,7.657144503880841,7.673972974913654,7.615072122602916,7.665558338165283,49600,0.0,0.0
2022-04-07 00:00:00-04:00,7.657141827753077,7.6907995605194435,7.615069461179206,7.631897926330566,78300,0.0,0.0
2022-04-08 00:00:00-04:00,7.640314688189594,7.657143960492047,7.623486218351013,7.64872932434082,43600,0.0,0.0
2022-04-11 00:00:00-04:00,7.598242657928947,7.926406260683213,7.598242657928947,7.699215888977051,16500,0.0,0.0
2022-04-12 00:00:00-04:00,7.783357095632991,7.783357095632991,7.682383910687972,7.732870101928711,46600,0.0,0.0
2022-04-13 00:00:00-04:00,7.720218722103098,7.83834258184975,7.69490675381916,7.762405872344971,62300,0.025,0.0
2022-04-14 00:00:00-04:00,7.737091386524463,7.770840934805758,7.6105307816327805,7.652717113494873,63100,0.0,0.0
2022-04-18 00:00:00-04:00,7.652717499128103,7.652717499128103,7.517719299200137,7.551468849182129,69500,0.0,0.0
2022-04-19 00:00:00-04:00,7.509283692016746,7.610533173332172,7.509283692016746,7.56834602355957,117300,0.0,0.0
2022-04-20 00:00:00-04:00,7.610532334216837,7.6780314445495605,7.534595633929306,7.6780314445495605,66100,0.0,0.0
2022-04-21 00:00:00-04:00,7.7117813245669575,7.720218110224289,7.602095064492642,7.618969440460205,22100,0.0,0.0
2022-04-22 00:00:00-04:00,7.61896987249712,7.6358450540744975,7.4924092292785645,7.4924092292785645,68800,0.0,0.0
2022-04-25 00:00:00-04:00,7.492408205230988,7.559907313008965,7.433346687088466,7.450221061706543,92400,0.0,0.0
2022-04-26 00:00:00-04:00,7.424910068511963,7.49240918511774,7.424910068511963,7.424910068511963,53600,0.0,0.0
2022-04-27 00:00:00-04:00,7.408034801483154,7.4586595406793235,7.3911604248530525,7.408034801483154,124700,0.0,0.0
2022-04-28 00:00:00-04:00,7.382721988775871,7.559907348692605,7.382721988775871,7.543032169342041,65900,0.0,0.0
2022-04-29 00:00:00-04:00,7.509282694229781,7.551469838396816,7.483970729590698,7.500845909118652,28200,0.0,0.0
2022-05-02 00:00:00-04:00,7.51772169515122,7.593658407975454,7.509284103803417,7.526159286499023,59700,0.0,0.0
2022-05-03 00:00:00-04:00,7.500844894352104,7.534594444189288,7.382721067595588,7.433345794677734,44600,0.0,0.0
2022-05-04 00:00:00-04:00,7.399598015494569,7.4586595406793235,7.3320980950153665,7.408034801483154,130200,0.0,0.0
2022-05-05 00:00:00-04:00,7.424908035884861,7.4333456243139615,7.289909839630127,7.289909839630127,96900,0.0,0.0
2022-05-06 00:00:00-04:00,7.289910374157199,7.365846261628888,7.289910374157199,7.357409477233887,138800,0.0,0.0
2022-05-09 00:00:00-04:00,7.31522274017334,7.3995970259998805,7.31522274017334,7.31522274017334,45700,0.0,0.0
2022-05-10 00:00:00-04:00,7.332097598564504,7.374284744262695,7.281473667448974,7.374284744262695,47100,0.0,0.0
2022-05-11 00:00:00-04:00,7.374284311365045,7.391159490514838,7.315222793646431,7.382721900939941,36900,0.0,0.0
2022-05-12 00:00:00-04:00,7.4123374894456235,7.429260214338151,7.353105934925741,7.420799255371094,63800,0.025,0.0
2022-05-13 00:00:00-04:00,7.403875723520152,7.429260214338151,7.378491232702153,7.420799255371094,43000,0.0,0.0
2022-05-16 00:00:00-04:00,7.4207994253101734,7.42926038447099,7.353106103314618,7.378491401672363,23000,0.0,0.0
2022-05-17 00:00:00-04:00,7.370028078872131,7.378489843204105,7.327720064170526,7.344643592834473,24400,0.0,0.0
2022-05-18 00:00:00-04:00,7.344644084336833,7.344644084336833,7.133104803630895,7.217720031738281,197900,0.0,0.0
2022-05-19 00:00:00-04:00,7.217719166204676,7.268488942547555,7.217719166204676,7.243104457855225,24000,0.0,0.0
2022-05-20 00:00:00-04:00,7.260029211025692,7.310799001580991,7.209260227428839,7.276952743530273,68800,0.0,0.0
2022-05-23 00:00:00-04:00,7.268490633389219,7.53079891913227,7.268490633389219,7.446183681488037,76300,0.0,0.0
2022-05-24 00:00:00-04:00,7.412336228720221,7.488490495179953,7.412336228720221,7.463105201721191,30300,0.0,0.0
2022-05-25 00:00:00-04:00,7.437722340909533,7.5646456081122935,7.412337848860672,7.522338390350342,74200,0.0,0.0
2022-05-26 00:00:00-04:00,7.513876204962518,7.6323385061812665,7.47156818260165,7.581568717956543,69900,0.0,0.0
2022-05-27 00:00:00-04:00,7.7000306168927235,7.742337830084874,7.581568321862952,7.691568851470947,89800,0.0,0.0
2022-05-31 00:00:00-04:00,7.640800773297179,7.886186376653523,7.573108248713259,7.869263648986816,81300,0.0,0.0
2022-06-01 00:00:00-04:00,7.860799254074641,7.9877224935037034,7.649259983720686,7.674644470214844,44400,0.0,0.0
2022-06-02 00:00:00-04:00,7.623877509588642,7.920032082080753,7.623877509588642,7.708492755889893,130900,0.0,0.0
2022-06-03 00:00:00-04:00,7.632339288661512,7.86926310843043,7.6154157551987725,7.759262561798096,167000,0.0,0.0
2022-06-06 00:00:00-04:00,7.708492768368368,7.911571135128788,7.708492768368368,7.759262561798096,96200,0.0,0.0
2022-06-07 00:00:00-04:00,7.793109408304324,7.8692637007013335,7.700032388129396,7.742339611053467,73500,0.0,0.0
2022-06-08 00:00:00-04:00,7.750802554730853,7.877726663641497,7.700033556733533,7.810033321380615,72600,0.0,0.0
2022-06-09 00:00:00-04:00,7.793107615657166,7.843877401229458,7.674645320627395,7.691568851470947,58400,0.0,0.0
2022-06-10 00:00:00-04:00,7.801567176318052,7.801567176318052,7.623874187469482,7.623874187469482,99100,0.0,0.0
2022-06-13 00:00:00-04:00,7.674645835829757,7.759261881811101,7.480030059814453,7.480030059814453,46100,0.0,0.0
2022-06-14 00:00:00-04:00,7.501242675633089,7.6285258793012,7.38244442542848,7.433358192443848,56400,0.025,0.0
2022-06-15 00:00:00-04:00,7.416386277153654,7.5012422813028765,7.23818931583775,7.263646602630615,71200,0.0,0.0
2022-06-16 00:00:00-04:00,7.314560490353758,7.314560490353758,7.102421262179066,7.136363506317139,68000,0.0,0.0
2022-06-17 00:00:00-04:00,7.144849669842096,7.229705689563481,7.144849669842096,7.195762634277344,73200,0.0,0.0
2022-06-21 00:00:00-04:00,7.127877317384442,7.187276848014684,7.110906600952148,7.110906600952148,231800,0.0,0.0
2022-06-22 00:00:00-04:00,7.102422240728912,7.1872782673887645,7.085451520945169,7.144850254058838,154900,0.0,0.0
2022-06-23 00:00:00-04:00,7.161819944276988,7.323046209903807,7.161819944276988,7.204247951507568,74000,0.0,0.0
2022-06-24 00:00:00-04:00,7.24667641476945,7.340017389153105,7.195762641039378,7.238190650939941,68100,0.0,0.0
2022-06-27 00:00:00-04:00,7.229705696357413,7.272132897010996,7.2042484048688875,7.238190650939941,39700,0.0,0.0
2022-06-28 00:00:00-04:00,7.212735620834198,7.356990397990653,7.212735620834198,7.2891058921813965,49200,0.0,0.0
2022-06-29 00:00:00-04:00,7.28910399410103,7.390930726299266,7.280618230772777,7.331532001495361,28600,0.0,0.0
2022-06-30 00:00:00-04:00,7.323045611956137,7.450328814007911,7.314559849353523,7.407900810241699,40300,0.0,0.0
2022-07-01 00:00:00-04:00,7.492758303860102,7.577614328222556,7.4757875845358255,7.501244068145752,24100,0.0,0.0
2022-07-05 00:00:00-04:00,7.492760086909447,7.586101088522852,7.492760086909447,7.552158832550049,35200,0.0,0.0
2022-07-06 00:00:00-04:00,7.586101496778189,7.653986821624343,7.569130772502095,7.620043754577637,46300,0.0,0.0
2022-07-07 00:00:00-04:00,7.670952843841936,7.696409319275669,7.603068369854139,7.645496368408203,55000,0.0,0.0
2022-07-08 00:00:00-04:00,7.653986821624343,7.670957545900437,7.620043754577637,7.620043754577637,16300,0.0,0.0
2022-07-11 00:00:00-04:00,7.628529521339313,7.63701528810099,7.594587263539866,7.620043754577637,21200,0.0,0.0
2022-07-12 00:00:00-04:00,7.653984935307492,7.679441420071538,7.603071156532341,7.628527641296387,20100,0.0,0.0
2022-07-13 00:00:00-04:00,7.628527638724266,7.628527638724266,7.535186655122864,7.586099624633789,33900,0.0,0.0
2022-07-14 00:00:00-04:00,7.651636294701254,7.651636294701254,7.506944549763541,7.566524028778076,46600,0.027,0.0
2022-07-15 00:00:00-04:00,7.651633738833488,7.736746788024902,7.617588681496562,7.736746788024902,40800,0.0,0.0
2022-07-18 00:00:00-04:00,7.694191777292265,7.7027032462257115,7.626101649221406,7.660146713256836,44200,0.0,0.0
2022-07-19 00:00:00-04:00,7.694194098405725,7.694194098405725,7.61759247829295,7.634615421295166,67400,0.0,0.0
2022-07-20 00:00:00-04:00,7.728238314977677,7.728238314977677,7.540990021228418,7.558012962341309,56100,0.0,0.0
2022-07-21 00:00:00-04:00,7.600567983117155,7.617590109126677,7.532477855682373,7.532477855682373,38900,0.0,0.0
2022-07-22 00:00:00-04:00,7.558011219124329,7.617589875880916,7.549499750531011,7.609078407287598,19900,0.0,0.0
2022-07-25 00:00:00-04:00,7.609079755890433,7.643124824599397,7.55801255867622,7.566524028778076,28000,0.0,0.0
2022-07-26 00:00:00-04:00,7.583544813205963,7.6601464071491865,7.5750333446126445,7.609078407287598,75600,0.0,0.0
2022-07-27 00:00:00-04:00,7.600566237386576,7.719723527179714,7.600566237386576,7.668656349182129,35300,0.0,0.0
2022-07-28 00:00:00-04:00,7.660147337387965,7.728237471006651,7.617590800951681,7.677170276641846,33000,0.0,0.0
2022-07-29 00:00:00-04:00,7.677172327507782,7.736751007415268,7.677172327507782,7.711217403411865,23500,0.0,0.0
2022-08-01 00:00:00-04:00,7.830370492776902,7.830370492776902,7.694190263429196,7.736746788024902,30700,0.0,0.0
2022-08-02 00:00:00-04:00,7.753770667679151,7.787815732729945,7.6601469417140615,7.702703475952148,59100,0.0,0.0
2022-08-03 00:00:00-04:00,7.753769232892113,7.855904409145012,7.68567911539018,7.804837226867676,87000,0.0,0.0
2022-08-04 00:00:00-04:00,7.728240966796875,7.804842604692464,7.7112188315416255,7.728240966796875,78200,0.0,0.0
2022-08-05 00:00:00-04:00,7.68568030835882,7.7282368413276945,7.61759018028796,7.660146713256836,115300,0.0,0.0
2022-08-08 00:00:00-04:00,7.702705931511185,7.7282395355145885,7.634615779703019,7.711217403411865,29100,0.0,0.0
2022-08-09 00:00:00-04:00,7.694192404197308,7.728237471006651,7.6346137402055625,7.677170276641846,86700,0.0,0.0
2022-08-10 00:00:00-04:00,7.677169880088647,7.745260010190235,7.677169880088647,7.702703475952148,15000,0.0,0.0
2022-08-11 00:00:00-04:00,7.711213998707003,7.753769716023656,7.685679594279079,7.719724655151367,37000,0.0,0.0
2022-08-12 00:00:00-04:00,7.734237466050492,7.7854571234392305,7.725700585111777,7.742773532867432,42300,0.027,0.0
2022-08-15 00:00:00-04:00,7.725703709822013,7.811070111370823,7.725703709822013,7.768387317657471,29000,0.0,0.0
2022-08-16 00:00:00-04:00,7.79399482474069,7.79399482474069,7.717164516448975,7.717164516448975,44500,0.0,0.0
2022-08-17 00:00:00-04:00,7.683019983463266,7.725703590640259,7.640336376286274,7.657410144805908,27700,0.0,0.0
2022-08-18 00:00:00-04:00,7.665946214943633,7.76838719781725,7.640336376286274,7.657410144805908,42300,0.0,0.0
2022-08-19 00:00:00-04:00,7.61472436416576,7.6830177905071855,7.61472436416576,7.6317973136901855,49600,0.0,0.0
2022-08-22 00:00:00-04:00,7.640334944572566,7.802532458626709,7.546431677677284,7.5720415115356445,45800,0.0,0.0
2022-08-23 00:00:00-04:00,7.537893640706246,7.57204035199567,7.529356759353436,7.554967403411865,29500,0.0,0.0
2022-08-24 00:00:00-04:00,7.554967198381521,7.614723737985858,7.554967198381521,7.563503265380859,24800,0.0,0.0
2022-08-25 00:00:00-04:00,7.563505037772873,7.640335357623487,7.563505037772873,7.580578804016113,24100,0.0,0.0
2022-08-26 00:00:00-04:00,7.61472436416576,7.7427743350254685,7.597650600519473,7.6317973136901855,34100,0.0,0.0
2022-08-29 00:00:00-04:00,7.657408370734632,7.717164918464746,7.563504293876563,7.640334606170654,31300,0.0,0.0
2022-08-30 00:00:00-04:00,7.640337582053623,7.742777766971846,7.580581011048547,7.7086310386657715,55800,0.0,0.0
2022-08-31 00:00:00-04:00,7.691554685059023,7.759848111513468,7.691554685059023,7.717164516448975,33600,0.0,0.0
2022-09-01 00:00:00-04:00,7.614723944637904,7.691554248569561,7.512283810769632,7.554967403411865,64300,0.0,0.0
2022-09-02 00:00:00-04:00,7.529357912357083,7.606188228054105,7.418380880141601,7.5720415115356445,65000,0.0,0.0
2022-09-06 00:00:00-04:00,7.5037497784613025,7.563506342375878,7.486676823395191,7.51228666305542,38400,0.0,0.0
2022-09-07 00:00:00-04:00,7.486673099899566,7.572039461017424,7.486673099899566,7.546429634094238,43100,0.0,0.0
2022-09-08 00:00:00-04:00,7.512286259889259,7.597652658882657,7.426919046773781,7.461065769195557,89800,0.0,0.0
2022-09-09 00:00:00-04:00,7.443991864370179,7.657409055781189,7.3756984282484135,7.589115619659424,79400,0.0,0.0
2022-09-12 00:00:00-04:00,7.717165608296127,7.717165608296127,7.4952115338555405,7.503748416900635,36200,0.0,0.0
2022-09-13 00:00:00-04:00,7.426919294339847,7.683020128100968,7.426919294339847,7.597652912139893,76300,0.0,0.0
2022-09-14 00:00:00-04:00,7.595084108469619,7.740649485533588,7.577959202308838,7.67214822769165,32100,0.027,0.0
2022-09-15 00:00:00-04:00,7.620769618195499,7.672145954655324,7.535143479561345,7.655020236968994,58500,0.0,0.0
2022-09-16 00:00:00-04:00,7.603647980201028,7.603647980201028,7.492333217266837,7.535146713256836,70300,0.0,0.0
2022-09-19 00:00:00-04:00,7.518019158423193,7.586520408694983,7.458080768585205,7.458080768585205,9600,0.0,0.0
2022-09-20 00:00:00-04:00,7.440955926184891,7.535145768877992,7.415268158450143,7.483769416809082,59500,0.0,0.0
2022-09-21 00:00:00-04:00,7.500894254154903,7.535144879290798,7.458080768585205,7.458080768585205,46500,0.0,0.0
2022-09-22 00:00:00-04:00,7.458082472050008,7.458082472050008,7.218328041337584,7.2268900871276855,66500,0.0,0.0
2022-09-23 00:00:00-04:00,7.124134017848861,7.244011571329615,7.124134017848861,7.201198101043701,134100,0.0,0.0
2022-09-26 00:00:00-04:00,7.184075907248654,7.244014298252613,7.038510543439612,7.107011795043945,106300,0.0,0.0
2022-09-27 00:00:00-04:00,7.081323807629853,7.2183263065393755,7.0213846019074575,7.038510322570801,54200,0.0,0.0
2022-09-28 00:00:00-04:00,7.055636100422696,7.3810174839285185,7.038511194237867,7.115575313568115,64900,0.0,0.0
2022-09-29 00:00:00-04:00,7.124134017848861,7.338200552679406,7.064195649407996,7.201198101043701,52100,0.0,0.0
2022-09-30 00:00:00-04:00,7.22688895143915,7.22688895143915,7.012822324936103,7.072761535644531,37200,0.0,0.0
2022-10-03 00:00:00-04:00,7.089884345548798,7.192636197907577,7.012820252129931,7.064196586608887,109800,0.0,0.0
2022-10-04 00:00:00-04:00,7.1241368430470855,7.32964141859602,7.1241368430470855,7.252577304840088,75700,0.0,0.0
2022-10-05 00:00:00-04:00,7.124135200283815,7.226887056064928,7.089884581690111,7.132698059082031,108200,0.0,0.0
2022-10-06 00:00:00-04:00,7.192637809269136,7.218326390563176,7.098448794322274,7.158387184143066,79800,0.0,0.0
2022-10-07 00:00:00-04:00,7.201201477691074,7.201201477691074,7.038511194237867,7.115575313568115,56300,0.0,0.0
2022-10-10 00:00:00-04:00,7.132697821514739,7.278263149839459,7.021383110642946,7.064196586608887,55100,0.0,0.0
2022-10-11 00:00:00-04:00,7.038509480975238,7.132698483563515,7.012820903051809,7.021383762359619,72700,0.0,0.0
2022-10-12 00:00:00-04:00,7.029947506411855,7.244014116452898,7.004259741854736,7.047072410583496,70700,0.0,0.0
2022-10-13 00:00:00-04:00,6.985212742092291,7.071131225168041,6.985212742092291,7.036763668060303,46900,0.028,0.0
2022-10-14 00:00:00-04:00,7.036763668060303,7.0539478563077695,7.002396110952564,7.036763668060303,72000,0.0,0.0
2022-10-17 00:00:00-04:00,7.03676130561829,7.139864761713922,7.002393760048719,7.010985851287842,65800,0.0,0.0
2022-10-18 00:00:00-04:00,7.010988205076297,7.088315413415508,7.002396110952564,7.036763668060303,49400,0.0,0.0
2022-10-19 00:00:00-04:00,7.045354391685852,7.045354391685852,6.96802719838872,7.01957893371582,93200,0.0,0.0
2022-10-20 00:00:00-04:00,7.002393227311602,7.028169499067929,6.933658141401777,6.9680256843566895,87600,0.0,0.0
2022-10-21 00:00:00-04:00,6.968025742450972,7.010985376349493,6.950842380523682,6.950842380523682,104600,0.0,0.0
2022-10-24 00:00:00-04:00,6.942253090860819,7.131275064646981,6.942253090860819,7.036763668060303,139900,0.0,0.0
2022-10-25 00:00:00-04:00,7.071131283700003,7.268745353245667,7.071131283700003,7.251561164855957,112100,0.0,0.0
2022-10-26 00:00:00-04:00,7.268741987567221,7.328884980308524,7.157047272914215,7.217190265655518,84100,0.0,0.0
2022-10-27 00:00:00-04:00,7.294517476852993,7.363252560169004,7.13986394908538,7.165639400482178,80700,0.0,0.0
2022-10-28 00:00:00-04:00,7.200010334127262,7.320297196291874,7.148458587660367,7.208602428436279,49700,0.0,0.0
2022-10-31 00:00:00-04:00,7.277336120605469,7.3374791302295215,7.234376476850979,7.277336120605469,113000,0.0,0.0
2022-11-01 00:00:00-04:00,7.35466326837614,7.35466326837614,7.208600972178706,7.234376430511475,43500,0.0,0.0
2022-11-02 00:00:00-04:00,7.242967500227878,7.311702592333142,7.139864862069981,7.157048225402832,88500,0.0,0.0
2022-11-03 00:00:00-04:00,7.105496769227456,7.1312722219366975,7.0625371351208095,7.079720497131348,87900,0.0,0.0
2022-11-04 00:00:00-04:00,7.260150969173636,7.3031106072110905,7.1484562380310335,7.24296760559082,41400,0.0,0.0
2022-11-07 00:00:00-05:00,7.251557283123901,7.363251989705648,7.1226792167378346,7.148454666137695,71300,0.0,0.0
2022-11-08 00:00:00-05:00,7.165639400482178,7.200006942140184,7.114087678301757,7.165639400482178,59000,0.0,0.0
2022-11-09 00:00:00-05:00,7.122680679350199,7.225783317508096,7.105497316017349,7.157048225402832,59800,0.0,0.0
2022-11-10 00:00:00-05:00,7.285926445868539,7.431988723997281,7.285926445868539,7.371845722198486,54900,0.0,0.0
2022-11-11 00:00:00-05:00,7.363253213164602,7.4233970309399675,7.35466194152832,7.35466194152832,35500,0.0,0.0
2022-11-14 00:00:00-05:00,7.378799262156434,7.447759933777667,7.240877096837916,7.25811767578125,66600,0.028,0.0
2022-11-15 00:00:00-05:00,7.327079743980478,7.370180377477957,7.309839161751002,7.335700035095215,65800,0.0,0.0
2022-11-16 00:00:00-05:00,7.327079324587387,7.387419714784324,7.30121927479958,7.3184590339660645,105300,0.0,0.0
2022-11-17 00:00:00-05:00,7.2408761494770095,7.378798296750467,7.2408761494770095,7.327077388763428,48000,0.0,0.0
2022-11-18 00:00:00-05:00,7.361557523816954,7.387417566083119,7.171915295687921,7.206395626068115,122800,0.0,0.0
2022-11-21 00:00:00-05:00,7.215017755689626,7.318458773231727,7.197777997137342,7.292598724365234,72800,0.0,0.0
2022-11-22 00:00:00-05:00,7.283976088534593,7.439137975922061,7.283976088534593,7.352936744689941,132000,0.0,0.0
2022-11-23 00:00:00-05:00,7.525338793695295,7.525338793695295,7.283976484045887,7.378798007965088,274000,0.0,0.0
2022-11-25 00:00:00-05:00,7.327076704150652,7.396037360306001,7.327076704150652,7.352936744689941,34600,0.0,0.0
2022-11-28 00:00:00-05:00,7.430518594446566,7.430518594446566,7.2063960235746825,7.232256889343262,149200,0.0,0.0
2022-11-29 00:00:00-05:00,7.197777293631684,7.292598011591867,7.197777293631684,7.25811767578125,129300,0.0,0.0
2022-11-30 00:00:00-05:00,7.249497908487058,7.35293892336971,7.249497908487058,7.30983829498291,215600,0.0,0.0
2022-12-01 00:00:00-05:00,7.344320326209952,7.387420137631224,7.301219692712473,7.335700035095215,175100,0.0,0.0
2022-12-02 00:00:00-05:00,7.2925997073697335,7.3184597597220264,7.266739655017441,7.283979415893555,138100,0.0,0.0
2022-12-05 00:00:00-05:00,7.223635719917629,7.378797607305097,7.223635719917629,7.352936744689941,220700,0.0,0.0
2022-12-06 00:00:00-05:00,7.396039741907336,7.413280322535751,7.292598724365234,7.292598724365234,161800,0.0,0.0
2022-12-07 00:00:00-05:00,7.378797782837495,7.48223876953125,7.361557207350593,7.48223876953125,203100,0.0,0.0
2022-12-08 00:00:00-05:00,7.404658339706015,7.421898094317732,7.327077388763428,7.327077388763428,118500,0.0,0.0
2022-12-09 00:00:00-05:00,7.327079743980478,7.430520771128704,7.31845945286574,7.335700035095215,84000,0.0,0.0
2022-12-12 00:00:00-05:00,7.344317537532226,7.585679842564828,7.344317537532226,7.525338649749756,148800,0.0,0.0
2022-12-13 00:00:00-05:00,7.6201608415300885,7.637400596652391,7.508099555969238,7.508099555969238,163300,0.0,0.0
2022-12-14 00:00:00-05:00,7.497723656431921,7.627441727759891,7.385300943074903,7.4112443923950195,79200,0.028,0.0
2022-12-15 00:00:00-05:00,7.4112443923950195,7.549610555072156,7.4112443923950195,7.4112443923950195,65300,0.0,0.0
2022-12-16 00:00:00-05:00,7.393946510198118,7.463129567918221,7.3593549813380665,7.376650333404541,97300,0.0,0.0
2022-12-19 00:00:00-05:00,7.376652271913419,7.402596543921674,7.272877658062357,7.316117286682129,100700,0.0,0.0
2022-12-20 00:00:00-05:00,7.29017448425293,7.368005657707606,7.272878301384161,7.29017448425293,46300,0.0,0.0
2022-12-21 00:00:00-05:00,7.272877658062357,7.376652271913419,7.220990763500485,7.316117286682129,111900,0.0,0.0
2022-12-22 00:00:00-05:00,7.350709339290141,7.350709339290141,7.220991269075972,7.255582809448242,118600,0.0,0.0
2022-12-23 00:00:00-05:00,7.2815253471069425,7.437187671661377,7.2815253471069425,7.437187671661377,180600,0.0,0.0
2022-12-27 00:00:00-05:00,7.4025970622122355,7.419892420034682,7.229638535623507,7.255582809448242,279600,0.0,0.0
2022-12-28 00:00:00-05:00,7.290174010962424,7.368005179364169,7.281525920089488,7.307469367980957,145600,0.0,0.0
2022-12-29 00:00:00-05:00,7.281525920089488,7.385300536382702,7.272877829216553,7.307469367980957,158800,0.0,0.0
2022-12-30 00:00:00-05:00,7.307469367980957,7.368005179364169,7.272877829216553,7.307469367980957,101000,0.0,0.0
2023-01-03 00:00:00-05:00,7.3334111565801,7.437186574119934,7.307467714558717,7.402595043182373,73200,0.0,0.0
2023-01-04 00:00:00-05:00,7.454482690026668,7.497722314305028,7.41124306574831,7.471778869628906,26600,0.0,0.0
2023-01-05 00:00:00-05:00,7.480427262083649,7.497723444292608,7.437188456015973,7.463131904602051,32200,0.0,0.0
2023-01-06 00:00:00-05:00,7.445834744732651,7.592848975295948,7.445834744732651,7.523665904998779,45300,0.0,0.0
2023-01-09 00:00:00-05:00,7.575552514129751,7.610144044228316,7.4544817464212105,7.489073276519775,72200,0.0,0.0
2023-01-10 00:00:00-05:00,7.584201562861745,7.601496917736746,7.41124306574831,7.471778869628906,80100,0.0,0.0
2023-01-11 00:00:00-05:00,7.55825866497649,7.644737929225695,7.5063717662088765,7.575554847717285,71900,0.0,0.0
2023-01-12 00:00:00-05:00,7.592040845234102,7.704836979945023,7.592040845234102,7.661453723907471,53700,0.029,0.0
2023-01-13 00:00:00-05:00,7.678806082900808,7.722188504271638,7.652775637118333,7.6961588859558105,77000,0.0,0.0
2023-01-17 00:00:00-05:00,7.6961588859558105,7.748218950054112,7.644099649324155,7.6961588859558105,60000,0.0,0.0
2023-01-18 00:00:00-05:00,7.704833459635853,7.756892681121826,7.678803848892866,7.756892681121826,39700,0.0,0.0
2023-01-19 00:00:00-05:00,7.748218981584352,7.782925415302238,7.730865350992085,7.7742486000061035,131300,0.0,0.0
2023-01-20 00:00:00-05:00,7.79160360419899,7.808957239693525,7.670131465604785,7.765573978424072,50700,0.0,0.0
2023-01-23 00:00:00-05:00,7.756894273588539,7.800277518710903,7.756894273588539,7.791600704193115,47400,0.0,0.0
2023-01-24 00:00:00-05:00,7.800278218427855,7.826308664316256,7.756894969413835,7.7742486000061035,86400,0.0,0.0
2023-01-25 00:00:00-05:00,7.808952730074207,7.8263063555471355,7.73086307037884,7.756892681121826,55500,0.0,0.0
2023-01-26 00:00:00-05:00,7.730865350992085,7.800278218427855,7.730865350992085,7.7742486000061035,93200,0.0,0.0
2023-01-27 00:00:00-05:00,7.739542166288219,7.782925415302238,7.739542166288219,7.7742486000061035,48500,0.0,0.0
2023-01-30 00:00:00-05:00,7.79160360419899,7.8349868654684425,7.756897160676806,7.765573978424072,52800,0.0,0.0
2023-01-31 00:00:00-05:00,7.782927613918607,7.8349868654684425,7.756897160676806,7.765573978424072,78800,0.0,0.0
2023-02-01 00:00:00-05:00,7.800278281166636,7.852338345895515,7.7655718471696025,7.826308727264404,84800,0.0,0.0
2023-02-02 00:00:00-05:00,7.843661530529593,7.852338345895515,7.808955096532559,7.826308727264404,62500,0.0,0.0
2023-02-03 00:00:00-05:00,7.8263056724527695,7.834981656965572,7.782922440023422,7.817628860473633,77000,0.0,0.0
2023-02-06 00:00:00-05:00,7.800277518710903,7.826307962264266,7.748218286537328,7.791600704193115,56400,0.0,0.0
2023-02-07 00:00:00-05:00,7.8089560132747255,7.887045705802153,7.8089560132747255,7.852339267730713,100400,0.0,0.0
2023-02-08 00:00:00-05:00,7.834985256195068,7.861015704090324,7.826309267696697,7.834985256195068,46600,0.0,0.0
2023-02-09 00:00:00-05:00,7.834981656965572,7.887041701374056,7.808952048494497,7.817628860473633,52400,0.0,0.0
2023-02-10 00:00:00-05:00,7.808952048494497,7.930424933803403,7.808952048494497,7.817628860473633,35800,0.0,0.0
2023-02-13 00:00:00-05:00,7.9217517609124934,7.9217517609124934,7.808955635766527,7.834985256195068,41700,0.0,0.0
2023-02-14 00:00:00-05:00,7.860229188043167,7.868933960276672,7.773183956106436,7.790592670440674,49500,0.029,0.0
2023-02-15 00:00:00-05:00,7.8167061332858205,7.96468394027522,7.747069615894665,7.764479160308838,69600,0.0,0.0
2023-02-16 00:00:00-05:00,7.764477379841988,7.764477379841988,7.651317857496698,7.668727397918701,54100,0.0,0.0
2023-02-17 00:00:00-05:00,7.668728486640931,7.720955455056401,7.633910230986386,7.6861371994018555,28400,0.0,0.0
2023-02-21 00:00:00-05:00,7.660024385879121,7.729660903285341,7.599091810549101,7.642614841461182,86400,0.0,0.0
2023-02-22 00:00:00-05:00,7.729660200343436,7.781887168582152,7.590387178196604,7.6600236892700195,82600,0.0,0.0
2023-02-23 00:00:00-05:00,7.668726997520213,7.703545246413717,7.5903857299766955,7.633908748626709,72800,0.0,0.0
2023-02-24 00:00:00-05:00,7.633909522061052,7.694841256264888,7.572976957724598,7.581681728363037,34800,0.0,0.0
2023-02-27 00:00:00-05:00,7.599088261975158,7.660020808851283,7.546861313375485,7.56427001953125,50800,0.0,0.0
2023-02-28 00:00:00-05:00,7.546865264659496,7.642615273978622,7.546865264659496,7.590388298034668,82300,0.0,0.0
2023-03-01 00:00:00-05:00,7.5468641156630865,7.59909108365558,7.503341088914216,7.512045860290527,65000,0.0,0.0
2023-03-02 00:00:00-05:00,7.512043994590959,7.512043994590959,7.442407501140838,7.451112270355225,99300,0.0,0.0
2023-03-03 00:00:00-05:00,7.546863555908203,7.546863555908203,7.459817508866714,7.546863555908203,84800,0.0,0.0
2023-03-06 00:00:00-05:00,7.54686430964781,7.54686430964781,7.468523025512695,7.468523025512695,52000,0.0,0.0
2023-03-07 00:00:00-05:00,7.485931165297468,7.555567664777509,7.451112915557447,7.494635105133057,88900,0.0,0.0
2023-03-08 00:00:00-05:00,7.47722614996472,7.538157877477147,7.459816610599725,7.485930919647217,52900,0.0,0.0
2023-03-09 00:00:00-05:00,7.494634859197187,7.555567416842142,7.47722614996472,7.485930919647217,50600,0.0,0.0
2023-03-10 00:00:00-05:00,7.485931104222462,7.572976312796065,7.442408084869385,7.442408084869385,35300,0.0,0.0
2023-03-13 00:00:00-04:00,7.459818253912635,7.564273022715218,7.442409540845227,7.468523025512695,23800,0.0,0.0
2023-03-14 00:00:00-04:00,7.476383680525432,7.572458399886484,7.476383680525432,7.554989814758301,10900,0.029,0.0
2023-03-15 00:00:00-04:00,7.581189758329539,7.642328116720048,7.520050566991369,7.563721179962158,57500,0.0,0.0
2023-03-16 00:00:00-04:00,7.572455636000809,7.624859706362323,7.563721346624663,7.58992338180542,26600,0.0,0.0
2023-03-17 00:00:00-04:00,7.581189925376955,7.624859706362323,7.563721346624663,7.58992338180542,48200,0.0,0.0
2023-03-20 00:00:00-04:00,7.57245571562638,7.773339375703972,7.57245571562638,7.67726469039917,60200,0.0,0.0
2023-03-21 00:00:00-04:00,7.685998835172466,7.729669448742586,7.572455573069225,7.598657608032227,83100,0.0,0.0
2023-03-22 00:00:00-04:00,7.598659860885422,7.686001113920624,7.55498923436782,7.616128444671631,67200,0.0,0.0
2023-03-23 00:00:00-04:00,7.581189925376955,7.668530320295371,7.572455636000809,7.58992338180542,50600,0.0,0.0
2023-03-24 00:00:00-04:00,7.616128734783422,7.67726711446818,7.554989522150712,7.624862194061279,71000,0.0,0.0
2023-03-27 00:00:00-04:00,7.651064779296127,7.686001113920624,7.598659860885422,7.616128444671631,36900,0.0,0.0
2023-03-28 00:00:00-04:00,7.624861903616814,7.7034688647589125,7.581192110047134,7.616128444671631,56800,0.0,0.0
2023-03-29 00:00:00-04:00,7.58992338180542,7.633593995738469,7.554987057248518,7.58992338180542,43600,0.0,0.0
2023-03-30 00:00:00-04:00,7.598659731977488,7.755873651594619,7.581191981435532,7.712203025817871,92900,0.0,0.0
2023-03-31 00:00:00-04:00,7.694735050201416,7.764607716221243,7.677266467222518,7.694735050201416,41400,0.0,0.0
2023-04-03 00:00:00-04:00,7.790809121144602,7.799543411920362,7.712202170058402,7.747138500213623,36200,0.0,0.0
2023-04-04 00:00:00-04:00,7.694732728643067,7.73840250701905,7.685998439788818,7.685998439788818,39000,0.0,0.0
2023-04-05 00:00:00-04:00,7.729670065293675,7.825744756453122,7.729670065293675,7.808276176452637,44600,0.0,0.0
2023-04-06 00:00:00-04:00,7.86941610593335,7.86941610593335,7.747138533392489,7.790809154510498,27800,0.0,0.0
2023-04-10 00:00:00-04:00,7.790809412601933,7.851947784423828,7.764607372242242,7.851947784423828,30300,0.0,0.0
2023-04-11 00:00:00-04:00,7.843215107881385,7.85194940078189,7.703469753265381,7.703469753265381,46500,0.0,0.0
2023-04-12 00:00:00-04:00,7.74713998076515,7.860683283705767,7.74713998076515,7.834481239318848,40700,0.0,0.0
2023-04-13 00:00:00-04:00,7.851127939212296,7.9299898487555796,7.833602699025146,7.86865234375,41200,0.029,0.0
2023-04-14 00:00:00-04:00,7.877419179907871,7.9913307951425105,7.833606891640719,7.973806381225586,92500,0.0,0.0
2023-04-17 00:00:00-04:00,7.947513466666319,7.96503870511886,7.886176803381151,7.894939422607422,64100,0.0,0.0
2023-04-18 00:00:00-04:00,7.868654895755986,7.921229797719375,7.798555583571279,7.851130485534668,85200,0.0,0.0
2023-04-19 00:00:00-04:00,7.781032562255859,7.824844849104177,7.781032562255859,7.781032562255859,40000,0.0,0.0
2023-04-20 00:00:00-04:00,7.719693015171598,7.789792314017575,7.693405151367188,7.6934051513671875,43500,0.0,0.0
2023-04-21 00:00:00-04:00,7.693405363279043,7.7021679847885425,7.623306062502208,7.658355712890625,43400,0.0,0.0
2023-04-24 00:00:00-04:00,7.667116858631721,7.719691741919513,7.623304595166799,7.67587947845459,48700,0.0,0.0
2023-04-25 00:00:00-04:00,7.675878930103488,7.710928571241658,7.597017028630265,7.605779647827148,43200,0.0,0.0
2023-04-26 00:00:00-04:00,7.605780635040271,7.947514471581369,7.597018014706021,7.877415180206299,243700,0.0,0.0
2023-04-27 00:00:00-04:00,7.851128834541588,7.91246551089245,7.798553943634033,7.798553943634033,53200,0.0,0.0
2023-04-28 00:00:00-04:00,7.83360192367289,7.991325727148309,7.807314901643441,7.894939422607422,83400,0.0,0.0
2023-05-01 00:00:00-04:00,7.912464235510414,7.912464235510414,7.763503043540667,7.824840545654297,32200,0.0,0.0
2023-05-02 00:00:00-04:00,7.842367866712545,7.947516835044757,7.789793800371297,7.807318210601807,60900,0.0,0.0
2023-05-03 00:00:00-04:00,7.798556975605266,7.868656300302628,7.781032562255859,7.781032562255859,28200,0.0,0.0
2023-05-04 00:00:00-04:00,7.7810307036449045,7.833604766784922,7.72845580485522,7.763505458831787,55000,0.0,0.0
2023-05-05 00:00:00-04:00,7.772265867356574,7.816078131260047,7.7284536034531,7.789791107177734,30200,0.0,0.0
2023-05-08 00:00:00-04:00,7.8160816683114,7.8160816683114,7.684645652770996,7.684645652770996,57900,0.0,0.0
2023-05-09 00:00:00-04:00,7.702165451498625,7.728452471731579,7.5532042774297095,7.561966896057129,81100,0.0,0.0
2023-05-10 00:00:00-04:00,7.605780191170482,7.710929122096644,7.605780191170482,7.67587947845459,85000,0.0,0.0
2023-05-11 00:00:00-04:00,7.745979734167447,7.7722667612731255,7.614542927340002,7.719692707061768,76400,0.0,0.0
2023-05-12 00:00:00-04:00,7.736396155964549,7.753978438146882,7.657273790120709,7.683647632598877,48300,0.029,0.0
2023-05-15 00:00:00-04:00,7.66606257589787,7.692436408830761,7.630897185851006,7.648479461669922,25700,0.0,0.0
2023-05-16 00:00:00-04:00,7.622107618521598,7.666064577157594,7.613316059112549,7.613316059112549,86000,0.0,0.0
2023-05-17 00:00:00-04:00,7.630899177930647,7.71002153579359,7.578150659885602,7.613316059112549,85300,0.0,0.0
2023-05-18 00:00:00-04:00,7.6133178344355565,7.6396916804034785,7.569360865549388,7.595735549926758,80200,0.0,0.0
2023-05-19 00:00:00-04:00,7.666065358805725,7.8331008125626935,7.534194469451904,7.534194469451904,73300,0.0,0.0
2023-05-22 00:00:00-04:00,7.657273790120709,7.7627699984427165,7.560569142094537,7.683647632598877,58800,0.0,0.0
2023-05-23 00:00:00-04:00,7.657271018783896,7.692436408830761,7.648479461669922,7.648479461669922,32400,0.0,0.0
2023-05-24 00:00:00-04:00,7.639688915060756,7.639688915060756,7.569358125664343,7.586941242218018,27300,0.0,0.0
2023-05-25 00:00:00-04:00,7.586941242218018,7.622106636916224,7.5341927309661365,7.586941242218018,34500,0.0,0.0
2023-05-26 00:00:00-04:00,7.569359872264389,7.604525275076874,7.4902383447433,7.534194469451904,49400,0.0,0.0
2023-05-30 00:00:00-04:00,7.534195800842713,7.595735895446502,7.50782195367508,7.569361209869385,47400,0.0,0.0
2023-05-31 00:00:00-04:00,7.569359665977841,7.595734346175423,7.525403542467167,7.578151226043701,58900,0.0,0.0
2023-06-01 00:00:00-04:00,7.63969066952904,7.868266206764724,7.551777581798702,7.683647632598877,102800,0.0,0.0
2023-06-02 00:00:00-04:00,7.666067239189203,7.692441088165384,7.57815329138921,7.657275676727295,66400,0.0,0.0
2023-06-05 00:00:00-04:00,7.648484114265387,7.666067239189203,7.569361728927302,7.657275676727295,72300,0.0,0.0
2023-06-06 00:00:00-04:00,7.613316059112549,7.6484814583394956,7.586942219294651,7.613316059112549,35900,0.0,0.0
2023-06-07 00:00:00-04:00,7.595734276064974,7.666065079124059,7.586942716080261,7.639690399169922,50400,0.0,0.0
2023-06-08 00:00:00-04:00,7.622110265289207,7.73639806206538,7.613318702827299,7.657275676727295,52300,0.0,0.0
2023-06-09 00:00:00-04:00,7.630898475646973,7.780351618209399,7.630898475646973,7.630898475646973,56900,0.0,0.0
2023-06-12 00:00:00-04:00,7.6396916804034785,7.718814056716692,7.595735549926758,7.595735549926758,52400,0.0,0.0
2023-06-13 00:00:00-04:00,7.622107618521598,7.666064577157594,7.586942219294651,7.613316059112549,95400,0.0,0.0
2023-06-14 00:00:00-04:00,7.612436952820726,7.753571221040203,7.612436952820726,7.630078315734863,80500,0.029,0.0
2023-06-15 00:00:00-04:00,7.638897411241273,7.709464526814641,7.60361385345459,7.60361385345459,76100,0.0,0.0
2023-06-16 00:00:00-04:00,7.585972009473156,7.612434465812284,7.550688453945546,7.568329811096191,48800,0.0,0.0
2023-06-20 00:00:00-04:00,7.568330859696618,7.603614420112804,7.515405939685557,7.594793319702148,79000,0.0,0.0
2023-06-21 00:00:00-04:00,7.656539120528378,7.656539120528378,7.541867354757063,7.568329811096191,68300,0.0,0.0
2023-06-22 00:00:00-04:00,7.533046079607087,7.638896743717394,7.533046079607087,7.585971832275391,66700,0.0,0.0
2023-06-23 00:00:00-04:00,7.603613189013958,7.665359199438396,7.559508535328089,7.585971832275391,49900,0.0,0.0
2023-06-26 00:00:00-04:00,7.60361385345459,7.656539610747802,7.594792753701325,7.60361385345459,46700,0.0,0.0
2023-06-27 00:00:00-04:00,7.612433433532715,7.66535833903412,7.594791237548109,7.612433433532715,43400,0.0,0.0
2023-06-28 00:00:00-04:00,7.630076132954297,7.63889723250116,7.612434775086927,7.621255874633789,46700,0.0,0.0
2023-06-29 00:00:00-04:00,7.612435901300484,7.612435901300484,7.497764113905342,7.533047676086426,110700,0.0,0.0
2023-06-30 00:00:00-04:00,7.550687400447968,7.568328755137231,7.5154038498432385,7.541866302490234,73100,0.0,0.0
2023-07-03 00:00:00-04:00,7.674180870888902,7.674180870888902,7.541867741187479,7.577151298522949,50900,0.0,0.0
2023-07-05 00:00:00-04:00,7.541867724738988,7.603613739634804,7.506584167480469,7.506584167480469,102300,0.0,0.0
2023-07-06 00:00:00-04:00,7.506582912081759,7.506582912081759,7.453657164432087,7.488940715789795,103600,0.0,0.0
2023-07-07 00:00:00-04:00,7.488941204488023,7.533045856869805,7.480120105766411,7.524224758148193,48800,0.0,0.0
2023-07-10 00:00:00-04:00,7.559508524497647,7.577150722437239,7.55068826675415,7.55068826675415,53600,0.0,0.0
2023-07-11 00:00:00-04:00,7.568329811096191,7.577150910284674,7.541867354757063,7.568329811096191,28700,0.0,0.0
2023-07-12 00:00:00-04:00,7.594791237548109,7.630074788291115,7.568328784797407,7.612433433532715,50500,0.0,0.0
2023-07-13 00:00:00-04:00,7.602699489013346,7.646952855462471,7.584997804808592,7.611550331115723,68900,0.029,0.0
2023-07-14 00:00:00-04:00,7.638101068067864,7.638101068067864,7.540744349178874,7.567296028137207,42800,0.0,0.0
2023-07-17 00:00:00-04:00,7.567298204544992,7.593849891139775,7.531895674397648,7.558447360992432,37900,0.0,0.0
2023-07-18 00:00:00-04:00,7.558446180672829,7.6381020720810895,7.558446180672829,7.593848705291748,40300,0.0,0.0
2023-07-19 00:00:00-04:00,7.611552101415589,7.655804634094238,7.602701257254677,7.655804634094238,54200,0.0,0.0
2023-07-20 00:00:00-04:00,7.62925034797651,7.753159591850319,7.611549509744633,7.69120454788208,100800,0.0,0.0
2023-07-21 00:00:00-04:00,7.726607235640068,7.7354580769789045,7.638101354439763,7.673503875732422,47300,0.0,0.0
2023-07-24 00:00:00-04:00,7.762012296625764,7.762012296625764,7.67350555202826,7.7089080810546875,25200,0.0,0.0
2023-07-25 00:00:00-04:00,7.717757071323898,7.717757071323898,7.673503709650204,7.69120454788208,28900,0.0,0.0
2023-07-26 00:00:00-04:00,7.682353496551514,7.708905172286988,7.638100140950688,7.682353496551514,67400,0.0,0.0
2023-07-27 00:00:00-04:00,7.744311387577449,7.770863075997229,7.629252945674458,7.655804634094238,110000,0.0,0.0
2023-07-28 00:00:00-04:00,7.6646558958773054,7.779714344049457,7.65580505123414,7.744311809539795,110700,0.0,0.0
2023-07-31 00:00:00-04:00,7.797414532547944,7.815115374364349,7.717758634217025,7.762012004852295,74700,0.0,0.0
2023-08-01 00:00:00-04:00,7.779713920158142,7.779713920158142,7.655804634094238,7.655804634094238,63700,0.0,0.0
2023-08-02 00:00:00-04:00,7.655802206428427,7.673503889137023,7.59384800507372,7.629250526428223,66300,0.0,0.0
2023-08-03 00:00:00-04:00,7.611550658246651,7.620400656666626,7.531894764027309,7.58499813079834,95800,0.0,0.0
2023-08-04 00:00:00-04:00,7.58499813079834,7.6292514991493965,7.558446447412824,7.58499813079834,62700,0.0,0.0
2023-08-07 00:00:00-04:00,7.567296461974696,7.602698983969671,7.5230430984653,7.540744781494141,143800,0.0,0.0
2023-08-08 00:00:00-04:00,7.55844612256422,7.629251171257717,7.55844612256422,7.611550331115723,86800,0.0,0.0
2023-08-09 00:00:00-04:00,7.576149048097553,7.646954108392239,7.496493144250305,7.558447360992432,113600,0.0,0.0
2023-08-10 00:00:00-04:00,7.558447360992432,7.584999047587215,7.523044830845088,7.558447360992432,55800,0.0,0.0
2023-08-11 00:00:00-04:00,7.558445620460276,7.558445620460276,7.5230430984653,7.540744781494141,53700,0.0,0.0
2023-08-14 00:00:00-04:00,7.5309744726496195,7.566498752128483,7.504332109985911,7.522094249725342,28800,0.029,0.0
2023-08-15 00:00:00-04:00,7.513214068055084,7.584260941520975,7.513214068055084,7.539856433868408,37600,0.0,0.0
2023-08-16 00:00:00-04:00,7.530976820738621,7.548738966016126,7.477692078797513,7.504334449768066,60500,0.0,0.0
2023-08-17 00:00:00-04:00,7.504334449768066,7.56650111129363,7.504334449768066,7.504334449768066,55700,0.0,0.0
2023-08-18 00:00:00-04:00,7.4776906522749735,7.584260962772426,7.4776906522749735,7.548737525939941,47400,0.0,0.0
2023-08-21 00:00:00-04:00,7.513213179855626,7.557617682258767,7.513213179855626,7.522094249725342,15200,0.0,0.0
2023-08-22 00:00:00-04:00,7.539859696740727,7.63754982524086,7.5132173193979215,7.610906600952148,80500,0.0,0.0
2023-08-23 00:00:00-04:00,7.602026298927575,7.690834504851992,7.584264149575153,7.681953430175781,59100,0.0,0.0
2023-08-24 00:00:00-04:00,7.619782985831394,7.628664055128108,7.5576171946451645,7.60202169418335,50600,0.0,0.0
2023-08-25 00:00:00-04:00,7.602023061161286,7.637546497790498,7.548737482744699,7.575379848480225,40200,0.0,0.0
2023-08-28 00:00:00-04:00,7.575379847645567,7.637546496948992,7.557618552805686,7.619784355163574,77300,0.0,0.0
2023-08-29 00:00:00-04:00,7.593141083412689,7.708592450405565,7.584260013579676,7.637545585632324,94200,0.0,0.0
2023-08-30 00:00:00-04:00,7.637545979693595,7.717473071478275,7.602022545474133,7.690830707550049,58200,0.0,0.0
2023-08-31 00:00:00-04:00,7.6819519845443445,7.824046611785889,7.619786167401364,7.824046611785889,79900,0.0,0.0
2023-09-01 00:00:00-04:00,7.8151635697573445,7.841805935113854,7.717473485207607,7.797401428222656,98200,0.0,0.0
2023-09-05 00:00:00-04:00,7.779641190242439,7.788522262215985,7.64642765147616,7.655308723449707,40800,0.0,0.0
2023-09-06 00:00:00-04:00,7.637545124424822,7.735234345852522,7.60202169418335,7.60202169418335,51100,0.0,0.0
2023-09-07 00:00:00-04:00,7.60202169418335,7.664187485369579,7.593140624886636,7.60202169418335,65100,0.0,0.0
2023-09-08 00:00:00-04:00,7.646426744067245,7.770759196105325,7.539856433868408,7.539856433868408,112600,0.0,0.0
2023-09-11 00:00:00-04:00,7.593141083412689,7.717472673293144,7.575378943746662,7.637545585632324,35300,0.0,0.0
2023-09-12 00:00:00-04:00,7.646428592355041,7.7085952568737195,7.602024920914798,7.699714183807373,37000,0.0,0.0
2023-09-13 00:00:00-04:00,7.699712777515647,7.717474073458636,7.646427195795505,7.664189338684082,41100,0.0,0.0
2023-09-14 00:00:00-04:00,7.663300525039742,7.672210693359375,7.574192043431726,7.672210693359375,13200,0.029,0.0
2023-09-15 00:00:00-04:00,7.654389506918648,7.698943747722656,7.583103061552819,7.672210693359375,43700,0.0,0.0
2023-09-18 00:00:00-04:00,7.663297872411433,7.663297872411433,7.592011451721191,7.592011451721191,34800,0.0,0.0
2023-09-19 00:00:00-04:00,7.627654808713155,7.707851396180635,7.592011597682769,7.698941230773926,173100,0.0,0.0
2023-09-20 00:00:00-04:00,7.698944101094844,7.698944101094844,7.618746633926954,7.65438985824585,33000,0.0,0.0
2023-09-21 00:00:00-04:00,7.6365645993873175,7.7613162567725915,7.502902777032563,7.618743419647217,155200,0.0,0.0
2023-09-22 00:00:00-04:00,7.672209612641801,7.7345858809015935,7.502904541196859,7.60983419418335,60800,0.0,0.0
2023-09-25 00:00:00-04:00,7.609835392934451,7.609835392934451,7.5296379281110175,7.538548946380615,47300,0.0,0.0
2023-09-26 00:00:00-04:00,7.565278485491844,7.583100515750812,7.3781514167785645,7.3781514167785645,124100,0.0,0.0
2023-09-27 00:00:00-04:00,7.3781523536801625,7.449438784165862,7.271222707951613,7.2801337242126465,131000,0.0,0.0
2023-09-28 00:00:00-04:00,7.306864864807315,7.3870622999375835,7.2890436846679,7.360330104827881,113000,0.0,0.0
2023-09-29 00:00:00-04:00,7.360330096275363,7.458348711431151,7.3157758712768555,7.3157758712768555,71700,0.0,0.0
2023-10-02 00:00:00-04:00,7.37815113359511,7.387062148382577,7.2266672814127455,7.2534003257751465,80800,0.0,0.0
2023-10-03 00:00:00-04:00,7.21775747391453,7.315776092027997,7.21775747391453,7.244489669799805,53100,0.0,0.0
2023-10-04 00:00:00-04:00,7.271222707951613,7.306865923194462,7.26231169169058,7.2801337242126465,63400,0.0,0.0
2023-10-05 00:00:00-04:00,7.297954193508973,7.315776224288816,7.235578785381925,7.262310981750488,94700,0.0,0.0
2023-10-06 00:00:00-04:00,7.2355800817448745,7.289045333862305,7.217758897573299,7.289045333862305,52800,0.0,0.0
2023-10-09 00:00:00-04:00,7.315775879777602,7.3870622999375835,7.262310639757037,7.360330104827881,34300,0.0,0.0
2023-10-10 00:00:00-04:00,7.30686511175044,7.431616776147099,7.30686511175044,7.3870625495910645,71000,0.0,0.0
2023-10-11 00:00:00-04:00,7.467259656976499,7.556367256344022,7.387062222684921,7.493991851806641,77300,0.0,0.0
2023-10-12 00:00:00-04:00,7.555689498143163,7.555689498143163,7.439448016295831,7.493098258972168,82800,0.029,0.0
2023-10-13 00:00:00-04:00,7.502039909362793,7.528864603619119,7.484156211364138,7.502039909362793,32500,0.0,0.0
2023-10-16 00:00:00-04:00,7.475215631619854,7.475215631619854,7.376857834151548,7.394741535186768,64800,0.0,0.0
2023-10-17 00:00:00-04:00,7.358974229360296,7.367916079994851,7.305324831036588,7.314266681671143,69500,0.0,0.0
2023-10-18 00:00:00-04:00,7.33214807510376,7.376856466662161,7.296381532405366,7.33214807510376,59400,0.0,0.0
2023-10-19 00:00:00-04:00,7.358974531828753,7.358974531828753,7.19802547750049,7.224850177764893,182200,0.0,0.0
2023-10-20 00:00:00-04:00,7.2784981866392275,7.305322878631973,7.126489751073571,7.162256717681885,155500,0.0,0.0
2023-10-23 00:00:00-04:00,7.153317100024263,7.2069673534808585,7.072842146210294,7.090725421905518,126900,0.0,0.0
2023-10-24 00:00:00-04:00,7.11754846572876,7.144373158236059,7.090723346850662,7.11754846572876,104800,0.0,0.0
2023-10-25 00:00:00-04:00,7.081782452736813,7.108607147243835,7.001307516474085,7.019190788269043,130900,0.0,0.0
2023-10-26 00:00:00-04:00,7.0549581168221565,7.0638999668999585,6.9476584741138145,7.046016693115234,171900,0.0,0.0
2023-10-27 00:00:00-04:00,7.001308691821751,7.046017092000005,6.974483992811522,6.992367267608643,123600,0.0,0.0
2023-10-30 00:00:00-04:00,7.019191347788499,7.081783017245626,7.019191347788499,7.072841167449951,92700,0.0,0.0
2023-10-31 00:00:00-04:00,7.054958870515071,7.126491973295965,7.010250894462474,7.090725421905518,129400,0.0,0.0
2023-11-01 00:00:00-04:00,7.108608380785429,7.528865980449599,7.108608380785429,7.314266681671143,314900,0.0,0.0
2023-11-02 00:00:00-04:00,7.341090211627066,7.5556894762265765,7.3321483624166675,7.51098108291626,377100,0.0,0.0
2023-11-03 00:00:00-04:00,7.528864284557839,7.636163909777612,7.510980587317067,7.627222061157227,135800,0.0,0.0
2023-11-06 00:00:00-05:00,7.555690180284166,7.573573880371409,7.448390537985969,7.484157085418701,84100,0.0,0.0
2023-11-07 00:00:00-05:00,7.510981929730302,7.546748477862664,7.403682285333214,7.439448833465576,102000,0.0,0.0
2023-11-08 00:00:00-05:00,7.421565985770282,7.457332533902644,7.394741287856452,7.439448833465576,73300,0.0,0.0
2023-11-09 00:00:00-05:00,7.457331792325678,7.46627364165501,7.233790675542494,7.242732524871826,222900,0.0,0.0
2023-11-10 00:00:00-05:00,7.314265449897729,7.350031993670802,7.260615207867285,7.305323600769043,131100,0.0,0.0
2023-11-13 00:00:00-05:00,7.2516727492200586,7.358972371520518,7.2516727492200586,7.35003137588501,134000,0.0,0.0
2023-11-14 00:00:00-05:00,7.519628308109284,7.546547978539496,7.402975261897173,7.42092227935791,159200,0.029,0.0
2023-11-15 00:00:00-05:00,7.46578802108618,7.483735038329599,7.385028155012555,7.4119486808776855,139300,0.0,0.0
2023-11-16 00:00:00-05:00,7.47476049739955,7.56449385970218,7.429893816248234,7.537573337554932,105900,0.0,0.0
2023-11-17 00:00:00-05:00,7.627307937013604,7.636281445851531,7.546548068994068,7.564495086669922,117000,0.0,0.0
2023-11-20 00:00:00-05:00,7.5555215701355545,7.591414749689796,7.411948851918588,7.438868522644043,185300,0.0,0.0
2023-11-21 00:00:00-05:00,7.411948851918588,7.474761702198284,7.385028325432229,7.438868522644043,151300,0.0,0.0
2023-11-22 00:00:00-05:00,7.438867622206625,7.519627480368321,7.4298941144640365,7.510653972625732,150500,0.0,0.0
2023-11-24 00:00:00-05:00,7.492707903314158,7.519627571105957,7.45681472767149,7.519627571105957,45800,0.0,0.0
2023-11-27 00:00:00-05:00,7.483735084533691,7.519628263481251,7.456815414263244,7.483735084533691,132800,0.0,0.0
2023-11-28 00:00:00-05:00,7.438868522644043,7.483735211027071,7.420922360747373,7.438868522644043,172800,0.0,0.0
2023-11-29 00:00:00-05:00,7.43886771196975,7.519627571105957,7.429894204118881,7.519627571105957,217100,0.0,0.0
2023-11-30 00:00:00-05:00,7.519628562855691,7.537574725163506,7.438868693068216,7.4657883644104,150700,0.0,0.0
2023-12-01 00:00:00-05:00,7.465788631783859,7.528602341513075,7.4568159781890735,7.492709159851074,175100,0.0,0.0
2023-12-04 00:00:00-05:00,7.456814637691802,7.519627480368321,7.4478411299492135,7.510653972625732,172900,0.0,0.0
2023-12-05 00:00:00-05:00,7.510654970004069,7.582441329956055,7.483735298962302,7.582441329956055,128500,0.0,0.0
2023-12-06 00:00:00-05:00,7.573467821021828,7.627308018866274,7.564495167848515,7.582441329956055,159300,0.0,0.0
2023-12-07 00:00:00-05:00,7.6273058701162535,7.717039222657184,7.6273058701162535,7.672172546386719,168100,0.0,0.0
2023-12-08 00:00:00-05:00,7.681148179015967,7.699094341035437,7.636281490325928,7.636281490325928,74700,0.0,0.0
2023-12-11 00:00:00-05:00,7.68114839243307,7.761907407405901,7.645255211635946,7.734987735748291,169200,0.0,0.0
2023-12-12 00:00:00-05:00,7.68114774774656,7.761906755941206,7.663200730973843,7.708067417144775,76900,0.0,0.0
2023-12-13 00:00:00-05:00,7.717040672095881,7.815746693821641,7.7080671640042215,7.8067731857299805,114900,0.0,0.0
2023-12-14 00:00:00-05:00,7.823880706178773,8.003947701108824,7.787867478917376,7.913914203643799,165500,0.029,0.0
2023-12-15 00:00:00-05:00,7.922917944751443,7.949927651290478,7.886904716491699,7.886904716491699,126600,0.0,0.0
2023-12-18 00:00:00-05:00,7.841885740167661,7.904908657073975,7.760855784932202,7.904908657073975,101600,0.0,0.0
2023-12-19 00:00:00-05:00,7.904910648099474,7.949927396637946,7.7968709667809755,7.823880672454834,98200,0.0,0.0
2023-12-20 00:00:00-05:00,7.814875456550065,7.931918621063232,7.814875456550065,7.931918621063232,110100,0.0,0.0
2023-12-21 00:00:00-05:00,7.913913176460598,8.093979289395973,7.868896433571015,7.994943141937256,181500,0.0,0.0
2023-12-22 00:00:00-05:00,8.003947281166772,8.03095698553994,7.967934055794877,8.01294994354248,89900,0.0,0.0
2023-12-26 00:00:00-05:00,8.066969587111405,8.066969587111405,7.95892991935018,7.994943141937256,86000,0.0,0.0
2023-12-27 00:00:00-05:00,8.012950436832195,8.084976892010047,8.012950436832195,8.057967185974121,136100,0.0,0.0
2023-12-28 00:00:00-05:00,8.084976196289062,8.084976196289062,7.985940043597453,8.084976196289062,78200,0.0,0.0
2023-12-29 00:00:00-05:00,8.084976054137883,8.084976054137883,8.0219531270443,8.066969871520996,142600,0.0,0.0
2024-01-02 00:00:00-05:00,8.057965826555572,8.066969346589634,7.940922641981555,7.976935863494873,37900,0.0,0.0
2024-01-03 00:00:00-05:00,8.003944631403531,8.021950808816895,7.886901473037091,7.985937595367432,86000,0.0,0.0
2024-01-04 00:00:00-05:00,8.021950808816895,8.021950808816895,7.958927899936018,7.985937595367432,38100,0.0,0.0
2024-01-05 00:00:00-05:00,7.985939621634748,8.03095636452433,7.95892991935018,7.994943141937256,51700,0.0,0.0
2024-01-08 00:00:00-05:00,8.012951014236204,8.066971288823769,7.985941306253991,8.021954536437988,56500,0.0,0.0
2024-01-09 00:00:00-05:00,8.003945735440418,8.04896161449453,8.003945735440418,8.039958953857422,41000,0.0,0.0
2024-01-10 00:00:00-05:00,8.075973107413914,8.075973107413914,7.95892991935018,7.994943141937256,65500,0.0,0.0
2024-01-11 00:00:00-05:00,8.021137421633822,8.075333813001638,7.966940168829898,8.030170440673828,47900,0.029,0.0
2024-01-12 00:00:00-05:00,8.030170440673828,8.084366832041644,8.030170440673828,8.030170440673828,42100,0.0,0.0
2024-01-16 00:00:00-05:00,8.03920318576232,8.03920318576232,7.975973770733853,8.012104988098145,26700,0.0,0.0
2024-01-17 00:00:00-05:00,7.985007945027688,8.048237369198826,7.957909743445243,7.9940409660339355,65000,0.0,0.0
2024-01-18 00:00:00-05:00,7.966939449310303,8.003070660771092,7.921776081061339,7.966939449310303,39900,0.0,0.0
2024-01-19 00:00:00-05:00,7.975974234739364,7.975974234739364,7.87661359656626,7.903711795806885,66700,0.0,0.0
2024-01-22 00:00:00-05:00,7.903710044612929,8.021136697219502,7.903710044612929,7.966939449310303,59300,0.0,0.0
2024-01-23 00:00:00-05:00,7.948876402548804,7.975974603040725,7.921778202056884,7.921778202056885,48300,0.0,0.0
2024-01-24 00:00:00-05:00,7.957907292522129,7.994038503982917,7.948874274297923,7.966939449310303,40900,0.0,0.0
2024-01-25 00:00:00-05:00,7.994036769122174,8.039200127569814,7.975970736594443,8.003068923950195,39700,0.0,0.0
2024-01-26 00:00:00-05:00,7.9940377334680806,8.012102906739226,7.966938681407439,7.975971698760986,51700,0.0,0.0
2024-01-29 00:00:00-05:00,8.012105444590723,8.057269684228379,7.9759742251678425,8.039203643798828,64200,0.0,0.0
2024-01-30 00:00:00-05:00,8.048238251744873,8.08436947829561,8.030173069187702,8.075336456298828,89500,0.0,0.0
2024-01-31 00:00:00-05:00,8.102434248635289,8.17469669037754,8.066303027764164,8.111466407775879,64200,0.0,0.0
2024-02-01 00:00:00-05:00,8.15662925284368,8.210826505590159,8.129531057188496,8.192760467529297,55700,0.0,0.0
2024-02-02 00:00:00-05:00,8.156630058683934,8.19276127693916,8.111465820505853,8.129531860351562,60200,0.0,0.0
2024-02-05 00:00:00-05:00,8.10243443077734,8.120499610900879,8.075335368437619,8.120499610900879,36000,0.0,0.0
2024-02-06 00:00:00-05:00,8.13856343350549,8.165661627020695,8.129530415188409,8.156628608703613,66300,0.0,0.0
2024-02-07 00:00:00-05:00,8.174696874144045,8.174696874144045,8.111466590120973,8.120499610900879,85200,0.0,0.0
2024-02-08 00:00:00-05:00,8.147597900197272,8.147597900197272,8.111465820505853,8.129531860351562,23800,0.0,0.0
2024-02-09 00:00:00-05:00,8.129531274383718,8.165662490034645,8.129531274383718,8.147597312927246,55600,0.0,0.0
2024-02-12 00:00:00-05:00,8.156628608703613,8.174694645337775,8.147596451822572,8.156628608703613,34400,0.0,0.0
2024-02-13 00:00:00-05:00,8.093401271112157,8.111466450925692,8.057270050048828,8.057270050048828,37300,0.0,0.0
2024-02-14 00:00:00-05:00,8.038240795917517,8.110738953606475,8.038240795917517,8.083552360534668,39100,0.029,0.0
2024-02-15 00:00:00-05:00,8.146985537613883,8.146985537613883,8.038238334381912,8.065424919128418,94400,0.0,0.0
2024-02-16 00:00:00-05:00,8.047301292419434,8.056363775951885,8.001989739003173,8.047301292419434,33300,0.0,0.0
2024-02-20 00:00:00-05:00,8.083551036258996,8.156049182071053,8.020115374734962,8.038239479064941,53300,0.0,0.0
2024-02-21 00:00:00-05:00,8.065424919128418,8.119798952867377,8.029175851384428,8.065424919128418,41500,0.0,0.0
2024-02-22 00:00:00-05:00,8.083550362303242,8.092612845835694,8.038238808886982,8.047301292419434,21700,0.0,0.0
2024-02-23 00:00:00-05:00,8.056363775951885,8.128861915719503,8.02917632535453,8.047301292419434,43600,0.0,0.0
2024-02-26 00:00:00-05:00,8.029175949703436,8.029175949703436,7.983865262653069,8.001989364624023,76400,0.0,0.0
2024-02-27 00:00:00-05:00,7.974802020512133,8.011051085249857,7.956677056020333,7.992926120758057,78300,0.0,0.0
2024-02-28 00:00:00-05:00,7.992925639529487,8.01105060293004,7.9566765769742025,7.974801540374756,71700,0.0,0.0
2024-02-29 00:00:00-05:00,7.965739724142963,7.983864689057699,7.9113656936446475,7.947615623474121,61900,0.0,0.0
2024-03-01 00:00:00-05:00,7.8751157792307165,7.956676384064118,7.8751157792307165,7.920427322387695,154700,0.0,0.0
2024-03-04 00:00:00-05:00,7.902304269242654,7.965739919508246,7.875116821203758,7.956677436828613,62400,0.0,0.0
2024-03-05 00:00:00-05:00,7.9566747885239595,8.065421951746321,7.920425734116506,8.029172897338867,72500,0.0,0.0
2024-03-06 00:00:00-05:00,8.047302159114986,8.047302159114986,7.938554937751471,8.011053085327148,55800,0.0,0.0
2024-03-07 00:00:00-05:00,8.047302159114986,8.047302159114986,7.97480401153931,8.011053085327148,67900,0.0,0.0
2024-03-08 00:00:00-05:00,8.029176518185722,8.074488072690198,8.011052414931541,8.02011489868164,37000,0.0,0.0
2024-03-11 00:00:00-04:00,8.065427108048858,8.07448959350586,7.983867331674385,8.07448959350586,66000,0.0,0.0
2024-03-12 00:00:00-04:00,8.10167341089631,8.110735893249512,8.056362727622076,8.110735893249512,62400,0.0,0.0
2024-03-13 00:00:00-04:00,8.083551036258996,8.101675140588974,8.011052890446939,8.038239479064941,69200,0.0,0.0
2024-03-14 00:00:00-04:00,8.000961024706912,8.02823678482642,7.946408637387113,7.973685264587402,66100,0.029,0.0
2024-03-15 00:00:00-04:00,8.01005243542512,8.01005243542512,7.955500053542466,7.991868019104004,26100,0.0,0.0
2024-03-18 00:00:00-04:00,8.000962377713565,8.046422563654168,7.982777956504954,8.010054588317871,29900,0.0,0.0
2024-03-19 00:00:00-04:00,8.055513907177547,8.055513907177547,7.937317770564351,8.010054588317871,43900,0.0,0.0
2024-03-20 00:00:00-04:00,8.000960508348307,8.037328475187497,7.964592541509116,8.019144058227539,51300,0.0,0.0
2024-03-21 00:00:00-04:00,8.037326022929467,8.073693978672479,8.019141611517732,8.055509567260742,99400,0.0,0.0
2024-03-22 00:00:00-04:00,8.09188147625321,8.100973686401034,8.03732994952804,8.064605712890625,33500,0.0,0.0
2024-03-25 00:00:00-04:00,8.128248179109107,8.128248179109107,8.064604452185268,8.119156837463379,75300,0.0,0.0
2024-03-26 00:00:00-04:00,8.11915822816157,8.128249571364519,8.000962095714277,8.073698043823242,75900,0.0,0.0
2024-03-27 00:00:00-04:00,8.119156324504695,8.200984463711682,8.100971908200613,8.164615631103516,47000,0.0,0.0
2024-03-28 00:00:00-04:00,8.15552643576565,8.182802200317383,8.137342014677213,8.182802200317383,35700,0.0,0.0
2024-04-01 00:00:00-04:00,8.182800694620928,8.219168663024902,8.100972548941797,8.219168663024902,103200,0.0,0.0
2024-04-02 00:00:00-04:00,8.164616305281974,8.182800723087603,8.100972577123805,8.137340545654297,39800,0.0,0.0
2024-04-03 00:00:00-04:00,8.128249530479515,8.164617504351066,8.100973766846073,8.155526161193848,75000,0.0,0.0
2024-04-04 00:00:00-04:00,8.18280084566218,8.210076605698438,8.091880489433624,8.146432876586914,71300,0.0,0.0
2024-04-05 00:00:00-04:00,8.119156837463379,8.155524805288536,8.046420901813065,8.119156837463379,29100,0.0,0.0
2024-04-08 00:00:00-04:00,8.128249530479515,8.155526161193848,8.110065977084185,8.155526161193848,11200,0.0,0.0
2024-04-09 00:00:00-04:00,8.173710995765086,8.173710995765086,8.08279148037561,8.100975036621094,57200,0.0,0.0
2024-04-10 00:00:00-04:00,8.073697767536954,8.091881320401496,8.010054031889757,8.046422004699707,34300,0.0,0.0
2024-04-11 00:00:00-04:00,8.010054031889757,8.06460555756425,7.973686059079805,8.046422004699707,37400,0.0,0.0
2024-04-12 00:00:00-04:00,8.118484160461458,8.118484160461458,8.009021552379968,8.018143653869629,14000,0.029,0.0
2024-04-15 00:00:00-04:00,7.954288994687151,8.009019852143332,7.844826409843498,7.853947639465332,132000,0.0,0.0
2024-04-16 00:00:00-04:00,7.863070077756715,7.936045137462891,7.844826747795838,7.881314277648926,76400,0.0,0.0
2024-04-17 00:00:00-04:00,7.936044914459056,7.963410343597067,7.872191956493261,7.908679485321045,77300,0.0,0.0
2024-04-18 00:00:00-04:00,7.9542893373551005,7.9542893373551005,7.8721921777028205,7.881314277648926,43600,0.0,0.0
2024-04-19 00:00:00-04:00,7.917802953120425,7.92692418445494,7.872193316722024,7.89043664932251,28600,0.0,0.0
2024-04-22 00:00:00-04:00,7.917801585010818,7.917801585010818,7.817460228285933,7.908679485321045,31900,0.0,0.0
2024-04-23 00:00:00-04:00,7.936046849042146,8.063753666036341,7.899559311319736,7.963412284851074,73800,0.0,0.0
2024-04-24 00:00:00-04:00,8.009023422800965,8.018145526420994,7.917804996395716,7.981657981872559,40200,0.0,0.0
2024-04-25 00:00:00-04:00,7.954289575652059,7.963410805940088,7.917802044705867,7.9269232749938965,22300,0.0,0.0
2024-04-26 00:00:00-04:00,7.936046285720912,7.972533820853341,7.808340347723136,7.89043664932251,77600,0.0,0.0
2024-04-29 00:00:00-04:00,7.963410805940088,7.963410805940088,7.853948213101512,7.9269232749938965,45800,0.0,0.0
2024-04-30 00:00:00-04:00,7.917802810668945,7.945168244043064,7.881315276192973,7.917802810668945,48400,0.0,0.0
2024-05-01 00:00:00-04:00,7.981652881505087,7.981652881505087,7.908677839040102,7.9360432624816895,74900,0.0,0.0
2024-05-02 00:00:00-04:00,7.981656509834506,7.981656509834506,7.926924768140057,7.945168972015381,61400,0.0,0.0
2024-05-03 00:00:00-04:00,7.972530483960395,8.081993043542264,7.972530483960395,8.04550552368164,35400,0.0,0.0
2024-05-06 00:00:00-04:00,8.081996624434295,8.081996624434295,7.981656117842465,8.018143653869629,34800,0.0,0.0
2024-05-07 00:00:00-04:00,8.100239597314708,8.15497045807831,8.054629966724143,8.145849227905273,44400,0.0,0.0
2024-05-08 00:00:00-04:00,8.145849592028197,8.145849592028197,8.063752427281672,8.091117858886719,27700,0.0,0.0
2024-05-09 00:00:00-04:00,8.072879048369279,8.127609942227068,8.027269390199873,8.063756942749023,33300,0.0,0.0
2024-05-10 00:00:00-04:00,8.10936297251617,8.10936297251617,8.018143696991935,8.054631233215332,43100,0.0,0.0
2024-05-13 00:00:00-04:00,8.127606261951119,8.127606261951119,7.917803147277799,8.018143653869629,75800,0.0,0.0
2024-05-14 00:00:00-04:00,8.008074337152289,8.053834936498184,7.9165531384604995,7.925705432891846,109100,0.029,0.0
2024-05-15 00:00:00-04:00,8.044681712144456,8.044681712144456,7.934856810095985,7.971465110778809,80000,0.0,0.0
2024-05-16 00:00:00-04:00,7.971465828017773,7.980618122214647,7.925705229844213,7.953161239624023,93700,0.0,0.0
2024-05-17 00:00:00-04:00,7.998924084404869,7.998924084404869,7.916555159120184,7.934859752655029,79600,0.0,0.0
2024-05-20 00:00:00-04:00,7.989770376044369,7.989770376044369,7.953162068253513,7.980618953704834,28100,0.0,0.0
2024-05-21 00:00:00-04:00,8.008075603501528,8.008075603501528,7.825034049983688,7.861642360687256,159600,0.0,0.0
2024-05-22 00:00:00-04:00,7.861642360687256,7.898250671390824,7.78842573928012,7.861642360687256,83600,0.0,0.0
2024-05-23 00:00:00-04:00,7.834185630174242,7.834185630174242,7.696903822968942,7.706056118011475,159000,0.0,0.0
2024-05-24 00:00:00-04:00,7.651146085085554,7.806731667814829,7.651146085085554,7.797580242156982,140900,0.0,0.0
2024-05-28 00:00:00-04:00,7.797579899112605,7.797579899112605,7.742666983525239,7.77012300491333,104000,0.0,0.0
2024-05-29 00:00:00-04:00,7.742664151854952,7.770120163201749,7.660295245003698,7.678599834442139,81500,0.0,0.0
2024-05-30 00:00:00-04:00,7.678600105694772,7.733512130328177,7.678600105694772,7.706056118011475,63100,0.0,0.0
2024-05-31 00:00:00-04:00,7.724359426056071,7.770120026033482,7.706055709751615,7.76096773147583,81600,0.0,0.0
2024-06-03 00:00:00-04:00,7.760969034112353,7.806729641770435,7.742665314735718,7.788425922393799,92700,0.0,0.0
2024-06-04 00:00:00-04:00,7.806727289760048,7.834184169769286,7.788423575897955,7.834184169769287,57500,0.0,0.0
2024-06-05 00:00:00-04:00,7.834188132500756,7.870796451553093,7.7701229195507855,7.852491855621338,86200,0.0,0.0
2024-06-06 00:00:00-04:00,7.8524878836313805,7.879943890829886,7.825031876432874,7.834184169769287,75300,0.0,0.0
2024-06-07 00:00:00-04:00,7.834185037998272,7.879944764130226,7.7975767334062125,7.870793342590332,78900,0.0,0.0
2024-06-10 00:00:00-04:00,7.916552898422272,7.962313496380657,7.889096888771565,7.944009780883789,92000,0.0,0.0
2024-06-11 00:00:00-04:00,7.925706055613097,7.989770376044369,7.925706055613097,7.980618953704834,65200,0.0,0.0
2024-06-12 00:00:00-04:00,8.017227415512144,8.044683428680008,7.980619107018017,7.998922824859619,46900,0.0,0.0
2024-06-13 00:00:00-04:00,8.026377558374788,8.044681271307816,7.971464673954329,8.01722526550293,52900,0.0,0.0
2024-06-14 00:00:00-04:00,8.016308784484863,8.025491479425966,7.997944270312646,8.016308784484863,13800,0.029,0.0
2024-06-17 00:00:00-04:00,8.025491479425966,8.034674174367067,7.970397061199328,8.016308784484863,37000,0.0,0.0
2024-06-18 00:00:00-04:00,8.016310536753284,8.034675930649943,7.988763321618478,8.007128715515137,45800,0.0,0.0
2024-06-20 00:00:00-04:00,8.016308784484863,8.016308784484863,7.988761575371544,8.016308784484863,46200,0.0,0.0
2024-06-21 00:00:00-04:00,8.016305762724716,8.025488454204389,7.9520286737863355,7.988758563995361,43900,0.0,0.0
2024-06-24 00:00:00-04:00,8.025488454204389,8.04385383716373,7.9520286737863355,7.988758563995361,65100,0.0,0.0
2024-06-25 00:00:00-04:00,7.988762230598778,8.016309441971481,7.942849627837566,7.961215019226074,60100,0.0,0.0
2024-06-26 00:00:00-04:00,7.952031605813511,7.988761509565375,7.942848910948049,7.970396995544434,61400,0.0,0.0
2024-06-27 00:00:00-04:00,7.970398201680191,7.988762718480178,7.942850112915039,7.942850112915039,76800,0.0,0.0
2024-06-28 00:00:00-04:00,7.961215019226075,7.988762230598778,7.95203232353182,7.961215019226074,51600,0.0,0.0
2024-07-01 00:00:00-04:00,7.988760160882516,7.988760160882516,7.896935854859859,7.933665752410889,45000,0.0,0.0
2024-07-02 00:00:00-04:00,7.942850112915039,7.979580022225127,7.933668292370102,7.942850112915039,49800,0.0,0.0
2024-07-03 00:00:00-04:00,7.988761509565375,7.988761509565375,7.952031605813511,7.970396995544434,25700,0.0,0.0
2024-07-05 00:00:00-04:00,7.961214300678972,8.016308718451779,7.961214300678972,7.970396995544434,24400,0.0,0.0
2024-07-08 00:00:00-04:00,7.96121539986224,7.997945308685303,7.96121539986224,7.997945308685303,46600,0.0,0.0
2024-07-09 00:00:00-04:00,7.97958062467015,8.016310536753284,7.961216106483672,8.007128715515137,47300,0.0,0.0
2024-07-10 00:00:00-04:00,8.007126965253748,8.025491479425966,7.9612143662582255,8.016308784484863,88900,0.0,0.0
2024-07-11 00:00:00-04:00,8.080587873155718,8.080587873155718,8.007128055048765,8.062222480773926,178300,0.0,0.0
2024-07-12 00:00:00-04:00,8.062222480773926,8.080587873155718,8.007128055048765,8.062222480773926,49000,0.0,0.0
2024-07-15 00:00:00-04:00,8.052085570611544,8.088937186640884,8.052085570611544,8.070511817932129,39800,0.029,0.0
2024-07-16 00:00:00-04:00,8.098152859011835,8.098152859011835,8.02444960375672,8.061301231384277,66500,0.0,0.0
2024-07-17 00:00:00-04:00,8.061298676173259,8.061298676173259,8.015233936587046,8.042872428894043,45200,0.0,0.0
2024-07-18 00:00:00-04:00,8.07972620544346,8.07972620544346,8.015235208345397,8.05208683013916,75600,0.0,0.0
2024-07-19 00:00:00-04:00,8.079724980853872,8.079724980853872,8.015233993530273,8.015233993530273,25300,0.0,0.0
2024-07-22 00:00:00-04:00,8.042873705037728,8.070513080342026,8.024448333446829,8.05208683013916,54100,0.0,0.0
2024-07-23 00:00:00-04:00,8.079727739230234,8.098153114318848,8.052088358679109,8.098153114318848,49900,0.0,0.0
2024-07-24 00:00:00-04:00,8.061301231384277,8.07972748450411,8.05208810482436,8.061301231384277,67200,0.0,0.0
2024-07-25 00:00:00-04:00,8.079726219177246,8.079726219177246,8.070513094060153,8.079726219177246,22900,0.0,0.0
2024-07-26 00:00:00-04:00,8.070514292389985,8.107365919718209,8.070514292389985,8.088939666748047,17000,0.0,0.0
2024-07-29 00:00:00-04:00,8.107363320209434,8.14421493572172,8.088937073147381,8.125788688659668,62400,0.0,0.0
2024-07-30 00:00:00-04:00,8.162641012868349,8.171854137199277,8.098150899775645,8.1165771484375,31700,0.0,0.0
2024-07-31 00:00:00-04:00,8.153431191983765,8.227134451326783,8.144218064912849,8.190282821655273,68300,0.0,0.0
2024-08-01 00:00:00-04:00,8.273195323919774,8.273195323919774,8.19949209135212,8.245556831359863,57700,0.0,0.0
2024-08-02 00:00:00-04:00,8.282410942714503,8.291624069213867,8.263985568327877,8.291624069213867,66900,0.0,0.0
2024-08-05 00:00:00-04:00,8.291622916547412,8.291622916547412,8.181068049760219,8.227132797241211,45600,0.0,0.0
2024-08-06 00:00:00-04:00,8.2455586753315,8.282410299856533,8.227133302375,8.273197174072266,35200,0.0,0.0
2024-08-07 00:00:00-04:00,8.2824080482471,8.346899032592773,8.26398268029962,8.346899032592773,103900,0.0,0.0
2024-08-08 00:00:00-04:00,8.411393229136491,8.429818606044998,8.337689964278017,8.356115341186523,121500,0.0,0.0
2024-08-09 00:00:00-04:00,8.383753776550293,8.392966024656843,8.356114396394272,8.383753776550293,47300,0.0,0.0
2024-08-12 00:00:00-04:00,8.33768680317334,8.37453842163086,8.300835184715824,8.37453842163086,55000,0.0,0.0
2024-08-13 00:00:00-04:00,8.392966082398585,8.392966082398585,8.300837450414393,8.328475952148438,49300,0.0,0.0
2024-08-14 00:00:00-04:00,8.346901949597951,8.356114197485214,8.282410942714503,8.291624069213867,46600,0.0,0.0
2024-08-15 00:00:00-04:00,8.299939972258464,8.327668692857289,8.281455039978027,8.281455039978027,36300,0.029,0.0
2024-08-16 00:00:00-04:00,8.346155886209292,8.35539879557958,8.309185130180493,8.318428039550781,77400,0.0,0.0
2024-08-19 00:00:00-04:00,8.336913858291357,8.364641704949868,8.29070019289227,8.318428039550781,27400,0.0,0.0
2024-08-20 00:00:00-04:00,8.373885183977762,8.420097971068254,8.336914425433923,8.383127212524414,39100,0.0,0.0
2024-08-21 00:00:00-04:00,8.401612383988338,8.42009732110717,8.373884537583919,8.410855293273926,38000,0.0,0.0
2024-08-22 00:00:00-04:00,8.410855293273926,8.429340230392757,8.373884537583919,8.410855293273926,41400,0.0,0.0
2024-08-23 00:00:00-04:00,8.429338214223025,8.429338214223025,8.392367467375859,8.401610374450684,37400,0.0,0.0
2024-08-26 00:00:00-04:00,8.429340881067317,8.429340881067317,8.383127212524414,8.383127212524414,22400,0.0,0.0
2024-08-27 00:00:00-04:00,8.392369551608377,8.392369551608377,8.318428039550781,8.318428039550781,80700,0.0,0.0
2024-08-28 00:00:00-04:00,8.318428039550781,8.392369551608377,8.272214374151696,8.318428039550781,35800,0.0,0.0
2024-08-29 00:00:00-04:00,8.327670713786185,8.346155650552479,8.272214140582648,8.29069995880127,92800,0.0,0.0
2024-08-30 00:00:00-04:00,8.272214140582648,8.318427804676874,8.244486294707043,8.29069995880127,75300,0.0,0.0
2024-09-03 00:00:00-04:00,8.318428039550781,8.373884614320156,8.281457283521982,8.318428039550781,51900,0.0,0.0
2024-09-04 00:00:00-04:00,8.34615622203271,8.37388495125929,8.281457616742129,8.355399131774902,77200,0.0,0.0
2024-09-05 00:00:00-04:00,8.373885183977762,8.392370122523477,8.318428605435797,8.383127212524414,94900,0.0,0.0
2024-09-06 00:00:00-04:00,8.37388495125929,8.383126979549095,8.336914193742903,8.355399131774902,41200,0.0,0.0
2024-09-09 00:00:00-04:00,8.383124560301033,8.401610374450684,8.364639627603518,8.401610374450684,107300,0.0,0.0
2024-09-10 00:00:00-04:00,8.420096500489732,8.429339408874512,8.383125748402872,8.429339408874512,31700,0.0,0.0
2024-09-11 00:00:00-04:00,8.429339035252587,8.494037628173828,8.429339035252587,8.494037628173828,37400,0.0,0.0
2024-09-12 00:00:00-04:00,8.494037628173828,8.494037628173828,8.457066877725659,8.494037628173828,34800,0.0,0.0
2024-09-13 00:00:00-04:00,8.530197688269991,8.530197688269991,8.493109906834826,8.520925521850586,39400,0.029,0.0
2024-09-16 00:00:00-04:00,8.558013303285751,8.558013303285751,8.493109906834826,8.520925521850586,48200,0.0,0.0
2024-09-17 00:00:00-04:00,8.539469649806245,8.558013097957694,8.465294088715572,8.493109703063965,82600,0.0,0.0
2024-09-18 00:00:00-04:00,8.548742022538496,8.548742022538496,8.474566459655762,8.474566459655762,32400,0.0,0.0
2024-09-19 00:00:00-04:00,8.483837878040227,8.511654377749682,8.437478813676078,8.456022262573242,86900,0.0,0.0
2024-09-20 00:00:00-04:00,8.437481880187988,8.47456967570395,8.40966537036892,8.437481880187988,59500,0.0,0.0
2024-09-23 00:00:00-04:00,8.437478405241487,8.446749687120036,8.400390625,8.400390625,36800,0.0,0.0
2024-09-24 00:00:00-04:00,8.409664154052734,8.428208491249986,8.381848532499522,8.409664154052734,46200,0.0,0.0
2024-09-25 00:00:00-04:00,8.437478405241487,8.483837467361525,8.400390625,8.400390625,36900,0.0,0.0
2024-09-26 00:00:00-04:00,8.428206239120508,8.428206239120508,8.381846292758041,8.400390625,41200,0.0,0.0
2024-09-27 00:00:00-04:00,8.409661159518366,8.437477655409275,8.400389878463749,8.428205490112305,27000,0.0,0.0
2024-09-30 00:00:00-04:00,8.400391031639275,8.46529442914306,8.381846698499638,8.456022262573242,62000,0.0,0.0
2024-10-01 00:00:00-04:00,8.42820664710626,8.474566595712881,8.40966231396662,8.456022262573242,103000,0.0,0.0
2024-10-02 00:00:00-04:00,8.437481880187988,8.446753165884884,8.40966537036892,8.437481880187988,48400,0.0,0.0
2024-10-03 00:00:00-04:00,8.418933324815336,8.437477655409275,8.39111771316678,8.428205490112305,44600,0.0,0.0
2024-10-04 00:00:00-04:00,8.400389878463749,8.428205490112305,8.38184554786981,8.428205490112305,181200,0.0,0.0
2024-10-07 00:00:00-04:00,8.428206511793439,8.493109908255216,8.381846563931115,8.474566459655762,86900,0.0,0.0
2024-10-08 00:00:00-04:00,8.446750096003424,8.483837878040227,8.400391031639275,8.456022262573242,48800,0.0,0.0
2024-10-09 00:00:00-04:00,8.456023623563809,8.483839243507695,8.43748017168209,8.465295791625977,28200,0.0,0.0
2024-10-10 00:00:00-04:00,8.4652968867411,8.4652968867411,8.428209093937175,8.446752548217773,30700,0.0,0.0
2024-10-11 00:00:00-04:00,8.456023415773807,8.48383903503418,8.40966346084479,8.48383903503418,48300,0.0,0.0
2024-10-14 00:00:00-04:00,8.48383903503418,8.493111202868501,8.40966346084479,8.48383903503418,39400,0.0,0.0
2024-10-15 00:00:00-04:00,8.50151252746582,8.520114937550298,8.482909230327312,8.50151252746582,48600,0.029,0.0
2024-10-16 00:00:00-04:00,8.51081325015482,8.538718195735282,8.51081325015482,8.52011489868164,36000,0.0,0.0
2024-10-17 00:00:00-04:00,8.520113488416982,8.557319189311881,8.473606140534887,8.492209434509277,46300,0.0,0.0
2024-10-18 00:00:00-04:00,8.520114436267562,8.538717732311541,8.510812788245572,8.52941608428955,48100,0.0,0.0
2024-10-21 00:00:00-04:00,8.529415094998669,8.548017501831055,8.4643053405045,8.548017501831055,44800,0.0,0.0
2024-10-22 00:00:00-04:00,8.529415099621442,8.529415099621442,8.473606104986283,8.510811805725098,55700,0.0,0.0
2024-10-23 00:00:00-04:00,8.482909719275591,8.482909719275591,8.389895889383896,8.417799949645996,95200,0.0,0.0
2024-10-24 00:00:00-04:00,8.427101146518835,8.43640190807103,8.37129214193549,8.38989543914795,45600,0.0,0.0
2024-10-25 00:00:00-04:00,8.40849971367386,8.455007079962783,8.343389933101909,8.352690696716309,62800,0.0,0.0
2024-10-28 00:00:00-04:00,8.389897299390832,8.399198063005231,8.343389933101909,8.352690696716309,55400,0.0,0.0
2024-10-29 00:00:00-04:00,8.34338708891196,8.34338708891196,8.21316668510486,8.278276443481445,111700,0.0,0.0
2024-10-30 00:00:00-04:00,8.278275063092181,8.324782405772115,8.250371012305733,8.268974304199219,63700,0.0,0.0
2024-10-31 00:00:00-04:00,8.296880699762065,8.38059376283329,8.296880699762065,8.371292114257812,51300,0.0,0.0
2024-11-01 00:00:00-04:00,8.436403778625522,8.436403778625522,8.352690696716309,8.352690696716309,59700,0.0,0.0
2024-11-04 00:00:00-05:00,8.408498764038086,8.408498764038086,8.35268975338347,8.408498764038086,76600,0.0,0.0
2024-11-05 00:00:00-05:00,8.361990465682336,8.417799470081162,8.361990465682336,8.371292114257812,41100,0.0,0.0
2024-11-06 00:00:00-05:00,8.296881675720215,8.334087387344578,8.268977613765477,8.296881675720215,57000,0.0,0.0
2024-11-07 00:00:00-05:00,8.306180458479675,8.371290209585895,8.29687881202055,8.334084510803223,60400,0.0,0.0
2024-11-08 00:00:00-05:00,8.334084972169368,8.38989396695982,8.315481678221257,8.324783325195312,61000,0.0,0.0
2024-11-11 00:00:00-05:00,8.324782405772115,8.334084051718857,8.259672658252477,8.268974304199219,123500,0.0,0.0
2024-11-12 00:00:00-05:00,8.222469364333037,8.259675071938679,8.064344885245552,8.110852241516113,181700,0.0,0.0
2024-11-13 00:00:00-05:00,8.157357149594286,8.17595955428712,8.045739173222199,8.120150566101074,132700,0.0,0.0
2024-11-14 00:00:00-05:00,8.13875385784768,8.17595955428712,8.0550408190955,8.120150566101074,80200,0.0,0.0
2024-11-15 00:00:00-05:00,8.119219855796908,8.175214868324293,7.979233659494241,8.044560432434082,140200,0.029,0.0
2024-11-18 00:00:00-05:00,8.053892102250893,8.119218867236837,8.04455945296421,8.091221809387207,104300,0.0,0.0
2024-11-19 00:00:00-05:00,8.044559437869408,8.109886202732772,8.044559437869408,8.072556495666504,82500,0.0,0.0
2024-11-20 00:00:00-05:00,8.072557418299661,8.128552430304087,8.044560357302709,8.119219779968262,116800,0.0,0.0
2024-11-21 00:00:00-05:00,8.119220739064671,8.147217803368822,8.10055632619878,8.12855339050293,84800,0.0,0.0
2024-11-22 00:00:00-05:00,8.100554410213158,8.128551467895297,8.091221760982306,8.109886169433594,106200,0.0,0.0
2024-11-25 00:00:00-05:00,8.109886169433594,8.147215876346586,8.0725564625206,8.109886169433594,248200,0.0,0.0
2024-11-26 00:00:00-05:00,8.08189102332226,8.1752157576836,8.063226610456368,8.12855339050293,173200,0.0,0.0
2024-11-27 00:00:00-05:00,8.14721680344251,8.25920682693558,8.08189003141365,8.156549453735352,263200,0.0,0.0
2024-11-29 00:00:00-05:00,8.175216679174824,8.20321374663474,8.137886959224696,8.184549331665039,58300,0.0,0.0
2024-12-02 00:00:00-05:00,8.175214717012452,8.231208838492934,8.147216766261698,8.193879127502441,200300,0.0,0.0
2024-12-03 00:00:00-05:00,8.203211828369046,8.212544478676882,8.137885056235227,8.175214767456055,87800,0.0,0.0
2024-12-04 00:00:00-05:00,8.184548356060336,8.184548356060336,8.119220686426674,8.147217750549316,103800,0.0,0.0
2024-12-05 00:00:00-05:00,8.18454840912186,8.18454840912186,8.119220739064671,8.12855339050293,107100,0.0,0.0
2024-12-06 00:00:00-05:00,8.175214767456055,8.19387917806121,8.137885056235227,8.175214767456055,72100,0.0,0.0
2024-12-09 00:00:00-05:00,8.19387917806121,8.240541539589875,8.165882117148218,8.175214767456055,156700,0.0,0.0
2024-12-10 00:00:00-05:00,8.22187804072261,8.240542453397493,8.175215674019476,8.20321273803711,113000,0.0,0.0
2024-12-11 00:00:00-05:00,8.277873089470495,8.277873089470495,8.193880998064895,8.249876022338867,57000,0.0,0.0
2024-12-12 00:00:00-05:00,8.277872168757876,8.277872168757876,8.175215674019476,8.20321273803711,101400,0.0,0.0
2024-12-13 00:00:00-05:00,8.155456746816473,8.286543628505061,8.12736701965332,8.12736701965332,111200,0.029,0.0
2024-12-16 00:00:00-05:00,8.17418350932058,8.17418350932058,8.0524610520601,8.089914321899414,113500,0.0,0.0
2024-12-17 00:00:00-05:00,8.080553640146162,8.099279835213059,8.024373269032063,8.043100357055664,194200,0.0,0.0
2024-12-18 00:00:00-05:00,8.043100203227667,8.071189941769136,7.958830094646575,7.977557182312012,255500,0.0,0.0
2024-12-19 00:00:00-05:00,7.968192669891086,8.024372140145024,7.799652473216112,7.837105751037598,426500,0.0,0.0
2024-12-20 00:00:00-05:00,7.82774126677716,7.912011354978154,7.82774126677716,7.8839216232299805,220000,0.0,0.0
2024-12-23 00:00:00-05:00,7.8932860107721945,7.912012202959159,7.771562636208937,7.874558925628662,403200,0.0,0.0
2024-12-24 00:00:00-05:00,7.799651691657662,7.912011513863183,7.799651691657662,7.902647972106934,150000,0.0,0.0
2024-12-26 00:00:00-05:00,7.893287658691406,7.921377399314565,7.8277437399616945,7.893287658691406,196800,0.0,0.0
2024-12-27 00:00:00-05:00,7.855831196058621,7.874557384580878,7.837104114579971,7.865193843841553,352200,0.0,0.0
2024-12-30 00:00:00-05:00,7.8651953830568955,7.912012202959159,7.846469190869931,7.874558925628662,192400,0.0,0.0
2024-12-31 00:00:00-05:00,7.874559772535456,7.930740141051669,7.874559772535456,7.912013053894043,200800,0.0,0.0
2025-01-02 00:00:00-05:00,7.930738339272561,7.949464529219132,7.921374797821045,7.921374797821045,58800,0.0,0.0
2025-01-03 00:00:00-05:00,7.949466228485107,7.977556858844267,7.930740034535653,7.949466228485107,44800,0.0,0.0
2025-01-06 00:00:00-05:00,7.940102685032054,8.015010139699827,7.9213764910826,7.949466228485107,91700,0.0,0.0
2025-01-07 00:00:00-05:00,7.996283377020761,8.061826397936416,7.940103006981137,7.977557182312012,119900,0.0,0.0
2025-01-08 00:00:00-05:00,7.986919833188042,8.033736659394949,7.968193638479294,7.977557182312012,80300,0.0,0.0
2025-01-10 00:00:00-05:00,7.921375745530925,7.977556108004954,7.874558925628662,7.874558925628662,141100,0.0,0.0
2025-01-13 00:00:00-05:00,7.92137489654637,7.940101086726329,7.865194540093549,7.8839216232299805,109600,0.0,0.0
2025-01-14 00:00:00-05:00,7.8932860107721945,7.921375745530925,7.855832733441698,7.874558925628662,54700,0.0,0.0
2025-01-15 00:00:00-05:00,7.920596463429554,7.967574371602677,7.901804583323376,7.911200523376465,89000,0.029,0.0
2025-01-16 00:00:00-05:00,7.892411362092306,7.948786125784974,7.854828484979351,7.939390182495117,94700,0.0,0.0
2025-01-17 00:00:00-05:00,7.986366477041415,8.0051583576778,7.948783611814831,7.967574596405029,47200,0.0,0.0
2025-01-21 00:00:00-05:00,7.976972579956055,8.0051604081307,7.948785647827825,7.976972579956055,79200,0.0,0.0
2025-01-22 00:00:00-05:00,7.958181590552707,8.014555454809168,7.958181590552707,7.976972579956055,52500,0.0,0.0
2025-01-23 00:00:00-05:00,7.986368312612405,7.986368312612405,7.9205985073610305,7.958181381225586,73200,0.0,0.0
2025-01-24 00:00:00-05:00,7.9675767703946105,8.042743417403525,7.92999389491337,7.986368656158447,63400,0.0,0.0
2025-01-27 00:00:00-05:00,8.014555378314869,8.023951320950072,7.958181514596465,8.005160331726074,74200,0.0,0.0
2025-01-28 00:00:00-05:00,8.005160331726074,8.014555378314869,7.9769725038204635,8.005160331726074,48600,0.0,0.0
2025-01-29 00:00:00-05:00,8.01455403593973,8.127302640538437,8.01455403593973,8.089719772338867,137400,0.0,0.0
2025-01-30 00:00:00-05:00,8.09911837101863,8.10851431516324,8.070931434631348,8.070931434631348,65000,0.0,0.0
2025-01-31 00:00:00-05:00,8.14609492523593,8.14609492523593,8.061533243596353,8.08032512664795,130100,0.0,0.0
2025-02-03 00:00:00-05:00,8.061534881591797,8.117909646154876,8.061534881591797,8.061534881591797,120000,0.0,0.0
2025-02-04 00:00:00-05:00,8.061533454339045,8.117908208921266,8.061533454339045,8.099116325378418,53400,0.0,0.0
2025-02-05 00:00:00-05:00,8.136699333948666,8.164886263693043,8.099116462274049,8.146095275878906,118100,0.0,0.0
2025-02-06 00:00:00-05:00,8.13669789583183,8.155489776370947,8.099115030799778,8.108510971069336,95600,0.0,0.0
2025-02-07 00:00:00-05:00,8.108512267149843,8.146095138189214,8.080325337881895,8.099116325378418,109400,0.0,0.0
2025-02-10 00:00:00-05:00,8.136698510020235,8.146094450999035,8.108511583130086,8.117907524108887,30500,0.0,0.0
2025-02-11 00:00:00-05:00,8.117907595523238,8.117907595523238,8.080324727323669,8.089719772338867,36000,0.0,0.0
2025-02-12 00:00:00-05:00,8.052139074637966,8.070930961826337,8.014556196307723,8.033348083496094,160100,0.0,0.0
2025-02-13 00:00:00-05:00,8.061535226062981,8.09911810536213,8.03334829060025,8.052139282226562,103200,0.0,0.0
2025-02-14 00:00:00-05:00,8.070050723845085,8.202036952862214,8.060622879175646,8.098333358764648,89900,0.029,0.0
2025-02-18 00:00:00-05:00,8.136043838353649,8.145471683023088,8.07947766942577,8.098333358764648,50700,0.0,0.0
2025-02-19 00:00:00-05:00,8.098333358764648,8.126615993684212,8.08890551409521,8.098333358764648,60600,0.0,0.0
2025-02-20 00:00:00-05:00,8.107761203434087,8.107761203434087,8.08890551409521,8.098333358764648,47400,0.0,0.0
2025-02-21 00:00:00-05:00,8.098333249254964,8.154898518329185,8.098333249254964,8.145471572875977,30300,0.0,0.0
2025-02-24 00:00:00-05:00,8.136044436944587,8.145472282307658,8.060623472217658,8.07947826385498,84500,0.0,0.0
2025-02-25 00:00:00-05:00,8.126617129616589,8.126617129616589,8.098334490743701,8.107762336730957,174800,0.0,0.0
2025-02-26 00:00:00-05:00,8.09833289100603,8.126615524291992,8.09833289100603,8.126615524291992,109400,0.0,0.0
2025-02-27 00:00:00-05:00,8.107761799944193,8.145472282307658,8.07947826385498,8.07947826385498,126200,0.0,0.0
2025-02-28 00:00:00-05:00,8.117188039250124,8.145471572875977,8.117188039250124,8.145471572875977,40100,0.0,0.0
2025-03-03 00:00:00-05:00,8.154899482087405,8.202037811279297,8.154899482087405,8.202037811279297,132300,0.0,0.0
2025-03-04 00:00:00-05:00,8.239744241497986,8.239744241497986,8.098330222575925,8.136040687561035,112100,0.0,0.0
2025-03-05 00:00:00-05:00,8.164326667785645,8.173754512679698,8.145471877086312,8.164326667785645,78800,0.0,0.0
2025-03-06 00:00:00-05:00,8.145469204740197,8.192606615568188,8.126613521138216,8.173751831054688,125500,0.0,0.0
2025-03-07 00:00:00-05:00,8.173754207413086,8.21146468649215,8.145471572875977,8.145471572875977,75900,0.0,0.0
2025-03-10 00:00:00-04:00,8.17375242110817,8.183180263589744,8.136041950270414,8.15489673614502,39800,0.0,0.0
2025-03-11 00:00:00-04:00,8.17375242110817,8.211462891945924,8.136041950270414,8.15489673614502,28200,0.0,0.0
2025-03-12 00:00:00-04:00,8.192607753042358,8.192607753042358,8.136042492559769,8.183180809020996,76700,0.0,0.0
2025-03-13 00:00:00-04:00,8.183181508320725,8.183181508320725,8.1171875,8.1171875,67000,0.0,0.0
2025-03-14 00:00:00-04:00,8.125701753345604,8.201377598372215,8.11624204718547,8.172999382019043,87700,0.029,0.0
2025-03-17 00:00:00-04:00,8.191917146570432,8.210836557168626,8.154079227501196,8.163538932800293,65200,0.0,0.0
2025-03-18 00:00:00-04:00,8.201378022046962,8.201378022046962,8.059486030823882,8.154080390930176,76300,0.0,0.0
2025-03-19 00:00:00-04:00,8.220298406569427,8.220298406569427,8.097325800619322,8.116244316101074,157400,0.0,0.0
2025-03-20 00:00:00-04:00,8.135160990002824,8.201377125047783,8.135160990002824,8.191917419433594,56700,0.0,0.0
2025-03-21 00:00:00-04:00,8.22029548626774,8.248674602599772,8.182457566618863,8.239214897155762,46100,0.0,0.0
2025-03-24 00:00:00-04:00,8.23921442688926,8.277052344378477,8.210836214304125,8.258132934570312,80300,0.0,0.0
2025-03-25 00:00:00-04:00,8.25813510531215,8.25813510531215,8.210838372613495,8.248676300048828,48100,0.0,0.0
2025-03-26 00:00:00-04:00,8.220295906066895,8.24867502384821,8.154079768831584,8.220295906066895,35000,0.0,0.0
2025-03-27 00:00:00-04:00,8.201379247362047,8.210838955424174,8.17300102530308,8.182459831237793,25100,0.0,0.0
2025-03-28 00:00:00-04:00,8.17299863809939,8.210836557168626,8.163538932800293,8.163538932800293,28800,0.0,0.0
2025-03-31 00:00:00-04:00,8.17300102530308,8.201379247362047,8.144621901116698,8.182459831237793,63600,0.0,0.0
2025-04-01 00:00:00-04:00,8.201379247362047,8.220297761358887,8.144621901116698,8.182459831237793,104000,0.0,0.0
2025-04-02 00:00:00-04:00,8.182459831237793,8.201379247362047,8.125703387119858,8.182459831237793,58700,0.0,0.0
2025-04-03 00:00:00-04:00,8.229754721985177,8.28651204928256,8.210836214304125,8.258132934570312,85100,0.0,0.0
2025-04-04 00:00:00-04:00,8.258133279409808,8.258133279409808,8.097322799960917,8.163538932800293,88500,0.0,0.0
2025-04-07 00:00:00-04:00,8.144619395099378,8.144619395099378,7.993267721184386,8.087862968444824,76000,0.0,0.0
2025-04-08 00:00:00-04:00,8.059486163583985,8.087864381870606,7.908133561091651,7.927052974700928,131800,0.0,0.0
2025-04-09 00:00:00-04:00,7.879755250264979,8.087864286886516,7.794619694277655,8.031106948852539,136400,0.0,0.0
2025-04-10 00:00:00-04:00,7.889214578928402,8.068944486857133,7.889214578928402,7.9459710121154785,63800,0.0,0.0
2025-04-11 00:00:00-04:00,8.021647067298229,8.021647067298229,7.851376861162519,7.917593002319336,113400,0.0,0.0
2025-04-14 00:00:00-04:00,8.16353812162162,8.16353812162162,7.974348545074463,7.974348545074463,68500,0.0,0.0
2025-04-15 00:00:00-04:00,8.020861506286824,8.134767125762023,7.925940609344855,7.963909149169922,102200,0.029,0.0
2025-04-16 00:00:00-04:00,7.91644706120171,7.963907955177799,7.878478527069092,7.878478527069092,115600,0.0,0.0
2025-04-17 00:00:00-04:00,7.8879724133399804,7.944924772939316,7.878480051659613,7.916448593139648,140000,0.0,0.0
2025-04-21 00:00:00-04:00,7.916447847953311,7.935431664285638,7.8025422342352995,7.821526050567627,86500,0.0,0.0
2025-04-22 00:00:00-04:00,7.831018520654024,7.897463236606581,7.802542343137409,7.850003242492676,74500,0.0,0.0
2025-04-23 00:00:00-04:00,7.925939800546312,7.973399791553569,7.831018008049195,7.840510368347168,103200,0.0,0.0
2025-04-24 00:00:00-04:00,7.925940954820016,7.925940954820016,7.868987689979245,7.916448593139648,100800,0.0,0.0
2025-04-25 00:00:00-04:00,7.954415798187256,8.039845228474578,7.925939623171909,7.954415798187256,77400,0.0,0.0
2025-04-28 00:00:00-04:00,8.011369132570016,8.011369132570016,7.963909136793485,7.973400592803955,96200,0.0,0.0
2025-04-29 00:00:00-04:00,7.973399200007097,8.030352452328266,7.973399200007097,7.98289155960083,87600,0.0,0.0
2025-04-30 00:00:00-04:00,7.9639092086495245,8.039846288866805,7.9639092086495245,7.992385387420654,97000,0.0,0.0
2025-05-01 00:00:00-04:00,8.07781463915876,8.106290817260742,8.00187756072589,8.106290817260742,110500,0.0,0.0
2025-05-02 00:00:00-04:00,8.096796367826139,8.096796367826139,8.030351667645093,8.049335479736328,75800,0.0,0.0
2025-05-05 00:00:00-04:00,8.05882783840252,8.05882783840252,7.992383138221474,8.049335479736328,78900,0.0,0.0
2025-05-06 00:00:00-04:00,8.049336508269121,8.144258296577712,8.049336508269121,8.068321228027344,52800,0.0,0.0
2025-05-07 00:00:00-04:00,8.087308372246271,8.096799829729525,8.04933892134712,8.077816009521484,51700,0.0,0.0
2025-05-08 00:00:00-04:00,8.134766312340489,8.201211929321289,8.096797776312018,8.201211929321289,119800,0.0,0.0
2025-05-09 00:00:00-04:00,8.182230268459206,8.182230268459206,8.058832253911245,8.096800804138184,44700,0.0,0.0
2025-05-12 00:00:00-04:00,8.144258296577712,8.144258296577712,7.992384159476976,8.068321228027344,137900,0.0,0.0
2025-05-13 00:00:00-04:00,8.087305813957167,8.267656122469546,8.011367841422155,8.191719055175781,305700,0.0,0.0
2025-05-14 00:00:00-04:00,8.191717886846678,8.191717886846678,8.096796113646896,8.1157808303833,47300,0.0,0.0
2025-05-15 00:00:00-04:00,8.152928242913989,8.210074424743652,8.152928242913989,8.210074424743652,66400,0.029,0.0
2025-05-16 00:00:00-04:00,8.22912349003635,8.22912349003635,8.16245173563969,8.191025733947754,41900,0.0,0.0
2025-05-19 00:00:00-04:00,8.133878387483318,8.171976142362686,8.114829964204695,8.143403053283691,60100,0.0,0.0
2025-05-20 00:00:00-04:00,8.114831292725917,8.181502147599314,8.076732623287093,8.105306625366211,100400,0.0,0.0
2025-05-21 00:00:00-04:00,8.10530514997912,8.114829815605077,7.933864802000332,8.01006031036377,98400,0.0,0.0
2025-05-22 00:00:00-04:00,8.01006158578268,8.01958625292522,7.962439158392222,8.000536918640137,68400,0.0,0.0
2025-05-23 00:00:00-04:00,7.991012950902275,8.038634468725459,7.943390524756862,7.952915191650391,50500,0.0,0.0
2025-05-27 00:00:00-04:00,8.029111230621293,8.029111230621293,7.962439466366992,8.019586563110352,66800,0.0,0.0
2025-05-28 00:00:00-04:00,8.01958625292522,8.057684013173136,7.952915399571933,8.000536918640137,81000,0.0,0.0
2025-05-29 00:00:00-04:00,8.057683902517043,8.057683902517043,7.971963716055867,7.991013050079346,60100,0.0,0.0
2025-05-30 00:00:00-04:00,8.019585288836467,8.038633712509357,7.981487533168542,8.029109954833984,69300,0.0,0.0
2025-06-02 00:00:00-04:00,8.057684898376465,8.06720956656537,8.000537797565384,8.057684898376465,74200,0.0,0.0
2025-06-03 00:00:00-04:00,8.048159657320888,8.076732751531424,7.991013468899816,8.019586563110352,54300,0.0,0.0
2025-06-04 00:00:00-04:00,8.04815896692582,8.04815896692582,7.962438783325258,8.038634300231934,69200,0.0,0.0
2025-06-05 00:00:00-04:00,8.076731041630623,8.095780372619629,8.029109530802302,8.095780372619629,68800,0.0,0.0
2025-06-06 00:00:00-04:00,8.076731093659538,8.152927509784307,8.057682670869923,8.067207336425781,81600,0.0,0.0
2025-06-09 00:00:00-04:00,8.12435351311673,8.181500598129782,8.029109582524447,8.067207336425781,69800,0.0,0.0
2025-06-10 00:00:00-04:00,8.105306058766931,8.133879150526383,8.019585875166369,8.038634300231934,99600,0.0,0.0
2025-06-11 00:00:00-04:00,8.095780424771256,8.105305090327114,8.000535585856872,8.067207336425781,122300,0.0,0.0
2025-06-12 00:00:00-04:00,8.133879719123057,8.152929053842469,8.06720886424966,8.105306625366211,96500,0.0,0.0
2025-06-13 00:00:00-04:00,8.104349146442962,8.104349146442962,8.01833676787349,8.04700756072998,72400,0.029,0.0
2025-06-16 00:00:00-04:00,8.104348662849782,8.104348662849782,8.047007080558421,8.075677871704102,65400,0.0,0.0
2025-06-17 00:00:00-04:00,8.094792340086567,8.094792340086567,8.056564314749654,8.075677871704102,19500,0.0,0.0
2025-06-18 00:00:00-04:00,8.066120637512869,8.104348662849782,8.037449846367188,8.075677871704102,53300,0.0,0.0
2025-06-20 00:00:00-04:00,8.094793785274957,8.094793785274957,8.075679313479926,8.085236549377441,52100,0.0,0.0
2025-06-23 00:00:00-04:00,8.104350597912847,8.104350597912847,8.037451765456924,8.05656623840332,77200,0.0,0.0
2025-06-24 00:00:00-04:00,8.085235105895334,8.094792340086567,8.047007080558421,8.075677871704102,43900,0.0,0.0
2025-06-25 00:00:00-04:00,8.094793301127888,8.123464095677463,8.066121595150188,8.113906860351562,104100,0.0,0.0
2025-06-26 00:00:00-04:00,8.142577117178142,8.142577117178142,8.056563837409252,8.104348182678223,45700,0.0,0.0
2025-06-27 00:00:00-04:00,8.123464587135514,8.16169261932373,8.104350115327316,8.16169261932373,78600,0.0,0.0
2025-06-30 00:00:00-04:00,8.180807121575468,8.305047543078375,8.180807121575468,8.295491218566895,93600,0.0,0.0
2025-07-01 00:00:00-04:00,8.285934936961041,8.305048499613594,8.190364389413407,8.257264137268066,86200,0.0,0.0
2025-07-02 00:00:00-04:00,8.247704015619195,8.276374805284652,8.228589548223578,8.238146781921387,49100,0.0,0.0
2025-07-03 00:00:00-04:00,8.24770451521467,8.305046098018984,8.24770451521467,8.285932540893555,69700,0.0,0.0
2025-07-07 00:00:00-04:00,8.285933484687943,8.285933484687943,8.171249394588402,8.209477424621582,87600,0.0,0.0
2025-07-08 00:00:00-04:00,8.209476952993883,8.266818539035363,8.142578132136133,8.180806159973145,120000,0.0,0.0
2025-07-09 00:00:00-04:00,8.209479312773402,8.219036550336861,8.171251273947906,8.190364837646484,35600,0.0,0.0
2025-07-10 00:00:00-04:00,8.20947600755635,8.238146797275244,8.133019960687326,8.219033241271973,80300,0.0,0.0
2025-07-11 00:00:00-04:00,8.18080521783746,8.238146797275244,8.142577194402946,8.219033241271973,109100,0.0,0.0
2025-07-14 00:00:00-04:00,8.209477917966277,8.295491218566895,8.209477917966277,8.295491218566895,139200,0.0,0.0
2025-07-15 00:00:00-04:00,8.313712402610776,8.313712402610776,8.256177658857645,8.284945487976074,132600,0.029,0.0
2025-07-16 00:00:00-04:00,8.29452949609157,8.29452949609157,8.227406425682055,8.236995697021484,44400,0.0,0.0
2025-07-17 00:00:00-04:00,8.208230605205435,8.208230605205435,8.141106605529785,8.141106605529785,52100,0.0,0.0
2025-07-18 00:00:00-04:00,8.198641855851402,8.208231129915696,8.121929492304075,8.18905258178711,50900,0.0,0.0
2025-07-21 00:00:00-04:00,8.217818964173285,8.236997511075884,8.102750426208036,8.141106605529785,82900,0.0,0.0
2025-07-22 00:00:00-04:00,8.19864257227698,8.19864257227698,8.064395467096427,8.112340927124023,101700,0.0,0.0
2025-07-23 00:00:00-04:00,8.121929602607263,8.121929602607263,8.054805597729116,8.073984146118164,52000,0.0,0.0
2025-07-24 00:00:00-04:00,8.064393997192383,8.102750175326529,8.054804724037991,8.064393997192383,50400,0.0,0.0
2025-07-25 00:00:00-04:00,8.09316349029541,8.14110895691649,8.064396576116247,8.09316349029541,54000,0.0,0.0
2025-07-28 00:00:00-04:00,8.131517332078486,8.208230605205435,8.102750426208036,8.141106605529785,73100,0.0,0.0
2025-07-29 00:00:00-04:00,8.150695118212262,8.189051293953927,8.102749669914342,8.121928215026855,72500,0.0,0.0
2025-07-30 00:00:00-04:00,8.121928215026855,8.121928215026855,8.073982766728934,8.121928215026855,47400,0.0,0.0
2025-07-31 00:00:00-04:00,8.121929325933973,8.121929325933973,8.073983871078134,8.102750778198242,82000,0.0,0.0
2025-08-01 00:00:00-04:00,8.121927868254383,8.169873314505233,8.102749323960714,8.160284042358398,94200,0.0,0.0
2025-08-04 00:00:00-04:00,8.179463386535645,8.189052660692335,8.141107204392402,8.179463386535645,48100,0.0,0.0
2025-08-05 00:00:00-04:00,8.189053689762101,8.28494461441201,8.150697502798863,8.275355339050293,92800,0.0,0.0
2025-08-06 00:00:00-04:00,8.265762596556527,8.265762596556527,8.208228797486441,8.236995697021484,30400,0.0,0.0
2025-08-07 00:00:00-04:00,8.21781878472411,8.284942782934001,8.169874247481458,8.265764236450195,36400,0.0,0.0
2025-08-08 00:00:00-04:00,8.265765269313194,8.284943818193488,8.227409086036149,8.256175994873047,40900,0.0,0.0
2025-08-11 00:00:00-04:00,8.275353509692097,8.275353509692097,8.246586604449819,8.265764236450195,48200,0.0,0.0
2025-08-12 00:00:00-04:00,8.256176788326858,8.275355339050293,8.246588427448772,8.275355339050293,54900,0.0,0.0
2025-08-13 00:00:00-04:00,8.265764236450195,8.275353509692097,8.227408057966015,8.265764236450195,40500,0.0,0.0
2025-08-14 00:00:00-04:00,8.227408487609852,8.256175394354369,8.198641580865335,8.217819213867188,65700,0.0,0.0
2025-08-15 00:00:00-04:00,8.216855718210915,8.236099380561775,8.159125648746658,8.18799114227295,36900,0.029,0.0
2025-08-18 00:00:00-04:00,8.226477549386345,8.236099380561775,8.168747479922088,8.18799114227295,46300,0.0,0.0
2025-08-19 00:00:00-04:00,8.207233564461966,8.255341800859968,8.13026075326048,8.159125328063965,79700,0.0,0.0
2025-08-20 00:00:00-04:00,8.139883713329445,8.168748292137403,8.082153638125108,8.111019134521484,87900,0.0,0.0
2025-08-21 00:00:00-04:00,8.101398006351793,8.18799266788864,8.101398006351793,8.120640754699707,71200,0.0,0.0
2025-08-22 00:00:00-04:00,8.120640542161555,8.226478866864745,8.101397794317274,8.13026237487793,137300,0.0,0.0
2025-08-25 00:00:00-04:00,8.149504661560059,8.187991068325879,8.13026099938299,8.149504661560059,58800,0.0,0.0
2025-08-26 00:00:00-04:00,8.149505156159895,8.197613396933976,8.130261492814915,8.168747901916504,60200,0.0,0.0
2025-08-27 00:00:00-04:00,8.139883995056152,8.168748574863134,8.139883995056152,8.139883995056152,92000,0.0,0.0
2025-08-28 00:00:00-04:00,8.149505156159895,8.216856142690585,8.130261492814915,8.168747901916504,80900,0.0,0.0
2025-08-29 00:00:00-04:00,8.168749170300309,8.20723558537779,8.149506421555827,8.197614669799805,61100,0.0,0.0
2025-09-02 00:00:00-04:00,8.197614208819537,8.216856956481934,8.159126878317819,8.216856956481934,102800,0.0,0.0
2025-09-03 00:00:00-04:00,8.216856956481934,8.236100621732794,8.197614208819537,8.216856956481934,72700,0.0,0.0
2025-09-04 00:00:00-04:00,8.216857418544288,8.245722000455268,8.187992836633306,8.197614669799805,79300,0.0,0.0
2025-09-05 00:00:00-04:00,8.226477906330118,8.255342483520508,8.2168560747372,8.255342483520508,97900,0.0,0.0
2025-09-08 00:00:00-04:00,8.255342765877533,8.293829175977189,8.255342765877533,8.284207344055176,47500,0.0,0.0
2025-09-09 00:00:00-04:00,8.303451078349173,8.322693824768066,8.255342835919333,8.322693824768066,91200,0.0,0.0
2025-09-10 00:00:00-04:00,8.361178267912868,8.409286499023438,8.322691866542048,8.409286499023438,123000,0.0,0.0
2025-09-11 00:00:00-04:00,8.409288123042858,8.409288123042858,8.361179882641522,8.380423545837402,111100,0.0,0.0
2025-09-12 00:00:00-04:00,8.370803406278544,8.399667989318564,8.361181572735687,8.390047073364258,130600,0.0,0.0
2025-09-15 00:00:00-04:00,8.408386339000982,8.41804027557373,8.350463640214551,8.41804027557373,56100,0.029,0.0
2025-09-16 00:00:00-04:00,8.408388137817383,8.41804207645541,8.350465426639479,8.408388137817383,116100,0.0,0.0
2025-09-17 00:00:00-04:00,8.398733534935833,8.447002303658204,8.369772641962486,8.437348365783691,124000,0.0,0.0
2025-09-18 00:00:00-04:00,8.41804027557373,8.475962053710097,8.389078465855484,8.41804027557373,62800,0.0,0.0
2025-09-19 00:00:00-04:00,8.437347228069164,8.437347228069164,8.389078465855484,8.41804027557373,75200,0.0,0.0
2025-09-22 00:00:00-04:00,8.418042746828023,8.418042746828023,8.350466091630611,8.379427909851074,51900,0.0,0.0
2025-09-23 00:00:00-04:00,8.38907975950092,8.38907975950092,8.350464927905353,8.360118865966797,63700,0.0,0.0
2025-09-24 00:00:00-04:00,8.39873284800209,8.408386785087005,8.331157129707915,8.369771957397461,133500,0.0,0.0
2025-09-25 00:00:00-04:00,8.379426051674447,8.379426051674447,8.292542457580566,8.292542457580566,62200,0.0,0.0
2025-09-26 00:00:00-04:00,8.331156687719119,8.41804027557373,8.302195798650935,8.41804027557373,100800,0.0,0.0
2025-09-29 00:00:00-04:00,8.418042256159193,8.514578882649497,8.350465604900672,8.427695274353027,96500,0.0,0.0
2025-09-30 00:00:00-04:00,8.485616814749903,8.59180736541748,8.466309860378596,8.59180736541748,87100,0.0,0.0
2025-10-01 00:00:00-04:00,8.630423935402362,8.669038772583008,8.591809098221715,8.669038772583008,111200,0.0,0.0
2025-10-02 00:00:00-04:00,8.669038772583008,8.669038772583008,8.572502139956562,8.669038772583008,51600,0.0,0.0
2025-10-03 00:00:00-04:00,8.669038137970528,8.707653892974667,8.640077242367695,8.697999954223633,78900,0.0,0.0
2025-10-06 00:00:00-04:00,8.69800101307667,8.70765495300293,8.659386174022018,8.70765495300293,59600,0.0,0.0
2025-10-07 00:00:00-04:00,8.64007594872067,8.669036839987294,8.52423146300404,8.572500228881836,80200,0.0,0.0
2025-10-08 00:00:00-04:00,8.659385469223409,8.669038487713612,8.572501858259413,8.640077590942383,101500,0.0,0.0
2025-10-09 00:00:00-04:00,8.601461624988026,8.649730393698826,8.553192856277224,8.620769500732422,43900,0.0,0.0
2025-10-10 00:00:00-04:00,8.620769846356408,8.669037696352177,8.533886243323666,8.562847137451172,95000,0.0,0.0
2025-10-13 00:00:00-04:00,8.620769177949672,8.649730069831712,8.562846473535442,8.59180736541748,38100,0.0,0.0
2025-10-14 00:00:00-04:00,8.572501075710415,8.611115908097165,8.553193199191927,8.562847137451172,63100,0.0,0.0
2025-10-15 00:00:00-04:00,8.610305287499571,8.658731460571289,8.590934079334849,8.658731460571289,34000,0.029,0.0
2025-10-16 00:00:00-04:00,8.678103743738847,8.697474030633025,8.600620748821816,8.6490478515625,27200,0.0,0.0
2025-10-17 00:00:00-04:00,8.668418585998818,8.716845691239747,8.590935587081415,8.697474479675293,65100,0.0,0.0
2025-10-20 00:00:00-04:00,8.697474030633025,8.697474030633025,8.6490478515625,8.6490478515625,50100,0.0,0.0
2025-10-21 00:00:00-04:00,8.70715855731305,8.71684416139541,8.62967557199425,8.658731460571289,57500,0.0,0.0
2025-10-22 00:00:00-04:00,8.69747459923734,8.726531416983459,8.62967720517017,8.687789916992188,105600,0.0,0.0
2025-10-23 00:00:00-04:00,8.687789916992188,8.716845811068087,8.649048417000916,8.687789916992188,75100,0.0,0.0
2025-10-24 00:00:00-04:00,8.707159906806636,8.736216723557138,8.65873280255932,8.716845512390137,75200,0.0,0.0
2025-10-27 00:00:00-04:00,8.707160949707031,8.716846556450626,8.649049156586061,8.707160949707031,39300,0.0,0.0
2025-10-28 00:00:00-04:00,8.678103535652951,8.70715942713259,8.668417930603027,8.668417930603027,56600,0.0,0.0
2025-10-29 00:00:00-04:00,8.697474123562358,8.73621654510498,8.66841823107556,8.73621654510498,55800,0.0,0.0
2025-10-30 00:00:00-04:00,8.707159635915193,8.72653084647953,8.6490478515625,8.6490478515625,86400,0.0,0.0
2025-10-31 00:00:00-04:00,8.687789885426604,8.823384673068285,8.66841867366624,8.784643173217773,108100,0.0,0.0
2025-11-03 00:00:00-05:00,8.794328779097954,8.804014384978137,8.697474567636569,8.784643173217773,75600,0.0,0.0
2025-11-04 00:00:00-05:00,8.774958491007807,8.794328779097954,8.755587279247443,8.784643173217773,68600,0.0,0.0
2025-11-05 00:00:00-05:00,8.8040132522583,8.8040132522583,8.76527175739225,8.8040132522583,54000,0.0,0.0
2025-11-06 00:00:00-05:00,8.8040132522583,8.813698856892337,8.794327647624264,8.8040132522583,29000,0.0,0.0
2025-11-07 00:00:00-05:00,8.794327735900879,8.804013340632139,8.745900635914685,8.794327735900879,77800,0.0,0.0
2025-11-10 00:00:00-05:00,8.823384404204896,8.852441220960031,8.794328511119948,8.813699722290039,70200,0.0,0.0
2025-11-11 00:00:00-05:00,8.871812076459772,8.871812076459772,8.813700286569388,8.852441787719727,16100,0.0,0.0
2025-11-12 00:00:00-05:00,8.842755615374987,8.842755615374987,8.784642905534904,8.813699722290039,60600,0.0,0.0
2025-11-13 00:00:00-05:00,8.833070575309433,8.871812076459772,8.833070575309433,8.852441787719727,85600,0.0,0.0
2025-11-14 00:00:00-05:00,8.870901107788086,8.870901107788086,8.812603431755896,8.870901107788086,46400,0.029,0.0
2025-11-17 00:00:00-05:00,8.880616871020123,9.036076093220993,8.85146757189992,8.909765243530273,180000,0.0,0.0
2025-11-18 00:00:00-05:00,8.890332377450138,8.95834648212056,8.880616871020123,8.909765243530273,59800,0.0,0.0
2025-11-19 00:00:00-05:00,8.909765643070509,8.977778824180787,8.870900835777478,8.900049209594727,51800,0.0,0.0
2025-11-20 00:00:00-05:00,8.948632243813483,8.977780623472535,8.8417542339901,8.880619049072266,117400,0.0,0.0
2025-11-21 00:00:00-05:00,8.861185751320123,8.880618621230127,8.744591311690808,8.822320938110352,54700,0.0,0.0
2025-11-24 00:00:00-05:00,8.87090095345202,8.890332894051255,8.812603278434095,8.851468086242676,30100,0.0,0.0
2025-11-25 00:00:00-05:00,8.822320384846154,8.880618064309974,8.802888442765001,8.812603950500488,72300,0.0,0.0
2025-11-26 00:00:00-05:00,8.841753253537489,8.890333572045462,8.812603950500488,8.812603950500488,96300,0.0,0.0
2025-11-28 00:00:00-05:00,8.861184674014368,8.870901107788086,8.802887924592303,8.870901107788086,56800,0.0,0.0
2025-12-01 00:00:00-05:00,8.851468761272974,8.851468761272974,8.71544238687436,8.812603950500488,101900,0.0,0.0
2025-12-02 00:00:00-05:00,8.793172406500071,8.802888841285617,8.666861534118652,8.666861534118652,91200,0.0,0.0
2025-12-03 00:00:00-05:00,8.686290317970137,8.71543961172549,8.618277152427416,8.6279935836792,129800,0.0,0.0
2025-12-04 00:00:00-05:00,8.62799493619289,8.6474268751327,8.550265327213586,8.618278503417969,120300,0.0,0.0
2025-12-05 00:00:00-05:00,8.569698206942206,8.627995883381667,8.540549832027542,8.55026626586914,126800,0.0,0.0
2025-12-08 00:00:00-05:00,8.540550934573059,8.676578246085542,8.52111899099142,8.637713432312012,198900,0.0,0.0
2025-12-09 00:00:00-05:00,8.627995763731636,8.734873754676682,8.579414521807482,8.598847389221191,117600,0.0,0.0
2025-12-10 00:00:00-05:00,8.618278503417969,8.66685974068254,8.589130131703238,8.618278503417969,105600,0.0,0.0
2025-12-11 00:00:00-05:00,8.608562185072179,8.686291795084701,8.569697380065918,8.569697380065918,146100,0.0,0.0
2025-12-12 00:00:00-05:00,8.589132435905348,8.589132435905348,8.521119241455102,8.54055118560791,84600,0.0,0.0
2025-12-15 00:00:00-05:00,8.549322971780494,8.568819232990377,8.490832328796387,8.490832328796387,98700,0.029,0.0
2025-12-16 00:00:00-05:00,8.520075782876665,8.5883150100708,8.490830931037507,8.5883150100708,174100,0.0,0.0
2025-12-17 00:00:00-05:00,8.54932411402258,8.637058695704773,8.520078323784494,8.607813835144043,156700,0.0,0.0
2025-12-18 00:00:00-05:00,8.607814650011774,8.65655670867878,8.568821189013658,8.617563247680664,119500,0.0,0.0
2025-12-19 00:00:00-05:00,8.637056119910369,8.656553307587858,8.559069228554566,8.5883150100708,108700,0.0,0.0
2025-12-22 00:00:00-05:00,8.55907031473106,8.627309550584998,8.55907031473106,8.578567504882812,117200,0.0,0.0
2025-12-23 00:00:00-05:00,8.588318148170742,8.666305068022316,8.56882095336914,8.56882095336914,142500,0.0,0.0
2025-12-24 00:00:00-05:00,8.598065238398014,8.69554934650359,8.578568974583312,8.607813835144043,60200,0.0,0.0
2025-12-26 00:00:00-05:00,8.646806472035529,8.656555067856605,8.568819564821464,8.598064422607422,77300,0.0,0.0
2025-12-29 00:00:00-05:00,8.598065815894126,8.598065815894126,8.520078896042552,8.56882095336914,105400,0.0,0.0
2025-12-30 00:00:00-05:00,8.627312079933805,8.666305541992188,8.57857001994146,8.666305541992188,178500,0.0,0.0
2025-12-31 00:00:00-05:00,8.695549526650781,8.754039248983984,8.627311207369585,8.724794387817383,143100,0.0,0.0
2026-01-02 00:00:00-05:00,8.744293581308447,8.82228051537124,8.71504778377671,8.783287048339844,100700,0.0,0.0
2026-01-05 00:00:00-05:00,8.822276412393727,8.997746467590332,8.65655402216343,8.997746467590332,138700,0.0,0.0
2026-01-06 00:00:00-05:00,8.997748737419059,8.997748737419059,8.871020693793414,8.910014152526855,99300,0.0,0.0
2026-01-07 00:00:00-05:00,8.958753706753205,9.260953656170429,8.919760254861682,9.212211608886719,179600,0.0,0.0
2026-01-08 00:00:00-05:00,9.182966047107557,9.182966047107557,8.929508164440383,8.997746467590332,146200,0.0,0.0
2026-01-09 00:00:00-05:00,9.04649059170936,9.04649059170936,8.968503675979937,8.988000869750977,89200,0.0,0.0
2026-01-12 00:00:00-05:00,9.036740846164195,9.046488511130505,8.949005353727314,8.997746467590332,42700,0.0,0.0
2026-01-13 00:00:00-05:00,9.036741393085032,9.036741393085032,8.95875356089449,9.026992797851562,47200,0.0,0.0
2026-01-14 00:00:00-05:00,9.007496422042722,9.06598706905635,8.978251563374556,9.036742210388184,30700,0.0,0.0
2026-01-15 00:00:00-05:00,9.074880040001958,9.192227518191375,9.045543403603318,9.143333435058594,49000,0.029,0.0
2026-01-16 00:00:00-05:00,9.143331825795974,9.17266845703125,9.113994261966004,9.17266845703125,46000,0.0,0.0
2026-01-20 00:00:00-05:00,9.162890009678545,9.221564209486132,9.094437553731998,9.182448387145996,48800,0.0,0.0
2026-01-21 00:00:00-05:00,9.20200612741963,9.241121951015455,9.094437845679812,9.211785316467285,99500,0.0,0.0
2026-01-22 00:00:00-05:00,9.162889565906838,9.231342018538134,9.104216301535645,9.202005386352539,67900,0.0,0.0
2026-01-23 00:00:00-05:00,9.202005386352539,9.260679583318453,9.153110377646732,9.202005386352539,56000,0.0,0.0
2026-01-26 00:00:00-05:00,9.250901962426768,9.299796979416795,9.172670308280676,9.26068115234375,93000,0.0,0.0
2026-01-27 00:00:00-05:00,9.241122538696057,9.319354190862777,9.172670076198894,9.270459175109863,64500,0.0,0.0
2026-01-28 00:00:00-05:00,9.280238364779418,9.338912570201884,9.231343349026504,9.270459175109863,42500,0.0,0.0
2026-01-29 00:00:00-05:00,9.329132292166378,9.329132292166378,9.231342272069043,9.319353103637695,92000,0.0,0.0
2026-01-30 00:00:00-05:00,9.299796219297136,9.466038703918457,9.280237841061778,9.466038703918457,66200,0.0,0.0
2026-02-02 00:00:00-05:00,9.456260233232472,9.485596870219531,9.358470199815775,9.475817680358887,66600,0.0,0.0
2026-02-03 00:00:00-05:00,9.495375633239746,9.55404983717119,9.436701429308302,9.495375633239746,107000,0.0,0.0
2026-02-04 00:00:00-05:00,9.505154527794367,9.5344911625526,9.436701136565421,9.466038703918457,96600,0.0,0.0
2026-02-05 00:00:00-05:00,9.514932784317242,9.58338617554619,9.466038703918457,9.466038703918457,101400,0.0,0.0
2026-02-06 00:00:00-05:00,9.495375470554663,9.495375470554663,9.299796348458777,9.417143821716309,83300,0.0,0.0
2026-02-09 00:00:00-05:00,9.446480884722629,9.456260074419037,9.39758586883545,9.39758586883545,48100,0.0,0.0
2026-02-10 00:00:00-05:00,9.47581803295658,9.47581803295658,9.221565615283142,9.290018081665039,113200,0.0,0.0
2026-02-11 00:00:00-05:00,9.368248644847501,9.368248644847501,9.290016997371954,9.338912010192871,30600,0.0,0.0
2026-02-12 00:00:00-05:00,9.309575127117892,9.309575127117892,9.202005915263332,9.221564292907715,27900,0.0,0.0
2026-02-13 00:00:00-05:00,9.171537677671495,9.220582583323525,9.122491836547852,9.122491836547852,97800,0.029,0.0
2026-02-17 00:00:00-05:00,9.12249171599453,9.181345976187854,9.044018745422363,9.044018745422363,74200,0.0,0.0
2026-02-18 00:00:00-05:00,9.083255230708447,9.12249171599453,9.024400035043522,9.044018745422363,44900,0.0,0.0
2026-02-19 00:00:00-05:00,9.08325535074326,9.122491836547852,9.04401886493867,9.122491836547852,52200,0.0,0.0
2026-02-20 00:00:00-05:00,9.122491975098374,9.191155592431354,9.102873264162307,9.132301330566406,117200,0.0,0.0
2026-02-23 00:00:00-05:00,9.171538747429766,9.21077523781086,9.102874187659063,9.200965881347656,84200,0.0,0.0
2026-02-24 00:00:00-05:00,9.181346078356208,9.230391919377485,9.142109592633508,9.191155433654785,35600,0.0,0.0
2026-02-25 00:00:00-05:00,9.210774377557245,9.426574586762422,9.122492048577111,9.416766166687012,100200,0.0,0.0
2026-02-26 00:00:00-05:00,9.416765086317223,9.46580998748234,9.289246285250565,9.338292121887207,36400,0.0,0.0
2026-02-27 00:00:00-05:00,9.328484093488656,9.456002912681829,9.28924760569627,9.436384201049805,87800,0.0,0.0
2026-03-02 00:00:00-05:00,9.456003898219063,9.475621676424058,9.318675708897063,9.367721557617188,84300,0.0,0.0
2026-03-03 00:00:00-05:00,9.348101337831743,9.397147178649902,9.289247077227234,9.397147178649902,49000,0.0,0.0
2026-03-04 00:00:00-05:00,9.397148158237453,9.436384647887792,9.328484535217285,9.328484535217285,52200,0.0,0.0
2026-03-05 00:00:00-05:00,9.308865314971067,9.308865314971067,9.132301588909792,9.1519193649292,73200,0.0,0.0
2026-03-06 00:00:00-05:00,9.230393470891784,9.230393470891784,9.053828787725504,9.093066215515137,85500,0.0,0.0
2026-03-09 00:00:00-04:00,9.02440017455231,9.338292997165064,8.965545913449153,8.985163688659668,96600,0.0,0.0
2026-03-10 00:00:00-04:00,9.014591749499148,9.093065664854398,9.004783328617489,9.053828239440918,57600,0.0,0.0
2026-03-11 00:00:00-04:00,9.093065215776507,9.308865432062694,9.093065215776507,9.230392456054688,67000,0.0,0.0
2026-03-12 00:00:00-04:00,9.200964808157035,9.250010649280677,9.063636640105159,9.122491836547852,56700,0.0,0.0
2026-03-13 00:00:00-04:00,9.073288220970339,9.201219725625457,9.004401448618138,9.122492790222168,79300,0.03,0.0
2026-03-16 00:00:00-04:00,9.171696360299926,9.299627864108716,9.092969425417452,9.26026439666748,58600,0.0,0.0
2026-03-17 00:00:00-04:00,9.299627698421219,9.358673367780629,9.20121950082097,9.338991165161133,53700,0.0,0.0
2026-03-18 00:00:00-04:00,9.3389916222162,9.427559661340343,9.220901216217053,9.240583419799805,53700,0.0,0.0
2026-03-19 00:00:00-04:00,9.230740866408258,9.230740866408258,9.004400253295898,9.004400253295898,127700,0.0,0.0
2026-03-20 00:00:00-04:00,9.043765985432291,9.043765985432291,8.81742625401577,8.846948623657227,65600,0.0,0.0
2026-03-23 00:00:00-04:00,8.856788239918487,9.05360556866131,8.797742572046113,8.817424774169922,64500,0.0,0.0
2026-03-24 00:00:00-04:00,8.797742175824313,8.896151305013221,8.709175085753106,8.778060913085938,61300,0.0,0.0
2026-03-25 00:00:00-04:00,8.87647134842785,8.955198287963867,8.837106940160693,8.955198287963867,91100,0.0,0.0
2026-03-26 00:00:00-04:00,8.935515007690885,8.935515007690885,8.866629178517849,8.896151542663574,28400,0.0,0.0
2026-03-27 00:00:00-04:00,8.876470279399436,8.935515007690885,8.83710587587309,8.896151542663574,49400,0.0,0.0
2026-03-30 00:00:00-04:00,8.984721394341692,9.102811813354492,8.945357921337425,9.102811813354492,82600,0.0,0.0
2026-03-31 00:00:00-04:00,9.122493148720057,9.309469393025926,8.994561639037457,9.230742454528809,106600,0.0,0.0
2026-04-01 00:00:00-04:00,9.28978715584982,9.37835519596636,9.230742421438215,9.299628257751465,75800,0.0,0.0
2026-04-02 00:00:00-04:00,9.250423356378187,9.319310128730388,9.073288220970339,9.122492790222168,121400,0.0,0.0
2026-04-06 00:00:00-04:00,9.191376837705025,9.191376837705025,9.024081897862512,9.112649917602539,111900,0.0,0.0
2026-04-07 00:00:00-04:00,9.073288460302493,9.181537764712603,9.05360625668295,9.171696662902832,38400,0.0,0.0
2026-04-08 00:00:00-04:00,9.240583419799805,9.240583419799805,9.152015380675664,9.240583419799805,12700,0.0,0.0
2026-04-09 00:00:00-04:00,9.201219299333022,9.211059461928214,9.053605598416476,9.15201473236084,51300,0.0,0.0
2026-04-10 00:00:00-04:00,9.15201470512686,9.240582737713423,9.15201470512686,9.220900535583496,40100,0.0,0.0
2026-04-13 00:00:00-04:00,9.211059721588407,9.230741924331744,9.13233278761322,9.20121955871582,33900,0.0,0.0
2026-04-14 00:00:00-04:00,9.230741866251137,9.378354631901047,9.152014932771309,9.338991165161133,75300,0.0,0.0
2026-04-15 00:00:00-04:00,9.329118187322626,9.329118187322626,9.210653305053711,9.210653305053711,35900,0.03,0.0
2026-04-16 00:00:00-04:00,9.269886716319256,9.329118689907101,9.092188912605232,9.250142097473145,62500,0.0,0.0
2026-04-17 00:00:00-04:00,9.250142810668025,9.260015120852247,9.131677912883333,9.230399131774902,34000,0.0,0.0
2026-04-20 00:00:00-04:00,9.260015120852247,9.338991719375374,9.161293901960677,9.230399131774902,44700,0.0,0.0
2026-04-21 00:00:00-04:00,9.289632760015051,9.289632760015051,9.102063540574179,9.13167953491211,36000,0.0,0.0
2026-04-22 00:00:00-04:00,9.210654017189203,9.34886352792641,9.151422042212733,9.190910339355469,75400,0.0,0.0
2026-04-23 00:00:00-04:00,9.230399131774902,9.29950342011381,9.161293901960677,9.230399131774902,98800,0.0,0.0
2026-04-24 00:00:00-04:00,9.240270500483804,9.289631109929589,9.181038522329118,9.230399131774902,32500,0.0,0.0
2026-04-27 00:00:00-04:00,9.279759321658043,9.348864555358887,9.210655029432568,9.348864555358887,75900,0.0,0.0
2026-04-28 00:00:00-04:00,9.329120019719563,9.338992330549859,9.230399735842731,9.279759407043457,41000,0.0,0.0
2026-04-29 00:00:00-04:00,9.289632094153413,9.329120397598707,9.200783176032642,9.30937671661377,50200,0.0,0.0
2026-04-30 00:00:00-04:00,9.368608574819694,9.368608574819694,9.240271354982731,9.299504280090332,40800,0.0,0.0
2026-05-01 00:00:00-04:00,9.338992244619428,9.348864555358887,9.250143330915035,9.348864555358887,52400,0.0,0.0
2026-05-04 00:00:00-04:00,9.309376154981155,9.319247524140378,9.102062339031695,9.111933708190918,100800,0.0,0.0
2026-05-05 00:00:00-04:00,9.082317843106408,9.151423077026847,9.082317843106408,9.121806144714355,58500,0.0,0.0
2026-05-06 00:00:00-04:00,9.141550585193436,9.279759167346132,9.141550585193436,9.260015487670898,61700,0.0,0.0
2026-05-07 00:00:00-04:00,9.319247497622465,9.33899211883545,9.220527215983616,9.33899211883545,59600,0.0,0.0
2026-05-08 00:00:00-04:00,9.338992176388691,9.536433682358515,9.27975925386006,9.49694538116455,46900,0.0,0.0
2026-05-11 00:00:00-04:00,9.516689334854346,9.654897908599496,9.496944714904869,9.59566593170166,90000,0.0,0.0
2026-05-12 00:00:00-04:00,9.546306484759842,9.605538468864172,9.467329878303797,9.536434173583984,33300,0.0,0.0
2026-05-13 00:00:00-04:00,9.566048839909238,9.575921149716926,9.467328566258201,9.506816864013672,37600,0.0,0.0
2026-05-14 00:00:00-04:00,9.556177713559258,9.595666012314656,9.52656078338623,9.52656078338623,48200,0.0,0.0
2026-05-15 00:00:00-04:00,9.467143247390428,9.467143247390428,9.31859964467913,9.387919425964355,40000,0.03,0.0
2026-05-18 00:00:00-04:00,9.427533351294393,9.427533351294393,9.328504266618332,9.348309516906738,58600,0.0,0.0
2026-05-19 00:00:00-04:00,9.269086837768555,9.298796130493958,9.219573238715613,9.269086837768555,48000,0.0,0.0
2026-05-20 00:00:00-04:00,9.298795843240892,9.37801873257193,9.219572953909857,9.28889274597168,88500,0.0,0.0
2026-05-21 00:00:00-04:00,9.288892660016426,9.298795757194,9.219572868596057,9.229475021362305,36300,0.0,0.0
2026-05-22 00:00:00-04:00,9.25918393798088,9.308697533041242,9.130446513119105,9.189863204956055,45400,0.0,0.0
2026-05-26 00:00:00-04:00,9.288892139842115,9.308697388676851,9.150251620353865,9.199766159057617,53000,0.0,0.0
2026-05-27 00:00:00-04:00,9.20966998223838,9.20966998223838,9.130447091826934,9.150252342224121,72400,0.0,0.0
2026-05-28 00:00:00-04:00,9.179960910222881,9.209669255680623,9.13044637151913,9.199766159057617,62300,0.0,0.0
2026-05-29 00:00:00-04:00,9.20966911315918,9.219572209628932,9.160154575221675,9.20966911315918,60800,0.0,0.0
2026-06-01 00:00:00-04:00,9.219572647879481,9.219572647879481,9.14034881676683,9.179961204528809,71000,0.0,0.0
2026-06-02 00:00:00-04:00,9.150252342224121,9.179961634436925,9.130447091826934,9.150252342224121,67700,0.0,0.0
2026-06-03 00:00:00-04:00,9.179961634436925,9.20966998223838,9.120543994422667,9.150252342224121,48300,0.0,0.0
2026-06-04 00:00:00-04:00,9.170059348280365,9.170059348280365,9.071030254299576,9.16015625,63400,0.0,0.0
2026-06-05 00:00:00-04:00,9.140349684944596,9.140349684944596,9.110641335712629,9.12054443359375,62500,0.0,0.0
2026-06-08 00:00:00-04:00,9.179961778360674,9.179961778360674,9.110641039855336,9.140349388122559,47100,0.0,0.0
2026-06-09 00:00:00-04:00,9.12054443359375,9.150252782825717,9.110641335712629,9.12054443359375,42300,0.0,0.0
2026-06-10 00:00:00-04:00,9.16015501064782,9.189863357057998,9.13044666423764,9.179961204528809,64000,0.0,0.0
2026-06-11 00:00:00-04:00,9.179962446560731,9.179962446560731,9.021515707309181,9.16015625,88500,0.0,0.0
2026-06-12 00:00:00-04:00,9.120542962053465,9.130446058336785,9.090834617614746,9.090834617614746,58200,0.0,0.0
2026-06-15 00:00:00-04:00,9.100770183810722,9.180252818363046,9.041158681650352,9.090834617614746,74300,0.03,0.0
2026-06-16 00:00:00-04:00,9.120640754699707,9.140510938360629,9.1007696235311,9.120640754699707,49200,0.0,0.0
2026-06-17 00:00:00-04:00,9.160383405006318,9.200124725629667,9.100770950317383,9.100770950317383,55900,0.0,0.0
2026-06-18 00:00:00-04:00,9.160382069529236,9.170316687605855,9.120640754699707,9.120640754699707,18200,0.0,0.0
2026-06-22 00:00:00-04:00,9.1007696235311,9.170316687605855,9.1007696235311,9.120640754699707,64900,0.0,0.0
2026-06-23 00:00:00-04:00,9.110705969312875,9.249801056881505,9.090834836442598,9.22992992401123,60200,0.0,0.0
2026-06-24 00:00:00-04:00,9.21999417057231,9.259735487999045,9.180252853145575,9.23986530303955,59400,0.0,0.0
2026-06-25 00:00:00-04:00,9.239865490446368,9.249801056881505,9.190188605778445,9.22992992401123,22300,0.0,0.0
2026-06-26 00:00:00-04:00,9.200124368609451,9.279607006771746,9.160383049528305,9.269671440124512,44000,0.0,0.0
2026-06-29 00:00:00-04:00,9.269670673247141,9.279606239072407,9.180252475835157,9.259735107421875,124000,0.0,0.0
2026-06-30 00:00:00-04:00,9.259735873477279,9.289542573418979,9.219994554396132,9.269671440124512,58300,0.0,0.0
2026-07-01 00:00:00-04:00,9.24980183029973,9.289543151855469,9.239866263033834,9.289543151855469,50100,0.0,0.0
2026-07-02 00:00:00-04:00,9.289542395972417,9.329283714294434,9.249801077650398,9.329283714294434,26100,0.0,0.0
2026-07-06 00:00:00-04:00,9.329284106535189,9.408766746520996,9.299477405909656,9.408766746520996,59700,0.0,0.0
2026-07-07 00:00:00-04:00,9.398830788685501,9.408766355147392,9.299477019082127,9.378959655761719,50700,0.0,0.0
2026-07-08 00:00:00-04:00,9.378959457146646,9.378959457146646,9.29947682215023,9.339218139648438,24600,0.0,0.0
2026-07-09 00:00:00-04:00,9.349154087730133,9.349154087730133,9.269671449487555,9.319348335266113,16600,0.0,0.0
2026-07-10 00:00:00-04:00,9.329283901923382,9.329283901923382,9.279607016144825,9.319348335266113,41500,0.0,0.0
2026-07-13 00:00:00-04:00,9.319348711325862,9.319348711325862,9.239866069875955,9.299477577209473,33200,0.0,0.0
2026-07-14 00:00:00-04:00,9.29947777161352,9.309413338879414,9.269672017323677,9.289543151855469,43900,0.0,0.0
2026-07-15 00:00:00-04:00,9.31944465637207,9.32941125402965,9.289542011726185,9.31944465637207,43000,0.03,0.0
2026-07-16 00:00:00-04:00,9.319444589919565,9.329411187506075,9.259640251611948,9.27957534790039,40100,0.0,0.0
2026-07-17 00:00:00-04:00,9.26960779975617,9.27957534790039,9.259640251611948,9.27957534790039,28800,0.0,0.0
2026-07-20 00:00:00-04:00,9.299509048461914,9.299509048461914,9.259639808351288,9.299509048461914,28800,0.0,0.0
2026-07-21 00:00:00-04:00,9.299509614587143,9.299509614587143,9.140032644436175,9.209803581237793,122000,0.0,0.0
2026-07-22 00:00:00-04:00,9.209803380833325,9.429084685298223,9.050326414152563,9.090195655822754,92700,0.0,0.0
2026-07-23 00:00:00-04:00,9.09019545274623,9.09019545274623,8.970587730407715,8.970587730407715,154100,0.0,0.0
2026-07-24 00:00:00-04:00,8.980555789915666,9.010457484564546,8.960620693111258,8.990523338317871,74500,0.0,0.0
2026-07-27 00:00:00-04:00,9.080228096281443,9.080228096281443,8.890849436226983,8.940686225891113,60200,0.0,0.0
2026-07-28 00:00:00-04:00,8.940686733464236,8.970588428737189,8.910784087633528,8.960620880126953,71400,0.0,0.0
2026-07-29 00:00:00-04:00,8.950652890007095,9.000489680042216,8.940686292446237,8.980555534362793,69300,0.0,0.0
2026-07-30 00:00:00-04:00,9.000489234924316,9.010456782549937,8.890849062715455,9.000489234924316,112000,0.0,0.0
2026-07-31 00:00:00-04:00,8.970587919466512,9.010457161086277,8.900816984271348,8.940686225891113,137800,0.0,0.0
2026-08-03 00:00:00-04:00,9.020424450649395,9.030391998408142,8.92075087417729,8.930718421936035,86300,0.0,0.0
2026-08-04 00:00:00-04:00,8.960620758026392,9.03039264678955,8.940686611635304,9.03039264678955,42500,0.0,0.0
2026-08-05 00:00:00-04:00,9.020424908803854,9.159966782283037,8.980555666301555,9.060294151306152,89500,0.0,0.0
2026-08-06 00:00:00-04:00,9.060293827867602,9.100163068946628,8.990522893618724,9.010457038879395,69800,0.0,0.0
2026-08-07 00:00:00-04:00,9.090195399643743,9.100162947419813,9.040358611321077,9.080227851867676,21000,0.0,0.0
2026-08-10 00:00:00-04:00,9.080228617882096,9.14003295902597,9.080228617882096,9.11013126373291,42100,0.0,0.0
2026-08-11 00:00:00-04:00,9.14003207088189,9.149999618530273,9.120096975585124,9.149999618530273,40800,0.0,0.0
2026-08-12 00:00:00-04:00,9.150000060554238,9.150000060554238,9.110130818592339,9.130064964294434,21500,0.0,0.0
2026-08-13 00:00:00-04:00,9.149999618530273,9.189868858566145,9.130064523233507,9.149999618530273,35600,0.0,0.0
2026-08-14 00:00:00-04:00,9.170000076293945,9.204999923706055,9.15999984741211,9.15999984741211,77031,0.03,0.0
