Date,Open,High,Low,Close,Volume,Dividends,Stock Splits,Capital Gains
2017-12-13 00:00:00-05:00,22.4895691661763,22.560964553597163,22.40032450635014,22.46279525756836,40300,0.0,0.0,0.0
2017-12-14 00:00:00-05:00,23.426634819308653,23.426634819308653,22.293231507141627,22.320005416870117,74100,0.0,0.0,0.0
2017-12-15 00:00:00-05:00,23.05180622085278,23.05180622085278,22.35569995938189,22.472610473632812,74300,0.0,0.0,0.0
2017-12-18 00:00:00-05:00,22.671628062348958,23.53640546195303,22.659133911132812,22.659133911132812,29200,0.0,0.0,0.0
2017-12-19 00:00:00-05:00,23.149976347498512,24.319076425657148,22.668948170725066,22.784074783325195,31300,0.0,0.0,0.0
2017-12-20 00:00:00-05:00,23.07857948919078,23.07857948919078,22.694828677545278,22.757299423217773,28300,0.0,0.0,0.0
2017-12-21 00:00:00-05:00,23.2035226157582,23.801459612790747,22.775150299072266,22.775150299072266,33300,0.0,0.0,0.0
2017-12-22 00:00:00-05:00,23.20352098053577,23.20352098053577,22.710000387522907,22.757299423217773,7800,0.0,0.0,0.0
2017-12-26 00:00:00-05:00,23.19459814495979,23.19459814495979,22.935790506776705,22.953638076782227,22400,0.0,0.0,0.0
2017-12-27 00:00:00-05:00,23.09221296028282,23.2441942989061,22.958112180364378,22.967052459716797,18200,0.045,0.0,0.0
2017-12-28 00:00:00-05:00,23.22631111216829,23.235251390509127,23.074329790741537,23.21558380126953,30500,0.0,0.0,0.0
2017-12-29 00:00:00-05:00,23.753777583121433,23.82529811064144,23.424782815492616,23.431934356689453,49900,0.0,0.0,0.0
2018-01-02 00:00:00-05:00,23.905758578875837,24.004099942267835,23.57944607011059,23.834238052368164,66100,0.0,0.0,0.0
2018-01-03 00:00:00-05:00,24.272300291257817,24.638843184649406,24.004098756399895,24.066679000854492,66100,0.0,0.0,0.0
2018-01-04 00:00:00-05:00,24.558382011200248,26.373217598815387,23.512393312802594,23.73589515686035,81700,0.0,0.0,0.0
2018-01-05 00:00:00-05:00,24.04880084336893,24.04880084336893,23.476636602484312,23.601797103881836,45800,0.0,0.0,0.0
2018-01-08 00:00:00-05:00,23.700137374596252,23.71444045684558,23.244193376813616,23.467695236206055,24700,0.0,0.0,0.0
2018-01-09 00:00:00-05:00,23.63755826461259,23.63755826461259,23.387235556177345,23.42478370666504,13500,0.0,0.0,0.0
2018-01-10 00:00:00-05:00,23.548155601298454,23.548155601298454,23.24419294179869,23.432828903198242,16700,0.0,0.0,0.0
2018-01-11 00:00:00-05:00,23.467696774201514,23.57408320243452,23.38723596313239,23.472166061401367,13200,0.0,0.0,0.0
2018-01-12 00:00:00-05:00,23.56603562317912,23.601795032504064,23.447131452102983,23.512393951416016,15000,0.0,0.0,0.0
2018-01-16 00:00:00-05:00,23.735896341186283,23.735896341186283,23.403325812539393,23.432828903198242,9900,0.0,0.0,0.0
2018-01-17 00:00:00-05:00,23.51239684576578,23.700139309679955,23.44266505114715,23.619678497314453,21300,0.0,0.0,0.0
2018-01-18 00:00:00-05:00,23.700136986932343,23.700136986932343,23.387234047864318,23.40779685974121,17400,0.0,0.0,0.0
2018-01-19 00:00:00-05:00,23.655434419322148,23.69119553295443,23.441768074549138,23.63397979736328,20600,0.0,0.0,0.0
2018-01-22 00:00:00-05:00,23.816359102807382,23.816359102807382,23.694774370051885,23.807418823242188,15700,0.0,0.0,0.0
2018-01-23 00:00:00-05:00,24.048800209444252,24.129261016845703,23.87625776637786,24.129261016845703,23500,0.0,0.0,0.0
2018-01-24 00:00:00-05:00,24.138203617737464,24.272304407910305,24.017512395026692,24.106019973754883,13700,0.0,0.0,0.0
2018-01-25 00:00:00-05:00,23.691195532392157,24.18826341661958,23.691195532392157,24.039857864379883,7700,0.0,0.0,0.0
2018-01-26 00:00:00-05:00,24.361704170514166,24.388525009155273,24.045225436321775,24.388525009155273,12300,0.0,0.0,0.0
2018-01-29 00:00:00-05:00,24.424279721723867,24.424279721723867,24.11763484249162,24.218658447265625,15000,0.0,0.0,0.0
2018-01-30 00:00:00-05:00,24.254419453809458,24.254419453809458,23.75377579877692,23.862844467163086,12000,0.0,0.0,0.0
2018-01-31 00:00:00-05:00,24.075620468775508,24.075620468775508,23.78149160012436,23.834238052368164,8500,0.0,0.0,0.0
2018-02-01 00:00:00-05:00,24.004098460722084,24.004098460722084,23.76271605921299,23.798477172851562,9800,0.0,0.0,0.0
2018-02-02 00:00:00-05:00,23.861058681338612,23.861058681338612,23.378293852730508,23.440874099731445,13800,0.0,0.0,0.0
2018-02-05 00:00:00-05:00,23.36041183254969,23.36041183254969,22.621963258983307,22.734607696533203,20200,0.0,0.0,0.0
2018-02-06 00:00:00-05:00,22.48428501901637,22.734607696533203,22.35018425452596,22.734607696533203,21700,0.0,0.0,0.0
2018-02-07 00:00:00-05:00,22.7614265911609,22.874072732730728,22.651464408762614,22.676496505737305,11100,0.0,0.0,0.0
2018-02-08 00:00:00-05:00,22.752489653685522,22.752489653685522,22.314424514770508,22.314424514770508,10300,0.0,0.0,0.0
2018-02-09 00:00:00-05:00,22.350183733181233,22.350183733181233,21.856691635428184,22.308164596557617,12100,0.0,0.0,0.0
2018-02-12 00:00:00-05:00,22.35018638789411,22.627328221652505,22.260785301305752,22.457468032836914,6800,0.0,0.0,0.0
2018-02-13 00:00:00-05:00,22.58263160829097,22.58263160829097,22.35018943355985,22.472667694091797,3000,0.0,0.0,0.0
2018-02-14 00:00:00-05:00,22.528986969884144,22.877649307250977,22.528986969884144,22.877649307250977,3800,0.0,0.0,0.0
2018-02-15 00:00:00-05:00,23.011752416881503,23.235254287719727,22.743550853949213,23.235254287719727,8100,0.0,0.0,0.0
2018-02-16 00:00:00-05:00,23.414056934825737,23.414056934825737,23.1682052130226,23.257604598999023,7000,0.0,0.0,0.0
2018-02-20 00:00:00-05:00,23.431932658557265,23.431932658557265,22.902681134301286,23.002809524536133,10400,0.0,0.0,0.0
2018-02-21 00:00:00-05:00,22.87765110187702,23.2263134665945,22.87765110187702,22.927715301513672,9500,0.0,0.0,0.0
2018-02-22 00:00:00-05:00,22.80613079703596,23.020692385521663,22.430647590889997,22.669347763061523,9800,0.0,0.0,0.0
2018-02-23 00:00:00-05:00,22.92235187567796,23.061817169189453,22.72835309292231,23.061817169189453,7300,0.0,0.0,0.0
2018-02-26 00:00:00-05:00,23.029630157564025,23.180717963061777,22.975990192578497,23.0966796875,8700,0.0,0.0,0.0
2018-02-27 00:00:00-05:00,23.288892184298923,23.288892184298923,22.816856384277344,22.816856384277344,9000,0.0,0.0,0.0
2018-02-28 00:00:00-05:00,22.85172421873394,22.85172421873394,22.537926061665246,22.54597282409668,8800,0.0,0.0,0.0
2018-03-01 00:00:00-05:00,22.55580891952859,22.55580891952859,21.930004689759837,22.131155014038086,15000,0.0,0.0,0.0
2018-03-02 00:00:00-05:00,22.09986325480997,22.493227005004883,21.983643038143953,22.493227005004883,5500,0.0,0.0,0.0
2018-03-05 00:00:00-05:00,22.87764766289461,22.87764766289461,22.385944314504457,22.752487182617188,9400,0.0,0.0,0.0
2018-03-06 00:00:00-05:00,22.806129197687607,22.806129197687607,22.546866230709025,22.596036911010742,7300,0.0,0.0,0.0
2018-03-07 00:00:00-05:00,22.528989753572212,22.770370483398438,22.528989753572212,22.770370483398438,7100,0.0,0.0,0.0
2018-03-08 00:00:00-05:00,22.797188804950828,22.920562263245852,22.754276149440926,22.904470443725586,6200,0.0,0.0,0.0
2018-03-09 00:00:00-05:00,23.002809156611175,23.120818101838648,23.002809156611175,23.101150512695312,3300,0.0,0.0,0.0
2018-03-12 00:00:00-04:00,23.28889359137846,23.28889359137846,23.09668185155522,23.142276763916016,3700,0.0,0.0,0.0
2018-03-13 00:00:00-04:00,23.2620743700202,23.2620743700202,23.02158546447754,23.02158546447754,3700,0.0,0.0,0.0
2018-03-14 00:00:00-04:00,23.02963064740718,23.06449654013019,22.949169845625608,23.035888671875,7000,0.0,0.0,0.0
2018-03-15 00:00:00-04:00,22.961683667712574,22.961683667712574,22.944698333740234,22.944698333740234,1400,0.0,0.0,0.0
2018-03-16 00:00:00-04:00,22.882118261583905,22.882118261583905,22.672027686952546,22.6988468170166,3500,0.0,0.0,0.0
2018-03-19 00:00:00-04:00,22.67203017354255,22.67203017354255,22.332306377212262,22.600509643554688,5700,0.0,0.0,0.0
2018-03-20 00:00:00-04:00,22.528987815350153,22.600508341216692,22.528987815350153,22.560277938842773,1200,0.0,0.0,0.0
2018-03-21 00:00:00-04:00,22.457463379356398,22.563849780708097,22.368062311293112,22.43958282470703,3700,0.0,0.0,0.0
2018-03-22 00:00:00-04:00,22.350185078127037,22.350185078127037,21.930002212524414,21.930002212524414,6200,0.0,0.0,0.0
2018-03-23 00:00:00-04:00,21.867421611633464,22.143669929890947,21.786962509155273,21.786962509155273,12800,0.0,0.0,0.0
2018-03-26 00:00:00-04:00,21.661799552471845,21.95682193524948,21.661799552471845,21.89603042602539,6200,0.0,0.0,0.0
2018-03-27 00:00:00-04:00,22.180325410480055,22.180325410480055,21.67968169215399,21.71722984313965,4900,0.0,0.0,0.0
2018-03-28 00:00:00-04:00,21.925531399385303,22.143668743716507,21.83076751421839,22.083770751953125,2000,0.0,0.0,0.0
2018-03-29 00:00:00-04:00,22.162444070524476,22.384157180786133,22.162444070524476,22.384157180786133,3100,0.0,0.0,0.0
2018-04-02 00:00:00-04:00,22.03728400558681,22.139201144614105,21.75120188527549,21.955036163330078,7400,0.0,0.0,0.0
2018-04-03 00:00:00-04:00,21.97023094695982,22.233963179079332,21.904073230981588,22.2294921875,7200,0.0,0.0,0.0
2018-04-04 00:00:00-04:00,21.831662515679522,22.5111083984375,21.831662515679522,22.5111083984375,2200,0.0,0.0,0.0
2018-04-05 00:00:00-04:00,22.806131022349994,22.806131022349994,22.42170753307121,22.63984489440918,13400,0.0,0.0,0.0
2018-04-06 00:00:00-04:00,22.752489817759177,22.752489817759177,22.21787205040527,22.403825759887695,20300,0.0,0.0,0.0
2018-04-09 00:00:00-04:00,22.5736864340035,22.70778720049548,22.47624029763132,22.484285354614258,5200,0.0,0.0,0.0
2018-04-10 00:00:00-04:00,22.524516769122773,22.786461994681407,22.524516769122773,22.655935287475586,4600,0.0,0.0,0.0
2018-04-11 00:00:00-04:00,22.52004675721201,22.804340112991028,22.52004675721201,22.681861877441406,6700,0.0,0.0,0.0
2018-04-12 00:00:00-04:00,22.672028931670297,22.748912260937562,22.627327537136463,22.693485260009766,3200,0.0,0.0,0.0
2018-04-13 00:00:00-04:00,22.52898733749435,22.617493197729395,22.524516345556613,22.614810943603516,2400,0.0,0.0,0.0
2018-04-16 00:00:00-04:00,22.68990762856131,22.95453510787048,22.68990762856131,22.926820755004883,3900,0.0,0.0,0.0
2018-04-17 00:00:00-04:00,23.074331485641924,23.215585506545576,22.993870679847966,23.14495849609375,2600,0.0,0.0,0.0
2018-04-18 00:00:00-04:00,23.046616092143072,23.047511313631126,22.922349118498428,22.985824584960938,3200,0.0,0.0,0.0
2018-04-19 00:00:00-04:00,22.95453647955637,22.95453647955637,22.36806745268648,22.61928367614746,7200,0.0,0.0,0.0
2018-04-20 00:00:00-04:00,22.841887839267557,22.841887839267557,22.35018446315172,22.376110076904297,10700,0.0,0.0,0.0
2018-04-23 00:00:00-04:00,22.65415092614845,22.65415092614845,22.305488535422334,22.394887924194336,6900,0.0,0.0,0.0
2018-04-24 00:00:00-04:00,22.3501857179626,22.3501857179626,22.0417537689209,22.0417537689209,10000,0.0,0.0,0.0
2018-04-25 00:00:00-04:00,22.14456437217128,22.251844308489616,22.14009338013411,22.225025177001953,7300,0.0,0.0,0.0
2018-04-26 00:00:00-04:00,22.5111083984375,22.58262892792866,22.42260082665583,22.5111083984375,2000,0.0,0.0,0.0
2018-04-27 00:00:00-04:00,22.403824597134296,22.721198514840832,22.403824597134296,22.630008697509766,9900,0.0,0.0,0.0
2018-04-30 00:00:00-04:00,22.618385348323905,22.68096729538682,22.52898597717285,22.52898597717285,5100,0.0,0.0,0.0
2018-05-01 00:00:00-04:00,22.439586869706346,22.497697830200195,22.283134546097344,22.497697830200195,2000,0.0,0.0,0.0
2018-05-02 00:00:00-04:00,22.142773866948048,22.25988929432681,22.142773866948048,22.162443161010742,3000,0.0,0.0,0.0
2018-05-03 00:00:00-04:00,22.1445659637961,22.205357477363478,21.994371654897947,22.04622459411621,4000,0.0,0.0,0.0
2018-05-04 00:00:00-04:00,22.177641764285674,22.348397170987884,22.07751336794106,22.18926429748535,2400,0.0,0.0,0.0
2018-05-07 00:00:00-04:00,22.20982849609911,22.27777325648402,22.17853837028816,22.19194793701172,1800,0.0,0.0,0.0
2018-05-08 00:00:00-04:00,22.198204576470957,22.198204576470957,22.092711671698204,22.18926429748535,3100,0.0,0.0,0.0
2018-05-09 00:00:00-04:00,22.251844705452562,22.359126348868596,22.251844705452562,22.27866554260254,7700,0.0,0.0,0.0
2018-05-10 00:00:00-04:00,22.350183434081092,22.5692159820159,22.350183434081092,22.375215530395508,5700,0.0,0.0,0.0
2018-05-11 00:00:00-04:00,22.59156685996884,22.59156685996884,22.296544493323037,22.305484771728516,4100,0.0,0.0,0.0
2018-05-14 00:00:00-04:00,22.323365322402555,22.515577059790342,22.323365322402555,22.399356842041016,2300,0.0,0.0,0.0
2018-05-15 00:00:00-04:00,22.242902822890162,22.34124418016668,22.242902822890162,22.305484771728516,900,0.0,0.0,0.0
2018-05-16 00:00:00-04:00,22.58262892792866,22.58262892792866,22.47087799402473,22.5111083984375,7200,0.0,0.0,0.0
2018-05-17 00:00:00-04:00,22.5111083984375,22.5111083984375,22.403826751608797,22.5111083984375,1000,0.0,0.0,0.0
2018-05-18 00:00:00-04:00,22.46193939499341,22.528990642425224,22.433331522093674,22.452999114990234,2600,0.0,0.0,0.0
2018-05-21 00:00:00-04:00,22.421707181551294,22.53345811481365,22.40382662298518,22.409191131591797,8900,0.0,0.0,0.0
2018-05-22 00:00:00-04:00,22.466406474635836,22.60050895632125,22.426176071166992,22.426176071166992,1300,0.0,0.0,0.0
2018-05-23 00:00:00-04:00,22.452102468672305,22.54329058369841,22.43958641944943,22.539714813232422,2900,0.0,0.0,0.0
2018-05-24 00:00:00-04:00,22.53792575846957,22.613917274242546,22.53792575846957,22.61302375793457,1100,0.0,0.0,0.0
2018-05-25 00:00:00-04:00,22.680971486689856,22.73461146032956,22.601404190063477,22.601404190063477,2300,0.0,0.0,0.0
2018-05-29 00:00:00-04:00,22.377005024410277,22.462828626738965,22.368064746112424,22.430644989013672,7600,0.0,0.0,0.0
2018-05-30 00:00:00-04:00,22.83473786129445,22.96526286564282,22.797189712524414,22.797189712524414,3000,0.0,0.0,0.0
2018-05-31 00:00:00-04:00,22.725670833399015,22.7524916724012,22.591570048756083,22.751596450805664,3400,0.0,0.0,0.0
2018-06-01 00:00:00-04:00,22.945595754364877,22.945595754364877,22.61838801512624,22.65504264831543,3400,0.0,0.0,0.0
2018-06-04 00:00:00-04:00,22.430644692525245,22.832948684692383,22.430644692525245,22.832948684692383,3900,0.0,0.0,0.0
2018-06-05 00:00:00-04:00,22.797188476582942,22.810598041792712,22.689906839353455,22.72566795349121,16900,0.0,0.0,0.0
2018-06-06 00:00:00-04:00,22.84188786130407,22.84188786130407,22.596929689295436,22.6988468170166,9300,0.0,0.0,0.0
2018-06-07 00:00:00-04:00,22.815071233518267,22.815071233518267,22.600509643554688,22.600509643554688,4600,0.0,0.0,0.0
2018-06-08 00:00:00-04:00,22.564746610702844,22.9223492302893,22.564746610702844,22.841888427734375,20800,0.0,0.0,0.0
2018-06-11 00:00:00-04:00,22.931290487443665,22.931290487443665,22.797189712524414,22.797189712524414,2500,0.0,0.0,0.0
2018-06-12 00:00:00-04:00,22.931290369352787,23.135124637498027,22.931290369352787,23.011751174926758,5900,0.0,0.0,0.0
2018-06-13 00:00:00-04:00,22.904472404446548,23.148535382628285,22.904472404446548,22.95006561279297,2900,0.0,0.0,0.0
2018-06-14 00:00:00-04:00,23.028738003320868,23.199493408203125,23.028738003320868,23.199493408203125,4400,0.0,0.0,0.0
2018-06-15 00:00:00-04:00,23.17267136700625,23.35147352515073,23.17267136700625,23.279953002929688,3400,0.0,0.0,0.0
2018-06-18 00:00:00-04:00,23.271014612566077,23.271014612566077,23.01175163274001,23.127973556518555,3300,0.0,0.0,0.0
2018-06-19 00:00:00-04:00,22.84189058899101,23.136912991212274,22.57368902522039,23.045724868774414,7300,0.0,0.0,0.0
2018-06-20 00:00:00-04:00,23.32465264968608,23.32465264968608,23.06538969134166,23.20485496520996,1900,0.0,0.0,0.0
2018-06-21 00:00:00-04:00,23.351475320818405,23.351475320818405,23.094001079986807,23.17177963256836,6400,0.0,0.0,0.0
2018-06-22 00:00:00-04:00,23.297829106448997,23.315709661191057,23.18160891099273,23.262069702148438,6800,0.0,0.0,0.0
2018-06-25 00:00:00-04:00,23.35147455142167,23.35147455142167,22.958110809326172,22.958110809326172,4600,0.0,0.0,0.0
2018-06-26 00:00:00-04:00,23.09042300664096,23.119032581136,22.98046081624511,23.11813735961914,5100,0.0,0.0,0.0
2018-06-27 00:00:00-04:00,23.244193112597358,23.244193112597358,22.75338322593118,22.776626586914062,14900,0.0,0.0,0.0
2018-06-28 00:00:00-04:00,22.89553095864428,23.011751174926758,22.77215749607301,23.011751174926758,1500,0.0,0.0,0.0
2018-06-29 00:00:00-04:00,22.975990448497132,23.019796619328023,22.843676714529725,22.9777774810791,4800,0.0,0.0,0.0
2018-07-02 00:00:00-04:00,22.85976856064216,22.965261459350586,22.758746653761452,22.965261459350586,2700,0.0,0.0,0.0
2018-07-03 00:00:00-04:00,23.101152092588233,23.101152092588233,22.953640048373646,23.08684730529785,1200,0.0,0.0,0.0
2018-07-05 00:00:00-04:00,23.190555427901156,23.26654524822502,23.05645464162233,23.253135681152344,6200,0.0,0.0,0.0
2018-07-06 00:00:00-04:00,23.360413358381532,23.601795773340882,23.35147478465757,23.503456115722656,5200,0.0,0.0,0.0
2018-07-09 00:00:00-04:00,23.5123927147111,23.548153827338876,23.476633307267033,23.534744262695312,3000,0.0,0.0,0.0
2018-07-10 00:00:00-04:00,23.615206368749607,23.615206368749607,23.574975967407227,23.574975967407227,2100,0.0,0.0,0.0
2018-07-11 00:00:00-04:00,23.548155504413508,23.557095783207167,23.476634979248047,23.476634979248047,1200,0.0,0.0,0.0
2018-07-12 00:00:00-04:00,23.448026135237278,23.516864403383924,23.396173202463647,23.450708389282227,3300,0.0,0.0,0.0
2018-07-13 00:00:00-04:00,23.54815673828125,23.54815673828125,23.48647000500143,23.54815673828125,5000,0.0,0.0,0.0
2018-07-16 00:00:00-04:00,23.574974731708654,23.574974731708654,23.238826751708984,23.238826751708984,3500,0.0,0.0,0.0
2018-07-17 00:00:00-04:00,23.378293524112337,23.41315941763936,23.35594367980957,23.35594367980957,900,0.0,0.0,0.0
2018-07-18 00:00:00-04:00,23.287999598694768,23.287999598694768,23.26475623739935,23.284423828125,3200,0.0,0.0,0.0
2018-07-19 00:00:00-04:00,23.43193387622928,23.43193387622928,23.11009236158038,23.415842056274414,4500,0.0,0.0,0.0
2018-07-20 00:00:00-04:00,23.59285603254183,23.59285603254183,23.468589051701507,23.494516372680664,3200,0.0,0.0,0.0
2018-07-23 00:00:00-04:00,23.592855592279,23.592855592279,23.431933981638714,23.530275344848633,2600,0.0,0.0,0.0
2018-07-24 00:00:00-04:00,23.487363008577518,23.53027566602518,23.367567020485335,23.386341094970703,4800,0.0,0.0,0.0
2018-07-25 00:00:00-04:00,23.476633507447882,23.682254791259766,23.476633507447882,23.682254791259766,3100,0.0,0.0,0.0
2018-07-26 00:00:00-04:00,23.691195931936825,23.779703496038653,23.523122787475586,23.523122787475586,2700,0.0,0.0,0.0
2018-07-27 00:00:00-04:00,23.342534297059363,23.342534297059363,23.083271326602294,23.110092163085938,8900,0.0,0.0,0.0
2018-07-30 00:00:00-04:00,23.23525349137153,23.23525349137153,22.949171379333006,22.96973419189453,24200,0.0,0.0,0.0
2018-07-31 00:00:00-04:00,22.886590618703284,23.207538618618177,22.886590618703284,23.20128059387207,4700,0.0,0.0,0.0
2018-08-01 00:00:00-04:00,23.33359415791281,23.33359415791281,23.04751205444336,23.04751205444336,1800,0.0,0.0,0.0
2018-08-02 00:00:00-04:00,23.056453548057068,23.056453548057068,22.850830533319265,22.967052459716797,1800,0.0,0.0,0.0
2018-08-03 00:00:00-04:00,23.055555018004508,23.153896371585148,23.020689127162104,23.135122299194336,3200,0.0,0.0,0.0
2018-08-06 00:00:00-04:00,23.190552128016915,23.190552128016915,23.065389934140406,23.09221076965332,5600,0.0,0.0,0.0
2018-08-07 00:00:00-04:00,23.011752009764507,23.074332259662626,23.011752009764507,23.029632568359375,1200,0.0,0.0,0.0
2018-08-08 00:00:00-04:00,23.02962972762352,23.02962972762352,22.689905976962077,22.72030258178711,2800,0.0,0.0,0.0
2018-08-09 00:00:00-04:00,22.546866509593645,23.01532654754407,22.546866509593645,22.958110809326172,2600,0.0,0.0,0.0
2018-08-10 00:00:00-04:00,22.958112932209573,22.969735466266734,22.832952427544726,22.864242553710938,4600,0.0,0.0,0.0
2018-08-13 00:00:00-04:00,22.770365476664622,22.983139993119057,22.770365476664622,22.944698333740234,1600,0.0,0.0,0.0
2018-08-14 00:00:00-04:00,23.064496076463378,23.127076319883486,23.018901168321406,23.084163665771484,6500,0.0,0.0,0.0
2018-08-15 00:00:00-04:00,23.065390828045427,23.065390828045427,22.871392063053207,22.920562744140625,2600,0.0,0.0,0.0
2018-08-16 00:00:00-04:00,22.88658761237819,22.984927257534867,22.88658761237819,22.908937454223633,3600,0.0,0.0,0.0
2018-08-17 00:00:00-04:00,23.020693795924387,23.134233474731445,22.984039159960787,23.134233474731445,4700,0.0,0.0,0.0
2018-08-20 00:00:00-04:00,23.197705206365097,23.197705206365097,23.190553665161133,23.190553665161133,900,0.0,0.0,0.0
2018-08-21 00:00:00-04:00,23.244190216064453,23.244190216064453,23.150319857128263,23.244190216064453,2600,0.0,0.0,0.0
2018-08-22 00:00:00-04:00,23.217370606102186,23.321969985961914,23.17267092002017,23.321969985961914,4000,0.0,0.0,0.0
2018-08-23 00:00:00-04:00,23.31571441859953,23.40511550536793,23.27995500700251,23.306774139404297,8200,0.0,0.0,0.0
2018-08-24 00:00:00-04:00,23.27101402133719,23.583021741414345,23.27101402133719,23.555307388305664,5300,0.0,0.0,0.0
2018-08-27 00:00:00-04:00,23.807417685456965,23.807417685456965,23.485576162411014,23.533851623535156,9700,0.0,0.0,0.0
2018-08-28 00:00:00-04:00,23.67331552850464,23.67331552850464,23.36041259765625,23.36041259765625,4000,0.0,0.0,0.0
2018-08-29 00:00:00-04:00,23.369355465972248,23.46769683646966,23.32465577311923,23.376508712768555,4500,0.0,0.0,0.0
2018-08-30 00:00:00-04:00,23.279953527844395,23.512393951416016,23.279953527844395,23.512393951416016,7500,0.0,0.0,0.0
2018-08-31 00:00:00-04:00,23.51239576240211,23.51239576240211,23.402433566667376,23.485576629638672,4600,0.0,0.0,0.0
2018-09-04 00:00:00-04:00,23.512396527940215,23.512396527940215,23.253135240076798,23.288894653320312,5200,0.0,0.0,0.0
2018-09-05 00:00:00-04:00,23.351473692304054,23.351473692304054,23.19770363057704,23.275482177734375,4000,0.0,0.0,0.0
2018-09-06 00:00:00-04:00,23.217370919522313,23.440872763316968,23.217370919522313,23.342533111572266,7500,0.0,0.0,0.0
2018-09-07 00:00:00-04:00,23.34610877978925,23.55709457397461,23.34610877978925,23.55709457397461,11400,0.0,0.0,0.0
2018-09-10 00:00:00-04:00,23.544581347683067,23.551732889134634,23.44981575012207,23.44981575012207,3300,0.0,0.0,0.0
2018-09-11 00:00:00-04:00,23.520439703754228,23.67420976124475,23.512392941780156,23.66973876953125,4900,0.0,0.0,0.0
2018-09-12 00:00:00-04:00,23.53027678555365,23.743944861422484,23.53027678555365,23.666166305541992,18300,0.0,0.0,0.0
2018-09-13 00:00:00-04:00,23.88787769642183,23.914698532941774,23.478422133543344,23.65543556213379,32400,0.0,0.0,0.0
2018-09-14 00:00:00-04:00,23.6733181018604,23.834239724085563,23.6733181018604,23.711761474609375,20900,0.0,0.0,0.0
2018-09-17 00:00:00-04:00,23.968339489352985,23.968339489352985,23.610736846923828,23.610736846923828,15800,0.0,0.0,0.0
2018-09-18 00:00:00-04:00,23.54815661506737,23.834238729222335,23.449815248882636,23.762718200683594,11500,0.0,0.0,0.0
2018-09-19 00:00:00-04:00,24.048796720030527,24.048796720030527,23.61073333506435,23.637554168701172,44400,0.0,0.0,0.0
2018-09-20 00:00:00-04:00,23.9683379954955,24.45110281157385,23.735895866107825,24.397462844848633,49500,0.0,0.0,0.0
2018-09-21 00:00:00-04:00,24.424284210359247,24.51815458701315,24.138202088070805,24.165916442871094,19000,0.0,0.0,0.0
2018-09-24 00:00:00-04:00,24.317003469177056,24.317003469177056,23.96655236931791,24.129261016845703,14300,0.0,0.0,0.0
2018-09-25 00:00:00-04:00,24.19183906493772,24.219553416307182,24.039857743138125,24.096179962158203,7600,0.0,0.0,0.0
2018-09-26 00:00:00-04:00,24.18290236047243,24.28124373181264,24.12032210786829,24.138202667236328,5100,0.0,0.0,0.0
2018-09-27 00:00:00-04:00,24.16502092311444,24.258891291986163,24.12925980820113,24.209720611572266,2700,0.0,0.0,0.0
2018-09-28 00:00:00-04:00,23.986218895272607,24.257997913570577,23.986218895272607,24.147140502929688,4000,0.0,0.0,0.0
2018-10-01 00:00:00-04:00,24.29018376000084,24.29018376000084,23.99069036183109,24.021982192993164,6700,0.0,0.0,0.0
2018-10-02 00:00:00-04:00,24.120320719428367,24.120320719428367,23.807417769235347,23.977279663085938,11300,0.0,0.0,0.0
2018-10-03 00:00:00-04:00,23.977279803812475,24.128367623849282,23.91469955444336,23.91469955444336,28500,0.0,0.0,0.0
2018-10-04 00:00:00-04:00,23.78953682716651,23.78953682716651,23.583913834693725,23.73589515686035,15400,0.0,0.0,0.0
2018-10-05 00:00:00-04:00,23.798479117517772,23.821722479135147,23.494516447486962,23.6214656829834,3300,0.0,0.0,0.0
2018-10-08 00:00:00-04:00,23.70013718494882,24.200780868530273,23.70013718494882,24.200780868530273,7000,0.0,0.0,0.0
2018-10-09 00:00:00-04:00,24.51368353075813,24.7103645493413,24.218661150291457,24.32594108581543,6300,0.0,0.0,0.0
2018-10-10 00:00:00-04:00,24.227604783515503,24.227604783515503,23.68225963601483,23.68315315246582,8400,0.0,0.0,0.0
2018-10-11 00:00:00-04:00,23.467694343190814,23.69477196450461,23.16104943545342,23.239723205566406,10600,0.0,0.0,0.0
2018-10-12 00:00:00-04:00,23.14585102640747,23.63398034881183,23.14585102640747,23.36041259765625,9300,0.0,0.0,0.0
2018-10-15 00:00:00-04:00,23.673312872326157,23.673312872326157,23.236143016569518,23.38007926940918,8100,0.0,0.0,0.0
2018-10-16 00:00:00-04:00,23.60179620470538,23.77344512939453,23.344321965079715,23.77344512939453,5000,0.0,0.0,0.0
2018-10-17 00:00:00-04:00,23.664375002680963,23.83066111388317,23.46322470405038,23.731426239013672,9400,0.0,0.0,0.0
2018-10-18 00:00:00-04:00,24.790825414435155,24.790825414435155,23.387234034066715,23.41405487060547,7600,0.0,0.0,0.0
2018-10-19 00:00:00-04:00,23.41405392291031,23.481998675244647,23.281740188598633,23.281740188598633,2700,0.0,0.0,0.0
2018-10-22 00:00:00-04:00,23.244194822172208,23.403327705786204,23.244194822172208,23.28084945678711,5000,0.0,0.0,0.0
2018-10-23 00:00:00-04:00,23.15478914342748,23.244190216064453,22.816854146073567,23.244190216064453,8400,0.0,0.0,0.0
2018-10-24 00:00:00-04:00,23.029632776967365,23.029632776967365,22.689908981323242,22.689908981323242,4900,0.0,0.0,0.0
2018-10-25 00:00:00-04:00,22.850830218904363,22.88659133582199,22.779309690253015,22.788249969482422,16200,0.0,0.0,0.0
2018-10-26 00:00:00-04:00,22.582627958583316,22.756065618821058,22.42885788892665,22.714046478271484,4500,0.0,0.0,0.0
2018-10-29 00:00:00-04:00,22.84188854955099,22.941123426219036,22.390415559637326,22.550443649291992,2300,0.0,0.0,0.0
2018-10-30 00:00:00-04:00,22.52004697367811,22.910728454589844,22.52004697367811,22.910728454589844,8000,0.0,0.0,0.0
2018-10-31 00:00:00-04:00,23.315715757215603,23.321080266077512,22.83295258924378,23.01801109313965,3800,0.0,0.0,0.0
2018-11-01 00:00:00-04:00,23.288894999766317,23.288894999766317,23.092213961041207,23.138702392578125,2400,0.0,0.0,0.0
2018-11-02 00:00:00-04:00,23.253132105123466,23.34163796248652,22.89552949497988,22.975990295410156,2600,0.0,0.0,0.0
2018-11-05 00:00:00-05:00,23.136911644096433,23.347003936767578,23.09400069233137,23.347003936767578,2100,0.0,0.0,0.0
2018-11-06 00:00:00-05:00,23.154788078879644,23.279950256890494,23.02068732868132,23.262069702148438,4200,0.0,0.0,0.0
2018-11-07 00:00:00-05:00,23.521331750838264,23.521331750838264,23.342531312691953,23.46322250366211,4500,0.0,0.0,0.0
2018-11-08 00:00:00-05:00,23.244192935136496,23.38455173184819,23.092211605430176,23.110092163085938,12500,0.0,0.0,0.0
2018-11-09 00:00:00-05:00,23.190554026301847,23.190554026301847,22.940231323242188,22.940231323242188,4700,0.0,0.0,0.0
2018-11-12 00:00:00-05:00,22.716728046956636,22.770368013857876,22.548654900197956,22.62732696533203,5800,0.0,0.0,0.0
2018-11-13 00:00:00-05:00,22.627325049666897,22.627325049666897,22.35018325475931,22.385944366455078,3000,0.0,0.0,0.0
2018-11-14 00:00:00-05:00,22.368064149127736,22.368064149127736,22.14992511588624,22.300119400024414,6600,0.0,0.0,0.0
2018-11-15 00:00:00-05:00,22.128473154591735,22.385052174479608,21.982749844559187,22.255420684814453,5900,0.0,0.0,0.0
2018-11-16 00:00:00-05:00,22.046222969280837,22.32962281833821,22.046222969280837,22.314424514770508,3600,0.0,0.0,0.0
2018-11-19 00:00:00-05:00,22.15350334560811,22.15350334560811,22.01403807246556,22.020296096801758,1900,0.0,0.0,0.0
2018-11-20 00:00:00-05:00,21.70650054206822,21.892454247160675,21.70650054206822,21.754776000976562,4800,0.0,0.0,0.0
2018-11-21 00:00:00-05:00,21.744941998306835,21.81378026814971,21.70292285920681,21.77802085876465,2700,0.0,0.0,0.0
2018-11-23 00:00:00-05:00,21.6403420151244,21.758350961642336,21.6403420151244,21.72437858581543,1500,0.0,0.0,0.0
2018-11-26 00:00:00-05:00,21.724378508525156,21.724378508525156,21.474057535095113,21.520545959472656,1700,0.0,0.0,0.0
2018-11-27 00:00:00-05:00,21.567930235706786,21.57687051503796,21.536640110639645,21.56167221069336,1900,0.0,0.0,0.0
2018-11-28 00:00:00-05:00,21.518758031365508,21.78606605529785,21.483892138066462,21.78606605529785,3800,0.0,0.0,0.0
2018-11-29 00:00:00-05:00,21.840601641436244,21.840601641436244,21.741366762805058,21.769081115722656,1400,0.0,0.0,0.0
2018-11-30 00:00:00-05:00,21.608159045956658,21.733319536991466,21.600112283597078,21.65285873413086,3700,0.0,0.0,0.0
2018-12-03 00:00:00-05:00,21.786962903737628,21.84060287475586,21.639450851957573,21.84060287475586,5200,0.0,0.0,0.0
2018-12-04 00:00:00-05:00,21.956823196127498,21.956823196127498,21.313138425426253,21.322078704833984,5500,0.0,0.0,0.0
2018-12-06 00:00:00-05:00,20.969836900614663,21.195127487182617,20.87507301706907,21.195127487182617,7300,0.0,0.0,0.0
2018-12-07 00:00:00-05:00,21.053873303898616,21.053873303898616,20.776731491088867,20.776731491088867,2900,0.0,0.0,0.0
2018-12-10 00:00:00-05:00,20.696270853700597,20.884013293350584,20.606869773161733,20.866132736206055,7100,0.0,0.0,0.0
2018-12-11 00:00:00-05:00,21.24161673806905,21.24161673806905,20.678391102355,20.732032775878906,2600,0.0,0.0,0.0
2018-12-12 00:00:00-05:00,20.91977441636992,20.953746795654297,20.91977441636992,20.953746795654297,1100,0.0,0.0,0.0
2018-12-13 00:00:00-05:00,20.747231177018893,20.758852005004883,20.732032873300753,20.758852005004883,900,0.0,0.0,0.0
2018-12-14 00:00:00-05:00,20.794613523093002,20.794613523093002,20.410190046181786,20.419130325317383,14100,0.0,0.0,0.0
2018-12-17 00:00:00-05:00,20.222449714306055,20.33866993508274,19.912229013197415,19.985536575317383,10200,0.0,0.0,0.0
2018-12-18 00:00:00-05:00,19.98106804033608,20.135731638523573,19.82908669656358,19.882726669311523,3500,0.0,0.0,0.0
2018-12-19 00:00:00-05:00,19.981068176237716,20.025767869634365,19.596644674364143,19.66816520690918,4500,0.0,0.0,0.0
2018-12-20 00:00:00-05:00,19.525121924128893,19.632401858169448,19.400854949001907,19.489360809326172,5400,0.0,0.0,0.0
2018-12-21 00:00:00-05:00,19.516185925531506,19.613632085927414,19.149642944335938,19.149642944335938,3700,0.0,0.0,0.0
2018-12-24 00:00:00-05:00,18.926138207043287,19.070968003758416,18.80097770690918,18.80097770690918,5100,0.0,0.0,0.0
2018-12-26 00:00:00-05:00,18.854616476677926,19.28373962567593,18.77415567309282,19.274799346923828,12800,0.0,0.0,0.0
2018-12-27 00:00:00-05:00,19.263883939173812,19.327550888061523,18.99102335634816,19.327550888061523,3300,0.368,0.0,0.0
2018-12-28 00:00:00-05:00,19.327554656448182,19.67317604699505,19.327554656448182,19.426692962646484,19800,0.0,0.0,0.0
2018-12-31 00:00:00-05:00,19.718651175986253,19.718651175986253,19.363934302597226,19.46398162841797,5800,0.0,0.0,0.0
2019-01-02 00:00:00-05:00,19.272980392612133,19.442152331396088,19.272980392612133,19.39394760131836,3500,0.0,0.0,0.0
2019-01-03 00:00:00-05:00,19.292081145606357,19.351199468866106,19.154740943252115,19.270252227783203,2100,0.0,0.0,0.0
2019-01-04 00:00:00-05:00,19.554937033817687,19.782320022583008,19.500365602256476,19.782320022583008,2700,0.0,0.0,0.0
2019-01-07 00:00:00-05:00,19.946036494738387,20.095199336206587,19.782320461626757,20.01061248779297,11900,0.0,0.0,0.0
2019-01-08 00:00:00-05:00,20.073366256515534,20.146128730065616,20.05517520442946,20.12611961364746,1700,0.0,0.0,0.0
2019-01-09 00:00:00-05:00,20.064272820099887,20.273466471288128,20.064272820099887,20.12430191040039,1100,0.0,0.0,0.0
2019-01-10 00:00:00-05:00,20.30984749639937,20.31894302368164,20.175236121333985,20.31894302368164,3600,0.0,0.0,0.0
2019-01-11 00:00:00-05:00,20.34259140080822,20.491755976706013,20.34259140080822,20.47447395324707,2800,0.0,0.0,0.0
2019-01-14 00:00:00-05:00,20.5190392651065,20.5190392651065,20.21161807837459,20.253456115722656,3200,0.0,0.0,0.0
2019-01-15 00:00:00-05:00,20.307116689061807,20.307116689061807,20.22071179047821,20.30620765686035,2100,0.0,0.0,0.0
2019-01-16 00:00:00-05:00,20.209797730510665,20.391704800261333,20.209797730510665,20.330766677856445,4200,0.0,0.0,0.0
2019-01-17 00:00:00-05:00,20.20979568078318,20.537227679207664,20.20979568078318,20.50994110107422,4400,0.0,0.0,0.0
2019-01-18 00:00:00-05:00,20.69184819158815,20.746419613164246,20.650919191707526,20.72913932800293,4000,0.0,0.0,0.0
2019-01-22 00:00:00-05:00,20.810088509256484,20.810088509256484,20.450824737548828,20.450824737548828,3000,0.0,0.0,0.0
2019-01-23 00:00:00-05:00,20.382608557967743,20.58816260278312,20.382608557967743,20.58725357055664,3200,0.0,0.0,0.0
2019-01-24 00:00:00-05:00,20.480839193147542,20.480839193147542,20.346229553222656,20.346229553222656,3900,0.0,0.0,0.0
2019-01-25 00:00:00-05:00,20.318941018285948,20.474470529435433,20.318941018285948,20.405345916748047,3400,0.0,0.0,0.0
2019-01-28 00:00:00-05:00,20.209794594002,20.52358415388284,20.209794594002,20.485383987426758,5100,0.0,0.0,0.0
2019-01-29 00:00:00-05:00,20.364418610350526,20.57361226501856,20.364418610350526,20.54632568359375,4000,0.0,0.0,0.0
2019-01-30 00:00:00-05:00,20.582705711314823,21.064758232948666,20.582705711314823,20.94651985168457,6700,0.0,0.0,0.0
2019-01-31 00:00:00-05:00,21.01018526112083,21.3685399771975,21.01018526112083,21.29486846923828,11700,0.0,0.0,0.0
2019-02-01 00:00:00-05:00,21.39855768119821,21.419475832661476,21.360357507436298,21.364904403686523,5200,0.0,0.0,0.0
2019-02-04 00:00:00-05:00,21.355809778864018,21.483145431579235,21.355809778864018,21.464954376220703,10900,0.0,0.0,0.0
2019-02-05 00:00:00-05:00,21.93790982539496,21.93790982539496,21.54681083735121,21.568639755249023,11400,0.0,0.0,0.0
2019-02-06 00:00:00-05:00,21.545900104825435,21.545900104825435,21.437666282221336,21.501333236694336,3700,0.0,0.0,0.0
2019-02-07 00:00:00-05:00,21.442218052040342,21.483147062306596,21.269406482605653,21.37400245666504,5200,0.0,0.0,0.0
2019-02-08 00:00:00-05:00,21.363994666215792,21.555906295776367,21.355808171482266,21.555906295776367,3500,0.0,0.0,0.0
2019-02-11 00:00:00-05:00,21.728714631930806,21.728714631930806,21.529527288189396,21.564998626708984,4400,0.0,0.0,0.0
2019-02-12 00:00:00-05:00,21.774193566155493,22.019765853881836,21.774193566155493,22.019765853881836,4700,0.0,0.0,0.0
2019-02-13 00:00:00-05:00,22.01067303369972,22.21986495776847,22.01067303369972,22.206222534179688,3300,0.0,0.0,0.0
2019-02-14 00:00:00-05:00,22.128909138916484,22.219862667989226,22.06524218900385,22.168018341064453,4100,0.0,0.0,0.0
2019-02-15 00:00:00-05:00,22.483624568417188,22.483624568417188,22.319910308219946,22.33082389831543,11900,0.0,0.0,0.0
2019-02-19 00:00:00-05:00,22.256242779807287,22.426325478191846,22.256242779807287,22.40176773071289,2100,0.0,0.0,0.0
2019-02-20 00:00:00-05:00,22.538202905302125,22.738299314745845,22.538202905302125,22.69282341003418,4800,0.0,0.0,0.0
2019-02-21 00:00:00-05:00,22.711012731042107,22.738299314745845,22.67463235423169,22.69282341003418,1100,0.0,0.0,0.0
2019-02-22 00:00:00-05:00,22.692823311336188,22.81924819946289,22.692823311336188,22.81924819946289,4300,0.0,0.0,0.0
2019-02-25 00:00:00-05:00,23.02934870104653,23.02934870104653,22.793780952947692,22.801965713500977,4900,0.0,0.0,0.0
2019-02-26 00:00:00-05:00,22.902011259021723,22.902011259021723,22.738295255614222,22.75375747680664,3200,0.0,0.0,0.0
2019-02-27 00:00:00-05:00,22.965678208170363,22.965678208170363,22.665532780188027,22.75375747680664,15600,0.0,0.0,0.0
2019-02-28 00:00:00-05:00,22.66553309158189,22.87199616305675,22.66553309158189,22.811058044433594,2200,0.0,0.0,0.0
2019-03-01 00:00:00-05:00,22.829251019650677,23.01479595733902,22.829251019650677,22.956584930419922,10500,0.0,0.0,0.0
2019-03-04 00:00:00-05:00,23.111203426279605,23.111203426279605,22.692819621439373,22.83834457397461,7600,0.0,0.0,0.0
2019-03-05 00:00:00-05:00,22.947488733622,22.974775314331055,22.87836411699455,22.974775314331055,2900,0.0,0.0,0.0
2019-03-06 00:00:00-05:00,23.011154695836236,23.011154695836236,22.72647148173385,22.756486892700195,4500,0.0,0.0,0.0
2019-03-07 00:00:00-05:00,22.610964439523602,22.683726924868395,22.5400200188056,22.620059967041016,2400,0.0,0.0,0.0
2019-03-08 00:00:00-05:00,22.592771666828515,22.592771666828515,22.45634223402866,22.512733459472656,1600,0.0,0.0,0.0
2019-03-11 00:00:00-04:00,22.784682787910647,22.99296566366347,22.784682787910647,22.98659896850586,2700,0.0,0.0,0.0
2019-03-12 00:00:00-04:00,22.892917255095764,23.10665779984619,22.892917255095764,22.928388595581055,3700,0.0,0.0,0.0
2019-03-13 00:00:00-04:00,22.947489744149216,23.093014711417187,22.947489744149216,23.020252227783203,3100,0.0,0.0,0.0
2019-03-14 00:00:00-04:00,23.156683721349886,23.156683721349886,22.974778363530252,23.04572105407715,1200,0.0,0.0,0.0
2019-03-15 00:00:00-04:00,23.102107333300793,23.240356555256884,23.102107333300793,23.120298385620117,3400,0.0,0.0,0.0
2019-03-18 00:00:00-04:00,23.356779167061735,23.374970221176795,23.238539050108244,23.3695125579834,6000,0.0,0.0,0.0
2019-03-19 00:00:00-04:00,23.66602079708435,23.66602079708435,23.239450454711914,23.239450454711914,10700,0.0,0.0,0.0
2019-03-20 00:00:00-04:00,23.402256522069322,23.402256522069322,23.047539618751028,23.246726989746094,3000,0.0,0.0,0.0
2019-03-21 00:00:00-04:00,23.238539256808316,23.364964134882015,23.238539256808316,23.302207946777344,6000,0.0,0.0,0.0
2019-03-22 00:00:00-04:00,23.32039979345197,23.32039979345197,22.90656280517578,22.90656280517578,14900,0.0,0.0,0.0
2019-03-25 00:00:00-04:00,23.020253459881346,23.020253459881346,22.732841373924966,22.892919540405273,5700,0.0,0.0,0.0
2019-03-26 00:00:00-04:00,23.28401663735779,23.28401663735779,23.020251557616806,23.038442611694336,1600,0.0,0.0,0.0
2019-03-27 00:00:00-04:00,23.093012423734493,23.111203476539526,22.701913462397673,22.811058044433594,5000,0.0,0.0,0.0
2019-03-28 00:00:00-04:00,22.747391904189584,23.05845093817529,22.747391904189584,22.997512817382812,4800,0.0,0.0,0.0
2019-03-29 00:00:00-04:00,23.284016031533106,23.284016031533106,23.131213609969763,23.17487144470215,5300,0.0,0.0,0.0
2019-04-01 00:00:00-04:00,23.493209438699058,23.493209438699058,23.111205962671654,23.23763084411621,5700,0.0,0.0,0.0
2019-04-02 00:00:00-04:00,23.153041017398575,23.202156511968003,23.120298510881785,23.179418563842773,8700,0.0,0.0,0.0
2019-04-03 00:00:00-04:00,23.029347412972978,23.117572118232935,22.93839387608305,22.956584930419922,4700,0.0,0.0,0.0
2019-04-04 00:00:00-04:00,22.947490692138672,22.947490692138672,22.947490692138672,22.947490692138672,700,0.0,0.0,0.0
2019-04-05 00:00:00-04:00,22.947489127533668,23.04208052719555,22.938393600474516,23.01115608215332,12200,0.0,0.0,0.0
2019-04-08 00:00:00-04:00,22.947489676120608,23.013885463924716,22.91474716576044,23.007518768310547,3000,0.0,0.0,0.0
2019-04-09 00:00:00-04:00,22.931118805676572,22.96568111598972,22.86654281616211,22.86654281616211,1900,0.0,0.0,0.0
2019-04-10 00:00:00-04:00,22.920206406785404,22.98387336730957,22.920206406785404,22.98387336730957,1000,0.0,0.0,0.0
2019-04-11 00:00:00-04:00,22.88382229469266,22.956584776758678,22.88382229469266,22.891098022460938,4500,0.0,0.0,0.0
2019-04-12 00:00:00-04:00,23.165774849781748,23.165774849781748,22.83834457397461,22.83834457397461,3300,0.0,0.0,0.0
2019-04-15 00:00:00-04:00,22.765581980402892,22.933844880630822,22.765581980402892,22.884729385375977,2100,0.0,0.0,0.0
2019-04-16 00:00:00-04:00,23.011155096206025,23.011155096206025,22.765582815308473,22.79286766052246,3500,0.0,0.0,0.0
2019-04-17 00:00:00-04:00,22.738297494254432,22.738297494254432,22.465438618241148,22.49272346496582,1900,0.0,0.0,0.0
2019-04-18 00:00:00-04:00,22.683727264404297,22.691912024936332,22.46543980510254,22.683727264404297,3800,0.0,0.0,0.0
2019-04-22 00:00:00-04:00,22.68372508291039,22.738296508789062,22.68372508291039,22.738296508789062,3100,0.0,0.0,0.0
2019-04-23 00:00:00-04:00,22.692817683147855,22.971134174469135,22.692817683147855,22.8974609375,3500,0.0,0.0,0.0
2019-04-24 00:00:00-04:00,23.12029992821466,23.12029992821466,22.8747259099017,22.911108016967773,4200,0.0,0.0,0.0
2019-04-25 00:00:00-04:00,23.056634615389093,23.056634615389093,22.89928528724718,22.965681076049805,8500,0.0,0.0,0.0
2019-04-26 00:00:00-04:00,23.075733050652094,23.29038262481765,23.075733050652094,23.22944450378418,4900,0.0,0.0,0.0
2019-04-29 00:00:00-04:00,23.593258555298537,23.593258555298537,23.247635453265012,23.28401756286621,3800,0.0,0.0,0.0
2019-04-30 00:00:00-04:00,23.411349647186434,23.411349647186434,23.18396668433327,23.336769104003906,2900,0.0,0.0,0.0
2019-05-01 00:00:00-04:00,23.25854852866114,23.338586733323915,23.183966252074846,23.220348358154297,4600,0.0,0.0,0.0
2019-05-02 00:00:00-04:00,23.211255174483,23.211255174483,22.920205235647206,23.083919525146484,3600,0.0,0.0,0.0
2019-05-03 00:00:00-04:00,23.19306398130133,23.484113918401523,23.19306398130133,23.456829071044922,1600,0.0,0.0,0.0
2019-05-06 00:00:00-04:00,23.311302978740976,23.511401116838222,23.311302978740976,23.497756958007812,4800,0.0,0.0,0.0
2019-05-07 00:00:00-04:00,23.256730627727283,23.411351121596965,23.074825286865234,23.074825286865234,1500,0.0,0.0,0.0
2019-05-08 00:00:00-04:00,23.08391792656856,23.093013453376617,23.029346500514578,23.03571319580078,2700,0.0,0.0,0.0
2019-05-09 00:00:00-04:00,22.867452992126132,22.93748664855957,22.829252815889713,22.93748664855957,1900,0.0,0.0,0.0
2019-05-10 00:00:00-04:00,22.76558516043345,23.052997240576136,22.6973695707828,22.87563705444336,6600,0.0,0.0,0.0
2019-05-13 00:00:00-04:00,22.711010878199055,22.73829745967666,22.392676101599122,22.486356735229492,8000,0.0,0.0,0.0
2019-05-14 00:00:00-04:00,22.42905857103233,22.743757247924805,22.42905857103233,22.743757247924805,1500,0.0,0.0,0.0
2019-05-15 00:00:00-04:00,22.46544041688672,22.783775219457514,22.46544041688672,22.69282341003418,2000,0.0,0.0,0.0
2019-05-16 00:00:00-04:00,22.61096516808984,22.865633007605222,22.61096516808984,22.720108032226562,800,0.0,0.0,0.0
2019-05-17 00:00:00-04:00,22.758306605885945,22.820155496725032,22.758306605885945,22.777406692504883,600,0.0,0.0,0.0
2019-05-20 00:00:00-04:00,22.547298433203373,22.765585898449586,22.547298433203373,22.69282341003418,1400,0.0,0.0,0.0
2019-05-21 00:00:00-04:00,22.774677276611328,22.774677276611328,22.774677276611328,22.774677276611328,300,0.0,0.0,0.0
2019-05-22 00:00:00-04:00,22.920207565774117,22.920207565774117,22.747395996473966,22.803787231445312,3300,0.0,0.0,0.0
2019-05-23 00:00:00-04:00,22.81106180316125,22.81106180316125,22.62915471472546,22.69282341003418,2200,0.0,0.0,0.0
2019-05-24 00:00:00-04:00,22.965681682486416,22.965681682486416,22.601869250316824,22.683727264404297,2500,0.0,0.0,0.0
2019-05-28 00:00:00-04:00,22.4081342780536,22.438149688062257,22.270795822143555,22.270795822143555,1100,0.0,0.0,0.0
2019-05-29 00:00:00-04:00,22.010675080812568,22.05797078641948,21.95610191179294,22.052513122558594,3400,0.0,0.0,0.0
2019-05-30 00:00:00-04:00,22.12618088744837,22.12618088744837,21.997027185042928,22.065242767333984,1500,0.0,0.0,0.0
2019-05-31 00:00:00-04:00,22.010672113610994,22.010672113610994,21.781469345092773,21.781469345092773,1400,0.0,0.0,0.0
2019-06-03 00:00:00-04:00,21.746910539473404,21.86969757080078,21.646861461770804,21.86969757080078,2100,0.0,0.0,0.0
2019-06-04 00:00:00-04:00,22.114355934923378,22.201671600341797,22.114355934923378,22.201671600341797,800,0.0,0.0,0.0
2019-06-05 00:00:00-04:00,22.283532757834028,22.283532757834028,22.18348368827685,22.219865798950195,1000,0.0,0.0,0.0
2019-06-06 00:00:00-04:00,22.110719895727275,22.54729652404785,22.110719895727275,22.54729652404785,2600,0.0,0.0,0.0
2019-06-07 00:00:00-04:00,22.607326292117097,22.780136108398438,22.607326292117097,22.780136108398438,700,0.0,0.0,0.0
2019-06-10 00:00:00-04:00,22.811061938451115,22.81197097080826,22.692823544622787,22.718290328979492,4300,0.0,0.0,0.0
2019-06-11 00:00:00-04:00,22.73829445910098,22.902010456773578,22.73829445910098,22.851985931396484,900,0.0,0.0,0.0
2019-06-12 00:00:00-04:00,22.847441249431533,22.847441249431533,22.594589766780974,22.624605178833008,1800,0.0,0.0,0.0
2019-06-13 00:00:00-04:00,22.627333805291705,22.691909790039062,22.592771497530002,22.691909790039062,700,0.0,0.0,0.0
2019-06-14 00:00:00-04:00,22.63279098072698,22.63279098072698,22.45997944564135,22.497270584106445,800,0.0,0.0,0.0
2019-06-17 00:00:00-04:00,22.283530077730976,22.45270374938489,22.283530077730976,22.429964065551758,1000,0.0,0.0,0.0
2019-06-18 00:00:00-04:00,22.37448330162024,22.548203866780113,22.37448330162024,22.44633674621582,2500,0.0,0.0,0.0
2019-06-19 00:00:00-04:00,22.292626680489686,22.456342697143555,22.292626680489686,22.456342697143555,3100,0.0,0.0,0.0
2019-06-20 00:00:00-04:00,22.634612378425118,22.722837090793185,22.620060921618776,22.69282341003418,7900,0.0,0.0,0.0
2019-06-21 00:00:00-04:00,22.765587170703032,22.765587170703032,22.542751061655732,22.603689193725586,2100,0.0,0.0,0.0
2019-06-24 00:00:00-04:00,22.665534853737444,22.665534853737444,22.606414794921875,22.606414794921875,900,0.0,0.0,0.0
2019-06-25 00:00:00-04:00,22.52910557365795,22.52910557365795,22.47362337834078,22.49272346496582,4100,0.0,0.0,0.0
2019-06-26 00:00:00-04:00,22.5109128589148,22.5109128589148,22.292625427246094,22.292625427246094,2900,0.0,0.0,0.0
2019-06-27 00:00:00-04:00,22.451794460084386,22.558210219735003,22.451794460084386,22.49272346496582,1000,0.0,0.0,0.0
2019-06-28 00:00:00-04:00,22.62005930678707,22.81560707092285,22.62005930678707,22.81560707092285,5700,0.0,0.0,0.0
2019-07-01 00:00:00-04:00,22.943850748920873,22.95658413955913,22.838345760031665,22.9156551361084,2800,0.0,0.0,0.0
2019-07-02 00:00:00-04:00,22.992966762829422,23.038442663330773,22.96568018165197,23.01115608215332,2100,0.0,0.0,0.0
2019-07-03 00:00:00-04:00,23.038440147129503,23.32312334729036,23.038440147129503,23.32039451599121,1900,0.0,0.0,0.0
2019-07-05 00:00:00-04:00,23.3567794641508,23.3567794641508,23.10756757094668,23.175783157348633,1600,0.0,0.0,0.0
2019-07-08 00:00:00-04:00,23.056634582242115,23.28401756286621,23.056634582242115,23.28401756286621,800,0.0,0.0,0.0
2019-07-09 00:00:00-04:00,23.064819375705003,23.064819375705003,22.965681076049805,22.965681076049805,1800,0.0,0.0,0.0
2019-07-10 00:00:00-04:00,23.248544743920167,23.274920557349866,23.193062550740173,23.22125816345215,3700,0.0,0.0,0.0
2019-07-11 00:00:00-04:00,23.302207899178065,23.302207899178065,23.076642990112305,23.076642990112305,3700,0.0,0.0,0.0
2019-07-12 00:00:00-04:00,23.060269300801732,23.12939391177978,23.060269300801732,23.120298385620117,9500,0.0,0.0,0.0
2019-07-15 00:00:00-04:00,23.038441889353283,23.038441889353283,23.01024627685547,23.01024627685547,900,0.0,0.0,0.0
2019-07-16 00:00:00-04:00,22.85653704382331,23.002063751220703,22.85653704382331,23.002063751220703,1300,0.0,0.0,0.0
2019-07-17 00:00:00-04:00,23.141220092773438,23.141220092773438,23.141220092773438,23.141220092773438,1200,0.0,0.0,0.0
2019-07-18 00:00:00-04:00,23.065730067518608,23.456829071044922,23.065730067518608,23.456829071044922,1800,0.0,0.0,0.0
2019-07-19 00:00:00-04:00,23.465923617281998,23.465923617281998,23.272193908691406,23.272193908691406,1000,0.0,0.0,0.0
2019-07-22 00:00:00-04:00,23.111206613275606,23.138493196186587,22.99296822358371,23.002063751220703,1200,0.0,0.0,0.0
2019-07-23 00:00:00-04:00,23.002970531087552,23.020250817549588,22.920203492928348,22.970226287841797,2500,0.0,0.0,0.0
2019-07-24 00:00:00-04:00,22.792870085158864,23.002063751220703,22.792870085158864,23.002063751220703,1300,0.0,0.0,0.0
2019-07-25 00:00:00-04:00,22.920204162597656,22.920204162597656,22.920204162597656,22.920204162597656,500,0.0,0.0,0.0
2019-07-26 00:00:00-04:00,22.965682279821387,23.138493840144697,22.965682279821387,23.123031616210938,2300,0.0,0.0,0.0
2019-07-29 00:00:00-04:00,23.00206599106854,23.15395767432846,23.00206599106854,23.065732955932617,1500,0.0,0.0,0.0
2019-07-30 00:00:00-04:00,22.872908856141397,22.956584930419922,22.856535866361558,22.956584930419922,700,0.0,0.0,0.0
2019-07-31 00:00:00-04:00,22.74921239524479,22.756489858278705,22.620969444751587,22.629154205322266,3300,0.0,0.0,0.0
2019-08-01 00:00:00-04:00,22.456342697143555,22.456342697143555,22.456342697143555,22.456342697143555,400,0.0,0.0,0.0
2019-08-02 00:00:00-04:00,22.345379183939627,22.374483828386882,22.32900619506836,22.32900619506836,1900,0.0,0.0,0.0
2019-08-05 00:00:00-04:00,22.274433596828054,22.274433596828054,21.601380272308283,21.621389389038086,2800,0.0,0.0,0.0
2019-08-06 00:00:00-04:00,21.77419444021022,21.837861396428103,21.77419444021022,21.828765869140625,1000,0.0,0.0,0.0
2019-08-07 00:00:00-04:00,21.637763133797403,21.974288940429688,21.637763133797403,21.974288940429688,2000,0.0,0.0,0.0
2019-08-08 00:00:00-04:00,22.174387882381755,22.29535683753773,22.174387882381755,22.274436950683594,2700,0.0,0.0,0.0
2019-08-09 00:00:00-04:00,22.237145190856697,22.26534080505371,22.183482794132637,22.26534080505371,900,0.0,0.0,0.0
2019-08-12 00:00:00-04:00,22.247150532815795,22.247150532815795,21.899709357725918,21.90971565246582,2100,0.0,0.0,0.0
2019-08-13 00:00:00-04:00,22.07433761150634,22.14891815185547,22.07433761150634,22.14891815185547,2300,0.0,0.0,0.0
2019-08-14 00:00:00-04:00,21.78510575465249,21.78510575465249,21.619571685791016,21.619571685791016,1500,0.0,0.0,0.0
2019-08-15 00:00:00-04:00,21.61957299206928,21.712344590637386,21.61957299206928,21.650497436523438,1300,0.0,0.0,0.0
2019-08-16 00:00:00-04:00,21.637764368880188,22.032501220703125,21.637764368880188,22.032501220703125,3200,0.0,0.0,0.0
2019-08-19 00:00:00-04:00,22.147103312398027,22.276257029617167,22.147103312398027,22.219865798950195,1100,0.0,0.0,0.0
2019-08-20 00:00:00-04:00,22.110722239218727,22.126184463500977,22.110722239218727,22.126184463500977,900,0.0,0.0,0.0
2019-08-21 00:00:00-04:00,22.302631326935565,22.302631326935565,22.25078873102993,22.256244659423828,800,0.0,0.0,0.0
2019-08-22 00:00:00-04:00,22.348107020270202,22.3972225189209,22.220773112352674,22.3972225189209,1600,0.0,0.0,0.0
2019-08-23 00:00:00-04:00,22.483627229111175,22.483627229111175,21.75600242614746,21.75600242614746,3100,0.0,0.0,0.0
2019-08-26 00:00:00-04:00,21.947006508387783,21.95610203660943,21.84695916753894,21.89243507385254,1900,0.0,0.0,0.0
2019-08-27 00:00:00-04:00,22.174388351881706,22.174388351881706,21.602293014526367,21.602293014526367,3100,0.0,0.0,0.0
2019-08-28 00:00:00-04:00,21.65595279923042,21.74599729869591,21.519523369089498,21.719619750976562,2300,0.0,0.0,0.0
2019-08-29 00:00:00-04:00,21.8433164697547,21.912439346313477,21.8433164697547,21.912439346313477,2500,0.0,0.0,0.0
2019-08-30 00:00:00-04:00,21.963374617470762,21.963374617470762,21.840587615966797,21.840587615966797,1200,0.0,0.0,0.0
2019-09-03 00:00:00-04:00,21.719621883963924,21.719621883963924,21.692337036132812,21.692337036132812,400,0.0,0.0,0.0
2019-09-04 00:00:00-04:00,21.8378610884609,21.8378610884609,21.771465301513672,21.771465301513672,700,0.0,0.0,0.0
2019-09-05 00:00:00-04:00,21.992481765646815,21.992481765646815,21.892432700848047,21.948823928833008,1000,0.0,0.0,0.0
2019-09-06 00:00:00-04:00,21.901527285802125,22.06160543563413,21.901527285802125,22.02158546447754,1200,0.0,0.0,0.0
2019-09-09 00:00:00-04:00,22.0379539306025,22.0379539306025,21.93790661756071,22.00157356262207,10300,0.0,0.0,0.0
2019-09-10 00:00:00-04:00,21.8633279019717,21.883337020874023,21.82967462491377,21.883337020874023,1700,0.0,0.0,0.0
2019-09-11 00:00:00-04:00,22.010671342377734,22.065242767333984,22.010671342377734,22.065242767333984,1200,0.0,0.0,0.0
2019-09-12 00:00:00-04:00,21.874241131087317,22.13800621032715,21.874241131087317,22.13800621032715,1700,0.0,0.0,0.0
2019-09-13 00:00:00-04:00,22.083433523669047,22.083433523669047,21.957008654430368,21.974288940429688,1200,0.0,0.0,0.0
2019-09-16 00:00:00-04:00,21.837862740554897,21.837862740554897,21.79238510131836,21.79238510131836,2300,0.0,0.0,0.0
2019-09-17 00:00:00-04:00,21.72871605186816,21.75145573669719,21.659591434710908,21.688697814941406,1200,0.0,0.0,0.0
2019-09-18 00:00:00-04:00,21.60229252024822,21.60229252024822,21.546812057495117,21.546812057495117,400,0.0,0.0,0.0
2019-09-19 00:00:00-04:00,21.510431912620994,21.510431912620994,21.37400245666504,21.37400245666504,1200,0.0,0.0,0.0
2019-09-20 00:00:00-04:00,21.43220991192898,21.47404968578754,21.386734008789062,21.386734008789062,4000,0.0,0.0,0.0
2019-09-23 00:00:00-04:00,21.343984556046486,21.369453073394958,21.246666056883313,21.265766143798828,4400,0.0,0.0,0.0
2019-09-24 00:00:00-04:00,21.317608970281558,21.324884698291047,21.160259642213646,21.16480827331543,1500,0.0,0.0,0.0
2019-09-25 00:00:00-04:00,21.428570619046393,21.43402828219352,21.370361328125,21.370361328125,1400,0.0,0.0,0.0
2019-09-26 00:00:00-04:00,21.32852118856918,21.437664031982422,21.32852118856918,21.437664031982422,600,0.0,0.0,0.0
2019-09-27 00:00:00-04:00,21.34216487070039,21.34216487070039,21.26485376182222,21.283044815063477,900,0.0,0.0,0.0
2019-09-30 00:00:00-04:00,21.219378837687746,21.528619817808934,21.219378837687746,21.501333236694336,3700,0.0,0.0,0.0
2019-10-01 00:00:00-04:00,21.41038205846301,21.41038205846301,21.33125114440918,21.33125114440918,500,0.0,0.0,0.0
2019-10-02 00:00:00-04:00,21.01018502003903,21.060209546827732,21.00108949382343,21.0374698638916,2200,0.0,0.0,0.0
2019-10-03 00:00:00-04:00,20.91923374539964,21.18663669359254,20.91923374539964,21.141159057617188,2700,0.0,0.0,0.0
2019-10-04 00:00:00-04:00,21.237572307089575,21.457677841186523,21.237572307089575,21.457677841186523,2500,0.0,0.0,0.0
2019-10-07 00:00:00-04:00,21.35581046811856,21.50133544609458,21.35581046811856,21.413110733032227,2100,0.0,0.0,0.0
2019-10-08 00:00:00-04:00,21.06475859104691,21.155712127685547,21.037472009616994,21.155712127685547,1200,0.0,0.0,0.0
2019-10-09 00:00:00-04:00,21.189365421173378,21.201188045153923,21.189365421173378,21.19573211669922,1700,0.0,0.0,0.0
2019-10-10 00:00:00-04:00,21.303058846234475,21.303058846234475,21.162080764770508,21.162080764770508,1400,0.0,0.0,0.0
2019-10-11 00:00:00-04:00,21.446760588813593,21.446760588813593,21.324882615190567,21.41765594482422,2700,0.0,0.0,0.0
2019-10-14 00:00:00-04:00,21.161170013906194,21.161170013906194,21.146616823364674,21.160259246826172,2400,0.0,0.0,0.0
2019-10-15 00:00:00-04:00,21.264854329054895,21.319427490234375,21.264854329054895,21.319427490234375,800,0.0,0.0,0.0
2019-10-16 00:00:00-04:00,21.31488122478574,21.39219234430562,21.31488122478574,21.36854362487793,3500,0.0,0.0,0.0
2019-10-17 00:00:00-04:00,21.45585858901329,21.510430019634278,21.45585858901329,21.485872268676758,1300,0.0,0.0,0.0
2019-10-18 00:00:00-04:00,21.446761741870603,21.446761741870603,21.383094787597656,21.383094787597656,700,0.0,0.0,0.0
2019-10-21 00:00:00-04:00,21.319430735279507,21.574098587036133,21.319430735279507,21.574098587036133,4700,0.0,0.0,0.0
2019-10-22 00:00:00-04:00,21.592284752725366,21.6950626373291,21.592284752725366,21.6950626373291,500,0.0,0.0,0.0
2019-10-23 00:00:00-04:00,21.675050629801426,21.675050629801426,21.625026105835353,21.65595054626465,2100,0.0,0.0,0.0
2019-10-24 00:00:00-04:00,21.583189010620117,21.58682687409987,21.583189010620117,21.583189010620117,800,0.0,0.0,0.0
2019-10-25 00:00:00-04:00,21.665958404541016,21.665958404541016,21.665958404541016,21.665958404541016,500,0.0,0.0,0.0
2019-10-28 00:00:00-04:00,21.638673782348633,21.638673782348633,21.638673782348633,21.638673782348633,1000,0.0,0.0,0.0
2019-10-29 00:00:00-04:00,21.62867046877652,21.728717803955078,21.62867046877652,21.728717803955078,900,0.0,0.0,0.0
2019-10-30 00:00:00-04:00,21.607751174313304,21.65595591116315,21.495879476568454,21.62594223022461,3600,0.0,0.0,0.0
2019-10-31 00:00:00-04:00,21.54680985453534,21.54680985453534,21.455856323242188,21.455856323242188,1300,0.0,0.0,0.0
2019-11-01 00:00:00-04:00,21.782378274188744,21.806936023341247,21.76236915588379,21.76236915588379,2200,0.0,0.0,0.0
2019-11-04 00:00:00-05:00,21.828766351386548,21.84695740636338,21.812395095825195,21.812395095825195,1000,0.0,0.0,0.0
2019-11-05 00:00:00-05:00,21.84604209162345,21.84604209162345,21.755999337382725,21.784194946289062,2600,0.0,0.0,0.0
2019-11-06 00:00:00-05:00,22.010671974581946,22.010671974581946,21.671415587419407,21.75600242614746,1900,0.0,0.0,0.0
2019-11-07 00:00:00-05:00,21.792383178459403,21.792383178459403,21.64685821533203,21.64685821533203,3000,0.0,0.0,0.0
2019-11-08 00:00:00-05:00,21.755093342845292,21.783288955688477,21.728715794498484,21.783288955688477,6600,0.0,0.0,0.0
2019-11-11 00:00:00-05:00,21.832401275634766,21.832401275634766,21.832401275634766,21.832401275634766,200,0.0,0.0,0.0
2019-11-12 00:00:00-05:00,22.03795808351269,22.274436591727834,22.03795808351269,22.244422912597656,1200,0.0,0.0,0.0
2019-11-13 00:00:00-05:00,22.392674483975448,22.392674483975448,22.182571811802667,22.292625427246094,2700,0.0,0.0,0.0
2019-11-14 00:00:00-05:00,22.319915149939078,22.319915149939078,22.165294647216797,22.165294647216797,2200,0.0,0.0,0.0
2019-11-15 00:00:00-05:00,22.21076660638967,22.37902950350333,22.16529071034627,22.350833892822266,1400,0.0,0.0,0.0
2019-11-18 00:00:00-05:00,22.34719874528486,22.36720786440869,22.32628059387207,22.32628059387207,900,0.0,0.0,0.0
2019-11-19 00:00:00-05:00,22.301720632346225,22.415412109793184,22.265338526861946,22.374483108520508,2400,0.0,0.0,0.0
2019-11-20 00:00:00-05:00,22.41996058908963,22.609143387463487,22.39995147053661,22.456342697143555,2600,0.0,0.0,0.0
2019-11-21 00:00:00-05:00,22.347198107776176,22.456342697143555,22.347198107776176,22.456342697143555,800,0.0,0.0,0.0
2019-11-22 00:00:00-05:00,22.39995152196921,22.42905616760254,22.39995152196921,22.42905616760254,1000,0.0,0.0,0.0
2019-11-25 00:00:00-05:00,22.419962373148145,22.662807585869764,22.419962373148145,22.64825439453125,2600,0.0,0.0,0.0
2019-11-26 00:00:00-05:00,22.565486907958984,22.565486907958984,22.565486907958984,22.565486907958984,200,0.0,0.0,0.0
2019-11-27 00:00:00-05:00,22.674630069585945,22.833797454833984,22.674630069585945,22.833797454833984,4500,0.0,0.0,0.0
2019-11-29 00:00:00-05:00,22.75648828429212,22.76649284362793,22.738297230157336,22.76649284362793,500,0.0,0.0,0.0
2019-12-02 00:00:00-05:00,22.920201027348767,22.920201027348767,22.729198455810547,22.729198455810547,1800,0.0,0.0,0.0
2019-12-03 00:00:00-05:00,22.530014055474933,22.57003402709961,22.468165166127196,22.57003402709961,4800,0.0,0.0,0.0
2019-12-04 00:00:00-05:00,22.692817664648892,22.692817664648892,22.65279769897461,22.65279769897461,600,0.0,0.0,0.0
2019-12-05 00:00:00-05:00,22.516370927421107,22.516370927421107,22.475441924821222,22.5081844329834,1500,0.0,0.0,0.0
2019-12-06 00:00:00-05:00,22.67553779792813,22.71100913677306,22.67462876572024,22.69736671447754,1900,0.0,0.0,0.0
2019-12-09 00:00:00-05:00,22.638250308416957,22.638250308416957,22.556392291862416,22.56003189086914,1000,0.0,0.0,0.0
2019-12-10 00:00:00-05:00,22.517279925076117,22.517279925076117,22.50181770324707,22.50181770324707,1500,0.0,0.0,0.0
2019-12-11 00:00:00-05:00,22.503641879033466,22.538204193115234,22.460893068934435,22.538204193115234,2100,0.0,0.0,0.0
2019-12-12 00:00:00-05:00,22.665534233350062,22.665534233350062,22.527285000738402,22.597318649291992,1700,0.0,0.0,0.0
2019-12-13 00:00:00-05:00,22.588223020636047,22.651891708374023,22.588223020636047,22.651891708374023,800,0.0,0.0,0.0
2019-12-16 00:00:00-05:00,22.97477412569251,22.98295888512571,22.920202701892112,22.929296493530273,4000,0.0,0.0,0.0
2019-12-17 00:00:00-05:00,22.899284105372114,22.929297782972167,22.874726356102915,22.888370513916016,3000,0.0,0.0,0.0
2019-12-18 00:00:00-05:00,22.97477579586644,22.97477579586644,22.874726732630645,22.958404541015625,2200,0.0,0.0,0.0
2019-12-19 00:00:00-05:00,23.03844367806487,23.065730260444166,22.988419144433397,23.02480125427246,3700,0.0,0.0,0.0
2019-12-20 00:00:00-05:00,23.220347912739708,23.293110388708577,23.193061333703533,23.243085861206055,2200,0.0,0.0,0.0
2019-12-23 00:00:00-05:00,23.247635453265012,23.28401756286621,23.247635453265012,23.28401756286621,800,0.0,0.0,0.0
2019-12-24 00:00:00-05:00,23.256727789190272,23.31766590613595,23.256727789190272,23.293109893798828,1200,0.0,0.0,0.0
2019-12-26 00:00:00-05:00,23.356778651817468,23.3795166015625,23.334949734319817,23.3795166015625,2200,0.0,0.0,0.0
2019-12-27 00:00:00-05:00,23.645139541885946,23.645139541885946,23.36553494245248,23.398155212402344,6700,0.62,0.0,0.0
2019-12-30 00:00:00-05:00,23.551941240340813,23.551941240340813,23.35621781611473,23.37019920349121,3400,0.0,0.0,0.0
2019-12-31 00:00:00-05:00,23.477377935190468,23.677760616072312,23.365535736083984,23.365535736083984,4600,0.0,0.0,0.0
2020-01-02 00:00:00-05:00,23.42145779580524,23.48670012074291,23.37485791280706,23.426118850708008,3000,0.0,0.0,0.0
2020-01-03 00:00:00-05:00,23.039331661538945,23.35621582408075,23.039331661538945,23.328256607055664,3700,0.0,0.0,0.0
2020-01-06 00:00:00-05:00,23.44941438951833,23.468055050286406,23.41679412200983,23.453142166137695,2000,0.0,0.0,0.0
2020-01-07 00:00:00-05:00,23.505337809685784,23.505337809685784,23.425186157226562,23.425186157226562,700,0.0,0.0,0.0
2020-01-08 00:00:00-05:00,23.402820112817494,23.626502762521625,23.402820112817494,23.60320281982422,1400,0.0,0.0,0.0
2020-01-09 00:00:00-05:00,23.679623363842147,23.679623363842147,23.61717909957735,23.678691864013672,500,0.0,0.0,0.0
2020-01-10 00:00:00-05:00,23.598540608496315,23.665645933421306,23.598540608496315,23.612520217895508,1100,0.0,0.0,0.0
2020-01-13 00:00:00-05:00,23.710380064421383,23.710380064421383,23.621837808046838,23.660982131958008,2500,0.0,0.0,0.0
2020-01-14 00:00:00-05:00,23.70106156140792,23.705720838468977,23.66098395692812,23.692672729492188,2300,0.0,0.0,0.0
2020-01-15 00:00:00-05:00,23.82222152987213,23.924743398532875,23.82222152987213,23.87255096435547,1500,0.0,0.0,0.0
2020-01-16 00:00:00-05:00,24.00675918025495,24.027264620037677,23.94804269338685,23.960159301757812,1900,0.0,0.0,0.0
2020-01-17 00:00:00-05:00,24.08318403261218,24.08318403261218,23.992778778076172,23.992778778076172,1300,0.0,0.0,0.0
2020-01-21 00:00:00-05:00,23.971343737828835,23.971343737828835,23.812901654893654,23.845521926879883,3000,0.0,0.0,0.0
2020-01-22 00:00:00-05:00,23.859504236729027,23.934065115250895,23.598540273066693,23.912628173828125,3100,0.0,0.0,0.0
2020-01-23 00:00:00-05:00,23.943383502867174,23.9899833815322,23.624634573143013,23.71038055419922,3100,0.0,0.0,0.0
2020-01-24 00:00:00-05:00,23.74952634594474,23.74952634594474,23.468058723903273,23.5454158782959,3800,0.0,0.0,0.0
2020-01-27 00:00:00-05:00,23.34689605519023,23.468058590790616,23.13998931139492,23.298431396484375,1400,0.0,0.0,0.0
2020-01-28 00:00:00-05:00,23.145583922056858,23.41214045745338,23.095256259125218,23.382314682006836,1100,0.0,0.0,0.0
2020-01-29 00:00:00-05:00,23.45873662005953,23.492288390022754,23.379514694213867,23.379514694213867,1600,0.0,0.0,0.0
2020-01-30 00:00:00-05:00,23.216414859484562,23.216414859484562,22.946132349490266,23.12787437438965,2600,0.0,0.0,0.0
2020-01-31 00:00:00-05:00,22.964769894942666,22.964769894942666,22.741087279070403,22.80632781982422,2900,0.0,0.0,0.0
2020-02-03 00:00:00-05:00,22.9647706184642,22.9647706184642,22.879026412963867,22.879026412963867,16300,0.0,0.0,0.0
2020-02-04 00:00:00-05:00,22.946130687359297,23.231326063025573,22.946130687359297,23.151172637939453,1800,0.0,0.0,0.0
2020-02-05 00:00:00-05:00,23.242509808528713,23.33198356628418,23.242509808528713,23.33198356628418,3900,0.0,0.0,0.0
2020-02-06 00:00:00-05:00,23.468055857241534,23.468055857241534,23.356213666458622,23.37578582763672,2100,0.0,0.0,0.0
2020-02-07 00:00:00-05:00,23.18845059927033,23.2434393044686,23.18845059927033,23.216411590576172,2400,0.0,0.0,0.0
2020-02-10 00:00:00-05:00,23.277927822214348,23.48763084411621,23.277927822214348,23.48763084411621,1600,0.0,0.0,0.0
2020-02-11 00:00:00-05:00,23.79426383972168,23.882804328000304,23.77562317555621,23.79426383972168,2900,0.0,0.0,0.0
2020-02-12 00:00:00-05:00,23.8967848333243,23.932201385498047,23.86882561369931,23.932201385498047,3900,0.0,0.0,0.0
2020-02-13 00:00:00-05:00,24.00396106974398,24.04683494567871,24.00396106974398,24.04683494567871,1500,0.0,0.0,0.0
2020-02-14 00:00:00-05:00,24.083184265682707,24.083184265682707,23.952703186809774,24.01607894897461,800,0.0,0.0,0.0
2020-02-18 00:00:00-05:00,23.91542346579542,23.928471574557324,23.906103134155273,23.906103134155273,1100,0.0,0.0,0.0
2020-02-19 00:00:00-05:00,23.906103536515253,24.092506617112512,23.889327650349234,24.0869140625,4700,0.0,0.0,0.0
2020-02-20 00:00:00-05:00,23.93313394892775,24.00676155090332,23.92288033918814,24.00676155090332,1300,0.0,0.0,0.0
2020-02-21 00:00:00-05:00,23.794263024490753,23.934064445598807,23.794263024490753,23.871620178222656,3900,0.0,0.0,0.0
2020-02-24 00:00:00-05:00,23.020692025455524,23.349691008400672,23.020692025455524,23.27140235900879,4900,0.0,0.0,0.0
2020-02-25 00:00:00-05:00,22.95544784071575,22.95544784071575,22.582643508911133,22.582643508911133,2200,0.0,0.0,0.0
2020-02-26 00:00:00-05:00,22.628313144354216,22.628313144354216,22.3785343170166,22.3785343170166,800,0.0,0.0,0.0
2020-02-27 00:00:00-05:00,21.71587256767373,22.032756697645908,21.436269760131836,21.436269760131836,6500,0.0,0.0,0.0
2020-02-28 00:00:00-05:00,20.634743244246593,20.988908767700195,20.59746369200875,20.988908767700195,7300,0.0,0.0,0.0
2020-03-02 00:00:00-05:00,21.0168646575931,21.46423165726891,21.007546104263792,21.282487869262695,3800,0.0,0.0,0.0
2020-03-03 00:00:00-05:00,21.57607531635342,21.93956116931857,21.344937116884115,21.501514434814453,2100,0.0,0.0,0.0
2020-03-04 00:00:00-05:00,21.62267646163848,22.038352966308594,21.62267646163848,22.038352966308594,1200,0.0,0.0,0.0
2020-03-05 00:00:00-05:00,21.528541611693157,21.528541611693157,21.320701599121094,21.320701599121094,1200,0.0,0.0,0.0
2020-03-06 00:00:00-05:00,20.606782707628952,21.106340408325195,20.606782707628952,21.106340408325195,1500,0.0,0.0,0.0
2020-03-09 00:00:00-04:00,19.525649207760935,19.951577533382963,19.462271661673196,19.60300636291504,5900,0.0,0.0,0.0
2020-03-10 00:00:00-04:00,19.885402707003276,19.935730359207696,19.339243420163495,19.795928955078125,2100,0.0,0.0,0.0
2020-03-11 00:00:00-04:00,19.01304266967461,19.111836771513676,18.630917927558162,18.834096908569336,1800,0.0,0.0,0.0
2020-03-12 00:00:00-04:00,17.223578317302238,17.55910314740277,16.953295809021313,17.219850540161133,9500,0.0,0.0,0.0
2020-03-13 00:00:00-04:00,17.633663351335098,17.717544555664062,17.14901678802806,17.717544555664062,8900,0.0,0.0,0.0
2020-03-16 00:00:00-04:00,16.198365307434557,16.878735314702865,16.198365307434557,16.291566848754883,3000,0.0,0.0,0.0
2020-03-17 00:00:00-04:00,16.244966241433254,16.776212692260742,16.198364584018538,16.776212692260742,3900,0.0,0.0,0.0
2020-03-18 00:00:00-04:00,15.741679141404253,16.394088129392998,15.340913772583008,15.340913772583008,2800,0.0,0.0,0.0
2020-03-19 00:00:00-04:00,16.21700447979939,16.3008856815062,16.18065643310547,16.18065643310547,1500,0.0,0.0,0.0
2020-03-20 00:00:00-04:00,16.11448455037101,16.31766172498001,15.70346736907959,15.70346736907959,5900,0.0,0.0,0.0
2020-03-23 00:00:00-04:00,15.59255820485505,15.59255820485505,15.061311721801758,15.061311721801758,4600,0.0,0.0,0.0
2020-03-24 00:00:00-04:00,16.030604523150085,16.515249333880327,16.030604523150085,16.31020736694336,13400,0.0,0.0,0.0
2020-03-25 00:00:00-04:00,16.766893176984937,17.344741313356607,16.45932933376157,16.945838928222656,15500,0.0,0.0,0.0
2020-03-26 00:00:00-04:00,17.139695898529578,17.84802505775619,17.139695898529578,17.818201065063477,12100,0.0,0.0,0.0
2020-03-27 00:00:00-04:00,17.44725765024214,17.456577980170696,17.28881559679904,17.308387756347656,7100,0.0,0.0,0.0
2020-03-30 00:00:00-04:00,17.736187149730032,17.736187149730032,17.38202163118022,17.672809600830078,9300,0.0,0.0,0.0
2020-03-31 00:00:00-04:00,17.987827540867173,17.987827540867173,17.633663828963062,17.71940803527832,11300,0.0,0.0,0.0
2020-04-01 00:00:00-04:00,17.074458048849504,17.449127237985586,17.074458048849504,17.083778381347656,5300,0.0,0.0,0.0
2020-04-02 00:00:00-04:00,17.354062610936502,17.456582712601186,17.11639857750622,17.391342163085938,9000,0.0,0.0,0.0
2020-04-03 00:00:00-04:00,17.30745904245426,17.512502778543844,17.121057746893623,17.217987060546875,3600,0.0,0.0,0.0
2020-04-06 00:00:00-04:00,17.978507270827375,17.978507270827375,17.838704088056225,17.90580940246582,3900,0.0,0.0,0.0
2020-04-07 00:00:00-04:00,18.38859162661393,18.45849321979064,18.070775985717773,18.070775985717773,2600,0.0,0.0,0.0
2020-04-08 00:00:00-04:00,18.565678354925012,18.777244401903303,18.202194258584733,18.766992568969727,5300,0.0,0.0,0.0
2020-04-09 00:00:00-04:00,19.022362256268426,19.199445010543247,18.796814841753733,19.126747131347656,5100,0.0,0.0,0.0
2020-04-13 00:00:00-04:00,19.534966123381086,19.534966123381086,18.640235664755114,19.027021408081055,7800,0.0,0.0,0.0
2020-04-14 00:00:00-04:00,19.49768827101607,19.49768827101607,19.26002602781025,19.395166397094727,3400,0.0,0.0,0.0
2020-04-15 00:00:00-04:00,19.628168674204918,19.628168674204918,18.98508179037495,19.133270263671875,3800,0.0,0.0,0.0
2020-04-16 00:00:00-04:00,19.283323896359832,19.311283111572266,19.14352248728358,19.311283111572266,2500,0.0,0.0,0.0
2020-04-17 00:00:00-04:00,19.646811330496647,19.665451995659296,19.46972856679485,19.61419105529785,2000,0.0,0.0,0.0
2020-04-20 00:00:00-04:00,19.162164174442,19.75492344444652,19.162164174442,19.525650024414062,5000,0.0,0.0,0.0
2020-04-21 00:00:00-04:00,19.14352513550912,19.14352513550912,19.04286625827132,19.047527313232422,1600,0.0,0.0,0.0
2020-04-22 00:00:00-04:00,19.54428920515347,19.54428920515347,19.292647339294028,19.48836898803711,2400,0.0,0.0,0.0
2020-04-23 00:00:00-04:00,19.441767595042066,19.6179170652447,19.34856605529785,19.34856605529785,1500,0.0,0.0,0.0
2020-04-24 00:00:00-04:00,19.32992301662598,19.564790725708008,19.32992301662598,19.564790725708008,1500,0.0,0.0,0.0
2020-04-27 00:00:00-04:00,19.907773409573753,20.037322998046875,19.744670271476195,20.037322998046875,1700,0.0,0.0,0.0
2020-04-28 00:00:00-04:00,20.066215831884357,20.257278190612336,20.056895500035242,20.20508575439453,1300,0.0,0.0,0.0
2020-04-29 00:00:00-04:00,20.5042573608644,20.802500819867756,20.43901682641632,20.6776123046875,7400,0.0,0.0,0.0
2020-04-30 00:00:00-04:00,20.662702721331858,20.662702721331858,20.299218669817428,20.35234260559082,3700,0.0,0.0,0.0
2020-05-01 00:00:00-04:00,19.95251072446926,19.999110606269536,19.734418869018555,19.734418869018555,2100,0.0,0.0,0.0
2020-05-04 00:00:00-04:00,19.56292774156936,19.8397360748702,19.54522035618327,19.78567886352539,4000,0.0,0.0,0.0
2020-05-05 00:00:00-04:00,20.1966967667187,20.1966967667187,19.929208755493164,19.929208755493164,2500,0.0,0.0,0.0
2020-05-06 00:00:00-04:00,20.1081550840125,20.131455023232494,20.00190544128418,20.00190544128418,1900,0.0,0.0,0.0
2020-05-07 00:00:00-04:00,19.963693226899665,20.10349464416504,19.963693226899665,20.10349464416504,2600,0.0,0.0,0.0
2020-05-08 00:00:00-04:00,20.392417618413543,20.4669784920986,20.392417618413543,20.429698944091797,700,0.0,0.0,0.0
2020-05-11 00:00:00-04:00,20.299217549390793,20.438087463378906,20.25727694747933,20.438087463378906,1200,0.0,0.0,0.0
2020-05-12 00:00:00-04:00,20.54247324310528,20.54247324310528,20.037322998046875,20.037322998046875,2800,0.0,0.0,0.0
2020-05-13 00:00:00-04:00,19.572247289238664,19.600208282470703,19.46040509398189,19.600208282470703,1900,0.0,0.0,0.0
2020-05-14 00:00:00-04:00,19.42685405181742,19.654264450073242,19.42685405181742,19.654264450073242,500,0.0,0.0,0.0
2020-05-15 00:00:00-04:00,19.413805207004568,19.83321121692815,19.413805207004568,19.74466896057129,9100,0.0,0.0,0.0
2020-05-18 00:00:00-04:00,20.206015220923646,20.47629770666295,20.206015220923646,20.397077560424805,10000,0.0,0.0,0.0
2020-05-19 00:00:00-04:00,20.299216712896218,20.52289932131598,20.299216712896218,20.412921905517578,2000,0.0,0.0,0.0
2020-05-20 00:00:00-04:00,20.64499312549295,20.745651995666567,20.597461745323727,20.65524673461914,3300,0.0,0.0,0.0
2020-05-21 00:00:00-04:00,20.858424660317223,20.858424660317223,20.439020389604615,20.60957908630371,1400,0.0,0.0,0.0
2020-05-22 00:00:00-04:00,20.359797149766894,20.608644485473633,20.359797149766894,20.608644485473633,1600,0.0,0.0,0.0
2020-05-26 00:00:00-04:00,21.352392978961774,21.352392978961774,20.84910746575022,20.867746353149414,4000,0.0,0.0,0.0
2020-05-27 00:00:00-04:00,20.93298535762433,21.458641052246094,20.856561480751278,21.458641052246094,2400,0.0,0.0,0.0
2020-05-28 00:00:00-04:00,21.67393699447066,21.70655904799712,21.371034179009186,21.37942123413086,2100,0.0,0.0,0.0
2020-05-29 00:00:00-04:00,21.296469502483404,21.453046798706055,21.082107219986757,21.453046798706055,1900,0.0,0.0,0.0
2020-06-01 00:00:00-04:00,21.53879337298799,21.67859478814258,21.499649047851562,21.499649047851562,4700,0.0,0.0,0.0
2020-06-02 00:00:00-04:00,21.44559237881406,21.641314009441075,21.44559237881406,21.51456069946289,4500,0.0,0.0,0.0
2020-06-03 00:00:00-04:00,21.767135060134333,22.088680267333984,21.767135060134333,22.088680267333984,2800,0.0,0.0,0.0
2020-06-04 00:00:00-04:00,21.65995405864092,22.070039749145508,21.65995405864092,22.070039749145508,2500,0.0,0.0,0.0
2020-06-05 00:00:00-04:00,22.36828279238708,22.65347817044808,22.270421981811523,22.270421981811523,7300,0.0,0.0,0.0
2020-06-08 00:00:00-04:00,22.349643982953538,22.577987670898438,22.349643982953538,22.577987670898438,2300,0.0,0.0,0.0
2020-06-09 00:00:00-04:00,22.284402283532767,22.493173796932183,22.265761620650927,22.340322494506836,6800,0.0,0.0,0.0
2020-06-10 00:00:00-04:00,22.284403389118115,22.284403389118115,22.052331924438477,22.052331924438477,800,0.0,0.0,0.0
2020-06-11 00:00:00-04:00,21.487533274917418,21.487533274917418,20.653382250727415,20.69159507751465,3100,0.0,0.0,0.0
2020-06-12 00:00:00-04:00,20.94323916790976,21.128708973736014,20.886385676397627,21.058807373046875,3500,0.0,0.0,0.0
2020-06-15 00:00:00-04:00,20.485618888536695,21.385010415606942,20.485618888536695,21.371030807495117,1000,0.0,0.0,0.0
2020-06-16 00:00:00-04:00,21.90227811258277,21.948877993243073,21.510833070953158,21.569549560546875,3600,0.0,0.0,0.0
2020-06-17 00:00:00-04:00,21.520152627032232,21.69443908980172,21.520152627032232,21.557432174682617,2900,0.0,0.0,0.0
2020-06-18 00:00:00-04:00,21.566753406453987,21.636655005515166,21.52015352552754,21.522016525268555,3100,0.0,0.0,0.0
2020-06-19 00:00:00-04:00,21.64131391872463,21.790435668388163,21.398990631103516,21.398990631103516,900,0.0,0.0,0.0
2020-06-22 00:00:00-04:00,21.156670822137297,21.359848022460938,21.156670822137297,21.359848022460938,2300,0.0,0.0,0.0
2020-06-23 00:00:00-04:00,21.576074516548257,21.604035512715747,21.473554419277278,21.534133911132812,2900,0.0,0.0,0.0
2020-06-24 00:00:00-04:00,21.08676680714066,21.128707408913655,20.83419169667949,20.93484878540039,1400,0.0,0.0,0.0
2020-06-25 00:00:00-04:00,20.87520151457673,21.00754737854004,20.87520151457673,21.00754737854004,800,0.0,0.0,0.0
2020-06-26 00:00:00-04:00,20.70930195752479,20.816483103282117,20.620761474769992,20.686933517456055,1700,0.0,0.0,0.0
2020-06-29 00:00:00-04:00,20.699979713002342,20.923664093017578,20.688796382837232,20.923664093017578,1100,0.0,0.0,0.0
2020-06-30 00:00:00-04:00,21.121250875551183,21.220043182373047,21.121250875551183,21.220043182373047,1000,0.0,0.0,0.0
2020-07-01 00:00:00-04:00,21.31697104339294,21.31697104339294,21.212586189630255,21.24054718017578,600,0.0,0.0,0.0
2020-07-02 00:00:00-04:00,21.29647110016003,21.38314858607363,21.269441604614258,21.269441604614258,1200,0.0,0.0,0.0
2020-07-06 00:00:00-04:00,21.454913066680756,21.469824175354333,21.343070863271375,21.4642333984375,2800,0.0,0.0,0.0
2020-07-07 00:00:00-04:00,21.48286831882555,21.493121926235347,21.364503860473633,21.364503860473633,2900,0.0,0.0,0.0
2020-07-08 00:00:00-04:00,21.240551805703078,21.483806610107422,21.240551805703078,21.483806610107422,1800,0.0,0.0,0.0
2020-07-09 00:00:00-04:00,21.482871035238738,21.482871035238738,21.26850875031152,21.331886291503906,2100,0.0,0.0,0.0
2020-07-10 00:00:00-04:00,21.268509337609245,21.404582977294922,21.268509337609245,21.404582977294922,700,0.0,0.0,0.0
2020-07-13 00:00:00-04:00,21.454914685445388,21.63199566916962,21.354257583618164,21.354257583618164,1300,0.0,0.0,0.0
2020-07-14 00:00:00-04:00,21.33374760384727,21.662748336791992,21.33374760384727,21.662748336791992,1000,0.0,0.0,0.0
2020-07-15 00:00:00-04:00,21.8463566054101,22.22848129272461,21.8463566054101,22.22848129272461,1800,0.0,0.0,0.0
2020-07-16 00:00:00-04:00,22.116640826371274,22.144601821899414,22.116640826371274,22.144601821899414,800,0.0,0.0,0.0
2020-07-17 00:00:00-04:00,22.195860639661078,22.368282318115234,22.195860639661078,22.368282318115234,2900,0.0,0.0,0.0
2020-07-20 00:00:00-04:00,22.368282155235256,22.368282155235256,22.146462546577705,22.23966407775879,1700,0.0,0.0,0.0
2020-07-21 00:00:00-04:00,22.247121992531476,22.559345085854538,22.247121992531476,22.430727005004883,5200,0.0,0.0,0.0
2020-07-22 00:00:00-04:00,22.600354259222616,22.60128575903713,22.517404556274414,22.517404556274414,2000,0.0,0.0,0.0
2020-07-23 00:00:00-04:00,22.685167680828467,22.727108283539174,22.5164737701416,22.5164737701416,1300,0.0,0.0,0.0
2020-07-24 00:00:00-04:00,22.75972858004055,23.03467213641094,22.75972858004055,23.010438919067383,3600,0.0,0.0,0.0
2020-07-27 00:00:00-04:00,22.88088810722069,23.197772249361826,22.88088810722069,23.02535057067871,4100,0.0,0.0,0.0
2020-07-28 00:00:00-04:00,22.78769164678039,23.188455270197007,22.78769164678039,23.123214721679688,3300,0.0,0.0,0.0
2020-07-29 00:00:00-04:00,23.300296971145602,23.605996042567416,23.300296971145602,23.4867000579834,4500,0.0,0.0,0.0
2020-07-30 00:00:00-04:00,23.384175836276498,23.47737737034431,23.384175836276498,23.42145538330078,2800,0.0,0.0,0.0
2020-07-31 00:00:00-04:00,23.235053283589476,23.235053283589476,22.759727076302905,23.062631607055664,1500,0.0,0.0,0.0
2020-08-03 00:00:00-04:00,23.244373663168062,23.249032939766813,23.14651107788086,23.14651107788086,1100,0.0,0.0,0.0
2020-08-04 00:00:00-04:00,23.179133719200255,23.193113327026367,23.174472664810626,23.193113327026367,400,0.0,0.0,0.0
2020-08-05 00:00:00-04:00,23.300295508355287,23.38044893732381,23.300295508355287,23.331052780151367,1600,0.0,0.0,0.0
2020-08-06 00:00:00-04:00,23.160495904375622,23.160495904375622,23.076614691763673,23.141855239868164,1600,0.0,0.0,0.0
2020-08-07 00:00:00-04:00,23.002050928010405,23.30029441205732,23.002050928010405,23.253694534301758,1500,0.0,0.0,0.0
2020-08-10 00:00:00-04:00,23.300296406076324,23.374857283468906,23.151174651291157,23.222007751464844,6400,0.0,0.0,0.0
2020-08-11 00:00:00-04:00,23.50067865304462,23.551939588596223,23.30402374267578,23.30402374267578,3600,0.0,0.0,0.0
2020-08-12 00:00:00-04:00,23.75697862443988,23.85204315185547,23.70105841876432,23.85204315185547,2300,0.0,0.0,0.0
2020-08-13 00:00:00-04:00,23.79799201193189,23.901445388793945,23.72902190890945,23.901445388793945,3300,0.0,0.0,0.0
2020-08-14 00:00:00-04:00,23.892121153676204,23.892121153676204,23.859500885009766,23.859500885009766,1000,0.0,0.0,0.0
2020-08-17 00:00:00-04:00,23.868824174141498,24.017945928719882,23.868824174141498,23.95270538330078,2000,0.0,0.0,0.0
2020-08-18 00:00:00-04:00,23.952704579324095,23.981597073850136,23.83806610107422,23.83806610107422,3600,0.0,0.0,0.0
2020-08-19 00:00:00-04:00,23.980662836012353,23.980662836012353,23.934062957763672,23.934062957763672,900,0.0,0.0,0.0
2020-08-20 00:00:00-04:00,23.72902190890945,23.91542499831424,23.72902190890945,23.901445388793945,600,0.0,0.0,0.0
2020-08-21 00:00:00-04:00,23.999304758610347,23.999304758610347,23.845521952505866,23.948043823242188,800,0.0,0.0,0.0
2020-08-24 00:00:00-04:00,23.943383364907273,24.139104987378342,23.943383364907273,24.120464324951172,2400,0.0,0.0,0.0
2020-08-25 00:00:00-04:00,24.120464324951172,24.120464324951172,24.120464324951172,24.120464324951172,0,0.0,0.0,0.0
2020-08-26 00:00:00-04:00,23.971343186712296,24.150290706261487,23.971343186712296,24.122329711914062,3800,0.0,0.0,0.0
2020-08-27 00:00:00-04:00,24.210869468874055,24.302208003270774,24.210869468874055,24.241626739501953,5200,0.0,0.0,0.0
2020-08-28 00:00:00-04:00,24.33575910306397,24.636798858642578,24.33575910306397,24.636798858642578,2400,0.0,0.0,0.0
2020-08-31 00:00:00-04:00,24.67035424004623,24.67035424004623,24.56876564025879,24.56876564025879,2800,0.0,0.0,0.0
2020-09-01 00:00:00-04:00,24.633071386683277,24.642391717711845,24.446668321454638,24.5286865234375,4700,0.0,0.0,0.0
2020-09-02 00:00:00-04:00,24.55851280780082,25.001218795776367,24.55851280780082,25.001218795776367,6200,0.0,0.0,0.0
2020-09-03 00:00:00-04:00,24.996557733232315,24.996557733232315,24.40007071329891,24.459718704223633,4000,0.0,0.0,0.0
2020-09-04 00:00:00-04:00,24.306869673890755,24.57715397142347,24.140038751560045,24.390750885009766,2200,0.0,0.0,0.0
2020-09-08 00:00:00-04:00,24.232305991154295,24.278905868530273,23.87814230115129,24.278905868530273,1400,0.0,0.0,0.0
2020-09-09 00:00:00-04:00,24.204344227032045,24.577150344848633,24.204344227032045,24.577150344848633,1400,0.0,0.0,0.0
2020-09-10 00:00:00-04:00,24.633074732244026,24.67035428375008,24.479291915893555,24.479291915893555,800,0.0,0.0,0.0
2020-09-11 00:00:00-04:00,24.611633846105235,24.611633846105235,24.3348273097738,24.60045051574707,1600,0.0,0.0,0.0
2020-09-14 00:00:00-04:00,24.903356196381477,24.903356196381477,24.810156432753953,24.853960037231445,500,0.0,0.0,0.0
2020-09-15 00:00:00-04:00,24.875395002254102,25.08975728584288,24.875395002254102,25.05900001525879,2500,0.0,0.0,0.0
2020-09-16 00:00:00-04:00,25.08975816605366,25.120513660045326,24.968597412109375,24.968597412109375,900,0.0,0.0,0.0
2020-09-17 00:00:00-04:00,24.86607673054379,24.86607673054379,24.53987222372984,24.64891815185547,4100,0.0,0.0,0.0
2020-09-18 00:00:00-04:00,24.385157909311285,24.428030014038086,24.385157909311285,24.428030014038086,900,0.0,0.0,0.0
2020-09-21 00:00:00-04:00,24.241629067754243,24.241629067754243,23.691741919615264,24.057090759277344,8300,0.0,0.0,0.0
2020-09-22 00:00:00-04:00,24.112078034831622,24.301275609212,24.111146534982186,24.250947952270508,1400,0.0,0.0,0.0
2020-09-23 00:00:00-04:00,24.269586548108094,24.269586548108094,23.859500885009766,23.859500885009766,400,0.0,0.0,0.0
2020-09-24 00:00:00-04:00,23.746730196613623,23.938724056134195,23.74486541916636,23.81849479675293,4600,0.0,0.0,0.0
2020-09-25 00:00:00-04:00,23.802648886265082,23.89678192138672,23.78494150117176,23.89678192138672,1000,0.0,0.0,0.0
2020-09-28 00:00:00-04:00,24.073867101311556,24.46531216709189,24.073867101311556,24.3245792388916,1000,0.0,0.0,0.0
2020-09-29 00:00:00-04:00,24.754230325590413,24.754230325590413,24.274244867561954,24.36278533935547,2800,0.0,0.0,0.0
2020-09-30 00:00:00-04:00,24.353468531951304,24.453194125656392,24.246287383958276,24.400070190429688,2300,0.0,0.0,0.0
2020-10-01 00:00:00-04:00,24.288227668363874,24.316188663083217,24.26026845131601,24.261199951171875,1600,0.0,0.0,0.0
2020-10-02 00:00:00-04:00,23.943384107359677,24.423369624878884,23.72902003814288,24.395408630371094,3900,0.0,0.0,0.0
2020-10-05 00:00:00-04:00,24.633071775409302,24.89869499206543,24.633071775409302,24.89869499206543,1200,0.0,0.0,0.0
2020-10-06 00:00:00-04:00,24.99096378510878,25.107465260798076,24.740253448486328,24.740253448486328,2900,0.0,0.0,0.0
2020-10-07 00:00:00-04:00,25.071117991941723,25.117719650268555,25.071117991941723,25.117719650268555,900,0.0,0.0,0.0
2020-10-08 00:00:00-04:00,25.061798038528316,25.369361877441406,25.061798038528316,25.369361877441406,2400,0.0,0.0,0.0
2020-10-09 00:00:00-04:00,25.55576352298699,25.79808680332028,25.55576352298699,25.63684844970703,3100,0.0,0.0,0.0
2020-10-12 00:00:00-04:00,25.770126065220058,25.770126065220058,25.648965312686702,25.689041137695312,3000,0.0,0.0,0.0
2020-10-13 00:00:00-04:00,25.490523957679233,25.602364382009792,25.490523957679233,25.569744110107422,1000,0.0,0.0,0.0
2020-10-14 00:00:00-04:00,25.5837262934382,25.5837262934382,25.537124633789062,25.537124633789062,1600,0.0,0.0,0.0
2020-10-15 00:00:00-04:00,25.322759606021204,25.5119571685791,24.950886757115352,25.5119571685791,2900,0.0,0.0,0.0
2020-10-16 00:00:00-04:00,25.714209141812496,25.714209141812496,25.4159656103693,25.453245162963867,3800,0.0,0.0,0.0
2020-10-19 00:00:00-04:00,25.57906602354695,25.57906602354695,25.30225944519043,25.30225944519043,700,0.0,0.0,0.0
2020-10-20 00:00:00-04:00,25.49518125120094,25.49518125120094,25.28547824980615,25.38334083557129,1000,0.0,0.0,0.0
2020-10-21 00:00:00-04:00,25.332081481672017,25.37122580734684,25.16525056995854,25.17084312438965,2100,0.0,0.0,0.0
2020-10-22 00:00:00-04:00,25.471882629376484,25.628459930419922,25.402914310250893,25.628459930419922,1800,0.0,0.0,0.0
2020-10-23 00:00:00-04:00,25.798087630970876,26.245452880859375,25.798087630970876,26.245452880859375,3500,0.0,0.0,0.0
2020-10-26 00:00:00-04:00,25.919247625431336,25.919247625431336,25.41596217849661,25.723526000976562,1800,0.0,0.0,0.0
2020-10-27 00:00:00-04:00,25.826045165880156,25.948139190673828,25.826045165880156,25.948139190673828,1100,0.0,0.0,0.0
2020-10-28 00:00:00-04:00,25.82604792033617,25.82604792033617,25.298529219080528,25.36097526550293,900,0.0,0.0,0.0
2020-10-29 00:00:00-04:00,25.23888126996347,25.418760299682617,25.23888126996347,25.418760299682617,1500,0.0,0.0,0.0
2020-10-30 00:00:00-04:00,25.31344254793487,25.31344254793487,25.20532989501953,25.20532989501953,600,0.0,0.0,0.0
2020-11-02 00:00:00-05:00,25.3600408261835,25.3600408261835,25.154998865282224,25.19693946838379,1200,0.0,0.0,0.0
2020-11-03 00:00:00-05:00,25.406640281985673,25.406640281985673,25.2388778841188,25.333942413330078,1100,0.0,0.0,0.0
2020-11-04 00:00:00-05:00,25.117720612555157,25.58372654764767,25.117720612555157,25.415964126586914,1500,0.0,0.0,0.0
2020-11-05 00:00:00-05:00,25.39732343862733,25.5604248046875,25.39732343862733,25.5604248046875,800,0.0,0.0,0.0
2020-11-06 00:00:00-05:00,25.350723290105478,25.798088556035545,25.350723290105478,25.700227737426758,2000,0.0,0.0,0.0
2020-11-09 00:00:00-05:00,26.189534379524765,26.431857683458794,25.53619384765625,25.53619384765625,1500,0.0,0.0,0.0
2020-11-10 00:00:00-05:00,25.59304106269696,25.6396427154541,25.472811820624724,25.6396427154541,1300,0.0,0.0,0.0
2020-11-11 00:00:00-05:00,25.714208179854904,25.825117111206055,25.53712542305822,25.825117111206055,2000,0.0,0.0,0.0
2020-11-12 00:00:00-05:00,25.714205424046614,25.723525755265637,25.551104071892244,25.552967071533203,900,0.0,0.0,0.0
2020-11-13 00:00:00-05:00,25.621006324911882,25.833505630493164,25.555765777848748,25.833505630493164,3500,0.0,0.0,0.0
2020-11-16 00:00:00-05:00,26.059051094215846,26.394575937072872,26.059051094215846,26.39084815979004,2100,0.0,0.0,0.0
2020-11-17 00:00:00-05:00,26.1988515604667,26.525054259534294,26.1988515604667,26.484046936035156,2000,0.0,0.0,0.0
2020-11-18 00:00:00-05:00,26.4784555352263,26.513872083763676,26.135475158691406,26.135475158691406,4500,0.0,0.0,0.0
2020-11-19 00:00:00-05:00,26.347974713886394,26.347974713886394,26.096331094547814,26.33492660522461,2700,0.0,0.0,0.0
2020-11-20 00:00:00-05:00,26.105652650495436,26.35729628163633,26.105652650495436,26.32001495361328,4100,0.0,0.0,0.0
2020-11-23 00:00:00-05:00,26.385252657168195,26.444902420043945,26.385252657168195,26.444902420043945,1000,0.0,0.0,0.0
2020-11-24 00:00:00-05:00,26.543694777584548,26.869899252552777,26.543694777584548,26.72077751159668,1500,0.0,0.0,0.0
2020-11-25 00:00:00-05:00,26.720776174791382,26.76457977294922,26.543693449638468,26.76457977294922,1500,0.0,0.0,0.0
2020-11-27 00:00:00-05:00,26.85125737530065,26.909042358398438,26.85125737530065,26.909042358398438,1000,0.0,0.0,0.0
2020-11-30 00:00:00-05:00,26.907182437165936,26.907182437165936,26.497096732344975,26.781360626220703,1700,0.0,0.0,0.0
2020-12-01 00:00:00-05:00,26.869900338810073,27.208221435546875,26.869900338810073,27.208221435546875,1700,0.0,0.0,0.0
2020-12-02 00:00:00-05:00,26.883880763784592,26.93886947631836,26.841940160066585,26.93886947631836,700,0.0,0.0,0.0
2020-12-03 00:00:00-05:00,27.224063956653247,27.224063956653247,27.163484469283095,27.16628074645996,1100,0.0,0.0,0.0
2020-12-04 00:00:00-05:00,27.43842788705076,27.43842788705076,27.29862647259879,27.358274459838867,2600,0.0,0.0,0.0
2020-12-07 00:00:00-05:00,27.112224131172596,27.3862361907959,27.112224131172596,27.3862361907959,1100,0.0,0.0,0.0
2020-12-08 00:00:00-05:00,27.401147931292932,27.69007110595703,27.401147931292932,27.69007110595703,1600,0.0,0.0,0.0
2020-12-09 00:00:00-05:00,27.839193684638477,27.839193684638477,27.54094841071858,27.567977905273438,1000,0.0,0.0,0.0
2020-12-10 00:00:00-05:00,27.596872635163155,27.835466384887695,27.588483802862104,27.835466384887695,2100,0.0,0.0,0.0
2020-12-11 00:00:00-05:00,27.820553197119366,27.82987352864483,27.751583099365234,27.751583099365234,2300,0.0,0.0,0.0
2020-12-14 00:00:00-05:00,27.937054365740494,27.997635631150334,27.833600997924805,27.833600997924805,1800,0.0,0.0,0.0
2020-12-15 00:00:00-05:00,27.978994955157674,28.34341049194336,27.978994955157674,28.34341049194336,500,0.0,0.0,0.0
2020-12-16 00:00:00-05:00,28.45432090056243,28.67241096496582,28.45432090056243,28.67241096496582,1200,0.0,0.0,0.0
2020-12-17 00:00:00-05:00,28.75256442054083,29.066652297973633,28.75256442054083,29.066652297973633,1800,0.0,0.0,0.0
2020-12-18 00:00:00-05:00,29.349052631887744,29.349052631887744,29.096477508544922,29.096477508544922,2600,0.0,0.0,0.0
2020-12-21 00:00:00-05:00,28.454322442854487,28.869998931884766,28.454322442854487,28.869998931884766,1300,0.0,0.0,0.0
2020-12-22 00:00:00-05:00,28.7525657098975,29.237212294861802,28.7525657098975,29.212047576904297,1500,0.0,0.0,0.0
2020-12-23 00:00:00-05:00,29.51681524603436,29.57273545906927,29.442254369430636,29.456233978271484,900,0.0,0.0,0.0
2020-12-24 00:00:00-05:00,29.46754699410533,29.46754699410533,29.464717864990234,29.464717864990234,700,0.367,0.0,0.0
2020-12-28 00:00:00-05:00,29.783438160826556,29.783438160826556,29.222376714928348,29.22803497314453,2600,0.0,0.0,0.0
2020-12-29 00:00:00-05:00,29.637282695213123,29.637282695213123,28.732038644750702,28.830106735229492,3400,0.0,0.0,0.0
2020-12-30 00:00:00-05:00,28.88668441772461,28.88668441772461,28.88668441772461,28.88668441772461,400,0.0,0.0,0.0
2020-12-31 00:00:00-05:00,28.95834934129221,28.95834934129221,28.86405462186778,28.94797706604004,1400,0.0,0.0,0.0
2021-01-04 00:00:00-05:00,29.09979398432994,29.09979398432994,27.949379743210855,28.232269287109375,6400,0.0,0.0,0.0
2021-01-05 00:00:00-05:00,27.8550848492149,28.722607742337892,27.8550848492149,28.687719345092773,2800,0.0,0.0,0.0
2021-01-06 00:00:00-05:00,29.024356391026053,29.561844172581957,29.024356391026053,29.065845489501953,2400,0.0,0.0,0.0
2021-01-07 00:00:00-05:00,29.58070515506702,29.58070515506702,29.33081911673524,29.51375389099121,2100,0.0,0.0,0.0
2021-01-08 00:00:00-05:00,29.30724565659428,29.660856246948242,29.30724565659428,29.660856246948242,2900,0.0,0.0,0.0
2021-01-11 00:00:00-05:00,29.542984463683453,29.542984463683453,29.42040025697512,29.491121292114258,1500,0.0,0.0,0.0
2021-01-12 00:00:00-05:00,29.118653524095937,29.557130813598633,29.118653524095937,29.557130813598633,1200,0.0,0.0,0.0
2021-01-13 00:00:00-05:00,29.250666503443256,29.60899108626544,29.250666503443256,29.443973541259766,2700,0.0,0.0,0.0
2021-01-14 00:00:00-05:00,29.684429230716187,29.753265380859375,29.684429230716187,29.753265380859375,800,0.0,0.0,0.0
2021-01-15 00:00:00-05:00,29.712718026062834,29.712718026062834,29.175230241733015,29.342134475708008,6300,0.0,0.0,0.0
2021-01-19 00:00:00-05:00,29.95788820690089,29.95788820690089,29.429828455719377,29.737234115600586,2700,0.0,0.0,0.0
2021-01-20 00:00:00-05:00,30.014465318610583,30.212488174438477,29.930541080877582,30.212488174438477,5200,0.0,0.0,0.0
2021-01-21 00:00:00-05:00,30.693398169597717,30.693398169597717,30.08990334455289,30.354877471923828,1000,0.0,0.0,0.0
2021-01-22 00:00:00-05:00,30.16533968561155,30.495376586914062,30.16533968561155,30.495376586914062,4700,0.0,0.0,0.0
2021-01-25 00:00:00-05:00,30.278495750816944,30.344502771122336,30.1983448828908,30.337902069091797,3300,0.0,0.0,0.0
2021-01-26 00:00:00-05:00,30.702828468235474,30.702828468235474,30.21248804487117,30.419937133789062,1600,0.0,0.0,0.0
2021-01-27 00:00:00-05:00,30.174769402693542,30.174769402693542,29.497722625732422,29.497722625732422,2000,0.0,0.0,0.0
2021-01-28 00:00:00-05:00,29.747606227536178,30.221914291381836,29.59013003668642,30.221914291381836,2400,0.0,0.0,0.0
2021-01-29 00:00:00-05:00,30.174771253382243,30.175713696999633,29.71272028439161,29.794757843017578,3500,0.0,0.0,0.0
2021-02-01 00:00:00-05:00,29.78815452591315,30.26906331782219,29.712717676343463,30.262462615966797,1500,0.0,0.0,0.0
2021-02-02 00:00:00-05:00,30.712254944363398,31.00740162696348,30.646247928900923,30.91310691833496,2900,0.0,0.0,0.0
2021-02-03 00:00:00-05:00,31.032864636679015,31.35347170932049,30.931023177214357,31.096986770629883,2400,0.0,0.0,0.0
2021-02-04 00:00:00-05:00,31.33178529042344,31.862672396726214,31.33178529042344,31.834381103515625,3200,0.0,0.0,0.0
2021-02-05 00:00:00-05:00,32.107839056904744,32.89049884561436,32.107839056904744,32.63495635986328,7900,0.0,0.0,0.0
2021-02-08 00:00:00-05:00,32.67362243342685,33.126243591308594,32.67362243342685,33.126243591308594,6200,0.0,0.0,0.0
2021-02-09 00:00:00-05:00,33.23939586068351,33.57886260671367,33.16395720729326,33.43364715576172,4400,0.0,0.0,0.0
2021-02-10 00:00:00-05:00,34.62554964404972,34.62554964404972,33.41572907014424,33.457218170166016,6200,0.0,0.0,0.0
2021-02-11 00:00:00-05:00,33.14509550118056,33.95603930445991,32.922556547504115,33.363861083984375,5200,0.0,0.0,0.0
2021-02-12 00:00:00-05:00,33.31483133998783,33.80516815185547,33.31483133998783,33.80516815185547,3700,0.0,0.0,0.0
2021-02-16 00:00:00-05:00,33.946616141421075,33.946616141421075,33.522282720230734,33.83346176147461,3300,0.0,0.0,0.0
2021-02-17 00:00:00-05:00,33.28654198826668,33.38084030151367,32.90935952661722,33.38084030151367,3500,0.0,0.0,0.0
2021-02-18 00:00:00-05:00,33.135666884950496,33.135666884950496,32.80563179530465,32.89332580566406,4900,0.0,0.0,0.0
2021-02-19 00:00:00-05:00,33.11680767180809,33.43175647508395,33.11680767180809,33.207332611083984,4700,0.0,0.0,0.0
2021-02-22 00:00:00-05:00,33.20167253753758,33.31483050400225,33.03853988647461,33.03853988647461,3900,0.0,0.0,0.0
2021-02-23 00:00:00-05:00,32.852784121823824,32.852784121823824,31.55432696210867,32.47277069091797,3000,0.0,0.0,0.0
2021-02-24 00:00:00-05:00,32.31529349889571,33.159244537353516,32.31529349889571,33.159244537353516,1800,0.0,0.0,0.0
2021-02-25 00:00:00-05:00,33.17338713593937,33.17338713593937,32.098411560058594,32.098411560058594,2500,0.0,0.0,0.0
2021-02-26 00:00:00-05:00,32.06069263615715,32.46616638961875,32.06069263615715,32.136131286621094,2100,0.0,0.0,0.0
2021-03-01 00:00:00-05:00,32.85278084026779,33.55622863769531,32.85278084026779,33.55622863769531,1400,0.0,0.0,0.0
2021-03-02 00:00:00-05:00,33.34311940113564,33.50342113041385,33.170555114746094,33.170555114746094,1000,0.0,0.0,0.0
2021-03-03 00:00:00-05:00,33.21110469684986,33.21110469684986,32.48219299316406,32.48219299316406,700,0.0,0.0,0.0
2021-03-04 00:00:00-05:00,32.53594556524993,32.53594556524993,30.872561514100664,31.301607131958008,4800,0.0,0.0,0.0
2021-03-05 00:00:00-05:00,31.504347038070502,31.532634735107422,29.693860686889877,31.532634735107422,5500,0.0,0.0,0.0
2021-03-08 00:00:00-05:00,31.400620004023505,32.04183416842748,31.400620004023505,31.605241775512695,3100,0.0,0.0,0.0
2021-03-09 00:00:00-05:00,32.65475673719798,32.65475673719798,32.24928301703213,32.30774688720703,1700,0.0,0.0,0.0
2021-03-10 00:00:00-05:00,32.92821492858637,33.13566761643634,32.75188446044922,32.75188446044922,2000,0.0,0.0,0.0
2021-03-11 00:00:00-05:00,33.182813915477986,33.50153608257527,33.03099777573033,33.44873046875,7100,0.0,0.0,0.0
2021-03-12 00:00:00-05:00,33.447789664400304,33.53925704956055,33.447789664400304,33.53925704956055,400,0.0,0.0,0.0
2021-03-15 00:00:00-04:00,33.7344503045791,34.05034155503921,33.7344503045791,33.9560432434082,1900,0.0,0.0,0.0
2021-03-16 00:00:00-04:00,34.14463423429637,34.14463423429637,33.313884683476566,33.413841247558594,2700,0.0,0.0,0.0
2021-03-17 00:00:00-04:00,33.45816352859641,33.81743240356445,33.45816352859641,33.81743240356445,700,0.0,0.0,0.0
2021-03-18 00:00:00-04:00,33.95604421579872,33.95604421579872,32.785831451416016,32.785831451416016,1100,0.0,0.0,0.0
2021-03-19 00:00:00-04:00,32.673614024097816,33.258249086252896,32.503880683937915,33.22996139526367,2800,0.0,0.0,0.0
2021-03-22 00:00:00-04:00,33.52228396829817,33.52228396829817,32.9027603876964,32.9178466796875,1600,0.0,0.0,0.0
2021-03-23 00:00:00-04:00,32.58875224119645,32.58875224119645,31.966397766316046,32.03711700439453,1000,0.0,0.0,0.0
2021-03-24 00:00:00-04:00,31.97582255570804,32.09840855113152,31.37232780456543,31.37232780456543,600,0.0,0.0,0.0
2021-03-25 00:00:00-04:00,31.19317327752792,32.07767105102539,31.19317327752792,32.07767105102539,600,0.0,0.0,0.0
2021-03-26 00:00:00-04:00,32.503882097230694,32.503882097230694,32.29642942865677,32.49068069458008,2400,0.0,0.0,0.0
2021-03-29 00:00:00-04:00,31.99751266655633,31.99751266655633,31.881530958295436,31.899444580078125,1500,0.0,0.0,0.0
2021-03-30 00:00:00-04:00,32.3350944519043,32.3350944519043,32.3350944519043,32.3350944519043,200,0.0,0.0,0.0
2021-03-31 00:00:00-04:00,32.81506131706366,32.81506131706366,32.55009078979492,32.55009078979492,5200,0.0,0.0,0.0
2021-04-01 00:00:00-04:00,32.89993023819246,33.02723207085764,32.806577958980064,33.012142181396484,2400,0.0,0.0,0.0
2021-04-05 00:00:00-04:00,33.701445780321734,33.701445780321734,33.13095090418705,33.170555114746094,2200,0.0,0.0,0.0
2021-04-06 00:00:00-04:00,33.305400426054405,33.47513378654392,33.27711273167705,33.308231353759766,1600,0.0,0.0,0.0
2021-04-07 00:00:00-04:00,33.60714781880504,33.60714781880504,33.286540759822984,33.30728530883789,1300,0.0,0.0,0.0
2021-04-08 00:00:00-04:00,33.44684820136103,33.65241241455078,33.28748530677434,33.65241241455078,3700,0.0,0.0,0.0
2021-04-09 00:00:00-04:00,33.37141018358611,33.64958572387695,33.37141018358611,33.64958572387695,1700,0.0,0.0,0.0
2021-04-12 00:00:00-04:00,33.418556213378906,33.418556213378906,33.31954568176,33.418556213378906,1500,0.0,0.0,0.0
2021-04-13 00:00:00-04:00,33.06023575879667,33.36764144897461,33.06023575879667,33.36764144897461,1800,0.0,0.0,0.0
2021-04-14 00:00:00-04:00,33.795745100916754,33.795745100916754,33.364810943603516,33.364810943603516,3200,0.0,0.0,0.0
2021-04-15 00:00:00-04:00,33.24127992513963,33.39781188964844,33.213934672952014,33.39781188964844,1300,0.0,0.0,0.0
2021-04-16 00:00:00-04:00,33.62600838082998,33.62600838082998,33.55057332810999,33.579803466796875,1400,0.0,0.0,0.0
2021-04-19 00:00:00-04:00,33.76745294262741,33.76745294262741,33.258252864303884,33.28842544555664,4100,0.0,0.0,0.0
2021-04-20 00:00:00-04:00,33.01308400937825,33.116810360841264,32.31529444026655,32.68022155761719,3200,0.0,0.0,0.0
2021-04-21 00:00:00-04:00,32.40016050566804,33.29502868652344,32.40016050566804,33.29502868652344,1600,0.0,0.0,0.0
2021-04-22 00:00:00-04:00,33.33368936750424,33.34029006958008,33.33368936750424,33.34029006958008,900,0.0,0.0,0.0
2021-04-23 00:00:00-04:00,33.5694286854685,33.75236345063082,33.5694286854685,33.702388763427734,2000,0.0,0.0,0.0
2021-04-26 00:00:00-04:00,33.94661444554426,33.94661444554426,33.60243191079735,33.8221435546875,3100,0.0,0.0,0.0
2021-04-27 00:00:00-04:00,33.842888959595506,34.455815396987205,33.842888959595506,34.15406799316406,6400,0.0,0.0,0.0
2021-04-28 00:00:00-04:00,34.71984562284791,34.71984562284791,34.06543004602844,34.16255569458008,4000,0.0,0.0,0.0
2021-04-29 00:00:00-04:00,34.38509571923821,34.51333999633789,34.38509571923821,34.51333999633789,200,0.0,0.0,0.0
2021-04-30 00:00:00-04:00,34.57839627065136,34.57839627065136,33.67315409939676,33.84571838378906,3000,0.0,0.0,0.0
2021-05-03 00:00:00-04:00,33.94189681810588,33.94189681810588,33.633548736572266,33.633548736572266,800,0.0,0.0,0.0
2021-05-04 00:00:00-04:00,33.145094318593394,33.22996098763229,32.928210033295585,33.19224166870117,2700,0.0,0.0,0.0
2021-05-05 00:00:00-04:00,33.28654202211592,33.427987693573826,33.28654202211592,33.32048797607422,1400,0.0,0.0,0.0
2021-05-06 00:00:00-04:00,32.77734345886368,32.89804458618164,32.588754017557584,32.89804458618164,4300,0.0,0.0,0.0
2021-05-07 00:00:00-04:00,33.16867311195628,33.409129323895655,33.16867311195628,33.29408645629883,1000,0.0,0.0,0.0
2021-05-10 00:00:00-04:00,33.4562778655234,33.4562778655234,32.749056650109566,32.83392333984375,5100,0.0,0.0,0.0
2021-05-11 00:00:00-04:00,31.881530490879694,32.67361831665039,31.881530490879694,32.67361831665039,4900,0.0,0.0,0.0
2021-05-12 00:00:00-04:00,32.56045875209791,32.56045875209791,31.35629653930664,31.35629653930664,1500,0.0,0.0,0.0
2021-05-13 00:00:00-04:00,31.315754135816352,31.928680619811544,31.21202778340673,31.641077041625977,2100,0.0,0.0,0.0
2021-05-14 00:00:00-04:00,32.51331071063625,32.58591842651367,32.3812966817682,32.58591842651367,2400,0.0,0.0,0.0
2021-05-17 00:00:00-04:00,32.39072784818031,32.62929916381836,32.39072784818031,32.62929916381836,700,0.0,0.0,0.0
2021-05-18 00:00:00-04:00,32.371867343526844,32.9546175310935,32.371867343526844,32.67172622680664,1700,0.0,0.0,0.0
2021-05-19 00:00:00-04:00,31.975821854351192,32.31528854370117,31.975821854351192,32.31528854370117,400,0.0,0.0,0.0
2021-05-20 00:00:00-04:00,32.16441606996224,32.802799224853516,32.16441606996224,32.802799224853516,500,0.0,0.0,0.0
2021-05-21 00:00:00-04:00,32.94236153872297,32.95650538578853,32.711333379609854,32.71604919433594,2100,0.0,0.0,0.0
2021-05-24 00:00:00-04:00,32.96687580371207,33.277112383537236,32.96687580371207,33.170555114746094,2000,0.0,0.0,0.0
2021-05-25 00:00:00-04:00,33.24882209216551,33.24882209216551,32.92821502685547,32.92821502685547,1400,0.0,0.0,0.0
2021-05-26 00:00:00-04:00,33.30634212592357,33.48927688598633,33.30634212592357,33.48927688598633,500,0.0,0.0,0.0
2021-05-27 00:00:00-04:00,33.50342340739033,33.62600941859548,33.50342340739033,33.61375045776367,1200,0.0,0.0,0.0
2021-05-28 00:00:00-04:00,33.71559294344013,33.71559294344013,33.66749954223633,33.66749954223633,800,0.0,0.0,0.0
2021-06-01 00:00:00-04:00,33.974901328871695,33.974901328871695,33.69201360133379,33.7467041015625,7800,0.0,0.0,0.0
2021-06-02 00:00:00-04:00,33.50436666106888,33.66938781738281,33.50436666106888,33.66938781738281,800,0.0,0.0,0.0
2021-06-03 00:00:00-04:00,33.47042322239967,33.47042322239967,33.39875793457031,33.39875793457031,400,0.0,0.0,0.0
2021-06-04 00:00:00-04:00,33.44119030167815,33.47513625685857,33.43364715576172,33.43364715576172,800,0.0,0.0,0.0
2021-06-07 00:00:00-04:00,33.871174644235246,33.9862174987793,33.62600624209783,33.9862174987793,7900,0.0,0.0,0.0
2021-06-08 00:00:00-04:00,34.45581276400449,34.757560144769236,34.45581276400449,34.661376953125,900,0.0,0.0,0.0
2021-06-09 00:00:00-04:00,34.39923790566046,34.39923790566046,34.08806245567363,34.14558029174805,1600,0.0,0.0,0.0
2021-06-10 00:00:00-04:00,34.08805972374839,34.1550091846128,33.98433338302808,34.121063232421875,1400,0.0,0.0,0.0
2021-06-11 00:00:00-04:00,34.342658198909945,34.521823196994355,34.05600067677807,34.268165588378906,4200,0.0,0.0,0.0
2021-06-14 00:00:00-04:00,34.55011381365115,34.55011381365115,33.9937663037835,34.0758056640625,3300,0.0,0.0,0.0
2021-06-15 00:00:00-04:00,34.36151774196324,34.36151774196324,33.7485948899675,33.7947998046875,1600,0.0,0.0,0.0
2021-06-16 00:00:00-04:00,33.71086803764782,33.71086803764782,33.596771240234375,33.596771240234375,600,0.0,0.0,0.0
2021-06-17 00:00:00-04:00,33.42798229381689,33.42798229381689,32.9989331309167,33.05173873901367,700,0.0,0.0,0.0
2021-06-18 00:00:00-04:00,32.777341625189536,32.84146375826065,32.452964782714844,32.452964782714844,1400,0.0,0.0,0.0
2021-06-21 00:00:00-04:00,33.343116526905355,33.46570251921214,33.31482883526239,33.383663177490234,1200,0.0,0.0,0.0
2021-06-22 00:00:00-04:00,33.33369466690574,33.6099853515625,33.32426663263261,33.6099853515625,1600,0.0,0.0,0.0
2021-06-23 00:00:00-04:00,33.673154112790485,33.673154112790485,33.1922453332179,33.44967269897461,1800,0.0,0.0,0.0
2021-06-24 00:00:00-04:00,33.729737789263005,33.83346414364754,33.654299132578565,33.76179885864258,1200,0.0,0.0,0.0
2021-06-25 00:00:00-04:00,33.946618531561064,34.02960033449133,33.76179885864258,33.76179885864258,1500,0.0,0.0,0.0
2021-06-28 00:00:00-04:00,33.694847106933594,33.833461852234606,33.34689118264509,33.694847106933594,5700,0.0,0.0,0.0
2021-06-29 00:00:00-04:00,33.77688283335172,33.937188169249374,33.73350524902344,33.73350524902344,2700,0.0,0.0,0.0
2021-06-30 00:00:00-04:00,33.907952351059016,34.02205276489258,33.82402811539853,34.02205276489258,600,0.0,0.0,0.0
2021-07-01 00:00:00-04:00,34.41809407507224,34.41809407507224,33.90700912475586,33.90700912475586,500,0.0,0.0,0.0
2021-07-02 00:00:00-04:00,34.41809309156212,34.41809309156212,33.338401794433594,33.338401794433594,300,0.0,0.0,0.0
2021-07-06 00:00:00-04:00,32.7396240234375,32.7396240234375,32.7396240234375,32.7396240234375,600,0.0,0.0,0.0
2021-07-07 00:00:00-04:00,32.786766931741965,32.786766931741965,32.22853469848633,32.22853469848633,2400,0.0,0.0,0.0
2021-07-08 00:00:00-04:00,31.513773766407752,32.02768968968016,31.513773766407752,31.915477752685547,1500,0.0,0.0,0.0
2021-07-09 00:00:00-04:00,32.13612736712447,32.74905014038086,32.107836078094635,32.74905014038086,2100,0.0,0.0,0.0
2021-07-12 00:00:00-04:00,32.57931865460063,32.81883239746094,32.57931865460063,32.81883239746094,900,0.0,0.0,0.0
2021-07-13 00:00:00-04:00,32.14744567871094,32.14744567871094,32.14744567871094,32.14744567871094,200,0.0,0.0,0.0
2021-07-14 00:00:00-04:00,32.173844514319164,32.485023527630105,31.6637020111084,31.6637020111084,1100,0.0,0.0,0.0
2021-07-15 00:00:00-04:00,31.636361677171685,31.636361677171685,31.297840958694536,31.302553176879883,1300,0.0,0.0,0.0
2021-07-16 00:00:00-04:00,31.281805979224256,31.344043225137064,30.792407989501953,30.792407989501953,1100,0.0,0.0,0.0
2021-07-19 00:00:00-04:00,30.63682061788331,30.646248650123013,29.788153831804074,30.385047912597656,1900,0.0,0.0,0.0
2021-07-20 00:00:00-04:00,30.683973587431186,31.156396865844727,30.683973587431186,31.156396865844727,1000,0.0,0.0,0.0
2021-07-21 00:00:00-04:00,31.344042500304163,31.796663598146296,31.344042500304163,31.626930236816406,2100,0.0,0.0,0.0
2021-07-22 00:00:00-04:00,31.57695198059082,31.57695198059082,31.57695198059082,31.57695198059082,200,0.0,0.0,0.0
2021-07-23 00:00:00-04:00,30.683970777155118,31.014005892392497,30.683970777155118,30.982887268066406,1600,0.0,0.0,0.0
2021-07-26 00:00:00-04:00,31.061152934114578,31.469457626342773,31.061152934114578,31.469457626342773,800,0.0,0.0,0.0
2021-07-27 00:00:00-04:00,31.11773354731161,31.243146896362305,30.787698418230825,31.243146896362305,900,0.0,0.0,0.0
2021-07-28 00:00:00-04:00,31.21674346923828,31.21674346923828,31.21674346923828,31.21674346923828,100,0.0,0.0,0.0
2021-07-29 00:00:00-04:00,31.09887268472117,31.362900777810715,31.09887268472117,31.140361785888672,800,0.0,0.0,0.0
2021-07-30 00:00:00-04:00,30.721689917823326,30.749977614068737,30.628334045410156,30.628334045410156,600,0.0,0.0,0.0
2021-08-02 00:00:00-04:00,30.693395614624023,30.693395614624023,30.693395614624023,30.693395614624023,200,0.0,0.0,0.0
2021-08-03 00:00:00-04:00,30.22851806421111,30.394481658935547,30.22851806421111,30.394481658935547,2000,0.0,0.0,0.0
2021-08-04 00:00:00-04:00,30.41993729290841,30.42936892256609,30.15590921629762,30.16250991821289,1800,0.0,0.0,0.0
2021-08-05 00:00:00-04:00,30.363363436654893,30.748092651367188,30.269065120880196,30.748092651367188,1000,0.0,0.0,0.0
2021-08-06 00:00:00-04:00,31.268604486480466,31.268604486480466,30.787695684364316,30.93102264404297,1600,0.0,0.0,0.0
2021-08-09 00:00:00-04:00,30.75940824932769,30.8914223057918,30.721692516847416,30.852764129638672,900,0.0,0.0,0.0
2021-08-10 00:00:00-04:00,30.94799683572684,30.94799683572684,30.845212936401367,30.845212936401367,800,0.0,0.0,0.0
2021-08-11 00:00:00-04:00,31.202597832830577,31.202597832830577,30.73583287278046,31.028148651123047,1800,0.0,0.0,0.0
2021-08-12 00:00:00-04:00,30.872563994220197,31.031923294067383,30.751862867716376,31.031923294067383,1300,0.0,0.0,0.0
2021-08-13 00:00:00-04:00,30.844271157654752,30.844271157654752,30.46708869934082,30.46708869934082,5600,0.0,0.0,0.0
2021-08-16 00:00:00-04:00,30.30678476109056,30.394482375524998,30.229461220488318,30.271896362304688,1700,0.0,0.0,0.0
2021-08-17 00:00:00-04:00,29.684428219116242,29.722147543224786,29.47697733218836,29.67971420288086,2600,0.0,0.0,0.0
2021-08-18 00:00:00-04:00,29.67122832176828,29.67122832176828,29.641996383666992,29.641996383666992,400,0.0,0.0,0.0
2021-08-19 00:00:00-04:00,29.278952747208656,29.278952747208656,28.97720536640046,29.20446014404297,1300,0.0,0.0,0.0
2021-08-20 00:00:00-04:00,29.41097030962848,29.51186752319336,29.38268081655085,29.51186752319336,4000,0.0,0.0,0.0
2021-08-23 00:00:00-04:00,29.49583641115142,30.137048721313477,29.49583641115142,30.137048721313477,700,0.0,0.0,0.0
2021-08-24 00:00:00-04:00,30.155912364416793,30.514238789447955,30.155912364416793,30.50197982788086,1100,0.0,0.0,0.0
2021-08-25 00:00:00-04:00,30.872562962765084,30.997976303100586,30.872562962765084,30.997976303100586,900,0.0,0.0,0.0
2021-08-26 00:00:00-04:00,30.87256204719059,30.87256204719059,30.76506233215332,30.76506233215332,200,0.0,0.0,0.0
2021-08-27 00:00:00-04:00,30.97628433956374,31.51848793029785,30.97628433956374,31.51848793029785,1200,0.0,0.0,0.0
2021-08-30 00:00:00-04:00,31.19316862816758,31.2403159844729,31.191280143994216,31.212970733642578,1100,0.0,0.0,0.0
2021-08-31 00:00:00-04:00,31.117730839349868,31.259176509282945,31.117730839349868,31.188453674316406,400,0.0,0.0,0.0
2021-09-01 00:00:00-04:00,31.5703541042213,31.5703541042213,31.473228454589844,31.473228454589844,600,0.0,0.0,0.0
2021-09-02 00:00:00-04:00,31.41476058959961,31.41476058959961,31.41476058959961,31.41476058959961,300,0.0,0.0,0.0
2021-09-03 00:00:00-04:00,31.269542694091797,31.269542694091797,31.269542694091797,31.269542694091797,400,0.0,0.0,0.0
2021-09-07 00:00:00-04:00,31.412876105930152,31.461911945519805,31.412876105930152,31.45248031616211,300,0.0,0.0,0.0
2021-09-08 00:00:00-04:00,31.004579887992612,31.16488164099312,30.71226048314596,31.111133575439453,3900,0.0,0.0,0.0
2021-09-09 00:00:00-04:00,31.134706497192383,31.134706497192383,31.134706497192383,31.134706497192383,200,0.0,0.0,0.0
2021-09-10 00:00:00-04:00,31.108299482839207,31.108299482839207,30.661333084106445,30.661333084106445,3800,0.0,0.0,0.0
2021-09-13 00:00:00-04:00,30.570808267668415,30.570808267668415,30.376560598815413,30.443510055541992,2400,0.0,0.0,0.0
2021-09-14 00:00:00-04:00,30.891421069613628,30.891421069613628,30.19645881652832,30.19645881652832,300,0.0,0.0,0.0
2021-09-15 00:00:00-04:00,30.02389568574088,30.368078231811523,30.02389568574088,30.368078231811523,500,0.0,0.0,0.0
2021-09-16 00:00:00-04:00,30.787693356762272,30.787693356762272,30.557607650756836,30.557607650756836,600,0.0,0.0,0.0
2021-09-17 00:00:00-04:00,30.59438899438196,30.59438899438196,30.523666154566023,30.544410705566406,600,0.0,0.0,0.0
2021-09-20 00:00:00-04:00,29.571272784288652,30.071041220924286,29.571272784288652,29.87302017211914,2400,0.0,0.0,0.0
2021-09-21 00:00:00-04:00,30.19456827357528,30.19456827357528,29.870189666748047,29.870189666748047,2600,0.0,0.0,0.0
2021-09-22 00:00:00-04:00,30.467087858101717,30.467087858101717,30.4510555267334,30.4510555267334,400,0.0,0.0,0.0
2021-09-23 00:00:00-04:00,30.957429099231085,31.136590496953907,30.844271124457165,30.85181427001953,1200,0.0,0.0,0.0
2021-09-24 00:00:00-04:00,31.04229164945557,31.04229164945557,30.892363990123663,31.03286361694336,900,0.0,0.0,0.0
2021-09-27 00:00:00-04:00,30.86313207212702,31.485486570848526,30.86313207212702,31.46756935119629,4600,0.0,0.0,0.0
2021-09-28 00:00:00-04:00,30.966858399297926,31.103588259911135,30.86501693725586,30.86501693725586,1000,0.0,0.0,0.0
2021-09-29 00:00:00-04:00,31.146021914847285,31.146021914847285,30.88199380590357,30.9036808013916,2300,0.0,0.0,0.0
2021-09-30 00:00:00-04:00,30.646250436653816,30.646250436653816,30.278496006952025,30.603818893432617,6400,0.0,0.0,0.0
2021-10-01 00:00:00-04:00,31.108301079180407,31.62221336364746,30.937621682914784,31.62221336364746,800,0.0,0.0,0.0
2021-10-04 00:00:00-04:00,31.740082595663495,31.77780191736568,31.372328201848443,31.419475555419922,4400,0.0,0.0,0.0
2021-10-05 00:00:00-04:00,31.278032385559946,31.278032385559946,31.149791717529297,31.149791717529297,2700,0.0,0.0,0.0
2021-10-06 00:00:00-04:00,30.655677682383256,31.190338134765625,30.655677682383256,31.190338134765625,800,0.0,0.0,0.0
2021-10-07 00:00:00-04:00,31.82495149503504,31.91924620876782,31.645790100097656,31.645790100097656,2200,0.0,0.0,0.0
2021-10-08 00:00:00-04:00,31.59864144554019,31.606188188647206,31.37704849243164,31.37704849243164,600,0.0,0.0,0.0
2021-10-11 00:00:00-04:00,31.37232780456543,31.37232780456543,31.37232780456543,31.37232780456543,100,0.0,0.0,0.0
2021-10-12 00:00:00-04:00,31.448709346768087,31.70613670349121,31.448709346768087,31.70613670349121,200,0.0,0.0,0.0
2021-10-13 00:00:00-04:00,31.689165115356445,31.689165115356445,31.689165115356445,31.689165115356445,100,0.0,0.0,0.0
2021-10-14 00:00:00-04:00,32.033348083496094,32.033348083496094,32.033348083496094,32.033348083496094,100,0.0,0.0,0.0
2021-10-15 00:00:00-04:00,31.630701065063477,31.630701065063477,31.630701065063477,31.630701065063477,100,0.0,0.0,0.0
2021-10-18 00:00:00-04:00,31.947539457853257,31.947539457853257,31.595813751220703,31.595813751220703,300,0.0,0.0,0.0
2021-10-19 00:00:00-04:00,31.551490745417013,31.749511795972264,31.551490745417013,31.62127113342285,3800,0.0,0.0,0.0
2021-10-20 00:00:00-04:00,31.72122577213023,31.72122577213023,31.67219352722168,31.67219352722168,300,0.0,0.0,0.0
2021-10-21 00:00:00-04:00,31.682567596435547,31.682567596435547,31.682567596435547,31.682567596435547,100,0.0,0.0,0.0
2021-10-22 00:00:00-04:00,31.565634793558832,31.6401309967041,31.45719623537354,31.6401309967041,800,0.0,0.0,0.0
2021-10-25 00:00:00-04:00,31.740084543417986,31.7872318998827,31.735368728637695,31.735368728637695,800,0.0,0.0,0.0
2021-10-26 00:00:00-04:00,31.947536842674324,31.947536842674324,31.668418884277344,31.668418884277344,1100,0.0,0.0,0.0
2021-10-27 00:00:00-04:00,31.806090558157894,31.806090558157894,31.2667179107666,31.2667179107666,400,0.0,0.0,0.0
2021-10-28 00:00:00-04:00,31.200713862614016,31.36195804780132,31.200713862614016,31.250688552856445,800,0.0,0.0,0.0
2021-10-29 00:00:00-04:00,31.117731149447568,31.117731149447568,31.004576770641176,31.028148651123047,900,0.0,0.0,0.0
2021-11-01 00:00:00-04:00,31.193166275550883,31.70707853561075,31.193166275550883,31.659931182861328,1100,0.0,0.0,0.0
2021-11-02 00:00:00-04:00,31.487369537353516,31.487369537353516,31.487369537353516,31.487369537353516,200,0.0,0.0,0.0
2021-11-03 00:00:00-04:00,31.150734506752954,31.6127872467041,31.150734506752954,31.6127872467041,1600,0.0,0.0,0.0
2021-11-04 00:00:00-04:00,31.221457731707048,31.372331436961375,30.997976303100586,30.997976303100586,1600,0.0,0.0,0.0
2021-11-05 00:00:00-04:00,31.84381160026454,31.959796905517575,31.82495193783303,31.959796905517578,1300,0.0,0.0,0.0
2021-11-08 00:00:00-05:00,31.740088709987177,31.740088709987177,31.24032019105294,31.260122299194336,1500,0.0,0.0,0.0
2021-11-09 00:00:00-05:00,31.542061884296906,31.589209238364493,31.362896902882515,31.58543586730957,2300,0.0,0.0,0.0
2021-11-10 00:00:00-05:00,30.975343704223633,30.975343704223633,30.975343704223633,30.975343704223633,100,0.0,0.0,0.0
2021-11-11 00:00:00-05:00,31.212022770622564,31.259173721136523,31.212022770622564,31.23182487487793,800,0.0,0.0,0.0
2021-11-12 00:00:00-05:00,31.315753487174018,31.35818862915039,31.315753487174018,31.35818862915039,600,0.0,0.0,0.0
2021-11-15 00:00:00-05:00,31.014006452644974,31.42891185885328,31.014006452644974,31.405336380004883,600,0.0,0.0,0.0
2021-11-16 00:00:00-05:00,31.127157514008925,31.34404182434082,31.127157514008925,31.34404182434082,500,0.0,0.0,0.0
2021-11-17 00:00:00-05:00,31.117731673607807,31.203540802001953,31.004577292895394,31.203540802001953,1500,0.0,0.0,0.0
2021-11-18 00:00:00-05:00,30.702825734393024,30.740541458129883,30.702825734393024,30.740541458129883,600,0.0,0.0,0.0
2021-11-19 00:00:00-05:00,30.47651530454857,30.47651530454857,30.325641608867148,30.365245819091797,800,0.0,0.0,0.0
2021-11-22 00:00:00-05:00,30.14647923173969,30.420883178710938,30.14647923173969,30.420883178710938,800,0.0,0.0,0.0
2021-11-23 00:00:00-05:00,30.09933299427882,30.30584144592285,30.09933299427882,30.30584144592285,300,0.0,0.0,0.0
2021-11-24 00:00:00-05:00,30.238891354941934,30.29735522930196,30.221916579632452,30.28886604309082,1000,0.0,0.0,0.0
2021-11-26 00:00:00-05:00,29.344022313057977,29.662744522094727,29.293103378121806,29.662744522094727,1000,0.0,0.0,0.0
2021-11-29 00:00:00-05:00,29.656143910638594,29.656143910638594,29.462836848902025,29.533557891845703,800,0.0,0.0,0.0
2021-11-30 00:00:00-05:00,29.080934550241306,29.080934550241306,28.958348540688274,29.041330337524414,700,0.0,0.0,0.0
2021-12-01 00:00:00-05:00,29.212950841946682,29.212950841946682,28.288848876953125,28.288848876953125,400,0.0,0.0,0.0
2021-12-02 00:00:00-05:00,28.288844874690266,28.981922149658203,28.288844874690266,28.981922149658203,900,0.0,0.0,0.0
2021-12-03 00:00:00-05:00,28.28884857764239,28.28884857764239,27.79850810397635,28.11251449584961,1800,0.0,0.0,0.0
2021-12-06 00:00:00-05:00,29.195976233399946,29.467549268174608,29.195976233399946,29.393999099731445,500,0.0,0.0,0.0
2021-12-07 00:00:00-05:00,30.09461809974677,30.09461809974677,29.80701454526573,29.845674514770508,1100,0.0,0.0,0.0
2021-12-08 00:00:00-05:00,30.174769766078555,30.435028076171875,30.174769766078555,30.435028076171875,700,0.0,0.0,0.0
2021-12-09 00:00:00-05:00,30.24077617379869,30.24077617379869,30.062557220458984,30.062557220458984,600,0.0,0.0,0.0
2021-12-10 00:00:00-05:00,29.731576996623517,29.780611038208008,29.731576996623517,29.780611038208008,400,0.0,0.0,0.0
2021-12-13 00:00:00-05:00,29.532613431507027,29.532613431507027,29.376081466674805,29.376081466674805,500,0.0,0.0,0.0
2021-12-14 00:00:00-05:00,29.28367188840439,29.315732955932617,29.28367188840439,29.315732955932617,200,0.0,0.0,0.0
2021-12-15 00:00:00-05:00,28.986638351854268,29.691974639892578,28.986638351854268,29.691974639892578,900,0.0,0.0,0.0
2021-12-16 00:00:00-05:00,29.514695258164934,29.60899177115924,29.371366500854492,29.371366500854492,1200,0.0,0.0,0.0
2021-12-17 00:00:00-05:00,29.73157779085363,29.865478515625,29.656140940135884,29.865478515625,400,0.0,0.0,0.0
2021-12-20 00:00:00-05:00,29.448687698840025,29.561843872070312,29.448687698840025,29.561843872070312,700,0.0,0.0,0.0
2021-12-21 00:00:00-05:00,29.476978187660528,30.495376586914062,29.476978187660528,30.495376586914062,1000,0.0,0.0,0.0
2021-12-22 00:00:00-05:00,30.79240696290847,30.79240696290847,30.702828065480748,30.738658905029297,1300,0.0,0.0,0.0
2021-12-23 00:00:00-05:00,30.912008343345917,30.912008343345917,30.888195453715277,30.89771842956543,300,0.325,0.0,0.0
2021-12-27 00:00:00-05:00,31.097736321548247,31.161548614501953,31.097736321548247,31.161548614501953,900,0.0,0.0,0.0
2021-12-28 00:00:00-05:00,31.040587209567132,31.116781913209614,30.932960510253906,30.932960510253906,900,0.0,0.0,0.0
2021-12-29 00:00:00-05:00,30.961536188263757,31.116785047156608,30.886293411254883,30.886293411254883,1000,0.0,0.0,0.0
2021-12-30 00:00:00-05:00,31.251085790138212,31.272991180419922,31.25013385577865,31.272991180419922,800,0.0,0.0,0.0
2021-12-31 00:00:00-05:00,31.3739477635884,31.478718666654995,31.30727603133455,31.409191131591797,1900,0.0,0.0,0.0
2022-01-03 00:00:00-05:00,31.559679718239472,31.62159178510539,31.34728208884699,31.350141525268555,1300,0.0,0.0,0.0
2022-01-04 00:00:00-05:00,31.202506373153437,31.56444124364081,31.202506373153437,31.52920150756836,1200,0.0,0.0,0.0
2022-01-05 00:00:00-05:00,31.278705133749042,31.278705133749042,30.773903810306678,30.78057098388672,600,0.0,0.0,0.0
2022-01-06 00:00:00-05:00,31.164411248567905,31.164411248567905,30.78057098388672,30.78057098388672,500,0.0,0.0,0.0
2022-01-07 00:00:00-05:00,30.840575699760684,30.869148262864048,30.778663635253906,30.778663635253906,400,0.0,0.0,0.0
2022-01-10 00:00:00-05:00,30.097656658259467,30.391014099121094,30.088131865482378,30.391014099121094,600,0.0,0.0,0.0
2022-01-11 00:00:00-05:00,30.578645706176758,30.578645706176758,30.578645706176758,30.578645706176758,200,0.0,0.0,0.0
2022-01-12 00:00:00-05:00,30.411969226573884,30.421494019875052,30.26910096039347,30.30243682861328,2100,0.0,0.0,0.0
2022-01-13 00:00:00-05:00,30.426254252899636,30.426254252899636,30.091941833496094,30.091941833496094,1000,0.0,0.0,0.0
2022-01-14 00:00:00-05:00,29.554758288548804,29.964313507080078,29.554758288548804,29.964313507080078,1100,0.0,0.0,0.0
2022-01-18 00:00:00-05:00,29.707151409643036,29.707151409643036,29.48808479309082,29.48808479309082,200,0.0,0.0,0.0
2022-01-19 00:00:00-05:00,29.24044503053043,29.469034605133707,29.067096710205078,29.067096710205078,1000,0.0,0.0,0.0
2022-01-20 00:00:00-05:00,29.316643150470572,29.316643150470572,28.735643481324853,28.74802589416504,400,0.0,0.0,0.0
2022-01-21 00:00:00-05:00,28.310848236083984,28.310848236083984,28.310848236083984,28.310848236083984,400,0.0,0.0,0.0
2022-01-24 00:00:00-05:00,27.826045055996257,28.79755210876465,27.65936572586521,28.79755210876465,1800,0.0,0.0,0.0
2022-01-25 00:00:00-05:00,28.78326464384773,28.78326464384773,28.767072677612305,28.767072677612305,200,0.0,0.0,0.0
2022-01-26 00:00:00-05:00,29.021379663015995,29.116625777308077,28.31275177001953,28.31275177001953,600,0.0,0.0,0.0
2022-01-27 00:00:00-05:00,28.145117257016867,28.145117257016867,27.88509750366211,27.88509750366211,500,0.0,0.0,0.0
2022-01-28 00:00:00-05:00,28.021299239763543,28.279415130615234,27.98320006841924,28.279415130615234,300,0.0,0.0,0.0
2022-01-31 00:00:00-05:00,28.39275719195917,28.83184051513672,28.39275719195917,28.83184051513672,1400,0.0,0.0,0.0
2022-02-01 00:00:00-05:00,28.973757725433433,29.109006881713867,28.973757725433433,29.109006881713867,300,0.0,0.0,0.0
2022-02-02 00:00:00-05:00,29.059479343300378,29.059479343300378,28.952804565429688,28.952804565429688,400,0.0,0.0,0.0
2022-02-03 00:00:00-05:00,28.66897042422379,28.66897042422379,28.653730392456055,28.653730392456055,400,0.0,0.0,0.0
2022-02-04 00:00:00-05:00,28.573725561503,28.773740768432617,28.430857297029192,28.773740768432617,900,0.0,0.0,0.0
2022-02-07 00:00:00-05:00,29.059478737755516,29.09472029042567,29.033761978149414,29.033761978149414,1200,0.0,0.0,0.0
2022-02-08 00:00:00-05:00,29.421410668841112,29.421410668841112,29.3928381074071,29.401409149169922,300,0.0,0.0,0.0
2022-02-09 00:00:00-05:00,29.8500187192541,30.0738468170166,29.8500187192541,30.0738468170166,600,0.0,0.0,0.0
2022-02-10 00:00:00-05:00,30.259577396787776,30.259577396787776,29.830970764160156,29.830970764160156,700,0.0,0.0,0.0
2022-02-11 00:00:00-05:00,29.640477411169826,29.670955657958984,29.507132129380995,29.670955657958984,1500,0.0,0.0,0.0
2022-02-14 00:00:00-05:00,29.669049604243245,29.669049604243245,29.316641360325452,29.3261661529541,700,0.0,0.0,0.0
2022-02-15 00:00:00-05:00,29.526182651223806,30.03098578280991,29.526182651223806,29.818586349487305,600,0.0,0.0,0.0
2022-02-16 00:00:00-05:00,29.78334685006045,29.90716552734375,29.78334685006045,29.90716552734375,500,0.0,0.0,0.0
2022-02-17 00:00:00-05:00,29.635713840869037,29.635713840869037,29.453794479370117,29.453794479370117,600,0.0,0.0,0.0
2022-02-18 00:00:00-05:00,29.44998613594742,29.659526133108514,29.29854501474073,29.30426025390625,900,0.0,0.0,0.0
2022-02-22 00:00:00-05:00,28.97375774058543,29.01185509659881,28.708022732802615,28.81279182434082,1100,0.0,0.0,0.0
2022-02-23 00:00:00-05:00,28.811840688365628,28.83089027523443,28.768980026245117,28.768980026245117,800,0.0,0.0,0.0
2022-02-24 00:00:00-05:00,28.09749848811917,29.09662628173828,28.09749848811917,29.09662628173828,2400,0.0,0.0,0.0
2022-02-25 00:00:00-05:00,29.46903590283438,29.63762092590332,29.46903590283438,29.63762092590332,400,0.0,0.0,0.0
2022-02-28 00:00:00-05:00,29.537609100341797,29.537609100341797,29.537609100341797,29.537609100341797,100,0.0,0.0,0.0
2022-03-01 00:00:00-05:00,28.830888608266175,28.830888608266175,28.64134831821719,28.767072677612305,500,0.0,0.0,0.0
2022-03-02 00:00:00-05:00,28.67849545039776,29.34712028503418,28.67849545039776,29.34712028503418,700,0.0,0.0,0.0
2022-03-03 00:00:00-05:00,28.885177612304688,28.885177612304688,28.885177612304688,28.885177612304688,100,0.0,0.0,0.0
2022-03-04 00:00:00-05:00,28.25750732421875,28.25750732421875,28.25750732421875,28.25750732421875,100,0.0,0.0,0.0
2022-03-07 00:00:00-05:00,28.09749562546119,28.09749562546119,26.685001373291016,26.685001373291016,1000,0.0,0.0,0.0
2022-03-08 00:00:00-05:00,26.687859831717777,27.04979288571598,26.687859831717777,26.910734176635742,2600,0.0,0.0,0.0
2022-03-09 00:00:00-05:00,27.826047126441193,27.826047126441193,27.79271125793457,27.79271125793457,400,0.0,0.0,0.0
2022-03-10 00:00:00-05:00,27.60221901461828,27.60221901461828,27.561264038085938,27.561264038085938,400,0.0,0.0,0.0
2022-03-11 00:00:00-05:00,27.430776222476766,27.430776222476766,27.150754928588867,27.150754928588867,800,0.0,0.0,0.0
2022-03-14 00:00:00-04:00,26.859303925924824,26.862159729003906,26.849779132322016,26.862159729003906,300,0.0,0.0,0.0
2022-03-15 00:00:00-04:00,27.06884248214241,27.347911834716797,27.06884248214241,27.347911834716797,400,0.0,0.0,0.0
2022-03-16 00:00:00-04:00,28.059396621659612,28.11178207397461,27.754610517283414,28.11178207397461,500,0.0,0.0,0.0
2022-03-17 00:00:00-04:00,28.384185791015625,28.384185791015625,28.384185791015625,28.384185791015625,100,0.0,0.0,0.0
2022-03-18 00:00:00-04:00,28.516578279469172,28.750883102416992,28.516578279469172,28.750883102416992,400,0.0,0.0,0.0
2022-03-21 00:00:00-04:00,28.573725364218927,28.573725364218927,28.196552276611328,28.196552276611328,400,0.0,0.0,0.0
2022-03-22 00:00:00-04:00,28.566105037714777,28.566105037714777,28.551816940307617,28.551816940307617,200,0.0,0.0,0.0
2022-03-23 00:00:00-04:00,28.150833129882812,28.150833129882812,28.150833129882812,28.150833129882812,200,0.0,0.0,0.0
2022-03-24 00:00:00-04:00,28.524194717407227,28.524194717407227,28.524194717407227,28.524194717407227,100,0.0,0.0,0.0
2022-03-25 00:00:00-04:00,28.383232767917224,28.383232767917224,28.3660888671875,28.3660888671875,300,0.0,0.0,0.0
2022-03-28 00:00:00-04:00,28.268936474189264,28.344181060791016,28.268936474189264,28.344181060791016,900,0.0,0.0,0.0
2022-03-29 00:00:00-04:00,28.507054234757337,29.092815399169922,28.507054234757337,29.092815399169922,400,0.0,0.0,0.0
2022-03-30 00:00:00-04:00,28.954707328483455,28.954707328483455,28.688020393989813,28.715641021728516,2400,0.0,0.0,0.0
2022-03-31 00:00:00-04:00,29.11186500793357,29.11186500793357,28.681354522705078,28.681354522705078,2200,0.0,0.0,0.0
2022-04-01 00:00:00-04:00,28.583250878118672,28.808982849121094,28.583250878118672,28.808982849121094,1000,0.0,0.0,0.0
2022-04-04 00:00:00-04:00,28.97375640183815,29.002330780029297,28.97375640183815,29.002330780029297,400,0.0,0.0,0.0
2022-04-05 00:00:00-04:00,28.62134789102658,28.62134789102658,28.459430039158242,28.46419334411621,600,0.0,0.0,0.0
2022-04-06 00:00:00-04:00,28.135594768928552,28.135594768928552,27.74508553165787,27.868906021118164,2200,0.0,0.0,0.0
2022-04-07 00:00:00-04:00,27.592695067557873,27.812713623046875,27.592695067557873,27.812713623046875,1200,0.0,0.0,0.0
2022-04-08 00:00:00-04:00,27.644126892089844,27.644126892089844,27.644126892089844,27.644126892089844,100,0.0,0.0,0.0
2022-04-11 00:00:00-04:00,27.70698761986896,27.70698761986896,27.499351501464844,27.499351501464844,400,0.0,0.0,0.0
2022-04-12 00:00:00-04:00,27.947962516305896,27.947962516305896,27.55745506286621,27.55745506286621,800,0.0,0.0,0.0
2022-04-13 00:00:00-04:00,27.335529872503976,28.09082794189453,27.335529872503976,28.09082794189453,300,0.0,0.0,0.0
2022-04-14 00:00:00-04:00,28.202266693115234,28.202266693115234,28.202266693115234,28.202266693115234,200,0.0,0.0,0.0
2022-04-18 00:00:00-04:00,28.25941378532468,28.25941378532468,27.879383087158203,27.879383087158203,700,0.0,0.0,0.0
2022-04-19 00:00:00-04:00,28.47847982345544,28.47847982345544,28.398473739624023,28.398473739624023,400,0.0,0.0,0.0
2022-04-20 00:00:00-04:00,28.678494346762516,28.678494346762516,28.592773031090665,28.60801124572754,1000,0.0,0.0,0.0
2022-04-21 00:00:00-04:00,28.716591077336993,28.716591077336993,27.716511505075513,27.801279067993164,1200,0.0,0.0,0.0
2022-04-22 00:00:00-04:00,27.545070990963936,27.545070990963936,27.349817276000977,27.349817276000977,400,0.0,0.0,0.0
2022-04-25 00:00:00-04:00,27.402202986665873,27.68222427368164,27.402202986665873,27.68222427368164,1700,0.0,0.0,0.0
2022-04-26 00:00:00-04:00,27.259335650608115,27.259335650608115,26.943119049072266,26.943119049072266,900,0.0,0.0,0.0
2022-04-27 00:00:00-04:00,26.973596363534156,26.973596363534156,26.70500373840332,26.70500373840332,400,0.0,0.0,0.0
2022-04-28 00:00:00-04:00,26.859302487029204,27.278382483090247,26.859302487029204,27.245046615600586,2900,0.0,0.0,0.0
2022-04-29 00:00:00-04:00,27.24981146371553,27.373630147593833,26.745960235595703,26.745960235595703,1300,0.0,0.0,0.0
2022-05-02 00:00:00-04:00,26.59261274030184,27.020265579223633,26.59261274030184,27.020265579223633,400,0.0,0.0,0.0
2022-05-03 00:00:00-04:00,26.821201452070987,27.065031051635742,26.76405451415276,27.065031051635742,600,0.0,0.0,0.0
2022-05-04 00:00:00-04:00,26.802154468192718,27.137420654296875,26.802154468192718,27.137420654296875,300,0.0,0.0,0.0
2022-05-05 00:00:00-04:00,26.297353821218792,26.297353821218792,26.287829027615555,26.29640007019043,1000,0.0,0.0,0.0
2022-05-06 00:00:00-04:00,25.925892215913212,25.925892215913212,25.735401807972252,25.83350372314453,2700,0.0,0.0,0.0
2022-05-09 00:00:00-04:00,24.95438575744629,24.95438575744629,24.95438575744629,24.95438575744629,300,0.0,0.0,0.0
2022-05-10 00:00:00-04:00,24.582927792705473,24.801040649414062,24.535305643934347,24.801040649414062,400,0.0,0.0,0.0
2022-05-11 00:00:00-04:00,24.849616879503376,24.849616879503376,24.477205276489258,24.477205276489258,400,0.0,0.0,0.0
2022-05-12 00:00:00-04:00,24.268615797131588,24.76389411544083,24.211468857840043,24.654361724853516,3800,0.0,0.0,0.0
2022-05-13 00:00:00-04:00,24.935337964240315,25.687778454336733,24.935337964240315,25.55919647216797,2600,0.0,0.0,0.0
2022-05-16 00:00:00-04:00,25.707779562844756,25.707779562844756,25.45918846130371,25.45918846130371,500,0.0,0.0,0.0
2022-05-17 00:00:00-04:00,26.13543394824526,26.13543394824526,25.792548671639913,25.93732261657715,8500,0.0,0.0,0.0
2022-05-18 00:00:00-04:00,24.968671267289174,25.002007131464325,24.933429718017578,24.933429718017578,600,0.0,0.0,0.0
2022-05-19 00:00:00-04:00,24.57340325907685,24.982960282839556,24.57340325907685,24.812471389770508,1400,0.0,0.0,0.0
2022-05-20 00:00:00-04:00,24.73532075282666,24.73532075282666,24.45910902102221,24.673412322998047,6800,0.0,0.0,0.0
2022-05-23 00:00:00-04:00,24.611503393661746,24.830568195552747,24.611503393661746,24.780088424682617,2200,0.0,0.0,0.0
2022-05-24 00:00:00-04:00,24.297191011290185,24.554354971955004,24.192420105092996,24.4686336517334,2000,0.0,0.0,0.0
2022-05-25 00:00:00-04:00,24.773420868817453,25.040109634399414,24.773420868817453,25.040109634399414,1200,0.0,0.0,0.0
2022-05-26 00:00:00-04:00,25.592534757248796,25.744927817470437,25.581104278564453,25.581104278564453,1400,0.0,0.0,0.0
2022-05-27 00:00:00-04:00,25.80207589783216,25.882081985473633,25.77350151653078,25.882081985473633,800,0.0,0.0,0.0
2022-05-31 00:00:00-04:00,25.925892723711165,25.925892723711165,25.83064842620943,25.843029022216797,1100,0.0,0.0,0.0
2022-06-01 00:00:00-04:00,25.478236269365745,25.773497564194052,25.478236269365745,25.70301628112793,1500,0.0,0.0,0.0
2022-06-02 00:00:00-04:00,26.059238284238585,26.188772201538086,26.011614318318404,26.188772201538086,800,0.0,0.0,0.0
2022-06-03 00:00:00-04:00,25.95446719474391,25.97351678097903,25.878270666471952,25.958276748657227,600,0.0,0.0,0.0
2022-06-06 00:00:00-04:00,26.421170004497576,26.421170004497576,25.973515647518624,26.0944766998291,1900,0.0,0.0,0.0
2022-06-07 00:00:00-04:00,26.049713295779938,26.254491806030273,26.011614123329394,26.254491806030273,800,0.0,0.0,0.0
2022-06-08 00:00:00-04:00,26.125908718024085,26.184007591882573,25.91446304321289,25.91446304321289,1200,0.0,0.0,0.0
2022-06-09 00:00:00-04:00,25.539194107055664,25.539194107055664,25.539194107055664,25.539194107055664,200,0.0,0.0,0.0
2022-06-10 00:00:00-04:00,24.887712741155674,24.89914321899414,24.859140179896393,24.89914321899414,600,0.0,0.0,0.0
2022-06-13 00:00:00-04:00,23.936209502612346,23.936209502612346,23.563797914575428,23.570465087890625,1100,0.0,0.0,0.0
2022-06-14 00:00:00-04:00,23.64951857883935,23.67809295654297,23.53522288469329,23.67809295654297,800,0.0,0.0,0.0
2022-06-15 00:00:00-04:00,24.135274210485587,24.17337156742037,23.997167431176244,24.114320755004883,900,0.0,0.0,0.0
2022-06-16 00:00:00-04:00,23.325684031733864,23.325684031733864,23.142812728881836,23.142812728881836,600,0.0,0.0,0.0
2022-06-17 00:00:00-04:00,23.554275268572113,23.556180953979492,23.44950617121358,23.556180953979492,700,0.0,0.0,0.0
2022-06-21 00:00:00-04:00,23.90668211759025,24.04574081668983,23.783815383911133,23.783815383911133,1400,0.0,0.0,0.0
2022-06-22 00:00:00-04:00,23.773337493782392,23.81143666444636,23.630469237129404,23.67618751525879,500,0.0,0.0,0.0
2022-06-23 00:00:00-04:00,23.630471345253287,23.841917037963867,23.53522522676471,23.841917037963867,600,0.0,0.0,0.0
2022-06-24 00:00:00-04:00,24.259091453491376,24.805803298950195,24.259091453491376,24.805803298950195,500,0.0,0.0,0.0
2022-06-27 00:00:00-04:00,24.82104173586174,24.82104173586174,24.778181076049805,24.778181076049805,300,0.0,0.0,0.0
2022-06-28 00:00:00-04:00,25.09725325446387,25.09725325446387,24.48291778564453,24.48291778564453,700,0.0,0.0,0.0
2022-06-29 00:00:00-04:00,24.068600358768325,24.182894236199818,24.059075566204296,24.166702270507812,800,0.0,0.0,0.0
2022-06-30 00:00:00-04:00,24.154325209679353,24.154325209679353,23.878111634909445,23.885730743408203,900,0.0,0.0,0.0
2022-07-01 00:00:00-04:00,23.859059247446194,24.11050796508789,23.840011478434306,24.11050796508789,800,0.0,0.0,0.0
2022-07-05 00:00:00-04:00,23.954304308460525,24.3238582611084,23.954304308460525,24.3238582611084,2800,0.0,0.0,0.0
2022-07-06 00:00:00-04:00,23.98288175755602,24.068603083668698,23.98288175755602,24.045743942260742,500,0.0,0.0,0.0
2022-07-07 00:00:00-04:00,24.173372793661276,24.208614349365234,24.15432502256194,24.208614349365234,600,0.0,0.0,0.0
2022-07-08 00:00:00-04:00,23.878109886975892,24.040027739068215,23.878109886975892,23.975261688232422,600,0.0,0.0,0.0
2022-07-11 00:00:00-04:00,23.81143649619915,23.81143649619915,23.611421301631925,23.677139282226562,800,0.0,0.0,0.0
2022-07-12 00:00:00-04:00,24.020977115861502,24.04002670156048,23.82762908935547,23.82762908935547,2700,0.0,0.0,0.0
2022-07-13 00:00:00-04:00,23.93525507123208,23.93525507123208,23.849535571522427,23.85810661315918,1900,0.0,0.0,0.0
2022-07-14 00:00:00-04:00,23.625707147711434,23.74476432800293,23.53522252802212,23.74476432800293,800,0.0,0.0,0.0
2022-07-15 00:00:00-04:00,24.240995863130728,24.32576524856034,24.240043928838045,24.28957176208496,500,0.0,0.0,0.0
2022-07-18 00:00:00-04:00,24.773419862931572,24.801994242012896,24.363862846108496,24.390531539916992,700,0.0,0.0,0.0
2022-07-19 00:00:00-04:00,24.963911187119443,25.130592346191406,24.963911187119443,25.130592346191406,400,0.0,0.0,0.0
2022-07-20 00:00:00-04:00,25.23440933227539,25.23440933227539,25.23440933227539,25.23440933227539,100,0.0,0.0,0.0
2022-07-21 00:00:00-04:00,25.28584098815918,25.28584098815918,25.28584098815918,25.28584098815918,100,0.0,0.0,0.0
2022-07-22 00:00:00-04:00,25.21154927664745,25.21154927664745,25.124876022338867,25.124876022338867,300,0.0,0.0,0.0
2022-07-25 00:00:00-04:00,25.202023273365256,25.26202964782715,25.087729396616275,25.26202964782715,500,0.0,0.0,0.0
2022-07-26 00:00:00-04:00,25.08773227393491,25.08773227393491,25.036298751831055,25.036298751831055,300,0.0,0.0,0.0
2022-07-27 00:00:00-04:00,24.992484815592654,25.402041835087548,24.992484815592654,25.328702926635742,1400,0.0,0.0,0.0
2022-07-28 00:00:00-04:00,25.402041319909678,25.718257904052734,25.402041319909678,25.718257904052734,700,0.0,0.0,0.0
2022-07-29 00:00:00-04:00,25.525860165901715,25.626821517944336,25.525860165901715,25.626821517944336,200,0.0,0.0,0.0
2022-08-01 00:00:00-04:00,25.363942701327844,25.701112747192383,25.363942701327844,25.701112747192383,400,0.0,0.0,0.0
2022-08-02 00:00:00-04:00,25.73444938659668,25.73444938659668,25.73444938659668,25.73444938659668,100,0.0,0.0,0.0
2022-08-03 00:00:00-04:00,25.792548771090072,25.859220504760742,25.744926623230594,25.859220504760742,500,0.0,0.0,0.0
2022-08-04 00:00:00-04:00,25.84969781867229,25.84969781867229,25.74492872150878,25.793502807617188,400,0.0,0.0,0.0
2022-08-05 00:00:00-04:00,25.725876214570384,25.725876214570384,25.602055727426578,25.659204483032227,1800,0.0,0.0,0.0
2022-08-08 00:00:00-04:00,25.87827042548759,25.87827042548759,25.811598690954053,25.857316970825195,600,0.0,0.0,0.0
2022-08-09 00:00:00-04:00,25.653490189229,25.678253197568985,25.601104736328125,25.601104736328125,600,0.0,0.0,0.0
2022-08-10 00:00:00-04:00,26.236392974853516,26.236392974853516,26.236392974853516,26.236392974853516,200,0.0,0.0,0.0
2022-08-11 00:00:00-04:00,26.344972610473633,26.344972610473633,26.344972610473633,26.344972610473633,100,0.0,0.0,0.0
2022-08-12 00:00:00-04:00,26.60308992407324,26.669761657714844,26.60308992407324,26.669761657714844,300,0.0,0.0,0.0
2022-08-15 00:00:00-04:00,26.761198043823242,26.761198043823242,26.761198043823242,26.761198043823242,400,0.0,0.0,0.0
2022-08-16 00:00:00-04:00,26.81548626096314,27.02597999572754,26.81548626096314,27.02597999572754,800,0.0,0.0,0.0
2022-08-17 00:00:00-04:00,26.86882451003929,26.86882451003929,26.63642538016681,26.672618865966797,2000,0.0,0.0,0.0
2022-08-18 00:00:00-04:00,26.72595877839123,26.859304072891554,26.72595877839123,26.835491180419922,400,0.0,0.0,0.0
2022-08-19 00:00:00-04:00,26.346880250918357,26.408788681030273,26.346880250918357,26.408788681030273,200,0.0,0.0,0.0
2022-08-22 00:00:00-04:00,26.08781022929136,26.08781022929136,25.93541717529297,25.93541717529297,300,0.0,0.0,0.0
2022-08-23 00:00:00-04:00,25.893510648123677,26.002089292780628,25.893510648123677,25.99732780456543,400,0.0,0.0,0.0
2022-08-24 00:00:00-04:00,26.13353027427437,26.202107698206945,26.064952850341797,26.064952850341797,1300,0.0,0.0,0.0
2022-08-25 00:00:00-04:00,26.15448168857457,26.310686111450195,25.973516074270368,26.310686111450195,1900,0.0,0.0,0.0
2022-08-26 00:00:00-04:00,25.80969445294138,25.80969445294138,25.577295303344727,25.577295303344727,300,0.0,0.0,0.0
2022-08-29 00:00:00-04:00,25.259175233880516,25.34299087524414,25.259175233880516,25.34299087524414,300,0.0,0.0,0.0
2022-08-30 00:00:00-04:00,25.097256346412234,25.097256346412234,24.963911056518555,24.963911056518555,300,0.0,0.0,0.0
2022-08-31 00:00:00-04:00,24.849616064491645,24.916287798138256,24.817232131958008,24.817232131958008,400,0.0,0.0,0.0
2022-09-01 00:00:00-04:00,24.411485127680645,24.660078048706055,24.393389292498433,24.660078048706055,400,0.0,0.0,0.0
2022-09-02 00:00:00-04:00,24.48672866821289,24.48672866821289,24.48672866821289,24.48672866821289,100,0.0,0.0,0.0
2022-09-06 00:00:00-04:00,24.459107224876007,24.659122414253062,24.459107224876007,24.595308303833008,1000,0.0,0.0,0.0
2022-09-07 00:00:00-04:00,24.478158556474046,24.930574417114258,24.478158556474046,24.930574417114258,1000,0.0,0.0,0.0
2022-09-08 00:00:00-04:00,24.73532058149571,24.880094528198242,24.73532058149571,24.880094528198242,800,0.0,0.0,0.0
2022-09-09 00:00:00-04:00,25.192499935209515,25.2258358001709,25.192499935209515,25.2258358001709,300,0.0,0.0,0.0
2022-09-12 00:00:00-04:00,25.430614041217584,25.430614041217584,25.382990079840997,25.420135498046875,300,0.0,0.0,0.0
2022-09-13 00:00:00-04:00,25.182978017544837,25.182978017544837,24.53721046447754,24.53721046447754,1300,0.0,0.0,0.0
2022-09-14 00:00:00-04:00,24.511494070870874,24.585784912109375,24.511494070870874,24.585784912109375,500,0.0,0.0,0.0
2022-09-15 00:00:00-04:00,24.621028309228475,24.621028309228475,24.459110451230895,24.49625587463379,700,0.0,0.0,0.0
2022-09-16 00:00:00-04:00,24.230518995679613,24.32862091064453,24.230518995679613,24.32862091064453,800,0.0,0.0,0.0
2022-09-19 00:00:00-04:00,24.459109007982214,24.459109007982214,24.382912480283487,24.454345703125,400,0.0,0.0,0.0
2022-09-20 00:00:00-04:00,24.35433963791472,24.35433963791472,24.151466801574273,24.174325942993164,700,0.0,0.0,0.0
2022-09-21 00:00:00-04:00,24.030504206743025,24.068603381784396,23.773340225219727,23.773340225219727,700,0.0,0.0,0.0
2022-09-22 00:00:00-04:00,23.26853696496245,23.298063278198242,23.26853696496245,23.298063278198242,1900,0.0,0.0,0.0
2022-09-23 00:00:00-04:00,22.458948728967957,22.583721160888672,22.44942393556415,22.583721160888672,300,0.0,0.0,0.0
2022-09-26 00:00:00-04:00,22.830405470457848,22.830405470457848,22.44942283630371,22.44942283630371,600,0.0,0.0,0.0
2022-09-27 00:00:00-04:00,22.944700527635124,22.944700527635124,22.487521379430287,22.49228286743164,300,0.0,0.0,0.0
2022-09-28 00:00:00-04:00,22.954225540161133,22.954225540161133,22.954225540161133,22.954225540161133,200,0.0,0.0,0.0
2022-09-29 00:00:00-04:00,22.58562469482422,22.58562469482422,22.58562469482422,22.58562469482422,100,0.0,0.0,0.0
2022-09-30 00:00:00-04:00,22.45894515271162,22.803734262351362,22.45894515271162,22.556095123291016,500,0.0,0.0,0.0
2022-10-03 00:00:00-04:00,22.897079467773438,22.897079467773438,22.897079467773438,22.897079467773438,300,0.0,0.0,0.0
2022-10-04 00:00:00-04:00,23.250439164415894,23.73619270324707,23.250439164415894,23.73619270324707,300,0.0,0.0,0.0
2022-10-05 00:00:00-04:00,23.316159009045265,23.68476104736328,23.316159009045265,23.68476104736328,400,0.0,0.0,0.0
2022-10-06 00:00:00-04:00,23.60189793530954,23.60189793530954,23.48760223388672,23.48760223388672,200,0.0,0.0,0.0
2022-10-07 00:00:00-04:00,23.230438771385472,23.230438771385472,23.049473147159848,23.05994987487793,1000,0.0,0.0,0.0
2022-10-10 00:00:00-04:00,23.020899756765367,23.020899756765367,22.713256002352846,22.821836471557617,1400,0.0,0.0,0.0
2022-10-11 00:00:00-04:00,22.763733439175407,22.901840209960938,22.630389973130605,22.901840209960938,1000,0.0,0.0,0.0
2022-10-12 00:00:00-04:00,22.849456555656456,23.030424000004988,22.849456555656456,22.979944229125977,700,0.0,0.0,0.0
2022-10-13 00:00:00-04:00,23.484743118286133,23.484743118286133,23.484743118286133,23.484743118286133,300,0.0,0.0,0.0
2022-10-14 00:00:00-04:00,23.468553799016888,23.468553799016888,22.954227659050265,23.01708984375,1800,0.0,0.0,0.0
2022-10-17 00:00:00-04:00,23.07804371768929,23.459026336669922,23.07804371768929,23.459026336669922,900,0.0,0.0,0.0
2022-10-18 00:00:00-04:00,23.86858484399224,23.86858484399224,23.636185704205538,23.655235290527344,1100,0.0,0.0,0.0
2022-10-19 00:00:00-04:00,23.735239353031666,23.735239353031666,23.259010635528355,23.346635818481445,500,0.0,0.0,0.0
2022-10-20 00:00:00-04:00,23.535224853235963,23.62094617684834,23.335209642586143,23.34282875061035,1000,0.0,0.0,0.0
2022-10-21 00:00:00-04:00,23.525700390386728,23.867631912231445,23.525700390386728,23.867631912231445,400,0.0,0.0,0.0
2022-10-24 00:00:00-04:00,23.935256083603306,24.116223516574433,23.935256083603306,24.082887649536133,800,0.0,0.0,0.0
2022-10-25 00:00:00-04:00,24.259090416133624,24.735319137573242,24.259090416133624,24.735319137573242,300,0.0,0.0,0.0
2022-10-26 00:00:00-04:00,24.906763076782227,24.906763076782227,24.906763076782227,24.906763076782227,100,0.0,0.0,0.0
2022-10-27 00:00:00-04:00,24.834375381469727,24.834375381469727,24.834375381469727,24.834375381469727,100,0.0,0.0,0.0
2022-10-28 00:00:00-04:00,25.106780491433838,25.405851364135742,25.106780491433838,25.405851364135742,2000,0.0,0.0,0.0
2022-10-31 00:00:00-04:00,25.516338190218352,25.516338190218352,25.42680549621582,25.42680549621582,300,0.0,0.0,0.0
2022-11-01 00:00:00-04:00,25.325845452577436,25.325845452577436,25.268698510382098,25.302034378051758,500,0.0,0.0,0.0
2022-11-02 00:00:00-04:00,25.087729678640784,25.15440141027192,24.616262435913086,24.616262435913086,800,0.0,0.0,0.0
2022-11-03 00:00:00-04:00,24.567689895629883,24.567689895629883,24.567689895629883,24.567689895629883,100,0.0,0.0,0.0
2022-11-04 00:00:00-04:00,24.938194274902344,24.938194274902344,24.938194274902344,24.938194274902344,200,0.0,0.0,0.0
2022-11-07 00:00:00-05:00,25.278222027727846,25.278222027727846,24.935336758524247,25.16868782043457,1200,0.0,0.0,0.0
2022-11-08 00:00:00-05:00,25.173453035352008,25.173453035352008,25.053443908691406,25.053443908691406,800,0.0,0.0,0.0
2022-11-09 00:00:00-05:00,24.906762714756184,25.076299666432956,24.767704010009766,24.767704010009766,2500,0.0,0.0,0.0
2022-11-10 00:00:00-05:00,25.02105913429173,25.77921485900879,25.02105913429173,25.77921485900879,1900,0.0,0.0,0.0
2022-11-11 00:00:00-05:00,25.925890906069476,25.925890906069476,25.855409622192383,25.855409622192383,200,0.0,0.0,0.0
2022-11-14 00:00:00-05:00,25.963990413372112,25.988753420641284,25.76302146911621,25.76302146911621,500,0.0,0.0,0.0
2022-11-15 00:00:00-05:00,26.173532297710988,26.18115322229679,26.03352165222168,26.03352165222168,300,0.0,0.0,0.0
2022-11-16 00:00:00-05:00,26.002089939150814,26.083049774169922,26.002089939150814,26.083049774169922,700,0.0,0.0,0.0
2022-11-17 00:00:00-05:00,26.083049774169922,26.083049774169922,26.083049774169922,26.083049774169922,100,0.0,0.0,0.0
2022-11-18 00:00:00-05:00,26.268777485965774,26.30211335276254,26.16400658079395,26.23258399963379,1600,0.0,0.0,0.0
2022-11-21 00:00:00-05:00,26.17353296359763,26.26020622253418,26.17353296359763,26.26020622253418,400,0.0,0.0,0.0
2022-11-22 00:00:00-05:00,26.402120947325198,26.425933837890625,26.402120947325198,26.425933837890625,400,0.0,0.0,0.0
2022-11-23 00:00:00-05:00,26.430696767238818,26.58308982849121,26.430696767238818,26.58308982849121,300,0.0,0.0,0.0
2022-11-25 00:00:00-05:00,26.7069091796875,26.7069091796875,26.7069091796875,26.7069091796875,100,0.0,0.0,0.0
2022-11-28 00:00:00-05:00,26.668811602360687,26.668811602360687,26.373550268287477,26.400218963623047,800,0.0,0.0,0.0
2022-11-29 00:00:00-05:00,26.524988174438477,26.524988174438477,26.524988174438477,26.524988174438477,100,0.0,0.0,0.0
2022-11-30 00:00:00-05:00,26.945024988465754,27.057415008544922,26.945024988465754,27.057415008544922,200,0.0,0.0,0.0
2022-12-01 00:00:00-05:00,27.135514968958358,27.145039762313786,27.125990175602933,27.137420654296875,1000,0.0,0.0,0.0
2022-12-02 00:00:00-05:00,27.059316635131836,27.059316635131836,27.059316635131836,27.059316635131836,400,0.0,0.0,0.0
2022-12-05 00:00:00-05:00,26.973596267897555,26.98312106095377,26.6926212310791,26.6926212310791,600,0.0,0.0,0.0
2022-12-06 00:00:00-05:00,26.59737373630206,26.59737373630206,26.287826153054592,26.419265747070312,500,0.0,0.0,0.0
2022-12-07 00:00:00-05:00,26.497367698073425,26.52594207743938,26.29258918762207,26.29258918762207,1000,0.0,0.0,0.0
2022-12-08 00:00:00-05:00,26.049712528847223,26.39735929221492,26.049712528847223,26.324020385742188,1200,0.0,0.0,0.0
2022-12-09 00:00:00-05:00,26.302114486694336,26.302114486694336,26.302114486694336,26.302114486694336,100,0.0,0.0,0.0
2022-12-12 00:00:00-05:00,26.31640083588225,26.391645431518555,26.31640083588225,26.391645431518555,500,0.0,0.0,0.0
2022-12-13 00:00:00-05:00,26.868825092926794,26.868825092926794,26.66880989074707,26.66880989074707,600,0.0,0.0,0.0
2022-12-14 00:00:00-05:00,26.694525851327803,26.694525851327803,26.349736713124127,26.50689125061035,800,0.0,0.0,0.0
2022-12-15 00:00:00-05:00,26.106858002912233,26.216390389328236,26.106858002912233,26.153528213500977,1000,0.0,0.0,0.0
2022-12-16 00:00:00-05:00,25.92017936706543,25.92017936706543,25.92017936706543,25.92017936706543,100,0.0,0.0,0.0
2022-12-19 00:00:00-05:00,25.73540115178061,25.73540115178061,25.630630249249972,25.632535934448242,3700,0.0,0.0,0.0
2022-12-20 00:00:00-05:00,25.66873210096283,25.66873210096283,25.630632926365532,25.665874481201172,700,0.0,0.0,0.0
2022-12-21 00:00:00-05:00,25.86302947998047,25.86302947998047,25.86302947998047,25.86302947998047,200,0.0,0.0,0.0
2022-12-22 00:00:00-05:00,25.573485097553068,25.594438552856445,25.573485097553068,25.594438552856445,100,0.0,0.0,0.0
2022-12-23 00:00:00-05:00,25.69444728116037,25.822343826293945,25.69444728116037,25.822343826293945,500,0.256,0.0,0.0
2022-12-27 00:00:00-05:00,25.76176078442543,25.793493270874023,25.76176078442543,25.793493270874023,100,0.0,0.0,0.0
2022-12-28 00:00:00-05:00,25.646366423115243,25.646366423115243,25.287683486938477,25.287683486938477,1100,0.0,0.0,0.0
2022-12-29 00:00:00-05:00,25.675215961410096,25.675215961410096,25.60790112238105,25.672330856323242,2000,0.0,0.0,0.0
2022-12-30 00:00:00-05:00,25.857920512444945,25.857920512444945,25.5405864852977,25.665597915649414,800,0.0,0.0,0.0
2023-01-03 00:00:00-05:00,25.641557732563214,25.641557732563214,25.508853912353516,25.508853912353516,400,0.0,0.0,0.0
2023-01-04 00:00:00-05:00,25.963698137895825,25.963698137895825,25.881961450071916,25.904077529907227,600,0.0,0.0,0.0
2023-01-05 00:00:00-05:00,25.646367599212713,25.646367599212713,25.581939697265625,25.581939697265625,200,0.0,0.0,0.0
2023-01-06 00:00:00-05:00,25.700215665665027,26.069477915064766,25.700215665665027,26.033897399902344,1100,0.0,0.0,0.0
2023-01-09 00:00:00-05:00,25.926197052001953,25.926197052001953,25.926197052001953,25.926197052001953,300,0.0,0.0,0.0
2023-01-10 00:00:00-05:00,25.97331678694242,26.108903884887695,25.97331678694242,26.108903884887695,100,0.0,0.0,0.0
2023-01-11 00:00:00-05:00,26.388734817504883,26.388734817504883,26.388734817504883,26.388734817504883,100,0.0,0.0,0.0
2023-01-12 00:00:00-05:00,26.642601013183594,26.642601013183594,26.642601013183594,26.642601013183594,100,0.0,0.0,0.0
2023-01-13 00:00:00-05:00,26.672412430469674,26.72530174255371,26.672412430469674,26.72530174255371,600,0.0,0.0,0.0
2023-01-17 00:00:00-05:00,27.127256309172463,27.127256309172463,26.853195190429688,26.853195190429688,4100,0.0,0.0,0.0
2023-01-18 00:00:00-05:00,26.704145620544637,26.704145620544637,26.3060359954834,26.3060359954834,600,0.0,0.0,0.0
2023-01-19 00:00:00-05:00,26.29930650830774,26.29930650830774,26.204105377197266,26.204105377197266,300,0.0,0.0,0.0
2023-01-20 00:00:00-05:00,26.559903691470783,26.5974063873291,26.559903691470783,26.5974063873291,500,0.0,0.0,0.0
2023-01-23 00:00:00-05:00,26.761843213005125,26.848389026131485,26.761843213005125,26.818578720092773,1000,0.0,0.0,0.0
2023-01-24 00:00:00-05:00,26.849350996316144,26.955129623413086,26.848389906001973,26.955129623413086,2100,0.0,0.0,0.0
2023-01-25 00:00:00-05:00,26.93493501814688,27.077255249023438,26.93493501814688,27.077255249023438,300,0.0,0.0,0.0
2023-01-26 00:00:00-05:00,27.03109830223236,27.03109830223236,26.987825393676758,26.987825393676758,300,0.0,0.0,0.0
2023-01-27 00:00:00-05:00,26.848388671875,26.848388671875,26.848388671875,26.848388671875,100,0.0,0.0,0.0
2023-01-30 00:00:00-05:00,26.819539585927515,26.819539585927515,26.69260597229004,26.69260597229004,400,0.0,0.0,0.0
2023-01-31 00:00:00-05:00,26.837812821672973,27.13687515258789,26.837812821672973,27.13687515258789,400,0.0,0.0,0.0
2023-02-01 00:00:00-05:00,27.146491971079215,27.443632125854492,27.146491971079215,27.443632125854492,700,0.0,0.0,0.0
2023-02-02 00:00:00-05:00,27.396511577923793,27.521523013387966,27.377278767215184,27.398435592651367,1900,0.0,0.0,0.0
2023-02-03 00:00:00-05:00,27.607106239196032,27.6657657623291,27.607106239196032,27.6657657623291,300,0.0,0.0,0.0
2023-02-06 00:00:00-05:00,27.415743888238428,27.415743888238428,27.39651107788086,27.39651107788086,300,0.0,0.0,0.0
2023-02-07 00:00:00-05:00,27.29554118905843,27.441707611083984,27.29554118905843,27.441707611083984,200,0.0,0.0,0.0
2023-02-08 00:00:00-05:00,27.106101989746094,27.106101989746094,27.106101989746094,27.106101989746094,100,0.0,0.0,0.0
2023-02-09 00:00:00-05:00,27.300349387510543,27.300349387510543,26.983978271484375,26.983978271484375,1100,0.0,0.0,0.0
2023-02-10 00:00:00-05:00,26.954168763463382,26.96378516911273,26.8483901354624,26.90127944946289,1300,0.0,0.0,0.0
2023-02-13 00:00:00-05:00,27.279193878173828,27.279193878173828,27.279193878173828,27.279193878173828,400,0.0,0.0,0.0
2023-02-14 00:00:00-05:00,27.4253616455592,27.4253616455592,27.117644001233785,27.24553871154785,3200,0.0,0.0,0.0
2023-02-15 00:00:00-05:00,27.302274703979492,27.302274703979492,27.302274703979492,27.302274703979492,100,0.0,0.0,0.0
2023-02-16 00:00:00-05:00,26.858005249698966,27.224382400512695,26.858005249698966,27.224382400512695,1300,0.0,0.0,0.0
2023-02-17 00:00:00-05:00,27.314775466918945,27.314775466918945,27.314775466918945,27.314775466918945,100,0.0,0.0,0.0
2023-02-21 00:00:00-05:00,27.098410308189266,27.098410308189266,27.04648208618164,27.04648208618164,700,0.0,0.0,0.0
2023-02-22 00:00:00-05:00,27.213803294157433,27.213803294157433,27.1080265045166,27.1080265045166,300,0.0,0.0,0.0
2023-02-23 00:00:00-05:00,27.24265266453569,27.2965030670166,27.24265266453569,27.2965030670166,600,0.0,0.0,0.0
2023-02-24 00:00:00-05:00,27.025327682495117,27.025327682495117,27.025327682495117,27.025327682495117,100,0.0,0.0,0.0
2023-02-27 00:00:00-05:00,27.178223448660837,27.178223448660837,27.095523834228516,27.095523834228516,300,0.0,0.0,0.0
2023-02-28 00:00:00-05:00,27.121488571166992,27.121488571166992,27.121488571166992,27.121488571166992,100,0.0,0.0,0.0
2023-03-01 00:00:00-05:00,27.15995216369629,27.15995216369629,27.15995216369629,27.15995216369629,100,0.0,0.0,0.0
2023-03-02 00:00:00-05:00,27.43497657775879,27.43497657775879,27.43497657775879,27.43497657775879,100,0.0,0.0,0.0
2023-03-03 00:00:00-05:00,27.57537269592285,27.57537269592285,27.57537269592285,27.57537269592285,100,0.0,0.0,0.0
2023-03-06 00:00:00-05:00,27.579220010006996,27.579220010006996,27.47825050354004,27.47825050354004,300,0.0,0.0,0.0
2023-03-07 00:00:00-05:00,27.434977332804532,27.434977332804532,27.242652893066406,27.242652893066406,500,0.0,0.0,0.0
2023-03-08 00:00:00-05:00,27.52152404460554,27.52152404460554,27.045522049511717,27.13687515258789,1800,0.0,0.0,0.0
2023-03-09 00:00:00-05:00,27.03109903459909,27.03109903459909,26.810888290405273,26.810888290405273,200,0.0,0.0,0.0
2023-03-10 00:00:00-05:00,26.30507469177246,26.30507469177246,26.30507469177246,26.30507469177246,200,0.0,0.0,0.0
2023-03-13 00:00:00-04:00,25.694443878210926,25.956966400146484,25.694443878210926,25.956966400146484,2300,0.0,0.0,0.0
2023-03-14 00:00:00-04:00,26.05986102470759,26.156984329223633,26.05986102470759,26.156984329223633,300,0.0,0.0,0.0
2023-03-15 00:00:00-04:00,25.64636425153723,25.810800552368164,25.64636425153723,25.810800552368164,200,0.0,0.0,0.0
2023-03-16 00:00:00-04:00,25.761760757331114,26.145444869995117,25.761760757331114,26.145444869995117,600,0.0,0.0,0.0
2023-03-17 00:00:00-04:00,25.785802465980336,25.807918548583984,25.723296745375773,25.807918548583984,1300,0.0,0.0,0.0
2023-03-20 00:00:00-04:00,26.171410408726477,26.184873009905452,26.151216506958008,26.151216506958008,900,0.0,0.0,0.0
2023-03-21 00:00:00-04:00,26.406042525299725,26.406042525299725,26.37623405456543,26.37623405456543,200,0.0,0.0,0.0
2023-03-22 00:00:00-04:00,26.713762255156052,26.713762255156052,26.072362899780273,26.072362899780273,200,0.0,0.0,0.0
2023-03-23 00:00:00-04:00,26.271417249753963,26.271417249753963,25.902156829833984,25.902156829833984,400,0.0,0.0,0.0
2023-03-24 00:00:00-04:00,25.76176174265861,26.149293899536133,25.76176174265861,26.149293899536133,400,0.0,0.0,0.0
2023-03-27 00:00:00-04:00,26.127174768524327,26.32430648803711,25.95408314472935,26.32430648803711,3100,0.0,0.0,0.0
2023-03-28 00:00:00-04:00,26.372386932373047,26.372386932373047,26.372386932373047,26.372386932373047,100,0.0,0.0,0.0
2023-03-29 00:00:00-04:00,26.569518669582397,26.569518669582397,26.559904098510742,26.559904098510742,600,0.0,0.0,0.0
2023-03-30 00:00:00-04:00,26.7762664656135,26.7762664656135,26.6916446685791,26.6916446685791,200,0.0,0.0,0.0
2023-03-31 00:00:00-04:00,27.021479933439704,27.021479933439704,26.995515823364258,26.995515823364258,300,0.0,0.0,0.0
2023-04-03 00:00:00-04:00,27.329197099539417,27.329197099539417,27.088792481082578,27.10321617126465,400,0.0,0.0,0.0
2023-04-04 00:00:00-04:00,26.70895541027675,26.801271438598633,26.70895541027675,26.801271438598633,800,0.0,0.0,0.0
2023-04-05 00:00:00-04:00,26.73587989807129,26.73587989807129,26.73587989807129,26.73587989807129,100,0.0,0.0,0.0
2023-04-06 00:00:00-04:00,26.71856928938355,26.775304794311523,26.704145599125454,26.775304794311523,900,0.0,0.0,0.0
2023-04-10 00:00:00-04:00,26.829156559158196,26.906085968017578,26.829156559158196,26.906085968017578,800,0.0,0.0,0.0
2023-04-11 00:00:00-04:00,27.059944691228118,27.236882514400904,27.059944691228118,27.10898780822754,1800,0.0,0.0,0.0
2023-04-12 00:00:00-04:00,27.011865383082352,27.011865383082352,26.983016166113092,27.003210067749023,400,0.0,0.0,0.0
2023-04-13 00:00:00-04:00,26.723379093724848,27.309965133666992,26.723379093724848,27.309965133666992,800,0.0,0.0,0.0
2023-04-14 00:00:00-04:00,27.324392351414755,27.324392351414755,27.118605303943085,27.24650001525879,300,0.0,0.0,0.0
2023-04-17 00:00:00-04:00,27.40324282467267,27.4061279296875,27.382087833419636,27.4061279296875,600,0.0,0.0,0.0
2023-04-18 00:00:00-04:00,27.367660674300634,27.5792179107666,27.367660674300634,27.5792179107666,1800,0.0,0.0,0.0
2023-04-19 00:00:00-04:00,27.713843596950213,27.713843596950213,27.656147003173828,27.656147003173828,17300,0.0,0.0,0.0
2023-04-20 00:00:00-04:00,27.54075323118647,27.550369636275835,27.52825355529785,27.52825355529785,700,0.0,0.0,0.0
2023-04-21 00:00:00-04:00,27.588836048297836,27.625377655029297,27.51190663951715,27.625377655029297,1100,0.0,0.0,0.0
2023-04-24 00:00:00-04:00,28.0600268278918,28.0600268278918,27.656147003173828,27.656147003173828,1200,0.0,0.0,0.0
2023-04-25 00:00:00-04:00,27.4445949449265,27.654226355805434,27.4445949449265,27.584028244018555,400,0.0,0.0,0.0
2023-04-26 00:00:00-04:00,27.358046705362604,27.417665481567383,27.358046705362604,27.417665481567383,400,0.0,0.0,0.0
2023-04-27 00:00:00-04:00,27.50228999204469,27.734039306640625,27.50228999204469,27.734039306640625,300,0.0,0.0,0.0
2023-04-28 00:00:00-04:00,27.704228990476306,27.851356506347656,27.704228990476306,27.851356506347656,200,0.0,0.0,0.0
2023-05-01 00:00:00-04:00,28.02156222288144,28.02156222288144,27.82058431054627,27.871549606323242,1200,0.0,0.0,0.0
2023-05-02 00:00:00-04:00,27.491711590505385,27.67538070678711,27.491711590505385,27.67538070678711,1100,0.0,0.0,0.0
2023-05-03 00:00:00-04:00,27.67538079348704,27.67538079348704,27.64653157850541,27.652301788330078,600,0.0,0.0,0.0
2023-05-04 00:00:00-04:00,27.53786849975586,27.53786849975586,27.53786849975586,27.53786849975586,200,0.0,0.0,0.0
2023-05-05 00:00:00-04:00,27.795583724975586,27.795583724975586,27.795583724975586,27.795583724975586,100,0.0,0.0,0.0
2023-05-08 00:00:00-04:00,27.97348406975185,27.97348406975185,27.738849639892578,27.738849639892578,1200,0.0,0.0,0.0
2023-05-09 00:00:00-04:00,27.367662129014768,27.415744155377205,27.367662129014768,27.389780044555664,700,0.0,0.0,0.0
2023-05-10 00:00:00-04:00,27.54075310540345,27.579218725585232,27.180146169836995,27.324390411376953,900,0.0,0.0,0.0
2023-05-11 00:00:00-04:00,27.09841024023331,27.117643050865073,27.059944618969787,27.077255249023438,900,0.0,0.0,0.0
2023-05-12 00:00:00-04:00,26.963785492072773,27.043598175048828,26.935897365113085,27.043598175048828,2000,0.0,0.0,0.0
2023-05-15 00:00:00-04:00,27.117642322618998,27.129180908203125,27.098409512503736,27.129180908203125,500,0.0,0.0,0.0
2023-05-16 00:00:00-04:00,27.00224861427193,27.00224861427193,26.813772201538086,26.813772201538086,500,0.0,0.0,0.0
2023-05-17 00:00:00-04:00,26.761842727661133,26.761842727661133,26.761842727661133,26.761842727661133,800,0.0,0.0,0.0
2023-05-18 00:00:00-04:00,26.64741019448944,26.87723731994629,26.64741019448944,26.87723731994629,6400,0.0,0.0,0.0
2023-05-19 00:00:00-04:00,26.906084454466843,26.92339324951172,26.906084454466843,26.92339324951172,300,0.0,0.0,0.0
2023-05-22 00:00:00-04:00,27.097449413231377,27.097449413231377,27.008018493652344,27.008018493652344,300,0.0,0.0,0.0
2023-05-23 00:00:00-04:00,26.963782805715628,26.963782805715628,26.711837768554688,26.711837768554688,400,0.0,0.0,0.0
2023-05-24 00:00:00-04:00,26.39931297302246,26.39931297302246,26.39931297302246,26.39931297302246,100,0.0,0.0,0.0
2023-05-25 00:00:00-04:00,26.112751007080078,26.112751007080078,26.112751007080078,26.112751007080078,100,0.0,0.0,0.0
2023-05-26 00:00:00-04:00,26.139677047729492,26.139677047729492,26.139677047729492,26.139677047729492,200,0.0,0.0,0.0
2023-05-30 00:00:00-04:00,25.992550227265987,25.992550227265987,25.735797882080078,25.735797882080078,400,0.0,0.0,0.0
2023-05-31 00:00:00-04:00,25.65790367126465,25.65790367126465,25.65790367126465,25.65790367126465,200,0.0,0.0,0.0
2023-06-01 00:00:00-04:00,25.96369974833978,25.96369974833978,25.926197052001953,25.926197052001953,300,0.0,0.0,0.0
2023-06-02 00:00:00-04:00,26.620487213134766,26.620487213134766,26.620487213134766,26.620487213134766,100,0.0,0.0,0.0
2023-06-05 00:00:00-04:00,26.444508927679532,26.444508927679532,26.348346710205078,26.348346710205078,300,0.0,0.0,0.0
2023-06-06 00:00:00-04:00,26.607984460303133,26.69356918334961,26.49258943114731,26.69356918334961,2000,0.0,0.0,0.0
2023-06-07 00:00:00-04:00,27.13687205157319,27.13975715637207,27.13687205157319,27.13975715637207,300,0.0,0.0,0.0
2023-06-08 00:00:00-04:00,27.290734050747286,27.29361915588379,27.290734050747286,27.29361915588379,200,0.0,0.0,0.0
2023-06-09 00:00:00-04:00,27.021479793455104,27.026287078857422,27.021479793455104,27.026287078857422,400,0.0,0.0,0.0
2023-06-12 00:00:00-04:00,27.219572067260742,27.219572067260742,27.219572067260742,27.219572067260742,100,0.0,0.0,0.0
2023-06-13 00:00:00-04:00,27.608068039423276,27.608068039423276,27.60614585876465,27.60614585876465,6200,0.0,0.0,0.0
2023-06-14 00:00:00-04:00,27.454208964756983,27.617684192193774,27.454208964756983,27.495559692382812,700,0.0,0.0,0.0
2023-06-15 00:00:00-04:00,27.574411392211914,27.574411392211914,27.574411392211914,27.574411392211914,100,0.0,0.0,0.0
2023-06-16 00:00:00-04:00,27.66576608862886,27.66576608862886,27.346508026123047,27.346508026123047,500,0.0,0.0,0.0
2023-06-20 00:00:00-04:00,27.11764297681687,27.319581985473633,27.11764297681687,27.319581985473633,200,0.0,0.0,0.0
2023-06-21 00:00:00-04:00,27.213803809750075,27.391704559326172,27.1753400220997,27.391704559326172,1200,0.0,0.0,0.0
2023-06-22 00:00:00-04:00,27.313812255859375,27.313812255859375,27.313812255859375,27.313812255859375,100,0.0,0.0,0.0
2023-06-23 00:00:00-04:00,27.122451405120025,27.122451405120025,26.987825393676758,26.987825393676758,200,0.0,0.0,0.0
2023-06-26 00:00:00-04:00,27.30035090291259,27.30035090291259,27.058024077186023,27.083988189697266,1100,0.0,0.0,0.0
2023-06-27 00:00:00-04:00,27.18495514352005,27.29265594482422,27.18495514352005,27.29265594482422,200,0.0,0.0,0.0
2023-06-28 00:00:00-04:00,27.25226851163529,27.25707579712614,27.20803451538086,27.20803451538086,800,0.0,0.0,0.0
2023-06-29 00:00:00-04:00,27.377279908139155,27.465749740600586,27.377279908139155,27.465749740600586,200,0.0,0.0,0.0
2023-06-30 00:00:00-04:00,27.609029933996784,27.68018913269043,27.609029933996784,27.68018913269043,300,0.0,0.0,0.0
2023-07-03 00:00:00-04:00,27.64653173133739,27.77827262878418,27.64653173133739,27.77827262878418,300,0.0,0.0,0.0
2023-07-05 00:00:00-04:00,27.454208657413886,27.454208657413886,27.39266586303711,27.39266586303711,300,0.0,0.0,0.0
2023-07-06 00:00:00-04:00,27.02436637878418,27.02436637878418,27.02436637878418,27.02436637878418,0,0.0,0.0,0.0
2023-07-07 00:00:00-04:00,27.233035920334686,27.276308826667194,27.233035920334686,27.271501541137695,400,0.0,0.0,0.0
2023-07-10 00:00:00-04:00,27.459978103637695,27.459978103637695,27.459978103637695,27.459978103637695,200,0.0,0.0,0.0
2023-07-11 00:00:00-04:00,27.720577239990234,27.720577239990234,27.720577239990234,27.720577239990234,100,0.0,0.0,0.0
2023-07-12 00:00:00-04:00,27.886937976126887,28.21388843016455,27.87732157052086,28.08214569091797,11600,0.0,0.0,0.0
2023-07-13 00:00:00-04:00,28.44467575575306,28.547569274902344,28.44467575575306,28.547569274902344,700,0.0,0.0,0.0
2023-07-14 00:00:00-04:00,28.56006958905162,28.56006958905162,28.370630264282227,28.370630264282227,2400,0.0,0.0,0.0
2023-07-17 00:00:00-04:00,28.342742919921875,28.342742919921875,28.342742919921875,28.342742919921875,200,0.0,0.0,0.0
2023-07-18 00:00:00-04:00,28.502373953800458,28.502373953800458,28.444677352905273,28.444677352905273,300,0.0,0.0,0.0
2023-07-19 00:00:00-04:00,28.637001695582413,28.637001695582413,28.51679937424556,28.585073471069336,700,0.0,0.0,0.0
2023-07-20 00:00:00-04:00,28.547569274902344,28.547569274902344,28.547569274902344,28.547569274902344,100,0.0,0.0,0.0
2023-07-21 00:00:00-04:00,28.51198914712978,28.526414672346515,28.463908954118775,28.50237274169922,1000,0.0,0.0,0.0
2023-07-24 00:00:00-04:00,28.38697840988979,28.421596000742337,28.271583383478422,28.31774139404297,2600,0.0,0.0,0.0
2023-07-25 00:00:00-04:00,28.473525367693277,28.473525367693277,28.32254981994629,28.32254981994629,400,0.0,0.0,0.0
2023-07-26 00:00:00-04:00,28.39947903972216,28.423519134521484,28.39947903972216,28.423519134521484,1100,0.0,0.0,0.0
2023-07-27 00:00:00-04:00,28.41871193710043,28.435059642863607,28.063875198364258,28.063875198364258,500,0.0,0.0,0.0
2023-07-28 00:00:00-04:00,28.233118057250977,28.233118057250977,28.233118057250977,28.233118057250977,100,0.0,0.0,0.0
2023-07-31 00:00:00-04:00,28.10907152307254,28.202346801757812,28.10907152307254,28.202346801757812,700,0.0,0.0,0.0
2023-08-01 00:00:00-04:00,28.021563343361056,28.021563343361056,28.016756057739258,28.016756057739258,200,0.0,0.0,0.0
2023-08-02 00:00:00-04:00,27.738849639892578,27.738849639892578,27.738849639892578,27.738849639892578,600,0.0,0.0,0.0
2023-08-03 00:00:00-04:00,27.569601813235245,27.619606018066406,27.569601813235245,27.619606018066406,600,0.0,0.0,0.0
2023-08-04 00:00:00-04:00,27.55998665883485,27.55998665883485,27.42920684814453,27.42920684814453,1100,0.0,0.0,0.0
2023-08-07 00:00:00-04:00,27.598452930568694,27.598452930568694,27.55710220336914,27.55710220336914,300,0.0,0.0,0.0
2023-08-08 00:00:00-04:00,27.15610641196497,27.34939193725586,27.15610641196497,27.34939193725586,600,0.0,0.0,0.0
2023-08-09 00:00:00-04:00,27.098411487443077,27.098411487443077,26.92051256626588,27.004173278808594,400,0.0,0.0,0.0
2023-08-10 00:00:00-04:00,26.934935128109654,27.15610694885254,26.934935128109654,27.15610694885254,300,0.0,0.0,0.0
2023-08-11 00:00:00-04:00,26.8387715939811,26.892621994018555,26.790691403702425,26.892621994018555,800,0.0,0.0,0.0
2023-08-14 00:00:00-04:00,26.959936141967773,26.959936141967773,26.959936141967773,26.959936141967773,100,0.0,0.0,0.0
2023-08-15 00:00:00-04:00,26.63202476501465,26.63202476501465,26.63202476501465,26.63202476501465,100,0.0,0.0,0.0
2023-08-16 00:00:00-04:00,26.47335797442142,26.47335797442142,26.45701026916504,26.45701026916504,400,0.0,0.0,0.0
2023-08-17 00:00:00-04:00,26.45412659993787,26.51182319952939,26.2204532623291,26.2204532623291,600,0.0,0.0,0.0
2023-08-18 00:00:00-04:00,25.88676900444869,26.319498044902804,25.88676900444869,26.194486618041992,2200,0.0,0.0,0.0
2023-08-21 00:00:00-04:00,26.312768936157227,26.312768936157227,26.312768936157227,26.312768936157227,0,0.0,0.0,0.0
2023-08-22 00:00:00-04:00,26.2435302734375,26.2435302734375,26.2435302734375,26.2435302734375,100,0.0,0.0,0.0
2023-08-23 00:00:00-04:00,26.39642901328206,26.482974826503977,26.39642901328206,26.46662712097168,500,0.0,0.0,0.0
2023-08-24 00:00:00-04:00,26.482974684470367,26.482974684470367,26.255069732666016,26.255069732666016,23900,0.0,0.0,0.0
2023-08-25 00:00:00-04:00,26.15602584314816,26.277189254760742,26.15602584314816,26.277189254760742,400,0.0,0.0,0.0
2023-08-28 00:00:00-04:00,26.45412423720649,26.45412423720649,26.453163146972656,26.453163146972656,300,0.0,0.0,0.0
2023-08-29 00:00:00-04:00,26.645486803681273,26.76665020708205,26.645486803681273,26.723379135131836,800,0.0,0.0,0.0
2023-08-30 00:00:00-04:00,26.521437786008928,26.809922598320785,26.521437786008928,26.77626609802246,900,0.0,0.0,0.0
2023-08-31 00:00:00-04:00,26.89646941956565,26.89646941956565,26.600292205810547,26.600292205810547,1500,0.0,0.0,0.0
2023-09-01 00:00:00-04:00,26.58394369391337,26.58394369391337,26.557979583740234,26.557979583740234,400,0.0,0.0,0.0
2023-09-05 00:00:00-04:00,26.050245332488682,26.05986173759335,25.96369952068838,25.98004722595215,1600,0.0,0.0,0.0
2023-09-06 00:00:00-04:00,25.829072952270508,25.829072952270508,25.829072952270508,25.829072952270508,100,0.0,0.0,0.0
2023-09-07 00:00:00-04:00,25.645404815673828,25.645404815673828,25.645404815673828,25.645404815673828,100,0.0,0.0,0.0
2023-09-08 00:00:00-04:00,25.694445329793403,25.771374735439963,25.650211334228516,25.650211334228516,900,0.0,0.0,0.0
2023-09-11 00:00:00-04:00,25.756952569282788,25.756952569282788,25.695409774780273,25.695409774780273,700,0.0,0.0,0.0
2023-09-12 00:00:00-04:00,25.655982422238058,25.74252823582059,25.655982422238058,25.72425651550293,1600,0.0,0.0,0.0
2023-09-13 00:00:00-04:00,25.654056549072266,25.654056549072266,25.654056549072266,25.654056549072266,100,0.0,0.0,0.0
2023-09-14 00:00:00-04:00,25.9637012499423,26.03101425601649,25.9637012499423,26.026206970214844,300,0.0,0.0,0.0
2023-09-15 00:00:00-04:00,25.76272201538086,25.76272201538086,25.76272201538086,25.76272201538086,100,0.0,0.0,0.0
2023-09-18 00:00:00-04:00,25.906002651856486,25.906002651856486,25.559819408294658,25.564626693725586,900,0.0,0.0,0.0
2023-09-19 00:00:00-04:00,25.511739818101567,25.579052820569785,25.48866081237793,25.48866081237793,2300,0.0,0.0,0.0
2023-09-20 00:00:00-04:00,25.598285718751143,25.742528129411873,25.463657879211603,25.4655818939209,1300,0.0,0.0,0.0
2023-09-21 00:00:00-04:00,25.00208282470703,25.00208282470703,25.00208282470703,25.00208282470703,200,0.0,0.0,0.0
2023-09-22 00:00:00-04:00,25.204021844056953,25.204021844056953,25.00208282470703,25.00208282470703,1400,0.0,0.0,0.0
2023-09-25 00:00:00-04:00,24.77898597717285,24.77898597717285,24.77898597717285,24.77898597717285,200,0.0,0.0,0.0
2023-09-26 00:00:00-04:00,24.569353103637695,24.569353103637695,24.569353103637695,24.569353103637695,100,0.0,0.0,0.0
2023-09-27 00:00:00-04:00,24.621279073643787,24.621279073643787,24.544349670410156,24.544349670410156,200,0.0,0.0,0.0
2023-09-28 00:00:00-04:00,24.53088957015295,24.74244499206543,24.4635765647327,24.74244499206543,1300,0.0,0.0,0.0
2023-09-29 00:00:00-04:00,24.992464015165982,24.992464015165982,24.70301628112793,24.70301628112793,300,0.0,0.0,0.0
2023-10-02 00:00:00-04:00,24.463574563160922,24.483768463134766,24.463574563160922,24.483768463134766,300,0.0,0.0,0.0
2023-10-03 00:00:00-04:00,24.0048828125,24.0048828125,24.0048828125,24.0048828125,100,0.0,0.0,0.0
2023-10-04 00:00:00-04:00,24.08854257730328,24.23567008972168,24.08854257730328,24.23567008972168,300,0.0,0.0,0.0
2023-10-05 00:00:00-04:00,24.146240406903043,24.146240406903043,24.100082397460938,24.100082397460938,200,0.0,0.0,0.0
2023-10-06 00:00:00-04:00,24.040462670522633,24.23663330078125,24.040462670522633,24.23663330078125,700,0.0,0.0,0.0
2023-10-09 00:00:00-04:00,23.93468544145263,24.396263745549952,23.93468544145263,24.359722137451172,1700,0.0,0.0,0.0
2023-10-10 00:00:00-04:00,24.627050792809314,24.644359588623047,24.627050792809314,24.644359588623047,200,0.0,0.0,0.0
2023-10-11 00:00:00-04:00,24.53088809016844,24.694363308101423,24.522232775361523,24.587623596191406,400,0.0,0.0,0.0
2023-10-12 00:00:00-04:00,24.374145004344257,24.374145004344257,23.89622084423932,23.9731502532959,300,0.0,0.0,0.0
2023-10-13 00:00:00-04:00,23.790441066188706,23.790441066188706,23.780824661254883,23.780824661254883,200,0.0,0.0,0.0
2023-10-16 00:00:00-04:00,24.12700843811035,24.12700843811035,24.12700843811035,24.12700843811035,100,0.0,0.0,0.0
2023-10-17 00:00:00-04:00,24.117394028979806,24.16643714904785,24.0500810215189,24.16643714904785,1000,0.0,0.0,0.0
2023-10-18 00:00:00-04:00,23.992382884462735,23.992382884462735,23.956802368164062,23.956802368164062,500,0.0,0.0,0.0
2023-10-19 00:00:00-04:00,23.86737098182112,23.978919814125092,23.66543197631836,23.66543197631836,700,0.0,0.0,0.0
2023-10-20 00:00:00-04:00,23.453874021539026,23.482723236083984,23.453874021539026,23.482723236083984,500,0.0,0.0,0.0
2023-10-23 00:00:00-04:00,23.415409131126108,23.651004619294408,23.415409131126108,23.462528228759766,600,0.0,0.0,0.0
2023-10-24 00:00:00-04:00,23.790441372854826,23.821212768554688,23.790441372854826,23.821212768554688,300,0.0,0.0,0.0
2023-10-25 00:00:00-04:00,23.501957115135255,23.501957115135255,23.213470458984375,23.213470458984375,500,0.0,0.0,0.0
2023-10-26 00:00:00-04:00,23.242320134215397,23.242320134215397,23.105770111083984,23.105770111083984,2100,0.0,0.0,0.0
2023-10-27 00:00:00-04:00,23.040377622425925,23.040377622425925,22.98268102788172,22.997106552124023,400,0.0,0.0,0.0
2023-10-30 00:00:00-04:00,23.246166229248047,23.246166229248047,23.246166229248047,23.246166229248047,100,0.0,0.0,0.0
2023-10-31 00:00:00-04:00,23.04037801772596,23.242318853307857,23.04037801772596,23.194238662719727,700,0.0,0.0,0.0
2023-11-01 00:00:00-04:00,23.328865183184135,23.4154109954834,23.328865183184135,23.4154109954834,500,0.0,0.0,0.0
2023-11-02 00:00:00-04:00,23.886604613891784,23.926992416381836,23.886604613891784,23.926992416381836,400,0.0,0.0,0.0
2023-11-03 00:00:00-04:00,24.372219094571545,24.47319042634759,24.372219094571545,24.434724807739258,400,0.0,0.0,0.0
2023-11-06 00:00:00-05:00,24.32894815505998,24.32894815505998,24.309717178344727,24.309717178344727,600,0.0,0.0,0.0
2023-11-07 00:00:00-05:00,24.367412913149643,24.463575129884926,24.367412913149643,24.454919815063477,800,0.0,0.0,0.0
2023-11-08 00:00:00-05:00,24.569353103637695,24.569353103637695,24.569353103637695,24.569353103637695,100,0.0,0.0,0.0
2023-11-09 00:00:00-05:00,24.74244341272828,24.74244341272828,24.430879592895508,24.430879592895508,800,0.0,0.0,0.0
2023-11-10 00:00:00-05:00,24.57896751908138,24.772253036499023,24.57896751908138,24.772253036499023,700,0.0,0.0,0.0
2023-11-13 00:00:00-05:00,24.867455626352253,24.867455626352253,24.762638092041016,24.762638092041016,500,0.0,0.0,0.0
2023-11-14 00:00:00-05:00,25.271336071734066,25.4684678004744,25.10786084540244,25.445388793945312,2000,0.0,0.0,0.0
2023-11-15 00:00:00-05:00,25.27133541633575,25.579053049887307,25.27133541633575,25.434810638427734,1700,0.0,0.0,0.0
2023-11-16 00:00:00-05:00,25.146322292006552,25.19440431535738,25.146322292006552,25.19344139099121,1100,0.0,0.0,0.0
2023-11-17 00:00:00-05:00,25.36557388305664,25.36557388305664,25.36557388305664,25.36557388305664,100,0.0,0.0,0.0
2023-11-20 00:00:00-05:00,25.48577561487369,25.48577561487369,25.43481031806731,25.449234008789062,600,0.0,0.0,0.0
2023-11-21 00:00:00-05:00,25.309798719798277,25.378074645996094,25.271334933410245,25.378074645996094,700,0.0,0.0,0.0
2023-11-22 00:00:00-05:00,25.540587806966048,25.540587806966048,25.50693130493164,25.50693130493164,500,0.0,0.0,0.0
2023-11-24 00:00:00-05:00,25.565589904785156,25.565589904785156,25.565589904785156,25.565589904785156,200,0.0,0.0,0.0
2023-11-27 00:00:00-05:00,25.51366424560547,25.51366424560547,25.51366424560547,25.51366424560547,300,0.0,0.0,0.0
2023-11-28 00:00:00-05:00,25.428077697753906,25.428077697753906,25.428077697753906,25.428077697753906,500,0.0,0.0,0.0
2023-11-29 00:00:00-05:00,25.55981950222598,25.55981950222598,25.424230575561523,25.424230575561523,400,0.0,0.0,0.0
2023-11-30 00:00:00-05:00,25.446348190307617,25.446348190307617,25.446348190307617,25.446348190307617,200,0.0,0.0,0.0
2023-12-01 00:00:00-05:00,25.627132150773107,25.819456580621914,25.588668365288363,25.81368637084961,900,0.0,0.0,0.0
2023-12-04 00:00:00-05:00,25.821380615234375,25.821380615234375,25.821380615234375,25.821380615234375,200,0.0,0.0,0.0
2023-12-05 00:00:00-05:00,25.521358292568788,25.521358292568788,25.497316360473633,25.497316360473633,500,0.0,0.0,0.0
2023-12-06 00:00:00-05:00,25.627131520664964,25.63674792533513,25.19344139099121,25.19344139099121,700,0.0,0.0,0.0
2023-12-07 00:00:00-05:00,25.300183842296345,25.400192260742188,25.300183842296345,25.400192260742188,500,0.0,0.0,0.0
2023-12-08 00:00:00-05:00,25.591553595125966,25.65790367126465,25.591553595125966,25.65790367126465,400,0.0,0.0,0.0
2023-12-11 00:00:00-05:00,25.655980476491056,25.80022287680869,25.598283883192327,25.794452667236328,1700,0.0,0.0,0.0
2023-12-12 00:00:00-05:00,25.723297243423495,25.747337341308594,25.665600641670874,25.747337341308594,700,0.0,0.0,0.0
2023-12-13 00:00:00-05:00,25.86753667887003,26.431045532226562,25.86753667887003,26.431045532226562,400,0.0,0.0,0.0
2023-12-14 00:00:00-05:00,26.656065279853237,26.691645796793164,26.382004142567947,26.41469955444336,1400,0.0,0.0,0.0
2023-12-15 00:00:00-05:00,26.25218577896146,26.25218577896146,25.98581886291504,25.98581886291504,400,0.0,0.0,0.0
2023-12-18 00:00:00-05:00,25.857923275986398,26.146409953223994,25.857923275986398,26.09929084777832,1600,0.0,0.0,0.0
2023-12-19 00:00:00-05:00,26.38681214887075,26.511821746826172,26.38681214887075,26.511821746826172,200,0.0,0.0,0.0
2023-12-20 00:00:00-05:00,26.415659013422612,26.434891823237088,25.99350929260254,25.99350929260254,1000,0.0,0.0,0.0
2023-12-21 00:00:00-05:00,26.098326612464426,26.297382354736328,26.098326612464426,26.297382354736328,600,0.0,0.0,0.0
2023-12-22 00:00:00-05:00,26.150253295898438,26.150253295898438,26.150253295898438,26.150253295898438,100,0.0,0.0,0.0
2023-12-26 00:00:00-05:00,26.310660608913,26.517038345336914,26.30087947018242,26.517038345336914,900,0.458,0.0,0.0
2023-12-27 00:00:00-05:00,26.35956589890188,26.496498107910156,26.35956589890188,26.496498107910156,500,0.0,0.0,0.0
2023-12-28 00:00:00-05:00,26.59430786145119,26.67744474177511,26.59430786145119,26.595285415649414,600,0.0,0.0,0.0
2023-12-29 00:00:00-05:00,26.50627890880768,26.50627890880768,26.43781280517578,26.43781280517578,1600,0.0,0.0,0.0
2024-01-02 00:00:00-05:00,26.50334430452616,26.50334430452616,26.439767837524414,26.439767837524414,1000,0.0,0.0,0.0
2024-01-03 00:00:00-05:00,26.10526358409301,26.11015322091954,25.894973754882812,25.894973754882812,800,0.0,0.0,0.0
2024-01-04 00:00:00-05:00,26.02701402561028,26.02701402561028,25.93018206187418,25.981042861938477,500,0.0,0.0,0.0
2024-01-05 00:00:00-05:00,25.978109023080595,25.978109023080595,25.919424057006836,25.919424057006836,200,0.0,0.0,0.0
2024-01-08 00:00:00-05:00,26.16394721824571,26.207961409683907,26.16394721824571,26.19524574279785,2600,0.0,0.0,0.0
2024-01-09 00:00:00-05:00,26.007453037116537,26.007453037116537,26.004518508911133,26.004518508911133,500,0.0,0.0,0.0
2024-01-10 00:00:00-05:00,26.105262431302233,26.153188705444336,26.105262431302233,26.153188705444336,500,0.0,0.0,0.0
2024-01-11 00:00:00-05:00,26.017233637398565,26.096458435058594,25.924313753209653,26.096458435058594,900,0.0,0.0,0.0
2024-01-12 00:00:00-05:00,25.978108809064835,25.978108809064835,25.963438034057617,25.963438034057617,300,0.0,0.0,0.0
2024-01-16 00:00:00-05:00,25.870520879947065,26.18155288696289,25.870520879947065,26.18155288696289,300,0.0,0.0,0.0
2024-01-17 00:00:00-05:00,26.04657554626465,26.04657554626465,26.04657554626465,26.04657554626465,100,0.0,0.0,0.0
2024-01-18 00:00:00-05:00,26.007451779316266,26.1600341796875,26.007451779316266,26.1600341796875,200,0.0,0.0,0.0
2024-01-19 00:00:00-05:00,26.067115908074626,26.206005096435547,25.95854955638873,26.206005096435547,1900,0.0,0.0,0.0
2024-01-22 00:00:00-05:00,26.183508787644424,26.43781279068163,26.183508787644424,26.365432739257812,2600,0.0,0.0,0.0
2024-01-23 00:00:00-05:00,26.58452712230472,26.58452712230472,26.579635620117188,26.579635620117188,200,0.0,0.0,0.0
2024-01-24 00:00:00-05:00,26.60409079285207,26.74102301228883,26.49258804321289,26.49258804321289,2500,0.0,0.0,0.0
2024-01-25 00:00:00-05:00,26.78014373779297,26.78014373779297,26.78014373779297,26.78014373779297,100,0.0,0.0,0.0
2024-01-26 00:00:00-05:00,26.736129760742188,26.736129760742188,26.736129760742188,26.736129760742188,100,0.0,0.0,0.0
2024-01-29 00:00:00-05:00,26.516060178518686,26.829049148420317,26.516060178518686,26.82807159423828,1300,0.0,0.0,0.0
2024-01-30 00:00:00-05:00,26.80948854490445,26.80948854490445,26.693096160888672,26.693096160888672,3400,0.0,0.0,0.0
2024-01-31 00:00:00-05:00,26.451507568359375,26.451507568359375,26.451507568359375,26.451507568359375,100,0.0,0.0,0.0
2024-02-01 00:00:00-05:00,26.89751625061035,26.89751625061035,26.89751625061035,26.89751625061035,200,0.0,0.0,0.0
2024-02-02 00:00:00-05:00,26.79383659362793,26.79383659362793,26.79383659362793,26.79383659362793,100,0.0,0.0,0.0
2024-02-05 00:00:00-05:00,26.61386830221178,26.61386830221178,26.522907257080078,26.522907257080078,300,0.0,0.0,0.0
2024-02-06 00:00:00-05:00,26.5943085672018,26.676467895507812,26.54540287257096,26.676467895507812,800,0.0,0.0,0.0
2024-02-07 00:00:00-05:00,26.682336951975813,26.682336951975813,26.676467895507812,26.676467895507812,400,0.0,0.0,0.0
2024-02-08 00:00:00-05:00,26.97967529296875,26.97967529296875,26.97967529296875,26.97967529296875,100,0.0,0.0,0.0
2024-02-09 00:00:00-05:00,27.129322052001953,27.129322052001953,27.129322052001953,27.129322052001953,100,0.0,0.0,0.0
2024-02-12 00:00:00-05:00,26.907297985844544,27.4159060248635,26.907297985844544,27.41297149658203,1000,0.0,0.0,0.0
2024-02-13 00:00:00-05:00,26.802640914916992,26.802640914916992,26.802640914916992,26.802640914916992,100,0.0,0.0,0.0
2024-02-14 00:00:00-05:00,26.908275627656046,27.193878173828125,26.908275627656046,27.193878173828125,600,0.0,0.0,0.0
2024-02-15 00:00:00-05:00,27.36699867248535,27.36699867248535,27.36699867248535,27.36699867248535,100,0.0,0.0,0.0
2024-02-16 00:00:00-05:00,27.474589592910945,27.474589592910945,27.393407821655273,27.393407821655273,400,0.0,0.0,0.0
2024-02-20 00:00:00-05:00,27.073573734685375,27.239849368706437,27.06379259555925,27.085309982299805,3100,0.0,0.0,0.0
2024-02-21 00:00:00-05:00,26.926858832776635,26.965003967285156,26.926858832776635,26.965003967285156,300,0.0,0.0,0.0
2024-02-22 00:00:00-05:00,27.264300424593337,27.297555923461914,27.264300424593337,27.297555923461914,200,0.0,0.0,0.0
2024-02-23 00:00:00-05:00,27.484371474661163,27.484371474661163,27.472633361816406,27.472633361816406,1300,0.0,0.0,0.0
2024-02-26 00:00:00-05:00,27.33863447127774,27.447202682495117,27.33863447127774,27.447202682495117,300,0.0,0.0,0.0
2024-02-27 00:00:00-05:00,27.500999450683594,27.500999450683594,27.500999450683594,27.500999450683594,100,0.0,0.0,0.0
2024-02-28 00:00:00-05:00,27.444269840682384,27.455028533935547,27.43840078415829,27.455028533935547,400,0.0,0.0,0.0
2024-02-29 00:00:00-05:00,27.572398651977117,27.73476219177246,27.572398651977117,27.73476219177246,2100,0.0,0.0,0.0
2024-03-01 00:00:00-05:00,27.474589703916365,27.928424835205078,27.474589703916365,27.928424835205078,500,0.0,0.0,0.0
2024-03-04 00:00:00-05:00,27.895170363641775,27.895170363641775,27.601741790771484,27.601741790771484,2300,0.0,0.0,0.0
2024-03-05 00:00:00-05:00,27.552838580168313,27.552838580168313,27.50784683227539,27.50784683227539,800,0.0,0.0,0.0
2024-03-06 00:00:00-05:00,27.635974884033203,27.635974884033203,27.635974884033203,27.635974884033203,100,0.0,0.0,0.0
2024-03-07 00:00:00-05:00,27.850178468600767,27.965591430664062,27.850178468600767,27.965591430664062,200,0.0,0.0,0.0
2024-03-08 00:00:00-05:00,27.681943893432617,27.681943893432617,27.681943893432617,27.681943893432617,100,0.0,0.0,0.0
2024-03-11 00:00:00-04:00,27.740629196166992,27.740629196166992,27.740629196166992,27.740629196166992,100,0.0,0.0,0.0
2024-03-12 00:00:00-04:00,27.875606688415342,27.905927658081055,27.836482134435805,27.905927658081055,400,0.0,0.0,0.0
2024-03-13 00:00:00-04:00,27.816921351865187,27.88343048095703,27.816921351865187,27.88343048095703,300,0.0,0.0,0.0
2024-03-14 00:00:00-04:00,27.768017081689802,27.830615997314453,27.768017081689802,27.830615997314453,300,0.0,0.0,0.0
2024-03-15 00:00:00-04:00,28.01058578491211,28.01058578491211,28.01058578491211,28.01058578491211,100,0.0,0.0,0.0
2024-03-18 00:00:00-04:00,28.032103072317792,28.157299041748047,28.032103072317792,28.157299041748047,500,0.0,0.0,0.0
2024-03-19 00:00:00-04:00,28.325529513529556,28.41844940185547,28.325529513529556,28.41844940185547,400,0.0,0.0,0.0
2024-03-20 00:00:00-04:00,28.66786003112793,28.66786003112793,28.66786003112793,28.66786003112793,100,0.0,0.0,0.0
2024-03-21 00:00:00-04:00,28.39399629680216,28.922164725181034,28.39399629680216,28.85761070251465,1300,0.0,0.0,0.0
2024-03-22 00:00:00-04:00,28.521146905303553,28.660036087036133,28.521146905303553,28.660036087036133,600,0.0,0.0,0.0
2024-03-25 00:00:00-04:00,28.706985130297802,28.706985130297802,28.612110137939453,28.612110137939453,300,0.0,0.0,0.0
2024-03-26 00:00:00-04:00,28.736325454555978,28.736325454555978,28.55048942565918,28.55048942565918,800,0.0,0.0,0.0
2024-03-27 00:00:00-04:00,28.452680978213916,28.869348526000977,28.452680978213916,28.869348526000977,1100,0.0,0.0,0.0
2024-03-28 00:00:00-04:00,29.094308853149414,29.094308853149414,29.094308853149414,29.094308853149414,100,0.0,0.0,0.0
2024-04-01 00:00:00-04:00,28.931945098049617,28.931945098049617,28.886953353881836,28.886953353881836,300,0.0,0.0,0.0
2024-04-02 00:00:00-04:00,28.53092809852714,28.549510955810547,28.53092809852714,28.549510955810547,400,0.0,0.0,0.0
2024-04-03 00:00:00-04:00,28.618957998418168,28.67177391052246,28.618957998418168,28.67177391052246,200,0.0,0.0,0.0
2024-04-04 00:00:00-04:00,28.180770874023438,28.180770874023438,28.180770874023438,28.180770874023438,100,0.0,0.0,0.0
2024-04-05 00:00:00-04:00,28.299121856689453,28.299121856689453,28.299121856689453,28.299121856689453,100,0.0,0.0,0.0
2024-04-08 00:00:00-04:00,28.41844940185547,28.41844940185547,28.41844940185547,28.41844940185547,300,0.0,0.0,0.0
2024-04-09 00:00:00-04:00,28.53093028366877,28.53093028366877,28.324552536010742,28.324552536010742,300,0.0,0.0,0.0
2024-04-10 00:00:00-04:00,27.807140763316994,27.86387062072754,27.807140763316994,27.86387062072754,200,0.0,0.0,0.0
2024-04-11 00:00:00-04:00,27.846264071919663,27.846264071919663,27.840396881103516,27.840396881103516,300,0.0,0.0,0.0
2024-04-12 00:00:00-04:00,27.254518508911133,27.254518508911133,27.254518508911133,27.254518508911133,100,0.0,0.0,0.0
2024-04-15 00:00:00-04:00,26.99239158630371,26.99239158630371,26.99239158630371,26.99239158630371,100,0.0,0.0,0.0
2024-04-16 00:00:00-04:00,27.00901985168457,27.00901985168457,27.00901985168457,27.00901985168457,100,0.0,0.0,0.0
2024-04-17 00:00:00-04:00,26.995325454034138,27.044229282231512,26.694072723388672,26.694072723388672,800,0.0,0.0,0.0
2024-04-18 00:00:00-04:00,26.786991119384766,26.786991119384766,26.786991119384766,26.786991119384766,400,0.0,0.0,0.0
2024-04-19 00:00:00-04:00,26.457373217750753,26.68918228149414,26.457373217750753,26.68918228149414,300,0.0,0.0,0.0
2024-04-22 00:00:00-04:00,26.789925114985458,26.988478685920516,26.789925114985458,26.91512107849121,2300,0.0,0.0,0.0
2024-04-23 00:00:00-04:00,27.21343994140625,27.21343994140625,27.21343994140625,27.21343994140625,100,0.0,0.0,0.0
2024-04-24 00:00:00-04:00,27.014888547546803,27.058902740478516,27.014888547546803,27.058902740478516,900,0.0,0.0,0.0
2024-04-25 00:00:00-04:00,26.83687435445684,26.967939376831055,26.809487911805732,26.967939376831055,2500,0.0,0.0,0.0
2024-04-26 00:00:00-04:00,26.989456176757812,26.989456176757812,26.989456176757812,26.989456176757812,200,0.0,0.0,0.0
2024-04-29 00:00:00-04:00,27.13128089904785,27.13128089904785,27.13128089904785,27.13128089904785,100,0.0,0.0,0.0
2024-04-30 00:00:00-04:00,26.897515583188596,26.958157523326086,26.850566864013672,26.850566864013672,400,0.0,0.0,0.0
2024-05-01 00:00:00-04:00,26.693096160888672,26.693096160888672,26.693096160888672,26.693096160888672,200,0.0,0.0,0.0
2024-05-02 00:00:00-04:00,27.081398010253906,27.081398010253906,27.081398010253906,27.081398010253906,200,0.0,0.0,0.0
2024-05-03 00:00:00-04:00,27.515668869018555,27.515668869018555,27.515668869018555,27.515668869018555,100,0.0,0.0,0.0
2024-05-06 00:00:00-04:00,27.83648249204603,27.85604476928711,27.83648249204603,27.85604476928711,1100,0.0,0.0,0.0
2024-05-07 00:00:00-04:00,27.875606480814753,27.875606480814753,27.73476219177246,27.73476219177246,200,0.0,0.0,0.0
2024-05-08 00:00:00-04:00,27.54305669225913,27.750411987304688,27.54305669225913,27.750411987304688,400,0.0,0.0,0.0
2024-05-09 00:00:00-04:00,27.82083511352539,27.82083511352539,27.82083511352539,27.82083511352539,200,0.0,0.0,0.0
2024-05-10 00:00:00-04:00,27.85213279724121,27.85213279724121,27.85213279724121,27.85213279724121,100,0.0,0.0,0.0
2024-05-13 00:00:00-04:00,28.03797149658203,28.03797149658203,28.03797149658203,28.03797149658203,200,0.0,0.0,0.0
2024-05-14 00:00:00-04:00,28.29618694034132,28.421382904052734,28.29618694034132,28.421382904052734,900,0.0,0.0,0.0
2024-05-15 00:00:00-04:00,28.384214196473863,28.49864959716797,28.384214196473863,28.49864959716797,800,0.0,0.0,0.0
2024-05-16 00:00:00-04:00,28.706985873387207,28.706985873387207,28.691335678100586,28.691335678100586,100,0.0,0.0,0.0
2024-05-17 00:00:00-04:00,28.496694564819336,28.496694564819336,28.496694564819336,28.496694564819336,200,0.0,0.0,0.0
2024-05-20 00:00:00-04:00,28.366611220623838,28.39399766394873,28.315750416511676,28.34020233154297,1700,0.0,0.0,0.0
2024-05-21 00:00:00-04:00,28.354873040956523,28.46246370551574,28.315750350110505,28.41453742980957,800,0.0,0.0,0.0
2024-05-22 00:00:00-04:00,28.413556205209723,28.413556205209723,28.123064041137695,28.123064041137695,300,0.0,0.0,0.0
2024-05-23 00:00:00-04:00,27.85604476928711,27.85604476928711,27.85604476928711,27.85604476928711,100,0.0,0.0,0.0
2024-05-24 00:00:00-04:00,27.846263868948665,27.99102210998535,27.846263868948665,27.99102210998535,100,0.0,0.0,0.0
2024-05-28 00:00:00-04:00,28.071226845334653,28.071226845334653,28.00765037536621,28.00765037536621,300,0.0,0.0,0.0
2024-05-29 00:00:00-04:00,27.86387062072754,27.86387062072754,27.86387062072754,27.86387062072754,100,0.0,0.0,0.0
2024-05-30 00:00:00-04:00,27.816920979686408,27.856043667059097,27.816920979686408,27.826702117919922,500,0.0,0.0,0.0
2024-05-31 00:00:00-04:00,27.93429175654658,28.11719512939453,27.93429175654658,28.11719512939453,200,0.0,0.0,0.0
2024-06-03 00:00:00-04:00,28.186641693115234,28.186641693115234,28.186641693115234,28.186641693115234,100,0.0,0.0,0.0
2024-06-04 00:00:00-04:00,28.04188346862793,28.04188346862793,28.04188346862793,28.04188346862793,100,0.0,0.0,0.0
2024-06-05 00:00:00-04:00,28.159254786408038,28.31085777282715,28.159254786408038,28.31085777282715,200,0.0,0.0,0.0
2024-06-06 00:00:00-04:00,28.087852478027344,28.087852478027344,28.087852478027344,28.087852478027344,100,0.0,0.0,0.0
2024-06-07 00:00:00-04:00,28.110348992992773,28.110348992992773,27.787578878277586,27.812030792236328,600,0.0,0.0,0.0
2024-06-10 00:00:00-04:00,27.79736075314611,27.82083511352539,27.543056737005113,27.82083511352539,1300,0.0,0.0,0.0
2024-06-11 00:00:00-04:00,27.484371116116908,27.810075759887695,27.484371116116908,27.810075759887695,700,0.0,0.0,0.0
2024-06-12 00:00:00-04:00,28.100568771362305,28.100568771362305,28.100568771362305,28.100568771362305,100,0.0,0.0,0.0
2024-06-13 00:00:00-04:00,27.924511182696232,27.952877044677734,27.924511182696232,27.952877044677734,300,0.0,0.0,0.0
2024-06-14 00:00:00-04:00,27.67020933276884,27.689769744873047,27.67020933276884,27.689769744873047,100,0.0,0.0,0.0
2024-06-17 00:00:00-04:00,28.004714965820312,28.004714965820312,28.004714965820312,28.004714965820312,100,0.0,0.0,0.0
2024-06-18 00:00:00-04:00,28.12013053894043,28.12013053894043,28.12013053894043,28.12013053894043,100,0.0,0.0,0.0
2024-06-20 00:00:00-04:00,27.85604353967016,28.178813637654578,27.85604353967016,27.93918228149414,1200,0.0,0.0,0.0
2024-06-21 00:00:00-04:00,28.018407821655273,28.018407821655273,28.018407821655273,28.018407821655273,300,0.0,0.0,0.0
2024-06-24 00:00:00-04:00,27.966569900512695,27.966569900512695,27.966569900512695,27.966569900512695,100,0.0,0.0,0.0
2024-06-25 00:00:00-04:00,27.932336807250977,27.932336807250977,27.932336807250977,27.932336807250977,100,0.0,0.0,0.0
2024-06-26 00:00:00-04:00,27.937227249145508,27.937227249145508,27.937227249145508,27.937227249145508,300,0.0,0.0,0.0
2024-06-27 00:00:00-04:00,27.953854303181387,27.953854303181387,27.928424835205078,27.928424835205078,1100,0.0,0.0,0.0
2024-06-28 00:00:00-04:00,28.088830947875977,28.088830947875977,28.088830947875977,28.088830947875977,100,0.0,0.0,0.0
2024-07-01 00:00:00-04:00,27.807139773683407,27.86484718322754,27.807139773683407,27.86484718322754,400,0.0,0.0,0.0
2024-07-02 00:00:00-04:00,27.860937118530273,27.860937118530273,27.860937118530273,27.860937118530273,100,0.0,0.0,0.0
2024-07-03 00:00:00-04:00,28.16414451599121,28.16414451599121,28.16414451599121,28.16414451599121,100,0.0,0.0,0.0
2024-07-05 00:00:00-04:00,27.997868499882866,27.99884605407715,27.997868499882866,27.99884605407715,600,0.0,0.0,0.0
2024-07-08 00:00:00-04:00,28.061445236206055,28.061445236206055,28.061445236206055,28.061445236206055,500,0.0,0.0,0.0
2024-07-09 00:00:00-04:00,28.09078598022461,28.09078598022461,28.09078598022461,28.09078598022461,100,0.0,0.0,0.0
2024-07-10 00:00:00-04:00,28.188597056765555,28.188597056765555,28.061445981145468,28.176860809326172,5300,0.0,0.0,0.0
2024-07-11 00:00:00-04:00,28.39399709640201,28.628738834021092,28.39399709640201,28.54071044921875,1000,0.0,0.0,0.0
2024-07-12 00:00:00-04:00,28.75882339477539,28.75882339477539,28.75882339477539,28.75882339477539,100,0.0,0.0,0.0
2024-07-15 00:00:00-04:00,28.791101455688477,28.791101455688477,28.791101455688477,28.791101455688477,100,0.0,0.0,0.0
2024-07-16 00:00:00-04:00,29.019975112185747,29.019975112185747,29.00041283429422,29.00530433654785,400,0.0,0.0,0.0
2024-07-17 00:00:00-04:00,29.005303588223992,29.005303588223992,28.889888763427734,28.889888763427734,300,0.0,0.0,0.0
2024-07-18 00:00:00-04:00,29.12364959716797,29.12364959716797,29.12364959716797,29.12364959716797,300,0.0,0.0,0.0
2024-07-19 00:00:00-04:00,29.117784105851985,29.117784105851985,28.916296005249023,28.916296005249023,200,0.0,0.0,0.0
2024-07-22 00:00:00-04:00,29.265474319458008,29.265474319458008,29.265474319458008,29.265474319458008,100,0.0,0.0,0.0
2024-07-23 00:00:00-04:00,29.117784878815193,29.35252661878588,29.117784878815193,29.24689292907715,600,0.0,0.0,0.0
2024-07-24 00:00:00-04:00,28.708940505981445,28.708940505981445,28.708940505981445,28.708940505981445,100,0.0,0.0,0.0
2024-07-25 00:00:00-04:00,28.842941284179688,28.842941284179688,28.842941284179688,28.842941284179688,100,0.0,0.0,0.0
2024-07-26 00:00:00-04:00,29.561838429866345,29.561838429866345,29.44055454648834,29.44348907470703,1100,0.0,0.0,0.0
2024-07-29 00:00:00-04:00,29.34274578669902,29.414146423339844,29.34274578669902,29.414146423339844,500,0.0,0.0,0.0
2024-07-30 00:00:00-04:00,29.235154079597663,29.238088607788086,29.235154079597663,29.238088607788086,500,0.0,0.0,0.0
2024-07-31 00:00:00-04:00,29.724199075147105,29.724199075147105,29.697792053222656,29.697792053222656,500,0.0,0.0,0.0
2024-08-01 00:00:00-04:00,28.933901916189836,29.07181167602539,28.933901916189836,29.07181167602539,900,0.0,0.0,0.0
2024-08-02 00:00:00-04:00,28.413557846258055,28.63558578491211,28.413557846258055,28.63558578491211,500,0.0,0.0,0.0
2024-08-05 00:00:00-04:00,27.464808667406455,28.061445066830476,27.464808667406455,27.888322830200195,1300,0.0,0.0,0.0
2024-08-06 00:00:00-04:00,28.296186364640853,28.296186364640853,28.227720260620117,28.227720260620117,400,0.0,0.0,0.0
2024-08-07 00:00:00-04:00,28.560271542408785,28.560271542408785,28.22576332092285,28.22576332092285,500,0.0,0.0,0.0
2024-08-08 00:00:00-04:00,28.64145278930664,28.64145278930664,28.64145278930664,28.64145278930664,100,0.0,0.0,0.0
2024-08-09 00:00:00-04:00,28.56027276141645,28.56027276141645,28.538753509521484,28.538753509521484,400,0.0,0.0,0.0
2024-08-12 00:00:00-04:00,28.513322830200195,28.513322830200195,28.513322830200195,28.513322830200195,200,0.0,0.0,0.0
2024-08-13 00:00:00-04:00,29.289926528930664,29.289926528930664,29.289926528930664,29.289926528930664,100,0.0,0.0,0.0
2024-08-14 00:00:00-04:00,29.460115680133043,29.460115680133043,29.16277503967285,29.16277503967285,300,0.0,0.0,0.0
2024-08-15 00:00:00-04:00,29.45522382057783,29.499238010491673,29.45522382057783,29.464027404785156,700,0.0,0.0,0.0
2024-08-16 00:00:00-04:00,29.68703269958496,29.68703269958496,29.68703269958496,29.68703269958496,300,0.0,0.0,0.0
2024-08-19 00:00:00-04:00,29.968722971644915,30.01664924621582,29.968722971644915,30.01664924621582,300,0.0,0.0,0.0
2024-08-20 00:00:00-04:00,29.800491333007812,29.800491333007812,29.800491333007812,29.800491333007812,300,0.0,0.0,0.0
2024-08-21 00:00:00-04:00,30.066532135009766,30.066532135009766,30.066532135009766,30.066532135009766,100,0.0,0.0,0.0
2024-08-22 00:00:00-04:00,29.929599831162374,29.929599831162374,29.60389518737793,29.60389518737793,500,0.0,0.0,0.0
2024-08-23 00:00:00-04:00,30.277799606323242,30.277799606323242,30.277799606323242,30.277799606323242,100,0.0,0.0,0.0
2024-08-26 00:00:00-04:00,30.017628827227018,30.1741233188677,30.017628827227018,30.11935043334961,800,0.0,0.0,0.0
2024-08-27 00:00:00-04:00,30.24258804321289,30.24258804321289,30.24258804321289,30.24258804321289,100,0.0,0.0,0.0
2024-08-28 00:00:00-04:00,29.99806613341532,30.026430130004883,29.99806613341532,30.026430130004883,100,0.0,0.0,0.0
2024-08-29 00:00:00-04:00,30.125217755119262,30.125217755119262,29.970680236816406,29.970680236816406,400,0.0,0.0,0.0
2024-08-30 00:00:00-04:00,30.19857406616211,30.19857406616211,30.19857406616211,30.19857406616211,200,0.0,0.0,0.0
2024-09-03 00:00:00-04:00,29.7515869140625,29.7515869140625,29.7515869140625,29.7515869140625,100,0.0,0.0,0.0
2024-09-04 00:00:00-04:00,29.87678337097168,29.87678337097168,29.87678337097168,29.87678337097168,100,0.0,0.0,0.0
2024-09-05 00:00:00-04:00,29.735937118530273,29.735937118530273,29.735937118530273,29.735937118530273,100,0.0,0.0,0.0
2024-09-06 00:00:00-04:00,29.458158493041992,29.458158493041992,29.458158493041992,29.458158493041992,200,0.0,0.0,0.0
2024-09-09 00:00:00-04:00,29.538363150323132,29.538363150323132,29.476741790771484,29.476741790771484,300,0.0,0.0,0.0
2024-09-10 00:00:00-04:00,29.411211013793945,29.411211013793945,29.411211013793945,29.411211013793945,100,0.0,0.0,0.0
2024-09-11 00:00:00-04:00,29.274276977393335,29.624433517456055,29.274276977393335,29.624433517456055,1400,0.0,0.0,0.0
2024-09-12 00:00:00-04:00,29.55792383292038,29.826900482177734,29.55792383292038,29.826900482177734,1000,0.0,0.0,0.0
2024-09-13 00:00:00-04:00,29.978503416344275,30.00784683227539,29.978503416344275,30.00784683227539,700,0.0,0.0,0.0
2024-09-16 00:00:00-04:00,30.01762734390718,30.01762734390718,29.99513053894043,29.99513053894043,300,0.0,0.0,0.0
2024-09-17 00:00:00-04:00,30.134998321533203,30.134998321533203,30.134998321533203,30.134998321533203,100,0.0,0.0,0.0
2024-09-18 00:00:00-04:00,30.018606185913086,30.018606185913086,30.018606185913086,30.018606185913086,100,0.0,0.0,0.0
2024-09-19 00:00:00-04:00,30.555578231811523,30.555578231811523,30.555578231811523,30.555578231811523,300,0.0,0.0,0.0
2024-09-20 00:00:00-04:00,30.374631881713867,30.374631881713867,30.374631881713867,30.374631881713867,100,0.0,0.0,0.0
2024-09-23 00:00:00-04:00,30.519386375354436,30.553621292114258,30.4558117748781,30.553621292114258,600,0.0,0.0,0.0
2024-09-24 00:00:00-04:00,30.565358385552983,30.592744827270508,30.565358385552983,30.592744827270508,400,0.0,0.0,0.0
2024-09-25 00:00:00-04:00,30.457768773329033,30.481243133544922,30.457768773329033,30.481243133544922,900,0.0,0.0,0.0
2024-09-26 00:00:00-04:00,30.897910057434434,31.007455825805664,30.897910057434434,31.007455825805664,400,0.0,0.0,0.0
2024-09-27 00:00:00-04:00,31.152213382127176,31.19133607044531,31.10526466369629,31.10526466369629,800,0.0,0.0,0.0
2024-09-30 00:00:00-04:00,31.328269770566788,31.328269770566788,31.15221486640477,31.22948455810547,700,0.0,0.0,0.0
2024-10-01 00:00:00-04:00,31.083747436755075,31.215790008429103,31.083747436755075,31.171775817871094,1100,0.0,0.0,0.0
2024-10-02 00:00:00-04:00,31.298927608677882,31.359569549560547,31.27936533118771,31.359569549560547,800,0.0,0.0,0.0
2024-10-03 00:00:00-04:00,31.015280531083416,31.015280531083416,30.915515899658203,30.915515899658203,600,0.0,0.0,0.0
2024-10-04 00:00:00-04:00,31.25295639038086,31.25295639038086,31.25295639038086,31.25295639038086,100,0.0,0.0,0.0
2024-10-07 00:00:00-04:00,31.250022970826837,31.31848907470703,31.250022970826837,31.31848907470703,300,0.0,0.0,0.0
2024-10-08 00:00:00-04:00,31.081790924072266,31.081790924072266,31.081790924072266,31.081790924072266,100,0.0,0.0,0.0
2024-10-09 00:00:00-04:00,31.12287139892578,31.12287139892578,31.12287139892578,31.12287139892578,100,0.0,0.0,0.0
2024-10-10 00:00:00-04:00,30.96637725830078,30.96637725830078,30.96637725830078,30.96637725830078,100,0.0,0.0,0.0
2024-10-11 00:00:00-04:00,31.203075408935547,31.203075408935547,31.203075408935547,31.203075408935547,100,0.0,0.0,0.0
2024-10-14 00:00:00-04:00,31.27741050720215,31.27741050720215,31.27741050720215,31.27741050720215,100,0.0,0.0,0.0
2024-10-15 00:00:00-04:00,31.298928425017483,31.298928425017483,31.11309051513672,31.11309051513672,300,0.0,0.0,0.0
2024-10-16 00:00:00-04:00,31.393802642822266,31.393802642822266,31.393802642822266,31.393802642822266,200,0.0,0.0,0.0
2024-10-17 00:00:00-04:00,31.286212921142578,31.286212921142578,31.286212921142578,31.286212921142578,100,0.0,0.0,0.0
2024-10-18 00:00:00-04:00,31.161016118189757,31.161016118189757,30.99571990966797,30.99571990966797,600,0.0,0.0,0.0
2024-10-21 00:00:00-04:00,30.832378387451172,30.832378387451172,30.832378387451172,30.832378387451172,200,0.0,0.0,0.0
2024-10-22 00:00:00-04:00,30.80988143089665,30.85878525837191,30.66316808290943,30.80205726623535,2300,0.0,0.0,0.0
2024-10-23 00:00:00-04:00,30.839225467861382,30.839225467861382,30.65338756170178,30.778583526611328,800,0.0,0.0,0.0
2024-10-24 00:00:00-04:00,30.849006315571593,30.849006315571593,30.80010062201135,30.824552536010742,700,0.0,0.0,0.0
2024-10-25 00:00:00-04:00,31.18155569353058,31.18155569353058,31.00550079345703,31.00550079345703,400,0.0,0.0,0.0
2024-10-28 00:00:00-04:00,31.41629692845981,31.419233322143555,31.41629692845981,31.419233322143555,400,0.0,0.0,0.0
2024-10-29 00:00:00-04:00,31.406518719162573,31.484764099121094,31.406518719162573,31.484764099121094,400,0.0,0.0,0.0
2024-10-30 00:00:00-04:00,31.08374786376953,31.08374786376953,31.08374786376953,31.08374786376953,100,0.0,0.0,0.0
2024-10-31 00:00:00-04:00,30.854873657226562,30.854873657226562,30.854873657226562,30.854873657226562,400,0.0,0.0,0.0
2024-11-01 00:00:00-04:00,30.74141711495221,30.7697811126709,30.74141711495221,30.7697811126709,400,0.0,0.0,0.0
2024-11-04 00:00:00-05:00,30.86856613470352,30.86856613470352,30.77564811706543,30.77564811706543,1300,0.0,0.0,0.0
2024-11-05 00:00:00-05:00,31.235349655151367,31.235349655151367,31.235349655151367,31.235349655151367,300,0.0,0.0,0.0
2024-11-06 00:00:00-05:00,31.743959833382434,31.768409880983945,31.690164505087207,31.76449966430664,500,0.0,0.0,0.0
2024-11-07 00:00:00-05:00,31.758631157620208,32.030540466308594,31.758631157620208,32.030540466308594,900,0.0,0.0,0.0
2024-11-08 00:00:00-05:00,32.16942871875097,32.23789482500729,32.110745616887236,32.174320220947266,1200,0.0,0.0,0.0
2024-11-11 00:00:00-05:00,32.28680061303222,32.351356506347656,32.28680061303222,32.351356506347656,1800,0.0,0.0,0.0
2024-11-12 00:00:00-05:00,32.31418529657752,32.38265513438158,32.30538357746795,32.34548568725586,400,0.0,0.0,0.0
2024-11-13 00:00:00-05:00,32.257456700891865,32.257456700891865,32.22420120239258,32.22420120239258,400,0.0,0.0,0.0
2024-11-14 00:00:00-05:00,32.3552646992232,32.3552646992232,32.06183429980024,32.20854949951172,800,0.0,0.0,0.0
2024-11-15 00:00:00-05:00,32.041297912597656,32.041297912597656,32.041297912597656,32.041297912597656,100,0.0,0.0,0.0
2024-11-18 00:00:00-05:00,32.14986498301664,32.24767636689181,32.14986498301664,32.22909164428711,600,0.0,0.0,0.0
2024-11-19 00:00:00-05:00,32.22811351396909,32.32102966308594,32.22811351396909,32.32102966308594,500,0.0,0.0,0.0
2024-11-20 00:00:00-05:00,32.2760437921493,32.423736572265625,32.2760437921493,32.423736572265625,700,0.0,0.0,0.0
2024-11-21 00:00:00-05:00,32.46383430599523,32.588050842285156,32.46285302073017,32.588050842285156,1700,0.0,0.0,0.0
2024-11-22 00:00:00-05:00,32.5215390358753,32.54697036743164,32.5215390358753,32.54697036743164,500,0.0,0.0,0.0
2024-11-25 00:00:00-05:00,32.66825489512808,32.87071680416404,32.66825489512808,32.70248794555664,800,0.0,0.0,0.0
2024-11-26 00:00:00-05:00,32.811058044433594,32.811058044433594,32.811058044433594,32.811058044433594,100,0.0,0.0,0.0
2024-11-27 00:00:00-05:00,32.78660583496094,32.78660583496094,32.78660583496094,32.78660583496094,100,0.0,0.0,0.0
2024-11-29 00:00:00-05:00,33.05851364135742,33.05851364135742,33.05851364135742,33.05851364135742,100,0.0,0.0,0.0
2024-12-02 00:00:00-05:00,32.995916084273695,33.07807540893555,32.995916084273695,33.07807540893555,700,0.0,0.0,0.0
2024-12-03 00:00:00-05:00,32.854095063528796,32.976356506347656,32.854095063528796,32.976356506347656,1000,0.0,0.0,0.0
2024-12-04 00:00:00-05:00,32.96168122139916,33.32748794555664,32.93233594197301,33.32748794555664,1200,0.0,0.0,0.0
2024-12-05 00:00:00-05:00,33.28445320662214,33.34314004098232,33.22087860107422,33.22087860107422,900,0.0,0.0,0.0
2024-12-06 00:00:00-05:00,33.39008835827128,33.39008835827128,33.27075958251953,33.27075958251953,500,0.0,0.0,0.0
2024-12-09 00:00:00-05:00,33.617003602971,33.617003602971,33.314775181971825,33.396934509277344,700,0.0,0.0,0.0
2024-12-10 00:00:00-05:00,33.22088013541053,33.22088013541053,33.162193298339844,33.162193298339844,800,0.0,0.0,0.0
2024-12-11 00:00:00-05:00,33.08883871404385,33.10937854691443,33.010589599609375,33.010589599609375,3500,0.0,0.0,0.0
2024-12-12 00:00:00-05:00,33.211097717285156,33.211097717285156,33.211097717285156,33.211097717285156,200,0.0,0.0,0.0
2024-12-13 00:00:00-05:00,33.15730432747966,33.15730432747966,32.68781711014401,32.77878189086914,1600,0.0,0.0,0.0
2024-12-16 00:00:00-05:00,32.59587742038165,32.59587742038165,32.498069763183594,32.498069763183594,800,0.0,0.0,0.0
2024-12-17 00:00:00-05:00,32.37482907117596,32.4912251902462,32.347442626953125,32.347442626953125,1300,0.0,0.0,0.0
2024-12-18 00:00:00-05:00,32.355266955880495,32.394387778225905,31.368370056152344,31.368370056152344,400,0.0,0.0,0.0
2024-12-19 00:00:00-05:00,31.474983951308804,31.51801872253418,31.474983951308804,31.51801872253418,300,0.0,0.0,0.0
2024-12-20 00:00:00-05:00,31.20111755841726,31.487699508666992,31.20111755841726,31.487699508666992,300,0.0,0.0,0.0
2024-12-23 00:00:00-05:00,31.167196633490146,31.365651365602968,31.15826543242928,31.320999145507812,1400,0.46,0.0,0.0
2024-12-24 00:00:00-05:00,31.604787039530017,31.65340805053711,31.604787039530017,31.65340805053711,200,0.0,0.0,0.0
2024-12-26 00:00:00-05:00,31.61371906844593,31.717906951904297,31.61371906844593,31.717906951904297,300,0.0,0.0,0.0
2024-12-27 00:00:00-05:00,31.410303709978447,31.484722815361764,31.395418374818107,31.397403717041016,2300,0.0,0.0,0.0
2024-12-30 00:00:00-05:00,31.19696477587249,31.220779418945312,30.958820237748828,31.220779418945312,2700,0.0,0.0,0.0
2024-12-31 00:00:00-05:00,31.26741600036621,31.26741600036621,31.20688861243466,31.26741600036621,400,0.0,0.0,0.0
2025-01-02 00:00:00-05:00,31.25947775117924,31.25947775117924,31.087814731783503,31.09178352355957,1200,0.0,0.0,0.0
2025-01-03 00:00:00-05:00,31.279323481125836,31.316036224365234,31.279323481125836,31.316036224365234,800,0.0,0.0,0.0
2025-01-06 00:00:00-05:00,31.196964553283888,31.196964553283888,31.162235260009766,31.162235260009766,500,0.0,0.0,0.0
2025-01-07 00:00:00-05:00,31.405340781351025,31.405340781351025,30.809978485107422,30.809978485107422,1000,0.0,0.0,0.0
2025-01-08 00:00:00-05:00,30.70083109245898,30.819902420043945,30.70083109245898,30.819902420043945,800,0.0,0.0,0.0
2025-01-10 00:00:00-05:00,30.214618947208887,30.214618947208887,30.104476928710938,30.104476928710938,300,0.0,0.0,0.0
2025-01-13 00:00:00-05:00,30.15508156525565,30.35055923461914,30.15508156525565,30.35055923461914,400,0.0,0.0,0.0
2025-01-14 00:00:00-05:00,30.621448131099505,30.692890167236328,30.621448131099505,30.692890167236328,200,0.0,0.0,0.0
2025-01-15 00:00:00-05:00,31.008434489538896,31.008434489538896,30.991565704345703,30.991565704345703,300,0.0,0.0,0.0
2025-01-16 00:00:00-05:00,31.157273720897727,31.157273720897727,31.095752716064453,31.095752716064453,600,0.0,0.0,0.0
2025-01-17 00:00:00-05:00,31.454955722152544,31.454955722152544,31.395418167114258,31.395418167114258,300,0.0,0.0,0.0
2025-01-21 00:00:00-05:00,31.822094613138884,31.960020065307617,31.822094613138884,31.960020065307617,400,0.0,0.0,0.0
2025-01-22 00:00:00-05:00,31.83499524439529,31.83499524439529,31.74073028564453,31.74073028564453,600,0.0,0.0,0.0
2025-01-23 00:00:00-05:00,31.712943295178622,31.722866220727845,31.36565036397845,31.592880249023438,500,0.0,0.0,0.0
2025-01-24 00:00:00-05:00,31.90147881978984,31.967958450317383,31.90147881978984,31.967958450317383,200,0.0,0.0,0.0
2025-01-27 00:00:00-05:00,31.474799641295494,31.864761352539062,31.474799641295494,31.864761352539062,1200,0.0,0.0,0.0
2025-01-28 00:00:00-05:00,31.921319934886718,32.12771224975586,31.921319934886718,32.12771224975586,400,0.0,0.0,0.0
2025-01-29 00:00:00-05:00,32.002685546875,32.002685546875,32.002685546875,32.002685546875,200,0.0,0.0,0.0
2025-01-30 00:00:00-05:00,32.25869275286707,32.48691816063445,32.25869275286707,32.39959716796875,300,0.0,0.0,0.0
2025-01-31 00:00:00-05:00,32.28846206606673,32.28846206606673,31.972919464111328,31.972919464111328,500,0.0,0.0,0.0
2025-02-03 00:00:00-05:00,31.732788722710513,32.03940200805664,31.732788722710513,32.03940200805664,600,0.0,0.0,0.0
2025-02-04 00:00:00-05:00,32.210072782825684,32.210072782825684,32.18427658081055,32.18427658081055,400,0.0,0.0,0.0
2025-02-05 00:00:00-05:00,32.893747979180056,32.893747979180056,32.505767822265625,32.505767822265625,600,0.0,0.0,0.0
2025-02-06 00:00:00-05:00,32.9731272547567,32.9731272547567,32.91557693481445,32.91557693481445,300,0.0,0.0,0.0
2025-02-07 00:00:00-05:00,33.241039052525494,33.241039052525494,32.93839645385742,32.93839645385742,300,0.0,0.0,0.0
2025-02-10 00:00:00-05:00,33.588332591440206,33.588332591440206,33.022739085094486,33.16959762573242,900,0.0,0.0,0.0
2025-02-11 00:00:00-05:00,32.99297178682669,33.151734807926374,32.99297178682669,33.12792205810547,1200,0.0,0.0,0.0
2025-02-12 00:00:00-05:00,33.38988161663103,33.41964850055214,33.38988161663103,33.394840240478516,600,0.0,0.0,0.0
2025-02-13 00:00:00-05:00,33.409724682373174,33.89296340942383,33.409724682373174,33.89296340942383,900,0.0,0.0,0.0
2025-02-14 00:00:00-05:00,34.1440068659718,34.23926544189453,34.1440068659718,34.23926544189453,300,0.0,0.0,0.0
2025-02-18 00:00:00-05:00,34.42085020826129,34.42085020826129,34.246212005615234,34.246212005615234,700,0.0,0.0,0.0
2025-02-19 00:00:00-05:00,33.77686563071709,33.839378356933594,33.67763637744638,33.839378356933594,1000,0.0,0.0,0.0
2025-02-20 00:00:00-05:00,34.26307907041132,34.26307907041132,33.638943472030576,33.796714782714844,1500,0.0,0.0,0.0
2025-02-21 00:00:00-05:00,33.94059331183475,33.94059331183475,33.33530807495117,33.33530807495117,500,0.0,0.0,0.0
2025-02-24 00:00:00-05:00,32.98305168606067,33.156698153856375,32.98305168606067,32.98701858520508,1000,0.0,0.0,0.0
2025-02-25 00:00:00-05:00,32.986027179377615,33.022739922863956,32.98305200499054,32.98999786376953,800,0.0,0.0,0.0
2025-02-26 00:00:00-05:00,33.362098693847656,33.362098693847656,33.362098693847656,33.362098693847656,400,0.0,0.0,0.0
2025-02-27 00:00:00-05:00,33.22119462385162,33.22119462385162,32.95228958129883,32.95228958129883,400,0.0,0.0,0.0
2025-02-28 00:00:00-05:00,32.83421160324434,33.0435791015625,32.83421160324434,33.0435791015625,700,0.0,0.0,0.0
2025-03-03 00:00:00-05:00,33.00289454290347,33.08227795020291,32.61888885498047,32.61888885498047,1100,0.0,0.0,0.0
2025-03-04 00:00:00-05:00,32.46607971191406,32.46607971191406,32.46607971191406,32.46607971191406,400,0.0,0.0,0.0
2025-03-05 00:00:00-05:00,32.8669548034668,32.8669548034668,32.8669548034668,32.8669548034668,100,0.0,0.0,0.0
2025-03-06 00:00:00-05:00,32.447224693840184,32.50675846201611,32.231903076171875,32.231903076171875,400,0.0,0.0,0.0
2025-03-07 00:00:00-05:00,32.25869364915286,32.37082290649414,32.25869364915286,32.37082290649414,400,0.0,0.0,0.0
2025-03-10 00:00:00-04:00,31.515483856201172,31.515483856201172,31.515483856201172,31.515483856201172,300,0.0,0.0,0.0
2025-03-11 00:00:00-04:00,31.355728398226876,31.82407800729649,31.355728398226876,31.809194564819336,2300,0.0,0.0,0.0
2025-03-12 00:00:00-04:00,31.851860513516858,31.851860513516858,31.63852423801726,31.762556076049805,800,0.0,0.0,0.0
2025-03-13 00:00:00-04:00,31.52441474397042,31.52441474397042,31.155290603637695,31.155290603637695,400,0.0,0.0,0.0
2025-03-14 00:00:00-04:00,31.653408425729605,31.826065063476562,31.653408425729605,31.826065063476562,400,0.0,0.0,0.0
2025-03-17 00:00:00-04:00,31.92330538436795,32.1098518371582,31.92330538436795,32.1098518371582,300,0.0,0.0,0.0
2025-03-18 00:00:00-04:00,31.394426345825195,31.394426345825195,31.394426345825195,31.394426345825195,200,0.0,0.0,0.0
2025-03-19 00:00:00-04:00,31.46190226959779,31.62761116027832,31.40633350515822,31.62761116027832,800,0.0,0.0,0.0
2025-03-20 00:00:00-04:00,31.578989028930664,31.578989028930664,31.578989028930664,31.578989028930664,200,0.0,0.0,0.0
2025-03-21 00:00:00-04:00,31.26642318460361,31.294206619262695,31.26642318460361,31.294206619262695,200,0.0,0.0,0.0
2025-03-24 00:00:00-04:00,31.86972427368164,31.86972427368164,31.86972427368164,31.86972427368164,200,0.0,0.0,0.0
2025-03-25 00:00:00-04:00,31.71889877319336,31.71889877319336,31.71889877319336,31.71889877319336,200,0.0,0.0,0.0
2025-03-26 00:00:00-04:00,31.703023287833343,31.703023287833343,31.63852521597913,31.67821502685547,600,0.0,0.0,0.0
2025-03-27 00:00:00-04:00,31.795303344726562,31.795303344726562,31.795303344726562,31.795303344726562,100,0.0,0.0,0.0
2025-03-28 00:00:00-04:00,31.285276412963867,31.285276412963867,31.285276412963867,31.285276412963867,100,0.0,0.0,0.0
2025-03-31 00:00:00-04:00,31.26146125793457,31.26146125793457,31.26146125793457,31.26146125793457,100,0.0,0.0,0.0
2025-04-01 00:00:00-04:00,31.3775577545166,31.3775577545166,31.3775577545166,31.3775577545166,100,0.0,0.0,0.0
2025-04-02 00:00:00-04:00,31.59982681274414,31.59982681274414,31.59982681274414,31.59982681274414,100,0.0,0.0,0.0
2025-04-03 00:00:00-04:00,30.64228630065918,30.64228630065918,30.64228630065918,30.64228630065918,300,0.0,0.0,0.0
2025-04-04 00:00:00-04:00,29.926860081486076,29.926860081486076,29.192580581398968,29.224332809448242,1600,0.0,0.0,0.0
2025-04-07 00:00:00-04:00,29.125104904174805,29.125104904174805,29.125104904174805,29.125104904174805,600,0.0,0.0,0.0
2025-04-08 00:00:00-04:00,29.321573551657874,29.321573551657874,28.742088317871094,28.742088317871094,2300,0.0,0.0,0.0
2025-04-09 00:00:00-04:00,28.62698595631153,30.3217830657959,28.62698595631153,30.3217830657959,1100,0.0,0.0,0.0
2025-04-10 00:00:00-04:00,29.787941572852937,29.787941572852937,29.775041580200195,29.775041580200195,700,0.0,0.0,0.0
2025-04-11 00:00:00-04:00,30.085622787475586,30.085622787475586,30.085622787475586,30.085622787475586,100,0.0,0.0,0.0
2025-04-14 00:00:00-04:00,30.303922584999263,30.39719581604004,30.303922584999263,30.39719581604004,500,0.0,0.0,0.0
2025-04-15 00:00:00-04:00,30.43291718036264,30.53214454650879,30.43291718036264,30.53214454650879,500,0.0,0.0,0.0
2025-04-16 00:00:00-04:00,30.387273346689238,30.542067584218934,30.270185470581055,30.270185470581055,200,0.0,0.0,0.0
2025-04-17 00:00:00-04:00,30.43490219116211,30.43490219116211,30.43490219116211,30.43490219116211,100,0.0,0.0,0.0
2025-04-21 00:00:00-04:00,30.502375811598245,30.502375811598245,29.77801925514479,30.062801361083984,800,0.0,0.0,0.0
2025-04-22 00:00:00-04:00,30.184849833741055,30.608549118041992,30.184849833741055,30.608549118041992,400,0.0,0.0,0.0
2025-04-23 00:00:00-04:00,31.05010939720162,31.05010939720162,30.857608795166016,30.857608795166016,400,0.0,0.0,0.0
2025-04-24 00:00:00-04:00,30.737543984826356,30.97171974182129,30.737543984826356,30.97171974182129,700,0.0,0.0,0.0
2025-04-25 00:00:00-04:00,31.053085327148438,31.053085327148438,31.053085327148438,31.053085327148438,200,0.0,0.0,0.0
2025-04-28 00:00:00-04:00,31.0382022027151,31.112621307373047,30.72067425465229,31.112621307373047,2800,0.0,0.0,0.0
2025-04-29 00:00:00-04:00,31.172159428109108,31.287261962890625,31.172159428109108,31.287261962890625,700,0.0,0.0,0.0
2025-04-30 00:00:00-04:00,31.26642437268178,31.26642437268178,31.206888709379268,31.249555587768555,500,0.0,0.0,0.0
2025-05-01 00:00:00-04:00,31.26642432945,31.44503321171519,31.26642432945,31.418241500854492,600,0.0,0.0,0.0
2025-05-02 00:00:00-04:00,31.7476749420166,31.7476749420166,31.7476749420166,31.7476749420166,200,0.0,0.0,0.0
2025-05-05 00:00:00-04:00,31.833010506798427,31.833010506798427,31.78438949584961,31.78438949584961,400,0.0,0.0,0.0
2025-05-06 00:00:00-04:00,31.81217281932188,31.81217281932188,31.689130812597867,31.764543533325195,600,0.0,0.0,0.0
2025-05-07 00:00:00-04:00,32.20907974243164,32.20907974243164,32.20907974243164,32.20907974243164,100,0.0,0.0,0.0
2025-05-08 00:00:00-04:00,32.10985533306071,32.10985533306071,32.106876373291016,32.106876373291016,600,0.0,0.0,0.0
2025-05-09 00:00:00-04:00,31.90147853098908,31.964982986450195,31.90147853098908,31.964982986450195,400,0.0,0.0,0.0
2025-05-12 00:00:00-04:00,32.596064591100244,32.596064591100244,32.17335891723633,32.17335891723633,600,0.0,0.0,0.0
2025-05-13 00:00:00-04:00,32.59408063465142,32.59606408427362,32.50675964355469,32.50675964355469,500,0.0,0.0,0.0
2025-05-14 00:00:00-04:00,32.70025634765625,32.70025634765625,32.70025634765625,32.70025634765625,100,0.0,0.0,0.0
2025-05-15 00:00:00-04:00,32.74490442756855,32.91358848196176,32.70521272587285,32.865962982177734,1500,0.0,0.0,0.0
2025-05-16 00:00:00-04:00,32.973126481885735,32.98305130004883,32.973126481885735,32.98305130004883,300,0.0,0.0,0.0
2025-05-19 00:00:00-04:00,32.794519875852814,32.93046188354492,32.794519875852814,32.93046188354492,600,0.0,0.0,0.0
2025-05-20 00:00:00-04:00,32.99297332847709,32.99297332847709,32.95526885986328,32.95526885986328,400,0.0,0.0,0.0
2025-05-21 00:00:00-04:00,32.546452009686746,32.62583541870117,32.546452009686746,32.62583541870117,400,0.0,0.0,0.0
2025-05-22 00:00:00-04:00,32.54545974731445,32.54545974731445,32.54545974731445,32.54545974731445,100,0.0,0.0,0.0
2025-05-23 00:00:00-04:00,32.38768662478285,32.630791673118324,32.38768662478285,32.52759552001953,1900,0.0,0.0,0.0
2025-05-27 00:00:00-04:00,32.73498639118618,33.031674885882616,32.73498639118618,32.93343734741211,1400,0.0,0.0,0.0
2025-05-28 00:00:00-04:00,32.863976838757985,32.863976838757985,32.83917236328125,32.83917236328125,400,0.0,0.0,0.0
2025-05-29 00:00:00-04:00,32.86397824913382,33.05251195393554,32.82429032962599,32.853065490722656,800,0.0,0.0,0.0
2025-05-30 00:00:00-04:00,32.8937471805647,33.099143981933594,32.8937471805647,33.099143981933594,600,0.0,0.0,0.0
2025-06-02 00:00:00-04:00,32.99297332763672,32.99297332763672,32.99297332763672,32.99297332763672,500,0.0,0.0,0.0
2025-06-03 00:00:00-04:00,33.27080667225077,33.27080667225077,33.246002197265625,33.246002197265625,300,0.0,0.0,0.0
2025-06-04 00:00:00-04:00,33.1735655199926,33.1735655199926,33.141815185546875,33.141815185546875,800,0.0,0.0,0.0
2025-06-05 00:00:00-04:00,33.3601124261354,33.538721307996724,33.296607971191406,33.296607971191406,400,0.0,0.0,0.0
2025-06-06 00:00:00-04:00,33.538721221501696,33.67168426513672,33.538721221501696,33.67168426513672,200,0.0,0.0,0.0
2025-06-09 00:00:00-04:00,33.876092578225716,33.89097602056407,33.77885055541992,33.77885055541992,900,0.0,0.0,0.0
2025-06-10 00:00:00-04:00,34.005087172402334,34.005087172402334,33.657790464412,33.72625732421875,1800,0.0,0.0,0.0
2025-06-11 00:00:00-04:00,34.00806427001953,34.00806427001953,34.00806427001953,34.00806427001953,200,0.0,0.0,0.0
2025-06-12 00:00:00-04:00,33.88601905366303,34.104315860649166,33.88601905366303,33.945552825927734,900,0.0,0.0,0.0
2025-06-13 00:00:00-04:00,33.58833391911445,33.58833391911445,33.25790786743164,33.25790786743164,400,0.0,0.0,0.0
2025-06-16 00:00:00-04:00,33.781824124847745,33.781824124847745,33.39980191054609,33.500022888183594,700,0.0,0.0,0.0
2025-06-17 00:00:00-04:00,33.40178594087691,33.40178594087691,33.24302291870117,33.24302291870117,2800,0.0,0.0,0.0
2025-06-18 00:00:00-04:00,33.33530807495117,33.33530807495117,33.33530807495117,33.33530807495117,100,0.0,0.0,0.0
2025-06-20 00:00:00-04:00,33.205318450927734,33.205318450927734,33.205318450927734,33.205318450927734,200,0.0,0.0,0.0
2025-06-23 00:00:00-04:00,33.20135094727504,33.42461395263672,33.20135094727504,33.42461395263672,600,0.0,0.0,0.0
2025-06-24 00:00:00-04:00,33.5883330627852,33.6379495836805,33.5883330627852,33.62504959106445,400,0.0,0.0,0.0
2025-06-25 00:00:00-04:00,33.71733136835482,33.71733136835482,33.53376007080078,33.53376007080078,6100,0.0,0.0,0.0
2025-06-26 00:00:00-04:00,33.60818010062912,33.63695526123047,33.60818010062912,33.63695526123047,500,0.0,0.0,0.0
2025-06-27 00:00:00-04:00,33.221196124449705,33.86914825439453,33.221196124449705,33.86914825439453,1000,0.0,0.0,0.0
2025-06-30 00:00:00-04:00,33.930667877197266,33.930667877197266,33.930667877197266,33.930667877197266,300,0.0,0.0,0.0
2025-07-01 00:00:00-04:00,33.955474758767565,34.02989196777344,33.955474758767565,34.02989196777344,200,0.0,0.0,0.0
2025-07-02 00:00:00-04:00,34.16385358910669,34.17278289794922,34.16385358910669,34.17278289794922,700,0.0,0.0,0.0
2025-07-03 00:00:00-04:00,34.350399017333984,34.350399017333984,34.350399017333984,34.350399017333984,100,0.0,0.0,0.0
2025-07-07 00:00:00-04:00,34.610375342714015,34.610375342714015,34.27300342364019,34.31864547729492,1100,0.0,0.0,0.0
2025-07-08 00:00:00-04:00,34.4555778503418,34.4555778503418,34.4555778503418,34.4555778503418,900,0.0,0.0,0.0
2025-07-09 00:00:00-04:00,34.451611752317625,34.46351623535156,34.4416869337119,34.46351623535156,300,0.0,0.0,0.0
2025-07-10 00:00:00-04:00,34.64708709716797,34.64708709716797,34.64708709716797,34.64708709716797,100,0.0,0.0,0.0
2025-07-11 00:00:00-04:00,34.37222931595181,34.37222931595181,34.32261657714844,34.32261657714844,800,0.0,0.0,0.0
2025-07-14 00:00:00-04:00,34.50122480893891,34.50122480893891,34.466495513916016,34.466495513916016,500,0.0,0.0,0.0
2025-07-15 00:00:00-04:00,34.76913833618164,34.76913833618164,34.76913833618164,34.76913833618164,300,0.0,0.0,0.0
2025-07-16 00:00:00-04:00,34.78898194067578,34.97254943847656,34.78898194067578,34.97254943847656,400,0.0,0.0,0.0
2025-07-17 00:00:00-04:00,35.54806900024414,35.54806900024414,35.54806900024414,35.54806900024414,100,0.0,0.0,0.0
2025-07-18 00:00:00-04:00,35.553032474544274,35.553032474544274,35.48357009887695,35.48357009887695,1900,0.0,0.0,0.0
2025-07-21 00:00:00-04:00,35.47364729901319,35.71179372958947,35.47364729901319,35.578826904296875,1900,0.0,0.0,0.0
2025-07-22 00:00:00-04:00,35.6820238913286,35.6820238913286,35.443881240413184,35.66217803955078,4200,0.0,0.0,0.0
2025-07-23 00:00:00-04:00,35.553033228494655,35.64134216308594,35.553033228494655,35.64134216308594,7400,0.0,0.0,0.0
2025-07-24 00:00:00-04:00,35.55303171617953,35.55303171617953,35.250389099121094,35.250389099121094,800,0.0,0.0,0.0
2025-07-25 00:00:00-04:00,35.17596672373099,35.31190872192383,35.17596672373099,35.31190872192383,800,0.0,0.0,0.0
2025-07-28 00:00:00-04:00,35.03903579711914,35.03903579711914,35.03903579711914,35.03903579711914,200,0.0,0.0,0.0
2025-07-29 00:00:00-04:00,35.06681823730469,35.06681823730469,35.06681823730469,35.06681823730469,300,0.0,0.0,0.0
2025-07-30 00:00:00-04:00,35.44388071421045,35.44388071421045,35.28114700317383,35.28114700317383,300,0.0,0.0,0.0
2025-07-31 00:00:00-04:00,35.28511660039306,35.28511660039306,35.08269119262695,35.08269119262695,2400,0.0,0.0,0.0
2025-08-01 00:00:00-04:00,34.719523775040756,34.75127410888672,34.719523775040756,34.75127410888672,400,0.0,0.0,0.0
2025-08-04 00:00:00-04:00,35.18589026944877,35.18589026944877,35.11146926879883,35.11146926879883,500,0.0,0.0,0.0
2025-08-05 00:00:00-04:00,35.30496345265636,35.30496345265636,35.01720428466797,35.01720428466797,200,0.0,0.0,0.0
2025-08-06 00:00:00-04:00,34.72944483753209,34.78898239135742,34.72944483753209,34.78898239135742,200,0.0,0.0,0.0
2025-08-07 00:00:00-04:00,34.41192065560762,34.4694709777832,34.41192065560762,34.4694709777832,500,0.0,0.0,0.0
2025-08-08 00:00:00-04:00,34.69968032836914,34.69968032836914,34.69968032836914,34.69968032836914,100,0.0,0.0,0.0
2025-08-11 00:00:00-04:00,34.88820884413059,35.17497629309207,34.88820884413059,35.06185531616211,500,0.0,0.0,0.0
2025-08-12 00:00:00-04:00,35.29504057061941,35.37442398071289,35.29504057061941,35.37442398071289,800,0.0,0.0,0.0
2025-08-13 00:00:00-04:00,35.71179536568577,35.71179536568577,35.63241195678711,35.63241195678711,900,0.0,0.0,0.0
2025-08-14 00:00:00-04:00,35.48356944798948,35.62744903564453,35.304964350951686,35.62744903564453,600,0.0,0.0,0.0
2025-08-15 00:00:00-04:00,35.43395610270997,35.43395610270997,34.95766701996064,34.98247528076172,1000,0.0,0.0,0.0
2025-08-18 00:00:00-04:00,35.17596630973497,35.30793762207031,35.17596630973497,35.30793762207031,300,0.0,0.0,0.0
2025-08-19 00:00:00-04:00,35.31488312852867,35.31488312852867,35.12635322495909,35.19184112548828,1000,0.0,0.0,0.0
2025-08-20 00:00:00-04:00,35.20573468237833,35.54806900024414,35.20573468237833,35.54806900024414,400,0.0,0.0,0.0
2025-08-21 00:00:00-04:00,35.384343920932345,35.49845662311311,35.384343920932345,35.43891906738281,800,0.0,0.0,0.0
2025-08-22 00:00:00-04:00,35.721713635851216,35.793155670166016,35.70186778516178,35.793155670166016,1200,0.0,0.0,0.0
2025-08-25 00:00:00-04:00,35.97871313614163,35.97871313614163,35.819950103759766,35.819950103759766,700,0.0,0.0,0.0
2025-08-26 00:00:00-04:00,35.77132697773301,35.77132697773301,35.60264292182027,35.76140594482422,1300,0.0,0.0,0.0
2025-08-27 00:00:00-04:00,35.689960093656595,35.82093968215341,35.45380090149649,35.68599319458008,3300,0.0,0.0,0.0
2025-08-28 00:00:00-04:00,35.40418938648056,35.54310656312604,35.40418938648056,35.47265625,600,0.0,0.0,0.0
2025-08-29 00:00:00-04:00,35.71278762817383,35.71278762817383,35.71278762817383,35.71278762817383,100,0.0,0.0,0.0
2025-09-02 00:00:00-04:00,35.72171520244099,35.72171520244099,34.98743383556546,35.13230514526367,3800,0.0,0.0,0.0
2025-09-03 00:00:00-04:00,35.295040152098736,35.295040152098736,34.937822381332566,35.03208923339844,1700,0.0,0.0,0.0
2025-09-04 00:00:00-04:00,35.13330078125,35.13330078125,35.13330078125,35.13330078125,100,0.0,0.0,0.0
2025-09-05 00:00:00-04:00,34.95766798722781,34.95766798722781,34.91698455810547,34.91698455810547,500,0.0,0.0,0.0
2025-09-08 00:00:00-04:00,34.863401745372485,34.88523483276367,34.72944697254193,34.88523483276367,700,0.0,0.0,0.0
2025-09-09 00:00:00-04:00,34.955684661865234,34.955684661865234,34.955684661865234,34.955684661865234,200,0.0,0.0,0.0
2025-09-10 00:00:00-04:00,34.983467487958016,34.98743438720703,34.983467487958016,34.98743438720703,500,0.0,0.0,0.0
2025-09-11 00:00:00-04:00,35.513338556240605,35.513338556240605,35.46173858642578,35.46173858642578,700,0.0,0.0,0.0
2025-09-12 00:00:00-04:00,35.29503954921068,35.364498138427734,35.2801561065512,35.364498138427734,600,0.0,0.0,0.0
2025-09-15 00:00:00-04:00,35.20573293900991,35.24542464046259,35.192832946777344,35.192832946777344,500,0.0,0.0,0.0
2025-09-16 00:00:00-04:00,35.55302948567438,35.55302948567438,34.93781947160944,35.00331115722656,600,0.0,0.0,0.0
2025-09-17 00:00:00-04:00,35.19581511546848,35.27519474040282,35.14917755126953,35.14917755126953,3100,0.0,0.0,0.0
2025-09-18 00:00:00-04:00,36.24761744914194,36.24761744914194,35.05689662314859,35.13627624511719,1400,0.0,0.0,0.0
2025-09-19 00:00:00-04:00,35.00727844238281,35.00727844238281,35.00727844238281,35.00727844238281,100,0.0,0.0,0.0
2025-09-22 00:00:00-04:00,34.91400909423828,34.91400909423828,34.91400909423828,34.91400909423828,300,0.0,0.0,0.0
2025-09-23 00:00:00-04:00,35.024150432938555,35.024150432938555,35.020179748535156,35.020179748535156,300,0.0,0.0,0.0
2025-09-24 00:00:00-04:00,34.894161224365234,34.894161224365234,34.894161224365234,34.894161224365234,400,0.0,0.0,0.0
2025-09-25 00:00:00-04:00,34.650063584461805,34.65998840332031,34.650063584461805,34.65998840332031,400,0.0,0.0,0.0
2025-09-26 00:00:00-04:00,34.89813043725181,35.255348205566406,34.89813043725181,35.255348205566406,500,0.0,0.0,0.0
2025-09-29 00:00:00-04:00,35.650273295396985,35.734615325927734,35.6324108933651,35.734615325927734,1000,0.0,0.0,0.0
2025-09-30 00:00:00-04:00,35.46670150756836,35.46670150756836,35.46670150756836,35.46670150756836,200,0.0,0.0,0.0
2025-10-01 00:00:00-04:00,35.45281219482422,35.45281219482422,35.45281219482422,35.45281219482422,100,0.0,0.0,0.0
2025-10-02 00:00:00-04:00,35.870559032690316,35.870559032690316,35.75148391723633,35.75148391723633,900,0.0,0.0,0.0
2025-10-03 00:00:00-04:00,35.56295280291401,35.682024129165384,35.43891906738281,35.43891906738281,1500,0.0,0.0,0.0
2025-10-06 00:00:00-04:00,35.290077209472656,35.290077209472656,35.290077209472656,35.290077209472656,200,0.0,0.0,0.0
2025-10-07 00:00:00-04:00,34.853477478027344,34.853477478027344,34.853477478027344,34.853477478027344,300,0.0,0.0,0.0
2025-10-08 00:00:00-04:00,35.086664451972325,35.086664451972325,34.95766830444336,34.95766830444336,400,0.0,0.0,0.0
2025-10-09 00:00:00-04:00,34.36826096309282,34.49626159667969,34.36826096309282,34.49626159667969,200,0.0,0.0,0.0
2025-10-10 00:00:00-04:00,33.560550689697266,33.560550689697266,33.560550689697266,33.560550689697266,100,0.0,0.0,0.0
2025-10-13 00:00:00-04:00,33.44941731055032,33.44941731055032,33.350191834960334,33.37599182128906,2200,0.0,0.0,0.0
2025-10-14 00:00:00-04:00,33.409726577106255,33.409726577106255,33.31050109863281,33.31050109863281,300,0.0,0.0,0.0
2025-10-15 00:00:00-04:00,33.51887597130621,33.51887597130621,33.301570892333984,33.301570892333984,500,0.0,0.0,0.0
2025-10-16 00:00:00-04:00,33.09716033935547,33.09716033935547,33.09716033935547,33.09716033935547,400,0.0,0.0,0.0
2025-10-17 00:00:00-04:00,32.9235132666146,33.0783056037783,32.9235132666146,33.05350112915039,1800,0.0,0.0,0.0
2025-10-20 00:00:00-04:00,33.32042274492917,33.42956924677359,33.16661834716797,33.16661834716797,400,0.0,0.0,0.0
2025-10-21 00:00:00-04:00,33.10212488982123,33.15570831298828,33.10212488982123,33.15570831298828,500,0.0,0.0,0.0
2025-10-22 00:00:00-04:00,32.85405743101989,32.96816635131836,32.85405743101989,32.96816635131836,300,0.0,0.0,0.0
2025-10-23 00:00:00-04:00,33.20134929996834,33.295616149902344,33.13189071113567,33.295616149902344,400,0.0,0.0,0.0
2025-10-24 00:00:00-04:00,33.389882418803005,33.389882418803005,33.327369689941406,33.327369689941406,300,0.0,0.0,0.0
2025-10-27 00:00:00-04:00,33.45934071558519,33.53872033566155,33.399803161621094,33.399803161621094,1000,0.0,0.0,0.0
2025-10-28 00:00:00-04:00,33.330345000056894,33.330345000056894,33.21623229980469,33.21623229980469,200,0.0,0.0,0.0
2025-10-29 00:00:00-04:00,33.04953171376357,33.04953171376357,32.652626037597656,32.652626037597656,1100,0.0,0.0,0.0
2025-10-30 00:00:00-04:00,32.129699040114595,32.129699040114595,32.010623931884766,32.010623931884766,500,0.0,0.0,0.0
2025-10-31 00:00:00-04:00,32.52164488190103,32.524620056152344,32.45714492103295,32.524620056152344,500,0.0,0.0,0.0
2025-11-03 00:00:00-05:00,32.43730163574219,32.43730163574219,32.43730163574219,32.43730163574219,100,0.0,0.0,0.0
2025-11-04 00:00:00-05:00,32.238851338349576,32.35792266878776,32.22892651944095,32.25571823120117,600,0.0,0.0,0.0
2025-11-05 00:00:00-05:00,32.29838443883801,32.62484359741211,32.29838443883801,32.62484359741211,300,0.0,0.0,0.0
2025-11-06 00:00:00-05:00,32.347997825334105,32.347997825334105,32.18030548095703,32.18030548095703,300,0.0,0.0,0.0
2025-11-07 00:00:00-05:00,32.26365280151367,32.26365280151367,32.26365280151367,32.26365280151367,200,0.0,0.0,0.0
2025-11-10 00:00:00-05:00,32.46707113590531,32.82428889229885,32.37776669680692,32.76375961303711,700,0.0,0.0,0.0
2025-11-11 00:00:00-05:00,32.768719231299755,32.86397780725634,32.768719231299755,32.773681640625,1200,0.0,0.0,0.0
2025-11-12 00:00:00-05:00,32.744903981430106,32.78657913208008,32.744903981430106,32.78657913208008,800,0.0,0.0,0.0
2025-11-13 00:00:00-05:00,32.32815514691065,32.32815514691065,32.17435073852539,32.17435073852539,500,0.0,0.0,0.0
2025-11-14 00:00:00-05:00,31.944144718167205,32.05229949951172,31.944144718167205,32.05229949951172,400,0.0,0.0,0.0
2025-11-17 00:00:00-05:00,31.742713474616735,31.890561854406254,31.569067001342773,31.569067001342773,700,0.0,0.0,0.0
2025-11-18 00:00:00-05:00,31.687145233154297,31.687145233154297,31.687145233154297,31.687145233154297,200,0.0,0.0,0.0
2025-11-19 00:00:00-05:00,31.54426055231836,31.54426055231836,31.323976516723633,31.323976516723633,700,0.0,0.0,0.0
2025-11-20 00:00:00-05:00,31.583950846480587,31.583950846480587,30.95286750793457,30.95286750793457,200,0.0,0.0,0.0
2025-11-21 00:00:00-05:00,30.889360837876996,31.320999602631378,30.889360837876996,31.212841033935547,600,0.0,0.0,0.0
2025-11-24 00:00:00-05:00,31.154296875,31.154296875,31.154296875,31.154296875,200,0.0,0.0,0.0
2025-11-25 00:00:00-05:00,31.742713928222656,31.742713928222656,31.742713928222656,31.742713928222656,200,0.0,0.0,0.0
2025-11-26 00:00:00-05:00,32.00367941831231,32.00367941831231,31.8171329498291,31.8171329498291,300,0.0,0.0,0.0
2025-11-28 00:00:00-05:00,31.918344497680664,31.918344497680664,31.918344497680664,31.918344497680664,100,0.0,0.0,0.0
2025-12-01 00:00:00-05:00,32.19022950570335,32.5107307434082,32.19022950570335,32.5107307434082,300,0.0,0.0,0.0
2025-12-02 00:00:00-05:00,32.155494689941406,32.155494689941406,32.155494689941406,32.155494689941406,100,0.0,0.0,0.0
2025-12-03 00:00:00-05:00,32.07413101196289,32.07413101196289,32.07413101196289,32.07413101196289,200,0.0,0.0,0.0
2025-12-04 00:00:00-05:00,32.000702869780646,32.03046975420655,31.829039851520317,31.897506713867188,800,0.0,0.0,0.0
2025-12-05 00:00:00-05:00,31.85186219527459,31.85186219527459,31.609750747680664,31.609750747680664,600,0.0,0.0,0.0
2025-12-08 00:00:00-05:00,31.620665397739504,31.722867940488506,31.620665397739504,31.628602981567383,800,0.0,0.0,0.0
2025-12-09 00:00:00-05:00,31.768510818481445,31.768510818481445,31.768510818481445,31.768510818481445,200,0.0,0.0,0.0
2025-12-10 00:00:00-05:00,31.765535354614258,31.765535354614258,31.765535354614258,31.765535354614258,100,0.0,0.0,0.0
2025-12-11 00:00:00-05:00,31.504568132559008,31.861785888671875,31.504568132559008,31.861785888671875,600,0.0,0.0,0.0
2025-12-12 00:00:00-05:00,31.752635376553563,31.86277739107933,31.752635376553563,31.822093963623047,1000,0.0,0.0,0.0
2025-12-15 00:00:00-05:00,31.901478709664406,31.94811248779297,31.882624582322006,31.94811248779297,800,0.0,0.0,0.0
2025-12-16 00:00:00-05:00,31.693099975585938,31.693099975585938,31.693099975585938,31.693099975585938,100,0.0,0.0,0.0
2025-12-17 00:00:00-05:00,31.74271397437491,31.74271397437491,31.57402801513672,31.57402801513672,200,0.0,0.0,0.0
2025-12-18 00:00:00-05:00,31.886590695353313,31.996732711791992,31.886590695353313,31.996732711791992,200,0.0,0.0,0.0
2025-12-19 00:00:00-05:00,32.248770906908575,32.248770906908575,32.090999603271484,32.090999603271484,600,0.0,0.0,0.0
2025-12-22 00:00:00-05:00,32.2400016784668,32.2400016784668,32.097999572753906,32.097999572753906,500,0.25,0.0,0.0
2025-12-23 00:00:00-05:00,32.27000045776367,32.27000045776367,32.23899841308594,32.23899841308594,300,0.0,0.0,0.0
2025-12-24 00:00:00-05:00,32.19499969482422,32.21699905395508,32.19499969482422,32.21699905395508,300,0.0,0.0,0.0
2025-12-26 00:00:00-05:00,32.040000915527344,32.2599983215332,32.040000915527344,32.2599983215332,400,0.0,0.0,0.0
2025-12-29 00:00:00-05:00,32.2400016784668,32.2400016784668,31.957000732421875,31.957000732421875,600,0.0,0.0,0.0
2025-12-30 00:00:00-05:00,32.05500030517578,32.05500030517578,32.05500030517578,32.05500030517578,100,0.0,0.0,0.0
2025-12-31 00:00:00-05:00,31.84000015258789,31.840999603271484,31.753999710083008,31.753999710083008,700,0.0,0.0,0.0
2026-01-02 00:00:00-05:00,31.950000762939453,31.950000762939453,31.788999557495117,31.788999557495117,500,0.0,0.0,0.0
2026-01-05 00:00:00-05:00,31.770000457763672,31.87700080871582,31.770000457763672,31.87700080871582,300,0.0,0.0,0.0
2026-01-06 00:00:00-05:00,31.613000869750977,31.613000869750977,31.613000869750977,31.613000869750977,200,0.0,0.0,0.0
2026-01-07 00:00:00-05:00,31.31999969482422,31.389999389648438,31.31999969482422,31.354999542236328,700,0.0,0.0,0.0
2026-01-08 00:00:00-05:00,31.594999313354492,31.65999984741211,31.594999313354492,31.65999984741211,400,0.0,0.0,0.0
2026-01-09 00:00:00-05:00,31.75,31.81999969482422,31.704999923706055,31.81999969482422,1000,0.0,0.0,0.0
2026-01-12 00:00:00-05:00,31.65999984741211,32.189998626708984,31.65999984741211,32.14799880981445,1300,0.0,0.0,0.0
2026-01-13 00:00:00-05:00,32.150001525878906,32.20100021362305,32.09000015258789,32.20100021362305,1000,0.0,0.0,0.0
2026-01-14 00:00:00-05:00,32.400001525878906,32.44599914550781,32.400001525878906,32.44599914550781,600,0.0,0.0,0.0
2026-01-15 00:00:00-05:00,32.93000030517578,32.93000030517578,32.63999938964844,32.707000732421875,1500,0.0,0.0,0.0
2026-01-16 00:00:00-05:00,32.57400131225586,32.57400131225586,32.57400131225586,32.57400131225586,100,0.0,0.0,0.0
2026-01-20 00:00:00-05:00,32.11000061035156,32.29999923706055,32.11000061035156,32.28900146484375,900,0.0,0.0,0.0
2026-01-21 00:00:00-05:00,32.31999969482422,32.46500015258789,32.31999969482422,32.46500015258789,300,0.0,0.0,0.0
2026-01-22 00:00:00-05:00,32.84400177001953,32.84400177001953,32.76900100708008,32.76900100708008,900,0.0,0.0,0.0
2026-01-23 00:00:00-05:00,32.861000061035156,32.861000061035156,32.861000061035156,32.861000061035156,100,0.0,0.0,0.0
2026-01-26 00:00:00-05:00,32.95100021362305,32.95100021362305,32.95100021362305,32.95100021362305,100,0.0,0.0,0.0
2026-01-27 00:00:00-05:00,32.95500183105469,32.957000732421875,32.790000915527344,32.957000732421875,900,0.0,0.0,0.0
2026-01-28 00:00:00-05:00,32.970001220703125,32.970001220703125,32.797000885009766,32.797000885009766,300,0.0,0.0,0.0
2026-01-29 00:00:00-05:00,32.51100158691406,32.51599884033203,32.470001220703125,32.51599884033203,400,0.0,0.0,0.0
2026-01-30 00:00:00-05:00,32.39400100708008,32.39400100708008,32.39400100708008,32.39400100708008,200,0.0,0.0,0.0
2026-02-02 00:00:00-05:00,32.400001525878906,32.400001525878906,32.32899856567383,32.32899856567383,700,0.0,0.0,0.0
2026-02-03 00:00:00-05:00,32.27000045776367,32.301998138427734,32.2599983215332,32.301998138427734,500,0.0,0.0,0.0
2026-02-04 00:00:00-05:00,32.29999923706055,32.39099884033203,32.29999923706055,32.39099884033203,700,0.0,0.0,0.0
2026-02-05 00:00:00-05:00,32.52000045776367,32.52000045776367,32.369998931884766,32.369998931884766,500,0.0,0.0,0.0
2026-02-06 00:00:00-05:00,32.92100143432617,33.17300033569336,32.92100143432617,33.17300033569336,1200,0.0,0.0,0.0
2026-02-09 00:00:00-05:00,32.875999450683594,32.875999450683594,32.875999450683594,32.875999450683594,200,0.0,0.0,0.0
2026-02-10 00:00:00-05:00,32.78900146484375,32.78900146484375,32.78900146484375,32.78900146484375,100,0.0,0.0,0.0
2026-02-11 00:00:00-05:00,32.77000045776367,32.790000915527344,32.71099853515625,32.790000915527344,1500,0.0,0.0,0.0
2026-02-12 00:00:00-05:00,32.32099914550781,32.32099914550781,32.32099914550781,32.32099914550781,100,0.0,0.0,0.0
2026-02-13 00:00:00-05:00,32.04999923706055,32.4900016784668,32.04999923706055,32.39099884033203,600,0.0,0.0,0.0
2026-02-17 00:00:00-05:00,32.58000183105469,32.58000183105469,32.2599983215332,32.361000061035156,400,0.0,0.0,0.0
2026-02-18 00:00:00-05:00,32.52199935913086,32.52199935913086,32.52199935913086,32.52199935913086,100,0.0,0.0,0.0
2026-02-19 00:00:00-05:00,32.540000915527344,32.540000915527344,32.540000915527344,32.540000915527344,100,0.0,0.0,0.0
2026-02-20 00:00:00-05:00,32.25,32.64699935913086,32.25,32.64699935913086,300,0.0,0.0,0.0
2026-02-23 00:00:00-05:00,32.5,32.66699981689453,32.5,32.66699981689453,400,0.0,0.0,0.0
2026-02-24 00:00:00-05:00,32.82099914550781,32.82099914550781,32.82099914550781,32.82099914550781,100,0.0,0.0,0.0
2026-02-25 00:00:00-05:00,33.06999969482422,33.06999969482422,33.06999969482422,33.06999969482422,200,0.0,0.0,0.0
2026-02-26 00:00:00-05:00,32.89099884033203,32.89099884033203,32.89099884033203,32.89099884033203,100,0.0,0.0,0.0
2026-02-27 00:00:00-05:00,32.60499954223633,32.60499954223633,32.60499954223633,32.60499954223633,100,0.0,0.0,0.0
2026-03-02 00:00:00-05:00,32.43000030517578,32.446998596191406,32.43000030517578,32.446998596191406,700,0.0,0.0,0.0
2026-03-03 00:00:00-05:00,31.90999984741211,32.159000396728516,31.90999984741211,32.159000396728516,200,0.0,0.0,0.0
2026-03-04 00:00:00-05:00,32.51100158691406,32.51100158691406,32.51100158691406,32.51100158691406,200,0.0,0.0,0.0
2026-03-05 00:00:00-05:00,32.5,32.599998474121094,32.5,32.52000045776367,1000,0.0,0.0,0.0
2026-03-06 00:00:00-05:00,32.4739990234375,32.4739990234375,32.4739990234375,32.4739990234375,200,0.0,0.0,0.0
2026-03-09 00:00:00-04:00,32.060001373291016,32.6870002746582,32.060001373291016,32.6870002746582,200,0.0,0.0,0.0
2026-03-10 00:00:00-04:00,32.77899932861328,32.77899932861328,32.77899932861328,32.77899932861328,100,0.0,0.0,0.0
2026-03-11 00:00:00-04:00,32.486000061035156,32.486000061035156,32.486000061035156,32.486000061035156,100,0.0,0.0,0.0
2026-03-12 00:00:00-04:00,32.250999450683594,32.45000076293945,32.25,32.45000076293945,600,0.0,0.0,0.0
2026-03-13 00:00:00-04:00,32.459999084472656,32.459999084472656,32.459999084472656,32.459999084472656,100,0.0,0.0,0.0
2026-03-16 00:00:00-04:00,32.52199935913086,32.52199935913086,32.52199935913086,32.52199935913086,200,0.0,0.0,0.0
2026-03-17 00:00:00-04:00,32.630001068115234,32.672000885009766,32.630001068115234,32.672000885009766,500,0.0,0.0,0.0
2026-03-18 00:00:00-04:00,31.988000869750977,31.988000869750977,31.988000869750977,31.988000869750977,200,0.0,0.0,0.0
2026-03-19 00:00:00-04:00,31.799999237060547,31.847999572753906,31.639999389648438,31.847999572753906,800,0.0,0.0,0.0
2026-03-20 00:00:00-04:00,31.459999084472656,31.459999084472656,31.079999923706055,31.08099937438965,300,0.0,0.0,0.0
2026-03-23 00:00:00-04:00,31.34000015258789,31.469999313354492,31.34000015258789,31.395000457763672,1000,0.0,0.0,0.0
2026-03-24 00:00:00-04:00,31.510000228881836,31.510000228881836,31.32699966430664,31.32699966430664,500,0.0,0.0,0.0
2026-03-25 00:00:00-04:00,31.559999465942383,31.559999465942383,31.489999771118164,31.514999389648438,400,0.0,0.0,0.0
2026-03-26 00:00:00-04:00,31.389999389648438,31.389999389648438,31.25,31.25,600,0.0,0.0,0.0
2026-03-27 00:00:00-04:00,31.125,31.125,31.125,31.125,100,0.0,0.0,0.0
2026-03-30 00:00:00-04:00,31.540000915527344,31.540000915527344,31.15999984741211,31.15999984741211,700,0.0,0.0,0.0
2026-03-31 00:00:00-04:00,31.729999542236328,31.729999542236328,31.729999542236328,31.729999542236328,100,0.0,0.0,0.0
2026-04-01 00:00:00-04:00,31.702999114990234,31.702999114990234,31.702999114990234,31.702999114990234,100,0.0,0.0,0.0
2026-04-02 00:00:00-04:00,31.469999313354492,31.634000778198242,31.469999313354492,31.634000778198242,300,0.0,0.0,0.0
2026-04-06 00:00:00-04:00,31.700000762939453,31.82200050354004,31.700000762939453,31.82200050354004,200,0.0,0.0,0.0
2026-04-07 00:00:00-04:00,31.610000610351562,31.700000762939453,31.600000381469727,31.676000595092773,1300,0.0,0.0,0.0
2026-04-08 00:00:00-04:00,32.33000183105469,32.33000183105469,32.29499816894531,32.29499816894531,300,0.0,0.0,0.0
2026-04-09 00:00:00-04:00,32.27000045776367,32.58399963378906,32.27000045776367,32.58399963378906,200,0.0,0.0,0.0
2026-04-10 00:00:00-04:00,32.45000076293945,32.45000076293945,32.275001525878906,32.36000061035156,700,0.0,0.0,0.0
2026-04-13 00:00:00-04:00,32.54999923706055,32.59000015258789,32.52000045776367,32.59000015258789,1100,0.0,0.0,0.0
2026-04-14 00:00:00-04:00,32.54499816894531,32.54499816894531,32.54499816894531,32.54499816894531,200,0.0,0.0,0.0
2026-04-15 00:00:00-04:00,32.44599914550781,32.540000915527344,32.44499969482422,32.44499969482422,900,0.0,0.0,0.0
2026-04-16 00:00:00-04:00,32.2400016784668,32.44599914550781,32.2400016784668,32.44599914550781,300,0.0,0.0,0.0
2026-04-17 00:00:00-04:00,32.52000045776367,32.722999572753906,32.52000045776367,32.722999572753906,900,0.0,0.0,0.0
2026-04-20 00:00:00-04:00,32.93000030517578,32.93000030517578,32.89500045776367,32.89500045776367,400,0.0,0.0,0.0
2026-04-21 00:00:00-04:00,32.59000015258789,32.599998474121094,32.55500030517578,32.55500030517578,700,0.0,0.0,0.0
2026-04-22 00:00:00-04:00,33.00699996948242,33.00699996948242,33.00699996948242,33.00699996948242,200,0.0,0.0,0.0
2026-04-23 00:00:00-04:00,33.125,33.130001068115234,33.125,33.130001068115234,400,0.0,0.0,0.0
2026-04-24 00:00:00-04:00,33.130001068115234,33.130001068115234,33.060001373291016,33.060001373291016,300,0.0,0.0,0.0
2026-04-27 00:00:00-04:00,33.06999969482422,33.06999969482422,33.06999969482422,33.06999969482422,100,0.0,0.0,0.0
2026-04-28 00:00:00-04:00,32.88999938964844,32.89799880981445,32.88999938964844,32.89799880981445,200,0.0,0.0,0.0
2026-04-29 00:00:00-04:00,32.95000076293945,32.95000076293945,32.858001708984375,32.858001708984375,500,0.0,0.0,0.0
2026-04-30 00:00:00-04:00,33.38999938964844,33.45399856567383,33.33000183105469,33.45399856567383,500,0.0,0.0,0.0
2026-05-01 00:00:00-04:00,33.279998779296875,33.279998779296875,33.222999572753906,33.222999572753906,600,0.0,0.0,0.0
2026-05-04 00:00:00-04:00,32.9900016784668,32.9900016784668,32.909000396728516,32.909000396728516,500,0.0,0.0,0.0
2026-05-05 00:00:00-04:00,33.02000045776367,33.74800109863281,33.02000045776367,33.74800109863281,800,0.0,0.0,0.0
2026-05-06 00:00:00-04:00,33.7400016784668,33.7400016784668,33.54999923706055,33.54999923706055,800,0.0,0.0,0.0
2026-05-07 00:00:00-04:00,33.29999923706055,33.29999923706055,32.86600112915039,32.86600112915039,600,0.0,0.0,0.0
2026-05-08 00:00:00-04:00,32.88999938964844,33.18000030517578,32.88999938964844,33.0629997253418,600,0.0,0.0,0.0
2026-05-11 00:00:00-04:00,33.220001220703125,33.220001220703125,33.11000061035156,33.11000061035156,200,0.0,0.0,0.0
2026-05-12 00:00:00-04:00,33.119998931884766,33.119998931884766,33.04499816894531,33.04499816894531,200,0.0,0.0,0.0
2026-05-13 00:00:00-04:00,32.724998474121094,32.724998474121094,32.724998474121094,32.724998474121094,300,0.0,0.0,0.0
2026-05-14 00:00:00-04:00,33.20000076293945,33.20000076293945,33.084999084472656,33.084999084472656,600,0.0,0.0,0.0
2026-05-15 00:00:00-04:00,33.0,33.0,32.95000076293945,32.98400115966797,500,0.0,0.0,0.0
2026-05-18 00:00:00-04:00,33.099998474121094,33.17499923706055,33.099998474121094,33.17499923706055,600,0.0,0.0,0.0
2026-05-19 00:00:00-04:00,32.97999954223633,33.130001068115234,32.96099853515625,32.96099853515625,600,0.0,0.0,0.0
2026-05-20 00:00:00-04:00,33.13199996948242,33.13199996948242,33.13199996948242,33.13199996948242,100,0.0,0.0,0.0
2026-05-21 00:00:00-04:00,32.939998626708984,33.00600051879883,32.939998626708984,33.00600051879883,500,0.0,0.0,0.0
2026-05-22 00:00:00-04:00,32.869998931884766,32.93299865722656,32.869998931884766,32.93299865722656,200,0.0,0.0,0.0
2026-05-26 00:00:00-04:00,32.95000076293945,33.2400016784668,32.95000076293945,33.222999572753906,900,0.0,0.0,0.0
2026-05-27 00:00:00-04:00,33.472999572753906,33.472999572753906,33.472999572753906,33.472999572753906,100,0.0,0.0,0.0
2026-05-28 00:00:00-04:00,33.25699996948242,33.25699996948242,33.25699996948242,33.25699996948242,100,0.0,0.0,0.0
2026-05-29 00:00:00-04:00,33.09000015258789,33.09000015258789,33.09000015258789,33.09000015258789,100,0.0,0.0,0.0
2026-06-01 00:00:00-04:00,33.25,33.46900177001953,33.25,33.46900177001953,900,0.0,0.0,0.0
2026-06-02 00:00:00-04:00,33.220001220703125,33.220001220703125,33.183998107910156,33.183998107910156,200,0.0,0.0,0.0
2026-06-03 00:00:00-04:00,32.90399932861328,32.90399932861328,32.90399932861328,32.90399932861328,100,0.0,0.0,0.0
2026-06-04 00:00:00-04:00,32.582000732421875,32.582000732421875,32.582000732421875,32.582000732421875,100,0.0,0.0,0.0
2026-06-05 00:00:00-04:00,32.810001373291016,32.810001373291016,32.650001525878906,32.650001525878906,400,0.0,0.0,0.0
2026-06-08 00:00:00-04:00,32.75299835205078,32.75299835205078,32.75299835205078,32.75299835205078,100,0.0,0.0,0.0
2026-06-09 00:00:00-04:00,33.15999984741211,33.15999984741211,32.81999969482422,32.85100173950195,1600,0.0,0.0,0.0
2026-06-10 00:00:00-04:00,33.560001373291016,33.560001373291016,33.49599838256836,33.49599838256836,500,0.0,0.0,0.0
2026-06-11 00:00:00-04:00,33.599998474121094,33.75699996948242,33.599998474121094,33.75699996948242,500,0.0,0.0,0.0
2026-06-12 00:00:00-04:00,34.0,34.00199890136719,34.0,34.00199890136719,200,0.0,0.0,0.0
2026-06-15 00:00:00-04:00,33.80799865722656,33.80799865722656,33.80799865722656,33.80799865722656,300,0.0,0.0,0.0
2026-06-16 00:00:00-04:00,33.275001525878906,33.275001525878906,33.275001525878906,33.275001525878906,100,0.0,0.0,0.0
2026-06-17 00:00:00-04:00,33.2400016784668,33.34000015258789,32.90299987792969,32.90299987792969,500,0.0,0.0,0.0
2026-06-18 00:00:00-04:00,33.12799835205078,33.12799835205078,33.12799835205078,33.12799835205078,100,0.0,0.0,0.0
2026-06-22 00:00:00-04:00,33.290000915527344,33.310001373291016,33.12799835205078,33.12799835205078,1500,0.0,0.0,0.0
2026-06-23 00:00:00-04:00,33.11000061035156,33.1150016784668,33.06999969482422,33.1150016784668,700,0.0,0.0,0.0
2026-06-24 00:00:00-04:00,33.33000183105469,33.33000183105469,33.207000732421875,33.207000732421875,400,0.0,0.0,0.0
2026-06-25 00:00:00-04:00,33.29999923706055,33.29999923706055,33.20199966430664,33.20199966430664,400,0.0,0.0,0.0
2026-06-26 00:00:00-04:00,33.75,33.77899932861328,33.66999816894531,33.77899932861328,600,0.0,0.0,0.0
2026-06-29 00:00:00-04:00,33.68000030517578,33.89099884033203,33.68000030517578,33.89099884033203,600,0.0,0.0,0.0
2026-06-30 00:00:00-04:00,33.400001525878906,33.400001525878906,33.323001861572266,33.323001861572266,200,0.0,0.0,0.0
2026-07-01 00:00:00-04:00,33.400001525878906,33.52799987792969,33.400001525878906,33.487998962402344,300,0.0,0.0,0.0
2026-07-02 00:00:00-04:00,33.400001525878906,33.529998779296875,33.400001525878906,33.529998779296875,1800,0.0,0.0,0.0
2026-07-06 00:00:00-04:00,33.349998474121094,33.46200180053711,33.310001373291016,33.46200180053711,200,0.0,0.0,0.0
2026-07-07 00:00:00-04:00,33.45000076293945,33.45000076293945,33.2599983215332,33.266998291015625,700,0.0,0.0,0.0
2026-07-08 00:00:00-04:00,33.47999954223633,33.57099914550781,33.47999954223633,33.57099914550781,100,0.0,0.0,0.0
2026-07-09 00:00:00-04:00,33.35499954223633,33.35499954223633,33.35499954223633,33.35499954223633,200,0.0,0.0,0.0
2026-07-10 00:00:00-04:00,33.4900016784668,33.584999084472656,33.4900016784668,33.584999084472656,600,0.0,0.0,0.0
2026-07-13 00:00:00-04:00,33.97999954223633,33.97999954223633,33.72200012207031,33.72200012207031,600,0.0,0.0,0.0
2026-07-14 00:00:00-04:00,33.779998779296875,33.779998779296875,33.42100143432617,33.42100143432617,500,0.0,0.0,0.0
2026-07-15 00:00:00-04:00,33.59000015258789,33.59000015258789,33.22100067138672,33.22100067138672,400,0.0,0.0,0.0
2026-07-16 00:00:00-04:00,33.70500183105469,33.70500183105469,33.70500183105469,33.70500183105469,100,0.0,0.0,0.0
2026-07-17 00:00:00-04:00,33.79100036621094,33.79100036621094,33.79100036621094,33.79100036621094,100,0.0,0.0,0.0
2026-07-20 00:00:00-04:00,34.11000061035156,34.11399841308594,34.11000061035156,34.11399841308594,100,0.0,0.0,0.0
2026-07-21 00:00:00-04:00,33.779998779296875,33.779998779296875,33.715999603271484,33.715999603271484,500,0.0,0.0,0.0
2026-07-22 00:00:00-04:00,33.452999114990234,33.452999114990234,33.452999114990234,33.452999114990234,100,0.0,0.0,0.0
2026-07-23 00:00:00-04:00,32.904998779296875,32.904998779296875,32.810001373291016,32.81999969482422,800,0.0,0.0,0.0
2026-07-24 00:00:00-04:00,33.06100082397461,33.06100082397461,33.06100082397461,33.06100082397461,100,0.0,0.0,0.0
2026-07-27 00:00:00-04:00,33.459999084472656,33.5,33.404998779296875,33.404998779296875,500,0.0,0.0,0.0
2026-07-28 00:00:00-04:00,34.189998626708984,34.189998626708984,33.891998291015625,33.891998291015625,800,0.0,0.0,0.0
2026-07-29 00:00:00-04:00,34.0,34.08000183105469,33.92300033569336,33.92300033569336,900,0.0,0.0,0.0
2026-07-30 00:00:00-04:00,33.31999969482422,33.367000579833984,33.31999969482422,33.367000579833984,400,0.0,0.0,0.0
2026-07-31 00:00:00-04:00,33.209999084472656,33.29999923706055,33.209999084472656,33.27299880981445,400,0.0,0.0,0.0
2026-08-03 00:00:00-04:00,33.56999969482422,33.56999969482422,33.202999114990234,33.202999114990234,1600,0.0,0.0,0.0
2026-08-04 00:00:00-04:00,33.4900016784668,33.4900016784668,33.38999938964844,33.38999938964844,500,0.0,0.0,0.0
2026-08-05 00:00:00-04:00,33.65999984741211,33.7599983215332,33.595001220703125,33.59600067138672,800,0.0,0.0,0.0
2026-08-06 00:00:00-04:00,33.36000061035156,33.479000091552734,33.36000061035156,33.479000091552734,200,0.0,0.0,0.0
2026-08-07 00:00:00-04:00,33.54999923706055,33.59000015258789,33.54100036621094,33.54100036621094,700,0.0,0.0,0.0
2026-08-10 00:00:00-04:00,33.22999954223633,33.22999954223633,32.959999084472656,32.96500015258789,3400,0.0,0.0,0.0
2026-08-12 00:00:00-04:00,32.349998474121094,32.560001373291016,32.349998474121094,32.46900177001953,2500,0.0,0.0,0.0
2026-08-13 00:00:00-04:00,32.459999084472656,32.650001525878906,32.459999084472656,32.57699966430664,1100,0.0,0.0,0.0
2026-08-14 00:00:00-04:00,32.600101470947266,32.707698822021484,32.600101470947266,32.707698822021484,132,0.0,0.0,0.0
