Date,Open,High,Low,Close,Volume,Dividends,Stock Splits
2000-04-04 00:00:00+09:00,649.7096997703857,649.7096997703857,620.7417513729799,637.8860473632812,64000,0.0,0.0
2000-04-05 00:00:00+09:00,620.741534846844,620.741534846844,597.09423828125,597.09423828125,41000,0.0,0.0
2000-04-06 00:00:00+09:00,598.8679731087915,604.1886165026505,597.0944253108386,597.6856079101562,13000,0.0,0.0
2000-04-07 00:00:00+09:00,597.6854408569336,606.5531773681641,591.1824340820312,591.1824340820312,40000,0.0,0.0
2000-04-10 00:00:00+09:00,600.6415422809025,638.4772299836364,591.182620355219,637.8860473632812,35000,0.0,0.0
2000-04-11 00:00:00+09:00,637.8859869879644,656.2126464843749,626.653518264358,656.212646484375,390000,0.0,0.0
2000-04-12 00:00:00+09:00,662.715481561824,662.715481561824,644.3888268531563,649.1182861328125,35000,0.0,0.0
2000-04-13 00:00:00+09:00,650.3009033203125,650.3009033203125,650.3009033203125,650.3009033203125,20000,0.0,0.0
2000-04-14 00:00:00+09:00,638.4772299836364,638.4772299836364,637.294864742926,637.8860473632812,9000,0.0,0.0
2000-04-17 00:00:00+09:00,519.6494908575833,537.9761509447108,519.6494908575833,522.0142211914062,38000,0.0,0.0
2000-04-18 00:00:00+09:00,537.9761140242867,567.5352411684783,537.9761140242867,543.887939453125,66000,0.0,0.0
2000-04-19 00:00:00+09:00,571.0823087804458,603.0061645507812,571.0823087804458,603.0061645507812,13000,0.0,0.0
2000-04-20 00:00:00+09:00,633.1566067782315,650.8920859596946,620.7417713512074,650.3009033203125,102000,0.0,0.0
2000-04-21 00:00:00+09:00,685.7717126916955,685.7717126916955,638.4771118164062,638.4771118164062,28000,0.0,0.0
2000-04-24 00:00:00+09:00,673.9481234163851,673.9481234163851,650.8920034047719,656.212646484375,7000,0.0,0.0
2000-04-25 00:00:00+09:00,677.4382497716832,677.4382497716832,629.3466649938512,641.2211303710938,22000,4.75,0.0
2000-04-26 00:00:00+09:00,641.2211453419811,641.2211453419811,629.3466796875,629.3466796875,6000,0.0,0.0
2000-04-27 00:00:00+09:00,653.0956508091517,653.0956508091517,623.4094848632812,623.4094848632812,23000,0.0,0.0
2000-04-28 00:00:00+09:00,641.8150582129803,647.1585693359376,641.221334754874,647.1585693359375,17000,0.0,0.0
2000-05-01 00:00:00+09:00,635.2841001738103,649.533463168363,635.2841001738103,647.1585693359375,11000,0.0,0.0
2000-05-02 00:00:00+09:00,635.2839965820312,647.1584638078635,635.2839965820312,635.2839965820312,13000,0.0,0.0
2000-05-03 00:00:00+09:00,635.2839965820312,635.2839965820312,635.2839965820312,635.2839965820312,0,0.0,0.0
2000-05-04 00:00:00+09:00,635.2839965820312,635.2839965820312,635.2839965820312,635.2839965820312,0,0.0,0.0
2000-05-05 00:00:00+09:00,635.2839965820312,635.2839965820312,635.2839965820312,635.2839965820312,0,0.0,0.0
2000-05-08 00:00:00+09:00,637.0650674890588,670.9072938141999,637.0650674890588,641.2211303710938,14000,0.0,0.0
2000-05-09 00:00:00+09:00,641.2211303710936,641.2211303710936,641.2211303710936,641.2211303710938,0,0.0,0.0
2000-05-10 00:00:00+09:00,638.252514026783,641.2211303710936,629.3466649938512,641.2211303710938,14000,0.0,0.0
2000-05-11 00:00:00+09:00,623.4093895648118,635.2838541279511,623.4093895648118,624.0031127929688,7000,0.0,0.0
2000-05-12 00:00:00+09:00,632.9090046070239,641.2211303710936,629.3466649938512,641.2211303710938,10000,0.0,0.0
2000-05-15 00:00:00+09:00,641.8149535562391,641.8149535562391,635.2839965820312,635.2839965820312,5000,0.0,0.0
2000-05-16 00:00:00+09:00,647.1585299405184,653.0957641601562,638.2526786110617,653.0957641601562,12000,0.0,0.0
2000-05-17 00:00:00+09:00,653.0956538036615,653.0956538036615,646.5646972656249,646.564697265625,8000,0.0,0.0
2000-05-18 00:00:00+09:00,646.5646397908528,646.5646397908528,641.2211303710936,641.2211303710938,13000,0.0,0.0
2000-05-19 00:00:00+09:00,653.0956538036615,653.0956538036615,646.5646972656249,646.564697265625,9000,0.0,0.0
2000-05-22 00:00:00+09:00,647.7520863285771,647.7520863285771,641.2211303710936,641.2211303710938,4000,0.0,0.0
2000-05-23 00:00:00+09:00,640.6274071022316,641.2211303710936,640.6274071022316,641.2211303710938,6000,0.0,0.0
2000-05-24 00:00:00+09:00,641.2209185431985,641.2209185431985,605.5975341796875,605.5975341796875,20000,0.0,0.0
2000-05-25 00:00:00+09:00,617.4722290039062,617.4722290039062,617.4722290039062,617.4722290039062,1000,0.0,0.0
2000-05-26 00:00:00+09:00,617.4719956341912,617.4719956341912,605.5975341796875,605.5975341796875,13000,0.0,0.0
2000-05-29 00:00:00+09:00,612.1285896720467,612.1285896720467,594.31689453125,594.31689453125,16000,0.0,0.0
2000-05-30 00:00:00+09:00,594.31689453125,594.31689453125,594.31689453125,594.31689453125,0,0.0,0.0
2000-05-31 00:00:00+09:00,594.9105296630859,599.6603143310547,593.7230834960938,593.7230834960938,17000,0.0,0.0
2000-06-01 00:00:00+09:00,595.5045313754928,635.2839965820312,595.5045313754928,635.2839965820312,3000,0.0,0.0
2000-06-02 00:00:00+09:00,635.2839512416294,635.2839512416294,623.4094848632812,623.4094848632812,3000,0.0,0.0
2000-06-05 00:00:00+09:00,623.4095414029302,629.3467751305772,620.4409245391067,628.7530517578125,44000,0.0,0.0
2000-06-06 00:00:00+09:00,628.7530517578125,628.7530517578125,628.7530517578125,628.7530517578125,2000,0.0,0.0
2000-06-07 00:00:00+09:00,623.4094848632812,632.3153346470424,623.4094848632812,623.4094848632812,15000,0.0,0.0
2000-06-08 00:00:00+09:00,611.5350341796875,611.5350341796875,605.5978008381371,611.5350341796875,5000,0.0,0.0
2000-06-09 00:00:00+09:00,614.5036350795201,623.4094848632812,614.5036350795201,623.4094848632812,6000,0.0,0.0
2000-06-12 00:00:00+09:00,617.472156174517,617.472156174517,614.5035400390625,614.5035400390625,10000,0.0,0.0
2000-06-13 00:00:00+09:00,618.0659523010254,618.0659523010254,599.660530090332,617.4722290039062,20000,0.0,0.0
2000-06-14 00:00:00+09:00,640.0338878386611,647.1585693359376,640.0338878386611,647.1585693359375,52000,0.0,0.0
2000-06-15 00:00:00+09:00,647.7523180731412,688.71923828125,647.1585945918642,688.71923828125,38000,0.0,0.0
2000-06-16 00:00:00+09:00,676.8447010387073,676.8447010387073,653.0957641601562,653.0957641601562,8000,0.0,0.0
2000-06-19 00:00:00+09:00,623.4094848632812,623.4094848632812,623.4094848632812,623.4094848632812,3000,0.0,0.0
2000-06-20 00:00:00+09:00,635.2839761999545,652.501953125,635.2839761999545,652.501953125,3000,0.0,0.0
2000-06-21 00:00:00+09:00,670.9072478173689,670.9072478173689,624.0031127929688,624.0031127929688,7000,0.0,0.0
2000-06-22 00:00:00+09:00,742.748046875,742.748046875,730.8735777003398,742.748046875,136000,0.0,0.0
2000-06-23 00:00:00+09:00,712.4678002706079,730.279495277373,700.5933369327644,713.0615234375,114000,0.0,0.0
2000-06-26 00:00:00+09:00,713.0616878078296,715.4365810228431,682.1880760126529,682.7817993164062,42000,0.0,0.0
2000-06-27 00:00:00+09:00,706.5303344726561,706.5303344726561,700.5931047712053,706.5303344726562,7000,0.0,0.0
2000-06-28 00:00:00+09:00,706.5303344726561,706.5303344726561,688.7186453683036,706.5303344726562,13000,0.0,0.0
2000-06-29 00:00:00+09:00,712.4680739182693,718.4053078675882,688.7191381209936,717.8115844726562,18000,0.0,0.0
2000-06-30 00:00:00+09:00,718.998927476671,759.9658358134922,718.4052041674418,748.0913696289062,60000,0.0,0.0
2000-07-03 00:00:00+09:00,748.6851329584231,777.7775766657686,748.0914096174569,774.8089599609375,56000,0.0,0.0
2000-07-04 00:00:00+09:00,774.8087160587311,777.777331829071,742.1539425849915,759.9656372070312,34000,0.0,0.0
2000-07-05 00:00:00+09:00,771.8401247956032,771.8401247956032,754.0284296080124,765.9028930664062,69000,0.0,0.0
2000-07-06 00:00:00+09:00,764.7155797986708,764.7155797986708,742.154095301505,759.3720703125,27000,0.0,0.0
2000-07-07 00:00:00+09:00,759.3720703125,765.9030263511532,759.3720703125,759.3720703125,17000,0.0,0.0
2000-07-10 00:00:00+09:00,771.8401247956032,771.8401247956032,759.9656613372093,765.9028930664062,25000,0.0,0.0
2000-07-11 00:00:00+09:00,771.246601975809,771.246601975809,754.0286254882812,754.0286254882812,20000,0.0,0.0
2000-07-12 00:00:00+09:00,768.2775667630708,771.8399047851561,759.9654447115383,771.8399047851562,47000,0.0,0.0
2000-07-13 00:00:00+09:00,771.8401247956032,771.8401247956032,759.9656613372093,765.9028930664062,28000,0.0,0.0
2000-07-14 00:00:00+09:00,771.8402442609099,771.8402442609099,765.903011612749,771.2465209960938,10000,0.0,0.0
2000-07-17 00:00:00+09:00,759.3721354326864,759.3721354326864,748.09139221672,754.0286254882812,8000,0.0,0.0
2000-07-18 00:00:00+09:00,750.4662670799596,751.0599903925229,727.3110578899925,733.248291015625,16000,0.0,0.0
2000-07-19 00:00:00+09:00,750.4662670799596,751.0599903925229,727.3110578899925,733.248291015625,16000,0.0,0.0
2000-07-20 00:00:00+09:00,733.2482910156251,733.2482910156251,733.2482910156251,733.248291015625,0,0.0,0.0
2000-07-21 00:00:00+09:00,759.9658750000001,759.9658750000001,742.1541748046875,742.1541748046875,13000,0.0,0.0
2000-07-24 00:00:00+09:00,712.4682308148734,718.405466071664,703.5623779296875,703.5623779296875,13000,0.0,0.0
2000-07-25 00:00:00+09:00,707.1244977539063,742.1541748046875,706.5307744140625,742.1541748046875,11000,0.0,0.0
2000-07-26 00:00:00+09:00,706.5305300853291,724.3422241210938,703.5619144127016,724.3422241210938,5000,0.0,0.0
2000-07-27 00:00:00+09:00,718.404793875558,718.404793875558,706.5303344726561,706.5303344726562,9000,0.0,0.0
2000-07-28 00:00:00+09:00,703.5621503625775,703.5621503625775,682.1881103515625,682.1881103515625,13000,0.0,0.0
2000-07-31 00:00:00+09:00,593.7234219637784,653.0957641601562,593.7234219637784,653.0957641601562,7000,0.0,0.0
2000-08-01 00:00:00+09:00,653.0956013113597,683.37548828125,653.0956013113597,683.37548828125,7000,0.0,0.0
2000-08-02 00:00:00+09:00,659.0330610999075,711.8744506835938,659.0330610999075,711.8744506835938,5000,0.0,0.0
2000-08-03 00:00:00+09:00,706.530529576489,706.530529576489,694.6560668945311,694.6560668945312,3000,0.0,0.0
2000-08-04 00:00:00+09:00,694.0625954196878,694.0625954196878,693.4688720703126,693.4688720703125,8000,0.0,0.0
2000-08-07 00:00:00+09:00,693.4688720703126,693.4688720703126,679.8132350346814,693.4688720703125,15000,0.0,0.0
2000-08-08 00:00:00+09:00,654.2830957463358,670.9073486328125,653.0956491115875,670.9073486328125,8000,0.0,0.0
2000-08-09 00:00:00+09:00,682.7817993164062,682.7817993164062,682.7817993164062,682.7817993164062,2000,0.0,0.0
2000-08-10 00:00:00+09:00,670.9073486328125,670.9073486328125,670.9073486328125,670.9073486328125,3000,0.0,0.0
2000-08-11 00:00:00+09:00,688.718957498946,706.530654675643,688.718957498946,704.15576171875,17000,0.0,0.0
2000-08-14 00:00:00+09:00,694.6564730940194,694.6564730940194,688.71923828125,688.71923828125,10000,0.0,0.0
2000-08-15 00:00:00+09:00,653.09553189515,662.0013800573565,653.09553189515,656.0641479492188,28000,0.0,0.0
2000-08-16 00:00:00+09:00,632.3152020382681,641.2210499543002,629.3465860662575,639.4398803710938,18000,0.0,0.0
2000-08-17 00:00:00+09:00,639.4399605645074,641.2211303710936,639.4399605645074,641.2211303710938,4000,0.0,0.0
2000-08-18 00:00:00+09:00,641.2211303710936,641.2211303710936,641.2211303710936,641.2211303710938,7000,0.0,0.0
2000-08-21 00:00:00+09:00,664.9699777303853,664.9699777303853,639.4398803710938,639.4398803710938,30000,0.0,0.0
2000-08-22 00:00:00+09:00,632.908891384146,640.0335693359375,632.908891384146,640.0335693359375,12000,0.0,0.0
2000-08-23 00:00:00+09:00,632.9091031368647,641.2212301949473,632.9091031368647,635.2839965820312,13000,0.0,0.0
2000-08-24 00:00:00+09:00,635.2838976824725,647.1583630597149,635.2838976824725,641.2211303710938,5000,0.0,0.0
2000-08-25 00:00:00+09:00,653.0956764672429,656.0642931784577,647.1584430448135,652.501953125,11000,0.0,0.0
2000-08-28 00:00:00+09:00,682.7819380421635,700.5936407736982,682.7819380421635,694.0626831054688,26000,0.0,0.0
2000-08-29 00:00:00+09:00,694.6562813277793,694.6562813277793,670.9073486328125,670.9073486328125,23000,0.0,0.0
2000-08-30 00:00:00+09:00,671.5010565450917,682.7817993164062,671.5010565450917,682.7817993164062,3000,0.0,0.0
2000-08-31 00:00:00+09:00,682.7813456271414,682.7813456271414,671.5006103515625,671.5006103515625,11000,0.0,0.0
2000-09-01 00:00:00+09:00,635.2839734385891,638.8463134765625,635.2839734385891,638.8463134765625,10000,0.0,0.0
2000-09-04 00:00:00+09:00,667.9388497092507,667.9388497092507,653.0957641601562,653.0957641601562,4000,0.0,0.0
2000-09-05 00:00:00+09:00,641.2212957208807,653.0957641601562,641.2212957208807,653.0957641601562,12000,0.0,0.0
2000-09-06 00:00:00+09:00,653.0957641601562,653.0957641601562,653.0957641601562,653.0957641601562,9000,0.0,0.0
2000-09-07 00:00:00+09:00,647.1583781692217,647.1583781692217,629.3466796875,629.3466796875,22000,0.0,0.0
2000-09-08 00:00:00+09:00,629.9403882627133,641.2211303710936,629.9403882627133,641.2211303710938,3000,0.0,0.0
2000-09-11 00:00:00+09:00,629.3466796875,629.9404029702241,629.3466796875,629.3466796875,15000,0.0,0.0
2000-09-12 00:00:00+09:00,629.3466796875,629.3466796875,626.9717865566038,629.3466796875,13000,0.0,0.0
2000-09-13 00:00:00+09:00,629.9404527709382,635.2839627378925,626.3781127929688,626.3781127929688,35000,0.0,0.0
2000-09-14 00:00:00+09:00,626.3781461626569,635.2839965820312,623.4095293561988,635.2839965820312,27000,0.0,0.0
2000-09-15 00:00:00+09:00,635.2839965820312,635.2839965820312,635.2839965820312,635.2839965820312,0,0.0,0.0
2000-09-18 00:00:00+09:00,631.7216275409587,631.7216275409587,593.7233341550365,611.5350341796875,16000,0.0,0.0
2000-09-19 00:00:00+09:00,600.8477979237223,602.6289672851562,599.6603516827663,602.6289672851562,13000,0.0,0.0
2000-09-20 00:00:00+09:00,614.5036350795201,623.4094848632812,605.597785295759,623.4094848632812,3000,0.0,0.0
2000-09-21 00:00:00+09:00,641.2211647069046,641.2211647069046,640.62744140625,640.62744140625,5000,0.0,0.0
2000-09-22 00:00:00+09:00,625.1906548200335,640.6274611118862,623.4094848632812,623.4094848632812,5000,0.0,0.0
2000-09-25 00:00:00+09:00,623.4094468602594,629.3466796875,623.4094468602594,629.3466796875,36000,0.0,0.0
2000-09-26 00:00:00+09:00,629.346762969115,635.2839965820312,629.346762969115,635.2839965820312,6000,0.0,0.0
2000-09-27 00:00:00+09:00,623.4094162857577,624.5968627929688,623.4094162857577,624.5968627929688,19000,0.0,0.0
2000-09-28 00:00:00+09:00,624.5969760787821,635.2839965820312,624.5969760787821,635.2839965820312,2000,0.0,0.0
2000-09-29 00:00:00+09:00,641.2209185431985,641.2209185431985,596.6916880888098,605.5975341796875,30000,0.0,0.0
2000-10-02 00:00:00+09:00,629.3465963224086,641.2210604039634,629.3465963224086,632.908935546875,14000,0.0,0.0
2000-10-03 00:00:00+09:00,632.908935546875,632.908935546875,632.908935546875,632.908935546875,1000,0.0,0.0
2000-10-04 00:00:00+09:00,632.9090193838443,632.9090193838443,628.752956404776,629.3466796875,6000,0.0,0.0
2000-10-05 00:00:00+09:00,605.5977483785377,629.3466796875,605.5977483785377,629.3466796875,10000,0.0,0.0
2000-10-06 00:00:00+09:00,629.346762969115,635.2839965820312,629.346762969115,635.2839965820312,5000,0.0,0.0
2000-10-09 00:00:00+09:00,635.2839965820312,635.2839965820312,635.2839965820312,635.2839965820312,0,0.0,0.0
2000-10-10 00:00:00+09:00,635.2839965820312,635.2839965820312,635.2839965820312,635.2839965820312,0,0.0,0.0
2000-10-11 00:00:00+09:00,629.3464730196221,638.2523193359375,629.3464730196221,638.2523193359375,17000,0.0,0.0
2000-10-12 00:00:00+09:00,635.2839279174805,664.9700927734375,629.9404182434082,664.9700927734375,27000,0.0,0.0
2000-10-13 00:00:00+09:00,653.0957641601562,653.0957641601562,653.0957641601562,653.0957641601562,13000,0.0,0.0
2000-10-16 00:00:00+09:00,653.0957641601562,653.0957641601562,653.0957641601562,653.0957641601562,0,0.0,0.0
2000-10-17 00:00:00+09:00,653.0955957483362,653.0955957483362,641.2211303710936,641.2211303710938,4000,0.0,0.0
2000-10-18 00:00:00+09:00,641.2211608886719,641.2211608886719,611.5349960327148,617.4722290039062,13000,0.0,0.0
2000-10-19 00:00:00+09:00,607.9726676384839,614.5036240291317,607.9726676384839,610.9412841796875,9000,0.0,0.0
2000-10-20 00:00:00+09:00,653.0956268310547,664.9700927734375,629.3466949462891,664.9700927734375,37000,0.0,0.0
2000-10-23 00:00:00+09:00,664.9701312640766,667.9387479215055,659.0328979492189,659.0328979492188,23000,0.0,0.0
2000-10-24 00:00:00+09:00,659.0328598022461,664.9700927734375,659.0328598022461,664.9700927734375,23000,0.0,0.0
2000-10-25 00:00:00+09:00,664.9700927734375,664.9700927734375,664.9700927734375,664.9700927734375,15000,0.0,0.0
2000-10-26 00:00:00+09:00,668.2516479492188,668.2516479492188,668.2516479492188,668.2516479492188,0,5.5,0.0
2000-10-27 00:00:00+09:00,668.2516479492188,668.2516479492188,668.2516479492188,668.2516479492188,0,0.0,0.0
2000-10-30 00:00:00+09:00,644.3855590820312,644.3855590820312,644.3855590820312,644.3855590820312,7000,0.0,0.0
2000-10-31 00:00:00+09:00,650.3520502362932,668.2516479492188,650.3520502362932,668.2516479492188,10000,0.0,0.0
2000-11-01 00:00:00+09:00,668.2516479492188,668.2516479492188,668.2516479492188,668.2516479492188,0,0.0,0.0
2000-11-02 00:00:00+09:00,632.4525901100853,656.3187255859375,632.4525901100853,656.3187255859375,8000,0.0,0.0
2000-11-03 00:00:00+09:00,656.3187255859375,656.3187255859375,656.3187255859375,656.3187255859375,0,0.0,0.0
2000-11-06 00:00:00+09:00,656.3187255859375,656.3187255859375,656.3187255859375,656.3187255859375,0,0.0,0.0
2000-11-07 00:00:00+09:00,668.2514584470524,683.1677856445312,668.2514584470524,683.1677856445312,3000,0.0,0.0
2000-11-08 00:00:00+09:00,656.3187255859375,656.3187255859375,656.3187255859375,656.3187255859375,1000,0.0,0.0
2000-11-09 00:00:00+09:00,656.3187255859375,656.3187255859375,656.3187255859375,656.3187255859375,0,0.0,0.0
2000-11-10 00:00:00+09:00,656.3187255859375,656.3187255859375,656.3187255859375,656.3187255859375,0,0.0,0.0
2000-11-13 00:00:00+09:00,647.9653132600605,647.9653132600605,632.4523315429688,632.4523315429688,3000,0.0,0.0
2000-11-14 00:00:00+09:00,632.4523315429688,633.0489846859339,632.4523315429688,632.4523315429688,8000,0.0,0.0
2000-11-15 00:00:00+09:00,644.3856578480114,656.3187255859375,644.3856578480114,656.3187255859375,12000,0.0,0.0
2000-11-16 00:00:00+09:00,656.9153789728339,656.9153789728339,656.3187255859375,656.3187255859375,2000,0.0,0.0
2000-11-17 00:00:00+09:00,668.2516479492188,668.2516479492188,668.2516479492188,668.2516479492188,1000,0.0,0.0
2000-11-20 00:00:00+09:00,668.2516479492188,668.2516479492188,668.2516479492188,668.2516479492188,0,0.0,0.0
2000-11-21 00:00:00+09:00,674.2180515505233,674.2180515505233,632.4523315429688,632.4523315429688,8000,0.0,0.0
2000-11-22 00:00:00+09:00,633.0491481817336,633.0491481817336,626.4859619140625,626.4859619140625,6000,0.0,0.0
2000-11-23 00:00:00+09:00,626.4859619140625,626.4859619140625,626.4859619140625,626.4859619140625,0,0.0,0.0
2000-11-24 00:00:00+09:00,671.2349243164062,671.2349243164062,671.2349243164062,671.2349243164062,1000,0.0,0.0
2000-11-27 00:00:00+09:00,671.2349243164062,671.2349243164062,671.2349243164062,671.2349243164062,0,0.0,0.0
2000-11-28 00:00:00+09:00,671.2349243164062,671.2349243164062,671.2349243164062,671.2349243164062,0,0.0,0.0
2000-11-29 00:00:00+09:00,632.4524948846725,632.4524948846725,626.4859619140625,626.4859619140625,4000,0.0,0.0
2000-11-30 00:00:00+09:00,656.3187255859375,656.3187255859375,650.3521917169745,656.3187255859375,8000,0.0,0.0
2000-12-01 00:00:00+09:00,632.4525901100853,656.3187255859375,632.4525901100853,656.3187255859375,8000,0.0,0.0
2000-12-04 00:00:00+09:00,632.4524948846725,632.4524948846725,626.4859619140625,626.4859619140625,5000,0.0,0.0
2000-12-05 00:00:00+09:00,632.4523315429688,632.4523315429688,632.4523315429688,632.4523315429688,2000,0.0,0.0
2000-12-06 00:00:00+09:00,632.4523315429688,632.4523315429688,632.4523315429688,632.4523315429688,0,0.0,0.0
2000-12-07 00:00:00+09:00,644.3856578480114,656.3187255859375,644.3856578480114,656.3187255859375,3000,0.0,0.0
2000-12-08 00:00:00+09:00,638.4188629726194,638.4188629726194,632.4523315429688,632.4523315429688,2000,0.0,0.0
2000-12-11 00:00:00+09:00,632.4524948846725,632.4524948846725,626.4859619140625,626.4859619140625,3000,0.0,0.0
2000-12-12 00:00:00+09:00,656.3187255859375,656.3187255859375,656.3187255859375,656.3187255859375,12000,0.0,0.0
2000-12-13 00:00:00+09:00,656.3186267671131,656.3186267671131,626.4859619140625,626.4859619140625,27000,0.0,0.0
2000-12-14 00:00:00+09:00,627.0824532562832,632.4523315429688,626.4858001133181,632.4523315429688,3000,0.0,0.0
2000-12-15 00:00:00+09:00,626.4860035822942,626.4860035822942,620.5194702148438,620.5194702148438,8000,0.0,0.0
2000-12-18 00:00:00+09:00,632.4523315429688,632.4523315429688,626.4858001133181,632.4523315429688,3000,0.0,0.0
2000-12-19 00:00:00+09:00,650.3520718868647,650.3520718868647,632.4524735780519,638.4190063476562,15000,0.0,0.0
2000-12-20 00:00:00+09:00,638.4190063476562,638.4190063476562,638.4190063476562,638.4190063476562,0,0.0,0.0
2000-12-21 00:00:00+09:00,655.1252116699219,655.1252116699219,596.6531982421875,596.6531982421875,16000,0.0,0.0
2000-12-22 00:00:00+09:00,596.6532451540202,596.6532451540202,578.7536477993996,585.3168334960938,24000,0.0,0.0
2000-12-25 00:00:00+09:00,596.6531982421875,602.6197302246094,596.6531982421875,596.6531982421875,6000,0.0,0.0
2000-12-26 00:00:00+09:00,596.6533104978015,596.6533104978015,593.6700439453125,593.6700439453125,4000,0.0,0.0
2000-12-27 00:00:00+09:00,590.0900327721421,590.0900327721421,584.7201538085938,584.7201538085938,5000,0.0,0.0
2000-12-28 00:00:00+09:00,584.7201216848274,589.4933471679688,584.7201216848274,589.4933471679688,3000,0.0,0.0
2000-12-29 00:00:00+09:00,588.8966939825762,589.4933471679688,588.8966939825762,589.4933471679688,11000,0.0,0.0
2001-01-01 00:00:00+09:00,589.4933471679688,589.4933471679688,589.4933471679688,589.4933471679688,0,0.0,0.0
2001-01-02 00:00:00+09:00,589.4933471679688,589.4933471679688,589.4933471679688,589.4933471679688,0,0.0,0.0
2001-01-03 00:00:00+09:00,589.4933471679688,589.4933471679688,589.4933471679688,589.4933471679688,0,0.0,0.0
2001-01-04 00:00:00+09:00,589.4933471679688,589.4933471679688,589.4933471679688,589.4933471679688,1000,0.0,0.0
2001-01-05 00:00:00+09:00,590.686767578125,590.686767578125,590.686767578125,590.686767578125,10000,0.0,0.0
2001-01-08 00:00:00+09:00,590.686767578125,590.686767578125,590.686767578125,590.686767578125,0,0.0,0.0
2001-01-09 00:00:00+09:00,590.6866859903141,590.6866859903141,584.7201538085938,584.7201538085938,6000,0.0,0.0
2001-01-10 00:00:00+09:00,584.7202589968417,584.7202589968417,560.8541259765625,560.8541259765625,3000,0.0,0.0
2001-01-11 00:00:00+09:00,566.8206592316322,566.8206592316322,560.8541259765625,560.8541259765625,7000,0.0,0.0
2001-01-12 00:00:00+09:00,536.9878620241161,536.9878620241161,531.0213302238482,535.7945556640625,16000,0.0,0.0
2001-01-15 00:00:00+09:00,531.0213302238482,535.7945556640625,531.0213302238482,535.7945556640625,4000,0.0,0.0
2001-01-16 00:00:00+09:00,566.820556640625,566.820556640625,566.820556640625,566.820556640625,1000,0.0,0.0
2001-01-17 00:00:00+09:00,566.8205559771993,566.8205559771993,548.9209594726562,548.9209594726562,4000,0.0,0.0
2001-01-18 00:00:00+09:00,548.9210911106419,551.9043579101562,548.9210911106419,551.9043579101562,5000,0.0,0.0
2001-01-19 00:00:00+09:00,557.8707066977896,557.8707066977896,536.9878460192627,538.18115234375,16000,0.0,0.0
2001-01-22 00:00:00+09:00,540.5678547282796,542.9544677734375,540.5678547282796,542.9544677734375,3000,0.0,0.0
2001-01-23 00:00:00+09:00,566.820556640625,566.820556640625,566.820556640625,566.820556640625,4000,0.0,0.0
2001-01-24 00:00:00+09:00,566.8205572634328,584.7201538085938,566.8205572634328,584.7201538085938,9000,0.0,0.0
2001-01-25 00:00:00+09:00,588.896728515625,588.896728515625,588.896728515625,588.896728515625,1000,0.0,0.0
2001-01-26 00:00:00+09:00,566.820556640625,566.820556640625,566.820556640625,566.820556640625,3000,0.0,0.0
2001-01-29 00:00:00+09:00,566.820556640625,566.820556640625,566.820556640625,566.820556640625,0,0.0,0.0
2001-01-30 00:00:00+09:00,566.820556640625,566.820556640625,566.820556640625,566.820556640625,3000,0.0,0.0
2001-01-31 00:00:00+09:00,566.820556640625,566.820556640625,566.820556640625,566.820556640625,0,0.0,0.0
2001-02-01 00:00:00+09:00,566.820556640625,566.820556640625,566.820556640625,566.820556640625,0,0.0,0.0
2001-02-02 00:00:00+09:00,560.2575107574463,572.7872314453125,560.2575107574463,572.7872314453125,12000,0.0,0.0
2001-02-05 00:00:00+09:00,563.8371247322328,563.8371247322328,554.8873291015625,554.8873291015625,16000,0.0,0.0
2001-02-06 00:00:00+09:00,554.8873291015625,554.8873291015625,548.9207986811156,554.8873291015625,16000,0.0,0.0
2001-02-07 00:00:00+09:00,554.8876304626465,572.7872314453125,554.8876304626465,572.7872314453125,8000,0.0,0.0
2001-02-08 00:00:00+09:00,572.7872314453125,572.7872314453125,572.7872314453125,572.7872314453125,7000,0.0,0.0
2001-02-09 00:00:00+09:00,554.8873291015625,554.8873291015625,554.8873291015625,554.8873291015625,4000,0.0,0.0
2001-02-12 00:00:00+09:00,554.8873291015625,554.8873291015625,554.8873291015625,554.8873291015625,0,0.0,0.0
2001-02-13 00:00:00+09:00,549.5176126894743,554.8874916408372,545.9376933885657,548.9209594726562,29000,0.0,0.0
2001-02-14 00:00:00+09:00,542.9544596086469,551.9042583934048,542.9544596086469,544.1477661132812,18000,0.0,0.0
2001-02-15 00:00:00+09:00,572.7870888157895,572.7870888157895,566.2239034231086,566.820556640625,13000,0.0,0.0
2001-02-16 00:00:00+09:00,542.9544010930274,551.9041989132422,542.9544010930274,548.3242797851562,40000,0.0,0.0
2001-02-19 00:00:00+09:00,548.3242797851562,548.3242797851562,548.3242797851562,548.3242797851562,25000,0.0,0.0
2001-02-20 00:00:00+09:00,547.7277039574795,547.7277039574795,545.937744140625,545.937744140625,2000,0.0,0.0
2001-02-21 00:00:00+09:00,551.90426669278,551.90426669278,539.9712014669901,542.9544677734375,22000,0.0,0.0
2001-02-22 00:00:00+09:00,542.9544677734375,545.937734079885,539.9712014669901,542.9544677734375,23000,0.0,0.0
2001-02-23 00:00:00+09:00,542.9544677734375,542.9544677734375,540.5678547282796,542.9544677734375,19000,0.0,0.0
2001-02-26 00:00:00+09:00,539.9713745117188,542.9546417742145,537.5847607017222,539.9713745117188,12000,0.0,0.0
2001-02-27 00:00:00+09:00,539.9713745117188,542.9546417742145,539.9713745117188,539.9713745117188,8000,0.0,0.0
2001-02-28 00:00:00+09:00,542.9543857150608,542.9543857150608,536.9878540039062,536.9878540039062,28000,0.0,0.0
2001-03-01 00:00:00+09:00,539.9712014669901,542.9544677734375,539.3745482057006,542.9544677734375,10000,0.0,0.0
2001-03-02 00:00:00+09:00,542.357814512148,542.9544677734375,536.9879351605426,542.9544677734375,13000,0.0,0.0
2001-03-05 00:00:00+09:00,542.9544266261412,547.7276523547226,531.0213623046875,531.0213623046875,21000,0.0,0.0
2001-03-06 00:00:00+09:00,536.9878944654143,536.9878944654143,525.0548301439607,531.0213623046875,15000,0.0,0.0
2001-03-07 00:00:00+09:00,531.021388746405,536.9879212042298,531.021388746405,531.6180419921875,16000,0.0,0.0
2001-03-08 00:00:00+09:00,536.9878540039062,536.9878540039062,536.9878540039062,536.9878540039062,1000,0.0,0.0
2001-03-09 00:00:00+09:00,531.0213623046875,531.0213623046875,531.0213623046875,531.0213623046875,2000,0.0,0.0
2001-03-12 00:00:00+09:00,536.9878540039062,536.9878540039062,536.9878540039062,536.9878540039062,3000,0.0,0.0
2001-03-13 00:00:00+09:00,531.0213623046875,531.0213623046875,531.0213623046875,531.0213623046875,1000,0.0,0.0
2001-03-14 00:00:00+09:00,531.0213623046875,531.0213623046875,531.0213623046875,531.0213623046875,0,0.0,0.0
2001-03-15 00:00:00+09:00,519.0882979832339,531.0213623046875,519.0882979832339,531.0213623046875,7000,0.0,0.0
2001-03-16 00:00:00+09:00,519.0882588704427,536.9878540039062,519.0882588704427,536.9878540039062,7000,0.0,0.0
2001-03-19 00:00:00+09:00,536.9878540039062,536.9878540039062,536.9878540039062,536.9878540039062,0,0.0,0.0
2001-03-20 00:00:00+09:00,536.9878540039062,536.9878540039062,536.9878540039062,536.9878540039062,0,0.0,0.0
2001-03-21 00:00:00+09:00,531.0213222927517,536.9878540039062,531.0213222927517,536.9878540039062,19000,0.0,0.0
2001-03-22 00:00:00+09:00,536.9878540039062,536.9878540039062,536.3912008327908,536.9878540039062,30000,0.0,0.0
2001-03-23 00:00:00+09:00,536.9879450563525,545.937744140625,536.9879450563525,545.937744140625,50000,0.0,0.0
2001-03-26 00:00:00+09:00,542.9544677734375,545.937734079885,542.357814512148,542.9544677734375,25000,0.0,0.0
2001-03-27 00:00:00+09:00,542.9544677734375,554.2908797379379,542.9544677734375,542.9544677734375,63000,0.0,0.0
2001-03-28 00:00:00+09:00,540.5679321289062,542.9545455157888,539.9712787821855,540.5679321289062,25000,0.0,0.0
2001-03-29 00:00:00+09:00,539.9711198594835,539.9711198594835,536.9878540039062,536.9878540039062,54000,0.0,0.0
2001-03-30 00:00:00+09:00,542.9544677734375,542.9544677734375,536.9879351605426,542.9544677734375,25000,0.0,0.0
2001-04-02 00:00:00+09:00,542.357901781503,544.7445152106845,542.357901781503,543.5512084960938,43000,0.0,0.0
2001-04-03 00:00:00+09:00,542.9542682606686,560.8538595220094,541.1643091345346,554.8873291015625,93000,0.0,0.0
2001-04-04 00:00:00+09:00,548.9209236847207,576.963623046875,546.534310973048,576.963623046875,45000,0.0,0.0
2001-04-05 00:00:00+09:00,575.7705109694908,590.6868454505657,569.8039771770608,588.3002319335938,36000,0.0,0.0
2001-04-06 00:00:00+09:00,587.7035026588554,605.6031017246074,578.7537031259794,594.8633422851562,85000,0.0,0.0
2001-04-09 00:00:00+09:00,608.586344803914,608.586344803914,602.6198120117188,602.6198120117188,14000,0.0,0.0
2001-04-10 00:00:00+09:00,596.6531982421875,596.6531982421875,596.6531982421875,596.6531982421875,1000,0.0,0.0
2001-04-11 00:00:00+09:00,590.6867773928235,594.8633505663081,590.6867773928235,593.6700439453125,16000,0.0,0.0
2001-04-12 00:00:00+09:00,590.686767578125,590.686767578125,590.686767578125,590.686767578125,1000,0.0,0.0
2001-04-13 00:00:00+09:00,590.6866859903141,590.6866859903141,584.7201538085938,584.7201538085938,8000,0.0,0.0
2001-04-16 00:00:00+09:00,578.7536216268734,584.7201538085938,578.7536216268734,584.7201538085938,11000,0.0,0.0
2001-04-17 00:00:00+09:00,584.7202345722853,590.686767578125,578.7537015664457,590.686767578125,14000,0.0,0.0
2001-04-18 00:00:00+09:00,590.686767578125,590.686767578125,590.686767578125,590.686767578125,0,0.0,0.0
2001-04-19 00:00:00+09:00,590.686767578125,590.686767578125,590.686767578125,590.686767578125,1000,0.0,0.0
2001-04-20 00:00:00+09:00,594.8634191052666,594.8634191052666,582.3336981411637,588.3002319335938,11000,0.0,0.0
2001-04-23 00:00:00+09:00,590.686767578125,591.283420878709,587.7035010752052,590.686767578125,30000,0.0,0.0
2001-04-24 00:00:00+09:00,593.9867553710938,593.9867553710938,587.986889155224,593.9867553710938,28000,5.5,0.0
2001-04-25 00:00:00+09:00,593.9865856933594,599.9864501953125,593.9865856933594,599.9864501953125,9000,0.0,0.0
2001-04-26 00:00:00+09:00,593.9865856933594,599.9864501953125,593.9865856933594,599.9864501953125,9000,0.0,0.0
2001-04-27 00:00:00+09:00,617.986057394802,617.986057394802,605.986328125,605.986328125,14000,0.0,0.0
2001-04-30 00:00:00+09:00,605.986328125,605.986328125,605.986328125,605.986328125,0,0.0,0.0
2001-05-01 00:00:00+09:00,617.9861740307573,656.3853149414062,617.9861740307573,656.3853149414062,33000,0.0,0.0
2001-05-02 00:00:00+09:00,654.5851823686479,677.9846526824675,635.9856034012528,665.9849243164062,73000,0.0,0.0
2001-05-03 00:00:00+09:00,665.9849243164062,665.9849243164062,665.9849243164062,665.9849243164062,0,0.0,0.0
2001-05-04 00:00:00+09:00,665.9849243164062,665.9849243164062,665.9849243164062,665.9849243164062,0,0.0,0.0
2001-05-07 00:00:00+09:00,665.9851541270381,689.984619140625,665.9851541270381,689.984619140625,200,0.0,0.0
2001-05-08 00:00:00+09:00,689.9843421349158,701.9840698242188,683.9844782902644,701.9840698242188,300,0.0,0.0
2001-05-09 00:00:00+09:00,701.984363424367,707.9842297784214,695.9844970703125,695.9844970703125,400,0.0,0.0
2001-05-10 00:00:00+09:00,695.3843994140625,695.3843994140625,659.9851935767633,695.3843994140625,200,0.0,0.0
2001-05-11 00:00:00+09:00,659.9851935767633,695.3843994140625,659.9851935767633,695.3843994140625,40,0.0,0.0
2001-05-14 00:00:00+09:00,686.384765625,686.384765625,686.384765625,686.384765625,10,0.0,0.0
2001-05-15 00:00:00+09:00,653.9853990943031,677.98486328125,653.9853990943031,677.98486328125,6000,0.0,0.0
2001-05-16 00:00:00+09:00,653.9850833362527,668.9847412109375,653.9850833362527,668.9847412109375,5000,0.0,0.0
2001-05-17 00:00:00+09:00,665.985142758018,683.9847412109375,665.985142758018,683.9847412109375,51000,0.0,0.0
2001-05-18 00:00:00+09:00,683.9847528872283,689.984619140625,677.9848866338316,689.984619140625,15000,0.0,0.0
2001-05-21 00:00:00+09:00,695.384510434907,695.9844970703125,695.384510434907,695.9844970703125,7000,0.0,0.0
2001-05-22 00:00:00+09:00,683.9847412109375,683.9847412109375,683.9847412109375,683.9847412109375,1000,0.0,0.0
2001-05-23 00:00:00+09:00,666.5850830078125,666.5850830078125,666.5850830078125,666.5850830078125,1000,0.0,0.0
2001-05-24 00:00:00+09:00,666.5849574193163,686.9844970703125,647.9853771492905,686.9844970703125,12000,0.0,0.0
2001-05-25 00:00:00+09:00,659.985133579799,671.98486328125,659.985133579799,671.98486328125,2000,0.0,0.0
2001-05-28 00:00:00+09:00,683.9847412109375,683.9847412109375,665.985142758018,683.9847412109375,12000,0.0,0.0
2001-05-29 00:00:00+09:00,683.9847293279868,683.9847293279868,677.98486328125,677.98486328125,3000,0.0,0.0
2001-05-30 00:00:00+09:00,647.9854687500001,674.98486328125,647.9854687500001,674.98486328125,16000,0.0,0.0
2001-05-31 00:00:00+09:00,647.9854371612865,647.9854371612865,629.9858416845841,636.585693359375,37000,0.0,0.0
2001-06-01 00:00:00+09:00,638.9854736328125,638.9854736328125,629.9856782295335,638.9854736328125,22000,0.0,0.0
2001-06-04 00:00:00+09:00,638.9854736328125,638.9854736328125,638.9854736328125,638.9854736328125,7000,0.0,0.0
2001-06-05 00:00:00+09:00,638.9854736328125,638.9854736328125,638.3854872725939,638.9854736328125,17000,0.0,0.0
2001-06-06 00:00:00+09:00,638.9856630129235,641.985595703125,638.9856630129235,641.985595703125,4000,0.0,0.0
2001-06-07 00:00:00+09:00,641.985595703125,641.985595703125,641.985595703125,641.985595703125,0,0.0,0.0
2001-06-08 00:00:00+09:00,638.9856458023386,641.9855784117392,635.985713192938,639.5856323242188,35000,0.0,0.0
2001-06-11 00:00:00+09:00,635.9856567382812,635.9856567382812,635.9856567382812,635.9856567382812,3000,0.0,0.0
2001-06-12 00:00:00+09:00,641.985595703125,641.985595703125,641.985595703125,641.985595703125,3000,0.0,0.0
2001-06-13 00:00:00+09:00,638.9855890813864,638.9855890813864,635.9856567382812,635.9856567382812,9000,0.0,0.0
2001-06-14 00:00:00+09:00,638.9856753879122,647.9854736328125,636.5857291892722,647.9854736328125,11000,0.0,0.0
2001-06-15 00:00:00+09:00,636.5856432069022,636.5856432069022,635.9856567382812,635.9856567382812,5000,0.0,0.0
2001-06-18 00:00:00+09:00,629.985896023837,635.9857617002544,629.985896023837,633.5858154296875,21000,0.0,0.0
2001-06-19 00:00:00+09:00,635.9856567382812,635.9856567382812,635.9856567382812,635.9856567382812,17000,0.0,0.0
2001-06-20 00:00:00+09:00,635.9856567382812,635.9856567382812,635.9856567382812,635.9856567382812,10000,0.0,0.0
2001-06-21 00:00:00+09:00,646.7854131734596,646.7854131734596,632.9857243951761,635.9856567382812,18000,0.0,0.0
2001-06-22 00:00:00+09:00,629.9857788085938,629.9857788085938,629.9857788085938,629.9857788085938,12000,0.0,0.0
2001-06-25 00:00:00+09:00,629.9857896890268,630.5857761553973,629.3858032226562,629.3858032226562,6000,0.0,0.0
2001-06-26 00:00:00+09:00,677.9848279017355,689.9845593690228,653.9853649671608,666.5850830078125,36000,0.0,0.0
2001-06-27 00:00:00+09:00,659.9852294921875,659.9852294921875,650.9854309082032,659.9852294921875,24000,0.0,0.0
2001-06-28 00:00:00+09:00,647.9854736328125,647.9854736328125,647.9854736328125,647.9854736328125,3000,0.0,0.0
2001-06-29 00:00:00+09:00,689.3844294207736,689.3844294207736,671.9848224118942,680.984619140625,28000,0.0,0.0
2001-07-02 00:00:00+09:00,680.9848081354509,686.984674286424,680.9848081354509,683.9847412109375,16000,0.0,0.0
2001-07-03 00:00:00+09:00,683.9847643622037,695.9844970703125,680.9848311851765,695.9844970703125,84000,0.0,0.0
2001-07-04 00:00:00+09:00,701.9841575301996,719.9837513130252,695.9842929359244,713.98388671875,25000,0.0,0.0
2001-07-05 00:00:00+09:00,713.98388671875,713.98388671875,713.98388671875,713.98388671875,1000,0.0,0.0
2001-07-06 00:00:00+09:00,707.9841918945312,707.9841918945312,707.9841918945312,707.9841918945312,11000,0.0,0.0
2001-07-09 00:00:00+09:00,707.9841918945312,707.9841918945312,707.9841918945312,707.9841918945312,0,0.0,0.0
2001-07-10 00:00:00+09:00,689.9846307162582,695.9844970703125,689.9846307162582,695.9844970703125,2000,0.0,0.0
2001-07-11 00:00:00+09:00,665.9849243164062,677.9846526824675,665.9849243164062,665.9849243164062,4000,0.0,0.0
2001-07-12 00:00:00+09:00,641.985595703125,641.985595703125,641.985595703125,641.985595703125,6000,0.0,0.0
2001-07-13 00:00:00+09:00,647.9856962316177,647.9856962316177,642.5858154296875,642.5858154296875,4000,0.0,0.0
2001-07-16 00:00:00+09:00,689.9844283416492,713.98388671875,689.9844283416492,713.98388671875,34000,0.0,0.0
2001-07-17 00:00:00+09:00,713.9840719658031,713.9840719658031,683.9847412109375,683.9847412109375,2000,0.0,0.0
2001-07-18 00:00:00+09:00,713.9840678553427,743.9833984375,707.9842017389112,743.9833984375,84000,0.0,0.0
2001-07-19 00:00:00+09:00,749.9830852183261,779.982408627059,744.5832070047541,773.9825439453125,128000,0.0,0.0
2001-07-20 00:00:00+09:00,773.9825439453125,773.9825439453125,773.9825439453125,773.9825439453125,0,0.0,0.0
2001-07-23 00:00:00+09:00,767.3828005410791,767.3828005410791,707.9841318518165,737.9834594726562,12000,0.0,0.0
2001-07-24 00:00:00+09:00,731.9838043212891,731.9838043212891,719.9840698242189,719.9840698242188,8000,0.0,0.0
2001-07-25 00:00:00+09:00,690.5845024665538,701.9842466428045,690.5845024665538,698.9843139648438,4000,0.0,0.0
2001-07-26 00:00:00+09:00,698.984137901893,701.9840698242188,659.9850229116586,701.9840698242188,10000,0.0,0.0
2001-07-27 00:00:00+09:00,713.9842025756836,719.9840698242189,713.9842025756836,719.9840698242188,5000,0.0,0.0
2001-07-30 00:00:00+09:00,683.9847643622037,695.9844970703125,683.9847643622037,695.9844970703125,2000,0.0,0.0
2001-07-31 00:00:00+09:00,683.9847412109375,683.9847412109375,683.9847412109375,683.9847412109375,1000,0.0,0.0
2001-08-01 00:00:00+09:00,683.9844782902644,701.9840698242188,683.9844782902644,701.9840698242188,4000,0.0,0.0
2001-08-02 00:00:00+09:00,718.7838696393844,718.7838696393844,682.784677503856,698.9843139648438,8000,0.0,0.0
2001-08-03 00:00:00+09:00,674.984964831122,698.9844302473398,674.984964831122,695.9844970703125,8000,0.0,0.0
2001-08-06 00:00:00+09:00,665.9849243164062,689.9843810485289,665.9849243164062,665.9849243164062,76000,0.0,0.0
2001-08-07 00:00:00+09:00,665.9849243164062,665.9849243164062,665.9849243164062,665.9849243164062,22000,0.0,0.0
2001-08-08 00:00:00+09:00,677.98486328125,677.98486328125,665.9851311877766,677.98486328125,6000,0.0,0.0
2001-08-09 00:00:00+09:00,665.9849243164062,677.9846526824675,665.9849243164062,665.9849243164062,7000,0.0,0.0
2001-08-10 00:00:00+09:00,665.9849243164062,665.9849243164062,665.9849243164062,665.9849243164062,6000,0.0,0.0
2001-08-13 00:00:00+09:00,665.9849619971006,677.9846910420935,665.9849619971006,677.3847045898438,16000,0.0,0.0
2001-08-14 00:00:00+09:00,677.9849990844727,725.983937072754,677.9849990844727,719.9840698242188,94000,0.0,0.0
2001-08-15 00:00:00+09:00,725.983937072754,725.983937072754,719.3840830993653,719.9840698242188,20000,0.0,0.0
2001-08-16 00:00:00+09:00,719.9840698242189,719.9840698242189,718.7840963745118,719.9840698242188,53000,0.0,0.0
2001-08-17 00:00:00+09:00,719.3840830993653,730.783830871582,707.9843353271485,719.9840698242188,86000,0.0,0.0
2001-08-20 00:00:00+09:00,716.9839909440379,716.9839909440379,704.984258878029,707.9841918945312,10000,0.0,0.0
2001-08-21 00:00:00+09:00,719.9838988248966,743.9833621190598,719.3839122425426,725.9837646484375,171000,0.0,0.0
2001-08-22 00:00:00+09:00,713.9842025756836,719.9840698242189,713.9842025756836,719.9840698242188,23000,0.0,0.0
2001-08-23 00:00:00+09:00,695.984493506959,719.3839721679688,689.984627183623,719.3839721679688,22000,0.0,0.0
2001-08-24 00:00:00+09:00,713.98388671875,713.98388671875,713.98388671875,713.98388671875,2000,0.0,0.0
2001-08-27 00:00:00+09:00,707.9841918945312,707.9841918945312,707.9841918945312,707.9841918945312,6000,0.0,0.0
2001-08-28 00:00:00+09:00,701.9840698242188,701.9840698242188,701.9840698242188,701.9840698242188,1000,0.0,0.0
2001-08-29 00:00:00+09:00,695.9842059795673,701.9840698242188,695.9842059795673,701.9840698242188,17000,0.0,0.0
2001-08-30 00:00:00+09:00,701.9843396638569,701.9843396638569,683.9847412109375,683.9847412109375,8000,0.0,0.0
2001-08-31 00:00:00+09:00,666.5850830078125,683.9846936353791,665.9850964344481,666.5850830078125,5000,0.0,0.0
2001-09-03 00:00:00+09:00,659.985431347018,659.985431347018,642.5858154296875,642.5858154296875,8000,0.0,0.0
2001-09-04 00:00:00+09:00,642.5858154296875,642.5858154296875,635.9859611162174,642.5858154296875,9000,0.0,0.0
2001-09-05 00:00:00+09:00,606.5864017062717,647.9854736328125,606.5864017062717,647.9854736328125,8000,0.0,0.0
2001-09-06 00:00:00+09:00,635.9857426396122,647.9854736328125,635.9857426396122,647.9854736328125,7000,0.0,0.0
2001-09-07 00:00:00+09:00,641.3857534986023,653.9854736328125,641.3857534986023,653.9854736328125,67000,0.0,0.0
2001-09-10 00:00:00+09:00,653.9853637695313,659.9852294921875,653.9853637695313,659.9852294921875,11000,0.0,0.0
2001-09-11 00:00:00+09:00,659.9852294921875,659.9852294921875,659.9852294921875,659.9852294921875,5000,0.0,0.0
2001-09-12 00:00:00+09:00,611.3861927490234,611.9861791992188,599.9864501953125,599.9864501953125,6000,0.0,0.0
2001-09-13 00:00:00+09:00,599.9864765242035,611.9862060546875,594.5865982354857,611.9862060546875,77000,0.0,0.0
2001-09-14 00:00:00+09:00,659.985133579799,671.98486328125,653.9852687290736,671.98486328125,19000,0.0,0.0
2001-09-17 00:00:00+09:00,642.5856188964844,671.9849609375,642.5856188964844,659.9852294921875,10000,0.0,0.0
2001-09-18 00:00:00+09:00,659.9852294921875,659.9852294921875,659.9852294921875,659.9852294921875,7000,0.0,0.0
2001-09-19 00:00:00+09:00,600.5867227686801,630.5860595703125,600.5867227686801,630.5860595703125,5000,0.0,0.0
2001-09-20 00:00:00+09:00,629.9856212929355,635.385498046875,617.9858951730702,635.385498046875,10000,0.0,0.0
2001-09-21 00:00:00+09:00,635.3857323188982,682.78466796875,605.9863924854459,682.78466796875,24000,0.0,0.0
2001-09-24 00:00:00+09:00,682.78466796875,682.78466796875,682.78466796875,682.78466796875,0,0.0,0.0
2001-09-25 00:00:00+09:00,607.1865234375,607.1865234375,607.1865234375,607.1865234375,1000,0.0,0.0
2001-09-26 00:00:00+09:00,677.3849119358154,677.3849119358154,629.9859676993854,632.9859008789062,11000,0.0,0.0
2001-09-27 00:00:00+09:00,632.9859008789062,632.9859008789062,632.9859008789062,632.9859008789062,6000,0.0,0.0
2001-09-28 00:00:00+09:00,632.9859008789062,632.9859008789062,632.9859008789062,632.9859008789062,0,0.0,0.0
2001-10-01 00:00:00+09:00,659.9852294921875,659.9852294921875,659.9852294921875,659.9852294921875,2000,0.0,0.0
2001-10-02 00:00:00+09:00,629.9859008789062,659.9852294921875,629.9859008789062,659.9852294921875,3000,0.0,0.0
2001-10-03 00:00:00+09:00,659.385142731102,659.385142731102,658.7851562499999,658.78515625,2000,0.0,0.0
2001-10-04 00:00:00+09:00,613.7861444963728,629.9857788085938,613.7861444963728,629.9857788085938,3000,0.0,0.0
2001-10-05 00:00:00+09:00,647.985498046875,659.9852294921875,647.985498046875,659.9852294921875,22000,0.0,0.0
2001-10-08 00:00:00+09:00,659.9852294921875,659.9852294921875,659.9852294921875,659.9852294921875,0,0.0,0.0
2001-10-09 00:00:00+09:00,659.9850394192351,659.9850394192351,656.985107421875,656.985107421875,22000,0.0,0.0
2001-10-10 00:00:00+09:00,647.9854736328125,647.9854736328125,635.9857426396122,647.9854736328125,26000,0.0,0.0
2001-10-11 00:00:00+09:00,653.9854736328125,659.9853403633887,653.9854736328125,653.9854736328125,27000,0.0,0.0
2001-10-12 00:00:00+09:00,659.9853403633887,662.9852737286768,653.9854736328125,653.9854736328125,48000,0.0,0.0
2001-10-15 00:00:00+09:00,659.9851154831221,659.9851154831221,635.9856567382812,635.9856567382812,35000,0.0,0.0
2001-10-16 00:00:00+09:00,641.9856347610701,643.1856079101562,641.9856347610701,643.1856079101562,3000,0.0,0.0
2001-10-17 00:00:00+09:00,643.1855687792056,643.1855687792056,641.985595703125,641.985595703125,9000,0.0,0.0
2001-10-18 00:00:00+09:00,644.9855651855469,659.9852294921875,644.9855651855469,659.9852294921875,18000,0.0,0.0
2001-10-19 00:00:00+09:00,659.9852294921875,662.9851623535156,650.9854309082032,659.9852294921875,15000,0.0,0.0
2001-10-22 00:00:00+09:00,659.9853403633887,659.9853403633887,653.9854736328125,653.9854736328125,5000,0.0,0.0
2001-10-23 00:00:00+09:00,653.9851754245148,659.9850394192351,647.9853114297945,656.985107421875,16000,0.0,0.0
2001-10-24 00:00:00+09:00,656.9852591541327,656.9852591541327,641.985595703125,641.985595703125,5000,0.0,0.0
2001-10-25 00:00:00+09:00,653.9854736328125,653.9854736328125,641.9857401716599,653.9854736328125,25000,0.0,0.0
2001-10-26 00:00:00+09:00,651.2716064453125,651.2716064453125,651.2716064453125,651.2716064453125,8000,5.5,0.0
2001-10-29 00:00:00+09:00,651.2716064453125,651.2716064453125,651.2716064453125,651.2716064453125,0,0.0,0.0
2001-10-30 00:00:00+09:00,651.2716064453125,651.2716064453125,645.2413137930411,651.2716064453125,6000,0.0,0.0
2001-10-31 00:00:00+09:00,651.2716657366071,651.2716657366071,633.1807861328125,633.1807861328125,9000,0.0,0.0
2001-11-01 00:00:00+09:00,639.2109985351562,639.2109985351562,639.2109985351562,639.2109985351562,1000,0.0,0.0
2001-11-02 00:00:00+09:00,621.1200747022442,621.1200747022442,615.0897827148438,615.0897827148438,3000,0.0,0.0
2001-11-05 00:00:00+09:00,615.0899227153654,615.0899227153654,609.6626586914062,609.6626586914062,3000,0.0,0.0
2001-11-06 00:00:00+09:00,621.7232290504093,633.1807861328125,621.1201997302828,633.1807861328125,3000,0.0,0.0
2001-11-07 00:00:00+09:00,633.1807861328125,633.1807861328125,633.1807861328125,633.1807861328125,1000,0.0,0.0
2001-11-08 00:00:00+09:00,633.1808020652142,633.1808020652142,627.7535380475123,628.3565673828125,7000,0.0,0.0
2001-11-09 00:00:00+09:00,628.3565673828125,628.3565673828125,628.3565673828125,628.3565673828125,0,0.0,0.0
2001-11-12 00:00:00+09:00,638.6080500139509,638.6080500139509,633.1807861328125,633.1807861328125,3000,0.0,0.0
2001-11-13 00:00:00+09:00,633.1807861328125,633.1807861328125,633.1807861328125,633.1807861328125,0,0.0,0.0
2001-11-14 00:00:00+09:00,627.1504929315477,633.1807861328125,627.1504929315477,633.1807861328125,5000,0.0,0.0
2001-11-15 00:00:00+09:00,627.1504929315477,639.2110793340775,627.1504929315477,633.1807861328125,6000,0.0,0.0
2001-11-16 00:00:00+09:00,651.2718897828267,657.3021850585938,651.2718897828267,657.3021850585938,5000,0.0,0.0
2001-11-19 00:00:00+09:00,657.3021029385653,663.3323974609375,657.3021029385653,663.3323974609375,10000,0.0,0.0
2001-11-20 00:00:00+09:00,639.2109985351562,639.2109985351562,636.1958523156508,639.2109985351562,32000,0.0,0.0
2001-11-21 00:00:00+09:00,663.3323974609375,663.3323974609375,663.3323974609375,663.3323974609375,4000,0.0,0.0
2001-11-22 00:00:00+09:00,662.7293701171875,662.7293701171875,662.7293701171875,662.7293701171875,1000,0.0,0.0
2001-11-23 00:00:00+09:00,662.7293701171875,662.7293701171875,662.7293701171875,662.7293701171875,0,0.0,0.0
2001-11-26 00:00:00+09:00,662.7293701171875,662.7293701171875,662.7293701171875,662.7293701171875,0,0.0,0.0
2001-11-27 00:00:00+09:00,662.126370562716,662.7294000441028,648.2566924908194,654.2869873046875,18000,0.0,0.0
2001-11-28 00:00:00+09:00,645.8446044921875,645.8446044921875,645.8446044921875,645.8446044921875,1000,0.0,0.0
2001-11-29 00:00:00+09:00,639.2109985351562,639.2109985351562,639.2109985351562,639.2109985351562,5000,0.0,0.0
2001-11-30 00:00:00+09:00,662.7291390472988,662.7291390472988,639.2109985351562,639.2109985351562,6000,0.0,0.0
2001-12-03 00:00:00+09:00,640.4171162136987,640.4171162136987,639.8140869140625,639.8140869140625,6000,0.0,0.0
2001-12-04 00:00:00+09:00,646.4474092100613,646.4474092100613,639.8140869140625,639.8140869140625,4000,0.0,0.0
2001-12-05 00:00:00+09:00,639.8141240584772,647.0504760742188,639.8141240584772,647.0504760742188,2000,0.0,0.0
2001-12-06 00:00:00+09:00,645.2413330078125,645.2413330078125,645.2413330078125,645.2413330078125,3000,0.0,0.0
2001-12-07 00:00:00+09:00,654.889947392067,657.3020650620193,654.889947392067,656.6990356445312,13000,0.0,0.0
2001-12-10 00:00:00+09:00,656.6990356445312,657.3020650620193,656.6990356445312,656.6990356445312,22000,0.0,0.0
2001-12-11 00:00:00+09:00,656.6990356445312,656.6990356445312,656.6990356445312,656.6990356445312,14000,0.0,0.0
2001-12-12 00:00:00+09:00,655.4930419921875,655.4930419921875,655.4930419921875,655.4930419921875,1000,0.0,0.0
2001-12-13 00:00:00+09:00,639.2109985351562,639.2109985351562,639.2109985351562,639.2109985351562,5000,0.0,0.0
2001-12-14 00:00:00+09:00,639.2110994779147,639.2110994779147,627.1505126953125,627.1505126953125,5000,0.0,0.0
2001-12-17 00:00:00+09:00,615.0899658203125,615.0899658203125,596.9990844726562,596.9990844726562,17000,0.0,0.0
2001-12-18 00:00:00+09:00,596.9990844726562,603.0293782552083,596.9990844726562,596.9990844726562,50000,0.0,0.0
2001-12-19 00:00:00+09:00,596.9991050253109,596.9991050253109,590.9688110351562,590.9688110351562,24000,0.0,0.0
2001-12-20 00:00:00+09:00,590.9686227898849,590.9686227898849,572.8777465820312,572.8777465820312,21000,0.0,0.0
2001-12-21 00:00:00+09:00,566.8474545127467,572.8777465820312,566.8474545127467,572.8777465820312,6000,0.0,0.0
2001-12-24 00:00:00+09:00,572.8777465820312,572.8777465820312,572.8777465820312,572.8777465820312,0,0.0,0.0
2001-12-25 00:00:00+09:00,603.0293579101562,603.0293579101562,603.0293579101562,603.0293579101562,1000,0.0,0.0
2001-12-26 00:00:00+09:00,572.8776227788594,573.4806518554688,572.8776227788594,573.4806518554688,2000,0.0,0.0
2001-12-27 00:00:00+09:00,573.4808272915985,575.8929443359375,573.4808272915985,575.8929443359375,2000,0.0,0.0
2001-12-28 00:00:00+09:00,636.195881090666,636.195881090666,630.1655883789062,630.1655883789062,10000,0.0,0.0
2001-12-31 00:00:00+09:00,630.1655883789062,630.1655883789062,630.1655883789062,630.1655883789062,0,0.0,0.0
2002-01-01 00:00:00+09:00,630.1655883789062,630.1655883789062,630.1655883789062,630.1655883789062,0,0.0,0.0
2002-01-02 00:00:00+09:00,630.1655883789062,630.1655883789062,630.1655883789062,630.1655883789062,0,0.0,0.0
2002-01-03 00:00:00+09:00,630.1655883789062,630.1655883789062,630.1655883789062,630.1655883789062,0,0.0,0.0
2002-01-04 00:00:00+09:00,593.9838256835938,593.9838256835938,593.9838256835938,593.9838256835938,1000,0.0,0.0
2002-01-07 00:00:00+09:00,603.0293782552083,603.0293782552083,596.9990844726562,596.9990844726562,16000,0.0,0.0
2002-01-08 00:00:00+09:00,593.9839175415038,603.0293579101562,593.9839175415038,603.0293579101562,36000,0.0,0.0
2002-01-09 00:00:00+09:00,603.0293579101562,603.0293579101562,603.0293579101562,603.0293579101562,9000,0.0,0.0
2002-01-10 00:00:00+09:00,603.0293579101562,603.0293579101562,603.0293579101562,603.0293579101562,2000,0.0,0.0
2002-01-11 00:00:00+09:00,603.0292646533946,603.0292646533946,593.9838256835938,593.9838256835938,4000,0.0,0.0
2002-01-14 00:00:00+09:00,593.9838256835938,593.9838256835938,593.9838256835938,593.9838256835938,0,0.0,0.0
2002-01-15 00:00:00+09:00,590.9685931048235,602.4261474609375,590.9685931048235,602.4261474609375,5000,0.0,0.0
2002-01-16 00:00:00+09:00,602.4261474609375,602.4261474609375,596.9988848711993,602.4261474609375,20000,0.0,0.0
2002-01-17 00:00:00+09:00,602.4263285522461,603.0293579101562,602.4263285522461,603.0293579101562,38000,0.0,0.0
2002-01-18 00:00:00+09:00,603.0295300839553,606.044677734375,603.0295300839553,606.044677734375,49000,0.0,0.0
2002-01-21 00:00:00+09:00,630.1655462145229,630.1655462145229,624.13525390625,624.13525390625,11000,0.0,0.0
2002-01-22 00:00:00+09:00,631.9747314453125,631.9747314453125,631.9747314453125,631.9747314453125,2000,0.0,0.0
2002-01-23 00:00:00+09:00,627.1505126953125,627.1505126953125,627.1505126953125,627.1505126953125,6000,0.0,0.0
2002-01-24 00:00:00+09:00,603.0293990154656,603.0293990154656,590.9688110351562,590.9688110351562,34000,0.0,0.0
2002-01-25 00:00:00+09:00,591.5717086249801,602.4262353887412,591.5717086249801,593.9838256835938,10000,0.0,0.0
2002-01-28 00:00:00+09:00,596.9990844726562,596.9990844726562,593.9839375813801,596.9990844726562,10000,0.0,0.0
2002-01-29 00:00:00+09:00,603.6324442180093,604.2354736328125,603.6324442180093,604.2354736328125,2000,0.0,0.0
2002-01-30 00:00:00+09:00,604.8384879941086,626.5475463867188,604.8384879941086,626.5475463867188,6000,0.0,0.0
2002-01-31 00:00:00+09:00,626.5475463867188,626.5475463867188,626.5475463867188,626.5475463867188,0,0.0,0.0
2002-02-01 00:00:00+09:00,606.044504699707,606.044504699707,603.0293579101562,603.0293579101562,7000,0.0,0.0
2002-02-04 00:00:00+09:00,596.999082440204,606.0445230832374,596.999082440204,597.6021118164062,16000,0.0,0.0
2002-02-05 00:00:00+09:00,597.6021138509115,598.8081726074219,595.7930257161458,596.9990844726562,29000,0.0,0.0
2002-02-06 00:00:00+09:00,595.7930257161458,603.0293782552083,595.7930257161458,596.9990844726562,18000,0.0,0.0
2002-02-07 00:00:00+09:00,596.9989720068608,603.0292646533946,593.9838256835938,593.9838256835938,27000,0.0,0.0
2002-02-08 00:00:00+09:00,592.7778788248697,596.9990844726562,592.7778788248697,596.9990844726562,9000,0.0,0.0
2002-02-11 00:00:00+09:00,596.9990844726562,596.9990844726562,596.9990844726562,596.9990844726562,0,0.0,0.0
2002-02-12 00:00:00+09:00,593.9839396076569,596.3960571289062,593.9839396076569,596.3960571289062,3000,0.0,0.0
2002-02-13 00:00:00+09:00,593.9838256835938,593.9838256835938,593.9838256835938,593.9838256835938,4000,0.0,0.0
2002-02-14 00:00:00+09:00,593.9838256835938,593.9838256835938,593.9838256835938,593.9838256835938,2000,0.0,0.0
2002-02-15 00:00:00+09:00,593.9838256835938,593.9838256835938,593.9838256835938,593.9838256835938,1000,0.0,0.0
2002-02-18 00:00:00+09:00,592.1749331169401,592.1749331169401,582.5264617015928,590.3658447265625,6000,0.0,0.0
2002-02-19 00:00:00+09:00,584.3353598458427,584.3353598458427,574.0838623046875,574.0838623046875,5000,0.0,0.0
2002-02-20 00:00:00+09:00,572.8779504654256,578.9082446808511,566.84765625,566.84765625,23000,0.0,0.0
2002-02-21 00:00:00+09:00,593.9840419335522,593.9840419335522,567.4507446289062,567.4507446289062,17000,0.0,0.0
2002-02-22 00:00:00+09:00,572.8777465820312,572.8777465820312,572.8777465820312,572.8777465820312,9000,0.0,0.0
2002-02-25 00:00:00+09:00,567.4504546803224,582.5261840820312,567.4504546803224,582.5261840820312,9000,0.0,0.0
2002-02-26 00:00:00+09:00,571.0686297367325,582.5261840820312,571.0686297367325,582.5261840820312,4000,0.0,0.0
2002-02-27 00:00:00+09:00,592.1748494466145,596.9990844726562,585.5415262858072,596.9990844726562,19000,0.0,0.0
2002-02-28 00:00:00+09:00,603.0293782552083,603.0293782552083,596.9990844726562,596.9990844726562,16000,0.0,0.0
2002-03-01 00:00:00+09:00,587.3505919718717,598.2051203656024,585.54150390625,585.54150390625,14000,0.0,0.0
2002-03-04 00:00:00+09:00,587.350568055379,596.9990373458164,587.350568055379,592.77783203125,14000,0.0,0.0
2002-03-05 00:00:00+09:00,594.5870971679688,596.9992152092182,594.5870971679688,594.5870971679688,5000,0.0,0.0
2002-03-06 00:00:00+09:00,585.54150390625,585.54150390625,581.3202984197992,585.54150390625,34000,0.0,0.0
2002-03-07 00:00:00+09:00,588.5566533203124,603.0293579101562,587.9536239624023,603.0293579101562,16000,0.0,0.0
2002-03-08 00:00:00+09:00,596.9991050253109,596.9991050253109,590.9688110351562,590.9688110351562,16000,0.0,0.0
2002-03-11 00:00:00+09:00,595.1901266782811,600.0143627607798,594.5870971679688,594.5870971679688,5000,0.0,0.0
2002-03-12 00:00:00+09:00,596.9990623390281,603.6323852539062,596.9990623390281,603.6323852539062,7000,0.0,0.0
2002-03-13 00:00:00+09:00,592.1748698331872,592.7778992322027,579.5112524538624,590.9688110351562,35000,0.0,0.0
2002-03-14 00:00:00+09:00,580.1144386996608,580.7174682617188,580.1144386996608,580.7174682617188,27000,0.0,0.0
2002-03-15 00:00:00+09:00,581.3202135102088,582.5262720444623,574.0838623046875,574.0838623046875,30000,0.0,0.0
2002-03-18 00:00:00+09:00,576.4961344809988,602.4263999440562,576.4961344809988,600.0142822265625,15000,0.0,0.0
2002-03-19 00:00:00+09:00,600.01431184199,600.01431184199,591.5718994140625,591.5718994140625,11000,0.0,0.0
2002-03-20 00:00:00+09:00,601.8231182842999,622.3261102899775,601.8231182842999,602.4261474609375,30000,0.0,0.0
2002-03-21 00:00:00+09:00,602.4261474609375,602.4261474609375,602.4261474609375,602.4261474609375,0,0.0,0.0
2002-03-22 00:00:00+09:00,604.2355359716323,624.135508713213,603.0294770175972,621.120361328125,24000,0.0,0.0
2002-03-25 00:00:00+09:00,630.1655598766399,639.2109985351562,621.1201212181236,639.2109985351562,19000,0.0,0.0
2002-03-26 00:00:00+09:00,621.1202193040114,627.1505126953125,621.1202193040114,627.1505126953125,20000,0.0,0.0
2002-03-27 00:00:00+09:00,615.6931502157182,615.6931502157182,593.9840871326959,606.044677734375,15000,0.0,0.0
2002-03-28 00:00:00+09:00,606.0445453908184,618.1051333587949,606.0445453908184,609.0596923828125,20000,0.0,0.0
2002-03-29 00:00:00+09:00,639.2113427974907,639.2113427974907,609.0598643636469,612.0750122070312,14000,0.0,0.0
2002-04-01 00:00:00+09:00,639.2109985351562,639.2109985351562,633.1807060961454,639.2109985351562,11000,0.0,0.0
2002-04-02 00:00:00+09:00,663.3321917498553,675.3927770543982,639.2110211407696,651.2716064453125,22000,0.0,0.0
2002-04-03 00:00:00+09:00,671.7747678484236,675.3929443359375,663.3323560442244,675.3929443359375,11000,0.0,0.0
2002-04-04 00:00:00+09:00,669.3627080502717,693.48388671875,669.3627080502717,693.48388671875,18000,0.0,0.0
2002-04-05 00:00:00+09:00,693.4837435832065,693.4837435832065,672.3777166045872,681.4231567382812,34000,0.0,0.0
2002-04-08 00:00:00+09:00,693.4839019775391,723.6353759765625,693.4839019775391,723.6353759765625,29000,0.0,0.0
2002-04-09 00:00:00+09:00,701.323109681652,723.6351948563907,701.323109681652,723.0321655273438,12000,0.0,0.0
2002-04-10 00:00:00+09:00,723.032165031123,741.72607421875,710.9715784584604,741.72607421875,80000,0.0,0.0
2002-04-11 00:00:00+09:00,741.7262637411178,741.7262637411178,737.5050573621033,739.9171752929688,54000,0.0,0.0
2002-04-12 00:00:00+09:00,727.856298527952,744.741117383613,723.6350938140368,735.6956787109375,22000,0.0,0.0
2002-04-15 00:00:00+09:00,738.7111129760742,738.7111129760742,723.6353759765625,723.6353759765625,13000,0.0,0.0
2002-04-16 00:00:00+09:00,717.6051242634401,717.6051242634401,711.5748291015625,711.5748291015625,4000,0.0,0.0
2002-04-17 00:00:00+09:00,717.6051242634401,717.6051242634401,711.5748291015625,711.5748291015625,6000,0.0,0.0
2002-04-18 00:00:00+09:00,723.6353834502551,738.7111206054688,723.0323539640466,738.7111206054688,53000,0.0,0.0
2002-04-19 00:00:00+09:00,747.7563675050812,747.7563675050812,741.72607421875,741.72607421875,20000,0.0,0.0
2002-04-22 00:00:00+09:00,741.7261150729271,759.8169959283643,741.7261150729271,747.7564086914062,16000,0.0,0.0
2002-04-23 00:00:00+09:00,747.1535334123884,747.1535334123884,738.7111206054688,738.7111206054688,9000,0.0,0.0
2002-04-24 00:00:00+09:00,741.4368896484375,742.0426387412875,740.8311405555875,741.4368896484375,8000,5.5,0.0
2002-04-25 00:00:00+09:00,739.6195531119628,739.6195531119628,721.4470825195312,721.4470825195312,4000,0.0,0.0
2002-04-26 00:00:00+09:00,720.8413471368888,723.8700922929262,714.7838568248142,723.2643432617188,9000,0.0,0.0
2002-04-29 00:00:00+09:00,723.2643432617186,723.2643432617186,723.2643432617186,723.2643432617188,0,0.0,0.0
2002-04-30 00:00:00+09:00,723.2644311523438,726.8989257812501,723.2644311523438,726.89892578125,14000,0.0,0.0
2002-05-01 00:00:00+09:00,726.8987176814011,726.8987176814011,726.2929687499999,726.29296875,9000,0.0,0.0
2002-05-02 00:00:00+09:00,726.2929880863478,726.2929880863478,720.8412475585938,720.8412475585938,3000,0.0,0.0
2002-05-03 00:00:00+09:00,720.8412475585938,720.8412475585938,720.8412475585938,720.8412475585938,0,0.0,0.0
2002-05-06 00:00:00+09:00,720.8412475585938,720.8412475585938,720.8412475585938,720.8412475585938,0,0.0,0.0
2002-05-07 00:00:00+09:00,720.8412475585938,720.8412475585938,720.8412475585938,720.8412475585938,5000,0.0,0.0
2002-05-08 00:00:00+09:00,720.841434733073,726.8989257812501,672.987255452474,726.89892578125,11000,0.0,0.0
2002-05-09 00:00:00+09:00,684.4962487271673,687.5249931905618,679.650257585736,680.8617553710938,13000,0.0,0.0
2002-05-10 00:00:00+09:00,679.6502306363889,680.8617283737086,666.9295043945312,666.9295043945312,6000,0.0,0.0
2002-05-13 00:00:00+09:00,655.4204238821285,657.2376708984375,654.2089258712557,657.2376708984375,9000,0.0,0.0
2002-05-14 00:00:00+09:00,660.2665405273438,666.3240317248424,660.2665405273438,660.2665405273438,7000,0.0,0.0
2002-05-15 00:00:00+09:00,661.4780387668435,666.3240317248424,660.2665405273438,660.2665405273438,20000,0.0,0.0
2002-05-16 00:00:00+09:00,666.3236972741913,690.5536499023438,666.3236972741913,690.5536499023438,7000,0.0,0.0
2002-05-17 00:00:00+09:00,726.2929534788557,751.1286591441043,726.2929534788557,748.0999145507812,27000,0.0,0.0
2002-05-20 00:00:00+09:00,757.1865347928779,786.8682469567586,755.9750363372093,781.41650390625,53000,0.0,0.0
2002-05-21 00:00:00+09:00,763.2437744140625,763.2437744140625,751.1287938678075,763.2437744140625,21000,0.0,0.0
2002-05-22 00:00:00+09:00,763.2438684682378,777.1760978132929,763.2438684682378,775.964599609375,16000,0.0,0.0
2002-05-23 00:00:00+09:00,778.3875000968812,778.3875000968812,763.2437744140625,763.2437744140625,15000,0.0,0.0
2002-05-24 00:00:00+09:00,763.2438265892766,763.2438265892766,748.1000998712354,751.1288452148438,17000,0.0,0.0
2002-05-27 00:00:00+09:00,750.5232066278871,750.5232066278871,709.3322638912476,710.5437622070312,3000,0.0,0.0
2002-05-28 00:00:00+09:00,746.8886017337921,751.1288452148436,746.8886017337921,751.1288452148438,5000,0.0,0.0
2002-05-29 00:00:00+09:00,751.1288452148436,751.1288452148436,751.1288452148436,751.1288452148438,0,0.0,0.0
2002-05-30 00:00:00+09:00,746.8885074696643,746.8885074696643,711.7550659179688,711.7550659179688,10000,0.0,0.0
2002-05-31 00:00:00+09:00,711.7550659179688,712.3608149102394,709.3320699488863,711.7550659179688,21000,0.0,0.0
2002-06-03 00:00:00+09:00,708.7264042568452,709.3321533203125,708.7264042568452,709.3321533203125,2000,0.0,0.0
2002-06-04 00:00:00+09:00,709.3321533203125,709.3321533203125,709.3321533203125,709.3321533203125,0,0.0,0.0
2002-06-05 00:00:00+09:00,726.8989257812501,726.8989257812501,726.8989257812501,726.89892578125,1000,0.0,0.0
2002-06-06 00:00:00+09:00,714.7835952623756,714.7835952623756,684.4961547851562,684.4961547851562,10000,0.0,0.0
2002-06-07 00:00:00+09:00,672.381292615618,678.4387817382812,672.381292615618,678.4387817382812,7000,0.0,0.0
2002-06-10 00:00:00+09:00,672.3815634730082,672.3815634730082,665.7183227539062,665.7183227539062,34000,0.0,0.0
2002-06-11 00:00:00+09:00,678.4389181385869,696.6113891601561,678.4389181385869,696.6113891601562,7000,0.0,0.0
2002-06-12 00:00:00+09:00,696.6114705403646,726.8989257812501,696.6114705403646,726.89892578125,21000,0.0,0.0
2002-06-13 00:00:00+09:00,720.8414843958667,723.8702301286226,708.7265014648438,708.7265014648438,13000,0.0,0.0
2002-06-14 00:00:00+09:00,708.1206279967475,708.72637703695,705.6976318359374,705.6976318359375,18000,0.0,0.0
2002-06-17 00:00:00+09:00,705.6976270799513,705.6976270799513,699.64013671875,699.64013671875,5000,0.0,0.0
2002-06-18 00:00:00+09:00,699.64013671875,699.64013671875,699.64013671875,699.64013671875,3000,0.0,0.0
2002-06-19 00:00:00+09:00,699.64013671875,699.64013671875,699.64013671875,699.64013671875,7000,0.0,0.0
2002-06-20 00:00:00+09:00,696.0057657702215,702.6690063476562,696.0057657702215,702.6690063476562,4000,0.0,0.0
2002-06-21 00:00:00+09:00,714.7838674389752,720.8413578410004,705.6976318359374,705.6976318359375,12000,0.0,0.0
2002-06-24 00:00:00+09:00,705.6975318968977,705.6975318968977,689.9480590820312,689.9480590820312,9000,0.0,0.0
2002-06-25 00:00:00+09:00,689.94827433619,702.6690063476562,689.94827433619,702.6690063476562,12000,0.0,0.0
2002-06-26 00:00:00+09:00,696.6114864233165,696.6114864233165,692.3712425929136,696.0057373046875,21000,0.0,0.0
2002-06-27 00:00:00+09:00,696.0055001940046,698.4284958430699,672.9870415278843,678.4387817382812,24000,0.0,0.0
2002-06-28 00:00:00+09:00,714.7839892157192,714.7839892157192,702.6690063476562,702.6690063476562,4000,0.0,0.0
2002-07-01 00:00:00+09:00,702.6690063476562,714.7839892157192,702.6690063476562,702.6690063476562,10000,0.0,0.0
2002-07-02 00:00:00+09:00,703.2747802734375,703.2747802734375,703.2747802734375,703.2747802734375,1000,0.0,0.0
2002-07-03 00:00:00+09:00,726.898737033876,726.898737033876,720.8412475585938,720.8412475585938,2000,0.0,0.0
2002-07-04 00:00:00+09:00,726.8987734243586,726.8987734243586,720.2355346679688,720.2355346679688,11000,0.0,0.0
2002-07-05 00:00:00+09:00,720.2355346679688,720.2355346679688,720.2355346679688,720.2355346679688,0,0.0,0.0
2002-07-08 00:00:00+09:00,705.0918270029921,711.7550659179688,705.0918270029921,711.7550659179688,2000,0.0,0.0
2002-07-09 00:00:00+09:00,687.5252813355536,708.7265014648438,687.5252813355536,708.7265014648438,9000,0.0,0.0
2002-07-10 00:00:00+09:00,696.6111309760439,697.2168797855883,684.4961547851562,684.4961547851562,25000,0.0,0.0
2002-07-11 00:00:00+09:00,684.4963107069,726.2929880863478,684.4963107069,720.8412475585938,20000,0.0,0.0
2002-07-12 00:00:00+09:00,693.5825188246988,696.6112634483875,675.410051082567,680.2560424804688,50000,0.0,0.0
2002-07-15 00:00:00+09:00,680.2559131183455,684.4961547851562,680.2559131183455,684.4961547851562,3000,0.0,0.0
2002-07-16 00:00:00+09:00,684.4961547851562,684.4961547851562,684.4961547851562,684.4961547851562,10000,0.0,0.0
2002-07-17 00:00:00+09:00,684.4964961819779,684.4964961819779,683.8907470703125,683.8907470703125,3000,0.0,0.0
2002-07-18 00:00:00+09:00,683.8907470703125,683.8907470703125,680.8620015119851,683.8907470703125,10000,0.0,0.0
2002-07-19 00:00:00+09:00,684.4964961819779,684.4964961819779,660.2665317153592,683.8907470703125,9000,0.0,0.0
2002-07-22 00:00:00+09:00,683.8904059756119,684.4961547851562,683.8904059756119,684.4961547851562,21000,0.0,0.0
2002-07-23 00:00:00+09:00,681.4675903320312,681.4675903320312,681.4675903320312,681.4675903320312,8000,0.0,0.0
2002-07-24 00:00:00+09:00,681.4675903320312,681.4675903320312,681.4675903320312,681.4675903320312,0,0.0,0.0
2002-07-25 00:00:00+09:00,666.3236182227828,666.3236182227828,654.8143920898438,654.8143920898438,12000,0.0,0.0
2002-07-26 00:00:00+09:00,654.8143920898438,654.8143920898438,654.8143920898438,654.8143920898438,0,0.0,0.0
2002-07-29 00:00:00+09:00,672.9872798885311,672.9872798885311,672.3815307617188,672.3815307617188,7000,0.0,0.0
2002-07-30 00:00:00+09:00,672.987263060334,684.4964961819779,672.987263060334,683.8907470703125,4000,0.0,0.0
2002-07-31 00:00:00+09:00,673.5929565429688,673.5929565429688,673.5929565429688,673.5929565429688,2000,0.0,0.0
2002-08-01 00:00:00+09:00,672.3815288284785,672.3815288284785,669.352783203125,669.352783203125,6000,0.0,0.0
2002-08-02 00:00:00+09:00,672.38145841969,673.5929565429688,669.3527131114932,673.5929565429688,14000,0.0,0.0
2002-08-05 00:00:00+09:00,669.3524582399538,684.4961790146134,636.0362725357028,640.8822631835938,26000,0.0,0.0
2002-08-06 00:00:00+09:00,652.9974365234375,652.9974365234375,652.9974365234375,652.9974365234375,3000,0.0,0.0
2002-08-07 00:00:00+09:00,666.3239034016927,666.3239034016927,654.2089233398438,654.2089233398438,7000,0.0,0.0
2002-08-08 00:00:00+09:00,654.2089233398438,654.2089233398438,654.2089233398438,654.2089233398438,0,0.0,0.0
2002-08-09 00:00:00+09:00,654.2089233398438,654.2089233398438,654.2089233398438,654.2089233398438,1000,0.0,0.0
2002-08-12 00:00:00+09:00,643.3054277425357,655.4204075493632,643.3054277425357,652.3916625976562,4000,0.0,0.0
2002-08-13 00:00:00+09:00,643.9112435927414,645.1227416992188,642.699745486264,645.1227416992188,9000,0.0,0.0
2002-08-14 00:00:00+09:00,642.6997230751031,647.5457153320312,642.6997230751031,647.5457153320312,3000,0.0,0.0
2002-08-15 00:00:00+09:00,643.3055171409269,643.9112662154475,642.6997680664062,642.6997680664062,17000,0.0,0.0
2002-08-16 00:00:00+09:00,643.3055419921875,643.3055419921875,643.3055419921875,643.3055419921875,1000,0.0,0.0
2002-08-19 00:00:00+09:00,643.3054231926585,643.3054231926585,633.0076904296875,633.0076904296875,17000,0.0,0.0
2002-08-20 00:00:00+09:00,632.4019414436304,636.0364353599731,632.4019414436304,633.0076904296875,13000,0.0,0.0
2002-08-21 00:00:00+09:00,684.4963734944662,684.4963734944662,654.2089233398438,654.2089233398438,12000,0.0,0.0
2002-08-22 00:00:00+09:00,648.151482315425,648.151482315425,639.0652465820312,639.0652465820312,13000,0.0,0.0
2002-08-23 00:00:00+09:00,639.0652465820312,639.0652465820312,639.0652465820312,639.0652465820312,0,0.0,0.0
2002-08-26 00:00:00+09:00,643.3054945395027,645.1227416992188,642.0939964330253,645.1227416992188,26000,0.0,0.0
2002-08-27 00:00:00+09:00,645.1227393960054,645.1227393960054,636.0365036298645,642.093994140625,30000,0.0,0.0
2002-08-28 00:00:00+09:00,642.699745486264,645.1227416992188,642.0939964330253,645.1227416992188,21000,0.0,0.0
2002-08-29 00:00:00+09:00,645.1227416992188,645.1227416992188,645.1227416992188,645.1227416992188,2000,0.0,0.0
2002-08-30 00:00:00+09:00,680.8619358403023,680.8619358403023,639.0652511668318,645.1227416992188,12000,0.0,0.0
2002-09-02 00:00:00+09:00,645.1227416992188,645.1227416992188,645.1227416992188,645.1227416992188,1000,0.0,0.0
2002-09-03 00:00:00+09:00,654.8145309593564,654.8145309593564,636.0363159179688,636.0363159179688,7000,0.0,0.0
2002-09-04 00:00:00+09:00,629.9790405755929,629.9790405755929,611.8065682512969,613.01806640625,13000,0.0,0.0
2002-09-05 00:00:00+09:00,613.6239013671875,613.6239013671875,613.0181522049296,613.6239013671875,15000,0.0,0.0
2002-09-06 00:00:00+09:00,612.4121645566348,612.4121645566348,606.3546752929688,606.3546752929688,10000,0.0,0.0
2002-09-09 00:00:00+09:00,613.0182659852852,636.0367384234678,613.0182659852852,623.9217529296875,6000,0.0,0.0
2002-09-10 00:00:00+09:00,613.0180166112315,613.0180166112315,611.8065185546875,611.8065185546875,20000,0.0,0.0
2002-09-11 00:00:00+09:00,613.0182659852852,623.9217529296875,613.0182659852852,623.9217529296875,49000,0.0,0.0
2002-09-12 00:00:00+09:00,612.4122723747703,617.864013671875,612.4122723747703,617.864013671875,12000,0.0,0.0
2002-09-13 00:00:00+09:00,611.8065774642413,611.8065774642413,608.77783203125,608.77783203125,20000,0.0,0.0
2002-09-16 00:00:00+09:00,608.77783203125,608.77783203125,608.77783203125,608.77783203125,0,0.0,0.0
2002-09-17 00:00:00+09:00,606.9605310776655,617.864013671875,605.7490330116422,617.864013671875,38000,0.0,0.0
2002-09-18 00:00:00+09:00,617.8642601827974,626.9504993031326,614.8355138093522,623.9217529296875,36000,0.0,0.0
2002-09-19 00:00:00+09:00,636.0364532470703,672.3813934326172,636.0364532470703,654.2089233398438,37000,0.0,0.0
2002-09-20 00:00:00+09:00,683.2846641138981,690.5536499023438,672.3811854312295,690.5536499023438,25000,0.0,0.0
2002-09-23 00:00:00+09:00,690.5536499023438,690.5536499023438,690.5536499023438,690.5536499023438,0,0.0,0.0
2002-09-24 00:00:00+09:00,697.2171381942085,697.2171381942085,684.49640847911,696.6113891601562,12000,0.0,0.0
2002-09-25 00:00:00+09:00,694.7943717262962,695.4001209605824,654.2091730291194,666.3241577148438,8000,0.0,0.0
2002-09-26 00:00:00+09:00,666.3241577148438,666.3241577148438,665.7184084805575,666.3241577148438,27000,0.0,0.0
2002-09-27 00:00:00+09:00,666.3241577148438,666.3241577148438,666.3241577148438,666.3241577148438,14000,0.0,0.0
2002-09-30 00:00:00+09:00,686.9191500233337,690.5536428806001,684.4961547851562,684.4961547851562,16000,0.0,0.0
2002-10-01 00:00:00+09:00,672.9870415278843,682.0732752118791,672.381292615618,678.4387817382812,13000,0.0,0.0
2002-10-02 00:00:00+09:00,678.438878881814,678.438878881814,677.8331298828125,677.8331298828125,8000,0.0,0.0
2002-10-03 00:00:00+09:00,672.3815307617188,672.3815307617188,672.3815307617188,672.3815307617188,10000,0.0,0.0
2002-10-04 00:00:00+09:00,666.3241577148438,666.92990694913,666.3241577148438,666.3241577148438,5000,0.0,0.0
2002-10-07 00:00:00+09:00,666.3241577148438,669.3529038862749,660.2666653719816,666.3241577148438,23000,0.0,0.0
2002-10-08 00:00:00+09:00,666.3241577148438,672.381650057706,666.3241577148438,666.3241577148438,18000,0.0,0.0
2002-10-09 00:00:00+09:00,672.3811785942685,684.4961547851562,672.3811785942685,684.4961547851562,23000,0.0,0.0
2002-10-10 00:00:00+09:00,672.381292615618,678.4387817382812,666.3238034929548,678.4387817382812,9000,0.0,0.0
2002-10-11 00:00:00+09:00,684.49640847911,696.6113891601561,684.49640847911,696.6113891601562,20000,0.0,0.0
2002-10-14 00:00:00+09:00,696.6113891601561,696.6113891601561,696.6113891601561,696.6113891601562,0,0.0,0.0
2002-10-15 00:00:00+09:00,696.6113891601561,696.6113891601561,672.3814277980638,696.6113891601562,10000,0.0,0.0
2002-10-16 00:00:00+09:00,696.0056401261039,696.6113891601561,689.3424007515284,696.6113891601562,14000,0.0,0.0
2002-10-17 00:00:00+09:00,708.7264687958959,708.7264687958959,696.0057373046875,696.0057373046875,3000,0.0,0.0
2002-10-18 00:00:00+09:00,696.0057373046875,696.0057373046875,696.0057373046875,696.0057373046875,3000,0.0,0.0
2002-10-21 00:00:00+09:00,706.3033737049932,706.3033737049932,684.49640847911,696.6113891601562,13000,0.0,0.0
2002-10-22 00:00:00+09:00,696.6115185338208,726.8989758613783,696.6115185338208,708.7265014648438,24000,0.0,0.0
2002-10-23 00:00:00+09:00,709.3321510694449,714.7838926233518,706.3034057617188,706.3034057617188,8000,0.0,0.0
2002-10-24 00:00:00+09:00,706.9091796875,706.9091796875,706.9091796875,706.9091796875,10000,0.0,0.0
2002-10-25 00:00:00+09:00,719.0242460242874,723.8702392578126,719.0242460242874,723.8702392578125,10000,0.0,0.0
2002-10-28 00:00:00+09:00,736.6550600625635,751.2664000968623,736.0462542278011,748.8311767578125,32000,6.0,0.0
2002-10-29 00:00:00+09:00,730.567138671875,730.567138671875,730.567138671875,730.567138671875,0,0.0,0.0
2002-10-30 00:00:00+09:00,728.1318969726562,728.1318969726562,728.1318969726562,728.1318969726562,0,0.0,0.0
2002-10-31 00:00:00+09:00,726.9143029785156,730.567138671875,724.4790791829427,730.567138671875,15000,0.0,0.0
2002-11-01 00:00:00+09:00,730.567138671875,731.1759446207682,730.567138671875,730.567138671875,36000,0.0,0.0
2002-11-04 00:00:00+09:00,730.567138671875,730.567138671875,730.567138671875,730.567138671875,0,0.0,0.0
2002-11-05 00:00:00+09:00,730.567138671875,730.567138671875,730.567138671875,730.567138671875,12000,0.0,0.0
2002-11-06 00:00:00+09:00,730.567138671875,730.567138671875,718.3910196940104,730.567138671875,28000,0.0,0.0
2002-11-07 00:00:00+09:00,730.567138671875,736.046392211914,730.567138671875,730.567138671875,23000,0.0,0.0
2002-11-08 00:00:00+09:00,718.390869140625,718.390869140625,718.390869140625,718.390869140625,3000,0.0,0.0
2002-11-11 00:00:00+09:00,718.3908840013587,718.3908840013587,700.126708984375,700.126708984375,16000,0.0,0.0
2002-11-12 00:00:00+09:00,694.038330078125,694.038330078125,694.038330078125,694.038330078125,3000,0.0,0.0
2002-11-13 00:00:00+09:00,694.038330078125,694.038330078125,694.038330078125,694.038330078125,2000,0.0,0.0
2002-11-14 00:00:00+09:00,694.038330078125,697.0823578416255,694.038330078125,694.038330078125,5000,0.0,0.0
2002-11-15 00:00:00+09:00,694.038330078125,694.038330078125,694.038330078125,694.038330078125,1000,0.0,0.0
2002-11-18 00:00:00+09:00,694.038330078125,694.038330078125,694.038330078125,694.038330078125,3000,0.0,0.0
2002-11-19 00:00:00+09:00,694.038526191086,705.6058349609375,694.038526191086,705.6058349609375,7000,0.0,0.0
2002-11-20 00:00:00+09:00,702.5618202501663,715.3467407226564,702.5618202501663,715.3467407226562,5000,0.0,0.0
2002-11-21 00:00:00+09:00,715.3468548318614,715.3468548318614,700.126708984375,700.126708984375,38000,0.0,0.0
2002-11-22 00:00:00+09:00,627.6787612734871,670.2951660156249,627.6787612734871,670.295166015625,11000,0.0,0.0
2002-11-25 00:00:00+09:00,676.3830833798363,703.1705322265625,676.3830833798363,703.1705322265625,3000,0.0,0.0
2002-11-26 00:00:00+09:00,695.2562623131794,703.1707381538723,694.0386506453805,700.126708984375,11000,0.0,0.0
2002-11-27 00:00:00+09:00,695.8649571455287,715.3467407226564,695.2561514087434,715.3467407226562,6000,0.0,0.0
2002-11-28 00:00:00+09:00,703.1705322265625,703.1705322265625,703.1705322265625,703.1705322265625,9000,0.0,0.0
2002-11-29 00:00:00+09:00,715.3468548318614,715.3468548318614,700.126708984375,700.126708984375,8000,0.0,0.0
2002-12-02 00:00:00+09:00,700.126708984375,700.126708984375,700.126708984375,700.126708984375,0,0.0,0.0
2002-12-03 00:00:00+09:00,703.1707381538723,703.1707381538723,694.0386506453805,700.126708984375,23000,0.0,0.0
2002-12-04 00:00:00+09:00,700.126708984375,700.126708984375,700.126708984375,700.126708984375,33000,0.0,0.0
2002-12-05 00:00:00+09:00,700.7355148182745,706.2147673233695,694.0386506453805,700.126708984375,55000,0.0,0.0
2002-12-06 00:00:00+09:00,718.390869140625,718.390869140625,717.7820633193194,718.390869140625,5000,0.0,0.0
2002-12-09 00:00:00+09:00,718.390869140625,718.390869140625,718.390869140625,718.390869140625,0,0.0,0.0
2002-12-10 00:00:00+09:00,700.1266821289063,761.0072631835938,700.1266821289063,761.0072631835938,71000,0.0,0.0
2002-12-11 00:00:00+09:00,712.3029602050781,742.7432576497396,712.3029602050781,730.567138671875,18000,0.0,0.0
2002-12-12 00:00:00+09:00,730.5667877197266,730.5667877197266,700.1265048980713,701.3441162109375,29000,0.0,0.0
2002-12-13 00:00:00+09:00,700.126708984375,701.3443206521739,700.126708984375,700.126708984375,33000,0.0,0.0
2002-12-16 00:00:00+09:00,700.1266285289418,700.1266285289418,669.6863403320312,669.6863403320312,20000,0.0,0.0
2002-12-17 00:00:00+09:00,676.3830540248325,682.4711103166852,670.2949977329798,681.8623046875,16000,0.0,0.0
2002-12-18 00:00:00+09:00,683.0800834037161,683.0800834037161,675.7744140625,675.7744140625,16000,0.0,0.0
2002-12-19 00:00:00+09:00,676.3832425078655,676.3832425078655,672.1216019160067,672.7304077148438,21000,0.0,0.0
2002-12-20 00:00:00+09:00,698.909033643018,698.909033643018,669.6863562781531,675.7744140625,18000,0.0,0.0
2002-12-23 00:00:00+09:00,675.7744140625,675.7744140625,675.7744140625,675.7744140625,0,0.0,0.0
2002-12-24 00:00:00+09:00,699.5178628636701,699.5178628636701,672.7304077148438,672.7304077148438,20000,0.0,0.0
2002-12-25 00:00:00+09:00,700.1266451998873,700.1266451998873,675.7744140625,675.7744140625,26000,0.0,0.0
2002-12-26 00:00:00+09:00,675.7744140625,675.7744140625,675.7744140625,675.7744140625,0,0.0,0.0
2002-12-27 00:00:00+09:00,695.8651123046875,695.8651123046875,695.8651123046875,695.8651123046875,2000,0.0,0.0
2002-12-30 00:00:00+09:00,708.0411390633419,708.0411390633419,706.2147216796875,706.2147216796875,4000,0.0,0.0
2002-12-31 00:00:00+09:00,706.2147216796875,706.2147216796875,706.2147216796875,706.2147216796875,0,0.0,0.0
2003-01-01 00:00:00+09:00,706.2147216796875,706.2147216796875,706.2147216796875,706.2147216796875,0,0.0,0.0
2003-01-02 00:00:00+09:00,706.2147216796875,706.2147216796875,706.2147216796875,706.2147216796875,0,0.0,0.0
2003-01-03 00:00:00+09:00,706.2147216796875,706.2147216796875,706.2147216796875,706.2147216796875,0,0.0,0.0
2003-01-06 00:00:00+09:00,706.2147216796875,706.2147216796875,706.2147216796875,706.2147216796875,3000,0.0,0.0
2003-01-07 00:00:00+09:00,724.4788818359375,724.4788818359375,724.4788818359375,724.4788818359375,2000,0.0,0.0
2003-01-08 00:00:00+09:00,714.1292884806636,714.1292884806636,695.8651123046875,695.8651123046875,5000,0.0,0.0
2003-01-09 00:00:00+09:00,695.8651123046875,695.8651123046875,695.8651123046875,695.8651123046875,0,0.0,0.0
2003-01-10 00:00:00+09:00,695.8651320984313,696.4739379882811,695.8651320984313,696.4739379882812,2000,0.0,0.0
2003-01-13 00:00:00+09:00,696.4739379882811,696.4739379882811,696.4739379882811,696.4739379882812,0,0.0,0.0
2003-01-14 00:00:00+09:00,697.082763671875,697.082763671875,697.082763671875,697.082763671875,0,0.0,0.0
2003-01-15 00:00:00+09:00,697.6915158002804,712.3028564453125,697.6915158002804,712.3028564453125,29000,0.0,0.0
2003-01-16 00:00:00+09:00,703.1705322265625,703.1705322265625,703.1705322265625,703.1705322265625,13000,0.0,0.0
2003-01-17 00:00:00+09:00,703.1705322265625,703.1705322265625,702.5617265709551,703.1705322265625,9000,0.0,0.0
2003-01-20 00:00:00+09:00,703.1707381538723,703.1707381538723,700.126708984375,700.126708984375,6000,0.0,0.0
2003-01-21 00:00:00+09:00,703.7795439877717,703.7795439877717,700.126708984375,700.126708984375,25000,0.0,0.0
2003-01-22 00:00:00+09:00,706.2147673233695,706.2147673233695,700.126708984375,700.126708984375,11000,0.0,0.0
2003-01-23 00:00:00+09:00,700.126708984375,700.126708984375,700.126708984375,700.126708984375,5000,0.0,0.0
2003-01-24 00:00:00+09:00,700.7355148182745,700.7355148182745,700.126708984375,700.126708984375,17000,0.0,0.0
2003-01-27 00:00:00+09:00,703.1706927069303,709.2587506524449,700.126663734173,706.2147216796875,39000,0.0,0.0
2003-01-28 00:00:00+09:00,706.823460407663,715.3467407226564,706.823460407663,715.3467407226562,60000,0.0,0.0
2003-01-29 00:00:00+09:00,718.390869140625,718.390869140625,718.390869140625,718.390869140625,11000,0.0,0.0
2003-01-30 00:00:00+09:00,718.390869140625,718.390869140625,718.390869140625,718.390869140625,8000,0.0,0.0
2003-01-31 00:00:00+09:00,718.390869140625,718.390869140625,717.7820633193194,718.390869140625,13000,0.0,0.0
2003-02-03 00:00:00+09:00,670.9038830773304,682.47119140625,670.9038830773304,682.47119140625,7200,0.0,0.0
2003-02-04 00:00:00+09:00,718.3906606488524,718.3906606488524,687.9503784179688,687.9503784179688,11300,0.0,0.0
2003-02-05 00:00:00+09:00,700.1266358069463,717.1731973744198,687.9505204016082,688.559326171875,8400,0.0,0.0
2003-02-06 00:00:00+09:00,712.3027512122845,712.3027512122845,687.9505204016082,688.559326171875,2300,0.0,0.0
2003-02-07 00:00:00+09:00,687.9505204016082,688.559326171875,687.9505204016082,688.559326171875,300,0.0,0.0
2003-02-10 00:00:00+09:00,687.9505204016082,704.3882761988147,687.9505204016082,688.559326171875,2900,0.0,0.0
2003-02-11 00:00:00+09:00,688.559326171875,688.559326171875,688.559326171875,688.559326171875,0,0.0,0.0
2003-02-12 00:00:00+09:00,700.1264913103222,700.1264913103222,687.9503784179688,687.9503784179688,8900,0.0,0.0
2003-02-13 00:00:00+09:00,688.5594877830565,700.1268001330814,687.9506818698974,689.777099609375,1300,0.0,0.0
2003-02-14 00:00:00+09:00,688.5591021426575,689.1679077148438,688.5591021426575,689.1679077148438,1500,0.0,0.0
2003-02-17 00:00:00+09:00,690.9945068359375,690.9945068359375,687.950478171462,690.9945068359375,44400,0.0,0.0
2003-02-18 00:00:00+09:00,665.4246215820312,666.033427274238,661.7717874287904,665.4246215820312,6800,0.0,0.0
2003-02-19 00:00:00+09:00,663.5985107421875,666.6425406079773,657.5104510106078,663.5985107421875,23400,0.0,0.0
2003-02-20 00:00:00+09:00,666.6422928858847,667.2510986328125,666.6422928858847,667.2510986328125,3100,0.0,0.0
2003-02-21 00:00:00+09:00,687.3417074862393,687.3417074862393,668.4687288041548,669.6863403320312,35900,0.0,0.0
2003-02-24 00:00:00+09:00,669.6865268923202,669.6865268923202,639.2462302153965,645.3342895507812,4600,0.0,0.0
2003-02-25 00:00:00+09:00,633.1581207643072,657.5103561783191,630.7228972229061,656.9015502929688,44800,0.0,0.0
2003-02-26 00:00:00+09:00,645.9428280033869,650.2044677734375,645.3340223219511,650.2044677734375,18300,0.0,0.0
2003-02-27 00:00:00+09:00,645.9430954843198,648.3783192184736,645.3342895507812,645.3342895507812,9800,0.0,0.0
2003-02-28 00:00:00+09:00,669.6863403320312,669.6863403320312,651.4221674138848,669.6863403320312,15100,0.0,0.0
2003-03-03 00:00:00+09:00,663.5983118127893,663.5983118127893,657.51025390625,657.51025390625,6800,0.0,0.0
2003-03-04 00:00:00+09:00,669.0777414161905,669.0777414161905,645.334309282222,645.943115234375,12700,0.0,0.0
2003-03-05 00:00:00+09:00,628.8962201850359,630.1138314535451,624.6345807452534,628.2874145507812,126600,0.0,0.0
2003-03-06 00:00:00+09:00,628.2874745244566,631.3315029862998,627.0698631397192,630.1138916015625,68600,0.0,0.0
2003-03-07 00:00:00+09:00,628.2874145507812,628.2874145507812,626.4609976480173,628.2874145507812,83400,0.0,0.0
2003-03-10 00:00:00+09:00,627.0701904296875,628.2878024499392,622.8085483588061,627.0701904296875,72400,0.0,0.0
2003-03-11 00:00:00+09:00,627.0701904296875,630.114220480317,627.0701904296875,627.0701904296875,72300,0.0,0.0
2003-03-12 00:00:00+09:00,628.2874145507812,633.1578596248182,627.6786089165266,628.2874145507812,43700,0.0,0.0
2003-03-13 00:00:00+09:00,628.2874745244566,633.1579200634059,627.0698631397192,630.1138916015625,57700,0.0,0.0
2003-03-14 00:00:00+09:00,634.3755493164062,634.3755493164062,627.0698808022058,634.3755493164062,47400,0.0,0.0
2003-03-17 00:00:00+09:00,627.0700058470852,629.5052291707633,627.0700058470852,628.8964233398438,10000,0.0,0.0
2003-03-18 00:00:00+09:00,630.7226972939312,633.1579200634059,627.0698631397192,630.1138916015625,32900,0.0,0.0
2003-03-19 00:00:00+09:00,627.0701904296875,627.6789964398134,608.8060101259102,627.0701904296875,16400,0.0,0.0
2003-03-20 00:00:00+09:00,627.0697874534787,630.1138155479131,609.4144245057595,618.5465087890625,35000,0.0,0.0
2003-03-21 00:00:00+09:00,618.5465087890625,618.5465087890625,618.5465087890625,618.5465087890625,0,0.0,0.0
2003-03-24 00:00:00+09:00,628.8964447110284,630.1140564142443,627.0700271562044,627.6788330078125,18900,0.0,0.0
2003-03-25 00:00:00+09:00,627.6786688320879,630.1138916015625,620.9818062160326,630.1138916015625,9500,0.0,0.0
2003-03-26 00:00:00+09:00,632.5493649464734,645.3342895507812,630.1141412123194,645.3342895507812,19100,0.0,0.0
2003-03-27 00:00:00+09:00,645.3342895507812,645.3342895507812,632.5493649464734,645.3342895507812,68800,0.0,0.0
2003-03-28 00:00:00+09:00,648.378053832662,648.378053832662,639.2459685674132,644.7252197265625,30600,0.0,0.0
2003-03-31 00:00:00+09:00,644.7254836172428,648.3783192184736,633.1581708800118,645.3342895507812,24700,0.0,0.0
2003-04-01 00:00:00+09:00,644.7252228655134,644.7252228655134,633.1579148065476,639.2459716796875,26600,0.0,0.0
2003-04-02 00:00:00+09:00,642.2899969891628,645.3340254109123,637.4195515143634,644.7252197265625,30000,0.0,0.0
2003-04-03 00:00:00+09:00,644.7252228655134,645.3340285528274,631.9403034319197,639.2459716796875,30100,0.0,0.0
2003-04-04 00:00:00+09:00,633.157958984375,633.157958984375,621.5906501183142,633.157958984375,21700,0.0,0.0
2003-04-07 00:00:00+09:00,639.2460965562141,640.463708168702,635.59326171875,635.59326171875,35600,0.0,0.0
2003-04-08 00:00:00+09:00,639.2461441883638,639.2461441883638,627.6788330078125,627.6788330078125,27900,0.0,0.0
2003-04-09 00:00:00+09:00,633.1579698297138,642.2900559330269,616.72021484375,616.72021484375,18600,0.0,0.0
2003-04-10 00:00:00+09:00,620.9819524090989,648.3782150153827,617.9379232306229,647.7694091796875,38800,0.0,0.0
2003-04-11 00:00:00+09:00,647.769389552696,648.3781953699448,620.98193359375,620.98193359375,16400,0.0,0.0
2003-04-14 00:00:00+09:00,624.026160379058,627.0701904296875,624.026160379058,627.0701904296875,2000,0.0,0.0
2003-04-15 00:00:00+09:00,627.0698579334078,644.7252228655134,620.9818010602679,639.2459716796875,44000,0.0,0.0
2003-04-16 00:00:00+09:00,639.2460162823016,639.2460162823016,633.157958984375,633.157958984375,19100,0.0,0.0
2003-04-17 00:00:00+09:00,639.2461844471014,651.4223022460938,633.1581255476052,651.4223022460938,35000,0.0,0.0
2003-04-18 00:00:00+09:00,657.5104510106078,669.6865704737671,651.422391279028,663.5985107421875,29800,0.0,0.0
2003-04-21 00:00:00+09:00,663.5982728470203,663.5982728470203,636.2020138762717,654.4661865234375,39100,0.0,0.0
2003-04-22 00:00:00+09:00,654.4662249529803,657.51025390625,651.4221959997107,657.51025390625,23500,0.0,0.0
2003-04-23 00:00:00+09:00,657.5102140465561,657.5102140465561,639.8548471878986,656.2926025390625,46900,0.0,0.0
2003-04-24 00:00:00+09:00,664.2513785729042,664.2513785729042,636.7017822265625,636.7017822265625,29000,6.0,0.0
2003-04-25 00:00:00+09:00,636.70166015625,642.8237915039062,626.90625,642.8237915039062,23000,0.0,0.0
2003-04-28 00:00:00+09:00,661.190185546875,661.190185546875,636.70166015625,642.8237915039062,20800,0.0,0.0
2003-04-29 00:00:00+09:00,642.8237915039062,642.8237915039062,642.8237915039062,642.8237915039062,0,0.0,0.0
2003-04-30 00:00:00+09:00,655.068359375,655.068359375,640.9874507155373,655.068359375,7000,0.0,0.0
2003-05-01 00:00:00+09:00,640.3751893286612,642.8240428251379,624.4576416015625,624.4576416015625,11200,0.0,0.0
2003-05-02 00:00:00+09:00,648.9460755835399,649.5582888623924,647.7216490258352,648.3338623046875,4400,0.0,0.0
2003-05-05 00:00:00+09:00,648.3338623046875,648.3338623046875,648.3338623046875,648.3338623046875,0,0.0,0.0
2003-05-06 00:00:00+09:00,647.7216525607639,648.946079125151,618.335415015474,633.6407470703125,57300,0.0,0.0
2003-05-07 00:00:00+09:00,633.6407159658579,638.5384219829853,613.4376786452074,636.7017822265625,54300,0.0,0.0
2003-05-08 00:00:00+09:00,636.0895689744216,636.7017822265625,627.5185834444486,636.7017822265625,16000,0.0,0.0
2003-05-09 00:00:00+09:00,630.5796836514778,630.5796836514778,618.3354179495074,621.396484375,19600,0.0,0.0
2003-05-12 00:00:00+09:00,635.477417345673,636.7018439686897,633.6407774111478,634.2529907226562,11900,0.0,0.0
2003-05-13 00:00:00+09:00,636.7017822265625,642.8239147479718,635.4773557222807,636.7017822265625,11000,0.0,0.0
2003-05-14 00:00:00+09:00,635.4774729602742,648.9461669921875,635.4774729602742,648.9461669921875,49400,0.0,0.0
2003-05-15 00:00:00+09:00,636.7019090839461,636.7019090839461,618.9477212344899,624.4576416015625,8300,0.0,0.0
2003-05-16 00:00:00+09:00,628.1307966965895,636.7017822265625,625.0697304358849,636.7017822265625,3800,0.0,0.0
2003-05-19 00:00:00+09:00,635.4773869168931,635.4773869168931,625.6819744017965,633.6407470703125,2100,0.0,0.0
2003-05-20 00:00:00+09:00,618.3355653633191,636.7019682949029,618.3355653633191,630.579833984375,25400,0.0,0.0
2003-05-21 00:00:00+09:00,630.5796497051532,641.5994882436898,626.2941569401668,636.7017822265625,63500,0.0,0.0
2003-05-22 00:00:00+09:00,642.8240029121995,662.414829667619,639.7629362316652,649.558349609375,94100,0.0,0.0
2003-05-23 00:00:00+09:00,642.8240854805763,667.3126220703125,642.8240854805763,667.3126220703125,45700,0.0,0.0
2003-05-26 00:00:00+09:00,661.1905719010651,678.9447631835938,661.1905719010651,678.9447631835938,34000,0.0,0.0
2003-05-27 00:00:00+09:00,673.4347879502789,691.8011912580138,652.6195308681794,665.4760131835938,9600,0.0,0.0
2003-05-28 00:00:00+09:00,673.4346313476562,673.4346313476562,659.353725419478,673.4346313476562,5400,0.0,0.0
2003-05-29 00:00:00+09:00,673.4344482421875,673.4344482421875,656.29248046875,666.087890625,13100,0.0,0.0
2003-05-30 00:00:00+09:00,673.4346313476562,673.4346313476562,664.8636451305043,673.4346313476562,13300,0.0,0.0
2003-06-02 00:00:00+09:00,673.4346313476562,674.0468446488815,668.5369249378551,673.4346313476562,9800,0.0,0.0
2003-06-03 00:00:00+09:00,672.2102047452059,675.8834845525569,670.3735648415305,673.4346313476562,45800,0.0,0.0
2003-06-04 00:00:00+09:00,670.3736234097868,679.5568237304688,667.3125566362261,679.5568237304688,26500,0.0,0.0
2003-06-05 00:00:00+09:00,674.6588745117188,685.6787109375,673.4344482421875,685.6787109375,7100,0.0,0.0
2003-06-06 00:00:00+09:00,673.4344482421875,685.6787109375,670.3733825683594,685.6787109375,15700,0.0,0.0
2003-06-09 00:00:00+09:00,673.4347562177466,673.4347562177466,667.3126220703125,667.3126220703125,8400,0.0,0.0
2003-06-10 00:00:00+09:00,667.9245300292969,685.6787109375,661.190185546875,685.6787109375,10700,0.0,0.0
2003-06-11 00:00:00+09:00,672.8224180464312,676.495697853782,671.5979914439808,673.4346313476562,43500,0.0,0.0
2003-06-12 00:00:00+09:00,673.4344482421875,685.6787109375,673.4344482421875,685.6787109375,22200,0.0,0.0
2003-06-13 00:00:00+09:00,679.5567930206106,683.8422863099298,679.5567930206106,680.1690063476562,5200,0.0,0.0
2003-06-16 00:00:00+09:00,680.781005859375,685.6787109375,679.5565795898438,685.6787109375,11500,0.0,0.0
2003-06-17 00:00:00+09:00,679.5565795898438,685.6787109375,679.5565795898438,685.6787109375,16100,0.0,0.0
2003-06-18 00:00:00+09:00,685.6787109375,686.2909240722656,673.4344482421875,685.6787109375,23600,0.0,0.0
2003-06-19 00:00:00+09:00,686.2911044424154,697.9231570600834,679.5567581900813,696.69873046875,55400,0.0,0.0
2003-06-20 00:00:00+09:00,697.9230639965502,722.4115925578327,696.6986375684861,707.1062622070312,53000,0.0,0.0
2003-06-23 00:00:00+09:00,682.6178604305168,697.3109802962857,677.1079404808534,677.7201538085938,24400,0.0,0.0
2003-06-24 00:00:00+09:00,674.0468443162644,683.842257131033,668.5369246079571,674.6590576171875,9600,0.0,0.0
2003-06-25 00:00:00+09:00,697.9232243718328,697.9232243718328,679.5568237304688,679.5568237304688,18500,0.0,0.0
2003-06-26 00:00:00+09:00,679.5564000429619,702.8204930174055,679.5564000429619,693.0250854492188,16300,0.0,0.0
2003-06-27 00:00:00+09:00,679.5568237304688,680.781250439893,679.5568237304688,679.5568237304688,4300,0.0,0.0
2003-06-30 00:00:00+09:00,700.9840393066406,700.9840393066406,685.6787109375,685.6787109375,3500,0.0,0.0
2003-07-01 00:00:00+09:00,688.7398373764173,693.6375428866496,688.7398373764173,691.8009033203125,10200,0.0,0.0
2003-07-02 00:00:00+09:00,691.8011395684604,710.1675415039062,691.8011395684604,710.1675415039062,29600,0.0,0.0
2003-07-03 00:00:00+09:00,709.5553612199479,713.8408552048829,698.5355195444009,704.6576538085938,29200,0.0,0.0
2003-07-04 00:00:00+09:00,692.4133852802081,715.6774954841408,692.4133852802081,704.6576538085938,53900,0.0,0.0
2003-07-07 00:00:00+09:00,728.5338166065706,728.5338166065706,704.6574982471955,716.28955078125,10300,0.0,0.0
2003-07-08 00:00:00+09:00,713.2287348208221,713.2287348208221,704.0455322265625,704.0455322265625,24700,0.0,0.0
2003-07-09 00:00:00+09:00,710.1674178685897,716.28955078125,704.0452849559294,716.28955078125,22400,0.0,0.0
2003-07-10 00:00:00+09:00,712.6165213145381,715.6775888459579,704.0455322265625,704.0455322265625,25100,0.0,0.0
2003-07-11 00:00:00+09:00,704.0454966008919,713.2286987304688,704.0454966008919,713.2286987304688,24200,0.0,0.0
2003-07-14 00:00:00+09:00,710.1675746463673,710.1675746463673,704.0454403821744,704.6576538085938,52600,0.0,0.0
2003-07-15 00:00:00+09:00,704.6575574728658,718.7384643554688,704.6575574728658,718.7384643554688,34900,0.0,0.0
2003-07-16 00:00:00+09:00,710.1676672894022,710.1676672894022,704.0455322265625,704.0455322265625,48700,0.0,0.0
2003-07-17 00:00:00+09:00,704.0455322265625,707.1065997579824,700.9844646951427,704.0455322265625,28000,0.0,0.0
2003-07-18 00:00:00+09:00,709.5552675448139,709.5552675448139,697.3110006329103,708.9430541992188,36600,0.0,0.0
2003-07-21 00:00:00+09:00,708.9430541992188,708.9430541992188,708.9430541992188,708.9430541992188,0,0.0,0.0
2003-07-22 00:00:00+09:00,706.4942611168171,710.1675415039062,704.6576209232725,710.1675415039062,23500,0.0,0.0
2003-07-23 00:00:00+09:00,704.0453429141287,722.4117431640625,704.0453429141287,722.4117431640625,23900,0.0,0.0
2003-07-24 00:00:00+09:00,715.6773976418594,718.7384643554688,704.045344130144,718.7384643554688,11100,0.0,0.0
2003-07-25 00:00:00+09:00,719.3505854198141,724.8605047974978,718.7383721556271,721.7994384765625,21800,0.0,0.0
2003-07-28 00:00:00+09:00,721.7997704708215,734.6562549321338,716.2898485588305,727.3096923828125,31500,0.0,0.0
2003-07-29 00:00:00+09:00,727.3094498973782,727.3094498973782,719.3506764557402,722.4117431640625,5100,0.0,0.0
2003-07-30 00:00:00+09:00,727.3095097919742,727.9217231840549,722.4118026553278,726.0850830078125,10600,0.0,0.0
2003-07-31 00:00:00+09:00,727.3092958860759,740.7779865506328,725.47265625,725.47265625,43500,0.0,0.0
2003-08-01 00:00:00+09:00,719.3505585089612,722.4116247153822,700.9841612704345,701.5963745117188,6000,0.0,0.0
2003-08-04 00:00:00+09:00,719.3507760426564,720.5752028954951,701.5965866764973,704.6576538085938,3500,0.0,0.0
2003-08-05 00:00:00+09:00,715.6772790612558,716.2894923025401,697.9230950640134,701.5963745117188,16700,0.0,0.0
2003-08-06 00:00:00+09:00,701.5963745117188,701.5963745117188,697.9230950640134,701.5963745117188,20000,0.0,0.0
2003-08-07 00:00:00+09:00,701.5962524414062,704.0451049804688,697.9229736328125,697.9229736328125,5200,0.0,0.0
2003-08-08 00:00:00+09:00,710.1676672894022,710.1676672894022,704.0455322265625,704.0455322265625,9100,0.0,0.0
2003-08-11 00:00:00+09:00,709.5552379280613,709.5552379280613,704.045318047688,705.8819580078125,16000,0.0,0.0
2003-08-12 00:00:00+09:00,705.2698343211207,710.1675415039062,700.9843405361834,710.1675415039062,20000,0.0,0.0
2003-08-13 00:00:00+09:00,710.1675415039062,713.2286084931472,710.1675415039062,710.1675415039062,12600,0.0,0.0
2003-08-14 00:00:00+09:00,713.2285446844003,725.4728115459351,710.1674779690167,717.5140380859375,16800,0.0,0.0
2003-08-15 00:00:00+09:00,716.28955078125,725.4727501502404,716.28955078125,716.28955078125,19200,0.0,0.0
2003-08-18 00:00:00+09:00,716.2897674797117,716.2897674797117,710.7798461914062,710.7798461914062,23100,0.0,0.0
2003-08-19 00:00:00+09:00,710.7798461914062,712.004273144363,710.1676327149279,710.7798461914062,34200,0.0,0.0
2003-08-20 00:00:00+09:00,710.7796311598557,716.28955078125,707.1063514122596,716.28955078125,35300,0.0,0.0
2003-08-21 00:00:00+09:00,728.5338166065706,728.5338166065706,710.1674178685897,716.28955078125,20700,0.0,0.0
2003-08-22 00:00:00+09:00,716.9017331382706,719.3505861976669,716.2895198734216,718.1261596679688,22800,0.0,0.0
2003-08-25 00:00:00+09:00,722.411590965758,722.411590965758,718.7383116896609,719.3505249023438,4500,0.0,0.0
2003-08-26 00:00:00+09:00,719.3506172375801,719.3506172375801,715.065124198718,716.28955078125,27500,0.0,0.0
2003-08-27 00:00:00+09:00,719.3507424716292,719.3507424716292,704.0454075254244,710.1675415039062,3200,0.0,0.0
2003-08-28 00:00:00+09:00,704.0455322265625,710.1676672894022,704.0455322265625,704.0455322265625,8100,0.0,0.0
2003-08-29 00:00:00+09:00,703.43310546875,703.43310546875,703.43310546875,703.43310546875,3400,0.0,0.0
2003-09-01 00:00:00+09:00,703.4332135401735,703.4332135401735,664.2515549965955,667.3126220703125,26400,0.0,0.0
2003-09-02 00:00:00+09:00,679.5568237304688,679.5568237304688,667.3125566362261,679.5568237304688,23400,0.0,0.0
2003-09-03 00:00:00+09:00,722.4114031652063,722.4114031652063,679.5564894181177,689.964111328125,20600,0.0,0.0
2003-09-04 00:00:00+09:00,702.2084655761719,710.167236328125,685.6787109375,685.6787109375,12900,0.0,0.0
2003-09-05 00:00:00+09:00,680.7812126033507,703.43310546875,679.5567859619778,703.43310546875,3300,0.0,0.0
2003-09-08 00:00:00+09:00,703.4333187202785,704.0455322265625,697.9233971637228,704.0455322265625,4000,0.0,0.0
2003-09-09 00:00:00+09:00,704.0455322265625,708.9432402768343,704.0455322265625,704.0455322265625,29800,0.0,0.0
2003-09-10 00:00:00+09:00,707.1062936832767,707.718506924561,676.4956316190656,701.5963745117188,36200,0.0,0.0
2003-09-11 00:00:00+09:00,702.8210135293359,704.6576538085938,680.1691167518225,704.6576538085938,7500,0.0,0.0
2003-09-12 00:00:00+09:00,709.5553291611193,709.5553291611193,704.0454085722927,707.7186889648438,15700,0.0,0.0
2003-09-15 00:00:00+09:00,707.7186889648438,707.7186889648438,707.7186889648438,707.7186889648438,0,0.0,0.0
2003-09-16 00:00:00+09:00,710.1673625327262,710.1673625327262,679.5567003545915,686.9032592773438,25900,0.0,0.0
2003-09-17 00:00:00+09:00,703.4331983552946,703.4331983552946,682.6179427033538,700.3721313476562,7100,0.0,0.0
2003-09-18 00:00:00+09:00,704.0455322265625,710.1676672894022,704.0455322265625,704.0455322265625,44500,0.0,0.0
2003-09-19 00:00:00+09:00,727.9217300415039,727.9217300415039,710.1675415039062,710.1675415039062,34100,0.0,0.0
2003-09-22 00:00:00+09:00,704.0455322265625,716.2898023522418,704.0455322265625,704.0455322265625,9400,0.0,0.0
2003-09-23 00:00:00+09:00,704.0455322265625,704.0455322265625,704.0455322265625,704.0455322265625,0,0.0,0.0
2003-09-24 00:00:00+09:00,727.9214172363281,727.9214172363281,697.9229736328125,697.9229736328125,4000,0.0,0.0
2003-09-25 00:00:00+09:00,704.0454117568223,704.65762515835,697.9232777415456,700.3721313476562,17900,0.0,0.0
2003-09-26 00:00:00+09:00,700.3719153091756,728.5337230925865,700.3719153091756,719.3505249023438,8300,0.0,0.0
2003-09-29 00:00:00+09:00,719.3505241297468,725.47265625,719.3505241297468,725.47265625,6300,0.0,0.0
2003-09-30 00:00:00+09:00,722.4113525191975,752.4097900390625,722.4113525191975,752.4097900390625,50100,0.0,0.0
2003-10-01 00:00:00+09:00,736.4929518127441,746.9005828857422,728.5341751098632,734.6563110351562,8600,0.0,0.0
2003-10-02 00:00:00+09:00,734.6560099973517,737.717076705674,716.2896097474179,722.4117431640625,7800,0.0,0.0
2003-10-03 00:00:00+09:00,729.145965678752,729.145965678752,728.5337524414062,728.5337524414062,200,0.0,0.0
2003-10-06 00:00:00+09:00,728.5340724779212,728.5340724779212,704.0455322265625,704.0455322265625,3000,0.0,0.0
2003-10-07 00:00:00+09:00,705.8819248297276,725.4727501502404,704.0452849559294,716.28955078125,9200,0.0,0.0
2003-10-08 00:00:00+09:00,716.2894604175121,716.2894604175121,707.1062622070311,707.1062622070312,3800,0.0,0.0
2003-10-09 00:00:00+09:00,704.0451049804688,716.2893676757812,697.9229736328125,697.9229736328125,13000,0.0,0.0
2003-10-10 00:00:00+09:00,686.903413589546,686.903413589546,682.617919921875,682.617919921875,16000,0.0,0.0
2003-10-13 00:00:00+09:00,682.617919921875,682.617919921875,682.617919921875,682.617919921875,0,0.0,0.0
2003-10-14 00:00:00+09:00,707.1064745146653,716.2896754823882,695.4744199555496,710.1675415039062,6900,0.0,0.0
2003-10-15 00:00:00+09:00,734.6559495192307,734.6559495192307,691.801019130609,716.28955078125,1100,0.0,0.0
2003-10-16 00:00:00+09:00,716.28955078125,716.28955078125,693.637659004407,716.28955078125,3100,0.0,0.0
2003-10-17 00:00:00+09:00,718.7384039463141,728.5338166065706,715.677337489984,716.28955078125,16100,0.0,0.0
2003-10-20 00:00:00+09:00,716.28955078125,722.4116836939103,695.4742988782051,716.28955078125,19700,0.0,0.0
2003-10-21 00:00:00+09:00,734.6560062669553,734.6560062669553,733.4315795898438,733.4315795898438,4000,0.0,0.0
2003-10-22 00:00:00+09:00,733.4317805281929,740.7783426036005,704.0455322265625,704.0455322265625,24500,0.0,0.0
2003-10-23 00:00:00+09:00,704.0456314086914,734.6563110351562,704.0456314086914,734.6563110351562,5100,0.0,0.0
2003-10-24 00:00:00+09:00,740.7780112304687,765.2665405273438,722.4116142578125,765.2665405273438,40200,0.0,0.0
2003-10-27 00:00:00+09:00,765.2665100830665,765.2665100830665,759.1443780024019,764.654296875,13500,0.0,0.0
2003-10-28 00:00:00+09:00,763.4231088580874,781.2773589846072,744.9531949341014,776.9677124023438,39300,7.0,0.0
2003-10-29 00:00:00+09:00,776.9676344503569,781.8929443359375,769.5796696219858,781.8929443359375,15500,0.0,0.0
2003-10-30 00:00:00+09:00,769.5795893669128,788.0494995117188,769.5795893669128,788.0494995117188,43000,0.0,0.0
2003-10-31 00:00:00+09:00,781.8928627967834,788.0494995117188,775.7362260818481,788.0494995117188,17200,0.0,0.0
2003-11-03 00:00:00+09:00,788.0494995117188,788.0494995117188,788.0494995117188,788.0494995117188,0,0.0,0.0
2003-11-04 00:00:00+09:00,788.0497571624803,797.2847152542282,781.8931184346485,784.3557739257812,26900,0.0,0.0
2003-11-05 00:00:00+09:00,769.5795257593353,769.5795257593353,708.6288273191959,751.7252807617188,13000,0.0,0.0
2003-11-06 00:00:00+09:00,751.1096806886817,751.1096806886817,732.6397705078124,732.6397705078125,3900,0.0,0.0
2003-11-07 00:00:00+09:00,711.7074085968044,711.7074085968044,701.8567870245303,708.6290893554688,4500,0.0,0.0
2003-11-10 00:00:00+09:00,708.0133666992188,708.0133666992188,708.0133666992188,708.0133666992188,1900,0.0,0.0
2003-11-11 00:00:00+09:00,689.5433558558558,689.5433558558558,683.38671875,683.38671875,13600,0.0,0.0
2003-11-12 00:00:00+09:00,677.8458470135627,681.5398298310753,671.689208984375,671.689208984375,16600,0.0,0.0
2003-11-13 00:00:00+09:00,686.4651489257812,686.4651489257812,686.4651489257812,686.4651489257812,0,0.0,0.0
2003-11-14 00:00:00+09:00,707.397587158416,707.397587158416,685.2336940881784,706.166259765625,4000,0.0,0.0
2003-11-17 00:00:00+09:00,671.689310580167,677.2302856445312,671.689310580167,677.2302856445312,4300,0.0,0.0
2003-11-18 00:00:00+09:00,677.8458277925531,694.46875,677.2301640070922,694.46875,800,0.0,0.0
2003-11-19 00:00:00+09:00,692.6217041015625,692.6217041015625,692.6217041015625,692.6217041015625,0,0.0,0.0
2003-11-20 00:00:00+09:00,677.8458251953125,677.8458251953125,677.8458251953125,677.8458251953125,600,0.0,0.0
2003-11-21 00:00:00+09:00,726.4832367204193,726.4832367204193,720.3265991210938,720.3265991210938,3700,0.0,0.0
2003-11-24 00:00:00+09:00,720.3265991210938,720.3265991210938,720.3265991210938,720.3265991210938,0,0.0,0.0
2003-11-25 00:00:00+09:00,720.3265991210938,720.3265991210938,720.3265991210938,720.3265991210938,400,0.0,0.0
2003-11-26 00:00:00+09:00,713.5542623622018,717.863908467927,711.0916074446446,712.9385986328125,9500,0.0,0.0
2003-11-27 00:00:00+09:00,691.390380859375,691.390380859375,679.0771060444262,691.390380859375,900,0.0,0.0
2003-11-28 00:00:00+09:00,691.390380859375,691.390380859375,691.390380859375,691.390380859375,5000,0.0,0.0
2003-12-01 00:00:00+09:00,691.3903900426462,691.3903900426462,671.073486328125,671.073486328125,36300,0.0,0.0
2003-12-02 00:00:00+09:00,674.1518915323389,678.4615383275228,646.4470192775852,647.0626831054688,46100,0.0,0.0
2003-12-03 00:00:00+09:00,652.603732898475,652.603732898475,640.2904549192584,643.3687744140625,25100,0.0,0.0
2003-12-04 00:00:00+09:00,644.5998824674416,656.9131562490546,634.7492634421512,635.9805908203125,15000,0.0,0.0
2003-12-05 00:00:00+09:00,643.3686146837599,652.6035708753928,635.9806497304536,636.5963134765625,10500,0.0,0.0
2003-12-08 00:00:00+09:00,640.2901375795789,646.446773517844,627.9768657030485,628.592529296875,15300,0.0,0.0
2003-12-09 00:00:00+09:00,628.592529296875,637.2118196104462,628.592529296875,628.592529296875,5400,0.0,0.0
2003-12-10 00:00:00+09:00,664.3012594972604,664.3012594972604,631.6710771493875,632.9024047851562,4700,0.0,0.0
2003-12-11 00:00:00+09:00,633.5181861655227,634.7495140297899,632.902522233389,634.1338500976562,16100,0.0,0.0
2003-12-12 00:00:00+09:00,635.3649291992188,635.9805928903032,634.1336018170497,635.3649291992188,32200,0.0,0.0
2003-12-15 00:00:00+09:00,636.5965505542957,652.6038139144619,635.3652226035138,638.4435424804688,12600,0.0,0.0
2003-12-16 00:00:00+09:00,650.7567551055703,650.7567551055703,639.059140775385,639.6748046875,2900,0.0,0.0
2003-12-17 00:00:00+09:00,643.3686034377314,675.3831176757811,643.3686034377314,675.3831176757812,10100,0.0,0.0
2003-12-18 00:00:00+09:00,677.2301110037922,677.2301110037922,654.4505527245738,674.7674560546875,18300,0.0,0.0
2003-12-19 00:00:00+09:00,689.543359375,689.543359375,646.4468994140625,646.4468994140625,11400,0.0,0.0
2003-12-22 00:00:00+09:00,647.6782268415179,652.6035365513393,646.4468994140625,646.4468994140625,8300,0.0,0.0
2003-12-23 00:00:00+09:00,646.4468994140625,646.4468994140625,646.4468994140625,646.4468994140625,0,0.0,0.0
2003-12-24 00:00:00+09:00,671.073486328125,689.5433987958716,664.9168488388761,671.073486328125,9900,0.0,0.0
2003-12-25 00:00:00+09:00,677.2301679100494,677.2301679100494,664.9168921298667,675.9988403320312,2700,0.0,0.0
2003-12-26 00:00:00+09:00,655.0662841796875,667.9952239990234,653.8349565778459,655.0662841796875,7200,0.0,0.0
2003-12-29 00:00:00+09:00,655.0662927066579,669.8422241210938,649.5253184262444,669.8422241210938,2100,0.0,0.0
2003-12-30 00:00:00+09:00,694.4688747336648,694.4688747336648,677.2302856445312,677.2302856445312,17000,0.0,0.0
2003-12-31 00:00:00+09:00,677.2302856445312,677.2302856445312,677.2302856445312,677.2302856445312,0,0.0,0.0
2004-01-01 00:00:00+09:00,677.2302856445312,677.2302856445312,677.2302856445312,677.2302856445312,0,0.0,0.0
2004-01-02 00:00:00+09:00,677.2302856445312,677.2302856445312,677.2302856445312,677.2302856445312,0,0.0,0.0
2004-01-05 00:00:00+09:00,676.6146850585938,676.6146850585938,676.6146850585938,676.6146850585938,1500,0.0,0.0
2004-01-06 00:00:00+09:00,676.6146480466911,676.6146480466911,653.8350830078125,653.8350830078125,17100,0.0,0.0
2004-01-07 00:00:00+09:00,666.1483428099446,666.1483428099446,652.6037369487442,658.7603759765625,12000,0.0,0.0
2004-01-08 00:00:00+09:00,658.7603759765625,658.7603759765625,646.4470979209259,658.7603759765625,6100,0.0,0.0
2004-01-09 00:00:00+09:00,658.1445397318809,658.1445397318809,655.6818847656249,655.681884765625,6900,0.0,0.0
2004-01-12 00:00:00+09:00,655.6818847656249,655.6818847656249,655.6818847656249,655.681884765625,0,0.0,0.0
2004-01-13 00:00:00+09:00,655.6818847656249,655.6818847656249,652.6035660578051,655.681884765625,6200,0.0,0.0
2004-01-14 00:00:00+09:00,659.3758356730143,667.9951276425962,658.7601719609013,664.9168090820312,4000,0.0,0.0
2004-01-15 00:00:00+09:00,667.3794639304832,674.1517647637261,664.9168090820312,664.9168090820312,8600,0.0,0.0
2004-01-16 00:00:00+09:00,662.4541625976562,662.4541625976562,661.83849887777,662.4541625976562,2400,0.0,0.0
2004-01-19 00:00:00+09:00,664.9170189426369,674.7676414454909,664.9170189426369,674.1519775390625,4600,0.0,0.0
2004-01-20 00:00:00+09:00,677.2301917653447,689.5434679792601,677.2301917653447,686.4651489257812,8400,0.0,0.0
2004-01-21 00:00:00+09:00,698.7783203125,698.7783203125,677.8457538890418,698.7783203125,9500,0.0,0.0
2004-01-22 00:00:00+09:00,698.7784097422724,708.0133666992188,689.543452785326,708.0133666992188,12400,0.0,0.0
2004-01-23 00:00:00+09:00,708.0130344566102,708.0130344566102,695.6997642921474,696.9310913085938,2500,0.0,0.0
2004-01-26 00:00:00+09:00,707.397707257952,707.397707257952,698.7784140450614,706.7820434570312,4100,0.0,0.0
2004-01-27 00:00:00+09:00,707.3977911036415,717.2484130859375,707.3977911036415,717.2484130859375,5400,0.0,0.0
2004-01-28 00:00:00+09:00,717.248128770273,729.5614013671875,714.1698106210443,729.5614013671875,12600,0.0,0.0
2004-01-29 00:00:00+09:00,717.2484153406726,719.7110708439883,714.1700959615282,716.6327514648438,7600,0.0,0.0
2004-01-30 00:00:00+09:00,728.9460928265366,782.508854714973,720.3267978100067,781.2775268554688,51500,0.0,0.0
2004-02-02 00:00:00+09:00,769.5796935538935,769.5796935538935,751.1097809086001,757.2664184570312,14000,0.0,0.0
2004-02-03 00:00:00+09:00,738.7964876033058,744.953125,738.7964876033058,744.953125,11700,0.0,0.0
2004-02-04 00:00:00+09:00,744.9532850733343,744.9532850733343,708.0134527556484,717.8640747070312,1900,0.0,0.0
2004-02-05 00:00:00+09:00,730.1771952479338,746.8001162190083,714.1699380165289,744.953125,14000,0.0,0.0
2004-02-06 00:00:00+09:00,757.2664291693239,757.2664291693239,748.0314727160395,754.1881103515625,4800,0.0,0.0
2004-02-09 00:00:00+09:00,757.2664184570312,757.2664184570312,753.5724359279726,757.2664184570312,6200,0.0,0.0
2004-02-10 00:00:00+09:00,754.1881103515625,766.5013856226084,754.1881103515625,754.1881103515625,6900,0.0,0.0
2004-02-11 00:00:00+09:00,754.1881103515625,754.1881103515625,754.1881103515625,754.1881103515625,0,0.0,0.0
2004-02-12 00:00:00+09:00,766.5015028664654,766.5015028664654,754.188225711984,756.0352172851562,12400,0.0,0.0
2004-02-13 00:00:00+09:00,757.2664291693239,757.2664291693239,754.1881103515625,754.1881103515625,2900,0.0,0.0
2004-02-16 00:00:00+09:00,754.1881103515625,754.1881103515625,754.1881103515625,754.1881103515625,300,0.0,0.0
2004-02-17 00:00:00+09:00,754.8039280633902,754.8039280633902,744.9533058374407,745.5689697265625,14600,0.0,0.0
2004-02-18 00:00:00+09:00,763.4233115664509,763.4233115664509,754.8040161132812,754.8040161132812,5300,0.0,0.0
2004-02-19 00:00:00+09:00,754.1883521523406,760.9606557226881,754.1883521523406,754.8040161132812,1600,0.0,0.0
2004-02-20 00:00:00+09:00,769.57990192086,769.57990192086,744.9533450593925,767.73291015625,36400,0.0,0.0
2004-02-23 00:00:00+09:00,754.8040161132812,754.8040161132812,754.8040161132812,754.8040161132812,200,0.0,0.0
2004-02-24 00:00:00+09:00,757.2666719570441,763.4233115664509,754.8040161132812,754.8040161132812,6500,0.0,0.0
2004-02-25 00:00:00+09:00,769.5799511758578,769.5799511758578,754.1883521523406,754.8040161132812,4300,0.0,0.0
2004-02-26 00:00:00+09:00,756.035090947345,769.5796935538935,756.035090947345,757.2664184570312,22500,0.0,0.0
2004-02-27 00:00:00+09:00,775.7363069789616,781.8929443359375,763.4230322650099,781.8929443359375,21400,0.0,0.0
2004-03-01 00:00:00+09:00,781.8929443359375,788.0495816929134,778.8146256574496,781.8929443359375,17700,0.0,0.0
2004-03-02 00:00:00+09:00,791.1279328486834,791.1279328486834,760.3447448000965,772.6580200195312,7300,0.0,0.0
2004-03-03 00:00:00+09:00,800.3630866858238,821.9113236350574,794.2064475574713,803.44140625,34700,0.0,0.0
2004-03-04 00:00:00+09:00,803.4410082508812,818.216934839403,796.6687085644753,813.2916259765625,17200,0.0,0.0
2004-03-05 00:00:00+09:00,800.3628497848863,805.9038233603201,800.3628497848863,801.5941772460938,15100,0.0,0.0
2004-03-08 00:00:00+09:00,818.8327657844537,818.8327657844537,801.5941812416231,818.2171020507812,12100,0.0,0.0
2004-03-09 00:00:00+09:00,812.6761869272791,818.8328247070312,807.1352129255022,818.8328247070312,10800,0.0,0.0
2004-03-10 00:00:00+09:00,812.6761869272791,824.9894624867833,812.6761869272791,818.8328247070312,16800,0.0,0.0
2004-03-11 00:00:00+09:00,815.7542964473355,815.7542964473355,807.7506693878522,808.3663330078125,900,0.0,0.0
2004-03-12 00:00:00+09:00,797.9001164899554,861.9291381835938,797.9001164899554,861.9291381835938,39500,0.0,0.0
2004-03-15 00:00:00+09:00,861.9291962674195,917.3389303131821,861.9291962674195,916.7232666015625,18600,0.0,0.0
2004-03-16 00:00:00+09:00,905.0256983439128,905.0256983439128,877.3208300272624,886.5557861328125,5600,0.0,0.0
2004-03-17 00:00:00+09:00,886.5558689357517,886.5558689357517,855.7726790421493,880.3992309570312,14100,0.0,0.0
2004-03-18 00:00:00+09:00,881.0148124694824,886.5557861328125,878.5521575080024,886.5557861328125,23900,0.0,0.0
2004-03-19 00:00:00+09:00,889.6340519472085,889.6340519472085,883.4774149095116,884.0930786132812,6500,0.0,0.0
2004-03-22 00:00:00+09:00,884.0933036968863,884.0933036968863,855.7727661132814,855.7727661132812,7800,0.0,0.0
2004-03-23 00:00:00+09:00,855.156867555005,871.1641235351562,855.156867555005,871.1641235351562,6300,0.0,0.0
2004-03-24 00:00:00+09:00,849.616034565447,871.1642673261648,849.616034565447,865.0076293945312,5400,0.0,0.0
2004-03-25 00:00:00+09:00,861.9291381835938,869.3171022251674,860.0821471732004,861.9291381835938,10000,0.0,0.0
2004-03-26 00:00:00+09:00,861.9295067067995,861.9295067067995,861.3138427734375,861.3138427734375,2900,0.0,0.0
2004-03-29 00:00:00+09:00,861.3136216107538,889.6341552734376,861.3136216107538,889.6341552734375,3200,0.0,0.0
2004-03-30 00:00:00+09:00,889.6341177287856,935.8088989257812,889.6341177287856,935.8088989257812,9900,0.0,0.0
2004-03-31 00:00:00+09:00,923.4957885742188,941.9657043457031,895.7909149169922,923.4957885742188,17700,0.0,0.0
2004-04-01 00:00:00+09:00,892.7127685546875,917.3393276872306,886.5561287715517,892.7127685546875,6100,0.0,0.0
2004-04-02 00:00:00+09:00,861.9292390431073,905.0257009952627,861.9292390431073,868.0858764648438,5100,0.0,0.0
2004-04-05 00:00:00+09:00,892.7125047087919,892.7125047087919,865.0076338730019,881.014892578125,17200,0.0,0.0
2004-04-06 00:00:00+09:00,892.712352739206,892.712352739206,868.0858050774349,871.1641235351562,15700,0.0,0.0
2004-04-07 00:00:00+09:00,880.399204453788,880.399204453788,861.9292910736386,870.548583984375,12200,0.0,0.0
2004-04-08 00:00:00+09:00,859.4664835030693,865.0074565342495,858.8508198329381,861.9291381835938,10900,0.0,0.0
2004-04-09 00:00:00+09:00,855.7726724970806,872.3955949124916,855.7726724970806,865.0076293945312,16700,0.0,0.0
2004-04-12 00:00:00+09:00,862.5449742218777,874.2425862919816,862.5449742218777,865.0076293945312,6000,0.0,0.0
2004-04-13 00:00:00+09:00,865.0075641081701,873.6268565619171,864.391900361474,866.2388916015625,12700,0.0,0.0
2004-04-14 00:00:00+09:00,874.2425138865802,874.2425138865802,863.7762302696282,868.0858764648438,14600,0.0,0.0
2004-04-15 00:00:00+09:00,874.2425757820649,889.0185066403533,869.3172654959687,885.3245239257812,8400,0.0,0.0
2004-04-16 00:00:00+09:00,892.0968367245653,899.4848022460938,886.5558625834188,899.4848022460938,15400,0.0,0.0
2004-04-19 00:00:00+09:00,911.1823034122636,920.4172591900907,895.7907104492188,895.7907104492188,7000,0.0,0.0
2004-04-20 00:00:00+09:00,911.1825113932292,935.8090657552084,908.1041920979818,923.4957885742188,28900,0.0,0.0
2004-04-21 00:00:00+09:00,922.8802318676097,922.8802318676097,911.1826171875,911.1826171875,5500,0.0,0.0
2004-04-22 00:00:00+09:00,914.2606940279143,914.2606940279143,898.8690998523603,910.5667114257812,10100,0.0,0.0
2004-04-23 00:00:00+09:00,917.3392564928209,917.3392564928209,911.1826171875,911.1826171875,3800,0.0,0.0
2004-04-26 00:00:00+09:00,915.5126787042941,921.6985751820258,903.1408857488307,909.3267822265625,4600,7.0,0.0
2004-04-27 00:00:00+09:00,898.8107981507208,903.1409258775309,878.3973388671875,878.3973388671875,21600,0.0,0.0
2004-04-28 00:00:00+09:00,878.3973388671875,894.4806704239107,878.3973388671875,878.3973388671875,2700,0.0,0.0
2004-04-29 00:00:00+09:00,878.3973388671875,878.3973388671875,878.3973388671875,878.3973388671875,0,0.0,0.0
2004-04-30 00:00:00+09:00,885.2017859634087,909.3267822265624,885.2017859634087,909.3267822265625,4800,0.0,0.0
2004-05-03 00:00:00+09:00,909.3267822265624,909.3267822265624,909.3267822265624,909.3267822265625,0,0.0,0.0
2004-05-04 00:00:00+09:00,909.3267822265624,909.3267822265624,909.3267822265624,909.3267822265625,0,0.0,0.0
2004-05-05 00:00:00+09:00,909.3267822265624,909.3267822265624,909.3267822265624,909.3267822265625,0,0.0,0.0
2004-05-06 00:00:00+09:00,921.0797566181905,921.0797566181905,903.1406612911741,915.512451171875,1200,0.0,0.0
2004-05-07 00:00:00+09:00,897.573554075051,900.0479125976562,896.9549644443997,900.0479125976562,12100,0.0,0.0
2004-05-10 00:00:00+09:00,896.9545288085938,900.0474754596578,896.3359394783809,896.9545288085938,33900,0.0,0.0
2004-05-11 00:00:00+09:00,884.5831963156355,909.3267822265624,878.3972998379038,909.3267822265625,27000,0.0,0.0
2004-05-12 00:00:00+09:00,896.9548671403006,910.5638375382914,896.9548671403006,908.7080688476562,15200,0.0,0.0
2004-05-13 00:00:00+09:00,908.7081606317437,934.0703352987971,896.9549577372555,897.5735473632812,32800,0.0,0.0
2004-05-14 00:00:00+09:00,901.9037532997258,927.2659301757812,896.9550358604955,927.2659301757812,3500,0.0,0.0
2004-05-17 00:00:00+09:00,909.3267502577694,921.6985427782832,896.9549577372555,897.5735473632812,14400,0.0,0.0
2004-05-18 00:00:00+09:00,896.9545654296876,927.8840332031251,896.9545654296876,927.884033203125,13000,0.0,0.0
2004-05-19 00:00:00+09:00,915.5127262576092,927.2659301757812,896.9550358604955,927.2659301757812,11700,0.0,0.0
2004-05-20 00:00:00+09:00,909.3266618989261,921.6984532172788,909.3266618989261,909.9452514648438,6100,0.0,0.0
2004-05-21 00:00:00+09:00,926.6470803075189,926.6470803075189,909.9451636397599,921.6983642578125,8300,0.0,0.0
2004-05-24 00:00:00+09:00,924.7910864257814,937.1628735351563,921.6981396484375,927.884033203125,41700,0.0,0.0
2004-05-25 00:00:00+09:00,934.0700813539567,968.0925015357233,927.8841867754536,958.8136596679688,85100,0.0,0.0
2004-05-26 00:00:00+09:00,909.3267570574259,921.698549670452,897.573554075051,900.0479125976562,58900,0.0,0.0
2004-05-27 00:00:00+09:00,898.1920183658272,908.0894510750925,896.9548392771691,898.8106079101562,46100,0.0,0.0
2004-05-28 00:00:00+09:00,896.9548991976612,896.9548991976612,836.951709389266,876.5414428710938,50400,0.0,0.0
2004-05-31 00:00:00+09:00,925.4099608063297,925.4099608063297,896.9548416906271,921.079833984375,16100,0.0,0.0
2004-06-01 00:00:00+09:00,915.5125381260702,915.5125381260702,903.1407470703125,903.1407470703125,9600,0.0,0.0
2004-06-02 00:00:00+09:00,903.1407003376725,919.2240278779324,903.1407003376725,908.0894165039062,11400,0.0,0.0
2004-06-03 00:00:00+09:00,888.2944759293073,903.1406231593236,885.2015285897206,902.5220336914062,9000,0.0,0.0
2004-06-04 00:00:00+09:00,884.5831718313734,901.9036814896101,884.5831718313734,900.0479125976562,2000,0.0,0.0
2004-06-07 00:00:00+09:00,872.8299560546875,881.4902107568602,872.2113664331038,872.8299560546875,20900,0.0,0.0
2004-06-08 00:00:00+09:00,890.7691323723592,890.7691323723592,877.1601595166703,878.3973388671875,5200,0.0,0.0
2004-06-09 00:00:00+09:00,877.1599227356396,878.3971017521919,856.7464689625252,859.8394165039062,6000,0.0,0.0
2004-06-10 00:00:00+09:00,879.0159285424461,879.0159285424461,877.7787491919289,878.3973388671875,3800,0.0,0.0
2004-06-11 00:00:00+09:00,879.0158953857422,879.0158953857422,862.9325644356863,866.0255126953125,3300,0.0,0.0
2004-06-14 00:00:00+09:00,860.4581909179688,866.0254976888255,858.6024219943498,860.4581909179688,8300,0.0,0.0
2004-06-15 00:00:00+09:00,862.9325644356863,878.3973057338169,862.9325644356863,866.0255126953125,9100,0.0,0.0
2004-06-16 00:00:00+09:00,869.7370834135673,880.8716975682219,869.7370834135673,878.3973388671875,11200,0.0,0.0
2004-06-17 00:00:00+09:00,897.5733558448586,915.512451171875,896.9547663508235,915.512451171875,10000,0.0,0.0
2004-06-18 00:00:00+09:00,912.4197387695312,912.4197387695312,896.9549974344544,912.4197387695312,3900,0.0,0.0
2004-06-21 00:00:00+09:00,928.5030683193042,958.8139612890883,921.6985821424139,934.68896484375,50700,0.0,0.0
2004-06-22 00:00:00+09:00,934.6889520818537,952.6280517578125,934.0703624378551,952.6280517578125,29900,0.0,0.0
2004-06-23 00:00:00+09:00,952.6281578712213,952.6281578712213,934.0704664841196,946.4422607421875,34700,0.0,0.0
2004-06-24 00:00:00+09:00,943.3491770760614,952.0094318164319,938.4004600815641,941.493408203125,37900,0.0,0.0
2004-06-25 00:00:00+09:00,932.832858544346,950.1533625491481,930.9770902581172,943.9674682617188,161000,0.0,0.0
2004-06-28 00:00:00+09:00,943.967531135524,945.823299545358,943.3489416655794,944.5861206054688,26300,0.0,0.0
2004-06-29 00:00:00+09:00,944.5863731125316,952.6280383715119,943.3491938419194,947.6793212890625,26600,0.0,0.0
2004-06-30 00:00:00+09:00,950.1535491357236,977.3714893453406,946.442011834412,966.2368774414062,38200,0.0,0.0
2004-07-01 00:00:00+09:00,986.0319312286377,1002.7338522720337,971.8043688583374,989.7434692382812,51200,0.0,0.0
2004-07-02 00:00:00+09:00,986.6505208969116,989.7434692382812,964.9998825073243,989.7434692382812,29100,0.0,0.0
2004-07-05 00:00:00+09:00,983.557241734646,989.7431363367508,976.1341682121205,980.4642944335938,26300,0.0,0.0
2004-07-06 00:00:00+09:00,989.7435016396605,1002.1152954101562,985.413373819987,1002.1152954101562,53900,0.0,0.0
2004-07-07 00:00:00+09:00,1000.259419646711,1007.6824951171875,971.1857073873446,1007.6824951171875,24400,0.0,0.0
2004-07-08 00:00:00+09:00,1008.301167615849,1008.301167615849,989.7434774143303,992.83642578125,51500,0.0,0.0
2004-07-09 00:00:00+09:00,995.9294449506082,996.5480346679688,983.5576506033956,996.5480346679688,7800,0.0,0.0
2004-07-12 00:00:00+09:00,1002.1152626037598,1002.1152626037598,964.9998825073243,989.7434692382812,8000,0.0,0.0
2004-07-13 00:00:00+09:00,983.5571899414062,985.4129582243146,971.1854013886842,983.5571899414062,8000,0.0,0.0
2004-07-14 00:00:00+09:00,977.3714599609375,977.3714599609375,950.1535205696202,977.3714599609375,15200,0.0,0.0
2004-07-15 00:00:00+09:00,973.6597608413797,973.6597608413797,943.3488788329759,943.9674682617188,15500,0.0,0.0
2004-07-16 00:00:00+09:00,943.3489526399039,952.6277947970177,943.3489526399039,948.2976684570312,11300,0.0,0.0
2004-07-19 00:00:00+09:00,948.2976684570312,948.2976684570312,948.2976684570312,948.2976684570312,0,0.0,0.0
2004-07-20 00:00:00+09:00,945.8231734679175,946.4417628554047,943.3488159179688,943.3488159179688,13100,0.0,0.0
2004-07-21 00:00:00+09:00,976.7526428422772,976.7526428422772,943.3488159179688,943.3488159179688,25300,0.0,0.0
2004-07-22 00:00:00+09:00,942.1120390026774,942.1120390026774,930.9774252784173,934.0703735351562,12200,0.0,0.0
2004-07-23 00:00:00+09:00,934.0702583988245,936.5446166992188,930.9773105233317,936.5446166992188,20900,0.0,0.0
2004-07-26 00:00:00+09:00,930.9771873741378,937.7816718001282,930.9771873741378,935.9259033203125,8700,0.0,0.0
2004-07-27 00:00:00+09:00,930.9769799804689,930.9769799804689,915.51224609375,927.884033203125,20600,0.0,0.0
2004-07-28 00:00:00+09:00,927.884241052576,927.884241052576,915.512451171875,915.512451171875,14500,0.0,0.0
2004-07-29 00:00:00+09:00,896.9547840092806,921.6983642578125,884.5829938850147,921.6983642578125,22700,0.0,0.0
2004-07-30 00:00:00+09:00,921.6982939749053,939.0187988281249,890.7688210227273,939.018798828125,19200,0.0,0.0
2004-08-02 00:00:00+09:00,927.8846817787248,933.4519898693972,912.4199370824127,918.6058349609375,16600,0.0,0.0
2004-08-03 00:00:00+09:00,921.6985967535721,940.2562866210938,921.6985967535721,940.2562866210938,15500,0.0,0.0
2004-08-04 00:00:00+09:00,940.2562866210938,940.2562866210938,934.0703899985865,940.2562866210938,11500,0.0,0.0
2004-08-05 00:00:00+09:00,940.8745378823545,964.9995260331841,940.2559484425896,949.5347900390625,12800,0.0,0.0
2004-08-06 00:00:00+09:00,949.5349748929341,950.153564453125,943.3490792910258,950.153564453125,3600,0.0,0.0
2004-08-09 00:00:00+09:00,952.6278951467041,962.525327823553,943.9676415544614,961.90673828125,8400,0.0,0.0
2004-08-10 00:00:00+09:00,961.9068964177911,961.9068964177911,952.6280517578125,952.6280517578125,800,0.0,0.0
2004-08-11 00:00:00+09:00,964.9996859927652,966.2368650773714,961.90673828125,961.90673828125,2300,0.0,0.0
2004-08-12 00:00:00+09:00,943.3490520121583,961.90673828125,943.3490520121583,961.90673828125,2700,0.0,0.0
2004-08-13 00:00:00+09:00,961.9066808525384,974.897060465338,961.9066808525384,963.1438598632812,2500,0.0,0.0
2004-08-16 00:00:00+09:00,963.1437858729208,963.1437858729208,958.8136596679688,958.8136596679688,1800,0.0,0.0
2004-08-17 00:00:00+09:00,943.3488159179688,944.5859946929431,942.7302265304816,943.3488159179688,13900,0.0,0.0
2004-08-18 00:00:00+09:00,943.9674682617188,945.2046471192047,943.3488788329759,943.9674682617188,26600,0.0,0.0
2004-08-19 00:00:00+09:00,943.9675957210085,958.8137440154411,943.3490062087404,945.8233642578125,12900,0.0,0.0
2004-08-20 00:00:00+09:00,958.8136596679688,959.432249125819,952.6277650894657,958.8136596679688,7900,0.0,0.0
2004-08-23 00:00:00+09:00,958.1950885870518,964.9995727539062,950.1534254807693,964.9995727539062,2500,0.0,0.0
2004-08-24 00:00:00+09:00,958.8138270888678,958.8138270888678,949.534983600911,953.2465209960938,900,0.0,0.0
2004-08-25 00:00:00+09:00,958.8136596679688,960.6694280415196,958.1950702101184,958.8136596679688,8600,0.0,0.0
2004-08-26 00:00:00+09:00,960.0511274857954,974.2786892977628,949.5351035378195,952.6280517578125,10700,0.0,0.0
2004-08-27 00:00:00+09:00,968.092792857777,968.092792857777,947.0607449618252,952.6280517578125,700,0.0,0.0
2004-08-30 00:00:00+09:00,968.0925201024766,968.0925201024766,957.5764991173378,964.9995727539062,3100,0.0,0.0
2004-08-31 00:00:00+09:00,970.5668593671245,970.5668593671245,955.7207123787172,958.8136596679688,4500,0.0,0.0
2004-09-01 00:00:00+09:00,958.8138816103815,958.8138816103815,944.5863207864854,950.772216796875,1600,0.0,0.0
2004-09-02 00:00:00+09:00,953.8652310458097,953.8652310458097,950.7722828258168,952.6280517578125,1700,0.0,0.0
2004-09-03 00:00:00+09:00,950.1533794788274,950.1533794788274,942.1117167618842,949.5347900390625,9100,0.0,0.0
2004-09-06 00:00:00+09:00,949.5348178002142,958.8136596679688,946.4418705109626,958.8136596679688,3900,0.0,0.0
2004-09-07 00:00:00+09:00,958.8136596679688,958.8136596679688,946.4418705109626,958.8136596679688,4400,0.0,0.0
2004-09-08 00:00:00+09:00,958.8138340823473,961.9067819342258,955.7208862304688,955.7208862304688,8600,0.0,0.0
2004-09-09 00:00:00+09:00,958.8136596679688,958.8136596679688,955.7207123787172,958.8136596679688,4900,0.0,0.0
2004-09-10 00:00:00+09:00,959.4321399926357,961.9064975425845,943.3488159179688,943.3488159179688,7700,0.0,0.0
2004-09-13 00:00:00+09:00,943.348895641414,951.3905583583571,943.348895641414,949.5347900390625,10600,0.0,0.0
2004-09-14 00:00:00+09:00,958.8136596679688,961.9066069572202,958.8136596679688,958.8136596679688,7600,0.0,0.0
2004-09-15 00:00:00+09:00,968.7113825017756,968.7113825017756,927.8844659978693,952.6280517578125,8100,0.0,0.0
2004-09-16 00:00:00+09:00,968.7112232465836,968.7112232465836,958.1952010274316,961.90673828125,33300,0.0,0.0
2004-09-17 00:00:00+09:00,960.0508385836694,960.0508385836694,946.4418705109626,958.8136596679688,6100,0.0,0.0
2004-09-20 00:00:00+09:00,958.8136596679688,958.8136596679688,958.8136596679688,958.8136596679688,0,0.0,0.0
2004-09-21 00:00:00+09:00,986.6503663035904,986.6503663035904,959.432425164181,977.9901123046875,22200,0.0,0.0
2004-09-22 00:00:00+09:00,983.5572568453275,983.5572568453275,958.8136780567659,964.9995727539062,6700,0.0,0.0
2004-09-23 00:00:00+09:00,964.9995727539062,964.9995727539062,964.9995727539062,964.9995727539062,0,0.0,0.0
2004-09-24 00:00:00+09:00,977.3713621481871,977.3713621481871,958.8136780567659,964.9995727539062,8700,0.0,0.0
2004-09-27 00:00:00+09:00,965.6181473885425,983.557241734646,965.6181473885425,980.4642944335938,16800,0.0,0.0
2004-09-28 00:00:00+09:00,980.4643896795382,981.0829791998408,960.6695250298567,971.185546875,15100,0.0,0.0
2004-09-29 00:00:00+09:00,968.0925992734873,971.8041363953025,968.0925992734873,971.185546875,12400,0.0,0.0
2004-09-30 00:00:00+09:00,958.8137905697347,964.9996859927652,958.8137905697347,961.90673828125,29700,0.0,0.0
2004-10-01 00:00:00+09:00,958.8139055007354,964.9998016652562,958.8139055007354,959.4324951171875,25100,0.0,0.0
2004-10-04 00:00:00+09:00,958.8137905697347,961.90673828125,958.8137905697347,961.90673828125,12700,0.0,0.0
2004-10-05 00:00:00+09:00,952.6277669270833,952.6277669270833,934.0700831557764,939.018798828125,54700,0.0,0.0
2004-10-06 00:00:00+09:00,946.4421553178266,956.9581792658025,946.4421553178266,952.6280517578125,4900,0.0,0.0
2004-10-07 00:00:00+09:00,952.6280042860243,958.8139004177518,952.6280042860243,957.5767211914062,2500,0.0,0.0
2004-10-08 00:00:00+09:00,958.8136780567659,964.9995727539062,958.8136780567659,964.9995727539062,5600,0.0,0.0
2004-10-11 00:00:00+09:00,964.9995727539062,964.9995727539062,964.9995727539062,964.9995727539062,0,0.0,0.0
2004-10-12 00:00:00+09:00,961.9068535829958,961.9068535829958,959.4324951171874,959.4324951171875,500,0.0,0.0
2004-10-13 00:00:00+09:00,958.8139055007354,959.4324951171874,958.8139055007354,959.4324951171875,8700,0.0,0.0
2004-10-14 00:00:00+09:00,959.432249125819,976.7527539456274,958.8136596679688,958.8136596679688,5800,0.0,0.0
2004-10-15 00:00:00+09:00,958.8136596679688,958.8136596679688,953.246354547316,958.8136596679688,5600,0.0,0.0
2004-10-18 00:00:00+09:00,958.8138479612294,961.9067958578785,958.8138479612294,960.6696166992188,4200,0.0,0.0
2004-10-19 00:00:00+09:00,974.2784295763288,974.8970190554248,958.8136925989268,969.9483032226562,7300,0.0,0.0
2004-10-20 00:00:00+09:00,973.0413154359077,973.0413154359077,964.9996516719746,971.185546875,3700,0.0,0.0
2004-10-21 00:00:00+09:00,983.5574311344224,983.5574311344224,958.8138479612294,960.6696166992188,32100,0.0,0.0
2004-10-22 00:00:00+09:00,958.8136596679688,960.6694280415196,952.6277650894657,958.8136596679688,38100,0.0,0.0
2004-10-25 00:00:00+09:00,946.4417138671876,952.627607421875,921.6981396484375,927.884033203125,12400,0.0,0.0
2004-10-26 00:00:00+09:00,914.2024721342942,914.2024721342942,895.5452788254311,901.7643432617188,16400,8.0,0.0
2004-10-27 00:00:00+09:00,926.6408550715042,932.8599212129237,916.0684426310911,917.312255859375,4500,0.0,0.0
2004-10-28 00:00:00+09:00,901.7643432617188,917.3120043524381,876.8880855165679,901.7643432617188,13200,0.0,0.0
2004-10-29 00:00:00+09:00,901.7643340646405,926.6405915560789,889.3262053189213,907.9833984375,6000,0.0,0.0
2004-11-01 00:00:00+09:00,904.8739137040808,904.8739137040808,870.6690578595966,876.8881225585938,4100,0.0,0.0
2004-11-02 00:00:00+09:00,868.1812426070093,903.0079973247689,864.449804601535,883.1069946289062,7700,0.0,0.0
2004-11-03 00:00:00+09:00,883.1069946289062,883.1069946289062,883.1069946289062,883.1069946289062,0,0.0,0.0
2004-11-04 00:00:00+09:00,876.8880993652344,932.8596801757812,870.6690348307292,932.8596801757812,20200,0.0,0.0
2004-11-05 00:00:00+09:00,914.2022245399123,914.2022245399123,883.1069107800514,891.8135986328125,10500,0.0,0.0
2004-11-08 00:00:00+09:00,900.5205816815579,901.7643946396815,895.5453298490631,896.167236328125,5900,0.0,0.0
2004-11-09 00:00:00+09:00,896.1670113033719,897.410823949178,892.4355733659532,895.5451049804688,18600,0.0,0.0
2004-11-10 00:00:00+09:00,895.5454818618881,895.5454818618881,889.326416015625,889.326416015625,16700,0.0,0.0
2004-11-11 00:00:00+09:00,886.2167196070894,886.2167196070894,876.8881225585938,876.8881225585938,3000,0.0,0.0
2004-11-12 00:00:00+09:00,864.4500732421875,870.6691385173111,861.962447132138,864.4500732421875,12200,0.0,0.0
2004-11-15 00:00:00+09:00,864.4500732421875,883.1072690675584,864.4500732421875,864.4500732421875,25200,0.0,0.0
2004-11-16 00:00:00+09:00,865.6935728236607,889.9479186139788,865.0716665213448,870.6688232421875,10300,0.0,0.0
2004-11-17 00:00:00+09:00,870.6690578595966,876.8881225585938,865.6938061003989,876.8881225585938,11600,0.0,0.0
2004-11-18 00:00:00+09:00,876.887886265346,876.887886265346,870.6688232421875,870.6688232421875,8700,0.0,0.0
2004-11-19 00:00:00+09:00,907.9832013811384,907.9832013811384,871.2907295445033,870.6688232421875,20900,0.0,0.0
2004-11-22 00:00:00+09:00,864.4497489792078,865.0716552734375,845.7925601523185,865.0716552734375,5200,0.0,0.0
2004-11-23 00:00:00+09:00,865.0716552734375,865.0716552734375,865.0716552734375,865.0716552734375,0,0.0,0.0
2004-11-24 00:00:00+09:00,858.2309767779182,858.2309767779182,842.6833141551298,845.7928466796875,30300,0.0,0.0
2004-11-25 00:00:00+09:00,845.7927664056759,847.036579297449,844.5489535139029,846.4146728515625,23000,0.0,0.0
2004-11-26 00:00:00+09:00,845.7928368784216,861.3404993210396,845.7928368784216,852.0119018554688,14100,0.0,0.0
2004-11-29 00:00:00+09:00,814.6973598806538,834.598364091479,802.2592322488881,821.538330078125,25500,0.0,0.0
2004-11-30 00:00:00+09:00,833.9765226366904,858.230873406885,833.9765226366904,856.987060546875,15600,0.0,0.0
2004-12-01 00:00:00+09:00,852.0119018554688,852.0119018554688,852.0119018554688,852.0119018554688,100,0.0,0.0
2004-12-02 00:00:00+09:00,854.4995278462876,865.0719383072679,840.8175848967837,852.0119018554688,16900,0.0,0.0
2004-12-03 00:00:00+09:00,842.6833141551298,845.7928466796874,842.6833141551298,845.7928466796875,200,0.0,0.0
2004-12-06 00:00:00+09:00,845.7928508254716,845.7928508254716,814.6975254274764,824.026123046875,6600,0.0,0.0
2004-12-07 00:00:00+09:00,824.025852318966,824.025852318966,820.9163208007814,820.9163208007812,34400,0.0,0.0
2004-12-08 00:00:00+09:00,823.4041876883424,824.6480006606813,816.5632163404786,819.0508422851562,13200,0.0,0.0
2004-12-09 00:00:00+09:00,823.4039799140684,837.7078254865937,802.2591647199005,827.75732421875,42800,0.0,0.0
2004-12-10 00:00:00+09:00,827.1358677960824,863.8283611795176,827.1358677960824,858.231201171875,17800,0.0,0.0
2004-12-13 00:00:00+09:00,853.2557449568563,855.1214645158,832.1109232888293,833.354736328125,4100,0.0,0.0
2004-12-14 00:00:00+09:00,822.7819364257073,833.3543422603535,819.6724052978701,820.2943115234375,9500,0.0,0.0
2004-12-15 00:00:00+09:00,808.4781570785079,824.0258139454023,808.4781570785079,812.2095947265625,10000,0.0,0.0
2004-12-16 00:00:00+09:00,804.7467569062204,822.7820397116922,804.7467569062204,820.9163208007812,22300,0.0,0.0
2004-12-17 00:00:00+09:00,820.2945748822642,820.2945748822642,808.4783528028381,819.6726684570312,3400,0.0,0.0
2004-12-20 00:00:00+09:00,808.4781495995796,832.732494087567,802.8809931792749,818.4286499023438,15500,0.0,0.0
2004-12-21 00:00:00+09:00,837.7080368702395,837.7080368702395,811.587964451123,819.0508422851562,31300,0.0,0.0
2004-12-22 00:00:00+09:00,819.0507414832482,819.0507414832482,804.7468940617488,808.4783325195312,22900,0.0,0.0
2004-12-23 00:00:00+09:00,808.4783325195312,808.4783325195312,808.4783325195312,808.4783325195312,0,0.0,0.0
2004-12-24 00:00:00+09:00,809.7221992761948,809.7221992761948,783.6021283318014,792.9307250976562,19800,0.0,0.0
2004-12-27 00:00:00+09:00,792.9306991457,792.9306991457,789.8211669921875,789.8211669921875,8000,0.0,0.0
2004-12-28 00:00:00+09:00,789.8210360680098,808.4782258963879,789.8210360680098,805.9906005859375,15300,0.0,0.0
2004-12-29 00:00:00+09:00,815.3191375616386,829.0010757968454,814.6972312782201,817.8067626953125,24800,0.0,0.0
2004-12-30 00:00:00+09:00,839.5737820823721,839.5737820823721,833.9766235351562,833.9766235351562,16500,0.0,0.0
2004-12-31 00:00:00+09:00,833.9766235351562,833.9766235351562,833.9766235351562,833.9766235351562,0,0.0,0.0
2005-01-03 00:00:00+09:00,833.9766235351562,833.9766235351562,833.9766235351562,833.9766235351562,0,0.0,0.0
2005-01-04 00:00:00+09:00,836.4640765154803,839.5736083984375,833.9764510091146,839.5736083984375,6200,0.0,0.0
2005-01-05 00:00:00+09:00,833.3546234360316,838.9517813546317,827.1355590820314,827.1355590820312,3100,0.0,0.0
2005-01-06 00:00:00+09:00,830.2450912590315,830.8669976944315,810.9659917616307,827.1355590820312,26900,0.0,0.0
2005-01-07 00:00:00+09:00,836.463739036194,845.7923309213561,833.3542084078067,842.6828002929688,37500,0.0,0.0
2005-01-10 00:00:00+09:00,842.6828002929688,842.6828002929688,842.6828002929688,842.6828002929688,0,0.0,0.0
2005-01-11 00:00:00+09:00,892.4357391892818,895.5452713815789,884.9728619277687,886.2166748046875,56300,0.0,0.0
2005-01-12 00:00:00+09:00,884.9726296056431,895.5450362839958,876.8878480280792,891.8135986328125,29300,0.0,0.0
2005-01-13 00:00:00+09:00,895.5452304768712,898.6547625271381,879.9975702255366,897.4109497070312,10000,0.0,0.0
2005-01-14 00:00:00+09:00,889.3259588747609,914.2022094726562,889.3259588747609,914.2022094726562,12000,0.0,0.0
2005-01-17 00:00:00+09:00,914.2026794006774,916.0683991545565,889.326416015625,889.326416015625,18100,0.0,0.0
2005-01-18 00:00:00+09:00,889.3262844099115,894.3015363506663,871.2909961246755,883.7291259765625,33600,0.0,0.0
2005-01-19 00:00:00+09:00,901.7645477081512,901.7645477081512,886.8387896771197,889.326416015625,17200,0.0,0.0
2005-01-20 00:00:00+09:00,889.3260431289672,889.3260431289672,873.7783850323069,875.6441040039062,7000,0.0,0.0
2005-01-21 00:00:00+09:00,893.6795709033029,893.6795709033029,873.1566580015569,873.778564453125,20700,0.0,0.0
2005-01-24 00:00:00+09:00,889.3263343426821,889.3263343426821,853.8776622744773,864.4500732421875,18000,0.0,0.0
2005-01-25 00:00:00+09:00,871.2907295445033,871.2907295445033,864.449760219029,870.6688232421875,10200,0.0,0.0
2005-01-26 00:00:00+09:00,873.7783433926526,876.8878748638008,865.0716552734375,865.0716552734375,6500,0.0,0.0
2005-01-27 00:00:00+09:00,865.0717702927572,870.6689276850179,861.3403320312499,861.34033203125,12000,0.0,0.0
2005-01-28 00:00:00+09:00,861.9623701171876,876.8881254438921,852.6337730379972,855.1213989257812,7000,0.0,0.0
2005-01-31 00:00:00+09:00,898.6548225158474,898.6548225158474,865.0718741311721,873.778564453125,7600,0.0,0.0
2005-02-01 00:00:00+09:00,895.5450873227746,895.5450873227746,865.0716781013747,866.3154907226562,3900,0.0,0.0
2005-02-02 00:00:00+09:00,867.5592917306083,883.1069492885044,867.5592917306083,870.6688232421875,2200,0.0,0.0
2005-02-03 00:00:00+09:00,870.6687201935534,885.5944696825858,869.4249077361341,870.0468139648438,16100,0.0,0.0
2005-02-04 00:00:00+09:00,873.7783968133812,894.3013057776811,867.5593334908659,871.290771484375,143900,0.0,0.0
2005-02-07 00:00:00+09:00,880.6193240792411,880.6193240792411,870.6688232421875,870.6688232421875,65000,0.0,0.0
2005-02-08 00:00:00+09:00,892.435791015625,896.7891363376524,876.8881291512413,892.435791015625,11000,0.0,0.0
2005-02-09 00:00:00+09:00,896.1674309785487,920.4217889300847,892.435991293697,917.312255859375,18900,0.0,0.0
2005-02-10 00:00:00+09:00,929.7499410177727,963.9547883461858,920.4213462918418,961.4671630859375,87600,0.0,0.0
2005-02-11 00:00:00+09:00,961.4671630859375,961.4671630859375,961.4671630859375,961.4671630859375,0,0.0,0.0
2005-02-14 00:00:00+09:00,948.4073415120444,950.2730608723958,926.6406156412761,932.8596801757812,59800,0.0,0.0
2005-02-15 00:00:00+09:00,932.8596708790355,939.0787353515625,932.8596708790355,939.0787353515625,49500,0.0,0.0
2005-02-16 00:00:00+09:00,932.8596708790355,942.8101740350786,932.8596708790355,939.0787353515625,25900,0.0,0.0
2005-02-17 00:00:00+09:00,939.0787931069791,963.3331460415302,939.0787931069791,949.029296875,25600,0.0,0.0
2005-02-18 00:00:00+09:00,939.078718612824,949.029221591503,927.2624963256428,929.7501220703125,26000,0.0,0.0
2005-02-21 00:00:00+09:00,963.9545825920484,963.9545825920484,939.0783352993503,942.1878662109375,19700,0.0,0.0
2005-02-22 00:00:00+09:00,946.5419778967309,957.114391578889,945.9200712095452,950.8953247070312,14600,0.0,0.0
2005-02-23 00:00:00+09:00,945.2978092447917,945.2978092447917,929.7501479085287,932.8596801757812,27900,0.0,0.0
2005-02-24 00:00:00+09:00,932.8596801757812,939.0787447102865,932.8596801757812,932.8596801757812,27500,0.0,0.0
2005-02-25 00:00:00+09:00,933.4815866292319,939.0787447102865,932.8596801757812,932.8596801757812,16800,0.0,0.0
2005-02-28 00:00:00+09:00,932.237693547726,934.1034127476214,915.4462207486675,933.4815063476562,78400,0.0,0.0
2005-03-01 00:00:00+09:00,933.4813080340921,939.0784644446895,932.8594017662479,935.9689331054688,35000,0.0,0.0
2005-03-02 00:00:00+09:00,929.7501511868841,934.7254028320314,917.3120220740161,934.7254028320312,78800,0.0,0.0
2005-03-03 00:00:00+09:00,930.3720543619792,950.2730608723958,929.7501479085287,932.8596801757812,7200,0.0,0.0
2005-03-04 00:00:00+09:00,932.8599026328639,945.2980346679688,932.8599026328639,945.2980346679688,600,0.0,0.0
2005-03-07 00:00:00+09:00,939.7006964582079,939.7006964582079,932.8597251405107,935.3473510742188,26100,0.0,0.0
2005-03-08 00:00:00+09:00,932.8595079911158,949.0290727962952,930.9937889751335,938.4566650390625,13400,0.0,0.0
2005-03-09 00:00:00+09:00,932.2377737223308,932.8596801757812,932.2377737223308,932.8596801757812,300,0.0,0.0
2005-03-10 00:00:00+09:00,932.2378540039062,932.2378540039062,930.9940409898917,932.2378540039062,1500,0.0,0.0
2005-03-11 00:00:00+09:00,932.2377737223308,932.8596801757812,921.0434575602214,932.8596801757812,16300,0.0,0.0
2005-03-14 00:00:00+09:00,924.1525869237315,945.2973971225248,924.1525869237315,942.1878662109375,19700,0.0,0.0
2005-03-15 00:00:00+09:00,939.700651163737,939.700651163737,926.6406156412761,932.8596801757812,192500,0.0,0.0
2005-03-16 00:00:00+09:00,933.4815866292319,935.3473059895833,930.9939608154298,932.8596801757812,146100,0.0,0.0
2005-03-17 00:00:00+09:00,942.1881623748166,942.1881623748166,926.6405029296876,926.6405029296875,3900,0.0,0.0
2005-03-18 00:00:00+09:00,939.0783399756265,939.0783399756265,898.0325317382812,898.0325317382812,19100,0.0,0.0
2005-03-21 00:00:00+09:00,898.0325317382812,898.0325317382812,898.0325317382812,898.0325317382812,0,0.0,0.0
2005-03-22 00:00:00+09:00,899.2765766672231,904.8737337834091,894.30132589728,902.3861083984375,38200,0.0,0.0
2005-03-23 00:00:00+09:00,901.764498008273,905.4959373103762,895.5454325047676,896.7892456054688,43700,0.0,0.0
2005-03-24 00:00:00+09:00,898.6546365949843,899.2765429178874,893.6793860117594,895.5451049804688,46800,0.0,0.0
2005-03-25 00:00:00+09:00,891.8140423541303,894.3016686926355,889.326416015625,889.326416015625,33300,0.0,0.0
2005-03-28 00:00:00+09:00,894.301510439351,894.301510439351,892.435791015625,892.435791015625,13100,0.0,0.0
2005-03-29 00:00:00+09:00,893.0574796888563,895.5451049804688,893.0574796888563,895.5451049804688,24600,0.0,0.0
2005-03-30 00:00:00+09:00,895.5449299792532,901.1420857916236,895.5449299792532,899.2763671875,9000,0.0,0.0
2005-03-31 00:00:00+09:00,924.1525183600347,935.9687349474107,900.5200851852828,920.4210815429688,14600,0.0,0.0
2005-04-01 00:00:00+09:00,932.8595198264294,937.212864252286,932.8595198264294,934.1033325195312,41600,0.0,0.0
2005-04-04 00:00:00+09:00,951.516605500252,1032.3644216538682,951.516605500252,983.2338256835938,55800,0.0,0.0
2005-04-05 00:00:00+09:00,988.8312537252227,988.8312537252227,974.5274054008956,986.3436279296875,64500,0.0,0.0
2005-04-06 00:00:00+09:00,985.721435546875,995.0500295741325,977.6366540565851,985.721435546875,46800,0.0,0.0
2005-04-07 00:00:00+09:00,985.7214936287172,985.7214936287172,963.9547729492186,963.9547729492188,25200,0.0,0.0
2005-04-08 00:00:00+09:00,979.5025301101567,1001.2692530014934,970.1739345852981,972.6615600585938,39900,0.0,0.0
2005-04-11 00:00:00+09:00,972.6617710658483,1013.7076002796244,945.9197914265698,1001.2694702148438,69700,0.0,0.0
2005-04-12 00:00:00+09:00,963.954814859239,991.318693474598,945.9195312263888,964.5767211914062,27400,0.0,0.0
2005-04-13 00:00:00+09:00,964.5767486572266,995.0501598011364,957.7357788085938,957.7357788085938,77000,0.0,0.0
2005-04-14 00:00:00+09:00,952.7606619220891,958.3578198576628,952.1387554848031,953.382568359375,1500,0.0,0.0
2005-04-15 00:00:00+09:00,970.1738649764151,988.8310546875,969.5519586527122,988.8310546875,44300,0.0,0.0
2005-04-18 00:00:00+09:00,889.9476776023641,971.4173811424828,889.9476776023641,954.6259155273438,12800,0.0,0.0
2005-04-19 00:00:00+09:00,945.2977377882282,995.0502503033981,932.8596096594357,960.8453979492188,44400,0.0,0.0
2005-04-20 00:00:00+09:00,994.4284217188724,994.4284217188724,988.8312636228937,991.9407958984375,15100,0.0,0.0
2005-04-21 00:00:00+09:00,995.05029296875,998.1598251342774,988.2093222045899,995.05029296875,20300,0.0,0.0
2005-04-22 00:00:00+09:00,983.2339058405237,983.8558121693285,982.6119995117188,982.6119995117188,900,0.0,0.0
2005-04-25 00:00:00+09:00,965.735117266255,968.8604736328125,961.9846896263861,968.8604736328125,11700,8.0,0.0
2005-04-26 00:00:00+09:00,965.7353827925508,966.360454237724,963.2350970118581,963.8601684570312,10300,0.0,0.0
2005-04-27 00:00:00+09:00,963.8599345747486,963.8599345747486,962.6097919877516,963.23486328125,11300,0.0,0.0
2005-04-28 00:00:00+09:00,959.4845961293072,1000.1142370077469,950.1085251573595,968.235595703125,23800,0.0,0.0
2005-04-29 00:00:00+09:00,968.235595703125,968.235595703125,968.235595703125,968.235595703125,0,0.0,0.0
2005-05-02 00:00:00+09:00,981.3617960611979,981.3617960611979,956.3589477539062,975.111083984375,6200,0.0,0.0
2005-05-03 00:00:00+09:00,975.1110839843749,975.1110839843749,975.1110839843749,975.111083984375,0,0.0,0.0
2005-05-04 00:00:00+09:00,975.1110839843749,975.1110839843749,975.1110839843749,975.111083984375,0,0.0,0.0
2005-05-05 00:00:00+09:00,975.1110839843749,975.1110839843749,975.1110839843749,975.111083984375,0,0.0,0.0
2005-05-06 00:00:00+09:00,981.3619995117188,981.9870708489873,980.7369281744501,981.3619995117188,9900,0.0,0.0
2005-05-09 00:00:00+09:00,981.361888735468,981.361888735468,968.8604634012582,969.4855346679688,19300,0.0,0.0
2005-05-10 00:00:00+09:00,970.1104424202994,970.1104424202994,956.3588768705271,960.734375,3000,0.0,0.0
2005-05-11 00:00:00+09:00,960.7342771787901,960.7342771787901,906.3530916781039,925.105224609375,6800,0.0,0.0
2005-05-12 00:00:00+09:00,926.3557106933594,937.6069946289062,926.3557106933594,937.6069946289062,3800,0.0,0.0
2005-05-13 00:00:00+09:00,937.6069233466751,938.2319946289062,934.4815669355195,938.2319946289062,15500,0.0,0.0
2005-05-16 00:00:00+09:00,938.2319946289062,938.2319946289062,938.2319946289062,938.2319946289062,2500,0.0,0.0
2005-05-17 00:00:00+09:00,931.3559438299432,931.3559438299432,912.6038107326959,913.2288818359375,600,0.0,0.0
2005-05-18 00:00:00+09:00,913.8543107657597,913.8543107657597,900.1027411099138,906.3534545898438,9400,0.0,0.0
2005-05-19 00:00:00+09:00,906.3534545898438,906.9785259378367,906.3534545898438,906.3534545898438,14900,0.0,0.0
2005-05-20 00:00:00+09:00,918.8547180175781,918.8547180175781,875.0997314453125,875.0997314453125,31500,0.0,0.0
2005-05-23 00:00:00+09:00,875.0999818231069,875.7250532386947,856.3478393554689,856.3478393554688,38100,0.0,0.0
2005-05-24 00:00:00+09:00,855.7224938751984,855.7224938751984,813.8427224437606,824.4689331054688,43800,0.0,0.0
2005-05-25 00:00:00+09:00,848.2217583942069,875.0998244302798,848.2217583942069,865.7237548828125,51800,0.0,0.0
2005-05-26 00:00:00+09:00,843.8462025952643,843.8462025952643,831.3447773716308,831.9698486328125,26900,0.0,0.0
2005-05-27 00:00:00+09:00,831.3449889225747,837.5957031250001,812.5928463152986,837.595703125,35600,0.0,0.0
2005-05-30 00:00:00+09:00,818.8432922596775,824.4689331988661,814.4677937514197,816.9680786132812,15600,0.0,0.0
2005-05-31 00:00:00+09:00,811.967488730543,823.843841529527,811.967488730543,821.9686279296875,19700,0.0,0.0
2005-06-01 00:00:00+09:00,842.5963331232718,843.8464760507545,818.8436175011025,819.4686889648438,10800,0.0,0.0
2005-06-02 00:00:00+09:00,821.968974819809,825.0943321385155,819.4686889648439,819.4686889648438,33900,0.0,0.0
2005-06-03 00:00:00+09:00,820.0934244791666,828.8444213867188,820.0934244791666,825.093994140625,22500,0.0,0.0
2005-06-06 00:00:00+09:00,826.3442813814604,828.2194953331581,812.5927124023438,812.5927124023438,18100,0.0,0.0
2005-06-07 00:00:00+09:00,813.2178402090431,838.8457659958,813.2178402090431,831.3449096679688,12300,0.0,0.0
2005-06-08 00:00:00+09:00,843.8462928907405,845.7215068749422,843.2212215626733,845.096435546875,11900,0.0,0.0
2005-06-09 00:00:00+09:00,861.9737443122311,865.7241739466571,856.3480998605921,862.5988159179688,8200,0.0,0.0
2005-06-10 00:00:00+09:00,877.6002871616049,892.6020014720597,877.6002871616049,888.2265014648438,7900,0.0,0.0
2005-06-13 00:00:00+09:00,888.8515472306658,912.6042608697413,862.5985479453719,904.4783325195312,14900,0.0,0.0
2005-06-14 00:00:00+09:00,905.7282933955263,905.7282933955263,887.601226101896,893.2268676757812,13800,0.0,0.0
2005-06-15 00:00:00+09:00,890.1014098907235,898.8524068980761,885.7259113870472,891.9766235351562,54500,0.0,0.0
2005-06-16 00:00:00+09:00,891.3516968033715,891.3516968033715,879.475341796875,879.475341796875,9600,0.0,0.0
2005-06-17 00:00:00+09:00,879.4753623880949,879.4753623880949,876.9750770650301,878.2252197265625,9100,0.0,0.0
2005-06-20 00:00:00+09:00,878.2252024842418,878.2252024842418,860.7232055664064,860.7232055664062,11300,0.0,0.0
2005-06-21 00:00:00+09:00,875.1002480327219,875.1002480327219,857.5982430720675,862.5988159179688,6300,0.0,0.0
2005-06-22 00:00:00+09:00,866.3492455523947,878.2256060614102,862.5988159179688,862.5988159179688,79000,0.0,0.0
2005-06-23 00:00:00+09:00,869.4740498860676,875.7247619628906,868.8489786783854,873.8495483398438,99400,0.0,0.0
2005-06-24 00:00:00+09:00,873.8495889718192,875.7248026820591,873.8495889718192,875.0997314453125,44000,0.0,0.0
2005-06-27 00:00:00+09:00,875.0997314453125,880.7253725760323,875.0997314453125,875.0997314453125,34800,0.0,0.0
2005-06-28 00:00:00+09:00,875.7248026820591,878.2250876290458,875.0997314453125,875.0997314453125,27500,0.0,0.0
2005-06-29 00:00:00+09:00,875.0998660673877,893.852006054546,862.5984394092822,863.2235107421875,120500,0.0,0.0
2005-06-30 00:00:00+09:00,875.1000411258592,875.1000411258592,863.2236834248655,863.8487548828125,39200,0.0,0.0
2005-07-01 00:00:00+09:00,863.8487548828125,863.8487548828125,863.2236834248655,863.8487548828125,21100,0.0,0.0
2005-07-04 00:00:00+09:00,863.8487027751867,863.8487027751867,837.5957031250001,837.595703125,26900,0.0,0.0
2005-07-05 00:00:00+09:00,840.7208251953124,844.4712526683027,837.5954689678206,840.7208251953125,55200,0.0,0.0
2005-07-06 00:00:00+09:00,841.3456131262973,846.9712524414062,840.095471056273,846.9712524414062,55000,0.0,0.0
2005-07-07 00:00:00+09:00,845.7215557391827,868.2241248497595,845.7215557391827,853.222412109375,43500,0.0,0.0
2005-07-08 00:00:00+09:00,856.3475743207064,880.1002807617186,856.3475743207064,880.1002807617188,16200,0.0,0.0
2005-07-11 00:00:00+09:00,880.1004086870255,905.7283325195312,880.1004086870255,905.7283325195312,12400,0.0,0.0
2005-07-12 00:00:00+09:00,905.1032701466181,912.6041259765625,905.1032701466181,912.6041259765625,27100,0.0,0.0
2005-07-13 00:00:00+09:00,912.6040628932466,931.3562011718749,910.1037777894295,931.356201171875,16600,0.0,0.0
2005-07-14 00:00:00+09:00,936.9817998806636,961.3595785299938,930.7310874064764,960.1094360351562,38100,0.0,0.0
2005-07-15 00:00:00+09:00,956.3587538422131,956.3587538422131,950.1080430327869,953.2333984375,71000,0.0,0.0
2005-07-18 00:00:00+09:00,953.2333984375,953.2333984375,953.2333984375,953.2333984375,0,0.0,0.0
2005-07-19 00:00:00+09:00,953.2336958302747,953.2336958302747,919.4798469287437,931.356201171875,15300,0.0,0.0
2005-07-20 00:00:00+09:00,925.1054655793425,962.6097412109375,925.1054655793425,962.6097412109375,23600,0.0,0.0
2005-07-21 00:00:00+09:00,962.6094904719172,962.6094904719172,925.105224609375,925.105224609375,20400,0.0,0.0
2005-07-22 00:00:00+09:00,959.4844911702473,959.4844911702473,925.1055680338542,937.6069946289062,7600,0.0,0.0
2005-07-25 00:00:00+09:00,919.4799260660807,937.6069946289062,919.4799260660807,937.6069946289062,29400,0.0,0.0
2005-07-26 00:00:00+09:00,931.9811087472098,931.9811087472098,912.6039025961946,918.8546142578125,14600,0.0,0.0
2005-07-27 00:00:00+09:00,918.8548190777119,921.9801756051871,910.1038208007812,910.1038208007812,12900,0.0,0.0
2005-07-28 00:00:00+09:00,910.7285873893185,918.2294405455792,906.3530897148331,913.8539428710938,20900,0.0,0.0
2005-07-29 00:00:00+09:00,937.6070508769914,956.3591918945312,931.9814085717295,956.3591918945312,34000,0.0,0.0
2005-08-01 00:00:00+09:00,953.2333843210802,953.2333843210802,934.4812521705015,935.1063232421875,7700,0.0,0.0
2005-08-02 00:00:00+09:00,939.4822884060688,943.8577880859374,936.356931491877,943.8577880859375,30900,0.0,0.0
2005-08-03 00:00:00+09:00,943.8573322233607,956.3587538422131,943.8573322233607,953.2333984375,4800,0.0,0.0
2005-08-04 00:00:00+09:00,950.7333991655537,950.7333991655537,937.6069025301318,943.2325439453125,21500,0.0,0.0
2005-08-05 00:00:00+09:00,943.232675449064,946.9831035820622,937.6070332495666,946.3580322265625,10100,0.0,0.0
2005-08-08 00:00:00+09:00,940.7327182687444,955.7344360351562,937.6073604007419,955.7344360351562,23900,0.0,0.0
2005-08-09 00:00:00+09:00,950.1083354334677,968.8604736328125,950.1083354334677,968.8604736328125,16900,0.0,0.0
2005-08-10 00:00:00+09:00,967.6103310861895,968.8604736328125,962.6097608996976,968.8604736328125,26400,0.0,0.0
2005-08-11 00:00:00+09:00,962.6097608996976,975.1111863659274,962.6097608996976,968.8604736328125,23200,0.0,0.0
2005-08-12 00:00:00+09:00,981.3619995117188,981.3619995117188,962.6098593936604,981.3619995117188,14100,0.0,0.0
2005-08-15 00:00:00+09:00,987.6124267578124,1000.1138498813291,968.8602920725375,987.6124267578125,44500,0.0,0.0
2005-08-16 00:00:00+09:00,986.9876519149091,986.9876519149091,968.8605829437042,980.7369384765625,12600,0.0,0.0
2005-08-17 00:00:00+09:00,978.2364606178749,978.2364606178749,962.6096800968226,966.360107421875,16800,0.0,0.0
2005-08-18 00:00:00+09:00,968.8604736328125,973.2359725459929,962.6097608996976,968.8604736328125,16900,0.0,0.0
2005-08-19 00:00:00+09:00,986.9873556016366,987.6124267578124,970.1104343848891,987.6124267578125,39600,0.0,0.0
2005-08-22 00:00:00+09:00,1000.1140649490596,1002.6143501114323,967.6103578382151,996.9887084960938,48700,0.0,0.0
2005-08-23 00:00:00+09:00,996.9886809318297,996.9886809318297,968.8604736328125,968.8604736328125,20000,0.0,0.0
2005-08-24 00:00:00+09:00,968.8604318597017,986.9874980041736,968.8604318597017,986.3624267578125,13700,0.0,0.0
2005-08-25 00:00:00+09:00,986.3626995122726,993.2384851235748,985.112556673854,991.9883422851562,15400,0.0,0.0
2005-08-26 00:00:00+09:00,993.8632100487115,996.988566055154,968.8603619971716,994.48828125,18500,0.0,0.0
2005-08-29 00:00:00+09:00,993.8631485110978,995.113290836269,981.3617252593859,986.9873657226562,37400,0.0,0.0
2005-08-30 00:00:00+09:00,986.9873657226562,987.6124368852419,986.9873657226562,986.9873657226562,16900,0.0,0.0
2005-08-31 00:00:00+09:00,986.9878346664186,988.2379775855654,975.1114769345238,984.487548828125,14100,0.0,0.0
2005-09-01 00:00:00+09:00,988.2376609840974,988.2376609840974,984.4872334281805,985.1123046875,24800,0.0,0.0
2005-09-02 00:00:00+09:00,981.3620839139703,1006.3649395550906,981.3620839139703,1005.7398681640625,23600,0.0,0.0
2005-09-05 00:00:00+09:00,1005.7397652449911,1011.990478515625,1000.1141233014206,1011.990478515625,15400,0.0,0.0
2005-09-06 00:00:00+09:00,1011.3651936597163,1013.2404072449939,1005.114481708791,1010.1150512695312,44900,0.0,0.0
2005-09-07 00:00:00+09:00,1008.8649494939741,1013.865519256026,1006.3646646129481,1011.365234375,22900,0.0,0.0
2005-09-08 00:00:00+09:00,1015.7407530988463,1017.615966796875,1015.1156818661701,1017.615966796875,6800,0.0,0.0
2005-09-09 00:00:00+09:00,1016.9910271966378,1020.7414550781251,1015.7408845694754,1020.741455078125,13500,0.0,0.0
2005-09-12 00:00:00+09:00,1018.866109112631,1021.3663940429688,1012.6153967867866,1021.3663940429688,13200,0.0,0.0
2005-09-13 00:00:00+09:00,1024.4922968886458,1030.1179409838244,1024.4922968886458,1028.8677978515625,53800,0.0,0.0
2005-09-14 00:00:00+09:00,1025.116909310089,1068.871899341617,1025.116909310089,1053.2451171875,47000,0.0,0.0
2005-09-15 00:00:00+09:00,1053.2452672621782,1063.8714806410846,1053.2452672621782,1062.621337890625,90700,0.0,0.0
2005-09-16 00:00:00+09:00,1062.6213172347789,1063.8714599609375,1060.1210317824618,1063.8714599609375,47700,0.0,0.0
2005-09-19 00:00:00+09:00,1063.8714599609375,1063.8714599609375,1063.8714599609375,1063.8714599609375,0,0.0,0.0
2005-09-20 00:00:00+09:00,1060.7461237649356,1063.8714806410846,1060.7461237649356,1062.621337890625,4300,0.0,0.0
2005-09-21 00:00:00+09:00,1081.3734791475183,1081.3734791475183,1062.621337890625,1062.621337890625,5400,0.0,0.0
2005-09-22 00:00:00+09:00,1062.621337890625,1062.621337890625,1050.1199103860295,1062.621337890625,19700,0.0,0.0
2005-09-23 00:00:00+09:00,1062.621337890625,1062.621337890625,1062.621337890625,1062.621337890625,0,0.0,0.0
2005-09-26 00:00:00+09:00,1061.9962665153953,1062.621337890625,1059.495981014476,1062.621337890625,15700,0.0,0.0
2005-09-27 00:00:00+09:00,1062.621337890625,1065.7466947667738,1058.2458382640166,1062.621337890625,16600,0.0,0.0
2005-09-28 00:00:00+09:00,1056.370521946957,1071.997304815995,1056.370521946957,1068.8719482421875,27300,0.0,0.0
2005-09-29 00:00:00+09:00,1062.6210530598958,1075.7475484212239,1062.6210530598958,1072.6221923828125,19300,0.0,0.0
2005-09-30 00:00:00+09:00,1068.8718460437863,1075.12255859375,1068.8718460437863,1075.12255859375,19700,0.0,0.0
2005-10-03 00:00:00+09:00,1068.24677478879,1077.6228436137355,1068.24677478879,1075.12255859375,26800,0.0,0.0
2005-10-04 00:00:00+09:00,1075.12255859375,1075.7476298487463,1063.8712760038154,1075.12255859375,45500,0.0,0.0
2005-10-05 00:00:00+09:00,1062.6211334938228,1075.7476298487463,1062.6211334938228,1075.12255859375,31100,0.0,0.0
2005-10-06 00:00:00+09:00,1075.7476298487463,1100.1254087936047,1072.6222735737645,1075.12255859375,45500,0.0,0.0
2005-10-07 00:00:00+09:00,1081.3730574286292,1093.2494089264003,1078.247701771321,1084.4984130859375,43800,0.0,0.0
2005-10-10 00:00:00+09:00,1084.4984130859375,1084.4984130859375,1084.4984130859375,1084.4984130859375,0,0.0,0.0
2005-10-11 00:00:00+09:00,1065.7466947667738,1075.1227653952205,1059.495981014476,1062.621337890625,10400,0.0,0.0
2005-10-12 00:00:00+09:00,1056.3704931208517,1066.3716338841261,1056.3704931208517,1059.495849609375,15600,0.0,0.0
2005-10-13 00:00:00+09:00,1043.868916829427,1059.4956970214844,1031.3674926757812,1050.11962890625,47700,0.0,0.0
2005-10-14 00:00:00+09:00,1040.7438124302455,1093.8748779296875,1031.367742047991,1093.8748779296875,30400,0.0,0.0
2005-10-17 00:00:00+09:00,1225.1397769325656,1256.3933426706415,1162.6326454564144,1187.635498046875,374600,0.0,0.0
2005-10-18 00:00:00+09:00,1187.6357003733597,1187.6357003733597,1115.12741550846,1131.3792724609375,118100,0.0,0.0
2005-10-19 00:00:00+09:00,1123.2533664279513,1123.2533664279513,1094.5000804759836,1097.0003662109375,82900,0.0,0.0
2005-10-20 00:00:00+09:00,1093.874696243641,1093.874696243641,1065.7464897688046,1075.12255859375,68800,0.0,0.0
2005-10-21 00:00:00+09:00,1112.0015545152637,1112.0015545152637,1078.247713062861,1095.1246337890625,19200,0.0,0.0
2005-10-24 00:00:00+09:00,1100.1254275940707,1102.6257126567846,1090.749358608894,1096.375,25400,0.0,0.0
2005-10-25 00:00:00+09:00,1087.624267578125,1093.8749817596083,1084.4989104873832,1087.624267578125,27600,0.0,0.0
2005-10-26 00:00:00+09:00,1081.3552297222677,1084.48959270697,1066.310287395697,1077.593994140625,12300,5.0,0.0
2005-10-27 00:00:00+09:00,1066.9373536605156,1068.817971792702,1050.0117904708363,1056.280517578125,22000,0.0,0.0
2005-10-28 00:00:00+09:00,1059.4147750039836,1065.683501483297,1037.4742323263863,1044.9967041015625,39800,0.0,0.0
2005-10-31 00:00:00+09:00,1046.250195937756,1053.1457933945055,1037.4739809928017,1052.5189208984375,88700,0.0,0.0
2005-11-01 00:00:00+09:00,1065.683479692582,1068.8178428681483,1054.399772260543,1060.0416259765625,88000,0.0,0.0
2005-11-02 00:00:00+09:00,1063.1761653568237,1068.8180200078916,1034.340019362476,1051.8924560546875,37400,0.0,0.0
2005-11-03 00:00:00+09:00,1051.8924560546875,1051.8924560546875,1051.8924560546875,1051.8924560546875,0,0.0,0.0
2005-11-04 00:00:00+09:00,1053.1461397058822,1068.8179572610293,1053.1461397058822,1065.68359375,90700,0.0,0.0
2005-11-07 00:00:00+09:00,1077.5940044382965,1077.5940044382965,1065.6834249826084,1070.071533203125,19700,0.0,0.0
2005-11-08 00:00:00+09:00,1065.68359375,1066.9373391544118,1064.4298483455882,1065.68359375,11800,0.0,0.0
2005-11-09 00:00:00+09:00,1084.4897906501212,1084.4897906501212,1067.564227443443,1081.9822998046875,23900,0.0,0.0
2005-11-10 00:00:00+09:00,1090.1317847782436,1096.4005126953125,1084.489929652882,1096.4005126953125,42000,0.0,0.0
2005-11-11 00:00:00+09:00,1103.2956782875722,1103.2956782875722,1077.5939039638276,1084.489501953125,29900,0.0,0.0
2005-11-14 00:00:00+09:00,1084.489494793164,1090.758220196593,1081.3551320914498,1090.13134765625,64400,0.0,0.0
2005-11-15 00:00:00+09:00,1084.4893755231583,1084.4893755231583,1019.2946384974888,1053.145751953125,96400,0.0,0.0
2005-11-16 00:00:00+09:00,1053.1461779799502,1066.9373779296875,1022.4294144555349,1066.9373779296875,139200,0.0,0.0
2005-11-17 00:00:00+09:00,1066.3106750734817,1090.758715242715,1066.3106750734817,1086.37060546875,117600,0.0,0.0
2005-11-18 00:00:00+09:00,1086.3703310465944,1134.6395263671875,1086.3703310465944,1134.6395263671875,94600,0.0,0.0
2005-11-21 00:00:00+09:00,1153.4454345703125,1157.2066696830416,1142.7886017509127,1153.4454345703125,66300,0.0,0.0
2005-11-22 00:00:00+09:00,1150.311269463433,1150.311269463433,1122.1020012749566,1128.3707275390625,56800,0.0,0.0
2005-11-23 00:00:00+09:00,1128.3707275390625,1128.3707275390625,1128.3707275390625,1128.3707275390625,0,0.0,0.0
2005-11-24 00:00:00+09:00,1128.9977437784382,1151.565161199884,1127.1171256599844,1140.9083251953125,46600,0.0,0.0
2005-11-25 00:00:00+09:00,1140.908534026343,1144.042898130811,1128.371077608471,1137.774169921875,25800,0.0,0.0
2005-11-28 00:00:00+09:00,1134.6395981337996,1140.9083251953125,1134.6395981337996,1140.9083251953125,18100,0.0,0.0
2005-11-29 00:00:00+09:00,1128.370871072287,1144.0426887260687,1128.370871072287,1140.9083251953125,20800,0.0,0.0
2005-11-30 00:00:00+09:00,1153.4454345703125,1153.4454345703125,1128.3705338187838,1153.4454345703125,31700,0.0,0.0
2005-12-01 00:00:00+09:00,1140.9079841945481,1153.4454345703125,1140.9079841945481,1153.4454345703125,24200,0.0,0.0
2005-12-02 00:00:00+09:00,1159.7141597581945,1162.8485223521357,1150.3110719763713,1153.4454345703125,31000,0.0,0.0
2005-12-05 00:00:00+09:00,1153.4459135427935,1162.8490052292836,1147.1771857518,1159.0877685546875,14000,0.0,0.0
2005-12-06 00:00:00+09:00,1157.2071502173894,1162.2221324501843,1156.58027743829,1159.0877685546875,9400,0.0,0.0
2005-12-07 00:00:00+09:00,1162.8490052292836,1162.8490052292836,1153.4459135427935,1159.0877685546875,12700,0.0,0.0
2005-12-08 00:00:00+09:00,1159.714319079226,1162.2218094988566,1156.5799560546875,1156.5799560546875,25300,0.0,0.0
2005-12-09 00:00:00+09:00,1155.326210844872,1156.5799560546875,1140.9081409319951,1156.5799560546875,46400,0.0,0.0
2005-12-12 00:00:00+09:00,1155.9534046591907,1159.0877685546875,1153.4459135427935,1159.0877685546875,10500,0.0,0.0
2005-12-13 00:00:00+09:00,1153.445593030149,1162.8486821037643,1153.445593030149,1156.5799560546875,30500,0.0,0.0
2005-12-14 00:00:00+09:00,1156.5799070291441,1165.982995704178,1156.5799070291441,1162.8486328125,8200,0.0,0.0
2005-12-15 00:00:00+09:00,1165.9828849460766,1165.9828849460766,1140.9079841945481,1153.4454345703125,34400,0.0,0.0
2005-12-16 00:00:00+09:00,1150.3110719763713,1153.4454345703125,1147.1767093824303,1153.4454345703125,13300,0.0,0.0
2005-12-19 00:00:00+09:00,1153.445397649864,1156.5797601434776,1150.31103515625,1150.31103515625,16400,0.0,0.0
2005-12-20 00:00:00+09:00,1150.3110719763713,1153.4454345703125,1147.1767093824303,1153.4454345703125,21600,0.0,0.0
2005-12-21 00:00:00+09:00,1158.4607854603294,1159.0876581797343,1151.565185546875,1151.565185546875,11900,0.0,0.0
2005-12-22 00:00:00+09:00,1152.818842166136,1156.5800781927792,1128.9976806640625,1128.9976806640625,48600,0.0,0.0
2005-12-23 00:00:00+09:00,1128.9976806640625,1128.9976806640625,1128.9976806640625,1128.9976806640625,0,0.0,0.0
2005-12-26 00:00:00+09:00,1129.6246871531337,1147.1771240234375,1129.6246871531337,1147.1771240234375,25500,0.0,0.0
2005-12-27 00:00:00+09:00,1147.176677188696,1156.5797647066363,1145.922932186304,1146.5498046875,19900,0.0,0.0
2005-12-28 00:00:00+09:00,1146.5498046875,1150.311039694676,1146.5498046875,1146.5498046875,13200,0.0,0.0
2005-12-29 00:00:00+09:00,1146.5497391599943,1147.1766116253632,1132.131672456506,1132.758544921875,12000,0.0,0.0
2005-12-30 00:00:00+09:00,1165.9828849460766,1165.9828849460766,1134.639259006666,1153.4454345703125,26300,0.0,0.0
2006-01-02 00:00:00+09:00,1153.4454345703125,1153.4454345703125,1153.4454345703125,1153.4454345703125,0,0.0,0.0
2006-01-03 00:00:00+09:00,1153.4454345703125,1153.4454345703125,1153.4454345703125,1153.4454345703125,0,0.0,0.0
2006-01-04 00:00:00+09:00,1153.4462917676592,1153.4462917676592,1128.998245366062,1131.5057373046875,23300,0.0,0.0
2006-01-05 00:00:00+09:00,1132.1320440195984,1134.01266203292,1126.4901899796337,1128.9976806640625,23000,0.0,0.0
2006-01-06 00:00:00+09:00,1134.6401022279692,1140.9088320745325,1131.5057373046875,1131.5057373046875,19700,0.0,0.0
2006-01-09 00:00:00+09:00,1131.5057373046875,1131.5057373046875,1131.5057373046875,1131.5057373046875,0,0.0,0.0
2006-01-10 00:00:00+09:00,1132.1326102893438,1133.3863562586564,1130.8788643200312,1131.5057373046875,29000,0.0,0.0
2006-01-11 00:00:00+09:00,1131.5050336723475,1140.28125,1130.8781610775152,1140.28125,25800,0.0,0.0
2006-01-12 00:00:00+09:00,1141.5349145266089,1144.042404728754,1131.504953718028,1139.654296875,44100,0.0,0.0
2006-01-13 00:00:00+09:00,1139.6546510790215,1150.3114877502776,1139.6546510790215,1147.1771240234375,24400,0.0,0.0
2006-01-16 00:00:00+09:00,1147.1772652290963,1159.7147216796875,1147.1772652290963,1159.7147216796875,48500,0.0,0.0
2006-01-17 00:00:00+09:00,1159.714319079226,1165.9830451283028,1145.9231217712568,1156.5799560546875,62700,0.0,0.0
2006-01-18 00:00:00+09:00,1164.7291399085002,1164.7291399085002,1150.3110719763713,1153.4454345703125,62900,0.0,0.0
2006-01-19 00:00:00+09:00,1131.5048383042895,1172.2515499329759,1131.5048383042895,1169.1171875,49000,0.0,0.0
2006-01-20 00:00:00+09:00,1170.9980259675644,1172.2517711773799,1147.1768669810722,1156.5799560546875,14900,0.0,0.0
2006-01-23 00:00:00+09:00,1150.311269463433,1150.311269463433,1128.3707275390625,1128.3707275390625,69400,0.0,0.0
2006-01-24 00:00:00+09:00,1128.3707644307906,1128.9976370776965,1072.579098856157,1074.459716796875,32900,0.0,0.0
2006-01-25 00:00:00+09:00,1080.7283909394,1107.0570408346755,1080.7283909394,1082.6090087890625,9000,0.0,0.0
2006-01-26 00:00:00+09:00,1082.6092731233452,1097.0273468244668,1081.3555275841175,1095.146728515625,37600,0.0,0.0
2006-01-27 00:00:00+09:00,1097.0273637502207,1115.20667434951,1097.0273637502207,1109.5648193359375,18100,0.0,0.0
2006-01-30 00:00:00+09:00,1109.564540983235,1134.0125732421875,1109.564540983235,1134.0125732421875,12200,0.0,0.0
2006-01-31 00:00:00+09:00,1159.714350745189,1159.714350745189,1134.0125732421875,1134.0125732421875,33400,0.0,0.0
2006-02-01 00:00:00+09:00,1136.5198168217742,1159.7140987977289,1132.131709420918,1135.8929443359375,40600,0.0,0.0
2006-02-02 00:00:00+09:00,1159.714319079226,1159.714319079226,1140.9081409319951,1156.5799560546875,8100,0.0,0.0
2006-02-03 00:00:00+09:00,1132.7590449713414,1153.4458454605801,1132.7590449713414,1150.9383544921875,9600,0.0,0.0
2006-02-06 00:00:00+09:00,1156.5801673021147,1156.5801673021147,1144.0427129140157,1151.565185546875,16100,0.0,0.0
2006-02-07 00:00:00+09:00,1150.311320896627,1150.311320896627,1147.1769576244292,1149.6844482421875,25600,0.0,0.0
2006-02-08 00:00:00+09:00,1149.0575755877478,1150.311320896627,1146.5500849699895,1149.6844482421875,23200,0.0,0.0
2006-02-09 00:00:00+09:00,1159.714352833665,1161.594970703125,1150.9381361095184,1161.594970703125,7500,0.0,0.0
2006-02-10 00:00:00+09:00,1162.2222129698057,1162.2222129698057,1153.4459934543918,1159.7147216796875,9900,0.0,0.0
2006-02-13 00:00:00+09:00,1159.7146444434336,1162.8490083473348,1156.5802805395324,1157.2071533203125,17400,0.0,0.0
2006-02-14 00:00:00+09:00,1153.4454345703125,1159.7141597581945,1150.3110719763713,1153.4454345703125,8500,0.0,0.0
2006-02-15 00:00:00+09:00,1153.4456519468583,1172.2518310546875,1153.4456519468583,1172.2518310546875,9000,0.0,0.0
2006-02-16 00:00:00+09:00,1165.983104685411,1203.5954629010696,1165.983104685411,1172.2518310546875,8200,0.0,0.0
2006-02-17 00:00:00+09:00,1166.610210164388,1203.595703125,1166.610210164388,1203.595703125,11200,0.0,0.0
2006-02-20 00:00:00+09:00,1191.058027693994,1191.058027693994,1140.9082160016153,1188.550537109375,3100,0.0,0.0
2006-02-21 00:00:00+09:00,1216.1331375925165,1216.1331375925165,1191.0582275390625,1191.0582275390625,25800,0.0,0.0
2006-02-22 00:00:00+09:00,1191.0582785631614,1191.0582785631614,1184.78955078125,1184.78955078125,14900,0.0,0.0
2006-02-23 00:00:00+09:00,1172.2515454845336,1184.78899516886,1172.2515454845336,1172.87841796875,800,0.0,0.0
2006-02-24 00:00:00+09:00,1172.8785940658693,1172.8785940658693,1156.5799070291441,1162.8486328125,18500,0.0,0.0
2006-02-27 00:00:00+09:00,1165.983154296875,1165.983154296875,1165.983154296875,1165.983154296875,2600,0.0,0.0
2006-02-28 00:00:00+09:00,1203.5951742627346,1203.5951742627346,1169.1171875,1169.1171875,4500,0.0,0.0
2006-03-01 00:00:00+09:00,1169.1171875,1169.7440599865952,1169.1171875,1169.1171875,1400,0.0,0.0
2006-03-02 00:00:00+09:00,1153.445397649864,1156.5797601434776,1150.31103515625,1150.31103515625,15600,0.0,0.0
2006-03-03 00:00:00+09:00,1150.3115496472967,1159.7146413337869,1150.3115496472967,1159.0877685546875,2600,0.0,0.0
2006-03-06 00:00:00+09:00,1159.7146396536043,1203.595734126984,1159.7146396536043,1184.78955078125,14700,0.0,0.0
2006-03-07 00:00:00+09:00,1184.789500025699,1191.0582275390625,1182.2820090203536,1191.0582275390625,9000,0.0,0.0
2006-03-08 00:00:00+09:00,1181.6552066503396,1197.3270263671875,1181.6552066503396,1197.3270263671875,12400,0.0,0.0
2006-03-09 00:00:00+09:00,1197.3267678844363,1197.3267678844363,1179.1474609375,1179.1474609375,2600,0.0,0.0
2006-03-10 00:00:00+09:00,1178.5206929428318,1190.4312744140625,1171.6250931436982,1190.4312744140625,7000,0.0,0.0
2006-03-13 00:00:00+09:00,1165.3561881440935,1174.75927734375,1165.3561881440935,1174.75927734375,10900,0.0,0.0
2006-03-14 00:00:00+09:00,1178.52084270697,1200.4613903105571,1178.52084270697,1197.3270263671875,16300,0.0,0.0
2006-03-15 00:00:00+09:00,1197.326955052426,1203.5956825657895,1186.0432455283717,1191.0582275390625,14400,0.0,0.0
2006-03-16 00:00:00+09:00,1173.505810546875,1203.595703125,1173.505810546875,1203.595703125,7100,0.0,0.0
2006-03-17 00:00:00+09:00,1209.8646666610314,1234.9395820322445,1209.8646666610314,1231.1783447265625,39800,0.0,0.0
2006-03-20 00:00:00+09:00,1241.2078803302034,1272.551513671875,1231.8047903277018,1272.551513671875,70500,0.0,0.0
2006-03-21 00:00:00+09:00,1272.551513671875,1272.551513671875,1272.551513671875,1272.551513671875,0,0.0,0.0
2006-03-22 00:00:00+09:00,1266.2829020794172,1269.4172656984256,1236.193011336936,1250.611083984375,7900,0.0,0.0
2006-03-23 00:00:00+09:00,1278.820305194046,1278.820305194046,1250.6110337559421,1256.8797607421875,8300,0.0,0.0
2006-03-24 00:00:00+09:00,1253.7453972490648,1260.0141242353102,1253.7453972490648,1256.8797607421875,9700,0.0,0.0
2006-03-27 00:00:00+09:00,1238.0735657946898,1266.2828369140625,1238.0735657946898,1266.2828369140625,16900,0.0,0.0
2006-03-28 00:00:00+09:00,1266.282568359375,1285.0887451171875,1260.0138427734375,1285.0887451171875,27800,0.0,0.0
2006-03-29 00:00:00+09:00,1285.089126324478,1285.089126324478,1269.4173077107648,1275.68603515625,6700,0.0,0.0
2006-03-30 00:00:00+09:00,1275.685440726902,1297.6259765625,1272.5510784646738,1297.6259765625,15200,0.0,0.0
2006-03-31 00:00:00+09:00,1297.6266735160034,1310.1641292987667,1288.223581678931,1294.4923095703125,13200,0.0,0.0
2006-04-03 00:00:00+09:00,1294.4923095703125,1297.6266735160034,1288.223581678931,1294.4923095703125,10100,0.0,0.0
2006-04-04 00:00:00+09:00,1300.760944938191,1300.760944938191,1244.3423979288239,1275.68603515625,26500,0.0,0.0
2006-04-05 00:00:00+09:00,1275.6860293579102,1285.0891204833986,1244.3423922729494,1253.7454833984375,33800,0.0,0.0
2006-04-06 00:00:00+09:00,1253.7451612208793,1269.41697573614,1250.610798317827,1251.2376708984375,15100,0.0,0.0
2006-04-07 00:00:00+09:00,1251.2379981188576,1275.68603515625,1251.2379981188576,1275.68603515625,9500,0.0,0.0
2006-04-10 00:00:00+09:00,1275.6856567382813,1297.6261962890626,1272.5512939453126,1285.0887451171875,22700,0.0,0.0
2006-04-11 00:00:00+09:00,1285.0887451171875,1285.0887451171875,1266.282568359375,1285.0887451171875,16400,0.0,0.0
2006-04-12 00:00:00+09:00,1266.282568359375,1285.0887451171875,1260.0138427734375,1285.0887451171875,10500,0.0,0.0
2006-04-13 00:00:00+09:00,1285.088527513587,1297.6259765625,1278.8198029891305,1297.6259765625,11700,0.0,0.0
2006-04-14 00:00:00+09:00,1297.6259765625,1303.8947010869565,1285.088527513587,1297.6259765625,23800,0.0,0.0
2006-04-17 00:00:00+09:00,1297.6259765625,1297.6259765625,1285.088527513587,1297.6259765625,16600,0.0,0.0
2006-04-18 00:00:00+09:00,1297.6259765625,1303.8947010869565,1297.6259765625,1297.6259765625,7500,0.0,0.0
2006-04-19 00:00:00+09:00,1297.6262698867945,1300.7606328575357,1285.0888180038303,1291.3575439453125,14700,0.0,0.0
2006-04-20 00:00:00+09:00,1297.6265007294803,1300.7608642578125,1294.4921372011484,1300.7608642578125,1600,0.0,0.0
2006-04-21 00:00:00+09:00,1300.7607979218362,1300.7607979218362,1256.8797107630273,1263.1484375,15000,0.0,0.0
2006-04-24 00:00:00+09:00,1256.8795637583091,1294.4919197810016,1253.745200756418,1281.9544677734375,26700,0.0,0.0
2006-04-25 00:00:00+09:00,1290.7696068316186,1290.7696068316186,1271.8802955121314,1281.324951171875,7300,9.0,0.0
2006-04-26 00:00:00+09:00,1281.3248761432926,1319.103496570122,1271.8802210365855,1290.76953125,21600,0.0,0.0
2006-04-27 00:00:00+09:00,1290.769454737029,1322.2516365598833,1290.769454737029,1315.9552001953125,31100,0.0,0.0
2006-04-28 00:00:00+09:00,1322.251708984375,1378.9196393694197,1315.9552722749256,1322.251708984375,55400,0.0,0.0
2006-05-01 00:00:00+09:00,1315.9552001953125,1315.9552001953125,1309.6587638307417,1315.9552001953125,6900,0.0,0.0
2006-05-02 00:00:00+09:00,1309.6588355654762,1341.1410191127231,1303.3623988560266,1322.251708984375,3000,0.0,0.0
2006-05-03 00:00:00+09:00,1322.251708984375,1322.251708984375,1322.251708984375,1322.251708984375,0,0.0,0.0
2006-05-04 00:00:00+09:00,1322.251708984375,1322.251708984375,1322.251708984375,1322.251708984375,0,0.0,0.0
2006-05-05 00:00:00+09:00,1322.251708984375,1322.251708984375,1322.251708984375,1322.251708984375,0,0.0,0.0
2006-05-08 00:00:00+09:00,1322.251708984375,1341.1410191127231,1312.8070539202008,1322.251708984375,20400,0.0,0.0
2006-05-09 00:00:00+09:00,1322.251805828756,1328.5482429993692,1322.251805828756,1325.4000244140625,11900,0.0,0.0
2006-05-10 00:00:00+09:00,1325.3999273390996,1325.3999273390996,1312.8070539202008,1322.251708984375,13500,0.0,0.0
2006-05-11 00:00:00+09:00,1319.1034906296502,1322.251708984375,1309.6588355654762,1322.251708984375,8500,0.0,0.0
2006-05-12 00:00:00+09:00,1322.251708984375,1322.251708984375,1322.251708984375,1322.251708984375,26800,0.0,0.0
2006-05-15 00:00:00+09:00,1322.251708984375,1322.251708984375,1319.1034906296502,1322.251708984375,17500,0.0,0.0
2006-05-16 00:00:00+09:00,1322.251708984375,1322.251708984375,1315.9552722749256,1322.251708984375,16600,0.0,0.0
2006-05-17 00:00:00+09:00,1322.251708984375,1322.251708984375,1300.214180501302,1322.251708984375,12300,0.0,0.0
2006-05-18 00:00:00+09:00,1322.251933171199,1322.251933171199,1297.066182063176,1309.6590576171875,5200,0.0,0.0
2006-05-19 00:00:00+09:00,1322.2516615613758,1322.2516615613758,1309.6587885941246,1312.8070068359375,7200,0.0,0.0
2006-05-22 00:00:00+09:00,1293.9179432693036,1312.8072563097314,1265.583973708662,1297.066162109375,6700,0.0,0.0
2006-05-23 00:00:00+09:00,1275.028705923365,1287.62158203125,1275.028705923365,1287.62158203125,4900,0.0,0.0
2006-05-24 00:00:00+09:00,1281.324849364495,1281.324849364495,1234.1015748178922,1247.9537353515625,11600,0.0,0.0
2006-05-25 00:00:00+09:00,1290.7695596524984,1290.7695596524984,1259.28737527073,1271.8802490234375,19900,0.0,0.0
2006-05-26 00:00:00+09:00,1281.3248761432926,1290.76953125,1253.6205544969512,1290.76953125,20500,0.0,0.0
2006-05-29 00:00:00+09:00,1259.287124045443,1262.4353418555568,1252.990688425216,1257.398193359375,2100,0.0,0.0
2006-05-30 00:00:00+09:00,1252.9910888671875,1259.2875264996858,1252.9910888671875,1252.9910888671875,2400,0.0,0.0
2006-05-31 00:00:00+09:00,1271.8802371707645,1271.8802371707645,1224.6569610381866,1258.028076171875,16600,0.0,0.0
2006-06-01 00:00:00+09:00,1290.7696108082635,1290.7696108082635,1256.1392066158467,1265.5838623046875,5600,0.0,0.0
2006-06-02 00:00:00+09:00,1164.8410780164932,1165.470721842448,1013.7265597873264,1133.35888671875,193100,0.0,0.0
2006-06-05 00:00:00+09:00,1133.3586460167253,1145.9515198613556,989.1702404957086,1117.6175537109375,31700,0.0,0.0
2006-06-06 00:00:00+09:00,1086.1352706741502,1158.5442887190934,1086.1352706741502,1145.951416015625,31000,0.0,0.0
2006-06-07 00:00:00+09:00,1133.358739287569,1176.8041576269259,1133.358739287569,1136.5069580078125,8700,0.0,0.0
2006-06-08 00:00:00+09:00,1133.358724138378,1170.5077045406915,1120.7658494257294,1138.3958740234375,36200,0.0,0.0
2006-06-09 00:00:00+09:00,1100.6174077690973,1133.35888671875,1100.6174077690973,1133.35888671875,9400,0.0,0.0
2006-06-12 00:00:00+09:00,1133.35888671875,1164.8410780164932,1120.7660101996528,1133.35888671875,14600,0.0,0.0
2006-06-13 00:00:00+09:00,1133.9881332455795,1152.87744140625,1133.9881332455795,1152.87744140625,3200,0.0,0.0
2006-06-14 00:00:00+09:00,1133.98828125,1133.98828125,1133.98828125,1133.98828125,300,0.0,0.0
2006-06-15 00:00:00+09:00,1133.98828125,1133.98828125,1133.98828125,1133.98828125,200,0.0,0.0
2006-06-16 00:00:00+09:00,1134.6177983523637,1259.2872345753206,1134.6177983523637,1227.8050537109375,21800,0.0,0.0
2006-06-19 00:00:00+09:00,1141.544256456163,1146.581407063802,1114.4695719401043,1133.35888671875,24000,0.0,0.0
2006-06-20 00:00:00+09:00,1139.6553117081926,1195.6936115656672,1139.6553117081926,1164.841064453125,5900,0.0,0.0
2006-06-21 00:00:00+09:00,1184.3597433255413,1200.1008350762795,1175.544731945128,1199.47119140625,17700,0.0,0.0
2006-06-22 00:00:00+09:00,1166.1001095006961,1271.8802490234375,1166.1001095006961,1271.8802490234375,39200,0.0,0.0
2006-06-23 00:00:00+09:00,1246.6946155917385,1246.6946155917385,1221.5088657818044,1242.287109375,29000,0.0,0.0
2006-06-26 00:00:00+09:00,1221.5085455593178,1221.5085455593178,1199.4710202528354,1205.7674560546875,14900,0.0,0.0
2006-06-27 00:00:00+09:00,1205.7679702199566,1208.9161894633507,1198.2122440358107,1202.6197509765625,17800,0.0,0.0
2006-06-28 00:00:00+09:00,1196.3233124897743,1202.6197509765625,1196.3233124897743,1202.6197509765625,3500,0.0,0.0
2006-06-29 00:00:00+09:00,1202.6197509765625,1203.2493948252413,1202.6197509765625,1202.6197509765625,3800,0.0,0.0
2006-06-30 00:00:00+09:00,1234.1017098585357,1234.1017098585357,1216.4716854319852,1230.9534912109375,18200,0.0,0.0
2006-07-03 00:00:00+09:00,1176.8041639468545,1197.5824076120477,1174.915232704564,1196.3231201171875,2500,0.0,0.0
2006-07-04 00:00:00+09:00,1196.3229534190189,1196.3229534190189,1171.13720703125,1171.13720703125,2800,0.0,0.0
2006-07-05 00:00:00+09:00,1171.1373639304882,1171.1373639304882,1133.358739287569,1136.5069580078125,27100,0.0,0.0
2006-07-06 00:00:00+09:00,1136.5071058485244,1136.5071058485244,1133.35888671875,1133.35888671875,1300,0.0,0.0
2006-07-07 00:00:00+09:00,1136.506932717002,1142.803370017373,1136.506932717002,1139.6551513671875,1700,0.0,0.0
2006-07-10 00:00:00+09:00,1139.655212751116,1139.655212751116,1100.6172993861608,1101.8765869140625,8600,0.0,0.0
2006-07-11 00:00:00+09:00,1101.8765408298812,1101.8765408298812,1071.0239976866444,1092.431884765625,27600,0.0,0.0
2006-07-12 00:00:00+09:00,1092.4317839596417,1099.9875081138293,1038.9120712008119,1059.0606689453125,44300,0.0,0.0
2006-07-13 00:00:00+09:00,1077.9504505824436,1091.1729736328125,1072.913298944208,1091.1729736328125,20200,0.0,0.0
2006-07-14 00:00:00+09:00,1092.4318586585127,1092.4318586585127,1070.3943283685717,1080.4686279296875,14400,0.0,0.0
2006-07-17 00:00:00+09:00,1080.4686279296875,1080.4686279296875,1080.4686279296875,1080.4686279296875,0,0.0,0.0
2006-07-18 00:00:00+09:00,1080.4687602556155,1081.0984040552983,1079.20947265625,1079.20947265625,6000,0.0,0.0
2006-07-19 00:00:00+09:00,1080.4683349892273,1101.2465722005586,1080.4683349892273,1086.7647705078125,1500,0.0,0.0
2006-07-20 00:00:00+09:00,1101.8763279411635,1125.802785347886,1101.8763279411635,1103.7652587890625,8200,0.0,0.0
2006-07-21 00:00:00+09:00,1160.433540935067,1161.6928285540957,1111.3213237929424,1122.0252685546875,20300,0.0,0.0
2006-07-24 00:00:00+09:00,1122.0252191587936,1150.9888331213663,1081.7280171239097,1082.9873046875,16600,0.0,0.0
2006-07-25 00:00:00+09:00,1111.9506781936664,1111.9506781936664,1071.6534848729445,1081.727783203125,14700,0.0,0.0
2006-07-26 00:00:00+09:00,1082.9873046875,1082.9873046875,1081.7280171239097,1082.9873046875,1200,0.0,0.0
2006-07-27 00:00:00+09:00,894.094127583948,1020.0228779478844,894.094127583948,1013.7264404296875,128900,0.0,0.0
2006-07-28 00:00:00+09:00,1013.7263578978724,1020.0227949034493,987.2813224744497,1001.1334838867188,22000,0.0,0.0
2006-07-31 00:00:00+09:00,1070.3944406109656,1070.3944406109656,1051.505126953125,1051.505126953125,11400,0.0,0.0
2006-08-01 00:00:00+09:00,1051.5047465337532,1051.5047465337532,991.688608257881,1006.17041015625,10700,0.0,0.0
2006-08-02 00:00:00+09:00,979.0960286064812,979.0960286064812,969.6513723819814,976.5774536132812,21900,0.0,0.0
2006-08-03 00:00:00+09:00,977.8365213608835,982.2440266084856,973.4290161132812,973.4290161132812,23600,0.0,0.0
2006-08-04 00:00:00+09:00,1004.2815426769798,1004.2815426769798,952.0211238417514,974.6882934570312,33700,0.0,0.0
2006-08-07 00:00:00+09:00,911.723927977224,972.7993568541513,910.4646407838852,952.0211181640625,51200,0.0,0.0
2006-08-08 00:00:00+09:00,952.0211527979651,952.0211527979651,914.8721792430181,947.6136474609375,90300,0.0,0.0
2006-08-09 00:00:00+09:00,928.7245432535808,977.8367563883464,925.5763244628906,944.4656372070312,63700,0.0,0.0
2006-08-10 00:00:00+09:00,963.354736328125,969.6511725132762,947.6136458652472,963.354736328125,9400,0.0,0.0
2006-08-11 00:00:00+09:00,982.2441184303976,982.2441184303976,962.7251647949219,969.6512451171875,25400,0.0,0.0
2006-08-14 00:00:00+09:00,950.7618049415382,969.6511123244827,900.3903185870197,931.8724975585938,25300,0.0,0.0
2006-08-15 00:00:00+09:00,931.8726597661557,938.1690966564676,924.3169354977815,926.8355102539062,19700,0.0,0.0
2006-08-16 00:00:00+09:00,931.8729338165897,966.5033468976117,929.9840021939885,938.1693725585938,28200,0.0,0.0
2006-08-17 00:00:00+09:00,938.1693725585938,944.4658113005977,938.1693725585938,938.1693725585938,19200,0.0,0.0
2006-08-18 00:00:00+09:00,938.1692096634416,963.3549602584333,938.1692096634416,950.7620849609375,6600,0.0,0.0
2006-08-21 00:00:00+09:00,950.7620849609375,963.3549602584333,950.7620849609375,950.7620849609375,21200,0.0,0.0
2006-08-22 00:00:00+09:00,950.7620849609375,953.9103037853114,950.7620849609375,950.7620849609375,11600,0.0,0.0
2006-08-23 00:00:00+09:00,944.4656473121895,957.0585226096854,944.4656473121895,950.7620849609375,10200,0.0,0.0
2006-08-24 00:00:00+09:00,952.0215377910025,952.6511816652029,938.1693725585938,938.1693725585938,12100,0.0,0.0
2006-08-25 00:00:00+09:00,937.5397286843934,944.4658113005977,937.5397286843934,938.1693725585938,1600,0.0,0.0
2006-08-28 00:00:00+09:00,957.05859375,957.05859375,944.4657175164474,957.05859375,7900,0.0,0.0
2006-08-29 00:00:00+09:00,963.3550318667764,972.1700452302632,938.1692793996712,957.05859375,6100,0.0,0.0
2006-08-30 00:00:00+09:00,957.05859375,957.6882375616777,957.05859375,957.05859375,19800,0.0,0.0
2006-08-31 00:00:00+09:00,975.9481327708176,1032.6160888671875,957.6884580286538,1032.6160888671875,7000,0.0,0.0
2006-09-01 00:00:00+09:00,1032.6160888671875,1038.912528433451,1032.6160888671875,1032.6160888671875,14500,0.0,0.0
2006-09-04 00:00:00+09:00,1032.6158132952844,1057.801564839072,1026.3193754093375,1051.505126953125,6100,0.0,0.0
2006-09-05 00:00:00+09:00,1057.801564839072,1057.801564839072,1051.505126953125,1051.505126953125,5400,0.0,0.0
2006-09-06 00:00:00+09:00,1045.208275917849,1045.208275917849,1026.3189697265625,1026.3189697265625,16500,0.0,0.0
2006-09-07 00:00:00+09:00,1038.9117144156194,1049.6156532914167,1026.3188451499755,1042.6895751953125,8100,0.0,0.0
2006-09-08 00:00:00+09:00,1040.171196583638,1040.171196583638,1013.0965225805529,1033.2451171875,1000,0.0,0.0
2006-09-11 00:00:00+09:00,1033.2451171875,1033.2451171875,1033.2451171875,1033.2451171875,1000,0.0,0.0
2006-09-12 00:00:00+09:00,1033.2451171875,1033.2451171875,1033.2451171875,1033.2451171875,1000,0.0,0.0
2006-09-13 00:00:00+09:00,1033.2450535670607,1033.2450535670607,977.2067782669582,1025.6893310546875,2000,0.0,0.0
2006-09-14 00:00:00+09:00,1026.319231909026,1026.319231909026,1001.1334838867186,1001.1334838867188,7900,0.0,0.0
2006-09-15 00:00:00+09:00,994.8369750976562,1008.0594918552833,994.8369750976562,994.8369750976562,0,0.0,0.0
2006-09-18 00:00:00+09:00,994.8369750976562,994.8369750976562,994.8369750976562,994.8369750976562,0,0.0,0.0
2006-09-19 00:00:00+09:00,1001.1332696668483,1001.1332696668483,950.7617844005918,965.8732299804688,7800,0.0,0.0
2006-09-20 00:00:00+09:00,965.8732299804688,966.5028735462969,965.8732299804688,965.8732299804688,1800,0.0,0.0
2006-09-21 00:00:00+09:00,1009.9482795884431,1009.9482795884431,965.8732299804688,965.8732299804688,6300,0.0,0.0
2006-09-22 00:00:00+09:00,1003.6516487047028,1003.6516487047028,966.502685546875,966.502685546875,800,0.0,0.0
2006-09-25 00:00:00+09:00,966.5032036632014,985.3925170898438,966.5032036632014,985.3925170898438,13200,0.0,0.0
2006-09-26 00:00:00+09:00,985.3924456531978,985.3924456531978,972.7995709483646,979.0960083007812,8000,0.0,0.0
2006-09-27 00:00:00+09:00,988.5406497998725,1046.467872590693,979.0959939100649,996.0963745117188,9600,0.0,0.0
2006-09-28 00:00:00+09:00,996.0964919587444,997.9854233594247,951.3917821426439,989.17041015625,10400,0.0,0.0
2006-09-29 00:00:00+09:00,1008.0596466633103,1013.7264404296875,1001.1335653932939,1013.7264404296875,8000,0.0,0.0
2006-10-02 00:00:00+09:00,1013.7264557363097,1013.7264557363097,975.9478300566957,1004.2817993164062,8400,0.0,0.0
2006-10-03 00:00:00+09:00,1004.2815914154052,1007.4298095703124,1003.6519477844238,1007.4298095703125,12000,0.0,0.0
2006-10-04 00:00:00+09:00,1007.4299815999035,1010.5782002924033,978.4663696289064,978.4663696289062,6600,0.0,0.0
2006-10-05 00:00:00+09:00,977.2070020153265,991.688806813234,977.2070020153265,988.5405883789062,1300,0.0,0.0
2006-10-06 00:00:00+09:00,988.5405883789062,1004.2816805505449,988.5405883789062,988.5405883789062,1500,0.0,0.0
2006-10-09 00:00:00+09:00,988.5405883789062,988.5405883789062,988.5405883789062,988.5405883789062,0,0.0,0.0
2006-10-10 00:00:00+09:00,988.5409892733135,997.3560044642857,988.5409892733135,991.689208984375,8000,0.0,0.0
2006-10-11 00:00:00+09:00,996.0963745117188,1006.8003178535008,996.0963745117188,996.0963745117188,500,0.0,0.0
2006-10-12 00:00:00+09:00,996.0963745117188,1001.7631680456034,996.0963745117188,996.0963745117188,3600,0.0,0.0
2006-10-13 00:00:00+09:00,999.244840304651,1013.0970057026991,999.244840304651,1010.5784301757812,3400,0.0,0.0
2006-10-16 00:00:00+09:00,991.6888945992573,1030.726806640625,991.6888945992573,1030.726806640625,3000,0.0,0.0
2006-10-17 00:00:00+09:00,1030.7268792905368,1030.7268792905368,991.6889644976148,999.2446899414062,9700,0.0,0.0
2006-10-18 00:00:00+09:00,999.2446899414061,1007.4300591721801,999.2446899414061,999.2446899414062,3500,0.0,0.0
2006-10-19 00:00:00+09:00,1037.023438460881,1037.023438460881,999.8744506835938,999.8744506835938,4700,0.0,0.0
2006-10-20 00:00:00+09:00,1007.4301770111775,1007.4301770111775,999.8744506835938,999.8744506835938,7900,0.0,0.0
2006-10-23 00:00:00+09:00,1004.2817993164062,1004.2817993164062,1003.0225117937524,1004.2817993164062,300,0.0,0.0
2006-10-24 00:00:00+09:00,1004.2817841523923,1013.7264404296875,1004.2817841523923,1013.7264404296875,1300,0.0,0.0
2006-10-25 00:00:00+09:00,1023.800400426594,1025.6893310546875,1013.7261037434296,1025.6893310546875,2300,0.0,0.0
2006-10-26 00:00:00+09:00,1031.3879650931233,1040.2519500601604,1016.1925622924879,1033.9205322265625,55900,9.0,0.0
2006-10-27 00:00:00+09:00,1014.9262314542717,1038.352476347477,1014.9262314542717,1035.186767578125,3600,0.0,0.0
2006-10-30 00:00:00+09:00,1035.1870020153453,1044.6841304742018,1035.1870020153453,1043.4178466796875,3300,0.0,0.0
2006-10-31 00:00:00+09:00,1043.4175581231175,1054.180967399873,1039.618707790145,1051.0152587890625,16000,0.0,0.0
2006-11-01 00:00:00+09:00,1051.0150353938395,1095.334946524905,1051.0150353938395,1061.7784423828125,2400,0.0,0.0
2006-11-02 00:00:00+09:00,1063.0450865981159,1093.435893123851,1061.7788029928768,1076.341064453125,6700,0.0,0.0
2006-11-03 00:00:00+09:00,1076.341064453125,1076.341064453125,1076.341064453125,1076.341064453125,0,0.0,0.0
2006-11-06 00:00:00+09:00,1076.3408614068892,1093.4356868527634,1076.3408614068892,1083.305419921875,1300,0.0,0.0
2006-11-07 00:00:00+09:00,1085.8382683156806,1093.4359704846534,1083.305700926023,1083.9388427734375,39000,0.0,0.0
2006-11-08 00:00:00+09:00,1083.9388313137756,1085.8382568359375,1076.3411292251276,1085.8382568359375,7800,0.0,0.0
2006-11-09 00:00:00+09:00,1085.8381716854924,1095.3352985515462,1082.672462730141,1086.4713134765625,8900,0.0,0.0
2006-11-10 00:00:00+09:00,1076.3412042649827,1104.1994471988999,1076.3412042649827,1093.43603515625,2900,0.0,0.0
2006-11-13 00:00:00+09:00,1093.4355097446905,1096.601217647831,1088.370377099666,1092.8023681640625,17600,0.0,0.0
2006-11-14 00:00:00+09:00,1092.802564267759,1098.5008395159687,1092.802564267759,1094.06884765625,22100,0.0,0.0
2006-11-15 00:00:00+09:00,1094.0688121448864,1114.329345703125,1094.0688121448864,1114.329345703125,7500,0.0,0.0
2006-11-16 00:00:00+09:00,1114.3293195650626,1120.6607361535005,1111.7967529296875,1111.7967529296875,31600,0.0,0.0
2006-11-17 00:00:00+09:00,1111.7965298549107,1117.494803641183,1089.0034347098212,1107.9976806640625,33700,0.0,0.0
2006-11-20 00:00:00+09:00,1107.9980176366018,1108.6311593609655,1034.5535776104043,1057.3466796875,6000,0.0,0.0
2006-11-21 00:00:00+09:00,1107.9980950606496,1107.9980950606496,1058.613037109375,1058.613037109375,6900,0.0,0.0
2006-11-22 00:00:00+09:00,1063.6782284007352,1085.8381914924173,1058.6130939797795,1076.341064453125,14300,0.0,0.0
2006-11-23 00:00:00+09:00,1076.341064453125,1076.341064453125,1076.341064453125,1076.341064453125,0,0.0,0.0
2006-11-24 00:00:00+09:00,1076.9742062557445,1088.3707587028953,1075.7079226505055,1076.341064453125,15300,0.0,0.0
2006-11-27 00:00:00+09:00,1076.3407616041973,1082.6721778489277,1076.3407616041973,1079.5064697265625,11400,0.0,0.0
2006-11-28 00:00:00+09:00,1079.5067734662223,1079.5067734662223,1063.6782284007352,1076.341064453125,14200,0.0,0.0
2006-11-29 00:00:00+09:00,1076.3406875619312,1095.3349349894947,1076.3406875619312,1078.2401123046875,30400,0.0,0.0
2006-11-30 00:00:00+09:00,1078.2406164124955,1104.1994333666423,1076.3411907817042,1089.0040283203125,56200,0.0,0.0
2006-12-01 00:00:00+09:00,1107.9982212611608,1107.9982212611608,1085.8382568359375,1085.8382568359375,11100,0.0,0.0
2006-12-04 00:00:00+09:00,1111.1633883231027,1111.1633883231027,1086.4708685825892,1107.9976806640625,8900,0.0,0.0
2006-12-05 00:00:00+09:00,1107.9976806640625,1107.9976806640625,1107.9976806640625,1107.9976806640625,6000,0.0,0.0
2006-12-06 00:00:00+09:00,1107.9982701406338,1125.0931005942323,1107.9982701406338,1118.1285400390625,11600,0.0,0.0
2006-12-07 00:00:00+09:00,1118.128381036429,1118.128381036429,1117.4952392578125,1117.4952392578125,3100,0.0,0.0
2006-12-08 00:00:00+09:00,1117.4953843681158,1117.4953843681158,1091.5365680740122,1113.696533203125,8200,0.0,0.0
2006-12-11 00:00:00+09:00,1095.9684187848575,1126.9923659370575,1095.335277006241,1117.4952392578125,12200,0.0,0.0
2006-12-12 00:00:00+09:00,1117.4951133619347,1118.761396776509,1095.3351536068822,1111.1636962890625,41500,0.0,0.0
2006-12-13 00:00:00+09:00,1111.1635263494015,1117.4949424539566,1107.997818297124,1112.4298095703125,6600,0.0,0.0
2006-12-14 00:00:00+09:00,1101.6665122292259,1114.329345703125,1087.1042537342419,1114.329345703125,23200,0.0,0.0
2006-12-15 00:00:00+09:00,1114.962892486038,1123.8268791383973,1114.962892486038,1121.2943115234375,2500,0.0,0.0
2006-12-18 00:00:00+09:00,1107.9977911871833,1124.45947265625,1107.9977911871833,1124.45947265625,2300,0.0,0.0
2006-12-19 00:00:00+09:00,1126.9922725855467,1129.5248394902333,1120.6608553238302,1126.359130859375,3300,0.0,0.0
2006-12-20 00:00:00+09:00,1126.3591746012369,1139.6551513671875,1123.8266075981987,1139.6551513671875,4300,0.0,0.0
2006-12-21 00:00:00+09:00,1140.9214481519616,1164.9808349609375,1140.9214481519616,1164.9808349609375,8200,0.0,0.0
2006-12-22 00:00:00+09:00,1171.3122072902852,1193.47216796875,1164.9807899535808,1193.47216796875,8100,0.0,0.0
2006-12-25 00:00:00+09:00,1199.8035297594572,1215.6320723684212,1199.8035297594572,1202.96923828125,1900,0.0,0.0
2006-12-26 00:00:00+09:00,1202.9693698388926,1228.2950407828694,1202.9693698388926,1221.963623046875,9300,0.0,0.0
2006-12-27 00:00:00+09:00,1221.9635084885817,1234.6263427734375,1197.9041233473556,1234.6263427734375,7900,0.0,0.0
2006-12-28 00:00:00+09:00,1234.6263427734375,1248.5554604867787,1225.1292170597956,1234.6263427734375,11500,0.0,0.0
2006-12-29 00:00:00+09:00,1297.9407958984375,1297.9407958984375,1266.2837033155488,1297.9407958984375,17600,0.0,0.0
2007-01-04 00:00:00+09:00,1297.9407958984375,1297.9407958984375,1297.9407958984375,1297.9407958984375,4000,0.0,0.0
2007-01-05 00:00:00+09:00,1234.626498804579,1234.626498804579,1228.92822265625,1228.92822265625,1400,0.0,0.0
2007-01-09 00:00:00+09:00,1192.2061884433906,1230.1947021484375,1192.2061884433906,1230.1947021484375,1300,0.0,0.0
2007-01-10 00:00:00+09:00,1230.1947021484375,1244.1238238402882,1230.1947021484375,1230.1947021484375,1400,0.0,0.0
2007-01-11 00:00:00+09:00,1173.2114408905204,1227.66162109375,1173.2114408905204,1227.66162109375,3400,0.0,0.0
2007-01-12 00:00:00+09:00,1227.6619239133354,1227.6619239133354,1197.2711181640625,1197.2711181640625,1900,0.0,0.0
2007-01-15 00:00:00+09:00,1171.31215973065,1201.7029617128505,1171.31215973065,1173.8447265625,1100,0.0,0.0
2007-01-16 00:00:00+09:00,1173.8449110797555,1177.0106201171875,1152.3180896252186,1177.0106201171875,2500,0.0,0.0
2007-01-17 00:00:00+09:00,1158.0161215997243,1180.8092218608454,1158.0161215997243,1170.678955078125,22200,0.0,0.0
2007-01-18 00:00:00+09:00,1170.678768743283,1196.6375732421875,1170.678768743283,1196.6375732421875,3500,0.0,0.0
2007-01-19 00:00:00+09:00,1202.9689889736276,1202.9689889736276,1196.6375732421875,1196.6375732421875,2300,0.0,0.0
2007-01-22 00:00:00+09:00,1170.045627170139,1196.6375732421875,1170.045627170139,1196.6375732421875,1900,0.0,0.0
2007-01-23 00:00:00+09:00,1123.8264016937792,1170.6788826658014,1123.8264016937792,1154.850341796875,9800,0.0,0.0
2007-01-24 00:00:00+09:00,1154.8505045129427,1161.8150634765625,1154.8505045129427,1161.8150634765625,31000,0.0,0.0
2007-01-25 00:00:00+09:00,1171.3122446602638,1173.211669921875,1161.8151183522075,1173.211669921875,12900,0.0,0.0
2007-01-26 00:00:00+09:00,1154.2173119329639,1177.6435546875,1154.2173119329639,1177.6435546875,700,0.0,0.0
2007-01-29 00:00:00+09:00,1177.6434549860928,1209.300537109375,1177.6434549860928,1209.300537109375,2300,0.0,0.0
2007-01-30 00:00:00+09:00,1221.3304812732756,1221.963623046875,1209.3007875748867,1221.963623046875,4600,0.0,0.0
2007-01-31 00:00:00+09:00,1247.2895333157087,1247.2895333157087,1196.6381817089793,1230.1947021484375,5900,0.0,0.0
2007-02-01 00:00:00+09:00,1192.2057234909626,1229.5610807325806,1192.2057234909626,1207.401123046875,3500,0.0,0.0
2007-02-02 00:00:00+09:00,1215.6319644729942,1219.4308143619724,1207.401123046875,1207.401123046875,900,0.0,0.0
2007-02-05 00:00:00+09:00,1215.6322789835892,1219.4311298554128,1195.3717410005293,1196.0048828125,3000,0.0,0.0
2007-02-06 00:00:00+09:00,1199.8034340994698,1205.501708984375,1196.6377258300781,1205.501708984375,700,0.0,0.0
2007-02-07 00:00:00+09:00,1206.1349468030428,1206.1349468030428,1199.8035297594572,1202.96923828125,2400,0.0,0.0
2007-02-08 00:00:00+09:00,1239.6917724609375,1239.6917724609375,1239.6917724609375,1239.6917724609375,2000,0.0,0.0
2007-02-09 00:00:00+09:00,1221.963623046875,1221.963623046875,1221.963623046875,1221.963623046875,1300,0.0,0.0
2007-02-13 00:00:00+09:00,1214.9991735467254,1228.9282938270944,1214.9991735467254,1223.8631591796875,300,0.0,0.0
2007-02-14 00:00:00+09:00,1223.8629372106295,1223.8629372106295,1220.0640869140625,1220.0640869140625,200,0.0,0.0
2007-02-15 00:00:00+09:00,1220.0640833458533,1234.6263427734375,1215.6320913461539,1234.6263427734375,11200,0.0,0.0
2007-02-16 00:00:00+09:00,1234.626474091501,1253.6207275390625,1234.626474091501,1253.6207275390625,16400,0.0,0.0
2007-02-19 00:00:00+09:00,1253.6207275390625,1255.5201528838188,1253.6207275390625,1253.6207275390625,4300,0.0,0.0
2007-02-20 00:00:00+09:00,1234.6262866665859,1234.6262866665859,1216.2651777879546,1223.229736328125,800,0.0,0.0
2007-02-21 00:00:00+09:00,1219.430845039205,1219.430845039205,1202.9691617728397,1216.26513671875,10400,0.0,0.0
2007-02-22 00:00:00+09:00,1218.7977515017383,1218.7977515017383,1196.6377923835248,1214.9989013671875,15400,0.0,0.0
2007-02-23 00:00:00+09:00,1202.9692863890443,1202.9692863890443,1200.4367194703307,1201.7030029296875,700,0.0,0.0
2007-02-26 00:00:00+09:00,1202.9691943563678,1218.7977363873727,1202.9691943563678,1210.56689453125,28000,0.0,0.0
2007-02-27 00:00:00+09:00,1212.466552734375,1215.6322617493472,1212.466552734375,1212.466552734375,1300,0.0,0.0
2007-02-28 00:00:00+09:00,1206.1346968393477,1209.3004047050679,1196.6375732421875,1196.6375732421875,14200,0.0,0.0
2007-03-01 00:00:00+09:00,1196.6380246244705,1202.9694427441768,1183.9751883850581,1196.0048828125,3700,0.0,0.0
2007-03-02 00:00:00+09:00,1202.336092109249,1213.0995010433496,1172.5784321149704,1175.744140625,38200,0.0,0.0
2007-03-05 00:00:00+09:00,1175.744140625,1177.0104240290118,1175.744140625,1175.744140625,900,0.0,0.0
2007-03-06 00:00:00+09:00,1175.7442481788428,1175.7442481788428,1171.312255859375,1171.312255859375,3900,0.0,0.0
2007-03-07 00:00:00+09:00,1175.7441449938324,1206.1349468030428,1175.7441449938324,1202.96923828125,12300,0.0,0.0
2007-03-08 00:00:00+09:00,1202.96923828125,1203.6023799856086,1199.8035297594572,1202.96923828125,43400,0.0,0.0
2007-03-09 00:00:00+09:00,1202.96923828125,1209.3006553248356,1196.6378212376646,1202.96923828125,24300,0.0,0.0
2007-03-12 00:00:00+09:00,1209.3006043273133,1232.7268464006697,1196.6377707741478,1218.7977294921875,13300,0.0,0.0
2007-03-13 00:00:00+09:00,1228.2952764631852,1230.1947021484375,1228.2952764631852,1230.1947021484375,700,0.0,0.0
2007-03-14 00:00:00+09:00,1203.6023799856086,1203.6023799856086,1202.3360965768916,1202.96923828125,9300,0.0,0.0
2007-03-15 00:00:00+09:00,1183.974736639794,1190.30615234375,1182.7084534990026,1190.30615234375,2400,0.0,0.0
2007-03-16 00:00:00+09:00,1190.30615234375,1190.30615234375,1189.6730107733545,1190.30615234375,800,0.0,0.0
2007-03-19 00:00:00+09:00,1175.7441449938324,1202.96923828125,1175.7441449938324,1202.96923828125,1400,0.0,0.0
2007-03-20 00:00:00+09:00,1183.9749755859375,1183.9749755859375,1180.809267095066,1183.9749755859375,5300,0.0,0.0
2007-03-22 00:00:00+09:00,1183.3421756157052,1221.3306884765625,1169.4130542333908,1221.3306884765625,67500,0.0,0.0
2007-03-23 00:00:00+09:00,1221.9633202367975,1225.1290283203125,1185.2411064680232,1225.1290283203125,11300,0.0,0.0
2007-03-26 00:00:00+09:00,1188.4069746651185,1188.4069746651185,1175.744140625,1175.744140625,4100,0.0,0.0
2007-03-27 00:00:00+09:00,1176.3770377950466,1195.371284906915,1171.3119052318816,1190.30615234375,8600,0.0,0.0
2007-03-28 00:00:00+09:00,1190.3067050420516,1199.8038330078125,1190.3067050420516,1199.8038330078125,2400,0.0,0.0
2007-03-29 00:00:00+09:00,1199.8034124723904,1209.300537109375,1199.8034124723904,1209.300537109375,4200,0.0,0.0
2007-03-30 00:00:00+09:00,1221.963623046875,1221.963623046875,1221.963623046875,1221.963623046875,2900,0.0,0.0
2007-04-02 00:00:00+09:00,1188.4072089864276,1204.868896484375,1183.9752161985189,1204.868896484375,1700,0.0,0.0
2007-04-03 00:00:00+09:00,1203.602511612492,1221.963623046875,1202.9693698388926,1221.963623046875,14200,0.0,0.0
2007-04-04 00:00:00+09:00,1221.963623046875,1221.963623046875,1221.963623046875,1221.963623046875,5500,0.0,0.0
2007-04-05 00:00:00+09:00,1228.2947364038275,1228.2947364038275,1221.9633202367975,1225.1290283203125,7100,0.0,0.0
2007-04-06 00:00:00+09:00,1221.9633699586877,1221.9633699586877,1209.300537109375,1209.300537109375,1900,0.0,0.0
2007-04-09 00:00:00+09:00,1185.8742422616947,1233.35986328125,1184.6079590345066,1233.35986328125,17600,0.0,0.0
2007-04-10 00:00:00+09:00,1228.2945556640625,1231.4602632817534,1227.0282726169862,1228.2945556640625,5400,0.0,0.0
2007-04-11 00:00:00+09:00,1209.3009609735736,1209.3009609735736,1190.3067050420516,1199.8038330078125,6800,0.0,0.0
2007-04-12 00:00:00+09:00,1183.9748817414995,1189.0400149254206,1171.3120487816975,1171.9451904296875,20000,0.0,0.0
2007-04-13 00:00:00+09:00,1175.7438962246508,1211.8329657372008,1175.7438962246508,1190.30615234375,13400,0.0,0.0
2007-04-16 00:00:00+09:00,1190.306340103887,1190.306340103887,1178.9097900390625,1178.9097900390625,2100,0.0,0.0
2007-04-17 00:00:00+09:00,1209.3006221557425,1209.3006221557425,1175.7441127451382,1208.66748046875,3800,0.0,0.0
2007-04-18 00:00:00+09:00,1209.3006850733902,1213.7326771129262,1178.909882516572,1211.833251953125,3200,0.0,0.0
2007-04-19 00:00:00+09:00,1185.2412067417426,1185.2412067417426,1175.7440816877222,1178.9097900390625,7500,0.0,0.0
2007-04-20 00:00:00+09:00,1228.2950808619912,1231.4607898332852,1224.4962300964387,1228.92822265625,22400,0.0,0.0
2007-04-23 00:00:00+09:00,1228.2949256310096,1240.9577599158654,1228.2949256310096,1234.6263427734375,53400,0.0,0.0
2007-04-24 00:00:00+09:00,1213.0000623516007,1303.9591650869331,1213.0000623516007,1297.598388671875,6000,9.0,0.0
2007-04-25 00:00:00+09:00,1291.2374802636975,1291.2374802636975,1195.8258437910106,1211.727783203125,5400,0.0,0.0
2007-04-26 00:00:00+09:00,1211.0914215930202,1211.0914215930202,1195.825563337646,1198.369873046875,1700,0.0,0.0
2007-04-27 00:00:00+09:00,1195.8253513611469,1233.989990234375,1195.8253513611469,1233.989990234375,7400,0.0,0.0
2007-05-01 00:00:00+09:00,1272.1552096419598,1272.1552096419598,1242.8956398201947,1265.79443359375,2300,0.0,0.0
2007-05-02 00:00:00+09:00,1272.1547494283536,1303.9586181640625,1233.990106945503,1303.9586181640625,15100,0.0,0.0
2007-05-07 00:00:00+09:00,1303.958597515353,1303.958597515353,1278.5155029296875,1278.5155029296875,6300,0.0,0.0
2007-05-08 00:00:00+09:00,1278.5158044433595,1278.5158044433595,1272.155029296875,1272.155029296875,5500,0.0,0.0
2007-05-09 00:00:00+09:00,1267.0663330824732,1267.0663330824732,1240.3510790716982,1247.9840087890625,2500,0.0,0.0
2007-05-10 00:00:00+09:00,1267.0662180768602,1267.0662180768602,1208.5470955552382,1218.0882568359375,6900,0.0,0.0
2007-05-11 00:00:00+09:00,1233.990414001781,1236.5347241337433,1225.7214060729032,1227.629638671875,2200,0.0,0.0
2007-05-14 00:00:00+09:00,1209.1828512257543,1221.2683189655172,1199.005615234375,1199.005615234375,7400,0.0,0.0
2007-05-15 00:00:00+09:00,1186.2845134119832,1186.9205908990675,1176.7433511057206,1183.1041259765625,11000,0.0,0.0
2007-05-16 00:00:00+09:00,1183.7401105298366,1185.0122654041297,1181.19580078125,1181.19580078125,10200,0.0,0.0
2007-05-17 00:00:00+09:00,1181.19580078125,1201.5502787699415,1178.6514910326637,1181.19580078125,13100,0.0,0.0
2007-05-18 00:00:00+09:00,1181.1957387919053,1183.103971003201,1176.7431969655493,1179.923583984375,15600,0.0,0.0
2007-05-21 00:00:00+09:00,1181.1958282965584,1182.4679832004858,1173.562898872994,1176.7432861328125,27700,0.0,0.0
2007-05-22 00:00:00+09:00,1173.5624403197119,1174.8345947265625,1144.9389661655725,1174.8345947265625,24700,0.0,0.0
2007-05-23 00:00:00+09:00,1146.8478107181206,1207.9112548828125,1146.8478107181206,1207.9112548828125,11400,0.0,0.0
2007-05-24 00:00:00+09:00,1157.660938207654,1158.2970156462295,1141.1229248046875,1141.1229248046875,9100,0.0,0.0
2007-05-25 00:00:00+09:00,1141.1228666178386,1148.7557954915364,1141.1228666178386,1144.9393310546875,3400,0.0,0.0
2007-05-28 00:00:00+09:00,1143.6671762424046,1153.208337334527,1132.2177829318578,1144.9393310546875,5000,0.0,0.0
2007-05-29 00:00:00+09:00,1088.3283380876508,1097.2334209241365,1053.344084087171,1087.6922607421875,73900,0.0,0.0
2007-05-30 00:00:00+09:00,1094.0533447265625,1119.4964457667152,1094.0533447265625,1094.0533447265625,26500,0.0,0.0
2007-05-31 00:00:00+09:00,1132.2176357600242,1138.5784089946312,1107.4106201450575,1114.407470703125,9200,0.0,0.0
2007-06-01 00:00:00+09:00,1125.2212283683223,1144.939633161662,1125.2212283683223,1138.578857421875,6600,0.0,0.0
2007-06-04 00:00:00+09:00,1138.5785804556197,1144.9393546481092,1135.398193359375,1135.398193359375,18700,0.0,0.0
2007-06-05 00:00:00+09:00,1120.7685347632232,1137.942626953125,1113.1356049010446,1137.942626953125,12000,0.0,0.0
2007-06-06 00:00:00+09:00,1137.9422489375859,1157.66064453125,1122.0403170072116,1157.66064453125,11600,0.0,0.0
2007-06-07 00:00:00+09:00,1132.217707229873,1132.217707229873,1119.4961599576272,1125.85693359375,1600,0.0,0.0
2007-06-08 00:00:00+09:00,1100.4140299479168,1102.95833984375,1094.6893326822917,1097.233642578125,8000,0.0,0.0
2007-06-11 00:00:00+09:00,1094.6892673503553,1097.233577094342,1090.872802734375,1090.872802734375,19500,0.0,0.0
2007-06-12 00:00:00+09:00,1076.2429947803246,1113.1354851451347,1076.2429947803246,1095.3253173828125,21000,0.0,0.0
2007-06-13 00:00:00+09:00,1113.135563243519,1128.401422396573,1101.6861688787287,1119.496337890625,39100,0.0,0.0
2007-06-14 00:00:00+09:00,1132.2177988314372,1132.2177988314372,1113.1354763792222,1125.220947265625,17700,0.0,0.0
2007-06-15 00:00:00+09:00,1119.4961751302083,1230.809715270996,1119.4961751302083,1221.2685546875,61000,0.0,0.0
2007-06-18 00:00:00+09:00,1183.1041259765625,1190.1009783344882,1173.5629636702997,1183.1041259765625,89400,0.0,0.0
2007-06-19 00:00:00+09:00,1182.4679373641934,1201.5502601834112,1169.7463888180482,1198.369873046875,21700,0.0,0.0
2007-06-20 00:00:00+09:00,1170.3829345703125,1183.1044882069464,1164.0221577519956,1170.3829345703125,37900,0.0,0.0
2007-06-21 00:00:00+09:00,1176.7433511057206,1199.0060631536667,1169.1104212607106,1183.1041259765625,21600,0.0,0.0
2007-06-22 00:00:00+09:00,1181.8317751286463,1181.8317751286463,1164.0216084421006,1166.56591796875,6700,0.0,0.0
2007-06-25 00:00:00+09:00,1125.8568670099432,1189.464599609375,1125.8568670099432,1189.464599609375,20700,0.0,0.0
2007-06-26 00:00:00+09:00,1153.2088916394137,1157.6614356225775,1135.3987157067586,1148.75634765625,3300,0.0,0.0
2007-06-27 00:00:00+09:00,1144.9398813849668,1149.3924253681305,1144.9398813849668,1148.75634765625,5100,0.0,0.0
2007-06-28 00:00:00+09:00,1145.575504701089,1151.936279296875,1145.575504701089,1151.936279296875,500,0.0,0.0
2007-06-29 00:00:00+09:00,1228.2661311662794,1228.2661311662794,1164.0222786298764,1167.8387451171875,15500,0.0,0.0
2007-07-02 00:00:00+09:00,1167.838099888393,1202.186279296875,1162.1134033203125,1202.186279296875,11900,0.0,0.0
2007-07-03 00:00:00+09:00,1202.1862774179065,1239.71484375,1199.0058904406105,1239.71484375,19200,0.0,0.0
2007-07-04 00:00:00+09:00,1239.714983513507,1239.714983513507,1216.8161946954021,1219.99658203125,15700,0.0,0.0
2007-07-05 00:00:00+09:00,1219.9966202274445,1219.9966202274445,1179.9237385411416,1183.1041259765625,7100,0.0,0.0
2007-07-06 00:00:00+09:00,1183.1040020646722,1183.740079485137,1180.5596923828125,1180.5596923828125,600,0.0,0.0
2007-07-09 00:00:00+09:00,1180.5597403819825,1180.5597403819825,1161.4774169921875,1161.4774169921875,1100,0.0,0.0
2007-07-10 00:00:00+09:00,1144.9394721489448,1175.47119140625,1144.9394721489448,1175.47119140625,3100,0.0,0.0
2007-07-11 00:00:00+09:00,1175.471556024966,1175.471556024966,1164.0221577519956,1170.3829345703125,5100,0.0,0.0
2007-07-12 00:00:00+09:00,1132.8535544143172,1176.7428835858993,1132.8535544143172,1171.0181884765625,8000,0.0,0.0
2007-07-13 00:00:00+09:00,1171.0182171013203,1171.0182171013203,1167.837830851724,1169.1099853515625,1000,0.0,0.0
2007-07-17 00:00:00+09:00,1157.6609625739022,1176.7432861328125,1157.6609625739022,1176.7432861328125,1000,0.0,0.0
2007-07-18 00:00:00+09:00,1176.7432278600234,1181.1957698032775,1176.7432278600234,1180.5596923828125,22200,0.0,0.0
2007-07-19 00:00:00+09:00,1176.7429628476991,1183.103735619849,1157.66064453125,1157.66064453125,7900,0.0,0.0
2007-07-20 00:00:00+09:00,1151.3001051161025,1151.3001051161025,1144.9393310546875,1144.9393310546875,15200,0.0,0.0
2007-07-23 00:00:00+09:00,1132.2176967075893,1132.2176967075893,1113.1353759765625,1113.1353759765625,10200,0.0,0.0
2007-07-24 00:00:00+09:00,1113.135460747613,1144.9393310546875,1113.135460747613,1144.9393310546875,2100,0.0,0.0
2007-07-25 00:00:00+09:00,1164.0213388984841,1176.7428835858993,1164.0213388984841,1171.0181884765625,5200,0.0,0.0
2007-07-26 00:00:00+09:00,1183.103655929607,1183.103655929607,1171.0181884765625,1171.0181884765625,3800,0.0,0.0
2007-07-27 00:00:00+09:00,1171.018921890879,1176.74362058562,1157.6612916031504,1173.563232421875,9000,0.0,0.0
2007-07-30 00:00:00+09:00,1173.562971133116,1173.562971133116,1144.9394840323084,1145.5755615234375,3600,0.0,0.0
2007-07-31 00:00:00+09:00,1202.8225357250528,1202.8225357250528,1145.5755615234375,1145.5755615234375,7900,0.0,0.0
2007-08-01 00:00:00+09:00,1145.5757131947823,1151.9364889482238,1139.214937441341,1143.66748046875,10500,0.0,0.0
2007-08-02 00:00:00+09:00,1138.578857421875,1169.1105809728526,1132.8541592560666,1138.578857421875,13000,0.0,0.0
2007-08-03 00:00:00+09:00,1138.5784702845983,1140.486702357701,1113.1353759765625,1113.1353759765625,41500,0.0,0.0
2007-08-06 00:00:00+09:00,1092.1447775894512,1119.4961028290238,1081.3314629598526,1094.6890869140625,23100,0.0,0.0
2007-08-07 00:00:00+09:00,1095.3257197886107,1122.6770589006378,1095.3257197886107,1111.2276611328125,13500,0.0,0.0
2007-08-08 00:00:00+09:00,1111.22728068627,1111.22728068627,1081.331641194424,1090.872802734375,21900,0.0,0.0
2007-08-09 00:00:00+09:00,1083.2401288213073,1118.8604736328125,1082.6040512353875,1118.8604736328125,21100,0.0,0.0
2007-08-10 00:00:00+09:00,1100.4139624751149,1100.4139624751149,1088.3284912109375,1088.3284912109375,12800,0.0,0.0
2007-08-13 00:00:00+09:00,1081.331787109375,1084.51217471852,1055.8886862362133,1081.331787109375,15000,0.0,0.0
2007-08-14 00:00:00+09:00,1053.9806195253316,1060.9774733664774,1048.8919985499526,1049.528076171875,7300,0.0,0.0
2007-08-15 00:00:00+09:00,1039.9865620809744,1067.337890625,1017.7238528009535,1067.337890625,11400,0.0,0.0
2007-08-16 00:00:00+09:00,1062.249422079058,1065.4298095703125,1036.8063221490206,1065.4298095703125,21600,0.0,0.0
2007-08-17 00:00:00+09:00,1033.6259210015157,1059.0690205953993,1033.6259210015157,1042.531005859375,58300,0.0,0.0
2007-08-20 00:00:00+09:00,1017.7238194652487,1061.6131591796875,1017.7238194652487,1061.6131591796875,9900,0.0,0.0
2007-08-21 00:00:00+09:00,1064.7939390980114,1064.7939390980114,1022.1767384292141,1049.528076171875,12000,0.0,0.0
2007-08-22 00:00:00+09:00,1043.1672042240061,1043.1672042240061,1018.9962568090597,1039.98681640625,17200,0.0,0.0
2007-08-23 00:00:00+09:00,1033.6257555469963,1036.806142487141,1014.5434339061286,1024.0845947265625,38400,0.0,0.0
2007-08-24 00:00:00+09:00,1036.1700570406847,1036.1700570406847,1011.3630391004841,1013.9073486328125,11200,0.0,0.0
2007-08-27 00:00:00+09:00,1005.0023945143083,1026.6290283203125,1005.0023945143083,1026.6290283203125,14100,0.0,0.0
2007-08-28 00:00:00+09:00,1025.9927978515625,1025.9927978515625,1017.0877146712019,1025.9927978515625,31000,0.0,0.0
2007-08-29 00:00:00+09:00,1025.993204160748,1049.528076171875,1008.8191083688447,1049.528076171875,62300,0.0,0.0
2007-08-30 00:00:00+09:00,1048.8914924687597,1048.8914924687597,1027.2648637580637,1029.173095703125,2300,0.0,0.0
2007-08-31 00:00:00+09:00,1049.5277536561475,1067.9739990234375,1039.9865922592735,1067.9739990234375,13800,0.0,0.0
2007-09-03 00:00:00+09:00,1067.9743959699358,1068.6104736328125,1048.8920660836357,1068.6104736328125,2700,0.0,0.0
2007-09-04 00:00:00+09:00,1083.876187430863,1083.876187430863,1078.1514892578125,1078.1514892578125,1100,0.0,0.0
2007-09-05 00:00:00+09:00,1081.3315993088943,1081.3315993088943,1074.9708251953125,1074.9708251953125,700,0.0,0.0
2007-09-06 00:00:00+09:00,1036.8061352524328,1074.3347008842695,1036.8061352524328,1053.980224609375,3000,0.0,0.0
2007-09-07 00:00:00+09:00,1068.6100510817307,1074.9708251953125,1068.6100510817307,1074.9708251953125,1600,0.0,0.0
2007-09-10 00:00:00+09:00,1077.515153014366,1077.515153014366,1054.6163658192556,1057.7967529296875,30200,0.0,0.0
2007-09-11 00:00:00+09:00,1062.8854995773088,1066.7019645668145,1058.4329570895522,1065.4298095703125,4100,0.0,0.0
2007-09-12 00:00:00+09:00,1068.6104161286157,1077.5155029296875,1068.6104161286157,1077.5155029296875,2800,0.0,0.0
2007-09-13 00:00:00+09:00,1081.33191820105,1113.7718757470816,1074.9711422116322,1101.6864013671875,16900,0.0,0.0
2007-09-14 00:00:00+09:00,1137.9424795871312,1144.9393310546875,1119.4962348090278,1144.9393310546875,7300,0.0,0.0
2007-09-18 00:00:00+09:00,1100.4140380159831,1116.3159749815322,1100.4140380159831,1109.9552001953125,6300,0.0,0.0
2007-09-19 00:00:00+09:00,1107.4108577333648,1113.1355548727101,1106.7747802734375,1106.7747802734375,5800,0.0,0.0
2007-09-20 00:00:00+09:00,1108.6832345855662,1123.9490966796875,1108.6832345855662,1123.9490966796875,1200,0.0,0.0
2007-09-21 00:00:00+09:00,1172.9267665620484,1172.9267665620484,1100.4139404296875,1100.4139404296875,29400,0.0,0.0
2007-09-25 00:00:00+09:00,1144.3034018382739,1144.3034018382739,1116.315992343619,1137.942626953125,2000,0.0,0.0
2007-09-26 00:00:00+09:00,1103.5943603515625,1103.5943603515625,1103.5943603515625,1103.5943603515625,200,0.0,0.0
2007-09-27 00:00:00+09:00,1105.502625353583,1113.1355548727101,1104.2304704337284,1106.7747802734375,9000,0.0,0.0
2007-09-28 00:00:00+09:00,1144.302989769845,1144.302989769845,1106.774431461662,1124.5845947265625,5700,0.0,0.0
2007-10-01 00:00:00+09:00,1124.5847684151786,1124.5847684151786,1113.1353759765625,1113.1353759765625,6500,0.0,0.0
2007-10-02 00:00:00+09:00,1113.77154635023,1115.6797785826975,1113.77154635023,1115.043701171875,600,0.0,0.0
2007-10-03 00:00:00+09:00,1122.6769473049717,1138.578887068498,1122.6769473049717,1136.670654296875,3300,0.0,0.0
2007-10-04 00:00:00+09:00,1134.7621433185109,1134.7621433185109,1130.9456787109375,1130.9456787109375,1600,0.0,0.0
2007-10-05 00:00:00+09:00,1134.7620145942456,1138.5784787688897,1114.4075389961424,1123.3126220703125,4800,0.0,0.0
2007-10-09 00:00:00+09:00,1132.2179587984672,1138.5787338478967,1132.2179587984672,1136.034423828125,300,0.0,0.0
2007-10-10 00:00:00+09:00,1143.6675018845942,1143.6675018845942,1122.6769415051774,1123.9490966796875,1500,0.0,0.0
2007-10-11 00:00:00+09:00,1123.948960041868,1164.0218431672997,1122.6768050220132,1151.30029296875,9000,0.0,0.0
2007-10-12 00:00:00+09:00,1170.382413498166,1170.382413498166,1126.4930729919847,1127.129150390625,2800,0.0,0.0
2007-10-15 00:00:00+09:00,1131.5816298662608,1131.5816298662608,1123.9487015029133,1125.85693359375,2900,0.0,0.0
2007-10-16 00:00:00+09:00,1123.9490349874957,1128.4015778538865,1122.6768798828125,1122.6768798828125,1700,0.0,0.0
2007-10-17 00:00:00+09:00,1122.676655783582,1169.1103078358208,1122.676655783582,1150.6640625,4400,0.0,0.0
2007-10-18 00:00:00+09:00,1135.3981877825586,1135.3981877825586,1121.4044846278157,1127.7652587890625,4300,0.0,0.0
2007-10-19 00:00:00+09:00,1141.1231974306622,1141.7592750212034,1129.0377232103822,1136.670654296875,5200,0.0,0.0
2007-10-22 00:00:00+09:00,1113.1357165976895,1151.9364472905231,1113.1357165976895,1122.6768798828125,10000,0.0,0.0
2007-10-23 00:00:00+09:00,1087.6923919854137,1110.5911791851067,1087.6923919854137,1100.4139404296875,9900,0.0,0.0
2007-10-24 00:00:00+09:00,1101.6863101490371,1102.3223876953125,1101.6863101490371,1102.3223876953125,1900,0.0,0.0
2007-10-25 00:00:00+09:00,1104.230478737571,1119.496337890625,1104.230478737571,1119.496337890625,1200,0.0,0.0
2007-10-26 00:00:00+09:00,1128.4727414058134,1147.7080722252306,1128.4727414058134,1147.06689453125,2300,14.0,0.0
2007-10-29 00:00:00+09:00,1153.479039590461,1153.479039590461,1132.9613468351,1136.167236328125,1200,0.0,0.0
2007-10-30 00:00:00+09:00,1154.119873046875,1154.119873046875,1143.8610297309026,1154.119873046875,1900,0.0,0.0
2007-10-31 00:00:00+09:00,1160.531500757268,1160.531500757268,1141.2961720154349,1159.2491455078125,4600,0.0,0.0
2007-11-01 00:00:00+09:00,1154.1200298969973,1154.1200298969973,1147.708251953125,1147.708251953125,400,0.0,0.0
2007-11-02 00:00:00+09:00,1144.502362981189,1153.47885210261,1135.525873859768,1147.708251953125,3700,0.0,0.0
2007-11-05 00:00:00+09:00,1150.914122841575,1154.1200117631392,1128.472900390625,1128.472900390625,8400,0.0,0.0
2007-11-06 00:00:00+09:00,1128.4723479202157,1129.113525390625,1128.4723479202157,1129.113525390625,1000,0.0,0.0
2007-11-07 00:00:00+09:00,1128.472900390625,1160.5317896062677,1128.472900390625,1128.472900390625,1500,0.0,0.0
2007-11-08 00:00:00+09:00,1127.190365286562,1142.5786296590747,1127.190365286562,1127.83154296875,3400,0.0,0.0
2007-11-09 00:00:00+09:00,1127.8311704498065,1129.113525390625,1127.8311704498065,1129.113525390625,2600,0.0,0.0
2007-11-12 00:00:00+09:00,1064.3550681839447,1128.4728433757484,1064.3550681839447,1070.766845703125,3000,0.0,0.0
2007-11-13 00:00:00+09:00,1090.001905487805,1090.001905487805,1051.53125,1051.53125,5200,0.0,0.0
2007-11-14 00:00:00+09:00,1121.4200439453125,1121.4200439453125,1121.4200439453125,1121.4200439453125,500,0.0,0.0
2007-11-15 00:00:00+09:00,1140.6553492052803,1140.6553492052803,1102.825857579023,1115.6494140625,2000,0.0,0.0
2007-11-16 00:00:00+09:00,1102.1844147063873,1108.59619140625,1082.3079069368132,1108.59619140625,13200,0.0,0.0
2007-11-19 00:00:00+09:00,1108.5960453385953,1108.5960453385953,1089.3607177734375,1089.3607177734375,700,0.0,0.0
2007-11-20 00:00:00+09:00,1090.002231936483,1090.002231936483,1078.461031833626,1083.5904541015625,52400,0.0,0.0
2007-11-21 00:00:00+09:00,1102.825207832532,1102.825207832532,1083.589884440104,1100.260498046875,11100,0.0,0.0
2007-11-22 00:00:00+09:00,1102.825927734375,1102.825927734375,1094.490615489871,1102.825927734375,4900,0.0,0.0
2007-11-26 00:00:00+09:00,1102.8257618895773,1102.8257618895773,1090.0022065187684,1099.619873046875,3800,0.0,0.0
2007-11-27 00:00:00+09:00,1099.6197473820303,1099.6197473820303,1088.7197265625,1088.7197265625,4400,0.0,0.0
2007-11-28 00:00:00+09:00,1069.484490199289,1122.0610658565681,1069.484490199289,1070.766845703125,25000,0.0,0.0
2007-11-29 00:00:00+09:00,1102.8252585018383,1102.8252585018383,1049.6075280043658,1090.001708984375,43700,0.0,0.0
2007-11-30 00:00:00+09:00,1127.190686602925,1127.190686602925,1077.819991000863,1102.825927734375,5300,0.0,0.0
2007-12-03 00:00:00+09:00,1102.825615394843,1102.825615394843,1088.719706360723,1092.5667724609375,24900,0.0,0.0
2007-12-04 00:00:00+09:00,1083.5902433849515,1083.5902433849515,1077.178466796875,1077.178466796875,6500,0.0,0.0
2007-12-05 00:00:00+09:00,1079.102191309182,1089.3610356710044,1064.3551025390625,1064.3551025390625,22800,0.0,0.0
2007-12-06 00:00:00+09:00,1073.9730520537407,1073.9730520537407,1043.1965108605589,1057.943603515625,13300,0.0,0.0
2007-12-07 00:00:00+09:00,1045.1197627209367,1099.619873046875,1045.1197627209367,1099.619873046875,4000,0.0,0.0
2007-12-10 00:00:00+09:00,1102.825500524547,1102.825500524547,1079.1019287109375,1079.1019287109375,3500,0.0,0.0
2007-12-11 00:00:00+09:00,1090.0020646907456,1090.0020646907456,1079.7432217289504,1080.3843994140625,1500,0.0,0.0
2007-12-12 00:00:00+09:00,1045.1197693606457,1076.5374802187264,1045.1197693606457,1064.3551025390625,3500,0.0,0.0
2007-12-13 00:00:00+09:00,1086.1549540201822,1086.1549540201822,1064.3549136207216,1077.178466796875,3400,0.0,0.0
2007-12-14 00:00:00+09:00,1077.1781594669117,1090.001708984375,1077.1781594669117,1090.001708984375,3100,0.0,0.0
2007-12-17 00:00:00+09:00,1032.2962162412448,1061.1492160740745,1032.2962162412448,1041.272705078125,13500,0.0,0.0
2007-12-18 00:00:00+09:00,1041.9138967255017,1041.9138967255017,1038.7080078125,1038.7080078125,2200,0.0,0.0
2007-12-19 00:00:00+09:00,1032.9372223484008,1039.9901766909413,1032.9372223484008,1039.3489990234375,9300,0.0,0.0
2007-12-20 00:00:00+09:00,1039.3491855951004,1039.3491855951004,1032.2962299864969,1038.7080078125,8600,0.0,0.0
2007-12-21 00:00:00+09:00,1039.3488583541036,1039.3488583541036,974.5899227009485,1031.0135498046875,33500,0.0,0.0
2007-12-25 00:00:00+09:00,1038.7078336248815,1038.7078336248815,1013.060726621798,1013.701904296875,4000,0.0,0.0
2007-12-26 00:00:00+09:00,1013.7017374571204,1014.3429150266695,1009.8546720398258,1010.495849609375,4800,0.0,0.0
2007-12-27 00:00:00+09:00,1013.0606755980672,1013.0606755980672,1006.6488991702313,1011.7783203125,16700,0.0,0.0
2007-12-28 00:00:00+09:00,1012.4199182824244,1016.2669857363159,1006.6493171015873,1013.0610961914062,44000,0.0,0.0
2008-01-04 00:00:00+09:00,1013.0605598875713,1013.0605598875713,997.672298218393,1010.495849609375,1300,0.0,0.0
2008-01-07 00:00:00+09:00,1010.4963845554787,1017.5493415542796,995.108114739913,1013.0610961914062,6100,0.0,0.0
2008-01-08 00:00:00+09:00,1013.0606490877207,1018.8312477217646,1012.4194714617157,1016.90771484375,20600,0.0,0.0
2008-01-09 00:00:00+09:00,1016.9081636452978,1025.8846543710445,1009.8552066464969,1013.0610961914062,47900,0.0,0.0
2008-01-10 00:00:00+09:00,1016.9082615943472,1016.9082615943472,1006.6494140625001,1006.6494140625,22600,0.0,0.0
2008-01-11 00:00:00+09:00,1006.6493506180611,1006.6493506180611,974.5904541015624,974.5904541015625,8900,0.0,0.0
2008-01-15 00:00:00+09:00,974.5902264569256,974.5902264569256,948.9431152343749,948.943115234375,12100,0.0,0.0
2008-01-16 00:00:00+09:00,882.2606811523439,882.2606811523439,882.2606811523439,882.2606811523438,1000,0.0,0.0
2008-01-17 00:00:00+09:00,869.4369644033119,894.4428947954425,869.4369644033119,889.9546508789062,18800,0.0,0.0
2008-01-18 00:00:00+09:00,872.0016685870054,897.6487764866232,872.0016685870054,891.2369995117188,5000,0.0,0.0
2008-01-21 00:00:00+09:00,942.5312229099713,947.66064453125,939.325334396672,947.66064453125,3700,0.0,0.0
2008-01-22 00:00:00+09:00,891.8780021158855,896.3662451171875,859.1779459635417,865.5897216796875,14600,0.0,0.0
2008-01-23 00:00:00+09:00,833.5311453683036,846.3547014508928,788.648699079241,807.884033203125,22900,0.0,0.0
2008-01-24 00:00:00+09:00,832.8895263671875,852.7660277662505,820.0659770774695,832.8895263671875,7200,0.0,0.0
2008-01-25 00:00:00+09:00,846.3544748861958,846.3544748861958,807.8838169368233,814.2955932617188,48300,0.0,0.0
2008-01-28 00:00:00+09:00,820.7073695866142,820.7073695866142,807.8838169368233,814.2955932617188,10600,0.0,0.0
2008-01-29 00:00:00+09:00,827.119238977719,839.9427930703968,827.119238977719,831.6074829101562,114700,0.0,0.0
2008-01-30 00:00:00+09:00,827.7604575309308,830.3251684760305,817.501613750532,823.9133911132812,35000,0.0,0.0
2008-01-31 00:00:00+09:00,811.0897929668427,832.2486571311952,695.6778066158295,820.7074584960938,60600,0.0,0.0
2008-02-01 00:00:00+09:00,833.5310634698069,857.8958176327704,833.5310634698069,834.1722412109375,10200,0.0,0.0
2008-02-04 00:00:00+09:00,872.6426749674479,877.7720955403646,859.1779459635417,865.5897216796875,6700,0.0,0.0
2008-02-05 00:00:00+09:00,865.5897216796875,872.0014973958333,859.1779459635417,865.5897216796875,10800,0.0,0.0
2008-02-06 00:00:00+09:00,865.5897216796875,868.7956095377604,865.5897216796875,865.5897216796875,15300,0.0,0.0
2008-02-07 00:00:00+09:00,865.5900843667596,867.5136178875747,865.5900843667596,866.2312622070312,4600,0.0,0.0
2008-02-08 00:00:00+09:00,866.2311700708725,878.4135477402631,866.2311700708725,872.0017700195312,8700,0.0,0.0
2008-02-12 00:00:00+09:00,872.0016580692705,875.8487242078114,866.2310588614591,870.078125,34400,0.0,0.0
2008-02-13 00:00:00+09:00,868.795899187548,870.0782547583045,834.8134765625,834.8134765625,13800,0.0,0.0
2008-02-14 00:00:00+09:00,839.9428974498402,861.1017643321644,836.737008528276,846.3546752929688,21300,0.0,0.0
2008-02-15 00:00:00+09:00,846.3547102367604,846.3547102367604,839.9429321289061,839.9429321289062,4400,0.0,0.0
2008-02-18 00:00:00+09:00,839.9429321289061,872.0018226681774,839.9429321289061,839.9429321289062,6000,0.0,0.0
2008-02-19 00:00:00+09:00,839.9427289875807,852.766282101895,839.9427289875807,843.789794921875,4000,0.0,0.0
2008-02-20 00:00:00+09:00,839.9428974498402,848.9193864302201,839.9428974498402,846.3546752929688,8700,0.0,0.0
2008-02-21 00:00:00+09:00,897.6487901475693,897.6487901475693,849.5604621039496,854.0487060546875,17000,0.0,0.0
2008-02-22 00:00:00+09:00,854.048792401482,872.0017700195312,849.5605479969697,872.0017700195312,8800,0.0,0.0
2008-02-25 00:00:00+09:00,904.0608448315693,910.4726238729279,865.5901705834174,894.4431762695312,22400,0.0,0.0
2008-02-26 00:00:00+09:00,894.4429717927022,894.4429717927022,859.1781951270401,864.3076171875,14500,0.0,0.0
2008-02-27 00:00:00+09:00,865.5900843667596,870.719507088933,859.1783059640429,866.2312622070312,20700,0.0,0.0
2008-02-28 00:00:00+09:00,866.2310588614591,872.0016580692705,864.3075257921887,870.078125,15900,0.0,0.0
2008-02-29 00:00:00+09:00,882.9017921447753,882.9017921447753,865.5899922987994,872.0017700195312,67200,0.0,0.0
2008-03-03 00:00:00+09:00,856.6135034897748,872.0017700195312,855.9723257177016,872.0017700195312,35200,0.0,0.0
2008-03-04 00:00:00+09:00,865.5897216796875,875.8485628255208,865.5897216796875,865.5897216796875,14300,0.0,0.0
2008-03-05 00:00:00+09:00,891.2370688534347,891.2370688534347,865.5899589583719,866.872314453125,10900,0.0,0.0
2008-03-06 00:00:00+09:00,866.872236551216,872.0016580692705,859.1781042741342,870.078125,15400,0.0,0.0
2008-03-07 00:00:00+09:00,865.5897216796875,871.3603198242188,864.948544108073,865.5897216796875,6700,0.0,0.0
2008-03-10 00:00:00+09:00,849.5606079101564,865.5900533424234,846.3547188237029,849.5606079101562,15300,0.0,0.0
2008-03-11 00:00:00+09:00,846.3546752929688,849.560564214533,843.1487863714044,846.3546752929688,10000,0.0,0.0
2008-03-12 00:00:00+09:00,846.3546182924192,846.9957960335498,794.419221260839,834.1722412109375,72900,0.0,0.0
2008-03-13 00:00:00+09:00,833.5311471936016,846.3547033042723,795.0604788615892,796.3428344726562,14800,0.0,0.0
2008-03-14 00:00:00+09:00,801.471923828125,804.6778115234374,795.0601484375,801.471923828125,18700,0.0,0.0
2008-03-17 00:00:00+09:00,829.6839795887522,829.6839795887522,743.7661640826526,745.689697265625,13400,0.0,0.0
2008-03-18 00:00:00+09:00,755.9484858549843,755.9484858549843,743.7661099166936,744.4072875976562,11100,0.0,0.0
2008-03-19 00:00:00+09:00,746.330955369016,760.4368668966091,746.330955369016,753.3839111328125,14100,0.0,0.0
2008-03-21 00:00:00+09:00,779.0309634363022,779.0309634363022,743.125009565987,752.74267578125,9500,0.0,0.0
2008-03-24 00:00:00+09:00,791.2129881873498,838.0189429180439,789.9306332632212,833.5307006835938,41700,0.0,0.0
2008-03-25 00:00:00+09:00,836.7365879939154,837.3777654559797,820.7071514423078,833.5307006835938,40800,0.0,0.0
2008-03-26 00:00:00+09:00,814.2958199295343,834.1723320695467,789.9310631127452,817.501708984375,23200,0.0,0.0
2008-03-27 00:00:00+09:00,817.5015699863434,838.6604341506959,803.3956605434419,820.7074584960938,1400,0.0,0.0
2008-03-28 00:00:00+09:00,820.7074130639097,852.7662963867186,820.7074130639097,852.7662963867188,4400,0.0,0.0
2008-03-31 00:00:00+09:00,872.0016685870054,891.8781772092092,852.7663376622921,891.2369995117188,7800,0.0,0.0
2008-04-01 00:00:00+09:00,896.3664347330729,896.3664347330729,854.0487060546874,854.0487060546875,37400,0.0,0.0
2008-04-02 00:00:00+09:00,854.6900610821411,884.1842417346381,854.6900610821411,866.2312622070312,2300,0.0,0.0
2008-04-03 00:00:00+09:00,866.2311166791773,868.1546498768364,859.1781616210936,859.1781616210938,4100,0.0,0.0
2008-04-04 00:00:00+09:00,859.1781616210936,861.1016948187529,859.1781616210936,859.1781616210938,3500,0.0,0.0
2008-04-07 00:00:00+09:00,859.1781109461485,876.4899087040187,859.1781109461485,868.7957763671875,6500,0.0,0.0
2008-04-08 00:00:00+09:00,881.6196217256435,900.8549589269302,881.6196217256435,893.802001953125,14700,0.0,0.0
2008-04-09 00:00:00+09:00,893.8018276725729,893.8018276725729,837.3781828840604,846.995849609375,6800,0.0,0.0
2008-04-10 00:00:00+09:00,837.3781863125888,847.6370308615944,837.3781863125888,846.3546752929688,5500,0.0,0.0
2008-04-11 00:00:00+09:00,846.9958530772816,846.9958530772816,846.3546752929688,846.3546752929688,2200,0.0,0.0
2008-04-14 00:00:00+09:00,846.3546182924192,846.9957960335498,834.1722412109375,834.1722412109375,4700,0.0,0.0
2008-04-15 00:00:00+09:00,846.3547102367604,846.3547102367604,839.9429321289061,839.9429321289062,2300,0.0,0.0
2008-04-16 00:00:00+09:00,839.9429967077384,852.7665539093833,839.3018188476562,839.3018188476562,8300,0.0,0.0
2008-04-17 00:00:00+09:00,839.3016631399825,842.5075518456355,834.1722412109375,834.1722412109375,6900,0.0,0.0
2008-04-18 00:00:00+09:00,834.1721903326331,837.3780788427508,827.1192356103742,832.2486572265625,8500,0.0,0.0
2008-04-21 00:00:00+09:00,843.1488924248274,843.1488924248274,820.7076671511628,827.1194458007812,9100,0.0,0.0
2008-04-22 00:00:00+09:00,827.1193761488971,833.5311542585785,817.5017089843751,817.501708984375,4200,0.0,0.0
2008-04-23 00:00:00+09:00,820.7075980392158,824.5546649050245,815.5781755514706,817.501708984375,6100,0.0,0.0
2008-04-24 00:00:00+09:00,825.2872454785925,830.4777312992126,786.3586018239419,823.9896240234375,3200,15.0,0.0
2008-04-25 00:00:00+09:00,823.9896240234374,831.7753527543675,823.9896240234374,823.9896240234375,7600,0.0,0.0
2008-04-28 00:00:00+09:00,823.9896240234374,825.2872454785925,817.5015167476623,823.9896240234375,10600,0.0,0.0
2008-04-30 00:00:00+09:00,823.9896149635315,830.4777221679688,817.5015077590942,830.4777221679688,12900,0.0,0.0
2008-05-01 00:00:00+09:00,823.9896240234374,825.93605620617,799.3348163754921,823.9896240234375,13200,0.0,0.0
2008-05-02 00:00:00+09:00,823.9899350844128,834.3709106445314,820.7458802218757,834.3709106445312,1200,0.0,0.0
2008-05-07 00:00:00+09:00,834.3707120761826,836.9659553485814,823.9897389865878,824.6385498046875,37500,0.0,0.0
2008-05-08 00:00:00+09:00,824.6384952686451,840.8587646484375,817.5015767415365,840.8587646484375,103800,0.0,0.0
2008-05-09 00:00:00+09:00,866.8114923994669,866.8114923994669,836.9661865234374,836.9661865234375,53600,0.0,0.0
2008-05-12 00:00:00+09:00,830.4778758879241,830.4778758879241,798.0373338610522,822.0433349609375,24200,0.0,0.0
2008-05-13 00:00:00+09:00,811.0132791909828,811.0132791909828,803.876362334102,807.7692260742188,13300,0.0,0.0
2008-05-14 00:00:00+09:00,781.8168011401074,818.1501960478633,781.8168011401074,807.7692260742188,13000,0.0,0.0
2008-05-15 00:00:00+09:00,804.5255514477926,862.9185350206163,804.5255514477926,817.5017700195312,47900,0.0,0.0
2008-05-16 00:00:00+09:00,835.6684760199653,846.698261805943,805.8231733049665,817.5017700195312,52400,0.0,0.0
2008-05-19 00:00:00+09:00,825.9363179571943,840.2101584874837,825.9363179571943,838.9125366210938,2800,0.0,0.0
2008-05-20 00:00:00+09:00,843.4540366412102,869.4064685378628,836.965928667047,866.1624145507812,14100,0.0,0.0
2008-05-21 00:00:00+09:00,875.8946065025443,882.3827146988594,866.8112550277032,874.5969848632812,19000,0.0,0.0
2008-05-22 00:00:00+09:00,868.7576874865977,875.8946065025443,868.7576874865977,874.5969848632812,5700,0.0,0.0
2008-05-23 00:00:00+09:00,881.0850913590565,892.1148752715042,870.0553074466088,891.466064453125,20600,0.0,0.0
2008-05-26 00:00:00+09:00,895.3590664432626,901.8471756203876,879.1387935004499,890.1685791015625,26000,0.0,0.0
2008-05-27 00:00:00+09:00,881.0852262535874,901.8471756203876,879.1387935004499,890.1685791015625,4800,0.0,0.0
2008-05-28 00:00:00+09:00,877.1923147382527,901.1983174344919,877.1923147382527,888.8709106445312,21700,0.0,0.0
2008-05-29 00:00:00+09:00,888.871094187528,906.3889916642165,888.871094187528,905.0913696289062,4900,0.0,0.0
2008-05-30 00:00:00+09:00,913.5259592563292,931.0438576227502,907.0378487502472,922.6093139648438,22400,0.0,0.0
2008-06-02 00:00:00+09:00,940.7755215962728,940.7755215962728,932.3409824371338,934.2874145507812,6600,0.0,0.0
2008-06-03 00:00:00+09:00,934.2876333841464,934.9364442406631,927.1507139624619,931.0435791015625,11000,0.0,0.0
2008-06-04 00:00:00+09:00,940.1271028322984,955.6985662332474,938.8294808822194,948.5616455078125,26700,0.0,0.0
2008-06-05 00:00:00+09:00,950.5076030574432,956.3468989124037,937.5313900464201,947.2635498046875,18800,0.0,0.0
2008-06-06 00:00:00+09:00,942.0731952114762,961.5375174265894,940.7755737304688,940.7755737304688,7900,0.0,0.0
2008-06-09 00:00:00+09:00,927.799459652025,956.9959461445712,927.799459652025,953.7518920898438,2500,0.0,0.0
2008-06-10 00:00:00+09:00,953.1030441305111,953.1030441305111,940.7756392030232,945.9661254882812,5800,0.0,0.0
2008-06-11 00:00:00+09:00,947.2635498046875,951.1564137079945,947.2635498046875,947.2635498046875,4100,0.0,0.0
2008-06-12 00:00:00+09:00,947.2635498046875,953.7516563101991,946.6147391541364,947.2635498046875,8900,0.0,0.0
2008-06-13 00:00:00+09:00,947.2637839803891,953.7518920898439,940.7756758709344,953.7518920898438,11800,0.0,0.0
2008-06-16 00:00:00+09:00,979.7042936745291,992.6805094847879,945.3173217773438,945.3173217773438,67300,0.0,0.0
2008-06-17 00:00:00+09:00,953.10313762942,953.10313762942,927.1507036572098,937.5316772460938,22100,0.0,0.0
2008-06-18 00:00:00+09:00,934.2874588815789,934.2874588815789,919.364811968887,924.5552978515625,15300,0.0,0.0
2008-06-19 00:00:00+09:00,927.1504889004472,927.1504889004472,882.3825506680253,895.3587646484375,20400,0.0,0.0
2008-06-20 00:00:00+09:00,918.0671303386619,918.0671303386619,879.1384887695314,879.1384887695312,38600,0.0,0.0
2008-06-23 00:00:00+09:00,872.6506315157588,890.168525233919,872.6506315157588,889.5197143554688,7900,0.0,0.0
2008-06-24 00:00:00+09:00,892.1148231561235,908.3350926680531,892.1148231561235,901.8469848632812,14300,0.0,0.0
2008-06-25 00:00:00+09:00,901.8469542804481,910.281494140625,888.8707391109454,910.281494140625,20500,0.0,0.0
2008-06-26 00:00:00+09:00,911.5793169399285,927.7995894833437,911.5793169399285,914.174560546875,13600,0.0,0.0
2008-06-27 00:00:00+09:00,913.5252622767857,914.8228833879742,896.0073772757394,908.3347778320312,25400,0.0,0.0
2008-06-30 00:00:00+09:00,944.0195751190186,958.9422213236492,921.3112004597982,934.2874145507812,30700,0.0,0.0
2008-07-01 00:00:00+09:00,947.2637194910793,950.5077733249528,908.3350734845966,914.8231811523438,23900,0.0,0.0
2008-07-02 00:00:00+09:00,920.0134067563658,920.0134067563658,875.8942871093751,875.894287109375,10200,0.0,0.0
2008-07-03 00:00:00+09:00,875.2457247166276,897.9541015625001,849.9421048026554,897.9541015625,6600,0.0,0.0
2008-07-04 00:00:00+09:00,906.3885465317877,908.3349786288496,894.7099539494168,895.3587646484375,5900,0.0,0.0
2008-07-07 00:00:00+09:00,886.2756814794308,896.6566557866569,875.245896278003,876.5435180664062,7400,0.0,0.0
2008-07-08 00:00:00+09:00,875.8945433561468,886.2755157218492,863.567138671875,863.567138671875,7400,0.0,0.0
2008-07-09 00:00:00+09:00,855.1323484519677,880.435961190683,855.1323484519677,875.894287109375,5700,0.0,0.0
2008-07-10 00:00:00+09:00,888.8707692537376,901.8469848632812,875.894553644194,901.8469848632812,5400,0.0,0.0
2008-07-11 00:00:00+09:00,895.3588770585095,901.8469848632812,895.3588770585095,901.8469848632812,3600,0.0,0.0
2008-07-14 00:00:00+09:00,888.8708465111437,899.9006307379243,888.8708465111437,894.7101440429688,3800,0.0,0.0
2008-07-15 00:00:00+09:00,892.1148681640625,898.6029762961648,892.1148681640625,892.1148681640625,2900,0.0,0.0
2008-07-16 00:00:00+09:00,890.8171765841852,890.8171765841852,864.86474609375,864.86474609375,4000,0.0,0.0
2008-07-17 00:00:00+09:00,851.8885852685397,869.4064769686545,838.9123691943807,848.64453125,14700,0.0,0.0
2008-07-18 00:00:00+09:00,895.3586046006945,895.3586046006945,856.4299696180557,875.894287109375,20800,0.0,0.0
2008-07-22 00:00:00+09:00,860.3229579103777,875.8944141621492,857.078904524592,858.3765258789062,5300,0.0,0.0
2008-07-23 00:00:00+09:00,858.3766877187323,878.4898225027692,857.0790661197623,860.3231201171875,11100,0.0,0.0
2008-07-24 00:00:00+09:00,847.3467158739782,853.1860117720377,837.6145560438789,838.2633666992188,10600,0.0,0.0
2008-07-25 00:00:00+09:00,843.4542964964874,846.0495404857073,836.9661865234374,836.9661865234375,5500,0.0,0.0
2008-07-28 00:00:00+09:00,840.8590525072674,849.9424064695372,836.9661865234374,836.9661865234375,8200,0.0,0.0
2008-07-29 00:00:00+09:00,836.9658954691442,838.2635170125072,832.4242200673737,835.6682739257812,6300,0.0,0.0
2008-07-30 00:00:00+09:00,836.3168481101453,875.8942939865757,836.3168481101453,875.2454833984375,2400,0.0,0.0
2008-07-31 00:00:00+09:00,892.1148610669513,892.763671875,885.6267529864643,892.763671875,11000,0.0,0.0
2008-08-01 00:00:00+09:00,894.7102336664309,908.3352626055135,894.7102336664309,903.144775390625,7300,0.0,0.0
2008-08-04 00:00:00+09:00,901.8468540736608,902.4956647600446,859.6741594587054,862.918212890625,5600,0.0,0.0
2008-08-05 00:00:00+09:00,862.918394833962,873.2993680048969,843.4540701384591,851.8886108398438,4800,0.0,0.0
2008-08-06 00:00:00+09:00,853.1863698119173,860.3232900156672,836.9660966215768,839.5613403320312,8400,0.0,0.0
2008-08-07 00:00:00+09:00,852.5373539895004,852.5373539895004,823.9896800355141,835.6682739257812,7200,0.0,0.0
2008-08-08 00:00:00+09:00,818.1504232896647,835.6683149857955,811.0135044505002,820.7456665039062,6900,0.0,0.0
2008-08-11 00:00:00+09:00,822.6919163161058,844.7514787409856,822.6919163161058,843.453857421875,5000,0.0,0.0
2008-08-12 00:00:00+09:00,843.4540863630837,846.0493297057393,830.4778696498055,833.721923828125,7300,0.0,0.0
2008-08-13 00:00:00+09:00,833.7216154785157,833.7216154785157,811.0132446289064,811.0132446289062,7900,0.0,0.0
2008-08-14 00:00:00+09:00,805.1739492675782,817.5013505859375,804.5251386718751,811.0132446289062,18800,0.0,0.0
2008-08-15 00:00:00+09:00,811.0132791909828,817.5013854245105,804.5251729574549,807.7692260742188,2600,0.0,0.0
2008-08-18 00:00:00+09:00,820.7454383979409,843.4538102113228,807.7692259331513,842.1561889648438,3200,0.0,0.0
2008-08-19 00:00:00+09:00,842.1563932794402,842.1563932794402,838.2635285955598,840.2099609375,3500,0.0,0.0
2008-08-20 00:00:00+09:00,853.1862859792129,860.9720163455631,828.5314731524371,841.5076904296875,7700,0.0,0.0
2008-08-21 00:00:00+09:00,866.162212018773,866.162212018773,853.185999104634,862.2693481445312,8000,0.0,0.0
2008-08-22 00:00:00+09:00,849.2934997558593,862.9185291637074,849.2934997558593,856.430419921875,2700,0.0,0.0
2008-08-25 00:00:00+09:00,849.9420437812805,856.4301509857178,817.5015077590942,830.4777221679688,6100,0.0,0.0
2008-08-26 00:00:00+09:00,830.4777667505809,843.4539818560587,830.4777667505809,837.6146850585938,3100,0.0,0.0
2008-08-27 00:00:00+09:00,850.5908098493304,862.918212890625,849.9419991629464,862.918212890625,1600,0.0,0.0
2008-08-28 00:00:00+09:00,862.9183274046322,880.4362182617188,862.9183274046322,880.4362182617188,3200,0.0,0.0
2008-08-29 00:00:00+09:00,894.0611432503962,895.3587646484374,845.4003408238507,895.3587646484375,12000,0.0,0.0
2008-09-01 00:00:00+09:00,892.1145139421735,911.5788306100028,881.7335450526646,908.3347778320312,3700,0.0,0.0
2008-09-02 00:00:00+09:00,908.3352371549954,910.9304806897239,888.8709106445312,888.8709106445312,4500,0.0,0.0
2008-09-03 00:00:00+09:00,888.8707692537376,905.0910387656671,888.2219584732604,901.8469848632812,7600,0.0,0.0
2008-09-04 00:00:00+09:00,901.847280663043,901.847280663043,870.0555419921875,870.0555419921875,5600,0.0,0.0
2008-09-05 00:00:00+09:00,869.4061812789353,875.8942871093751,869.4061812789353,875.894287109375,4400,0.0,0.0
2008-09-08 00:00:00+09:00,849.9419991629464,875.8944266183036,849.9419991629464,862.918212890625,5300,0.0,0.0
2008-09-09 00:00:00+09:00,840.8587646484375,840.8587646484375,840.8587646484375,840.8587646484375,2900,0.0,0.0
2008-09-10 00:00:00+09:00,840.2102415099624,840.2102415099624,836.9661865234374,836.9661865234375,90800,0.0,0.0
2008-09-11 00:00:00+09:00,836.317138671875,836.317138671875,836.317138671875,836.317138671875,10700,0.0,0.0
2008-09-12 00:00:00+09:00,830.4776442307693,844.1026680814304,830.4776442307693,843.453857421875,8500,0.0,0.0
2008-09-16 00:00:00+09:00,817.5015836148649,849.9421226472008,817.5015836148649,840.2099609375,16300,0.0,0.0
2008-09-17 00:00:00+09:00,849.9420425937203,868.7575534602988,829.8289102880674,853.1860961914062,12400,0.0,0.0
2008-09-18 00:00:00+09:00,843.4536811294143,852.5370284646542,840.2096285096859,842.8048706054688,16500,0.0,0.0
2008-09-19 00:00:00+09:00,843.4537909282901,843.4537909282901,781.8167831296844,798.0370483398438,22000,0.0,0.0
2008-09-22 00:00:00+09:00,803.2278153501484,811.0135453858526,713.6919199395503,716.9359741210938,18300,0.0,0.0
2008-09-24 00:00:00+09:00,717.5847929138673,735.1026856884373,717.5847929138673,727.3169555664062,15200,0.0,0.0
2008-09-25 00:00:00+09:00,748.0789212190481,775.9777881855867,727.3169737090658,731.2098388671875,35900,0.0,0.0
2008-09-26 00:00:00+09:00,738.9954552037198,747.4299950787403,738.9954552037198,741.5906982421875,18500,0.0,0.0
2008-09-29 00:00:00+09:00,749.3764038085938,750.6740252870502,739.6442427201705,749.3764038085938,15500,0.0,0.0
2008-09-30 00:00:00+09:00,740.9420235521852,740.9420235521852,729.263427734375,729.263427734375,7200,0.0,0.0
2008-10-01 00:00:00+09:00,726.66796875,726.66796875,726.66796875,726.66796875,32400,0.0,0.0
2008-10-02 00:00:00+09:00,718.8824466145834,759.1087207031251,716.9360139973959,729.9122314453125,7200,0.0,0.0
2008-10-03 00:00:00+09:00,727.3169950980732,736.4003474008146,727.3169950980732,729.263427734375,4500,0.0,0.0
2008-10-06 00:00:00+09:00,687.739501953125,687.739501953125,687.739501953125,687.739501953125,500,0.0,0.0
2008-10-07 00:00:00+09:00,650.1083896636964,650.1083896636964,619.6142835617065,622.8583374023438,12400,0.0,0.0
2008-10-08 00:00:00+09:00,608.584486741286,608.584486741286,607.286865234375,607.286865234375,6900,0.0,0.0
2008-10-09 00:00:00+09:00,609.882206011422,638.4298837396162,609.882206011422,615.0726928710938,7400,0.0,0.0
2008-10-10 00:00:00+09:00,608.5845947265625,608.5845947265625,583.9297817205824,608.5845947265625,6400,0.0,0.0
2008-10-14 00:00:00+09:00,632.5906375255864,639.0787466284129,619.6144193199333,621.5608520507812,11400,0.0,0.0
2008-10-15 00:00:00+09:00,632.5906375255864,639.0787466284129,619.6144193199333,621.5608520507812,11400,0.0,0.0
2008-10-16 00:00:00+09:00,614.4237252042276,618.3165893554688,614.4237252042276,618.3165893554688,5800,0.0,0.0
2008-10-17 00:00:00+09:00,614.4238555446815,614.4238555446815,598.2035848069654,600.798828125,5300,0.0,0.0
2008-10-20 00:00:00+09:00,607.2869039426814,626.1024169921875,596.9059312257125,626.1024169921875,63000,0.0,0.0
2008-10-21 00:00:00+09:00,632.5904707475142,644.9178747928504,626.102363355232,642.3226318359375,13600,0.0,0.0
2008-10-22 00:00:00+09:00,642.9714965820312,642.9714965820312,642.9714965820312,642.9714965820312,400,0.0,0.0
2008-10-23 00:00:00+09:00,648.1620623530174,648.1620623530174,629.3465470294564,635.8346557617188,5700,0.0,0.0
2008-10-24 00:00:00+09:00,661.1381775406767,661.1381775406767,622.8583419421487,628.048828125,6100,0.0,0.0
2008-10-27 00:00:00+09:00,666.9775728986208,666.9775728986208,584.5785925891607,608.5845947265625,15000,0.0,0.0
2008-10-28 00:00:00+09:00,595.3974939982096,664.6297607421875,594.0787841554672,664.6297607421875,6100,15.0,0.0
2008-10-29 00:00:00+09:00,662.651611328125,662.651611328125,662.651611328125,662.651611328125,1500,0.0,0.0
2008-10-30 00:00:00+09:00,674.5199955970421,687.7070922851562,665.2890279153621,687.7070922851562,4700,0.0,0.0
2008-10-31 00:00:00+09:00,667.2672119140625,667.2672119140625,667.2672119140625,667.2672119140625,100,0.0,0.0
2008-11-04 00:00:00+09:00,642.8710290157434,656.0581270468356,641.5523192126342,652.7613525390625,5100,0.0,0.0
2008-11-05 00:00:00+09:00,613.199967151036,626.3870632188003,593.4193230493897,614.5186767578125,33900,0.0,0.0
2008-11-06 00:00:00+09:00,613.1999319325322,614.5186414635699,601.9909009187118,606.6063842773438,16800,0.0,0.0
2008-11-07 00:00:00+09:00,594.0788276798817,596.7162475585938,594.0788276798817,596.7162475585938,12300,0.0,0.0
2008-11-10 00:00:00+09:00,603.9690551757812,603.9690551757812,603.9690551757812,603.9690551757812,22700,0.0,0.0
2008-11-11 00:00:00+09:00,590.1226589626737,600.6723377821181,586.8258843315972,593.41943359375,27500,0.0,0.0
2008-11-12 00:00:00+09:00,596.7161877427062,596.7161877427062,560.4516680456356,561.1110229492188,18100,0.0,0.0
2008-11-13 00:00:00+09:00,551.2208529663086,561.1111792755128,526.8247147369385,527.4840698242188,11600,0.0,0.0
2008-11-14 00:00:00+09:00,559.7922522503397,559.7922522503397,527.4838654891305,530.7806396484375,10700,0.0,0.0
2008-11-17 00:00:00+09:00,531.4402003479004,536.0556859588623,527.4840698242188,527.4840698242188,10600,0.0,0.0
2008-11-18 00:00:00+09:00,528.1432203209919,531.439994480299,527.4838654891305,530.7806396484375,5700,0.0,0.0
2008-11-19 00:00:00+09:00,531.439994480299,531.439994480299,527.4838654891305,530.7806396484375,6300,0.0,0.0
2008-11-20 00:00:00+09:00,527.4838812732341,532.099365234375,527.4838812732341,532.099365234375,8500,0.0,0.0
2008-11-21 00:00:00+09:00,538.0334272739609,538.0334272739609,528.1431069196601,531.4398803710938,13200,0.0,0.0
2008-11-25 00:00:00+09:00,557.8141877547555,558.4735425866169,530.7806396484375,530.7806396484375,10300,0.0,0.0
2008-11-26 00:00:00+09:00,537.3743803937333,540.6711557335722,519.5717935586035,526.1653442382812,10200,0.0,0.0
2008-11-27 00:00:00+09:00,527.4840009973404,527.4840009973404,515.6156109749003,526.8246459960938,18900,0.0,0.0
2008-11-28 00:00:00+09:00,556.4955961124626,556.4955961124626,532.0994621596651,550.5614013671875,19400,0.0,0.0
2008-12-01 00:00:00+09:00,550.5613408958665,572.979407471267,543.9677919031016,571.0013427734375,9000,0.0,0.0
2008-12-02 00:00:00+09:00,553.8579612881185,592.7598895214506,549.9018329932034,572.979248046875,10500,0.0,0.0
2008-12-03 00:00:00+09:00,578.9134404892477,588.8037612265355,572.979248046875,572.979248046875,9400,0.0,0.0
2008-12-04 00:00:00+09:00,584.8477805707709,590.1226196289062,572.979392689966,590.1226196289062,6700,0.0,0.0
2008-12-05 00:00:00+09:00,590.781899558656,601.9909311351038,576.93544878775,578.9135131835938,12100,0.0,0.0
2008-12-08 00:00:00+09:00,593.4194679563351,600.0130176002943,580.2323686684166,580.8917236328125,10900,0.0,0.0
2008-12-09 00:00:00+09:00,613.8594767702218,613.8594767702218,594.7381826495597,596.7162475585938,3800,0.0,0.0
2008-12-10 00:00:00+09:00,612.5407183247228,613.8594281596522,610.5626535723286,613.2000732421875,8800,0.0,0.0
2008-12-11 00:00:00+09:00,613.1999334373758,626.387028780115,613.1999334373758,621.7715454101562,10700,0.0,0.0
2008-12-12 00:00:00+09:00,625.7277169965799,635.618039183038,621.7715881219967,630.3432006835938,8400,0.0,0.0
2008-12-15 00:00:00+09:00,616.4968478295111,629.6839461788054,613.2000732421875,613.2000732421875,8100,0.0,0.0
2008-12-16 00:00:00+09:00,580.2323733166436,623.0904463457139,580.2323733166436,596.7162475585938,10700,0.0,0.0
2008-12-17 00:00:00+09:00,590.1226931343555,600.6723725646904,580.8917236328125,580.8917236328125,12500,0.0,0.0
2008-12-18 00:00:00+09:00,582.2103644631126,592.1006877552379,576.9355253739791,580.2322998046875,14900,0.0,0.0
2008-12-19 00:00:00+09:00,586.8258003566576,586.8258003566576,530.7806396484375,530.7806396484375,24500,0.0,0.0
2008-12-22 00:00:00+09:00,527.4838654891305,543.3083814538044,527.4838654891305,530.7806396484375,5700,0.0,0.0
2008-12-24 00:00:00+09:00,511.0000915527344,512.9781564232611,510.3407365958921,511.0000915527344,7300,0.0,0.0
2008-12-25 00:00:00+09:00,518.9122704200495,518.9122704200495,504.4064636230469,504.4064636230469,10000,0.0,0.0
2008-12-26 00:00:00+09:00,501.10968935100084,504.4064636230469,482.6477534275429,504.4064636230469,5700,0.0,0.0
2008-12-29 00:00:00+09:00,490.5599670410156,501.1096437515751,487.92254786337577,490.5599670410156,4400,0.0,0.0
2008-12-30 00:00:00+09:00,553.858000102796,553.858000102796,501.109619140625,501.109619140625,38100,0.0,0.0
2009-01-05 00:00:00+09:00,501.109619140625,501.109619140625,494.51607152035365,501.109619140625,1400,0.0,0.0
2009-01-06 00:00:00+09:00,501.1097323183982,504.4065068731245,494.51618320894556,497.8129577636719,3700,0.0,0.0
2009-01-07 00:00:00+09:00,497.8128453304893,507.7031667608964,497.8128453304893,501.109619140625,7200,0.0,0.0
2009-01-08 00:00:00+09:00,501.10965336594626,501.10965336594626,493.85675048828125,493.85675048828125,33500,0.0,0.0
2009-01-09 00:00:00+09:00,493.856749899788,493.856749899788,468.80126726134745,478.69158935546875,12300,0.0,0.0
2009-01-13 00:00:00+09:00,478.69164592044456,478.69164592044456,468.14196777343756,468.1419677734375,1800,0.0,0.0
2009-01-14 00:00:00+09:00,468.14194487371174,468.14194487371174,435.17420227697147,435.83355712890625,7200,0.0,0.0
2009-01-15 00:00:00+09:00,435.83346114472715,445.0644270388666,435.17410643800287,440.4489440917969,5000,0.0,0.0
2009-01-16 00:00:00+09:00,440.4491123484142,466.8233106926306,440.4491123484142,441.767822265625,8300,0.0,0.0
2009-01-19 00:00:00+09:00,442.42704693119975,450.339304104336,440.4489826379157,441.10833740234375,10300,0.0,0.0
2009-01-20 00:00:00+09:00,441.7676921667718,445.0644659889118,440.4489826379157,441.10833740234375,13200,0.0,0.0
2009-01-21 00:00:00+09:00,441.7676839255405,448.3612314468172,421.32768660958266,427.9212341308594,32700,0.0,0.0
2009-01-22 00:00:00+09:00,421.32775134575076,421.987106199187,404.18452515640877,405.50323486328125,7600,0.0,0.0
2009-01-23 00:00:00+09:00,408.7999556900619,412.0967295262721,405.50318185385174,406.16253662109375,40300,0.0,0.0
2009-01-26 00:00:00+09:00,396.931661313139,398.2503711513886,377.1510137393945,390.9974670410156,11400,0.0,0.0
2009-01-27 00:00:00+09:00,404.1844970194499,404.1844970194499,394.95352971394857,395.6128845214844,19800,0.0,0.0
2009-01-28 00:00:00+09:00,395.6129120617378,423.3058159060595,394.95355720830156,405.50323486328125,17000,0.0,0.0
2009-01-29 00:00:00+09:00,402.2064288899473,405.5032028972419,396.93159047827584,402.86578369140625,9200,0.0,0.0
2009-01-30 00:00:00+09:00,468.8013007931593,468.8013007931593,401.54710574266386,405.50323486328125,23900,0.0,0.0
2009-02-02 00:00:00+09:00,398.90972607051344,398.90972607051344,385.7226276880171,390.9974670410156,6700,0.0,0.0
2009-02-03 00:00:00+09:00,404.18460793417006,404.18460793417006,395.61299308401635,402.20654296875,5800,0.0,0.0
2009-02-04 00:00:00+09:00,395.6128845214844,400.2283681742351,392.97546529134115,395.6128845214844,2600,0.0,0.0
2009-02-05 00:00:00+09:00,395.6128845214844,408.79998067220055,394.95352971394857,395.6128845214844,11000,0.0,0.0
2009-02-06 00:00:00+09:00,398.90965855916346,398.90965855916346,394.95352971394857,395.6128845214844,4300,0.0,0.0
2009-02-09 00:00:00+09:00,382.4258710954573,392.31619534792605,377.1510314941407,377.1510314941406,2500,0.0,0.0
2009-02-10 00:00:00+09:00,377.15095076175237,383.08514404296875,377.15095076175237,383.08514404296875,400,0.0,0.0
2009-02-12 00:00:00+09:00,383.0850749048693,390.3379764951509,382.42572021484375,382.42572021484375,400,0.0,0.0
2009-02-13 00:00:00+09:00,382.4258710954573,382.4258710954573,376.4916765439761,377.1510314941406,3000,0.0,0.0
2009-02-16 00:00:00+09:00,375.8322555212666,375.8322555212666,366.6012878417969,366.6012878417969,700,0.0,0.0
2009-02-17 00:00:00+09:00,366.6013701332553,366.6013701332553,360.66717529296875,360.66717529296875,3600,0.0,0.0
2009-02-18 00:00:00+09:00,352.7548647925967,352.7548647925967,342.86454148065474,346.16131591796875,1300,0.0,0.0
2009-02-19 00:00:00+09:00,346.161296269665,385.063232421875,345.5019414196276,385.063232421875,3300,0.0,0.0
2009-02-20 00:00:00+09:00,425.94328789820327,425.94328789820327,373.854248046875,373.854248046875,31300,0.0,0.0
2009-02-23 00:00:00+09:00,365.9419451703082,366.60130002647094,360.00775146484375,360.00775146484375,3300,0.0,0.0
2009-02-24 00:00:00+09:00,360.0078209103562,360.0078209103562,334.95233154296875,334.95233154296875,4500,0.0,0.0
2009-02-25 00:00:00+09:00,361.3265686035156,361.3265686035156,354.73301808155367,361.3265686035156,2300,0.0,0.0
2009-02-26 00:00:00+09:00,329.6774712161741,365.28263810752094,329.6774712161741,363.96392822265625,5700,0.0,0.0
2009-02-27 00:00:00+09:00,329.67735893537906,387.7005741080058,329.67735893537906,383.74444580078125,15400,0.0,0.0
2009-03-02 00:00:00+09:00,391.6567158162093,392.3160705566406,390.997361075778,392.3160705566406,8000,0.0,0.0
2009-03-03 00:00:00+09:00,395.6129319596999,399.5690612792969,382.4258342277099,399.5690612792969,7800,0.0,0.0
2009-03-04 00:00:00+09:00,391.65686101140204,391.65686101140204,365.9420166015625,365.9420166015625,7900,0.0,0.0
2009-03-05 00:00:00+09:00,369.89814014366937,375.8323349053325,369.89814014366937,370.5574951171875,4100,0.0,0.0
2009-03-06 00:00:00+09:00,370.55739923650566,377.150947265625,362.6451416015625,362.6451416015625,3300,0.0,0.0
2009-03-09 00:00:00+09:00,368.57942240505935,369.89813232421875,354.73296825388536,369.89813232421875,2600,0.0,0.0
2009-03-10 00:00:00+09:00,337.5896205357143,369.89800218854634,337.5896205357143,369.2386474609375,10600,0.0,0.0
2009-03-11 00:00:00+09:00,362.64507973840995,369.23862664274463,340.2270202636719,340.2270202636719,6500,0.0,0.0
2009-03-12 00:00:00+09:00,353.41426755973396,353.41426755973396,349.4581376989907,350.11749267578125,2600,0.0,0.0
2009-03-13 00:00:00+09:00,344.84250116348267,349.4579839706421,337.589599609375,337.589599609375,6300,0.0,0.0
2009-03-16 00:00:00+09:00,338.24904952886453,356.0516310830153,336.9303397841126,345.501953125,9300,0.0,0.0
2009-03-17 00:00:00+09:00,345.501953125,350.1174372316317,344.18324338024814,345.501953125,20700,0.0,0.0
2009-03-18 00:00:00+09:00,348.1393591538915,349.4580688476563,344.8425849194797,349.45806884765625,18600,0.0,0.0
2009-03-19 00:00:00+09:00,349.4580688476563,349.4580688476563,348.7987140007739,349.45806884765625,13400,0.0,0.0
2009-03-23 00:00:00+09:00,349.4580688476563,350.1174236945387,345.50193976636206,349.45806884765625,4000,0.0,0.0
2009-03-24 00:00:00+09:00,349.4580688476563,358.0296818571271,348.7987140007739,349.45806884765625,13500,0.0,0.0
2009-03-25 00:00:00+09:00,358.6889718191964,374.513485281808,358.0296170915876,369.2386474609375,9300,0.0,0.0
2009-03-26 00:00:00+09:00,369.8980568635179,386.3819274902344,369.8980568635179,386.3819274902344,2100,0.0,0.0
2009-03-27 00:00:00+09:00,387.0412863026495,391.6567701256794,373.85418966542125,379.1290283203125,4400,0.0,0.0
2009-03-30 00:00:00+09:00,373.8542372483474,385.7226257324219,373.8542372483474,385.7226257324219,7700,0.0,0.0
2009-03-31 00:00:00+09:00,388.35991242507407,388.35991242507407,363.30443420410154,382.42572021484375,17000,0.0,0.0
2009-04-01 00:00:00+09:00,373.194921435107,375.8323413745777,365.9420166015625,365.9420166015625,13000,0.0,0.0
2009-04-02 00:00:00+09:00,375.8322402954102,395.6128845214844,375.8322402954102,395.6128845214844,9900,0.0,0.0
2009-04-03 00:00:00+09:00,395.6128845214844,400.8877229817709,390.33804606119793,395.6128845214844,8800,0.0,0.0
2009-04-06 00:00:00+09:00,390.99746801226183,408.8000508728539,389.01940324997383,393.6348876953125,9600,0.0,0.0
2009-04-07 00:00:00+09:00,396.931594136556,400.2283681742351,394.95352971394857,395.6128845214844,6100,0.0,0.0
2009-04-08 00:00:00+09:00,397.5910142164964,401.5471437111879,385.7226257324219,385.7226257324219,6300,0.0,0.0
2009-04-09 00:00:00+09:00,384.403800518652,385.0631552365228,382.4257363650397,383.74444580078125,3500,0.0,0.0
2009-04-10 00:00:00+09:00,395.61295245760056,398.9097270614139,393.6348876953125,393.6348876953125,3700,0.0,0.0
2009-04-13 00:00:00+09:00,399.56901336669927,399.56901336669927,395.6128845214844,395.6128845214844,2300,0.0,0.0
2009-04-14 00:00:00+09:00,329.6773702156644,396.27219899922864,329.6773702156644,392.3160705566406,5800,0.0,0.0
2009-04-15 00:00:00+09:00,389.6786912536621,395.6128845214844,389.6786912536621,395.6128845214844,2200,0.0,0.0
2009-04-16 00:00:00+09:00,402.2064354545192,408.79998357672446,395.61288733231396,400.8877258300781,4300,0.0,0.0
2009-04-17 00:00:00+09:00,407.4812739522834,407.4812739522834,400.8877258300781,400.8877258300781,22500,0.0,0.0
2009-04-20 00:00:00+09:00,404.8438654425079,407.48128476135156,402.20644612366414,406.8219299316406,48600,0.0,0.0
2009-04-21 00:00:00+09:00,401.5470777893067,407.48127105712894,395.6128845214844,395.6128845214844,29600,0.0,0.0
2009-04-22 00:00:00+09:00,408.1406860351563,408.80004093989805,405.5032664161892,408.14068603515625,3400,0.0,0.0
2009-04-23 00:00:00+09:00,405.50323486328125,421.32775134575076,405.50323486328125,405.50323486328125,49300,0.0,0.0
2009-04-24 00:00:00+09:00,420.74267578125,420.74267578125,414.11680687130905,420.74267578125,10200,3.0,0.0
2009-04-27 00:00:00+09:00,364.42279004675197,430.68147914616145,364.42279004675197,420.74267578125,32200,0.0,0.0
2009-04-28 00:00:00+09:00,401.5276642315204,430.6814880371094,401.5276642315204,430.6814880371094,9500,0.0,0.0
2009-04-30 00:00:00+09:00,430.6815127108959,447.90877321933175,410.80390443193147,435.9822082519531,14300,0.0,0.0
2009-05-01 00:00:00+09:00,437.30737304687494,437.96995997573384,435.98219918915714,437.307373046875,10200,0.0,0.0
2009-05-07 00:00:00+09:00,450.5592297820605,459.83544921875,450.5592297820605,459.83544921875,9500,0.0,0.0
2009-05-08 00:00:00+09:00,457.18504603507586,483.0259399414062,457.18504603507586,483.02593994140625,24600,0.0,0.0
2009-05-11 00:00:00+09:00,471.76198280645656,480.3756145150014,463.8109381524152,471.0993957519531,8300,0.0,0.0
2009-05-12 00:00:00+09:00,463.81083743672974,496.9401829679247,463.81083743672974,470.43670654296875,7300,0.0,0.0
2009-05-13 00:00:00+09:00,470.4368125067817,489.6518372429742,470.4368125067817,477.06268310546875,5700,0.0,0.0
2009-05-14 00:00:00+09:00,470.43670654296875,470.43670654296875,470.43670654296875,470.43670654296875,600,0.0,0.0
2009-05-15 00:00:00+09:00,463.81088256835943,464.47346954345704,463.81088256835943,463.8108825683594,1100,0.0,0.0
2009-05-18 00:00:00+09:00,464.47350424267506,473.0871355624394,464.47350424267506,469.7742004394531,2700,0.0,0.0
2009-05-19 00:00:00+09:00,472.4244566459877,472.4244566459877,455.8597842530708,458.5101318359375,7600,0.0,0.0
2009-05-20 00:00:00+09:00,460.4979117441986,469.7741286714198,460.4979117441986,469.1115417480469,7500,0.0,0.0
2009-05-21 00:00:00+09:00,477.06262207031256,477.06262207031256,461.16053466796876,463.8108825683594,14300,0.0,0.0
2009-05-22 00:00:00+09:00,470.43673222823423,470.43673222823423,464.47344970703125,464.47344970703125,700,0.0,0.0
2009-05-25 00:00:00+09:00,462.4856888666303,464.47344970703125,462.4856888666303,464.47344970703125,1700,0.0,0.0
2009-05-26 00:00:00+09:00,464.47344970703125,464.47344970703125,462.4856888666303,464.47344970703125,1300,0.0,0.0
2009-05-27 00:00:00+09:00,467.78645527720965,470.43680346574905,463.1483459472656,463.1483459472656,5900,0.0,0.0
2009-05-28 00:00:00+09:00,460.4980698825625,465.7987670898438,460.4980698825625,465.79876708984375,5400,0.0,0.0
2009-05-29 00:00:00+09:00,462.4857376514583,462.4857376514583,458.5102155513025,461.8231506347656,12000,0.0,0.0
2009-06-01 00:00:00+09:00,455.859817810933,462.4856872558594,455.859817810933,462.4856872558594,2500,0.0,0.0
2009-06-02 00:00:00+09:00,461.16038963553143,461.16038963553143,451.2215881347656,451.2215881347656,5000,0.0,0.0
2009-06-03 00:00:00+09:00,455.85983886718753,463.81088256835943,454.5346649169922,463.8108825683594,1900,0.0,0.0
2009-06-04 00:00:00+09:00,463.8108252094861,463.8108252094861,454.53460870529636,456.5223693847656,400,0.0,0.0
2009-06-05 00:00:00+09:00,463.81088256835943,463.81088256835943,459.8353607177735,463.8108825683594,7600,0.0,0.0
2009-06-08 00:00:00+09:00,463.14829559326176,465.1360565185547,463.14829559326176,463.8108825683594,13500,0.0,0.0
2009-06-09 00:00:00+09:00,467.1238174438477,467.1238174438477,460.49794769287115,463.8108825683594,4300,0.0,0.0
2009-06-10 00:00:00+09:00,463.81088256835943,465.1360565185547,450.5591430664063,463.8108825683594,5600,0.0,0.0
2009-06-11 00:00:00+09:00,466.46114221848444,471.0992501666796,463.8107948195158,467.78631591796875,10400,0.0,0.0
2009-06-12 00:00:00+09:00,471.0992934535926,471.0992934535926,464.4734243473536,470.43670654296875,5200,0.0,0.0
2009-06-15 00:00:00+09:00,470.4368771462149,470.4368771462149,465.7987670898438,465.79876708984375,4400,0.0,0.0
2009-06-16 00:00:00+09:00,465.7986037642868,469.7741252757885,459.17273457845056,465.1360168457031,4600,0.0,0.0
2009-06-17 00:00:00+09:00,465.1360398525902,468.44897460937506,465.1360398525902,468.448974609375,5700,0.0,0.0
2009-06-18 00:00:00+09:00,469.77423343258306,481.0382136418269,469.11164636145105,473.749755859375,17800,0.0,0.0
2009-06-19 00:00:00+09:00,473.087168788243,473.749755859375,467.1238851480551,473.749755859375,16000,0.0,0.0
2009-06-22 00:00:00+09:00,473.749755859375,473.749755859375,468.44905929031904,473.749755859375,5900,0.0,0.0
2009-06-23 00:00:00+09:00,467.1237958673078,467.1237958673078,462.4856872558594,462.4856872558594,7800,0.0,0.0
2009-06-24 00:00:00+09:00,462.48566917136867,467.78636452003764,462.48566917136867,465.1360168457031,2900,0.0,0.0
2009-06-25 00:00:00+09:00,463.81086114484464,464.4734480893373,461.8231003113668,462.4856872558594,12900,0.0,0.0
2009-06-26 00:00:00+09:00,460.49793119309146,471.0993224148029,459.1727572903775,468.448974609375,5700,0.0,0.0
2009-06-29 00:00:00+09:00,467.7865299545329,488.98931884765625,467.7865299545329,488.98931884765625,12800,0.0,0.0
2009-06-30 00:00:00+09:00,547.959321980304,549.9470825195312,529.40689028085,549.9470825195312,41900,0.0,0.0
2009-07-01 00:00:00+09:00,538.0206252847813,548.6220169160085,537.3580383078296,545.30908203125,10900,0.0,0.0
2009-07-02 00:00:00+09:00,545.9715477353051,556.5729370117188,534.0449847993397,556.5729370117188,7500,0.0,0.0
2009-07-03 00:00:00+09:00,563.1988053094774,563.1988053094774,544.6463740757534,556.5729370117188,3000,0.0,0.0
2009-07-06 00:00:00+09:00,553.2602187517253,563.1990250766066,553.2602187517253,562.5364379882812,1600,0.0,0.0
2009-07-07 00:00:00+09:00,557.235595703125,562.5362910249146,553.2600742117829,557.235595703125,16100,0.0,0.0
2009-07-08 00:00:00+09:00,555.2477881917024,555.2477881917024,550.6096801757812,550.6096801757812,7400,0.0,0.0
2009-07-09 00:00:00+09:00,549.2845854899089,549.2845854899089,484.35106392415366,496.9402160644531,3900,0.0,0.0
2009-07-10 00:00:00+09:00,496.94030334899475,496.94030334899475,457.1850790810752,473.749755859375,7500,0.0,0.0
2009-07-13 00:00:00+09:00,463.8108670884285,473.7496713831805,453.20947584069296,457.18499755859375,6500,0.0,0.0
2009-07-14 00:00:00+09:00,477.06268310546875,480.37561840481226,467.12387720743817,477.06268310546875,12000,0.0,0.0
2009-07-15 00:00:00+09:00,477.06260003469737,477.06260003469737,437.9699703096319,462.4856872558594,17900,0.0,0.0
2009-07-16 00:00:00+09:00,466.46122285017736,477.06261427859044,463.81087499307404,467.1238098144531,23800,0.0,0.0
2009-07-17 00:00:00+09:00,467.7863824338329,487.0014038085937,467.1237954898756,487.00140380859375,6800,0.0,0.0
2009-07-21 00:00:00+09:00,477.06274515365664,483.68861661412404,477.06274515365664,479.0505065917969,22900,0.0,0.0
2009-07-22 00:00:00+09:00,477.06268310546875,493.6273596021864,476.40009604560004,477.06268310546875,14200,0.0,0.0
2009-07-23 00:00:00+09:00,477.06268310546875,479.0504442850749,475.7375089857313,477.06268310546875,19900,0.0,0.0
2009-07-24 00:00:00+09:00,480.37567138671875,484.35119418440195,480.37567138671875,480.37567138671875,9400,0.0,0.0
2009-07-27 00:00:00+09:00,490.31425325691936,504.89116348888183,487.0013191132916,504.22857666015625,4700,0.0,0.0
2009-07-28 00:00:00+09:00,507.5415088571372,522.781005859375,505.5537483785845,522.781005859375,8600,0.0,0.0
2009-07-29 00:00:00+09:00,524.106362704573,538.0206909179688,523.4437756467922,538.0206909179688,17200,0.0,0.0
2009-07-30 00:00:00+09:00,536.6955693407186,541.3336791992188,530.0696981142901,541.3336791992188,15500,0.0,0.0
2009-07-31 00:00:00+09:00,549.9470937476967,561.8736572265625,549.9470937476967,561.8736572265625,38300,0.0,0.0
2009-08-03 00:00:00+09:00,563.1990670617205,587.7147911573483,563.1990670617205,584.40185546875,16600,0.0,0.0
2009-08-04 00:00:00+09:00,596.3282250576332,609.5799633922472,595.6656381409025,606.2670288085938,21700,0.0,0.0
2009-08-05 00:00:00+09:00,606.9296264648438,610.9051480355741,602.2915179656583,606.9296264648438,20200,0.0,0.0
2009-08-06 00:00:00+09:00,606.2669608074685,610.2424818619438,604.9417871226435,609.5798950195312,43300,0.0,0.0
2009-08-07 00:00:00+09:00,606.2669812278003,609.5799155514495,571.149877397119,577.1131591796875,10300,0.0,0.0
2009-08-10 00:00:00+09:00,577.7758392403819,595.0031005021364,577.7758392403819,579.1010131835938,6500,0.0,0.0
2009-08-11 00:00:00+09:00,589.7025587293837,608.9175859239367,589.7025587293837,596.3284301757812,30700,0.0,0.0
2009-08-12 00:00:00+09:00,596.990811974364,608.2547895587859,596.990811974364,606.2670288085938,3500,0.0,0.0
2009-08-13 00:00:00+09:00,606.2670187516646,606.2670187516646,570.4873258417304,583.0764770507812,8300,0.0,0.0
2009-08-14 00:00:00+09:00,583.0766097208428,596.328350850862,579.7636744383381,583.7391967773438,12800,0.0,0.0
2009-08-17 00:00:00+09:00,589.7023461081765,593.6778675426136,581.7513032393023,583.0764770507812,22300,0.0,0.0
2009-08-18 00:00:00+09:00,577.1131948991256,587.0519984852184,577.1131948991256,583.0764770507812,27800,0.0,0.0
2009-08-19 00:00:00+09:00,580.426261494839,586.3895450033476,576.4507391558333,583.7391967773438,13800,0.0,0.0
2009-08-20 00:00:00+09:00,583.739270390691,588.3773803710938,579.1011604102882,588.3773803710938,16100,0.0,0.0
2009-08-21 00:00:00+09:00,585.0644446708061,588.3773803710938,579.7637475503458,588.3773803710938,68900,0.0,0.0
2009-08-24 00:00:00+09:00,594.3404361500459,596.3281968060661,573.8002427045036,574.4628295898438,7800,0.0,0.0
2009-08-25 00:00:00+09:00,571.1498987082081,578.4383544921875,569.8247249293026,578.4383544921875,5500,0.0,0.0
2009-08-26 00:00:00+09:00,566.5117763316658,579.7635137897165,563.8614288400557,573.8002319335938,6200,0.0,0.0
2009-08-27 00:00:00+09:00,576.4507048720614,577.77587890625,569.1622476840238,577.77587890625,4100,0.0,0.0
2009-08-28 00:00:00+09:00,576.4505938238294,578.4383544921875,573.137659376566,578.4383544921875,7000,0.0,0.0
2009-08-31 00:00:00+09:00,584.4018155611478,588.3773381159856,576.4507704514724,585.7269897460938,15600,0.0,0.0
2009-09-02 00:00:00+09:00,577.775764016544,577.775764016544,549.947114832261,563.1988525390625,21500,0.0,0.0
2009-09-03 00:00:00+09:00,569.824969608804,569.824969608804,529.4071519970169,543.9840698242188,20200,0.0,0.0
2009-09-04 00:00:00+09:00,543.9839293323864,546.63427734375,518.8056232244318,546.63427734375,3300,0.0,0.0
2009-09-07 00:00:00+09:00,559.8860605445826,565.8493440296729,555.2479511672902,564.524169921875,6700,0.0,0.0
2009-09-08 00:00:00+09:00,569.8250122070312,575.7882972185001,563.1991399720657,569.8250122070312,11400,0.0,0.0
2009-09-09 00:00:00+09:00,576.450568579525,576.450568579525,569.8246999751626,573.1376342773438,8800,0.0,0.0
2009-09-10 00:00:00+09:00,573.1376558191636,583.0764590992646,563.8614394244025,574.4628295898438,25100,0.0,0.0
2009-09-11 00:00:00+09:00,586.3895918932249,594.3406372070312,585.727004783741,594.3406372070312,41800,0.0,0.0
2009-09-14 00:00:00+09:00,583.0765350132294,583.0765350132294,567.8370346662928,579.1010131835938,14300,0.0,0.0
2009-09-15 00:00:00+09:00,577.77584073257,577.77584073257,567.8370361328125,567.8370361328125,9800,0.0,0.0
2009-09-16 00:00:00+09:00,562.5364093638532,562.5364093638532,534.045166015625,534.045166015625,42000,0.0,0.0
2009-09-17 00:00:00+09:00,527.4191136426648,534.0449819045073,514.829963945164,522.781005859375,43000,0.0,0.0
2009-09-18 00:00:00+09:00,532.0572293361325,534.0449898442376,523.4436004676771,530.7320556640625,21400,0.0,0.0
2009-09-21 00:00:00+09:00,530.7320556640625,530.7320556640625,530.7320556640625,530.7320556640625,0,0.0,0.0
2009-09-24 00:00:00+09:00,533.3825944427751,545.3091617719303,530.7322461474073,542.6588134765625,8500,0.0,0.0
2009-09-25 00:00:00+09:00,546.6341482874859,549.9470825195312,542.6586272090315,549.9470825195312,4000,0.0,0.0
2009-09-28 00:00:00+09:00,546.6341840089673,547.296770898675,543.321249560428,544.6464233398438,7000,0.0,0.0
2009-09-29 00:00:00+09:00,549.9471649756798,553.9226866502029,549.9471649756798,551.2723388671875,5200,0.0,0.0
2009-09-30 00:00:00+09:00,563.1990651172335,563.1990651172335,556.5731937629132,561.2113037109375,18800,0.0,0.0
2009-10-01 00:00:00+09:00,561.8738508999558,563.1990250766066,557.2357412816779,562.5364379882812,8000,0.0,0.0
2009-10-02 00:00:00+09:00,561.8739235212394,561.8739235212394,542.6588954762914,543.9840698242188,10000,0.0,0.0
2009-10-05 00:00:00+09:00,543.9839876242464,556.5731420272436,542.6588134765625,542.6588134765625,15600,0.0,0.0
2009-10-06 00:00:00+09:00,542.6586378627736,550.6096801757812,541.333464143939,550.6096801757812,3800,0.0,0.0
2009-10-07 00:00:00+09:00,543.3212459788602,550.6097017176011,540.0083115521599,540.6708984375,8900,0.0,0.0
2009-10-08 00:00:00+09:00,543.3212280273438,553.9226178425115,542.6586411638958,543.3212280273438,13700,0.0,0.0
2009-10-09 00:00:00+09:00,543.3212280273438,551.9348572521675,541.9960543004478,543.3212280273438,8300,0.0,0.0
2009-10-13 00:00:00+09:00,543.3212033629561,549.9470716966507,543.3212033629561,549.2844848632812,2200,0.0,0.0
2009-10-14 00:00:00+09:00,543.3212280273438,549.2845097983757,540.0082937101039,543.3212280273438,1800,0.0,0.0
2009-10-15 00:00:00+09:00,543.3212280273438,543.3212280273438,542.6586411638958,543.3212280273438,13100,0.0,0.0
2009-10-16 00:00:00+09:00,541.3337211283639,549.9473543898923,536.0330237366541,543.9840698242188,9500,0.0,0.0
2009-10-19 00:00:00+09:00,542.6587553267045,549.2846253551137,542.6587553267045,546.63427734375,1300,0.0,0.0
2009-10-20 00:00:00+09:00,549.947268107291,553.9227905273438,545.3091586172295,553.9227905273438,5200,0.0,0.0
2009-10-21 00:00:00+09:00,565.1866455078125,568.4995801239193,556.573015505935,565.1866455078125,15300,0.0,0.0
2009-10-22 00:00:00+09:00,571.812773877521,571.812773877521,569.8250122070312,569.8250122070312,3900,0.0,0.0
2009-10-23 00:00:00+09:00,575.1253117531503,575.1253117531503,569.8246176356098,571.8123779296875,3800,0.0,0.0
2009-10-26 00:00:00+09:00,571.1498667048311,579.7634957850664,565.1865850338991,576.4505615234375,37600,0.0,0.0
2009-10-27 00:00:00+09:00,574.4467607106127,578.4545288085938,574.4467607106127,578.4545288085938,4600,7.0,0.0
2009-10-28 00:00:00+09:00,578.4545139736599,578.4545139736599,577.1185913085938,577.1185913085938,2500,0.0,0.0
2009-10-29 00:00:00+09:00,573.7787536058557,580.4583665698354,567.767101938274,579.7904052734375,17400,0.0,0.0
2009-10-30 00:00:00+09:00,567.76708984375,580.4583542049633,567.76708984375,567.76708984375,4700,0.0,0.0
2009-11-02 00:00:00+09:00,574.4467718929017,574.4467718929017,567.7671582662401,568.4351196289062,800,0.0,0.0
2009-11-04 00:00:00+09:00,568.4351438698194,568.4351438698194,564.4273755229111,565.0953369140625,1200,0.0,0.0
2009-11-05 00:00:00+09:00,566.431267063902,566.431267063902,565.7633056640625,565.7633056640625,2000,0.0,0.0
2009-11-06 00:00:00+09:00,565.7633027226092,566.431264118976,554.407958984375,554.407958984375,700,0.0,0.0
2009-11-09 00:00:00+09:00,567.099170671043,567.7671320028111,554.4079053674508,555.0758666992188,6000,0.0,0.0
2009-11-10 00:00:00+09:00,555.7437583905131,562.4233708711683,554.4078358943821,559.7515258789062,5900,0.0,0.0
2009-11-11 00:00:00+09:00,551.0682373046875,555.076006303267,551.0682373046875,551.0682373046875,5800,0.0,0.0
2009-11-12 00:00:00+09:00,547.7284273516514,547.7284273516514,528.3575439453125,528.3575439453125,3700,0.0,0.0
2009-11-13 00:00:00+09:00,529.0253295898438,535.7049423371902,523.6816393919665,529.0253295898438,6300,0.0,0.0
2009-11-16 00:00:00+09:00,521.0098324619771,527.021484375,521.0098324619771,527.021484375,1300,0.0,0.0
2009-11-17 00:00:00+09:00,521.0097053929379,523.6815500359787,503.64271521317335,507.6504821777344,4600,0.0,0.0
2009-11-18 00:00:00+09:00,507.650544681651,507.650544681651,499.63500976562494,499.635009765625,700,0.0,0.0
2009-11-19 00:00:00+09:00,498.2990259270919,507.65048217773443,486.94368619416895,507.6504821777344,7400,0.0,0.0
2009-11-20 00:00:00+09:00,507.65068114590207,507.65068114590207,501.6390283428585,506.31475830078125,14700,0.0,0.0
2009-11-24 00:00:00+09:00,500.970947265625,500.970947265625,494.9592958984375,500.970947265625,2200,0.0,0.0
2009-11-25 00:00:00+09:00,500.9711069603489,500.9711069603489,487.61187744140625,487.61187744140625,2000,0.0,0.0
2009-11-26 00:00:00+09:00,480.9322523404766,486.27594403314856,474.25263772463666,478.2604064941406,4700,0.0,0.0
2009-11-27 00:00:00+09:00,483.60410858572345,488.2798389173534,483.60410858572345,487.61187744140625,4000,0.0,0.0
2009-11-30 00:00:00+09:00,494.9594894893586,512.3264891205641,494.9594894893586,504.9789123535156,20600,0.0,0.0
2009-12-01 00:00:00+09:00,504.97871484375,507.65055989583334,500.970947265625,500.970947265625,7200,0.0,0.0
2009-12-02 00:00:00+09:00,494.29150997604455,494.29150997604455,483.6041259765625,483.6041259765625,6600,0.0,0.0
2009-12-03 00:00:00+09:00,490.28358360496725,494.2913513183594,487.6117384627059,494.2913513183594,4700,0.0,0.0
2009-12-04 00:00:00+09:00,488.2798447381882,494.291498093378,487.61188325427827,490.9516906738281,11500,0.0,0.0
2009-12-07 00:00:00+09:00,492.9555189071163,497.6312487612488,492.28755749938307,496.9632873535156,7100,0.0,0.0
2009-12-08 00:00:00+09:00,497.6310426053701,497.6310426053701,488.94754790218917,489.6155090332031,9000,0.0,0.0
2009-12-09 00:00:00+09:00,489.61576186924765,494.29149220087754,487.61187744140625,487.61187744140625,11500,0.0,0.0
2009-12-10 00:00:00+09:00,476.25638045060583,476.92434171350993,447.5340461457306,465.5690002441406,10000,0.0,0.0
2009-12-11 00:00:00+09:00,494.95933893607366,498.9671068626816,472.248654018629,482.93603515625,54600,0.0,0.0
2009-12-14 00:00:00+09:00,494.29139862060543,547.0603452301025,494.29139862060543,534.3690795898438,60700,0.0,0.0
2009-12-15 00:00:00+09:00,537.0410590277778,547.7284432870371,527.6895978009259,541.048828125,172900,0.0,0.0
2009-12-16 00:00:00+09:00,541.0486930847168,543.720538482666,527.6894660949707,534.3690795898438,22800,0.0,0.0
2009-12-17 00:00:00+09:00,533.033184183055,547.7283346241918,529.0254158809267,542.3846435546875,10600,0.0,0.0
2009-12-18 00:00:00+09:00,535.7050487546992,535.7050487546992,529.0254346804511,533.033203125,18200,0.0,0.0
2009-12-21 00:00:00+09:00,535.705078125,536.3730395690461,533.0332323488154,535.705078125,21600,0.0,0.0
2009-12-22 00:00:00+09:00,534.3690795898438,537.7088863372803,514.3302391052246,534.3690795898438,35100,0.0,0.0
2009-12-24 00:00:00+09:00,537.0409107414824,561.0875186851309,537.0409107414824,555.0758666992188,39400,0.0,0.0
2009-12-25 00:00:00+09:00,567.0991147722517,567.0991147722517,547.7282380603608,561.0874633789062,23300,0.0,0.0
2009-12-28 00:00:00+09:00,573.1108744607043,587.8060250879018,571.7749516764136,581.7943725585938,33500,0.0,0.0
2009-12-29 00:00:00+09:00,591.8137372103604,592.4816985390403,582.4622786088423,587.8059692382812,44400,0.0,0.0
2009-12-30 00:00:00+09:00,607.8449749613917,607.8449749613917,574.4468994140625,574.4468994140625,55800,0.0,0.0
2010-01-04 00:00:00+09:00,571.1070166100989,577.7866308394567,569.7710937642273,573.1109008789062,16200,0.0,0.0
2010-01-05 00:00:00+09:00,574.4468994140625,575.7828224359556,571.1070918593296,574.4468994140625,7100,0.0,0.0
2010-01-06 00:00:00+09:00,579.7904841305841,592.4817504882812,574.4467930326064,592.4817504882812,15600,0.0,0.0
2010-01-07 00:00:00+09:00,595.8215068852136,595.8215068852136,581.1263576122599,582.4622802734375,6400,0.0,0.0
2010-01-08 00:00:00+09:00,587.8060250879018,593.1497162250646,581.1264111664484,581.7943725585938,13600,0.0,0.0
2010-01-12 00:00:00+09:00,586.4701023036112,586.4701023036112,581.1264111664484,581.7943725585938,13500,0.0,0.0
2010-01-13 00:00:00+09:00,580.4583290427198,581.1262902959335,571.1068714977278,576.4505615234375,9500,0.0,0.0
2010-01-14 00:00:00+09:00,574.4467149022537,579.7904052734375,574.4467149022537,579.7904052734375,7200,0.0,0.0
2010-01-15 00:00:00+09:00,579.7905419360632,581.12646484375,575.1148117591595,581.12646484375,21700,0.0,0.0
2010-01-18 00:00:00+09:00,577.786657574533,581.7944262975934,574.446850305316,581.12646484375,10900,0.0,0.0
2010-01-19 00:00:00+09:00,581.7944760344749,581.7944760344749,574.4468994140625,574.4468994140625,24200,0.0,0.0
2010-01-20 00:00:00+09:00,576.4507346668463,587.1381179283405,576.4507346668463,581.12646484375,7900,0.0,0.0
2010-01-21 00:00:00+09:00,580.4585033899066,581.7944262975934,576.4507346668463,581.12646484375,22900,0.0,0.0
2010-01-22 00:00:00+09:00,581.1263835582799,581.1263835582799,573.77880859375,573.77880859375,9700,0.0,0.0
2010-01-25 00:00:00+09:00,574.4467699541618,577.7865767562209,568.4351177104555,573.77880859375,18500,0.0,0.0
2010-01-26 00:00:00+09:00,579.1225536853284,579.1225536853284,571.1070166100989,573.1109008789062,5800,0.0,0.0
2010-01-27 00:00:00+09:00,571.1068650542712,576.4505550196914,565.7631750888512,570.4389038085938,14200,0.0,0.0
2010-01-28 00:00:00+09:00,571.106975805636,583.7982419346502,570.4390144304248,580.4584350585938,39000,0.0,0.0
2010-01-29 00:00:00+09:00,584.4661865234375,585.1341478794643,569.7710366908483,584.4661865234375,32300,0.0,0.0
2010-02-01 00:00:00+09:00,577.7865621159585,599.1613251075315,571.7749100245786,594.485595703125,14200,0.0,0.0
2010-02-02 00:00:00+09:00,594.4855849123792,617.864231510057,594.4855849123792,604.5050048828125,3300,0.0,0.0
2010-02-03 00:00:00+09:00,605.1729423774468,607.8447875976562,591.1457549713471,607.8447875976562,5900,0.0,0.0
2010-02-04 00:00:00+09:00,614.5243153389686,615.8602377636186,601.1650910924693,611.1845092773438,8400,0.0,0.0
2010-02-05 00:00:00+09:00,601.1651745471326,610.5166328178657,591.8137162763994,607.8447875976562,20500,0.0,0.0
2010-02-08 00:00:00+09:00,614.524492582701,632.5594505171933,607.844878532889,627.2157592773438,31000,0.0,0.0
2010-02-09 00:00:00+09:00,633.227314362235,647.2545017057022,633.227314362235,645.9185791015625,22900,0.0,0.0
2010-02-10 00:00:00+09:00,647.9226868111302,666.6256097293897,647.9226868111302,655.270263671875,17100,0.0,0.0
2010-02-12 00:00:00+09:00,649.9264773614586,651.2624002337329,625.8798656605207,629.8876342773438,26100,0.0,0.0
2010-02-15 00:00:00+09:00,631.2235691514871,642.5789137817255,631.2235691514871,636.5672607421875,8200,0.0,0.0
2010-02-16 00:00:00+09:00,642.5789418269078,658.610017298681,642.5789418269078,655.9381713867188,20400,0.0,0.0
2010-02-17 00:00:00+09:00,649.926355934143,653.934123802185,636.5671297073363,641.2428588867188,43600,0.0,0.0
2010-02-18 00:00:00+09:00,641.2428264853395,649.2583618164062,641.2428264853395,649.2583618164062,15600,0.0,0.0
2010-02-19 00:00:00+09:00,653.934123802185,653.934123802185,638.5710136413574,641.2428588867188,24300,0.0,0.0
2010-02-22 00:00:00+09:00,645.2507029828807,650.5943941048921,641.2429346413721,642.578857421875,18500,0.0,0.0
2010-02-23 00:00:00+09:00,642.5789475213913,649.258562360491,641.2430245535714,645.2507934570312,16800,0.0,0.0
2010-02-24 00:00:00+09:00,642.5787278571313,644.5826116238375,637.90299906815,641.9107666015625,10100,0.0,0.0
2010-02-25 00:00:00+09:00,641.9109062350526,654.6021728515625,629.8876010194116,654.6021728515625,21400,0.0,0.0
2010-02-26 00:00:00+09:00,654.6021302063782,670.633202782861,653.9341688490248,667.2933959960938,34000,0.0,0.0
2010-03-01 00:00:00+09:00,673.9730095696282,673.9730095696282,663.2856278519731,667.2933959960938,14200,0.0,0.0
2010-03-02 00:00:00+09:00,667.9612587635187,667.9612587635187,660.6136849171199,663.9534912109375,12300,0.0,0.0
2010-03-03 00:00:00+09:00,659.2780328686449,661.2819174670298,654.60230213908,655.270263671875,16400,0.0,0.0
2010-03-04 00:00:00+09:00,645.918746046879,652.5983607940029,632.5595165526313,633.2274780273438,20100,0.0,0.0
2010-03-05 00:00:00+09:00,639.2390650832307,643.914794921875,623.8759527562565,643.914794921875,49000,0.0,0.0
2010-03-08 00:00:00+09:00,646.5867637455402,656.606186737465,646.5867637455402,655.270263671875,19900,0.0,0.0
2010-03-09 00:00:00+09:00,755.4642333984375,755.4642333984375,718.0584004450224,755.4642333984375,255800,0.0,0.0
2010-03-10 00:00:00+09:00,775.5029807219635,790.8660888671876,746.1126868789261,790.8660888671875,213200,0.0,0.0
2010-03-11 00:00:00+09:00,790.8663575461195,790.8663575461195,771.4954754778447,787.5265502929688,84000,0.0,0.0
2010-03-12 00:00:00+09:00,776.1710907907197,780.1788589015151,754.796327533144,771.495361328125,54800,0.0,0.0
2010-03-15 00:00:00+09:00,769.491327092511,771.4952107568143,756.1321026638216,758.135986328125,37800,0.0,0.0
2010-03-16 00:00:00+09:00,753.4605175521756,758.1362477142902,738.0974041623706,754.1284790039062,52700,0.0,0.0
2010-03-17 00:00:00+09:00,753.4603742281871,774.8351366176391,750.7885289295056,774.1671752929688,66200,0.0,0.0
2010-03-18 00:00:00+09:00,768.1556889048794,768.1556889048794,757.4683054070723,761.47607421875,53000,0.0,0.0
2010-03-19 00:00:00+09:00,766.1516127749637,766.1516127749637,754.7962706501386,760.8079223632812,23100,0.0,0.0
2010-03-23 00:00:00+09:00,771.4954320395865,771.4954320395865,744.1090141057136,766.8197021484375,55700,0.0,0.0
2010-03-24 00:00:00+09:00,762.1438212361369,770.1593566040892,756.8001309908353,764.147705078125,50300,0.0,0.0
2010-03-25 00:00:00+09:00,774.1673119780733,796.2100395840063,770.827504765053,775.5032348632812,70900,0.0,0.0
2010-03-26 00:00:00+09:00,771.4952766155374,778.8428506785425,770.1593540586274,774.8350830078125,31200,0.0,0.0
2010-03-29 00:00:00+09:00,775.503120199128,781.5147722936949,771.4953521360834,776.1710815429688,44200,0.0,0.0
2010-03-30 00:00:00+09:00,775.5032348632812,778.8430420763015,772.8313890928652,775.5032348632812,44300,0.0,0.0
2010-03-31 00:00:00+09:00,778.8428689752593,797.5457852113719,778.1749076811125,792.8700561523438,68200,0.0,0.0
2010-04-01 00:00:00+09:00,798.881661404673,798.881661404673,786.8583588082817,794.2059326171875,34100,0.0,0.0
2010-04-02 00:00:00+09:00,800.8855921841599,824.9321987885216,796.8778244167663,820.2564697265625,36500,0.0,0.0
2010-04-05 00:00:00+09:00,833.6157817476114,844.9711249284683,821.5924772031747,838.95947265625,40400,0.0,0.0
2010-04-06 00:00:00+09:00,841.6313964843749,844.9712036132812,833.6158593749999,834.9517822265625,31200,0.0,0.0
2010-04-07 00:00:00+09:00,834.9516200792402,858.3302654414589,834.9516200792402,842.2991943359375,34100,0.0,0.0
2010-04-08 00:00:00+09:00,841.6313747190079,856.9944871146723,836.2876834509507,849.6469116210938,28900,0.0,0.0
2010-04-09 00:00:00+09:00,842.9671616441622,848.3108520507812,836.9555099367157,848.3108520507812,44600,0.0,0.0
2010-04-12 00:00:00+09:00,841.63134765625,852.986691235739,835.6196951729911,841.63134765625,27800,0.0,0.0
2010-04-13 00:00:00+09:00,835.6197061007141,835.6197061007141,806.8973660828638,814.9129028320312,36000,0.0,0.0
2010-04-14 00:00:00+09:00,808.9013160882994,808.9013160882994,799.5498557867005,804.2255859375,43600,0.0,0.0
2010-04-15 00:00:00+09:00,808.2329934898482,820.9242553710938,799.5494985184697,820.9242553710938,41600,0.0,0.0
2010-04-16 00:00:00+09:00,826.9359907761119,828.2719132167841,810.236960267709,817.5845336914062,29100,0.0,0.0
2010-04-19 00:00:00+09:00,808.233310702582,821.5925389786578,801.5536965645442,816.9168090820312,31200,0.0,0.0
2010-04-20 00:00:00+09:00,829.6078527529378,829.6078527529378,798.2136747502099,808.2330932617188,42900,0.0,0.0
2010-04-21 00:00:00+09:00,818.2524115218166,818.2524115218166,801.553382715249,804.8931884765625,21200,0.0,0.0
2010-04-22 00:00:00+09:00,805.5614052652311,806.2293666294643,788.8623711594013,794.8740234375,23100,0.0,0.0
2010-04-23 00:00:00+09:00,806.8974170653078,806.8974170653078,794.8741111818844,802.8896484375,9500,0.0,0.0
2010-04-26 00:00:00+09:00,828.2721830802828,828.2721830802828,784.8546896123648,802.8896484375,84500,0.0,0.0
2010-04-27 00:00:00+09:00,806.9479038654731,824.5343627929688,799.5074789346096,824.5343627929688,49200,15.0,0.0
2010-04-28 00:00:00+09:00,813.0355147104414,817.7703305199033,806.271492125496,809.6535034179688,11000,0.0,0.0
2010-04-30 00:00:00+09:00,792.0671960252164,801.5368294533573,778.5391482707292,796.1256103515625,71200,0.0,0.0
2010-05-06 00:00:00+09:00,767.7165449024302,776.5097740510923,750.8064888473106,764.3345336914062,114900,0.0,0.0
2010-05-07 00:00:00+09:00,725.1033642268245,756.8942766509484,683.8428183146639,746.0718383789062,53700,0.0,0.0
2010-05-10 00:00:00+09:00,743.3662565372293,770.4223532264824,743.3662565372293,759.5999145507812,18300,0.0,0.0
2010-05-11 00:00:00+09:00,779.8917038478817,779.8917038478817,754.1884213273097,761.6288452148438,17800,0.0,0.0
2010-05-12 00:00:00+09:00,745.3952585250058,752.1592808346701,730.5144094437443,737.954833984375,13900,0.0,0.0
2010-05-13 00:00:00+09:00,742.0133226683218,742.0133226683218,714.2808283844557,733.2200927734375,33300,0.0,0.0
2010-05-14 00:00:00+09:00,733.2199641927084,765.6872688802084,723.7503336588542,760.9524536132812,27900,0.0,0.0
2010-05-17 00:00:00+09:00,750.8065787522158,760.9526136002188,730.51450905621,739.3077392578125,18200,0.0,0.0
2010-05-18 00:00:00+09:00,743.3663868691683,743.3663868691683,710.222662613855,713.6046752929688,32400,0.0,0.0
2010-05-19 00:00:00+09:00,683.1663357603783,693.3123704498889,673.0203010708677,689.9303588867188,33100,0.0,0.0
2010-05-20 00:00:00+09:00,673.02033203125,678.4315507812499,670.991125,676.40234375,43000,0.0,0.0
2010-05-21 00:00:00+09:00,645.2876745509351,703.4582615649607,645.2876745509351,687.224609375,25400,0.0,0.0
2010-05-24 00:00:00+09:00,696.6944363598753,696.6944363598753,675.0495606671413,686.5484008789062,28400,0.0,0.0
2010-05-25 00:00:00+09:00,686.5483200717979,686.5483200717979,670.3146652129574,672.3438720703125,19800,0.0,0.0
2010-05-26 00:00:00+09:00,654.7575000996493,666.2563404939613,624.9957955496652,662.8743286132812,56000,0.0,0.0
2010-05-27 00:00:00+09:00,652.7281151366185,668.9617677410525,643.93488664255,658.8157348632812,22100,0.0,0.0
2010-05-28 00:00:00+09:00,676.4022033511715,689.2538452148438,668.9617791143087,689.2538452148438,31100,0.0,0.0
2010-05-31 00:00:00+09:00,719.6920078016693,731.8672485351562,714.2807896978974,731.8672485351562,32000,0.0,0.0
2010-06-01 00:00:00+09:00,750.8066622186653,762.3055029913836,733.2201998603903,749.453857421875,23900,0.0,0.0
2010-06-02 00:00:00+09:00,750.806436815976,771.0985026758673,744.0424148626789,767.7164916992188,27300,0.0,0.0
2010-06-03 00:00:00+09:00,771.7750425913449,781.2446750157785,765.6874217470661,774.4806518554688,19500,0.0,0.0
2010-06-04 00:00:00+09:00,774.480621206914,788.0086669921875,774.480621206914,788.0086669921875,16900,0.0,0.0
2010-06-07 00:00:00+09:00,775.8335248068105,783.2739509383492,767.7166962996773,777.8627319335938,31800,0.0,0.0
2010-06-08 00:00:00+09:00,818.4469757343616,834.6806347571918,771.7752060437243,783.2740478515625,188800,0.0,0.0
2010-06-09 00:00:00+09:00,794.7726069630443,799.5074224938879,758.9232893723708,773.8041381835938,51400,0.0,0.0
2010-06-10 00:00:00+09:00,773.8041877297794,775.833394515784,747.4244995117188,747.4244995117188,45100,0.0,0.0
2010-06-11 00:00:00+09:00,757.5706028293919,769.0694423366236,744.0425563502955,750.8065795898438,46200,0.0,0.0
2010-06-14 00:00:00+09:00,752.1594879612366,759.5999145507812,739.3078420338413,759.5999145507812,30100,0.0,0.0
2010-06-15 00:00:00+09:00,759.5997619895902,786.6558532447848,759.5997619895902,773.1278076171875,51600,0.0,0.0
2010-06-16 00:00:00+09:00,788.0085980645542,792.0670114451442,777.8625646130793,784.6265869140625,35400,0.0,0.0
2010-06-17 00:00:00+09:00,784.6265869140625,787.3321958344559,780.5681735334725,784.6265869140625,17900,0.0,0.0
2010-06-18 00:00:00+09:00,788.0087782792734,791.3907902032188,784.6267663553281,788.6851806640625,18500,0.0,0.0
2010-06-21 00:00:00+09:00,804.918727031641,817.7703705724823,801.5367155735248,811.00634765625,62500,0.0,0.0
2010-06-22 00:00:00+09:00,817.0939682808591,817.7703705724823,807.624336198134,811.00634765625,24700,0.0,0.0
2010-06-23 00:00:00+09:00,812.3590752655364,812.3590752655364,802.889444080093,804.2422485351562,22200,0.0,0.0
2010-06-24 00:00:00+09:00,798.1548539253131,798.1548539253131,788.0088176466014,790.0380249023438,16900,0.0,0.0
2010-06-25 00:00:00+09:00,781.2446115372029,781.2446115372029,757.5705323997119,762.9817504882812,25900,0.0,0.0
2010-06-28 00:00:00+09:00,760.9526830927199,777.1863403320312,756.2178663979207,777.1863403320312,52800,0.0,0.0
2010-06-29 00:00:00+09:00,774.480467866186,803.5657605458769,774.480467866186,794.0961303710938,49300,0.0,0.0
2010-06-30 00:00:00+09:00,801.5368187088683,801.5368187088683,769.7459069119765,785.3031616210938,68100,0.0,0.0
2010-07-01 00:00:00+09:00,788.0086745563735,794.772697513939,785.9794676691039,791.3906860351562,20100,0.0,0.0
2010-07-02 00:00:00+09:00,781.2448404737087,785.9796576887009,776.5100232587165,783.2740478515625,18500,0.0,0.0
2010-07-05 00:00:00+09:00,775.156988234747,810.3299056764632,775.156988234747,809.6535034179688,40800,0.0,0.0
2010-07-06 00:00:00+09:00,811.0064269519244,827.240083538118,808.3008175208921,825.2108764648438,40500,0.0,0.0
2010-07-07 00:00:00+09:00,831.9747691213349,831.9747691213349,811.6827015817902,821.8287353515625,45400,0.0,0.0
2010-07-08 00:00:00+09:00,821.8287168545332,825.8871302710988,811.6826833131194,819.1231079101562,17500,0.0,0.0
2010-07-09 00:00:00+09:00,813.7119083357446,827.9163556134259,813.0355060844265,821.8287353515625,20300,0.0,0.0
2010-07-12 00:00:00+09:00,825.2108376692181,838.7388841883856,819.1232167355927,835.3568725585938,14700,0.0,0.0
2010-07-13 00:00:00+09:00,838.739024509433,844.150244022397,833.3278049964689,838.0626220703125,30300,0.0,0.0
2010-07-14 00:00:00+09:00,844.8265775563143,852.2670037797886,838.7389561007443,846.1793823242188,43200,0.0,0.0
2010-07-15 00:00:00+09:00,845.5030680869571,863.0895319031658,829.2694091796875,829.2694091796875,29700,0.0,0.0
2010-07-16 00:00:00+09:00,829.2690113834292,840.7678475934767,814.3881645233677,831.2982177734375,26100,0.0,0.0
2010-07-21 00:00:00+09:00,836.0333287681021,838.0625358767626,825.2108908552464,831.9749145507812,61600,0.0,0.0
2010-07-22 00:00:00+09:00,827.2402032263718,830.6222155044845,803.5661172795827,817.7705688476562,26600,0.0,0.0
2010-07-23 00:00:00+09:00,830.6218922263697,838.062316342404,812.3590330324674,822.5050659179688,21500,0.0,0.0
2010-07-26 00:00:00+09:00,821.8289646579474,827.9165866183766,821.1525622178997,826.5637817382812,11000,0.0,0.0
2010-07-27 00:00:00+09:00,826.5636562881718,838.0624960237684,820.4760352516796,830.6220703125,31900,0.0,0.0
2010-07-28 00:00:00+09:00,825.2108516133958,841.4445077107085,819.7996329142916,830.6220703125,36000,0.0,0.0
2010-07-29 00:00:00+09:00,827.9161625129133,830.6217708871384,813.0353164546746,818.446533203125,27200,0.0,0.0
2010-07-30 00:00:00+09:00,806.2715133858525,815.0647429781478,793.4198701355747,808.3007202148438,45300,0.0,0.0
2010-08-02 00:00:00+09:00,804.2423202566024,808.9771362715699,803.56591796875,803.56591796875,9300,0.0,0.0
2010-08-03 00:00:00+09:00,811.6827976479456,828.5928559322778,808.9771883224524,827.2400512695312,14500,0.0,0.0
2010-08-04 00:00:00+09:00,819.7997735076038,819.7997735076038,808.9773342533781,810.3301391601562,17100,0.0,0.0
2010-08-05 00:00:00+09:00,805.5950869895574,814.3883163185786,805.5950869895574,813.7119140625,2800,0.0,0.0
2010-08-06 00:00:00+09:00,811.682861328125,815.0648732503255,809.6536541748046,811.682861328125,14100,0.0,0.0
2010-08-09 00:00:00+09:00,811.6825220140361,811.6825220140361,798.1544799804688,798.1544799804688,7100,0.0,0.0
2010-08-10 00:00:00+09:00,798.1545433031437,801.5365540798518,788.6849131283606,794.0961303710938,15300,0.0,0.0
2010-08-11 00:00:00+09:00,785.3032415835283,792.0672660588386,765.0111681575974,776.510009765625,15700,0.0,0.0
2010-08-12 00:00:00+09:00,758.2469962707254,774.4806518554688,710.222431832526,774.4806518554688,23400,0.0,0.0
2010-08-13 00:00:00+09:00,769.0692797851563,769.7456819661459,750.130018717448,760.9524536132812,4200,0.0,0.0
2010-08-16 00:00:00+09:00,776.5099567484918,776.5099567484918,744.7190438850954,756.894287109375,29900,0.0,0.0
2010-08-17 00:00:00+09:00,746.0716394130475,757.5704770105286,731.8671929691001,754.8648681640625,9400,0.0,0.0
2010-08-18 00:00:00+09:00,758.9233597082103,774.4806121799472,754.1885437385513,773.1278076171875,12100,0.0,0.0
2010-08-19 00:00:00+09:00,774.4807273180917,776.5099344639032,760.9526796793476,769.7459106445312,27100,0.0,0.0
2010-08-20 00:00:00+09:00,769.7458023354609,772.4514114825099,760.9525726075514,765.010986328125,19400,0.0,0.0
2010-08-23 00:00:00+09:00,764.3344807225702,770.4221004805376,748.1008280346572,767.7164916992188,14000,0.0,0.0
2010-08-24 00:00:00+09:00,760.276295796198,760.276295796198,749.453857421875,749.453857421875,8300,0.0,0.0
2010-08-25 00:00:00+09:00,749.4536557404891,762.9817000679348,742.6896335767663,746.748046875,22300,0.0,0.0
2010-08-26 00:00:00+09:00,745.3952292812289,763.6580888008234,745.3952292812289,751.4828491210938,13900,0.0,0.0
2010-08-27 00:00:00+09:00,751.4830678985841,756.8942871093749,748.1010558918398,756.894287109375,4300,0.0,0.0
2010-08-30 00:00:00+09:00,769.0695190429686,771.7751286086432,764.3347023030384,769.0695190429688,7500,0.0,0.0
2010-08-31 00:00:00+09:00,769.7459214343874,769.7459214343874,751.4830568660847,769.0695190429688,17800,0.0,0.0
2010-09-01 00:00:00+09:00,773.8043645490679,773.8043645490679,766.3639379668654,771.0987548828125,19800,0.0,0.0
2010-09-02 00:00:00+09:00,778.5390614773651,778.5390614773651,766.3638198556513,767.0402221679688,8600,0.0,0.0
2010-09-03 00:00:00+09:00,771.0986485027715,789.3615112304688,770.4222461795234,789.3615112304688,17800,0.0,0.0
2010-09-06 00:00:00+09:00,801.536721773477,802.8895263671875,791.3906873206482,802.8895263671875,26400,0.0,0.0
2010-09-07 00:00:00+09:00,802.8895034008873,811.6827330084791,788.0086532957318,792.7434692382812,59000,0.0,0.0
2010-09-08 00:00:00+09:00,775.8334564875307,788.6851004921193,769.745835643252,774.4806518554688,12400,0.0,0.0
2010-09-09 00:00:00+09:00,777.8626591650477,779.2154637896825,754.1885782339375,767.0402221679688,9200,0.0,0.0
2010-09-10 00:00:00+09:00,779.891858461581,779.891858461581,752.1593639282551,763.658203125,32100,0.0,0.0
2010-09-13 00:00:00+09:00,762.9817688203952,767.7165847616566,762.9817688203952,765.6873779296875,10400,0.0,0.0
2010-09-14 00:00:00+09:00,766.3638987348453,771.0987154084056,765.687496352908,769.7459106445312,18200,0.0,0.0
2010-09-16 00:00:00+09:00,775.8334522280953,777.8626591650477,765.6874175433338,767.0402221679688,22800,0.0,0.0
2010-09-17 00:00:00+09:00,767.7165999805029,772.451416015625,762.3053816546492,772.451416015625,31500,0.0,0.0
2010-09-21 00:00:00+09:00,774.480567324478,775.1569695666828,758.2469135115632,764.3345336914062,18500,0.0,0.0
2010-09-22 00:00:00+09:00,758.9234838269563,760.2762886109616,744.0426312028983,746.0718383789062,24900,0.0,0.0
2010-09-24 00:00:00+09:00,746.0717377069319,746.0717377069319,742.6897262032741,744.7189331054688,12200,0.0,0.0
2010-09-27 00:00:00+09:00,746.7480894886363,750.806503018466,744.04248046875,744.04248046875,10400,0.0,0.0
2010-09-28 00:00:00+09:00,744.0426744039326,749.453893854143,735.2494427973406,743.3662719726562,16000,0.0,0.0
2010-09-29 00:00:00+09:00,745.3953016293411,746.0717038994222,727.8088426072333,735.249267578125,20700,0.0,0.0
2010-09-30 00:00:00+09:00,729.8380706365208,735.2492889544932,722.3976454493088,733.896484375,24200,0.0,0.0
2010-10-01 00:00:00+09:00,730.5146207989387,731.1910232256043,713.6045601322966,716.986572265625,25200,0.0,0.0
2010-10-04 00:00:00+09:00,712.2516068065651,713.6044113778976,699.3999633789062,699.3999633789062,14700,0.0,0.0
2010-10-05 00:00:00+09:00,693.3123704498889,698.7235889509612,685.8719450109145,689.9303588867188,18300,0.0,0.0
2010-10-06 00:00:00+09:00,697.3705949413684,698.7233991992566,690.6065736519273,698.0469970703125,18400,0.0,0.0
2010-10-07 00:00:00+09:00,696.0179396593734,696.0179396593734,677.0786759951728,688.5775146484375,29900,0.0,0.0
2010-10-08 00:00:00+09:00,677.0787963867188,681.8136131446679,664.9035532948498,677.0787963867188,55000,0.0,0.0
2010-10-12 00:00:00+09:00,669.6383632702774,670.9911680445607,658.1395226888686,662.1979370117188,25500,0.0,0.0
2010-10-13 00:00:00+09:00,652.7282612394098,671.6675268505015,652.7282612394098,664.9035034179688,28400,0.0,0.0
2010-10-14 00:00:00+09:00,670.9912245820858,683.842871020654,670.9912245820858,677.7552490234375,23700,0.0,0.0
2010-10-15 00:00:00+09:00,675.7259093082082,678.4315185546875,675.7259093082082,678.4315185546875,12800,0.0,0.0
2010-10-18 00:00:00+09:00,675.7259082600746,678.4315175023572,666.9326782226562,666.9326782226562,9300,0.0,0.0
2010-10-19 00:00:00+09:00,668.2853499299488,675.0493716903733,666.9325455778638,667.6089477539062,7300,0.0,0.0
2010-10-20 00:00:00+09:00,667.609063592401,675.7258911132812,664.2270521253675,675.7258911132812,16200,0.0,0.0
2010-10-21 00:00:00+09:00,680.4607254895469,680.4607254895469,674.3731046849686,678.4315185546875,13700,0.0,0.0
2010-10-22 00:00:00+09:00,676.402390299156,681.13720703125,673.6967807379593,681.13720703125,6900,0.0,0.0
2010-10-25 00:00:00+09:00,686.5484261536433,689.2540357148399,676.402390299156,681.13720703125,14200,0.0,0.0
2010-10-26 00:00:00+09:00,695.341609375,695.341609375,675.0495390625,676.40234375,20400,0.0,0.0
2010-10-27 00:00:00+09:00,680.5435232979911,700.5595092773438,666.7393950363685,700.5595092773438,18600,20.0,0.0
2010-10-28 00:00:00+09:00,702.630049118193,702.630049118193,683.9944780708539,697.1083984375,9600,0.0,0.0
2010-10-29 00:00:00+09:00,680.5433890658071,692.9671020507812,680.5433890658071,692.9671020507812,9300,0.0,0.0
2010-11-01 00:00:00+09:00,688.8261656926903,696.4184380600445,688.8261656926903,695.0380249023438,15000,0.0,0.0
2010-11-02 00:00:00+09:00,693.6574259962287,701.2496963305158,693.6574259962287,699.1790771484375,33700,0.0,0.0
2010-11-04 00:00:00+09:00,714.3636442948487,719.8852956517171,707.4615800987632,718.5048828125,28200,0.0,0.0
2010-11-05 00:00:00+09:00,724.7168691534746,735.0699672842385,724.7168691534746,734.3797607421875,32800,0.0,0.0
2010-11-08 00:00:00+09:00,744.0425816094909,744.7327880859375,737.8307233214709,744.7327880859375,15300,0.0,0.0
2010-11-09 00:00:00+09:00,737.8307648696829,746.1132430534398,737.8307648696829,743.3524169921875,11300,0.0,0.0
2010-11-10 00:00:00+09:00,743.3523442836407,757.8466796875,743.3523442836407,757.8466796875,16800,0.0,0.0
2010-11-11 00:00:00+09:00,759.2271118164062,762.6781441428445,755.7760794899681,759.2271118164062,12700,0.0,0.0
2010-11-12 00:00:00+09:00,755.7760794899681,762.6781441428445,755.7760794899681,759.2271118164062,9300,0.0,0.0
2010-11-15 00:00:00+09:00,759.2269676319066,764.7486183055933,756.4661422950634,761.98779296875,10100,0.0,0.0
2010-11-16 00:00:00+09:00,764.0586036329169,775.7921142578126,757.8467450667955,775.7921142578125,11600,0.0,0.0
2010-11-17 00:00:00+09:00,773.0311071309098,775.7919325135202,767.5094563656891,773.7213134765625,9100,0.0,0.0
2010-11-18 00:00:00+09:00,775.7919773782766,797.1883753308803,773.721358221573,796.4981689453125,42500,0.0,0.0
2010-11-19 00:00:00+09:00,807.5416241033607,812.3730697176543,797.1885263584459,809.6122436523438,59500,0.0,0.0
2010-11-22 00:00:00+09:00,813.7532141216731,815.1336266986394,807.5413575253243,814.4434204101562,9500,0.0,0.0
2010-11-24 00:00:00+09:00,804.0904641453224,824.7966563550731,800.6394321103638,817.8945922851562,33100,0.0,0.0
2010-11-25 00:00:00+09:00,825.4867997602984,825.4867997602984,817.2043235085227,819.9651489257812,11600,0.0,0.0
2010-11-26 00:00:00+09:00,817.8945789939821,819.2749917855332,807.5414830573494,808.231689453125,12800,0.0,0.0
2010-11-29 00:00:00+09:00,810.3022332220316,810.3022332220316,794.4274875967277,798.5687255859375,11800,0.0,0.0
2010-11-30 00:00:00+09:00,805.4709524836566,805.4709524836566,793.7374424646144,799.2590942382812,10600,0.0,0.0
2010-12-01 00:00:00+09:00,797.1883474496695,807.5414428710938,784.7646329439604,807.5414428710938,12700,0.0,0.0
2010-12-02 00:00:00+09:00,814.4435874756693,814.4435874756693,807.541523175028,808.9219360351562,5800,0.0,0.0
2010-12-03 00:00:00+09:00,811.6829392629393,815.1339721679688,810.9927326819334,815.1339721679688,16200,0.0,0.0
2010-12-06 00:00:00+09:00,821.3453856825926,848.953633940831,821.3453856825926,848.263427734375,49900,0.0,0.0
2010-12-07 00:00:00+09:00,841.3616734238922,842.7420863417329,822.726099033043,842.0518798828125,12800,0.0,0.0
2010-12-08 00:00:00+09:00,842.0515718762713,851.0242525601988,838.6005408439916,848.263427734375,8800,0.0,0.0
2010-12-09 00:00:00+09:00,845.5030917343463,848.263918156336,840.6716454958643,846.1932983398438,12500,0.0,0.0
2010-12-10 00:00:00+09:00,856.5459813308407,864.8284565733629,846.1928872776879,853.78515625,83600,0.0,0.0
2010-12-13 00:00:00+09:00,856.5463974223051,860.6876370552897,844.8128851288488,846.1932983398438,37700,0.0,0.0
2010-12-14 00:00:00+09:00,804.7808633759668,845.5030511454196,799.2592107970579,825.487060546875,103400,0.0,0.0
2010-12-15 00:00:00+09:00,817.8947485760166,831.0086728147882,817.8947485760166,824.7968139648438,22600,0.0,0.0
2010-12-16 00:00:00+09:00,822.0359936564607,822.0359936564607,811.6828954995784,818.5849609375,30800,0.0,0.0
2010-12-17 00:00:00+09:00,812.3727797430914,821.3454612525734,812.3727797430914,817.2042236328125,28000,0.0,0.0
2010-12-20 00:00:00+09:00,817.2044833394506,824.1065482325203,813.0632444036088,822.7261352539062,25500,0.0,0.0
2010-12-21 00:00:00+09:00,828.9379571633261,843.4322928006533,826.1771313276448,842.0518798828125,24000,0.0,0.0
2010-12-22 00:00:00+09:00,842.0518731451654,855.8560022131188,835.8400150645863,850.3343505859375,32700,0.0,0.0
2010-12-24 00:00:00+09:00,842.0518429497502,848.9539072362235,837.2203979492188,837.2203979492188,10200,0.0,0.0
2010-12-27 00:00:00+09:00,829.6281569840072,853.7853828529259,828.2477440772118,850.3343505859375,20200,0.0,0.0
2010-12-28 00:00:00+09:00,855.8559921875,862.758056640625,852.4049599609375,862.758056640625,33400,0.0,0.0
2010-12-29 00:00:00+09:00,862.7580657718688,881.3936399925411,862.7580657718688,876.5621948242188,51500,0.0,0.0
2010-12-30 00:00:00+09:00,911.0726759297766,911.0726759297766,891.0566853222284,907.6216430664062,55100,0.0,0.0
2011-01-04 00:00:00+09:00,909.6920420795406,909.6920420795406,888.9858499229501,902.7899780273438,22700,0.0,0.0
2011-01-05 00:00:00+09:00,898.6487278779471,902.0997598590452,886.9152191422136,891.0564575195312,16700,0.0,0.0
2011-01-06 00:00:00+09:00,891.746659405048,899.3389297250601,891.746659405048,897.268310546875,12100,0.0,0.0
2011-01-07 00:00:00+09:00,897.2683477578997,928.3276367187501,895.8879349151953,928.32763671875,20500,0.0,0.0
2011-01-11 00:00:00+09:00,922.1157934162794,922.1157934162794,905.5508390435319,909.6920776367188,16800,0.0,0.0
2011-01-12 00:00:00+09:00,911.0724384014422,911.0724384014422,897.268310546875,897.268310546875,15100,0.0,0.0
2011-01-13 00:00:00+09:00,892.4368078122736,897.2682522474522,887.605363377095,893.1270141601562,11900,0.0,0.0
2011-01-14 00:00:00+09:00,892.436943234421,897.2683884027435,876.5621948242186,876.5621948242188,10800,0.0,0.0
2011-01-17 00:00:00+09:00,883.4641798418972,883.4641798418972,872.4208775938736,873.111083984375,5300,0.0,0.0
2011-01-18 00:00:00+09:00,873.110955953598,884.8444628715515,868.2795119285583,883.4640502929688,16200,0.0,0.0
2011-01-19 00:00:00+09:00,890.3661970658736,912.4528004039419,890.3661970658736,911.0723876953125,34100,0.0,0.0
2011-01-20 00:00:00+09:00,913.1430633751587,926.9471913173379,911.0724441838317,917.2843017578125,26800,0.0,0.0
2011-01-21 00:00:00+09:00,924.1865135573763,924.1865135573763,903.480318332043,912.4530029296875,27900,0.0,0.0
2011-01-24 00:00:00+09:00,912.4529017434709,913.8333146054126,906.2410438647332,911.7626953125,18200,0.0,0.0
2011-01-25 00:00:00+09:00,912.452756215291,917.9744067824031,906.2408993272896,916.593994140625,20800,0.0,0.0
2011-01-26 00:00:00+09:00,919.3550189329185,951.1045165837551,919.3550189329185,946.2730712890625,36500,0.0,0.0
2011-01-27 00:00:00+09:00,957.3165576415494,973.8815161011003,957.3165576415494,968.35986328125,55100,0.0,0.0
2011-01-28 00:00:00+09:00,970.4304008809929,970.4304008809929,958.0066830887754,969.0499877929688,37400,0.0,0.0
2011-01-31 00:00:00+09:00,951.1044696636724,964.9085983960914,946.9632310439466,953.8652954101562,17300,0.0,0.0
2011-02-01 00:00:00+09:00,949.7239095535051,955.2455601904442,928.3275133353666,930.3981323242188,27500,0.0,0.0
2011-02-02 00:00:00+09:00,938.6806270132427,966.2888807489263,935.2295952962822,964.21826171875,33000,0.0,0.0
2011-02-03 00:00:00+09:00,964.2186047964484,980.0933563428467,959.3871586736316,966.9794311523438,20100,0.0,0.0
2011-02-04 00:00:00+09:00,973.1911621093751,980.7834335868241,972.5009556114252,973.191162109375,10200,0.0,0.0
2011-02-07 00:00:00+09:00,997.3483038960286,997.3483038960286,975.9519042968751,975.951904296875,9300,0.0,0.0
2011-02-08 00:00:00+09:00,978.0226911138925,995.9680615930465,978.0226911138925,992.5170288085938,16700,0.0,0.0
2011-02-09 00:00:00+09:00,993.2069550415381,997.3481932140531,984.9244786965079,985.6146850585938,5800,0.0,0.0
2011-02-10 00:00:00+09:00,993.2069382358605,995.967763637489,980.093017578125,980.093017578125,15500,0.0,0.0
2011-02-14 00:00:00+09:00,989.0661995714543,995.2780598618541,981.4739258831877,991.8270263671875,18100,0.0,0.0
2011-02-15 00:00:00+09:00,997.348212822334,997.348212822334,985.6147044361888,986.9951171875,12800,0.0,0.0
2011-02-16 00:00:00+09:00,986.9951926660902,994.5874633789062,984.9245733807767,994.5874633789062,18300,0.0,0.0
2011-02-17 00:00:00+09:00,999.4191053826618,1007.7015841565512,996.6582791246987,1002.179931640625,22600,0.0,0.0
2011-02-18 00:00:00+09:00,1014.6031858209979,1069.8196857296236,1014.6031858209979,1062.2274169921875,51100,0.0,0.0
2011-02-21 00:00:00+09:00,1070.5096758674174,1070.5096758674174,1032.54833984375,1032.54833984375,46600,0.0,0.0
2011-02-22 00:00:00+09:00,1023.5756604199742,1032.54833984375,1016.6735993247619,1032.54833984375,20400,0.0,0.0
2011-02-23 00:00:00+09:00,1014.6034651959529,1057.3962644082992,1014.6034651959529,1052.5648193359375,23200,0.0,0.0
2011-02-24 00:00:00+09:00,1035.3094030309605,1035.3094030309605,1006.3207397460936,1006.3207397460938,32100,0.0,0.0
2011-02-25 00:00:00+09:00,995.2777683567357,1027.0272672086148,995.2777683567357,1021.505615234375,16600,0.0,0.0
2011-02-28 00:00:00+09:00,1060.8470207755797,1071.2001146673388,1042.2114517704133,1069.8197021484375,59600,0.0,0.0
2011-03-01 00:00:00+09:00,1069.820083078207,1069.820083078207,1049.1138879218545,1053.255126953125,49600,0.0,0.0
2011-03-02 00:00:00+09:00,1044.282277336555,1044.282277336555,1029.7879430179378,1030.4781494140625,29200,0.0,0.0
2011-03-03 00:00:00+09:00,1031.8588990392598,1046.3532380893093,1030.4784857963978,1039.451171875,17900,0.0,0.0
2011-03-04 00:00:00+09:00,1056.7059563263822,1056.7059563263822,1042.2116225034858,1051.87451171875,15700,0.0,0.0
2011-03-07 00:00:00+09:00,1056.7061594791837,1056.7061594791837,1049.1138879218545,1053.255126953125,11500,0.0,0.0
2011-03-08 00:00:00+09:00,1062.9178143096046,1080.1729736328125,1053.2549250886082,1080.1729736328125,38900,0.0,0.0
2011-03-09 00:00:00+09:00,1082.93398450004,1082.93398450004,1076.0319195892687,1078.1025390625,39900,0.0,0.0
2011-03-10 00:00:00+09:00,1080.1731093281048,1080.1731093281048,1061.5375349179712,1063.608154296875,20100,0.0,0.0
2011-03-11 00:00:00+09:00,1035.309379622781,1058.776392227564,1027.0269045857988,1049.8037109375,14800,0.0,0.0
2011-03-14 00:00:00+09:00,835.8398163318634,944.8924100399017,828.9377534389496,883.4640502929688,51200,0.0,0.0
2011-03-15 00:00:00+09:00,835.1497705283285,835.8399769502528,697.7986925654051,821.3456420898438,53400,0.0,0.0
2011-03-16 00:00:00+09:00,835.1498843702071,917.9746662912194,697.7987876845284,900.029296875,19900,0.0,0.0
2011-03-17 00:00:00+09:00,869.6600230337496,944.8925170898438,855.8558956840076,944.8925170898438,25600,0.0,0.0
2011-03-18 00:00:00+09:00,944.892795133971,966.2891988221764,905.5510206104967,951.7948608398438,19600,0.0,0.0
2011-03-22 00:00:00+09:00,983.5439193119641,995.9676319769574,945.5825750578182,955.9356689453125,20400,0.0,0.0
2011-03-23 00:00:00+09:00,960.7672397667254,988.3754937830106,959.3868270659111,980.093017578125,11100,0.0,0.0
2011-03-24 00:00:00+09:00,960.076985253228,1004.9403957790798,955.9357473585341,993.8970947265625,19400,0.0,0.0
2011-03-25 00:00:00+09:00,986.9951171875,996.6580064466783,984.2342916848776,986.9951171875,12600,0.0,0.0
2011-03-28 00:00:00+09:00,935.9202837535883,991.8270263671875,935.9202837535883,991.8270263671875,10600,0.0,0.0
2011-03-29 00:00:00+09:00,986.9950963732748,991.8265409009762,973.190969151271,987.685302734375,12200,0.0,0.0
2011-03-30 00:00:00+09:00,976.6422049578498,982.1638570000143,937.9906406626982,938.6808471679688,41000,0.0,0.0
2011-03-31 00:00:00+09:00,965.5989170183454,980.0932538713728,938.6808628627232,966.2891235351562,44000,0.0,0.0
2011-04-01 00:00:00+09:00,971.8106350806452,971.8106350806452,952.484855405746,962.8379516601562,14100,0.0,0.0
2011-04-04 00:00:00+09:00,939.370866149947,955.9358189696375,939.370866149947,944.8925170898438,9700,0.0,0.0
2011-04-05 00:00:00+09:00,933.8493208074245,933.8493208074245,909.0018887682025,913.1431274414062,14200,0.0,0.0
2011-04-06 00:00:00+09:00,913.1431274414062,922.1158112333475,899.3389985307274,913.1431274414062,14000,0.0,0.0
2011-04-07 00:00:00+09:00,904.1703954965358,904.8606019053118,893.817299364896,896.578125,2600,0.0,0.0
2011-04-08 00:00:00+09:00,880.0135980650435,897.2687666545543,876.5625643471415,890.36669921875,10800,0.0,0.0
2011-04-11 00:00:00+09:00,890.3660725466062,893.8171038355466,882.7738037109375,882.7738037109375,3900,0.0,0.0
2011-04-12 00:00:00+09:00,876.562185546875,882.7740435546874,857.236405078125,862.758056640625,4700,0.0,0.0
2011-04-13 00:00:00+09:00,855.8559392396255,869.6600672918776,847.5734624082743,852.4049072265625,8700,0.0,0.0
2011-04-14 00:00:00+09:00,852.4049840238147,857.9266357421876,852.4049840238147,857.9266357421875,6300,0.0,0.0
2011-04-15 00:00:00+09:00,851.714803653912,859.3070749992871,847.5735647382527,851.0245971679688,11100,0.0,0.0
2011-04-18 00:00:00+09:00,854.4756313913238,854.4756313913238,848.9539794921875,848.9539794921875,5200,0.0,0.0
2011-04-19 00:00:00+09:00,850.3341408754006,861.37744140625,850.3341408754006,861.37744140625,5500,0.0,0.0
2011-04-20 00:00:00+09:00,876.5619714134223,877.9423839668292,862.7578458793527,875.8717651367188,10400,0.0,0.0
2011-04-21 00:00:00+09:00,876.5619714134223,880.7032090736432,875.8717651367188,875.8717651367188,29500,0.0,0.0
2011-04-22 00:00:00+09:00,876.5621114638013,883.464175333595,821.3456005054516,879.3229370117188,36900,0.0,0.0
2011-04-25 00:00:00+09:00,900.0290488774931,900.0290488774931,869.659970541136,873.8012084960938,10000,0.0,0.0
2011-04-26 00:00:00+09:00,865.4197805148083,867.5152279252558,859.1334382834658,861.9273681640625,8000,15.0,0.0
2011-04-27 00:00:00+09:00,865.4195272272284,865.4195272272284,860.5301513671875,860.5301513671875,6200,0.0,0.0
2011-04-28 00:00:00+09:00,846.5604538169142,934.5692138671875,846.5604538169142,934.5692138671875,62900,0.0,0.0
2011-05-02 00:00:00+09:00,901.0421455252641,938.7601888263217,898.2482163918525,938.0617065429688,8900,0.0,0.0
2011-05-06 00:00:00+09:00,928.981338975283,928.981338975283,908.0268726826075,921.2980346679688,2400,0.0,0.0
2011-05-09 00:00:00+09:00,921.2982018068263,921.2982018068263,908.0270374138546,918.5042724609375,4900,0.0,0.0
2011-05-10 00:00:00+09:00,919.2027960624404,919.2027960624404,906.6301134415255,915.0119018554688,12600,0.0,0.0
2011-05-11 00:00:00+09:00,918.5041463030345,918.5041463030345,910.122359416619,917.8056640625,3300,0.0,0.0
2011-05-12 00:00:00+09:00,909.4237686191985,919.9010009765625,909.4237686191985,919.9010009765625,4000,0.0,0.0
2011-05-13 00:00:00+09:00,919.9011764761118,921.9966233473558,894.7558140211839,908.0269775390625,15700,0.0,0.0
2011-05-16 00:00:00+09:00,887.0724731735726,887.0724731735726,880.0876505501586,880.7861328125,5400,0.0,0.0
2011-05-17 00:00:00+09:00,890.5648520656238,896.1527099609375,880.7861007488248,896.1527099609375,6100,0.0,0.0
2011-05-18 00:00:00+09:00,923.3937335494002,956.9208887766099,908.0271207369291,944.3482055664062,30600,0.0,0.0
2011-05-19 00:00:00+09:00,956.2221720674612,972.2872633439781,954.8252076086336,956.920654296875,42000,0.0,0.0
2011-05-20 00:00:00+09:00,974.3829943219158,977.8754064879441,953.4285213257456,963.207275390625,22700,0.0,0.0
2011-05-23 00:00:00+09:00,962.5085530598958,965.3024820963541,942.9510498046874,963.905517578125,14500,0.0,0.0
2011-05-24 00:00:00+09:00,963.9056316757756,963.9056316757756,953.428396548865,962.5086669921875,13800,0.0,0.0
2011-05-25 00:00:00+09:00,963.905553961933,972.9858236731686,963.905553961933,970.19189453125,22200,0.0,0.0
2011-05-26 00:00:00+09:00,968.7951043348218,1000.2268128388355,967.3981395124212,990.4480590820312,29400,0.0,0.0
2011-05-27 00:00:00+09:00,972.2872177305043,1012.1007029392964,972.2872177305043,1000.9249877929688,26300,0.0,0.0
2011-05-30 00:00:00+09:00,1000.9250373735819,1021.8795043109213,1000.9250373735819,1019.7840576171875,30800,0.0,0.0
2011-05-31 00:00:00+09:00,1012.100884286174,1042.8341064453125,1010.0054373207782,1042.8341064453125,178200,0.0,0.0
2011-06-01 00:00:00+09:00,1042.1358474899123,1042.8343299614203,998.8299342564173,1016.990478515625,56000,0.0,0.0
2011-06-02 00:00:00+09:00,1005.8146020921611,1012.7994257178011,989.0510253906251,989.051025390625,17900,0.0,0.0
2011-06-03 00:00:00+09:00,928.9813128972457,962.5084580243644,916.4086334745762,947.84033203125,33200,0.0,0.0
2011-06-06 00:00:00+09:00,921.2980346679688,934.5691966533299,921.2980346679688,921.2980346679688,13000,0.0,0.0
2011-06-07 00:00:00+09:00,935.9659380980443,935.9659380980443,921.2978151875525,935.2674560546875,16200,0.0,0.0
2011-06-08 00:00:00+09:00,935.9663337231758,935.9663337231758,920.5997222739893,929.6799926757812,10000,0.0,0.0
2011-06-09 00:00:00+09:00,925.4889444248837,931.7752844247508,921.9965333138464,924.0919799804688,4800,0.0,0.0
2011-06-10 00:00:00+09:00,928.2829751016856,935.9662803884564,925.4890459064961,931.076904296875,2400,0.0,0.0
2011-06-13 00:00:00+09:00,928.9813651203239,960.4130654439439,928.2828828909101,956.920654296875,9000,0.0,0.0
2011-06-14 00:00:00+09:00,936.6648913574219,951.3330216471354,936.6648913574219,942.9512329101562,4900,0.0,0.0
2011-06-15 00:00:00+09:00,936.6646454662871,952.7297363281249,936.6646454662871,952.729736328125,4300,0.0,0.0
2011-06-16 00:00:00+09:00,941.5541671525186,941.5541671525186,929.6799677151353,935.96630859375,5600,0.0,0.0
2011-06-17 00:00:00+09:00,930.3784219980777,932.4738688944697,928.2829751016856,931.076904296875,5800,0.0,0.0
2011-06-20 00:00:00+09:00,943.6495729354235,946.4435020928934,938.7601969098514,939.4586791992188,9300,0.0,0.0
2011-06-21 00:00:00+09:00,928.9815063476561,930.3784710188556,926.886059340857,928.9815063476562,9400,0.0,0.0
2011-06-22 00:00:00+09:00,927.5843828361562,931.7752761321027,921.9965251082276,922.6950073242188,9300,0.0,0.0
2011-06-23 00:00:00+09:00,925.48895714267,942.9510129378147,923.3935104472525,936.6646728515625,17600,0.0,0.0
2011-06-24 00:00:00+09:00,939.4586711096747,955.5237636267917,933.1723305594984,938.0617065429688,60000,0.0,0.0
2011-06-27 00:00:00+09:00,959.0160326954255,966.0008544921875,954.8251396173682,966.0008544921875,11000,0.0,0.0
2011-06-28 00:00:00+09:00,966.0012179526136,976.4784545898438,966.0012179526136,976.4784545898438,10700,0.0,0.0
2011-06-29 00:00:00+09:00,972.9856472391479,995.3370763214541,970.8902007626816,991.8446655273438,38300,0.0,0.0
2011-06-30 00:00:00+09:00,999.528072497094,1010.005305961424,984.8599456470317,1009.3068237304688,60500,0.0,0.0
2011-07-01 00:00:00+09:00,1009.3070233319256,1033.75390625,1009.3070233319256,1033.75390625,38500,0.0,0.0
2011-07-04 00:00:00+09:00,1029.5626681857639,1037.2459716796875,1029.5626681857639,1037.2459716796875,14200,0.0,0.0
2011-07-05 00:00:00+09:00,1036.5476725260417,1036.5476725260417,1013.4977579752604,1016.2916870117188,8900,0.0,0.0
2011-07-06 00:00:00+09:00,1012.7992757161458,1025.3719563802083,1012.1007934570312,1016.2916870117188,20500,0.0,0.0
2011-07-07 00:00:00+09:00,1026.7688795043523,1026.7688795043523,1000.2265547280493,1009.3068237304688,12900,0.0,0.0
2011-07-08 00:00:00+09:00,1009.3070249590044,1029.5630136952059,1005.8146131079352,1023.2766723632812,11100,0.0,0.0
2011-07-11 00:00:00+09:00,1020.4825394257542,1020.4825394257542,1000.2265547280493,1009.3068237304688,3600,0.0,0.0
2011-07-12 00:00:00+09:00,1007.9095108948386,1012.7988848215634,1000.2262090099854,1012.1004028320312,9500,0.0,0.0
2011-07-13 00:00:00+09:00,1009.3068025287829,1009.3068025287829,984.8599249588816,995.337158203125,26200,0.0,0.0
2011-07-14 00:00:00+09:00,995.3373803032769,995.3373803032769,977.1768386275679,980.6692504882812,10000,0.0,0.0
2011-07-15 00:00:00+09:00,980.668734741211,1012.7989069620768,978.5732887268066,1005.8140869140625,5600,0.0,0.0
2011-07-19 00:00:00+09:00,999.5279204743224,999.5279204743224,990.4476528529624,993.9400634765625,14000,0.0,0.0
2011-07-20 00:00:00+09:00,1028.1660394113667,1033.7538983212112,1019.7842510466002,1032.35693359375,33200,0.0,0.0
2011-07-21 00:00:00+09:00,1032.3570463488097,1058.200896629531,1032.3570463488097,1052.613037109375,63900,0.0,0.0
2011-07-22 00:00:00+09:00,1047.7235107421875,1047.7235107421875,1031.6584169108073,1047.7235107421875,15000,0.0,0.0
2011-07-25 00:00:00+09:00,1054.7082154399113,1054.7082154399113,1027.4674072265625,1027.4674072265625,7200,0.0,0.0
2011-07-26 00:00:00+09:00,1036.5477932942708,1054.7083341471355,1036.5477932942708,1047.7235107421875,13800,0.0,0.0
2011-07-27 00:00:00+09:00,1047.7235107421875,1051.9144047851562,1033.7538639322916,1047.7235107421875,27900,0.0,0.0
2011-07-28 00:00:00+09:00,1013.4977171162008,1015.5931638090668,1000.2265547280493,1009.3068237304688,34900,0.0,0.0
2011-07-29 00:00:00+09:00,1028.8640564746818,1040.039769240191,1016.2913796134842,1035.848876953125,31200,0.0,0.0
2011-08-01 00:00:00+09:00,1020.4828154436574,1028.864604482209,1020.4828154436574,1025.3721923828125,6500,0.0,0.0
2011-08-02 00:00:00+09:00,1016.291294769224,1017.6882587482883,996.0353170727927,1012.1004028320312,18900,0.0,0.0
2011-08-03 00:00:00+09:00,984.8599208874649,998.8295651553723,984.8599208874649,994.638671875,12000,0.0,0.0
2011-08-04 00:00:00+09:00,991.8446711378177,1008.6082430443723,989.0507424867252,1003.0203857421875,8000,0.0,0.0
2011-08-05 00:00:00+09:00,972.9860539677992,978.5739135742188,955.5239926977382,978.5739135742188,15700,0.0,0.0
2011-08-08 00:00:00+09:00,972.2874560174141,972.2874560174141,897.5498426597536,915.0119018554688,16000,0.0,0.0
2011-08-09 00:00:00+09:00,897.5496008396149,898.2480830192566,852.1482591629028,894.0571899414062,17800,0.0,0.0
2011-08-10 00:00:00+09:00,915.0117594401041,915.0117594401041,861.2286254882812,890.5648803710938,12600,0.0,0.0
2011-08-11 00:00:00+09:00,873.1028038685716,887.0724487304688,873.1028038685716,887.0724487304688,13200,0.0,0.0
2011-08-12 00:00:00+09:00,894.0573321984436,908.0269780140443,880.087686382843,897.5497436523438,15700,0.0,0.0
2011-08-15 00:00:00+09:00,897.5497431828426,908.0269775390625,897.5497431828426,908.0269775390625,200,0.0,0.0
2011-08-16 00:00:00+09:00,908.0269861702967,908.7254684673508,898.2482340115397,898.9467163085938,3300,0.0,0.0
2011-08-17 00:00:00+09:00,898.9467733570058,899.6452556983864,897.5498086742442,898.248291015625,1300,0.0,0.0
2011-08-18 00:00:00+09:00,903.1374582767487,908.0268335342407,885.6754037857056,894.0571899414062,3900,0.0,0.0
2011-08-19 00:00:00+09:00,894.0571142036449,894.0571142036449,880.087471794213,881.4844360351562,10100,0.0,0.0
2011-08-22 00:00:00+09:00,868.9118893519104,868.9118893519104,859.1331381855705,862.6255493164062,6400,0.0,0.0
2011-08-23 00:00:00+09:00,859.8316407726658,866.1179809570314,857.7361940445439,866.1179809570312,3500,0.0,0.0
2011-08-24 00:00:00+09:00,874.4998168945312,876.5952637401251,859.8316889753737,874.4998168945312,2600,0.0,0.0
2011-08-25 00:00:00+09:00,905.9313644166976,906.6298465789309,868.9118098183283,880.0875244140625,6000,0.0,0.0
2011-08-26 00:00:00+09:00,887.0725224772394,887.0725224772394,873.8013587551391,878.6907348632812,9300,0.0,0.0
2011-08-29 00:00:00+09:00,897.5497236289526,897.5497236289526,883.5800781250001,883.580078125,6400,0.0,0.0
2011-08-30 00:00:00+09:00,889.1678875917953,901.7405678562512,889.1678875917953,896.1527099609375,4900,0.0,0.0
2011-08-31 00:00:00+09:00,916.4085483215379,921.9964053234985,895.4540845641856,912.9161376953125,10600,0.0,0.0
2011-09-01 00:00:00+09:00,921.2982375960336,924.7906494140625,905.2331432331005,924.7906494140625,20000,0.0,0.0
2011-09-02 00:00:00+09:00,939.4585743118241,952.7297363281249,928.9813411410603,952.729736328125,22800,0.0,0.0
2011-09-05 00:00:00+09:00,933.8709695579032,956.9208887766099,927.5846279528014,944.3482055664062,8600,0.0,0.0
2011-09-06 00:00:00+09:00,943.6495361784974,943.6495361784974,901.0421181867222,933.1723022460938,37400,0.0,0.0
2011-09-07 00:00:00+09:00,947.8402945408128,948.5387767033336,939.4585085905625,941.553955078125,7200,0.0,0.0
2011-09-08 00:00:00+09:00,941.5538705113422,944.3477989104856,926.8857464158391,927.584228515625,9300,0.0,0.0
2011-09-09 00:00:00+09:00,927.5845216686321,930.3784509507665,921.2981807838296,925.4890747070312,8700,0.0,0.0
2011-09-12 00:00:00+09:00,919.2025814850501,919.2025814850501,887.07240006536,889.1678466796875,8100,0.0,0.0
2011-09-13 00:00:00+09:00,894.0570025410477,908.0266432057516,889.1676283084014,893.3585205078125,5100,0.0,0.0
2011-09-14 00:00:00+09:00,893.35876726776,893.35876726776,859.1331381855705,862.6255493164062,6600,0.0,0.0
2011-09-15 00:00:00+09:00,862.6252754123443,866.1176854342566,845.1632253027826,847.9571533203125,8600,0.0,0.0
2011-09-16 00:00:00+09:00,861.927067090239,865.4194782210747,856.339209280902,862.6255493164062,10300,0.0,0.0
2011-09-20 00:00:00+09:00,870.308874413275,870.308874413275,854.9422650737148,866.1179809570312,13900,0.0,0.0
2011-09-21 00:00:00+09:00,866.1180094929484,883.5800661359515,859.1331868357473,860.5301513671875,11900,0.0,0.0
2011-09-22 00:00:00+09:00,864.0226520233524,865.4196166992188,855.6408639681541,865.4196166992188,5600,0.0,0.0
2011-09-26 00:00:00+09:00,853.545394120741,862.6256642709616,850.75146484375,850.75146484375,5300,0.0,0.0
2011-09-27 00:00:00+09:00,852.1485867302108,862.6258234523036,850.7516218339318,857.0379638671875,6500,0.0,0.0
2011-09-28 00:00:00+09:00,857.0378286440205,869.6105107268179,857.0378286440205,865.4196166992188,15600,0.0,0.0
2011-09-29 00:00:00+09:00,866.1179809570314,868.9119099278604,864.7210164716167,866.1179809570312,25500,0.0,0.0
2011-09-30 00:00:00+09:00,866.1180950405139,873.1029183876149,864.7211303710938,864.7211303710938,40200,0.0,0.0
2011-10-03 00:00:00+09:00,860.5302847928779,866.1181437850395,825.6061660918682,840.9727783203125,25900,0.0,0.0
2011-10-04 00:00:00+09:00,841.6710150151617,841.6710150151617,825.6059251020093,830.4953002929688,17200,0.0,0.0
2011-10-05 00:00:00+09:00,836.0831576540653,836.0831576540653,814.4302103798162,830.4953002929688,6800,0.0,0.0
2011-10-06 00:00:00+09:00,837.4802976789173,841.6711915788952,836.0833330455913,839.5757446289062,8300,0.0,0.0
2011-10-07 00:00:00+09:00,839.5757163841855,840.2741986773503,834.6863403320312,834.6863403320312,3400,0.0,0.0
2011-10-11 00:00:00+09:00,845.8621067328742,845.8621067328742,832.5909423828126,832.5909423828125,5700,0.0,0.0
2011-10-12 00:00:00+09:00,827.0028453740571,834.6861488361471,824.9073989753052,833.2891845703125,8200,0.0,0.0
2011-10-13 00:00:00+09:00,824.2089268708032,845.1633911132812,824.2089268708032,845.1633911132812,9400,0.0,0.0
2011-10-14 00:00:00+09:00,833.9876667032298,835.3846309690643,832.5907024373953,833.2891845703125,3200,0.0,0.0
2011-10-17 00:00:00+09:00,837.4800773678162,852.148202159079,833.2891845703125,833.2891845703125,3400,0.0,0.0
2011-10-18 00:00:00+09:00,831.8923541916113,833.9878009276104,824.2090494929482,824.9075317382812,12300,0.0,0.0
2011-10-19 00:00:00+09:00,828.4000130222269,828.4000130222269,814.4303669341623,815.8273315429688,3700,0.0,0.0
2011-10-20 00:00:00+09:00,794.8727949872025,815.827262341874,794.8727949872025,814.4302978515625,16100,0.0,0.0
2011-10-21 00:00:00+09:00,832.5909068486462,838.178765283872,815.8273315429688,815.8273315429688,8400,0.0,0.0
2011-10-24 00:00:00+09:00,807.4454474635994,820.7166096623955,807.4454474635994,820.0181274414062,3100,0.0,0.0
2011-10-25 00:00:00+09:00,814.4302732270339,817.2242021231815,810.2393798828125,810.2393798828125,3300,0.0,0.0
2011-10-26 00:00:00+09:00,831.19384765625,831.19384765625,820.7166142824317,831.19384765625,9600,0.0,0.0
2011-10-27 00:00:00+09:00,838.2679059218383,838.2679059218383,822.705126233838,828.3643188476562,4100,15.0,0.0
2011-10-28 00:00:00+09:00,841.0974323506257,841.0974323506257,829.7790480633171,831.9012451171875,2400,0.0,0.0
2011-10-31 00:00:00+09:00,810.6791888433028,831.9011571376301,810.6791888433028,815.6309814453125,12700,0.0,0.0
2011-11-01 00:00:00+09:00,811.3869001009738,812.8016985318386,799.3611134386229,812.0942993164062,4200,0.0,0.0
2011-11-02 00:00:00+09:00,797.2388089899431,806.4349975585938,797.2388089899431,806.4349975585938,10800,0.0,0.0
2011-11-04 00:00:00+09:00,800.0683956988983,800.0683956988983,783.0908170103274,784.505615234375,18200,0.0,0.0
2011-11-07 00:00:00+09:00,779.553923688616,783.7983189174107,767.5281372070312,767.5281372070312,7500,0.0,0.0
2011-11-08 00:00:00+09:00,767.5282054692921,767.5282054692921,763.991209130724,764.6986083984375,5200,0.0,0.0
2011-11-09 00:00:00+09:00,777.4315844347877,778.1389835107066,771.0649927515183,775.3093872070312,3300,0.0,0.0
2011-11-10 00:00:00+09:00,768.2356047370057,778.1391944849966,762.5764105952967,764.6986083984375,8800,0.0,0.0
2011-11-11 00:00:00+09:00,764.6983548245961,776.7241383879801,764.6983548245961,768.9427490234375,1200,0.0,0.0
2011-11-14 00:00:00+09:00,769.6502685546875,776.0168608497171,766.1132728352267,769.6502685546875,4100,0.0,0.0
2011-11-15 00:00:00+09:00,769.6503348214285,770.3577340262276,767.5281372070312,767.5281372070312,10800,0.0,0.0
2011-11-16 00:00:00+09:00,763.9910311159265,771.7724212476627,761.161434704386,762.5762329101562,7000,0.0,0.0
2011-11-17 00:00:00+09:00,762.5761894933956,772.4797763699332,754.7947998046875,754.7947998046875,3700,0.0,0.0
2011-11-18 00:00:00+09:00,754.7947870866642,760.4539794921875,750.5503927825218,760.4539794921875,5100,0.0,0.0
2011-11-21 00:00:00+09:00,760.4539874780959,763.9909827686917,756.9169921875,756.9169921875,11700,0.0,0.0
2011-11-22 00:00:00+09:00,730.0360125181862,751.9653888632092,718.7176247272066,729.32861328125,9100,0.0,0.0
2011-11-24 00:00:00+09:00,727.2061736764259,729.3283706813182,724.3765776699029,728.6209716796875,14100,0.0,0.0
2011-11-25 00:00:00+09:00,732.1580761154263,734.2802734375,732.1580761154263,734.2802734375,4100,0.0,0.0
2011-11-28 00:00:00+09:00,730.0359276876495,752.6727006392045,730.0359276876495,739.2321166992188,800,0.0,0.0
2011-11-29 00:00:00+09:00,742.7690580293729,762.5762329101562,742.7690580293729,762.5762329101562,3500,0.0,0.0
2011-11-30 00:00:00+09:00,783.7980083241979,796.5311889648438,776.7240190793947,796.5311889648438,16000,0.0,0.0
2011-12-01 00:00:00+09:00,785.2131579111355,813.5091275655908,774.6021692907148,776.0169677734375,17700,0.0,0.0
2011-12-02 00:00:00+09:00,778.1390922656957,787.3352815379267,776.7242939161217,780.9686889648438,11800,0.0,0.0
2011-12-05 00:00:00+09:00,780.9686470673716,799.3610246251177,779.5538487936989,798.6536254882812,4800,0.0,0.0
2011-12-06 00:00:00+09:00,795.8237347118358,798.6533302130334,780.9683583305482,793.7015380859375,5200,0.0,0.0
2011-12-07 00:00:00+09:00,793.7017275242131,793.7017275242131,783.7981409062639,790.8721313476562,9900,0.0,0.0
2011-12-08 00:00:00+09:00,790.8719860258557,802.1903686523438,788.0423903692337,802.1903686523438,7300,0.0,0.0
2011-12-09 00:00:00+09:00,799.361083984375,802.1906807418418,792.2870920907079,799.361083984375,6400,0.0,0.0
2011-12-12 00:00:00+09:00,812.8015846392614,812.8015846392614,808.5571899414062,808.5571899414062,7000,0.0,0.0
2011-12-13 00:00:00+09:00,792.994459240202,821.9978248323949,792.994459240202,812.8016357421875,4500,0.0,0.0
2011-12-14 00:00:00+09:00,814.923691860465,822.7050812792716,814.923691860465,821.290283203125,6800,0.0,0.0
2011-12-15 00:00:00+09:00,820.583107785726,820.583107785726,805.0203247070312,805.0203247070312,5200,0.0,0.0
2011-12-16 00:00:00+09:00,805.0201747877774,817.0459594726562,802.8979774904458,817.0459594726562,6100,0.0,0.0
2011-12-19 00:00:00+09:00,843.9270566655082,857.3676384564927,834.7308691243081,846.7566528320312,22200,0.0,0.0
2011-12-20 00:00:00+09:00,848.8789672851562,848.8789672851562,840.3901776123047,848.8789672851562,21300,0.0,0.0
2011-12-21 00:00:00+09:00,848.879035260765,848.879035260765,846.0494384765625,846.0494384765625,13600,0.0,0.0
2011-12-22 00:00:00+09:00,841.8049684289383,842.5123675620719,814.923801369863,826.2421875,8200,0.0,0.0
2011-12-26 00:00:00+09:00,831.1937125953468,841.0972972560573,831.1937125953468,837.560302734375,5100,0.0,0.0
2011-12-27 00:00:00+09:00,838.2678674673934,848.8788531315377,838.2678674673934,845.3418579101562,10300,0.0,0.0
2011-12-28 00:00:00+09:00,846.0492537904005,855.9528403732312,844.634455707139,846.7566528320312,10600,0.0,0.0
2011-12-29 00:00:00+09:00,848.1717438048302,851.708740234375,843.9273480893766,851.708740234375,10400,0.0,0.0
2011-12-30 00:00:00+09:00,848.8788499569235,848.8788499569235,846.0492537904005,846.7566528320312,20200,0.0,0.0
2012-01-04 00:00:00+09:00,863.7342298311697,872.9304173723697,846.0492537904005,846.7566528320312,21300,0.0,0.0
2012-01-05 00:00:00+09:00,846.7568463918846,847.4642455952194,842.5124511718751,842.512451171875,4000,0.0,0.0
2012-01-06 00:00:00+09:00,842.5123356832812,843.2197347896483,838.2679410450783,839.6827392578125,2500,0.0,0.0
2012-01-10 00:00:00+09:00,844.6342976198358,844.6342976198358,834.730712890625,834.730712890625,4300,0.0,0.0
2012-01-11 00:00:00+09:00,845.3418852153577,845.3418852153577,833.3161010742188,833.3161010742188,2200,0.0,0.0
2012-01-12 00:00:00+09:00,834.7308976009198,839.6826910612642,833.3160994693927,834.0234985351562,9600,0.0,0.0
2012-01-13 00:00:00+09:00,853.8307612609864,853.8307612609864,841.8049758911133,848.8789672851562,1600,0.0,0.0
2012-01-16 00:00:00+09:00,848.8790422477978,848.8790422477978,843.2198486328125,843.2198486328125,1200,0.0,0.0
2012-01-17 00:00:00+09:00,847.4642438440515,848.8790422477978,843.2198486328125,843.2198486328125,3500,0.0,0.0
2012-01-18 00:00:00+09:00,852.4159629821777,855.245559539795,848.8789672851562,848.8789672851562,7100,0.0,0.0
2012-01-19 00:00:00+09:00,855.9527363679847,866.563720703125,851.7083426339285,866.563720703125,8300,0.0,0.0
2012-01-20 00:00:00+09:00,863.7343189258294,879.2970994470155,860.1973233528325,861.6121215820312,13700,0.0,0.0
2012-01-23 00:00:00+09:00,861.6119582306795,861.6119582306795,847.4639786209804,852.415771484375,16600,0.0,0.0
2012-01-24 00:00:00+09:00,852.4159596168658,884.2489207643836,850.2937622070312,850.2937622070312,5800,0.0,0.0
2012-01-25 00:00:00+09:00,860.1972061471193,869.3933933838896,857.367610074267,859.4898071289062,7600,0.0,0.0
2012-01-26 00:00:00+09:00,867.9785490550441,870.100745996499,851.0009735234052,852.415771484375,8200,0.0,0.0
2012-01-27 00:00:00+09:00,855.9527633401511,861.6119551638877,853.83056640625,853.83056640625,3100,0.0,0.0
2012-01-30 00:00:00+09:00,857.367610074267,866.5637973110372,853.8306149832016,859.4898071289062,6900,0.0,0.0
2012-01-31 00:00:00+09:00,848.8788218557099,859.4898071289062,847.4640238192837,859.4898071289062,15500,0.0,0.0
2012-02-01 00:00:00+09:00,848.8788611147585,853.1232554203323,840.3900725036109,841.8048706054688,13400,0.0,0.0
2012-02-02 00:00:00+09:00,848.8788965329602,853.8306900960691,843.2197038894071,853.123291015625,5400,0.0,0.0
2012-02-03 00:00:00+09:00,852.4157031350884,855.9526977539062,845.3417138974528,855.9526977539062,5700,0.0,0.0
2012-02-06 00:00:00+09:00,862.3195223530101,863.0269214689683,853.1233338455539,860.9047241210938,10000,0.0,0.0
2012-02-07 00:00:00+09:00,854.5381419829945,856.6603393554689,852.4159446105201,856.6603393554688,4200,0.0,0.0
2012-02-08 00:00:00+09:00,870.1008460873463,870.1008460873463,858.0750620357327,863.02685546875,10000,0.0,0.0
2012-02-09 00:00:00+09:00,872.9304089050538,880.7117982875138,867.9786156616702,877.8822021484375,14800,0.0,0.0
2012-02-10 00:00:00+09:00,883.5413042825365,891.3226928710938,883.5413042825365,891.3226928710938,6100,0.0,0.0
2012-02-13 00:00:00+09:00,898.396593560643,905.4705824863174,898.396593560643,904.76318359375,9200,0.0,0.0
2012-02-14 00:00:00+09:00,905.4707838820826,928.8149525290426,905.4707838820826,923.8631591796875,14400,0.0,0.0
2012-02-15 00:00:00+09:00,933.7668780239109,954.9888525244543,933.7668780239109,945.7926635742188,17800,0.0,0.0
2012-02-16 00:00:00+09:00,939.4260332892923,969.136796390309,939.4260332892923,962.0628051757812,12700,0.0,0.0
2012-02-17 00:00:00+09:00,969.1363071447269,969.8437059090661,948.6217429788895,960.6475219726562,19500,0.0,0.0
2012-02-20 00:00:00+09:00,970.5517667422961,976.2109607174699,949.3297893353946,967.0147705078125,21700,0.0,0.0
2012-02-21 00:00:00+09:00,981.1625513705183,985.4069459690929,971.9663630736064,974.7959594726562,47100,0.0,0.0
2012-02-22 00:00:00+09:00,969.8442975814419,972.6738943650494,952.8667168797974,970.5516967773438,29900,0.0,0.0
2012-02-23 00:00:00+09:00,975.5031040673651,979.7474975585938,966.3069181697033,979.7474975585938,19400,0.0,0.0
2012-02-24 00:00:00+09:00,979.7475767309269,981.8697736480335,969.8439911177622,971.2587890625,15400,0.0,0.0
2012-02-27 00:00:00+09:00,973.3812626461331,986.8218469413922,973.3812626461331,983.2848510742188,10700,0.0,0.0
2012-02-28 00:00:00+09:00,979.7475600931685,979.7475600931685,973.3809694499639,979.0401611328125,11400,0.0,0.0
2012-02-29 00:00:00+09:00,989.6513344977758,1003.7993164062501,983.2847426389624,1003.79931640625,31800,0.0,0.0
2012-03-01 00:00:00+09:00,1007.3363434709822,1018.6547293526786,980.4551770019532,990.3587646484375,12500,0.0,0.0
2012-03-02 00:00:00+09:00,981.1625695731225,994.6031527179598,981.1625695731225,993.1883544921875,5500,0.0,0.0
2012-03-05 00:00:00+09:00,1014.4104158100329,1014.4104158100329,998.1402348033168,1008.0438232421875,7500,0.0,0.0
2012-03-06 00:00:00+09:00,1010.8733503861861,1022.1917363947089,1005.2141573819248,1011.5807495117188,10400,0.0,0.0
2012-03-07 00:00:00+09:00,1002.3846418329623,1011.5808312075767,991.06625491036,1003.092041015625,8500,0.0,0.0
2012-03-08 00:00:00+09:00,1003.0919156786422,1008.0437093385508,991.0661310760067,1004.5067138671875,4500,0.0,0.0
2012-03-09 00:00:00+09:00,1004.5065202826626,1010.8731109041723,999.5547275770438,1009.4583129882812,13700,0.0,0.0
2012-03-12 00:00:00+09:00,1000.9697447339354,1007.336336749911,992.4809553793013,993.1883544921875,18900,0.0,0.0
2012-03-13 00:00:00+09:00,979.7478863240678,989.6514750666938,962.0629064265215,970.5516967773438,18800,0.0,0.0
2012-03-14 00:00:00+09:00,975.5033168094573,981.8699084347547,966.30712890625,966.30712890625,28400,0.0,0.0
2012-03-15 00:00:00+09:00,974.7960407948187,997.4328138756854,969.1368475246021,991.7736206054688,29400,0.0,0.0
2012-03-16 00:00:00+09:00,997.4329195774443,1024.3140904596733,997.4329195774443,1022.8992919921875,21600,0.0,0.0
2012-03-19 00:00:00+09:00,1028.5582022945898,1043.4135821076477,1028.5582022945898,1039.8765869140625,14400,0.0,0.0
2012-03-21 00:00:00+09:00,1055.4393657658377,1055.4393657658377,1039.8765869140625,1039.8765869140625,19600,0.0,0.0
2012-03-22 00:00:00+09:00,1039.8768450819189,1040.5842442962605,1033.510252152846,1034.2176513671875,12900,0.0,0.0
2012-03-23 00:00:00+09:00,1030.6804295125128,1036.33962198753,1024.3138379781185,1026.43603515625,16900,0.0,0.0
2012-03-26 00:00:00+09:00,1032.802620274914,1032.802620274914,1020.7768363402062,1029.265625,7400,0.0,0.0
2012-03-27 00:00:00+09:00,1026.4362881609018,1030.680683563359,1022.8992919921875,1022.8992919921875,13500,0.0,0.0
2012-03-28 00:00:00+09:00,1022.89911061646,1053.3172722737959,1022.89911061646,1048.365478515625,6900,0.0,0.0
2012-03-29 00:00:00+09:00,1049.0728515299045,1060.3912369813397,1037.0470669877545,1059.683837890625,15700,0.0,0.0
2012-03-30 00:00:00+09:00,1060.3914285230387,1080.906005859375,1054.0248355565896,1080.906005859375,21200,0.0,0.0
2012-04-02 00:00:00+09:00,1081.6133415441545,1110.616707798772,1080.9059423672124,1107.0797119140625,35500,0.0,0.0
2012-04-03 00:00:00+09:00,1104.9571562938202,1112.7385447184245,1090.1017783923025,1103.5423583984375,24800,0.0,0.0
2012-04-04 00:00:00+09:00,1103.5425589260396,1122.642333984375,1087.9797792488775,1122.642333984375,44100,0.0,0.0
2012-04-05 00:00:00+09:00,1098.5905657645983,1103.5423583984375,1087.9795815492287,1103.5423583984375,13400,0.0,0.0
2012-04-06 00:00:00+09:00,1087.272318390877,1096.468505859375,1046.9505733366937,1096.468505859375,27200,0.0,0.0
2012-04-09 00:00:00+09:00,1074.5391845703125,1080.1983771157782,1061.8060013430145,1074.5391845703125,9600,0.0,0.0
2012-04-10 00:00:00+09:00,1061.8057934766148,1071.709378492386,1051.9022084608434,1058.268798828125,13000,0.0,0.0
2012-04-11 00:00:00+09:00,1046.243438010992,1046.243438010992,1006.6290820078713,1034.2176513671875,16800,0.0,0.0
2012-04-12 00:00:00+09:00,1034.2176923400582,1034.9250915824248,1004.5069241606584,1017.947509765625,17000,0.0,0.0
2012-04-13 00:00:00+09:00,1017.9472753361066,1025.7286652101143,1008.043688223733,1013.702880859375,19800,0.0,0.0
2012-04-16 00:00:00+09:00,1008.7511596679689,1014.4103527095843,1006.628962277363,1008.7511596679688,20100,0.0,0.0
2012-04-17 00:00:00+09:00,1008.7511084328235,1013.7029020927322,1000.2623193015514,1004.5067138671875,14200,0.0,0.0
2012-04-18 00:00:00+09:00,998.1400979284625,1015.11767578125,997.4326988512631,1015.11767578125,51700,0.0,0.0
2012-04-19 00:00:00+09:00,1019.3622292352701,1024.314023548002,990.3588625464109,1000.262451171875,61800,0.0,0.0
2012-04-20 00:00:00+09:00,1008.0436009029224,1008.0436009029224,998.1400146484375,998.1400146484375,20700,0.0,0.0
2012-04-23 00:00:00+09:00,1005.2142265453673,1010.1660207648026,1000.969831500137,1008.0438232421875,27000,0.0,0.0
2012-04-24 00:00:00+09:00,1008.0438422347397,1010.8734389848723,998.1402536092756,1000.262451171875,37200,0.0,0.0
2012-04-25 00:00:00+09:00,1003.8501514100191,1026.0941504762884,1003.8501514100191,1022.5064086914062,74000,20.0,0.0
2012-04-26 00:00:00+09:00,1026.0939391230195,1031.1167765872578,1006.720137475242,1018.91845703125,14000,0.0,0.0
2012-04-27 00:00:00+09:00,1013.1782989501953,1023.9415245056152,998.1097831726074,998.8273315429688,15300,0.0,0.0
2012-05-01 00:00:00+09:00,983.7588382759258,1003.850193105777,980.1710963420238,1000.262451171875,15800,0.0,0.0
2012-05-02 00:00:00+09:00,999.5446613284713,1011.7429809570312,990.9340827671348,1011.7429809570312,10400,0.0,0.0
2012-05-07 00:00:00+09:00,995.9567928328181,995.9567928328181,970.125060453869,979.4531860351562,8500,0.0,0.0
2012-05-08 00:00:00+09:00,979.4535330787583,1000.9799843552145,979.4535330787583,991.65185546875,6400,0.0,0.0
2012-05-09 00:00:00+09:00,997.3921928707427,1004.5676762726906,989.4991611286002,998.1097412109375,17500,0.0,0.0
2012-05-10 00:00:00+09:00,997.3922348022461,1000.9799766540527,988.7816543579102,998.8273315429688,4600,0.0,0.0
2012-05-11 00:00:00+09:00,986.6290436792686,1000.2624631919276,982.32375330685,983.7588500976562,14300,0.0,0.0
2012-05-14 00:00:00+09:00,977.3008918177045,990.2167626346786,972.2780531666591,982.32373046875,13500,0.0,0.0
2012-05-15 00:00:00+09:00,970.12529590578,978.7358754552396,954.3392333984374,954.3392333984375,17800,0.0,0.0
2012-05-16 00:00:00+09:00,937.1179585162131,943.5758923804136,905.5458374023438,905.5458374023438,21400,0.0,0.0
2012-05-17 00:00:00+09:00,895.500331573363,895.500331573363,875.4089779803709,887.6072998046875,92900,0.0,0.0
2012-05-18 00:00:00+09:00,886.8896607916039,895.5002400225903,882.5843711761107,893.3475952148438,62800,0.0,0.0
2012-05-21 00:00:00+09:00,898.3704616070547,912.721427447423,898.3704616070547,908.4161376953125,23500,0.0,0.0
2012-05-22 00:00:00+09:00,909.1338003989672,917.7443809868026,906.2636068696887,915.5917358398438,4900,0.0,0.0
2012-05-23 00:00:00+09:00,918.4621939689491,918.4621939689491,896.2181877087636,901.2410278320312,14800,0.0,0.0
2012-05-24 00:00:00+09:00,896.935439691311,896.935439691311,875.4089891387194,882.58447265625,15500,0.0,0.0
2012-05-25 00:00:00+09:00,886.1719326949238,886.1719326949238,853.8822671311411,865.363037109375,23800,0.0,0.0
2012-05-28 00:00:00+09:00,854.5999737678691,855.3175220246011,835.2261708361037,843.1192016601562,11800,0.0,0.0
2012-05-29 00:00:00+09:00,843.1191085645452,868.2332947771062,837.3787231445312,837.3787231445312,39600,0.0,0.0
2012-05-30 00:00:00+09:00,858.9052501005285,878.996600980073,852.4473158892463,878.279052734375,26100,0.0,0.0
2012-05-31 00:00:00+09:00,886.1720584917672,886.1720584917672,766.3415048333663,793.6083374023438,230500,0.0,0.0
2012-06-01 00:00:00+09:00,803.6541137695312,839.531529562814,803.6541137695312,803.6541137695312,85500,0.0,0.0
2012-06-04 00:00:00+09:00,787.8681868119673,812.264833762429,785.7155414928089,789.3032836914062,28900,0.0,0.0
2012-06-05 00:00:00+09:00,789.3031810538116,810.8296314461884,789.3031810538116,800.06640625,40800,0.0,0.0
2012-06-06 00:00:00+09:00,824.4630310813445,824.4630310813445,812.2647094726562,812.2647094726562,26300,0.0,0.0
2012-06-07 00:00:00+09:00,839.5315142281447,858.9053184026404,832.3560312005537,850.2947387695312,42500,0.0,0.0
2012-06-08 00:00:00+09:00,868.2335358948267,868.2335358948267,847.4246329684216,853.882568359375,93300,0.0,0.0
2012-06-11 00:00:00+09:00,876.8441735909942,876.8441735909942,861.7756566962227,874.6915283203125,16500,0.0,0.0
2012-06-12 00:00:00+09:00,875.4090619660055,884.7371913148237,850.2948675653415,866.0809326171875,19900,0.0,0.0
2012-06-13 00:00:00+09:00,874.6914904835808,890.4775551190515,860.3405226331529,864.6458129882812,24900,0.0,0.0
2012-06-14 00:00:00+09:00,869.6686023246951,882.58447265625,869.6686023246951,882.58447265625,12400,0.0,0.0
2012-06-15 00:00:00+09:00,886.1720230821029,904.1107280027933,886.1720230821029,899.087890625,16200,0.0,0.0
2012-06-18 00:00:00+09:00,911.2862463842465,911.2862463842465,901.9581194527542,906.98095703125,3300,0.0,0.0
2012-06-19 00:00:00+09:00,919.1793345512615,919.1793345512615,904.1108208700932,904.828369140625,2600,0.0,0.0
2012-06-20 00:00:00+09:00,907.6987036343279,915.5917358398439,906.9811552520083,915.5917358398438,4000,0.0,0.0
2012-06-21 00:00:00+09:00,928.5075605878178,928.5075605878178,923.484722161145,924.2022705078125,8200,0.0,0.0
2012-06-22 00:00:00+09:00,922.7667894503976,924.91943359375,911.2860206858513,924.91943359375,3000,0.0,0.0
2012-06-25 00:00:00+09:00,922.0496132217129,922.0496132217129,906.2635498046875,906.2635498046875,5800,0.0,0.0
2012-06-26 00:00:00+09:00,906.2634656816887,907.6985622227523,904.1108208700932,904.828369140625,900,0.0,0.0
2012-06-27 00:00:00+09:00,899.8054517452766,906.2633856094772,897.6528071238764,905.5458374023438,3200,0.0,0.0
2012-06-28 00:00:00+09:00,927.0727763581313,928.5078735351562,904.1112215257317,928.5078735351562,9800,0.0,0.0
2012-06-29 00:00:00+09:00,957.2093718557646,957.2093718557646,943.5759550152403,947.1636962890625,28500,0.0,0.0
2012-07-02 00:00:00+09:00,945.7286538489778,957.2094265815906,943.576008961613,954.3392333984375,7000,0.0,0.0
2012-07-03 00:00:00+09:00,954.3391618179402,967.255030173371,954.3391618179402,959.3619995117188,4700,0.0,0.0
2012-07-04 00:00:00+09:00,965.1022917530067,965.8198399253139,947.8811356176371,953.6215209960938,14900,0.0,0.0
2012-07-05 00:00:00+09:00,950.7516022075043,962.9499246509214,944.2936667962836,947.8814086914062,13600,0.0,0.0
2012-07-06 00:00:00+09:00,945.0109353101891,951.4688688088919,939.9880981445312,939.9880981445312,19000,0.0,0.0
2012-07-09 00:00:00+09:00,939.9886673328489,939.9886673328489,918.4622093023256,925.6376953125,4700,0.0,0.0
2012-07-10 00:00:00+09:00,904.1109927241414,916.3093156418481,898.37060546875,898.37060546875,15300,0.0,0.0
2012-07-11 00:00:00+09:00,896.9354010247565,898.3704976663962,882.5844346083604,884.01953125,5800,0.0,0.0
2012-07-12 00:00:00+09:00,893.3474620472301,893.3474620472301,866.7981800426137,868.2332763671875,2800,0.0,0.0
2012-07-13 00:00:00+09:00,862.4931182097115,865.3633116147355,855.3176346971514,859.6229248046875,9200,0.0,0.0
2012-07-17 00:00:00+09:00,861.0579833984375,861.0579833984375,853.8825002034505,861.0579833984375,8700,0.0,0.0
2012-07-18 00:00:00+09:00,861.0579239694696,873.9737928290117,852.447344729775,872.5386962890625,7700,0.0,0.0
2012-07-19 00:00:00+09:00,875.4087916468274,894.7825927734375,868.2333097480829,894.7825927734375,8400,0.0,0.0
2012-07-20 00:00:00+09:00,911.2863674411526,911.2863674411526,884.01953125,884.01953125,20200,0.0,0.0
2012-07-23 00:00:00+09:00,882.58447265625,889.0424078220274,875.4089891387194,882.58447265625,3700,0.0,0.0
2012-07-24 00:00:00+09:00,875.4091186523438,875.4091186523438,866.0809886994908,875.4091186523438,8700,0.0,0.0
2012-07-25 00:00:00+09:00,884.0195438345683,884.0195438345683,830.9209673380115,835.2262573242188,7400,0.0,0.0
2012-07-26 00:00:00+09:00,829.4859539575069,853.1650512590621,822.3104699267327,836.6614379882812,10000,0.0,0.0
2012-07-27 00:00:00+09:00,853.8825683593749,856.7527618664652,848.1421813451942,853.882568359375,9500,0.0,0.0
2012-07-30 00:00:00+09:00,860.340594019882,871.1038208007814,860.340594019882,871.1038208007812,4100,0.0,0.0
2012-07-31 00:00:00+09:00,885.4546967301939,885.4546967301939,872.5388259513094,876.8441162109375,16300,0.0,0.0
2012-08-01 00:00:00+09:00,875.4089697064686,876.1265180422936,859.6229063183191,871.8212280273438,4300,0.0,0.0
2012-08-02 00:00:00+09:00,880.4317370092734,888.3247680664064,870.3860611183771,888.3247680664062,5700,0.0,0.0
2012-08-03 00:00:00+09:00,886.1721232326428,888.3247680664064,880.4317370092734,888.3247680664062,3400,0.0,0.0
2012-08-06 00:00:00+09:00,909.851219357468,918.4617987204724,904.1108331154651,911.2863159179688,4600,0.0,0.0
2012-08-07 00:00:00+09:00,904.1107163350598,922.7669692118151,903.3931681474924,913.4388427734375,4000,0.0,0.0
2012-08-08 00:00:00+09:00,914.1562829945763,918.4615716115052,898.3702247325035,910.5685424804688,5500,0.0,0.0
2012-08-09 00:00:00+09:00,909.1337169605297,919.8969417074973,902.6757821123491,914.1565551757812,4300,0.0,0.0
2012-08-10 00:00:00+09:00,914.1564732946224,914.1564732946224,889.7598327200407,903.3932495117188,6400,0.0,0.0
2012-08-13 00:00:00+09:00,896.935447520037,896.935447520037,883.3020287177324,886.8897705078125,1500,0.0,0.0
2012-08-14 00:00:00+09:00,906.2634819105316,906.2634819105316,881.1492919921875,881.1492919921875,400,0.0,0.0
2012-08-15 00:00:00+09:00,878.2790765977443,896.9353314927944,838.0963737468671,858.9052734375,11300,0.0,0.0
2012-08-16 00:00:00+09:00,874.691371084049,878.2791125569122,861.0579534871688,866.79833984375,4400,0.0,0.0
2012-08-17 00:00:00+09:00,868.2334634477405,887.6072680040124,866.7983668139426,870.3861083984375,5600,0.0,0.0
2012-08-20 00:00:00+09:00,882.5844166544173,896.2178344726562,881.8668683481942,896.2178344726562,4200,0.0,0.0
2012-08-21 00:00:00+09:00,896.9353955806331,914.1565551757812,887.6072674665945,914.1565551757812,8900,0.0,0.0
2012-08-22 00:00:00+09:00,917.7442504402221,917.7442504402221,907.6985745167169,911.2863159179688,2200,0.0,0.0
2012-08-23 00:00:00+09:00,911.2867045852373,913.4393503441,905.5463158949366,912.7218017578125,2100,0.0,0.0
2012-08-24 00:00:00+09:00,914.8741351959367,946.4462622144631,914.1565868546065,942.8585205078125,10800,0.0,0.0
2012-08-27 00:00:00+09:00,929.2249899199514,948.5987927985914,929.2249899199514,947.1636962890625,7600,0.0,0.0
2012-08-28 00:00:00+09:00,937.1181873094326,937.1181873094326,912.7215423105653,915.5917358398438,4000,0.0,0.0
2012-08-29 00:00:00+09:00,915.59148733614,919.8967764615451,913.4388427734375,913.4388427734375,3000,0.0,0.0
2012-08-30 00:00:00+09:00,904.8281576578969,910.5685424804688,904.8281576578969,910.5685424804688,3500,0.0,0.0
2012-08-31 00:00:00+09:00,896.9352814832679,896.9352814832679,878.9965758536025,886.1720581054688,10600,0.0,0.0
2012-09-03 00:00:00+09:00,886.1722451067985,886.8897934834032,873.9739227045187,876.8441162109375,8100,0.0,0.0
2012-09-04 00:00:00+09:00,869.6686023246951,885.4546660632622,869.6686023246951,882.58447265625,10700,0.0,0.0
2012-09-05 00:00:00+09:00,875.4090233890354,885.4547007066145,861.7756041723209,867.5159912109375,4400,0.0,0.0
2012-09-06 00:00:00+09:00,866.7984428311105,878.9967652881708,866.0808944512834,867.5159912109375,6000,0.0,0.0
2012-09-07 00:00:00+09:00,885.4546967301939,886.1722451067985,875.4090194577282,876.8441162109375,16100,0.0,0.0
2012-09-10 00:00:00+09:00,898.3704648049461,898.3704648049461,866.79833984375,866.79833984375,39600,0.0,0.0
2012-09-11 00:00:00+09:00,863.2105722768547,863.2105722768547,830.9208999971719,842.4016723632812,30300,0.0,0.0
2012-09-12 00:00:00+09:00,835.9436645507812,842.4015984400147,835.2261163408664,835.9436645507812,17700,0.0,0.0
2012-09-13 00:00:00+09:00,841.6841389973957,848.1420735677083,835.9437527126736,839.531494140625,15700,0.0,0.0
2012-09-14 00:00:00+09:00,838.0964056521046,849.5771783322705,838.0964056521046,843.8367919921875,13000,0.0,0.0
2012-09-18 00:00:00+09:00,843.1192436996772,857.4702095498844,836.661309067084,843.8367919921875,29100,0.0,0.0
2012-09-19 00:00:00+09:00,838.81396484375,842.4017063529192,834.508675032747,838.81396484375,23900,0.0,0.0
2012-09-20 00:00:00+09:00,839.531547310426,843.8368372966333,830.2034190069769,835.2262573242188,37100,0.0,0.0
2012-09-21 00:00:00+09:00,835.2261989404594,835.2261989404594,822.310329884679,825.8980712890625,19800,0.0,0.0
2012-09-24 00:00:00+09:00,825.8982713397471,826.6158197944297,809.3946568820458,811.5473022460938,13700,0.0,0.0
2012-09-25 00:00:00+09:00,804.3716281467014,815.1348524305555,800.78388671875,807.2418212890625,19200,0.0,0.0
2012-09-26 00:00:00+09:00,804.3714502212849,811.5469314899851,804.3714502212849,809.394287109375,14600,0.0,0.0
2012-09-27 00:00:00+09:00,809.3945809944705,809.3945809944705,802.219097120406,802.9366455078125,34200,0.0,0.0
2012-09-28 00:00:00+09:00,824.4629114898817,827.3331043932407,814.417236328125,814.417236328125,26900,0.0,0.0
2012-10-01 00:00:00+09:00,812.9820277437251,818.0048646318152,809.394287109375,809.394287109375,16800,0.0,0.0
2012-10-02 00:00:00+09:00,816.5701625946815,828.768486640472,816.5701625946815,824.4631958007812,13600,0.0,0.0
2012-10-03 00:00:00+09:00,829.4858195165289,829.4858195165289,815.8524020677278,818.7225952148438,21300,0.0,0.0
2012-10-04 00:00:00+09:00,820.1574895160628,825.1803262847526,815.134652747373,819.43994140625,15500,0.0,0.0
2012-10-05 00:00:00+09:00,825.1803262847526,825.1803262847526,819.43994140625,819.43994140625,11100,0.0,0.0
2012-10-09 00:00:00+09:00,820.1577645741338,834.508731583305,820.1577645741338,825.1806030273438,9100,0.0,0.0
2012-10-10 00:00:00+09:00,832.3560360618985,834.5086809827483,820.1577148437501,820.15771484375,21400,0.0,0.0
2012-10-11 00:00:00+09:00,818.0052143746587,823.7456018439547,818.0052143746587,821.5929565429688,14900,0.0,0.0
2012-10-12 00:00:00+09:00,828.050518724004,828.050518724004,819.43994140625,819.43994140625,19600,0.0,0.0
2012-10-15 00:00:00+09:00,818.0050048828124,820.1576496325041,816.5699083830181,818.0050048828125,8900,0.0,0.0
2012-10-16 00:00:00+09:00,818.7225952148438,819.4401435016227,815.8524020677278,818.7225952148438,12400,0.0,0.0
2012-10-17 00:00:00+09:00,820.1577645741338,825.1806030273438,819.4402162236753,825.1806030273438,13500,0.0,0.0
2012-10-18 00:00:00+09:00,830.9208999971719,842.4016723632812,823.0278689954716,842.4016723632812,30600,0.0,0.0
2012-10-19 00:00:00+09:00,846.7070922851562,849.5772858183262,840.9667052188162,846.7070922851562,15500,0.0,0.0
2012-10-22 00:00:00+09:00,845.9895439018637,846.7070922851562,838.0965116856462,846.7070922851562,15800,0.0,0.0
2012-10-23 00:00:00+09:00,850.2947617541267,852.4474067205929,846.7070201433498,851.7298583984375,11300,0.0,0.0
2012-10-24 00:00:00+09:00,848.1421357487748,855.3176191307441,839.5315556904116,851.0123291015625,23700,0.0,0.0
2012-10-25 00:00:00+09:00,854.6002197265625,856.0353166530555,851.01247741033,854.6002197265625,13700,0.0,0.0
2012-10-26 00:00:00+09:00,859.6228667053995,864.6457048247132,850.2947387695312,850.2947387695312,19700,0.0,0.0
2012-10-29 00:00:00+09:00,847.3754408381734,869.271447061382,840.0767720971039,861.9727783203125,27400,20.0,0.0
2012-10-30 00:00:00+09:00,864.8921508789062,864.8921508789062,858.3233497329904,864.8921508789062,8800,0.0,0.0
2012-10-31 00:00:00+09:00,847.3753313998163,866.3518676757812,847.3753313998163,866.3518676757812,7800,0.0,0.0
2012-11-01 00:00:00+09:00,851.0247232728086,864.1623262049789,851.0247232728086,861.2428588867188,11900,0.0,0.0
2012-11-02 00:00:00+09:00,864.891829657277,878.75929359271,864.891829657277,877.299560546875,19600,0.0,0.0
2012-11-05 00:00:00+09:00,880.9490240066872,880.9490240066872,876.5698242187501,876.56982421875,8000,0.0,0.0
2012-11-06 00:00:00+09:00,880.9492118024907,880.9492118024907,862.7025421296968,865.6220092773438,12900,0.0,0.0
2012-11-07 00:00:00+09:00,859.7830956738866,874.3804317634263,842.9961591709159,853.2142944335938,11200,0.0,0.0
2012-11-08 00:00:00+09:00,846.645560383694,865.6220988060871,845.9156935212942,847.3754272460938,6900,0.0,0.0
2012-11-09 00:00:00+09:00,841.5362163570757,846.6452827183068,816.7207511739529,823.28955078125,26700,0.0,0.0
2012-11-12 00:00:00+09:00,820.3701171875,822.5597171444061,815.9909172736877,820.3701171875,17800,0.0,0.0
2012-11-13 00:00:00+09:00,832.0479336628871,832.0479336628871,820.3700679272677,824.749267578125,4700,0.0,0.0
2012-11-14 00:00:00+09:00,835.6974043558276,835.6974043558276,826.9390036114871,834.2376708984375,2900,0.0,0.0
2012-11-15 00:00:00+09:00,834.2378237228985,847.3754272460938,834.2378237228985,847.3754272460938,6300,0.0,0.0
2012-11-16 00:00:00+09:00,859.7830116847898,864.1622120838634,853.9440778193583,860.5128784179688,30700,0.0,0.0
2012-11-19 00:00:00+09:00,866.3518605541772,888.9777305433764,863.4323934587967,888.2478637695312,18200,0.0,0.0
2012-11-20 00:00:00+09:00,890.437394566528,891.1672612833859,883.13872739795,888.9776611328125,11400,0.0,0.0
2012-11-21 00:00:00+09:00,890.437477173844,899.9257453732374,885.3284096818629,897.7361450195312,19600,0.0,0.0
2012-11-22 00:00:00+09:00,912.3332787912789,926.2007446289062,905.7644791839816,926.2007446289062,27600,0.0,0.0
2012-11-26 00:00:00+09:00,941.5281708095902,948.8268388003621,934.2295028188181,938.6087036132812,27300,0.0,0.0
2012-11-27 00:00:00+09:00,923.2814903259277,942.9878936767578,923.2814903259277,934.2294921875,13600,0.0,0.0
2012-11-28 00:00:00+09:00,930.5801897093033,952.4761941730517,930.5801897093033,947.3671264648438,8300,0.0,0.0
2012-11-29 00:00:00+09:00,945.9072130926725,952.4760131835938,941.5280130320582,952.4760131835938,12800,0.0,0.0
2012-11-30 00:00:00+09:00,955.3955048591861,955.3955048591861,941.5280376381589,950.2864379882812,13800,0.0,0.0
2012-12-03 00:00:00+09:00,955.3959271337557,964.1543313549971,950.2868580046982,961.23486328125,15100,0.0,0.0
2012-12-04 00:00:00+09:00,965.6136112559926,966.3434779311672,959.7746778545958,963.4240112304688,13900,0.0,0.0
2012-12-05 00:00:00+09:00,967.8031998029038,969.2629331359399,956.1253331386154,959.0447998046875,6900,0.0,0.0
2012-12-06 00:00:00+09:00,957.585640746124,959.0453749545785,929.8506907854893,941.528564453125,15500,0.0,0.0
2012-12-07 00:00:00+09:00,953.9358638701376,956.1254641697631,941.5281288389269,942.2579956054688,6800,0.0,0.0
2012-12-10 00:00:00+09:00,948.8267738758648,954.665707868947,945.9073068793236,949.556640625,16800,0.0,0.0
2012-12-11 00:00:00+09:00,953.2059326171875,953.2059326171875,945.9072654455398,953.2059326171875,12300,0.0,0.0
2012-12-12 00:00:00+09:00,951.0164501990088,964.1540527343749,951.0164501990088,964.154052734375,7100,0.0,0.0
2012-12-13 00:00:00+09:00,972.9123562029939,980.9408902751866,971.4526227353225,978.0214233398438,26700,0.0,0.0
2012-12-14 00:00:00+09:00,999.9173470326532,1021.8133473326383,986.7797468526621,995.5381469726562,47300,0.0,0.0
2012-12-17 00:00:00+09:00,978.0214206383627,984.5902212247397,942.9878175110183,972.912353515625,65800,0.0,0.0
2012-12-18 00:00:00+09:00,959.774595926252,969.2628618935838,929.8500647985134,932.76953125,60600,0.0,0.0
2012-12-19 00:00:00+09:00,941.5280212215118,970.72268854621,934.2293543903373,951.7461547851562,101900,0.0,0.0
2012-12-20 00:00:00+09:00,948.8266403610642,951.7461069467905,924.0111743823902,945.1773071289062,58500,0.0,0.0
2012-12-21 00:00:00+09:00,956.1256138582407,957.5853476198564,926.2010717451202,940.0685424804688,51600,0.0,0.0
2012-12-25 00:00:00+09:00,956.1255073112226,959.7748413085936,949.5567061159546,959.7748413085938,23800,0.0,0.0
2012-12-26 00:00:00+09:00,978.751370227913,983.130570989559,968.5332351174053,981.6708374023438,16900,0.0,0.0
2012-12-27 00:00:00+09:00,983.8604207182136,1020.353759765625,983.8604207182136,1020.353759765625,19900,0.0,0.0
2012-12-28 00:00:00+09:00,1058.3069695366753,1058.3069695366753,1034.2213626437717,1051.00830078125,40100,0.0,0.0
2013-01-04 00:00:00+09:00,1069.2547384788477,1071.4443386259034,1052.4678040180875,1060.496337890625,15200,0.0,0.0
2013-01-07 00:00:00+09:00,1066.3355771139945,1068.525177888356,1043.7097024455936,1055.3875732421875,18500,0.0,0.0
2013-01-08 00:00:00+09:00,1042.9796142578125,1052.4678822671558,1037.1406800982165,1042.9796142578125,14800,0.0,0.0
2013-01-09 00:00:00+09:00,1022.5433858807168,1042.2497894630003,985.3201791141811,1039.330322265625,40000,0.0,0.0
2013-01-10 00:00:00+09:00,1043.7092293783128,1045.1689625662545,1024.0028313410999,1032.76123046875,15200,0.0,0.0
2013-01-11 00:00:00+09:00,1039.3302471323273,1046.628914598144,1030.571846173347,1045.8990478515625,25800,0.0,0.0
2013-01-15 00:00:00+09:00,1043.7093239462836,1061.955990448841,1042.249590626079,1056.846923828125,24200,0.0,0.0
2013-01-16 00:00:00+09:00,1056.8471595442977,1059.7666268358566,1044.4394235551727,1057.5770263671875,23800,0.0,0.0
2013-01-17 00:00:00+09:00,1057.5768153418308,1057.5768153418308,1043.7093484739944,1054.6573486328125,14500,0.0,0.0
2013-01-18 00:00:00+09:00,1064.8758679642813,1092.6108117495057,1061.9564001974154,1084.582275390625,36500,0.0,0.0
2013-01-21 00:00:00+09:00,1093.3406786912221,1093.3406786912221,1080.2030737403263,1084.582275390625,9400,0.0,0.0
2013-01-22 00:00:00+09:00,1089.691170536481,1090.4210373620244,1080.2029018044152,1088.9613037109375,9500,0.0,0.0
2013-01-23 00:00:00+09:00,1080.2029605955386,1090.4210967092802,1062.6861558291246,1083.852294921875,10500,0.0,0.0
2013-01-24 00:00:00+09:00,1083.8522359321328,1090.4210373620244,1069.9847662468057,1088.9613037109375,15400,0.0,0.0
2013-01-25 00:00:00+09:00,1088.9611595360009,1093.34035990947,1074.3638249577702,1080.2027587890625,17500,0.0,0.0
2013-01-28 00:00:00+09:00,1087.5016445583767,1091.1509789360894,1033.4914957682292,1051.00830078125,27800,0.0,0.0
2013-01-29 00:00:00+09:00,1068.5250075940057,1079.4730097209936,1058.3068722754838,1069.9847412109375,6500,0.0,0.0
2013-01-30 00:00:00+09:00,1069.2550025950156,1090.421142578125,1061.9563336353226,1090.421142578125,12000,0.0,0.0
2013-01-31 00:00:00+09:00,1090.420735242766,1094.070068359375,1082.3922023862262,1094.070068359375,19500,0.0,0.0
2013-02-01 00:00:00+09:00,1094.070443045154,1094.800309918433,1083.8523068192485,1093.340576171875,10200,0.0,0.0
2013-02-04 00:00:00+09:00,1091.150833381678,1109.397502836221,1091.150833381678,1105.7481689453125,16100,0.0,0.0
2013-02-05 00:00:00+09:00,1103.5585282488566,1103.5585282488566,1077.2833251953125,1077.2833251953125,11600,0.0,0.0
2013-02-06 00:00:00+09:00,1080.2029605955386,1087.5016292482112,1071.4445582123317,1083.852294921875,46900,0.0,0.0
2013-02-07 00:00:00+09:00,1094.8002579575466,1140.052001953125,1088.2314564098012,1140.052001953125,100700,0.0,0.0
2013-02-08 00:00:00+09:00,1110.8569875863882,1141.5113854041467,1110.8569875863882,1138.5919189453125,36300,0.0,0.0
2013-02-12 00:00:00+09:00,1132.0234000236364,1152.4596703013037,1131.2935332280056,1145.890869140625,18400,0.0,0.0
2013-02-13 00:00:00+09:00,1141.5115408115287,1149.540074666341,1102.8286049656135,1103.5584716796875,22600,0.0,0.0
2013-02-14 00:00:00+09:00,1099.1794392685467,1121.805310860396,1088.9613037109375,1088.9613037109375,14100,0.0,0.0
2013-02-15 00:00:00+09:00,1087.501275566187,1104.2882080078125,1069.2546098687676,1104.2882080078125,28200,0.0,0.0
2013-02-18 00:00:00+09:00,1103.558440857137,1114.5064412624656,1095.5299072265625,1095.5299072265625,9200,0.0,0.0
2013-02-19 00:00:00+09:00,1098.4495805439196,1113.0469171624434,1095.5301132202148,1109.3975830078125,14100,0.0,0.0
2013-02-20 00:00:00+09:00,1110.126986255053,1150.99951171875,1110.126986255053,1150.99951171875,43800,0.0,0.0
2013-02-21 00:00:00+09:00,1151.7295866986724,1167.786653179896,1110.1271871791384,1121.8050537109375,60300,0.0,0.0
2013-02-22 00:00:00+09:00,1110.12743306655,1110.8572998864493,1076.5535593511909,1089.691162109375,44100,0.0,0.0
2013-02-25 00:00:00+09:00,1111.5870497226715,1121.0753173828125,1105.7481157779694,1121.0753173828125,50100,0.0,0.0
2013-02-26 00:00:00+09:00,1102.8284300984237,1156.838558375911,1102.8284300984237,1151.7294921875,37500,0.0,0.0
2013-02-27 00:00:00+09:00,1147.3503617637662,1188.9527603773379,1146.620495121423,1178.0047607421875,40800,0.0,0.0
2013-02-28 00:00:00+09:00,1218.8772948100761,1275.0770263671875,1207.1994285124947,1275.0770263671875,66300,0.0,0.0
2013-03-01 00:00:00+09:00,1267.7784839656556,1287.4848852708212,1245.1526158004656,1264.129150390625,22300,0.0,0.0
2013-03-04 00:00:00+09:00,1277.266757048708,1323.978227020775,1275.807023612081,1306.46142578125,36100,0.0,0.0
2013-03-05 00:00:00+09:00,1310.1107593728177,1349.5235621617492,1306.46142578125,1306.46142578125,36500,0.0,0.0
2013-03-06 00:00:00+09:00,1335.6560615149365,1342.9547285177503,1308.6509936045252,1341.4949951171875,33400,0.0,0.0
2013-03-07 00:00:00+09:00,1342.9547250725539,1350.2533920566439,1315.219790533012,1320.328857421875,42300,0.0,0.0
2013-03-08 00:00:00+09:00,1328.3575944153977,1332.0069284659894,1313.7602582130305,1323.9783935546875,46800,0.0,0.0
2013-03-11 00:00:00+09:00,1339.3056548990448,1364.8509943657841,1313.7603154323056,1361.20166015625,78400,0.0,0.0
2013-03-12 00:00:00+09:00,1390.3962244081104,1432.72849790715,1353.9028851848004,1413.0220947265625,23800,0.0,0.0
2013-03-13 00:00:00+09:00,1423.2400333180146,1455.3541674031392,1407.1829662754524,1451.704833984375,39800,0.0,0.0
2013-03-14 00:00:00+09:00,1423.24027667292,1442.9466805037757,1421.0506762472694,1440.757080078125,32100,0.0,0.0
2013-03-15 00:00:00+09:00,1441.4867555850378,1459.0035566655647,1423.2400877928221,1457.5438232421875,29900,0.0,0.0
2013-03-18 00:00:00+09:00,1445.1362379807692,1445.1362379807692,1404.9935647035256,1423.240234375,26200,0.0,0.0
2013-03-19 00:00:00+09:00,1426.889539579066,1439.2972747058404,1417.4012715409442,1436.3778076171875,32000,0.0,0.0
2013-03-21 00:00:00+09:00,1423.2400233551996,1434.1880235348551,1400.6141563172453,1420.320556640625,48200,0.0,0.0
2013-03-22 00:00:00+09:00,1401.3441023203986,1402.8038357603157,1385.2870344813107,1391.8558349609375,35800,0.0,0.0
2013-03-25 00:00:00+09:00,1364.1209864354396,1394.775390625,1346.604184041405,1394.775390625,38700,0.0,0.0
2013-03-26 00:00:00+09:00,1386.016901201269,1392.5857016808961,1376.5286338418082,1391.8558349609375,20400,0.0,0.0
2013-03-27 00:00:00+09:00,1383.097347970736,1394.0453480865995,1372.1493478548728,1377.98828125,48200,0.0,0.0
2013-03-28 00:00:00+09:00,1383.0974757759102,1400.6142775799321,1379.448142066739,1388.20654296875,26600,0.0,0.0
2013-03-29 00:00:00+09:00,1394.0455036009096,1394.0455036009096,1353.172965275438,1353.90283203125,43500,0.0,0.0
2013-04-01 00:00:00+09:00,1346.604298965707,1358.28216822503,1294.0538872987524,1321.0589599609375,36500,0.0,0.0
2013-04-02 00:00:00+09:00,1281.6458520196375,1346.60398461061,1266.3186521948012,1315.9495849609375,47000,0.0,0.0
2013-04-03 00:00:00+09:00,1315.949956087458,1315.949956087458,1299.163018211689,1305.001953125,23300,0.0,0.0
2013-04-04 00:00:00+09:00,1291.134502834744,1313.7603759765625,1268.5086296929253,1313.7603759765625,33800,0.0,0.0
2013-04-05 00:00:00+09:00,1367.0405654001904,1404.2637735344188,1328.3576236136394,1353.173095703125,46200,0.0,0.0
2013-04-08 00:00:00+09:00,1379.448142066739,1404.2636112891034,1375.7988083575676,1388.20654296875,35200,0.0,0.0
2013-04-09 00:00:00+09:00,1404.9940478291871,1442.947133796521,1402.0745796778538,1433.4588623046875,32300,0.0,0.0
2013-04-10 00:00:00+09:00,1423.9699734774504,1445.1361083984375,1417.4011729847302,1445.1361083984375,24800,0.0,0.0
2013-04-11 00:00:00+09:00,1445.1361616756794,1469.9516311185953,1425.429759471011,1429.8089599609375,20000,0.0,0.0
2013-04-12 00:00:00+09:00,1429.0789069504035,1437.8373067887103,1416.6711738461354,1424.69970703125,12200,0.0,0.0
2013-04-15 00:00:00+09:00,1409.3726753788064,1417.401209521306,1397.6948075351704,1399.154541015625,15500,0.0,0.0
2013-04-16 00:00:00+09:00,1372.1493275960286,1403.5335941314697,1358.2818609873452,1401.343994140625,19500,0.0,0.0
2013-04-17 00:00:00+09:00,1412.292146706883,1445.136150118671,1412.292146706883,1441.48681640625,10500,0.0,0.0
2013-04-18 00:00:00+09:00,1437.1075414226902,1448.0555419921875,1423.9699407392934,1448.0555419921875,12600,0.0,0.0
2013-04-19 00:00:00+09:00,1448.0555445340274,1448.0555445340274,1412.2920759442254,1437.1075439453125,16000,0.0,0.0
2013-04-22 00:00:00+09:00,1441.486846524303,1455.3543149212455,1441.486846524303,1449.515380859375,10400,0.0,0.0
2013-04-23 00:00:00+09:00,1452.434789463317,1456.0841231051845,1445.8659889079552,1454.6243896484375,26200,0.0,0.0
2013-04-24 00:00:00+09:00,1459.7333508601205,1468.4917509652812,1452.4346841058198,1453.16455078125,53000,0.0,0.0
2013-04-25 00:00:00+09:00,1467.909981855107,1484.8672543727703,1467.909981855107,1472.3336181640625,19400,20.0,0.0
2013-04-26 00:00:00+09:00,1481.91845703125,1484.130275623834,1470.8593640683303,1481.91845703125,34000,0.0,0.0
2013-04-30 00:00:00+09:00,1481.9182052977346,1540.9000244140625,1481.9182052977346,1540.9000244140625,21900,0.0,0.0
2013-05-01 00:00:00+09:00,1540.9000847929267,1548.2728124713617,1504.0364464007514,1508.4600830078125,16100,0.0,0.0
2013-05-02 00:00:00+09:00,1511.409194893905,1529.1037415658334,1485.6046476640088,1503.2991943359375,16900,0.0,0.0
2013-05-07 00:00:00+09:00,1529.1038126548901,1534.2647223408035,1518.7819932830635,1524.68017578125,18100,0.0,0.0
2013-05-08 00:00:00+09:00,1524.6800241570722,1540.9000244140625,1518.7818422454395,1540.9000244140625,32200,0.0,0.0
2013-05-09 00:00:00+09:00,1540.900129918529,1543.849221076268,1526.154674129835,1532.0528564453125,23200,0.0,0.0
2013-05-10 00:00:00+09:00,1540.9002420176632,1548.2729704483697,1536.4766049592392,1543.112060546875,27700,0.0,0.0
2013-05-13 00:00:00+09:00,1548.2730379971592,1581.4503173828125,1548.2730379971592,1581.4503173828125,63500,0.0,0.0
2013-05-14 00:00:00+09:00,1577.026611328125,1613.8902534816577,1572.6029742697012,1577.026611328125,28500,0.0,0.0
2013-05-15 00:00:00+09:00,1592.509210759943,1612.4155758944423,1555.6455716219814,1557.1201171875,33300,0.0,0.0
2013-05-16 00:00:00+09:00,1566.7047528632122,1566.7047528632122,1452.4274650073073,1505.5111083984375,54900,0.0,0.0
2013-05-17 00:00:00+09:00,1511.409302621925,1576.2893117100857,1507.7229384691886,1562.2811279296875,26800,0.0,0.0
2013-05-20 00:00:00+09:00,1585.8734764444202,1650.0161972490064,1579.2380225680838,1646.329833984375,69600,0.0,0.0
2013-05-21 00:00:00+09:00,1695.7275232160725,1717.1084354653187,1682.4566121648163,1703.8375244140625,72800,0.0,0.0
2013-05-22 00:00:00+09:00,1687.6176173302972,1710.4730765427216,1685.4057986968369,1689.0921630859375,29000,0.0,0.0
2013-05-23 00:00:00+09:00,1683.9308788614535,1687.6172424316408,1574.077244469879,1607.2545166015625,31200,0.0,0.0
2013-05-24 00:00:00+09:00,1607.2546442611751,1622.0000997131124,1568.916460086138,1610.2037353515625,33400,0.0,0.0
2013-05-27 00:00:00+09:00,1580.713023646665,1605.0430282083908,1529.841195926693,1569.6539306640625,37100,0.0,0.0
2013-05-28 00:00:00+09:00,1534.2646484375,1570.3910144987385,1533.52737566074,1534.2646484375,29600,0.0,0.0
2013-05-29 00:00:00+09:00,1541.6373767140494,1599.8819260973157,1541.6373767140494,1599.1446533203125,18100,0.0,0.0
2013-05-30 00:00:00+09:00,1566.7045229957218,1569.6536138625372,1535.0017961774554,1548.272705078125,24500,0.0,0.0
2013-05-31 00:00:00+09:00,1584.3994572873976,1584.3994572873976,1551.9594497859339,1574.07763671875,34800,0.0,0.0
2013-06-03 00:00:00+09:00,1548.272687885123,1572.602687266175,1537.2135972573724,1570.390869140625,41500,0.0,0.0
2013-06-04 00:00:00+09:00,1551.9595262764633,1552.6967992105615,1495.189510350911,1547.535888671875,42100,0.0,0.0
2013-06-05 00:00:00+09:00,1548.2727518036033,1548.2727518036033,1537.213660719292,1540.9000244140625,33800,0.0,0.0
2013-06-06 00:00:00+09:00,1511.4090281519398,1537.9508452316811,1456.1135759024785,1496.66357421875,36100,0.0,0.0
2013-06-07 00:00:00+09:00,1438.4194017928685,1467.1730443709935,1401.555757461939,1437.68212890625,53400,0.0,0.0
2013-06-10 00:00:00+09:00,1504.0366215835006,1523.9429886338705,1445.0547932861084,1470.1220703125,66600,0.0,0.0
2013-06-11 00:00:00+09:00,1445.7917181739238,1445.7917181739238,1412.6144477415796,1431.0462646484375,75300,0.0,0.0
2013-06-12 00:00:00+09:00,1402.2928466796875,1404.5046650498448,1346.9973874257566,1402.2928466796875,44700,0.0,0.0
2013-06-13 00:00:00+09:00,1380.17469816295,1383.123789398341,1363.9546963683,1372.064697265625,38100,0.0,0.0
2013-06-14 00:00:00+09:00,1378.699997768607,1396.3945431945144,1371.3272705078125,1371.3272705078125,17800,0.0,0.0
2013-06-17 00:00:00+09:00,1349.9463783981455,1385.3354696942192,1349.9463783981455,1380.174560546875,24400,0.0,0.0
2013-06-18 00:00:00+09:00,1400.0809925079345,1431.0464488983155,1391.9709920247396,1415.563720703125,12500,0.0,0.0
2013-06-19 00:00:00+09:00,1415.5640292216026,1459.0631322028914,1415.5640292216026,1453.9022216796875,23400,0.0,0.0
2013-06-20 00:00:00+09:00,1457.5881779236202,1495.1890869140625,1446.5290870440783,1495.1890869140625,20300,0.0,0.0
2013-06-21 00:00:00+09:00,1465.698215946368,1487.0791255351228,1457.58821575753,1467.9100341796875,16300,0.0,0.0
2013-06-24 00:00:00+09:00,1468.64717663416,1490.028084326123,1467.9099039551268,1478.968994140625,10600,0.0,0.0
2013-06-25 00:00:00+09:00,1467.9103172576122,1472.3339545773235,1411.8775778745992,1437.68212890625,18800,0.0,0.0
2013-06-26 00:00:00+09:00,1445.0548651033478,1445.7921379937065,1380.9121236421277,1406.7166748046875,17100,0.0,0.0
2013-06-27 00:00:00+09:00,1406.7162684540845,1417.0380859375,1386.8099061646399,1417.0380859375,14200,0.0,0.0
2013-06-28 00:00:00+09:00,1445.7921793829535,1445.7921793829535,1419.2503545702118,1430.3094482421875,24600,0.0,0.0
2013-07-01 00:00:00+09:00,1445.0547724184783,1445.0547724184783,1411.877494480299,1424.4111328125,30000,0.0,0.0
2013-07-02 00:00:00+09:00,1445.054828373319,1511.4093868190325,1441.3684640152237,1507.7230224609375,113000,0.0,0.0
2013-07-03 00:00:00+09:00,1490.7656832523985,1491.5029560927806,1445.0547671487145,1455.3765869140625,97100,0.0,0.0
2013-07-04 00:00:00+09:00,1448.7411366338315,1448.7411366338315,1414.089313009511,1424.4111328125,32800,0.0,0.0
2013-07-05 00:00:00+09:00,1427.3600811065628,1445.0546275665615,1408.9282618773975,1429.5718994140625,20500,0.0,0.0
2013-07-08 00:00:00+09:00,1474.545669943731,1474.545669943731,1439.1565738650813,1449.4783935546875,18100,0.0,0.0
2013-07-09 00:00:00+09:00,1457.588394739378,1457.588394739378,1440.6311195350252,1449.4783935546875,20400,0.0,0.0
2013-07-10 00:00:00+09:00,1462.7493313805398,1462.7493313805398,1439.156600229241,1447.2666015625,15000,0.0,0.0
2013-07-11 00:00:00+09:00,1437.68212890625,1450.2157679787658,1429.5721271534453,1437.68212890625,9200,0.0,0.0
2013-07-12 00:00:00+09:00,1458.325550369805,1458.325550369805,1445.0546404068846,1452.4273681640625,11000,0.0,0.0
2013-07-16 00:00:00+09:00,1467.1728267366923,1495.1891922723678,1460.5373717414006,1486.3419189453125,42300,0.0,0.0
2013-07-17 00:00:00+09:00,1481.918070787951,1487.0789794921875,1470.8589807074438,1487.0789794921875,26100,0.0,0.0
2013-07-18 00:00:00+09:00,1492.2403134391868,1502.5621337890625,1482.655765971445,1502.5621337890625,127100,0.0,0.0
2013-07-19 00:00:00+09:00,1501.087417775849,1501.087417775849,1481.9183250144677,1492.9774169921875,38600,0.0,0.0
2013-07-22 00:00:00+09:00,1495.9263015220906,1496.66357421875,1481.9181202855605,1496.66357421875,19700,0.0,0.0
2013-07-23 00:00:00+09:00,1489.2908472521553,1500.3499377020476,1488.5535745554957,1496.66357421875,8100,0.0,0.0
2013-07-24 00:00:00+09:00,1501.8246806425207,1504.0364990234375,1494.4519527061314,1504.0364990234375,12600,0.0,0.0
2013-07-25 00:00:00+09:00,1507.7229171166052,1533.5274658203125,1507.7229171166052,1533.5274658203125,21300,0.0,0.0
2013-07-26 00:00:00+09:00,1526.1547580562792,1528.366576546216,1494.4520263671875,1494.4520263671875,14400,0.0,0.0
2013-07-29 00:00:00+09:00,1467.9103224880253,1467.9103224880253,1433.995769582727,1440.6312255859375,21000,0.0,0.0
2013-07-30 00:00:00+09:00,1441.3680462504542,1459.062590040741,1439.1562282766683,1458.3253173828125,11700,0.0,0.0
2013-07-31 00:00:00+09:00,1467.172589277956,1470.1216799096703,1445.0544095400974,1458.3253173828125,15600,0.0,0.0
2013-08-01 00:00:00+09:00,1473.8083976576895,1500.3502197265625,1448.7411212593097,1500.3502197265625,18700,0.0,0.0
2013-08-02 00:00:00+09:00,1504.7739205676432,1510.6721034998045,1492.9775547033207,1501.8248291015625,17600,0.0,0.0
2013-08-05 00:00:00+09:00,1506.985606649001,1512.8837890625,1503.2992426405642,1512.8837890625,10800,0.0,0.0
2013-08-06 00:00:00+09:00,1523.2056831485663,1523.2056831485663,1499.612952335036,1520.256591796875,7300,0.0,0.0
2013-08-07 00:00:00+09:00,1504.0363917531727,1508.4600281995056,1484.1300277446749,1495.9263916015625,7200,0.0,0.0
2013-08-08 00:00:00+09:00,1495.1891696777345,1495.1891696777345,1467.1728045654297,1474.5455322265625,7200,0.0,0.0
2013-08-09 00:00:00+09:00,1462.0119893391927,1466.4356262207032,1452.427442762587,1459.8001708984375,5300,0.0,0.0
2013-08-12 00:00:00+09:00,1464.9611768450056,1465.6984497070314,1445.0548095703125,1445.0548095703125,10100,0.0,0.0
2013-08-13 00:00:00+09:00,1445.7919283794347,1450.952837863706,1427.3601087927514,1444.3173828125,16000,0.0,0.0
2013-08-14 00:00:00+09:00,1500.3503212402102,1500.3503212402102,1456.851221017521,1488.553955078125,13300,0.0,0.0
2013-08-15 00:00:00+09:00,1467.1726312760934,1488.5535389680567,1457.5880864486617,1478.968994140625,8900,0.0,0.0
2013-08-16 00:00:00+09:00,1476.0203857421875,1476.7576586621387,1457.588562743409,1476.0203857421875,4700,0.0,0.0
2013-08-19 00:00:00+09:00,1481.9185166827376,1481.9185166827376,1455.3766925033453,1463.4866943359375,12200,0.0,0.0
2013-08-20 00:00:00+09:00,1473.070770541385,1473.070770541385,1452.4271361193835,1458.3253173828125,11000,0.0,0.0
2013-08-21 00:00:00+09:00,1458.3256252712674,1462.7492621527779,1445.054714626736,1459.8001708984375,15600,0.0,0.0
2013-08-22 00:00:00+09:00,1439.8937122192383,1479.7064415893556,1438.4191666870117,1474.5455322265625,15600,0.0,0.0
2013-08-23 00:00:00+09:00,1478.2321192841655,1481.9184836714078,1464.961207490093,1479.7066650390625,8600,0.0,0.0
2013-08-26 00:00:00+09:00,1484.8674952176368,1500.3502248102736,1469.384765625,1469.384765625,8600,0.0,0.0
2013-08-27 00:00:00+09:00,1472.3337290645425,1484.86736621732,1463.4864557802287,1466.435546875,4900,0.0,0.0
2013-08-28 00:00:00+09:00,1456.1140601543832,1465.6986083984375,1442.8431472010775,1465.6986083984375,14700,0.0,0.0
2013-08-29 00:00:00+09:00,1485.6046327172257,1511.4091796875,1474.5455411585367,1511.4091796875,15500,0.0,0.0
2013-08-30 00:00:00+09:00,1500.350052314107,1508.4600525968858,1473.8082332068304,1476.75732421875,12300,0.0,0.0
2013-09-02 00:00:00+09:00,1467.9103041183646,1498.1384921991546,1467.9103041183646,1482.65576171875,11000,0.0,0.0
2013-09-03 00:00:00+09:00,1503.2992361713927,1503.2992361713927,1481.9183250144677,1492.9774169921875,12700,0.0,0.0
2013-09-04 00:00:00+09:00,1497.400997046494,1511.4091796875,1488.5537237995427,1511.4091796875,11600,0.0,0.0
2013-09-05 00:00:00+09:00,1511.4091272020155,1532.05276406136,1506.985490732156,1515.832763671875,17100,0.0,0.0
2013-09-06 00:00:00+09:00,1519.5193884068422,1528.3666628662706,1506.2484767176993,1507.7230224609375,19200,0.0,0.0
2013-09-09 00:00:00+09:00,1526.1548222185618,1529.8411865234375,1495.9266349185807,1529.8411865234375,31800,0.0,0.0
2013-09-10 00:00:00+09:00,1525.417250860305,1548.272705078125,1525.417250860305,1548.272705078125,25100,0.0,0.0
2013-09-11 00:00:00+09:00,1547.535888671875,1548.273161605973,1539.425886396796,1547.535888671875,9800,0.0,0.0
2013-09-12 00:00:00+09:00,1546.7982856424194,1546.7982856424194,1534.2646484375,1534.2646484375,6400,0.0,0.0
2013-09-13 00:00:00+09:00,1511.4092711674,1548.2729119275805,1511.4092711674,1544.5865478515625,12500,0.0,0.0
2013-09-17 00:00:00+09:00,1536.4766579569957,1546.7984781160158,1536.4766579569957,1538.6884765625,8600,0.0,0.0
2013-09-18 00:00:00+09:00,1533.5273661140268,1545.32373046875,1526.8919111644948,1545.32373046875,12700,0.0,0.0
2013-09-19 00:00:00+09:00,1544.586723331289,1548.273087826113,1539.4258130385354,1540.1630859375,21200,0.0,0.0
2013-09-20 00:00:00+09:00,1544.5867208083284,1582.187638594116,1541.6376292172863,1574.07763671875,34500,0.0,0.0
2013-09-24 00:00:00+09:00,1553.4339224494483,1566.704833984375,1553.4339224494483,1566.704833984375,9800,0.0,0.0
2013-09-25 00:00:00+09:00,1555.6456621450695,1582.1874838688716,1554.9083893194083,1573.3402099609375,7900,0.0,0.0
2013-09-26 00:00:00+09:00,1573.339746661519,1585.873381006995,1558.5942944903707,1585.1361083984375,16900,0.0,0.0
2013-09-27 00:00:00+09:00,1588.8228923690224,1614.6274405049462,1587.3483467612555,1597.670166015625,19000,0.0,0.0
2013-09-30 00:00:00+09:00,1597.6702081987705,1597.6702081987705,1579.2383876150284,1587.348388671875,10000,0.0,0.0
2013-10-01 00:00:00+09:00,1587.3484415523112,1642.6439051456339,1587.3484415523112,1616.83935546875,31100,0.0,0.0
2013-10-02 00:00:00+09:00,1619.0513528963415,1642.6440866361788,1599.8822567327236,1632.322265625,54700,0.0,0.0
2013-10-03 00:00:00+09:00,1622.0001604227448,1642.643798828125,1621.2628876225526,1642.643798828125,32000,0.0,0.0
2013-10-04 00:00:00+09:00,1623.474763306606,1638.9574926569414,1611.6783980873029,1624.2120361328125,16200,0.0,0.0
2013-10-07 00:00:00+09:00,1624.2121502794641,1624.2121502794641,1567.442138671875,1567.442138671875,19500,0.0,0.0
2013-10-08 00:00:00+09:00,1530.5779054931756,1563.7551722307444,1520.2560891748208,1556.3824462890625,11400,0.0,0.0
2013-10-09 00:00:00+09:00,1548.2729338884578,1610.9411240696572,1524.6802034673003,1573.3402099609375,13200,0.0,0.0
2013-10-10 00:00:00+09:00,1592.5088344840117,1601.3561057867007,1585.1361083984375,1585.1361083984375,16800,0.0,0.0
2013-10-11 00:00:00+09:00,1608.729237041456,1618.3137833666342,1588.0855988026103,1602.8310546875,15000,0.0,0.0
2013-10-15 00:00:00+09:00,1608.7292515834915,1613.8901611898548,1577.7637939453125,1577.7637939453125,18300,0.0,0.0
2013-10-16 00:00:00+09:00,1549.0103543768344,1563.7558122957,1547.5358085849477,1554.1712646484375,20100,0.0,0.0
2013-10-17 00:00:00+09:00,1570.3912873750073,1582.9249267578125,1557.8576479922021,1582.9249267578125,34400,0.0,0.0
2013-10-18 00:00:00+09:00,1582.9247090353895,1585.1365274457787,1575.551981000758,1580.712890625,21900,0.0,0.0
2013-10-21 00:00:00+09:00,1580.712813433479,1610.2037241318646,1579.9755406660192,1604.3055419921875,22800,0.0,0.0
2013-10-22 00:00:00+09:00,1616.1020080594367,1618.313826501124,1604.305643037105,1609.466552734375,9200,0.0,0.0
2013-10-23 00:00:00+09:00,1607.254781920516,1629.3729669928168,1587.3484153554455,1602.0938720703125,24500,0.0,0.0
2013-10-24 00:00:00+09:00,1596.195515408982,1606.517333984375,1593.2464243874413,1606.517333984375,15600,0.0,0.0
2013-10-25 00:00:00+09:00,1596.933164021885,1600.6195286664415,1595.4586181640625,1595.4586181640625,17100,0.0,0.0
2013-10-28 00:00:00+09:00,1626.4242023176726,1626.4242023176726,1595.458736997028,1612.416015625,40100,0.0,0.0
2013-10-29 00:00:00+09:00,1627.2974853515625,1627.2974853515625,1627.2974853515625,1627.2974853515625,0,20.0,0.0
2013-10-30 00:00:00+09:00,1586.37289785709,1596.0459033318284,1570.003196284456,1577.4439697265625,15400,0.0,0.0
2013-10-31 00:00:00+09:00,1577.4439697265625,1577.4439697265625,1577.4439697265625,1577.4439697265625,0,0.0,0.0
2013-11-01 00:00:00+09:00,1590.0934469938502,1590.8375244140625,1566.282969547054,1590.8375244140625,19400,0.0,0.0
2013-11-05 00:00:00+09:00,1624.3206059059164,1624.3206059059164,1599.7660571221807,1620.6002197265625,20300,0.0,0.0
2013-11-06 00:00:00+09:00,1600.5099266757484,1608.6947752082604,1593.813232421875,1593.813232421875,21200,0.0,0.0
2013-11-07 00:00:00+09:00,1585.6287477028848,1593.8135981133644,1570.0031241919696,1573.7235107421875,17900,0.0,0.0
2013-11-08 00:00:00+09:00,1555.1217261904762,1569.2591964285714,1534.2875595238095,1562.5625,10400,0.0,0.0
2013-11-11 00:00:00+09:00,1577.4440759892086,1577.4440759892086,1549.9132123988309,1551.4013671875,9400,0.0,0.0
2013-11-12 00:00:00+09:00,1551.4014211428064,1599.766453456611,1544.7047243608952,1590.8375244140625,23300,0.0,0.0
2013-11-13 00:00:00+09:00,1590.8373525586576,1607.2070540349393,1590.8373525586576,1594.5577392578125,15400,0.0,0.0
2013-11-14 00:00:00+09:00,1595.3019299322111,1602.7427038591338,1587.1170786125963,1591.58154296875,11800,0.0,0.0
2013-11-15 00:00:00+09:00,1613.1599836207147,1613.1599836207147,1595.3021240234375,1595.3021240234375,15300,0.0,0.0
2013-11-18 00:00:00+09:00,1607.207108827395,1610.1834182881864,1584.884787871459,1592.3255615234375,18700,0.0,0.0
2013-11-19 00:00:00+09:00,1592.3255615234377,1599.0222578102184,1590.837406793042,1592.3255615234375,18500,0.0,0.0
2013-11-20 00:00:00+09:00,1593.8137415430315,1628.0413008852254,1593.8137415430315,1621.3446044921875,41700,0.0,0.0
2013-11-21 00:00:00+09:00,1601.2542787855343,1625.8088285996246,1601.2542787855343,1622.83251953125,24200,0.0,0.0
2013-11-22 00:00:00+09:00,1622.8329071922424,1647.387462871905,1622.8329071922424,1630.273681640625,29500,0.0,0.0
2013-11-25 00:00:00+09:00,1652.595613552153,1674.1738543414428,1636.969990911633,1663.0126953125,38600,0.0,0.0
2013-11-26 00:00:00+09:00,1668.965696918932,1673.4301615562542,1633.2499798203548,1647.387451171875,33200,0.0,0.0
2013-11-27 00:00:00+09:00,1654.083934958985,1654.083934958985,1637.7142333984375,1637.7142333984375,9900,0.0,0.0
2013-11-28 00:00:00+09:00,1663.0130658343694,1666.7334530062585,1655.5722914905916,1664.501220703125,22900,0.0,0.0
2013-11-29 00:00:00+09:00,1666.7335162533514,1672.686135954256,1653.3401219263155,1665.245361328125,26000,0.0,0.0
2013-12-02 00:00:00+09:00,1686.8233145055635,1690.543701171875,1666.7332265074822,1690.543701171875,31100,0.0,0.0
2013-12-03 00:00:00+09:00,1699.4723723952654,1710.6335307078439,1692.7756774077184,1706.1690673828125,23300,0.0,0.0
2013-12-04 00:00:00+09:00,1703.9372339081347,1704.6813113028543,1692.776072987339,1696.4964599609375,22700,0.0,0.0
2013-12-05 00:00:00+09:00,1689.0555970328194,1692.0319064549037,1666.7332763671875,1666.7332763671875,23200,0.0,0.0
2013-12-06 00:00:00+09:00,1665.2449241435634,1691.2876284979086,1664.5008468762962,1681.6146240234375,13400,0.0,0.0
2013-12-09 00:00:00+09:00,1694.2642712402344,1711.3780517578125,1694.2642712402344,1711.3780517578125,35300,0.0,0.0
2013-12-10 00:00:00+09:00,1703.937516573515,1709.89013671875,1696.4967413919715,1709.89013671875,14500,0.0,0.0
2013-12-11 00:00:00+09:00,1707.6576646887738,1711.3780517578125,1703.9372776197351,1711.3780517578125,16900,0.0,0.0
2013-12-12 00:00:00+09:00,1711.3782917550589,1711.3782917550589,1696.4967413919715,1709.89013671875,23700,0.0,0.0
2013-12-13 00:00:00+09:00,1709.1458195163893,1711.3780517578125,1697.9846583092733,1711.3780517578125,24500,0.0,0.0
2013-12-16 00:00:00+09:00,1694.2646201180507,1699.4731630872323,1670.4541379732207,1683.8475341796875,75500,0.0,0.0
2013-12-17 00:00:00+09:00,1696.4965034816578,1711.3780517578125,1692.776116412619,1711.3780517578125,78200,0.0,0.0
2013-12-18 00:00:00+09:00,1714.3542714254481,1714.3542714254481,1693.5201049324305,1701.7049560546875,47700,0.0,0.0
2013-12-19 00:00:00+09:00,1717.3306365184296,1750.814119466146,1712.1220947265626,1741.14111328125,109500,0.0,0.0
2013-12-20 00:00:00+09:00,1738.164967889301,1778.3451512223583,1712.1222564697266,1756.0228271484375,67700,0.0,0.0
2013-12-24 00:00:00+09:00,1748.581884723368,1748.581884723368,1711.3780148356368,1719.5628662109375,72900,0.0,0.0
2013-12-25 00:00:00+09:00,1712.1217322838136,1726.2591998689472,1712.1217322838136,1721.0506591796875,57300,0.0,0.0
2013-12-26 00:00:00+09:00,1723.28307249016,1768.671788993571,1723.28307249016,1760.4869384765625,24600,0.0,0.0
2013-12-27 00:00:00+09:00,1770.9036816981181,1771.6477588753023,1756.7662153316207,1769.41552734375,13100,0.0,0.0
2013-12-30 00:00:00+09:00,1789.506590063625,1849.7768743859342,1789.506590063625,1834.1512451171875,34000,0.0,0.0
2014-01-06 00:00:00+09:00,1813.3171114622332,1843.0802154665373,1796.9474042598658,1825.9664306640625,26500,0.0,0.0
2014-01-07 00:00:00+09:00,1837.871276024726,1858.7054443359375,1826.7101144294343,1858.7054443359375,18100,0.0,0.0
2014-01-08 00:00:00+09:00,1860.9378441338822,1896.6535644531252,1860.9378441338822,1896.653564453125,19200,0.0,0.0
2014-01-09 00:00:00+09:00,1899.6291880238236,1915.998887254738,1898.141033548286,1911.534423828125,12100,0.0,0.0
2014-01-10 00:00:00+09:00,1911.5344638347626,1911.5344638347626,1892.9325325012207,1904.8377685546875,16400,0.0,0.0
2014-01-14 00:00:00+09:00,1801.411135447111,1880.2833289032837,1786.529589511984,1861.681396484375,23800,0.0,0.0
2014-01-15 00:00:00+09:00,1864.657755759552,1882.5156113613994,1864.657755759552,1878.0511474609375,10000,0.0,0.0
2014-01-16 00:00:00+09:00,1886.236175210265,1886.236175210265,1867.634240543497,1875.819091796875,38200,0.0,0.0
2014-01-17 00:00:00+09:00,1873.586724186133,1875.8189561847664,1861.6814868600895,1871.3544921875,14700,0.0,0.0
2014-01-20 00:00:00+09:00,1864.6579614883815,1886.2362060546875,1864.6579614883815,1886.2362060546875,19000,0.0,0.0
2014-01-21 00:00:00+09:00,1886.2363790711092,1904.09423828125,1886.2363790711092,1904.09423828125,22700,0.0,0.0
2014-01-22 00:00:00+09:00,1897.3969726562498,1910.0462858072915,1878.7950415517769,1897.39697265625,24800,0.0,0.0
2014-01-23 00:00:00+09:00,1897.396923445909,1904.8376956947163,1887.723919522459,1901.1173095703125,20000,0.0,0.0
2014-01-24 00:00:00+09:00,1866.1465006769176,1879.5398966147902,1854.2412598432531,1872.09912109375,14500,0.0,0.0
2014-01-27 00:00:00+09:00,1819.2694129659874,1834.1509623563022,1799.1793212890625,1799.1793212890625,19600,0.0,0.0
2014-01-28 00:00:00+09:00,1788.762116970486,2009.009033203125,1788.762116970486,2009.009033203125,27600,0.0,0.0
2014-01-29 00:00:00+09:00,1897.3971084809639,1945.7621328147925,1859.4491663113447,1901.861572265625,57300,0.0,0.0
2014-01-30 00:00:00+09:00,1893.6770219687025,1893.6770219687025,1823.733744929387,1837.8712158203125,19500,0.0,0.0
2014-01-31 00:00:00+09:00,1875.0751541562245,1875.0751541562245,1797.691100175174,1818.5252685546875,15300,0.0,0.0
2014-02-03 00:00:00+09:00,1784.2970708874318,1796.946382899561,1744.8609804966752,1769.41552734375,23800,0.0,0.0
2014-02-04 00:00:00+09:00,1732.212439144737,1805.132034950658,1712.8664239309212,1767.18408203125,60400,0.0,0.0
2014-02-05 00:00:00+09:00,1770.9037438010216,1799.1786775255757,1748.5814277026893,1788.7615966796875,25800,0.0,0.0
2014-02-06 00:00:00+09:00,1799.92301363991,1799.92301363991,1767.9276892965797,1773.13623046875,10900,0.0,0.0
2014-02-07 00:00:00+09:00,1811.0841237828351,1815.548587522645,1782.0651094740717,1796.9466552734375,10300,0.0,0.0
2014-02-10 00:00:00+09:00,1800.666984592458,1818.5248389851106,1800.666984592458,1817.78076171875,2400,0.0,0.0
2014-02-12 00:00:00+09:00,1843.0794814897554,1851.264331831454,1830.4301673253121,1847.5439453125,4900,0.0,0.0
2014-02-13 00:00:00+09:00,1833.4067841880342,1845.312023046398,1824.4778550442613,1828.1982421875,5400,0.0,0.0
2014-02-14 00:00:00+09:00,1822.9893486531146,1822.9893486531146,1744.8612337108382,1753.7901611328125,37100,0.0,0.0
2014-02-17 00:00:00+09:00,1753.7903698151665,1758.9989114310793,1726.2595069881995,1741.8851318359375,15400,0.0,0.0
2014-02-18 00:00:00+09:00,1759.742861661044,1805.875655497401,1759.742861661044,1800.6671142578125,6500,0.0,0.0
2014-02-19 00:00:00+09:00,1785.0418952316536,1815.549072265625,1784.29781774302,1815.549072265625,6500,0.0,0.0
2014-02-20 00:00:00+09:00,1792.482814418831,1795.4591246129676,1770.9045655113398,1779.83349609375,21800,0.0,0.0
2014-02-21 00:00:00+09:00,1829.6860893324067,1847.5439446166595,1804.3874610130486,1827.453857421875,26100,0.0,0.0
2014-02-24 00:00:00+09:00,1830.4303509256115,1875.8190710095391,1830.4303509256115,1848.2882080078125,35400,0.0,0.0
2014-02-25 00:00:00+09:00,1845.3118984941123,1852.0085948999376,1844.5678211156874,1848.2882080078125,5400,0.0,0.0
2014-02-26 00:00:00+09:00,1816.293137110739,1824.477989428731,1806.6201298258395,1811.0845947265625,12600,0.0,0.0
2014-02-27 00:00:00+09:00,1809.5963936399016,1819.2694006782729,1799.1793091370405,1816.2930908203125,14000,0.0,0.0
2014-02-28 00:00:00+09:00,1795.4582915091871,1810.3398355747418,1785.7852878665765,1788.7615966796875,12700,0.0,0.0
2014-03-03 00:00:00+09:00,1773.8805089590223,1800.667295168135,1759.7430384597685,1799.9232177734375,11800,0.0,0.0
2014-03-04 00:00:00+09:00,1778.3450252179775,1804.3877347922994,1773.1364833031132,1776.11279296875,14500,0.0,0.0
2014-03-05 00:00:00+09:00,1788.0179690799198,1827.454070769989,1788.0179690799198,1817.0369873046875,13600,0.0,0.0
2014-03-06 00:00:00+09:00,1817.0367305258449,1845.3116673644945,1817.0367305258449,1832.662353515625,31500,0.0,0.0
2014-03-07 00:00:00+09:00,1838.615978180905,1852.0093766460025,1826.710735100818,1843.0804443359375,21700,0.0,0.0
2014-03-10 00:00:00+09:00,1917.48773463935,1929.3929747457644,1892.1890994132198,1896.653564453125,65600,0.0,0.0
2014-03-11 00:00:00+09:00,1891.4446611393203,1901.117666880788,1867.634185468015,1898.141357421875,18100,0.0,0.0
2014-03-12 00:00:00+09:00,1875.8192891902856,1879.5396765151374,1854.2410427061452,1859.4495849609375,40400,0.0,0.0
2014-03-13 00:00:00+09:00,1863.913628374644,1866.8899375616695,1854.984700813568,1861.681396484375,8800,0.0,0.0
2014-03-14 00:00:00+09:00,1875.075143667368,1879.5396082951472,1847.544278462728,1857.21728515625,34900,0.0,0.0
2014-03-17 00:00:00+09:00,1852.7524402167705,1852.7524402167705,1820.0130396667555,1832.662353515625,28500,0.0,0.0
2014-03-18 00:00:00+09:00,1854.9847506418848,1890.7004618455792,1837.870972356781,1878.0511474609375,42200,0.0,0.0
2014-03-19 00:00:00+09:00,1870.610467183282,1929.392578125,1864.657848353741,1929.392578125,40500,0.0,0.0
2014-03-20 00:00:00+09:00,1915.254850101471,1915.254850101471,1854.9845925807954,1904.8377685546875,220800,0.0,0.0
2014-03-24 00:00:00+09:00,1914.5112174865938,1930.8809208619161,1883.2599655882505,1910.0467529296875,53900,0.0,0.0
2014-03-25 00:00:00+09:00,1912.2787715325544,1964.3641855431688,1911.5346941895457,1960.643798828125,54800,0.0,0.0
2014-03-26 00:00:00+09:00,1938.3212657774113,1949.482424697435,1924.9278750733833,1930.8804931640625,38300,0.0,0.0
2014-03-27 00:00:00+09:00,1931.6243353122618,1962.1314993137266,1906.325711506169,1952.45849609375,33300,0.0,0.0
2014-03-28 00:00:00+09:00,1952.4593379965622,1959.156035421093,1942.786330605573,1947.994873046875,17500,0.0,0.0
2014-03-31 00:00:00+09:00,1934.6012313796111,1965.8524820403586,1933.8571539829268,1946.5064697265625,18900,0.0,0.0
2014-04-01 00:00:00+09:00,1970.3166561361832,2014.9612933598128,1968.8285015620622,1991.8948974609375,41100,0.0,0.0
2014-04-02 00:00:00+09:00,1991.895015059641,1991.895015059641,1956.9233805031215,1970.3167724609375,35900,0.0,0.0
2014-04-03 00:00:00+09:00,1971.8048598238092,1991.1508697692504,1971.8048598238092,1988.174560546875,23700,0.0,0.0
2014-04-04 00:00:00+09:00,1992.6387055214234,2003.0557861328125,1991.1505511483679,2003.0557861328125,13100,0.0,0.0
2014-04-07 00:00:00+09:00,2003.0562720059988,2003.0562720059988,1961.3879394531252,1961.387939453125,15300,0.0,0.0
2014-04-08 00:00:00+09:00,1953.9468263809483,1954.6909036187171,1898.141033548286,1911.534423828125,18700,0.0,0.0
2014-04-09 00:00:00+09:00,1878.0514006877024,1888.468484526699,1829.6863685780745,1839.359375,21200,0.0,0.0
2014-04-10 00:00:00+09:00,1861.6812816526005,1877.306903920668,1834.1504233707674,1844.5675048828125,15500,0.0,0.0
2014-04-11 00:00:00+09:00,1798.4347086256378,1831.9181847895409,1790.2498588966837,1822.9892578125,12200,0.0,0.0
2014-04-14 00:00:00+09:00,1830.430484633848,1875.8192080333051,1827.454174902736,1852.7528076171875,12800,0.0,0.0
2014-04-15 00:00:00+09:00,1860.1939483307492,1876.5636550760598,1827.454534840128,1829.686767578125,7300,0.0,0.0
2014-04-16 00:00:00+09:00,1854.2405604164583,1871.3543376594673,1841.5912468020604,1860.937255859375,31600,0.0,0.0
2014-04-17 00:00:00+09:00,1860.937378171124,1882.5156204609932,1854.9847596084014,1881.0274658203125,16900,0.0,0.0
2014-04-18 00:00:00+09:00,1894.4211398264429,1914.51123046875,1880.2836686337082,1914.51123046875,6900,0.0,0.0
2014-04-21 00:00:00+09:00,1915.2555922949875,1915.2555922949875,1867.6346296272022,1884.7484130859375,13200,0.0,0.0
2014-04-22 00:00:00+09:00,1886.23620795291,1886.980285352497,1861.6816537665406,1866.1461181640625,6400,0.0,0.0
2014-04-23 00:00:00+09:00,1875.0753167602493,1897.3976419597761,1868.3786192003913,1896.653564453125,17200,0.0,0.0
2014-04-24 00:00:00+09:00,1896.6529187679291,1929.3923179149629,1892.1884552478791,1904.8377685546875,48900,0.0,0.0
2014-04-25 00:00:00+09:00,1906.3392589591488,1927.3540224437377,1906.3392589591488,1917.59716796875,5300,22.0,0.0
2014-04-28 00:00:00+09:00,1917.5973241574993,1921.3499607996864,1894.3309769759408,1914.59521484375,6400,0.0,0.0
2014-04-30 00:00:00+09:00,1913.8443174384834,1916.0958989884111,1893.5800834891347,1895.8316650390625,15800,0.0,0.0
2014-05-01 00:00:00+09:00,1858.3053821980857,1904.0875422603165,1858.3053821980857,1894.3306884765625,12400,0.0,0.0
2014-05-02 00:00:00+09:00,1898.833851761372,1902.5864878320465,1886.825416335213,1894.3306884765625,5900,0.0,0.0
2014-05-07 00:00:00+09:00,1894.330624301334,1894.330624301334,1867.3116455078125,1867.3116455078125,4900,0.0,0.0
2014-05-08 00:00:00+09:00,1876.3180605672528,1897.332822845606,1870.3138427734375,1870.3138427734375,15500,0.0,0.0
2014-05-09 00:00:00+09:00,1874.0667822148578,1896.5826025858812,1874.0667822148578,1878.5699462890625,12400,0.0,0.0
2014-05-12 00:00:00+09:00,1880.0704178443323,1880.0704178443323,1865.810402699006,1873.315673828125,9800,0.0,0.0
2014-05-13 00:00:00+09:00,1846.296675284639,1870.3135426054148,1835.0387687280254,1847.7977294921875,27900,0.0,0.0
2014-05-14 00:00:00+09:00,1860.5570068359375,1861.307534067416,1846.2969894378402,1860.5570068359375,8200,0.0,0.0
2014-05-15 00:00:00+09:00,1854.5526794111443,1861.3074240953615,1842.5442444169807,1848.5484619140625,8700,0.0,0.0
2014-05-16 00:00:00+09:00,1838.7918209395768,1838.7918209395768,1810.2717845331672,1835.0391845703125,9000,0.0,0.0
2014-05-19 00:00:00+09:00,1839.5422100198678,1840.2927372373383,1813.2737574084051,1828.2843017578125,8100,0.0,0.0
2014-05-20 00:00:00+09:00,1823.7813863303904,1823.7813863303904,1801.2655667460647,1811.77294921875,9000,0.0,0.0
2014-05-21 00:00:00+09:00,1791.5084512149588,1791.5084512149588,1779.5000158486246,1786.2547607421875,6100,0.0,0.0
2014-05-22 00:00:00+09:00,1787.7556481933595,1801.26513671875,1778.7493225097658,1801.26513671875,11000,0.0,0.0
2014-05-23 00:00:00+09:00,1826.7835693359375,1826.7835693359375,1811.7730223405724,1826.7835693359375,6200,0.0,0.0
2014-05-26 00:00:00+09:00,1836.5401663145728,1838.791748046875,1829.785421117666,1838.791748046875,14300,0.0,0.0
2014-05-27 00:00:00+09:00,1832.7875300940689,1854.552820172991,1832.7875300940689,1838.791748046875,7900,0.0,0.0
2014-05-28 00:00:00+09:00,1838.7915419451576,1875.5673727840606,1835.789433305247,1854.5526123046875,22700,0.0,0.0
2014-05-29 00:00:00+09:00,1853.8024412081643,1865.0603507701574,1844.0455862544372,1850.0498046875,7400,0.0,0.0
2014-05-30 00:00:00+09:00,1852.3010524299614,1875.5673946606457,1850.7999980924978,1863.5589599609375,37900,0.0,0.0
2014-06-02 00:00:00+09:00,1863.558929682151,1924.3516293616735,1863.558929682151,1918.347412109375,23800,0.0,0.0
2014-06-03 00:00:00+09:00,1943.865349253789,1984.3938159949876,1928.854806016308,1974.636962890625,81800,0.0,0.0
2014-06-04 00:00:00+09:00,1974.6373923731214,1980.641610974028,1961.8784278461953,1966.381591796875,18500,0.0,0.0
2014-06-05 00:00:00+09:00,1983.6436867114508,2024.9226888942467,1975.3878862748916,1988.1468505859375,50400,0.0,0.0
2014-06-06 00:00:00+09:00,2006.9104426173647,2006.9104426173647,1963.3798496211764,1987.396728515625,44500,0.0,0.0
2014-06-09 00:00:00+09:00,2099.9754580416097,2108.9817859531536,2035.4301080088799,2060.197509765625,182100,0.0,0.0
2014-06-10 00:00:00+09:00,2074.4569025752207,2074.4569025752207,2031.6768579128518,2039.18212890625,48200,0.0,0.0
2014-06-11 00:00:00+09:00,2047.4380550608917,2052.691745084875,2030.1759306963754,2041.433837890625,27800,0.0,0.0
2014-06-12 00:00:00+09:00,2033.9287198103516,2033.9287198103516,2001.6560500864234,2003.1571044921875,56300,0.0,0.0
2014-06-13 00:00:00+09:00,2000.1555613806331,2011.4134726079162,2000.1555613806331,2001.6566162109375,32300,0.0,0.0
2014-06-16 00:00:00+09:00,2009.9115442011994,2045.1863173817285,2007.6599629343573,2027.9241943359375,61900,0.0,0.0
2014-06-17 00:00:00+09:00,2033.928251773939,2059.4461707998853,2029.42508959289,2045.1861572265625,42700,0.0,0.0
2014-06-18 00:00:00+09:00,2052.6914640843975,2076.7083294777067,2052.6914640843975,2075.207275390625,31400,0.0,0.0
2014-06-19 00:00:00+09:00,2080.4615219498096,2080.4615219498096,2064.7004498138263,2069.20361328125,14700,0.0,0.0
2014-06-20 00:00:00+09:00,2058.69617447594,2075.9583006199236,2042.184575555608,2044.4361572265625,38300,0.0,0.0
2014-06-23 00:00:00+09:00,2064.700596664891,2090.2185247952457,2050.4405780038105,2080.461669921875,39100,0.0,0.0
2014-06-24 00:00:00+09:00,2050.4401475048808,2057.194891768257,2004.6579919419976,2018.16748046875,57800,0.0,0.0
2014-06-25 00:00:00+09:00,2012.1634866095499,2046.6877388975167,2012.1634866095499,2044.4361572265625,23300,0.0,0.0
2014-06-26 00:00:00+09:00,2044.4363485041956,2061.698476263225,2041.434239328712,2057.1953125,11400,0.0,0.0
2014-06-27 00:00:00+09:00,2063.9497673369024,2074.4571479706174,2063.9497673369024,2072.20556640625,34100,0.0,0.0
2014-06-30 00:00:00+09:00,2078.960577833218,2099.975341796875,2070.7047777046387,2099.975341796875,39600,0.0,0.0
2014-07-01 00:00:00+09:00,2090.968747066862,2130.7466880555708,2090.968747066862,2123.991943359375,30400,0.0,0.0
2014-07-02 00:00:00+09:00,2130.746548286158,2150.26025390625,2130.746548286158,2150.26025390625,22300,0.0,0.0
2014-07-03 00:00:00+09:00,2150.260633613905,2150.260633613905,2120.9900700149724,2138.252197265625,11100,0.0,0.0
2014-07-04 00:00:00+09:00,2136.0004493490956,2145.7573031233537,2131.497286068669,2136.7509765625,16900,0.0,0.0
2014-07-07 00:00:00+09:00,2142.7549271625608,2144.2559814022543,2123.991749166391,2127.744384765625,17200,0.0,0.0
2014-07-08 00:00:00+09:00,2123.9921095681057,2127.7447458040915,2108.9815646241614,2125.4931640625,24000,0.0,0.0
2014-07-09 00:00:00+09:00,2116.4870215155306,2127.744931204443,2104.478584514024,2117.237548828125,15200,0.0,0.0
2014-07-10 00:00:00+09:00,2109.7320686353983,2117.2373410247096,2097.7236328125,2097.7236328125,8100,0.0,0.0
2014-07-11 00:00:00+09:00,2072.956660304911,2083.4640438111633,2063.950331585266,2070.705078125,26500,0.0,0.0
2014-07-14 00:00:00+09:00,2067.7021384725767,2098.473749244764,2066.2010842885675,2096.22216796875,19000,0.0,0.0
2014-07-15 00:00:00+09:00,2097.723299885514,2105.9790982034892,2071.4548506919564,2094.72119140625,11600,0.0,0.0
2014-07-16 00:00:00+09:00,2093.2208107049514,2093.2208107049514,2082.7134276465545,2086.466064453125,7800,0.0,0.0
2014-07-17 00:00:00+09:00,2086.4657215986012,2087.216248836586,2072.9562313148695,2078.96044921875,15400,0.0,0.0
2014-07-18 00:00:00+09:00,2064.700117627361,2066.201171875,2044.4358852842352,2066.201171875,15900,0.0,0.0
2014-07-22 00:00:00+09:00,2060.1972161731583,2060.1972161731583,2053.4424712020987,2056.444580078125,6300,0.0,0.0
2014-07-23 00:00:00+09:00,2061.6983694069604,2067.702587446733,2060.9478421519884,2063.949951171875,4000,0.0,0.0
2014-07-24 00:00:00+09:00,2078.2093835647884,2086.4651810437385,2060.196734519807,2075.207275390625,14300,0.0,0.0
2014-07-25 00:00:00+09:00,2078.9605006626675,2101.476318359375,2078.9605006626675,2101.476318359375,14000,0.0,0.0
2014-07-28 00:00:00+09:00,2105.9794818987166,2130.746881365095,2096.2226275634766,2101.476318359375,18600,0.0,0.0
2014-07-29 00:00:00+09:00,2101.476318359375,2105.22895464216,2101.476318359375,2101.476318359375,14500,0.0,0.0
2014-07-30 00:00:00+09:00,2109.731733889302,2127.744384765625,2099.2243542114475,2127.744384765625,29100,0.0,0.0
2014-07-31 00:00:00+09:00,2132.2476363334913,2137.501326391335,2120.9897290666827,2130.74658203125,21800,0.0,0.0
2014-08-01 00:00:00+09:00,2123.992197658178,2130.7469431630984,2113.484815761636,2128.495361328125,8100,0.0,0.0
2014-08-04 00:00:00+09:00,2131.496910337714,2148.759033203125,2127.7442749321895,2148.759033203125,19100,0.0,0.0
2014-08-05 00:00:00+09:00,2146.5078377082964,2146.5078377082964,2122.490966796875,2122.490966796875,6000,0.0,0.0
2014-08-06 00:00:00+09:00,2121.740603936887,2121.740603936887,2090.968985697972,2105.22900390625,11300,0.0,0.0
2014-08-07 00:00:00+09:00,2078.9605458115925,2078.9605458115925,1989.6478003417083,2067.70263671875,27800,0.0,0.0
2014-08-08 00:00:00+09:00,2057.195054125346,2057.9455813249538,2026.4234389414207,2033.9287109375,9200,0.0,0.0
2014-08-11 00:00:00+09:00,2036.9308849900478,2048.1887933448197,2030.9266672008362,2044.4361572265625,20100,0.0,0.0
2014-08-12 00:00:00+09:00,2044.4358354373967,2051.1905793870797,2041.4337270153153,2045.9368896484375,9000,0.0,0.0
2014-08-13 00:00:00+09:00,2048.939406072443,2069.203641956676,2048.939406072443,2063.949951171875,5500,0.0,0.0
2014-08-14 00:00:00+09:00,2056.4445022594136,2082.7129539306106,2049.689757543963,2057.945556640625,2900,0.0,0.0
2014-08-15 00:00:00+09:00,2062.4489947775137,2071.455322265625,2062.4489947775137,2071.455322265625,5800,0.0,0.0
2014-08-18 00:00:00+09:00,2084.9648820744005,2084.9648820744005,2065.451171875,2065.451171875,6400,0.0,0.0
2014-08-19 00:00:00+09:00,2084.9648337095846,2087.966942901391,2071.4553423464554,2080.461669921875,9800,0.0,0.0
2014-08-20 00:00:00+09:00,2081.2121192145537,2086.465810103303,2075.207901055983,2081.962646484375,8200,0.0,0.0
2014-08-21 00:00:00+09:00,2081.9626362530485,2086.4657998498465,2069.203672728787,2077.45947265625,14000,0.0,0.0
2014-08-22 00:00:00+09:00,2078.9604595964856,2092.469949947654,2078.9604595964856,2083.463623046875,3600,0.0,0.0
2014-08-25 00:00:00+09:00,2099.974686913224,2101.475741013948,2088.7167811577924,2098.4736328125,9200,0.0,0.0
2014-08-26 00:00:00+09:00,2102.226523639644,2108.9812679141014,2094.721252223579,2102.97705078125,7700,0.0,0.0
2014-08-27 00:00:00+09:00,2102.9769785471835,2102.9769785471835,2082.712746419855,2090.218017578125,8600,0.0,0.0
2014-08-28 00:00:00+09:00,2097.723288736395,2097.723288736395,2086.46538199899,2090.218017578125,14600,0.0,0.0
2014-08-29 00:00:00+09:00,2090.2180286873545,2094.72119140625,2077.459067650484,2094.72119140625,9300,0.0,0.0
2014-09-01 00:00:00+09:00,2095.471910197659,2129.9961608671047,2093.9708558207267,2123.991943359375,14400,0.0,0.0
2014-09-02 00:00:00+09:00,2132.9987109374997,2174.27771484375,2132.9987109374997,2157.76611328125,21600,0.0,0.0
2014-09-03 00:00:00+09:00,2171.275075007878,2176.528765130607,2157.7655861208605,2158.51611328125,15800,0.0,0.0
2014-09-04 00:00:00+09:00,2175.7781428017447,2175.7781428017447,2164.520235888317,2169.77392578125,7600,0.0,0.0
2014-09-05 00:00:00+09:00,2161.518788474692,2198.294628973046,2161.518788474692,2194.5419921875,21100,0.0,0.0
2014-09-08 00:00:00+09:00,2150.260377307614,2164.520393771434,2117.237181286136,2133.748779296875,45200,0.0,0.0
2014-09-09 00:00:00+09:00,2131.4974518197173,2143.5058881679975,2131.4974518197173,2138.252197265625,30200,0.0,0.0
2014-09-10 00:00:00+09:00,2133.7492575148294,2214.05568401996,2128.4955660612227,2166.7724609375,39400,0.0,0.0
2014-09-11 00:00:00+09:00,2166.7719337695853,2204.2982921653174,2165.270879433756,2167.5224609375,20900,0.0,0.0
2014-09-12 00:00:00+09:00,2194.541904645055,2221.5608884231747,2180.2818854288253,2210.302978515625,33600,0.0,0.0
2014-09-16 00:00:00+09:00,2292.8612327323053,2315.377054984996,2262.840136395385,2266.5927734375,59700,0.0,0.0
2014-09-17 00:00:00+09:00,2259.0873046875,2281.603125,2251.58203125,2251.58203125,23800,0.0,0.0
2014-09-18 00:00:00+09:00,2274.097464767157,2300.365917330474,2266.592192606209,2296.61328125,22700,0.0,0.0
2014-09-19 00:00:00+09:00,2274.0976594206577,2311.6240234375,2266.592386617289,2311.6240234375,42800,0.0,0.0
2014-09-22 00:00:00+09:00,2311.6237375,2356.65536875,2296.61319375,2345.3974609375,26100,0.0,0.0
2014-09-24 00:00:00+09:00,2341.644543572555,2379.1708984375,2319.1287306535883,2379.1708984375,36200,0.0,0.0
2014-09-25 00:00:00+09:00,2390.4286102054625,2401.6865157480315,2364.1601639394685,2382.92333984375,28600,0.0,0.0
2014-09-26 00:00:00+09:00,2367.9131307160837,2367.9131307160837,2345.397316477896,2352.902587890625,24500,0.0,0.0
2014-09-29 00:00:00+09:00,2364.1612293956046,2390.4296875,2349.1506819073784,2390.4296875,19400,0.0,0.0
2014-09-30 00:00:00+09:00,2364.1611328125,2442.9665039062497,2356.655859375,2439.2138671875,38200,0.0,0.0
2014-10-01 00:00:00+09:00,2439.2132748712093,2439.2132748712093,2401.6869167962673,2412.94482421875,28400,0.0,0.0
2014-10-02 00:00:00+09:00,2367.9131807946856,2397.9342670805136,2349.150001866043,2356.6552734375,42700,0.0,0.0
2014-10-03 00:00:00+09:00,2304.118510812953,2352.902778957201,2304.118510812953,2330.386962890625,25900,0.0,0.0
2014-10-06 00:00:00+09:00,2360.4081073229827,2379.171287826345,2349.1501990209654,2371.666015625,30600,0.0,0.0
2014-10-07 00:00:00+09:00,2371.665966100436,2379.1712381450575,2356.6554220111925,2367.913330078125,12400,0.0,0.0
2014-10-08 00:00:00+09:00,2326.634187151672,2364.160545008957,2315.3762797944864,2356.6552734375,27200,0.0,0.0
2014-10-09 00:00:00+09:00,2341.6453125,2341.6453125,2270.34521484375,2289.1083984375,36600,0.0,0.0
2014-10-10 00:00:00+09:00,2236.5710976432724,2259.0869140625,2214.805808438019,2259.0869140625,52700,0.0,0.0
2014-10-14 00:00:00+09:00,2176.528819347363,2215.5562326597988,2176.528819347363,2181.031982421875,32500,0.0,0.0
2014-10-15 00:00:00+09:00,2184.7839131673177,2218.557625325521,2158.5154703776043,2161.517578125,32000,0.0,0.0
2014-10-16 00:00:00+09:00,2131.4971153313386,2137.501332557624,2105.9791921196256,2116.486572265625,34600,0.0,0.0
2014-10-17 00:00:00+09:00,2105.9795539013276,2105.9795539013276,2019.6689164463548,2024.922607421875,74200,0.0,0.0
2014-10-20 00:00:00+09:00,2071.45504989045,2084.214012154268,2068.4529411224926,2076.708740234375,50000,0.0,0.0
2014-10-21 00:00:00+09:00,2082.712864231419,2083.4633913897005,2052.6917779001556,2054.943359375,25500,0.0,0.0
2014-10-22 00:00:00+09:00,2060.196954884444,2071.4548617417363,2054.9432650177077,2066.201171875,17700,0.0,0.0
2014-10-23 00:00:00+09:00,2071.455322265625,2071.455322265625,2066.9521585215693,2071.455322265625,15100,0.0,0.0
2014-10-24 00:00:00+09:00,2097.723719150623,2123.9921735943694,2075.207901055983,2081.962646484375,31300,0.0,0.0
2014-10-27 00:00:00+09:00,2096.972844572149,2114.9854960645366,2096.972844572149,2107.480224609375,23600,0.0,0.0
2014-10-28 00:00:00+09:00,2122.490984749667,2128.4952025283083,2104.4783314137435,2112.734130859375,62900,0.0,0.0
2014-10-29 00:00:00+09:00,2127.879008227323,2139.995045284845,2120.306485066372,2139.23779296875,22000,25.0,0.0
2014-10-30 00:00:00+09:00,2128.6359424054262,2139.2374732462927,2124.092429187912,2125.60693359375,18000,0.0,0.0
2014-10-31 00:00:00+09:00,2129.393954205889,2164.98482043906,2105.1618750684106,2161.955810546875,47300,0.0,0.0
2014-11-04 00:00:00+09:00,2290.688111905036,2298.2606345890194,2196.031578355241,2261.1552734375,69700,0.0,0.0
2014-11-05 00:00:00+09:00,2271.756591796875,2283.115374755859,2261.155061035156,2271.756591796875,23400,0.0,0.0
2014-11-06 00:00:00+09:00,2283.115675173072,2290.6881981421366,2236.166032764869,2254.340087890625,21300,0.0,0.0
2014-11-07 00:00:00+09:00,2271.0001161517516,2271.0001161517516,2241.4672703598485,2249.039794921875,10300,0.0,0.0
2014-11-10 00:00:00+09:00,2249.0390307848443,2249.7962829837616,2237.6802478010823,2238.4375,8400,0.0,0.0
2014-11-11 00:00:00+09:00,2255.8549518141335,2261.912971154353,2221.021340607873,2245.25341796875,23300,0.0,0.0
2014-11-12 00:00:00+09:00,2269.484835205078,2290.6878967285156,2261.9123132324216,2271.756591796875,26800,0.0,0.0
2014-11-13 00:00:00+09:00,2275.543212890625,2290.688259232659,2271.7569513051167,2275.543212890625,13000,0.0,0.0
2014-11-14 00:00:00+09:00,2271.7568887246625,2279.329411687078,2237.6805353937925,2241.466796875,14200,0.0,0.0
2014-11-17 00:00:00+09:00,2241.4666156572166,2246.0101290673324,2189.216211440883,2203.60400390625,23600,0.0,0.0
2014-11-18 00:00:00+09:00,2205.1188405025555,2224.8074015784714,2203.604335804408,2222.53564453125,9900,0.0,0.0
2014-11-19 00:00:00+09:00,2240.7098748137687,2259.641185009897,2240.7098748137687,2247.525146484375,14000,0.0,0.0
2014-11-20 00:00:00+09:00,2267.9710596415366,2343.6963037030237,2260.398535235388,2336.123779296875,28000,0.0,0.0
2014-11-21 00:00:00+09:00,2347.4818176368135,2347.4818176368135,2317.191729667306,2343.695556640625,11100,0.0,0.0
2014-11-25 00:00:00+09:00,2351.268466305423,2381.5585592691,2302.047065239448,2332.337158203125,23200,0.0,0.0
2014-11-26 00:00:00+09:00,2355.0545079734547,2389.130859375,2355.0545079734547,2389.130859375,19700,0.0,0.0
2014-11-27 00:00:00+09:00,2392.917508459395,2400.4900322203425,2377.7724609375,2377.7724609375,15900,0.0,0.0
2014-11-28 00:00:00+09:00,2400.4901920520665,2411.8489784497892,2347.4825221960273,2358.84130859375,25800,0.0,0.0
2014-12-01 00:00:00+09:00,2381.5587672082847,2419.42138671875,2381.5587672082847,2419.42138671875,16600,0.0,0.0
2014-12-02 00:00:00+09:00,2415.6347142269738,2461.0698499177633,2408.062191611842,2445.9248046875,39300,0.0,0.0
2014-12-03 00:00:00+09:00,2445.9252061293387,2445.9252061293387,2423.2076345553824,2426.993896484375,12900,0.0,0.0
2014-12-04 00:00:00+09:00,2438.3529822716346,2472.42934382512,2438.3529822716346,2461.070556640625,25500,0.0,0.0
2014-12-05 00:00:00+09:00,2457.284122848511,2457.284122848511,2423.207763671875,2423.207763671875,16600,0.0,0.0
2014-12-08 00:00:00+09:00,2461.0702254421026,2461.0702254421026,2423.2076065891474,2442.138916015625,17300,0.0,0.0
2014-12-09 00:00:00+09:00,2389.1308980468752,2419.420988671875,2358.840807421875,2366.413330078125,27200,0.0,0.0
2014-12-10 00:00:00+09:00,2362.627570726324,2385.3451435217694,2358.84130859375,2358.84130859375,24000,0.0,0.0
2014-12-11 00:00:00+09:00,2355.0550903122466,2358.841352515321,2328.5512548907263,2336.123779296875,21800,0.0,0.0
2014-12-12 00:00:00+09:00,2370.2001223774078,2445.9253659038422,2362.627598024764,2408.062744140625,44800,0.0,0.0
2014-12-15 00:00:00+09:00,2370.19959140625,2392.917159375,2347.4820234375,2366.413330078125,40200,0.0,0.0
2014-12-16 00:00:00+09:00,2347.4822046849636,2351.268466305423,2313.4058501008267,2332.337158203125,27600,0.0,0.0
2014-12-17 00:00:00+09:00,2294.474541998529,2351.268466305423,2294.474541998529,2332.337158203125,18000,0.0,0.0
2014-12-18 00:00:00+09:00,2370.19959140625,2370.19959140625,2351.268284765625,2366.413330078125,20300,0.0,0.0
2014-12-19 00:00:00+09:00,2389.131405654344,2396.703929919492,2358.84130859375,2358.84130859375,51300,0.0,0.0
2014-12-22 00:00:00+09:00,2385.344970703125,2385.344970703125,2366.41366141183,2385.344970703125,11900,0.0,0.0
2014-12-24 00:00:00+09:00,2392.917638174495,2438.352783203125,2392.917638174495,2438.352783203125,16100,0.0,0.0
2014-12-25 00:00:00+09:00,2434.566521117406,2438.352783203125,2423.2077348602484,2438.352783203125,13600,0.0,0.0
2014-12-26 00:00:00+09:00,2438.3526263361905,2457.283935546875,2438.3526263361905,2457.283935546875,10600,0.0,0.0
2014-12-29 00:00:00+09:00,2461.0705805759803,2510.2919921875,2461.0705805759803,2510.2919921875,22000,0.0,0.0
2014-12-30 00:00:00+09:00,2514.0777519971803,2517.864013671875,2491.360181949013,2517.864013671875,18700,0.0,0.0
2015-01-05 00:00:00+09:00,2521.650248300869,2533.009033203125,2491.3601552281857,2533.009033203125,11000,0.0,0.0
2015-01-06 00:00:00+09:00,2480.0013494929044,2517.8639655156967,2476.215087890625,2476.215087890625,21200,0.0,0.0
2015-01-07 00:00:00+09:00,2464.856303083787,2483.787611095184,2464.856303083787,2476.215087890625,13300,0.0,0.0
2015-01-08 00:00:00+09:00,2510.291663411458,2555.726806640625,2480.001567925347,2555.726806640625,23000,0.0,0.0
2015-01-09 00:00:00+09:00,2563.2992568330137,2567.085518659946,2517.864114909829,2529.222900390625,16300,0.0,0.0
2015-01-13 00:00:00+09:00,2476.215417980605,2498.932990622629,2464.856631659593,2495.146728515625,8900,0.0,0.0
2015-01-14 00:00:00+09:00,2476.215012044774,2498.9325809626157,2430.77987420909,2449.711181640625,13900,0.0,0.0
2015-01-15 00:00:00+09:00,2476.215189337186,2491.3602363667715,2430.7800482484304,2487.573974609375,15400,0.0,0.0
2015-01-16 00:00:00+09:00,2453.49755859375,2472.428866916233,2445.9250352647573,2453.49755859375,23800,0.0,0.0
2015-01-19 00:00:00+09:00,2461.0700414815083,2480.0013494929044,2457.283779879229,2476.215087890625,12500,0.0,0.0
2015-01-20 00:00:00+09:00,2476.215189337186,2487.573974609375,2468.6426658223936,2487.573974609375,9400,0.0,0.0
2015-01-21 00:00:00+09:00,2487.5739884005247,2487.5739884005247,2468.642679508588,2480.00146484375,8800,0.0,0.0
2015-01-22 00:00:00+09:00,2483.787611095184,2483.787611095184,2461.0700414815083,2476.215087890625,6700,0.0,0.0
2015-01-23 00:00:00+09:00,2483.7877266221376,2487.5739884005247,2472.4289412869753,2480.00146484375,7600,0.0,0.0
2015-01-26 00:00:00+09:00,2480.0013703259297,2544.3678181053815,2480.0013703259297,2533.009033203125,15900,0.0,0.0
2015-01-27 00:00:00+09:00,2525.4363686697825,2555.726460048131,2525.4363686697825,2544.36767578125,15600,0.0,0.0
2015-01-28 00:00:00+09:00,2548.1543972760264,2559.51318359375,2536.7956109583024,2559.51318359375,7100,0.0,0.0
2015-01-29 00:00:00+09:00,2551.940044543944,2563.298828125,2551.940044543944,2563.298828125,6200,0.0,0.0
2015-01-30 00:00:00+09:00,2574.6576117060563,2574.6576117060563,2551.940044543944,2563.298828125,13600,0.0,0.0
2015-02-02 00:00:00+09:00,2551.940341373552,2555.7266030076376,2529.2227715690397,2533.009033203125,9100,0.0,0.0
2015-02-03 00:00:00+09:00,2540.5815564712957,2559.512864641723,2506.5052017645276,2533.009033203125,11600,0.0,0.0
2015-02-04 00:00:00+09:00,2502.7191515666686,2533.0092471983376,2483.787841796875,2483.787841796875,15400,0.0,0.0
2015-02-05 00:00:00+09:00,2457.283779879229,2483.787611095184,2457.283779879229,2476.215087890625,11600,0.0,0.0
2015-02-06 00:00:00+09:00,2476.215606219952,2498.9331805889424,2426.9941950871394,2461.070556640625,14700,0.0,0.0
2015-02-09 00:00:00+09:00,2461.0704681304287,2506.505615234375,2461.0704681304287,2506.505615234375,8000,0.0,0.0
2015-02-10 00:00:00+09:00,2498.932891437593,2548.154296875,2495.1466294808693,2548.154296875,8900,0.0,0.0
2015-02-12 00:00:00+09:00,2574.6581463481107,2623.8795520871186,2574.6581463481107,2604.9482421875,27200,0.0,0.0
2015-02-13 00:00:00+09:00,2608.734028007129,2620.0928118736333,2589.8027215629554,2597.375244140625,20400,0.0,0.0
2015-02-16 00:00:00+09:00,2604.94822803442,2620.0932758718295,2604.94822803442,2612.520751953125,10300,0.0,0.0
2015-02-17 00:00:00+09:00,2612.519752876216,2635.2373159447047,2612.519752876216,2627.664794921875,12800,0.0,0.0
2015-02-18 00:00:00+09:00,2631.45105543329,2642.8098369675345,2620.0922738990457,2627.664794921875,13400,0.0,0.0
2015-02-19 00:00:00+09:00,2623.8785344104604,2627.664794921875,2604.9472318533863,2627.664794921875,16500,0.0,0.0
2015-02-20 00:00:00+09:00,2631.4520193516523,2665.5283764367814,2616.306971758261,2635.23828125,32200,0.0,0.0
2015-02-23 00:00:00+09:00,2635.23830947435,2646.5970952910498,2620.09326171875,2620.09326171875,15200,0.0,0.0
2015-02-24 00:00:00+09:00,2604.9481042549432,2680.67333984375,2604.9481042549432,2680.67333984375,22400,0.0,0.0
2015-02-25 00:00:00+09:00,2707.1771949561867,2801.833740234375,2684.4596240894216,2801.833740234375,48100,0.0,0.0
2015-02-26 00:00:00+09:00,2839.696107645751,2907.848814229249,2816.978538784585,2873.7724609375,56900,0.0,0.0
2015-02-27 00:00:00+09:00,2885.131449142157,2979.787992749183,2847.2688316993467,2896.490234375,43100,0.0,0.0
2015-03-02 00:00:00+09:00,2896.490207071887,2979.7879646608826,2877.5588985289337,2911.63525390625,39800,0.0,0.0
2015-03-03 00:00:00+09:00,2911.634894053141,2938.1387227376304,2885.1310653686523,2907.8486328125,41600,0.0,0.0
2015-03-04 00:00:00+09:00,2885.1313342349067,2922.993950169748,2877.558811047939,2892.703857421875,33300,0.0,0.0
2015-03-05 00:00:00+09:00,2851.0553774769414,2854.841639598425,2809.406494140625,2809.406494140625,53600,0.0,0.0
2015-03-06 00:00:00+09:00,2809.4061953124997,2862.413859375,2809.4061953124997,2839.6962890625,30600,0.0,0.0
2015-03-09 00:00:00+09:00,2782.902573646328,2816.9789316909773,2763.971263621523,2790.47509765625,35400,0.0,0.0
2015-03-10 00:00:00+09:00,2763.9710899888237,2790.4749223585795,2710.963425249312,2752.6123046875,28100,0.0,0.0
2015-03-11 00:00:00+09:00,2745.0397538421257,2798.047418054249,2745.0397538421257,2767.75732421875,11500,0.0,0.0
2015-03-12 00:00:00+09:00,2767.7576108043086,2824.5515426265583,2763.971348682825,2809.406494140625,32300,0.0,0.0
2015-03-13 00:00:00+09:00,2824.5518186822496,2824.5518186822496,2782.9029312754064,2794.26171875,33400,0.0,0.0
2015-03-16 00:00:00+09:00,2820.765579162679,2854.841941863973,2798.048004028483,2843.483154296875,46600,0.0,0.0
2015-03-17 00:00:00+09:00,2888.917697235068,2907.8490058670145,2847.268818244785,2904.062744140625,47100,0.0,0.0
2015-03-18 00:00:00+09:00,2885.130913698658,2941.9248293226474,2885.130913698658,2926.77978515625,38700,0.0,0.0
2015-03-19 00:00:00+09:00,2922.9936397266633,2934.3524233007306,2900.276072578529,2930.566162109375,21800,0.0,0.0
2015-03-20 00:00:00+09:00,2938.1390996781292,2945.711623130908,2904.062744140625,2904.062744140625,30900,0.0,0.0
2015-03-23 00:00:00+09:00,2911.6349325505453,2922.993716422654,2881.344842224922,2885.131103515625,18500,0.0,0.0
2015-03-24 00:00:00+09:00,2892.7038492511715,2892.7038492511715,2820.764879178171,2828.33740234375,37800,0.0,0.0
2015-03-25 00:00:00+09:00,2839.6968074522456,2847.269332272118,2816.9792329926277,2824.5517578125,19100,0.0,0.0
2015-03-26 00:00:00+09:00,2816.979324548706,2820.7655870817016,2767.7579116197635,2779.11669921875,21200,0.0,0.0
2015-03-27 00:00:00+09:00,2805.6201600366708,2820.7652081340348,2779.1163258662837,2782.902587890625,17300,0.0,0.0
2015-03-30 00:00:00+09:00,2782.9024588543434,2794.2612444006877,2767.757411459218,2786.688720703125,9600,0.0,0.0
2015-03-31 00:00:00+09:00,2767.757337949567,2809.4062171799983,2737.467243963799,2760.184814453125,26700,0.0,0.0
2015-04-01 00:00:00+09:00,2726.1087573682385,2763.971378998353,2726.1087573682385,2729.89501953125,24700,0.0,0.0
2015-04-02 00:00:00+09:00,2763.9711221230996,2813.1925256677573,2756.3985985008444,2801.833740234375,19300,0.0,0.0
2015-04-03 00:00:00+09:00,2801.8334054314487,2862.413587170507,2801.8334054314487,2854.841064453125,46600,0.0,0.0
2015-04-06 00:00:00+09:00,2869.9864919194724,2979.7880859375,2869.9864919194724,2979.7880859375,41400,0.0,0.0
2015-04-07 00:00:00+09:00,2960.8567766240467,2991.1468715255714,2953.2842528986657,2979.7880859375,51300,0.0,0.0
2015-04-08 00:00:00+09:00,2976.001220703125,2983.5737428932093,2953.283654132872,2976.001220703125,16600,0.0,0.0
2015-04-09 00:00:00+09:00,2991.1473162387692,3010.0786283668626,2987.36105381315,3002.506103515625,25800,0.0,0.0
2015-04-10 00:00:00+09:00,3025.223532825259,3029.009795069095,3010.0784838499135,3013.86474609375,22500,0.0,0.0
2015-04-13 00:00:00+09:00,2994.9326298741485,3006.2914135525584,2968.428801291191,2987.360107421875,21700,0.0,0.0
2015-04-14 00:00:00+09:00,2987.3605818139617,3002.5056291235383,2972.2155345043852,2994.93310546875,14100,0.0,0.0
2015-04-15 00:00:00+09:00,2979.787752507593,2979.787752507593,2960.8564453125,2960.8564453125,11000,0.0,0.0
2015-04-16 00:00:00+09:00,2941.9249456834423,2953.2837292575095,2907.84859496124,2930.566162109375,16000,0.0,0.0
2015-04-17 00:00:00+09:00,2904.0623337698844,2960.856251640221,2900.276072578529,2930.566162109375,15700,0.0,0.0
2015-04-20 00:00:00+09:00,2824.551135668244,2915.4214134913514,2801.8335662124673,2900.2763671875,28900,0.0,0.0
2015-04-21 00:00:00+09:00,2896.4896968234557,2938.138568281048,2885.130913698658,2926.77978515625,13500,0.0,0.0
2015-04-22 00:00:00+09:00,2919.207823768029,2960.8567032251603,2919.207823768029,2953.2841796875,17600,0.0,0.0
2015-04-23 00:00:00+09:00,2957.0700941245377,2960.856355448641,2941.925048828125,2941.925048828125,16200,0.0,0.0
2015-04-24 00:00:00+09:00,2953.283922434463,2964.6427067515187,2938.138876678389,2960.8564453125,70000,0.0,0.0
2015-04-27 00:00:00+09:00,2983.7208549647175,2987.5314818548386,2941.8039591733873,2953.23583984375,9600,25.0,0.0
2015-04-28 00:00:00+09:00,2953.23583984375,2957.046466733871,2922.7508247227825,2953.23583984375,13900,0.0,0.0
2015-04-30 00:00:00+09:00,2918.939703297708,2945.614087009306,2915.129077053194,2930.37158203125,25700,0.0,0.0
2015-05-01 00:00:00+09:00,2903.6973397046095,2918.9398454248435,2865.5910754040237,2888.454833984375,7900,0.0,0.0
2015-05-07 00:00:00+09:00,2873.212417702531,2907.508056640625,2873.212417702531,2907.508056640625,7100,0.0,0.0
2015-05-08 00:00:00+09:00,2877.0228086625934,2934.1822022121814,2877.0228086625934,2918.939697265625,9500,0.0,0.0
2015-05-11 00:00:00+09:00,2937.9935720176895,2949.425453620871,2934.1829448166286,2941.80419921875,3500,0.0,0.0
2015-05-12 00:00:00+09:00,2922.75041450075,2937.992919921875,2911.318535434906,2937.992919921875,4300,0.0,0.0
2015-05-13 00:00:00+09:00,2945.613934499657,2953.235186594093,2926.560804263566,2949.424560546875,18500,0.0,0.0
2015-05-14 00:00:00+09:00,2957.046391106386,2983.7207786550266,2953.2357643137234,2968.478271484375,26900,0.0,0.0
2015-05-15 00:00:00+09:00,2979.909759172491,3002.773516915502,2972.288506591487,2998.962890625,41000,0.0,0.0
2015-05-18 00:00:00+09:00,3002.7735909063695,3010.3948436751675,2972.288579831178,2983.720458984375,18700,0.0,0.0
2015-05-19 00:00:00+09:00,2957.0456686580883,2983.7200496897976,2949.4244169347426,2979.909423828125,19300,0.0,0.0
2015-05-20 00:00:00+09:00,2979.909423828125,2987.5306755514703,2968.4775462431066,2979.909423828125,25100,0.0,0.0
2015-05-21 00:00:00+09:00,2991.342032240352,2995.152659033015,2960.857017899049,2968.478271484375,18000,0.0,0.0
2015-05-22 00:00:00+09:00,2964.667321464343,2987.531079727564,2957.0460687099358,2972.28857421875,20200,0.0,0.0
2015-05-25 00:00:00+09:00,3002.773516915502,3002.773516915502,2972.288506591487,2998.962890625,18200,0.0,0.0
2015-05-26 00:00:00+09:00,2995.1522643344983,3006.584143206004,2983.7203854629925,2998.962890625,11300,0.0,0.0
2015-05-27 00:00:00+09:00,2991.341796875,3002.773676353503,2979.9099173964964,2991.341796875,15800,0.0,0.0
2015-05-28 00:00:00+09:00,2991.341638043996,3014.2053957870075,2979.909759172491,2998.962890625,44600,0.0,0.0
2015-05-29 00:00:00+09:00,2998.9631397102453,3014.2056461382513,2983.720633282239,3010.39501953125,54700,0.0,0.0
2015-06-01 00:00:00+09:00,3002.7737663172466,3021.8268993522547,2995.1525131032436,3010.39501953125,71900,0.0,0.0
2015-06-02 00:00:00+09:00,3010.3948436751675,3010.3948436751675,2976.099206215577,2983.720458984375,46000,0.0,0.0
2015-06-03 00:00:00+09:00,3006.5843929242483,3021.8268993522547,2953.235620426226,3010.39501953125,50700,0.0,0.0
2015-06-04 00:00:00+09:00,3002.77350860892,3139.9560546875,3002.77350860892,3139.9560546875,83100,0.0,0.0
2015-06-05 00:00:00+09:00,3109.4709409594097,3124.713445571956,3059.9328009686346,3098.0390625,55600,0.0,0.0
2015-06-08 00:00:00+09:00,3159.0086931195174,3284.759340734649,3147.5768160635967,3258.0849609375,104600,0.0,0.0
2015-06-09 00:00:00+09:00,3223.790198737411,3246.6539590121447,3200.9264384626777,3216.1689453125,56600,0.0,0.0
2015-06-10 00:00:00+09:00,3166.629858754847,3200.9254889940694,3124.7129773513534,3132.334228515625,46400,0.0,0.0
2015-06-11 00:00:00+09:00,3136.1455766266467,3174.251841227214,3109.47119140625,3109.47119140625,43000,0.0,0.0
2015-06-12 00:00:00+09:00,3117.0924443263634,3132.3349501665903,3090.4180591059667,3109.47119140625,26200,0.0,0.0
2015-06-15 00:00:00+09:00,3109.47119140625,3117.0924443263634,3094.2286855660236,3109.47119140625,9500,0.0,0.0
2015-06-16 00:00:00+09:00,3098.0394757759905,3124.713862406288,3098.0394757759905,3113.281982421875,11000,0.0,0.0
2015-06-17 00:00:00+09:00,3117.0924168275983,3120.903043254038,3052.311767578125,3052.311767578125,14000,0.0,0.0
2015-06-18 00:00:00+09:00,3052.3120162736127,3090.4182836428213,3037.069509325929,3063.743896484375,19600,0.0,0.0
2015-06-19 00:00:00+09:00,3086.606752388504,3113.281131730133,3059.932373046875,3059.932373046875,16700,0.0,0.0
2015-06-22 00:00:00+09:00,3063.743029860046,3105.659912109375,3059.932404201016,3105.659912109375,9800,0.0,0.0
2015-06-23 00:00:00+09:00,3120.902934982116,3166.6304505129897,3109.4710560993976,3162.81982421875,26700,0.0,0.0
2015-06-24 00:00:00+09:00,3162.819422208346,3189.4938028775728,3094.2281576303335,3170.440673828125,49500,0.0,0.0
2015-06-25 00:00:00+09:00,3162.8203000104677,3162.8203000104677,3124.7140313356426,3128.524658203125,16200,0.0,0.0
2015-06-26 00:00:00+09:00,3136.145598038383,3155.19873046875,3124.713718580163,3155.19873046875,12100,0.0,0.0
2015-06-29 00:00:00+09:00,3056.122090180911,3109.4708548474105,3040.879585990482,3090.417724609375,19500,0.0,0.0
2015-06-30 00:00:00+09:00,3090.4182031856562,3090.4182031856562,3048.5013101708078,3067.554443359375,17200,0.0,0.0
2015-07-01 00:00:00+09:00,3086.6074537194295,3170.4412364130435,3082.796827233356,3155.19873046875,24700,0.0,0.0
2015-07-02 00:00:00+09:00,3170.440484336983,3178.0617355012546,3132.334228515625,3132.334228515625,12600,0.0,0.0
2015-07-03 00:00:00+09:00,3151.388311433555,3151.388311433555,3056.1226430105335,3063.743896484375,15300,0.0,0.0
2015-07-06 00:00:00+09:00,3010.3946898794416,3029.4478208280457,2998.962811310279,3002.7734375,19400,0.0,0.0
2015-07-07 00:00:00+09:00,3033.2587939514237,3059.9331803303935,3014.205660823588,3044.690673828125,8900,0.0,0.0
2015-07-08 00:00:00+09:00,3059.9328743447254,3059.9328743447254,2915.129077053194,2930.37158203125,26000,0.0,0.0
2015-07-09 00:00:00+09:00,2877.023524234169,2915.1297960783304,2766.5153358861016,2896.07666015625,46900,0.0,0.0
2015-07-10 00:00:00+09:00,2899.887287340666,2930.372304815995,2896.07666015625,2896.07666015625,15200,0.0,0.0
2015-07-13 00:00:00+09:00,2957.045401944534,2960.8560274625042,2918.9391467648366,2945.613525390625,13500,0.0,0.0
2015-07-14 00:00:00+09:00,3018.0161297401687,3056.1223940045647,2998.9629976079705,3052.311767578125,18400,0.0,0.0
2015-07-15 00:00:00+09:00,3052.311931962087,3082.7969450153914,3037.069425435435,3056.12255859375,28800,0.0,0.0
2015-07-16 00:00:00+09:00,3044.690594177246,3056.122473754883,3033.2587145996094,3048.501220703125,11000,0.0,0.0
2015-07-17 00:00:00+09:00,3052.311767578125,3063.7436468574438,3040.8798882988062,3052.311767578125,29100,0.0,0.0
2015-07-21 00:00:00+09:00,3086.607485961914,3105.660618591309,3048.501220703125,3048.501220703125,22800,0.0,0.0
2015-07-22 00:00:00+09:00,3037.0688993492904,3048.5007772640306,2987.53076171875,2987.53076171875,22100,0.0,0.0
2015-07-23 00:00:00+09:00,3002.773121843434,3025.6368765782827,2995.1518702651515,3018.015625,10700,0.0,0.0
2015-07-24 00:00:00+09:00,3018.0167653491485,3033.2592742650536,3010.3955108911964,3021.827392578125,16500,0.0,0.0
2015-07-27 00:00:00+09:00,3010.393877114029,3025.636377757644,2934.181373895952,3006.583251953125,20200,0.0,0.0
2015-07-28 00:00:00+09:00,2953.235600724012,2976.099360213488,2934.1824678161147,2964.66748046875,13300,0.0,0.0
2015-07-29 00:00:00+09:00,2964.666826913409,2979.9093298795447,2953.234949688807,2960.856201171875,11600,0.0,0.0
2015-07-30 00:00:00+09:00,2960.857101772567,2976.099609375,2945.6145941701343,2976.099609375,6800,0.0,0.0
2015-07-31 00:00:00+09:00,3029.448162443075,3037.0694156819254,3006.5844027265234,3033.2587890625,9500,0.0,0.0
2015-08-03 00:00:00+09:00,3033.2592742650536,3033.2592742650536,3002.774256433244,3021.827392578125,7300,0.0,0.0
2015-08-04 00:00:00+09:00,3029.448647036077,3033.2592742650536,3018.0167653491485,3021.827392578125,4900,0.0,0.0
2015-08-05 00:00:00+09:00,3021.826586944695,3048.50097043601,3021.826586944695,3037.069091796875,7100,0.0,0.0
2015-08-06 00:00:00+09:00,3037.069006117335,3056.1221366450472,3029.44775390625,3029.44775390625,8200,0.0,0.0
2015-08-07 00:00:00+09:00,3025.638019807101,3033.2592742650536,3014.2061381201725,3021.827392578125,14100,0.0,0.0
2015-08-10 00:00:00+09:00,3014.2056461382513,3044.690658994264,2972.288753461234,3010.39501953125,28200,0.0,0.0
2015-08-11 00:00:00+09:00,3010.393877114029,3021.82575259674,2998.9620016313174,3006.583251953125,30300,0.0,0.0
2015-08-12 00:00:00+09:00,2995.152338137572,2998.9629645219707,2960.8567006779813,2983.720458984375,22000,0.0,0.0
2015-08-13 00:00:00+09:00,2968.477736217571,3029.44775390625,2949.4246056898587,3029.44775390625,25200,0.0,0.0
2015-08-14 00:00:00+09:00,3021.826586944695,3037.069091796875,3014.205334518605,3037.069091796875,4700,0.0,0.0
2015-08-17 00:00:00+09:00,3044.690594177246,3059.9331002807617,3033.2587145996094,3048.501220703125,9900,0.0,0.0
2015-08-18 00:00:00+09:00,3056.1225537048263,3056.1225537048263,3044.690673828125,3044.690673828125,2200,0.0,0.0
2015-08-19 00:00:00+09:00,3040.8800423013504,3044.690668920776,3014.205655965374,3033.2587890625,7300,0.0,0.0
2015-08-20 00:00:00+09:00,3021.8264821758708,3037.0689864995825,2945.6139605573117,2995.152099609375,19600,0.0,0.0
2015-08-21 00:00:00+09:00,2934.181648836716,2995.151657124232,2888.4541426210785,2945.613525390625,33600,0.0,0.0
2015-08-24 00:00:00+09:00,2838.9168745130714,2869.4018879306614,2682.6811807479226,2751.2724609375,21200,0.0,0.0
2015-08-25 00:00:00+09:00,2549.309058314732,2835.1060379464284,2476.907156808036,2667.4384765625,40700,0.0,0.0
2015-08-26 00:00:00+09:00,2667.4381739656687,2762.703823035871,2663.6275480028607,2705.54443359375,20300,0.0,0.0
2015-08-27 00:00:00+09:00,2758.8935546875,2804.621072168508,2713.1660372064916,2758.8935546875,17400,0.0,0.0
2015-08-28 00:00:00+09:00,2781.757597942327,2896.076403337217,2777.9469710958306,2861.78076171875,18300,0.0,0.0
2015-08-31 00:00:00+09:00,2892.2654549099752,2892.2654549099752,2835.1060585678806,2877.02294921875,11400,0.0,0.0
2015-09-01 00:00:00+09:00,2835.1065032327583,2854.1596383351293,2747.4620817618534,2762.70458984375,10000,0.0,0.0
2015-09-02 00:00:00+09:00,2694.112861328125,2732.2191252790176,2640.7640917968747,2667.4384765625,18700,0.0,0.0
2015-09-03 00:00:00+09:00,2690.3017877350276,2751.271799921657,2690.3017877350276,2736.029296875,15700,0.0,0.0
2015-09-04 00:00:00+09:00,2736.029954228705,2793.1893543866863,2667.4386740391274,2751.2724609375,45200,0.0,0.0
2015-09-07 00:00:00+09:00,2484.5283998175883,2530.255916378648,2434.99025687644,2480.7177734375,61800,0.0,0.0
2015-09-08 00:00:00+09:00,2511.202880859375,2545.4985195964528,2484.528495174981,2511.202880859375,18700,0.0,0.0
2015-09-09 00:00:00+09:00,2564.5517808781115,2629.332435075627,2564.5517808781115,2621.711181640625,15700,0.0,0.0
2015-09-10 00:00:00+09:00,2541.6873255133282,2682.6804755043227,2515.0129457853027,2644.57421875,17400,0.0,0.0
2015-09-11 00:00:00+09:00,2614.0893834504836,2678.870024148236,2614.0893834504836,2659.81689453125,4200,0.0,0.0
2015-09-14 00:00:00+09:00,2629.3321166286582,2663.6277529325102,2617.9002378607074,2636.953369140625,13600,0.0,0.0
2015-09-15 00:00:00+09:00,2636.9531662632044,2716.9763114821744,2625.52128837478,2705.54443359375,23800,0.0,0.0
2015-09-16 00:00:00+09:00,2663.628075533135,2686.4918358381406,2621.711181640625,2621.711181640625,10300,0.0,0.0
2015-09-17 00:00:00+09:00,2675.059425891285,2713.165685519366,2648.3850441516283,2705.54443359375,19400,0.0,0.0
2015-09-18 00:00:00+09:00,2705.5449170405323,2705.5449170405323,2621.711130878713,2694.113037109375,13200,0.0,0.0
2015-09-24 00:00:00+09:00,2652.1958801708633,2659.81713270009,2621.710870053957,2648.38525390625,9800,0.0,0.0
2015-09-25 00:00:00+09:00,2648.3848205225427,2728.407958984375,2629.3316923173447,2728.407958984375,24900,0.0,0.0
2015-09-28 00:00:00+09:00,2678.870430431147,2713.166068943068,2652.196044921875,2652.196044921875,15300,0.0,0.0
2015-09-29 00:00:00+09:00,2633.1424202967173,2640.763671875,2621.710542929293,2640.763671875,9400,0.0,0.0
2015-09-30 00:00:00+09:00,2663.6278501674105,2724.597872488839,2656.006597377232,2667.4384765625,20400,0.0,0.0
2015-10-01 00:00:00+09:00,2636.953632701527,2682.68115234375,2633.143006064675,2682.68115234375,15100,0.0,0.0
2015-10-02 00:00:00+09:00,2648.385433981605,2694.112952266179,2644.57480745789,2686.49169921875,13900,0.0,0.0
2015-10-05 00:00:00+09:00,2743.651123046875,2789.3786417643228,2720.787363688151,2743.651123046875,35400,0.0,0.0
2015-10-06 00:00:00+09:00,2758.8933295318893,2808.431469426799,2758.8933295318893,2793.18896484375,11000,0.0,0.0
2015-10-07 00:00:00+09:00,2812.2420291385133,2831.2951594172296,2785.567646748311,2819.86328125,11400,0.0,0.0
2015-10-08 00:00:00+09:00,2819.8640208717325,2899.887189031606,2819.8640208717325,2842.727783203125,21800,0.0,0.0
2015-10-09 00:00:00+09:00,2857.969965800703,2857.969965800703,2831.2955794532295,2846.5380859375,11000,0.0,0.0
2015-10-13 00:00:00+09:00,2835.106089344051,2857.969848129084,2770.325439453125,2770.325439453125,12200,0.0,0.0
2015-10-14 00:00:00+09:00,2796.999597300654,2808.4314757637358,2774.1358403744907,2804.620849609375,3700,0.0,0.0
2015-10-15 00:00:00+09:00,2751.272401147959,2800.810546875,2751.272401147959,2800.810546875,4700,0.0,0.0
2015-10-16 00:00:00+09:00,2785.5681819413144,2789.3788087291955,2743.651287274619,2747.4619140625,10000,0.0,0.0
2015-10-19 00:00:00+09:00,2777.946368206988,2781.7569942264768,2743.6507340315934,2774.1357421875,8500,0.0,0.0
2015-10-20 00:00:00+09:00,2785.567547907595,2789.378173828125,2762.7037923844136,2789.378173828125,3100,0.0,0.0
2015-10-21 00:00:00+09:00,2789.3783323523116,2816.052715311965,2777.946453941032,2781.757080078125,11300,0.0,0.0
2015-10-22 00:00:00+09:00,2758.8934019740227,2789.3784119405864,2747.4615232365613,2777.946533203125,17500,0.0,0.0
2015-10-23 00:00:00+09:00,2804.6210990358595,2823.6742315021356,2796.999846049349,2816.052978515625,9100,0.0,0.0
2015-10-26 00:00:00+09:00,2796.9995249155404,2846.5376636402025,2796.9995249155404,2819.86328125,10800,0.0,0.0
2015-10-27 00:00:00+09:00,2857.970375428225,2857.970375428225,2835.1066124247996,2850.34912109375,31400,0.0,0.0
2015-10-28 00:00:00+09:00,2847.6583758098323,2855.344363328887,2832.2864007717226,2836.12939453125,4600,31.5,0.0
2015-10-29 00:00:00+09:00,2843.815185546875,2851.5011725348395,2839.9721920528928,2843.815185546875,6700,0.0,0.0
2015-10-30 00:00:00+09:00,2843.8150385374665,2878.401978195355,2843.8150385374665,2859.18701171875,8800,0.0,0.0
2015-11-02 00:00:00+09:00,2839.9725619153915,2847.6585499043367,2816.9145979485543,2824.6005859375,3400,0.0,0.0
2015-11-04 00:00:00+09:00,2847.6580318327874,2886.0879647859965,2839.9720452421457,2859.18701171875,12800,0.0,0.0
2015-11-05 00:00:00+09:00,2859.18725132626,2897.6171875,2855.344257708886,2897.6171875,5100,0.0,0.0
2015-11-06 00:00:00+09:00,2909.145702801635,2920.674681808775,2874.5587657802153,2901.459716796875,10500,0.0,0.0
2015-11-09 00:00:00+09:00,2920.6753167091,2924.518310546875,2813.0714892513965,2924.518310546875,21800,0.0,0.0
2015-11-10 00:00:00+09:00,2912.989058695211,2974.476954393263,2882.245110846185,2959.10498046875,26300,0.0,0.0
2015-11-11 00:00:00+09:00,2920.675048828125,2947.576003225226,2916.832055342825,2920.675048828125,6700,0.0,0.0
2015-11-12 00:00:00+09:00,2920.6750694106677,2989.848952633552,2905.303095361138,2962.947998046875,14500,0.0,0.0
2015-11-13 00:00:00+09:00,2893.7744050573133,2936.047337933316,2805.3855454074883,2813.071533203125,21400,0.0,0.0
2015-11-16 00:00:00+09:00,2809.2281484189243,2828.443115234375,2786.170188240383,2828.443115234375,10900,0.0,0.0
2015-11-17 00:00:00+09:00,2832.2861085974655,2832.2861085974655,2805.385155055834,2828.443115234375,5300,0.0,0.0
2015-11-18 00:00:00+09:00,2832.2864788175443,2832.2864788175443,2809.228515625,2809.228515625,5700,0.0,0.0
2015-11-19 00:00:00+09:00,2828.443579931973,2828.443579931973,2805.385615965136,2824.6005859375,4800,0.0,0.0
2015-11-20 00:00:00+09:00,2824.6000733752344,2824.6000733752344,2782.3271471070334,2820.757080078125,5000,0.0,0.0
2015-11-24 00:00:00+09:00,2782.327582020577,2824.6005148965805,2778.484588122759,2813.071533203125,5900,0.0,0.0
2015-11-25 00:00:00+09:00,2813.0710934839067,2820.757080078125,2801.5421135925794,2820.757080078125,2200,0.0,0.0
2015-11-26 00:00:00+09:00,2820.757520998762,2824.6005148965805,2782.327582020577,2813.071533203125,5300,0.0,0.0
2015-11-27 00:00:00+09:00,2813.0711417820144,2828.443115234375,2797.6991683296537,2828.443115234375,5500,0.0,0.0
2015-11-30 00:00:00+09:00,2828.4435325716236,2847.658502222246,2805.385568990877,2816.91455078125,9900,0.0,0.0
2015-12-01 00:00:00+09:00,2820.7574431505836,2843.8154059011335,2820.7574431505836,2839.972412109375,4800,0.0,0.0
2015-12-02 00:00:00+09:00,2836.129370680334,2836.129370680334,2828.4433832259156,2832.286376953125,2700,0.0,0.0
2015-12-03 00:00:00+09:00,2824.600241966093,2847.658203125,2820.7572484396087,2847.658203125,4500,0.0,0.0
2015-12-04 00:00:00+09:00,2809.228609959609,2824.6005859375,2797.6996279761906,2824.6005859375,3400,0.0,0.0
2015-12-07 00:00:00+09:00,2836.129222545547,2847.658203125,2820.7572484396087,2847.658203125,4200,0.0,0.0
2015-12-08 00:00:00+09:00,2824.6000733752344,2836.1290532665616,2813.0710934839067,2820.757080078125,4100,0.0,0.0
2015-12-09 00:00:00+09:00,2801.542389983064,2809.2283773355553,2740.054491163134,2747.740478515625,11700,0.0,0.0
2015-12-10 00:00:00+09:00,2713.153635732546,2736.211598642454,2655.508728457775,2724.6826171875,11900,0.0,0.0
2015-12-11 00:00:00+09:00,2705.467600777935,2732.36855703567,2701.62460702683,2716.99658203125,6000,0.0,0.0
2015-12-14 00:00:00+09:00,2690.0955967397,2751.58349609375,2682.4096093204435,2751.58349609375,38300,0.0,0.0
2015-12-15 00:00:00+09:00,2705.467612809316,2716.996594113901,2640.13671875,2640.13671875,14500,0.0,0.0
2015-12-16 00:00:00+09:00,2701.624267578125,2736.211206992354,2682.4093012368867,2701.624267578125,13000,0.0,0.0
2015-12-17 00:00:00+09:00,2697.7814740016734,2736.211409528763,2655.508544921875,2655.508544921875,15100,0.0,0.0
2015-12-18 00:00:00+09:00,2670.8807573304875,2705.4677023894433,2663.1947695396084,2693.938720703125,18500,0.0,0.0
2015-12-21 00:00:00+09:00,2667.037329207251,2667.037329207251,2651.6653561282465,2663.1943359375,5700,0.0,0.0
2015-12-22 00:00:00+09:00,2674.72346097103,2686.25244140625,2663.19448053581,2686.25244140625,13800,0.0,0.0
2015-12-24 00:00:00+09:00,2686.2525464975292,2690.0955401262813,2620.9216548087484,2624.7646484375,6800,0.0,0.0
2015-12-25 00:00:00+09:00,2624.7646484375,2624.7646484375,2624.7646484375,2624.7646484375,0,0.0,0.0
2015-12-28 00:00:00+09:00,2690.095607713721,2690.095607713721,2663.194651636584,2674.7236328125,6800,0.0,0.0
2015-12-29 00:00:00+09:00,2709.3108474096575,2709.3108474096575,2667.037912201847,2678.56689453125,12000,0.0,0.0
2015-12-30 00:00:00+09:00,2670.8807573304875,2697.7817145985646,2663.1947695396084,2693.938720703125,12800,0.0,0.0
2016-01-04 00:00:00+09:00,2693.9389045183048,2693.9389045183048,2643.97998046875,2643.97998046875,6800,0.0,0.0
2016-01-05 00:00:00+09:00,2624.7646723518596,2640.1366470069215,2605.549704033032,2628.607666015625,10200,0.0,0.0
2016-01-06 00:00:00+09:00,2628.607666015625,2640.1366470069215,2609.3926976967973,2628.607666015625,13400,0.0,0.0
2016-01-07 00:00:00+09:00,2605.5492178806567,2613.23520377411,2586.3342531470234,2590.17724609375,6200,0.0,0.0
2016-01-08 00:00:00+09:00,2536.3759528523333,2540.218946720291,2513.3179896445845,2532.532958984375,14200,0.0,0.0
2016-01-12 00:00:00+09:00,2517.160473855433,2536.375439304711,2497.945508406155,2528.689453125,16600,0.0,0.0
2016-01-13 00:00:00+09:00,2563.2765130188986,2586.33447265625,2536.3755601086555,2586.33447265625,19000,0.0,0.0
2016-01-14 00:00:00+09:00,2555.5909698994183,2563.2769577788154,2478.731091105451,2540.218994140625,19600,0.0,0.0
2016-01-15 00:00:00+09:00,2540.2187830844773,2555.5907575660776,2463.358910676475,2467.201904296875,12600,0.0,0.0
2016-01-18 00:00:00+09:00,2428.7722731370195,2428.7722731370195,2394.185326209435,2398.0283203125,5600,0.0,0.0
2016-01-19 00:00:00+09:00,2382.65637703252,2401.8713478150407,2355.7554179369918,2363.44140625,4100,0.0,0.0
2016-01-20 00:00:00+09:00,2344.2264817792748,2378.8134298711,2336.5404933144246,2371.12744140625,13200,0.0,0.0
2016-01-21 00:00:00+09:00,2367.2841619318183,2382.6561370092973,2309.6392553912706,2325.01123046875,8800,0.0,0.0
2016-01-22 00:00:00+09:00,2325.0115676153273,2421.08642578125,2325.0115676153273,2421.08642578125,4600,0.0,0.0
2016-01-25 00:00:00+09:00,2428.7725169573646,2490.26042877907,2428.7725169573646,2478.7314453125,7200,0.0,0.0
2016-01-26 00:00:00+09:00,2428.7715581938974,2447.9865230530263,2421.085572250246,2440.300537109375,7600,0.0,0.0
2016-01-27 00:00:00+09:00,2467.2020467122397,2490.260009765625,2447.987077501085,2490.260009765625,5200,0.0,0.0
2016-01-28 00:00:00+09:00,2490.259914232337,2490.259914232337,2451.829977284307,2474.887939453125,3100,0.0,0.0
2016-01-29 00:00:00+09:00,2559.433963839117,2559.433963839117,2467.202109286356,2540.218994140625,16600,0.0,0.0
2016-02-01 00:00:00+09:00,2551.7480796755726,2555.5910737714694,2517.1611328125,2517.1611328125,6000,0.0,0.0
2016-02-02 00:00:00+09:00,2517.160864780438,2521.0038584671256,2513.31787109375,2513.31787109375,1800,0.0,0.0
2016-02-03 00:00:00+09:00,2497.9456306801617,2497.9456306801617,2424.9287583987416,2471.044677734375,8700,0.0,0.0
2016-02-04 00:00:00+09:00,2471.044579925298,2478.7305661770097,2455.672607421875,2455.672607421875,10800,0.0,0.0
2016-02-05 00:00:00+09:00,2459.515964673913,2474.887939453125,2424.9290214206862,2474.887939453125,10400,0.0,0.0
2016-02-08 00:00:00+09:00,2467.2016856116707,2467.2016856116707,2432.61474609375,2432.61474609375,1600,0.0,0.0
2016-02-09 00:00:00+09:00,2421.0860143082864,2421.0860143082864,2386.4990712467397,2394.18505859375,16100,0.0,0.0
2016-02-10 00:00:00+09:00,2378.8130451526104,2401.8710068180635,2298.1101793235234,2309.63916015625,9300,0.0,0.0
2016-02-12 00:00:00+09:00,2178.977246525857,2212.7955882708793,2126.7125365562774,2171.291259765625,10400,0.0,0.0
2016-02-15 00:00:00+09:00,2192.0432283768414,2231.24175735553,2154.381896613004,2217.406982421875,9200,0.0,0.0
2016-02-16 00:00:00+09:00,2195.1182135504646,2289.655867705474,2195.1182135504646,2275.052490234375,8600,0.0,0.0
2016-02-17 00:00:00+09:00,2266.5976204382355,2286.581187115548,2225.0932896468944,2237.390869140625,6600,0.0,0.0
2016-02-18 00:00:00+09:00,2299.647590140195,2299.647590140195,2280.4326203027936,2288.88720703125,4200,0.0,0.0
2016-02-19 00:00:00+09:00,2363.441280241935,2417.243195564516,2317.3253528225805,2382.65625,46400,0.0,0.0
2016-02-22 00:00:00+09:00,2328.8544622457252,2467.202252082105,2328.8544622457252,2444.144287109375,15500,0.0,0.0
2016-02-23 00:00:00+09:00,2467.202357700893,2482.5743350074404,2382.656482514881,2421.08642578125,14700,0.0,0.0
2016-02-24 00:00:00+09:00,2371.1269977612033,2440.3008810022106,2371.1269977612033,2417.242919921875,11100,0.0,0.0
2016-02-25 00:00:00+09:00,2409.55733965028,2447.9872812714966,2401.871351326037,2444.144287109375,8400,0.0,0.0
2016-02-26 00:00:00+09:00,2444.1443917410716,2451.8303803943454,2421.08642578125,2421.08642578125,5700,0.0,0.0
2016-02-29 00:00:00+09:00,2424.9286865234376,2424.9286865234376,2344.225830078125,2344.225830078125,7000,0.0,0.0
2016-03-01 00:00:00+09:00,2344.2259287044703,2344.2259287044703,2290.42402214404,2321.16796875,4800,0.0,0.0
2016-03-02 00:00:00+09:00,2344.226223281508,2374.9701737507735,2325.0112542382167,2328.854248046875,10100,0.0,0.0
2016-03-03 00:00:00+09:00,2305.7963393603677,2321.1683149561036,2287.3499686454848,2298.1103515625,7100,0.0,0.0
2016-03-04 00:00:00+09:00,2281.2010074355244,2336.5401154326123,2281.2010074355244,2309.63916015625,6100,0.0,0.0
2016-03-07 00:00:00+09:00,2255.8380433810316,2278.896013160054,2228.9370786388386,2232.011474609375,12900,0.0,0.0
2016-03-08 00:00:00+09:00,2232.010366276445,2248.1509371069565,2227.3987746105845,2234.316162109375,8300,0.0,0.0
2016-03-09 00:00:00+09:00,2236.62200687109,2242.002197265625,2230.473217848764,2242.002197265625,6500,0.0,0.0
2016-03-10 00:00:00+09:00,2236.622372739322,2271.2093166476625,2236.622372739322,2269.672119140625,3800,0.0,0.0
2016-03-11 00:00:00+09:00,2235.08535189242,2305.79644280511,2235.08535189242,2275.052490234375,7300,0.0,0.0
2016-03-14 00:00:00+09:00,2282.7383930964616,2305.796356663093,2282.7383930964616,2285.044189453125,4200,0.0,0.0
2016-03-15 00:00:00+09:00,2285.044060966663,2295.804443359375,2262.754697438902,2295.804443359375,8100,0.0,0.0
2016-03-16 00:00:00+09:00,2295.804857819121,2298.8792533434853,2267.36669921875,2267.36669921875,8300,0.0,0.0
2016-03-17 00:00:00+09:00,2268.13478560391,2288.8869507043187,2263.523193359375,2263.523193359375,3600,0.0,0.0
2016-03-18 00:00:00+09:00,2288.1184432654436,2321.168189002902,2265.060481123031,2317.3251953125,10500,0.0,0.0
2016-03-22 00:00:00+09:00,2309.6392553912706,2336.5402117768595,2302.721866606405,2325.01123046875,4700,0.0,0.0
2016-03-23 00:00:00+09:00,2336.539892258987,2382.6558111851514,2328.853905771293,2351.911865234375,4600,0.0,0.0
2016-03-24 00:00:00+09:00,2351.912186854339,2401.8711058561466,2321.16823669938,2325.01123046875,9100,0.0,0.0
2016-03-25 00:00:00+09:00,2328.8540489418992,2378.8129641832275,2328.8540489418992,2374.969970703125,2900,0.0,0.0
2016-03-28 00:00:00+09:00,2378.813440765934,2378.813440765934,2317.325532765522,2332.697509765625,5200,0.0,0.0
2016-03-29 00:00:00+09:00,2359.597851722069,2413.3997571359273,2351.911865234375,2351.911865234375,6300,0.0,0.0
2016-03-30 00:00:00+09:00,2351.9118164062497,2382.65576171875,2336.53984375,2344.225830078125,6100,0.0,0.0
2016-03-31 00:00:00+09:00,2382.6559576633294,2401.8709250638403,2348.06901634241,2374.969970703125,10600,0.0,0.0
2016-04-01 00:00:00+09:00,2374.969825516507,2374.969825516507,2313.48193359375,2313.48193359375,4800,0.0,0.0
2016-04-04 00:00:00+09:00,2336.540550595238,2359.5985165550596,2328.854561941964,2340.383544921875,7000,0.0,0.0
2016-04-05 00:00:00+09:00,2336.5400251400206,2336.5400251400206,2186.663280106368,2264.291748046875,8100,0.0,0.0
2016-04-06 00:00:00+09:00,2268.903878207154,2287.3502512007076,2262.7550872093025,2280.432861328125,5800,0.0,0.0
2016-04-07 00:00:00+09:00,2303.4901511563016,2321.1679200840945,2270.44040924782,2313.48193359375,16000,0.0,0.0
2016-04-08 00:00:00+09:00,2298.1100194594437,2336.5399528952207,2255.8370926800894,2299.647216796875,17100,0.0,0.0
2016-04-11 00:00:00+09:00,2278.8947917589594,2321.1677136971525,2278.8947917589594,2304.258544921875,16100,0.0,0.0
2016-04-12 00:00:00+09:00,2304.258749010672,2363.4408449659163,2304.258749010672,2351.911865234375,7600,0.0,0.0
2016-04-13 00:00:00+09:00,2355.755150810515,2401.871075459334,2355.755150810515,2359.59814453125,7500,0.0,0.0
2016-04-14 00:00:00+09:00,2382.6565404566923,2421.0864846576064,2374.9705516165095,2390.342529296875,10100,0.0,0.0
2016-04-15 00:00:00+09:00,2363.440916015625,2447.986769921875,2363.440916015625,2401.870849609375,7900,0.0,0.0
2016-04-18 00:00:00+09:00,2371.126832271335,2374.969825516507,2313.48193359375,2313.48193359375,9200,0.0,0.0
2016-04-19 00:00:00+09:00,2386.49941833595,2413.4003779629256,2371.12744140625,2371.12744140625,5400,0.0,0.0
2016-04-20 00:00:00+09:00,2371.1270965527187,2401.8710459407603,2355.7551218586977,2394.18505859375,10700,0.0,0.0
2016-04-21 00:00:00+09:00,2398.027734375,2398.027734375,2340.3828369140624,2344.225830078125,10400,0.0,0.0
2016-04-22 00:00:00+09:00,2351.9119153559604,2390.3418486134105,2317.324975424255,2321.16796875,17800,0.0,0.0
2016-04-25 00:00:00+09:00,2228.9366743299697,2286.5815883212617,2186.663737403022,2213.564697265625,54400,0.0,0.0
2016-04-26 00:00:00+09:00,2179.8199004591556,2218.60673142818,2179.8199004591556,2210.849365234375,5600,26.5,0.0
2016-04-27 00:00:00+09:00,2218.60666857548,2235.6728737183685,2203.8676732248036,2222.4853515625,4600,0.0,0.0
2016-04-28 00:00:00+09:00,2201.5403475889734,2257.3933796631122,2161.977783203125,2161.977783203125,11700,0.0,0.0
2016-05-02 00:00:00+09:00,2156.548058102291,2156.548058102291,2119.312695948007,2145.687744140625,6900,0.0,0.0
2016-05-06 00:00:00+09:00,2145.687437318804,2164.3051157337177,2126.294022303269,2157.323486328125,3300,0.0,0.0
2016-05-09 00:00:00+09:00,2148.7907528402666,2162.7540140500587,2140.2576487676156,2143.360595703125,3300,0.0,0.0
2016-05-10 00:00:00+09:00,2143.3600874902204,2154.2203991894107,2137.929931640625,2137.929931640625,5200,0.0,0.0
2016-05-11 00:00:00+09:00,2143.3604557883523,2159.6509261363635,2133.27587890625,2133.27587890625,8400,0.0,0.0
2016-05-12 00:00:00+09:00,2123.966756363361,2133.2755953247784,2112.3307076615897,2122.415283203125,3500,0.0,0.0
2016-05-13 00:00:00+09:00,2098.367516674266,2126.2940344562526,2072.768208707445,2073.5439453125,11700,0.0,0.0
2016-05-16 00:00:00+09:00,2016.9150379434445,2061.1320214675893,2016.9150379434445,2030.8782958984375,11700,0.0,0.0
2016-05-17 00:00:00+09:00,2032.4295658903302,2091.3855380306604,2024.6722011350237,2055.70166015625,8100,0.0,0.0
2016-05-18 00:00:00+09:00,2072.7684194141366,2072.7684194141366,2023.8970083276506,2044.066162109375,6300,0.0,0.0
2016-05-19 00:00:00+09:00,2033.2057061860055,2072.7682742956913,2023.8968666307853,2047.9447021484375,11800,0.0,0.0
2016-05-20 00:00:00+09:00,2058.0296377505897,2058.0296377505897,1993.6434862491576,2014.58837890625,12600,0.0,0.0
2016-05-23 00:00:00+09:00,1996.7460954652738,2014.5880380432463,1987.437255859375,1987.437255859375,7800,0.0,0.0
2016-05-24 00:00:00+09:00,1993.643321852277,2031.6544202066589,1993.643321852277,2027.0,1900,0.0,0.0
2016-05-25 00:00:00+09:00,2026.999530029297,2133.275433440707,2026.999530029297,2078.973876953125,8500,0.0,0.0
2016-05-26 00:00:00+09:00,2116.209308946793,2129.3968303002002,2116.209308946793,2128.62109375,5600,0.0,0.0
2016-05-27 00:00:00+09:00,2128.621199090321,2128.621199090321,2095.2645257809613,2099.9189453125,2800,0.0,0.0
2016-05-30 00:00:00+09:00,2098.367870897653,2124.742919921875,2098.367870897653,2124.742919921875,2100,0.0,0.0
2016-05-31 00:00:00+09:00,2129.3968501865797,2148.7902641227056,2125.5181673993548,2134.05126953125,5600,0.0,0.0
2016-06-01 00:00:00+09:00,2132.4997772172114,2133.2755137676722,2119.312255859375,2119.312255859375,2700,0.0,0.0
2016-06-02 00:00:00+09:00,2137.154843541544,2144.136474609375,2129.3974756883986,2144.136474609375,7100,0.0,0.0
2016-06-03 00:00:00+09:00,2118.5367075280974,2221.7096779057015,2118.5367075280974,2210.849365234375,11100,0.0,0.0
2016-06-06 00:00:00+09:00,2194.5591489477383,2194.5591489477383,2166.632627434087,2173.6142578125,2900,0.0,0.0
2016-06-07 00:00:00+09:00,2165.856789182349,2179.8200492845276,2165.856789182349,2174.389892578125,4500,0.0,0.0
2016-06-08 00:00:00+09:00,2175.9411039806546,2179.819786875451,2135.6028018747743,2150.341796875,6300,0.0,0.0
2016-06-09 00:00:00+09:00,2187.5772097976574,2203.091941782038,2157.3234824281153,2185.25,6900,0.0,0.0
2016-06-10 00:00:00+09:00,2185.250056794819,2210.849365234375,2185.250056794819,2210.849365234375,2700,0.0,0.0
2016-06-13 00:00:00+09:00,2203.8676352774687,2203.8676352774687,2173.6139084996366,2202.316162109375,4100,0.0,0.0
2016-06-14 00:00:00+09:00,2163.529318717307,2177.4925771385733,2099.9189192426497,2150.341796875,12700,0.0,0.0
2016-06-15 00:00:00+09:00,2128.621135184254,2133.275554576056,2063.4592636990214,2120.86376953125,9400,0.0,0.0
2016-06-16 00:00:00+09:00,2108.452379039996,2140.2575841690023,2061.9081764121815,2084.404541015625,8200,0.0,0.0
2016-06-17 00:00:00+09:00,2086.7311604817705,2113.106201171875,2036.3082885742188,2066.56201171875,7700,0.0,0.0
2016-06-20 00:00:00+09:00,2052.5992938117,2102.246442263684,2051.047820422576,2092.161865234375,8000,0.0,0.0
2016-06-21 00:00:00+09:00,2110.003172736587,2110.003172736587,2065.0104580238217,2082.07666015625,7800,0.0,0.0
2016-06-22 00:00:00+09:00,2078.97381589522,2094.488545864587,2065.786295421258,2081.301025390625,9400,0.0,0.0
2016-06-23 00:00:00+09:00,2068.11407009589,2106.9009056190685,2068.11407009589,2084.404541015625,6500,0.0,0.0
2016-06-24 00:00:00+09:00,2080.52572708771,2097.5919336484594,1862.5437251072303,1938.56591796875,32900,0.0,0.0
2016-06-27 00:00:00+09:00,1938.5655724626645,1961.0619316469051,1901.3302193301283,1930.032470703125,14800,0.0,0.0
2016-06-28 00:00:00+09:00,1924.6024152378836,1964.1649800009357,1890.4700064227015,1943.2200927734375,7200,0.0,0.0
2016-06-29 00:00:00+09:00,1958.735030376295,1981.2313931014091,1930.8085111313262,1937.014404296875,9000,0.0,0.0
2016-06-30 00:00:00+09:00,1928.4812103981194,1947.0988890182139,1864.87080844613,1867.9737548828125,28800,0.0,0.0
2016-07-01 00:00:00+09:00,1890.4701036194967,1902.8818892813401,1742.3044122812432,1815.9993896484375,27900,0.0,0.0
2016-07-04 00:00:00+09:00,1836.9447403724748,1858.6653707485007,1798.1579004152857,1843.150634765625,12000,0.0,0.0
2016-07-05 00:00:00+09:00,1841.5987724817503,1861.767925002612,1818.3266734192175,1856.3377685546875,11200,0.0,0.0
2016-07-06 00:00:00+09:00,1847.8044872545215,1857.1133259812445,1790.3999817730628,1812.12060546875,10300,0.0,0.0
2016-07-07 00:00:00+09:00,1784.1940120774873,1815.223473157096,1726.0137725532215,1748.5101318359375,21100,0.0,0.0
2016-07-08 00:00:00+09:00,1753.1648178882913,1753.1648178882913,1712.0507756988757,1739.977294921875,31300,0.0,0.0
2016-07-11 00:00:00+09:00,1739.977294921875,1739.977294921875,1739.977294921875,1739.977294921875,0,0.0,0.0
2016-07-12 00:00:00+09:00,1778.763977852469,1811.3449142108657,1719.8079977753703,1771.7823486328125,40300,0.0,0.0
2016-07-13 00:00:00+09:00,1784.1939086648345,1790.39980052106,1761.697550686017,1781.86669921875,35800,0.0,0.0
2016-07-14 00:00:00+09:00,1784.9701469048744,1833.8415590104837,1784.9701469048744,1810.5694580078125,40200,0.0,0.0
2016-07-15 00:00:00+09:00,1798.1577307228151,1828.4114630343724,1798.1577307228151,1812.896728515625,9600,0.0,0.0
2016-07-19 00:00:00+09:00,1815.2239912974685,1838.49609375,1798.9335195806964,1838.49609375,29200,0.0,0.0
2016-07-20 00:00:00+09:00,1802.81168571061,1827.635254532787,1794.2785839279866,1813.6719970703125,39300,0.0,0.0
2016-07-21 00:00:00+09:00,1835.392951893386,1892.021728515625,1835.392951893386,1892.021728515625,38300,0.0,0.0
2016-07-22 00:00:00+09:00,1869.52530623071,1939.3416039737654,1862.5436764564042,1885.0400390625,20100,0.0,0.0
2016-07-25 00:00:00+09:00,1911.4152094875346,1961.8380944780743,1901.3306324894268,1960.28662109375,11700,0.0,0.0
2016-07-26 00:00:00+09:00,1966.4921641922292,2046.3930292461937,1961.8377448686974,2002.9517822265625,22500,0.0,0.0
2016-07-27 00:00:00+09:00,2023.1209869098914,2082.8527031645162,2013.8121480130667,2070.44091796875,21000,0.0,0.0
2016-07-28 00:00:00+09:00,2044.0660737120604,2078.198486328125,2040.1873904602348,2078.198486328125,16300,0.0,0.0
2016-07-29 00:00:00+09:00,2097.5923252148004,2123.967376641318,2079.750378661568,2099.143798828125,12700,0.0,0.0
2016-08-01 00:00:00+09:00,2099.1435466741314,2141.033329201997,2099.1435466741314,2127.070068359375,13900,0.0,0.0
2016-08-02 00:00:00+09:00,2127.845573591683,2169.7353515625,2117.7609974135235,2169.7353515625,15400,0.0,0.0
2016-08-03 00:00:00+09:00,2152.6688658748967,2155.7718119878696,2095.2643627848997,2112.33056640625,17700,0.0,0.0
2016-08-04 00:00:00+09:00,2095.264573047907,2116.985198018415,2005.279126741518,2054.92626953125,19600,0.0,0.0
2016-08-05 00:00:00+09:00,2088.2824298617566,2089.833902692263,2057.2529732516264,2086.73095703125,3000,0.0,0.0
2016-08-08 00:00:00+09:00,2071.9931993424116,2120.0888857367318,2071.9931993424116,2082.853515625,9600,0.0,0.0
2016-08-09 00:00:00+09:00,2082.8524977694706,2167.4077760774303,2082.8524977694706,2146.462890625,6500,0.0,0.0
2016-08-10 00:00:00+09:00,2146.4632633997744,2241.87886925383,2138.7058970701764,2221.709716796875,18200,0.0,0.0
2016-08-12 00:00:00+09:00,2221.7095536959555,2245.757387552301,2206.9705587517433,2224.8125,16900,0.0,0.0
2016-08-15 00:00:00+09:00,2226.364295737257,2245.757712947512,2206.9708785270022,2237.224609375,11900,0.0,0.0
2016-08-16 00:00:00+09:00,2237.224915461754,2284.544859928871,2228.6918107217816,2234.897705078125,17400,0.0,0.0
2016-08-17 00:00:00+09:00,2234.8969102055444,2288.422729991793,2234.8969102055444,2274.45947265625,27400,0.0,0.0
2016-08-18 00:00:00+09:00,2251.963377482445,2285.320051692485,2251.963377482445,2261.272216796875,14600,0.0,0.0
2016-08-19 00:00:00+09:00,2253.514687503332,2288.422832404416,2249.6360047365447,2273.683837890625,17000,0.0,0.0
2016-08-22 00:00:00+09:00,2249.6360757072425,2254.290495174223,2150.3417937449917,2178.268310546875,8600,0.0,0.0
2016-08-23 00:00:00+09:00,2175.941126219374,2192.231594544011,2129.396931006125,2137.154296875,18800,0.0,0.0
2016-08-24 00:00:00+09:00,2137.154701832106,2193.7834834051528,2137.154701832106,2143.360595703125,2900,0.0,0.0
2016-08-25 00:00:00+09:00,2170.5110984088305,2170.5110984088305,2113.88232421875,2113.88232421875,6800,0.0,0.0
2016-08-26 00:00:00+09:00,2082.852559559381,2117.7607030156832,2064.234883049353,2078.973876953125,13500,0.0,0.0
2016-08-29 00:00:00+09:00,2083.628316661799,2168.183598313376,2068.8893226124414,2075.09521484375,13200,0.0,0.0
2016-08-30 00:00:00+09:00,2089.8344419285277,2089.8344419285277,2024.6725662336517,2027.7755126953125,11000,0.0,0.0
2016-08-31 00:00:00+09:00,2060.356338562753,2110.003479251012,2060.356338562753,2107.67626953125,4400,0.0,0.0
2016-09-01 00:00:00+09:00,2102.245600332809,2140.2566831432546,2040.1866896218773,2065.01025390625,28000,0.0,0.0
2016-09-02 00:00:00+09:00,2069.6649787131323,2077.4223437008127,1982.7824908511116,2002.1759033203125,20100,0.0,0.0
2016-09-05 00:00:00+09:00,2016.9148964227131,2058.8046673484155,2016.9148964227131,2039.4112548828125,23200,0.0,0.0
2016-09-06 00:00:00+09:00,2040.1875264696873,2048.7206301925644,2017.6911621093752,2017.691162109375,16900,0.0,0.0
2016-09-07 00:00:00+09:00,2017.6909389407683,2017.6909389407683,1978.9041081268358,2013.812255859375,16400,0.0,0.0
2016-09-08 00:00:00+09:00,2009.1582500897464,2009.1582500897464,1985.1104100307573,1992.092041015625,18700,0.0,0.0
2016-09-09 00:00:00+09:00,1992.091787915711,1998.297681336009,1941.6689038757884,1944.7718505859375,42700,0.0,0.0
2016-09-12 00:00:00+09:00,1934.6870912833042,1975.0253947102215,1902.8818905043886,1947.098876953125,24200,0.0,0.0
2016-09-13 00:00:00+09:00,1937.7899838175374,1941.6686667315037,1862.543535286592,1888.9185791015625,45000,0.0,0.0
2016-09-14 00:00:00+09:00,1892.797421017879,1916.0695204566234,1892.797421017879,1909.087890625,21300,0.0,0.0
2016-09-15 00:00:00+09:00,1895.1246154031635,1904.4334551022378,1867.1980963059414,1885.0400390625,28200,0.0,0.0
2016-09-16 00:00:00+09:00,1916.069132486979,1995.1942545572915,1912.190450032552,1964.164794921875,287700,0.0,0.0
2016-09-20 00:00:00+09:00,1950.9773152507544,1975.800883476609,1940.117004151943,1951.7530517578125,15800,0.0,0.0
2016-09-21 00:00:00+09:00,1964.1650990167502,1975.0254115705552,1940.1172640761818,1971.146728515625,12300,0.0,0.0
2016-09-23 00:00:00+09:00,1996.746056381537,1996.746056381537,1956.407752212213,1976.576904296875,23800,0.0,0.0
2016-09-26 00:00:00+09:00,1976.5767998815554,2013.8121556093083,1976.5767998815554,2000.6246337890625,12800,0.0,0.0
2016-09-27 00:00:00+09:00,1984.3339638486477,2011.484741305529,1983.5582273498796,2002.1759033203125,7300,0.0,0.0
2016-09-28 00:00:00+09:00,1988.2125867850825,2059.580342533903,1988.2125867850825,2055.70166015625,19100,0.0,0.0
2016-09-29 00:00:00+09:00,2116.208820657169,2127.8448662252986,2095.263938634536,2110.0029296875,16900,0.0,0.0
2016-09-30 00:00:00+09:00,2132.499940034073,2158.8749847634867,2110.0035783531025,2125.518310546875,22300,0.0,0.0
2016-10-03 00:00:00+09:00,2146.4631336235493,2162.7536019307754,2142.5844506932576,2155.77197265625,6600,0.0,0.0
2016-10-04 00:00:00+09:00,2166.6326570493593,2166.6326570493593,2141.033345311934,2141.80908203125,12300,0.0,0.0
2016-10-05 00:00:00+09:00,2142.584818750566,2154.9966062596204,2134.8274515574067,2141.80908203125,8600,0.0,0.0
2016-10-06 00:00:00+09:00,2141.8088395780283,2148.79046926155,2123.1911604219717,2132.5,12800,0.0,0.0
2016-10-07 00:00:00+09:00,2135.6028420820285,2154.9962569211316,2135.6028420820285,2151.893310546875,2900,0.0,0.0
2016-10-11 00:00:00+09:00,2134.0512271025023,2166.632161867426,2134.0512271025023,2160.42626953125,10800,0.0,0.0
2016-10-12 00:00:00+09:00,2160.426660492142,2164.305343904157,2142.584716796875,2142.584716796875,8700,0.0,0.0
2016-10-13 00:00:00+09:00,2148.790179709671,2186.80126953125,2148.790179709671,2186.80126953125,12500,0.0,0.0
2016-10-14 00:00:00+09:00,2186.80141186004,2187.5771484375,2174.389626620678,2187.5771484375,6300,0.0,0.0
2016-10-17 00:00:00+09:00,2203.091874864366,2234.8970744662815,2203.091874864366,2234.121337890625,20800,0.0,0.0
2016-10-18 00:00:00+09:00,2235.6728737183685,2248.8603958742365,2219.3824051728843,2222.4853515625,11600,0.0,0.0
2016-10-19 00:00:00+09:00,2226.3644461666922,2241.10344424236,2192.2320295704085,2210.073974609375,25700,0.0,0.0
2016-10-20 00:00:00+09:00,2205.4192475047194,2248.0847623175086,2199.213354441041,2221.709716796875,7900,0.0,0.0
2016-10-21 00:00:00+09:00,2245.757080078125,2252.7387083063472,2222.484985984051,2245.757080078125,7900,0.0,0.0
2016-10-24 00:00:00+09:00,2263.5995923634764,2272.908432359488,2241.103229039782,2248.860595703125,9000,0.0,0.0
2016-10-25 00:00:00+09:00,2249.6358845818254,2269.0292973799446,2243.429992486427,2250.41162109375,12500,0.0,0.0
2016-10-26 00:00:00+09:00,2243.4302986129155,2261.2722408218015,2203.0919944884786,2238.77587890625,35100,0.0,0.0
2016-10-27 00:00:00+09:00,2239.1675026014427,2246.9967596035453,2232.12117129955,2245.430908203125,13600,26.5,0.0
2016-10-28 00:00:00+09:00,2254.042912776296,2274.398979373095,2232.1209949028203,2246.99658203125,5000,0.0,0.0
2016-10-31 00:00:00+09:00,2239.9502512862045,2254.042912776296,2232.9039205411586,2246.99658203125,11600,0.0,0.0
2016-11-01 00:00:00+09:00,2230.5552091043037,2233.686911749589,2216.462547200521,2231.338134765625,3000,0.0,0.0
2016-11-02 00:00:00+09:00,2227.422922864038,2227.422922864038,2192.191277335433,2206.283935546875,4000,0.0,0.0
2016-11-04 00:00:00+09:00,2167.1384156015374,2205.501776282345,2118.5970204543933,2189.84326171875,10400,0.0,0.0
2016-11-07 00:00:00+09:00,2189.8431728929336,2250.911377213866,2163.223699214578,2199.23828125,18800,0.0,0.0
2016-11-08 00:00:00+09:00,2186.7118117873733,2244.6483223753667,2186.7118117873733,2201.58740234375,4000,0.0,0.0
2016-11-09 00:00:00+09:00,2201.5870934606482,2228.9894932725697,2049.699505931713,2113.8994140625,11200,0.0,0.0
2016-11-10 00:00:00+09:00,2157.7432978137554,2192.1920297091856,2116.24823439426,2143.650634765625,7700,0.0,0.0
2016-11-11 00:00:00+09:00,2176.533695689419,2178.0995472690515,2138.1703319884186,2142.0849609375,6000,0.0,0.0
2016-11-14 00:00:00+09:00,2132.6895186661072,2132.6895186661072,2094.326160951482,2099.806640625,19800,0.0,0.0
2016-11-15 00:00:00+09:00,2094.326498666431,2099.8069792236884,2003.5071065747275,2055.963134765625,57200,0.0,0.0
2016-11-16 00:00:00+09:00,2070.8386796296186,2082.5825662815823,2054.3972383168693,2060.66064453125,14000,0.0,0.0
2016-11-17 00:00:00+09:00,2066.924081920904,2082.5825976930323,2059.09482403484,2078.66796875,19600,0.0,0.0
2016-11-18 00:00:00+09:00,2099.8065771448814,2151.479669647328,2095.891948924999,2149.913818359375,7500,0.0,0.0
2016-11-21 00:00:00+09:00,2175.7500098642677,2176.5329353805914,2160.8744250541126,2170.26953125,6500,0.0,0.0
2016-11-22 00:00:00+09:00,2170.270265625,2182.01415234375,2148.34834375,2153.0458984375,8200,0.0,0.0
2016-11-24 00:00:00+09:00,2160.8751096787255,2192.1921402537796,2157.7434066212204,2174.9677734375,5200,0.0,0.0
2016-11-25 00:00:00+09:00,2190.6263534905315,2196.106834003195,2189.843427703008,2193.758056640625,10400,0.0,0.0
2016-11-28 00:00:00+09:00,2200.8034278289488,2200.8034278289488,2169.4864100014292,2182.796142578125,7800,0.0,0.0
2016-11-29 00:00:00+09:00,2182.79698497639,2196.8896484375,2178.099430489353,2196.8896484375,1100,0.0,0.0
2016-11-30 00:00:00+09:00,2230.555142434795,2230.555142434795,2207.850298935108,2229.772216796875,5600,0.0,0.0
2016-12-01 00:00:00+09:00,2236.035623094512,2254.8258384146343,2236.035623094512,2246.99658203125,4700,0.0,0.0
2016-12-02 00:00:00+09:00,2249.345314927824,2259.523348027045,2246.9965380587732,2251.694091796875,2500,0.0,0.0
2016-12-05 00:00:00+09:00,2246.213767937205,2280.662497734778,2246.213767937205,2278.313720703125,6500,0.0,0.0
2016-12-06 00:00:00+09:00,2278.3135432987424,2285.3598738450273,2259.5233285086497,2279.87939453125,6000,0.0,0.0
2016-12-07 00:00:00+09:00,2285.3597425441285,2301.801179540849,2285.3597425441285,2293.971923828125,5100,0.0,0.0
2016-12-08 00:00:00+09:00,2312.762364871003,2415.3256247891145,2312.762364871003,2356.606201171875,12700,0.0,0.0
2016-12-09 00:00:00+09:00,2360.5208411350723,2376.1793541774277,2337.8159972236567,2368.35009765625,10400,0.0,0.0
2016-12-12 00:00:00+09:00,2415.325783291047,2462.301325267534,2415.325783291047,2434.89892578125,18700,0.0,0.0
2016-12-13 00:00:00+09:00,2301.801254979822,2376.1791866883536,2300.235403785958,2364.435302734375,13900,0.0,0.0
2016-12-14 00:00:00+09:00,2384.0081473442615,2419.23979484196,2384.0081473442615,2391.83740234375,9100,0.0,0.0
2016-12-15 00:00:00+09:00,2387.9229873508784,2387.9229873508784,2313.545058236671,2333.901123046875,13300,0.0,0.0
2016-12-16 00:00:00+09:00,2333.901428424685,2339.3819081291376,2128.77490234375,2128.77490234375,34700,0.0,0.0
2016-12-19 00:00:00+09:00,2173.4018887007114,2211.7652505689875,2168.7043341862286,2174.184814453125,50000,0.0,0.0
2016-12-20 00:00:00+09:00,2176.5332364847404,2190.625897728167,2171.0527571122966,2177.316162109375,18100,0.0,0.0
2016-12-21 00:00:00+09:00,2180.447954651812,2219.5942375001387,2180.447954651812,2202.369873046875,20300,0.0,0.0
2016-12-22 00:00:00+09:00,2202.369765611347,2257.174558925529,2202.369765611347,2239.9501953125,10500,0.0,0.0
2016-12-26 00:00:00+09:00,2270.484375,2270.484375,2244.647828663793,2270.484375,11000,0.0,0.0
2016-12-27 00:00:00+09:00,2272.050173019591,2319.8086363394377,2272.050173019591,2297.88671875,11000,0.0,0.0
2016-12-28 00:00:00+09:00,2297.8867756283453,2333.1184297691543,2297.8867756283453,2322.157470703125,7500,0.0,0.0
2016-12-29 00:00:00+09:00,2303.3673652066805,2319.8088045912286,2293.9722569869386,2319.02587890625,9700,0.0,0.0
2016-12-30 00:00:00+09:00,2319.026391700941,2331.5532054305886,2293.972764241647,2308.0654296875,16500,0.0,0.0
2017-01-04 00:00:00+09:00,2296.3215418159557,2327.638576140074,2296.3215418159557,2308.0654296875,4100,0.0,0.0
2017-01-05 00:00:00+09:00,2327.637527918237,2327.637527918237,2308.064390280176,2323.722900390625,6800,0.0,0.0
2017-01-06 00:00:00+09:00,2309.630404517272,2329.2035435386047,2301.8011489087385,2310.413330078125,18100,0.0,0.0
2017-01-10 00:00:00+09:00,2322.94059653072,2328.4210765360167,2271.2674993379237,2309.630859375,13200,0.0,0.0
2017-01-11 00:00:00+09:00,2309.630859375,2313.5454879502117,2306.4991565148302,2309.630859375,2500,0.0,0.0
2017-01-12 00:00:00+09:00,2309.630603172913,2313.5452313138844,2286.925759955281,2297.88671875,10300,0.0,0.0
2017-01-13 00:00:00+09:00,2281.445219858442,2347.993896484375,2281.445219858442,2347.993896484375,9200,0.0,0.0
2017-01-16 00:00:00+09:00,2347.9939175859768,2347.9939175859768,2306.4988600227703,2337.032958984375,4700,0.0,0.0
2017-01-17 00:00:00+09:00,2317.4604552469136,2317.4604552469136,2283.01171875,2283.01171875,11800,0.0,0.0
2017-01-18 00:00:00+09:00,2239.1675024329584,2293.9723014435554,2236.035799632353,2262.6552734375,10900,0.0,0.0
2017-01-19 00:00:00+09:00,2282.2280098874057,2311.9791811998316,2244.647582966447,2310.413330078125,7500,0.0,0.0
2017-01-20 00:00:00+09:00,2313.5452206194764,2313.5452206194764,2278.313567513596,2303.3671875,5200,0.0,0.0
2017-01-23 00:00:00+09:00,2291.6236031940534,2295.538231829506,2258.74072265625,2258.74072265625,6600,0.0,0.0
2017-01-24 00:00:00+09:00,2271.267353976039,2277.530759295518,2203.9357467916407,2208.63330078125,18600,0.0,0.0
2017-01-25 00:00:00+09:00,2231.3381239130317,2239.1673804881652,2228.9893469404915,2236.818603515625,3000,0.0,0.0
2017-01-26 00:00:00+09:00,2239.167062280578,2260.3060520293807,2239.167062280578,2257.957275390625,1100,0.0,0.0
2017-01-27 00:00:00+09:00,2257.9576309172553,2285.360029350717,2257.9576309172553,2272.05029296875,1800,0.0,0.0
2017-01-30 00:00:00+09:00,2286.1435056606174,2308.0654296875,2276.748395363382,2308.0654296875,3100,0.0,0.0
2017-01-31 00:00:00+09:00,2347.211282285678,2347.211282285678,2311.19669956882,2315.111328125,15500,0.0,0.0
2017-02-01 00:00:00+09:00,2309.6307484620957,2333.1185187854394,2279.879572719194,2312.762451171875,5200,0.0,0.0
2017-02-02 00:00:00+09:00,2312.762106760685,2312.762106760685,2301.8011489087385,2310.413330078125,4300,0.0,0.0
2017-02-03 00:00:00+09:00,2310.4137074013856,2333.118552374154,2286.1430110511847,2313.54541015625,4800,0.0,0.0
2017-02-06 00:00:00+09:00,2333.9017460462896,2340.1651522751963,2286.1432735508774,2319.80908203125,7400,0.0,0.0
2017-02-07 00:00:00+09:00,2315.894265095339,2315.894265095339,2296.3211222192795,2309.630859375,1400,0.0,0.0
2017-02-08 00:00:00+09:00,2282.2285374247617,2291.623646326682,2282.2285374247617,2288.491943359375,3500,0.0,0.0
2017-02-09 00:00:00+09:00,2249.345700279343,2318.243166908157,2249.345700279343,2283.79443359375,5300,0.0,0.0
2017-02-10 00:00:00+09:00,2286.925991454749,2320.591796875,2286.925991454749,2320.591796875,3100,0.0,0.0
2017-02-13 00:00:00+09:00,2322.158058400345,2335.4677977775555,2322.158058400345,2324.5068359375,300,0.0,0.0
2017-02-14 00:00:00+09:00,2340.1650939493516,2347.21142578125,2332.3358363583534,2347.21142578125,3900,0.0,0.0
2017-02-15 00:00:00+09:00,2348.7769563533056,2372.264725916839,2348.7769563533056,2368.35009765625,7400,0.0,0.0
2017-02-16 00:00:00+09:00,2391.837723728868,2395.7523517546106,2372.264583600154,2387.923095703125,3700,0.0,0.0
2017-02-17 00:00:00+09:00,2395.752629934875,2434.8989147377324,2391.838001454589,2423.155029296875,8600,0.0,0.0
2017-02-20 00:00:00+09:00,2427.0694375,2458.3864624999997,2427.0694375,2446.642578125,9700,0.0,0.0
2017-02-21 00:00:00+09:00,2466.2158979406795,2466.2158979406795,2450.557384302961,2462.30126953125,12300,0.0,0.0
2017-02-22 00:00:00+09:00,2462.301601500594,2474.045488312203,2458.3869725633913,2470.130859375,4800,0.0,0.0
2017-02-23 00:00:00+09:00,2466.215953765575,2466.215953765575,2423.155040287128,2434.89892578125,3000,0.0,0.0
2017-02-24 00:00:00+09:00,2391.8376718085237,2427.069323275425,2391.8376718085237,2415.325439453125,8000,0.0,0.0
2017-02-27 00:00:00+09:00,2415.325295721911,2415.325295721911,2352.6912523968695,2360.5205078125,5300,0.0,0.0
2017-02-28 00:00:00+09:00,2319.8092482024754,2368.35064995359,2260.306884765625,2260.306884765625,39700,0.0,0.0
2017-03-01 00:00:00+09:00,2275.181548005652,2307.281494140625,2267.3522928507805,2307.281494140625,6400,0.0,0.0
2017-03-02 00:00:00+09:00,2346.428055788744,2347.9939070104915,2319.025659408161,2342.513427734375,4200,0.0,0.0
2017-03-03 00:00:00+09:00,2352.6914187803964,2376.1791866883536,2352.6914187803964,2364.435302734375,8700,0.0,0.0
2017-03-06 00:00:00+09:00,2364.43503083194,2411.4105612458193,2340.947265625,2340.947265625,49800,0.0,0.0
2017-03-07 00:00:00+09:00,2372.2642817330166,2372.2642817330166,2322.9399748851024,2323.722900390625,31800,0.0,0.0
2017-03-08 00:00:00+09:00,2334.6844592800253,2368.350264695532,2334.6844592800253,2337.816162109375,30200,0.0,0.0
2017-03-09 00:00:00+09:00,2340.947265625,2372.2642859009197,2340.947265625,2340.947265625,61900,0.0,0.0
2017-03-10 00:00:00+09:00,2352.691289737695,2356.605917507641,2320.591342024136,2321.374267578125,48600,0.0,0.0
2017-03-13 00:00:00+09:00,2343.2964975581035,2346.4282001943325,2324.5062817407315,2340.164794921875,6500,0.0,0.0
2017-03-14 00:00:00+09:00,2348.776566628665,2348.776566628665,2275.181567540967,2296.320556640625,17700,0.0,0.0
2017-03-15 00:00:00+09:00,2322.94002439575,2322.94002439575,2286.142524851901,2296.320556640625,13100,0.0,0.0
2017-03-16 00:00:00+09:00,2309.630916327187,2309.630916327187,2280.662664156304,2282.228515625,7600,0.0,0.0
2017-03-17 00:00:00+09:00,2297.1035527032227,2297.1035527032227,2254.8255732056173,2257.957275390625,13000,0.0,0.0
2017-03-21 00:00:00+09:00,2270.4843729483982,2284.577034573595,2231.3380906561847,2236.03564453125,16700,0.0,0.0
2017-03-22 00:00:00+09:00,2223.5084404140766,2239.1669505578375,2203.935302734375,2203.935302734375,16800,0.0,0.0
2017-03-23 00:00:00+09:00,2207.850206357373,2223.508718459198,2187.494140625,2187.494140625,12000,0.0,0.0
2017-03-24 00:00:00+09:00,2189.060757910331,2200.0217202174645,2184.3632026358455,2188.27783203125,18200,0.0,0.0
2017-03-27 00:00:00+09:00,2192.191786176703,2229.772216796875,2192.191786176703,2229.772216796875,8100,0.0,0.0
2017-03-28 00:00:00+09:00,2263.4382762613677,2283.0114194320818,2239.1675787296826,2275.965087890625,5100,0.0,0.0
2017-03-29 00:00:00+09:00,2266.5700225882283,2292.4065720685085,2247.779804784388,2288.491943359375,2800,0.0,0.0
2017-03-30 00:00:00+09:00,2288.4914013605353,2298.66943359375,2286.925550247733,2298.66943359375,4800,0.0,0.0
2017-03-31 00:00:00+09:00,2325.289228512318,2329.2038568431467,2309.630715189003,2311.9794921875,16500,0.0,0.0
2017-04-03 00:00:00+09:00,2311.979657842649,2333.11865234375,2311.979657842649,2333.11865234375,6800,0.0,0.0
2017-04-04 00:00:00+09:00,2333.118255140868,2333.118255140868,2261.0891009553106,2266.569580078125,24600,0.0,0.0
2017-04-05 00:00:00+09:00,2285.360096324574,2285.360096324574,2227.423595081676,2239.16748046875,5700,0.0,0.0
2017-04-06 00:00:00+09:00,2240.7331377047935,2240.7331377047935,2170.269831487662,2177.316162109375,7600,0.0,0.0
2017-04-07 00:00:00+09:00,2177.3167741355483,2192.192365185018,2168.70458984375,2168.70458984375,9900,0.0,0.0
2017-04-10 00:00:00+09:00,2182.7969654224535,2182.7969654224535,2146.7823813444647,2156.177490234375,10400,0.0,0.0
2017-04-11 00:00:00+09:00,2174.1840775117685,2184.362108843296,2153.0450893616717,2156.959716796875,10300,0.0,0.0
2017-04-12 00:00:00+09:00,2149.131411143712,2149.131411143712,2095.109528677804,2104.504638671875,15700,0.0,0.0
2017-04-13 00:00:00+09:00,2098.240458675124,2099.0233842194057,2051.264926018218,2052.0478515625,14100,0.0,0.0
2017-04-14 00:00:00+09:00,2070.838178524062,2070.838178524062,2052.8308900151574,2066.140625,5100,0.0,0.0
2017-04-17 00:00:00+09:00,2070.838478756815,2090.4116212781464,2069.272627355109,2073.187255859375,16900,0.0,0.0
2017-04-18 00:00:00+09:00,2105.2869277683167,2105.2869277683167,2060.6601687936814,2072.404052734375,12700,0.0,0.0
2017-04-19 00:00:00+09:00,2063.008858986271,2087.279551444933,2016.0333251953125,2016.0333251953125,32400,0.0,0.0
2017-04-20 00:00:00+09:00,2029.3432390431503,2030.1261646754972,2019.1652058226407,2023.079833984375,12700,0.0,0.0
2017-04-21 00:00:00+09:00,2058.3118672008573,2060.66064453125,2039.521648557715,2060.66064453125,8200,0.0,0.0
2017-04-24 00:00:00+09:00,2098.2404215708066,2098.2404215708066,2075.5355811881377,2091.194091796875,6300,0.0,0.0
2017-04-25 00:00:00+09:00,2098.240823105748,2152.2626950439185,2091.9774176636415,2135.038330078125,49900,0.0,0.0
2017-04-26 00:00:00+09:00,2157.5712887062205,2173.3834637791865,2137.806069865013,2167.05859375,8500,26.5,0.0
2017-04-27 00:00:00+09:00,2167.0576982707003,2169.429523551551,2144.9206623160926,2166.26708984375,6600,0.0,0.0
2017-04-28 00:00:00+09:00,2176.5453289533407,2186.0326315132534,2171.0110691267246,2177.3359375,4500,0.0,0.0
2017-05-01 00:00:00+09:00,2158.361410249086,2169.4299303016455,2139.3868044446986,2162.314453125,3200,0.0,0.0
2017-05-02 00:00:00+09:00,2162.314371923257,2163.10498046875,2158.361329195792,2163.10498046875,1400,0.0,0.0
2017-05-08 00:00:00+09:00,2171.011233289147,2192.3576656630753,2171.011233289147,2189.98583984375,6100,0.0,0.0
2017-05-09 00:00:00+09:00,2182.079596130633,2210.54150390625,2180.4983790319875,2210.54150390625,12200,0.0,0.0
2017-05-10 00:00:00+09:00,2213.7037762740983,2220.8192526978364,2213.7037762740983,2214.494384765625,3600,0.0,0.0
2017-05-11 00:00:00+09:00,2213.7040207627497,2217.657063656969,2184.4515033455277,2216.866455078125,6600,0.0,0.0
2017-05-12 00:00:00+09:00,2220.819010735237,2229.5157031945064,2209.7504930598034,2221.609619140625,4200,0.0,0.0
2017-05-15 00:00:00+09:00,2233.4694036916526,2260.3500973998,2233.4694036916526,2257.978271484375,6000,0.0,0.0
2017-05-16 00:00:00+09:00,2241.3749171819786,2252.4434352915196,2233.4688328180214,2237.421875,4100,0.0,0.0
2017-05-17 00:00:00+09:00,2218.4474327641037,2238.2126451016316,2218.4474327641037,2233.468994140625,8100,0.0,0.0
2017-05-18 00:00:00+09:00,2193.9387305308196,2239.00341796875,2193.9387305308196,2239.00341796875,8300,0.0,0.0
2017-05-19 00:00:00+09:00,2213.7039407128245,2242.956457072244,2213.7039407128245,2222.400634765625,4300,0.0,0.0
2017-05-22 00:00:00+09:00,2206.5880508121295,2213.703526432806,2197.8913583868575,2200.26318359375,3900,0.0,0.0
2017-05-23 00:00:00+09:00,2201.054119877416,2208.960205078125,2199.472902837274,2208.960205078125,2600,0.0,0.0
2017-05-24 00:00:00+09:00,2213.703374777975,2225.5625,2213.703374777975,2225.5625,2800,0.0,0.0
2017-05-25 00:00:00+09:00,2229.515702234369,2230.306310639417,2213.7035341334163,2219.23779296875,6500,0.0,0.0
2017-05-26 00:00:00+09:00,2229.515869140625,2231.0970860690936,2222.400392962517,2229.515869140625,9300,0.0,0.0
2017-05-29 00:00:00+09:00,2248.490966539071,2248.490966539071,2239.7942715208114,2246.119140625,4400,0.0,0.0
2017-05-30 00:00:00+09:00,2235.840982727353,2236.63159127853,2231.097331420294,2234.259765625,2200,0.0,0.0
2017-05-31 00:00:00+09:00,2234.2598402723133,2234.2598402723133,2197.891845703125,2197.891845703125,13800,0.0,0.0
2017-06-01 00:00:00+09:00,2213.703538879784,2231.096923828125,2208.959888439327,2231.096923828125,8300,0.0,0.0
2017-06-02 00:00:00+09:00,2253.233964946908,2260.3494406256877,2245.327880859375,2245.327880859375,10400,0.0,0.0
2017-06-05 00:00:00+09:00,2199.4727195557093,2229.5158408149173,2135.4334347663444,2146.501953125,25300,0.0,0.0
2017-06-06 00:00:00+09:00,2153.6181640625,2167.058512369792,2148.87451171875,2148.87451171875,7900,0.0,0.0
2017-06-07 00:00:00+09:00,2150.4552442725444,2165.476806640625,2149.664635726856,2165.476806640625,15400,0.0,0.0
2017-06-08 00:00:00+09:00,2161.523844549817,2164.6862788505487,2145.7116730461607,2162.314453125,3500,0.0,0.0
2017-06-09 00:00:00+09:00,2159.151936670101,2162.3143708505036,2158.361328125,2158.361328125,2200,0.0,0.0
2017-06-12 00:00:00+09:00,2157.5704006816068,2193.9383883808937,2155.1985753968706,2175.75439453125,6200,0.0,0.0
2017-06-13 00:00:00+09:00,2174.1729360114327,2180.497802734375,2166.2668526077546,2180.497802734375,10000,0.0,0.0
2017-06-14 00:00:00+09:00,2193.147787044646,2195.519612337052,2189.985353321438,2194.72900390625,4300,0.0,0.0
2017-06-15 00:00:00+09:00,2187.6134443338206,2189.985269535484,2176.54492672606,2188.404052734375,5200,0.0,0.0
2017-06-16 00:00:00+09:00,2188.40421337183,2189.194821830418,2178.126303410185,2182.079345703125,2000,0.0,0.0
2017-06-19 00:00:00+09:00,2179.707845788689,2188.404540131698,2179.707845788689,2183.660888671875,5200,0.0,0.0
2017-06-20 00:00:00+09:00,2205.7984210783766,2210.5420735968246,2197.8923335476297,2209.75146484375,5400,0.0,0.0
2017-06-21 00:00:00+09:00,2213.7041015625,2221.6101876395087,2208.9604499162947,2213.7041015625,6400,0.0,0.0
2017-06-22 00:00:00+09:00,2213.7034501719368,2216.0752752971207,2209.7504082966293,2212.912841796875,5600,0.0,0.0
2017-06-23 00:00:00+09:00,2218.447589399477,2218.447589399477,2205.797852610314,2210.54150390625,5400,0.0,0.0
2017-06-26 00:00:00+09:00,2211.3312946248434,2212.912511138697,2193.937912972449,2204.2158203125,6000,0.0,0.0
2017-06-27 00:00:00+09:00,2208.9600412676414,2211.331866651966,2202.635173576109,2205.797607421875,3400,0.0,0.0
2017-06-28 00:00:00+09:00,2205.797444340489,2212.912919967394,2194.728926698637,2205.0068359375,7300,0.0,0.0
2017-06-29 00:00:00+09:00,2206.5886268507656,2237.4223625896334,2206.5886268507656,2232.6787109375,12400,0.0,0.0
2017-06-30 00:00:00+09:00,2253.2342126961344,2260.34968915728,2249.28117021772,2254.8154296875,15300,0.0,0.0
2017-07-03 00:00:00+09:00,2253.2344596376824,2274.580891360566,2253.2344596376824,2271.41845703125,8200,0.0,0.0
2017-07-04 00:00:00+09:00,2289.6019669213124,2289.6019669213124,2272.999190227477,2283.277099609375,3700,0.0,0.0
2017-07-05 00:00:00+09:00,2273.790123202314,2284.858642578125,2271.418297621783,2284.858642578125,4500,0.0,0.0
2017-07-06 00:00:00+09:00,2291.9741175346016,2292.7647260608296,2277.7431640625,2277.7431640625,2100,0.0,0.0
2017-07-07 00:00:00+09:00,2280.1149878541737,2291.183507212689,2270.627685546875,2270.627685546875,6700,0.0,0.0
2017-07-10 00:00:00+09:00,2270.627687326449,2280.9055981674114,2270.627687326449,2277.7431640625,6000,0.0,0.0
2017-07-11 00:00:00+09:00,2277.7432462886563,2284.0681147268065,2275.3714206243503,2281.6962890625,8000,0.0,0.0
2017-07-12 00:00:00+09:00,2275.3711756388348,2296.7176043192544,2272.999350229899,2276.952392578125,9900,0.0,0.0
2017-07-13 00:00:00+09:00,2278.533449125422,2289.6019669213124,2277.74284071143,2283.277099609375,2100,0.0,0.0
2017-07-14 00:00:00+09:00,2277.743488988697,2277.743488988697,2272.209228515625,2272.209228515625,1300,0.0,0.0
2017-07-17 00:00:00+09:00,2272.209228515625,2272.209228515625,2272.209228515625,2272.209228515625,0,0.0,0.0
2017-07-18 00:00:00+09:00,2272.209228515625,2284.85896673979,2271.4186198766147,2272.209228515625,5700,0.0,0.0
2017-07-19 00:00:00+09:00,2272.9991846383655,2272.9991846383655,2265.8837089299323,2269.046142578125,3500,0.0,0.0
2017-07-20 00:00:00+09:00,2272.2086522889444,2272.9992607274585,2213.703627838916,2254.024658203125,11400,0.0,0.0
2017-07-21 00:00:00+09:00,2269.0465450152733,2269.0465450152733,2248.49072265625,2248.49072265625,11500,0.0,0.0
2017-07-24 00:00:00+09:00,2254.8151024515937,2261.139969499144,2249.2808437849876,2250.862060546875,3700,0.0,0.0
2017-07-25 00:00:00+09:00,2251.6530773694813,2270.627681954056,2251.6530773694813,2256.396728515625,6900,0.0,0.0
2017-07-26 00:00:00+09:00,2260.3497758962117,2283.2774231508424,2260.3497758962117,2275.371337890625,4500,0.0,0.0
2017-07-27 00:00:00+09:00,2276.9522322974376,2291.183183749297,2276.9522322974376,2283.277099609375,12600,0.0,0.0
2017-07-28 00:00:00+09:00,2284.0680358191944,2291.97412109375,2280.9056017093717,2291.97412109375,17600,0.0,0.0
2017-07-31 00:00:00+09:00,2310.9486398266718,2318.0641163092037,2278.53369140625,2278.53369140625,12000,0.0,0.0
2017-08-01 00:00:00+09:00,2278.5336155746922,2301.4612612553533,2278.5336155746922,2295.927001953125,6800,0.0,0.0
2017-08-02 00:00:00+09:00,2288.0210802164825,2299.880208137439,2285.6492546322916,2299.089599609375,1300,0.0,0.0
2017-08-03 00:00:00+09:00,2288.0204331440614,2300.670166015625,2287.2298248395887,2300.670166015625,3400,0.0,0.0
2017-08-04 00:00:00+09:00,2284.858642578125,2295.1365534270926,2284.858642578125,2284.858642578125,4300,0.0,0.0
2017-08-07 00:00:00+09:00,2285.648845750351,2292.7643212300304,2284.85823736372,2288.811279296875,1800,0.0,0.0
2017-08-08 00:00:00+09:00,2277.743165836532,2294.345944900249,2277.743165836532,2284.858642578125,4800,0.0,0.0
2017-08-09 00:00:00+09:00,2288.8116852123435,2288.8116852123435,2280.905599943907,2284.858642578125,3200,0.0,0.0
2017-08-10 00:00:00+09:00,2284.858723281575,2291.9742002744933,2272.9995949600443,2281.6962890625,3900,0.0,0.0
2017-08-11 00:00:00+09:00,2281.6962890625,2281.6962890625,2281.6962890625,2281.6962890625,0,0.0,0.0
2017-08-14 00:00:00+09:00,2275.370921395285,2275.370921395285,2253.23388671875,2253.23388671875,6000,0.0,0.0
2017-08-15 00:00:00+09:00,2250.071453193531,2258.768145387884,2250.071453193531,2253.23388671875,1300,0.0,0.0
2017-08-16 00:00:00+09:00,2250.862139720648,2261.9306574431944,2245.327880859375,2245.327880859375,4000,0.0,0.0
2017-08-17 00:00:00+09:00,2246.1188954509753,2251.6531553130512,2239.7940270371746,2241.375244140625,4100,0.0,0.0
2017-08-18 00:00:00+09:00,2239.793697710115,2239.793697710115,2223.9815290005486,2230.306396484375,6700,0.0,0.0
2017-08-21 00:00:00+09:00,2230.3068048227215,2239.003499205228,2230.3068048227215,2238.212890625,3900,0.0,0.0
2017-08-22 00:00:00+09:00,2236.63159127853,2243.747068239119,2233.4691570738237,2234.259765625,6200,0.0,0.0
2017-08-23 00:00:00+09:00,2233.46858348135,2233.46858348135,2225.5625,2225.5625,4800,0.0,0.0
2017-08-24 00:00:00+09:00,2225.562745871505,2234.2594386617666,2223.9815290005486,2230.306396484375,9400,0.0,0.0
2017-08-25 00:00:00+09:00,2230.3063154213824,2237.4217910820676,2223.9814481674402,2231.096923828125,4300,0.0,0.0
2017-08-28 00:00:00+09:00,2234.2591237810966,2257.1867651787084,2234.2591237810966,2252.443115234375,4300,0.0,0.0
2017-08-29 00:00:00+09:00,2246.9090186421563,2260.3493611182002,2236.6311096898876,2250.862060546875,6400,0.0,0.0
2017-08-30 00:00:00+09:00,2247.7004404771333,2269.046874487996,2246.909831810064,2261.931396484375,4300,0.0,0.0
2017-08-31 00:00:00+09:00,2292.7646491102955,2314.111078602012,2292.7646491102955,2295.136474609375,11200,0.0,0.0
2017-09-01 00:00:00+09:00,2289.6018374958094,2367.0814576873113,2289.6018374958094,2358.384765625,16000,0.0,0.0
2017-09-04 00:00:00+09:00,2189.985843331473,2268.2560954938613,2174.964279785156,2213.7041015625,74400,0.0,0.0
2017-09-05 00:00:00+09:00,2204.2161454829343,2216.0752710863217,2184.450936143955,2203.425537109375,12200,0.0,0.0
2017-09-06 00:00:00+09:00,2203.4257820375506,2209.750649729083,2196.310305884577,2205.797607421875,5800,0.0,0.0
2017-09-07 00:00:00+09:00,2193.9383125098675,2202.6350049198168,2189.9852705053454,2190.77587890625,4500,0.0,0.0
2017-09-08 00:00:00+09:00,2190.7757169088645,2193.1475419361927,2175.7541584024525,2192.35693359375,16800,0.0,0.0
2017-09-11 00:00:00+09:00,2163.105061700183,2166.267496000914,2149.664715922075,2162.314453125,28500,0.0,0.0
2017-09-12 00:00:00+09:00,2164.6862823939837,2189.985756841247,2164.6862823939837,2181.2890625,9700,0.0,0.0
2017-09-13 00:00:00+09:00,2182.0790251419944,2193.1475419361927,2182.0790251419944,2192.35693359375,8100,0.0,0.0
2017-09-14 00:00:00+09:00,2192.357423717902,2204.2165515057736,2176.545253334073,2199.472900390625,14200,0.0,0.0
2017-09-15 00:00:00+09:00,2186.0322285008233,2190.77587890625,2145.711200054696,2190.77587890625,25400,0.0,0.0
2017-09-18 00:00:00+09:00,2190.77587890625,2190.77587890625,2190.77587890625,2190.77587890625,0,0.0,0.0
2017-09-19 00:00:00+09:00,2181.2893069938123,2191.567219640032,2175.755046338156,2186.032958984375,9100,0.0,0.0
2017-09-20 00:00:00+09:00,2197.1007461134855,2235.8405577578037,2190.77587890625,2190.77587890625,21000,0.0,0.0
2017-09-21 00:00:00+09:00,2193.147304715522,2205.797036826354,2193.147304715522,2204.2158203125,6800,0.0,0.0
2017-09-22 00:00:00+09:00,2225.562906438161,2225.562906438161,2206.588302617729,2223.981689453125,5100,0.0,0.0
2017-09-25 00:00:00+09:00,2256.3966473634523,2260.349689843066,2240.584477444998,2257.187255859375,8500,0.0,0.0
2017-09-26 00:00:00+09:00,2290.3923456617536,2323.5978957196735,2270.627137293944,2314.110595703125,14100,0.0,0.0
2017-09-27 00:00:00+09:00,2332.2956540478367,2332.2956540478367,2311.739827944364,2325.18017578125,7400,0.0,0.0
2017-09-28 00:00:00+09:00,2332.295005976127,2346.5259585549647,2300.670666912044,2340.99169921875,8600,0.0,0.0
2017-09-29 00:00:00+09:00,2362.338048728858,2362.338048728858,2336.247969877435,2348.897705078125,12500,0.0,0.0
2017-10-02 00:00:00+09:00,2335.457189360119,2363.919091464711,2312.5295459980866,2324.388671875,4300,0.0,0.0
2017-10-03 00:00:00+09:00,2330.7135370068595,2332.294753789089,2307.785893664526,2319.64501953125,3800,0.0,0.0
2017-10-04 00:00:00+09:00,2313.320721200876,2323.5986328125,2292.7648979776286,2323.5986328125,3700,0.0,0.0
2017-10-05 00:00:00+09:00,2331.504722793081,2347.31689453125,2322.017419750179,2347.31689453125,6700,0.0,0.0
2017-10-06 00:00:00+09:00,2346.525714827935,2346.525714827935,2329.922938543775,2343.36328125,5800,0.0,0.0
2017-10-09 00:00:00+09:00,2343.36328125,2343.36328125,2343.36328125,2343.36328125,0,0.0,0.0
2017-10-10 00:00:00+09:00,2333.086018769862,2340.9921049059853,2329.9235843154133,2332.29541015625,4600,0.0,0.0
2017-10-11 00:00:00+09:00,2332.29541015625,2335.4578446106993,2253.2345487950215,2332.29541015625,11300,0.0,0.0
2017-10-12 00:00:00+09:00,2331.5041423778043,2331.5041423778043,2311.7389326255343,2312.529541015625,3300,0.0,0.0
2017-10-13 00:00:00+09:00,2291.97412808108,2321.226643686116,2291.97412808108,2320.43603515625,5200,0.0,0.0
2017-10-16 00:00:00+09:00,2320.43603515625,2329.92333751464,2294.3459536706773,2320.43603515625,3900,0.0,0.0
2017-10-17 00:00:00+09:00,2320.4357099403155,2331.5042278071514,2310.9484089115986,2321.226318359375,3400,0.0,0.0
2017-10-18 00:00:00+09:00,2321.2264738132094,2321.2264738132094,2298.298828125,2298.298828125,3400,0.0,0.0
2017-10-19 00:00:00+09:00,2301.4611907627273,2327.55126953125,2301.4611907627273,2327.55126953125,5500,0.0,0.0
2017-10-20 00:00:00+09:00,2309.3675163170365,2329.923338098701,2303.8332566065883,2322.807861328125,14000,0.0,0.0
2017-10-23 00:00:00+09:00,2319.6455873817827,2330.714107566972,2309.36767578125,2309.36767578125,5200,0.0,0.0
2017-10-24 00:00:00+09:00,2309.3671074552617,2314.9013661858976,2302.2516319444444,2312.529541015625,5600,0.0,0.0
2017-10-25 00:00:00+09:00,2309.3668573648247,2316.4823321050794,2300.670166015625,2300.670166015625,7200,0.0,0.0
2017-10-26 00:00:00+09:00,2300.670405096341,2306.204663802758,2261.9305941514194,2288.811279296875,47700,0.0,0.0
2017-10-27 00:00:00+09:00,2297.9878544484914,2309.9565411904105,2297.9878544484914,2300.381591796875,6200,26.5,0.0
2017-10-30 00:00:00+09:00,2300.381775998279,2310.754638671875,2290.0089133246825,2310.754638671875,1800,0.0,0.0
2017-10-31 00:00:00+09:00,2301.976986475595,2316.3394078816814,2292.4020388715367,2293.199951171875,5900,0.0,0.0
2017-11-01 00:00:00+09:00,2313.148256779044,2336.2877184715558,2311.552431834733,2328.30859375,9200,0.0,0.0
2017-11-02 00:00:00+09:00,2308.3602224766523,2321.126818936945,2290.0082400649817,2290.80615234375,17100,0.0,0.0
2017-11-03 00:00:00+09:00,2290.80615234375,2290.80615234375,2290.80615234375,2290.80615234375,0,0.0,0.0
2017-11-06 00:00:00+09:00,2293.200501651863,2303.573364046252,2286.0192892249784,2301.9775390625,6600,0.0,0.0
2017-11-07 00:00:00+09:00,2286.8170759905865,2290.008725782618,2255.6984905182794,2278.0400390625,11300,0.0,0.0
2017-11-08 00:00:00+09:00,2286.0192241467926,2294.7962613075656,2274.050537109375,2274.050537109375,3300,0.0,0.0
2017-11-09 00:00:00+09:00,2276.443784519391,2289.2103812779997,2262.0813631659566,2270.8583984375,10400,0.0,0.0
2017-11-10 00:00:00+09:00,2266.86883454595,2266.86883454595,2254.102237800883,2264.47509765625,9000,0.0,0.0
2017-11-13 00:00:00+09:00,2259.6883515794466,2281.23199052459,2201.4407351722084,2207.026123046875,30700,0.0,0.0
2017-11-14 00:00:00+09:00,2212.6110205184195,2220.5901442851646,2179.8966130747644,2203.833984375,19900,0.0,0.0
2017-11-15 00:00:00+09:00,2195.8546098886045,2215.0045047422846,2176.704715034925,2184.683837890625,21900,0.0,0.0
2017-11-16 00:00:00+09:00,2185.481747671274,2215.802414488181,2170.3214142628203,2178.300537109375,16400,0.0,0.0
2017-11-17 00:00:00+09:00,2180.694458498772,2195.056880837951,2166.332036159592,2182.290283203125,27200,0.0,0.0
2017-11-20 00:00:00+09:00,2163.140562700802,2172.715511705748,2134.415715685963,2157.55517578125,26100,0.0,0.0
2017-11-21 00:00:00+09:00,2196.65209774435,2196.65209774435,2177.5022065907488,2193.46044921875,9100,0.0,0.0
2017-11-22 00:00:00+09:00,2185.481821252085,2220.5899629589458,2185.481821252085,2212.61083984375,12100,0.0,0.0
2017-11-23 00:00:00+09:00,2212.61083984375,2212.61083984375,2212.61083984375,2212.61083984375,0,0.0,0.0
2017-11-24 00:00:00+09:00,2195.057131989946,2218.9945052940893,2195.057131989946,2211.015380859375,2400,0.0,0.0
2017-11-27 00:00:00+09:00,2214.2067851682496,2226.973382848499,2207.823486328125,2207.823486328125,26500,0.0,0.0
2017-11-28 00:00:00+09:00,2220.590084008374,2220.590084008374,2207.823486328125,2207.823486328125,2900,0.0,0.0
2017-11-29 00:00:00+09:00,2229.367063853457,2229.367063853457,2217.39837882919,2224.57958984375,8300,0.0,0.0
2017-11-30 00:00:00+09:00,2230.96356194616,2230.96356194616,2210.217834975273,2228.56982421875,5800,0.0,0.0
2017-12-01 00:00:00+09:00,2230.1657104492188,2231.7615356445312,2220.5907592773438,2230.963623046875,6800,0.0,0.0
2017-12-04 00:00:00+09:00,2230.9633157831067,2230.9633157831067,2196.653078809332,2215.802978515625,6300,0.0,0.0
2017-12-05 00:00:00+09:00,2193.461307103003,2223.781979954918,2193.461307103003,2211.015380859375,7700,0.0,0.0
2017-12-06 00:00:00+09:00,2221.3879992803168,2221.3879992803168,2207.025576871177,2217.3984375,7600,0.0,0.0
2017-12-07 00:00:00+09:00,2209.4196173592964,2216.6008295500633,2208.6217048936555,2213.4091796875,5400,0.0,0.0
2017-12-08 00:00:00+09:00,2213.4089947940215,2217.3985567889636,2202.2382212081825,2206.227783203125,16300,0.0,0.0
2017-12-11 00:00:00+09:00,2210.217406873758,2211.015319295012,2202.2382826612175,2208.62158203125,15500,0.0,0.0
2017-12-12 00:00:00+09:00,2215.8026717974394,2230.963006966381,2210.21728515625,2210.21728515625,25200,0.0,0.0
2017-12-13 00:00:00+09:00,2170.3217766246316,2186.2800249821657,2163.9384772816184,2167.130126953125,38400,0.0,0.0
2017-12-14 00:00:00+09:00,2156.756660500666,2172.714904381544,2156.756660500666,2171.9169921875,32100,0.0,0.0
2017-12-15 00:00:00+09:00,2171.9174795705135,2171.9174795705135,2160.746706347153,2168.725830078125,23600,0.0,0.0
2017-12-18 00:00:00+09:00,2168.726256851427,2171.9179069718853,2163.140869140625,2163.140869140625,15600,0.0,0.0
2017-12-19 00:00:00+09:00,2155.959243498985,2220.5901460613154,2155.959243498985,2210.21728515625,58300,0.0,0.0
2017-12-20 00:00:00+09:00,2210.21740898297,2219.792358047156,2204.6320220288612,2218.196533203125,22700,0.0,0.0
2017-12-21 00:00:00+09:00,2203.8340460061595,2222.1860311828946,2201.4403088091944,2206.227783203125,23000,0.0,0.0
2017-12-22 00:00:00+09:00,2206.227783203125,2210.2173451980675,2198.2486592132404,2206.227783203125,17600,0.0,0.0
2017-12-25 00:00:00+09:00,2206.2277188387784,2206.2277188387784,2182.2903475674716,2194.259033203125,9700,0.0,0.0
2017-12-26 00:00:00+09:00,2183.088807397959,2230.1656493703567,2183.088807397959,2228.56982421875,27900,0.0,0.0
2017-12-27 00:00:00+09:00,2214.2070926806323,2222.984129804772,2211.8133552831396,2216.600830078125,7000,0.0,0.0
2017-12-28 00:00:00+09:00,2214.2067880757468,2218.9942622121266,2203.833927446923,2217.3984375,14500,0.0,0.0
2017-12-29 00:00:00+09:00,2225.3773867569785,2244.527281802574,2216.6003515277466,2242.133544921875,22000,0.0,0.0
2018-01-01 00:00:00+09:00,2242.133544921875,2242.133544921875,2242.133544921875,2242.133544921875,0,0.0,0.0
2018-01-02 00:00:00+09:00,2242.133544921875,2242.133544921875,2242.133544921875,2242.133544921875,0,0.0,0.0
2018-01-03 00:00:00+09:00,2242.133544921875,2242.133544921875,2242.133544921875,2242.133544921875,0,0.0,0.0
2018-01-04 00:00:00+09:00,2239.739814073542,2282.8270780421817,2239.739814073542,2258.091796875,7200,0.0,0.0
2018-01-05 00:00:00+09:00,2258.091790793205,2260.4855276739045,2239.7398080411754,2242.133544921875,13900,0.0,0.0
2018-01-08 00:00:00+09:00,2242.133544921875,2242.133544921875,2242.133544921875,2242.133544921875,0,0.0,0.0
2018-01-09 00:00:00+09:00,2242.1339698750558,2247.7193569886235,2230.165283203125,2230.165283203125,19900,0.0,0.0
2018-01-10 00:00:00+09:00,2226.175658127357,2234.952694772304,2218.1965339046783,2221.38818359375,13300,0.0,0.0
2018-01-11 00:00:00+09:00,2221.3882426245036,2226.175717285332,2199.046694207303,2211.015380859375,18500,0.0,0.0
2018-01-12 00:00:00+09:00,2213.4094234750655,2222.1864615638274,2207.026123046875,2207.026123046875,7700,0.0,0.0
2018-01-15 00:00:00+09:00,2213.409241052338,2223.782103393247,2203.0363787114297,2215.802978515625,11700,0.0,0.0
2018-01-16 00:00:00+09:00,2215.8026753115464,2229.3671857473755,2203.0360772542963,2222.98388671875,19200,0.0,0.0
2018-01-17 00:00:00+09:00,2222.9837033283775,2226.97326489214,2214.2066678881,2222.185791015625,13400,0.0,0.0
2018-01-18 00:00:00+09:00,2230.165097245546,2234.154659136862,2219.792236328125,2219.792236328125,10600,0.0,0.0
2018-01-19 00:00:00+09:00,2219.792358749214,2230.1652202386967,2212.6111469488033,2221.38818359375,24000,0.0,0.0
2018-01-22 00:00:00+09:00,2218.9945711338423,2249.3152448854016,2215.0050087981112,2238.9423828125,22800,0.0,0.0
2018-01-23 00:00:00+09:00,2229.367249124341,2238.144285538216,2221.388125111727,2231.760986328125,13100,0.0,0.0
2018-01-24 00:00:00+09:00,2230.96356194616,2235.75103740098,2225.3781739155365,2228.56982421875,14100,0.0,0.0
2018-01-25 00:00:00+09:00,2226.1757215886255,2234.952758483778,2218.196597138487,2233.35693359375,18900,0.0,0.0
2018-01-26 00:00:00+09:00,2231.760564291291,2245.3250725476196,2223.781441787568,2243.729248046875,34800,0.0,0.0
2018-01-29 00:00:00+09:00,2246.1229270115596,2263.676996068133,2246.1229270115596,2250.910400390625,17600,0.0,0.0
2018-01-30 00:00:00+09:00,2244.527275670643,2257.2938723328293,2219.791994637657,2226.17529296875,17300,0.0,0.0
2018-01-31 00:00:00+09:00,2241.3358731880817,2241.3358731880817,2226.1755379831784,2229.3671875,14700,0.0,0.0
2018-02-01 00:00:00+09:00,2234.154907487955,2238.942382289715,2221.388308016595,2235.750732421875,17100,0.0,0.0
2018-02-02 00:00:00+09:00,2226.175479188035,2240.5379016344095,2226.175479188035,2236.54833984375,16900,0.0,0.0
2018-02-05 00:00:00+09:00,2224.5799578844353,2246.123594492355,2211.0154459461155,2235.750732421875,23200,0.0,0.0
2018-02-06 00:00:00+09:00,2201.440251628072,2222.9838858411777,2194.259040223704,2219.792236328125,35400,0.0,0.0
2018-02-07 00:00:00+09:00,2219.792000702013,2274.050036664535,2219.792000702013,2242.133544921875,18400,0.0,0.0
2018-02-08 00:00:00+09:00,2242.1339065727147,2242.9318189949827,2218.994446326946,2221.38818359375,16600,0.0,0.0
2018-02-09 00:00:00+09:00,2203.8339861377485,2214.206847042814,2199.8444242511846,2210.21728515625,10000,0.0,0.0
2018-02-12 00:00:00+09:00,2210.21728515625,2210.21728515625,2210.21728515625,2210.21728515625,0,0.0,0.0
2018-02-13 00:00:00+09:00,2250.1128440985967,2250.1128440985967,2210.21722629543,2217.3984375,5300,0.0,0.0
2018-02-14 00:00:00+09:00,2203.833927446923,2223.7817363485065,2203.833927446923,2217.3984375,10900,0.0,0.0
2018-02-15 00:00:00+09:00,2222.9838239924434,2223.7817363485065,2214.2067880757468,2217.3984375,11200,0.0,0.0
2018-02-16 00:00:00+09:00,2228.56902984291,2235.7502404653897,2222.185731511817,2226.17529296875,3800,0.0,0.0
2018-02-19 00:00:00+09:00,2226.17529296875,2229.3669421342966,2222.185731511817,2226.17529296875,7200,0.0,0.0
2018-02-20 00:00:00+09:00,2225.3773806773634,2231.7606790084565,2218.1961700548836,2226.17529296875,7900,0.0,0.0
2018-02-21 00:00:00+09:00,2244.527643839518,2244.527643839518,2218.1965339046783,2221.38818359375,14500,0.0,0.0
2018-02-22 00:00:00+09:00,2218.1964115715987,2228.5692724890196,2218.1964115715987,2219.792236328125,7400,0.0,0.0
2018-02-23 00:00:00+09:00,2234.155029296875,2259.6882296316967,2221.3884291294644,2234.155029296875,16400,0.0,0.0
2018-02-26 00:00:00+09:00,2245.3250725476196,2247.7188092987362,2238.143862294269,2243.729248046875,1800,0.0,0.0
2018-02-27 00:00:00+09:00,2235.750562891577,2341.872912950313,2235.750562891577,2292.40234375,14000,0.0,0.0
2018-02-28 00:00:00+09:00,2329.9044201951792,2340.2772823398836,2327.51068277717,2337.883544921875,26000,0.0,0.0
2018-03-01 00:00:00+09:00,2297.987794994813,2337.0855040068777,2251.7088741233897,2307.562744140625,4200,0.0,0.0
2018-03-02 00:00:00+09:00,2267.6674809820097,2313.1484966104317,2267.6674809820097,2277.242431640625,10700,0.0,0.0
2018-03-05 00:00:00+09:00,2237.346163194444,2341.074765625,2237.346163194444,2333.8935546875,39000,0.0,0.0
2018-03-06 00:00:00+09:00,2333.8939116461647,2341.8730361304247,2276.4442153594896,2284.42333984375,14000,0.0,0.0
2018-03-07 00:00:00+09:00,2284.4236446345863,2302.775633396932,2235.750978786626,2277.242431640625,6700,0.0,0.0
2018-03-08 00:00:00+09:00,2272.454893919993,2278.040281650836,2256.4966432604424,2258.890380859375,3400,0.0,0.0
2018-03-09 00:00:00+09:00,2254.102844841736,2288.413082834017,2247.719544750149,2259.688232421875,9900,0.0,0.0
2018-03-12 00:00:00+09:00,2297.18981818874,2297.18981818874,2266.07123433693,2292.40234375,4100,0.0,0.0
2018-03-13 00:00:00+09:00,2292.4020940471105,2320.3290252311162,2267.6668121412768,2276.44384765625,4100,0.0,0.0
2018-03-14 00:00:00+09:00,2293.200439962105,2297.9879147845727,2291.6046150212824,2296.39208984375,1500,0.0,0.0
2018-03-15 00:00:00+09:00,2296.392154959076,2328.3086546805366,2283.625555070492,2327.5107421875,3600,0.0,0.0
2018-03-16 00:00:00+09:00,2326.7125863895067,2330.7021484375,2313.1480754263307,2330.7021484375,4800,0.0,0.0
2018-03-19 00:00:00+09:00,2330.701781599274,2330.701781599274,2324.3184833271775,2329.10595703125,3700,0.0,0.0
2018-03-20 00:00:00+09:00,2327.5106198240514,2327.5106198240514,2319.53149531317,2325.914794921875,5600,0.0,0.0
2018-03-21 00:00:00+09:00,2325.914794921875,2325.914794921875,2325.914794921875,2325.914794921875,0,0.0,0.0
2018-03-22 00:00:00+09:00,2325.914183857921,2328.3079205823033,2309.158026787247,2324.318359375,8400,0.0,0.0
2018-03-23 00:00:00+09:00,2303.572676709672,2313.945536009023,2254.900029228103,2266.07080078125,12700,0.0,0.0
2018-03-26 00:00:00+09:00,2234.154856175881,2292.4024649261805,2234.154856175881,2287.614990234375,6400,0.0,0.0
2018-03-27 00:00:00+09:00,2274.848030723246,2301.977049679609,2274.848030723246,2298.785400390625,2000,0.0,0.0
2018-03-28 00:00:00+09:00,2290.008849991286,2296.3921499215753,2283.625550060997,2289.2109375,6000,0.0,0.0
2018-03-29 00:00:00+09:00,2289.2103812779997,2289.2103812779997,2252.5064155970003,2270.8583984375,8600,0.0,0.0
2018-03-30 00:00:00+09:00,2286.019286682705,2286.019286682705,2253.3048745521673,2282.82763671875,6700,0.0,0.0
2018-04-02 00:00:00+09:00,2242.9312780921823,2262.0811716084445,2242.9312780921823,2250.910400390625,6300,0.0,0.0
2018-04-03 00:00:00+09:00,2242.134032157555,2258.092281496755,2235.750732421875,2235.750732421875,14700,0.0,0.0
2018-04-04 00:00:00+09:00,2250.113282284494,2265.2736200020136,2250.113282284494,2259.688232421875,12400,0.0,0.0
2018-04-05 00:00:00+09:00,2266.0711057205444,2271.6564922487287,2254.102420303006,2265.273193359375,6700,0.0,0.0
2018-04-06 00:00:00+09:00,2272.454715731411,2301.977477136629,2271.6568032609994,2296.39208984375,8100,0.0,0.0
2018-04-09 00:00:00+09:00,2276.443591745641,2276.443591745641,2250.910400390625,2250.910400390625,4000,0.0,0.0
2018-04-10 00:00:00+09:00,2244.527222330151,2247.718871419849,2234.9522750610568,2246.123046875,24400,0.0,0.0
2018-04-11 00:00:00+09:00,2246.123159244651,2246.123159244651,2218.994140625,2218.994140625,19200,0.0,0.0
2018-04-12 00:00:00+09:00,2212.611083190852,2217.3985575865045,2204.6319591980973,2209.41943359375,22500,0.0,0.0
2018-04-13 00:00:00+09:00,2212.611328564576,2219.792540954436,2206.2280286624787,2215.802978515625,20000,0.0,0.0
2018-04-16 00:00:00+09:00,2231.761106865441,2244.527705975147,2212.611208200882,2223.781982421875,14400,0.0,0.0
2018-04-17 00:00:00+09:00,2223.7819187445043,2232.558955381099,2202.2382833637716,2211.813232421875,15000,0.0,0.0
2018-04-18 00:00:00+09:00,2211.813108141745,2233.356742311957,2200.642334868302,2203.833984375,16900,0.0,0.0
2018-04-19 00:00:00+09:00,2200.642455700347,2207.8236674847208,2184.684207290627,2199.046630859375,5700,0.0,0.0
2018-04-20 00:00:00+09:00,2238.942382289715,2240.538207223635,2207.0258836113157,2235.750732421875,7800,0.0,0.0
2018-04-23 00:00:00+09:00,2242.133790795223,2248.51708984375,2231.760929841366,2248.51708984375,4000,0.0,0.0
2018-04-24 00:00:00+09:00,2250.112863162382,2296.3917802061474,2247.7191260739114,2281.2314453125,35700,0.0,0.0
2018-04-25 00:00:00+09:00,2298.5477573719145,2304.990778415704,2280.0240718710197,2292.104736328125,9000,26.5,0.0
2018-04-26 00:00:00+09:00,2286.4663936691527,2293.714790126716,2284.855638900805,2288.0771484375,3600,0.0,0.0
2018-04-27 00:00:00+09:00,2263.110858722814,2291.299072265625,2263.110858722814,2291.299072265625,2900,0.0,0.0
2018-04-30 00:00:00+09:00,2291.299072265625,2291.299072265625,2291.299072265625,2291.299072265625,0,0.0,0.0
2018-05-01 00:00:00+09:00,2260.6945166359483,2294.520369752696,2260.6945166359483,2287.27197265625,2700,0.0,0.0
2018-05-02 00:00:00+09:00,2288.077501240858,2290.493633765928,2231.701075655902,2243.78173828125,5200,0.0,0.0
2018-05-03 00:00:00+09:00,2243.78173828125,2243.78173828125,2243.78173828125,2243.78173828125,0,0.0,0.0
2018-05-04 00:00:00+09:00,2243.78173828125,2243.78173828125,2243.78173828125,2243.78173828125,0,0.0,0.0
2018-05-07 00:00:00+09:00,2243.781450297848,2243.781450297848,2214.7878637182635,2224.452392578125,6400,0.0,0.0
2018-05-08 00:00:00+09:00,2225.257780924009,2230.090045377698,2219.620139061371,2229.28466796875,6300,0.0,0.0
2018-05-09 00:00:00+09:00,2223.647386326712,2238.9495595756102,2223.647386326712,2226.868896484375,1900,0.0,0.0
2018-05-10 00:00:00+09:00,2227.6739131508534,2235.727687240336,2227.6739131508534,2229.28466796875,1400,0.0,0.0
2018-05-11 00:00:00+09:00,2235.727772450361,2238.1439047692916,2230.0901303728565,2230.8955078125,2900,0.0,0.0
2018-05-14 00:00:00+09:00,2238.143958129883,2263.110659354074,2238.143958129883,2255.056884765625,2700,0.0,0.0
2018-05-15 00:00:00+09:00,2255.056884765625,2275.1913212367467,2255.056884765625,2255.056884765625,3200,0.0,0.0
2018-05-16 00:00:00+09:00,2264.7213080444553,2283.2449887290295,2247.0030047809496,2262.30517578125,8200,0.0,0.0
2018-05-17 00:00:00+09:00,2277.6073052808197,2282.4395697191803,2275.9965504680326,2280.0234375,2900,0.0,0.0
2018-05-18 00:00:00+09:00,2287.2718679274026,2313.0439453125,2287.2718679274026,2313.0439453125,8100,0.0,0.0
2018-05-21 00:00:00+09:00,2335.5945249213632,2338.81603461091,2327.5407506974966,2336.39990234375,6100,0.0,0.0
2018-05-22 00:00:00+09:00,2328.3459384503685,2342.037353515625,2325.9298063800293,2342.037353515625,3900,0.0,0.0
2018-05-23 00:00:00+09:00,2342.037916451446,2342.037916451446,2326.7357429945764,2338.81640625,2900,0.0,0.0
2018-05-24 00:00:00+09:00,2317.0709494436433,2335.594630999849,2304.990287559161,2329.151611328125,9200,0.0,0.0
2018-05-25 00:00:00+09:00,2333.98388671875,2333.98388671875,2312.2386952275815,2333.98388671875,6900,0.0,0.0
2018-05-28 00:00:00+09:00,2333.1782686713746,2333.1782686713746,2248.613643814456,2264.72119140625,4400,0.0,0.0
2018-05-29 00:00:00+09:00,2276.80162585381,2308.211340536618,2276.80162585381,2306.6005859375,1800,0.0,0.0
2018-05-30 00:00:00+09:00,2262.304957050479,2293.7146734353023,2238.143636754461,2290.4931640625,6200,0.0,0.0
2018-05-31 00:00:00+09:00,2327.5407388416174,2327.5407388416174,2296.1310195285296,2313.0439453125,6100,0.0,0.0
2018-06-01 00:00:00+09:00,2255.8618985182948,2297.7415196260963,2238.948974609375,2238.948974609375,2900,0.0,0.0
2018-06-04 00:00:00+09:00,2255.8624332102886,2263.916208409183,2239.7548828125,2239.7548828125,1200,0.0,0.0
2018-06-05 00:00:00+09:00,2247.8086669053046,2263.11083984375,2235.7280040591636,2263.11083984375,3300,0.0,0.0
2018-06-06 00:00:00+09:00,2247.0023436446913,2273.5797907200586,2240.559326171875,2240.559326171875,3600,0.0,0.0
2018-06-07 00:00:00+09:00,2253.445874705004,2258.2781389109477,2247.002855763746,2250.224365234375,2900,0.0,0.0
2018-06-08 00:00:00+09:00,2251.0296938943643,2281.634033203125,2251.0296938943643,2281.634033203125,300,0.0,0.0
2018-06-11 00:00:00+09:00,2255.056672070662,2255.056672070662,2247.002898241838,2251.02978515625,4100,0.0,0.0
2018-06-12 00:00:00+09:00,2255.056969631067,2263.1107445226066,2251.0300821852975,2256.667724609375,7200,0.0,0.0
2018-06-13 00:00:00+09:00,2255.056884765625,2255.056884765625,2255.056884765625,2255.056884765625,500,0.0,0.0
2018-06-14 00:00:00+09:00,2255.0566204753645,2286.4663376891285,2253.445865746454,2263.915771484375,7300,0.0,0.0
2018-06-15 00:00:00+09:00,2263.916185265875,2294.5205307088145,2246.197880009436,2267.1376953125,27500,0.0,0.0
2018-06-18 00:00:00+09:00,2266.3319035777413,2271.1641677644743,2247.808224195265,2263.915771484375,7700,0.0,0.0
2018-06-19 00:00:00+09:00,2261.4996837797617,2299.352420652144,2256.667419498181,2283.244873046875,17700,0.0,0.0
2018-06-20 00:00:00+09:00,2285.6608574995053,2291.2984987970726,2271.9694429196984,2289.687744140625,15500,0.0,0.0
2018-06-21 00:00:00+09:00,2300.1580119388204,2300.1580119388204,2279.2181981046433,2287.27197265625,9100,0.0,0.0
2018-06-22 00:00:00+09:00,2287.2718758343717,2287.2718758343717,2258.278288675908,2262.30517578125,6500,0.0,0.0
2018-06-25 00:00:00+09:00,2288.077026454443,2288.077026454443,2253.44580078125,2253.44580078125,5400,0.0,0.0
2018-06-26 00:00:00+09:00,2247.0032575210926,2272.7753378940943,2247.0032575210926,2267.1376953125,3100,0.0,0.0
2018-06-27 00:00:00+09:00,2280.8291778074868,2280.8291778074868,2256.6678517713904,2259.083984375,6100,0.0,0.0
2018-06-28 00:00:00+09:00,2260.6944526095535,2263.915962338958,2242.170771665478,2258.2783203125,9600,0.0,0.0
2018-06-29 00:00:00+09:00,2243.7818112188056,2263.1108720476827,2243.7818112188056,2259.083984375,10900,0.0,0.0
2018-07-02 00:00:00+09:00,2272.775146048254,2272.775146048254,2251.8353325127277,2254.25146484375,5000,0.0,0.0
2018-07-03 00:00:00+09:00,2263.1107984818063,2263.1107984818063,2243.78173828125,2243.78173828125,18100,0.0,0.0
2018-07-04 00:00:00+09:00,2243.781187829712,2251.8349609375,2243.781187829712,2251.8349609375,200,0.0,0.0
2018-07-05 00:00:00+09:00,2235.7270630672624,2246.196966460589,2235.7270630672624,2240.559326171875,1100,0.0,0.0
2018-07-06 00:00:00+09:00,2228.4792258925536,2230.8953580492853,2207.539413867542,2218.814697265625,15100,0.0,0.0
2018-07-09 00:00:00+09:00,2214.7876600279424,2214.7876600279424,2190.626340100365,2206.73388671875,1700,0.0,0.0
2018-07-10 00:00:00+09:00,2206.73388671875,2218.009169351619,2198.680113409557,2206.73388671875,7200,0.0,0.0
2018-07-11 00:00:00+09:00,2206.7339179616088,2214.7876913848263,2202.70703125,2202.70703125,3800,0.0,0.0
2018-07-12 00:00:00+09:00,2183.378354084838,2202.7074136562273,2183.378354084838,2191.43212890625,3800,0.0,0.0
2018-07-13 00:00:00+09:00,2191.4316096372318,2195.45849609375,2174.518686519855,2195.45849609375,1800,0.0,0.0
2018-07-16 00:00:00+09:00,2195.45849609375,2195.45849609375,2195.45849609375,2195.45849609375,0,0.0,0.0
2018-07-17 00:00:00+09:00,2202.707160526926,2228.4792369937863,2202.707160526926,2223.64697265625,2600,0.0,0.0
2018-07-18 00:00:00+09:00,2244.5868303347856,2266.3320202949717,2244.5868303347856,2261.499755859375,10000,0.0,0.0
2018-07-19 00:00:00+09:00,2261.4998199884794,2271.9697265625,2257.472932844625,2271.9697265625,7300,0.0,0.0
2018-07-20 00:00:00+09:00,2293.7148507630163,2293.7148507630163,2242.97607421875,2242.97607421875,17200,0.0,0.0
2018-07-23 00:00:00+09:00,2242.975861254356,2255.0565211892986,2224.452182687444,2238.948974609375,9900,0.0,0.0
2018-07-24 00:00:00+09:00,2246.197530154619,2247.0029075408343,2237.33837890625,2237.33837890625,700,0.0,0.0
2018-07-25 00:00:00+09:00,2271.164102288465,2271.164102288465,2246.1974047101166,2253.44580078125,15300,0.0,0.0
2018-07-26 00:00:00+09:00,2255.86181640625,2266.331721302102,2254.251061806888,2255.86181640625,9100,0.0,0.0
2018-07-27 00:00:00+09:00,2259.8888195111463,2259.8888195111463,2251.0296687575387,2253.44580078125,9500,0.0,0.0
2018-07-30 00:00:00+09:00,2253.4461298479355,2284.0504732840404,2245.3923552594865,2255.056884765625,9100,0.0,0.0
2018-07-31 00:00:00+09:00,2276.8018708308023,2276.8018708308023,2202.70715129899,2237.33837890625,18400,0.0,0.0
2018-08-01 00:00:00+09:00,2226.063328071003,2241.365500007815,2208.345023723115,2213.982666015625,6000,0.0,0.0
2018-08-02 00:00:00+09:00,2222.036227301328,2228.4792464453694,2202.7071698692034,2209.95556640625,4500,0.0,0.0
2018-08-03 00:00:00+09:00,2206.734059979839,2247.0029296875,2201.9017956149196,2247.0029296875,8200,0.0,0.0
2018-08-06 00:00:00+09:00,2238.9494105113636,2246.1978078835227,2214.7880859375,2214.7880859375,2600,0.0,0.0
2018-08-07 00:00:00+09:00,2206.734141706118,2214.7879159459217,2191.4319706504916,2211.56640625,2800,0.0,0.0
2018-08-08 00:00:00+09:00,2214.7880859375,2218.8149733664773,2206.7343110795455,2214.7880859375,2800,0.0,0.0
2018-08-09 00:00:00+09:00,2214.7881283581537,2218.8150158642593,2214.7881283581537,2215.593505859375,2700,0.0,0.0
2018-08-10 00:00:00+09:00,2213.1772566424847,2214.788011559983,2194.653575091256,2199.48583984375,3300,0.0,0.0
2018-08-13 00:00:00+09:00,2199.4859037276624,2215.5934533704867,2191.43212890625,2191.43212890625,5600,0.0,0.0
2018-08-14 00:00:00+09:00,2191.431717431284,2208.344641380588,2191.431717431284,2206.73388671875,1400,0.0,0.0
2018-08-15 00:00:00+09:00,2206.73388671875,2206.73388671875,2206.73388671875,2206.73388671875,2500,0.0,0.0
2018-08-16 00:00:00+09:00,2172.1023617677583,2201.9013188999074,2165.6593440094557,2182.572265625,3200,0.0,0.0
2018-08-17 00:00:00+09:00,2182.5726944004487,2182.5726944004487,2121.364013671875,2121.364013671875,2000,0.0,0.0
2018-08-20 00:00:00+09:00,2124.5856203462126,2158.4114717694656,2124.5856203462126,2146.330810546875,1900,0.0,0.0
2018-08-21 00:00:00+09:00,2146.331198547715,2147.941953668576,2096.397789801014,2098.008544921875,3500,0.0,0.0
2018-08-22 00:00:00+09:00,2098.008544921875,2098.008544921875,2098.008544921875,2098.008544921875,0,0.0,0.0
2018-08-23 00:00:00+09:00,2102.0349962957976,2102.0349962957976,2029.551030906287,2031.9671630859375,7100,0.0,0.0
2018-08-24 00:00:00+09:00,2046.4643810543128,2162.438749756328,2043.2428708125901,2098.008544921875,13700,0.0,0.0
2018-08-27 00:00:00+09:00,2118.947283423038,2118.947283423038,2102.034363258886,2110.088134765625,2000,0.0,0.0
2018-08-28 00:00:00+09:00,2110.8943188391822,2110.8943188391822,2081.900730331662,2088.34375,3000,0.0,0.0
2018-08-29 00:00:00+09:00,2090.7597854459405,2092.370540288349,2053.7124240705502,2063.376953125,5000,0.0,0.0
2018-08-30 00:00:00+09:00,2081.0955861035945,2083.51171875,2077.068698359586,2083.51171875,700,0.0,0.0
2018-08-31 00:00:00+09:00,2083.5114206635585,2083.5114206635585,2059.35009765625,2059.35009765625,2300,0.0,0.0
2018-09-03 00:00:00+09:00,2045.6581418504902,2056.933422947304,2045.6581418504902,2053.7119140625,300,0.0,0.0
2018-09-04 00:00:00+09:00,2053.712113875916,2053.712113875916,1997.3357029067736,2018.2755126953125,7400,0.0,0.0
2018-09-05 00:00:00+09:00,2013.44312221544,2020.6915174554156,1989.2818047488547,1999.751708984375,4300,0.0,0.0
2018-09-06 00:00:00+09:00,1999.7522290886363,2005.389871297102,1990.0876995884094,1995.725341796875,3200,0.0,0.0
2018-09-07 00:00:00+09:00,1977.201416015625,2000.5573594227342,1969.1476424269667,1977.201416015625,18100,0.0,0.0
2018-09-10 00:00:00+09:00,1876.5294142702792,1904.7176243558843,1876.5294142702792,1892.636962890625,22900,0.0,0.0
2018-09-11 00:00:00+09:00,1892.6369778789383,1892.6369778789383,1832.2336700742912,1862.8380126953125,12700,0.0,0.0
2018-09-12 00:00:00+09:00,1863.6434539259524,1872.502606040553,1836.2606201171875,1836.2606201171875,13000,0.0,0.0
2018-09-13 00:00:00+09:00,1852.3678429656675,1863.643125488067,1837.065673828125,1837.065673828125,15500,0.0,0.0
2018-09-14 00:00:00+09:00,1840.287276276679,1868.475484009582,1837.8711441852872,1859.6163330078125,17100,0.0,0.0
2018-09-17 00:00:00+09:00,1859.6163330078125,1859.6163330078125,1859.6163330078125,1859.6163330078125,0,0.0,0.0
2018-09-18 00:00:00+09:00,1859.616416611038,1862.837926211057,1832.2335850108755,1842.7034912109375,12400,0.0,0.0
2018-09-19 00:00:00+09:00,1880.5562059254244,1886.19384765625,1853.1733746614138,1886.19384765625,4700,0.0,0.0
2018-09-20 00:00:00+09:00,1886.1940021412813,1967.537125205444,1886.1940021412813,1956.2618408203125,8000,0.0,0.0
2018-09-21 00:00:00+09:00,2036.7995867365057,2036.7995867365057,1942.5704243607956,1993.3092041015625,46200,0.0,0.0
2018-09-24 00:00:00+09:00,1993.3092041015625,1993.3092041015625,1993.3092041015625,1993.3092041015625,0,0.0,0.0
2018-09-25 00:00:00+09:00,2013.443438898997,2048.8800434236196,2010.2219293967587,2012.6380615234375,20800,0.0,0.0
2018-09-26 00:00:00+09:00,2015.8599649656733,2015.8599649656733,1998.9470367737918,2006.1954345703125,9000,0.0,0.0
2018-09-27 00:00:00+09:00,2006.1950425189607,2013.443438898997,1992.5036271344477,2012.6380615234375,9100,0.0,0.0
2018-09-28 00:00:00+09:00,2025.5239236143213,2044.8529789490108,2012.6378867245285,2041.6314697265625,9500,0.0,0.0
2018-10-01 00:00:00+09:00,2037.6047194774828,2037.6047194774828,2022.302549647415,2030.3563232421875,11000,0.0,0.0
2018-10-02 00:00:00+09:00,2027.9405249854638,2042.4373198423891,2027.9405249854638,2034.383544921875,3400,0.0,0.0
2018-10-03 00:00:00+09:00,1999.7518175130467,2024.7185135834875,1999.7518175130467,2011.027099609375,4000,0.0,0.0
2018-10-04 00:00:00+09:00,2011.832773413883,2011.832773413883,1998.141357421875,1998.141357421875,1300,0.0,0.0
2018-10-05 00:00:00+09:00,1998.141195753144,2011.8326106373856,1966.7314792540014,1981.228271484375,22700,0.0,0.0
2018-10-08 00:00:00+09:00,1981.228271484375,1981.228271484375,1981.228271484375,1981.228271484375,0,0.0,0.0
2018-10-09 00:00:00+09:00,1964.3157079974894,2000.5576952299155,1901.4962634612843,1904.7177734375,15200,0.0,0.0
2018-10-10 00:00:00+09:00,1939.3490955880432,1939.3490955880432,1924.8523000230164,1927.2684326171875,1300,0.0,0.0
2018-10-11 00:00:00+09:00,1926.4629119526985,1926.4629119526985,1908.7446075785515,1917.603759765625,5800,0.0,0.0
2018-10-12 00:00:00+09:00,1908.7443109269693,1933.7110086648324,1907.9389335805865,1911.9658203125,5400,0.0,0.0
2018-10-15 00:00:00+09:00,1911.9656555973122,1932.9054647993048,1852.3677370993337,1911.1602783203125,18800,0.0,0.0
2018-10-16 00:00:00+09:00,1895.052989589405,1919.2143111736302,1895.052989589405,1899.88525390625,3500,0.0,0.0
2018-10-17 00:00:00+09:00,1905.523034173089,1915.1875635095544,1904.7176567283836,1907.1337890625,2500,0.0,0.0
2018-10-18 00:00:00+09:00,1907.1339059196619,1923.2414558007401,1895.858621002907,1904.7177734375,7600,0.0,0.0
2018-10-19 00:00:00+09:00,1932.905533468935,1932.905533468935,1897.4689320220045,1905.522705078125,4300,0.0,0.0
2018-10-22 00:00:00+09:00,1905.522821517602,1906.3281988724277,1892.636783840391,1903.106689453125,3900,0.0,0.0
2018-10-23 00:00:00+09:00,1902.3017205304502,1932.1006890569645,1896.6640778362448,1903.9124755859375,5300,0.0,0.0
2018-10-24 00:00:00+09:00,1904.7177306847639,1929.68443244004,1899.0800883529273,1922.43603515625,9100,0.0,0.0
2018-10-25 00:00:00+09:00,1920.0198496586133,1940.9596634552258,1896.6639035008534,1916.79833984375,13700,0.0,0.0
2018-10-26 00:00:00+09:00,1961.0937652717312,1961.0937652717312,1890.2205614343957,1899.0797119140625,36700,0.0,0.0
2018-10-29 00:00:00+09:00,1938.5845069468173,1938.5845069468173,1914.1485677836222,1936.9554443359375,7500,26.5,0.0
2018-10-30 00:00:00+09:00,1934.5121816426768,1976.053285332688,1929.6249929732637,1938.5848388671875,21600,0.0,0.0
2018-10-31 00:00:00+09:00,1928.810512262658,1948.3592674545093,1927.1814493300037,1930.4395751953125,22600,0.0,0.0
2018-11-01 00:00:00+09:00,1929.6250601565807,1976.86788560575,1901.116458592427,1923.92333984375,28200,0.0,0.0
2018-11-02 00:00:00+09:00,1923.1087737882197,1936.1412771260475,1912.5198648262347,1925.5523681640625,5500,0.0,0.0
2018-11-05 00:00:00+09:00,1922.2945992495233,1932.0689785677414,1914.1492831510086,1923.109130859375,21200,0.0,0.0
2018-11-06 00:00:00+09:00,1915.777912757664,1942.6574497989066,1915.777912757664,1926.3668212890625,8700,0.0,0.0
2018-11-07 00:00:00+09:00,1932.882852638374,1933.6973839711336,1895.4144113314355,1922.2939453125,14500,0.0,0.0
2018-11-08 00:00:00+09:00,1922.294023909899,1954.0607471863761,1919.8504298117084,1953.2462158203125,15200,0.0,0.0
2018-11-09 00:00:00+09:00,1951.6170708627885,2016.7795774024476,1950.8025395310428,1994.7872314453125,4000,0.0,0.0
2018-11-12 00:00:00+09:00,1954.06043965927,1975.2382518439892,1948.3587209941536,1967.907470703125,7100,0.0,0.0
2018-11-13 00:00:00+09:00,1967.0929296551233,2006.1904288780822,1914.9629306911781,1965.4638671875,5800,0.0,0.0
2018-11-14 00:00:00+09:00,1967.093321334484,1967.093321334484,1944.286442246548,1961.3916015625,4900,0.0,0.0
2018-11-15 00:00:00+09:00,1956.5046253532928,1990.714947695024,1941.843058635408,1985.8277587890625,7900,0.0,0.0
2018-11-16 00:00:00+09:00,1985.8276296879892,1985.8276296879892,1951.6173095703127,1951.6173095703125,2400,0.0,0.0
2018-11-19 00:00:00+09:00,1948.3592496657755,1980.1259765625,1948.3592496657755,1980.1259765625,2100,0.0,0.0
2018-11-20 00:00:00+09:00,1979.3113624656592,2001.3037109375,1952.4318254445207,2001.3037109375,7500,0.0,0.0
2018-11-21 00:00:00+09:00,2003.747242705676,2020.8524020946268,1966.2787983298788,1995.6019287109375,11800,0.0,0.0
2018-11-22 00:00:00+09:00,1995.6019287109375,1995.6019287109375,1985.0130205177772,1995.6019287109375,2300,0.0,0.0
2018-11-23 00:00:00+09:00,1995.6019287109375,1995.6019287109375,1995.6019287109375,1995.6019287109375,0,0.0,0.0
2018-11-26 00:00:00+09:00,1986.641699057268,1993.157948992675,1963.8348242833426,1970.35107421875,2500,0.0,0.0
2018-11-27 00:00:00+09:00,1970.3513904738465,2020.0378042063412,1935.326541449301,2010.263427734375,14100,0.0,0.0
2018-11-28 00:00:00+09:00,2003.7473796109196,2014.3362885275626,1956.504555213589,1977.682373046875,5600,0.0,0.0
2018-11-29 00:00:00+09:00,1996.4164349899756,2012.7070627744715,1974.424087480906,1999.674560546875,11300,0.0,0.0
2018-11-30 00:00:00+09:00,2003.7470239056042,2003.7470239056042,1965.4640523106598,1971.165771484375,10100,0.0,0.0
2018-12-03 00:00:00+09:00,1971.1662787765752,2003.7475395827996,1954.875648373463,1987.4569091796875,13500,0.0,0.0
2018-12-04 00:00:00+09:00,1987.4571446546727,2007.0059034545548,1967.0938542381289,1985.0135498046875,25700,0.0,0.0
2018-12-05 00:00:00+09:00,1964.6494964159149,1979.3110598220037,1932.8827757027223,1975.2384033203125,19100,0.0,0.0
2018-12-06 00:00:00+09:00,1976.0529593475594,1986.641866384459,1947.5443634789838,1971.165771484375,20700,0.0,0.0
2018-12-07 00:00:00+09:00,1971.1659123734414,1982.5693515359324,1954.8752849984542,1976.0531005859375,11100,0.0,0.0
2018-12-10 00:00:00+09:00,1949.9880903560586,1954.0607471863761,1906.0033965886287,1953.2462158203125,6600,0.0,0.0
2018-12-11 00:00:00+09:00,1946.7297812145036,1946.7297812145036,1907.6322793323714,1927.1810302734375,8000,0.0,0.0
2018-12-12 00:00:00+09:00,1928.810546875,1936.9558616844383,1910.0763228132917,1928.810546875,18200,0.0,0.0
2018-12-13 00:00:00+09:00,1930.4394946592972,1970.3515348442363,1930.4394946592972,1963.020751953125,24500,0.0,0.0
2018-12-14 00:00:00+09:00,1963.0206491408549,1963.0206491408549,1928.8103307740848,1936.14111328125,11000,0.0,0.0
2018-12-17 00:00:00+09:00,2011.0778928372638,2011.0778928372638,1882.381940197212,1909.261474609375,23500,0.0,0.0
2018-12-18 00:00:00+09:00,1910.0762684923536,1927.9959605634972,1874.2368843500665,1914.14892578125,33400,0.0,0.0
2018-12-19 00:00:00+09:00,1905.1892201062167,1905.1892201062167,1818.0343477028969,1841.65576171875,11900,0.0,0.0
2018-12-20 00:00:00+09:00,1834.3248748224432,1834.3248748224432,1758.573447931463,1791.96923828125,15500,0.0,0.0
2018-12-21 00:00:00+09:00,1751.242552158184,1751.242552158184,1659.2005017424283,1664.9022216796875,18100,0.0,0.0
2018-12-24 00:00:00+09:00,1664.9022216796875,1664.9022216796875,1664.9022216796875,1664.9022216796875,0,0.0,0.0
2018-12-25 00:00:00+09:00,1428.6880382595607,1491.4069544203282,1427.0589755021383,1452.3094482421875,26700,0.0,0.0
2018-12-26 00:00:00+09:00,1484.8907133210503,1484.8907133210503,1398.5503866002432,1422.986328125,16800,0.0,0.0
2018-12-27 00:00:00+09:00,1585.89255629221,1748.798828125,1502.8103576574872,1748.798828125,34200,0.0,0.0
2018-12-28 00:00:00+09:00,1738.2099025901305,1775.6783447265625,1719.4756815219143,1775.6783447265625,32700,0.0,0.0
2018-12-31 00:00:00+09:00,1775.6783447265625,1775.6783447265625,1775.6783447265625,1775.6783447265625,0,0.0,0.0
2019-01-04 00:00:00+09:00,1734.9518949995593,1760.2023685887548,1695.0398561005084,1732.50830078125,22500,0.0,0.0
2019-01-07 00:00:00+09:00,1773.2348539603338,1854.6879937839597,1751.2425062079549,1770.791259765625,17500,0.0,0.0
2019-01-08 00:00:00+09:00,1755.3152133003841,1773.2349045730564,1732.5083334988014,1762.64599609375,12200,0.0,0.0
2019-01-09 00:00:00+09:00,1763.4606440070559,1783.0093994140625,1730.0648535200862,1783.0093994140625,32200,0.0,0.0
2019-01-10 00:00:00+09:00,1735.7661755297727,1796.8560221579908,1733.3225816646438,1761.8311767578125,43600,0.0,0.0
2019-01-11 00:00:00+09:00,1761.831402222868,1761.831402222868,1748.798899941053,1756.9442138671875,3500,0.0,0.0
2019-01-15 00:00:00+09:00,1756.1299023347742,1772.4205322265625,1740.6538039375753,1772.4205322265625,3300,0.0,0.0
2019-01-16 00:00:00+09:00,1751.242406716756,1760.2022515883302,1749.6133440128335,1755.3150634765625,3700,0.0,0.0
2019-01-17 00:00:00+09:00,1751.242431640625,1765.0894648210392,1747.1697748228562,1751.242431640625,7200,0.0,0.0
2019-01-18 00:00:00+09:00,1751.2421826975997,1780.5653076171875,1714.5882765481151,1780.5653076171875,17800,0.0,0.0
2019-01-21 00:00:00+09:00,1790.340175337358,1791.96923828125,1760.202510875355,1791.96923828125,7000,0.0,0.0
2019-01-22 00:00:00+09:00,1782.1948171132474,1791.1546630859375,1751.2426219348638,1791.1546630859375,1600,0.0,0.0
2019-01-23 00:00:00+09:00,1750.4278030075393,1775.678273874563,1738.2098332331732,1747.169677734375,1500,0.0,0.0
2019-01-24 00:00:00+09:00,1747.1696833974308,1747.1696833974308,1733.3226509416004,1738.2098388671875,1500,0.0,0.0
2019-01-25 00:00:00+09:00,1750.427909396342,1761.0168171777066,1706.4432155352893,1721.9193115234375,15200,0.0,0.0
2019-01-28 00:00:00+09:00,1721.9194915669418,1747.1699666088412,1704.8143310546875,1704.8143310546875,7300,0.0,0.0
2019-01-29 00:00:00+09:00,1718.6612492542101,1719.475780651961,1683.6363991509254,1695.8543701171875,6900,0.0,0.0
2019-01-30 00:00:00+09:00,1695.8543324368777,1719.4757424468053,1673.8619851862552,1717.8466796875,10600,0.0,0.0
2019-01-31 00:00:00+09:00,1718.66115079686,1718.66115079686,1684.4508340511404,1691.7816162109375,9300,0.0,0.0
2019-02-01 00:00:00+09:00,1676.3054212428524,1679.5635464542088,1616.8446361355986,1655.942138671875,10100,0.0,0.0
2019-02-04 00:00:00+09:00,1688.5233308679917,1688.5233308679917,1574.488952517042,1661.643798828125,12400,0.0,0.0
2019-02-05 00:00:00+09:00,1633.1354344832876,1716.2176361377988,1633.1354344832876,1690.9671630859375,10600,0.0,0.0
2019-02-06 00:00:00+09:00,1708.0723338171867,1736.5809326171875,1690.9671745371863,1736.5809326171875,7600,0.0,0.0
2019-02-07 00:00:00+09:00,1695.8540956294737,1749.6131591796875,1695.8540956294737,1749.6131591796875,7400,0.0,0.0
2019-02-08 00:00:00+09:00,1728.4357196923459,1737.395565553145,1718.6613423896558,1720.2904052734375,7900,0.0,0.0
2019-02-12 00:00:00+09:00,1688.5235251553086,1711.3304034497364,1638.0225803605044,1690.152587890625,11800,0.0,0.0
2019-02-13 00:00:00+09:00,1695.039831508615,1742.2826523771876,1695.039831508615,1736.5809326171875,6100,0.0,0.0
2019-02-14 00:00:00+09:00,1711.3302326300022,1750.427734375,1711.3302326300022,1750.427734375,3400,0.0,0.0
2019-02-15 00:00:00+09:00,1735.766127659178,1769.1619095615836,1727.6208150000546,1749.6131591796875,6500,0.0,0.0
2019-02-18 00:00:00+09:00,1721.9194176015035,1765.0895827542374,1721.9194176015035,1728.4356689453125,4000,0.0,0.0
2019-02-19 00:00:00+09:00,1743.9117776907285,1747.169903384686,1706.443332210218,1742.28271484375,7200,0.0,0.0
2019-02-20 00:00:00+09:00,1742.28271484375,1742.28271484375,1707.2578636337073,1742.28271484375,8200,0.0,0.0
2019-02-21 00:00:00+09:00,1790.339995607805,1791.969058388158,1700.7415426883972,1702.37060546875,18900,0.0,0.0
2019-02-22 00:00:00+09:00,1708.0722397617492,1879.9383544921875,1708.0722397617492,1879.9383544921875,26700,0.0,0.0
2019-02-25 00:00:00+09:00,1841.6556656350824,1853.8736377644616,1751.242671877677,1783.0093994140625,13200,0.0,0.0
2019-02-26 00:00:00+09:00,1783.0092722598406,1789.5255235974737,1741.46816998243,1760.202392578125,13800,0.0,0.0
2019-02-27 00:00:00+09:00,1760.2023646698567,1779.7511183728072,1716.2176688382174,1752.87158203125,14300,0.0,0.0
2019-02-28 00:00:00+09:00,1774.0494822291619,1774.864013671875,1712.9596240256783,1774.864013671875,10200,0.0,0.0
2019-03-01 00:00:00+09:00,1774.8639277299958,1824.5503433295964,1767.5331451005466,1816.405029296875,6600,0.0,0.0
2019-03-04 00:00:00+09:00,1695.8543601936394,1863.6478271484375,1687.7090462637948,1863.6478271484375,18200,0.0,0.0
2019-03-05 00:00:00+09:00,1862.0185151832318,1872.607421875,1821.2919509841236,1872.607421875,8100,0.0,0.0
2019-03-06 00:00:00+09:00,1883.1964919790298,1883.1964919790298,1817.219452251391,1862.0186767578125,5200,0.0,0.0
2019-03-07 00:00:00+09:00,1843.2846470743104,1870.1641845703125,1826.179486849582,1870.1641845703125,2300,0.0,0.0
2019-03-08 00:00:00+09:00,1832.6956479604007,1832.6956479604007,1789.5254838084447,1813.96142578125,6300,0.0,0.0
2019-03-11 00:00:00+09:00,1773.234674897065,1814.7757720122465,1773.234674897065,1808.259521484375,3100,0.0,0.0
2019-03-12 00:00:00+09:00,1809.0743642697867,1825.3649933942331,1790.340140776673,1793.5982666015625,2100,0.0,0.0
2019-03-13 00:00:00+09:00,1798.485237561533,1798.485237561533,1735.766323027005,1737.3953857421875,4800,0.0,0.0
2019-03-14 00:00:00+09:00,1748.7990157296656,1751.2426100692971,1679.5638427734375,1679.5638427734375,8100,0.0,0.0
2019-03-15 00:00:00+09:00,1662.4586410446998,1698.2980238011753,1642.0953553876113,1646.9825439453125,8400,0.0,0.0
2019-03-18 00:00:00+09:00,1687.708975572966,1721.919292645391,1679.5636619842933,1717.0321044921875,3100,0.0,0.0
2019-03-19 00:00:00+09:00,1712.1450430766472,1739.839111328125,1712.1450430766472,1739.839111328125,1400,0.0,0.0
2019-03-20 00:00:00+09:00,1757.7586575324463,1779.751004035401,1748.7988126608723,1755.3150634765625,8600,0.0,0.0
2019-03-22 00:00:00+09:00,1730.064456511139,1767.5328957764461,1730.064456511139,1761.8311767578125,3400,0.0,0.0
2019-03-25 00:00:00+09:00,1761.8311767578125,1761.8311767578125,1761.8311767578125,1761.8311767578125,0,0.0,0.0
2019-03-26 00:00:00+09:00,1714.58847024316,1742.282535795781,1713.773938903377,1727.6209716796875,2400,0.0,0.0
2019-03-27 00:00:00+09:00,1750.428075197126,1760.2024525365237,1690.9672797157903,1754.500732421875,4000,0.0,0.0
2019-03-28 00:00:00+09:00,1721.1047423096866,1736.5808379575258,1638.0225446212871,1712.1448974609375,8300,0.0,0.0
2019-03-29 00:00:00+09:00,1712.1448999881516,1712.1448999881516,1678.7491145935205,1691.7816162109375,10000,0.0,0.0
2019-04-01 00:00:00+09:00,1709.7012116678152,1747.9841830581854,1694.2251168504313,1699.1123046875,8600,0.0,0.0
2019-04-02 00:00:00+09:00,1716.2174621172398,1734.9516821593359,1690.152460319541,1699.1123046875,7900,0.0,0.0
2019-04-03 00:00:00+09:00,1684.45081067119,1742.282535795781,1684.45081067119,1727.6209716796875,5300,0.0,0.0
2019-04-04 00:00:00+09:00,1728.4355909234043,1728.4355909234043,1694.2252729126678,1697.4833984375,4100,0.0,0.0
2019-04-05 00:00:00+09:00,1657.5712795708125,1683.6362824928106,1651.0550288403128,1655.127685546875,12600,0.0,0.0
2019-04-08 00:00:00+09:00,1668.9749430732636,1701.556201112761,1655.9424398574645,1682.0074462890625,9200,0.0,0.0
2019-04-09 00:00:00+09:00,1662.4585243187882,1669.789306640625,1654.3132106278583,1669.789306640625,1000,0.0,0.0
2019-04-10 00:00:00+09:00,1653.4987261547153,1669.7893539986042,1643.724349448382,1650.2406005859375,3100,0.0,0.0
2019-04-11 00:00:00+09:00,1638.837092778248,1654.313188584802,1638.837092778248,1653.4986572265625,1600,0.0,0.0
2019-04-12 00:00:00+09:00,1662.4584179017966,1673.8618563391437,1638.8370097101495,1663.27294921875,4100,0.0,0.0
2019-04-15 00:00:00+09:00,1663.2729552785652,1717.8465537132683,1663.2729552785652,1706.443115234375,2900,0.0,0.0
2019-04-16 00:00:00+09:00,1704.8141621052234,1725.1774464113057,1690.152597404844,1724.3629150390625,5100,0.0,0.0
2019-04-17 00:00:00+09:00,1689.338075172244,1785.4527776169523,1689.338075172244,1758.5732421875,9100,0.0,0.0
2019-04-18 00:00:00+09:00,1742.282561845182,1767.5330337559817,1734.9517796775303,1755.3150634765625,5100,0.0,0.0
2019-04-19 00:00:00+09:00,1774.049309820131,1775.6783725472385,1751.242431640625,1751.242431640625,4000,0.0,0.0
2019-04-22 00:00:00+09:00,1758.573100953339,1781.3799776678798,1733.3226303050976,1753.6859130859375,4400,0.0,0.0
2019-04-23 00:00:00+09:00,1763.4606857860788,1794.4128825804767,1738.210209453807,1772.4205322265625,29000,0.0,0.0
2019-04-24 00:00:00+09:00,1719.2351253295003,1719.2351253295003,1671.409879636881,1686.252197265625,8300,26.5,0.0
2019-04-25 00:00:00+09:00,1686.2523830638213,1686.2523830638213,1658.216891120462,1682.1295166015625,6900,0.0,0.0
2019-04-26 00:00:00+09:00,1668.1118172338452,1720.0599361096397,1668.1118172338452,1702.743896484375,2500,0.0,0.0
2019-05-07 00:00:00+09:00,1668.1119553324631,1692.8491568450552,1668.1119553324631,1678.0068359375,1900,0.0,0.0
2019-05-08 00:00:00+09:00,1678.0065143687282,1678.0065143687282,1658.2167569511118,1663.98876953125,1900,0.0,0.0
2019-05-09 00:00:00+09:00,1664.813634137521,1668.111927617734,1649.9713134765625,1649.9713134765625,1400,0.0,0.0
2019-05-10 00:00:00+09:00,1649.9711776678255,1669.7609369202132,1597.198486328125,1597.198486328125,11300,0.0,0.0
2019-05-13 00:00:00+09:00,1630.1811876701586,1645.0235050085819,1630.1811876701586,1632.6549072265625,900,0.0,0.0
2019-05-14 00:00:00+09:00,1595.549295391614,1628.5322265625,1594.7247221123416,1628.5322265625,1300,0.0,0.0
2019-05-15 00:00:00+09:00,1628.5323604964233,1646.672974132333,1607.9180268192536,1612.0408935546875,3800,0.0,0.0
2019-05-16 00:00:00+09:00,1612.0406259125582,1651.62014000146,1600.496600969962,1610.3914794921875,8200,0.0,0.0
2019-05-17 00:00:00+09:00,1594.724795673077,1637.602608173077,1593.9002223557693,1607.91796875,2700,0.0,0.0
2019-05-20 00:00:00+09:00,1673.8837667812422,1714.287857703548,1653.269434678025,1689.5506591796875,7200,0.0,0.0
2019-05-21 00:00:00+09:00,1678.831175364454,1688.7260545905708,1656.5676971056919,1661.51513671875,3900,0.0,0.0
2019-05-22 00:00:00+09:00,1661.5151600797517,1683.77863865154,1659.041440238442,1663.164306640625,2300,0.0,0.0
2019-05-23 00:00:00+09:00,1660.6906109978172,1682.1295166015625,1660.6906109978172,1682.1295166015625,300,0.0,0.0
2019-05-24 00:00:00+09:00,1681.3046951219512,1690.375,1669.7606707317073,1690.375,9900,0.0,0.0
2019-05-27 00:00:00+09:00,1674.7083560665862,1681.3049424026435,1664.8134765625,1664.8134765625,1400,0.0,0.0
2019-05-28 00:00:00+09:00,1665.638101346477,1665.638101346477,1608.7425424390972,1625.2340087890625,6000,0.0,0.0
2019-05-29 00:00:00+09:00,1622.760191200658,1625.2339110043174,1544.4257307514392,1566.689208984375,7900,0.0,0.0
2019-05-30 00:00:00+09:00,1546.8995361328125,1552.671549327338,1546.074962819309,1546.8995361328125,2200,0.0,0.0
2019-05-31 00:00:00+09:00,1546.8994190342812,1548.5485655364498,1531.232527263678,1538.6536865234375,6200,0.0,0.0
2019-06-03 00:00:00+09:00,1531.2326714935725,1539.4784047810986,1488.3548583984375,1488.3548583984375,1100,0.0,0.0
2019-06-04 00:00:00+09:00,1488.354764926679,1488.354764926679,1474.3370192182283,1481.7581787109375,7000,0.0,0.0
2019-06-05 00:00:00+09:00,1510.6183267337328,1516.3903399909032,1494.1268602846746,1504.8463134765625,4700,0.0,0.0
2019-06-06 00:00:00+09:00,1504.846319193354,1505.6708925189394,1485.0565593793044,1496.6005859375,3700,0.0,0.0
2019-06-07 00:00:00+09:00,1504.8463897705078,1504.8463897705078,1459.494854736328,1484.2320556640625,9000,0.0,0.0
2019-06-10 00:00:00+09:00,1517.214719196674,1517.214719196674,1492.4775226880324,1499.898681640625,4300,0.0,0.0
2019-06-11 00:00:00+09:00,1492.4776681574886,1560.092678538104,1492.4776681574886,1518.864013671875,9000,0.0,0.0
2019-06-12 00:00:00+09:00,1525.4606701078867,1580.707083565848,1525.4606701078867,1541.1275634765625,3500,0.0,0.0
2019-06-13 00:00:00+09:00,1532.0570231427882,1554.320499797716,1524.6358642578125,1524.6358642578125,4700,0.0,0.0
2019-06-14 00:00:00+09:00,1524.6360967726935,1541.952136811756,1509.7937767392111,1541.1275634765625,6600,0.0,0.0
2019-06-17 00:00:00+09:00,1541.1274080261328,1555.9697265625,1541.1274080261328,1555.9697265625,1900,0.0,0.0
2019-06-18 00:00:00+09:00,1555.1452465369393,1564.2155528529024,1537.0046339050132,1562.56640625,4600,0.0,0.0
2019-06-19 00:00:00+09:00,1562.5665962782907,1600.4969727578693,1562.5665962782907,1584.830078125,6400,0.0,0.0
2019-06-20 00:00:00+09:00,1584.82993854303,1602.970551783377,1537.004685454843,1574.93505859375,8800,0.0,0.0
2019-06-21 00:00:00+09:00,1587.3034742480882,1595.5492065818446,1537.8290802455504,1553.4959716796875,6000,0.0,0.0
2019-06-24 00:00:00+09:00,1520.5130027783443,1541.951906288234,1487.5300743015907,1516.39013671875,14200,0.0,0.0
2019-06-25 00:00:00+09:00,1499.0741582598005,1514.7410499027799,1477.63525390625,1477.63525390625,6800,0.0,0.0
2019-06-26 00:00:00+09:00,1475.985881748484,1475.985881748484,1401.7743011019122,1436.4063720703125,16900,0.0,0.0
2019-06-27 00:00:00+09:00,1445.4768886912952,1461.1437802401456,1430.634570381858,1451.2489013671875,22200,0.0,0.0
2019-06-28 00:00:00+09:00,1418.2660391296563,1450.4243969936426,1418.2660391296563,1438.88037109375,18800,0.0,0.0
2019-07-01 00:00:00+09:00,1458.6700654296876,1466.091224609375,1423.2134160156252,1443.003173828125,14700,0.0,0.0
2019-07-02 00:00:00+09:00,1445.4767435917947,1469.3893651343858,1445.4767435917947,1449.599609375,7900,0.0,0.0
2019-07-03 00:00:00+09:00,1449.599754888361,1461.1437802401456,1431.4591436212713,1451.2489013671875,4100,0.0,0.0
2019-07-04 00:00:00+09:00,1461.1437447753628,1461.968317994762,1443.0031339485806,1448.775146484375,3700,0.0,0.0
2019-07-05 00:00:00+09:00,1448.775146484375,1456.1963054589676,1436.4065481933872,1448.775146484375,7700,0.0,0.0
2019-07-08 00:00:00+09:00,1452.898222381162,1465.2668224581867,1451.2490757042253,1463.61767578125,2800,0.0,0.0
2019-07-09 00:00:00+09:00,1456.196361092835,1480.1089853689914,1455.3717878419332,1478.4598388671875,5200,0.0,0.0
2019-07-10 00:00:00+09:00,1476.8106245192807,1490.828369140625,1455.371720980754,1490.828369140625,5500,0.0,0.0
2019-07-11 00:00:00+09:00,1490.8285610615353,1499.8988675724186,1475.1616679972824,1495.7760009765625,4200,0.0,0.0
2019-07-12 00:00:00+09:00,1495.7757290987754,1510.618046146062,1471.863107189258,1502.372314453125,8900,0.0,0.0
2019-07-16 00:00:00+09:00,1487.5301298726342,1521.337632824285,1453.7226269209837,1503.197021484375,8800,0.0,0.0
2019-07-17 00:00:00+09:00,1503.19689180151,1503.19689180151,1460.3190868790314,1494.1265869140625,8600,0.0,0.0
2019-07-18 00:00:00+09:00,1494.1265827601878,1503.1968876224187,1475.1613998664327,1502.372314453125,8900,0.0,0.0
2019-07-19 00:00:00+09:00,1496.6003816317668,1497.4249548447872,1477.6351977323009,1490.828369140625,22700,0.0,0.0
2019-07-22 00:00:00+09:00,1481.7582660769629,1499.0743059142562,1469.3896661931817,1496.6005859375,4100,0.0,0.0
2019-07-23 00:00:00+09:00,1495.7761294075233,1522.1624778865976,1468.5652075384778,1487.5303955078125,17500,0.0,0.0
2019-07-24 00:00:00+09:00,1475.986109300667,1500.723306663248,1467.7403768464733,1494.9512939453125,6200,0.0,0.0
2019-07-25 00:00:00+09:00,1488.354618678186,1488.354618678186,1461.1437032120475,1480.10888671875,9100,0.0,0.0
2019-07-26 00:00:00+09:00,1480.1090717908687,1480.1090717908687,1434.7575403432377,1458.670166015625,11500,0.0,0.0
2019-07-29 00:00:00+09:00,1460.3191672267988,1508.9689870271268,1435.5819707181572,1499.898681640625,7400,0.0,0.0
2019-07-30 00:00:00+09:00,1499.8989373846368,1500.7235107421875,1485.056616948725,1500.7235107421875,11200,0.0,0.0
2019-07-31 00:00:00+09:00,1499.074257668969,1499.074257668969,1443.003273333716,1458.670166015625,18400,0.0,0.0
2019-08-01 00:00:00+09:00,1460.3192489606822,1469.3895548548478,1458.6701024344702,1462.79296875,2300,0.0,0.0
2019-08-02 00:00:00+09:00,1460.3191762748418,1460.3191762748418,1438.0556992791214,1440.5294189453125,4800,0.0,0.0
2019-08-05 00:00:00+09:00,1433.9331117522997,1433.9331117522997,1402.5993232263727,1425.6873779296875,6300,0.0,0.0
2019-08-06 00:00:00+09:00,1397.651576048939,1413.3184668719064,1381.1601120247626,1395.1778564453125,11800,0.0,0.0
2019-08-07 00:00:00+09:00,1410.0203220378553,1414.1431884765625,1391.0551364198025,1414.1431884765625,1300,0.0,0.0
2019-08-08 00:00:00+09:00,1415.7921730954195,1426.5116246098287,1415.7921730954195,1419.9150390625,1000,0.0,0.0
2019-08-09 00:00:00+09:00,1428.1607153292218,1433.108154296875,1426.511569006671,1433.108154296875,1300,0.0,0.0
2019-08-13 00:00:00+09:00,1432.2839006998136,1432.2839006998136,1410.0204203780547,1429.8101806640625,1800,0.0,0.0
2019-08-14 00:00:00+09:00,1414.9677014528752,1414.9677014528752,1385.2830643594582,1392.7042236328125,9000,0.0,0.0
2019-08-15 00:00:00+09:00,1385.2831119639732,1425.687202729589,1385.2831119639732,1413.318603515625,5400,0.0,0.0
2019-08-16 00:00:00+09:00,1423.2132880730217,1452.0733489551512,1423.2132880730217,1433.9327392578125,7300,0.0,0.0
2019-08-19 00:00:00+09:00,1443.0035216487086,1450.4246826171875,1424.862905947982,1450.4246826171875,2200,0.0,0.0
2019-08-20 00:00:00+09:00,1440.5295935294143,1460.3193532573514,1433.108433631438,1452.898193359375,9400,0.0,0.0
2019-08-21 00:00:00+09:00,1449.5999409500703,1452.8982343310718,1410.0204203780547,1429.8101806640625,6800,0.0,0.0
2019-08-22 00:00:00+09:00,1429.8100650295487,1438.88037109375,1423.2134788010387,1438.88037109375,2400,0.0,0.0
2019-08-23 00:00:00+09:00,1448.7750767907432,1448.7750767907432,1400.9498323662337,1418.265869140625,9000,0.0,0.0
2019-08-26 00:00:00+09:00,1385.2832610812316,1411.6696089113502,1383.634114341849,1389.4061279296875,4800,0.0,0.0
2019-08-27 00:00:00+09:00,1389.4059922547056,1389.4059922547056,1353.1247675311406,1353.9493408203125,8100,0.0,0.0
2019-08-28 00:00:00+09:00,1353.9493095435905,1353.9493095435905,1306.9486331465232,1325.913818359375,36800,0.0,0.0
2019-08-29 00:00:00+09:00,1321.7909869070306,1335.8087328692388,1320.9664136151362,1328.3875732421875,2900,0.0,0.0
2019-08-30 00:00:00+09:00,1361.3703966843202,1361.3703966843202,1320.1417353674117,1320.96630859375,8900,0.0,0.0
2019-09-02 00:00:00+09:00,1332.510438777516,1332.510438777516,1307.7732400378343,1311.071533203125,4900,0.0,0.0
2019-09-03 00:00:00+09:00,1316.843546242384,1318.4926928250295,1309.4223866204795,1311.071533203125,4300,0.0,0.0
2019-09-04 00:00:00+09:00,1297.0538330078125,1303.6504195711072,1297.0538330078125,1297.0538330078125,3300,0.0,0.0
2019-09-05 00:00:00+09:00,1302.8258002898979,1313.5452530770933,1302.0012269985752,1311.071533203125,3500,0.0,0.0
2019-09-06 00:00:00+09:00,1312.7206797857705,1317.6681195337069,1306.9486667465114,1311.071533203125,5000,0.0,0.0
2019-09-09 00:00:00+09:00,1318.4926928250295,1321.7909859903205,1301.1766537072524,1311.071533203125,6700,0.0,0.0
2019-09-10 00:00:00+09:00,1311.071533203125,1326.7384257382569,1302.8258002898979,1311.071533203125,3400,0.0,0.0
2019-09-11 00:00:00+09:00,1323.440226035916,1343.2299864252384,1312.7207724917,1334.9842529296875,6100,0.0,0.0
2019-09-12 00:00:00+09:00,1327.5629990295795,1335.8087319428066,1311.071533203125,1311.071533203125,13100,0.0,0.0
2019-09-13 00:00:00+09:00,1311.071461721854,1355.598417025615,1311.071461721854,1349.0018310546875,5400,0.0,0.0
2019-09-17 00:00:00+09:00,1346.5282154553042,1348.1773620755803,1331.6858958728208,1339.1070556640625,3000,0.0,0.0
2019-09-18 00:00:00+09:00,1344.0544065710615,1344.0544065710615,1323.4400751819348,1324.2646484375,5400,0.0,0.0
2019-09-19 00:00:00+09:00,1325.0892333984375,1353.1247243353055,1323.4400868727394,1325.0892333984375,13300,0.0,0.0
2019-09-20 00:00:00+09:00,1342.4053724574985,1378.6865987401336,1334.9842125360503,1358.072265625,32100,0.0,0.0
2019-09-24 00:00:00+09:00,1366.3178944923995,1377.0373468933658,1347.3527094753051,1367.967041015625,7300,0.0,0.0
2019-09-25 00:00:00+09:00,1375.3882135122324,1400.9499848664766,1364.6687610088397,1386.107666015625,32500,0.0,0.0
2019-09-26 00:00:00+09:00,1386.9321827121391,1455.3717612883029,1386.9321827121391,1399.30078125,40100,0.0,0.0
2019-09-27 00:00:00+09:00,1400.1257553998162,1405.0731962316177,1393.5291676240809,1401.77490234375,7800,0.0,0.0
2019-09-30 00:00:00+09:00,1401.7743869842911,1407.546399165991,1380.3354845951196,1382.8092041015625,23300,0.0,0.0
2019-10-01 00:00:00+09:00,1401.7745126964628,1404.2482324247505,1393.5287802688365,1400.1253662109375,19700,0.0,0.0
2019-10-02 00:00:00+09:00,1386.9323727601566,1424.862746807105,1385.2832260624632,1404.2484130859375,4900,0.0,0.0
2019-10-03 00:00:00+09:00,1383.6342859604779,1415.7926513671875,1383.6342859604779,1401.77490234375,6800,0.0,0.0
2019-10-04 00:00:00+09:00,1395.177898661892,1425.6871080297938,1395.177898661892,1406.721923828125,2600,0.0,0.0
2019-10-07 00:00:00+09:00,1422.3887720852033,1424.037918487621,1395.1778564453125,1395.1778564453125,3100,0.0,0.0
2019-10-08 00:00:00+09:00,1395.1778564453125,1418.2659060791593,1395.1778564453125,1395.1778564453125,3600,0.0,0.0
2019-10-09 00:00:00+09:00,1395.1783145680147,1408.3714901194853,1395.1783145680147,1401.77490234375,500,0.0,0.0
2019-10-10 00:00:00+09:00,1402.5989242061491,1412.4938019783267,1397.6514853200606,1405.897216796875,2200,0.0,0.0
2019-10-11 00:00:00+09:00,1414.14321729574,1414.14321729574,1401.7746177275556,1407.546630859375,2700,0.0,0.0
2019-10-15 00:00:00+09:00,1401.774589160441,1427.3363610804256,1401.774589160441,1414.1431884765625,4900,0.0,0.0
2019-10-16 00:00:00+09:00,1414.967751204521,1438.055803088977,1414.967751204521,1430.6346435546875,700,0.0,0.0
2019-10-17 00:00:00+09:00,1423.21346075605,1435.5820597776842,1422.388887487941,1428.9854736328125,1200,0.0,0.0
2019-10-18 00:00:00+09:00,1433.9327392578125,1433.9327392578125,1422.3887149049608,1433.9327392578125,3500,0.0,0.0
2019-10-21 00:00:00+09:00,1439.7047514342385,1439.7047514342385,1422.3887149049608,1433.9327392578125,3500,0.0,0.0
2019-10-23 00:00:00+09:00,1426.5118581981314,1434.7575914825138,1418.2661249137493,1419.0906982421875,9300,0.0,0.0
2019-10-24 00:00:00+09:00,1418.2663717830883,1447.951016773897,1401.77490234375,1401.77490234375,16000,0.0,0.0
2019-10-25 00:00:00+09:00,1402.5990976711946,1409.1956836684724,1400.1253779222154,1400.949951171875,8200,0.0,0.0
2019-10-28 00:00:00+09:00,1400.950328871783,1405.0731962316177,1398.4766084558823,1401.77490234375,5300,0.0,0.0
2019-10-29 00:00:00+09:00,1410.0204676502156,1411.6696143960053,1398.4764404296875,1398.4764404296875,57700,0.0,0.0
2019-10-30 00:00:00+09:00,1405.5963750125934,1429.0509033203125,1394.7067725840095,1429.0509033203125,9000,26.5,0.0
2019-10-31 00:00:00+09:00,1407.2717436393805,1429.8886109478706,1407.2717436393805,1419.836669921875,4900,0.0,0.0
2019-11-01 00:00:00+09:00,1419.8366087784364,1433.239196235932,1416.4859619140625,1416.4859619140625,2800,0.0,0.0
2019-11-05 00:00:00+09:00,1422.349944709329,1425.700592400046,1420.6746208639706,1424.0252685546875,24900,0.0,0.0
2019-11-06 00:00:00+09:00,1429.8882905839478,1438.264906228845,1425.6999827614993,1430.7259521484375,7400,0.0,0.0
2019-11-07 00:00:00+09:00,1435.7523341602812,1445.8042758230135,1432.4016869393704,1441.615966796875,7200,0.0,0.0
2019-11-08 00:00:00+09:00,1441.6159361907376,1449.1548922777315,1439.1029508284062,1443.291259765625,4600,0.0,0.0
2019-11-11 00:00:00+09:00,1446.6419371323063,1456.6938787915929,1446.6419371323063,1448.3172607421875,3500,0.0,0.0
2019-11-12 00:00:00+09:00,1449.992341811359,1480.148161745044,1446.6416951520607,1468.4208984375,7500,0.0,0.0
2019-11-13 00:00:00+09:00,1467.5831591740814,1467.5831591740814,1457.5312197276837,1459.20654296875,2300,0.0,0.0
2019-11-14 00:00:00+09:00,1459.2067718418316,1465.9080658571788,1457.531448337995,1460.04443359375,2000,0.0,0.0
2019-11-15 00:00:00+09:00,1459.2067413592406,1466.7456969690186,1455.0184326871417,1461.7197265625,2500,0.0,0.0
2019-11-18 00:00:00+09:00,1461.719925452923,1461.719925452923,1450.8303214237608,1457.5316162109375,5200,0.0,0.0
2019-11-19 00:00:00+09:00,1457.531643107786,1490.2004557981331,1457.531643107786,1482.6614990234375,4600,0.0,0.0
2019-11-20 00:00:00+09:00,1495.2263502758913,1495.2263502758913,1434.914699172326,1480.1484375,9400,0.0,0.0
2019-11-21 00:00:00+09:00,1478.4729150558228,1483.4988853053044,1455.0183872249088,1464.232666015625,5200,0.0,0.0
2019-11-22 00:00:00+09:00,1481.8236086026825,1501.927490234375,1481.8236086026825,1501.927490234375,6800,0.0,0.0
2019-11-25 00:00:00+09:00,1501.9276752332073,1507.7913080980331,1471.7718490712466,1485.1744384765625,22400,0.0,0.0
2019-11-26 00:00:00+09:00,1494.3886388614367,1549.6743172049653,1494.3886388614367,1536.271728515625,3900,0.0,0.0
2019-11-27 00:00:00+09:00,1536.2716826645005,1562.2391974750783,1534.5963591283341,1538.78466796875,9300,0.0,0.0
2019-11-28 00:00:00+09:00,1552.1871337890625,1556.3754422990169,1536.2715614512363,1552.1871337890625,7600,0.0,0.0
2019-11-29 00:00:00+09:00,1562.2392275411637,1568.1028600305942,1549.674300778098,1557.2132568359375,11300,0.0,0.0
2019-12-02 00:00:00+09:00,1548.836653829004,1575.6418311802904,1539.6223741144995,1563.076904296875,8900,0.0,0.0
2019-12-03 00:00:00+09:00,1561.4016711920308,1582.3432172112373,1537.9471396505196,1571.45361328125,15700,0.0,0.0
2019-12-04 00:00:00+09:00,1539.622163049106,1569.777983435269,1539.622163049106,1554.7000732421875,5800,0.0,0.0
2019-12-05 00:00:00+09:00,1549.674209782101,1574.8040618326215,1549.674209782101,1568.9404296875,4900,0.0,0.0
2019-12-06 00:00:00+09:00,1575.641602144095,1597.4208055761771,1553.862398712013,1582.3428955078125,13500,0.0,0.0
2019-12-09 00:00:00+09:00,1598.2586059570312,1598.2586059570312,1581.50537109375,1581.50537109375,2200,0.0,0.0
2019-12-10 00:00:00+09:00,1574.8039404736303,1594.907820564783,1558.0507070643364,1582.3428955078125,5000,0.0,0.0
2019-12-11 00:00:00+09:00,1581.505555370469,1581.505555370469,1569.7782895997134,1571.45361328125,4900,0.0,0.0
2019-12-12 00:00:00+09:00,1591.5576017762032,1601.6095445242636,1591.5576017762032,1592.395263671875,2300,0.0,0.0
2019-12-13 00:00:00+09:00,1592.3948984121346,1641.8169389204545,1587.3689281909496,1612.498779296875,10800,0.0,0.0
2019-12-16 00:00:00+09:00,1656.0572812063817,1715.5312655086848,1646.0053401975417,1687.888427734375,14200,0.0,0.0
2019-12-17 00:00:00+09:00,1687.8885663617718,1687.8885663617718,1658.5704026780686,1673.6483154296875,9000,0.0,0.0
2019-12-18 00:00:00+09:00,1651.0312653667886,1661.0832060996154,1646.0052950003753,1656.8948974609375,5600,0.0,0.0
2019-12-19 00:00:00+09:00,1656.8949430770074,1674.48583984375,1637.62872280867,1674.48583984375,3800,0.0,0.0
2019-12-20 00:00:00+09:00,1671.972899191506,1705.4793701171875,1648.518369543529,1705.4793701171875,21100,0.0,0.0
2019-12-23 00:00:00+09:00,1675.323378164557,1675.323378164557,1595.7455177017405,1654.3818359375,15800,0.0,0.0
2019-12-24 00:00:00+09:00,1638.4665220609359,1668.6223476203397,1635.9535365976524,1640.141845703125,10600,0.0,0.0
2019-12-25 00:00:00+09:00,1640.1416461146434,1643.4922929912823,1591.5572664033823,1597.4208984375,10100,0.0,0.0
2019-12-26 00:00:00+09:00,1599.9340200473607,1625.901535555983,1590.719740350753,1616.687255859375,28600,0.0,0.0
2019-12-27 00:00:00+09:00,1620.8755175560307,1666.1092529296875,1581.5054145456259,1666.1092529296875,16400,0.0,0.0
2019-12-30 00:00:00+09:00,1666.1092071533203,1690.4013977050781,1653.5442810058594,1682.0247802734375,40100,0.0,0.0
2020-01-06 00:00:00+09:00,1683.7000732421875,1712.1805719935478,1683.7000732421875,1683.7000732421875,15200,0.0,0.0
2020-01-07 00:00:00+09:00,1699.615816830032,1699.615816830032,1606.635355682603,1667.78466796875,18500,0.0,0.0
2020-01-08 00:00:00+09:00,1667.7846067806233,1672.8105774690632,1638.466444431391,1671.13525390625,5000,0.0,0.0
2020-01-09 00:00:00+09:00,1675.3233028557115,1685.3752426728458,1667.7843479928608,1671.97265625,5800,0.0,0.0
2020-01-10 00:00:00+09:00,1669.4597162434077,1672.8103629393302,1661.0830995036013,1662.7584228515625,2200,0.0,0.0
2020-01-14 00:00:00+09:00,1666.1091311650093,1673.6480865096473,1665.2714694600495,1672.8104248046875,1800,0.0,0.0
2020-01-15 00:00:00+09:00,1666.1091311650093,1673.6480865096473,1665.2714694600495,1672.8104248046875,1800,0.0,0.0
2020-01-16 00:00:00+09:00,1661.9210505653266,1671.9729924034232,1661.9210505653266,1666.947021484375,900,0.0,0.0
2020-01-17 00:00:00+09:00,1668.6223451240578,1671.135330583582,1654.382094186754,1666.947021484375,3700,0.0,0.0
2020-01-20 00:00:00+09:00,1671.9729156876567,1675.3235628132832,1654.3820182781171,1671.13525390625,6800,0.0,0.0
2020-01-21 00:00:00+09:00,1666.9468688964844,1668.6221923828125,1658.5702514648438,1668.6221923828125,3100,0.0,0.0
2020-01-22 00:00:00+09:00,1668.622115354156,1668.622115354156,1652.70654296875,1652.70654296875,2000,0.0,0.0
2020-01-23 00:00:00+09:00,1652.7066823771415,1652.7066823771415,1559.7262253351432,1598.2586669921875,17600,0.0,0.0
2020-01-24 00:00:00+09:00,1609.148129524441,1609.148129524441,1516.1676806034557,1552.1871337890625,20800,0.0,0.0
2020-01-27 00:00:00+09:00,1525.382203636275,1542.1354403593534,1511.9796142578125,1511.9796142578125,4900,0.0,0.0
2020-01-28 00:00:00+09:00,1511.9794464111328,1511.9794464111328,1441.6158599853516,1474.28466796875,17000,0.0,0.0
2020-01-29 00:00:00+09:00,1459.2068163239555,1520.356126078059,1459.2068163239555,1491.0379638671875,10100,0.0,0.0
2020-01-30 00:00:00+09:00,1476.797498415474,1476.797498415474,1428.2131224040743,1455.85595703125,16100,0.0,0.0
2020-01-31 00:00:00+09:00,1455.855973465131,1476.7975150857458,1447.4793568168852,1468.4208984375,18700,0.0,0.0
2020-02-03 00:00:00+09:00,1415.648315857005,1439.1028441670617,1415.648315857005,1435.752197265625,10300,0.0,0.0
2020-02-04 00:00:00+09:00,1449.9925996992322,1453.3432469544587,1432.4017016092935,1447.4796142578125,3500,0.0,0.0
2020-02-05 00:00:00+09:00,1400.5703592227185,1433.2391654486073,1400.5703592227185,1418.1612548828125,55500,0.0,0.0
2020-02-06 00:00:00+09:00,1451.6675977152083,1527.8948056737102,1424.0247640599273,1526.219482421875,65200,0.0,0.0
2020-02-07 00:00:00+09:00,1528.7326664066672,1575.6417235676388,1512.8170934413374,1568.9404296875,34100,0.0,0.0
2020-02-10 00:00:00+09:00,1553.862548257999,1639.304046868412,1519.5184164636173,1614.1741943359375,30400,0.0,0.0
2020-02-12 00:00:00+09:00,1613.336410132841,1635.9532756954509,1578.9922809451741,1607.4727783203125,17600,0.0,0.0
2020-02-13 00:00:00+09:00,1590.7197107621673,1607.4729462625587,1588.2067254371086,1604.9599609375,2200,0.0,0.0
2020-02-14 00:00:00+09:00,1599.9340231548933,1599.9340231548933,1540.4600359067272,1563.076904296875,9900,0.0,0.0
2020-02-17 00:00:00+09:00,1517.8428642805231,1532.0831119034642,1511.1415712814921,1512.81689453125,6400,0.0,0.0
2020-02-18 00:00:00+09:00,1508.6287693387185,1547.9988704819277,1497.7391668948521,1529.5703125,19800,0.0,0.0
2020-02-19 00:00:00+09:00,1529.5704508328583,1532.9210980416926,1499.4146259533497,1515.3302001953125,10600,0.0,0.0
2020-02-20 00:00:00+09:00,1519.5184020996094,1539.6222839355469,1505.2781524658203,1527.89501953125,18500,0.0,0.0
2020-02-21 00:00:00+09:00,1518.6808787542557,1527.8951587687604,1493.5510241692432,1506.95361328125,23100,0.0,0.0
2020-02-25 00:00:00+09:00,1470.0962812704754,1470.0962812704754,1438.26513671875,1438.26513671875,20600,0.0,0.0
2020-02-26 00:00:00+09:00,1415.6483306067817,1424.0249479476502,1403.083404595479,1408.109375,60500,0.0,0.0
2020-02-27 00:00:00+09:00,1412.2976222712152,1424.0248860385918,1385.492447945783,1404.7586669921875,47100,0.0,0.0
2020-02-28 00:00:00+09:00,1372.9274439910926,1377.1157522399978,1325.1807299535744,1368.7391357421875,43200,0.0,0.0
2020-03-02 00:00:00+09:00,1373.7653520477486,1398.895206048622,1348.635498046875,1348.635498046875,23500,0.0,0.0
2020-03-03 00:00:00+09:00,1350.310807476272,1363.7133961360862,1307.5900561231144,1329.3692626953125,15600,0.0,0.0
2020-03-04 00:00:00+09:00,1316.80419921875,1349.4730056879175,1311.7782289927243,1316.80419921875,19200,0.0,0.0
2020-03-05 00:00:00+09:00,1317.6418602950775,1321.8301688147694,1293.3496708808643,1303.401611328125,10900,0.0,0.0
2020-03-06 00:00:00+09:00,1297.5381343279228,1302.564105151659,1256.4927059340762,1261.5186767578125,21300,0.0,0.0
2020-03-09 00:00:00+09:00,1152.6224564584782,1242.2522550348278,1149.2718097827267,1205.3951416015625,57900,0.0,0.0
2020-03-10 00:00:00+09:00,1197.8563866416898,1202.0446956858916,1148.4343399201098,1167.7005615234375,73900,0.0,0.0
2020-03-11 00:00:00+09:00,1181.1028901336042,1218.7976632229747,1181.1028901336042,1181.9405517578125,50800,0.0,0.0
2020-03-12 00:00:00+09:00,1181.9408323277978,1181.9408323277978,1112.4149010143979,1119.953857421875,37800,0.0,0.0
2020-03-13 00:00:00+09:00,1114.0902577275815,1114.0902577275815,1023.6227781527102,1098.1746826171875,54600,0.0,0.0
2020-03-16 00:00:00+09:00,1119.9540379483935,1119.9540379483935,1037.0255040988116,1070.531982421875,33400,0.0,0.0
2020-03-17 00:00:00+09:00,1045.4018407864303,1086.447265625,974.2005936174826,1086.447265625,39500,0.0,0.0
2020-03-18 00:00:00+09:00,1086.4472649364486,1086.4472649364486,1014.4083560817575,1039.5382080078125,44500,0.0,0.0
2020-03-19 00:00:00+09:00,1014.4085053599964,1014.4085053599964,882.8955942604758,921.4280395507812,53200,0.0,0.0
2020-03-23 00:00:00+09:00,858.6033899305453,902.9994676537832,858.6033899305453,888.7592163085938,58400,0.0,0.0
2020-03-24 00:00:00+09:00,913.8889767760955,956.6097263779112,883.7331535277551,930.6422119140625,160600,0.0,0.0
2020-03-25 00:00:00+09:00,980.9019628590552,990.1162426126415,939.8565348658069,971.6876831054688,125200,0.0,0.0
2020-03-26 00:00:00+09:00,970.8500213096883,983.4149482463969,950.7461382109543,971.6876831054688,41900,0.0,0.0
2020-03-27 00:00:00+09:00,995.1419091796874,1026.1353861490884,975.0380322265624,1005.19384765625,39800,0.0,0.0
2020-03-30 00:00:00+09:00,984.2525630720213,1023.6226655949022,984.2525630720213,1011.0577392578125,39900,0.0,0.0
2020-03-31 00:00:00+09:00,1025.2980040015243,1052.9408423447028,1004.3564598021468,1030.323974609375,29200,0.0,0.0
2020-04-01 00:00:00+09:00,1030.3239758486675,1042.8889023834074,990.1162109375,990.1162109375,20800,0.0,0.0
2020-04-02 00:00:00+09:00,1015.2462312429036,1015.2462312429036,975.0384597085313,1014.4085693359375,33600,0.0,0.0
2020-04-03 00:00:00+09:00,1021.1095856311275,1021.1095856311275,977.551178368766,982.5771484375,29100,0.0,0.0
2020-04-06 00:00:00+09:00,982.5773886649635,1011.8955545671577,971.6877841870056,1006.0319213867188,30900,0.0,0.0
2020-04-07 00:00:00+09:00,1006.0318607084932,1011.8954935352705,984.2526530661778,1002.6812133789062,21300,0.0,0.0
2020-04-08 00:00:00+09:00,1005.1941549366918,1006.0318167324724,949.0708146193932,971.6876831054688,53100,0.0,0.0
2020-04-09 00:00:00+09:00,996.8173504201219,996.8173504201219,964.1485464987901,981.7394409179688,27500,0.0,0.0
2020-04-10 00:00:00+09:00,985.0901790756777,985.0901790756777,964.9862978700517,973.3629150390625,10200,0.0,0.0
2020-04-13 00:00:00+09:00,965.824097803034,968.3370833133628,949.0708610675086,955.7721557617188,17800,0.0,0.0
2020-04-14 00:00:00+09:00,956.6098172250272,971.6877302811134,955.772155388578,959.122802734375,16800,0.0,0.0
2020-04-15 00:00:00+09:00,950.7459716796875,979.2264677476253,948.2329867325165,950.7459716796875,42100,0.0,0.0
2020-04-16 00:00:00+09:00,948.2332312000887,951.5838786601597,939.0189506848935,944.044921875,24400,0.0,0.0
2020-04-17 00:00:00+09:00,951.5836333287444,962.4732347664853,941.5316935400606,950.7459716796875,47800,0.0,0.0
2020-04-20 00:00:00+09:00,959.1227267364555,959.1227267364555,939.8565060247189,949.908447265625,21200,0.0,0.0
2020-04-21 00:00:00+09:00,946.5578636543288,946.5578636543288,918.0773615620747,923.1033325195312,31000,0.0,0.0
2020-04-22 00:00:00+09:00,918.9150101062863,919.7526719204214,893.7851556822311,900.4864501953125,23700,0.0,0.0
2020-04-23 00:00:00+09:00,902.9993893124641,919.7526247357009,902.1617275413023,913.0513305664062,22700,0.0,0.0
2020-04-24 00:00:00+09:00,909.7007735928622,923.9410251131925,903.8371406139026,921.4280395507812,36800,0.0,0.0
2020-04-27 00:00:00+09:00,921.4280399962934,941.5319245053034,905.5124647599937,918.077392578125,117700,0.0,0.0
2020-04-28 00:00:00+09:00,913.0003015427362,934.1541546832074,880.0002906436011,924.0003051757812,74700,11.0,0.0
2020-04-30 00:00:00+09:00,938.3848917712904,988.3079833984375,933.3079671990381,988.3079833984375,61400,0.0,0.0
2020-05-01 00:00:00+09:00,966.3081265301771,981.5389026050836,961.231201171875,961.231201171875,20100,0.0,0.0
2020-05-07 00:00:00+09:00,951.9234484895891,962.0772986068114,931.6157482551446,950.2311401367188,35300,0.0,0.0
2020-05-08 00:00:00+09:00,950.2310553717019,957.0002881793365,939.2310520592957,951.0772094726562,39900,0.0,0.0
2020-05-11 00:00:00+09:00,1001.8464528575795,1038.2310791015625,981.5387544888448,1038.2310791015625,162900,0.0,0.0
2020-05-12 00:00:00+09:00,1056.0003951223273,1056.0003951223273,1001.0003745430394,1028.9234619140625,55800,0.0,0.0
2020-05-13 00:00:00+09:00,1023.846459120487,1023.846459120487,991.692603379513,1007.76953125,35300,0.0,0.0
2020-05-14 00:00:00+09:00,994.2311883393952,995.0773425422373,951.0773239944513,957.8465576171875,41600,0.0,0.0
2020-05-15 00:00:00+09:00,979.846506886668,980.6926610376927,952.7695740538758,977.3080444335938,27400,0.0,0.0
2020-05-18 00:00:00+09:00,980.6926642056169,984.9234349744073,964.6157352842133,981.538818359375,14000,0.0,0.0
2020-05-19 00:00:00+09:00,1001.846411853903,1006.0771821742319,976.461789931929,1002.6925659179688,57100,0.0,0.0
2020-05-20 00:00:00+09:00,1012.8464219097314,1012.8464219097314,989.1541079469306,1011.1541137695312,14000,0.0,0.0
2020-05-21 00:00:00+09:00,1033.154052734375,1035.6925147804054,1003.5386621973536,1033.154052734375,41100,0.0,0.0
2020-05-22 00:00:00+09:00,1041.6158666243055,1078.0004988459507,1039.0774039111675,1075.4620361328125,35900,0.0,0.0
2020-05-25 00:00:00+09:00,1061.0773432747872,1067.846576724706,1023.0004051189933,1043.30810546875,33600,0.0,0.0
2020-05-26 00:00:00+09:00,1045.0003054193373,1078.0003150641585,1043.3079972324235,1060.2310791015625,26100,0.0,0.0
2020-05-27 00:00:00+09:00,1054.3081483924398,1084.7697000313867,1050.077377331475,1063.6158447265625,39100,0.0,0.0
2020-05-28 00:00:00+09:00,1075.4621670912811,1092.38525390625,1068.6929323652935,1092.38525390625,32900,0.0,0.0
2020-05-29 00:00:00+09:00,1100.846393383826,1122.846398170897,1083.9233127783866,1122.000244140625,23000,0.0,0.0
2020-06-01 00:00:00+09:00,1142.3082108931108,1143.154365123402,1116.923583984375,1116.923583984375,17400,0.0,0.0
2020-06-02 00:00:00+09:00,1118.6159295581635,1149.0774828592935,1118.6159295581635,1137.2313232421875,16600,0.0,0.0
2020-06-03 00:00:00+09:00,1146.5389031955376,1157.538907432838,1118.6158155162366,1145.6927490234375,15400,0.0,0.0
2020-06-04 00:00:00+09:00,1128.7695112086053,1171.0772140275187,1128.7695112086053,1133.846435546875,30600,0.0,0.0
2020-06-05 00:00:00+09:00,1140.6157766696626,1158.3850135465639,1138.923468395672,1147.385009765625,14800,0.0,0.0
2020-06-08 00:00:00+09:00,1172.7696573211604,1176.1542739368058,1154.15426593511,1161.7696533203125,27600,0.0,0.0
2020-06-09 00:00:00+09:00,1182.0771806640623,1182.0771806640623,1139.7694791370739,1163.4617919921875,17800,0.0,0.0
2020-06-10 00:00:00+09:00,1163.4619038752098,1180.3849861133947,1152.4619004203896,1166.0003662109375,23300,0.0,0.0
2020-06-11 00:00:00+09:00,1158.3849148009874,1167.692609514509,1086.4618192874127,1089.846435546875,31000,0.0,0.0
2020-06-12 00:00:00+09:00,1033.154053791677,1077.1540626345657,1023.8463596133735,1074.6156005859375,35400,0.0,0.0
2020-06-15 00:00:00+09:00,1078.8466254231246,1078.8466254231246,1040.7696857023086,1052.6158447265625,29500,0.0,0.0
2020-06-16 00:00:00+09:00,1057.6926504615358,1080.5388117115049,1041.6157221745204,1072.0772705078125,27500,0.0,0.0
2020-06-17 00:00:00+09:00,1085.6156752530703,1098.3079863433245,1066.1541315813474,1087.3079833984375,30900,0.0,0.0
2020-06-18 00:00:00+09:00,1087.308010092185,1087.308010092185,1037.3849185782249,1060.2310791015625,39500,0.0,0.0
2020-06-19 00:00:00+09:00,1066.1541445035461,1078.846455747636,1057.692603674153,1073.76953125,18900,0.0,0.0
2020-06-22 00:00:00+09:00,1084.7696020263108,1097.4619140625,1070.3849817186297,1097.4619140625,11000,0.0,0.0
2020-06-23 00:00:00+09:00,1098.3079996552403,1099.1541537381797,1057.692603674153,1073.76953125,44200,0.0,0.0
2020-06-24 00:00:00+09:00,1086.462068014706,1092.385147824755,1067.8466743259805,1078.8466796875,24000,0.0,0.0
2020-06-25 00:00:00+09:00,1056.0005041345373,1072.0774348865855,1036.538956382058,1042.4620361328125,22400,0.0,0.0
2020-06-26 00:00:00+09:00,1070.3849771130724,1083.0772890946503,1028.0772705078125,1028.0772705078125,50800,0.0,0.0
2020-06-29 00:00:00+09:00,977.3080287905906,991.6926491277682,940.0772467414253,940.9234008789062,81900,0.0,0.0
2020-06-30 00:00:00+09:00,973.0771736756659,1006.0771821742319,968.8464033553369,1002.6925659179688,83200,0.0,0.0
2020-07-01 00:00:00+09:00,991.6926168788411,992.538770988806,960.3849148101405,963.76953125,42200,0.0,0.0
2020-07-02 00:00:00+09:00,968.0003915958989,1025.5388764110398,968.0003915958989,1021.30810546875,54900,0.0,0.0
2020-07-03 00:00:00+09:00,1007.7697528619416,1010.3082157154981,959.5389586443675,969.6928100585938,32900,0.0,0.0
2020-07-06 00:00:00+09:00,972.2312803440932,991.6928290367948,953.6158859423787,982.3851318359375,18000,0.0,0.0
2020-07-07 00:00:00+09:00,982.3848841578077,986.6156545460842,973.0771893035994,978.1541137695312,10800,0.0,0.0
2020-07-08 00:00:00+09:00,978.1541612648261,984.9233942147557,970.5387741961554,976.4618530273438,9000,0.0,0.0
2020-07-09 00:00:00+09:00,976.4619424384937,980.6927134195963,961.2311669065241,964.6157836914062,24000,0.0,0.0
2020-07-10 00:00:00+09:00,964.6156953649669,979.0003153835673,963.7695412462257,976.4618530273438,8700,0.0,0.0
2020-07-13 00:00:00+09:00,982.3848841578077,990.0002708567055,962.9233403717358,978.1541137695312,20000,0.0,0.0
2020-07-14 00:00:00+09:00,989.1541270035201,989.1541270035201,973.0771993618888,975.6156616210938,6900,0.0,0.0
2020-07-15 00:00:00+09:00,990.0002708567055,994.231041244982,968.8464189153228,978.1541137695312,33900,0.0,0.0
2020-07-16 00:00:00+09:00,990.8464730459441,1006.9234013020268,972.2310824336378,976.4618530273438,19200,0.0,0.0
2020-07-17 00:00:00+09:00,982.3850277577276,989.1542613684612,965.4619437308933,973.0773315429688,11100,0.0,0.0
2020-07-20 00:00:00+09:00,984.0773302044785,984.0773302044785,956.1542417292009,964.6157836914062,24300,0.0,0.0
2020-07-21 00:00:00+09:00,944.3081187894818,962.9235118122135,917.2311834836902,946.0004272460938,58200,0.0,0.0
2020-07-22 00:00:00+09:00,946.846445719401,973.0772230360243,946.846445719401,959.5387573242188,22800,0.0,0.0
2020-07-27 00:00:00+09:00,964.6157526160655,986.6157610090636,956.1542109264509,972.2311401367188,47700,0.0,0.0
2020-07-28 00:00:00+09:00,968.8464863208943,978.154181822667,957.0003284095471,971.3849487304688,14500,0.0,0.0
2020-07-29 00:00:00+09:00,968.8464289298806,980.6925861395036,967.1541207570773,975.6156616210938,14100,0.0,0.0
2020-07-30 00:00:00+09:00,973.0771525212266,973.0771525212266,923.1540638266592,935.8463745117188,38300,0.0,0.0
2020-07-31 00:00:00+09:00,935.8465277950874,939.2311445321402,909.6157480829286,928.2311401367188,42800,0.0,0.0
2020-08-03 00:00:00+09:00,924.8465007075557,932.4618881790726,913.8464965820312,913.8464965820312,20700,0.0,0.0
2020-08-04 00:00:00+09:00,915.5388069602434,951.9234360723417,891.0003361637118,933.3080444335938,37600,0.0,0.0
2020-08-05 00:00:00+09:00,930.7696026895082,940.0772987164033,905.3849771616126,928.2311401367188,35600,0.0,0.0
2020-08-06 00:00:00+09:00,923.1540638266592,946.0002230597663,918.9232935983061,935.8463745117188,9500,0.0,0.0
2020-08-07 00:00:00+09:00,937.5388017285421,949.3849598731266,903.692635601158,931.61572265625,13700,0.0,0.0
2020-08-11 00:00:00+09:00,945.1541375054253,951.0772162543402,924.0002848307291,944.3079833984375,20400,0.0,0.0
2020-08-12 00:00:00+09:00,947.6925829774844,962.9233566324798,942.6156584258193,953.6156616210938,24200,0.0,0.0
2020-08-13 00:00:00+09:00,963.7695112548198,994.2310585815745,963.7695112548198,984.0772094726562,32500,0.0,0.0
2020-08-14 00:00:00+09:00,979.0003821355152,979.0003821355152,931.6157482551446,950.2311401367188,53300,0.0,0.0
2020-08-17 00:00:00+09:00,975.6156680116425,988.3079793908053,940.0771961499868,953.6156616210938,83700,0.0,0.0
2020-08-18 00:00:00+09:00,964.6157537404674,964.6157537404674,940.9234369819296,957.0003662109375,23200,0.0,0.0
2020-08-19 00:00:00+09:00,948.5387539333767,954.4618326822916,939.2310587565104,944.3079833984375,31700,0.0,0.0
2020-08-20 00:00:00+09:00,933.3080413206895,937.5388121335667,916.3849580691812,929.0772705078125,24400,0.0,0.0
2020-08-21 00:00:00+09:00,943.4621102274158,945.1544189453125,924.846714330552,945.1544189453125,38000,0.0,0.0
2020-08-24 00:00:00+09:00,945.1542132568359,946.0003674316406,918.0772796630858,930.7695922851562,21700,0.0,0.0
2020-08-25 00:00:00+09:00,946.8465184877997,946.8465184877997,922.3080474992865,926.538818359375,31700,0.0,0.0
2020-08-26 00:00:00+09:00,926.5388602893438,927.3850144996537,905.3850050315962,916.385009765625,44800,0.0,0.0
2020-08-27 00:00:00+09:00,924.8464251856194,924.8464251856194,898.6156482590374,912.1541137695312,18000,0.0,0.0
2020-08-28 00:00:00+09:00,906.2311267192616,918.9234394184109,896.9234307398854,904.538818359375,60500,0.0,0.0
2020-08-31 00:00:00+09:00,920.6157091678177,938.3849462013877,913.8464760121719,918.9234008789062,51600,0.0,0.0
2020-09-01 00:00:00+09:00,930.7694638248815,941.7694665791755,924.0002313607006,937.5386962890625,26800,0.0,0.0
2020-09-02 00:00:00+09:00,940.0775031575806,966.3082885742188,937.5390400527447,966.3082885742188,23300,0.0,0.0
2020-09-03 00:00:00+09:00,969.692613401613,972.2310757403607,957.8464558207905,968.0003051757812,12200,0.0,0.0
2020-09-04 00:00:00+09:00,954.4618094610527,976.4618157074954,948.5387308562412,975.6156616210938,55300,0.0,0.0
2020-09-07 00:00:00+09:00,964.6155572706652,1010.307873141381,960.384787282636,996.7694091796875,137400,0.0,0.0
2020-09-08 00:00:00+09:00,1006.9235095913563,1011.1542806400594,984.9235001380997,1005.231201171875,79500,0.0,0.0
2020-09-09 00:00:00+09:00,1001.0004301231718,1013.6927432692813,985.7696543478403,1005.231201171875,82300,0.0,0.0
2020-09-10 00:00:00+09:00,1002.692720877692,1002.692720877692,965.4619363050182,979.8465576171875,71400,0.0,0.0
2020-09-11 00:00:00+09:00,997.6157679420213,1030.6157806220374,982.384992858937,1026.385009765625,89600,0.0,0.0
2020-09-14 00:00:00+09:00,1049.23112662813,1059.3849762406603,1032.3080439405794,1047.538818359375,67300,0.0,0.0
2020-09-15 00:00:00+09:00,1047.5388534947444,1051.7696243085359,1022.1542286119962,1028.9234619140625,72100,0.0,0.0
2020-09-16 00:00:00+09:00,1021.3081798801175,1056.0005041345373,1004.3850948779614,1042.4620361328125,70700,0.0,0.0
2020-09-17 00:00:00+09:00,1035.6926657418226,1119.4619254709405,1035.6926657418226,1086.4619140625,101600,0.0,0.0
2020-09-18 00:00:00+09:00,1067.0003289116753,1071.2310994466145,1027.2310858832466,1066.1541748046875,88400,0.0,0.0
2020-09-23 00:00:00+09:00,1045.0004227455727,1045.0004227455727,1014.5388719610864,1021.30810546875,104500,0.0,0.0
2020-09-24 00:00:00+09:00,1024.6927327000817,1048.3850502191588,1017.0773449260928,1018.7696533203125,80300,0.0,0.0
2020-09-25 00:00:00+09:00,1026.3849891368436,1048.3849971480208,1005.2311352799426,1031.4619140625,65700,0.0,0.0
2020-09-28 00:00:00+09:00,1031.4618870362333,1038.2311200930749,1023.8464998472866,1028.0772705078125,64600,0.0,0.0
2020-09-29 00:00:00+09:00,1047.538818359375,1056.8465138375277,1030.6157356718245,1047.538818359375,47400,0.0,0.0
2020-09-30 00:00:00+09:00,1050.9233019527974,1050.9233019527974,1006.9232925312631,1008.6156005859375,69500,0.0,0.0
2020-10-02 00:00:00+09:00,1034.0005153849975,1034.0005153849975,995.0774190611759,998.4620361328125,69800,0.0,0.0
2020-10-05 00:00:00+09:00,1006.9235020257955,1018.7696608731579,990.0004179581351,1012.0004272460938,44400,0.0,0.0
2020-10-06 00:00:00+09:00,1016.2308808883818,1026.3847281578744,1012.00011119276,1025.53857421875,31600,0.0,0.0
2020-10-07 00:00:00+09:00,1022.1542596572081,1023.000413845666,1005.2311758880489,1021.30810546875,34200,0.0,0.0
2020-10-08 00:00:00+09:00,1021.308123483307,1021.308123483307,998.4619599919654,1012.0004272460938,44900,0.0,0.0
2020-10-09 00:00:00+09:00,1006.9233362382977,1007.7694903023635,984.0771765085212,1002.6925659179688,70100,0.0,0.0
2020-10-12 00:00:00+09:00,1004.3850319694443,1022.1542701087521,1001.8465693781146,1018.7696533203125,16200,0.0,0.0
2020-10-13 00:00:00+09:00,1024.692740296839,1024.692740296839,1002.6927310088805,1012.0004272460938,36400,0.0,0.0
2020-10-14 00:00:00+09:00,1008.6155651461693,1010.307873141381,990.0001771988407,996.7694091796875,39900,0.0,0.0
2020-10-15 00:00:00+09:00,992.5389244118849,1003.5389295417693,982.3850735227608,986.6158447265625,27000,0.0,0.0
2020-10-16 00:00:00+09:00,988.3080483969155,988.3080483969155,977.3080444335936,977.3080444335938,40800,0.0,0.0
2020-10-19 00:00:00+09:00,979.000335959192,979.8464900957167,960.3849449556463,971.3849487304688,73000,0.0,0.0
2020-10-20 00:00:00+09:00,964.6158310415499,964.6158310415499,938.3850496711218,943.4619750976562,63900,0.0,0.0
2020-10-21 00:00:00+09:00,951.9233994811545,998.4618767891221,951.9233994811545,997.61572265625,39800,0.0,0.0
2020-10-22 00:00:00+09:00,990.0004616896039,990.0004616896039,972.2312226336367,986.6158447265625,29200,0.0,0.0
2020-10-23 00:00:00+09:00,1000.1540291045343,1001.0001831054688,984.923257087714,1001.0001831054688,14100,0.0,0.0
2020-10-26 00:00:00+09:00,1002.6924911073377,1013.6924931194857,999.3078751035998,1001.0001831054688,17100,0.0,0.0
2020-10-27 00:00:00+09:00,995.0772602576335,1005.2311098520992,984.0772565302958,997.61572265625,18800,0.0,0.0
2020-10-28 00:00:00+09:00,999.3079626705016,1004.3848871209868,983.2310352439652,989.1541137695312,124400,0.0,0.0
2020-10-29 00:00:00+09:00,983.1121535478119,1001.2380141487812,964.1231567277488,1000.3748779296875,71100,23.0,0.0
2020-10-30 00:00:00+09:00,987.4278937415005,987.4278937415005,952.039306640625,952.039306640625,35100,0.0,0.0
2020-11-02 00:00:00+09:00,957.2181015427049,971.0282815469278,952.0392840411212,958.0812377929688,47300,0.0,0.0
2020-11-04 00:00:00+09:00,964.1232072823412,989.1541589485793,962.3969347536352,970.1651611328125,29800,0.0,0.0
2020-11-05 00:00:00+09:00,970.1652764031616,970.1652764031616,954.6288217988405,960.6707763671875,26000,0.0,0.0
2020-11-06 00:00:00+09:00,976.207259929822,982.2492146773983,958.0813956870933,977.9335327148438,40700,0.0,0.0
2020-11-09 00:00:00+09:00,990.8805238950503,992.6067965847628,983.1122967913434,987.427978515625,30100,0.0,0.0
2020-11-10 00:00:00+09:00,1009.8694073323637,1023.6795872616952,996.9223636486155,1003.8274536132812,58500,0.0,0.0
2020-11-11 00:00:00+09:00,1026.2688086954752,1035.7633056640625,1009.0060869344074,1035.7633056640625,62200,0.0,0.0
2020-11-12 00:00:00+09:00,1051.3001500621226,1054.752695710931,1021.9535120472523,1036.6268310546875,68400,0.0,0.0
2020-11-13 00:00:00+09:00,1021.0902556986748,1036.6267092934138,994.3330300632912,1022.8165283203125,90900,0.0,0.0
2020-11-16 00:00:00+09:00,1047.8474967693903,1047.8474967693903,1018.5008617692591,1027.995361328125,58700,0.0,0.0
2020-11-17 00:00:00+09:00,1035.7633056640625,1046.1209387207032,1027.9950808715819,1035.7633056640625,55200,0.0,0.0
2020-11-18 00:00:00+09:00,1026.2690735635879,1027.1322098744067,1013.3220289013054,1022.8165283203125,42100,0.0,0.0
2020-11-19 00:00:00+09:00,1020.2270430159629,1022.8164517545821,1005.5537268304541,1017.6376342773438,28100,0.0,0.0
2020-11-20 00:00:00+09:00,1017.6377331892917,1023.6796875,1009.869506218381,1023.6796875,40200,0.0,0.0
2020-11-24 00:00:00+09:00,1030.5848707789696,1030.5848707789696,1018.5009610713436,1020.2272338867188,31500,0.0,0.0
2020-11-25 00:00:00+09:00,1021.9531282552083,1053.0260274251302,1018.5005839029948,1035.7633056640625,108700,0.0,0.0
2020-11-26 00:00:00+09:00,1035.763511433885,1040.9423289910544,1027.1321488386027,1029.7215576171875,50400,0.0,0.0
2020-11-27 00:00:00+09:00,1029.7217706538481,1038.3531350348528,1027.1323613395468,1033.17431640625,23300,0.0,0.0
2020-11-30 00:00:00+09:00,1048.7107722920582,1048.7107722920582,1031.448043530049,1033.17431640625,51200,0.0,0.0
2020-12-01 00:00:00+09:00,1034.9005582302834,1039.2162402912936,1029.721739757071,1036.6268310546875,21900,0.0,0.0
2020-12-02 00:00:00+09:00,1036.6266556546539,1048.710563380853,1035.7635193884967,1039.216064453125,45400,0.0,0.0
2020-12-03 00:00:00+09:00,1048.710594177246,1077.194091796875,1048.710594177246,1077.194091796875,47500,0.0,0.0
2020-12-04 00:00:00+09:00,1087.5517855557528,1139.3399658203125,1087.5517855557528,1139.3399658203125,57500,0.0,0.0
2020-12-07 00:00:00+09:00,1165.234178554512,1169.5498606973065,1128.9824485550384,1153.1502685546875,75700,0.0,0.0
2020-12-08 00:00:00+09:00,1133.298059460544,1133.298059460544,1109.1302409800448,1113.4459228515625,26900,0.0,0.0
2020-12-09 00:00:00+09:00,1105.6776968149038,1108.267105940934,1065.973423549107,1099.6357421875,76300,0.0,0.0
2020-12-10 00:00:00+09:00,1087.5519318276263,1141.066391965176,1087.5519318276263,1135.8875732421875,62500,0.0,0.0
2020-12-11 00:00:00+09:00,1123.8035195238238,1136.750564679628,1093.5937474936134,1135.0242919921875,61900,0.0,0.0
2020-12-14 00:00:00+09:00,1224.7903669751736,1261.905226580482,1182.49668975052,1218.7484130859375,201700,0.0,0.0
2020-12-15 00:00:00+09:00,1221.337935347201,1299.8833432034521,1217.0222535968576,1236.8743896484375,173700,0.0,0.0
2020-12-16 00:00:00+09:00,1262.768538444607,1324.0512221285217,1262.768538444607,1271.39990234375,290400,0.0,0.0
2020-12-17 00:00:00+09:00,1292.1150605537523,1311.967195752641,1222.2010192011444,1225.653564453125,142500,0.0,0.0
2020-12-18 00:00:00+09:00,1232.5588028704533,1268.8105323666432,1215.2960745389344,1263.6317138671875,93800,0.0,0.0
2020-12-21 00:00:00+09:00,1261.905288906465,1264.4946978440298,1207.5277012176093,1253.27392578125,88000,0.0,0.0
2020-12-22 00:00:00+09:00,1240.3269987302608,1260.1791358011,1216.1591796875,1216.1591796875,78600,0.0,0.0
2020-12-23 00:00:00+09:00,1216.158846135725,1218.7482546086896,1171.2757659376714,1180.770263671875,102600,0.0,0.0
2020-12-24 00:00:00+09:00,1198.8963238879342,1232.5586396774443,1198.033187585639,1220.4747314453125,80400,0.0,0.0
2020-12-25 00:00:00+09:00,1222.2010647415611,1235.1481099189082,1217.0222466706223,1227.3798828125,30900,0.0,0.0
2020-12-28 00:00:00+09:00,1251.5475107863074,1292.1149128600703,1251.5475107863074,1280.031005859375,126200,0.0,0.0
2020-12-29 00:00:00+09:00,1290.3888084295947,1332.682488438324,1286.9362631227598,1309.3778076171875,129700,0.0,0.0
2020-12-30 00:00:00+09:00,1326.6404571234987,1357.713363080848,1305.9251864852656,1324.9141845703125,98600,0.0,0.0
2021-01-04 00:00:00+09:00,1337.8612833658854,1337.8612833658854,1278.3048778483073,1294.7044677734375,93800,0.0,0.0
2021-01-05 00:00:00+09:00,1293.8412639531502,1344.7663036951355,1283.4836287513906,1333.5455322265625,101600,0.0,0.0
2021-01-06 00:00:00+09:00,1320.5986983536075,1320.5986983536075,1286.0732421875,1286.0732421875,52500,0.0,0.0
2021-01-07 00:00:00+09:00,1311.9671630859375,1311.9671630859375,1280.031120300293,1284.3468017578125,43800,0.0,0.0
2021-01-08 00:00:00+09:00,1286.9362785678552,1323.1880047246962,1282.620596882517,1300.7464599609375,73400,0.0,0.0
2021-01-12 00:00:00+09:00,1301.6093836791267,1311.967018032011,1280.0309787772844,1311.1038818359375,72600,0.0,0.0
2021-01-13 00:00:00+09:00,1316.282875242208,1317.1460115538425,1296.4307400746209,1308.5146484375,66900,0.0,0.0
2021-01-14 00:00:00+09:00,1311.9673700326339,1320.5987343091642,1303.3360057561033,1305.9254150390625,57500,0.0,0.0
2021-01-15 00:00:00+09:00,1299.020195159709,1303.3358768712028,1274.8523775753422,1296.4307861328125,50000,0.0,0.0
2021-01-18 00:00:00+09:00,1277.441878145973,1293.8414698248741,1268.8105141044464,1286.0732421875,41600,0.0,0.0
2021-01-19 00:00:00+09:00,1286.0732421875,1292.1151970165688,1268.8105141044464,1286.0732421875,69500,0.0,0.0
2021-01-20 00:00:00+09:00,1279.1679462440507,1297.2938078305049,1261.0420846575964,1292.114990234375,84800,0.0,0.0
2021-01-21 00:00:00+09:00,1292.1152670765466,1368.934411211358,1286.936448370829,1362.8924560546875,136500,0.0,0.0
2021-01-22 00:00:00+09:00,1336.9980394910815,1351.6713556120294,1319.7353146429075,1341.313720703125,59600,0.0,0.0
2021-01-25 00:00:00+09:00,1342.1769255090933,1344.7663343685963,1309.3777466220542,1316.2828369140625,27300,0.0,0.0
2021-01-26 00:00:00+09:00,1316.2828982308577,1316.2828982308577,1285.2099904693423,1309.3778076171875,34200,0.0,0.0
2021-01-27 00:00:00+09:00,1303.3357310946349,1318.0090472725215,1287.7992786709901,1295.5675048828125,18200,0.0,0.0
2021-01-28 00:00:00+09:00,1286.0731196308516,1310.2409366440488,1279.1680290556524,1299.88330078125,38300,0.0,0.0
2021-01-29 00:00:00+09:00,1305.0620959956348,1309.3777775300118,1273.126052641244,1285.2099609375,103800,0.0,0.0
2021-02-01 00:00:00+09:00,1273.1259697898824,1294.7043760575075,1264.4946072828322,1291.2518310546875,90200,0.0,0.0
2021-02-02 00:00:00+09:00,1299.019908855229,1333.54535493776,1291.2516834866597,1322.3245849609375,53200,0.0,0.0
2021-02-03 00:00:00+09:00,1330.9561996212735,1342.1769717322181,1311.9672006642902,1331.8193359375,90800,0.0,0.0
2021-02-04 00:00:00+09:00,1339.5875992612198,1371.523643831236,1330.0930995241881,1365.481689453125,72500,0.0,0.0
2021-02-05 00:00:00+09:00,1374.9761505606489,1394.8282858167033,1361.1659695129588,1373.2498779296875,54600,0.0,0.0
2021-02-08 00:00:00+09:00,1378.4287322810824,1412.9541858134826,1369.797368897982,1406.9122314453125,83400,0.0,0.0
2021-02-09 00:00:00+09:00,1406.9121551513672,1415.5435180664062,1375.8392486572266,1381.01806640625,79300,0.0,0.0
2021-02-10 00:00:00+09:00,1381.01806640625,1395.6913833618164,1372.386703491211,1381.01806640625,122100,0.0,0.0
2021-02-12 00:00:00+09:00,1381.0181474426674,1443.1639640775875,1381.0181474426674,1430.2169189453125,81600,0.0,0.0
2021-02-15 00:00:00+09:00,1412.0909729003906,1427.627426147461,1378.4286575317383,1381.01806640625,70200,0.0,0.0
2021-02-16 00:00:00+09:00,1387.9232535718352,1431.943207509748,1387.9232535718352,1421.5855712890625,65600,0.0,0.0
2021-02-17 00:00:00+09:00,1415.543654233109,1431.9432453492243,1394.828381244332,1427.6275634765625,59700,0.0,0.0
2021-02-18 00:00:00+09:00,1430.2168191601072,1434.5325005697637,1370.6604157068498,1375.8392333984375,86400,0.0,0.0
2021-02-19 00:00:00+09:00,1375.839101201041,1375.839101201041,1343.9030618381562,1352.534423828125,64100,0.0,0.0
2021-02-22 00:00:00+09:00,1381.018311587036,1421.585724489905,1369.7975378053911,1418.1331787109375,179800,0.0,0.0
2021-02-24 00:00:00+09:00,1427.627373158181,1461.2896872773883,1427.627373158181,1438.84814453125,108400,0.0,0.0
2021-02-25 00:00:00+09:00,1441.4378207614811,1506.1730522328053,1441.4378207614811,1490.6365966796875,99400,0.0,0.0
2021-02-26 00:00:00+09:00,1486.3206863887585,1508.7622298533972,1473.3736420822363,1495.815185546875,118400,0.0,0.0
2021-03-01 00:00:00+09:00,1495.8151931762695,1513.0779190063477,1477.6893310546875,1491.49951171875,98500,0.0,0.0
2021-03-02 00:00:00+09:00,1526.0250916996013,1551.9191826221058,1514.8043189665161,1542.4246826171875,126900,0.0,0.0
2021-03-03 00:00:00+09:00,1545.8771055954508,1588.170784084662,1536.3826063427707,1570.044921875,106000,0.0,0.0
2021-03-04 00:00:00+09:00,1597.665305556765,1646.8640750957902,1593.349624018254,1626.1488037109375,164800,0.0,0.0
2021-03-05 00:00:00+09:00,1625.2857618248981,1625.2857618248981,1510.488626231318,1588.1708984375,167100,0.0,0.0
2021-03-08 00:00:00+09:00,1571.771296717757,1585.5814783473472,1500.994115866106,1527.7513427734375,166200,0.0,0.0
2021-03-09 00:00:00+09:00,1523.4354633133244,1558.8240491466652,1512.2146921954359,1529.4774169921875,86100,0.0,0.0
2021-03-10 00:00:00+09:00,1532.0668405625931,1533.7931130590016,1499.2676631308307,1520.8460693359375,59400,0.0,0.0
2021-03-11 00:00:00+09:00,1516.5304952740946,1520.846176820122,1467.33172564938,1488.0469970703125,88000,0.0,0.0
2021-03-12 00:00:00+09:00,1496.6784576155183,1517.393730385283,1475.9631848457532,1514.8043212890625,59500,0.0,0.0
2021-03-15 00:00:00+09:00,1526.0250928589073,1536.3827292357778,1507.036092834645,1528.614501953125,68400,0.0,0.0
2021-03-16 00:00:00+09:00,1535.5193960888591,1594.2126613693777,1526.0248972934812,1585.581298828125,97900,0.0,0.0
2021-03-17 00:00:00+09:00,1555.371716839334,1595.9391256581182,1545.877216903023,1588.1708984375,81700,0.0,0.0
2021-03-18 00:00:00+09:00,1614.064660105317,1631.327383742807,1594.2125279222034,1621.8328857421875,105000,0.0,0.0
2021-03-19 00:00:00+09:00,1618.3805852950943,1691.747171828472,1594.2127685546875,1594.2127685546875,669300,0.0,0.0
2021-03-22 00:00:00+09:00,1591.6233974156385,1640.8221683769677,1570.9081254319208,1600.2547607421875,107900,0.0,0.0
2021-03-23 00:00:00+09:00,1584.7180484592136,1584.7180484592136,1520.8459702533412,1521.7091064453125,115900,0.0,0.0
2021-03-24 00:00:00+09:00,1503.583634656241,1520.846362953098,1482.0052242851698,1494.9522705078125,51800,0.0,0.0
2021-03-25 00:00:00+09:00,1494.9521554409603,1520.8462458931708,1479.4157011696338,1504.4466552734375,95600,0.0,0.0
2021-03-26 00:00:00+09:00,1505.309646553889,1514.8041454713734,1494.952011371179,1503.5833740234375,51200,0.0,0.0
2021-03-29 00:00:00+09:00,1535.5193330313905,1539.8350141247895,1512.2146551270355,1537.24560546875,95500,0.0,0.0
2021-03-30 00:00:00+09:00,1530.3408658395688,1557.9612311564701,1524.2989109264965,1532.067138671875,71300,0.0,0.0
2021-03-31 00:00:00+09:00,1532.066956089266,1532.066956089266,1489.7732767380694,1511.3516845703125,82700,0.0,0.0
2021-04-01 00:00:00+09:00,1511.35158597506,1548.4664450252756,1508.7621772041148,1526.02490234375,79800,0.0,0.0
2021-04-02 00:00:00+09:00,1502.7202452734825,1509.6253354298224,1482.8681110740051,1499.2677001953125,73100,0.0,0.0
2021-04-05 00:00:00+09:00,1499.2679297382745,1508.762430156882,1487.1840201145924,1494.089111328125,37600,0.0,0.0
2021-04-06 00:00:00+09:00,1488.9101805343537,1488.9101805343537,1455.2478634092292,1462.1529541015625,46700,0.0,0.0
2021-04-07 00:00:00+09:00,1462.1530867437843,1500.9942254117125,1462.1530867437843,1494.9522705078125,70100,0.0,0.0
2021-04-08 00:00:00+09:00,1494.088913042386,1543.2876814094661,1494.088913042386,1509.6253662109375,107400,0.0,0.0
2021-04-09 00:00:00+09:00,1507.0361826034332,1560.5506404049297,1506.17304618728,1532.067138671875,133000,0.0,0.0
2021-04-12 00:00:00+09:00,1523.4354706760444,1532.0668331161353,1500.130792087799,1525.1617431640625,64500,0.0,0.0
2021-04-13 00:00:00+09:00,1519.9829870328497,1574.3605725996126,1515.6673056386621,1559.687255859375,69200,0.0,0.0
2021-04-14 00:00:00+09:00,1533.7933132518422,1544.1509495821867,1507.036086065119,1519.1199951171875,102900,0.0,0.0
2021-04-15 00:00:00+09:00,1508.7623587868432,1548.4666313864968,1508.7623587868432,1519.1199951171875,57700,0.0,0.0
2021-04-16 00:00:00+09:00,1513.0779800763414,1523.4356159924373,1498.404662528539,1512.21484375,62500,0.0,0.0
2021-04-19 00:00:00+09:00,1507.0361328125,1521.7094514023124,1498.4047689361398,1507.0361328125,42100,0.0,0.0
2021-04-20 00:00:00+09:00,1496.6783988930395,1513.9411255238704,1473.3737179414177,1480.27880859375,62900,0.0,0.0
2021-04-21 00:00:00+09:00,1450.9321911569525,1450.9321911569525,1421.5855555237958,1430.2169189453125,66000,0.0,0.0
2021-04-22 00:00:00+09:00,1433.6693573273312,1451.795219159886,1427.6274033831462,1435.3956298828125,42600,0.0,0.0
2021-04-23 00:00:00+09:00,1435.3956679658263,1450.9321213773626,1425.0380323581353,1441.4376220703125,29800,0.0,0.0
2021-04-26 00:00:00+09:00,1437.1221804952593,1439.7115898294849,1412.954360042486,1418.1331787109375,54700,0.0,0.0
2021-04-27 00:00:00+09:00,1412.0908505308862,1418.9959402645336,1383.607355379591,1408.6383056640625,100200,0.0,0.0
2021-04-28 00:00:00+09:00,1417.360623100636,1448.7606122893271,1415.61617925682,1441.7828369140625,95600,17.0,0.0
2021-04-30 00:00:00+09:00,1441.782911020335,1476.6717896899136,1439.1662451201166,1453.9940185546875,73400,0.0,0.0
2021-05-06 00:00:00+09:00,1451.3774434156378,1498.4774325649435,1432.1885589474023,1483.649658203125,96100,0.0,0.0
2021-05-07 00:00:00+09:00,1450.5051670711362,1488.8829345703125,1446.144057128048,1488.8829345703125,91600,0.0,0.0
2021-05-10 00:00:00+09:00,1476.6718121240438,1488.0106978639212,1461.844038464204,1474.9273681640625,46700,0.0,0.0
2021-05-11 00:00:00+09:00,1477.5440156605323,1489.7551232279745,1462.7162421857806,1486.2662353515625,55600,0.0,0.0
2021-05-12 00:00:00+09:00,1451.3774813432835,1475.7996985774253,1412.999711403918,1460.971923828125,201900,0.0,0.0
2021-05-13 00:00:00+09:00,1436.5493921030723,1453.1216073125188,1416.4882894811108,1448.760498046875,76300,0.0,0.0
2021-05-14 00:00:00+09:00,1467.0774292931746,1480.1607595187381,1452.249655037536,1473.1829833984375,36000,0.0,0.0
2021-05-17 00:00:00+09:00,1474.0551424959249,1482.7773622740071,1468.8218106290753,1471.4384765625,41900,0.0,0.0
2021-05-18 00:00:00+09:00,1474.055208948612,1484.5218731541643,1467.0774328115772,1476.671875,54700,0.0,0.0
2021-05-19 00:00:00+09:00,1469.6940693860915,1489.7551753777118,1457.4829613911922,1477.5440673828125,43600,0.0,0.0
2021-05-20 00:00:00+09:00,1467.9496395713404,1494.9885218213176,1467.0774175632766,1491.4996337890625,20900,0.0,0.0
2021-05-21 00:00:00+09:00,1480.1605993173353,1493.243928126858,1464.460604745908,1467.0772705078125,22900,0.0,0.0
2021-05-24 00:00:00+09:00,1465.332876027249,1522.0273027783035,1465.332876027249,1512.432861328125,46600,0.0,0.0
2021-05-25 00:00:00+09:00,1515.04981098339,1534.2386974782862,1515.04981098339,1522.027587890625,41300,0.0,0.0
2021-05-26 00:00:00+09:00,1517.6661892047507,1522.8995208916635,1501.0939721961931,1508.9439697265625,12400,0.0,0.0
2021-05-27 00:00:00+09:00,1507.1994469188085,1522.8994411575459,1493.243896484375,1493.243896484375,37000,0.0,0.0
2021-05-28 00:00:00+09:00,1525.5162874367677,1530.749619469141,1508.0718473288573,1516.7940673828125,18100,0.0,0.0
2021-05-31 00:00:00+09:00,1529.8774046523952,1550.81073288025,1514.177408481504,1523.7718505859375,49100,0.0,0.0
2021-06-01 00:00:00+09:00,1523.7716773808784,1535.9827841257738,1522.027233560179,1532.493896484375,36300,0.0,0.0
2021-06-02 00:00:00+09:00,1538.5995978860294,1570.8718116738885,1532.4940439261643,1556.916259765625,97500,0.0,0.0
2021-06-03 00:00:00+09:00,1566.5107373715753,1597.0385078660101,1565.6385153574486,1591.80517578125,81500,0.0,0.0
2021-06-04 00:00:00+09:00,1661.5828094248031,1714.788348204285,1631.0550412726413,1703.449462890625,300200,0.0,0.0
2021-06-07 00:00:00+09:00,1592.6773236749948,1606.6328752515553,1518.5384559245158,1550.8106689453125,408400,0.0,0.0
2021-06-08 00:00:00+09:00,1542.9609234516847,1582.2109186779853,1535.1109244064246,1561.277587890625,92300,0.0,0.0
2021-06-09 00:00:00+09:00,1564.7661530987673,1564.7661530987673,1539.471716956145,1545.5772705078125,72700,0.0,0.0
2021-06-10 00:00:00+09:00,1535.1105622154241,1540.3438936775221,1517.6661240084306,1532.493896484375,59800,0.0,0.0
2021-06-11 00:00:00+09:00,1536.8552610441545,1544.70525953984,1522.0274861078603,1542.9608154296875,37600,0.0,0.0
2021-06-14 00:00:00+09:00,1554.2994845607438,1560.405038091566,1513.3050537109375,1513.3050537109375,61500,0.0,0.0
2021-06-15 00:00:00+09:00,1526.3884977860885,1540.3440497658469,1513.305167805065,1535.1107177734375,30700,0.0,0.0
2021-06-16 00:00:00+09:00,1535.1106991152003,1560.4051367710756,1534.2384771270665,1546.4495849609375,41200,0.0,0.0
2021-06-17 00:00:00+09:00,1546.4495849609375,1556.0440268304076,1535.9829211033339,1546.4495849609375,31700,0.0,0.0
2021-06-18 00:00:00+09:00,1546.4495858190767,1546.4495858190767,1482.777380649989,1488.8829345703125,51200,0.0,0.0
2021-06-21 00:00:00+09:00,1464.4606436159102,1464.4606436159102,1396.4273320006387,1419.1051025390625,61700,0.0,0.0
2021-06-22 00:00:00+09:00,1448.7607807774698,1495.860770038146,1447.016336730778,1487.1385498046875,45500,0.0,0.0
2021-06-23 00:00:00+09:00,1498.4774098535727,1509.816295958402,1480.1607476842335,1491.4996337890625,28400,0.0,0.0
2021-06-24 00:00:00+09:00,1491.4996563946759,1502.8385426713605,1478.4163260754244,1483.649658203125,18300,0.0,0.0
2021-06-25 00:00:00+09:00,1488.8829903308256,1491.4996563946759,1478.4163260754244,1483.649658203125,18800,0.0,0.0
2021-06-28 00:00:00+09:00,1482.7774535494443,1505.455226368436,1478.416343391946,1501.0941162109375,23100,0.0,0.0
2021-06-29 00:00:00+09:00,1501.96631212997,1506.3274222116481,1482.777427770586,1505.4552001953125,31800,0.0,0.0
2021-06-30 00:00:00+09:00,1496.7327042863176,1505.4549228427647,1451.3771677927928,1452.2493896484375,65300,0.0,0.0
2021-07-01 00:00:00+09:00,1457.4829321937223,1478.416259765625,1441.7829365147952,1478.416259765625,43700,0.0,0.0
2021-07-02 00:00:00+09:00,1488.0108445873782,1504.5830638412822,1484.5219563233984,1499.3497314453125,23000,0.0,0.0
2021-07-05 00:00:00+09:00,1500.22194680103,1500.22194680103,1475.7997290624087,1492.3719482421875,19400,0.0,0.0
2021-07-06 00:00:00+09:00,1494.9884445659131,1536.8550987894625,1494.9884445659131,1533.3662109375,42500,0.0,0.0
2021-07-07 00:00:00+09:00,1533.366292690371,1562.1496190036714,1517.6662965194798,1523.7718505859375,64300,0.0,0.0
2021-07-08 00:00:00+09:00,1517.6662965194798,1542.9607347948045,1494.988524272637,1523.7718505859375,47700,0.0,0.0
2021-07-09 00:00:00+09:00,1501.0940830288444,1502.8385270532822,1474.0552006500563,1498.4774169921875,30400,0.0,0.0
2021-07-12 00:00:00+09:00,1533.3662737759678,1538.5996057683772,1513.305167805065,1535.1107177734375,60000,0.0,0.0
2021-07-13 00:00:00+09:00,1535.110617593518,1535.110617593518,1500.221739920938,1527.2606201171875,39300,0.0,0.0
2021-07-14 00:00:00+09:00,1527.2608907553201,1535.110889622709,1515.9220035024252,1522.8997802734375,39400,0.0,0.0
2021-07-15 00:00:00+09:00,1523.7718289065901,1528.1329388920124,1501.966278979478,1502.8385009765625,27900,0.0,0.0
2021-07-16 00:00:00+09:00,1502.8385009765625,1511.5607209474074,1492.3718370115487,1502.8385009765625,23900,0.0,0.0
2021-07-19 00:00:00+09:00,1488.010671795539,1488.010671795539,1471.438454466046,1479.2884521484375,31100,0.0,0.0
2021-07-20 00:00:00+09:00,1479.2885231433054,1479.2885231433054,1453.9940849527654,1459.2274169921875,25300,0.0,0.0
2021-07-21 00:00:00+09:00,1485.3940096507351,1494.9884512867648,1470.5662362132352,1482.77734375,39200,0.0,0.0
2021-07-26 00:00:00+09:00,1488.8829490232108,1502.8385009765625,1480.160729052366,1502.8385009765625,14500,0.0,0.0
2021-07-27 00:00:00+09:00,1504.5829781789769,1519.4107524566828,1499.349646080963,1505.4552001953125,8900,0.0,0.0
2021-07-28 00:00:00+09:00,1486.2661527617793,1500.2217034919368,1467.0772705078125,1467.0772705078125,34900,0.0,0.0
2021-07-29 00:00:00+09:00,1470.5662396908663,1470.5662396908663,1449.6329124354802,1457.48291015625,15200,0.0,0.0
2021-07-30 00:00:00+09:00,1453.121666501846,1459.227219722442,1436.5494506173711,1447.01611328125,21400,0.0,0.0
2021-08-02 00:00:00+09:00,1449.6330736836007,1499.3497314453125,1449.6330736836007,1499.3497314453125,24100,0.0,0.0
2021-08-03 00:00:00+09:00,1499.3496545862267,1499.3496545862267,1475.799660011574,1483.649658203125,15800,0.0,0.0
2021-08-04 00:00:00+09:00,1485.394035622926,1488.8829235515764,1470.5662619261614,1478.416259765625,19800,0.0,0.0
2021-08-05 00:00:00+09:00,1478.4162336233926,1478.4162336233926,1449.6329087209901,1453.9940185546875,18500,0.0,0.0
2021-08-06 00:00:00+09:00,1454.8663729224056,1466.2052595219207,1446.14415246124,1464.4608154296875,20000,0.0,0.0
2021-08-10 00:00:00+09:00,1464.4607044041757,1491.4995857838835,1454.8662626242794,1474.9273681640625,21300,0.0,0.0
2021-08-11 00:00:00+09:00,1486.2661839310458,1498.4772910760191,1473.1828548471458,1494.9884033203125,30300,0.0,0.0
2021-08-12 00:00:00+09:00,1497.6051171875,1504.5828929227941,1482.77734375,1482.77734375,32500,0.0,0.0
2021-08-13 00:00:00+09:00,1494.1161143818838,1500.221667680584,1474.9272325859695,1489.7550048828125,20000,0.0,0.0
2021-08-16 00:00:00+09:00,1494.1162217593362,1494.1162217593362,1465.3328969968973,1475.799560546875,16200,0.0,0.0
2021-08-17 00:00:00+09:00,1476.6718453831768,1491.499619376983,1476.6718453831768,1477.5440673828125,22700,0.0,0.0
2021-08-18 00:00:00+09:00,1468.8218288321068,1498.4773764451065,1468.8218288321068,1488.8829345703125,19600,0.0,0.0
2021-08-19 00:00:00+09:00,1481.0327669388562,1481.0327669388562,1443.5272257266238,1447.01611328125,33900,0.0,0.0
2021-08-20 00:00:00+09:00,1439.1664178478366,1439.1664178478366,1372.8775404196938,1380.7275390625,53600,0.0,0.0
2021-08-23 00:00:00+09:00,1394.6828918644142,1422.593994140625,1388.577338241493,1422.593994140625,24400,0.0,0.0
2021-08-24 00:00:00+09:00,1423.4662497188062,1460.0995723218637,1423.4662497188062,1453.9940185546875,31500,0.0,0.0
2021-08-25 00:00:00+09:00,1460.0997314453125,1465.3330638160844,1447.0164005183833,1460.0997314453125,32200,0.0,0.0
2021-08-26 00:00:00+09:00,1462.7162567844177,1471.4384765625,1457.4829249175682,1471.4384765625,13900,0.0,0.0
2021-08-27 00:00:00+09:00,1470.5662545846917,1494.1162479855143,1460.9718128288011,1471.4384765625,22400,0.0,0.0
2021-08-30 00:00:00+09:00,1475.7995030105492,1514.1772678642515,1475.7995030105492,1506.3272705078125,25200,0.0,0.0
2021-08-31 00:00:00+09:00,1495.8605566996573,1526.3883231629156,1494.1161129017569,1515.0494384765625,30000,0.0,0.0
2021-09-01 00:00:00+09:00,1519.4106741198036,1526.3884498907328,1510.6884544061425,1518.5384521484375,18200,0.0,0.0
2021-09-02 00:00:00+09:00,1517.6662301770714,1518.5384521484375,1504.5829006065794,1518.5384521484375,10400,0.0,0.0
2021-09-03 00:00:00+09:00,1518.5383942750123,1566.510600871868,1512.4328407081398,1549.066162109375,71900,0.0,0.0
2021-09-06 00:00:00+09:00,1479.2885519366198,1563.8940882207305,1468.8218876540493,1548.194091796875,161900,0.0,0.0
2021-09-07 00:00:00+09:00,1548.1939310299215,1555.1717064937184,1505.455056314166,1513.3050537109375,56500,0.0,0.0
2021-09-08 00:00:00+09:00,1501.9662232309017,1506.3273330544528,1478.4162301837275,1479.2884521484375,56700,0.0,0.0
2021-09-09 00:00:00+09:00,1474.0551865395032,1489.7551826091546,1458.3551904698518,1484.5218505859375,35700,0.0,0.0
2021-09-10 00:00:00+09:00,1485.394114467076,1545.5774344308036,1485.394114467076,1526.3885498046875,61500,0.0,0.0
2021-09-13 00:00:00+09:00,1525.5163735616566,1525.5163735616566,1508.071932468899,1510.6885986328125,12100,0.0,0.0
2021-09-14 00:00:00+09:00,1517.6663329799742,1533.366329528043,1514.1774448581812,1529.87744140625,24500,0.0,0.0
2021-09-15 00:00:00+09:00,1530.7496337890625,1532.4940778161726,1515.049637545072,1530.7496337890625,12800,0.0,0.0
2021-09-16 00:00:00+09:00,1531.6217670115188,1548.1939843083405,1518.5384375666597,1533.3662109375,17900,0.0,0.0
2021-09-17 00:00:00+09:00,1526.3886125120398,1536.855277283551,1522.8997242548694,1528.133056640625,12500,0.0,0.0
2021-09-21 00:00:00+09:00,1521.1549288357269,1521.1549288357269,1479.2882794182299,1488.010498046875,26900,0.0,0.0
2021-09-22 00:00:00+09:00,1490.6273339093436,1491.4995558718417,1474.0551166218788,1475.799560546875,18200,0.0,0.0
2021-09-24 00:00:00+09:00,1478.4162268597147,1512.4328834069295,1478.4162268597147,1504.5828857421875,15500,0.0,0.0
2021-09-27 00:00:00+09:00,1504.5831162495301,1525.5164465625671,1504.5831162495301,1522.8997802734375,42600,0.0,0.0
2021-09-28 00:00:00+09:00,1516.793882274463,1523.7716574660649,1496.7327785986076,1515.0494384765625,14700,0.0,0.0
2021-09-29 00:00:00+09:00,1501.093946649293,1513.3050537109375,1491.4995053865723,1513.3050537109375,15900,0.0,0.0
2021-09-30 00:00:00+09:00,1513.3051240833054,1558.6606667071278,1513.3051240833054,1550.8106689453125,51400,0.0,0.0
2021-10-01 00:00:00+09:00,1548.1938706366716,1550.8105363335224,1515.0494384765625,1515.0494384765625,23200,0.0,0.0
2021-10-04 00:00:00+09:00,1535.1105072142655,1550.8105010380477,1535.1105072142655,1537.7271728515625,28800,0.0,0.0
2021-10-05 00:00:00+09:00,1535.9830585731731,1535.9830585731731,1497.6052876604988,1531.6219482421875,35200,0.0,0.0
2021-10-06 00:00:00+09:00,1531.6216941408447,1593.549450566813,1522.8994749259198,1549.9383544921875,71200,0.0,0.0
2021-10-07 00:00:00+09:00,1549.9385655348303,1576.977448782765,1536.8552349309912,1547.3218994140625,25600,0.0,0.0
2021-10-08 00:00:00+09:00,1549.0661819983598,1609.2494965016745,1538.599518606479,1595.2939453125,57300,0.0,0.0
2021-10-11 00:00:00+09:00,1598.7828264452494,1652.8605870778765,1598.7828264452494,1617.0994873046875,78100,0.0,0.0
2021-10-12 00:00:00+09:00,1622.3329153568786,1633.6718013244267,1609.2495853943233,1621.460693359375,63600,0.0,0.0
2021-10-13 00:00:00+09:00,1624.9496901414348,1624.9496901414348,1576.1052550110426,1607.5052490234375,70900,0.0,0.0
2021-10-14 00:00:00+09:00,1605.7605195690971,1608.377185271817,1563.0216464246726,1597.9105224609375,36700,0.0,0.0
2021-10-15 00:00:00+09:00,1620.5884962541816,1677.282926962751,1620.5884962541816,1645.8829345703125,57300,0.0,0.0
2021-10-18 00:00:00+09:00,1640.6495765863463,1658.0940165287848,1637.1606885978586,1650.2440185546875,39400,0.0,0.0
2021-10-19 00:00:00+09:00,1651.9885447297816,1651.9885447297816,1625.8218835144207,1640.649658203125,30600,0.0,0.0
2021-10-20 00:00:00+09:00,1643.2662469492252,1643.2662469492252,1604.8884789737656,1624.9495849609375,30100,0.0,0.0
2021-10-21 00:00:00+09:00,1610.1217305479588,1658.9661600770412,1609.2495085920825,1634.5439453125,66700,0.0,0.0
2021-10-22 00:00:00+09:00,1633.671850453612,1633.671850453612,1607.5051897415947,1609.2496337890625,20400,0.0,0.0
2021-10-25 00:00:00+09:00,1605.7608411634292,1610.1219515413852,1567.3830698374156,1581.338623046875,31100,0.0,0.0
2021-10-26 00:00:00+09:00,1583.955029215359,1590.9328046744574,1561.2772589732888,1567.3828125,14800,0.0,0.0
2021-10-27 00:00:00+09:00,1575.2331417488654,1575.2331417488654,1536.8553686387047,1561.277587890625,62300,0.0,0.0
2021-10-28 00:00:00+09:00,1556.8744336583516,1597.38134765625,1548.9491678761542,1597.38134765625,31700,17.0,0.0
2021-10-29 00:00:00+09:00,1596.500700896007,1605.3065514249424,1581.5307549968165,1599.1424560546875,17700,0.0,0.0
2021-11-01 00:00:00+09:00,1599.1424547132556,1654.6193129990127,1590.3366041917068,1602.664794921875,24600,0.0,0.0
2021-11-02 00:00:00+09:00,1605.3064235446238,1618.5151982858029,1600.9034986308975,1616.7540283203125,14900,0.0,0.0
2021-11-04 00:00:00+09:00,1606.1870085273692,1616.7540283203125,1593.8588187689354,1616.7540283203125,20600,0.0,0.0
2021-11-05 00:00:00+09:00,1616.7543224166723,1654.6194835625963,1600.0232047010313,1639.6495361328125,36600,0.0,0.0
2021-11-08 00:00:00+09:00,1642.291293272546,1651.0971447110046,1632.6048566902414,1636.127197265625,25500,0.0,0.0
2021-11-09 00:00:00+09:00,1637.8882069564893,1687.2009701766845,1624.679431093937,1656.3804931640625,58800,0.0,0.0
2021-11-10 00:00:00+09:00,1646.6939891929246,1647.5745742138834,1584.172452704851,1590.3365478515625,22300,0.0,0.0
2021-11-11 00:00:00+09:00,1592.0978845373377,1630.8436295150161,1591.2172994242085,1627.3212890625,26300,0.0,0.0
2021-11-12 00:00:00+09:00,1627.3213813361222,1631.7243071514254,1542.7852056822976,1565.680419921875,60300,0.0,0.0
2021-11-15 00:00:00+09:00,1578.8891884673292,1588.5756252063925,1551.5910485663323,1583.2921142578125,30300,0.0,0.0
2021-11-16 00:00:00+09:00,1595.6201171875,1606.187137831126,1581.5307563293322,1595.6201171875,52300,0.0,0.0
2021-11-17 00:00:00+09:00,1605.3067699911585,1605.3067699911585,1572.7251185980303,1591.2174072265625,23000,0.0,0.0
2021-11-18 00:00:00+09:00,1585.9336659421203,1585.9336659421203,1547.1879239646337,1555.9937744140625,15800,0.0,0.0
2021-11-19 00:00:00+09:00,1555.9939127415678,1555.9939127415678,1518.1287524428199,1520.7705078125,27300,0.0,0.0
2021-11-22 00:00:00+09:00,1520.770381741033,1533.9791574944293,1499.6363405355987,1531.33740234375,21500,0.0,0.0
2021-11-24 00:00:00+09:00,1528.6958343876518,1548.9492930229721,1519.0093976490205,1522.53173828125,13900,0.0,0.0
2021-11-25 00:00:00+09:00,1514.6064701069315,1550.710461545527,1514.6064701069315,1526.0540771484375,17400,0.0,0.0
2021-11-26 00:00:00+09:00,1537.5014871044864,1537.5014871044864,1460.8905882625102,1477.6217041015625,25300,0.0,0.0
2021-11-29 00:00:00+09:00,1459.1295582402704,1474.9800905567006,1418.6226423205042,1435.353759765625,42800,0.0,0.0
2021-11-30 00:00:00+09:00,1462.6518987550326,1466.174239269795,1435.353759765625,1435.353759765625,20700,0.0,0.0
2021-12-01 00:00:00+09:00,1435.3537783917382,1435.3537783917382,1394.8468619463272,1396.6080322265625,28200,0.0,0.0
2021-12-02 00:00:00+09:00,1396.6080037357685,1407.175025201613,1382.5186417813093,1392.205078125,10600,0.0,0.0
2021-12-03 00:00:00+09:00,1401.010769958496,1425.6671505737304,1392.2049197387694,1408.93603515625,15100,0.0,0.0
2021-12-06 00:00:00+09:00,1408.935918662754,1408.935918662754,1380.7572002894988,1387.8018798828125,15700,0.0,0.0
2021-12-07 00:00:00+09:00,1387.802117889251,1405.4138198929215,1386.9215327890674,1401.8914794921875,28300,0.0,0.0
2021-12-08 00:00:00+09:00,1403.6525837861436,1434.4730608454379,1401.8914136684698,1414.2196044921875,42400,0.0,0.0
2021-12-09 00:00:00+09:00,1411.57788523273,1413.3390553952163,1398.369109014083,1401.0108642578125,20100,0.0,0.0
2021-12-10 00:00:00+09:00,1410.6973335959694,1415.9808442086885,1381.638025226015,1394.8468017578125,54800,0.0,0.0
2021-12-13 00:00:00+09:00,1400.1302720616093,1452.9653766677077,1338.4893166878276,1343.7728271484375,94400,0.0,0.0
2021-12-14 00:00:00+09:00,1347.2951963227372,1347.2951963227372,1271.5648780980605,1276.848388671875,60200,0.0,0.0
2021-12-15 00:00:00+09:00,1282.1316549425137,1292.6986740766554,1262.7587865299208,1273.3258056640625,23800,0.0,0.0
2021-12-16 00:00:00+09:00,1275.9678688049316,1281.2513796488445,1247.7891443040637,1268.0426025390625,53100,0.0,0.0
2021-12-17 00:00:00+09:00,1268.0424248417721,1268.0424248417721,1249.5501394794962,1252.19189453125,57200,0.0,0.0
2021-12-20 00:00:00+09:00,1270.6843754359654,1306.7883666992188,1230.1774584089007,1232.8192138671875,58800,0.0,0.0
2021-12-21 00:00:00+09:00,1242.5055930158217,1244.2667632397988,1216.0880396561656,1224.0133056640625,35700,0.0,0.0
2021-12-22 00:00:00+09:00,1231.0580185145548,1232.8191887842465,1209.0433901434076,1221.37158203125,22800,0.0,0.0
2021-12-23 00:00:00+09:00,1221.3716533954328,1263.6397423377405,1221.3716533954328,1259.23681640625,22000,0.0,0.0
2021-12-24 00:00:00+09:00,1262.759136126852,1262.759136126852,1235.460995806118,1240.7445068359375,28900,0.0,0.0
2021-12-27 00:00:00+09:00,1241.6249042653064,1254.833679842597,1237.2219790728764,1253.072509765625,26700,0.0,0.0
2021-12-28 00:00:00+09:00,1264.5201943479938,1284.773651499807,1254.8337583188659,1283.89306640625,39800,0.0,0.0
2021-12-29 00:00:00+09:00,1297.1016493891902,1314.7133486341215,1289.1763847289712,1313.832763671875,33100,0.0,0.0
2021-12-30 00:00:00+09:00,1305.0271533203124,1327.9223665364582,1305.0271533203124,1320.877685546875,48200,0.0,0.0
2022-01-04 00:00:00+09:00,1338.4893751019908,1364.9069285579512,1329.6835239500042,1349.056396484375,45100,0.0,0.0
2022-01-05 00:00:00+09:00,1356.1011093468974,1357.8622796187765,1339.369991764046,1346.4146728515625,23500,0.0,0.0
2022-01-06 00:00:00+09:00,1342.8923323078043,1352.5787688031392,1337.608821492167,1346.4146728515625,21900,0.0,0.0
2022-01-07 00:00:00+09:00,1360.5039436070354,1364.0262839141085,1340.2504868413644,1343.7728271484375,30400,0.0,0.0
2022-01-11 00:00:00+09:00,1342.8924240991084,1349.9371056681528,1329.68364615715,1345.5341796875,42900,0.0,0.0
2022-01-12 00:00:00+09:00,1343.7727293817165,1364.9067696865404,1343.7727293817165,1362.2650146484375,33300,0.0,0.0
2022-01-13 00:00:00+09:00,1357.8623402481528,1368.4293623512513,1348.1759033203125,1348.1759033203125,18400,0.0,0.0
2022-01-14 00:00:00+09:00,1348.1758035089551,1368.4292610404418,1341.131122628438,1366.6680908203125,42900,0.0,0.0
2022-01-17 00:00:00+09:00,1364.906960706293,1376.354567473507,1341.1311620359252,1346.4146728515625,28700,0.0,0.0
2022-01-18 00:00:00+09:00,1346.4145521420337,1346.4145521420337,1335.8475314581199,1342.8922119140625,16000,0.0,0.0
2022-01-19 00:00:00+09:00,1325.2805581305765,1348.1757704305069,1298.863005476811,1301.5047607421875,82900,0.0,0.0
2022-01-20 00:00:00+09:00,1285.654156189608,1312.0717073441892,1251.3113396886529,1253.072509765625,77700,0.0,0.0
2022-01-21 00:00:00+09:00,1241.6248432360196,1256.5947881544682,1218.7296333607455,1254.8336181640625,39400,0.0,0.0
2022-01-24 00:00:00+09:00,1244.2668475224839,1249.5503585523034,1233.699825462845,1240.7445068359375,7100,0.0,0.0
2022-01-25 00:00:00+09:00,1249.550314585368,1274.2066985236274,1239.8638780381946,1268.0426025390625,48500,0.0,0.0
2022-01-26 00:00:00+09:00,1260.9978820008116,1265.400807566457,1219.6103816837458,1220.490966796875,13600,0.0,0.0
2022-01-27 00:00:00+09:00,1224.0133056640625,1275.967827271386,1221.3715503280969,1224.0133056640625,52100,0.0,0.0
2022-01-28 00:00:00+09:00,1250.4307546501668,1255.714264881083,1227.53554364953,1253.072509765625,53000,0.0,0.0
2022-01-31 00:00:00+09:00,1246.028030914815,1246.028030914815,1208.1628681378984,1216.088134765625,30400,0.0,0.0
2022-02-01 00:00:00+09:00,1228.416013710854,1246.0277128321566,1223.1325039744631,1235.460693359375,32400,0.0,0.0
2022-02-02 00:00:00+09:00,1235.4607560984475,1243.386021105494,1223.1325660874866,1230.17724609375,22100,0.0,0.0
2022-02-03 00:00:00+09:00,1230.1772679225926,1260.1171584804797,1225.7743428405504,1255.7142333984375,13300,0.0,0.0
2022-02-04 00:00:00+09:00,1229.2968131789835,1248.6696855929788,1229.2968131789835,1231.0579833984375,15200,0.0,0.0
2022-02-07 00:00:00+09:00,1232.8191871012311,1232.8191871012311,1219.610410096575,1224.8939208984375,6500,0.0,0.0
2022-02-08 00:00:00+09:00,1224.8939225706335,1230.1774333797089,1214.326900952483,1221.37158203125,11100,0.0,0.0
2022-02-09 00:00:00+09:00,1227.5356114215292,1239.8638026409708,1225.7744412473232,1233.69970703125,10600,0.0,0.0
2022-02-10 00:00:00+09:00,1248.6696272528482,1248.6696272528482,1222.2520751953125,1222.2520751953125,16700,0.0,0.0
2022-02-14 00:00:00+09:00,1222.2522424235447,1222.2522424235447,1194.9541015625,1194.9541015625,20700,0.0,0.0
2022-02-15 00:00:00+09:00,1201.9985567856381,1230.1772775307961,1201.9985567856381,1227.5355224609375,25600,0.0,0.0
2022-02-16 00:00:00+09:00,1243.386292456228,1243.386292456228,1227.5357589829898,1241.6251220703125,28400,0.0,0.0
2022-02-17 00:00:00+09:00,1248.6696417862438,1269.8036836782537,1248.6696417862438,1261.87841796875,23800,0.0,0.0
2022-02-18 00:00:00+09:00,1246.028133985612,1251.3116455078125,1233.6999404338108,1251.3116455078125,17800,0.0,0.0
2022-02-21 00:00:00+09:00,1242.5055405937285,1279.4901137368443,1231.0579346208592,1275.9677734375,32900,0.0,0.0
2022-02-22 00:00:00+09:00,1251.3115809874862,1252.1921661957815,1202.87939453125,1202.87939453125,25700,0.0,0.0
2022-02-24 00:00:00+09:00,1201.118140862797,1207.2822368936177,1177.3423418867737,1186.148193359375,39200,0.0,0.0
2022-02-25 00:00:00+09:00,1182.6257100083578,1182.6257100083578,1160.611083984375,1160.611083984375,39300,0.0,0.0
2022-02-28 00:00:00+09:00,1168.5364938270163,1179.9841007748319,1168.5364938270163,1179.103515625,47900,0.0,0.0
2022-03-01 00:00:00+09:00,1179.9839445891205,1194.9538901548033,1179.9839445891205,1188.789794921875,48300,0.0,0.0
2022-03-02 00:00:00+09:00,1188.7897706731449,1195.8344507956524,1158.849880152488,1170.2974853515625,91000,0.0,0.0
2022-03-03 00:00:00+09:00,1162.3722566793892,1172.9392771946564,1140.357630605916,1153.56640625,88700,0.0,0.0
2022-03-04 00:00:00+09:00,1137.715978994347,1146.5218302249534,1104.253744318043,1124.5072021484375,84200,0.0,0.0
2022-03-07 00:00:00+09:00,1003.8670089397025,1024.1204661376087,986.2553070284796,993.2999877929688,91800,0.0,0.0
2022-03-08 00:00:00+09:00,966.882383924647,993.299935397998,939.5842474021842,970.4047241210938,81500,0.0,0.0
2022-03-09 00:00:00+09:00,968.6435884778157,982.7329497647657,952.7930570299969,960.7183227539062,99200,0.0,0.0
2022-03-10 00:00:00+09:00,987.1360483996243,1007.3895088038985,972.1660994051608,985.3748779296875,64800,0.0,0.0
2022-03-11 00:00:00+09:00,972.1660095105658,990.6582977349516,938.703773675963,984.4942016601562,82800,0.0,0.0
2022-03-14 00:00:00+09:00,981.8523800583695,1013.5534434503886,970.4047738334737,996.8223266601562,70800,0.0,0.0
2022-03-15 00:00:00+09:00,986.2553337318601,1010.0311319557532,973.9271420602118,1001.2252807617188,70900,0.0,0.0
2022-03-16 00:00:00+09:00,1017.956473511366,1036.4487623900327,1001.2253550020962,1033.8070068359375,30300,0.0,0.0
2022-03-17 00:00:00+09:00,1038.2099609375,1043.4934721890904,1013.5535750967451,1038.2099609375,37300,0.0,0.0
2022-03-18 00:00:00+09:00,1030.2845760250989,1032.92633134824,1022.359310055675,1031.1651611328125,23000,0.0,0.0
2022-03-22 00:00:00+09:00,1039.0904541015625,1048.7768905381024,1038.2098689709678,1039.0904541015625,38300,0.0,0.0
2022-03-23 00:00:00+09:00,1056.7021436030323,1067.2691650390625,1048.7768775260095,1067.2691650390625,20000,0.0,0.0
2022-03-24 00:00:00+09:00,1047.8963568206634,1064.6274751228423,1039.0905050826748,1058.46337890625,17800,0.0,0.0
2022-03-25 00:00:00+09:00,1071.6720649776505,1072.5526500762353,1050.5380226116165,1055.821533203125,19900,0.0,0.0
2022-03-28 00:00:00+09:00,1063.7466395701206,1085.7612637334096,1063.7466395701206,1076.0748291015625,25700,0.0,0.0
2022-03-29 00:00:00+09:00,1069.911089821663,1091.0451360403624,1062.866407748763,1090.16455078125,64400,0.0,0.0
2022-03-30 00:00:00+09:00,1090.1643108224791,1090.1643108224791,1069.0302692556459,1079.5972900390625,34000,0.0,0.0
2022-03-31 00:00:00+09:00,1065.5080621429595,1065.5080621429595,1044.3740179351653,1054.9410400390625,37200,0.0,0.0
2022-04-01 00:00:00+09:00,1046.1351334855362,1050.5380591315193,1029.4040160308014,1042.61279296875,27600,0.0,0.0
2022-04-04 00:00:00+09:00,1044.3738711844014,1058.4632320098233,1038.2097758232794,1043.4932861328125,18400,0.0,0.0
2022-04-05 00:00:00+09:00,1056.7020565544337,1070.7914173084928,1048.7767911302756,1057.5826416015625,25200,0.0,0.0
2022-04-06 00:00:00+09:00,1054.0604604171058,1060.224556676855,1034.6875864578942,1044.3740234375,26700,0.0,0.0
2022-04-07 00:00:00+09:00,1035.568000793457,1035.568000793457,1011.7922048568726,1014.4339599609375,20500,0.0,0.0
2022-04-08 00:00:00+09:00,1021.478737687939,1025.8816632814214,995.061184127044,1002.9864501953125,16900,0.0,0.0
2022-04-11 00:00:00+09:00,1005.6282622202051,1017.9564545766699,1002.9865067152483,1011.7923583984375,18300,0.0,0.0
2022-04-12 00:00:00+09:00,1010.9115016023877,1015.3144262609347,987.135708446234,1000.344482421875,22700,0.0,0.0
2022-04-13 00:00:00+09:00,1000.3446956423153,1022.3593236274014,995.941770045298,1001.2252807617188,11300,0.0,0.0
2022-04-14 00:00:00+09:00,1011.7923182985481,1032.0457763671875,1010.911733165129,1032.0457763671875,11600,0.0,0.0
2022-04-15 00:00:00+09:00,1019.7173461914062,1024.1202708295384,1012.6726667703948,1019.7173461914062,9100,0.0,0.0
2022-04-18 00:00:00+09:00,1019.7175861515411,1038.2098739833048,1011.792319937928,1028.5234375,26200,0.0,0.0
2022-04-19 00:00:00+09:00,1039.090512357715,1052.2992900571776,1036.4487568178226,1044.3740234375,25100,0.0,0.0
2022-04-20 00:00:00+09:00,1044.3738645941391,1069.9108309290716,1043.4932795481068,1061.10498046875,33800,0.0,0.0
2022-04-21 00:00:00+09:00,1070.7913806352458,1081.3584008388832,1069.910795618276,1074.313720703125,36000,0.0,0.0
2022-04-22 00:00:00+09:00,1074.313765714608,1074.313765714608,1034.6874382907085,1036.4486083984375,26300,0.0,0.0
2022-04-25 00:00:00+09:00,1037.3291842258818,1061.10498046875,1032.0456739496888,1061.10498046875,29700,0.0,0.0
2022-04-26 00:00:00+09:00,1049.6573869559988,1059.3438225738814,1020.5980801023511,1029.4039306640625,78000,0.0,0.0
2022-04-27 00:00:00+09:00,1024.9360100616561,1025.82958984375,1003.4900952914036,1025.82958984375,19000,17.0,0.0
2022-04-28 00:00:00+09:00,1020.4681504256242,1038.33974675532,1016.8938311596851,1022.2553100585938,19300,0.0,0.0
2022-05-02 00:00:00+09:00,1021.3619002440142,1037.4463396179358,1021.3619002440142,1035.6591796875,15300,0.0,0.0
2022-05-06 00:00:00+09:00,1038.339703363847,1038.339703363847,1028.510325793277,1030.2974853515625,13400,0.0,0.0
2022-05-09 00:00:00+09:00,1034.7653911119996,1034.7653911119996,1021.3616943359375,1021.3616943359375,10800,0.0,0.0
2022-05-10 00:00:00+09:00,1018.6810554591473,1029.4040139376646,1000.8094579949517,1017.7874755859375,8900,0.0,0.0
2022-05-11 00:00:00+09:00,1018.6809762600249,1022.2552954749724,1003.4901195964983,1009.7451782226562,10200,0.0,0.0
2022-05-12 00:00:00+09:00,1003.4901994662047,1014.2131579645079,987.40576171875,987.40576171875,18200,0.0,0.0
2022-05-13 00:00:00+09:00,999.9159798664782,1009.7453594719574,990.0866002609989,999.0223999023438,18300,0.0,0.0
2022-05-16 00:00:00+09:00,1011.5323781443166,1013.3195378230168,973.1084450522621,975.7891845703125,32500,0.0,0.0
2022-05-17 00:00:00+09:00,972.2147885249764,976.6826873693008,948.088134765625,948.088134765625,34800,0.0,0.0
2022-05-18 00:00:00+09:00,959.7047590147774,960.5983388648843,943.6203217128538,947.1946411132812,40200,0.0,0.0
2022-05-19 00:00:00+09:00,923.9615698505219,928.4294691244605,903.4092331904038,912.3450317382812,74000,0.0,0.0
2022-05-20 00:00:00+09:00,915.9191266562464,959.7045288085938,910.5576488416732,959.7045288085938,44200,0.0,0.0
2022-05-23 00:00:00+09:00,969.5341150126326,993.6607704092603,949.8753587635285,974.0020141601562,50500,0.0,0.0
2022-05-24 00:00:00+09:00,974.8956473055753,982.9378662109375,965.066268643466,982.9378662109375,24200,0.0,0.0
2022-05-25 00:00:00+09:00,977.5764347870266,979.3635946312442,939.1524981363482,970.4277954101562,20300,0.0,0.0
2022-05-26 00:00:00+09:00,970.4276698153573,982.0442072993347,970.4276698153573,974.8955688476562,12100,0.0,0.0
2022-05-27 00:00:00+09:00,974.8956473055753,982.9378662109375,974.8956473055753,982.9378662109375,9600,0.0,0.0
2022-05-30 00:00:00+09:00,994.5543356405722,1003.4901338044588,981.1506383947424,991.8735961914062,21900,0.0,0.0
2022-05-31 00:00:00+09:00,1005.2774158728577,1037.446293180789,1005.2774158728577,1032.9783935546875,37400,0.0,0.0
2022-06-01 00:00:00+09:00,1032.9780855412616,1064.2533735983068,1032.9780855412616,1057.104736328125,35000,0.0,0.0
2022-06-02 00:00:00+09:00,1057.1048650587104,1057.9984448263,1037.4461101717352,1048.1690673828125,29900,0.0,0.0
2022-06-03 00:00:00+09:00,1049.0626903924772,1067.8278662853581,1040.1268923482482,1055.3177490234375,72900,0.0,0.0
2022-06-06 00:00:00+09:00,1001.7029112441526,1037.4461016542919,985.6184755595899,1026.72314453125,110400,0.0,0.0
2022-06-07 00:00:00+09:00,1028.510325096023,1028.510325096023,1010.6387295252841,1015.1066284179688,46500,0.0,0.0
2022-06-08 00:00:00+09:00,1015.1068362730886,1042.8078150798365,1010.6389364655486,1040.1270751953125,32600,0.0,0.0
2022-06-09 00:00:00+09:00,1038.339856828962,1065.147254165338,1021.361838515924,1050.8499755859375,36300,0.0,0.0
2022-06-10 00:00:00+09:00,1050.8499755859375,1072.2958934550384,1030.2976376280492,1050.8499755859375,35400,0.0,0.0
2022-06-13 00:00:00+09:00,1033.8718403436262,1040.1268990146768,1016.000244140625,1016.000244140625,50800,0.0,0.0
2022-06-14 00:00:00+09:00,1016.0002259599402,1016.0002259599402,998.1286300767398,1007.9580078125,11000,0.0,0.0
2022-06-15 00:00:00+09:00,1007.9581097031673,1008.851689587656,981.1507131685087,989.1929321289062,25600,0.0,0.0
2022-06-16 00:00:00+09:00,990.9800802900617,1004.3837784003871,990.9800802900617,1002.5966186523438,6600,0.0,0.0
2022-06-17 00:00:00+09:00,983.8314260709084,987.4057455116747,948.9818115234375,948.9818115234375,46200,0.0,0.0
2022-06-20 00:00:00+09:00,965.066268643466,982.9378662109375,952.5561503462358,982.9378662109375,33000,0.0,0.0
2022-06-21 00:00:00+09:00,992.7672011820016,992.7672011820016,976.6827640791429,990.9800415039062,25100,0.0,0.0
2022-06-22 00:00:00+09:00,1000.8095133828475,1005.2774129961638,990.9801342335517,996.3416137695312,10300,0.0,0.0
2022-06-23 00:00:00+09:00,995.4479406991447,998.1286802162879,980.2570834353337,990.9800415039062,3600,0.0,0.0
2022-06-24 00:00:00+09:00,990.9800946846724,1001.7030533286905,989.1929349106694,999.9158935546875,16200,0.0,0.0
2022-06-27 00:00:00+09:00,1008.8517326868168,1009.74531260948,982.9379149295823,996.3416137695312,18300,0.0,0.0
2022-06-28 00:00:00+09:00,996.3414039008437,1021.3616364651698,996.3414039008437,1016.8937377929688,8200,0.0,0.0
2022-06-29 00:00:00+09:00,1017.7874466941867,1023.14892578125,1014.2131273028111,1023.14892578125,16700,0.0,0.0
2022-06-30 00:00:00+09:00,1018.680928999487,1018.680928999487,1007.0643920898438,1007.0643920898438,36700,0.0,0.0
2022-07-01 00:00:00+09:00,1007.9581761853448,1019.5747154498922,1001.7031165813577,1010.638916015625,19300,0.0,0.0
2022-07-04 00:00:00+09:00,1013.3194762703002,1023.1488539060791,1011.5323167001586,1021.3616943359375,11400,0.0,0.0
2022-07-05 00:00:00+09:00,1021.3617623768682,1032.0847205120585,982.9378290591033,1027.6168212890625,32900,0.0,0.0
2022-07-06 00:00:00+09:00,1026.7232442375357,1053.5306396484375,1026.7232442375357,1053.5306396484375,34400,0.0,0.0
2022-07-07 00:00:00+09:00,1053.5305894145918,1057.1049086322832,1034.765413521711,1055.3177490234375,17300,0.0,0.0
2022-07-08 00:00:00+09:00,1055.317792672822,1072.295809659091,1028.5103974313447,1032.084716796875,40200,0.0,0.0
2022-07-11 00:00:00+09:00,1058.8920791625976,1075.870095621745,1058.8920791625976,1072.2957763671875,36500,0.0,0.0
2022-07-12 00:00:00+09:00,1066.934326171875,1068.7214858472048,1047.2755697432474,1066.934326171875,52700,0.0,0.0
2022-07-13 00:00:00+09:00,1066.9343230284335,1069.6150625335301,1041.0205078125,1041.0205078125,13400,0.0,0.0
2022-07-14 00:00:00+09:00,1049.956395674725,1050.8499755859375,1037.4462769177496,1050.8499755859375,13400,0.0,0.0
2022-07-15 00:00:00+09:00,1056.211493130388,1065.1472925646551,1036.552734375,1036.552734375,4200,0.0,0.0
2022-07-19 00:00:00+09:00,1049.0626607135596,1049.0626607135596,1018.680948222707,1030.2974853515625,27000,0.0,0.0
2022-07-20 00:00:00+09:00,1049.9563157656314,1088.3802490234375,1044.5948367064027,1088.3802490234375,28700,0.0,0.0
2022-07-21 00:00:00+09:00,1088.3801918588033,1099.1031494140625,1061.5727979706555,1099.1031494140625,34400,0.0,0.0
2022-07-22 00:00:00+09:00,1099.1029802904427,1099.1029802904427,1049.9560990579432,1057.104736328125,23100,0.0,0.0
2022-07-25 00:00:00+09:00,1068.7214902935607,1068.7214902935607,1024.0424982244317,1032.084716796875,34400,0.0,0.0
2022-07-26 00:00:00+09:00,1031.1912755802325,1045.4885549643604,1024.9362158496765,1040.1270751953125,39000,0.0,0.0
2022-07-27 00:00:00+09:00,1036.5525218940384,1044.5947397363195,1022.2552457299826,1026.72314453125,37000,0.0,0.0
2022-07-28 00:00:00+09:00,1037.446203346752,1037.446203346752,1017.7874466941867,1023.14892578125,37200,0.0,0.0
2022-07-29 00:00:00+09:00,1022.255302647182,1025.8296218872072,999.915807397025,1000.8093872070312,30800,0.0,0.0
2022-08-01 00:00:00+09:00,984.7249826305723,1004.3837390896218,975.7891842400952,990.9800415039062,48900,0.0,0.0
2022-08-02 00:00:00+09:00,990.9801336186586,990.9801336186586,958.8112564227418,970.4277954101562,46600,0.0,0.0
2022-08-03 00:00:00+09:00,974.002036092009,975.7891957912605,962.385498046875,962.385498046875,31300,0.0,0.0
2022-08-04 00:00:00+09:00,965.0662841796875,969.5341836434823,964.1727042869285,965.0662841796875,16000,0.0,0.0
2022-08-05 00:00:00+09:00,960.5983025637222,977.5763190741508,960.5983025637222,976.6827392578125,22500,0.0,0.0
2022-08-08 00:00:00+09:00,973.1085351764826,975.789274942809,961.4919961890682,970.4277954101562,18300,0.0,0.0
2022-08-09 00:00:00+09:00,971.3213794577683,971.3213794577683,961.4920002728231,965.9598999023438,13600,0.0,0.0
2022-08-10 00:00:00+09:00,968.6404418945312,969.5340216379765,964.1725431773056,968.6404418945312,11700,0.0,0.0
2022-08-12 00:00:00+09:00,968.6405351831278,975.7891738191656,966.8533755241184,974.0020141601562,14000,0.0,0.0
2022-08-15 00:00:00+09:00,974.0020318764573,983.8314101797977,970.4277124934245,982.0442504882812,24400,0.0,0.0
2022-08-16 00:00:00+09:00,974.0020712935217,978.469970703125,971.3213316477596,978.469970703125,16300,0.0,0.0
2022-08-17 00:00:00+09:00,978.469962970164,992.7672409679016,978.469962970164,987.40576171875,19000,0.0,0.0
2022-08-18 00:00:00+09:00,982.937841042944,990.0864798868927,976.6827820544888,983.8314208984375,20200,0.0,0.0
2022-08-19 00:00:00+09:00,988.2992698669434,1002.5965468270439,982.9377910069057,1000.8093872070312,21500,0.0,0.0
2022-08-22 00:00:00+09:00,994.5541823946079,1019.5744133982458,992.7670230372051,1001.7028198242188,49300,0.0,0.0
2022-08-23 00:00:00+09:00,1000.809459841629,1000.809459841629,986.5121818438913,987.40576171875,13200,0.0,0.0
2022-08-24 00:00:00+09:00,987.4057935273507,994.554432756508,987.4057935273507,992.7672729492188,6400,0.0,0.0
2022-08-25 00:00:00+09:00,992.7671760077949,994.5543356405722,986.5121172930743,991.8735961914062,9700,0.0,0.0
2022-08-26 00:00:00+09:00,991.8736287916216,991.8736287916216,976.682771413732,982.0442504882812,13800,0.0,0.0
2022-08-29 00:00:00+09:00,972.2148871930028,972.2148871930028,960.5983490188218,964.1726684570312,17300,0.0,0.0
2022-08-30 00:00:00+09:00,966.853271484375,966.853271484375,961.4917930842768,966.853271484375,10400,0.0,0.0
2022-08-31 00:00:00+09:00,966.8534225974383,966.8534225974383,957.9176238673326,961.491943359375,20000,0.0,0.0
2022-09-01 00:00:00+09:00,959.7047698457362,959.7047698457362,945.4074920826713,948.9818115234375,20900,0.0,0.0
2022-09-02 00:00:00+09:00,945.4074958794051,950.768975062086,943.6203361518449,944.513916015625,17900,0.0,0.0
2022-09-05 00:00:00+09:00,945.4075250598389,948.9818446252825,939.1524658203125,939.1524658203125,14600,0.0,0.0
2022-09-06 00:00:00+09:00,940.9396508789063,942.7268107096354,935.5781713867187,938.2589111328125,33900,0.0,0.0
2022-09-07 00:00:00+09:00,936.4716255908297,938.258785181652,927.5358276367188,927.5358276367188,30300,0.0,0.0
2022-09-08 00:00:00+09:00,936.4716152325202,961.4918492272822,936.4716152325202,940.9395141601562,35700,0.0,0.0
2022-09-09 00:00:00+09:00,940.9395747960172,965.9598104031287,940.045994952906,956.1304321289062,32900,0.0,0.0
2022-09-12 00:00:00+09:00,939.1524045565602,999.9158332053196,935.5780852242802,954.34326171875,90000,0.0,0.0
2022-09-13 00:00:00+09:00,957.0240210569659,1009.7452323010004,957.0240210569659,1003.4901733398438,88700,0.0,0.0
2022-09-14 00:00:00+09:00,976.6826360186734,999.9157087876446,974.0018968530228,984.724853515625,58400,0.0,0.0
2022-09-15 00:00:00+09:00,982.9378161452332,985.6185556438112,965.0662194880472,969.5341186523438,25600,0.0,0.0
2022-09-16 00:00:00+09:00,969.5340900088974,980.2570476864151,964.1726111701386,974.8955688476562,12300,0.0,0.0
2022-09-20 00:00:00+09:00,973.108437983781,981.1506564795146,969.5341186523438,969.5341186523438,11400,0.0,0.0
2022-09-21 00:00:00+09:00,970.4277528327559,970.4277528327559,960.598374120822,963.2791137695312,16800,0.0,0.0
2022-09-22 00:00:00+09:00,963.2790962411935,964.1726761078365,953.4497177081201,955.2368774414062,12100,0.0,0.0
2022-09-26 00:00:00+09:00,955.2368564751312,955.2368564751312,935.5780998404699,936.4716796875,20400,0.0,0.0
2022-09-27 00:00:00+09:00,939.1524724545685,946.3011116359544,932.8974131708559,945.4075317382812,16300,0.0,0.0
2022-09-28 00:00:00+09:00,933.7908862045965,942.7266841587075,926.6422478413077,927.5358276367188,32300,0.0,0.0
2022-09-29 00:00:00+09:00,942.7268041243146,946.3011237608049,932.0038452148438,932.0038452148438,35300,0.0,0.0
2022-09-30 00:00:00+09:00,930.2166320269014,932.003791742611,915.9193543012237,923.0679931640625,20200,0.0,0.0
2022-10-03 00:00:00+09:00,915.0257601351351,932.8973570127745,915.0257601351351,925.7487182617188,18800,0.0,0.0
2022-10-04 00:00:00+09:00,941.8331948163056,946.3010942224552,932.0038161227768,937.3652954101562,22400,0.0,0.0
2022-10-05 00:00:00+09:00,941.8331764242845,950.768975062086,940.9395965605044,944.513916015625,12100,0.0,0.0
2022-10-06 00:00:00+09:00,944.5139305505626,954.3433092034066,938.2588714078437,941.8331909179688,21200,0.0,0.0
2022-10-07 00:00:00+09:00,938.2588106043199,960.5983060948989,938.2588106043199,957.0239868164062,32500,0.0,0.0
2022-10-11 00:00:00+09:00,944.5138258049639,948.981724697135,930.2165493500164,934.6844482421875,47100,0.0,0.0
2022-10-12 00:00:00+09:00,934.6844768817608,940.0459557166466,929.322998046875,929.322998046875,17800,0.0,0.0
2022-10-13 00:00:00+09:00,929.3230231893648,934.6845021693034,925.7487038694056,928.429443359375,10000,0.0,0.0
2022-10-14 00:00:00+09:00,932.0037804523497,941.8331587696803,927.5358812171994,936.4716796875,11200,0.0,0.0
2022-10-17 00:00:00+09:00,939.1523832159033,940.0459630286682,934.6844841520789,935.5780639648438,11000,0.0,0.0
2022-10-18 00:00:00+09:00,944.5139400770147,965.9598573540709,939.1524607577506,958.8112182617188,24100,0.0,0.0
2022-10-19 00:00:00+09:00,951.6625742455051,978.469970703125,951.6625742455051,978.469970703125,38700,0.0,0.0
2022-10-20 00:00:00+09:00,971.3213119290297,971.3213119290297,942.7267562880646,944.513916015625,42900,0.0,0.0
2022-10-21 00:00:00+09:00,944.5139705403647,945.4075504557292,933.7910115559896,938.2589111328125,18100,0.0,0.0
2022-10-24 00:00:00+09:00,945.4074927809136,945.4074927809136,930.2166351464376,933.7909545898438,18900,0.0,0.0
2022-10-25 00:00:00+09:00,938.2588859289516,942.7267853857562,937.3653060375907,939.1524658203125,10900,0.0,0.0
2022-10-26 00:00:00+09:00,945.4075678657083,972.2149658203125,942.7268280702478,972.2149658203125,44100,0.0,0.0
2022-10-27 00:00:00+09:00,963.2790237898679,964.172603589302,948.9817469989237,953.4496459960938,112400,0.0,0.0
2022-10-28 00:00:00+09:00,948.0013958525362,961.6221055630612,947.0933485385012,954.3577270507812,26600,17.0,0.0
2022-10-31 00:00:00+09:00,960.7140230317517,961.6220703125,949.8174556627715,961.6220703125,22400,0.0,0.0
2022-11-01 00:00:00+09:00,961.6220506630052,961.6220506630052,949.8174362544886,956.1737670898438,13200,0.0,0.0
2022-11-02 00:00:00+09:00,956.1738345467085,959.8060238517292,950.7255505891774,957.9899291992188,16900,0.0,0.0
2022-11-04 00:00:00+09:00,953.4497261047363,958.8980102539062,948.9094893137614,958.8980102539062,15000,0.0,0.0
2022-11-07 00:00:00+09:00,961.6220374384645,961.6220374384645,950.7254704419946,952.5415649414062,18200,0.0,0.0
2022-11-08 00:00:00+09:00,953.449625303263,958.8979088764245,953.449625303263,956.1737670898438,10100,0.0,0.0
2022-11-09 00:00:00+09:00,956.173935253814,960.7141723632812,949.8176033005598,960.7141723632812,12500,0.0,0.0
2022-11-10 00:00:00+09:00,953.449678241082,962.5301513671875,950.7255363032504,962.5301513671875,19500,0.0,0.0
2022-11-11 00:00:00+09:00,962.5302672070682,967.9785517384289,954.357840410027,960.7141723632812,25400,0.0,0.0
2022-11-14 00:00:00+09:00,967.070303540711,991.5875788417432,962.5300673738533,989.771484375,42600,0.0,0.0
2022-11-15 00:00:00+09:00,990.6795914210006,999.760064302953,982.5071658272435,997.9439697265625,22800,0.0,0.0
2022-11-16 00:00:00+09:00,997.035868885753,998.8519633645977,988.8634437309518,991.5875854492188,15800,0.0,0.0
2022-11-17 00:00:00+09:00,991.5877474850172,1000.6682213630851,990.6797000972103,994.3118896484375,25300,0.0,0.0
2022-11-18 00:00:00+09:00,997.9440434889046,1002.4842802654692,992.495759357027,1001.5762329101562,29700,0.0,0.0
2022-11-21 00:00:00+09:00,1001.5762329101562,1012.4728011739114,995.2199014229658,1001.5762329101562,62900,0.0,0.0
2022-11-22 00:00:00+09:00,1004.3002180344988,1013.3806901686262,995.2197459003713,1008.8404541015625,51000,0.0,0.0
2022-11-24 00:00:00+09:00,1014.2888729899453,1017.921062329211,1008.8405889810468,1012.4727783203125,36100,0.0,0.0
2022-11-25 00:00:00+09:00,1017.0128712150621,1027.9094376923663,1011.56458797641,1023.3692016601562,44900,0.0,0.0
2022-11-28 00:00:00+09:00,1036.9900629082852,1036.9900629082852,996.1279325835279,1014.2888793945312,29200,0.0,0.0
2022-11-29 00:00:00+09:00,1014.289035039639,1017.0131774793158,1003.392465280932,1015.1970825195312,12100,0.0,0.0
2022-11-30 00:00:00+09:00,1005.2082989370223,1009.74853515625,991.587590279339,1009.74853515625,21700,0.0,0.0
2022-12-01 00:00:00+09:00,1009.748610581809,1009.748610581809,994.3118062833461,1005.2083740234375,25900,0.0,0.0
2022-12-02 00:00:00+09:00,1005.2084077359967,1006.116455078125,989.7716029198161,1006.116455078125,16200,0.0,0.0
2022-12-05 00:00:00+09:00,1006.1164844283641,1006.1164844283641,989.7716317932462,997.0360107421875,10100,0.0,0.0
2022-12-06 00:00:00+09:00,997.0358622419725,997.0358622419725,962.5300673738533,989.771484375,37200,0.0,0.0
2022-12-07 00:00:00+09:00,985.2314157703696,994.3118896484375,984.3233683825629,994.3118896484375,26800,0.0,0.0
2022-12-08 00:00:00+09:00,995.2198083149874,995.2198083149874,980.6910519892213,992.4956665039062,23300,0.0,0.0
2022-12-09 00:00:00+09:00,988.8635509842183,1004.3003557286919,988.8635509842183,996.1279296875,64900,0.0,0.0
2022-12-12 00:00:00+09:00,1007.9324803727397,1007.9324803727397,959.8059745531405,969.7944946289062,131000,0.0,0.0
2022-12-13 00:00:00+09:00,975.2428696113875,992.4957695393357,964.3463012358412,987.0474853515625,55600,0.0,0.0
2022-12-14 00:00:00+09:00,993.4037006472753,1002.4841732308884,980.6910390302169,988.8634643554688,24200,0.0,0.0
2022-12-15 00:00:00+09:00,994.3118540676529,1003.3923276207821,983.4152858038977,1001.5762329101562,32400,0.0,0.0
2022-12-16 00:00:00+09:00,993.4038067123399,1009.7486591079726,992.495759357027,1001.5762329101562,19200,0.0,0.0
2022-12-19 00:00:00+09:00,987.9553360168513,990.6794775683684,972.5185338915879,983.4151000976562,22300,0.0,0.0
2022-12-20 00:00:00+09:00,981.5991645512394,983.4152592127588,959.8060286130064,967.9784545898438,27700,0.0,0.0
2022-12-21 00:00:00+09:00,965.2542948192012,965.2542948192012,948.0013958525362,954.3577270507812,65200,0.0,0.0
2022-12-22 00:00:00+09:00,961.6221523284912,963.4382470448811,952.5416787465413,958.8980102539062,43200,0.0,0.0
2022-12-23 00:00:00+09:00,951.6335383865619,969.7944837756183,943.4611129614864,949.8174438476562,40500,0.0,0.0
2022-12-26 00:00:00+09:00,939.828917404701,970.7025243532612,908.9553104561408,948.0013427734375,81100,0.0,0.0
2022-12-27 00:00:00+09:00,953.449713413253,955.2658081054688,945.2772872982822,955.2658081054688,53700,0.0,0.0
2022-12-28 00:00:00+09:00,956.1738681793213,959.8060576121012,951.6336313883463,958.8980102539062,29400,0.0,0.0
2022-12-29 00:00:00+09:00,958.8980170480681,987.9555327161914,948.0014486725219,987.0474853515625,24900,0.0,0.0
2022-12-30 00:00:00+09:00,992.4955993765162,995.2197410033502,981.5990328691803,982.507080078125,31500,0.0,0.0
2023-01-04 00:00:00+09:00,987.0474403573327,987.0474403573327,971.6106358623238,974.3347778320312,24300,0.0,0.0
2023-01-05 00:00:00+09:00,979.7830715847106,979.7830715847106,957.0818882764457,959.8060302734375,10800,0.0,0.0
2023-01-06 00:00:00+09:00,957.9899163069211,967.9784367613062,945.2772539104312,954.3577270507812,18600,0.0,0.0
2023-01-10 00:00:00+09:00,967.9785134674783,984.3233664153344,957.9899922215661,976.1509399414062,19900,0.0,0.0
2023-01-11 00:00:00+09:00,971.6107030114463,980.6911768713663,971.6107030114463,976.1509399414062,6300,0.0,0.0
2023-01-12 00:00:00+09:00,977.058958048315,985.2313842773438,971.6106738956294,985.2313842773438,8300,0.0,0.0
2023-01-13 00:00:00+09:00,985.2311944653343,987.0472888330123,979.7829113623001,983.4151000976562,15400,0.0,0.0
2023-01-16 00:00:00+09:00,986.1392903265552,986.1392903265552,971.6105346679688,971.6105346679688,6500,0.0,0.0
2023-01-17 00:00:00+09:00,971.6106279161241,983.4152430216471,971.6106279161241,980.6911010742188,4700,0.0,0.0
2023-01-18 00:00:00+09:00,984.3233683825629,995.2199370362443,978.875084055722,994.3118896484375,18400,0.0,0.0
2023-01-19 00:00:00+09:00,987.95555793379,994.3118896484375,979.7831314435289,994.3118896484375,5400,0.0,0.0
2023-01-20 00:00:00+09:00,991.5877474850172,999.7601739752783,988.8636053215968,994.3118896484375,18600,0.0,0.0
2023-01-23 00:00:00+09:00,994.3117857237121,1013.3807788745778,993.4037384308136,1007.9324951171875,15600,0.0,0.0
2023-01-24 00:00:00+09:00,1007.932594013724,1023.3693995076279,1003.3923571037523,1018.8291625976562,20700,0.0,0.0
2023-01-25 00:00:00+09:00,1018.8290058507328,1026.0933837890625,1008.8404861855296,1026.0933837890625,14000,0.0,0.0
2023-01-26 00:00:00+09:00,1031.5418576082154,1034.2659998378147,1025.1855257391508,1027.90966796875,6400,0.0,0.0
2023-01-27 00:00:00+09:00,1033.3578011267239,1043.3463211727642,1029.7256120190727,1036.989990234375,13600,0.0,0.0
2023-01-30 00:00:00+09:00,1045.1624418308425,1053.3348675271739,1043.3463472316575,1044.25439453125,20400,0.0,0.0
2023-01-31 00:00:00+09:00,1047.8865837296196,1056.059009425951,1039.714158033288,1044.25439453125,29200,0.0,0.0
2023-02-01 00:00:00+09:00,1045.1623741442318,1048.7945631073742,1036.9899489771612,1042.438232421875,18900,0.0,0.0
2023-02-02 00:00:00+09:00,1039.714043618083,1042.4381852170823,1034.2657604200842,1037.89794921875,11500,0.0,0.0
2023-02-03 00:00:00+09:00,1035.1741181086245,1040.6224029407751,1034.2660706365994,1039.71435546875,5800,0.0,0.0
2023-02-06 00:00:00+09:00,1036.9902130526746,1046.0706877729258,1036.0821655806496,1039.71435546875,8400,0.0,0.0
2023-02-07 00:00:00+09:00,1036.990056360356,1040.6222456996215,1010.6566836506796,1012.4727783203125,40400,0.0,0.0
2023-02-08 00:00:00+09:00,1023.3692681659504,1033.3577880859375,1022.461220900497,1033.3577880859375,15400,0.0,0.0
2023-02-09 00:00:00+09:00,1027.909478273645,1031.5416672428096,1024.27728930448,1026.0933837890625,3300,0.0,0.0
2023-02-10 00:00:00+09:00,1026.0935185615767,1035.173992177166,1017.0130449459876,1029.7257080078125,17300,0.0,0.0
2023-02-13 00:00:00+09:00,1029.7257099609376,1036.0820415039063,1021.5532836914062,1021.5532836914062,8200,0.0,0.0
2023-02-14 00:00:00+09:00,1029.725544819079,1039.7140642132676,1022.461167077851,1035.173828125,7200,0.0,0.0
2023-02-15 00:00:00+09:00,1041.5304504128003,1051.5189726050764,1035.1741181086245,1039.71435546875,25700,0.0,0.0
2023-02-16 00:00:00+09:00,1044.2543510683959,1066.0474853515625,1044.2543510683959,1066.0474853515625,10300,0.0,0.0
2023-02-17 00:00:00+09:00,1067.8636215418985,1078.7601891086526,1048.794628300079,1060.5992431640625,39200,0.0,0.0
2023-02-20 00:00:00+09:00,1062.4154140805238,1095.1051191291554,1062.4154140805238,1082.3924560546875,40300,0.0,0.0
2023-02-21 00:00:00+09:00,1095.1049119415534,1112.3578085641814,1063.323260268291,1109.6336669921875,53700,0.0,0.0
2023-02-22 00:00:00+09:00,1100.5534288547599,1119.6224239091741,1098.737334087673,1115.990234375,30800,0.0,0.0
2023-02-24 00:00:00+09:00,1120.53032578125,1157.760263671875,1120.53032578125,1135.05908203125,55700,0.0,0.0
2023-02-27 00:00:00+09:00,1135.059176164602,1191.358111302366,1135.059176164602,1170.4730224609375,62100,0.0,0.0
2023-02-28 00:00:00+09:00,1197.7143292110627,1200.438470975758,1166.840722544515,1190.449951171875,70200,0.0,0.0
2023-03-01 00:00:00+09:00,1185.9098076888956,1224.0477953787376,1180.461523733204,1199.530517578125,61500,0.0,0.0
2023-03-02 00:00:00+09:00,1207.7030239953253,1215.8754504734893,1193.174265811923,1204.9788818359375,36100,0.0,0.0
2023-03-03 00:00:00+09:00,1214.9675071534516,1219.5077444746528,1171.3812288699198,1181.3697509765625,87700,0.0,0.0
2023-03-06 00:00:00+09:00,1182.2775278467589,1231.312079692938,1174.1051025390625,1174.1051025390625,119800,0.0,0.0
2023-03-07 00:00:00+09:00,1163.208515025951,1197.714310163333,1152.3119481404622,1176.8292236328125,37900,0.0,0.0
2023-03-08 00:00:00+09:00,1168.6569243287347,1198.62248649101,1161.3925456227287,1186.81787109375,49000,0.0,0.0
2023-03-09 00:00:00+09:00,1194.990260190474,1216.7833956346772,1185.0017397785475,1202.254638671875,24900,0.0,0.0
2023-03-10 00:00:00+09:00,1190.450098224019,1204.978856097081,1166.8408666802932,1171.381103515625,49500,0.0,0.0
2023-03-13 00:00:00+09:00,1147.771641000902,1151.4038297382467,1106.001470521439,1132.3348388671875,76600,0.0,0.0
2023-03-14 00:00:00+09:00,1112.3577963478876,1112.3577963478876,1070.5876260360485,1073.311767578125,73200,0.0,0.0
2023-03-15 00:00:00+09:00,1076.0359419315284,1105.0934525997216,1076.0359419315284,1090.564697265625,37200,0.0,0.0
2023-03-16 00:00:00+09:00,1036.0819637308632,1044.254389386935,1017.0129705333626,1034.265869140625,76000,0.0,0.0
2023-03-17 00:00:00+09:00,1044.2545928288755,1054.2431150211517,1029.7258332764738,1039.71435546875,29100,0.0,0.0
2023-03-20 00:00:00+09:00,1027.9094455832303,1036.0818705039449,1005.2082652479115,1008.8404541015625,53400,0.0,0.0
2023-03-22 00:00:00+09:00,1036.081862006389,1041.5301452421807,1027.001389946736,1031.5416259765625,34500,0.0,0.0
2023-03-23 00:00:00+09:00,1031.5417828044597,1058.783203125,1023.3693567082976,1058.783203125,21400,0.0,0.0
2023-03-24 00:00:00+09:00,1055.1509962040482,1056.9670908618864,1037.8980969545844,1045.1624755859375,17900,0.0,0.0
2023-03-27 00:00:00+09:00,1053.3347959776183,1080.5762131149704,1053.3347959776183,1075.1279296875,30700,0.0,0.0
2023-03-28 00:00:00+09:00,1071.4956394763005,1073.3117337804977,1036.9898476965552,1056.058837890625,47800,0.0,0.0
2023-03-29 00:00:00+09:00,1043.3462446351932,1062.4152360515022,1043.3462446351932,1057.875,32000,0.0,0.0
2023-03-30 00:00:00+09:00,1073.3120328403309,1073.3120328403309,1056.0591321432357,1070.587890625,24900,0.0,0.0
2023-03-31 00:00:00+09:00,1071.4957447476556,1102.369350952249,1071.4957447476556,1101.4613037109375,25100,0.0,0.0
2023-04-03 00:00:00+09:00,1102.3692894668704,1115.0819501361752,1099.6451478948766,1109.6336669921875,18300,0.0,0.0
2023-04-04 00:00:00+09:00,1107.8176344001185,1109.6337288827417,1097.8291147456912,1101.4613037109375,16200,0.0,0.0
2023-04-05 00:00:00+09:00,1090.5649288626842,1095.1051658687736,1079.6683600480694,1086.9327392578125,15400,0.0,0.0
2023-04-06 00:00:00+09:00,1079.6682707408843,1093.288980632485,1060.5992768926433,1061.50732421875,30300,0.0,0.0
2023-04-07 00:00:00+09:00,1060.599261015427,1074.219970703125,1051.5187878902948,1074.219970703125,15100,0.0,0.0
2023-04-10 00:00:00+09:00,1074.2198147588172,1078.760050662278,1068.7715316746644,1073.311767578125,8900,0.0,0.0
2023-04-11 00:00:00+09:00,1075.1281023163963,1075.1281023163963,1057.875202025846,1063.323486328125,31900,0.0,0.0
2023-04-12 00:00:00+09:00,1073.3118219925186,1086.9325303934388,1062.4152552717824,1071.4957275390625,63700,0.0,0.0
2023-04-13 00:00:00+09:00,1091.4728197588968,1091.4728197588968,1068.7716379835454,1086.0245361328125,31000,0.0,0.0
2023-04-14 00:00:00+09:00,1088.7488044777629,1088.7488044777629,1063.3234779344957,1069.6798095703125,29900,0.0,0.0
2023-04-17 00:00:00+09:00,1076.9441019020333,1100.5533317919599,1073.3119126881984,1096.921142578125,28700,0.0,0.0
2023-04-18 00:00:00+09:00,1094.1970006677489,1110.5418521300057,1086.0245749366204,1096.921142578125,37400,0.0,0.0
2023-04-19 00:00:00+09:00,1096.921052841025,1114.1739501953125,1096.013005611852,1114.1739501953125,33400,0.0,0.0
2023-04-20 00:00:00+09:00,1110.5419500737387,1115.990234375,1108.7258553066517,1115.990234375,9200,0.0,0.0
2023-04-21 00:00:00+09:00,1106.9097144432317,1119.622377283433,1098.7372883316739,1111.449951171875,21300,0.0,0.0
2023-04-24 00:00:00+09:00,1113.2660169307765,1129.6108687291076,1111.4499222865174,1120.5303955078125,39400,0.0,0.0
2023-04-25 00:00:00+09:00,1116.8982189961125,1131.4269763163873,1115.9901716635954,1124.16259765625,40700,0.0,0.0
2023-04-26 00:00:00+09:00,1131.4269452740464,1131.4269452740464,1099.6452895079215,1106.90966796875,149900,0.0,0.0
2023-04-27 00:00:00+09:00,1121.6438398800651,1147.428755739377,1117.0393906194738,1139.1407470703125,44900,17.0,0.0
2023-04-28 00:00:00+09:00,1139.1408724344274,1151.1124418294537,1123.4857432255467,1126.2484130859375,33300,0.0,0.0
2023-05-01 00:00:00+09:00,1132.694580078125,1138.2199194931402,1123.4856810530996,1132.694580078125,18800,0.0,0.0
2023-05-02 00:00:00+09:00,1132.694431154311,1142.82421875,1127.1690924657535,1142.82421875,25400,0.0,0.0
2023-05-08 00:00:00+09:00,1142.8245134024785,1142.8245134024785,1121.64404296875,1121.64404296875,17100,0.0,0.0
2023-05-09 00:00:00+09:00,1123.4856750739455,1126.2483447667503,1110.5932165075233,1118.8812255859375,17500,0.0,0.0
2023-05-10 00:00:00+09:00,1117.9603442141886,1135.4572524020548,1115.1976745003149,1119.8021240234375,12500,0.0,0.0
2023-05-11 00:00:00+09:00,1116.1185756312345,1117.9603554590087,1105.9887865784758,1107.83056640625,15900,0.0,0.0
2023-05-12 00:00:00+09:00,1107.830608847915,1117.0395083395852,1107.830608847915,1112.43505859375,28700,0.0,0.0
2023-05-15 00:00:00+09:00,1123.4857516818577,1141.903550889757,1112.4350721571182,1127.1693115234375,25400,0.0,0.0
2023-05-16 00:00:00+09:00,1128.0901331650584,1132.694582688181,1113.3558946910657,1119.8021240234375,41400,0.0,0.0
2023-05-17 00:00:00+09:00,1123.4857262713708,1127.1692860296375,1115.1977168152705,1124.4066162109375,39200,0.0,0.0
2023-05-18 00:00:00+09:00,1128.0902391210616,1139.1409190144925,1116.1186692365116,1117.96044921875,46600,0.0,0.0
2023-05-19 00:00:00+09:00,1117.03941591574,1121.6438652806028,1078.3620412508915,1089.4127197265625,63500,0.0,0.0
2023-05-22 00:00:00+09:00,1091.2544908862428,1099.542499677784,1082.9664820947019,1088.4918212890625,29400,0.0,0.0
2023-05-23 00:00:00+09:00,1094.9380653139347,1116.1185325151293,1090.3336159223707,1103.22607421875,26600,0.0,0.0
2023-05-24 00:00:00+09:00,1101.38449246936,1101.38449246936,1080.204021460334,1084.8084716796875,28400,0.0,0.0
2023-05-25 00:00:00+09:00,1083.8872945513974,1083.8872945513974,1078.3619557516452,1080.2037353515625,23400,0.0,0.0
2023-05-26 00:00:00+09:00,1082.0455261550023,1082.0455261550023,1051.656162441713,1055.3397216796875,38000,0.0,0.0
2023-05-29 00:00:00+09:00,1069.1532695819806,1079.283059388528,1058.1025897930194,1063.6279296875,36500,0.0,0.0
2023-05-30 00:00:00+09:00,1061.7860902792902,1066.3905399335802,1052.57719097071,1057.181640625,39100,0.0,0.0
2023-05-31 00:00:00+09:00,1055.3398206117831,1068.2322791532883,1031.3966833204163,1039.6846923828125,64100,0.0,0.0
2023-06-01 00:00:00+09:00,1036.0011327995253,1047.051811549387,1028.6340136329509,1039.6846923828125,68400,0.0,0.0
2023-06-02 00:00:00+09:00,1051.6561441635633,1080.2037277616985,1040.6054666417044,1066.390380859375,262100,0.0,0.0
2023-06-05 00:00:00+09:00,985.3523242100073,1035.0803854318208,976.1434239837455,1028.6341552734375,375400,0.0,0.0
2023-06-06 00:00:00+09:00,1030.4758018831237,1053.4980494676438,1030.4758018831237,1040.6055908203125,76600,0.0,0.0
2023-06-07 00:00:00+09:00,1049.8144586485437,1062.7069169126485,1017.5833129882812,1017.5833129882812,85800,0.0,0.0
2023-06-08 00:00:00+09:00,1025.8714021439985,1030.4758518843216,1009.2953830788352,1012.9789428710938,30800,0.0,0.0
2023-06-09 00:00:00+09:00,1014.820722767223,1023.1087322998046,1008.3744931307706,1012.9789428710938,42800,0.0,0.0
2023-06-12 00:00:00+09:00,1024.9505540344612,1050.7354736328125,1015.7416541779072,1050.7354736328125,55100,0.0,0.0
2023-06-13 00:00:00+09:00,1053.498177367631,1057.1817374283569,1040.6057171550901,1054.4190673828125,44800,0.0,0.0
2023-06-14 00:00:00+09:00,1052.577199432931,1059.0234290007616,1049.8145296181463,1058.1025390625,27500,0.0,0.0
2023-06-15 00:00:00+09:00,1058.102442741394,1063.627781867981,1047.9726543426514,1060.8651123046875,43100,0.0,0.0
2023-06-16 00:00:00+09:00,1062.707107463211,1062.707107463211,1042.4475265583665,1044.289306640625,84900,0.0,0.0
2023-06-19 00:00:00+09:00,1037.8429381030187,1047.0518372876063,1033.238488510725,1042.4473876953125,42900,0.0,0.0
2023-06-20 00:00:00+09:00,1036.921994928728,1049.814453125,1036.0011050575658,1049.814453125,21500,0.0,0.0
2023-06-21 00:00:00+09:00,1045.2099409604461,1076.5201946984685,1039.6846020655012,1069.153076171875,50700,0.0,0.0
2023-06-22 00:00:00+09:00,1070.9948902310218,1080.203788685287,1070.9948902310218,1072.836669921875,46500,0.0,0.0
2023-06-23 00:00:00+09:00,1077.4411191490074,1085.729127757846,1063.6277714676098,1072.836669921875,53500,0.0,0.0
2023-06-26 00:00:00+09:00,1067.311423995868,1083.8874426601694,1060.865194515306,1082.966552734375,36300,0.0,0.0
2023-06-27 00:00:00+09:00,1074.6786142202525,1083.8875140850362,1070.0741642878606,1077.4412841796875,41300,0.0,0.0
2023-06-28 00:00:00+09:00,1086.6501549600446,1094.9381646165193,1084.8083750363835,1087.571044921875,48300,0.0,0.0
2023-06-29 00:00:00+09:00,1093.0962243297784,1110.5931310376686,1093.0962243297784,1109.6722412109375,45700,0.0,0.0
2023-06-30 00:00:00+09:00,1112.4349988291008,1118.8812281269516,1101.3843200327851,1105.98876953125,68600,0.0,0.0
2023-07-03 00:00:00+09:00,1117.960335688336,1123.4856750739455,1111.5141064051247,1118.8812255859375,55900,0.0,0.0
2023-07-04 00:00:00+09:00,1123.485525607285,1129.9317540329005,1119.8019665069332,1129.0108642578125,35400,0.0,0.0
2023-07-05 00:00:00+09:00,1129.0111252974223,1139.1409151655066,1128.0902353094145,1130.8529052734375,19800,0.0,0.0
2023-07-06 00:00:00+09:00,1128.090068844893,1143.7451963309038,1123.4856195843017,1139.1407470703125,41000,0.0,0.0
2023-07-07 00:00:00+09:00,1133.615463947563,1133.615463947563,1118.8812255859375,1118.8812255859375,40900,0.0,0.0
2023-07-10 00:00:00+09:00,1118.8812044504525,1130.8527728931324,1089.4127282838563,1090.3336181640625,55000,0.0,0.0
2023-07-11 00:00:00+09:00,1097.7007742626704,1099.5425540852586,1077.4411962141983,1081.124755859375,23500,0.0,0.0
2023-07-12 00:00:00+09:00,1080.2039149041593,1080.2039149041593,1059.02344598447,1059.9443359375,25600,0.0,0.0
2023-07-13 00:00:00+09:00,1059.9443734893664,1059.9443734893664,1047.0519136901908,1050.7354736328125,31100,0.0,0.0
2023-07-14 00:00:00+09:00,1050.7352726322194,1066.390399393611,1045.2099337752577,1055.3397216796875,17900,0.0,0.0
2023-07-18 00:00:00+09:00,1056.2606864256977,1076.520263671875,1056.2606864256977,1076.520263671875,12200,0.0,0.0
2023-07-19 00:00:00+09:00,1086.6500349788453,1087.570924838997,1070.0740174961172,1074.678466796875,19900,0.0,0.0
2023-07-20 00:00:00+09:00,1080.2037539617652,1086.6499826725344,1062.7068474611058,1069.153076171875,32600,0.0,0.0
2023-07-21 00:00:00+09:00,1065.4695701896885,1068.2322397753144,1058.1024512946865,1061.7860107421875,33900,0.0,0.0
2023-07-24 00:00:00+09:00,1076.5204110519878,1082.0457510573872,1074.678631050188,1079.2830810546875,14800,0.0,0.0
2023-07-25 00:00:00+09:00,1082.0455666008997,1087.5709056643939,1076.5202275374058,1085.7291259765625,19700,0.0,0.0
2023-07-26 00:00:00+09:00,1090.333765532856,1096.779995565567,1086.6502055141639,1093.096435546875,9400,0.0,0.0
2023-07-27 00:00:00+09:00,1094.9381780664226,1105.9888577441325,1091.2546181738526,1102.3052978515625,33700,0.0,0.0
2023-07-28 00:00:00+09:00,1100.4634924909376,1100.4634924909376,1086.6501432128089,1099.5426025390625,39900,0.0,0.0
2023-07-31 00:00:00+09:00,1109.6723056483913,1109.6723056483913,1086.650058643238,1090.3336181640625,34300,0.0,0.0
2023-08-01 00:00:00+09:00,1092.1754862122616,1100.4634958040917,1084.8083665750794,1086.650146484375,27000,0.0,0.0
2023-08-02 00:00:00+09:00,1086.6502010618867,1088.4919810636866,1076.5204110519878,1079.2830810546875,214500,0.0,0.0
2023-08-03 00:00:00+09:00,1079.2830810546875,1086.6502010618867,1073.7577410492881,1079.2830810546875,60900,0.0,0.0
2023-08-04 00:00:00+09:00,1077.4411598411766,1093.0962878046807,1077.4411598411766,1090.3336181640625,18000,0.0,0.0
2023-08-07 00:00:00+09:00,1090.3336522779882,1094.938101823081,1080.203863278784,1094.0172119140625,18500,0.0,0.0
2023-08-08 00:00:00+09:00,1094.017107077206,1099.5424460018382,1085.7290986902574,1095.85888671875,12500,0.0,0.0
2023-08-09 00:00:00+09:00,1096.7799359855005,1096.7799359855005,1082.966586665784,1086.650146484375,11800,0.0,0.0
2023-08-10 00:00:00+09:00,1093.0963559758743,1097.7008056640625,1079.28300691131,1097.7008056640625,13800,0.0,0.0
2023-08-14 00:00:00+09:00,1100.463469966347,1109.6723692966095,1076.520331707665,1083.887451171875,38100,0.0,0.0
2023-08-15 00:00:00+09:00,1086.650188719673,1094.9381986336366,1080.2039587865902,1091.254638671875,32000,0.0,0.0
2023-08-16 00:00:00+09:00,1078.3620434215275,1086.6500522949636,1075.5993737970489,1076.520263671875,15900,0.0,0.0
2023-08-17 00:00:00+09:00,1073.7577535186583,1074.6786435302524,1045.210163159243,1067.3115234375,55100,0.0,0.0
2023-08-18 00:00:00+09:00,1053.49810626629,1068.2323455147698,1053.49810626629,1059.9443359375,22800,0.0,0.0
2023-08-21 00:00:00+09:00,1061.7859917767569,1074.678449612728,1059.944212085904,1072.836669921875,23700,0.0,0.0
2023-08-22 00:00:00+09:00,1082.9666240985578,1082.9666240985578,1070.995054274339,1077.4412841796875,13000,0.0,0.0
2023-08-23 00:00:00+09:00,1082.9666333007813,1105.9888831583658,1077.4412933349608,1105.0679931640625,30000,0.0,0.0
2023-08-24 00:00:00+09:00,1105.9886819040132,1109.6722412109375,1104.146902250551,1109.6722412109375,11900,0.0,0.0
2023-08-25 00:00:00+09:00,1102.3053399973026,1106.9097900390625,1095.8591099388389,1106.9097900390625,18100,0.0,0.0
2023-08-28 00:00:00+09:00,1106.909739210454,1110.593299074715,1096.7799495837362,1101.3843994140625,27600,0.0,0.0
2023-08-29 00:00:00+09:00,1105.0679305613091,1114.2768299826532,1103.22615067704,1111.51416015625,26100,0.0,0.0
2023-08-30 00:00:00+09:00,1116.1187598123506,1159.400592907384,1106.9098591538327,1154.796142578125,84300,0.0,0.0
2023-08-31 00:00:00+09:00,1140.982620532696,1160.321309016301,1135.4572809659517,1149.2706298828125,62900,0.0,0.0
2023-09-01 00:00:00+09:00,1148.3498287755303,1173.213858749018,1147.4289387765123,1172.29296875,42300,0.0,0.0
2023-09-04 00:00:00+09:00,1181.5017547723282,1279.116085252349,1171.3719657602505,1212.81201171875,112900,0.0,0.0
2023-09-05 00:00:00+09:00,1220.1791621861832,1229.3880615234375,1201.761363511675,1229.3880615234375,48800,0.0,0.0
2023-09-06 00:00:00+09:00,1237.6760620915034,1274.51165917756,1222.0209333299292,1268.0654296875,66100,0.0,0.0
2023-09-07 00:00:00+09:00,1266.2236837266926,1271.7490234375,1243.2014349316619,1271.7490234375,59700,0.0,0.0
2023-09-08 00:00:00+09:00,1257.0147736702559,1274.5116826077906,1243.2014245090443,1244.122314453125,81200,0.0,0.0
2023-09-11 00:00:00+09:00,1299.3757231365266,1404.357177734375,1299.3757231365266,1404.357177734375,380200,0.0,0.0
2023-09-12 00:00:00+09:00,1403.4361844396894,1448.559788795034,1375.809487895601,1445.797119140625,154800,0.0,0.0
2023-09-13 00:00:00+09:00,1475.2656790662738,1491.8416979321871,1452.2434306413945,1467.8985595703125,129000,0.0,0.0
2023-09-14 00:00:00+09:00,1462.373128410811,1464.214908169515,1418.17041420192,1444.876220703125,91300,0.0,0.0
2023-09-15 00:00:00+09:00,1445.7972235858122,1445.7972235858122,1377.6513671875,1377.6513671875,104800,0.0,0.0
2023-09-19 00:00:00+09:00,1372.1260671665013,1425.537685888419,1347.2620377614708,1421.8541259765625,108600,0.0,0.0
2023-09-20 00:00:00+09:00,1427.3793857900341,1470.6612123268933,1419.0913764531888,1466.0567626953125,96600,0.0,0.0
2023-09-21 00:00:00+09:00,1473.4238257047707,1519.4683202580447,1468.8193762494434,1486.3162841796875,160500,0.0,0.0
2023-09-22 00:00:00+09:00,1484.474515439569,1512.10121237703,1436.5882407479698,1474.3447265625,170300,0.0,0.0
2023-09-25 00:00:00+09:00,1481.7119901112485,1518.547589616811,1474.344870210136,1490.0,75400,0.0,0.0
2023-09-26 00:00:00+09:00,1491.841638108704,1515.7847755104488,1486.3162987083015,1501.050537109375,64700,0.0,0.0
2023-09-27 00:00:00+09:00,1491.8416371913397,1491.8416371913397,1443.0344725177958,1461.4522705078125,63800,0.0,0.0
2023-09-28 00:00:00+09:00,1488.1580577704815,1491.8416173194182,1457.7686914917526,1472.5029296875,53400,0.0,0.0
2023-09-29 00:00:00+09:00,1473.4239755536494,1499.2088951258384,1465.1359656911602,1476.1866455078125,94700,0.0,0.0
2023-10-02 00:00:00+09:00,1476.1866455078125,1526.8355946674692,1470.6613055994862,1476.1866455078125,111500,0.0,0.0
2023-10-03 00:00:00+09:00,1439.3509641367627,1441.1927440013012,1382.2557883360723,1387.7811279296875,106600,0.0,0.0
2023-10-04 00:00:00+09:00,1359.2335349136258,1362.9170946288389,1326.0814974767081,1334.3695068359375,148200,0.0,0.0
2023-10-05 00:00:00+09:00,1347.2619458458996,1367.5215239789206,1334.369487033977,1345.420166015625,64300,0.0,0.0
2023-10-06 00:00:00+09:00,1344.4993046201507,1364.7588831829203,1330.6859556000807,1335.2904052734375,58000,0.0,0.0
2023-10-10 00:00:00+09:00,1338.0530633812407,1396.9900186850257,1338.0530633812407,1386.8602294921875,59400,0.0,0.0
2023-10-11 00:00:00+09:00,1374.8887247777247,1395.148304111355,1340.8157958984375,1340.8157958984375,35800,0.0,0.0
2023-10-12 00:00:00+09:00,1344.4993488486566,1373.0469377625664,1344.4993488486566,1366.6007080078125,24600,0.0,0.0
2023-10-13 00:00:00+09:00,1366.6006959292763,1374.8887055407072,1307.6637386924342,1312.2681884765625,66100,0.0,0.0
2023-10-16 00:00:00+09:00,1302.1383227332162,1326.0814602092162,1298.4547631215241,1303.9801025390625,38100,0.0,0.0
2023-10-17 00:00:00+09:00,1319.6352824923358,1338.0530812710147,1304.9010434693928,1309.5054931640625,53300,0.0,0.0
2023-10-18 00:00:00+09:00,1309.5054787582492,1334.3695068359375,1309.5054787582492,1334.3695068359375,29600,0.0,0.0
2023-10-19 00:00:00+09:00,1316.8726806640625,1324.2398005558894,1308.5846707857572,1316.8726806640625,19800,0.0,0.0
2023-10-20 00:00:00+09:00,1305.8218480615374,1307.6636278190288,1281.8787112141465,1300.2965087890625,41800,0.0,0.0
2023-10-23 00:00:00+09:00,1292.0085532631967,1292.0085532631967,1252.4102868410175,1253.3311767578125,94600,0.0,0.0
2023-10-24 00:00:00+09:00,1254.2520374444484,1256.0938172351157,1192.552414457093,1223.8626708984375,147600,0.0,0.0
2023-10-25 00:00:00+09:00,1235.8342199588694,1241.3595592433353,1224.7835413899377,1234.913330078125,54100,0.0,0.0
2023-10-26 00:00:00+09:00,1224.7835583377932,1243.2013562075344,1219.2582189768707,1236.755126953125,78900,0.0,0.0
2023-10-27 00:00:00+09:00,1209.1283946012622,1253.3311081891225,1209.1283946012622,1245.9639892578125,269900,0.0,0.0
2023-10-30 00:00:00+09:00,1239.4358571716448,1256.2227988037662,1223.5815234079744,1233.8402099609375,91800,17.0,0.0
2023-10-31 00:00:00+09:00,1221.7162334021507,1233.8401349549965,1202.131469355246,1226.3792724609375,78100,0.0,0.0
2023-11-01 00:00:00+09:00,1245.031428509448,1245.031428509448,1224.5140566538616,1238.503173828125,30800,0.0,0.0
2023-11-02 00:00:00+09:00,1237.5706234619888,1241.301054881618,1204.9293485402331,1219.85107421875,50500,0.0,0.0
2023-11-06 00:00:00+09:00,1240.3683982933578,1268.3466328413283,1236.6379670202953,1263.68359375,57900,0.0,0.0
2023-11-07 00:00:00+09:00,1251.5596361888436,1267.4139683909377,1238.5031273165307,1258.087890625,36200,0.0,0.0
2023-11-08 00:00:00+09:00,1258.0879673281847,1258.0879673281847,1204.92932082136,1217.05322265625,81200,0.0,0.0
2023-11-09 00:00:00+09:00,1217.0532400556194,1251.5597303866982,1204.9293380474026,1243.166259765625,37600,0.0,0.0
2023-11-10 00:00:00+09:00,1225.4467014622044,1242.233642578125,1213.3227995451507,1242.233642578125,41100,0.0,0.0
2023-11-13 00:00:00+09:00,1245.0313727878456,1275.8074291938372,1241.3009417083315,1269.2791748046875,80900,0.0,0.0
2023-11-14 00:00:00+09:00,1278.6054276836717,1316.8423514874867,1269.2793487071312,1311.2467041015625,41400,0.0,0.0
2023-11-15 00:00:00+09:00,1319.6400239581478,1342.0226109369432,1297.2574369793522,1308.44873046875,82700,0.0,0.0
2023-11-16 00:00:00+09:00,1310.3140949144424,1342.9553713002113,1302.8532317405522,1323.37060546875,65200,0.0,0.0
2023-11-17 00:00:00+09:00,1327.100877262833,1352.2812874428023,1306.58350600508,1343.8878173828125,42200,0.0,0.0
2023-11-20 00:00:00+09:00,1342.9552564185685,1356.9443736729286,1339.224825150739,1348.5509033203125,34600,0.0,0.0
2023-11-21 00:00:00+09:00,1349.4834829477163,1352.2813063401443,1329.8987192007212,1345.7530517578125,38800,0.0,0.0
2023-11-22 00:00:00+09:00,1332.6966079573874,1349.4835491352972,1332.6966079573874,1340.157470703125,16800,0.0,0.0
2023-11-24 00:00:00+09:00,1337.359673431105,1370.000948584584,1337.359673431105,1367.203125,38400,0.0,0.0
2023-11-27 00:00:00+09:00,1360.6748699693042,1377.4618114768077,1352.2813992155525,1367.203125,47100,0.0,0.0
2023-11-28 00:00:00+09:00,1367.202946991153,1398.9116101546588,1357.8768695901222,1373.731201171875,48400,0.0,0.0
2023-11-29 00:00:00+09:00,1370.9335266194553,1431.5530362999073,1362.5400560483158,1400.7769775390625,94800,0.0,0.0
2023-11-30 00:00:00+09:00,1397.04659166838,1423.1596120733964,1379.327042107833,1417.56396484375,53900,0.0,0.0
2023-12-01 00:00:00+09:00,1417.5638426100234,1428.755136104313,1384.9225699183453,1393.3160400390625,36700,0.0,0.0
2023-12-04 00:00:00+09:00,1415.698598983654,1444.6094399378658,1399.8442668474734,1414.7659912109375,66900,0.0,0.0
2023-12-05 00:00:00+09:00,1426.8900359882578,1438.0813303881657,1390.5183291885571,1392.383544921875,57100,0.0,0.0
2023-12-06 00:00:00+09:00,1398.9118623546035,1426.8900996016957,1381.1923120981119,1423.15966796875,69000,0.0,0.0
2023-12-07 00:00:00+09:00,1415.6986742776537,1415.6986742776537,1398.9117334759426,1410.10302734375,73300,0.0,0.0
2023-12-08 00:00:00+09:00,1389.5855009130962,1390.5181086318298,1285.1334364149304,1334.5616455078125,329200,0.0,0.0
2023-12-11 00:00:00+09:00,1222.6488133789785,1279.5378886010362,1198.4010108253146,1259.953125,453800,0.0,0.0
2023-12-12 00:00:00+09:00,1250.6271786679074,1268.346728552091,1219.8511183427465,1248.761962890625,222500,0.0,0.0
2023-12-13 00:00:00+09:00,1224.5140188966743,1231.0422733767023,1178.8162375364786,1198.4010009765625,314000,0.0,0.0
2023-12-14 00:00:00+09:00,1198.4011522480087,1217.0533102596507,1180.6816021369486,1189.0750732421875,161900,0.0,0.0
2023-12-15 00:00:00+09:00,1190.0075042285673,1235.7052845633634,1190.0075042285673,1231.974853515625,99900,0.0,0.0
2023-12-18 00:00:00+09:00,1217.0533978326803,1236.6381651541258,1190.007766769732,1234.77294921875,100400,0.0,0.0
2023-12-19 00:00:00+09:00,1238.5032009948416,1266.4814359570744,1226.379299177874,1265.548828125,89400,0.0,0.0
2023-12-20 00:00:00+09:00,1266.481417204797,1279.5379266605166,1249.6944764760146,1263.68359375,156900,0.0,0.0
2023-12-21 00:00:00+09:00,1235.7053037175162,1256.222674798109,1231.0422648355632,1245.9639892578125,62500,0.0,0.0
2023-12-22 00:00:00+09:00,1242.2336922338452,1247.82933949616,1210.5250244140625,1210.5250244140625,83400,0.0,0.0
2023-12-25 00:00:00+09:00,1214.2553804621546,1221.7162430149174,1203.9966944521057,1215.18798828125,74900,0.0,0.0
2023-12-26 00:00:00+09:00,1204.9293485402331,1228.2445449129157,1204.9293485402331,1219.85107421875,40200,0.0,0.0
2023-12-27 00:00:00+09:00,1223.5814396641933,1231.9749099057922,1213.3227538133503,1225.4466552734375,64300,0.0,0.0
2023-12-28 00:00:00+09:00,1231.0424859061804,1267.4141957170448,1227.312054130707,1256.222900390625,51100,0.0,0.0
2023-12-29 00:00:00+09:00,1239.435827124724,1285.1336115710083,1239.435827124724,1267.4140625,75800,0.0,0.0
2024-01-04 00:00:00+09:00,1256.222627912249,1259.9530588785808,1245.9639427548364,1253.4248046875,56900,0.0,0.0
2024-01-05 00:00:00+09:00,1255.2900860473724,1280.470496391562,1252.4922626757957,1259.953125,69100,0.0,0.0
2024-01-09 00:00:00+09:00,1286.998742201303,1319.6400146484375,1283.2683110644875,1319.6400146484375,90700,0.0,0.0
2024-01-10 00:00:00+09:00,1338.292236328125,1359.7422164225827,1337.3596284979312,1338.292236328125,106900,0.0,0.0
2024-01-11 00:00:00+09:00,1350.4163098940082,1359.7423893822265,1330.83154296875,1330.83154296875,80900,0.0,0.0
2024-01-12 00:00:00+09:00,1330.8312985691357,1342.955199677334,1312.1791430180615,1318.7073974609375,77300,0.0,0.0
2024-01-15 00:00:00+09:00,1346.6857451322537,1352.2813922726923,1327.100980140718,1329.8988037109375,14000,0.0,0.0
2024-01-16 00:00:00+09:00,1346.6857734183652,1352.2814206763362,1303.7858111072537,1332.6966552734375,173900,0.0,0.0
2024-01-17 00:00:00+09:00,1335.4945788347384,1379.3271523020796,1335.4945788347384,1355.079345703125,108400,0.0,0.0
2024-01-18 00:00:00+09:00,1350.4159991845538,1386.7877008200494,1345.7529605133366,1384.9224853515625,67400,0.0,0.0
2024-01-19 00:00:00+09:00,1396.1139476418257,1412.9008888960361,1377.4617906927033,1401.7095947265625,94300,0.0,0.0
2024-01-22 00:00:00+09:00,1416.6313091577606,1438.081289480755,1412.90087779724,1437.148681640625,92600,0.0,0.0
2024-01-23 00:00:00+09:00,1425.9572841563124,1437.1485774263424,1399.8442665262426,1402.64208984375,51700,0.0,0.0
2024-01-24 00:00:00+09:00,1402.642090165623,1424.0920689381026,1400.77687462019,1414.7659912109375,41900,0.0,0.0
2024-01-25 00:00:00+09:00,1414.7660476381416,1423.1595179273593,1397.046499249793,1408.23779296875,29300,0.0,0.0
2024-01-26 00:00:00+09:00,1403.5748591661131,1408.237898565336,1379.3270542901537,1382.1248779296875,29000,0.0,0.0
2024-01-29 00:00:00+09:00,1378.394352954367,1385.8552154872727,1372.7987060546875,1372.7987060546875,21200,0.0,0.0
2024-01-30 00:00:00+09:00,1379.3268220268235,1436.2158931178553,1371.8659602443931,1407.3050537109375,64200,0.0,0.0
2024-01-31 00:00:00+09:00,1407.3051754684498,1457.6659968569827,1406.3725676649585,1455.80078125,95200,0.0,0.0
2024-02-01 00:00:00+09:00,1455.8008284903465,1455.8008284903465,1426.8899856439655,1448.3399658203125,48500,0.0,0.0
2024-02-02 00:00:00+09:00,1452.070407647737,1452.070407647737,1425.0247802734375,1425.0247802734375,68400,0.0,0.0
2024-02-05 00:00:00+09:00,1436.2161213077911,1449.2726315014984,1429.6878662109375,1429.6878662109375,51900,0.0,0.0
2024-02-06 00:00:00+09:00,1429.6877916124133,1429.6877916124133,1409.1704195214327,1410.10302734375,32700,0.0,0.0
2024-02-07 00:00:00+09:00,1410.1030351437698,1459.53125,1410.1030351437698,1459.53125,42600,0.0,0.0
2024-02-08 00:00:00+09:00,1459.5312121604736,1512.689856948427,1454.8681731439865,1504.29638671875,91300,0.0,0.0
2024-02-09 00:00:00+09:00,1504.2965812543032,1533.2074268952724,1489.3748544718674,1523.88134765625,66700,0.0,0.0
2024-02-13 00:00:00+09:00,1538.8029215007484,1561.1855094498503,1517.3529413828592,1557.455078125,102700,0.0,0.0
2024-02-14 00:00:00+09:00,1560.2528549165957,1591.9615202287082,1488.4420540626938,1504.29638671875,141600,0.0,0.0
2024-02-15 00:00:00+09:00,1512.6898475060098,1520.1507098858174,1394.2486572265625,1442.7442626953125,110000,0.0,0.0
2024-02-16 00:00:00+09:00,1470.7224783718182,1528.544161097914,1443.67685258058,1513.6224365234375,143800,0.0,0.0
2024-02-19 00:00:00+09:00,1518.2855215890067,1566.7811279296875,1518.2855215890067,1566.7811279296875,56500,0.0,0.0
2024-02-20 00:00:00+09:00,1565.8484919621394,1570.5115309495193,1543.4659048227163,1563.9832763671875,34300,0.0,0.0
2024-02-21 00:00:00+09:00,1582.6353750999353,1591.0288449737714,1552.7919266596302,1558.3875732421875,48600,0.0,0.0
2024-02-22 00:00:00+09:00,1582.6355173782945,1582.6355173782945,1528.5442622174571,1572.3768310546875,45100,0.0,0.0
2024-02-26 00:00:00+09:00,1572.3768683258597,1606.8833595050157,1572.3768683258597,1576.1072998046875,39800,0.0,0.0
2024-02-27 00:00:00+09:00,1576.1072536632776,1589.1637634569379,1559.3203125,1559.3203125,26700,0.0,0.0
2024-02-28 00:00:00+09:00,1559.3202559378694,1613.4115088352355,1559.3202559378694,1577.972412109375,41900,0.0,0.0
2024-02-29 00:00:00+09:00,1594.7593148044807,1594.7593148044807,1568.6462967842906,1586.3658447265625,52700,0.0,0.0
2024-03-01 00:00:00+09:00,1585.4332090608561,1605.017972231608,1574.2419158204266,1595.69189453125,53000,0.0,0.0
2024-03-04 00:00:00+09:00,1619.0071927908862,1664.704976458371,1599.4224283619642,1618.0745849609375,102800,0.0,0.0
2024-03-05 00:00:00+09:00,1622.737567608173,1635.7940767728367,1593.8267258864182,1624.602783203125,63000,0.0,0.0
2024-03-06 00:00:00+09:00,1601.2876436072029,1630.198486328125,1598.4898201180815,1630.198486328125,33800,0.0,0.0
2024-03-07 00:00:00+09:00,1645.1201450892856,1645.1201450892856,1589.163677569242,1599.42236328125,66100,0.0,0.0
2024-03-08 00:00:00+09:00,1599.4226022022208,1679.6268842951602,1591.9617387517148,1635.7943115234375,157200,0.0,0.0
2024-03-11 00:00:00+09:00,1494.037758201889,1582.6355029142358,1450.2051897652543,1473.5203857421875,211600,0.0,0.0
2024-03-12 00:00:00+09:00,1478.1833967500347,1478.1833967500347,1419.4291040085507,1470.7225341796875,82600,0.0,0.0
2024-03-13 00:00:00+09:00,1478.1834458099584,1507.0942892295852,1435.283484606641,1439.013916015625,60700,0.0,0.0
2024-03-14 00:00:00+09:00,1440.8791026849856,1472.5877690223897,1424.0921616828305,1460.4638671875,72900,0.0,0.0
2024-03-15 00:00:00+09:00,1454.8681640625,1480.981182391827,1449.2725172776443,1454.8681640625,26100,0.0,0.0
2024-03-18 00:00:00+09:00,1458.5987102112892,1467.92478892108,1426.8900425980003,1429.6878662109375,109000,0.0,0.0
2024-03-19 00:00:00+09:00,1426.8899861125203,1451.1377897980924,1420.3617312740969,1436.216064453125,64900,0.0,0.0
2024-03-21 00:00:00+09:00,1462.3290901019147,1520.1507760625773,1446.4747568546363,1509.89208984375,68700,0.0,0.0
2024-03-22 00:00:00+09:00,1509.8921550079758,1528.5443125744735,1492.1726053198033,1516.42041015625,37100,0.0,0.0
2024-03-25 00:00:00+09:00,1505.2289945983887,1524.813758468628,1492.1724853515625,1492.1724853515625,25700,0.0,0.0
2024-03-26 00:00:00+09:00,1492.1726707175926,1519.218300374349,1489.374846959997,1510.8248291015625,17600,0.0,0.0
2024-03-27 00:00:00+09:00,1515.487868697555,1526.679163727937,1502.431357828776,1510.8248291015625,23100,0.0,0.0
2024-03-28 00:00:00+09:00,1510.8248111902437,1592.8943071067508,1510.8248111902437,1582.6356201171875,68100,0.0,0.0
2024-03-29 00:00:00+09:00,1582.6354800544862,1582.6354800544862,1540.6681279021868,1556.5224609375,17000,0.0,0.0
2024-04-01 00:00:00+09:00,1576.1071680403368,1576.1071680403368,1512.6898382020272,1526.678955078125,55800,0.0,0.0
2024-04-02 00:00:00+09:00,1526.6789550029587,1526.6789550029587,1501.4985446272226,1514.5550537109375,33500,0.0,0.0
2024-04-03 00:00:00+09:00,1495.9030007598858,1524.8138442907812,1495.9030007598858,1500.5660400390625,17800,0.0,0.0
2024-04-04 00:00:00+09:00,1514.5550443093423,1527.6115533120092,1503.3637508784852,1513.6224365234375,9700,0.0,0.0
2024-04-05 00:00:00+09:00,1501.49853515625,1520.1506908724766,1487.5094183690799,1501.49853515625,31600,0.0,0.0
2024-04-08 00:00:00+09:00,1510.8247536057693,1531.3421268028846,1508.959537860577,1515.48779296875,26500,0.0,0.0
2024-04-09 00:00:00+09:00,1514.5552036916104,1540.668224444914,1514.5552036916104,1517.35302734375,35100,0.0,0.0
2024-04-10 00:00:00+09:00,1511.7572491451294,1528.544189604483,1504.29638671875,1504.29638671875,30700,0.0,0.0
2024-04-11 00:00:00+09:00,1510.8247628863007,1527.6117046961485,1501.498684103052,1516.42041015625,16900,0.0,0.0
2024-04-12 00:00:00+09:00,1529.4767784533444,1529.4767784533444,1515.4876615772469,1526.678955078125,22300,0.0,0.0
2024-04-15 00:00:00+09:00,1520.1509082935474,1520.1509082935474,1494.0378865559896,1510.8248291015625,36000,0.0,0.0
2024-04-16 00:00:00+09:00,1510.8246701798348,1532.274650065104,1475.3855729780855,1482.846435546875,60300,0.0,0.0
2024-04-17 00:00:00+09:00,1500.5659653242808,1512.6898668464783,1464.1942607576884,1468.8572998046875,38400,0.0,0.0
2024-04-18 00:00:00+09:00,1470.7225424082985,1508.9594632952615,1470.7225424082985,1508.02685546875,46400,0.0,0.0
2024-04-19 00:00:00+09:00,1506.1616026385332,1510.8246416559898,1435.2834095731903,1455.80078125,56400,0.0,0.0
2024-04-22 00:00:00+09:00,1456.7334451778877,1477.2508176451818,1445.542151104818,1461.396484375,39700,0.0,0.0
2024-04-23 00:00:00+09:00,1457.6660339587543,1472.5877591944165,1454.8682104770676,1471.6551513671875,21400,0.0,0.0
2024-04-24 00:00:00+09:00,1467.924728479118,1496.8355712890625,1441.81170916691,1496.8355712890625,29300,0.0,0.0
2024-04-25 00:00:00+09:00,1460.4638202674569,1477.2507607303012,1453.002957839526,1455.80078125,261300,0.0,0.0
2024-04-26 00:00:00+09:00,1464.3032644600871,1492.6446179657662,1445.4090287896345,1484.1422119140625,46700,20.0,0.0
2024-04-30 00:00:00+09:00,1481.3079204325372,1485.0867671683345,1462.4136867535508,1463.3583984375,18300,0.0,0.0
2024-05-01 00:00:00+09:00,1464.3032772233262,1486.0316484337368,1459.5797182645413,1470.916259765625,32400,0.0,0.0
2024-05-02 00:00:00+09:00,1470.9160919090946,1483.1973438004359,1452.0218582301081,1463.3583984375,20100,0.0,0.0
2024-05-07 00:00:00+09:00,1465.2478062564037,1476.5843463434937,1440.685302734375,1440.685302734375,40700,0.0,0.0
2024-05-08 00:00:00+09:00,1454.8561688499155,1469.9715576171875,1442.5749154765072,1469.9715576171875,39800,0.0,0.0
2024-05-09 00:00:00+09:00,1483.1975641051047,1496.4235296448953,1477.52929315948,1489.810546875,13300,0.0,0.0
2024-05-10 00:00:00+09:00,1470.9160919090946,1481.3079204325372,1455.8007049659054,1463.3583984375,16400,0.0,0.0
2024-05-13 00:00:00+09:00,1451.077283653846,1473.7503662109375,1451.077283653846,1473.7503662109375,9500,0.0,0.0
2024-05-14 00:00:00+09:00,1473.750343099382,1473.750343099382,1439.7407197970886,1452.02197265625,25800,0.0,0.0
2024-05-15 00:00:00+09:00,1452.9667798709565,1479.4187108438998,1452.9667798709565,1478.4739990234375,34500,0.0,0.0
2024-05-16 00:00:00+09:00,1469.026839824945,1474.695110589543,1402.89701423797,1422.7359619140625,52600,0.0,0.0
2024-05-17 00:00:00+09:00,1456.7457367184923,1456.7457367184923,1425.5702442984468,1432.1832275390625,18000,0.0,0.0
2024-05-20 00:00:00+09:00,1435.017076025959,1464.3031388019992,1435.017076025959,1460.5242919921875,28800,0.0,0.0
2024-05-21 00:00:00+09:00,1462.4138472770026,1465.2479826399424,1442.574899736423,1459.5797119140625,29000,0.0,0.0
2024-05-22 00:00:00+09:00,1466.1926750868615,1466.1926750868615,1449.1878631335346,1461.4691162109375,21400,0.0,0.0
2024-05-23 00:00:00+09:00,1453.911376953125,1465.2479179040265,1439.7407007644981,1453.911376953125,21600,0.0,0.0
2024-05-24 00:00:00+09:00,1441.630124256315,1455.8008004449418,1431.238295051322,1453.911376953125,22500,0.0,0.0
2024-05-27 00:00:00+09:00,1454.8559743461878,1470.9160727642952,1453.9112626745346,1465.247802734375,52300,0.0,0.0
2024-05-28 00:00:00+09:00,1454.8560791015625,1456.7455025809152,1440.6854030064173,1454.8560791015625,21100,0.0,0.0
2024-05-29 00:00:00+09:00,1452.0220305419762,1455.8008777262105,1441.6302007853324,1446.353759765625,29700,0.0,0.0
2024-05-30 00:00:00+09:00,1435.9618443080358,1454.8560791015625,1422.7358799525668,1454.8560791015625,25800,0.0,0.0
2024-05-31 00:00:00+09:00,1450.1326036206183,1463.3585687350733,1445.40904465117,1458.635009765625,43700,0.0,0.0
2024-06-03 00:00:00+09:00,1469.0268073448767,1495.4787369948167,1469.0268073448767,1473.7503662109375,52900,0.0,0.0
2024-06-04 00:00:00+09:00,1473.75055076579,1473.75055076579,1422.7361086238973,1432.1832275390625,48800,0.0,0.0
2024-06-05 00:00:00+09:00,1425.5700395372178,1439.740715874566,1422.7359042697483,1428.4041748046875,63400,0.0,0.0
2024-06-06 00:00:00+09:00,1436.9065596417684,1436.9065596417684,1387.781549055725,1394.39453125,189700,0.0,0.0
2024-06-07 00:00:00+09:00,1374.5556480006167,1411.3994076377467,1370.776800858347,1400.0628662109375,101600,0.0,0.0
2024-06-10 00:00:00+09:00,1417.0676683472102,1432.1830568095804,1362.2743851711182,1365.1085205078125,159200,0.0,0.0
2024-06-11 00:00:00+09:00,1366.0532122599138,1387.781582856026,1327.3200298929316,1331.098876953125,123200,0.0,0.0
2024-06-12 00:00:00+09:00,1326.3752513820841,1337.7117919921875,1322.5964045120497,1337.7117919921875,53100,0.0,0.0
2024-06-13 00:00:00+09:00,1341.490719156026,1346.2142780262936,1316.928213030634,1317.8729248046875,24600,0.0,0.0
2024-06-14 00:00:00+09:00,1303.7021888398383,1337.7118111573993,1303.7021888398383,1335.8223876953125,23300,0.0,0.0
2024-06-17 00:00:00+09:00,1321.6516974799067,1327.3199678050528,1308.425733387899,1313.1492919921875,14500,0.0,0.0
2024-06-18 00:00:00+09:00,1315.9835268502559,1338.6566098684941,1315.9835268502559,1327.320068359375,17200,0.0,0.0
2024-06-19 00:00:00+09:00,1327.3200107414955,1345.2695340184266,1327.3200107414955,1332.98828125,14400,0.0,0.0
2024-06-20 00:00:00+09:00,1337.7117142647442,1359.4400825049202,1337.7117142647442,1357.5506591796875,11700,0.0,0.0
2024-06-21 00:00:00+09:00,1357.550764642959,1371.7214406830733,1347.158935546875,1347.158935546875,23800,0.0,0.0
2024-06-24 00:00:00+09:00,1351.8824774320892,1359.4401712262588,1336.76708984375,1336.76708984375,20300,0.0,0.0
2024-06-25 00:00:00+09:00,1343.3800765991211,1371.7214284261067,1343.3800765991211,1360.3848876953125,25100,0.0,0.0
2024-06-26 00:00:00+09:00,1368.887374092474,1385.8921861930014,1364.1638151756606,1376.445068359375,30300,0.0,0.0
2024-06-27 00:00:00+09:00,1376.4450243582403,1406.6758004594506,1376.4450243582403,1404.786376953125,20000,0.0,0.0
2024-06-28 00:00:00+09:00,1402.8969853528902,1403.8416971275387,1383.0580380852737,1389.6710205078125,49700,0.0,0.0
2024-07-01 00:00:00+09:00,1389.6709779094829,1402.896942349138,1369.83203125,1369.83203125,9400,0.0,0.0
2024-07-02 00:00:00+09:00,1367.9426785128933,1367.9426785128933,1348.1037308272782,1350.9378662109375,21700,0.0,0.0
2024-07-03 00:00:00+09:00,1348.1037572406328,1352.8273163059469,1324.4859619140625,1324.4859619140625,47300,0.0,0.0
2024-07-04 00:00:00+09:00,1324.485827947067,1341.4906388622219,1324.485827947067,1337.7117919921875,24400,0.0,0.0
2024-07-05 00:00:00+09:00,1338.6566196017795,1347.1590257954392,1326.3753662109375,1326.3753662109375,17300,0.0,0.0
2024-07-08 00:00:00+09:00,1328.2648127798213,1329.2095245954542,1312.2047119140625,1312.2047119140625,21800,0.0,0.0
2024-07-09 00:00:00+09:00,1312.2047119140625,1320.7071182547584,1298.0340346795692,1312.2047119140625,37800,0.0,0.0
2024-07-10 00:00:00+09:00,1306.5365184698305,1317.8730609294387,1302.7576709832945,1304.6470947265625,22400,0.0,0.0
2024-07-11 00:00:00+09:00,1309.3704780384096,1352.8272182907665,1309.3704780384096,1333.9329833984375,35900,0.0,0.0
2024-07-12 00:00:00+09:00,1315.0387511727126,1327.3200038776304,1311.2599041865842,1321.6517333984375,24400,0.0,0.0
2024-07-16 00:00:00+09:00,1369.8320140454593,1435.9618354131712,1350.9377793689703,1407.6204833984375,100600,0.0,0.0
2024-07-17 00:00:00+09:00,1398.173583984375,1415.1783978436445,1394.3947364600929,1398.173583984375,34600,0.0,0.0
2024-07-18 00:00:00+09:00,1401.9523057471324,1420.8465416736435,1392.5051877838769,1410.4547119140625,36700,0.0,0.0
2024-07-19 00:00:00+09:00,1399.1180777940174,1409.5099068660863,1390.6156721895973,1407.6204833984375,62800,0.0,0.0
2024-07-22 00:00:00+09:00,1412.3440640724311,1412.3440640724311,1373.6108823821505,1393.4498291015625,67400,0.0,0.0
2024-07-23 00:00:00+09:00,1403.841665199962,1431.2383060416842,1400.0628181873108,1404.786376953125,28700,0.0,0.0
2024-07-24 00:00:00+09:00,1404.7864186397214,1416.1229600140837,1380.2239123286033,1388.726318359375,56000,0.0,0.0
2024-07-25 00:00:00+09:00,1366.997937497274,1370.7767845947096,1353.77197265625,1353.77197265625,66800,0.0,0.0
2024-07-26 00:00:00+09:00,1354.7167133891498,1370.7768138965528,1341.4907482654064,1350.9378662109375,23100,0.0,0.0
2024-07-29 00:00:00+09:00,1365.1085269590233,1384.002762626276,1356.6061209087595,1376.445068359375,23600,0.0,0.0
2024-07-30 00:00:00+09:00,1375.5003113677537,1378.3344466246926,1356.6060763214932,1368.8873291015625,25100,0.0,0.0
2024-07-31 00:00:00+09:00,1360.3849395333905,1382.113310095382,1349.0483983706122,1379.2791748046875,33800,0.0,0.0
2024-08-01 00:00:00+09:00,1376.445011906178,1376.445011906178,1331.0988481645882,1333.9329833984375,48700,0.0,0.0
2024-08-02 00:00:00+09:00,1324.4858025495412,1327.3199376477214,1267.8031005859375,1267.8031005859375,64200,0.0,0.0
2024-08-05 00:00:00+09:00,1184.6687174932538,1232.8490241855632,1017.4547119140625,1017.4547119140625,152600,0.0,0.0
2024-08-06 00:00:00+09:00,1102.47857559115,1147.824738083331,1088.3078998123435,1132.7093505859375,199800,0.0,0.0
2024-08-07 00:00:00+09:00,1130.8199951942036,1203.5628019026026,1095.8656595031546,1197.89453125,120000,0.0,0.0
2024-08-08 00:00:00+09:00,1185.613349034236,1206.3970093360315,1153.4931467496433,1179.0003662109375,42200,0.0,0.0
2024-08-09 00:00:00+09:00,1231.9042270120528,1260.2455819279744,1182.7792118244556,1214.8994140625,21800,0.0,0.0
2024-08-13 00:00:00+09:00,1226.235806543484,1253.6324462890625,1218.6781128205657,1253.6324462890625,31200,0.0,0.0
2024-08-14 00:00:00+09:00,1270.6373224165418,1270.6373224165418,1254.5772224306077,1259.30078125,30900,0.0,0.0
2024-08-15 00:00:00+09:00,1264.9690062094635,1272.5267000479068,1251.7430419921875,1251.7430419921875,19300,0.0,0.0
2024-08-16 00:00:00+09:00,1259.3008857278262,1285.7528173110063,1259.3008857278262,1284.80810546875,15300,0.0,0.0
2024-08-19 00:00:00+09:00,1305.591612739591,1329.2094060235922,1283.8632429183099,1287.64208984375,22400,0.0,0.0
2024-08-20 00:00:00+09:00,1295.1998261909266,1311.259926150989,1285.7527085673603,1307.4810791015625,36200,0.0,0.0
2024-08-21 00:00:00+09:00,1302.7576226128472,1309.37060546875,1285.7528095548114,1309.37060546875,30500,0.0,0.0
2024-08-22 00:00:00+09:00,1306.5363644577387,1326.3753114234744,1306.5363644577387,1319.7623291015625,45300,0.0,0.0
2024-08-23 00:00:00+09:00,1328.264744624709,1334.8777269948177,1315.9834916516497,1318.817626953125,12200,0.0,0.0
2024-08-26 00:00:00+09:00,1330.1542168404026,1330.1542168404026,1313.1494044092042,1314.0941162109375,24200,0.0,0.0
2024-08-27 00:00:00+09:00,1314.0941319703716,1341.490774549193,1311.259996531183,1324.4859619140625,22400,0.0,0.0
2024-08-28 00:00:00+09:00,1333.933144309304,1340.546127319336,1311.26005970348,1330.154296875,19100,0.0,0.0
2024-08-29 00:00:00+09:00,1334.8776734852672,1351.8824846124683,1327.319979650956,1348.1036376953125,18100,0.0,0.0
2024-08-30 00:00:00+09:00,1343.3801814533765,1355.6614348703201,1331.0989280364329,1349.9931640625,42200,0.0,0.0
2024-09-02 00:00:00+09:00,1362.2743535704356,1390.6157062799452,1357.5507947855172,1380.223876953125,30000,0.0,0.0
2024-09-03 00:00:00+09:00,1389.6709955888562,1431.2383129280197,1389.6709955888562,1416.1229248046875,34700,0.0,0.0
2024-09-04 00:00:00+09:00,1388.7264490523828,1388.7264490523828,1348.1038386379253,1364.1639404296875,57100,0.0,0.0
2024-09-05 00:00:00+09:00,1363.219015682445,1383.0579618566176,1347.1589163985907,1349.04833984375,46400,0.0,0.0
2024-09-06 00:00:00+09:00,1349.0484232088415,1363.21909992322,1308.425816627623,1316.92822265625,81100,0.0,0.0
2024-09-09 00:00:00+09:00,1288.5869929087844,1315.9836371861707,1265.9139079895683,1304.6470947265625,57100,0.0,0.0
2024-09-10 00:00:00+09:00,1317.8728283384878,1320.7069634531942,1269.6925313884785,1279.1396484375,26300,0.0,0.0
2024-09-11 00:00:00+09:00,1291.4209372357625,1291.4209372357625,1228.1252512117712,1239.4617919921875,63500,0.0,0.0
2024-09-12 00:00:00+09:00,1264.0242517224976,1294.2550260536784,1252.687711348305,1280.0843505859375,26100,0.0,0.0
2024-09-13 00:00:00+09:00,1273.4715382667823,1286.697503797743,1273.4715382667823,1275.3609619140625,12100,0.0,0.0
2024-09-17 00:00:00+09:00,1276.3056579544261,1293.3104705696592,1260.2455571511507,1264.9691162109375,24100,0.0,0.0
2024-09-18 00:00:00+09:00,1277.2504341891265,1289.5316883640219,1269.6927393122678,1270.637451171875,13600,0.0,0.0
2024-09-19 00:00:00+09:00,1288.5869929087844,1304.6470947265625,1288.5869929087844,1304.6470947265625,12200,0.0,0.0
2024-09-20 00:00:00+09:00,1332.9881559516625,1357.5506591796875,1318.8174810124174,1357.5506591796875,53300,0.0,0.0
2024-09-24 00:00:00+09:00,1365.1084101241756,1366.0531218266838,1347.158887776522,1351.8824462890625,38700,0.0,0.0
2024-09-25 00:00:00+09:00,1351.88268611834,1380.2240422214497,1348.1038386379253,1364.1639404296875,15900,0.0,0.0
2024-09-26 00:00:00+09:00,1366.0530435861635,1374.555448421762,1356.6059271021652,1371.7213134765625,32700,0.0,0.0
2024-09-27 00:00:00+09:00,1363.2190777423386,1380.2238895229084,1350.937824789705,1366.9979248046875,28700,0.0,0.0
2024-09-30 00:00:00+09:00,1343.3801526970037,1377.3897768159152,1343.3801526970037,1352.8272705078125,31000,0.0,0.0
2024-10-01 00:00:00+09:00,1368.8874608666858,1375.5004437694233,1358.4956305909552,1367.9427490234375,35400,0.0,0.0
2024-10-02 00:00:00+09:00,1367.9426785128933,1376.4450846638713,1336.767189292641,1350.9378662109375,35300,0.0,0.0
2024-10-03 00:00:00+09:00,1363.219103307099,1367.942662223617,1340.5460205078125,1340.5460205078125,30400,0.0,0.0
2024-10-04 00:00:00+09:00,1339.6012538661362,1349.0483713123008,1331.0988481645882,1333.9329833984375,30800,0.0,0.0
2024-10-07 00:00:00+09:00,1349.04833984375,1360.3848805147059,1346.214204676011,1349.04833984375,24700,0.0,0.0
2024-10-08 00:00:00+09:00,1346.2144333456465,1363.2192472405388,1327.3201956846551,1338.65673828125,115900,0.0,0.0
2024-10-09 00:00:00+09:00,1338.6565299228064,1363.2190350590047,1333.9329712427682,1347.158935546875,163600,0.0,0.0
2024-10-10 00:00:00+09:00,1357.5508550678312,1381.1686500411754,1348.1037370784934,1362.2744140625,168400,0.0,0.0
2024-10-11 00:00:00+09:00,1377.3898674559198,1406.675934596615,1363.2191898071962,1367.9427490234375,213000,0.0,0.0
2024-10-15 00:00:00+09:00,1417.067634828629,1482.252746030746,1417.067634828629,1464.30322265625,309600,0.0,0.0
2024-10-16 00:00:00+09:00,1448.2431703128616,1533.2672311922859,1448.2431703128616,1531.3778076171875,277100,0.0,0.0
2024-10-17 00:00:00+09:00,1520.9859844913303,1558.774456155711,1506.8153076171875,1506.8153076171875,190100,0.0,0.0
2024-10-18 00:00:00+09:00,1521.930673691649,1534.2119268002718,1490.7551850312987,1520.9859619140625,67000,0.0,0.0
2024-10-21 00:00:00+09:00,1496.4235273538177,1504.925933759237,1464.3033253777887,1466.1927490234375,49800,0.0,0.0
2024-10-22 00:00:00+09:00,1453.9114347633317,1469.9715350823549,1436.9066226608365,1448.2431640625,38000,0.0,0.0
2024-10-23 00:00:00+09:00,1451.0772417153996,1476.5844588549282,1449.1878182235828,1453.911376953125,19400,0.0,0.0
2024-10-24 00:00:00+09:00,1443.519770237261,1456.7457367184923,1432.1832275390625,1432.1832275390625,15200,0.0,0.0
2024-10-25 00:00:00+09:00,1439.740715874566,1439.740715874566,1408.5652279324001,1428.4041748046875,20500,0.0,0.0
2024-10-28 00:00:00+09:00,1430.2936783385792,1466.1927270683454,1430.2936783385792,1444.46435546875,27900,0.0,0.0
2024-10-29 00:00:00+09:00,1451.0772637795276,1452.0219755398007,1433.1277403343381,1439.74072265625,136100,0.0,0.0
2024-10-30 00:00:00+09:00,1447.3988223805147,1483.7752478107127,1442.6124506133833,1464.6297607421875,53200,20.0,0.0
2024-10-31 00:00:00+09:00,1466.544331973361,1493.348014280968,1466.544331973361,1485.6898193359375,30300,0.0,0.0
2024-11-01 00:00:00+09:00,1472.2879566115384,1484.7325232148871,1456.9715669458787,1465.5870361328125,22200,0.0,0.0
2024-11-05 00:00:00+09:00,1466.544427834207,1478.0317210026212,1460.80078125,1460.80078125,23000,0.0,0.0
2024-11-06 00:00:00+09:00,1460.8006797089768,1498.1343799112376,1460.8006797089768,1479.9461669921875,22700,0.0,0.0
2024-11-07 00:00:00+09:00,1495.2626385112128,1564.1863964963648,1492.3908152618314,1559.4000244140625,98800,0.0,0.0
2024-11-08 00:00:00+09:00,1560.3572959008397,1562.271844730166,1536.4254355342625,1556.5281982421875,30900,0.0,0.0
2024-11-11 00:00:00+09:00,1555.5708817761354,1555.5708817761354,1508.6644367256552,1516.3226318359375,16200,0.0,0.0
2024-11-12 00:00:00+09:00,1516.3227703651685,1539.2973577949438,1496.220006364115,1533.5537109375,21600,0.0,0.0
2024-11-13 00:00:00+09:00,1533.5535819026743,1533.5535819026743,1504.8353500318378,1526.8526611328125,7700,0.0,0.0
2024-11-14 00:00:00+09:00,1533.5537072708073,1546.9555499061325,1516.3227667396745,1529.724609375,12300,0.0,0.0
2024-11-15 00:00:00+09:00,1532.5962780091345,1548.8699424227232,1496.2198516728777,1499.0916748046875,17200,0.0,0.0
2024-11-18 00:00:00+09:00,1499.0917855634652,1503.878157803451,1483.7753943955115,1487.6044921875,3000,0.0,0.0
2024-11-19 00:00:00+09:00,1496.2198617228396,1542.1690321404317,1496.2198617228396,1508.6644287109375,5300,0.0,0.0
2024-11-20 00:00:00+09:00,1512.4935302734375,1525.8953716809237,1501.9635120246983,1512.4935302734375,7200,0.0,0.0
2024-11-21 00:00:00+09:00,1512.4935201657047,1519.1944408246666,1498.134404467929,1502.9207763671875,11500,0.0,0.0
2024-11-22 00:00:00+09:00,1498.1344064804737,1517.2798941032274,1490.4762114313723,1504.8353271484375,15500,0.0,0.0
2024-11-25 00:00:00+09:00,1511.536375095365,1524.938217559795,1460.8008286228796,1509.621826171875,30200,0.0,0.0
2024-11-26 00:00:00+09:00,1508.66455171013,1527.81004094503,1508.66455171013,1509.621826171875,9100,0.0,0.0
2024-11-27 00:00:00+09:00,1510.5789693715622,1510.5789693715622,1479.9461892575634,1501.0062255859375,19700,0.0,0.0
2024-11-28 00:00:00+09:00,1501.0062306301652,1515.365346356857,1484.7325661399148,1505.7926025390625,33500,0.0,0.0
2024-11-29 00:00:00+09:00,1506.7498948860286,1557.4854377252661,1506.7498948860286,1523.0235595703125,40100,0.0,0.0
2024-12-02 00:00:00+09:00,1549.8272546683709,1569.9300170822287,1524.9381202512136,1534.5108642578125,36300,0.0,0.0
2024-12-03 00:00:00+09:00,1521.1090077897463,1549.8272395290114,1512.4935382679669,1520.1517333984375,29400,0.0,0.0
2024-12-04 00:00:00+09:00,1513.4507853320438,1513.4507853320438,1476.1170847451053,1494.3052978515625,30400,0.0,0.0
2024-12-05 00:00:00+09:00,1493.3481584821427,1522.066392299107,1489.519060639881,1507.707275390625,36800,0.0,0.0
2024-12-06 00:00:00+09:00,1523.0236880573373,1530.6818838489519,1508.6645709480601,1529.724609375,24500,0.0,0.0
2024-12-09 00:00:00+09:00,1529.724504009046,1549.8272665773752,1512.493564664764,1545.9981689453125,45100,0.0,0.0
2024-12-10 00:00:00+09:00,1555.5709179536798,1555.5709179536798,1536.4254297327113,1550.7845458984375,19200,0.0,0.0
2024-12-11 00:00:00+09:00,1541.2117969052342,1555.5709130254693,1539.2972480892029,1545.9981689453125,23100,0.0,0.0
2024-12-12 00:00:00+09:00,1547.912670135498,1576.6309014923718,1483.7752867718132,1501.0062255859375,183800,0.0,0.0
2024-12-13 00:00:00+09:00,1512.4935342807962,1557.485430553706,1476.1171075069544,1516.3226318359375,221100,0.0,0.0
2024-12-16 00:00:00+09:00,1533.5535838987653,1554.6136206314575,1496.2198824180837,1528.7672119140625,63800,0.0,0.0
2024-12-17 00:00:00+09:00,1514.4080930013429,1557.48544077951,1510.5789954210613,1525.8953857421875,58100,0.0,0.0
2024-12-18 00:00:00+09:00,1525.8953443710773,1626.4091531282688,1523.023521263729,1601.52001953125,169500,0.0,0.0
2024-12-19 00:00:00+09:00,1572.8019148327055,1608.2210693359375,1554.613700358073,1608.2210693359375,118400,0.0,0.0
2024-12-20 00:00:00+09:00,1607.2637361502943,1607.2637361502943,1550.7845458984375,1550.7845458984375,57300,0.0,0.0
2024-12-23 00:00:00+09:00,1542.169022823643,1550.7844922248923,1500.0489501953125,1500.0489501953125,25000,0.0,0.0
2024-12-24 00:00:00+09:00,1505.792608569135,1526.8526450526192,1499.0916878698445,1511.5362548828125,22100,0.0,0.0
2024-12-25 00:00:00+09:00,1508.6643852621821,1508.6643852621821,1467.5015879485566,1468.4588623046875,59800,0.0,0.0
2024-12-26 00:00:00+09:00,1477.0744944725448,1520.15184525107,1477.0744944725448,1509.621826171875,49400,0.0,0.0
2024-12-27 00:00:00+09:00,1512.4935302734375,1521.1089997496786,1501.0062376384494,1512.4935302734375,32100,0.0,0.0
2024-12-30 00:00:00+09:00,1495.262678235306,1513.450892631254,1478.03173828125,1478.03173828125,29400,0.0,0.0
2025-01-06 00:00:00+09:00,1478.0316630902341,1559.3999865116523,1474.2025655174614,1523.0235595703125,68000,0.0,0.0
2025-01-07 00:00:00+09:00,1522.0662400702467,1523.980788799895,1476.1170705586921,1480.9034423828125,36000,0.0,0.0
2025-01-08 00:00:00+09:00,1476.1170371480507,1484.7325062364635,1450.2706298828125,1450.2706298828125,21400,0.0,0.0
2025-01-09 00:00:00+09:00,1455.0571014158847,1455.0571014158847,1418.6806738804876,1428.25341796875,44900,0.0,0.0
2025-01-10 00:00:00+09:00,1428.253386887192,1428.253386887192,1392.8342345314104,1398.577880859375,31600,0.0,0.0
2025-01-14 00:00:00+09:00,1393.7915178571427,1414.8515545280611,1390.919694674745,1407.193359375,28800,0.0,0.0
2025-01-15 00:00:00+09:00,1409.1080340485075,1419.6380533246852,1400.4925637316348,1411.0225830078125,12100,0.0,0.0
2025-01-16 00:00:00+09:00,1431.125315005122,1545.9982499888108,1426.338942714135,1503.878173828125,173800,0.0,0.0
2025-01-17 00:00:00+09:00,1503.8781166682168,1503.8781166682168,1424.424339657738,1447.39892578125,71600,0.0,0.0
2025-01-20 00:00:00+09:00,1451.2279450738547,1499.091663578929,1445.4842988532457,1488.5616455078125,31400,0.0,0.0
2025-01-21 00:00:00+09:00,1494.305340393523,1562.2718228841957,1494.305340393523,1535.4681396484375,131800,0.0,0.0
2025-01-22 00:00:00+09:00,1541.211791005914,1574.7163951582165,1520.151754110181,1540.2545166015625,66700,0.0,0.0
2025-01-23 00:00:00+09:00,1532.5963164446064,1554.6136276739792,1522.0662980305583,1535.4681396484375,35800,0.0,0.0
2025-01-24 00:00:00+09:00,1551.7418538903182,1614.9219663867777,1551.7418538903182,1584.2891845703125,94700,0.0,0.0
2025-01-27 00:00:00+09:00,1569.9300585343844,1583.3319004974828,1547.9127467378657,1574.7164306640625,116100,0.0,0.0
2025-01-28 00:00:00+09:00,1575.6737021888798,1626.4092466700527,1565.1436835229758,1571.8446044921875,82900,0.0,0.0
2025-01-29 00:00:00+09:00,1564.1863625649,1564.1863625649,1526.8526611328125,1526.8526611328125,30600,0.0,0.0
2025-01-30 00:00:00+09:00,1521.109123447136,1523.0236723753262,1503.8781830934238,1513.450927734375,16100,0.0,0.0
2025-01-31 00:00:00+09:00,1515.365324747931,1515.365324747931,1478.9888987590357,1485.6898193359375,29900,0.0,0.0
2025-02-03 00:00:00+09:00,1481.8608118776745,1484.732635156507,1443.5698348265717,1454.099853515625,50700,0.0,0.0
2025-02-04 00:00:00+09:00,1469.4162511263107,1473.2453488491153,1459.843506819299,1460.80078125,8100,0.0,0.0
2025-02-05 00:00:00+09:00,1450.27075677169,1466.544422029194,1441.655286929482,1455.05712890625,31300,0.0,0.0
2025-02-06 00:00:00+09:00,1445.4843402409956,1445.4843402409956,1408.1506387380825,1411.979736328125,98600,0.0,0.0
2025-02-07 00:00:00+09:00,1425.3817192562447,1446.4417580901181,1420.5953467940008,1431.1253662109375,16200,0.0,0.0
2025-02-10 00:00:00+09:00,1444.5270888528455,1444.5270888528455,1426.3388750104305,1433.9970703125,1700,0.0,0.0
2025-02-12 00:00:00+09:00,1446.441659064042,1460.8007754677221,1422.5097983912417,1455.05712890625,42700,0.0,0.0
2025-02-13 00:00:00+09:00,1457.9289842995897,1490.4763155314913,1457.9289842995897,1487.6044921875,24100,0.0,0.0
2025-02-14 00:00:00+09:00,1498.13455173459,1533.5537072708073,1498.13455173459,1529.724609375,109700,0.0,0.0
2025-02-17 00:00:00+09:00,1505.792622462654,1544.083598240471,1505.792622462654,1524.9381103515625,52000,0.0,0.0
2025-02-18 00:00:00+09:00,1524.9381368001302,1561.31456441997,1524.9381368001302,1550.7845458984375,51400,0.0,0.0
2025-02-19 00:00:00+09:00,1550.7845260620118,1564.1863676452635,1516.322647705078,1531.6390380859375,50600,0.0,0.0
2025-02-20 00:00:00+09:00,1531.6390692018995,1578.5455156962078,1523.0235994376387,1562.2718505859375,68800,0.0,0.0
2025-02-21 00:00:00+09:00,1550.784667063967,1576.6310781816999,1545.0410201489153,1549.827392578125,54300,0.0,0.0
2025-02-25 00:00:00+09:00,1560.357370721726,1606.306544828869,1492.3908840215772,1507.707275390625,89900,0.0,0.0
2025-02-26 00:00:00+09:00,1507.7071583421925,1524.9380972946747,1492.3907681622084,1512.4935302734375,60800,0.0,0.0
2025-02-27 00:00:00+09:00,1512.4936551198277,1545.9982614041278,1491.433616883982,1515.365478515625,92400,0.0,0.0
2025-02-28 00:00:00+09:00,1515.3653820884235,1548.869986240726,1510.579010066666,1540.2545166015625,56100,0.0,0.0
2025-03-03 00:00:00+09:00,1538.3399929968225,1568.0155000179186,1524.9381511163274,1565.1436767578125,41800,0.0,0.0
2025-03-04 00:00:00+09:00,1559.4000205078125,1574.7164111328125,1541.2118066406251,1555.5709228515625,45100,0.0,0.0
2025-03-05 00:00:00+09:00,1540.2545283492298,1576.6309559920333,1540.2545283492298,1551.7418212890625,41100,0.0,0.0
2025-03-06 00:00:00+09:00,1553.6564083753904,1605.349227877714,1553.6564083753904,1590.0328369140625,86200,0.0,0.0
2025-03-07 00:00:00+09:00,1553.6563740234376,1604.39191796875,1538.3399833984374,1555.5709228515625,148700,0.0,0.0
2025-03-10 00:00:00+09:00,1555.570912036163,1601.5200835916928,1538.3399727028393,1545.0408935546875,46600,0.0,0.0
2025-03-11 00:00:00+09:00,1518.2371905816244,1534.510855297821,1489.518958729513,1525.8953857421875,73200,0.0,0.0
2025-03-12 00:00:00+09:00,1514.40821232628,1531.639152795226,1506.7500165623037,1523.98095703125,23600,0.0,0.0
2025-03-13 00:00:00+09:00,1532.5963095018246,1543.1263278681708,1522.0662911354787,1528.7672119140625,34000,0.0,0.0
2025-03-14 00:00:00+09:00,1522.0663087449207,1551.7418153934066,1522.0663087449207,1545.9981689453125,18100,0.0,0.0
2025-03-17 00:00:00+09:00,1548.87010255735,1560.3573962722378,1527.810064080056,1533.5537109375,18900,0.0,0.0
2025-03-18 00:00:00+09:00,1536.425448906131,1571.8446025569265,1534.510900060142,1569.9300537109375,56200,0.0,0.0
2025-03-19 00:00:00+09:00,1571.844643151413,1611.0928955078125,1570.887368703696,1611.0928955078125,69200,0.0,0.0
2025-03-21 00:00:00+09:00,1612.0501614186642,1612.0501614186642,1581.4173792539389,1602.4774169921875,23000,0.0,0.0
2025-03-24 00:00:00+09:00,1593.8619470083586,1606.3065147627783,1568.9728114995194,1602.4774169921875,29500,0.0,0.0
2025-03-25 00:00:00+09:00,1606.3064304244851,1645.5546805123302,1587.160942576756,1638.853759765625,30400,0.0,0.0
2025-03-26 00:00:00+09:00,1655.1274122529871,1660.8710585650274,1615.879162454044,1627.366455078125,20300,0.0,0.0
2025-03-27 00:00:00+09:00,1600.562735924354,1622.5800462869497,1588.1181691976694,1592.904541015625,25200,0.0,0.0
2025-03-28 00:00:00+09:00,1589.075415441738,1600.5627076015578,1562.2717337354918,1567.05810546875,26300,0.0,0.0
2025-03-31 00:00:00+09:00,1541.2118815104166,1541.2118815104166,1507.707275390625,1507.707275390625,58200,0.0,0.0
2025-04-01 00:00:00+09:00,1523.9808127239253,1523.9808127239253,1493.3480325686705,1502.9207763671875,29300,0.0,0.0
2025-04-02 00:00:00+09:00,1502.9207610593348,1502.9207610593348,1488.5616455078125,1488.5616455078125,20300,0.0,0.0
2025-04-03 00:00:00+09:00,1421.5523995881033,1464.629745030167,1421.5523995881033,1450.2706298828125,50200,0.0,0.0
2025-04-04 00:00:00+09:00,1416.766159634859,1416.766159634859,1301.893227772573,1341.1414794921875,117300,0.0,0.0
2025-04-07 00:00:00+09:00,1183.191162109375,1225.311235841424,1172.6611436763628,1183.191162109375,125200,0.0,0.0
2025-04-08 00:00:00+09:00,1233.9267864805279,1295.1923522949219,1228.1831396854284,1263.602294921875,40700,0.0,0.0
2025-04-09 00:00:00+09:00,1234.8839673808977,1234.8839673808977,1162.1311134886898,1171.703857421875,100000,0.0,0.0
2025-04-10 00:00:00+09:00,1286.5766491754123,1286.5766491754123,1255.943871814093,1277.00390625,16400,0.0,0.0
2025-04-11 00:00:00+09:00,1248.2857908685523,1292.3204123255719,1220.5248338630402,1271.2603759765625,33300,0.0,0.0
2025-04-14 00:00:00+09:00,1280.8332546840045,1308.5942146136279,1275.0896078020135,1283.705078125,45200,0.0,0.0
2025-04-15 00:00:00+09:00,1304.7650482657982,1368.90243508444,1299.9786761151533,1338.2696533203125,55800,0.0,0.0
2025-04-16 00:00:00+09:00,1338.2696358058763,1343.0560078938802,1311.4659521130548,1321.0386962890625,30500,0.0,0.0
2025-04-17 00:00:00+09:00,1321.0386962890625,1336.3550869706748,1311.4659521130548,1321.0386962890625,31800,0.0,0.0
2025-04-18 00:00:00+09:00,1321.9959057141148,1374.64599609375,1321.9959057141148,1374.64599609375,22800,0.0,0.0
2025-04-21 00:00:00+09:00,1347.842289305949,1367.9450507231543,1344.0131918931481,1351.67138671875,32200,0.0,0.0
2025-04-22 00:00:00+09:00,1333.4832617506406,1367.9451407334282,1317.2095966754355,1319.1241455078125,17600,0.0,0.0
2025-04-23 00:00:00+09:00,1330.6114501953125,1330.6114501953125,1307.63686400489,1330.6114501953125,11100,0.0,0.0
2025-04-24 00:00:00+09:00,1323.9105340116766,1357.4151389938957,1323.9105340116766,1335.3978271484375,30200,0.0,0.0
2025-04-25 00:00:00+09:00,1352.6286579508405,1362.2014014607544,1332.5258965800213,1348.799560546875,126300,0.0,0.0
2025-04-28 00:00:00+09:00,1369.2360296106274,1448.0619844069747,1369.2360296106274,1426.6524658203125,65900,23.0,0.0
2025-04-30 00:00:00+09:00,1426.6523447602372,1426.6523447602372,1401.3501885775863,1411.081787109375,9800,0.0,0.0
2025-05-01 00:00:00+09:00,1408.1624434974476,1417.89404296875,1383.8334448191918,1417.89404296875,11000,0.0,0.0
2025-05-02 00:00:00+09:00,1428.5987249914501,1428.5987249914501,1404.2697276312415,1422.759765625,5400,0.0,0.0
2025-05-07 00:00:00+09:00,1417.8939226873256,1418.8670825519016,1376.0480485105547,1394.5380859375,25100,0.0,0.0
2025-05-08 00:00:00+09:00,1381.8870705336606,1388.6991898954464,1348.7996336335589,1375.074951171875,34100,0.0,0.0
2025-05-09 00:00:00+09:00,1391.618679098887,1421.7866364779538,1378.967600197988,1420.8134765625,14600,0.0,0.0
2025-05-12 00:00:00+09:00,1420.813385641164,1430.5449841729526,1406.2159878434807,1411.081787109375,12600,0.0,0.0
2025-05-13 00:00:00+09:00,1431.5182336326538,1447.088792258162,1414.9745150930514,1436.384033203125,24200,0.0,0.0
2025-05-14 00:00:00+09:00,1450.9814076800337,1533.6999989964677,1447.0887680886722,1515.2099609375,65600,0.0,0.0
2025-05-15 00:00:00+09:00,1494.7735887096774,1533.699984248992,1492.8272689327118,1508.3978271484375,30700,0.0,0.0
2025-05-16 00:00:00+09:00,1495.7467286371636,1569.7068791748504,1491.8540891351802,1563.867919921875,39500,0.0,0.0
2025-05-19 00:00:00+09:00,1562.894903119826,1616.418701171875,1559.975423226078,1616.418701171875,58300,0.0,0.0
2025-05-20 00:00:00+09:00,1616.418625264461,1620.3112649399927,1586.2506677790918,1613.4991455078125,36800,0.0,0.0
2025-05-21 00:00:00+09:00,1609.6064760517554,1617.3917552587773,1592.0895978359565,1607.66015625,33500,0.0,0.0
2025-05-22 00:00:00+09:00,1606.6869049627132,1612.5258640358666,1590.1431875887786,1605.7137451171875,15200,0.0,0.0
2025-05-23 00:00:00+09:00,1605.7138364482446,1612.5259557543886,1579.438519124546,1607.66015625,16300,0.0,0.0
2025-05-26 00:00:00+09:00,1597.9284968700224,1618.3648540163504,1588.1968982289138,1603.7674560546875,18600,0.0,0.0
2025-05-27 00:00:00+09:00,1610.579561298077,1614.472200721154,1574.5726466346155,1581.384765625,10800,0.0,0.0
2025-05-28 00:00:00+09:00,1581.3848124413096,1592.0895711716814,1567.7605740571998,1570.6800537109375,22700,0.0,0.0
2025-05-29 00:00:00+09:00,1589.17018262741,1613.499181136709,1566.787503998855,1580.4117431640625,33300,0.0,0.0
2025-05-30 00:00:00+09:00,1577.4922163190463,1605.7138537485664,1566.787457294056,1591.116455078125,17300,0.0,0.0
2025-06-02 00:00:00+09:00,1584.304261160369,1595.0090196817227,1551.2168257307299,1572.6263427734375,24900,0.0,0.0
2025-06-03 00:00:00+09:00,1572.6264383669609,1572.6264383669609,1539.5390009260718,1543.431640625,18300,0.0,0.0
2025-06-04 00:00:00+09:00,1699.137166509386,1740.9830417441533,1628.0964945991998,1647.5596923828125,363700,0.0,0.0
2025-06-05 00:00:00+09:00,1630.0427619086372,1767.2583018663195,1620.311163330078,1751.687744140625,363000,0.0,0.0
2025-06-06 00:00:00+09:00,1757.5268362341901,1897.6618663658198,1756.5536763027203,1889.8765869140625,523600,0.0,0.0
2025-06-09 00:00:00+09:00,1830.5137559193174,1918.0981461546917,1824.6747965702925,1902.527587890625,131600,0.0,0.0
2025-06-10 00:00:00+09:00,1911.2860388933473,1986.2193510088196,1906.4202394053295,1932.695556640625,161100,0.0,0.0
2025-06-11 00:00:00+09:00,1932.695571095514,1971.6219672907912,1925.8834517613404,1939.5076904296875,80200,0.0,0.0
2025-06-12 00:00:00+09:00,1942.4271926249355,1944.373512457225,1855.8159600880522,1884.03759765625,66700,0.0,0.0
2025-06-13 00:00:00+09:00,1875.2791506347658,1956.0514233398437,1870.4133510742188,1946.31982421875,64300,0.0,0.0
2025-06-16 00:00:00+09:00,1897.6618721658122,1918.0982307891363,1844.1380757713919,1850.9501953125,62100,0.0,0.0
2025-06-17 00:00:00+09:00,1845.1112589434676,1932.6956541464804,1841.218619156667,1895.715576171875,57300,0.0,0.0
2025-06-18 00:00:00+09:00,1884.037559210967,1924.9102748550065,1802.2921279228876,1816.8895263671875,120700,0.0,0.0
2025-06-19 00:00:00+09:00,1816.889530710138,1828.5674494934917,1777.963134765625,1777.963134765625,33700,0.0,0.0
2025-06-20 00:00:00+09:00,1780.8826191690785,1870.413330078125,1780.8826191690785,1870.413330078125,199300,0.0,0.0
2025-06-23 00:00:00+09:00,1858.7354256020362,1890.8497025888778,1844.1380269716537,1877.2254638671875,102800,0.0,0.0
2025-06-24 00:00:00+09:00,1886.957074410575,1917.1250317631936,1863.6012364601604,1907.3934326171875,60700,0.0,0.0
2025-06-25 00:00:00+09:00,1907.3933275799418,1908.366487440952,1877.2253718886263,1883.0643310546875,31700,0.0,0.0
2025-06-26 00:00:00+09:00,1903.500802124206,1971.6219964742543,1887.9302434156236,1953.1319580078125,107000,0.0,0.0
2025-06-27 00:00:00+09:00,1982.3266719751964,2037.7967850348853,1982.3266719751964,2020.2799072265625,81900,0.0,0.0
2025-06-30 00:00:00+09:00,2024.172596536624,2038.7699950693402,1986.2193603515625,1986.2193603515625,71400,0.0,0.0
2025-07-01 00:00:00+09:00,1977.4609661381965,2023.199482579385,1974.5414863653546,1991.085205078125,32200,0.0,0.0
2025-07-02 00:00:00+09:00,1984.2730549573898,2014.4410121440887,1879.1717847585678,1993.031494140625,53900,0.0,0.0
2025-07-03 00:00:00+09:00,2009.575220177604,2059.20637573647,2009.575220177604,2054.340576171875,50700,0.0,0.0
2025-07-04 00:00:00+09:00,2063.098967502934,2087.427964761224,2051.4210488189556,2072.83056640625,45000,0.0,0.0
2025-07-07 00:00:00+09:00,2121.4885281184534,2133.1664466218576,2066.0184152272827,2090.347412109375,168700,0.0,0.0
2025-07-08 00:00:00+09:00,2097.1596008217816,2208.0998302852076,2097.1596008217816,2147.763916015625,107200,0.0,0.0
2025-07-09 00:00:00+09:00,2189.609633692053,2235.3481460402872,2179.878035320088,2204.20703125,117700,0.0,0.0
2025-07-10 00:00:00+09:00,2185.717212761238,2265.5163273856465,2142.898175645702,2159.44189453125,79200,0.0,0.0
2025-07-11 00:00:00+09:00,2160.4150390625,2206.1535556552644,2142.8981603673988,2160.4150390625,41600,0.0,0.0
2025-07-14 00:00:00+09:00,2149.710142536942,2175.0122990357927,2142.8980234795595,2169.17333984375,23000,0.0,0.0
2025-07-15 00:00:00+09:00,2169.1734029511726,2170.146562844825,2135.112806673339,2149.710205078125,47600,0.0,0.0
2025-07-16 00:00:00+09:00,2151.6565020298854,2228.5361328125,2151.6565020298854,2228.5361328125,104000,0.0,0.0
2025-07-17 00:00:00+09:00,2277.1941785067693,2330.717973300732,2240.214102103668,2318.06689453125,169100,0.0,0.0
2025-07-18 00:00:00+09:00,2329.7448422745592,2381.322317897179,2319.040083183072,2331.691162109375,74400,0.0,0.0
2025-07-22 00:00:00+09:00,2331.6911704846966,2334.610650247407,2265.5162958632613,2269.408935546875,123400,0.0,0.0
2025-07-23 00:00:00+09:00,2293.73780464769,2372.563753810381,2293.73780464769,2339.476318359375,91800,0.0,0.0
2025-07-24 00:00:00+09:00,2350.1813178545913,2462.094713942905,2330.7181185348845,2447.497314453125,222500,0.0,0.0
2025-07-25 00:00:00+09:00,2409.5439648997135,2409.5439648997135,2350.181209706304,2377.4296875,114100,0.0,0.0
2025-07-28 00:00:00+09:00,2386.1880787183945,2412.4633960615415,2377.429639604012,2395.919677734375,50400,0.0,0.0
2025-07-29 00:00:00+09:00,2390.080821050714,2439.711978165366,2389.107661107289,2420.248779296875,84100,0.0,0.0
2025-07-30 00:00:00+09:00,2419.2755367249015,2475.718811515748,2401.7586583415355,2471.826171875,91000,0.0,0.0
2025-07-31 00:00:00+09:00,2459.1748823418675,2459.1748823418675,2423.16796875,2423.16796875,49400,0.0,0.0
2025-08-01 00:00:00+09:00,2423.168149666957,2476.6919441375126,2417.3291902701694,2442.63134765625,43400,0.0,0.0
2025-08-04 00:00:00+09:00,2415.3830479557805,2462.0947265625,2390.0808887104745,2462.0947265625,52900,0.0,0.0
2025-08-05 00:00:00+09:00,2462.0946751644738,2526.3232319078948,2462.0946751644738,2496.1552734375,47700,0.0,0.0
2025-08-06 00:00:00+09:00,2496.155041260887,2545.7861941280626,2491.289241960184,2541.8935546875,55300,0.0,0.0
2025-08-07 00:00:00+09:00,2547.732540730519,2591.5247348989196,2520.484064359069,2586.658935546875,72700,0.0,0.0
2025-08-08 00:00:00+09:00,2593.4712685032896,2599.310228207237,2562.3301500822367,2588.60546875,38500,0.0,0.0
2025-08-12 00:00:00+09:00,2593.4710796580594,2713.169744873047,2593.4710796580594,2646.994873046875,71000,0.0,0.0
2025-08-13 00:00:00+09:00,2691.7603370562456,2698.572456492035,2630.45126213414,2640.182861328125,46100,0.0,0.0
2025-08-14 00:00:00+09:00,2620.7195179231003,2626.5584771163935,2530.2156504270556,2556.490966796875,72800,0.0,0.0
2025-08-15 00:00:00+09:00,2557.4641573660715,2600.2831919642854,2524.3767215401786,2554.544677734375,56700,0.0,0.0
2025-08-18 00:00:00+09:00,2554.544720509579,2603.2027151859515,2550.652080935469,2582.766357421875,51600,0.0,0.0
2025-08-19 00:00:00+09:00,2557.4642270311338,2627.53174010048,2531.188909630129,2611.961181640625,47200,0.0,0.0
2025-08-20 00:00:00+09:00,2585.6858678849394,2590.551667410504,2537.027872629295,2580.820068359375,52400,0.0,0.0
2025-08-21 00:00:00+09:00,2562.3300454317064,2611.9612008882264,2556.491085966233,2579.846923828125,55700,0.0,0.0
2025-08-22 00:00:00+09:00,2579.846985439737,2608.0686235301755,2557.464306954217,2575.954345703125,28000,0.0,0.0
2025-08-25 00:00:00+09:00,2578.873838543623,2617.800236106546,2569.1422391528927,2590.5517578125,38100,0.0,0.0
2025-08-26 00:00:00+09:00,2573.034772064678,2608.068528416542,2569.1421324700264,2597.36376953125,31500,0.0,0.0
2025-08-27 00:00:00+09:00,2593.471128211563,2617.8001256619527,2558.4373718830016,2612.934326171875,66800,0.0,0.0
2025-08-28 00:00:00+09:00,2618.773406676453,2633.3708058218067,2594.4444081008633,2620.7197265625,52900,0.0,0.0
2025-08-29 00:00:00+09:00,2626.5586193950235,2783.2373662355567,2626.5586193950235,2779.3447265625,128800,0.0,0.0
2025-09-01 00:00:00+09:00,2763.774015396022,2807.566209301945,2728.740260271284,2789.076171875,78500,0.0,0.0
2025-09-02 00:00:00+09:00,2740.418305160142,2776.4252218117495,2725.820906517599,2734.579345703125,90100,0.0,0.0
2025-09-03 00:00:00+09:00,2725.821044921875,2792.9690820870337,2713.169965455975,2725.821044921875,98200,0.0,0.0
2025-09-04 00:00:00+09:00,2725.821021792763,2804.646977796053,2714.1431023848686,2773.505859375,136400,0.0,0.0
2025-09-05 00:00:00+09:00,2772.532470703125,2868.875297870415,2698.572320554498,2772.532470703125,466100,0.0,0.0
2025-09-08 00:00:00+09:00,2771.5593174431206,2773.5056371885157,2640.1827346289274,2694.6796875,164100,0.0,0.0
2025-09-09 00:00:00+09:00,2663.538741342001,2719.982017556044,2629.47814362663,2668.404541015625,113100,0.0,0.0
2025-09-10 00:00:00+09:00,2715.1160985212546,2827.029486094711,2715.1160985212546,2768.639892578125,127400,0.0,0.0
2025-09-11 00:00:00+09:00,2719.98190965314,2728.7403487182128,2647.9680773403197,2659.64599609375,97300,0.0,0.0
2025-09-12 00:00:00+09:00,2681.055403540145,2715.1159985034496,2667.431165554823,2697.59912109375,48300,0.0,0.0
2025-09-16 00:00:00+09:00,2685.921357912646,2697.599276860092,2664.5118398423274,2672.297119140625,54900,0.0,0.0
2025-09-17 00:00:00+09:00,2650.8875326130196,2683.0018088891684,2598.336898706594,2599.31005859375,55000,0.0,0.0
2025-09-18 00:00:00+09:00,2601.2564573813384,2619.7464957989387,2562.3300607127067,2578.873779296875,53500,0.0,0.0
2025-09-19 00:00:00+09:00,2606.1223628557327,2683.9751593562773,2606.1223628557327,2680.08251953125,122500,0.0,0.0
2025-09-22 00:00:00+09:00,2724.847584575688,2725.820744427322,2651.860595703125,2651.860595703125,54300,0.0,0.0
2025-09-24 00:00:00+09:00,2651.8609360256783,2750.1500936545203,2646.9951361430626,2707.3310546875,61500,0.0,0.0
2025-09-25 00:00:00+09:00,2707.330785594267,2723.87450355081,2643.1022335276884,2646.994873046875,41700,0.0,0.0
2025-09-26 00:00:00+09:00,2647.9680162401237,2678.135972323712,2647.9680162401237,2663.53857421875,34300,0.0,0.0
2025-09-29 00:00:00+09:00,2656.726533555493,2673.2702518963147,2622.665936971448,2643.102294921875,20900,0.0,0.0
2025-09-30 00:00:00+09:00,2620.7196496464394,2647.9681272513785,2611.9612104162807,2625.58544921875,33700,0.0,0.0
2025-10-01 00:00:00+09:00,2600.283283918406,2604.1759235649906,2520.484171163425,2564.2763671875,68400,0.0,0.0
2025-10-02 00:00:00+09:00,2590.5516982974646,2655.7534127174235,2566.2227003795697,2578.873779296875,87500,0.0,0.0
2025-10-03 00:00:00+09:00,2566.2228661768186,2581.7934258502464,2505.886947442286,2506.860107421875,25800,0.0,0.0
2025-10-06 00:00:00+09:00,2604.1758923492603,2604.1758923492603,2550.652097850303,2566.22265625,36400,0.0,0.0
2025-10-07 00:00:00+09:00,2614.8808498152766,2614.8808498152766,2568.169171069042,2584.712890625,24500,0.0,0.0
2025-10-08 00:00:00+09:00,2578.8737563665404,2659.6460287357563,2568.168997377849,2642.129150390625,50600,0.0,0.0
2025-10-09 00:00:00+09:00,2645.0486469856196,2773.5057556692477,2645.0486469856196,2749.1767578125,72500,0.0,0.0
2025-10-10 00:00:00+09:00,2733.6061271244635,2888.3385494145273,2715.116089240745,2862.063232421875,162700,0.0,0.0
2025-10-14 00:00:00+09:00,2791.995802302155,2817.2979601480442,2631.424415972474,2686.89453125,152200,0.0,0.0
2025-10-15 00:00:00+09:00,2684.948375227467,2731.6600541005796,2676.189935438758,2707.3310546875,57900,0.0,0.0
2025-10-16 00:00:00+09:00,2744.310977793696,2773.5057754297995,2686.8945424426934,2717.0625,61700,0.0,0.0
2025-10-17 00:00:00+09:00,2713.169797200058,2783.2373098967596,2666.4581220689233,2736.525634765625,43700,0.0,0.0
2025-10-20 00:00:00+09:00,2773.5056974449935,2870.8216868290283,2770.5862177634726,2861.090087890625,98900,0.0,0.0
2025-10-21 00:00:00+09:00,2852.3316521939746,2884.4459287284003,2814.3784162896536,2829.948974609375,60500,0.0,0.0
2025-10-22 00:00:00+09:00,2820.2174808370114,2845.51963905018,2806.5932417991517,2838.70751953125,31000,0.0,0.0
2025-10-23 00:00:00+09:00,2846.4927392326003,2870.821737003819,2785.183664849129,2827.029541015625,63200,0.0,0.0
2025-10-24 00:00:00+09:00,2825.0833040276693,2909.7482187539554,2825.0833040276693,2883.472900390625,39500,0.0,0.0
2025-10-27 00:00:00+09:00,2913.640749782986,2948.674506293403,2875.687513563368,2890.284912109375,49100,0.0,0.0
2025-10-28 00:00:00+09:00,2891.258075669966,2902.935994521544,2824.1100422733894,2859.143798828125,45600,0.0,0.0
2025-10-29 00:00:00+09:00,2880.5533497431506,2895.1507484749573,2841.626953125,2841.626953125,71300,0.0,0.0
2025-10-30 00:00:00+09:00,2846.5312932254424,2910.2888859406917,2846.5312932254424,2880.8623046875,48200,23.0,0.0
2025-10-31 00:00:00+09:00,2831.8180584752963,2863.206412431379,2789.639957846811,2814.162109375,45000,0.0,0.0
2025-11-04 00:00:00+09:00,2795.5251913441366,2821.0282281774516,2767.07949641467,2775.907470703125,41100,0.0,0.0
2025-11-05 00:00:00+09:00,2774.926603659886,2793.5634383963784,2647.4114186207253,2735.691162109375,48200,0.0,0.0
2025-11-06 00:00:00+09:00,2784.735493526707,2841.6268843772,2738.633849216825,2786.697265625,33900,0.0,0.0
2025-11-07 00:00:00+09:00,2748.4426047269517,2778.850071089027,2714.1115943181567,2758.25146484375,32100,0.0,0.0
2025-11-10 00:00:00+09:00,2778.850127528569,2830.837087203477,2769.0412672125485,2829.856201171875,58900,0.0,0.0
2025-11-11 00:00:00+09:00,2865.168239732416,2892.633049972919,2800.429758451232,2801.41064453125,32500,0.0,0.0
2025-11-12 00:00:00+09:00,2752.3661528087796,2842.607666015625,2735.691090585776,2842.607666015625,34000,0.0,0.0
2025-11-13 00:00:00+09:00,2822.9899455069526,2915.1932307319885,2814.1619713896616,2896.556396484375,25900,0.0,0.0
2025-11-14 00:00:00+09:00,2873.9961783854164,2996.6069368489584,2867.129975911458,2942.658203125,75900,0.0,0.0
2025-11-17 00:00:00+09:00,2952.4669437842517,2981.8935246193105,2911.269730615169,2930.887451171875,30900,0.0,0.0
2025-11-18 00:00:00+09:00,2882.824142707633,2882.824142707633,2702.341106893341,2736.672119140625,87400,0.0,0.0
2025-11-19 00:00:00+09:00,2736.6719503509553,2748.4425823954757,2686.6467641617446,2714.111572265625,39700,0.0,0.0
2025-11-20 00:00:00+09:00,2762.175111209964,2805.33409732262,2730.7867576734875,2756.289794921875,31100,0.0,0.0
2025-11-21 00:00:00+09:00,2668.0099779517636,2749.423517720145,2661.143775802623,2724.9013671875,63500,0.0,0.0
2025-11-25 00:00:00+09:00,2772.9647638998204,2815.1428625371364,2732.748437292147,2765.11767578125,88100,0.0,0.0
2025-11-26 00:00:00+09:00,2766.098579382501,2778.85009765625,2719.016050371735,2778.85009765625,120500,0.0,0.0
2025-11-27 00:00:00+09:00,2842.6076657675985,2935.791837005667,2784.7353909986928,2896.556396484375,82900,0.0,0.0
2025-11-28 00:00:00+09:00,2905.3844219070183,3016.224543336962,2905.3844219070183,2991.702392578125,94200,0.0,0.0
2025-12-01 00:00:00+09:00,2991.7025311262482,2991.7025311262482,2848.4931640625,2848.4931640625,43500,0.0,0.0
2025-12-02 00:00:00+09:00,2816.123864382662,2861.244622920315,2783.7546245621716,2800.4296875,62600,0.0,0.0
2025-12-03 00:00:00+09:00,2838.6842495902256,2872.034375535653,2804.3532375875793,2861.24462890625,47200,0.0,0.0
2025-12-04 00:00:00+09:00,2665.067481500449,2874.977102789038,2648.3924181270563,2831.818115234375,93700,0.0,0.0
2025-12-05 00:00:00+09:00,2841.6267845881175,2866.148934955637,2791.601597838379,2819.06640625,54400,0.0,0.0
2025-12-08 00:00:00+09:00,2862.2254698938114,2900.480025522961,2831.8180025988463,2880.8623046875,76200,0.0,0.0
2025-12-09 00:00:00+09:00,2874.9769868131525,2874.9769868131525,2769.0412943614906,2796.506103515625,77500,0.0,0.0
2025-12-10 00:00:00+09:00,2828.875318822874,2877.919620466821,2809.257598165295,2860.263671875,68100,0.0,0.0
2025-12-11 00:00:00+09:00,2873.0151727257066,2891.6520072363887,2836.72238973122,2846.53125,74200,0.0,0.0
2025-12-12 00:00:00+09:00,2846.5313300220605,2986.798035808813,2827.894494987457,2938.734619140625,182500,0.0,0.0
2025-12-15 00:00:00+09:00,2967.1803855895996,3158.453170776367,2931.8684867858888,3138.83544921875,186000,0.0,0.0
2025-12-16 00:00:00+09:00,3109.4088318549493,3109.4088318549493,2889.6903528847574,2912.250732421875,122500,0.0,0.0
2025-12-17 00:00:00+09:00,2942.6580683186194,3114.313122303872,2935.7918661592093,3055.4599609375,152200,0.0,0.0
2025-12-18 00:00:00+09:00,3011.320088181687,3011.320088181687,2862.225412805916,2863.206298828125,159000,0.0,0.0
2025-12-19 00:00:00+09:00,2907.3461292613633,3079.9820667613635,2887.728409090909,3075.07763671875,140300,0.0,0.0
2025-12-22 00:00:00+09:00,3045.651243278779,3315.394912168204,3045.651243278779,3256.541748046875,219500,0.0,0.0
2025-12-23 00:00:00+09:00,3251.6373010481366,3276.1594526397516,3138.835403726708,3158.453125,137500,0.0,0.0
2025-12-24 00:00:00+09:00,3197.6885445892995,3232.0195565710865,3158.4531023244003,3168.261962890625,58000,0.0,0.0
2025-12-25 00:00:00+09:00,3168.2618969993173,3202.592908267112,3143.73974609375,3143.73974609375,22600,0.0,0.0
2025-12-26 00:00:00+09:00,3168.261942577512,3173.1663728291796,3114.313209809164,3124.1220703125,61200,0.0,0.0
2025-12-29 00:00:00+09:00,3124.122161913752,3173.1664658684417,3065.268997168124,3084.88671875,44200,0.0,0.0
2025-12-30 00:00:00+09:00,3050.555618822384,3119.2176423971646,3040.7467583117013,3070.17333984375,56800,0.0,0.0
2026-01-05 00:00:00+09:00,3138.8353159126364,3178.0707573615446,3114.313165007069,3143.73974609375,44600,0.0,0.0
2026-01-06 00:00:00+09:00,3178.0706898425424,3246.7327109193875,3133.930819150285,3173.166259765625,57300,0.0,0.0
2026-01-07 00:00:00+09:00,3178.0707782451923,3232.019510591947,3148.644196965144,3187.879638671875,59500,0.0,0.0
2026-01-08 00:00:00+09:00,3192.783980073295,3232.019420688635,3153.548539457955,3173.166259765625,39600,0.0,0.0
2026-01-09 00:00:00+09:00,3182.9752084585334,3202.592929311899,3133.93090632512,3187.879638671875,50500,0.0,0.0
2026-01-13 00:00:00+09:00,3256.5416372077675,3295.7770786199094,3227.115056148661,3251.63720703125,150600,0.0,0.0
2026-01-14 00:00:00+09:00,3251.6372500291513,3285.96826171875,3173.166366167211,3285.96826171875,97300,0.0,0.0
2026-01-15 00:00:00+09:00,3305.585914045442,3369.343505859375,3271.254903068709,3369.343505859375,34100,0.0,0.0
2026-01-16 00:00:00+09:00,3384.0568147197073,3540.998580040042,3384.0568147197073,3521.380859375,88500,0.0,0.0
2026-01-19 00:00:00+09:00,3536.094277264462,3653.8006054951793,3482.14554349205,3624.3740234375,103300,0.0,0.0
2026-01-20 00:00:00+09:00,3594.9473787468664,3609.6606695193636,3472.336622309388,3545.903076171875,113400,0.0,0.0
2026-01-21 00:00:00+09:00,3482.1453739071158,3594.94726630129,3452.7187932825486,3540.99853515625,64100,0.0,0.0
2026-01-22 00:00:00+09:00,3609.6606872476445,3658.7049900635093,3555.7119541501934,3643.99169921875,65700,0.0,0.0
2026-01-23 00:00:00+09:00,3599.851760028997,3702.844794035276,3570.4251788843458,3673.418212890625,81800,0.0,0.0
2026-01-26 00:00:00+09:00,3697.9402971165155,3697.9402971165155,3594.947264968708,3648.89599609375,99200,0.0,0.0
2026-01-27 00:00:00+09:00,3648.896194539606,3678.3227767536346,3570.425308635528,3668.513916015625,74800,0.0,0.0
2026-01-28 00:00:00+09:00,3673.4181019176135,3712.6535422585225,3540.9984907670455,3560.6162109375,74400,0.0,0.0
2026-01-29 00:00:00+09:00,3550.8074879978662,3560.6163484619487,3398.7701508045875,3447.814453125,87800,0.0,0.0
2026-01-30 00:00:00+09:00,3447.814455241826,3482.145466887193,3354.630280775831,3393.86572265625,84000,0.0,0.0
2026-02-02 00:00:00+09:00,3359.534601548139,3428.1966226016775,3295.7770105698532,3335.012451171875,100000,0.0,0.0
2026-02-03 00:00:00+09:00,3447.814495763644,3506.667659275968,3388.96133225132,3482.1455078125,80900,0.0,0.0
2026-02-04 00:00:00+09:00,3526.2852230205776,3540.998513241804,3403.6744711770248,3496.858642578125,87300,0.0,0.0
2026-02-05 00:00:00+09:00,3531.189857029037,3531.189857029037,3438.0056802463264,3462.52783203125,65600,0.0,0.0
2026-02-06 00:00:00+09:00,3462.52782532409,3570.42529296875,3393.8658004593062,3570.42529296875,80900,0.0,0.0
2026-02-09 00:00:00+09:00,3639.0873374162566,3673.418350033391,3580.2341729297405,3614.565185546875,73300,0.0,0.0
2026-02-10 00:00:00+09:00,3673.418211284437,3746.9846641138984,3594.947328266345,3727.366943359375,99700,0.0,0.0
2026-02-12 00:00:00+09:00,3727.366944989152,3727.366944989152,3609.6606204105474,3673.418212890625,91100,0.0,0.0
2026-02-13 00:00:00+09:00,3673.418350033391,3673.418350033391,3570.4253121819875,3614.565185546875,59700,0.0,0.0
2026-02-16 00:00:00+09:00,3634.18275319899,3634.18275319899,3516.4764292087393,3521.380859375,83600,0.0,0.0
2026-02-17 00:00:00+09:00,3501.7632681039663,3629.2784571385646,3447.8145342816365,3570.42529296875,104300,0.0,0.0
2026-02-18 00:00:00+09:00,3575.329610685023,3683.2270749306613,3570.425180492039,3619.469482421875,36600,0.0,0.0
2026-02-19 00:00:00+09:00,3663.6093493509848,3786.2201040146724,3634.1827682317,3781.315673828125,86200,0.0,0.0
2026-02-20 00:00:00+09:00,3717.5582197056733,3717.5582197056733,3639.087333801596,3668.513916015625,46700,0.0,0.0
2026-02-24 00:00:00+09:00,3697.9404785816982,3697.9404785816982,3555.711998636248,3624.3740234375,73100,0.0,0.0
2026-02-25 00:00:00+09:00,3653.8006249086106,3742.0803715506977,3594.9474604805523,3668.513916015625,63400,0.0,0.0
2026-02-26 00:00:00+09:00,3712.653564453125,3746.9845749566543,3663.609263733797,3712.653564453125,45000,0.0,0.0
2026-02-27 00:00:00+09:00,3771.5067240778126,3943.1617765390915,3722.4624233745903,3928.448486328125,190600,0.0,0.0
2026-03-02 00:00:00+09:00,3791.1245549128603,3840.168857046274,3668.5137995793266,3825.45556640625,114100,0.0,0.0
2026-03-03 00:00:00+09:00,3825.455554131023,3825.455554131023,3496.8587308915635,3511.572021484375,110700,0.0,0.0
2026-03-04 00:00:00+09:00,3384.0567522947026,3423.292192901018,3129.0263883536527,3281.063720703125,196200,0.0,0.0
2026-03-05 00:00:00+09:00,3447.814432369529,3491.954304192183,3388.9612699393238,3403.674560546875,108800,0.0,0.0
2026-03-06 00:00:00+09:00,3354.6301718399664,3359.5346019157555,3192.7839793389153,3281.063720703125,280200,0.0,0.0
2026-03-09 00:00:00+09:00,3094.695556640625,3148.644290591571,2939.715557290635,3094.695556640625,205200,0.0,0.0
2026-03-10 00:00:00+09:00,3163.3573774857955,3310.4902787642045,3163.3573774857955,3236.923828125,133100,0.0,0.0
2026-03-11 00:00:00+09:00,3251.6371182528405,3295.7769886363635,3232.019398082386,3236.923828125,76900,0.0,0.0
2026-03-12 00:00:00+09:00,3192.7841835021973,3212.4019050598145,3075.077854156494,3138.83544921875,125400,0.0,0.0
2026-03-13 00:00:00+09:00,3070.173337544152,3129.026500564168,3055.4600467891482,3124.1220703125,107300,0.0,0.0
2026-03-16 00:00:00+09:00,3079.9822845458984,3173.16646194458,3079.9822845458984,3138.83544921875,115700,0.0,0.0
2026-03-17 00:00:00+09:00,3192.784096227286,3207.4973869933106,3065.2689095884084,3070.17333984375,73200,0.0,0.0
2026-03-18 00:00:00+09:00,3114.313229776388,3168.261962890625,3089.7910783608263,3168.261962890625,59600,0.0,0.0
2026-03-19 00:00:00+09:00,3104.50439453125,3129.0265461468207,3065.268951946337,3104.50439453125,97500,0.0,0.0
2026-03-23 00:00:00+09:00,2967.180203222124,2967.180203222124,2829.8561607589513,2879.88134765625,97800,0.0,0.0
2026-03-24 00:00:00+09:00,2981.8935772483496,3016.2245888285115,2957.371426119663,2972.084716796875,126000,0.0,0.0
2026-03-25 00:00:00+09:00,3065.268887076408,3138.8353403662422,3030.9378755411526,3079.982177734375,187200,0.0,0.0
2026-03-26 00:00:00+09:00,3079.9821123110705,3079.9821123110705,2976.989079893025,3001.51123046875,43800,0.0,0.0
2026-03-27 00:00:00+09:00,2932.8492749909756,2981.8935772483496,2924.021300584648,2972.084716796875,72800,0.0,0.0
2026-03-30 00:00:00+09:00,2779.831140110728,2815.1430388559593,2728.8250641453933,2764.136962890625,101700,0.0,0.0
2026-03-31 00:00:00+09:00,2715.092639965741,2801.410614068698,2680.7616275384285,2719.9970703125,94800,0.0,0.0
2026-04-01 00:00:00+09:00,2867.129953783612,2962.2759016170057,2859.2828653025076,2952.467041015625,126400,0.0,0.0
2026-04-02 00:00:00+09:00,3030.9379082591895,3075.077780709566,2938.734619140625,2938.734619140625,147700,0.0,0.0
2026-04-03 00:00:00+09:00,2935.7919779932777,2976.9891925190773,2904.4036240688592,2952.467041015625,71300,0.0,0.0
2026-04-06 00:00:00+09:00,2952.4670183800704,3011.320181537148,2947.5625881169804,2962.27587890625,61100,0.0,0.0
2026-04-07 00:00:00+09:00,2962.275745738636,3006.415616122159,2952.466885653409,2967.18017578125,31500,0.0,0.0
2026-04-08 00:00:00+09:00,3104.5042620761437,3104.5042620761437,3016.224520026585,3055.4599609375,39400,0.0,0.0
2026-04-09 00:00:00+09:00,3060.3645706917478,3075.077861896996,3011.320266674252,3030.93798828125,37000,0.0,0.0
2026-04-10 00:00:00+09:00,3070.1732737960447,3070.1732737960447,2991.702391398702,3045.651123046875,37000,0.0,0.0
2026-04-13 00:00:00+09:00,2981.8936228197676,3006.4157743232195,2925.002231331759,2952.467041015625,85600,0.0,0.0
2026-04-14 00:00:00+09:00,2996.6069137218387,3065.2689379315043,2930.8875476925873,2952.467041015625,72200,0.0,0.0
2026-04-15 00:00:00+09:00,2991.702544580916,3001.5114053828206,2889.6903922411075,2916.17431640625,64600,0.0,0.0
2026-04-16 00:00:00+09:00,2967.180198049466,2967.180198049466,2916.174125223492,2957.371337890625,61700,0.0,0.0
2026-04-17 00:00:00+09:00,2925.9830083090574,2932.8492104740467,2888.7093394134004,2893.61376953125,57400,0.0,0.0
2026-04-20 00:00:00+09:00,2932.8493797694878,2934.811151929869,2880.862417519393,2916.17431640625,58400,0.0,0.0
2026-04-21 00:00:00+09:00,2939.7154215302144,2939.7154215302144,2883.8049180176276,2900.47998046875,39400,0.0,0.0
2026-04-22 00:00:00+09:00,2893.6137743706745,2893.6137743706745,2825.9326386311573,2870.072509765625,59100,0.0,0.0
2026-04-23 00:00:00+09:00,2870.0726432447686,2912.2507442904025,2823.9709979158197,2865.168212890625,87200,0.0,0.0
2026-04-24 00:00:00+09:00,2865.16813524058,2865.16813524058,2782.7737075239734,2803.372314453125,62000,0.0,0.0
2026-04-27 00:00:00+09:00,2827.894426580922,2863.2063236870313,2745.5,2745.5,132500,0.0,0.0
2026-04-28 00:00:00+09:00,2739.0,2766.0,2700.0,2738.0,80400,53.5,0.0
2026-04-30 00:00:00+09:00,2688.0,2688.0,2624.0,2636.0,96200,0.0,0.0
2026-05-01 00:00:00+09:00,2662.0,2694.0,2639.0,2691.0,57200,0.0,0.0
2026-05-07 00:00:00+09:00,2762.0,2856.0,2762.0,2804.0,98800,0.0,0.0
2026-05-08 00:00:00+09:00,2775.0,2775.0,2664.0,2718.0,104400,0.0,0.0
2026-05-11 00:00:00+09:00,2718.0,2802.0,2718.0,2737.0,66300,0.0,0.0
2026-05-12 00:00:00+09:00,2779.0,2834.0,2702.0,2707.0,88800,0.0,0.0
2026-05-13 00:00:00+09:00,2676.0,2739.0,2652.0,2660.0,67200,0.0,0.0
2026-05-14 00:00:00+09:00,2641.0,2745.0,2621.0,2706.0,111500,0.0,0.0
2026-05-15 00:00:00+09:00,2684.0,2740.0,2629.0,2678.0,59800,0.0,0.0
2026-05-18 00:00:00+09:00,2727.0,2732.0,2601.0,2640.0,102100,0.0,0.0
2026-05-19 00:00:00+09:00,2644.0,2644.0,2557.0,2568.0,77900,0.0,0.0
2026-05-20 00:00:00+09:00,2562.0,2562.0,2440.0,2458.0,69500,0.0,0.0
2026-05-21 00:00:00+09:00,2508.0,2522.0,2491.0,2500.0,68000,0.0,0.0
2026-05-22 00:00:00+09:00,2500.0,2517.0,2426.0,2494.0,81600,0.0,0.0
2026-05-25 00:00:00+09:00,2532.0,2553.0,2514.0,2533.0,65300,0.0,0.0
2026-05-26 00:00:00+09:00,2558.0,2558.0,2483.0,2487.0,68400,0.0,0.0
2026-05-27 00:00:00+09:00,2504.0,2504.0,2438.0,2463.0,82500,0.0,0.0
2026-05-28 00:00:00+09:00,2475.0,2478.0,2418.0,2453.0,100100,0.0,0.0
2026-05-29 00:00:00+09:00,2456.0,2526.0,2430.0,2479.0,185100,0.0,0.0
2026-06-01 00:00:00+09:00,2429.0,2443.0,2348.0,2348.0,148000,0.0,0.0
2026-06-02 00:00:00+09:00,2356.0,2362.0,2272.0,2343.0,198500,0.0,0.0
2026-06-03 00:00:00+09:00,2346.0,2426.0,2345.0,2394.0,127500,0.0,0.0
2026-06-04 00:00:00+09:00,2358.0,2394.0,2344.0,2350.0,123100,0.0,0.0
2026-06-05 00:00:00+09:00,2350.0,2390.0,2243.0,2284.0,337800,0.0,0.0
2026-06-08 00:00:00+09:00,2176.0,2204.0,2135.0,2159.0,193000,0.0,0.0
2026-06-09 00:00:00+09:00,2188.0,2205.0,2153.0,2189.0,94600,0.0,0.0
2026-06-10 00:00:00+09:00,2185.0,2185.0,2104.0,2149.0,129100,0.0,0.0
2026-06-11 00:00:00+09:00,2099.0,2099.0,2026.0,2068.0,107400,0.0,0.0
2026-06-12 00:00:00+09:00,2153.0,2155.0,2059.0,2076.0,90600,0.0,0.0
2026-06-15 00:00:00+09:00,2153.0,2205.0,2138.0,2159.0,91400,0.0,0.0
2026-06-16 00:00:00+09:00,2153.0,2226.0,2151.0,2196.0,102000,0.0,0.0
2026-06-17 00:00:00+09:00,2178.0,2234.0,2166.0,2203.0,50300,0.0,0.0
2026-06-18 00:00:00+09:00,2221.0,2222.0,2175.0,2182.0,76500,0.0,0.0
2026-06-19 00:00:00+09:00,2232.0,2232.0,2146.0,2164.0,82700,0.0,0.0
2026-06-22 00:00:00+09:00,2164.0,2192.0,2136.0,2140.0,38200,0.0,0.0
2026-06-23 00:00:00+09:00,2150.0,2166.0,2077.0,2077.0,82300,0.0,0.0
2026-06-24 00:00:00+09:00,2066.0,2089.0,2035.0,2047.0,48900,0.0,0.0
2026-06-25 00:00:00+09:00,2050.0,2066.0,2013.0,2014.0,48300,0.0,0.0
2026-06-26 00:00:00+09:00,2020.0,2045.0,2007.0,2023.0,45700,0.0,0.0
2026-06-29 00:00:00+09:00,2050.0,2080.0,1970.0,2003.0,82900,0.0,0.0
2026-06-30 00:00:00+09:00,2028.0,2040.0,2000.0,2000.0,119400,0.0,0.0
2026-07-01 00:00:00+09:00,2003.0,2036.0,1992.0,2025.0,59600,0.0,0.0
2026-07-02 00:00:00+09:00,2016.0,2075.0,1996.0,2050.0,73500,0.0,0.0
2026-07-03 00:00:00+09:00,2050.0,2128.0,2050.0,2111.0,69900,0.0,0.0
