Date,Open,High,Low,Close,Volume,Dividends,Stock Splits,Capital Gains
2012-01-17 00:00:00-05:00,18.34381103515625,18.34381103515625,18.34381103515625,18.34381103515625,500,0.0,0.0,0.0
2012-01-18 00:00:00-05:00,18.387593246382504,18.48974609375,18.387593246382504,18.48974609375,1000,0.0,0.0,0.0
2012-01-19 00:00:00-05:00,18.55541458591399,18.55541458591399,18.504338166615383,18.518930435180664,24800,0.0,0.0,0.0
2012-01-20 00:00:00-05:00,18.45326042175293,18.45326042175293,18.45326042175293,18.45326042175293,600,0.0,0.0,0.0
2012-01-23 00:00:00-05:00,18.73053626510629,18.745129926904024,18.621086585079684,18.672163009643555,15500,0.0,0.0,0.0
2012-01-24 00:00:00-05:00,18.504337008413138,18.577302521856716,18.460556030273438,18.460556030273438,4700,0.0,0.0,0.0
2012-01-25 00:00:00-05:00,18.599195655164515,18.759721755981445,18.467855485528773,18.759721755981445,1800,0.0,0.0,0.0
2012-01-26 00:00:00-05:00,18.85457683595098,18.85457683595098,18.642972946166992,18.642972946166992,3200,0.0,0.0,0.0
2012-01-27 00:00:00-05:00,18.67945664910149,18.803499969732655,18.67945664910149,18.745126724243164,8200,0.0,0.0,0.0
2012-01-30 00:00:00-05:00,18.58460667807153,18.723243713378906,18.58460667807153,18.723243713378906,400,0.0,0.0,0.0
2012-01-31 00:00:00-05:00,18.86916914144893,18.86916914144893,18.715938509545474,18.78160858154297,2300,0.0,0.0,0.0
2012-02-01 00:00:00-05:00,19.022401957927194,19.073478380921664,18.978622365607386,19.044292449951172,18900,0.0,0.0,0.0
2012-02-02 00:00:00-05:00,18.94944105965484,18.95673789264636,18.8983646204428,18.93484878540039,3400,0.0,0.0,0.0
2012-02-03 00:00:00-05:00,19.102664730588902,19.14644432067871,19.102664730588902,19.14644432067871,1900,0.0,0.0,0.0
2012-02-06 00:00:00-05:00,19.14644432067871,19.14644432067871,19.14644432067871,19.14644432067871,0,0.0,0.0,0.0
2012-02-07 00:00:00-05:00,19.124557495117188,19.124557495117188,19.124557495117188,19.124557495117188,2800,0.0,0.0,0.0
2012-02-08 00:00:00-05:00,19.080778661546557,19.080778661546557,19.066184997558594,19.066184997558594,800,0.0,0.0,0.0
2012-02-09 00:00:00-05:00,19.088070751174975,19.19022359025441,19.080773920993863,19.117258071899414,11500,0.0,0.0,0.0
2012-02-10 00:00:00-05:00,18.810801014124774,18.985920789830516,18.810801014124774,18.86187744140625,9100,0.0,0.0,0.0
2012-02-13 00:00:00-05:00,19.05888557434082,19.05888557434082,19.05888557434082,19.05888557434082,700,0.0,0.0,0.0
2012-02-14 00:00:00-05:00,18.920249473898362,18.920249473898362,18.869173049926758,18.869173049926758,2800,0.0,0.0,0.0
2012-02-15 00:00:00-05:00,19.02969885970876,19.02969885970876,18.978622436523438,18.978622436523438,1000,0.0,0.0,0.0
2012-02-16 00:00:00-05:00,19.066182938812517,19.19752311706543,19.066182938812517,19.19752311706543,500,0.0,0.0,0.0
2012-02-17 00:00:00-05:00,19.13185109557541,19.13185109557541,19.05888557434082,19.05888557434082,600,0.0,0.0,0.0
2012-02-21 00:00:00-05:00,19.131853933559707,19.161041259765625,19.131853933559707,19.161041259765625,700,0.0,0.0,0.0
2012-02-22 00:00:00-05:00,19.080774674019956,19.095368334958117,19.05888557434082,19.05888557434082,1100,0.0,0.0,0.0
2012-02-23 00:00:00-05:00,19.05888557434082,19.05888557434082,19.05888557434082,19.05888557434082,0,0.0,0.0,0.0
2012-02-24 00:00:00-05:00,19.05888557434082,19.05888557434082,19.05888557434082,19.05888557434082,0,0.0,0.0,0.0
2012-02-27 00:00:00-05:00,19.21941566467285,19.21941566467285,19.21941566467285,19.21941566467285,400,0.0,0.0,0.0
2012-02-28 00:00:00-05:00,19.27049460251434,19.29238510131836,19.27049460251434,19.29238510131836,400,0.0,0.0,0.0
2012-02-29 00:00:00-05:00,19.409131268813073,19.409131268813073,19.314273834228516,19.314273834228516,2300,0.0,0.0,0.0
2012-03-01 00:00:00-05:00,19.511279913188375,19.511279913188375,19.489389419555664,19.489389419555664,900,0.0,0.0,0.0
2012-03-02 00:00:00-05:00,19.40183448791504,19.40183448791504,19.40183448791504,19.40183448791504,200,0.0,0.0,0.0
2012-03-05 00:00:00-05:00,19.358055114746094,19.358055114746094,19.358055114746094,19.358055114746094,1000,0.0,0.0,0.0
2012-03-06 00:00:00-05:00,19.080776045639695,19.080776045639695,18.920249938964844,18.920249938964844,800,0.0,0.0,0.0
2012-03-07 00:00:00-05:00,18.920249938964844,18.920249938964844,18.920249938964844,18.920249938964844,0,0.0,0.0,0.0
2012-03-08 00:00:00-05:00,19.482093811035156,19.482093811035156,19.482093811035156,19.482093811035156,500,0.0,0.0,0.0
2012-03-09 00:00:00-05:00,19.39453125,19.39453125,19.39453125,19.39453125,300,0.0,0.0,0.0
2012-03-12 00:00:00-04:00,19.336158752441406,19.336158752441406,19.336158752441406,19.336158752441406,500,0.0,0.0,0.0
2012-03-13 00:00:00-04:00,19.33615982565961,19.460203170776367,19.33615982565961,19.460203170776367,700,0.0,0.0,0.0
2012-03-14 00:00:00-04:00,19.23400719751179,19.263193130493164,19.23400719751179,19.263193130493164,2500,0.0,0.0,0.0
2012-03-15 00:00:00-04:00,19.29967682128351,19.365346908569336,19.29967682128351,19.365346908569336,1200,0.0,0.0,0.0
2012-03-16 00:00:00-04:00,19.519330978393555,19.519330978393555,19.519330978393555,19.519330978393555,500,0.13,0.0,0.0
2012-03-19 00:00:00-04:00,19.519330978393555,19.519330978393555,19.519330978393555,19.519330978393555,0,0.0,0.0,0.0
2012-03-20 00:00:00-04:00,19.28468646217173,19.336015701293945,19.28468646217173,19.336015701293945,1200,0.0,0.0,0.0
2012-03-21 00:00:00-04:00,19.482670922658766,23.44226507992939,19.358016967773438,19.358016967773438,2700,0.0,0.0,0.0
2012-03-22 00:00:00-04:00,19.29935193405799,19.29935193405799,19.211361749977154,19.2626895904541,1300,0.0,0.0,0.0
2012-03-23 00:00:00-04:00,19.40933900500637,19.54132567046876,19.40933900500637,19.416671752929688,11400,0.0,0.0,0.0
2012-03-26 00:00:00-04:00,19.416671752929688,19.416671752929688,19.416671752929688,19.416671752929688,0,0.0,0.0,0.0
2012-03-27 00:00:00-04:00,19.416671752929688,19.416671752929688,19.416671752929688,19.416671752929688,0,0.0,0.0,0.0
2012-03-28 00:00:00-04:00,19.416671752929688,19.416671752929688,19.416671752929688,19.416671752929688,0,0.0,0.0,0.0
2012-03-29 00:00:00-04:00,19.453334557648613,19.453334557648613,19.350677490234375,19.350677490234375,800,0.0,0.0,0.0
2012-03-30 00:00:00-04:00,19.629316329956055,19.629316329956055,19.629316329956055,19.629316329956055,1000,0.0,0.0,0.0
2012-04-02 00:00:00-04:00,19.81263324365911,19.9152889251709,19.81263324365911,19.9152889251709,2000,0.0,0.0,0.0
2012-04-03 00:00:00-04:00,19.482665115834855,19.48999786376953,19.482665115834855,19.48999786376953,400,0.0,0.0,0.0
2012-04-04 00:00:00-04:00,19.48999786376953,19.48999786376953,19.48999786376953,19.48999786376953,0,0.0,0.0,0.0
2012-04-05 00:00:00-04:00,19.233358596707983,19.2626895904541,19.233358596707983,19.2626895904541,1000,0.0,0.0,0.0
2012-04-09 00:00:00-04:00,19.299353670725814,19.38001251220703,19.299353670725814,19.38001251220703,600,0.0,0.0,0.0
2012-04-10 00:00:00-04:00,19.33601479519124,19.33601479519124,19.064708709716797,19.064708709716797,400,0.0,0.0,0.0
2012-04-11 00:00:00-04:00,19.18202796141077,19.328680111616634,19.18202796141077,19.27001953125,52500,0.0,0.0,0.0
2012-04-12 00:00:00-04:00,19.3506795562738,19.52666132102929,19.3506795562738,19.51199722290039,1700,0.0,0.0,0.0
2012-04-13 00:00:00-04:00,19.599984771345362,19.599984771345362,19.240688541777406,19.27001953125,11100,0.0,0.0,0.0
2012-04-16 00:00:00-04:00,19.27001953125,19.27001953125,19.27001953125,19.27001953125,0,0.0,0.0,0.0
2012-04-17 00:00:00-04:00,19.27001953125,19.27001953125,19.27001953125,19.27001953125,0,0.0,0.0,0.0
2012-04-18 00:00:00-04:00,19.563325798701722,19.651315985099973,19.504665208243285,19.621986389160156,2100,0.0,0.0,0.0
2012-04-19 00:00:00-04:00,19.629325972791655,19.629325972791655,19.497339248657227,19.497339248657227,1900,0.0,0.0,0.0
2012-04-20 00:00:00-04:00,19.665974784064648,19.70263851472513,19.665974784064648,19.687973022460938,1000,0.0,0.0,0.0
2012-04-23 00:00:00-04:00,19.51199491544607,19.52665901184082,19.453334334131338,19.52665901184082,3200,0.0,0.0,0.0
2012-04-24 00:00:00-04:00,19.69530965960427,19.69530965960427,19.5193279134019,19.629316329956055,1700,0.0,0.0,0.0
2012-04-25 00:00:00-04:00,19.629316329956055,19.629316329956055,19.629316329956055,19.629316329956055,0,0.0,0.0,0.0
2012-04-26 00:00:00-04:00,19.790633027109088,19.973947525024414,19.753970686957473,19.973947525024414,7900,0.0,0.0,0.0
2012-04-27 00:00:00-04:00,19.89328417842741,19.937280654907227,19.89328417842741,19.937280654907227,300,0.0,0.0,0.0
2012-04-30 00:00:00-04:00,19.863964080810547,19.863964080810547,19.863964080810547,19.863964080810547,100,0.0,0.0,0.0
2012-05-01 00:00:00-04:00,19.995947891123908,20.003280639648438,19.995947891123908,20.003280639648438,2500,0.0,0.0,0.0
2012-05-02 00:00:00-04:00,19.87129092389304,19.9079532623291,19.834627186878418,19.9079532623291,13000,0.0,0.0,0.0
2012-05-03 00:00:00-04:00,19.87129314716312,19.893289993254413,19.431338043813852,19.67331314086914,8900,0.0,0.0,0.0
2012-05-04 00:00:00-04:00,19.570653915405273,19.570653915405273,19.570653915405273,19.570653915405273,200,0.0,0.0,0.0
2012-05-07 00:00:00-04:00,19.570654600136265,19.75396908316862,19.570654600136265,19.739303588867188,2600,0.0,0.0,0.0
2012-05-08 00:00:00-04:00,19.614649789755234,19.62198253694531,19.41666981135867,19.548656463623047,3500,0.0,0.0,0.0
2012-05-09 00:00:00-04:00,19.233361340318318,19.50466747685629,19.233361340318318,19.46067237854004,5900,0.0,0.0,0.0
2012-05-10 00:00:00-04:00,19.53399475779961,19.592655348118758,19.47533416748047,19.47533416748047,3000,0.0,0.0,0.0
2012-05-11 00:00:00-04:00,19.51199610757355,19.51199610757355,19.482665115834855,19.48999786376953,4200,0.0,0.0,0.0
2012-05-14 00:00:00-04:00,19.2626931971139,19.321353797010723,19.226029448066498,19.233362197875977,19000,0.0,0.0,0.0
2012-05-15 00:00:00-04:00,19.16002778498807,19.27735033245549,18.852059419509832,18.859392166137695,134000,0.0,0.0,0.0
2012-05-16 00:00:00-04:00,18.896059036254883,18.910724531945263,18.896059036254883,18.896059036254883,5800,0.0,0.0,0.0
2012-05-17 00:00:00-04:00,18.815404891967773,18.815404891967773,18.815404891967773,18.815404891967773,800,0.0,0.0,0.0
2012-05-18 00:00:00-04:00,18.793405084300833,18.793405084300833,18.580760955810547,18.580760955810547,1200,0.0,0.0,0.0
2012-05-21 00:00:00-04:00,18.316784377602048,18.7347412109375,18.316784377602048,18.7347412109375,17400,0.0,0.0,0.0
2012-05-22 00:00:00-04:00,18.84472761333167,18.84472761333167,18.58808708190918,18.58808708190918,2900,0.0,0.0,0.0
2012-05-23 00:00:00-04:00,18.412116800509885,18.456111907958984,18.412116800509885,18.456111907958984,2200,0.0,0.0,0.0
2012-05-24 00:00:00-04:00,18.48543300414374,18.705411237286874,18.48543300414374,18.536762237548828,5400,0.0,0.0,0.0
2012-05-25 00:00:00-04:00,18.734747338469255,18.734747338469255,18.720083236694336,18.720083236694336,800,0.0,0.0,0.0
2012-05-29 00:00:00-04:00,18.61008673982466,18.61008673982466,18.375444412231445,18.375444412231445,1400,0.0,0.0,0.0
2012-05-30 00:00:00-04:00,18.54409906597633,18.54409906597633,18.3314535336679,18.36078453063965,9100,0.0,0.0,0.0
2012-05-31 00:00:00-04:00,18.3021240234375,18.3021240234375,18.3021240234375,18.3021240234375,100,0.0,0.0,0.0
2012-06-01 00:00:00-04:00,18.287460604193978,18.287460604193978,18.03815269470215,18.03815269470215,20500,0.0,0.0,0.0
2012-06-04 00:00:00-04:00,18.228796005249023,18.228796005249023,18.228796005249023,18.228796005249023,100,0.0,0.0,0.0
2012-06-05 00:00:00-04:00,18.265453449186374,18.309448529831084,18.250787956112003,18.280118942260742,16000,0.0,0.0,0.0
2012-06-06 00:00:00-04:00,18.4927693656422,18.617423302543013,18.4927693656422,18.580760955810547,5100,0.0,0.0,0.0
2012-06-07 00:00:00-04:00,18.764073318283266,18.771406066498177,18.705412731142722,18.75674057006836,9000,0.0,0.0,0.0
2012-06-08 00:00:00-04:00,18.551426184549825,18.654083251953125,18.478101506005657,18.654083251953125,5700,0.0,0.0,0.0
2012-06-11 00:00:00-04:00,18.60275957230106,18.64675466896919,18.419445037841797,18.419445037841797,6700,0.0,0.0,0.0
2012-06-12 00:00:00-04:00,18.478099822998047,18.51476215893088,18.478099822998047,18.478099822998047,5200,0.0,0.0,0.0
2012-06-13 00:00:00-04:00,18.54409458494543,18.55142593383789,18.54409458494543,18.55142593383789,16000,0.0,0.0,0.0
2012-06-14 00:00:00-04:00,18.705412837973697,18.77873892196284,18.705412837973697,18.771406173706055,1200,0.0,0.0,0.0
2012-06-15 00:00:00-04:00,18.7419376373291,18.7419376373291,18.7419376373291,18.7419376373291,600,0.12,0.0,0.0
2012-06-18 00:00:00-04:00,19.058727264404297,19.058727264404297,19.058727264404297,19.058727264404297,600,0.0,0.0,0.0
2012-06-19 00:00:00-04:00,19.066091537475586,19.066091537475586,19.066091537475586,19.066091537475586,800,0.0,0.0,0.0
2012-06-20 00:00:00-04:00,19.03662431585042,19.088193893432617,19.03662431585042,19.088193893432617,900,0.0,0.0,0.0
2012-06-21 00:00:00-04:00,18.94084863920874,18.94084863920874,18.705101225747374,18.7419376373291,1400,0.0,0.0,0.0
2012-06-22 00:00:00-04:00,18.867183386390174,18.92612025462474,18.867183386390174,18.90401840209961,4800,0.0,0.0,0.0
2012-06-25 00:00:00-04:00,18.771408676224873,18.771408676224873,18.690371366765746,18.719839096069336,3300,0.0,0.0,0.0
2012-06-26 00:00:00-04:00,18.85244223790032,19.095556910158372,18.85244223790032,18.97031593322754,6400,0.0,0.0,0.0
2012-06-27 00:00:00-04:00,19.051356547425403,19.125026560562095,18.66826629638672,18.66826629638672,2500,0.0,0.0,0.0
2012-06-28 00:00:00-04:00,19.080823084326415,19.080823084326415,19.051355361938477,19.051355361938477,2400,0.0,0.0,0.0
2012-06-29 00:00:00-04:00,19.574422831697433,19.574422831697433,19.419714103020336,19.552322387695312,1400,0.0,0.0,0.0
2012-07-02 00:00:00-04:00,19.50075340270996,19.50075340270996,19.50075340270996,19.50075340270996,200,0.0,0.0,0.0
2012-07-03 00:00:00-04:00,19.684925079345703,19.684925079345703,19.684925079345703,19.684925079345703,200,0.0,0.0,0.0
2012-07-05 00:00:00-04:00,19.95013689256751,19.95013689256751,19.655452728271484,19.655452728271484,1100,0.0,0.0,0.0
2012-07-06 00:00:00-04:00,19.486022447195303,19.486022447195303,19.46392059326172,19.46392059326172,2400,0.0,0.0,0.0
2012-07-09 00:00:00-04:00,19.530227852533457,19.78807723539126,19.183973850228806,19.58916473388672,2600,0.0,0.0,0.0
2012-07-10 00:00:00-04:00,19.73649535358972,19.73649535358972,19.486013412475586,19.486013412475586,800,0.0,0.0,0.0
2012-07-11 00:00:00-04:00,19.61862343686497,19.633358001708984,19.611257559608404,19.633358001708984,1100,0.0,0.0,0.0
2012-07-12 00:00:00-04:00,19.508119198448505,19.773335774719616,19.463916904125185,19.596525192260742,6900,0.0,0.0,0.0
2012-07-13 00:00:00-04:00,19.773332595825195,19.773332595825195,19.773332595825195,19.773332595825195,600,0.0,0.0,0.0
2012-07-16 00:00:00-04:00,19.721763534413046,19.810168111123733,19.714396252159588,19.795434951782227,8700,0.0,0.0,0.0
2012-07-17 00:00:00-04:00,19.72913402995612,19.869108200073242,19.684930329235897,19.869108200073242,11400,0.0,0.0,0.0
2012-07-18 00:00:00-04:00,19.88384019149657,19.994346618652344,19.86173834399923,19.994346618652344,1800,0.0,0.0,0.0
2012-07-19 00:00:00-04:00,19.994351032075723,20.00908560032636,19.942781448364258,19.942781448364258,15600,0.0,0.0,0.0
2012-07-20 00:00:00-04:00,19.92067527770996,19.92067527770996,19.92067527770996,19.92067527770996,4100,0.0,0.0,0.0
2012-07-23 00:00:00-04:00,19.486017529972866,19.544954387090726,19.478650247187442,19.493383407592773,3900,0.0,0.0,0.0
2012-07-24 00:00:00-04:00,19.721764952956967,19.721764952956967,19.471282958984375,19.471282958984375,11800,0.0,0.0,0.0
2012-07-25 00:00:00-04:00,19.59652460122996,19.699663753262225,19.59652460122996,19.648094177246094,5500,0.0,0.0,0.0
2012-07-26 00:00:00-04:00,19.90594643290343,19.942781448364258,19.81017314444005,19.942781448364258,3000,0.0,0.0,0.0
2012-07-27 00:00:00-04:00,19.979611481337503,20.09748517932584,19.942775072487823,20.068016052246094,136600,0.0,0.0,0.0
2012-07-30 00:00:00-04:00,20.112217746564564,20.149054154331555,19.979610894099242,20.097484588623047,52900,0.0,0.0,0.0
2012-07-31 00:00:00-04:00,20.082753330128963,20.384804897694398,19.972246898974745,20.07538604736328,17500,0.0,0.0,0.0
2012-08-01 00:00:00-04:00,20.082747078893963,20.082747078893963,19.655454647647925,20.031177520751953,7900,0.0,0.0,0.0
2012-08-02 00:00:00-04:00,19.876470852518068,20.00907911345113,19.780699000269365,19.839635848999023,12400,0.0,0.0,0.0
2012-08-03 00:00:00-04:00,20.207995265720143,20.266932125418425,20.053285130783674,20.215362548828125,8100,0.0,0.0,0.0
2012-08-06 00:00:00-04:00,20.281668008334652,20.31113573751407,20.26693344116211,20.26693344116211,9700,0.0,0.0,0.0
2012-08-07 00:00:00-04:00,20.377437591552734,20.40690672258166,20.355335743281042,20.377437591552734,12700,0.0,0.0,0.0
2012-08-08 00:00:00-04:00,20.237459758118355,20.237459758118355,20.10485289886802,20.163789749145508,10600,0.0,0.0,0.0
2012-08-09 00:00:00-04:00,20.156422991430528,20.25219484868521,20.134321145064654,20.230093002319336,9200,0.0,0.0,0.0
2012-08-10 00:00:00-04:00,20.230093002319336,20.230093002319336,20.230093002319336,20.230093002319336,0,0.0,0.0,0.0
2012-08-13 00:00:00-04:00,20.20799416948033,20.244829177856445,20.20799416948033,20.244829177856445,500,0.0,0.0,0.0
2012-08-14 00:00:00-04:00,20.296405490116236,20.399546077110237,20.296405490116236,20.311140060424805,4400,0.0,0.0,0.0
2012-08-15 00:00:00-04:00,20.406905916114585,20.406905916114585,20.355334938852018,20.37006950378418,2100,0.0,0.0,0.0
2012-08-16 00:00:00-04:00,20.311132058305624,20.465842175261415,20.296397493802136,20.399538040161133,65400,0.0,0.0,0.0
2012-08-17 00:00:00-04:00,20.34060367937006,20.37743868997626,20.34060367937006,20.347970962524414,8100,0.0,0.0,0.0
2012-08-20 00:00:00-04:00,20.797361676031326,20.797361676031326,20.406905548520562,20.480575561523438,600,0.0,0.0,0.0
2012-08-21 00:00:00-04:00,20.53214682881439,20.53214682881439,20.429006279851016,20.443740844726562,4300,0.0,0.0,0.0
2012-08-22 00:00:00-04:00,20.347966350862986,20.414269073894182,20.347966350862986,20.362699508666992,5400,0.0,0.0,0.0
2012-08-23 00:00:00-04:00,20.47321439527565,20.546884425230118,20.392175676126836,20.414276123046875,10600,0.0,0.0,0.0
2012-08-24 00:00:00-04:00,20.620550444144904,20.620550444144904,20.53951174628176,20.583715438842773,7400,0.0,0.0,0.0
2012-08-27 00:00:00-04:00,20.568985281749054,20.591087132765086,20.532150268554688,20.532150268554688,4700,0.0,0.0,0.0
2012-08-28 00:00:00-04:00,20.347969704164026,20.539513433669498,20.347969704164026,20.5247802734375,3100,0.0,0.0,0.0
2012-08-29 00:00:00-04:00,20.487942176792625,20.583715438842773,20.487942176792625,20.583715438842773,4300,0.0,0.0,0.0
2012-08-30 00:00:00-04:00,20.480578057258523,20.480578057258523,20.40690803527832,20.40690803527832,42000,0.0,0.0,0.0
2012-08-31 00:00:00-04:00,20.60581757279274,20.60581757279274,20.48794385994376,20.5247802734375,2200,0.0,0.0,0.0
2012-09-04 00:00:00-04:00,20.325867504416014,20.333234786987305,20.149056938201486,20.333234786987305,24300,0.0,0.0,0.0
2012-09-05 00:00:00-04:00,20.193261712784242,20.281667709350586,20.134324850128564,20.281667709350586,18200,0.0,0.0,0.0
2012-09-06 00:00:00-04:00,20.44374626617795,20.4805812829696,20.44374626617795,20.458480834960938,3000,0.0,0.0,0.0
2012-09-07 00:00:00-04:00,20.583718747416107,20.583718747416107,20.524781886360113,20.561616897583008,5000,0.0,0.0,0.0
2012-09-10 00:00:00-04:00,20.50267990695194,20.5321490398765,20.40690803527832,20.40690803527832,3700,0.0,0.0,0.0
2012-09-11 00:00:00-04:00,20.40690803527832,20.40690803527832,20.40690803527832,20.40690803527832,0,0.0,0.0,0.0
2012-09-12 00:00:00-04:00,20.826832115031785,20.826832115031785,20.65002154340863,20.812097549438477,3200,0.0,0.0,0.0
2012-09-13 00:00:00-04:00,20.78263035545463,21.01837921142578,20.69422576398539,21.01837921142578,1400,0.0,0.0,0.0
2012-09-14 00:00:00-04:00,20.959440611499733,20.959440611499733,20.871034622192383,20.871034622192383,17800,0.0,0.0,0.0
2012-09-17 00:00:00-04:00,20.789990855530945,20.789990855530945,20.72368673098006,20.74578857421875,1200,0.0,0.0,0.0
2012-09-18 00:00:00-04:00,20.68685561289789,20.694222895360017,20.672121047973633,20.672121047973633,2400,0.0,0.0,0.0
2012-09-19 00:00:00-04:00,20.73105650123744,20.745791065165747,20.69422149658203,20.69422149658203,1300,0.0,0.0,0.0
2012-09-20 00:00:00-04:00,20.819460721587646,20.826828002929688,20.70158703044549,20.826828002929688,38300,0.0,0.0,0.0
2012-09-21 00:00:00-04:00,20.954750972159722,20.954750972159722,20.888204367544994,20.91038703918457,2400,0.103,0.0,0.0
2012-09-24 00:00:00-04:00,20.76989435832046,20.947351455688477,20.76989435832046,20.947351455688477,800,0.0,0.0,0.0
2012-09-25 00:00:00-04:00,21.065661718548494,21.065661718548494,20.880810350631812,20.88820457458496,6400,0.0,0.0,0.0
2012-09-26 00:00:00-04:00,20.880805068895707,20.939957435254474,20.82165270253694,20.925168991088867,2400,0.0,0.0,0.0
2012-09-27 00:00:00-04:00,21.043476492204842,21.161782650789934,21.006506787230894,21.154388427734375,5000,0.0,0.0,0.0
2012-09-28 00:00:00-04:00,20.96953636827126,20.96953636827126,20.888201327733313,20.89559555053711,21200,0.0,0.0,0.0
2012-10-01 00:00:00-04:00,20.843841425521035,21.073056735477934,20.843841425521035,20.95475196838379,2400,0.0,0.0,0.0
2012-10-02 00:00:00-04:00,20.969541183908532,20.969541183908532,20.806871065475587,20.85862922668457,5700,0.0,0.0,0.0
2012-10-03 00:00:00-04:00,20.77729034423828,20.77729034423828,20.77729034423828,20.77729034423828,11100,0.0,0.0,0.0
2012-10-04 00:00:00-04:00,20.984323501586914,20.991717724425243,20.976930689052384,20.984323501586914,1700,0.0,0.0,0.0
2012-10-05 00:00:00-04:00,21.102627297325267,21.102627297325267,20.947351455688477,20.947351455688477,6700,0.0,0.0,0.0
2012-10-08 00:00:00-04:00,20.78468559371956,20.932565822901346,20.74771447869624,20.902990341186523,4200,0.0,0.0,0.0
2012-10-09 00:00:00-04:00,20.880806273550807,20.880806273550807,20.710743386746046,20.747713088989258,1400,0.0,0.0,0.0
2012-10-10 00:00:00-04:00,20.681168872351126,20.681168872351126,20.62941071914368,20.6663818359375,1200,0.0,0.0,0.0
2012-10-11 00:00:00-04:00,20.792078789517006,20.814260047131327,20.76989612159892,20.77729034423828,9300,0.0,0.0,0.0
2012-10-12 00:00:00-04:00,20.79947618492653,20.79947618492653,20.681171417236328,20.681171417236328,1900,0.0,0.0,0.0
2012-10-15 00:00:00-04:00,20.806862687821752,20.939955854658717,20.688557964034132,20.873409271240234,37000,0.0,0.0,0.0
2012-10-16 00:00:00-04:00,20.932570061399172,20.96214695940666,20.85862922668457,20.85862922668457,15000,0.0,0.0,0.0
2012-10-17 00:00:00-04:00,21.05087012364044,21.073052792183685,20.991717751162252,21.065658569335938,1600,0.0,0.0,0.0
2012-10-18 00:00:00-04:00,20.858622402647296,20.969534323585684,20.851229590868154,20.925168991088867,11200,0.0,0.0,0.0
2012-10-19 00:00:00-04:00,20.910386783306457,20.939962268159977,20.61462347294733,20.68856430053711,12100,0.0,0.0,0.0
2012-10-22 00:00:00-04:00,20.843840986160494,20.843840986160494,20.725536221560056,20.83644676208496,4000,0.0,0.0,0.0
2012-10-23 00:00:00-04:00,20.614624369409945,20.614624369409945,20.437167221659827,20.5628662109375,2000,0.0,0.0,0.0
2012-10-24 00:00:00-04:00,20.607228981842862,20.62201601791383,20.46674156188965,20.46674156188965,66100,0.0,0.0,0.0
2012-10-25 00:00:00-04:00,20.65159450549241,20.77729348877795,20.599836349487305,20.599836349487305,24700,0.0,0.0,0.0
2012-10-26 00:00:00-04:00,20.806867031906336,20.82904970111167,20.79947280883789,20.79947280883789,1800,0.0,0.0,0.0
2012-10-31 00:00:00-04:00,20.762502752504968,20.762502752504968,20.540681705420116,20.57025718688965,49200,0.0,0.0,0.0
2012-11-01 00:00:00-04:00,20.762503103799506,20.89559629842384,20.710744952624232,20.79947280883789,39500,0.0,0.0,0.0
2012-11-02 00:00:00-04:00,20.644198916743875,20.658987363282947,20.525894165039062,20.525894165039062,4400,0.0,0.0,0.0
2012-11-05 00:00:00-05:00,20.54807917301969,20.66638393818644,20.518502276575983,20.5628662109375,56200,0.0,0.0,0.0
2012-11-06 00:00:00-05:00,20.63680918000056,20.792085081810665,20.62202073024642,20.784690856933594,47800,0.0,0.0,0.0
2012-11-07 00:00:00-05:00,20.644201404839627,20.644201404839627,20.318862593288728,20.53329086303711,2300,0.0,0.0,0.0
2012-11-08 00:00:00-05:00,20.370621085660957,20.43716769389292,20.31886292599256,20.400197982788086,5300,0.0,0.0,0.0
2012-11-09 00:00:00-05:00,20.48892549335959,20.48892549335959,20.341045241235957,20.370620727539062,4700,0.0,0.0,0.0
2012-11-12 00:00:00-05:00,20.36321984448163,20.36321984448163,20.333642959594727,20.333642959594727,500,0.0,0.0,0.0
2012-11-13 00:00:00-05:00,20.496320297438423,20.496320297438423,20.35583426549164,20.4593505859375,1500,0.0,0.0,0.0
2012-11-14 00:00:00-05:00,20.32625954181627,20.32625954181627,20.15619659423828,20.15619659423828,3500,0.0,0.0,0.0
2012-11-15 00:00:00-05:00,20.15618305736296,20.15618305736296,19.96393756344157,19.986120223999023,13900,0.0,0.0,0.0
2012-11-16 00:00:00-05:00,20.037883426946568,20.089641571044922,19.971336838733357,20.089641571044922,16200,0.0,0.0,0.0
2012-11-19 00:00:00-05:00,20.355833689539534,20.38540917584264,20.348439465387745,20.370620727539062,8400,0.0,0.0,0.0
2012-11-20 00:00:00-05:00,20.311466372851786,20.370618750019712,20.259708219117837,20.36322593688965,8300,0.0,0.0,0.0
2012-11-21 00:00:00-05:00,20.318862568780585,20.370620727539062,20.318862568780585,20.370620727539062,1100,0.0,0.0,0.0
2012-11-23 00:00:00-05:00,20.555469647813325,20.56286387108286,20.525894165039062,20.525894165039062,1000,0.0,0.0,0.0
2012-11-26 00:00:00-05:00,20.518495927649514,20.548072814941406,20.496313262180593,20.548072814941406,4700,0.0,0.0,0.0
2012-11-27 00:00:00-05:00,20.592440764161005,20.607229210700076,20.525894165039062,20.525894165039062,7500,0.0,0.0,0.0
2012-11-28 00:00:00-05:00,20.533286609562683,20.70334949911825,20.511103941675703,20.695955276489258,15400,0.0,0.0,0.0
2012-11-29 00:00:00-05:00,20.76990015570921,20.83644676208496,20.74032325940708,20.83644676208496,8300,0.0,0.0,0.0
2012-11-30 00:00:00-05:00,20.76990240717945,20.902995634358344,20.71814424334415,20.784690856933594,25200,0.0,0.0,0.0
2012-12-03 00:00:00-05:00,20.806867166214523,20.82165561244687,20.710745086311952,20.7698974609375,13300,0.0,0.0,0.0
2012-12-04 00:00:00-05:00,20.947353699859875,20.947353699859875,20.888201327733313,20.89559555053711,6100,0.0,0.0,0.0
2012-12-05 00:00:00-05:00,21.065659452812163,21.065659452812163,20.792080247490784,20.939960479736328,6100,0.0,0.0,0.0
2012-12-06 00:00:00-05:00,20.93256625657847,20.984324408379603,20.888202327935193,20.939960479736328,3400,0.0,0.0,0.0
2012-12-07 00:00:00-05:00,20.888203888250196,20.99172019958496,20.888203888250196,20.99172019958496,4300,0.0,0.0,0.0
2012-12-10 00:00:00-05:00,21.006504189198065,21.05086811174075,20.9769287109375,20.9769287109375,6200,0.0,0.0,0.0
2012-12-11 00:00:00-05:00,21.124809965099622,21.139598410111372,21.095234485379866,21.102628707885742,7400,0.0,0.0,0.0
2012-12-12 00:00:00-05:00,21.198752355763883,21.198752355763883,21.12481153551214,21.154388427734375,4500,0.0,0.0,0.0
2012-12-13 00:00:00-05:00,20.917774600388256,20.917774600388256,20.858620828190894,20.873409271240234,2200,0.0,0.0,0.0
2012-12-14 00:00:00-05:00,20.910381957226917,20.97692854566849,20.88819929097851,20.925168991088867,2500,0.0,0.0,0.0
2012-12-17 00:00:00-05:00,20.91778225753089,20.95475196838379,20.88081113637393,20.95475196838379,5400,0.0,0.0,0.0
2012-12-18 00:00:00-05:00,21.021293872973484,21.10262891101728,21.021293872973484,21.080446243286133,7100,0.0,0.0,0.0
2012-12-19 00:00:00-05:00,21.080444667303638,21.08783888932789,21.0286865234375,21.0286865234375,9800,0.0,0.0,0.0
2012-12-20 00:00:00-05:00,21.04347256967659,21.220931069323832,21.036079758302908,21.1839599609375,11300,0.0,0.0,0.0
2012-12-21 00:00:00-05:00,21.072427064628595,21.102370808372502,21.034998812745002,21.094884872436523,5200,0.351,0.0,0.0
2012-12-24 00:00:00-05:00,21.5365430144957,21.5365430144957,21.057453155517578,21.057453155517578,300,0.0,0.0,0.0
2012-12-26 00:00:00-05:00,21.072429886779346,21.072429886779346,20.877799809766753,20.99757194519043,6200,0.0,0.0,0.0
2012-12-27 00:00:00-05:00,21.132312054870248,21.132312054870248,20.870310021555444,20.952653884887695,5600,0.0,0.0,0.0
2012-12-28 00:00:00-05:00,20.862828568373157,20.862828568373157,20.720598627555816,20.728084564208984,10300,0.0,0.0,0.0
2012-12-31 00:00:00-05:00,20.75802403310835,21.064940254768874,20.75802403310835,21.034997940063477,33400,0.0,0.0,0.0
2013-01-02 00:00:00-05:00,21.31945030602552,21.371850412740013,21.192192292092113,21.2745361328125,18000,0.0,0.0,0.0
2013-01-03 00:00:00-05:00,21.222146305816416,21.32694657000922,21.04248809814453,21.04248809814453,8400,0.0,0.0,0.0
2013-01-04 00:00:00-05:00,21.049970277892324,21.087398529052734,21.01254059893565,21.087398529052734,13300,0.0,0.0,0.0
2013-01-07 00:00:00-05:00,20.975109637814597,21.072423934936523,20.960137768166277,21.072423934936523,8800,0.0,0.0,0.0
2013-01-08 00:00:00-05:00,21.04997431809871,21.102374450899156,20.930200750244996,21.012544631958008,24800,0.0,0.0,0.0
2013-01-09 00:00:00-05:00,21.094882359261725,21.154768411818623,21.00505256652832,21.00505256652832,6400,0.0,0.0,0.0
2013-01-10 00:00:00-05:00,21.169741553100014,21.237113544746567,21.162255617606373,21.22962760925293,6200,0.0,0.0,0.0
2013-01-11 00:00:00-05:00,21.169741553100014,21.252083987937645,21.169741553100014,21.22962760925293,14800,0.0,0.0,0.0
2013-01-14 00:00:00-05:00,21.267056953189428,21.282028824947062,21.139798898842088,21.214656829833984,20400,0.0,0.0,0.0
2013-01-15 00:00:00-05:00,21.259568422387254,21.31196853934679,21.16225412343328,21.237112045288086,16500,0.0,0.0,0.0
2013-01-16 00:00:00-05:00,21.326942384396197,21.37185657055021,21.2296280764298,21.282028198242188,7200,0.0,0.0,0.0
2013-01-17 00:00:00-05:00,21.43173741986959,21.439223353708798,21.296994894151492,21.379337310791016,11800,0.0,0.0,0.0
2013-01-18 00:00:00-05:00,21.454202639560485,21.454202639560485,21.20717244863505,21.252086639404297,3300,0.0,0.0,0.0
2013-01-22 00:00:00-05:00,21.349397184745403,21.371853560761767,21.244595528083565,21.2969970703125,23400,0.0,0.0,0.0
2013-01-23 00:00:00-05:00,21.431739265231283,21.431739265231283,21.296996727911296,21.33442497253418,9900,0.0,0.0,0.0
2013-01-24 00:00:00-05:00,21.3718558124265,21.39431361860498,21.289513378697784,21.311969757080078,4400,0.0,0.0,0.0
2013-01-25 00:00:00-05:00,21.514082843103925,21.514082843103925,21.334424701166466,21.364368438720703,9400,0.0,0.0,0.0
2013-01-28 00:00:00-05:00,21.394311020608402,21.394311020608402,21.237110679837077,21.33442497253418,3800,0.0,0.0,0.0
2013-01-29 00:00:00-05:00,21.394312979831316,21.536542892456055,21.394312979831316,21.536542892456055,800,0.0,0.0,0.0
2013-01-30 00:00:00-05:00,21.611400816353083,21.611400816353083,21.491627281440152,21.536542892456055,45400,0.0,0.0,0.0
2013-01-31 00:00:00-05:00,21.58145632110911,21.58894225601669,21.52157026964455,21.566484451293945,39400,0.0,0.0,0.0
2013-02-01 00:00:00-05:00,21.5964292216517,21.5964292216517,21.49911349100467,21.50659942626953,136600,0.0,0.0,0.0
2013-02-04 00:00:00-05:00,21.43173899262576,21.43173899262576,21.274538653853977,21.364368438720703,10300,0.0,0.0,0.0
2013-02-05 00:00:00-05:00,21.379337310791016,21.42425291382627,21.319451267873234,21.379337310791016,38700,0.0,0.0,0.0
2013-02-06 00:00:00-05:00,21.364369657947154,21.47665582459154,21.364369657947154,21.439226150512695,52300,0.0,0.0,0.0
2013-02-07 00:00:00-05:00,21.364375027358676,21.42426109313965,21.29700302488053,21.42426109313965,23900,0.0,0.0,0.0
2013-02-08 00:00:00-05:00,21.44671712221356,21.529060996729875,21.409288867140546,21.461688995361328,8500,0.0,0.0,0.0
2013-02-11 00:00:00-05:00,21.536542758499515,21.54402869362227,21.40928471700495,21.499113082885742,30800,0.0,0.0,0.0
2013-02-12 00:00:00-05:00,21.521570888254004,21.558999136071645,21.484142640436364,21.499113082885742,5900,0.0,0.0,0.0
2013-02-13 00:00:00-05:00,21.596430917115267,21.603916852967824,21.51408705053342,21.581459045410156,5700,0.0,0.0,0.0
2013-02-14 00:00:00-05:00,21.431740821512502,21.529056549072266,21.431740821512502,21.529056549072266,10000,0.0,0.0,0.0
2013-02-15 00:00:00-05:00,21.57397605806751,21.57397605806751,21.46168986052558,21.521575927734375,15200,0.0,0.0,0.0
2013-02-19 00:00:00-05:00,21.416777642438962,21.813522338867188,21.416777642438962,21.813522338867188,24400,0.0,0.0,0.0
2013-02-20 00:00:00-05:00,21.94077652864455,21.94077652864455,21.761118342326665,21.768604278564453,18700,0.0,0.0,0.0
2013-02-21 00:00:00-05:00,21.761115905824152,21.761115905824152,21.581457739621847,21.671287536621094,33600,0.0,0.0,0.0
2013-02-22 00:00:00-05:00,21.843467067494483,21.910839080810547,21.72369491666518,21.910839080810547,18900,0.0,0.0,0.0
2013-02-25 00:00:00-05:00,21.895861271248883,21.895861271248883,21.626373291015625,21.626373291015625,17900,0.0,0.0,0.0
2013-02-26 00:00:00-05:00,21.746146469851087,21.85843408562157,21.693746343982912,21.768604278564453,51800,0.0,0.0,0.0
2013-02-27 00:00:00-05:00,21.79854642291698,21.97071866035502,21.768602680164502,21.94077491760254,44000,0.0,0.0,0.0
2013-02-28 00:00:00-05:00,21.96323335222224,22.02311941164208,21.873403549194336,21.873403549194336,29100,0.0,0.0,0.0
2013-03-01 00:00:00-05:00,21.985694124242915,22.053064700852016,21.91832211983734,22.015636444091797,25300,0.0,0.0,0.0
2013-03-04 00:00:00-05:00,22.112950980608208,22.202779363013516,22.075521298109,22.195293426513672,27000,0.0,0.0,0.0
2013-03-05 00:00:00-05:00,22.225232867094196,22.33003310219754,22.225232867094196,22.300090789794922,26400,0.0,0.0,0.0
2013-03-06 00:00:00-05:00,22.38243628806507,22.38243628806507,22.300093846822794,22.330036163330078,22500,0.0,0.0,0.0
2013-03-07 00:00:00-05:00,22.345008498959814,22.4198664334752,22.315064754035124,22.382436752319336,50800,0.0,0.0,0.0
2013-03-08 00:00:00-05:00,22.300090381323695,22.30757488844017,22.165346408489725,22.292604446411133,24200,0.0,0.0,0.0
2013-03-11 00:00:00-04:00,22.322549949602656,22.3599796295166,22.22523563741899,22.3599796295166,9600,0.0,0.0,0.0
2013-03-12 00:00:00-04:00,22.322546758265297,22.36746093994459,22.24020290202318,22.292604446411133,28300,0.0,0.0,0.0
2013-03-13 00:00:00-04:00,22.24768986410694,22.28511954039788,22.172833367117374,22.23271942138672,16300,0.0,0.0,0.0
2013-03-14 00:00:00-04:00,22.337518075673955,22.42734643681105,22.25517422146824,22.404890060424805,13800,0.0,0.0,0.0
2013-03-15 00:00:00-04:00,22.530308486376185,22.64295974232038,22.47773799576479,22.590389251708984,11500,0.097,0.0,0.0
2013-03-18 00:00:00-04:00,22.417660286923326,22.582882056005747,22.417660286923326,22.492761611938477,10400,0.0,0.0,0.0
2013-03-19 00:00:00-04:00,22.58288137042254,22.58288137042254,22.410149330838635,22.470230102539062,28600,0.0,0.0,0.0
2013-03-20 00:00:00-04:00,22.642963590936276,22.673004694927968,22.567862263395725,22.62794303894043,9300,0.0,0.0,0.0
2013-03-21 00:00:00-04:00,22.635453108168253,22.680514763744164,22.567862057243055,22.60541343688965,14300,0.0,0.0,0.0
2013-03-22 00:00:00-04:00,22.657982930349835,22.823204696145968,22.657982930349835,22.808185577392578,12200,0.0,0.0,0.0
2013-03-25 00:00:00-04:00,22.86075275493437,22.890792420518245,22.6880193061831,22.725570678710938,25100,0.0,0.0,0.0
2013-03-26 00:00:00-04:00,22.890800987766053,22.96590232849121,22.83823047899012,22.96590232849121,37000,0.0,0.0,0.0
2013-03-27 00:00:00-04:00,22.905818779791012,22.958389282226562,22.815696895302388,22.958389282226562,24100,0.0,0.0,0.0
2013-03-28 00:00:00-04:00,22.980918909161712,23.04099968486462,22.958388081108616,23.018468856811523,78000,0.0,0.0,0.0
2013-04-01 00:00:00-04:00,22.823202038318776,22.905813627815785,22.590389251708984,22.590389251708984,69300,0.0,0.0,0.0
2013-04-02 00:00:00-04:00,22.808182690457265,22.928344219906627,22.748101925732584,22.890792846679688,77100,0.0,0.0,0.0
2013-04-03 00:00:00-04:00,23.071042810908466,23.071042810908466,22.77814916455686,22.85325050354004,45600,0.0,0.0,0.0
2013-04-04 00:00:00-04:00,22.928352374348098,23.093574177992302,22.898311265082462,22.96590232849121,112300,0.0,0.0,0.0
2013-04-05 00:00:00-04:00,22.800674816374492,22.94336575234477,22.76312343919397,22.928346633911133,54100,0.0,0.0,0.0
2013-04-08 00:00:00-04:00,22.9358531612796,23.003442764282227,22.845731303212194,23.003442764282227,17200,0.0,0.0,0.0
2013-04-09 00:00:00-04:00,22.830713148930645,23.063525944064306,22.830713148930645,23.040996551513672,21700,0.0,0.0,0.0
2013-04-10 00:00:00-04:00,23.13863233909034,23.266304177167815,23.13863233909034,23.213733673095703,29700,0.0,0.0,0.0
2013-04-11 00:00:00-04:00,23.26630002129358,23.341401341884193,23.198708976005886,23.281320571899414,28900,0.0,0.0,0.0
2013-04-12 00:00:00-04:00,23.243772506713867,23.243772506713867,23.161160904142502,23.243772506713867,8800,0.0,0.0,0.0
2013-04-15 00:00:00-04:00,23.16115978003712,23.19119944978052,22.860755920410156,22.860755920410156,38900,0.0,0.0,0.0
2013-04-16 00:00:00-04:00,23.13111689405088,23.288829803466797,23.086056676691395,23.288829803466797,14300,0.0,0.0,0.0
2013-04-17 00:00:00-04:00,23.078553623359486,23.086063900675892,22.890800987766053,22.96590232849121,29800,0.0,0.0,0.0
2013-04-18 00:00:00-04:00,23.056020211934328,23.101080435553044,22.90581755662036,22.980918884277344,52500,0.0,0.0,0.0
2013-04-19 00:00:00-04:00,23.033490974402778,23.093571754189295,22.980920471144422,23.086061477661133,25400,0.0,0.0,0.0
2013-04-22 00:00:00-04:00,23.018469742859708,23.101081349795674,22.913328739442107,23.06352996826172,817300,0.0,0.0,0.0
2013-04-23 00:00:00-04:00,23.34139787404235,23.34139787404235,23.153645316679576,23.25127601623535,131400,0.0,0.0,0.0
2013-04-24 00:00:00-04:00,23.273812727144158,23.408994831836985,23.25879217496969,23.35642433166504,66200,0.0,0.0,0.0
2013-04-25 00:00:00-04:00,23.63429148315335,23.63429148315335,23.439028650959003,23.4465389251709,50400,0.0,0.0,0.0
2013-04-26 00:00:00-04:00,23.431528295124863,23.499119355072327,23.40148718739761,23.454057693481445,60000,0.0,0.0,0.0
2013-04-29 00:00:00-04:00,23.57421616748905,23.716908545600077,23.529155944247183,23.70939826965332,25700,0.0,0.0,0.0
2013-04-30 00:00:00-04:00,23.769480091595934,23.897151923436116,23.731930142647126,23.859601974487305,30400,0.0,0.0,0.0
2013-05-01 00:00:00-04:00,23.882132740315164,23.882132740315164,23.73193150346845,23.746952056884766,36800,0.0,0.0,0.0
2013-05-02 00:00:00-04:00,23.81454086303711,23.852092245285938,23.75446008387775,23.81454086303711,51000,0.0,0.0,0.0
2013-05-03 00:00:00-04:00,23.994781171338467,24.009800289632494,23.889638748648924,23.942209243774414,115000,0.0,0.0,0.0
2013-05-06 00:00:00-04:00,23.889640626675476,23.912171454545565,23.83707012741728,23.904661178588867,67500,0.0,0.0,0.0
2013-05-07 00:00:00-04:00,23.807032515719985,23.859603019526375,23.731931182094232,23.852092742919922,107000,0.0,0.0,0.0
2013-05-08 00:00:00-04:00,23.87462564493144,23.994787216186523,23.822053704123288,23.994787216186523,21700,0.0,0.0,0.0
2013-05-09 00:00:00-04:00,23.88963938843991,23.897149664007337,23.724417623272316,23.76947784423828,93700,0.0,0.0,0.0
2013-05-10 00:00:00-04:00,23.619274349366986,23.64931401629726,23.43903061803151,23.641803741455078,20600,0.0,0.0,0.0
2013-05-13 00:00:00-04:00,23.551680653634346,23.551680653634346,23.43902797613753,23.544170379638672,29400,0.0,0.0,0.0
2013-05-14 00:00:00-04:00,23.484098111404062,23.611769950617035,23.484098111404062,23.5892391204834,56600,0.0,0.0,0.0
2013-05-15 00:00:00-04:00,23.67185091556458,23.67185091556458,23.514137968282885,23.57421875,168400,0.0,0.0,0.0
2013-05-16 00:00:00-04:00,23.454050210380363,23.52915152329829,23.35641950629394,23.401479721069336,210700,0.0,0.0,0.0
2013-05-17 00:00:00-04:00,23.37894788970215,23.476580022018496,23.318867128445298,23.4465389251709,72300,0.0,0.0,0.0
2013-05-20 00:00:00-04:00,23.499118664826486,23.604259673905823,23.47658783469285,23.5892391204834,50500,0.0,0.0,0.0
2013-05-21 00:00:00-04:00,23.484089797279584,23.59674104318796,23.393967941089898,23.529150009155273,88500,0.0,0.0,0.0
2013-05-22 00:00:00-04:00,23.484094889824874,23.566705057438003,23.11609997609041,23.183691024780273,822900,0.0,0.0,0.0
2013-05-23 00:00:00-04:00,22.68802387422619,23.018468856811523,22.50027127109977,23.018468856811523,52400,0.0,0.0,0.0
2013-05-24 00:00:00-04:00,22.582878505506045,22.718060582792145,22.560349114250634,22.71055030822754,34800,0.0,0.0,0.0
2013-05-28 00:00:00-04:00,22.755609835428352,22.875771359953568,22.63544831090314,22.688018798828125,62100,0.0,0.0,0.0
2013-05-29 00:00:00-04:00,22.515292052308965,22.515292052308965,22.365090827742204,22.485252380371094,47300,0.0,0.0,0.0
2013-05-30 00:00:00-04:00,22.357581253023078,22.47774280942153,22.33505042403384,22.38762092590332,74100,0.0,0.0,0.0
2013-05-31 00:00:00-04:00,22.162314267492242,22.18484509231506,21.97456169128418,21.97456169128418,30600,0.0,0.0,0.0
2013-06-03 00:00:00-04:00,21.974569493864507,22.177342691953772,21.944528383433955,22.15481185913086,164300,0.0,0.0,0.0
2013-06-04 00:00:00-04:00,22.23741967490223,22.342560678538486,22.087217013331518,22.192358016967773,32100,0.0,0.0,0.0
2013-06-05 00:00:00-04:00,21.98958603435049,21.98958603435049,21.73424237206589,21.7793025970459,75000,0.0,0.0,0.0
2013-06-06 00:00:00-04:00,21.711709130522078,21.86191177368164,21.62158869057719,21.86191177368164,66200,0.0,0.0,0.0
2013-06-07 00:00:00-04:00,21.899462646934616,22.132275464510037,21.891952371214295,22.102235794067383,57900,0.0,0.0,0.0
2013-06-10 00:00:00-04:00,22.094726036609188,22.102236312505674,21.959543935349796,22.019624710083008,72500,0.0,0.0,0.0
2013-06-11 00:00:00-04:00,21.779301371654988,21.937012866430905,21.749260268399397,21.80183219909668,79700,0.0,0.0,0.0
2013-06-12 00:00:00-04:00,22.072192311246635,22.072192311246635,21.68917688544079,21.741748809814453,10700,0.0,0.0,0.0
2013-06-13 00:00:00-04:00,21.83937863665634,22.184844106394284,21.83937863665634,22.17733383178711,41500,0.0,0.0,0.0
2013-06-14 00:00:00-04:00,22.10223071202516,22.147290923547608,21.92949870749054,21.96704864501953,53200,0.0,0.0,0.0
2013-06-17 00:00:00-04:00,22.350069538166398,22.425170864191337,22.192356610270156,22.229907989501953,25600,0.0,0.0,0.0
2013-06-18 00:00:00-04:00,22.32753440812584,22.387615170880537,22.29749474296768,22.350065231323242,20800,0.0,0.0,0.0
2013-06-19 00:00:00-04:00,22.38011515818663,22.38762543602937,21.906979113606376,21.982080459594727,100700,0.0,0.0,0.0
2013-06-20 00:00:00-04:00,21.629100929888146,21.629100929888146,21.178495794529518,21.186004638671875,99600,0.0,0.0,0.0
2013-06-21 00:00:00-04:00,21.44402652635,21.534826112257402,21.26999278399966,21.45159339904785,32100,0.211,0.0,0.0
2013-06-24 00:00:00-04:00,21.080828556696304,21.16406128277895,20.800859996508443,21.06569480895996,97700,0.0,0.0,0.0
2013-06-25 00:00:00-04:00,21.277559253112212,21.41375862938993,21.201891970802347,21.39862632751465,108300,0.0,0.0,0.0
2013-06-26 00:00:00-04:00,21.512129029644566,21.512129029644566,21.322961523500286,21.474294662475586,57600,0.0,0.0,0.0
2013-06-27 00:00:00-04:00,21.62562774152296,21.723994202857934,21.61806086861512,21.655895233154297,90100,0.0,0.0,0.0
2013-06-28 00:00:00-04:00,21.56509521920353,21.75426272112637,21.51969542284743,21.663461685180664,121200,0.0,0.0,0.0
2013-07-01 00:00:00-04:00,21.7012935249549,21.80722685186379,21.7012935249549,21.708860397338867,21600,0.0,0.0,0.0
2013-07-02 00:00:00-04:00,21.572656206674313,21.79965656975448,21.572656206674313,21.701290130615234,36700,0.0,0.0,0.0
2013-07-03 00:00:00-04:00,21.580227289594706,21.70129436596335,21.542392926208635,21.693727493286133,22700,0.0,0.0,0.0
2013-07-05 00:00:00-04:00,21.708861900275704,21.708861900275704,21.48186004274097,21.655895233154297,2400,0.0,0.0,0.0
2013-07-08 00:00:00-04:00,21.769392835050976,21.87532615661621,21.74669221904417,21.87532615661621,180700,0.0,0.0,0.0
2013-07-09 00:00:00-04:00,22.117465844162798,22.14016646587251,21.875331652193676,21.97369956970215,72400,0.0,0.0,0.0
2013-07-10 00:00:00-04:00,22.04936366869074,22.223398868157023,21.94343032893749,22.056930541992188,40000,0.0,0.0,0.0
2013-07-11 00:00:00-04:00,22.359595364705914,22.62443012305477,22.32932931864985,22.616863250732422,11700,0.0,0.0,0.0
2013-07-12 00:00:00-04:00,22.510928696265527,22.510928696265527,22.382294760271826,22.457962036132812,27900,0.0,0.0,0.0
2013-07-15 00:00:00-04:00,22.510932062798478,22.609298525865295,22.50336518975742,22.586599349975586,44600,0.0,0.0,0.0
2013-07-16 00:00:00-04:00,22.54876456460161,22.594165802001953,22.465531849167846,22.594165802001953,47000,0.0,0.0,0.0
2013-07-17 00:00:00-04:00,22.586596365770625,22.69252968788229,22.556328877605424,22.631996154785156,182300,0.0,0.0,0.0
2013-07-18 00:00:00-04:00,22.70010311902104,22.72280374170419,22.59416976630039,22.67740249633789,60600,0.0,0.0,0.0
2013-07-19 00:00:00-04:00,22.579032202966435,22.775766569946406,22.579032202966435,22.737932205200195,28800,0.0,0.0,0.0
2013-07-22 00:00:00-04:00,22.7454944187558,22.836295432312763,22.737927547356627,22.813594818115234,35500,0.0,0.0,0.0
2013-07-23 00:00:00-04:00,22.874130669164735,22.904398157835395,22.77576421745168,22.86656379699707,12100,0.0,0.0,0.0
2013-07-24 00:00:00-04:00,22.911958445279076,22.911958445279076,22.65469063844848,22.760623931884766,21600,0.0,0.0,0.0
2013-07-25 00:00:00-04:00,22.59416132047173,22.836295432312763,22.59416132047173,22.813594818115234,15500,0.0,0.0,0.0
2013-07-26 00:00:00-04:00,22.768203707886933,22.859003312806383,22.700103282580496,22.828737258911133,62100,0.0,0.0,0.0
2013-07-29 00:00:00-04:00,22.707664883431008,22.843865702413783,22.662265091514538,22.821165084838867,35100,0.0,0.0,0.0
2013-07-30 00:00:00-04:00,22.775770418064514,22.78333729229223,22.647136442660713,22.67740249633789,26300,0.0,0.0,0.0
2013-07-31 00:00:00-04:00,22.775757671870775,22.843858058574927,22.669822935201605,22.760623931884766,57600,0.0,0.0,0.0
2013-08-01 00:00:00-04:00,22.828735130415282,22.86656805506532,22.692534292501442,22.7984676361084,37300,0.0,0.0,0.0
2013-08-02 00:00:00-04:00,22.775761904352507,22.904395831672197,22.737927547356627,22.813594818115234,70200,0.0,0.0,0.0
2013-08-05 00:00:00-04:00,22.806026691332292,22.82872730428024,22.6925265130587,22.775760650634766,81400,0.0,0.0,0.0
2013-08-06 00:00:00-04:00,22.836302891421678,22.851436639163225,22.700102048215008,22.790903091430664,34900,0.0,0.0,0.0
2013-08-07 00:00:00-04:00,22.715234335111955,22.85143516955938,22.669833094807128,22.722801208496094,36900,0.0,0.0,0.0
2013-08-08 00:00:00-04:00,22.874132380890522,22.957366537730152,22.684964892242935,22.904399871826172,101600,0.0,0.0,0.0
2013-08-09 00:00:00-04:00,22.775762963277806,23.070863745400192,22.76819609152682,22.889263153076172,91300,0.0,0.0,0.0
2013-08-12 00:00:00-04:00,22.851434466375395,22.95736780402649,22.783334051247266,22.88170051574707,9900,0.0,0.0,0.0
2013-08-13 00:00:00-04:00,22.904401958217875,22.964935502369848,22.798467173526774,22.927101135253906,96700,0.0,0.0,0.0
2013-08-14 00:00:00-04:00,22.987633853398165,22.987633853398165,22.851434466375395,22.88170051574707,26100,0.0,0.0,0.0
2013-08-15 00:00:00-04:00,22.722799689532433,22.836299896240234,22.59416573706801,22.836299896240234,73000,0.0,0.0,0.0
2013-08-16 00:00:00-04:00,22.866567897259063,22.866567897259063,22.677400388847225,22.715234756469727,96400,0.0,0.0,0.0
2013-08-19 00:00:00-04:00,22.836302092357865,22.836302092357865,22.556333541870117,22.556333541870117,158900,0.0,0.0,0.0
2013-08-20 00:00:00-04:00,22.518500175516394,22.737933732853342,22.47310037800419,22.624433517456055,111100,0.0,0.0,0.0
2013-08-21 00:00:00-04:00,22.571464568089297,22.571464568089297,22.321763542127044,22.450397491455078,85300,0.0,0.0,0.0
2013-08-22 00:00:00-04:00,22.45039623072752,22.556329556025307,22.420128741651972,22.47309684753418,81900,0.0,0.0,0.0
2013-08-23 00:00:00-04:00,22.473095543811684,22.654696138029905,22.397428268745784,22.48822784423828,94500,0.0,0.0,0.0
2013-08-26 00:00:00-04:00,22.47310110673888,22.510934032020266,22.405000686645508,22.405000686645508,13400,0.0,0.0,0.0
2013-08-27 00:00:00-04:00,22.193124120343295,22.321758037952343,22.177990378687397,22.23095703125,56200,0.0,0.0,0.0
2013-08-28 00:00:00-04:00,22.215832599553888,22.268799270872226,22.109897813683663,22.200698852539062,35200,0.0,0.0,0.0
2013-08-29 00:00:00-04:00,22.352033436220218,22.382299487016315,22.200698852539062,22.200698852539062,40900,0.0,0.0,0.0
2013-08-30 00:00:00-04:00,22.25366532239762,22.291498246358636,22.079631563003286,22.10989761352539,21200,0.0,0.0,0.0
2013-09-03 00:00:00-04:00,22.321769044925,22.601737630680805,22.238534868007427,22.359601974487305,134400,0.0,0.0,0.0
2013-09-04 00:00:00-04:00,22.329327865509796,22.541195947047672,22.329327865509796,22.48822784423828,86400,0.0,0.0,0.0
2013-09-05 00:00:00-04:00,22.533629075217757,22.56389511930418,22.306627250020057,22.48822784423828,81900,0.0,0.0,0.0
2013-09-06 00:00:00-04:00,22.57146728908212,22.669833759492988,22.495799996255684,22.556333541870117,76000,0.0,0.0,0.0
2013-09-09 00:00:00-04:00,22.66983117678152,22.78333282470703,22.586598463065126,22.78333282470703,132500,0.0,0.0,0.0
2013-09-10 00:00:00-04:00,22.919535705064252,22.927101135253906,22.79090174333712,22.927101135253906,94300,0.0,0.0,0.0
2013-09-11 00:00:00-04:00,22.92710029301621,22.987633834944454,22.768200286667128,22.94223403930664,135800,0.0,0.0,0.0
2013-09-12 00:00:00-04:00,22.836302003992003,22.964935968329122,22.768201585035083,22.7984676361084,112800,0.0,0.0,0.0
2013-09-13 00:00:00-04:00,23.033032976253992,23.033032976253992,22.806031132270466,22.919532775878906,56900,0.0,0.0,0.0
2013-09-16 00:00:00-04:00,23.16923590396267,23.41893694482086,22.745499667231478,22.94223403930664,291800,0.0,0.0,0.0
2013-09-17 00:00:00-04:00,23.002764140215746,23.20706535487439,22.987630396189196,23.17679786682129,35200,0.0,0.0,0.0
2013-09-18 00:00:00-04:00,23.169230554095456,23.62323129210997,23.00276226980586,23.487031936645508,65200,0.0,0.0,0.0
2013-09-19 00:00:00-04:00,23.62323787380566,23.638371620818077,23.456770986369694,23.532438278198242,59500,0.0,0.0,0.0
2013-09-20 00:00:00-04:00,23.53623715592527,23.559057400648353,23.376488188208068,23.39170265197754,19700,0.165,0.0,0.0
2013-09-23 00:00:00-04:00,23.414529369372772,23.414529369372772,23.0950328163467,23.193923950195312,411600,0.0,0.0,0.0
2013-09-24 00:00:00-04:00,23.300418942652485,23.406918745523026,23.20152782312758,23.209135055541992,67800,0.0,0.0,0.0
2013-09-25 00:00:00-04:00,23.28520829750943,23.338457478896014,23.13306653560659,23.22435188293457,39900,0.0,0.0,0.0
2013-09-26 00:00:00-04:00,23.163489686113387,23.361271895911262,23.163489686113387,23.315629959106445,18800,0.0,0.0,0.0
2013-09-27 00:00:00-04:00,23.399319091769677,23.399319091769677,23.10264418617554,23.285213470458984,11300,0.0,0.0,0.0
2013-09-30 00:00:00-04:00,23.201529003635336,23.33845629219924,23.171100072429446,23.21674346923828,65100,0.0,0.0,0.0
2013-10-01 00:00:00-04:00,23.323237190395748,23.37648635848987,23.003740730900013,23.315629959106445,61800,0.0,0.0,0.0
2013-10-02 00:00:00-04:00,23.24717421393527,23.30803063396135,23.19392502777889,23.277603149414062,37300,0.0,0.0,0.0
2013-10-03 00:00:00-04:00,23.201529003635336,23.353670757802185,23.102637879078795,23.21674346923828,38900,0.0,0.0,0.0
2013-10-04 00:00:00-04:00,23.117849446959745,23.26238395927968,23.117849446959745,23.247169494628906,57600,0.0,0.0,0.0
2013-10-07 00:00:00-04:00,23.087418254154713,23.384093012458045,23.026561856273748,23.17109489440918,47700,0.0,0.0,0.0
2013-10-08 00:00:00-04:00,23.13306233850962,23.201525973851215,22.912458419799805,22.912458419799805,75300,0.0,0.0,0.0
2013-10-09 00:00:00-04:00,23.034177153934966,23.034177153934966,22.85921367919045,22.965713500976562,16100,0.0,0.0,0.0
2013-10-10 00:00:00-04:00,23.06459713028344,23.35366611555297,23.056989898994132,23.315629959106445,110400,0.0,0.0,0.0
2013-10-11 00:00:00-04:00,23.40691893596942,23.467775344848633,23.277598885734676,23.467775344848633,47700,0.0,0.0,0.0
2013-10-14 00:00:00-04:00,23.40691993381285,23.536239989560542,23.323241823937494,23.422134399414062,8800,0.0,0.0,0.0
2013-10-15 00:00:00-04:00,23.5590641789191,23.627527834648546,23.308031258221654,23.346067428588867,33400,0.0,0.0,0.0
2013-10-16 00:00:00-04:00,23.597099681509803,23.597099681509803,23.384101486275682,23.498207092285156,52200,0.0,0.0,0.0
2013-10-17 00:00:00-04:00,23.521026950678976,23.840523493027664,23.521026950678976,23.832916259765625,158900,0.0,0.0,0.0
2013-10-18 00:00:00-04:00,23.901378086543573,24.015483674914798,23.901378086543573,23.962234497070312,21500,0.0,0.0,0.0
2013-10-21 00:00:00-04:00,24.182838886161523,24.182838886161523,23.947019035614623,23.99266242980957,23900,0.0,0.0,0.0
2013-10-22 00:00:00-04:00,24.114376702792264,24.26651700650742,24.083947771490447,24.18284034729004,36100,0.0,0.0,0.0
2013-10-23 00:00:00-04:00,24.053516388383507,24.243692825369386,23.985052754994108,24.068729400634766,25600,0.0,0.0,0.0
2013-10-24 00:00:00-04:00,24.1143776997823,24.167626880830717,24.083948767222427,24.15241241455078,24000,0.0,0.0,0.0
2013-10-25 00:00:00-04:00,24.175233112442204,24.19805335998535,24.1295897154933,24.19805335998535,37900,0.0,0.0,0.0
2013-10-28 00:00:00-04:00,24.21326855279752,24.26651773323909,24.160019372355944,24.190446853637695,89000,0.0,0.0,0.0
2013-10-29 00:00:00-04:00,24.213269283360134,24.27412569869114,24.12198393489793,24.167627334594727,208800,0.0,0.0,0.0
2013-10-30 00:00:00-04:00,24.281733029108853,24.281733029108853,24.038307366811043,24.091556549072266,32200,0.0,0.0,0.0
2013-10-31 00:00:00-04:00,24.129585802433006,24.152407497206493,24.023087462018854,24.068729400634766,27800,0.0,0.0,0.0
2013-11-01 00:00:00-04:00,24.023086090121083,24.023086090121083,23.893766062318583,24.007871627807617,42000,0.0,0.0,0.0
2013-11-04 00:00:00-05:00,24.07634135616866,24.114377521587432,23.9698429948588,24.099163055419922,15900,0.0,0.0,0.0
2013-11-05 00:00:00-05:00,24.007878627468003,24.007878627468003,23.908987495460057,23.939414978027344,15200,0.0,0.0,0.0
2013-11-06 00:00:00-05:00,23.93941550727329,24.175235394307403,23.93941550727329,24.08395004272461,42800,0.0,0.0,0.0
2013-11-07 00:00:00-05:00,23.95462607359684,24.0002680164902,23.71880767589474,23.73402214050293,71000,0.0,0.0,0.0
2013-11-08 00:00:00-05:00,23.741630911552548,23.94702185683343,23.741630911552548,23.832916259765625,38900,0.0,0.0,0.0
2013-11-11 00:00:00-05:00,23.817697897309557,23.992661331854382,23.779663188152202,23.90898323059082,125200,0.0,0.0,0.0
2013-11-12 00:00:00-05:00,23.863340916588776,23.863340916588776,23.749233889037153,23.8024845123291,65200,0.0,0.0,0.0
2013-11-13 00:00:00-05:00,23.718812835080364,23.817703974681436,23.695991133204032,23.810096740722656,123000,0.0,0.0,0.0
2013-11-14 00:00:00-05:00,23.855743408203125,23.924207072267183,23.794886979138592,23.855743408203125,25700,0.0,0.0,0.0
2013-11-15 00:00:00-05:00,23.86334752003066,24.12959345551009,23.86334752003066,24.053524017333984,10300,0.0,0.0,0.0
2013-11-18 00:00:00-05:00,24.236093102596875,24.236093102596875,24.015487670898438,24.015487670898438,27500,0.0,0.0,0.0
2013-11-19 00:00:00-05:00,24.076338811643957,24.129587986671208,23.98505492614901,24.030696868896484,49100,0.0,0.0,0.0
2013-11-20 00:00:00-05:00,23.99265823102939,24.099156563651,23.8100875880624,23.9013729095459,19500,0.0,0.0,0.0
2013-11-21 00:00:00-05:00,23.901377632730732,23.95462680956418,23.82530675828384,23.947019577026367,13400,0.0,0.0,0.0
2013-11-22 00:00:00-05:00,23.954626267980448,24.000268211244176,23.9394118032488,23.99266242980957,13400,0.0,0.0,0.0
2013-11-25 00:00:00-05:00,24.068729749685488,24.076336981386977,23.88616054164311,23.95462417602539,28400,0.0,0.0,0.0
2013-11-26 00:00:00-05:00,23.924203872680664,24.053523948514187,23.825311281844225,23.924203872680664,18200,0.0,0.0,0.0
2013-11-27 00:00:00-05:00,23.96984564849885,24.007880367196996,23.87095305839325,23.886167526245117,14900,0.0,0.0,0.0
2013-11-29 00:00:00-05:00,23.99266270077318,23.99266270077318,23.947019306062757,23.96984100341797,2800,0.0,0.0,0.0
2013-12-02 00:00:00-05:00,23.863340080769508,23.863340080769508,23.657949179487805,23.69598388671875,16600,0.0,0.0,0.0
2013-12-03 00:00:00-05:00,23.627519607543945,23.764446871324747,23.58187766992736,23.627519607543945,34200,0.0,0.0,0.0
2013-12-04 00:00:00-05:00,23.581885213793473,23.62752716601096,23.460172373925833,23.498207092285156,5700,0.0,0.0,0.0
2013-12-05 00:00:00-05:00,23.55905987113954,23.60470326723429,23.482990446177503,23.536239624023438,34900,0.0,0.0,0.0
2013-12-06 00:00:00-05:00,23.6503472093758,23.764452807384927,23.57427632705925,23.66556167602539,14100,0.0,0.0,0.0
2013-12-09 00:00:00-05:00,23.695988608910337,23.741630556869325,23.619917728357784,23.726417541503906,9900,0.0,0.0,0.0
2013-12-10 00:00:00-05:00,23.6503419478554,23.756840288846913,23.642734716222993,23.69598388671875,82900,0.0,0.0,0.0
2013-12-11 00:00:00-05:00,23.711197858748008,23.711197858748008,23.437343329379306,23.46016502380371,32600,0.0,0.0,0.0
2013-12-12 00:00:00-05:00,23.361279820117733,23.368887053987432,23.23196119712738,23.277603149414062,132500,0.0,0.0,0.0
2013-12-13 00:00:00-05:00,23.414525801066965,23.414525801066965,23.277598520504334,23.376489639282227,10300,0.0,0.0,0.0
2013-12-16 00:00:00-05:00,23.559063512218977,23.581885213793473,23.482994075500326,23.498207092285156,48100,0.0,0.0,0.0
2013-12-17 00:00:00-05:00,23.429737630433902,23.498201267254256,23.361273993613548,23.368881225585938,40900,0.0,0.0,0.0
2013-12-18 00:00:00-05:00,23.53624170794227,23.703596488980264,23.353672460192254,23.58949089050293,36100,0.0,0.0,0.0
2013-12-19 00:00:00-05:00,23.521021458268905,23.695983429646144,23.50580699529757,23.680768966674805,12900,0.0,0.0,0.0
2013-12-20 00:00:00-05:00,23.784485457055766,23.84594548430145,23.738391901909203,23.799850463867188,14100,0.305,0.0,0.0
2013-12-23 00:00:00-05:00,23.907400131225586,24.02263473286523,23.884352624782675,23.907400131225586,30100,0.0,0.0,0.0
2013-12-24 00:00:00-05:00,24.107144245410105,24.12250925284089,24.007274627685547,24.007274627685547,11700,0.0,0.0,0.0
2013-12-26 00:00:00-05:00,23.838260837915282,24.245423224801502,23.838260837915282,24.207012176513672,21900,0.0,0.0,0.0
2013-12-27 00:00:00-05:00,24.2070105087393,24.2070105087393,23.861305236816406,23.861305236816406,20500,0.0,0.0,0.0
2013-12-30 00:00:00-05:00,24.11482275234068,24.30688091753049,24.107140249898585,24.24542236328125,111700,0.0,0.0,0.0
2013-12-31 00:00:00-05:00,24.24542543252608,24.414437577072487,24.207014380740645,24.214696884155273,76200,0.0,0.0,0.0
2014-01-02 00:00:00-05:00,23.930451328922835,24.16860308566678,23.892040275195278,23.95349884033203,24900,0.0,0.0,0.0
2014-01-03 00:00:00-05:00,24.03031918309665,24.114823782996343,23.968860626220703,23.968860626220703,27000,0.0,0.0,0.0
2014-01-06 00:00:00-05:00,24.022640206522226,24.076416268521324,23.868993059135263,23.961181640625,33500,0.0,0.0,0.0
2014-01-07 00:00:00-05:00,23.9227636702334,23.984222222127045,23.845941579331946,23.907400131225586,20500,0.0,0.0,0.0
2014-01-08 00:00:00-05:00,23.868989195966105,23.892036703930273,23.746072084065645,23.838260650634766,17400,0.0,0.0,0.0
2014-01-09 00:00:00-05:00,23.84594315328949,23.868989195966105,23.70766103607959,23.838260650634766,34000,0.0,0.0,0.0
2014-01-10 00:00:00-05:00,23.96117637077137,23.999587416526357,23.892035316182415,23.984222412109375,7600,0.0,0.0,0.0
2014-01-13 00:00:00-05:00,23.953495195851392,23.953495195851392,23.692295967439236,23.715343475341797,32200,0.0,0.0,0.0
2014-01-14 00:00:00-05:00,23.730708950772335,23.899721091933788,23.730708950772335,23.776803970336914,46800,0.0,0.0,0.0
2014-01-15 00:00:00-05:00,23.838259195546524,23.86898773900219,23.761435638976163,23.861305236816406,14700,0.0,0.0,0.0
2014-01-16 00:00:00-05:00,23.92276909936413,23.92276909936413,23.76912341740478,23.899723052978516,29400,0.0,0.0,0.0
2014-01-17 00:00:00-05:00,23.88435449939323,23.93044805060934,23.7307073749561,23.845943450927734,49100,0.0,0.0,0.0
2014-01-21 00:00:00-05:00,23.9074003205994,24.05336346669833,23.9074003205994,23.984222412109375,12800,0.0,0.0,0.0
2014-01-22 00:00:00-05:00,24.07641629031927,24.07641629031927,23.961181662318616,24.022640228271484,27200,0.0,0.0,0.0
2014-01-23 00:00:00-05:00,23.976545161314295,23.976545161314295,23.77680592129592,23.899723052978516,18000,0.0,0.0,0.0
2014-01-24 00:00:00-05:00,23.692298190913462,23.692298190913462,23.43109893798828,23.43109893798828,25800,0.0,0.0,0.0
2014-01-27 00:00:00-05:00,23.431097267174792,23.54633187870994,23.169898032875086,23.31586265563965,45600,0.0,0.0,0.0
2014-01-28 00:00:00-05:00,23.4234117644055,23.469505310058594,23.354270713282162,23.469505310058594,15200,0.0,0.0,0.0
2014-01-29 00:00:00-05:00,23.254402208392005,23.254402208392005,22.985520493139166,23.085390090942383,69800,0.0,0.0,0.0
2014-01-30 00:00:00-05:00,23.31586717513749,23.31586717513749,23.13149146788475,23.223678588867188,18500,0.0,0.0,0.0
2014-01-31 00:00:00-05:00,22.939431278050463,23.08539445123284,22.87029021063239,22.977842330932617,50000,0.0,0.0,0.0
2014-02-03 00:00:00-05:00,23.062349063288185,23.208312240633,22.739691227898522,22.762737274169922,142700,0.0,0.0,0.0
2014-02-04 00:00:00-05:00,22.947113188763435,22.97784173721763,22.924065678457012,22.96247673034668,20700,0.0,0.0,0.0
2014-02-05 00:00:00-05:00,22.84723426660473,23.02392738910396,22.84723426660473,23.016244888305664,13400,0.0,0.0,0.0
2014-02-06 00:00:00-05:00,23.154533588960884,23.315863221253814,23.154533588960884,23.2697696685791,26100,0.0,0.0,0.0
2014-02-07 00:00:00-05:00,23.438782059488382,23.515605629778488,23.338910978524925,23.507923126220703,13400,0.0,0.0,0.0
2014-02-10 00:00:00-05:00,23.51560339391835,23.53864943711276,23.392686279256214,23.438779830932617,26100,0.0,0.0,0.0
2014-02-11 00:00:00-05:00,23.630841362908082,23.769123502870166,23.630841362908082,23.730710983276367,22800,0.0,0.0,0.0
2014-02-12 00:00:00-05:00,23.83826238577868,23.83826238577868,23.74607381249932,23.78448486328125,16800,0.0,0.0,0.0
2014-02-13 00:00:00-05:00,23.769123144921775,23.968863847938163,23.769123144921775,23.95349884033203,41600,0.0,0.0,0.0
2014-02-14 00:00:00-05:00,23.96118138893909,24.13019207705924,23.953498885121657,24.076416015625,10400,0.0,0.0,0.0
2014-02-18 00:00:00-05:00,24.160919639158855,24.26847175110707,24.099461080147353,24.1839656829834,36200,0.0,0.0,0.0
2014-02-19 00:00:00-05:00,24.199330332381244,24.207012835305402,24.05336570739746,24.05336570739746,8800,0.0,0.0,0.0
2014-02-20 00:00:00-05:00,24.06872883902725,24.145552396999015,24.0533638343754,24.114822387695312,18800,0.0,0.0,0.0
2014-02-21 00:00:00-05:00,24.183962427958374,24.199327431965113,24.107138873212108,24.137868881225586,38200,0.0,0.0,0.0
2014-02-24 00:00:00-05:00,24.08409701352003,24.40675482723821,24.08409701352003,24.329931259155273,24400,0.0,0.0,0.0
2014-02-25 00:00:00-05:00,24.22237970924922,24.329931827906925,24.176284688149302,24.283838272094727,44000,0.0,0.0,0.0
2014-02-26 00:00:00-05:00,24.222381274688015,24.230063778701172,24.114827683791642,24.153240203857422,43800,0.0,0.0,0.0
2014-02-27 00:00:00-05:00,24.137873635853754,24.283838272094727,24.122508628820448,24.283838272094727,35900,0.0,0.0,0.0
2014-02-28 00:00:00-05:00,24.36066246032715,24.452851045124437,24.337616413093713,24.36066246032715,14900,0.0,0.0,0.0
2014-03-03 00:00:00-05:00,23.976539529945057,24.222375200858625,23.976539529945057,24.08409309387207,49000,0.0,0.0,0.0
2014-03-04 00:00:00-05:00,24.33761117085516,24.437480773026792,24.329928668336184,24.422117233276367,21200,0.0,0.0,0.0
2014-03-05 00:00:00-05:00,24.33761188552869,24.429798987888418,24.33761188552869,24.391387939453125,14900,0.0,0.0,0.0
2014-03-06 00:00:00-05:00,24.50662234594246,24.644905928905498,24.50662234594246,24.56808090209961,14500,0.0,0.0,0.0
2014-03-07 00:00:00-05:00,24.51430478546625,24.521987288127047,24.391387673468625,24.44516372680664,9200,0.0,0.0,0.0
2014-03-10 00:00:00-04:00,24.299199371805827,24.414435447686845,24.291518334348826,24.391387939453125,11400,0.0,0.0,0.0
2014-03-11 00:00:00-04:00,24.32225004668692,24.452849679772996,24.253108978271484,24.253108978271484,12600,0.0,0.0,0.0
2014-03-12 00:00:00-04:00,24.207011316358294,24.276152373049626,24.05336419809144,24.24542236328125,28800,0.0,0.0,0.0
2014-03-13 00:00:00-04:00,24.360657863646022,24.360657863646022,23.96886048172848,23.97654151916504,17400,0.0,0.0,0.0
2014-03-14 00:00:00-04:00,23.999594012338953,24.061052581610085,23.930452938747944,23.945817947387695,16600,0.0,0.0,0.0
2014-03-17 00:00:00-04:00,24.16860127066482,24.230061296473853,24.099461672204985,24.199331283569336,50800,0.0,0.0,0.0
2014-03-18 00:00:00-04:00,24.283830343415538,24.360652422924193,24.191641796603015,24.276147842407227,33100,0.0,0.0,0.0
2014-03-19 00:00:00-04:00,24.237744476462627,24.283839499893126,23.86131057684033,24.022640228271484,23000,0.0,0.0,0.0
2014-03-20 00:00:00-04:00,23.85362716529347,24.038004321424236,23.83058111974293,23.938133239746094,25100,0.0,0.0,0.0
2014-03-21 00:00:00-04:00,24.064626212522793,24.203459355363883,24.03377342224121,24.03377342224121,18400,0.124,0.0,0.0
2014-03-24 00:00:00-04:00,24.226600827782303,24.234314025951154,23.948931578272138,24.0029239654541,34800,0.0,0.0,0.0
2014-03-25 00:00:00-04:00,24.24973945712309,24.357721284904972,24.203460269951943,24.32686996459961,51700,0.0,0.0,0.0
2014-03-26 00:00:00-04:00,24.481124706525787,24.488837902874728,24.311438800274388,24.44256019592285,64400,0.0,0.0,0.0
2014-03-27 00:00:00-04:00,24.35772237096746,24.48884379818136,24.35772237096746,24.481130599975586,12400,0.0,0.0,0.0
2014-03-28 00:00:00-04:00,24.52740401484222,24.65852541905144,24.52740401484222,24.627674102783203,19800,0.0,0.0,0.0
2014-03-31 00:00:00-04:00,24.712520763621846,24.75879700800847,24.68937969914443,24.75108528137207,16000,0.0,0.0,0.0
2014-04-01 00:00:00-04:00,24.751086086742255,24.86678258604165,24.68938050250679,24.859067916870117,386500,0.0,0.0,0.0
2014-04-02 00:00:00-04:00,24.820501568335057,24.882204205738194,24.758795988647936,24.835927963256836,19900,0.0,0.0,0.0
2014-04-03 00:00:00-04:00,24.8127857670854,24.8127857670854,24.70480394984605,24.73565673828125,20700,0.0,0.0,0.0
2014-04-04 00:00:00-04:00,24.84363736980083,24.967045575367845,24.704802770752476,24.78193473815918,37500,0.0,0.0,0.0
2014-04-07 00:00:00-04:00,24.704805930496004,24.82050242526178,24.64310329096259,24.712520599365234,11200,0.0,0.0,0.0
2014-04-08 00:00:00-04:00,24.866776790908595,24.95161753603416,24.828209338607365,24.882200241088867,18400,0.0,0.0,0.0
2014-04-09 00:00:00-04:00,25.021035312162816,25.213860808243155,24.95933268340456,25.14444351196289,13000,0.0,0.0,0.0
2014-04-10 00:00:00-04:00,25.14444817339613,25.159874569016427,24.920772792612123,24.936199188232422,28700,0.0,0.0,0.0
2014-04-11 00:00:00-04:00,24.835929554314994,24.920773260678114,24.727947725228905,24.84364128112793,26700,0.0,0.0,0.0
2014-04-14 00:00:00-04:00,24.88992070898785,24.96704974699798,24.84364152081125,24.859067916870117,29700,0.0,0.0,0.0
2014-04-15 00:00:00-04:00,24.943908376045542,24.96704649597887,24.712518349860797,24.95162010192871,12300,0.0,0.0,0.0
2014-04-16 00:00:00-04:00,24.920771145084633,25.07502920652127,24.920771145084633,25.03646469116211,40300,0.0,0.0,0.0
2014-04-17 00:00:00-04:00,25.113597958845705,25.17530059814453,25.028754255311256,25.17530059814453,53300,0.0,0.0,0.0
2014-04-21 00:00:00-04:00,25.12131261800153,25.183018206787786,25.036468904562632,25.0904598236084,11700,0.0,0.0,0.0
2014-04-22 00:00:00-04:00,25.24472268382581,25.291001878771283,25.175305362549913,25.237010955810547,46500,0.0,0.0,0.0
2014-04-23 00:00:00-04:00,25.13673615643774,25.21386519136438,25.05189245264798,25.152162551879883,17900,0.0,0.0,0.0
2014-04-24 00:00:00-04:00,25.213861439800212,25.22157610751546,25.0827415114774,25.12902069091797,25600,0.0,0.0,0.0
2014-04-25 00:00:00-04:00,25.190725862299256,25.229290377914715,25.051891252256457,25.075029373168945,18200,0.0,0.0,0.0
2014-04-28 00:00:00-04:00,25.267856433859905,25.267856433859905,25.03646638377767,25.229291915893555,49200,0.0,0.0,0.0
2014-04-29 00:00:00-04:00,25.298708607967743,25.429831496595455,25.24471769567517,25.368125915527344,16200,0.0,0.0,0.0
2014-04-30 00:00:00-04:00,25.38355145845964,25.491533279418945,25.3681250637106,25.491533279418945,26000,0.0,0.0,0.0
2014-05-01 00:00:00-04:00,25.45297193396592,25.506962851170375,25.267858116204707,25.422119140625,90900,0.0,0.0,0.0
2014-05-02 00:00:00-04:00,25.29099627120207,25.506959915161133,25.29099627120207,25.506959915161133,18200,0.0,0.0,0.0
2014-05-05 00:00:00-04:00,25.290990666821056,25.483816146850586,25.290990666821056,25.483816146850586,23700,0.0,0.0,0.0
2014-05-06 00:00:00-04:00,25.491535742725322,25.576379450901694,25.468397619507854,25.499250411987305,52700,0.0,0.0,0.0
2014-05-07 00:00:00-04:00,25.460680196672946,25.622655868530273,25.460680196672946,25.622655868530273,75900,0.0,0.0,0.0
2014-05-08 00:00:00-04:00,25.661221254649135,25.661221254649135,25.553239431269088,25.584089279174805,25700,0.0,0.0,0.0
2014-05-09 00:00:00-04:00,25.45297146219137,25.53781517116416,25.45297146219137,25.514677047729492,24000,0.0,0.0,0.0
2014-05-12 00:00:00-04:00,25.730640171695036,25.730640171695036,25.630370068445366,25.715213775634766,69600,0.0,0.0,0.0
2014-05-13 00:00:00-04:00,25.76148747487787,25.76148747487787,25.67664378576591,25.730634689331055,274900,0.0,0.0,0.0
2014-05-14 00:00:00-04:00,25.746063232421875,25.838618654509006,25.66893126211275,25.746063232421875,36200,0.0,0.0,0.0
2014-05-15 00:00:00-04:00,25.7923373901316,25.7923373901316,25.591800168084703,25.707496643066406,41200,0.0,0.0,0.0
2014-05-16 00:00:00-04:00,25.707505939253597,25.78463498894327,25.67665314246387,25.776920318603516,78600,0.0,0.0,0.0
2014-05-19 00:00:00-04:00,25.77690950310563,25.792335895027875,25.645789585191665,25.761486053466797,31200,0.0,0.0,0.0
2014-05-20 00:00:00-04:00,25.638082725372335,25.661220846504612,25.506959840293504,25.53009796142578,57300,0.0,0.0,0.0
2014-05-21 00:00:00-04:00,25.530102253790428,25.77691872831176,25.530102253790428,25.769207000732422,36600,0.0,0.0,0.0
2014-05-22 00:00:00-04:00,25.761488899701778,25.761488899701778,25.699783325195312,25.699783325195312,18100,0.0,0.0,0.0
2014-05-23 00:00:00-04:00,25.746059661544553,25.769197778286212,25.715206877700062,25.761486053466797,23000,0.0,0.0,0.0
2014-05-27 00:00:00-04:00,25.908043233817537,26.147147995510956,25.722929395363817,25.776920318603516,28700,0.0,0.0,0.0
2014-05-28 00:00:00-04:00,25.79234671699838,25.79234671699838,25.66122674406901,25.776920318603516,18800,0.0,0.0,0.0
2014-05-29 00:00:00-04:00,25.93117482381482,25.93117482381482,25.80005488393676,25.87718391418457,74900,0.0,0.0,0.0
2014-05-30 00:00:00-04:00,25.946605839320515,25.946605839320515,25.800059478836715,25.90032958984375,35200,0.0,0.0,0.0
2014-06-02 00:00:00-04:00,25.90032703866589,25.908038765390934,25.738351354598507,25.830909729003906,63200,0.0,0.0,0.0
2014-06-03 00:00:00-04:00,25.668935548592447,25.86176109313965,25.661223821415653,25.86176109313965,41100,0.0,0.0,0.0
2014-06-04 00:00:00-04:00,25.79234385682242,25.838623046875,25.738352939569907,25.838623046875,51100,0.0,0.0,0.0
2014-06-05 00:00:00-04:00,25.900326180756128,25.954317092895508,25.823194204639844,25.954317092895508,11800,0.0,0.0,0.0
2014-06-06 00:00:00-04:00,25.985167030614146,26.016019821166992,25.946602513565114,26.016019821166992,13000,0.0,0.0,0.0
2014-06-09 00:00:00-04:00,26.07001336301621,26.093154429406965,25.992884321138607,26.062301635742188,140600,0.0,0.0,0.0
2014-06-10 00:00:00-04:00,26.07772890570619,26.085440633238417,25.931179602033914,25.938894271850586,234100,0.0,0.0,0.0
2014-06-11 00:00:00-04:00,25.969741417491587,25.969741417491587,25.869474258601077,25.91575050354004,26200,0.0,0.0,0.0
2014-06-12 00:00:00-04:00,25.985158386930472,25.985158386930472,25.861750208053543,25.869464874267578,29800,0.0,0.0,0.0
2014-06-13 00:00:00-04:00,26.000593336281238,26.000593336281238,25.869473390309615,25.954317092895508,98900,0.0,0.0,0.0
2014-06-16 00:00:00-04:00,25.985166383764824,26.00059277865724,25.877184561801908,25.94660186767578,20400,0.0,0.0,0.0
2014-06-17 00:00:00-04:00,25.95431804042113,25.95431804042113,25.861759665702518,25.89261245727539,60000,0.0,0.0,0.0
2014-06-18 00:00:00-04:00,26.224271653592403,26.224271653592403,25.86175872155597,25.954317092895508,18700,0.0,0.0,0.0
2014-06-19 00:00:00-04:00,26.10857422924628,26.14714168707071,26.046871592838276,26.100862503051758,32200,0.0,0.0,0.0
2014-06-20 00:00:00-04:00,26.160197487119703,26.160197487119703,25.996257833371978,26.089937210083008,24800,0.406,0.0,0.0
2014-06-23 00:00:00-04:00,26.12896969619563,26.12896969619563,26.0118682566639,26.082128524780273,23600,0.0,0.0,0.0
2014-06-24 00:00:00-04:00,26.121158285270806,26.121158285270806,25.93379957758453,25.949413299560547,25200,0.0,0.0,0.0
2014-06-25 00:00:00-04:00,25.910375430275568,25.96502196380813,25.89476170955016,25.925989151000977,24800,0.0,0.0,0.0
2014-06-26 00:00:00-04:00,25.886960048575176,26.050899672670358,25.886960048575176,26.03528594970703,17200,0.0,0.0,0.0
2014-06-27 00:00:00-04:00,26.089928756587526,26.167997360229492,26.050895943772904,26.167997360229492,19100,0.0,0.0,0.0
2014-06-30 00:00:00-04:00,26.121158599853516,26.19141886058527,26.066512061285817,26.121158599853516,12300,0.0,0.0,0.0
2014-07-01 00:00:00-04:00,26.261676130419545,26.33193638314948,26.222643318461284,26.32413101196289,28100,0.0,0.0,0.0
2014-07-02 00:00:00-04:00,26.28509696124687,26.347551846922787,26.26948621784075,26.339746475219727,20100,0.0,0.0,0.0
2014-07-03 00:00:00-04:00,26.339750688548254,26.41001095716612,26.31632861366674,26.402202606201172,20700,0.0,0.0,0.0
2014-07-07 00:00:00-04:00,26.285099295152918,26.285099295152918,26.160192490723222,26.199228286743164,16300,0.0,0.0,0.0
2014-07-08 00:00:00-04:00,26.113351987413626,26.121157359118406,25.988445194047152,26.09773826599121,9900,0.0,0.0,0.0
2014-07-09 00:00:00-04:00,26.113357933998373,26.222651030830868,26.09774420902037,26.214845657348633,32800,0.0,0.0,0.0
2014-07-10 00:00:00-04:00,25.84792583439027,26.25387367547615,25.84792583439027,26.02747917175293,16700,0.0,0.0,0.0
2014-07-11 00:00:00-04:00,26.09774084156033,26.09774084156033,25.965025685378645,26.03528594970703,15100,0.0,0.0,0.0
2014-07-14 00:00:00-04:00,26.082128587836984,26.207035400566593,26.082128587836984,26.17580795288086,9800,0.0,0.0,0.0
2014-07-15 00:00:00-04:00,26.160196248496238,26.160196248496238,25.965029152414303,26.066516876220703,12500,0.0,0.0,0.0
2014-07-16 00:00:00-04:00,26.16800157624824,26.238261841839527,26.14458248038888,26.230453491210938,22900,0.0,0.0,0.0
2014-07-17 00:00:00-04:00,26.183610080817203,26.253870332404865,26.019670486450195,26.019670486450195,17200,0.0,0.0,0.0
2014-07-18 00:00:00-04:00,25.9416056659534,26.269487880478422,25.91037822113901,26.222646713256836,17800,0.0,0.0,0.0
2014-07-21 00:00:00-04:00,26.183613488509742,26.183613488509742,26.011865522718118,26.121158599853516,27700,0.0,0.0,0.0
2014-07-22 00:00:00-04:00,26.26168194500996,26.27729566885283,26.15238885612322,26.17580795288086,30400,0.0,0.0,0.0
2014-07-23 00:00:00-04:00,26.3475544915634,26.378781937535816,26.30071332260477,26.370973587036133,58900,0.0,0.0,0.0
2014-07-24 00:00:00-04:00,26.32413696463169,26.433430054034297,26.32413696463169,26.402202606201172,36700,0.0,0.0,0.0
2014-07-25 00:00:00-04:00,26.386587745640096,26.386587745640096,26.21484274598276,26.269489288330078,9500,0.0,0.0,0.0
2014-07-28 00:00:00-04:00,26.214841578451598,26.30852093573005,26.19141950562218,26.30071258544922,304500,0.0,0.0,0.0
2014-07-29 00:00:00-04:00,26.402202143211852,26.402202143211852,26.207035064697266,26.207035064697266,34300,0.0,0.0,0.0
2014-07-30 00:00:00-04:00,26.17580273158733,26.207030173044114,26.11335082668648,26.167997360229492,43300,0.0,0.0,0.0
2014-07-31 00:00:00-04:00,26.066506654505588,26.066506654505588,25.840112197105576,25.886953353881836,49800,0.0,0.0,0.0
2014-08-01 00:00:00-04:00,25.84011501185112,25.84011501185112,25.660561691668747,25.738630294799805,47500,0.0,0.0,0.0
2014-08-04 00:00:00-04:00,25.85573213088156,25.902573298916863,25.691792509777642,25.840118408203125,20800,0.0,0.0,0.0
2014-08-05 00:00:00-04:00,25.707405684039067,25.707405684039067,25.50443027156259,25.551271438598633,24600,0.0,0.0,0.0
2014-08-06 00:00:00-04:00,25.42635812337092,25.637138854009493,25.19215830422104,25.59029769897461,49000,0.0,0.0,0.0
2014-08-07 00:00:00-04:00,25.6683717069212,25.6683717069212,25.33268413670257,25.3795223236084,60500,0.0,0.0,0.0
2014-08-08 00:00:00-04:00,25.410746872265126,25.473201751708984,25.348294970833827,25.473201751708984,23600,0.0,0.0,0.0
2014-08-11 00:00:00-04:00,25.62934404606531,25.62934404606531,25.496628874445438,25.535661697387695,20900,0.0,0.0,0.0
2014-08-12 00:00:00-04:00,25.62152862548828,25.62152862548828,25.52784928067103,25.62152862548828,29300,0.0,0.0,0.0
2014-08-13 00:00:00-04:00,25.738636018979864,25.738636018979864,25.660567398486627,25.699600219726562,9800,0.0,0.0,0.0
2014-08-14 00:00:00-04:00,25.76204658049086,25.886953353881836,25.76204658049086,25.886953353881836,40800,0.0,0.0,0.0
2014-08-15 00:00:00-04:00,25.96501897049655,25.972827318965454,25.75424121003434,25.886953353881836,14800,0.0,0.0,0.0
2014-08-18 00:00:00-04:00,25.965024948120117,26.00406074342661,25.92599213082669,25.965024948120117,15300,0.0,0.0,0.0
2014-08-19 00:00:00-04:00,26.082125876828023,26.082125876828023,25.94160535486143,26.011865615844727,21800,0.0,0.0,0.0
2014-08-20 00:00:00-04:00,26.058709428079254,26.105547621481293,26.004062883767997,26.082128524780273,21700,0.0,0.0,0.0
2014-08-21 00:00:00-04:00,26.12896711879949,26.144580841064453,26.082125952004613,26.144580841064453,12200,0.0,0.0,0.0
2014-08-22 00:00:00-04:00,26.191416535816057,26.191416535816057,25.996249493108017,26.058704376220703,29600,0.0,0.0,0.0
2014-08-25 00:00:00-04:00,26.207032918965055,26.207032918965055,26.082126118063147,26.12896728515625,46300,0.0,0.0,0.0
2014-08-26 00:00:00-04:00,26.214839765301228,26.246064230225688,26.167998600895235,26.191417694091797,36500,0.0,0.0,0.0
2014-08-27 00:00:00-04:00,26.386582915493577,26.386582915493577,26.230448689647872,26.32413101196289,39500,0.0,0.0,0.0
2014-08-28 00:00:00-04:00,26.30071600416143,26.30071600416143,26.191422910127866,26.238264083862305,18700,0.0,0.0,0.0
2014-08-29 00:00:00-04:00,26.26949220576488,26.26949220576488,26.152390757436617,26.214845657348633,30900,0.0,0.0,0.0
2014-09-02 00:00:00-04:00,26.32413283756901,26.32413283756901,26.136771157957906,26.191417694091797,24900,0.0,0.0,0.0
2014-09-03 00:00:00-04:00,26.503692912561046,26.503692912561046,26.347558636151497,26.378786087036133,19900,0.0,0.0,0.0
2014-09-04 00:00:00-04:00,26.441237224495858,26.441237224495858,26.175809855896855,26.214845657348633,28600,0.0,0.0,0.0
2014-09-05 00:00:00-04:00,26.23826739489773,26.24607276916504,26.144588013620808,26.24607276916504,13600,0.0,0.0,0.0
2014-09-08 00:00:00-04:00,26.18360982069733,26.18360982069733,25.902568817138672,25.902568817138672,27600,0.0,0.0,0.0
2014-09-09 00:00:00-04:00,25.957215348051456,25.957215348051456,25.832308566249004,25.902568817138672,33300,0.0,0.0,0.0
2014-09-10 00:00:00-04:00,25.949413299560547,25.949413299560547,25.816698151770883,25.949413299560547,12700,0.0,0.0,0.0
2014-09-11 00:00:00-04:00,25.77766609191895,25.79327981435293,25.762052369484966,25.777666091918945,19700,0.0,0.0,0.0
2014-09-12 00:00:00-04:00,25.76205511612115,25.76205511612115,25.64495367438798,25.699600219726562,17400,0.0,0.0,0.0
2014-09-15 00:00:00-04:00,25.75425193511199,25.75425193511199,25.590309307129154,25.613731384277344,32400,0.0,0.0,0.0
2014-09-16 00:00:00-04:00,25.683985499490966,25.78547022340912,25.55907870404231,25.75424575805664,59500,0.0,0.0,0.0
2014-09-17 00:00:00-04:00,25.69960551451455,25.715219241830027,25.527860470072213,25.543474197387695,25700,0.0,0.0,0.0
2014-09-18 00:00:00-04:00,25.676177978515625,25.699597072789224,25.613726067781695,25.676177978515625,38500,0.0,0.0,0.0
2014-09-19 00:00:00-04:00,25.760946970900743,25.760946970900743,25.48622752496633,25.58826446533203,20900,0.178,0.0,0.0
2014-09-22 00:00:00-04:00,25.44698356715505,25.47053309088921,25.32924792535584,25.360645294189453,42600,0.0,0.0,0.0
2014-09-23 00:00:00-04:00,25.352795270019328,25.384192639862437,25.250755315138225,25.305702209472656,45400,0.0,0.0,0.0
2014-09-24 00:00:00-04:00,25.41558797601575,25.41558797601575,25.1722628705289,25.321395874023438,66800,0.0,0.0,0.0
2014-09-25 00:00:00-04:00,25.297849911064734,25.297849911064734,24.873995922387916,24.928939819335938,42100,0.0,0.0,0.0
2014-09-26 00:00:00-04:00,25.03097997245964,25.03097997245964,24.913242828553432,24.976036071777344,29100,0.0,0.0,0.0
2014-09-29 00:00:00-04:00,24.77195618231143,24.897542661282905,24.748409653197356,24.881845474243164,25900,0.0,0.0,0.0
2014-09-30 00:00:00-04:00,24.764108640739792,24.86614859801612,24.74056210991374,24.858299255371094,46200,0.0,0.0,0.0
2014-10-01 00:00:00-04:00,24.764109302618134,24.866149262621718,24.591428251139316,24.622825622558594,144900,0.0,0.0,0.0
2014-10-02 00:00:00-04:00,24.756260145269167,24.756260145269167,24.340253978658435,24.614974975585938,67300,0.0,0.0,0.0
2014-10-03 00:00:00-04:00,24.536485068535853,24.59927831610864,24.442294448622114,24.544334411621094,22200,0.0,0.0,0.0
2014-10-06 00:00:00-04:00,24.583571490162477,24.740555305670675,24.56002496581228,24.709157943725586,27300,0.0,0.0,0.0
2014-10-07 00:00:00-04:00,24.779804872291685,24.779804872291685,24.45013999938965,24.45013999938965,32400,0.0,0.0,0.0
2014-10-08 00:00:00-04:00,24.583570694427497,24.77195036867458,24.332397795431383,24.764101028442383,56300,0.0,0.0,0.0
2014-10-09 00:00:00-04:00,24.583578457669077,24.685618415802274,24.348104164777,24.37165069580078,38400,0.0,0.0,0.0
2014-10-10 00:00:00-04:00,24.316702715792033,24.316702715792033,24.018435228343744,24.034133911132812,83400,0.0,0.0,0.0
2014-10-13 00:00:00-04:00,24.222513613275222,24.285306847322694,24.02628456973828,24.034133911132812,53000,0.0,0.0,0.0
2014-10-14 00:00:00-04:00,24.151871647240636,24.151871647240636,23.90069870471308,23.93209457397461,58900,0.0,0.0,0.0
2014-10-15 00:00:00-04:00,23.92424692848149,23.979190826416016,23.476844905747303,23.979190826416016,232300,0.0,0.0,0.0
2014-10-16 00:00:00-04:00,23.52393939219147,24.104777235529774,23.52393939219147,23.822208404541016,124300,0.0,0.0,0.0
2014-10-17 00:00:00-04:00,24.183263873957163,24.246057100130976,23.97918551461512,24.112621307373047,142100,0.0,0.0,0.0
2014-10-20 00:00:00-04:00,24.136173734867086,24.29315757751465,24.026285943279117,24.29315757751465,17300,0.0,0.0,0.0
2014-10-21 00:00:00-04:00,24.45014379170735,24.591428973023405,24.379501201049326,24.544334411621094,85500,0.0,0.0,0.0
2014-10-22 00:00:00-04:00,24.63851688511455,24.63851688511455,24.31670139101521,24.348098754882812,123000,0.0,0.0,0.0
2014-10-23 00:00:00-04:00,24.575721740722656,24.67776166823757,24.497229834274705,24.575721740722656,62200,0.0,0.0,0.0
2014-10-24 00:00:00-04:00,24.68561141937539,24.71700728421186,24.607119511621292,24.709157943725586,30800,0.0,0.0,0.0
2014-10-27 00:00:00-04:00,24.669914745404874,24.74055731841977,24.512930917125377,24.732707977294922,18700,0.0,0.0,0.0
2014-10-28 00:00:00-04:00,24.96818471377102,25.054525977650194,24.85044757936871,25.046676635742188,65900,0.0,0.0,0.0
2014-10-29 00:00:00-04:00,25.148716093105822,25.148716093105822,24.80335254143166,24.889692306518555,49500,0.0,0.0,0.0
2014-10-30 00:00:00-04:00,24.88969170045574,25.093770089788954,24.82689846505389,24.991731643676758,62200,0.0,0.0,0.0
2014-10-31 00:00:00-04:00,25.01527875731108,25.133015882262953,24.952485524196163,25.11731719970703,66200,0.0,0.0,0.0
2014-11-03 00:00:00-05:00,25.030975044746224,26.19265056425026,24.81904882627943,24.92108726501465,151200,0.0,0.0,0.0
2014-11-04 00:00:00-05:00,24.826899092506434,24.826899092506434,24.638519381539954,24.756258010864258,34600,0.0,0.0,0.0
2014-11-05 00:00:00-05:00,24.85829664506736,24.873995328708936,24.72486082833169,24.84259796142578,79400,0.0,0.0,0.0
2014-11-06 00:00:00-05:00,24.803354588724304,24.842599803629607,24.677768104496554,24.685617446899414,63000,0.0,0.0,0.0
2014-11-07 00:00:00-05:00,24.787656668674874,24.90539381413223,24.764108640739792,24.858299255371094,42700,0.0,0.0,0.0
2014-11-10 00:00:00-05:00,25.0702281129915,25.0702281129915,24.897545561459207,24.913244247436523,28300,0.0,0.0,0.0
2014-11-11 00:00:00-05:00,25.038820866992886,25.085915409244034,24.91323442291748,25.03097152709961,88100,0.0,0.0,0.0
2014-11-12 00:00:00-05:00,25.0074301198828,25.06237401326619,24.842596942623832,25.03882598876953,87100,0.0,0.0,0.0
2014-11-13 00:00:00-05:00,25.09376867532956,25.109467357572342,24.913238320863798,24.9603328704834,103900,0.0,0.0,0.0
2014-11-14 00:00:00-05:00,25.03882869719584,25.14086715350113,24.913242213846726,25.078075408935547,51100,0.0,0.0,0.0
2014-11-17 00:00:00-05:00,25.007425004528287,25.085915409244034,24.93678244259731,25.03097152709961,34000,0.0,0.0,0.0
2014-11-18 00:00:00-05:00,25.203658661748825,25.258602554032883,25.11731740409743,25.164413452148438,79900,0.0,0.0,0.0
2014-11-19 00:00:00-05:00,25.148715770384413,25.180113137001367,24.968183906554614,25.101619720458984,52100,0.0,0.0,0.0
2014-11-20 00:00:00-05:00,24.999583482565107,25.13301930826216,24.999583482565107,25.078075408935547,138500,0.0,0.0,0.0
2014-11-21 00:00:00-05:00,25.39988314841069,25.39988314841069,25.203654141385535,25.28214454650879,32000,0.0,0.0,0.0
2014-11-24 00:00:00-05:00,25.305699309507688,25.305699309507688,25.11731810625501,25.180112838745117,55600,0.0,0.0,0.0
2014-11-25 00:00:00-05:00,25.18795546151748,25.313541906244897,25.148710258955855,25.28214454650879,94200,0.0,0.0,0.0
2014-11-26 00:00:00-05:00,25.38419443404124,25.392042279947713,25.29000531207253,25.376346588134766,26300,0.0,0.0,0.0
2014-11-28 00:00:00-05:00,25.211505799126602,25.211505799126602,25.03097544465229,25.054523468017578,14600,0.0,0.0,0.0
2014-12-01 00:00:00-05:00,25.101614089030587,25.101614089030587,24.921083762810756,25.03097152709961,63600,0.0,0.0,0.0
2014-12-02 00:00:00-05:00,25.101617619300605,25.101617619300605,24.92108726769114,25.015277862548828,200700,0.0,0.0,0.0
2014-12-03 00:00:00-05:00,24.968188130060714,25.0466800627716,24.944641598223818,25.007434844970703,42000,0.0,0.0,0.0
2014-12-04 00:00:00-05:00,25.093772937744742,25.093772937744742,24.803354752466706,24.866147994995117,124000,0.0,0.0,0.0
2014-12-05 00:00:00-05:00,24.89754437295307,24.89754437295307,24.764108542733744,24.83475112915039,34200,0.0,0.0,0.0
2014-12-08 00:00:00-05:00,24.764109713794575,24.764109713794575,24.481540851874726,24.567880630493164,30100,0.0,0.0,0.0
2014-12-09 00:00:00-05:00,24.371646278622492,24.536479451459403,24.371646278622492,24.47368621826172,45200,0.0,0.0,0.0
2014-12-10 00:00:00-05:00,24.575727119306567,24.575727119306567,24.167571811244816,24.21466636657715,130600,0.0,0.0,0.0
2014-12-11 00:00:00-05:00,24.238213890026323,24.44229230098368,24.206818017553108,24.246063232421875,48400,0.0,0.0,0.0
2014-12-12 00:00:00-05:00,24.246055763507414,24.253905103485003,23.877145767211914,23.877145767211914,346800,0.0,0.0,0.0
2014-12-15 00:00:00-05:00,24.065534897199345,24.081233583326775,23.680926069731942,23.696624755859375,59200,0.0,0.0,0.0
2014-12-16 00:00:00-05:00,23.75941305649027,24.175417672490216,23.618127904977538,23.869300842285156,176200,0.0,0.0,0.0
2014-12-17 00:00:00-05:00,23.86930329681214,24.35595203572029,23.86930329681214,24.183269500732422,104500,0.0,0.0,0.0
2014-12-18 00:00:00-05:00,24.49723153747626,24.49723153747626,24.214662750569712,24.395193099975586,90800,0.0,0.0,0.0
2014-12-19 00:00:00-05:00,24.496638381110717,26.462075206454788,24.361910771460384,24.560039520263672,28000,0.298,0.0,0.0
2014-12-22 00:00:00-05:00,24.647216499149533,24.686841644021165,24.599666022983094,24.655141830444336,53900,0.0,0.0,0.0
2014-12-23 00:00:00-05:00,24.67891631272636,24.710617637905575,24.56796469780388,24.655141830444336,87600,0.0,0.0,0.0
2014-12-24 00:00:00-05:00,24.750246047973633,24.78987270967543,24.60759308905233,24.750246047973633,29200,0.0,0.0,0.0
2014-12-26 00:00:00-05:00,24.900820373460007,24.908745704538156,24.75024210617987,24.88496971130371,48700,0.0,0.0,0.0
2014-12-29 00:00:00-05:00,24.805720250054044,24.82157091370426,24.718544623182826,24.742319107055664,20200,0.0,0.0,0.0
2014-12-30 00:00:00-05:00,24.742317152800254,24.742317152800254,24.607589545619756,24.663066864013672,59300,0.0,0.0,0.0
2014-12-31 00:00:00-05:00,24.7581740236474,24.766099356833916,24.50456940808986,24.52042007446289,37600,0.0,0.0,0.0
2015-01-02 00:00:00-05:00,24.631365800041053,24.663067125173267,24.33021076929694,24.393611907958984,60200,0.0,0.0,0.0
2015-01-05 00:00:00-05:00,24.258888267405798,24.258888267405798,23.941881010639957,24.036983489990234,44100,0.0,0.0,0.0
2015-01-06 00:00:00-05:00,24.155859267005926,24.155859267005926,23.743751062768194,23.846778869628906,58900,0.0,0.0,0.0
2015-01-07 00:00:00-05:00,24.01320439601627,24.132082857776716,23.878476782743203,24.068681716918945,27000,0.0,0.0,0.0
2015-01-08 00:00:00-05:00,24.33020844543904,24.599663636916773,24.24303132125441,24.35398292541504,55900,0.0,0.0,0.0
2015-01-09 00:00:00-05:00,24.306435204721048,24.35398568165677,24.155856930888454,24.250959396362305,27000,0.0,0.0,0.0
2015-01-12 00:00:00-05:00,24.179630576624927,24.18755590727817,24.08452812038824,24.17170524597168,36200,0.0,0.0,0.0
2015-01-13 00:00:00-05:00,24.393612959839906,24.46493943286068,24.06868192123523,24.274734497070312,26900,0.0,0.0,0.0
2015-01-14 00:00:00-05:00,24.24303156433571,24.266807556152344,24.068678825820474,24.266807556152344,91000,0.0,0.0,0.0
2015-01-15 00:00:00-05:00,24.488711542258653,24.488711542258653,24.353983940902054,24.37775993347168,23400,0.0,0.0,0.0
2015-01-16 00:00:00-05:00,24.377759246097412,24.567962646484375,24.31435811263509,24.567962646484375,65700,0.0,0.0,0.0
2015-01-20 00:00:00-05:00,24.639297049055145,24.639297049055145,24.401543099870636,24.52042007446289,29600,0.0,0.0,0.0
2015-01-21 00:00:00-05:00,24.615515746815046,24.68684221852578,24.464938983516753,24.599666595458984,45400,0.0,0.0,0.0
2015-01-22 00:00:00-05:00,24.607589842675516,24.781944107956424,24.496638227753035,24.655141830444336,147800,0.0,0.0,0.0
2015-01-23 00:00:00-05:00,24.758167692924125,24.774018355244106,24.615514755249023,24.615514755249023,82600,0.0,0.0,0.0
2015-01-26 00:00:00-05:00,24.813646895653445,24.813646895653445,24.670993938453616,24.75817108154297,132900,0.0,0.0,0.0
2015-01-27 00:00:00-05:00,24.742320847596005,24.869123142512887,24.71062102966808,24.83742332458496,38500,0.0,0.0,0.0
2015-01-28 00:00:00-05:00,24.90082386663323,24.924599863203056,24.496640994561538,24.59174346923828,83500,0.0,0.0,0.0
2015-01-29 00:00:00-05:00,24.670993343587053,24.77402114868164,24.5283419014294,24.77402114868164,131300,0.0,0.0,0.0
2015-01-30 00:00:00-05:00,24.504561659024883,24.639289257385332,24.441160525184806,24.47286033630371,48700,0.0,0.0,0.0
2015-02-02 00:00:00-05:00,24.607589417457238,24.797794342041016,24.607589417457238,24.797794342041016,72000,0.0,0.0,0.0
2015-02-03 00:00:00-05:00,24.892893759519012,25.106873152794506,24.829492625763564,25.091022491455078,46100,0.0,0.0,0.0
2015-02-04 00:00:00-05:00,25.011771362523945,25.051398016927934,24.861194610595703,24.861194610595703,115200,0.0,0.0,0.0
2015-02-05 00:00:00-05:00,24.980076415458893,25.209905009351797,24.980076415458893,25.18613052368164,44500,0.0,0.0,0.0
2015-02-06 00:00:00-05:00,25.051398640740146,25.075173122372252,24.829493905359012,24.88496971130371,141200,0.0,0.0,0.0
2015-02-09 00:00:00-05:00,24.853273556877042,24.869122709763918,24.686844602943054,24.75817108154297,81500,0.0,0.0,0.0
2015-02-10 00:00:00-05:00,24.892893853482164,24.924595176280683,24.774016916192252,24.916669845581055,179900,0.0,0.0,0.0
2015-02-11 00:00:00-05:00,24.821568823912223,24.83741948622793,24.70269187974913,24.797794342041016,68900,0.0,0.0,0.0
2015-02-12 00:00:00-05:00,24.932520652756587,25.003847122192383,24.869119514547254,25.003847122192383,68000,0.0,0.0,0.0
2015-02-13 00:00:00-05:00,25.04347550832711,25.083100655594357,24.81364542169014,25.059326171875,62100,0.0,0.0,0.0
2015-02-17 00:00:00-05:00,25.02762938926281,25.217832851566946,25.011778722836777,25.1702823638916,58300,0.0,0.0,0.0
2015-02-18 00:00:00-05:00,25.146499633789062,25.22575143310472,25.043473352800348,25.146499633789062,61800,0.0,0.0,0.0
2015-02-19 00:00:00-05:00,25.083100655594357,25.186128457053165,25.01969951300528,25.059326171875,52100,0.0,0.0,0.0
2015-02-20 00:00:00-05:00,25.003848297530844,25.32085551508122,24.97214848273727,25.15442657470703,27500,0.0,0.0,0.0
2015-02-23 00:00:00-05:00,25.162353795771175,25.265380091089682,25.0355515038703,25.114803314208984,102500,0.0,0.0,0.0
2015-02-24 00:00:00-05:00,25.20197691721643,25.305004715847172,25.138575776367677,25.289154052734375,64900,0.0,0.0,0.0
2015-02-25 00:00:00-05:00,25.336703956342916,25.431806421262245,25.249528334402793,25.344629287719727,271900,0.0,0.0,0.0
2015-02-26 00:00:00-05:00,25.23367676419652,25.312928563512177,25.13857430269726,25.146499633789062,40700,0.0,0.0,0.0
2015-02-27 00:00:00-05:00,25.249526854247726,25.281226666294295,25.186125718552283,25.201974868774414,35100,0.0,0.0,0.0
2015-03-02 00:00:00-05:00,25.25745539034064,25.305005870245818,25.09895177518671,25.178203582763672,159200,0.0,0.0,0.0
2015-03-03 00:00:00-05:00,25.17820095815626,25.217826102012918,25.098949158840604,25.146499633789062,130400,0.0,0.0,0.0
2015-03-04 00:00:00-05:00,25.13857618843379,25.13857618843379,24.892896952568062,25.106876373291016,57400,0.0,0.0,0.0
2015-03-05 00:00:00-05:00,25.130652051853566,25.13857738391677,25.035551090300185,25.075176239013672,40000,0.0,0.0,0.0
2015-03-06 00:00:00-05:00,24.88497203622905,24.932522515538093,24.647218128081352,24.702693939208984,36400,0.0,0.0,0.0
2015-03-09 00:00:00-04:00,24.623440208018017,24.726468002004356,24.59174039482386,24.663066864013672,80600,0.0,0.0,0.0
2015-03-10 00:00:00-04:00,24.425314657147513,24.464941318325476,24.187560736489992,24.195486068725586,84300,0.0,0.0,0.0
2015-03-11 00:00:00-04:00,24.18755944643588,24.2905857367985,24.17963411462299,24.21925926208496,64900,0.0,0.0,0.0
2015-03-12 00:00:00-04:00,24.369833173945384,24.504560767403643,24.369833173945384,24.49663543701172,41800,0.0,0.0,0.0
2015-03-13 00:00:00-04:00,24.36191133431246,24.36191133431246,24.140006586349074,24.28265953063965,90300,0.0,0.0,0.0
2015-03-16 00:00:00-04:00,24.46493503455265,24.575886634148105,24.44115904395269,24.51248550415039,45400,0.0,0.0,0.0
2015-03-17 00:00:00-04:00,24.464934442824816,24.528335571289062,24.346056004302486,24.528335571289062,41000,0.0,0.0,0.0
2015-03-18 00:00:00-04:00,24.496639142302072,24.972148456526092,24.417387337997663,24.89289665222168,94000,0.0,0.0,0.0
2015-03-19 00:00:00-04:00,24.77401877666162,24.77401877666162,24.631365836559926,24.655141830444336,24200,0.0,0.0,0.0
2015-03-20 00:00:00-04:00,24.977897567229675,25.24023697752594,24.90635031748694,25.168689727783203,59500,0.096,0.0,0.0
2015-03-23 00:00:00-04:00,25.264087082220414,25.454879246670874,25.168690241854513,25.311784744262695,113600,0.0,0.0,0.0
2015-03-24 00:00:00-04:00,25.415129829224476,25.415129829224476,25.224337665541057,25.335634231567383,55800,0.0,0.0,0.0
2015-03-25 00:00:00-04:00,25.423084481169504,25.423084481169504,25.12099721083719,25.20844268798828,39600,0.0,0.0,0.0
2015-03-26 00:00:00-04:00,25.128945275920838,25.16869307939038,24.962001165529454,25.017648696899414,38500,0.0,0.0,0.0
2015-03-27 00:00:00-04:00,25.184590818316014,25.184590818316014,24.93815112044834,25.033546447753906,41300,0.0,0.0,0.0
2015-03-30 00:00:00-04:00,24.993799175206053,25.097144368016277,24.930201783565586,25.00174903869629,22500,0.0,0.0,0.0
2015-03-31 00:00:00-04:00,24.707609787790563,24.87455388604366,24.651962260466664,24.826854705810547,43600,0.0,0.0,0.0
2015-04-01 00:00:00-04:00,24.95405264471494,24.95405264471494,24.747360719728956,24.89045524597168,67200,0.0,0.0,0.0
2015-04-02 00:00:00-04:00,25.033543848778844,25.176638341162562,24.969946465083996,25.105091094970703,71700,0.0,0.0,0.0
2015-04-06 00:00:00-04:00,25.120992680996928,25.518475221325403,25.120992680996928,25.287935256958008,68700,0.0,0.0,0.0
2015-04-07 00:00:00-04:00,25.399231823880072,25.47872742217696,25.272037047067435,25.287935256958008,229500,0.0,0.0,0.0
2015-04-08 00:00:00-04:00,25.45487105458122,25.558217724741205,25.319726458720286,25.34357452392578,30600,0.0,0.0,0.0
2015-04-09 00:00:00-04:00,25.550275086753295,25.550275086753295,25.089193634282626,25.454879760742188,52700,0.0,0.0,0.0
2015-04-10 00:00:00-04:00,25.423083762386675,25.51053075334701,25.383335957194657,25.446931838989258,35100,0.0,0.0,0.0
2015-04-13 00:00:00-04:00,25.319735374751495,25.431030428317257,25.20843880490435,25.22433853149414,33900,0.0,0.0,0.0
2015-04-14 00:00:00-04:00,25.446926608688212,25.574121378697253,25.423078536987305,25.423078536987305,76800,0.0,0.0,0.0
2015-04-15 00:00:00-04:00,25.52642506409108,25.701319008891456,25.15278910294937,25.637720108032227,31000,0.0,0.0,0.0
2015-04-16 00:00:00-04:00,25.62977410886327,25.87621229085516,25.62977410886327,25.796716690063477,151800,0.0,0.0,0.0
2015-04-17 00:00:00-04:00,25.645671558420222,25.995459490358076,25.40718171645715,25.542327880859375,61700,0.0,0.0,0.0
2015-04-20 00:00:00-04:00,25.64567162767838,25.669522734733107,25.446929586745288,25.52642822265625,37200,0.0,0.0,0.0
2015-04-21 00:00:00-04:00,25.685422392549793,25.685422392549793,25.43898117073566,25.542327880859375,80300,0.0,0.0,0.0
2015-04-22 00:00:00-04:00,25.685419709171708,25.884161728805328,25.438978513103496,25.629772186279297,57800,0.0,0.0,0.0
2015-04-23 00:00:00-04:00,25.550273920658224,25.812614845919153,25.367431623913912,25.71721649169922,97300,0.0,0.0,0.0
2015-04-24 00:00:00-04:00,25.90801309303385,25.979560350496413,25.725170775643516,25.83646583557129,87100,0.0,0.0,0.0
2015-04-27 00:00:00-04:00,26.059055823258674,26.17830226261245,25.93981241646782,26.035207748413086,43800,0.0,0.0,0.0
2015-04-28 00:00:00-04:00,26.05110565453617,26.194200158731455,25.868263350856125,26.186248779296875,64400,0.0,0.0,0.0
2015-04-29 00:00:00-04:00,25.97955965669078,26.154453621942558,25.804665691438995,26.074954986572266,35500,0.0,0.0,0.0
2015-04-30 00:00:00-04:00,25.83646212437356,25.83646212437356,25.62182038281742,25.637720108032227,36000,0.0,0.0,0.0
2015-05-01 00:00:00-04:00,25.820564832361754,25.98750741400532,25.613874450216784,25.78081703186035,62700,0.0,0.0,0.0
2015-05-04 00:00:00-04:00,25.86031256418427,25.939811197538734,25.69336998298406,25.796716690063477,101900,0.0,0.0,0.0
2015-05-05 00:00:00-04:00,25.66952223788925,26.186249714776093,25.526427728582046,25.550275802612305,55800,0.0,0.0,0.0
2015-05-06 00:00:00-04:00,25.693370311919512,25.7569692194173,25.518476348863413,25.550275802612305,108300,0.0,0.0,0.0
2015-05-07 00:00:00-04:00,25.51847733762777,25.558228172635523,25.319736809122222,25.502580642700195,84200,0.0,0.0,0.0
2015-05-08 00:00:00-04:00,25.836464559074873,26.178301101999967,25.72516950464583,25.78081703186035,87000,0.0,0.0,0.0
2015-05-11 00:00:00-04:00,25.756966396382094,25.852361714610364,25.53437327709948,25.669519424438477,23100,0.0,0.0,0.0
2015-05-12 00:00:00-04:00,25.55823141054148,25.812621017491786,25.50258387355631,25.709274291992188,69500,0.0,0.0,0.0
2015-05-13 00:00:00-04:00,25.987505987837203,25.987505987837203,25.756967544555664,25.756967544555664,49700,0.0,0.0,0.0
2015-05-14 00:00:00-04:00,26.043156521775256,26.178302690757377,25.90006503779856,26.027259826660156,82300,0.0,0.0,0.0
2015-05-15 00:00:00-04:00,26.04315116647673,26.178297307668515,25.908008057847294,26.11469841003418,94000,0.0,0.0,0.0
2015-05-18 00:00:00-04:00,26.090855844269264,26.16240310292153,25.908013523838584,25.995460510253906,36000,0.0,0.0,0.0
2015-05-19 00:00:00-04:00,25.90801507637237,26.14650494198373,25.81261973664046,25.820568084716797,15200,0.0,0.0,0.0
2015-05-20 00:00:00-04:00,25.764918509047575,25.979560280859925,25.733119054135464,25.852365493774414,48900,0.0,0.0,0.0
2015-05-21 00:00:00-04:00,25.828514395222243,26.027256416312536,25.733116041653844,25.93185806274414,36900,0.0,0.0,0.0
2015-05-22 00:00:00-04:00,25.955709276602384,25.955709276602384,25.733116149902344,25.733116149902344,56600,0.0,0.0,0.0
2015-05-26 00:00:00-04:00,25.701322189097493,25.733118610898998,25.446929586745288,25.52642822265625,53100,0.0,0.0,0.0
2015-05-27 00:00:00-04:00,25.597975975080338,25.741070489932028,25.470781187719165,25.502580642700195,55500,0.0,0.0,0.0
2015-05-28 00:00:00-04:00,25.502580642700195,25.62977543006137,25.367434475312294,25.502580642700195,27200,0.0,0.0,0.0
2015-05-29 00:00:00-04:00,25.534376699102506,25.534376699102506,25.303836718920547,25.327686309814453,60700,0.0,0.0,0.0
2015-06-01 00:00:00-04:00,25.446928004041947,25.605922233412155,25.208438176267986,25.279985427856445,31600,0.0,0.0,0.0
2015-06-02 00:00:00-04:00,25.359482986462353,25.55027515527763,25.2640876601954,25.438980102539062,47300,0.0,0.0,0.0
2015-06-03 00:00:00-04:00,25.510529372675027,25.597976358902585,25.415132522583008,25.415132522583008,41300,0.0,0.0,0.0
2015-06-04 00:00:00-04:00,25.31178667777647,25.41513187280929,25.1209944987518,25.13689422607422,54000,0.0,0.0,0.0
2015-06-05 00:00:00-04:00,25.105093016257225,25.12894260557346,24.898401124360582,24.930200576782227,77400,0.0,0.0,0.0
2015-06-08 00:00:00-04:00,24.85070483612139,25.105094404435544,24.755307989862867,24.961999893188477,53300,0.0,0.0,0.0
2015-06-09 00:00:00-04:00,24.93815241713491,25.04944747687211,24.818905977380513,24.914302825927734,64100,0.0,0.0,0.0
2015-06-10 00:00:00-04:00,25.319735203408257,25.41513052973867,25.03354619185427,25.264087677001953,96200,0.0,0.0,0.0
2015-06-11 00:00:00-04:00,25.38333262736712,25.41513056409312,25.208438668389334,25.25613784790039,18900,0.0,0.0,0.0
2015-06-12 00:00:00-04:00,25.160745478472812,25.335639468544894,25.049450405722684,25.19254493713379,50400,0.0,0.0,0.0
2015-06-15 00:00:00-04:00,25.073295100163822,25.415130116281716,24.795055956377364,25.097143173217773,237000,0.0,0.0,0.0
2015-06-16 00:00:00-04:00,25.081242752257346,25.256136703309057,25.001747155904358,25.168689727783203,27500,0.0,0.0,0.0
2015-06-17 00:00:00-04:00,25.144840105361205,25.605921538483727,25.001747122349087,25.176639556884766,67200,0.0,0.0,0.0
2015-06-18 00:00:00-04:00,25.359485591269884,25.55822916001635,25.20049285906685,25.367435455322266,62900,0.0,0.0,0.0
2015-06-19 00:00:00-04:00,25.455040696128176,25.455040696128176,25.17372481572055,25.366626739501953,29900,0.349,0.0,0.0
2015-06-22 00:00:00-04:00,25.599721143401794,25.64794624790671,25.270180118696068,25.49523162841797,48500,0.0,0.0,0.0
2015-06-23 00:00:00-04:00,25.54345573887642,25.62383039408342,25.238026530116016,25.51934242248535,63400,0.0,0.0,0.0
2015-06-24 00:00:00-04:00,25.41485877834753,25.567571875682344,25.302331482410484,25.4389705657959,24400,0.0,0.0,0.0
2015-06-25 00:00:00-04:00,25.39878443071132,25.55149906830605,25.270183114752164,25.406822204589844,46200,0.0,0.0,0.0
2015-06-26 00:00:00-04:00,25.382707210461223,25.559533624991637,25.181767475884094,25.27821922302246,41400,0.0,0.0,0.0
2015-06-29 00:00:00-04:00,24.836149741043062,25.004939907484147,24.747737304381964,24.755773544311523,47700,0.0,0.0,0.0
2015-06-30 00:00:00-04:00,25.00493918971784,25.00493918971784,24.64324708133249,24.723623275756836,87500,0.0,0.0,0.0
2015-07-01 00:00:00-04:00,24.95671294845573,25.414856804015272,24.635209698715332,24.82811164855957,64700,0.0,0.0,0.0
2015-07-02 00:00:00-04:00,24.763808278912162,24.92456065265185,24.755770506920353,24.860260009765625,55900,0.0,0.0,0.0
2015-07-06 00:00:00-04:00,24.570904082028353,24.86829548607907,24.474453893126793,24.498565673828125,50900,0.0,0.0,0.0
2015-07-07 00:00:00-04:00,24.450343664658266,24.58698272705078,24.160989995345098,24.58698272705078,439500,0.0,0.0,0.0
2015-07-08 00:00:00-04:00,24.33782004077649,24.33782004077649,23.968090149638716,24.02435302734375,106600,0.0,0.0,0.0
2015-07-09 00:00:00-04:00,24.498570348254397,24.52268366660476,24.128841998505898,24.225292205810547,361600,0.0,0.0,0.0
2015-07-10 00:00:00-04:00,24.691471774352145,24.78792351266784,24.450344728135462,24.73969841003418,34100,0.0,0.0,0.0
2015-07-13 00:00:00-04:00,24.699509624975512,24.964749989870935,24.603059419403564,24.91652488708496,67700,0.0,0.0,0.0
2015-07-14 00:00:00-04:00,24.820071861368422,25.02904934000185,24.69950834413137,24.892410278320312,33900,0.0,0.0,0.0
2015-07-15 00:00:00-04:00,24.860259291982114,25.085310769061927,24.836145976702902,24.948673248291016,218700,0.0,0.0,0.0
2015-07-16 00:00:00-04:00,25.302328966625428,25.302328966625428,24.860262199476093,25.029050827026367,26600,0.0,0.0,0.0
2015-07-17 00:00:00-04:00,25.069240982018744,25.07727875513261,24.932601905179972,25.053165435791016,28300,0.0,0.0,0.0
2015-07-20 00:00:00-04:00,25.037087368336078,25.42289124066047,24.86026097678281,25.0772762298584,33600,0.0,0.0,0.0
2015-07-21 00:00:00-04:00,25.061200999398558,25.141577190402423,24.956711491179036,25.00493812561035,62000,0.0,0.0,0.0
2015-07-22 00:00:00-04:00,24.916527619961514,24.932603167002817,24.795964083248826,24.884376525878906,21300,0.0,0.0,0.0
2015-07-23 00:00:00-04:00,24.948674281271735,24.948674281271735,24.739696806010638,24.787921905517578,29600,0.0,0.0,0.0
2015-07-24 00:00:00-04:00,24.779884662243457,25.117463432092716,24.562869410258582,24.58698272705078,43700,0.0,0.0,0.0
2015-07-27 00:00:00-04:00,24.578945474521987,24.627170576077827,24.410156852552383,24.506607055664062,32400,0.0,0.0,0.0
2015-07-28 00:00:00-04:00,24.63520940182582,24.787924018505237,24.546796967367968,24.77988624572754,87700,0.0,0.0,0.0
2015-07-29 00:00:00-04:00,24.787919896796996,24.932596716642013,24.755768811032258,24.85222053527832,25300,0.0,0.0,0.0
2015-07-30 00:00:00-04:00,24.82811016445662,24.82811016445662,24.386043414119218,24.691471099853516,92200,0.0,0.0,0.0
2015-07-31 00:00:00-04:00,24.87633545438401,25.037086294433347,24.763808179996403,24.803997039794922,20400,0.0,0.0,0.0
2015-08-03 00:00:00-04:00,24.76381131728952,24.85222528699906,24.66736110765042,24.755773544311523,267900,0.0,0.0,0.0
2015-08-04 00:00:00-04:00,24.88437008799491,25.021009136398742,24.731657029756853,24.85222053527832,40100,0.0,0.0,0.0
2015-08-05 00:00:00-04:00,24.900449752807617,25.004939265791677,24.828111330910467,24.900449752807617,33200,0.0,0.0,0.0
2015-08-06 00:00:00-04:00,24.795961285281514,24.892411490548838,24.651284444332155,24.73969841003418,28800,0.0,0.0,0.0
2015-08-07 00:00:00-04:00,24.61109623748842,24.82007218580519,24.45034385703887,24.699508666992188,54900,0.0,0.0,0.0
2015-08-10 00:00:00-04:00,24.723620952001365,24.996899067529885,24.42622952049742,24.860260009765625,112500,0.0,0.0,0.0
2015-08-11 00:00:00-04:00,24.55483946482834,24.60306611378494,24.33782567671881,24.57895278930664,31900,0.0,0.0,0.0
2015-08-12 00:00:00-04:00,24.369964399927305,24.50660344507794,24.217249812277036,24.498565673828125,176900,0.0,0.0,0.0
2015-08-13 00:00:00-04:00,24.33781474415179,24.538754425395634,24.31370143050521,24.442302703857422,76200,0.0,0.0,0.0
2015-08-14 00:00:00-04:00,24.281554026656252,24.578945474521987,24.27351778727056,24.506607055664062,56100,0.0,0.0,0.0
2015-08-17 00:00:00-04:00,24.297631075149727,24.466421240613016,24.233330424746672,24.40212059020996,49800,0.0,0.0,0.0
2015-08-18 00:00:00-04:00,24.386045777192965,24.402121323538935,24.201181593359724,24.31370735168457,72700,0.0,0.0,0.0
2015-08-19 00:00:00-04:00,24.225295227531664,24.337822527487624,24.016317708240422,24.136882781982422,72300,0.0,0.0,0.0
2015-08-20 00:00:00-04:00,24.0002421164757,24.08865455621468,23.751075744628906,23.751075744628906,126700,0.0,0.0,0.0
2015-08-21 00:00:00-04:00,23.69480939393255,23.927900185119352,23.252742660848426,23.31704330444336,140300,0.0,0.0,0.0
2015-08-24 00:00:00-04:00,22.96338428030841,23.011609369834677,15.327677140190708,22.416828155517578,164500,0.0,0.0,0.0
2015-08-25 00:00:00-04:00,22.834793250179274,23.28489786452935,22.64992904663086,22.64992904663086,82400,0.0,0.0,0.0
2015-08-26 00:00:00-04:00,23.051810140697963,23.051810140697963,22.609741736821448,23.0196590423584,77100,0.0,0.0,0.0
2015-08-27 00:00:00-04:00,22.963395979223446,23.485839058890644,22.923208639652408,23.39742660522461,41300,0.0,0.0,0.0
2015-08-28 00:00:00-04:00,23.22863036719287,23.38938274978108,23.100029074341638,23.27685546875,60300,0.0,0.0,0.0
2015-08-31 00:00:00-04:00,23.108066955600055,23.341157758145833,22.987503434615288,23.212554931640625,83400,0.0,0.0,0.0
2015-09-01 00:00:00-04:00,22.730302573931844,23.10806871051941,22.424873328990014,22.54543685913086,91200,0.0,0.0,0.0
2015-09-02 00:00:00-04:00,22.83479097738018,22.858904297070694,22.64992679223172,22.84282875061035,71600,0.0,0.0,0.0
2015-09-03 00:00:00-04:00,22.64189099431938,23.06788381439184,22.64189099431938,22.899093627929688,24200,0.0,0.0,0.0
2015-09-04 00:00:00-04:00,22.53740202512199,22.730303991991477,22.408799180827113,22.505250930786133,29000,0.0,0.0,0.0
2015-09-08 00:00:00-04:00,23.027694289020733,23.20452224437911,22.94731808504407,23.04376983642578,42900,0.0,0.0,0.0
2015-09-09 00:00:00-04:00,23.30097002400916,23.30097002400916,22.97946677479994,23.00358009338379,69400,0.0,0.0,0.0
2015-09-10 00:00:00-04:00,22.95535800878372,23.156297771021443,22.915170669555664,22.915170669555664,29000,0.0,0.0,0.0
2015-09-11 00:00:00-04:00,22.907125468457146,23.06787783934982,22.818711511161354,23.02768898010254,27600,0.0,0.0,0.0
2015-09-14 00:00:00-04:00,22.987504191484337,23.06788038580337,22.83478957558302,22.883014678955078,106300,0.0,0.0,0.0
2015-09-15 00:00:00-04:00,22.95535185431095,23.14021755112304,22.80263877974869,23.051803588867188,508800,0.0,0.0,0.0
2015-09-16 00:00:00-04:00,23.196481262435928,23.49387118305526,23.1723679446634,23.453683853149414,33900,0.0,0.0,0.0
2015-09-17 00:00:00-04:00,23.461721420288086,23.606398259559594,23.172367741745074,23.461721420288086,33600,0.0,0.0,0.0
2015-09-18 00:00:00-04:00,23.14881033353481,23.650112542922024,23.059870788044392,23.07604217529297,34500,0.173,0.0,0.0
2015-09-21 00:00:00-04:00,23.084133163106912,23.20541706120114,23.01136344112591,23.18115997314453,46200,0.0,0.0,0.0
2015-09-22 00:00:00-04:00,22.841561570243897,22.865818650993027,22.655595244398977,22.728364944458008,33000,0.0,0.0,0.0
2015-09-23 00:00:00-04:00,22.84965062255391,22.84965062255391,22.631341490287014,22.639427185058594,30400,0.0,0.0,0.0
2015-09-24 00:00:00-04:00,22.542398835351946,22.77687934099106,22.51005760068463,22.69602394104004,68800,0.0,0.0,0.0
2015-09-25 00:00:00-04:00,22.93050483062615,22.97901745453366,22.73645279280759,22.84964942932129,28000,0.0,0.0,0.0
2015-09-28 00:00:00-04:00,22.82538704687848,22.82538704687848,22.518138443880463,22.52622413635254,32800,0.0,0.0,0.0
2015-09-29 00:00:00-04:00,22.50197321817337,22.558571538781813,22.388776576956484,22.518144607543945,58500,0.0,0.0,0.0
2015-09-30 00:00:00-04:00,22.793054807670366,22.914337158203125,22.67177245713761,22.914337158203125,32500,0.0,0.0,0.0
2015-10-01 00:00:00-04:00,22.938591314935834,23.03561656609222,22.736453575806713,22.898162841796875,77100,0.0,0.0,0.0
2015-10-02 00:00:00-04:00,22.75262425872593,23.140729904174805,22.69602593644072,23.140729904174805,217800,0.0,0.0,0.0
2015-10-05 00:00:00-04:00,23.359032961172215,23.536915130589765,23.359032961172215,23.49648666381836,22100,0.0,0.0,0.0
2015-10-06 00:00:00-04:00,23.375205804667164,23.585429218415037,23.375205804667164,23.504573822021484,28400,0.0,0.0,0.0
2015-10-07 00:00:00-04:00,23.65011338634591,23.85225110759673,23.62585630460798,23.690540313720703,20000,0.0,0.0,0.0
2015-10-08 00:00:00-04:00,23.64202487124361,23.892675183871905,23.64202487124361,23.868419647216797,30100,0.0,0.0,0.0
2015-10-09 00:00:00-04:00,23.973539590769715,24.078652096449318,23.884600019258695,23.941198348999023,10800,0.0,0.0,0.0
2015-10-12 00:00:00-04:00,23.989702756459067,24.01395983611073,23.908847366475165,23.916933059692383,10100,0.0,0.0,0.0
2015-10-13 00:00:00-04:00,23.633942133130073,23.933106640848116,23.633942133130073,23.722883224487305,20700,0.0,0.0,0.0
2015-10-14 00:00:00-04:00,23.81990831747235,23.973533417342384,23.81182416575304,23.949277877807617,50900,0.0,0.0,0.0
2015-10-15 00:00:00-04:00,24.03821779596667,24.216099980294562,24.0220464079026,24.159500122070312,41100,0.0,0.0,0.0
2015-10-16 00:00:00-04:00,24.20801575288294,24.240356988781997,24.11907465533058,24.167587280273438,156900,0.0,0.0,0.0
2015-10-19 00:00:00-04:00,24.1190748876559,24.13524627685547,24.054390873046174,24.13524627685547,111400,0.0,0.0,0.0
2015-10-20 00:00:00-04:00,24.14333152770996,24.248442471198157,24.09481736100292,24.14333152770996,28000,0.0,0.0,0.0
2015-10-21 00:00:00-04:00,24.199921324417467,24.224176857040614,23.989697969284965,23.997783660888672,51700,0.0,0.0,0.0
2015-10-22 00:00:00-04:00,24.175673581179375,24.36972562800665,24.086734023584736,24.28887176513672,45600,0.0,0.0,0.0
2015-10-23 00:00:00-04:00,24.426324088210976,24.49100964637759,24.337384530109055,24.474838256835938,351700,0.0,0.0,0.0
2015-10-26 00:00:00-04:00,24.393979583411973,24.507176210662152,24.35355265716216,24.40206527709961,80100,0.0,0.0,0.0
2015-10-27 00:00:00-04:00,24.29695329573828,24.34546745885127,24.16758527848047,24.232269287109375,68300,0.0,0.0,0.0
2015-10-28 00:00:00-04:00,24.26461468096259,24.450581033065156,24.11907526029499,24.28887176513672,65200,0.0,0.0,0.0
2015-10-29 00:00:00-04:00,24.119073194098583,24.24844121423426,24.086731960158886,24.159500122070312,26700,0.0,0.0,0.0
2015-10-30 00:00:00-04:00,24.175673550756482,24.305041581811864,24.127160924657854,24.191844940185547,26900,0.0,0.0,0.0
2015-11-02 00:00:00-05:00,24.159499584628303,24.2726977563702,24.094815575999398,24.232269287109375,27600,0.0,0.0,0.0
2015-11-03 00:00:00-05:00,24.191843415600726,24.377809755749556,24.102902321534554,24.345468521118164,129500,0.0,0.0,0.0
2015-11-04 00:00:00-05:00,24.248441310728865,24.248441310728865,24.046303585688925,24.094816207885742,62600,0.0,0.0,0.0
2015-11-05 00:00:00-05:00,24.08673095703125,24.151414964405227,23.997789868571388,24.08673095703125,21500,0.0,0.0,0.0
2015-11-06 00:00:00-05:00,23.85225408241599,23.933109489438174,23.72288604805594,23.803741455078125,81900,0.0,0.0,0.0
2015-11-09 00:00:00-05:00,23.666280830609686,23.666280830609686,23.480314528172105,23.60159683227539,83000,0.0,0.0,0.0
2015-11-10 00:00:00-05:00,23.447976967518994,23.55308790984493,23.407550037898677,23.51266098022461,55400,0.0,0.0,0.0
2015-11-11 00:00:00-05:00,23.674367765855404,23.72288038160554,23.60159807113608,23.642024993896484,16100,0.0,0.0,0.0
2015-11-12 00:00:00-05:00,23.512658585511755,23.593513978705957,23.423717498779297,23.423717498779297,60500,0.0,0.0,0.0
2015-11-13 00:00:00-05:00,23.310523509509395,23.310523509509395,23.173069788192876,23.221582412719727,27600,0.0,0.0,0.0
2015-11-16 00:00:00-05:00,23.221579046129705,23.472230911254883,23.221579046129705,23.472230911254883,25300,0.0,0.0,0.0
2015-11-17 00:00:00-05:00,23.585428910216876,23.65819861180133,23.512659208632424,23.545001983642578,64900,0.0,0.0,0.0
2015-11-18 00:00:00-05:00,23.585428936291304,23.698625564575195,23.553086161245393,23.698625564575195,87200,0.0,0.0,0.0
2015-11-19 00:00:00-05:00,23.852252285106996,24.005877392654366,23.852252285106996,23.89267921447754,178900,0.0,0.0,0.0
2015-11-20 00:00:00-05:00,23.973530926764926,24.038214929118414,23.884591387396544,23.925018310546875,138800,0.0,0.0,0.0
2015-11-23 00:00:00-05:00,23.819907348899584,23.92501982323754,23.730967803907884,23.771394729614258,178100,0.0,0.0,0.0
2015-11-24 00:00:00-05:00,23.68245421387492,23.900761762804596,23.68245421387492,23.852249145507812,113500,0.0,0.0,0.0
2015-11-25 00:00:00-05:00,23.85225003089413,23.91693403708699,23.76330894405832,23.836078643798828,54400,0.0,0.0,0.0
2015-11-27 00:00:00-05:00,23.779487164846476,23.795658556589075,23.714803140064877,23.787572860717773,3500,0.0,0.0,0.0
2015-11-30 00:00:00-05:00,23.71479778166966,23.900764118123778,23.690540699536687,23.844165802001953,37200,0.0,0.0,0.0
2015-12-01 00:00:00-05:00,24.005876791389916,24.135244812761634,23.989705403171335,24.127159118652344,3045300,0.0,0.0,0.0
2015-12-02 00:00:00-05:00,23.997791387566934,24.062475399035236,23.83608058780194,23.933107376098633,142700,0.0,0.0,0.0
2015-12-03 00:00:00-05:00,24.013961982283842,24.013961982283842,23.747140251022397,23.884593963623047,63300,0.0,0.0,0.0
2015-12-04 00:00:00-05:00,23.92501924215175,24.022044478365867,23.86033523727956,24.005874633789062,47200,0.0,0.0,0.0
2015-12-07 00:00:00-05:00,23.868428038879053,23.941197758805234,23.682461662262718,23.819913864135742,115500,0.0,0.0,0.0
2015-12-08 00:00:00-05:00,23.504573822021484,23.60968629998963,23.44797550720252,23.504573822021484,234700,0.0,0.0,0.0
2015-12-09 00:00:00-05:00,23.512659515879683,23.690540154194768,23.375205804667164,23.504573822021484,46000,0.0,0.0,0.0
2015-12-10 00:00:00-05:00,23.488401734391676,23.585428515610396,23.391376495361328,23.391376495361328,59100,0.0,0.0,0.0
2015-12-11 00:00:00-05:00,23.13264609581031,23.22158566285961,23.019447899819504,23.043704986572266,143100,0.0,0.0,0.0
2015-12-14 00:00:00-05:00,23.09221076965332,23.189237545701317,22.890073066559253,23.09221076965332,149700,0.0,0.0,0.0
2015-12-15 00:00:00-05:00,23.229669126969814,23.278183295814998,23.140729568464167,23.237754821777344,62500,0.0,0.0,0.0
2015-12-16 00:00:00-05:00,23.318609713036214,23.528833146826717,23.229668614304853,23.407550811767578,121900,0.0,0.0,0.0
2015-12-17 00:00:00-05:00,23.367117633149014,23.37520332614987,23.132638704877213,23.164979934692383,109600,0.0,0.0,0.0
2015-12-18 00:00:00-05:00,23.185562405168028,23.26786858475012,23.053873145780607,23.103256225585938,75400,0.505,0.0,0.0
2015-12-21 00:00:00-05:00,23.506550729475826,23.506550729475826,23.07856149512163,23.234941482543945,84200,0.0,0.0,0.0
2015-12-22 00:00:00-05:00,23.2843296761756,23.34194352979072,23.136178869816852,23.317251205444336,163800,0.0,0.0,0.0
2015-12-23 00:00:00-05:00,23.448940219502855,23.597091024327995,23.391326366484137,23.555938720703125,220700,0.0,0.0,0.0
2015-12-24 00:00:00-05:00,23.671160209346006,23.671160209346006,23.51477867089864,23.61354637145996,90200,0.0,0.0,0.0
2015-12-28 00:00:00-05:00,23.49009110940664,23.555935728759067,23.416015716402715,23.46539878845215,126600,0.0,0.0,0.0
2015-12-29 00:00:00-05:00,23.68762338721048,23.85223413968022,23.68762338721048,23.769927978515625,107300,0.0,0.0,0.0
2015-12-30 00:00:00-05:00,23.745236786865327,23.811081400598905,23.6629306272335,23.753467559814453,63600,0.0,0.0,0.0
2015-12-31 00:00:00-05:00,23.704083332208107,23.704083332208107,23.473627965083345,23.539472579956055,23100,0.0,0.0,0.0
2016-01-04 00:00:00-05:00,23.09502375627634,24.34607319853348,22.955103732209952,23.127946853637695,60300,0.0,0.0,0.0
2016-01-05 00:00:00-05:00,23.127942508355385,23.127942508355385,22.930408670879007,23.0291748046875,19600,0.0,0.0,0.0
2016-01-06 00:00:00-05:00,22.699959090855668,22.848109909388473,22.69172831539719,22.77403450012207,17300,0.0,0.0,0.0
2016-01-07 00:00:00-05:00,22.444802674981442,22.61764418337143,22.354265749714706,22.453033447265625,123500,0.0,0.0,0.0
2016-01-08 00:00:00-05:00,22.469495051728234,22.502418143252946,22.263730439277026,22.271961212158203,41000,0.0,0.0,0.0
2016-01-11 00:00:00-05:00,22.420113459683396,22.420113459683396,22.12381189590016,22.255502700805664,124900,0.0,0.0,0.0
2016-01-12 00:00:00-05:00,22.321346725111486,22.42834363704546,22.164965173953085,22.337806701660156,78000,0.0,0.0,0.0
2016-01-13 00:00:00-05:00,22.428345108839153,22.527112823909867,21.97566354192568,22.057968139648438,149500,0.0,0.0,0.0
2016-01-14 00:00:00-05:00,22.04974212301041,22.280197541721332,21.909822088853154,22.173200607299805,324200,0.0,0.0,0.0
2016-01-15 00:00:00-05:00,21.671130477434524,21.72051354840989,21.465365850201056,21.62997817993164,235100,0.0,0.0,0.0
2016-01-19 00:00:00-05:00,21.827513353859253,21.868665653851103,21.62997948815107,21.712284088134766,103100,0.0,0.0,0.0
2016-01-20 00:00:00-05:00,21.440673828125,21.5888246129721,21.09498918676828,21.440673828125,86000,0.0,0.0,0.0
2016-01-21 00:00:00-05:00,21.350140391994753,21.70405583899137,21.218451142395036,21.597057342529297,166500,0.0,0.0,0.0
2016-01-22 00:00:00-05:00,21.983895983990436,22.06620216369629,21.89336059918782,22.06620216369629,43200,0.0,0.0,0.0
2016-01-25 00:00:00-05:00,21.975664097109515,21.975664097109515,21.802820983834025,21.81928253173828,70900,0.0,0.0,0.0
2016-01-26 00:00:00-05:00,21.909815565727953,22.148501688309704,21.89335402076112,22.107349395751953,149700,0.0,0.0,0.0
2016-01-27 00:00:00-05:00,22.082664407725776,22.31312140417408,21.942744368785707,22.033281326293945,111100,0.0,0.0,0.0
2016-01-28 00:00:00-05:00,22.280194457745544,22.29665600533484,22.090891370047405,22.26373291015625,92900,0.0,0.0,0.0
2016-01-29 00:00:00-05:00,22.411882759408492,22.650570479870577,22.346038141670594,22.6423397064209,131800,0.0,0.0,0.0
2016-02-01 00:00:00-05:00,22.52711456422914,22.749339193051835,22.52711456422914,22.683494567871094,45700,0.0,0.0,0.0
2016-02-02 00:00:00-05:00,22.560031511230687,22.560031511230687,22.26372997314949,22.329574584960938,152900,0.0,0.0,0.0
2016-02-03 00:00:00-05:00,22.58472672915718,22.70818519592285,22.313117474328862,22.70818519592285,62300,0.0,0.0,0.0
2016-02-04 00:00:00-05:00,22.724644929451294,22.823411067035963,22.642338768224437,22.757566452026367,41200,0.0,0.0,0.0
2016-02-05 00:00:00-05:00,22.716415615922806,22.716415615922806,22.41188327077439,22.47772789001465,20800,0.0,0.0,0.0
2016-02-08 00:00:00-05:00,22.26373491258684,22.26373491258684,22.025048730512644,22.08266258239746,48400,0.0,0.0,0.0
2016-02-09 00:00:00-05:00,21.959201994437297,22.148505080974964,21.876895826854962,22.057968139648438,39200,0.0,0.0,0.0
2016-02-10 00:00:00-05:00,22.189659211283395,22.288426934506006,22.008586883544922,22.008586883544922,36600,0.0,0.0,0.0
2016-02-11 00:00:00-05:00,21.868667602539062,21.92628145560539,21.704056818043803,21.868667602539062,69200,0.0,0.0,0.0
2016-02-12 00:00:00-05:00,21.909816124036936,22.132040707314612,21.753434582585747,22.099119186401367,36000,0.0,0.0,0.0
2016-02-16 00:00:00-05:00,22.42834235274668,22.592954667683067,22.27196081054305,22.4859561920166,38200,0.0,0.0,0.0
2016-02-17 00:00:00-05:00,22.60118898647178,22.872799838555387,22.568267457948142,22.831645965576172,47700,0.0,0.0,0.0
2016-02-18 00:00:00-05:00,22.85633390626439,22.92217852054455,22.69995235865173,22.839872360229492,868600,0.0,0.0,0.0
2016-02-19 00:00:00-05:00,22.691724814413327,22.946872534821182,22.6670340617072,22.848106384277344,288700,0.0,0.0,0.0
2016-02-22 00:00:00-05:00,23.02094723312116,23.218481098066036,23.02094723312116,23.144407272338867,41300,0.0,0.0,0.0
2016-02-23 00:00:00-05:00,22.963335006326346,22.996258104404244,22.782262676477078,22.80695343017578,184800,0.0,0.0,0.0
2016-02-24 00:00:00-05:00,22.568267248549915,22.90572115454975,22.469499524175944,22.80695343017578,43800,0.0,0.0,0.0
2016-02-25 00:00:00-05:00,22.88103013750689,23.07856559753418,22.831647057429972,23.07856559753418,22800,0.0,0.0,0.0
2016-02-26 00:00:00-05:00,23.18555940507834,23.18555940507834,22.905719372624944,23.01271629333496,51400,0.0,0.0,0.0
2016-02-29 00:00:00-05:00,22.955099669367943,23.078559692762045,22.913947374809513,22.946868896484375,36900,0.0,0.0,0.0
2016-03-01 00:00:00-05:00,23.160865023465906,23.40778350830078,23.144405047031146,23.40778350830078,117700,0.0,0.0,0.0
2016-03-02 00:00:00-05:00,23.276096646842337,23.383093568926597,23.160867380913576,23.35017204284668,121000,0.0,0.0,0.0
2016-03-03 00:00:00-05:00,23.42424789541208,23.580629474934145,23.374864817090288,23.555938720703125,71200,0.0,0.0,0.0
2016-03-04 00:00:00-05:00,23.646474483689587,23.794625290902033,23.52301600096581,23.679397583007812,33600,0.0,0.0,0.0
2016-03-07 00:00:00-05:00,23.712319112466254,23.761703761443588,23.49009447150737,23.679397583007812,61600,0.0,0.0,0.0
2016-03-08 00:00:00-05:00,23.564165024145684,23.671163512171503,23.506551178220807,23.514781951904297,122100,0.0,0.0,0.0
2016-03-09 00:00:00-05:00,23.69585371903,23.860464468434234,23.671161400182626,23.753467559814453,38300,0.0,0.0,0.0
2016-03-10 00:00:00-05:00,23.83577467634972,23.868697771636302,23.53947466806841,23.638240814208984,139400,0.0,0.0,0.0
2016-03-11 00:00:00-05:00,23.942773085199974,24.156768494260294,23.934542311406165,24.082693099975586,42400,0.0,0.0,0.0
2016-03-14 00:00:00-04:00,24.041536331176758,24.115611716526683,23.97569171862787,24.041536331176758,54800,0.0,0.0,0.0
2016-03-15 00:00:00-04:00,23.901628002972352,23.95924186706543,23.802860257484173,23.95924186706543,264300,0.0,0.0,0.0
2016-03-16 00:00:00-04:00,23.876928807702978,24.32137960993623,23.86869803379093,24.31315040588379,99100,0.0,0.0,0.0
2016-03-17 00:00:00-04:00,24.4036868591883,24.642374603622006,24.35430378339017,24.634143829345703,180000,0.0,0.0,0.0
2016-03-18 00:00:00-04:00,24.710023166983177,24.710023166983177,24.5120792388916,24.5120792388916,65700,0.062,0.0,0.0
2016-03-21 00:00:00-04:00,24.46258745789458,24.611045759663398,24.421349739900172,24.520320892333984,62100,0.0,0.0,0.0
2016-03-22 00:00:00-04:00,24.347119069764585,24.479081646853984,24.272889923512043,24.45433807373047,71300,0.0,0.0,0.0
2016-03-23 00:00:00-04:00,24.37186125975873,24.37186125975873,24.165669534809442,24.239898681640625,49800,0.0,0.0,0.0
2016-03-24 00:00:00-04:00,24.066700662797295,24.182167536286176,24.008967226052853,24.173919677734375,65000,0.0,0.0,0.0
2016-03-28 00:00:00-04:00,24.421350814731266,24.437844958784105,24.165671917935104,24.231653213500977,59200,0.0,0.0,0.0
2016-03-29 00:00:00-04:00,24.31413102153571,24.569809926694948,24.215159861508713,24.553314208984375,74600,0.0,0.0,0.0
2016-03-30 00:00:00-04:00,24.734765611392483,24.891471803850695,24.677032164991676,24.80074691772461,19200,0.0,0.0,0.0
2016-03-31 00:00:00-04:00,24.776000902943327,24.883219918468402,24.65228459710601,24.68527603149414,86100,0.0,0.0,0.0
2016-04-01 00:00:00-04:00,24.322380410783353,24.61104919640889,24.289390546404668,24.586305618286133,37700,0.0,0.0,0.0
2016-04-04 00:00:00-04:00,24.652288743394994,24.652288743394994,24.495584123049614,24.528573989868164,34700,0.0,0.0,0.0
2016-04-05 00:00:00-04:00,24.330626764354257,24.330626764354257,24.099691435522573,24.223407745361328,36000,0.0,0.0,0.0
2016-04-06 00:00:00-04:00,24.33887558427139,24.51207590789553,24.23165498792648,24.503828048706055,27600,0.0,0.0,0.0
2016-04-07 00:00:00-04:00,24.380116215388654,24.380116215388654,24.173924430410118,24.190420150756836,63500,0.0,0.0,0.0
2016-04-08 00:00:00-04:00,24.52032058618994,24.561559876787562,24.289386851315594,24.34712028503418,492600,0.0,0.0,0.0
2016-04-11 00:00:00-04:00,24.578060548255458,24.62754771011723,24.495585091389515,24.5120792388916,26600,0.0,0.0,0.0
2016-04-12 00:00:00-04:00,24.627546459450652,24.8502323840459,24.528573713871772,24.776004791259766,1553200,0.0,0.0,0.0
2016-04-13 00:00:00-04:00,24.89146898842406,24.916210992301068,24.80074411255969,24.9079647064209,46600,0.0,0.0,0.0
2016-04-14 00:00:00-04:00,24.89971914771889,24.907967007479268,24.77600439755003,24.84198570251465,54600,0.0,0.0,0.0
2016-04-15 00:00:00-04:00,24.80899151610263,24.916210534877205,24.75125807729184,24.883220672607422,70000,0.0,0.0,0.0
2016-04-18 00:00:00-04:00,24.883223757758483,25.12240540150362,24.883223757758483,25.105911254882812,36300,0.0,0.0,0.0
2016-04-19 00:00:00-04:00,25.328597143599413,25.419322028920348,25.25436955111314,25.4028263092041,100700,0.0,0.0,0.0
2016-04-20 00:00:00-04:00,25.336846820336564,25.444067433062422,25.26261764940898,25.345094680786133,70200,0.0,0.0,0.0
2016-04-21 00:00:00-04:00,25.254365187374002,25.312098623286598,24.990438436873614,25.02342987060547,51300,0.0,0.0,0.0
2016-04-22 00:00:00-04:00,25.13889664188392,25.13889664188392,24.907962899157184,24.965696334838867,63300,0.0,0.0,0.0
2016-04-25 00:00:00-04:00,25.09766239285419,25.09766239285419,24.94920406736597,24.998689651489258,52400,0.0,0.0,0.0
2016-04-26 00:00:00-04:00,25.279108362422775,25.279108362422775,25.08941232901778,25.12240219116211,92900,0.0,0.0,0.0
2016-04-27 00:00:00-04:00,25.1224012251417,25.254365387999314,24.98219235002192,25.138896942138672,66400,0.0,0.0,0.0
2016-04-28 00:00:00-04:00,25.15539829842674,25.262617336706906,25.07292126807049,25.08116912841797,92500,0.0,0.0,0.0
2016-04-29 00:00:00-04:00,25.147149011378502,25.155396871258045,24.957452953504323,25.072919845581055,91900,0.0,0.0,0.0
2016-05-02 00:00:00-04:00,25.287357692432792,25.287357692432792,25.105909507286952,25.25436782836914,145200,0.0,0.0,0.0
2016-05-03 00:00:00-04:00,25.0894130083897,25.0894130083897,24.89971696984811,24.932706832885742,60900,0.0,0.0,0.0
2016-05-04 00:00:00-04:00,24.850229042662072,24.8584769014445,24.70177230393301,24.76775360107422,90900,0.0,0.0,0.0
2016-05-05 00:00:00-04:00,24.808994111380297,24.817241971090112,24.660535782840437,24.693527221679688,42100,0.0,0.0,0.0
2016-05-06 00:00:00-04:00,24.635793414396332,24.726516723632812,24.602801976042436,24.726516723632812,83800,0.0,0.0,0.0
2016-05-09 00:00:00-04:00,24.784252533179185,24.800748253930575,24.6522899134051,24.751262664794922,115600,0.0,0.0,0.0
2016-05-10 00:00:00-04:00,24.874971465557287,24.965696334838867,24.767752452593893,24.965696334838867,563800,0.0,0.0,0.0
2016-05-11 00:00:00-04:00,24.92445839372421,25.006935409076004,24.84198295149064,24.883220672607422,117600,0.0,0.0,0.0
2016-05-12 00:00:00-04:00,25.048174703311012,25.048174703311012,24.75125807729184,24.883220672607422,55600,0.0,0.0,0.0
2016-05-13 00:00:00-04:00,24.75950700408366,24.825488304587402,24.578057247859647,24.627544403076172,60800,0.0,0.0,0.0
2016-05-16 00:00:00-04:00,24.718272359511577,24.87497856761603,24.718272359511577,24.850234985351562,204600,0.0,0.0,0.0
2016-05-17 00:00:00-04:00,24.891470769165554,24.891470769165554,24.677031139220333,24.726516723632812,63700,0.0,0.0,0.0
2016-05-18 00:00:00-04:00,24.677031411191578,24.866727464462063,24.586306527836832,24.635793685913086,38200,0.0,0.0,0.0
2016-05-19 00:00:00-04:00,24.5120792388916,24.520327099201896,24.347126752041206,24.5120792388916,216100,0.0,0.0,0.0
2016-05-20 00:00:00-04:00,24.68527796651527,24.701773685002397,24.6110488064415,24.652286529541016,46200,0.0,0.0,0.0
2016-05-23 00:00:00-04:00,24.60280418395996,24.6522897728134,24.520327153791893,24.60280418395996,108200,0.0,0.0,0.0
2016-05-24 00:00:00-04:00,24.751263802530868,24.8997221498805,24.7265202202664,24.850234985351562,45000,0.0,0.0,0.0
2016-05-25 00:00:00-04:00,24.973947041172167,25.015184764756494,24.874974302204137,24.982194900512695,30600,0.0,0.0,0.0
2016-05-26 00:00:00-04:00,25.09766057462096,25.138898296216453,24.97394583671624,25.056421279907227,61600,0.0,0.0,0.0
2016-05-27 00:00:00-04:00,24.97394903674969,25.138901517386067,24.97394903674969,25.03993034362793,35400,0.0,0.0,0.0
2016-05-31 00:00:00-04:00,25.14714977575275,25.204883223545988,24.899720264319324,24.973949432373047,35200,0.0,0.0,0.0
2016-06-01 00:00:00-04:00,24.940957991852073,24.98219729250329,24.792499655744628,24.973949432373047,158300,0.0,0.0,0.0
2016-06-02 00:00:00-04:00,24.825492060424434,24.965702541847055,24.825492060424434,24.957454681396484,55500,0.0,0.0,0.0
2016-06-03 00:00:00-04:00,25.237871170043945,25.32034818680949,25.130650576313258,25.237871170043945,52400,0.0,0.0,0.0
2016-06-06 00:00:00-04:00,25.419321152050408,25.501798174668075,25.378083427300755,25.477054595947266,92700,0.0,0.0,0.0
2016-06-07 00:00:00-04:00,25.56778238566638,25.625515836128596,25.510048935204164,25.584278106689453,58800,0.0,0.0,0.0
2016-06-08 00:00:00-04:00,25.65025474646212,25.72448390442944,25.55952987047578,25.625511169433594,59900,0.0,0.0,0.0
2016-06-09 00:00:00-04:00,25.36158710555744,25.460559844970703,25.22962450175197,25.460559844970703,36000,0.0,0.0,0.0
2016-06-10 00:00:00-04:00,25.105911502159774,25.105911502159774,24.8419862762063,24.89147186279297,58200,0.0,0.0,0.0
2016-06-13 00:00:00-04:00,24.751260696176157,24.850231866575683,24.652287952658238,24.66053581237793,40300,0.0,0.0,0.0
2016-06-14 00:00:00-04:00,24.48733320151601,24.536818782116075,24.347122745550614,24.42959976196289,77400,0.0,0.0,0.0
2016-06-15 00:00:00-04:00,24.520323064209972,24.56156235897523,24.404856185103732,24.42959976196289,70800,0.0,0.0,0.0
2016-06-16 00:00:00-04:00,24.239902247520487,24.50382744258216,24.074949787166066,24.487333297729492,51800,0.0,0.0,0.0
2016-06-17 00:00:00-04:00,24.6908718416878,24.6908718416878,24.39891865074052,24.65750503540039,58500,0.334,0.0,0.0
2016-06-20 00:00:00-04:00,25.40823989944189,25.40823989944189,25.099604905796813,25.157995223999023,63400,0.0,0.0,0.0
2016-06-21 00:00:00-04:00,25.24975342659383,25.316485448965047,25.13297119418152,25.199703216552734,54200,0.0,0.0,0.0
2016-06-22 00:00:00-04:00,25.27477242600244,25.34984613663746,25.19969871536742,25.22472381591797,50000,0.0,0.0,0.0
2016-06-23 00:00:00-04:00,25.60009488346984,25.633460096464322,25.33316681544682,25.608436584472656,108100,0.0,0.0,0.0
2016-06-24 00:00:00-04:00,24.065251079620566,24.473984783779862,24.040225982666016,24.040225982666016,157200,0.0,0.0,0.0
2016-06-27 00:00:00-04:00,23.648174329718827,23.731589723800454,23.364562944451094,23.50636863708496,235100,0.0,0.0,0.0
2016-06-28 00:00:00-04:00,24.08193656763231,24.11530177545104,23.8233486497086,24.05691146850586,159300,0.0,0.0,0.0
2016-06-29 00:00:00-04:00,24.47399199064065,24.607456031666644,24.39891826868642,24.59077262878418,82900,0.0,0.0,0.0
2016-06-30 00:00:00-04:00,24.699210432213693,24.932771682739258,24.62413671853999,24.932771682739258,98000,0.0,0.0,0.0
2016-07-01 00:00:00-04:00,25.032869379046492,25.124626489661104,24.966137368876762,25.066234588623047,174400,0.0,0.0,0.0
2016-07-05 00:00:00-04:00,24.932773911863844,25.132969969220092,24.615797218803994,24.63248062133789,114200,0.0,0.0,0.0
2016-07-06 00:00:00-04:00,24.57408806140775,24.724235498201164,24.407258813539237,24.69087028503418,634700,0.0,0.0,0.0
2016-07-07 00:00:00-04:00,24.866041233948632,24.949456653391284,24.59077146349964,24.69087028503418,123400,0.0,0.0,0.0
2016-07-08 00:00:00-04:00,25.049554038645706,25.049554038645706,24.740917481709396,24.91609001159668,58000,0.0,0.0,0.0
2016-07-11 00:00:00-04:00,25.091258823915677,25.12462562335836,25.007843416325542,25.074575424194336,36700,0.0,0.0,0.0
2016-07-12 00:00:00-04:00,25.3665236950754,25.433255690158475,25.191352804613423,25.333158493041992,126200,0.0,0.0,0.0
2016-07-13 00:00:00-04:00,25.374865393337817,25.50832938350397,25.266426497958918,25.333158493041992,52100,0.0,0.0,0.0
2016-07-14 00:00:00-04:00,25.65014397646727,25.65014397646727,25.391557604628243,25.533363342285156,141100,0.0,0.0,0.0
2016-07-15 00:00:00-04:00,25.499990013261687,25.516673411309633,25.299794009735574,25.399892807006836,99800,0.0,0.0,0.0
2016-07-18 00:00:00-04:00,25.408233319525614,25.533357215860825,25.366526414758166,25.466625213623047,85200,0.0,0.0,0.0
2016-07-19 00:00:00-04:00,25.341505189362632,25.341505189362632,25.26643306751381,25.3248233795166,61800,0.0,0.0,0.0
2016-07-20 00:00:00-04:00,25.433264343804012,25.550044977179837,25.40823924050199,25.516679763793945,55200,0.0,0.0,0.0
2016-07-21 00:00:00-04:00,25.499998751114557,25.533365558643947,25.39990151056029,25.441608428955078,194100,0.0,0.0,0.0
2016-07-22 00:00:00-04:00,25.51667468311345,25.51667468311345,25.374868974670846,25.458284378051758,70200,0.0,0.0,0.0
2016-07-25 00:00:00-04:00,25.399893714120154,25.449942319034978,25.374868616154508,25.424917221069336,36900,0.0,0.0,0.0
2016-07-26 00:00:00-04:00,25.55838394165039,25.616774252086238,25.466628421401186,25.55838394165039,96500,0.0,0.0,0.0
2016-07-27 00:00:00-04:00,25.608434142895373,25.608434142895373,25.399896410757844,25.55838394165039,74300,0.0,0.0,0.0
2016-07-28 00:00:00-04:00,25.633460096464322,25.633460096464322,25.491654361449996,25.608436584472656,58900,0.0,0.0,0.0
2016-07-29 00:00:00-04:00,25.69184777857372,25.82531179890268,25.62511576840924,25.808629989624023,65700,0.0,0.0,0.0
2016-08-01 00:00:00-04:00,25.775260297484632,25.78360199669647,25.650137991339918,25.658479690551758,42000,0.0,0.0,0.0
2016-08-02 00:00:00-04:00,25.741900141581336,25.750241842429613,25.56672760580104,25.683509826660156,62800,0.0,0.0,0.0
2016-08-03 00:00:00-04:00,25.51667526427,25.558382171402112,25.483308465751094,25.54170036315918,70700,0.0,0.0,0.0
2016-08-04 00:00:00-04:00,25.583406448364258,25.6417967528799,25.53335784321035,25.583406448364258,38600,0.0,0.0,0.0
2016-08-05 00:00:00-04:00,25.608430726396545,25.63345423266394,25.550038832734305,25.625112533569336,37800,0.0,0.0,0.0
2016-08-08 00:00:00-04:00,25.650138675357837,25.70852898038138,25.558381572597135,25.633455276489258,77800,0.0,0.0,0.0
2016-08-09 00:00:00-04:00,25.675161407682072,25.78360030830217,25.675161407682072,25.708526611328125,50500,0.0,0.0,0.0
2016-08-10 00:00:00-04:00,25.85867755436098,25.900384462396875,25.77526214727263,25.8002872467041,48700,0.0,0.0,0.0
2016-08-11 00:00:00-04:00,25.875360530845605,25.94209253722171,25.816970224143578,25.90872573852539,69100,0.0,0.0,0.0
2016-08-12 00:00:00-04:00,25.958776582272975,25.958776582272975,25.816970866319384,25.8503360748291,72800,0.0,0.0,0.0
2016-08-15 00:00:00-04:00,25.98380084790951,26.00048424815871,25.93375223817854,25.950435638427734,55400,0.0,0.0,0.0
2016-08-16 00:00:00-04:00,26.025507942945975,26.025507942945975,25.875360530845605,25.90872573852539,136800,0.0,0.0,0.0
2016-08-17 00:00:00-04:00,25.883705000186083,25.958778714269474,25.708532470319266,25.900386810302734,67400,0.0,0.0,0.0
2016-08-18 00:00:00-04:00,25.98380002377279,25.992141723632812,25.88370280748566,25.992141723632812,62400,0.0,0.0,0.0
2016-08-19 00:00:00-04:00,25.816970866319384,25.867019474592247,25.658481750602643,25.8503360748291,64600,0.0,0.0,0.0
2016-08-22 00:00:00-04:00,25.8002872467041,25.833652454929506,25.67516493157986,25.8002872467041,94700,0.0,0.0,0.0
2016-08-23 00:00:00-04:00,26.06721521031401,26.083898609892586,25.917067796139953,25.942092895507812,100100,0.0,0.0,0.0
2016-08-24 00:00:00-04:00,26.00048471833863,26.00048471833863,25.850337295413897,25.875362396240234,135700,0.0,0.0,0.0
2016-08-25 00:00:00-04:00,25.91707021143609,25.950437013702796,25.875363299619405,25.900386810302734,120500,0.0,0.0,0.0
2016-08-26 00:00:00-04:00,25.99214273282421,26.15063185428512,25.6251158798156,25.7001895904541,76600,0.0,0.0,0.0
2016-08-29 00:00:00-04:00,25.650143060427812,25.766923690439356,25.64180135956745,25.716875076293945,55300,0.0,0.0,0.0
2016-08-30 00:00:00-04:00,25.741894729877394,25.741894729877394,25.58340562911273,25.625112533569336,94400,0.0,0.0,0.0
2016-08-31 00:00:00-04:00,25.583411781582534,25.60009518378388,25.46663114820671,25.516679763793945,67700,0.0,0.0,0.0
2016-09-01 00:00:00-04:00,25.650143060427812,25.716875076293945,25.58341104456168,25.716875076293945,93200,0.0,0.0,0.0
2016-09-02 00:00:00-04:00,25.91706679643305,25.992140500624238,25.883701589579463,25.96711540222168,58400,0.0,0.0,0.0
2016-09-06 00:00:00-04:00,26.025510923466598,26.23404866615137,26.0171692228372,26.217365264892578,120500,0.0,0.0,0.0
2016-09-07 00:00:00-04:00,26.234049140270024,26.242389250033433,26.0922434090409,26.142292022705078,76600,0.0,0.0,0.0
2016-09-08 00:00:00-04:00,26.125607184402178,26.18399749563541,26.05053347252612,26.067216873168945,70900,0.0,0.0,0.0
2016-09-09 00:00:00-04:00,25.750237718989826,25.758577827485826,25.466626299630743,25.508333206176758,77200,0.0,0.0,0.0
2016-09-12 00:00:00-04:00,25.324820132216516,25.633455053518166,25.274769936046138,25.583406448364258,170400,0.0,0.0,0.0
2016-09-13 00:00:00-04:00,25.26643644365538,25.274776554184477,24.982824955159476,25.132970809936523,104700,0.0,0.0,0.0
2016-09-14 00:00:00-04:00,25.132964180848973,25.249746380673308,25.08291557579081,25.107940673828125,59100,0.0,0.0,0.0
2016-09-15 00:00:00-04:00,25.17467702702019,25.424921686562374,25.13296852308533,25.366531372070312,54600,0.0,0.0,0.0
2016-09-16 00:00:00-04:00,25.29093696219355,25.358133009567073,25.089348820072964,25.131345748901367,215200,0.21,0.0,0.0
2016-09-19 00:00:00-04:00,25.36653147616529,25.408528402941432,25.24893719744798,25.3077335357666,144400,0.0,0.0,0.0
2016-09-20 00:00:00-04:00,25.47572749770313,25.49252691125731,25.374932618458296,25.41693115234375,56500,0.0,0.0,0.0
2016-09-21 00:00:00-04:00,25.517720922524813,25.702511242063963,25.374929131099123,25.643714904785156,88000,0.0,0.0,0.0
2016-09-22 00:00:00-04:00,25.870497928067515,25.95449337370719,25.794902187199796,25.83690071105957,130600,0.0,0.0,0.0
2016-09-23 00:00:00-04:00,25.736109189892804,25.79490552883346,25.660513439231938,25.67731285095215,207300,0.0,0.0,0.0
2016-09-26 00:00:00-04:00,25.626913733297048,25.626913733297048,25.534518579873843,25.57651710510254,105900,0.0,0.0,0.0
2016-09-27 00:00:00-04:00,25.559717760199618,25.710909247248676,25.509321131876575,25.660511016845703,112100,0.0,0.0,0.0
2016-09-28 00:00:00-04:00,25.769706834584117,25.870500096134766,25.58491651827458,25.84530258178711,113100,0.0,0.0,0.0
2016-09-29 00:00:00-04:00,25.820103026609782,25.836902437276095,25.484122823683432,25.542919158935547,79100,0.0,0.0,0.0
2016-09-30 00:00:00-04:00,25.761306504588664,25.828502544686764,25.65211354020924,25.752906799316406,101000,0.0,0.0,0.0
2016-10-03 00:00:00-04:00,25.778106322330757,25.778106322330757,25.61851512379684,25.694110870361328,259700,0.0,0.0,0.0
2016-10-04 00:00:00-04:00,25.677310573582975,25.744506612423994,25.47572245705992,25.59331512451172,715300,0.0,0.0,0.0
2016-10-05 00:00:00-04:00,25.551315307617188,25.551315307617188,25.475719572221415,25.551315307617188,120500,0.0,0.0,0.0
2016-10-06 00:00:00-04:00,25.366531372070312,25.408528298674117,25.257336799572336,25.366531372070312,102200,0.0,0.0,0.0
2016-10-07 00:00:00-04:00,25.290936703276536,25.290936703276536,24.954954867768386,25.12294578552246,66300,0.0,0.0,0.0
2016-10-10 00:00:00-04:00,25.181741095264123,25.265736550702695,25.164941683760397,25.223739624023438,41200,0.0,0.0,0.0
2016-10-11 00:00:00-04:00,25.131346375763947,25.131346375763947,24.786966424124575,24.86256217956543,84400,0.0,0.0,0.0
2016-10-12 00:00:00-04:00,24.83736228942871,24.896158630262047,24.76176653633438,24.83736228942871,136100,0.0,0.0,0.0
2016-10-13 00:00:00-04:00,24.736566103457804,25.005350259622137,24.66937006441672,24.938154220581055,417800,0.0,0.0,0.0
2016-10-14 00:00:00-04:00,25.089342607395615,25.10614041351938,24.95494894384727,24.97174835205078,168500,0.0,0.0,0.0
2016-10-17 00:00:00-04:00,24.912958815832607,24.912958815832607,24.795366130515802,24.86256217956543,129500,0.0,0.0,0.0
2016-10-18 00:00:00-04:00,25.148145832492247,25.148145832492247,25.030551544889768,25.080949783325195,91000,0.0,0.0,0.0
2016-10-19 00:00:00-04:00,25.148143510562,25.17334102537304,25.072547761968806,25.13974380493164,64400,0.0,0.0,0.0
2016-10-20 00:00:00-04:00,25.047346777480545,25.055746482484597,24.92135440657956,24.996950149536133,85100,0.0,0.0,0.0
2016-10-21 00:00:00-04:00,24.82895712219574,24.85415623504471,24.72816387495942,24.84575653076172,49500,0.0,0.0,0.0
2016-10-24 00:00:00-04:00,24.946551380077814,24.946551380077814,24.78696020286057,24.84575653076172,116700,0.0,0.0,0.0
2016-10-25 00:00:00-04:00,24.879358651090413,24.879358651090413,24.786963493790132,24.828960418701172,139000,0.0,0.0,0.0
2016-10-26 00:00:00-04:00,24.778565588362053,24.81216441239557,24.694570130358365,24.753366470336914,83800,0.0,0.0,0.0
2016-10-27 00:00:00-04:00,24.803764391383652,24.803764391383652,24.627373771608024,24.660972595214844,80000,0.0,0.0,0.0
2016-10-28 00:00:00-04:00,24.627372273002862,24.65257138917458,24.551776526567696,24.602174758911133,71900,0.0,0.0,0.0
2016-10-31 00:00:00-04:00,24.644171488059918,24.71136752857084,24.593774858196724,24.67776870727539,142100,0.0,0.0,0.0
2016-11-01 00:00:00-04:00,24.770166708885014,24.770166708885014,24.534979739042985,24.635774612426758,290100,0.0,0.0,0.0
2016-11-02 00:00:00-04:00,24.660972125341633,24.660972125341633,24.48458150892683,24.501380920410156,83000,0.0,0.0,0.0
2016-11-03 00:00:00-04:00,24.5853762689354,24.5853762689354,24.425785064697266,24.425785064697266,67900,0.0,0.0,0.0
2016-11-04 00:00:00-04:00,24.358589429896064,24.43418518043111,24.24939645805659,24.366989135742188,52800,0.0,0.0,0.0
2016-11-07 00:00:00-05:00,24.526580400520444,24.593776445367894,24.484581871190738,24.585376739501953,92000,0.0,0.0,0.0
2016-11-08 00:00:00-05:00,24.534974298301716,24.69456547823589,24.534974298301716,24.644168853759766,236100,0.0,0.0,0.0
2016-11-09 00:00:00-05:00,24.45938223614173,24.56017549363861,24.299791042678404,24.43418312072754,442900,0.0,0.0,0.0
2016-11-10 00:00:00-05:00,24.156998845551904,24.156998845551904,23.91341220696183,23.9890079498291,227600,0.0,0.0,0.0
2016-11-11 00:00:00-05:00,23.72862393886894,23.821019093420382,23.644628489465802,23.78742027282715,221200,0.0,0.0,0.0
2016-11-14 00:00:00-05:00,23.63622963356151,23.63622963356151,23.476640036249474,23.527036666870117,157300,0.0,0.0,0.0
2016-11-15 00:00:00-05:00,23.58583204464176,23.711824417114258,23.552234826286394,23.711824417114258,308300,0.0,0.0,0.0
2016-11-16 00:00:00-05:00,23.543836443397527,23.644629706204096,23.543836443397527,23.611032485961914,195900,0.0,0.0,0.0
2016-11-17 00:00:00-05:00,23.737023014985024,23.76222212976217,23.636228157956342,23.695024490356445,77500,0.0,0.0,0.0
2016-11-18 00:00:00-05:00,23.686628234106855,23.686628234106855,23.57743366363971,23.611032485961914,122000,0.0,0.0,0.0
2016-11-21 00:00:00-05:00,23.70342435516246,23.762222290039062,23.669827137312886,23.762222290039062,89600,0.0,0.0,0.0
2016-11-22 00:00:00-05:00,23.804219212871008,23.804219212871008,23.720223765127205,23.762222290039062,110400,0.0,0.0,0.0
2016-11-23 00:00:00-05:00,23.67822684229526,23.779020097923894,23.67822684229526,23.762222290039062,67500,0.0,0.0,0.0
2016-11-25 00:00:00-05:00,23.93861198425293,23.93861198425293,23.905013163346826,23.93861198425293,40600,0.0,0.0,0.0
2016-11-28 00:00:00-05:00,23.92180963177565,23.997405367437278,23.905010223388672,23.905010223388672,153100,0.0,0.0,0.0
2016-11-29 00:00:00-05:00,23.913414214463746,24.09820453568773,23.913414214463746,24.064605712890625,68000,0.0,0.0,0.0
2016-11-30 00:00:00-05:00,24.08980498175071,24.123402202679426,23.938613482371345,23.99740982055664,63400,0.0,0.0,0.0
2016-12-01 00:00:00-05:00,23.938616214891837,23.938616214891837,23.821023525098397,23.879819869995117,93600,0.0,0.0,0.0
2016-12-02 00:00:00-05:00,23.87981806575231,23.99741074666102,23.87981806575231,23.955413818359375,48600,0.0,0.0,0.0
2016-12-05 00:00:00-05:00,24.022607397883554,24.14020006671606,24.005807987456063,24.081403732299805,117200,0.0,0.0,0.0
2016-12-06 00:00:00-05:00,24.11500080398375,24.173798740121317,24.07300388025115,24.14859962463379,96900,0.0,0.0,0.0
2016-12-07 00:00:00-05:00,24.19899822297984,24.38378854743444,24.157001295829293,24.366989135742188,84600,0.0,0.0,0.0
2016-12-08 00:00:00-05:00,24.341786820984723,24.341786820984723,24.19899504451601,24.324987411499023,128300,0.0,0.0,0.0
2016-12-09 00:00:00-05:00,24.37538375730581,24.459379196166992,24.350184645023532,24.459379196166992,130100,0.0,0.0,0.0
2016-12-12 00:00:00-05:00,24.375383636401672,24.4509793707938,24.358584228296813,24.3837833404541,121200,0.0,0.0,0.0
2016-12-13 00:00:00-05:00,24.61057116615998,24.711366021820485,24.576973948993064,24.61897087097168,426700,0.0,0.0,0.0
2016-12-14 00:00:00-05:00,24.618971749843006,24.644170865177685,24.207395811856212,24.215795516967773,127600,0.0,0.0,0.0
2016-12-15 00:00:00-05:00,24.106605684989308,24.115003789111448,24.039409637451172,24.039409637451172,185300,0.0,0.0,0.0
2016-12-16 00:00:00-05:00,24.09927126041987,24.12492593437046,24.022303976274866,24.04796028137207,160800,0.51,0.0,0.0
2016-12-19 00:00:00-05:00,24.082163340833905,24.12492221158439,24.00519606856594,24.013748168945312,159700,0.0,0.0,0.0
2016-12-20 00:00:00-05:00,24.039405959256136,24.133475806963833,24.039405959256136,24.124923706054688,189900,0.0,0.0,0.0
2016-12-21 00:00:00-05:00,24.099270874877433,24.167686056228856,24.073614570190678,24.08216667175293,130600,0.0,0.0,0.0
2016-12-22 00:00:00-05:00,24.039405822753906,24.06506049418921,23.953886445294494,24.039405822753906,160100,0.0,0.0,0.0
2016-12-23 00:00:00-05:00,24.065062019080905,24.082166221885892,24.02230314321499,24.0736141204834,179800,0.0,0.0,0.0
2016-12-27 00:00:00-05:00,24.133474349975586,24.193339052725463,24.056507077586396,24.133474349975586,137900,0.0,0.0,0.0
2016-12-28 00:00:00-05:00,24.065059661865234,24.099268064124434,24.00519658905803,24.065059661865234,105800,0.0,0.0,0.0
2016-12-29 00:00:00-05:00,24.18478916744056,24.27030691690888,24.159132863912156,24.253204345703125,413800,0.0,0.0,0.0
2016-12-30 00:00:00-05:00,24.4156856821052,24.4156856821052,24.270303246390842,24.33871841430664,117300,0.0,0.0,0.0
2017-01-03 00:00:00-05:00,24.43278794474732,24.43278794474732,24.338716484641587,24.41568374633789,134900,0.0,0.0,0.0
2017-01-04 00:00:00-05:00,24.518312035170148,24.663694487401955,24.492655732606963,24.629486083984375,144300,0.0,0.0,0.0
2017-01-05 00:00:00-05:00,24.723560798238733,24.894599575420546,24.715008696264977,24.851839065551758,101200,0.0,0.0,0.0
2017-01-06 00:00:00-05:00,24.817628063311048,24.843282733717643,24.749212890316144,24.766315460205078,102100,0.0,0.0,0.0
2017-01-09 00:00:00-05:00,24.80907641416764,24.834732716187414,24.73210913925474,24.77486801147461,53000,0.0,0.0,0.0
2017-01-10 00:00:00-05:00,24.85183372251906,24.886042123059436,24.79197065271972,24.817626953125,1127500,0.0,0.0,0.0
2017-01-11 00:00:00-05:00,24.80052269189592,24.99721610108067,24.749211722357796,24.971561431884766,154900,0.0,0.0,0.0
2017-01-12 00:00:00-05:00,25.031430348282523,25.031430348282523,24.86894367045474,24.937358856201172,287900,0.0,0.0,0.0
2017-01-13 00:00:00-05:00,25.005771080126806,25.039979484521535,24.937355902483844,25.03142738342285,90200,0.0,0.0,0.0
2017-01-17 00:00:00-05:00,25.031424645841742,25.185359186489862,25.005768345351616,25.057079315185547,206500,0.0,0.0,0.0
2017-01-18 00:00:00-05:00,25.022879649798075,25.048535957572156,24.8603929628558,24.886049270629883,154500,0.0,0.0,0.0
2017-01-19 00:00:00-05:00,24.903153475812605,24.903153475812605,24.791977773271707,24.886049270629883,92100,0.0,0.0,0.0
2017-01-20 00:00:00-05:00,24.920253259847932,24.98866844177246,24.89459858609286,24.98866844177246,74300,0.0,0.0,0.0
2017-01-23 00:00:00-05:00,24.98011204486149,25.057079315185547,24.928801075027554,25.057079315185547,103900,0.0,0.0,0.0
2017-01-24 00:00:00-05:00,25.108394583681555,25.228120736395876,25.091290381537654,25.185361862182617,98200,0.0,0.0,0.0
2017-01-25 00:00:00-05:00,25.193910461330756,25.31363823630117,25.159703690729476,25.305086135864258,119000,0.0,0.0,0.0
2017-01-26 00:00:00-05:00,25.202466515230615,25.236674922344477,25.15115553570645,25.19391441345215,111000,0.0,0.0,0.0
2017-01-27 00:00:00-05:00,25.270880128945468,25.305088533934928,25.159706075022783,25.23667335510254,107500,0.0,0.0,0.0
2017-01-30 00:00:00-05:00,25.057081185843945,25.134048461914062,25.022874413783025,25.134048461914062,71900,0.0,0.0,0.0
2017-01-31 00:00:00-05:00,25.219566313180582,25.296533584594727,25.168255342619936,25.296533584594727,395300,0.0,0.0,0.0
2017-02-01 00:00:00-05:00,25.339296835789998,25.339296835789998,25.185363897494543,25.27088165283203,191800,0.0,0.0,0.0
2017-02-02 00:00:00-05:00,25.35639655192664,25.416259622527406,25.30508558157546,25.33074188232422,104200,0.0,0.0,0.0
2017-02-03 00:00:00-05:00,25.433365318681084,25.493228392802205,25.35639804305495,25.441917419433594,68500,0.0,0.0,0.0
2017-02-06 00:00:00-05:00,25.29653459065354,25.29653459065354,25.21101521555374,25.279430389404297,124400,0.0,0.0,0.0
2017-02-07 00:00:00-05:00,25.30508703692045,25.330743339144753,25.26232816435971,25.32219123840332,207200,0.0,0.0,0.0
2017-02-08 00:00:00-05:00,25.36495069848296,25.43336587485268,25.339294395664393,25.416261672973633,88900,0.0,0.0,0.0
2017-02-09 00:00:00-05:00,25.544544329713876,25.544544329713876,25.467577044047026,25.51033592224121,84700,0.0,0.0,0.0
2017-02-10 00:00:00-05:00,25.501784332029548,25.595855823320143,25.476129657056973,25.561647415161133,219600,0.0,0.0,0.0
2017-02-13 00:00:00-05:00,25.587302712054,25.60440691545887,25.535991732986,25.578750610351562,81900,0.0,0.0,0.0
2017-02-14 00:00:00-05:00,25.570200354181814,25.604408763460555,25.44192208168,25.535993576049805,55500,0.0,0.0,0.0
2017-02-15 00:00:00-05:00,25.45046807109554,25.64716148376465,25.45046807109554,25.64716148376465,71700,0.0,0.0,0.0
2017-02-16 00:00:00-05:00,25.65571729168695,25.689925697692892,25.612958415326105,25.681373596191406,66100,0.0,0.0,0.0
2017-02-17 00:00:00-05:00,25.67282200854931,25.74123719078399,25.67282200854931,25.732685089111328,38200,0.0,0.0,0.0
2017-02-21 00:00:00-05:00,25.689926211894633,25.732685089111328,25.64716570353133,25.732685089111328,113700,0.0,0.0,0.0
2017-02-22 00:00:00-05:00,25.707028739742935,25.818204430149116,25.672821964257913,25.80965232849121,64000,0.0,0.0,0.0
2017-02-23 00:00:00-05:00,25.920827243143755,25.920827243143755,25.869516262649647,25.903724670410156,61100,0.0,0.0,0.0
2017-02-24 00:00:00-05:00,25.783992767333984,25.818201169645533,25.74123389559095,25.783992767333984,112200,0.0,0.0,0.0
2017-02-27 00:00:00-05:00,25.79254486791187,25.878064242544347,25.73268179501306,25.783992767333984,124600,0.0,0.0,0.0
2017-02-28 00:00:00-05:00,25.775441047919763,25.843856222408178,25.707025873431352,25.749786376953125,160500,0.0,0.0,0.0
2017-03-01 00:00:00-05:00,25.783995017061226,25.869514399155513,25.664268860817153,25.82675552368164,158200,0.0,0.0,0.0
2017-03-02 00:00:00-05:00,25.664269886930533,25.698476662447984,25.612958908081055,25.612958908081055,72000,0.0,0.0,0.0
2017-03-03 00:00:00-05:00,25.64716525527966,25.724132537841797,25.578750074240716,25.724132537841797,86100,0.0,0.0,0.0
2017-03-06 00:00:00-05:00,25.698473808575667,25.698473808575667,25.630058633991815,25.672819137573242,68300,0.0,0.0,0.0
2017-03-07 00:00:00-05:00,25.664267036856955,25.681371238289525,25.60440396298939,25.672819137573242,41200,0.0,0.0,0.0
2017-03-08 00:00:00-05:00,25.638614187970415,25.638614187970415,25.51033592224121,25.51033592224121,66900,0.0,0.0,0.0
2017-03-09 00:00:00-05:00,25.57019507578993,25.578747176344226,25.501779902501955,25.544540405273438,98500,0.0,0.0,0.0
2017-03-10 00:00:00-05:00,25.681368951887066,25.715575720560363,25.638608452112592,25.70702362060547,101700,0.0,0.0,0.0
2017-03-13 00:00:00-04:00,25.766891820201675,25.818204430149116,25.749789248032467,25.80965232849121,71100,0.0,0.0,0.0
2017-03-14 00:00:00-04:00,25.681372245537933,25.681372245537933,25.630059639227696,25.655715942382812,96800,0.0,0.0,0.0
2017-03-15 00:00:00-04:00,25.68992477006649,26.057655334472656,25.68992477006649,26.057655334472656,60000,0.0,0.0,0.0
2017-03-16 00:00:00-04:00,26.160278877391107,26.168830978570632,26.091863699101435,26.13462257385254,99300,0.0,0.0,0.0
2017-03-17 00:00:00-04:00,26.189434051513672,26.249383443135606,26.129484659891737,26.189434051513672,109000,0.044,0.0,0.0
2017-03-20 00:00:00-04:00,26.18943312965021,26.206561993367377,26.11235487642132,26.13804817199707,58900,0.0,0.0,0.0
2017-03-21 00:00:00-04:00,26.292209802175044,26.309337035731545,26.026717263315923,26.043846130371094,156800,0.0,0.0,0.0
2017-03-22 00:00:00-04:00,25.966764973564317,26.12948592548992,25.94963610841457,26.09522819519043,57000,0.0,0.0,0.0
2017-03-23 00:00:00-04:00,26.095227802276213,26.2408198868599,26.06953613843692,26.172306060791016,62000,0.0,0.0,0.0
2017-03-24 00:00:00-04:00,26.240820368271986,26.27507809868415,26.189435406152235,26.232255935668945,49300,0.0,0.0,0.0
2017-03-27 00:00:00-04:00,26.20656007877412,26.343587711503805,26.20656007877412,26.309329986572266,191700,0.0,0.0,0.0
2017-03-28 00:00:00-04:00,26.36072202577758,26.420671423308008,26.317899860756867,26.352157592773438,97100,0.0,0.0,0.0
2017-03-29 00:00:00-04:00,26.326462273939136,26.40354053156424,26.283641745702276,26.386411666870117,86500,0.0,0.0,0.0
2017-03-30 00:00:00-04:00,26.377843967012595,26.472051077662073,26.31789458150774,26.34358787536621,106800,0.0,0.0,0.0
2017-03-31 00:00:00-04:00,26.31789517991348,26.412102292705004,26.31789517991348,26.369281768798828,70700,0.0,0.0,0.0
2017-04-03 00:00:00-04:00,26.33502813215159,26.33502813215159,26.18087160855484,26.32646369934082,270000,0.0,0.0,0.0
2017-04-04 00:00:00-04:00,26.257945196002886,26.36928116922468,26.24938076471673,26.34358787536621,73100,0.0,0.0,0.0
2017-04-05 00:00:00-04:00,26.343592564962353,26.4292352595715,26.300770400908515,26.32646369934082,84200,0.0,0.0,0.0
2017-04-06 00:00:00-04:00,26.377848820360132,26.403542118946,26.317899423824993,26.360721588134766,40100,0.0,0.0,0.0
2017-04-07 00:00:00-04:00,26.309329986572266,26.369281005202456,26.29220275760473,26.309329986572266,61500,0.0,0.0,0.0
2017-04-10 00:00:00-04:00,26.30077055810108,26.36928602099672,26.30077055810108,26.360721588134766,78800,0.0,0.0,0.0
2017-04-11 00:00:00-04:00,26.394976695221835,26.446361656966044,26.292206771733426,26.412105560302734,122600,0.0,0.0,0.0
2017-04-12 00:00:00-04:00,26.463491917251968,26.54057018068123,26.437800251774593,26.523441314697266,78900,0.0,0.0,0.0
2017-04-13 00:00:00-04:00,26.514879907158058,26.549137643034925,26.394981098586534,26.437803268432617,74800,0.0,0.0,0.0
2017-04-17 00:00:00-04:00,26.557697891716607,26.62621171917434,26.523440161238494,26.583391189575195,51900,0.0,0.0,0.0
2017-04-18 00:00:00-04:00,26.48918521622791,26.523441314697266,26.39497808681469,26.523441314697266,183200,0.0,0.0,0.0
2017-04-19 00:00:00-04:00,26.489185253842574,26.489185253842574,26.335028726765152,26.352157592773438,68500,0.0,0.0,0.0
2017-04-20 00:00:00-04:00,26.523441908578647,26.583392940864865,26.50631467570976,26.549135208129883,65100,0.0,0.0,0.0
2017-04-21 00:00:00-04:00,26.472054124449024,26.51487465230997,26.4463608276334,26.49774742126465,68800,0.0,0.0,0.0
2017-04-24 00:00:00-04:00,26.84031780518403,26.88313833505601,26.797497275312047,26.857446670532227,84700,0.0,0.0,0.0
2017-04-25 00:00:00-04:00,26.891701663709004,26.994473218080454,26.891701663709004,26.943086624145508,49600,0.0,0.0,0.0
2017-04-26 00:00:00-04:00,26.908831954945832,26.95165248533001,26.857446991785114,26.88313865661621,95200,0.0,0.0,0.0
2017-04-27 00:00:00-04:00,26.900267960002694,26.90883239291863,26.788933599092623,26.874574661254883,79400,0.0,0.0,0.0
2017-04-28 00:00:00-04:00,26.88313833505601,26.89170276773011,26.823188939835834,26.857446670532227,689300,0.0,0.0,0.0
2017-05-01 00:00:00-04:00,27.0458593314004,27.0458593314004,26.908831675396353,26.925960540771484,76800,0.0,0.0,0.0
2017-05-02 00:00:00-04:00,27.0116014147356,27.08867803673505,27.003036982624906,27.062986373901367,68500,0.0,0.0,0.0
2017-05-03 00:00:00-04:00,27.054420420486686,27.080113715374004,26.97734216932304,26.98590660095215,75300,0.0,0.0,0.0
2017-05-04 00:00:00-04:00,27.03729252871168,27.114370782644844,27.02016366483801,27.105806350708008,131100,0.0,0.0,0.0
2017-05-05 00:00:00-04:00,27.088678768836857,27.328477973921945,27.08011596999314,27.294221878051758,91600,0.0,0.0,0.0
2017-05-08 00:00:00-04:00,27.225710790845405,27.225710790845405,27.165759758421153,27.208581924438477,69400,0.0,0.0,0.0
2017-05-09 00:00:00-04:00,27.2000206840529,27.2000206840529,27.097249107046302,27.114377975463867,158400,0.0,0.0,0.0
2017-05-10 00:00:00-04:00,27.165754318237305,27.225705338655835,27.13149822578214,27.165754318237305,73800,0.0,0.0,0.0
2017-05-11 00:00:00-04:00,27.088679508264715,27.131501671144402,27.02873011373164,27.071552276611328,76900,0.0,0.0,0.0
2017-05-12 00:00:00-04:00,27.088682802062724,27.217147672823746,27.088682802062724,27.182889938354492,52500,0.0,0.0,0.0
2017-05-15 00:00:00-04:00,27.294224105859342,27.35417350364919,27.22571027502829,27.319915771484375,92300,0.0,0.0,0.0
2017-05-16 00:00:00-04:00,27.422685786515228,27.448377450690007,27.354171959551667,27.414119720458984,285800,0.0,0.0,0.0
2017-05-17 00:00:00-04:00,27.285653412661983,27.36273165885015,27.165753011092498,27.19144630432129,101600,0.0,0.0,0.0
2017-05-18 00:00:00-04:00,27.15719488833998,27.259966451629666,27.148632088772874,27.217145919799805,164200,0.0,0.0,0.0
2017-05-19 00:00:00-04:00,27.379863618956517,27.5083268403035,27.35417195478621,27.45694351196289,69900,0.0,0.0,0.0
2017-05-22 00:00:00-04:00,27.568274578299448,27.611098372006246,27.551145714216084,27.585403442382812,70400,0.0,0.0,0.0
2017-05-23 00:00:00-04:00,27.671047601473372,27.679610399966744,27.551145553588867,27.551145553588867,42800,0.0,0.0,0.0
2017-05-24 00:00:00-04:00,27.568275769952972,27.679611757809013,27.542584106215777,27.636791229248047,62900,0.0,0.0,0.0
2017-05-25 00:00:00-04:00,27.70530740030917,27.74813120201698,27.66248686559874,27.671052932739258,67300,0.0,0.0,0.0
2017-05-26 00:00:00-04:00,27.645349175707157,27.671044101931162,27.59396585725183,27.619657516479492,50100,0.0,0.0,0.0
2017-05-30 00:00:00-04:00,27.576839224102635,27.66248027311363,27.55114429580205,27.64535140991211,68600,0.0,0.0,0.0
2017-05-31 00:00:00-04:00,27.731002334733333,27.808080604011057,27.66248686559874,27.671052932739258,75400,0.0,0.0,0.0
2017-06-01 00:00:00-04:00,27.80807924168992,27.87659144047071,27.756692642356416,27.86802864074707,77400,0.0,0.0,0.0
2017-06-02 00:00:00-04:00,28.01361394419086,28.073563332203765,27.919406829600117,28.065000534057617,228500,0.0,0.0,0.0
2017-06-05 00:00:00-04:00,27.996486891517677,27.996486891517677,27.919408635230972,27.927974700927734,77500,0.0,0.0,0.0
2017-06-06 00:00:00-04:00,27.919406018800313,27.970792607174765,27.902280423005354,27.936534881591797,105600,0.0,0.0,0.0
2017-06-07 00:00:00-04:00,27.970791242740006,27.996482902175714,27.833763614088962,27.893712997436523,81100,0.0,0.0,0.0
2017-06-08 00:00:00-04:00,27.825207632020554,27.825207632020554,27.756692167414904,27.80807876586914,95900,0.0,0.0,0.0
2017-06-09 00:00:00-04:00,27.756688198675658,27.87658697759487,27.688176010863266,27.77381706237793,36700,0.0,0.0,0.0
2017-06-12 00:00:00-04:00,27.688179179733183,27.688179179733183,27.628226516415385,27.67961311340332,36100,0.0,0.0,0.0
2017-06-13 00:00:00-04:00,27.88515156021387,27.95366374438328,27.850893834630902,27.936534881591797,66300,0.0,0.0,0.0
2017-06-14 00:00:00-04:00,28.116391185613647,28.133516784379907,27.902285264067388,27.95366859436035,84200,0.0,0.0,0.0
2017-06-15 00:00:00-04:00,27.70530193049969,27.82520397781317,27.65391860579065,27.799509048461914,68100,0.0,0.0,0.0
2017-06-16 00:00:00-04:00,27.965539171133763,28.043365478515625,27.870417762255567,28.043365478515625,46800,0.312,0.0,0.0
2017-06-19 00:00:00-04:00,28.01742795614578,28.147136285426622,28.01742795614578,28.086605072021484,59000,0.0,0.0,0.0
2017-06-20 00:00:00-04:00,28.000129314260022,28.06066052001612,27.8444766998291,27.8444766998291,61800,0.0,0.0,0.0
2017-06-21 00:00:00-04:00,27.749353298218022,27.801238598869737,27.723412297243698,27.740707397460938,56400,0.0,0.0,0.0
2017-06-22 00:00:00-04:00,27.801246018785154,27.853128034580664,27.775301712183445,27.7925968170166,57900,0.0,0.0,0.0
2017-06-23 00:00:00-04:00,27.79259212956667,27.896359442360435,27.74071012252149,27.861772537231445,114300,0.0,0.0,0.0
2017-06-26 00:00:00-04:00,27.974187336268685,28.02607264495638,27.870420017596878,27.905010223388672,80300,0.0,0.0,0.0
2017-06-27 00:00:00-04:00,27.905009378840738,27.95689468595812,27.809887965143947,27.87906837463379,81000,0.0,0.0,0.0
2017-06-28 00:00:00-04:00,28.026071628572826,28.147134045750125,27.948245317715497,28.129838943481445,321700,0.0,0.0,0.0
2017-06-29 00:00:00-04:00,28.034718547052535,28.034718547052535,27.792593703917124,27.905010223388672,189300,0.0,0.0,0.0
2017-06-30 00:00:00-04:00,27.93960189819336,27.965542904549345,27.809890269005912,27.93960189819336,132100,0.0,0.0,0.0
2017-07-03 00:00:00-04:00,27.97418630046857,27.97418630046857,27.80124187532037,27.83582878112793,103000,0.0,0.0,0.0
2017-07-05 00:00:00-04:00,27.671529118500665,27.792591530601573,27.60235036167848,27.75800132751465,93600,0.0,0.0,0.0
2017-07-06 00:00:00-04:00,27.63694033035338,27.680176437073946,27.576409121203884,27.593704223632812,91500,0.0,0.0,0.0
2017-07-07 00:00:00-04:00,27.585057810884337,27.68882678038881,27.515879047665294,27.671531677246094,93900,0.0,0.0,0.0
2017-07-10 00:00:00-04:00,27.60235258566797,27.74071175981194,27.60235258566797,27.714767456054688,71000,0.0,0.0,0.0
2017-07-11 00:00:00-04:00,27.610995923753595,27.706117326039802,27.533169621765158,27.654232025146484,66500,0.0,0.0,0.0
2017-07-12 00:00:00-04:00,27.79259264559985,27.98283547150687,27.74935653935829,27.930950164794922,80700,0.0,0.0,0.0
2017-07-13 00:00:00-04:00,28.000128528786554,28.0520105330059,27.95689242570269,28.017423629760742,95200,0.0,0.0,0.0
2017-07-14 00:00:00-04:00,28.121189101301223,28.25954660136027,28.112539902027095,28.216310501098633,84200,0.0,0.0,0.0
2017-07-17 00:00:00-04:00,28.22495800713885,28.24225310796787,28.121190700867906,28.164426803588867,58100,0.0,0.0,0.0
2017-07-18 00:00:00-04:00,28.250905990600586,28.250905990600586,28.17308296569258,28.250905990600586,71800,0.0,0.0,0.0
2017-07-19 00:00:00-04:00,28.389263666642933,28.467086682875376,28.363319362528483,28.45844078063965,62600,0.0,0.0,0.0
2017-07-20 00:00:00-04:00,28.458438437245203,28.562205749047433,28.389261328944837,28.49302864074707,58000,0.0,0.0,0.0
2017-07-21 00:00:00-04:00,28.493029375952215,28.518970379896288,28.406553864966224,28.510324478149414,62800,0.0,0.0,0.0
2017-07-24 00:00:00-04:00,28.467086791992188,28.475735992964704,28.363319471247546,28.467086791992188,49400,0.0,0.0,0.0
2017-07-25 00:00:00-04:00,28.605447617923247,28.605447617923247,28.449794987454457,28.467086791992188,51500,0.0,0.0,0.0
2017-07-26 00:00:00-04:00,28.536266295128293,28.691918920634368,28.4411448796853,28.63138771057129,64900,0.0,0.0,0.0
2017-07-27 00:00:00-04:00,28.700563675893797,28.70921287624497,28.47573394731453,28.553560256958008,35100,0.0,0.0,0.0
2017-07-28 00:00:00-04:00,28.55356637460139,28.614097595214844,28.484385951783665,28.614097595214844,71700,0.0,0.0,0.0
2017-07-31 00:00:00-04:00,28.596799850463867,28.631390058680584,28.5016784272198,28.596799850463867,41100,0.0,0.0,0.0
2017-08-01 00:00:00-04:00,28.743803789591446,28.77839069573944,28.64003317503698,28.665977478027344,186900,0.0,0.0,0.0
2017-08-02 00:00:00-04:00,28.67462359880529,28.735154808405774,28.614092389204806,28.683269500732422,110700,0.0,0.0,0.0
2017-08-03 00:00:00-04:00,28.71785662413935,28.78703702694675,28.665974620736968,28.7005615234375,119400,0.0,0.0,0.0
2017-08-04 00:00:00-04:00,28.67462381794441,28.67462381794441,28.588151603198167,28.63138771057129,55300,0.0,0.0,0.0
2017-08-07 00:00:00-04:00,28.57085620380947,28.631387413243953,28.53626599878876,28.57950210571289,180700,0.0,0.0,0.0
2017-08-08 00:00:00-04:00,28.57085546869494,28.62273747618759,28.501675060433502,28.562206268310547,60000,0.0,0.0,0.0
2017-08-09 00:00:00-04:00,28.432499884213076,28.48438189523357,28.39790967773031,28.467086791992188,41900,0.0,0.0,0.0
2017-08-10 00:00:00-04:00,28.36331784645001,28.36331784645001,28.216314425374854,28.224960327148438,49200,0.0,0.0,0.0
2017-08-11 00:00:00-04:00,28.224963809045747,28.29414422658252,28.181727697437196,28.268199920654297,58600,0.0,0.0,0.0
2017-08-14 00:00:00-04:00,28.33737711084492,28.44979362718712,28.33737711084492,28.371967315673828,67600,0.0,0.0,0.0
2017-08-15 00:00:00-04:00,28.30278968811035,28.346025799044742,28.242258473061444,28.30278968811035,58900,0.0,0.0,0.0
2017-08-16 00:00:00-04:00,28.380612861022154,28.553560584290683,28.380612861022154,28.510324478149414,47100,0.0,0.0,0.0
2017-08-17 00:00:00-04:00,28.449793767756745,28.47573477215485,28.250901738359563,28.285491943359375,57100,0.0,0.0,0.0
2017-08-18 00:00:00-04:00,28.380608774633718,28.40654977484267,28.27684147509494,28.363313674926758,47800,0.0,0.0,0.0
2017-08-21 00:00:00-04:00,28.415203094482422,28.467085102423635,28.31143577989654,28.415203094482422,44000,0.0,0.0,0.0
2017-08-22 00:00:00-04:00,28.46708474696336,28.553560256958008,28.46708474696336,28.553560256958008,65500,0.0,0.0,0.0
2017-08-23 00:00:00-04:00,28.397914498236787,28.570862261304597,28.36332428588238,28.536272048950195,82600,0.0,0.0,0.0
2017-08-24 00:00:00-04:00,28.536267204957717,28.570857411440482,28.44114578648194,28.467086791992188,198100,0.0,0.0,0.0
2017-08-25 00:00:00-04:00,28.46708821900308,28.622740857274497,28.43250130949018,28.596799850463867,56400,0.0,0.0,0.0
2017-08-28 00:00:00-04:00,28.5968032712183,28.648688589749906,28.51897694277299,28.536272048950195,70700,0.0,0.0,0.0
2017-08-29 00:00:00-04:00,28.458437811992493,28.536264118810106,28.397906606545824,28.484378814697266,66300,0.0,0.0,0.0
2017-08-30 00:00:00-04:00,28.432498306327485,28.484380314468744,28.406554003553385,28.42384910583496,95100,0.0,0.0,0.0
2017-08-31 00:00:00-04:00,28.56221033241185,28.726512176059472,28.49303321301067,28.709217071533203,89500,0.0,0.0,0.0
2017-09-01 00:00:00-04:00,28.795682493084325,28.856213695275095,28.674620088702785,28.735151290893555,72300,0.0,0.0,0.0
2017-09-05 00:00:00-04:00,28.73515502800749,28.73515502800749,28.518971192438336,28.63138771057129,79600,0.0,0.0,0.0
2017-09-06 00:00:00-04:00,28.65732773311716,28.795685251191518,28.65732773311716,28.76109504699707,79700,0.0,0.0,0.0
2017-09-07 00:00:00-04:00,28.95133770462562,29.02916401426319,28.916747500630382,28.942691802978516,38000,0.0,0.0,0.0
2017-09-08 00:00:00-04:00,29.01186825898753,29.098343767028396,28.98592725592694,29.029163360595703,69000,0.0,0.0,0.0
2017-09-11 00:00:00-04:00,29.098344067240713,29.132930972110557,29.0551046634225,29.0810489654541,45900,0.0,0.0,0.0
2017-09-12 00:00:00-04:00,29.150225662758253,29.150225662758253,29.011868149120165,29.020517349243164,147000,0.0,0.0,0.0
2017-09-13 00:00:00-04:00,29.00322536221879,29.00322536221879,28.84757273032323,28.908103942871094,51800,0.0,0.0,0.0
2017-09-14 00:00:00-04:00,28.812981682535774,28.934044104097957,28.795686579640662,28.88216209411621,35900,0.0,0.0,0.0
2017-09-15 00:00:00-04:00,28.91675494531747,28.977286168541333,28.882168031121164,28.899459838867188,47800,0.0,0.0,0.0
2017-09-18 00:00:00-04:00,29.021282332119544,29.056091265138328,28.85594487962415,28.95166778564453,109700,0.21,0.0,0.0
2017-09-19 00:00:00-04:00,28.960366319983716,29.029984181119413,28.908156243694275,29.02128028869629,107100,0.0,0.0,0.0
2017-09-20 00:00:00-04:00,29.012577566025566,29.064790958008366,28.777622281446096,28.88204574584961,83500,0.0,0.0,0.0
2017-09-21 00:00:00-04:00,28.786330110365707,28.882049696082735,28.777626217397092,28.812435150146484,53400,0.0,0.0,0.0
2017-09-22 00:00:00-04:00,28.873345173633517,28.96906806582094,28.829835673428892,28.88204574584961,54400,0.0,0.0,0.0
2017-09-25 00:00:00-04:00,28.83854103088379,28.890754431530468,28.73411754915307,28.83854103088379,48900,0.0,0.0,0.0
2017-09-26 00:00:00-04:00,28.7515200662879,28.77762510505964,28.66449773777808,28.734115600585938,57200,0.0,0.0,0.0
2017-09-27 00:00:00-04:00,28.58618075329407,28.725413166416562,28.58618075329407,28.6470947265625,136900,0.0,0.0,0.0
2017-09-28 00:00:00-04:00,28.690610916375938,28.812438877195397,28.612292467340144,28.795034408569336,90700,0.0,0.0,0.0
2017-09-29 00:00:00-04:00,28.82113483856317,28.890752701924253,28.760220867903442,28.873348236083984,70200,0.0,0.0,0.0
2017-10-02 00:00:00-04:00,28.777628871789304,28.899456828086812,28.777628871789304,28.821138381958008,130000,0.0,0.0,0.0
2017-10-03 00:00:00-04:00,28.82983766824086,28.908156101853073,28.812433203042332,28.899452209472656,47600,0.0,0.0,0.0
2017-10-04 00:00:00-04:00,28.821138734284414,28.89945718137063,28.821138734284414,28.890756607055664,100900,0.0,0.0,0.0
2017-10-05 00:00:00-04:00,28.847247096355073,28.916861649563444,28.821138734284414,28.890756607055664,97800,0.0,0.0,0.0
2017-10-06 00:00:00-04:00,28.72541365593064,28.855945497766015,28.716713082270843,28.83854103088379,58800,0.0,0.0,0.0
2017-10-09 00:00:00-04:00,28.873349122676654,28.89075358905135,28.795030683771788,28.812435150146484,106200,0.0,0.0,0.0
2017-10-10 00:00:00-04:00,28.969071366420142,29.073494842721175,28.969071366420142,29.01258087158203,2766200,0.0,0.0,0.0
2017-10-11 00:00:00-04:00,29.029985384068052,29.12570828731505,29.021281491284256,29.11700439453125,70100,0.0,0.0,0.0
2017-10-12 00:00:00-04:00,29.099600994682685,29.134409927968285,29.056091487856975,29.090900421142578,260600,0.0,0.0,0.0
2017-10-13 00:00:00-04:00,29.212725658796355,29.212725658796355,29.14311111824402,29.16921615600586,55300,0.0,0.0,0.0
2017-10-16 00:00:00-04:00,29.14311382107098,29.151814394611087,29.082196528039884,29.090900421142578,82000,0.0,0.0,0.0
2017-10-17 00:00:00-04:00,29.02998644767407,29.090900421142578,28.995177514388466,29.090900421142578,55700,0.0,0.0,0.0
2017-10-18 00:00:00-04:00,29.10830094355445,29.204023837337925,29.09089647926999,29.160511016845703,74200,0.0,0.0,0.0
2017-10-19 00:00:00-04:00,29.10830237008007,29.212725841342245,29.07349343980525,29.204025268554688,36400,0.0,0.0,0.0
2017-10-20 00:00:00-04:00,29.10830395564872,29.125708421734174,29.04738998413086,29.04738998413086,55700,0.0,0.0,0.0
2017-10-23 00:00:00-04:00,29.029985337559282,29.073494842721175,28.98647583239739,29.01258087158203,66800,0.0,0.0,0.0
2017-10-24 00:00:00-04:00,28.99517556379952,29.029984494743427,28.960366632855617,28.986474990844727,81100,0.0,0.0,0.0
2017-10-25 00:00:00-04:00,28.960366309310093,28.960366309310093,28.734114899827127,28.829837799072266,114700,0.0,0.0,0.0
2017-10-26 00:00:00-04:00,28.91685840298876,28.934262869227524,28.812434925118673,28.86464500427246,64000,0.0,0.0,0.0
2017-10-27 00:00:00-04:00,28.829840813824017,28.91685982974886,28.7428184783365,28.908159255981445,92800,0.0,0.0,0.0
2017-10-30 00:00:00-04:00,28.890753723012896,28.951667695825513,28.864645363548526,28.934263229370117,69400,0.0,0.0,0.0
2017-10-31 00:00:00-04:00,28.94296588792231,29.003883184686075,28.92556473977585,28.969074249267578,51300,0.0,0.0,0.0
2017-11-01 00:00:00-04:00,29.01258442177702,29.0996034427491,28.942966549349066,28.960371017456055,89300,0.0,0.0,0.0
2017-11-02 00:00:00-04:00,28.951665928449888,29.064793293722758,28.951665928449888,29.056089401245117,65600,0.0,0.0,0.0
2017-11-03 00:00:00-04:00,29.108309367792106,29.117009942671302,28.995181976983964,29.08220100402832,45800,0.0,0.0,0.0
2017-11-06 00:00:00-05:00,29.02998653706452,29.125709444113387,29.02998653706452,29.108304977416992,50100,0.0,0.0,0.0
2017-11-07 00:00:00-05:00,29.03868475398021,29.090898149831983,28.95166574712292,29.02128028869629,59500,0.0,0.0,0.0
2017-11-08 00:00:00-05:00,29.09089763210296,29.1605121724374,29.02127977220625,29.151811599731445,67000,0.0,0.0,0.0
2017-11-09 00:00:00-05:00,28.97777313697534,29.108304977416992,28.942964203582555,29.108304977416992,110600,0.0,0.0,0.0
2017-11-10 00:00:00-05:00,29.003877639770508,29.029982676562266,28.916855317861053,29.003877639770508,100400,0.0,0.0,0.0
2017-11-13 00:00:00-05:00,28.786329226445066,28.925561633604794,28.786329226445066,28.873348236083984,62500,0.0,0.0,0.0
2017-11-14 00:00:00-05:00,28.873345357916115,28.960364358880756,28.838536429705414,28.916854858398438,61800,0.0,0.0,0.0
2017-11-15 00:00:00-05:00,28.812432270653773,28.882046809632797,28.768922768846604,28.855941772460938,47000,0.0,0.0,0.0
2017-11-16 00:00:00-05:00,28.93426225414247,29.02128126392394,28.93426225414247,28.977771759033203,37000,0.0,0.0,0.0
2017-11-17 00:00:00-05:00,28.977774823340805,29.021284332832533,28.847246294865627,28.969074249267578,140800,0.0,0.0,0.0
2017-11-20 00:00:00-05:00,29.01257905561995,29.09959806049702,29.01257905561995,29.029983520507812,76900,0.0,0.0,0.0
2017-11-21 00:00:00-05:00,29.204024956066153,29.282343388565334,29.204024956066153,29.23883056640625,69400,0.0,0.0,0.0
2017-11-22 00:00:00-05:00,29.282344818115238,29.30844985703531,29.18662191599173,29.282344818115234,53000,0.0,0.0,0.0
2017-11-24 00:00:00-05:00,29.412874491165184,29.473788464087026,29.412874491165184,29.465087890625,8400,0.0,0.0,0.0
2017-11-27 00:00:00-05:00,29.465088510626334,29.473789084271434,29.33455666901143,29.351961135864258,46800,0.0,0.0,0.0
2017-11-28 00:00:00-05:00,29.430282592773438,29.499900467318806,29.351964143691376,29.430282592773438,55800,0.0,0.0,0.0
2017-11-29 00:00:00-05:00,29.430278733689377,29.430278733689377,29.28234574902282,29.325855255126953,29800,0.0,0.0,0.0
2017-11-30 00:00:00-05:00,29.482490175247452,29.517295786082304,29.378063384055963,29.412872314453125,63400,0.0,0.0,0.0
2017-12-01 00:00:00-05:00,29.42157722989036,29.491191773543033,29.360663259358358,29.473787307739258,66400,0.0,0.0,0.0
2017-12-04 00:00:00-05:00,29.50859619143173,29.526000657207245,29.36066321168349,29.36936378479004,60000,0.0,0.0,0.0
2017-12-05 00:00:00-05:00,29.447677332139598,29.482486257911702,29.34325387438516,29.395463943481445,61800,0.0,0.0,0.0
2017-12-06 00:00:00-05:00,29.34325963145406,29.395469710793822,29.29104623255178,29.30845069885254,61000,0.0,0.0,0.0
2017-12-07 00:00:00-05:00,29.2736424267821,29.378065907380357,29.2736424267821,29.299747467041016,72500,0.0,0.0,0.0
2017-12-08 00:00:00-05:00,29.351959499690924,29.412873470498972,29.33455503380828,29.404172897338867,55700,0.0,0.0,0.0
2017-12-11 00:00:00-05:00,29.395463943481445,29.430272869253546,29.369358908933304,29.395463943481445,34900,0.0,0.0,0.0
2017-12-12 00:00:00-05:00,29.33455485323901,29.404172716341066,29.317150387463496,29.36936378479004,77200,0.0,0.0,0.0
2017-12-13 00:00:00-05:00,29.430284610103442,29.61302656396683,29.430284610103442,29.552112579345703,48600,0.0,0.0,0.0
2017-12-14 00:00:00-05:00,29.526000614466124,29.560809545966766,29.43898160527694,29.456382751464844,56800,0.0,0.0,0.0
2017-12-15 00:00:00-05:00,29.44768679787253,29.44768679787253,29.343263306551965,29.378068923950195,63300,0.0,0.0,0.0
2017-12-18 00:00:00-05:00,29.616264357046305,29.651554130640324,29.51921916237177,29.563329696655273,63600,0.46,0.0,0.0
2017-12-19 00:00:00-05:00,29.51040197396627,29.51040197396627,29.404536005786994,29.448646545410156,82200,0.0,0.0,0.0
2017-12-20 00:00:00-05:00,29.50157404309202,29.50157404309202,29.360418315246335,29.378063201904297,89600,0.0,0.0,0.0
2017-12-21 00:00:00-05:00,29.404534820222633,29.528045672355013,29.395710693402712,29.47511100769043,108100,0.0,0.0,0.0
2017-12-22 00:00:00-05:00,29.422174448851933,29.483929870942365,29.333953378842203,29.4398193359375,42700,0.0,0.0,0.0
2017-12-26 00:00:00-05:00,29.475114097287143,29.57215930996872,29.439824317144993,29.466293334960938,32800,0.0,0.0,0.0
2017-12-27 00:00:00-05:00,29.598626348376236,29.660381783807477,29.510405259308417,29.62509536743164,60400,0.0,0.0,0.0
2017-12-28 00:00:00-05:00,29.71331478928405,29.730959679191322,29.651559357317907,29.704490661621094,38000,0.0,0.0,0.0
2017-12-29 00:00:00-05:00,29.783894082187786,29.81036310251183,29.6956729888916,29.6956729888916,48000,0.0,0.0,0.0
2018-01-02 00:00:00-05:00,29.78389353910933,29.87211799621582,29.766252013106957,29.87211799621582,134300,0.0,0.0,0.0
2018-01-03 00:00:00-05:00,29.845651151761647,29.898582458496094,29.80153724225789,29.898582458496094,57500,0.0,0.0,0.0
2018-01-04 00:00:00-05:00,29.995623343036346,30.075023657090526,29.986802581660683,30.0573787689209,66200,0.0,0.0,0.0
2018-01-05 00:00:00-05:00,30.163243505277833,30.22499892864976,30.119132969357622,30.20735740661621,144300,0.0,0.0,0.0
2018-01-08 00:00:00-05:00,30.172067642211914,30.20735741712763,30.11913297983834,30.172067642211914,89200,0.0,0.0,0.0
2018-01-09 00:00:00-05:00,30.154426096583574,30.22500228881836,30.110315555759513,30.22500228881836,139400,0.0,0.0,0.0
2018-01-10 00:00:00-05:00,30.172068130278902,30.172068130278902,30.04855728149414,30.04855728149414,65100,0.0,0.0,0.0
2018-01-11 00:00:00-05:00,30.13678050399195,30.198535932788406,30.101490725988697,30.163246154785156,114100,0.0,0.0,0.0
2018-01-12 00:00:00-05:00,30.225004138131503,30.39262891510499,30.21618337559441,30.34851837158203,51300,0.0,0.0,0.0
2018-01-16 00:00:00-05:00,30.436740893489358,30.472030676138868,30.366161328190334,30.401451110839844,76100,0.0,0.0,0.0
2018-01-17 00:00:00-05:00,30.48084827592045,30.692583584425627,30.42791697285807,30.569072723388672,86700,0.0,0.0,0.0
2018-01-18 00:00:00-05:00,30.524955012838156,30.59553456201691,30.480844477310505,30.551424026489258,82200,0.0,0.0,0.0
2018-01-19 00:00:00-05:00,30.613180898448988,30.674936324194647,30.586711883544922,30.586711883544922,58300,0.0,0.0,0.0
2018-01-22 00:00:00-05:00,30.6308252858247,30.754336135296857,30.586711383511865,30.745512008666992,65800,0.0,0.0,0.0
2018-01-23 00:00:00-05:00,30.763153069283582,30.833732611868765,30.72786666340881,30.798442840576172,82600,0.0,0.0,0.0
2018-01-24 00:00:00-05:00,31.045470472621925,31.11605002876544,30.921959614789245,31.019004821777344,95000,0.0,0.0,0.0
2018-01-25 00:00:00-05:00,31.080762661324243,31.116052442133086,30.84256168899267,30.91314125061035,175500,0.0,0.0,0.0
2018-01-26 00:00:00-05:00,31.07194397927328,31.186630726452837,31.036654196101587,31.133699417114258,83700,0.0,0.0,0.0
2018-01-29 00:00:00-05:00,30.930782342256105,30.957247991902996,30.833737139659753,30.86020278930664,104500,0.0,0.0,0.0
2018-01-30 00:00:00-05:00,30.842558400630487,30.869027416124418,30.701402657863557,30.71904754638672,211800,0.0,0.0,0.0
2018-01-31 00:00:00-05:00,30.921958690882807,30.966069229445306,30.75433729817797,30.789627075195312,90500,0.0,0.0,0.0
2018-02-01 00:00:00-05:00,30.74551271654228,30.860202807443404,30.710226305465124,30.807268142700195,62300,0.0,0.0,0.0
2018-02-02 00:00:00-05:00,30.480844764491604,30.551424314335335,30.154422760009766,30.154422760009766,106700,0.0,0.0,0.0
2018-02-05 00:00:00-05:00,29.916220957346123,29.95151073124164,29.157507645682887,29.254552841186523,174800,0.0,0.0,0.0
2018-02-06 00:00:00-05:00,29.02517813108162,29.57215620416409,28.90166391355613,29.492755889892578,129600,0.0,0.0,0.0
2018-02-07 00:00:00-05:00,29.369245567177813,29.528046198583283,29.23691058586713,29.263376235961914,44300,0.0,0.0,0.0
2018-02-08 00:00:00-05:00,29.351601981952456,29.351601981952456,28.68993377685547,28.68993377685547,145600,0.0,0.0,0.0
2018-02-09 00:00:00-05:00,28.84873320163015,28.936954279097495,28.284110228835022,28.769332885742188,87800,0.0,0.0,0.0
2018-02-12 00:00:00-05:00,28.96342419180914,29.139866352209097,28.901665397166973,29.069290161132812,73600,0.0,0.0,0.0
2018-02-13 00:00:00-05:00,28.936954491786327,29.016354808257887,28.866378302377385,28.954599380493164,46400,0.0,0.0,0.0
2018-02-14 00:00:00-05:00,28.813444045153922,29.351601379385116,28.813444045153922,29.342777252197266,49600,0.0,0.0,0.0
2018-02-15 00:00:00-05:00,29.422176331023078,29.554511309921395,29.281020590726754,29.510400772094727,148900,0.0,0.0,0.0
2018-02-16 00:00:00-05:00,29.483928659627438,29.722129577369202,29.483928659627438,29.572153091430664,87500,0.0,0.0,0.0
2018-02-20 00:00:00-05:00,29.528043771365326,29.580975067203926,29.404532927184466,29.4398193359375,60300,0.0,0.0,0.0
2018-02-21 00:00:00-05:00,29.519220126715762,29.70448639600965,29.325133096444233,29.333953857421875,56100,0.0,0.0,0.0
2018-02-22 00:00:00-05:00,29.41335559967696,29.545690578710488,29.386889950037585,29.422176361083984,55900,0.0,0.0,0.0
2018-02-23 00:00:00-05:00,29.545696457204286,29.722138643796658,29.545696457204286,29.6956729888916,42000,0.0,0.0,0.0
2018-02-26 00:00:00-05:00,29.836821303222298,29.960332149147582,29.739776105590103,29.933866500854492,87200,0.0,0.0,0.0
2018-02-27 00:00:00-05:00,29.739777594106926,29.748601720925045,29.492755889892578,29.492755889892578,68100,0.0,0.0,0.0
2018-02-28 00:00:00-05:00,29.53687006224715,29.58098060551062,29.281024199732787,29.28984832763672,35500,0.0,0.0,0.0
2018-03-01 00:00:00-05:00,29.1222214908895,29.21926669845322,28.804623582615267,28.99871063232422,70400,0.0,0.0,0.0
2018-03-02 00:00:00-05:00,28.9722475854921,29.113403345885704,28.839912587752377,29.060468673706055,48800,0.0,0.0,0.0
2018-03-05 00:00:00-05:00,28.936955401193874,29.210446136617282,28.936955401193874,29.201622009277344,93200,0.0,0.0,0.0
2018-03-06 00:00:00-05:00,29.281024199732787,29.342779633385398,29.25455854685845,29.28984832763672,65900,0.0,0.0,0.0
2018-03-07 00:00:00-05:00,29.254557343881014,29.360423316443775,29.175157023104294,29.35160255432129,37300,0.0,0.0,0.0
2018-03-08 00:00:00-05:00,29.378067009858636,29.43100167669386,29.325135708441863,29.39571189880371,36900,0.0,0.0,0.0
2018-03-09 00:00:00-05:00,29.519219153206695,29.59861946105957,29.439818845353823,29.59861946105957,87600,0.0,0.0,0.0
2018-03-12 00:00:00-04:00,29.545691243039574,29.607446670532227,29.528046354410478,29.607446670532227,55600,0.0,0.0,0.0
2018-03-13 00:00:00-04:00,29.651554615546186,29.69566515055105,29.37806391384707,29.4398193359375,59100,0.0,0.0,0.0
2018-03-14 00:00:00-04:00,29.589801092382018,29.589801092382018,29.413355575621065,29.492755889892578,43400,0.0,0.0,0.0
2018-03-15 00:00:00-04:00,29.501576657313564,29.580976971601284,29.431000469845767,29.47511100769043,65800,0.0,0.0,0.0
2018-03-16 00:00:00-04:00,29.50157402969252,29.572153576292315,29.42217372247676,29.430997848510742,37600,0.0,0.0,0.0
2018-03-19 00:00:00-04:00,29.323060052223376,29.38499744790145,29.21688214182309,29.29651641845703,86100,0.098,0.0,0.0
2018-03-20 00:00:00-04:00,29.296510199826933,29.34959745609104,29.261116445428062,29.314207077026367,46600,0.0,0.0,0.0
2018-03-21 00:00:00-04:00,29.3407520389515,29.5531111996641,29.331905287616717,29.446929931640625,37100,0.0,0.0,0.0
2018-03-22 00:00:00-04:00,29.208023205830617,29.269963958165018,28.99566744906714,29.0222110748291,32600,0.0,0.0,0.0
2018-03-23 00:00:00-04:00,29.190331299090396,29.208024800341686,28.792160014254723,28.845247268676758,105900,0.0,0.0,0.0
2018-03-26 00:00:00-04:00,29.07530403137207,29.146088164186907,28.871795008444938,29.07530403137207,119300,0.0,0.0,0.0
2018-03-27 00:00:00-04:00,29.154938419462287,29.252269555931036,28.854098259165326,28.94257926940918,152800,0.0,0.0,0.0
2018-03-28 00:00:00-04:00,29.004514694213867,29.23457070585675,28.951427441783935,29.004514694213867,83600,0.0,0.0,0.0
2018-03-29 00:00:00-04:00,29.17263683786924,29.420386379908848,29.17263683786924,29.331905364990234,63800,0.0,0.0,0.0
2018-04-02 00:00:00-04:00,29.19033020372049,29.261114332071717,28.845246186256166,29.004514694213867,184000,0.0,0.0,0.0
2018-04-03 00:00:00-04:00,29.12838597159418,29.2080202160625,29.00451123027314,29.181476593017578,109400,0.0,0.0,0.0
2018-04-04 00:00:00-04:00,28.924884465122837,29.26996853060549,28.77446606186209,29.25227165222168,76300,0.0,0.0,0.0
2018-04-05 00:00:00-04:00,29.296510149585895,29.446928542521842,29.26996652149936,29.376144409179688,52600,0.0,0.0,0.0
2018-04-06 00:00:00-04:00,29.349596588364474,29.46462459909288,29.128390692912827,29.216875076293945,63000,0.0,0.0,0.0
2018-04-09 00:00:00-04:00,29.438082187021227,29.606197459384415,29.40268843220764,29.482322692871094,31900,0.0,0.0,0.0
2018-04-10 00:00:00-04:00,29.703525120023546,29.721221995358544,29.57965036801241,29.650434494018555,46300,0.0,0.0,0.0
2018-04-11 00:00:00-04:00,29.55310821533203,29.659286097299102,29.535411339115182,29.55310821533203,34700,0.0,0.0,0.0
2018-04-12 00:00:00-04:00,29.517714938539893,29.597349195131905,29.50001806203788,29.588499069213867,66400,0.0,0.0,0.0
2018-04-13 00:00:00-04:00,29.59735162457885,29.59735162457885,29.464626727586314,29.517717361450195,28100,0.0,0.0,0.0
2018-04-16 00:00:00-04:00,29.597347243347407,29.650434494018555,29.553106742676835,29.650434494018555,31200,0.0,0.0,0.0
2018-04-17 00:00:00-04:00,29.703522649368686,29.77431014482077,29.650432027779623,29.738916397094727,79500,0.0,0.0,0.0
2018-04-18 00:00:00-04:00,29.809701398580934,29.871638771266,29.80085464905464,29.83624839782715,35300,0.0,0.0,0.0
2018-04-19 00:00:00-04:00,29.827403181021104,29.827403181021104,29.623894155092557,29.676984786987305,48200,0.0,0.0,0.0
2018-04-20 00:00:00-04:00,29.60619546864856,29.641589221082253,29.535411339115182,29.55310821533203,34200,0.0,0.0,0.0
2018-04-23 00:00:00-04:00,29.517715900609726,29.588500033590766,29.473475395579804,29.56195640563965,114200,0.0,0.0,0.0
2018-04-24 00:00:00-04:00,29.570806144239885,29.588503023106718,29.39384410624059,29.411540985107422,100900,0.0,0.0,0.0
2018-04-25 00:00:00-04:00,29.32305091358963,29.420382040845844,29.27881041265513,29.402685165405273,83600,0.0,0.0,0.0
2018-04-26 00:00:00-04:00,29.526558375278608,29.615042747857817,29.500014751171687,29.570798873901367,46000,0.0,0.0,0.0
2018-04-27 00:00:00-04:00,29.57964797310784,29.67697909190303,29.57964797310784,29.668128967285156,31800,0.0,0.0,0.0
2018-04-30 00:00:00-04:00,29.650439773073657,29.703530408531066,29.579655634464885,29.606199264526367,100500,0.0,0.0,0.0
2018-05-01 00:00:00-04:00,29.491169948746304,29.57965095183382,29.367291818956307,29.50886344909668,124600,0.0,0.0,0.0
2018-05-02 00:00:00-04:00,29.579650472265204,29.67698159928381,29.446925594451862,29.473472595214844,83300,0.0,0.0,0.0
2018-05-03 00:00:00-04:00,29.500020015565443,29.561957399757016,29.305357736486624,29.52656364440918,34600,0.0,0.0,0.0
2018-05-04 00:00:00-04:00,29.358448289275167,29.615047951844307,29.358448289275167,29.59735107421875,24100,0.0,0.0,0.0
2018-05-07 00:00:00-04:00,29.60619450470028,29.650435006134966,29.482319750549603,29.57965087890625,45600,0.0,0.0,0.0
2018-05-08 00:00:00-04:00,29.56195640563965,29.570803156511964,29.473475395579804,29.56195640563965,82800,0.0,0.0,0.0
2018-05-09 00:00:00-04:00,29.561954003265594,29.650435006134966,29.500016626190256,29.57965087890625,79200,0.0,0.0,0.0
2018-05-10 00:00:00-04:00,29.747766421315404,29.845097550610507,29.6769822934042,29.818553924560547,69000,0.0,0.0,0.0
2018-05-11 00:00:00-04:00,29.818557768314996,29.862798275879054,29.8008608902225,29.809707641601562,31300,0.0,0.0,0.0
2018-05-14 00:00:00-04:00,29.836253205769957,29.898190588435877,29.75661894586603,29.800859451293945,52500,0.0,0.0,0.0
2018-05-15 00:00:00-04:00,29.508861500762762,29.606192622933055,29.44692412762416,29.570798873901367,43300,0.0,0.0,0.0
2018-05-16 00:00:00-04:00,29.544259528560843,29.641590664827177,29.53541277768853,29.56195640563965,48700,0.0,0.0,0.0
2018-05-17 00:00:00-04:00,29.615042747857817,29.650433121555814,29.53540850020337,29.570798873901367,93000,0.0,0.0,0.0
2018-05-18 00:00:00-04:00,29.508859115376254,29.544252861546838,29.48231549341502,29.5354061126709,43600,0.0,0.0,0.0
2018-05-21 00:00:00-04:00,29.66813083190356,29.74776508180152,29.63274045720852,29.73006820678711,97300,0.0,0.0,0.0
2018-05-22 00:00:00-04:00,29.74776367989465,29.818551176616328,29.65928268432617,29.659282684326172,47700,0.0,0.0,0.0
2018-05-23 00:00:00-04:00,29.491169948746304,29.526560324780966,29.402685570324877,29.50886344909668,64600,0.0,0.0,0.0
2018-05-24 00:00:00-04:00,29.561957868669595,29.57965474662422,29.411539469056773,29.517717361450195,140600,0.0,0.0,0.0
2018-05-25 00:00:00-04:00,29.45577574751852,29.526559873840707,29.40268512127648,29.464622497558594,30600,0.0,0.0,0.0
2018-05-29 00:00:00-04:00,29.137241413335364,29.2080255461502,28.942579141259774,29.07530403137207,53100,0.0,0.0,0.0
2018-05-30 00:00:00-04:00,29.225722591000807,29.446928492235347,29.225722591000807,29.438081741333008,50000,0.0,0.0,0.0
2018-05-31 00:00:00-04:00,29.340750257872752,29.340750257872752,29.16378486391035,29.26996612548828,30600,0.0,0.0,0.0
2018-06-01 00:00:00-04:00,29.32305194808639,29.36729245058166,29.243417693461303,29.305355072021484,149400,0.0,0.0,0.0
2018-06-04 00:00:00-04:00,29.5265598460731,29.5265598460731,29.455775719817474,29.473472595214844,37000,0.0,0.0,0.0
2018-06-05 00:00:00-04:00,29.491169965988874,29.500016716169235,29.42038246321035,29.45577621459961,28700,0.0,0.0,0.0
2018-06-06 00:00:00-04:00,29.570800753418972,29.60619450470028,29.51771350183091,29.57965087890625,22000,0.0,0.0,0.0
2018-06-07 00:00:00-04:00,29.62388809183997,29.62388809183997,29.446922730411973,29.50001335144043,99700,0.0,0.0,0.0
2018-06-08 00:00:00-04:00,29.49117326439563,29.615048032778773,29.42923250486977,29.52656364440918,115000,0.0,0.0,0.0
2018-06-11 00:00:00-04:00,29.579655137337838,29.703529909322135,29.52656450277269,29.6238956451416,29000,0.0,0.0,0.0
2018-06-12 00:00:00-04:00,29.63273962237366,29.668129996071656,29.508861500762762,29.570798873901367,135800,0.0,0.0,0.0
2018-06-13 00:00:00-04:00,29.579649960509542,29.59734683560074,29.411534710143865,29.54425621032715,28300,0.0,0.0,0.0
2018-06-14 00:00:00-04:00,29.526558471398,29.526558471398,29.358443225950754,29.393836975097656,33000,0.0,0.0,0.0
2018-06-15 00:00:00-04:00,29.287660598754883,29.31420760269718,29.208026337596497,29.287660598754883,32900,0.0,0.0,0.0
2018-06-18 00:00:00-04:00,29.07307062007522,29.19877204094467,29.07307062007522,29.153879165649414,283300,0.481,0.0,0.0
2018-06-19 00:00:00-04:00,28.875537377762488,29.02817726135254,28.866560172895674,29.02817726135254,44400,0.0,0.0,0.0
2018-06-20 00:00:00-04:00,29.028178390634398,29.073071266928487,28.96532425369438,28.9832820892334,52500,0.0,0.0,0.0
2018-06-21 00:00:00-04:00,28.965320484488487,28.974301113642817,28.884511947631836,28.884511947631836,34700,0.0,0.0,0.0
2018-06-22 00:00:00-04:00,29.180813520902397,29.25264485977432,29.11796281194284,29.189790725708008,39300,0.0,0.0,0.0
2018-06-25 00:00:00-04:00,29.01919919501975,29.01919919501975,28.821666419431452,28.857582092285156,28300,0.0,0.0,0.0
2018-06-26 00:00:00-04:00,29.001239091554815,29.046131966559113,28.920430546504356,28.99226188659668,37300,0.0,0.0,0.0
2018-06-27 00:00:00-04:00,28.938386074804022,29.001236779821475,28.669025421142578,28.669025421142578,54200,0.0,0.0,0.0
2018-06-28 00:00:00-04:00,28.695961488288273,28.83064353250325,28.669026449487944,28.82166290283203,42200,0.0,0.0,0.0
2018-06-29 00:00:00-04:00,28.94737067785364,29.01919859697369,28.893497169683343,28.929412841796875,54100,0.0,0.0,0.0
2018-07-02 00:00:00-04:00,28.6600491891328,28.758813858032227,28.62413351858506,28.758813858032227,118300,0.0,0.0,0.0
2018-07-03 00:00:00-04:00,28.974304791634072,28.99226262711583,28.884515614225272,28.90247344970703,39500,0.0,0.0,0.0
2018-07-05 00:00:00-04:00,29.117961736867898,29.153877404977806,29.03715319617392,29.13591957092285,35800,0.0,0.0,0.0
2018-07-06 00:00:00-04:00,29.144897264457178,29.3154949782886,29.144897264457178,29.261621475219727,59100,0.0,0.0,0.0
2018-07-09 00:00:00-04:00,29.450174479180536,29.486090148967385,29.37834656471362,29.43221664428711,28100,0.0,0.0,0.0
2018-07-10 00:00:00-04:00,29.31549478222862,29.40528052830291,29.288556318321,29.378345489501953,66400,0.0,0.0,0.0
2018-07-11 00:00:00-04:00,29.18081371983581,29.261622264064243,29.00123879653854,29.02817726135254,97100,0.0,0.0,0.0
2018-07-12 00:00:00-04:00,29.189790821292224,29.270599365234375,29.135920742068635,29.270599365234375,21700,0.0,0.0,0.0
2018-07-13 00:00:00-04:00,29.23468233639876,29.30651023864417,29.15387380568129,29.29753303527832,40700,0.0,0.0,0.0
2018-07-16 00:00:00-04:00,29.26161737160251,29.34242590231998,29.252640168236663,29.29753303527832,31800,0.0,0.0,0.0
2018-07-17 00:00:00-04:00,29.261619524951847,29.36038589477539,29.234684487765954,29.36038589477539,62000,0.0,0.0,0.0
2018-07-18 00:00:00-04:00,29.324474722262426,29.38732543539865,29.2616240091262,29.369367599487305,21000,0.0,0.0,0.0
2018-07-19 00:00:00-04:00,29.171833142968747,29.32446958380863,29.144894681268596,29.252641677856445,26000,0.0,0.0,0.0
2018-07-20 00:00:00-04:00,29.414255247057913,29.49506378173828,29.414255247057913,29.49506378173828,32600,0.0,0.0,0.0
2018-07-23 00:00:00-04:00,29.450173254212668,29.450173254212668,29.360387508586932,29.396303176879883,35400,0.0,0.0,0.0
2018-07-24 00:00:00-04:00,29.530983953104577,29.584857459480467,29.43221757063556,29.459156036376953,87500,0.0,0.0,0.0
2018-07-25 00:00:00-04:00,29.45915242651586,29.674639575400292,29.387321093483397,29.620769500732422,40600,0.0,0.0,0.0
2018-07-26 00:00:00-04:00,29.522011867397104,29.62975547372601,29.50405402882437,29.575881958007812,40900,0.0,0.0,0.0
2018-07-27 00:00:00-04:00,29.62974670480824,29.665662371324473,29.53996096362414,29.620769500732422,15400,0.0,0.0,0.0
2018-07-30 00:00:00-04:00,29.611785888671875,29.70157504591774,29.56689302260201,29.611785888671875,20800,0.0,0.0,0.0
2018-07-31 00:00:00-04:00,29.65668487548828,29.737493421134307,29.611792000153123,29.65668487548828,35500,0.0,0.0,0.0
2018-08-01 00:00:00-04:00,29.575876921826154,29.584857552137045,29.46813333384383,29.53996467590332,39500,0.0,0.0,0.0
2018-08-02 00:00:00-04:00,29.360387899468744,29.48608931506093,29.342430065083192,29.44119644165039,18000,0.0,0.0,0.0
2018-08-03 00:00:00-04:00,29.414258074508155,29.530982285845788,29.369365200949588,29.522005081176758,24400,0.0,0.0,0.0
2018-08-06 00:00:00-04:00,29.42323899779061,29.5040475410448,29.42323899779061,29.4860897064209,29000,0.0,0.0,0.0
2018-08-07 00:00:00-04:00,29.674645822019944,29.674645822019944,29.468135833740234,29.468135833740234,38000,0.0,0.0,0.0
2018-08-08 00:00:00-04:00,29.450170189100103,29.58485221862793,29.396300117374004,29.58485221862793,123600,0.0,0.0,0.0
2018-08-09 00:00:00-04:00,29.5040475410448,29.53996321029261,29.441196832414512,29.4860897064209,24700,0.0,0.0,0.0
2018-08-10 00:00:00-04:00,29.091028805411838,29.180814557083192,28.97430458815358,29.019197463989258,51300,0.0,0.0,0.0
2018-08-13 00:00:00-04:00,29.046130349502224,29.10898105603058,28.92042893644552,28.956344604492188,98400,0.0,0.0,0.0
2018-08-14 00:00:00-04:00,29.028178482674775,29.11796423554764,28.965324345535464,29.064090728759766,73700,0.0,0.0,0.0
2018-08-15 00:00:00-04:00,28.848602243082485,28.97430366144472,28.758813069176057,28.947368621826172,41800,0.0,0.0,0.0
2018-08-16 00:00:00-04:00,29.10000297464518,29.21672717972605,29.082045141163004,29.108980178833008,64700,0.0,0.0,0.0
2018-08-17 00:00:00-04:00,29.09102539212955,29.34242820739746,29.073067558880915,29.34242820739746,43200,0.0,0.0,0.0
2018-08-20 00:00:00-04:00,29.396303323738145,29.41425773286767,29.30651415255719,29.378345489501953,27700,0.0,0.0,0.0
2018-08-21 00:00:00-04:00,29.49506651970036,29.53996281821759,29.39630356823985,29.44119644165039,28900,0.0,0.0,0.0
2018-08-22 00:00:00-04:00,29.539960076087887,29.575872316418646,29.45017091249505,29.49506378173828,392500,0.0,0.0,0.0
2018-08-23 00:00:00-04:00,29.360388539118304,29.378346373895088,29.24366432562258,29.270599365234375,71800,0.0,0.0,0.0
2018-08-24 00:00:00-04:00,29.369367599487305,29.45017614853488,29.33345192766461,29.369367599487305,26700,0.0,0.0,0.0
2018-08-27 00:00:00-04:00,29.522007614636316,29.692601918841266,29.486091942664643,29.629751205444336,23300,0.0,0.0,0.0
2018-08-28 00:00:00-04:00,29.692594417640088,29.755445115159127,29.57587022577353,29.611785888671875,58500,0.0,0.0,0.0
2018-08-29 00:00:00-04:00,29.656687707068144,29.74647689141825,29.611794827446673,29.683626174926758,49000,0.0,0.0,0.0
2018-08-30 00:00:00-04:00,29.53098243304689,29.61179097589779,29.47711235455077,29.504047393798828,40500,0.0,0.0,0.0
2018-08-31 00:00:00-04:00,29.387320931961284,29.450171635466003,29.270596728978322,29.36038589477539,26100,0.0,0.0,0.0
2018-09-04 00:00:00-04:00,29.100008010864258,29.126943053195795,29.01919945876253,29.100008010864258,26000,0.0,0.0,0.0
2018-09-05 00:00:00-04:00,28.96532210269662,28.992260566558123,28.83962068836514,28.920429229736328,26600,0.0,0.0,0.0
2018-09-06 00:00:00-04:00,28.938388381527435,28.99226188659668,28.83064479649576,28.99226188659668,28800,0.0,0.0,0.0
2018-09-07 00:00:00-04:00,28.821664366870547,28.91145354261039,28.749836451385505,28.875537872314453,118300,0.0,0.0,0.0
2018-09-10 00:00:00-04:00,28.96531965062964,28.992258112210664,28.866556708520466,28.893491744995117,98500,0.0,0.0,0.0
2018-09-11 00:00:00-04:00,28.812688709194205,29.010221481323242,28.80371150369153,29.010221481323242,57600,0.0,0.0,0.0
2018-09-12 00:00:00-04:00,29.10898218203047,29.21672919033836,29.028177063459687,29.189790725708008,30700,0.0,0.0,0.0
2018-09-13 00:00:00-04:00,29.288557200011162,29.378346373895088,29.198771451234,29.270599365234375,31400,0.0,0.0,0.0
2018-09-14 00:00:00-04:00,29.25264754889321,29.261624754524075,29.108984857942826,29.234689712524414,48300,0.0,0.0,0.0
2018-09-17 00:00:00-04:00,29.315495273148436,29.36936535165246,29.225706100463867,29.225706100463867,24500,0.0,0.0,0.0
2018-09-18 00:00:00-04:00,29.432214836959986,29.575874082179002,29.369364131245828,29.513023376464844,40500,0.0,0.0,0.0
2018-09-19 00:00:00-04:00,29.441193708688953,29.51302161445685,29.34242734129002,29.49506378173828,32100,0.0,0.0,0.0
2018-09-20 00:00:00-04:00,29.60281616401908,29.710559754827102,29.53996545062215,29.629751205444336,37100,0.0,0.0,0.0
2018-09-21 00:00:00-04:00,29.59383103829201,29.656681742142176,29.522003130366024,29.620769500732422,42900,0.0,0.0,0.0
2018-09-24 00:00:00-04:00,29.5773095419497,29.740270210520848,29.47772553656147,29.53204345703125,29400,0.272,0.0,0.0
2018-09-25 00:00:00-04:00,29.604471513488217,29.658789433146513,29.522991180419922,29.522991180419922,34900,0.0,0.0,0.0
2018-09-26 00:00:00-04:00,29.532047845471194,29.713115665632444,29.52299600857477,29.568262100219727,33200,0.0,0.0,0.0
2018-09-27 00:00:00-04:00,29.5139409449762,29.613528419509503,29.441515888503805,29.54110336303711,32000,0.0,0.0,0.0
2018-09-28 00:00:00-04:00,29.360034050686384,29.441514393568948,29.287605544310207,29.40530014038086,30200,0.0,0.0,0.0
2018-10-01 00:00:00-04:00,29.40529832038973,29.48677865822921,29.350976943969727,29.350976943969727,141700,0.0,0.0,0.0
2018-10-02 00:00:00-04:00,29.160856911604853,29.215178287288545,29.088431864274266,29.142749786376953,42500,0.0,0.0,0.0
2018-10-03 00:00:00-04:00,29.160858695300714,29.233287200642575,29.05221939086914,29.05221939086914,75300,0.0,0.0,0.0
2018-10-04 00:00:00-04:00,28.934525078194394,28.934525078194394,28.68103221419224,28.825885772705078,71200,0.0,0.0,0.0
2018-10-05 00:00:00-04:00,28.75346087212336,28.78062156366561,28.56333948490909,28.681034088134766,72300,0.0,0.0,0.0
2018-10-08 00:00:00-04:00,28.50901982861533,28.6991412158296,28.48185913707308,28.681034088134766,84800,0.0,0.0,0.0
2018-10-09 00:00:00-04:00,28.509019875388674,28.699141262914868,28.509019875388674,28.653873443603516,94300,0.0,0.0,0.0
2018-10-10 00:00:00-04:00,28.572388575191766,28.726295682919208,28.15593506415896,28.183094024658203,47700,0.0,0.0,0.0
2018-10-11 00:00:00-04:00,28.101618494360057,28.20120423841577,27.77569711834696,27.911497116088867,423500,0.0,0.0,0.0
2018-10-12 00:00:00-04:00,28.02013561180692,28.02918744761774,27.712321390524075,27.902441024780273,175200,0.0,0.0,0.0
2018-10-15 00:00:00-04:00,27.911497116088867,27.974870333249044,27.83907033550714,27.911497116088867,120700,0.0,0.0,0.0
2018-10-16 00:00:00-04:00,28.155938782578573,28.291738783380662,28.08351200036475,28.23741912841797,62300,0.0,0.0,0.0
2018-10-17 00:00:00-04:00,28.24647082865133,28.264576227917367,28.047295895609658,28.210256576538086,69400,0.0,0.0,0.0
2018-10-18 00:00:00-04:00,28.210256185337162,28.228363311142687,27.884334827999968,28.002029418945312,80500,0.0,0.0,0.0
2018-10-19 00:00:00-04:00,28.13782793929915,28.26457435973688,28.074454729080283,28.183094024658203,33000,0.0,0.0,0.0
2018-10-22 00:00:00-04:00,28.192150036813715,28.32795175827216,27.96581613677047,28.0744571685791,122700,0.0,0.0,0.0
2018-10-23 00:00:00-04:00,27.839072190486643,28.002032889351625,27.658004363572047,27.93865966796875,148500,0.0,0.0,0.0
2018-10-24 00:00:00-04:00,27.87528233324651,27.87528233324651,27.476934208890007,27.504093170166016,49500,0.0,0.0,0.0
2018-10-25 00:00:00-04:00,27.667055434909393,27.884335771556383,27.658001871700275,27.75758934020996,95500,0.0,0.0,0.0
2018-10-26 00:00:00-04:00,27.485990598202385,27.72137807194769,27.386403125174184,27.603683471679688,160400,0.0,0.0,0.0
2018-10-29 00:00:00-04:00,27.866231912641997,27.87528547635168,27.368296269353515,27.54936408996582,108800,0.0,0.0,0.0
2018-10-30 00:00:00-04:00,27.603682836343875,27.77569708758144,27.576522146109316,27.766643524169922,111800,0.0,0.0,0.0
2018-10-31 00:00:00-04:00,27.830016469206807,27.992977155439824,27.82096290588379,27.82096290588379,79400,0.0,0.0,0.0
2018-11-01 00:00:00-04:00,28.03824070174381,28.155935287475586,28.020135303530868,28.155935287475586,119800,0.0,0.0,0.0
2018-11-02 00:00:00-04:00,28.210257163246926,28.255523252539327,27.929603610694674,28.0744571685791,93600,0.0,0.0,0.0
2018-11-05 00:00:00-05:00,28.10161541637,28.201201149518013,28.047294041790572,28.183094024658203,52000,0.0,0.0,0.0
2018-11-06 00:00:00-05:00,28.19215197632831,28.26457876025322,28.110671628563953,28.21931266784668,61600,0.0,0.0,0.0
2018-11-07 00:00:00-05:00,28.481856320936934,28.581443786621094,28.436590232966264,28.581443786621094,90400,0.0,0.0,0.0
2018-11-08 00:00:00-05:00,28.472802845922725,28.662922476605218,28.309842175743174,28.3551082611084,85400,0.0,0.0,0.0
2018-11-09 00:00:00-05:00,28.364165593068243,28.45469950262089,28.291738810784263,28.382272720336914,60100,0.0,0.0,0.0
2018-11-12 00:00:00-05:00,28.38227113754564,28.38227113754564,28.11972298716352,28.12877655029297,67700,0.0,0.0,0.0
2018-11-13 00:00:00-05:00,28.264577773522742,28.445645590409207,28.228365246219855,28.318899154663086,76300,0.0,0.0,0.0
2018-11-14 00:00:00-05:00,28.454699153932598,28.53617949885244,28.237418809743247,28.318899154663086,149600,0.0,0.0,0.0
2018-11-15 00:00:00-05:00,28.300789809398616,28.499963010929978,28.16498982077312,28.40037727355957,75500,0.0,0.0,0.0
2018-11-16 00:00:00-05:00,28.40037802038682,28.545231575635217,28.34605664207573,28.499963760375977,70800,0.0,0.0,0.0
2018-11-19 00:00:00-05:00,28.463750263798733,28.463750263798733,28.21930925011073,28.255521774291992,106700,0.0,0.0,0.0
2018-11-20 00:00:00-05:00,28.083508779714492,28.083508779714492,27.857174895403684,27.929601669311523,336000,0.0,0.0,0.0
2018-11-21 00:00:00-05:00,28.15593630522382,28.445643408588683,28.15593630522382,28.201202392578125,327700,0.0,0.0,0.0
2018-11-23 00:00:00-05:00,28.174046622397082,28.282685935070138,28.174046622397082,28.19215202331543,20100,0.0,0.0,0.0
2018-11-26 00:00:00-05:00,28.509021368445463,28.536182061454717,28.400382049990114,28.472808837890625,69900,0.0,0.0,0.0
2018-11-27 00:00:00-05:00,28.391323486563582,28.436589573484472,28.27362889770442,28.427536010742188,147300,0.0,0.0,0.0
2018-11-28 00:00:00-05:00,28.40943203544137,28.771567678126072,28.300792724068536,28.762514114379883,80100,0.0,0.0,0.0
2018-11-29 00:00:00-05:00,28.60860380993401,28.644816334109994,28.509016346566632,28.599550247192383,82300,0.0,0.0,0.0
2018-11-30 00:00:00-05:00,28.47280794217728,28.53618116374774,28.382274028452,28.51807403564453,63600,0.0,0.0,0.0
2018-12-03 00:00:00-05:00,28.75345775881715,28.75345775881715,28.55428455611186,28.63576316833496,117200,0.0,0.0,0.0
2018-12-04 00:00:00-05:00,28.6629275649025,28.6629275649025,28.20120615969161,28.22836685180664,111100,0.0,0.0,0.0
2018-12-06 00:00:00-05:00,28.002031654525357,28.246472692043533,27.73948348975605,28.23741912841797,337800,0.0,0.0,0.0
2018-12-07 00:00:00-05:00,28.30079303873616,28.39132695041395,28.002032338952958,28.047298431396484,159200,0.0,0.0,0.0
2018-12-10 00:00:00-05:00,27.938658171620517,27.938658171620517,27.61273679134636,27.8028564453125,349700,0.0,0.0,0.0
2018-12-11 00:00:00-05:00,28.038243245264265,28.056350371910302,27.71232359958887,27.82096290588379,207100,0.0,0.0,0.0
2018-12-12 00:00:00-05:00,28.08351139830223,28.237418523055943,28.056350708007812,28.056350708007812,134600,0.0,0.0,0.0
2018-12-13 00:00:00-05:00,28.1016166587693,28.110668494808927,27.974868505937444,28.02918815612793,225100,0.0,0.0,0.0
2018-12-14 00:00:00-05:00,27.9296032707285,28.029189011317726,27.830015803348676,27.839069366455078,188200,0.0,0.0,0.0
2018-12-17 00:00:00-05:00,27.884336989980316,27.893390553585036,27.56747089776859,27.630844116210938,182500,0.0,0.0,0.0
2018-12-18 00:00:00-05:00,27.694218625021282,27.811911503784966,27.585577583493382,27.62179183959961,284700,0.0,0.0,0.0
2018-12-19 00:00:00-05:00,27.75759187318609,28.011086485801812,27.368297253622604,27.449777603149414,286000,0.0,0.0,0.0
2018-12-20 00:00:00-05:00,27.549364458367773,27.585576986900058,27.323030542971114,27.440723419189453,798500,0.0,0.0,0.0
2018-12-21 00:00:00-05:00,27.22344143652418,27.332082469193246,26.88846822880994,26.897520065307617,974700,0.0,0.0,0.0
2018-12-24 00:00:00-05:00,26.838021682283248,26.984477324121684,26.654953002929688,26.654953002929688,117300,0.325,0.0,0.0
2018-12-26 00:00:00-05:00,26.947867314354465,27.25908602470059,26.673261645637147,27.222471237182617,573400,0.0,0.0,0.0
2018-12-27 00:00:00-05:00,26.8380227233204,27.195008145912798,26.819715330908217,27.17670249938965,709600,0.0,0.0,0.0
2018-12-28 00:00:00-05:00,27.36892318725586,27.46045839775951,27.240774940084105,27.36892318725586,330900,0.0,0.0,0.0
2018-12-31 00:00:00-05:00,27.497077253546028,27.497077253546028,27.268240066332986,27.314006805419922,297300,0.0,0.0,0.0
2019-01-02 00:00:00-05:00,27.07601337614163,27.350617276629606,27.07601337614163,27.332311630249023,136200,0.0,0.0,0.0
2019-01-03 00:00:00-05:00,27.323155336980864,27.359768372150892,27.176699704523045,27.249927520751953,126800,0.0,0.0,0.0
2019-01-04 00:00:00-05:00,27.478766975125847,27.85405978308984,27.478766975125847,27.78998565673828,119800,0.0,0.0,0.0
2019-01-07 00:00:00-05:00,27.771677728312863,27.982207495370297,27.72591099491393,27.954748153686523,100200,0.0,0.0,0.0
2019-01-08 00:00:00-05:00,28.05543452164521,28.128662340542633,27.95474736184183,28.073741912841797,222100,0.0,0.0,0.0
2019-01-09 00:00:00-05:00,28.211045581205983,28.366654924120493,28.192738188889212,28.330041885375977,123000,0.0,0.0,0.0
2019-01-10 00:00:00-05:00,28.30257901849471,28.54972356157461,28.30257901849471,28.47649574279785,105500,0.0,0.0,0.0
2019-01-11 00:00:00-05:00,28.384964412165537,28.531420069734825,28.375810715331312,28.42157745361328,156900,0.0,0.0,0.0
2019-01-14 00:00:00-05:00,28.3758096319813,28.449037457970203,28.311735502477145,28.403270721435547,108700,0.0,0.0,0.0
2019-01-15 00:00:00-05:00,28.41242550266821,28.45819224095018,28.293429189712445,28.42157745361328,67200,0.0,0.0,0.0
2019-01-16 00:00:00-05:00,28.503959907892426,28.59549513332774,28.485654259516732,28.549728393554688,142400,0.0,0.0,0.0
2019-01-17 00:00:00-05:00,28.430727391244446,28.71448671791837,28.41242174588558,28.62295150756836,91700,0.0,0.0,0.0
2019-01-18 00:00:00-05:00,28.796866711392607,28.815174102783203,28.73279258741445,28.815174102783203,105300,0.0,0.0,0.0
2019-01-22 00:00:00-05:00,28.604646663352593,28.63210775266948,28.40327057936266,28.503957748413086,192500,0.0,0.0,0.0
2019-01-23 00:00:00-05:00,28.67787427201188,28.70533536112101,28.522264925504945,28.65956687927246,126300,0.0,0.0,0.0
2019-01-24 00:00:00-05:00,28.641258239746094,28.72363800668763,28.568028676440047,28.641258239746094,84000,0.0,0.0,0.0
2019-01-25 00:00:00-05:00,28.833482436679436,28.952476992830128,28.833482436679436,28.94332504272461,199200,0.0,0.0,0.0
2019-01-28 00:00:00-05:00,28.751102559786066,28.934172998348373,28.751102559786066,28.897558212280273,60300,0.0,0.0,0.0
2019-01-29 00:00:00-05:00,29.071474053669974,29.089781446136847,28.97078514099121,28.97078514099121,210900,0.0,0.0,0.0
2019-01-30 00:00:00-05:00,29.080627982069085,29.29115775945177,28.970785372279956,29.263696670532227,110700,0.0,0.0,0.0
2019-01-31 00:00:00-05:00,29.23623881029616,29.2728518514901,29.12639619493607,29.22708511352539,104600,0.0,0.0,0.0
2019-02-01 00:00:00-05:00,29.181311473275173,29.254539288612687,29.144698438550837,29.163005828857422,72600,0.0,0.0,0.0
2019-02-04 00:00:00-05:00,29.144704830172635,29.2545457043233,29.098938090258063,29.245393753051758,300700,0.0,0.0,0.0
2019-02-05 00:00:00-05:00,29.38268779650535,29.455917358398438,29.346076507336505,29.455917358398438,132600,0.0,0.0,0.0
2019-02-06 00:00:00-05:00,29.400997628983987,29.400997628983987,29.291156768798828,29.291156768798828,102500,0.0,0.0,0.0
2019-02-07 00:00:00-05:00,29.24539125952019,29.254543210011416,29.080628216453068,29.208776473999023,206600,0.0,0.0,0.0
2019-02-08 00:00:00-05:00,29.135550790708027,29.190471227138115,29.04401556606508,29.153858184814453,71200,0.0,0.0,0.0
2019-02-11 00:00:00-05:00,29.13554754176849,29.172162325898388,29.034858631300267,29.089780807495117,78600,0.0,0.0,0.0
2019-02-12 00:00:00-05:00,29.236233845202484,29.291154270611003,29.199619064337575,29.254539489746094,50800,0.0,0.0,0.0
2019-02-13 00:00:00-05:00,29.282002717645696,29.327771197075226,29.199621200561523,29.199621200561523,108000,0.0,0.0,0.0
2019-02-14 00:00:00-05:00,29.190468751257445,29.263696575582916,29.09893528026739,29.21792984008789,106200,0.0,0.0,0.0
2019-02-15 00:00:00-05:00,29.419303922053036,29.51999282836914,29.364385239900876,29.51999282836914,270800,0.0,0.0,0.0
2019-02-19 00:00:00-05:00,29.45592442274472,29.64814683114778,29.42846507633815,29.62068748474121,108000,0.0,0.0,0.0
2019-02-20 00:00:00-05:00,29.638991723695312,29.748832589404458,29.574917594383464,29.60237693786621,82900,0.0,0.0,0.0
2019-02-21 00:00:00-05:00,29.657302274468993,29.666454226011673,29.538305953742963,29.62068748474121,147800,0.0,0.0,0.0
2019-02-22 00:00:00-05:00,29.730525970458984,29.77629270804772,29.675603790285553,29.730525970458984,76000,0.0,0.0,0.0
2019-02-25 00:00:00-05:00,29.84952161816092,29.876980961748185,29.71221791666825,29.74883270263672,89100,0.0,0.0,0.0
2019-02-26 00:00:00-05:00,29.730525496707077,29.913595935923063,29.730525496707077,29.84036636352539,63900,0.0,0.0,0.0
2019-02-27 00:00:00-05:00,29.794602596008357,29.8037580393596,29.693913669815952,29.76714324951172,66500,0.0,0.0,0.0
2019-02-28 00:00:00-05:00,29.767137036543545,29.822059209852064,29.739677695778195,29.776288986206055,92300,0.0,0.0,0.0
2019-03-01 00:00:00-05:00,29.831212287132548,29.87697902073072,29.620682519158603,29.648141860961914,401400,0.0,0.0,0.0
2019-03-04 00:00:00-05:00,29.69391116707687,29.72137400303736,29.538303561006515,29.629837036132812,221000,0.0,0.0,0.0
2019-03-05 00:00:00-05:00,29.65729805874502,29.721372185771372,29.611527832202167,29.675601959228516,100600,0.0,0.0,0.0
2019-03-06 00:00:00-05:00,29.73052595383869,29.73052595383869,29.574918347768335,29.629837036132812,168000,0.0,0.0,0.0
2019-03-07 00:00:00-05:00,29.638993033670527,29.638993033670527,29.428463243515495,29.46507453918457,167100,0.0,0.0,0.0
2019-03-08 00:00:00-05:00,29.391844580976958,29.51999282836914,29.382689139433026,29.51999282836914,68000,0.0,0.0,0.0
2019-03-11 00:00:00-04:00,29.565761513844457,29.721372604370117,29.565761513844457,29.721372604370117,43100,0.0,0.0,0.0
2019-03-12 00:00:00-04:00,29.70306596606522,29.75798465323975,29.684758573080988,29.74883270263672,83400,0.0,0.0,0.0
2019-03-13 00:00:00-04:00,29.83121673244679,29.913598261910806,29.785449992028667,29.886138916015625,96100,0.0,0.0,0.0
2019-03-14 00:00:00-04:00,29.90443792127735,29.922745312802075,29.812904455431635,29.858671188354492,44200,0.0,0.0,0.0
2019-03-15 00:00:00-04:00,29.986822146029578,30.10581845580054,29.941055408972506,30.08751106262207,86900,0.0,0.0,0.0
2019-03-18 00:00:00-04:00,30.0985430389102,30.162895168395977,30.043382567810372,30.126121520996094,58900,0.142,0.0,0.0
2019-03-19 00:00:00-04:00,30.291601214648523,30.291601214648523,30.126123298513466,30.153701782226562,70300,0.0,0.0,0.0
2019-03-20 00:00:00-04:00,30.043380720302928,30.319176044986047,29.988220252595173,30.1812801361084,73500,0.0,0.0,0.0
2019-03-21 00:00:00-04:00,30.089349680907425,30.227249113475875,29.969837073143314,30.190475463867188,76400,0.0,0.0,0.0
2019-03-22 00:00:00-04:00,30.03418768533864,30.06176967461232,29.90548342515503,29.93306541442871,114000,0.0,0.0,0.0
2019-03-25 00:00:00-04:00,29.997417176527485,30.03418731689453,29.896291399930043,30.03418731689453,168700,0.0,0.0,0.0
2019-03-26 00:00:00-04:00,30.181283740728368,30.245635873942557,30.089349616902208,30.116928100585938,92200,0.0,0.0,0.0
2019-03-27 00:00:00-04:00,30.199665232048265,30.23643887935461,30.080156138694697,30.208860397338867,94300,0.0,0.0,0.0
2019-03-28 00:00:00-04:00,30.181280099561743,30.218050237727898,30.1077328093738,30.144506454467773,59800,0.0,0.0,0.0
2019-03-29 00:00:00-04:00,30.199663451749824,30.227245439067612,30.116924503652108,30.1812801361084,112800,0.0,0.0,0.0
2019-04-01 00:00:00-04:00,30.33756461367202,30.35595143729955,30.254825660812156,30.328372955322266,105000,0.0,0.0,0.0
2019-04-02 00:00:00-04:00,30.346758034616045,30.346758034616045,30.227248934487847,30.337566375732422,101200,0.0,0.0,0.0
2019-04-03 00:00:00-04:00,30.447883589694936,30.53981771248602,30.383531457205276,30.42949676513672,2508900,0.0,0.0,0.0
2019-04-04 00:00:00-04:00,30.346756195666607,30.41111183166504,30.328372879013358,30.41111183166504,72500,0.0,0.0,0.0
2019-04-05 00:00:00-04:00,30.319175720214844,30.355949364959436,30.2548235953757,30.319175720214844,105600,0.0,0.0,0.0
2019-04-08 00:00:00-04:00,30.38353158661835,30.401918411254883,30.300792629218066,30.401918411254883,96600,0.0,0.0,0.0
2019-04-09 00:00:00-04:00,30.319179600274207,30.319179600274207,30.20886215885048,30.218053817749023,177000,0.0,0.0,0.0
2019-04-10 00:00:00-04:00,30.31917959929443,30.39272689819336,30.26401912512023,30.39272689819336,146000,0.0,0.0,0.0
2019-04-11 00:00:00-04:00,30.355951402840926,30.383529884786903,30.29159927368164,30.29159927368164,74700,0.0,0.0,0.0
2019-04-12 00:00:00-04:00,30.503042186282176,30.503042186282176,30.401916410899133,30.46626853942871,84500,0.0,0.0,0.0
2019-04-15 00:00:00-04:00,30.466270414253152,30.466270414253152,30.383531457205276,30.42949676513672,35500,0.0,0.0,0.0
2019-04-16 00:00:00-04:00,30.48465740107161,30.50304422572769,30.429496927103358,30.438692092895508,100400,0.0,0.0,0.0
2019-04-17 00:00:00-04:00,30.484655619062085,30.484655619062085,30.36514301924787,30.41111183166504,81400,0.0,0.0,0.0
2019-04-18 00:00:00-04:00,30.374339927764193,30.43869206052795,30.337566278491128,30.401918411254883,140100,0.0,0.0,0.0
2019-04-22 00:00:00-04:00,30.3559530707699,30.411113544620697,30.328374587308605,30.365144729614258,104700,0.0,0.0,0.0
2019-04-23 00:00:00-04:00,30.291597240120293,30.346754200309395,30.236436773003405,30.319175720214844,94600,0.0,0.0,0.0
2019-04-24 00:00:00-04:00,30.27321427579082,30.291601100506348,30.14451000971036,30.19966697692871,99700,0.0,0.0,0.0
2019-04-25 00:00:00-04:00,30.181281804626096,30.254825592041016,30.135312992197758,30.254825592041016,79800,0.0,0.0,0.0
2019-04-26 00:00:00-04:00,30.27321616099321,30.38353360922794,30.27321616099321,30.355955123901367,135000,0.0,0.0,0.0
2019-04-29 00:00:00-04:00,30.355954992575942,30.420307129345172,30.309989681587698,30.383533477783203,164500,0.0,0.0,0.0
2019-04-30 00:00:00-04:00,30.37433979839027,30.48465723881137,30.328374490458827,30.42949676513672,59700,0.0,0.0,0.0
2019-05-01 00:00:00-04:00,30.466270739741464,30.5949750060958,30.27321434020996,30.27321434020996,101200,0.0,0.0,0.0
2019-05-02 00:00:00-04:00,30.355951402840926,30.355951402840926,30.21805197925502,30.29159927368164,89700,0.0,0.0,0.0
2019-05-03 00:00:00-04:00,30.429498586827005,30.512237548828125,30.355954791119572,30.512237548828125,84800,0.0,0.0,0.0
2019-05-06 00:00:00-04:00,30.043380380194673,30.365141004194495,30.043380380194673,30.30078887939453,120200,0.0,0.0,0.0
2019-05-07 00:00:00-04:00,30.227245439067612,30.282402399847545,30.07095920069289,30.1812801361084,114800,0.0,0.0,0.0
2019-05-08 00:00:00-04:00,30.218050274319076,30.245632261636864,30.107732845831393,30.1812801361084,64800,0.0,0.0,0.0
2019-05-09 00:00:00-04:00,30.015805856732843,30.21805391550928,29.96983704130669,30.153701782226562,85500,0.0,0.0,0.0
2019-05-10 00:00:00-04:00,30.26402099459872,30.438694086809527,30.144511886897952,30.355955123901367,84400,0.0,0.0,0.0
2019-05-13 00:00:00-04:00,30.126123542512772,30.1353152015155,29.979032449971196,30.080158233642578,86600,0.0,0.0,0.0
2019-05-14 00:00:00-04:00,30.21805590122293,30.31918169072053,30.16289893017222,30.245637893676758,167300,0.0,0.0,0.0
2019-05-15 00:00:00-04:00,30.1536978074335,30.365141004194495,30.089345682633535,30.30078887939453,52900,0.0,0.0,0.0
2019-05-16 00:00:00-04:00,30.48465541497331,30.63174649571067,30.457076933250054,30.52142906188965,97500,0.0,0.0,0.0
2019-05-17 00:00:00-04:00,30.401918411254883,30.493849027509327,30.346757937345288,30.401918411254883,151500,0.0,0.0,0.0
2019-05-20 00:00:00-04:00,30.383529732309654,30.512233989982334,30.319177603473314,30.457077026367188,92500,0.0,0.0,0.0
2019-05-21 00:00:00-04:00,30.54901137682566,30.576589862009396,30.466272414346022,30.539819717407227,212400,0.0,0.0,0.0
2019-05-22 00:00:00-04:00,30.47546357688884,30.567394186709258,30.438689930189483,30.493846893310547,75400,0.0,0.0,0.0
2019-05-23 00:00:00-04:00,30.346756195666607,30.466268795480822,30.328372879013358,30.41111183166504,46400,0.0,0.0,0.0
2019-05-24 00:00:00-04:00,30.63174824839316,30.73287402973529,30.60416976509192,30.686908721923828,58300,0.0,0.0,0.0
2019-05-28 00:00:00-04:00,30.57658785467425,30.74206576877,30.42030510632171,30.42949676513672,92900,0.0,0.0,0.0
2019-05-29 00:00:00-04:00,30.37433797008651,30.383529628348253,30.24563371285421,30.346755981445312,85900,0.0,0.0,0.0
2019-05-30 00:00:00-04:00,30.355949346477836,30.401914648916698,30.28240205703343,30.30078887939453,134800,0.0,0.0,0.0
2019-05-31 00:00:00-04:00,30.08015996666768,30.245637893676758,30.08015996666768,30.245637893676758,84800,0.0,0.0,0.0
2019-06-03 00:00:00-04:00,30.365146726926646,30.48465934133372,30.264020938345922,30.475467681884766,439700,0.0,0.0,0.0
2019-06-04 00:00:00-04:00,30.63174811932239,30.714487075805664,30.512235513973618,30.714487075805664,320500,0.0,0.0,0.0
2019-06-05 00:00:00-04:00,30.74206006107892,30.74206006107892,30.622550984031335,30.64093780517578,54200,0.0,0.0,0.0
2019-06-06 00:00:00-04:00,30.806417402404506,30.916738347967357,30.806417402404506,30.907543182373047,50900,0.0,0.0,0.0
2019-06-07 00:00:00-04:00,31.10979261782007,31.256883694930863,31.10979261782007,31.174144744873047,63400,0.0,0.0,0.0
2019-06-10 00:00:00-04:00,31.118988314019273,31.17414879019169,31.073023004006433,31.082218170166016,123200,0.0,0.0,0.0
2019-06-11 00:00:00-04:00,31.256889564855427,31.275276391313238,31.10060680035686,31.14657211303711,68500,0.0,0.0,0.0
2019-06-12 00:00:00-04:00,31.164957115480732,31.183340433934045,31.036249337809014,31.063831329345703,110100,0.0,0.0,0.0
2019-06-13 00:00:00-04:00,31.210920396259446,31.210920396259446,31.063829309697695,31.10979461669922,51400,0.0,0.0,0.0
2019-06-14 00:00:00-04:00,30.999477369954086,31.036247511625508,30.91673841406912,30.981090545654297,67300,0.0,0.0,0.0
2019-06-17 00:00:00-04:00,30.99028215467541,31.008668978945728,30.92593002319336,30.92593002319336,60000,0.0,0.0,0.0
2019-06-18 00:00:00-04:00,31.210920350523327,31.312046129935364,31.18333836082033,31.229307174682617,111200,0.0,0.0,0.0
2019-06-19 00:00:00-04:00,31.229306728382124,31.431554777387735,31.16495459820833,31.41316795349121,125600,0.0,0.0,0.0
2019-06-20 00:00:00-04:00,31.698162327897364,31.698162327897364,31.514297573444793,31.624618530273438,101500,0.0,0.0,0.0
2019-06-21 00:00:00-04:00,31.569454210035012,31.652193164123382,31.47752359746041,31.587841033935547,60100,0.0,0.0,0.0
2019-06-24 00:00:00-04:00,31.75994104782071,31.75994104782071,31.59248940215062,31.64830780029297,70500,0.405,0.0,0.0
2019-06-25 00:00:00-04:00,31.704130728700534,31.73203815738098,31.50876808166504,31.50876808166504,99200,0.0,0.0,0.0
2019-06-26 00:00:00-04:00,31.601793178344835,31.601793178344835,31.452947670402885,31.471553802490234,116800,0.0,0.0,0.0
2019-06-27 00:00:00-04:00,31.45294952392578,31.462250816139164,31.294799166241937,31.45294952392578,69800,0.0,0.0,0.0
2019-06-28 00:00:00-04:00,31.52737225683523,31.564584525267136,31.462252561458012,31.49015998840332,60500,0.0,0.0,0.0
2019-07-01 00:00:00-04:00,31.741336570964936,31.769247545870627,31.397131969689962,31.462251663208008,471300,0.0,0.0,0.0
2019-07-02 00:00:00-04:00,31.648309759688637,31.722730746395666,31.555279090358383,31.666915893554688,84700,0.0,0.0,0.0
2019-07-03 00:00:00-04:00,31.946000149710493,32.039027268378184,31.843668189921775,32.0111198425293,70800,0.0,0.0,0.0
2019-07-05 00:00:00-04:00,31.890185413674796,31.89949025586502,31.694826312770175,31.86227798461914,311500,0.0,0.0,0.0
2019-07-08 00:00:00-04:00,31.732034735774107,31.778548294811863,31.68552117673635,31.750640869140625,77500,0.0,0.0,0.0
2019-07-09 00:00:00-04:00,31.676216335674553,31.750640869140625,31.639004068941514,31.750640869140625,58700,0.0,0.0,0.0
2019-07-10 00:00:00-04:00,31.880876266769985,31.880876266769985,31.750636898249812,31.787845611572266,182100,0.0,0.0,0.0
2019-07-11 00:00:00-04:00,31.899483678378793,31.899483678378793,31.77854559614515,31.852970123291016,161700,0.0,0.0,0.0
2019-07-12 00:00:00-04:00,31.86227316334828,31.86227316334828,31.732033782452497,31.79715347290039,116300,0.0,0.0,0.0
2019-07-15 00:00:00-04:00,31.890182443093877,31.899487284417354,31.806456614968482,31.8715763092041,80400,0.0,0.0,0.0
2019-07-16 00:00:00-04:00,31.843673577753947,31.852978420449322,31.68552673950959,31.694828033447266,120800,0.0,0.0,0.0
2019-07-17 00:00:00-04:00,31.778552163187936,31.852976705713644,31.704131169419735,31.769250869750977,108500,0.0,0.0,0.0
2019-07-18 00:00:00-04:00,31.74133238596067,31.89948272705078,31.611093016096273,31.89948272705078,68400,0.0,0.0,0.0
2019-07-19 00:00:00-04:00,31.862276946338323,31.862276946338323,31.685523986816406,31.685523986816406,101900,0.0,0.0,0.0
2019-07-22 00:00:00-04:00,31.657609886843222,31.67621602002433,31.573884061906746,31.63900375366211,61600,0.0,0.0,0.0
2019-07-23 00:00:00-04:00,31.69482331997518,31.73203558770728,31.564583931669997,31.666915893554688,79100,0.0,0.0,0.0
2019-07-24 00:00:00-04:00,31.629702461450076,31.69482215320544,31.59249019508786,31.63900375366211,77800,0.0,0.0,0.0
2019-07-25 00:00:00-04:00,31.6110980864284,31.73203618445348,31.415739000296746,31.49015998840332,44500,0.0,0.0,0.0
2019-07-26 00:00:00-04:00,31.573880301113913,31.573880301113913,31.490154486150097,31.564579010009766,69500,0.0,0.0,0.0
2019-07-29 00:00:00-04:00,31.629699598198687,31.63900088956873,31.583186043835035,31.592487335205078,56500,0.0,0.0,0.0
2019-07-30 00:00:00-04:00,31.49015808287982,31.49015808287982,31.313405141659743,31.397130966186523,133600,0.0,0.0,0.0
2019-07-31 00:00:00-04:00,31.406433061529906,31.434344036257304,31.06222846245371,31.201772689819336,61100,0.0,0.0,0.0
2019-08-01 00:00:00-04:00,31.27619181700803,31.480855725315333,31.108740173621495,31.22037696838379,198500,0.0,0.0,0.0
2019-08-02 00:00:00-04:00,31.238985700685014,31.341314114597964,31.12734889663183,31.17386245727539,116100,0.0,0.0,0.0
2019-08-05 00:00:00-04:00,30.931984501403083,31.03431644650201,30.65289963670565,30.662200927734375,208700,0.0,0.0,0.0
2019-08-06 00:00:00-04:00,30.866869819524666,30.8854759533536,30.690116871285547,30.876171112060547,189400,0.0,0.0,0.0
2019-08-07 00:00:00-04:00,30.82965306821526,31.090131806423773,30.74592725254015,31.015710830688477,194500,0.0,0.0,0.0
2019-08-08 00:00:00-04:00,31.16456241979565,31.36922635337875,31.155261126795214,31.332014083862305,346700,0.0,0.0,0.0
2019-08-09 00:00:00-04:00,31.304103745548755,31.378524728904875,31.155258230079504,31.266891479492188,177600,0.0,0.0,0.0
2019-08-12 00:00:00-04:00,31.145952222763796,31.257585467995792,30.969199288750062,31.05292510986328,88700,0.0,0.0,0.0
2019-08-13 00:00:00-04:00,31.07153235324507,31.257586585698995,31.07153235324507,31.2482852935791,135400,0.0,0.0,0.0
2019-08-14 00:00:00-04:00,30.78314283542369,30.820355101683823,30.531965361303342,30.569177627563477,125200,0.0,0.0,0.0
2019-08-15 00:00:00-04:00,30.680809975026165,30.76453579726992,30.587782860869517,30.727323532104492,110200,0.0,0.0,0.0
2019-08-16 00:00:00-04:00,30.9505951097164,31.09013578787361,30.913382842704966,31.071533203125,215100,0.0,0.0,0.0
2019-08-19 00:00:00-04:00,31.201769668751787,31.25758451528815,31.145951273458653,31.19246482849121,91100,0.0,0.0,0.0
2019-08-20 00:00:00-04:00,31.248286993310845,31.248286993310845,31.099441469997135,31.17386245727539,594900,0.0,0.0,0.0
2019-08-21 00:00:00-04:00,31.378524675799657,31.378524675799657,31.220377868462414,31.2482852935791,73400,0.0,0.0,0.0
2019-08-22 00:00:00-04:00,31.248290934662624,31.248290934662624,31.07153796242034,31.118051528930664,96100,0.0,0.0,0.0
2019-08-23 00:00:00-04:00,31.108741605423358,31.201772272007073,30.950594795366648,30.959896087646484,965700,0.0,0.0,0.0
2019-08-26 00:00:00-04:00,31.118047558438995,31.118047558438995,30.950595901361627,31.06222915649414,145400,0.0,0.0,0.0
2019-08-27 00:00:00-04:00,31.155257806747606,31.192466523541572,30.997107452534618,31.025014877319336,103600,0.0,0.0,0.0
2019-08-28 00:00:00-04:00,31.05292415859767,31.15525610890756,30.978499631551646,31.099437713623047,173000,0.0,0.0,0.0
2019-08-29 00:00:00-04:00,31.304105551421188,31.34131427086724,31.22037972234244,31.22968101501465,137800,0.0,0.0,0.0
2019-08-30 00:00:00-04:00,31.387832385523105,31.397133678493134,31.201774587306492,31.294801712036133,79300,0.0,0.0,0.0
2019-09-03 00:00:00-04:00,31.16456241979565,31.341315376862745,31.16456241979565,31.332014083862305,266200,0.0,0.0,0.0
2019-09-04 00:00:00-04:00,31.592496056344352,31.722735464017983,31.53668119520291,31.694828033447266,84800,0.0,0.0,0.0
2019-09-05 00:00:00-04:00,31.80646130448785,31.843673577753947,31.657615760181166,31.694828033447266,152600,0.0,0.0,0.0
2019-09-06 00:00:00-04:00,31.787848632118134,31.843667030540743,31.70412635761968,31.79715347290039,148800,0.0,0.0,0.0
2019-09-09 00:00:00-04:00,31.880880253949172,31.880880253949172,31.68552117673635,31.750640869140625,60800,0.0,0.0,0.0
2019-09-10 00:00:00-04:00,31.62970156111829,31.676215118368546,31.536674446617777,31.611095428466797,111100,0.0,0.0,0.0
2019-09-11 00:00:00-04:00,31.666911129328525,31.713424682617188,31.601791444973067,31.713424682617188,120100,0.0,0.0,0.0
2019-09-12 00:00:00-04:00,31.759939464358684,31.91808981016526,31.69481977748444,31.852970123291016,276900,0.0,0.0,0.0
2019-09-13 00:00:00-04:00,31.964601295397824,31.983207425979458,31.880875482158746,31.89017677307129,144700,0.0,0.0,0.0
2019-09-16 00:00:00-04:00,31.778547127296882,31.778547127296882,31.6948213046021,31.722728729248047,59300,0.0,0.0,0.0
2019-09-17 00:00:00-04:00,31.76925085526194,31.890185413674796,31.694826312770175,31.86227798461914,59600,0.0,0.0,0.0
2019-09-18 00:00:00-04:00,31.862270464587617,31.927390149519816,31.759938517192253,31.89948272705078,42000,0.0,0.0,0.0
2019-09-19 00:00:00-04:00,32.029723165237385,32.076236720489426,31.927391214428837,31.98320960998535,130600,0.0,0.0,0.0
2019-09-20 00:00:00-04:00,32.06693638590861,32.085542518316046,31.992511856278888,32.02972412109375,175900,0.0,0.0,0.0
2019-09-23 00:00:00-04:00,32.11047056639785,32.11047056639785,31.913301874277906,32.0071907043457,154800,0.316,0.0,0.0
2019-09-24 00:00:00-04:00,32.09168878124623,32.11046726165301,31.997799960841284,32.01657485961914,95900,0.0,0.0,0.0
2019-09-25 00:00:00-04:00,31.988411702543154,32.007190184577624,31.875744391965558,31.997802734375,114700,0.0,0.0,0.0
2019-09-26 00:00:00-04:00,32.15741805232939,32.16680550358092,32.06352921329561,32.1104736328125,98600,0.0,0.0,0.0
2019-09-27 00:00:00-04:00,32.138633947750165,32.138633947750165,31.96024375213124,32.02596664428711,104100,0.0,0.0,0.0
2019-09-30 00:00:00-04:00,32.072914123535156,32.12924957146996,32.00719122509255,32.072914123535156,121500,0.0,0.0,0.0
2019-10-01 00:00:00-04:00,32.03535611369021,32.03535611369021,31.856965906823987,31.94146728515625,129600,0.0,0.0,0.0
2019-10-02 00:00:00-04:00,31.734908011361288,31.772464975955494,31.462625390497205,31.54712677001953,158600,0.0,0.0,0.0
2019-10-03 00:00:00-04:00,31.622243125252105,31.73491044604923,31.547129190300986,31.725522994995117,96000,0.0,0.0,0.0
2019-10-04 00:00:00-04:00,31.866353875420042,31.950855255126953,31.78185249571313,31.950855255126953,103000,0.0,0.0,0.0
2019-10-07 00:00:00-04:00,31.979026275708573,32.063527659395625,31.885133859595488,31.91330337524414,73400,0.0,0.0,0.0
2019-10-08 00:00:00-04:00,31.903910661473006,31.903910661473006,31.71612942077241,31.744298934936523,72700,0.0,0.0,0.0
2019-10-09 00:00:00-04:00,31.92268880312361,31.969633217390594,31.791243010524365,31.94146728515625,82700,0.0,0.0,0.0
2019-10-10 00:00:00-04:00,31.885133859595488,32.00719220972777,31.82880199155709,31.91330337524414,61000,0.0,0.0,0.0
2019-10-11 00:00:00-04:00,32.288859276123716,32.36397320199179,32.157413487483716,32.213748931884766,214600,0.0,0.0,0.0
2019-10-14 00:00:00-04:00,32.15741347783141,32.2043578906703,32.063524652153625,32.101078033447266,69700,0.0,0.0,0.0
2019-10-15 00:00:00-04:00,32.148029610446606,32.36397679887366,32.119860094300805,32.270084381103516,147800,0.0,0.0,0.0
2019-10-16 00:00:00-04:00,32.22313996159448,32.37336424839049,32.22313996159448,32.326419830322266,124900,0.0,0.0,0.0
2019-10-17 00:00:00-04:00,32.392147825107706,32.47664922356884,32.317033879084434,32.3452033996582,136900,0.0,0.0,0.0
2019-10-18 00:00:00-04:00,32.27947847131584,32.40153325353419,32.24192150065026,32.31703186035156,84200,0.0,0.0,0.0
2019-10-21 00:00:00-04:00,32.48602826569255,32.495419297329256,32.4109179207447,32.4484748840332,68200,0.0,0.0,0.0
2019-10-22 00:00:00-04:00,32.54236422854392,32.62686560647334,32.392139954628206,32.401527404785156,184700,0.0,0.0,0.0
2019-10-23 00:00:00-04:00,32.42969639809799,32.448474879739756,32.35458247153092,32.39213943481445,108900,0.0,0.0,0.0
2019-10-24 00:00:00-04:00,32.504810050187054,32.504810050187054,32.35458576339773,32.382755279541016,171400,0.0,0.0,0.0
2019-10-25 00:00:00-04:00,32.34519502152461,32.42969639809799,32.29825060823477,32.39213943481445,154400,0.0,0.0,0.0
2019-10-28 00:00:00-04:00,32.401529428603034,32.476643361067154,32.34519756088438,32.4296989440918,102500,0.0,0.0,0.0
2019-10-29 00:00:00-04:00,32.32641653988284,32.40152688482076,32.279472126593,32.39213943481445,91800,0.0,0.0,0.0
2019-10-30 00:00:00-04:00,32.40152867791871,32.49542109132354,32.307639846143225,32.47664260864258,95200,0.0,0.0,0.0
2019-10-31 00:00:00-04:00,32.49542363700531,32.523589572418594,32.39214376498375,32.45786666870117,260900,0.0,0.0,0.0
2019-11-01 00:00:00-04:00,32.6925875379542,32.77708891339064,32.62686464390688,32.73014450073242,422700,0.0,0.0,0.0
2019-11-04 00:00:00-05:00,32.824038429380856,32.824038429380856,32.61748226524446,32.69259262084961,233900,0.0,0.0,0.0
2019-11-05 00:00:00-05:00,32.636251557152455,32.636251557152455,32.48602729013882,32.55175018310547,166700,0.0,0.0,0.0
2019-11-06 00:00:00-05:00,32.52358627566635,32.598700204660695,32.40152793186516,32.57992172241211,118300,0.0,0.0,0.0
2019-11-07 00:00:00-05:00,32.701979314229995,32.701979314229995,32.61747793686909,32.62686538696289,136900,0.0,0.0,0.0
2019-11-08 00:00:00-05:00,32.42969691851444,32.48602878271458,32.37336147268509,32.401527404785156,68200,0.0,0.0,0.0
2019-11-11 00:00:00-05:00,32.354582990741974,32.43908436867139,32.354582990741974,32.401527404785156,78900,0.0,0.0,0.0
2019-11-12 00:00:00-05:00,32.33581034568435,32.36397986449847,32.27947847131584,32.31703186035156,95600,0.0,0.0,0.0
2019-11-13 00:00:00-05:00,32.148030362209724,32.27947616853219,32.148030362209724,32.223140716552734,173600,0.0,0.0,0.0
2019-11-14 00:00:00-05:00,32.13863806081005,32.298253377636655,32.13863806081005,32.26069641113281,77600,0.0,0.0,0.0
2019-11-15 00:00:00-05:00,32.36397148494328,32.457860305668035,32.27947011363942,32.42030334472656,83400,0.0,0.0,0.0
2019-11-18 00:00:00-05:00,32.46725239068753,32.59869817662083,32.46725239068753,32.55175018310547,91300,0.0,0.0,0.0
2019-11-19 00:00:00-05:00,32.673811827072356,32.673811827072356,32.51420009417465,32.54236602783203,113500,0.0,0.0,0.0
2019-11-20 00:00:00-05:00,32.47664081568501,32.58930812392137,32.382751989092895,32.4484748840332,129000,0.0,0.0,0.0
2019-11-21 00:00:00-05:00,32.532978810415244,32.532978810415244,32.39214197785974,32.4296989440918,72100,0.0,0.0,0.0
2019-11-22 00:00:00-05:00,32.50480674733681,32.50480674733681,32.37336095745619,32.4484748840332,99200,0.0,0.0,0.0
2019-11-25 00:00:00-05:00,32.514197029795554,32.58930737301275,32.47664006737242,32.495418548583984,64800,0.0,0.0,0.0
2019-11-26 00:00:00-05:00,32.54236273934552,32.626864113408,32.51419680853437,32.60808563232422,122900,0.0,0.0,0.0
2019-11-27 00:00:00-05:00,32.62686971658398,32.73014958946701,32.56114681231836,32.69259262084961,149600,0.0,0.0,0.0
2019-11-29 00:00:00-05:00,32.60808563232422,32.692587006386695,32.57052867015666,32.60808563232422,71300,0.0,0.0,0.0
2019-12-02 00:00:00-05:00,32.55175499217646,32.55175499217646,32.288863381471266,32.33580780029297,854700,0.0,0.0,0.0
2019-12-03 00:00:00-05:00,32.16680957892775,32.31703388939212,32.08230818043966,32.28886795043945,193200,0.0,0.0,0.0
2019-12-04 00:00:00-05:00,32.38275631372253,32.476645152853244,32.38275631372253,32.45786666870117,88000,0.0,0.0,0.0
2019-12-05 00:00:00-05:00,32.532975511007116,32.532975511007116,32.43908310494928,32.495418548583984,160500,0.0,0.0,0.0
2019-12-06 00:00:00-05:00,32.6550318390495,32.71136728539722,32.58930894245845,32.636253356933594,48600,0.0,0.0,0.0
2019-12-09 00:00:00-05:00,32.58930460266212,32.636249010885855,32.49541578621466,32.570526123046875,83900,0.0,0.0,0.0
2019-12-10 00:00:00-05:00,32.467258966281086,32.69259362162404,32.45786793302443,32.532981872558594,80100,0.0,0.0,0.0
2019-12-11 00:00:00-05:00,32.57991895588791,32.69258625818303,32.57991895588791,32.655029296875,104500,0.0,0.0,0.0
2019-12-12 00:00:00-05:00,32.64564514317082,32.795869421940154,32.56114376251123,32.70198059082031,69300,0.0,0.0,0.0
2019-12-13 00:00:00-05:00,32.59870199557412,32.73014779690635,32.56114502901363,32.664424896240234,71500,0.0,0.0,0.0
2019-12-16 00:00:00-05:00,32.86159463495944,32.89915160270478,32.76770579722567,32.85220718383789,64200,0.0,0.0,0.0
2019-12-17 00:00:00-05:00,32.73014450073242,32.81464587616885,32.664421606685096,32.73014450073242,148400,0.0,0.0,0.0
2019-12-18 00:00:00-05:00,32.74892500480602,32.76770348735495,32.5987007260439,32.64564514160156,166100,0.0,0.0,0.0
2019-12-19 00:00:00-05:00,32.608086908905875,32.73953270000928,32.561142495173115,32.68320083618164,98900,0.0,0.0,0.0
2019-12-20 00:00:00-05:00,32.739537555435184,32.8052604607339,32.71137161934423,32.75831604003906,77700,0.0,0.0,0.0
2019-12-23 00:00:00-05:00,32.957467629502325,32.957467629502325,32.73510909520708,32.783447265625,144600,1.006,0.0,0.0
2019-12-24 00:00:00-05:00,32.81245227134913,32.831788278783705,32.725442081876686,32.75444793701172,43300,0.0,0.0,0.0
2019-12-26 00:00:00-05:00,32.91879792595347,32.95746994018555,32.80278557122351,32.95746994018555,108200,0.0,0.0,0.0
2019-12-27 00:00:00-05:00,33.092820953241485,33.141159130921025,32.97680858921726,33.034812927246094,145300,0.0,0.0,0.0
2019-12-30 00:00:00-05:00,33.07348473437527,33.07348473437527,32.88979818517382,32.918800354003906,142000,0.0,0.0,0.0
2019-12-31 00:00:00-05:00,32.94780475608544,33.04448110656163,32.87046072533139,32.986473083496094,149300,0.0,0.0,0.0
2020-01-02 00:00:00-05:00,33.11215493823802,33.20883128768868,33.01547858878737,33.083152770996094,247200,0.0,0.0,0.0
2020-01-03 00:00:00-05:00,32.870461894380405,33.073484450380796,32.84145972579935,32.90913391113281,143500,0.0,0.0,0.0
2020-01-06 00:00:00-05:00,32.90913440287259,33.034812927246094,32.90913440287259,33.034812927246094,150600,0.0,0.0,0.0
2020-01-07 00:00:00-05:00,32.95747237108838,33.0348127172908,32.84146000780149,32.918800354003906,175300,0.0,0.0,0.0
2020-01-08 00:00:00-05:00,32.90913585716181,33.02514822631273,32.85112782860298,32.967140197753906,156900,0.0,0.0,0.0
2020-01-09 00:00:00-05:00,32.899464754415085,32.97680878954546,32.88979859400708,32.928470611572266,81900,0.0,0.0,0.0
2020-01-10 00:00:00-05:00,32.91880076319768,33.025146967518644,32.899464754415085,32.928470611572266,127200,0.0,0.0,0.0
2020-01-13 00:00:00-05:00,32.97681203194009,33.13149642944336,32.93814001057254,33.13149642944336,180700,0.0,0.0,0.0
2020-01-14 00:00:00-05:00,33.06381635378898,33.170162549646676,32.97680616517508,33.073482513427734,197400,0.0,0.0,0.0
2020-01-15 00:00:00-05:00,33.092818864144796,33.20883122084534,33.092818864144796,33.18949890136719,88000,0.0,0.0,0.0
2020-01-16 00:00:00-05:00,33.305510716439024,33.392520904541016,33.17016235449509,33.392520904541016,97800,0.0,0.0,0.0
2020-01-17 00:00:00-05:00,33.39252112221306,33.5085334777832,33.38285127460188,33.5085334777832,95000,0.0,0.0,0.0
2020-01-21 00:00:00-05:00,33.42152550425786,33.460197521333136,33.353851318359375,33.353851318359375,228300,0.0,0.0,0.0
2020-01-22 00:00:00-05:00,33.48920302678767,33.49887287600319,33.39252666243384,33.450531005859375,218200,0.0,0.0,0.0
2020-01-23 00:00:00-05:00,33.392524234715786,33.49887044055352,33.257175859273815,33.489200592041016,75800,0.0,0.0,0.0
2020-01-24 00:00:00-05:00,33.53753856282634,33.57621058070338,33.32484984043583,33.37318801879883,70700,0.0,0.0,0.0
2020-01-27 00:00:00-05:00,32.96713776774684,33.12182214453521,32.91879959149419,33.00580978393555,74100,0.0,0.0,0.0
2020-01-28 00:00:00-05:00,33.14115898478229,33.286177205148014,33.1024906555891,33.24750518798828,107800,0.0,0.0,0.0
2020-01-29 00:00:00-05:00,33.208831504059795,33.28617553449732,33.13149116158863,33.19916534423828,120500,0.0,0.0,0.0
2020-01-30 00:00:00-05:00,33.083155335048644,33.29584405791743,33.03481346861033,33.266841888427734,118000,0.0,0.0,0.0
2020-01-31 00:00:00-05:00,33.09281830203155,33.09281830203155,32.87045975214651,32.95746994018555,100100,0.0,0.0,0.0
2020-02-03 00:00:00-05:00,32.93813636254614,33.06381857408742,32.899464345461666,32.918800354003906,96800,0.0,0.0,0.0
2020-02-04 00:00:00-05:00,33.1991706228531,33.276510977621264,33.10249425740117,33.13149642944336,160500,0.0,0.0,0.0
2020-02-05 00:00:00-05:00,33.353852009860304,33.4021901882233,33.23783964419579,33.37318801879883,111900,0.0,0.0,0.0
2020-02-06 00:00:00-05:00,33.39252014834108,33.479530334472656,33.39252014834108,33.479530334472656,147800,0.0,0.0,0.0
2020-02-07 00:00:00-05:00,33.344185641253596,33.41185982813272,33.25717544555664,33.25717544555664,67500,0.0,0.0,0.0
2020-02-10 00:00:00-05:00,33.24750062054972,33.40218497997205,33.24750062054972,33.334510803222656,106600,0.0,0.0,0.0
2020-02-11 00:00:00-05:00,33.51819865989077,33.64388085940664,33.41185615503323,33.479530334472656,608900,0.0,0.0,0.0
2020-02-12 00:00:00-05:00,33.53753772243731,33.5762097393453,33.40218935122586,33.56654357910156,227500,0.0,0.0,0.0
2020-02-13 00:00:00-05:00,33.382853696619556,33.51820206926566,33.35385152761441,33.46986389160156,99400,0.0,0.0,0.0
2020-02-14 00:00:00-05:00,33.508532500527785,33.58587652729638,33.421522314396206,33.479530334472656,77500,0.0,0.0,0.0
2020-02-18 00:00:00-05:00,33.469862155255136,33.556872345723235,33.3635159571312,33.527870178222656,143300,0.0,0.0,0.0
2020-02-19 00:00:00-05:00,33.5665417831861,33.61487995775159,33.489197753508265,33.5181999206543,101400,0.0,0.0,0.0
2020-02-20 00:00:00-05:00,33.35385180167922,33.44086199737618,33.17983141028531,33.25717544555664,57700,0.0,0.0,0.0
2020-02-21 00:00:00-05:00,33.2668470800048,33.38285946403492,33.228175056005696,33.305519104003906,175100,0.0,0.0,0.0
2020-02-24 00:00:00-05:00,32.445081060521055,32.64810361831431,32.3967391951704,32.48374938964844,200700,0.0,0.0,0.0
2020-02-25 00:00:00-05:00,32.56109314481652,32.61910116996032,32.039031982421875,32.039031982421875,129300,0.0,0.0,0.0
2020-02-26 00:00:00-05:00,32.17437577400333,32.32906013107196,31.942351082383368,31.961687088012695,224300,0.0,0.0,0.0
2020-02-27 00:00:00-05:00,31.603981193341525,31.671655379077244,31.178600070436083,31.226938247680664,687400,0.0,0.0,0.0
2020-02-28 00:00:00-05:00,30.4921872993728,30.704877853393555,30.086140355163582,30.704877853393555,441100,0.0,0.0,0.0
2020-03-02 00:00:00-05:00,30.704879401407165,31.15926454408013,30.559863023446287,31.13026237487793,667400,0.0,0.0,0.0
2020-03-03 00:00:00-05:00,31.352620489756653,31.90368382441375,30.994913552234763,31.06258773803711,395300,0.0,0.0,0.0
2020-03-04 00:00:00-05:00,31.536306620042478,31.92301940917969,31.439630266741414,31.923019409179688,157900,0.0,0.0,0.0
2020-03-05 00:00:00-05:00,31.536306381225586,31.71032676622287,31.352619836157988,31.536306381225586,223600,0.0,0.0,0.0
2020-03-06 00:00:00-05:00,31.05291817222217,31.197936393384133,30.84022760862565,31.072254180908203,238300,0.0,0.0,0.0
2020-03-09 00:00:00-04:00,29.32238561660145,29.796106759922104,28.809992456364867,28.9356746673584,416100,0.0,0.0,0.0
2020-03-10 00:00:00-04:00,29.51574183737678,29.544744005907695,28.693979922641336,29.31271743774414,1044900,0.0,0.0,0.0
2020-03-11 00:00:00-04:00,28.935672823534855,28.935672823534855,28.075240785799142,28.22992515563965,560800,0.0,0.0,0.0
2020-03-12 00:00:00-04:00,26.315705983147623,26.596072589333286,24.836536290046354,25.10723304748535,737000,0.0,0.0,0.0
2020-03-13 00:00:00-04:00,25.957995467615497,26.422048568725586,24.82686488117021,26.422048568725586,545000,0.0,0.0,0.0
2020-03-16 00:00:00-04:00,23.396035354958563,24.672182402686623,22.69028580185044,23.647396087646484,972400,0.0,0.0,0.0
2020-03-17 00:00:00-04:00,24.053440432799526,24.65284371888576,23.64739352131738,24.33380699157715,597800,0.0,0.0,0.0
2020-03-18 00:00:00-04:00,23.212347797450143,24.198462131205456,22.467928044871133,23.125337600708008,1289200,0.0,0.0,0.0
2020-03-19 00:00:00-04:00,22.912643656621384,23.289686557619426,22.34224438158263,23.028656005859375,468200,0.0,0.0,0.0
2020-03-20 00:00:00-04:00,23.357364340916725,23.666733111951384,22.467928202200415,22.583942413330078,768000,0.0,0.0,0.0
2020-03-23 00:00:00-04:00,22.501903629891373,22.65816669430984,21.66198826154011,21.935447692871094,1962300,0.236,0.0,0.0
2020-03-24 00:00:00-04:00,23.185553749323898,23.937570900655263,23.05859070979649,23.72270965576172,406600,0.0,0.0,0.0
2020-03-25 00:00:00-04:00,24.32822890543538,25.28534064115561,23.97663607892482,24.884916305541992,441300,0.0,0.0,0.0
2020-03-26 00:00:00-04:00,25.01188144417054,25.861561632466252,25.01188144417054,25.783430099487305,521800,0.0,0.0,0.0
2020-03-27 00:00:00-04:00,25.05094447667147,25.656465210788955,24.767718388553856,25.12907600402832,668800,0.0,0.0,0.0
2020-03-30 00:00:00-04:00,25.11931207548702,25.802964411676054,24.85561930609091,25.597867965698242,419700,0.0,0.0,0.0
2020-03-31 00:00:00-04:00,25.539267117078573,26.01782295740166,25.168142825963596,25.67599868774414,300700,0.0,0.0,0.0
2020-04-01 00:00:00-04:00,24.83608402353202,25.16814349094649,24.504024556117546,24.591922760009766,1807400,0.0,0.0,0.0
2020-04-02 00:00:00-04:00,24.6798192883884,25.129075088624106,24.45519138827055,25.031410217285156,653900,0.0,0.0,0.0
2020-04-03 00:00:00-04:00,24.65052213959409,24.884916740429848,24.28916449518998,24.4747257232666,422100,0.0,0.0,0.0
2020-04-06 00:00:00-04:00,25.04117764781991,25.61739835705905,24.943514636330598,25.60763168334961,1034600,0.0,0.0,0.0
2020-04-07 00:00:00-04:00,26.34011692336443,26.603811539898423,25.81272955309909,25.9299259185791,481400,0.0,0.0,0.0
2020-04-08 00:00:00-04:00,26.0080563650223,26.252217622857966,25.763895107186627,26.222919464111328,337600,0.0,0.0,0.0
2020-04-09 00:00:00-04:00,26.35964932929524,26.730775486583838,26.271751126927025,26.486614227294922,313000,0.0,0.0,0.0
2020-04-13 00:00:00-04:00,26.43777989025854,26.496378068758744,26.076422282904353,26.301050186157227,384800,0.0,0.0,0.0
2020-04-14 00:00:00-04:00,26.691708659943913,26.906569896454652,26.62334380572698,26.681941986083984,332500,0.0,0.0,0.0
2020-04-15 00:00:00-04:00,26.037355847412453,26.24245226840479,25.93969097374003,25.998291015625,240400,0.0,0.0,0.0
2020-04-16 00:00:00-04:00,26.056888713916734,26.19361841685373,25.74436261417361,25.9494571685791,324800,0.0,0.0,0.0
2020-04-17 00:00:00-04:00,26.349884317863847,26.54521408273983,26.222921274656343,26.506147384643555,289000,0.0,0.0,0.0
2020-04-20 00:00:00-04:00,26.193619199299004,26.545212003413905,26.11548767202931,26.15455436706543,496600,0.0,0.0,0.0
2020-04-21 00:00:00-04:00,25.68576444915775,25.94945906362412,25.451369857232965,25.490436553955078,330800,0.0,0.0,0.0
2020-04-22 00:00:00-04:00,25.832264996582378,25.92992802146854,25.75413345899177,25.822498321533203,197000,0.0,0.0,0.0
2020-04-23 00:00:00-04:00,25.92992754680804,26.24245555425228,25.685766263456543,25.773664474487305,417600,0.0,0.0,0.0
2020-04-24 00:00:00-04:00,25.861561061581988,26.02759079834754,25.71506467333065,25.9299259185791,301300,0.0,0.0,0.0
2020-04-27 00:00:00-04:00,26.135023546049496,26.310819965101384,26.086190172533566,26.183855056762695,447800,0.0,0.0,0.0
2020-04-28 00:00:00-04:00,26.467081158419365,26.64287756500854,26.242453244578794,26.271751403808594,224800,0.0,0.0,0.0
2020-04-29 00:00:00-04:00,26.642877960661426,26.740540976614536,26.53544640774986,26.603811264038086,269500,0.0,0.0,0.0
2020-04-30 00:00:00-04:00,26.398717309621443,26.43778214435142,26.07642450618778,26.174087524414062,312900,0.0,0.0,0.0
2020-05-01 00:00:00-04:00,25.812729450412697,25.959225838081252,25.617399691652864,25.66623306274414,347400,0.0,0.0,0.0
2020-05-04 00:00:00-04:00,25.558801274676817,25.75413103164475,25.509969766836146,25.68576431274414,347500,0.0,0.0,0.0
2020-05-05 00:00:00-04:00,25.812731646484025,25.96899472166524,25.73460010889342,25.822498321533203,181300,0.0,0.0,0.0
2020-05-06 00:00:00-04:00,25.92992706990751,25.968993768670565,25.636934280395508,25.636934280395508,297600,0.0,0.0,0.0
2020-05-07 00:00:00-04:00,25.783429291004204,25.939692352062202,25.69553108630875,25.861560821533203,330300,0.0,0.0,0.0
2020-05-08 00:00:00-04:00,26.164322140077054,26.271751830334782,26.095955420891524,26.23268699645996,735100,0.0,0.0,0.0
2020-05-11 00:00:00-04:00,26.232688328526294,26.42801623342418,26.232688328526294,26.37918472290039,167500,0.0,0.0,0.0
2020-05-12 00:00:00-04:00,26.349883696302328,26.457315250730208,26.076424267289763,26.105722427368164,451200,0.0,0.0,0.0
2020-05-13 00:00:00-04:00,26.22292022231178,26.28151840430191,25.93969226088802,26.0568904876709,484500,0.0,0.0,0.0
2020-05-14 00:00:00-04:00,25.54903654087659,25.80296449909848,25.451371654975436,25.773664474487305,430600,0.0,0.0,0.0
2020-05-15 00:00:00-04:00,25.69553079603665,25.8029623478514,25.578334432968383,25.705297470092773,260500,0.0,0.0,0.0
2020-05-18 00:00:00-04:00,26.125257809956867,26.447550635530206,26.09595778479464,26.36941909790039,410500,0.0,0.0,0.0
2020-05-19 00:00:00-04:00,26.193621493830726,26.340117887444002,26.115489959716797,26.115489959716797,205500,0.0,0.0,0.0
2020-05-20 00:00:00-04:00,26.486615468042427,26.633111857917786,26.418248747484775,26.45731544494629,178000,0.0,0.0,0.0
2020-05-21 00:00:00-04:00,26.36941838897608,26.36941838897608,26.144790457179685,26.164323806762695,217200,0.0,0.0,0.0
2020-05-22 00:00:00-04:00,25.98852667832054,26.0471248626709,25.881095121342632,26.0471248626709,150800,0.0,0.0,0.0
2020-05-26 00:00:00-04:00,26.61357726998328,26.681942124555007,26.467080886929207,26.57451057434082,372100,0.0,0.0,0.0
2020-05-27 00:00:00-04:00,26.681941986083984,26.73077535538363,26.535445603790183,26.681941986083984,246200,0.0,0.0,0.0
2020-05-28 00:00:00-04:00,26.945636749267578,27.16049798703319,26.867505220734394,26.945636749267578,229500,0.0,0.0,0.0
2020-05-29 00:00:00-04:00,26.91633630307803,26.994467830379172,26.73077508998941,26.98470115661621,231700,0.0,0.0,0.0
2020-06-01 00:00:00-04:00,27.0530714364162,27.336297561638734,27.0530714364162,27.287466049194336,459400,0.0,0.0,0.0
2020-06-02 00:00:00-04:00,27.41442618701714,27.541391086369654,27.404659513005207,27.473024368286133,194200,0.0,0.0,0.0
2020-06-03 00:00:00-04:00,27.639054303879874,27.912515589814618,27.639054303879874,27.824617385864258,283100,0.0,0.0,0.0
2020-06-04 00:00:00-04:00,27.697655106828247,27.824618147787287,27.629290249173174,27.658588409423828,158100,0.0,0.0,0.0
2020-06-05 00:00:00-04:00,27.922284222376124,28.068780618301155,27.89298419807002,27.912517547607422,178000,0.0,0.0,0.0
2020-06-08 00:00:00-04:00,28.01017901569149,28.25434026671697,27.941814163452758,28.24457359313965,148200,0.0,0.0,0.0
2020-06-09 00:00:00-04:00,27.941815762608837,28.176210353471784,27.84415088404862,28.08831214904785,145300,0.0,0.0,0.0
2020-06-10 00:00:00-04:00,28.13714260633175,28.29340566107244,28.029712920449118,28.09807777404785,211300,0.0,0.0,0.0
2020-06-11 00:00:00-04:00,27.521857036763798,27.6097552378279,26.9749363456558,26.98470115661621,253200,0.0,0.0,0.0
2020-06-12 00:00:00-04:00,27.46325969102363,27.512091198518856,27.043302020475284,27.27769660949707,171600,0.0,0.0,0.0
2020-06-15 00:00:00-04:00,26.847972452788873,27.3460616564971,26.828439104533032,27.258163452148438,151400,0.0,0.0,0.0
2020-06-16 00:00:00-04:00,27.697654432890836,27.834384144874083,27.39489312378134,27.541391372680664,377300,0.0,0.0,0.0
2020-06-17 00:00:00-04:00,27.668353601062606,27.756251802709535,27.599988747071123,27.619522094726562,154700,0.0,0.0,0.0
2020-06-18 00:00:00-04:00,27.463261271920782,27.590224316398448,27.44372792267723,27.4925594329834,132400,0.0,0.0,0.0
2020-06-19 00:00:00-04:00,27.668353248782534,27.72695142820021,27.3753604888916,27.3753604888916,124600,0.0,0.0,0.0
2020-06-22 00:00:00-04:00,27.41567756651175,27.602513776554353,27.41567756651175,27.563180923461914,258600,0.191,0.0,0.0
2020-06-23 00:00:00-04:00,27.73034834566926,27.828681411144125,27.514011100225364,27.60251235961914,136900,0.0,0.0,0.0
2020-06-24 00:00:00-04:00,27.297677559942134,27.337010413651694,27.02234008164272,27.042007446289062,157700,0.0,0.0,0.0
2020-06-25 00:00:00-04:00,27.071507519092588,27.346843111900945,27.02233910924605,27.33700942993164,188300,0.0,0.0,0.0
2020-06-26 00:00:00-04:00,27.287843587181456,27.41567770485583,27.051840840686616,27.130508422851562,462500,0.0,0.0,0.0
2020-06-29 00:00:00-04:00,27.130508826690097,27.209176410026014,27.002672831529775,27.199342727661133,181600,0.0,0.0,0.0
2020-06-30 00:00:00-04:00,27.101006078063808,27.209174701703024,27.06167322665692,27.14034080505371,210200,0.0,0.0,0.0
2020-07-01 00:00:00-04:00,27.071508120049938,27.238676966073,27.02233970911192,27.160009384155273,334300,0.0,0.0,0.0
2020-07-02 00:00:00-04:00,27.386178970336914,27.533680454799573,27.35667792321113,27.386178970336914,142800,0.0,0.0,0.0
2020-07-06 00:00:00-04:00,27.681181764253814,27.691015446566905,27.573015009976064,27.632015228271484,142700,0.0,0.0,0.0
2020-07-07 00:00:00-04:00,27.356675776022595,27.464844398077332,27.24850715396786,27.25834083557129,222500,0.0,0.0,0.0
2020-07-08 00:00:00-04:00,27.258340961726297,27.41567611694336,27.22884179236247,27.41567611694336,152600,0.0,0.0,0.0
2020-07-09 00:00:00-04:00,27.32717689071535,27.356676060249136,27.04200574800203,27.16983985900879,179400,0.0,0.0,0.0
2020-07-10 00:00:00-04:00,27.248507478342162,27.366509783405064,27.209174627043204,27.35667610168457,115700,0.0,0.0,0.0
2020-07-13 00:00:00-04:00,27.464847542712803,27.61234903248671,27.228844783957914,27.278011322021484,109000,0.0,0.0,0.0
2020-07-14 00:00:00-04:00,27.278009767313563,27.582846412216586,27.278009767313563,27.563180923461914,210300,0.0,0.0,0.0
2020-07-15 00:00:00-04:00,27.818850424869314,27.92701717519588,27.74018096923828,27.74018096923828,98700,0.0,0.0,0.0
2020-07-16 00:00:00-04:00,27.612347256623796,27.72051588410672,27.582846210333066,27.622180938720703,106100,0.0,0.0,0.0
2020-07-17 00:00:00-04:00,27.64184850609415,27.769682623127448,27.632014823924955,27.750015258789062,86700,0.0,0.0,0.0
2020-07-20 00:00:00-04:00,27.72051470612473,27.818849647332005,27.691013661087645,27.789348602294922,149900,0.0,0.0,0.0
2020-07-21 00:00:00-04:00,27.75984833314604,27.887684322963416,27.74018096923828,27.74018096923828,3378200,0.0,0.0,0.0
2020-07-22 00:00:00-04:00,27.69101576468053,27.74018230122768,27.632015545707315,27.730350494384766,109800,0.0,0.0,0.0
2020-07-23 00:00:00-04:00,27.671346255684746,27.789348560070778,27.57301319020988,27.60251235961914,167900,0.0,0.0,0.0
2020-07-24 00:00:00-04:00,27.494343131176887,27.661511964617503,27.494343131176887,27.59267807006836,145500,0.0,0.0,0.0
2020-07-27 00:00:00-04:00,27.887684475951158,27.99585122687111,27.887684475951158,27.897518157958984,307700,0.0,0.0,0.0
2020-07-28 00:00:00-04:00,27.750015258789062,27.818851033973402,27.710682405695394,27.750015258789062,216700,0.0,0.0,0.0
2020-07-29 00:00:00-04:00,27.75984917476498,27.936851704135037,27.730350003592044,27.877851486206055,92700,0.0,0.0,0.0
2020-07-30 00:00:00-04:00,27.31734509773906,27.573015213012695,27.20917646708168,27.573015213012695,192500,0.0,0.0,0.0
2020-07-31 00:00:00-04:00,27.287844403157802,27.30751176818292,26.943673017550893,27.081342697143555,226000,0.0,0.0,0.0
2020-08-03 00:00:00-04:00,27.268175247789657,27.45501145209487,27.268175247789657,27.42551040649414,125000,0.0,0.0,0.0
2020-08-04 00:00:00-04:00,27.46484488977398,27.74018047726732,27.46484488977398,27.700847625732422,170300,0.0,0.0,0.0
2020-08-05 00:00:00-04:00,27.769684130070342,27.877852764218204,27.65168368880285,27.681182861328125,3455500,0.0,0.0,0.0
2020-08-06 00:00:00-04:00,27.651682592897664,27.661514399627634,27.533680280723704,27.632015228271484,199400,0.0,0.0,0.0
2020-08-07 00:00:00-04:00,27.425509840831587,27.60251235961914,27.425509840831587,27.60251235961914,233700,0.0,0.0,0.0
2020-08-10 00:00:00-04:00,27.54351275158894,27.622180331050497,27.514011705947212,27.612346649169922,298500,0.0,0.0,0.0
2020-08-11 00:00:00-04:00,27.976184474778453,27.976184474778453,27.63201312238274,27.69101333618164,278400,0.0,0.0,0.0
2020-08-12 00:00:00-04:00,28.22202329615433,28.40885763506287,28.22202329615433,28.320356369018555,190700,0.0,0.0,0.0
2020-08-13 00:00:00-04:00,28.251522875642895,28.349857825509904,28.18268897341094,28.202356338500977,123800,0.0,0.0,0.0
2020-08-14 00:00:00-04:00,28.104019572065916,28.22202187939561,28.104019572065916,28.172853469848633,141300,0.0,0.0,0.0
2020-08-17 00:00:00-04:00,28.23185331702901,28.32035457747474,28.23185331702901,28.290855407714844,192700,0.0,0.0,0.0
2020-08-18 00:00:00-04:00,28.39902317289123,28.438357901423394,28.300690102726996,28.369524002075195,292700,0.0,0.0,0.0
2020-08-19 00:00:00-04:00,28.438358276031718,28.48752481176149,28.231854699683833,28.251522064208984,262900,0.0,0.0,0.0
2020-08-20 00:00:00-04:00,28.084353216911406,28.281023110996717,28.084353216911406,28.251522064208984,1654600,0.0,0.0,0.0
2020-08-21 00:00:00-04:00,28.074519821960692,28.172854770009696,28.025353285727757,28.163021087646484,125900,0.0,0.0,0.0
2020-08-24 00:00:00-04:00,28.448192192447465,28.448192192447465,28.310524390804492,28.379358291625977,136200,0.0,0.0,0.0
2020-08-25 00:00:00-04:00,28.48752623257297,28.48752623257297,28.32035737693787,28.399024963378906,111200,0.0,0.0,0.0
2020-08-26 00:00:00-04:00,28.35968991784192,28.507191396579998,28.35968991784192,28.487524032592773,356500,0.0,0.0,0.0
2020-08-27 00:00:00-04:00,28.438358394180028,28.44819207648346,28.133521745106147,28.222023010253906,161400,0.0,0.0,0.0
2020-08-28 00:00:00-04:00,28.369524002075195,28.38919136634128,28.26135537419483,28.369524002075195,118700,0.0,0.0,0.0
2020-08-31 00:00:00-04:00,28.290856707745547,28.399023461140715,28.271189343279843,28.281023025512695,264700,0.0,0.0,0.0
2020-09-01 00:00:00-04:00,28.271188044152897,28.310522771276787,28.212187829050087,28.290855407714844,151000,0.0,0.0,0.0
2020-09-02 00:00:00-04:00,28.39902449924726,28.585860717334917,28.379359009645803,28.546527862548828,277600,0.0,0.0,0.0
2020-09-03 00:00:00-04:00,28.379358553800397,28.438358772823424,28.025353488495945,28.104021072387695,194700,0.0,0.0,0.0
2020-09-04 00:00:00-04:00,28.10401855704252,28.192519815447657,27.7598472049762,28.09418487548828,173700,0.0,0.0,0.0
2020-09-08 00:00:00-04:00,27.799183382663927,28.005685079335944,27.789349700596247,27.838516235351562,152000,0.0,0.0,0.0
2020-09-09 00:00:00-04:00,28.182688281040182,28.300690593098235,28.143355427409578,28.222023010253906,136600,0.0,0.0,0.0
2020-09-10 00:00:00-04:00,28.34002402997056,28.369525077487992,28.045021057128906,28.045021057128906,263500,0.0,0.0,0.0
2020-09-11 00:00:00-04:00,28.340023157842875,28.38919156885883,28.23185452919088,28.310523986816406,117600,0.0,0.0,0.0
2020-09-14 00:00:00-04:00,28.477690467122326,28.517025195257727,28.408856568468444,28.458024978637695,154000,0.0,0.0,0.0
2020-09-15 00:00:00-04:00,28.517025803823895,28.556360532798717,28.428524539213655,28.467859268188477,105300,0.0,0.0,0.0
2020-09-16 00:00:00-04:00,28.5268594860676,28.61536075067784,28.448191903701066,28.467859268188477,184500,0.0,0.0,0.0
2020-09-17 00:00:00-04:00,28.37935699799912,28.576025009155273,28.37935699799912,28.576025009155273,121200,0.0,0.0,0.0
2020-09-18 00:00:00-04:00,28.517024470177258,28.60552573064859,28.418689527922112,28.477689743041992,122000,0.0,0.0,0.0
2020-09-21 00:00:00-04:00,27.65168173451254,28.025352272894587,27.42551079949868,27.897518157958984,282400,0.0,0.0,0.0
2020-09-22 00:00:00-04:00,27.86801650482101,27.956517765380344,27.691013983702344,27.887683868408203,248700,0.0,0.0,0.0
2020-09-23 00:00:00-04:00,28.025350638857237,28.07451717044661,27.789347911178922,27.80901527404785,114600,0.0,0.0,0.0
2020-09-24 00:00:00-04:00,27.769681846163532,27.907349641514237,27.661513220911957,27.799182891845703,201500,0.0,0.0,0.0
2020-09-25 00:00:00-04:00,27.612347776879137,27.848350524902344,27.55334755876911,27.848350524902344,105200,0.0,0.0,0.0
2020-09-28 00:00:00-04:00,28.143356118814037,28.22202370359101,28.113855071178985,28.202356338500977,166200,0.0,0.0,0.0
2020-09-29 00:00:00-04:00,28.113852238596753,28.172852452339185,28.025350980191615,28.09418487548828,72300,0.0,0.0,0.0
2020-09-30 00:00:00-04:00,27.966351738963503,28.08435217055177,27.90734964758633,27.98601722717285,143600,0.0,0.0,0.0
2020-10-01 00:00:00-04:00,28.02535227681399,28.123687221322935,27.976185742351053,28.084352493286133,98900,0.0,0.0,0.0
2020-10-02 00:00:00-04:00,27.82868278824179,28.045020044391098,27.82868278824179,27.966352462768555,133000,0.0,0.0,0.0
2020-10-05 00:00:00-04:00,28.13352231858355,28.25152275746382,28.015520004120123,28.231855392456055,87700,0.0,0.0,0.0
2020-10-06 00:00:00-04:00,28.182688336920894,28.231854872952418,27.96635295256582,28.005685806274414,101300,0.0,0.0,0.0
2020-10-07 00:00:00-04:00,28.07451881127693,28.133520903332137,27.95651837833265,28.084352493286133,65800,0.0,0.0,0.0
2020-10-08 00:00:00-04:00,28.0941866975646,28.14335510852464,28.054853844379668,28.123687744140625,124100,0.0,0.0,0.0
2020-10-09 00:00:00-04:00,28.143355427409578,28.251522181581077,28.133521745106147,28.222023010253906,68000,0.0,0.0,0.0
2020-10-12 00:00:00-04:00,28.25152189359726,28.36952420445245,28.22202272257079,28.310523986816406,85700,0.0,0.0,0.0
2020-10-13 00:00:00-04:00,28.19252265595596,28.261356558187913,28.163021608320904,28.202356338500977,113600,0.0,0.0,0.0
2020-10-14 00:00:00-04:00,28.261356558187913,28.359691508054922,28.202356338500977,28.202356338500977,63000,0.0,0.0,0.0
2020-10-15 00:00:00-04:00,27.809017988660397,27.946685791015625,27.78935062387161,27.946685791015625,77400,0.0,0.0,0.0
2020-10-16 00:00:00-04:00,27.936850118195622,28.035185059550315,27.91718275480808,27.976184844970703,78300,0.0,0.0,0.0
2020-10-19 00:00:00-04:00,28.05485401557611,28.113854233505094,27.86801780395404,27.877851486206055,71400,0.0,0.0,0.0
2020-10-20 00:00:00-04:00,27.877850793943335,27.99585122687111,27.85818342992768,27.897518157958984,100400,0.0,0.0,0.0
2020-10-21 00:00:00-04:00,27.917184829711914,28.064688190498426,27.90735114728727,27.917184829711914,67600,0.0,0.0,0.0
2020-10-22 00:00:00-04:00,27.799182283973952,27.818849647332005,27.7106810244457,27.789348602294922,135800,0.0,0.0,0.0
2020-10-23 00:00:00-04:00,27.86801780395404,27.946685386387053,27.75984917476498,27.877851486206055,64600,0.0,0.0,0.0
2020-10-26 00:00:00-04:00,27.661513182989758,27.720515274273207,27.523845387827787,27.612346649169922,201200,0.0,0.0,0.0
2020-10-27 00:00:00-04:00,27.68118115571908,27.7008485199129,27.612347256623796,27.622180938720703,124200,0.0,0.0,0.0
2020-10-28 00:00:00-04:00,27.258342015324533,27.29767674344068,27.09117317199707,27.09117317199707,188700,0.0,0.0,0.0
2020-10-29 00:00:00-04:00,27.150175179295662,27.209175395702363,27.051840234895785,27.12067413330078,302800,0.0,0.0,0.0
2020-10-30 00:00:00-04:00,26.983006215837356,26.99283989779168,26.855170226014213,26.96333885192871,216700,0.0,0.0,0.0
2020-11-02 00:00:00-05:00,27.26817763929213,27.3173460529389,27.16001088043564,27.278011322021484,594700,0.0,0.0,0.0
2020-11-03 00:00:00-05:00,27.612346855003956,27.83851591319402,27.5926794910962,27.74018096923828,68400,0.0,0.0,0.0
2020-11-04 00:00:00-05:00,27.769682655559542,28.08435298300879,27.69101507369723,27.936851501464844,135400,0.0,0.0,0.0
2020-11-05 00:00:00-05:00,28.38919116466433,28.507191598256373,28.281022537552396,28.428524017333984,374600,0.0,0.0,0.0
2020-11-06 00:00:00-05:00,28.46785975762639,28.615361242651694,28.408857663149753,28.507192611694336,112300,0.0,0.0,0.0
2020-11-09 00:00:00-05:00,29.195535197584952,29.274202780823458,28.733361504923497,28.753028869628906,131200,0.0,0.0,0.0
2020-11-10 00:00:00-05:00,28.8316949489296,29.0283648345586,28.723526324275344,28.821861267089844,134900,0.0,0.0,0.0
2020-11-11 00:00:00-05:00,29.028365971730423,29.19553481838892,28.969363878380523,29.057865142822266,83800,0.0,0.0,0.0
2020-11-12 00:00:00-05:00,28.871031705146613,29.008699509411443,28.713696535820187,28.7923641204834,55400,0.0,0.0,0.0
2020-11-13 00:00:00-05:00,28.83169679770756,29.057865867775455,28.70386267675971,29.03820037841797,79600,0.0,0.0,0.0
2020-11-16 00:00:00-05:00,29.1660333985893,29.244700979799653,29.077532135279764,29.175867080688477,88200,0.0,0.0,0.0
2020-11-17 00:00:00-05:00,29.09719970109505,29.254534864605947,29.008698437172285,29.116867065429688,104200,0.0,0.0,0.0
2020-11-18 00:00:00-05:00,29.175868181836137,29.30370230278399,29.028366695947646,29.03820037841797,129000,0.0,0.0,0.0
2020-11-19 00:00:00-05:00,29.097200507179252,29.264369357488572,29.067699459860027,29.254535675048828,118200,0.0,0.0,0.0
2020-11-20 00:00:00-05:00,29.27420275079613,29.37253769863918,29.21520065674043,29.343036651611328,81600,0.0,0.0,0.0
2020-11-23 00:00:00-05:00,29.352870218238486,29.382369389566918,29.146366641023853,29.185701370239258,95200,0.0,0.0,0.0
2020-11-24 00:00:00-05:00,29.2643696738309,29.372538306254196,29.205369454137813,29.35287094116211,55700,0.0,0.0,0.0
2020-11-25 00:00:00-05:00,29.136532756489583,29.323368967799723,29.0971999031303,29.244701385498047,232300,0.0,0.0,0.0
2020-11-27 00:00:00-05:00,29.293870721469023,29.38237011321707,29.293870721469023,29.35287094116211,37500,0.0,0.0,0.0
2020-11-30 00:00:00-05:00,29.057865024682645,29.107033435607658,28.703861843938043,28.713695526123047,128900,0.0,0.0,0.0
2020-12-01 00:00:00-05:00,28.930031746827606,29.057865867775455,28.861197845118518,29.03820037841797,612100,0.0,0.0,0.0
2020-12-02 00:00:00-05:00,28.871030605399707,28.97919735795189,28.871030605399707,28.930030822753906,142700,0.0,0.0,0.0
2020-12-03 00:00:00-05:00,29.01853119161856,29.11686613456488,28.97919646420682,29.008697509765625,87200,0.0,0.0,0.0
2020-12-04 00:00:00-05:00,29.057864450593755,29.11686654253808,29.00869791622321,29.077531814575195,117800,0.0,0.0,0.0
2020-12-07 00:00:00-05:00,28.880865183125636,28.939865402309376,28.802197599019593,28.851364135742188,129300,0.0,0.0,0.0
2020-12-08 00:00:00-05:00,28.812027907339655,28.95953126100186,28.812027907339655,28.920196533203125,200600,0.0,0.0,0.0
2020-12-09 00:00:00-05:00,29.048032237177367,29.067697725300203,28.871029714990595,29.008697509765625,197800,0.0,0.0,0.0
2020-12-10 00:00:00-05:00,28.959531297613275,29.18570035599278,28.959531297613275,29.107032775878906,147300,0.0,0.0,0.0
2020-12-11 00:00:00-05:00,29.057863675532847,29.136531253777253,29.02836450593058,29.126699447631836,105800,0.0,0.0,0.0
2020-12-14 00:00:00-05:00,29.333202157743333,29.392202374583626,29.175866995780503,29.205368041992188,104700,0.0,0.0,0.0
2020-12-15 00:00:00-05:00,29.21519956275957,29.31353450692041,29.17586671044507,29.293869018554688,211000,0.0,0.0,0.0
2020-12-16 00:00:00-05:00,29.303703221073746,29.382370807718356,29.225035634429137,29.33320426940918,207600,0.0,0.0,0.0
2020-12-17 00:00:00-05:00,29.490535819491207,29.539704227342767,29.43153560565232,29.461034774780273,309000,0.0,0.0,0.0
2020-12-18 00:00:00-05:00,29.46103757958616,29.47087126209268,29.362704505687315,29.382369995117188,140700,0.0,0.0,0.0
2020-12-21 00:00:00-05:00,28.990183960247514,29.137992135770382,28.832521655758736,29.09857749938965,140600,0.062,0.0,0.0
2020-12-22 00:00:00-05:00,29.000038146972656,29.019746404943735,28.901498736600175,29.000038146972656,152700,0.0,0.0,0.0
2020-12-23 00:00:00-05:00,29.137992468111754,29.19711536309866,29.11828420995514,29.16755485534668,151600,0.0,0.0,0.0
2020-12-24 00:00:00-05:00,29.13799242485437,29.21682357788086,29.13799242485437,29.21682357788086,39000,0.0,0.0,0.0
2020-12-28 00:00:00-05:00,29.394194415410198,29.45331731085914,29.35477977827189,29.384340286254883,225500,0.0,0.0,0.0
2020-12-29 00:00:00-05:00,29.660250520471585,29.7390816749124,29.591273495271246,29.60112762451172,89700,0.0,0.0,0.0
2020-12-30 00:00:00-05:00,29.788350397241,29.79820452646679,29.6503963470459,29.6503963470459,112700,0.0,0.0,0.0
2020-12-31 00:00:00-05:00,29.650396407605083,29.660250536851,29.51244235712822,29.551856994628906,83300,0.0,0.0,0.0
2021-01-04 00:00:00-05:00,29.926305992202128,29.9558665000659,29.54200247462657,29.581418991088867,154000,0.0,0.0,0.0
2021-01-05 00:00:00-05:00,29.660249998734482,29.817912304842757,29.62083348246594,29.77849578857422,249900,0.0,0.0,0.0
2021-01-06 00:00:00-05:00,29.748934791428756,30.07411352736263,29.748934791428756,29.95586585998535,107400,0.0,0.0,0.0
2021-01-07 00:00:00-05:00,29.82776714023516,29.90659829515603,29.798204752333714,29.8671817779541,95900,0.0,0.0,0.0
2021-01-08 00:00:00-05:00,30.12338213600559,30.202213287353516,29.965719833309734,30.202213287353516,88500,0.0,0.0,0.0
2021-01-11 00:00:00-05:00,29.817911856662885,30.00513654715848,29.817911856662885,29.906597137451172,124300,0.0,0.0,0.0
2021-01-12 00:00:00-05:00,29.867180564748175,30.01498873928546,29.82776592863026,30.005136489868164,259100,0.0,0.0,0.0
2021-01-13 00:00:00-05:00,30.024842825743512,30.12338223512338,30.024842825743512,30.054405212402344,164100,0.0,0.0,0.0
2021-01-14 00:00:00-05:00,30.123383274186597,30.261337324387195,30.123383274186597,30.212068557739258,95600,0.0,0.0,0.0
2021-01-15 00:00:00-05:00,29.886889270038964,29.926305786229968,29.758789351384078,29.87703514099121,159200,0.0,0.0,0.0
2021-01-19 00:00:00-05:00,29.95586629389028,29.95586629389028,29.837620504283148,29.87703514099121,298100,0.0,0.0,0.0
2021-01-20 00:00:00-05:00,29.867179428137618,30.005135348007627,29.83761892204485,29.995281219482422,161700,0.0,0.0,0.0
2021-01-21 00:00:00-05:00,29.975575634390367,30.014990272521676,29.857327961030425,29.985429763793945,107400,0.0,0.0,0.0
2021-01-22 00:00:00-05:00,29.798203972801932,29.95586627851917,29.798203972801932,29.926305770874023,58900,0.0,0.0,0.0
2021-01-25 00:00:00-05:00,29.82776621643246,30.123382568359375,29.7982038294466,30.123382568359375,337300,0.0,0.0,0.0
2021-01-26 00:00:00-05:00,30.123383318242702,30.18250621420329,30.07411455152271,30.162799835205078,152300,0.0,0.0,0.0
2021-01-27 00:00:00-05:00,29.83762022957561,29.926305510705927,29.689810174703133,29.709518432617188,119000,0.0,0.0,0.0
2021-01-28 00:00:00-05:00,29.808056589663178,30.014987650613204,29.798202461120386,29.89674186706543,209500,0.0,0.0,0.0
2021-01-29 00:00:00-05:00,29.5715634817706,29.64054050287728,29.275945260549733,29.354778289794922,256800,0.0,0.0,0.0
2021-02-01 00:00:00-05:00,29.47302513425893,29.47302513425893,29.3843398526527,29.463171005249023,197800,0.0,0.0,0.0
2021-02-02 00:00:00-05:00,29.49273484600138,29.601128390970235,29.43361194851065,29.59127426147461,61400,0.0,0.0,0.0
2021-02-03 00:00:00-05:00,29.65039597182522,29.670104230027395,29.542002431196217,29.630687713623047,118800,0.0,0.0,0.0
2021-02-04 00:00:00-05:00,29.502588601938783,29.581419757422612,29.47302621382622,29.571565628051758,297100,0.0,0.0,0.0
2021-02-05 00:00:00-05:00,29.61097869012094,29.650395205506562,29.571564054218218,29.640541076660156,189700,0.0,0.0,0.0
2021-02-08 00:00:00-05:00,29.867180636492236,29.926305410035503,29.81791187135576,29.85732650756836,140200,0.0,0.0,0.0
2021-02-09 00:00:00-05:00,29.906597080349005,30.044551125986082,29.906597080349005,30.005136489868164,86900,0.0,0.0,0.0
2021-02-10 00:00:00-05:00,30.064259021237483,30.093821407581608,29.867180204575764,29.9361572265625,124700,0.0,0.0,0.0
2021-02-11 00:00:00-05:00,30.024842825743512,30.12338223512338,29.985428189681308,30.054405212402344,84900,0.0,0.0,0.0
2021-02-12 00:00:00-05:00,29.946012378387714,30.152945330900245,29.946012378387714,30.143091201782227,166400,0.0,0.0,0.0
2021-02-16 00:00:00-05:00,30.20221376398106,30.212067892990426,30.074113845825195,30.074113845825195,119200,0.0,0.0,0.0
2021-02-17 00:00:00-05:00,29.946012871810318,30.005137647492646,29.877035846330585,29.965721130371094,91500,0.0,0.0,0.0
2021-02-18 00:00:00-05:00,29.748934126760215,29.847473534125836,29.670102976764294,29.81791114807129,77300,0.0,0.0,0.0
2021-02-19 00:00:00-05:00,29.85732655024107,29.896743065992915,29.798203656096216,29.80805778503418,131900,0.0,0.0,0.0
2021-02-22 00:00:00-05:00,29.739080053060434,29.867179967234577,29.719371795654297,29.719371795654297,149700,0.0,0.0,0.0
2021-02-23 00:00:00-05:00,29.670103738868555,29.86718067917903,29.610978965240786,29.80805778503418,97700,0.0,0.0,0.0
2021-02-24 00:00:00-05:00,29.581419218238658,29.817912680379553,29.54200270147369,29.79820442199707,134400,0.0,0.0,0.0
2021-02-25 00:00:00-05:00,29.739079826627847,29.827765104797344,29.374484585321827,29.45331573486328,584700,0.0,0.0,0.0
2021-02-26 00:00:00-05:00,29.325217599312765,29.325217599312765,29.059161748676395,29.08872413635254,123800,0.0,0.0,0.0
2021-03-01 00:00:00-05:00,29.30550874293022,29.463171048353527,29.30550874293022,29.413902282714844,83700,0.0,0.0,0.0
2021-03-02 00:00:00-05:00,29.374486157099565,29.463171440014456,29.315363261650624,29.384340286254883,110700,0.0,0.0,0.0
2021-03-03 00:00:00-05:00,29.275946892648637,29.335071667878662,29.167555230359525,29.18726348876953,126100,0.0,0.0,0.0
2021-03-04 00:00:00-05:00,29.27594618232733,29.443462615782025,29.019746347145258,29.09857749938965,132400,0.0,0.0,0.0
2021-03-05 00:00:00-05:00,29.226677978735733,29.384340286254883,29.069015671216587,29.384340286254883,123600,0.0,0.0,0.0
2021-03-08 00:00:00-05:00,29.25623893737793,29.433609494545244,29.236530680029816,29.25623893737793,171500,0.0,0.0,0.0
2021-03-09 00:00:00-05:00,29.620833959368532,29.70951924291766,29.610979830142742,29.6503963470459,155700,0.0,0.0,0.0
2021-03-10 00:00:00-05:00,29.77849500863988,29.877034417247422,29.709517986459467,29.83761978149414,119300,0.0,0.0,0.0
2021-03-11 00:00:00-05:00,29.867180621775084,29.955865902563367,29.82776598558191,29.906597137451172,70300,0.0,0.0,0.0
2021-03-12 00:00:00-05:00,29.739079943452523,29.92630462915503,29.739079943452523,29.91645050048828,59400,0.0,0.0,0.0
2021-03-15 00:00:00-04:00,29.995281929518992,30.09382133762077,29.936157156968193,30.083967208862305,81400,0.0,0.0,0.0
2021-03-16 00:00:00-04:00,30.133237447483296,30.202214472684478,30.113529189002108,30.162799835205078,84500,0.0,0.0,0.0
2021-03-17 00:00:00-04:00,30.11352945732037,30.3598770520813,30.083968948818175,30.3303165435791,48700,0.0,0.0,0.0
2021-03-18 00:00:00-04:00,30.21206741620737,30.379583847757075,30.192359158499663,30.202213287353516,100900,0.0,0.0,0.0
2021-03-19 00:00:00-04:00,30.340168723466554,30.41899987354561,30.23177518730178,30.37958335876465,93800,0.0,0.0,0.0
2021-03-22 00:00:00-04:00,30.516581189168708,30.605927219875788,30.44709025272676,30.546363830566406,168200,0.228,0.0,0.0
2021-03-23 00:00:00-04:00,30.40737944998789,30.49672547889024,30.29818022070744,30.327960968017578,95400,0.0,0.0,0.0
2021-03-24 00:00:00-04:00,30.109560215651126,30.24854208387986,30.109560215651126,30.119487762451172,172500,0.0,0.0,0.0
2021-03-25 00:00:00-04:00,30.198906254742948,30.367670763435395,30.188978707939164,30.308107376098633,112300,0.0,0.0,0.0
2021-03-26 00:00:00-04:00,30.377599218416133,30.635709762573242,30.377599218416133,30.635709762573242,184600,0.0,0.0,0.0
2021-03-29 00:00:00-04:00,30.536436574737003,30.70520109062853,30.536436574737003,30.655563354492188,66500,0.0,0.0,0.0
2021-03-30 00:00:00-04:00,30.377598808311394,30.47687238449099,30.377598808311394,30.427234649658203,190200,0.0,0.0,0.0
2021-03-31 00:00:00-04:00,30.188979900101096,30.308108572964954,30.159197258513625,30.179052352905273,439400,0.0,0.0,0.0
2021-04-01 00:00:00-04:00,30.18898010515674,30.397454810713032,30.18898010515674,30.377599716186523,436600,0.0,0.0,0.0
2021-04-05 00:00:00-04:00,30.387526460258837,30.586071719817973,30.377598913257984,30.526508331298828,172300,0.0,0.0,0.0
2021-04-06 00:00:00-04:00,30.298181231566517,30.427235559016765,30.298181231566517,30.377599716186523,585500,0.0,0.0,0.0
2021-04-07 00:00:00-04:00,30.38752766805866,30.457018606340682,30.33788993108146,30.3974552154541,83900,0.0,0.0,0.0
2021-04-08 00:00:00-04:00,30.466944942779687,30.546363425300537,30.466944942779687,30.526508331298828,57000,0.0,0.0,0.0
2021-04-09 00:00:00-04:00,30.51658109085227,30.655562963288403,30.51658109085227,30.635709762573242,116700,0.0,0.0,0.0
2021-04-12 00:00:00-04:00,30.53643648580348,30.576144781110887,30.4867987498117,30.556291580200195,57600,0.0,0.0,0.0
2021-04-13 00:00:00-04:00,30.496725391219382,30.64563670128586,30.496725391219382,30.605926513671875,64800,0.0,0.0,0.0
2021-04-14 00:00:00-04:00,30.586072328309246,30.635710064301026,30.556291580200195,30.556291580200195,124100,0.0,0.0,0.0
2021-04-15 00:00:00-04:00,30.665490600443096,30.74490908399497,30.665490600443096,30.734981536865234,356900,0.0,0.0,0.0
2021-04-16 00:00:00-04:00,30.76476407977034,30.844182563067978,30.74490898557443,30.82432746887207,47800,0.0,0.0,0.0
2021-04-19 00:00:00-04:00,30.864037859995353,30.873965407158515,30.774691829012884,30.83425521850586,73700,0.0,0.0,0.0
2021-04-20 00:00:00-04:00,30.55629137769897,30.605927219875788,30.44709025272676,30.546363830566406,512700,0.0,0.0,0.0
2021-04-21 00:00:00-04:00,30.50665324484871,30.7250554919496,30.50665324484871,30.71512794494629,133600,0.0,0.0,0.0
2021-04-22 00:00:00-04:00,30.77469202773339,30.78461957496066,30.595999964614595,30.655563354492188,106100,0.0,0.0,0.0
2021-04-23 00:00:00-04:00,30.70520069066861,30.893820298557753,30.70520069066861,30.82432746887207,163200,0.0,0.0,0.0
2021-04-26 00:00:00-04:00,30.754836631124704,30.784619272513908,30.6952732418323,30.734981536865234,99500,0.0,0.0,0.0
2021-04-27 00:00:00-04:00,30.496726687002703,30.59600026676976,30.496726687002703,30.57614517211914,86300,0.0,0.0,0.0
2021-04-28 00:00:00-04:00,30.45701759788476,30.576144375713547,30.44709005081803,30.536436080932617,101300,0.0,0.0,0.0
2021-04-29 00:00:00-04:00,30.566219518279873,30.57614517211914,30.437163296536887,30.57614517211914,63000,0.0,0.0,0.0
2021-04-30 00:00:00-04:00,30.447089841147413,30.50665322965163,30.23861514115369,30.337888717651367,87300,0.0,0.0,0.0
2021-05-03 00:00:00-04:00,30.427235749211576,30.60592781409507,30.427235749211576,30.57614517211914,161300,0.0,0.0,0.0
2021-05-04 00:00:00-04:00,30.337888123024044,30.42723415077216,30.15919606752781,30.308107376098633,588500,0.0,0.0,0.0
2021-05-05 00:00:00-04:00,30.486798547771013,30.615854767008354,30.476872894124455,30.546363830566406,118800,0.0,0.0,0.0
2021-05-06 00:00:00-04:00,30.605926321516442,30.794545924526716,30.605926321516442,30.784618377685547,78600,0.0,0.0,0.0
2021-05-07 00:00:00-04:00,30.883891867662246,31.092364670295478,30.883891867662246,31.062583923339844,172500,0.0,0.0,0.0
2021-05-10 00:00:00-04:00,31.161856705485842,31.201566894144285,31.0030197378241,31.02287483215332,94300,0.0,0.0,0.0
2021-05-11 00:00:00-04:00,30.625782910177847,30.774692333092375,30.615855362852074,30.7647647857666,119400,0.0,0.0,0.0
2021-05-12 00:00:00-04:00,30.397454808077278,30.52650913551634,30.10956161792594,30.188980102539062,93600,0.0,0.0,0.0
2021-05-13 00:00:00-04:00,30.208833894164048,30.45701688456173,30.208833894164048,30.407379150390625,127300,0.0,0.0,0.0
2021-05-14 00:00:00-04:00,30.62578211737824,30.754836442300434,30.62578211737824,30.725055694580078,72400,0.0,0.0,0.0
2021-05-17 00:00:00-04:00,30.576144870160057,30.655563354492188,30.526509027509736,30.655563354492188,122600,0.0,0.0,0.0
2021-05-18 00:00:00-04:00,30.814401724713132,30.864037566571053,30.725055694580078,30.725055694580078,123300,0.0,0.0,0.0
2021-05-19 00:00:00-04:00,30.51658028282231,30.685344792091577,30.486797642309163,30.595998764038086,95900,0.0,0.0,0.0
2021-05-20 00:00:00-04:00,30.754836233197796,30.943455839250262,30.754836233197796,30.903745651245117,68400,0.0,0.0,0.0
2021-05-21 00:00:00-04:00,30.923600556295867,30.96331074405837,30.834254527316208,30.89381980895996,71100,0.0,0.0,0.0
2021-05-24 00:00:00-04:00,30.97323898981628,31.042729926482544,30.96331144265167,31.02287483215332,52500,0.0,0.0,0.0
2021-05-25 00:00:00-04:00,31.042729723818923,31.07251047163232,30.96331124050654,31.01294708251953,44200,0.0,0.0,0.0
2021-05-26 00:00:00-04:00,30.983164036281906,31.0625844120423,30.943455741887686,30.993091583251953,44000,0.0,0.0,0.0
2021-05-27 00:00:00-04:00,30.953384601656754,31.02287553990838,30.90374686470127,30.96331214904785,60700,0.0,0.0,0.0
2021-05-28 00:00:00-04:00,30.963310835827784,31.092365159466468,30.963310835827784,30.993091583251953,110800,0.0,0.0,0.0
2021-06-01 00:00:00-04:00,30.99309108444377,30.99309108444377,30.873964309692383,30.873964309692383,1068400,0.0,0.0,0.0
2021-06-02 00:00:00-04:00,30.893819510062347,31.00301873838079,30.854109322684042,30.973237991333008,199800,0.0,0.0,0.0
2021-06-03 00:00:00-04:00,30.844181669261562,30.9236001502578,30.844181669261562,30.873964309692383,260600,0.0,0.0,0.0
2021-06-04 00:00:00-04:00,31.112220867626398,31.251202740978925,31.112220867626398,31.21149444580078,52400,0.0,0.0,0.0
2021-06-07 00:00:00-04:00,31.280985081103434,31.3405484700398,31.251202439892253,31.290912628173828,118100,0.0,0.0,0.0
2021-06-08 00:00:00-04:00,31.39018720592827,31.410040407215867,31.32069437422049,31.34054946899414,62900,0.0,0.0,0.0
2021-06-09 00:00:00-04:00,31.380258251779843,31.40011145217743,31.27105712890625,31.27105712890625,116300,0.0,0.0,0.0
2021-06-10 00:00:00-04:00,31.31076821643483,31.42989499618752,31.31076821643483,31.4100399017334,104500,0.0,0.0,0.0
2021-06-11 00:00:00-04:00,31.439822543414582,31.439822543414582,31.280985574753647,31.4100399017334,95700,0.0,0.0,0.0
2021-06-14 00:00:00-04:00,31.33062062264595,31.370330810546875,31.290912328231,31.370330810546875,77200,0.0,0.0,0.0
2021-06-15 00:00:00-04:00,31.41996785364605,31.44975049571083,31.400112758936192,31.429895401000977,85800,0.0,0.0,0.0
2021-06-16 00:00:00-04:00,31.47952952587985,31.519239713131856,31.191638242246615,31.251201629638672,61500,0.0,0.0,0.0
2021-06-17 00:00:00-04:00,31.042729625602032,31.102293014526367,30.97323868960931,31.102293014526367,100100,0.0,0.0,0.0
2021-06-18 00:00:00-04:00,30.67541724525386,30.715127432604724,30.595998764038086,30.595998764038086,94900,0.0,0.0,0.0
2021-06-21 00:00:00-04:00,30.850000381469727,31.06999969482422,30.81999969482422,31.059999465942383,100100,0.224,0.0,0.0
2021-06-22 00:00:00-04:00,30.950000762939453,31.110000610351562,30.940000534057617,31.06999969482422,58200,0.0,0.0,0.0
2021-06-23 00:00:00-04:00,31.020000457763672,31.049999237060547,30.8799991607666,30.8799991607666,36800,0.0,0.0,0.0
2021-06-24 00:00:00-04:00,31.06999969482422,31.139999389648438,31.049999237060547,31.100000381469727,72600,0.0,0.0,0.0
2021-06-25 00:00:00-04:00,31.139999389648438,31.18000030517578,31.110000610351562,31.170000076293945,39100,0.0,0.0,0.0
2021-06-28 00:00:00-04:00,31.1200008392334,31.190000534057617,31.079999923706055,31.110000610351562,440000,0.0,0.0,0.0
2021-06-29 00:00:00-04:00,31.06999969482422,31.100000381469727,31.010000228881836,31.020000457763672,268100,0.0,0.0,0.0
2021-06-30 00:00:00-04:00,30.899999618530273,30.969999313354492,30.799999237060547,30.90999984741211,122000,0.0,0.0,0.0
2021-07-01 00:00:00-04:00,30.850000381469727,30.899999618530273,30.81999969482422,30.8799991607666,1225800,0.0,0.0,0.0
2021-07-02 00:00:00-04:00,30.90999984741211,31.079999923706055,30.899999618530273,31.079999923706055,506700,0.0,0.0,0.0
2021-07-06 00:00:00-04:00,31.06999969482422,31.09000015258789,30.90999984741211,30.989999771118164,110600,0.0,0.0,0.0
2021-07-07 00:00:00-04:00,31.110000610351562,31.190000534057617,31.06999969482422,31.190000534057617,69200,0.0,0.0,0.0
2021-07-08 00:00:00-04:00,30.84000015258789,30.940000534057617,30.809999465942383,30.889999389648438,148600,0.0,0.0,0.0
2021-07-09 00:00:00-04:00,31.1200008392334,31.280000686645508,31.1200008392334,31.25,42900,0.0,0.0,0.0
2021-07-12 00:00:00-04:00,31.270000457763672,31.40999984741211,31.270000457763672,31.3700008392334,72600,0.0,0.0,0.0
2021-07-13 00:00:00-04:00,31.329999923706055,31.40999984741211,31.290000915527344,31.309999465942383,92000,0.0,0.0,0.0
2021-07-14 00:00:00-04:00,31.450000762939453,31.489999771118164,31.420000076293945,31.469999313354492,72400,0.0,0.0,0.0
2021-07-15 00:00:00-04:00,31.270000457763672,31.329999923706055,31.219999313354492,31.31999969482422,80000,0.0,0.0,0.0
2021-07-16 00:00:00-04:00,31.290000915527344,31.329999923706055,31.18000030517578,31.229999542236328,60700,0.0,0.0,0.0
2021-07-19 00:00:00-04:00,30.959999084472656,31.010000228881836,30.729999542236328,30.829999923706055,77500,0.0,0.0,0.0
2021-07-20 00:00:00-04:00,30.860000610351562,31.100000381469727,30.84000015258789,31.049999237060547,101300,0.0,0.0,0.0
2021-07-21 00:00:00-04:00,31.09000015258789,31.299999237060547,31.09000015258789,31.270000457763672,49500,0.0,0.0,0.0
2021-07-22 00:00:00-04:00,31.360000610351562,31.440000534057617,31.290000915527344,31.329999923706055,168700,0.0,0.0,0.0
2021-07-23 00:00:00-04:00,31.440000534057617,31.579999923706055,31.420000076293945,31.579999923706055,241400,0.0,0.0,0.0
2021-07-26 00:00:00-04:00,31.40999984741211,31.5,31.40999984741211,31.5,48900,0.0,0.0,0.0
2021-07-27 00:00:00-04:00,31.479999542236328,31.579999923706055,31.40999984741211,31.579999923706055,42800,0.0,0.0,0.0
2021-07-28 00:00:00-04:00,31.530000686645508,31.68000030517578,31.479999542236328,31.6200008392334,40300,0.0,0.0,0.0
2021-07-29 00:00:00-04:00,31.700000762939453,31.790000915527344,31.700000762939453,31.739999771118164,86600,0.0,0.0,0.0
2021-07-30 00:00:00-04:00,31.700000762939453,31.770000457763672,31.649999618530273,31.690000534057617,42500,0.0,0.0,0.0
2021-08-02 00:00:00-04:00,31.799999237060547,31.8700008392334,31.75,31.75,448200,0.0,0.0,0.0
2021-08-03 00:00:00-04:00,31.84000015258789,32.0,31.799999237060547,32.0,155000,0.0,0.0,0.0
2021-08-04 00:00:00-04:00,32.0,32.08000183105469,31.899999618530273,31.940000534057617,52000,0.0,0.0,0.0
2021-08-05 00:00:00-04:00,32.029998779296875,32.08000183105469,32.02000045776367,32.02000045776367,57200,0.0,0.0,0.0
2021-08-06 00:00:00-04:00,31.90999984741211,31.90999984741211,31.81999969482422,31.84000015258789,21600,0.0,0.0,0.0
2021-08-09 00:00:00-04:00,31.860000610351562,31.899999618530273,31.809999465942383,31.809999465942383,59300,0.0,0.0,0.0
2021-08-10 00:00:00-04:00,31.850000381469727,31.90999984741211,31.850000381469727,31.889999389648438,14600,0.0,0.0,0.0
2021-08-11 00:00:00-04:00,32.040000915527344,32.119998931884766,32.0099983215332,32.09000015258789,22600,0.0,0.0,0.0
2021-08-12 00:00:00-04:00,32.08000183105469,32.130001068115234,32.040000915527344,32.130001068115234,21800,0.0,0.0,0.0
2021-08-13 00:00:00-04:00,32.20000076293945,32.310001373291016,32.20000076293945,32.310001373291016,27200,0.0,0.0,0.0
2021-08-16 00:00:00-04:00,32.18000030517578,32.279998779296875,32.13999938964844,32.2400016784668,68500,0.0,0.0,0.0
2021-08-17 00:00:00-04:00,32.040000915527344,32.11000061035156,31.969999313354492,32.040000915527344,42800,0.0,0.0,0.0
2021-08-18 00:00:00-04:00,32.130001068115234,32.20000076293945,32.04999923706055,32.04999923706055,36400,0.0,0.0,0.0
2021-08-19 00:00:00-04:00,31.780000686645508,31.950000762939453,31.780000686645508,31.889999389648438,37500,0.0,0.0,0.0
2021-08-20 00:00:00-04:00,31.899999618530273,32.11000061035156,31.889999389648438,32.099998474121094,41700,0.0,0.0,0.0
2021-08-23 00:00:00-04:00,32.220001220703125,32.310001373291016,32.15999984741211,32.27000045776367,29100,0.0,0.0,0.0
2021-08-24 00:00:00-04:00,32.16999816894531,32.2400016784668,32.13999938964844,32.20000076293945,43200,0.0,0.0,0.0
2021-08-25 00:00:00-04:00,32.0099983215332,32.09000015258789,31.959999084472656,32.04999923706055,23200,0.0,0.0,0.0
2021-08-26 00:00:00-04:00,31.950000762939453,31.979999542236328,31.889999389648438,31.899999618530273,49400,0.0,0.0,0.0
2021-08-27 00:00:00-04:00,31.90999984741211,32.13999938964844,31.90999984741211,32.119998931884766,63100,0.0,0.0,0.0
2021-08-30 00:00:00-04:00,32.119998931884766,32.209999084472656,32.099998474121094,32.150001525878906,21800,0.0,0.0,0.0
2021-08-31 00:00:00-04:00,32.099998474121094,32.13999938964844,32.029998779296875,32.029998779296875,28400,0.0,0.0,0.0
2021-09-01 00:00:00-04:00,32.2400016784668,32.310001373291016,32.209999084472656,32.2400016784668,453300,0.0,0.0,0.0
2021-09-02 00:00:00-04:00,32.349998474121094,32.38999938964844,32.34000015258789,32.380001068115234,86400,0.0,0.0,0.0
2021-09-03 00:00:00-04:00,32.380001068115234,32.5,32.33000183105469,32.43000030517578,21200,0.0,0.0,0.0
2021-09-07 00:00:00-04:00,32.380001068115234,32.38999938964844,32.310001373291016,32.310001373291016,146800,0.0,0.0,0.0
2021-09-08 00:00:00-04:00,32.11000061035156,32.220001220703125,32.09000015258789,32.15999984741211,96700,0.0,0.0,0.0
2021-09-09 00:00:00-04:00,32.25,32.31999969482422,32.209999084472656,32.209999084472656,18400,0.0,0.0,0.0
2021-09-10 00:00:00-04:00,32.33000183105469,32.33000183105469,32.099998474121094,32.099998474121094,25300,0.0,0.0,0.0
2021-09-13 00:00:00-04:00,32.29999923706055,32.29999923706055,32.119998931884766,32.189998626708984,38400,0.0,0.0,0.0
2021-09-14 00:00:00-04:00,32.279998779296875,32.279998779296875,32.06999969482422,32.06999969482422,60300,0.0,0.0,0.0
2021-09-15 00:00:00-04:00,32.060001373291016,32.130001068115234,32.0099983215332,32.130001068115234,40500,0.0,0.0,0.0
2021-09-16 00:00:00-04:00,32.04999923706055,32.130001068115234,32.0099983215332,32.130001068115234,45900,0.0,0.0,0.0
2021-09-17 00:00:00-04:00,31.979999542236328,31.979999542236328,31.770000457763672,31.780000686645508,46700,0.0,0.0,0.0
2021-09-20 00:00:00-04:00,31.110000610351562,31.280000686645508,31.059999465942383,31.270000457763672,156300,0.0,0.0,0.0
2021-09-21 00:00:00-04:00,31.43000030517578,31.540000915527344,31.3799991607666,31.399999618530273,70300,0.0,0.0,0.0
2021-09-22 00:00:00-04:00,31.3799991607666,31.6200008392334,31.3799991607666,31.399999618530273,34600,0.0,0.0,0.0
2021-09-23 00:00:00-04:00,31.6299991607666,31.75,31.6299991607666,31.68000030517578,88400,0.0,0.0,0.0
2021-09-24 00:00:00-04:00,31.3799991607666,31.420000076293945,31.350000381469727,31.3799991607666,18200,0.0,0.0,0.0
2021-09-27 00:00:00-04:00,31.290000915527344,31.360000610351562,31.260000228881836,31.270000457763672,15500,0.0,0.0,0.0
2021-09-28 00:00:00-04:00,30.93000030517578,30.93000030517578,30.690000534057617,30.75,135100,0.0,0.0,0.0
2021-09-29 00:00:00-04:00,30.799999237060547,30.829999923706055,30.65999984741211,30.690000534057617,45600,0.0,0.0,0.0
2021-09-30 00:00:00-04:00,30.709999084472656,30.780000686645508,30.56999969482422,30.6299991607666,61300,0.0,0.0,0.0
2021-10-01 00:00:00-04:00,30.65999984741211,30.770000457763672,30.489999771118164,30.729999542236328,242700,0.0,0.0,0.0
2021-10-04 00:00:00-04:00,30.780000686645508,30.850000381469727,30.610000610351562,30.690000534057617,53600,0.0,0.0,0.0
2021-10-05 00:00:00-04:00,30.709999084472656,30.860000610351562,30.68000030517578,30.809999465942383,106000,0.0,0.0,0.0
2021-10-06 00:00:00-04:00,30.56999969482422,30.799999237060547,30.56999969482422,30.790000915527344,22100,0.0,0.0,0.0
2021-10-07 00:00:00-04:00,30.889999389648438,31.030000686645508,30.889999389648438,30.93000030517578,28900,0.0,0.0,0.0
2021-10-08 00:00:00-04:00,30.969999313354492,30.989999771118164,30.920000076293945,30.950000762939453,23200,0.0,0.0,0.0
2021-10-11 00:00:00-04:00,30.899999618530273,30.959999084472656,30.760000228881836,30.760000228881836,24700,0.0,0.0,0.0
2021-10-12 00:00:00-04:00,30.829999923706055,30.90999984741211,30.780000686645508,30.84000015258789,37300,0.0,0.0,0.0
2021-10-13 00:00:00-04:00,30.989999771118164,31.209999084472656,30.989999771118164,31.18000030517578,45100,0.0,0.0,0.0
2021-10-14 00:00:00-04:00,31.309999465942383,31.3700008392334,31.290000915527344,31.329999923706055,36400,0.0,0.0,0.0
2021-10-15 00:00:00-04:00,31.399999618530273,31.489999771118164,31.399999618530273,31.459999084472656,85700,0.0,0.0,0.0
2021-10-18 00:00:00-04:00,31.309999465942383,31.40999984741211,31.280000686645508,31.3700008392334,43400,0.0,0.0,0.0
2021-10-19 00:00:00-04:00,31.459999084472656,31.530000686645508,31.459999084472656,31.510000228881836,25400,0.0,0.0,0.0
2021-10-20 00:00:00-04:00,31.610000610351562,31.700000762939453,31.579999923706055,31.700000762939453,17900,0.0,0.0,0.0
2021-10-21 00:00:00-04:00,31.559999465942383,31.649999618530273,31.559999465942383,31.579999923706055,15100,0.0,0.0,0.0
2021-10-22 00:00:00-04:00,31.760000228881836,31.799999237060547,31.670000076293945,31.760000228881836,47700,0.0,0.0,0.0
2021-10-25 00:00:00-04:00,31.670000076293945,31.700000762939453,31.600000381469727,31.639999389648438,28300,0.0,0.0,0.0
2021-10-26 00:00:00-04:00,31.729999542236328,31.780000686645508,31.6299991607666,31.639999389648438,15600,0.0,0.0,0.0
2021-10-27 00:00:00-04:00,31.719999313354492,31.760000228881836,31.610000610351562,31.610000610351562,26900,0.0,0.0,0.0
2021-10-28 00:00:00-04:00,31.700000762939453,31.8799991607666,31.700000762939453,31.850000381469727,46600,0.0,0.0,0.0
2021-10-29 00:00:00-04:00,31.709999084472656,31.719999313354492,31.639999389648438,31.709999084472656,53400,0.0,0.0,0.0
2021-11-01 00:00:00-04:00,31.760000228881836,31.920000076293945,31.75,31.860000610351562,66700,0.0,0.0,0.0
2021-11-02 00:00:00-04:00,31.850000381469727,31.93000030517578,31.850000381469727,31.850000381469727,33200,0.0,0.0,0.0
2021-11-03 00:00:00-04:00,31.8799991607666,32.13999938964844,31.8799991607666,32.13999938964844,28900,0.0,0.0,0.0
2021-11-04 00:00:00-04:00,32.060001373291016,32.099998474121094,32.0099983215332,32.099998474121094,18900,0.0,0.0,0.0
2021-11-05 00:00:00-04:00,32.060001373291016,32.189998626708984,32.060001373291016,32.11000061035156,32200,0.0,0.0,0.0
2021-11-08 00:00:00-05:00,32.119998931884766,32.18000030517578,32.06999969482422,32.09000015258789,34100,0.0,0.0,0.0
2021-11-09 00:00:00-05:00,32.09000015258789,32.130001068115234,32.0,32.08000183105469,18700,0.0,0.0,0.0
2021-11-10 00:00:00-05:00,32.130001068115234,32.150001525878906,31.860000610351562,31.90999984741211,62400,0.0,0.0,0.0
2021-11-11 00:00:00-05:00,31.899999618530273,31.90999984741211,31.829999923706055,31.829999923706055,23900,0.0,0.0,0.0
2021-11-12 00:00:00-05:00,31.899999618530273,32.0,31.899999618530273,31.959999084472656,17300,0.0,0.0,0.0
2021-11-15 00:00:00-05:00,32.02000045776367,32.040000915527344,31.90999984741211,31.920000076293945,15900,0.0,0.0,0.0
2021-11-16 00:00:00-05:00,31.799999237060547,31.8799991607666,31.790000915527344,31.799999237060547,16500,0.0,0.0,0.0
2021-11-17 00:00:00-05:00,31.709999084472656,31.770000457763672,31.68000030517578,31.709999084472656,65900,0.0,0.0,0.0
2021-11-18 00:00:00-05:00,31.719999313354492,31.799999237060547,31.670000076293945,31.790000915527344,38300,0.0,0.0,0.0
2021-11-19 00:00:00-05:00,31.700000762939453,31.75,31.6299991607666,31.65999984741211,46700,0.0,0.0,0.0
2021-11-22 00:00:00-05:00,31.65999984741211,31.739999771118164,31.579999923706055,31.579999923706055,36200,0.0,0.0,0.0
2021-11-23 00:00:00-05:00,31.530000686645508,31.559999465942383,31.420000076293945,31.559999465942383,41200,0.0,0.0,0.0
2021-11-24 00:00:00-05:00,31.260000228881836,31.399999618530273,31.209999084472656,31.399999618530273,54300,0.0,0.0,0.0
2021-11-26 00:00:00-05:00,31.09000015258789,31.18000030517578,30.899999618530273,30.969999313354492,90100,0.0,0.0,0.0
2021-11-29 00:00:00-05:00,31.059999465942383,31.1200008392334,30.920000076293945,31.079999923706055,189200,0.0,0.0,0.0
2021-11-30 00:00:00-05:00,30.989999771118164,31.010000228881836,30.600000381469727,30.770000457763672,133700,0.0,0.0,0.0
2021-12-01 00:00:00-05:00,30.959999084472656,31.049999237060547,30.600000381469727,30.600000381469727,43600,0.0,0.0,0.0
2021-12-02 00:00:00-05:00,30.700000762939453,30.920000076293945,30.700000762939453,30.860000610351562,90400,0.0,0.0,0.0
2021-12-03 00:00:00-05:00,30.940000534057617,30.940000534057617,30.709999084472656,30.829999923706055,100400,0.0,0.0,0.0
2021-12-06 00:00:00-05:00,31.020000457763672,31.18000030517578,31.020000457763672,31.139999389648438,89900,0.0,0.0,0.0
2021-12-07 00:00:00-05:00,31.43000030517578,31.530000686645508,31.389999389648438,31.5,52400,0.0,0.0,0.0
2021-12-08 00:00:00-05:00,31.520000457763672,31.530000686645508,31.420000076293945,31.489999771118164,19700,0.0,0.0,0.0
2021-12-09 00:00:00-05:00,31.450000762939453,31.459999084472656,31.389999389648438,31.399999618530273,17200,0.0,0.0,0.0
2021-12-10 00:00:00-05:00,31.450000762939453,31.549999237060547,31.440000534057617,31.5,23800,0.0,0.0,0.0
2021-12-13 00:00:00-05:00,31.360000610351562,31.450000762939453,31.260000228881836,31.309999465942383,71800,0.0,0.0,0.0
2021-12-14 00:00:00-05:00,31.229999542236328,31.31999969482422,31.09000015258789,31.190000534057617,31800,0.0,0.0,0.0
2021-12-15 00:00:00-05:00,31.209999084472656,31.5,31.190000534057617,31.469999313354492,29000,0.0,0.0,0.0
2021-12-16 00:00:00-05:00,31.549999237060547,31.670000076293945,31.540000915527344,31.639999389648438,88900,0.0,0.0,0.0
2021-12-17 00:00:00-05:00,31.440000534057617,31.5,31.280000686645508,31.309999465942383,51500,0.0,0.0,0.0
2021-12-20 00:00:00-05:00,30.84000015258789,30.920000076293945,30.780000686645508,30.920000076293945,57200,0.0,0.0,0.0
2021-12-21 00:00:00-05:00,31.010000228881836,31.149999618530273,30.989999771118164,31.1299991607666,24600,0.0,0.0,0.0
2021-12-22 00:00:00-05:00,31.040000915527344,31.399999618530273,31.040000915527344,31.399999618530273,43800,0.0,0.0,0.0
2021-12-23 00:00:00-05:00,31.309999465942383,31.520000457763672,31.309999465942383,31.5,20000,0.0,0.0,0.0
2021-12-27 00:00:00-05:00,31.489999771118164,31.670000076293945,31.489999771118164,31.670000076293945,29700,0.0,0.0,0.0
2021-12-28 00:00:00-05:00,31.700000762939453,31.84000015258789,31.700000762939453,31.799999237060547,46900,0.0,0.0,0.0
2021-12-29 00:00:00-05:00,31.829999923706055,31.90999984741211,31.81999969482422,31.90999984741211,43400,0.0,0.0,0.0
2021-12-30 00:00:00-05:00,31.8700008392334,31.940000534057617,31.850000381469727,31.8700008392334,30200,0.0,0.0,0.0
2021-12-31 00:00:00-05:00,31.920000076293945,31.979999542236328,31.8700008392334,31.920000076293945,19400,0.0,0.0,0.0
2022-01-03 00:00:00-05:00,31.889999389648438,32.0,31.829999923706055,31.8799991607666,144100,0.0,0.0,0.0
2022-01-04 00:00:00-05:00,31.969999313354492,32.08000183105469,31.940000534057617,31.959999084472656,110600,0.0,0.0,0.0
2022-01-05 00:00:00-05:00,32.0,32.04999923706055,31.709999084472656,31.709999084472656,73300,0.0,0.0,0.0
2022-01-06 00:00:00-05:00,31.639999389648438,31.729999542236328,31.549999237060547,31.639999389648438,96700,0.0,0.0,0.0
2022-01-07 00:00:00-05:00,31.639999389648438,31.850000381469727,31.639999389648438,31.81999969482422,32000,0.0,0.0,0.0
2022-01-10 00:00:00-05:00,31.530000686645508,31.610000610351562,31.440000534057617,31.59000015258789,75800,0.0,0.0,0.0
2022-01-11 00:00:00-05:00,31.6299991607666,31.920000076293945,31.610000610351562,31.850000381469727,57500,0.0,0.0,0.0
2022-01-12 00:00:00-05:00,31.979999542236328,32.119998931884766,31.940000534057617,32.119998931884766,63200,0.0,0.0,0.0
2022-01-13 00:00:00-05:00,32.16999816894531,32.22999954223633,32.02000045776367,32.060001373291016,67600,0.0,0.0,0.0
2022-01-14 00:00:00-05:00,31.979999542236328,32.06999969482422,31.850000381469727,31.969999313354492,47100,0.0,0.0,0.0
2022-01-18 00:00:00-05:00,31.690000534057617,31.760000228881836,31.56999969482422,31.690000534057617,22300,0.0,0.0,0.0
2022-01-19 00:00:00-05:00,31.729999542236328,31.790000915527344,31.59000015258789,31.649999618530273,80000,0.0,0.0,0.0
2022-01-20 00:00:00-05:00,31.6299991607666,31.75,31.40999984741211,31.40999984741211,51100,0.0,0.0,0.0
2022-01-21 00:00:00-05:00,31.3799991607666,31.420000076293945,31.18000030517578,31.200000762939453,41000,0.0,0.0,0.0
2022-01-24 00:00:00-05:00,30.81999969482422,30.959999084472656,30.40999984741211,30.950000762939453,141300,0.0,0.0,0.0
2022-01-25 00:00:00-05:00,30.780000686645508,31.06999969482422,30.579999923706055,30.940000534057617,207000,0.0,0.0,0.0
2022-01-26 00:00:00-05:00,31.09000015258789,31.190000534057617,30.700000762939453,30.780000686645508,168700,0.0,0.0,0.0
2022-01-27 00:00:00-05:00,30.93000030517578,31.06999969482422,30.770000457763672,30.799999237060547,205100,0.0,0.0,0.0
2022-01-28 00:00:00-05:00,30.65999984741211,30.90999984741211,30.610000610351562,30.8700008392334,70800,0.0,0.0,0.0
2022-01-31 00:00:00-05:00,30.860000610351562,31.219999313354492,30.829999923706055,31.18000030517578,83000,0.0,0.0,0.0
2022-02-01 00:00:00-05:00,31.25,31.350000381469727,31.149999618530273,31.350000381469727,337100,0.0,0.0,0.0
2022-02-02 00:00:00-05:00,31.43000030517578,31.610000610351562,31.43000030517578,31.579999923706055,97900,0.0,0.0,0.0
2022-02-03 00:00:00-05:00,31.489999771118164,31.549999237060547,31.389999389648438,31.40999984741211,39100,0.0,0.0,0.0
2022-02-04 00:00:00-05:00,31.229999542236328,31.399999618530273,31.1299991607666,31.290000915527344,49200,0.0,0.0,0.0
2022-02-07 00:00:00-05:00,31.270000457763672,31.440000534057617,31.260000228881836,31.34000015258789,43100,0.0,0.0,0.0
2022-02-08 00:00:00-05:00,31.329999923706055,31.530000686645508,31.299999237060547,31.489999771118164,55600,0.0,0.0,0.0
2022-02-09 00:00:00-05:00,31.790000915527344,31.829999923706055,31.75,31.799999237060547,58100,0.0,0.0,0.0
2022-02-10 00:00:00-05:00,31.510000228881836,31.860000610351562,31.479999542236328,31.479999542236328,116300,0.0,0.0,0.0
2022-02-11 00:00:00-05:00,31.549999237060547,31.649999618530273,31.260000228881836,31.34000015258789,26400,0.0,0.0,0.0
2022-02-14 00:00:00-05:00,31.219999313354492,31.219999313354492,31.049999237060547,31.1200008392334,154300,0.0,0.0,0.0
2022-02-15 00:00:00-05:00,31.280000686645508,31.510000228881836,31.280000686645508,31.420000076293945,73600,0.0,0.0,0.0
2022-02-16 00:00:00-05:00,31.469999313354492,31.639999389648438,31.459999084472656,31.59000015258789,23600,0.0,0.0,0.0
2022-02-17 00:00:00-05:00,31.40999984741211,31.420000076293945,31.270000457763672,31.309999465942383,50900,0.0,0.0,0.0
2022-02-18 00:00:00-05:00,31.34000015258789,31.3700008392334,31.200000762939453,31.200000762939453,28000,0.0,0.0,0.0
2022-02-22 00:00:00-05:00,30.940000534057617,31.06999969482422,30.780000686645508,30.920000076293945,47900,0.0,0.0,0.0
2022-02-23 00:00:00-05:00,31.18000030517578,31.209999084472656,30.81999969482422,30.829999923706055,59100,0.0,0.0,0.0
2022-02-24 00:00:00-05:00,29.979999542236328,30.469999313354492,29.90999984741211,30.420000076293945,91800,0.0,0.0,0.0
2022-02-25 00:00:00-05:00,30.610000610351562,31.020000457763672,30.610000610351562,31.020000457763672,82400,0.0,0.0,0.0
2022-02-28 00:00:00-05:00,30.68000030517578,30.950000762939453,30.6200008392334,30.790000915527344,88600,0.0,0.0,0.0
2022-03-01 00:00:00-05:00,30.700000762939453,30.780000686645508,30.25,30.360000610351562,148000,0.0,0.0,0.0
2022-03-02 00:00:00-05:00,30.3700008392334,30.649999618530273,30.3700008392334,30.549999237060547,124100,0.0,0.0,0.0
2022-03-03 00:00:00-05:00,30.469999313354492,30.510000228881836,30.229999542236328,30.309999465942383,47200,0.0,0.0,0.0
2022-03-04 00:00:00-05:00,29.8700008392334,30.040000915527344,29.729999542236328,30.040000915527344,69400,0.0,0.0,0.0
2022-03-07 00:00:00-05:00,29.8799991607666,29.8799991607666,29.479999542236328,29.6200008392334,1051100,0.0,0.0,0.0
2022-03-08 00:00:00-05:00,29.579999923706055,29.889999389648438,29.290000915527344,29.549999237060547,621400,0.0,0.0,0.0
2022-03-09 00:00:00-05:00,30.110000610351562,30.389999389648438,29.93000030517578,30.270000457763672,178800,0.0,0.0,0.0
2022-03-10 00:00:00-05:00,30.049999237060547,30.260000228881836,30.020000457763672,30.219999313354492,766000,0.0,0.0,0.0
2022-03-11 00:00:00-05:00,30.299999237060547,30.31999969482422,29.989999771118164,29.989999771118164,115100,0.0,0.0,0.0
2022-03-14 00:00:00-04:00,30.25,30.440000534057617,30.149999618530273,30.200000762939453,227300,0.0,0.0,0.0
2022-03-15 00:00:00-04:00,30.25,30.389999389648438,30.149999618530273,30.34000015258789,217300,0.0,0.0,0.0
2022-03-16 00:00:00-04:00,30.739999771118164,30.969999313354492,30.450000762939453,30.93000030517578,287600,0.0,0.0,0.0
2022-03-17 00:00:00-04:00,30.860000610351562,31.209999084472656,30.860000610351562,31.15999984741211,119600,0.0,0.0,0.0
2022-03-18 00:00:00-04:00,30.989999771118164,31.350000381469727,30.979999542236328,31.299999237060547,54800,0.0,0.0,0.0
2022-03-21 00:00:00-04:00,31.040000915527344,31.079999923706055,30.860000610351562,30.90999984741211,89300,0.0,0.0,0.0
2022-03-22 00:00:00-04:00,31.020000457763672,31.1200008392334,30.979999542236328,31.09000015258789,39000,0.0,0.0,0.0
2022-03-23 00:00:00-04:00,30.809999465942383,30.950000762939453,30.780000686645508,30.780000686645508,53500,0.0,0.0,0.0
2022-03-24 00:00:00-04:00,30.90999984741211,31.030000686645508,30.8799991607666,30.969999313354492,23500,0.0,0.0,0.0
2022-03-25 00:00:00-04:00,31.0,31.100000381469727,30.979999542236328,31.06999969482422,112700,0.0,0.0,0.0
2022-03-28 00:00:00-04:00,30.950000762939453,31.059999465942383,30.899999618530273,31.040000915527344,120300,0.0,0.0,0.0
2022-03-29 00:00:00-04:00,31.450000762939453,31.5,31.31999969482422,31.489999771118164,77900,0.0,0.0,0.0
2022-03-30 00:00:00-04:00,31.450000762939453,31.530000686645508,31.420000076293945,31.479999542236328,100100,0.0,0.0,0.0
2022-03-31 00:00:00-04:00,31.309999465942383,31.399999618530273,31.139999389648438,31.139999389648438,45000,0.0,0.0,0.0
2022-04-01 00:00:00-04:00,31.299999237060547,31.31999969482422,31.139999389648438,31.260000228881836,372900,0.0,0.0,0.0
2022-04-04 00:00:00-04:00,31.260000228881836,31.3700008392334,31.25,31.31999969482422,52800,0.0,0.0,0.0
2022-04-05 00:00:00-04:00,31.360000610351562,31.530000686645508,31.25,31.280000686645508,49600,0.0,0.0,0.0
2022-04-06 00:00:00-04:00,31.149999618530273,31.219999313354492,30.979999542236328,31.100000381469727,86700,0.0,0.0,0.0
2022-04-07 00:00:00-04:00,31.15999984741211,31.309999465942383,31.059999465942383,31.219999313354492,109400,0.0,0.0,0.0
2022-04-08 00:00:00-04:00,31.110000610351562,31.34000015258789,31.110000610351562,31.270000457763672,81300,0.0,0.0,0.0
2022-04-11 00:00:00-04:00,31.190000534057617,31.229999542236328,31.059999465942383,31.079999923706055,131300,0.0,0.0,0.0
2022-04-12 00:00:00-04:00,31.170000076293945,31.200000762939453,30.920000076293945,30.969999313354492,4163100,0.0,0.0,0.0
2022-04-13 00:00:00-04:00,30.8700008392334,31.1200008392334,30.8700008392334,31.06999969482422,99600,0.0,0.0,0.0
2022-04-14 00:00:00-04:00,31.079999923706055,31.15999984741211,30.920000076293945,30.989999771118164,89500,0.0,0.0,0.0
2022-04-18 00:00:00-04:00,30.84000015258789,30.969999313354492,30.739999771118164,30.799999237060547,234900,0.0,0.0,0.0
2022-04-19 00:00:00-04:00,30.68000030517578,30.889999389648438,30.68000030517578,30.8700008392334,120400,0.0,0.0,0.0
2022-04-20 00:00:00-04:00,31.15999984741211,31.299999237060547,31.1299991607666,31.190000534057617,123700,0.0,0.0,0.0
2022-04-21 00:00:00-04:00,31.309999465942383,31.31999969482422,30.920000076293945,30.959999084472656,143800,0.0,0.0,0.0
2022-04-22 00:00:00-04:00,30.920000076293945,30.950000762939453,30.59000015258789,30.6299991607666,107000,0.0,0.0,0.0
2022-04-25 00:00:00-04:00,30.489999771118164,30.600000381469727,30.31999969482422,30.59000015258789,139300,0.0,0.0,0.0
2022-04-26 00:00:00-04:00,30.459999084472656,30.459999084472656,30.09000015258789,30.09000015258789,74500,0.0,0.0,0.0
2022-04-27 00:00:00-04:00,30.1200008392334,30.280000686645508,30.030000686645508,30.100000381469727,341100,0.0,0.0,0.0
2022-04-28 00:00:00-04:00,30.149999618530273,30.420000076293945,30.059999465942383,30.3700008392334,285100,0.0,0.0,0.0
2022-04-29 00:00:00-04:00,30.3799991607666,30.530000686645508,29.989999771118164,30.0,98300,0.0,0.0,0.0
2022-05-02 00:00:00-04:00,29.860000610351562,29.950000762939453,29.59000015258789,29.790000915527344,460100,0.0,0.0,0.0
2022-05-03 00:00:00-04:00,29.93000030517578,30.020000457763672,29.829999923706055,29.8799991607666,888100,0.0,0.0,0.0
2022-05-04 00:00:00-04:00,29.940000534057617,30.389999389648438,29.790000915527344,30.3700008392334,109200,0.0,0.0,0.0
2022-05-05 00:00:00-04:00,29.989999771118164,29.989999771118164,29.510000228881836,29.68000030517578,59800,0.0,0.0,0.0
2022-05-06 00:00:00-04:00,29.469999313354492,29.56999969482422,29.31999969482422,29.440000534057617,182500,0.0,0.0,0.0
2022-05-09 00:00:00-04:00,29.139999389648438,29.200000762939453,28.899999618530273,28.979999542236328,194700,0.0,0.0,0.0
2022-05-10 00:00:00-04:00,29.260000228881836,29.260000228881836,28.81999969482422,28.979999542236328,437500,0.0,0.0,0.0
2022-05-11 00:00:00-04:00,29.020000457763672,29.290000915527344,28.860000610351562,28.90999984741211,186600,0.0,0.0,0.0
2022-05-12 00:00:00-04:00,28.700000762939453,28.829999923706055,28.530000686645508,28.670000076293945,146700,0.0,0.0,0.0
2022-05-13 00:00:00-04:00,28.889999389648438,29.280000686645508,28.889999389648438,29.219999313354492,124300,0.0,0.0,0.0
2022-05-16 00:00:00-04:00,29.290000915527344,29.520000457763672,29.200000762939453,29.399999618530273,113200,0.0,0.0,0.0
2022-05-17 00:00:00-04:00,29.68000030517578,29.770000457763672,29.59000015258789,29.770000457763672,126500,0.0,0.0,0.0
2022-05-18 00:00:00-04:00,29.6200008392334,29.6200008392334,29.239999771118164,29.290000915527344,92600,0.0,0.0,0.0
2022-05-19 00:00:00-04:00,29.31999969482422,29.56999969482422,29.229999542236328,29.459999084472656,105400,0.0,0.0,0.0
2022-05-20 00:00:00-04:00,29.610000610351562,29.6299991607666,29.31999969482422,29.579999923706055,160400,0.0,0.0,0.0
2022-05-23 00:00:00-04:00,29.799999237060547,29.959999084472656,29.719999313354492,29.940000534057617,183200,0.0,0.0,0.0
2022-05-24 00:00:00-04:00,29.780000686645508,29.93000030517578,29.709999084472656,29.90999984741211,135700,0.0,0.0,0.0
2022-05-25 00:00:00-04:00,29.719999313354492,29.940000534057617,29.670000076293945,29.829999923706055,89800,0.0,0.0,0.0
2022-05-26 00:00:00-04:00,29.829999923706055,30.049999237060547,29.829999923706055,30.030000686645508,97500,0.0,0.0,0.0
2022-05-27 00:00:00-04:00,30.059999465942383,30.209999084472656,30.059999465942383,30.200000762939453,91400,0.0,0.0,0.0
2022-05-31 00:00:00-04:00,30.040000915527344,30.15999984741211,29.93000030517578,30.020000457763672,281300,0.0,0.0,0.0
2022-06-01 00:00:00-04:00,30.149999618530273,30.149999618530273,29.739999771118164,29.799999237060547,180900,0.0,0.0,0.0
2022-06-02 00:00:00-04:00,29.860000610351562,30.190000534057617,29.809999465942383,30.170000076293945,153300,0.0,0.0,0.0
2022-06-03 00:00:00-04:00,29.899999618530273,29.979999542236328,29.809999465942383,29.860000610351562,131100,0.0,0.0,0.0
2022-06-06 00:00:00-04:00,30.020000457763672,30.079999923706055,29.799999237060547,29.84000015258789,181100,0.0,0.0,0.0
2022-06-07 00:00:00-04:00,29.649999618530273,29.889999389648438,29.610000610351562,29.889999389648438,63700,0.0,0.0,0.0
2022-06-08 00:00:00-04:00,29.65999984741211,29.670000076293945,29.459999084472656,29.489999771118164,27200,0.0,0.0,0.0
2022-06-09 00:00:00-04:00,29.43000030517578,29.469999313354492,29.079999923706055,29.079999923706055,123600,0.0,0.0,0.0
2022-06-10 00:00:00-04:00,28.75,28.770000457763672,28.549999237060547,28.68000030517578,349400,0.0,0.0,0.0
2022-06-13 00:00:00-04:00,28.299999237060547,28.299999237060547,28.030000686645508,28.110000610351562,236000,0.0,0.0,0.0
2022-06-14 00:00:00-04:00,27.950000762939453,27.950000762939453,27.59000015258789,27.760000228881836,1018900,0.0,0.0,0.0
2022-06-15 00:00:00-04:00,27.8799991607666,28.219999313354492,27.639999389648438,28.100000381469727,189300,0.0,0.0,0.0
2022-06-16 00:00:00-04:00,27.739999771118164,27.889999389648438,27.56999969482422,27.719999313354492,160800,0.0,0.0,0.0
2022-06-17 00:00:00-04:00,27.639999389648438,27.719999313354492,27.440000534057617,27.579999923706055,135800,0.0,0.0,0.0
2022-06-21 00:00:00-04:00,27.299999237060547,27.350000381469727,27.200000762939453,27.25,210600,0.0,0.0,0.0
2022-06-22 00:00:00-04:00,27.049999237060547,27.31999969482422,27.049999237060547,27.149999618530273,189300,0.0,0.0,0.0
2022-06-23 00:00:00-04:00,27.25,27.360000610351562,27.1200008392334,27.229999542236328,178100,0.0,0.0,0.0
2022-06-24 00:00:00-04:00,27.459999084472656,27.729999542236328,27.450000762939453,27.719999313354492,110200,0.0,0.0,0.0
2022-06-27 00:00:00-04:00,27.700000762939453,27.850000381469727,27.649999618530273,27.670000076293945,225300,0.0,0.0,0.0
2022-06-28 00:00:00-04:00,27.899999618530273,27.940000534057617,27.600000381469727,27.610000610351562,102800,0.0,0.0,0.0
2022-06-29 00:00:00-04:00,27.6299991607666,27.700000762939453,27.559999465942383,27.649999618530273,102400,0.0,0.0,0.0
2022-06-30 00:00:00-04:00,27.469999313354492,27.639999389648438,27.360000610351562,27.610000610351562,111400,0.0,0.0,0.0
2022-07-01 00:00:00-04:00,27.459999084472656,27.770000457763672,27.40999984741211,27.75,304900,0.0,0.0,0.0
2022-07-05 00:00:00-04:00,27.290000915527344,27.40999984741211,27.1299991607666,27.3799991607666,303700,0.0,0.0,0.0
2022-07-06 00:00:00-04:00,27.43000030517578,27.459999084472656,27.280000686645508,27.3799991607666,71100,0.0,0.0,0.0
2022-07-07 00:00:00-04:00,27.600000381469727,27.68000030517578,27.600000381469727,27.649999618530273,68200,0.0,0.0,0.0
2022-07-08 00:00:00-04:00,27.579999923706055,27.729999542236328,27.579999923706055,27.65999984741211,139400,0.0,0.0,0.0
2022-07-11 00:00:00-04:00,27.489999771118164,27.540000915527344,27.450000762939453,27.450000762939453,139600,0.0,0.0,0.0
2022-07-12 00:00:00-04:00,27.530000686645508,27.68000030517578,27.459999084472656,27.549999237060547,87400,0.0,0.0,0.0
2022-07-13 00:00:00-04:00,27.350000381469727,27.6299991607666,27.309999465942383,27.510000228881836,44900,0.0,0.0,0.0
2022-07-14 00:00:00-04:00,27.030000686645508,27.239999771118164,26.889999389648438,27.149999618530273,157700,0.0,0.0,0.0
2022-07-15 00:00:00-04:00,27.3700008392334,27.420000076293945,27.25,27.3700008392334,503900,0.0,0.0,0.0
2022-07-18 00:00:00-04:00,27.600000381469727,27.709999084472656,27.40999984741211,27.43000030517578,266000,0.0,0.0,0.0
2022-07-19 00:00:00-04:00,27.690000534057617,27.829999923706055,27.649999618530273,27.770000457763672,112400,0.0,0.0,0.0
2022-07-20 00:00:00-04:00,27.770000457763672,27.790000915527344,27.559999465942383,27.639999389648438,118500,0.0,0.0,0.0
2022-07-21 00:00:00-04:00,27.56999969482422,27.860000610351562,27.56999969482422,27.860000610351562,98000,0.0,0.0,0.0
2022-07-22 00:00:00-04:00,27.989999771118164,28.040000915527344,27.81999969482422,27.8799991607666,57800,0.0,0.0,0.0
2022-07-25 00:00:00-04:00,28.040000915527344,28.110000610351562,27.979999542236328,28.059999465942383,38600,0.0,0.0,0.0
2022-07-26 00:00:00-04:00,27.979999542236328,27.979999542236328,27.84000015258789,27.889999389648438,63100,0.0,0.0,0.0
2022-07-27 00:00:00-04:00,28.059999465942383,28.260000228881836,27.950000762939453,28.200000762939453,74000,0.0,0.0,0.0
2022-07-28 00:00:00-04:00,28.350000381469727,28.5,28.18000030517578,28.459999084472656,59600,0.0,0.0,0.0
2022-07-29 00:00:00-04:00,28.399999618530273,28.649999618530273,28.389999389648438,28.6299991607666,44600,0.0,0.0,0.0
2022-08-01 00:00:00-04:00,28.709999084472656,28.790000915527344,28.6200008392334,28.729999542236328,65900,0.0,0.0,0.0
2022-08-02 00:00:00-04:00,28.559999465942383,28.610000610351562,28.329999923706055,28.329999923706055,34500,0.0,0.0,0.0
2022-08-03 00:00:00-04:00,28.31999969482422,28.3799991607666,28.190000534057617,28.329999923706055,32400,0.0,0.0,0.0
2022-08-04 00:00:00-04:00,28.299999237060547,28.479999542236328,28.299999237060547,28.479999542236328,21100,0.0,0.0,0.0
2022-08-05 00:00:00-04:00,28.149999618530273,28.239999771118164,28.09000015258789,28.209999084472656,44800,0.0,0.0,0.0
2022-08-08 00:00:00-04:00,28.3700008392334,28.489999771118164,28.280000686645508,28.280000686645508,30200,0.0,0.0,0.0
2022-08-09 00:00:00-04:00,28.299999237060547,28.329999923706055,28.190000534057617,28.219999313354492,119500,0.0,0.0,0.0
2022-08-10 00:00:00-04:00,28.719999313354492,28.93000030517578,28.68000030517578,28.760000228881836,89100,0.0,0.0,0.0
2022-08-11 00:00:00-04:00,28.940000534057617,28.940000534057617,28.75,28.770000457763672,27800,0.0,0.0,0.0
2022-08-12 00:00:00-04:00,28.760000228881836,28.889999389648438,28.760000228881836,28.860000610351562,30300,0.0,0.0,0.0
2022-08-15 00:00:00-04:00,28.739999771118164,28.799999237060547,28.709999084472656,28.739999771118164,25600,0.0,0.0,0.0
2022-08-16 00:00:00-04:00,28.690000534057617,28.860000610351562,28.690000534057617,28.860000610351562,57300,0.0,0.0,0.0
2022-08-17 00:00:00-04:00,28.639999389648438,28.799999237060547,28.610000610351562,28.709999084472656,37600,0.0,0.0,0.0
2022-08-18 00:00:00-04:00,28.790000915527344,28.790000915527344,28.559999465942383,28.6200008392334,49000,0.0,0.0,0.0
2022-08-19 00:00:00-04:00,28.469999313354492,28.469999313354492,28.329999923706055,28.399999618530273,16100,0.0,0.0,0.0
2022-08-22 00:00:00-04:00,28.290000915527344,28.290000915527344,28.110000610351562,28.1299991607666,32100,0.0,0.0,0.0
2022-08-23 00:00:00-04:00,28.020000457763672,28.25,28.0,28.059999465942383,30600,0.0,0.0,0.0
2022-08-24 00:00:00-04:00,28.010000228881836,28.1299991607666,27.989999771118164,28.040000915527344,32300,0.0,0.0,0.0
2022-08-25 00:00:00-04:00,28.100000381469727,28.280000686645508,28.059999465942383,28.239999771118164,33300,0.0,0.0,0.0
2022-08-26 00:00:00-04:00,28.219999313354492,28.260000228881836,27.75,27.75,56900,0.0,0.0,0.0
2022-08-29 00:00:00-04:00,27.729999542236328,27.790000915527344,27.639999389648438,27.68000030517578,131500,0.0,0.0,0.0
2022-08-30 00:00:00-04:00,27.790000915527344,27.84000015258789,27.489999771118164,27.5,48900,0.0,0.0,0.0
2022-08-31 00:00:00-04:00,27.459999084472656,27.510000228881836,27.270000457763672,27.270000457763672,198800,0.0,0.0,0.0
2022-09-01 00:00:00-04:00,27.149999618530273,27.190000534057617,26.979999542236328,27.190000534057617,118700,0.0,0.0,0.0
2022-09-02 00:00:00-04:00,27.209999084472656,27.440000534057617,27.049999237060547,27.110000610351562,162500,0.0,0.0,0.0
2022-09-06 00:00:00-04:00,27.0,27.0,26.790000915527344,26.799999237060547,254900,0.0,0.0,0.0
2022-09-07 00:00:00-04:00,26.6200008392334,27.010000228881836,26.6200008392334,27.0,142900,0.0,0.0,0.0
2022-09-08 00:00:00-04:00,26.81999969482422,27.040000915527344,26.75,26.959999084472656,96900,0.0,0.0,0.0
2022-09-09 00:00:00-04:00,27.329999923706055,27.479999542236328,27.309999465942383,27.440000534057617,172500,0.0,0.0,0.0
2022-09-12 00:00:00-04:00,27.579999923706055,27.739999771118164,27.559999465942383,27.639999389648438,99700,0.0,0.0,0.0
2022-09-13 00:00:00-04:00,27.25,27.3799991607666,26.969999313354492,26.979999542236328,150800,0.0,0.0,0.0
2022-09-14 00:00:00-04:00,27.010000228881836,27.049999237060547,26.860000610351562,26.969999313354492,121300,0.0,0.0,0.0
2022-09-15 00:00:00-04:00,26.860000610351562,26.93000030517578,26.729999542236328,26.780000686645508,74400,0.0,0.0,0.0
2022-09-16 00:00:00-04:00,26.700000762939453,26.850000381469727,26.700000762939453,26.809999465942383,601400,0.0,0.0,0.0
2022-09-19 00:00:00-04:00,26.399999618530273,26.65999984741211,26.31999969482422,26.6299991607666,388100,0.0,0.0,0.0
2022-09-20 00:00:00-04:00,26.389999389648438,26.389999389648438,26.18000030517578,26.270000457763672,69300,0.0,0.0,0.0
2022-09-21 00:00:00-04:00,26.260000228881836,26.329999923706055,25.989999771118164,26.040000915527344,86000,0.0,0.0,0.0
2022-09-22 00:00:00-04:00,26.110000610351562,26.110000610351562,25.90999984741211,26.030000686645508,167200,0.0,0.0,0.0
2022-09-23 00:00:00-04:00,25.65999984741211,25.65999984741211,25.290000915527344,25.389999389648438,157600,0.0,0.0,0.0
2022-09-26 00:00:00-04:00,25.139999389648438,25.209999084472656,24.850000381469727,24.959999084472656,152800,0.0,0.0,0.0
2022-09-27 00:00:00-04:00,24.979999542236328,25.010000228881836,24.649999618530273,24.75,168300,0.0,0.0,0.0
2022-09-28 00:00:00-04:00,24.65999984741211,25.040000915527344,24.540000915527344,25.010000228881836,129800,0.0,0.0,0.0
2022-09-29 00:00:00-04:00,24.75,24.770000457763672,24.600000381469727,24.739999771118164,72700,0.0,0.0,0.0
2022-09-30 00:00:00-04:00,24.690000534057617,24.84000015258789,24.6200008392334,24.649999618530273,61100,0.0,0.0,0.0
2022-10-03 00:00:00-04:00,24.729999542236328,24.989999771118164,24.65999984741211,24.940000534057617,186100,0.0,0.0,0.0
2022-10-04 00:00:00-04:00,25.309999465942383,25.530000686645508,25.309999465942383,25.510000228881836,104700,0.0,0.0,0.0
2022-10-05 00:00:00-04:00,25.219999313354492,25.389999389648438,25.06999969482422,25.290000915527344,102200,0.0,0.0,0.0
2022-10-06 00:00:00-04:00,25.010000228881836,25.049999237060547,24.700000762939453,24.739999771118164,201400,0.0,0.0,0.0
2022-10-07 00:00:00-04:00,24.6200008392334,24.709999084472656,24.389999389648438,24.459999084472656,145700,0.0,0.0,0.0
2022-10-10 00:00:00-04:00,24.40999984741211,24.420000076293945,24.260000228881836,24.360000610351562,151600,0.0,0.0,0.0
2022-10-11 00:00:00-04:00,24.290000915527344,24.489999771118164,24.15999984741211,24.200000762939453,498400,0.0,0.0,0.0
2022-10-12 00:00:00-04:00,24.059999465942383,24.15999984741211,24.010000228881836,24.030000686645508,113800,0.0,0.0,0.0
2022-10-13 00:00:00-04:00,23.59000015258789,24.399999618530273,23.59000015258789,24.329999923706055,155000,0.0,0.0,0.0
2022-10-14 00:00:00-04:00,24.360000610351562,24.360000610351562,23.920000076293945,23.93000030517578,56600,0.0,0.0,0.0
2022-10-17 00:00:00-04:00,24.280000686645508,24.450000762939453,24.280000686645508,24.329999923706055,252000,0.0,0.0,0.0
2022-10-18 00:00:00-04:00,24.549999237060547,24.549999237060547,24.229999542236328,24.360000610351562,483200,0.0,0.0,0.0
2022-10-19 00:00:00-04:00,24.219999313354492,24.260000228881836,24.06999969482422,24.15999984741211,65100,0.0,0.0,0.0
2022-10-20 00:00:00-04:00,24.209999084472656,24.389999389648438,24.030000686645508,24.059999465942383,276700,0.0,0.0,0.0
2022-10-21 00:00:00-04:00,23.809999465942383,24.440000534057617,23.770000457763672,24.3799991607666,128300,0.0,0.0,0.0
2022-10-24 00:00:00-04:00,24.18000030517578,24.280000686645508,24.079999923706055,24.200000762939453,259300,0.0,0.0,0.0
2022-10-25 00:00:00-04:00,24.3700008392334,24.719999313354492,24.3700008392334,24.700000762939453,145100,0.0,0.0,0.0
2022-10-26 00:00:00-04:00,24.81999969482422,25.100000381469727,24.81999969482422,24.940000534057617,131300,0.0,0.0,0.0
2022-10-27 00:00:00-04:00,24.920000076293945,25.079999923706055,24.809999465942383,24.8700008392334,101700,0.0,0.0,0.0
2022-10-28 00:00:00-04:00,24.8799991607666,25.110000610351562,24.8799991607666,25.110000610351562,725900,0.0,0.0,0.0
2022-10-31 00:00:00-04:00,24.899999618530273,24.959999084472656,24.860000610351562,24.90999984741211,55900,0.0,0.0,0.0
2022-11-01 00:00:00-04:00,25.280000686645508,25.350000381469727,24.920000076293945,25.030000686645508,82200,0.0,0.0,0.0
2022-11-02 00:00:00-04:00,25.100000381469727,25.260000228881836,24.739999771118164,24.760000228881836,338900,0.0,0.0,0.0
2022-11-03 00:00:00-04:00,24.489999771118164,24.649999618530273,24.43000030517578,24.540000915527344,69400,0.0,0.0,0.0
2022-11-04 00:00:00-04:00,25.09000015258789,25.219999313354492,24.979999542236328,25.209999084472656,314400,0.0,0.0,0.0
2022-11-07 00:00:00-05:00,25.219999313354492,25.309999465942383,25.110000610351562,25.18000030517578,88000,0.0,0.0,0.0
2022-11-08 00:00:00-05:00,25.329999923706055,25.56999969482422,25.31999969482422,25.479999542236328,53600,0.0,0.0,0.0
2022-11-09 00:00:00-05:00,25.309999465942383,25.469999313354492,25.15999984741211,25.15999984741211,78500,0.0,0.0,0.0
2022-11-10 00:00:00-05:00,25.969999313354492,26.309999465942383,25.969999313354492,26.309999465942383,46400,0.0,0.0,0.0
2022-11-11 00:00:00-05:00,26.3700008392334,26.56999969482422,26.25,26.43000030517578,99100,0.0,0.0,0.0
2022-11-14 00:00:00-05:00,26.290000915527344,26.3799991607666,26.190000534057617,26.219999313354492,146600,0.0,0.0,0.0
2022-11-15 00:00:00-05:00,26.489999771118164,26.5,26.190000534057617,26.309999465942383,54400,0.0,0.0,0.0
2022-11-16 00:00:00-05:00,26.31999969482422,26.440000534057617,26.309999465942383,26.399999618530273,67200,0.0,0.0,0.0
2022-11-17 00:00:00-05:00,26.260000228881836,26.440000534057617,26.209999084472656,26.399999618530273,44800,0.0,0.0,0.0
2022-11-18 00:00:00-05:00,26.459999084472656,26.530000686645508,26.40999984741211,26.459999084472656,45700,0.0,0.0,0.0
2022-11-21 00:00:00-05:00,26.43000030517578,26.450000762939453,26.309999465942383,26.40999984741211,32100,0.0,0.0,0.0
2022-11-22 00:00:00-05:00,26.549999237060547,26.729999542236328,26.540000915527344,26.670000076293945,78800,0.0,0.0,0.0
2022-11-23 00:00:00-05:00,26.639999389648438,26.920000076293945,26.639999389648438,26.920000076293945,89800,0.0,0.0,0.0
2022-11-25 00:00:00-05:00,26.959999084472656,27.110000610351562,26.959999084472656,27.059999465942383,12400,0.0,0.0,0.0
2022-11-28 00:00:00-05:00,26.899999618530273,27.0,26.739999771118164,26.75,61300,0.0,0.0,0.0
2022-11-29 00:00:00-05:00,26.790000915527344,26.8799991607666,26.68000030517578,26.719999313354492,82100,0.0,0.0,0.0
2022-11-30 00:00:00-05:00,26.8700008392334,27.170000076293945,26.649999618530273,27.1299991607666,74700,0.0,0.0,0.0
2022-12-01 00:00:00-05:00,27.270000457763672,27.3700008392334,27.110000610351562,27.219999313354492,81400,0.0,0.0,0.0
2022-12-02 00:00:00-05:00,26.989999771118164,27.270000457763672,26.959999084472656,27.229999542236328,26400,0.0,0.0,0.0
2022-12-05 00:00:00-05:00,27.040000915527344,27.079999923706055,26.75,26.809999465942383,26200,0.0,0.0,0.0
2022-12-06 00:00:00-05:00,26.860000610351562,26.920000076293945,26.65999984741211,26.739999771118164,84400,0.0,0.0,0.0
2022-12-07 00:00:00-05:00,26.829999923706055,26.889999389648438,26.760000228881836,26.780000686645508,51200,0.0,0.0,0.0
2022-12-08 00:00:00-05:00,26.84000015258789,26.940000534057617,26.809999465942383,26.8799991607666,45700,0.0,0.0,0.0
2022-12-09 00:00:00-05:00,26.860000610351562,27.059999465942383,26.860000610351562,26.8700008392334,109300,0.0,0.0,0.0
2022-12-12 00:00:00-05:00,26.790000915527344,26.860000610351562,26.739999771118164,26.81999969482422,31100,0.0,0.0,0.0
2022-12-13 00:00:00-05:00,27.459999084472656,27.459999084472656,27.09000015258789,27.149999618530273,71000,0.0,0.0,0.0
2022-12-14 00:00:00-05:00,27.18000030517578,27.34000015258789,26.979999542236328,27.100000381469727,36000,0.0,0.0,0.0
2022-12-15 00:00:00-05:00,26.940000534057617,26.940000534057617,26.520000457763672,26.610000610351562,137800,0.0,0.0,0.0
2022-12-16 00:00:00-05:00,26.639999389648438,26.65999984741211,26.5,26.549999237060547,64000,0.0,0.0,0.0
2022-12-19 00:00:00-05:00,26.469999313354492,26.479999542236328,26.219999313354492,26.329999923706055,111900,0.0,0.0,0.0
2022-12-20 00:00:00-05:00,26.450000762939453,26.610000610351562,26.450000762939453,26.5,41700,0.0,0.0,0.0
2022-12-21 00:00:00-05:00,26.639999389648438,26.799999237060547,26.610000610351562,26.790000915527344,52800,0.0,0.0,0.0
2022-12-22 00:00:00-05:00,26.760000228881836,26.760000228881836,26.489999771118164,26.639999389648438,103900,0.0,0.0,0.0
2022-12-23 00:00:00-05:00,26.649999618530273,26.81999969482422,26.579999923706055,26.770000457763672,132200,0.0,0.0,0.0
2022-12-27 00:00:00-05:00,26.719999313354492,26.8799991607666,26.690000534057617,26.760000228881836,52400,0.0,0.0,0.0
2022-12-28 00:00:00-05:00,26.889999389648438,26.889999389648438,26.549999237060547,26.600000381469727,153100,0.0,0.0,0.0
2022-12-29 00:00:00-05:00,26.760000228881836,26.979999542236328,26.729999542236328,26.860000610351562,448400,0.0,0.0,0.0
2022-12-30 00:00:00-05:00,26.81999969482422,26.93000030517578,26.770000457763672,26.780000686645508,91500,0.0,0.0,0.0
2023-01-03 00:00:00-05:00,26.90999984741211,27.059999465942383,26.719999313354492,26.799999237060547,101800,0.0,0.0,0.0
2023-01-04 00:00:00-05:00,27.010000228881836,27.059999465942383,26.8799991607666,26.920000076293945,25500,0.0,0.0,0.0
2023-01-05 00:00:00-05:00,26.639999389648438,26.700000762939453,26.559999465942383,26.56999969482422,25400,0.0,0.0,0.0
2023-01-06 00:00:00-05:00,26.670000076293945,27.049999237060547,26.540000915527344,27.010000228881836,48500,0.0,0.0,0.0
2023-01-09 00:00:00-05:00,27.110000610351562,27.280000686645508,27.040000915527344,27.040000915527344,68700,0.0,0.0,0.0
2023-01-10 00:00:00-05:00,26.969999313354492,27.020000457763672,26.90999984741211,26.989999771118164,25600,0.0,0.0,0.0
2023-01-11 00:00:00-05:00,27.049999237060547,27.149999618530273,26.989999771118164,27.079999923706055,28800,0.0,0.0,0.0
2023-01-12 00:00:00-05:00,27.25,27.530000686645508,27.170000076293945,27.489999771118164,33600,0.0,0.0,0.0
2023-01-13 00:00:00-05:00,27.40999984741211,27.600000381469727,27.399999618530273,27.56999969482422,22800,0.0,0.0,0.0
2023-01-17 00:00:00-05:00,27.639999389648438,27.709999084472656,27.600000381469727,27.670000076293945,26300,0.0,0.0,0.0
2023-01-18 00:00:00-05:00,27.850000381469727,27.899999618530273,27.489999771118164,27.489999771118164,33200,0.0,0.0,0.0
2023-01-19 00:00:00-05:00,27.510000228881836,27.59000015258789,27.479999542236328,27.56999969482422,79300,0.0,0.0,0.0
2023-01-20 00:00:00-05:00,27.559999465942383,27.809999465942383,27.5,27.770000457763672,20700,0.0,0.0,0.0
2023-01-23 00:00:00-05:00,27.65999984741211,27.809999465942383,27.639999389648438,27.799999237060547,32800,0.0,0.0,0.0
2023-01-24 00:00:00-05:00,27.75,27.959999084472656,27.729999542236328,27.84000015258789,23900,0.0,0.0,0.0
2023-01-25 00:00:00-05:00,27.780000686645508,28.020000457763672,27.780000686645508,27.950000762939453,22900,0.0,0.0,0.0
2023-01-26 00:00:00-05:00,27.989999771118164,28.010000228881836,27.84000015258789,27.989999771118164,24500,0.0,0.0,0.0
2023-01-27 00:00:00-05:00,27.979999542236328,28.06999969482422,27.940000534057617,27.969999313354492,18100,0.0,0.0,0.0
2023-01-30 00:00:00-05:00,27.920000076293945,28.0,27.829999923706055,27.940000534057617,22300,0.0,0.0,0.0
2023-01-31 00:00:00-05:00,27.8799991607666,28.0,27.829999923706055,28.0,36400,0.0,0.0,0.0
2023-02-01 00:00:00-05:00,27.90999984741211,28.239999771118164,27.850000381469727,28.079999923706055,131400,0.0,0.0,0.0
2023-02-02 00:00:00-05:00,28.15999984741211,28.15999984741211,27.920000076293945,28.010000228881836,41400,0.0,0.0,0.0
2023-02-03 00:00:00-05:00,27.709999084472656,27.829999923706055,27.600000381469727,27.729999542236328,367600,0.0,0.0,0.0
2023-02-06 00:00:00-05:00,27.479999542236328,27.579999923706055,27.43000030517578,27.520000457763672,59200,0.0,0.0,0.0
2023-02-07 00:00:00-05:00,27.43000030517578,27.690000534057617,27.399999618530273,27.670000076293945,54200,0.0,0.0,0.0
2023-02-08 00:00:00-05:00,27.6299991607666,27.6299991607666,27.469999313354492,27.530000686645508,38700,0.0,0.0,0.0
2023-02-09 00:00:00-05:00,27.81999969482422,27.81999969482422,27.40999984741211,27.520000457763672,10400,0.0,0.0,0.0
2023-02-10 00:00:00-05:00,27.579999923706055,27.610000610351562,27.510000228881836,27.579999923706055,23700,0.0,0.0,0.0
2023-02-13 00:00:00-05:00,27.469999313354492,27.690000534057617,27.469999313354492,27.65999984741211,52300,0.0,0.0,0.0
2023-02-14 00:00:00-05:00,27.56999969482422,27.799999237060547,27.520000457763672,27.6299991607666,52500,0.0,0.0,0.0
2023-02-15 00:00:00-05:00,27.280000686645508,27.420000076293945,27.239999771118164,27.389999389648438,44800,0.0,0.0,0.0
2023-02-16 00:00:00-05:00,27.229999542236328,27.489999771118164,27.219999313354492,27.309999465942383,85600,0.0,0.0,0.0
2023-02-17 00:00:00-05:00,27.260000228881836,27.489999771118164,27.260000228881836,27.489999771118164,45600,0.0,0.0,0.0
2023-02-21 00:00:00-05:00,27.329999923706055,27.43000030517578,27.229999542236328,27.280000686645508,66300,0.0,0.0,0.0
2023-02-22 00:00:00-05:00,27.260000228881836,27.299999237060547,27.100000381469727,27.139999389648438,25700,0.0,0.0,0.0
2023-02-23 00:00:00-05:00,27.239999771118164,27.260000228881836,27.049999237060547,27.209999084472656,25000,0.0,0.0,0.0
2023-02-24 00:00:00-05:00,26.889999389648438,27.010000228881836,26.889999389648438,26.989999771118164,23500,0.0,0.0,0.0
2023-02-27 00:00:00-05:00,27.229999542236328,27.280000686645508,27.1200008392334,27.170000076293945,21200,0.0,0.0,0.0
2023-02-28 00:00:00-05:00,27.049999237060547,27.110000610351562,26.950000762939453,26.959999084472656,77500,0.0,0.0,0.0
2023-03-01 00:00:00-05:00,26.979999542236328,27.110000610351562,26.809999465942383,26.969999313354492,92700,0.0,0.0,0.0
2023-03-02 00:00:00-05:00,26.860000610351562,26.989999771118164,26.84000015258789,26.989999771118164,36000,0.0,0.0,0.0
2023-03-03 00:00:00-05:00,27.040000915527344,27.239999771118164,27.040000915527344,27.209999084472656,56700,0.0,0.0,0.0
2023-03-06 00:00:00-05:00,27.170000076293945,27.290000915527344,27.149999618530273,27.170000076293945,13800,0.0,0.0,0.0
2023-03-07 00:00:00-05:00,27.1200008392334,27.18000030517578,26.790000915527344,26.829999923706055,19500,0.0,0.0,0.0
2023-03-08 00:00:00-05:00,26.979999542236328,27.06999969482422,26.889999389648438,26.969999313354492,37100,0.0,0.0,0.0
2023-03-09 00:00:00-05:00,27.1200008392334,27.15999984741211,26.8799991607666,26.959999084472656,27800,0.0,0.0,0.0
2023-03-10 00:00:00-05:00,26.920000076293945,27.010000228881836,26.719999313354492,26.75,182100,0.0,0.0,0.0
2023-03-13 00:00:00-04:00,26.68000030517578,26.81999969482422,26.65999984741211,26.670000076293945,34200,0.0,0.0,0.0
2023-03-14 00:00:00-04:00,26.90999984741211,26.920000076293945,26.729999542236328,26.920000076293945,16200,0.0,0.0,0.0
2023-03-15 00:00:00-04:00,26.530000686645508,26.59000015258789,26.40999984741211,26.530000686645508,156400,0.0,0.0,0.0
2023-03-16 00:00:00-04:00,26.600000381469727,26.93000030517578,26.600000381469727,26.899999618530273,696000,0.0,0.0,0.0
2023-03-17 00:00:00-04:00,26.799999237060547,26.860000610351562,26.709999084472656,26.709999084472656,376100,0.0,0.0,0.0
2023-03-20 00:00:00-04:00,26.540000915527344,26.739999771118164,26.540000915527344,26.719999313354492,3213900,0.0,0.0,0.0
2023-03-21 00:00:00-04:00,26.709999084472656,26.760000228881836,26.579999923706055,26.729999542236328,2234100,0.0,0.0,0.0
2023-03-22 00:00:00-04:00,26.75,27.100000381469727,26.709999084472656,26.790000915527344,95700,0.0,0.0,0.0
2023-03-23 00:00:00-04:00,26.889999389648438,27.020000457763672,26.729999542236328,26.780000686645508,50300,0.0,0.0,0.0
2023-03-24 00:00:00-04:00,26.760000228881836,26.8799991607666,26.68000030517578,26.860000610351562,101200,0.0,0.0,0.0
2023-03-27 00:00:00-04:00,26.989999771118164,27.06999969482422,26.90999984741211,27.059999465942383,51300,0.0,0.0,0.0
2023-03-28 00:00:00-04:00,27.06999969482422,27.149999618530273,26.989999771118164,27.139999389648438,39800,0.0,0.0,0.0
2023-03-29 00:00:00-04:00,27.209999084472656,27.25,27.190000534057617,27.200000762939453,33900,0.0,0.0,0.0
2023-03-30 00:00:00-04:00,27.329999923706055,27.389999389648438,27.25,27.31999969482422,18400,0.0,0.0,0.0
2023-03-31 00:00:00-04:00,27.299999237060547,27.43000030517578,27.280000686645508,27.360000610351562,16800,0.0,0.0,0.0
2023-04-03 00:00:00-04:00,27.530000686645508,27.75,27.530000686645508,27.690000534057617,75400,0.0,0.0,0.0
2023-04-04 00:00:00-04:00,27.75,27.920000076293945,27.75,27.860000610351562,41200,0.0,0.0,0.0
2023-04-05 00:00:00-04:00,27.760000228881836,27.84000015258789,27.719999313354492,27.780000686645508,53500,0.0,0.0,0.0
2023-04-06 00:00:00-04:00,27.770000457763672,27.920000076293945,27.770000457763672,27.899999618530273,26200,0.0,0.0,0.0
2023-04-10 00:00:00-04:00,27.6200008392334,27.719999313354492,27.59000015258789,27.709999084472656,49500,0.0,0.0,0.0
2023-04-11 00:00:00-04:00,27.760000228881836,27.81999969482422,27.719999313354492,27.739999771118164,29900,0.0,0.0,0.0
2023-04-12 00:00:00-04:00,27.950000762939453,27.950000762939453,27.829999923706055,27.829999923706055,41800,0.0,0.0,0.0
2023-04-13 00:00:00-04:00,28.040000915527344,28.149999618530273,27.989999771118164,28.100000381469727,23200,0.0,0.0,0.0
2023-04-14 00:00:00-04:00,27.989999771118164,28.059999465942383,27.809999465942383,27.889999389648438,42300,0.0,0.0,0.0
2023-04-17 00:00:00-04:00,27.8700008392334,27.90999984741211,27.799999237060547,27.90999984741211,16600,0.0,0.0,0.0
2023-04-18 00:00:00-04:00,27.969999313354492,28.020000457763672,27.940000534057617,27.969999313354492,33900,0.0,0.0,0.0
2023-04-19 00:00:00-04:00,27.959999084472656,28.010000228881836,27.93000030517578,27.950000762939453,25300,0.0,0.0,0.0
2023-04-20 00:00:00-04:00,28.020000457763672,28.1200008392334,28.0,28.079999923706055,27200,0.0,0.0,0.0
2023-04-21 00:00:00-04:00,28.139999389648438,28.209999084472656,28.040000915527344,28.190000534057617,25000,0.0,0.0,0.0
2023-04-24 00:00:00-04:00,28.15999984741211,28.270000457763672,28.15999984741211,28.229999542236328,25300,0.0,0.0,0.0
2023-04-25 00:00:00-04:00,28.219999313354492,28.219999313354492,28.09000015258789,28.110000610351562,21400,0.0,0.0,0.0
2023-04-26 00:00:00-04:00,28.270000457763672,28.290000915527344,28.1200008392334,28.1299991607666,29100,0.0,0.0,0.0
2023-04-27 00:00:00-04:00,28.15999984741211,28.31999969482422,28.1299991607666,28.299999237060547,69900,0.0,0.0,0.0
2023-04-28 00:00:00-04:00,28.1200008392334,28.31999969482422,28.1200008392334,28.270000457763672,40900,0.0,0.0,0.0
2023-05-01 00:00:00-04:00,28.260000228881836,28.34000015258789,28.239999771118164,28.25,14000,0.0,0.0,0.0
2023-05-02 00:00:00-04:00,28.010000228881836,28.059999465942383,27.940000534057617,28.010000228881836,40600,0.0,0.0,0.0
2023-05-03 00:00:00-04:00,28.139999389648438,28.260000228881836,28.1299991607666,28.149999618530273,23300,0.0,0.0,0.0
2023-05-04 00:00:00-04:00,28.110000610351562,28.260000228881836,28.110000610351562,28.200000762939453,22800,0.0,0.0,0.0
2023-05-05 00:00:00-04:00,28.25,28.530000686645508,28.25,28.5,42700,0.0,0.0,0.0
2023-05-08 00:00:00-04:00,28.600000381469727,28.600000381469727,28.479999542236328,28.530000686645508,22700,0.0,0.0,0.0
2023-05-09 00:00:00-04:00,28.43000030517578,28.579999923706055,28.43000030517578,28.520000457763672,20800,0.0,0.0,0.0
2023-05-10 00:00:00-04:00,28.510000228881836,28.510000228881836,28.270000457763672,28.459999084472656,87200,0.0,0.0,0.0
2023-05-11 00:00:00-04:00,28.280000686645508,28.309999465942383,28.239999771118164,28.270000457763672,382300,0.0,0.0,0.0
2023-05-12 00:00:00-04:00,28.329999923706055,28.360000610351562,28.18000030517578,28.239999771118164,23500,0.0,0.0,0.0
2023-05-15 00:00:00-04:00,28.43000030517578,28.510000228881836,28.389999389648438,28.459999084472656,19400,0.0,0.0,0.0
2023-05-16 00:00:00-04:00,28.489999771118164,28.489999771118164,28.31999969482422,28.31999969482422,26900,0.0,0.0,0.0
2023-05-17 00:00:00-04:00,28.360000610351562,28.360000610351562,28.200000762939453,28.270000457763672,25700,0.0,0.0,0.0
2023-05-18 00:00:00-04:00,28.010000228881836,28.030000686645508,27.899999618530273,27.979999542236328,19600,0.0,0.0,0.0
2023-05-19 00:00:00-04:00,28.010000228881836,28.139999389648438,28.010000228881836,28.1200008392334,30800,0.0,0.0,0.0
2023-05-22 00:00:00-04:00,28.170000076293945,28.190000534057617,28.100000381469727,28.1200008392334,13600,0.0,0.0,0.0
2023-05-23 00:00:00-04:00,27.899999618530273,27.969999313354492,27.81999969482422,27.850000381469727,24800,0.0,0.0,0.0
2023-05-24 00:00:00-04:00,27.649999618530273,27.649999618530273,27.520000457763672,27.559999465942383,24900,0.0,0.0,0.0
2023-05-25 00:00:00-04:00,27.459999084472656,27.459999084472656,27.290000915527344,27.3700008392334,57000,0.0,0.0,0.0
2023-05-26 00:00:00-04:00,27.40999984741211,27.549999237060547,27.40999984741211,27.479999542236328,30100,0.0,0.0,0.0
2023-05-30 00:00:00-04:00,27.360000610351562,27.399999618530273,27.219999313354492,27.31999969482422,49200,0.0,0.0,0.0
2023-05-31 00:00:00-04:00,27.139999389648438,27.200000762939453,27.030000686645508,27.149999618530273,18400,0.0,0.0,0.0
2023-06-01 00:00:00-04:00,27.309999465942383,27.469999313354492,27.260000228881836,27.459999084472656,20700,0.0,0.0,0.0
2023-06-02 00:00:00-04:00,27.6299991607666,27.65999984741211,27.579999923706055,27.65999984741211,23300,0.0,0.0,0.0
2023-06-05 00:00:00-04:00,27.600000381469727,27.6299991607666,27.510000228881836,27.520000457763672,19900,0.0,0.0,0.0
2023-06-06 00:00:00-04:00,27.530000686645508,27.700000762939453,27.530000686645508,27.65999984741211,23500,0.0,0.0,0.0
2023-06-07 00:00:00-04:00,27.56999969482422,27.600000381469727,27.3700008392334,27.3700008392334,125700,0.0,0.0,0.0
2023-06-08 00:00:00-04:00,27.540000915527344,27.65999984741211,27.510000228881836,27.65999984741211,23200,0.0,0.0,0.0
2023-06-09 00:00:00-04:00,27.65999984741211,27.729999542236328,27.6299991607666,27.639999389648438,31800,0.0,0.0,0.0
2023-06-12 00:00:00-04:00,27.6200008392334,27.670000076293945,27.56999969482422,27.6200008392334,15000,0.0,0.0,0.0
2023-06-13 00:00:00-04:00,27.770000457763672,27.809999465942383,27.700000762939453,27.729999542236328,19300,0.0,0.0,0.0
2023-06-14 00:00:00-04:00,27.709999084472656,27.8799991607666,27.65999984741211,27.739999771118164,81300,0.0,0.0,0.0
2023-06-15 00:00:00-04:00,27.790000915527344,28.049999237060547,27.790000915527344,28.049999237060547,18500,0.0,0.0,0.0
2023-06-16 00:00:00-04:00,28.09000015258789,28.09000015258789,27.950000762939453,27.950000762939453,14200,0.0,0.0,0.0
2023-06-20 00:00:00-04:00,27.420000076293945,27.520000457763672,27.350000381469727,27.389999389648438,33800,0.0,0.0,0.0
2023-06-21 00:00:00-04:00,27.440000534057617,27.610000610351562,27.420000076293945,27.549999237060547,83300,0.0,0.0,0.0
2023-06-22 00:00:00-04:00,27.420000076293945,27.43000030517578,27.329999923706055,27.350000381469727,21600,0.0,0.0,0.0
2023-06-23 00:00:00-04:00,27.1200008392334,27.139999389648438,27.010000228881836,27.110000610351562,89100,0.0,0.0,0.0
2023-06-26 00:00:00-04:00,27.079999923706055,27.190000534057617,27.079999923706055,27.149999618530273,25900,0.0,0.0,0.0
2023-06-27 00:00:00-04:00,27.200000762939453,27.31999969482422,27.200000762939453,27.280000686645508,17000,0.0,0.0,0.0
2023-06-28 00:00:00-04:00,27.260000228881836,27.350000381469727,27.239999771118164,27.280000686645508,13000,0.0,0.0,0.0
2023-06-29 00:00:00-04:00,27.1200008392334,27.170000076293945,27.059999465942383,27.139999389648438,28000,0.0,0.0,0.0
2023-06-30 00:00:00-04:00,27.260000228881836,27.3799991607666,27.239999771118164,27.350000381469727,42200,0.0,0.0,0.0
2023-07-03 00:00:00-04:00,27.350000381469727,27.389999389648438,27.329999923706055,27.3700008392334,106000,0.0,0.0,0.0
2023-07-05 00:00:00-04:00,27.139999389648438,27.15999984741211,27.059999465942383,27.079999923706055,47500,0.0,0.0,0.0
2023-07-06 00:00:00-04:00,26.84000015258789,26.8700008392334,26.739999771118164,26.829999923706055,34600,0.0,0.0,0.0
2023-07-07 00:00:00-04:00,26.8700008392334,27.139999389648438,26.8700008392334,27.040000915527344,90800,0.0,0.0,0.0
2023-07-10 00:00:00-04:00,26.979999542236328,27.139999389648438,26.979999542236328,27.100000381469727,16800,0.0,0.0,0.0
2023-07-11 00:00:00-04:00,27.1200008392334,27.25,27.110000610351562,27.229999542236328,17300,0.0,0.0,0.0
2023-07-12 00:00:00-04:00,27.469999313354492,27.649999618530273,27.450000762939453,27.59000015258789,26500,0.0,0.0,0.0
2023-07-13 00:00:00-04:00,27.81999969482422,27.950000762939453,27.81999969482422,27.920000076293945,41800,0.0,0.0,0.0
2023-07-14 00:00:00-04:00,27.93000030517578,27.93000030517578,27.790000915527344,27.790000915527344,30400,0.0,0.0,0.0
2023-07-17 00:00:00-04:00,27.719999313354492,27.84000015258789,27.719999313354492,27.799999237060547,48600,0.0,0.0,0.0
2023-07-18 00:00:00-04:00,27.770000457763672,27.860000610351562,27.770000457763672,27.850000381469727,27200,0.0,0.0,0.0
2023-07-19 00:00:00-04:00,27.8700008392334,27.940000534057617,27.790000915527344,27.8700008392334,29600,0.0,0.0,0.0
2023-07-20 00:00:00-04:00,27.860000610351562,27.889999389648438,27.739999771118164,27.829999923706055,28400,0.0,0.0,0.0
2023-07-21 00:00:00-04:00,27.799999237060547,27.84000015258789,27.760000228881836,27.809999465942383,12000,0.0,0.0,0.0
2023-07-24 00:00:00-04:00,27.799999237060547,27.90999984741211,27.799999237060547,27.81999969482422,14200,0.0,0.0,0.0
2023-07-25 00:00:00-04:00,27.770000457763672,27.8700008392334,27.770000457763672,27.84000015258789,34500,0.0,0.0,0.0
2023-07-26 00:00:00-04:00,27.889999389648438,28.010000228881836,27.81999969482422,27.950000762939453,29000,0.0,0.0,0.0
2023-07-27 00:00:00-04:00,28.09000015258789,28.09000015258789,27.90999984741211,27.959999084472656,34100,0.0,0.0,0.0
2023-07-28 00:00:00-04:00,28.059999465942383,28.1299991607666,27.979999542236328,28.010000228881836,20300,0.0,0.0,0.0
2023-07-31 00:00:00-04:00,27.829999923706055,27.959999084472656,27.829999923706055,27.8700008392334,8400,0.0,0.0,0.0
2023-08-01 00:00:00-04:00,27.639999389648438,27.68000030517578,27.540000915527344,27.579999923706055,21800,0.0,0.0,0.0
2023-08-02 00:00:00-04:00,27.3799991607666,27.399999618530273,27.219999313354492,27.219999313354492,41000,0.0,0.0,0.0
2023-08-03 00:00:00-04:00,27.139999389648438,27.209999084472656,27.06999969482422,27.1299991607666,20600,0.0,0.0,0.0
2023-08-04 00:00:00-04:00,27.18000030517578,27.440000534057617,27.18000030517578,27.239999771118164,34400,0.0,0.0,0.0
2023-08-07 00:00:00-04:00,27.3700008392334,27.43000030517578,27.3700008392334,27.399999618530273,20200,0.0,0.0,0.0
2023-08-08 00:00:00-04:00,27.239999771118164,27.329999923706055,27.200000762939453,27.329999923706055,16900,0.0,0.0,0.0
2023-08-09 00:00:00-04:00,27.350000381469727,27.420000076293945,27.309999465942383,27.360000610351562,17300,0.0,0.0,0.0
2023-08-10 00:00:00-04:00,27.56999969482422,27.700000762939453,27.43000030517578,27.43000030517578,28400,0.0,0.0,0.0
2023-08-11 00:00:00-04:00,27.329999923706055,27.43000030517578,27.290000915527344,27.329999923706055,37000,0.0,0.0,0.0
2023-08-14 00:00:00-04:00,27.15999984741211,27.290000915527344,27.149999618530273,27.229999542236328,20300,0.0,0.0,0.0
2023-08-15 00:00:00-04:00,27.059999465942383,27.079999923706055,26.899999618530273,26.93000030517578,34800,0.0,0.0,0.0
2023-08-16 00:00:00-04:00,26.889999389648438,26.989999771118164,26.799999237060547,26.84000015258789,29200,0.0,0.0,0.0
2023-08-17 00:00:00-04:00,26.860000610351562,26.8700008392334,26.610000610351562,26.670000076293945,38300,0.0,0.0,0.0
2023-08-18 00:00:00-04:00,26.610000610351562,26.670000076293945,26.56999969482422,26.6299991607666,39200,0.0,0.0,0.0
2023-08-21 00:00:00-04:00,26.6200008392334,26.68000030517578,26.479999542236328,26.579999923706055,47600,0.0,0.0,0.0
2023-08-22 00:00:00-04:00,26.639999389648438,26.639999389648438,26.489999771118164,26.530000686645508,27200,0.0,0.0,0.0
2023-08-23 00:00:00-04:00,26.670000076293945,26.8700008392334,26.670000076293945,26.829999923706055,22700,0.0,0.0,0.0
2023-08-24 00:00:00-04:00,26.690000534057617,26.760000228881836,26.559999465942383,26.600000381469727,32500,0.0,0.0,0.0
2023-08-25 00:00:00-04:00,26.719999313354492,26.809999465942383,26.549999237060547,26.709999084472656,29300,0.0,0.0,0.0
2023-08-28 00:00:00-04:00,26.829999923706055,26.90999984741211,26.829999923706055,26.8700008392334,22700,0.0,0.0,0.0
2023-08-29 00:00:00-04:00,26.84000015258789,27.190000534057617,26.84000015258789,27.170000076293945,11800,0.0,0.0,0.0
2023-08-30 00:00:00-04:00,27.18000030517578,27.25,27.110000610351562,27.170000076293945,100100,0.0,0.0,0.0
2023-08-31 00:00:00-04:00,27.15999984741211,27.190000534057617,27.06999969482422,27.110000610351562,31900,0.0,0.0,0.0
2023-09-01 00:00:00-04:00,27.31999969482422,27.31999969482422,27.059999465942383,27.15999984741211,22500,0.0,0.0,0.0
2023-09-05 00:00:00-04:00,27.040000915527344,27.059999465942383,26.899999618530273,26.899999618530273,18400,0.0,0.0,0.0
2023-09-06 00:00:00-04:00,26.8799991607666,26.950000762939453,26.790000915527344,26.829999923706055,16600,0.0,0.0,0.0
2023-09-07 00:00:00-04:00,26.920000076293945,26.969999313354492,26.899999618530273,26.90999984741211,30600,0.0,0.0,0.0
2023-09-08 00:00:00-04:00,26.8700008392334,26.920000076293945,26.799999237060547,26.809999465942383,32000,0.0,0.0,0.0
2023-09-11 00:00:00-04:00,27.020000457763672,27.079999923706055,26.979999542236328,27.079999923706055,15300,0.0,0.0,0.0
2023-09-12 00:00:00-04:00,27.040000915527344,27.139999389648438,26.989999771118164,27.1200008392334,16200,0.0,0.0,0.0
2023-09-13 00:00:00-04:00,26.950000762939453,27.06999969482422,26.940000534057617,26.989999771118164,38000,0.0,0.0,0.0
2023-09-14 00:00:00-04:00,27.190000534057617,27.329999923706055,27.15999984741211,27.290000915527344,18800,0.0,0.0,0.0
2023-09-15 00:00:00-04:00,27.309999465942383,27.420000076293945,27.239999771118164,27.299999237060547,36400,0.0,0.0,0.0
2023-09-18 00:00:00-04:00,27.010000228881836,27.100000381469727,26.979999542236328,27.100000381469727,48700,0.0,0.0,0.0
2023-09-19 00:00:00-04:00,27.100000381469727,27.1299991607666,26.989999771118164,27.010000228881836,141600,0.0,0.0,0.0
2023-09-20 00:00:00-04:00,27.110000610351562,27.219999313354492,26.899999618530273,27.030000686645508,60800,0.0,0.0,0.0
2023-09-21 00:00:00-04:00,26.709999084472656,26.780000686645508,26.600000381469727,26.600000381469727,77500,0.0,0.0,0.0
2023-09-22 00:00:00-04:00,26.649999618530273,26.760000228881836,26.549999237060547,26.610000610351562,92100,0.0,0.0,0.0
2023-09-25 00:00:00-04:00,26.479999542236328,26.520000457763672,26.40999984741211,26.5,28500,0.0,0.0,0.0
2023-09-26 00:00:00-04:00,26.40999984741211,26.40999984741211,26.229999542236328,26.270000457763672,92000,0.0,0.0,0.0
2023-09-27 00:00:00-04:00,26.34000015258789,26.34000015258789,26.030000686645508,26.200000762939453,64600,0.0,0.0,0.0
2023-09-28 00:00:00-04:00,26.100000381469727,26.280000686645508,26.100000381469727,26.209999084472656,28400,0.0,0.0,0.0
2023-09-29 00:00:00-04:00,26.350000381469727,26.350000381469727,26.059999465942383,26.100000381469727,32700,0.0,0.0,0.0
2023-10-02 00:00:00-04:00,25.899999618530273,25.899999618530273,25.6299991607666,25.68000030517578,109700,0.0,0.0,0.0
2023-10-03 00:00:00-04:00,25.530000686645508,25.610000610351562,25.360000610351562,25.450000762939453,87800,0.0,0.0,0.0
2023-10-04 00:00:00-04:00,25.440000534057617,25.5,25.290000915527344,25.440000534057617,48600,0.0,0.0,0.0
2023-10-05 00:00:00-04:00,25.700000762939453,25.8799991607666,25.700000762939453,25.799999237060547,28200,0.0,0.0,0.0
2023-10-06 00:00:00-04:00,25.799999237060547,26.030000686645508,25.639999389648438,25.940000534057617,34700,0.0,0.0,0.0
2023-10-09 00:00:00-04:00,25.81999969482422,26.1200008392334,25.81999969482422,26.06999969482422,20400,0.0,0.0,0.0
2023-10-10 00:00:00-04:00,26.209999084472656,26.350000381469727,26.139999389648438,26.219999313354492,18800,0.0,0.0,0.0
2023-10-11 00:00:00-04:00,26.31999969482422,26.3799991607666,26.18000030517578,26.280000686645508,39500,0.0,0.0,0.0
2023-10-12 00:00:00-04:00,26.280000686645508,26.280000686645508,25.920000076293945,26.040000915527344,23400,0.0,0.0,0.0
2023-10-13 00:00:00-04:00,26.030000686645508,26.030000686645508,25.770000457763672,25.889999389648438,28000,0.0,0.0,0.0
2023-10-16 00:00:00-04:00,25.799999237060547,26.030000686645508,25.75,25.979999542236328,321200,0.0,0.0,0.0
2023-10-17 00:00:00-04:00,25.809999465942383,26.049999237060547,25.809999465942383,25.940000534057617,22100,0.0,0.0,0.0
2023-10-18 00:00:00-04:00,25.889999389648438,25.889999389648438,25.639999389648438,25.68000030517578,24500,0.0,0.0,0.0
2023-10-19 00:00:00-04:00,25.700000762939453,25.81999969482422,25.56999969482422,25.68000030517578,10500,0.0,0.0,0.0
2023-10-20 00:00:00-04:00,25.59000015258789,25.59000015258789,25.40999984741211,25.40999984741211,56500,0.0,0.0,0.0
2023-10-23 00:00:00-04:00,25.389999389648438,25.579999923706055,25.31999969482422,25.420000076293945,32200,0.0,0.0,0.0
2023-10-24 00:00:00-04:00,25.549999237060547,25.56999969482422,25.450000762939453,25.510000228881836,36500,0.0,0.0,0.0
2023-10-25 00:00:00-04:00,25.450000762939453,25.59000015258789,25.3799991607666,25.469999313354492,38100,0.0,0.0,0.0
2023-10-26 00:00:00-04:00,25.3799991607666,25.3799991607666,25.280000686645508,25.34000015258789,30300,0.0,0.0,0.0
2023-10-27 00:00:00-04:00,25.530000686645508,25.559999465942383,25.239999771118164,25.329999923706055,27000,0.0,0.0,0.0
2023-10-30 00:00:00-04:00,25.520000457763672,25.639999389648438,25.469999313354492,25.579999923706055,58400,0.0,0.0,0.0
2023-10-31 00:00:00-04:00,25.75,25.809999465942383,25.649999618530273,25.809999465942383,1149200,0.0,0.0,0.0
2023-11-01 00:00:00-04:00,25.780000686645508,26.010000228881836,25.780000686645508,25.959999084472656,65800,0.0,0.0,0.0
2023-11-02 00:00:00-04:00,26.229999542236328,26.40999984741211,26.200000762939453,26.34000015258789,53100,0.0,0.0,0.0
2023-11-03 00:00:00-04:00,26.639999389648438,26.760000228881836,26.6299991607666,26.719999313354492,134500,0.0,0.0,0.0
2023-11-06 00:00:00-05:00,26.549999237060547,26.559999465942383,26.469999313354492,26.489999771118164,25500,0.0,0.0,0.0
2023-11-07 00:00:00-05:00,26.260000228881836,26.31999969482422,26.200000762939453,26.290000915527344,350700,0.0,0.0,0.0
2023-11-08 00:00:00-05:00,26.139999389648438,26.139999389648438,26.0,26.079999923706055,36700,0.0,0.0,0.0
2023-11-09 00:00:00-05:00,26.219999313354492,26.34000015258789,26.049999237060547,26.049999237060547,25300,0.0,0.0,0.0
2023-11-10 00:00:00-05:00,26.100000381469727,26.190000534057617,26.010000228881836,26.170000076293945,27500,0.0,0.0,0.0
2023-11-13 00:00:00-05:00,26.18000030517578,26.31999969482422,26.100000381469727,26.280000686645508,22000,0.0,0.0,0.0
2023-11-14 00:00:00-05:00,26.59000015258789,26.809999465942383,26.56999969482422,26.739999771118164,24700,0.0,0.0,0.0
2023-11-15 00:00:00-05:00,26.68000030517578,26.68000030517578,26.520000457763672,26.610000610351562,63400,0.0,0.0,0.0
2023-11-16 00:00:00-05:00,26.479999542236328,26.559999465942383,26.479999542236328,26.510000228881836,22600,0.0,0.0,0.0
2023-11-17 00:00:00-05:00,26.75,26.780000686645508,26.68000030517578,26.770000457763672,41100,0.0,0.0,0.0
2023-11-20 00:00:00-05:00,26.760000228881836,26.860000610351562,26.739999771118164,26.809999465942383,34400,0.0,0.0,0.0
2023-11-21 00:00:00-05:00,26.8700008392334,26.899999618530273,26.75,26.760000228881836,57200,0.0,0.0,0.0
2023-11-22 00:00:00-05:00,26.860000610351562,26.8799991607666,26.75,26.8799991607666,52200,0.0,0.0,0.0
2023-11-24 00:00:00-05:00,26.899999618530273,27.020000457763672,26.889999389648438,27.020000457763672,49800,0.0,0.0,0.0
2023-11-27 00:00:00-05:00,26.979999542236328,26.979999542236328,26.899999618530273,26.979999542236328,32200,0.0,0.0,0.0
2023-11-28 00:00:00-05:00,26.959999084472656,27.1200008392334,26.950000762939453,27.020000457763672,30900,0.0,0.0,0.0
2023-11-29 00:00:00-05:00,27.030000686645508,27.079999923706055,26.950000762939453,26.979999542236328,49400,0.0,0.0,0.0
2023-11-30 00:00:00-05:00,27.040000915527344,27.079999923706055,26.93000030517578,27.059999465942383,45100,0.0,0.0,0.0
2023-12-01 00:00:00-05:00,27.020000457763672,27.299999237060547,27.020000457763672,27.290000915527344,57700,0.0,0.0,0.0
2023-12-04 00:00:00-05:00,27.139999389648438,27.219999313354492,27.110000610351562,27.170000076293945,71200,0.0,0.0,0.0
2023-12-05 00:00:00-05:00,27.1299991607666,27.219999313354492,27.1200008392334,27.1200008392334,27800,0.0,0.0,0.0
2023-12-06 00:00:00-05:00,27.360000610351562,27.40999984741211,27.229999542236328,27.239999771118164,31000,0.0,0.0,0.0
2023-12-07 00:00:00-05:00,27.3700008392334,27.600000381469727,27.34000015258789,27.459999084472656,41700,0.0,0.0,0.0
2023-12-08 00:00:00-05:00,27.43000030517578,27.5,27.329999923706055,27.5,36800,0.0,0.0,0.0
2023-12-11 00:00:00-05:00,27.3799991607666,27.489999771118164,27.3799991607666,27.440000534057617,16400,0.0,0.0,0.0
2023-12-12 00:00:00-05:00,27.450000762939453,27.530000686645508,27.420000076293945,27.510000228881836,13400,0.0,0.0,0.0
2023-12-13 00:00:00-05:00,27.469999313354492,27.920000076293945,27.40999984741211,27.90999984741211,31200,0.0,0.0,0.0
2023-12-14 00:00:00-05:00,27.950000762939453,28.030000686645508,27.889999389648438,27.969999313354492,34700,0.0,0.0,0.0
2023-12-15 00:00:00-05:00,27.760000228881836,27.799999237060547,27.579999923706055,27.579999923706055,40800,0.0,0.0,0.0
2023-12-18 00:00:00-05:00,27.43000030517578,27.459999084472656,27.350000381469727,27.360000610351562,35500,0.0,0.0,0.0
2023-12-19 00:00:00-05:00,27.450000762939453,27.579999923706055,27.450000762939453,27.56999969482422,34300,0.0,0.0,0.0
2023-12-20 00:00:00-05:00,27.56999969482422,27.639999389648438,27.350000381469727,27.350000381469727,118000,0.0,0.0,0.0
2023-12-21 00:00:00-05:00,27.610000610351562,27.739999771118164,27.610000610351562,27.709999084472656,29200,0.0,0.0,0.0
2023-12-22 00:00:00-05:00,27.8799991607666,27.940000534057617,27.780000686645508,27.84000015258789,15100,0.0,0.0,0.0
2023-12-26 00:00:00-05:00,27.84000015258789,28.0,27.84000015258789,27.920000076293945,18900,0.0,0.0,0.0
2023-12-27 00:00:00-05:00,27.93000030517578,28.079999923706055,27.93000030517578,28.06999969482422,22600,0.0,0.0,0.0
2023-12-28 00:00:00-05:00,28.100000381469727,28.190000534057617,28.040000915527344,28.100000381469727,89000,0.0,0.0,0.0
2023-12-29 00:00:00-05:00,28.06999969482422,28.219999313354492,28.06999969482422,28.170000076293945,29600,0.0,0.0,0.0
2024-01-02 00:00:00-05:00,27.940000534057617,28.010000228881836,27.8799991607666,27.959999084472656,161000,0.0,0.0,0.0
2024-01-03 00:00:00-05:00,27.850000381469727,27.889999389648438,27.729999542236328,27.760000228881836,20100,0.0,0.0,0.0
2024-01-04 00:00:00-05:00,27.850000381469727,27.950000762939453,27.81999969482422,27.920000076293945,14400,0.0,0.0,0.0
2024-01-05 00:00:00-05:00,27.889999389648438,28.170000076293945,27.8700008392334,27.920000076293945,64200,0.0,0.0,0.0
2024-01-08 00:00:00-05:00,27.920000076293945,28.170000076293945,27.920000076293945,28.139999389648438,38200,0.0,0.0,0.0
2024-01-09 00:00:00-05:00,28.010000228881836,28.049999237060547,27.959999084472656,28.010000228881836,18000,0.0,0.0,0.0
2024-01-10 00:00:00-05:00,28.06999969482422,28.1200008392334,28.020000457763672,28.06999969482422,32800,0.0,0.0,0.0
2024-01-11 00:00:00-05:00,28.079999923706055,28.110000610351562,27.8700008392334,28.100000381469727,15200,0.0,0.0,0.0
2024-01-12 00:00:00-05:00,28.31999969482422,28.350000381469727,28.190000534057617,28.229999542236328,47900,0.0,0.0,0.0
2024-01-16 00:00:00-05:00,27.959999084472656,27.979999542236328,27.829999923706055,27.860000610351562,24800,0.0,0.0,0.0
2024-01-17 00:00:00-05:00,27.56999969482422,27.649999618530273,27.540000915527344,27.649999618530273,15300,0.0,0.0,0.0
2024-01-18 00:00:00-05:00,27.600000381469727,27.75,27.600000381469727,27.709999084472656,14400,0.0,0.0,0.0
2024-01-19 00:00:00-05:00,27.65999984741211,27.799999237060547,27.6200008392334,27.790000915527344,39200,0.0,0.0,0.0
2024-01-22 00:00:00-05:00,27.940000534057617,28.0,27.8799991607666,27.920000076293945,31800,0.0,0.0,0.0
2024-01-23 00:00:00-05:00,27.770000457763672,27.829999923706055,27.700000762939453,27.809999465942383,41300,0.0,0.0,0.0
2024-01-24 00:00:00-05:00,27.979999542236328,27.979999542236328,27.780000686645508,27.780000686645508,35700,0.0,0.0,0.0
2024-01-25 00:00:00-05:00,27.84000015258789,27.84000015258789,27.739999771118164,27.809999465942383,97300,0.0,0.0,0.0
2024-01-26 00:00:00-05:00,27.90999984741211,27.920000076293945,27.84000015258789,27.8799991607666,30600,0.0,0.0,0.0
2024-01-29 00:00:00-05:00,27.829999923706055,28.0,27.790000915527344,28.0,75200,0.0,0.0,0.0
2024-01-30 00:00:00-05:00,27.829999923706055,27.899999618530273,27.739999771118164,27.8700008392334,21000,0.0,0.0,0.0
2024-01-31 00:00:00-05:00,28.030000686645508,28.18000030517578,27.829999923706055,27.829999923706055,25200,0.0,0.0,0.0
2024-02-01 00:00:00-05:00,27.889999389648438,28.100000381469727,27.850000381469727,28.06999969482422,44100,0.0,0.0,0.0
2024-02-02 00:00:00-05:00,27.899999618530273,27.899999618530273,27.739999771118164,27.850000381469727,40100,0.0,0.0,0.0
2024-02-05 00:00:00-05:00,27.68000030517578,27.719999313354492,27.559999465942383,27.600000381469727,22500,0.0,0.0,0.0
2024-02-06 00:00:00-05:00,27.6200008392334,27.790000915527344,27.59000015258789,27.75,62600,0.0,0.0,0.0
2024-02-07 00:00:00-05:00,27.719999313354492,27.799999237060547,27.6299991607666,27.649999618530273,30000,0.0,0.0,0.0
2024-02-08 00:00:00-05:00,27.510000228881836,27.56999969482422,27.389999389648438,27.520000457763672,52100,0.0,0.0,0.0
2024-02-09 00:00:00-05:00,27.489999771118164,27.6200008392334,27.450000762939453,27.549999237060547,23100,0.0,0.0,0.0
2024-02-12 00:00:00-05:00,27.559999465942383,27.729999542236328,27.549999237060547,27.610000610351562,27200,0.0,0.0,0.0
2024-02-13 00:00:00-05:00,27.329999923706055,27.329999923706055,27.059999465942383,27.18000030517578,16400,0.0,0.0,0.0
2024-02-14 00:00:00-05:00,27.280000686645508,27.479999542236328,27.260000228881836,27.40999984741211,71900,0.0,0.0,0.0
2024-02-15 00:00:00-05:00,27.5,27.700000762939453,27.5,27.639999389648438,23500,0.0,0.0,0.0
2024-02-16 00:00:00-05:00,27.549999237060547,27.770000457763672,27.549999237060547,27.6299991607666,28100,0.0,0.0,0.0
2024-02-20 00:00:00-05:00,27.8700008392334,27.969999313354492,27.809999465942383,27.90999984741211,38300,0.0,0.0,0.0
2024-02-21 00:00:00-05:00,27.850000381469727,27.899999618530273,27.780000686645508,27.8799991607666,48300,0.0,0.0,0.0
2024-02-22 00:00:00-05:00,27.90999984741211,28.049999237060547,27.899999618530273,27.989999771118164,26400,0.0,0.0,0.0
2024-02-23 00:00:00-05:00,28.040000915527344,28.09000015258789,27.959999084472656,28.020000457763672,26900,0.0,0.0,0.0
2024-02-26 00:00:00-05:00,28.010000228881836,28.059999465942383,27.889999389648438,27.959999084472656,22100,0.0,0.0,0.0
2024-02-27 00:00:00-05:00,27.90999984741211,28.010000228881836,27.84000015258789,27.920000076293945,14400,0.0,0.0,0.0
2024-02-28 00:00:00-05:00,27.709999084472656,27.81999969482422,27.690000534057617,27.729999542236328,17800,0.0,0.0,0.0
2024-02-29 00:00:00-05:00,27.8799991607666,27.90999984741211,27.690000534057617,27.790000915527344,29800,0.0,0.0,0.0
2024-03-01 00:00:00-05:00,27.709999084472656,27.920000076293945,27.709999084472656,27.899999618530273,48100,0.0,0.0,0.0
2024-03-04 00:00:00-05:00,27.719999313354492,27.809999465942383,27.719999313354492,27.75,20600,0.0,0.0,0.0
2024-03-05 00:00:00-05:00,27.790000915527344,27.920000076293945,27.760000228881836,27.799999237060547,46000,0.0,0.0,0.0
2024-03-06 00:00:00-05:00,28.030000686645508,28.15999984741211,28.030000686645508,28.06999969482422,27000,0.0,0.0,0.0
2024-03-07 00:00:00-05:00,28.31999969482422,28.389999389648438,28.31999969482422,28.360000610351562,22200,0.0,0.0,0.0
2024-03-08 00:00:00-05:00,28.450000762939453,28.5,28.350000381469727,28.399999618530273,19800,0.0,0.0,0.0
2024-03-11 00:00:00-04:00,28.229999542236328,28.309999465942383,28.200000762939453,28.309999465942383,21900,0.0,0.0,0.0
2024-03-12 00:00:00-04:00,28.270000457763672,28.350000381469727,28.25,28.34000015258789,17300,0.0,0.0,0.0
2024-03-13 00:00:00-04:00,28.350000381469727,28.40999984741211,28.31999969482422,28.31999969482422,13900,0.0,0.0,0.0
2024-03-14 00:00:00-04:00,28.360000610351562,28.3700008392334,28.059999465942383,28.139999389648438,3954100,0.0,0.0,0.0
2024-03-15 00:00:00-04:00,28.170000076293945,28.209999084472656,28.110000610351562,28.170000076293945,34800,0.0,0.0,0.0
2024-03-18 00:00:00-04:00,28.049999237060547,28.049999237060547,27.899999618530273,27.899999618530273,15100,0.0,0.0,0.0
2024-03-19 00:00:00-04:00,27.93000030517578,28.030000686645508,27.920000076293945,27.969999313354492,12100,0.0,0.0,0.0
2024-03-20 00:00:00-04:00,27.889999389648438,28.239999771118164,27.889999389648438,28.239999771118164,33600,0.0,0.0,0.0
2024-03-21 00:00:00-04:00,28.139999389648438,28.170000076293945,28.079999923706055,28.079999923706055,16700,0.0,0.0,0.0
2024-03-22 00:00:00-04:00,28.110000610351562,28.170000076293945,27.989999771118164,28.040000915527344,27700,0.0,0.0,0.0
2024-03-25 00:00:00-04:00,27.979999542236328,28.100000381469727,27.979999542236328,28.049999237060547,16100,0.0,0.0,0.0
2024-03-26 00:00:00-04:00,28.079999923706055,28.15999984741211,28.010000228881836,28.010000228881836,15200,0.0,0.0,0.0
2024-03-27 00:00:00-04:00,28.100000381469727,28.219999313354492,28.09000015258789,28.200000762939453,28800,0.0,0.0,0.0
2024-03-28 00:00:00-04:00,28.1200008392334,28.200000762939453,28.06999969482422,28.06999969482422,27000,0.0,0.0,0.0
2024-04-01 00:00:00-04:00,28.049999237060547,28.049999237060547,27.889999389648438,27.989999771118164,13100,0.0,0.0,0.0
2024-04-02 00:00:00-04:00,27.84000015258789,27.8799991607666,27.75,27.780000686645508,21700,0.0,0.0,0.0
2024-04-03 00:00:00-04:00,27.81999969482422,27.90999984741211,27.790000915527344,27.790000915527344,11000,0.0,0.0,0.0
2024-04-04 00:00:00-04:00,28.010000228881836,28.030000686645508,27.68000030517578,27.68000030517578,17200,0.0,0.0,0.0
2024-04-05 00:00:00-04:00,27.670000076293945,27.799999237060547,27.6200008392334,27.729999542236328,17500,0.0,0.0,0.0
2024-04-08 00:00:00-04:00,27.8700008392334,27.899999618530273,27.81999969482422,27.84000015258789,13400,0.0,0.0,0.0
2024-04-09 00:00:00-04:00,27.920000076293945,27.979999542236328,27.799999237060547,27.889999389648438,18700,0.0,0.0,0.0
2024-04-10 00:00:00-04:00,27.540000915527344,27.600000381469727,27.3799991607666,27.450000762939453,27100,0.0,0.0,0.0
2024-04-11 00:00:00-04:00,27.530000686645508,27.540000915527344,27.280000686645508,27.469999313354492,17800,0.0,0.0,0.0
2024-04-12 00:00:00-04:00,27.260000228881836,27.31999969482422,27.110000610351562,27.15999984741211,12700,0.0,0.0,0.0
2024-04-15 00:00:00-04:00,27.299999237060547,27.299999237060547,26.959999084472656,27.030000686645508,535300,0.0,0.0,0.0
2024-04-16 00:00:00-04:00,26.90999984741211,26.90999984741211,26.770000457763672,26.799999237060547,10900,0.0,0.0,0.0
2024-04-17 00:00:00-04:00,27.0,27.010000228881836,26.829999923706055,26.940000534057617,7800,0.0,0.0,0.0
2024-04-18 00:00:00-04:00,26.940000534057617,27.030000686645508,26.8700008392334,26.920000076293945,28700,0.0,0.0,0.0
2024-04-19 00:00:00-04:00,27.0,27.149999618530273,26.989999771118164,27.040000915527344,18500,0.0,0.0,0.0
2024-04-22 00:00:00-04:00,27.290000915527344,27.43000030517578,27.239999771118164,27.3799991607666,24700,0.0,0.0,0.0
2024-04-23 00:00:00-04:00,27.43000030517578,27.65999984741211,27.43000030517578,27.6200008392334,26400,0.0,0.0,0.0
2024-04-24 00:00:00-04:00,27.479999542236328,27.479999542236328,27.329999923706055,27.43000030517578,60700,0.0,0.0,0.0
2024-04-25 00:00:00-04:00,27.229999542236328,27.389999389648438,27.1299991607666,27.360000610351562,11300,0.0,0.0,0.0
2024-04-26 00:00:00-04:00,27.420000076293945,27.43000030517578,27.309999465942383,27.360000610351562,24100,0.0,0.0,0.0
2024-04-29 00:00:00-04:00,27.510000228881836,27.59000015258789,27.469999313354492,27.520000457763672,75200,0.0,0.0,0.0
2024-04-30 00:00:00-04:00,27.399999618530273,27.489999771118164,27.209999084472656,27.209999084472656,12600,0.0,0.0,0.0
2024-05-01 00:00:00-04:00,27.219999313354492,27.459999084472656,27.149999618530273,27.280000686645508,35200,0.0,0.0,0.0
2024-05-02 00:00:00-04:00,27.530000686645508,27.729999542236328,27.450000762939453,27.649999618530273,15500,0.0,0.0,0.0
2024-05-03 00:00:00-04:00,27.90999984741211,27.940000534057617,27.809999465942383,27.84000015258789,10000,0.0,0.0,0.0
2024-05-06 00:00:00-04:00,27.90999984741211,28.020000457763672,27.899999618530273,28.010000228881836,27800,0.0,0.0,0.0
2024-05-07 00:00:00-04:00,28.049999237060547,28.09000015258789,27.93000030517578,27.979999542236328,16200,0.0,0.0,0.0
2024-05-08 00:00:00-04:00,27.8700008392334,27.959999084472656,27.8700008392334,27.940000534057617,6600,0.0,0.0,0.0
2024-05-09 00:00:00-04:00,28.020000457763672,28.190000534057617,28.020000457763672,28.15999984741211,25900,0.0,0.0,0.0
2024-05-10 00:00:00-04:00,28.200000762939453,28.270000457763672,28.139999389648438,28.200000762939453,14100,0.0,0.0,0.0
2024-05-13 00:00:00-04:00,28.270000457763672,28.270000457763672,28.149999618530273,28.18000030517578,6300,0.0,0.0,0.0
2024-05-14 00:00:00-04:00,28.239999771118164,28.270000457763672,28.15999984741211,28.229999542236328,13300,0.0,0.0,0.0
2024-05-15 00:00:00-04:00,28.34000015258789,28.5,28.280000686645508,28.440000534057617,12600,0.0,0.0,0.0
2024-05-16 00:00:00-04:00,28.399999618530273,28.440000534057617,28.34000015258789,28.3700008392334,13700,0.0,0.0,0.0
2024-05-17 00:00:00-04:00,28.350000381469727,28.440000534057617,28.34000015258789,28.420000076293945,71600,0.0,0.0,0.0
2024-05-20 00:00:00-04:00,28.360000610351562,28.440000534057617,28.329999923706055,28.360000610351562,19500,0.0,0.0,0.0
2024-05-21 00:00:00-04:00,28.309999465942383,28.399999618530273,28.25,28.31999969482422,10400,0.0,0.0,0.0
2024-05-22 00:00:00-04:00,28.149999618530273,28.25,28.079999923706055,28.079999923706055,8400,0.0,0.0,0.0
2024-05-23 00:00:00-04:00,28.200000762939453,28.200000762939453,27.8700008392334,27.93000030517578,8300,0.0,0.0,0.0
2024-05-24 00:00:00-04:00,28.0,28.15999984741211,28.0,28.100000381469727,13200,0.0,0.0,0.0
2024-05-28 00:00:00-04:00,28.06999969482422,28.09000015258789,27.90999984741211,27.979999542236328,23900,0.0,0.0,0.0
2024-05-29 00:00:00-04:00,27.65999984741211,27.670000076293945,27.520000457763672,27.540000915527344,73900,0.0,0.0,0.0
2024-05-30 00:00:00-04:00,27.719999313354492,27.81999969482422,27.690000534057617,27.760000228881836,9800,0.0,0.0,0.0
2024-05-31 00:00:00-04:00,27.899999618530273,27.969999313354492,27.829999923706055,27.969999313354492,45400,0.0,0.0,0.0
2024-06-03 00:00:00-04:00,28.06999969482422,28.1299991607666,28.020000457763672,28.09000015258789,14600,0.0,0.0,0.0
2024-06-04 00:00:00-04:00,28.06999969482422,28.200000762939453,28.049999237060547,28.18000030517578,25900,0.0,0.0,0.0
2024-06-05 00:00:00-04:00,28.25,28.309999465942383,28.18000030517578,28.239999771118164,12400,0.0,0.0,0.0
2024-06-06 00:00:00-04:00,28.239999771118164,28.389999389648438,28.239999771118164,28.389999389648438,13000,0.0,0.0,0.0
2024-06-07 00:00:00-04:00,28.100000381469727,28.100000381469727,28.0,28.0,7400,0.0,0.0,0.0
2024-06-10 00:00:00-04:00,27.84000015258789,27.989999771118164,27.790000915527344,27.969999313354492,11300,0.0,0.0,0.0
2024-06-11 00:00:00-04:00,27.65999984741211,27.760000228881836,27.600000381469727,27.68000030517578,33200,0.0,0.0,0.0
2024-06-12 00:00:00-04:00,28.09000015258789,28.100000381469727,27.920000076293945,27.93000030517578,80900,0.0,0.0,0.0
2024-06-13 00:00:00-04:00,27.719999313354492,27.729999542236328,27.600000381469727,27.690000534057617,90400,0.0,0.0,0.0
2024-06-14 00:00:00-04:00,27.420000076293945,27.540000915527344,27.40999984741211,27.469999313354492,14500,0.0,0.0,0.0
2024-06-17 00:00:00-04:00,27.3700008392334,27.610000610351562,27.34000015258789,27.530000686645508,27600,0.0,0.0,0.0
2024-06-18 00:00:00-04:00,27.56999969482422,27.75,27.56999969482422,27.68000030517578,10000,0.0,0.0,0.0
2024-06-20 00:00:00-04:00,27.56999969482422,27.68000030517578,27.540000915527344,27.6200008392334,15400,0.0,0.0,0.0
2024-06-21 00:00:00-04:00,27.5,27.600000381469727,27.450000762939453,27.559999465942383,41200,0.0,0.0,0.0
2024-06-24 00:00:00-04:00,27.360000610351562,27.600000381469727,27.360000610351562,27.459999084472656,13900,0.0,0.0,0.0
2024-06-25 00:00:00-04:00,27.3700008392334,27.43000030517578,27.299999237060547,27.399999618530273,21900,0.0,0.0,0.0
2024-06-26 00:00:00-04:00,27.18000030517578,27.229999542236328,27.110000610351562,27.18000030517578,19000,0.0,0.0,0.0
2024-06-27 00:00:00-04:00,27.270000457763672,27.34000015258789,27.18000030517578,27.209999084472656,18900,0.0,0.0,0.0
2024-06-28 00:00:00-04:00,27.219999313354492,27.489999771118164,27.209999084472656,27.290000915527344,138900,0.0,0.0,0.0
2024-07-01 00:00:00-04:00,27.350000381469727,27.489999771118164,27.200000762939453,27.239999771118164,196800,0.0,0.0,0.0
2024-07-02 00:00:00-04:00,27.200000762939453,27.309999465942383,27.149999618530273,27.309999465942383,24600,0.0,0.0,0.0
2024-07-03 00:00:00-04:00,27.450000762939453,27.610000610351562,27.420000076293945,27.5,8000,0.0,0.0,0.0
2024-07-05 00:00:00-04:00,27.68000030517578,27.68000030517578,27.520000457763672,27.6299991607666,6600,0.0,0.0,0.0
2024-07-08 00:00:00-04:00,27.639999389648438,27.65999984741211,27.520000457763672,27.579999923706055,11900,0.0,0.0,0.0
2024-07-09 00:00:00-04:00,27.549999237060547,27.65999984741211,27.459999084472656,27.59000015258789,128100,0.0,0.0,0.0
2024-07-10 00:00:00-04:00,27.729999542236328,27.84000015258789,27.729999542236328,27.81999969482422,16400,0.0,0.0,0.0
2024-07-11 00:00:00-04:00,28.020000457763672,28.139999389648438,28.0,28.059999465942383,19100,0.0,0.0,0.0
2024-07-12 00:00:00-04:00,28.270000457763672,28.43000030517578,28.18000030517578,28.329999923706055,14200,0.0,0.0,0.0
2024-07-15 00:00:00-04:00,28.229999542236328,28.25,28.100000381469727,28.149999618530273,89100,0.0,0.0,0.0
2024-07-16 00:00:00-04:00,28.020000457763672,28.260000228881836,28.020000457763672,28.219999313354492,36000,0.0,0.0,0.0
2024-07-17 00:00:00-04:00,28.219999313354492,28.360000610351562,28.219999313354492,28.280000686645508,11100,0.0,0.0,0.0
2024-07-18 00:00:00-04:00,28.389999389648438,28.5,28.219999313354492,28.229999542236328,11700,0.0,0.0,0.0
2024-07-19 00:00:00-04:00,28.18000030517578,28.219999313354492,28.079999923706055,28.1299991607666,4700,0.0,0.0,0.0
2024-07-22 00:00:00-04:00,28.31999969482422,28.360000610351562,28.25,28.31999969482422,11600,0.0,0.0,0.0
2024-07-23 00:00:00-04:00,28.229999542236328,28.290000915527344,28.200000762939453,28.239999771118164,70000,0.0,0.0,0.0
2024-07-24 00:00:00-04:00,28.209999084472656,28.25,28.09000015258789,28.09000015258789,12400,0.0,0.0,0.0
2024-07-25 00:00:00-04:00,28.059999465942383,28.280000686645508,28.059999465942383,28.15999984741211,12400,0.0,0.0,0.0
2024-07-26 00:00:00-04:00,28.280000686645508,28.440000534057617,28.280000686645508,28.3799991607666,7900,0.0,0.0,0.0
2024-07-29 00:00:00-04:00,28.329999923706055,28.3700008392334,28.18000030517578,28.309999465942383,60100,0.0,0.0,0.0
2024-07-30 00:00:00-04:00,28.399999618530273,28.479999542236328,28.34000015258789,28.440000534057617,35800,0.0,0.0,0.0
2024-07-31 00:00:00-04:00,28.739999771118164,28.850000381469727,28.649999618530273,28.799999237060547,52200,0.0,0.0,0.0
2024-08-01 00:00:00-04:00,28.559999465942383,28.559999465942383,28.15999984741211,28.270000457763672,11200,0.0,0.0,0.0
2024-08-02 00:00:00-04:00,28.360000610351562,28.399999618530273,28.1200008392334,28.299999237060547,9500,0.0,0.0,0.0
2024-08-05 00:00:00-04:00,27.729999542236328,27.860000610351562,27.639999389648438,27.729999542236328,18100,0.0,0.0,0.0
2024-08-06 00:00:00-04:00,27.610000610351562,27.969999313354492,27.610000610351562,27.8799991607666,444300,0.0,0.0,0.0
2024-08-07 00:00:00-04:00,28.190000534057617,28.219999313354492,27.920000076293945,27.979999542236328,11300,0.0,0.0,0.0
2024-08-08 00:00:00-04:00,28.15999984741211,28.270000457763672,28.139999389648438,28.270000457763672,92100,0.0,0.0,0.0
2024-08-09 00:00:00-04:00,28.239999771118164,28.34000015258789,28.18000030517578,28.34000015258789,27600,0.0,0.0,0.0
