Date,Open,High,Low,Close,Volume,Dividends,Stock Splits,Capital Gains
2007-11-19 00:00:00-05:00,34.568043722861695,39.46865496571826,32.47174835205078,32.47174835205078,4000,0.0,0.0,0.0
2007-11-20 00:00:00-05:00,32.69385761831988,32.86739190004753,32.69385761831988,32.714683532714844,900,0.0,0.0,0.0
2007-11-21 00:00:00-05:00,32.15937805175781,32.15937805175781,32.15937805175781,32.15937805175781,100,0.0,0.0,0.0
2007-11-23 00:00:00-05:00,32.15937805175781,32.15937805175781,32.15937805175781,32.15937805175781,0,0.0,0.0,0.0
2007-11-26 00:00:00-05:00,32.811867893447534,32.832691163464915,32.277381896972656,32.277381896972656,1300,0.0,0.0,0.0
2007-11-27 00:00:00-05:00,32.59668412519537,32.69386291503906,32.59668412519537,32.69386291503906,1000,0.0,0.0,0.0
2007-11-28 00:00:00-05:00,32.66609757876603,33.5198860168457,32.66609757876603,33.5198860168457,3300,0.0,0.0,0.0
2007-11-29 00:00:00-05:00,33.408827059726626,33.408827059726626,33.28388214111328,33.28388214111328,4700,0.0,0.0,0.0
2007-11-30 00:00:00-05:00,33.33247392768847,34.706865483067084,33.33247392768847,33.49906539916992,9500,0.0,0.0,0.0
2007-12-03 00:00:00-05:00,33.506003923464725,33.506003923464725,33.37411880493164,33.37411880493164,200,0.0,0.0,0.0
2007-12-04 00:00:00-05:00,32.99233765049283,33.04786989308913,32.97845458984375,32.97845458984375,4200,0.0,0.0,0.0
2007-12-05 00:00:00-05:00,33.20058651751398,33.276939392089844,33.20058651751398,33.276939392089844,4600,0.0,0.0,0.0
2007-12-06 00:00:00-05:00,39.982301427879165,39.982301427879165,32.180200828174094,33.17281723022461,3100,0.0,0.0,0.0
2007-12-07 00:00:00-05:00,32.91598465432056,33.36717489213728,32.91598465432056,33.346351623535156,500,0.0,0.0,0.0
2007-12-10 00:00:00-05:00,33.54071455015597,33.679542541503906,33.54071455015597,33.679542541503906,9100,0.0,0.0,0.0
2007-12-11 00:00:00-05:00,33.79754599898522,33.79754599898522,33.6656608581543,33.6656608581543,4300,0.0,0.0,0.0
2007-12-12 00:00:00-05:00,34.04049308623256,34.04049308623256,33.42965153411568,33.65871810913086,12100,0.0,0.0,0.0
2007-12-13 00:00:00-05:00,33.01317280737964,33.01317280737964,32.80492948726939,32.929874420166016,900,0.0,0.0,0.0
2007-12-14 00:00:00-05:00,32.35373625174351,32.492564225344815,32.20796807102766,32.25655746459961,22700,0.0,0.0,0.0
2007-12-17 00:00:00-05:00,31.652657122271634,31.812311017833103,31.375003814697266,31.375003814697266,28500,0.0,0.0,0.0
2007-12-18 00:00:00-05:00,31.798425994826324,31.895604778882248,31.70818741766442,31.756776809692383,8400,0.0,0.0,0.0
2007-12-19 00:00:00-05:00,31.388888874859283,32.69386506414696,31.32641641329269,31.458301544189453,44100,0.0,0.0,0.0
2007-12-20 00:00:00-05:00,31.236181064020915,31.555483612729173,29.993674559528127,31.53466033935547,50700,0.0,0.0,0.0
2007-12-21 00:00:00-05:00,31.833137491566664,32.34679761863443,31.812314219581776,31.923376083374023,16300,0.0,0.0,0.0
2007-12-24 00:00:00-05:00,31.999726397490715,32.02749252319336,31.951137001472834,32.02749252319336,3500,0.0,0.0,0.0
2007-12-26 00:00:00-05:00,31.93724960527647,32.18019920032522,31.93724960527647,32.103843688964844,5200,0.0,0.0,0.0
2007-12-27 00:00:00-05:00,32.22879135810378,32.22879135810378,32.048314197945345,32.076080322265625,10600,0.0,0.0,0.0
2007-12-28 00:00:00-05:00,32.27044379770895,32.34679667540166,32.27044379770895,32.332916259765625,3300,0.0,0.0,0.0
2007-12-31 00:00:00-05:00,32.53421372843899,32.53421372843899,32.23573448477155,32.3953857421875,7800,0.0,0.0,0.0
2008-01-02 00:00:00-05:00,32.53421299981904,32.53421299981904,32.30514907836914,32.30514907836914,2300,0.0,0.0,0.0
2008-01-03 00:00:00-05:00,32.145497966461775,32.21491063437767,32.09690856933594,32.09690856933594,3700,0.0,0.0,0.0
2008-01-04 00:00:00-05:00,31.798431043880182,31.798431043880182,31.486068725585938,31.486068725585938,3500,0.0,0.0,0.0
2008-01-07 00:00:00-05:00,31.138999650734604,31.138999650734604,31.00017166137695,31.000171661376953,9400,0.0,0.0,0.0
2008-01-08 00:00:00-05:00,31.215347168829396,31.215347168829396,30.86133575439453,30.86133575439453,5900,0.0,0.0,0.0
2008-01-09 00:00:00-05:00,30.354628401112354,31.65266460696721,30.354628401112354,30.507339477539062,7000,0.0,0.0,0.0
2008-01-10 00:00:00-05:00,36.726807663107635,36.726807663107635,29.910378990197234,30.24356460571289,6200,0.0,0.0,0.0
2008-01-11 00:00:00-05:00,29.820131831593134,30.000608976474886,29.62577427364952,29.834014892578125,6900,0.0,0.0,0.0
2008-01-14 00:00:00-05:00,30.35461945091674,30.35461945091674,30.250500459627258,30.340736389160156,1000,0.0,0.0,0.0
2008-01-15 00:00:00-05:00,29.611901079019432,29.674373550305457,29.493898993214728,29.59107780456543,4200,0.0,0.0,0.0
2008-01-16 00:00:00-05:00,28.79975344712291,28.79975344712291,27.59889376703664,28.11255645751953,23700,0.0,0.0,0.0
2008-01-17 00:00:00-05:00,28.758104423856487,28.841400146484375,28.63315951595301,28.841400146484375,6500,0.0,0.0,0.0
2008-01-18 00:00:00-05:00,28.598450234393507,28.598450234393507,28.515154520361047,28.5220947265625,4400,0.0,0.0,0.0
2008-01-22 00:00:00-05:00,26.72428840272989,27.793260574340817,26.446632399116385,27.79326057434082,57400,0.0,0.0,0.0
2008-01-23 00:00:00-05:00,26.9464089887364,26.9464089887364,26.481338282295567,26.51604461669922,4200,0.0,0.0,0.0
2008-01-24 00:00:00-05:00,28.11255023176111,28.34161672687464,28.11255023176111,28.279144287109375,2700,0.0,0.0,0.0
2008-01-25 00:00:00-05:00,29.04270254538793,29.04270254538793,28.438803881396847,28.459627151489258,4100,0.0,0.0,0.0
2008-01-28 00:00:00-05:00,28.81363148269756,29.778484330427247,28.25138209462428,28.834457397460938,16200,0.0,0.0,0.0
2008-01-29 00:00:00-05:00,29.153760698351707,29.18152682023264,29.09128824808117,29.098228454589844,1300,0.0,0.0,0.0
2008-01-30 00:00:00-05:00,29.08435190882285,29.549422596513324,28.90387474052246,29.45224380493164,15700,0.0,0.0,0.0
2008-01-31 00:00:00-05:00,28.438801919655045,29.223175048828125,28.438801919655045,29.223175048828125,6100,0.0,0.0,0.0
2008-02-01 00:00:00-05:00,29.473063886751387,29.75071981659662,29.473063886751387,29.639657974243164,16500,0.0,0.0,0.0
2008-02-04 00:00:00-05:00,29.77848752108191,29.82707691419755,29.75766160408711,29.792367935180664,2200,0.0,0.0,0.0
2008-02-05 00:00:00-05:00,28.91081247496046,28.959401862144755,28.605390443604303,28.612333297729492,3400,0.0,0.0,0.0
2008-02-06 00:00:00-05:00,28.667867505708255,28.69563363083244,28.23056030273438,28.230560302734375,3800,0.0,0.0,0.0
2008-02-07 00:00:00-05:00,27.918202625429515,27.918202625429515,27.848787307739258,27.848787307739258,2300,0.0,0.0,0.0
2008-02-08 00:00:00-05:00,27.76549218645551,27.945966720581055,27.75160912261144,27.945966720581055,6000,0.0,0.0,0.0
2008-02-11 00:00:00-05:00,28.070913182785276,28.175034843349604,28.070913182785276,28.168094635009766,2100,0.0,0.0,0.0
2008-02-12 00:00:00-05:00,28.27221100093104,28.334683461836477,28.098676681518555,28.098676681518555,19100,0.0,0.0,0.0
2008-02-13 00:00:00-05:00,28.459632340062456,28.799760818481445,28.459632340062456,28.799760818481445,1200,0.0,0.0,0.0
2008-02-14 00:00:00-05:00,28.93859018454494,28.973299176400577,28.876117706298828,28.876117706298828,1000,0.0,0.0,0.0
2008-02-15 00:00:00-05:00,29.091288672025957,29.119054794311523,29.014933159702235,29.119054794311523,2900,0.0,0.0,0.0
2008-02-19 00:00:00-05:00,29.486941420554356,29.61188630077082,29.334230422973633,29.334230422973633,3200,0.0,0.0,0.0
2008-02-20 00:00:00-05:00,28.896935310141217,29.25788700852466,28.896935310141217,29.16070556640625,3900,0.0,0.0,0.0
2008-02-21 00:00:00-05:00,29.63965925401483,29.63965925401483,29.54248046875,29.54248046875,1200,0.0,0.0,0.0
2008-02-22 00:00:00-05:00,29.570248531785218,29.570248531785218,29.4036570591805,29.43142318725586,2100,0.0,0.0,0.0
2008-02-25 00:00:00-05:00,29.688252234517893,30.22273826599121,29.688252234517893,30.22273826599121,3600,0.0,0.0,0.0
2008-02-26 00:00:00-05:00,29.952031077190487,30.50039763288485,29.952031077190487,30.361572265625,1800,0.0,0.0,0.0
2008-02-27 00:00:00-05:00,30.201907356207837,30.59062512793696,29.65354099970686,30.58368492126465,1900,0.0,0.0,0.0
2008-02-28 00:00:00-05:00,30.646163348192953,30.646163348192953,30.333801028572864,30.4587459564209,4800,0.0,0.0,0.0
2008-02-29 00:00:00-05:00,30.14638614182459,30.160269206952844,29.827083587646484,29.827083587646484,13600,0.0,0.0,0.0
2008-03-03 00:00:00-05:00,29.625779019155043,29.785430274170942,29.591072685094815,29.77849006652832,5100,0.0,0.0,0.0
2008-03-04 00:00:00-05:00,28.813634283417173,29.54942067573036,28.813634283417173,29.54248046875,7600,0.0,0.0,0.0
2008-03-05 00:00:00-05:00,29.722956554929215,29.99366965622731,29.56330530667453,29.6951904296875,4100,0.0,0.0,0.0
2008-03-06 00:00:00-05:00,29.6951904296875,29.6951904296875,29.6951904296875,29.6951904296875,0,0.0,0.0,0.0
2008-03-07 00:00:00-05:00,29.299533769595563,29.473068088507535,29.11905924301348,29.125999450683594,5400,0.0,0.0,0.0
2008-03-10 00:00:00-04:00,29.42447203425479,29.42447203425479,28.6748053230748,28.681745529174805,2000,0.0,0.0,0.0
2008-03-11 00:00:00-04:00,29.132942290237303,29.21623802185059,29.098233308135164,29.216238021850586,400,0.0,0.0,0.0
2008-03-12 00:00:00-04:00,29.660482307247907,29.792367422302327,29.577186584472653,29.577186584472656,2800,0.0,0.0,0.0
2008-03-13 00:00:00-04:00,29.257887232381133,29.68130874633789,29.250944376786354,29.68130874633789,500,0.0,0.0,0.0
2008-03-14 00:00:00-04:00,29.736836018235667,29.736836018235667,28.792809057668958,29.098228454589844,3300,0.0,0.0,0.0
2008-03-17 00:00:00-04:00,28.258327035729963,28.41797828674316,28.258327035729963,28.417978286743164,700,0.0,0.0,0.0
2008-03-18 00:00:00-04:00,28.41797828674316,28.41797828674316,28.41797828674316,28.417978286743164,0,0.0,0.0,0.0
2008-03-19 00:00:00-04:00,28.7858760179269,28.7858760179269,28.13338523089118,28.147268295288086,800,0.0,0.0,0.0
2008-03-20 00:00:00-04:00,28.34856012653228,28.4735050201416,28.34856012653228,28.4735050201416,1900,0.0,0.0,0.0
2008-03-24 00:00:00-04:00,28.92469900524405,29.20929783026631,28.92469900524405,29.125999450683594,1300,0.0,0.0,0.0
2008-03-25 00:00:00-04:00,29.153762809862652,29.244001388549805,29.153762809862652,29.244001388549805,300,0.0,0.0,0.0
2008-03-26 00:00:00-04:00,29.54248046875,29.54248046875,29.54248046875,29.54248046875,200,0.0,0.0,0.0
2008-03-27 00:00:00-04:00,29.54248046875,29.54248046875,29.54248046875,29.54248046875,0,0.0,0.0,0.0
2008-03-28 00:00:00-04:00,30.1463772467056,30.1463772467056,30.097787857055664,30.097787857055664,1400,0.0,0.0,0.0
2008-03-31 00:00:00-04:00,30.20886132785127,30.361572410072622,30.194978261474407,30.26439094543457,1100,0.0,0.0,0.0
2008-04-01 00:00:00-04:00,30.604504076732457,30.82662773132324,30.604504076732457,30.826627731323242,900,0.0,0.0,0.0
2008-04-02 00:00:00-04:00,30.52815067480359,30.916868421048836,30.52815067480359,30.88216209411621,2600,0.0,0.0,0.0
2008-04-03 00:00:00-04:00,30.326858646115312,30.673927307128906,30.326858646115312,30.673927307128906,4900,0.0,0.0,0.0
2008-04-04 00:00:00-04:00,30.694745805054467,30.72945213317871,30.62533050088288,30.72945213317871,4600,0.0,0.0,0.0
2008-04-07 00:00:00-04:00,30.93768955861863,30.93768955861863,30.80580446618124,30.826627731323242,8500,0.0,0.0,0.0
2008-04-08 00:00:00-04:00,30.375442713312278,30.43097496032715,28.945521775681968,30.43097496032715,5900,0.0,0.0,0.0
2008-04-09 00:00:00-04:00,30.382388668271595,30.382388668271595,30.250503540039062,30.250503540039062,1200,0.0,0.0,0.0
2008-04-10 00:00:00-04:00,30.08390976976993,30.181088565136292,30.08390976976993,30.118616104125977,1400,0.0,0.0,0.0
2008-04-11 00:00:00-04:00,29.827083587646484,29.827083587646484,29.827083587646484,29.827083587646484,200,0.0,0.0,0.0
2008-04-14 00:00:00-04:00,29.847900183269015,29.847900183269015,29.78542772813129,29.792367935180664,900,0.0,0.0,0.0
2008-04-15 00:00:00-04:00,29.861785452798806,29.931198120117188,29.861785452798806,29.931198120117188,600,0.0,0.0,0.0
2008-04-16 00:00:00-04:00,31.22229382527286,31.22229382527286,30.417094704735653,30.75722312927246,3900,0.0,0.0,0.0
2008-04-17 00:00:00-04:00,30.479567920458123,30.646162033081055,30.479567920458123,30.646162033081055,3200,0.0,0.0,0.0
2008-04-18 00:00:00-04:00,30.6878077030054,30.798869558955936,30.625335243538004,30.78498649597168,3900,0.0,0.0,0.0
2008-04-21 00:00:00-04:00,30.708643949149717,30.847469329833988,30.583698988194353,30.847469329833984,3600,0.0,0.0,0.0
2008-04-22 00:00:00-04:00,30.74334262808587,30.81969815717666,30.673927307128906,30.673927307128906,1000,0.0,0.0,0.0
2008-04-23 00:00:00-04:00,30.60450617721942,30.736391278708513,30.60450617721942,30.701684951782227,5000,0.0,0.0,0.0
2008-04-24 00:00:00-04:00,30.194970728178323,30.46568383517699,30.194970728178323,30.437917709350586,1800,0.0,0.0,0.0
2008-04-25 00:00:00-04:00,30.69475621797116,30.69475621797116,30.61145782470703,30.61145782470703,300,0.0,0.0,0.0
2008-04-28 00:00:00-04:00,30.88216114306578,30.937690734863285,30.88216114306578,30.93769073486328,1100,0.0,0.0,0.0
2008-04-29 00:00:00-04:00,30.694745910314534,30.729452238557794,30.632273460307424,30.722509384155273,4800,0.0,0.0,0.0
2008-04-30 00:00:00-04:00,30.993225519766277,31.111227566978204,30.993225519766277,31.03487205505371,2300,0.0,0.0,0.0
2008-05-01 00:00:00-04:00,30.94463886033192,31.187585830688477,30.94463886033192,31.187585830688477,900,0.0,0.0,0.0
2008-05-02 00:00:00-04:00,31.3194730853644,31.3194730853644,31.152881622314453,31.152881622314453,1900,0.0,0.0,0.0
2008-05-05 00:00:00-04:00,31.34724255190834,31.43053829230851,31.32641927878926,31.402774810791016,4500,0.0,0.0,0.0
2008-05-06 00:00:00-04:00,31.437476732143953,31.86090087890625,31.437476732143953,31.86090087890625,37400,0.0,0.0,0.0
2008-05-07 00:00:00-04:00,31.756777161760404,31.756777161760404,31.33335304260254,31.33335304260254,1700,0.0,0.0,0.0
2008-05-08 00:00:00-04:00,31.78454547691118,31.812311602555997,31.75677935126636,31.76371955871582,2000,0.0,0.0,0.0
2008-05-09 00:00:00-04:00,31.562417241747255,31.590180715487485,31.562417241747255,31.583240509033203,1800,0.0,0.0,0.0
2008-05-12 00:00:00-04:00,31.916427612304688,31.916427612304688,31.916427612304688,31.916427612304688,500,0.0,0.0,0.0
2008-05-13 00:00:00-04:00,31.617952128598496,31.673484381218806,31.493007208126347,31.652658462524414,5300,0.0,0.0,0.0
2008-05-14 00:00:00-04:00,31.78454951603701,31.78454951603701,31.72901725769043,31.72901725769043,200,0.0,0.0,0.0
2008-05-15 00:00:00-04:00,31.87477747118074,32.06219482421875,31.83313093578773,32.06219482421875,1500,0.0,0.0,0.0
2008-05-16 00:00:00-04:00,32.27738251730109,32.37456130981445,32.270442309803066,32.37456130981445,4100,0.0,0.0,0.0
2008-05-19 00:00:00-04:00,32.46480566278907,32.51339506767854,32.28432846069336,32.28432846069336,3800,0.0,0.0,0.0
2008-05-20 00:00:00-04:00,32.20796969233706,32.20796969233706,31.978903127175478,32.02749252319336,6000,0.0,0.0,0.0
2008-05-21 00:00:00-04:00,32.17326686295093,32.18020971966585,31.7845516204834,31.7845516204834,3800,0.0,0.0,0.0
2008-05-22 00:00:00-04:00,32.17325740671427,32.17325740671427,32.069138417908704,32.13161087036133,1500,0.0,0.0,0.0
2008-05-23 00:00:00-04:00,32.14549308865665,32.14549308865665,31.749835116141973,31.888660430908203,11100,0.0,0.0,0.0
2008-05-27 00:00:00-04:00,31.638778047292885,31.652658462524418,31.472183937355503,31.652658462524414,5400,0.0,0.0,0.0
2008-05-28 00:00:00-04:00,31.59712791442871,31.59712791442871,31.458299934946485,31.59712791442871,3700,0.0,0.0,0.0
2008-05-29 00:00:00-04:00,31.4930022536672,31.631830215454098,31.388883268269375,31.6318302154541,1500,0.0,0.0,0.0
2008-05-30 00:00:00-04:00,31.701247626584166,31.84701846467921,31.631834959242546,31.777603149414062,7700,0.0,0.0,0.0
2008-06-02 00:00:00-04:00,31.555480470890615,31.555480470890615,31.25006101748204,31.340299606323242,6500,0.0,0.0,0.0
2008-06-03 00:00:00-04:00,31.472184863043783,31.583246723627507,31.243118286132816,31.243118286132812,9800,0.0,0.0,0.0
2008-06-04 00:00:00-04:00,31.270878793738824,31.437472878638495,31.159816953113424,31.215349197387695,5000,0.0,0.0,0.0
2008-06-05 00:00:00-04:00,31.576307554592248,31.83313761915552,31.430536706342654,31.826194763183594,7400,0.0,0.0,0.0
2008-06-06 00:00:00-04:00,31.437478420736923,31.437478420736923,31.243118179436436,31.25006103515625,4700,0.0,0.0,0.0
2008-06-09 00:00:00-04:00,31.16675778220861,31.16675778220861,30.687801474199436,30.86133575439453,12200,0.0,0.0,0.0
2008-06-10 00:00:00-04:00,30.312974207257533,30.382389525066575,30.188031931048503,30.22273826599121,2700,0.0,0.0,0.0
2008-06-11 00:00:00-04:00,30.083906300812846,30.083906300812846,29.785427093505856,29.78542709350586,2300,0.0,0.0,0.0
2008-06-12 00:00:00-04:00,29.667420069529975,29.84789454588416,29.667420069529975,29.674360275268555,1600,0.0,0.0,0.0
2008-06-13 00:00:00-04:00,30.000613782022054,30.000613782022054,29.750723940110714,29.77849006652832,2300,0.0,0.0,0.0
2008-06-16 00:00:00-04:00,29.771545260908862,30.160263061523438,29.674366472736065,30.160263061523438,4200,0.0,0.0,0.0
2008-06-17 00:00:00-04:00,32.617519061791974,32.617519061791974,30.257450736208217,30.26439094543457,4600,0.0,0.0,0.0
2008-06-18 00:00:00-04:00,30.20885045477873,30.20885045477873,29.695187775414013,29.806249618530273,6100,0.0,0.0,0.0
2008-06-19 00:00:00-04:00,29.563310752634248,29.834023903801352,29.563310752634248,29.820140838623047,600,0.0,0.0,0.0
2008-06-20 00:00:00-04:00,29.466127410274638,29.466127410274638,29.188471445280115,29.37588882446289,3500,0.0,0.0,0.0
2008-06-23 00:00:00-04:00,29.148630142211914,29.176861907674276,29.07805342088535,29.148630142211914,2500,0.698,0.0,0.0
2008-06-24 00:00:00-04:00,28.767503915308616,30.277870772396167,28.767503915308616,29.049816131591797,55500,0.0,0.0,0.0
2008-06-25 00:00:00-04:00,29.289774538608626,29.52268247183561,29.289774538608626,29.296831130981445,3900,0.0,0.0,0.0
2008-06-26 00:00:00-04:00,29.04981474840784,29.04981474840784,28.60517397124814,28.753389358520508,6700,0.0,0.0,0.0
2008-06-27 00:00:00-04:00,29.0145288297081,29.0145288297081,28.732216603188252,28.809852600097656,3800,0.0,0.0,0.0
2008-06-30 00:00:00-04:00,28.802794011040113,28.87337071661732,28.802794011040113,28.859254837036133,7000,0.0,0.0,0.0
2008-07-01 00:00:00-04:00,28.266401421632995,28.33698081970215,27.906455914630918,28.33698081970215,14700,0.0,0.0,0.0
2008-07-02 00:00:00-04:00,28.294637637087053,28.294637637087053,27.871171951293945,27.871171951293945,25800,0.0,0.0,0.0
2008-07-03 00:00:00-04:00,27.79353178373573,27.79353178373573,27.687664031982422,27.687664031982422,700,0.0,0.0,0.0
2008-07-07 00:00:00-04:00,29.487400697042162,29.487400697042162,27.32066269354712,27.624147415161133,2800,0.0,0.0,0.0
2008-07-08 00:00:00-04:00,27.377134794812388,27.553579330444336,27.25009451377099,27.553579330444336,11500,0.0,0.0,0.0
2008-07-09 00:00:00-04:00,27.50416530436788,27.673550490691806,27.320661544799805,27.320661544799805,4000,0.0,0.0,0.0
2008-07-10 00:00:00-04:00,27.412414836670436,27.44064659995505,27.264202117919922,27.264202117919922,17800,0.0,0.0,0.0
2008-07-11 00:00:00-04:00,27.179500716302,27.250080108642578,27.017172152411465,27.250080108642578,2800,0.0,0.0,0.0
2008-07-14 00:00:00-04:00,27.299489947352075,27.38418254323716,27.0736412301058,27.179506301879883,10500,0.0,0.0,0.0
2008-07-15 00:00:00-04:00,26.918367385864258,26.918367385864258,26.918367385864258,26.918367385864258,300,0.0,0.0,0.0
2008-07-16 00:00:00-04:00,26.664291315035786,27.257144927978516,26.664291315035786,27.257144927978516,6200,0.0,0.0,0.0
2008-07-17 00:00:00-04:00,27.730013075835505,27.730013075835505,27.63120460510254,27.63120460510254,1500,0.0,0.0,0.0
2008-07-18 00:00:00-04:00,27.82175636291504,27.82175636291504,27.82175636291504,27.82175636291504,100,0.0,0.0,0.0
2008-07-21 00:00:00-04:00,28.153479527711667,28.153479527711667,28.111134577512942,28.132307052612305,1400,0.0,0.0,0.0
2008-07-22 00:00:00-04:00,28.061738888057725,28.061738888057725,27.927642004836542,28.019393920898438,2900,0.0,0.0,0.0
2008-07-23 00:00:00-04:00,28.3016956793401,28.435795217485513,28.3016956793401,28.329927444458008,3100,0.0,0.0,0.0
2008-07-24 00:00:00-04:00,28.146429987103016,28.146429987103016,27.793540954589844,27.793540954589844,5900,0.0,0.0,0.0
2008-07-25 00:00:00-04:00,27.65238068210754,27.722957401160325,27.61003303527832,27.61003303527832,500,0.0,0.0,0.0
2008-07-28 00:00:00-04:00,27.525336450069826,27.525336450069826,27.2359676361084,27.2359676361084,1300,0.0,0.0,0.0
2008-07-29 00:00:00-04:00,27.243018160308488,27.39123352357176,27.243018160308488,27.341829299926758,1100,0.0,0.0,0.0
2008-07-30 00:00:00-04:00,27.56768309283552,27.694723318007984,27.539451333390804,27.687664031982422,3200,0.0,0.0,0.0
2008-07-31 00:00:00-04:00,27.440643627719805,27.74412831933459,27.440643627719805,27.50416374206543,4700,0.0,0.0,0.0
2008-08-01 00:00:00-04:00,27.525337779576123,27.525337779576123,27.179505427977205,27.320661544799805,5500,0.0,0.0,0.0
2008-08-04 00:00:00-04:00,27.144208798594192,27.144208798594192,27.04540035463281,27.101863861083984,1700,0.0,0.0,0.0
2008-08-05 00:00:00-04:00,27.264203633100607,27.461820602416992,27.20774010339348,27.461820602416992,6500,0.0,0.0,0.0
2008-08-06 00:00:00-04:00,27.553566532649267,27.75824274507563,27.553566532649267,27.730010986328125,21100,0.0,0.0,0.0
2008-08-07 00:00:00-04:00,27.454758729400922,27.454758729400922,27.200678279222434,27.214794158935547,2800,0.0,0.0,0.0
2008-08-08 00:00:00-04:00,26.932487815716538,27.327724456787113,26.890140167353113,27.32772445678711,1900,0.0,0.0,0.0
2008-08-11 00:00:00-04:00,27.36301059708693,27.475934957896246,27.257142830934203,27.264202117919922,5700,0.0,0.0,0.0
2008-08-12 00:00:00-04:00,27.115989078623617,27.115989078623617,26.614887351972445,26.685466766357422,35200,0.0,0.0,0.0
2008-08-13 00:00:00-04:00,26.247883146128167,26.48079118106719,26.163190539027358,26.311403274536133,5800,0.0,0.0,0.0
2008-08-14 00:00:00-04:00,26.23376295806281,26.396094242501658,26.127897889641073,26.25493812561035,4200,0.0,0.0,0.0
2008-08-15 00:00:00-04:00,26.226707458496094,26.240823340007335,26.149071456348818,26.226707458496094,3500,0.0,0.0,0.0
2008-08-18 00:00:00-04:00,26.431385314746773,26.431385314746773,26.02909209028051,26.163188934326172,10000,0.0,0.0,0.0
2008-08-19 00:00:00-04:00,25.803238016012546,26.000854943665846,25.662081913833596,25.845582962036133,13000,0.0,0.0,0.0
2008-08-20 00:00:00-04:00,25.92322359195077,25.979687119858287,25.824415110441812,25.87381935119629,5100,0.0,0.0,0.0
2008-08-21 00:00:00-04:00,26.071434365952953,27.1018721346292,26.007914247968316,26.25493812561035,36900,0.0,0.0,0.0
2008-08-22 00:00:00-04:00,26.13495718856668,26.367865209389645,26.050264586598907,26.283172607421875,16900,0.0,0.0,0.0
2008-08-25 00:00:00-04:00,26.064376787855405,26.177301138640317,25.85264396667481,25.852643966674805,2900,0.0,0.0,0.0
2008-08-26 00:00:00-04:00,26.099669295138114,26.156132825678398,25.98674492638686,26.007917404174805,2200,0.0,0.0,0.0
2008-08-27 00:00:00-04:00,26.113782008719042,26.34669000543905,26.113782008719042,26.25493812561035,19700,0.0,0.0,0.0
2008-08-28 00:00:00-04:00,26.438440039802003,26.586652755737305,26.438440039802003,26.586652755737305,2300,0.0,0.0,0.0
2008-08-29 00:00:00-04:00,26.69252366572474,26.770159676267994,26.60783105982728,26.748987197875977,9400,0.0,0.0,0.0
2008-09-02 00:00:00-04:00,26.3608053033088,26.487845549443286,26.120840693091356,26.156131744384766,5500,0.0,0.0,0.0
2008-09-03 00:00:00-04:00,26.163186714581794,26.170246001333798,26.007914713986246,26.099666595458984,1600,0.0,0.0,0.0
2008-09-04 00:00:00-04:00,25.71148806636728,25.71148806636728,24.991594314575195,24.991594314575195,4900,0.0,0.0,0.0
2008-09-05 00:00:00-04:00,25.076291123792576,25.076291123792576,24.78692225557839,24.885730743408203,500,0.0,0.0,0.0
2008-09-08 00:00:00-04:00,25.499753091097624,25.51386897041136,25.06216890935797,25.351537704467773,8800,0.0,0.0,0.0
2008-09-09 00:00:00-04:00,24.99865212950285,24.99865212950285,24.441089630126953,24.441089630126953,19400,0.0,0.0,0.0
2008-09-10 00:00:00-04:00,24.391687498112915,24.652824591936746,24.391687498112915,24.64576530456543,10100,0.0,0.0,0.0
2008-09-11 00:00:00-04:00,23.890582483335915,24.243471457638243,23.855294124371525,24.215242385864258,6600,0.0,0.0,0.0
2008-09-12 00:00:00-04:00,24.342278223376812,24.779859718409266,24.342278223376812,24.68105125427246,13300,0.0,0.0,0.0
2008-09-15 00:00:00-04:00,23.939985367554968,24.77280351509489,23.523578986114064,23.798831939697266,45700,0.0,0.0,0.0
2008-09-16 00:00:00-04:00,23.36830864643522,23.7917743447798,23.241268398465998,23.777658462524414,10700,0.0,0.0,0.0
2008-09-17 00:00:00-04:00,23.29067522225538,23.551812342107183,22.881322668455134,23.2200984954834,19400,0.0,0.0,0.0
2008-09-18 00:00:00-04:00,23.572988067344802,24.264650236798325,23.036595238900286,24.19407081604004,9600,0.0,0.0,0.0
2008-09-19 00:00:00-04:00,24.906900861885884,25.139806151339048,24.659877000087217,25.132749557495117,11000,0.0,0.0,0.0
2008-09-22 00:00:00-04:00,24.801040468985423,24.8080997572534,24.356399539639455,24.476383209228516,14600,0.0,0.0,0.0
2008-09-23 00:00:00-04:00,24.208183058042902,24.391686832076477,23.791773961371884,23.883525848388672,31000,0.0,0.0,0.0
2008-09-24 00:00:00-04:00,24.10937781131976,24.37051493305398,23.855297285381788,23.96822166442871,45300,0.0,0.0,0.0
2008-09-25 00:00:00-04:00,24.074086354039107,24.434031924643385,24.045854589822905,24.16583824157715,40700,0.0,0.0,0.0
2008-09-26 00:00:00-04:00,23.587096761911276,23.587096761911276,23.48123168945313,23.481231689453125,3000,0.0,0.0,0.0
2008-09-29 00:00:00-04:00,22.58489260589667,23.19186202545278,20.686349694287422,21.6744384765625,16100,0.0,0.0,0.0
2008-09-30 00:00:00-04:00,21.977926372034545,22.387277556005177,21.956753893692856,22.260238647460938,15300,0.0,0.0,0.0
2008-10-01 00:00:00-04:00,21.921461012436225,22.112021366910678,21.80147871660022,21.97086524963379,4600,0.0,0.0,0.0
2008-10-02 00:00:00-04:00,21.385070741721588,21.561515224231385,21.258031845092773,21.258031845092773,3200,0.0,0.0,0.0
2008-10-03 00:00:00-04:00,21.138046052548265,21.49799155280451,20.87690766924395,20.940427780151367,6700,0.0,0.0,0.0
2008-10-06 00:00:00-04:00,19.86058963296686,19.88882139506575,18.886616725351722,19.288909912109375,12900,0.0,0.0,0.0
2008-10-07 00:00:00-04:00,19.53593460259318,19.53593460259318,18.053800582885742,18.053800582885742,33000,0.0,0.0,0.0
2008-10-08 00:00:00-04:00,17.764429874951357,18.20201276718766,16.95278555561571,17.969104766845703,5800,0.0,0.0,0.0
2008-10-09 00:00:00-04:00,18.378459426301067,19.6629751471612,17.362138748168945,17.362138748168945,13400,0.0,0.0,0.0
2008-10-10 00:00:00-04:00,16.416396531861817,16.81868977868886,16.204662322998047,16.204662322998047,3300,0.0,0.0,0.0
2008-10-13 00:00:00-04:00,17.51740641916736,18.456090927124023,17.51740641916736,18.456090927124023,4800,0.0,0.0,0.0
2008-10-14 00:00:00-04:00,20.34051760455297,20.34051760455297,18.286704150274463,18.427860260009766,17900,0.0,0.0,0.0
2008-10-15 00:00:00-04:00,17.390367663484756,17.460945725308,17.100998821557567,17.376253128051758,5000,0.0,0.0,0.0
2008-10-16 00:00:00-04:00,17.079829060524155,17.425660137654155,16.42345526970332,17.319793701171875,4000,0.0,0.0,0.0
2008-10-17 00:00:00-04:00,16.853973807854253,17.249210357666016,16.853973807854253,17.249210357666016,800,0.0,0.0,0.0
2008-10-20 00:00:00-04:00,17.143343922408867,17.510347366333008,17.143343922408867,17.510347366333008,900,0.0,0.0,0.0
2008-10-21 00:00:00-04:00,17.157463731320615,17.26333016781522,16.832806479915185,16.98807716369629,3500,0.0,0.0,0.0
2008-10-22 00:00:00-04:00,16.43051245823706,16.43051245823706,15.51300024307676,15.802369117736816,32100,0.0,0.0,0.0
2008-10-23 00:00:00-04:00,16.0140977443434,16.056444032998947,15.484764424574204,15.548284530639648,2000,0.0,0.0,0.0
2008-10-24 00:00:00-04:00,14.990722759570858,16.42345241226234,14.927202639500107,15.343611717224121,20800,0.0,0.0,0.0
2008-10-27 00:00:00-04:00,14.574312503981604,15.026011248664327,14.299059570030074,14.531966209411621,18100,0.0,0.0,0.0
2008-10-28 00:00:00-04:00,14.849568970749763,15.484768867492676,14.659008597877499,15.484768867492676,22600,0.0,0.0,0.0
2008-10-29 00:00:00-04:00,15.992926807564887,16.296411514282227,15.971752986341182,16.296411514282227,800,0.0,0.0,0.0
2008-10-30 00:00:00-04:00,15.992926993314128,16.93866948032546,15.992926993314128,16.494029998779297,7700,0.0,0.0,0.0
2008-10-31 00:00:00-04:00,16.465800042676317,16.846920793941326,16.282297608307758,16.54343605041504,5400,0.0,0.0,0.0
2008-11-03 00:00:00-05:00,16.931613308843907,16.938671250071195,16.80457305908203,16.80457305908203,2700,0.0,0.0,0.0
2008-11-04 00:00:00-05:00,17.71502495938217,18.350224778640687,17.71502495938217,18.011451721191406,15100,0.0,0.0,0.0
2008-11-05 00:00:00-05:00,17.905589821854168,18.01851420279822,17.545642852783203,17.545642852783203,3200,0.0,0.0,0.0
2008-11-06 00:00:00-05:00,17.08688598018713,17.08688598018713,16.444628061032933,16.508148193359375,3400,0.0,0.0,0.0
2008-11-07 00:00:00-05:00,16.93867463280547,17.07983079321148,16.846924070857003,16.875154495239258,5000,0.0,0.0,0.0
2008-11-10 00:00:00-05:00,17.220981535080206,17.312733421496343,16.677532196044922,16.677532196044922,2700,0.0,0.0,0.0
2008-11-11 00:00:00-05:00,16.578724550709012,16.656360559103984,16.254067326811242,16.409337997436523,3900,0.0,0.0,0.0
2008-11-12 00:00:00-05:00,16.141143583577005,16.141143583577005,15.654156382690564,15.802369117736816,2400,0.0,0.0,0.0
2008-11-13 00:00:00-05:00,15.59769278615563,16.46579933166504,15.569461022318936,16.46579933166504,6600,0.0,0.0,0.0
2008-11-14 00:00:00-05:00,15.802363608737174,16.077617850408842,15.03306574297947,15.548284530639648,13700,0.0,0.0,0.0
2008-11-17 00:00:00-05:00,15.534174167544732,15.64004059985203,15.435365676879883,15.435365676879883,4000,0.0,0.0,0.0
2008-11-18 00:00:00-05:00,15.244806185728057,15.32949879807852,14.983667714290398,15.294210433959961,3900,0.0,0.0,0.0
2008-11-19 00:00:00-05:00,15.195403564889348,15.195403564889348,14.390815584401608,14.419047355651855,4600,0.0,0.0,0.0
2008-11-20 00:00:00-05:00,14.320237109917667,14.362583415486625,13.339204716722538,14.179080963134766,14300,0.0,0.0,0.0
2008-11-21 00:00:00-05:00,14.306116995661785,14.510791867193005,13.847361673519304,14.461387634277344,10900,0.0,0.0,0.0
2008-11-24 00:00:00-05:00,14.821336625937832,15.230687774140959,14.821336625937832,15.061301231384277,1200,0.0,0.0,0.0
2008-11-25 00:00:00-05:00,15.541236364635381,15.541236364635381,14.948382565983643,15.202463150024414,18800,0.0,0.0,0.0
2008-11-26 00:00:00-05:00,14.884854775295429,15.301263809204102,14.884854775295429,15.301263809204102,6400,0.0,0.0,0.0
2008-11-28 00:00:00-05:00,15.477709583415253,15.597691880424849,15.463593702316592,15.576518058776855,700,0.0,0.0,0.0
2008-12-01 00:00:00-05:00,14.9695497014539,15.153052130338272,14.419043760965396,14.637834548950195,7400,0.0,0.0,0.0
2008-12-02 00:00:00-05:00,14.842511383914784,15.145994784125392,14.644893065163183,14.955435752868652,5200,0.0,0.0,0.0
2008-12-03 00:00:00-05:00,14.913087598506516,15.49888324737549,14.856625415946782,15.498883247375488,7200,0.0,0.0,0.0
2008-12-04 00:00:00-05:00,14.962493115419008,15.548288761519176,14.736643040082951,14.743700981140137,18100,0.0,0.0,0.0
2008-12-05 00:00:00-05:00,14.736643610126453,15.096590540978656,14.616661299842384,14.955435752868652,14700,0.0,0.0,0.0
2008-12-08 00:00:00-05:00,15.37184604526123,15.625925221780626,15.37184604526123,15.611810684204102,1600,0.0,0.0,0.0
2008-12-09 00:00:00-05:00,15.32949774239162,15.689444685504846,15.322439800821003,15.449480056762695,9200,0.0,0.0,0.0
2008-12-10 00:00:00-05:00,15.583576620025433,15.809425341941596,15.583576620025433,15.703558921813965,2300,0.0,0.0,0.0
2008-12-11 00:00:00-05:00,15.80942440032959,16.614012106940248,15.73884634239329,15.80942440032959,29000,0.0,0.0,0.0
2008-12-12 00:00:00-05:00,15.731790909330002,15.95763963446474,15.67532738188173,15.92234992980957,1300,0.0,0.0,0.0
2008-12-15 00:00:00-05:00,16.190544153503126,16.23994838730428,16.00704175212425,16.105850219726562,2800,0.0,0.0,0.0
2008-12-16 00:00:00-05:00,16.05644620571436,16.621067951405575,15.717673158299627,16.599895477294922,7200,0.0,0.0,0.0
2008-12-17 00:00:00-05:00,16.698707680740416,16.931614371195735,16.698707680740416,16.86103630065918,7700,0.0,0.0,0.0
2008-12-18 00:00:00-05:00,16.656361528654404,16.69164989116186,16.3034725189209,16.3034725189209,4500,0.0,0.0,0.0
2008-12-19 00:00:00-05:00,16.239951434809203,16.239951434809203,16.190547191737103,16.19760513305664,2200,0.0,0.0,0.0
2008-12-22 00:00:00-05:00,15.951754901503362,16.587823553845308,15.830258504220403,15.994635581970215,9300,0.286,0.0,0.0
2008-12-23 00:00:00-05:00,16.058952138161576,16.537790566579968,15.81595942146258,15.837400436401367,14800,0.0,0.0,0.0
2008-12-24 00:00:00-05:00,16.00178076154064,16.76649273109114,15.987488111785677,16.201892852783203,4700,0.0,0.0,0.0
2008-12-26 00:00:00-05:00,16.366267477705176,16.394855499267578,16.159009773985325,16.394855499267578,6200,0.0,0.0,0.0
2008-12-29 00:00:00-05:00,16.309094532008743,16.45917893486725,16.287654876708984,16.287654876708984,5100,0.0,0.0,0.0
2008-12-30 00:00:00-05:00,16.6449969880748,16.75934636006179,16.473471566942276,16.573528289794922,11500,0.0,0.0,0.0
2008-12-31 00:00:00-05:00,16.752198997986394,16.873695373535156,16.63784962842897,16.873695373535156,7900,0.0,0.0,0.0
2009-01-02 00:00:00-05:00,16.945165258366014,17.16671838799801,16.945165258366014,17.130983352661133,1200,0.0,0.0,0.0
2009-01-05 00:00:00-05:00,16.966604412699027,17.03092610607575,16.845108032226562,16.845108032226562,1900,0.0,0.0,0.0
2009-01-06 00:00:00-05:00,17.102394787789223,17.102394787789223,16.80222734006349,17.073806762695312,15100,0.0,0.0,0.0
2009-01-07 00:00:00-05:00,17.009487547061926,17.009487547061926,16.695027404135672,16.766494750976562,3800,0.0,0.0,0.0
2009-01-08 00:00:00-05:00,16.766494750976562,16.766494750976562,16.766494750976562,16.766494750976562,0,0.0,0.0,0.0
2009-01-09 00:00:00-05:00,16.773639513018,16.86654923251814,16.609262456243393,16.72361183166504,2200,0.0,0.0,0.0
2009-01-12 00:00:00-05:00,16.40200266864663,16.409148310956777,16.216184616088867,16.216184616088867,2000,0.0,0.0,0.0
2009-01-13 00:00:00-05:00,15.987487958715159,16.03751564025879,15.923166264401322,16.03751564025879,1000,0.0,0.0,0.0
2009-01-14 00:00:00-05:00,15.494356163437969,15.572971874277039,15.43718147277832,15.43718147277832,2200,0.0,0.0,0.0
2009-01-15 00:00:00-05:00,15.487208786357481,15.737348563193766,15.358565394661557,15.680173873901367,2900,0.0,0.0,0.0
2009-01-16 00:00:00-05:00,15.701607383011567,16.08039040324479,15.701607383011567,15.773076057434082,2400,0.0,0.0,0.0
2009-01-20 00:00:00-05:00,15.094133074966752,15.094133074966752,14.493798151560839,14.515237808227539,5900,0.0,0.0,0.0
2009-01-21 00:00:00-05:00,14.979779003682685,15.415736767724153,14.965486356798305,14.972633361816406,2300,0.0,0.0,0.0
2009-01-22 00:00:00-05:00,14.901166742899676,15.437179925283463,14.843992057971485,14.96548843383789,5100,0.0,0.0,0.0
2009-01-23 00:00:00-05:00,14.422327220560772,14.701053619384766,14.422327220560772,14.701053619384766,1000,0.0,0.0,0.0
2009-01-26 00:00:00-05:00,14.822551044554517,14.965488438495484,14.822551044554517,14.851139068603516,4900,0.0,0.0,0.0
2009-01-27 00:00:00-05:00,15.101281022319418,15.372861862182617,15.101281022319418,15.372861862182617,500,0.0,0.0,0.0
2009-01-28 00:00:00-05:00,15.401443424562808,15.615849494934082,15.401443424562808,15.615849494934082,600,0.0,0.0,0.0
2009-01-29 00:00:00-05:00,15.730206270269786,15.730206270269786,15.194192886352537,15.194192886352539,700,0.0,0.0,0.0
2009-01-30 00:00:00-05:00,15.15845325004217,15.265656984866231,15.036958228458845,15.244215965270996,2500,0.0,0.0,0.0
2009-02-02 00:00:00-05:00,14.69391117564545,14.965492016432194,14.69391117564545,14.822554588317871,1600,0.0,0.0,0.0
2009-02-03 00:00:00-05:00,14.82969854567154,15.05839729309082,14.322273370229022,15.05839729309082,2600,0.0,0.0,0.0
2009-02-04 00:00:00-05:00,14.6939058303833,14.6939058303833,14.6939058303833,14.6939058303833,1200,0.0,0.0,0.0
2009-02-05 00:00:00-05:00,15.165598629582215,15.272802352905275,15.165598629582215,15.272802352905273,900,0.0,0.0,0.0
2009-02-06 00:00:00-05:00,15.508652062939795,15.680176155778241,15.508652062939795,15.551532745361328,1400,0.0,0.0,0.0
2009-02-09 00:00:00-05:00,15.858838081359863,15.858838081359863,15.858838081359863,15.858838081359863,100,0.0,0.0,0.0
2009-02-10 00:00:00-05:00,15.12986530191098,15.258508682250977,15.122718295986314,15.258508682250977,800,0.0,0.0,0.0
2009-02-11 00:00:00-05:00,15.40144667247263,15.40144667247263,15.015517845461362,15.02981185913086,2700,0.0,0.0,0.0
2009-02-12 00:00:00-05:00,15.079837186147936,15.079837186147936,15.008368492126465,15.008368492126465,3000,0.0,0.0,0.0
2009-02-13 00:00:00-05:00,15.522939133986632,15.522939133986632,15.079835727585209,15.144157409667969,900,0.0,0.0,0.0
2009-02-17 00:00:00-05:00,14.651029426757253,14.651029426757253,14.508092009040189,14.601001739501953,1600,0.0,0.0,0.0
2009-02-18 00:00:00-05:00,14.343712023939956,14.522383078275336,14.22221565246582,14.22221565246582,1200,0.0,0.0,0.0
2009-02-19 00:00:00-05:00,14.636731646384744,14.636731646384744,14.229361882803573,14.386591911315918,2500,0.0,0.0,0.0
2009-02-20 00:00:00-05:00,13.972078133066415,14.293686627444796,13.800554057115338,14.093574523925781,3300,0.0,0.0,0.0
2009-02-23 00:00:00-05:00,14.043547343777702,14.043547343777702,13.771967887878418,13.771967887878418,3900,0.0,0.0,0.0
2009-02-24 00:00:00-05:00,13.579000389921209,15.337122943987525,13.579000389921209,14.193629264831543,6100,0.0,0.0,0.0
2009-02-25 00:00:00-05:00,13.907752900093987,13.907752900093987,13.643320528046347,13.664761543273926,4600,0.0,0.0,0.0
2009-02-26 00:00:00-05:00,14.036397316454298,14.036397316454298,13.671908209196937,13.73622989654541,2900,0.0,0.0,0.0
2009-02-27 00:00:00-05:00,13.800551754718215,13.93634213670714,13.58614703633735,13.614733695983887,900,0.0,0.0,0.0
2009-03-02 00:00:00-05:00,13.514678873332096,13.514678873332096,12.964371681213379,12.964371681213379,9900,0.0,0.0,0.0
2009-03-03 00:00:00-05:00,12.63561861610848,13.121604157212978,12.37833183242913,12.942933082580566,15700,0.0,0.0,0.0
2009-03-04 00:00:00-05:00,13.32885886421903,13.75052261352539,13.32885886421903,13.75052261352539,3800,0.0,0.0,0.0
2009-03-05 00:00:00-05:00,13.093016124171513,13.31456787491826,12.921492056191568,13.000107765197754,26600,0.0,0.0,0.0
2009-03-06 00:00:00-05:00,13.157335152197282,13.157335152197282,12.785699065353185,12.835726737976074,2200,0.0,0.0,0.0
2009-03-09 00:00:00-04:00,12.578444019605682,12.728527069091795,12.578444019605682,12.728527069091797,1700,0.0,0.0,0.0
2009-03-10 00:00:00-04:00,12.957224503453734,13.31456661882165,12.957224503453734,13.028693199157715,4700,0.0,0.0,0.0
2009-03-11 00:00:00-04:00,13.314565310250078,13.314565310250078,12.37832944168309,13.214509963989258,16200,0.0,0.0,0.0
2009-03-12 00:00:00-04:00,13.22165960363022,13.679057121276855,13.114457230825806,13.679057121276855,5100,0.0,0.0,0.0
2009-03-13 00:00:00-04:00,13.786259886820654,13.914901907239582,13.707644182826838,13.850580215454102,7400,0.0,0.0,0.0
2009-03-16 00:00:00-04:00,13.872020040786012,14.19362847205539,13.850579024317414,13.90060806274414,3400,0.0,0.0,0.0
2009-03-17 00:00:00-04:00,14.057839054367346,14.093572721104106,14.014958381652834,14.014958381652832,1900,0.0,0.0,0.0
2009-03-18 00:00:00-04:00,13.907754378313,14.558118277823388,13.907754378313,14.443767547607422,2200,0.0,0.0,0.0
2009-03-19 00:00:00-04:00,14.65817216792987,14.815402191137546,14.65817216792987,14.6939058303833,2500,0.0,0.0,0.0
2009-03-20 00:00:00-04:00,14.508091285442717,14.508091285442717,14.250805854797363,14.250805854797363,5400,0.0,0.0,0.0
2009-03-23 00:00:00-04:00,14.93689840658751,14.986926078796387,14.843990067221286,14.986926078796387,2200,0.0,0.0,0.0
2009-03-24 00:00:00-04:00,15.008367531069007,15.044101194215566,14.894018173217775,14.894018173217773,800,0.0,0.0,0.0
2009-03-25 00:00:00-04:00,15.137010620490683,15.15130463074664,14.865429878234863,14.865429878234863,1400,0.0,0.0,0.0
2009-03-26 00:00:00-04:00,15.108424788103124,15.294242858886717,15.108424788103124,15.294242858886719,1300,0.0,0.0,0.0
2009-03-27 00:00:00-04:00,14.801111473614878,14.95834289495278,14.801111473614878,14.944048881530762,700,0.0,0.0,0.0
2009-03-30 00:00:00-04:00,14.472355227830928,14.472355227830928,14.20077582828071,14.229362487792969,3200,0.0,0.0,0.0
2009-03-31 00:00:00-04:00,14.779670449811798,14.793964461911907,14.636733055114746,14.636733055114746,1800,0.0,0.0,0.0
2009-04-01 00:00:00-04:00,14.829694946035124,15.194183997443591,14.829694946035124,14.994071960449219,2300,0.0,0.0,0.0
2009-04-02 00:00:00-04:00,15.687321814398556,15.79452419281006,15.687321814398556,15.794524192810059,500,0.0,0.0,0.0
2009-04-03 00:00:00-04:00,15.837405511490255,15.994635581970215,15.837405511490255,15.994635581970215,4300,0.0,0.0,0.0
2009-04-06 00:00:00-04:00,15.844549007595878,15.858843018968017,15.5872622555052,15.622997283935547,1000,0.0,0.0,0.0
2009-04-07 00:00:00-04:00,15.644437006603724,15.644437006603724,15.508647987427434,15.58011531829834,2300,0.0,0.0,0.0
2009-04-08 00:00:00-04:00,15.544380187988283,15.544380187988283,15.544380187988283,15.544380187988281,200,0.0,0.0,0.0
2009-04-09 00:00:00-04:00,15.765932083129883,15.765932083129883,15.765932083129883,15.765932083129883,700,0.0,0.0,0.0
2009-04-13 00:00:00-04:00,15.851697721225413,16.144718170166016,15.194188121935065,16.144718170166016,2700,0.0,0.0,0.0
2009-04-14 00:00:00-04:00,16.087539870197567,16.359119238803288,16.087539870197567,16.309091567993164,2800,0.0,0.0,0.0
2009-04-15 00:00:00-04:00,16.00892708944377,16.359122211910897,16.00892708944377,16.287654876708984,1700,0.0,0.0,0.0
2009-04-16 00:00:00-04:00,16.266212637092792,16.494911364134555,16.266212637092792,16.487764358520508,1300,0.0,0.0,0.0
2009-04-17 00:00:00-04:00,16.4234437234558,16.466325759887695,16.4234437234558,16.466325759887695,700,0.0,0.0,0.0
2009-04-20 00:00:00-04:00,16.552087831617392,16.552087831617392,15.851697563702384,16.03751564025879,6600,0.0,0.0,0.0
2009-04-21 00:00:00-04:00,16.187599345832673,16.237627029418945,16.180452339155757,16.237627029418945,2100,0.0,0.0,0.0
2009-04-22 00:00:00-04:00,16.45918083190918,16.45918083190918,16.45918083190918,16.45918083190918,100,0.0,0.0,0.0
2009-04-23 00:00:00-04:00,16.44488525390625,16.44488525390625,16.44488525390625,16.44488525390625,2200,0.0,0.0,0.0
2009-04-24 00:00:00-04:00,16.50920624688887,16.873695373535156,16.50920624688887,16.873695373535156,1300,0.0,0.0,0.0
2009-04-27 00:00:00-04:00,16.830812449083155,16.830812449083155,16.48061735290646,16.487764358520508,4600,0.0,0.0,0.0
2009-04-28 00:00:00-04:00,16.45918183737578,16.530649185180664,16.45918183737578,16.530649185180664,300,0.0,0.0,0.0
2009-04-29 00:00:00-04:00,16.845108193198847,16.959457568483064,16.695025149320347,16.95231056213379,7100,0.0,0.0,0.0
2009-04-30 00:00:00-04:00,17.066655245999982,17.066655245999982,16.988040924072266,16.988040924072266,300,0.0,0.0,0.0
2009-05-01 00:00:00-04:00,17.09524968047647,17.18101240213276,16.973753286635517,17.130983352661133,2800,0.0,0.0,0.0
2009-05-04 00:00:00-04:00,17.359678489395883,17.867103576660156,17.359678489395883,17.867103576660156,6900,0.0,0.0,0.0
2009-05-05 00:00:00-04:00,17.867103576660156,17.96715892048087,17.867103576660156,17.867103576660156,1600,0.0,0.0,0.0
2009-05-06 00:00:00-04:00,18.052922699002576,18.288768425818148,17.53835057590094,18.245887756347656,4100,0.0,0.0,0.0
2009-05-07 00:00:00-04:00,18.57464108674991,18.57464108674991,18.08150863647461,18.08150863647461,800,0.0,0.0,0.0
2009-05-08 00:00:00-04:00,18.51747146314547,18.62467384338379,18.51747146314547,18.62467384338379,400,0.0,0.0,0.0
2009-05-11 00:00:00-04:00,18.48173540770868,18.48173540770868,18.18871497003559,18.360239028930664,4500,0.0,0.0,0.0
2009-05-12 00:00:00-04:00,18.488883080007085,18.56035041809082,18.21015528150255,18.56035041809082,1800,0.0,0.0,0.0
2009-05-13 00:00:00-04:00,18.11010033453757,18.11010033453757,17.45973772830988,17.859960556030273,7800,0.0,0.0,0.0
2009-05-14 00:00:00-04:00,18.00289724820058,18.174421310424805,18.00289724820058,18.174421310424805,400,0.0,0.0,0.0
2009-05-15 00:00:00-04:00,18.22445109927387,18.260184771854693,18.052927017211914,18.052927017211914,1500,0.0,0.0,0.0
2009-05-18 00:00:00-04:00,18.45314615134699,18.538908856646405,18.224447421417825,18.503173828125,3700,0.0,0.0,0.0
2009-05-19 00:00:00-04:00,18.796197196400815,18.903400935639254,18.688994820314548,18.881959915161133,4700,0.0,0.0,0.0
2009-05-20 00:00:00-04:00,19.089213812089497,19.089213812089497,19.05348014831543,19.05348014831543,300,0.0,0.0,0.0
2009-05-21 00:00:00-04:00,18.717580446599786,19.01774787902832,18.717580446599786,19.01774787902832,1600,0.0,0.0,0.0
2009-05-22 00:00:00-04:00,19.01774787902832,19.01774787902832,19.01774787902832,19.01774787902832,0,0.0,0.0,0.0
2009-05-26 00:00:00-04:00,18.71757624887007,19.375085650391654,18.71757624887007,19.325057983398438,3100,0.0,0.0,0.0
2009-05-27 00:00:00-04:00,19.425119963768307,19.425119963768307,19.032042771332673,19.060630798339844,1900,0.0,0.0,0.0
2009-05-28 00:00:00-04:00,19.060628381426362,19.060628381426362,18.96772003173828,18.96772003173828,400,0.0,0.0,0.0
2009-05-29 00:00:00-04:00,19.689553747389493,19.689553747389493,19.367946600428112,19.482295989990234,700,0.0,0.0,0.0
2009-06-01 00:00:00-04:00,20.29703317363485,20.29703317363485,19.725286297874124,19.90395736694336,13200,0.0,0.0,0.0
2009-06-02 00:00:00-04:00,20.36849834796386,20.389939363275328,20.182680304720005,20.232707977294922,1900,0.0,0.0,0.0
2009-06-03 00:00:00-04:00,19.896808624298068,20.182682037231555,19.896808624298068,19.953983306884766,2300,0.0,0.0,0.0
2009-06-04 00:00:00-04:00,19.90395962940238,19.95398731632402,19.768169219792046,19.832490921020508,28300,0.0,0.0,0.0
2009-06-05 00:00:00-04:00,20.211270763362368,20.211270763362368,19.49658652458487,19.582347869873047,13900,0.0,0.0,0.0
2009-06-08 00:00:00-04:00,19.43941116336128,19.546613522816003,19.296473775320347,19.496585845947266,4400,0.0,0.0,0.0
2009-06-09 00:00:00-04:00,19.568050091229196,19.86821746826172,19.568050091229196,19.86821746826172,5600,0.0,0.0,0.0
2009-06-10 00:00:00-04:00,19.703843729530774,19.725284746867914,19.625228029113224,19.718137741088867,20400,0.0,0.0,0.0
2009-06-11 00:00:00-04:00,19.896804853040027,20.239852883538582,19.896804853040027,20.125503540039062,24000,0.0,0.0,0.0
2009-06-12 00:00:00-04:00,19.839635677983367,19.846782684326172,19.839635677983367,19.846782684326172,1200,0.0,0.0,0.0
2009-06-15 00:00:00-04:00,19.846779693829617,19.846779693829617,19.267884535658602,19.41082191467285,14600,0.0,0.0,0.0
2009-06-16 00:00:00-04:00,19.346495859054,19.432258539714677,17.938568855440508,19.20355987548828,14100,0.0,0.0,0.0
2009-06-17 00:00:00-04:00,19.425123598129613,19.425123598129613,18.94628496138803,19.296480178833008,33200,0.0,0.0,0.0
2009-06-18 00:00:00-04:00,19.10350524279289,19.217854587208464,18.946275235009406,19.139240264892578,29300,0.0,0.0,0.0
2009-06-19 00:00:00-04:00,19.1392445967836,19.225005942930263,17.92428083343903,19.003454208374023,40600,0.0,0.0,0.0
2009-06-22 00:00:00-04:00,18.609094562606277,18.717834612364303,18.55109977722168,18.55109977722168,700,0.376,0.0,0.0
2009-06-23 00:00:00-04:00,18.03639418901975,18.906317320754837,18.03639418901975,18.862821578979492,400,0.0,0.0,0.0
2009-06-24 00:00:00-04:00,19.000554968947817,19.000554968947817,18.94256019592285,18.94256019592285,400,0.0,0.0,0.0
2009-06-25 00:00:00-04:00,19.07305269743072,19.145546524274174,19.07305269743072,19.10205078125,900,0.0,0.0,0.0
2009-06-26 00:00:00-04:00,19.56600670756862,19.645750045776367,19.50076240952675,19.645750045776367,5900,0.0,0.0,0.0
2009-06-29 00:00:00-04:00,19.450017397319467,19.754490331125737,19.450017397319467,19.59500503540039,3300,0.0,0.0,0.0
2009-06-30 00:00:00-04:00,19.623998787058067,19.739988327026367,19.623998787058067,19.739988327026367,3900,0.0,0.0,0.0
2009-07-01 00:00:00-04:00,19.877723693847656,19.877723693847656,19.877723693847656,19.877723693847656,200,0.0,0.0,0.0
2009-07-02 00:00:00-04:00,19.290531113332815,19.515260696411133,19.290531113332815,19.515260696411133,2500,0.0,0.0,0.0
2009-07-06 00:00:00-04:00,19.210780627053346,19.35576820373535,19.145536355816844,19.35576820373535,1700,0.0,0.0,0.0
2009-07-07 00:00:00-04:00,19.087549148056617,19.11654722793918,18.420608520507812,18.420608520507812,11300,0.0,0.0,0.0
2009-07-08 00:00:00-04:00,18.906314738997207,19.073049545288086,18.137883619944205,19.073049545288086,13100,0.0,0.0,0.0
2009-07-09 00:00:00-04:00,18.95705729924165,19.007802547619086,18.768573960479525,18.986055374145508,2000,0.0,0.0,0.0
2009-07-10 00:00:00-04:00,18.84832000732422,18.84832000732422,18.84832000732422,18.84832000732422,100,0.0,0.0,0.0
2009-07-13 00:00:00-04:00,18.652583266025598,18.652583266025598,18.56559181213379,18.56559181213379,300,0.0,0.0,0.0
2009-07-14 00:00:00-04:00,19.015054635167647,19.145543224454617,18.870068389174513,18.957059860229492,3200,0.0,0.0,0.0
2009-07-15 00:00:00-04:00,19.334023145331745,19.79798126220703,19.326773626917536,19.79798126220703,8100,0.0,0.0,0.0
2009-07-16 00:00:00-04:00,19.5080091751859,19.87772635098628,19.5080091751859,19.68199348449707,1400,0.0,0.0,0.0
2009-07-17 00:00:00-04:00,19.68199348449707,19.68199348449707,19.68199348449707,19.68199348449707,0,0.0,0.0,0.0
2009-07-20 00:00:00-04:00,19.834231470166202,20.211196798492274,19.834231470166202,20.196699142456055,3600,0.0,0.0,0.0
2009-07-21 00:00:00-04:00,20.443178455506555,20.443178455506555,20.2256970099006,20.348936080932617,7600,0.0,0.0,0.0
2009-07-22 00:00:00-04:00,20.370684259406666,20.370684259406666,20.28369140625,20.28369140625,2600,0.0,0.0,0.0
2009-07-23 00:00:00-04:00,20.682405543013953,20.740400314331055,20.63165890824512,20.740400314331055,700,0.0,0.0,0.0
2009-07-24 00:00:00-04:00,20.718654384443596,20.776649163116524,20.711404864271408,20.769399642944336,1200,0.0,0.0,0.0
2009-07-27 00:00:00-04:00,20.515673295739184,20.928887676074297,20.066214077606137,20.812896728515625,4500,0.0,0.0,0.0
2009-07-28 00:00:00-04:00,20.39243507385254,20.39243507385254,20.39243507385254,20.39243507385254,100,0.0,0.0,0.0
2009-07-29 00:00:00-04:00,20.580914834562357,20.588164354230127,20.32718855971293,20.385183334350586,4700,0.0,0.0,0.0
2009-07-30 00:00:00-04:00,20.9071338455989,21.00862434359459,20.711400985717773,20.711400985717773,8800,0.0,0.0,0.0
2009-07-31 00:00:00-04:00,21.240604014420896,21.240604014420896,20.863638704351256,21.17535972595215,6500,0.0,0.0,0.0
2009-08-03 00:00:00-04:00,21.668318551606355,21.980040993228872,21.603074255327012,21.79880714416504,8600,0.0,0.0,0.0
2009-08-04 00:00:00-04:00,21.7698079171251,21.835052205821423,21.61032126355436,21.784305572509766,2800,0.0,0.0,0.0
2009-08-05 00:00:00-04:00,21.791555447188408,22.41500026814807,21.632070173719274,21.893047332763672,2100,0.0,0.0,0.0
2009-08-06 00:00:00-04:00,21.574076840575646,23.922867280359092,21.574076840575646,21.76980972290039,11000,0.0,0.0,0.0
2009-08-07 00:00:00-04:00,21.74080923083539,21.74080923083539,21.545076370239258,21.545076370239258,2700,0.0,0.0,0.0
2009-08-10 00:00:00-04:00,21.62481920135022,21.62481920135022,21.465333938598633,21.465333938598633,400,0.0,0.0,0.0
2009-08-11 00:00:00-04:00,21.494331526215227,21.59582340919908,21.385591506958008,21.385591506958008,900,0.0,0.0,0.0
2009-08-12 00:00:00-04:00,21.653819240515805,21.74806022644043,21.60307260518239,21.74806022644043,4200,0.0,0.0,0.0
2009-08-13 00:00:00-04:00,22.059783379025124,22.110528633344344,22.052533859450307,22.10327911376953,1500,0.0,0.0,0.0
2009-08-14 00:00:00-04:00,22.574487645526897,22.574487645526897,21.936545109490645,22.0090389251709,900,0.0,0.0,0.0
2009-08-17 00:00:00-04:00,21.87129578168317,21.87129578168317,21.233353392419392,21.26235008239746,1800,0.0,0.0,0.0
2009-08-18 00:00:00-04:00,21.697312289824573,21.697312289824573,21.537825649628555,21.617568969726562,7100,0.0,0.0,0.0
2009-08-19 00:00:00-04:00,21.762556311415487,21.90029301194164,21.320345371030893,21.711811065673828,900,0.0,0.0,0.0
2009-08-20 00:00:00-04:00,21.93654431166224,22.10327911376953,21.864050498618575,22.10327911376953,3500,0.0,0.0,0.0
2009-08-21 00:00:00-04:00,22.18302099174063,22.443996765798115,22.18302099174063,22.226516723632812,3200,0.0,0.0,0.0
2009-08-24 00:00:00-04:00,22.668726204653577,24.58980300920542,22.46574383145997,22.61798095703125,28100,0.0,0.0,0.0
2009-08-25 00:00:00-04:00,22.929702294466274,23.0601908660788,22.80646324157715,22.80646324157715,13500,0.0,0.0,0.0
2009-08-26 00:00:00-04:00,22.828212260014965,22.929702758789062,22.726721761240864,22.929702758789062,2200,0.0,0.0,0.0
2009-08-27 00:00:00-04:00,22.806469415783614,23.031200408935547,22.472999760455746,23.031200408935547,6400,0.0,0.0,0.0
2009-08-28 00:00:00-04:00,23.002198133674526,23.002198133674526,22.965951919555664,22.965951919555664,1000,0.0,0.0,0.0
2009-08-31 00:00:00-04:00,22.719469875037653,22.915202716024943,22.4802413080657,22.58173179626465,4400,0.0,0.0,0.0
2009-09-01 00:00:00-04:00,22.451243623239087,22.581732186150234,22.241013125096632,22.4222469329834,22400,0.0,0.0,0.0
2009-09-02 00:00:00-04:00,22.001787401095918,22.1975202707911,22.001787401095918,22.175771713256836,2100,0.0,0.0,0.0
2009-09-03 00:00:00-04:00,22.4584976886531,22.596235797692074,22.4005029136953,22.451248168945312,4000,0.0,0.0,0.0
2009-09-04 00:00:00-04:00,22.56723274433567,22.87170559142491,22.56723274433567,22.849958419799805,2400,0.0,0.0,0.0
2009-09-08 00:00:00-04:00,23.48789955227626,23.5531438252429,23.37191004093647,23.538644790649414,2900,0.0,0.0,0.0
2009-09-09 00:00:00-04:00,23.8503727009046,24.053353701886497,23.582144646282828,23.915616989135742,6800,0.0,0.0,0.0
2009-09-10 00:00:00-04:00,23.973612759353387,24.176593780517578,23.915619367053193,24.176593780517578,4200,0.0,0.0,0.0
2009-09-11 00:00:00-04:00,23.930116748400966,24.183845802006136,23.922868611056423,24.089603424072266,1000,0.0,0.0,0.0
2009-09-14 00:00:00-04:00,23.66189116287067,23.988112648011352,23.66189116287067,23.857624053955078,3800,0.0,0.0,0.0
2009-09-15 00:00:00-04:00,23.872125531508253,24.162100829111736,23.785134048390965,23.995363235473633,4100,0.0,0.0,0.0
2009-09-16 00:00:00-04:00,24.357825099023415,24.55355796287843,24.357825099023415,24.488313674926758,3700,0.0,0.0,0.0
2009-09-17 00:00:00-04:00,24.466564202580475,24.698543256750042,24.42306709289551,24.423067092895508,3700,0.0,0.0,0.0
2009-09-18 00:00:00-04:00,24.655050875837812,24.684048954522876,24.343331208904832,24.386825561523438,4200,0.0,0.0,0.0
2009-09-21 00:00:00-04:00,24.14034584197238,25.271245947918484,23.980861950471034,24.212841033935547,5500,0.0,0.0,0.0
2009-09-22 00:00:00-04:00,24.502811431884766,24.502811431884766,24.502811431884766,24.502811431884766,100,0.0,0.0,0.0
2009-09-23 00:00:00-04:00,24.49556327013442,24.655047147970173,24.27808324369761,24.546308517456055,6200,0.0,0.0,0.0
2009-09-24 00:00:00-04:00,24.14034585599947,24.14034585599947,23.792377230600508,23.843122482299805,3400,0.0,0.0,0.0
2009-09-25 00:00:00-04:00,23.763379153798393,23.944612985698402,23.763379153798393,23.843122482299805,1300,0.0,0.0,0.0
2009-09-28 00:00:00-04:00,23.872119903564453,24.09685084449644,23.872119903564453,23.872119903564453,2300,0.0,0.0,0.0
2009-09-29 00:00:00-04:00,23.901123046875,23.92287022578564,23.901123046875,23.901123046875,1700,0.0,0.0,0.0
2009-09-30 00:00:00-04:00,23.756129653196655,24.669546896743306,23.756129653196655,24.024354934692383,5500,0.0,0.0,0.0
2009-10-01 00:00:00-04:00,23.872123284895927,23.872123284895927,23.139938354492188,23.139938354492188,15600,0.0,0.0,0.0
2009-10-02 00:00:00-04:00,22.849959150402444,24.067850577700153,22.849959150402444,22.878955841064453,14800,0.0,0.0,0.0
2009-10-05 00:00:00-04:00,22.33525202053514,23.190675735473633,22.306255332974967,23.190675735473633,3300,0.0,0.0,0.0
2009-10-06 00:00:00-04:00,23.79963222688838,23.79963222688838,23.52415598069419,23.748884201049805,22300,0.0,0.0,0.0
2009-10-07 00:00:00-04:00,23.65463815285156,23.944610595703125,23.65463815285156,23.944610595703125,2900,0.0,0.0,0.0
2009-10-08 00:00:00-04:00,24.299826088298904,24.575302214267435,24.299826088298904,24.32157325744629,18800,0.0,0.0,0.0
2009-10-09 00:00:00-04:00,24.307079315185547,24.307079315185547,24.307079315185547,24.307079315185547,200,0.0,0.0,0.0
2009-10-12 00:00:00-04:00,24.343326357885807,24.531808300960986,24.343326357885807,24.350574493408203,1100,0.0,0.0,0.0
2009-10-13 00:00:00-04:00,24.249089947756975,24.502816234362726,24.249089947756975,24.299835205078125,2600,0.0,0.0,0.0
2009-10-14 00:00:00-04:00,24.61155411269815,24.8580322265625,24.61155411269815,24.8580322265625,700,0.0,0.0,0.0
2009-10-15 00:00:00-04:00,24.872532235774848,25.01751708984375,24.749291791325685,25.01751708984375,1300,0.0,0.0,0.0
2009-10-16 00:00:00-04:00,24.7710373744714,24.84353256225586,24.676797778464582,24.84353256225586,4300,0.0,0.0,0.0
2009-10-19 00:00:00-04:00,24.821786305491127,25.09725973302154,24.821786305491127,25.090011596679688,2100,0.0,0.0,0.0
2009-10-20 00:00:00-04:00,25.01026939980711,25.01026939980711,24.633302688598633,24.633302688598633,2100,0.0,0.0,0.0
2009-10-21 00:00:00-04:00,25.075514252929253,25.097261428833008,25.075514252929253,25.097261428833008,1000,0.0,0.0,0.0
2009-10-22 00:00:00-04:00,24.814538803662277,25.039269776773356,24.807290666327333,25.024770736694336,1300,0.0,0.0,0.0
2009-10-23 00:00:00-04:00,24.785538416527732,24.807288357326396,24.63330265798147,24.676799774169922,4700,0.0,0.0,0.0
2009-10-26 00:00:00-04:00,24.13309535854562,24.7130430108072,24.13309535854562,24.270832061767578,7000,0.0,0.0,0.0
2009-10-27 00:00:00-04:00,24.075100876160633,24.162095104074645,23.915616989135742,23.915616989135742,2800,0.0,0.0,0.0
2009-10-28 00:00:00-04:00,23.089189797668276,23.437159795780776,22.857210720729523,22.99494743347168,38000,0.0,0.0,0.0
2009-10-29 00:00:00-04:00,23.415404758817477,23.770624198594902,23.277668076059115,23.683629989624023,5000,0.0,0.0,0.0
2009-10-30 00:00:00-04:00,23.524152646945822,24.618803808031384,23.132686894474602,23.364665985107422,29800,0.0,0.0,0.0
2009-11-02 00:00:00-05:00,23.444407790338516,23.69088590377198,23.16168346486663,23.429908752441406,7400,0.0,0.0,0.0
2009-11-03 00:00:00-05:00,23.01669389999687,23.19067819189911,23.01669389999687,23.14718246459961,2400,0.0,0.0,0.0
2009-11-04 00:00:00-05:00,23.835871735600488,23.901116018556117,23.545896530151367,23.545896530151367,2600,0.0,0.0,0.0
2009-11-05 00:00:00-05:00,23.893867130250545,24.154844284057617,23.893867130250545,24.154844284057617,2300,0.0,0.0,0.0
2009-11-06 00:00:00-05:00,24.140341455304938,24.140341455304938,24.09684711343943,24.111343383789062,1800,0.0,0.0,0.0
2009-11-09 00:00:00-05:00,24.314328284979336,24.633298790725192,24.314328284979336,24.350574493408203,1400,0.0,0.0,0.0
2009-11-10 00:00:00-05:00,24.27083824673986,24.495569229125977,24.169347727407178,24.495569229125977,1900,0.0,0.0,0.0
2009-11-11 00:00:00-05:00,24.379575128148325,24.691297531127933,24.31433083995704,24.69129753112793,17300,0.0,0.0,0.0
2009-11-12 00:00:00-05:00,24.33607361374098,24.33607361374098,24.13309264958634,24.183837890625,800,0.0,0.0,0.0
2009-11-13 00:00:00-05:00,24.54630997335315,24.63330143600582,24.510063761031933,24.60430335998535,1700,0.0,0.0,0.0
2009-11-16 00:00:00-05:00,24.937774184473838,25.053763716082194,24.821784652865478,25.039264678955078,1500,0.0,0.0,0.0
2009-11-17 00:00:00-05:00,24.937770271301993,25.097254123857326,24.53180559167141,24.75653648376465,3300,0.0,0.0,0.0
2009-11-18 00:00:00-05:00,24.814530508484857,24.814530508484857,24.510059064833754,24.7275390625,1000,0.0,0.0,0.0
2009-11-19 00:00:00-05:00,24.067853089913008,24.067853089913008,23.915617336962484,24.06060218811035,1800,0.0,0.0,0.0
2009-11-20 00:00:00-05:00,24.082350609007083,24.14759489407156,24.067851571725136,24.125844955444336,1500,0.0,0.0,0.0
2009-11-23 00:00:00-05:00,24.37232208251953,24.37232208251953,24.365073946873082,24.37232208251953,1000,0.0,0.0,0.0
2009-11-24 00:00:00-05:00,24.1403476091787,24.1403476091787,24.08235421677154,24.096853256225586,7500,0.0,0.0,0.0
2009-11-25 00:00:00-05:00,24.29257518831106,24.32157325744629,24.29257518831106,24.32157325744629,3400,0.0,0.0,0.0
2009-11-27 00:00:00-05:00,23.748884201049805,23.748884201049805,23.748884201049805,23.748884201049805,200,0.0,0.0,0.0
2009-11-30 00:00:00-05:00,23.80687727459008,24.386825008084998,23.553151005376343,23.922866821289062,4900,0.0,0.0,0.0
2009-12-01 00:00:00-05:00,24.299833405498838,24.63330300474458,24.227338210830908,24.459320068359375,8400,0.0,0.0,0.0
2009-12-02 00:00:00-05:00,24.618803861653376,24.662300978270103,24.46656810160817,24.626054763793945,2700,0.0,0.0,0.0
2009-12-03 00:00:00-05:00,24.74929118748401,24.79278830188872,24.56080922254779,24.597055435180664,5500,0.0,0.0,0.0
2009-12-04 00:00:00-05:00,24.575306617712652,24.575306617712652,23.86486762364224,24.502811431884766,18100,0.0,0.0,0.0
2009-12-07 00:00:00-05:00,24.263587875225397,24.560811268224835,24.263587875225397,24.386825561523438,1900,0.0,0.0,0.0
2009-12-08 00:00:00-05:00,24.169344781600472,25.24949967443817,23.850374221801758,23.850374221801758,5300,0.0,0.0,0.0
2009-12-09 00:00:00-05:00,23.864868973481535,23.944612299698345,23.864868973481535,23.915616989135742,1200,0.0,0.0,0.0
2009-12-10 00:00:00-05:00,23.922862453315094,23.922862453315094,23.73438051137171,23.741628646850586,16700,0.0,0.0,0.0
2009-12-11 00:00:00-05:00,23.763380231075438,23.83587542636719,23.50965396107665,23.79962921142578,3800,0.0,0.0,0.0
2009-12-14 00:00:00-05:00,23.966360719403603,24.002606929364628,23.959109818166265,23.980859756469727,2600,0.0,0.0,0.0
2009-12-15 00:00:00-05:00,23.661885329540855,23.741628646850586,23.611140084963466,23.741628646850586,2400,0.0,0.0,0.0
2009-12-16 00:00:00-05:00,24.038856367988046,24.06060354380382,23.872121567446317,23.922866821289062,4200,0.0,0.0,0.0
2009-12-17 00:00:00-05:00,23.640140773263177,24.466566579712516,23.39366265858454,23.58939552307129,4100,0.0,0.0,0.0
2009-12-18 00:00:00-05:00,23.632889965520814,23.77062944408241,23.321167561440745,23.42266082763672,3700,0.0,0.0,0.0
2009-12-21 00:00:00-05:00,23.509976622349686,23.700755470240836,23.509976622349686,23.5980281829834,3500,0.389,0.0,0.0
2009-12-22 00:00:00-05:00,23.53933063817622,23.66407012939453,23.50997918173346,23.66407012939453,5600,0.0,0.0,0.0
2009-12-23 00:00:00-05:00,23.656733084153334,23.82549975589319,23.620042364946027,23.7961483001709,11900,0.0,0.0,0.0
2009-12-24 00:00:00-05:00,24.08232239175844,24.08232239175844,23.700761795043945,23.700761795043945,1900,0.0,0.0,0.0
2009-12-28 00:00:00-05:00,23.671409074309565,23.950242341514855,23.671409074309565,23.88420295715332,4000,0.0,0.0,0.0
2009-12-29 00:00:00-05:00,24.00894282617112,24.0456307472944,23.92088845654449,23.979591369628906,2700,0.0,0.0,0.0
2009-12-30 00:00:00-05:00,23.803485290598,24.126345712460584,23.803485290598,24.052967071533203,2900,0.0,0.0,0.0
2009-12-31 00:00:00-05:00,24.251085277711304,24.251085277711304,24.133682250976562,24.133682250976562,1200,0.0,0.0,0.0
2010-01-04 00:00:00-05:00,24.6546619363285,24.999534606933594,24.485895233445625,24.999534606933594,43200,0.0,0.0,0.0
2010-01-05 00:00:00-05:00,24.86011993478033,25.102262496948242,24.77206554934703,25.102262496948242,2300,0.0,0.0,0.0
2010-01-06 00:00:00-05:00,24.948163986206055,24.948163986206055,24.92615179605063,24.948163986206055,4100,0.0,0.0,0.0
2010-01-07 00:00:00-05:00,24.86744889015801,25.153618558612994,24.845436700002583,24.948163986206055,3200,0.0,0.0,0.0
2010-01-08 00:00:00-05:00,25.293040946373207,25.359080327399344,25.204986572265625,25.204986572265625,3500,0.0,0.0,0.0
2010-01-11 00:00:00-05:00,25.37375371628445,25.615896224975586,25.37375371628445,25.615896224975586,5200,0.0,0.0,0.0
2010-01-12 00:00:00-05:00,25.13161196680127,25.256351470947266,24.992196732912937,25.256351470947266,1400,0.0,0.0,0.0
2010-01-13 00:00:00-05:00,25.30772120963645,25.51317585447945,25.30772120963645,25.35174560546875,1200,0.0,0.0,0.0
2010-01-14 00:00:00-05:00,25.41044404034485,25.703950224080014,25.41044404034485,25.637910842895508,1900,0.0,0.0,0.0
2010-01-15 00:00:00-05:00,25.322390544849817,25.359081268310547,25.13894812398298,25.359081268310547,3400,0.0,0.0,0.0
2010-01-19 00:00:00-05:00,25.25635028773175,25.5205078125,25.25635028773175,25.5205078125,10400,0.0,0.0,0.0
2010-01-20 00:00:00-05:00,25.043557319151642,25.09492096740219,24.603293878149806,25.050893783569336,8400,0.0,0.0,0.0
2010-01-21 00:00:00-05:00,24.617963790893555,24.706015338651024,24.544587967613705,24.617963790893555,6900,0.0,0.0,0.0
2010-01-22 00:00:00-05:00,24.317124796828804,24.317124796828804,23.95757924996965,24.060306549072266,3900,0.0,0.0,0.0
2010-01-25 00:00:00-05:00,24.34647434804611,24.478553093443804,24.29511070251465,24.29511070251465,4200,0.0,0.0,0.0
2010-01-26 00:00:00-05:00,23.97959130322014,24.34647611165483,23.825500355463717,24.133682250976562,4500,0.0,0.0,0.0
2010-01-27 00:00:00-05:00,24.199717191307236,24.838095857182832,23.884196089977223,24.03095054626465,2700,0.0,0.0,0.0
2010-01-28 00:00:00-05:00,24.273099148116106,24.280435612337893,23.869523638197276,24.008941650390625,1900,0.0,0.0,0.0
2010-01-29 00:00:00-05:00,23.95023983193908,23.95023983193908,23.66407012939453,23.66407012939453,11200,0.0,0.0,0.0
2010-02-01 00:00:00-05:00,24.060305082537237,24.060305082537237,23.781471859747878,24.001602172851562,5100,0.0,0.0,0.0
2010-02-02 00:00:00-05:00,24.295114577356266,24.507908456558802,24.280438847848245,24.49323272705078,4200,0.0,0.0,0.0
2010-02-03 00:00:00-05:00,24.41985314270456,24.41985314270456,24.22173500061035,24.22173500061035,700,0.0,0.0,0.0
2010-02-04 00:00:00-05:00,23.928226644354528,23.928226644354528,23.253158569335938,23.253158569335938,12500,0.0,0.0,0.0
2010-02-05 00:00:00-05:00,23.121079715606847,23.121079715606847,22.453349507407097,22.820234298706055,18900,0.0,0.0,0.0
2010-02-08 00:00:00-05:00,22.57809375377129,22.754198311866034,22.519392234406375,22.548742294311523,3100,0.0,0.0,0.0
2010-02-09 00:00:00-05:00,22.812897329871117,23.15776854338166,22.717506496640787,23.15043067932129,6400,0.0,0.0,0.0
2010-02-10 00:00:00-05:00,23.040367130143466,23.040367130143466,22.87893830818018,22.922964096069336,2700,0.0,0.0,0.0
2010-02-11 00:00:00-05:00,23.282512001593886,23.348551385867548,23.282512001593886,23.33387565612793,1200,0.0,0.0,0.0
2010-02-12 00:00:00-05:00,22.90828836692143,23.02569140099556,22.90828836692143,22.922964096069336,7400,0.0,0.0,0.0
2010-02-16 00:00:00-05:00,23.1357564289085,23.348548889160156,22.989001946314314,23.348548889160156,1600,0.0,0.0,0.0
2010-02-17 00:00:00-05:00,23.370563798911917,23.531992619222365,23.370563798911917,23.480628967285156,2200,0.0,0.0,0.0
2010-02-18 00:00:00-05:00,23.605366104029194,23.605366104029194,23.539329528808594,23.539329528808594,300,0.0,0.0,0.0
2010-02-19 00:00:00-05:00,23.30452288560896,23.436601638793945,23.30452288560896,23.436601638793945,1500,0.0,0.0,0.0
2010-02-22 00:00:00-05:00,23.63471755908867,23.63471755908867,23.539329528808594,23.539329528808594,600,0.0,0.0,0.0
2010-02-23 00:00:00-05:00,23.531988779463685,23.531988779463685,23.26049483508017,23.363222122192383,4800,0.0,0.0,0.0
2010-02-24 00:00:00-05:00,23.22380799882144,23.348548889160156,23.22380799882144,23.348548889160156,1300,0.0,0.0,0.0
2010-02-25 00:00:00-05:00,23.209133583992212,23.275172964941138,22.952315324251447,23.24582290649414,32500,0.0,0.0,0.0
2010-02-26 00:00:00-05:00,23.13575547948664,23.3412100672219,23.10640402435051,23.289846420288086,3400,0.0,0.0,0.0
2010-03-01 00:00:00-05:00,23.370559871070366,23.656730940210068,23.370559871070366,23.554000854492188,7800,0.0,0.0,0.0
2010-03-02 00:00:00-05:00,23.67874527639061,23.876863403852763,23.67874527639061,23.7961483001709,2200,0.0,0.0,0.0
2010-03-03 00:00:00-05:00,24.008944729873647,24.177711419709656,24.008944729873647,24.096996307373047,1200,0.0,0.0,0.0
2010-03-04 00:00:00-05:00,23.979590127099186,24.199720441541533,23.972250863789448,24.045629501342773,2200,0.0,0.0,0.0
2010-03-05 00:00:00-05:00,24.309788201536463,24.515242798637175,24.24374882402424,24.485891342163086,1600,0.0,0.0,0.0
2010-03-08 00:00:00-05:00,24.62530877001133,24.62530877001133,24.485890754659025,24.500566482543945,204600,0.0,0.0,0.0
2010-03-09 00:00:00-05:00,24.265759315612204,24.405174525426634,24.243747124354336,24.2584228515625,6800,0.0,0.0,0.0
2010-03-10 00:00:00-05:00,24.63264419033847,24.63264419033847,24.456541061401367,24.456541061401367,1000,0.0,0.0,0.0
2010-03-11 00:00:00-05:00,24.610631808017057,24.68400764465332,24.610631808017057,24.68400764465332,4000,0.0,0.0,0.0
2010-03-12 00:00:00-05:00,24.68400764465332,24.68400764465332,24.68400764465332,24.68400764465332,0,0.0,0.0,0.0
2010-03-15 00:00:00-04:00,24.7573817738768,24.7573817738768,24.55926369209132,24.617963790893555,3700,0.0,0.0,0.0
2010-03-16 00:00:00-04:00,24.970180797330467,24.970180797330467,24.68401107591706,24.940832138061523,2300,0.0,0.0,0.0
2010-03-17 00:00:00-04:00,25.212327154657086,25.241678614227705,25.116936310607198,25.219663619995117,8600,0.0,0.0,0.0
2010-03-18 00:00:00-04:00,25.204981106549038,25.204981106549038,25.058229446411133,25.058229446411133,600,0.0,0.0,0.0
2010-03-19 00:00:00-04:00,24.860111236572266,24.889459889005217,24.69868105220286,24.860111236572266,12400,0.0,0.0,0.0
2010-03-22 00:00:00-04:00,24.867453492116333,24.940832138061523,24.867453492116333,24.940832138061523,800,0.0,0.0,0.0
2010-03-23 00:00:00-04:00,25.014207698537703,25.014207698537703,24.830765284438456,24.97018051147461,1000,0.0,0.0,0.0
2010-03-24 00:00:00-04:00,24.77940126225168,24.78673772709805,24.63264677334276,24.757389068603516,5900,0.0,0.0,0.0
2010-03-25 00:00:00-04:00,24.94083304638892,24.955505977003202,24.661999779860558,24.706024169921875,3800,0.0,0.0,0.0
2010-03-26 00:00:00-04:00,25.043559159263864,25.043559159263864,24.823428822142994,24.8527774810791,2900,0.0,0.0,0.0
2010-03-29 00:00:00-04:00,25.138941762630413,25.17563247680664,25.014202291578425,25.17563247680664,3600,0.0,0.0,0.0
2010-03-30 00:00:00-04:00,25.263685731493084,25.27102219535653,25.08757980857491,25.16829490661621,1300,0.0,0.0,0.0
2010-03-31 00:00:00-04:00,25.190312464289814,25.31505195644492,25.102258094300243,25.116933822631836,11800,0.0,0.0,0.0
2010-04-01 00:00:00-04:00,25.432456237280284,25.630574380856473,25.432456237280284,25.5205078125,30800,0.0,0.0,0.0
2010-04-05 00:00:00-04:00,25.74797312402124,25.74797312402124,25.579206466674805,25.579206466674805,3300,0.0,0.0,0.0
2010-04-06 00:00:00-04:00,25.733297430563834,25.81401252746582,25.733297430563834,25.81401252746582,1000,0.0,0.0,0.0
2010-04-07 00:00:00-04:00,25.696611473281504,25.77732657633917,25.659923553466797,25.659923553466797,8700,0.0,0.0,0.0
2010-04-08 00:00:00-04:00,25.63057378953136,25.769989013671875,25.63057378953136,25.769989013671875,800,0.0,0.0,0.0
2010-04-09 00:00:00-04:00,25.777322025482743,26.063491668268036,25.777322025482743,26.01946449279785,2100,0.0,0.0,0.0
2010-04-12 00:00:00-04:00,26.01946283704378,26.26160808805829,26.01946283704378,26.14420509338379,3300,0.0,0.0,0.0
2010-04-13 00:00:00-04:00,26.129529369160952,26.14420509338379,25.938747753372276,26.14420509338379,2800,0.0,0.0,0.0
2010-04-14 00:00:00-04:00,26.34232692209756,26.452390670776367,26.34232692209756,26.452390670776367,1300,0.0,0.0,0.0
2010-04-15 00:00:00-04:00,26.28362341342714,26.459729326022195,26.28362341342714,26.34966278076172,1000,0.0,0.0,0.0
2010-04-16 00:00:00-04:00,26.14421561980787,26.158891349939584,25.872718811035156,25.872718811035156,22700,0.0,0.0,0.0
2010-04-19 00:00:00-04:00,25.68193875424187,25.784666061401367,25.637911565841005,25.784666061401367,1600,0.0,0.0,0.0
2010-04-20 00:00:00-04:00,26.041485419412922,26.041485419412922,25.89473093348346,25.909406661987305,5000,0.0,0.0,0.0
2010-04-21 00:00:00-04:00,26.15155561019395,26.15155561019395,25.90207376254669,25.975452423095703,1100,0.0,0.0,0.0
2010-04-22 00:00:00-04:00,25.916743715307657,25.94609517298198,25.667261923294017,25.894731521606445,5900,0.0,0.0,0.0
2010-04-23 00:00:00-04:00,26.10018174746503,26.261611938476562,26.092845283832048,26.261611938476562,3400,0.0,0.0,0.0
2010-04-26 00:00:00-04:00,26.48907810877151,26.48907810877151,26.26161135281015,26.276287078857422,5500,0.0,0.0,0.0
2010-04-27 00:00:00-04:00,26.100181218432333,26.100181218432333,25.271020889282227,25.271020889282227,6500,0.0,0.0,0.0
2010-04-28 00:00:00-04:00,25.44712735627184,25.44712735627184,24.93348812884227,25.02153968811035,8800,0.0,0.0,0.0
2010-04-29 00:00:00-04:00,25.43979612790023,25.57187490806969,25.43979612790023,25.542526245117188,1800,0.0,0.0,0.0
2010-04-30 00:00:00-04:00,25.718625363635315,25.718625363635315,25.300376892089844,25.300376892089844,12800,0.0,0.0,0.0
2010-05-03 00:00:00-04:00,25.39576831419783,25.623235116774516,25.39576831419783,25.5205078125,12100,0.0,0.0,0.0
2010-05-04 00:00:00-04:00,24.955503592602387,24.955503592602387,24.412515640258786,24.41251564025879,17900,0.0,0.0,0.0
2010-05-05 00:00:00-04:00,23.913552649513854,24.074982865825888,23.671407325045802,23.81082534790039,14600,0.0,0.0,0.0
2010-05-06 00:00:00-04:00,23.810823433972754,23.810823433972754,22.159841878754275,22.739519119262695,24500,0.0,0.0,0.0
2010-05-07 00:00:00-04:00,22.966986096955804,23.495301062730633,20.93444552996937,22.651466369628906,20200,0.0,0.0,0.0
2010-05-10 00:00:00-04:00,24.09699226445323,24.148355909302676,23.97224998474121,23.97224998474121,2200,0.0,0.0,0.0
2010-05-11 00:00:00-04:00,23.708098117026914,24.155695246948394,23.708098117026914,23.89154052734375,4500,0.0,0.0,0.0
2010-05-12 00:00:00-04:00,24.251085277711304,24.265761005941766,24.133682250976562,24.133682250976562,2100,0.0,0.0,0.0
2010-05-13 00:00:00-04:00,23.942900958608213,24.155691998638023,23.935561695681415,23.994264602661133,1300,0.0,0.0,0.0
2010-05-14 00:00:00-04:00,23.66406879872601,23.66406879872601,23.304521874846934,23.53199005126953,2200,0.0,0.0,0.0
2010-05-17 00:00:00-04:00,23.370561285916914,23.370561285916914,22.834909831091462,23.14309310913086,2400,0.0,0.0,0.0
2010-05-18 00:00:00-04:00,23.282509338018425,23.282509338018425,22.6001033782959,22.6001033782959,2400,0.0,0.0,0.0
2010-05-19 00:00:00-04:00,22.37997224191135,22.46802520751953,22.196529846485845,22.46802520751953,2100,0.0,0.0,0.0
2010-05-20 00:00:00-04:00,21.84432015005527,21.961723167760585,21.558149069788488,21.80029296875,4300,0.0,0.0,0.0
2010-05-21 00:00:00-04:00,21.638865631741194,22.09380340576172,21.638865631741194,22.09380340576172,1200,0.0,0.0,0.0
2010-05-24 00:00:00-04:00,23.01101463673609,23.01101463673609,21.79295723742689,21.82964515686035,3800,0.0,0.0,0.0
2010-05-25 00:00:00-04:00,21.198603408560167,21.27198064886018,20.95645949525824,21.227954864501953,3100,0.0,0.0,0.0
2010-05-26 00:00:00-04:00,21.448085708847948,21.521462950937227,21.249967575073242,21.249967575073242,1200,0.0,0.0,0.0
2010-05-27 00:00:00-04:00,21.910360436256727,22.504713413122392,21.910360436256727,22.343284606933594,8500,0.0,0.0,0.0
2010-05-28 00:00:00-04:00,22.47536186366283,22.490037591315257,22.02776336669922,22.02776336669922,12200,0.0,0.0,0.0
2010-06-01 00:00:00-04:00,21.954384729602847,22.45334824156837,21.932371139526367,21.932371139526367,3100,0.0,0.0,0.0
2010-06-02 00:00:00-04:00,22.15984185041223,22.416660083474227,22.13782825919789,22.387310028076172,4600,0.0,0.0,0.0
2010-06-03 00:00:00-04:00,22.416658777191344,22.490036010742188,22.357957270261537,22.490036010742188,4600,0.0,0.0,0.0
2010-06-04 00:00:00-04:00,22.049776801757478,22.049776801757478,21.609516143798828,21.609516143798828,5100,0.0,0.0,0.0
2010-06-07 00:00:00-04:00,21.80763235858005,21.80763235858005,21.37470817565918,21.37470817565918,4800,0.0,0.0,0.0
2010-06-08 00:00:00-04:00,21.279318308292865,21.550813674926758,21.257304716548134,21.550813674926758,7100,0.0,0.0,0.0
2010-06-09 00:00:00-04:00,21.80029141887972,21.881006512646653,21.74892777722959,21.75626564025879,4500,0.0,0.0,0.0
2010-06-10 00:00:00-04:00,22.240558756766266,22.475364831998377,22.145169313536197,22.401988983154297,5000,0.0,0.0,0.0
2010-06-11 00:00:00-04:00,22.3139342555786,22.350622177124023,22.306596391358617,22.350622177124023,1000,0.0,0.0,0.0
2010-06-14 00:00:00-04:00,22.893612713373358,22.893612713373358,22.673480987548828,22.673480987548828,12200,0.0,0.0,0.0
2010-06-15 00:00:00-04:00,23.01835252577372,23.253158569335938,23.003676798162477,23.253158569335938,8700,0.0,0.0,0.0
2010-06-16 00:00:00-04:00,23.113740269017722,23.24581900876937,23.113740269017722,23.165103912353516,12000,0.0,0.0,0.0
2010-06-17 00:00:00-04:00,23.304526630857968,23.304526630857968,23.069720542817837,23.238487243652344,7600,0.0,0.0,0.0
2010-06-18 00:00:00-04:00,23.143094070709537,23.333872936873338,23.143094070709537,23.319198608398438,6500,0.0,0.0,0.0
2010-06-21 00:00:00-04:00,23.80689432582502,23.80689432582502,23.28806495666504,23.28806495666504,7300,0.318,0.0,0.0
2010-06-22 00:00:00-04:00,23.251015615823157,23.354781248843175,23.073129653930664,23.073129653930664,5800,0.0,0.0,0.0
2010-06-23 00:00:00-04:00,23.110183789986994,23.11759582094078,23.102771759033203,23.102771759033203,4300,0.0,0.0,0.0
2010-06-24 00:00:00-04:00,23.243600673599634,23.243600673599634,22.939714431762695,22.939714431762695,4700,0.0,0.0,0.0
2010-06-25 00:00:00-04:00,22.89524055980605,22.917476654052734,22.709944015518335,22.917476654052734,6100,0.0,0.0,0.0
2010-06-28 00:00:00-04:00,22.84335532651487,23.08053465181102,22.82853126525879,22.82853126525879,700,0.0,0.0,0.0
2010-06-29 00:00:00-04:00,22.420881945431518,22.420881945431518,22.079936981201172,22.079936981201172,4900,0.0,0.0,0.0
2010-06-30 00:00:00-04:00,22.265230310004526,22.265230310004526,21.924283981323242,21.924283981323242,1400,0.0,0.0,0.0
2010-07-01 00:00:00-04:00,22.079936981201172,22.079936981201172,22.079936981201172,22.079936981201172,100,0.0,0.0,0.0
2010-07-02 00:00:00-04:00,22.472765732804586,22.472765732804586,22.02805372264371,22.124408721923828,3900,0.0,0.0,0.0
2010-07-06 00:00:00-04:00,22.798887733793922,22.887829286325093,22.42088260128522,22.569120407104492,5300,0.0,0.0,0.0
2010-07-07 00:00:00-04:00,22.84335618387823,23.154654413438234,22.81370947395365,23.117595672607422,6300,0.0,0.0,0.0
2010-07-08 00:00:00-04:00,23.251012008674934,23.280658721923828,23.154657009789897,23.280658721923828,8400,0.0,0.0,0.0
2010-07-09 00:00:00-04:00,23.251009807139706,23.347363383200946,23.162066848413637,23.310304641723633,8700,0.0,0.0,0.0
2010-07-12 00:00:00-04:00,23.176892516318834,23.199127197265625,23.176892516318834,23.199127197265625,300,0.0,0.0,0.0
2010-07-13 00:00:00-04:00,23.39924843300294,23.599369049072266,23.39924843300294,23.599369049072266,400,0.0,0.0,0.0
2010-07-14 00:00:00-04:00,23.60677920049754,23.747604965073805,23.60677920049754,23.688308715820312,5400,0.0,0.0,0.0
2010-07-15 00:00:00-04:00,23.984786529963063,23.984786529963063,23.614193419988112,23.799489974975586,4800,0.0,0.0,0.0
2010-07-16 00:00:00-04:00,23.658662724896455,23.658662724896455,23.22877480062862,23.25101089477539,2300,0.0,0.0,0.0
2010-07-19 00:00:00-04:00,23.451128537244834,23.451128537244834,23.125007660183773,23.21394920349121,10400,0.0,0.0,0.0
2010-07-20 00:00:00-04:00,23.07312288883909,23.362186431884766,23.07312288883909,23.362186431884766,1800,0.0,0.0,0.0
2010-07-21 00:00:00-04:00,23.12500762939453,23.12500762939453,23.12500762939453,23.12500762939453,100,0.0,0.0,0.0
2010-07-22 00:00:00-04:00,23.762425956105925,23.86619155148711,23.75501251220703,23.75501251220703,4200,0.0,0.0,0.0
2010-07-23 00:00:00-04:00,23.9551359419134,24.036666870117188,23.873605013709614,24.036666870117188,6500,0.0,0.0,0.0
2010-07-26 00:00:00-04:00,24.27384701176792,24.296081692048595,24.103374532347424,24.28125762939453,1100,0.0,0.0,0.0
2010-07-27 00:00:00-04:00,24.296083319858482,24.39984893798828,24.296083319858482,24.39984893798828,1300,0.0,0.0,0.0
2010-07-28 00:00:00-04:00,24.29608094670633,24.333142515904967,24.199728783512008,24.214550018310547,2300,0.0,0.0,0.0
2010-07-29 00:00:00-04:00,24.31090063733918,24.466549021342146,24.207135048003874,24.362783432006836,4200,0.0,0.0,0.0
2010-07-30 00:00:00-04:00,24.199725704139368,24.333139419555664,24.103370725805288,24.333139419555664,1900,0.0,0.0,0.0
2010-08-02 00:00:00-04:00,24.874211094423615,25.11880108201963,24.874211094423615,24.94091796875,89400,0.0,0.0,0.0
2010-08-03 00:00:00-04:00,25.00761988035458,25.037265175082382,24.955734252929688,24.955734252929688,2000,0.0,0.0,0.0
2010-08-04 00:00:00-04:00,24.97797199637548,24.97797199637548,24.777851411201897,24.88903045654297,1500,0.0,0.0,0.0
2010-08-05 00:00:00-04:00,24.844556264195976,25.029852773182462,24.844556264195976,24.992794036865234,42700,0.0,0.0,0.0
2010-08-06 00:00:00-04:00,24.955731761540907,25.01502799987793,24.955731761540907,25.01502799987793,1600,0.0,0.0,0.0
2010-08-09 00:00:00-04:00,25.148444379824696,25.170679057862557,25.081737518310547,25.081737518310547,1800,0.0,0.0,0.0
2010-08-10 00:00:00-04:00,24.74820324315973,24.807499487872455,24.42949299633025,24.65926170349121,38500,0.0,0.0,0.0
2010-08-11 00:00:00-04:00,24.11078640600308,24.11078640600308,23.769841429400874,23.792076110839844,2000,0.0,0.0,0.0
2010-08-12 00:00:00-04:00,23.458539741236663,23.577129403933256,23.443715679974517,23.480775833129883,2600,0.0,0.0,0.0
2010-08-13 00:00:00-04:00,23.55489915764951,23.65125274658203,23.55489915764951,23.65125274658203,52400,0.0,0.0,0.0
2010-08-16 00:00:00-04:00,23.666075812817677,23.792076110839844,23.666075812817677,23.792076110839844,1700,0.0,0.0,0.0
2010-08-17 00:00:00-04:00,23.947725324531582,24.133021860485368,23.947725324531582,24.036666870117188,6200,0.0,0.0,0.0
2010-08-18 00:00:00-04:00,23.992197757294026,24.199731826782227,23.992197757294026,24.199731826782227,8100,0.0,0.0,0.0
2010-08-19 00:00:00-04:00,24.170083256543222,24.170083256543222,23.75501795256019,23.873607635498047,3600,0.0,0.0,0.0
2010-08-20 00:00:00-04:00,23.56230697888322,23.56230697888322,23.451127932067486,23.458539962768555,1500,0.0,0.0,0.0
2010-08-23 00:00:00-04:00,23.53266057206785,23.569719314575195,23.53266057206785,23.569719314575195,1500,0.0,0.0,0.0
2010-08-24 00:00:00-04:00,23.236185414229674,23.236185414229674,21.798283928917026,23.110183715820312,120400,0.0,0.0,0.0
2010-08-25 00:00:00-04:00,22.902652541346097,23.013830184936523,22.769238803557407,23.013830184936523,1800,0.0,0.0,0.0
2010-08-26 00:00:00-04:00,23.02124083224186,23.102771759033203,23.013828801288067,23.102771759033203,400,0.0,0.0,0.0
2010-08-27 00:00:00-04:00,23.39925258880331,23.473371505737305,23.35478180412322,23.473371505737305,3300,0.0,0.0,0.0
2010-08-30 00:00:00-04:00,23.465953052368793,23.465953052368793,23.302892610688094,23.310304641723633,10600,0.0,0.0,0.0
2010-08-31 00:00:00-04:00,23.428890228271484,23.428890228271484,23.428890228271484,23.428890228271484,900,0.0,0.0,0.0
2010-09-01 00:00:00-04:00,24.125612258911133,24.125612258911133,24.125612258911133,24.125612258911133,300,0.0,0.0,0.0
2010-09-02 00:00:00-04:00,24.32573213022049,24.32573213022049,24.11078744240109,24.199731826782227,2000,0.0,0.0,0.0
2010-09-03 00:00:00-04:00,24.333140682003833,24.53325843811035,24.333140682003833,24.53325843811035,5900,0.0,0.0,0.0
2010-09-07 00:00:00-04:00,24.696325403276777,24.696325403276777,24.184907913208008,24.184907913208008,5200,0.0,0.0,0.0
2010-09-08 00:00:00-04:00,24.377612201919167,24.414670944213867,24.340553459624466,24.414670944213867,700,0.0,0.0,0.0
2010-09-09 00:00:00-04:00,24.651848259201834,24.65926170349121,24.651848259201834,24.65926170349121,1500,0.0,0.0,0.0
2010-09-10 00:00:00-04:00,24.800087390728443,24.800087390728443,24.637028363712187,24.66667366027832,2300,0.0,0.0,0.0
2010-09-13 00:00:00-04:00,25.015037395627672,25.118803024291992,25.015037395627672,25.118803024291992,300,0.0,0.0,0.0
2010-09-14 00:00:00-04:00,25.148443298781807,25.333739814200243,25.148443298781807,25.326326370239258,500,0.0,0.0,0.0
2010-09-15 00:00:00-04:00,25.24480628967285,25.24480628967285,25.24480628967285,25.24480628967285,1100,0.0,0.0,0.0
2010-09-16 00:00:00-04:00,25.20032766783465,25.26703453063965,25.20032766783465,25.26703453063965,300,0.0,0.0,0.0
2010-09-17 00:00:00-04:00,25.259630354898658,25.259630354898658,25.24480628967285,25.24480628967285,500,0.0,0.0,0.0
2010-09-20 00:00:00-04:00,25.570918596946452,25.61539077758789,25.56350798053974,25.61539077758789,2300,0.0,0.0,0.0
2010-09-21 00:00:00-04:00,25.630223810171856,25.800696321207415,25.519044733348007,25.62281036376953,7000,0.0,0.0,0.0
2010-09-22 00:00:00-04:00,25.659866333007812,25.830338825570536,25.60057290522129,25.659866333007812,6200,0.0,0.0,0.0
2010-09-23 00:00:00-04:00,25.363393364981633,25.556100538214928,25.355979919433594,25.355979919433594,4000,0.0,0.0,0.0
2010-09-24 00:00:00-04:00,25.904457415404778,25.9637508392334,25.874809289790026,25.9637508392334,21400,0.0,0.0,0.0
2010-09-27 00:00:00-04:00,26.00080770923602,26.09715985896303,26.00080770923602,26.052690505981445,2400,0.0,0.0,0.0
2010-09-28 00:00:00-04:00,25.911864134423894,26.208339691162106,25.90445351783564,26.20833969116211,4500,0.0,0.0,0.0
2010-09-29 00:00:00-04:00,26.245399475097656,26.245399475097656,26.245399475097656,26.245399475097656,200,0.0,0.0,0.0
2010-09-30 00:00:00-04:00,26.393637259375815,26.393637259375815,26.05269233471645,26.245399475097656,1900,0.0,0.0,0.0
2010-10-01 00:00:00-04:00,26.35658296128783,26.415876388549805,26.208345152031338,26.415876388549805,96100,0.0,0.0,0.0
2010-10-04 00:00:00-04:00,26.260226164898693,26.260226164898693,25.993398691968853,26.082340240478516,2400,0.0,0.0,0.0
2010-10-05 00:00:00-04:00,26.319516375986016,26.912467500087036,26.319516375986016,26.816112518310547,26100,0.0,0.0,0.0
2010-10-06 00:00:00-04:00,26.927297173694154,26.949531855892396,26.919883728027344,26.919883728027344,700,0.0,0.0,0.0
2010-10-07 00:00:00-04:00,27.031065442615404,27.031065442615404,26.860592931788272,26.98659324645996,20000,0.0,0.0,0.0
2010-10-08 00:00:00-04:00,26.97176189405822,27.18670654296875,26.97176189405822,27.18670654296875,3400,0.0,0.0,0.0
2010-10-11 00:00:00-04:00,27.32012556385817,27.32012556385817,27.16447713029637,27.231184005737305,2400,0.0,0.0,0.0
2010-10-12 00:00:00-04:00,27.105172061912885,27.105172061912885,26.85316870632424,27.068113327026367,1600,0.0,0.0,0.0
2010-10-13 00:00:00-04:00,27.35718068455046,27.542477222058224,27.35718068455046,27.535066604614258,2300,0.0,0.0,0.0
2010-10-14 00:00:00-04:00,27.71295193941466,27.71295193941466,27.59436225891113,27.594362258911133,22300,0.0,0.0,0.0
2010-10-15 00:00:00-04:00,27.498006049887973,27.512830112723705,27.483184814453125,27.483184814453125,1000,0.0,0.0,0.0
2010-10-18 00:00:00-04:00,27.379415364283144,27.535066604614258,27.379415364283144,27.535066604614258,1500,0.0,0.0,0.0
2010-10-19 00:00:00-04:00,27.08294056655922,27.2163542897364,26.86799592061814,26.89764404296875,8900,0.0,0.0,0.0
2010-10-20 00:00:00-04:00,27.164472378386886,27.46094512939453,27.164472378386886,27.46094512939453,1500,0.0,0.0,0.0
2010-10-21 00:00:00-04:00,27.16447246308072,27.268238067626953,27.14223495682034,27.268238067626953,4000,0.0,0.0,0.0
2010-10-22 00:00:00-04:00,27.564711751314043,27.564711751314043,27.386828659622097,27.4090633392334,800,0.0,0.0,0.0
2010-10-25 00:00:00-04:00,27.675893783569332,27.675893783569332,27.675893783569332,27.675893783569336,300,0.0,0.0,0.0
2010-10-26 00:00:00-04:00,27.438708838992603,27.438708838992603,27.416474161508166,27.43129539489746,1500,0.0,0.0,0.0
2010-10-27 00:00:00-04:00,27.38682757791269,27.38682757791269,27.031058581179995,27.142234802246094,1400,0.0,0.0,0.0
2010-10-28 00:00:00-04:00,27.26082890527524,27.312711715698242,27.26082890527524,27.312711715698242,1100,0.0,0.0,0.0
2010-10-29 00:00:00-04:00,27.41647529602051,27.41647529602051,27.41647529602051,27.416475296020508,200,0.0,0.0,0.0
2010-11-01 00:00:00-04:00,27.312711715698242,27.312711715698242,27.312711715698242,27.312711715698242,100,0.0,0.0,0.0
2010-11-02 00:00:00-04:00,27.675890147514906,27.779655753106656,27.675890147514906,27.75000762939453,2200,0.0,0.0,0.0
2010-11-03 00:00:00-04:00,27.757424608361468,27.868600845336914,27.49059711577871,27.868600845336914,5600,0.0,0.0,0.0
2010-11-04 00:00:00-04:00,28.313307855152136,28.350366592407227,28.313307855152136,28.350366592407227,4400,0.0,0.0,0.0
2010-11-05 00:00:00-04:00,28.31331250592282,28.365195312082346,28.20213344849476,28.2243709564209,3300,0.0,0.0,0.0
2010-11-08 00:00:00-05:00,28.16508087168139,28.216963689200263,28.090963368769145,28.17990493774414,2000,0.0,0.0,0.0
2010-11-09 00:00:00-05:00,28.387433840058723,28.387433840058723,27.994606018066406,27.994606018066406,2500,0.0,0.0,0.0
2010-11-10 00:00:00-05:00,27.92047879788171,28.039071287200997,27.92047879788171,27.97236442565918,500,0.0,0.0,0.0
2010-11-11 00:00:00-05:00,27.61659679048864,27.61659679048864,27.60918617248535,27.60918617248535,600,0.0,0.0,0.0
2010-11-12 00:00:00-05:00,27.498002254751274,27.498002254751274,27.305295119284985,27.43129539489746,900,0.0,0.0,0.0
2010-11-15 00:00:00-05:00,27.631421003930793,27.631421003930793,27.59436225891113,27.594362258911133,300,0.0,0.0,0.0
2010-11-16 00:00:00-05:00,27.246001486452684,27.246001486452684,26.667877197265625,26.667877197265625,3400,0.0,0.0,0.0
2010-11-17 00:00:00-05:00,26.875410498711183,26.942117370131797,26.7568208192302,26.882823944091797,2000,0.0,0.0,0.0
2010-11-18 00:00:00-05:00,27.468356813237335,27.468356813237335,27.4312952477614,27.44611930847168,1700,0.0,0.0,0.0
2010-11-19 00:00:00-05:00,27.394242356807005,27.572128295898438,27.334948928710585,27.572128295898438,2300,0.0,0.0,0.0
2010-11-22 00:00:00-05:00,27.327539865267926,27.438718948453687,27.105184526297947,27.42389488220215,4100,0.0,0.0,0.0
2010-11-23 00:00:00-05:00,26.89023096596258,26.89023096596258,26.534461975097656,26.534461975097656,2300,0.0,0.0,0.0
2010-11-24 00:00:00-05:00,26.89764404296875,26.89764404296875,26.89764404296875,26.89764404296875,100,0.0,0.0,0.0
2010-11-26 00:00:00-05:00,26.912470555964607,26.912470555964607,26.660467147827152,26.66046714782715,1100,0.0,0.0,0.0
2010-11-29 00:00:00-05:00,26.260222821428425,26.378812480142674,26.237988143982157,26.26763343811035,3600,0.0,0.0,0.0
2010-11-30 00:00:00-05:00,26.289874736787247,26.289874736787247,26.1490475529038,26.178695678710938,107300,0.0,0.0,0.0
2010-12-01 00:00:00-05:00,26.682703329829955,26.89023456207143,26.60858584042971,26.882823944091797,1700,0.0,0.0,0.0
2010-12-02 00:00:00-05:00,27.320119305006358,27.46835708618164,27.253412444847505,27.46835708618164,800,0.0,0.0,0.0
2010-12-03 00:00:00-05:00,27.72036192102242,27.883420944213867,27.698124414868534,27.883420944213867,1600,0.0,0.0,0.0
2010-12-06 00:00:00-05:00,27.920484073970126,27.920484073970126,27.72036627892931,27.876014709472656,4400,0.0,0.0,0.0
2010-12-07 00:00:00-05:00,28.513427202667973,28.513427202667973,28.172479483346375,28.18730354309082,1600,0.0,0.0,0.0
2010-12-08 00:00:00-05:00,27.987185659423528,28.002009720588436,27.913068180999538,27.97236442565918,2300,0.0,0.0,0.0
2010-12-09 00:00:00-05:00,28.224376244970532,28.224376244970532,27.898252456687835,28.039079666137695,1600,0.0,0.0,0.0
2010-12-10 00:00:00-05:00,27.994606332444878,28.05389976501465,27.95013413746658,28.05389976501465,2900,0.0,0.0,0.0
2010-12-13 00:00:00-05:00,28.402256162305456,28.49119771840506,28.2688424144555,28.387432098388672,3600,0.0,0.0,0.0
2010-12-14 00:00:00-05:00,28.580137516468984,28.580137516468984,28.424486284016204,28.4615478515625,900,0.0,0.0,0.0
2010-12-15 00:00:00-05:00,28.387426340304867,28.387426340304867,28.298484802246094,28.298484802246094,400,0.0,0.0,0.0
2010-12-16 00:00:00-05:00,28.276254653930664,28.276254653930664,28.276254653930664,28.276254653930664,400,0.0,0.0,0.0
2010-12-17 00:00:00-05:00,28.498609050035665,28.498609050035665,28.20954689360377,28.2243709564209,3400,0.0,0.0,0.0
2010-12-20 00:00:00-05:00,28.49568203371531,28.49568203371531,28.254512786865234,28.254512786865234,1500,0.63,0.0,0.0
2010-12-21 00:00:00-05:00,28.427858916765903,28.427858916765903,28.284662670123858,28.367565155029297,1200,0.0,0.0,0.0
2010-12-22 00:00:00-05:00,28.4052449423536,28.495685577392578,28.4052449423536,28.495685577392578,3200,0.0,0.0,0.0
2010-12-23 00:00:00-05:00,28.442924579576708,28.48814201354981,28.329875244715932,28.488142013549805,1900,0.0,0.0,0.0
2010-12-27 00:00:00-05:00,27.870155571494088,28.352494207945153,27.870155571494088,28.329885482788086,5500,0.0,0.0,0.0
2010-12-28 00:00:00-05:00,28.367555159061105,28.473066329956055,28.31479957361363,28.473066329956055,6500,0.0,0.0,0.0
2010-12-29 00:00:00-05:00,28.83482910529575,28.910196304321293,28.83482910529575,28.91019630432129,700,0.0,0.0,0.0
2010-12-30 00:00:00-05:00,29.000635307810228,29.000635307810228,28.81975977234682,28.880050659179688,1900,0.0,0.0,0.0
2010-12-31 00:00:00-05:00,29.181507085570846,29.249336114693957,29.15889549255371,29.15889549255371,2600,0.0,0.0,0.0
2011-01-03 00:00:00-05:00,29.452831836447913,29.47544056112887,29.339782463113153,29.39253807067871,87500,0.0,0.0,0.0
2011-01-04 00:00:00-05:00,29.693994610280825,29.693994610280825,29.15889761929752,29.317167282104492,6300,0.0,0.0,0.0
2011-01-05 00:00:00-05:00,29.106144472872582,29.25687599182129,28.9930979898845,29.25687599182129,100800,0.0,0.0,0.0
2011-01-06 00:00:00-05:00,29.189045339620556,29.189045339620556,28.925267352255034,29.015705108642578,32600,0.0,0.0,0.0
2011-01-07 00:00:00-05:00,29.06846183316063,29.06846183316063,28.684099197387695,28.684099197387695,2600,0.0,0.0,0.0
2011-01-10 00:00:00-05:00,28.65395231910151,28.812219117657158,28.563514559207505,28.684099197387695,4000,0.0,0.0,0.0
2011-01-11 00:00:00-05:00,29.023240390439693,29.12875446035034,28.94787607261081,29.015705108642578,3400,0.0,0.0,0.0
2011-01-12 00:00:00-05:00,29.407607634692706,29.61863003713138,29.400069477482976,29.580947875976562,7500,0.0,0.0,0.0
2011-01-13 00:00:00-05:00,29.716601204978623,29.84472110741396,29.603551864624023,29.603551864624023,6000,0.0,0.0,0.0
2011-01-14 00:00:00-05:00,29.76182688653215,29.807044330862,29.648777525778183,29.799509048461914,3600,0.0,0.0,0.0
2011-01-18 00:00:00-05:00,29.859798116287124,29.92009187167902,29.859798116287124,29.86733627319336,2000,0.0,0.0,0.0
2011-01-19 00:00:00-05:00,29.784432275598444,29.90501690525818,29.51311614012295,29.693994522094727,15800,0.0,0.0,0.0
2011-01-20 00:00:00-05:00,29.36238811488027,29.384999712159807,29.05338978506373,29.234268188476562,19300,0.0,0.0,0.0
2011-01-21 00:00:00-05:00,29.754289539575478,29.754289539575478,29.294559676602685,29.452829360961914,5000,0.0,0.0,0.0
2011-01-24 00:00:00-05:00,29.287018311573792,29.716601204978623,29.287018311573792,29.603551864624023,62800,0.0,0.0,0.0
2011-01-25 00:00:00-05:00,29.36992293159776,29.573410034179688,29.339776055297243,29.573410034179688,8800,0.0,0.0,0.0
2011-01-26 00:00:00-05:00,29.603548720917154,29.82210922241211,29.603548720917154,29.82210922241211,8200,0.0,0.0,0.0
2011-01-27 00:00:00-05:00,30.018064498901367,30.025599780017785,29.74674837928343,30.018064498901367,59600,0.0,0.0,0.0
2011-01-28 00:00:00-05:00,29.761819508563836,29.761819508563836,29.347307205200195,29.347307205200195,16200,0.0,0.0,0.0
2011-01-31 00:00:00-05:00,29.596018513958565,29.746750019274646,29.460360446670524,29.62616539001465,8300,0.0,0.0,0.0
2011-02-01 00:00:00-05:00,30.138650375667666,30.43257522583008,30.138650375667666,30.432575225830078,7300,0.0,0.0,0.0
2011-02-02 00:00:00-05:00,30.274304067882724,30.274304067882724,30.04820826163683,30.070819854736328,4500,0.0,0.0,0.0
2011-02-03 00:00:00-05:00,30.033139867005147,30.063286746223252,29.98792242314263,30.040678024291992,9100,0.0,0.0,0.0
2011-02-04 00:00:00-05:00,30.168792883298917,30.168792883298917,29.889941484761117,30.070819854736328,2900,0.0,0.0,0.0
2011-02-07 00:00:00-05:00,30.16126031566776,30.49286733633014,30.16126031566776,30.402429580688477,9400,0.0,0.0,0.0
2011-02-08 00:00:00-05:00,30.492869833183455,30.575772313878474,30.311994307089464,30.364749908447266,2100,0.0,0.0,0.0
2011-02-09 00:00:00-05:00,30.49286282818378,30.49286282818378,30.30444918805665,30.372278213500977,3300,0.0,0.0,0.0
2011-02-10 00:00:00-05:00,30.048215463605175,30.658676874252468,29.81458432030541,29.987924575805664,5000,0.0,0.0,0.0
2011-02-11 00:00:00-05:00,29.987924575805664,29.987924575805664,29.987924575805664,29.987924575805664,0,0.0,0.0,0.0
2011-02-14 00:00:00-05:00,30.191405472187927,30.214014191068962,29.98791837736585,30.093429565429688,3500,0.0,0.0,0.0
2011-02-15 00:00:00-05:00,29.95777702331543,30.04067950777683,29.94270358296201,29.95777702331543,6900,0.0,0.0,0.0
2011-02-16 00:00:00-05:00,30.04067464687303,30.20647958896681,30.010527771044284,30.123577117919922,1300,0.0,0.0,0.0
2011-02-17 00:00:00-05:00,30.304457946798724,30.304457946798724,30.146191133340245,30.274311065673828,600,0.0,0.0,0.0
2011-02-18 00:00:00-05:00,30.30445366834743,30.440111739292135,30.24416278957446,30.402429580688477,3100,0.0,0.0,0.0
2011-02-22 00:00:00-05:00,29.867332657831575,29.867332657831575,29.15889549255371,29.15889549255371,60400,0.0,0.0,0.0
2011-02-23 00:00:00-05:00,29.294547467007153,29.513107946009956,29.241791885863517,29.332229614257812,3400,0.0,0.0,0.0
2011-02-24 00:00:00-05:00,29.51311434729762,29.51311434729762,28.917726516723633,28.917726516723633,2900,0.0,0.0,0.0
2011-02-25 00:00:00-05:00,29.226720831256422,29.535719063808422,29.226720831256422,29.437746047973633,6000,0.0,0.0,0.0
2011-02-28 00:00:00-05:00,29.580943009077675,30.070819648385633,29.437749670262857,29.935161590576172,115300,0.0,0.0,0.0
2011-03-01 00:00:00-05:00,29.761821619286966,29.80703905561424,29.565869811988254,29.6713809967041,1800,0.0,0.0,0.0
2011-03-02 00:00:00-05:00,29.844719273232073,29.859792709350586,29.799501839840506,29.859792709350586,500,0.0,0.0,0.0
2011-03-03 00:00:00-05:00,30.00299282637713,30.16125961380824,30.00299282637713,30.13865089416504,6900,0.0,0.0,0.0
2011-03-04 00:00:00-05:00,30.10850922636953,30.14619139061483,29.935168970869277,29.987924575805664,4400,0.0,0.0,0.0
2011-03-07 00:00:00-05:00,30.14618246080758,30.244158358795122,29.78442861627357,29.995450973510742,6900,0.0,0.0,0.0
2011-03-08 00:00:00-05:00,29.82964986026704,29.965305040627296,29.7844295501709,29.7844295501709,13700,0.0,0.0,0.0
2011-03-09 00:00:00-05:00,29.94270358296201,29.95777702331543,29.935168300267694,29.95777702331543,600,0.0,0.0,0.0
2011-03-10 00:00:00-05:00,29.226727498534995,29.256874375652323,29.015705108642578,29.015705108642578,7300,0.0,0.0,0.0
2011-03-11 00:00:00-05:00,28.94787657626287,29.151363687898563,28.940341294334658,29.14382553100586,6100,0.0,0.0,0.0
2011-03-14 00:00:00-04:00,28.65395070036195,28.65395070036195,28.20175617650852,28.442928314208984,4100,0.0,0.0,0.0
2011-03-15 00:00:00-04:00,26.995909053216252,27.644052505493164,26.830104111946074,27.644052505493164,5900,0.0,0.0,0.0
2011-03-16 00:00:00-04:00,27.674202716095717,27.674202716095717,26.995912306401355,27.048667907714844,8200,0.0,0.0,0.0
2011-03-17 00:00:00-04:00,27.998268127441406,28.30726638285353,27.90029222939444,27.998268127441406,4400,0.0,0.0,0.0
2011-03-18 00:00:00-04:00,28.782073386909584,28.81975842375209,28.563515698032244,28.586124420166016,900,0.0,0.0,0.0
2011-03-21 00:00:00-04:00,29.264414822186744,29.302096984049594,29.060927698169735,29.287023544311523,47800,0.0,0.0,0.0
2011-03-22 00:00:00-04:00,29.339774068101846,29.339774068101846,29.151360416431512,29.294553756713867,9000,0.0,0.0,0.0
2011-03-23 00:00:00-04:00,29.121211414706185,29.35484536069624,29.023235518005325,29.347307205200195,4800,0.0,0.0,0.0
2011-03-24 00:00:00-04:00,29.52066443350671,29.746763229370114,29.490520419028456,29.746763229370117,3700,0.0,0.0,0.0
2011-03-25 00:00:00-04:00,29.5658707614685,29.5658707614685,29.317166228789112,29.460359573364258,2900,0.0,0.0,0.0
2011-03-28 00:00:00-04:00,29.55833065397042,29.55833065397042,29.437746047973633,29.437746047973633,1300,0.0,0.0,0.0
2011-03-29 00:00:00-04:00,29.588480597365585,29.6186274736661,29.437751965791737,29.573410034179688,3300,0.0,0.0,0.0
2011-03-30 00:00:00-04:00,29.746747940836823,29.935161590576172,29.746747940836823,29.935161590576172,500,0.0,0.0,0.0
2011-03-31 00:00:00-04:00,29.920094366616805,30.048214295061342,29.82965660095215,29.82965660095215,10000,0.0,0.0,0.0
2011-04-01 00:00:00-04:00,29.95777563478901,30.123580596026844,29.95777563478901,30.10850715637207,81100,0.0,0.0,0.0
2011-04-04 00:00:00-04:00,30.040674483731408,30.266770301290506,30.040674483731408,30.22154998779297,5300,0.0,0.0,0.0
2011-04-05 00:00:00-04:00,30.00299106170435,30.16879312094317,30.00299106170435,30.018064498901367,1500,0.0,0.0,0.0
2011-04-06 00:00:00-04:00,30.289381945326692,30.289381945326692,30.21401762385118,30.266773223876953,1200,0.0,0.0,0.0
2011-04-07 00:00:00-04:00,30.236625462592993,30.236625462592993,29.82965411355567,29.86733627319336,5100,0.0,0.0,0.0
2011-04-08 00:00:00-04:00,30.41750186338599,30.47779273986816,30.41750186338599,30.477792739868164,600,0.0,0.0,0.0
2011-04-11 00:00:00-04:00,30.402431978765687,30.470261019588246,30.25923861479124,30.296920776367188,56000,0.0,0.0,0.0
2011-04-12 00:00:00-04:00,30.153716948114276,30.153716948114276,29.89747428894043,29.89747428894043,3100,0.0,0.0,0.0
2011-04-13 00:00:00-04:00,30.22909179864559,30.259238677955135,30.07082499471747,30.10850715637207,4800,0.0,0.0,0.0
2011-04-14 00:00:00-04:00,30.183870745275144,30.289381945326692,30.108506423799632,30.266773223876953,3800,0.0,0.0,0.0
2011-04-15 00:00:00-04:00,30.13865089416504,30.281844243512566,30.13865089416504,30.13865089416504,3200,0.0,0.0,0.0
2011-04-18 00:00:00-04:00,29.550797937512424,29.656309127807617,29.550797937512424,29.656309127807617,700,0.0,0.0,0.0
2011-04-19 00:00:00-04:00,29.746745680573156,29.94269459642896,29.73920752517644,29.89747428894043,3500,0.0,0.0,0.0
2011-04-20 00:00:00-04:00,30.575760914284373,30.620981216430664,30.440102882809086,30.620981216430664,1200,0.0,0.0,0.0
2011-04-21 00:00:00-04:00,30.86216867539663,30.89985084533691,30.86216867539663,30.899850845336914,3300,0.0,0.0,0.0
2011-04-25 00:00:00-04:00,31.19376178524884,31.19376178524884,30.771717071533203,30.771717071533203,3000,0.0,0.0,0.0
2011-04-26 00:00:00-04:00,30.862158553663054,31.16361868928196,30.862158553663054,31.148548126220703,15400,0.0,0.0,0.0
2011-04-27 00:00:00-04:00,31.31435527195204,31.31435527195204,31.088259414837093,31.118406295776367,4000,0.0,0.0,0.0
2011-04-28 00:00:00-04:00,31.495229816843903,31.56305885314941,31.382180464679898,31.563058853149414,10800,0.0,0.0,0.0
2011-04-29 00:00:00-04:00,31.62335710460366,31.62335710460366,31.450016832517562,31.593210220336914,3200,0.0,0.0,0.0
2011-05-02 00:00:00-04:00,31.96249895377452,31.96249895377452,31.547989401726095,31.698720932006836,87000,0.0,0.0,0.0
2011-05-03 00:00:00-04:00,31.502774909244422,31.510313068383926,31.254070281982422,31.254070281982422,5200,0.0,0.0,0.0
2011-05-04 00:00:00-04:00,31.14854838756323,31.291741737561306,30.84708537445065,30.884767532348633,1500,0.0,0.0,0.0
2011-05-05 00:00:00-04:00,30.711426093421537,30.816937281355575,30.281843185424805,30.281843185424805,2200,0.0,0.0,0.0
2011-05-06 00:00:00-04:00,30.80940500909084,30.80940500909084,30.485333257377352,30.583309173583984,4400,0.0,0.0,0.0
2011-05-09 00:00:00-04:00,30.92245460512199,30.997821807861328,30.884772441234734,30.997821807861328,3600,0.0,0.0,0.0
2011-05-10 00:00:00-04:00,31.163618310109804,31.321887969970703,31.125936152986466,31.321887969970703,9800,0.0,0.0,0.0
2011-05-11 00:00:00-04:00,30.91491411278288,30.945060988798495,30.6812801361084,30.6812801361084,900,0.0,0.0,0.0
2011-05-12 00:00:00-04:00,30.74911431880805,30.74911431880805,30.59084750566975,30.71896743774414,5400,0.0,0.0,0.0
2011-05-13 00:00:00-04:00,30.605915388531596,30.605915388531596,30.176332473754883,30.176332473754883,1700,0.0,0.0,0.0
2011-05-16 00:00:00-04:00,30.025599518577764,30.349671228081398,30.002990800461188,30.048208236694336,4100,0.0,0.0,0.0
2011-05-17 00:00:00-04:00,29.814584557324345,30.168800354003906,29.754290794080667,30.168800354003906,1400,0.0,0.0,0.0
2011-05-18 00:00:00-04:00,30.3798214173154,30.45518573590398,30.34213638305664,30.34213638305664,1100,0.0,0.0,0.0
2011-05-19 00:00:00-04:00,30.455188751220703,30.455188751220703,30.455188751220703,30.455188751220703,200,0.0,0.0,0.0
2011-05-20 00:00:00-04:00,30.22155034956553,30.259235382080078,30.22155034956553,30.259235382080078,500,0.0,0.0,0.0
2011-05-23 00:00:00-04:00,29.38500031765503,29.543267127049507,29.317171274348148,29.452829360961914,2000,0.0,0.0,0.0
2011-05-24 00:00:00-04:00,29.656312808178267,29.799509048461914,29.656312808178267,29.799509048461914,700,0.0,0.0,0.0
2011-05-25 00:00:00-04:00,29.656306775713873,29.7844295501709,29.656306775713873,29.7844295501709,600,0.0,0.0,0.0
2011-05-26 00:00:00-04:00,29.837192462872938,30.025606155395508,29.837192462872938,30.025606155395508,800,0.0,0.0,0.0
2011-05-27 00:00:00-04:00,30.100968509950476,30.214017868041996,30.100968509950476,30.214017868041992,1300,0.0,0.0,0.0
2011-05-31 00:00:00-04:00,30.696357816204255,30.764186859130856,30.53809100769709,30.76418685913086,112500,0.0,0.0,0.0
2011-06-01 00:00:00-04:00,31.058103666242957,31.058103666242957,30.32706069946289,30.32706069946289,2600,0.0,0.0,0.0
2011-06-02 00:00:00-04:00,30.628523110171237,30.65866998477895,30.21401364668989,30.575767517089844,2400,0.0,0.0,0.0
2011-06-03 00:00:00-04:00,30.296915670453426,30.703889846801758,30.296915670453426,30.703889846801758,1500,0.0,0.0,0.0
2011-06-06 00:00:00-04:00,30.440109764252703,30.530547514026512,30.14618492126465,30.14618492126465,1400,0.0,0.0,0.0
2011-06-07 00:00:00-04:00,30.515477772004363,30.59837736779681,30.47779273986816,30.477792739868164,2000,0.0,0.0,0.0
2011-06-08 00:00:00-04:00,30.033137284440247,30.04821072275313,30.010528564453125,30.010528564453125,800,0.0,0.0,0.0
2011-06-09 00:00:00-04:00,30.10850442967452,30.296918095849,30.10850442967452,30.198942184448242,1500,0.0,0.0,0.0
2011-06-10 00:00:00-04:00,29.852263602279617,29.882410480751076,29.498044967651367,29.498044967651367,4400,0.0,0.0,0.0
2011-06-13 00:00:00-04:00,29.39253560026035,29.671387056093202,29.37746216008496,29.452829360961914,67400,0.0,0.0,0.0
2011-06-14 00:00:00-04:00,29.588476484724147,29.980377197265625,29.588476484724147,29.980377197265625,7700,0.0,0.0,0.0
2011-06-15 00:00:00-04:00,29.482961756820487,29.482961756820487,28.985549926757816,28.985549926757812,2100,0.0,0.0,0.0
2011-06-16 00:00:00-04:00,28.759463103431532,28.932803338630734,28.52582911252939,28.834827423095703,6600,0.0,0.0,0.0
2011-06-17 00:00:00-04:00,29.06092958101431,29.06092958101431,28.932806772421994,29.03078269958496,1300,0.0,0.0,0.0
2011-06-20 00:00:00-04:00,28.503216310338633,28.849896731096973,28.503216310338633,28.842361450195312,5800,0.0,0.0,0.0
2011-06-21 00:00:00-04:00,29.270429957026817,29.270429957026817,29.201755735949387,29.247539520263672,600,0.471,0.0,0.0
2011-06-22 00:00:00-04:00,28.942326214869468,29.369632892859443,28.942326214869468,29.041522979736328,2800,0.0,0.0,0.0
2011-06-23 00:00:00-04:00,28.293739303480336,28.5150203704834,28.15639082835364,28.5150203704834,2900,0.0,0.0,0.0
2011-06-24 00:00:00-04:00,28.530274428021535,28.60658073425293,28.499751905528978,28.60658073425293,3000,0.0,0.0,0.0
2011-06-27 00:00:00-04:00,28.51501655899867,28.774452209472656,28.51501655899867,28.774452209472656,700,0.0,0.0,0.0
2011-06-28 00:00:00-04:00,28.88890776988442,29.079669175749174,28.774449762050345,29.04914665222168,3000,0.0,0.0,0.0
2011-06-29 00:00:00-04:00,29.54512557477938,29.712993621826172,29.54512557477938,29.712993621826172,400,0.0,0.0,0.0
2011-06-30 00:00:00-04:00,29.697728719619647,30.086883544921875,29.697728719619647,30.086883544921875,500,0.0,0.0,0.0
2011-07-01 00:00:00-04:00,30.18608603764963,30.346324920654297,30.18608603764963,30.346324920654297,500,0.0,0.0,0.0
2011-07-05 00:00:00-04:00,30.155572382597633,30.422637266147856,30.155572382597633,30.24713706970215,800,0.0,0.0,0.0
2011-07-06 00:00:00-04:00,29.949539703336146,30.11741066624648,29.88086548312628,30.079256057739258,3000,0.0,0.0,0.0
2011-07-07 00:00:00-04:00,30.36159316153745,30.506570816040036,30.270025569525433,30.50657081604004,6700,0.0,0.0,0.0
2011-07-08 00:00:00-04:00,30.16319656000522,30.16319656000522,29.934283424797936,29.94191551208496,900,0.0,0.0,0.0
2011-07-11 00:00:00-04:00,29.42304937055393,29.42304937055393,29.026265174584246,29.064416885375977,1700,0.0,0.0,0.0
2011-07-12 00:00:00-04:00,29.011002508511698,29.27806738195856,28.972850799560547,28.972850799560547,1500,0.0,0.0,0.0
2011-07-13 00:00:00-04:00,29.65196166632463,29.65196166632463,29.51461318291835,29.552764892578125,6000,0.0,0.0,0.0
2011-07-14 00:00:00-04:00,29.545127770886157,29.545127770886157,29.171234130859375,29.171234130859375,7300,0.0,0.0,0.0
2011-07-15 00:00:00-04:00,29.255176343891154,29.445937795556905,29.171240839432024,29.209392547607422,1500,0.0,0.0,0.0
2011-07-18 00:00:00-04:00,29.01862766557779,29.01862766557779,28.591323927263943,28.667627334594727,5500,0.0,0.0,0.0
2011-07-19 00:00:00-04:00,29.140711607022887,29.178866217212537,29.072037383784828,29.171234130859375,1300,0.0,0.0,0.0
2011-07-20 00:00:00-04:00,29.308588298203205,29.4306755065918,29.308588298203205,29.430675506591797,900,0.0,0.0,0.0
2011-07-21 00:00:00-04:00,29.842720304531664,29.96480751037598,29.781675246215208,29.964807510375977,1100,0.0,0.0,0.0
2011-07-22 00:00:00-04:00,30.09451879755851,30.11741214594521,29.926650737188606,30.02584457397461,1200,0.0,0.0,0.0
2011-07-25 00:00:00-04:00,29.957174446597147,30.041109943653105,29.888500213623043,29.888500213623047,3100,0.0,0.0,0.0
2011-07-26 00:00:00-04:00,30.04109976818411,30.155557754634767,30.03347059412157,30.086883544921875,4800,0.0,0.0,0.0
2011-07-27 00:00:00-04:00,29.68248123343739,29.796936350983994,29.4001522064209,29.4001522064209,10400,0.0,0.0,0.0
2011-07-28 00:00:00-04:00,29.30096229157097,29.49935293512295,29.30096229157097,29.36963653564453,1300,0.0,0.0,0.0
2011-07-29 00:00:00-04:00,29.15597674152236,29.384889879124767,29.15597674152236,29.285696029663086,5800,0.0,0.0,0.0
2011-08-01 00:00:00-04:00,28.980479777299763,29.041524839831926,28.873653828657268,28.927066802978516,1300,0.0,0.0,0.0
2011-08-02 00:00:00-04:00,28.6371047440581,28.6371047440581,28.072452545166016,28.072452545166016,2200,0.0,0.0,0.0
2011-08-03 00:00:00-04:00,28.110606848042867,28.247955322265625,27.75960648537967,28.247955322265625,18300,0.0,0.0,0.0
2011-08-04 00:00:00-04:00,27.179685151246627,27.179685151246627,25.943552017211914,25.943552017211914,37700,0.0,0.0,0.0
2011-08-05 00:00:00-04:00,26.56925741941959,27.584109841226017,25.49336284056917,26.706605911254883,101300,0.0,0.0,0.0
2011-08-08 00:00:00-04:00,25.02790247249873,25.256815637792094,23.723094810616626,24.501401901245117,10600,0.0,0.0,0.0
2011-08-09 00:00:00-04:00,25.36364055007822,25.500986099243164,25.14235659673251,25.500986099243164,3600,0.0,0.0,0.0
2011-08-10 00:00:00-04:00,25.531511063895817,25.531511063895817,24.95922672970981,25.149988174438477,71000,0.0,0.0,0.0
2011-08-11 00:00:00-04:00,25.157615985864954,26.28692319739934,25.157615985864954,25.798574447631836,41000,0.0,0.0,0.0
2011-08-12 00:00:00-04:00,26.24114057331766,26.401379468162588,26.24114057331766,26.286924362182617,1200,0.0,0.0,0.0
2011-08-15 00:00:00-04:00,26.66844749668488,26.943144411316013,26.66844749668488,26.92788314819336,5100,0.0,0.0,0.0
2011-08-16 00:00:00-04:00,26.500582724680175,26.64556039214469,26.27929872371671,26.538734436035156,17200,0.0,0.0,0.0
2011-08-17 00:00:00-04:00,26.775273567627266,26.90498993866498,26.477686212151735,26.599773406982422,3000,0.0,0.0,0.0
2011-08-18 00:00:00-04:00,25.974075941216586,25.974075941216586,25.172878550261476,25.294965744018555,8100,0.0,0.0,0.0
2011-08-19 00:00:00-04:00,25.07368229406036,25.554401902503212,24.83713707798472,25.165246963500977,6500,0.0,0.0,0.0
2011-08-22 00:00:00-04:00,25.48572703098322,25.48572703098322,24.98211699555844,25.066049575805664,6800,0.0,0.0,0.0
2011-08-23 00:00:00-04:00,25.22628639290685,25.684112548828125,25.22628639290685,25.684112548828125,4700,0.0,0.0,0.0
2011-08-24 00:00:00-04:00,25.607812617456766,25.707006454467773,25.562028831367616,25.707006454467773,1700,0.0,0.0,0.0
2011-08-25 00:00:00-04:00,25.798574570000014,25.798574570000014,25.317854993697658,25.4704647064209,1400,0.0,0.0,0.0
2011-08-26 00:00:00-04:00,25.31022493925018,25.737531587025472,25.31022493925018,25.66122817993164,900,0.0,0.0,0.0
2011-08-29 00:00:00-04:00,26.35560198161276,26.45479583740234,26.210621420277956,26.454795837402344,2600,0.0,0.0,0.0
2011-08-30 00:00:00-04:00,26.393753740777424,26.56925392150879,26.225882737126263,26.56925392150879,1000,0.0,0.0,0.0
2011-08-31 00:00:00-04:00,26.88973039525254,27.049969285597715,26.88973039525254,27.03470802307129,3100,0.0,0.0,0.0
2011-09-01 00:00:00-04:00,26.859212133963887,26.859212133963887,26.56925392150879,26.56925392150879,2000,0.0,0.0,0.0
2011-09-02 00:00:00-04:00,26.149572937247548,26.24113759379256,26.13431167602539,26.13431167602539,3000,0.0,0.0,0.0
2011-09-06 00:00:00-04:00,25.005003410112824,25.14235184410332,24.7760903237246,25.05841636657715,13000,0.0,0.0,0.0
2011-09-07 00:00:00-04:00,25.05841636657715,25.05841636657715,25.05841636657715,25.05841636657715,0,0.0,0.0,0.0
2011-09-08 00:00:00-04:00,25.89014431769631,25.9054055830445,25.447576354965012,25.554405212402344,5700,0.0,0.0,0.0
2011-09-09 00:00:00-04:00,25.18050866402981,25.18050866402981,24.623485639847395,24.69978904724121,7400,0.0,0.0,0.0
2011-09-12 00:00:00-04:00,24.5013980893751,24.5013980893751,24.058831638038818,24.241962432861328,4700,0.0,0.0,0.0
2011-09-13 00:00:00-04:00,24.493768645192716,24.791358947753906,24.20381188595211,24.791358947753906,1800,0.0,0.0,0.0
2011-09-14 00:00:00-04:00,24.768463821756885,25.066051192227125,24.768463821756885,24.982118606567383,2000,0.0,0.0,0.0
2011-09-15 00:00:00-04:00,25.23391881946299,25.569657849687033,24.86002808979341,25.516244888305664,1800,0.0,0.0,0.0
2011-09-16 00:00:00-04:00,25.584925098000003,25.67649269104004,25.584925098000003,25.67649269104004,3400,0.0,0.0,0.0
2011-09-19 00:00:00-04:00,24.959223785992897,24.99737548828125,24.87528829448554,24.99737548828125,1000,0.0,0.0,0.0
2011-09-20 00:00:00-04:00,25.09657265899383,25.09657265899383,24.82950782775879,24.82950782775879,700,0.0,0.0,0.0
2011-09-21 00:00:00-04:00,24.67689979174607,24.882922494545177,24.264854386147857,24.356420516967773,15100,0.0,0.0,0.0
2011-09-22 00:00:00-04:00,23.433133582247926,23.539960973717275,23.105025142103724,23.303417205810547,3600,0.0,0.0,0.0
2011-09-23 00:00:00-04:00,23.21948188490933,23.478917550525743,23.0668721561723,23.402612686157227,35000,0.0,0.0,0.0
2011-09-26 00:00:00-04:00,23.196590507702872,23.478918075561523,23.03635159880054,23.478918075561523,26100,0.0,0.0,0.0
2011-09-27 00:00:00-04:00,24.1198744239406,24.386939247773824,23.97489533714961,24.043569564819336,3200,0.0,0.0,0.0
2011-09-28 00:00:00-04:00,24.463243564847453,24.478504826504437,23.87569808959961,23.87569808959961,4900,0.0,0.0,0.0
2011-09-29 00:00:00-04:00,24.30300257959549,24.30300257959549,23.92911041134251,24.12750244140625,1600,0.0,0.0,0.0
2011-09-30 00:00:00-04:00,23.8375461563852,23.8375461563852,23.608633041381836,23.608633041381836,1400,0.0,0.0,0.0
2011-10-03 00:00:00-04:00,23.089760469422817,23.379717162559523,22.837955474853516,22.837955474853516,2300,0.0,0.0,0.0
2011-10-04 00:00:00-04:00,22.60904105053465,22.8608460465882,22.067279359635265,22.7692813873291,6200,0.0,0.0,0.0
2011-10-05 00:00:00-04:00,22.784544882452856,23.318675994873047,22.784544882452856,23.318675994873047,9200,0.0,0.0,0.0
2011-10-06 00:00:00-04:00,23.34920462727229,23.91385841369629,23.23474803435025,23.91385841369629,9600,0.0,0.0,0.0
2011-10-07 00:00:00-04:00,24.028307758474323,24.028307758474323,23.707828521728516,23.707828521728516,400,0.0,0.0,0.0
2011-10-10 00:00:00-04:00,24.089351593148788,24.6082228821312,23.379718886475434,24.531919479370117,1200,0.0,0.0,0.0
2011-10-11 00:00:00-04:00,24.325900255432835,24.684531269164278,24.325900255432835,24.501401901245117,1300,0.0,0.0,0.0
2011-10-12 00:00:00-04:00,25.111833713866275,25.180507942869273,25.02026904545839,25.04315948486328,900,0.0,0.0,0.0
2011-10-13 00:00:00-04:00,24.7837317344839,25.02027702331543,24.737947930287373,25.02027702331543,700,0.0,0.0,0.0
2011-10-14 00:00:00-04:00,25.142355957736566,25.18050765991211,25.142355957736566,25.18050765991211,900,0.0,0.0,0.0
2011-10-17 00:00:00-04:00,24.890547785526447,25.088941280562945,24.88291860992724,24.966854095458984,1900,0.0,0.0,0.0
2011-10-18 00:00:00-04:00,24.76846734577075,24.860034942626953,24.76846734577075,24.860034942626953,200,0.0,0.0,0.0
2011-10-19 00:00:00-04:00,24.875294183132272,24.94396842782366,24.56244549304685,24.707426071166992,3300,0.0,0.0,0.0
2011-10-20 00:00:00-04:00,24.562439802879393,24.562439802879393,24.417462169133955,24.44798469543457,1800,0.0,0.0,0.0
2011-10-21 00:00:00-04:00,25.13472557067871,25.13472557067871,25.03553172047153,25.13472557067871,700,0.0,0.0,0.0
2011-10-24 00:00:00-04:00,25.699377059936523,25.699377059936523,25.699377059936523,25.699377059936523,200,0.0,0.0,0.0
2011-10-25 00:00:00-04:00,25.72227012023907,25.72227012023907,25.356008529663086,25.356008529663086,3000,0.0,0.0,0.0
2011-10-26 00:00:00-04:00,25.51624614033666,25.51624614033666,25.195768356323242,25.195768356323242,1300,0.0,0.0,0.0
2011-10-27 00:00:00-04:00,26.42427851872452,26.54636573791504,26.41664643020635,26.54636573791504,2900,0.0,0.0,0.0
2011-10-28 00:00:00-04:00,26.4471581228482,26.553984032006735,26.4471581228482,26.53109359741211,2300,0.0,0.0,0.0
2011-10-31 00:00:00-04:00,25.66885407827542,25.790941260507402,25.38652801513672,25.38652801513672,1200,0.0,0.0,0.0
2011-11-01 00:00:00-04:00,24.38693803180618,24.570070266723633,24.341155700773847,24.570070266723633,400,0.0,0.0,0.0
2011-11-02 00:00:00-04:00,24.600595474243164,24.600595474243164,24.600595474243164,24.600595474243164,200,0.0,0.0,0.0
2011-11-03 00:00:00-04:00,24.997378141896153,25.432316908677187,24.997378141896153,25.287336349487305,2900,0.0,0.0,0.0
2011-11-04 00:00:00-04:00,25.050787191705595,25.05841636657715,25.050787191705595,25.05841636657715,300,0.0,0.0,0.0
2011-11-07 00:00:00-05:00,25.142355610374633,25.302594503771054,24.951594191344153,25.203397750854492,3600,0.0,0.0,0.0
2011-11-08 00:00:00-05:00,25.15761771999156,25.615443976759735,25.111833929999403,25.569660186767578,4700,0.0,0.0,0.0
2011-11-09 00:00:00-05:00,24.776094574445946,24.867659242553003,24.12750544454529,24.188549041748047,11700,0.0,0.0,0.0
2011-11-10 00:00:00-05:00,24.524290583757544,24.524290583757544,24.43272590637207,24.43272590637207,1100,0.0,0.0,0.0
2011-11-11 00:00:00-05:00,24.745571708292452,25.24918174214718,24.745571708292452,24.98974609375,1700,0.0,0.0,0.0
2011-11-14 00:00:00-05:00,24.722682542068736,24.89818270872731,24.631114959716797,24.631114959716797,600,0.0,0.0,0.0
2011-11-15 00:00:00-05:00,24.49376515307812,24.654006958007812,24.49376515307812,24.654006958007812,500,0.0,0.0,0.0
2011-11-16 00:00:00-05:00,24.29537582397461,24.29537582397461,24.29537582397461,24.29537582397461,100,0.0,0.0,0.0
2011-11-17 00:00:00-05:00,24.112244715102776,24.165657681913178,23.745983123779297,23.745983123779297,1900,0.0,0.0,0.0
2011-11-18 00:00:00-05:00,23.921481037487514,24.02830696105957,23.921481037487514,24.02830696105957,1500,0.0,0.0,0.0
2011-11-21 00:00:00-05:00,23.364460669928857,23.364460669928857,23.112655639648438,23.112655639648438,1100,0.0,0.0,0.0
2011-11-22 00:00:00-05:00,23.143174471028072,23.39497947692871,23.143174471028072,23.39497947692871,2800,0.0,0.0,0.0
2011-11-23 00:00:00-05:00,22.738762396874062,22.738762396874062,22.563262226531858,22.647197723388672,5400,0.0,0.0,0.0
2011-11-25 00:00:00-05:00,22.647194556853535,22.647194556853535,22.395389556884766,22.395389556884766,400,0.0,0.0,0.0
2011-11-28 00:00:00-05:00,23.456025770319528,23.478917666361294,23.150807766733877,23.16606903076172,2400,0.0,0.0,0.0
2011-11-29 00:00:00-05:00,23.67731031915257,23.73835392138207,23.578113555908203,23.578113555908203,16600,0.0,0.0,0.0
2011-11-30 00:00:00-05:00,24.463247083942758,24.676898956298828,24.463247083942758,24.676898956298828,1400,0.0,0.0,0.0
2011-12-01 00:00:00-05:00,24.417465109151713,24.417465109151713,24.287747267543573,24.394573211669922,4800,0.0,0.0,0.0
2011-12-02 00:00:00-05:00,24.417463022656353,24.592963188837086,24.22670159279185,24.29537582397461,13600,0.0,0.0,0.0
2011-12-05 00:00:00-05:00,24.776093581393535,24.92870038519255,24.669267654418945,24.669267654418945,1500,0.0,0.0,0.0
2011-12-06 00:00:00-05:00,24.516659978700496,24.600595474243164,24.493766627596212,24.600595474243164,1000,0.0,0.0,0.0
2011-12-07 00:00:00-05:00,24.364052703891765,24.585336685180664,24.303009097914547,24.585336685180664,6500,0.0,0.0,0.0
2011-12-08 00:00:00-05:00,24.34115716203284,24.34115716203284,23.875700281907818,23.997787475585938,35800,0.0,0.0,0.0
2011-12-09 00:00:00-05:00,24.234328525513718,24.31826400756836,24.188546196844815,24.31826400756836,2400,0.0,0.0,0.0
2011-12-12 00:00:00-05:00,23.532329559326172,23.532329559326172,23.532329559326172,23.532329559326172,400,0.0,0.0,0.0
2011-12-13 00:00:00-05:00,23.974896805330825,23.974896805330825,23.303417205810547,23.303417205810547,700,0.0,0.0,0.0
2011-12-14 00:00:00-05:00,23.288154105015217,23.288154105015217,23.021087830499233,23.120283126831055,2400,0.0,0.0,0.0
2011-12-15 00:00:00-05:00,23.17369587482114,23.17369587482114,23.074499130249023,23.074499130249023,400,0.0,0.0,0.0
2011-12-16 00:00:00-05:00,23.08976410662675,23.20422067575269,23.051610946655273,23.051610946655273,500,0.0,0.0,0.0
2011-12-19 00:00:00-05:00,23.294326728078616,23.294326728078616,22.836814880371094,22.836814880371094,800,0.483,0.0,0.0
2011-12-20 00:00:00-05:00,23.627768404943325,23.682050704956055,23.45717132774194,23.682050704956055,1600,0.0,0.0,0.0
2011-12-21 00:00:00-05:00,23.193522489743714,23.38738342762458,23.193522489743714,23.34861183166504,7700,0.0,0.0,0.0
2011-12-22 00:00:00-05:00,23.37187105187779,23.604505033448312,23.3486086890497,23.526960372924805,1300,0.0,0.0,0.0
2011-12-23 00:00:00-05:00,23.426149514106683,23.744082738176456,23.426149514106683,23.736328125,1200,0.0,0.0,0.0
2011-12-27 00:00:00-05:00,23.550224310006904,23.720821380615234,23.364116532381505,23.720821380615234,4000,0.0,0.0,0.0
2011-12-28 00:00:00-05:00,23.325346405502764,23.418400300156005,23.325346405502764,23.379627227783203,6500,0.0,0.0,0.0
2011-12-29 00:00:00-05:00,23.43390187462294,23.61225500245419,23.333094871101878,23.588991165161133,26500,0.0,0.0,0.0
2011-12-30 00:00:00-05:00,23.821626065933906,23.87590835852019,23.635519785618943,23.66653823852539,10300,0.0,0.0,0.0
2012-01-03 00:00:00-05:00,24.395453286848646,24.604823399578635,24.395453286848646,24.597068786621094,4900,0.0,0.0,0.0
2012-01-04 00:00:00-05:00,24.597068786621094,24.597068786621094,24.597068786621094,24.597068786621094,0,0.0,0.0,0.0
2012-01-05 00:00:00-05:00,23.92243469492419,24.038750935902563,23.92243469492419,24.030996322631836,3900,0.0,0.0,0.0
2012-01-06 00:00:00-05:00,23.767343521118164,23.767343521118164,23.767343521118164,23.767343521118164,400,0.0,0.0,0.0
2012-01-09 00:00:00-05:00,23.775100379076083,23.860399647369743,23.68980111078242,23.744083404541016,1700,0.0,0.0,0.0
2012-01-10 00:00:00-05:00,24.22485681669035,24.22485681669035,24.139557551164145,24.14731216430664,900,0.0,0.0,0.0
2012-01-11 00:00:00-05:00,24.14731029688067,24.263628005981445,24.139555684337875,24.263628005981445,600,0.0,0.0,0.0
2012-01-12 00:00:00-05:00,24.31791306321358,24.488510131835938,24.30240383541845,24.488510131835938,2500,0.0,0.0,0.0
2012-01-13 00:00:00-05:00,24.488510131835938,24.488510131835938,24.488510131835938,24.488510131835938,0,0.0,0.0,0.0
2012-01-17 00:00:00-05:00,24.418719421842535,24.690124984712234,24.418719421842535,24.480754852294922,3900,0.0,0.0,0.0
2012-01-18 00:00:00-05:00,24.806442266062604,25.01581092816676,24.45749350986142,24.977039337158203,8200,0.0,0.0,0.0
2012-01-19 00:00:00-05:00,25.25619700522945,25.39577708539885,25.25619700522945,25.372514724731445,5400,0.0,0.0,0.0
2012-01-20 00:00:00-05:00,25.25619727022606,25.496585845947266,25.25619727022606,25.496585845947266,1800,0.0,0.0,0.0
2012-01-23 00:00:00-05:00,25.69820155726231,25.721463919695655,25.67493919482896,25.71371078491211,1600,0.0,0.0,0.0
2012-01-24 00:00:00-05:00,25.26395234195537,25.349248647879122,25.26395234195537,25.341495513916016,1000,0.0,0.0,0.0
2012-01-25 00:00:00-05:00,25.488830280730244,25.744728088378906,25.35700628872887,25.744728088378906,3600,0.0,0.0,0.0
2012-01-26 00:00:00-05:00,25.86104459002699,26.023890004958044,25.65943054222666,25.69820213317871,22500,0.0,0.0,0.0
2012-01-27 00:00:00-05:00,25.75247853412163,26.07041025831761,25.75247853412163,25.977357864379883,51200,0.0,0.0,0.0
2012-01-30 00:00:00-05:00,25.659430956516047,25.752483367919922,25.620659364938003,25.752483367919922,27300,0.0,0.0,0.0
2012-01-31 00:00:00-05:00,25.96185096524263,26.031641006469727,25.83002697519285,26.031641006469727,60700,0.0,0.0,0.0
2012-02-01 00:00:00-05:00,26.24101324459931,26.551191887953884,26.24101324459931,26.41936492919922,33600,0.0,0.0,0.0
2012-02-02 00:00:00-05:00,26.489148378255233,26.675256109529677,26.489148378255233,26.574447631835938,1900,0.0,0.0,0.0
2012-02-03 00:00:00-05:00,26.93891532491572,27.016458511352543,26.923406096011764,27.01645851135254,1300,0.0,0.0,0.0
2012-02-06 00:00:00-05:00,26.830349383833155,26.9234047526137,26.830349383833155,26.88463020324707,8100,0.0,0.0,0.0
2012-02-07 00:00:00-05:00,26.884624815767523,26.884624815767523,26.768310065224664,26.86136245727539,500,0.0,0.0,0.0
2012-02-08 00:00:00-05:00,27.03971584317151,27.225823597298582,27.03971584317151,27.194805145263672,1300,0.0,0.0,0.0
2012-02-09 00:00:00-05:00,27.272350987953708,27.287860215489925,27.225826263427734,27.225826263427734,5600,0.0,0.0,0.0
2012-02-10 00:00:00-05:00,26.838102915614794,26.861365276548458,26.760556782365047,26.822593688964844,1400,0.0,0.0,0.0
2012-02-13 00:00:00-05:00,27.125022480216625,27.140531710449725,27.070741653442383,27.070741653442383,3700,0.0,0.0,0.0
2012-02-14 00:00:00-05:00,26.683008385673578,26.729536056518555,26.683008385673578,26.729536056518555,1100,0.0,0.0,0.0
2012-02-15 00:00:00-05:00,26.729536056518555,26.729536056518555,26.729536056518555,26.729536056518555,0,0.0,0.0,0.0
2012-02-16 00:00:00-05:00,26.845853969459426,27.15603256225586,26.845853969459426,27.15603256225586,2700,0.0,0.0,0.0
2012-02-17 00:00:00-05:00,27.218070170618283,27.24908862569072,27.218070170618283,27.225826263427734,2000,0.0,0.0,0.0
2012-02-21 00:00:00-05:00,27.38091468811035,27.435195503676265,27.38091468811035,27.38091468811035,3000,0.0,0.0,0.0
2012-02-22 00:00:00-05:00,27.171542903926426,27.450703057294817,27.171542903926426,27.3886661529541,2500,0.0,0.0,0.0
2012-02-23 00:00:00-05:00,27.4662153078259,27.51274299621582,27.4662153078259,27.51274299621582,3000,0.0,0.0,0.0
2012-02-24 00:00:00-05:00,27.861693340884614,27.861693340884614,27.70660400390625,27.70660400390625,1000,0.0,0.0,0.0
2012-02-27 00:00:00-05:00,27.419689499419878,27.667831244910136,27.419689499419878,27.62130355834961,8300,0.0,0.0,0.0
2012-02-28 00:00:00-05:00,27.613550915342834,27.86944580078125,27.613550915342834,27.86944580078125,2100,0.0,0.0,0.0
2012-02-29 00:00:00-05:00,27.85393290918689,27.85393290918689,27.567019603214092,27.57477569580078,11700,0.0,0.0,0.0
2012-03-01 00:00:00-05:00,27.6057931606373,27.6057931606373,27.53600311279297,27.53600311279297,1400,0.0,0.0,0.0
2012-03-02 00:00:00-05:00,27.62129789795323,27.62129789795323,27.442946239811665,27.47396469116211,3300,0.0,0.0,0.0
2012-03-05 00:00:00-05:00,27.48947621909917,27.48947621909917,27.303368453492176,27.411930084228516,2400,0.0,0.0,0.0
2012-03-06 00:00:00-05:00,26.68301472600439,26.68301472600439,26.334064506955503,26.450382232666016,4000,0.0,0.0,0.0
2012-03-07 00:00:00-05:00,26.597718694994178,26.869125768686946,26.597718694994178,26.80708885192871,1400,0.0,0.0,0.0
2012-03-08 00:00:00-05:00,27.179299251682938,27.411931754302902,27.101756070170538,27.404178619384766,5700,0.0,0.0,0.0
2012-03-09 00:00:00-05:00,27.23357639501542,27.318875658017042,26.721783775088035,27.218067169189453,27400,0.0,0.0,0.0
2012-03-12 00:00:00-04:00,27.18705368041992,27.18705368041992,27.18705368041992,27.187053680419922,300,0.0,0.0,0.0
2012-03-13 00:00:00-04:00,27.30336616681699,27.567017087131116,27.25684144787365,27.47396469116211,24000,0.0,0.0,0.0
2012-03-14 00:00:00-04:00,27.419688586326103,27.442950949790244,27.287861624502675,27.318880081176758,7100,0.0,0.0,0.0
2012-03-15 00:00:00-04:00,27.373156387844247,27.520492553710934,27.373156387844247,27.520492553710938,2500,0.0,0.0,0.0
2012-03-16 00:00:00-04:00,27.76087985372513,27.791898307179284,27.737617492675778,27.73761749267578,1700,0.0,0.0,0.0
2012-03-19 00:00:00-04:00,27.59028256294717,27.85393052669129,27.59028256294717,27.784143447875977,6600,0.0,0.0,0.0
2012-03-20 00:00:00-04:00,27.34213642420556,27.458454132080078,27.34213642420556,27.458454132080078,500,0.0,0.0,0.0
2012-03-21 00:00:00-04:00,27.489473978854228,27.489473978854228,27.311122320310297,27.326631546020508,2100,0.0,0.0,0.0
2012-03-22 00:00:00-04:00,27.07848501105718,27.109503460322134,27.05522265314953,27.062978744506836,6500,0.0,0.0,0.0
2012-03-23 00:00:00-04:00,27.202558944752017,27.256839752197266,27.202558944752017,27.256839752197266,500,0.0,0.0,0.0
2012-03-26 00:00:00-04:00,27.667827451445195,27.737617492675778,27.667827451445195,27.73761749267578,600,0.0,0.0,0.0
2012-03-27 00:00:00-04:00,27.72986288988115,27.72986288988115,27.683338165283203,27.683338165283203,1500,0.0,0.0,0.0
2012-03-28 00:00:00-04:00,27.365400887035968,27.365400887035968,27.28785476484441,27.349891662597656,1500,0.0,0.0,0.0
2012-03-29 00:00:00-04:00,27.13277318308185,27.272350311279297,27.13277318308185,27.272350311279297,1700,0.0,0.0,0.0
2012-03-30 00:00:00-04:00,27.551507137695086,27.559263229370117,27.551507137695086,27.559263229370117,2800,0.0,0.0,0.0
2012-04-02 00:00:00-04:00,27.46621121118864,27.76863670349121,27.4351957149711,27.76863670349121,2100,0.0,0.0,0.0
2012-04-03 00:00:00-04:00,27.458455465486885,27.47396469116211,27.458455465486885,27.47396469116211,700,0.0,0.0,0.0
2012-04-04 00:00:00-04:00,26.807086528255688,26.807086528255688,26.61322561731483,26.752805709838867,10200,0.0,0.0,0.0
2012-04-05 00:00:00-04:00,26.768310268697313,26.77606340222622,26.55894016643004,26.64423942565918,9200,0.0,0.0,0.0
2012-04-09 00:00:00-04:00,26.620983123779297,26.620983123779297,26.620983123779297,26.620983123779297,600,0.0,0.0,0.0
2012-04-10 00:00:00-04:00,26.365079623549732,26.365079623549732,25.95409550541602,25.977357864379883,5200,0.0,0.0,0.0
2012-04-11 00:00:00-04:00,26.42711510941643,26.42711510941643,26.372831344604492,26.372831344604492,2200,0.0,0.0,0.0
2012-04-12 00:00:00-04:00,26.651993766301874,26.985434726709386,26.651993766301874,26.954416275024414,2500,0.0,0.0,0.0
2012-04-13 00:00:00-04:00,26.791577281072726,26.791577281072726,26.63648796081543,26.63648796081543,800,0.0,0.0,0.0
2012-04-16 00:00:00-04:00,26.45814040712509,26.613229751586914,26.45814040712509,26.613229751586914,700,0.0,0.0,0.0
2012-04-17 00:00:00-04:00,27.062986021620745,27.062986021620745,26.96993064880371,26.96993064880371,1300,0.0,0.0,0.0
2012-04-18 00:00:00-04:00,26.923403857943377,27.039718627929688,26.892385402713945,27.039718627929688,800,0.0,0.0,0.0
2012-04-19 00:00:00-04:00,26.923403023921434,27.008702294118653,26.74505134900117,26.931156158447266,3300,0.0,0.0,0.0
2012-04-20 00:00:00-04:00,27.070735272690268,27.163787674072587,27.00870132446289,27.00870132446289,2400,0.0,0.0,0.0
2012-04-23 00:00:00-04:00,26.48915672302246,26.48915672302246,26.31855816211811,26.48915672302246,6900,0.0,0.0,0.0
2012-04-24 00:00:00-04:00,26.74504791002836,26.74504791002836,26.644239425659176,26.64423942565918,500,0.0,0.0,0.0
2012-04-25 00:00:00-04:00,26.99319209788542,27.00870132446289,26.946664418153006,27.00870132446289,900,0.0,0.0,0.0
2012-04-26 00:00:00-04:00,27.070736274476214,27.303368765582114,27.070736274476214,27.272350311279297,800,0.0,0.0,0.0
2012-04-27 00:00:00-04:00,27.249084897488704,27.349893383640236,27.249084897488704,27.30336570739746,8800,0.0,0.0,0.0
2012-04-30 00:00:00-04:00,27.132771199276245,27.194805145263672,27.132771199276245,27.194805145263672,600,0.0,0.0,0.0
2012-05-01 00:00:00-04:00,27.000946175415198,27.59803810813605,27.000946175415198,27.311124801635742,1700,0.0,0.0,0.0
2012-05-02 00:00:00-04:00,27.06298381142146,27.225826263427734,27.06298381142146,27.225826263427734,2500,0.0,0.0,0.0
2012-05-03 00:00:00-04:00,27.16379407675777,27.16379407675777,27.070741653442383,27.070741653442383,700,0.0,0.0,0.0
2012-05-04 00:00:00-04:00,26.768310868185782,26.768310868185782,26.3573267460582,26.365079879760742,600,0.0,0.0,0.0
2012-05-07 00:00:00-04:00,26.465885021995152,26.535675048828125,26.465885021995152,26.535675048828125,800,0.0,0.0,0.0
2012-05-08 00:00:00-04:00,26.264272996696306,26.264272996696306,25.923078889389224,26.124692916870117,1700,0.0,0.0,0.0
2012-05-09 00:00:00-04:00,25.58963540919593,25.845533183167344,25.481073792874312,25.79900550842285,4000,0.0,0.0,0.0
2012-05-10 00:00:00-04:00,25.954097173202857,26.10143038624528,25.94634108099499,25.969606399536133,5000,0.0,0.0,0.0
2012-05-11 00:00:00-04:00,25.969606399536133,25.969606399536133,25.969606399536133,25.969606399536133,0,0.0,0.0,0.0
2012-05-14 00:00:00-04:00,25.225178859410335,25.310478127006014,25.225178859410335,25.232934951782227,400,0.0,0.0,0.0
2012-05-15 00:00:00-04:00,25.01580557471552,25.07008934020996,25.01580557471552,25.07008934020996,600,0.0,0.0,0.0
2012-05-16 00:00:00-04:00,24.798686300630326,24.798686300630326,24.604825398069348,24.62033462524414,2500,0.0,0.0,0.0
2012-05-17 00:00:00-04:00,24.581561743438773,24.581561743438773,24.34117317199707,24.34117317199707,300,0.0,0.0,0.0
2012-05-18 00:00:00-04:00,24.217100198677386,24.217100198677386,24.069766998291016,24.069766998291016,400,0.0,0.0,0.0
2012-05-21 00:00:00-04:00,24.240370872576623,24.302406311035156,24.240370872576623,24.302406311035156,600,0.0,0.0,0.0
2012-05-22 00:00:00-04:00,24.63584425864616,24.690125075611675,24.48850955613881,24.504018783569336,3600,0.0,0.0,0.0
2012-05-23 00:00:00-04:00,24.015487670898438,24.015487670898438,24.015487670898438,24.015487670898438,500,0.0,0.0,0.0
2012-05-24 00:00:00-04:00,24.201590637634332,24.201590637634332,23.90692276191199,24.093029022216797,3700,0.0,0.0,0.0
2012-05-25 00:00:00-04:00,24.038750269202133,24.038750269202133,24.02324104309082,24.02324104309082,1100,0.0,0.0,0.0
2012-05-29 00:00:00-04:00,24.356685638427734,24.356685638427734,24.356685638427734,24.356685638427734,200,0.0,0.0,0.0
2012-05-30 00:00:00-04:00,23.937944166372535,23.98447036743164,23.92243493967241,23.98447036743164,3000,0.0,0.0,0.0
2012-05-31 00:00:00-04:00,24.05426042829659,24.155067443847656,24.05426042829659,24.155067443847656,1500,0.0,0.0,0.0
2012-06-01 00:00:00-04:00,23.588996888542002,23.588996888542002,23.418399810791016,23.418399810791016,1900,0.0,0.0,0.0
2012-06-04 00:00:00-04:00,23.480427360012715,23.480427360012715,23.457163524888664,23.46491813659668,900,0.0,0.0,0.0
2012-06-05 00:00:00-04:00,23.534712619535835,23.736328125,23.534712619535835,23.736328125,3900,0.0,0.0,0.0
2012-06-06 00:00:00-04:00,23.85264778137207,23.85264778137207,23.85264778137207,23.85264778137207,100,0.0,0.0,0.0
2012-06-07 00:00:00-04:00,24.61257948269021,24.61257948269021,24.3721923828125,24.3721923828125,1700,0.0,0.0,0.0
2012-06-08 00:00:00-04:00,24.093032940379945,24.286893844604492,24.093032940379945,24.286893844604492,600,0.0,0.0,0.0
2012-06-11 00:00:00-04:00,24.527284470891026,24.527284470891026,24.03100095816255,24.139562606811523,1000,0.0,0.0,0.0
2012-06-12 00:00:00-04:00,23.992227143343424,24.139560373150818,23.992227143343424,24.108543395996094,1300,0.0,0.0,0.0
2012-06-13 00:00:00-04:00,23.999979348590188,24.030996322631836,23.999979348590188,24.030996322631836,1200,0.0,0.0,0.0
2012-06-14 00:00:00-04:00,23.945694438265356,24.11629295349121,23.945694438265356,24.11629295349121,1500,0.0,0.0,0.0
2012-06-15 00:00:00-04:00,24.403207899806183,24.597068786621094,24.364436314059677,24.597068786621094,2900,0.0,0.0,0.0
2012-06-18 00:00:00-04:00,24.449734881611306,24.449734881611306,24.418716430664062,24.418716430664062,700,0.0,0.0,0.0
2012-06-19 00:00:00-04:00,25.008049914364786,25.008049914364786,24.953769112437516,24.96927833557129,1600,0.0,0.0,0.0
2012-06-20 00:00:00-04:00,24.958980225754647,24.99861114298693,24.91142463684082,24.91142463684082,3100,0.697,0.0,0.0
2012-06-21 00:00:00-04:00,24.824237684868407,24.85594241808484,24.523050278136743,24.54682731628418,900,0.0,0.0,0.0
2012-06-22 00:00:00-04:00,24.744976856897708,24.744976856897708,24.689495086669922,24.689495086669922,900,0.0,0.0,0.0
2012-06-25 00:00:00-04:00,24.364526553330876,24.364526553330876,24.102968584443456,24.126747131347656,1200,0.0,0.0,0.0
2012-06-26 00:00:00-04:00,24.015780447098027,24.301116943359375,24.015780447098027,24.301116943359375,4100,0.0,0.0,0.0
2012-06-27 00:00:00-04:00,24.42001081776957,24.42001081776957,24.348676681518555,24.348676681518555,600,0.0,0.0,0.0
2012-06-28 00:00:00-04:00,24.261489061183532,24.316970825195312,24.158450203649068,24.316970825195312,1300,0.0,0.0,0.0
2012-06-29 00:00:00-04:00,25.125426402304587,25.20468521118164,25.125426402304587,25.20468521118164,1800,0.0,0.0,0.0
2012-07-02 00:00:00-04:00,25.418685913085938,25.830838343280345,25.27601764788289,25.418685913085938,10700,0.0,0.0,0.0
2012-07-03 00:00:00-04:00,25.53758049011231,25.53758049011231,25.53758049011231,25.537580490112305,200,0.0,0.0,0.0
2012-07-05 00:00:00-04:00,25.22053749542512,25.379058136192082,25.22053749542512,25.307723999023438,1800,0.0,0.0,0.0
2012-07-06 00:00:00-04:00,25.133352004199523,25.133352004199523,25.022388458251953,25.022388458251953,1000,0.0,0.0,0.0
2012-07-09 00:00:00-04:00,24.88764232367003,24.94312408764187,24.848012924194336,24.848012924194336,400,0.0,0.0,0.0
2012-07-10 00:00:00-04:00,25.07786865740191,25.07786865740191,25.069942474365234,25.069942474365234,200,0.0,0.0,0.0
2012-07-11 00:00:00-04:00,24.832165068962478,24.91935157775879,24.832165068962478,24.91935157775879,600,0.0,0.0,0.0
2012-07-12 00:00:00-04:00,24.91935157775879,24.91935157775879,24.91935157775879,24.91935157775879,0,0.0,0.0,0.0
2012-07-13 00:00:00-04:00,24.8480136826223,24.855939865112305,24.8480136826223,24.855939865112305,700,0.0,0.0,0.0
2012-07-16 00:00:00-04:00,24.887645721435547,24.887645721435547,24.887645721435547,24.887645721435547,1200,0.0,0.0,0.0
2012-07-17 00:00:00-04:00,24.69741983799863,25.05409049987793,24.69741983799863,25.05409049987793,700,0.0,0.0,0.0
2012-07-18 00:00:00-04:00,24.784607497964082,25.006534576416016,24.784607497964082,25.006534576416016,900,0.0,0.0,0.0
2012-07-19 00:00:00-04:00,25.196762084960938,25.196762084960938,25.196762084960938,25.196762084960938,200,0.0,0.0,0.0
2012-07-20 00:00:00-04:00,24.990684509277344,24.990684509277344,24.990684509277344,24.990684509277344,700,0.0,0.0,0.0
2012-07-23 00:00:00-04:00,24.229789970852075,24.38831062928877,24.206012930322096,24.38038444519043,2000,0.0,0.0,0.0
2012-07-24 00:00:00-04:00,24.079188612070183,24.079188612070183,23.920669510720476,23.98407745361328,3200,0.0,0.0,0.0
2012-07-25 00:00:00-04:00,23.98407745361328,23.98407745361328,23.98407745361328,23.98407745361328,0,0.0,0.0,0.0
2012-07-26 00:00:00-04:00,24.855939865112305,24.855939865112305,24.855939865112305,24.855939865112305,100,0.0,0.0,0.0
2012-07-27 00:00:00-04:00,24.927275062956408,25.402833938598633,24.927275062956408,25.402833938598633,1500,0.0,0.0,0.0
2012-07-30 00:00:00-04:00,25.125430699174313,25.228468075394527,25.054096549573732,25.101652145385742,3600,0.0,0.0,0.0
2012-07-31 00:00:00-04:00,25.077869415283203,25.101647965111844,25.077869415283203,25.077869415283203,1400,0.0,0.0,0.0
2012-08-01 00:00:00-04:00,25.315648876542486,25.315648876542486,24.95897820909512,25.038238525390625,800,0.0,0.0,0.0
2012-08-02 00:00:00-04:00,24.776678454315853,24.800457000732422,24.673639598275386,24.800457000732422,1200,0.0,0.0,0.0
2012-08-03 00:00:00-04:00,25.109574705482395,25.315650939941406,25.109574705482395,25.315650939941406,600,0.0,0.0,0.0
2012-08-06 00:00:00-04:00,25.48209798754661,25.672320344968718,25.48209798754661,25.490022659301758,1200,0.0,0.0,0.0
2012-08-07 00:00:00-04:00,25.751579675679082,25.85461551612445,25.680245542700984,25.735727310180664,2300,0.0,0.0,0.0
2012-08-08 00:00:00-04:00,25.6326904296875,25.6326904296875,25.6326904296875,25.6326904296875,200,0.0,0.0,0.0
2012-08-09 00:00:00-04:00,25.775359496502272,25.78328416834275,25.60098648071289,25.60098648071289,700,0.0,0.0,0.0
2012-08-10 00:00:00-04:00,25.60891375288892,25.640615463256836,25.60891375288892,25.640615463256836,1200,0.0,0.0,0.0
2012-08-13 00:00:00-04:00,25.608913698166795,25.719877243041992,25.608913698166795,25.719877243041992,500,0.0,0.0,0.0
2012-08-14 00:00:00-04:00,25.918026838285048,25.918026838285048,25.751581523900036,25.783283233642578,2300,0.0,0.0,0.0
2012-08-15 00:00:00-04:00,25.862542050843306,25.862542050843306,25.727798461914062,25.727798461914062,400,0.0,0.0,0.0
2012-08-16 00:00:00-04:00,25.87047004699707,26.044843058545226,25.81498827487353,25.87047004699707,8700,0.0,0.0,0.0
2012-08-17 00:00:00-04:00,26.108251302140708,26.108251302140708,25.99728775024414,25.99728775024414,900,0.0,0.0,0.0
2012-08-20 00:00:00-04:00,26.13995630781873,26.13995630781873,25.910101505928754,26.108251571655273,2000,0.0,0.0,0.0
2012-08-21 00:00:00-04:00,26.472848892211918,26.472848892211918,26.472848892211918,26.472848892211914,300,0.0,0.0,0.0
2012-08-22 00:00:00-04:00,26.08447245638427,26.33017960681097,26.08447245638427,26.314327239990234,2800,0.0,0.0,0.0
2012-08-23 00:00:00-04:00,26.31433165370152,26.31433165370152,26.0924015045166,26.0924015045166,2000,0.0,0.0,0.0
2012-08-24 00:00:00-04:00,26.07654495199086,26.07654495199086,26.052764892578125,26.052764892578125,2200,0.0,0.0,0.0
2012-08-27 00:00:00-04:00,26.187509643719874,26.187509643719874,26.028989009243535,26.060693740844727,400,0.0,0.0,0.0
2012-08-28 00:00:00-04:00,25.87839341604872,26.036911010742188,25.87839341604872,26.036911010742188,500,0.0,0.0,0.0
2012-08-29 00:00:00-04:00,25.989358382646145,26.155803680419922,25.87046715650517,26.155803680419922,1300,0.0,0.0,0.0
2012-08-30 00:00:00-04:00,25.957654667780933,25.957654667780933,25.608911693539415,25.846691131591797,1200,0.0,0.0,0.0
2012-08-31 00:00:00-04:00,25.973508750751137,26.084472294276875,25.973508750751137,26.076547622680664,1000,0.0,0.0,0.0
2012-09-04 00:00:00-04:00,26.076547622680664,26.076547622680664,26.076547622680664,26.076547622680664,0,0.0,0.0,0.0
2012-09-05 00:00:00-04:00,25.704023361206055,25.704023361206055,25.704023361206055,25.704023361206055,200,0.0,0.0,0.0
2012-09-06 00:00:00-04:00,26.39358424424985,26.39358424424985,26.17958184211044,26.187509536743164,3700,0.0,0.0,0.0
2012-09-07 00:00:00-04:00,26.560032830987172,26.797815322875977,26.560032830987172,26.797815322875977,1900,0.0,0.0,0.0
2012-09-10 00:00:00-04:00,26.813664313793783,26.813664313793783,26.623438948944752,26.70269775390625,1100,0.0,0.0,0.0
2012-09-11 00:00:00-04:00,26.671001662280506,26.964262930626997,26.671001662280506,26.805742263793945,1400,0.0,0.0,0.0
2012-09-12 00:00:00-04:00,27.08314170363219,27.122774124145508,27.08314170363219,27.122774124145508,2400,0.0,0.0,0.0
2012-09-13 00:00:00-04:00,27.18618591828586,27.542856608570425,27.083147046974812,27.52700424194336,2400,0.0,0.0,0.0
2012-09-14 00:00:00-04:00,28.232421311529418,28.232421311529418,27.84404886496801,28.034271240234375,2100,0.0,0.0,0.0
2012-09-17 00:00:00-04:00,27.923305267532267,27.923305267532267,27.78856468200684,27.788564682006836,500,0.0,0.0,0.0
2012-09-18 00:00:00-04:00,27.661745172741508,27.661745172741508,27.384333318876955,27.534929275512695,800,0.0,0.0,0.0
2012-09-19 00:00:00-04:00,27.542856772214975,27.76478385925293,27.542856772214975,27.76478385925293,600,0.0,0.0,0.0
2012-09-20 00:00:00-04:00,27.47945065315242,27.550784800323804,27.400191833419846,27.439821243286133,1700,0.0,0.0,0.0
2012-09-21 00:00:00-04:00,27.637963981683896,27.637963981683896,27.503223419189453,27.503223419189453,1900,0.0,0.0,0.0
2012-09-24 00:00:00-04:00,27.305080380891276,27.328857421875,27.297152684876608,27.328857421875,600,0.0,0.0,0.0
2012-09-25 00:00:00-04:00,27.50322564016529,27.590412139892578,27.50322564016529,27.590412139892578,700,0.0,0.0,0.0
2012-09-26 00:00:00-04:00,27.154481918578764,27.154481918578764,27.0514460680141,27.130704879760742,1500,0.0,0.0,0.0
2012-09-27 00:00:00-04:00,27.22581532308864,27.52700424194336,27.12277947530737,27.52700424194336,1100,0.0,0.0,0.0
2012-09-28 00:00:00-04:00,26.995966523156742,27.241670673968073,26.995966523156742,27.194116592407227,800,0.0,0.0,0.0
2012-10-01 00:00:00-04:00,27.23374302015343,27.471522472517222,27.083147048950195,27.083147048950195,2900,0.0,0.0,0.0
2012-10-02 00:00:00-04:00,27.265444973453768,27.265444973453768,27.21788787841797,27.21788787841797,3000,0.0,0.0,0.0
2012-10-03 00:00:00-04:00,27.26544952392578,27.26544952392578,27.26544952392578,27.26544952392578,600,0.0,0.0,0.0
2012-10-04 00:00:00-04:00,27.360556328530027,27.45566749572754,27.360556328530027,27.45566749572754,500,0.0,0.0,0.0
2012-10-05 00:00:00-04:00,27.88367399840124,27.88367399840124,27.709300994873047,27.709300994873047,300,0.0,0.0,0.0
2012-10-08 00:00:00-04:00,27.519079714851017,27.519079714851017,27.37641143798828,27.37641143798828,900,0.0,0.0,0.0
2012-10-09 00:00:00-04:00,27.24959373474121,27.24959373474121,27.24959373474121,27.24959373474121,400,0.0,0.0,0.0
2012-10-10 00:00:00-04:00,27.24959373474121,27.24959373474121,27.24959373474121,27.24959373474121,0,0.0,0.0,0.0
2012-10-11 00:00:00-04:00,27.257523534254926,27.257523534254926,27.075225830078125,27.075225830078125,400,0.0,0.0,0.0
2012-10-12 00:00:00-04:00,27.075225830078125,27.075225830078125,27.075225830078125,27.075225830078125,0,0.0,0.0,0.0
2012-10-15 00:00:00-04:00,27.21789402763832,27.21789402763832,27.178264617919922,27.178264617919922,1500,0.0,0.0,0.0
2012-10-16 00:00:00-04:00,27.463593150060703,27.6617431640625,27.463593150060703,27.6617431640625,300,0.0,0.0,0.0
2012-10-17 00:00:00-04:00,27.75686178796718,27.844048301336954,27.75686178796718,27.83612060546875,900,0.0,0.0,0.0
2012-10-18 00:00:00-04:00,27.828193326137942,27.844045692859197,27.76478385925293,27.76478385925293,800,0.0,0.0,0.0
2012-10-19 00:00:00-04:00,27.76478385925293,27.76478385925293,27.76478385925293,27.76478385925293,0,0.0,0.0,0.0
2012-10-22 00:00:00-04:00,27.701371757610502,27.71722412109375,27.653814667160763,27.71722412109375,1200,0.0,0.0,0.0
2012-10-23 00:00:00-04:00,27.320930537250124,27.320930537250124,27.241668701171875,27.241668701171875,900,0.0,0.0,0.0
2012-10-24 00:00:00-04:00,27.384336471557617,27.384336471557617,27.384336471557617,27.384336471557617,900,0.0,0.0,0.0
2012-10-25 00:00:00-04:00,27.590412139892578,27.590412139892578,27.527002676989238,27.590412139892578,1400,0.0,0.0,0.0
2012-10-26 00:00:00-04:00,27.590412139892578,27.590412139892578,27.590412139892578,27.590412139892578,0,0.0,0.0,0.0
2012-10-31 00:00:00-04:00,27.733081702792823,27.733081702792823,27.416040420532227,27.416040420532227,1200,0.0,0.0,0.0
2012-11-01 00:00:00-04:00,27.756859464364165,27.875747680664062,27.756859464364165,27.875747680664062,700,0.0,0.0,0.0
2012-11-02 00:00:00-04:00,27.70137786865234,27.70137786865234,27.70137786865234,27.701377868652344,200,0.0,0.0,0.0
2012-11-05 00:00:00-05:00,27.70137786865234,27.70137786865234,27.70137786865234,27.701377868652344,0,0.0,0.0,0.0
2012-11-06 00:00:00-05:00,27.70137786865234,27.70137786865234,27.70137786865234,27.701377868652344,0,0.0,0.0,0.0
2012-11-07 00:00:00-05:00,27.455671035639092,27.455671035639092,27.313002754683588,27.344707489013672,700,0.0,0.0,0.0
2012-11-08 00:00:00-05:00,27.17033692185815,27.18618929045154,27.17033692185815,27.178264617919922,500,0.0,0.0,0.0
2012-11-09 00:00:00-05:00,27.0672984350694,27.130704879760742,27.0672984350694,27.130704879760742,1400,0.0,0.0,0.0
2012-11-12 00:00:00-05:00,27.011815655465224,27.04351736486451,26.972183227539062,26.972183227539062,1900,0.0,0.0,0.0
2012-11-13 00:00:00-05:00,26.845366619257845,26.900848388671875,26.71855071437868,26.900848388671875,1800,0.0,0.0,0.0
2012-11-14 00:00:00-05:00,26.789884253481652,26.789884253481652,26.599661912162222,26.70269775390625,1300,0.0,0.0,0.0
2012-11-15 00:00:00-05:00,26.63928953635788,26.63928953635788,26.50454594868252,26.55210304260254,1800,0.0,0.0,0.0
2012-11-16 00:00:00-05:00,26.58381119847045,26.58381119847045,26.52832942684366,26.56795883178711,400,0.0,0.0,0.0
2012-11-19 00:00:00-05:00,26.95633388647989,27.10692987302983,26.95633388647989,27.003890991210938,1100,0.0,0.0,0.0
2012-11-20 00:00:00-05:00,27.178262436878967,27.178262436878967,27.05937119373458,27.067298889160156,4000,0.0,0.0,0.0
2012-11-21 00:00:00-05:00,27.0276686280478,27.178264617919922,27.0276686280478,27.178264617919922,1100,0.0,0.0,0.0
2012-11-23 00:00:00-05:00,27.455670103886447,27.566633646746137,27.4001883324566,27.52700424194336,2100,0.0,0.0,0.0
2012-11-26 00:00:00-05:00,27.637963495727053,27.67759289437983,27.62211113156008,27.645891189575195,700,0.0,0.0,0.0
2012-11-27 00:00:00-05:00,27.748931884765625,27.748931884765625,27.748931884765625,27.748931884765625,400,0.0,0.0,0.0
2012-11-28 00:00:00-05:00,27.503224935705596,27.51907730102539,27.503224935705596,27.51907730102539,500,0.0,0.0,0.0
2012-11-29 00:00:00-05:00,27.820262908935547,27.820262908935547,27.820262908935547,27.820262908935547,100,0.0,0.0,0.0
2012-11-30 00:00:00-05:00,27.80441704916216,27.81234172097488,27.78856468200684,27.788564682006836,1200,0.0,0.0,0.0
2012-12-03 00:00:00-05:00,27.899526596069336,27.899526596069336,27.899526596069336,27.899526596069336,300,0.0,0.0,0.0
2012-12-04 00:00:00-05:00,27.899526596069336,27.899526596069336,27.899526596069336,27.899526596069336,0,0.0,0.0,0.0
2012-12-05 00:00:00-05:00,28.042192849705604,28.042192849705604,28.02634048461914,28.02634048461914,1200,0.0,0.0,0.0
2012-12-06 00:00:00-05:00,28.200713084233577,28.200713084233577,28.042192459106445,28.042192459106445,1300,0.0,0.0,0.0
2012-12-07 00:00:00-05:00,28.08974643095656,28.169008255004883,28.073894066146895,28.169008255004883,900,0.0,0.0,0.0
2012-12-10 00:00:00-05:00,28.065969439732477,28.153155934558303,28.065969439732477,28.089746475219727,3500,0.0,0.0,0.0
2012-12-11 00:00:00-05:00,28.20072210109006,28.38301982003856,28.20072210109006,28.208646774291992,2900,0.0,0.0,0.0
2012-12-12 00:00:00-05:00,28.367158889770508,28.620790685119765,28.359231195430503,28.367158889770508,13800,0.0,0.0,0.0
2012-12-13 00:00:00-05:00,28.327526103962768,28.37508017020285,28.272041320800778,28.27204132080078,2400,0.0,0.0,0.0
2012-12-14 00:00:00-05:00,28.501903228677754,28.55738500227931,28.414716720581055,28.414716720581055,7200,0.0,0.0,0.0
2012-12-17 00:00:00-05:00,28.544544791383608,28.5606689453125,28.44778141208274,28.5606689453125,7400,0.611,0.0,0.0
2012-12-18 00:00:00-05:00,28.713869153596004,28.9235169395185,28.641298174631707,28.915454864501953,5300,0.0,0.0,0.0
2012-12-19 00:00:00-05:00,28.955780426797734,29.052540736958413,28.931591118246264,29.012224197387695,14900,0.0,0.0,0.0
2012-12-20 00:00:00-05:00,29.076726318896334,29.125104924680983,29.004155334265274,29.092853546142578,12200,0.0,0.0,0.0
2012-12-21 00:00:00-05:00,28.78643930305726,29.15735626220703,28.762246926797058,29.15735626220703,11200,0.0,0.0,0.0
2012-12-24 00:00:00-05:00,28.89932514065773,28.947706814436764,28.826754167965966,28.93157958984375,2100,0.0,0.0,0.0
2012-12-26 00:00:00-05:00,28.931581559638545,29.133167266845703,28.899327108256493,29.133167266845703,500,0.0,0.0,0.0
2012-12-27 00:00:00-05:00,28.98803048193925,29.02834701538086,28.89127018648853,29.02834701538086,2900,0.0,0.0,0.0
2012-12-28 00:00:00-05:00,28.939645173353764,29.052532683239885,28.834819738764956,28.955772399902344,11900,0.0,0.0,0.0
2012-12-31 00:00:00-05:00,28.9477067045985,29.270241967374186,28.9477067045985,29.237987518310547,8000,0.0,0.0,0.0
2013-01-02 00:00:00-05:00,29.633101332900125,29.842749131767537,29.58471965195194,29.745988845825195,3500,0.0,0.0,0.0
2013-01-03 00:00:00-05:00,29.657289917998522,29.79436980605879,29.46376935079503,29.713733673095703,3300,0.0,0.0,0.0
2013-01-04 00:00:00-05:00,29.54441010611187,29.762123107910156,29.54441010611187,29.762123107910156,2500,0.0,0.0,0.0
2013-01-07 00:00:00-05:00,29.721799667496672,29.81049787829522,29.560530472949683,29.794370651245117,4300,0.0,0.0,0.0
2013-01-08 00:00:00-05:00,29.745990307928192,29.745990307928192,29.487960815429688,29.487960815429688,1000,0.0,0.0,0.0
2013-01-09 00:00:00-05:00,29.762114579110975,29.850812785087395,29.713732900590962,29.802431106567383,1600,0.0,0.0,0.0
2013-01-10 00:00:00-05:00,30.052401285029987,30.14916157508855,29.955640994971425,30.116907119750977,2000,0.0,0.0,0.0
2013-01-11 00:00:00-05:00,30.19753782535499,30.237854349296665,30.09271240234375,30.09271240234375,17300,0.0,0.0,0.0
2013-01-14 00:00:00-05:00,30.25398867213036,30.31043243408203,30.205606986477076,30.31043243408203,1500,0.0,0.0,0.0
2013-01-15 00:00:00-05:00,30.10078077446165,30.108842849731445,30.10078077446165,30.108842849731445,400,0.0,0.0,0.0
2013-01-16 00:00:00-05:00,29.93951376730264,30.116907119750977,29.93951376730264,30.116907119750977,800,0.0,0.0,0.0
2013-01-17 00:00:00-05:00,30.213661030806545,30.286231994628906,30.092708399118216,30.286231994628906,5400,0.0,0.0,0.0
2013-01-18 00:00:00-05:00,30.253987449149566,30.253987449149566,30.133034777882884,30.14109992980957,2300,0.0,0.0,0.0
2013-01-22 00:00:00-05:00,30.221725463867188,30.221725463867188,30.2136633899033,30.221725463867188,900,0.0,0.0,0.0
2013-01-23 00:00:00-05:00,30.17334409446499,30.19753646850586,30.17334409446499,30.19753646850586,300,0.0,0.0,0.0
2013-01-24 00:00:00-05:00,30.358811656958686,30.52814292907715,30.358811656958686,30.52814292907715,4900,0.0,0.0,0.0
2013-01-25 00:00:00-05:00,30.479756789300055,30.69746971130371,30.479756789300055,30.69746971130371,1100,0.0,0.0,0.0
2013-01-28 00:00:00-05:00,30.56845693747188,30.62490069018839,30.39106052838923,30.576519012451172,15100,0.0,0.0,0.0
2013-01-29 00:00:00-05:00,30.57651443994845,30.665212631225586,30.560390292401124,30.665212631225586,1800,0.0,0.0,0.0
2013-01-30 00:00:00-05:00,30.874873901799532,30.874873901799532,30.745859146118164,30.745859146118164,2700,0.0,0.0,0.0
2013-01-31 00:00:00-05:00,30.536199949644097,30.71359634399414,30.536199949644097,30.71359634399414,10000,0.0,0.0,0.0
2013-02-01 00:00:00-05:00,30.963577159821405,30.963577159821405,30.91519546508789,30.91519546508789,1200,0.0,0.0,0.0
2013-02-04 00:00:00-05:00,30.729727805941913,30.729727805941913,30.447505950927734,30.447505950927734,700,0.0,0.0,0.0
2013-02-05 00:00:00-05:00,30.72165620859376,30.786165102246066,30.495881232717387,30.737783432006836,4000,0.0,0.0,0.0
2013-02-06 00:00:00-05:00,30.737783432006836,30.737783432006836,30.737783432006836,30.737783432006836,0,0.0,0.0,0.0
2013-02-07 00:00:00-05:00,30.713603316531053,30.713603316531053,30.32655906677246,30.32655906677246,2200,0.0,0.0,0.0
2013-02-08 00:00:00-05:00,30.54426966625343,30.794233994621358,30.536204514784384,30.624902725219727,8400,0.0,0.0,0.0
2013-02-11 00:00:00-05:00,30.632962405199795,30.7539119720459,30.632962405199795,30.7539119720459,900,0.0,0.0,0.0
2013-02-12 00:00:00-05:00,30.81842267609369,31.0280704498291,30.68134280115027,31.0280704498291,2400,0.0,0.0,0.0
2013-02-13 00:00:00-05:00,30.92324740991159,30.931312561035156,30.92324740991159,30.931312561035156,500,0.0,0.0,0.0
2013-02-14 00:00:00-05:00,30.92324740991159,30.931312561035156,30.641028639664658,30.931312561035156,2200,0.0,0.0,0.0
2013-02-15 00:00:00-05:00,30.737793897267007,30.899063110351562,30.737793897267007,30.899063110351562,700,0.0,0.0,0.0
2013-02-19 00:00:00-05:00,31.020013214329282,31.253850324140057,30.979693607439085,31.03614044189453,2900,0.0,0.0,0.0
2013-02-20 00:00:00-05:00,31.084519234645207,31.17321744880778,30.96356964111328,30.96356964111328,19600,0.0,0.0,0.0
2013-02-21 00:00:00-05:00,30.600712054730707,30.600712054730707,30.407188415527344,30.407188415527344,1100,0.0,0.0,0.0
2013-02-22 00:00:00-05:00,30.745853838543372,30.802297592163086,30.71359938620243,30.802297592163086,17100,0.0,0.0,0.0
2013-02-25 00:00:00-05:00,30.270114742656027,30.28624197059015,30.0201473236084,30.0201473236084,2000,0.0,0.0,0.0
2013-02-26 00:00:00-05:00,30.326555719782217,30.45557045546304,30.262046813964844,30.262046813964844,3700,0.0,0.0,0.0
2013-02-27 00:00:00-05:00,30.487831217361073,30.85874827470479,30.487831217361073,30.770050048828125,2000,0.0,0.0,0.0
2013-02-28 00:00:00-05:00,30.57651889533259,30.923246561236688,30.57651889533259,30.850675582885742,1200,0.0,0.0,0.0
2013-03-01 00:00:00-05:00,30.850675582885742,30.850675582885742,30.850675582885742,30.850675582885742,0,0.0,0.0,0.0
2013-03-04 00:00:00-05:00,30.47975945268617,30.947439787328396,30.47975945268617,30.931312561035156,120400,0.0,0.0,0.0
2013-03-05 00:00:00-05:00,31.229656149016623,31.382860173055825,30.947437400535556,31.0280704498291,13000,0.0,0.0,0.0
2013-03-06 00:00:00-05:00,31.310292892917882,31.334482192993164,31.149023715190644,31.334482192993164,1700,0.0,0.0,0.0
2013-03-07 00:00:00-05:00,31.132906359468745,31.39093589525047,31.132906359468745,31.189350128173828,4100,0.0,0.0,0.0
2013-03-08 00:00:00-05:00,31.028071062906786,31.334482192993164,31.028071062906786,31.334482192993164,1600,0.0,0.0,0.0
2013-03-11 00:00:00-04:00,31.2457905771377,31.32642364501953,30.979695916409785,31.32642364501953,8700,0.0,0.0,0.0
2013-03-12 00:00:00-04:00,31.407056765069186,31.50381705240244,30.947441555293633,31.20547103881836,4700,0.0,0.0,0.0
2013-03-13 00:00:00-04:00,30.91519546508789,31.140970555267813,30.834562383153603,30.91519546508789,20400,0.0,0.0,0.0
2013-03-14 00:00:00-04:00,31.31835736124866,31.31835736124866,31.18127747311986,31.23772430419922,2600,0.0,0.0,0.0
2013-03-15 00:00:00-04:00,31.45543670654297,31.45543670654297,31.45543670654297,31.45543670654297,100,0.0,0.0,0.0
2013-03-18 00:00:00-04:00,31.22160084046961,31.294171830942048,31.06839370727539,31.06839370727539,6100,0.0,0.0,0.0
2013-03-19 00:00:00-04:00,31.237723109528147,31.237723109528147,30.84261376280714,30.947439193725586,2800,0.0,0.0,0.0
2013-03-20 00:00:00-04:00,31.181273994800698,31.310291793214002,31.124830245971683,31.12483024597168,3000,0.0,0.0,0.0
2013-03-21 00:00:00-04:00,31.124830245971683,31.124830245971683,31.124830245971683,31.12483024597168,0,0.0,0.0,0.0
2013-03-22 00:00:00-04:00,31.326418534706274,31.326418534706274,31.12483282193222,31.278039932250977,2300,0.0,0.0,0.0
2013-03-25 00:00:00-04:00,30.890989303588867,30.890989303588867,30.890989303588867,30.890989303588867,1100,0.0,0.0,0.0
2013-03-26 00:00:00-04:00,31.068389659296923,31.165153017955518,30.939374923706055,30.939374923706055,1800,0.0,0.0,0.0
2013-03-27 00:00:00-04:00,30.826490115501745,30.89099902692626,30.818428039550778,30.81842803955078,700,0.0,0.0,0.0
2013-03-28 00:00:00-04:00,31.157082530608122,31.157082530608122,30.995813369750977,30.995813369750977,1200,0.0,0.0,0.0
2013-04-01 00:00:00-04:00,30.56039059351966,30.761976275334558,30.56039059351966,30.641023635864258,2400,0.0,0.0,0.0
2013-04-02 00:00:00-04:00,31.04420001365323,31.04420001365323,30.729726791381836,30.729726791381836,1900,0.0,0.0,0.0
2013-04-03 00:00:00-04:00,30.931312995974608,30.987756750817677,30.632966995239258,30.632966995239258,900,0.0,0.0,0.0
2013-04-04 00:00:00-04:00,30.632966995239258,30.632966995239258,30.632966995239258,30.632966995239258,0,0.0,0.0,0.0
2013-04-05 00:00:00-04:00,30.318491212506796,30.69747335234818,30.278174683491624,30.447505950927734,7500,0.0,0.0,0.0
2013-04-08 00:00:00-04:00,30.76198339931562,30.76198339931562,30.423317775941314,30.536205291748047,800,0.0,0.0,0.0
2013-04-09 00:00:00-04:00,30.786173583838522,30.987759318108836,30.786173583838522,30.81842803955078,1800,0.0,0.0,0.0
2013-04-10 00:00:00-04:00,31.14902341251385,31.358671188354492,31.14902341251385,31.358671188354492,3400,0.0,0.0,0.0
2013-04-11 00:00:00-04:00,31.423181051677705,31.519941329956055,31.423181051677705,31.519941329956055,1100,0.0,0.0,0.0
2013-04-12 00:00:00-04:00,31.245785124286495,31.423181533813477,31.245785124286495,31.423181533813477,400,0.0,0.0,0.0
2013-04-15 00:00:00-04:00,30.971627156911797,30.98775438219909,30.60877227783203,30.60877227783203,1500,0.0,0.0,0.0
2013-04-16 00:00:00-04:00,30.786174774169922,30.786174774169922,30.786174774169922,30.786174774169922,100,0.0,0.0,0.0
2013-04-17 00:00:00-04:00,30.72166695654802,30.737794185603196,30.391066450802963,30.673288345336914,4900,0.0,0.0,0.0
2013-04-18 00:00:00-04:00,30.38300095984587,30.56845945920715,30.38300095984587,30.52814292907715,1700,0.0,0.0,0.0
2013-04-19 00:00:00-04:00,30.576526044914534,30.6007184273242,30.576526044914534,30.592653274536133,700,0.0,0.0,0.0
2013-04-22 00:00:00-04:00,30.713598539127727,30.721660614013672,30.568456583550343,30.721660614013672,1800,0.0,0.0,0.0
2013-04-23 00:00:00-04:00,30.947434774661215,31.028067817113087,30.947434774661215,30.995813369750977,4700,0.0,0.0,0.0
2013-04-24 00:00:00-04:00,31.269968132577375,31.471553802490234,31.261906059200275,31.471553802490234,700,0.0,0.0,0.0
2013-04-25 00:00:00-04:00,31.544129687787212,31.681209564208984,31.544129687787212,31.681209564208984,600,0.0,0.0,0.0
2013-04-26 00:00:00-04:00,31.745722604456315,31.745722604456315,31.5118854754542,31.657024383544922,1100,0.0,0.0,0.0
2013-04-29 00:00:00-04:00,31.9392402727235,31.9392402727235,31.850542068481445,31.850542068481445,900,0.0,0.0,0.0
2013-04-30 00:00:00-04:00,31.931181668380155,31.963436126708984,31.931181668380155,31.963436126708984,400,0.0,0.0,0.0
2013-05-01 00:00:00-04:00,32.15695623178475,32.29403305053711,32.15695623178475,32.29403305053711,1200,0.0,0.0,0.0
2013-05-02 00:00:00-04:00,31.85054011877995,32.00374414112191,31.85054011877995,31.971492767333984,3200,0.0,0.0,0.0
2013-05-03 00:00:00-04:00,32.22953114124156,32.57625888212609,32.22953114124156,32.3424186706543,9400,0.0,0.0,0.0
2013-05-06 00:00:00-04:00,32.31016421197795,32.46336827675888,32.3021021352861,32.3424186706543,4700,0.0,0.0,0.0
2013-05-07 00:00:00-04:00,32.46336044242592,32.46336044242592,32.34241086550992,32.414981842041016,1100,0.0,0.0,0.0
2013-05-08 00:00:00-04:00,32.67301759845531,32.785905122396095,32.67301759845531,32.7536506652832,3800,0.0,0.0,0.0
2013-05-09 00:00:00-04:00,32.72139596211994,32.729458037602505,32.65688705444336,32.65688705444336,3700,0.0,0.0,0.0
2013-05-10 00:00:00-04:00,32.65688705444336,32.65688705444336,32.65688705444336,32.65688705444336,0,0.0,0.0,0.0
2013-05-13 00:00:00-04:00,32.44723101883376,32.44723101883376,32.294023939974466,32.350467681884766,12900,0.0,0.0,0.0
2013-05-14 00:00:00-04:00,32.47142028808594,32.47142028808594,32.47142028808594,32.47142028808594,200,0.0,0.0,0.0
2013-05-15 00:00:00-04:00,32.245649495244585,32.294028093988835,32.181140595647406,32.20532989501953,1300,0.0,0.0,0.0
2013-05-16 00:00:00-04:00,32.3343505859375,32.3343505859375,32.3343505859375,32.3343505859375,400,0.0,0.0,0.0
2013-05-17 00:00:00-04:00,32.23758465987632,32.53593063354492,32.23758465987632,32.53593063354492,2500,0.0,0.0,0.0
2013-05-20 00:00:00-04:00,32.52786501621153,32.72138861986306,32.52786501621153,32.6326904296875,17100,0.0,0.0,0.0
2013-05-21 00:00:00-04:00,32.76977469183172,32.76977469183172,32.632697876427514,32.70526885986328,700,0.0,0.0,0.0
2013-05-22 00:00:00-04:00,32.60851580911716,32.68915196951821,32.51175549259091,32.616580963134766,1200,0.0,0.0,0.0
2013-05-23 00:00:00-04:00,31.761848827593667,31.761848827593667,31.132902300616937,31.61670684814453,2800,0.0,0.0,0.0
2013-05-24 00:00:00-04:00,31.544131999080317,31.632830206331057,31.318356981317645,31.415117263793945,7000,0.0,0.0,0.0
2013-05-28 00:00:00-04:00,31.61670321404911,31.61670321404911,31.544132232666016,31.544132232666016,1400,0.0,0.0,0.0
2013-05-29 00:00:00-04:00,31.471561251282917,31.544132232666016,31.439309874187945,31.544132232666016,1100,0.0,0.0,0.0
2013-05-30 00:00:00-04:00,31.640895824206233,31.753783334752633,31.41511772715947,31.673147201538086,8400,0.0,0.0,0.0
2013-05-31 00:00:00-04:00,31.318357543082996,31.350611996471624,31.16515350341797,31.16515350341797,1700,0.0,0.0,0.0
2013-06-03 00:00:00-04:00,31.197405887234044,31.31029647773593,31.149027281544456,31.20547103881836,13100,0.0,0.0,0.0
2013-06-04 00:00:00-04:00,31.20547103881836,31.20547103881836,31.20547103881836,31.20547103881836,0,0.0,0.0,0.0
2013-06-05 00:00:00-04:00,31.09257752631264,31.09257752631264,30.7539119720459,30.7539119720459,1900,0.0,0.0,0.0
2013-06-06 00:00:00-04:00,30.786174705022322,30.907127380371094,30.544272430279086,30.907127380371094,22200,0.0,0.0,0.0
2013-06-07 00:00:00-04:00,30.931320592392108,31.229666666398217,30.842622362725635,31.189350128173828,9800,0.0,0.0,0.0
2013-06-10 00:00:00-04:00,31.18934113501967,31.294166564941406,31.092580855990118,31.294166564941406,4500,0.0,0.0,0.0
2013-06-11 00:00:00-04:00,30.770044145401638,30.866804429632765,30.697473163239803,30.842615127563477,3200,0.0,0.0,0.0
2013-06-12 00:00:00-04:00,30.95550537109375,30.95550537109375,30.95550537109375,30.95550537109375,200,0.0,0.0,0.0
2013-06-13 00:00:00-04:00,30.931310045417952,31.052259618849668,30.826484621014213,30.97968864440918,27900,0.0,0.0,0.0
2013-06-14 00:00:00-04:00,31.05225894968455,31.108705773880654,30.79422950744629,30.79422950744629,2200,0.0,0.0,0.0
2013-06-17 00:00:00-04:00,31.33448516402715,31.37480169329321,31.253849029541016,31.253849029541016,5400,0.0,0.0,0.0
2013-06-18 00:00:00-04:00,31.479631423950195,31.479631423950195,31.479631423950195,31.479631423950195,300,0.0,0.0,0.0
2013-06-19 00:00:00-04:00,31.181274430130255,31.181274430130255,31.149023056030273,31.149023056030273,1000,0.0,0.0,0.0
2013-06-20 00:00:00-04:00,30.19753932131098,30.294299598755128,30.028208066795283,30.036270141601562,7100,0.0,0.0,0.0
2013-06-21 00:00:00-04:00,30.23785917101324,30.23785917101324,29.68148366961007,29.89919662475586,5000,0.0,0.0,0.0
2013-06-24 00:00:00-04:00,29.34281642533736,29.350881576538086,29.036405274742254,29.350881576538086,1900,0.0,0.0,0.0
2013-06-25 00:00:00-04:00,29.62263204381526,29.65537402908872,29.53259626798461,29.64719009399414,1900,0.542,0.0,0.0
2013-06-26 00:00:00-04:00,29.679930539653164,29.79452749422174,29.679930539653164,29.76178550720215,300,0.0,0.0,0.0
2013-06-27 00:00:00-04:00,30.064634023757968,30.26108277731416,30.064634023757968,30.179227828979492,2000,0.0,0.0,0.0
2013-06-28 00:00:00-04:00,30.023724336660468,30.285654067993164,30.023724336660468,30.285654067993164,1900,0.0,0.0,0.0
2013-07-01 00:00:00-04:00,30.375685014365036,30.457536862973527,30.375685014365036,30.400239944458008,32400,0.0,0.0,0.0
2013-07-02 00:00:00-04:00,30.392048553553728,30.555755333062102,30.203786849975586,30.203786849975586,11000,0.0,0.0,0.0
2013-07-03 00:00:00-04:00,30.449354151059605,30.686728892992967,30.187424478046243,30.220163345336914,2100,0.0,0.0,0.0
2013-07-05 00:00:00-04:00,30.547572096190557,30.547572096190557,30.293826400103672,30.342939376831055,700,0.0,0.0,0.0
2013-07-08 00:00:00-04:00,30.744022427557407,30.834058205749894,30.523018704835504,30.784948348999023,8400,0.0,0.0,0.0
2013-07-09 00:00:00-04:00,30.784948626700913,30.809503555297855,30.637612810223906,30.80950355529785,1700,0.0,0.0,0.0
2013-07-10 00:00:00-04:00,30.63761985597865,30.989588484899784,30.629432796265093,30.760400772094727,3900,0.0,0.0,0.0
2013-07-11 00:00:00-04:00,31.480703644870513,31.480703644870513,31.3251838684082,31.325183868408203,9100,0.0,0.0,0.0
2013-07-12 00:00:00-04:00,31.34973253530471,31.497068345642628,31.34154860026263,31.45614242553711,7800,0.0,0.0,0.0
2013-07-15 00:00:00-04:00,31.70170783996582,31.70170783996582,31.70170783996582,31.70170783996582,200,0.0,0.0,0.0
2013-07-16 00:00:00-04:00,31.619850598542744,31.619850598542744,31.578924676663842,31.587108612060547,2800,0.0,0.0,0.0
2013-07-17 00:00:00-04:00,31.587108612060543,31.587108612060543,31.587108612060543,31.587108612060547,0,0.0,0.0,0.0
2013-07-18 00:00:00-04:00,32.00455116722653,32.00455116722653,31.849031448364258,31.849031448364258,3100,0.0,0.0,0.0
2013-07-19 00:00:00-04:00,31.963634269924246,31.980005264282227,31.963634269924246,31.980005264282227,1300,0.0,0.0,0.0
2013-07-22 00:00:00-04:00,32.29104549613002,32.413823260956626,32.151893615722656,32.151893615722656,1700,0.0,0.0,0.0
2013-07-23 00:00:00-04:00,32.454749435784805,32.454749435784805,32.176448822021484,32.176448822021484,2100,0.0,0.0,0.0
2013-07-24 00:00:00-04:00,32.52023764790645,32.52023764790645,32.29104995727539,32.29104995727539,400,0.0,0.0,0.0
2013-07-25 00:00:00-04:00,32.23374247616158,32.38107826400554,32.05366470825295,32.225555419921875,2200,0.0,0.0,0.0
2013-07-26 00:00:00-04:00,32.250121987517055,32.250121987517055,31.947263275566264,31.980005264282227,700,0.0,0.0,0.0
2013-07-29 00:00:00-04:00,31.7835520818063,32.053665618896076,31.7835520818063,31.88177490234375,4400,0.0,0.0,0.0
2013-07-30 00:00:00-04:00,32.09459976886764,32.135525694388576,31.92270900821094,31.930892944335938,2800,0.0,0.0,0.0
2013-07-31 00:00:00-04:00,32.04548929669955,32.17645412934021,32.020931243896484,32.020931243896484,800,0.0,0.0,0.0
2013-08-01 00:00:00-04:00,32.250121574217474,32.42201232910156,32.250121574217474,32.42201232910156,1400,0.0,0.0,0.0
2013-08-02 00:00:00-04:00,32.42201232910156,32.42201232910156,32.42201232910156,32.42201232910156,0,0.0,0.0,0.0
2013-08-05 00:00:00-04:00,32.70849532852589,32.855831146240234,32.70849532852589,32.855831146240234,2000,0.0,0.0,0.0
2013-08-06 00:00:00-04:00,32.82309167794374,32.82309167794374,32.552978073041,32.58572006225586,3000,0.0,0.0,0.0
2013-08-07 00:00:00-04:00,32.659384271635815,32.66756820678711,32.659384271635815,32.66756820678711,500,0.0,0.0,0.0
2013-08-08 00:00:00-04:00,32.78215993193861,33.052276611328125,32.78215993193861,33.052276611328125,3100,0.0,0.0,0.0
2013-08-09 00:00:00-04:00,32.97042852944521,33.101393367918206,32.72486984761435,32.83127975463867,1100,0.0,0.0,0.0
2013-08-12 00:00:00-04:00,32.79852817222133,32.79852817222133,32.79034423828125,32.79034423828125,500,0.0,0.0,0.0
2013-08-13 00:00:00-04:00,32.81491195152137,32.921321868896484,32.81491195152137,32.921321868896484,1500,0.0,0.0,0.0
2013-08-14 00:00:00-04:00,33.11775517371471,33.183239136005135,33.11775517371471,33.12594223022461,700,0.0,0.0,0.0
2013-08-15 00:00:00-04:00,32.70849609375,32.75760907495303,32.70849609375,32.70849609375,300,0.0,0.0,0.0
2013-08-16 00:00:00-04:00,32.81490646791378,33.00316821491856,32.75760955023614,32.904945373535156,2600,0.0,0.0,0.0
2013-08-19 00:00:00-04:00,32.88037574134186,32.96223068237305,32.88037574134186,32.96223068237305,600,0.0,0.0,0.0
2013-08-20 00:00:00-04:00,32.76578903198242,32.76578903198242,32.76578903198242,32.76578903198242,200,0.0,0.0,0.0
2013-08-21 00:00:00-04:00,32.5038641773946,32.83946175131261,32.42201232910156,32.42201232910156,1000,0.0,0.0,0.0
2013-08-22 00:00:00-04:00,32.78216123541522,33.55976619865402,32.78216123541522,32.95405197143555,3300,0.0,0.0,0.0
2013-08-23 00:00:00-04:00,33.10957180186713,33.175052642822266,33.011348979210815,33.175052642822266,3200,0.0,0.0,0.0
2013-08-26 00:00:00-04:00,33.02771151275127,33.02771151275127,32.798523922757404,32.96223068237305,2300,0.0,0.0,0.0
2013-08-27 00:00:00-04:00,32.59390726617232,32.59390726617232,32.29923557859094,32.30742263793945,2400,0.0,0.0,0.0
2013-08-28 00:00:00-04:00,32.05367006428738,32.2419317974464,32.03729907151952,32.16007995605469,1500,0.0,0.0,0.0
2013-08-29 00:00:00-04:00,32.19282495693494,32.33197372482375,32.07822799682617,32.07822799682617,3600,0.0,0.0,0.0
2013-08-30 00:00:00-04:00,31.889963150024414,31.889963150024414,31.889963150024414,31.889963150024414,300,0.0,0.0,0.0
2013-09-03 00:00:00-04:00,32.40564133495338,32.43838332324974,32.364715410806866,32.42201232910156,4300,0.0,0.0,0.0
2013-09-04 00:00:00-04:00,32.413818438474216,32.708490026133525,32.413818438474216,32.643009185791016,2100,0.0,0.0,0.0
2013-09-05 00:00:00-04:00,32.544793517333204,32.708500353549255,32.544793517333204,32.675758361816406,4000,0.0,0.0,0.0
2013-09-06 00:00:00-04:00,33.0604637161565,33.0604637161565,32.80672112658338,32.91312789916992,2200,0.0,0.0,0.0
2013-09-09 00:00:00-04:00,33.33876234345872,33.37968826293945,33.07683271184502,33.37968826293945,1400,0.0,0.0,0.0
2013-09-10 00:00:00-04:00,33.576142098131264,33.79714584350586,33.576142098131264,33.79714584350586,1500,0.0,0.0,0.0
2013-09-11 00:00:00-04:00,33.682546481541586,33.919918060302734,33.682546481541586,33.919918060302734,700,0.0,0.0,0.0
2013-09-12 00:00:00-04:00,33.805325152427464,33.928106034978825,33.71528625488281,33.71528625488281,5300,0.0,0.0,0.0
2013-09-13 00:00:00-04:00,33.77258588881979,33.97721862792969,33.7480309593099,33.97721862792969,5500,0.0,0.0,0.0
2013-09-16 00:00:00-04:00,34.38648058767658,34.52563245970595,34.230960845947266,34.230960845947266,3100,0.0,0.0,0.0
2013-09-17 00:00:00-04:00,34.21458801000832,34.27188491821289,34.09181025919023,34.27188491821289,1600,0.0,0.0,0.0
2013-09-18 00:00:00-04:00,34.190033438671946,35.475126603059685,34.190033438671946,35.033119201660156,3900,0.0,0.0,0.0
2013-09-19 00:00:00-04:00,34.82030683517757,34.91852967340501,34.77938091278678,34.86123275756836,2400,0.0,0.0,0.0
2013-09-20 00:00:00-04:00,34.48470347366842,34.59111022949219,34.48470347366842,34.59111022949219,500,0.0,0.0,0.0
2013-09-23 00:00:00-04:00,34.64022445678711,34.64022445678711,34.64022445678711,34.64022445678711,100,0.0,0.0,0.0
2013-09-24 00:00:00-04:00,34.574744049621785,34.754818711127086,34.49288909216723,34.60748291015625,2000,0.0,0.0,0.0
2013-09-25 00:00:00-04:00,34.68934015947486,34.68934015947486,34.47652037847975,34.533817291259766,1400,0.0,0.0,0.0
2013-09-26 00:00:00-04:00,34.55837962609013,34.73027038574219,34.55837962609013,34.73027038574219,2100,0.0,0.0,0.0
2013-09-27 00:00:00-04:00,34.533819783326244,34.63204574584961,34.52563584767319,34.63204574584961,1300,0.0,0.0,0.0
2013-09-30 00:00:00-04:00,34.38648440015408,34.64023012290109,34.36192947043425,34.59930419921875,51300,0.0,0.0,0.0
2013-10-01 00:00:00-04:00,34.664781193274045,34.77937813825308,34.623855274148134,34.73844909667969,1500,0.0,0.0,0.0
2013-10-02 00:00:00-04:00,34.70571007692106,34.795745849609375,34.615671181785274,34.795745849609375,1200,0.0,0.0,0.0
2013-10-03 00:00:00-04:00,34.59930207222945,34.66478292160619,34.59930207222945,34.61567306518555,3900,0.0,0.0,0.0
2013-10-04 00:00:00-04:00,34.43559950097125,34.58293533325195,34.43559950097125,34.58293533325195,1700,0.0,0.0,0.0
2013-10-07 00:00:00-04:00,34.01813521334563,34.222767877501454,33.952651262041364,34.0999870300293,2600,0.0,0.0,0.0
2013-10-08 00:00:00-04:00,34.059070906556414,34.059070906556414,33.928106088769525,33.94447708129883,1700,0.0,0.0,0.0
2013-10-09 00:00:00-04:00,33.960847101678155,33.960847101678155,33.919918060302734,33.919918060302734,500,0.0,0.0,0.0
2013-10-10 00:00:00-04:00,34.47651998043541,34.58292986970442,34.41103913334892,34.42741012573242,4100,0.0,0.0,0.0
2013-10-11 00:00:00-04:00,34.623855153285746,34.67296812953389,34.61567121846812,34.65659713745117,1200,0.0,0.0,0.0
2013-10-14 00:00:00-04:00,34.64022610865959,34.795745849609375,34.63204217385064,34.795745849609375,2300,0.0,0.0,0.0
2013-10-15 00:00:00-04:00,34.86941378963154,34.86941378963154,34.65659713745117,34.65659713745117,4600,0.0,0.0,0.0
2013-10-16 00:00:00-04:00,34.70570861667795,34.99219315964937,34.70570861667795,34.95126724243164,9400,0.0,0.0,0.0
2013-10-17 00:00:00-04:00,35.36053113478793,35.38508605957031,35.344160144117275,35.38508605957031,1900,0.0,0.0,0.0
2013-10-18 00:00:00-04:00,35.68795198940097,35.72069398029162,35.597916198123855,35.64702606201172,1000,0.0,0.0,0.0
2013-10-21 00:00:00-04:00,35.94169376225414,35.94169376225414,35.933509826660156,35.933509826660156,2500,0.0,0.0,0.0
2013-10-22 00:00:00-04:00,35.92531801902513,36.277286529541016,35.92531801902513,36.277286529541016,500,0.0,0.0,0.0
2013-10-23 00:00:00-04:00,36.08083996487931,36.08083996487931,35.949872036418476,35.974430084228516,3100,0.0,0.0,0.0
2013-10-24 00:00:00-04:00,35.974430084228516,35.974430084228516,35.974430084228516,35.974430084228516,0,0.0,0.0,0.0
2013-10-25 00:00:00-04:00,36.03991776472597,36.03991776472597,35.892581939697266,35.892581939697266,14400,0.0,0.0,0.0
2013-10-28 00:00:00-04:00,35.98262090128999,35.98262090128999,35.69613630910133,35.75343322753906,700,0.0,0.0,0.0
2013-10-29 00:00:00-04:00,35.728878297479426,35.859843128543936,35.728878297479426,35.75343322753906,10400,0.0,0.0,0.0
2013-10-30 00:00:00-04:00,35.98261583789934,35.98261583789934,35.56516647338867,35.56516647338867,3000,0.0,0.0,0.0
2013-10-31 00:00:00-04:00,35.663391435025,35.663391435025,35.548797607421875,35.548797607421875,1400,0.0,0.0,0.0
2013-11-01 00:00:00-04:00,35.28686098705589,35.319602966308594,35.28686098705589,35.319602966308594,500,0.0,0.0,0.0
2013-11-04 00:00:00-05:00,35.43419337239005,35.51604519022357,35.401451396277956,35.42600631713867,900,0.0,0.0,0.0
2013-11-05 00:00:00-05:00,35.254127502441406,35.254127502441406,35.254127502441406,35.254127502441406,400,0.0,0.0,0.0
2013-11-06 00:00:00-05:00,35.72068971644939,35.72068971644939,35.67976379394531,35.67976379394531,300,0.0,0.0,0.0
2013-11-07 00:00:00-05:00,35.368714883703156,35.368714883703156,34.92670750525152,34.93489456176758,3500,0.0,0.0,0.0
2013-11-08 00:00:00-05:00,35.10678576802951,35.27049255371094,35.10678576802951,35.27049255371094,5300,0.0,0.0,0.0
2013-11-11 00:00:00-05:00,35.34416745655207,35.40146437453005,35.11497978464016,35.13134765625,11600,0.0,0.0,0.0
2013-11-12 00:00:00-05:00,35.016754150390625,35.016754150390625,35.016754150390625,35.016754150390625,200,0.0,0.0,0.0
2013-11-13 00:00:00-05:00,34.64841003264922,34.93489456176758,34.64841003264922,34.93489456176758,500,0.0,0.0,0.0
2013-11-14 00:00:00-05:00,35.049495697021484,35.049495697021484,35.049495697021484,35.049495697021484,200,0.0,0.0,0.0
2013-11-15 00:00:00-05:00,35.41783753323728,35.41783753323728,35.21320477868133,35.34416961669922,2400,0.0,0.0,0.0
2013-11-18 00:00:00-05:00,35.27049745478642,35.37690734863281,35.27049745478642,35.37690734863281,9100,0.0,0.0,0.0
2013-11-19 00:00:00-05:00,35.3523418231143,35.3523418231143,35.30323197668224,35.319602966308594,900,0.0,0.0,0.0
2013-11-20 00:00:00-05:00,35.21320251463024,35.21320251463024,35.049495697021484,35.049495697021484,4200,0.0,0.0,0.0
2013-11-21 00:00:00-05:00,35.04131132037701,35.18864714212643,35.04131132037701,35.082237243652344,4300,0.0,0.0,0.0
2013-11-22 00:00:00-05:00,35.3196104340496,35.37690734863281,35.22957153329094,35.37690734863281,1500,0.0,0.0,0.0
2013-11-25 00:00:00-05:00,35.3114201605466,35.3687170699119,35.229568325009694,35.286865234375,3800,0.0,0.0,0.0
2013-11-26 00:00:00-05:00,35.19682693481445,35.19682693481445,35.19682693481445,35.19682693481445,1500,0.0,0.0,0.0
2013-11-27 00:00:00-05:00,35.46694788852558,35.606096652530645,35.46694788852558,35.53242874145508,900,0.0,0.0,0.0
2013-11-29 00:00:00-05:00,35.80253944254451,35.80253944254451,35.68794250488281,35.68794250488281,1400,0.0,0.0,0.0
2013-12-02 00:00:00-05:00,35.54061408786652,35.5733560768548,35.39328138231513,35.52424621582031,1000,0.0,0.0,0.0
2013-12-03 00:00:00-05:00,35.20501315815498,35.20501315815498,35.00856748780709,35.12316131591797,500,0.0,0.0,0.0
2013-12-04 00:00:00-05:00,34.80393826665545,35.098609924316406,34.80393826665545,35.098609924316406,14800,0.0,0.0,0.0
2013-12-05 00:00:00-05:00,34.79574270301924,34.992191467591255,34.79574270301924,34.93489456176758,1700,0.0,0.0,0.0
2013-12-06 00:00:00-05:00,35.24594497680664,35.24594497680664,35.24594497680664,35.24594497680664,200,0.0,0.0,0.0
2013-12-09 00:00:00-05:00,35.24594497680664,35.24594497680664,35.24594497680664,35.24594497680664,0,0.0,0.0,0.0
2013-12-10 00:00:00-05:00,35.507875221326174,35.52424621582031,35.499688162855136,35.52424621582031,2800,0.0,0.0,0.0
2013-12-11 00:00:00-05:00,35.3032359455195,35.35234579747256,35.26231002807617,35.26231002807617,1200,0.0,0.0,0.0
2013-12-12 00:00:00-05:00,34.99219512939453,34.99219512939453,34.99219512939453,34.99219512939453,100,0.0,0.0,0.0
2013-12-13 00:00:00-05:00,34.87760483227325,34.96764373779297,34.869417774072645,34.96764373779297,1100,0.0,0.0,0.0
2013-12-16 00:00:00-05:00,35.09860242116363,35.18045425415039,34.95945055814941,35.18045425415039,2100,0.0,0.0,0.0
2013-12-17 00:00:00-05:00,35.162211345015855,35.162211345015855,34.979678800807285,35.1207275390625,1700,0.578,0.0,0.0
2013-12-18 00:00:00-05:00,35.162204803860156,35.162204803860156,35.029454750497756,35.037750244140625,13100,0.0,0.0,0.0
2013-12-19 00:00:00-05:00,35.26176834106445,35.26176834106445,35.26176834106445,35.26176834106445,300,0.0,0.0,0.0
2013-12-20 00:00:00-05:00,35.57704392390965,35.66831016571589,35.57704392390965,35.64341735839844,53800,0.0,0.0,0.0
2013-12-23 00:00:00-05:00,35.89232885359088,36.04167306065943,35.7429878115333,35.99189376831055,4600,0.0,0.0,0.0
2013-12-24 00:00:00-05:00,36.10805825955809,36.157840728759766,36.05827579035642,36.157840728759766,1800,0.0,0.0,0.0
2013-12-26 00:00:00-05:00,36.091453552246094,36.091453552246094,36.091453552246094,36.091453552246094,600,0.0,0.0,0.0
2013-12-27 00:00:00-05:00,36.75520204095201,36.75520204095201,36.406734370020295,36.605857849121094,5800,0.0,0.0,0.0
2013-12-30 00:00:00-05:00,36.89625696544232,36.91285111900244,36.547786070702216,36.9045524597168,10000,0.0,0.0,0.0
2013-12-31 00:00:00-05:00,37.02071438447984,37.09538650512695,37.02071438447984,37.09538650512695,800,0.0,0.0,0.0
2014-01-02 00:00:00-05:00,36.65563843471384,36.66393392716617,36.50629425048828,36.50629425048828,2200,0.0,0.0,0.0
2014-01-03 00:00:00-05:00,36.672235655557515,36.83817400359385,36.672235655557515,36.75520324707031,1100,0.0,0.0,0.0
2014-01-06 00:00:00-05:00,36.93774076683703,36.93774076683703,36.9045524597168,36.9045524597168,9600,0.0,0.0,0.0
2014-01-07 00:00:00-05:00,37.07048034667969,37.07877583860817,36.863058233354494,37.07048034667969,19100,0.0,0.0,0.0
2014-01-08 00:00:00-05:00,36.921136171884726,37.07048034667969,36.921136171884726,37.07048034667969,5900,0.0,0.0,0.0
2014-01-09 00:00:00-05:00,37.17004966347713,37.23642627249752,37.004111305937094,37.194942474365234,10000,0.0,0.0,0.0
2014-01-10 00:00:00-05:00,37.302794584490954,37.80060958862305,37.302794584490954,37.80060958862305,5200,0.0,0.0,0.0
2014-01-13 00:00:00-05:00,37.46045046729079,37.72595062924848,37.244729607567926,37.4853401184082,108800,0.0,0.0,0.0
2014-01-14 00:00:00-05:00,37.80061443833668,37.842098236083984,37.58489362603324,37.842098236083984,2600,0.0,0.0,0.0
2014-01-15 00:00:00-05:00,37.767420723585275,37.85038830719398,37.58488824163359,37.60148239135742,1000,0.0,0.0,0.0
2014-01-16 00:00:00-05:00,37.59318923950195,37.59318923950195,37.59318923950195,37.59318923950195,100,0.0,0.0,0.0
2014-01-17 00:00:00-05:00,37.62636843138771,37.62636843138771,37.58488464355469,37.58488464355469,400,0.0,0.0,0.0
2014-01-21 00:00:00-05:00,37.66786324944476,37.84209709373033,37.56000284654907,37.56829833984375,11900,0.0,0.0,0.0
2014-01-22 00:00:00-05:00,37.784027355271576,38.61371612548828,37.742543549763035,38.61371612548828,11000,0.0,0.0,0.0
2014-01-23 00:00:00-05:00,38.45606728433709,38.45606728433709,37.983145011676164,38.29842758178711,800,0.0,0.0,0.0
2014-01-24 00:00:00-05:00,37.76742935180664,37.97485152322583,36.86306855781854,37.76742935180664,18800,0.0,0.0,0.0
2014-01-27 00:00:00-05:00,36.174427248897864,37.26132062120382,35.85084915161133,35.85084915161133,3600,0.0,0.0,0.0
2014-01-28 00:00:00-05:00,36.1578359824045,37.576602935791016,35.96700479135391,37.576602935791016,46200,0.0,0.0,0.0
2014-01-29 00:00:00-05:00,37.21982687178587,37.858687400970666,34.01722873340954,36.50629425048828,21200,0.0,0.0,0.0
2014-01-30 00:00:00-05:00,37.62638544069567,37.62638544069567,36.70543354044238,36.9626350402832,14100,0.0,0.0,0.0
2014-01-31 00:00:00-05:00,36.871370523856946,37.19495182667632,36.31548052608721,36.340370178222656,6900,0.0,0.0,0.0
2014-02-03 00:00:00-05:00,36.58927123845319,36.58927123845319,35.75958251953125,35.75958251953125,2500,0.0,0.0,0.0
2014-02-04 00:00:00-05:00,36.43163591799481,36.50630803831,36.43163591799481,36.49801254272461,8600,0.0,0.0,0.0
2014-02-05 00:00:00-05:00,36.7966984411775,36.7966984411775,36.13294800843586,36.57268524169922,5800,0.0,0.0,0.0
2014-02-06 00:00:00-05:00,36.348657617642566,37.45214177681433,36.33206346633786,36.75520324707031,4800,0.0,0.0,0.0
2014-02-07 00:00:00-05:00,36.75520324707031,36.75520324707031,36.75520324707031,36.75520324707031,0,0.0,0.0,0.0
2014-02-10 00:00:00-05:00,36.78839792599813,37.6678691075168,36.04167681291518,36.423336029052734,77100,0.0,0.0,0.0
2014-02-11 00:00:00-05:00,36.356954078786494,36.921142578125,36.356954078786494,36.921142578125,6100,0.0,0.0,0.0
2014-02-12 00:00:00-05:00,37.22813348996687,37.277915954589844,36.99582165174919,37.277915954589844,39500,0.0,0.0,0.0
2014-02-13 00:00:00-05:00,37.06218839097547,37.286204693672424,37.06218839097547,37.21153259277344,11100,0.0,0.0,0.0
2014-02-14 00:00:00-05:00,37.344280192873384,37.46873474121094,37.344280192873384,37.46873474121094,2000,0.0,0.0,0.0
2014-02-18 00:00:00-05:00,37.46873474121094,37.46873474121094,37.46873474121094,37.46873474121094,0,0.0,0.0,0.0
2014-02-19 00:00:00-05:00,37.90018059572398,37.91677474975586,37.90018059572398,37.91677474975586,700,0.0,0.0,0.0
2014-02-20 00:00:00-05:00,37.64297294161359,37.70934955242622,37.46044359190087,37.66786575317383,47200,0.0,0.0,0.0
2014-02-21 00:00:00-05:00,37.999738971717974,38.13248902714275,37.717644708313934,37.883583068847656,4000,0.0,0.0,0.0
2014-02-24 00:00:00-05:00,38.074404073939185,38.389686584472656,38.074404073939185,38.389686584472656,1500,0.0,0.0,0.0
2014-02-25 00:00:00-05:00,38.232058973339434,38.34821489149444,38.03293228149414,38.03293228149414,1200,0.0,0.0,0.0
2014-02-26 00:00:00-05:00,37.91677016657417,38.16567611694336,37.91677016657417,38.16567611694336,400,0.0,0.0,0.0
2014-02-27 00:00:00-05:00,38.315019173488714,38.32331466674805,38.315019173488714,38.32331466674805,900,0.0,0.0,0.0
2014-02-28 00:00:00-05:00,38.67179276993356,38.67179276993356,38.45607192461326,38.66349411010742,1200,0.0,0.0,0.0
2014-03-03 00:00:00-05:00,37.9250663868087,37.9250663868087,37.59319283496065,37.60978698730469,2100,0.0,0.0,0.0
2014-03-04 00:00:00-05:00,38.44777423136206,38.64690091065543,38.44777423136206,38.47266387939453,5900,0.0,0.0,0.0
2014-03-05 00:00:00-05:00,38.76305433308559,38.76305433308559,38.72986602783203,38.72986602783203,1000,0.0,0.0,0.0
2014-03-06 00:00:00-05:00,39.161303940270045,39.161303940270045,38.912397984454856,38.96217727661133,1600,0.0,0.0,0.0
2014-03-07 00:00:00-05:00,38.96217727661133,38.96217727661133,38.96217727661133,38.96217727661133,0,0.0,0.0,0.0
2014-03-10 00:00:00-04:00,38.58051504043334,38.78793716430664,38.58051504043334,38.78793716430664,400,0.0,0.0,0.0
2014-03-11 00:00:00-04:00,38.43117723744751,38.63859939575195,38.42288174372015,38.63859939575195,700,0.0,0.0,0.0
2014-03-12 00:00:00-04:00,37.99974302530167,38.17397689819336,37.99974302530167,38.17397689819336,700,0.0,0.0,0.0
2014-03-13 00:00:00-04:00,38.58052059702312,38.58052059702312,37.709348184286064,37.842098236083984,7100,0.0,0.0,0.0
2014-03-14 00:00:00-04:00,37.842098236083984,37.842098236083984,37.842098236083984,37.842098236083984,0,0.0,0.0,0.0
2014-03-17 00:00:00-04:00,38.1822624206543,38.1822624206543,38.1822624206543,38.1822624206543,900,0.0,0.0,0.0
2014-03-18 00:00:00-04:00,38.447776794433594,38.447776794433594,38.447776794433594,38.447776794433594,700,0.0,0.0,0.0
2014-03-19 00:00:00-04:00,38.696676321733875,38.696676321733875,38.16567611694336,38.16567611694336,6800,0.0,0.0,0.0
2014-03-20 00:00:00-04:00,37.86698532104492,37.86698532104492,37.86698532104492,37.86698532104492,600,0.0,0.0,0.0
2014-03-21 00:00:00-04:00,37.974847141520875,37.983142634815565,37.56829833984375,37.56829833984375,1600,0.0,0.0,0.0
2014-03-24 00:00:00-04:00,37.850386746506494,37.850386746506494,37.79230880737305,37.79230880737305,600,0.0,0.0,0.0
2014-03-25 00:00:00-04:00,37.6263836222994,38.04122799813517,37.6263836222994,38.01633834838867,1600,0.0,0.0,0.0
2014-03-26 00:00:00-04:00,38.01633834838867,38.01633834838867,38.01633834838867,38.01633834838867,0,0.0,0.0,0.0
2014-03-27 00:00:00-04:00,38.01633834838867,38.01633834838867,38.01633834838867,38.01633834838867,0,0.0,0.0,0.0
2014-03-28 00:00:00-04:00,38.61370735101325,38.63859699566022,38.323314448418614,38.339908599853516,3000,0.0,0.0,0.0
2014-03-31 00:00:00-04:00,38.77135540679441,38.77965406680763,38.62201117667102,38.64690399169922,1800,0.0,0.0,0.0
2014-04-01 00:00:00-04:00,38.84602355957031,38.84602355957031,38.84602355957031,38.84602355957031,300,0.0,0.0,0.0
2014-04-02 00:00:00-04:00,39.128116607666016,39.128116607666016,39.128116607666016,39.128116607666016,200,0.0,0.0,0.0
2014-04-03 00:00:00-04:00,39.03685100815187,39.0866334673958,38.94558474871021,39.07833480834961,41500,0.0,0.0,0.0
2014-04-04 00:00:00-04:00,39.24427049430959,39.24427049430959,38.920692443847656,38.920692443847656,6900,0.0,0.0,0.0
2014-04-07 00:00:00-04:00,38.787937381004994,38.787937381004994,38.43946973015606,38.77134323120117,4200,0.0,0.0,0.0
2014-04-08 00:00:00-04:00,38.381395335408484,38.80453831687835,38.273538090337425,38.406288146972656,3900,0.0,0.0,0.0
2014-04-09 00:00:00-04:00,38.68837650474096,39.260860443115234,38.60540575388275,39.260860443115234,9400,0.0,0.0,0.0
2014-04-10 00:00:00-04:00,39.1364150252127,39.1364150252127,38.447775040069494,38.53074264526367,4700,0.0,0.0,0.0
2014-04-11 00:00:00-04:00,38.31502032016705,38.31502032016705,38.16567611694336,38.16567611694336,1100,0.0,0.0,0.0
2014-04-14 00:00:00-04:00,37.82550048828125,37.82550048828125,37.82550048828125,37.82550048828125,300,0.0,0.0,0.0
2014-04-15 00:00:00-04:00,37.82550048828125,37.82550048828125,37.82550048828125,37.82550048828125,0,0.0,0.0,0.0
2014-04-16 00:00:00-04:00,38.14908783470346,38.24864959716797,37.991448113717034,38.24864959716797,3400,0.0,0.0,0.0
2014-04-17 00:00:00-04:00,38.53904400956832,38.61371612548828,38.248651040985585,38.61371612548828,4000,0.0,0.0,0.0
2014-04-21 00:00:00-04:00,38.72156469404611,38.72156469404611,38.03292481516779,38.140785217285156,17500,0.0,0.0,0.0
2014-04-22 00:00:00-04:00,38.539035360367,38.63030161101007,38.33161321436396,38.57222366333008,2100,0.0,0.0,0.0
2014-04-23 00:00:00-04:00,38.65519699651237,38.65519699651237,38.4062910173452,38.54733657836914,1000,0.0,0.0,0.0
2014-04-24 00:00:00-04:00,38.39799271408373,38.53904144142742,38.290135459951145,38.33161926269531,50900,0.0,0.0,0.0
2014-04-25 00:00:00-04:00,38.422882739448845,38.422882739448845,38.37310028076172,38.37310028076172,1300,0.0,0.0,0.0
2014-04-28 00:00:00-04:00,38.356502532958984,38.356502532958984,38.356502532958984,38.356502532958984,400,0.0,0.0,0.0
2014-04-29 00:00:00-04:00,38.356502532958984,38.356502532958984,38.356502532958984,38.356502532958984,0,0.0,0.0,0.0
2014-04-30 00:00:00-04:00,38.39799199053935,38.45606994628906,38.39799199053935,38.45606994628906,800,0.0,0.0,0.0
2014-05-01 00:00:00-04:00,38.41458511352539,38.41458511352539,38.41458511352539,38.41458511352539,600,0.0,0.0,0.0
2014-05-02 00:00:00-04:00,38.821136774346996,38.821136774346996,38.68008804321289,38.68008804321289,1100,0.0,0.0,0.0
2014-05-05 00:00:00-04:00,38.41458345794515,38.72986602783203,38.41458345794515,38.72986602783203,2000,0.0,0.0,0.0
2014-05-06 00:00:00-04:00,38.41458221412422,38.9455824209441,38.41458221412422,38.70497512817383,24700,0.0,0.0,0.0
2014-05-07 00:00:00-04:00,38.812834632003714,38.812834632003714,38.4643669128418,38.4643669128418,1300,0.0,0.0,0.0
2014-05-08 00:00:00-04:00,38.62201278245152,38.82113948589891,38.48096720647712,38.7630615234375,46100,0.0,0.0,0.0
2014-05-09 00:00:00-04:00,38.49756086921372,38.563934326171875,38.439482907496014,38.563934326171875,1800,0.0,0.0,0.0
2014-05-12 00:00:00-04:00,38.68838260262604,38.82113265991211,38.68838260262604,38.82113265991211,4100,0.0,0.0,0.0
2014-05-13 00:00:00-04:00,38.77134323120117,38.89579777222462,38.68837564719251,38.77134323120117,13300,0.0,0.0,0.0
2014-05-14 00:00:00-04:00,38.630301941650515,38.804535786181766,38.4892532353556,38.7381591796875,4300,0.0,0.0,0.0
2014-05-15 00:00:00-04:00,38.58052510738693,38.58052510738693,37.39406999604489,38.53074264526367,26200,0.0,0.0,0.0
2014-05-16 00:00:00-04:00,38.29013121155006,38.381394301456815,38.02463110543187,38.364803314208984,9000,0.0,0.0,0.0
2014-05-19 00:00:00-04:00,38.373102908093095,38.7464634612822,37.91677474975586,37.91677474975586,17700,0.0,0.0,0.0
2014-05-20 00:00:00-04:00,38.93729737298919,38.93729737298919,38.215468971014005,38.43118667602539,2000,0.0,0.0,0.0
2014-05-21 00:00:00-04:00,38.87920961788419,39.086631774902344,38.356504895995386,39.086631774902344,6000,0.0,0.0,0.0
2014-05-22 00:00:00-04:00,38.75475321922231,39.09492541399456,38.68008111963763,38.98706817626953,5600,0.0,0.0,0.0
2014-05-23 00:00:00-04:00,39.09492770755865,39.2940543731368,39.053443908691406,39.053443908691406,6400,0.0,0.0,0.0
2014-05-27 00:00:00-04:00,38.663490818946684,38.86261749267578,38.522445264022366,38.86261749267578,3800,0.0,0.0,0.0
2014-05-28 00:00:00-04:00,38.497557427985114,38.87091481565049,38.48925876847493,38.65519714355469,4800,0.0,0.0,0.0
2014-05-29 00:00:00-04:00,39.11152766454795,39.11152766454795,38.6717936342756,38.953887939453125,5100,0.0,0.0,0.0
2014-05-30 00:00:00-04:00,39.144711353461304,39.211084800661496,38.81283462242711,39.202789306640625,19700,0.0,0.0,0.0
2014-06-02 00:00:00-04:00,39.294054215617955,39.3272425205831,38.86261574610396,38.94558334350586,5800,0.0,0.0,0.0
2014-06-03 00:00:00-04:00,39.302351127430676,39.302351127430676,38.74646124175665,39.07833480834961,2000,0.0,0.0,0.0
2014-06-04 00:00:00-04:00,38.846026567068314,39.128120865366576,38.846026567068314,39.094932556152344,12000,0.0,0.0,0.0
2014-06-05 00:00:00-04:00,39.37702413191964,39.42680659229903,39.3106506830916,39.36872863769531,2100,0.0,0.0,0.0
2014-06-06 00:00:00-04:00,39.14471653648172,39.75868445567401,39.14471653648172,39.64252853393555,3600,0.0,0.0,0.0
2014-06-09 00:00:00-04:00,39.31894604920005,39.56785202026367,39.31894604920005,39.56785202026367,5200,0.0,0.0,0.0
2014-06-10 00:00:00-04:00,39.667412897242976,39.667412897242976,39.57614664532017,39.584442138671875,1100,0.0,0.0,0.0
2014-06-11 00:00:00-04:00,39.03686000260565,39.21109390258789,39.02026584570089,39.21109390258789,2900,0.0,0.0,0.0
2014-06-12 00:00:00-04:00,38.70497795920343,39.54296212844486,38.70497795920343,39.277462005615234,6700,0.0,0.0,0.0
2014-06-13 00:00:00-04:00,39.80016555357456,39.80016555357456,38.82113269336701,39.128116607666016,3200,0.0,0.0,0.0
2014-06-16 00:00:00-04:00,39.841646749912776,39.841646749912776,38.72156524658203,38.72156524658203,500,0.0,0.0,0.0
2014-06-17 00:00:00-04:00,39.01196333225364,39.01196333225364,38.89580741982636,38.97877502441406,4500,0.0,0.0,0.0
2014-06-18 00:00:00-04:00,39.52636960423969,39.52636960423969,38.94558687473347,39.393619537353516,3700,0.0,0.0,0.0
2014-06-19 00:00:00-04:00,39.949515896282435,39.949515896282435,39.31895065307617,39.31895065307617,1400,0.0,0.0,0.0
2014-06-20 00:00:00-04:00,39.559556129022596,39.559556129022596,39.11982214572326,39.16960144042969,2600,0.0,0.0,0.0
2014-06-23 00:00:00-04:00,39.36042594595853,39.385318756103516,39.02025374741144,39.385318756103516,2400,0.0,0.0,0.0
2014-06-24 00:00:00-04:00,39.72691774306416,39.72691774306416,38.85619002631909,39.03200912475586,5200,0.428,0.0,0.0
2014-06-25 00:00:00-04:00,39.04874422224318,39.05711838314478,38.923160552978516,38.923160552978516,1600,0.0,0.0,0.0
2014-06-26 00:00:00-04:00,39.33341630141792,39.33341630141792,38.780839694136475,38.97340393066406,5100,0.0,0.0,0.0
2014-06-27 00:00:00-04:00,39.299921279804806,39.299921279804806,38.83107039327975,38.981773376464844,3700,0.0,0.0,0.0
2014-06-30 00:00:00-04:00,39.09061918119023,39.51761211062617,39.09061918119023,39.467376708984375,3600,0.0,0.0,0.0
2014-07-01 00:00:00-04:00,39.467376708984375,39.467376708984375,39.467376708984375,39.467376708984375,0,0.0,0.0,0.0
2014-07-02 00:00:00-04:00,40.99951927045113,40.99951927045113,39.6348213219693,39.643192291259766,3300,0.0,0.0,0.0
2014-07-03 00:00:00-04:00,39.7603985164473,40.17064298153685,39.7101631315396,40.14552688598633,3000,0.0,0.0,0.0
2014-07-07 00:00:00-04:00,39.71854357303619,39.71854357303619,39.43388271160442,39.567840576171875,92300,0.0,0.0,0.0
2014-07-08 00:00:00-04:00,39.22456605098465,39.31666266457935,38.90641817795709,39.082237243652344,13900,0.0,0.0,0.0
2014-07-09 00:00:00-04:00,39.28318313800025,39.28318313800025,38.881309509277344,38.881309509277344,14200,0.0,0.0,0.0
2014-07-10 00:00:00-04:00,38.47105533787133,38.512916564941406,38.39570385162243,38.512916564941406,15700,0.0,0.0,0.0
2014-07-11 00:00:00-04:00,38.13616991839725,38.52967259051157,38.13616991839725,38.3873405456543,14100,0.0,0.0,0.0
2014-07-14 00:00:00-04:00,38.688734236553145,38.688734236553145,38.49617004394531,38.49617004394531,83500,0.0,0.0,0.0
2014-07-15 00:00:00-04:00,38.487800467460744,38.512916564941406,38.487800467460744,38.512916564941406,600,0.0,0.0,0.0
2014-07-16 00:00:00-04:00,38.69711259031122,38.76408991969732,38.546409606933594,38.546409606933594,4900,0.0,0.0,0.0
2014-07-17 00:00:00-04:00,38.73059047615211,38.73059047615211,38.4291877746582,38.4291877746582,1200,0.0,0.0,0.0
2014-07-18 00:00:00-04:00,37.91848100240813,38.688737844673796,37.91848100240813,38.42082214355469,4400,0.0,0.0,0.0
2014-07-21 00:00:00-04:00,38.13616496479642,38.57152881926846,38.094303731325674,38.44594192504883,5800,0.0,0.0,0.0
2014-07-22 00:00:00-04:00,38.39571470972062,38.62176923239431,38.3873405456543,38.3873405456543,3800,0.0,0.0,0.0
2014-07-23 00:00:00-04:00,38.546410141152805,38.8310709810549,38.546410141152805,38.79758071899414,93600,0.0,0.0,0.0
2014-07-24 00:00:00-04:00,38.588270795520884,38.889676761951954,38.588270795520884,38.671993255615234,2000,0.0,0.0,0.0
2014-07-25 00:00:00-04:00,39.015258953176506,39.015258953176506,38.54640808456939,38.554779052734375,1300,0.0,0.0,0.0
2014-07-28 00:00:00-04:00,39.174333056058785,39.174333056058785,38.53803093540359,38.755714416503906,1900,0.0,0.0,0.0
2014-07-29 00:00:00-04:00,38.54641050893422,38.75571985810028,38.53803634643555,38.53803634643555,2200,0.0,0.0,0.0
2014-07-30 00:00:00-04:00,38.53803129761399,38.53803129761399,38.35384126626728,38.37058639526367,1900,0.0,0.0,0.0
2014-07-31 00:00:00-04:00,37.59195580124506,38.04406151298996,37.59195580124506,37.67567825317383,10400,0.0,0.0,0.0
2014-08-01 00:00:00-04:00,37.56683999990107,37.68405272101102,37.47474337794122,37.49986267089844,81700,0.0,0.0,0.0
2014-08-04 00:00:00-04:00,37.550089202089055,37.80126293091103,37.35752501878374,37.76777267456055,33400,0.0,0.0,0.0
2014-08-05 00:00:00-04:00,37.49149013830074,37.49149013830074,37.25706468589098,37.28218078613281,24500,0.0,0.0,0.0
2014-08-06 00:00:00-04:00,36.947283764440996,37.081241607666016,36.880303245925035,37.081241607666016,5900,0.0,0.0,0.0
2014-08-07 00:00:00-04:00,36.813320033186095,37.03100029593274,36.68773317795885,36.838436126708984,7300,0.0,0.0,0.0
2014-08-08 00:00:00-04:00,36.4784292645268,36.930538177490234,36.4784292645268,36.930538177490234,1800,0.0,0.0,0.0
2014-08-11 00:00:00-04:00,36.88867946076164,37.3910206023626,36.88867946076164,37.32404327392578,5600,0.0,0.0,0.0
2014-08-12 00:00:00-04:00,37.34915632702846,37.37427242391816,37.31566606863765,37.340782165527344,1500,0.0,0.0,0.0
2014-08-13 00:00:00-04:00,37.600327470776875,37.600327470776875,37.46636962890625,37.46636962890625,1600,0.0,0.0,0.0
2014-08-14 00:00:00-04:00,37.2235658138282,37.85149372510252,37.2235658138282,37.75102615356445,4500,0.0,0.0,0.0
2014-08-15 00:00:00-04:00,38.052444936045966,38.052444936045966,37.60033592045549,37.893367767333984,15500,0.0,0.0,0.0
2014-08-18 00:00:00-04:00,38.16127346282596,38.16127346282596,38.077547825765855,38.13615417480469,700,0.0,0.0,0.0
2014-08-19 00:00:00-04:00,37.951969211665165,38.26174612549753,37.951969211665165,38.17802047729492,9700,0.0,0.0,0.0
2014-08-20 00:00:00-04:00,38.53803877762636,38.53803877762636,37.968717056474176,37.9854621887207,2300,0.0,0.0,0.0
2014-08-21 00:00:00-04:00,38.14453748982917,38.14453748982917,38.12779235839844,38.12779235839844,4100,0.0,0.0,0.0
2014-08-22 00:00:00-04:00,37.977085342069216,38.1696495423914,37.977085342069216,38.05243682861328,8500,0.0,0.0,0.0
2014-08-25 00:00:00-04:00,38.1277868155262,38.37058639526367,38.1277868155262,38.37058639526367,500,0.0,0.0,0.0
2014-08-26 00:00:00-04:00,38.34547181840814,38.3957072115724,38.3203557187296,38.36221694946289,800,0.0,0.0,0.0
2014-08-27 00:00:00-04:00,38.59663772583008,38.60501188724764,38.59663772583008,38.59663772583008,600,0.0,0.0,0.0
2014-08-28 00:00:00-04:00,38.47943106661887,38.47943106661887,38.30361197488724,38.378963470458984,1300,0.0,0.0,0.0
2014-08-29 00:00:00-04:00,38.36221893841022,38.36221893841022,38.16128374294977,38.19477081298828,23600,0.0,0.0,0.0
2014-09-02 00:00:00-04:00,38.16128158569336,38.17802352286252,37.9603432077846,38.16128158569336,5200,0.0,0.0,0.0
2014-09-03 00:00:00-04:00,38.47105870441519,38.47105870441519,38.228259094832055,38.36221694946289,17500,0.0,0.0,0.0
2014-09-04 00:00:00-04:00,37.9854535297623,38.069179171909276,37.9854535297623,38.018943786621094,6100,0.0,0.0,0.0
2014-09-05 00:00:00-04:00,38.02731704711914,38.02731704711914,38.02731704711914,38.02731704711914,400,0.0,0.0,0.0
2014-09-08 00:00:00-04:00,37.68404992426844,37.68404992426844,37.39938911106749,37.46636962890625,6200,0.0,0.0,0.0
2014-09-09 00:00:00-04:00,37.47473757478513,37.508227831003865,37.298918520346696,37.35752487182617,2100,0.0,0.0,0.0
2014-09-10 00:00:00-04:00,37.33241178703562,37.46636962890625,37.1817088157053,37.46636962890625,1700,0.0,0.0,0.0
2014-09-11 00:00:00-04:00,37.23194261539545,37.35752629027414,37.190078196629145,37.248687744140625,3900,0.0,0.0,0.0
2014-09-12 00:00:00-04:00,37.26544092712302,37.441263235113425,37.26544092712302,37.39939880371094,700,0.0,0.0,0.0
2014-09-15 00:00:00-04:00,37.42451095581055,37.42451095581055,37.42451095581055,37.42451095581055,300,0.0,0.0,0.0
2014-09-16 00:00:00-04:00,37.07287501516681,37.20683288574219,37.07287501516681,37.20683288574219,1600,0.0,0.0,0.0
2014-09-17 00:00:00-04:00,37.307290503302355,37.44961929321289,37.298916342833245,37.44961929321289,6000,0.0,0.0,0.0
2014-09-18 00:00:00-04:00,37.52497863769531,37.541723768338684,37.441256178285535,37.52497863769531,6500,0.0,0.0,0.0
2014-09-19 00:00:00-04:00,37.32404439806157,37.391021728515625,37.32404439806157,37.391021728515625,31000,0.0,0.0,0.0
2014-09-22 00:00:00-04:00,37.391021728515625,37.391021728515625,37.391021728515625,37.391021728515625,0,0.0,0.0,0.0
2014-09-23 00:00:00-04:00,37.01426653261465,37.01426653261465,36.863563537597656,36.863563537597656,800,0.0,0.0,0.0
2014-09-24 00:00:00-04:00,36.65424993409194,36.72123045470471,36.52029208667343,36.71285629272461,5000,0.0,0.0,0.0
2014-09-25 00:00:00-04:00,36.76308975849008,36.76308975849008,36.227258396868905,36.31935501098633,18400,0.0,0.0,0.0
2014-09-26 00:00:00-04:00,36.11005042178022,36.185401916503906,36.11005042178022,36.185401916503906,1300,0.0,0.0,0.0
2014-09-29 00:00:00-04:00,36.16865413642759,36.16865413642759,36.03469628826259,36.126792907714844,400,0.0,0.0,0.0
2014-09-30 00:00:00-04:00,35.842135431549366,36.05981575748793,35.833761268739806,35.97609329223633,4400,0.0,0.0,0.0
2014-10-01 00:00:00-04:00,35.90910781338335,35.90910781338335,35.57421480474893,35.59933090209961,3000,0.0,0.0,0.0
2014-10-02 00:00:00-04:00,35.14722451771052,35.2476921081543,35.14722451771052,35.2476921081543,900,0.0,0.0,0.0
2014-10-03 00:00:00-04:00,35.381649017333984,35.39002317936867,35.381649017333984,35.381649017333984,3200,0.0,0.0,0.0
2014-10-06 00:00:00-04:00,35.163972336273275,35.18908843735226,35.14722720428483,35.18071746826172,1700,0.0,0.0,0.0
2014-10-07 00:00:00-04:00,34.98814807986041,34.98814807986041,34.72860336303711,34.72860336303711,1000,0.0,0.0,0.0
2014-10-08 00:00:00-04:00,34.46068472193843,34.92953872680664,34.192769060244196,34.92953872680664,6000,0.0,0.0,0.0
2014-10-09 00:00:00-04:00,34.58627261450764,34.58627261450764,33.88299318318773,33.89973831176758,1800,0.0,0.0,0.0
2014-10-10 00:00:00-04:00,33.472744116155155,33.472744116155155,33.447628021240234,33.447628021240234,600,0.0,0.0,0.0
2014-10-13 00:00:00-04:00,33.54809883001282,33.84113061163484,33.22994775724685,33.322044372558594,41000,0.0,0.0,0.0
2014-10-14 00:00:00-04:00,33.171341432708935,33.464376408418644,33.14622533534781,33.19646072387695,14300,0.0,0.0,0.0
2014-10-15 00:00:00-04:00,33.012269193314566,33.13785607420212,32.46806363454456,33.079246520996094,14900,0.0,0.0,0.0
2014-10-16 00:00:00-04:00,32.66063187603829,33.02901840209961,32.66063187603829,33.02901840209961,4900,0.0,0.0,0.0
2014-10-17 00:00:00-04:00,33.52298870007866,33.78253026891415,33.51461453693771,33.66531753540039,3900,0.0,0.0,0.0
2014-10-20 00:00:00-04:00,33.76578047693553,33.92485440773399,33.76578047693553,33.89973831176758,600,0.0,0.0,0.0
2014-10-21 00:00:00-04:00,34.34347325590418,34.60301795980724,34.34347325590418,34.53603744506836,7600,0.0,0.0,0.0
2014-10-22 00:00:00-04:00,34.619758261167895,34.65324851695711,34.41044895319516,34.443939208984375,2800,0.0,0.0,0.0
2014-10-23 00:00:00-04:00,34.896054033620125,34.896054033620125,34.66999955919025,34.686744689941406,5500,0.0,0.0,0.0
2014-10-24 00:00:00-04:00,34.753715880048134,34.921163964173566,34.753715880048134,34.803951263427734,1000,0.0,0.0,0.0
2014-10-27 00:00:00-04:00,34.385336989577254,34.72860416814305,34.385336989577254,34.6197624206543,3400,0.0,0.0,0.0
2014-10-28 00:00:00-04:00,34.929542768408666,35.0048942565918,34.929542768408666,35.0048942565918,1200,0.0,0.0,0.0
2014-10-29 00:00:00-04:00,35.16396352646512,35.33978257758387,34.795580296434416,34.803951263427734,4600,0.0,0.0,0.0
2014-10-30 00:00:00-04:00,34.61975737674123,35.01325988769531,34.61975737674123,35.01325988769531,500,0.0,0.0,0.0
2014-10-31 00:00:00-04:00,35.25606340545631,35.45699857001559,35.25606340545631,35.42351150512695,900,0.0,0.0,0.0
2014-11-03 00:00:00-05:00,35.2644400690944,35.37328183053133,35.155601501464844,35.155601501464844,9500,0.0,0.0,0.0
2014-11-04 00:00:00-05:00,35.29792871575778,35.29792871575778,35.06350326538086,35.06350326538086,700,0.0,0.0,0.0
2014-11-05 00:00:00-05:00,35.06350326538086,35.06350326538086,35.06350326538086,35.06350326538086,0,0.0,0.0,0.0
2014-11-06 00:00:00-05:00,35.0048942565918,35.0048942565918,35.0048942565918,35.0048942565918,200,0.0,0.0,0.0
2014-11-07 00:00:00-05:00,34.77884344900084,35.03001403808594,34.77884344900084,35.03001403808594,3000,0.0,0.0,0.0
2014-11-10 00:00:00-05:00,34.93791580200195,34.93791580200195,34.93791580200195,34.93791580200195,400,0.0,0.0,0.0
2014-11-11 00:00:00-05:00,35.11373715747127,35.41514314751257,35.11373715747127,35.25606918334961,6300,0.0,0.0,0.0
2014-11-12 00:00:00-05:00,35.172341248516425,35.172341248516425,34.93791580200195,34.93791580200195,1900,0.0,0.0,0.0
2014-11-13 00:00:00-05:00,35.071871092011094,35.071871092011094,34.979774475097656,34.979774475097656,2300,0.0,0.0,0.0
2014-11-14 00:00:00-05:00,34.946286018789785,34.996518212338735,34.946286018789785,34.96302795410156,1800,0.0,0.0,0.0
2014-11-17 00:00:00-05:00,35.105365534192195,35.17234286750481,35.03001403808594,35.03001403808594,300,0.0,0.0,0.0
2014-11-18 00:00:00-05:00,35.373276117083705,35.4318824728974,35.35653098773595,35.42351150512695,2600,0.0,0.0,0.0
2014-11-19 00:00:00-05:00,35.40676298869252,35.49885959439156,35.26443099975586,35.26443099975586,12400,0.0,0.0,0.0
2014-11-20 00:00:00-05:00,35.323036193847656,35.323036193847656,35.323036193847656,35.323036193847656,700,0.0,0.0,0.0
2014-11-21 00:00:00-05:00,35.69979802360297,35.69979802360297,35.44862747192383,35.44862747192383,1100,0.0,0.0,0.0
2014-11-24 00:00:00-05:00,35.44862747192383,35.44862747192383,35.44862747192383,35.44862747192383,0,0.0,0.0,0.0
2014-11-25 00:00:00-05:00,36.00121051289824,36.084932980754104,36.00121051289824,36.04307174682617,3100,0.0,0.0,0.0
2014-11-26 00:00:00-05:00,35.875620850311975,36.009578704833984,35.875620850311975,36.009578704833984,1400,0.0,0.0,0.0
2014-11-28 00:00:00-05:00,35.842132568359375,35.842132568359375,35.842132568359375,35.842132568359375,100,0.0,0.0,0.0
2014-12-01 00:00:00-05:00,35.73329634361151,35.81701881512341,35.65794484172777,35.72492218017578,2900,0.0,0.0,0.0
2014-12-02 00:00:00-05:00,35.63282012939453,35.63282012939453,35.624445967982176,35.63282012939453,1000,0.0,0.0,0.0
2014-12-03 00:00:00-05:00,35.86724564999666,35.88399077906218,35.6914265855189,35.7332878112793,1900,0.0,0.0,0.0
2014-12-04 00:00:00-05:00,35.657940313794334,35.934226989746094,35.657940313794334,35.934226989746094,500,0.0,0.0,0.0
2014-12-05 00:00:00-05:00,35.967717739919074,36.10167559543097,35.95097260875419,35.959346771240234,3500,0.0,0.0,0.0
2014-12-08 00:00:00-05:00,35.75003733395654,35.950972519823736,35.75003733395654,35.85887908935547,2100,0.0,0.0,0.0
2014-12-09 00:00:00-05:00,35.549103285424586,35.80027389526367,35.549103285424586,35.80027389526367,2300,0.0,0.0,0.0
2014-12-10 00:00:00-05:00,35.55746851625649,35.73328757959429,35.55746851625649,35.657936096191406,500,0.0,0.0,0.0
2014-12-11 00:00:00-05:00,35.51560852758124,35.51560852758124,35.34816360473633,35.34816360473633,2300,0.0,0.0,0.0
2014-12-12 00:00:00-05:00,35.13884754134235,35.13884754134235,34.82906746691122,34.9044189453125,1300,0.0,0.0,0.0
2014-12-15 00:00:00-05:00,34.80395395136992,34.94628595170126,34.20951624093188,34.301612854003906,2500,0.0,0.0,0.0
2014-12-16 00:00:00-05:00,34.24300798456034,34.862561818600774,34.24300798456034,34.418827056884766,2800,0.0,0.0,0.0
2014-12-17 00:00:00-05:00,34.812331664922304,34.870938025801394,34.56953205910485,34.78721237182617,1100,0.0,0.0,0.0
2014-12-18 00:00:00-05:00,35.163970093061295,35.48212119293118,35.096989569380405,35.39839553833008,1300,0.0,0.0,0.0
2014-12-19 00:00:00-05:00,35.55367874805262,35.55367874805262,35.17183669604109,35.3245735168457,5000,0.563,0.0,0.0
2014-12-22 00:00:00-05:00,35.511246056833855,35.71489621140573,35.48579100135339,35.68095397949219,8100,0.0,0.0,0.0
2014-12-23 00:00:00-05:00,35.70641624931213,35.73187130762809,35.50276607205513,35.528221130371094,11800,0.0,0.0,0.0
2014-12-24 00:00:00-05:00,35.57912990967975,35.82520623146312,35.57912990967975,35.81671905517578,500,0.0,0.0,0.0
2014-12-26 00:00:00-05:00,35.72338198509374,36.037342791049795,35.72338198509374,35.75732421875,2000,0.0,0.0,0.0
2014-12-29 00:00:00-05:00,35.672472912359716,35.672472912359716,35.44336768385954,35.64701461791992,15500,0.0,0.0,0.0
2014-12-30 00:00:00-05:00,35.62155669209818,35.68095397949219,35.40093865847893,35.68095397949219,21100,0.0,0.0,0.0
2014-12-31 00:00:00-05:00,35.42639734921097,36.020373521010825,35.35851287841797,35.35851287841797,4400,0.0,0.0,0.0
2015-01-02 00:00:00-05:00,35.35851199015463,35.35851199015463,35.265175700523606,35.31608581542969,900,0.0,0.0,0.0
2015-01-05 00:00:00-05:00,34.70514061770179,34.70514061770179,34.62028503417969,34.62028503417969,700,0.0,0.0,0.0
2015-01-06 00:00:00-05:00,34.6118082029285,34.6118082029285,34.13662654833955,34.27239227294922,2200,0.0,0.0,0.0
2015-01-07 00:00:00-05:00,34.187530189947445,34.501487731933594,34.162071898444744,34.501487731933594,4800,0.0,0.0,0.0
2015-01-08 00:00:00-05:00,34.67968866893723,34.67968866893723,34.55241012573242,34.55241012573242,300,0.0,0.0,0.0
2015-01-09 00:00:00-05:00,34.67119927419279,34.77302274012325,34.50149133970226,34.66271209716797,5700,0.0,0.0,0.0
2015-01-12 00:00:00-05:00,34.57786518699136,34.57786518699136,34.55241012573242,34.55241012573242,1100,0.0,0.0,0.0
2015-01-13 00:00:00-05:00,34.54391098022461,34.54391098022461,34.54391098022461,34.54391098022461,700,0.0,0.0,0.0
2015-01-14 00:00:00-05:00,34.39967328435854,34.560894067182026,34.39967328435854,34.55241012573242,1400,0.0,0.0,0.0
2015-01-15 00:00:00-05:00,34.74757020244905,34.74757020244905,34.543920018911614,34.59483337402344,2800,0.0,0.0,0.0
2015-01-16 00:00:00-05:00,34.62028503417969,34.62028503417969,34.62028503417969,34.62028503417969,2100,0.0,0.0,0.0
2015-01-20 00:00:00-05:00,35.07849299629603,35.16334533691406,35.019095710481544,35.16334533691406,4200,0.0,0.0,0.0
2015-01-21 00:00:00-05:00,35.256686745622595,35.256686745622595,35.13789216761908,35.231231689453125,16800,0.0,0.0,0.0
2015-01-22 00:00:00-05:00,35.32457346327026,35.37548357885479,35.16334946549342,35.33305740356445,3600,0.0,0.0,0.0
2015-01-23 00:00:00-05:00,35.180321111547705,35.180321111547705,34.83242128988452,34.866363525390625,10200,0.0,0.0,0.0
2015-01-26 00:00:00-05:00,35.188813135208875,35.647020430008226,35.188813135208875,35.57065200805664,3600,0.0,0.0,0.0
2015-01-27 00:00:00-05:00,35.426395887396566,35.6045877605108,35.41791194735238,35.44336700439453,1400,0.0,0.0,0.0
2015-01-28 00:00:00-05:00,35.29911938378807,35.42640116176803,35.01910400390625,35.01910400390625,3000,0.0,0.0,0.0
2015-01-29 00:00:00-05:00,35.188812255859375,35.188812255859375,35.188812255859375,35.188812255859375,900,0.0,0.0,0.0
2015-01-30 00:00:00-05:00,35.40093525530093,35.40093525530093,35.222740173339844,35.222740173339844,1000,0.0,0.0,0.0
2015-02-02 00:00:00-05:00,35.39245407031241,35.46882247924805,35.36699901297041,35.46882247924805,1000,0.0,0.0,0.0
2015-02-03 00:00:00-05:00,36.11370971476239,36.325843811035156,36.11370971476239,36.325843811035156,13300,0.0,0.0,0.0
2015-02-04 00:00:00-05:00,36.240990309301225,36.240990309301225,36.07976955217308,36.105224609375,3600,0.0,0.0,0.0
2015-02-05 00:00:00-05:00,36.359789573031,36.750118842865255,36.359789573031,36.62283706665039,3300,0.0,0.0,0.0
2015-02-06 00:00:00-05:00,36.52100541848957,36.52100541848957,36.16461846695368,36.26644515991211,1800,0.0,0.0,0.0
2015-02-09 00:00:00-05:00,36.01188612614064,36.17311012484512,35.95248883301048,35.99491500854492,6000,0.0,0.0,0.0
2015-02-10 00:00:00-05:00,36.266448200360706,36.55495071411133,36.266448200360706,36.55495071411133,1400,0.0,0.0,0.0
2015-02-11 00:00:00-05:00,36.23250151033643,36.23250151033643,36.1985592806792,36.21553039550781,1100,0.0,0.0,0.0
2015-02-12 00:00:00-05:00,36.656771061531614,37.24225997924805,36.656771061531614,37.24225997924805,3000,0.0,0.0,0.0
2015-02-13 00:00:00-05:00,37.27620712889558,37.27620712889558,37.10649918868439,37.123470306396484,2800,0.0,0.0,0.0
2015-02-17 00:00:00-05:00,37.31862979937462,37.335600915492606,37.293174743652344,37.293174743652344,1300,0.0,0.0,0.0
2015-02-18 00:00:00-05:00,37.63259353941852,37.72593307495117,37.34409099182212,37.72593307495117,5700,0.0,0.0,0.0
2015-02-19 00:00:00-05:00,37.71744321247556,37.71744321247556,37.47136688232422,37.47136688232422,8300,0.0,0.0,0.0
2015-02-20 00:00:00-05:00,37.55622153889189,38.13322657902248,37.55622153889189,38.03989028930664,3000,0.0,0.0,0.0
2015-02-23 00:00:00-05:00,37.43742746693884,37.95503522209954,37.43742746693884,37.92109298706055,6200,0.0,0.0,0.0
2015-02-24 00:00:00-05:00,37.988971524847464,38.17565055150075,37.75138239049541,38.15019226074219,4500,0.0,0.0,0.0
2015-02-25 00:00:00-05:00,38.22656202734195,40.29699279877136,38.184135857104806,38.209590911865234,7300,0.0,0.0,0.0
2015-02-26 00:00:00-05:00,38.39626593345404,38.39626593345404,37.87017435628045,37.878658294677734,11600,0.0,0.0,0.0
2015-02-27 00:00:00-05:00,38.08232181825717,38.32839496124598,38.05686352029204,38.28596878051758,3900,0.0,0.0,0.0
2015-03-02 00:00:00-05:00,38.12474472199971,38.29445266723633,38.12474472199971,38.29445266723633,300,0.0,0.0,0.0
2015-03-03 00:00:00-05:00,37.92109826128851,38.10777734305739,37.91261431980362,37.96352767944336,2800,0.0,0.0,0.0
2015-03-04 00:00:00-05:00,37.63259652085785,37.700481001863366,37.63259652085785,37.675025939941406,1900,0.0,0.0,0.0
2015-03-05 00:00:00-05:00,37.68350189890813,37.988975524902344,37.675017959034754,37.988975524902344,2700,0.0,0.0,0.0
2015-03-06 00:00:00-05:00,37.59016208066764,37.67501766328298,37.335601806640625,37.335601806640625,5200,0.0,0.0,0.0
2015-03-09 00:00:00-04:00,37.31863860355862,37.50531768798828,37.293183541831006,37.50531768798828,8700,0.0,0.0,0.0
2015-03-10 00:00:00-04:00,36.87739443373219,36.89436555166463,36.495552372526824,36.665260314941406,4900,0.0,0.0,0.0
2015-03-11 00:00:00-04:00,36.5379835782,36.62283593511487,36.402217864990234,36.402217864990234,2100,0.0,0.0,0.0
2015-03-12 00:00:00-04:00,36.68222550411838,36.89435958862305,36.64828327373941,36.89435958862305,3800,0.0,0.0,0.0
2015-03-13 00:00:00-04:00,36.97922320505681,36.97922320505681,36.50404158715908,36.58041000366211,10100,0.0,0.0,0.0
2015-03-16 00:00:00-04:00,36.970736348544605,37.08953094482422,36.90285510934624,37.08953094482422,1900,0.0,0.0,0.0
2015-03-17 00:00:00-04:00,36.78404867327379,36.78404867327379,36.62282793558701,36.71616744995117,1200,0.0,0.0,0.0
2015-03-18 00:00:00-04:00,36.53797841277134,37.649559020996094,36.53797841277134,37.649559020996094,2500,0.0,0.0,0.0
2015-03-19 00:00:00-04:00,37.23377754735158,37.23377754735158,36.99618515802425,37.148921966552734,3500,0.0,0.0,0.0
2015-03-20 00:00:00-04:00,37.742904438328715,38.04837810681059,37.71744937825855,37.90412521362305,3200,0.0,0.0,0.0
2015-03-23 00:00:00-04:00,37.904118764267416,38.36232918902609,37.904118764267416,38.25202178955078,4400,0.0,0.0,0.0
2015-03-24 00:00:00-04:00,38.18413638186135,38.47263887511179,38.18413638186135,38.21807861328125,5100,0.0,0.0,0.0
2015-03-25 00:00:00-04:00,38.404758507182244,38.404758507182244,37.92109298706055,37.92109298706055,2900,0.0,0.0,0.0
2015-03-26 00:00:00-04:00,37.72593265972277,37.72593265972277,37.43743011530176,37.700477600097656,2600,0.0,0.0,0.0
2015-03-27 00:00:00-04:00,37.54774123582973,37.74290424817434,37.50531505695655,37.71744918823242,5300,0.0,0.0,0.0
2015-03-30 00:00:00-04:00,37.75987087138306,37.8616943359375,37.54773676536406,37.8616943359375,2300,0.0,0.0,0.0
2015-03-31 00:00:00-04:00,37.420452590240075,37.43742370605469,37.420452590240075,37.43742370605469,400,0.0,0.0,0.0
2015-04-01 00:00:00-04:00,37.751394362617496,37.81927560671279,37.513801916008426,37.675025939941406,4900,0.0,0.0,0.0
2015-04-02 00:00:00-04:00,37.85321766555957,38.09080687411824,37.827762603759766,37.827762603759766,3600,0.0,0.0,0.0
2015-04-06 00:00:00-04:00,38.72720557968944,38.76963175756776,38.39627686056474,38.48961639404297,6600,0.0,0.0,0.0
2015-04-07 00:00:00-04:00,38.54900945091694,38.57446450746246,38.44718598782533,38.46415710449219,5300,0.0,0.0,0.0
2015-04-08 00:00:00-04:00,38.62538193940096,38.727205413253294,38.39627669555081,38.64235305786133,20100,0.0,0.0,0.0
2015-04-09 00:00:00-04:00,38.60841128999644,38.659324645996094,38.565985111785025,38.659324645996094,3900,0.0,0.0,0.0
2015-04-10 00:00:00-04:00,38.65084298376885,38.75266647338867,38.45567994661818,38.75266647338867,3600,0.0,0.0,0.0
2015-04-13 00:00:00-04:00,38.77811105988086,38.79508217496751,38.65082931518555,38.65082931518555,5600,0.0,0.0,0.0
2015-04-14 00:00:00-04:00,39.0241927565183,39.032676696777344,38.93085322912046,39.032676696777344,2600,0.0,0.0,0.0
2015-04-15 00:00:00-04:00,38.93085078313326,39.134497705652095,38.90539249013631,39.092071533203125,1900,0.0,0.0,0.0
2015-04-16 00:00:00-04:00,39.270268010356325,39.321181365418504,39.041162767941294,39.27875518798828,5400,0.0,0.0,0.0
2015-04-17 00:00:00-04:00,38.93933601669316,38.93933601669316,38.693259676639535,38.81205749511719,3200,0.0,0.0,0.0
2015-04-20 00:00:00-04:00,39.03268091115668,39.03268091115668,38.65932599816366,38.71872329711914,10300,0.0,0.0,0.0
2015-04-21 00:00:00-04:00,39.13450687569751,39.168449116373864,38.642357333531365,38.998741149902344,6400,0.0,0.0,0.0
2015-04-22 00:00:00-04:00,39.058128132116195,39.058128132116195,38.74417058109403,38.87145233154297,2900,0.0,0.0,0.0
2015-04-23 00:00:00-04:00,39.024195299312304,39.3042106628418,39.01570812159057,39.3042106628418,800,0.0,0.0,0.0
2015-04-24 00:00:00-04:00,39.45694476875174,39.66059494018555,39.304207949403796,39.66059494018555,22600,0.0,0.0,0.0
2015-04-27 00:00:00-04:00,40.186688989301075,40.186688989301075,39.75393356344719,40.09334945678711,5000,0.0,0.0,0.0
2015-04-28 00:00:00-04:00,39.88121482829709,40.1866884810577,39.584228353063054,39.73696517944336,6300,0.0,0.0,0.0
2015-04-29 00:00:00-04:00,39.66059671247026,39.96606712790681,39.635138416834856,39.74544906616211,4700,0.0,0.0,0.0
2015-04-30 00:00:00-04:00,40.34790829280403,40.34790829280403,39.52483012225216,39.70302200317383,5200,0.0,0.0,0.0
2015-05-01 00:00:00-04:00,39.889698458979076,40.01698022561032,39.567256927490234,39.567256927490234,8800,0.0,0.0,0.0
2015-05-04 00:00:00-04:00,39.77090063052444,40.288508358532034,39.67756110751854,39.91515350341797,7500,0.0,0.0,0.0
2015-05-05 00:00:00-04:00,39.71149761836584,40.161224051960716,39.36359786987305,39.36359786987305,23900,0.0,0.0,0.0
2015-05-06 00:00:00-04:00,39.72847522875872,40.33093531469998,39.499370005180445,39.626651763916016,10400,0.0,0.0,0.0
2015-05-07 00:00:00-04:00,39.949094662446775,40.39033073530334,39.5502815246582,39.5502815246582,6800,0.0,0.0,0.0
2015-05-08 00:00:00-04:00,40.39882344977756,40.814604523825466,40.39882344977756,40.60247039794922,5900,0.0,0.0,0.0
2015-05-11 00:00:00-04:00,41.043707075315396,42.002554167700644,40.45821809159857,40.475189208984375,8300,0.0,0.0,0.0
2015-05-12 00:00:00-04:00,40.37336146512077,40.99279261799735,40.33093205769566,40.458213806152344,17700,0.0,0.0,0.0
2015-05-13 00:00:00-04:00,40.94188778550502,41.29827157624236,40.67035635344514,40.98431396484375,14700,0.0,0.0,0.0
2015-05-14 00:00:00-04:00,41.340698910379594,42.23166157925988,41.340698910379594,41.54434585571289,5400,0.0,0.0,0.0
2015-05-15 00:00:00-04:00,41.55283556495308,42.16377967508526,41.55283556495308,41.815879821777344,3800,0.0,0.0,0.0
2015-05-18 00:00:00-04:00,41.93466187696648,42.214680406241825,41.323717949572305,41.44251251220703,50900,0.0,0.0,0.0
2015-05-19 00:00:00-04:00,41.28129912016682,41.951640448030574,41.15401735934314,41.26432800292969,33000,0.0,0.0,0.0
2015-05-20 00:00:00-04:00,41.289781295535235,41.68010726457719,41.179470656663554,41.52737045288086,3900,0.0,0.0,0.0
2015-05-21 00:00:00-04:00,41.52736861609338,41.55282690818973,41.36614787172684,41.45100021362305,7200,0.0,0.0,0.0
2015-05-22 00:00:00-04:00,41.2643307918519,41.31524091009451,40.89945983886719,40.89945983886719,3000,0.0,0.0,0.0
2015-05-26 00:00:00-04:00,40.687310059300664,40.85701794093439,40.22061581248936,40.246070861816406,9000,0.0,0.0,0.0
2015-05-27 00:00:00-04:00,40.398818674305396,40.7382312934401,40.356392501527246,40.70429229736328,10100,0.0,0.0,0.0
2015-05-28 00:00:00-04:00,40.356398670598196,40.848548176494155,40.17820353863501,40.653385162353516,25900,0.0,0.0,0.0
2015-05-29 00:00:00-04:00,40.91643257921506,40.91643257921506,40.32245635986328,40.32245635986328,800,0.0,0.0,0.0
2015-06-01 00:00:00-04:00,41.42555041528971,41.42555041528971,40.152745703873,40.20365905761719,1600,0.0,0.0,0.0
2015-06-02 00:00:00-04:00,40.97582646854255,41.16250228881836,40.85703188193712,41.16250228881836,9400,0.0,0.0,0.0
2015-06-03 00:00:00-04:00,40.96733554727734,41.34917756711965,40.96733554727734,41.154014587402344,11200,0.0,0.0,0.0
2015-06-04 00:00:00-04:00,40.98431188695031,41.31524060068841,40.72126764624045,40.72975158691406,4900,0.0,0.0,0.0
2015-06-05 00:00:00-04:00,40.093345372660394,40.74671879679215,39.63513493440028,39.91515350341797,2700,0.0,0.0,0.0
2015-06-08 00:00:00-04:00,40.18669051621269,40.297001171275944,40.0000114440918,40.0000114440918,5800,0.0,0.0,0.0
2015-06-09 00:00:00-04:00,40.03394793410407,40.06789016723633,40.02546075736625,40.06789016723633,1100,0.0,0.0,0.0
2015-06-10 00:00:00-04:00,40.62792660228107,41.569802590581375,40.58550042667226,40.823089599609375,8400,0.0,0.0,0.0
2015-06-11 00:00:00-04:00,41.221905201210454,41.221905201210454,40.772178649902344,40.772178649902344,155300,0.0,0.0,0.0
2015-06-12 00:00:00-04:00,40.492155984674916,40.70429007388732,40.356390297055356,40.466697692871094,7500,0.0,0.0,0.0
2015-06-15 00:00:00-04:00,39.932126134541484,40.42427558781611,39.65210755490361,39.821815490722656,6000,0.0,0.0,0.0
2015-06-16 00:00:00-04:00,40.05091702118802,40.38184568518474,40.05091702118802,40.152740478515625,4200,0.0,0.0,0.0
2015-06-17 00:00:00-04:00,40.39033918931786,40.95037319260393,40.08486874499736,40.5600471496582,2600,0.0,0.0,0.0
2015-06-18 00:00:00-04:00,40.61095275088654,41.187957763671875,40.41578976669584,41.187957763671875,3700,0.0,0.0,0.0
2015-06-19 00:00:00-04:00,40.43276085458366,41.179470557852305,40.31396303928641,40.71277618408203,3900,0.0,0.0,0.0
2015-06-22 00:00:00-04:00,40.99279602033529,41.36615088353513,40.865514261314416,40.91642761230469,13600,0.0,0.0,0.0
2015-06-23 00:00:00-04:00,40.678839997850915,41.28130339294272,40.678839997850915,40.814605712890625,6900,0.0,0.0,0.0
2015-06-24 00:00:00-04:00,40.84034133789069,41.097683725741774,40.5572624206543,40.5572624206543,5700,0.52,0.0,0.0
2015-06-25 00:00:00-04:00,40.80603128376827,41.5523252475918,40.49721908569336,40.49721908569336,2900,0.0,0.0,0.0
2015-06-26 00:00:00-04:00,41.34644239979836,41.34644239979836,40.61730194091797,40.61730194091797,1900,0.0,0.0,0.0
2015-06-29 00:00:00-04:00,40.08546838700508,40.274187669350184,39.34775112578632,39.51931381225586,6900,0.0,0.0,0.0
2015-06-30 00:00:00-04:00,39.90532664520083,40.488637780838346,39.74234390258789,39.74234390258789,4400,0.0,0.0,0.0
2015-07-01 00:00:00-04:00,40.89181099555074,40.89181099555074,40.05973731994474,40.49721908569336,2100,0.0,0.0,0.0
2015-07-02 00:00:00-04:00,40.14550448320793,40.21413084901196,39.699442922337425,40.04256820678711,2000,0.0,0.0,0.0
2015-07-06 00:00:00-04:00,39.167607061226924,39.45068595065815,38.91884135941506,39.22765350341797,11100,0.0,0.0,0.0
2015-07-07 00:00:00-04:00,38.721540743286305,39.00461959838867,38.49851159537846,39.00461959838867,4700,0.0,0.0,0.0
2015-07-08 00:00:00-04:00,38.541408340329134,38.541408340329134,38.09534669235005,38.37842559814453,6600,0.0,0.0,0.0
2015-07-09 00:00:00-04:00,38.918839721924584,39.35632466495031,38.77301358910637,38.91026306152344,4000,0.0,0.0,0.0
2015-07-10 00:00:00-04:00,39.896749030674805,40.299920852287656,39.888172368895965,40.15409469604492,2900,0.0,0.0,0.0
2015-07-13 00:00:00-04:00,40.42858934007668,40.617305329504276,40.25702667236328,40.25702667236328,9600,0.0,0.0,0.0
2015-07-14 00:00:00-04:00,40.18839741547817,40.51436613353815,40.18839741547817,40.48005294799805,3200,0.0,0.0,0.0
2015-07-15 00:00:00-04:00,40.40285541506676,40.60873128403935,40.231296008589844,40.26560592651367,5500,0.0,0.0,0.0
2015-07-16 00:00:00-04:00,40.66019461843696,40.900380367226866,40.6516146861028,40.823177337646484,4000,0.0,0.0,0.0
2015-07-17 00:00:00-04:00,40.78887108549468,40.79745101928711,40.46290231938749,40.79745101928711,7000,0.0,0.0,0.0
2015-07-20 00:00:00-04:00,40.831748962402344,41.05478136359082,40.68592285355873,40.831748962402344,19200,0.0,0.0,0.0
2015-07-21 00:00:00-04:00,40.61730910291831,40.90038802178677,40.61730910291831,40.85749816894531,11200,0.0,0.0,0.0
2015-07-22 00:00:00-04:00,40.651617057739216,41.037632228161456,40.411431294936754,40.66877365112305,3900,0.0,0.0,0.0
2015-07-23 00:00:00-04:00,40.728826320965155,40.934702200772584,40.428594071544005,40.514373779296875,5000,0.0,0.0,0.0
2015-07-24 00:00:00-04:00,40.32565237323778,40.86607366604064,40.154092966760864,40.26560592651367,5300,0.0,0.0,0.0
2015-07-27 00:00:00-04:00,40.128355298745504,40.196981677216755,39.71660684477549,39.77665328979492,7600,0.0,0.0,0.0
2015-07-28 00:00:00-04:00,40.763136182291525,40.78886943805754,39.94821593608064,40.411434173583984,13300,0.0,0.0,0.0
2015-07-29 00:00:00-04:00,40.38569568488125,41.26065899041172,40.274179470535046,40.823177337646484,10300,0.0,0.0,0.0
2015-07-30 00:00:00-04:00,40.574407587804316,40.60014410994057,40.385691635087184,40.5915641784668,7800,0.0,0.0,0.0
2015-07-31 00:00:00-04:00,40.63445929287351,41.09767748402573,40.56583619360216,40.78028869628906,5100,0.0,0.0,0.0
2015-08-03 00:00:00-04:00,41.26924255547192,41.26924255547192,40.540102040300035,40.625885009765625,11000,0.0,0.0,0.0
2015-08-04 00:00:00-04:00,40.86606382682996,41.23492235206093,40.548675074521384,40.6859245300293,24200,0.0,0.0,0.0
2015-08-05 00:00:00-04:00,41.24351409589971,41.24351409589971,40.72024937432284,40.917545318603516,5000,0.0,0.0,0.0
2015-08-06 00:00:00-04:00,40.85749290605961,40.93469594014406,40.55725743027094,40.66877365112305,22100,0.0,0.0,0.0
2015-08-07 00:00:00-04:00,40.32565048302894,40.47147989844187,40.119777895992264,40.317073822021484,7900,0.0,0.0,0.0
2015-08-10 00:00:00-04:00,41.59521466844298,41.59521466844298,40.45432562416173,40.69451141357422,2800,0.0,0.0,0.0
2015-08-11 00:00:00-04:00,41.3807637702073,41.3807637702073,40.728826212787105,41.04621505737305,6400,0.0,0.0,0.0
2015-08-12 00:00:00-04:00,40.94327142030832,41.06336429824731,40.20555428749971,40.78028869628906,6700,0.0,0.0,0.0
2015-08-13 00:00:00-04:00,41.03762477332363,41.03762477332363,40.50578356418074,40.831748962402344,11300,0.0,0.0,0.0
2015-08-14 00:00:00-04:00,40.54009986684621,40.96042821397853,40.54009986684621,40.908958435058594,7200,0.0,0.0,0.0
2015-08-17 00:00:00-04:00,40.900382738140706,40.900382738140706,40.5744140085405,40.63446044921875,7500,0.0,0.0,0.0
2015-08-18 00:00:00-04:00,40.53152539356971,41.54374152761526,40.29133962355405,40.66019821166992,7900,0.0,0.0,0.0
2015-08-19 00:00:00-04:00,40.3771244788201,40.823186160322,40.11120214784221,40.711669921875,6800,0.0,0.0,0.0
2015-08-20 00:00:00-04:00,40.04257398030788,40.2827597506826,39.51073265778426,39.527889251708984,4700,0.0,0.0,0.0
2015-08-21 00:00:00-04:00,39.60508951512036,39.60508951512036,38.755859375,38.755859375,9600,0.0,0.0,0.0
2015-08-24 00:00:00-04:00,37.38336409759837,38.89310836791992,36.43119440457739,38.89310836791992,15100,0.0,0.0,0.0
2015-08-25 00:00:00-04:00,40.60015212616843,40.60015212616843,38.59287643432617,38.59287643432617,3800,0.0,0.0,0.0
2015-08-26 00:00:00-04:00,39.03893329735421,39.20191929845198,38.155390007432764,38.935997009277344,14700,0.0,0.0,0.0
2015-08-27 00:00:00-04:00,38.81590058728459,39.28769540957906,38.81590058728459,39.1676025390625,5300,0.0,0.0,0.0
2015-08-28 00:00:00-04:00,38.99604345001265,38.99604345001265,38.935997009277344,38.935997009277344,6400,0.0,0.0,0.0
2015-08-31 00:00:00-04:00,38.9703087803068,39.382057189941406,38.875949156212016,39.382057189941406,4600,0.0,0.0,0.0
2015-09-01 00:00:00-04:00,38.34410761801659,38.91883874677337,38.035295494744396,38.052452087402344,25000,0.0,0.0,0.0
2015-09-02 00:00:00-04:00,38.1382415337821,38.54141338365756,38.1382415337821,38.30122756958008,15800,0.0,0.0,0.0
2015-09-03 00:00:00-04:00,38.78159500652719,38.961734347617266,38.53282928466797,38.53282928466797,18500,0.0,0.0,0.0
2015-09-04 00:00:00-04:00,38.36127189218857,38.38700515018563,38.01814651489258,38.01814651489258,2000,0.0,0.0,0.0
2015-09-08 00:00:00-04:00,39.05609058623434,39.05609058623434,38.8416380734221,38.96173095703125,1700,0.0,0.0,0.0
2015-09-09 00:00:00-04:00,39.22764751932001,39.63939589108395,38.96172526426436,39.0131950378418,2600,0.0,0.0,0.0
2015-09-10 00:00:00-04:00,38.9617307565586,39.433528900146484,38.69581173630249,39.433528900146484,1600,0.0,0.0,0.0
2015-09-11 00:00:00-04:00,39.60508924203512,39.60508924203512,39.09040451049805,39.09040451049805,1900,0.0,0.0,0.0
2015-09-14 00:00:00-04:00,39.03036447250771,39.24481702455446,38.94458476060352,39.13330078125,3000,0.0,0.0,0.0
2015-09-15 00:00:00-04:00,39.27054819629804,39.356331175928815,38.61003397842841,39.021785736083984,3000,0.0,0.0,0.0
2015-09-16 00:00:00-04:00,39.18476340883208,39.75091791185161,39.11613703402455,39.59651184082031,3300,0.0,0.0,0.0
2015-09-17 00:00:00-04:00,39.5793566285209,40.317073822021484,39.399217296792365,40.317073822021484,6500,0.0,0.0,0.0
2015-09-18 00:00:00-04:00,39.86244373869877,40.034003172479544,39.02179007848449,39.613677978515625,2900,0.0,0.0,0.0
2015-09-21 00:00:00-04:00,39.47641633987112,39.596509215536386,38.69580937576147,38.987464904785156,2800,0.0,0.0,0.0
2015-09-22 00:00:00-04:00,38.172543954316694,38.172543954316694,37.65785927732995,37.692169189453125,2400,0.0,0.0,0.0
2015-09-23 00:00:00-04:00,38.06961105140852,38.249750377109656,37.83800194452749,37.86373519897461,6800,0.0,0.0,0.0
2015-09-24 00:00:00-04:00,38.009571568839526,38.009571568839526,37.3833705084492,37.80369567871094,5500,0.0,0.0,0.0
2015-09-25 00:00:00-04:00,37.94093510897099,38.25832388605255,37.6492795842166,37.88946533203125,14300,0.0,0.0,0.0
2015-09-28 00:00:00-04:00,37.16891860961914,37.640713578780776,37.13460541527996,37.16891860961914,4600,0.0,0.0,0.0
2015-09-29 00:00:00-04:00,37.220382680607564,37.2975857266494,37.1774928266479,37.18606948852539,3700,0.0,0.0,0.0
2015-09-30 00:00:00-04:00,38.052454232244635,38.052454232244635,37.666439056396484,37.666439056396484,4100,0.0,0.0,0.0
2015-10-01 00:00:00-04:00,38.27548972028871,38.30980291320039,37.477725982666016,37.477725982666016,6100,0.0,0.0,0.0
2015-10-02 00:00:00-04:00,37.709329838326,38.670079471408016,37.709329838326,38.59287643432617,2500,0.0,0.0,0.0
2015-10-05 00:00:00-04:00,38.48135733171701,39.26196430504801,38.46420073894995,38.81590270996094,3600,0.0,0.0,0.0
2015-10-06 00:00:00-04:00,39.21907944691177,39.399218785446664,39.14187640578455,39.270545959472656,17200,0.0,0.0,0.0
2015-10-07 00:00:00-04:00,39.27054004154396,39.442102692893464,39.159027099609375,39.159027099609375,600,0.0,0.0,0.0
2015-10-08 00:00:00-04:00,39.20192495919277,39.54504705975755,38.90168943987677,39.48500061035156,8700,0.0,0.0,0.0
2015-10-09 00:00:00-04:00,39.89674719695473,39.90532713062529,39.236236284902056,39.57078170776367,23900,0.0,0.0,0.0
2015-10-12 00:00:00-04:00,39.85386148701851,39.87959801841878,39.13330078125,39.13330078125,1000,0.0,0.0,0.0
2015-10-13 00:00:00-04:00,39.34773949594535,39.356319427490234,38.79016502007681,39.356319427490234,1900,0.0,0.0,0.0
2015-10-14 00:00:00-04:00,38.77301969357458,39.57936006194033,38.73012984024516,39.322017669677734,12300,0.0,0.0,0.0
2015-10-15 00:00:00-04:00,39.7680771587147,39.7680771587147,39.37348529410282,39.74234390258789,19500,0.0,0.0,0.0
2015-10-16 00:00:00-04:00,39.43353461733863,39.64798716013941,39.14187902823813,39.416378021240234,7700,0.0,0.0,0.0
2015-10-19 00:00:00-04:00,39.31344119621221,39.71660974618297,39.31344119621221,39.48500061035156,36400,0.0,0.0,0.0
2015-10-20 00:00:00-04:00,39.23623224580907,40.136932123627936,39.23623224580907,39.30485534667969,1400,0.0,0.0,0.0
2015-10-21 00:00:00-04:00,39.72518156241594,40.07688352518899,39.69086837768555,39.69086837768555,1100,0.0,0.0,0.0
2015-10-22 00:00:00-04:00,39.828118541622935,39.85385179447856,39.28769732565655,39.71660232543945,9500,0.0,0.0,0.0
2015-10-23 00:00:00-04:00,40.07688306619052,40.1197729104696,39.43352558514826,39.862430572509766,13100,0.0,0.0,0.0
2015-10-26 00:00:00-04:00,40.102615599710674,40.102615599710674,39.656554028173346,39.80238342285156,8300,0.0,0.0,0.0
2015-10-27 00:00:00-04:00,39.83670244373229,39.83670244373229,39.193344827101875,39.28770446777344,18600,0.0,0.0,0.0
2015-10-28 00:00:00-04:00,39.74234366631216,39.74234366631216,39.43353150548285,39.47642135620117,19100,0.0,0.0,0.0
2015-10-29 00:00:00-04:00,39.40779548282889,39.48499852402674,39.304859185327054,39.37348556518555,5000,0.0,0.0,0.0
2015-10-30 00:00:00-04:00,39.73376395680249,39.73376395680249,39.60509113163625,39.708030700683594,1100,0.0,0.0,0.0
2015-11-02 00:00:00-05:00,39.931055555571696,40.07688495975318,39.81096267700195,39.81096267700195,3500,0.0,0.0,0.0
2015-11-03 00:00:00-05:00,39.80239033616739,40.04257611937278,39.3992185381133,39.708030700683594,9500,0.0,0.0,0.0
2015-11-04 00:00:00-05:00,40.04256669825118,40.04256669825118,39.1933334509885,39.356319427490234,3900,0.0,0.0,0.0
2015-11-05 00:00:00-05:00,39.34774923259438,39.545045167241454,39.253389595961885,39.536468505859375,2800,0.0,0.0,0.0
2015-11-06 00:00:00-05:00,39.26197622718851,39.39064580358453,39.098993454838954,39.17619323730469,4700,0.0,0.0,0.0
2015-11-09 00:00:00-05:00,39.313435034461506,39.313435034461506,38.89310668221325,39.073246002197266,5500,0.0,0.0,0.0
2015-11-10 00:00:00-05:00,38.89311096067855,38.9445807458869,38.60145538906969,38.90168762207031,3500,0.0,0.0,0.0
2015-11-11 00:00:00-05:00,39.15045168658905,39.35632754643066,39.14187502555996,39.219078063964844,900,0.0,0.0,0.0
2015-11-12 00:00:00-05:00,38.610034448387445,38.83306692585612,38.610034448387445,38.78159713745117,4900,0.0,0.0,0.0
2015-11-13 00:00:00-05:00,38.54140665217637,38.62718635014032,38.27548435283096,38.59287643432617,2200,0.0,0.0,0.0
2015-11-16 00:00:00-05:00,38.74728567650903,39.12472426377138,38.54141305826254,38.635772705078125,2200,0.0,0.0,0.0
2015-11-17 00:00:00-05:00,39.219079536129925,39.219079536129925,38.77301788330078,38.77301788330078,1000,0.0,0.0,0.0
2015-11-18 00:00:00-05:00,39.07324292014655,39.1676025390625,38.75585415202631,39.1676025390625,1700,0.0,0.0,0.0
2015-11-19 00:00:00-05:00,39.52789826162524,39.63941123912545,39.29628909927746,39.613677978515625,10200,0.0,0.0,0.0
2015-11-20 00:00:00-05:00,39.17617994743258,39.40778903311963,39.17617994743258,39.2962760925293,1700,0.0,0.0,0.0
2015-11-23 00:00:00-05:00,39.04750966854594,39.31343193346496,38.773010743855146,39.1676025390625,3700,0.0,0.0,0.0
2015-11-24 00:00:00-05:00,38.189712361875294,38.68724060058594,38.181132426975964,38.68724060058594,11600,0.0,0.0,0.0
2015-11-25 00:00:00-05:00,38.875946796563,39.06466603329791,38.875946796563,39.00461959838867,1200,0.0,0.0,0.0
2015-11-27 00:00:00-05:00,39.58794260533921,39.64798905841546,39.24481721151528,39.330596923828125,1200,0.0,0.0,0.0
2015-11-30 00:00:00-05:00,39.6737174987793,39.6737174987793,39.23623578346341,39.6737174987793,2900,0.0,0.0,0.0
2015-12-01 00:00:00-05:00,39.7337639690217,39.93963983489383,39.596514482535575,39.74234390258789,13600,0.0,0.0,0.0
2015-12-02 00:00:00-05:00,39.98252704763166,39.98252704763166,39.665138244628906,39.665138244628906,2000,0.0,0.0,0.0
2015-12-03 00:00:00-05:00,39.75948910749071,40.20555066557012,39.75091244796149,39.845272064208984,8000,0.0,0.0,0.0
2015-12-04 00:00:00-05:00,40.21412947816283,40.48862838745117,40.21412947816283,40.48862838745117,2000,0.0,0.0,0.0
2015-12-07 00:00:00-05:00,40.18839383976905,40.488629278103645,39.85384849123252,40.145503997802734,3400,0.0,0.0,0.0
2015-12-08 00:00:00-05:00,40.06830795069636,40.06830795069636,39.54504327964643,39.58793640136719,2800,0.0,0.0,0.0
2015-12-09 00:00:00-05:00,40.059725452831046,40.28275460076807,39.10755588159527,39.50214767456055,11800,0.0,0.0,0.0
2015-12-10 00:00:00-05:00,39.673715377521624,39.673715377521624,39.32201338290421,39.49357604980469,12200,0.0,0.0,0.0
2015-12-11 00:00:00-05:00,39.13329221126134,39.13329221126134,38.86737319922147,38.87594985961914,4200,0.0,0.0,0.0
2015-12-14 00:00:00-05:00,38.88453481885507,38.9188447371665,38.541409457453085,38.833065032958984,3100,0.0,0.0,0.0
2015-12-15 00:00:00-05:00,39.19334723404019,39.19334723404019,39.08183426302198,39.13330078125,2200,0.0,0.0,0.0
2015-12-16 00:00:00-05:00,39.201923083097554,39.65656139892403,39.201923083097554,39.536468505859375,5400,0.0,0.0,0.0
2015-12-17 00:00:00-05:00,39.493579842959036,39.493579842959036,39.06467477065658,39.42495346069336,4800,0.0,0.0,0.0
2015-12-18 00:00:00-05:00,38.98747059741758,39.150453342148495,38.85879777053964,38.90168762207031,5700,0.0,0.0,0.0
2015-12-21 00:00:00-05:00,39.38994666352141,39.38994666352141,38.76663216503423,39.08694839477539,19600,0.414,0.0,0.0
2015-12-22 00:00:00-05:00,38.957091972888065,39.303378555842734,38.90514799471478,39.26874923706055,8200,0.0,0.0,0.0
2015-12-23 00:00:00-05:00,39.51980389255767,39.64100319680846,39.34666061401367,39.34666061401367,4300,0.0,0.0,0.0
2015-12-24 00:00:00-05:00,40.06520337098193,40.06520337098193,39.93534838044199,39.94400405883789,1500,0.0,0.0,0.0
2015-12-28 00:00:00-05:00,39.51115429169414,39.91804059749671,39.51115429169414,39.53712463378906,8600,0.0,0.0,0.0
2015-12-29 00:00:00-05:00,39.88340335493346,40.21237526670554,39.88340335493346,40.169090270996094,4900,0.0,0.0,0.0
2015-12-30 00:00:00-05:00,40.22969349496825,40.23834917390475,39.84877757308691,40.15177917480469,6900,0.0,0.0,0.0
2015-12-31 00:00:00-05:00,39.71026433832034,39.76220832021549,39.199493408203125,39.199493408203125,9100,0.0,0.0,0.0
2016-01-04 00:00:00-05:00,39.043661532525384,39.043661532525384,38.63677859988432,38.870521545410156,3900,0.0,0.0,0.0
2016-01-05 00:00:00-05:00,38.90514373779297,38.90514373779297,38.50691652267184,38.90514373779297,9900,0.0,0.0,0.0
2016-01-06 00:00:00-05:00,38.221232731564854,38.40303168068471,38.100030129718384,38.19525909423828,4200,0.0,0.0,0.0
2016-01-07 00:00:00-05:00,37.79703716422789,37.866295803534996,37.520009211866835,37.615238189697266,17300,0.0,0.0,0.0
2016-01-08 00:00:00-05:00,37.987493849231704,37.987493849231704,37.46806397910405,37.528663635253906,22400,0.0,0.0,0.0
2016-01-11 00:00:00-05:00,37.36418251920007,37.5546404847668,37.00924023037454,37.433441162109375,4400,0.0,0.0,0.0
2016-01-12 00:00:00-05:00,37.37283930054481,37.57195625356448,37.199699293033035,37.563297271728516,16500,0.0,0.0,0.0
2016-01-13 00:00:00-05:00,37.4161269310177,37.44209727118997,36.63698370151071,36.79281234741211,11800,0.0,0.0,0.0
2016-01-14 00:00:00-05:00,36.619659420315614,37.052515922452756,36.5330894408614,36.948631286621094,23800,0.0,0.0,0.0
2016-01-15 00:00:00-05:00,35.94441306579031,36.02232738720016,35.37304247626269,35.66738510131836,20100,0.0,0.0,0.0
2016-01-19 00:00:00-05:00,35.90112655975832,35.90112655975832,35.36438201147683,35.52886962890625,16400,0.0,0.0,0.0
2016-01-20 00:00:00-05:00,35.05272868537362,35.05272868537362,34.135071510667856,34.905555725097656,37700,0.0,0.0,0.0
2016-01-21 00:00:00-05:00,34.66314699203842,35.113318118193405,34.29954583911476,35.0267448425293,17500,0.0,0.0,0.0
2016-01-22 00:00:00-05:00,35.520209702253815,35.99635457957647,35.520209702253815,35.814552307128906,26000,0.0,0.0,0.0
2016-01-25 00:00:00-05:00,35.771266872687114,35.97038049966427,35.416324615478516,35.416324615478516,72200,0.0,0.0,0.0
2016-01-26 00:00:00-05:00,36.143523918280096,36.16083857752699,35.849181315950055,36.1262092590332,4400,0.0,0.0,0.0
2016-01-27 00:00:00-05:00,36.20411810088161,36.20411810088161,35.901119865953916,35.96171951293945,5700,0.0,0.0,0.0
2016-01-28 00:00:00-05:00,35.96171951293945,35.96171951293945,35.96171951293945,35.96171951293945,800,0.0,0.0,0.0
2016-01-29 00:00:00-05:00,35.953067268293736,36.567726135253906,35.953067268293736,36.567726135253906,2700,0.0,0.0,0.0
2016-02-01 00:00:00-05:00,36.56772281863858,36.71489246055735,36.44652021052304,36.63697814941406,5900,0.0,0.0,0.0
2016-02-02 00:00:00-05:00,36.126212335156644,36.126212335156644,35.875154708349655,36.039642333984375,3400,0.0,0.0,0.0
2016-02-03 00:00:00-05:00,36.40323462561882,36.40323462561882,36.247406005859375,36.247406005859375,1300,0.0,0.0,0.0
2016-02-04 00:00:00-05:00,36.19546721711027,36.541750488252255,36.19546721711027,36.39458084106445,1500,0.0,0.0,0.0
2016-02-05 00:00:00-05:00,36.056953229894155,36.31666650872741,35.71066665649414,35.71066665649414,5400,0.0,0.0,0.0
2016-02-08 00:00:00-05:00,34.87092644784419,34.87092644784419,34.03984257298941,34.187015533447266,21800,0.0,0.0,0.0
2016-02-09 00:00:00-05:00,33.78877211510586,34.12639960457561,33.78877211510586,34.04848861694336,2200,0.0,0.0,0.0
2016-02-10 00:00:00-05:00,34.50732977162553,34.706443417630105,34.50732977162553,34.66315841674805,600,0.0,0.0,0.0
2016-02-11 00:00:00-05:00,34.39478226403778,34.39478226403778,33.987896036094824,34.342838287353516,12100,0.0,0.0,0.0
2016-02-12 00:00:00-05:00,34.42075030016571,34.58523789745327,34.23895134757416,34.44672393798828,4500,0.0,0.0,0.0
2016-02-16 00:00:00-05:00,34.767039443219794,35.13064067795618,34.767039443219794,35.0440673828125,2800,0.0,0.0,0.0
2016-02-17 00:00:00-05:00,35.6154388074106,35.9357517513302,35.6154388074106,35.8058967590332,5800,0.0,0.0,0.0
2016-02-18 00:00:00-05:00,36.09157511900323,36.34263269089361,36.00500513676737,36.02231979370117,2400,0.0,0.0,0.0
2016-02-19 00:00:00-05:00,35.6673769551098,36.08291880691053,35.6673769551098,35.96171951293945,2600,0.0,0.0,0.0
2016-02-22 00:00:00-05:00,36.05695204476898,36.23009202334468,35.94440841674805,35.94440841674805,3300,0.0,0.0,0.0
2016-02-23 00:00:00-05:00,36.02232767326315,36.039642333984375,35.84918436848475,36.039642333984375,900,0.0,0.0,0.0
2016-02-24 00:00:00-05:00,35.25184582450247,35.57215881347656,35.13064649367087,35.57215881347656,2300,0.0,0.0,0.0
2016-02-25 00:00:00-05:00,35.84917919507463,35.927093505859375,35.69335057350515,35.927093505859375,1800,0.0,0.0,0.0
2016-02-26 00:00:00-05:00,36.204127118247726,36.204127118247726,35.75395584106445,35.75395584106445,2900,0.0,0.0,0.0
2016-02-29 00:00:00-05:00,35.82321721002384,35.97904586791992,35.82321721002384,35.97904586791992,2000,0.0,0.0,0.0
2016-03-01 00:00:00-05:00,36.394581648792204,36.83609390258789,36.394581648792204,36.83609390258789,2600,0.0,0.0,0.0
2016-03-02 00:00:00-05:00,36.472496032714844,36.472496032714844,36.472496032714844,36.472496032714844,500,0.0,0.0,0.0
2016-03-03 00:00:00-05:00,37.00923538208008,37.00923538208008,36.948635728690064,37.00923538208008,5800,0.0,0.0,0.0
2016-03-04 00:00:00-05:00,37.268947567844265,37.727777747552715,37.268947567844265,37.59791946411133,2800,0.0,0.0,0.0
2016-03-07 00:00:00-05:00,37.147749304476406,37.5892615361564,37.147749304476406,37.33820724487305,4300,0.0,0.0,0.0
2016-03-08 00:00:00-05:00,37.12177749341175,37.12177749341175,36.87071990966797,36.87071990966797,2300,0.0,0.0,0.0
2016-03-09 00:00:00-05:00,37.026547893444196,37.026547893444196,36.81011962890625,36.81011962890625,6600,0.0,0.0,0.0
2016-03-10 00:00:00-05:00,37.09580819883911,37.260295815518354,36.90535354614258,36.90535354614258,1300,0.0,0.0,0.0
2016-03-11 00:00:00-05:00,37.79703496521591,37.85763461986712,37.710464973552305,37.779720306396484,7200,0.0,0.0,0.0
2016-03-14 00:00:00-04:00,38.10869329674555,38.22123693103756,37.91823534677962,38.203922271728516,3300,0.0,0.0,0.0
2016-03-15 00:00:00-04:00,38.02212100512544,38.02212100512544,37.54597942005977,37.62389373779297,35400,0.0,0.0,0.0
2016-03-16 00:00:00-04:00,37.45075160096383,38.074066162109375,37.45075160096383,38.074066162109375,900,0.0,0.0,0.0
2016-03-17 00:00:00-04:00,38.4549716745263,38.82722854614258,38.33377237724345,38.82722854614258,1400,0.0,0.0,0.0
2016-03-18 00:00:00-04:00,39.043654122937625,39.043654122937625,38.853199512768064,38.922454833984375,1800,0.0,0.0,0.0
2016-03-21 00:00:00-04:00,38.72334751466517,38.78394716895399,38.40303458450518,38.446319580078125,14200,0.0,0.0,0.0
2016-03-22 00:00:00-04:00,38.26452111872066,38.48094940185547,38.23854747908969,38.48094940185547,4100,0.0,0.0,0.0
2016-03-23 00:00:00-04:00,38.43766697426169,38.43766697426169,38.22123867666435,38.3597526550293,3400,0.0,0.0,0.0
2016-03-24 00:00:00-04:00,37.944206360827984,38.039432026786756,37.805689095942434,37.970176696777344,2900,0.0,0.0,0.0
2016-03-28 00:00:00-04:00,38.11735326639235,38.316466917212004,38.11735326639235,38.2731819152832,1300,0.0,0.0,0.0
2016-03-29 00:00:00-04:00,38.19526650566172,38.62812311751965,38.19526650566172,38.532894134521484,1900,0.0,0.0,0.0
2016-03-30 00:00:00-04:00,38.86185950358631,39.286060364446406,38.86185950358631,38.957088470458984,3600,0.0,0.0,0.0
2016-03-31 00:00:00-04:00,39.1994933848084,39.23412270605117,38.8099250793457,38.8099250793457,6000,0.0,0.0,0.0
2016-04-01 00:00:00-04:00,38.60215368345572,38.93112564086914,38.60215368345572,38.93112564086914,1200,0.0,0.0,0.0
2016-04-04 00:00:00-04:00,38.87051608091072,38.957086062298146,38.69737281570278,38.740657806396484,3300,0.0,0.0,0.0
2016-04-05 00:00:00-04:00,38.3597479519208,38.3597479519208,38.04809071320206,38.31645965576172,2500,0.0,0.0,0.0
2016-04-06 00:00:00-04:00,38.32511935382658,38.6973762512207,38.27317537892272,38.6973762512207,5200,0.0,0.0,0.0
2016-04-07 00:00:00-04:00,38.33377833936589,38.42035163834224,37.91823641158049,37.944210052490234,4100,0.0,0.0,0.0
2016-04-08 00:00:00-04:00,38.50691923436695,38.931120116822186,38.446319580078125,38.446319580078125,17200,0.0,0.0,0.0
2016-04-11 00:00:00-04:00,38.835884856855756,39.00036913437331,38.835884856855756,38.922454833984375,1500,0.0,0.0,0.0
2016-04-12 00:00:00-04:00,38.749316883910915,39.02634811401367,38.749316883910915,39.02634811401367,1000,0.0,0.0,0.0
2016-04-13 00:00:00-04:00,39.20815020259492,39.42457849476765,39.060977246651966,39.329349517822266,10000,0.0,0.0,0.0
2016-04-14 00:00:00-04:00,40.09117827125815,40.09117827125815,38.89649316662235,40.03057861328125,2300,0.0,0.0,0.0
2016-04-15 00:00:00-04:00,39.74489068913381,39.74489068913381,39.24277877807617,39.24277877807617,1300,0.0,0.0,0.0
2016-04-18 00:00:00-04:00,39.17352001062798,39.37263363869936,39.12157603278752,39.251434326171875,10300,0.0,0.0,0.0
2016-04-19 00:00:00-04:00,39.76220765203597,39.86609231164671,39.623693671743716,39.82280731201172,3500,0.0,0.0,0.0
2016-04-20 00:00:00-04:00,39.44188841601499,39.70160167493444,39.329344792924374,39.58040237426758,4600,0.0,0.0,0.0
2016-04-21 00:00:00-04:00,39.138889816735656,40.21237555106179,39.069634483597504,39.173519134521484,9200,0.0,0.0,0.0
2016-04-22 00:00:00-04:00,39.09561084018276,39.39860916137695,39.00038185282629,39.39860916137695,800,0.0,0.0,0.0
2016-04-25 00:00:00-04:00,39.02635036039705,40.117147475578015,39.02635036039705,39.251434326171875,2900,0.0,0.0,0.0
2016-04-26 00:00:00-04:00,39.50248745758666,39.69294208322814,39.19083023071289,39.19083023071289,600,0.0,0.0,0.0
2016-04-27 00:00:00-04:00,39.459206690293584,39.944003937395834,39.459206690293584,39.918033599853516,4600,0.0,0.0,0.0
2016-04-28 00:00:00-04:00,39.86609093383139,39.86609093383139,39.53711900359424,39.710262298583984,2400,0.0,0.0,0.0
2016-04-29 00:00:00-04:00,39.57175039062747,39.73623801555704,39.39860708659132,39.55443572998047,5300,0.0,0.0,0.0
2016-05-02 00:00:00-04:00,40.10849142621908,40.160432101145595,39.89206314086914,39.89206314086914,1500,0.0,0.0,0.0
2016-05-03 00:00:00-04:00,39.51114667553291,39.51114667553291,39.50249099731445,39.50249099731445,800,0.0,0.0,0.0
2016-05-04 00:00:00-04:00,39.10425873935634,39.11291771962992,39.0176887512207,39.0176887512207,1000,0.0,0.0,0.0
2016-05-05 00:00:00-04:00,39.00903601194004,39.00903601194004,38.88783339601323,38.93977737426758,700,0.0,0.0,0.0
2016-05-06 00:00:00-04:00,38.89649548146231,39.2168084501792,38.89649548146231,39.208152770996094,2500,0.0,0.0,0.0
2016-05-09 00:00:00-04:00,39.17352378943007,39.17352378943007,38.87052547888318,38.8964958190918,3000,0.0,0.0,0.0
2016-05-10 00:00:00-04:00,38.96574753110727,39.26009013498023,38.96574753110727,39.24277877807617,1900,0.0,0.0,0.0
2016-05-11 00:00:00-04:00,39.190828960057125,39.3553132456039,39.08694432194511,39.10425567626953,7900,0.0,0.0,0.0
2016-05-12 00:00:00-04:00,39.147547035857514,39.216802365879346,38.922459782811494,39.0176887512207,37400,0.0,0.0,0.0
2016-05-13 00:00:00-04:00,38.82723763697426,38.82723763697426,38.44632499883828,38.610809326171875,1200,0.0,0.0,0.0
2016-05-16 00:00:00-04:00,38.73200615034429,39.08694839477539,38.73200615034429,39.08694839477539,4500,0.0,0.0,0.0
2016-05-17 00:00:00-04:00,38.89649680382816,39.27740944707831,38.89649680382816,39.00038146972656,3900,0.0,0.0,0.0
2016-05-18 00:00:00-04:00,39.11292229771822,39.294721275542265,38.89649399961329,39.069637298583984,2200,0.0,0.0,0.0
2016-05-19 00:00:00-04:00,38.870521545410156,38.870521545410156,38.870521545410156,38.870521545410156,300,0.0,0.0,0.0
2016-05-20 00:00:00-04:00,39.433228953219256,39.433228953219256,39.069631055670264,39.216800689697266,1100,0.0,0.0,0.0
2016-05-23 00:00:00-04:00,39.23411748419382,39.528460070714196,39.23411748419382,39.415916442871094,1900,0.0,0.0,0.0
2016-05-24 00:00:00-04:00,39.71891922065733,39.8660888671875,39.66697524412306,39.8660888671875,1000,0.0,0.0,0.0
2016-05-25 00:00:00-04:00,40.18640024021448,40.28162920894833,40.05654525756836,40.05654525756836,1300,0.0,0.0,0.0
2016-05-26 00:00:00-04:00,40.05654525756836,40.05654525756836,40.05654525756836,40.05654525756836,0,0.0,0.0,0.0
2016-05-27 00:00:00-04:00,40.593285774466054,40.68851474161235,40.09117390555829,40.35954284667969,7900,0.0,0.0,0.0
2016-05-31 00:00:00-04:00,40.46344066842156,40.46344066842156,40.03923970282334,40.195068359375,1200,0.0,0.0,0.0
2016-06-01 00:00:00-04:00,39.96132046471501,40.09983444213867,39.96132046471501,40.09983444213867,1900,0.0,0.0,0.0
2016-06-02 00:00:00-04:00,40.143115369126804,40.17774468557867,39.96997208930087,40.082515716552734,4200,0.0,0.0,0.0
2016-06-03 00:00:00-04:00,40.3335709753987,40.54999923706055,40.16908668541165,40.54999923706055,8100,0.0,0.0,0.0
2016-06-06 00:00:00-04:00,40.376865150048474,40.550008459242115,40.32492446899414,40.32492446899414,3000,0.0,0.0,0.0
2016-06-07 00:00:00-04:00,40.723145403662805,40.896288685795234,40.723145403662805,40.83568572998047,2700,0.0,0.0,0.0
2016-06-08 00:00:00-04:00,40.97420300506422,41.0001733415371,40.62791644073656,40.80105972290039,1300,0.0,0.0,0.0
2016-06-09 00:00:00-04:00,40.49805719118483,40.60194513947458,40.368202209472656,40.368202209472656,1100,0.0,0.0,0.0
2016-06-10 00:00:00-04:00,39.918034556946104,39.918034556946104,38.94843673706055,38.94843673706055,10800,0.0,0.0,0.0
2016-06-13 00:00:00-04:00,38.44632322335938,38.567522543422214,38.10003662109375,38.10003662109375,2800,0.0,0.0,0.0
2016-06-14 00:00:00-04:00,37.56329283222333,37.56329283222333,37.34686454597873,37.50269317626953,9200,0.0,0.0,0.0
2016-06-15 00:00:00-04:00,37.79703940094389,37.89226838440969,37.6238960948637,37.84032440185547,5100,0.0,0.0,0.0
2016-06-16 00:00:00-04:00,36.93132393653246,37.33821018581607,36.58503734534211,37.26029586791992,10800,0.0,0.0,0.0
2016-06-17 00:00:00-04:00,37.75375517048224,38.24721145629883,37.75375517048224,38.24721145629883,800,0.0,0.0,0.0
2016-06-20 00:00:00-04:00,39.38129597741545,39.58906530162563,39.38129597741545,39.57175064086914,22300,0.0,0.0,0.0
2016-06-21 00:00:00-04:00,39.3812891701655,39.69294310260987,39.12157260614526,39.294715881347656,35100,0.0,0.0,0.0
2016-06-22 00:00:00-04:00,39.69127807069418,39.80583750739393,39.188968658447266,39.188968658447266,1500,0.8,0.0,0.0
2016-06-23 00:00:00-04:00,40.45797096205571,40.69590759277344,40.087849555395245,40.69590759277344,6300,0.0,0.0,0.0
2016-06-24 00:00:00-04:00,36.12223330180885,37.04753986084095,35.46129956511694,36.060543060302734,31400,0.0,0.0,0.0
2016-06-27 00:00:00-04:00,34.50956111739754,34.50956111739754,33.89268881900603,34.23637390136719,28000,0.0,0.0,0.0
2016-06-28 00:00:00-04:00,35.099997363625725,35.355555912625306,35.00305985531944,35.29386901855469,3700,0.0,0.0,0.0
2016-06-29 00:00:00-04:00,36.19273298459526,36.28085614260901,36.016483306884766,36.016483306884766,31100,0.0,0.0,0.0
2016-06-30 00:00:00-04:00,36.254424308513926,36.67742156982422,36.254424308513926,36.67742156982422,3800,0.0,0.0,0.0
2016-07-01 00:00:00-04:00,36.81841578021285,37.038727034736254,36.80079047644902,36.897727966308594,16100,0.0,0.0,0.0
2016-07-05 00:00:00-04:00,35.74329824666757,35.74329824666757,35.038299560546875,35.038299560546875,15500,0.0,0.0,0.0
2016-07-06 00:00:00-04:00,34.809180551290574,35.13524028860099,34.53599336713779,34.97661590576172,16200,0.0,0.0,0.0
2016-07-07 00:00:00-04:00,35.5758652784164,35.5758652784164,34.9413710650256,34.99424362182617,4700,0.0,0.0,0.0
2016-07-08 00:00:00-04:00,35.7521120984193,35.91073647941025,35.65517460318227,35.85786056518555,142000,0.0,0.0,0.0
2016-07-11 00:00:00-04:00,36.7126713572595,36.82723416348342,36.68623507954757,36.75673294067383,19900,0.0,0.0,0.0
2016-07-12 00:00:00-04:00,37.17972284526823,37.417659382706134,37.153286572780466,37.21497344970703,42700,0.0,0.0,0.0
2016-07-13 00:00:00-04:00,37.197353787482456,37.32954189332945,37.17091751098633,37.17091751098633,23600,0.0,0.0,0.0
2016-07-14 00:00:00-04:00,37.48816754596568,37.637977600097656,37.48816754596568,37.637977600097656,3900,0.0,0.0,0.0
2016-07-15 00:00:00-04:00,37.364789653380654,37.364789653380654,37.179725646972656,37.179725646972656,1800,0.0,0.0,0.0
2016-07-18 00:00:00-04:00,37.43528585403934,37.593910217285156,37.43528585403934,37.593910217285156,1000,0.0,0.0,0.0
2016-07-19 00:00:00-04:00,37.276666562546865,37.294291867714755,37.23260498046875,37.23260498046875,1300,0.0,0.0,0.0
2016-07-20 00:00:00-04:00,37.655602905586704,37.814227293304846,37.541040100749534,37.637977600097656,4600,0.0,0.0,0.0
2016-07-21 00:00:00-04:00,37.637975026520216,37.743726852223496,37.47935064964836,37.5322265625,39400,0.0,0.0,0.0
2016-07-22 00:00:00-04:00,37.49697961199068,37.523419251837375,37.39123113765405,37.44410705566406,5000,0.0,0.0,0.0
2016-07-25 00:00:00-04:00,37.67322259983871,37.708473205566406,37.57628511492894,37.708473205566406,5500,0.0,0.0,0.0
2016-07-26 00:00:00-04:00,37.84067099278048,37.87592161067265,37.664424626687556,37.805423736572266,3400,0.0,0.0,0.0
2016-07-27 00:00:00-04:00,38.23722418168459,38.29010009765625,38.03453821298477,38.29010009765625,1700,0.0,0.0,0.0
2016-07-28 00:00:00-04:00,38.41347827669928,38.43110358404361,38.290104486972595,38.35179138183594,6200,0.0,0.0,0.0
2016-07-29 00:00:00-04:00,38.395851237974746,38.880535402195314,38.395851237974746,38.76597595214844,73300,0.0,0.0,0.0
2016-08-01 00:00:00-04:00,38.44872424320184,38.44872424320184,38.30772516317664,38.43109893798828,11100,0.0,0.0,0.0
2016-08-02 00:00:00-04:00,38.62497433304745,38.62497433304745,38.334161836541575,38.37822341918945,1800,0.0,0.0,0.0
2016-08-03 00:00:00-04:00,38.07859860607816,38.21959768258193,38.07859860607816,38.14028549194336,10300,0.0,0.0,0.0
2016-08-04 00:00:00-04:00,38.29010531871352,38.31654159946245,38.27248001098633,38.27248001098633,1100,0.0,0.0,0.0
2016-08-05 00:00:00-04:00,38.554475709151774,38.61616260135174,38.510414123535156,38.510414123535156,12000,0.0,0.0,0.0
2016-08-08 00:00:00-04:00,38.704283506179436,38.704283506179436,38.580909729003906,38.580909729003906,9900,0.0,0.0,0.0
2016-08-09 00:00:00-04:00,38.77479301152983,39.10966716517366,38.77479301152983,39.01272964477539,11200,0.0,0.0,0.0
2016-08-10 00:00:00-04:00,39.241844177246094,39.25946948307477,39.03915820274137,39.241844177246094,10400,0.0,0.0,0.0
2016-08-11 00:00:00-04:00,39.27709280050304,39.32115438200244,39.19778060913086,39.19778060913086,84300,0.0,0.0,0.0
2016-08-12 00:00:00-04:00,39.374036692623385,39.47097420467823,39.2506628997113,39.30353546142578,17900,0.0,0.0,0.0
2016-08-15 00:00:00-04:00,39.37403912672981,39.444537000601876,39.259476299793285,39.34760284423828,4700,0.0,0.0,0.0
2016-08-16 00:00:00-04:00,39.409281677456754,39.4357179545368,39.321155151051194,39.37403106689453,1300,0.0,0.0,0.0
2016-08-17 00:00:00-04:00,39.26829288191896,39.30354014002979,38.977480311136766,39.250667572021484,2000,0.0,0.0,0.0
2016-08-18 00:00:00-04:00,39.50622307087835,39.761781618443806,39.50622307087835,39.71772003173828,4900,0.0,0.0,0.0
2016-08-19 00:00:00-04:00,39.506217109249995,39.55908966064453,39.40046528309477,39.55908966064453,2700,0.0,0.0,0.0
2016-08-22 00:00:00-04:00,39.45334560364564,39.682467862545195,39.435720297317445,39.647220611572266,2900,0.0,0.0,0.0
2016-08-23 00:00:00-04:00,39.97327743458347,39.97327743458347,39.867528966075106,39.88515090942383,2500,0.0,0.0,0.0
2016-08-24 00:00:00-04:00,39.94684798714508,39.990909576416016,39.94684798714508,39.990909576416016,1000,0.0,0.0,0.0
2016-08-25 00:00:00-04:00,39.664842957115276,39.691282597716516,39.59434509277344,39.59434509277344,1200,0.0,0.0,0.0
2016-08-26 00:00:00-04:00,39.33878384069332,39.40047073364258,39.303533227098434,39.40047073364258,900,0.0,0.0,0.0
2016-08-29 00:00:00-04:00,39.33878161533919,39.559092895319075,39.33878161533919,39.497406005859375,4400,0.0,0.0,0.0
2016-08-30 00:00:00-04:00,39.43571779712794,39.43571779712794,39.24184280149281,39.28590774536133,24400,0.0,0.0,0.0
2016-08-31 00:00:00-04:00,39.20660539071658,39.24185264829933,39.10085353291612,39.162540435791016,8600,0.0,0.0,0.0
2016-09-01 00:00:00-04:00,39.76178063912565,39.76178063912565,39.58553093496094,39.70890808105469,8100,0.0,0.0,0.0
2016-09-02 00:00:00-04:00,39.99090955256178,40.02615680694724,39.96446990966797,39.96446990966797,8200,0.0,0.0,0.0
2016-09-06 00:00:00-04:00,40.28172093664613,40.493221282958984,40.28172093664613,40.493221282958984,16400,0.0,0.0,0.0
2016-09-07 00:00:00-04:00,40.47558691649739,40.484397888183594,40.457961611441775,40.484397888183594,1400,0.0,0.0,0.0
2016-09-08 00:00:00-04:00,40.669467901597294,40.792841693478046,40.59896667098903,40.643028259277344,22800,0.0,0.0,0.0
2016-09-09 00:00:00-04:00,40.30815233813585,40.30815233813585,39.80583953857422,39.80583953857422,2700,0.0,0.0,0.0
2016-09-12 00:00:00-04:00,39.42690997382933,40.05259323120117,39.42690997382933,40.05259323120117,6200,0.0,0.0,0.0
2016-09-13 00:00:00-04:00,39.52384621400168,39.52384621400168,39.171350147991376,39.268287658691406,5800,0.0,0.0,0.0
2016-09-14 00:00:00-04:00,39.347591727485096,39.58552492605421,39.347591727485096,39.52383804321289,163500,0.0,0.0,0.0
2016-09-15 00:00:00-04:00,39.77940270757327,39.86752923332366,39.770591735839844,39.770591735839844,20600,0.0,0.0,0.0
2016-09-16 00:00:00-04:00,39.321155335063274,39.48859405517578,39.321155335063274,39.48859405517578,600,0.0,0.0,0.0
2016-09-19 00:00:00-04:00,39.7705905385509,39.85871369996512,39.62077713012695,39.62077713012695,1300,0.0,0.0,0.0
2016-09-20 00:00:00-04:00,39.62077713012695,39.62077713012695,39.62077713012695,39.62077713012695,0,0.0,0.0,0.0
2016-09-21 00:00:00-04:00,39.823467581000145,40.026153564453125,39.65603221076077,40.026153564453125,17700,0.0,0.0,0.0
2016-09-22 00:00:00-04:00,40.70471541571564,40.70471541571564,40.50202941894531,40.50202941894531,3600,0.0,0.0,0.0
2016-09-23 00:00:00-04:00,40.20240404770066,40.228843688964844,40.20240404770066,40.228843688964844,1000,0.0,0.0,0.0
2016-09-26 00:00:00-04:00,39.77940344472521,39.99971472065894,39.77940344472521,39.92040252685547,3600,0.0,0.0,0.0
2016-09-27 00:00:00-04:00,39.470972283919565,39.60315704345703,39.470972283919565,39.60315704345703,1300,0.0,0.0,0.0
2016-09-28 00:00:00-04:00,39.90277017400933,40.23764419555664,39.88514487164551,40.23764419555664,12700,0.0,0.0,0.0
2016-09-29 00:00:00-04:00,39.80583953857422,39.80583953857422,39.80583953857422,39.80583953857422,100,0.0,0.0,0.0
2016-09-30 00:00:00-04:00,40.0261499646121,40.21121398649763,40.0261499646121,40.167152404785156,1100,0.0,0.0,0.0
2016-10-03 00:00:00-04:00,40.352213806491804,40.352213806491804,40.31696319580078,40.31696319580078,800,0.0,0.0,0.0
2016-10-04 00:00:00-04:00,40.29051768471655,40.29051768471655,40.1935802083743,40.22001647949219,1700,0.0,0.0,0.0
2016-10-05 00:00:00-04:00,40.33458889907955,40.33458889907955,40.26408767700195,40.26408767700195,2200,0.0,0.0,0.0
2016-10-06 00:00:00-04:00,39.95565016720508,39.96446113844671,39.86752700805664,39.86752700805664,8000,0.0,0.0,0.0
2016-10-07 00:00:00-04:00,39.594343934058934,39.594343934058934,39.347596373558254,39.470970153808594,2100,0.0,0.0,0.0
2016-10-10 00:00:00-04:00,39.321148123970325,39.49739778360063,39.321148123970325,39.43571090698242,1500,0.0,0.0,0.0
2016-10-11 00:00:00-04:00,39.153718918703134,39.19778050007995,38.836470154097015,38.854095458984375,1200,0.0,0.0,0.0
2016-10-12 00:00:00-04:00,38.87172342177348,38.87172342177348,38.72191000082884,38.7307243347168,1300,0.0,0.0,0.0
2016-10-13 00:00:00-04:00,38.607344932462595,38.7747802734375,38.54565805096222,38.7747802734375,1700,0.0,0.0,0.0
2016-10-14 00:00:00-04:00,38.81884808289086,38.854098695602026,38.79241180419922,38.79241180419922,1300,0.0,0.0,0.0
2016-10-17 00:00:00-04:00,38.79241180419922,38.79241180419922,38.79241180419922,38.79241180419922,0,0.0,0.0,0.0
2016-10-18 00:00:00-04:00,39.1713421816108,39.1713421816108,39.06559371948242,39.06559371948242,700,0.0,0.0,0.0
2016-10-19 00:00:00-04:00,39.092031558805466,39.13609313964844,39.012719368614874,39.13609313964844,1100,0.0,0.0,0.0
2016-10-20 00:00:00-04:00,38.95984847817289,39.003910064697266,38.95984847817289,39.003910064697266,300,0.0,0.0,0.0
2016-10-21 00:00:00-04:00,38.70428867445681,38.94222528864615,38.70428867445681,38.84529113769531,600,0.0,0.0,0.0
2016-10-24 00:00:00-04:00,38.84529113769531,38.84529113769531,38.84529113769531,38.84529113769531,0,0.0,0.0,0.0
2016-10-25 00:00:00-04:00,38.660224337508524,38.660224337508524,38.589726472584125,38.59853744506836,600,0.0,0.0,0.0
2016-10-26 00:00:00-04:00,38.554472099271564,38.554472099271564,38.34297180175781,38.34297180175781,1100,0.0,0.0,0.0
2016-10-27 00:00:00-04:00,38.2019712048922,38.2019712048922,38.00809958170394,38.016910552978516,195700,0.0,0.0,0.0
2016-10-28 00:00:00-04:00,38.08741458344939,38.12266183283451,37.98166275024414,37.98166275024414,52700,0.0,0.0,0.0
2016-10-31 00:00:00-04:00,37.981658347441844,38.08741016838842,37.849473613782976,37.91997146606445,46500,0.0,0.0,0.0
2016-11-01 00:00:00-04:00,38.13148551790523,38.13148551790523,37.81423666385317,37.82304763793945,900,0.0,0.0,0.0
2016-11-02 00:00:00-04:00,37.919970116566994,37.919970116566994,37.708473205566406,37.708473205566406,105800,0.0,0.0,0.0
2016-11-03 00:00:00-04:00,38.157918985829454,38.157918985829454,37.884735107421875,37.884735107421875,2600,0.0,0.0,0.0
2016-11-04 00:00:00-04:00,37.62917138994288,37.62917138994288,37.32954788208008,37.32954788208008,2600,0.0,0.0,0.0
2016-11-07 00:00:00-05:00,37.78779401319279,37.78779401319279,37.6115443060057,37.71729278564453,6500,0.0,0.0,0.0
2016-11-08 00:00:00-05:00,37.576292691390655,37.708480808681045,37.576292691390655,37.68204116821289,600,0.0,0.0,0.0
2016-11-09 00:00:00-05:00,37.15329421623358,37.831853363706735,37.15329421623358,37.81422805786133,2100,0.0,0.0,0.0
2016-11-10 00:00:00-05:00,37.778974028616226,37.778974028616226,37.47935057971546,37.761348724365234,1900,0.0,0.0,0.0
2016-11-11 00:00:00-05:00,37.48816686287831,37.48816686287831,37.16210375979719,37.23260498046875,14200,0.0,0.0,0.0
2016-11-14 00:00:00-05:00,36.97704299423105,36.97704299423105,36.76554605617669,36.888919830322266,2900,0.0,0.0,0.0
2016-11-15 00:00:00-05:00,36.730299165613864,37.14448547363281,36.730299165613864,37.14448547363281,9800,0.0,0.0,0.0
2016-11-16 00:00:00-05:00,36.99467270169965,37.02110898168154,36.89773519285454,36.95061111450195,4400,0.0,0.0,0.0
2016-11-17 00:00:00-05:00,37.11804606096378,37.11804606096378,36.977046966552734,36.977046966552734,2600,0.0,0.0,0.0
2016-11-18 00:00:00-05:00,37.029920900960136,37.038731873151555,36.88010748023877,36.9329833984375,4700,0.0,0.0,0.0
2016-11-21 00:00:00-05:00,36.93297974534202,37.02110290527344,36.9065434696992,37.02110290527344,4200,0.0,0.0,0.0
2016-11-22 00:00:00-05:00,37.1268625497738,37.13567352294922,37.10042290687998,37.13567352294922,1500,0.0,0.0,0.0
2016-11-23 00:00:00-05:00,36.88010464876968,36.94179153442383,36.88010464876968,36.94179153442383,2700,0.0,0.0,0.0
2016-11-25 00:00:00-05:00,37.10923245180876,37.12685775756836,37.10923245180876,37.12685775756836,500,0.0,0.0,0.0
2016-11-28 00:00:00-05:00,36.91535085546608,36.924165187612935,36.88010025024414,36.88010025024414,3200,0.0,0.0,0.0
2016-11-29 00:00:00-05:00,36.98585724661388,37.1180419921875,36.98585724661388,37.1180419921875,1200,0.0,0.0,0.0
2016-11-30 00:00:00-05:00,37.056361174557416,37.056361174557416,37.047550201416016,37.047550201416016,1800,0.0,0.0,0.0
2016-12-01 00:00:00-05:00,37.03873104695508,37.09160696397434,36.97704415794093,37.01229476928711,4500,0.0,0.0,0.0
2016-12-02 00:00:00-05:00,37.10922828020406,37.10922828020406,36.906542329278366,36.92416763305664,9500,0.0,0.0,0.0
2016-12-05 00:00:00-05:00,37.382418356157494,37.57629336856168,37.382418356157494,37.51460647583008,49600,0.0,0.0,0.0
2016-12-06 00:00:00-05:00,37.549857838581765,37.73491852046932,37.549857838581765,37.69085693359375,3000,0.0,0.0,0.0
2016-12-07 00:00:00-05:00,37.78779276868466,38.42228698730469,37.78779276868466,38.42228698730469,663500,0.0,0.0,0.0
2016-12-08 00:00:00-05:00,37.99929487375329,38.113857699439286,37.972858591550334,38.08742141723633,2500,0.0,0.0,0.0
2016-12-09 00:00:00-05:00,38.113847583969424,38.29890823364258,38.03453539672621,38.29890823364258,3700,0.0,0.0,0.0
2016-12-12 00:00:00-05:00,38.2548553944659,38.2548553944659,38.01691877837525,38.105045318603516,11100,0.0,0.0,0.0
2016-12-13 00:00:00-05:00,38.29009943488519,38.57209759181971,38.29009943488519,38.45753479003906,9900,0.0,0.0,0.0
2016-12-14 00:00:00-05:00,38.44873066300946,38.52804286887164,37.93760681152344,37.93760681152344,8500,0.0,0.0,0.0
2016-12-15 00:00:00-05:00,37.94641516066189,37.94641516066189,37.66441699800933,37.77897644042969,4200,0.0,0.0,0.0
2016-12-16 00:00:00-05:00,37.81422300680078,38.03453425791513,37.81422300680078,37.91997146606445,12800,0.0,0.0,0.0
2016-12-19 00:00:00-05:00,38.15791244390292,38.15791244390292,37.95522647278448,37.98166275024414,3400,0.0,0.0,0.0
2016-12-20 00:00:00-05:00,37.93759960645016,37.97285021606833,37.867101748897,37.911163330078125,15300,0.0,0.0,0.0
2016-12-21 00:00:00-05:00,38.20037571095689,38.235858856110845,38.085046182706854,38.18263244628906,73700,0.286,0.0,0.0
2016-12-22 00:00:00-05:00,38.21812336357495,38.26247983824639,38.05843734741211,38.05843734741211,4200,0.0,0.0,0.0
2016-12-23 00:00:00-05:00,38.102790763114825,38.28022003173828,38.102790763114825,38.28022003173828,2400,0.0,0.0,0.0
2016-12-27 00:00:00-05:00,38.5374899593821,38.5374899593821,38.351190745174286,38.43990707397461,23900,0.0,0.0,0.0
2016-12-28 00:00:00-05:00,38.34231927684855,38.377802422773144,38.164890010498496,38.22698974609375,6500,0.0,0.0,0.0
2016-12-29 00:00:00-05:00,38.51974515184345,38.572974946993085,38.457645416259766,38.457645416259766,5600,0.0,0.0,0.0
2016-12-30 00:00:00-05:00,39.10525465583769,39.10525465583769,38.67055321250126,38.874595642089844,4600,0.0,0.0,0.0
2017-01-03 00:00:00-05:00,39.06091174035848,39.06091174035848,38.8213826841932,38.910099029541016,4000,0.0,0.0,0.0
2017-01-04 00:00:00-05:00,39.14961679850437,39.256072998046875,39.01654401094005,39.256072998046875,4300,0.0,0.0,0.0
2017-01-05 00:00:00-05:00,39.344786709460756,39.78835816451299,39.344786709460756,39.70851516723633,18600,0.0,0.0,0.0
2017-01-06 00:00:00-05:00,39.61093201057259,39.61093201057259,39.43350275296628,39.53995895385742,6100,0.0,0.0,0.0
2017-01-09 00:00:00-05:00,39.31817085238545,39.31817085238545,39.034285411039676,39.282684326171875,7400,0.0,0.0,0.0
2017-01-10 00:00:00-05:00,39.353657378599024,39.37140064170581,39.282684326171875,39.282684326171875,7700,0.0,0.0,0.0
2017-01-11 00:00:00-05:00,39.28269379894791,39.48673629760742,39.28269379894791,39.48673629760742,800,0.0,0.0,0.0
2017-01-12 00:00:00-05:00,39.71738821146373,39.71738821146373,39.53995895385742,39.53995895385742,10000,0.0,0.0,0.0
2017-01-13 00:00:00-05:00,39.49560000427788,39.65528598767349,39.49560000427788,39.637542724609375,15700,0.0,0.0,0.0
2017-01-17 00:00:00-05:00,39.673034446953544,39.814977185876124,39.673034446953544,39.788360595703125,1700,0.0,0.0,0.0
2017-01-18 00:00:00-05:00,39.69964599609375,39.806102199797316,39.602059732623104,39.69964599609375,15500,0.0,0.0,0.0
2017-01-19 00:00:00-05:00,39.531089292560736,39.752875020086854,39.531089292560736,39.70851516723633,9900,0.0,0.0,0.0
2017-01-20 00:00:00-05:00,39.717389535198926,39.868202209472656,39.717389535198926,39.868202209472656,24600,0.0,0.0,0.0
2017-01-23 00:00:00-05:00,39.97466304981875,40.16096225946637,39.87707678261805,40.143218994140625,12300,0.0,0.0,0.0
2017-01-24 00:00:00-05:00,40.21419337282031,40.249676520452375,40.089990511471306,40.240806579589844,5100,0.0,0.0,0.0
2017-01-25 00:00:00-05:00,40.31177216679563,40.5335578918457,40.31177216679563,40.5335578918457,2800,0.0,0.0,0.0
2017-01-26 00:00:00-05:00,40.27629316878677,40.33839290745878,40.2319333118651,40.29403305053711,9100,0.0,0.0,0.0
2017-01-27 00:00:00-05:00,40.365011189890204,40.37388113188071,40.320654711572956,40.33839797973633,2000,0.0,0.0,0.0
2017-01-30 00:00:00-05:00,40.16096204886336,40.16096204886336,39.92143304449457,40.027889251708984,7200,0.0,0.0,0.0
2017-01-31 00:00:00-05:00,40.33839062871864,40.391617039326746,40.07224503895111,40.27629089355469,13300,0.0,0.0,0.0
2017-02-01 00:00:00-05:00,40.77308821058838,40.77308821058838,40.471459479317076,40.63114547729492,6100,0.0,0.0,0.0
2017-02-02 00:00:00-05:00,40.80857885633323,40.80857885633323,40.56017989405902,40.56904983520508,7600,0.0,0.0,0.0
2017-02-03 00:00:00-05:00,40.82631981998111,40.82631981998111,40.52469107529791,40.78196334838867,9500,0.0,0.0,0.0
2017-02-06 00:00:00-05:00,40.489199535127,40.489199535127,40.26741382042172,40.32951354980469,2600,0.0,0.0,0.0
2017-02-07 00:00:00-05:00,40.400488213156706,40.59565734863281,40.29402862924438,40.59565734863281,8800,0.0,0.0,0.0
2017-02-08 00:00:00-05:00,40.79082974845578,40.79082974845578,40.58678728949562,40.7198600769043,10800,0.0,0.0,0.0
2017-02-09 00:00:00-05:00,40.666632836667226,40.7021193667603,40.613403041527626,40.67550277709961,9600,0.0,0.0,0.0
2017-02-10 00:00:00-05:00,40.737599956656,40.737599956656,40.46258782614436,40.7198600769043,6200,0.0,0.0,0.0
2017-02-13 00:00:00-05:00,40.79970004448051,40.99486916489838,40.79970004448051,40.94164276123047,15000,0.0,0.0,0.0
2017-02-14 00:00:00-05:00,40.96826067223762,41.03923034667969,40.93277414292574,41.03923034667969,3100,0.0,0.0,0.0
2017-02-15 00:00:00-05:00,40.89728865048123,41.198917388916016,40.87954876955723,41.198917388916016,5200,0.0,0.0,0.0
2017-02-16 00:00:00-05:00,41.19005256937449,41.2965087890625,41.172309302062786,41.2965087890625,4600,0.0,0.0,0.0
2017-02-17 00:00:00-05:00,40.92389625882385,41.05696564164035,40.897279674915715,41.048095703125,3500,0.0,0.0,0.0
2017-02-21 00:00:00-05:00,41.1279471620607,41.1279471620607,41.021490957032995,41.09246063232422,1700,0.0,0.0,0.0
2017-02-22 00:00:00-05:00,40.90615299761211,41.06583896433674,40.76421029209922,41.048095703125,9600,0.0,0.0,0.0
2017-02-23 00:00:00-05:00,41.2166596090574,41.2166596090574,40.977130612474745,41.03923034667969,6600,0.0,0.0,0.0
2017-02-24 00:00:00-05:00,40.58678879322586,40.58678879322586,40.462589325273036,40.51581573486328,2600,0.0,0.0,0.0
2017-02-27 00:00:00-05:00,40.69324348891362,40.80857301238904,40.53355749769584,40.7198600769043,3500,0.0,0.0,0.0
2017-02-28 00:00:00-05:00,40.861800650811034,40.88841385321765,40.68437140501034,40.808570861816406,17400,0.0,0.0,0.0
2017-03-01 00:00:00-05:00,41.03035819348787,41.119071127801185,40.95051519893328,41.07471466064453,27200,0.0,0.0,0.0
2017-03-02 00:00:00-05:00,40.79970175572073,40.91502789129248,40.79970175572073,40.852928161621094,10000,0.0,0.0,0.0
2017-03-03 00:00:00-05:00,40.71098538910265,41.030357360839844,40.71098538910265,41.030357360839844,4700,0.0,0.0,0.0
2017-03-06 00:00:00-05:00,41.02149207450985,41.02149207450985,40.77308974376942,40.84406280517578,2100,0.0,0.0,0.0
2017-03-07 00:00:00-05:00,40.764216544646665,40.81744295226489,40.7198600769043,40.7198600769043,15400,0.0,0.0,0.0
2017-03-08 00:00:00-05:00,40.67550277709961,40.737602512671586,40.666632836667226,40.67550277709961,6400,0.0,0.0,0.0
2017-03-09 00:00:00-05:00,40.87954474875273,40.87954474875273,40.70211549932813,40.852928161621094,6600,0.0,0.0,0.0
2017-03-10 00:00:00-05:00,40.994880013127954,41.2965087890625,40.994880013127954,41.2965087890625,3900,0.0,0.0,0.0
2017-03-13 00:00:00-04:00,41.27876552175079,41.41183833449747,41.27876552175079,41.2965087890625,5700,0.0,0.0,0.0
2017-03-14 00:00:00-04:00,41.136811408164135,41.154554670576324,41.065841742696676,41.11906814575195,7100,0.0,0.0,0.0
2017-03-15 00:00:00-04:00,41.14568876630182,41.23440170288086,41.127945502149686,41.23440170288086,6100,0.0,0.0,0.0
2017-03-16 00:00:00-04:00,41.74894796804558,42.02396011352539,41.74894796804558,42.02396011352539,10500,0.0,0.0,0.0
2017-03-17 00:00:00-04:00,42.04170552233465,42.1659049987793,41.94411925250474,42.1659049987793,3300,0.0,0.0,0.0
2017-03-20 00:00:00-04:00,42.29897502322741,42.32558822809495,42.05057608664589,42.094932556152344,9400,0.0,0.0,0.0
2017-03-21 00:00:00-04:00,42.423171472276024,42.423171472276024,41.88201378393881,41.90863037109375,5200,0.0,0.0,0.0
2017-03-22 00:00:00-04:00,41.62474131957718,41.80217056821221,41.60700144047698,41.79330062866211,5300,0.0,0.0,0.0
2017-03-23 00:00:00-04:00,42.06831486061337,42.112674713134766,42.05057498062274,42.112674713134766,2300,0.0,0.0,0.0
2017-03-24 00:00:00-04:00,42.18364555642899,42.18364555642899,42.02395955862847,42.14815902709961,6400,0.0,0.0,0.0
2017-03-27 00:00:00-04:00,42.33446176750551,42.33446176750551,42.08605944548075,42.210262298583984,8300,0.0,0.0,0.0
2017-03-28 00:00:00-04:00,42.316711693462246,42.316711693462246,42.21912544524632,42.25461196899414,3800,0.0,0.0,0.0
2017-03-29 00:00:00-04:00,42.760288626604144,42.760288626604144,41.899758927249536,42.112674713134766,20100,0.0,0.0,0.0
2017-03-30 00:00:00-04:00,42.10380249638096,42.16590223052634,42.06831596710311,42.094932556152344,7400,0.0,0.0,0.0
2017-03-31 00:00:00-04:00,42.04170518425176,42.31672072572613,42.04170518425176,42.17477798461914,12100,0.0,0.0,0.0
2017-04-03 00:00:00-04:00,42.263490438434886,42.263490438434886,42.12154769897461,42.12154769897461,1300,0.0,0.0,0.0
2017-04-04 00:00:00-04:00,41.97960082070744,42.19251660099722,41.97960082070744,42.13041687011719,8000,0.0,0.0,0.0
2017-04-05 00:00:00-04:00,42.281223828541485,42.316710351163664,42.09492466104664,42.15702438354492,10000,0.0,0.0,0.0
2017-04-06 00:00:00-04:00,42.40542878622942,42.40542878622942,42.13041666060872,42.24574279785156,46100,0.0,0.0,0.0
2017-04-07 00:00:00-04:00,42.21026374585874,42.21913368643652,42.18364715576172,42.18364715576172,5400,0.0,0.0,0.0
2017-04-10 00:00:00-04:00,42.31671794766193,42.40543088596164,42.31671794766193,42.3344612121582,9300,0.0,0.0,0.0
2017-04-11 00:00:00-04:00,42.378813051540575,42.520755767822266,42.378813051540575,42.520755767822266,2500,0.0,0.0,0.0
2017-04-12 00:00:00-04:00,42.64496141378889,42.77803421020508,42.556248472299295,42.77803421020508,4900,0.0,0.0,0.0
2017-04-13 00:00:00-04:00,42.69819321768423,42.71593648365313,42.5207639421771,42.627220153808594,7900,0.0,0.0,0.0
2017-04-17 00:00:00-04:00,42.84013228284821,42.91997528076172,42.68931622715307,42.91997528076172,7500,0.0,0.0,0.0
2017-04-18 00:00:00-04:00,42.618341776117305,42.84899741968823,42.60946845279845,42.81351089477539,3400,0.0,0.0,0.0
2017-04-19 00:00:00-04:00,43.02643098911027,43.044174253351905,42.86674499511719,42.86674499511719,5700,0.0,0.0,0.0
2017-04-20 00:00:00-04:00,43.212733394412616,43.26596319108797,43.106277185243776,43.16837692260742,8400,0.0,0.0,0.0
2017-04-21 00:00:00-04:00,42.99981772588348,43.04417419433594,42.87561826054395,43.04417419433594,30200,0.0,0.0,0.0
2017-04-24 00:00:00-04:00,43.91357498552332,44.17971718738712,43.91357498552332,44.13536071777344,4400,0.0,0.0,0.0
2017-04-25 00:00:00-04:00,44.40150003850468,44.70312875015997,44.40150003850468,44.64990234375,13100,0.0,0.0,0.0
2017-04-26 00:00:00-04:00,44.70313373792231,44.74749020960686,44.596677529043,44.68539047241211,11100,0.0,0.0,0.0
2017-04-27 00:00:00-04:00,44.80071744609783,44.9781467068791,44.72974438811265,44.96040344238281,11100,0.0,0.0,0.0
2017-04-28 00:00:00-04:00,45.08460263243425,45.08460263243425,44.969273106008366,45.02250289916992,16900,0.0,0.0,0.0
2017-05-01 00:00:00-04:00,45.403981938355415,45.403981938355415,45.13783969803112,45.26203918457031,13800,0.0,0.0,0.0
2017-05-02 00:00:00-04:00,45.38622683874222,45.696725474141985,45.38622683874222,45.678985595703125,26400,0.0,0.0,0.0
2017-05-03 00:00:00-04:00,45.51930430570079,45.51930430570079,45.29751857637223,45.31526184082031,9200,0.0,0.0,0.0
2017-05-04 00:00:00-04:00,45.59027447043986,45.83867340702564,45.49268820701496,45.829803466796875,33500,0.0,0.0,0.0
2017-05-05 00:00:00-04:00,45.81206220598948,46.32660675048828,45.77657567515883,46.32660675048828,32500,0.0,0.0,0.0
2017-05-08 00:00:00-04:00,46.00723433334083,46.00723433334083,45.74996206337316,45.865291595458984,13200,0.0,0.0,0.0
2017-05-09 00:00:00-04:00,46.06933246315389,46.06933246315389,45.794316937518424,45.829803466796875,17000,0.0,0.0,0.0
2017-05-10 00:00:00-04:00,45.945131333447875,45.98061786144311,45.88303160154701,45.971744537353516,11600,0.0,0.0,0.0
2017-05-11 00:00:00-04:00,45.95400593047643,45.95400593047643,45.678993771096735,45.78544998168945,22100,0.0,0.0,0.0
2017-05-12 00:00:00-04:00,45.874154134125774,46.02497017239309,45.79431114543867,45.980613708496094,9500,0.0,0.0,0.0
2017-05-15 00:00:00-04:00,46.24676055316012,46.25563049316406,46.13143102801922,46.25563049316406,10700,0.0,0.0,0.0
2017-05-16 00:00:00-04:00,46.566133807176534,46.58387368766708,46.38870454463573,46.53064727783203,19800,0.0,0.0,0.0
2017-05-17 00:00:00-04:00,46.45080419244303,46.45080419244303,45.82093352656811,45.829803466796875,22900,0.0,0.0,0.0
2017-05-18 00:00:00-04:00,45.59914889735927,45.838674515325906,44.89830515598225,45.81206130981445,7900,0.0,0.0,0.0
2017-05-19 00:00:00-04:00,46.54839054250428,46.610490276766306,46.397574484881005,46.53064727783203,21400,0.0,0.0,0.0
2017-05-22 00:00:00-04:00,46.89437429137639,46.89437429137639,46.67258856611197,46.78791809082031,32900,0.0,0.0,0.0
2017-05-23 00:00:00-04:00,47.06292339298538,47.06292339298538,46.74355145349311,46.83226776123047,15700,0.0,0.0,0.0
2017-05-24 00:00:00-04:00,46.97421916802819,47.00083237318703,46.75243343388659,46.99196243286133,16400,0.0,0.0,0.0
2017-05-25 00:00:00-04:00,47.15164843217782,47.15164843217782,46.92986269803622,46.99196243286133,15900,0.0,0.0,0.0
2017-05-26 00:00:00-04:00,46.99196172607385,46.99196172607385,46.7435594063278,46.823402404785156,12300,0.0,0.0,0.0
2017-05-30 00:00:00-04:00,46.84114428649691,46.938730546639576,46.84114428649691,46.90324401855469,49800,0.0,0.0,0.0
2017-05-31 00:00:00-04:00,47.15163970072274,47.15163970072274,46.83226776123047,46.83226776123047,28500,0.0,0.0,0.0
2017-06-01 00:00:00-04:00,47.18712908664657,47.3734316654687,47.16938582275011,47.3202018737793,13700,0.0,0.0,0.0
2017-06-02 00:00:00-04:00,47.55973025581445,47.65731651391431,47.400044266956776,47.621829986572266,10300,0.0,0.0,0.0
2017-06-05 00:00:00-04:00,47.25810484544855,47.5508602560323,47.11616211033909,47.337947845458984,10100,0.0,0.0,0.0
2017-06-06 00:00:00-04:00,47.12502946660629,47.12502946660629,46.903243743648,46.9653434753418,8700,0.0,0.0,0.0
2017-06-07 00:00:00-04:00,47.26696969432325,47.26696969432325,46.78791513004508,47.06292724609375,24300,0.0,0.0,0.0
2017-06-08 00:00:00-04:00,46.99195978864099,47.027442932128906,46.66371448397081,47.027442932128906,12300,0.0,0.0,0.0
2017-06-09 00:00:00-04:00,46.76130217744,46.76130217744,46.50402992021655,46.53951644897461,9000,0.0,0.0,0.0
2017-06-12 00:00:00-04:00,46.495156969034745,46.495156969034745,45.962872608861844,46.12255859375,6700,0.0,0.0,0.0
2017-06-13 00:00:00-04:00,46.3177290731518,46.76130051430633,46.3177290731518,46.68145751953125,13000,0.0,0.0,0.0
2017-06-14 00:00:00-04:00,46.99195817103072,47.045184576521144,46.725812606852884,46.76129913330078,4000,0.0,0.0,0.0
2017-06-15 00:00:00-04:00,45.87416367715798,46.042723012885126,45.82980720403367,46.00723648071289,6000,0.0,0.0,0.0
2017-06-16 00:00:00-04:00,46.69033569520811,46.841148376464844,46.388706948512755,46.841148376464844,7600,0.0,0.0,0.0
2017-06-19 00:00:00-04:00,47.000826771136765,47.000826771136765,46.66371154785156,46.66371154785156,15600,0.0,0.0,0.0
2017-06-20 00:00:00-04:00,46.85952296164498,46.85952296164498,46.21281534877909,46.31161880493164,44400,0.648,0.0,0.0
2017-06-21 00:00:00-04:00,46.491261465369526,46.491261465369526,46.26670938377668,46.36551284790039,4000,0.0,0.0,0.0
2017-06-22 00:00:00-04:00,46.50922534034595,46.50922534034595,46.2577281092076,46.32060241699219,10600,0.0,0.0,0.0
2017-06-23 00:00:00-04:00,46.29365540542276,46.59904635656947,46.29365540542276,46.57209777832031,105800,0.0,0.0,0.0
2017-06-26 00:00:00-04:00,46.69785559389578,46.7786944858614,46.482284073189774,46.54515838623047,18500,0.0,0.0,0.0
2017-06-27 00:00:00-04:00,46.44634472876977,46.581077327960735,46.3744898552223,46.47329330444336,7000,0.0,0.0,0.0
2017-06-28 00:00:00-04:00,46.4822734593457,46.82359352819547,46.4822734593457,46.81460952758789,25900,0.0,0.0,0.0
2017-06-29 00:00:00-04:00,46.814616145727065,46.814616145727065,46.30263768327063,46.43737030029297,25400,0.0,0.0,0.0
2017-06-30 00:00:00-04:00,46.715814938745964,46.87749271642103,46.47330169862631,46.74276351928711,32600,0.0,0.0,0.0
2017-07-03 00:00:00-04:00,46.688867295313884,46.688867295313884,46.329586029052734,46.329586029052734,10200,0.0,0.0,0.0
2017-07-05 00:00:00-04:00,46.50024437462367,46.608028411865234,46.29365687558035,46.608028411865234,21200,0.0,0.0,0.0
2017-07-06 00:00:00-04:00,46.266703004787786,46.57209393070421,46.266703004787786,46.29365158081055,6800,0.0,0.0,0.0
2017-07-07 00:00:00-04:00,46.31161836185971,46.65293502807617,46.248744058799176,46.65293502807617,4200,0.0,0.0,0.0
2017-07-10 00:00:00-04:00,46.66192362325217,46.68886877681875,46.464316693382884,46.643959045410156,14600,0.0,0.0,0.0
2017-07-11 00:00:00-04:00,46.26671045668836,46.6978534785704,46.26671045668836,46.68886947631836,13600,0.0,0.0,0.0
2017-07-12 00:00:00-04:00,46.82360146847444,46.958330662904636,46.6709042697821,46.86851119995117,25500,0.0,0.0,0.0
2017-07-13 00:00:00-04:00,47.120007571886426,47.22779503712231,47.01222353304335,47.21881103515625,196300,0.0,0.0,0.0
2017-07-14 00:00:00-04:00,47.326588419323215,47.712818216127985,47.29964326999946,47.65892791748047,101700,0.0,0.0,0.0
2017-07-17 00:00:00-04:00,47.67689677346795,47.82959053520295,47.5960578918457,47.5960578918457,79000,0.0,0.0,0.0
2017-07-18 00:00:00-04:00,47.80264500573527,47.88348388671875,47.75773185132797,47.88348388671875,7400,0.0,0.0,0.0
2017-07-19 00:00:00-04:00,47.94636099596147,48.072109612315614,47.86552211024912,48.06312561035156,17200,0.0,0.0,0.0
2017-07-20 00:00:00-04:00,48.090078145607485,48.30564624097725,48.090078145607485,48.23379135131836,6200,0.0,0.0,0.0
2017-07-21 00:00:00-04:00,47.955338227811836,48.06312225911538,47.685876436356686,48.000247955322266,15900,0.0,0.0,0.0
2017-07-24 00:00:00-04:00,47.79365860440702,48.0182106595975,47.77569402882469,47.97330093383789,80900,0.0,0.0,0.0
2017-07-25 00:00:00-04:00,48.188869362747475,48.188869362747475,47.901443024417084,47.964317321777344,28500,0.0,0.0,0.0
2017-07-26 00:00:00-04:00,48.14396820813426,48.42241404181104,48.14396820813426,48.404449462890625,12900,0.0,0.0,0.0
2017-07-27 00:00:00-04:00,48.62900155980616,48.62900155980616,48.28768141310448,48.404449462890625,24800,0.0,0.0,0.0
2017-07-28 00:00:00-04:00,48.36851501464844,48.386479591603944,48.08108863614582,48.36851501464844,11600,0.0,0.0,0.0
2017-07-31 00:00:00-04:00,48.539175235661716,48.77270787585551,48.38647804960252,48.67390441894531,32000,0.0,0.0,0.0
2017-08-01 00:00:00-04:00,49.06911934588559,49.105045073063835,48.71881866455078,48.71881866455078,76700,0.0,0.0,0.0
2017-08-02 00:00:00-04:00,48.997257937649294,49.149955117464984,48.88048990913052,49.04216766357422,50200,0.0,0.0,0.0
2017-08-03 00:00:00-04:00,49.096068491327145,49.096068491327145,48.79966151623907,48.880496978759766,12400,0.0,0.0,0.0
2017-08-04 00:00:00-04:00,48.898454386091906,48.898454386091906,48.71881548275475,48.8176155090332,4500,0.0,0.0,0.0
2017-08-07 00:00:00-04:00,48.86252897733399,48.961329004251546,48.808635250148754,48.87150955200195,12600,0.0,0.0,0.0
2017-08-08 00:00:00-04:00,49.04216856726237,49.04216856726237,48.52120956942723,48.637977600097656,24200,0.0,0.0,0.0
2017-08-09 00:00:00-04:00,48.3775050863178,48.44037940035463,48.17091756499775,48.395469665527344,274400,0.0,0.0,0.0
2017-08-10 00:00:00-04:00,48.22480605476347,48.22480605476347,47.802650451660156,47.802650451660156,11600,0.0,0.0,0.0
2017-08-11 00:00:00-04:00,47.59605772974894,47.68587718618214,47.3715056622733,47.42539596557617,12600,0.0,0.0,0.0
2017-08-14 00:00:00-04:00,48.02719918127639,48.143963793963664,47.9553408721832,48.01821517944336,13100,0.0,0.0,0.0
2017-08-15 00:00:00-04:00,47.84755971363807,47.910434024680995,47.685881934843984,47.86552429199219,13300,0.0,0.0,0.0
2017-08-16 00:00:00-04:00,48.036175334197104,48.26072738985045,48.01821075857774,48.197853088378906,17600,0.0,0.0,0.0
2017-08-17 00:00:00-04:00,48.20683613629963,48.233784714307525,47.76671600341797,47.76671600341797,39200,0.0,0.0,0.0
2017-08-18 00:00:00-04:00,47.901447685374656,47.91940883517478,47.811624804411224,47.89246368408203,7200,0.0,0.0,0.0
2017-08-21 00:00:00-04:00,47.97330093383789,48.0631203853571,47.865516906736346,47.97330093383789,8100,0.0,0.0,0.0
2017-08-22 00:00:00-04:00,48.036176570275444,48.134980025528144,47.99126684326764,48.125999450683594,14100,0.0,0.0,0.0
2017-08-23 00:00:00-04:00,48.09905460820423,48.21582264860547,48.05414487770923,48.179893493652344,29800,0.0,0.0,0.0
2017-08-24 00:00:00-04:00,48.099054843509485,48.179893729353076,47.96432565136538,48.00923538208008,11800,0.0,0.0,0.0
2017-08-25 00:00:00-04:00,48.206837869176354,48.48528367598298,48.07210867986431,48.47630310058594,14200,0.0,0.0,0.0
2017-08-28 00:00:00-04:00,48.431387058158805,48.431387058158805,48.323603027854,48.35055160522461,10700,0.0,0.0,0.0
2017-08-29 00:00:00-04:00,48.00025588992867,48.161933676806164,47.937381575742215,48.05414962768555,11200,0.0,0.0,0.0
2017-08-30 00:00:00-04:00,48.15294188049693,48.21581618003335,47.97329955622471,48.161922454833984,11800,0.0,0.0,0.0
2017-08-31 00:00:00-04:00,48.251752418537805,48.65594342453711,48.24276841648862,48.566123962402344,14300,0.0,0.0,0.0
2017-09-01 00:00:00-04:00,48.94337292332117,48.94337292332117,48.763730573826386,48.799659729003906,2800,0.0,0.0,0.0
2017-09-05 00:00:00-04:00,48.79067135633454,48.934384537777945,48.50324499344774,48.637977600097656,20500,0.0,0.0,0.0
2017-09-06 00:00:00-04:00,48.8625346589419,48.943373545923244,48.83558607901953,48.898460388183594,6000,0.0,0.0,0.0
2017-09-07 00:00:00-04:00,49.284687202972876,49.473313545214204,49.25774205110668,49.45534896850586,29700,0.0,0.0,0.0
2017-09-08 00:00:00-04:00,49.500261736189,49.59008119885263,49.4373874270459,49.464332580566406,13400,0.0,0.0,0.0
2017-09-11 00:00:00-04:00,49.79666409870991,49.84157725228086,49.733789795381654,49.760738372802734,17500,0.0,0.0,0.0
2017-09-12 00:00:00-04:00,49.967327269693776,49.967327269693776,49.823614082829856,49.85055923461914,29200,0.0,0.0,0.0
2017-09-13 00:00:00-04:00,49.75175998571307,49.75175998571307,49.464333587666005,49.56313705444336,22800,0.0,0.0,0.0
2017-09-14 00:00:00-04:00,49.67091611961452,49.85953903198242,49.652951543237684,49.85953903198242,17300,0.0,0.0,0.0
2017-09-15 00:00:00-04:00,49.85954291859501,50.0840950012207,49.85954291859501,50.0840950012207,60000,0.0,0.0,0.0
2017-09-18 00:00:00-04:00,50.25475341528049,50.25475341528049,49.92241731461501,50.021217346191406,22000,0.0,0.0,0.0
2017-09-19 00:00:00-04:00,50.335586936318364,50.335586936318364,50.209838340073645,50.326602935791016,9400,0.0,0.0,0.0
2017-09-20 00:00:00-04:00,50.28170075783449,50.41643337482516,49.94038064081285,50.10205841064453,18700,0.0,0.0,0.0
2017-09-21 00:00:00-04:00,50.20984930642927,50.20984930642927,50.03918752305803,50.111045837402344,38600,0.0,0.0,0.0
2017-09-22 00:00:00-04:00,50.200860861356475,50.34457405093402,50.200860861356475,50.29068374633789,5100,0.0,0.0,0.0
2017-09-25 00:00:00-04:00,50.15595355120635,50.15595355120635,49.814633424599705,49.91343688964844,16700,0.0,0.0,0.0
2017-09-26 00:00:00-04:00,49.581099218745486,49.67091867886495,49.50026033408086,49.6529541015625,9400,0.0,0.0,0.0
2017-09-27 00:00:00-04:00,49.46433079123989,49.69786686794594,49.46433079123989,49.66193771362305,5800,0.0,0.0,0.0
2017-09-28 00:00:00-04:00,49.922417164021525,50.13798522949219,49.8775040095219,50.13798522949219,11800,0.0,0.0,0.0
2017-09-29 00:00:00-04:00,50.317626730176244,50.623017673166665,50.2547524265952,50.488285064697266,9600,0.0,0.0,0.0
2017-10-02 00:00:00-04:00,50.290680563183386,50.44337431839795,50.290680563183386,50.38948059082031,15800,0.0,0.0,0.0
2017-10-03 00:00:00-04:00,50.524220211160774,50.61403967653454,50.50625563280743,50.569129943847656,14900,0.0,0.0,0.0
2017-10-04 00:00:00-04:00,50.70386069517766,50.70386069517766,50.53319892032201,50.54218292236328,37000,0.0,0.0,0.0
2017-10-05 00:00:00-04:00,50.42540974253873,50.42540974253873,50.263731986198316,50.38948059082031,18100,0.0,0.0,0.0
2017-10-06 00:00:00-04:00,50.07511380013795,50.263736724853516,50.06613322455794,50.263736724853516,5600,0.0,0.0,0.0
2017-10-09 00:00:00-04:00,50.191878494842925,50.353556255646915,50.191878494842925,50.20085906982422,19000,0.0,0.0,0.0
2017-10-10 00:00:00-04:00,50.56912255770921,50.77571003900903,50.497267681183935,50.67690658569336,121600,0.0,0.0,0.0
2017-10-11 00:00:00-04:00,50.69488256916927,51.00027357250615,50.69488256916927,50.96434783935547,25300,0.0,0.0,0.0
2017-10-12 00:00:00-04:00,50.82062437918756,51.0361924401936,50.82062437918756,50.946372985839844,21500,0.0,0.0,0.0
2017-10-13 00:00:00-04:00,51.170923341618,51.404455970985225,51.0451747391593,51.08110046386719,6500,0.0,0.0,0.0
2017-10-16 00:00:00-04:00,50.9284099659009,50.982300269602845,50.892480812504495,50.91942596435547,21800,0.0,0.0,0.0
2017-10-17 00:00:00-04:00,50.578112308909176,50.658951195685844,50.43439911312765,50.649967193603516,80200,0.0,0.0,0.0
2017-10-18 00:00:00-04:00,50.85655127017276,50.928409576416016,50.7487672372005,50.928409576416016,15500,0.0,0.0,0.0
2017-10-19 00:00:00-04:00,50.44338421227403,50.59608142383085,50.29069042711038,50.416439056396484,12800,0.0,0.0,0.0
2017-10-20 00:00:00-04:00,50.569127063404075,50.5781110652655,50.3894847164961,50.44337844848633,24400,0.0,0.0,0.0
2017-10-23 00:00:00-04:00,50.389483780228375,50.39846778192287,50.22780601365454,50.29068374633789,14500,0.0,0.0,0.0
2017-10-24 00:00:00-04:00,50.34457108441968,50.38050023629515,50.20984190447544,50.21882247924805,26400,0.0,0.0,0.0
2017-10-25 00:00:00-04:00,50.50625127416168,50.58709015657893,50.36253808613019,50.407447814941406,19500,0.0,0.0,0.0
2017-10-26 00:00:00-04:00,50.317622361655935,50.44337095790066,50.263728637668656,50.326602935791016,13600,0.0,0.0,0.0
2017-10-27 00:00:00-04:00,50.155948176662235,50.263732205896126,49.97630584367741,50.21882247924805,19500,0.0,0.0,0.0
2017-10-30 00:00:00-04:00,50.497267681183935,50.68589058675431,50.497267681183935,50.67690658569336,32800,0.0,0.0,0.0
2017-10-31 00:00:00-04:00,50.94637291213406,51.036192366357874,50.80265972954043,51.00026321411133,21900,0.0,0.0,0.0
2017-11-01 00:00:00-04:00,51.12601157858314,51.24277960963543,50.892478942871094,50.892478942871094,19200,0.0,0.0,0.0
2017-11-02 00:00:00-04:00,50.75774461260391,50.85654806426368,50.685889737282885,50.74876403808594,9300,0.0,0.0,0.0
2017-11-03 00:00:00-04:00,50.67691288628683,50.8835038196643,50.67691288628683,50.8116455078125,22100,0.0,0.0,0.0
2017-11-06 00:00:00-05:00,50.757756885174516,50.97332841604483,50.757756885174516,50.96434783935547,18500,0.0,0.0,0.0
2017-11-07 00:00:00-05:00,50.69487318149491,50.7577474858571,50.46134054049145,50.596073150634766,24200,0.0,0.0,0.0
2017-11-08 00:00:00-05:00,50.434392432975585,50.54217645893727,50.29965983072917,50.52421188354492,10000,0.0,0.0,0.0
2017-11-09 00:00:00-05:00,49.86852240330938,49.91343213048777,49.67989949332461,49.760738372802734,42500,0.0,0.0,0.0
2017-11-10 00:00:00-05:00,49.850562580325224,49.94936604537396,49.814633424599705,49.91343688964844,8200,0.0,0.0,0.0
2017-11-13 00:00:00-05:00,49.302654344621935,49.37451265519371,49.149960574246165,49.24876403808594,32500,0.0,0.0,0.0
2017-11-14 00:00:00-05:00,49.518227630020554,49.74277971904028,49.50924362767971,49.61703109741211,32500,0.0,0.0,0.0
2017-11-15 00:00:00-05:00,49.26672518933605,49.320618922264885,49.08708626569227,49.24876403808594,30200,0.0,0.0,0.0
2017-11-16 00:00:00-05:00,49.5810997610708,49.85954214632245,49.5810997610708,49.814632415771484,6100,0.0,0.0,0.0
2017-11-17 00:00:00-05:00,49.69786640166209,49.75175670624807,49.57211436271182,49.72481155395508,35400,0.0,0.0,0.0
2017-11-20 00:00:00-05:00,49.886490023766875,50.02121921352385,49.76972198486328,49.76972198486328,11200,0.0,0.0,0.0
2017-11-21 00:00:00-05:00,50.17391804044705,50.281702081040336,50.17391804044705,50.254756927490234,10900,0.0,0.0,0.0
2017-11-22 00:00:00-05:00,50.506253766983896,50.54218292236328,50.3176308408314,50.54218292236328,4000,0.0,0.0,0.0
2017-11-24 00:00:00-05:00,50.856550956997076,50.91942526137643,50.83858638054689,50.874515533447266,4000,0.0,0.0,0.0
2017-11-27 00:00:00-05:00,50.86553995455774,50.89248510868334,50.5781135559082,50.5781135559082,25200,0.0,0.0,0.0
2017-11-28 00:00:00-05:00,50.66793541993833,50.84757778419938,50.58709652734051,50.76673889160156,11400,0.0,0.0,0.0
2017-11-29 00:00:00-05:00,51.00925189625377,51.00925189625377,50.61403803805992,50.649967193603516,16000,0.0,0.0,0.0
2017-11-30 00:00:00-05:00,50.65894754327909,51.063138521628204,50.65894754327909,50.82062530517578,35200,0.0,0.0,0.0
2017-12-01 00:00:00-05:00,50.77571207616754,50.90146068492625,50.69487319533799,50.874515533447266,5700,0.0,0.0,0.0
2017-12-04 00:00:00-05:00,50.95535793004766,50.95535793004766,50.51523776902516,50.54218292236328,21700,0.0,0.0,0.0
2017-12-05 00:00:00-05:00,50.43439233097784,50.542176356721555,50.28169515364789,50.299659729003906,14800,0.0,0.0,0.0
2017-12-06 00:00:00-05:00,50.0840950012207,50.245772774822626,50.03918526997413,50.0840950012207,13000,0.0,0.0,0.0
2017-12-07 00:00:00-05:00,50.22780671376598,50.43439763890649,50.22780671376598,50.335594177246094,5300,0.0,0.0,0.0
2017-12-08 00:00:00-05:00,50.58709288459865,50.67691234706478,50.46134426658892,50.649967193603516,6000,0.0,0.0,0.0
2017-12-11 00:00:00-05:00,50.64996485856396,50.73080374161383,50.56912597551409,50.68589401245117,11700,0.0,0.0,0.0
2017-12-12 00:00:00-05:00,50.55116209783109,50.730804443359375,50.55116209783109,50.730804443359375,10100,0.0,0.0,0.0
2017-12-13 00:00:00-05:00,50.72182915713458,50.96434583492803,50.66793541993833,50.76673889160156,10800,0.0,0.0,0.0
2017-12-14 00:00:00-05:00,50.81164067544149,50.96433786040805,50.676908066729375,50.71283721923828,16900,0.0,0.0,0.0
2017-12-15 00:00:00-05:00,50.515234269827296,50.72182175935914,50.407446811155594,50.596073150634766,13000,0.0,0.0,0.0
2017-12-18 00:00:00-05:00,51.251767061432304,51.44937055837175,51.179908752441406,51.179908752441406,27400,0.0,0.0,0.0
2017-12-19 00:00:00-05:00,51.499338462823836,51.62638473510742,51.33599226653028,51.62638473510742,132800,0.582,0.0,0.0
2017-12-20 00:00:00-05:00,51.6354623589599,51.6354623589599,51.345069885253906,51.345069885253906,27400,0.0,0.0,0.0
2017-12-21 00:00:00-05:00,51.481189424419725,51.63546237335417,51.335993187526256,51.363216400146484,25300,0.0,0.0,0.0
2017-12-22 00:00:00-05:00,51.608235444161274,51.762508392333984,51.41766603325793,51.762508392333984,8400,0.0,0.0,0.0
2017-12-26 00:00:00-05:00,52.052903894488956,52.052903894488956,51.72621147863836,51.82603454589844,21100,0.0,0.0,0.0
2017-12-27 00:00:00-05:00,51.862327535596215,52.08919685384161,51.862327535596215,51.98029708862305,10000,0.0,0.0,0.0
2017-12-28 00:00:00-05:00,52.35236432269372,52.51571051404543,52.31606786153314,52.38866424560547,18700,0.0,0.0,0.0
2017-12-29 00:00:00-05:00,52.61553543120538,52.688135279595386,52.497562408447266,52.497562408447266,29000,0.0,0.0,0.0
2018-01-02 00:00:00-05:00,52.79703509215911,53.04205440409919,52.70628873740421,53.014827728271484,36700,0.0,0.0,0.0
2018-01-03 00:00:00-05:00,53.08741904245444,53.27798843383789,53.01481920092686,53.27798843383789,35500,0.0,0.0,0.0
2018-01-04 00:00:00-05:00,53.532090285206586,53.73173294778877,53.51394032283523,53.70450973510742,33300,0.0,0.0,0.0
2018-01-05 00:00:00-05:00,53.949524990513716,54.17639431052281,53.895075107481134,54.121944427490234,37900,0.0,0.0,0.0
2018-01-08 00:00:00-05:00,53.91322781660648,54.022124126471304,53.795254794898014,53.949527740478516,50200,0.0,0.0,0.0
2018-01-09 00:00:00-05:00,53.94045171484675,54.167321049306196,53.83155540359659,54.103797912597656,34800,0.0,0.0,0.0
2018-01-10 00:00:00-05:00,53.904155427156496,54.01305173875998,53.67728609196098,53.78618240356445,49900,0.0,0.0,0.0
2018-01-11 00:00:00-05:00,53.768034288213066,53.976753668352075,53.74081107481494,53.89508056640625,103100,0.0,0.0,0.0
2018-01-12 00:00:00-05:00,54.44864399917128,54.83885955810547,54.44864399917128,54.83885955810547,19200,0.0,0.0,0.0
2018-01-16 00:00:00-05:00,55.1564706251437,55.1564706251437,54.79348177272487,54.90237808227539,45900,0.0,0.0,0.0
2018-01-17 00:00:00-05:00,54.947749973338595,55.3198155288889,54.784403781950544,55.147396087646484,39900,0.0,0.0,0.0
2018-01-18 00:00:00-05:00,54.97497713282844,55.21999296032726,54.666434708782226,54.96590042114258,34100,0.0,0.0,0.0
2018-01-19 00:00:00-05:00,55.310747207825436,55.42872023695198,55.083877861986736,55.20185089111328,35200,0.0,0.0,0.0
2018-01-22 00:00:00-05:00,55.519464737660655,55.80985721370241,55.328895324336635,55.746334075927734,79400,0.0,0.0,0.0
2018-01-23 00:00:00-05:00,55.791705717587845,55.96412516370074,55.746332543531956,55.773555755615234,37900,0.0,0.0,0.0
2018-01-24 00:00:00-05:00,56.34526602594504,56.47231229481,55.855227450250595,56.21821975708008,67900,0.0,0.0,0.0
2018-01-25 00:00:00-05:00,56.5176883106718,56.59028816039009,55.79170712224581,55.945980072021484,67200,0.0,0.0,0.0
2018-01-26 00:00:00-05:00,56.25452153321527,56.50861407931536,56.19099493493894,56.327117919921875,37200,0.0,0.0,0.0
2018-01-29 00:00:00-05:00,56.18192347716946,56.20007343986299,55.68281161922736,55.900604248046875,38000,0.0,0.0,0.0
2018-01-30 00:00:00-05:00,55.682807730963496,55.682807730963496,55.319815425943055,55.36518859863281,126800,0.0,0.0,0.0
2018-01-31 00:00:00-05:00,55.82800501200186,56.02765112969806,55.37426635305687,55.51946258544922,76500,0.0,0.0,0.0
2018-02-01 00:00:00-05:00,55.646512923905746,55.98227858677959,55.537616607088836,55.755409240722656,42900,0.0,0.0,0.0
2018-02-02 00:00:00-05:00,55.11109781055792,55.1383210226852,54.28529357910156,54.28529357910156,46500,0.0,0.0,0.0
2018-02-05 00:00:00-05:00,53.41411256000081,53.64098187705025,51.744354248046875,51.744354248046875,78900,0.0,0.0,0.0
2018-02-06 00:00:00-05:00,51.72620537155098,53.28706741333008,51.59915910522034,53.28706741333008,108100,0.0,0.0,0.0
2018-02-07 00:00:00-05:00,52.83333182076472,53.22354735374385,52.57016256145297,52.615535736083984,87200,0.0,0.0,0.0
2018-02-08 00:00:00-05:00,52.8151822161094,52.86055539104758,51.345069885253906,51.345069885253906,80100,0.0,0.0,0.0
2018-02-09 00:00:00-05:00,51.52656173706055,51.862330841930486,50.35591861121416,51.52656173706055,37600,0.0,0.0,0.0
2018-02-12 00:00:00-05:00,51.9440046172918,52.3614433640972,51.853254805974544,52.29792022705078,16400,0.0,0.0,0.0
2018-02-13 00:00:00-05:00,52.23439980225133,52.45219243721887,52.16179994942781,52.243473052978516,11500,0.0,0.0,0.0
2018-02-14 00:00:00-05:00,52.125500384183205,53.43227005004883,52.125500384183205,53.43227005004883,26300,0.0,0.0,0.0
2018-02-15 00:00:00-05:00,53.740808432442,53.913227878404875,53.40503932886774,53.84970474243164,16100,0.0,0.0,0.0
2018-02-16 00:00:00-05:00,54.04935153642383,54.22177098453749,53.74080910281164,53.9858283996582,28700,0.0,0.0,0.0
2018-02-20 00:00:00-05:00,53.768030586970646,53.96767670281767,53.48671137479994,53.677284240722656,92200,0.0,0.0,0.0
2018-02-21 00:00:00-05:00,53.613765623240994,54.02212767751481,53.19632339477539,53.19632339477539,18600,0.0,0.0,0.0
2018-02-22 00:00:00-05:00,53.359669532816866,53.58653887901231,53.287073142145104,53.296146392822266,64300,0.0,0.0,0.0
2018-02-23 00:00:00-05:00,53.54116439819336,53.72266056307989,53.43226808396201,53.54116439819336,23500,0.0,0.0,0.0
2018-02-26 00:00:00-05:00,53.72265651721854,53.95859909057617,53.6591333835549,53.95859909057617,10800,0.0,0.0,0.0
2018-02-27 00:00:00-05:00,53.73173096627062,53.94045033321701,53.17816925048828,53.17816925048828,19900,0.0,0.0,0.0
2018-02-28 00:00:00-05:00,53.16909275670942,53.30521573029421,52.75165404828423,52.77887725830078,24300,0.0,0.0,0.0
2018-03-01 00:00:00-05:00,52.41589308831944,52.54294283216043,51.726211787654734,51.962154388427734,22800,0.0,0.0,0.0
2018-03-02 00:00:00-05:00,51.853256392614284,52.27069515219274,51.69898690128151,52.170875549316406,22700,0.0,0.0,0.0
2018-03-05 00:00:00-05:00,52.125500250515145,52.53386577005096,51.96215404270082,52.46126937866211,7800,0.0,0.0,0.0
2018-03-06 00:00:00-05:00,53.12372662429429,53.26892286653752,53.06927673529628,53.16002655029297,12300,0.0,0.0,0.0
2018-03-07 00:00:00-05:00,53.07835405550486,53.43226968366616,53.07835405550486,53.414119720458984,31500,0.0,0.0,0.0
2018-03-08 00:00:00-05:00,53.88600409779504,53.88600409779504,53.36874230361275,53.49578857421875,25800,0.0,0.0,0.0
2018-03-09 00:00:00-05:00,53.813405552793434,53.99490171308685,53.813405552793434,53.88600540161133,9100,0.0,0.0,0.0
2018-03-12 00:00:00-04:00,53.94952806030764,54.11287425694888,53.90415488607425,54.08564758300781,5900,0.0,0.0,0.0
2018-03-13 00:00:00-04:00,54.26714123919464,54.31251441133568,53.72265625,53.72265625,31600,0.0,0.0,0.0
2018-03-14 00:00:00-04:00,54.10379919561666,54.10379919561666,53.768033541944696,53.840633392333984,11800,0.0,0.0,0.0
2018-03-15 00:00:00-04:00,53.75895992496235,54.03120243856308,53.75895992496235,53.82248306274414,39400,0.0,0.0,0.0
2018-03-16 00:00:00-04:00,53.48671598787505,53.67728887023412,53.441342810837746,53.63191223144531,21800,0.0,0.0,0.0
2018-03-19 00:00:00-04:00,53.659131312130455,53.73172769276451,53.35058890549593,53.51393508911133,12100,0.0,0.0,0.0
2018-03-20 00:00:00-04:00,53.34151840209961,53.59561441826752,53.32336843939109,53.34151840209961,15100,0.0,0.0,0.0
2018-03-21 00:00:00-04:00,53.39596551538511,53.60468488305943,53.34151563008914,53.49578857421875,6000,0.0,0.0,0.0
2018-03-22 00:00:00-04:00,52.878704674335154,52.878704674335154,52.415889295355385,52.47941589355469,61200,0.0,0.0,0.0
2018-03-23 00:00:00-04:00,52.679056378513565,52.824252607508434,52.25254440307617,52.25254440307617,12300,0.0,0.0,0.0
2018-03-26 00:00:00-04:00,52.8877768321074,53.16909604610309,52.70628413843403,53.06019973754883,20300,0.0,0.0,0.0
2018-03-27 00:00:00-04:00,53.18724749333872,53.26892059247335,52.470339563351494,52.51571273803711,14000,0.0,0.0,0.0
2018-03-28 00:00:00-04:00,52.46126409142898,52.597383609721284,52.31606786153314,52.38866424560547,4500,0.0,0.0,0.0
2018-03-29 00:00:00-04:00,52.65183799683416,52.8605573787995,52.5247917175293,52.5247917175293,5700,0.0,0.0,0.0
2018-04-02 00:00:00-04:00,52.77888647475231,52.77888647475231,51.70806284493044,52.11642837524414,28800,0.0,0.0,0.0
2018-04-03 00:00:00-04:00,52.243474093425114,52.4158935546875,52.12550106111318,52.4158935546875,2800,0.0,0.0,0.0
2018-04-04 00:00:00-04:00,51.62638815098464,52.243473052978516,51.62638815098464,52.243473052978516,11900,0.0,0.0,0.0
2018-04-05 00:00:00-04:00,52.56108124714211,52.76072735213884,52.47033490582598,52.679054260253906,18500,0.0,0.0,0.0
2018-04-06 00:00:00-04:00,52.733508822979914,52.89685502124919,52.51571273803711,52.51571273803711,7100,0.0,0.0,0.0
2018-04-09 00:00:00-04:00,52.83333404334663,53.09649985197786,52.742584228515625,52.742584228515625,4600,0.0,0.0,0.0
2018-04-10 00:00:00-04:00,53.35059124024762,53.59561052639335,53.3233645672862,53.44133758544922,15200,0.0,0.0,0.0
2018-04-11 00:00:00-04:00,53.296146392822266,53.56838891590649,53.26892317903929,53.296146392822266,11500,0.0,0.0,0.0
2018-04-12 00:00:00-04:00,53.486718989523744,53.83156138551234,53.486718989523744,53.695438385009766,31300,0.0,0.0,0.0
2018-04-13 00:00:00-04:00,54.08564726237172,54.08564726237172,53.758958332777254,53.949527740478516,8900,0.0,0.0,0.0
2018-04-16 00:00:00-04:00,54.15824704826585,54.24899339609102,53.99490085277952,54.04935073852539,44000,0.0,0.0,0.0
2018-04-17 00:00:00-04:00,54.366966615167215,54.52123956113197,54.312516729223546,54.38511657714844,10600,0.0,0.0,0.0
2018-04-18 00:00:00-04:00,54.49401497530525,54.79348416684312,54.49401497530525,54.71181106567383,5600,0.0,0.0,0.0
2018-04-19 00:00:00-04:00,54.847933019615375,54.94775608787754,54.4667941717979,54.539390563964844,18200,0.0,0.0,0.0
2018-04-20 00:00:00-04:00,54.37604720373868,54.439573810122,54.26715087890625,54.26715087890625,17700,0.0,0.0,0.0
2018-04-23 00:00:00-04:00,54.24899365509768,54.32159350310545,54.1400973448373,54.28529357910156,4400,0.0,0.0,0.0
2018-04-24 00:00:00-04:00,54.221773849074054,54.221773849074054,53.65006212622854,53.73173522949219,14200,0.0,0.0,0.0
2018-04-25 00:00:00-04:00,53.504860969467764,53.65913391113281,53.34151477794063,53.65913391113281,18800,0.0,0.0,0.0
2018-04-26 00:00:00-04:00,53.786180548570485,54.076573010665506,53.64098431752297,53.677284240722656,4900,0.0,0.0,0.0
2018-04-27 00:00:00-04:00,53.84063002005964,53.84063002005964,53.64098390574521,53.777103424072266,14400,0.0,0.0,0.0
2018-04-30 00:00:00-04:00,53.63190613313989,53.79525232130183,53.54115978938376,53.60468292236328,56400,0.0,0.0,0.0
2018-05-01 00:00:00-04:00,53.504857745985134,53.504857745985134,53.032969161308756,53.27798843383789,9000,0.0,0.0,0.0
2018-05-02 00:00:00-04:00,53.71358348263979,53.81340654573062,53.51394081820953,53.523014068603516,10400,0.0,0.0,0.0
2018-05-03 00:00:00-04:00,53.659136129735174,53.80433236579026,53.29614380872181,53.78618240356445,5700,0.0,0.0,0.0
2018-05-04 00:00:00-04:00,53.341519676316054,53.749885192634274,53.2779965361945,53.73173522949219,6000,0.0,0.0,0.0
2018-05-07 00:00:00-04:00,53.88600540161133,53.922301864268945,53.713582491544486,53.88600540161133,6200,0.0,0.0,0.0
2018-05-08 00:00:00-04:00,53.650061260568776,53.976753668352075,53.59561483377253,53.89508056640625,7000,0.0,0.0,0.0
2018-05-09 00:00:00-04:00,53.99489883938523,54.33066446791966,53.94044895566972,54.2580680847168,8900,0.0,0.0,0.0
2018-05-10 00:00:00-04:00,54.30344384604268,54.40326690673828,54.085647762547616,54.40326690673828,7400,0.0,0.0,0.0
2018-05-11 00:00:00-04:00,54.475863979237445,54.62106021614503,54.40326759165933,54.55753707885742,36600,0.0,0.0,0.0
2018-05-14 00:00:00-04:00,54.60290839797041,54.67550824483236,54.448638916015625,54.448638916015625,17500,0.0,0.0,0.0
2018-05-15 00:00:00-04:00,54.0765754342066,54.212698421430396,53.90415598390764,54.140098571777344,7500,0.0,0.0,0.0
2018-05-16 00:00:00-04:00,53.9586013104538,54.11287425694888,53.90415488607425,54.08564758300781,6700,0.0,0.0,0.0
2018-05-17 00:00:00-04:00,54.17639462209917,54.23991775512695,54.03119839492834,54.23991775512695,6900,0.0,0.0,0.0
2018-05-18 00:00:00-04:00,54.013053094401194,54.11287615827283,53.93137999321088,54.076576232910156,12000,0.0,0.0,0.0
2018-05-21 00:00:00-04:00,54.3941901948107,54.40326690673828,54.28529388393882,54.40326690673828,6600,0.0,0.0,0.0
2018-05-22 00:00:00-04:00,54.50308953715589,54.5938358852075,54.39418976539242,54.48493957519531,9400,0.0,0.0,0.0
2018-05-23 00:00:00-04:00,53.70450814176297,53.8315544128418,53.5411619470184,53.8315544128418,12100,0.0,0.0,0.0
2018-05-24 00:00:00-04:00,53.74988395948803,53.88600694905496,53.541164580769774,53.876930236816406,16600,0.0,0.0,0.0
2018-05-25 00:00:00-04:00,53.541162498156815,53.61376234623561,53.41411622577021,53.550235748291016,25300,0.0,0.0,0.0
2018-05-29 00:00:00-04:00,52.23439739591343,52.30699378364106,51.62638577265666,51.78065872192383,80300,0.0,0.0,0.0
2018-05-30 00:00:00-04:00,52.515715909105346,52.89685821533203,52.270696596906376,52.89685821533203,9400,0.0,0.0,0.0
2018-05-31 00:00:00-04:00,52.64276023406141,53.00575256347656,52.4521908189066,53.00575256347656,13700,0.0,0.0,0.0
2018-06-01 00:00:00-04:00,53.187247064937665,53.296143375656285,53.16002385269583,53.23262023925781,7300,0.0,0.0,0.0
2018-06-04 00:00:00-04:00,53.74988080625282,53.74988080625282,53.196319091724064,53.37781524658203,57300,0.0,0.0,0.0
2018-06-05 00:00:00-04:00,53.54116248353016,53.61376233158913,53.42318946130999,53.53208923339844,7100,0.0,0.0,0.0
2018-06-06 00:00:00-04:00,53.949523134171734,54.167315735305856,53.74987703167297,54.01304626464844,75600,0.0,0.0,0.0
2018-06-07 00:00:00-04:00,54.19454485611922,54.366964294955594,53.71357953852111,53.72265625,34500,0.0,0.0,0.0
2018-06-08 00:00:00-04:00,53.468565591783,53.94045424500343,53.468565591783,53.713584899902344,103300,0.0,0.0,0.0
2018-06-11 00:00:00-04:00,53.994902334222594,54.303444771745355,53.994902334222594,54.140098571777344,8000,0.0,0.0,0.0
2018-06-12 00:00:00-04:00,54.121952198826435,54.27622515869515,53.90415955892561,53.922306060791016,13000,0.0,0.0,0.0
2018-06-13 00:00:00-04:00,54.17639431052281,54.17639431052281,53.87692514647028,54.121944427490234,8900,0.0,0.0,0.0
2018-06-14 00:00:00-04:00,54.03120620908158,54.167325744505234,53.81341010595147,53.94045639038086,18400,0.0,0.0,0.0
2018-06-15 00:00:00-04:00,53.3505905464954,53.3505905464954,53.105571263535815,53.28706741333008,7000,0.0,0.0,0.0
2018-06-18 00:00:00-04:00,52.77888212578263,52.9694515369756,52.77888212578263,52.95130157470703,7800,0.0,0.0,0.0
2018-06-19 00:00:00-04:00,52.39809306399491,52.52717454932565,52.12148586147853,52.49951171875,11700,0.92,0.0,0.0
2018-06-20 00:00:00-04:00,52.76690111142743,52.76690111142743,52.45341597123911,52.481075286865234,22000,0.0,0.0,0.0
2018-06-21 00:00:00-04:00,52.30589235842546,52.4810738813777,52.103048003380955,52.25979232788086,14500,0.0,0.0,0.0
2018-06-22 00:00:00-04:00,52.739235613794925,53.071161431228525,52.573272705078125,52.573272705078125,12700,0.0,0.0,0.0
2018-06-25 00:00:00-04:00,52.43497503250164,52.43497503250164,52.01084911440225,52.07538986206055,10800,0.0,0.0,0.0
2018-06-26 00:00:00-04:00,52.06616850424742,52.16759067868214,52.06616850424742,52.10304641723633,8600,0.0,0.0,0.0
2018-06-27 00:00:00-04:00,51.946307613803924,52.084611223756745,51.264015197753906,51.264015197753906,12600,0.0,0.0,0.0
2018-06-28 00:00:00-04:00,51.0058519788213,51.25479636527972,50.81222973953371,51.13493347167969,71500,0.0,0.0,0.0
2018-06-29 00:00:00-04:00,51.678918528115,52.139925836157424,51.678918528115,51.835662841796875,49300,0.0,0.0,0.0
2018-07-02 00:00:00-04:00,51.10727631829527,51.49452081324906,51.07039488528814,51.3377799987793,26000,0.0,0.0,0.0
2018-07-03 00:00:00-04:00,51.56827937695224,51.68814226562181,51.35621643066406,51.35621643066406,47900,0.0,0.0,0.0
2018-07-05 00:00:00-04:00,51.706584164124344,52.01084717499555,51.64203990166585,51.72502136230469,16700,0.0,0.0,0.0
2018-07-06 00:00:00-04:00,51.94630374893079,52.18602600217888,51.89098160562432,52.17680740356445,9100,0.0,0.0,0.0
2018-07-09 00:00:00-04:00,52.527175086522455,52.748456630150585,52.462634343197024,52.628597259521484,53900,0.0,0.0,0.0
2018-07-10 00:00:00-04:00,52.720798260957466,52.895979779235226,52.69313894681013,52.86832046508789,29600,0.0,0.0,0.0
2018-07-11 00:00:00-04:00,52.22291450481903,52.27823665561907,51.84488860070321,51.85411071777344,5700,0.0,0.0,0.0
2018-07-12 00:00:00-04:00,52.21368907424088,52.42575201542113,52.21368907424088,52.30588912963867,9000,0.0,0.0,0.0
2018-07-13 00:00:00-04:00,52.186027178248146,52.37965292558104,52.13992714972383,52.26900863647461,19900,0.0,0.0,0.0
2018-07-16 00:00:00-04:00,52.60093724263075,52.674700105923996,52.44419643394296,52.5179557800293,8800,0.0,0.0,0.0
2018-07-17 00:00:00-04:00,52.45341707932982,52.75768362647279,52.45341707932982,52.6562614440918,16500,0.0,0.0,0.0
2018-07-18 00:00:00-04:00,52.481076054196144,52.55483891988693,52.324335240413745,52.46263885498047,5900,0.0,0.0,0.0
2018-07-19 00:00:00-04:00,52.05694984450407,52.186031341552734,51.99240909597974,52.186031341552734,4300,0.0,0.0,0.0
2018-07-20 00:00:00-04:00,52.130717035703924,52.37043933337164,52.130717035703924,52.315120697021484,8900,0.0,0.0,0.0
2018-07-23 00:00:00-04:00,52.2782338667486,52.2782338667486,52.093830224459566,52.15837097167969,57600,0.0,0.0,0.0
2018-07-24 00:00:00-04:00,52.57327433566687,52.702355820404236,52.32432996487053,52.37042999267578,9200,0.0,0.0,0.0
2018-07-25 00:00:00-04:00,52.545619942188296,53.09882736206055,52.30589414762519,53.09882736206055,8500,0.0,0.0,0.0
2018-07-26 00:00:00-04:00,52.63781507803556,52.79455587601473,52.37042999267578,52.37042999267578,8700,0.0,0.0,0.0
2018-07-27 00:00:00-04:00,52.674696749304594,52.794556118707895,52.49951171875,52.49951171875,16200,0.0,0.0,0.0
2018-07-30 00:00:00-04:00,52.822226487517106,52.87754512214953,52.71158218383789,52.71158218383789,4400,0.0,0.0,0.0
2018-07-31 00:00:00-04:00,52.73924049879172,52.776121930190854,52.60093688964844,52.60093688964844,12600,0.0,0.0,0.0
2018-08-01 00:00:00-04:00,52.54561955200448,52.84066397603972,52.481075286865234,52.481075286865234,4200,0.0,0.0,0.0
2018-08-02 00:00:00-04:00,51.89098563520269,52.075389276670755,51.89098563520269,52.02928924560547,2100,0.0,0.0,0.0
2018-08-03 00:00:00-04:00,51.89098704081131,52.08461280406147,51.89098704081131,51.973968505859375,15800,0.0,0.0,0.0
2018-08-06 00:00:00-04:00,51.72502042536248,51.87254262858079,51.7158018264393,51.76190185546875,3800,0.0,0.0,0.0
2018-08-07 00:00:00-04:00,52.13070748091763,52.13992607955059,51.94630385339852,51.964744567871094,36500,0.0,0.0,0.0
2018-08-08 00:00:00-04:00,51.92787018069362,52.07539239927257,51.8541108300077,51.91865158081055,53000,0.0,0.0,0.0
2018-08-09 00:00:00-04:00,52.121487715758136,52.3243320668981,51.87254333496094,51.87254333496094,72800,0.0,0.0,0.0
2018-08-10 00:00:00-04:00,51.07038763810493,51.254791259765625,50.87676541810415,51.254791259765625,30600,0.0,0.0,0.0
2018-08-13 00:00:00-04:00,50.92286934427078,51.01507292076603,50.71080639414191,50.76612854003906,17300,0.0,0.0,0.0
2018-08-14 00:00:00-04:00,50.563289171799696,50.68315207445221,50.49874842049614,50.581729888916016,18500,0.0,0.0,0.0
2018-08-15 00:00:00-04:00,49.779579382580785,49.99164235933147,49.641275759079036,49.908660888671875,48900,0.0,0.0,0.0
2018-08-16 00:00:00-04:00,50.157598231609335,50.397320492391835,50.157598231609335,50.23135757446289,13900,0.0,0.0,0.0
2018-08-17 00:00:00-04:00,50.074619517071845,50.53562686609484,50.074619517071845,50.48030471801758,11000,0.0,0.0,0.0
2018-08-20 00:00:00-04:00,50.64626407112043,50.89520844409058,50.64626407112043,50.885986328125,3000,0.0,0.0,0.0
2018-08-21 00:00:00-04:00,51.28245164867405,51.57749604264303,51.24557373733288,51.55905532836914,14000,0.0,0.0,0.0
2018-08-22 00:00:00-04:00,51.66970596088087,51.75268742670312,51.531402345441435,51.678924560546875,6200,0.0,0.0,0.0
2018-08-23 00:00:00-04:00,51.74346148485611,51.74346148485611,51.40231704711914,51.40231704711914,5100,0.0,0.0,0.0
2018-08-24 00:00:00-04:00,51.76190414620616,51.854107725552325,51.68814479993615,51.752685546875,16500,0.0,0.0,0.0
2018-08-27 00:00:00-04:00,51.9463037653816,52.46263321811891,51.9463037653816,52.45341110229492,38700,0.0,0.0,0.0
2018-08-28 00:00:00-04:00,52.59171982432584,52.59171982432584,52.333553314208984,52.333553314208984,6500,0.0,0.0,0.0
2018-08-29 00:00:00-04:00,52.32433488623213,52.58249787998836,52.32433488623213,52.54561996459961,8400,0.0,0.0,0.0
2018-08-30 00:00:00-04:00,52.37043216515173,52.41653219486934,52.17680993001368,52.29667282104492,13300,0.0,0.0,0.0
2018-08-31 00:00:00-04:00,52.24135037307209,52.24135037307209,51.79878375936908,52.02006530761719,3100,0.0,0.0,0.0
2018-09-04 00:00:00-04:00,51.38387896750452,51.59594192709411,51.171816007914934,51.58672332763672,170200,0.0,0.0,0.0
2018-09-05 00:00:00-04:00,51.64203594707721,51.64203594707721,51.28245081758043,51.383872985839844,25200,0.0,0.0,0.0
2018-09-06 00:00:00-04:00,51.22713681462649,51.28245544433594,50.950529597251744,51.28245544433594,3800,0.0,0.0,0.0
2018-09-07 00:00:00-04:00,50.54484581127255,50.93209381604858,50.53562721180009,50.673927307128906,117200,0.0,0.0,0.0
2018-09-10 00:00:00-04:00,51.12571763322332,51.48530281623421,51.098054799540655,51.107276916503906,10700,0.0,0.0,0.0
2018-09-11 00:00:00-04:00,50.95052649695699,51.181030152605416,50.95052649695699,51.11648941040039,26000,0.0,0.0,0.0
2018-09-12 00:00:00-04:00,51.41153576450118,51.586720800472165,51.328554304621974,51.46685791015625,5200,0.0,0.0,0.0
2018-09-13 00:00:00-04:00,51.81722629381386,51.81722629381386,51.61438193645921,51.752685546875,12400,0.0,0.0,0.0
2018-09-14 00:00:00-04:00,51.73424541566184,51.863326910998325,51.540623172657114,51.79878616333008,75600,0.0,0.0,0.0
2018-09-17 00:00:00-04:00,52.09383046257245,52.15837121008758,51.93708965209484,52.01084899902344,19300,0.0,0.0,0.0
2018-09-18 00:00:00-04:00,52.17681409252395,52.31511770991704,52.12149194212529,52.21369552612305,8400,0.0,0.0,0.0
2018-09-19 00:00:00-04:00,52.056949145985755,52.222912073451944,51.99240839832745,52.07538986206055,18700,0.0,0.0,0.0
2018-09-20 00:00:00-04:00,52.6101631563285,52.88676687922846,52.53640028771135,52.79456329345703,28100,0.0,0.0,0.0
2018-09-21 00:00:00-04:00,52.56405857481814,52.720802908954504,52.388877041095945,52.490299224853516,26300,0.0,0.0,0.0
2018-09-24 00:00:00-04:00,52.38886962927566,52.38886962927566,52.066165924072266,52.066165924072266,14200,0.0,0.0,0.0
2018-09-25 00:00:00-04:00,52.45341167725281,52.45341167725281,52.20446730537606,52.22290802001953,31700,0.0,0.0,0.0
2018-09-26 00:00:00-04:00,52.130708540496215,52.324330770583735,51.99240493774414,51.99240493774414,5200,0.0,0.0,0.0
2018-09-27 00:00:00-04:00,51.7987832781833,51.964746196431065,51.48529815673828,51.48529815673828,26400,0.0,0.0,0.0
2018-09-28 00:00:00-04:00,51.153373600913824,51.20869574745037,51.03351070868806,51.08883285522461,7600,0.0,0.0,0.0
2018-10-01 00:00:00-04:00,51.58672185881877,51.61438117361036,51.21791458129883,51.21791458129883,8000,0.0,0.0,0.0
2018-10-02 00:00:00-04:00,50.8583293039767,50.895210735085804,50.77534784258466,50.87677001953125,4200,0.0,0.0,0.0
2018-10-03 00:00:00-04:00,51.079614373424434,51.098051571772125,50.87677001953125,50.87677001953125,7300,0.0,0.0,0.0
2018-10-04 00:00:00-04:00,50.5356265177274,50.5356265177274,50.1114970864727,50.28668212890625,5800,0.0,0.0,0.0
2018-10-05 00:00:00-04:00,49.89021848468103,49.89021848468103,49.5398518962716,49.687374114990234,76500,0.0,0.0,0.0
2018-10-08 00:00:00-04:00,48.75614070050335,49.06962585449219,48.599396364905374,49.06962585449219,5900,0.0,0.0,0.0
2018-10-09 00:00:00-04:00,48.43343199588823,48.820680006274785,48.22136903287938,48.7008171081543,85600,0.0,0.0,0.0
2018-10-10 00:00:00-04:00,48.31357130152156,48.31357130152156,47.19793085034291,47.29013442993164,31300,0.0,0.0,0.0
2018-10-11 00:00:00-04:00,47.30857225516384,47.465313055077,46.66316130630682,46.976646423339844,15700,0.0,0.0,0.0
2018-10-12 00:00:00-04:00,47.22559345064877,47.244034166475856,46.82912685338368,47.16105270385742,8600,0.0,0.0,0.0
2018-10-15 00:00:00-04:00,46.958205240707386,47.07806812705113,46.718479468019886,46.995086669921875,13300,0.0,0.0,0.0
2018-10-16 00:00:00-04:00,47.972421210866706,48.10150269937429,47.953980495764654,48.06462478637695,11000,0.0,0.0,0.0
2018-10-17 00:00:00-04:00,47.89866709943678,48.01853000208884,47.732704162597656,47.732704162597656,4400,0.0,0.0,0.0
2018-10-18 00:00:00-04:00,47.6036147094684,47.69581476244371,46.94898167140009,47.17948532104492,128500,0.0,0.0,0.0
2018-10-19 00:00:00-04:00,46.73692006260926,47.1794866604266,46.73692006260926,46.930545806884766,66100,0.0,0.0,0.0
2018-10-22 00:00:00-04:00,46.76458139700981,46.80145930774316,46.53407774819522,46.561737060546875,9600,0.0,0.0,0.0
2018-10-23 00:00:00-04:00,45.51064576002015,45.94399379076776,45.37234214933693,45.75959014892578,13300,0.0,0.0,0.0
2018-10-24 00:00:00-04:00,45.50141922616593,45.50141922616593,44.524085998535156,44.524085998535156,30800,0.0,0.0,0.0
2018-10-25 00:00:00-04:00,45.05885184486895,45.298577606927736,44.9021110534668,44.9021110534668,53600,0.0,0.0,0.0
2018-10-26 00:00:00-04:00,44.71771654770439,45.104961064600296,44.52409428925644,44.911338806152344,77600,0.0,0.0,0.0
2018-10-29 00:00:00-04:00,45.65816744479071,45.65816744479071,44.84679354034438,45.07729721069336,17200,0.0,0.0,0.0
2018-10-30 00:00:00-04:00,45.09574089367038,45.54752966485295,45.09574089367038,45.455326080322266,119600,0.0,0.0,0.0
2018-10-31 00:00:00-04:00,45.93477296129464,46.156058041146764,45.84257289639368,45.91633224487305,86700,0.0,0.0,0.0
2018-11-01 00:00:00-04:00,46.70926453842677,47.2071533203125,46.63550519141052,47.2071533203125,25600,0.0,0.0,0.0
2018-11-02 00:00:00-04:00,47.57595579003054,47.64049653585911,47.13338916840315,47.3270149230957,23700,0.0,0.0,0.0
2018-11-05 00:00:00-05:00,46.98586966430627,46.98586966430627,46.80146601538434,46.87522888183594,28300,0.0,0.0,0.0
2018-11-06 00:00:00-05:00,46.9305491473487,47.25325288209979,46.9305491473487,47.22559356689453,26400,0.0,0.0,0.0
2018-11-07 00:00:00-05:00,47.4653129695415,47.75113877247636,47.4653129695415,47.74191665649414,14400,0.0,0.0,0.0
2018-11-08 00:00:00-05:00,47.67738359804718,47.67738359804718,47.17027617069774,47.188716888427734,9800,0.0,0.0,0.0
2018-11-09 00:00:00-05:00,46.89367112233662,46.89367112233662,46.62628599857105,46.88444900512695,3400,0.0,0.0,0.0
2018-11-12 00:00:00-05:00,45.99009668170607,45.99009668170607,45.372344970703125,45.372344970703125,10400,0.0,0.0,0.0
2018-11-13 00:00:00-05:00,45.58440522793357,45.888671765364876,45.492205165370294,45.54752731323242,17600,0.0,0.0,0.0
2018-11-14 00:00:00-05:00,45.87944976526465,45.943994029871135,45.36312378606833,45.61206817626953,7500,0.0,0.0,0.0
2018-11-15 00:00:00-05:00,44.82835200951703,45.28014074275698,44.67161120478912,45.17871856689453,17600,0.0,0.0,0.0
2018-11-16 00:00:00-05:00,44.985100486814794,45.160282023082,44.948219052693126,45.095741271972656,9600,0.0,0.0,0.0
2018-11-19 00:00:00-05:00,45.20637882622478,45.289360288464266,44.55174924478378,44.58863067626953,19400,0.0,0.0,0.0
2018-11-20 00:00:00-05:00,43.841795699777535,43.9985400184947,43.64817346830934,43.749595642089844,161300,0.0,0.0,0.0
2018-11-21 00:00:00-05:00,44.04463878908301,44.44110535678607,44.04463878908301,44.422664642333984,11100,0.0,0.0,0.0
2018-11-23 00:00:00-05:00,44.01698536327589,44.201385498046875,44.01698536327589,44.201385498046875,2400,0.0,0.0,0.0
2018-11-26 00:00:00-05:00,44.49642319003815,44.80990829572407,44.49642319003815,44.800689697265625,113000,0.0,0.0,0.0
2018-11-27 00:00:00-05:00,44.36734689255965,44.560972654877396,44.34890617628144,44.46876907348633,55600,0.0,0.0,0.0
2018-11-28 00:00:00-05:00,44.45954600042787,45.2248163043337,44.45954600042787,45.18793487548828,13900,0.0,0.0,0.0
2018-11-29 00:00:00-05:00,45.0404132505679,45.14183542258033,44.911331765172704,44.95743179321289,4300,0.0,0.0,0.0
2018-11-30 00:00:00-05:00,44.46876631456432,44.55174777406446,44.39500697123462,44.49642562866211,42200,0.0,0.0,0.0
2018-12-03 00:00:00-05:00,44.966654218081146,45.234039306640625,44.90211347494013,45.234039306640625,6800,0.0,0.0,0.0
2018-12-04 00:00:00-05:00,44.66239183338841,44.79147684882378,43.602077014222125,43.62051773071289,134400,0.0,0.0,0.0
2018-12-06 00:00:00-05:00,42.94744433971419,43.48221101093505,42.781481420354346,43.454551696777344,25000,0.0,0.0,0.0
2018-12-07 00:00:00-05:00,43.38078977335474,43.47299335121721,42.81836025861768,42.864463806152344,23500,0.0,0.0,0.0
2018-12-10 00:00:00-05:00,42.421895195475415,42.5048766599384,41.84102846144151,42.32047653198242,49900,0.0,0.0,0.0
2018-12-11 00:00:00-05:00,42.597080714054044,42.633962146937506,42.02543257318847,42.30203628540039,24300,0.0,0.0,0.0
2018-12-12 00:00:00-05:00,42.965879598062834,43.35312756482309,42.86446094499399,43.104183197021484,50000,0.0,0.0,0.0
2018-12-13 00:00:00-05:00,43.04885792388412,43.07652075198844,42.84601711528851,42.93821716308594,31400,0.0,0.0,0.0
2018-12-14 00:00:00-05:00,42.29280734994142,42.403451630753246,42.20060729980469,42.20060729980469,16700,0.0,0.0,0.0
2018-12-17 00:00:00-05:00,41.942451193607866,41.942451193607866,41.536762465473885,41.66584396362305,50300,0.0,0.0,0.0
2018-12-18 00:00:00-05:00,42.057601287092474,42.104237968614655,41.77777763980867,41.833740234375,42000,0.52,0.0,0.0
2018-12-19 00:00:00-05:00,42.244146199751086,42.3654008446604,41.479293333960364,41.50727462768555,23800,0.0,0.0,0.0
2018-12-20 00:00:00-05:00,41.5912234098917,41.6938262343972,41.236778259277344,41.236778259277344,71000,0.0,0.0,0.0
2018-12-21 00:00:00-05:00,41.40467876578682,41.46997083422004,40.76108399488034,40.77973937988281,116800,0.0,0.0,0.0
2018-12-24 00:00:00-05:00,40.77973088041103,40.87300422783214,40.30402755737305,40.30402755737305,26200,0.0,0.0,0.0
2018-12-26 00:00:00-05:00,40.36932154291691,41.22745132446289,40.26671872095648,41.22745132446289,127100,0.0,0.0,0.0
2018-12-27 00:00:00-05:00,40.70511070755891,41.096866607666016,40.48125324305505,41.096866607666016,68400,0.0,0.0,0.0
2018-12-28 00:00:00-05:00,41.73113394678392,41.86171805636609,41.54458369388793,41.61920166015625,117000,0.0,0.0,0.0
2018-12-31 00:00:00-05:00,41.843067465322385,42.113565185079786,41.843067465322385,41.90835952758789,35600,0.0,0.0,0.0
2019-01-02 00:00:00-05:00,41.73113413723762,41.89902545164511,41.67516799366836,41.87104415893555,16700,0.0,0.0,0.0
2019-01-03 00:00:00-05:00,41.68449390018309,41.68449390018309,41.4513069725644,41.52592849731445,3600,0.0,0.0,0.0
2019-01-04 00:00:00-05:00,42.16952686526357,42.906398475649304,42.16952686526357,42.84110641479492,7100,0.0,0.0,0.0
2019-01-07 00:00:00-05:00,43.36344899312519,43.65259854861552,43.30748284134448,43.61528778076172,20300,0.0,0.0,0.0
2019-01-08 00:00:00-05:00,44.044353424937164,44.044353424937164,43.83914776487637,43.95107650756836,18100,0.0,0.0,0.0
2019-01-09 00:00:00-05:00,44.62265376963454,44.809204036562726,44.57601709244009,44.71592712402344,14700,0.0,0.0,0.0
2019-01-10 00:00:00-05:00,44.529382706505274,44.73458480834961,44.529382706505274,44.73458480834961,9700,0.0,0.0,0.0
2019-01-11 00:00:00-05:00,44.69727035053963,44.734581114394246,44.548030853271484,44.548030853271484,4700,0.0,0.0,0.0
2019-01-14 00:00:00-05:00,44.156280388886735,44.454759396142165,44.13762500616446,44.342830657958984,8900,0.0,0.0,0.0
2019-01-15 00:00:00-05:00,44.36148245623341,44.36148245623341,44.03501862219793,44.314842224121094,5800,0.0,0.0,0.0
2019-01-16 00:00:00-05:00,44.47341186228618,44.603995974627885,44.45475648078734,44.53870391845703,10600,0.0,0.0,0.0
2019-01-17 00:00:00-05:00,44.557359971363766,44.84651305172762,44.51072329598902,44.76256561279297,19900,0.0,0.0,0.0
2019-01-18 00:00:00-05:00,45.17297382172002,45.17297382172002,45.061045087990784,45.0797004699707,14700,0.0,0.0,0.0
2019-01-22 00:00:00-05:00,44.96777182485898,45.03306388800858,44.753240251917376,44.82786178588867,11900,0.0,0.0,0.0
2019-01-23 00:00:00-05:00,45.10768611111218,45.14499687866785,44.94911712807593,45.11701202392578,5800,0.0,0.0,0.0
2019-01-24 00:00:00-05:00,45.1449956602806,45.200958251953125,44.96777129824951,45.200958251953125,15600,0.0,0.0,0.0
2019-01-25 00:00:00-05:00,45.583380443064954,45.81656737492165,45.5647250615384,45.667327880859375,60600,0.0,0.0,0.0
2019-01-28 00:00:00-05:00,45.406161771887476,45.50876459599014,45.387506389491506,45.43414306640625,34400,0.0,0.0,0.0
2019-01-29 00:00:00-05:00,45.797914494039894,45.797914494039894,45.59271240234375,45.59271240234375,6500,0.0,0.0,0.0
2019-01-30 00:00:00-05:00,45.77926801475664,46.10572835203819,45.63935440840694,46.012454986572266,6900,0.0,0.0,0.0
2019-01-31 00:00:00-05:00,45.89119539716327,45.95648746267356,45.75128179498368,45.84455871582031,12800,0.0,0.0,0.0
2019-02-01 00:00:00-05:00,45.807240436762974,45.853877110459216,45.65800094604492,45.65800094604492,8600,0.0,0.0,0.0
2019-02-04 00:00:00-05:00,45.80723983691937,45.881857802226214,45.676655729019835,45.87253189086914,6500,0.0,0.0,0.0
2019-02-05 00:00:00-05:00,45.97513961791992,46.04043167884462,45.947154764559,45.97513961791992,4600,0.0,0.0,0.0
2019-02-06 00:00:00-05:00,46.12438093736525,46.12438093736525,45.87253859611118,46.02177810668945,10800,0.0,0.0,0.0
2019-02-07 00:00:00-05:00,45.564731943539705,45.658008865260854,45.284908294677734,45.284908294677734,13200,0.0,0.0,0.0
2019-02-08 00:00:00-05:00,44.96777241547915,44.96777241547915,44.77189622345768,44.95844650268555,4900,0.0,0.0,0.0
2019-02-11 00:00:00-05:00,44.930461293732726,44.97710153178491,44.79987716674805,44.79987716674805,7400,0.0,0.0,0.0
2019-02-12 00:00:00-05:00,45.19163089079992,45.462128602381604,45.13566474277082,45.312889099121094,5900,0.0,0.0,0.0
2019-02-13 00:00:00-05:00,45.592709189749684,45.6206904825206,45.378177642822266,45.378177642822266,4800,0.0,0.0,0.0
2019-02-14 00:00:00-05:00,45.303560752579514,45.56472900022675,45.303560752579514,45.48078155517578,35000,0.0,0.0,0.0
2019-02-15 00:00:00-05:00,45.64867588478851,45.82590024335927,45.57405791129856,45.78858947753906,2300,0.0,0.0,0.0
2019-02-19 00:00:00-05:00,46.15235960603346,46.30159910811492,46.15235960603346,46.28294372558594,10300,0.0,0.0,0.0
2019-02-20 00:00:00-05:00,46.32025563912575,46.62806412126027,46.32025563912575,46.478824615478516,2600,0.0,0.0,0.0
2019-02-21 00:00:00-05:00,46.41352784513841,46.45083861019638,46.28294372558594,46.28294372558594,3700,0.0,0.0,0.0
2019-02-22 00:00:00-05:00,46.50680591089057,46.56276850171468,46.43218437892445,46.478824615478516,49200,0.0,0.0,0.0
2019-02-25 00:00:00-05:00,46.684026815225366,46.70268219825812,46.618734753686,46.63739013671875,3100,0.0,0.0,0.0
2019-02-26 00:00:00-05:00,46.82393995385143,47.103763580322266,46.82393995385143,47.103763580322266,15000,0.0,0.0,0.0
2019-02-27 00:00:00-05:00,46.982501751586604,47.019812514415285,46.982501751586604,47.0104866027832,2700,0.0,0.0,0.0
2019-02-28 00:00:00-05:00,46.98250217055406,47.10376037175351,46.87989935093532,46.88922882080078,20400,0.0,0.0,0.0
2019-03-01 00:00:00-05:00,47.514167553656115,47.68206242782965,47.38358344222119,47.542152404785156,104500,0.0,0.0,0.0
2019-03-04 00:00:00-05:00,47.57946283007363,47.57946283007363,47.28098382426083,47.41157150268555,4900,0.0,0.0,0.0
2019-03-05 00:00:00-05:00,47.39291043487,47.6913894048777,47.308963002170955,47.61676788330078,93600,0.0,0.0,0.0
2019-03-06 00:00:00-05:00,47.46753864216934,47.532830708564695,47.32762859624389,47.35560989379883,8000,0.0,0.0,0.0
2019-03-07 00:00:00-05:00,46.767973062330604,46.767973062330604,46.30159917290465,46.376220703125,9700,0.0,0.0,0.0
2019-03-08 00:00:00-05:00,46.068414159629235,46.24563852225756,45.956485417756454,46.23630905151367,13800,0.0,0.0,0.0
2019-03-11 00:00:00-04:00,46.19899476530242,46.73999016641601,46.19899476530242,46.64671325683594,1481200,0.0,0.0,0.0
2019-03-12 00:00:00-04:00,46.77730540551572,46.89856006234504,46.730665167188384,46.87057876586914,778200,0.0,0.0,0.0
2019-03-13 00:00:00-04:00,47.05712628495322,47.42089735040825,47.05712628495322,47.318294525146484,40700,0.0,0.0,0.0
2019-03-14 00:00:00-04:00,47.542154150226295,47.68206417840738,47.495513916015625,47.495513916015625,19500,0.0,0.0,0.0
2019-03-15 00:00:00-04:00,47.80332653690567,48.017858111946886,47.80332653690567,47.999202728271484,23100,0.0,0.0,0.0
2019-03-18 00:00:00-04:00,47.92458173068318,48.07382123252813,47.87794505350983,48.0365104675293,135800,0.0,0.0,0.0
2019-03-19 00:00:00-04:00,48.35364683834324,48.50288634631356,48.269699392725514,48.334991455078125,80600,0.0,0.0,0.0
2019-03-20 00:00:00-04:00,48.18575043872728,48.465574062643384,47.99920017006641,48.35364532470703,28200,0.0,0.0,0.0
2019-03-21 00:00:00-04:00,47.87794699081422,47.99920164474123,47.747359308034284,47.89659881591797,16100,0.0,0.0,0.0
2019-03-22 00:00:00-04:00,47.448877743991915,47.5701359495572,46.9451966557791,47.12241744995117,9900,0.0,0.0,0.0
2019-03-25 00:00:00-04:00,46.78662793389213,46.86124946329747,46.646714345332285,46.74931716918945,35400,0.0,0.0,0.0
2019-03-26 00:00:00-04:00,47.06644991125297,47.09443476287908,46.95452117919922,46.95452117919922,9400,0.0,0.0,0.0
2019-03-27 00:00:00-04:00,47.13174622981287,47.13174622981287,46.70268308635215,46.83326721191406,247300,0.0,0.0,0.0
2019-03-28 00:00:00-04:00,46.85191624338537,46.85191624338537,46.60007393902336,46.84259033203125,9800,0.0,0.0,0.0
2019-03-29 00:00:00-04:00,47.13174487552421,47.13174487552421,46.93586869280967,47.103763580322266,8000,0.0,0.0,0.0
2019-04-01 00:00:00-04:00,47.560814292691276,47.8126530802541,47.560814292691276,47.784671783447266,12300,0.0,0.0,0.0
2019-04-02 00:00:00-04:00,47.700723471918934,48.036513260128785,47.691397559202265,48.02718734741211,8100,0.0,0.0,0.0
2019-04-03 00:00:00-04:00,48.47490242654074,48.75472604406941,48.446917574082626,48.59615707397461,4000,0.0,0.0,0.0
2019-04-04 00:00:00-04:00,48.241719901351914,48.465577392605375,48.241719901351914,48.381629943847656,9100,0.0,0.0,0.0
2019-04-05 00:00:00-04:00,48.45624947177998,48.48423076748951,48.372302026500854,48.42826461791992,6400,0.0,0.0,0.0
2019-04-08 00:00:00-04:00,48.53086471557617,48.568175479856436,48.45624674516597,48.53086471557617,17600,0.0,0.0,0.0
2019-04-09 00:00:00-04:00,48.38162704734249,48.38162704734249,48.176424952336944,48.23238754272461,109200,0.0,0.0,0.0
2019-04-10 00:00:00-04:00,48.23238669211828,48.48422901887278,48.21373130960124,48.47490310668945,23000,0.0,0.0,0.0
2019-04-11 00:00:00-04:00,48.60548673486427,48.68943417626724,48.48422852880434,48.50288391113281,15800,0.0,0.0,0.0
2019-04-12 00:00:00-04:00,49.03454741020734,49.0811840846291,48.94127406136381,49.015892028808594,20100,0.0,0.0,0.0
2019-04-15 00:00:00-04:00,49.202441680953115,49.3050444983122,49.09983886359402,49.23042297363281,18800,0.0,0.0,0.0
2019-04-16 00:00:00-04:00,49.370341763449424,49.43563382535918,49.323705084678245,49.39832305908203,10200,0.0,0.0,0.0
2019-04-17 00:00:00-04:00,49.43563152156345,49.47294228610185,49.28639202156022,49.37966537475586,21600,0.0,0.0,0.0
2019-04-18 00:00:00-04:00,49.10917062986738,49.50092297830424,49.10917062986738,49.249080657958984,67800,0.0,0.0,0.0
2019-04-22 00:00:00-04:00,49.398322036568565,49.45428818482583,49.37034074151516,49.38899612426758,4300,0.0,0.0,0.0
2019-04-23 00:00:00-04:00,49.04387658006378,49.29571533203125,49.04387658006378,49.29571533203125,17700,0.0,0.0,0.0
2019-04-24 00:00:00-04:00,49.118499264763294,49.28639415430094,49.08118849861037,49.146480560302734,9700,0.0,0.0,0.0
2019-04-25 00:00:00-04:00,48.88530833512216,48.97858168476314,48.88530833512216,48.89463424682617,8400,0.0,0.0,0.0
2019-04-26 00:00:00-04:00,48.9132924215691,49.0625319244071,48.885311126708984,48.885311126708984,4400,0.0,0.0,0.0
2019-04-29 00:00:00-04:00,48.98791821696161,49.267741864375544,48.98791821696161,49.202449798583984,5800,0.0,0.0,0.0
2019-04-30 00:00:00-04:00,49.2490847675336,49.45429042897164,49.20244808761148,49.31437683105469,77400,0.0,0.0,0.0
2019-05-01 00:00:00-04:00,49.31436900427061,49.510248721896,49.06252670288086,49.06252670288086,9300,0.0,0.0,0.0
2019-05-02 00:00:00-04:00,48.931951328660695,48.969262096595216,48.69876436629596,48.82002258300781,10800,0.0,0.0,0.0
2019-05-03 00:00:00-04:00,49.071863237752915,49.37034225463867,49.071863237752915,49.37034225463867,6200,0.0,0.0,0.0
2019-05-06 00:00:00-04:00,48.31633987830922,48.801369206962384,48.31633987830922,48.77338790893555,34600,0.0,0.0,0.0
2019-05-07 00:00:00-04:00,48.34431669391798,48.55884824546168,47.933905414312434,48.11112976074219,11900,0.0,0.0,0.0
2019-05-08 00:00:00-04:00,48.213734459579044,48.316337291051,48.185753163050556,48.25104522705078,5200,0.0,0.0,0.0
2019-05-09 00:00:00-04:00,47.57013670521841,47.88727109224588,47.55148132266969,47.84996032714844,9300,0.0,0.0,0.0
2019-05-10 00:00:00-04:00,48.073822188737864,48.32566452026367,47.887271918183515,48.32566452026367,9800,0.0,0.0,0.0
2019-05-13 00:00:00-04:00,47.280981275144576,47.280981275144576,46.90788431706901,47.047794342041016,13700,0.0,0.0,0.0
2019-05-14 00:00:00-04:00,47.40224515578904,47.6167767329688,47.3649343880663,47.53282928466797,6200,0.0,0.0,0.0
2019-05-15 00:00:00-04:00,47.20636494223226,47.64475753026294,47.20636494223226,47.56081008911133,17900,0.0,0.0,0.0
2019-05-16 00:00:00-04:00,47.663411862465296,47.98054626148695,47.663411862465296,47.89659881591797,6400,0.0,0.0,0.0
2019-05-17 00:00:00-04:00,47.54215684320806,47.62610428813196,47.3276252746582,47.3276252746582,3800,0.0,0.0,0.0
2019-05-20 00:00:00-04:00,47.038470923603214,47.12241836629619,46.97317886352539,46.97317886352539,7800,0.0,0.0,0.0
2019-05-21 00:00:00-04:00,47.299637930541145,47.495514105667,47.24367534230537,47.40224075317383,8500,0.0,0.0,0.0
2019-05-22 00:00:00-04:00,47.35560881434229,47.40224549525437,47.24368006852317,47.25300598144531,8600,0.0,0.0,0.0
2019-05-23 00:00:00-04:00,46.57209964623872,46.749320453802426,46.54411834982093,46.712013244628906,2700,0.0,0.0,0.0
2019-05-24 00:00:00-04:00,47.019810104019875,47.2343416420619,46.87989652965985,47.17837905883789,10400,0.0,0.0,0.0
2019-05-28 00:00:00-04:00,47.20636349945561,47.20636349945561,46.609405517578125,46.609405517578125,2356300,0.0,0.0,0.0
2019-05-29 00:00:00-04:00,46.26429162672782,46.26429162672782,46.03110466579038,46.24563980102539,35800,0.0,0.0,0.0
2019-05-30 00:00:00-04:00,46.29227598912337,46.52546294758015,46.264291134566136,46.27362060546875,70500,0.0,0.0,0.0
2019-05-31 00:00:00-04:00,45.86320922250943,46.226983866081675,45.86320922250943,46.18034362792969,4400,0.0,0.0,0.0
2019-06-03 00:00:00-04:00,45.90052018613369,46.11505176157831,45.844557593152864,46.08707046508789,12200,0.0,0.0,0.0
2019-06-04 00:00:00-04:00,46.478821704060834,46.67469787597656,46.39487426493263,46.67469787597656,11700,0.0,0.0,0.0
2019-06-05 00:00:00-04:00,47.01049048573854,47.01049048573854,46.69335609180057,46.73066329956055,8600,0.0,0.0,0.0
2019-06-06 00:00:00-04:00,46.786629020871565,46.85192108154297,46.6747002823135,46.85192108154297,4600,0.0,0.0,0.0
2019-06-07 00:00:00-04:00,47.20636506598709,47.42089662545911,47.20636506598709,47.37425994873047,2000,0.0,0.0,0.0
2019-06-10 00:00:00-04:00,47.448881542523694,47.56081384499873,47.364934094742736,47.46753692626953,6400,0.0,0.0,0.0
2019-06-11 00:00:00-04:00,47.803322026963755,47.803322026963755,47.672737911706335,47.71004867553711,3700,0.0,0.0,0.0
2019-06-12 00:00:00-04:00,47.5608121338161,47.579463958740234,47.532827280128885,47.579463958740234,2000,0.0,0.0,0.0
2019-06-13 00:00:00-04:00,47.51417087590466,47.6634103791439,47.49551549323095,47.57013702392578,2300,0.0,0.0,0.0
2019-06-14 00:00:00-04:00,47.187713269818026,47.187713269818026,46.945200397508515,47.029144287109375,1400,0.0,0.0,0.0
2019-06-17 00:00:00-04:00,46.985726216959016,47.01466901796116,46.82170842364003,46.889244079589844,7500,1.675,0.0,0.0
2019-06-18 00:00:00-04:00,47.01466719097046,47.29445985784248,47.01466719097046,47.25586700439453,11200,0.0,0.0,0.0
2019-06-19 00:00:00-04:00,47.390941975169234,47.69967746578918,47.381295601269954,47.60319900512695,5400,0.0,0.0,0.0
2019-06-20 00:00:00-04:00,48.17242864148731,48.182075014963154,47.90228601915722,48.037357330322266,3700,0.0,0.0,0.0
2019-06-21 00:00:00-04:00,47.87333910153996,48.01806046527895,47.83474992757111,47.99876403808594,13900,0.0,0.0,0.0
2019-06-24 00:00:00-04:00,48.03736027475351,48.114542308542724,47.960174560546875,47.960174560546875,6100,0.0,0.0,0.0
2019-06-25 00:00:00-04:00,48.00841143574854,48.00841143574854,47.71897238251246,47.72862243652344,22300,0.0,0.0,0.0
2019-06-26 00:00:00-04:00,47.79615839586164,47.863694052697525,47.7672119140625,47.7672119140625,4600,0.0,0.0,0.0
2019-06-27 00:00:00-04:00,47.90228583696066,47.99876429302096,47.90228583696066,47.93122863769531,1400,0.0,0.0,0.0
2019-06-28 00:00:00-04:00,48.220671825226404,48.432928863278384,48.21102545095927,48.42327880859375,12500,0.0,0.0,0.0
2019-07-01 00:00:00-04:00,48.61623789900298,48.61623789900298,48.37503806526677,48.548702239990234,5000,0.0,0.0,0.0
2019-07-02 00:00:00-04:00,48.47152046558235,48.53905612495537,48.43292760867852,48.48116683959961,4100,0.0,0.0,0.0
2019-07-03 00:00:00-04:00,48.82849363884495,48.88637924194336,48.77060435532925,48.88637924194336,1900,0.0,0.0,0.0
2019-07-05 00:00:00-04:00,48.44257497707307,48.490814208984375,48.220671565947114,48.490814208984375,7600,0.0,0.0,0.0
2019-07-08 00:00:00-04:00,48.20137331623864,48.307501830684856,48.12419128417969,48.12419128417969,4000,0.0,0.0,0.0
2019-07-09 00:00:00-04:00,47.62249254357528,47.80580307987702,47.62249254357528,47.78650665283203,5900,0.0,0.0,0.0
2019-07-10 00:00:00-04:00,48.09524249363382,48.09524249363382,47.940874756506915,47.99876403808594,9300,0.0,0.0,0.0
2019-07-11 00:00:00-04:00,48.04700613067791,48.21102393138951,47.979470471684124,48.095245361328125,20300,0.0,0.0,0.0
2019-07-12 00:00:00-04:00,48.22066641289217,48.37503414676246,48.191723612921834,48.26890563964844,2400,0.0,0.0,0.0
2019-07-15 00:00:00-04:00,48.384685078393275,48.48116353365658,48.33644217034447,48.346092224121094,4800,0.0,0.0,0.0
2019-07-16 00:00:00-04:00,48.06629900006985,48.14348470772908,48.018059772991386,48.027706146240234,3000,0.0,0.0,0.0
2019-07-17 00:00:00-04:00,47.89263942022014,47.998767938196515,47.825103759765625,47.825103759765625,5400,0.0,0.0,0.0
2019-07-18 00:00:00-04:00,47.61284198500118,47.92157745361328,47.61284198500118,47.92157745361328,8900,0.0,0.0,0.0
2019-07-19 00:00:00-04:00,47.88298948207956,47.931228710182666,47.73826811735305,47.757564544677734,4200,0.0,0.0,0.0
2019-07-22 00:00:00-04:00,47.950526497716965,48.05665501080465,47.882990840373395,47.979469299316406,6600,0.0,0.0,0.0
2019-07-23 00:00:00-04:00,48.02771208510339,48.09524774744778,47.97947285205991,48.0470085144043,15000,0.0,0.0,0.0
2019-07-24 00:00:00-04:00,48.1724295635876,48.23031884680237,48.14348676218885,48.22066879272461,11700,0.0,0.0,0.0
2019-07-25 00:00:00-04:00,48.32679681980253,48.32679681980253,48.04700414103324,48.075950622558594,64400,0.0,0.0,0.0
2019-07-26 00:00:00-04:00,48.162780718387296,48.162780718387296,47.979470170898686,48.05665588378906,8200,0.0,0.0,0.0
2019-07-29 00:00:00-04:00,47.93122863769531,48.00841066646012,47.796157327044014,47.93122863769531,25300,0.0,0.0,0.0
2019-07-30 00:00:00-04:00,47.28481770271698,47.28481770271698,47.18833923339844,47.18833923339844,2200,0.0,0.0,0.0
2019-07-31 00:00:00-04:00,47.37164801738193,47.37164801738193,46.754177003940974,46.92784118652344,9200,0.0,0.0,0.0
2019-08-01 00:00:00-04:00,47.255870499282324,47.255870499282324,46.57086386179723,46.763824462890625,12300,0.0,0.0,0.0
2019-08-02 00:00:00-04:00,46.68663965144886,46.68663965144886,46.358607727383486,46.49367904663086,14400,0.0,0.0,0.0
2019-08-05 00:00:00-04:00,45.895504423037856,45.9051544774955,45.355215466349435,45.48064041137695,20000,0.0,0.0,0.0
2019-08-06 00:00:00-04:00,46.02093007423114,46.02093007423114,45.635008859186605,45.905155181884766,9000,0.0,0.0,0.0
2019-08-07 00:00:00-04:00,45.62536489222362,45.963043212890625,45.538532798278155,45.963043212890625,3700,0.0,0.0,0.0
2019-08-08 00:00:00-04:00,46.36825712726154,46.37790350117842,46.24283218383789,46.24283218383789,7900,0.0,0.0,0.0
2019-08-09 00:00:00-04:00,46.040224416354825,46.040224416354825,45.89550304716793,45.991981506347656,2600,0.0,0.0,0.0
2019-08-12 00:00:00-04:00,45.61571099080181,45.63500741898681,45.40345764160156,45.40345764160156,9800,0.0,0.0,0.0
2019-08-13 00:00:00-04:00,45.20084454522958,45.731487090621314,45.20084454522958,45.62535858154297,38600,0.0,0.0,0.0
2019-08-14 00:00:00-04:00,44.68950374356113,44.70880017141069,44.40971106036853,44.41936111450195,3800,0.0,0.0,0.0
2019-08-15 00:00:00-04:00,44.274640819186494,44.351826532455924,44.12027307306502,44.25534439086914,5500,0.0,0.0,0.0
2019-08-16 00:00:00-04:00,44.54478295537284,44.88246492651452,44.50619377958815,44.8438720703125,5400,0.0,0.0,0.0
2019-08-19 00:00:00-04:00,45.422756322185734,45.45169912568975,45.35521697998047,45.35521697998047,9900,0.0,0.0,0.0
2019-08-20 00:00:00-04:00,45.32627470049763,45.36486755922751,45.22014617919922,45.22014617919922,1900,0.0,0.0,0.0
2019-08-21 00:00:00-04:00,45.92444831764269,45.92444831764269,45.77008056640625,45.77008056640625,13200,0.0,0.0,0.0
2019-08-22 00:00:00-04:00,45.88585619161523,45.963038222065144,45.69289559486456,45.84726333618164,9400,0.0,0.0,0.0
2019-08-23 00:00:00-04:00,45.77007777824972,46.10775974379604,45.499935150146484,45.499935150146484,30600,0.0,0.0,0.0
2019-08-26 00:00:00-04:00,45.55782586617032,45.721839986843044,45.54817581176758,45.54817581176758,33100,0.0,0.0,0.0
2019-08-27 00:00:00-04:00,45.96304543889479,45.96304543889479,45.770084811846644,45.808677673339844,4500,0.0,0.0,0.0
2019-08-28 00:00:00-04:00,45.442046861027826,45.55782543024857,45.413104058931324,45.50958251953125,14200,0.0,0.0,0.0
2019-08-29 00:00:00-04:00,45.77973088228297,45.808673685674464,45.702545166015625,45.702545166015625,3400,0.0,0.0,0.0
2019-08-30 00:00:00-04:00,46.11741283360915,46.11741283360915,45.91480583302584,46.04987716674805,2900,0.0,0.0,0.0
2019-09-03 00:00:00-04:00,45.48063652846036,45.72183634346527,45.48063652846036,45.654300689697266,7100,0.0,0.0,0.0
2019-09-04 00:00:00-04:00,46.34896320976625,46.58051300048828,46.34896320976625,46.58051300048828,12600,0.0,0.0,0.0
2019-09-05 00:00:00-04:00,47.03396639873072,47.03396639873072,46.7831201973211,46.79276657104492,4800,0.0,0.0,0.0
2019-09-06 00:00:00-04:00,46.92783832308791,46.95678112494644,46.83135986328125,46.83135986328125,2000,0.0,0.0,0.0
2019-09-09 00:00:00-04:00,47.05326036469697,47.05326036469697,46.92783543034594,47.01466751098633,3400,0.0,0.0,0.0
2019-09-10 00:00:00-04:00,46.82170742901331,46.96642879178417,46.783118255302604,46.87959671020508,10600,0.0,0.0,0.0
2019-09-11 00:00:00-04:00,47.16903579888097,47.33305358886719,47.12079657138519,47.33305358886719,4400,0.0,0.0,0.0
2019-09-12 00:00:00-04:00,47.265522390534194,47.61284706950022,47.25587233587493,47.58390426635742,11900,0.0,0.0,0.0
2019-09-13 00:00:00-04:00,47.93122838311899,48.10489254743891,47.93122838311899,47.99876403808594,15300,0.0,0.0,0.0
2019-09-16 00:00:00-04:00,47.69002983748672,47.73826906654898,47.622494180716096,47.66108703613281,4500,0.0,0.0,0.0
2019-09-17 00:00:00-04:00,47.57425444127444,47.79615783691406,47.56460438731516,47.79615783691406,32500,0.0,0.0,0.0
2019-09-18 00:00:00-04:00,47.863694926614485,48.0373590989111,47.7961592685455,47.844398498535156,144100,0.0,0.0,0.0
2019-09-19 00:00:00-04:00,48.13384017128218,48.23996869126978,47.99876884781343,48.00841522216797,113200,0.0,0.0,0.0
2019-09-20 00:00:00-04:00,47.882988043343495,48.06629857679426,47.70932388305664,47.70932388305664,9000,0.0,0.0,0.0
2019-09-23 00:00:00-04:00,47.26551530970978,47.45847220897829,47.2269224576893,47.44882583618164,6100,0.0,0.0,0.0
2019-09-24 00:00:00-04:00,47.62249489659259,47.62249489659259,47.275166553455534,47.284812927246094,3100,0.0,0.0,0.0
2019-09-25 00:00:00-04:00,46.73487845833853,46.94713548975342,46.63839999701397,46.90854263305664,153900,0.0,0.0,0.0
2019-09-26 00:00:00-04:00,46.86030197143555,46.86030197143555,46.86030197143555,46.86030197143555,200,0.0,0.0,0.0
2019-09-27 00:00:00-04:00,47.033965445434994,47.15939038380631,46.841004851113865,46.889244079589844,7100,0.0,0.0,0.0
2019-09-30 00:00:00-04:00,46.94713679422738,47.13044734800447,46.91819399110929,47.024322509765625,15600,0.0,0.0,0.0
2019-10-01 00:00:00-04:00,46.98573056419857,47.02432342271695,46.705937860566664,46.75417709350586,13400,0.0,0.0,0.0
2019-10-02 00:00:00-04:00,46.16565020529083,46.16565020529083,45.74113979067835,45.963043212890625,251700,0.0,0.0,0.0
2019-10-03 00:00:00-04:00,45.943742154227884,46.05952072143555,45.93409578050256,46.05952072143555,1400,0.0,0.0,0.0
2019-10-04 00:00:00-04:00,46.146353818847295,46.52262496948242,46.146353818847295,46.52262496948242,4000,0.0,0.0,0.0
2019-10-07 00:00:00-04:00,46.348963732554225,46.44544219970703,46.3200172480743,46.44544219970703,5600,0.0,0.0,0.0
2019-10-08 00:00:00-04:00,45.87620580665334,46.088462829589844,45.837612951498116,46.088462829589844,5200,0.0,0.0,0.0
2019-10-09 00:00:00-04:00,46.06916665820289,46.06916665820289,46.02092742919922,46.02092742919922,900,0.0,0.0,0.0
2019-10-10 00:00:00-04:00,46.17529786713257,46.55156902792151,46.17529786713257,46.46473693847656,7900,0.0,0.0,0.0
2019-10-11 00:00:00-04:00,47.873339283931756,48.11453910413756,47.873339283931756,48.10489273071289,16600,0.0,0.0,0.0
2019-10-14 00:00:00-04:00,47.632142893924446,47.90228921469305,47.632142893924446,47.89263916015625,10700,0.0,0.0,0.0
2019-10-15 00:00:00-04:00,48.182074293579504,48.84778814637899,48.04700298443675,48.69342041015625,22600,0.0,0.0,0.0
2019-10-16 00:00:00-04:00,48.780255440266,48.828494670673145,48.61623764038086,48.61623764038086,4100,0.0,0.0,0.0
2019-10-17 00:00:00-04:00,49.224059132300106,49.224059132300106,48.94426646106804,49.040748596191406,3900,0.0,0.0,0.0
2019-10-18 00:00:00-04:00,49.117932361706494,49.272300102948414,48.92497176504978,49.12757873535156,34000,0.0,0.0,0.0
2019-10-21 00:00:00-04:00,49.503850970321835,49.60032942340422,49.3205367568814,49.41701889038086,5000,0.0,0.0,0.0
2019-10-22 00:00:00-04:00,49.39772329510504,49.39772329510504,49.040748596191406,49.040748596191406,3600,0.0,0.0,0.0
2019-10-23 00:00:00-04:00,49.137229661857845,49.20476531982422,49.137229661857845,49.20476531982422,900,0.0,0.0,0.0
2019-10-24 00:00:00-04:00,49.3012430849933,49.3012430849933,49.137228969505195,49.233707427978516,5100,0.0,0.0,0.0
2019-10-25 00:00:00-04:00,49.214412689208984,49.26265560051859,49.214412689208984,49.214412689208984,2500,0.0,0.0,0.0
2019-10-28 00:00:00-04:00,49.4556123593843,49.58103730362024,49.4556123593843,49.56174087524414,5800,0.0,0.0,0.0
2019-10-29 00:00:00-04:00,49.43631550274073,49.52314758300781,49.43631550274073,49.52314758300781,3100,0.0,0.0,0.0
2019-10-30 00:00:00-04:00,49.339833924655615,49.523148140849386,49.24335547012414,49.49420166015625,5600,0.0,0.0,0.0
2019-10-31 00:00:00-04:00,49.46526167737992,49.51350090739332,49.46526167737992,49.48455810546875,1100,0.0,0.0,0.0
2019-11-01 00:00:00-04:00,49.87047382514761,50.05378804516325,49.87047382514761,49.957305908203125,1500,0.0,0.0,0.0
2019-11-04 00:00:00-05:00,50.30463360706458,50.30463360706458,50.08273021547597,50.159915924072266,4900,0.0,0.0,0.0
2019-11-05 00:00:00-05:00,50.111669013154305,50.111669013154305,49.93800486310181,50.05378341674805,5900,0.0,0.0,0.0
2019-11-06 00:00:00-05:00,50.1213265294274,50.1213265294274,49.947662353515625,49.947662353515625,1800,0.0,0.0,0.0
2019-11-07 00:00:00-05:00,50.28534148013631,50.38182362413248,50.28534148013631,50.30463790893555,1000,0.0,0.0,0.0
2019-11-08 00:00:00-05:00,50.21780607964575,50.26604531168495,50.102031186668164,50.23710250854492,3700,0.0,0.0,0.0
2019-11-11 00:00:00-05:00,50.35287688062661,50.38182336388468,50.27569484624583,50.37217330932617,1800,0.0,0.0,0.0
2019-11-12 00:00:00-05:00,50.304633098121876,50.39146517920563,50.28533667116803,50.294986724853516,4400,0.0,0.0,0.0
2019-11-13 00:00:00-05:00,50.07308739144267,50.246751567677016,50.07308739144267,50.227455139160156,2900,0.0,0.0,0.0
2019-11-14 00:00:00-05:00,50.130974683725505,50.23710320393128,50.10203188018485,50.208160400390625,12300,0.0,0.0,0.0
2019-11-15 00:00:00-05:00,50.54583259146845,50.60372187196012,50.47829693777005,50.53618621826172,2700,0.0,0.0,0.0
2019-11-18 00:00:00-05:00,50.6905541884743,50.87386472359234,50.58442568062071,50.74843978881836,2600,0.0,0.0,0.0
2019-11-19 00:00:00-05:00,50.989643874757434,51.08612601743915,50.758094093156146,50.78703689575195,54500,0.0,0.0,0.0
2019-11-20 00:00:00-05:00,50.58443095524445,50.651966616299454,50.43970957845946,50.51689529418945,4200,0.0,0.0,0.0
2019-11-21 00:00:00-05:00,50.51689299022785,50.51689299022785,50.28533953401599,50.3914680480957,1600,0.0,0.0,0.0
2019-11-22 00:00:00-05:00,50.42041172139482,50.54583666569472,50.372172490638675,50.46865463256836,5800,0.0,0.0,0.0
2019-11-25 00:00:00-05:00,50.82562949369433,50.8931651530185,50.72915103192192,50.85457229614258,2500,0.0,0.0,0.0
2019-11-26 00:00:00-05:00,51.1440102025829,51.19225311279297,51.10542102699908,51.19225311279297,1500,0.0,0.0,0.0
2019-11-27 00:00:00-05:00,51.298380982947705,51.41415955780499,51.19225614328816,51.39486312866211,6400,0.0,0.0,0.0
2019-11-29 00:00:00-05:00,51.20190117677104,51.221197605408584,51.17295837402344,51.17295837402344,600,0.0,0.0,0.0
2019-12-02 00:00:00-05:00,51.201899385752284,51.201899385752284,50.806331813562984,50.91246032714844,23900,0.0,0.0,0.0
2019-12-03 00:00:00-05:00,50.555487114150665,50.81597969834775,50.47830140000529,50.78703689575195,4800,0.0,0.0,0.0
2019-12-04 00:00:00-05:00,51.34661939273429,51.491337077987346,51.30802653783326,51.42380142211914,1800,0.0,0.0,0.0
2019-12-05 00:00:00-05:00,51.6360604968213,51.6360604968213,51.481692751496375,51.616764068603516,2700,0.0,0.0,0.0
2019-12-06 00:00:00-05:00,51.84831905235884,52.05092603398096,51.80007614018622,51.94479751586914,4300,0.0,0.0,0.0
2019-12-09 00:00:00-05:00,51.8193752134607,51.87726450277162,51.62641459617531,51.82902526855469,20000,0.0,0.0,0.0
2019-12-10 00:00:00-05:00,51.80007471297858,51.973738886846256,51.80007471297858,51.89655685424805,3000,0.0,0.0,0.0
2019-12-11 00:00:00-05:00,51.74218859492922,52.04127402885179,51.74218859492922,52.0316276550293,4800,0.0,0.0,0.0
2019-12-12 00:00:00-05:00,52.099162798468136,52.37895548198228,51.98338791165505,52.16669845581055,4400,0.0,0.0,0.0
2019-12-13 00:00:00-05:00,53.24727600636918,53.33410809705062,53.0736118250063,53.20868682861328,4200,0.0,0.0,0.0
2019-12-16 00:00:00-05:00,53.83654698613076,54.07053206370724,53.83654698613076,53.963287353515625,11000,0.574,0.0,0.0
2019-12-17 00:00:00-05:00,53.466068518977714,53.57331323367176,53.38807101042716,53.524566650390625,11100,0.0,0.0,0.0
2019-12-18 00:00:00-05:00,53.163835299274616,53.290579394794975,53.163835299274616,53.271080017089844,2400,0.0,0.0,0.0
2019-12-19 00:00:00-05:00,53.3295794296184,53.3295794296184,53.202835331057365,53.26133346557617,27600,0.0,0.0,0.0
2019-12-20 00:00:00-05:00,53.33932223900355,53.446566949298095,53.232077528709006,53.300323486328125,11000,0.0,0.0,0.0
2019-12-23 00:00:00-05:00,53.53431726471344,53.661061363139446,53.46607130074391,53.59281539916992,8600,0.0,0.0,0.0
2019-12-24 00:00:00-05:00,53.86579575268873,53.86579575268873,53.54406161278638,53.68055725097656,2300,0.0,0.0,0.0
2019-12-26 00:00:00-05:00,53.83654936226289,54.06078662113969,53.817049985083266,53.91454315185547,11900,0.0,0.0,0.0
2019-12-27 00:00:00-05:00,54.402018697535865,54.43126962409072,54.10953546586989,54.168033599853516,42200,0.0,0.0,0.0
2019-12-30 00:00:00-05:00,54.275268828303446,54.275268828303446,54.00228500366211,54.00228500366211,4400,0.0,0.0,0.0
2019-12-31 00:00:00-05:00,54.1095335690975,54.39226896141815,53.99254102435742,54.36301803588867,5000,0.0,0.0,0.0
2020-01-02 00:00:00-05:00,54.76274643137057,54.88949052539011,54.60675513070267,54.81149673461914,60300,0.0,0.0,0.0
2020-01-03 00:00:00-05:00,54.11928329530413,54.43126962409072,54.11928329530413,54.168033599853516,13000,0.0,0.0,0.0
2020-01-06 00:00:00-05:00,53.67080977998171,54.11928432501089,53.67080977998171,54.099788665771484,8600,0.0,0.0,0.0
2020-01-07 00:00:00-05:00,53.91454315185547,54.08028599831931,53.84629719128974,53.91454315185547,10100,0.0,0.0,0.0
2020-01-08 00:00:00-05:00,53.95354326194694,54.119282393449524,53.92429605500555,53.934043884277344,6700,0.0,0.0,0.0
2020-01-09 00:00:00-05:00,53.953539524919,54.06078423511062,53.86579419104638,53.963287353515625,11000,0.0,0.0,0.0
2020-01-10 00:00:00-05:00,54.00228903491977,54.00228903491977,53.70005798339844,53.70005798339844,2600,0.0,0.0,0.0
2020-01-13 00:00:00-05:00,53.87554099912622,54.09003041544657,53.81704659040299,54.031532287597656,6800,0.0,0.0,0.0
2020-01-14 00:00:00-05:00,53.99253996385526,54.18753001400943,53.76830270787201,54.070533752441406,14100,0.0,0.0,0.0
2020-01-15 00:00:00-05:00,54.07053580883853,54.158281148788724,53.934043884277344,53.934043884277344,7900,0.0,0.0,0.0
2020-01-16 00:00:00-05:00,54.08028723206581,54.324023873682656,54.021789099192404,54.23627853393555,5900,0.0,0.0,0.0
2020-01-17 00:00:00-05:00,54.34352127441565,54.45076226876004,54.32402189750052,54.402015686035156,5300,0.0,0.0,0.0
2020-01-21 00:00:00-05:00,54.177780074128854,54.285024790853264,54.119281941608456,54.14853286743164,7600,0.0,0.0,0.0
2020-01-22 00:00:00-05:00,54.32402530657056,54.32402530657056,54.19728120823144,54.28502655029297,2800,0.0,0.0,0.0
2020-01-23 00:00:00-05:00,53.904796677335945,53.934043884277344,53.61231345054397,53.934043884277344,5800,0.0,0.0,0.0
2020-01-24 00:00:00-05:00,54.099787112857776,54.19728028276087,53.680559787847606,53.6903076171875,9300,0.0,0.0,0.0
2020-01-27 00:00:00-05:00,52.617865568495354,52.83235127671864,52.569115266551734,52.71535873413086,11100,0.0,0.0,0.0
2020-01-28 00:00:00-05:00,52.72511151592595,53.046841945352234,52.66661338370028,53.03709411621094,3300,0.0,0.0,0.0
2020-01-29 00:00:00-05:00,53.066341727206115,53.2125851993219,53.04684234964894,53.15408706665039,4400,0.0,0.0,0.0
2020-01-30 00:00:00-05:00,52.851850695221515,53.076087951660156,52.793356283444574,53.076087951660156,28600,0.0,0.0,0.0
2020-01-31 00:00:00-05:00,52.949345506940986,52.949345506940986,52.52036666870117,52.52036666870117,9100,0.0,0.0,0.0
2020-02-03 00:00:00-05:00,52.364377501548496,52.55936755237102,52.325378747558815,52.413124084472656,31400,0.0,0.0,0.0
2020-02-04 00:00:00-05:00,53.28083071110167,53.36857604980469,53.24183195631678,53.36857604980469,3600,0.0,0.0,0.0
2020-02-05 00:00:00-05:00,53.81705331858326,53.81705331858326,53.67080984024053,53.768306732177734,4600,0.0,0.0,0.0
2020-02-06 00:00:00-05:00,53.709805639392975,53.709805639392975,53.602560923730735,53.670806884765625,1200,0.0,0.0,0.0
2020-02-07 00:00:00-05:00,53.24183311006282,53.24183311006282,52.99809646606445,52.99809646606445,4900,0.0,0.0,0.0
2020-02-10 00:00:00-05:00,53.08583880559001,53.232078552246094,53.08583880559001,53.232078552246094,1800,0.0,0.0,0.0
2020-02-11 00:00:00-05:00,53.768305702773375,53.91454545919018,53.768305702773375,53.836551666259766,1800,0.0,0.0,0.0
2020-02-12 00:00:00-05:00,54.22652713949028,54.29477310180664,54.15828117717392,54.29477310180664,5200,0.0,0.0,0.0
2020-02-13 00:00:00-05:00,53.93404428695173,54.20702813811222,53.92429645760716,54.0510368347168,5800,0.0,0.0,0.0
2020-02-14 00:00:00-05:00,54.30452688404082,54.30452688404082,54.18753433227539,54.18753433227539,1600,0.0,0.0,0.0
2020-02-18 00:00:00-05:00,54.04128485879162,54.04128485879162,53.846294814727386,53.963287353515625,10600,0.0,0.0,0.0
2020-02-19 00:00:00-05:00,54.31427375793812,54.31427375793812,54.216780586370234,54.28502655029297,2600,0.0,0.0,0.0
2020-02-20 00:00:00-05:00,54.23627853393555,54.324023873682656,53.992541892318705,54.23627853393555,1700,0.0,0.0,0.0
2020-02-21 00:00:00-05:00,54.2167744196664,54.265520999905824,53.92429121910416,54.00228500366211,168900,0.0,0.0,0.0
2020-02-24 00:00:00-05:00,51.73066296739585,51.90615363607427,51.535672922294744,51.64291763305664,18700,0.0,0.0,0.0
2020-02-25 00:00:00-05:00,51.64292127390538,51.64292127390538,50.56072998046875,50.56072998046875,13600,0.0,0.0,0.0
2020-02-26 00:00:00-05:00,50.75572074687685,51.145697150883265,50.29749466006507,50.40473937988281,20300,0.0,0.0,0.0
2020-02-27 00:00:00-05:00,49.32254449156899,49.6540264564351,48.7473258972168,48.7473258972168,22300,0.0,0.0,0.0
2020-02-28 00:00:00-05:00,47.65538921467125,48.48409230859448,47.40190102465582,48.36709976196289,34000,0.0,0.0,0.0
2020-03-02 00:00:00-05:00,48.24035333924495,48.961815400100484,47.91862292175084,48.776573181152344,22000,0.0,0.0,0.0
2020-03-03 00:00:00-05:00,49.71252783709317,49.985511689847705,48.6693315730825,48.93256759643555,16100,0.0,0.0,0.0
2020-03-04 00:00:00-05:00,49.39079024934577,50.16099888797835,49.26404616117345,50.04400634765625,13300,0.0,0.0,0.0
2020-03-05 00:00:00-05:00,48.50359095048817,48.93256609438101,48.08436363569759,48.16236114501953,2500,0.0,0.0,0.0
2020-03-06 00:00:00-05:00,47.29465480889263,47.762632418844575,47.19716164297607,47.626136779785156,9100,0.0,0.0,0.0
2020-03-09 00:00:00-04:00,45.00353595252292,45.403263919042274,43.73610608690981,43.862850189208984,42700,0.0,0.0,0.0
2020-03-10 00:00:00-04:00,45.38376122022719,45.38376122022719,43.823848225761914,45.06203079223633,15200,0.0,0.0,0.0
2020-03-11 00:00:00-04:00,43.82385031214601,43.843349690395904,42.17618818172816,42.51742172241211,17100,0.0,0.0,0.0
2020-03-12 00:00:00-04:00,38.74437695919747,38.78337199408382,37.262457778865404,38.02291488647461,10200,0.0,0.0,0.0
2020-03-13 00:00:00-04:00,39.60232852375696,39.60232852375696,37.56469004926359,39.39759063720703,44300,0.0,0.0,0.0
2020-03-16 00:00:00-04:00,33.42116833428384,35.66354849471105,33.42116833428384,34.9030876159668,13200,0.0,0.0,0.0
2020-03-17 00:00:00-04:00,33.674654631983636,34.591103047441955,33.33342110899714,34.37661361694336,37100,0.0,0.0,0.0
2020-03-18 00:00:00-04:00,31.841754633306618,32.36822667048714,31.149543465417036,31.422527313232422,12200,0.0,0.0,0.0
2020-03-19 00:00:00-04:00,31.227534106204768,32.329224653799315,30.944800598124846,32.26097869873047,189100,0.0,0.0,0.0
2020-03-20 00:00:00-04:00,33.24567484461735,33.34317172809363,32.06599044799805,32.06599044799805,13500,0.0,0.0,0.0
2020-03-23 00:00:00-04:00,32.25123088413366,32.69970536595459,31.617514193511234,31.92949676513672,140800,0.0,0.0,0.0
2020-03-24 00:00:00-04:00,33.8696431936706,34.63010027685661,33.82089289315805,34.29861831665039,13600,0.0,0.0,0.0
2020-03-25 00:00:00-04:00,34.95182991001008,36.26800989286182,34.756843588810426,35.78053665161133,3400,0.0,0.0,0.0
2020-03-26 00:00:00-04:00,36.20951483268427,37.652435302734375,36.20951483268427,37.652435302734375,13300,0.0,0.0,0.0
2020-03-27 00:00:00-04:00,36.21926567809624,37.16496129888153,36.10226941478443,36.75548553466797,49200,0.0,0.0,0.0
2020-03-30 00:00:00-04:00,36.42400403786237,36.90172576904297,36.30701149214226,36.90172576904297,47000,0.0,0.0,0.0
2020-03-31 00:00:00-04:00,37.194210795193264,37.59393871500209,36.979721373155336,37.398948669433594,14600,0.0,0.0,0.0
2020-04-01 00:00:00-04:00,36.27776095551428,36.64824169324903,35.86828518153852,35.96577835083008,7200,0.0,0.0,0.0
2020-04-02 00:00:00-04:00,36.05352428810619,36.56049695889804,35.887785153739706,36.47275161743164,13000,0.0,0.0,0.0
2020-04-03 00:00:00-04:00,35.585549832523824,35.819538645920254,35.42955852996821,35.63429641723633,6100,0.0,0.0,0.0
2020-04-06 00:00:00-04:00,37.04797142935662,37.486698150634766,36.765236017963346,37.486698150634766,14700,0.0,0.0,0.0
2020-04-07 00:00:00-04:00,39.24159602772838,39.24159602772838,38.18865203857422,38.18865203857422,110100,0.0,0.0,0.0
2020-04-08 00:00:00-04:00,38.783373553542575,39.13435491551372,38.74437851708825,39.12460708618164,8500,0.0,0.0,0.0
2020-04-09 00:00:00-04:00,40.0410561763956,40.53828102028717,39.96306238309709,40.3530387878418,42700,0.0,0.0,0.0
2020-04-13 00:00:00-04:00,39.943561303212874,39.96306068048826,39.641326534133285,39.88506317138672,6700,0.0,0.0,0.0
2020-04-14 00:00:00-04:00,40.39203643798828,40.61627370137951,40.19704638139235,40.39203643798828,16000,0.0,0.0,0.0
2020-04-15 00:00:00-04:00,38.72487828500885,38.84187083004298,38.49088947581465,38.55913543701172,7700,0.0,0.0,0.0
2020-04-16 00:00:00-04:00,38.86136653997348,38.86136653997348,38.23740139984179,38.588382720947266,16000,0.0,0.0,0.0
2020-04-17 00:00:00-04:00,39.67057650863298,40.00205850719298,39.543836126188125,39.953311920166016,24500,0.0,0.0,0.0
2020-04-20 00:00:00-04:00,39.47558807052854,39.972809182480546,39.368343353271484,39.368343353271484,16600,0.0,0.0,0.0
2020-04-21 00:00:00-04:00,39.12460696325089,39.12460696325089,38.59813492194837,38.76387405395508,3600,0.0,0.0,0.0
2020-04-22 00:00:00-04:00,39.13435363769531,39.22209897532303,38.939363585286394,39.13435363769531,7900,0.0,0.0,0.0
2020-04-23 00:00:00-04:00,39.495080752714124,39.963058341683535,39.26109567735513,39.270843505859375,19000,0.0,0.0,0.0
2020-04-24 00:00:00-04:00,39.55358624712842,39.91431547497499,39.407342758450035,39.87532043457031,12600,0.0,0.0,0.0
2020-04-27 00:00:00-04:00,40.16779909782946,40.44078294506646,40.07030221015483,40.362789154052734,7900,0.0,0.0,0.0
2020-04-28 00:00:00-04:00,41.093999816554515,41.093999816554515,40.567527770996094,40.567527770996094,7800,0.0,0.0,0.0
2020-04-29 00:00:00-04:00,41.62046793544684,42.1274406005907,41.62046793544684,41.893455505371094,45300,0.0,0.0,0.0
2020-04-30 00:00:00-04:00,41.51322493854631,41.922700695038365,41.425479602280035,41.698463439941406,8000,0.0,0.0,0.0
2020-05-01 00:00:00-04:00,41.064750586382885,41.10374934376685,40.65527479122989,40.674774169921875,11200,0.0,0.0,0.0
2020-05-04 00:00:00-04:00,40.304290975643134,40.71376674603327,40.304290975643134,40.694271087646484,5100,0.0,0.0,0.0
2020-05-05 00:00:00-04:00,40.694269147546066,40.85026044108532,40.489527552986075,40.528526306152344,11000,0.0,0.0,0.0
2020-05-06 00:00:00-04:00,40.548026125424435,40.70401742066675,40.30428949416296,40.31403732299805,7100,0.0,0.0,0.0
2020-05-07 00:00:00-04:00,40.9477532933298,41.259735878034626,40.9477532933298,41.132991790771484,4000,0.0,0.0,0.0
2020-05-08 00:00:00-04:00,41.87395547311364,41.87395547311364,41.630218833245834,41.71796417236328,16600,0.0,0.0,0.0
2020-05-11 00:00:00-04:00,41.47422830774476,41.600968685074385,41.47422830774476,41.59122085571289,2600,0.0,0.0,0.0
2020-05-12 00:00:00-04:00,41.425481827113984,41.51322716809279,40.92825698852539,40.92825698852539,2600,0.0,0.0,0.0
2020-05-13 00:00:00-04:00,40.73326480185448,40.75276417873454,40.07030086443588,40.34328842163086,9100,0.0,0.0,0.0
2020-05-14 00:00:00-04:00,39.20260092982145,39.846065521240234,39.0758605527075,39.846065521240234,10200,0.0,0.0,0.0
2020-05-15 00:00:00-04:00,39.738821298262,40.02155670142774,39.66082750515226,39.96306228637695,4400,0.0,0.0,0.0
2020-05-18 00:00:00-04:00,40.93800633838424,41.698463439941406,40.93800633838424,41.698463439941406,10500,0.0,0.0,0.0
2020-05-19 00:00:00-04:00,41.64972020781856,41.91295623779297,41.64972020781856,41.91295623779297,21100,0.0,0.0,0.0
2020-05-20 00:00:00-04:00,42.11769532551178,42.35168043492156,42.11769532551178,42.26393508911133,4300,0.0,0.0,0.0
2020-05-21 00:00:00-04:00,42.26393053592898,42.410174002899666,42.02994545172691,42.0591926574707,5200,0.0,0.0,0.0
2020-05-22 00:00:00-04:00,41.8739530581661,42.14693688895425,41.864201510423236,42.09819030761719,13200,0.0,0.0,0.0
2020-05-26 00:00:00-04:00,43.67760401608271,43.833595312888775,43.502113342285156,43.502113342285156,20500,0.0,0.0,0.0
2020-05-27 00:00:00-04:00,43.726352238979594,43.94084167480469,43.54111372930176,43.94084167480469,5000,0.0,0.0,0.0
2020-05-28 00:00:00-04:00,44.594053564253514,44.95478271995343,44.486808856555406,44.516056060791016,24300,0.0,0.0,0.0
2020-05-29 00:00:00-04:00,44.72079647764641,44.730548025697864,44.52580642700195,44.52580642700195,2300,0.0,0.0,0.0
2020-06-01 00:00:00-04:00,45.13027540848511,45.77373996441851,45.13027540848511,45.7347412109375,7600,0.0,0.0,0.0
2020-06-02 00:00:00-04:00,46.231964686862035,46.37820816040039,46.095472761760114,46.37820816040039,2600,0.0,0.0,0.0
2020-06-03 00:00:00-04:00,47.12891585464907,47.77238042176909,47.12891585464907,47.65538787841797,9700,0.0,0.0,0.0
2020-06-04 00:00:00-04:00,47.509144737480284,48.03561676487943,47.48964536026632,47.743133544921875,10500,0.0,0.0,0.0
2020-06-05 00:00:00-04:00,48.630335078380284,48.92281830029502,48.52309036254883,48.52309036254883,10700,0.0,0.0,0.0
2020-06-08 00:00:00-04:00,48.9130671141157,48.99106462407081,48.60108451254722,48.97156524658203,8100,0.0,0.0,0.0
2020-06-09 00:00:00-04:00,47.69438196635867,47.99661672640049,47.69438196635867,47.75288009643555,3300,0.0,0.0,0.0
2020-06-10 00:00:00-04:00,47.528643127869984,47.79187913610406,47.34340462687231,47.479896545410156,8800,0.0,0.0,0.0
2020-06-11 00:00:00-04:00,45.929734275334184,45.94923365335518,44.4770622253418,44.4770622253418,61300,0.0,0.0,0.0
2020-06-12 00:00:00-04:00,45.93948112337354,45.958980500977965,44.95478672866894,45.23752212524414,2300,0.0,0.0,0.0
2020-06-15 00:00:00-04:00,45.123483007061644,46.204872131347656,45.123483007061644,46.204872131347656,3200,0.384,0.0,0.0
2020-06-16 00:00:00-04:00,47.158464776771055,47.305924889327876,46.4703063343538,46.89303207397461,78700,0.0,0.0,0.0
2020-06-17 00:00:00-04:00,46.834046255459725,47.06998768817822,46.755401611328125,46.755401611328125,24200,0.0,0.0,0.0
2020-06-18 00:00:00-04:00,46.44081642360022,46.55878526713709,46.37199720219496,46.48013687133789,2000,0.0,0.0,0.0
2020-06-19 00:00:00-04:00,46.68658643067796,46.70624477921128,45.92961250664154,45.9394416809082,19200,0.0,0.0,0.0
2020-06-22 00:00:00-04:00,46.20487296689792,46.84387802927079,46.10656622660752,46.775062561035156,11200,0.0,0.0,0.0
2020-06-23 00:00:00-04:00,46.97167519612066,47.25676998805754,46.85370635986328,46.85370635986328,72700,0.0,0.0,0.0
2020-06-24 00:00:00-04:00,46.13605771694631,46.16554898914061,45.664178611028625,45.732994079589844,7000,0.0,0.0,0.0
2020-06-25 00:00:00-04:00,45.60519127600004,46.204872131347656,45.60519127600004,46.204872131347656,2100,0.0,0.0,0.0
2020-06-26 00:00:00-04:00,46.03775313832197,46.03775313832197,45.60519445829461,45.664180755615234,600,0.0,0.0,0.0
2020-06-29 00:00:00-04:00,45.71333150855744,45.98859337995506,45.5953626708387,45.87062454223633,7300,0.0,0.0,0.0
2020-06-30 00:00:00-04:00,45.79197917763208,46.17538070678711,45.75265498229267,46.17538070678711,3400,0.0,0.0,0.0
2020-07-01 00:00:00-04:00,46.25402592138824,46.509629444105144,46.06724161645029,46.489967346191406,20300,0.0,0.0,0.0
2020-07-02 00:00:00-04:00,46.96184828408597,47.069987951764105,46.58827590942383,46.58827590942383,5600,0.0,0.0,0.0
2020-07-06 00:00:00-04:00,47.561528552917174,47.58119065134621,47.28626292507245,47.57135772705078,6100,0.0,0.0,0.0
2020-07-07 00:00:00-04:00,47.217449037222345,47.37474207976144,47.187957763671875,47.187957763671875,2400,0.0,0.0,0.0
2020-07-08 00:00:00-04:00,47.099478098913195,47.532033009124724,47.04049180427271,47.482879638671875,8700,0.0,0.0,0.0
2020-07-09 00:00:00-04:00,47.27643193127943,47.27643193127943,46.58827351339742,46.824214935302734,1800,0.0,0.0,0.0
2020-07-10 00:00:00-04:00,47.13880475675027,47.246944427490234,47.020835911471195,47.246944427490234,900,0.0,0.0,0.0
2020-07-13 00:00:00-04:00,47.57135589603982,47.59101799371207,46.80455283763048,46.824214935302734,3900,0.0,0.0,0.0
2020-07-14 00:00:00-04:00,47.01100214443621,47.32558822631836,46.88320037674599,47.32558822631836,70300,0.0,0.0,0.0
2020-07-15 00:00:00-04:00,48.02357515474042,48.02357515474042,47.68932697888679,47.85645294189453,4100,0.0,0.0,0.0
2020-07-16 00:00:00-04:00,47.87611719050633,47.954761838270905,47.67949994585186,47.78763961791992,3300,0.0,0.0,0.0
2020-07-17 00:00:00-04:00,47.876115082694724,48.11205276576299,47.876115082694724,48.08256149291992,4300,0.0,0.0,0.0
2020-07-20 00:00:00-04:00,48.33816109904291,48.80021103943609,48.210363083745854,48.701904296875,10700,0.0,0.0,0.0
2020-07-21 00:00:00-04:00,48.95750145214065,49.27208751165975,48.89851890983184,48.908348083496094,17100,0.0,0.0,0.0
2020-07-22 00:00:00-04:00,49.14429326048925,49.37040177367038,49.14429326048925,49.331077575683594,5900,0.0,0.0,0.0
2020-07-23 00:00:00-04:00,49.05581461347162,49.222936826004734,48.908350749338524,48.92801284790039,16500,0.0,0.0,0.0
2020-07-24 00:00:00-04:00,48.642916484832035,48.82970078993998,48.53477682128891,48.66257858276367,25700,0.0,0.0,0.0
2020-07-27 00:00:00-04:00,48.947673845499864,49.272089089069134,48.947673845499864,49.17378234863281,16200,0.0,0.0,0.0
2020-07-28 00:00:00-04:00,49.11479752808852,49.331076863732555,48.98699951171875,48.98699951171875,5200,0.0,0.0,0.0
2020-07-29 00:00:00-04:00,49.399890172786314,49.704647064208984,49.281921335851806,49.704647064208984,4400,0.0,0.0,0.0
2020-07-30 00:00:00-04:00,48.436468069239545,49.18360900878906,48.328328410189656,49.18360900878906,5400,0.0,0.0,0.0
2020-07-31 00:00:00-04:00,49.30158188569796,49.30158188569796,48.19069776813994,48.367652893066406,18600,0.0,0.0,0.0
2020-08-03 00:00:00-04:00,48.8395359877168,49.28192383636969,48.8395359877168,49.272090911865234,2400,0.0,0.0,0.0
2020-08-04 00:00:00-04:00,48.967338007685434,49.52769470214844,48.967338007685434,49.52769470214844,200,0.0,0.0,0.0
2020-08-05 00:00:00-04:00,50.17652944800755,50.39280503819039,50.17652944800755,50.26500701904297,11900,0.0,0.0,0.0
2020-08-06 00:00:00-04:00,50.186354345081014,50.41246284064195,50.03889423936474,50.40263366699219,5800,0.0,0.0,0.0
2020-08-07 00:00:00-04:00,50.038897661783494,50.36331291667705,50.038897661783494,50.343650817871094,5700,0.0,0.0,0.0
2020-08-10 00:00:00-04:00,50.373143072235436,50.559927375381974,50.294494681334776,50.52060317993164,6600,0.0,0.0,0.0
2020-08-11 00:00:00-04:00,51.18910160967979,51.5528410571683,50.854853434912506,50.874515533447266,22300,0.0,0.0,0.0
2020-08-12 00:00:00-04:00,51.316902985496036,51.62165613506669,51.316902985496036,51.46436309814453,5400,0.0,0.0,0.0
2020-08-13 00:00:00-04:00,51.680639597592716,51.87725682050922,51.405377735606585,51.41520690917969,5300,0.0,0.0,0.0
2020-08-14 00:00:00-04:00,51.1596095531821,51.16943872721798,50.953163146972656,50.953163146972656,7900,0.0,0.0,0.0
2020-08-17 00:00:00-04:00,51.36605301501373,51.44470140343963,51.021975691054344,51.32672882080078,15200,0.0,0.0,0.0
2020-08-18 00:00:00-04:00,51.67081157776675,51.67081157776675,51.3463925901864,51.395545959472656,4700,0.0,0.0,0.0
2020-08-19 00:00:00-04:00,51.4250442036436,51.4250442036436,50.854854583740234,50.854854583740234,7900,0.0,0.0,0.0
2020-08-20 00:00:00-04:00,50.65823557495347,50.9826545715332,50.65823557495347,50.9826545715332,10300,0.0,0.0,0.0
2020-08-21 00:00:00-04:00,50.215848436073216,50.677894592285156,50.215848436073216,50.677894592285156,8500,0.0,0.0,0.0
2020-08-24 00:00:00-04:00,51.29724094981638,51.29724094981638,50.953163603054136,51.0416374206543,1600,0.0,0.0,0.0
2020-08-25 00:00:00-04:00,51.28740524834096,51.29723817209419,50.96299001755519,51.218589782714844,2100,0.0,0.0,0.0
2020-08-26 00:00:00-04:00,51.64131603913233,51.965735023465214,51.64131603913233,51.955902099609375,8800,0.0,0.0,0.0
2020-08-27 00:00:00-04:00,51.72979717316253,51.72979717316253,51.307071422066734,51.47419738769531,1600,0.0,0.0,0.0
2020-08-28 00:00:00-04:00,51.66097979731761,52.02471923828125,51.66097979731761,52.02471923828125,3900,0.0,0.0,0.0
2020-08-31 00:00:00-04:00,52.024718562740546,52.09353778056502,51.9067497253418,51.9067497253418,1400,0.0,0.0,0.0
2020-09-01 00:00:00-04:00,51.67081347345432,51.85759778365948,51.48402541308733,51.493858337402344,4900,0.0,0.0,0.0
2020-09-02 00:00:00-04:00,51.808441742558706,52.12302780151367,51.59216242071655,52.12302780151367,5300,0.0,0.0,0.0
2020-09-03 00:00:00-04:00,51.926412363687284,51.926412363687284,50.66806808457327,50.69755935668945,8900,0.0,0.0,0.0
2020-09-04 00:00:00-04:00,51.03180857156353,51.10062404135428,50.19619000972623,50.874515533447266,4700,0.0,0.0,0.0
2020-09-08 00:00:00-04:00,50.24534063746451,50.72704889969731,50.24534063746451,50.40263366699219,2000,0.0,0.0,0.0
2020-09-09 00:00:00-04:00,51.09079229840901,51.30706787109375,51.09079229840901,51.30706787109375,1200,0.0,0.0,0.0
2020-09-10 00:00:00-04:00,50.99248328008637,51.100622944625734,50.47145080566406,50.47145080566406,2100,0.0,0.0,0.0
2020-09-11 00:00:00-04:00,51.00231714653325,51.00231714653325,50.64840687428809,50.84502410888672,1800,0.0,0.0,0.0
2020-09-14 00:00:00-04:00,51.198933579241356,51.25791612358386,51.11045601256582,51.149776458740234,1300,0.0,0.0,0.0
2020-09-15 00:00:00-04:00,51.503689961952496,51.53318123597699,51.37588819090967,51.48402786254883,3600,0.0,0.0,0.0
2020-09-16 00:00:00-04:00,51.86742684938743,51.94607524309582,51.69047546386719,51.69047546386719,3200,0.0,0.0,0.0
2020-09-17 00:00:00-04:00,51.59216288654214,52.093537000764655,51.59216288654214,51.98539733886719,36900,0.0,0.0,0.0
2020-09-18 00:00:00-04:00,51.94607539576114,52.02472003953885,51.35622744186197,51.719966888427734,19600,0.0,0.0,0.0
2020-09-21 00:00:00-04:00,49.970082151161556,50.17652856321649,49.4883701062048,50.1175422668457,39700,0.0,0.0,0.0
2020-09-22 00:00:00-04:00,49.68498464828533,49.871768951416016,49.586674159667844,49.871768951416016,2400,0.0,0.0,0.0
2020-09-23 00:00:00-04:00,49.79312658820302,49.79312658820302,48.810044158032476,48.95750427246094,9000,0.0,0.0,0.0
2020-09-24 00:00:00-04:00,48.741227176554766,49.27208882226277,48.741227176554766,48.91817855834961,4300,0.0,0.0,0.0
2020-09-25 00:00:00-04:00,48.73139719272853,49.4195556640625,48.53477995089569,49.4195556640625,8300,0.0,0.0,0.0
2020-09-28 00:00:00-04:00,50.19619133184182,50.235511779785156,49.999574091477335,50.235511779785156,3200,0.0,0.0,0.0
2020-09-29 00:00:00-04:00,50.3829730869435,50.441959381103516,50.3829730869435,50.441959381103516,600,0.0,0.0,0.0
2020-09-30 00:00:00-04:00,50.412464559027136,50.89417658784146,50.40263538504232,50.69755935668945,9500,0.0,0.0,0.0
2020-10-01 00:00:00-04:00,51.0907949102779,51.120286183024014,50.98265524332638,51.100624084472656,4000,0.0,0.0,0.0
2020-10-02 00:00:00-04:00,50.92366979125918,51.120287029867974,50.82536304703574,51.02198028564453,15300,0.0,0.0,0.0
2020-10-05 00:00:00-04:00,51.74945857110459,52.005062103271484,51.70030519958384,52.005062103271484,4100,0.0,0.0,0.0
2020-10-06 00:00:00-04:00,52.24100038057481,52.29998667716745,51.670814514160156,51.670814514160156,3100,0.0,0.0,0.0
2020-10-07 00:00:00-04:00,51.87725981800479,52.054214953838034,51.87725981800479,51.91658401489258,900,0.0,0.0,0.0
2020-10-08 00:00:00-04:00,52.34914016723633,52.34914016723633,52.34914016723633,52.34914016723633,500,0.0,0.0,0.0
2020-10-09 00:00:00-04:00,52.74237445978055,52.968482971191406,52.74237445978055,52.968482971191406,1900,0.0,0.0,0.0
2020-10-12 00:00:00-04:00,53.19458865298807,53.68612984734181,53.106111087997924,53.56816101074219,78000,0.0,0.0,0.0
2020-10-13 00:00:00-04:00,52.7915260083342,52.7915260083342,52.388462371452334,52.447444915771484,2800,0.0,0.0,0.0
2020-10-14 00:00:00-04:00,52.91932678222656,52.91932678222656,52.91932678222656,52.91932678222656,400,0.0,0.0,0.0
2020-10-15 00:00:00-04:00,51.23825536550448,51.80844497680664,51.23825536550448,51.80844497680664,1200,0.0,0.0,0.0
2020-10-16 00:00:00-04:00,52.04438181236778,52.04438181236778,51.83793540481104,51.887088775634766,2200,0.0,0.0,0.0
2020-10-19 00:00:00-04:00,52.211508055763424,52.22133722991661,51.48402541308733,51.493858337402344,29900,0.0,0.0,0.0
2020-10-20 00:00:00-04:00,52.054213584711526,52.10336695444753,51.9067497253418,51.9067497253418,1100,0.0,0.0,0.0
2020-10-21 00:00:00-04:00,51.89692396410901,52.04438408301373,51.62165832519531,51.62165832519531,3600,0.0,0.0,0.0
2020-10-22 00:00:00-04:00,51.55284155416885,51.67081414651475,51.29724177107648,51.6118278503418,4400,0.0,0.0,0.0
2020-10-23 00:00:00-04:00,51.88708899214582,51.91658401489258,51.50368744789439,51.91658401489258,1300,0.0,0.0,0.0
2020-10-26 00:00:00-04:00,51.012145751201444,51.012145751201444,50.38297360763925,50.53043746948242,1600,0.0,0.0,0.0
2020-10-27 00:00:00-04:00,50.294494522622166,50.294494522622166,49.84227752685547,49.84227752685547,3100,0.0,0.0,0.0
2020-10-28 00:00:00-04:00,48.19070279564745,48.37748711359544,47.925270080566406,47.925270080566406,5900,0.0,0.0,0.0
2020-10-29 00:00:00-04:00,47.98425464113761,48.28900779358954,47.87611497407588,48.279178619384766,7300,0.0,0.0,0.0
2020-10-30 00:00:00-04:00,48.36765351606861,48.36765351606861,48.053067456627645,48.25951385498047,6000,0.0,0.0,0.0
2020-11-02 00:00:00-05:00,48.4954553298405,48.4954553298405,48.27917600741805,48.48562240600586,1200,0.0,0.0,0.0
2020-11-03 00:00:00-05:00,49.576844158531564,49.960245682337195,49.50802869272859,49.724308013916016,42200,0.0,0.0,0.0
2020-11-04 00:00:00-05:00,50.01923296495215,51.051468722597726,50.01923296495215,50.55009460449219,15000,0.0,0.0,0.0
2020-11-05 00:00:00-05:00,51.95590524364438,52.0935399348233,51.749458832118826,51.83793640136719,4400,0.0,0.0,0.0
2020-11-06 00:00:00-05:00,52.162356331948004,52.29998727540993,52.162356331948004,52.211509704589844,900,0.0,0.0,0.0
2020-11-09 00:00:00-05:00,54.21699470667806,54.21699470667806,53.24374150131142,53.47968292236328,20100,0.0,0.0,0.0
2020-11-10 00:00:00-05:00,53.95156264546481,54.19733324311158,53.95156264546481,54.02037811279297,2800,0.0,0.0,0.0
2020-11-11 00:00:00-05:00,54.43327353144314,54.511921926545575,54.325133863258245,54.4627685546875,1400,0.0,0.0,0.0
2020-11-12 00:00:00-05:00,54.29564161525027,54.29564161525027,53.843424602016896,53.86308670043945,2400,0.0,0.0,0.0
2020-11-13 00:00:00-05:00,54.67904166798277,54.70853668989319,54.55124365696394,54.69870376586914,2000,0.0,0.0,0.0
2020-11-16 00:00:00-05:00,55.69161950333257,55.78992624334425,55.583479839222676,55.632633209228516,3200,0.0,0.0,0.0
2020-11-17 00:00:00-05:00,55.82925033569336,55.83907950961157,55.78009696577884,55.82925033569336,1400,0.0,0.0,0.0
2020-11-18 00:00:00-05:00,56.12417535247938,56.37977513090079,56.00620651245117,56.00620651245117,17400,0.0,0.0,0.0
2020-11-19 00:00:00-05:00,55.6817868916704,56.17332809481037,55.6817868916704,56.11434555053711,3600,0.0,0.0,0.0
2020-11-20 00:00:00-05:00,56.183160328280906,56.22248077392578,56.183160328280906,56.22248077392578,2800,0.0,0.0,0.0
2020-11-23 00:00:00-05:00,56.409267110898654,56.57638931274414,56.34045164541385,56.57638931274414,1800,0.0,0.0,0.0
2020-11-24 00:00:00-05:00,56.822161899046755,57.12691879272461,56.822161899046755,57.12691879272461,3200,0.0,0.0,0.0
2020-11-25 00:00:00-05:00,56.81233235695287,57.06793212890625,56.763178987365116,57.06793212890625,32800,0.0,0.0,0.0
2020-11-27 00:00:00-05:00,57.12691847315276,57.34319779972469,57.02860798372837,57.29404067993164,9600,0.0,0.0,0.0
2020-11-30 00:00:00-05:00,57.55947449735612,57.579136595624,56.399436950683594,56.399436950683594,3800,0.0,0.0,0.0
2020-12-01 00:00:00-05:00,57.68727918305415,58.208311687978664,57.68727918305415,58.198482513427734,2500,0.0,0.0,0.0
2020-12-02 00:00:00-05:00,57.98219733354268,58.168981632499026,57.97236815998144,58.070674896240234,4500,0.0,0.0,0.0
2020-12-03 00:00:00-05:00,58.32628103078807,58.78832721215343,58.32628103078807,58.513065338134766,17000,0.0,0.0,0.0
2020-12-04 00:00:00-05:00,59.073421478271484,59.24054368594564,59.073421478271484,59.073421478271484,7600,0.0,0.0,0.0
2020-12-07 00:00:00-05:00,58.660524451405,58.798159136235114,58.562217712402344,58.562217712402344,4300,0.0,0.0,0.0
2020-12-08 00:00:00-05:00,58.5228914364483,58.91612587880421,58.5228914364483,58.857139587402344,7900,0.0,0.0,0.0
2020-12-09 00:00:00-05:00,59.11274845411232,59.11274845411232,58.542558836067556,58.89646911621094,14300,0.0,0.0,0.0
2020-12-10 00:00:00-05:00,57.95271079242654,58.57205378185623,57.76592272806414,58.444252014160156,7500,0.0,0.0,0.0
2020-12-11 00:00:00-05:00,57.93304620801373,57.962537480000655,57.756091075768644,57.80524444580078,13800,0.0,0.0,0.0
2020-12-14 00:00:00-05:00,58.59368141415745,58.71239117676485,58.52443373816019,58.534324645996094,5800,0.367,0.0,0.0
2020-12-15 00:00:00-05:00,58.9102443917512,59.52358257928933,58.87067321224154,59.464229583740234,5900,0.0,0.0,0.0
2020-12-16 00:00:00-05:00,59.701648553648454,59.958857444334434,59.701648553648454,59.82036209106445,6300,0.0,0.0,0.0
2020-12-17 00:00:00-05:00,60.770050773610215,60.839298453692784,60.651341003999455,60.72058868408203,8900,0.0,0.0,0.0
2020-12-18 00:00:00-05:00,60.611767538103145,60.611767538103145,60.41391541373299,60.56230545043945,18000,0.0,0.0,0.0
2020-12-21 00:00:00-05:00,58.64314692317133,59.79068475858711,58.42551297464257,59.56315612792969,18200,0.0,0.0,0.0
2020-12-22 00:00:00-05:00,59.7412206149311,59.85003947231159,59.65218734741211,59.65218734741211,5000,0.0,0.0,0.0
2020-12-23 00:00:00-05:00,60.60187229746159,60.91843795776367,60.51283903100187,60.91843795776367,5100,0.0,0.0,0.0
2020-12-24 00:00:00-05:00,61.225104683512726,61.225104683512726,61.175642596692285,61.215213775634766,1300,0.0,0.0,0.0
2020-12-28 00:00:00-05:00,61.79887570368264,61.887908969800904,61.462528228759766,61.462528228759766,16900,0.0,0.0,0.0
2020-12-29 00:00:00-05:00,62.4319998453579,62.511138430313586,61.927476743118376,62.016510009765625,9400,0.0,0.0,0.0
2020-12-30 00:00:00-05:00,62.352859836222734,62.501249877464794,61.749412536621094,61.749412536621094,10100,0.0,0.0,0.0
2020-12-31 00:00:00-05:00,61.848339124236375,61.848339124236375,61.403172784046625,61.42295837402344,5100,0.0,0.0,0.0
2021-01-04 00:00:00-05:00,62.86727096665951,62.86727096665951,61.788980868010995,61.947261810302734,51900,0.0,0.0,0.0
2021-01-05 00:00:00-05:00,62.511141347633576,63.05523565460086,62.45178834957572,62.97609329223633,6700,0.0,0.0,0.0
2021-01-06 00:00:00-05:00,63.13437198762107,63.896096442729714,63.12448107953665,63.60921859741211,30400,0.0,0.0,0.0
2021-01-07 00:00:00-05:00,63.480610936029166,63.61910629272461,63.39158144133819,63.61910629272461,25400,0.0,0.0,0.0
2021-01-08 00:00:00-05:00,63.93566693910708,64.07416229310104,63.441038518434155,64.02470397949219,23600,0.0,0.0,0.0
2021-01-11 00:00:00-05:00,62.56060397522683,62.85738027131295,62.461676027387895,62.619956970214844,18900,0.0,0.0,0.0
2021-01-12 00:00:00-05:00,62.84748855370743,63.2135163174012,62.84748855370743,63.15415954589844,5200,0.0,0.0,0.0
2021-01-13 00:00:00-05:00,63.03544998168945,63.18383625035585,62.748564579066006,63.03544998168945,19700,0.0,0.0,0.0
2021-01-14 00:00:00-05:00,63.31243788285669,63.628999770373746,63.31243788285669,63.59932327270508,7100,0.0,0.0,0.0
2021-01-15 00:00:00-05:00,62.83759746655878,62.87716864744806,62.07586921616004,62.48146438598633,26200,0.0,0.0,0.0
2021-01-19 00:00:00-05:00,63.084910303871226,63.084910303871226,62.847486997454844,62.946414947509766,11900,0.0,0.0,0.0
2021-01-20 00:00:00-05:00,63.41136453872473,63.67846812305549,63.352011541065025,63.63889694213867,6300,0.0,0.0,0.0
2021-01-21 00:00:00-05:00,63.88620798377702,64.02470333637983,63.530074920675325,64.01480865478516,1800,0.0,0.0,0.0
2021-01-22 00:00:00-05:00,63.32233536951457,63.6290025889161,63.18383623558988,63.40147018432617,69600,0.0,0.0,0.0
2021-01-25 00:00:00-05:00,62.521034524377626,62.55071102269199,62.1352249514291,62.34296798706055,7400,0.0,0.0,0.0
2021-01-26 00:00:00-05:00,62.916734032993844,63.0156619820383,62.76834777000025,62.936519622802734,3000,0.0,0.0,0.0
2021-01-27 00:00:00-05:00,61.531776789405846,61.878015177220846,61.08661045241843,61.29435348510742,5000,0.0,0.0,0.0
2021-01-28 00:00:00-05:00,61.94726257440246,62.46167658662458,61.94726257440246,62.263824462890625,4400,0.0,0.0,0.0
2021-01-29 00:00:00-05:00,61.83844557181416,61.85823116215234,61.1855361855162,61.502098083496094,7400,0.0,0.0,0.0
2021-02-01 00:00:00-05:00,62.32318380511819,62.32318380511819,62.00662190356086,62.244041442871094,7500,0.0,0.0,0.0
2021-02-02 00:00:00-05:00,62.412216289191385,63.14426803588867,62.412216289191385,63.14426803588867,16600,0.0,0.0,0.0
2021-02-03 00:00:00-05:00,63.32233187801267,63.44103786740033,63.094799485968544,63.22340393066406,11200,0.0,0.0,0.0
2021-02-04 00:00:00-05:00,63.22340501562232,63.36190414428711,63.203619425813066,63.36190414428711,6000,0.0,0.0,0.0
2021-02-05 00:00:00-05:00,63.79717158511312,64.02470397949219,63.79717158511312,64.02470397949219,3700,0.0,0.0,0.0
2021-02-08 00:00:00-05:00,64.37094116210938,64.49954183200717,64.15330345348957,64.37094116210938,8300,0.0,0.0,0.0
2021-02-09 00:00:00-05:00,64.5193345686995,64.72707760667281,64.27202035005065,64.667724609375,6700,0.0,0.0,0.0
2021-02-10 00:00:00-05:00,64.81610371342764,64.90514075214965,64.26212230779947,64.37094116210938,7000,0.0,0.0,0.0
2021-02-11 00:00:00-05:00,64.66772316310625,65.06341986615,64.66772316310625,64.76664733886719,3900,0.0,0.0,0.0
2021-02-12 00:00:00-05:00,64.83589445576487,65.1227798461914,64.83589445576487,65.1227798461914,2800,0.0,0.0,0.0
2021-02-16 00:00:00-05:00,65.95375600083062,65.95375600083062,65.79547882080078,65.79547882080078,5100,0.0,0.0,0.0
2021-02-17 00:00:00-05:00,65.07331229489444,65.07331229489444,64.82599809033955,64.9743881225586,3500,0.0,0.0,0.0
2021-02-18 00:00:00-05:00,64.43029560316644,64.46986678266144,64.27201843261719,64.27201843261719,1700,0.0,0.0,0.0
2021-02-19 00:00:00-05:00,65.0040662248226,65.0040662248226,64.75675201416016,64.75675201416016,1900,0.0,0.0,0.0
2021-02-22 00:00:00-05:00,64.74685493803162,65.1524538512852,64.74685493803162,65.08320617675781,2700,0.0,0.0,0.0
2021-02-23 00:00:00-05:00,64.45008872839585,64.71718477128829,64.03460264059373,64.69740295410156,23200,0.0,0.0,0.0
2021-02-24 00:00:00-05:00,64.82600431025656,65.43934631347656,64.65783244640684,65.43934631347656,4400,0.0,0.0,0.0
2021-02-25 00:00:00-05:00,65.36020385830454,65.36020385830454,64.31159394701345,64.34127044677734,3800,0.0,0.0,0.0
2021-02-26 00:00:00-05:00,63.81696070556207,64.09395141249554,63.71803653129022,63.77738952636719,7200,0.0,0.0,0.0
2021-03-01 00:00:00-05:00,64.6974015050134,64.81610750033741,64.6677250061824,64.79632568359375,5900,0.0,0.0,0.0
2021-03-02 00:00:00-05:00,64.73697500280915,65.00407104927832,64.69740382047459,64.9546127319336,5300,0.0,0.0,0.0
2021-03-03 00:00:00-05:00,64.55890817495427,64.835898902659,64.34127044677734,64.34127044677734,6500,0.0,0.0,0.0
2021-03-04 00:00:00-05:00,63.82684961264045,63.82684961264045,63.3322211801117,63.4410400390625,1200,0.0,0.0,0.0
2021-03-05 00:00:00-05:00,63.31243984253481,63.619107057844175,62.60017368671733,63.56964874267578,6100,0.0,0.0,0.0
2021-03-08 00:00:00-05:00,63.43115062224356,63.866418494954445,63.43115062224356,63.7081413269043,2300,0.0,0.0,0.0
2021-03-09 00:00:00-05:00,64.64793773179669,64.83589896037705,64.59847941462326,64.7072982788086,11800,0.0,0.0,0.0
2021-03-10 00:00:00-05:00,64.83589477439864,65.01396130907536,64.64793355795355,64.8853530883789,9200,0.0,0.0,0.0
2021-03-11 00:00:00-05:00,65.3997732721561,65.77568817138672,65.31073622784056,65.77568817138672,9000,0.0,0.0,0.0
2021-03-12 00:00:00-05:00,65.09310334920293,65.58773177116518,65.04363748803442,65.48880004882812,25800,0.0,0.0,0.0
2021-03-15 00:00:00-04:00,65.44923874033154,65.6668689138792,65.22170633728172,65.64708709716797,8200,0.0,0.0,0.0
2021-03-16 00:00:00-04:00,66.01311115201347,66.2208541792536,65.82514994037355,65.95375061035156,11200,0.0,0.0,0.0
2021-03-17 00:00:00-04:00,65.55804884584532,66.26042785876855,65.19202863769672,65.99332427978516,15300,0.0,0.0,0.0
2021-03-18 00:00:00-04:00,65.340417801478,65.79547504567203,65.22170426269359,65.3700942993164,10500,0.0,0.0,0.0
2021-03-19 00:00:00-04:00,64.74686211209408,65.51848884616452,64.74686211209408,65.32063293457031,48400,0.0,0.0,0.0
2021-03-22 00:00:00-04:00,65.21181206324455,65.59762164469134,65.21181206324455,65.40966796875,10700,0.0,0.0,0.0
2021-03-23 00:00:00-04:00,64.83589201908622,64.98428204958252,64.2126629479183,64.2324447631836,8700,0.0,0.0,0.0
2021-03-24 00:00:00-04:00,64.27202253904137,64.64793744711545,64.09395599365234,64.09395599365234,38200,0.0,0.0,0.0
2021-03-25 00:00:00-04:00,63.668575221191375,64.09395599365234,63.47072685850633,64.09395599365234,3700,0.0,0.0,0.0
2021-03-26 00:00:00-04:00,64.7072968287395,65.03374586654861,64.7072968287395,64.80622100830078,33000,0.0,0.0,0.0
2021-03-29 00:00:00-04:00,64.7270736694336,64.7270736694336,64.7270736694336,64.7270736694336,500,0.0,0.0,0.0
2021-03-30 00:00:00-04:00,64.82599888945113,65.00406542082291,64.74685653163465,64.86557006835938,17600,0.0,0.0,0.0
2021-03-31 00:00:00-04:00,65.23160135989633,65.28105967564812,65.04364013671875,65.04364013671875,1800,0.0,0.0,0.0
2021-04-01 00:00:00-04:00,65.70644239115485,66.17139434814453,65.6569840739327,66.17139434814453,43800,0.0,0.0,0.0
2021-04-05 00:00:00-04:00,66.76494237243641,67.43763732910156,66.76494237243641,67.43763732910156,26100,0.0,0.0,0.0
2021-04-06 00:00:00-04:00,66.86386855022467,66.99247677431461,66.76494437222308,66.98258209228516,20700,0.0,0.0,0.0
2021-04-07 00:00:00-04:00,66.92322580671059,67.21999832613348,66.90343644362403,67.05182647705078,26000,0.0,0.0,0.0
2021-04-08 00:00:00-04:00,67.56624739900575,67.56624739900575,67.40796267666633,67.46731567382812,2000,0.0,0.0,0.0
2021-04-09 00:00:00-04:00,67.3090352156181,67.56624410315764,67.21011104269692,67.53656005859375,6300,0.0,0.0,0.0
2021-04-12 00:00:00-04:00,67.20022149699815,67.25957449580083,67.03204963543644,67.13097381591797,60400,0.0,0.0,0.0
2021-04-13 00:00:00-04:00,67.57613053159957,68.04108244164762,67.57613053159957,68.01140594482422,17500,0.0,0.0,0.0
2021-04-14 00:00:00-04:00,68.06087630594004,68.09055280472622,67.89269690043339,67.96194458007812,3400,0.0,0.0,0.0
2021-04-15 00:00:00-04:00,68.42689498060433,68.58517970047563,68.36754198436802,68.54560852050781,7000,0.0,0.0,0.0
2021-04-16 00:00:00-04:00,68.91163962735901,69.28755453419627,68.83249726357289,69.20841217041016,15400,0.0,0.0,0.0
2021-04-19 00:00:00-04:00,69.47551060258161,69.53486359729847,69.0995881762264,69.24797821044922,15400,0.0,0.0,0.0
2021-04-20 00:00:00-04:00,68.6346381763483,68.71378053647017,68.00151439023514,68.42689514160156,13600,0.0,0.0,0.0
2021-04-21 00:00:00-04:00,67.49699596945024,68.3477498887451,67.49699596945024,68.25872039794922,47100,0.0,0.0,0.0
2021-04-22 00:00:00-04:00,68.55550714251514,68.71378432405241,68.2191558671726,68.48625946044922,5500,0.0,0.0,0.0
2021-04-23 00:00:00-04:00,68.80282012530823,69.38647807109251,68.80282012530823,69.19851684570312,4500,0.0,0.0,0.0
2021-04-26 00:00:00-04:00,69.73271083658078,69.98002504054539,69.73271083658078,69.96024322509766,11300,0.0,0.0,0.0
2021-04-27 00:00:00-04:00,69.61401076983255,69.81185913085938,69.60411608755184,69.81185913085938,2900,0.0,0.0,0.0
2021-04-28 00:00:00-04:00,69.81185583778894,70.03938823492501,69.46561744860868,69.881103515625,3700,0.0,0.0,0.0
2021-04-29 00:00:00-04:00,69.8909949071627,70.03938493766297,69.56453834954822,69.95034790039062,12000,0.0,0.0,0.0
2021-04-30 00:00:00-04:00,69.56454000651966,69.66346418006597,68.88195037841797,68.88195037841797,3700,0.0,0.0,0.0
2021-05-03 00:00:00-04:00,69.64368254470247,69.98002624511719,69.58432200247641,69.98002624511719,9900,0.0,0.0,0.0
2021-05-04 00:00:00-04:00,68.79292289659202,69.01056061321171,68.21915210685484,68.42689514160156,5300,0.0,0.0,0.0
2021-05-05 00:00:00-04:00,69.0303400972439,69.22819599086372,68.80281525386935,69.11937713623047,10500,0.0,0.0,0.0
2021-05-06 00:00:00-04:00,68.98088139006569,69.35679626464844,68.98088139006569,69.35679626464844,3700,0.0,0.0,0.0
2021-05-07 00:00:00-04:00,69.91077913773844,70.86046479934768,69.89099732178919,70.84068298339844,59100,0.0,0.0,0.0
2021-05-10 00:00:00-04:00,70.90003945821645,70.97918182075895,70.28670501708984,70.28670501708984,7300,0.0,0.0,0.0
2021-05-11 00:00:00-04:00,68.92152682178876,69.5744400024414,68.92152682178876,69.5744400024414,7600,0.0,0.0,0.0
2021-05-12 00:00:00-04:00,68.80282089339663,69.13916461897334,68.1202312124623,68.35765075683594,9900,0.0,0.0,0.0
2021-05-13 00:00:00-04:00,68.19937139811985,68.9314193725586,68.19937139811985,68.9314193725586,14100,0.0,0.0,0.0
2021-05-14 00:00:00-04:00,69.17873595516603,69.8217544555664,69.17873595516603,69.8217544555664,11000,0.0,0.0,0.0
2021-05-17 00:00:00-04:00,69.73271476083151,69.92067598160003,69.52497172350205,69.90089416503906,8200,0.0,0.0,0.0
2021-05-18 00:00:00-04:00,70.50433679326684,70.53402084046738,70.33616492962014,70.43508911132812,3400,0.0,0.0,0.0
2021-05-19 00:00:00-04:00,69.21830610868413,69.98003059650162,69.11938192873046,69.68325805664062,8600,0.0,0.0,0.0
2021-05-20 00:00:00-04:00,70.14821091588696,70.75165068567291,70.14821091588696,70.67251586914062,8600,0.0,0.0,0.0
2021-05-21 00:00:00-04:00,70.58347778639238,70.6626201491938,70.28670524703378,70.53401947021484,8000,0.0,0.0,0.0
2021-05-24 00:00:00-04:00,70.71208127323503,71.14734914460617,70.71208127323503,71.06820678710938,19300,0.0,0.0,0.0
2021-05-25 00:00:00-04:00,71.19681500489932,71.3353103568034,71.00885379270208,71.06820678710938,7800,0.0,0.0,0.0
2021-05-26 00:00:00-04:00,71.08799535069895,71.22649070104542,70.89014700661271,71.1770248413086,3900,0.0,0.0,0.0
2021-05-27 00:00:00-04:00,71.35509538969266,71.5529512923555,71.25617121207672,71.48370361328125,4800,0.0,0.0,0.0
2021-05-28 00:00:00-04:00,71.53316336284779,71.90908581173018,71.53316336284779,71.75080108642578,21100,0.0,0.0,0.0
2021-06-01 00:00:00-04:00,72.5718856046823,72.64113328465612,72.47296142578125,72.47296142578125,11000,0.0,0.0,0.0
2021-06-02 00:00:00-04:00,72.22564159773907,72.54220347410546,72.22564159773907,72.38391876220703,8900,0.0,0.0,0.0
2021-06-03 00:00:00-04:00,71.92886457034176,71.92886457034176,71.6716556763739,71.70133972167969,10200,0.0,0.0,0.0
2021-06-04 00:00:00-04:00,72.33446790735155,72.57188745224458,72.33446790735155,72.50263977050781,8200,0.0,0.0,0.0
2021-06-07 00:00:00-04:00,72.54221014374235,72.74005850437538,72.43339128116483,72.61145782470703,9000,0.0,0.0,0.0
2021-06-08 00:00:00-04:00,72.68070614864281,72.75984851256862,72.54221078548824,72.62135314941406,8200,0.0,0.0,0.0
2021-06-09 00:00:00-04:00,72.52241555786738,72.54220492096461,72.23553017240236,72.28499603271484,1416800,0.0,0.0,0.0
2021-06-10 00:00:00-04:00,72.06999969482422,72.30000305175781,71.95999908447266,72.05000305175781,743900,0.785,0.0,0.0
2021-06-11 00:00:00-04:00,72.06999969482422,72.29000091552734,72.06999969482422,72.29000091552734,71300,0.0,0.0,0.0
2021-06-14 00:00:00-04:00,72.44999694824219,72.58999633789062,72.16999816894531,72.58999633789062,13100,0.0,0.0,0.0
2021-06-15 00:00:00-04:00,72.22000122070312,72.22000122070312,71.86000061035156,71.94999694824219,25900,0.0,0.0,0.0
2021-06-16 00:00:00-04:00,71.80999755859375,72.06999969482422,71.02999877929688,71.33999633789062,31500,0.0,0.0,0.0
2021-06-17 00:00:00-04:00,70.48999786376953,70.87999725341797,70.0,70.37999725341797,37500,0.0,0.0,0.0
2021-06-18 00:00:00-04:00,69.30000305175781,69.36000061035156,68.87999725341797,69.11000061035156,20700,0.0,0.0,0.0
2021-06-21 00:00:00-04:00,69.08000183105469,69.88999938964844,69.08000183105469,69.88999938964844,13700,0.0,0.0,0.0
2021-06-22 00:00:00-04:00,69.61000061035156,70.19000244140625,69.41999816894531,69.98999786376953,44800,0.0,0.0,0.0
2021-06-23 00:00:00-04:00,70.02999877929688,70.12999725341797,69.68000030517578,69.69999694824219,14200,0.0,0.0,0.0
2021-06-24 00:00:00-04:00,70.0199966430664,70.20999908447266,69.86000061035156,70.04000091552734,162600,0.0,0.0,0.0
2021-06-25 00:00:00-04:00,70.37999725341797,70.5,70.29000091552734,70.43000030517578,53700,0.0,0.0,0.0
2021-06-28 00:00:00-04:00,70.30999755859375,70.30999755859375,69.66000366210938,69.98999786376953,27600,0.0,0.0,0.0
2021-06-29 00:00:00-04:00,70.05000305175781,70.16000366210938,69.76000213623047,69.88999938964844,89400,0.0,0.0,0.0
2021-06-30 00:00:00-04:00,69.29000091552734,69.63999938964844,69.08999633789062,69.41999816894531,36500,0.0,0.0,0.0
2021-07-01 00:00:00-04:00,69.93000030517578,69.94999694824219,69.73999786376953,69.94999694824219,24100,0.0,0.0,0.0
2021-07-02 00:00:00-04:00,70.12000274658203,70.58999633789062,70.02999877929688,70.44000244140625,59900,0.0,0.0,0.0
2021-07-06 00:00:00-04:00,70.9000015258789,70.9000015258789,70.25,70.44000244140625,29800,0.0,0.0,0.0
2021-07-07 00:00:00-04:00,70.66999816894531,70.83999633789062,70.27999877929688,70.68000030517578,39400,0.0,0.0,0.0
2021-07-08 00:00:00-04:00,69.62000274658203,69.88999938964844,69.43000030517578,69.68000030517578,21200,0.0,0.0,0.0
2021-07-09 00:00:00-04:00,70.38999938964844,70.86000061035156,70.31999969482422,70.79000091552734,32200,0.0,0.0,0.0
2021-07-12 00:00:00-04:00,70.93000030517578,71.16000366210938,70.62999725341797,71.0,151800,0.0,0.0,0.0
2021-07-13 00:00:00-04:00,70.69000244140625,70.95999908447266,70.55000305175781,70.58000183105469,56100,0.0,0.0,0.0
2021-07-14 00:00:00-04:00,70.76000213623047,70.80999755859375,70.47000122070312,70.54000091552734,16900,0.0,0.0,0.0
2021-07-15 00:00:00-04:00,69.8499984741211,70.05999755859375,69.36000061035156,69.66000366210938,13100,0.0,0.0,0.0
2021-07-16 00:00:00-04:00,69.80000305175781,69.80000305175781,69.13999938964844,69.27999877929688,36400,0.0,0.0,0.0
2021-07-19 00:00:00-04:00,67.86000061035156,67.86000061035156,67.29000091552734,67.61000061035156,117500,0.0,0.0,0.0
2021-07-20 00:00:00-04:00,67.41999816894531,68.2300033569336,67.33999633789062,68.08999633789062,28500,0.0,0.0,0.0
2021-07-21 00:00:00-04:00,68.9800033569336,69.7300033569336,68.94000244140625,69.63999938964844,25600,0.0,0.0,0.0
2021-07-22 00:00:00-04:00,70.37999725341797,70.37999725341797,70.02999877929688,70.18000030517578,10800,0.0,0.0,0.0
2021-07-23 00:00:00-04:00,70.5999984741211,70.80999755859375,70.51000213623047,70.51000213623047,20500,0.0,0.0,0.0
2021-07-26 00:00:00-04:00,70.83999633789062,71.30999755859375,70.83999633789062,71.27999877929688,11400,0.0,0.0,0.0
2021-07-27 00:00:00-04:00,71.0199966430664,71.23999786376953,70.76000213623047,71.16999816894531,166300,0.0,0.0,0.0
2021-07-28 00:00:00-04:00,71.29000091552734,71.70999908447266,71.1500015258789,71.69000244140625,27500,0.0,0.0,0.0
2021-07-29 00:00:00-04:00,72.11000061035156,72.31999969482422,72.08000183105469,72.12999725341797,14500,0.0,0.0,0.0
2021-07-30 00:00:00-04:00,72.08000183105469,72.1500015258789,71.58999633789062,71.7699966430664,66500,0.0,0.0,0.0
2021-08-02 00:00:00-04:00,72.41000366210938,72.5,72.12000274658203,72.12000274658203,25700,0.0,0.0,0.0
2021-08-03 00:00:00-04:00,72.66000366210938,72.72000122070312,72.19000244140625,72.72000122070312,94500,0.0,0.0,0.0
2021-08-04 00:00:00-04:00,72.83999633789062,73.0,72.44999694824219,73.0,88800,0.0,0.0,0.0
2021-08-05 00:00:00-04:00,72.93000030517578,73.1500015258789,72.8499984741211,73.08999633789062,101500,0.0,0.0,0.0
2021-08-06 00:00:00-04:00,72.66000366210938,72.66000366210938,72.16999816894531,72.30000305175781,42800,0.0,0.0,0.0
2021-08-09 00:00:00-04:00,72.30999755859375,72.30999755859375,72.02999877929688,72.13999938964844,16000,0.0,0.0,0.0
2021-08-10 00:00:00-04:00,72.37999725341797,72.48999786376953,72.30999755859375,72.44999694824219,15800,0.0,0.0,0.0
2021-08-11 00:00:00-04:00,72.7300033569336,73.05999755859375,72.7300033569336,73.0,49200,0.0,0.0,0.0
2021-08-12 00:00:00-04:00,72.94000244140625,72.9800033569336,72.62000274658203,72.83000183105469,22000,0.0,0.0,0.0
2021-08-13 00:00:00-04:00,73.25,73.4000015258789,73.08000183105469,73.33999633789062,35300,0.0,0.0,0.0
2021-08-16 00:00:00-04:00,72.94999694824219,73.12000274658203,72.56999969482422,73.05999755859375,35900,0.0,0.0,0.0
2021-08-17 00:00:00-04:00,72.44000244140625,72.48999786376953,71.87000274658203,72.33000183105469,14800,0.0,0.0,0.0
2021-08-18 00:00:00-04:00,72.69999694824219,72.94000244140625,72.48999786376953,72.48999786376953,94000,0.0,0.0,0.0
2021-08-19 00:00:00-04:00,71.58000183105469,71.80999755859375,71.3499984741211,71.58000183105469,29400,0.0,0.0,0.0
2021-08-20 00:00:00-04:00,71.37000274658203,71.98999786376953,71.37000274658203,71.94000244140625,14600,0.0,0.0,0.0
2021-08-23 00:00:00-04:00,72.37999725341797,72.72000122070312,72.31999969482422,72.58999633789062,83700,0.0,0.0,0.0
2021-08-24 00:00:00-04:00,72.68000030517578,72.93000030517578,72.66000366210938,72.83999633789062,12100,0.0,0.0,0.0
2021-08-25 00:00:00-04:00,73.02999877929688,73.2300033569336,72.94999694824219,73.08999633789062,16000,0.0,0.0,0.0
2021-08-26 00:00:00-04:00,73.05000305175781,73.19999694824219,72.76000213623047,72.81999969482422,30800,0.0,0.0,0.0
2021-08-27 00:00:00-04:00,73.01000213623047,73.86000061035156,72.9800033569336,73.7699966430664,47100,0.0,0.0,0.0
2021-08-30 00:00:00-04:00,73.91999816894531,74.06999969482422,73.80000305175781,74.01000213623047,29600,0.0,0.0,0.0
2021-08-31 00:00:00-04:00,74.19999694824219,74.19999694824219,73.8499984741211,74.12000274658203,25600,0.0,0.0,0.0
2021-09-01 00:00:00-04:00,74.30999755859375,74.66000366210938,74.29000091552734,74.43000030517578,43000,0.0,0.0,0.0
2021-09-02 00:00:00-04:00,74.94000244140625,75.08000183105469,74.75,75.01000213623047,32700,0.0,0.0,0.0
2021-09-03 00:00:00-04:00,74.88999938964844,75.11000061035156,74.68000030517578,74.97000122070312,27500,0.0,0.0,0.0
2021-09-07 00:00:00-04:00,74.7300033569336,74.79000091552734,74.25,74.5,77800,0.0,0.0,0.0
2021-09-08 00:00:00-04:00,73.76000213623047,73.76000213623047,73.12999725341797,73.37000274658203,36800,0.0,0.0,0.0
2021-09-09 00:00:00-04:00,73.22000122070312,73.81999969482422,73.22000122070312,73.4800033569336,19600,0.0,0.0,0.0
2021-09-10 00:00:00-04:00,73.75,73.77999877929688,73.05000305175781,73.2699966430664,35300,0.0,0.0,0.0
2021-09-13 00:00:00-04:00,73.44000244140625,73.44000244140625,73.1500015258789,73.2699966430664,8700,0.0,0.0,0.0
2021-09-14 00:00:00-04:00,73.69999694824219,73.69999694824219,73.08000183105469,73.12999725341797,26400,0.0,0.0,0.0
2021-09-15 00:00:00-04:00,72.79000091552734,73.08000183105469,72.51000213623047,72.95999908447266,29200,0.0,0.0,0.0
2021-09-16 00:00:00-04:00,72.61000061035156,73.01000213623047,72.5199966430664,73.0,29700,0.0,0.0,0.0
2021-09-17 00:00:00-04:00,73.0,73.0,72.11000061035156,72.25,18800,0.0,0.0,0.0
2021-09-20 00:00:00-04:00,70.56999969482422,70.83999633789062,70.06999969482422,70.62000274658203,35300,0.0,0.0,0.0
2021-09-21 00:00:00-04:00,71.33000183105469,71.56999969482422,71.1500015258789,71.30999755859375,15000,0.0,0.0,0.0
2021-09-22 00:00:00-04:00,71.75,72.5,71.75,71.93000030517578,14200,0.0,0.0,0.0
2021-09-23 00:00:00-04:00,72.80000305175781,73.25,72.80000305175781,73.0999984741211,20000,0.0,0.0,0.0
2021-09-24 00:00:00-04:00,72.08999633789062,72.30000305175781,72.08999633789062,72.2699966430664,20900,0.0,0.0,0.0
2021-09-27 00:00:00-04:00,71.5,71.95999908447266,71.5,71.80999755859375,23100,0.0,0.0,0.0
2021-09-28 00:00:00-04:00,70.12999725341797,70.12999725341797,69.48999786376953,69.69000244140625,43200,0.0,0.0,0.0
2021-09-29 00:00:00-04:00,69.58999633789062,69.6500015258789,69.0,69.02999877929688,39400,0.0,0.0,0.0
2021-09-30 00:00:00-04:00,69.31999969482422,69.55999755859375,68.9800033569336,69.16999816894531,18500,0.0,0.0,0.0
2021-10-01 00:00:00-04:00,69.45999908447266,69.91000366210938,69.16999816894531,69.76000213623047,27400,0.0,0.0,0.0
2021-10-04 00:00:00-04:00,69.38999938964844,69.45999908447266,68.56999969482422,68.72000122070312,84500,0.0,0.0,0.0
2021-10-05 00:00:00-04:00,68.79000091552734,69.19000244140625,68.77999877929688,68.81999969482422,80300,0.0,0.0,0.0
2021-10-06 00:00:00-04:00,67.79000091552734,68.27999877929688,67.5,68.23999786376953,43200,0.0,0.0,0.0
2021-10-07 00:00:00-04:00,68.20999908447266,68.91000366210938,68.20999908447266,68.56999969482422,10400,0.0,0.0,0.0
2021-10-08 00:00:00-04:00,68.7699966430664,68.80999755859375,68.51000213623047,68.66999816894531,11500,0.0,0.0,0.0
2021-10-11 00:00:00-04:00,68.23999786376953,68.51000213623047,67.95999908447266,68.08999633789062,15000,0.0,0.0,0.0
2021-10-12 00:00:00-04:00,68.5,68.80000305175781,68.44000244140625,68.5999984741211,11200,0.0,0.0,0.0
2021-10-13 00:00:00-04:00,69.30000305175781,70.01000213623047,69.30000305175781,70.0,19700,0.0,0.0,0.0
2021-10-14 00:00:00-04:00,70.4800033569336,70.83000183105469,70.4800033569336,70.73999786376953,13500,0.0,0.0,0.0
2021-10-15 00:00:00-04:00,71.08000183105469,71.4800033569336,71.08000183105469,71.20999908447266,31900,0.0,0.0,0.0
2021-10-18 00:00:00-04:00,70.94999694824219,71.37000274658203,70.94999694824219,71.26000213623047,24500,0.0,0.0,0.0
2021-10-19 00:00:00-04:00,71.55000305175781,71.87000274658203,71.55000305175781,71.77999877929688,11900,0.0,0.0,0.0
2021-10-20 00:00:00-04:00,71.5999984741211,72.06999969482422,71.4800033569336,71.95999908447266,16100,0.0,0.0,0.0
2021-10-21 00:00:00-04:00,71.86000061035156,72.08000183105469,71.81999969482422,72.04000091552734,17000,0.0,0.0,0.0
2021-10-22 00:00:00-04:00,72.0199966430664,72.30000305175781,71.8499984741211,71.93000030517578,97400,0.0,0.0,0.0
2021-10-25 00:00:00-04:00,71.76000213623047,71.83999633789062,71.48999786376953,71.51000213623047,1658100,0.0,0.0,0.0
2021-10-26 00:00:00-04:00,72.02999877929688,72.16000366210938,71.61000061035156,71.93000030517578,73800,0.0,0.0,0.0
2021-10-27 00:00:00-04:00,72.05000305175781,72.08999633789062,71.61000061035156,71.66999816894531,36100,0.0,0.0,0.0
2021-10-28 00:00:00-04:00,71.9800033569336,72.5,71.9800033569336,72.31999969482422,5100,0.0,0.0,0.0
2021-10-29 00:00:00-04:00,71.73999786376953,71.73999786376953,71.30999755859375,71.61000061035156,63600,0.0,0.0,0.0
2021-11-01 00:00:00-04:00,72.0,72.43000030517578,71.88999938964844,72.43000030517578,63100,0.0,0.0,0.0
2021-11-02 00:00:00-04:00,72.0999984741211,72.18000030517578,71.77999877929688,71.94999694824219,74800,0.0,0.0,0.0
2021-11-03 00:00:00-04:00,71.88999938964844,72.6500015258789,71.7699966430664,72.5999984741211,45100,0.0,0.0,0.0
2021-11-04 00:00:00-04:00,72.5,72.94999694824219,72.44999694824219,72.70999908447266,22700,0.0,0.0,0.0
2021-11-05 00:00:00-04:00,72.45999908447266,72.68000030517578,72.3499984741211,72.5999984741211,9900,0.0,0.0,0.0
2021-11-08 00:00:00-05:00,72.76000213623047,73.04000091552734,72.76000213623047,73.0199966430664,5300,0.0,0.0,0.0
2021-11-09 00:00:00-05:00,73.05000305175781,73.11000061035156,72.66000366210938,72.79000091552734,8500,0.0,0.0,0.0
2021-11-10 00:00:00-05:00,72.4000015258789,72.54000091552734,71.80000305175781,71.80000305175781,8500,0.0,0.0,0.0
2021-11-11 00:00:00-05:00,72.0,72.18000030517578,71.9800033569336,72.02999877929688,9000,0.0,0.0,0.0
2021-11-12 00:00:00-05:00,72.11000061035156,72.29000091552734,72.08999633789062,72.08999633789062,4800,0.0,0.0,0.0
2021-11-15 00:00:00-05:00,72.36000061035156,72.44999694824219,71.88999938964844,72.04000091552734,6100,0.0,0.0,0.0
2021-11-16 00:00:00-05:00,71.77999877929688,71.88999938964844,71.7699966430664,71.7699966430664,6600,0.0,0.0,0.0
2021-11-17 00:00:00-05:00,71.83000183105469,71.83000183105469,71.5199966430664,71.68000030517578,10300,0.0,0.0,0.0
2021-11-18 00:00:00-05:00,71.76000213623047,71.76000213623047,71.30999755859375,71.73999786376953,31300,0.0,0.0,0.0
2021-11-19 00:00:00-05:00,71.19000244140625,71.25,70.83000183105469,71.06999969482422,50200,0.0,0.0,0.0
2021-11-22 00:00:00-05:00,70.4800033569336,70.8499984741211,70.26000213623047,70.51000213623047,49300,0.0,0.0,0.0
2021-11-23 00:00:00-05:00,69.77999877929688,69.86000061035156,69.0999984741211,69.44999694824219,31000,0.0,0.0,0.0
2021-11-24 00:00:00-05:00,68.5,68.9000015258789,68.2300033569336,68.88999938964844,10300,0.0,0.0,0.0
2021-11-26 00:00:00-05:00,68.08999633789062,68.08999633789062,67.44000244140625,67.5999984741211,14400,0.0,0.0,0.0
2021-11-29 00:00:00-05:00,68.19999694824219,68.55000305175781,67.88999938964844,68.12000274658203,34800,0.0,0.0,0.0
2021-11-30 00:00:00-05:00,68.19999694824219,68.45999908447266,67.0199966430664,67.7300033569336,14200,0.0,0.0,0.0
2021-12-01 00:00:00-05:00,68.54000091552734,68.87000274658203,67.2699966430664,67.2699966430664,23600,0.0,0.0,0.0
2021-12-02 00:00:00-05:00,67.5199966430664,68.0999984741211,67.44000244140625,67.83000183105469,49300,0.0,0.0,0.0
2021-12-03 00:00:00-05:00,67.87000274658203,67.87000274658203,66.55000305175781,66.97000122070312,28000,0.0,0.0,0.0
2021-12-06 00:00:00-05:00,66.97000122070312,67.4800033569336,66.95999908447266,67.30999755859375,35800,0.0,0.0,0.0
2021-12-07 00:00:00-05:00,68.36000061035156,68.9000015258789,68.36000061035156,68.75,24700,0.0,0.0,0.0
2021-12-08 00:00:00-05:00,68.80000305175781,69.08000183105469,68.69000244140625,68.93000030517578,31300,0.0,0.0,0.0
2021-12-09 00:00:00-05:00,68.55000305175781,68.55000305175781,68.19999694824219,68.30000305175781,15100,0.0,0.0,0.0
2021-12-10 00:00:00-05:00,68.25,68.44000244140625,67.88999938964844,68.44000244140625,20100,0.0,0.0,0.0
2021-12-13 00:00:00-05:00,67.0199966430664,67.0199966430664,66.36000061035156,66.4800033569336,10300,0.0,0.0,0.0
2021-12-14 00:00:00-05:00,66.1500015258789,66.1500015258789,65.47000122070312,65.68000030517578,19600,0.0,0.0,0.0
2021-12-15 00:00:00-05:00,65.58000183105469,66.51000213623047,65.44999694824219,66.30000305175781,20600,0.0,0.0,0.0
2021-12-16 00:00:00-05:00,67.0,67.01000213623047,66.30999755859375,66.58000183105469,12500,0.0,0.0,0.0
2021-12-17 00:00:00-05:00,66.18000030517578,66.55999755859375,66.0199966430664,66.08999633789062,15800,0.0,0.0,0.0
2021-12-20 00:00:00-05:00,65.5999984741211,66.01000213623047,65.12000274658203,65.97000122070312,52700,0.0,0.0,0.0
2021-12-21 00:00:00-05:00,66.33000183105469,66.7300033569336,66.31999969482422,66.7300033569336,15400,0.0,0.0,0.0
2021-12-22 00:00:00-05:00,67.26000213623047,67.98999786376953,67.26000213623047,67.86000061035156,37500,0.0,0.0,0.0
2021-12-23 00:00:00-05:00,68.26000213623047,68.58999633789062,68.1500015258789,68.58999633789062,21300,0.0,0.0,0.0
2021-12-27 00:00:00-05:00,68.73999786376953,69.5,68.73999786376953,69.4000015258789,17300,0.0,0.0,0.0
2021-12-28 00:00:00-05:00,69.5199966430664,69.75,69.38999938964844,69.54000091552734,10000,0.0,0.0,0.0
2021-12-29 00:00:00-05:00,69.56999969482422,69.87000274658203,69.25,69.66000366210938,9200,0.0,0.0,0.0
2021-12-30 00:00:00-05:00,69.66000366210938,69.69000244140625,69.3499984741211,69.37000274658203,8800,0.0,0.0,0.0
2021-12-31 00:00:00-05:00,69.70999908447266,69.9000015258789,69.44999694824219,69.5999984741211,5500,0.0,0.0,0.0
2022-01-03 00:00:00-05:00,70.16000366210938,70.19999694824219,69.83000183105469,70.12000274658203,10200,0.0,0.0,0.0
2022-01-04 00:00:00-05:00,70.4000015258789,70.4000015258789,69.9000015258789,69.94000244140625,47300,0.0,0.0,0.0
2022-01-05 00:00:00-05:00,70.36000061035156,70.5199966430664,69.41000366210938,69.55000305175781,10500,0.0,0.0,0.0
2022-01-06 00:00:00-05:00,69.06999969482422,69.19999694824219,68.72000122070312,68.7699966430664,12200,0.0,0.0,0.0
2022-01-07 00:00:00-05:00,68.93000030517578,69.19000244140625,68.73999786376953,69.12999725341797,9200,0.0,0.0,0.0
2022-01-10 00:00:00-05:00,67.94999694824219,67.94999694824219,67.06999969482422,67.7300033569336,47100,0.0,0.0,0.0
2022-01-11 00:00:00-05:00,67.91000366210938,68.55999755859375,67.79000091552734,68.37999725341797,13500,0.0,0.0,0.0
2022-01-12 00:00:00-05:00,69.08000183105469,69.36000061035156,69.08000183105469,69.0999984741211,7700,0.0,0.0,0.0
2022-01-13 00:00:00-05:00,69.5199966430664,69.5199966430664,68.56999969482422,68.66999816894531,20200,0.0,0.0,0.0
2022-01-14 00:00:00-05:00,68.16000366210938,68.37999725341797,67.62000274658203,68.12999725341797,47400,0.0,0.0,0.0
2022-01-18 00:00:00-05:00,67.02999877929688,67.30999755859375,66.7699966430664,66.80000305175781,48700,0.0,0.0,0.0
2022-01-19 00:00:00-05:00,67.12999725341797,67.66999816894531,67.05999755859375,67.16000366210938,15600,0.0,0.0,0.0
2022-01-20 00:00:00-05:00,67.23999786376953,67.58000183105469,66.52999877929688,66.52999877929688,44200,0.0,0.0,0.0
2022-01-21 00:00:00-05:00,65.79000091552734,65.94999694824219,65.19999694824219,65.23999786376953,25700,0.0,0.0,0.0
2022-01-24 00:00:00-05:00,63.189998626708984,63.66999816894531,62.099998474121094,63.630001068115234,48400,0.0,0.0,0.0
2022-01-25 00:00:00-05:00,62.849998474121094,63.619998931884766,62.81999969482422,63.380001068115234,34200,0.0,0.0,0.0
2022-01-26 00:00:00-05:00,64.37000274658203,64.63999938964844,63.279998779296875,63.529998779296875,12400,0.0,0.0,0.0
2022-01-27 00:00:00-05:00,63.560001373291016,63.93000030517578,63.2400016784668,63.400001525878906,66700,0.0,0.0,0.0
2022-01-28 00:00:00-05:00,63.11000061035156,63.630001068115234,62.81999969482422,63.47999954223633,22000,0.0,0.0,0.0
2022-01-31 00:00:00-05:00,63.77000045776367,64.91999816894531,63.77000045776367,64.88999938964844,99000,0.0,0.0,0.0
2022-02-01 00:00:00-05:00,65.44999694824219,65.69999694824219,65.11000061035156,65.63999938964844,65400,0.0,0.0,0.0
2022-02-02 00:00:00-05:00,66.5,66.5,65.83999633789062,66.27999877929688,145100,0.0,0.0,0.0
2022-02-03 00:00:00-05:00,65.47000122070312,65.69000244140625,65.0999984741211,65.12000274658203,88800,0.0,0.0,0.0
2022-02-04 00:00:00-05:00,64.52999877929688,64.93000030517578,64.31999969482422,64.75,746500,0.0,0.0,0.0
2022-02-07 00:00:00-05:00,64.33999633789062,64.70999908447266,64.29000091552734,64.29000091552734,342300,0.0,0.0,0.0
2022-02-08 00:00:00-05:00,63.97999954223633,64.4800033569336,63.95000076293945,64.33000183105469,40900,0.0,0.0,0.0
2022-02-09 00:00:00-05:00,65.73999786376953,65.94999694824219,65.62000274658203,65.94999694824219,14400,0.0,0.0,0.0
2022-02-10 00:00:00-05:00,64.76000213623047,65.95999908447266,64.76000213623047,65.04000091552734,36700,0.0,0.0,0.0
2022-02-11 00:00:00-05:00,65.11000061035156,65.30000305175781,63.7400016784668,63.790000915527344,40700,0.0,0.0,0.0
2022-02-14 00:00:00-05:00,63.18000030517578,63.25,62.5099983215332,63.11000061035156,31000,0.0,0.0,0.0
2022-02-15 00:00:00-05:00,64.2699966430664,64.9000015258789,64.19999694824219,64.9000015258789,31500,0.0,0.0,0.0
2022-02-16 00:00:00-05:00,64.52999877929688,65.01000213623047,64.30999755859375,64.69000244140625,89900,0.0,0.0,0.0
2022-02-17 00:00:00-05:00,64.30999755859375,64.33999633789062,63.41999816894531,63.59000015258789,22900,0.0,0.0,0.0
2022-02-18 00:00:00-05:00,63.27000045776367,63.38999938964844,62.7599983215332,62.84000015258789,11900,0.0,0.0,0.0
2022-02-22 00:00:00-05:00,61.900001525878906,62.20000076293945,61.15999984741211,61.560001373291016,86200,0.0,0.0,0.0
2022-02-23 00:00:00-05:00,61.59000015258789,61.59000015258789,60.709999084472656,60.88999938964844,6700,0.0,0.0,0.0
2022-02-24 00:00:00-05:00,58.0,60.2400016784668,58.0,60.0,83600,0.0,0.0,0.0
2022-02-25 00:00:00-05:00,60.95000076293945,61.84000015258789,60.84000015258789,61.84000015258789,34000,0.0,0.0,0.0
2022-02-28 00:00:00-05:00,60.880001068115234,61.90999984741211,60.4900016784668,60.84000015258789,46400,0.0,0.0,0.0
2022-03-01 00:00:00-05:00,60.380001068115234,60.380001068115234,58.68000030517578,59.220001220703125,22100,0.0,0.0,0.0
2022-03-02 00:00:00-05:00,59.650001525878906,60.16999816894531,59.41999816894531,59.869998931884766,51000,0.0,0.0,0.0
2022-03-03 00:00:00-05:00,59.52000045776367,59.52000045776367,57.79999923706055,58.099998474121094,32300,0.0,0.0,0.0
2022-03-04 00:00:00-05:00,55.72999954223633,55.72999954223633,54.83000183105469,55.439998626708984,119100,0.0,0.0,0.0
2022-03-07 00:00:00-05:00,55.27000045776367,55.29999923706055,52.58000183105469,53.15999984741211,112100,0.0,0.0,0.0
2022-03-08 00:00:00-05:00,54.83000183105469,56.209999084472656,54.279998779296875,55.11000061035156,86200,0.0,0.0,0.0
2022-03-09 00:00:00-05:00,57.220001220703125,58.470001220703125,56.93000030517578,57.83000183105469,40300,0.0,0.0,0.0
2022-03-10 00:00:00-05:00,57.08000183105469,57.540000915527344,56.150001525878906,56.150001525878906,119600,0.0,0.0,0.0
2022-03-11 00:00:00-05:00,58.2599983215332,58.40999984741211,56.9900016784668,57.189998626708984,19100,0.0,0.0,0.0
2022-03-14 00:00:00-04:00,58.459999084472656,59.0099983215332,58.18000030517578,58.20000076293945,46100,0.0,0.0,0.0
2022-03-15 00:00:00-04:00,58.08000183105469,58.220001220703125,57.459999084472656,57.9900016784668,79900,0.0,0.0,0.0
2022-03-16 00:00:00-04:00,59.529998779296875,60.810001373291016,59.529998779296875,60.720001220703125,17400,0.0,0.0,0.0
2022-03-17 00:00:00-04:00,60.470001220703125,61.16999816894531,60.400001525878906,61.029998779296875,14600,0.0,0.0,0.0
2022-03-18 00:00:00-04:00,60.31999969482422,61.810001373291016,60.31999969482422,61.689998626708984,4100,0.0,0.0,0.0
2022-03-21 00:00:00-04:00,61.27000045776367,61.5,60.97999954223633,61.09000015258789,6800,0.0,0.0,0.0
2022-03-22 00:00:00-04:00,61.720001220703125,61.97999954223633,61.68000030517578,61.91999816894531,5200,0.0,0.0,0.0
2022-03-23 00:00:00-04:00,60.86000061035156,60.97999954223633,60.4900016784668,60.709999084472656,6500,0.0,0.0,0.0
2022-03-24 00:00:00-04:00,60.61000061035156,60.68000030517578,60.38999938964844,60.56999969482422,14500,0.0,0.0,0.0
2022-03-25 00:00:00-04:00,60.900001525878906,60.91999816894531,60.52000045776367,60.869998931884766,9400,0.0,0.0,0.0
2022-03-28 00:00:00-04:00,60.52000045776367,60.939998626708984,60.31999969482422,60.880001068115234,24500,0.0,0.0,0.0
2022-03-29 00:00:00-04:00,62.5,62.720001220703125,62.06999969482422,62.540000915527344,12800,0.0,0.0,0.0
2022-03-30 00:00:00-04:00,62.189998626708984,62.380001068115234,61.939998626708984,62.119998931884766,37400,0.0,0.0,0.0
2022-03-31 00:00:00-04:00,61.61000061035156,61.66999816894531,60.90999984741211,61.029998779296875,5500,0.0,0.0,0.0
2022-04-01 00:00:00-04:00,61.400001525878906,61.630001068115234,61.150001525878906,61.529998779296875,13400,0.0,0.0,0.0
2022-04-04 00:00:00-04:00,61.56999969482422,61.90999984741211,61.439998626708984,61.66999816894531,8600,0.0,0.0,0.0
2022-04-05 00:00:00-04:00,61.79999923706055,61.91999816894531,60.9900016784668,61.29999923706055,32700,0.0,0.0,0.0
2022-04-06 00:00:00-04:00,60.040000915527344,60.220001220703125,59.849998474121094,59.95000076293945,5200,0.0,0.0,0.0
2022-04-07 00:00:00-04:00,60.36000061035156,60.41999816894531,59.79999923706055,60.29999923706055,25100,0.0,0.0,0.0
2022-04-08 00:00:00-04:00,60.0099983215332,60.529998779296875,60.0,60.290000915527344,10600,0.0,0.0,0.0
2022-04-11 00:00:00-04:00,60.220001220703125,60.22999954223633,59.5099983215332,59.630001068115234,58700,0.0,0.0,0.0
2022-04-12 00:00:00-04:00,59.91999816894531,60.04999923706055,59.31999969482422,59.33000183105469,21100,0.0,0.0,0.0
2022-04-13 00:00:00-04:00,59.4900016784668,60.220001220703125,59.4900016784668,60.220001220703125,7500,0.0,0.0,0.0
2022-04-14 00:00:00-04:00,60.290000915527344,60.290000915527344,59.91999816894531,59.9900016784668,17400,0.0,0.0,0.0
2022-04-18 00:00:00-04:00,59.900001525878906,60.08000183105469,59.540000915527344,59.68000030517578,6200,0.0,0.0,0.0
2022-04-19 00:00:00-04:00,59.5,60.04999923706055,59.5,60.04999923706055,5600,0.0,0.0,0.0
2022-04-20 00:00:00-04:00,60.599998474121094,60.599998474121094,60.290000915527344,60.290000915527344,3300,0.0,0.0,0.0
2022-04-21 00:00:00-04:00,61.54999923706055,61.599998474121094,60.15999984741211,60.22999954223633,10500,0.0,0.0,0.0
2022-04-22 00:00:00-04:00,60.08000183105469,60.08000183105469,59.119998931884766,59.119998931884766,7100,0.0,0.0,0.0
2022-04-25 00:00:00-04:00,58.310001373291016,58.650001525878906,57.81999969482422,58.36000061035156,3600,0.0,0.0,0.0
2022-04-26 00:00:00-04:00,58.0,58.0,56.4900016784668,56.4900016784668,7100,0.0,0.0,0.0
2022-04-27 00:00:00-04:00,56.689998626708984,56.790000915527344,56.20000076293945,56.5,5800,0.0,0.0,0.0
2022-04-28 00:00:00-04:00,56.470001220703125,57.08000183105469,56.209999084472656,56.9900016784668,25200,0.0,0.0,0.0
2022-04-29 00:00:00-04:00,57.29999923706055,57.380001068115234,56.56999969482422,56.56999969482422,16200,0.0,0.0,0.0
2022-05-02 00:00:00-04:00,56.43000030517578,56.61000061035156,55.619998931884766,56.209999084472656,10100,0.0,0.0,0.0
2022-05-03 00:00:00-04:00,56.58000183105469,56.689998626708984,56.279998779296875,56.36000061035156,59100,0.0,0.0,0.0
2022-05-04 00:00:00-04:00,56.189998626708984,57.209999084472656,56.02000045776367,57.08000183105469,8100,0.0,0.0,0.0
2022-05-05 00:00:00-04:00,56.20000076293945,56.2400016784668,54.630001068115234,54.77000045776367,59000,0.0,0.0,0.0
2022-05-06 00:00:00-04:00,54.34000015258789,54.34000015258789,53.66999816894531,53.90999984741211,300200,0.0,0.0,0.0
2022-05-09 00:00:00-04:00,52.88999938964844,52.88999938964844,51.869998931884766,52.0099983215332,22800,0.0,0.0,0.0
2022-05-10 00:00:00-04:00,52.97999954223633,52.97999954223633,52.060001373291016,52.2400016784668,10700,0.0,0.0,0.0
2022-05-11 00:00:00-04:00,52.810001373291016,53.380001068115234,52.130001068115234,52.41999816894531,12900,0.0,0.0,0.0
2022-05-12 00:00:00-04:00,51.560001373291016,52.439998626708984,51.529998779296875,52.0,5100,0.0,0.0,0.0
2022-05-13 00:00:00-04:00,52.90999984741211,53.86000061035156,52.90999984741211,53.86000061035156,54300,0.0,0.0,0.0
2022-05-16 00:00:00-04:00,53.70000076293945,54.18000030517578,53.470001220703125,53.90999984741211,7400,0.0,0.0,0.0
2022-05-17 00:00:00-04:00,55.189998626708984,55.439998626708984,54.959999084472656,55.439998626708984,19700,0.0,0.0,0.0
2022-05-18 00:00:00-04:00,54.689998626708984,54.689998626708984,53.689998626708984,53.95000076293945,15600,0.0,0.0,0.0
2022-05-19 00:00:00-04:00,53.77000045776367,54.91999816894531,53.77000045776367,54.779998779296875,18500,0.0,0.0,0.0
2022-05-20 00:00:00-04:00,55.25,55.369998931884766,54.25,54.779998779296875,20100,0.0,0.0,0.0
2022-05-23 00:00:00-04:00,55.7400016784668,56.06999969482422,55.63999938964844,56.0099983215332,6300,0.0,0.0,0.0
2022-05-24 00:00:00-04:00,55.75,55.75,55.380001068115234,55.4900016784668,15600,0.0,0.0,0.0
2022-05-25 00:00:00-04:00,55.22999954223633,55.90999984741211,55.22999954223633,55.619998931884766,11000,0.0,0.0,0.0
2022-05-26 00:00:00-04:00,56.119998931884766,56.709999084472656,56.11000061035156,56.709999084472656,32000,0.0,0.0,0.0
2022-05-27 00:00:00-04:00,57.0099983215332,57.25,56.959999084472656,57.040000915527344,23700,0.0,0.0,0.0
2022-05-31 00:00:00-04:00,57.369998931884766,57.619998931884766,57.20000076293945,57.33000183105469,31600,0.0,0.0,0.0
2022-06-01 00:00:00-04:00,57.38999938964844,57.400001525878906,56.119998931884766,56.400001525878906,10500,0.0,0.0,0.0
2022-06-02 00:00:00-04:00,56.81999969482422,57.7400016784668,56.81999969482422,57.7400016784668,8000,0.0,0.0,0.0
2022-06-03 00:00:00-04:00,56.97999954223633,57.150001525878906,56.93000030517578,56.97999954223633,4500,0.0,0.0,0.0
2022-06-06 00:00:00-04:00,57.709999084472656,57.709999084472656,57.130001068115234,57.13999938964844,9400,0.0,0.0,0.0
2022-06-07 00:00:00-04:00,56.4900016784668,57.25,56.47999954223633,57.11000061035156,5500,0.0,0.0,0.0
2022-06-08 00:00:00-04:00,56.810001373291016,56.900001525878906,56.540000915527344,56.540000915527344,4000,0.0,0.0,0.0
2022-06-09 00:00:00-04:00,54.869998931884766,54.869998931884766,53.880001068115234,53.90999984741211,10300,0.0,0.0,0.0
2022-06-10 00:00:00-04:00,52.630001068115234,52.630001068115234,52.130001068115234,52.130001068115234,10400,0.0,0.0,0.0
2022-06-13 00:00:00-04:00,50.369998931884766,50.59000015258789,49.709999084472656,49.79999923706055,26900,0.0,0.0,0.0
2022-06-14 00:00:00-04:00,49.560001373291016,49.560001373291016,48.59000015258789,49.02000045776367,7200,0.0,0.0,0.0
2022-06-15 00:00:00-04:00,49.810001373291016,50.630001068115234,49.31999969482422,50.439998626708984,13500,0.0,0.0,0.0
2022-06-16 00:00:00-04:00,48.86000061035156,49.150001525878906,48.61000061035156,48.689998626708984,11800,0.0,0.0,0.0
2022-06-17 00:00:00-04:00,49.2400016784668,49.529998779296875,48.959999084472656,49.220001220703125,8900,0.0,0.0,0.0
2022-06-21 00:00:00-04:00,50.029998779296875,50.25,49.7599983215332,49.84000015258789,10100,0.0,0.0,0.0
2022-06-22 00:00:00-04:00,49.130001068115234,49.790000915527344,49.130001068115234,49.38999938964844,5200,0.0,0.0,0.0
2022-06-23 00:00:00-04:00,48.83000183105469,49.16999816894531,48.599998474121094,49.099998474121094,7200,0.0,0.0,0.0
2022-06-24 00:00:00-04:00,50.0099983215332,50.459999084472656,50.0099983215332,50.459999084472656,5500,0.0,0.0,0.0
2022-06-27 00:00:00-04:00,50.220001220703125,50.4900016784668,50.220001220703125,50.4900016784668,600,0.0,0.0,0.0
2022-06-28 00:00:00-04:00,50.52000045776367,50.54999923706055,49.650001525878906,49.650001525878906,35400,0.0,0.0,0.0
2022-06-29 00:00:00-04:00,49.400001525878906,49.47999954223633,49.02000045776367,49.02000045776367,12200,0.0,0.0,0.0
2022-06-30 00:00:00-04:00,47.7400016784668,48.58000183105469,47.720001220703125,48.560001373291016,112700,0.0,0.0,0.0
2022-07-01 00:00:00-04:00,48.029998779296875,48.47999954223633,47.630001068115234,48.47999954223633,16200,0.0,0.0,0.0
2022-07-05 00:00:00-04:00,46.45000076293945,46.95000076293945,46.31999969482422,46.95000076293945,15200,0.0,0.0,0.0
2022-07-06 00:00:00-04:00,46.959999084472656,47.13999938964844,46.68000030517578,47.04999923706055,13800,0.0,0.0,0.0
2022-07-07 00:00:00-04:00,47.83000183105469,48.150001525878906,47.79999923706055,48.150001525878906,34400,0.0,0.0,0.0
2022-07-08 00:00:00-04:00,48.2599983215332,48.560001373291016,48.08000183105469,48.36000061035156,11600,0.0,0.0,0.0
2022-07-11 00:00:00-04:00,47.66999816894531,47.689998626708984,47.33000183105469,47.540000915527344,5600,0.0,0.0,0.0
2022-07-12 00:00:00-04:00,47.16999816894531,47.84000015258789,47.16999816894531,47.29999923706055,4100,0.0,0.0,0.0
2022-07-13 00:00:00-04:00,46.68000030517578,47.599998474121094,46.68000030517578,47.36000061035156,6600,0.0,0.0,0.0
2022-07-14 00:00:00-04:00,46.25,46.5099983215332,45.650001525878906,46.41999816894531,25500,0.0,0.0,0.0
2022-07-15 00:00:00-04:00,46.93000030517578,47.290000915527344,46.790000915527344,47.20000076293945,2700,0.0,0.0,0.0
2022-07-18 00:00:00-04:00,48.2599983215332,48.400001525878906,47.810001373291016,47.91999816894531,9800,0.0,0.0,0.0
2022-07-19 00:00:00-04:00,48.900001525878906,49.41999816894531,48.849998474121094,49.220001220703125,12000,0.0,0.0,0.0
2022-07-20 00:00:00-04:00,49.459999084472656,49.560001373291016,48.95000076293945,49.09000015258789,6200,0.0,0.0,0.0
2022-07-21 00:00:00-04:00,49.27000045776367,50.02000045776367,49.27000045776367,50.02000045776367,3900,0.0,0.0,0.0
2022-07-22 00:00:00-04:00,50.5099983215332,50.5099983215332,49.93000030517578,49.959999084472656,1200,0.0,0.0,0.0
2022-07-25 00:00:00-04:00,50.369998931884766,50.400001525878906,50.29999923706055,50.349998474121094,1000,0.0,0.0,0.0
2022-07-26 00:00:00-04:00,49.38999938964844,49.529998779296875,49.25,49.29999923706055,3400,0.0,0.0,0.0
2022-07-27 00:00:00-04:00,49.58000183105469,50.40999984741211,49.56999969482422,50.36000061035156,8100,0.0,0.0,0.0
2022-07-28 00:00:00-04:00,50.400001525878906,51.0099983215332,50.400001525878906,51.0099983215332,2800,0.0,0.0,0.0
2022-07-29 00:00:00-04:00,51.34000015258789,51.9900016784668,51.34000015258789,51.9900016784668,4700,0.0,0.0,0.0
2022-08-01 00:00:00-04:00,51.66999816894531,51.81999969482422,51.63999938964844,51.63999938964844,7500,0.0,0.0,0.0
2022-08-02 00:00:00-04:00,50.95000076293945,51.2599983215332,50.58000183105469,50.58000183105469,9100,0.0,0.0,0.0
2022-08-03 00:00:00-04:00,51.119998931884766,51.66999816894531,51.060001373291016,51.66999816894531,2600,0.0,0.0,0.0
2022-08-04 00:00:00-04:00,51.75,52.11000061035156,51.75,52.040000915527344,6100,0.0,0.0,0.0
2022-08-05 00:00:00-04:00,50.970001220703125,51.40999984741211,50.970001220703125,51.27000045776367,3200,0.0,0.0,0.0
2022-08-08 00:00:00-04:00,51.709999084472656,51.779998779296875,51.380001068115234,51.45000076293945,3300,0.0,0.0,0.0
2022-08-09 00:00:00-04:00,51.31999969482422,51.380001068115234,50.790000915527344,50.84000015258789,3100,0.0,0.0,0.0
2022-08-10 00:00:00-04:00,52.5,52.77000045776367,52.36000061035156,52.66999816894531,4600,0.0,0.0,0.0
2022-08-11 00:00:00-04:00,52.9900016784668,52.9900016784668,52.58000183105469,52.68000030517578,1500,0.0,0.0,0.0
2022-08-12 00:00:00-04:00,52.599998474121094,52.959999084472656,52.439998626708984,52.959999084472656,5100,0.0,0.0,0.0
2022-08-15 00:00:00-04:00,52.310001373291016,52.43000030517578,52.11000061035156,52.25,2500,0.0,0.0,0.0
2022-08-16 00:00:00-04:00,52.04999923706055,52.290000915527344,52.04999923706055,52.290000915527344,900,0.0,0.0,0.0
2022-08-17 00:00:00-04:00,51.38999938964844,51.59000015258789,51.150001525878906,51.34000015258789,8400,0.0,0.0,0.0
2022-08-18 00:00:00-04:00,51.310001373291016,51.310001373291016,50.93000030517578,50.93000030517578,7100,0.0,0.0,0.0
2022-08-19 00:00:00-04:00,50.45000076293945,50.45000076293945,49.75,49.900001525878906,21600,0.0,0.0,0.0
2022-08-22 00:00:00-04:00,48.81999969482422,48.81999969482422,48.33000183105469,48.439998626708984,4300,0.0,0.0,0.0
2022-08-23 00:00:00-04:00,48.560001373291016,48.66999816894531,48.34000015258789,48.369998931884766,17200,0.0,0.0,0.0
2022-08-24 00:00:00-04:00,48.369998931884766,48.58000183105469,48.29999923706055,48.58000183105469,3400,0.0,0.0,0.0
2022-08-25 00:00:00-04:00,48.599998474121094,48.97999954223633,48.43000030517578,48.939998626708984,16600,0.0,0.0,0.0
2022-08-26 00:00:00-04:00,49.220001220703125,49.220001220703125,47.310001373291016,47.310001373291016,12300,0.0,0.0,0.0
2022-08-29 00:00:00-04:00,47.349998474121094,47.58000183105469,47.349998474121094,47.439998626708984,2700,0.0,0.0,0.0
2022-08-30 00:00:00-04:00,48.11000061035156,48.150001525878906,47.119998931884766,47.27000045776367,23800,0.0,0.0,0.0
2022-08-31 00:00:00-04:00,47.400001525878906,47.52000045776367,47.130001068115234,47.13999938964844,3700,0.0,0.0,0.0
2022-09-01 00:00:00-04:00,46.06999969482422,46.06999969482422,45.52000045776367,46.04999923706055,11100,0.0,0.0,0.0
2022-09-02 00:00:00-04:00,46.63999938964844,46.880001068115234,45.630001068115234,45.63999938964844,10100,0.0,0.0,0.0
2022-09-06 00:00:00-04:00,46.09000015258789,46.279998779296875,45.720001220703125,45.77000045776367,6500,0.0,0.0,0.0
2022-09-07 00:00:00-04:00,45.65999984741211,46.41999816894531,45.38999938964844,46.41999816894531,5800,0.0,0.0,0.0
2022-09-08 00:00:00-04:00,45.79999923706055,46.38999938964844,45.790000915527344,46.290000915527344,15200,0.0,0.0,0.0
2022-09-09 00:00:00-04:00,47.4900016784668,47.810001373291016,47.4900016784668,47.72999954223633,5000,0.0,0.0,0.0
2022-09-12 00:00:00-04:00,48.58000183105469,48.9900016784668,48.58000183105469,48.63999938964844,7400,0.0,0.0,0.0
2022-09-13 00:00:00-04:00,47.5099983215332,47.560001373291016,46.61000061035156,46.68000030517578,9500,0.0,0.0,0.0
2022-09-14 00:00:00-04:00,46.369998931884766,46.84000015258789,46.15999984741211,46.63999938964844,54900,0.0,0.0,0.0
2022-09-15 00:00:00-04:00,46.47999954223633,46.4900016784668,46.099998474121094,46.189998626708984,3400,0.0,0.0,0.0
2022-09-16 00:00:00-04:00,45.400001525878906,45.849998474121094,45.400001525878906,45.709999084472656,22300,0.0,0.0,0.0
2022-09-19 00:00:00-04:00,45.22999954223633,46.029998779296875,45.22999954223633,45.93000030517578,50400,0.0,0.0,0.0
2022-09-20 00:00:00-04:00,44.86000061035156,44.86000061035156,44.220001220703125,44.369998931884766,85000,0.0,0.0,0.0
2022-09-21 00:00:00-04:00,44.56999969482422,45.029998779296875,43.970001220703125,44.13999938964844,13700,0.0,0.0,0.0
2022-09-22 00:00:00-04:00,43.83000183105469,43.83000183105469,43.209999084472656,43.43000030517578,26500,0.0,0.0,0.0
2022-09-23 00:00:00-04:00,42.060001373291016,42.060001373291016,41.20000076293945,41.40999984741211,30300,0.0,0.0,0.0
2022-09-26 00:00:00-04:00,41.0099983215332,41.15999984741211,40.400001525878906,40.56999969482422,20500,0.0,0.0,0.0
2022-09-27 00:00:00-04:00,40.59000015258789,40.77000045776367,39.75,40.0099983215332,17800,0.0,0.0,0.0
2022-09-28 00:00:00-04:00,39.68000030517578,41.119998931884766,39.68000030517578,41.04999923706055,20000,0.0,0.0,0.0
2022-09-29 00:00:00-04:00,39.90999984741211,40.2400016784668,39.86000061035156,40.130001068115234,10100,0.0,0.0,0.0
2022-09-30 00:00:00-04:00,40.459999084472656,41.189998626708984,40.459999084472656,40.88999938964844,23300,0.0,0.0,0.0
2022-10-03 00:00:00-04:00,41.18000030517578,41.93000030517578,40.86000061035156,41.72999954223633,14100,0.0,0.0,0.0
2022-10-04 00:00:00-04:00,43.130001068115234,43.68000030517578,43.130001068115234,43.66999816894531,7100,0.0,0.0,0.0
2022-10-05 00:00:00-04:00,42.4900016784668,42.900001525878906,42.130001068115234,42.619998931884766,8000,0.0,0.0,0.0
2022-10-06 00:00:00-04:00,42.16999816894531,42.16999816894531,41.869998931884766,41.939998626708984,10500,0.0,0.0,0.0
2022-10-07 00:00:00-04:00,41.41999816894531,41.41999816894531,40.849998474121094,41.150001525878906,6400,0.0,0.0,0.0
2022-10-10 00:00:00-04:00,41.119998931884766,41.119998931884766,40.4900016784668,40.70000076293945,16000,0.0,0.0,0.0
2022-10-11 00:00:00-04:00,40.599998474121094,40.880001068115234,40.119998931884766,40.209999084472656,21100,0.0,0.0,0.0
2022-10-12 00:00:00-04:00,40.0,40.11000061035156,39.88999938964844,39.88999938964844,17300,0.0,0.0,0.0
2022-10-13 00:00:00-04:00,39.599998474121094,41.72999954223633,39.599998474121094,41.59000015258789,2700,0.0,0.0,0.0
2022-10-14 00:00:00-04:00,41.06999969482422,41.25,40.810001373291016,40.86000061035156,4600,0.0,0.0,0.0
2022-10-17 00:00:00-04:00,42.27000045776367,42.65999984741211,42.27000045776367,42.65999984741211,12500,0.0,0.0,0.0
2022-10-18 00:00:00-04:00,43.349998474121094,43.36000061035156,42.77000045776367,43.189998626708984,12300,0.0,0.0,0.0
2022-10-19 00:00:00-04:00,42.20000076293945,42.2400016784668,41.7400016784668,41.93000030517578,10700,0.0,0.0,0.0
2022-10-20 00:00:00-04:00,42.209999084472656,42.720001220703125,41.95000076293945,42.15999984741211,3200,0.0,0.0,0.0
2022-10-21 00:00:00-04:00,42.04999923706055,42.77000045776367,41.79999923706055,42.77000045776367,24700,0.0,0.0,0.0
2022-10-24 00:00:00-04:00,42.900001525878906,43.060001373291016,42.56999969482422,42.849998474121094,18300,0.0,0.0,0.0
2022-10-25 00:00:00-04:00,43.380001068115234,44.52000045776367,43.380001068115234,44.45000076293945,10500,0.0,0.0,0.0
2022-10-26 00:00:00-04:00,45.04999923706055,45.349998474121094,45.029998779296875,45.209999084472656,11600,0.0,0.0,0.0
2022-10-27 00:00:00-04:00,45.279998779296875,45.36000061035156,44.77000045776367,44.77000045776367,6500,0.0,0.0,0.0
2022-10-28 00:00:00-04:00,44.54999923706055,45.0,44.54999923706055,44.959999084472656,4000,0.0,0.0,0.0
2022-10-31 00:00:00-04:00,44.58000183105469,44.58000183105469,44.31999969482422,44.36000061035156,3100,0.0,0.0,0.0
2022-11-01 00:00:00-04:00,45.58000183105469,45.66999816894531,44.810001373291016,45.09000015258789,12800,0.0,0.0,0.0
2022-11-02 00:00:00-04:00,44.90999984741211,45.5,44.22999954223633,44.22999954223633,4900,0.0,0.0,0.0
2022-11-03 00:00:00-04:00,43.2400016784668,43.650001525878906,43.16999816894531,43.31999969482422,15600,0.0,0.0,0.0
2022-11-04 00:00:00-04:00,44.7400016784668,45.38999938964844,44.5099983215332,45.29999923706055,6900,0.0,0.0,0.0
2022-11-07 00:00:00-05:00,46.02000045776367,46.33000183105469,45.790000915527344,46.02000045776367,9300,0.0,0.0,0.0
2022-11-08 00:00:00-05:00,46.220001220703125,47.0,46.220001220703125,46.5099983215332,9300,0.0,0.0,0.0
2022-11-09 00:00:00-05:00,45.9900016784668,46.47999954223633,45.97999954223633,46.13999938964844,18800,0.0,0.0,0.0
2022-11-10 00:00:00-05:00,48.41999816894531,49.099998474121094,48.31999969482422,49.099998474121094,5800,0.0,0.0,0.0
2022-11-11 00:00:00-05:00,49.66999816894531,50.54999923706055,49.66999816894531,50.5099983215332,4000,0.0,0.0,0.0
2022-11-14 00:00:00-05:00,49.849998474121094,50.0099983215332,49.619998931884766,49.619998931884766,2300,0.0,0.0,0.0
2022-11-15 00:00:00-05:00,50.41999816894531,50.41999816894531,49.16999816894531,49.54999923706055,4300,0.0,0.0,0.0
2022-11-16 00:00:00-05:00,49.2400016784668,49.34000015258789,48.95000076293945,49.08000183105469,10100,0.0,0.0,0.0
2022-11-17 00:00:00-05:00,48.470001220703125,49.02000045776367,48.45000076293945,48.939998626708984,422700,0.0,0.0,0.0
2022-11-18 00:00:00-05:00,49.279998779296875,49.279998779296875,48.900001525878906,49.04999923706055,30400,0.0,0.0,0.0
2022-11-21 00:00:00-05:00,48.66999816894531,48.939998626708984,48.58000183105469,48.810001373291016,31500,0.0,0.0,0.0
2022-11-22 00:00:00-05:00,49.060001373291016,49.45000076293945,49.060001373291016,49.40999984741211,21700,0.0,0.0,0.0
2022-11-23 00:00:00-05:00,49.56999969482422,50.119998931884766,49.56999969482422,50.119998931884766,20300,0.0,0.0,0.0
2022-11-25 00:00:00-05:00,50.29999923706055,50.65999984741211,50.29999923706055,50.599998474121094,4000,0.0,0.0,0.0
2022-11-28 00:00:00-05:00,50.119998931884766,50.119998931884766,49.34000015258789,49.34000015258789,22000,0.0,0.0,0.0
2022-11-29 00:00:00-05:00,49.36000061035156,49.83000183105469,49.36000061035156,49.5099983215332,14700,0.0,0.0,0.0
2022-11-30 00:00:00-05:00,49.63999938964844,50.279998779296875,49.38999938964844,50.08000183105469,2300,0.0,0.0,0.0
2022-12-01 00:00:00-05:00,51.25,51.25,50.91999816894531,51.02000045776367,8500,0.0,0.0,0.0
2022-12-02 00:00:00-05:00,50.939998626708984,51.56999969482422,50.880001068115234,51.400001525878906,10100,0.0,0.0,0.0
2022-12-05 00:00:00-05:00,51.22999954223633,51.22999954223633,50.689998626708984,50.790000915527344,9300,0.0,0.0,0.0
2022-12-06 00:00:00-05:00,50.5,50.5,49.84000015258789,49.93000030517578,7200,0.0,0.0,0.0
2022-12-07 00:00:00-05:00,50.04999923706055,50.06999969482422,49.869998931884766,49.869998931884766,1700,0.0,0.0,0.0
2022-12-08 00:00:00-05:00,49.869998931884766,50.310001373291016,49.869998931884766,50.2400016784668,89600,0.0,0.0,0.0
2022-12-09 00:00:00-05:00,50.349998474121094,50.86000061035156,50.349998474121094,50.47999954223633,16900,0.0,0.0,0.0
2022-12-12 00:00:00-05:00,50.220001220703125,50.56999969482422,50.119998931884766,50.36000061035156,37200,0.0,0.0,0.0
2022-12-13 00:00:00-05:00,51.540000915527344,51.540000915527344,51.029998779296875,51.119998931884766,6500,0.0,0.0,0.0
2022-12-14 00:00:00-05:00,50.88999938964844,51.47999954223633,50.88999938964844,51.0,13200,0.0,0.0,0.0
2022-12-15 00:00:00-05:00,50.4900016784668,50.4900016784668,49.7400016784668,49.97999954223633,18700,0.0,0.0,0.0
2022-12-16 00:00:00-05:00,49.11000061035156,49.22999954223633,48.97999954223633,48.97999954223633,77000,0.0,0.0,0.0
2022-12-19 00:00:00-05:00,49.290000915527344,49.31999969482422,48.869998931884766,49.08000183105469,60500,0.0,0.0,0.0
2022-12-20 00:00:00-05:00,48.7400016784668,49.09000015258789,48.70000076293945,48.900001525878906,18000,0.0,0.0,0.0
2022-12-21 00:00:00-05:00,49.369998931884766,49.83000183105469,49.369998931884766,49.75,21100,0.0,0.0,0.0
2022-12-22 00:00:00-05:00,49.40999984741211,49.40999984741211,48.81999969482422,49.15999984741211,14900,0.0,0.0,0.0
2022-12-23 00:00:00-05:00,49.33000183105469,49.650001525878906,49.279998779296875,49.650001525878906,14800,0.0,0.0,0.0
2022-12-27 00:00:00-05:00,49.52000045776367,49.790000915527344,49.13999938964844,49.13999938964844,15200,0.0,0.0,0.0
2022-12-28 00:00:00-05:00,49.689998626708984,49.77000045776367,49.040000915527344,49.15999984741211,25300,0.0,0.0,0.0
2022-12-29 00:00:00-05:00,49.72999954223633,50.20000076293945,49.72999954223633,50.060001373291016,10700,0.0,0.0,0.0
2022-12-30 00:00:00-05:00,49.849998474121094,49.849998474121094,49.400001525878906,49.400001525878906,6500,0.0,0.0,0.0
2023-01-03 00:00:00-05:00,50.2400016784668,50.36000061035156,49.869998931884766,50.029998779296875,13600,0.0,0.0,0.0
2023-01-04 00:00:00-05:00,50.7400016784668,50.97999954223633,50.650001525878906,50.86000061035156,14900,0.0,0.0,0.0
2023-01-05 00:00:00-05:00,50.5,50.599998474121094,50.33000183105469,50.439998626708984,14600,0.0,0.0,0.0
2023-01-06 00:00:00-05:00,50.66999816894531,51.95000076293945,50.66999816894531,51.7400016784668,133000,0.0,0.0,0.0
2023-01-09 00:00:00-05:00,52.38999938964844,52.650001525878906,52.16999816894531,52.16999816894531,14000,0.0,0.0,0.0
2023-01-10 00:00:00-05:00,52.25,52.380001068115234,52.099998474121094,52.15999984741211,53900,0.0,0.0,0.0
2023-01-11 00:00:00-05:00,52.470001220703125,52.75,52.380001068115234,52.68000030517578,4100,0.0,0.0,0.0
2023-01-12 00:00:00-05:00,53.209999084472656,53.72999954223633,53.130001068115234,53.56999969482422,11000,0.0,0.0,0.0
2023-01-13 00:00:00-05:00,53.31999969482422,53.97999954223633,53.31999969482422,53.97999954223633,24400,0.0,0.0,0.0
2023-01-17 00:00:00-05:00,54.150001525878906,54.31999969482422,53.939998626708984,54.0099983215332,27000,0.0,0.0,0.0
2023-01-18 00:00:00-05:00,54.7599983215332,54.869998931884766,54.040000915527344,54.04999923706055,50100,0.0,0.0,0.0
2023-01-19 00:00:00-05:00,53.810001373291016,53.810001373291016,53.31999969482422,53.7400016784668,17200,0.0,0.0,0.0
2023-01-20 00:00:00-05:00,53.86000061035156,54.290000915527344,53.81999969482422,54.189998626708984,12900,0.0,0.0,0.0
2023-01-23 00:00:00-05:00,54.189998626708984,54.7400016784668,54.189998626708984,54.7400016784668,20800,0.0,0.0,0.0
2023-01-24 00:00:00-05:00,54.439998626708984,54.7400016784668,54.400001525878906,54.52000045776367,6300,0.0,0.0,0.0
2023-01-25 00:00:00-05:00,54.209999084472656,54.66999816894531,54.13999938964844,54.599998474121094,12200,0.0,0.0,0.0
2023-01-26 00:00:00-05:00,54.869998931884766,54.869998931884766,54.369998931884766,54.849998474121094,10400,0.0,0.0,0.0
2023-01-27 00:00:00-05:00,54.90999984741211,55.15999984741211,54.77000045776367,55.040000915527344,4800,0.0,0.0,0.0
2023-01-30 00:00:00-05:00,54.61000061035156,54.68000030517578,54.279998779296875,54.31999969482422,12800,0.0,0.0,0.0
2023-01-31 00:00:00-05:00,54.130001068115234,54.45000076293945,53.93000030517578,54.45000076293945,8200,0.0,0.0,0.0
2023-02-01 00:00:00-05:00,55.06999969482422,55.849998474121094,54.689998626708984,55.61000061035156,25300,0.0,0.0,0.0
2023-02-02 00:00:00-05:00,56.220001220703125,56.439998626708984,55.86000061035156,56.33000183105469,15400,0.0,0.0,0.0
2023-02-03 00:00:00-05:00,55.279998779296875,55.849998474121094,55.18000030517578,55.2599983215332,20900,0.0,0.0,0.0
2023-02-06 00:00:00-05:00,54.779998779296875,54.779998779296875,54.5,54.619998931884766,4000,0.0,0.0,0.0
2023-02-07 00:00:00-05:00,54.099998474121094,54.86000061035156,54.099998474121094,54.86000061035156,10200,0.0,0.0,0.0
2023-02-08 00:00:00-05:00,54.97999954223633,55.0,54.68000030517578,54.689998626708984,2700,0.0,0.0,0.0
2023-02-09 00:00:00-05:00,55.529998779296875,55.540000915527344,54.779998779296875,54.880001068115234,24300,0.0,0.0,0.0
2023-02-10 00:00:00-05:00,54.33000183105469,54.33000183105469,54.060001373291016,54.27000045776367,376700,0.0,0.0,0.0
2023-02-13 00:00:00-05:00,54.470001220703125,54.81999969482422,54.470001220703125,54.79999923706055,4400,0.0,0.0,0.0
2023-02-14 00:00:00-05:00,54.65999984741211,55.279998779296875,54.540000915527344,55.22999954223633,7200,0.0,0.0,0.0
2023-02-15 00:00:00-05:00,54.439998626708984,55.08000183105469,54.439998626708984,55.08000183105469,17500,0.0,0.0,0.0
2023-02-16 00:00:00-05:00,54.470001220703125,54.880001068115234,54.459999084472656,54.58000183105469,6100,0.0,0.0,0.0
2023-02-17 00:00:00-05:00,54.58000183105469,55.06999969482422,54.43000030517578,55.06999969482422,7600,0.0,0.0,0.0
2023-02-21 00:00:00-05:00,54.52000045776367,54.63999938964844,54.130001068115234,54.189998626708984,11700,0.0,0.0,0.0
2023-02-22 00:00:00-05:00,53.90999984741211,53.90999984741211,53.4900016784668,53.5,5100,0.0,0.0,0.0
2023-02-23 00:00:00-05:00,54.06999969482422,54.209999084472656,53.72999954223633,54.209999084472656,8000,0.0,0.0,0.0
2023-02-24 00:00:00-05:00,53.40999984741211,53.560001373291016,53.060001373291016,53.41999816894531,15400,0.0,0.0,0.0
2023-02-27 00:00:00-05:00,53.959999084472656,54.36000061035156,53.959999084472656,54.29999923706055,5100,0.0,0.0,0.0
2023-02-28 00:00:00-05:00,54.41999816894531,54.4900016784668,54.04999923706055,54.060001373291016,17900,0.0,0.0,0.0
2023-03-01 00:00:00-05:00,54.34000015258789,54.400001525878906,54.20000076293945,54.34000015258789,8300,0.0,0.0,0.0
2023-03-02 00:00:00-05:00,53.790000915527344,54.2599983215332,53.790000915527344,54.150001525878906,2800,0.0,0.0,0.0
2023-03-03 00:00:00-05:00,54.380001068115234,54.900001525878906,54.380001068115234,54.88999938964844,7400,0.0,0.0,0.0
2023-03-06 00:00:00-05:00,54.900001525878906,55.0,54.7599983215332,54.83000183105469,4000,0.0,0.0,0.0
2023-03-07 00:00:00-05:00,54.61000061035156,54.61000061035156,53.41999816894531,53.439998626708984,3000,0.0,0.0,0.0
2023-03-08 00:00:00-05:00,53.5,53.83000183105469,53.470001220703125,53.68000030517578,17700,0.0,0.0,0.0
2023-03-09 00:00:00-05:00,53.47999954223633,53.689998626708984,52.970001220703125,52.970001220703125,8400,0.0,0.0,0.0
2023-03-10 00:00:00-05:00,53.029998779296875,53.18000030517578,52.38999938964844,52.529998779296875,5800,0.0,0.0,0.0
2023-03-13 00:00:00-04:00,51.470001220703125,52.119998931884766,51.22999954223633,51.81999969482422,9400,0.0,0.0,0.0
2023-03-14 00:00:00-04:00,52.61000061035156,52.93000030517578,52.52000045776367,52.93000030517578,105500,0.0,0.0,0.0
2023-03-15 00:00:00-04:00,50.380001068115234,50.91999816894531,50.0,50.91999816894531,16500,0.0,0.0,0.0
2023-03-16 00:00:00-04:00,50.54999923706055,51.439998626708984,50.40999984741211,51.400001525878906,7700,0.0,0.0,0.0
2023-03-17 00:00:00-04:00,50.65999984741211,50.65999984741211,50.27000045776367,50.47999954223633,3300,0.0,0.0,0.0
2023-03-20 00:00:00-04:00,50.939998626708984,51.34000015258789,50.939998626708984,51.22999954223633,3800,0.0,0.0,0.0
2023-03-21 00:00:00-04:00,52.2400016784668,52.369998931884766,52.0,52.29999923706055,15400,0.0,0.0,0.0
2023-03-22 00:00:00-04:00,52.0099983215332,52.720001220703125,50.099998474121094,51.66999816894531,21200,0.0,0.0,0.0
2023-03-23 00:00:00-04:00,52.18000030517578,52.58000183105469,51.650001525878906,51.72999954223633,10800,0.0,0.0,0.0
2023-03-24 00:00:00-04:00,50.90999984741211,51.13999938964844,50.61000061035156,51.060001373291016,21800,0.0,0.0,0.0
2023-03-27 00:00:00-04:00,51.63999938964844,51.7599983215332,51.279998779296875,51.52000045776367,7800,0.0,0.0,0.0
2023-03-28 00:00:00-04:00,51.06999969482422,51.369998931884766,51.06999969482422,51.2400016784668,1700,0.0,0.0,0.0
2023-03-29 00:00:00-04:00,51.959999084472656,52.20000076293945,51.959999084472656,52.130001068115234,6300,0.0,0.0,0.0
2023-03-30 00:00:00-04:00,53.349998474121094,53.470001220703125,53.150001525878906,53.400001525878906,7200,0.0,0.0,0.0
2023-03-31 00:00:00-04:00,53.5099983215332,53.56999969482422,53.27000045776367,53.349998474121094,3300,0.0,0.0,0.0
2023-04-03 00:00:00-04:00,53.18000030517578,53.56999969482422,53.18000030517578,53.56999969482422,16100,0.0,0.0,0.0
2023-04-04 00:00:00-04:00,53.84000015258789,53.84000015258789,53.560001373291016,53.72999954223633,5600,0.0,0.0,0.0
2023-04-05 00:00:00-04:00,52.7599983215332,52.86000061035156,52.470001220703125,52.650001525878906,11200,0.0,0.0,0.0
2023-04-06 00:00:00-04:00,52.66999816894531,53.279998779296875,52.66999816894531,53.279998779296875,6300,0.0,0.0,0.0
2023-04-10 00:00:00-04:00,52.81999969482422,53.11000061035156,52.689998626708984,53.04999923706055,3000,0.0,0.0,0.0
2023-04-11 00:00:00-04:00,53.470001220703125,53.790000915527344,53.470001220703125,53.689998626708984,8000,0.0,0.0,0.0
2023-04-12 00:00:00-04:00,54.09000015258789,54.2599983215332,53.810001373291016,53.93000030517578,10500,0.0,0.0,0.0
2023-04-13 00:00:00-04:00,54.43000030517578,54.810001373291016,54.43000030517578,54.75,4200,0.0,0.0,0.0
2023-04-14 00:00:00-04:00,54.970001220703125,54.970001220703125,54.5,54.81999969482422,19900,0.0,0.0,0.0
2023-04-17 00:00:00-04:00,54.630001068115234,54.83000183105469,54.43000030517578,54.83000183105469,2500,0.0,0.0,0.0
2023-04-18 00:00:00-04:00,54.83000183105469,54.939998626708984,54.70000076293945,54.84000015258789,6300,0.0,0.0,0.0
2023-04-19 00:00:00-04:00,54.540000915527344,54.66999816894531,54.52000045776367,54.59000015258789,1600,0.0,0.0,0.0
2023-04-20 00:00:00-04:00,54.290000915527344,54.380001068115234,54.27000045776367,54.27000045776367,1300,0.0,0.0,0.0
2023-04-21 00:00:00-04:00,54.20000076293945,54.61000061035156,54.20000076293945,54.599998474121094,31400,0.0,0.0,0.0
2023-04-24 00:00:00-04:00,54.75,54.75,54.540000915527344,54.72999954223633,30100,0.0,0.0,0.0
2023-04-25 00:00:00-04:00,54.25,54.25,53.77000045776367,53.77000045776367,1300,0.0,0.0,0.0
2023-04-26 00:00:00-04:00,54.130001068115234,54.36000061035156,53.970001220703125,53.970001220703125,2600,0.0,0.0,0.0
2023-04-27 00:00:00-04:00,54.43000030517578,54.83000183105469,54.400001525878906,54.790000915527344,4300,0.0,0.0,0.0
2023-04-28 00:00:00-04:00,54.709999084472656,55.22999954223633,54.68000030517578,55.22999954223633,2800,0.0,0.0,0.0
2023-05-01 00:00:00-04:00,55.2400016784668,55.349998474121094,55.08000183105469,55.2400016784668,15600,0.0,0.0,0.0
2023-05-02 00:00:00-04:00,54.650001525878906,54.650001525878906,54.34000015258789,54.5099983215332,3400,0.0,0.0,0.0
2023-05-03 00:00:00-04:00,54.369998931884766,54.7400016784668,54.36000061035156,54.36000061035156,6400,0.0,0.0,0.0
2023-05-04 00:00:00-04:00,54.18000030517578,54.41999816894531,54.18000030517578,54.29999923706055,20300,0.0,0.0,0.0
2023-05-05 00:00:00-04:00,54.47999954223633,55.130001068115234,54.47999954223633,55.130001068115234,2900,0.0,0.0,0.0
2023-05-08 00:00:00-04:00,55.2400016784668,55.31999969482422,55.119998931884766,55.130001068115234,5600,0.0,0.0,0.0
2023-05-09 00:00:00-04:00,54.22999954223633,54.66999816894531,54.22999954223633,54.5099983215332,3200,0.0,0.0,0.0
2023-05-10 00:00:00-04:00,54.459999084472656,54.63999938964844,54.290000915527344,54.619998931884766,3600,0.0,0.0,0.0
2023-05-11 00:00:00-04:00,54.15999984741211,54.349998474121094,54.15999984741211,54.310001373291016,3400,0.0,0.0,0.0
2023-05-12 00:00:00-04:00,54.27000045776367,54.29999923706055,53.84000015258789,53.9900016784668,5400,0.0,0.0,0.0
2023-05-15 00:00:00-04:00,54.25,54.599998474121094,54.15999984741211,54.599998474121094,3200,0.0,0.0,0.0
2023-05-16 00:00:00-04:00,54.130001068115234,54.130001068115234,53.900001525878906,53.95000076293945,900,0.0,0.0,0.0
2023-05-17 00:00:00-04:00,53.75,54.189998626708984,53.75,54.11000061035156,3900,0.0,0.0,0.0
2023-05-18 00:00:00-04:00,53.720001220703125,53.97999954223633,53.720001220703125,53.97999954223633,2100,0.0,0.0,0.0
2023-05-19 00:00:00-04:00,54.25,54.33000183105469,54.11000061035156,54.20000076293945,6900,0.0,0.0,0.0
2023-05-22 00:00:00-04:00,54.119998931884766,54.34000015258789,54.08000183105469,54.189998626708984,1600,0.0,0.0,0.0
2023-05-23 00:00:00-04:00,53.959999084472656,54.0099983215332,53.61000061035156,53.63999938964844,6300,0.0,0.0,0.0
2023-05-24 00:00:00-04:00,53.040000915527344,53.040000915527344,52.54999923706055,52.56999969482422,8300,0.0,0.0,0.0
2023-05-25 00:00:00-04:00,52.459999084472656,52.459999084472656,52.20000076293945,52.290000915527344,10900,0.0,0.0,0.0
2023-05-26 00:00:00-04:00,52.4900016784668,52.70000076293945,52.4900016784668,52.650001525878906,5100,0.0,0.0,0.0
2023-05-30 00:00:00-04:00,52.619998931884766,52.619998931884766,52.33000183105469,52.52000045776367,4300,0.0,0.0,0.0
2023-05-31 00:00:00-04:00,52.02000045776367,52.220001220703125,51.75,52.220001220703125,4200,0.0,0.0,0.0
2023-06-01 00:00:00-04:00,52.790000915527344,52.93000030517578,52.68000030517578,52.88999938964844,6200,0.0,0.0,0.0
2023-06-02 00:00:00-04:00,53.66999816894531,53.709999084472656,53.310001373291016,53.650001525878906,6600,0.0,0.0,0.0
2023-06-05 00:00:00-04:00,53.45000076293945,53.650001525878906,53.2400016784668,53.279998779296875,111000,0.0,0.0,0.0
2023-06-06 00:00:00-04:00,53.04999923706055,53.560001373291016,53.04999923706055,53.4900016784668,23800,0.0,0.0,0.0
2023-06-07 00:00:00-04:00,52.619998931884766,52.619998931884766,52.18000030517578,52.2400016784668,13700,0.0,0.0,0.0
2023-06-08 00:00:00-04:00,52.459999084472656,52.83000183105469,52.459999084472656,52.79999923706055,5400,0.0,0.0,0.0
2023-06-09 00:00:00-04:00,52.83000183105469,52.849998474121094,52.72999954223633,52.75,3200,0.0,0.0,0.0
2023-06-12 00:00:00-04:00,53.02000045776367,53.02000045776367,52.810001373291016,53.0099983215332,1400,0.0,0.0,0.0
2023-06-13 00:00:00-04:00,53.40999984741211,53.54999923706055,53.38999938964844,53.439998626708984,9300,0.0,0.0,0.0
2023-06-14 00:00:00-04:00,53.79999923706055,54.11000061035156,53.47999954223633,53.56999969482422,6200,0.0,0.0,0.0
2023-06-15 00:00:00-04:00,53.5,54.189998626708984,53.5,54.06999969482422,2300,0.0,0.0,0.0
2023-06-16 00:00:00-04:00,54.40999984741211,54.40999984741211,53.86000061035156,53.86000061035156,3400,0.0,0.0,0.0
2023-06-20 00:00:00-04:00,53.0,53.0,52.83000183105469,52.849998474121094,3100,0.0,0.0,0.0
2023-06-21 00:00:00-04:00,52.52000045776367,52.86000061035156,52.5099983215332,52.61000061035156,2600,0.0,0.0,0.0
2023-06-22 00:00:00-04:00,52.34000015258789,52.34000015258789,52.150001525878906,52.33000183105469,1800,0.0,0.0,0.0
2023-06-23 00:00:00-04:00,51.5,51.61000061035156,51.36000061035156,51.43000030517578,2300,0.0,0.0,0.0
2023-06-26 00:00:00-04:00,51.33000183105469,51.5,51.2599983215332,51.40999984741211,2000,0.0,0.0,0.0
2023-06-27 00:00:00-04:00,51.470001220703125,51.709999084472656,51.31999969482422,51.709999084472656,1000,0.0,0.0,0.0
2023-06-28 00:00:00-04:00,51.93000030517578,51.9900016784668,51.75,51.9900016784668,5000,0.0,0.0,0.0
2023-06-29 00:00:00-04:00,51.7400016784668,51.79999923706055,51.66999816894531,51.79999923706055,3500,0.0,0.0,0.0
2023-06-30 00:00:00-04:00,52.52000045776367,52.72999954223633,52.52000045776367,52.72999954223633,1600,0.0,0.0,0.0
2023-07-03 00:00:00-04:00,52.68000030517578,52.790000915527344,52.68000030517578,52.779998779296875,700,0.0,0.0,0.0
2023-07-05 00:00:00-04:00,52.27000045776367,52.27000045776367,51.959999084472656,52.130001068115234,1100,0.0,0.0,0.0
2023-07-06 00:00:00-04:00,51.2599983215332,51.2599983215332,50.90999984741211,51.20000076293945,3900,0.0,0.0,0.0
2023-07-07 00:00:00-04:00,51.36000061035156,52.119998931884766,51.36000061035156,52.040000915527344,5500,0.0,0.0,0.0
2023-07-10 00:00:00-04:00,52.0,52.189998626708984,52.0,52.18000030517578,4000,0.0,0.0,0.0
2023-07-11 00:00:00-04:00,52.470001220703125,52.83000183105469,52.470001220703125,52.83000183105469,2000,0.0,0.0,0.0
2023-07-12 00:00:00-04:00,54.02000045776367,54.43000030517578,54.02000045776367,54.400001525878906,5000,0.0,0.0,0.0
2023-07-13 00:00:00-04:00,54.810001373291016,55.060001373291016,54.810001373291016,55.060001373291016,5500,0.0,0.0,0.0
2023-07-14 00:00:00-04:00,54.939998626708984,54.939998626708984,54.529998779296875,54.529998779296875,1500,0.0,0.0,0.0
2023-07-17 00:00:00-04:00,54.130001068115234,54.5,54.130001068115234,54.36000061035156,4000,0.0,0.0,0.0
2023-07-18 00:00:00-04:00,54.77000045776367,54.95000076293945,54.7599983215332,54.95000076293945,1100,0.0,0.0,0.0
2023-07-19 00:00:00-04:00,55.38999938964844,55.38999938964844,55.16999816894531,55.38999938964844,1400,0.0,0.0,0.0
2023-07-20 00:00:00-04:00,55.029998779296875,55.029998779296875,54.720001220703125,54.720001220703125,1200,0.0,0.0,0.0
2023-07-21 00:00:00-04:00,54.529998779296875,54.70000076293945,54.529998779296875,54.650001525878906,3700,0.0,0.0,0.0
2023-07-24 00:00:00-04:00,54.59000015258789,54.599998474121094,54.470001220703125,54.599998474121094,2700,0.0,0.0,0.0
2023-07-25 00:00:00-04:00,54.84000015258789,54.84000015258789,54.84000015258789,54.84000015258789,900,0.0,0.0,0.0
2023-07-26 00:00:00-04:00,54.459999084472656,55.060001373291016,54.279998779296875,55.04999923706055,56900,0.0,0.0,0.0
2023-07-27 00:00:00-04:00,55.209999084472656,55.209999084472656,54.27000045776367,54.27000045776367,1800,0.0,0.0,0.0
2023-07-28 00:00:00-04:00,54.540000915527344,54.79999923706055,54.369998931884766,54.5099983215332,1800,0.0,0.0,0.0
2023-07-31 00:00:00-04:00,54.75,54.939998626708984,54.58000183105469,54.689998626708984,3300,0.0,0.0,0.0
2023-08-01 00:00:00-04:00,54.29999923706055,54.31999969482422,53.93000030517578,54.22999954223633,9900,0.0,0.0,0.0
2023-08-02 00:00:00-04:00,53.5,53.5,53.06999969482422,53.27000045776367,2000,0.0,0.0,0.0
2023-08-03 00:00:00-04:00,53.060001373291016,53.38999938964844,52.86000061035156,53.2599983215332,26200,0.0,0.0,0.0
2023-08-04 00:00:00-04:00,53.709999084472656,53.709999084472656,53.529998779296875,53.529998779296875,1000,0.0,0.0,0.0
2023-08-07 00:00:00-04:00,53.720001220703125,53.810001373291016,53.68000030517578,53.779998779296875,2100,0.0,0.0,0.0
2023-08-08 00:00:00-04:00,53.130001068115234,53.41999816894531,53.0099983215332,53.41999816894531,3800,0.0,0.0,0.0
2023-08-09 00:00:00-04:00,53.61000061035156,53.650001525878906,53.459999084472656,53.459999084472656,8800,0.0,0.0,0.0
2023-08-10 00:00:00-04:00,53.95000076293945,54.02000045776367,53.400001525878906,53.400001525878906,1200,0.0,0.0,0.0
2023-08-11 00:00:00-04:00,53.099998474121094,53.189998626708984,53.02000045776367,53.189998626708984,1100,0.0,0.0,0.0
2023-08-14 00:00:00-04:00,52.689998626708984,53.099998474121094,52.56999969482422,53.060001373291016,2300,0.0,0.0,0.0
2023-08-15 00:00:00-04:00,52.689998626708984,52.880001068115234,52.38999938964844,52.4900016784668,3600,0.0,0.0,0.0
2023-08-16 00:00:00-04:00,52.380001068115234,52.380001068115234,52.119998931884766,52.15999984741211,1800,0.0,0.0,0.0
2023-08-17 00:00:00-04:00,52.15999984741211,52.15999984741211,51.5,51.5,3000,0.0,0.0,0.0
2023-08-18 00:00:00-04:00,50.900001525878906,51.2599983215332,50.900001525878906,51.15999984741211,42700,0.0,0.0,0.0
2023-08-21 00:00:00-04:00,51.04999923706055,51.27000045776367,51.04999923706055,51.18000030517578,3000,0.0,0.0,0.0
2023-08-22 00:00:00-04:00,51.13999938964844,51.13999938964844,51.040000915527344,51.060001373291016,1200,0.0,0.0,0.0
2023-08-23 00:00:00-04:00,51.220001220703125,51.439998626708984,51.220001220703125,51.43000030517578,1500,0.0,0.0,0.0
2023-08-24 00:00:00-04:00,51.290000915527344,51.290000915527344,50.70000076293945,50.720001220703125,4200,0.0,0.0,0.0
2023-08-25 00:00:00-04:00,51.029998779296875,51.13999938964844,50.56999969482422,51.04999923706055,33500,0.0,0.0,0.0
2023-08-28 00:00:00-04:00,51.310001373291016,51.54999923706055,51.310001373291016,51.529998779296875,4700,0.0,0.0,0.0
2023-08-29 00:00:00-04:00,51.4900016784668,52.40999984741211,51.43000030517578,52.40999984741211,2700,0.0,0.0,0.0
2023-08-30 00:00:00-04:00,52.58000183105469,52.59000015258789,52.34000015258789,52.47999954223633,2000,0.0,0.0,0.0
2023-08-31 00:00:00-04:00,52.27000045776367,52.27000045776367,52.189998626708984,52.189998626708984,2000,0.0,0.0,0.0
2023-09-01 00:00:00-04:00,51.939998626708984,51.970001220703125,51.79999923706055,51.900001525878906,2700,0.0,0.0,0.0
2023-09-05 00:00:00-04:00,51.63999938964844,51.63999938964844,51.36000061035156,51.45000076293945,14800,0.0,0.0,0.0
2023-09-06 00:00:00-04:00,51.34000015258789,51.34000015258789,51.09000015258789,51.150001525878906,26700,0.0,0.0,0.0
2023-09-07 00:00:00-04:00,50.66999816894531,50.689998626708984,50.619998931884766,50.619998931884766,1900,0.0,0.0,0.0
2023-09-08 00:00:00-04:00,50.7400016784668,50.84000015258789,50.650001525878906,50.7599983215332,2300,0.0,0.0,0.0
2023-09-11 00:00:00-04:00,51.06999969482422,51.29999923706055,51.06999969482422,51.25,2700,0.0,0.0,0.0
2023-09-12 00:00:00-04:00,50.959999084472656,51.06999969482422,50.849998474121094,50.849998474121094,8300,0.0,0.0,0.0
2023-09-13 00:00:00-04:00,50.869998931884766,50.93000030517578,50.599998474121094,50.709999084472656,7600,0.0,0.0,0.0
2023-09-14 00:00:00-04:00,51.060001373291016,51.220001220703125,50.86000061035156,51.119998931884766,5300,0.0,0.0,0.0
2023-09-15 00:00:00-04:00,51.130001068115234,51.130001068115234,50.97999954223633,51.0099983215332,2000,0.0,0.0,0.0
2023-09-18 00:00:00-04:00,50.369998931884766,50.47999954223633,50.290000915527344,50.349998474121094,25000,0.0,0.0,0.0
2023-09-19 00:00:00-04:00,50.54999923706055,50.61000061035156,50.290000915527344,50.61000061035156,22300,0.0,0.0,0.0
2023-09-20 00:00:00-04:00,51.0,51.20000076293945,50.59000015258789,50.7400016784668,9500,0.0,0.0,0.0
2023-09-21 00:00:00-04:00,50.459999084472656,50.459999084472656,50.150001525878906,50.150001525878906,1500,0.0,0.0,0.0
2023-09-22 00:00:00-04:00,50.029998779296875,50.130001068115234,49.869998931884766,49.869998931884766,3400,0.0,0.0,0.0
2023-09-25 00:00:00-04:00,49.52000045776367,49.59000015258789,49.470001220703125,49.560001373291016,1500,0.0,0.0,0.0
2023-09-26 00:00:00-04:00,48.880001068115234,49.02000045776367,48.720001220703125,48.720001220703125,800,0.0,0.0,0.0
2023-09-27 00:00:00-04:00,48.599998474121094,48.599998474121094,48.25,48.47999954223633,5300,0.0,0.0,0.0
2023-09-28 00:00:00-04:00,48.7599983215332,49.189998626708984,48.66999816894531,49.040000915527344,7200,0.0,0.0,0.0
2023-09-29 00:00:00-04:00,49.56999969482422,49.79999923706055,49.40999984741211,49.47999954223633,4000,0.0,0.0,0.0
2023-10-02 00:00:00-04:00,48.93000030517578,48.93000030517578,48.220001220703125,48.31999969482422,22300,0.0,0.0,0.0
2023-10-03 00:00:00-04:00,47.54999923706055,47.560001373291016,47.380001068115234,47.470001220703125,14300,0.0,0.0,0.0
2023-10-04 00:00:00-04:00,47.41999816894531,47.599998474121094,47.060001373291016,47.58000183105469,55200,0.0,0.0,0.0
2023-10-05 00:00:00-04:00,47.790000915527344,47.970001220703125,47.560001373291016,47.869998931884766,4500,0.0,0.0,0.0
2023-10-06 00:00:00-04:00,47.75,48.59000015258789,47.529998779296875,48.59000015258789,5700,0.0,0.0,0.0
2023-10-09 00:00:00-04:00,47.7599983215332,48.18000030517578,47.7599983215332,48.06999969482422,2000,0.0,0.0,0.0
2023-10-10 00:00:00-04:00,49.02000045776367,49.209999084472656,49.0099983215332,49.02000045776367,1400,0.0,0.0,0.0
2023-10-11 00:00:00-04:00,49.119998931884766,49.119998931884766,48.880001068115234,49.04999923706055,1000,0.0,0.0,0.0
2023-10-12 00:00:00-04:00,49.029998779296875,49.029998779296875,48.400001525878906,48.400001525878906,1700,0.0,0.0,0.0
2023-10-13 00:00:00-04:00,47.54999923706055,47.63999938964844,47.54999923706055,47.599998474121094,2500,0.0,0.0,0.0
2023-10-16 00:00:00-04:00,47.93000030517578,48.130001068115234,47.83000183105469,48.130001068115234,3000,0.0,0.0,0.0
2023-10-17 00:00:00-04:00,47.900001525878906,48.13999938964844,47.900001525878906,48.060001373291016,1700,0.0,0.0,0.0
2023-10-18 00:00:00-04:00,47.5099983215332,47.5099983215332,47.0,47.0,1600,0.0,0.0,0.0
2023-10-19 00:00:00-04:00,46.91999816894531,46.970001220703125,46.560001373291016,46.75,3400,0.0,0.0,0.0
2023-10-20 00:00:00-04:00,46.27000045776367,46.45000076293945,46.209999084472656,46.209999084472656,15400,0.0,0.0,0.0
2023-10-23 00:00:00-04:00,45.849998474121094,46.540000915527344,45.70000076293945,46.25,3600,0.0,0.0,0.0
2023-10-24 00:00:00-04:00,46.27000045776367,46.439998626708984,46.150001525878906,46.290000915527344,3000,0.0,0.0,0.0
2023-10-25 00:00:00-04:00,45.630001068115234,45.849998474121094,45.38999938964844,45.38999938964844,5200,0.0,0.0,0.0
2023-10-26 00:00:00-04:00,45.65999984741211,45.65999984741211,45.290000915527344,45.45000076293945,2200,0.0,0.0,0.0
2023-10-27 00:00:00-04:00,45.47999954223633,45.4900016784668,45.29999923706055,45.40999984741211,5300,0.0,0.0,0.0
2023-10-30 00:00:00-04:00,46.279998779296875,46.290000915527344,45.959999084472656,46.25,8900,0.0,0.0,0.0
2023-10-31 00:00:00-04:00,46.5099983215332,46.709999084472656,46.41999816894531,46.58000183105469,900,0.0,0.0,0.0
2023-11-01 00:00:00-04:00,46.4900016784668,46.849998474121094,46.45000076293945,46.849998474121094,6200,0.0,0.0,0.0
2023-11-02 00:00:00-04:00,48.31999969482422,48.529998779296875,48.04999923706055,48.25,5300,0.0,0.0,0.0
2023-11-03 00:00:00-04:00,49.18000030517578,49.59000015258789,49.18000030517578,49.29999923706055,10100,0.0,0.0,0.0
2023-11-06 00:00:00-05:00,49.20000076293945,49.2400016784668,48.70000076293945,48.779998779296875,6000,0.0,0.0,0.0
2023-11-07 00:00:00-05:00,48.5099983215332,48.7400016784668,48.38999938964844,48.61000061035156,2500,0.0,0.0,0.0
2023-11-08 00:00:00-05:00,48.84000015258789,48.90999984741211,48.630001068115234,48.90999984741211,2600,0.0,0.0,0.0
2023-11-09 00:00:00-05:00,49.459999084472656,49.459999084472656,49.0,49.09000015258789,7800,0.0,0.0,0.0
2023-11-10 00:00:00-05:00,48.810001373291016,49.11000061035156,48.810001373291016,49.11000061035156,2500,0.0,0.0,0.0
2023-11-13 00:00:00-05:00,48.970001220703125,49.279998779296875,48.970001220703125,49.279998779296875,8500,0.0,0.0,0.0
2023-11-14 00:00:00-05:00,51.209999084472656,51.560001373291016,51.209999084472656,51.560001373291016,6000,0.0,0.0,0.0
2023-11-15 00:00:00-05:00,51.66999816894531,51.88999938964844,51.66999816894531,51.84000015258789,6200,0.0,0.0,0.0
2023-11-16 00:00:00-05:00,51.290000915527344,51.290000915527344,50.959999084472656,51.04999923706055,14300,0.0,0.0,0.0
2023-11-17 00:00:00-05:00,51.72999954223633,52.0,51.72999954223633,52.0,2500,0.0,0.0,0.0
2023-11-20 00:00:00-05:00,52.029998779296875,52.369998931884766,52.029998779296875,52.369998931884766,3800,0.0,0.0,0.0
2023-11-21 00:00:00-05:00,51.72999954223633,51.72999954223633,51.59000015258789,51.630001068115234,6700,0.0,0.0,0.0
2023-11-22 00:00:00-05:00,51.59000015258789,51.81999969482422,51.529998779296875,51.79999923706055,7900,0.0,0.0,0.0
2023-11-24 00:00:00-05:00,52.099998474121094,52.58000183105469,52.099998474121094,52.58000183105469,1800,0.0,0.0,0.0
2023-11-27 00:00:00-05:00,52.369998931884766,52.43000030517578,52.099998474121094,52.22999954223633,15900,0.0,0.0,0.0
2023-11-28 00:00:00-05:00,52.40999984741211,52.599998474121094,52.25,52.400001525878906,11200,0.0,0.0,0.0
2023-11-29 00:00:00-05:00,52.65999984741211,52.84000015258789,52.65999984741211,52.83000183105469,3000,0.0,0.0,0.0
2023-11-30 00:00:00-05:00,52.2400016784668,52.400001525878906,52.150001525878906,52.25,8900,0.0,0.0,0.0
2023-12-01 00:00:00-05:00,52.47999954223633,52.91999816894531,52.41999816894531,52.84000015258789,6600,0.0,0.0,0.0
2023-12-04 00:00:00-05:00,52.27000045776367,52.380001068115234,52.06999969482422,52.22999954223633,16500,0.0,0.0,0.0
2023-12-05 00:00:00-05:00,52.369998931884766,52.59000015258789,52.36000061035156,52.439998626708984,2600,0.0,0.0,0.0
2023-12-06 00:00:00-05:00,52.779998779296875,52.970001220703125,52.4900016784668,52.4900016784668,3200,0.0,0.0,0.0
2023-12-07 00:00:00-05:00,52.459999084472656,52.779998779296875,52.459999084472656,52.779998779296875,1400,0.0,0.0,0.0
2023-12-08 00:00:00-05:00,52.66999816894531,53.11000061035156,52.66999816894531,53.0,4400,0.0,0.0,0.0
2023-12-11 00:00:00-05:00,52.779998779296875,53.119998931884766,52.779998779296875,53.04999923706055,3000,0.0,0.0,0.0
2023-12-12 00:00:00-05:00,52.79999923706055,52.880001068115234,52.720001220703125,52.849998474121094,5700,0.0,0.0,0.0
2023-12-13 00:00:00-05:00,52.70000076293945,53.709999084472656,52.59000015258789,53.709999084472656,79100,0.0,0.0,0.0
2023-12-14 00:00:00-05:00,55.13999938964844,55.560001373291016,55.13999938964844,55.40999984741211,9700,0.0,0.0,0.0
2023-12-15 00:00:00-05:00,55.11000061035156,55.18000030517578,54.869998931884766,54.869998931884766,4400,0.0,0.0,0.0
2023-12-18 00:00:00-05:00,55.04999923706055,55.04999923706055,54.79999923706055,55.02000045776367,16200,0.0,0.0,0.0
2023-12-19 00:00:00-05:00,55.5,55.880001068115234,55.4900016784668,55.849998474121094,30700,0.0,0.0,0.0
2023-12-20 00:00:00-05:00,55.27000045776367,55.45000076293945,54.65999984741211,54.75,9600,0.0,0.0,0.0
2023-12-21 00:00:00-05:00,55.400001525878906,55.619998931884766,55.15999984741211,55.619998931884766,4500,0.0,0.0,0.0
2023-12-22 00:00:00-05:00,55.86000061035156,55.88999938964844,55.560001373291016,55.75,9400,0.0,0.0,0.0
2023-12-26 00:00:00-05:00,55.689998626708984,56.290000915527344,55.689998626708984,56.189998626708984,4800,0.0,0.0,0.0
2023-12-27 00:00:00-05:00,56.16999816894531,56.720001220703125,56.16999816894531,56.58000183105469,30000,0.0,0.0,0.0
2023-12-28 00:00:00-05:00,56.380001068115234,56.5099983215332,56.16999816894531,56.189998626708984,19300,0.0,0.0,0.0
2023-12-29 00:00:00-05:00,56.11000061035156,56.209999084472656,55.970001220703125,56.20000076293945,7700,0.0,0.0,0.0
2024-01-02 00:00:00-05:00,55.400001525878906,55.400001525878906,55.029998779296875,55.060001373291016,14000,0.0,0.0,0.0
2024-01-03 00:00:00-05:00,54.11000061035156,54.310001373291016,54.02000045776367,54.130001068115234,4700,0.0,0.0,0.0
2024-01-04 00:00:00-05:00,54.2400016784668,54.75,54.2400016784668,54.54999923706055,3500,0.0,0.0,0.0
2024-01-05 00:00:00-05:00,54.650001525878906,54.70000076293945,54.25,54.25,2000,0.0,0.0,0.0
2024-01-08 00:00:00-05:00,54.529998779296875,55.16999816894531,54.529998779296875,55.16999816894531,2300,0.0,0.0,0.0
2024-01-09 00:00:00-05:00,54.47999954223633,54.689998626708984,54.470001220703125,54.52000045776367,1500,0.0,0.0,0.0
2024-01-10 00:00:00-05:00,54.56999969482422,54.72999954223633,54.56999969482422,54.72999954223633,3100,0.0,0.0,0.0
2024-01-11 00:00:00-05:00,54.56999969482422,54.56999969482422,54.0,54.5099983215332,4300,0.0,0.0,0.0
2024-01-12 00:00:00-05:00,54.939998626708984,54.959999084472656,54.61000061035156,54.720001220703125,4600,0.0,0.0,0.0
2024-01-16 00:00:00-05:00,53.599998474121094,53.689998626708984,53.36000061035156,53.400001525878906,9500,0.0,0.0,0.0
2024-01-17 00:00:00-05:00,52.41999816894531,52.90999984741211,52.41999816894531,52.90999984741211,4400,0.0,0.0,0.0
2024-01-18 00:00:00-05:00,53.08000183105469,53.369998931884766,53.040000915527344,53.279998779296875,4800,0.0,0.0,0.0
2024-01-19 00:00:00-05:00,52.869998931884766,53.13999938964844,52.68000030517578,53.130001068115234,10800,0.0,0.0,0.0
2024-01-22 00:00:00-05:00,53.33000183105469,53.630001068115234,53.31999969482422,53.59000015258789,9900,0.0,0.0,0.0
2024-01-23 00:00:00-05:00,53.529998779296875,53.529998779296875,53.2599983215332,53.470001220703125,1500,0.0,0.0,0.0
2024-01-24 00:00:00-05:00,54.22999954223633,54.2599983215332,53.849998474121094,53.849998474121094,15900,0.0,0.0,0.0
2024-01-25 00:00:00-05:00,54.060001373291016,54.220001220703125,53.97999954223633,54.220001220703125,6500,0.0,0.0,0.0
2024-01-26 00:00:00-05:00,54.61000061035156,54.619998931884766,54.5099983215332,54.540000915527344,6100,0.0,0.0,0.0
2024-01-29 00:00:00-05:00,54.20000076293945,54.59000015258789,54.130001068115234,54.59000015258789,3000,0.0,0.0,0.0
2024-01-30 00:00:00-05:00,54.619998931884766,54.619998931884766,54.380001068115234,54.54999923706055,2600,0.0,0.0,0.0
2024-01-31 00:00:00-05:00,54.75,54.810001373291016,54.150001525878906,54.220001220703125,7100,0.0,0.0,0.0
2024-02-01 00:00:00-05:00,54.439998626708984,54.689998626708984,54.439998626708984,54.65999984741211,9400,0.0,0.0,0.0
2024-02-02 00:00:00-05:00,54.02000045776367,54.02000045776367,53.83000183105469,53.95000076293945,1300,0.0,0.0,0.0
2024-02-05 00:00:00-05:00,53.43000030517578,53.5,52.95000076293945,53.2599983215332,2400,0.0,0.0,0.0
2024-02-06 00:00:00-05:00,53.290000915527344,53.81999969482422,53.22999954223633,53.75,11000,0.0,0.0,0.0
2024-02-07 00:00:00-05:00,53.65999984741211,53.810001373291016,53.400001525878906,53.619998931884766,6800,0.0,0.0,0.0
2024-02-08 00:00:00-05:00,53.7599983215332,53.900001525878906,53.709999084472656,53.779998779296875,5600,0.0,0.0,0.0
2024-02-09 00:00:00-05:00,53.7599983215332,53.849998474121094,53.650001525878906,53.84000015258789,1500,0.0,0.0,0.0
2024-02-12 00:00:00-05:00,54.060001373291016,54.290000915527344,54.060001373291016,54.290000915527344,6200,0.0,0.0,0.0
2024-02-13 00:00:00-05:00,53.150001525878906,53.310001373291016,52.88999938964844,52.91999816894531,18900,0.0,0.0,0.0
2024-02-14 00:00:00-05:00,53.650001525878906,53.88999938964844,53.58000183105469,53.88999938964844,2300,0.0,0.0,0.0
2024-02-15 00:00:00-05:00,54.29999923706055,54.529998779296875,54.27000045776367,54.47999954223633,5000,0.0,0.0,0.0
2024-02-16 00:00:00-05:00,54.29999923706055,54.61000061035156,54.29999923706055,54.380001068115234,2800,0.0,0.0,0.0
2024-02-20 00:00:00-05:00,54.220001220703125,54.220001220703125,54.130001068115234,54.209999084472656,6000,0.0,0.0,0.0
2024-02-21 00:00:00-05:00,54.16999816894531,54.310001373291016,54.16999816894531,54.310001373291016,7000,0.0,0.0,0.0
2024-02-22 00:00:00-05:00,54.849998474121094,54.880001068115234,54.650001525878906,54.869998931884766,2400,0.0,0.0,0.0
2024-02-23 00:00:00-05:00,54.75,54.88999938964844,54.619998931884766,54.630001068115234,5200,0.0,0.0,0.0
2024-02-26 00:00:00-05:00,54.84000015258789,54.84000015258789,54.599998474121094,54.720001220703125,6000,0.0,0.0,0.0
2024-02-27 00:00:00-05:00,54.75,54.86000061035156,54.66999816894531,54.810001373291016,3600,0.0,0.0,0.0
2024-02-28 00:00:00-05:00,54.290000915527344,54.63999938964844,54.22999954223633,54.41999816894531,5200,0.0,0.0,0.0
2024-02-29 00:00:00-05:00,54.70000076293945,54.70000076293945,54.189998626708984,54.40999984741211,7800,0.0,0.0,0.0
2024-03-01 00:00:00-05:00,54.779998779296875,55.27000045776367,54.63999938964844,55.20000076293945,6400,0.0,0.0,0.0
2024-03-04 00:00:00-05:00,54.83000183105469,55.16999816894531,54.779998779296875,54.779998779296875,10500,0.0,0.0,0.0
2024-03-05 00:00:00-05:00,54.880001068115234,54.88999938964844,54.61000061035156,54.619998931884766,2300,0.0,0.0,0.0
2024-03-06 00:00:00-05:00,55.279998779296875,55.5099983215332,55.279998779296875,55.290000915527344,2400,0.0,0.0,0.0
2024-03-07 00:00:00-05:00,55.81999969482422,56.22999954223633,55.81999969482422,55.9900016784668,4200,0.0,0.0,0.0
2024-03-08 00:00:00-05:00,56.130001068115234,56.130001068115234,55.790000915527344,55.81999969482422,17100,0.0,0.0,0.0
2024-03-11 00:00:00-04:00,55.70000076293945,55.79999923706055,55.439998626708984,55.7400016784668,3800,0.0,0.0,0.0
2024-03-12 00:00:00-04:00,55.810001373291016,56.119998931884766,55.810001373291016,56.09000015258789,4900,0.0,0.0,0.0
2024-03-13 00:00:00-04:00,56.2599983215332,56.380001068115234,56.13999938964844,56.13999938964844,2000,0.0,0.0,0.0
2024-03-14 00:00:00-04:00,56.0099983215332,56.0099983215332,55.66999816894531,55.779998779296875,4100,0.0,0.0,0.0
2024-03-15 00:00:00-04:00,55.86000061035156,55.93000030517578,55.689998626708984,55.779998779296875,2800,0.0,0.0,0.0
2024-03-18 00:00:00-04:00,55.90999984741211,56.0,55.529998779296875,55.529998779296875,3900,0.0,0.0,0.0
2024-03-19 00:00:00-04:00,55.599998474121094,55.7599983215332,55.54999923706055,55.66999816894531,2000,0.0,0.0,0.0
2024-03-20 00:00:00-04:00,55.650001525878906,56.34000015258789,55.650001525878906,56.34000015258789,2600,0.0,0.0,0.0
2024-03-21 00:00:00-04:00,56.31999969482422,56.439998626708984,56.150001525878906,56.31999969482422,4800,0.0,0.0,0.0
2024-03-22 00:00:00-04:00,56.22999954223633,56.22999954223633,55.959999084472656,55.959999084472656,2500,0.0,0.0,0.0
2024-03-25 00:00:00-04:00,56.0,56.20000076293945,56.0,56.11000061035156,1900,0.0,0.0,0.0
2024-03-26 00:00:00-04:00,56.38999938964844,56.470001220703125,56.220001220703125,56.220001220703125,7400,0.0,0.0,0.0
2024-03-27 00:00:00-04:00,56.540000915527344,56.79999923706055,56.540000915527344,56.75,5200,0.0,0.0,0.0
2024-03-28 00:00:00-04:00,56.81999969482422,56.81999969482422,56.63999938964844,56.63999938964844,6500,0.0,0.0,0.0
2024-04-01 00:00:00-04:00,56.779998779296875,57.040000915527344,56.38999938964844,56.38999938964844,5400,0.0,0.0,0.0
2024-04-02 00:00:00-04:00,56.060001373291016,56.22999954223633,55.869998931884766,56.040000915527344,5800,0.0,0.0,0.0
2024-04-03 00:00:00-04:00,56.029998779296875,56.75,56.029998779296875,56.68000030517578,18600,0.0,0.0,0.0
2024-04-04 00:00:00-04:00,56.869998931884766,57.0099983215332,56.130001068115234,56.13999938964844,4700,0.0,0.0,0.0
2024-04-05 00:00:00-04:00,56.439998626708984,56.5099983215332,56.36000061035156,56.4900016784668,2500,0.0,0.0,0.0
2024-04-08 00:00:00-04:00,56.97999954223633,56.97999954223633,56.83000183105469,56.83000183105469,800,0.0,0.0,0.0
2024-04-09 00:00:00-04:00,57.099998474121094,57.099998474121094,56.4900016784668,56.88999938964844,1700,0.0,0.0,0.0
2024-04-10 00:00:00-04:00,55.970001220703125,56.15999984741211,55.810001373291016,56.029998779296875,2500,0.0,0.0,0.0
2024-04-11 00:00:00-04:00,55.880001068115234,56.2400016784668,55.689998626708984,56.2400016784668,1200,0.0,0.0,0.0
2024-04-12 00:00:00-04:00,55.209999084472656,55.209999084472656,54.939998626708984,54.939998626708984,1100,0.0,0.0,0.0
2024-04-15 00:00:00-04:00,55.529998779296875,55.529998779296875,54.52000045776367,54.52000045776367,4800,0.0,0.0,0.0
2024-04-16 00:00:00-04:00,54.20000076293945,54.2400016784668,53.93000030517578,54.15999984741211,3500,0.0,0.0,0.0
2024-04-17 00:00:00-04:00,54.20000076293945,54.380001068115234,54.189998626708984,54.380001068115234,1000,0.0,0.0,0.0
2024-04-18 00:00:00-04:00,54.20000076293945,54.38999938964844,54.20000076293945,54.2400016784668,5100,0.0,0.0,0.0
2024-04-19 00:00:00-04:00,54.34000015258789,54.34000015258789,54.06999969482422,54.08000183105469,2500,0.0,0.0,0.0
2024-04-22 00:00:00-04:00,54.4900016784668,54.75,54.41999816894531,54.689998626708984,2800,0.0,0.0,0.0
2024-04-23 00:00:00-04:00,55.31999969482422,55.61000061035156,55.31999969482422,55.560001373291016,2900,0.0,0.0,0.0
2024-04-24 00:00:00-04:00,55.34000015258789,55.34000015258789,54.900001525878906,55.04999923706055,59700,0.0,0.0,0.0
2024-04-25 00:00:00-04:00,54.540000915527344,55.02000045776367,54.540000915527344,55.02000045776367,4800,0.0,0.0,0.0
2024-04-26 00:00:00-04:00,55.310001373291016,55.560001373291016,55.279998779296875,55.36000061035156,2400,0.0,0.0,0.0
2024-04-29 00:00:00-04:00,56.130001068115234,56.25,56.040000915527344,56.130001068115234,2200,0.0,0.0,0.0
2024-04-30 00:00:00-04:00,55.900001525878906,55.900001525878906,55.33000183105469,55.33000183105469,1800,0.0,0.0,0.0
2024-05-01 00:00:00-04:00,55.16999816894531,55.38999938964844,55.150001525878906,55.38999938964844,1300,0.0,0.0,0.0
2024-05-02 00:00:00-04:00,55.77000045776367,56.220001220703125,55.630001068115234,56.220001220703125,1500,0.0,0.0,0.0
2024-05-03 00:00:00-04:00,56.560001373291016,56.77000045776367,56.459999084472656,56.59000015258789,321500,0.0,0.0,0.0
2024-05-06 00:00:00-04:00,56.880001068115234,57.189998626708984,56.880001068115234,57.189998626708984,2600,0.0,0.0,0.0
2024-05-07 00:00:00-04:00,57.36000061035156,57.540000915527344,57.22999954223633,57.22999954223633,800,0.0,0.0,0.0
2024-05-08 00:00:00-04:00,57.310001373291016,57.58000183105469,57.130001068115234,57.58000183105469,5800,0.0,0.0,0.0
2024-05-09 00:00:00-04:00,57.810001373291016,57.900001525878906,57.68000030517578,57.849998474121094,2100,0.0,0.0,0.0
2024-05-10 00:00:00-04:00,58.099998474121094,58.189998626708984,57.88999938964844,58.189998626708984,8200,0.0,0.0,0.0
2024-05-13 00:00:00-04:00,58.18000030517578,58.18000030517578,57.97999954223633,58.02000045776367,1100,0.0,0.0,0.0
2024-05-14 00:00:00-04:00,58.630001068115234,58.91999816894531,58.5099983215332,58.91999816894531,4900,0.0,0.0,0.0
2024-05-15 00:00:00-04:00,59.20000076293945,59.52000045776367,59.150001525878906,59.470001220703125,3200,0.0,0.0,0.0
2024-05-16 00:00:00-04:00,59.5099983215332,59.599998474121094,59.31999969482422,59.540000915527344,2600,0.0,0.0,0.0
2024-05-17 00:00:00-04:00,59.33000183105469,59.65999984741211,59.27000045776367,59.599998474121094,2900,0.0,0.0,0.0
2024-05-20 00:00:00-04:00,59.810001373291016,59.81999969482422,59.52000045776367,59.81999969482422,2900,0.0,0.0,0.0
2024-05-21 00:00:00-04:00,59.59000015258789,59.709999084472656,59.56999969482422,59.56999969482422,2300,0.0,0.0,0.0
2024-05-22 00:00:00-04:00,59.52000045776367,59.52000045776367,59.0099983215332,59.220001220703125,6500,0.0,0.0,0.0
2024-05-23 00:00:00-04:00,59.220001220703125,59.220001220703125,58.7400016784668,58.91999816894531,4200,0.0,0.0,0.0
2024-05-24 00:00:00-04:00,59.689998626708984,59.689998626708984,59.56999969482422,59.650001525878906,1100,0.0,0.0,0.0
2024-05-28 00:00:00-04:00,60.150001525878906,60.310001373291016,59.70000076293945,59.97999954223633,10100,0.0,0.0,0.0
2024-05-29 00:00:00-04:00,59.060001373291016,59.209999084472656,58.560001373291016,58.630001068115234,26700,0.0,0.0,0.0
2024-05-30 00:00:00-04:00,59.349998474121094,59.75,59.34000015258789,59.619998931884766,19500,0.0,0.0,0.0
2024-05-31 00:00:00-04:00,59.88999938964844,60.2400016784668,59.65999984741211,60.13999938964844,5800,0.0,0.0,0.0
2024-06-03 00:00:00-04:00,60.40999984741211,60.65999984741211,60.08000183105469,60.279998779296875,16400,0.0,0.0,0.0
2024-06-04 00:00:00-04:00,59.970001220703125,59.97999954223633,59.63999938964844,59.779998779296875,17500,0.0,0.0,0.0
2024-06-05 00:00:00-04:00,59.880001068115234,60.02000045776367,59.72999954223633,59.95000076293945,14200,0.0,0.0,0.0
2024-06-06 00:00:00-04:00,60.0,60.33000183105469,59.91999816894531,60.130001068115234,4300,0.0,0.0,0.0
2024-06-07 00:00:00-04:00,59.33000183105469,59.36000061035156,58.9900016784668,58.9900016784668,1600,0.0,0.0,0.0
2024-06-10 00:00:00-04:00,58.720001220703125,59.15999984741211,58.720001220703125,59.130001068115234,8800,0.0,0.0,0.0
2024-06-11 00:00:00-04:00,56.970001220703125,57.27000045776367,56.970001220703125,57.27000045776367,3800,0.0,0.0,0.0
2024-06-12 00:00:00-04:00,58.36000061035156,58.45000076293945,58.06999969482422,58.06999969482422,4400,0.0,0.0,0.0
2024-06-13 00:00:00-04:00,57.06999969482422,57.06999969482422,56.619998931884766,57.029998779296875,2800,0.0,0.0,0.0
2024-06-14 00:00:00-04:00,55.86000061035156,56.04999923706055,55.58000183105469,55.90999984741211,6700,0.0,0.0,0.0
2024-06-17 00:00:00-04:00,56.09000015258789,56.560001373291016,55.93000030517578,56.560001373291016,4100,0.0,0.0,0.0
2024-06-18 00:00:00-04:00,56.52000045776367,56.869998931884766,56.52000045776367,56.869998931884766,1700,0.0,0.0,0.0
2024-06-20 00:00:00-04:00,56.79999923706055,57.02000045776367,56.79999923706055,57.02000045776367,14600,0.0,0.0,0.0
2024-06-21 00:00:00-04:00,56.36000061035156,56.560001373291016,56.15999984741211,56.22999954223633,24100,0.0,0.0,0.0
2024-06-24 00:00:00-04:00,57.02000045776367,57.310001373291016,56.95000076293945,57.2400016784668,5800,0.0,0.0,0.0
2024-06-25 00:00:00-04:00,56.38999938964844,56.47999954223633,56.38999938964844,56.40999984741211,1300,0.0,0.0,0.0
2024-06-26 00:00:00-04:00,55.7599983215332,56.02000045776367,55.7599983215332,55.880001068115234,4000,0.0,0.0,0.0
2024-06-27 00:00:00-04:00,56.099998474121094,56.11000061035156,56.099998474121094,56.11000061035156,700,0.0,0.0,0.0
2024-06-28 00:00:00-04:00,55.88999938964844,56.0,55.70000076293945,55.90999984741211,7500,0.0,0.0,0.0
2024-07-01 00:00:00-04:00,56.45000076293945,56.45000076293945,55.9900016784668,56.38999938964844,1700,0.0,0.0,0.0
2024-07-02 00:00:00-04:00,56.060001373291016,56.290000915527344,56.060001373291016,56.150001525878906,1500,0.0,0.0,0.0
2024-07-03 00:00:00-04:00,56.79999923706055,57.22999954223633,56.79999923706055,57.22999954223633,1700,0.0,0.0,0.0
2024-07-05 00:00:00-04:00,58.13999938964844,58.18000030517578,57.599998474121094,58.18000030517578,8200,0.0,0.0,0.0
2024-07-08 00:00:00-04:00,58.040000915527344,58.040000915527344,57.66999816894531,57.66999816894531,3100,0.0,0.0,0.0
2024-07-09 00:00:00-04:00,57.40999984741211,57.40999984741211,57.189998626708984,57.189998626708984,600,0.0,0.0,0.0
2024-07-10 00:00:00-04:00,57.72999954223633,58.189998626708984,57.58000183105469,58.15999984741211,16500,0.0,0.0,0.0
2024-07-11 00:00:00-04:00,58.4900016784668,58.79999923706055,58.4900016784668,58.52000045776367,10200,0.0,0.0,0.0
2024-07-12 00:00:00-04:00,59.310001373291016,59.31999969482422,59.040000915527344,59.040000915527344,1500,0.0,0.0,0.0
2024-07-15 00:00:00-04:00,58.7400016784668,58.90999984741211,58.27000045776367,58.4900016784668,17000,0.0,0.0,0.0
2024-07-16 00:00:00-04:00,58.59000015258789,59.31999969482422,58.59000015258789,59.290000915527344,3100,0.0,0.0,0.0
2024-07-17 00:00:00-04:00,59.150001525878906,59.150001525878906,58.81999969482422,59.08000183105469,2000,0.0,0.0,0.0
2024-07-18 00:00:00-04:00,59.04999923706055,59.04999923706055,58.720001220703125,58.9900016784668,1000,0.0,0.0,0.0
2024-07-19 00:00:00-04:00,58.599998474121094,58.599998474121094,58.2599983215332,58.279998779296875,11100,0.0,0.0,0.0
2024-07-22 00:00:00-04:00,58.810001373291016,59.13999938964844,58.630001068115234,59.0099983215332,4600,0.0,0.0,0.0
2024-07-23 00:00:00-04:00,58.56999969482422,58.56999969482422,58.2599983215332,58.2599983215332,2800,0.0,0.0,0.0
2024-07-24 00:00:00-04:00,58.43000030517578,58.43000030517578,57.900001525878906,58.119998931884766,10900,0.0,0.0,0.0
2024-07-25 00:00:00-04:00,57.529998779296875,57.68000030517578,57.4900016784668,57.68000030517578,20600,0.0,0.0,0.0
2024-07-26 00:00:00-04:00,58.31999969482422,58.86000061035156,58.31999969482422,58.86000061035156,13000,0.0,0.0,0.0
2024-07-29 00:00:00-04:00,58.310001373291016,58.38999938964844,58.11000061035156,58.11000061035156,3000,0.0,0.0,0.0
2024-07-30 00:00:00-04:00,58.5099983215332,58.689998626708984,58.38999938964844,58.689998626708984,4800,0.0,0.0,0.0
2024-07-31 00:00:00-04:00,58.95000076293945,59.150001525878906,58.79999923706055,58.79999923706055,17100,0.0,0.0,0.0
2024-08-01 00:00:00-04:00,58.619998931884766,58.619998931884766,57.15999984741211,57.5099983215332,2800,0.0,0.0,0.0
2024-08-02 00:00:00-04:00,56.779998779296875,57.18000030517578,56.779998779296875,57.18000030517578,1100,0.0,0.0,0.0
2024-08-05 00:00:00-04:00,54.849998474121094,55.56999969482422,54.66999816894531,55.56999969482422,6400,0.0,0.0,0.0
2024-08-06 00:00:00-04:00,55.04999923706055,55.790000915527344,55.04999923706055,55.72999954223633,3700,0.0,0.0,0.0
2024-08-07 00:00:00-04:00,56.650001525878906,56.65999984741211,55.689998626708984,55.689998626708984,2800,0.0,0.0,0.0
2024-08-08 00:00:00-04:00,55.849998474121094,56.34000015258789,55.83000183105469,56.189998626708984,2500,0.0,0.0,0.0
2024-08-09 00:00:00-04:00,56.470001220703125,56.75,56.470001220703125,56.75,1400,0.0,0.0,0.0
